Workbook

Sheet TOTAL
A1: Site Name | B1: Day | C1: Month | D1: Year | E1: Total Electricity Kwh | F1: Electricity Tariff ($/Kwh) | G1: Natual Gas (m3) | H1: Natural Gas $/m3 | I1: Water Utility Supply (m3) m3 | J1: Water Utility Supply (m3) $/m3 | K1: Room Nights | L1: Total Guests
A2: Hampshire | B2: 1 | C2: 2 | D2: 2022 | E2: =(Submetering!E2+Submetering!F2) -> 4828 | F2: 0.35 | G2: =Submetering!M2 -> 2784 | H2: 0.6 | I2: =Submetering!N2 -> 62 | J2: 2.06 | K2: ='Hampshire Daily'!B5 -> 30 | L2: ='Hampshire Daily'!C5 -> 42
A3: Hampshire | B3: =B2+1 -> 2 | C3: 2 | D3: 2022 | E3: =Submetering!E3+Submetering!F3 -> 5522 | F3: 0.35 | G3: =Submetering!M3 -> 2355 | H3: 0.6 | I3: =Submetering!N3 -> 59 | J3: 2.06 | K3: ='Hampshire Daily'!B6 -> 45 | L3: ='Hampshire Daily'!C6 -> 70
A4: Hampshire | B4: =B3+1 -> 3 | C4: 2 | D4: 2022 | E4: =Submetering!E4+Submetering!F4 -> 4351 | F4: 0.35 | G4: =Submetering!M4 -> 2376 | H4: 0.6 | I4: =Submetering!N4 -> 64 | J4: 2.06 | K4: ='Hampshire Daily'!B7 -> 12 | L4: ='Hampshire Daily'!C7 -> 28
A5: Hampshire | B5: =B4+1 -> 4 | C5: 2 | D5: 2022 | E5: =Submetering!E5+Submetering!F5 -> 3658 | F5: 0.35 | G5: =Submetering!M5 -> 2438 | H5: 0.6 | I5: =Submetering!N5 -> 65 | J5: 2.06 | K5: ='Hampshire Daily'!B8 -> 34 | L5: ='Hampshire Daily'!C8 -> 69
A6: Hampshire | B6: =B5+1 -> 5 | C6: 2 | D6: 2022 | E6: =Submetering!E6+Submetering!F6 -> 4658 | F6: 0.35 | G6: =Submetering!M6 -> 2796 | H6: 0.6 | I6: =Submetering!N6 -> 65 | J6: 2.06 | K6: ='Hampshire Daily'!B9 -> 102 | L6: ='Hampshire Daily'!C9 -> 183
A7: Hampshire | B7: =B6+1 -> 6 | C7: 2 | D7: 2022 | E7: =Submetering!E7+Submetering!F7 -> 5854 | F7: 0.35 | G7: =Submetering!M7 -> 2579 | H7: 0.6 | I7: =Submetering!N7 -> 80.5 | J7: 2.06 | K7: ='Hampshire Daily'!B10 -> 18 | L7: ='Hampshire Daily'!C10 -> 41
A8: Hampshire | B8: =B7+1 -> 7 | C8: 2 | D8: 2022 | E8: =Submetering!E8+Submetering!F8 -> 3667 | F8: 0.35 | G8: =Submetering!M8 -> 2656 | H8: 0.6 | I8: =Submetering!N8 -> 80.5 | J8: 2.06 | K8: ='Hampshire Daily'!B11 -> 27 | L8: ='Hampshire Daily'!C11 -> 39
A9: Hampshire | B9: =B8+1 -> 8 | C9: 2 | D9: 2022 | E9: =Submetering!E9+Submetering!F9 -> 4190 | F9: 0.35 | G9: =Submetering!M9 -> 2572 | H9: 0.6 | I9: =Submetering!N9 -> 58 | J9: 2.06 | K9: ='Hampshire Daily'!B12 -> 40 | L9: ='Hampshire Daily'!C12 -> 57
A10: Hampshire | B10: =B9+1 -> 9 | C10: 2 | D10: 2022 | E10: =Submetering!E10+Submetering!F10 -> 4190 | F10: 0.35 | G10: =Submetering!M10 -> 2572 | H10: 0.6 | I10: =Submetering!N10 -> 35 | J10: 2.06 | K10: ='Hampshire Daily'!B13 -> 14 | L10: ='Hampshire Daily'!C13 -> 23
A11: Hampshire | B11: =B10+1 -> 10 | C11: 2 | D11: 2022 | E11: =Submetering!E11+Submetering!F11 -> 3980 | F11: 0.35 | G11: =Submetering!M11 -> 2841 | H11: 0.6 | I11: =Submetering!N11 -> 90 | J11: 2.06 | K11: ='Hampshire Daily'!B14 -> 13 | L11: ='Hampshire Daily'!C14 -> 23
A12: Hampshire | B12: =B11+1 -> 11 | C12: 2 | D12: 2022 | E12: =Submetering!E12+Submetering!F12 -> 4379 | F12: 0.35 | G12: =Submetering!M12 -> 3395 | H12: 0.6 | I12: =Submetering!N12 -> 51 | J12: 2.06 | K12: ='Hampshire Daily'!B15 -> 25 | L12: ='Hampshire Daily'!C15 -> 42
A13: Hampshire | B13: =B12+1 -> 12 | C13: 2 | D13: 2022 | E13: =Submetering!E13+Submetering!F13 -> 4303 | F13: 0.35 | G13: =Submetering!M13 -> 3045 | H13: 0.6 | I13: =Submetering!N13 -> 60 | J13: 2.06 | K13: ='Hampshire Daily'!B16 -> 65 | L13: ='Hampshire Daily'!C16 -> 111
A14: Hampshire | B14: =B13+1 -> 13 | C14: 2 | D14: 2022 | E14: =Submetering!E14+Submetering!F14 -> 5685 | F14: 0.35 | G14: =Submetering!M14 -> 3174 | H14: 0.6 | I14: =Submetering!N14 -> 80 | J14: 2.06 | K14: ='Hampshire Daily'!B17 -> 55 | L14: ='Hampshire Daily'!C17 -> 92
... A29: Hampshire | B29: =B28+1 -> 28 | C29: 2 | D29: 2022 | E29: =Submetering!E29+Submetering!F29 -> 6433 | F29: 0.35 | G29: =Submetering!M29 -> 3106 | H29: 0.6 | I29: =Submetering!N29 -> 71 | J29: 2.06 | K29: ='Hampshire Daily'!B32 -> 71 | L29: ='Hampshire Daily'!C32 -> 82

Sheet Submetering
A1: Site Name | B1: Day | C1: Month | D1: Year | E1: Meter 1- KWh | F1: Meter 2- KWh | G1: East MCC- KWh | H1: South MCC 1- KWh | I1: South MCC 2- KWh | J1: West MCC- KWh | K1: Kitchen - KWh | L1: SPA - KWh | M1: Gas- KWh | N1: Main Site Water Meter - m3 | O1: Chiller 2- m3 | P1: Chiller 3- m3 | Q1: Chiller 4- m3 | R1: Hard Water Supply- m3 | S1: Pool Supply- m3 | T1: LTHW SPA- m3 | U1: LTHW East- m3 | V1: Chilled make-up- m3 | W1: Orchard irrigation | X1: Kids Pool | Y1: Room Nights | Z1: Total Guests
A2: Hampshire | B2: 1 | C2: 2 | D2: 2022 | E2: ='Hampshire Daily'!D5-'Hampshire Daily'!D4 -> 2412 | F2: ='Hampshire Daily'!E5-'Hampshire Daily'!E4 -> 2416 | G2: ='Hampshire Daily'!H5-'Hampshire Daily'!H4 -> 816 | H2: ='Hampshire Daily'!I5-'Hampshire Daily'!I4 -> 0 | I2: ='Hampshire Daily'!J5-'Hampshire Daily'!J4 -> 0 | J2: ='Hampshire Daily'!K5-'Hampshire Daily'!K4 -> 0 | K2: ='Hampshire Daily'!L5-'Hampshire Daily'!L4 -> 937 | L2: ='Hampshire Daily'!M5-'Hampshire Daily'!M4 -> 2 | M2: ='Hampshire Daily'!N5-'Hampshire Daily'!N4 -> 2784 | N2: ='Hampshire Daily'!O5-'Hampshire Daily'!O4 -> 62 | ... X2: ='Hampshire Daily'!Y5-'Hampshire Daily'!Y4 -> 0 | Y2: ='Hampshire Daily'!B5 -> 30 | Z2: ='Hampshire Daily'!C5 -> 42
A3: Hampshire | B3: =B2+1 -> 2 | C3: 2 | D3: 2022 | E3: ='Hampshire Daily'!D6-'Hampshire Daily'!D5 -> 2759 | F3: ='Hampshire Daily'!E6-'Hampshire Daily'!E5 -> 2763 | G3: ='Hampshire Daily'!H6-'Hampshire Daily'!H5 -> 773 | H3: ='Hampshire Daily'!I6-'Hampshire Daily'!I5 -> 4550.4074 | I3: ='Hampshire Daily'!J6-'Hampshire Daily'!J5 -> 455.37037 | J3: ='Hampshire Daily'!K6-'Hampshire Daily'!K5 -> 4381.8738 | K3: ='Hampshire Daily'!L6-'Hampshire Daily'!L5 -> 907 | L3: ='Hampshire Daily'!M6-'Hampshire Daily'!M5 -> 20 | M3: ='Hampshire Daily'!N6-'Hampshire Daily'!N5 -> 2355 | N3: ='Hampshire Daily'!O6-'Hampshire Daily'!O5 -> 59 | ... X3: ='Hampshire Daily'!Y6-'Hampshire Daily'!Y5 -> 0 | Y3: ='Hampshire Daily'!B6 -> 45 | Z3: ='Hampshire Daily'!C6 -> 70
A4: Hampshire | B4: =B3+1 -> 3 | C4: 2 | D4: 2022 | E4: ='Hampshire Daily'!D7-'Hampshire Daily'!D6 -> 2174 | F4: ='Hampshire Daily'!E7-'Hampshire Daily'!E6 -> 2177 | G4: ='Hampshire Daily'!H7-'Hampshire Daily'!H6 -> 765 | H4: ='Hampshire Daily'!I7-'Hampshire Daily'!I6 -> 4550.4074 | I4: ='Hampshire Daily'!J7-'Hampshire Daily'!J6 -> 455.37037 | J4: ='Hampshire Daily'!K7-'Hampshire Daily'!K6 -> 4381.8738 | K4: ='Hampshire Daily'!L7-'Hampshire Daily'!L6 -> 1073.6667 | L4: ='Hampshire Daily'!M7-'Hampshire Daily'!M6 -> 1 | M4: ='Hampshire Daily'!N7-'Hampshire Daily'!N6 -> 2376 | N4: ='Hampshire Daily'!O7-'Hampshire Daily'!O6 -> 64 | ... X4: ='Hampshire Daily'!Y7-'Hampshire Daily'!Y6 -> 0 | Y4: ='Hampshire Daily'!B7 -> 12 | Z4: ='Hampshire Daily'!C7 -> 28
A5: Hampshire | B5: =B4+1 -> 4 | C5: 2 | D5: 2022 | E5: ='Hampshire Daily'!D8-'Hampshire Daily'!D7 -> 1827 | F5: ='Hampshire Daily'!E8-'Hampshire Daily'!E7 -> 1831 | G5: ='Hampshire Daily'!H8-'Hampshire Daily'!H7 -> 782 | H5: ='Hampshire Daily'!I8-'Hampshire Daily'!I7 -> 4550.4074 | I5: ='Hampshire Daily'!J8-'Hampshire Daily'!J7 -> 455.37037 | J5: ='Hampshire Daily'!K8-'Hampshire Daily'!K7 -> 4381.8738 | K5: ='Hampshire Daily'!L8-'Hampshire Daily'!L7 -> 1122.7778 | L5: ='Hampshire Daily'!M8-'Hampshire Daily'!M7 -> 0 | M5: ='Hampshire Daily'!N8-'Hampshire Daily'!N7 -> 2438 | N5: ='Hampshire Daily'!O8-'Hampshire Daily'!O7 -> 65 | ... X5: ='Hampshire Daily'!Y8-'Hampshire Daily'!Y7 -> 0 | Y5: ='Hampshire Daily'!B8 -> 34 | Z5: ='Hampshire Daily'!C8 -> 69
A6: Hampshire | B6: =B5+1 -> 5 | C6: 2 | D6: 2022 | E6: ='Hampshire Daily'!D9-'Hampshire Daily'!D8 -> 2327 | F6: ='Hampshire Daily'!E9-'Hampshire Daily'!E8 -> 2331 | G6: ='Hampshire Daily'!H9-'Hampshire Daily'!H8 -> 873 | H6: ='Hampshire Daily'!I9-'Hampshire Daily'!I8 -> 4550.4074 | I6: ='Hampshire Daily'!J9-'Hampshire Daily'!J8 -> 455.37037 | J6: ='Hampshire Daily'!K9-'Hampshire Daily'!K8 -> 4381.8738 | K6: ='Hampshire Daily'!L9-'Hampshire Daily'!L8 -> 1024.5556 | L6: ='Hampshire Daily'!M9-'Hampshire Daily'!M8 -> 0 | M6: ='Hampshire Daily'!N9-'Hampshire Daily'!N8 -> 2796 | N6: ='Hampshire Daily'!O9-'Hampshire Daily'!O8 -> 65 | ... X6: ='Hampshire Daily'!Y9-'Hampshire Daily'!Y8 -> 0 | Y6: ='Hampshire Daily'!B9 -> 102 | Z6: ='Hampshire Daily'!C9 -> 183
A7: Hampshire | B7: =B6+1 -> 6 | C7: 2 | D7: 2022 | E7: ='Hampshire Daily'!D10-'Hampshire Daily'!D9 -> 2925 | F7: ='Hampshire Daily'!E10-'Hampshire Daily'!E9 -> 2929 | G7: ='Hampshire Daily'!H10-'Hampshire Daily'!H9 -> 816 | H7: ='Hampshire Daily'!I10-'Hampshire Daily'!I9 -> 4550.4074 | I7: ='Hampshire Daily'!J10-'Hampshire Daily'!J9 -> 455.37037 | J7: ='Hampshire Daily'!K10-'Hampshire Daily'!K9 -> 4381.8738 | K7: ='Hampshire Daily'!L10-'Hampshire Daily'!L9 -> 1221 | L7: ='Hampshire Daily'!M10-'Hampshire Daily'!M9 -> 1 | M7: ='Hampshire Daily'!N10-'Hampshire Daily'!N9 -> 2579 | N7: ='Hampshire Daily'!O10-'Hampshire Daily'!O9 -> 80.5 | ... X7: ='Hampshire Daily'!Y10-'Hampshire Daily'!Y9 -> 0 | Y7: ='Hampshire Daily'!B10 -> 18 | Z7: ='Hampshire Daily'!C10 -> 41
A8: Hampshire | B8: =B7+1 -> 7 | C8: 2 | D8: 2022 | E8: ='Hampshire Daily'!D11-'Hampshire Daily'!D10 -> 1832 | F8: ='Hampshire Daily'!E11-'Hampshire Daily'!E10 -> 1835 | G8: ='Hampshire Daily'!H11-'Hampshire Daily'!H10 -> 810 | H8: ='Hampshire Daily'!I11-'Hampshire Daily'!I10 -> 4550.4074 | I8: ='Hampshire Daily'!J11-'Hampshire Daily'!J10 -> 455.37037 | J8: ='Hampshire Daily'!K11-'Hampshire Daily'!K10 -> 4381.8738 | K8: ='Hampshire Daily'!L11-'Hampshire Daily'!L10 -> 455.37037 | L8: ='Hampshire Daily'!M11-'Hampshire Daily'!M10 -> 1 | M8: ='Hampshire Daily'!N11-'Hampshire Daily'!N10 -> 2656 | N8: ='Hampshire Daily'!O11-'Hampshire Daily'!O10 -> 80.5 | ... X8: ='Hampshire Daily'!Y11-'Hampshire Daily'!Y10 -> 0 | Y8: ='Hampshire Daily'!B11 -> 27 | Z8: ='Hampshire Daily'!C11 -> 39
A9: Hampshire | B9: =B8+1 -> 8 | C9: 2 | D9: 2022 | E9: ='Hampshire Daily'!D12-'Hampshire Daily'!D11 -> 2093.5 | F9: ='Hampshire Daily'!E12-'Hampshire Daily'!E11 -> 2096.5 | G9: ='Hampshire Daily'!H12-'Hampshire Daily'!H11 -> 506 | H9: ='Hampshire Daily'!I12-'Hampshire Daily'!I11 -> 4550.4074 | I9: ='Hampshire Daily'!J12-'Hampshire Daily'!J11 -> 455.37037 | J9: ='Hampshire Daily'!K12-'Hampshire Daily'!K11 -> 4381.8738 | K9: ='Hampshire Daily'!L12-'Hampshire Daily'!L11 -> 455.37037 | L9: ='Hampshire Daily'!M12-'Hampshire Daily'!M11 -> 0 | M9: ='Hampshire Daily'!N12-'Hampshire Daily'!N11 -> 2572 | N9: ='Hampshire Daily'!O12-'Hampshire Daily'!O11 -> 58 | ... X9: ='Hampshire Daily'!Y12-'Hampshire Daily'!Y11 -> 0 | Y9: ='Hampshire Daily'!B12 -> 40 | Z9: ='Hampshire Daily'!C12 -> 57
A10: Hampshire | B10: =B9+1 -> 9 | C10: 2 | D10: 2022 | E10: ='Hampshire Daily'!D13-'Hampshire Daily'!D12 -> 2093.5 | F10: ='Hampshire Daily'!E13-'Hampshire Daily'!E12 -> 2096.5 | G10: ='Hampshire Daily'!H13-'Hampshire Daily'!H12 -> 506 | H10: ='Hampshire Daily'!I13-'Hampshire Daily'!I12 -> 4550.4074 | I10: ='Hampshire Daily'!J13-'Hampshire Daily'!J12 -> 455.37037 | J10: ='Hampshire Daily'!K13-'Hampshire Daily'!K12 -> 4381.8738 | K10: ='Hampshire Daily'!L13-'Hampshire Daily'!L12 -> 455.37037 | L10: ='Hampshire Daily'!M13-'Hampshire Daily'!M12 -> 25 | M10: ='Hampshire Daily'!N13-'Hampshire Daily'!N12 -> 2572 | N10: ='Hampshire Daily'!O13-'Hampshire Daily'!O12 -> 35 | ... X10: ='Hampshire Daily'!Y13-'Hampshire Daily'!Y12 -> 0.117 | Y10: ='Hampshire Daily'!B13 -> 14 | Z10: ='Hampshire Daily'!C13 -> 23
A11: Hampshire | B11: =B10+1 -> 10 | C11: 2 | D11: 2022 | E11: ='Hampshire Daily'!D14-'Hampshire Daily'!D13 -> 1988 | F11: ='Hampshire Daily'!E14-'Hampshire Daily'!E13 -> 1992 | G11: ='Hampshire Daily'!H14-'Hampshire Daily'!H13 -> 0 | H11: ='Hampshire Daily'!I14-'Hampshire Daily'!I13 -> 4550.4074 | I11: ='Hampshire Daily'!J14-'Hampshire Daily'!J13 -> 455.37037 | J11: ='Hampshire Daily'!K14-'Hampshire Daily'!K13 -> 4381.8738 | K11: ='Hampshire Daily'!L14-'Hampshire Daily'!L13 -> 455.37037 | L11: ='Hampshire Daily'!M14-'Hampshire Daily'!M13 -> 0 | M11: ='Hampshire Daily'!N14-'Hampshire Daily'!N13 -> 2841 | N11: ='Hampshire Daily'!O14-'Hampshire Daily'!O13 -> 90 | ... X11: ='Hampshire Daily'!Y14-'Hampshire Daily'!Y13 -> 2.023 | Y11: ='Hampshire Daily'!B14 -> 13 | Z11: ='Hampshire Daily'!C14 -> 23
A12: Hampshire | B12: =B11+1 -> 11 | C12: 2 | D12: 2022 | E12: ='Hampshire Daily'!D15-'Hampshire Daily'!D14 -> 2188 | F12: ='Hampshire Daily'!E15-'Hampshire Daily'!E14 -> 2191 | G12: ='Hampshire Daily'!H15-'Hampshire Daily'!H14 -> 0 | H12: ='Hampshire Daily'!I15-'Hampshire Daily'!I14 -> 4550.4074 | I12: ='Hampshire Daily'!J15-'Hampshire Daily'!J14 -> 455.37037 | J12: ='Hampshire Daily'!K15-'Hampshire Daily'!K14 -> 4381.8738 | K12: ='Hampshire Daily'!L15-'Hampshire Daily'!L14 -> 455.37037 | L12: ='Hampshire Daily'!M15-'Hampshire Daily'!M14 -> 0 | M12: ='Hampshire Daily'!N15-'Hampshire Daily'!N14 -> 3395 | N12: ='Hampshire Daily'!O15-'Hampshire Daily'!O14 -> 51 | ... X12: ='Hampshire Daily'!Y15-'Hampshire Daily'!Y14 -> -1.962 | Y12: ='Hampshire Daily'!B15 -> 25 | Z12: ='Hampshire Daily'!C15 -> 42
A13: Hampshire | B13: =B12+1 -> 12 | C13: 2 | D13: 2022 | E13: ='Hampshire Daily'!D16-'Hampshire Daily'!D15 -> 2149 | F13: ='Hampshire Daily'!E16-'Hampshire Daily'!E15 -> 2154 | G13: ='Hampshire Daily'!H16-'Hampshire Daily'!H15 -> 0 | H13: ='Hampshire Daily'!I16-'Hampshire Daily'!I15 -> 4550.4074 | I13: ='Hampshire Daily'!J16-'Hampshire Daily'!J15 -> 455.37037 | J13: ='Hampshire Daily'!K16-'Hampshire Daily'!K15 -> 4381.8738 | K13: ='Hampshire Daily'!L16-'Hampshire Daily'!L15 -> 455.37037 | L13: ='Hampshire Daily'!M16-'Hampshire Daily'!M15 -> 0 | M13: ='Hampshire Daily'!N16-'Hampshire Daily'!N15 -> 3045 | N13: ='Hampshire Daily'!O16-'Hampshire Daily'!O15 -> 60 | ... X13: ='Hampshire Daily'!Y16-'Hampshire Daily'!Y15 -> 0.007 | Y13: ='Hampshire Daily'!B16 -> 65 | Z13: ='Hampshire Daily'!C16 -> 111
A14: Hampshire | B14: =B13+1 -> 13 | C14: 2 | D14: 2022 | E14: ='Hampshire Daily'!D17-'Hampshire Daily'!D16 -> 2840 | F14: ='Hampshire Daily'!E17-'Hampshire Daily'!E16 -> 2845 | G14: ='Hampshire Daily'!H17-'Hampshire Daily'!H16 -> 0 | H14: ='Hampshire Daily'!I17-'Hampshire Daily'!I16 -> 4550.4074 | I14: ='Hampshire Daily'!J17-'Hampshire Daily'!J16 -> 455.37037 | J14: ='Hampshire Daily'!K17-'Hampshire Daily'!K16 -> 4381.8738 | K14: ='Hampshire Daily'!L17-'Hampshire Daily'!L16 -> 455.37037 | L14: ='Hampshire Daily'!M17-'Hampshire Daily'!M16 -> 1 | M14: ='Hampshire Daily'!N17-'Hampshire Daily'!N16 -> 3174 | N14: ='Hampshire Daily'!O17-'Hampshire Daily'!O16 -> 80 | ... X14: ='Hampshire Daily'!Y17-'Hampshire Daily'!Y16 -> 0.043 | Y14: ='Hampshire Daily'!B17 -> 55 | Z14: ='Hampshire Daily'!C17 -> 92
... A29: Hampshire | B29: =B28+1 -> 28 | C29: 2 | D29: 2022 | E29: ='Hampshire Daily'!D32-'Hampshire Daily'!D31 -> 3214 | F29: ='Hampshire Daily'!E32-'Hampshire Daily'!E31 -> 3219 | G29: ='Hampshire Daily'!H32-'Hampshire Daily'!H31 -> 0 | H29: ='Hampshire Daily'!I32-'Hampshire Daily'!I31 -> -63517.593 | I29: ='Hampshire Daily'!J32-'Hampshire Daily'!J31 -> -11774.63 | J29: ='Hampshire Daily'!K32-'Hampshire Daily'!K31 -> -41762.719 | K29: ='Hampshire Daily'!L32-'Hampshire Daily'!L31 -> 1089 | L29: ='Hampshire Daily'!M32-'Hampshire Daily'!M31 -> 0 | M29: ='Hampshire Daily'!N32-'Hampshire Daily'!N31 -> 3106 | N29: ='Hampshire Daily'!O32-'Hampshire Daily'!O31 -> 71 | ... X29: ='Hampshire Daily'!Y32-'Hampshire Daily'!Y31 -> 0.024 | Y29: ='Hampshire Daily'!B32 -> 71 | Z29: ='Hampshire Daily'!C32 -> 82

Sheet Hampshire Daily
D1: Electrical | N1: Gas | O1: Main Site Water Meter | S1: Water Softener Meter | U1: Hard Water Supply | V1: Pool Supply | W1: LTHW Spa | X1: LTHW East | Y1: Chilled make-up | Z1: Orchard irrigation | AA1: Kids pool | AB1: 42 | AC1: 41
B2: Room Night | C2: Guest | D2: Meter 1 | E2: Check 1 | F2: Meter 2 | G2: Check 2 | H2: East MCC | I2: South MCC 1 | J2: South MCC 2 | K2: West MCC | L2: Kitchen sub meter | M2: Spa electric | P2: Chiller | Q2: Chiller | R2: Chiller | AB2: Spa CHP Electric generated | AC2: East CHP Electric generated
P3: 2 | Q3: 3 | R3: 4
A4: 44592 | B4: 35 | C4: 48 | D4: 1195089 | E4: 1196976 | F4: 1240855 | G4: 1239585 | H4: 297152 | I4: 7561191 | J4: 32807 | K4: 5648877 | L4: 963692 | M4: 2647967 | N4: 1559129 | O4: 384616 | P4: 1537793 | Q4: 1163 | R4: 612220 | S4: 348216 | T4: 51395 | U4: 53214 | V4: 31136 | W4: 490.331 | X4: 967.779 | Y4: 3890.049 | AA4: 2953 | AB4: 2910 | AC4: 0
A5: 44593 | B5: 30 | C5: 42 | D5: 1197501 | E5: 1199392 | F5: 1246666 | G5: 1245390 | H5: 297968 | I5: 7561191 | J5: 32807 | K5: 5648877 | L5: 964629 | M5: 2647969 | N5: 1561913 | O5: 384678 | P5: 1538194 | Q5: 1163 | R5: 612540 | S5: 348245 | T5: 51433 | U5: 53223 | V5: 31138 | W5: 490.331 | X5: 967.963 | Y5: 3890.049 | AA5: 2916 | AB5: 2860 | AC5: 0
A6: 44594 | B6: 45 | C6: 70 | D6: 1200260 | E6: 1202155 | F6: 1251630 | G6: 1250348 | H6: 298741 | I6: =(($G$31-$G$4)/27)+I5 -> 7565741.4 | J6: =(($H$31-$H$4)/27)+J5 -> 33262.37 | K6: =(($I$31-$I$4)/27)+K5 -> 5653258.9 | L6: 965536 | M6: 2647989 | N6: 1564268 | O6: 384737 | P6: 1538194 | Q6: 1163 | R6: 613316 | S6: 348270 | T6: 51462 | U6: 53232 | V6: 31139 | W6: 490.331 | X6: 968.201 | Y6: 3890.049 | AA6: 2970 | AB6: 2920 | AC6: 0
A7: 44595 | B7: 12 | C7: 28 | D7: 1202434 | E7: 1204332 | F7: 1257619 | G7: 1256332 | H7: 299506 | I7: =(($G$31-$G$4)/27)+I6 -> 7570291.8 | J7: =(($H$31-$H$4)/27)+J6 -> 33717.741 | K7: =(($I$31-$I$4)/27)+K6 -> 5657640.7 | L7: =((L9-L6)/3)+L6 -> 966609.67 | M7: 2647990 | N7: 1566644 | O7: 384801 | P7: 1538725 | Q7: 1163 | R7: 613542 | S7: 348291 | T7: 51500 | U7: 53241 | V7: 31140 | W7: 490.331 | X7: 968.427 | Y7: 3890.049 | AA7: 2974 | AB7: 2880 | AC7: 0
A8: 44596 | B8: 34 | C8: 69 | D8: 1204261 | E8: 1206163 | F8: 1264029 | G8: 1262735 | H8: 300288 | I8: =(($G$31-$G$4)/27)+I7 -> 7574842.2 | J8: =(($H$31-$H$4)/27)+J7 -> 34173.111 | K8: =(($I$31-$I$4)/27)+K7 -> 5662022.6 | L8: =((L10-L7)/3)+L7 -> 967732.44 | M8: 2647990 | N8: 1569082 | O8: =((O9-O7)/2)+O7 -> 384866 | P8: 1539444 | Q8: 1163 | R8: 613542 | S8: 348311 | T8: 51532 | U8: 53251 | V8: 31141 | W8: 490.331 | X8: 968.643 | Y8: 3890.049 | AA8: 2978 | AB8: 2860 | AC8: 0
A9: 44597 | B9: 102 | C9: 183 | D9: 1206588 | E9: 1208494 | F9: 1269794 | G9: 1268496 | H9: 301161 | I9: =(($G$31-$G$4)/27)+I8 -> 7579392.6 | J9: =(($H$31-$H$4)/27)+J8 -> 34628.481 | K9: =(($I$31-$I$4)/27)+K8 -> 5666404.5 | L9: 968757 | M9: 2647990 | N9: 1571878 | O9: 384931 | P9: 1539706 | Q9: 1163 | R9: 613856 | S9: 348337 | T9: 51568 | U9: 53261 | V9: 31142 | W9: 490.331 | X9: 968.763 | Y9: 3890.049 | AA9: 2982 | AB9: 2920 | AC9: 0
A10: 44598 | B10: 18 | C10: 41 | D10: 1209513 | E10: 1211423 | F10: 12751941 | G10: 1273888 | H10: 301977 | I10: =(($G$31-$G$4)/27)+I9 -> 7583943 | J10: =(($H$31-$H$4)/27)+J9 -> 35083.852 | K10: =(($I$31-$I$4)/27)+K9 -> 5670786.4 | L10: 969978 | M10: 2647991 | N10: 1574457 | O10: =((O11-O9)/2)+O9 -> 385011.5 | P10: =((P11-P9)/2)+P9 -> 1540040 | Q10: =((Q11-Q9)/2)+Q9 -> 1163 | R10: =((R11-R9)/2)+R9 -> 614221 | S10: 348379 | T10: 51622 | U10: 53270 | V10: 31143 | W10: 490.331 | X10: 968.982 | Y10: 3890.049 | AA10: 2988 | AB10: 2920 | AC10: 0
A11: 44599 | B11: 27 | C11: 39 | D11: 1211345 | E11: 1213258 | F11: 1281586 | G11: 1280274 | H11: 302787 | I11: =(($G$31-$G$4)/27)+I10 -> 7588493.4 | J11: =(($H$31-$H$4)/27)+J10 -> 35539.222 | K11: =(($I$31-$I$4)/27)+K10 -> 5675168.2 | L11: =(($J$18-$J$9)/9)+L10 -> 970433.37 | M11: 2647992 | N11: 1577113 | O11: 385092 | P11: 1540374 | Q11: 1163 | R11: 614586 | S11: 348416 | T11: 51667 | U11: 53280 | V11: 31155 | W11: 490.331 | X11: 969.213 | Y11: 3890.049 | AA11: 2993 | AB11: 2920 | AC11: 0
A12: 44600 | B12: 40 | C12: 57 | D12: =((D13-D11)/2)+D11 -> 1213438.5 | E12: =((E13-E11)/2)+E11 -> 1215354.5 | F12: =((F13-F11)/2)+F11 -> 1286641 | G12: =((G13-G11)/2)+G11 -> 1285323.5 | H12: =((H13-H11)/2)+H11 -> 303293 | I12: =(($G$31-$G$4)/27)+I11 -> 7593043.9 | J12: =(($H$31-$H$4)/27)+J11 -> 35994.593 | K12: =(($I$31-$I$4)/27)+K11 -> 5679550.1 | L12: =(($J$18-$J$9)/9)+L11 -> 970888.74 | M12: 2647992 | N12: =((N13-N11)/2)+N11 -> 1579685 | O12: 385150 | P12: =((P13-P11)/2)+P11 -> 1541090.5 | Q12: =((Q13-Q11)/2)+Q11 -> 1163 | R12: =((R13-R11)/2)+R11 -> 614596.5 | S12: 348444 | T12: 51700 | U12: 53289 | V12: 31155 | W12: 490.331 | X12: 969.454 | Y12: 3890.049 | AA12: =((AA13-AA11)/2)+AA11 -> 2998 | AB12: 2820 | AC12: 1500
A13: 44601 | B13: 14 | C13: 23 | D13: 1215532 | E13: 1217451 | F13: 1291696 | G13: 1290373 | H13: 303799 | I13: =(($G$31-$G$4)/27)+I12 -> 7597594.3 | J13: =(($H$31-$H$4)/27)+J12 -> 36449.963 | K13: =(($I$31-$I$4)/27)+K12 -> 5683932 | L13: =(($J$18-$J$9)/9)+L12 -> 971344.11 | M13: 2648017 | N13: 1582257 | O13: 385185 | P13: 1541807 | Q13: 1163 | R13: 614607 | S13: 348468 | T13: 51733 | U13: 53298 | V13: 31156 | W13: 490.331 | X13: 969.593 | Y13: 3890.166 | AA13: 3003 | AB13: 2900 | AC13: =24*149 -> 3576
A14: 44602 | B14: 13 | C14: 23 | D14: 1217520 | E14: 1219443 | F14: 1294722 | G14: 1293396 | H14: 303799 | I14: =(($G$31-$G$4)/27)+I13 -> 7602144.7 | J14: =(($H$31-$H$4)/27)+J13 -> 36905.333 | K14: =(($I$31-$I$4)/27)+K13 -> 5688313.9 | L14: =(($J$18-$J$9)/9)+L13 -> 971799.48 | M14: 2648017 | N14: 1585098 | O14: 385275 | P14: 1542555 | Q14: 1163 | R14: 614607 | S14: 348495 | T14: 51765 | U14: 53307 | V14: 31157 | W14: 490.331 | X14: 969.717 | Y14: 3892.189 | AA14: 3013 | AB14: 2870 | AC14: =15.5*149 -> 2309.5
A15: 44603 | B15: 25 | C15: 42 | D15: 1219708 | E15: 1221634 | F15: 1297409 | G15: 1296080 | H15: 303799 | I15: =(($G$31-$G$4)/27)+I14 -> 7606695.1 | J15: =(($H$31-$H$4)/27)+J14 -> 37360.704 | K15: =(($I$31-$I$4)/27)+K14 -> 5692695.7 | L15: =(($J$18-$J$9)/9)+L14 -> 972254.85 | M15: 2648017 | N15: 1588493 | O15: 385326 | P15: 1542987 | Q15: 1163 | R15: 614607 | S15: 348514 | T15: 51795 | U15: 53316 | V15: 31158 | W15: 490.331 | X15: 969.904 | Y15: 3890.227 | AA15: 3018 | AB15: 2930 | AC15: =2.5*149 -> 372.5
A16: 44604 | B16: 65 | C16: 111 | D16: 1221857 | E16: 1223788 | F16: 1299209 | G16: 1297878 | H16: 303799 | I16: =(($G$31-$G$4)/27)+I15 -> 7611245.5 | J16: =(($H$31-$H$4)/27)+J15 -> 37816.074 | K16: =(($I$31-$I$4)/27)+K15 -> 5697077.6 | L16: =(($J$18-$J$9)/9)+L15 -> 972710.22 | M16: 2648017 | N16: 1591538 | O16: 385386 | P16: 1542987 | Q16: 1163 | R16: 615206 | S16: 348540 | T16: 51828 | U16: 53324 | V16: 31160 | W16: 490.331 | X16: 970.086 | Y16: 3890.234 | AA16: 3022 | AB16: 2910 | AC16: =149*24 -> 3576
A17: 44605 | B17: 55 | C17: 92 | D17: 1224697 | E17: 1226633 | F17: 1301267 | G17: 1299933 | H17: 303799 | I17: =(($G$31-$G$4)/27)+I16 -> 7615795.9 | J17: =(($H$31-$H$4)/27)+J16 -> 38271.444 | K17: =(($I$31-$I$4)/27)+K16 -> 5701459.5 | L17: =(($J$18-$J$9)/9)+L16 -> 973165.59 | M17: 2648018 | N17: 1594712 | O17: 385466 | P17: 1542987 | Q17: 1163 | R17: 615928 | S17: 348579 | T17: 51873 | U17: 53334 | V17: 31161 | W17: 490.331 | X17: 970.246 | Y17: 3890.277 | AA17: 3045 | AB17: 2920 | AC17: =147*24 -> 3528
A18: 44606 | B18: 67 | C18: 106 | D18: 1227440 | E18: 1229381 | F18: 1303662 | G18: 1302326 | H18: 303799 | I18: =(($G$31-$G$4)/27)+I17 -> 7620346.3 | J18: =(($H$31-$H$4)/27)+J17 -> 38726.815 | K18: =(($I$31-$I$4)/27)+K17 -> 5705841.4 | L18: =(($J$18-$J$9)/9)+L17 -> 973620.96 | M18: 2648019 | N18: 1598017 | O18: 385555 | P18: 1542987 | Q18: 1163 | R18: 616718 | S18: 348631 | T18: 51932 | U18: 53344 | V18: 31167 | W18: 490.331 | X18: 970.414 | Y18: 3890.309 | AA18: 3051 | AB18: 2920 | AC18: =146*24 -> 3504
A19: 44607 | B19: 63 | C19: 104 | D19: 1229943 | E19: 1231888 | F19: 1305764 | G19: 1304426 | H19: 303799 | I19: =(($G$31-$G$4)/27)+I18 -> 7624896.7 | J19: =(($H$31-$H$4)/27)+J18 -> 39182.185 | K19: =(($I$31-$I$4)/27)+K18 -> 5710223.2 | L19: 980191 | M19: 2648019 | N19: 1601027 | O19: 385647 | P19: 1542987 | Q19: 1163 | R19: 617416 | S19: 348682 | T19: 51989 | U19: 53355 | V19: 31167 | W19: 490.331 | X19: 970.557 | Y19: 3890.338 | AA19: 3058 | AB19: 2890 | AC19: =(11*146)+(11.5*148) -> 3308
A20: 44608 | B20: 70 | C20: 109 | D20: 1232758 | E20: 1234707 | F20: =((F21-F19)/2)+F19 -> 1310232 | G20: =((G21-G19)/2)+G19 -> 1308890 | H20: 303851 | I20: =(($G$31-$G$4)/27)+I19 -> 7629447.1 | J20: =(($H$31-$H$4)/27)+J19 -> 39637.556 | K20: =(($I$31-$I$4)/27)+K19 -> 5714605.1 | L20: 981548 | M20: 2648033 | N20: 1603975 | O20: 385730 | P20: 1524987 | Q20: 1163 | R20: 618183 | S20: 348733 | T20: 52046 | U20: 53368 | V20: 31169 | W20: 490.331 | X20: 970.693 | Y20: 3890.373 | AA20: 3063 | AB20: 2670 | AC20: =8*144 -> 1152
A21: 44609 | B21: 67 | C21: 133 | D21: 1235953 | E21: 1237908 | F21: 1314700 | G21: 1313354 | H21: 304515 | I21: =(($G$31-$G$4)/27)+I20 -> 7633997.5 | J21: =(($H$31-$H$4)/27)+J20 -> 40092.926 | K21: =(($I$31-$I$4)/27)+K20 -> 5718987 | L21: 982699 | M21: 2648268 | N21: 1606242 | O21: 385823 | P21: 1543725 | Q21: 1163 | R21: 618208 | S21: 348781 | T21: 52101 | U21: 53378 | V21: 31170 | W21: 490.331 | X21: 970.914 | Y21: 3890.385 | AA21: 3069 | AB21: 1900 | AC21: 0
A22: 44610 | B22: 74 | C22: 137 | D22: 1237687 | E22: 1239645 | F22: 1321301 | G22: 1319948 | H22: 305245 | I22: =(($G$31-$G$4)/27)+I21 -> 7638547.9 | J22: =(($H$31-$H$4)/27)+J21 -> 40548.296 | K22: =(($I$31-$I$4)/27)+K21 -> 5723368.9 | L22: =((L23-L21)/2)+L21 -> 984114 | M22: 2648276 | N22: 1608645 | O22: =((O23-O21)/2)+O21 -> 385908 | P22: 1544468 | Q22: 1163 | R22: 618208 | S22: 348825 | T22: 52157 | U22: 53389 | V22: 31171 | W22: 490.331 | X22: 971.166 | Y22: 3890.412 | AA22: 3076 | AB22: 1140 | AC22: 0
A23: 44611 | B23: 78 | C23: 136 | D23: 1240971 | E23: 1242934 | F23: 1328756 | G23: 1327956 | H23: 305970 | I23: =(($G$31-$G$4)/27)+I22 -> 7643098.3 | J23: =(($H$31-$H$4)/27)+J22 -> 41003.667 | K23: =(($I$31-$I$4)/27)+K22 -> 5727750.7 | L23: 985529 | M23: 2648972 | N23: 1611020 | O23: 385993 | P23: 1544855 | Q23: 1163 | R23: 618546 | S23: 348881 | T23: 52222 | U23: 53401 | V23: 31172 | W23: 490.331 | X23: 971.394 | Y23: 3890.439 | AA23: 3082 | AB23: 0 | AC23: 0
A24: 44612 | B24: 25 | C24: 52 | D24: 1245928 | E24: 1247899 | F24: 1334179 | G24: 1332813 | H24: 306688 | I24: =(($G$31-$G$4)/27)+I23 -> 7647648.7 | J24: =(($H$31-$H$4)/27)+J23 -> 41459.037 | K24: =(($I$31-$I$4)/27)+K23 -> 5732132.6 | L24: 986808 | M24: 2649753 | N24: 1613100 | O24: 386111 | P24: 1544855 | Q24: 1163 | R24: 619268 | S24: 348935 | T24: 52286 | U24: 53412 | V24: 31173 | W24: 490.331 | X24: 971.603 | Y24: 3890.455 | AA24: 3090 | AB24: 0 | AC24: 0
A25: 44613 | B25: 49 | C25: 78 | D25: 1250678 | E25: 1252657 | F25: 1339742 | G25: 1338370 | H25: 307563 | I25: =(($G$31-$G$4)/27)+I24 -> 7652199.1 | J25: =(($H$31-$H$4)/27)+J24 -> 41914.407 | K25: =(($I$31-$I$4)/27)+K24 -> 5736514.5 | L25: =(($J$29-$J$23)/6)+L24 -> 987263.37 | M25: 2650449 | N25: 1615218 | O25: =((O26-O24)/2)+O24 -> 386179.5 | P25: 1544944 | Q25: 1163 | R25: 619870 | S25: 348976 | T25: 52338 | U25: 53421 | V25: 31174 | W25: 490.331 | X25: 971.763 | Y25: 3890.477 | AA25: 3096 | AB25: 0 | AC25: 0
A26: 44614 | B26: 97 | C26: 131 | D26: 1255780 | E26: 1257766 | F26: 1346566 | G26: 1345187 | H26: 308421 | I26: =(($G$31-$G$4)/27)+I25 -> 7656749.6 | J26: =(($H$31-$H$4)/27)+J25 -> 42369.778 | K26: =(($I$31-$I$4)/27)+K25 -> 5740896.3 | L26: =(($J$29-$J$23)/6)+L25 -> 987718.74 | M26: 2651246 | N26: 1617433 | O26: 386248 | P26: 1545693 | Q26: 1163 | R26: 619911 | S26: 349010 | T26: 52382 | U26: 53430 | V26: 31175 | W26: 490.331 | X26: 971.959 | Y26: 3890.508 | AA26: 3105 | AB26: 1630 | AC26: 0
A27: 44615 | B27: 88 | C27: 113 | D27: 1258594 | E27: 1260584 | F27: 1353609 | G27: 1352223 | H27: 309278 | I27: =(($G$31-$G$4)/27)+I26 -> 7661300 | J27: =(($H$31-$H$4)/27)+J26 -> 42825.148 | K27: =(($I$31-$I$4)/27)+K26 -> 5745278.2 | L27: =(($J$29-$J$23)/6)+L26 -> 988174.11 | M27: 2651375 | N27: 1620180 | O27: =(($M$29-$M$25)/4)+O26 -> 386480 | P27: 1546425 | Q27: 1163 | R27: 619911 | S27: 349063 | T27: 52439 | U27: 53440 | V27: 31178 | W27: 490.331 | X27: 972.155 | Y27: 3890.534 | AA27: 3111 | AB27: 2920 | AC27: =11.5*149 -> 1713.5
A28: 44616 | B28: 48 | C28: 77 | D28: 1261108 | E28: 1263102 | F28: 1357143 | G28: 1355753 | H28: 309447 | I28: =(($G$31-$G$4)/27)+I27 -> 7665850.4 | J28: =(($H$31-$H$4)/27)+J27 -> 43280.519 | K28: =(($I$31-$I$4)/27)+K27 -> 5749660.1 | L28: =(($J$29-$J$23)/6)+L27 -> 988629.48 | M28: 2651376 | N28: 1623061 | O28: =(($M$29-$M$25)/4)+O27 -> 386712 | P28: 1546953 | Q28: 1163 | R28: 620112 | S28: 349104 | T28: 52486 | U28: 53448 | V28: 31179 | W28: 490.331 | X28: 972.254 | Y28: 3890.553 | AA28: 3116 | AB28: 2920 | AC28: =148*24 -> 3552
A29: 44617 | B29: 35 | C29: 66 | D29: 1263947 | E29: 1265947 | F29: 1359426 | G29: 1358033 | H29: 309447 | I29: =(($G$31-$G$4)/27)+I28 -> 7670400.8 | J29: =(($H$31-$H$4)/27)+J28 -> 43735.889 | K29: =(($I$31-$I$4)/27)+K28 -> 5754042 | L29: =(($J$29-$J$23)/6)+L28 -> 989084.85 | M29: 2651377 | N29: 1626523 | O29: =(($M$29-$M$25)/4)+O28 -> 386944 | P29: 1546953 | Q29: 1163 | R29: 620426 | S29: 349150 | T29: 52540 | U29: 53456 | V29: 31181 | W29: 490.331 | X29: 972.404 | Y29: 3890.563 | AA29: 3121 | AB29: 2890 | AC29: 3600
A30: 44618 | B30: 49 | C30: 94 | D30: 1266755 | E30: 1268759 | F30: 1361612 | G30: 1360217 | H30: 309447 | I30: =(($G$31-$G$4)/27)+I29 -> 7674951.2 | J30: =(($H$31-$H$4)/27)+J29 -> 44191.259 | K30: =(($I$31-$I$4)/27)+K29 -> 5758423.8 | L30: 993947 | M30: 2651377 | N30: 1629663 | O30: 386552 | P30: 1546953 | Q30: 1163 | R30: 621160 | S30: 349183 | T30: 32582 | U30: 53465 | V30: 31183 | W30: 490.331 | X30: 972.507 | Y30: 3890.619 | AA30: 3126 | AB30: 2920 | AC30: 3600
A31: 44619 | B31: 36 | C31: 52 | D31: 1269400 | E31: 1271408 | F31: 1363844 | G31: 1362446 | H31: 309447 | I31: =(($G$31-$G$4)/27)+I30 -> 7679501.6 | J31: =(($H$31-$H$4)/27)+J30 -> 44646.63 | K31: =(($I$31-$I$4)/27)+K30 -> 5762805.7 | L31: 995118 | M31: 2651378 | N31: 1632811 | O31: 386622 | P31: 1546953 | Q31: 1163 | R31: 621709 | S31: 349220 | T31: 52624 | U31: 53473 | V31: 31185 | W31: 490.331 | X31: 972.619 | Y31: 3890.647 | AA31: 3134 | AB31: 2920 | AC31: 3600
A32: 44620 | B32: 71 | C32: 82 | D32: 1272614 | E32: 1274627 | F32: 1365985 | G32: 1364586 | H32: 309447 | I32: 7615984 | J32: 32872 | K32: 5721043 | L32: 996207 | M32: 2651378 | N32: 1635917 | O32: 386693 | P32: 1546953 | Q32: 1163 | R32: 622473 | S32: 349257 | T32: 52666 | U32: 53481 | V32: 31186 | W32: 490.331 | X32: 972.734 | Y32: 3890.671 | AA32: 3143 | AB32: 2930 | AC32: =8.5*150 -> 1275
