Workbook

Sheet TOTAL
A1: Site Name | B1: Day | C1: Month | D1: Year | E1: Total Electricity Kwh | F1: Electricity Tariff ($/Kwh) | G1: LPG (Kg) | H1: LPG $/Kg | I1: Water Utility Supply (m3) m3 | J1: Water Utility Supply (m3) $/m3 | K1: Room Nights | L1: Food Covers
A2: Maldives at Landaa Giraavaru | B2: 1 | C2: 2 | D2: 2022 | E2: ='Maldives at LG Daily'!D5 -> 5659000 | F2: 0.93 | G2: ='Maldives at LG Daily'!F5 -> 315 | H2: 1.24 | I2: ='Maldives at LG Daily'!H5 -> 468 | J2: 2.16 | K2: ='Maldives at LG Daily'!I5 -> 60 | L2: ='Maldives at LG Daily'!J5 -> 487
A3: Maldives at Landaa Giraavaru | B3: =B2+1 -> 2 | C3: 2 | D3: 2022 | E3: ='Maldives at LG Daily'!D6 -> 29643 | F3: 0.93 | G3: ='Maldives at LG Daily'!F6 -> 0 | H3: 1.24 | I3: ='Maldives at LG Daily'!H6 -> 447 | J3: 2.16 | K3: ='Maldives at LG Daily'!I6 -> 0 | L3: ='Maldives at LG Daily'!J6 -> 0
A4: Maldives at Landaa Giraavaru | B4: =B3+1 -> 3 | C4: 2 | D4: 2022 | E4: ='Maldives at LG Daily'!D7 -> 0 | F4: 0.93 | G4: ='Maldives at LG Daily'!F7 -> 0 | H4: 1.24 | I4: ='Maldives at LG Daily'!H7 -> 416 | J4: 2.16 | K4: ='Maldives at LG Daily'!I7 -> 0 | L4: ='Maldives at LG Daily'!J7 -> 0
A5: Maldives at Landaa Giraavaru | B5: =B4+1 -> 4 | C5: 2 | D5: 2022 | E5: ='Maldives at LG Daily'!D8 -> 0 | F5: 0.93 | G5: ='Maldives at LG Daily'!F8 -> 0 | H5: 1.24 | I5: ='Maldives at LG Daily'!H8 -> 0 | J5: 2.16 | K5: ='Maldives at LG Daily'!I8 -> 0 | L5: ='Maldives at LG Daily'!J8 -> 0
A6: Maldives at Landaa Giraavaru | B6: =B5+1 -> 5 | C6: 2 | D6: 2022 | E6: ='Maldives at LG Daily'!D9 -> 0 | F6: 0.93 | G6: ='Maldives at LG Daily'!F9 -> 0 | H6: 1.24 | I6: ='Maldives at LG Daily'!H9 -> 0 | J6: 2.16 | K6: ='Maldives at LG Daily'!I9 -> 0 | L6: ='Maldives at LG Daily'!J9 -> 0
A7: Maldives at Landaa Giraavaru | B7: =B6+1 -> 6 | C7: 2 | D7: 2022 | E7: ='Maldives at LG Daily'!D10 -> 0 | F7: 0.93 | G7: ='Maldives at LG Daily'!F10 -> 0 | H7: 1.24 | I7: ='Maldives at LG Daily'!H10 -> 0 | J7: 2.16 | K7: ='Maldives at LG Daily'!I10 -> 0 | L7: ='Maldives at LG Daily'!J10 -> 0
A8: Maldives at Landaa Giraavaru | B8: =B7+1 -> 7 | C8: 2 | D8: 2022 | E8: ='Maldives at LG Daily'!D11 -> 0 | F8: 0.93 | G8: ='Maldives at LG Daily'!F11 -> 0 | H8: 1.24 | I8: ='Maldives at LG Daily'!H11 -> 0 | J8: 2.16 | K8: ='Maldives at LG Daily'!I11 -> 0 | L8: ='Maldives at LG Daily'!J11 -> 0
A9: Maldives at Landaa Giraavaru | B9: =B8+1 -> 8 | C9: 2 | D9: 2022 | E9: ='Maldives at LG Daily'!D12 -> 0 | F9: 0.93 | G9: ='Maldives at LG Daily'!F12 -> 0 | H9: 1.24 | I9: ='Maldives at LG Daily'!H12 -> 0 | J9: 2.16 | K9: ='Maldives at LG Daily'!I12 -> 0 | L9: ='Maldives at LG Daily'!J12 -> 0
A10: Maldives at Landaa Giraavaru | B10: =B9+1 -> 9 | C10: 2 | D10: 2022 | E10: ='Maldives at LG Daily'!D13 -> 0 | F10: 0.93 | G10: ='Maldives at LG Daily'!F13 -> 0 | H10: 1.24 | I10: ='Maldives at LG Daily'!H13 -> 0 | J10: 2.16 | K10: ='Maldives at LG Daily'!I13 -> 0 | L10: ='Maldives at LG Daily'!J13 -> 0
A11: Maldives at Landaa Giraavaru | B11: =B10+1 -> 10 | C11: 2 | D11: 2022 | E11: ='Maldives at LG Daily'!D14 -> 0 | F11: 0.93 | G11: ='Maldives at LG Daily'!F14 -> 0 | H11: 1.24 | I11: ='Maldives at LG Daily'!H14 -> 0 | J11: 2.16 | K11: ='Maldives at LG Daily'!I14 -> 0 | L11: ='Maldives at LG Daily'!J14 -> 0
A12: Maldives at Landaa Giraavaru | B12: =B11+1 -> 11 | C12: 2 | D12: 2022 | E12: ='Maldives at LG Daily'!D15 -> 0 | F12: 0.93 | G12: ='Maldives at LG Daily'!F15 -> 0 | H12: 1.24 | I12: ='Maldives at LG Daily'!H15 -> 0 | J12: 2.16 | K12: ='Maldives at LG Daily'!I15 -> 0 | L12: ='Maldives at LG Daily'!J15 -> 0
A13: Maldives at Landaa Giraavaru | B13: =B12+1 -> 12 | C13: 2 | D13: 2022 | E13: ='Maldives at LG Daily'!D16 -> 0 | F13: 0.93 | G13: ='Maldives at LG Daily'!F16 -> 0 | H13: 1.24 | I13: ='Maldives at LG Daily'!H16 -> 0 | J13: 2.16 | K13: ='Maldives at LG Daily'!I16 -> 0 | L13: ='Maldives at LG Daily'!J16 -> 0
A14: Maldives at Landaa Giraavaru | B14: =B13+1 -> 13 | C14: 2 | D14: 2022 | E14: ='Maldives at LG Daily'!D17 -> 0 | F14: 0.93 | G14: ='Maldives at LG Daily'!F17 -> 0 | H14: 1.24 | I14: ='Maldives at LG Daily'!H17 -> 0 | J14: 2.16 | K14: ='Maldives at LG Daily'!I17 -> 0 | L14: ='Maldives at LG Daily'!J17 -> 0
... A30: Maldives at Landaa Giraavaru | B30: =B29+1 -> 29 | C30: 2 | D30: 2022 | E30: ='Maldives at LG Daily'!D33 -> 0 | F30: 0.93 | G30: ='Maldives at LG Daily'!F33 -> 0 | H30: 1.24 | I30: ='Maldives at LG Daily'!H33 -> 0 | J30: 2.16 | K30: ='Maldives at LG Daily'!I33 -> 0 | L30: ='Maldives at LG Daily'!J33 -> 0
A31: Maldives at Landaa Giraavaru | B31: 30 | C31: 2 | D31: 2022 | E31: ='Maldives at LG Daily'!D34 -> 0 | F31: 0.93 | G31: ='Maldives at LG Daily'!F34 -> 0 | H31: 1.24 | I31: ='Maldives at LG Daily'!H34 -> 0 | J31: 2.16 | K31: ='Maldives at LG Daily'!I34 -> 0 | L31: ='Maldives at LG Daily'!J34 -> 0
A32: Maldives at Landaa Giraavaru | B32: 31 | C32: 2 | D32: 2022 | E32: ='Maldives at LG Daily'!D35 -> 0 | F32: 0.93 | G32: ='Maldives at LG Daily'!F35 -> 0 | H32: 1.24 | I32: ='Maldives at LG Daily'!H35 -> 0 | J32: 2.16 | K32: ='Maldives at LG Daily'!I35 -> 0 | L32: ='Maldives at LG Daily'!J35 -> 0

Sheet Maldives at LG Daily
A2: Days | C2: Electricity Meter (KWh) | E2: Gas Kg | G2: Water m3
A3: Date | C3: Reading KWH | D3: Difference KWH | E3: Reading Kg | F3: Difference Kg | G3: Reading m³ | H3: Daily Consumption m³ | I3: ROOM NIGHTS | J3: Total Food Covers
A4: 44592 | C4: ='[1]Maldives at LG Daily'!$C$35 -> 92090395 | D4: 26752 | E4: ='Gas-2'!G5 -> 0 | F4: 90 | G4: =SUM(WATER!G6,WATER!L6,WATER!Q6,WATER!B6) -> 1067002 | H4: 423 | I4: 58 | J4: 498
A5: =A4+1 -> 44593 | C5: =SUM('GENSET #1'!C10+'GENSET #2'!C10+'GENSET #3'!C10+'GENSET #4'!C10+'GENSET #5'!C10) -> 97749395 | D5: =IF((C5-C4<0), "0",C5-C4) -> 5659000 | E5: ='Gas-2'!G6 -> 315 | F5: =IF((E5-E4<0), "0",E5-E4) -> 315 | G5: =SUM(WATER!C6,WATER!H6,WATER!M6,WATER!R6) -> 1067470 | H5: =IF((G5-G4<0), "0",G5-G4) -> 468 | I5: 60 | J5: 487
A6: =A5+1 -> 44594 | C6: =SUM('GENSET #1'!C11+'GENSET #2'!C11+'GENSET #3'!C11+'GENSET #4'!C11+'GENSET #5'!C11) -> 97779038 | D6: =IF((C6-C5<0), "0",C6-C5) -> 29643 | E6: ='Gas-2'!G7 -> 0 | F6: =IF((E6-E5<0), "0",E6-E5) -> 0 | G6: =SUM(WATER!C7,WATER!H7,WATER!M7,WATER!R7) -> 1067917 | H6: =IF((G6-G5<0), "0",G6-G5) -> 447
A7: =A6+1 -> 44595 | C7: =SUM('GENSET #1'!C12+'GENSET #2'!C12+'GENSET #3'!C12+'GENSET #4'!C12+'GENSET #5'!C12) -> 0 | D7: =IF((C7-C6<0), "0",C7-C6) -> 0 | E7: ='Gas-2'!G8 -> 0 | F7: =IF((E7-E6<0), "0",E7-E6) -> 0 | G7: =SUM(WATER!C8,WATER!H8,WATER!M8,WATER!R8) -> 1068333 | H7: =IF((G7-G6<0), "0",G7-G6) -> 416
A8: =A7+1 -> 44596 | C8: =SUM('GENSET #1'!C13+'GENSET #2'!C13+'GENSET #3'!C13+'GENSET #4'!C13+'GENSET #5'!C13) -> 0 | D8: =IF((C8-C7<0), "0",C8-C7) -> 0 | E8: ='Gas-2'!G9 -> 0 | F8: =IF((E8-E7<0), "0",E8-E7) -> 0 | G8: =SUM(WATER!C9,WATER!H9,WATER!M9,WATER!R9) -> 0 | H8: =IF((G8-G7<0), "0",G8-G7) -> 0
A9: =A8+1 -> 44597 | C9: =SUM('GENSET #1'!C14+'GENSET #2'!C14+'GENSET #3'!C14+'GENSET #4'!C14+'GENSET #5'!C14) -> 0 | D9: =IF((C9-C8<0), "0",C9-C8) -> 0 | E9: ='Gas-2'!G10 -> 0 | F9: =IF((E9-E8<0), "0",E9-E8) -> 0 | G9: =SUM(WATER!C10,WATER!H10,WATER!M10,WATER!R10) -> 0 | H9: =IF((G9-G8<0), "0",G9-G8) -> 0
A10: =A9+1 -> 44598 | C10: =SUM('GENSET #1'!C15+'GENSET #2'!C15+'GENSET #3'!C15+'GENSET #4'!C15+'GENSET #5'!C15) -> 0 | D10: =IF((C10-C9<0), "0",C10-C9) -> 0 | E10: ='Gas-2'!G11 -> 0 | F10: =IF((E10-E9<0), "0",E10-E9) -> 0 | G10: =SUM(WATER!C11,WATER!H11,WATER!M11,WATER!R11) -> 0 | H10: =IF((G10-G9<0), "0",G10-G9) -> 0
A11: =A10+1 -> 44599 | C11: =SUM('GENSET #1'!C16+'GENSET #2'!C16+'GENSET #3'!C16+'GENSET #4'!C16+'GENSET #5'!C16) -> 0 | D11: =IF((C11-C10<0), "0",C11-C10) -> 0 | E11: ='Gas-2'!G12 -> 0 | F11: =IF((E11-E10<0), "0",E11-E10) -> 0 | G11: =SUM(WATER!C12,WATER!H12,WATER!M12,WATER!R12) -> 0 | H11: =IF((G11-G10<0), "0",G11-G10) -> 0
A12: =A11+1 -> 44600 | C12: =SUM('GENSET #1'!C17+'GENSET #2'!C17+'GENSET #3'!C17+'GENSET #4'!C17+'GENSET #5'!C17) -> 0 | D12: =IF((C12-C11<0), "0",C12-C11) -> 0 | E12: ='Gas-2'!G13 -> 0 | F12: =IF((E12-E11<0), "0",E12-E11) -> 0 | G12: =SUM(WATER!C13,WATER!H13,WATER!M13,WATER!R13) -> 0 | H12: =IF((G12-G11<0), "0",G12-G11) -> 0
A13: =A12+1 -> 44601 | C13: =SUM('GENSET #1'!C18+'GENSET #2'!C18+'GENSET #3'!C18+'GENSET #4'!C18+'GENSET #5'!C18) -> 0 | D13: =IF((C13-C12<0), "0",C13-C12) -> 0 | E13: ='Gas-2'!G14 -> 0 | F13: =IF((E13-E12<0), "0",E13-E12) -> 0 | G13: =SUM(WATER!C14,WATER!H14,WATER!M14,WATER!R14) -> 0 | H13: =IF((G13-G12<0), "0",G13-G12) -> 0
A14: =A13+1 -> 44602 | C14: =SUM('GENSET #1'!C19+'GENSET #2'!C19+'GENSET #3'!C19+'GENSET #4'!C19+'GENSET #5'!C19) -> 0 | D14: =IF((C14-C13<0), "0",C14-C13) -> 0 | E14: ='Gas-2'!G15 -> 0 | F14: =IF((E14-E13<0), "0",E14-E13) -> 0 | G14: =SUM(WATER!C15,WATER!H15,WATER!M15,WATER!R15) -> 0 | H14: =IF((G14-G13<0), "0",G14-G13) -> 0
A15: =A14+1 -> 44603 | C15: =SUM('GENSET #1'!C20+'GENSET #2'!C20+'GENSET #3'!C20+'GENSET #4'!C20+'GENSET #5'!C20) -> 0 | D15: =IF((C15-C14<0), "0",C15-C14) -> 0 | E15: ='Gas-2'!G16 -> 0 | F15: =IF((E15-E14<0), "0",E15-E14) -> 0 | G15: =SUM(WATER!C16,WATER!H16,WATER!M16,WATER!R16) -> 0 | H15: =IF((G15-G14<0), "0",G15-G14) -> 0
A16: =A15+1 -> 44604 | C16: =SUM('GENSET #1'!C21+'GENSET #2'!C21+'GENSET #3'!C21+'GENSET #4'!C21+'GENSET #5'!C21) -> 0 | D16: =IF((C16-C15<0), "0",C16-C15) -> 0 | E16: ='Gas-2'!G17 -> 0 | F16: =IF((E16-E15<0), "0",E16-E15) -> 0 | G16: =SUM(WATER!C17,WATER!H17,WATER!M17,WATER!R17) -> 0 | H16: =IF((G16-G15<0), "0",G16-G15) -> 0
A17: =A16+1 -> 44605 | C17: =SUM('GENSET #1'!C22+'GENSET #2'!C22+'GENSET #3'!C22+'GENSET #4'!C22+'GENSET #5'!C22) -> 0 | D17: =IF((C17-C16<0), "0",C17-C16) -> 0 | E17: ='Gas-2'!G18 -> 0 | F17: =IF((E17-E16<0), "0",E17-E16) -> 0 | G17: =SUM(WATER!C18,WATER!H18,WATER!M18,WATER!R18) -> 0 | H17: =IF((G17-G16<0), "0",G17-G16) -> 0
... A35: =A34+1 -> 44623 | C35: =SUM('GENSET #1'!C40+'GENSET #2'!C40+'GENSET #3'!C40+'GENSET #4'!C40+'GENSET #5'!C40) -> 0 | D35: =IF((C35-C34<0), "0",C35-C34) -> 0 | E35: ='Gas-2'!G36 -> 0 | F35: =IF((E35-E34<0), "0",E35-E34) -> 0 | G35: =SUM(WATER!C36,WATER!H36,WATER!M36,WATER!R36) -> 0 | H35: =IF((G35-G34<0), "0",G35-G34) -> 0

Sheet Finance Only
A1: Four Seasons Landaa Giraavaru
A3: Property | B3: MLG | G3: 44470 | H3: =NOW() -> 44623.374 | J3: =H3-G3 -> 153.37412
A4: Month | B4: MARCH
A5: Year | B5: 2022
A7: DAY | B7: Electricity Consumption ( kwh) | C7: Diesel Consumption (Liters) | D7: Solar Power Consumption(kwh) | E7: Gas Consumption (kg) | F7: Water Consumption ( m3) | G7: Occupancy | H7: Weather | I7: Ambian Temperature | J7: Electricity Variance (Today vs Yesterday)
A8: 1 | B8: =SUM('GENSET #1:GENSET #5'!D10) -> 29703 | C8: ='Diesel consumption'!D5 -> 8260 | D8: ='SOLAR METER READING'!D9 -> 3176 | E8: ='Gas-2'!G6 -> 315 | F8: =WATER!V6 -> 468 | G8: =WATER!W6 -> 60 | H8: ='SOLAR METER READING'!E9 -> Sunny | I8: ='SOLAR METER READING'!F9 -> 29
A9: 2 | B9: =SUM('GENSET #1:GENSET #5'!D11) -> 29643 | C9: ='Diesel consumption'!D6 -> 8340 | D9: ='SOLAR METER READING'!D10 -> 3043 | E9: ='Gas-2'!G7 -> 0 | F9: =WATER!V7 -> 447 | G9: =WATER!W7 -> 0 | H9: ='SOLAR METER READING'!E10 -> Sunny | I9: ='SOLAR METER READING'!F10 -> 29 | J9: =B9-B8 -> -60
A10: 3 | B10: =SUM('GENSET #1:GENSET #5'!D12) -> 0 | C10: ='Diesel consumption'!D7 -> 0 | D10: ='SOLAR METER READING'!D11 -> 0 | E10: ='Gas-2'!G8 -> 0 | F10: =WATER!V8 -> 416 | G10: =WATER!W8 -> 0 | H10: ='SOLAR METER READING'!E11 -> 0 | I10: ='SOLAR METER READING'!F11 -> 0 | J10: =B10-B9 -> -29643
A11: 4 | B11: =SUM('GENSET #1:GENSET #5'!D13) -> 0 | C11: ='Diesel consumption'!D8 -> 0 | D11: ='SOLAR METER READING'!D12 -> 0 | E11: ='Gas-2'!G9 -> 0 | F11: =WATER!V9 -> 0 | G11: =WATER!W9 -> 0 | H11: ='SOLAR METER READING'!E12 -> 0 | I11: ='SOLAR METER READING'!F12 -> 0 | J11: =B11-B10 -> 0
A12: 5 | B12: =SUM('GENSET #1:GENSET #5'!D14) -> 0 | C12: ='Diesel consumption'!D9 -> 0 | D12: ='SOLAR METER READING'!D13 -> 0 | E12: ='Gas-2'!G10 -> 0 | F12: =WATER!V10 -> 0 | G12: =WATER!W10 -> 0 | H12: ='SOLAR METER READING'!E13 -> 0 | I12: ='SOLAR METER READING'!F13 -> 0 | J12: =B12-B11 -> 0
A13: 6 | B13: =SUM('GENSET #1:GENSET #5'!D15) -> 0 | C13: ='Diesel consumption'!D10 -> 0 | D13: ='SOLAR METER READING'!D14 -> 0 | E13: ='Gas-2'!G11 -> 0 | F13: =WATER!V11 -> 0 | G13: =WATER!W11 -> 0 | H13: ='SOLAR METER READING'!E14 -> 0 | I13: ='SOLAR METER READING'!F14 -> 0 | J13: =B13-B12 -> 0
A14: 7 | B14: =SUM('GENSET #1:GENSET #5'!D16) -> 0 | C14: ='Diesel consumption'!D11 -> 0 | D14: ='SOLAR METER READING'!D15 -> 0 | E14: ='Gas-2'!G12 -> 0 | F14: =WATER!V12 -> 0 | G14: =WATER!W12 -> 0 | H14: ='SOLAR METER READING'!E15 -> 0 | I14: ='SOLAR METER READING'!F15 -> 0 | J14: =B14-B13 -> 0
A15: 8 | B15: =SUM('GENSET #1:GENSET #5'!D17) -> 0 | C15: ='Diesel consumption'!D12 -> 0 | D15: ='SOLAR METER READING'!D16 -> 0 | E15: ='Gas-2'!G13 -> 0 | F15: =WATER!V13 -> 0 | G15: =WATER!W13 -> 0 | H15: ='SOLAR METER READING'!E16 -> 0 | I15: ='SOLAR METER READING'!F16 -> 0 | J15: =B15-B14 -> 0
A16: 9 | B16: =SUM('GENSET #1:GENSET #5'!D18) -> 0 | C16: ='Diesel consumption'!D13 -> 0 | D16: ='SOLAR METER READING'!D17 -> 0 | E16: ='Gas-2'!G14 -> 0 | F16: =WATER!V14 -> 0 | G16: =WATER!W14 -> 0 | H16: ='SOLAR METER READING'!E17 -> 0 | I16: ='SOLAR METER READING'!F17 -> 0 | J16: =B16-B15 -> 0
A17: 10 | B17: =SUM('GENSET #1:GENSET #5'!D19) -> 0 | C17: ='Diesel consumption'!D14 -> 0 | D17: ='SOLAR METER READING'!D18 -> 0 | E17: ='Gas-2'!G15 -> 0 | F17: =WATER!V15 -> 0 | G17: =WATER!W15 -> 0 | H17: ='SOLAR METER READING'!E18 -> 0 | I17: ='SOLAR METER READING'!F18 -> 0 | J17: =B17-B16 -> 0
A18: 11 | B18: =SUM('GENSET #1:GENSET #5'!D20) -> 0 | C18: ='Diesel consumption'!D15 -> 0 | D18: ='SOLAR METER READING'!D19 -> 0 | E18: ='Gas-2'!G16 -> 0 | F18: =WATER!V16 -> 0 | G18: =WATER!W16 -> 0 | H18: ='SOLAR METER READING'!E19 -> 0 | I18: ='SOLAR METER READING'!F19 -> 0 | J18: =B18-B17 -> 0
A19: 12 | B19: =SUM('GENSET #1:GENSET #5'!D21) -> 0 | C19: ='Diesel consumption'!D16 -> 0 | D19: ='SOLAR METER READING'!D20 -> 0 | E19: ='Gas-2'!G17 -> 0 | F19: =WATER!V17 -> 0 | G19: =WATER!W17 -> 0 | H19: ='SOLAR METER READING'!E20 -> 0 | I19: ='SOLAR METER READING'!F20 -> 0 | J19: =B19-B18 -> 0
A20: 13 | B20: =SUM('GENSET #1:GENSET #5'!D22) -> 0 | C20: ='Diesel consumption'!D17 -> 0 | D20: ='SOLAR METER READING'!D21 -> 0 | E20: ='Gas-2'!G18 -> 0 | F20: =WATER!V18 -> 0 | G20: =WATER!W18 -> 0 | H20: ='SOLAR METER READING'!E21 -> 0 | I20: ='SOLAR METER READING'!F21 -> 0 | J20: =B20-B19 -> 0
... A37: 30 | B37: =SUM('GENSET #1:GENSET #5'!D39) -> 0 | C37: ='Diesel consumption'!D34 -> 0 | D37: ='SOLAR METER READING'!D38 -> 0 | E37: ='Gas-2'!G35 -> 0 | F37: =WATER!V35 -> 0 | G37: =WATER!W35 -> 0 | H37: ='SOLAR METER READING'!E38 -> 0 | I37: ='SOLAR METER READING'!F38 -> 0 | J37: =B37-B36 -> 0
A38: 31 | B38: =SUM('GENSET #1:GENSET #5'!D40) -> 0 | C38: ='Diesel consumption'!D35 -> 0 | D38: ='SOLAR METER READING'!D39 -> 0 | E38: ='Gas-2'!G36 -> 0 | F38: =WATER!V36 -> 0 | G38: =WATER!W36 -> 0 | H38: sunny | I38: 29
A39: Total | B39: =SUM(B8:B38) -> 59346 | C39: =SUM(C8:C38) -> 16600 | D39: =SUM(D8:D38) -> 6219 | E39: =SUM(E8:E38) -> 315 | F39: =SUM(F8:F38) -> 1331 | G39: =SUM(G8:G38)/31 -> 1.9354839 | H39: ='SOLAR METER READING'!E40 -> 0 | I39: ='SOLAR METER READING'!F40 -> 0
A40: Avg | B40: =B39/31 -> 1914.3871 | C40: =C39/31 -> 535.48387 | D40: =D39/31 -> 200.6129 | E40: =E39/31 -> 10.16129 | F40: =F39/31 -> 42.935484

Sheet GENSET #1
C1: 1000 KVA
C3: NO#1
A6: 44621
B8: GENSET NO 1
A9: DAY | B9: YESTARDAY | C9: TODAY | D9: Final Electricity Consumption( KWh)
A10: 1 | B10: 18787532 | C10: 18795489 | D10: =MAX(0,C10-B10) -> 7957
A11: 2 | B11: =C10 -> 18795489 | C11: 18806702 | D11: =MAX(0,C11-B11) -> 11213
A12: 3 | B12: =C11 -> 18806702 | D12: =MAX(0,C12-B12) -> 0
A13: 4 | B13: =C12 -> 0 | D13: =MAX(0,C13-B13) -> 0
A14: 5 | B14: =C13 -> 0 | D14: =MAX(0,C14-B14) -> 0
A15: 6 | B15: =C14 -> 0 | D15: =MAX(0,C15-B15) -> 0
A16: 7 | B16: =C15 -> 0 | D16: =MAX(0,C16-B16) -> 0
A17: 8 | B17: =C16 -> 0 | D17: =MAX(0,C17-B17) -> 0
A18: 9 | B18: =C17 -> 0 | D18: =MAX(0,C18-B18) -> 0
A19: 10 | B19: =C18 -> 0 | D19: =MAX(0,C19-B19) -> 0
A20: 11 | B20: =C19 -> 0 | D20: =MAX(0,C20-B20) -> 0
A21: 12 | B21: =C20 -> 0 | D21: =MAX(0,C21-B21) -> 0
A22: 13 | B22: =C21 -> 0 | D22: =MAX(0,C22-B22) -> 0
A23: 14 | B23: =C22 -> 0 | D23: =MAX(0,C23-B23) -> 0
... A38: 29 | B38: =C37 -> 0 | D38: =MAX(0,C38-B38) -> 0
A39: 30 | B39: =C38 -> 0 | D39: =MAX(0,C39-B39) -> 0 | G39: NEW ENGINE PURCHASED FROM UK
A40: 31 | B40: =C39 -> 0 | D40: =MAX(0,C40-B40) -> 0
A41: Total | D41: =SUM(D10:D40) -> 19170 | G41: INSTALLED: NOV 30 2013

Sheet GENSET #2
C1: 1600 KVA
C3: NO#2
A6: ='GENSET #1'!A6 -> 44621
B8: GENSET NO 2
A9: DAY | B9: YESTARDAY | C9: TODAY | D9: Final Electricity Consumption( KW h)
A10: 1 | B10: 32246370 | C10: 32258047 | D10: =MAX(0,C10-B10) -> 11677
A11: 2 | B11: =C10 -> 32258047 | C11: 32269962 | D11: =MAX(0,C11-B11) -> 11915
A12: 3 | B12: =C11 -> 32269962 | D12: =MAX(0,C12-B12) -> 0
A13: 4 | B13: =C12 -> 0 | D13: =MAX(0,C13-B13) -> 0
A14: 5 | B14: =C13 -> 0 | D14: =MAX(0,C14-B14) -> 0
A15: 6 | B15: =C14 -> 0 | D15: =MAX(0,C15-B15) -> 0
A16: 7 | B16: =C15 -> 0 | D16: =MAX(0,C16-B16) -> 0
A17: 8 | B17: =C16 -> 0 | D17: =MAX(0,C17-B17) -> 0
A18: 9 | B18: =C17 -> 0 | D18: =MAX(0,C18-B18) -> 0
A19: 10 | B19: =C18 -> 0 | D19: =MAX(0,C19-B19) -> 0
A20: 11 | B20: =C19 -> 0 | D20: =MAX(0,C20-B20) -> 0
A21: 12 | B21: =C20 -> 0 | D21: =MAX(0,C21-B21) -> 0
A22: 13 | B22: =C21 -> 0 | D22: =MAX(0,C22-B22) -> 0
A23: 14 | B23: =C22 -> 0 | D23: =MAX(0,C23-B23) -> 0
... A40: 31 | B40: =C39 -> 0 | D40: =MAX(0,C40-B40) -> 0
A41: Total | B41: =#REF! -> #REF! | D41: =SUM(D10:D40) -> 23592

Sheet GENSET #3
C1: 900 KVA
C3: NO#3
A6: ='GENSET #2'!A6 -> 44621
B8: GENSET NO 3
A9: DAY | B9: YESTARDAY | C9: TODAY | D9: Final Electricity Consumption( KW h)
A10: 1 | B10: 14572350 | C10: 14572350 | D10: =MAX(0,C10-B10) -> 0
A11: 2 | B11: =C10 -> 14572350 | C11: 14573839 | D11: =MAX(0,C11-B11) -> 1489
A12: 3 | B12: =C11 -> 14573839 | D12: =MAX(0,C12-B12) -> 0
A13: 4 | B13: =C12 -> 0 | D13: =MAX(0,C13-B13) -> 0
A14: 5 | B14: =C13 -> 0 | D14: =MAX(0,C14-B14) -> 0
A15: 6 | B15: =C14 -> 0 | D15: =MAX(0,C15-B15) -> 0
A16: 7 | B16: =C15 -> 0 | D16: =MAX(0,C16-B16) -> 0
A17: 8 | B17: =C16 -> 0 | D17: =MAX(0,C17-B17) -> 0
A18: 9 | B18: =C17 -> 0 | D18: =MAX(0,C18-B18) -> 0
A19: 10 | B19: =C18 -> 0 | D19: =MAX(0,C19-B19) -> 0
A20: 11 | B20: =C19 -> 0 | D20: =MAX(0,C20-B20) -> 0
A21: 12 | B21: =C20 -> 0 | D21: =MAX(0,C21-B21) -> 0
A22: 13 | B22: =C21 -> 0 | D22: =MAX(0,C22-B22) -> 0
A23: 14 | B23: =C22 -> 0 | D23: =MAX(0,C23-B23) -> 0
... A40: 31 | B40: =C39 -> 0 | D40: =MAX(0,C40-B40) -> 0
A41: Total | B41: =#REF! -> #REF! | D41: =SUM(D10:D40) -> 1489

Sheet GENSET #4
C1: 500 KVA
C3: NO#4
A6: ='GENSET #3'!A6 -> 44621
B8: GENSET NO 4
A9: DAY | B9: YESTARDAY | C9: TODAY | D9: Final Electricity Consumption( KW h)
A10: 1 | B10: 12273051 | C10: 12273051 | D10: =MAX(0,C10-B10) -> 0
A11: 2 | B11: =C10 -> 12273051 | C11: 12274181 | D11: =MAX(0,C11-B11) -> 1130
A12: 3 | B12: =C11 -> 12274181 | D12: =MAX(0,C12-B12) -> 0
A13: 4 | B13: =C12 -> 0 | D13: =MAX(0,C13-B13) -> 0
A14: 5 | B14: =C13 -> 0 | D14: =MAX(0,C14-B14) -> 0
A15: 6 | B15: =C14 -> 0 | D15: =MAX(0,C15-B15) -> 0
A16: 7 | B16: =C15 -> 0 | D16: =MAX(0,C16-B16) -> 0
A17: 8 | B17: =C16 -> 0 | D17: =MAX(0,C17-B17) -> 0
A18: 9 | B18: =C17 -> 0 | D18: =MAX(0,C18-B18) -> 0
A19: 10 | B19: =C18 -> 0 | D19: =MAX(0,C19-B19) -> 0
A20: 11 | B20: =C19 -> 0 | D20: =MAX(0,C20-B20) -> 0
A21: 12 | B21: =C20 -> 0 | D21: =MAX(0,C21-B21) -> 0
A22: 13 | B22: =C21 -> 0 | D22: =MAX(0,C22-B22) -> 0
A23: 14 | B23: =C22 -> 0 | D23: =MAX(0,C23-B23) -> 0
... A40: 31 | B40: =C39 -> 0 | D40: =MAX(0,C40-B40) -> 0
A41: Total | B41: =#REF! -> #REF! | D41: =SUM(D10:D40) -> 1130

Sheet GENSET #5
C1: 1000 KVA
C3: NO#5
A6: ='GENSET #4'!A6 -> 44621
B8: GENSET NO 5
A9: DAY | B9: YESTARDAY | C9: TODAY | D9: Final Electricity Consumption( KWh)
A10: 1 | B10: 19840389 | C10: 19850458 | D10: =MAX(0,C10-B10) -> 10069
A11: 2 | B11: =C10 -> 19850458 | C11: 19854354 | D11: =MAX(0,C11-B11) -> 3896
A12: 3 | B12: =C11 -> 19854354 | D12: =MAX(0,C12-B12) -> 0
A13: 4 | B13: =C12 -> 0 | D13: =MAX(0,C13-B13) -> 0
A14: 5 | B14: =C13 -> 0 | D14: =MAX(0,C14-B14) -> 0
A15: 6 | B15: =C14 -> 0 | D15: =MAX(0,C15-B15) -> 0
A16: 7 | B16: =C15 -> 0 | D16: =MAX(0,C16-B16) -> 0
A17: 8 | B17: =C16 -> 0 | D17: =MAX(0,C17-B17) -> 0
A18: 9 | B18: =C17 -> 0 | D18: =MAX(0,C18-B18) -> 0
A19: 10 | B19: =C18 -> 0 | D19: =MAX(0,C19-B19) -> 0
A20: 11 | B20: =C19 -> 0 | D20: =MAX(0,C20-B20) -> 0
A21: 12 | B21: =C20 -> 0 | D21: =MAX(0,C21-B21) -> 0
A22: 13 | B22: =C21 -> 0 | D22: =MAX(0,C22-B22) -> 0
A23: 14 | B23: =C22 -> 0 | D23: =MAX(0,C23-B23) -> 0
... A40: 31 | B40: =C39 -> 0 | D40: =MAX(0,C40-B40) -> 0
A41: Total | D41: =SUM(D10:D40) -> 13965

Sheet Diesel consumption
A1: Diesel Consumption - Powerhouse | F1: Diesel Tank Jetty Meter
A2: ='GENSET #5'!A6 -> 44621
D3: Liters | F3: Boat meter Reading
A4: Date | B4: Yesterday | C4: Today | D4: ConsumptionIn 24 hrs | F4: Yesterday | G4: Today | H4: Consumption (Liters) | J4: In Barrels | L4: Carbon Emmision
A5: 1 | B5: 46104830 | C5: 46113090 | D5: =MAX(0,C5-B5) -> 8260 | F5: 1042330 | G5: 1044890 | H5: =MAX(0,G5-F5) -> 2560 | J5: =D5/200 -> 41.3 | L5: =2.68*D5 -> 22136.8 | M5: =L5/1000 -> 22.1368
A6: 2 | B6: =C5 -> 46113090 | C6: 46121430 | D6: =MAX(0,C6-B6) -> 8340 | F6: =G5 -> 1044890 | G6: 1044890 | H6: =MAX(0,G6-F6) -> 0 | J6: =D6/200 -> 41.7 | L6: =2.68*D6 -> 22351.2 | M6: =L6/1000 -> 22.3512
A7: 3 | B7: =C6 -> 46121430 | D7: =MAX(0,C7-B7) -> 0 | F7: =G6 -> 1044890 | H7: =MAX(0,G7-F7) -> 0 | J7: =D7/200 -> 0 | L7: =2.68*D7 -> 0 | M7: =L7/1000 -> 0
A8: 4 | B8: =C7 -> 0 | D8: =MAX(0,C8-B8) -> 0 | F8: =G7 -> 0 | H8: =MAX(0,G8-F8) -> 0 | J8: =D8/200 -> 0 | L8: =2.68*D8 -> 0 | M8: =L8/1000 -> 0
A9: 5 | B9: =C8 -> 0 | D9: =MAX(0,C9-B9) -> 0 | F9: =G8 -> 0 | H9: =MAX(0,G9-F9) -> 0 | J9: =D9/200 -> 0 | L9: =2.68*D9 -> 0 | M9: =L9/1000 -> 0
A10: 6 | B10: =C9 -> 0 | D10: =MAX(0,C10-B10) -> 0 | F10: =G9 -> 0 | H10: =MAX(0,G10-F10) -> 0 | J10: =D10/200 -> 0 | L10: =2.68*D10 -> 0 | M10: =L10/1000 -> 0
A11: 7 | B11: =C10 -> 0 | D11: =MAX(0,C11-B11) -> 0 | F11: =G10 -> 0 | H11: =MAX(0,G11-F11) -> 0 | J11: =D11/200 -> 0 | L11: =2.68*D11 -> 0 | M11: =L11/1000 -> 0
A12: 8 | B12: =C11 -> 0 | D12: =MAX(0,C12-B12) -> 0 | F12: =G11 -> 0 | H12: =MAX(0,G12-F12) -> 0 | J12: =D12/200 -> 0 | L12: =2.68*D12 -> 0 | M12: =L12/1000 -> 0
A13: 9 | B13: =C12 -> 0 | D13: =MAX(0,C13-B13) -> 0 | F13: =G12 -> 0 | H13: =MAX(0,G13-F13) -> 0 | J13: =D13/200 -> 0 | L13: =2.68*D13 -> 0 | M13: =L13/1000 -> 0
A14: 10 | B14: =C13 -> 0 | D14: =MAX(0,C14-B14) -> 0 | F14: =G13 -> 0 | H14: =MAX(0,G14-F14) -> 0 | J14: =D14/200 -> 0 | L14: =2.68*D14 -> 0 | M14: =L14/1000 -> 0
A15: 11 | B15: =C14 -> 0 | D15: =MAX(0,C15-B15) -> 0 | F15: =G14 -> 0 | H15: =MAX(0,G15-F15) -> 0 | J15: =D15/200 -> 0 | L15: =2.68*D15 -> 0 | M15: =L15/1000 -> 0
A16: 12 | B16: =C15 -> 0 | D16: =MAX(0,C16-B16) -> 0 | F16: =G15 -> 0 | H16: =MAX(0,G16-F16) -> 0 | J16: =D16/200 -> 0 | L16: =2.68*D16 -> 0 | M16: =L16/1000 -> 0
A17: 13 | B17: =C16 -> 0 | D17: =MAX(0,C17-B17) -> 0 | F17: =G16 -> 0 | H17: =MAX(0,G17-F17) -> 0 | J17: =D17/200 -> 0 | L17: =2.68*D17 -> 0 | M17: =L17/1000 -> 0
A18: 14 | B18: =C17 -> 0 | D18: =MAX(0,C18-B18) -> 0 | F18: =G17 -> 0 | H18: =MAX(0,G18-F18) -> 0 | J18: =D18/200 -> 0 | L18: =2.68*D18 -> 0 | M18: =L18/1000 -> 0
... A34: 30 | B34: =C33 -> 0 | D34: =MAX(0,C34-B34) -> 0 | F34: =G33 -> 0 | H34: =MAX(0,G34-F34) -> 0 | J34: =D34/200 -> 0 | L34: =2.68*D34 -> 0 | M34: =L34/1000 -> 0
A35: 31 | B35: =C34 -> 0 | D35: =MAX(0,C35-B35) -> 0 | F35: =G34 -> 0 | H35: =MAX(0,G35-F35) -> 0 | J35: =D35/200 -> 0 | L35: =2.68*D35 -> 0
D36: =SUM(D5:D35) -> 16600 | J36: =SUM(J5:J34) -> 83 | L36: =2.68*D36 -> 44488 | M36: =L36/1000 -> 44.488

Sheet SOLAR METER READING
C3: solar reading
B5: ='Diesel consumption'!A2 -> 44621
B7: Solar meter reading
A8: DAY | B8: YESTARDAY | C8: TODAY | D8: Final Electricity Consumption( KW h) | E8: Weather Condition | F8: Temperature
A9: 1 | B9: 3439504 | C9: 3442680 | D9: =MAX(0,C9-B9) -> 3176 | E9: Sunny | F9: 29
A10: 2 | B10: =C9 -> 3442680 | C10: 3445723 | D10: =MAX(0,C10-B10) -> 3043 | E10: Sunny | F10: 29
A11: 3 | B11: =C10 -> 3445723 | D11: =MAX(0,C11-B11) -> 0
A12: 4 | B12: =C11 -> 0 | D12: =MAX(0,C12-B12) -> 0
A13: 5 | B13: =C12 -> 0 | D13: =MAX(0,C13-B13) -> 0 | J13: 1 liter diesel | K13: 11.1 kwh
A14: 6 | B14: =C13 -> 0 | D14: =MAX(0,C14-B14) -> 0 | J14: 212.88 diesel | K14: 2363 kwh
A15: 7 | B15: =C14 -> 0 | D15: =MAX(0,C15-B15) -> 0
A16: 8 | B16: =C15 -> 0 | D16: =MAX(0,C16-B16) -> 0
A17: 9 | B17: =C16 -> 0 | D17: =MAX(0,C17-B17) -> 0
A18: 10 | B18: =C17 -> 0 | D18: =MAX(0,C18-B18) -> 0
A19: 11 | B19: =C18 -> 0 | D19: =MAX(0,C19-B19) -> 0
A20: 12 | B20: =C19 -> 0 | D20: =MAX(0,C20-B20) -> 0
A21: 13 | B21: =C20 -> 0 | D21: =MAX(0,C21-B21) -> 0
A22: 14 | B22: =C21 -> 0 | D22: =MAX(0,C22-B22) -> 0
A23: 15 | B23: =C22 -> 0 | D23: =MAX(0,C23-B23) -> 0
A24: 16 | B24: =C23 -> 0 | D24: =MAX(0,C24-B24) -> 0
A25: 17 | B25: =C24 -> 0 | D25: =MAX(0,C25-B25) -> 0
A26: 18 | B26: =C25 -> 0 | D26: =MAX(0,C26-B26) -> 0
... A39: 31 | B39: =C38 -> 0 | D39: =MAX(0,C39-B39) -> 0
A40: Total | D40: =SUM(D9:D39) -> 6219

Sheet FEEDER Consumption 
A1: ='SOLAR METER READING'!B5 -> 44621 | FR1: Daily Electricity (Kwh) Consumption by Building Categories
A2: POWER HOUSE FEEDER READING
C3: Main BLU FEEDER PANEL 1 | H3: Main BLU FEEDER PANEL 2 | M3: Main POWER HOUSE FEEDER PANEL NO:3 | R3: Main Kitchen -7 | W3: Main Kitchen -10 | AB3: Water treatment Plant | AG3: Sewage treatment Plant | AL3: Laundry--8SSB (HR/Tuck Shop Building) | AQ3: Laundry-9 (Machineries) | AV3: New staff accomodation (E0) | BA3: Staff block-16(E2-E3) | BF3: Staff Block Feeder-3(E4-E5) | BK3: Management block-5 (M1 to M6) | BP3: SNR STAFF BLOCK (PC Block) | BU3: BOAT DOCK FEEDER - 22 | BZ3: RECEPTION Building Full (Finance/Reservation) | CE3: DIVE CENTER (Inc MDC and Recreation) | CJ3: 301-307 | CO3: 308-314 | CT3: 315-320 | CY3: 401-407 | DD3: 408-414 | DI3: 415-420 | DN3: SPA - 1 | DS3: SPA - 2 | DX3: BLU KITCHEN - 1 | EC3: BLU KITCHEN - 2 | EH3: AL BARAKATH | EM3: STAFF KITCHEN | ER3: MANAGR BLOCK GARDEN (White House) | EW3: 121-131 | FB3: 113-120 | FG3: Room 855 Hot Water Boiler Kw reading | FL3: Room 911 Hot Water Boiler kw reading | FR3: Blu Feeders | FT3: ALL Kitchens | FV3: Laundry + HR Buidling | FX3: Employee Block | FZ3: Managers Block + SNR Block | GB3: HPL Project Team Usage
A4: DAY | B4: Occupancy | C4: Yesterday | D4: Today | E4: Consumption | F4: Variance (Tdy vs Ystdy) | G4: % | H4: Yesterday | I4: Today | J4: Consumption | K4: Var(Tdy vs Ystdy) | L4: % | M4: Yesterday | N4: Today | O4: Consumption | P4: Var (Tdy vs Ystdy) | Q4: % | R4: Yesterday | S4: Today | T4: Consumption | U4: Var(Tdy vs Ystdy) | V4: % | W4: Yesterday | X4: Today | Y4: Consumption | Z4: Var(Tdy vs Ystdy) | AA4: % | AB4: Yesterday | AC4: Today | AD4: Consumption | AE4: Var(Tdy vs Ystdy) | AF4: % | AG4: Yesterday | AH4: Today | AI4: Consumption | AJ4: Var(Tdy vs Ystdy) | AK4: % | AL4: Yesterday | AM4: Today | AN4: Consumption | AO4: Var(Tdy vs Ystdy) | AP4: % | AQ4: Yesterday | AR4: Today | AS4: Consumption | AT4: Var(Tdy vs Ystdy) | AU4: % | AV4: Yesterday | AW4: Today | AX4: Consumption | AY4: Var(Tdy vs Ystdy) | AZ4: % | BA4: Yesterday | BB4: Today | BC4: Consumption | BD4: Var(Tdy vs Ystdy) | BE4: % | BF4: Yesterday | BG4: Today | BH4: Consumption | BI4: Var(Tdy vs Ystdy) | BJ4: % | BK4: Yesterday | BL4: Today | BM4: Consumption | BN4: Var(Tdy vs Ystdy) | BO4: % | BP4: Yesterday | BQ4: Today | BR4: Consumption | BS4: Var(Tdy vs Ystdy) | BT4: % | BU4: Yesterday | BV4: Today | BW4: Consumption | BX4: Var(Tdy vs Ystdy) | BY4: % | BZ4: Yesterday | CA4: Today | CB4: Consumption | CC4: Var(Tdy vs Ystdy) | CD4: % | CE4: Yesterday | CF4: Today | CG4: Consumption | CH4: Var(Tdy vs Ystdy) | CI4: % | CJ4: Yesterday | CK4: Today | CL4: Consumption | CM4: Var(Tdy vs Ystdy) | CN4: % | CO4: Yesterday | CP4: Today | CQ4: Consumption | CR4: Var(Tdy vs Ystdy) | CS4: % | CT4: Yesterday | CU4: Today | CV4: Consumption | CW4: Var(Tdy vs Ystdy) | CX4: % | CY4: Yesterday | CZ4: Today | DA4: Consumption | DB4: Var(Tdy vs Ystdy) | DC4: % | DD4: Yesterday | DE4: Today | DF4: Consumption | DG4: Var(Tdy vs Ystdy) | DH4: % | DI4: Yesterday | DJ4: Today | DK4: Consumption | DL4: Var(Tdy vs Ystdy) | DM4: % | DN4: Yesterday | DO4: Today | DP4: Consumption | DQ4: Var(Tdy vs Ystdy) | DR4: % | DS4: Yesterday | DT4: Today | DU4: Consumption | DV4: Var(Tdy vs Ystdy) | DW4: % | DX4: Yesterday | DY4: Today | DZ4: Consumption | EA4: Var(Tdy vs Ystdy) | EB4: % | EC4: Yesterday | ED4: Today | EE4: Consumption | EF4: Var(Tdy vs Ystdy) | EG4: % | EH4: Yesterday | EI4: Today | EJ4: Consumption | EK4: Var(Tdy vs Ystdy) | EL4: % | EM4: Yesterday | EN4: Today | EO4: Consumption | EP4: Var(Tdy vs Ystdy) | EQ4: % | ER4: Yesterday | ES4: Today | ET4: Consumption | EU4: Var(Tdy vs Ystdy) | EV4: % | EW4: Yesterday | EX4: Today | EY4: Consumption | EZ4: Var(Tdy vs Ystdy) | FA4: % | FB4: Yesterday | FC4: Today | FD4: Consumption | FE4: Var(Tdy vs Ystdy) | FF4: % | FL4: Yesterday | FM4: Today | FN4: Consumption | FO4: Var(Tdy vs Ystdy) | FP4: % | FR4: Total (Kwh) | FS4: Avg | FT4: Total (Kwh) | FU4: Avg | FV4: Total (Kwh) | FW4: Avg | FX4: Total (Kwh) | FY4: Avg | FZ4: Total (Kwh) | GA4: Avg | GB4: Total (Kwh) | GC4: Avg
A5: 1 | B5: ='Finance Only'!G8 -> 60 | C5: 26372128 | D5: 26376286 | E5: =MAX(0,D5-C5) -> 4158 | H5: 23981447 | I5: 23986959 | J5: =MAX(0,I5-H5) -> 5512 | M5: 89608817 | N5: 89622716 | O5: =MAX(0,N5-M5) -> 13899 | R5: 2530400 | S5: 2532800 | T5: =MAX(0,S5-R5) -> 2400 | W5: 3520051 | X5: 3523144 | Y5: =MAX(0,X5-W5) -> 3093 | AB5: 2231500 | AC5: 2233700 | AD5: =MAX(0,AC5-AB5) -> 2200 | AG5: 961029 | AH5: 961871 | AI5: =MAX(0,AH5-AG5) -> 842 | AL5: 955500 | AM5: 956230 | AQ5: 2173100 | AR5: 2175200 | AS5: 785 | AV5: 622052 | AW5: 622528 | AX5: 443 | BA5: 903380 | BB5: 904050 | BC5: 871 | BF5: 994600 | BG5: 995550 | BH5: 865 | BK5: 1470400 | BL5: 1471100 | BM5: 1205 | BP5: 105020 | BQ5: 105150 | BR5: 944 | BU5: 484380 | BV5: 484910 | BW5: 355 | BZ5: 826850 | CA5: 828180 | CB5: 1250 | CE5: 259080 | CF5: 259570 | CG5: 380 | CJ5: 601580 | CK5: 602850 | CL5: =MAX(0,CK5-CJ5) -> 1270 | CO5: 49190 | CP5: 49320 | CQ5: =MAX(0,CP5-CO5) -> 130 | CT5: 41530 | CU5: 41615 | CV5: =MAX(0,CU5-CT5) -> 85 | CY5: 69818 | CZ5: 69942 | DA5: =MAX(0,CZ5-CY5) -> 124 | DD5: 529290 | DE5: 530250 | DF5: =MAX(0,DE5-DD5) -> 960 | DI5: 472490 | DJ5: 473270 | DK5: =MAX(0,DJ5-DI5) -> 780 | DN5: 271610 | DO5: 271990 | DP5: =MAX(0,DO5-DN5) -> 380 | DS5: 844880 | DT5: 846130 | DU5: =MAX(0,DT5-DS5) -> 1250 | DX5: 535500 | DY5: 536300 | DZ5: =MAX(0,DY5-DX5) -> 800 | EC5: 173240 | ED5: 173530 | EE5: =MAX(0,ED5-EC5) -> 290 | EH5: 181150 | EI5: 181540 | EJ5: =MAX(0,EI5-EH5) -> 390 | EM5: 320120 | EN5: 320630 | EO5: =MAX(0,EN5-EM5) -> 510 | ER5: 69098 | ET5: =MAX(0,ES5-ER5) -> 0 | EW5: 49150 | EX5: 50025 | EY5: =MAX(0,EX5-EW5) -> 875 | FB5: 13846 | FC5: 14420 | FD5: =MAX(0,FC5-FB5) -> 574 | FL5: 91210 | FN5: =MAX(0,FM5-FL5) -> 0 | FR5: =SUM(E5+J5) -> 9670 | FT5: =SUM(T5+Y5+DZ5+EE5+EJ5+EO5) -> 7483 | FV5: =SUM(AN5+AS5) -> 785 | FX5: =SUM(AX5+BC5+BH5) -> 2179 | FZ5: =SUM(BM5+BR5+ET5) -> 2149 | GB5: =SUM(EY5+FD5) -> 1449
A6: 2 | B6: ='Finance Only'!G9 -> 0 | C6: =D5 -> 26376286 | D6: 26380419 | E6: =MAX(0,D6-C6) -> 4133 | F6: =E6-E5 -> -25 | G6: =(E6/'Finance Only'!B9)*100 -> 13.942583 | H6: =I5 -> 23986959 | I6: 23992466 | J6: =MAX(0,I6-H6) -> 5507 | K6: =J6-J5 -> -5 | L6: =(J6/'Finance Only'!B9)*100 -> 18.577742 | M6: =N5 -> 89622716 | N6: 89636680 | O6: =MAX(0,N6-M6) -> 13964 | P6: =O6-O5 -> 65 | Q6: =(O6/'Finance Only'!B9)*100 -> 47.107243 | R6: =S5 -> 2532800 | S6: 2535200 | T6: =MAX(0,S6-R6) -> 2400 | U6: =T6-T5 -> 0 | V6: =(T6/'Finance Only'!B9)*100 -> 8.0963465 | W6: =X5 -> 3523144 | X6: 3526229 | Y6: =MAX(0,X6-W6) -> 3085 | Z6: =Y6-Y5 -> -8 | AA6: =(Y6/'Finance Only'!B9)*100 -> 10.407179 | AB6: =AC5 -> 2233700 | AC6: 2236000 | AD6: =MAX(0,AC6-AB6) -> 2300 | AE6: =AD6-AD5 -> 100 | AF6: =(AD6/'Finance Only'!B9)*100 -> 7.7589988 | AG6: =AH5 -> 961871 | AH6: 962738 | AI6: =MAX(0,AH6-AG6) -> 867 | AJ6: =AI6-AI5 -> 25 | AK6: =(AI6/'Finance Only'!B9)*100 -> 2.9248052 | AL6: =AM5 -> 956230 | AM6: 956910 | AN6: =MAX(0,AM6-AL6) -> 680 | AO6: =AN6-AN5 -> 680 | AP6: =(AN6/'Finance Only'!B9)*100 -> 2.2939648 | AQ6: =AR5 -> 2175200 | AR6: 2176900 | AS6: =MAX(0,AR6-AQ6) -> 1700 | AT6: =AS6-AS5 -> 915 | AU6: =(AS6/'Finance Only'!B9)*100 -> 5.7349121 | AV6: =AW5 -> 622528 | AW6: 622960 | AX6: =MAX(0,AW6-AV6) -> 432 | AY6: =AX6-AX5 -> -11 | AZ6: =(AX6/'Finance Only'!B9)*100 -> 1.4573424 | BA6: =BB5 -> 904050 | BB6: 904730 | BC6: =MAX(0,BB6-BA6) -> 680 | BD6: =BC6-BC5 -> -191 | BE6: =(BC6/'Finance Only'!B9)*100 -> 2.2939648 | BF6: =BG5 -> 995550 | BG6: 996500 | BH6: =MAX(0,BG6-BF6) -> 950 | BI6: =BH6-BH5 -> 85 | BJ6: =(BH6/'Finance Only'!B9)*100 -> 3.2048038 | BK6: =BL5 -> 1471100 | BL6: 1471700 | BM6: =MAX(0,BL6-BK6) -> 600 | BN6: =BM6-BM5 -> -605 | BO6: =(BM6/'Finance Only'!B9)*100 -> 2.0240866 | BP6: =BQ5 -> 105150 | BQ6: 105290 | BR6: =MAX(0,BQ6-BP6) -> 140 | BS6: =BR6-BR5 -> -804 | BT6: =(BR6/'Finance Only'!B9)*100 -> 0.47228688 | BU6: =BV5 -> 484910 | BV6: 485390 | BW6: =MAX(0,BV6-BU6) -> 480 | BX6: =BW6-BW5 -> 125 | BY6: =(BW6/'Finance Only'!B9)*100 -> 1.6192693 | BZ6: =CA5 -> 828180 | CA6: 829510 | CB6: =MAX(0,CA6-BZ6) -> 1330 | CC6: =CB6-CB5 -> 80 | CD6: =(CB6/'Finance Only'!B9)*100 -> 4.4867254 | CE6: =CF5 -> 259570 | CF6: 259980 | CG6: =MAX(0,CF6-CE6) -> 410 | CH6: =CG6-CG5 -> 30 | CI6: =(CG6/'Finance Only'!B9)*100 -> 1.3831259 | CJ6: =CK5 -> 602850 | CK6: 603970 | CL6: =MAX(0,CK6-CJ6) -> 1120 | CM6: =CL6-CL5 -> -150 | CN6: =(CL6/'Finance Only'!B9)*100 -> 3.778295 | CO6: =CP5 -> 49320 | CP6: 49467 | CQ6: =MAX(0,CP6-CO6) -> 147 | CR6: =CQ6-CQ5 -> 17 | CS6: =(CQ6/'Finance Only'!B9)*100 -> 0.49590122 | CT6: =CU5 -> 41615 | CU6: 41704 | CV6: =MAX(0,CU6-CT6) -> 89 | CW6: =CV6-CV5 -> 4 | CX6: =(CV6/'Finance Only'!B9)*100 -> 0.30023952 | CY6: =CZ5 -> 69942 | CZ6: 70065 | DA6: =MAX(0,CZ6-CY6) -> 123 | DB6: =DA6-DA5 -> -1 | DC6: =(DA6/'Finance Only'!B9)*100 -> 0.41493776 | DD6: =DE5 -> 530250 | DE6: 531180 | DF6: =MAX(0,DE6-DD6) -> 930 | DG6: =DF6-DF5 -> -30 | DH6: =(DF6/'Finance Only'!B9)*100 -> 3.1373343 | DI6: =DJ5 -> 473270 | DJ6: 474000 | DK6: =MAX(0,DJ6-DI6) -> 730 | DL6: =DK6-DK5 -> -50 | DM6: =(DK6/'Finance Only'!B9)*100 -> 2.4626387 | DN6: =DO5 -> 271990 | DO6: 272390 | DP6: =MAX(0,DO6-DN6) -> 400 | DQ6: =DP6-DP5 -> 20 | DR6: =(DP6/'Finance Only'!B9)*100 -> 1.3493911 | DS6: =DT5 -> 846130 | DT6: 847590 | DU6: =MAX(0,DT6-DS6) -> 1460 | DV6: =DU6-DU5 -> 210 | DW6: =(DU6/'Finance Only'!B9)*100 -> 4.9252775 | DX6: =DY5 -> 536300 | DY6: 537100 | DZ6: =MAX(0,DY6-DX6) -> 800 | EA6: =DZ6-DZ5 -> 0 | EB6: =(DZ6/'Finance Only'!B9)*100 -> 2.6987822 | EC6: =ED5 -> 173530 | ED6: 173830 | EE6: =MAX(0,ED6-EC6) -> 300 | EF6: =EE6-EE5 -> 10 | EG6: =(EE6/'Finance Only'!B9)*100 -> 1.0120433 | EH6: =EI5 -> 181540 | EI6: 181900 | EJ6: =MAX(0,EI6-EH6) -> 360 | EK6: =EJ6-EJ5 -> -30 | EL6: =(EJ6/'Finance Only'!B9)*100 -> 1.214452 | EM6: =EN5 -> 320630 | EN6: 321130 | EO6: =MAX(0,EN6-EM6) -> 500 | EP6: =EO6-EO5 -> -10 | EQ6: =(EO6/'Finance Only'!B9)*100 -> 1.6867389 | ER6: =ES5 -> 0 | ET6: =MAX(0,ES6-ER6) -> 0 | EU6: =ET6-ET5 -> 0 | EV6: =(ET6/'Finance Only'!B9)*100 -> 0 | EW6: =EX5 -> 50025 | EX6: 50974 | EY6: =MAX(0,EX6-EW6) -> 949 | EZ6: =EY6-EY5 -> 74 | FA6: =(EY6/'Finance Only'!G9)*100 -> #DIV/0! | FB6: =FC5 -> 14420 | FC6: 15012 | FD6: =MAX(0,FC6-FB6) -> 592 | FE6: =FD6-FD5 -> 18 | FF6: =(FD6/'Finance Only'!M9)*100 -> #DIV/0! | FL6: =FM5 -> 0 | FN6: =MAX(0,FM6-FL6) -> 0 | FO6: =FN6-FN5 -> 0 | FP6: =(FN6/'Finance Only'!R9)*100 -> #DIV/0! | FR6: =SUM(E6+J6) -> 9640 | FT6: =SUM(T6+Y6+DZ6+EE6+EJ6+EO6) -> 7445 | FV6: =SUM(AN6+AS6) -> 2380 | FX6: =SUM(AX6+BC6+BH6) -> 2062 | FZ6: =SUM(BM6+BR6+ET6) -> 740 | GB6: =SUM(EY6+FD6) -> 1541
A7: 3 | B7: ='Finance Only'!G10 -> 0 | C7: =D6 -> 26380419 | E7: =MAX(0,D7-C7) -> 0 | F7: =E7-E6 -> -4133 | G7: =(E7/'Finance Only'!B10)*100 -> #DIV/0! | H7: =I6 -> 23992466 | J7: =MAX(0,I7-H7) -> 0 | K7: =J7-J6 -> -5507 | L7: =(J7/'Finance Only'!B10)*100 -> #DIV/0! | M7: =N6 -> 89636680 | O7: =MAX(0,N7-M7) -> 0 | P7: =O7-O6 -> -13964 | Q7: =(O7/'Finance Only'!B10)*100 -> #DIV/0! | R7: =S6 -> 2535200 | T7: =MAX(0,S7-R7) -> 0 | U7: =T7-T6 -> -2400 | V7: =(T7/'Finance Only'!B10)*100 -> #DIV/0! | W7: =X6 -> 3526229 | Y7: =MAX(0,X7-W7) -> 0 | Z7: =Y7-Y6 -> -3085 | AA7: =(Y7/'Finance Only'!B10)*100 -> #DIV/0! | AB7: =AC6 -> 2236000 | AD7: =MAX(0,AC7-AB7) -> 0 | AE7: =AD7-AD6 -> -2300 | AF7: =(AD7/'Finance Only'!B10)*100 -> #DIV/0! | AG7: =AH6 -> 962738 | AI7: =MAX(0,AH7-AG7) -> 0 | AJ7: =AI7-AI6 -> -867 | AK7: =(AI7/'Finance Only'!B10)*100 -> #DIV/0! | AL7: =AM6 -> 956910 | AN7: =MAX(0,AM7-AL7) -> 0 | AO7: =AN7-AN6 -> -680 | AP7: =(AN7/'Finance Only'!B10)*100 -> #DIV/0! | AQ7: =AR6 -> 2176900 | AS7: =MAX(0,AR7-AQ7) -> 0 | AT7: =AS7-AS6 -> -1700 | AU7: =(AS7/'Finance Only'!B10)*100 -> #DIV/0! | AV7: =AW6 -> 622960 | AX7: =MAX(0,AW7-AV7) -> 0 | AY7: =AX7-AX6 -> -432 | AZ7: =(AX7/'Finance Only'!B10)*100 -> #DIV/0! | BA7: =BB6 -> 904730 | BC7: =MAX(0,BB7-BA7) -> 0 | BD7: =BC7-BC6 -> -680 | BE7: =(BC7/'Finance Only'!B10)*100 -> #DIV/0! | BF7: =BG6 -> 996500 | BH7: =MAX(0,BG7-BF7) -> 0 | BI7: =BH7-BH6 -> -950 | BJ7: =(BH7/'Finance Only'!B10)*100 -> #DIV/0! | BK7: =BL6 -> 1471700 | BM7: =MAX(0,BL7-BK7) -> 0 | BN7: =BM7-BM6 -> -600 | BO7: =(BM7/'Finance Only'!B10)*100 -> #DIV/0! | BP7: =BQ6 -> 105290 | BR7: =MAX(0,BQ7-BP7) -> 0 | BS7: =BR7-BR6 -> -140 | BT7: =(BR7/'Finance Only'!B10)*100 -> #DIV/0! | BU7: =BV6 -> 485390 | BW7: =MAX(0,BV7-BU7) -> 0 | BX7: =BW7-BW6 -> -480 | BY7: =(BW7/'Finance Only'!B10)*100 -> #DIV/0! | BZ7: =CA6 -> 829510 | CB7: =MAX(0,CA7-BZ7) -> 0 | CC7: =CB7-CB6 -> -1330 | CD7: =(CB7/'Finance Only'!B10)*100 -> #DIV/0! | CE7: =CF6 -> 259980 | CG7: =MAX(0,CF7-CE7) -> 0 | CH7: =CG7-CG6 -> -410 | CI7: =(CG7/'Finance Only'!B10)*100 -> #DIV/0! | CJ7: =CK6 -> 603970 | CL7: =MAX(0,CK7-CJ7) -> 0 | CM7: =CL7-CL6 -> -1120 | CN7: =(CL7/'Finance Only'!B10)*100 -> #DIV/0! | CO7: =CP6 -> 49467 | CQ7: =MAX(0,CP7-CO7) -> 0 | CR7: =CQ7-CQ6 -> -147 | CS7: =(CQ7/'Finance Only'!B10)*100 -> #DIV/0! | CT7: =CU6 -> 41704 | CV7: =MAX(0,CU7-CT7) -> 0 | CW7: =CV7-CV6 -> -89 | CX7: =(CV7/'Finance Only'!B10)*100 -> #DIV/0! | CY7: =CZ6 -> 70065 | DA7: =MAX(0,CZ7-CY7) -> 0 | DB7: =DA7-DA6 -> -123 | DC7: =(DA7/'Finance Only'!B10)*100 -> #DIV/0! | DD7: =DE6 -> 531180 | DF7: =MAX(0,DE7-DD7) -> 0 | DG7: =DF7-DF6 -> -930 | DH7: =(DF7/'Finance Only'!B10)*100 -> #DIV/0! | DI7: =DJ6 -> 474000 | DK7: =MAX(0,DJ7-DI7) -> 0 | DL7: =DK7-DK6 -> -730 | DM7: =(DK7/'Finance Only'!B10)*100 -> #DIV/0! | DN7: =DO6 -> 272390 | DP7: =MAX(0,DO7-DN7) -> 0 | DQ7: =DP7-DP6 -> -400 | DR7: =(DP7/'Finance Only'!B10)*100 -> #DIV/0! | DS7: =DT6 -> 847590 | DU7: =MAX(0,DT7-DS7) -> 0 | DV7: =DU7-DU6 -> -1460 | DW7: =(DU7/'Finance Only'!B10)*100 -> #DIV/0! | DX7: =DY6 -> 537100 | DZ7: =MAX(0,DY7-DX7) -> 0 | EA7: =DZ7-DZ6 -> -800 | EB7: =(DZ7/'Finance Only'!B10)*100 -> #DIV/0! | EC7: =ED6 -> 173830 | EE7: =MAX(0,ED7-EC7) -> 0 | EF7: =EE7-EE6 -> -300 | EG7: =(EE7/'Finance Only'!B10)*100 -> #DIV/0! | EH7: =EI6 -> 181900 | EJ7: =MAX(0,EI7-EH7) -> 0 | EK7: =EJ7-EJ6 -> -360 | EL7: =(EJ7/'Finance Only'!B10)*100 -> #DIV/0! | EM7: =EN6 -> 321130 | EO7: =MAX(0,EN7-EM7) -> 0 | EP7: =EO7-EO6 -> -500 | EQ7: =(EO7/'Finance Only'!B10)*100 -> #DIV/0! | ER7: =ES6 -> 0 | ET7: =MAX(0,ES7-ER7) -> 0 | EU7: =ET7-ET6 -> 0 | EV7: =(ET7/'Finance Only'!B10)*100 -> #DIV/0! | EW7: =EX6 -> 50974 | EY7: =MAX(0,EX7-EW7) -> 0 | EZ7: =EY7-EY6 -> -949 | FA7: =(EY7/'Finance Only'!G10)*100 -> #DIV/0! | FB7: =FC6 -> 15012 | FD7: =MAX(0,FC7-FB7) -> 0 | FE7: =FD7-FD6 -> -592 | FF7: =(FD7/'Finance Only'!M10)*100 -> #DIV/0! | FL7: =FM6 -> 0 | FN7: =MAX(0,FM7-FL7) -> 0 | FO7: =FN7-FN6 -> 0 | FP7: =(FN7/'Finance Only'!R10)*100 -> #DIV/0! | FR7: =SUM(E7+J7) -> 0 | FT7: =SUM(T7+Y7+DZ7+EE7+EJ7+EO7) -> 0 | FV7: =SUM(AN7+AS7) -> 0 | FX7: =SUM(AX7+BC7+BH7) -> 0 | FZ7: =SUM(BM7+BR7+ET7) -> 0 | GB7: =SUM(EY7+FD7) -> 0
A8: 4 | B8: ='Finance Only'!G11 -> 0 | C8: =D7 -> 0 | E8: =MAX(0,D8-C8) -> 0 | F8: =E8-E7 -> 0 | G8: =(E8/'Finance Only'!B11)*100 -> #DIV/0! | H8: =I7 -> 0 | J8: =MAX(0,I8-H8) -> 0 | K8: =J8-J7 -> 0 | L8: =(J8/'Finance Only'!B11)*100 -> #DIV/0! | M8: =N7 -> 0 | O8: =MAX(0,N8-M8) -> 0 | P8: =O8-O7 -> 0 | Q8: =(O8/'Finance Only'!B11)*100 -> #DIV/0! | R8: =S7 -> 0 | T8: =MAX(0,S8-R8) -> 0 | U8: =T8-T7 -> 0 | V8: =(T8/'Finance Only'!B11)*100 -> #DIV/0! | W8: =X7 -> 0 | Y8: =MAX(0,X8-W8) -> 0 | Z8: =Y8-Y7 -> 0 | AA8: =(Y8/'Finance Only'!B11)*100 -> #DIV/0! | AB8: =AC7 -> 0 | AD8: =MAX(0,AC8-AB8) -> 0 | AE8: =AD8-AD7 -> 0 | AF8: =(AD8/'Finance Only'!B11)*100 -> #DIV/0! | AG8: =AH7 -> 0 | AI8: =MAX(0,AH8-AG8) -> 0 | AJ8: =AI8-AI7 -> 0 | AK8: =(AI8/'Finance Only'!B11)*100 -> #DIV/0! | AL8: =AM7 -> 0 | AN8: =MAX(0,AM8-AL8) -> 0 | AO8: =AN8-AN7 -> 0 | AP8: =(AN8/'Finance Only'!B11)*100 -> #DIV/0! | AQ8: =AR7 -> 0 | AS8: =MAX(0,AR8-AQ8) -> 0 | AT8: =AS8-AS7 -> 0 | AU8: =(AS8/'Finance Only'!B11)*100 -> #DIV/0! | AV8: =AW7 -> 0 | AX8: =MAX(0,AW8-AV8) -> 0 | AY8: =AX8-AX7 -> 0 | AZ8: =(AX8/'Finance Only'!B11)*100 -> #DIV/0! | BA8: =BB7 -> 0 | BC8: =MAX(0,BB8-BA8) -> 0 | BD8: =BC8-BC7 -> 0 | BE8: =(BC8/'Finance Only'!B11)*100 -> #DIV/0! | BF8: =BG7 -> 0 | BH8: =MAX(0,BG8-BF8) -> 0 | BI8: =BH8-BH7 -> 0 | BJ8: =(BH8/'Finance Only'!B11)*100 -> #DIV/0! | BK8: =BL7 -> 0 | BM8: =MAX(0,BL8-BK8) -> 0 | BN8: =BM8-BM7 -> 0 | BO8: =(BM8/'Finance Only'!B11)*100 -> #DIV/0! | BP8: =BQ7 -> 0 | BR8: =MAX(0,BQ8-BP8) -> 0 | BS8: =BR8-BR7 -> 0 | BT8: =(BR8/'Finance Only'!B11)*100 -> #DIV/0! | BU8: =BV7 -> 0 | BW8: =MAX(0,BV8-BU8) -> 0 | BX8: =BW8-BW7 -> 0 | BY8: =(BW8/'Finance Only'!B11)*100 -> #DIV/0! | BZ8: =CA7 -> 0 | CB8: =MAX(0,CA8-BZ8) -> 0 | CC8: =CB8-CB7 -> 0 | CD8: =(CB8/'Finance Only'!B11)*100 -> #DIV/0! | CE8: =CF7 -> 0 | CG8: =MAX(0,CF8-CE8) -> 0 | CH8: =CG8-CG7 -> 0 | CI8: =(CG8/'Finance Only'!B11)*100 -> #DIV/0! | CJ8: =CK7 -> 0 | CL8: =MAX(0,CK8-CJ8) -> 0 | CM8: =CL8-CL7 -> 0 | CN8: =(CL8/'Finance Only'!B11)*100 -> #DIV/0! | CO8: =CP7 -> 0 | CQ8: =MAX(0,CP8-CO8) -> 0 | CR8: =CQ8-CQ7 -> 0 | CS8: =(CQ8/'Finance Only'!B11)*100 -> #DIV/0! | CT8: =CU7 -> 0 | CV8: =MAX(0,CU8-CT8) -> 0 | CW8: =CV8-CV7 -> 0 | CX8: =(CV8/'Finance Only'!B11)*100 -> #DIV/0! | CY8: =CZ7 -> 0 | DA8: =MAX(0,CZ8-CY8) -> 0 | DB8: =DA8-DA7 -> 0 | DC8: =(DA8/'Finance Only'!B11)*100 -> #DIV/0! | DD8: =DE7 -> 0 | DF8: =MAX(0,DE8-DD8) -> 0 | DG8: =DF8-DF7 -> 0 | DH8: =(DF8/'Finance Only'!B11)*100 -> #DIV/0! | DI8: =DJ7 -> 0 | DK8: =MAX(0,DJ8-DI8) -> 0 | DL8: =DK8-DK7 -> 0 | DM8: =(DK8/'Finance Only'!B11)*100 -> #DIV/0! | DN8: =DO7 -> 0 | DP8: =MAX(0,DO8-DN8) -> 0 | DQ8: =DP8-DP7 -> 0 | DR8: =(DP8/'Finance Only'!B11)*100 -> #DIV/0! | DS8: =DT7 -> 0 | DU8: =MAX(0,DT8-DS8) -> 0 | DV8: =DU8-DU7 -> 0 | DW8: =(DU8/'Finance Only'!B11)*100 -> #DIV/0! | DX8: =DY7 -> 0 | DZ8: =MAX(0,DY8-DX8) -> 0 | EA8: =DZ8-DZ7 -> 0 | EB8: =(DZ8/'Finance Only'!B11)*100 -> #DIV/0! | EC8: =ED7 -> 0 | EE8: =MAX(0,ED8-EC8) -> 0 | EF8: =EE8-EE7 -> 0 | EG8: =(EE8/'Finance Only'!B11)*100 -> #DIV/0! | EH8: =EI7 -> 0 | EJ8: =MAX(0,EI8-EH8) -> 0 | EK8: =EJ8-EJ7 -> 0 | EL8: =(EJ8/'Finance Only'!B11)*100 -> #DIV/0! | EM8: =EN7 -> 0 | EO8: =MAX(0,EN8-EM8) -> 0 | EP8: =EO8-EO7 -> 0 | EQ8: =(EO8/'Finance Only'!B11)*100 -> #DIV/0! | ER8: =ES7 -> 0 | ET8: =MAX(0,ES8-ER8) -> 0 | EU8: =ET8-ET7 -> 0 | EV8: =(ET8/'Finance Only'!B11)*100 -> #DIV/0! | EW8: =EX7 -> 0 | EY8: =MAX(0,EX8-EW8) -> 0 | EZ8: =EY8-EY7 -> 0 | FA8: =(EY8/'Finance Only'!G11)*100 -> #DIV/0! | FB8: =FC7 -> 0 | FD8: =MAX(0,FC8-FB8) -> 0 | FE8: =FD8-FD7 -> 0 | FF8: =(FD8/'Finance Only'!M11)*100 -> #DIV/0! | FL8: =FM7 -> 0 | FN8: =MAX(0,FM8-FL8) -> 0 | FO8: =FN8-FN7 -> 0 | FP8: =(FN8/'Finance Only'!R11)*100 -> #DIV/0! | FR8: =SUM(E8+J8) -> 0 | FT8: =SUM(T8+Y8+DZ8+EE8+EJ8+EO8) -> 0 | FV8: =SUM(AN8+AS8) -> 0 | FX8: =SUM(AX8+BC8+BH8) -> 0 | FZ8: =SUM(BM8+BR8+ET8) -> 0 | GB8: =SUM(EY8+FD8) -> 0
A9: 5 | B9: ='Finance Only'!G12 -> 0 | C9: =D8 -> 0 | E9: =MAX(0,D9-C9) -> 0 | F9: =E9-E8 -> 0 | G9: =(E9/'Finance Only'!B12)*100 -> #DIV/0! | H9: =I8 -> 0 | J9: =MAX(0,I9-H9) -> 0 | K9: =J9-J8 -> 0 | L9: =(J9/'Finance Only'!B12)*100 -> #DIV/0! | M9: =N8 -> 0 | O9: =MAX(0,N9-M9) -> 0 | P9: =O9-O8 -> 0 | Q9: =(O9/'Finance Only'!B12)*100 -> #DIV/0! | R9: =S8 -> 0 | T9: =MAX(0,S9-R9) -> 0 | U9: =T9-T8 -> 0 | V9: =(T9/'Finance Only'!B12)*100 -> #DIV/0! | W9: =X8 -> 0 | Y9: =MAX(0,X9-W9) -> 0 | Z9: =Y9-Y8 -> 0 | AA9: =(Y9/'Finance Only'!B12)*100 -> #DIV/0! | AB9: =AC8 -> 0 | AD9: =MAX(0,AC9-AB9) -> 0 | AE9: =AD9-AD8 -> 0 | AF9: =(AD9/'Finance Only'!B12)*100 -> #DIV/0! | AG9: =AH8 -> 0 | AI9: =MAX(0,AH9-AG9) -> 0 | AJ9: =AI9-AI8 -> 0 | AK9: =(AI9/'Finance Only'!B12)*100 -> #DIV/0! | AL9: =AM8 -> 0 | AN9: =MAX(0,AM9-AL9) -> 0 | AO9: =AN9-AN8 -> 0 | AP9: =(AN9/'Finance Only'!B12)*100 -> #DIV/0! | AQ9: =AR8 -> 0 | AS9: =MAX(0,AR9-AQ9) -> 0 | AT9: =AS9-AS8 -> 0 | AU9: =(AS9/'Finance Only'!B12)*100 -> #DIV/0! | AV9: =AW8 -> 0 | AX9: =MAX(0,AW9-AV9) -> 0 | AY9: =AX9-AX8 -> 0 | AZ9: =(AX9/'Finance Only'!B12)*100 -> #DIV/0! | BA9: =BB8 -> 0 | BC9: =MAX(0,BB9-BA9) -> 0 | BD9: =BC9-BC8 -> 0 | BE9: =(BC9/'Finance Only'!B12)*100 -> #DIV/0! | BF9: =BG8 -> 0 | BH9: =MAX(0,BG9-BF9) -> 0 | BI9: =BH9-BH8 -> 0 | BJ9: =(BH9/'Finance Only'!B12)*100 -> #DIV/0! | BK9: =BL8 -> 0 | BM9: =MAX(0,BL9-BK9) -> 0 | BN9: =BM9-BM8 -> 0 | BO9: =(BM9/'Finance Only'!B12)*100 -> #DIV/0! | BP9: =BQ8 -> 0 | BR9: =MAX(0,BQ9-BP9) -> 0 | BS9: =BR9-BR8 -> 0 | BT9: =(BR9/'Finance Only'!B12)*100 -> #DIV/0! | BU9: =BV8 -> 0 | BW9: =MAX(0,BV9-BU9) -> 0 | BX9: =BW9-BW8 -> 0 | BY9: =(BW9/'Finance Only'!B12)*100 -> #DIV/0! | BZ9: =CA8 -> 0 | CB9: =MAX(0,CA9-BZ9) -> 0 | CC9: =CB9-CB8 -> 0 | CD9: =(CB9/'Finance Only'!B12)*100 -> #DIV/0! | CE9: =CF8 -> 0 | CG9: =MAX(0,CF9-CE9) -> 0 | CH9: =CG9-CG8 -> 0 | CI9: =(CG9/'Finance Only'!B12)*100 -> #DIV/0! | CJ9: =CK8 -> 0 | CL9: =MAX(0,CK9-CJ9) -> 0 | CM9: =CL9-CL8 -> 0 | CN9: =(CL9/'Finance Only'!B12)*100 -> #DIV/0! | CO9: =CP8 -> 0 | CQ9: =MAX(0,CP9-CO9) -> 0 | CR9: =CQ9-CQ8 -> 0 | CS9: =(CQ9/'Finance Only'!B12)*100 -> #DIV/0! | CT9: =CU8 -> 0 | CV9: =MAX(0,CU9-CT9) -> 0 | CW9: =CV9-CV8 -> 0 | CX9: =(CV9/'Finance Only'!B12)*100 -> #DIV/0! | CY9: =CZ8 -> 0 | DA9: =MAX(0,CZ9-CY9) -> 0 | DB9: =DA9-DA8 -> 0 | DC9: =(DA9/'Finance Only'!B12)*100 -> #DIV/0! | DD9: =DE8 -> 0 | DF9: =MAX(0,DE9-DD9) -> 0 | DG9: =DF9-DF8 -> 0 | DH9: =(DF9/'Finance Only'!B12)*100 -> #DIV/0! | DI9: =DJ8 -> 0 | DK9: =MAX(0,DJ9-DI9) -> 0 | DL9: =DK9-DK8 -> 0 | DM9: =(DK9/'Finance Only'!B12)*100 -> #DIV/0! | DN9: =DO8 -> 0 | DP9: =MAX(0,DO9-DN9) -> 0 | DQ9: =DP9-DP8 -> 0 | DR9: =(DP9/'Finance Only'!B12)*100 -> #DIV/0! | DS9: =DT8 -> 0 | DU9: =MAX(0,DT9-DS9) -> 0 | DV9: =DU9-DU8 -> 0 | DW9: =(DU9/'Finance Only'!B12)*100 -> #DIV/0! | DX9: =DY8 -> 0 | DZ9: =MAX(0,DY9-DX9) -> 0 | EA9: =DZ9-DZ8 -> 0 | EB9: =(DZ9/'Finance Only'!B12)*100 -> #DIV/0! | EC9: =ED8 -> 0 | EE9: =MAX(0,ED9-EC9) -> 0 | EF9: =EE9-EE8 -> 0 | EG9: =(EE9/'Finance Only'!B12)*100 -> #DIV/0! | EH9: =EI8 -> 0 | EJ9: =MAX(0,EI9-EH9) -> 0 | EK9: =EJ9-EJ8 -> 0 | EL9: =(EJ9/'Finance Only'!B12)*100 -> #DIV/0! | EM9: =EN8 -> 0 | EO9: =MAX(0,EN9-EM9) -> 0 | EP9: =EO9-EO8 -> 0 | EQ9: =(EO9/'Finance Only'!B12)*100 -> #DIV/0! | ER9: =ES8 -> 0 | ET9: =MAX(0,ES9-ER9) -> 0 | EU9: =ET9-ET8 -> 0 | EV9: =(ET9/'Finance Only'!B12)*100 -> #DIV/0! | EW9: =EX8 -> 0 | EY9: =MAX(0,EX9-EW9) -> 0 | EZ9: =EY9-EY8 -> 0 | FA9: =(EY9/'Finance Only'!G12)*100 -> #DIV/0! | FB9: =FC8 -> 0 | FD9: =MAX(0,FC9-FB9) -> 0 | FE9: =FD9-FD8 -> 0 | FF9: =(FD9/'Finance Only'!M12)*100 -> #DIV/0! | FL9: =FM8 -> 0 | FN9: =MAX(0,FM9-FL9) -> 0 | FO9: =FN9-FN8 -> 0 | FP9: =(FN9/'Finance Only'!R12)*100 -> #DIV/0! | FR9: =SUM(E9+J9) -> 0 | FT9: =SUM(T9+Y9+DZ9+EE9+EJ9+EO9) -> 0 | FV9: =SUM(AN9+AS9) -> 0 | FX9: =SUM(AX9+BC9+BH9) -> 0 | FZ9: =SUM(BM9+BR9+ET9) -> 0 | GB9: =SUM(EY9+FD9) -> 0
A10: 6 | B10: ='Finance Only'!G13 -> 0 | C10: =D9 -> 0 | E10: =MAX(0,D10-C10) -> 0 | F10: =E10-E9 -> 0 | G10: =(E10/'Finance Only'!B13)*100 -> #DIV/0! | H10: =I9 -> 0 | J10: =MAX(0,I10-H10) -> 0 | K10: =J10-J9 -> 0 | L10: =(J10/'Finance Only'!B13)*100 -> #DIV/0! | M10: =N9 -> 0 | O10: =MAX(0,N10-M10) -> 0 | P10: =O10-O9 -> 0 | Q10: =(O10/'Finance Only'!B13)*100 -> #DIV/0! | R10: =S9 -> 0 | T10: =MAX(0,S10-R10) -> 0 | U10: =T10-T9 -> 0 | V10: =(T10/'Finance Only'!B13)*100 -> #DIV/0! | W10: =X9 -> 0 | Y10: =MAX(0,X10-W10) -> 0 | Z10: =Y10-Y9 -> 0 | AA10: =(Y10/'Finance Only'!B13)*100 -> #DIV/0! | AB10: =AC9 -> 0 | AD10: =MAX(0,AC10-AB10) -> 0 | AE10: =AD10-AD9 -> 0 | AF10: =(AD10/'Finance Only'!B13)*100 -> #DIV/0! | AG10: =AH9 -> 0 | AI10: =MAX(0,AH10-AG10) -> 0 | AJ10: =AI10-AI9 -> 0 | AK10: =(AI10/'Finance Only'!B13)*100 -> #DIV/0! | AL10: =AM9 -> 0 | AN10: =MAX(0,AM10-AL10) -> 0 | AO10: =AN10-AN9 -> 0 | AP10: =(AN10/'Finance Only'!B13)*100 -> #DIV/0! | AQ10: =AR9 -> 0 | AS10: =MAX(0,AR10-AQ10) -> 0 | AT10: =AS10-AS9 -> 0 | AU10: =(AS10/'Finance Only'!B13)*100 -> #DIV/0! | AV10: =AW9 -> 0 | AX10: =MAX(0,AW10-AV10) -> 0 | AY10: =AX10-AX9 -> 0 | AZ10: =(AX10/'Finance Only'!B13)*100 -> #DIV/0! | BA10: =BB9 -> 0 | BC10: =MAX(0,BB10-BA10) -> 0 | BD10: =BC10-BC9 -> 0 | BE10: =(BC10/'Finance Only'!B13)*100 -> #DIV/0! | BF10: =BG9 -> 0 | BH10: =MAX(0,BG10-BF10) -> 0 | BI10: =BH10-BH9 -> 0 | BJ10: =(BH10/'Finance Only'!B13)*100 -> #DIV/0! | BK10: =BL9 -> 0 | BM10: =MAX(0,BL10-BK10) -> 0 | BN10: =BM10-BM9 -> 0 | BO10: =(BM10/'Finance Only'!B13)*100 -> #DIV/0! | BP10: =BQ9 -> 0 | BR10: =MAX(0,BQ10-BP10) -> 0 | BS10: =BR10-BR9 -> 0 | BT10: =(BR10/'Finance Only'!B13)*100 -> #DIV/0! | BU10: =BV9 -> 0 | BW10: =MAX(0,BV10-BU10) -> 0 | BX10: =BW10-BW9 -> 0 | BY10: =(BW10/'Finance Only'!B13)*100 -> #DIV/0! | BZ10: =CA9 -> 0 | CB10: =MAX(0,CA10-BZ10) -> 0 | CC10: =CB10-CB9 -> 0 | CD10: =(CB10/'Finance Only'!B13)*100 -> #DIV/0! | CE10: =CF9 -> 0 | CG10: =MAX(0,CF10-CE10) -> 0 | CH10: =CG10-CG9 -> 0 | CI10: =(CG10/'Finance Only'!B13)*100 -> #DIV/0! | CJ10: =CK9 -> 0 | CL10: =MAX(0,CK10-CJ10) -> 0 | CM10: =CL10-CL9 -> 0 | CN10: =(CL10/'Finance Only'!B13)*100 -> #DIV/0! | CO10: =CP9 -> 0 | CQ10: =MAX(0,CP10-CO10) -> 0 | CR10: =CQ10-CQ9 -> 0 | CS10: =(CQ10/'Finance Only'!B13)*100 -> #DIV/0! | CT10: =CU9 -> 0 | CV10: =MAX(0,CU10-CT10) -> 0 | CW10: =CV10-CV9 -> 0 | CX10: =(CV10/'Finance Only'!B13)*100 -> #DIV/0! | CY10: =CZ9 -> 0 | DA10: =MAX(0,CZ10-CY10) -> 0 | DB10: =DA10-DA9 -> 0 | DC10: =(DA10/'Finance Only'!B13)*100 -> #DIV/0! | DD10: =DE9 -> 0 | DF10: =MAX(0,DE10-DD10) -> 0 | DG10: =DF10-DF9 -> 0 | DH10: =(DF10/'Finance Only'!B13)*100 -> #DIV/0! | DI10: =DJ9 -> 0 | DK10: =MAX(0,DJ10-DI10) -> 0 | DL10: =DK10-DK9 -> 0 | DM10: =(DK10/'Finance Only'!B13)*100 -> #DIV/0! | DN10: =DO9 -> 0 | DP10: =MAX(0,DO10-DN10) -> 0 | DQ10: =DP10-DP9 -> 0 | DR10: =(DP10/'Finance Only'!B13)*100 -> #DIV/0! | DS10: =DT9 -> 0 | DU10: =MAX(0,DT10-DS10) -> 0 | DV10: =DU10-DU9 -> 0 | DW10: =(DU10/'Finance Only'!B13)*100 -> #DIV/0! | DX10: =DY9 -> 0 | DZ10: =MAX(0,DY10-DX10) -> 0 | EA10: =DZ10-DZ9 -> 0 | EB10: =(DZ10/'Finance Only'!B13)*100 -> #DIV/0! | EC10: =ED9 -> 0 | EE10: =MAX(0,ED10-EC10) -> 0 | EF10: =EE10-EE9 -> 0 | EG10: =(EE10/'Finance Only'!B13)*100 -> #DIV/0! | EH10: =EI9 -> 0 | EJ10: =MAX(0,EI10-EH10) -> 0 | EK10: =EJ10-EJ9 -> 0 | EL10: =(EJ10/'Finance Only'!B13)*100 -> #DIV/0! | EM10: =EN9 -> 0 | EO10: =MAX(0,EN10-EM10) -> 0 | EP10: =EO10-EO9 -> 0 | EQ10: =(EO10/'Finance Only'!B13)*100 -> #DIV/0! | ER10: =ES9 -> 0 | ET10: =MAX(0,ES10-ER10) -> 0 | EU10: =ET10-ET9 -> 0 | EV10: =(ET10/'Finance Only'!B13)*100 -> #DIV/0! | EW10: =EX9 -> 0 | EY10: =MAX(0,EX10-EW10) -> 0 | EZ10: =EY10-EY9 -> 0 | FA10: =(EY10/'Finance Only'!G13)*100 -> #DIV/0! | FB10: =FC9 -> 0 | FD10: =MAX(0,FC10-FB10) -> 0 | FE10: =FD10-FD9 -> 0 | FF10: =(FD10/'Finance Only'!M13)*100 -> #DIV/0! | FL10: =FM9 -> 0 | FN10: =MAX(0,FM10-FL10) -> 0 | FO10: =FN10-FN9 -> 0 | FP10: =(FN10/'Finance Only'!R13)*100 -> #DIV/0! | FR10: =SUM(E10+J10) -> 0 | FT10: =SUM(T10+Y10+DZ10+EE10+EJ10+EO10) -> 0 | FV10: =SUM(AN10+AS10) -> 0 | FX10: =SUM(AX10+BC10+BH10) -> 0 | FZ10: =SUM(BM10+BR10+ET10) -> 0 | GB10: =SUM(EY10+FD10) -> 0
A11: 7 | B11: ='Finance Only'!G14 -> 0 | C11: =D10 -> 0 | E11: =MAX(0,D11-C11) -> 0 | F11: =E11-E10 -> 0 | G11: =(E11/'Finance Only'!B14)*100 -> #DIV/0! | H11: =I10 -> 0 | J11: =MAX(0,I11-H11) -> 0 | K11: =J11-J10 -> 0 | L11: =(J11/'Finance Only'!B14)*100 -> #DIV/0! | M11: =N10 -> 0 | O11: =MAX(0,N11-M11) -> 0 | P11: =O11-O10 -> 0 | Q11: =(O11/'Finance Only'!B14)*100 -> #DIV/0! | R11: =S10 -> 0 | T11: =MAX(0,S11-R11) -> 0 | U11: =T11-T10 -> 0 | V11: =(T11/'Finance Only'!B14)*100 -> #DIV/0! | W11: =X10 -> 0 | Y11: =MAX(0,X11-W11) -> 0 | Z11: =Y11-Y10 -> 0 | AA11: =(Y11/'Finance Only'!B14)*100 -> #DIV/0! | AB11: =AC10 -> 0 | AD11: =MAX(0,AC11-AB11) -> 0 | AE11: =AD11-AD10 -> 0 | AF11: =(AD11/'Finance Only'!B14)*100 -> #DIV/0! | AG11: =AH10 -> 0 | AI11: =MAX(0,AH11-AG11) -> 0 | AJ11: =AI11-AI10 -> 0 | AK11: =(AI11/'Finance Only'!B14)*100 -> #DIV/0! | AL11: =AM10 -> 0 | AN11: =MAX(0,AM11-AL11) -> 0 | AO11: =AN11-AN10 -> 0 | AP11: =(AN11/'Finance Only'!B14)*100 -> #DIV/0! | AQ11: =AR10 -> 0 | AS11: =MAX(0,AR11-AQ11) -> 0 | AT11: =AS11-AS10 -> 0 | AU11: =(AS11/'Finance Only'!B14)*100 -> #DIV/0! | AV11: =AW10 -> 0 | AX11: =MAX(0,AW11-AV11) -> 0 | AY11: =AX11-AX10 -> 0 | AZ11: =(AX11/'Finance Only'!B14)*100 -> #DIV/0! | BA11: =BB10 -> 0 | BC11: =MAX(0,BB11-BA11) -> 0 | BD11: =BC11-BC10 -> 0 | BE11: =(BC11/'Finance Only'!B14)*100 -> #DIV/0! | BF11: =BG10 -> 0 | BH11: =MAX(0,BG11-BF11) -> 0 | BI11: =BH11-BH10 -> 0 | BJ11: =(BH11/'Finance Only'!B14)*100 -> #DIV/0! | BK11: =BL10 -> 0 | BM11: =MAX(0,BL11-BK11) -> 0 | BN11: =BM11-BM10 -> 0 | BO11: =(BM11/'Finance Only'!B14)*100 -> #DIV/0! | BP11: =BQ10 -> 0 | BR11: =MAX(0,BQ11-BP11) -> 0 | BS11: =BR11-BR10 -> 0 | BT11: =(BR11/'Finance Only'!B14)*100 -> #DIV/0! | BU11: =BV10 -> 0 | BW11: =MAX(0,BV11-BU11) -> 0 | BX11: =BW11-BW10 -> 0 | BY11: =(BW11/'Finance Only'!B14)*100 -> #DIV/0! | BZ11: =CA10 -> 0 | CB11: =MAX(0,CA11-BZ11) -> 0 | CC11: =CB11-CB10 -> 0 | CD11: =(CB11/'Finance Only'!B14)*100 -> #DIV/0! | CE11: =CF10 -> 0 | CG11: =MAX(0,CF11-CE11) -> 0 | CH11: =CG11-CG10 -> 0 | CI11: =(CG11/'Finance Only'!B14)*100 -> #DIV/0! | CJ11: =CK10 -> 0 | CL11: =MAX(0,CK11-CJ11) -> 0 | CM11: =CL11-CL10 -> 0 | CN11: =(CL11/'Finance Only'!B14)*100 -> #DIV/0! | CO11: =CP10 -> 0 | CQ11: =MAX(0,CP11-CO11) -> 0 | CR11: =CQ11-CQ10 -> 0 | CS11: =(CQ11/'Finance Only'!B14)*100 -> #DIV/0! | CT11: =CU10 -> 0 | CV11: =MAX(0,CU11-CT11) -> 0 | CW11: =CV11-CV10 -> 0 | CX11: =(CV11/'Finance Only'!B14)*100 -> #DIV/0! | CY11: =CZ10 -> 0 | DA11: =MAX(0,CZ11-CY11) -> 0 | DB11: =DA11-DA10 -> 0 | DC11: =(DA11/'Finance Only'!B14)*100 -> #DIV/0! | DD11: =DE10 -> 0 | DF11: =MAX(0,DE11-DD11) -> 0 | DG11: =DF11-DF10 -> 0 | DH11: =(DF11/'Finance Only'!B14)*100 -> #DIV/0! | DI11: =DJ10 -> 0 | DK11: =MAX(0,DJ11-DI11) -> 0 | DL11: =DK11-DK10 -> 0 | DM11: =(DK11/'Finance Only'!B14)*100 -> #DIV/0! | DN11: =DO10 -> 0 | DP11: =MAX(0,DO11-DN11) -> 0 | DQ11: =DP11-DP10 -> 0 | DR11: =(DP11/'Finance Only'!B14)*100 -> #DIV/0! | DS11: =DT10 -> 0 | DU11: =MAX(0,DT11-DS11) -> 0 | DV11: =DU11-DU10 -> 0 | DW11: =(DU11/'Finance Only'!B14)*100 -> #DIV/0! | DX11: =DY10 -> 0 | DZ11: =MAX(0,DY11-DX11) -> 0 | EA11: =DZ11-DZ10 -> 0 | EB11: =(DZ11/'Finance Only'!B14)*100 -> #DIV/0! | EC11: =ED10 -> 0 | EE11: =MAX(0,ED11-EC11) -> 0 | EF11: =EE11-EE10 -> 0 | EG11: =(EE11/'Finance Only'!B14)*100 -> #DIV/0! | EH11: =EI10 -> 0 | EJ11: =MAX(0,EI11-EH11) -> 0 | EK11: =EJ11-EJ10 -> 0 | EL11: =(EJ11/'Finance Only'!B14)*100 -> #DIV/0! | EM11: =EN10 -> 0 | EO11: =MAX(0,EN11-EM11) -> 0 | EP11: =EO11-EO10 -> 0 | EQ11: =(EO11/'Finance Only'!B14)*100 -> #DIV/0! | ER11: =ES10 -> 0 | ET11: =MAX(0,ES11-ER11) -> 0 | EU11: =ET11-ET10 -> 0 | EV11: =(ET11/'Finance Only'!B14)*100 -> #DIV/0! | EW11: =EX10 -> 0 | EY11: =MAX(0,EX11-EW11) -> 0 | EZ11: =EY11-EY10 -> 0 | FA11: =(EY11/'Finance Only'!G14)*100 -> #DIV/0! | FB11: =FC10 -> 0 | FD11: =MAX(0,FC11-FB11) -> 0 | FE11: =FD11-FD10 -> 0 | FF11: =(FD11/'Finance Only'!M14)*100 -> #DIV/0! | FL11: =FM10 -> 0 | FN11: =MAX(0,FM11-FL11) -> 0 | FO11: =FN11-FN10 -> 0 | FP11: =(FN11/'Finance Only'!R14)*100 -> #DIV/0! | FR11: =SUM(E11+J11) -> 0 | FT11: =SUM(T11+Y11+DZ11+EE11+EJ11+EO11) -> 0 | FV11: =SUM(AN11+AS11) -> 0 | FX11: =SUM(AX11+BC11+BH11) -> 0 | FZ11: =SUM(BM11+BR11+ET11) -> 0 | GB11: =SUM(EY11+FD11) -> 0
A12: 8 | B12: ='Finance Only'!G15 -> 0 | C12: =D11 -> 0 | E12: =MAX(0,D12-C12) -> 0 | F12: =E12-E11 -> 0 | G12: =(E12/'Finance Only'!B15)*100 -> #DIV/0! | H12: =I11 -> 0 | J12: =MAX(0,I12-H12) -> 0 | K12: =J12-J11 -> 0 | L12: =(J12/'Finance Only'!B15)*100 -> #DIV/0! | M12: =N11 -> 0 | O12: =MAX(0,N12-M12) -> 0 | P12: =O12-O11 -> 0 | Q12: =(O12/'Finance Only'!B15)*100 -> #DIV/0! | R12: =S11 -> 0 | T12: =MAX(0,S12-R12) -> 0 | U12: =T12-T11 -> 0 | V12: =(T12/'Finance Only'!B15)*100 -> #DIV/0! | W12: =X11 -> 0 | Y12: =MAX(0,X12-W12) -> 0 | Z12: =Y12-Y11 -> 0 | AA12: =(Y12/'Finance Only'!B15)*100 -> #DIV/0! | AB12: =AC11 -> 0 | AD12: =MAX(0,AC12-AB12) -> 0 | AE12: =AD12-AD11 -> 0 | AF12: =(AD12/'Finance Only'!B15)*100 -> #DIV/0! | AG12: =AH11 -> 0 | AI12: =MAX(0,AH12-AG12) -> 0 | AJ12: =AI12-AI11 -> 0 | AK12: =(AI12/'Finance Only'!B15)*100 -> #DIV/0! | AL12: =AM11 -> 0 | AN12: =MAX(0,AM12-AL12) -> 0 | AO12: =AN12-AN11 -> 0 | AP12: =(AN12/'Finance Only'!B15)*100 -> #DIV/0! | AQ12: =AR11 -> 0 | AS12: =MAX(0,AR12-AQ12) -> 0 | AT12: =AS12-AS11 -> 0 | AU12: =(AS12/'Finance Only'!B15)*100 -> #DIV/0! | AV12: =AW11 -> 0 | AX12: =MAX(0,AW12-AV12) -> 0 | AY12: =AX12-AX11 -> 0 | AZ12: =(AX12/'Finance Only'!B15)*100 -> #DIV/0! | BA12: =BB11 -> 0 | BC12: =MAX(0,BB12-BA12) -> 0 | BD12: =BC12-BC11 -> 0 | BE12: =(BC12/'Finance Only'!B15)*100 -> #DIV/0! | BF12: =BG11 -> 0 | BH12: =MAX(0,BG12-BF12) -> 0 | BI12: =BH12-BH11 -> 0 | BJ12: =(BH12/'Finance Only'!B15)*100 -> #DIV/0! | BK12: =BL11 -> 0 | BM12: =MAX(0,BL12-BK12) -> 0 | BN12: =BM12-BM11 -> 0 | BO12: =(BM12/'Finance Only'!B15)*100 -> #DIV/0! | BP12: =BQ11 -> 0 | BR12: =MAX(0,BQ12-BP12) -> 0 | BS12: =BR12-BR11 -> 0 | BT12: =(BR12/'Finance Only'!B15)*100 -> #DIV/0! | BU12: =BV11 -> 0 | BW12: =MAX(0,BV12-BU12) -> 0 | BX12: =BW12-BW11 -> 0 | BY12: =(BW12/'Finance Only'!B15)*100 -> #DIV/0! | BZ12: =CA11 -> 0 | CB12: =MAX(0,CA12-BZ12) -> 0 | CC12: =CB12-CB11 -> 0 | CD12: =(CB12/'Finance Only'!B15)*100 -> #DIV/0! | CE12: =CF11 -> 0 | CG12: =MAX(0,CF12-CE12) -> 0 | CH12: =CG12-CG11 -> 0 | CI12: =(CG12/'Finance Only'!B15)*100 -> #DIV/0! | CJ12: =CK11 -> 0 | CL12: =MAX(0,CK12-CJ12) -> 0 | CM12: =CL12-CL11 -> 0 | CN12: =(CL12/'Finance Only'!B15)*100 -> #DIV/0! | CO12: =CP11 -> 0 | CQ12: =MAX(0,CP12-CO12) -> 0 | CR12: =CQ12-CQ11 -> 0 | CS12: =(CQ12/'Finance Only'!B15)*100 -> #DIV/0! | CT12: =CU11 -> 0 | CV12: =MAX(0,CU12-CT12) -> 0 | CW12: =CV12-CV11 -> 0 | CX12: =(CV12/'Finance Only'!B15)*100 -> #DIV/0! | CY12: =CZ11 -> 0 | DA12: =MAX(0,CZ12-CY12) -> 0 | DB12: =DA12-DA11 -> 0 | DC12: =(DA12/'Finance Only'!B15)*100 -> #DIV/0! | DD12: =DE11 -> 0 | DF12: =MAX(0,DE12-DD12) -> 0 | DG12: =DF12-DF11 -> 0 | DH12: =(DF12/'Finance Only'!B15)*100 -> #DIV/0! | DI12: =DJ11 -> 0 | DK12: =MAX(0,DJ12-DI12) -> 0 | DL12: =DK12-DK11 -> 0 | DM12: =(DK12/'Finance Only'!B15)*100 -> #DIV/0! | DN12: =DO11 -> 0 | DP12: =MAX(0,DO12-DN12) -> 0 | DQ12: =DP12-DP11 -> 0 | DR12: =(DP12/'Finance Only'!B15)*100 -> #DIV/0! | DS12: =DT11 -> 0 | DU12: =MAX(0,DT12-DS12) -> 0 | DV12: =DU12-DU11 -> 0 | DW12: =(DU12/'Finance Only'!B15)*100 -> #DIV/0! | DX12: =DY11 -> 0 | DZ12: =MAX(0,DY12-DX12) -> 0 | EA12: =DZ12-DZ11 -> 0 | EB12: =(DZ12/'Finance Only'!B15)*100 -> #DIV/0! | EC12: =ED11 -> 0 | EE12: =MAX(0,ED12-EC12) -> 0 | EF12: =EE12-EE11 -> 0 | EG12: =(EE12/'Finance Only'!B15)*100 -> #DIV/0! | EH12: =EI11 -> 0 | EJ12: =MAX(0,EI12-EH12) -> 0 | EK12: =EJ12-EJ11 -> 0 | EL12: =(EJ12/'Finance Only'!B15)*100 -> #DIV/0! | EM12: =EN11 -> 0 | EO12: =MAX(0,EN12-EM12) -> 0 | EP12: =EO12-EO11 -> 0 | EQ12: =(EO12/'Finance Only'!B15)*100 -> #DIV/0! | ER12: =ES11 -> 0 | ET12: =MAX(0,ES12-ER12) -> 0 | EU12: =ET12-ET11 -> 0 | EV12: =(ET12/'Finance Only'!B15)*100 -> #DIV/0! | EW12: =EX11 -> 0 | EY12: =MAX(0,EX12-EW12) -> 0 | EZ12: =EY12-EY11 -> 0 | FA12: =(EY12/'Finance Only'!G15)*100 -> #DIV/0! | FB12: =FC11 -> 0 | FD12: =MAX(0,FC12-FB12) -> 0 | FE12: =FD12-FD11 -> 0 | FF12: =(FD12/'Finance Only'!M15)*100 -> #DIV/0! | FL12: =FM11 -> 0 | FN12: =MAX(0,FM12-FL12) -> 0 | FO12: =FN12-FN11 -> 0 | FP12: =(FN12/'Finance Only'!R15)*100 -> #DIV/0! | FR12: =SUM(E12+J12) -> 0 | FT12: =SUM(T12+Y12+DZ12+EE12+EJ12+EO12) -> 0 | FV12: =SUM(AN12+AS12) -> 0 | FX12: =SUM(AX12+BC12+BH12) -> 0 | FZ12: =SUM(BM12+BR12+ET12) -> 0 | GB12: =SUM(EY12+FD12) -> 0
A13: 9 | B13: ='Finance Only'!G16 -> 0 | C13: =D12 -> 0 | E13: =MAX(0,D13-C13) -> 0 | F13: =E13-E12 -> 0 | G13: =(E13/'Finance Only'!B16)*100 -> #DIV/0! | H13: =I12 -> 0 | J13: =MAX(0,I13-H13) -> 0 | K13: =J13-J12 -> 0 | L13: =(J13/'Finance Only'!B16)*100 -> #DIV/0! | M13: =N12 -> 0 | O13: =MAX(0,N13-M13) -> 0 | P13: =O13-O12 -> 0 | Q13: =(O13/'Finance Only'!B16)*100 -> #DIV/0! | R13: =S12 -> 0 | T13: =MAX(0,S13-R13) -> 0 | U13: =T13-T12 -> 0 | V13: =(T13/'Finance Only'!B16)*100 -> #DIV/0! | W13: =X12 -> 0 | Y13: =MAX(0,X13-W13) -> 0 | Z13: =Y13-Y12 -> 0 | AA13: =(Y13/'Finance Only'!B16)*100 -> #DIV/0! | AB13: =AC12 -> 0 | AD13: =MAX(0,AC13-AB13) -> 0 | AE13: =AD13-AD12 -> 0 | AF13: =(AD13/'Finance Only'!B16)*100 -> #DIV/0! | AG13: =AH12 -> 0 | AI13: =MAX(0,AH13-AG13) -> 0 | AJ13: =AI13-AI12 -> 0 | AK13: =(AI13/'Finance Only'!B16)*100 -> #DIV/0! | AL13: =AM12 -> 0 | AN13: =MAX(0,AM13-AL13) -> 0 | AO13: =AN13-AN12 -> 0 | AP13: =(AN13/'Finance Only'!B16)*100 -> #DIV/0! | AQ13: =AR12 -> 0 | AS13: =MAX(0,AR13-AQ13) -> 0 | AT13: =AS13-AS12 -> 0 | AU13: =(AS13/'Finance Only'!B16)*100 -> #DIV/0! | AV13: =AW12 -> 0 | AX13: =MAX(0,AW13-AV13) -> 0 | AY13: =AX13-AX12 -> 0 | AZ13: =(AX13/'Finance Only'!B16)*100 -> #DIV/0! | BA13: =BB12 -> 0 | BC13: =MAX(0,BB13-BA13) -> 0 | BD13: =BC13-BC12 -> 0 | BE13: =(BC13/'Finance Only'!B16)*100 -> #DIV/0! | BF13: =BG12 -> 0 | BH13: =MAX(0,BG13-BF13) -> 0 | BI13: =BH13-BH12 -> 0 | BJ13: =(BH13/'Finance Only'!B16)*100 -> #DIV/0! | BK13: =BL12 -> 0 | BM13: =MAX(0,BL13-BK13) -> 0 | BN13: =BM13-BM12 -> 0 | BO13: =(BM13/'Finance Only'!B16)*100 -> #DIV/0! | BP13: =BQ12 -> 0 | BR13: =MAX(0,BQ13-BP13) -> 0 | BS13: =BR13-BR12 -> 0 | BT13: =(BR13/'Finance Only'!B16)*100 -> #DIV/0! | BU13: =BV12 -> 0 | BW13: =MAX(0,BV13-BU13) -> 0 | BX13: =BW13-BW12 -> 0 | BY13: =(BW13/'Finance Only'!B16)*100 -> #DIV/0! | BZ13: =CA12 -> 0 | CB13: =MAX(0,CA13-BZ13) -> 0 | CC13: =CB13-CB12 -> 0 | CD13: =(CB13/'Finance Only'!B16)*100 -> #DIV/0! | CE13: =CF12 -> 0 | CG13: =MAX(0,CF13-CE13) -> 0 | CH13: =CG13-CG12 -> 0 | CI13: =(CG13/'Finance Only'!B16)*100 -> #DIV/0! | CJ13: =CK12 -> 0 | CL13: =MAX(0,CK13-CJ13) -> 0 | CM13: =CL13-CL12 -> 0 | CN13: =(CL13/'Finance Only'!B16)*100 -> #DIV/0! | CO13: =CP12 -> 0 | CQ13: =MAX(0,CP13-CO13) -> 0 | CR13: =CQ13-CQ12 -> 0 | CS13: =(CQ13/'Finance Only'!B16)*100 -> #DIV/0! | CT13: =CU12 -> 0 | CV13: =MAX(0,CU13-CT13) -> 0 | CW13: =CV13-CV12 -> 0 | CX13: =(CV13/'Finance Only'!B16)*100 -> #DIV/0! | CY13: =CZ12 -> 0 | DA13: =MAX(0,CZ13-CY13) -> 0 | DB13: =DA13-DA12 -> 0 | DC13: =(DA13/'Finance Only'!B16)*100 -> #DIV/0! | DD13: =DE12 -> 0 | DF13: =MAX(0,DE13-DD13) -> 0 | DG13: =DF13-DF12 -> 0 | DH13: =(DF13/'Finance Only'!B16)*100 -> #DIV/0! | DI13: =DJ12 -> 0 | DK13: =MAX(0,DJ13-DI13) -> 0 | DL13: =DK13-DK12 -> 0 | DM13: =(DK13/'Finance Only'!B16)*100 -> #DIV/0! | DN13: =DO12 -> 0 | DP13: =MAX(0,DO13-DN13) -> 0 | DQ13: =DP13-DP12 -> 0 | DR13: =(DP13/'Finance Only'!B16)*100 -> #DIV/0! | DS13: =DT12 -> 0 | DU13: =MAX(0,DT13-DS13) -> 0 | DV13: =DU13-DU12 -> 0 | DW13: =(DU13/'Finance Only'!B16)*100 -> #DIV/0! | DX13: =DY12 -> 0 | DZ13: =MAX(0,DY13-DX13) -> 0 | EA13: =DZ13-DZ12 -> 0 | EB13: =(DZ13/'Finance Only'!B16)*100 -> #DIV/0! | EC13: =ED12 -> 0 | EE13: =MAX(0,ED13-EC13) -> 0 | EF13: =EE13-EE12 -> 0 | EG13: =(EE13/'Finance Only'!B16)*100 -> #DIV/0! | EH13: =EI12 -> 0 | EJ13: =MAX(0,EI13-EH13) -> 0 | EK13: =EJ13-EJ12 -> 0 | EL13: =(EJ13/'Finance Only'!B16)*100 -> #DIV/0! | EM13: =EN12 -> 0 | EO13: =MAX(0,EN13-EM13) -> 0 | EP13: =EO13-EO12 -> 0 | EQ13: =(EO13/'Finance Only'!B16)*100 -> #DIV/0! | ER13: =ES12 -> 0 | ET13: =MAX(0,ES13-ER13) -> 0 | EU13: =ET13-ET12 -> 0 | EV13: =(ET13/'Finance Only'!B16)*100 -> #DIV/0! | EW13: =EX12 -> 0 | EY13: =MAX(0,EX13-EW13) -> 0 | EZ13: =EY13-EY12 -> 0 | FA13: =(EY13/'Finance Only'!G16)*100 -> #DIV/0! | FB13: =FC12 -> 0 | FD13: =MAX(0,FC13-FB13) -> 0 | FE13: =FD13-FD12 -> 0 | FF13: =(FD13/'Finance Only'!M16)*100 -> #DIV/0! | FL13: =FM12 -> 0 | FN13: =MAX(0,FM13-FL13) -> 0 | FO13: =FN13-FN12 -> 0 | FP13: =(FN13/'Finance Only'!R16)*100 -> #DIV/0! | FR13: =SUM(E13+J13) -> 0 | FT13: =SUM(T13+Y13+DZ13+EE13+EJ13+EO13) -> 0 | FV13: =SUM(AN13+AS13) -> 0 | FX13: =SUM(AX13+BC13+BH13) -> 0 | FZ13: =SUM(BM13+BR13+ET13) -> 0 | GB13: =SUM(EY13+FD13) -> 0
A14: 10 | B14: ='Finance Only'!G17 -> 0 | C14: =D13 -> 0 | E14: =MAX(0,D14-C14) -> 0 | F14: =E14-E13 -> 0 | G14: =(E14/'Finance Only'!B17)*100 -> #DIV/0! | H14: =I13 -> 0 | J14: =MAX(0,I14-H14) -> 0 | K14: =J14-J13 -> 0 | L14: =(J14/'Finance Only'!B17)*100 -> #DIV/0! | M14: =N13 -> 0 | O14: =MAX(0,N14-M14) -> 0 | P14: =O14-O13 -> 0 | Q14: =(O14/'Finance Only'!B17)*100 -> #DIV/0! | R14: =S13 -> 0 | T14: =MAX(0,S14-R14) -> 0 | U14: =T14-T13 -> 0 | V14: =(T14/'Finance Only'!B17)*100 -> #DIV/0! | W14: =X13 -> 0 | Y14: =MAX(0,X14-W14) -> 0 | Z14: =Y14-Y13 -> 0 | AA14: =(Y14/'Finance Only'!B17)*100 -> #DIV/0! | AB14: =AC13 -> 0 | AD14: =MAX(0,AC14-AB14) -> 0 | AE14: =AD14-AD13 -> 0 | AF14: =(AD14/'Finance Only'!B17)*100 -> #DIV/0! | AG14: =AH13 -> 0 | AI14: =MAX(0,AH14-AG14) -> 0 | AJ14: =AI14-AI13 -> 0 | AK14: =(AI14/'Finance Only'!B17)*100 -> #DIV/0! | AL14: =AM13 -> 0 | AN14: =MAX(0,AM14-AL14) -> 0 | AO14: =AN14-AN13 -> 0 | AP14: =(AN14/'Finance Only'!B17)*100 -> #DIV/0! | AQ14: =AR13 -> 0 | AS14: =MAX(0,AR14-AQ14) -> 0 | AT14: =AS14-AS13 -> 0 | AU14: =(AS14/'Finance Only'!B17)*100 -> #DIV/0! | AV14: =AW13 -> 0 | AX14: =MAX(0,AW14-AV14) -> 0 | AY14: =AX14-AX13 -> 0 | AZ14: =(AX14/'Finance Only'!B17)*100 -> #DIV/0! | BA14: =BB13 -> 0 | BC14: =MAX(0,BB14-BA14) -> 0 | BD14: =BC14-BC13 -> 0 | BE14: =(BC14/'Finance Only'!B17)*100 -> #DIV/0! | BF14: =BG13 -> 0 | BH14: =MAX(0,BG14-BF14) -> 0 | BI14: =BH14-BH13 -> 0 | BJ14: =(BH14/'Finance Only'!B17)*100 -> #DIV/0! | BK14: =BL13 -> 0 | BM14: =MAX(0,BL14-BK14) -> 0 | BN14: =BM14-BM13 -> 0 | BO14: =(BM14/'Finance Only'!B17)*100 -> #DIV/0! | BP14: =BQ13 -> 0 | BR14: =MAX(0,BQ14-BP14) -> 0 | BS14: =BR14-BR13 -> 0 | BT14: =(BR14/'Finance Only'!B17)*100 -> #DIV/0! | BU14: =BV13 -> 0 | BW14: =MAX(0,BV14-BU14) -> 0 | BX14: =BW14-BW13 -> 0 | BY14: =(BW14/'Finance Only'!B17)*100 -> #DIV/0! | BZ14: =CA13 -> 0 | CB14: =MAX(0,CA14-BZ14) -> 0 | CC14: =CB14-CB13 -> 0 | CD14: =(CB14/'Finance Only'!B17)*100 -> #DIV/0! | CE14: =CF13 -> 0 | CG14: =MAX(0,CF14-CE14) -> 0 | CH14: =CG14-CG13 -> 0 | CI14: =(CG14/'Finance Only'!B17)*100 -> #DIV/0! | CJ14: =CK13 -> 0 | CL14: =MAX(0,CK14-CJ14) -> 0 | CM14: =CL14-CL13 -> 0 | CN14: =(CL14/'Finance Only'!B17)*100 -> #DIV/0! | CO14: =CP13 -> 0 | CQ14: =MAX(0,CP14-CO14) -> 0 | CR14: =CQ14-CQ13 -> 0 | CS14: =(CQ14/'Finance Only'!B17)*100 -> #DIV/0! | CT14: =CU13 -> 0 | CV14: =MAX(0,CU14-CT14) -> 0 | CW14: =CV14-CV13 -> 0 | CX14: =(CV14/'Finance Only'!B17)*100 -> #DIV/0! | CY14: =CZ13 -> 0 | DA14: =MAX(0,CZ14-CY14) -> 0 | DB14: =DA14-DA13 -> 0 | DC14: =(DA14/'Finance Only'!B17)*100 -> #DIV/0! | DD14: =DE13 -> 0 | DF14: =MAX(0,DE14-DD14) -> 0 | DG14: =DF14-DF13 -> 0 | DH14: =(DF14/'Finance Only'!B17)*100 -> #DIV/0! | DI14: =DJ13 -> 0 | DK14: =MAX(0,DJ14-DI14) -> 0 | DL14: =DK14-DK13 -> 0 | DM14: =(DK14/'Finance Only'!B17)*100 -> #DIV/0! | DN14: =DO13 -> 0 | DP14: =MAX(0,DO14-DN14) -> 0 | DQ14: =DP14-DP13 -> 0 | DR14: =(DP14/'Finance Only'!B17)*100 -> #DIV/0! | DS14: =DT13 -> 0 | DU14: =MAX(0,DT14-DS14) -> 0 | DV14: =DU14-DU13 -> 0 | DW14: =(DU14/'Finance Only'!B17)*100 -> #DIV/0! | DX14: =DY13 -> 0 | DZ14: =MAX(0,DY14-DX14) -> 0 | EA14: =DZ14-DZ13 -> 0 | EB14: =(DZ14/'Finance Only'!B17)*100 -> #DIV/0! | EC14: =ED13 -> 0 | EE14: =MAX(0,ED14-EC14) -> 0 | EF14: =EE14-EE13 -> 0 | EG14: =(EE14/'Finance Only'!B17)*100 -> #DIV/0! | EH14: =EI13 -> 0 | EJ14: =MAX(0,EI14-EH14) -> 0 | EK14: =EJ14-EJ13 -> 0 | EL14: =(EJ14/'Finance Only'!B17)*100 -> #DIV/0! | EM14: =EN13 -> 0 | EO14: =MAX(0,EN14-EM14) -> 0 | EP14: =EO14-EO13 -> 0 | EQ14: =(EO14/'Finance Only'!B17)*100 -> #DIV/0! | ER14: =ES13 -> 0 | ET14: =MAX(0,ES14-ER14) -> 0 | EU14: =ET14-ET13 -> 0 | EV14: =(ET14/'Finance Only'!B17)*100 -> #DIV/0! | EW14: =EX13 -> 0 | EY14: =MAX(0,EX14-EW14) -> 0 | EZ14: =EY14-EY13 -> 0 | FA14: =(EY14/'Finance Only'!G17)*100 -> #DIV/0! | FB14: =FC13 -> 0 | FD14: =MAX(0,FC14-FB14) -> 0 | FE14: =FD14-FD13 -> 0 | FF14: =(FD14/'Finance Only'!M17)*100 -> #DIV/0! | FL14: =FM13 -> 0 | FN14: =MAX(0,FM14-FL14) -> 0 | FO14: =FN14-FN13 -> 0 | FP14: =(FN14/'Finance Only'!R17)*100 -> #DIV/0! | FR14: =SUM(E14+J14) -> 0 | FT14: =SUM(T14+Y14+DZ14+EE14+EJ14+EO14) -> 0 | FV14: =SUM(AN14+AS14) -> 0 | FX14: =SUM(AX14+BC14+BH14) -> 0 | FZ14: =SUM(BM14+BR14+ET14) -> 0 | GB14: =SUM(EY14+FD14) -> 0
A15: 11 | B15: ='Finance Only'!G18 -> 0 | C15: =D14 -> 0 | E15: =MAX(0,D15-C15) -> 0 | F15: =E15-E14 -> 0 | G15: =(E15/'Finance Only'!B18)*100 -> #DIV/0! | H15: =I14 -> 0 | J15: =MAX(0,I15-H15) -> 0 | K15: =J15-J14 -> 0 | L15: =(J15/'Finance Only'!B18)*100 -> #DIV/0! | M15: =N14 -> 0 | O15: =MAX(0,N15-M15) -> 0 | P15: =O15-O14 -> 0 | Q15: =(O15/'Finance Only'!B18)*100 -> #DIV/0! | R15: =S14 -> 0 | T15: =MAX(0,S15-R15) -> 0 | U15: =T15-T14 -> 0 | V15: =(T15/'Finance Only'!B18)*100 -> #DIV/0! | W15: =X14 -> 0 | Y15: =MAX(0,X15-W15) -> 0 | Z15: =Y15-Y14 -> 0 | AA15: =(Y15/'Finance Only'!B18)*100 -> #DIV/0! | AB15: =AC14 -> 0 | AD15: =MAX(0,AC15-AB15) -> 0 | AE15: =AD15-AD14 -> 0 | AF15: =(AD15/'Finance Only'!B18)*100 -> #DIV/0! | AG15: =AH14 -> 0 | AI15: =MAX(0,AH15-AG15) -> 0 | AJ15: =AI15-AI14 -> 0 | AK15: =(AI15/'Finance Only'!B18)*100 -> #DIV/0! | AL15: =AM14 -> 0 | AN15: =MAX(0,AM15-AL15) -> 0 | AO15: =AN15-AN14 -> 0 | AP15: =(AN15/'Finance Only'!B18)*100 -> #DIV/0! | AQ15: =AR14 -> 0 | AS15: =MAX(0,AR15-AQ15) -> 0 | AT15: =AS15-AS14 -> 0 | AU15: =(AS15/'Finance Only'!B18)*100 -> #DIV/0! | AV15: =AW14 -> 0 | AX15: =MAX(0,AW15-AV15) -> 0 | AY15: =AX15-AX14 -> 0 | AZ15: =(AX15/'Finance Only'!B18)*100 -> #DIV/0! | BA15: =BB14 -> 0 | BC15: =MAX(0,BB15-BA15) -> 0 | BD15: =BC15-BC14 -> 0 | BE15: =(BC15/'Finance Only'!B18)*100 -> #DIV/0! | BF15: =BG14 -> 0 | BH15: =MAX(0,BG15-BF15) -> 0 | BI15: =BH15-BH14 -> 0 | BJ15: =(BH15/'Finance Only'!B18)*100 -> #DIV/0! | BK15: =BL14 -> 0 | BM15: =MAX(0,BL15-BK15) -> 0 | BN15: =BM15-BM14 -> 0 | BO15: =(BM15/'Finance Only'!B18)*100 -> #DIV/0! | BP15: =BQ14 -> 0 | BR15: =MAX(0,BQ15-BP15) -> 0 | BS15: =BR15-BR14 -> 0 | BT15: =(BR15/'Finance Only'!B18)*100 -> #DIV/0! | BU15: =BV14 -> 0 | BW15: =MAX(0,BV15-BU15) -> 0 | BX15: =BW15-BW14 -> 0 | BY15: =(BW15/'Finance Only'!B18)*100 -> #DIV/0! | BZ15: =CA14 -> 0 | CB15: =MAX(0,CA15-BZ15) -> 0 | CC15: =CB15-CB14 -> 0 | CD15: =(CB15/'Finance Only'!B18)*100 -> #DIV/0! | CE15: =CF14 -> 0 | CG15: =MAX(0,CF15-CE15) -> 0 | CH15: =CG15-CG14 -> 0 | CI15: =(CG15/'Finance Only'!B18)*100 -> #DIV/0! | CJ15: =CK14 -> 0 | CL15: =MAX(0,CK15-CJ15) -> 0 | CM15: =CL15-CL14 -> 0 | CN15: =(CL15/'Finance Only'!B18)*100 -> #DIV/0! | CO15: =CP14 -> 0 | CQ15: =MAX(0,CP15-CO15) -> 0 | CR15: =CQ15-CQ14 -> 0 | CS15: =(CQ15/'Finance Only'!B18)*100 -> #DIV/0! | CT15: =CU14 -> 0 | CV15: =MAX(0,CU15-CT15) -> 0 | CW15: =CV15-CV14 -> 0 | CX15: =(CV15/'Finance Only'!B18)*100 -> #DIV/0! | CY15: =CZ14 -> 0 | DA15: =MAX(0,CZ15-CY15) -> 0 | DB15: =DA15-DA14 -> 0 | DC15: =(DA15/'Finance Only'!B18)*100 -> #DIV/0! | DD15: =DE14 -> 0 | DF15: =MAX(0,DE15-DD15) -> 0 | DG15: =DF15-DF14 -> 0 | DH15: =(DF15/'Finance Only'!B18)*100 -> #DIV/0! | DI15: =DJ14 -> 0 | DK15: =MAX(0,DJ15-DI15) -> 0 | DL15: =DK15-DK14 -> 0 | DM15: =(DK15/'Finance Only'!B18)*100 -> #DIV/0! | DN15: =DO14 -> 0 | DP15: =MAX(0,DO15-DN15) -> 0 | DQ15: =DP15-DP14 -> 0 | DR15: =(DP15/'Finance Only'!B18)*100 -> #DIV/0! | DS15: =DT14 -> 0 | DU15: =MAX(0,DT15-DS15) -> 0 | DV15: =DU15-DU14 -> 0 | DW15: =(DU15/'Finance Only'!B18)*100 -> #DIV/0! | DX15: =DY14 -> 0 | DZ15: =MAX(0,DY15-DX15) -> 0 | EA15: =DZ15-DZ14 -> 0 | EB15: =(DZ15/'Finance Only'!B18)*100 -> #DIV/0! | EC15: =ED14 -> 0 | EE15: =MAX(0,ED15-EC15) -> 0 | EF15: =EE15-EE14 -> 0 | EG15: =(EE15/'Finance Only'!B18)*100 -> #DIV/0! | EH15: =EI14 -> 0 | EJ15: =MAX(0,EI15-EH15) -> 0 | EK15: =EJ15-EJ14 -> 0 | EL15: =(EJ15/'Finance Only'!B18)*100 -> #DIV/0! | EM15: =EN14 -> 0 | EO15: =MAX(0,EN15-EM15) -> 0 | EP15: =EO15-EO14 -> 0 | EQ15: =(EO15/'Finance Only'!B18)*100 -> #DIV/0! | ER15: =ES14 -> 0 | ET15: =MAX(0,ES15-ER15) -> 0 | EU15: =ET15-ET14 -> 0 | EV15: =(ET15/'Finance Only'!B18)*100 -> #DIV/0! | EW15: =EX14 -> 0 | EY15: =MAX(0,EX15-EW15) -> 0 | EZ15: =EY15-EY14 -> 0 | FA15: =(EY15/'Finance Only'!G18)*100 -> #DIV/0! | FB15: =FC14 -> 0 | FD15: =MAX(0,FC15-FB15) -> 0 | FE15: =FD15-FD14 -> 0 | FF15: =(FD15/'Finance Only'!M18)*100 -> #DIV/0! | FL15: =FM14 -> 0 | FN15: =MAX(0,FM15-FL15) -> 0 | FO15: =FN15-FN14 -> 0 | FP15: =(FN15/'Finance Only'!R18)*100 -> #DIV/0! | FR15: =SUM(E15+J15) -> 0 | FT15: =SUM(T15+Y15+DZ15+EE15+EJ15+EO15) -> 0 | FV15: =SUM(AN15+AS15) -> 0 | FX15: =SUM(AX15+BC15+BH15) -> 0 | FZ15: =SUM(BM15+BR15+ET15) -> 0 | GB15: =SUM(EY15+FD15) -> 0
A16: 12 | B16: ='Finance Only'!G19 -> 0 | C16: =D15 -> 0 | E16: =MAX(0,D16-C16) -> 0 | F16: =E16-E15 -> 0 | G16: =(E16/'Finance Only'!B19)*100 -> #DIV/0! | H16: =I15 -> 0 | J16: =MAX(0,I16-H16) -> 0 | K16: =J16-J15 -> 0 | L16: =(J16/'Finance Only'!B19)*100 -> #DIV/0! | M16: =N15 -> 0 | O16: =MAX(0,N16-M16) -> 0 | P16: =O16-O15 -> 0 | Q16: =(O16/'Finance Only'!B19)*100 -> #DIV/0! | R16: =S15 -> 0 | T16: =MAX(0,S16-R16) -> 0 | U16: =T16-T15 -> 0 | V16: =(T16/'Finance Only'!B19)*100 -> #DIV/0! | W16: =X15 -> 0 | Y16: =MAX(0,X16-W16) -> 0 | Z16: =Y16-Y15 -> 0 | AA16: =(Y16/'Finance Only'!B19)*100 -> #DIV/0! | AB16: =AC15 -> 0 | AD16: =MAX(0,AC16-AB16) -> 0 | AE16: =AD16-AD15 -> 0 | AF16: =(AD16/'Finance Only'!B19)*100 -> #DIV/0! | AG16: =AH15 -> 0 | AI16: =MAX(0,AH16-AG16) -> 0 | AJ16: =AI16-AI15 -> 0 | AK16: =(AI16/'Finance Only'!B19)*100 -> #DIV/0! | AL16: =AM15 -> 0 | AN16: =MAX(0,AM16-AL16) -> 0 | AO16: =AN16-AN15 -> 0 | AP16: =(AN16/'Finance Only'!B19)*100 -> #DIV/0! | AQ16: =AR15 -> 0 | AS16: =MAX(0,AR16-AQ16) -> 0 | AT16: =AS16-AS15 -> 0 | AU16: =(AS16/'Finance Only'!B19)*100 -> #DIV/0! | AV16: =AW15 -> 0 | AX16: =MAX(0,AW16-AV16) -> 0 | AY16: =AX16-AX15 -> 0 | AZ16: =(AX16/'Finance Only'!B19)*100 -> #DIV/0! | BA16: =BB15 -> 0 | BC16: =MAX(0,BB16-BA16) -> 0 | BD16: =BC16-BC15 -> 0 | BE16: =(BC16/'Finance Only'!B19)*100 -> #DIV/0! | BF16: =BG15 -> 0 | BH16: =MAX(0,BG16-BF16) -> 0 | BI16: =BH16-BH15 -> 0 | BJ16: =(BH16/'Finance Only'!B19)*100 -> #DIV/0! | BK16: =BL15 -> 0 | BM16: =MAX(0,BL16-BK16) -> 0 | BN16: =BM16-BM15 -> 0 | BO16: =(BM16/'Finance Only'!B19)*100 -> #DIV/0! | BP16: =BQ15 -> 0 | BR16: =MAX(0,BQ16-BP16) -> 0 | BS16: =BR16-BR15 -> 0 | BT16: =(BR16/'Finance Only'!B19)*100 -> #DIV/0! | BU16: =BV15 -> 0 | BW16: =MAX(0,BV16-BU16) -> 0 | BX16: =BW16-BW15 -> 0 | BY16: =(BW16/'Finance Only'!B19)*100 -> #DIV/0! | BZ16: =CA15 -> 0 | CB16: =MAX(0,CA16-BZ16) -> 0 | CC16: =CB16-CB15 -> 0 | CD16: =(CB16/'Finance Only'!B19)*100 -> #DIV/0! | CE16: =CF15 -> 0 | CG16: =MAX(0,CF16-CE16) -> 0 | CH16: =CG16-CG15 -> 0 | CI16: =(CG16/'Finance Only'!B19)*100 -> #DIV/0! | CJ16: =CK15 -> 0 | CL16: =MAX(0,CK16-CJ16) -> 0 | CM16: =CL16-CL15 -> 0 | CN16: =(CL16/'Finance Only'!B19)*100 -> #DIV/0! | CO16: =CP15 -> 0 | CQ16: =MAX(0,CP16-CO16) -> 0 | CR16: =CQ16-CQ15 -> 0 | CS16: =(CQ16/'Finance Only'!B19)*100 -> #DIV/0! | CT16: =CU15 -> 0 | CV16: =MAX(0,CU16-CT16) -> 0 | CW16: =CV16-CV15 -> 0 | CX16: =(CV16/'Finance Only'!B19)*100 -> #DIV/0! | CY16: =CZ15 -> 0 | DA16: =MAX(0,CZ16-CY16) -> 0 | DB16: =DA16-DA15 -> 0 | DC16: =(DA16/'Finance Only'!B19)*100 -> #DIV/0! | DD16: =DE15 -> 0 | DF16: =MAX(0,DE16-DD16) -> 0 | DG16: =DF16-DF15 -> 0 | DH16: =(DF16/'Finance Only'!B19)*100 -> #DIV/0! | DI16: =DJ15 -> 0 | DK16: =MAX(0,DJ16-DI16) -> 0 | DL16: =DK16-DK15 -> 0 | DM16: =(DK16/'Finance Only'!B19)*100 -> #DIV/0! | DN16: =DO15 -> 0 | DP16: =MAX(0,DO16-DN16) -> 0 | DQ16: =DP16-DP15 -> 0 | DR16: =(DP16/'Finance Only'!B19)*100 -> #DIV/0! | DS16: =DT15 -> 0 | DU16: =MAX(0,DT16-DS16) -> 0 | DV16: =DU16-DU15 -> 0 | DW16: =(DU16/'Finance Only'!B19)*100 -> #DIV/0! | DX16: =DY15 -> 0 | DZ16: =MAX(0,DY16-DX16) -> 0 | EA16: =DZ16-DZ15 -> 0 | EB16: =(DZ16/'Finance Only'!B19)*100 -> #DIV/0! | EC16: =ED15 -> 0 | EE16: =MAX(0,ED16-EC16) -> 0 | EF16: =EE16-EE15 -> 0 | EG16: =(EE16/'Finance Only'!B19)*100 -> #DIV/0! | EH16: =EI15 -> 0 | EJ16: =MAX(0,EI16-EH16) -> 0 | EK16: =EJ16-EJ15 -> 0 | EL16: =(EJ16/'Finance Only'!B19)*100 -> #DIV/0! | EM16: =EN15 -> 0 | EO16: =MAX(0,EN16-EM16) -> 0 | EP16: =EO16-EO15 -> 0 | EQ16: =(EO16/'Finance Only'!B19)*100 -> #DIV/0! | ER16: =ES15 -> 0 | ET16: =MAX(0,ES16-ER16) -> 0 | EU16: =ET16-ET15 -> 0 | EV16: =(ET16/'Finance Only'!B19)*100 -> #DIV/0! | EW16: =EX15 -> 0 | EY16: =MAX(0,EX16-EW16) -> 0 | EZ16: =EY16-EY15 -> 0 | FA16: =(EY16/'Finance Only'!G19)*100 -> #DIV/0! | FB16: =FC15 -> 0 | FD16: =MAX(0,FC16-FB16) -> 0 | FE16: =FD16-FD15 -> 0 | FF16: =(FD16/'Finance Only'!M19)*100 -> #DIV/0! | FL16: =FM15 -> 0 | FN16: =MAX(0,FM16-FL16) -> 0 | FO16: =FN16-FN15 -> 0 | FP16: =(FN16/'Finance Only'!R19)*100 -> #DIV/0! | FR16: =SUM(E16+J16) -> 0 | FT16: =SUM(T16+Y16+DZ16+EE16+EJ16+EO16) -> 0 | FV16: =SUM(AN16+AS16) -> 0 | FX16: =SUM(AX16+BC16+BH16) -> 0 | FZ16: =SUM(BM16+BR16+ET16) -> 0 | GB16: =SUM(EY16+FD16) -> 0
A17: 13 | B17: ='Finance Only'!G20 -> 0 | C17: =D16 -> 0 | E17: =MAX(0,D17-C17) -> 0 | F17: =E17-E16 -> 0 | G17: =(E17/'Finance Only'!B20)*100 -> #DIV/0! | H17: =I16 -> 0 | J17: =MAX(0,I17-H17) -> 0 | K17: =J17-J16 -> 0 | L17: =(J17/'Finance Only'!B20)*100 -> #DIV/0! | M17: =N16 -> 0 | O17: =MAX(0,N17-M17) -> 0 | P17: =O17-O16 -> 0 | Q17: =(O17/'Finance Only'!B20)*100 -> #DIV/0! | R17: =S16 -> 0 | T17: =MAX(0,S17-R17) -> 0 | U17: =T17-T16 -> 0 | V17: =(T17/'Finance Only'!B20)*100 -> #DIV/0! | W17: =X16 -> 0 | Y17: =MAX(0,X17-W17) -> 0 | Z17: =Y17-Y16 -> 0 | AA17: =(Y17/'Finance Only'!B20)*100 -> #DIV/0! | AB17: =AC16 -> 0 | AD17: =MAX(0,AC17-AB17) -> 0 | AE17: =AD17-AD16 -> 0 | AF17: =(AD17/'Finance Only'!B20)*100 -> #DIV/0! | AG17: =AH16 -> 0 | AI17: =MAX(0,AH17-AG17) -> 0 | AJ17: =AI17-AI16 -> 0 | AK17: =(AI17/'Finance Only'!B20)*100 -> #DIV/0! | AL17: =AM16 -> 0 | AN17: =MAX(0,AM17-AL17) -> 0 | AO17: =AN17-AN16 -> 0 | AP17: =(AN17/'Finance Only'!B20)*100 -> #DIV/0! | AQ17: =AR16 -> 0 | AS17: =MAX(0,AR17-AQ17) -> 0 | AT17: =AS17-AS16 -> 0 | AU17: =(AS17/'Finance Only'!B20)*100 -> #DIV/0! | AV17: =AW16 -> 0 | AX17: =MAX(0,AW17-AV17) -> 0 | AY17: =AX17-AX16 -> 0 | AZ17: =(AX17/'Finance Only'!B20)*100 -> #DIV/0! | BA17: =BB16 -> 0 | BC17: =MAX(0,BB17-BA17) -> 0 | BD17: =BC17-BC16 -> 0 | BE17: =(BC17/'Finance Only'!B20)*100 -> #DIV/0! | BF17: =BG16 -> 0 | BH17: =MAX(0,BG17-BF17) -> 0 | BI17: =BH17-BH16 -> 0 | BJ17: =(BH17/'Finance Only'!B20)*100 -> #DIV/0! | BK17: =BL16 -> 0 | BM17: =MAX(0,BL17-BK17) -> 0 | BN17: =BM17-BM16 -> 0 | BO17: =(BM17/'Finance Only'!B20)*100 -> #DIV/0! | BP17: =BQ16 -> 0 | BR17: =MAX(0,BQ17-BP17) -> 0 | BS17: =BR17-BR16 -> 0 | BT17: =(BR17/'Finance Only'!B20)*100 -> #DIV/0! | BU17: =BV16 -> 0 | BW17: =MAX(0,BV17-BU17) -> 0 | BX17: =BW17-BW16 -> 0 | BY17: =(BW17/'Finance Only'!B20)*100 -> #DIV/0! | BZ17: =CA16 -> 0 | CB17: =MAX(0,CA17-BZ17) -> 0 | CC17: =CB17-CB16 -> 0 | CD17: =(CB17/'Finance Only'!B20)*100 -> #DIV/0! | CE17: =CF16 -> 0 | CG17: =MAX(0,CF17-CE17) -> 0 | CH17: =CG17-CG16 -> 0 | CI17: =(CG17/'Finance Only'!B20)*100 -> #DIV/0! | CJ17: =CK16 -> 0 | CL17: =MAX(0,CK17-CJ17) -> 0 | CM17: =CL17-CL16 -> 0 | CN17: =(CL17/'Finance Only'!B20)*100 -> #DIV/0! | CO17: =CP16 -> 0 | CQ17: =MAX(0,CP17-CO17) -> 0 | CR17: =CQ17-CQ16 -> 0 | CS17: =(CQ17/'Finance Only'!B20)*100 -> #DIV/0! | CT17: =CU16 -> 0 | CV17: =MAX(0,CU17-CT17) -> 0 | CW17: =CV17-CV16 -> 0 | CX17: =(CV17/'Finance Only'!B20)*100 -> #DIV/0! | CY17: =CZ16 -> 0 | DA17: =MAX(0,CZ17-CY17) -> 0 | DB17: =DA17-DA16 -> 0 | DC17: =(DA17/'Finance Only'!B20)*100 -> #DIV/0! | DD17: =DE16 -> 0 | DF17: =MAX(0,DE17-DD17) -> 0 | DG17: =DF17-DF16 -> 0 | DH17: =(DF17/'Finance Only'!B20)*100 -> #DIV/0! | DI17: =DJ16 -> 0 | DK17: =MAX(0,DJ17-DI17) -> 0 | DL17: =DK17-DK16 -> 0 | DM17: =(DK17/'Finance Only'!B20)*100 -> #DIV/0! | DN17: =DO16 -> 0 | DP17: =MAX(0,DO17-DN17) -> 0 | DQ17: =DP17-DP16 -> 0 | DR17: =(DP17/'Finance Only'!B20)*100 -> #DIV/0! | DS17: =DT16 -> 0 | DU17: =MAX(0,DT17-DS17) -> 0 | DV17: =DU17-DU16 -> 0 | DW17: =(DU17/'Finance Only'!B20)*100 -> #DIV/0! | DX17: =DY16 -> 0 | DZ17: =MAX(0,DY17-DX17) -> 0 | EA17: =DZ17-DZ16 -> 0 | EB17: =(DZ17/'Finance Only'!B20)*100 -> #DIV/0! | EC17: =ED16 -> 0 | EE17: =MAX(0,ED17-EC17) -> 0 | EF17: =EE17-EE16 -> 0 | EG17: =(EE17/'Finance Only'!B20)*100 -> #DIV/0! | EH17: =EI16 -> 0 | EJ17: =MAX(0,EI17-EH17) -> 0 | EK17: =EJ17-EJ16 -> 0 | EL17: =(EJ17/'Finance Only'!B20)*100 -> #DIV/0! | EM17: =EN16 -> 0 | EO17: =MAX(0,EN17-EM17) -> 0 | EP17: =EO17-EO16 -> 0 | EQ17: =(EO17/'Finance Only'!B20)*100 -> #DIV/0! | ER17: =ES16 -> 0 | ET17: =MAX(0,ES17-ER17) -> 0 | EU17: =ET17-ET16 -> 0 | EV17: =(ET17/'Finance Only'!B20)*100 -> #DIV/0! | EW17: =EX16 -> 0 | EY17: =MAX(0,EX17-EW17) -> 0 | EZ17: =EY17-EY16 -> 0 | FA17: =(EY17/'Finance Only'!G20)*100 -> #DIV/0! | FB17: =FC16 -> 0 | FD17: =MAX(0,FC17-FB17) -> 0 | FE17: =FD17-FD16 -> 0 | FF17: =(FD17/'Finance Only'!M20)*100 -> #DIV/0! | FL17: =FM16 -> 0 | FN17: =MAX(0,FM17-FL17) -> 0 | FO17: =FN17-FN16 -> 0 | FP17: =(FN17/'Finance Only'!R20)*100 -> #DIV/0! | FR17: =SUM(E17+J17) -> 0 | FT17: =SUM(T17+Y17+DZ17+EE17+EJ17+EO17) -> 0 | FV17: =SUM(AN17+AS17) -> 0 | FX17: =SUM(AX17+BC17+BH17) -> 0 | FZ17: =SUM(BM17+BR17+ET17) -> 0 | GB17: =SUM(EY17+FD17) -> 0
A18: 14 | B18: ='Finance Only'!G21 -> 0 | C18: =D17 -> 0 | E18: =MAX(0,D18-C18) -> 0 | F18: =E18-E17 -> 0 | G18: =(E18/'Finance Only'!B21)*100 -> #DIV/0! | H18: =I17 -> 0 | J18: =MAX(0,I18-H18) -> 0 | K18: =J18-J17 -> 0 | L18: =(J18/'Finance Only'!B21)*100 -> #DIV/0! | M18: =N17 -> 0 | O18: =MAX(0,N18-M18) -> 0 | P18: =O18-O17 -> 0 | Q18: =(O18/'Finance Only'!B21)*100 -> #DIV/0! | R18: =S17 -> 0 | T18: =MAX(0,S18-R18) -> 0 | U18: =T18-T17 -> 0 | V18: =(T18/'Finance Only'!B21)*100 -> #DIV/0! | W18: =X17 -> 0 | Y18: =MAX(0,X18-W18) -> 0 | Z18: =Y18-Y17 -> 0 | AA18: =(Y18/'Finance Only'!B21)*100 -> #DIV/0! | AB18: =AC17 -> 0 | AD18: =MAX(0,AC18-AB18) -> 0 | AE18: =AD18-AD17 -> 0 | AF18: =(AD18/'Finance Only'!B21)*100 -> #DIV/0! | AG18: =AH17 -> 0 | AI18: =MAX(0,AH18-AG18) -> 0 | AJ18: =AI18-AI17 -> 0 | AK18: =(AI18/'Finance Only'!B21)*100 -> #DIV/0! | AL18: =AM17 -> 0 | AN18: =MAX(0,AM18-AL18) -> 0 | AO18: =AN18-AN17 -> 0 | AP18: =(AN18/'Finance Only'!B21)*100 -> #DIV/0! | AQ18: =AR17 -> 0 | AS18: =MAX(0,AR18-AQ18) -> 0 | AT18: =AS18-AS17 -> 0 | AU18: =(AS18/'Finance Only'!B21)*100 -> #DIV/0! | AV18: =AW17 -> 0 | AX18: =MAX(0,AW18-AV18) -> 0 | AY18: =AX18-AX17 -> 0 | AZ18: =(AX18/'Finance Only'!B21)*100 -> #DIV/0! | BA18: =BB17 -> 0 | BC18: =MAX(0,BB18-BA18) -> 0 | BD18: =BC18-BC17 -> 0 | BE18: =(BC18/'Finance Only'!B21)*100 -> #DIV/0! | BF18: =BG17 -> 0 | BH18: =MAX(0,BG18-BF18) -> 0 | BI18: =BH18-BH17 -> 0 | BJ18: =(BH18/'Finance Only'!B21)*100 -> #DIV/0! | BK18: =BL17 -> 0 | BM18: =MAX(0,BL18-BK18) -> 0 | BN18: =BM18-BM17 -> 0 | BO18: =(BM18/'Finance Only'!B21)*100 -> #DIV/0! | BP18: =BQ17 -> 0 | BR18: =MAX(0,BQ18-BP18) -> 0 | BS18: =BR18-BR17 -> 0 | BT18: =(BR18/'Finance Only'!B21)*100 -> #DIV/0! | BU18: =BV17 -> 0 | BW18: =MAX(0,BV18-BU18) -> 0 | BX18: =BW18-BW17 -> 0 | BY18: =(BW18/'Finance Only'!B21)*100 -> #DIV/0! | BZ18: =CA17 -> 0 | CB18: =MAX(0,CA18-BZ18) -> 0 | CC18: =CB18-CB17 -> 0 | CD18: =(CB18/'Finance Only'!B21)*100 -> #DIV/0! | CE18: =CF17 -> 0 | CG18: =MAX(0,CF18-CE18) -> 0 | CH18: =CG18-CG17 -> 0 | CI18: =(CG18/'Finance Only'!B21)*100 -> #DIV/0! | CJ18: =CK17 -> 0 | CL18: =MAX(0,CK18-CJ18) -> 0 | CM18: =CL18-CL17 -> 0 | CN18: =(CL18/'Finance Only'!B21)*100 -> #DIV/0! | CO18: =CP17 -> 0 | CQ18: =MAX(0,CP18-CO18) -> 0 | CR18: =CQ18-CQ17 -> 0 | CS18: =(CQ18/'Finance Only'!B21)*100 -> #DIV/0! | CT18: =CU17 -> 0 | CV18: =MAX(0,CU18-CT18) -> 0 | CW18: =CV18-CV17 -> 0 | CX18: =(CV18/'Finance Only'!B21)*100 -> #DIV/0! | CY18: =CZ17 -> 0 | DA18: =MAX(0,CZ18-CY18) -> 0 | DB18: =DA18-DA17 -> 0 | DC18: =(DA18/'Finance Only'!B21)*100 -> #DIV/0! | DD18: =DE17 -> 0 | DF18: =MAX(0,DE18-DD18) -> 0 | DG18: =DF18-DF17 -> 0 | DH18: =(DF18/'Finance Only'!B21)*100 -> #DIV/0! | DI18: =DJ17 -> 0 | DK18: =MAX(0,DJ18-DI18) -> 0 | DL18: =DK18-DK17 -> 0 | DM18: =(DK18/'Finance Only'!B21)*100 -> #DIV/0! | DN18: =DO17 -> 0 | DP18: =MAX(0,DO18-DN18) -> 0 | DQ18: =DP18-DP17 -> 0 | DR18: =(DP18/'Finance Only'!B21)*100 -> #DIV/0! | DS18: =DT17 -> 0 | DU18: =MAX(0,DT18-DS18) -> 0 | DV18: =DU18-DU17 -> 0 | DW18: =(DU18/'Finance Only'!B21)*100 -> #DIV/0! | DX18: =DY17 -> 0 | DZ18: =MAX(0,DY18-DX18) -> 0 | EA18: =DZ18-DZ17 -> 0 | EB18: =(DZ18/'Finance Only'!B21)*100 -> #DIV/0! | EC18: =ED17 -> 0 | EE18: =MAX(0,ED18-EC18) -> 0 | EF18: =EE18-EE17 -> 0 | EG18: =(EE18/'Finance Only'!B21)*100 -> #DIV/0! | EH18: =EI17 -> 0 | EJ18: =MAX(0,EI18-EH18) -> 0 | EK18: =EJ18-EJ17 -> 0 | EL18: =(EJ18/'Finance Only'!B21)*100 -> #DIV/0! | EM18: =EN17 -> 0 | EO18: =MAX(0,EN18-EM18) -> 0 | EP18: =EO18-EO17 -> 0 | EQ18: =(EO18/'Finance Only'!B21)*100 -> #DIV/0! | ER18: =ES17 -> 0 | ET18: =MAX(0,ES18-ER18) -> 0 | EU18: =ET18-ET17 -> 0 | EV18: =(ET18/'Finance Only'!B21)*100 -> #DIV/0! | EW18: =EX17 -> 0 | EY18: =MAX(0,EX18-EW18) -> 0 | EZ18: =EY18-EY17 -> 0 | FA18: =(EY18/'Finance Only'!G21)*100 -> #DIV/0! | FB18: =FC17 -> 0 | FD18: =MAX(0,FC18-FB18) -> 0 | FE18: =FD18-FD17 -> 0 | FF18: =(FD18/'Finance Only'!M21)*100 -> #DIV/0! | FL18: =FM17 -> 0 | FN18: =MAX(0,FM18-FL18) -> 0 | FO18: =FN18-FN17 -> 0 | FP18: =(FN18/'Finance Only'!R21)*100 -> #DIV/0! | FR18: =SUM(E18+J18) -> 0 | FT18: =SUM(T18+Y18+DZ18+EE18+EJ18+EO18) -> 0 | FV18: =SUM(AN18+AS18) -> 0 | FX18: =SUM(AX18+BC18+BH18) -> 0 | FZ18: =SUM(BM18+BR18+ET18) -> 0 | GB18: =SUM(EY18+FD18) -> 0
... A34: 30 | B34: ='Finance Only'!G37 -> 0 | C34: =D33 -> 0 | E34: =MAX(0,D34-C34) -> 0 | F34: =E34-E33 -> 0 | G34: =(E34/'Finance Only'!B37)*100 -> #DIV/0! | H34: =I33 -> 0 | J34: =MAX(0,I34-H34) -> 0 | K34: =J34-J33 -> 0 | L34: =(J34/'Finance Only'!B37)*100 -> #DIV/0! | M34: =N33 -> 0 | O34: =MAX(0,N34-M34) -> 0 | P34: =O34-O33 -> 0 | Q34: =(O34/'Finance Only'!B37)*100 -> #DIV/0! | R34: =S33 -> 0 | T34: =MAX(0,S34-R34) -> 0 | U34: =T34-T33 -> 0 | V34: =(T34/'Finance Only'!B37)*100 -> #DIV/0! | W34: =X33 -> 0 | Y34: =MAX(0,X34-W34) -> 0 | Z34: =Y34-Y33 -> 0 | AA34: =(Y34/'Finance Only'!B37)*100 -> #DIV/0! | AB34: =AC33 -> 0 | AD34: =MAX(0,AC34-AB34) -> 0 | AE34: =AD34-AD33 -> 0 | AF34: =(AD34/'Finance Only'!B37)*100 -> #DIV/0! | AG34: =AH33 -> 0 | AI34: =MAX(0,AH34-AG34) -> 0 | AJ34: =AI34-AI33 -> 0 | AK34: =(AI34/'Finance Only'!B37)*100 -> #DIV/0! | AL34: =AM33 -> 0 | AN34: =MAX(0,AM34-AL34) -> 0 | AO34: =AN34-AN33 -> 0 | AP34: =(AN34/'Finance Only'!B37)*100 -> #DIV/0! | AQ34: =AR33 -> 0 | AS34: =MAX(0,AR34-AQ34) -> 0 | AT34: =AS34-AS33 -> 0 | AU34: =(AS34/'Finance Only'!B37)*100 -> #DIV/0! | AV34: =AW33 -> 0 | AX34: =MAX(0,AW34-AV34) -> 0 | AY34: =AX34-AX33 -> 0 | AZ34: =(AX34/'Finance Only'!B37)*100 -> #DIV/0! | BA34: =BB33 -> 0 | BC34: =MAX(0,BB34-BA34) -> 0 | BD34: =BC34-BC33 -> 0 | BE34: =(BC34/'Finance Only'!B37)*100 -> #DIV/0! | BF34: =BG33 -> 0 | BH34: =MAX(0,BG34-BF34) -> 0 | BI34: =BH34-BH33 -> 0 | BJ34: =(BH34/'Finance Only'!B37)*100 -> #DIV/0! | BK34: =BL33 -> 0 | BM34: =MAX(0,BL34-BK34) -> 0 | BN34: =BM34-BM33 -> 0 | BO34: =(BM34/'Finance Only'!B37)*100 -> #DIV/0! | BP34: =BQ33 -> 0 | BR34: =MAX(0,BQ34-BP34) -> 0 | BS34: =BR34-BR33 -> 0 | BT34: =(BR34/'Finance Only'!B37)*100 -> #DIV/0! | BU34: =BV33 -> 0 | BW34: =MAX(0,BV34-BU34) -> 0 | BX34: =BW34-BW33 -> 0 | BY34: =(BW34/'Finance Only'!B37)*100 -> #DIV/0! | BZ34: =CA33 -> 0 | CB34: =MAX(0,CA34-BZ34) -> 0 | CC34: =CB34-CB33 -> 0 | CD34: =(CB34/'Finance Only'!B37)*100 -> #DIV/0! | CE34: =CF33 -> 0 | CG34: =MAX(0,CF34-CE34) -> 0 | CH34: =CG34-CG33 -> 0 | CI34: =(CG34/'Finance Only'!B37)*100 -> #DIV/0! | CJ34: =CK33 -> 0 | CL34: =MAX(0,CK34-CJ34) -> 0 | CM34: =CL34-CL33 -> 0 | CN34: =(CL34/'Finance Only'!B37)*100 -> #DIV/0! | CO34: =CP33 -> 0 | CQ34: =MAX(0,CP34-CO34) -> 0 | CR34: =CQ34-CQ33 -> 0 | CS34: =(CQ34/'Finance Only'!B37)*100 -> #DIV/0! | CT34: =CU33 -> 0 | CV34: =MAX(0,CU34-CT34) -> 0 | CW34: =CV34-CV33 -> 0 | CX34: =(CV34/'Finance Only'!B37)*100 -> #DIV/0! | CY34: =CZ33 -> 0 | DA34: =MAX(0,CZ34-CY34) -> 0 | DB34: =DA34-DA33 -> 0 | DC34: =(DA34/'Finance Only'!B37)*100 -> #DIV/0! | DD34: =DE33 -> 0 | DF34: =MAX(0,DE34-DD34) -> 0 | DG34: =DF34-DF33 -> 0 | DH34: =(DF34/'Finance Only'!B37)*100 -> #DIV/0! | DI34: =DJ33 -> 0 | DK34: =MAX(0,DJ34-DI34) -> 0 | DL34: =DK34-DK33 -> 0 | DM34: =(DK34/'Finance Only'!B37)*100 -> #DIV/0! | DN34: =DO33 -> 0 | DP34: =MAX(0,DO34-DN34) -> 0 | DQ34: =DP34-DP33 -> 0 | DR34: =(DP34/'Finance Only'!B37)*100 -> #DIV/0! | DS34: =DT33 -> 0 | DU34: =MAX(0,DT34-DS34) -> 0 | DV34: =DU34-DU33 -> 0 | DW34: =(DU34/'Finance Only'!B37)*100 -> #DIV/0! | DX34: =DY33 -> 0 | DZ34: =MAX(0,DY34-DX34) -> 0 | EA34: =DZ34-DZ33 -> 0 | EB34: =(DZ34/'Finance Only'!B37)*100 -> #DIV/0! | EC34: =ED33 -> 0 | EE34: =MAX(0,ED34-EC34) -> 0 | EF34: =EE34-EE33 -> 0 | EG34: =(EE34/'Finance Only'!B37)*100 -> #DIV/0! | EH34: =EI33 -> 0 | EJ34: =MAX(0,EI34-EH34) -> 0 | EK34: =EJ34-EJ33 -> 0 | EL34: =(EJ34/'Finance Only'!B37)*100 -> #DIV/0! | EM34: =EN33 -> 0 | EO34: =MAX(0,EN34-EM34) -> 0 | EP34: =EO34-EO33 -> 0 | EQ34: =(EO34/'Finance Only'!B37)*100 -> #DIV/0! | ER34: =ES33 -> 0 | ET34: =MAX(0,ES34-ER34) -> 0 | EU34: =ET34-ET33 -> 0 | EV34: =(ET34/'Finance Only'!B37)*100 -> #DIV/0! | EW34: =EX33 -> 0 | EY34: =MAX(0,EX34-EW34) -> 0 | EZ34: =EY34-EY33 -> 0 | FA34: =(EY34/'Finance Only'!G37)*100 -> #DIV/0! | FB34: =FC33 -> 0 | FD34: =MAX(0,FC34-FB34) -> 0 | FE34: =FD34-FD33 -> 0 | FF34: =(FD34/'Finance Only'!M37)*100 -> #DIV/0! | FL34: =FM33 -> 0 | FN34: =MAX(0,FM34-FL34) -> 0 | FO34: =FN34-FN33 -> 0 | FP34: =(FN34/'Finance Only'!R37)*100 -> #DIV/0! | FR34: =SUM(E34+J34) -> 0 | FT34: =SUM(T34+Y34+DZ34+EE34+EJ34+EO34) -> 0 | FV34: =SUM(AN34+AS34) -> 0 | FX34: =SUM(AX34+BC34+BH34) -> 0 | FZ34: =SUM(BM34+BR34+ET34) -> 0 | GB34: =SUM(EY34+FD34) -> 0
A35: 31 | B35: ='Finance Only'!#REF! -> #REF! | C35: =D34 -> 0 | E35: =MAX(0,D35-C35) -> 0 | F35: =E35-E34 -> 0 | G35: =(E35/'Finance Only'!B39)*100 -> 0 | H35: =I34 -> 0 | J35: =MAX(0,I35-H35) -> 0 | K35: =J35-J34 -> 0 | L35: =(J35/'Finance Only'!B39)*100 -> 0 | M35: =N34 -> 0 | O35: =MAX(0,N35-M35) -> 0 | P35: =O35-O34 -> 0 | Q35: =(O35/'Finance Only'!B39)*100 -> 0 | R35: =S34 -> 0 | T35: =MAX(0,S35-R35) -> 0 | U35: =T35-T34 -> 0 | V35: =(T35/'Finance Only'!B39)*100 -> 0 | W35: =X34 -> 0 | Y35: =MAX(0,X35-W35) -> 0 | Z35: =Y35-Y34 -> 0 | AA35: =(Y35/'Finance Only'!B39)*100 -> 0 | AB35: =AC34 -> 0 | AD35: =MAX(0,AC35-AB35) -> 0 | AE35: =AD35-AD34 -> 0 | AF35: =(AD35/'Finance Only'!B39)*100 -> 0 | AG35: =AH34 -> 0 | AI35: =MAX(0,AH35-AG35) -> 0 | AJ35: =AI35-AI34 -> 0 | AK35: =(AI35/'Finance Only'!B39)*100 -> 0 | AL35: =AM34 -> 0 | AN35: =MAX(0,AM35-AL35) -> 0 | AO35: =AN35-AN34 -> 0 | AP35: =(AN35/'Finance Only'!B39)*100 -> 0 | AQ35: =AR34 -> 0 | AS35: =MAX(0,AR35-AQ35) -> 0 | AT35: =AS35-AS34 -> 0 | AU35: =(AS35/'Finance Only'!B39)*100 -> 0 | AV35: =AW34 -> 0 | AX35: =MAX(0,AW35-AV35) -> 0 | AY35: =AX35-AX34 -> 0 | AZ35: =(AX35/'Finance Only'!B39)*100 -> 0 | BA35: =BB34 -> 0 | BC35: =MAX(0,BB35-BA35) -> 0 | BD35: =BC35-BC34 -> 0 | BE35: =(BC35/'Finance Only'!B39)*100 -> 0 | BF35: =BG34 -> 0 | BH35: =MAX(0,BG35-BF35) -> 0 | BI35: =BH35-BH34 -> 0 | BJ35: =(BH35/'Finance Only'!B39)*100 -> 0 | BK35: =BL34 -> 0 | BM35: =MAX(0,BL35-BK35) -> 0 | BN35: =BM35-BM34 -> 0 | BO35: =(BM35/'Finance Only'!B39)*100 -> 0 | BP35: =BQ34 -> 0 | BR35: =MAX(0,BQ35-BP35) -> 0 | BS35: =BR35-BR34 -> 0 | BT35: =(BR35/'Finance Only'!B39)*100 -> 0 | BU35: =BV34 -> 0 | BW35: =MAX(0,BV35-BU35) -> 0 | BX35: =BW35-BW34 -> 0 | BY35: =(BW35/'Finance Only'!B39)*100 -> 0 | BZ35: =CA34 -> 0 | CB35: =MAX(0,CA35-BZ35) -> 0 | CC35: =CB35-CB34 -> 0 | CD35: =(CB35/'Finance Only'!B39)*100 -> 0 | CE35: =CF34 -> 0 | CG35: =MAX(0,CF35-CE35) -> 0 | CH35: =CG35-CG34 -> 0 | CI35: =(CG35/'Finance Only'!B39)*100 -> 0 | CJ35: =CK34 -> 0 | CL35: =MAX(0,CK35-CJ35) -> 0 | CM35: =CL35-CL34 -> 0 | CN35: =(CL35/'Finance Only'!B39)*100 -> 0 | CO35: =CP34 -> 0 | CQ35: =MAX(0,CP35-CO35) -> 0 | CR35: =CQ35-CQ34 -> 0 | CS35: =(CQ35/'Finance Only'!B39)*100 -> 0 | CT35: =CU34 -> 0 | CV35: =MAX(0,CU35-CT35) -> 0 | CW35: =CV35-CV34 -> 0 | CX35: =(CV35/'Finance Only'!B39)*100 -> 0 | CY35: =CZ34 -> 0 | DA35: =MAX(0,CZ35-CY35) -> 0 | DB35: =DA35-DA34 -> 0 | DC35: =(DA35/'Finance Only'!B39)*100 -> 0 | DD35: =DE34 -> 0 | DF35: =MAX(0,DE35-DD35) -> 0 | DG35: =DF35-DF34 -> 0 | DH35: =(DF35/'Finance Only'!B39)*100 -> 0 | DI35: =DJ34 -> 0 | DK35: =MAX(0,DJ35-DI35) -> 0 | DL35: =DK35-DK34 -> 0 | DM35: =(DK35/'Finance Only'!B39)*100 -> 0 | DN35: =DO34 -> 0 | DP35: =MAX(0,DO35-DN35) -> 0 | DQ35: =DP35-DP34 -> 0 | DR35: =(DP35/'Finance Only'!B39)*100 -> 0 | DS35: =DT34 -> 0 | DU35: =MAX(0,DT35-DS35) -> 0 | DV35: =DU35-DU34 -> 0 | DW35: =(DU35/'Finance Only'!B39)*100 -> 0 | DX35: =DY34 -> 0 | DZ35: =MAX(0,DY35-DX35) -> 0 | EA35: =DZ35-DZ34 -> 0 | EB35: =(DZ35/'Finance Only'!B39)*100 -> 0 | EC35: =ED34 -> 0 | EE35: =MAX(0,ED35-EC35) -> 0 | EF35: =EE35-EE34 -> 0 | EG35: =(EE35/'Finance Only'!B39)*100 -> 0 | EH35: =EI34 -> 0 | EJ35: =MAX(0,EI35-EH35) -> 0 | EK35: =EJ35-EJ34 -> 0 | EL35: =(EJ35/'Finance Only'!B39)*100 -> 0 | EM35: =EN34 -> 0 | EO35: =MAX(0,EN35-EM35) -> 0 | EP35: =EO35-EO34 -> 0 | EQ35: =(EO35/'Finance Only'!B39)*100 -> 0 | ER35: =ES34 -> 0 | ET35: =MAX(0,ES35-ER35) -> 0 | EU35: =ET35-ET34 -> 0 | EV35: =(ET35/'Finance Only'!B39)*100 -> 0 | EW35: =EX34 -> 0 | EY35: =MAX(0,EX35-EW35) -> 0 | EZ35: =EY35-EY34 -> 0 | FA35: =(EY35/'Finance Only'!G39)*100 -> 0 | FB35: =FC34 -> 0 | FD35: =MAX(0,FC35-FB35) -> 0 | FE35: =FD35-FD34 -> 0 | FF35: =(FD35/'Finance Only'!M39)*100 -> #DIV/0! | FL35: =FM34 -> 0 | FN35: =MAX(0,FM35-FL35) -> 0 | FO35: =FN35-FN34 -> 0 | FP35: =(FN35/'Finance Only'!R39)*100 -> #DIV/0! | FR35: =SUM(E35+J35) -> 0 | FT35: =SUM(T35+Y35+DZ35+EE35+EJ35+EO35) -> 0 | FV35: =SUM(AN35+AS35) -> 0 | FX35: =SUM(AX35+BC35+BH35) -> 0 | FZ35: =SUM(BM35+BR35+ET35) -> 0 | GB35: =SUM(EY35+FD35) -> 0
A36: Total | E36: =SUM(E5:E34) -> 8291 | J36: =SUM(J5:J34) -> 11019 | O36: =SUM(O5:O34) -> 27863 | T36: =SUM(T5:T34) -> 4800 | Y36: =SUM(Y5:Y34) -> 6178 | AD36: =SUM(AD5:AD34) -> 4500 | AI36: =SUM(AI5:AI34) -> 1709 | AN36: =SUM(AN5:AN34) -> 680 | AS36: =SUM(AS5:AS34) -> 2485 | AX36: =SUM(AX5:AX34) -> 875 | BC36: =SUM(BC5:BC34) -> 1551 | BH36: =SUM(BH5:BH34) -> 1815 | BM36: =SUM(BM5:BM34) -> 1805 | BR36: =SUM(BR5:BR34) -> 1084 | BW36: =SUM(BW5:BW34) -> 835 | CB36: =SUM(CB5:CB34) -> 2580 | CG36: =SUM(CG5:CG34) -> 790 | CL36: =SUM(CL5:CL34) -> 2390 | CQ36: =SUM(CQ5:CQ34) -> 277 | CV36: =SUM(CV5:CV34) -> 174 | DA36: =SUM(DA5:DA34) -> 247 | DF36: =SUM(DF5:DF34) -> 1890 | DK36: =SUM(DK5:DK34) -> 1510 | DP36: =SUM(DP5:DP34) -> 780 | DU36: =SUM(DU5:DU34) -> 2710 | DZ36: =SUM(DZ5:DZ34) -> 1600 | EE36: =SUM(EE5:EE34) -> 590 | EJ36: =SUM(EJ5:EJ34) -> 750 | EO36: =SUM(EO5:EO34) -> 1010 | ET36: =SUM(ET5:ET34) -> 0 | EY36: =SUM(EY5:EY34) -> 1824 | FD36: =SUM(FD5:FD34) -> 1166 | FN36: =SUM(FN5:FN34) -> 0

Sheet WATER
A1: RO Plant Water Production Reading | Z1: Water Consumption by locations
A3: Month | C3: {='FEEDER Consumption '!A1:C1} -> 44621 | D3: 0 | E3: 0 | Z3: Date: | AF3: 44543
A4: R/O Plant A | F4: R/O Plant B | K4: R/O Plant C | P4: R/O Plant D | U4: Total Production | Z4: Laundry | AF4: Staff Block - E0 | AK4: Staff Block - E1 | AP4: Staff Block - E2 | AU4: Staff Block - E3 | AZ4: Staff Block - E4 | BE4: Staff Block - E5 | BJ4: Management Block | BO4: PC Block | BT4: GM Bungalow | BY4: Boat Dock | CD4: Supply Jetty | CI4: Main Kitchen | CN4: Day Facility | CS4: Reception | CX4: Main Pool | DC4: Dive Center | DH4: Albarakthu | DM4: Blu Resturant | DR4: Main Jetty | DW4: Landaa Estate | EB4: TG Group | EE4: 3rd Party Kitchen | EH4: HRD | EK4: Jiaz | EN4: Hikawi | EQ4: E- Hotel
A5: DAY | B5: YESTARDAY | C5: TODAY | D5: Production (M3) | F5: DAY | G5: YESTARDAY | H5: TODAY | I5: Production (M3) | K5: DAY | L5: YESTARDAY | M5: TODAY | N5: Production (M3) | P5: DAY | Q5: YESTARDAY | R5: TODAY | S5: Production (M3) | U5: Day | V5: Water | W5: Occ% | X5: ADR $ | Z5: DAY | AA5: Yesterday | AB5: Today | AC5: Usage (m3) | AD5: Variance (Today vs Ystday) | AE5: % | AF5: Yesterday | AG5: Today | AH5: Usage (m3) | AI5: Variance (Today vs Ystday) | AJ5: % | AK5: Yesterday | AL5: Today | AM5: Usage (m3) | AN5: Variance (Today vs Ystday) | AO5: % | AP5: Yesterday | AQ5: Today | AR5: Usage (m3) | AS5: Variance (Today vs Ystday) | AT5: % | AU5: Yesterday | AV5: Today | AW5: Usage (m3) | AX5: Variance (Today vs Ystday) | AY5: % | AZ5: Yesterday | BA5: Today | BB5: Usage (m3) | BC5: Variance (Today vs Ystday) | BD5: % | BE5: Yesterday | BF5: Today | BG5: Usage (m3) | BH5: Variance (Today vs Ystday) | BI5: % | BJ5: Yesterday | BK5: Today | BL5: Usage (m3) | BM5: Variance (Today vs Ystday) | BN5: % | BO5: Yesterday | BP5: Today | BQ5: Usage (m3) | BR5: Variance (Today vs Ystday) | BS5: % | BT5: Yesterday | BU5: Today | BV5: Usage (m3) | BW5: Variance (Today vs Ystday) | BX5: % | BY5: Yesterday | BZ5: Today | CA5: Usage | CB5: Variance (Today vs Ystday) | CC5: % | CD5: Yesterday | CE5: Today | CF5: Usage (m3) | CG5: Variance (Today vs Ystday) | CH5: % | CI5: Yesterday | CJ5: Today | CK5: Usage (m3) | CL5: Variance (Today vs Ystday) | CM5: % | CN5: Yesterday | CO5: Today | CP5: Usage (m3) | CQ5: Variance (Today vs Ystday) | CR5: % | CS5: Yesterday | CT5: Today | CU5: Usage | CV5: Variance (Today vs Ystday) | CW5: % | CX5: Yesterday | CY5: Today | CZ5: Usage (m3) | DA5: Variance (Today vs Ystday) | DB5: % | DC5: Yesterday | DD5: Today | DE5: Usage | DF5: Variance (Today vs Ystday) | DG5: % | DH5: Yesterday | DI5: Today | DJ5: Usage (m3) | DK5: Variance (Today vs Ystday) | DL5: % | DM5: Yesterday | DN5: Today | DO5: Usage (m3) | DP5: Variance (Today vs Ystday) | DQ5: % | DR5: Yesterday | DS5: Today | DT5: Usage | DU5: Variance (Today vs Ystday) | DV5: % | DW5: Yesterday | DX5: Today | DY5: Usage (m3) | DZ5: Variance (Today vs Ystday) | EA5: % | EB5: Yesterday | EC5: Today | ED5: Usage (m3) | EE5: Yesterday | EF5: Today | EG5: Usage (m3) | EH5: Yesterday | EI5: Today | EJ5: Usage (m3) | EK5: Yesterday | EL5: Today | EM5: Usage (m3) | EN5: Yesterday | EO5: Today | EP5: Usage (m3)
A6: 1 | B6: 20371 | C6: 20375 | D6: =MAX(0,C6-B6) -> 4 | F6: 1 | G6: 26231 | H6: 26347 | I6: =MAX(0,H6-G6) -> 116 | K6: 1 | L6: 801220 | M6: 801423 | N6: =MAX(0,M6-L6) -> 203 | P6: 1 | Q6: 219180 | R6: 219325 | S6: =MAX(0,R6-Q6) -> 145 | U6: 1 | V6: =SUM(S6+N6+I6+D6) -> 468 | W6: ='Maldives at LG Daily'!I5 -> 60 | Z6: 1 | AA6: 42198 | AB6: 42226 | AC6: =AB6-AA6 -> 28 | AF6: 9273 | AG6: 9279 | AH6: =AG6-AF6 -> 6 | AK6: 7708 | AL6: 7718 | AM6: =AL6-AK6 -> 10 | AP6: 16572 | AQ6: 16587 | AR6: =AQ6-AP6 -> 15 | AU6: 33707 | AV6: 33717 | AW6: =AV6-AU6 -> 10 | AZ6: 7708 | BA6: 7715 | BB6: =BA6-AZ6 -> 7 | BE6: 24091 | BF6: 24099 | BG6: =BF6-BE6 -> 8 | BJ6: 8171 | BK6: 8187 | BL6: =BK6-BJ6 -> 16 | BO6: 3763 | BP6: 3765 | BQ6: =BP6-BO6 -> 2 | BT6: 1699 | BU6: 1700 | BV6: =BU6-BT6 -> 1 | BY6: 27751 | BZ6: 27759 | CA6: =BZ6-BY6 -> 8 | CD6: 2925 | CE6: 2928 | CF6: =CE6-CD6 -> 3 | CI6: 77981 | CJ6: 78019 | CK6: =CJ6-CI6 -> 38 | CN6: 24364 | CO6: 24371 | CP6: =CO6-CN6 -> 7 | CS6: 12621 | CT6: 12624 | CU6: =CT6-CS6 -> 3 | CX6: 18662 | CY6: 18667 | CZ6: =CY6-CX6 -> 5 | DC6: 20159 | DD6: 20163 | DE6: =DD6-DC6 -> 4 | DH6: 9094 | DI6: 9098 | DJ6: =DI6-DH6 -> 4 | DM6: 22368 | DN6: 22395 | DO6: =DN6-DM6 -> 27 | DR6: 2294 | DS6: 2296 | DT6: =DS6-DR6 -> 2 | DW6: 10204 | DX6: 10205 | DY6: =DX6-DW6 -> 1 | EB6: 1917 | EC6: 1928 | ED6: =EC6-EB6 -> 11 | EE6: 1180 | EF6: 1188 | EG6: =EF6-EE6 -> 8 | EH6: 924 | EI6: 930 | EJ6: =EI6-EH6 -> 6 | EK6: 816 | EL6: 821 | EM6: =EL6-EK6 -> 5 | EN6: 411 | EO6: 412 | EP6: =EO6-EN6 -> 1 | EQ6: =AH6+AM6+AR6+AW6+BB6+BG6+BL6+BQ6+BV6 -> 75 | ER6: =(EQ6/V6)*100 -> 16.025641
A7: 2 | B7: =C6 -> 20375 | C7: 20379 | D7: =MAX(0,C7-B7) -> 4 | F7: 2 | G7: =H6 -> 26347 | H7: 26465 | I7: =MAX(0,H7-G7) -> 118 | K7: 2 | L7: =M6 -> 801423 | M7: 801610 | N7: =MAX(0,M7-L7) -> 187 | P7: 2 | Q7: =R6 -> 219325 | R7: 219463 | S7: =MAX(0,R7-Q7) -> 138 | U7: 2 | V7: =SUM(S7+N7+I7+D7) -> 447 | W7: ='Maldives at LG Daily'!I6 -> 0 | Z7: 2 | AA7: =AB6 -> 42226 | AB7: 42252 | AC7: =AB7-AA7 -> 26 | AD7: =AC7-AC6 -> -2 | AF7: =AG6 -> 9279 | AG7: 9284 | AH7: =AG7-AF7 -> 5 | AI7: =AH7-AH6 -> -1 | AK7: =AL6 -> 7718 | AL7: 7728 | AM7: =AL7-AK7 -> 10 | AN7: =AM7-AM6 -> 0 | AP7: =AQ6 -> 16587 | AQ7: 16597 | AR7: =AQ7-AP7 -> 10 | AS7: =AR7-AR6 -> -5 | AU7: =AV6 -> 33717 | AV7: 33725 | AW7: =AV7-AU7 -> 8 | AX7: =AW7-AW6 -> -2 | AZ7: =BA6 -> 7715 | BA7: 7722 | BB7: =BA7-AZ7 -> 7 | BC7: =BB7-BB6 -> 0 | BE7: =BF6 -> 24099 | BF7: 24107 | BG7: =BF7-BE7 -> 8 | BH7: =BG7-BG6 -> 0 | BJ7: =BK6 -> 8187 | BK7: 8188 | BL7: =BK7-BJ7 -> 1 | BM7: =BL7-BL6 -> -15 | BO7: =BP6 -> 3765 | BP7: 3766 | BQ7: =BP7-BO7 -> 1 | BR7: =BQ7-BQ6 -> -1 | BT7: =BU6 -> 1700 | BU7: 1701 | BV7: =BU7-BT7 -> 1 | BW7: =BV7-BV6 -> 0 | BY7: =BZ6 -> 27759 | BZ7: 27765 | CA7: =BZ7-BY7 -> 6 | CB7: =CA7-CA6 -> -2 | CD7: =CE6 -> 2928 | CE7: 2929 | CF7: =CE7-CD7 -> 1 | CG7: =CF7-CF6 -> -2 | CI7: =CJ6 -> 78019 | CJ7: 78054 | CK7: =CJ7-CI7 -> 35 | CL7: =CK7-CK6 -> -3 | CN7: =CO6 -> 24371 | CO7: 24378 | CP7: =CO7-CN7 -> 7 | CQ7: =CP7-CP6 -> 0 | CS7: =CT6 -> 12624 | CT7: 12625 | CU7: =CT7-CS7 -> 1 | CV7: =CU7-CU6 -> -2 | CX7: =CY6 -> 18667 | CY7: 18672 | CZ7: =CY7-CX7 -> 5 | DA7: =CZ7-CZ6 -> 0 | DC7: =DD6 -> 20163 | DD7: 20166 | DE7: =DD7-DC7 -> 3 | DF7: =DE7-DE6 -> -1 | DH7: =DI6 -> 9098 | DI7: 9102 | DJ7: =DI7-DH7 -> 4 | DK7: =DJ7-DJ6 -> 0 | DM7: =DN6 -> 22395 | DN7: 22408 | DO7: =DN7-DM7 -> 13 | DP7: =DO7-DO6 -> -14 | DR7: =DS6 -> 2296 | DS7: 2298 | DT7: =DS7-DR7 -> 2 | DU7: =DT7-DT6 -> 0 | DW7: =DX6 -> 10205 | DX7: 10206 | DY7: =DX7-DW7 -> 1 | DZ7: =DY7-DY6 -> 0 | EB7: =EC6 -> 1928 | EC7: 1940 | ED7: =EC7-EB7 -> 12 | EE7: =EF6 -> 1188 | EF7: 1195 | EG7: =EF7-EE7 -> 7 | EH7: =EI6 -> 930 | EI7: 936 | EJ7: =EI7-EH7 -> 6 | EK7: =EL6 -> 821 | EL7: 825 | EM7: =EL7-EK7 -> 4 | EN7: =EO6 -> 412 | EO7: 417 | EP7: =EO7-EN7 -> 5 | EQ7: =AH7+AM7+AR7+AW7+BB7+BG7+BL7+BQ7+BV7 -> 51 | ER7: =(EQ7/V7)*100 -> 11.409396
A8: 3 | B8: =C7 -> 20379 | C8: 20411 | D8: =MAX(0,C8-B8) -> 32 | F8: 3 | G8: =H7 -> 26465 | H8: 26580 | I8: =MAX(0,H8-G8) -> 115 | K8: 3 | L8: =M7 -> 801610 | M8: 801808 | N8: =MAX(0,M8-L8) -> 198 | P8: 3 | Q8: =R7 -> 219463 | R8: 219534 | S8: =MAX(0,R8-Q8) -> 71 | U8: 3 | V8: =SUM(S8+N8+I8+D8) -> 416 | W8: ='Maldives at LG Daily'!I7 -> 0 | Z8: 3 | AA8: =AB7 -> 42252 | AC8: =AB8-AA8 -> -42252 | AD8: =AC8-AC7 -> -42278 | AF8: =AG7 -> 9284 | AH8: =AG8-AF8 -> -9284 | AI8: =AH8-AH7 -> -9289 | AK8: =AL7 -> 7728 | AM8: =AL8-AK8 -> -7728 | AN8: =AM8-AM7 -> -7738 | AP8: =AQ7 -> 16597 | AR8: =AQ8-AP8 -> -16597 | AS8: =AR8-AR7 -> -16607 | AU8: =AV7 -> 33725 | AW8: =AV8-AU8 -> -33725 | AX8: =AW8-AW7 -> -33733 | AZ8: =BA7 -> 7722 | BB8: =BA8-AZ8 -> -7722 | BC8: =BB8-BB7 -> -7729 | BE8: =BF7 -> 24107 | BG8: =BF8-BE8 -> -24107 | BH8: =BG8-BG7 -> -24115 | BJ8: =BK7 -> 8188 | BL8: =BK8-BJ8 -> -8188 | BM8: =BL8-BL7 -> -8189 | BO8: =BP7 -> 3766 | BQ8: =BP8-BO8 -> -3766 | BR8: =BQ8-BQ7 -> -3767 | BT8: =BU7 -> 1701 | BV8: =BU8-BT8 -> -1701 | BW8: =BV8-BV7 -> -1702 | BY8: =BZ7 -> 27765 | CA8: =BZ8-BY8 -> -27765 | CB8: =CA8-CA7 -> -27771 | CD8: =CE7 -> 2929 | CF8: =CE8-CD8 -> -2929 | CG8: =CF8-CF7 -> -2930 | CI8: =CJ7 -> 78054 | CK8: =CJ8-CI8 -> -78054 | CL8: =CK8-CK7 -> -78089 | CN8: =CO7 -> 24378 | CP8: =CO8-CN8 -> -24378 | CQ8: =CP8-CP7 -> -24385 | CS8: =CT7 -> 12625 | CU8: =CT8-CS8 -> -12625 | CV8: =CU8-CU7 -> -12626 | CX8: =CY7 -> 18672 | CZ8: =CY8-CX8 -> -18672 | DA8: =CZ8-CZ7 -> -18677 | DC8: =DD7 -> 20166 | DE8: =DD8-DC8 -> -20166 | DF8: =DE8-DE7 -> -20169 | DH8: =DI7 -> 9102 | DJ8: =DI8-DH8 -> -9102 | DK8: =DJ8-DJ7 -> -9106 | DM8: =DN7 -> 22408 | DO8: =DN8-DM8 -> -22408 | DP8: =DO8-DO7 -> -22421 | DR8: =DS7 -> 2298 | DT8: =DS8-DR8 -> -2298 | DU8: =DT8-DT7 -> -2300 | DW8: =DX7 -> 10206 | DY8: =DX8-DW8 -> -10206 | DZ8: =DY8-DY7 -> -10207 | EB8: =EC7 -> 1940 | ED8: =EC8-EB8 -> -1940 | EE8: =EF7 -> 1195 | EG8: =EF8-EE8 -> -1195 | EH8: =EI7 -> 936 | EJ8: =EI8-EH8 -> -936 | EK8: =EL7 -> 825 | EM8: =EL8-EK8 -> -825 | EN8: =EO7 -> 417 | EP8: =EO8-EN8 -> -417 | EQ8: =AH8+AM8+AR8+AW8+BB8+BG8+BL8+BQ8+BV8 -> -112818 | ER8: =(EQ8/V8)*100 -> -27119.712
A9: 4 | B9: =C8 -> 20411 | D9: =MAX(0,C9-B9) -> 0 | F9: 4 | G9: =H8 -> 26580 | I9: =MAX(0,H9-G9) -> 0 | K9: 4 | L9: =M8 -> 801808 | N9: =MAX(0,M9-L9) -> 0 | P9: 4 | Q9: =R8 -> 219534 | S9: =MAX(0,R9-Q9) -> 0 | U9: 4 | V9: =SUM(S9+N9+I9+D9) -> 0 | W9: ='Maldives at LG Daily'!I8 -> 0 | Z9: 4 | AA9: =AB8 -> 0 | AC9: =AB9-AA9 -> 0 | AD9: =AC9-AC8 -> 42252 | AF9: =AG8 -> 0 | AH9: =AG9-AF9 -> 0 | AI9: =AH9-AH8 -> 9284 | AK9: =AL8 -> 0 | AM9: =AL9-AK9 -> 0 | AN9: =AM9-AM8 -> 7728 | AP9: =AQ8 -> 0 | AR9: =AQ9-AP9 -> 0 | AS9: =AR9-AR8 -> 16597 | AU9: =AV8 -> 0 | AW9: =AV9-AU9 -> 0 | AX9: =AW9-AW8 -> 33725 | AZ9: =BA8 -> 0 | BB9: =BA9-AZ9 -> 0 | BC9: =BB9-BB8 -> 7722 | BE9: =BF8 -> 0 | BG9: =BF9-BE9 -> 0 | BH9: =BG9-BG8 -> 24107 | BJ9: =BK8 -> 0 | BL9: =BK9-BJ9 -> 0 | BM9: =BL9-BL8 -> 8188 | BO9: =BP8 -> 0 | BQ9: =BP9-BO9 -> 0 | BR9: =BQ9-BQ8 -> 3766 | BT9: =BU8 -> 0 | BV9: =BU9-BT9 -> 0 | BW9: =BV9-BV8 -> 1701 | BY9: =BZ8 -> 0 | CA9: =BZ9-BY9 -> 0 | CB9: =CA9-CA8 -> 27765 | CD9: =CE8 -> 0 | CF9: =CE9-CD9 -> 0 | CG9: =CF9-CF8 -> 2929 | CI9: =CJ8 -> 0 | CK9: =CJ9-CI9 -> 0 | CL9: =CK9-CK8 -> 78054 | CN9: =CO8 -> 0 | CP9: =CO9-CN9 -> 0 | CQ9: =CP9-CP8 -> 24378 | CS9: =CT8 -> 0 | CU9: =CT9-CS9 -> 0 | CV9: =CU9-CU8 -> 12625 | CX9: =CY8 -> 0 | CZ9: =CY9-CX9 -> 0 | DA9: =CZ9-CZ8 -> 18672 | DC9: =DD8 -> 0 | DE9: =DD9-DC9 -> 0 | DF9: =DE9-DE8 -> 20166 | DH9: =DI8 -> 0 | DJ9: =DI9-DH9 -> 0 | DK9: =DJ9-DJ8 -> 9102 | DM9: =DN8 -> 0 | DO9: =DN9-DM9 -> 0 | DP9: =DO9-DO8 -> 22408 | DR9: =DS8 -> 0 | DT9: =DS9-DR9 -> 0 | DU9: =DT9-DT8 -> 2298 | DW9: =DX8 -> 0 | DY9: =DX9-DW9 -> 0 | DZ9: =DY9-DY8 -> 10206 | EB9: =EC8 -> 0 | ED9: =EC9-EB9 -> 0 | EE9: =EF8 -> 0 | EG9: =EF9-EE9 -> 0 | EH9: =EI8 -> 0 | EJ9: =EI9-EH9 -> 0 | EK9: =EL8 -> 0 | EM9: =EL9-EK9 -> 0 | EN9: =EO8 -> 0 | EP9: =EO9-EN9 -> 0 | EQ9: =AH9+AM9+AR9+AW9+BB9+BG9+BL9+BQ9+BV9 -> 0 | ER9: =(EQ9/V9)*100 -> #DIV/0!
A10: 5 | B10: =C9 -> 0 | D10: =MAX(0,C10-B10) -> 0 | F10: 5 | G10: =H9 -> 0 | I10: =MAX(0,H10-G10) -> 0 | K10: 5 | L10: =M9 -> 0 | N10: =MAX(0,M10-L10) -> 0 | P10: 5 | Q10: =R9 -> 0 | S10: =MAX(0,R10-Q10) -> 0 | U10: 5 | V10: =SUM(S10+N10+I10+D10) -> 0 | W10: ='Maldives at LG Daily'!I9 -> 0 | Z10: 5 | AA10: =AB9 -> 0 | AC10: =AB10-AA10 -> 0 | AD10: =AC10-AC9 -> 0 | AF10: =AG9 -> 0 | AH10: =AG10-AF10 -> 0 | AI10: =AH10-AH9 -> 0 | AK10: =AL9 -> 0 | AM10: =AL10-AK10 -> 0 | AN10: =AM10-AM9 -> 0 | AP10: =AQ9 -> 0 | AR10: =AQ10-AP10 -> 0 | AS10: =AR10-AR9 -> 0 | AU10: =AV9 -> 0 | AW10: =AV10-AU10 -> 0 | AX10: =AW10-AW9 -> 0 | AZ10: =BA9 -> 0 | BB10: =BA10-AZ10 -> 0 | BC10: =BB10-BB9 -> 0 | BE10: =BF9 -> 0 | BG10: =BF10-BE10 -> 0 | BH10: =BG10-BG9 -> 0 | BJ10: =BK9 -> 0 | BL10: =BK10-BJ10 -> 0 | BM10: =BL10-BL9 -> 0 | BO10: =BP9 -> 0 | BQ10: =BP10-BO10 -> 0 | BR10: =BQ10-BQ9 -> 0 | BT10: =BU9 -> 0 | BV10: =BU10-BT10 -> 0 | BW10: =BV10-BV9 -> 0 | BY10: =BZ9 -> 0 | CA10: =BZ10-BY10 -> 0 | CB10: =CA10-CA9 -> 0 | CD10: =CE9 -> 0 | CF10: =CE10-CD10 -> 0 | CG10: =CF10-CF9 -> 0 | CI10: =CJ9 -> 0 | CK10: =CJ10-CI10 -> 0 | CL10: =CK10-CK9 -> 0 | CN10: =CO9 -> 0 | CP10: =CO10-CN10 -> 0 | CQ10: =CP10-CP9 -> 0 | CS10: =CT9 -> 0 | CU10: =CT10-CS10 -> 0 | CV10: =CU10-CU9 -> 0 | CX10: =CY9 -> 0 | CZ10: =CY10-CX10 -> 0 | DA10: =CZ10-CZ9 -> 0 | DC10: =DD9 -> 0 | DE10: =DD10-DC10 -> 0 | DF10: =DE10-DE9 -> 0 | DH10: =DI9 -> 0 | DJ10: =DI10-DH10 -> 0 | DK10: =DJ10-DJ9 -> 0 | DM10: =DN9 -> 0 | DO10: =DN10-DM10 -> 0 | DP10: =DO10-DO9 -> 0 | DR10: =DS9 -> 0 | DT10: =DS10-DR10 -> 0 | DU10: =DT10-DT9 -> 0 | DW10: =DX9 -> 0 | DY10: =DX10-DW10 -> 0 | DZ10: =DY10-DY9 -> 0 | EB10: =EC9 -> 0 | ED10: =EC10-EB10 -> 0 | EE10: =EF9 -> 0 | EG10: =EF10-EE10 -> 0 | EH10: =EI9 -> 0 | EJ10: =EI10-EH10 -> 0 | EK10: =EL9 -> 0 | EM10: =EL10-EK10 -> 0 | EN10: =EO9 -> 0 | EP10: =EO10-EN10 -> 0 | EQ10: =AH10+AM10+AR10+AW10+BB10+BG10+BL10+BQ10+BV10 -> 0 | ER10: =(EQ10/V10)*100 -> #DIV/0!
A11: 6 | B11: =C10 -> 0 | D11: =MAX(0,C11-B11) -> 0 | F11: 6 | G11: =H10 -> 0 | I11: =MAX(0,H11-G11) -> 0 | K11: 6 | L11: =M10 -> 0 | N11: =MAX(0,M11-L11) -> 0 | P11: 6 | Q11: =R10 -> 0 | S11: =MAX(0,R11-Q11) -> 0 | U11: 6 | V11: =SUM(S11+N11+I11+D11) -> 0 | W11: ='Maldives at LG Daily'!I10 -> 0 | Z11: 6 | AA11: =AB10 -> 0 | AC11: =AB11-AA11 -> 0 | AD11: =AC11-AC10 -> 0 | AF11: =AG10 -> 0 | AH11: =AG11-AF11 -> 0 | AI11: =AH11-AH10 -> 0 | AK11: =AL10 -> 0 | AM11: =AL11-AK11 -> 0 | AN11: =AM11-AM10 -> 0 | AP11: =AQ10 -> 0 | AR11: =AQ11-AP11 -> 0 | AS11: =AR11-AR10 -> 0 | AU11: =AV10 -> 0 | AW11: =AV11-AU11 -> 0 | AX11: =AW11-AW10 -> 0 | AZ11: =BA10 -> 0 | BB11: =BA11-AZ11 -> 0 | BC11: =BB11-BB10 -> 0 | BE11: =BF10 -> 0 | BG11: =BF11-BE11 -> 0 | BH11: =BG11-BG10 -> 0 | BJ11: =BK10 -> 0 | BL11: =BK11-BJ11 -> 0 | BM11: =BL11-BL10 -> 0 | BO11: =BP10 -> 0 | BQ11: =BP11-BO11 -> 0 | BR11: =BQ11-BQ10 -> 0 | BT11: =BU10 -> 0 | BV11: =BU11-BT11 -> 0 | BW11: =BV11-BV10 -> 0 | BY11: =BZ10 -> 0 | CA11: =BZ11-BY11 -> 0 | CB11: =CA11-CA10 -> 0 | CD11: =CE10 -> 0 | CF11: =CE11-CD11 -> 0 | CG11: =CF11-CF10 -> 0 | CI11: =CJ10 -> 0 | CK11: =CJ11-CI11 -> 0 | CL11: =CK11-CK10 -> 0 | CN11: =CO10 -> 0 | CP11: =CO11-CN11 -> 0 | CQ11: =CP11-CP10 -> 0 | CS11: =CT10 -> 0 | CU11: =CT11-CS11 -> 0 | CV11: =CU11-CU10 -> 0 | CX11: =CY10 -> 0 | CZ11: =CY11-CX11 -> 0 | DA11: =CZ11-CZ10 -> 0 | DC11: =DD10 -> 0 | DE11: =DD11-DC11 -> 0 | DF11: =DE11-DE10 -> 0 | DH11: =DI10 -> 0 | DJ11: =DI11-DH11 -> 0 | DK11: =DJ11-DJ10 -> 0 | DM11: =DN10 -> 0 | DO11: =DN11-DM11 -> 0 | DP11: =DO11-DO10 -> 0 | DR11: =DS10 -> 0 | DT11: =DS11-DR11 -> 0 | DU11: =DT11-DT10 -> 0 | DW11: =DX10 -> 0 | DY11: =DX11-DW11 -> 0 | DZ11: =DY11-DY10 -> 0 | EB11: =EC10 -> 0 | ED11: =EC11-EB11 -> 0 | EE11: =EF10 -> 0 | EG11: =EF11-EE11 -> 0 | EH11: =EI10 -> 0 | EJ11: =EI11-EH11 -> 0 | EK11: =EL10 -> 0 | EM11: =EL11-EK11 -> 0 | EN11: =EO10 -> 0 | EP11: =EO11-EN11 -> 0 | EQ11: =AH11+AM11+AR11+AW11+BB11+BG11+BL11+BQ11+BV11 -> 0 | ER11: =(EQ11/V11)*100 -> #DIV/0!
A12: 7 | B12: =C11 -> 0 | D12: =MAX(0,C12-B12) -> 0 | F12: 7 | G12: =H11 -> 0 | I12: =MAX(0,H12-G12) -> 0 | K12: 7 | L12: =M11 -> 0 | N12: =MAX(0,M12-L12) -> 0 | P12: 7 | Q12: =R11 -> 0 | S12: =MAX(0,R12-Q12) -> 0 | U12: 7 | V12: =SUM(S12+N12+I12+D12) -> 0 | W12: ='Maldives at LG Daily'!I11 -> 0 | Z12: 7 | AA12: =AB11 -> 0 | AC12: =AB12-AA12 -> 0 | AD12: =AC12-AC11 -> 0 | AF12: =AG11 -> 0 | AH12: =AG12-AF12 -> 0 | AI12: =AH12-AH11 -> 0 | AK12: =AL11 -> 0 | AM12: =AL12-AK12 -> 0 | AN12: =AM12-AM11 -> 0 | AP12: =AQ11 -> 0 | AR12: =AQ12-AP12 -> 0 | AS12: =AR12-AR11 -> 0 | AU12: =AV11 -> 0 | AW12: =AV12-AU12 -> 0 | AX12: =AW12-AW11 -> 0 | AZ12: =BA11 -> 0 | BB12: =BA12-AZ12 -> 0 | BC12: =BB12-BB11 -> 0 | BE12: =BF11 -> 0 | BG12: =BF12-BE12 -> 0 | BH12: =BG12-BG11 -> 0 | BJ12: =BK11 -> 0 | BL12: =BK12-BJ12 -> 0 | BM12: =BL12-BL11 -> 0 | BO12: =BP11 -> 0 | BQ12: =BP12-BO12 -> 0 | BR12: =BQ12-BQ11 -> 0 | BT12: =BU11 -> 0 | BV12: =BU12-BT12 -> 0 | BW12: =BV12-BV11 -> 0 | BY12: =BZ11 -> 0 | CA12: =BZ12-BY12 -> 0 | CB12: =CA12-CA11 -> 0 | CD12: =CE11 -> 0 | CF12: =CE12-CD12 -> 0 | CG12: =CF12-CF11 -> 0 | CI12: =CJ11 -> 0 | CK12: =CJ12-CI12 -> 0 | CL12: =CK12-CK11 -> 0 | CN12: =CO11 -> 0 | CP12: =CO12-CN12 -> 0 | CQ12: =CP12-CP11 -> 0 | CS12: =CT11 -> 0 | CU12: =CT12-CS12 -> 0 | CV12: =CU12-CU11 -> 0 | CX12: =CY11 -> 0 | CZ12: =CY12-CX12 -> 0 | DA12: =CZ12-CZ11 -> 0 | DC12: =DD11 -> 0 | DE12: =DD12-DC12 -> 0 | DF12: =DE12-DE11 -> 0 | DH12: =DI11 -> 0 | DJ12: =DI12-DH12 -> 0 | DK12: =DJ12-DJ11 -> 0 | DM12: =DN11 -> 0 | DO12: =DN12-DM12 -> 0 | DP12: =DO12-DO11 -> 0 | DR12: =DS11 -> 0 | DT12: =DS12-DR12 -> 0 | DU12: =DT12-DT11 -> 0 | DW12: =DX11 -> 0 | DY12: =DX12-DW12 -> 0 | DZ12: =DY12-DY11 -> 0 | EB12: =EC11 -> 0 | ED12: =EC12-EB12 -> 0 | EE12: =EF11 -> 0 | EG12: =EF12-EE12 -> 0 | EH12: =EI11 -> 0 | EJ12: =EI12-EH12 -> 0 | EK12: =EL11 -> 0 | EM12: =EL12-EK12 -> 0 | EN12: =EO11 -> 0 | EP12: =EO12-EN12 -> 0 | EQ12: =AH12+AM12+AR12+AW12+BB12+BG12+BL12+BQ12+BV12 -> 0 | ER12: =(EQ12/V12)*100 -> #DIV/0!
A13: 8 | B13: =C12 -> 0 | D13: =MAX(0,C13-B13) -> 0 | F13: 8 | G13: =H12 -> 0 | I13: =MAX(0,H13-G13) -> 0 | K13: 8 | L13: =M12 -> 0 | N13: =MAX(0,M13-L13) -> 0 | P13: 8 | Q13: =R12 -> 0 | S13: =MAX(0,R13-Q13) -> 0 | U13: 8 | V13: =SUM(S13+N13+I13+D13) -> 0 | W13: ='Maldives at LG Daily'!I12 -> 0 | Z13: 8 | AA13: =AB12 -> 0 | AC13: =AB13-AA13 -> 0 | AD13: =AC13-AC12 -> 0 | AF13: =AG12 -> 0 | AH13: =AG13-AF13 -> 0 | AI13: =AH13-AH12 -> 0 | AK13: =AL12 -> 0 | AM13: =AL13-AK13 -> 0 | AN13: =AM13-AM12 -> 0 | AP13: =AQ12 -> 0 | AR13: =AQ13-AP13 -> 0 | AS13: =AR13-AR12 -> 0 | AU13: =AV12 -> 0 | AW13: =AV13-AU13 -> 0 | AX13: =AW13-AW12 -> 0 | AZ13: =BA12 -> 0 | BB13: =BA13-AZ13 -> 0 | BC13: =BB13-BB12 -> 0 | BE13: =BF12 -> 0 | BG13: =BF13-BE13 -> 0 | BH13: =BG13-BG12 -> 0 | BJ13: =BK12 -> 0 | BL13: =BK13-BJ13 -> 0 | BM13: =BL13-BL12 -> 0 | BO13: =BP12 -> 0 | BQ13: =BP13-BO13 -> 0 | BR13: =BQ13-BQ12 -> 0 | BT13: =BU12 -> 0 | BV13: =BU13-BT13 -> 0 | BW13: =BV13-BV12 -> 0 | BY13: =BZ12 -> 0 | CA13: =BZ13-BY13 -> 0 | CB13: =CA13-CA12 -> 0 | CD13: =CE12 -> 0 | CF13: =CE13-CD13 -> 0 | CG13: =CF13-CF12 -> 0 | CI13: =CJ12 -> 0 | CK13: =CJ13-CI13 -> 0 | CL13: =CK13-CK12 -> 0 | CN13: =CO12 -> 0 | CP13: =CO13-CN13 -> 0 | CQ13: =CP13-CP12 -> 0 | CS13: =CT12 -> 0 | CU13: =CT13-CS13 -> 0 | CV13: =CU13-CU12 -> 0 | CX13: =CY12 -> 0 | CZ13: =CY13-CX13 -> 0 | DA13: =CZ13-CZ12 -> 0 | DC13: =DD12 -> 0 | DE13: =DD13-DC13 -> 0 | DF13: =DE13-DE12 -> 0 | DH13: =DI12 -> 0 | DJ13: =DI13-DH13 -> 0 | DK13: =DJ13-DJ12 -> 0 | DM13: =DN12 -> 0 | DO13: =DN13-DM13 -> 0 | DP13: =DO13-DO12 -> 0 | DR13: =DS12 -> 0 | DT13: =DS13-DR13 -> 0 | DU13: =DT13-DT12 -> 0 | DW13: =DX12 -> 0 | DY13: =DX13-DW13 -> 0 | DZ13: =DY13-DY12 -> 0 | EB13: =EC12 -> 0 | ED13: =EC13-EB13 -> 0 | EE13: =EF12 -> 0 | EG13: =EF13-EE13 -> 0 | EH13: =EI12 -> 0 | EJ13: =EI13-EH13 -> 0 | EK13: =EL12 -> 0 | EM13: =EL13-EK13 -> 0 | EN13: =EO12 -> 0 | EP13: =EO13-EN13 -> 0 | EQ13: =AH13+AM13+AR13+AW13+BB13+BG13+BL13+BQ13+BV13 -> 0 | ER13: =(EQ13/V13)*100 -> #DIV/0!
A14: 9 | B14: =C13 -> 0 | D14: =MAX(0,C14-B14) -> 0 | F14: 9 | G14: =H13 -> 0 | I14: =MAX(0,H14-G14) -> 0 | K14: 9 | L14: =M13 -> 0 | N14: =MAX(0,M14-L14) -> 0 | P14: 9 | Q14: =R13 -> 0 | S14: =MAX(0,R14-Q14) -> 0 | U14: 9 | V14: =SUM(S14+N14+I14+D14) -> 0 | W14: ='Maldives at LG Daily'!I13 -> 0 | Z14: 9 | AA14: =AB13 -> 0 | AC14: =AB14-AA14 -> 0 | AD14: =AC14-AC13 -> 0 | AF14: =AG13 -> 0 | AH14: =AG14-AF14 -> 0 | AI14: =AH14-AH13 -> 0 | AK14: =AL13 -> 0 | AM14: =AL14-AK14 -> 0 | AN14: =AM14-AM13 -> 0 | AP14: =AQ13 -> 0 | AR14: =AQ14-AP14 -> 0 | AS14: =AR14-AR13 -> 0 | AU14: =AV13 -> 0 | AW14: =AV14-AU14 -> 0 | AX14: =AW14-AW13 -> 0 | AZ14: =BA13 -> 0 | BB14: =BA14-AZ14 -> 0 | BC14: =BB14-BB13 -> 0 | BE14: =BF13 -> 0 | BG14: =BF14-BE14 -> 0 | BH14: =BG14-BG13 -> 0 | BJ14: =BK13 -> 0 | BL14: =BK14-BJ14 -> 0 | BM14: =BL14-BL13 -> 0 | BO14: =BP13 -> 0 | BQ14: =BP14-BO14 -> 0 | BR14: =BQ14-BQ13 -> 0 | BT14: =BU13 -> 0 | BV14: =BU14-BT14 -> 0 | BW14: =BV14-BV13 -> 0 | BY14: =BZ13 -> 0 | CA14: =BZ14-BY14 -> 0 | CB14: =CA14-CA13 -> 0 | CD14: =CE13 -> 0 | CF14: =CE14-CD14 -> 0 | CG14: =CF14-CF13 -> 0 | CI14: =CJ13 -> 0 | CK14: =CJ14-CI14 -> 0 | CL14: =CK14-CK13 -> 0 | CN14: =CO13 -> 0 | CP14: =CO14-CN14 -> 0 | CQ14: =CP14-CP13 -> 0 | CS14: =CT13 -> 0 | CU14: =CT14-CS14 -> 0 | CV14: =CU14-CU13 -> 0 | CX14: =CY13 -> 0 | CZ14: =CY14-CX14 -> 0 | DA14: =CZ14-CZ13 -> 0 | DC14: =DD13 -> 0 | DE14: =DD14-DC14 -> 0 | DF14: =DE14-DE13 -> 0 | DH14: =DI13 -> 0 | DJ14: =DI14-DH14 -> 0 | DK14: =DJ14-DJ13 -> 0 | DM14: =DN13 -> 0 | DO14: =DN14-DM14 -> 0 | DP14: =DO14-DO13 -> 0 | DR14: =DS13 -> 0 | DT14: =DS14-DR14 -> 0 | DU14: =DT14-DT13 -> 0 | DW14: =DX13 -> 0 | DY14: =DX14-DW14 -> 0 | DZ14: =DY14-DY13 -> 0 | EB14: =EC13 -> 0 | ED14: =EC14-EB14 -> 0 | EE14: =EF13 -> 0 | EG14: =EF14-EE14 -> 0 | EH14: =EI13 -> 0 | EJ14: =EI14-EH14 -> 0 | EK14: =EL13 -> 0 | EM14: =EL14-EK14 -> 0 | EN14: =EO13 -> 0 | EP14: =EO14-EN14 -> 0 | EQ14: =AH14+AM14+AR14+AW14+BB14+BG14+BL14+BQ14+BV14 -> 0 | ER14: =(EQ14/V14)*100 -> #DIV/0!
A15: 10 | B15: =C14 -> 0 | D15: =MAX(0,C15-B15) -> 0 | F15: 10 | G15: =H14 -> 0 | I15: =MAX(0,H15-G15) -> 0 | K15: 10 | L15: =M14 -> 0 | N15: =MAX(0,M15-L15) -> 0 | P15: 10 | Q15: =R14 -> 0 | S15: =MAX(0,R15-Q15) -> 0 | U15: 10 | V15: =SUM(S15+N15+I15+D15) -> 0 | W15: ='Maldives at LG Daily'!I14 -> 0 | Z15: 10 | AA15: =AB14 -> 0 | AC15: =AB15-AA15 -> 0 | AD15: =AC15-AC14 -> 0 | AF15: =AG14 -> 0 | AH15: =AG15-AF15 -> 0 | AI15: =AH15-AH14 -> 0 | AK15: =AL14 -> 0 | AM15: =AL15-AK15 -> 0 | AN15: =AM15-AM14 -> 0 | AP15: =AQ14 -> 0 | AR15: =AQ15-AP15 -> 0 | AS15: =AR15-AR14 -> 0 | AU15: =AV14 -> 0 | AW15: =AV15-AU15 -> 0 | AX15: =AW15-AW14 -> 0 | AZ15: =BA14 -> 0 | BB15: =BA15-AZ15 -> 0 | BC15: =BB15-BB14 -> 0 | BE15: =BF14 -> 0 | BG15: =BF15-BE15 -> 0 | BH15: =BG15-BG14 -> 0 | BJ15: =BK14 -> 0 | BL15: =BK15-BJ15 -> 0 | BM15: =BL15-BL14 -> 0 | BO15: =BP14 -> 0 | BQ15: =BP15-BO15 -> 0 | BR15: =BQ15-BQ14 -> 0 | BT15: =BU14 -> 0 | BV15: =BU15-BT15 -> 0 | BW15: =BV15-BV14 -> 0 | BY15: =BZ14 -> 0 | CA15: =BZ15-BY15 -> 0 | CB15: =CA15-CA14 -> 0 | CD15: =CE14 -> 0 | CF15: =CE15-CD15 -> 0 | CG15: =CF15-CF14 -> 0 | CI15: =CJ14 -> 0 | CK15: =CJ15-CI15 -> 0 | CL15: =CK15-CK14 -> 0 | CN15: =CO14 -> 0 | CP15: 0 | CQ15: =CP15-CP14 -> 0 | CS15: =CT14 -> 0 | CU15: =CT15-CS15 -> 0 | CV15: =CU15-CU14 -> 0 | CX15: =CY14 -> 0 | CZ15: =CY15-CX15 -> 0 | DA15: =CZ15-CZ14 -> 0 | DC15: =DD14 -> 0 | DE15: =DD15-DC15 -> 0 | DF15: =DE15-DE14 -> 0 | DH15: =DI14 -> 0 | DJ15: =DI15-DH15 -> 0 | DK15: =DJ15-DJ14 -> 0 | DM15: =DN14 -> 0 | DO15: =DN15-DM15 -> 0 | DP15: =DO15-DO14 -> 0 | DR15: =DS14 -> 0 | DT15: =DS15-DR15 -> 0 | DU15: =DT15-DT14 -> 0 | DW15: =DX14 -> 0 | DY15: =DX15-DW15 -> 0 | DZ15: =DY15-DY14 -> 0 | EB15: =EC14 -> 0 | ED15: =EC15-EB15 -> 0 | EE15: =EF14 -> 0 | EG15: =EF15-EE15 -> 0 | EH15: =EI14 -> 0 | EJ15: =EI15-EH15 -> 0 | EK15: =EL14 -> 0 | EM15: =EL15-EK15 -> 0 | EN15: =EO14 -> 0 | EP15: =EO15-EN15 -> 0 | EQ15: =AH15+AM15+AR15+AW15+BB15+BG15+BL15+BQ15+BV15 -> 0 | ER15: =(EQ15/V15)*100 -> #DIV/0!
A16: 11 | B16: =C15 -> 0 | D16: =MAX(0,C16-B16) -> 0 | F16: 11 | G16: =H15 -> 0 | I16: =MAX(0,H16-G16) -> 0 | K16: 11 | L16: =M15 -> 0 | N16: =MAX(0,M16-L16) -> 0 | P16: 11 | Q16: =R15 -> 0 | S16: =MAX(0,R16-Q16) -> 0 | U16: 11 | V16: =SUM(S16+N16+I16+D16) -> 0 | W16: ='Maldives at LG Daily'!I15 -> 0 | Z16: 11 | AA16: =AB15 -> 0 | AC16: =AB16-AA16 -> 0 | AD16: =AC16-AC15 -> 0 | AF16: =AG15 -> 0 | AH16: =AG16-AF16 -> 0 | AI16: =AH16-AH15 -> 0 | AK16: =AL15 -> 0 | AM16: =AL16-AK16 -> 0 | AN16: =AM16-AM15 -> 0 | AP16: =AQ15 -> 0 | AR16: =AQ16-AP16 -> 0 | AS16: =AR16-AR15 -> 0 | AU16: =AV15 -> 0 | AW16: =AV16-AU16 -> 0 | AX16: =AW16-AW15 -> 0 | AZ16: =BA15 -> 0 | BB16: =BA16-AZ16 -> 0 | BC16: =BB16-BB15 -> 0 | BE16: =BF15 -> 0 | BG16: =BF16-BE16 -> 0 | BH16: =BG16-BG15 -> 0 | BJ16: =BK15 -> 0 | BL16: =BK16-BJ16 -> 0 | BM16: =BL16-BL15 -> 0 | BO16: =BP15 -> 0 | BQ16: =BP16-BO16 -> 0 | BR16: =BQ16-BQ15 -> 0 | BT16: =BU15 -> 0 | BV16: =BU16-BT16 -> 0 | BW16: =BV16-BV15 -> 0 | BY16: =BZ15 -> 0 | CA16: =BZ16-BY16 -> 0 | CB16: =CA16-CA15 -> 0 | CD16: =CE15 -> 0 | CF16: =CE16-CD16 -> 0 | CG16: =CF16-CF15 -> 0 | CI16: =CJ15 -> 0 | CK16: =CJ16-CI16 -> 0 | CL16: =CK16-CK15 -> 0 | CN16: =CO15 -> 0 | CP16: =CO16-CN16 -> 0 | CQ16: =CP16-CP15 -> 0 | CS16: =CT15 -> 0 | CU16: =CT16-CS16 -> 0 | CV16: =CU16-CU15 -> 0 | CX16: =CY15 -> 0 | CZ16: =CY16-CX16 -> 0 | DA16: =CZ16-CZ15 -> 0 | DC16: =DD15 -> 0 | DE16: =DD16-DC16 -> 0 | DF16: =DE16-DE15 -> 0 | DH16: =DI15 -> 0 | DJ16: =DI16-DH16 -> 0 | DK16: =DJ16-DJ15 -> 0 | DM16: =DN15 -> 0 | DO16: =DN16-DM16 -> 0 | DP16: =DO16-DO15 -> 0 | DR16: =DS15 -> 0 | DT16: =DS16-DR16 -> 0 | DU16: =DT16-DT15 -> 0 | DW16: =DX15 -> 0 | DY16: =DX16-DW16 -> 0 | DZ16: =DY16-DY15 -> 0 | EB16: =EC15 -> 0 | ED16: =EC16-EB16 -> 0 | EE16: =EF15 -> 0 | EG16: =EF16-EE16 -> 0 | EH16: =EI15 -> 0 | EJ16: =EI16-EH16 -> 0 | EK16: =EL15 -> 0 | EM16: =EL16-EK16 -> 0 | EN16: =EO15 -> 0 | EP16: =EO16-EN16 -> 0 | EQ16: =AH16+AM16+AR16+AW16+BB16+BG16+BL16+BQ16+BV16 -> 0 | ER16: =(EQ16/V16)*100 -> #DIV/0!
A17: 12 | B17: =C16 -> 0 | D17: =MAX(0,C17-B17) -> 0 | F17: 12 | G17: =H16 -> 0 | I17: =MAX(0,H17-G17) -> 0 | K17: 12 | L17: =M16 -> 0 | N17: =MAX(0,M17-L17) -> 0 | P17: 12 | Q17: =R16 -> 0 | S17: =MAX(0,R17-Q17) -> 0 | U17: 12 | V17: =SUM(S17+N17+I17+D17) -> 0 | W17: ='Maldives at LG Daily'!I16 -> 0 | Z17: 12 | AA17: =AB16 -> 0 | AC17: =AB17-AA17 -> 0 | AD17: =AC17-AC16 -> 0 | AF17: =AG16 -> 0 | AH17: =AG17-AF17 -> 0 | AI17: =AH17-AH16 -> 0 | AK17: =AL16 -> 0 | AM17: =AL17-AK17 -> 0 | AN17: =AM17-AM16 -> 0 | AP17: =AQ16 -> 0 | AR17: =AQ17-AP17 -> 0 | AS17: =AR17-AR16 -> 0 | AU17: =AV16 -> 0 | AW17: =AV17-AU17 -> 0 | AX17: =AW17-AW16 -> 0 | AZ17: =BA16 -> 0 | BB17: =BA17-AZ17 -> 0 | BC17: =BB17-BB16 -> 0 | BE17: =BF16 -> 0 | BG17: =BF17-BE17 -> 0 | BH17: =BG17-BG16 -> 0 | BJ17: =BK16 -> 0 | BL17: =BK17-BJ17 -> 0 | BM17: =BL17-BL16 -> 0 | BO17: =BP16 -> 0 | BQ17: =BP17-BO17 -> 0 | BR17: =BQ17-BQ16 -> 0 | BT17: =BU16 -> 0 | BV17: =BU17-BT17 -> 0 | BW17: =BV17-BV16 -> 0 | BY17: =BZ16 -> 0 | CA17: =BZ17-BY17 -> 0 | CB17: =CA17-CA16 -> 0 | CD17: =CE16 -> 0 | CF17: =CE17-CD17 -> 0 | CG17: =CF17-CF16 -> 0 | CI17: =CJ16 -> 0 | CK17: =CJ17-CI17 -> 0 | CL17: =CK17-CK16 -> 0 | CN17: =CO16 -> 0 | CP17: =CO17-CN17 -> 0 | CQ17: =CP17-CP16 -> 0 | CS17: =CT16 -> 0 | CU17: =CT17-CS17 -> 0 | CV17: =CU17-CU16 -> 0 | CX17: =CY16 -> 0 | CZ17: =CY17-CX17 -> 0 | DA17: =CZ17-CZ16 -> 0 | DC17: =DD16 -> 0 | DE17: =DD17-DC17 -> 0 | DF17: =DE17-DE16 -> 0 | DH17: =DI16 -> 0 | DJ17: =DI17-DH17 -> 0 | DK17: =DJ17-DJ16 -> 0 | DM17: =DN16 -> 0 | DO17: =DN17-DM17 -> 0 | DP17: =DO17-DO16 -> 0 | DR17: =DS16 -> 0 | DT17: =DS17-DR17 -> 0 | DU17: =DT17-DT16 -> 0 | DW17: =DX16 -> 0 | DY17: =DX17-DW17 -> 0 | DZ17: =DY17-DY16 -> 0 | EB17: =EC16 -> 0 | ED17: =EC17-EB17 -> 0 | EE17: =EF16 -> 0 | EG17: =EF17-EE17 -> 0 | EH17: =EI16 -> 0 | EJ17: =EI17-EH17 -> 0 | EK17: =EL16 -> 0 | EM17: =EL17-EK17 -> 0 | EN17: =EO16 -> 0 | EP17: =EO17-EN17 -> 0 | EQ17: =AH17+AM17+AR17+AW17+BB17+BG17+BL17+BQ17+BV17 -> 0 | ER17: =(EQ17/V17)*100 -> #DIV/0!
A18: 13 | B18: =C17 -> 0 | D18: =MAX(0,C18-B18) -> 0 | F18: 13 | G18: =H17 -> 0 | I18: =MAX(0,H18-G18) -> 0 | K18: 13 | L18: =M17 -> 0 | N18: =MAX(0,M18-L18) -> 0 | P18: 13 | Q18: =R17 -> 0 | S18: =MAX(0,R18-Q18) -> 0 | U18: 13 | V18: =SUM(S18+N18+I18+D18) -> 0 | W18: ='Maldives at LG Daily'!I17 -> 0 | Z18: 13 | AA18: =AB17 -> 0 | AC18: =AB18-AA18 -> 0 | AD18: =AC18-AC17 -> 0 | AF18: =AG17 -> 0 | AH18: =AG18-AF18 -> 0 | AI18: =AH18-AH17 -> 0 | AK18: =AL17 -> 0 | AM18: =AL18-AK18 -> 0 | AN18: =AM18-AM17 -> 0 | AP18: =AQ17 -> 0 | AR18: =AQ18-AP18 -> 0 | AS18: =AR18-AR17 -> 0 | AU18: =AV17 -> 0 | AW18: =AV18-AU18 -> 0 | AX18: =AW18-AW17 -> 0 | AZ18: =BA17 -> 0 | BB18: =BA18-AZ18 -> 0 | BC18: =BB18-BB17 -> 0 | BE18: =BF17 -> 0 | BG18: =BF18-BE18 -> 0 | BH18: =BG18-BG17 -> 0 | BJ18: =BK17 -> 0 | BL18: =BK18-BJ18 -> 0 | BM18: =BL18-BL17 -> 0 | BO18: =BP17 -> 0 | BQ18: =BP18-BO18 -> 0 | BR18: =BQ18-BQ17 -> 0 | BT18: =BU17 -> 0 | BV18: =BU18-BT18 -> 0 | BW18: =BV18-BV17 -> 0 | BY18: =BZ17 -> 0 | CA18: =BZ18-BY18 -> 0 | CB18: =CA18-CA17 -> 0 | CD18: =CE17 -> 0 | CF18: =CE18-CD18 -> 0 | CG18: =CF18-CF17 -> 0 | CI18: =CJ17 -> 0 | CK18: =CJ18-CI18 -> 0 | CL18: =CK18-CK17 -> 0 | CN18: =CO17 -> 0 | CP18: =CO18-CN18 -> 0 | CQ18: =CP18-CP17 -> 0 | CS18: =CT17 -> 0 | CU18: =CT18-CS18 -> 0 | CV18: =CU18-CU17 -> 0 | CX18: =CY17 -> 0 | CZ18: =CY18-CX18 -> 0 | DA18: =CZ18-CZ17 -> 0 | DC18: =DD17 -> 0 | DE18: =DD18-DC18 -> 0 | DF18: =DE18-DE17 -> 0 | DH18: =DI17 -> 0 | DJ18: =DI18-DH18 -> 0 | DK18: =DJ18-DJ17 -> 0 | DM18: =DN17 -> 0 | DO18: =DN18-DM18 -> 0 | DP18: =DO18-DO17 -> 0 | DR18: =DS17 -> 0 | DT18: =DS18-DR18 -> 0 | DU18: =DT18-DT17 -> 0 | DW18: =DX17 -> 0 | DY18: =DX18-DW18 -> 0 | DZ18: =DY18-DY17 -> 0 | EB18: =EC17 -> 0 | ED18: =EC18-EB18 -> 0 | EE18: =EF17 -> 0 | EG18: =EF18-EE18 -> 0 | EH18: =EI17 -> 0 | EJ18: =EI18-EH18 -> 0 | EK18: =EL17 -> 0 | EM18: =EL18-EK18 -> 0 | EN18: =EO17 -> 0 | EP18: =EO18-EN18 -> 0 | EQ18: =AH18+AM18+AR18+AW18+BB18+BG18+BL18+BQ18+BV18 -> 0 | ER18: =(EQ18/V18)*100 -> #DIV/0!
A19: 14 | B19: =C18 -> 0 | D19: =MAX(0,C19-B19) -> 0 | F19: 14 | G19: =H18 -> 0 | I19: =MAX(0,H19-G19) -> 0 | K19: 14 | L19: =M18 -> 0 | N19: =MAX(0,M19-L19) -> 0 | P19: 14 | Q19: =R18 -> 0 | S19: =MAX(0,R19-Q19) -> 0 | U19: 14 | V19: =SUM(S19+N19+I19+D19) -> 0 | W19: ='Maldives at LG Daily'!I18 -> 0 | Z19: 14 | AA19: =AB18 -> 0 | AC19: =AB19-AA19 -> 0 | AD19: =AC19-AC18 -> 0 | AF19: =AG18 -> 0 | AH19: =AG19-AF19 -> 0 | AI19: =AH19-AH18 -> 0 | AK19: =AL18 -> 0 | AM19: =AL19-AK19 -> 0 | AN19: =AM19-AM18 -> 0 | AP19: =AQ18 -> 0 | AR19: =AQ19-AP19 -> 0 | AS19: =AR19-AR18 -> 0 | AU19: =AV18 -> 0 | AW19: =AV19-AU19 -> 0 | AX19: =AW19-AW18 -> 0 | AZ19: =BA18 -> 0 | BB19: =BA19-AZ19 -> 0 | BC19: =BB19-BB18 -> 0 | BE19: =BF18 -> 0 | BG19: =BF19-BE19 -> 0 | BH19: =BG19-BG18 -> 0 | BJ19: =BK18 -> 0 | BL19: =BK19-BJ19 -> 0 | BM19: =BL19-BL18 -> 0 | BO19: =BP18 -> 0 | BQ19: =BP19-BO19 -> 0 | BR19: =BQ19-BQ18 -> 0 | BT19: =BU18 -> 0 | BV19: =BU19-BT19 -> 0 | BW19: =BV19-BV18 -> 0 | BY19: =BZ18 -> 0 | CA19: =BZ19-BY19 -> 0 | CB19: =CA19-CA18 -> 0 | CD19: =CE18 -> 0 | CF19: =CE19-CD19 -> 0 | CG19: =CF19-CF18 -> 0 | CI19: =CJ18 -> 0 | CK19: =CJ19-CI19 -> 0 | CL19: =CK19-CK18 -> 0 | CN19: =CO18 -> 0 | CP19: =CO19-CN19 -> 0 | CQ19: =CP19-CP18 -> 0 | CS19: =CT18 -> 0 | CU19: =CT19-CS19 -> 0 | CV19: =CU19-CU18 -> 0 | CX19: =CY18 -> 0 | CZ19: =CY19-CX19 -> 0 | DA19: =CZ19-CZ18 -> 0 | DC19: =DD18 -> 0 | DE19: =DD19-DC19 -> 0 | DF19: =DE19-DE18 -> 0 | DH19: =DI18 -> 0 | DJ19: =DI19-DH19 -> 0 | DK19: =DJ19-DJ18 -> 0 | DM19: =DN18 -> 0 | DO19: =DN19-DM19 -> 0 | DP19: =DO19-DO18 -> 0 | DR19: =DS18 -> 0 | DT19: =DS19-DR19 -> 0 | DU19: =DT19-DT18 -> 0 | DW19: =DX18 -> 0 | DY19: =DX19-DW19 -> 0 | DZ19: =DY19-DY18 -> 0 | EB19: =EC18 -> 0 | ED19: =EC19-EB19 -> 0 | EE19: =EF18 -> 0 | EG19: =EF19-EE19 -> 0 | EH19: =EI18 -> 0 | EJ19: =EI19-EH19 -> 0 | EK19: =EL18 -> 0 | EM19: =EL19-EK19 -> 0 | EN19: =EO18 -> 0 | EP19: =EO19-EN19 -> 0 | EQ19: =AH19+AM19+AR19+AW19+BB19+BG19+BL19+BQ19+BV19 -> 0 | ER19: =(EQ19/V19)*100 -> #DIV/0!
A20: 15 | B20: =C19 -> 0 | D20: =MAX(0,C20-B20) -> 0 | F20: 15 | G20: =H19 -> 0 | I20: =MAX(0,H20-G20) -> 0 | K20: 15 | L20: =M19 -> 0 | N20: =MAX(0,M20-L20) -> 0 | P20: 15 | Q20: =R19 -> 0 | S20: =MAX(0,R20-Q20) -> 0 | U20: 15 | V20: =SUM(S20+N20+I20+D20) -> 0 | W20: ='Maldives at LG Daily'!I19 -> 0 | Z20: 15 | AA20: =AB19 -> 0 | AC20: =AB20-AA20 -> 0 | AD20: =AC20-AC19 -> 0 | AF20: =AG19 -> 0 | AH20: =AG20-AF20 -> 0 | AI20: =AH20-AH19 -> 0 | AK20: =AL19 -> 0 | AM20: =AL20-AK20 -> 0 | AN20: =AM20-AM19 -> 0 | AP20: =AQ19 -> 0 | AR20: =AQ20-AP20 -> 0 | AS20: =AR20-AR19 -> 0 | AU20: =AV19 -> 0 | AW20: =AV20-AU20 -> 0 | AX20: =AW20-AW19 -> 0 | AZ20: =BA19 -> 0 | BB20: =BA20-AZ20 -> 0 | BC20: =BB20-BB19 -> 0 | BE20: =BF19 -> 0 | BG20: =BF20-BE20 -> 0 | BH20: =BG20-BG19 -> 0 | BJ20: =BK19 -> 0 | BL20: =BK20-BJ20 -> 0 | BM20: =BL20-BL19 -> 0 | BO20: =BP19 -> 0 | BQ20: =BP20-BO20 -> 0 | BR20: =BQ20-BQ19 -> 0 | BT20: =BU19 -> 0 | BV20: =BU20-BT20 -> 0 | BW20: =BV20-BV19 -> 0 | BY20: =BZ19 -> 0 | CA20: =BZ20-BY20 -> 0 | CB20: =CA20-CA19 -> 0 | CD20: =CE19 -> 0 | CF20: =CE20-CD20 -> 0 | CG20: =CF20-CF19 -> 0 | CI20: =CJ19 -> 0 | CK20: =CJ20-CI20 -> 0 | CL20: =CK20-CK19 -> 0 | CN20: =CO19 -> 0 | CP20: =CO20-CN20 -> 0 | CQ20: =CP20-CP19 -> 0 | CS20: =CT19 -> 0 | CU20: =CT20-CS20 -> 0 | CV20: =CU20-CU19 -> 0 | CX20: =CY19 -> 0 | CZ20: =CY20-CX20 -> 0 | DA20: =CZ20-CZ19 -> 0 | DC20: =DD19 -> 0 | DE20: =DD20-DC20 -> 0 | DF20: =DE20-DE19 -> 0 | DH20: =DI19 -> 0 | DJ20: =DI20-DH20 -> 0 | DK20: =DJ20-DJ19 -> 0 | DM20: =DN19 -> 0 | DO20: =DN20-DM20 -> 0 | DP20: =DO20-DO19 -> 0 | DR20: =DS19 -> 0 | DT20: =DS20-DR20 -> 0 | DU20: =DT20-DT19 -> 0 | DW20: =DX19 -> 0 | DY20: =DX20-DW20 -> 0 | DZ20: =DY20-DY19 -> 0 | EB20: =EC19 -> 0 | ED20: =EC20-EB20 -> 0 | EE20: =EF19 -> 0 | EG20: =EF20-EE20 -> 0 | EH20: =EI19 -> 0 | EJ20: =EI20-EH20 -> 0 | EK20: =EL19 -> 0 | EM20: =EL20-EK20 -> 0 | EN20: =EO19 -> 0 | EP20: =EO20-EN20 -> 0 | EQ20: =AH20+AM20+AR20+AW20+BB20+BG20+BL20+BQ20+BV20 -> 0 | ER20: =(EQ20/V20)*100 -> #DIV/0!
A21: 16 | B21: =C20 -> 0 | D21: =MAX(0,C21-B21) -> 0 | F21: 16 | G21: =H20 -> 0 | I21: =MAX(0,H21-G21) -> 0 | K21: 16 | L21: =M20 -> 0 | N21: =MAX(0,M21-L21) -> 0 | P21: 16 | Q21: =R20 -> 0 | S21: =MAX(0,R21-Q21) -> 0 | U21: 16 | V21: =SUM(S21+N21+I21+D21) -> 0 | W21: ='Maldives at LG Daily'!I20 -> 0 | Z21: 16 | AA21: =AB20 -> 0 | AC21: =AB21-AA21 -> 0 | AD21: =AC21-AC20 -> 0 | AF21: =AG20 -> 0 | AH21: =AG21-AF21 -> 0 | AI21: =AH21-AH20 -> 0 | AK21: =AL20 -> 0 | AM21: =AL21-AK21 -> 0 | AN21: =AM21-AM20 -> 0 | AP21: =AQ20 -> 0 | AR21: =AQ21-AP21 -> 0 | AS21: =AR21-AR20 -> 0 | AU21: =AV20 -> 0 | AW21: =AV21-AU21 -> 0 | AX21: =AW21-AW20 -> 0 | AZ21: =BA20 -> 0 | BB21: =BA21-AZ21 -> 0 | BC21: =BB21-BB20 -> 0 | BE21: =BF20 -> 0 | BG21: =BF21-BE21 -> 0 | BH21: =BG21-BG20 -> 0 | BJ21: =BK20 -> 0 | BL21: =BK21-BJ21 -> 0 | BM21: =BL21-BL20 -> 0 | BO21: =BP20 -> 0 | BQ21: =BP21-BO21 -> 0 | BR21: =BQ21-BQ20 -> 0 | BT21: =BU20 -> 0 | BV21: =BU21-BT21 -> 0 | BW21: =BV21-BV20 -> 0 | BY21: =BZ20 -> 0 | CA21: =BZ21-BY21 -> 0 | CB21: =CA21-CA20 -> 0 | CD21: =CE20 -> 0 | CF21: =CE21-CD21 -> 0 | CG21: =CF21-CF20 -> 0 | CI21: =CJ20 -> 0 | CK21: =CJ21-CI21 -> 0 | CL21: =CK21-CK20 -> 0 | CN21: =CO20 -> 0 | CP21: =CO21-CN21 -> 0 | CQ21: =CP21-CP20 -> 0 | CS21: =CT20 -> 0 | CU21: =CT21-CS21 -> 0 | CV21: =CU21-CU20 -> 0 | CX21: =CY20 -> 0 | CZ21: =CY21-CX21 -> 0 | DA21: =CZ21-CZ20 -> 0 | DC21: =DD20 -> 0 | DE21: =DD21-DC21 -> 0 | DF21: =DE21-DE20 -> 0 | DH21: =DI20 -> 0 | DJ21: =DI21-DH21 -> 0 | DK21: =DJ21-DJ20 -> 0 | DM21: =DN20 -> 0 | DO21: =DN21-DM21 -> 0 | DP21: =DO21-DO20 -> 0 | DR21: =DS20 -> 0 | DT21: =DS21-DR21 -> 0 | DU21: =DT21-DT20 -> 0 | DW21: =DX20 -> 0 | DY21: =DX21-DW21 -> 0 | DZ21: =DY21-DY20 -> 0 | EB21: =EC20 -> 0 | ED21: =EC21-EB21 -> 0 | EE21: =EF20 -> 0 | EG21: =EF21-EE21 -> 0 | EH21: =EI20 -> 0 | EJ21: =EI21-EH21 -> 0 | EK21: =EL20 -> 0 | EM21: =EL21-EK21 -> 0 | EN21: =EO20 -> 0 | EP21: =EO21-EN21 -> 0 | EQ21: =AH21+AM21+AR21+AW21+BB21+BG21+BL21+BQ21+BV21 -> 0 | ER21: =(EQ21/V21)*100 -> #DIV/0!
A22: 17 | B22: =C21 -> 0 | D22: =MAX(0,C22-B22) -> 0 | F22: 17 | G22: =H21 -> 0 | I22: =MAX(0,H22-G22) -> 0 | K22: 17 | L22: =M21 -> 0 | N22: =MAX(0,M22-L22) -> 0 | P22: 17 | Q22: =R21 -> 0 | S22: =MAX(0,R22-Q22) -> 0 | U22: 17 | V22: =SUM(S22+N22+I22+D22) -> 0 | W22: ='Maldives at LG Daily'!I21 -> 0 | Z22: 17 | AA22: =AB21 -> 0 | AC22: =AB22-AA22 -> 0 | AD22: =AC22-AC21 -> 0 | AF22: =AG21 -> 0 | AH22: =AG22-AF22 -> 0 | AI22: =AH22-AH21 -> 0 | AK22: =AL21 -> 0 | AM22: =AL22-AK22 -> 0 | AN22: =AM22-AM21 -> 0 | AP22: =AQ21 -> 0 | AR22: =AQ22-AP22 -> 0 | AS22: =AR22-AR21 -> 0 | AU22: =AV21 -> 0 | AW22: =AV22-AU22 -> 0 | AX22: =AW22-AW21 -> 0 | AZ22: =BA21 -> 0 | BB22: =BA22-AZ22 -> 0 | BC22: =BB22-BB21 -> 0 | BE22: =BF21 -> 0 | BG22: =BF22-BE22 -> 0 | BH22: =BG22-BG21 -> 0 | BJ22: =BK21 -> 0 | BL22: =BK22-BJ22 -> 0 | BM22: =BL22-BL21 -> 0 | BO22: =BP21 -> 0 | BQ22: =BP22-BO22 -> 0 | BR22: =BQ22-BQ21 -> 0 | BT22: =BU21 -> 0 | BV22: =BU22-BT22 -> 0 | BW22: =BV22-BV21 -> 0 | BY22: =BZ21 -> 0 | CA22: =BZ22-BY22 -> 0 | CB22: =CA22-CA21 -> 0 | CD22: =CE21 -> 0 | CF22: =CE22-CD22 -> 0 | CG22: =CF22-CF21 -> 0 | CI22: =CJ21 -> 0 | CK22: =CJ22-CI22 -> 0 | CL22: =CK22-CK21 -> 0 | CN22: =CO21 -> 0 | CP22: =CO22-CN22 -> 0 | CQ22: =CP22-CP21 -> 0 | CS22: =CT21 -> 0 | CU22: =CT22-CS22 -> 0 | CV22: =CU22-CU21 -> 0 | CX22: =CY21 -> 0 | CZ22: =CY22-CX22 -> 0 | DA22: =CZ22-CZ21 -> 0 | DC22: =DD21 -> 0 | DE22: =DD22-DC22 -> 0 | DF22: =DE22-DE21 -> 0 | DH22: =DI21 -> 0 | DJ22: =DI22-DH22 -> 0 | DK22: =DJ22-DJ21 -> 0 | DM22: =DN21 -> 0 | DO22: =DN22-DM22 -> 0 | DP22: =DO22-DO21 -> 0 | DR22: =DS21 -> 0 | DT22: =DS22-DR22 -> 0 | DU22: =DT22-DT21 -> 0 | DW22: =DX21 -> 0 | DY22: =DX22-DW22 -> 0 | DZ22: =DY22-DY21 -> 0 | EB22: =EC21 -> 0 | ED22: =EC22-EB22 -> 0 | EE22: =EF21 -> 0 | EG22: =EF22-EE22 -> 0 | EH22: =EI21 -> 0 | EJ22: =EI22-EH22 -> 0 | EK22: =EL21 -> 0 | EM22: =EL22-EK22 -> 0 | EN22: =EO21 -> 0 | EP22: =EO22-EN22 -> 0 | EQ22: =AH22+AM22+AR22+AW22+BB22+BG22+BL22+BQ22+BV22 -> 0 | ER22: =(EQ22/V22)*100 -> #DIV/0!
A23: 18 | B23: =C22 -> 0 | D23: =MAX(0,C23-B23) -> 0 | F23: 18 | G23: =H22 -> 0 | I23: =MAX(0,H23-G23) -> 0 | K23: 18 | L23: =M22 -> 0 | N23: =MAX(0,M23-L23) -> 0 | P23: 18 | Q23: =R22 -> 0 | S23: =MAX(0,R23-Q23) -> 0 | U23: 18 | V23: =SUM(S23+N23+I23+D23) -> 0 | W23: ='Maldives at LG Daily'!I22 -> 0 | Z23: 18 | AA23: =AB22 -> 0 | AC23: =AB23-AA23 -> 0 | AD23: =AC23-AC22 -> 0 | AF23: =AG22 -> 0 | AH23: =AG23-AF23 -> 0 | AI23: =AH23-AH22 -> 0 | AK23: =AL22 -> 0 | AM23: =AL23-AK23 -> 0 | AN23: =AM23-AM22 -> 0 | AP23: =AQ22 -> 0 | AR23: =AQ23-AP23 -> 0 | AS23: =AR23-AR22 -> 0 | AU23: =AV22 -> 0 | AW23: =AV23-AU23 -> 0 | AX23: =AW23-AW22 -> 0 | AZ23: =BA22 -> 0 | BB23: =BA23-AZ23 -> 0 | BC23: =BB23-BB22 -> 0 | BE23: =BF22 -> 0 | BG23: =BF23-BE23 -> 0 | BH23: =BG23-BG22 -> 0 | BJ23: =BK22 -> 0 | BL23: =BK23-BJ23 -> 0 | BM23: =BL23-BL22 -> 0 | BO23: =BP22 -> 0 | BQ23: =BP23-BO23 -> 0 | BR23: =BQ23-BQ22 -> 0 | BT23: =BU22 -> 0 | BV23: =BU23-BT23 -> 0 | BW23: =BV23-BV22 -> 0 | BY23: =BZ22 -> 0 | CA23: =BZ23-BY23 -> 0 | CB23: =CA23-CA22 -> 0 | CD23: =CE22 -> 0 | CF23: =CE23-CD23 -> 0 | CG23: =CF23-CF22 -> 0 | CI23: =CJ22 -> 0 | CK23: =CJ23-CI23 -> 0 | CL23: =CK23-CK22 -> 0 | CN23: =CO22 -> 0 | CP23: =CO23-CN23 -> 0 | CQ23: =CP23-CP22 -> 0 | CS23: =CT22 -> 0 | CU23: =CT23-CS23 -> 0 | CV23: =CU23-CU22 -> 0 | CX23: =CY22 -> 0 | CZ23: =CY23-CX23 -> 0 | DA23: =CZ23-CZ22 -> 0 | DC23: =DD22 -> 0 | DE23: =DD23-DC23 -> 0 | DF23: =DE23-DE22 -> 0 | DH23: =DI22 -> 0 | DJ23: =DI23-DH23 -> 0 | DK23: =DJ23-DJ22 -> 0 | DM23: =DN22 -> 0 | DO23: =DN23-DM23 -> 0 | DP23: =DO23-DO22 -> 0 | DR23: =DS22 -> 0 | DT23: =DS23-DR23 -> 0 | DU23: =DT23-DT22 -> 0 | DW23: =DX22 -> 0 | DY23: =DX23-DW23 -> 0 | DZ23: =DY23-DY22 -> 0 | EB23: =EC22 -> 0 | ED23: =EC23-EB23 -> 0 | EE23: =EF22 -> 0 | EG23: =EF23-EE23 -> 0 | EH23: =EI22 -> 0 | EJ23: =EI23-EH23 -> 0 | EK23: =EL22 -> 0 | EM23: =EL23-EK23 -> 0 | EN23: =EO22 -> 0 | EP23: =EO23-EN23 -> 0 | EQ23: =AH23+AM23+AR23+AW23+BB23+BG23+BL23+BQ23+BV23 -> 0 | ER23: =(EQ23/V23)*100 -> #DIV/0!
A24: 19 | B24: =C23 -> 0 | D24: =MAX(0,C24-B24) -> 0 | F24: 19 | G24: =H23 -> 0 | I24: =MAX(0,H24-G24) -> 0 | K24: 19 | L24: =M23 -> 0 | N24: =MAX(0,M24-L24) -> 0 | P24: 19 | Q24: =R23 -> 0 | S24: =MAX(0,R24-Q24) -> 0 | U24: 19 | V24: =SUM(S24+N24+I24+D24) -> 0 | W24: ='Maldives at LG Daily'!I23 -> 0 | Z24: 19 | AA24: =AB23 -> 0 | AC24: =AB24-AA24 -> 0 | AD24: =AC24-AC23 -> 0 | AF24: =AG23 -> 0 | AH24: =AG24-AF24 -> 0 | AI24: =AH24-AH23 -> 0 | AK24: =AL23 -> 0 | AM24: =AL24-AK24 -> 0 | AN24: =AM24-AM23 -> 0 | AP24: =AQ23 -> 0 | AR24: =AQ24-AP24 -> 0 | AS24: =AR24-AR23 -> 0 | AU24: =AV23 -> 0 | AW24: =AV24-AU24 -> 0 | AX24: =AW24-AW23 -> 0 | AZ24: =BA23 -> 0 | BB24: =BA24-AZ24 -> 0 | BC24: =BB24-BB23 -> 0 | BE24: =BF23 -> 0 | BG24: =BF24-BE24 -> 0 | BH24: =BG24-BG23 -> 0 | BJ24: =BK23 -> 0 | BL24: =BK24-BJ24 -> 0 | BM24: =BL24-BL23 -> 0 | BO24: =BP23 -> 0 | BQ24: =BP24-BO24 -> 0 | BR24: =BQ24-BQ23 -> 0 | BT24: =BU23 -> 0 | BV24: =BU24-BT24 -> 0 | BW24: =BV24-BV23 -> 0 | BY24: =BZ23 -> 0 | CA24: =BZ24-BY24 -> 0 | CB24: =CA24-CA23 -> 0 | CD24: =CE23 -> 0 | CF24: =CE24-CD24 -> 0 | CG24: =CF24-CF23 -> 0 | CI24: =CJ23 -> 0 | CK24: =CJ24-CI24 -> 0 | CL24: =CK24-CK23 -> 0 | CN24: =CO23 -> 0 | CP24: =CO24-CN24 -> 0 | CQ24: =CP24-CP23 -> 0 | CS24: =CT23 -> 0 | CU24: =CT24-CS24 -> 0 | CV24: =CU24-CU23 -> 0 | CX24: =CY23 -> 0 | CZ24: =CY24-CX24 -> 0 | DA24: =CZ24-CZ23 -> 0 | DC24: =DD23 -> 0 | DE24: =DD24-DC24 -> 0 | DF24: =DE24-DE23 -> 0 | DH24: =DI23 -> 0 | DJ24: =DI24-DH24 -> 0 | DK24: =DJ24-DJ23 -> 0 | DM24: =DN23 -> 0 | DO24: =DN24-DM24 -> 0 | DP24: =DO24-DO23 -> 0 | DR24: =DS23 -> 0 | DT24: =DS24-DR24 -> 0 | DU24: =DT24-DT23 -> 0 | DW24: =DX23 -> 0 | DY24: =DX24-DW24 -> 0 | DZ24: =DY24-DY23 -> 0 | EB24: =EC23 -> 0 | ED24: =EC24-EB24 -> 0 | EE24: =EF23 -> 0 | EG24: =EF24-EE24 -> 0 | EH24: =EI23 -> 0 | EJ24: =EI24-EH24 -> 0 | EK24: =EL23 -> 0 | EM24: =EL24-EK24 -> 0 | EN24: =EO23 -> 0 | EP24: =EO24-EN24 -> 0 | EQ24: =AH24+AM24+AR24+AW24+BB24+BG24+BL24+BQ24+BV24 -> 0 | ER24: =(EQ24/V24)*100 -> #DIV/0!
A25: 20 | B25: =C24 -> 0 | D25: =MAX(0,C25-B25) -> 0 | F25: 20 | G25: =H24 -> 0 | I25: =MAX(0,H25-G25) -> 0 | K25: 20 | L25: =M24 -> 0 | N25: =MAX(0,M25-L25) -> 0 | P25: 20 | Q25: =R24 -> 0 | S25: =MAX(0,R25-Q25) -> 0 | U25: 20 | V25: =SUM(S25+N25+I25+D25) -> 0 | W25: ='Maldives at LG Daily'!I24 -> 0 | Z25: 20 | AA25: =AB24 -> 0 | AC25: =AB25-AA25 -> 0 | AD25: =AC25-AC24 -> 0 | AF25: =AG24 -> 0 | AH25: =AG25-AF25 -> 0 | AI25: =AH25-AH24 -> 0 | AK25: =AL24 -> 0 | AM25: =AL25-AK25 -> 0 | AN25: =AM25-AM24 -> 0 | AP25: =AQ24 -> 0 | AR25: =AQ25-AP25 -> 0 | AS25: =AR25-AR24 -> 0 | AU25: =AV24 -> 0 | AW25: =AV25-AU25 -> 0 | AX25: =AW25-AW24 -> 0 | AZ25: =BA24 -> 0 | BB25: =BA25-AZ25 -> 0 | BC25: =BB25-BB24 -> 0 | BE25: =BF24 -> 0 | BG25: =BF25-BE25 -> 0 | BH25: =BG25-BG24 -> 0 | BJ25: =BK24 -> 0 | BL25: =BK25-BJ25 -> 0 | BM25: =BL25-BL24 -> 0 | BO25: =BP24 -> 0 | BQ25: =BP25-BO25 -> 0 | BR25: =BQ25-BQ24 -> 0 | BT25: =BU24 -> 0 | BV25: =BU25-BT25 -> 0 | BW25: =BV25-BV24 -> 0 | BY25: =BZ24 -> 0 | CA25: =BZ25-BY25 -> 0 | CB25: =CA25-CA24 -> 0 | CD25: =CE24 -> 0 | CF25: =CE25-CD25 -> 0 | CG25: =CF25-CF24 -> 0 | CI25: =CJ24 -> 0 | CK25: =CJ25-CI25 -> 0 | CL25: =CK25-CK24 -> 0 | CN25: =CO24 -> 0 | CP25: =CO25-CN25 -> 0 | CQ25: =CP25-CP24 -> 0 | CS25: =CT24 -> 0 | CU25: =CT25-CS25 -> 0 | CV25: =CU25-CU24 -> 0 | CX25: =CY24 -> 0 | CZ25: =CY25-CX25 -> 0 | DA25: =CZ25-CZ24 -> 0 | DC25: =DD24 -> 0 | DE25: =DD25-DC25 -> 0 | DF25: =DE25-DE24 -> 0 | DH25: =DI24 -> 0 | DJ25: =DI25-DH25 -> 0 | DK25: =DJ25-DJ24 -> 0 | DM25: =DN24 -> 0 | DO25: =DN25-DM25 -> 0 | DP25: =DO25-DO24 -> 0 | DR25: =DS24 -> 0 | DT25: =DS25-DR25 -> 0 | DU25: =DT25-DT24 -> 0 | DW25: =DX24 -> 0 | DY25: =DX25-DW25 -> 0 | DZ25: =DY25-DY24 -> 0 | EB25: =EC24 -> 0 | ED25: =EC25-EB25 -> 0 | EE25: =EF24 -> 0 | EG25: =EF25-EE25 -> 0 | EH25: =EI24 -> 0 | EJ25: =EI25-EH25 -> 0 | EK25: =EL24 -> 0 | EM25: =EL25-EK25 -> 0 | EN25: =EO24 -> 0 | EP25: =EO25-EN25 -> 0 | EQ25: =AH25+AM25+AR25+AW25+BB25+BG25+BL25+BQ25+BV25 -> 0 | ER25: =(EQ25/V25)*100 -> #DIV/0!
A26: 21 | B26: =C25 -> 0 | D26: =MAX(0,C26-B26) -> 0 | F26: 21 | G26: =H25 -> 0 | I26: =MAX(0,H26-G26) -> 0 | K26: 21 | L26: =M25 -> 0 | N26: =MAX(0,M26-L26) -> 0 | P26: 21 | Q26: =R25 -> 0 | S26: =MAX(0,R26-Q26) -> 0 | U26: 21 | V26: =SUM(S26+N26+I26+D26) -> 0 | W26: ='Maldives at LG Daily'!I25 -> 0 | Z26: 21 | AA26: =AB25 -> 0 | AC26: =AB26-AA26 -> 0 | AD26: =AC26-AC25 -> 0 | AF26: =AG25 -> 0 | AH26: =AG26-AF26 -> 0 | AI26: =AH26-AH25 -> 0 | AK26: =AL25 -> 0 | AM26: =AL26-AK26 -> 0 | AN26: =AM26-AM25 -> 0 | AP26: =AQ25 -> 0 | AR26: =AQ26-AP26 -> 0 | AS26: =AR26-AR25 -> 0 | AU26: =AV25 -> 0 | AW26: =AV26-AU26 -> 0 | AX26: =AW26-AW25 -> 0 | AZ26: =BA25 -> 0 | BB26: =BA26-AZ26 -> 0 | BC26: =BB26-BB25 -> 0 | BE26: =BF25 -> 0 | BG26: =BF26-BE26 -> 0 | BH26: =BG26-BG25 -> 0 | BJ26: =BK25 -> 0 | BL26: =BK26-BJ26 -> 0 | BM26: =BL26-BL25 -> 0 | BO26: =BP25 -> 0 | BQ26: =BP26-BO26 -> 0 | BR26: =BQ26-BQ25 -> 0 | BT26: =BU25 -> 0 | BV26: =BU26-BT26 -> 0 | BW26: =BV26-BV25 -> 0 | BY26: =BZ25 -> 0 | CA26: =BZ26-BY26 -> 0 | CB26: =CA26-CA25 -> 0 | CD26: =CE25 -> 0 | CF26: =CE26-CD26 -> 0 | CG26: =CF26-CF25 -> 0 | CI26: =CJ25 -> 0 | CK26: =CJ26-CI26 -> 0 | CL26: =CK26-CK25 -> 0 | CN26: =CO25 -> 0 | CP26: =CO26-CN26 -> 0 | CQ26: =CP26-CP25 -> 0 | CS26: =CT25 -> 0 | CU26: =CT26-CS26 -> 0 | CV26: =CU26-CU25 -> 0 | CX26: =CY25 -> 0 | CZ26: =CY26-CX26 -> 0 | DA26: =CZ26-CZ25 -> 0 | DC26: =DD25 -> 0 | DE26: =DD26-DC26 -> 0 | DF26: =DE26-DE25 -> 0 | DH26: =DI25 -> 0 | DJ26: =DI26-DH26 -> 0 | DK26: =DJ26-DJ25 -> 0 | DM26: =DN25 -> 0 | DO26: =DN26-DM26 -> 0 | DP26: =DO26-DO25 -> 0 | DR26: =DS25 -> 0 | DT26: =DS26-DR26 -> 0 | DU26: =DT26-DT25 -> 0 | DW26: =DX25 -> 0 | DY26: =DX26-DW26 -> 0 | DZ26: =DY26-DY25 -> 0 | EB26: =EC25 -> 0 | ED26: =EC26-EB26 -> 0 | EE26: =EF25 -> 0 | EG26: =EF26-EE26 -> 0 | EH26: =EI25 -> 0 | EJ26: =EI26-EH26 -> 0 | EK26: =EL25 -> 0 | EM26: =EL26-EK26 -> 0 | EN26: =EO25 -> 0 | EP26: =EO26-EN26 -> 0 | EQ26: =AH26+AM26+AR26+AW26+BB26+BG26+BL26+BQ26+BV26 -> 0 | ER26: =(EQ26/V26)*100 -> #DIV/0!
A27: 22 | B27: =C26 -> 0 | D27: =MAX(0,C27-B27) -> 0 | F27: 22 | G27: =H26 -> 0 | I27: =MAX(0,H27-G27) -> 0 | K27: 22 | L27: =M26 -> 0 | N27: =MAX(0,M27-L27) -> 0 | P27: 22 | Q27: =R26 -> 0 | S27: =MAX(0,R27-Q27) -> 0 | U27: 22 | V27: =SUM(S27+N27+I27+D27) -> 0 | W27: ='Maldives at LG Daily'!I26 -> 0 | Z27: 22 | AA27: =AB26 -> 0 | AC27: =AB27-AA27 -> 0 | AD27: =AC27-AC26 -> 0 | AF27: =AG26 -> 0 | AH27: =AG27-AF27 -> 0 | AI27: =AH27-AH26 -> 0 | AK27: =AL26 -> 0 | AM27: =AL27-AK27 -> 0 | AN27: =AM27-AM26 -> 0 | AP27: =AQ26 -> 0 | AR27: =AQ27-AP27 -> 0 | AS27: =AR27-AR26 -> 0 | AU27: =AV26 -> 0 | AW27: =AV27-AU27 -> 0 | AX27: =AW27-AW26 -> 0 | AZ27: =BA26 -> 0 | BB27: =BA27-AZ27 -> 0 | BC27: =BB27-BB26 -> 0 | BE27: =BF26 -> 0 | BG27: =BF27-BE27 -> 0 | BH27: =BG27-BG26 -> 0 | BJ27: =BK26 -> 0 | BL27: =BK27-BJ27 -> 0 | BM27: =BL27-BL26 -> 0 | BO27: =BP26 -> 0 | BQ27: =BP27-BO27 -> 0 | BR27: =BQ27-BQ26 -> 0 | BT27: =BU26 -> 0 | BV27: =BU27-BT27 -> 0 | BW27: =BV27-BV26 -> 0 | BY27: =BZ26 -> 0 | CA27: =BZ27-BY27 -> 0 | CB27: =CA27-CA26 -> 0 | CD27: =CE26 -> 0 | CF27: =CE27-CD27 -> 0 | CG27: =CF27-CF26 -> 0 | CI27: =CJ26 -> 0 | CK27: =CJ27-CI27 -> 0 | CL27: =CK27-CK26 -> 0 | CN27: 24159 | CP27: =CO27-CN27 -> -24159 | CQ27: =CP27-CP26 -> -24159 | CS27: =CT26 -> 0 | CU27: =CT27-CS27 -> 0 | CV27: =CU27-CU26 -> 0 | CX27: =CY26 -> 0 | CZ27: =CY27-CX27 -> 0 | DA27: =CZ27-CZ26 -> 0 | DC27: =DD26 -> 0 | DE27: =DD27-DC27 -> 0 | DF27: =DE27-DE26 -> 0 | DH27: =DI26 -> 0 | DJ27: =DI27-DH27 -> 0 | DK27: =DJ27-DJ26 -> 0 | DM27: =DN26 -> 0 | DO27: =DN27-DM27 -> 0 | DP27: =DO27-DO26 -> 0 | DR27: =DS26 -> 0 | DT27: =DS27-DR27 -> 0 | DU27: =DT27-DT26 -> 0 | DW27: =DX26 -> 0 | DY27: =DX27-DW27 -> 0 | DZ27: =DY27-DY26 -> 0 | EB27: =EC26 -> 0 | ED27: =EC27-EB27 -> 0 | EE27: =EF26 -> 0 | EG27: =EF27-EE27 -> 0 | EH27: =EI26 -> 0 | EJ27: =EI27-EH27 -> 0 | EK27: =EL26 -> 0 | EM27: =EL27-EK27 -> 0 | EN27: =EO26 -> 0 | EP27: =EO27-EN27 -> 0 | EQ27: =AH27+AM27+AR27+AW27+BB27+BG27+BL27+BQ27+BV27 -> 0 | ER27: =(EQ27/V27)*100 -> #DIV/0!
A28: 23 | B28: =C27 -> 0 | D28: =MAX(0,C28-B28) -> 0 | F28: 23 | G28: =H27 -> 0 | I28: =MAX(0,H28-G28) -> 0 | K28: 23 | L28: =M27 -> 0 | N28: =MAX(0,M28-L28) -> 0 | P28: 23 | Q28: =R27 -> 0 | S28: =MAX(0,R28-Q28) -> 0 | U28: 23 | V28: =SUM(S28+N28+I28+D28) -> 0 | W28: ='Maldives at LG Daily'!I27 -> 0 | Z28: 23 | AA28: =AB27 -> 0 | AC28: =AB28-AA28 -> 0 | AD28: =AC28-AC27 -> 0 | AF28: =AG27 -> 0 | AH28: =AG28-AF28 -> 0 | AI28: =AH28-AH27 -> 0 | AK28: =AL27 -> 0 | AM28: =AL28-AK28 -> 0 | AN28: =AM28-AM27 -> 0 | AP28: =AQ27 -> 0 | AR28: =AQ28-AP28 -> 0 | AS28: =AR28-AR27 -> 0 | AU28: =AV27 -> 0 | AW28: =AV28-AU28 -> 0 | AX28: =AW28-AW27 -> 0 | AZ28: =BA27 -> 0 | BB28: =BA28-AZ28 -> 0 | BC28: =BB28-BB27 -> 0 | BE28: =BF27 -> 0 | BG28: =BF28-BE28 -> 0 | BH28: =BG28-BG27 -> 0 | BJ28: =BK27 -> 0 | BL28: =BK28-BJ28 -> 0 | BM28: =BL28-BL27 -> 0 | BO28: =BP27 -> 0 | BQ28: =BP28-BO28 -> 0 | BR28: =BQ28-BQ27 -> 0 | BT28: =BU27 -> 0 | BV28: =BU28-BT28 -> 0 | BW28: =BV28-BV27 -> 0 | BY28: =BZ27 -> 0 | CA28: =BZ28-BY28 -> 0 | CB28: =CA28-CA27 -> 0 | CD28: =CE27 -> 0 | CF28: =CE28-CD28 -> 0 | CG28: =CF28-CF27 -> 0 | CI28: =CJ27 -> 0 | CK28: =CJ28-CI28 -> 0 | CL28: =CK28-CK27 -> 0 | CN28: =CO27 -> 0 | CP28: =CO28-CN28 -> 0 | CQ28: =CP28-CP27 -> 24159 | CS28: =CT27 -> 0 | CU28: =CT28-CS28 -> 0 | CV28: =CU28-CU27 -> 0 | CX28: =CY27 -> 0 | CZ28: =CY28-CX28 -> 0 | DA28: =CZ28-CZ27 -> 0 | DC28: =DD27 -> 0 | DE28: =DD28-DC28 -> 0 | DF28: =DE28-DE27 -> 0 | DH28: =DI27 -> 0 | DJ28: =DI28-DH28 -> 0 | DK28: =DJ28-DJ27 -> 0 | DM28: =DN27 -> 0 | DO28: =DN28-DM28 -> 0 | DP28: =DO28-DO27 -> 0 | DR28: =DS27 -> 0 | DT28: =DS28-DR28 -> 0 | DU28: =DT28-DT27 -> 0 | DW28: =DX27 -> 0 | DY28: =DX28-DW28 -> 0 | DZ28: =DY28-DY27 -> 0 | EB28: =EC27 -> 0 | ED28: =EC28-EB28 -> 0 | EE28: =EF27 -> 0 | EG28: =EF28-EE28 -> 0 | EH28: =EI27 -> 0 | EJ28: =EI28-EH28 -> 0 | EK28: =EL27 -> 0 | EM28: =EL28-EK28 -> 0 | EN28: =EO27 -> 0 | EP28: =EO28-EN28 -> 0 | EQ28: =AH28+AM28+AR28+AW28+BB28+BG28+BL28+BQ28+BV28 -> 0 | ER28: =(EQ28/V28)*100 -> #DIV/0!
A29: 24 | B29: =C28 -> 0 | D29: =MAX(0,C29-B29) -> 0 | F29: 24 | G29: =H28 -> 0 | I29: =MAX(0,H29-G29) -> 0 | K29: 24 | L29: =M28 -> 0 | N29: =MAX(0,M29-L29) -> 0 | P29: 24 | Q29: =R28 -> 0 | S29: =MAX(0,R29-Q29) -> 0 | U29: 24 | V29: =SUM(S29+N29+I29+D29) -> 0 | W29: ='Maldives at LG Daily'!I28 -> 0 | Z29: 24 | AA29: =AB28 -> 0 | AC29: =AB29-AA29 -> 0 | AD29: =AC29-AC28 -> 0 | AF29: =AG28 -> 0 | AH29: =AG29-AF29 -> 0 | AI29: =AH29-AH28 -> 0 | AK29: =AL28 -> 0 | AM29: =AL29-AK29 -> 0 | AN29: =AM29-AM28 -> 0 | AP29: =AQ28 -> 0 | AR29: =AQ29-AP29 -> 0 | AS29: =AR29-AR28 -> 0 | AU29: =AV28 -> 0 | AW29: =AV29-AU29 -> 0 | AX29: =AW29-AW28 -> 0 | AZ29: =BA28 -> 0 | BB29: =BA29-AZ29 -> 0 | BC29: =BB29-BB28 -> 0 | BE29: =BF28 -> 0 | BG29: =BF29-BE29 -> 0 | BH29: =BG29-BG28 -> 0 | BJ29: =BK28 -> 0 | BL29: =BK29-BJ29 -> 0 | BM29: =BL29-BL28 -> 0 | BO29: =BP28 -> 0 | BQ29: =BP29-BO29 -> 0 | BR29: =BQ29-BQ28 -> 0 | BT29: =BU28 -> 0 | BV29: =BU29-BT29 -> 0 | BW29: =BV29-BV28 -> 0 | BY29: =BZ28 -> 0 | CA29: =BZ29-BY29 -> 0 | CB29: =CA29-CA28 -> 0 | CD29: =CE28 -> 0 | CF29: =CE29-CD29 -> 0 | CG29: =CF29-CF28 -> 0 | CI29: =CJ28 -> 0 | CK29: =CJ29-CI29 -> 0 | CL29: =CK29-CK28 -> 0 | CN29: =CO28 -> 0 | CP29: =CO29-CN29 -> 0 | CQ29: =CP29-CP28 -> 0 | CS29: =CT28 -> 0 | CU29: =CT29-CS29 -> 0 | CV29: =CU29-CU28 -> 0 | CX29: =CY28 -> 0 | CZ29: =CY29-CX29 -> 0 | DA29: =CZ29-CZ28 -> 0 | DC29: =DD28 -> 0 | DE29: =DD29-DC29 -> 0 | DF29: =DE29-DE28 -> 0 | DH29: =DI28 -> 0 | DJ29: =DI29-DH29 -> 0 | DK29: =DJ29-DJ28 -> 0 | DM29: =DN28 -> 0 | DO29: =DN29-DM29 -> 0 | DP29: =DO29-DO28 -> 0 | DR29: =DS28 -> 0 | DT29: =DS29-DR29 -> 0 | DU29: =DT29-DT28 -> 0 | DW29: =DX28 -> 0 | DY29: =DX29-DW29 -> 0 | DZ29: =DY29-DY28 -> 0 | EB29: =EC28 -> 0 | ED29: =EC29-EB29 -> 0 | EE29: =EF28 -> 0 | EG29: =EF29-EE29 -> 0 | EH29: =EI28 -> 0 | EJ29: =EI29-EH29 -> 0 | EK29: =EL28 -> 0 | EM29: =EL29-EK29 -> 0 | EN29: =EO28 -> 0 | EP29: =EO29-EN29 -> 0 | EQ29: =AH29+AM29+AR29+AW29+BB29+BG29+BL29+BQ29+BV29 -> 0 | ER29: =(EQ29/V29)*100 -> #DIV/0!
A30: 25 | B30: =C29 -> 0 | D30: =MAX(0,C30-B30) -> 0 | F30: 25 | G30: =H29 -> 0 | I30: =MAX(0,H30-G30) -> 0 | K30: 25 | L30: =M29 -> 0 | N30: =MAX(0,M30-L30) -> 0 | P30: 25 | Q30: =R29 -> 0 | S30: =MAX(0,R30-Q30) -> 0 | U30: 25 | V30: =SUM(S30+N30+I30+D30) -> 0 | W30: ='Maldives at LG Daily'!I29 -> 0 | Z30: 25 | AA30: =AB29 -> 0 | AC30: =AB30-AA30 -> 0 | AD30: =AC30-AC29 -> 0 | AF30: =AG29 -> 0 | AH30: =AG30-AF30 -> 0 | AI30: =AH30-AH29 -> 0 | AK30: =AL29 -> 0 | AM30: =AL30-AK30 -> 0 | AN30: =AM30-AM29 -> 0 | AP30: =AQ29 -> 0 | AR30: =AQ30-AP30 -> 0 | AS30: =AR30-AR29 -> 0 | AU30: =AV29 -> 0 | AW30: =AV30-AU30 -> 0 | AX30: =AW30-AW29 -> 0 | AZ30: =BA29 -> 0 | BB30: =BA30-AZ30 -> 0 | BC30: =BB30-BB29 -> 0 | BE30: =BF29 -> 0 | BG30: =BF30-BE30 -> 0 | BH30: =BG30-BG29 -> 0 | BJ30: =BK29 -> 0 | BL30: =BK30-BJ30 -> 0 | BM30: =BL30-BL29 -> 0 | BO30: =BP29 -> 0 | BQ30: =BP30-BO30 -> 0 | BR30: =BQ30-BQ29 -> 0 | BT30: =BU29 -> 0 | BV30: =BU30-BT30 -> 0 | BW30: =BV30-BV29 -> 0 | BY30: =BZ29 -> 0 | CA30: =BZ30-BY30 -> 0 | CB30: =CA30-CA29 -> 0 | CD30: =CE29 -> 0 | CF30: =CE30-CD30 -> 0 | CG30: =CF30-CF29 -> 0 | CI30: =CJ29 -> 0 | CK30: =CJ30-CI30 -> 0 | CL30: =CK30-CK29 -> 0 | CN30: =CO29 -> 0 | CP30: =CO30-CN30 -> 0 | CQ30: =CP30-CP29 -> 0 | CS30: =CT29 -> 0 | CU30: =CT30-CS30 -> 0 | CV30: =CU30-CU29 -> 0 | CX30: =CY29 -> 0 | CZ30: =CY30-CX30 -> 0 | DA30: =CZ30-CZ29 -> 0 | DC30: =DD29 -> 0 | DE30: =DD30-DC30 -> 0 | DF30: =DE30-DE29 -> 0 | DH30: =DI29 -> 0 | DJ30: =DI30-DH30 -> 0 | DK30: =DJ30-DJ29 -> 0 | DM30: =DN29 -> 0 | DO30: =DN30-DM30 -> 0 | DP30: =DO30-DO29 -> 0 | DR30: =DS29 -> 0 | DT30: =DS30-DR30 -> 0 | DU30: =DT30-DT29 -> 0 | DW30: =DX29 -> 0 | DY30: =DX30-DW30 -> 0 | DZ30: =DY30-DY29 -> 0 | EB30: =EC29 -> 0 | ED30: =EC30-EB30 -> 0 | EE30: =EF29 -> 0 | EG30: =EF30-EE30 -> 0 | EH30: =EI29 -> 0 | EJ30: =EI30-EH30 -> 0 | EK30: =EL29 -> 0 | EM30: =EL30-EK30 -> 0 | EN30: =EO29 -> 0 | EP30: =EO30-EN30 -> 0 | EQ30: =AH30+AM30+AR30+AW30+BB30+BG30+BL30+BQ30+BV30 -> 0 | ER30: =(EQ30/V30)*100 -> #DIV/0!
A31: 26 | B31: =C30 -> 0 | D31: =MAX(0,C31-B31) -> 0 | F31: 26 | G31: =H30 -> 0 | I31: =MAX(0,H31-G31) -> 0 | K31: 26 | L31: =M30 -> 0 | N31: =MAX(0,M31-L31) -> 0 | P31: 26 | Q31: =R30 -> 0 | S31: =MAX(0,R31-Q31) -> 0 | U31: 26 | V31: =SUM(S31+N31+I31+D31) -> 0 | W31: ='Maldives at LG Daily'!I30 -> 0 | Z31: 26 | AA31: =AB30 -> 0 | AC31: =AB31-AA31 -> 0 | AD31: =AC31-AC30 -> 0 | AF31: =AG30 -> 0 | AH31: =AG31-AF31 -> 0 | AI31: =AH31-AH30 -> 0 | AK31: =AL30 -> 0 | AM31: =AL31-AK31 -> 0 | AN31: =AM31-AM30 -> 0 | AP31: =AQ30 -> 0 | AR31: =AQ31-AP31 -> 0 | AS31: =AR31-AR30 -> 0 | AU31: =AV30 -> 0 | AW31: =AV31-AU31 -> 0 | AX31: =AW31-AW30 -> 0 | AZ31: =BA30 -> 0 | BB31: =BA31-AZ31 -> 0 | BC31: =BB31-BB30 -> 0 | BE31: =BF30 -> 0 | BG31: =BF31-BE31 -> 0 | BH31: =BG31-BG30 -> 0 | BJ31: =BK30 -> 0 | BL31: =BK31-BJ31 -> 0 | BM31: =BL31-BL30 -> 0 | BO31: =BP30 -> 0 | BQ31: =BP31-BO31 -> 0 | BR31: =BQ31-BQ30 -> 0 | BT31: =BU30 -> 0 | BV31: =BU31-BT31 -> 0 | BW31: =BV31-BV30 -> 0 | BY31: =BZ30 -> 0 | CA31: =BZ31-BY31 -> 0 | CB31: =CA31-CA30 -> 0 | CD31: =CE30 -> 0 | CF31: =CE31-CD31 -> 0 | CG31: =CF31-CF30 -> 0 | CI31: =CJ30 -> 0 | CK31: =CJ31-CI31 -> 0 | CL31: =CK31-CK30 -> 0 | CN31: =CO30 -> 0 | CP31: =CO31-CN31 -> 0 | CQ31: =CP31-CP30 -> 0 | CS31: =CT30 -> 0 | CU31: =CT31-CS31 -> 0 | CV31: =CU31-CU30 -> 0 | CX31: =CY30 -> 0 | CZ31: =CY31-CX31 -> 0 | DA31: =CZ31-CZ30 -> 0 | DC31: =DD30 -> 0 | DE31: =DD31-DC31 -> 0 | DF31: =DE31-DE30 -> 0 | DH31: =DI30 -> 0 | DJ31: =DI31-DH31 -> 0 | DK31: =DJ31-DJ30 -> 0 | DM31: =DN30 -> 0 | DO31: =DN31-DM31 -> 0 | DP31: =DO31-DO30 -> 0 | DR31: =DS30 -> 0 | DT31: =DS31-DR31 -> 0 | DU31: =DT31-DT30 -> 0 | DW31: =DX30 -> 0 | DY31: =DX31-DW31 -> 0 | DZ31: =DY31-DY30 -> 0 | EB31: =EC30 -> 0 | ED31: =EC31-EB31 -> 0 | EE31: =EF30 -> 0 | EG31: =EF31-EE31 -> 0 | EH31: =EI30 -> 0 | EJ31: =EI31-EH31 -> 0 | EK31: =EL30 -> 0 | EM31: =EL31-EK31 -> 0 | EN31: =EO30 -> 0 | EP31: =EO31-EN31 -> 0 | EQ31: =AH31+AM31+AR31+AW31+BB31+BG31+BL31+BQ31+BV31 -> 0 | ER31: =(EQ31/V31)*100 -> #DIV/0!
A32: 27 | B32: =C31 -> 0 | D32: =MAX(0,C32-B32) -> 0 | F32: 27 | G32: =H31 -> 0 | I32: =MAX(0,H32-G32) -> 0 | K32: 27 | L32: =M31 -> 0 | N32: =MAX(0,M32-L32) -> 0 | P32: 27 | Q32: =R31 -> 0 | S32: =MAX(0,R32-Q32) -> 0 | U32: 27 | V32: =SUM(S32+N32+I32+D32) -> 0 | W32: ='Maldives at LG Daily'!I31 -> 0 | Z32: 27 | AA32: =AB31 -> 0 | AC32: =AB32-AA32 -> 0 | AD32: =AC32-AC31 -> 0 | AF32: =AG31 -> 0 | AH32: =AG32-AF32 -> 0 | AI32: =AH32-AH31 -> 0 | AK32: =AL31 -> 0 | AM32: =AL32-AK32 -> 0 | AN32: =AM32-AM31 -> 0 | AP32: =AQ31 -> 0 | AR32: =AQ32-AP32 -> 0 | AS32: =AR32-AR31 -> 0 | AU32: =AV31 -> 0 | AW32: =AV32-AU32 -> 0 | AX32: =AW32-AW31 -> 0 | AZ32: =BA31 -> 0 | BB32: =BA32-AZ32 -> 0 | BC32: =BB32-BB31 -> 0 | BE32: =BF31 -> 0 | BG32: =BF32-BE32 -> 0 | BH32: =BG32-BG31 -> 0 | BJ32: =BK31 -> 0 | BL32: =BK32-BJ32 -> 0 | BM32: =BL32-BL31 -> 0 | BO32: =BP31 -> 0 | BQ32: =BP32-BO32 -> 0 | BR32: =BQ32-BQ31 -> 0 | BT32: =BU31 -> 0 | BV32: =BU32-BT32 -> 0 | BW32: =BV32-BV31 -> 0 | BY32: =BZ31 -> 0 | CA32: =BZ32-BY32 -> 0 | CB32: =CA32-CA31 -> 0 | CD32: =CE31 -> 0 | CF32: =CE32-CD32 -> 0 | CG32: =CF32-CF31 -> 0 | CI32: =CJ31 -> 0 | CK32: =CJ32-CI32 -> 0 | CL32: =CK32-CK31 -> 0 | CN32: =CO31 -> 0 | CP32: =CO32-CN32 -> 0 | CQ32: =CP32-CP31 -> 0 | CS32: =CT31 -> 0 | CU32: =CT32-CS32 -> 0 | CV32: =CU32-CU31 -> 0 | CX32: =CY31 -> 0 | CZ32: =CY32-CX32 -> 0 | DA32: =CZ32-CZ31 -> 0 | DC32: =DD31 -> 0 | DE32: =DD32-DC32 -> 0 | DF32: =DE32-DE31 -> 0 | DH32: =DI31 -> 0 | DJ32: =DI32-DH32 -> 0 | DK32: =DJ32-DJ31 -> 0 | DM32: =DN31 -> 0 | DO32: =DN32-DM32 -> 0 | DP32: =DO32-DO31 -> 0 | DR32: =DS31 -> 0 | DT32: =DS32-DR32 -> 0 | DU32: =DT32-DT31 -> 0 | DW32: =DX31 -> 0 | DY32: =DX32-DW32 -> 0 | DZ32: =DY32-DY31 -> 0 | EB32: =EC31 -> 0 | ED32: =EC32-EB32 -> 0 | EE32: =EF31 -> 0 | EG32: =EF32-EE32 -> 0 | EH32: =EI31 -> 0 | EJ32: =EI32-EH32 -> 0 | EK32: =EL31 -> 0 | EM32: =EL32-EK32 -> 0 | EN32: =EO31 -> 0 | EP32: =EO32-EN32 -> 0 | EQ32: =AH32+AM32+AR32+AW32+BB32+BG32+BL32+BQ32+BV32 -> 0 | ER32: =(EQ32/V32)*100 -> #DIV/0!
A33: 28 | B33: =C32 -> 0 | D33: =MAX(0,C33-B33) -> 0 | F33: 28 | G33: =H32 -> 0 | I33: =MAX(0,H33-G33) -> 0 | K33: 28 | L33: =M32 -> 0 | N33: =MAX(0,M33-L33) -> 0 | P33: 28 | Q33: =R32 -> 0 | S33: =MAX(0,R33-Q33) -> 0 | U33: 28 | V33: =SUM(S33+N33+I33+D33) -> 0 | W33: ='Maldives at LG Daily'!I32 -> 0 | Z33: 28 | AA33: =AB32 -> 0 | AC33: =AB33-AA33 -> 0 | AD33: =AC33-AC32 -> 0 | AF33: =AG32 -> 0 | AH33: =AG33-AF33 -> 0 | AI33: =AH33-AH32 -> 0 | AK33: =AL32 -> 0 | AM33: =AL33-AK33 -> 0 | AN33: =AM33-AM32 -> 0 | AP33: =AQ32 -> 0 | AR33: =AQ33-AP33 -> 0 | AS33: =AR33-AR32 -> 0 | AU33: =AV32 -> 0 | AW33: =AV33-AU33 -> 0 | AX33: =AW33-AW32 -> 0 | AZ33: =BA32 -> 0 | BB33: =BA33-AZ33 -> 0 | BC33: =BB33-BB32 -> 0 | BE33: =BF32 -> 0 | BG33: =BF33-BE33 -> 0 | BH33: =BG33-BG32 -> 0 | BJ33: =BK32 -> 0 | BL33: =BK33-BJ33 -> 0 | BM33: =BL33-BL32 -> 0 | BO33: =BP32 -> 0 | BQ33: =BP33-BO33 -> 0 | BR33: =BQ33-BQ32 -> 0 | BT33: =BU32 -> 0 | BV33: =BU33-BT33 -> 0 | BW33: =BV33-BV32 -> 0 | BY33: =BZ32 -> 0 | CA33: =BZ33-BY33 -> 0 | CB33: =CA33-CA32 -> 0 | CD33: =CE32 -> 0 | CF33: =CE33-CD33 -> 0 | CG33: =CF33-CF32 -> 0 | CI33: =CJ32 -> 0 | CK33: =CJ33-CI33 -> 0 | CL33: =CK33-CK32 -> 0 | CN33: =CO32 -> 0 | CP33: =CO33-CN33 -> 0 | CQ33: =CP33-CP32 -> 0 | CS33: =CT32 -> 0 | CU33: =CT33-CS33 -> 0 | CV33: =CU33-CU32 -> 0 | CX33: =CY32 -> 0 | CZ33: =CY33-CX33 -> 0 | DA33: =CZ33-CZ32 -> 0 | DC33: =DD32 -> 0 | DE33: =DD33-DC33 -> 0 | DF33: =DE33-DE32 -> 0 | DH33: =DI32 -> 0 | DJ33: =DI33-DH33 -> 0 | DK33: =DJ33-DJ32 -> 0 | DM33: =DN32 -> 0 | DO33: =DN33-DM33 -> 0 | DP33: =DO33-DO32 -> 0 | DR33: =DS32 -> 0 | DT33: =DS33-DR33 -> 0 | DU33: =DT33-DT32 -> 0 | DW33: =DX32 -> 0 | DY33: =DX33-DW33 -> 0 | DZ33: =DY33-DY32 -> 0 | EB33: =EC32 -> 0 | ED33: =EC33-EB33 -> 0 | EE33: =EF32 -> 0 | EG33: =EF33-EE33 -> 0 | EH33: =EI32 -> 0 | EJ33: =EI33-EH33 -> 0 | EK33: =EL32 -> 0 | EM33: =EL33-EK33 -> 0 | EN33: =EO32 -> 0 | EP33: =EO33-EN33 -> 0 | EQ33: =AH33+AM33+AR33+AW33+BB33+BG33+BL33+BQ33+BV33 -> 0 | ER33: =(EQ33/V33)*100 -> #DIV/0!
A34: 29 | B34: =C33 -> 0 | D34: =MAX(0,C34-B34) -> 0 | F34: 29 | G34: =H33 -> 0 | I34: =MAX(0,H34-G34) -> 0 | K34: 29 | L34: =M33 -> 0 | N34: =MAX(0,M34-L34) -> 0 | P34: 29 | Q34: =R33 -> 0 | S34: =MAX(0,R34-Q34) -> 0 | U34: 29 | V34: =SUM(S34+N34+I34+D34) -> 0 | W34: ='Maldives at LG Daily'!I33 -> 0 | Z34: 29 | AA34: =AB33 -> 0 | AC34: =AB34-AA34 -> 0 | AD34: =AC34-AC33 -> 0 | AF34: =AG33 -> 0 | AH34: =AG34-AF34 -> 0 | AI34: =AH34-AH33 -> 0 | AK34: =AL33 -> 0 | AM34: =AL34-AK34 -> 0 | AN34: =AM34-AM33 -> 0 | AP34: =AQ33 -> 0 | AR34: =AQ34-AP34 -> 0 | AS34: =AR34-AR33 -> 0 | AU34: =AV33 -> 0 | AW34: =AV34-AU34 -> 0 | AX34: =AW34-AW33 -> 0 | AZ34: =BA33 -> 0 | BB34: =BA34-AZ34 -> 0 | BC34: =BB34-BB33 -> 0 | BE34: =BF33 -> 0 | BG34: =BF34-BE34 -> 0 | BH34: =BG34-BG33 -> 0 | BJ34: =BK33 -> 0 | BL34: =BK34-BJ34 -> 0 | BM34: =BL34-BL33 -> 0 | BO34: =BP33 -> 0 | BQ34: =BP34-BO34 -> 0 | BR34: =BQ34-BQ33 -> 0 | BT34: =BU33 -> 0 | BV34: =BU34-BT34 -> 0 | BW34: =BV34-BV33 -> 0 | BY34: =BZ33 -> 0 | CA34: =BZ34-BY34 -> 0 | CB34: =CA34-CA33 -> 0 | CD34: =CE33 -> 0 | CF34: =CE34-CD34 -> 0 | CG34: =CF34-CF33 -> 0 | CI34: =CJ33 -> 0 | CK34: =CJ34-CI34 -> 0 | CL34: =CK34-CK33 -> 0 | CN34: =CO33 -> 0 | CP34: =CO34-CN34 -> 0 | CQ34: =CP34-CP33 -> 0 | CS34: =CT33 -> 0 | CU34: =CT34-CS34 -> 0 | CV34: =CU34-CU33 -> 0 | CX34: =CY33 -> 0 | CZ34: =CY34-CX34 -> 0 | DA34: =CZ34-CZ33 -> 0 | DC34: =DD33 -> 0 | DE34: =DD34-DC34 -> 0 | DF34: =DE34-DE33 -> 0 | DH34: =DI33 -> 0 | DJ34: =DI34-DH34 -> 0 | DK34: =DJ34-DJ33 -> 0 | DM34: =DN33 -> 0 | DO34: =DN34-DM34 -> 0 | DP34: =DO34-DO33 -> 0 | DR34: =DS33 -> 0 | DT34: =DS34-DR34 -> 0 | DU34: =DT34-DT33 -> 0 | DW34: =DX33 -> 0 | DY34: =DX34-DW34 -> 0 | DZ34: =DY34-DY33 -> 0 | EB34: =EC33 -> 0 | ED34: =EC34-EB34 -> 0 | EE34: =EF33 -> 0 | EG34: =EF34-EE34 -> 0 | EH34: =EI33 -> 0 | EJ34: =EI34-EH34 -> 0 | EK34: =EL33 -> 0 | EM34: =EL34-EK34 -> 0 | EN34: =EO33 -> 0 | EP34: =EO34-EN34 -> 0 | EQ34: =AH34+AM34+AR34+AW34+BB34+BG34+BL34+BQ34+BV34 -> 0 | ER34: =(EQ34/V34)*100 -> #DIV/0!
A35: 30 | B35: =C34 -> 0 | D35: =MAX(0,C35-B35) -> 0 | F35: 30 | G35: =H34 -> 0 | I35: =MAX(0,H35-G35) -> 0 | K35: 30 | L35: =M34 -> 0 | N35: =MAX(0,M35-L35) -> 0 | P35: 30 | Q35: =R34 -> 0 | S35: =MAX(0,R35-Q35) -> 0 | U35: 30 | V35: =SUM(S35+N35+I35+D35) -> 0 | W35: ='Maldives at LG Daily'!I34 -> 0 | Z35: 30 | AA35: =AB34 -> 0 | AC35: =AB35-AA35 -> 0 | AD35: =AC35-AC34 -> 0 | AF35: =AG34 -> 0 | AH35: =AG35-AF35 -> 0 | AI35: =AH35-AH34 -> 0 | AK35: =AL34 -> 0 | AM35: =AL35-AK35 -> 0 | AN35: =AM35-AM34 -> 0 | AP35: =AQ34 -> 0 | AR35: =AQ35-AP35 -> 0 | AS35: =AR35-AR34 -> 0 | AU35: =AV34 -> 0 | AW35: =AV35-AU35 -> 0 | AX35: =AW35-AW34 -> 0 | AZ35: =BA34 -> 0 | BB35: =BA35-AZ35 -> 0 | BC35: =BB35-BB34 -> 0 | BE35: =BF34 -> 0 | BG35: =BF35-BE35 -> 0 | BH35: =BG35-BG34 -> 0 | BJ35: =BK34 -> 0 | BL35: =BK35-BJ35 -> 0 | BM35: =BL35-BL34 -> 0 | BO35: =BP34 -> 0 | BQ35: =BP35-BO35 -> 0 | BR35: =BQ35-BQ34 -> 0 | BT35: =BU34 -> 0 | BV35: =BU35-BT35 -> 0 | BW35: =BV35-BV34 -> 0 | BY35: =BZ34 -> 0 | CA35: =BZ35-BY35 -> 0 | CB35: =CA35-CA34 -> 0 | CD35: =CE34 -> 0 | CF35: =CE35-CD35 -> 0 | CG35: =CF35-CF34 -> 0 | CI35: =CJ34 -> 0 | CK35: =CJ35-CI35 -> 0 | CL35: =CK35-CK34 -> 0 | CN35: =CO34 -> 0 | CP35: =CO35-CN35 -> 0 | CQ35: =CP35-CP34 -> 0 | CS35: =CT34 -> 0 | CU35: =CT35-CS35 -> 0 | CV35: =CU35-CU34 -> 0 | CX35: =CY34 -> 0 | CZ35: =CY35-CX35 -> 0 | DA35: =CZ35-CZ34 -> 0 | DC35: =DD34 -> 0 | DE35: =DD35-DC35 -> 0 | DF35: =DE35-DE34 -> 0 | DH35: =DI34 -> 0 | DJ35: =DI35-DH35 -> 0 | DK35: =DJ35-DJ34 -> 0 | DM35: =DN34 -> 0 | DO35: =DN35-DM35 -> 0 | DP35: =DO35-DO34 -> 0 | DR35: =DS34 -> 0 | DT35: =DS35-DR35 -> 0 | DU35: =DT35-DT34 -> 0 | DW35: =DX34 -> 0 | DY35: =DX35-DW35 -> 0 | DZ35: =DY35-DY34 -> 0 | EB35: =EC34 -> 0 | ED35: =EC35-EB35 -> 0 | EE35: =EF34 -> 0 | EG35: =EF35-EE35 -> 0 | EH35: =EI34 -> 0 | EJ35: =EI35-EH35 -> 0 | EK35: =EL34 -> 0 | EM35: =EL35-EK35 -> 0 | EN35: =EO34 -> 0 | EP35: =EO35-EN35 -> 0 | EQ35: =AH35+AM35+AR35+AW35+BB35+BG35+BL35+BQ35+BV35 -> 0 | ER35: =(EQ35/V35)*100 -> #DIV/0!
A36: 31 | B36: =C35 -> 0 | D36: =MAX(0,C36-B36) -> 0 | F36: 31 | G36: =H35 -> 0 | I36: =MAX(0,H36-G36) -> 0 | K36: 31 | L36: =M35 -> 0 | N36: =MAX(0,M36-L36) -> 0 | P36: 31 | Q36: =R35 -> 0 | S36: =MAX(0,R36-Q36) -> 0 | U36: 31 | V36: =SUM(S36+N36+I36+D36) -> 0 | W36: ='Maldives at LG Daily'!I35 -> 0 | Z36: 31 | AA36: =AB35 -> 0 | AC36: =AB36-AA36 -> 0 | AD36: =AC36-AC35 -> 0 | AF36: =AG35 -> 0 | AH36: =AG36-AF36 -> 0 | AI36: =AH36-AH35 -> 0 | AK36: =AL35 -> 0 | AM36: =AL36-AK36 -> 0 | AN36: =AM36-AM35 -> 0 | AP36: =AQ35 -> 0 | AR36: =AQ36-AP36 -> 0 | AS36: =AR36-AR35 -> 0 | AU36: =AV35 -> 0 | AW36: =AV36-AU36 -> 0 | AX36: =AW36-AW35 -> 0 | AZ36: =BA35 -> 0 | BB36: =BA36-AZ36 -> 0 | BC36: =BB36-BB35 -> 0 | BE36: =BF35 -> 0 | BG36: =BF36-BE36 -> 0 | BH36: =BG36-BG35 -> 0 | BJ36: =BK35 -> 0 | BL36: =BK36-BJ36 -> 0 | BM36: =BL36-BL35 -> 0 | BO36: =BP35 -> 0 | BQ36: =BP36-BO36 -> 0 | BR36: =BQ36-BQ35 -> 0 | BT36: =BU35 -> 0 | BV36: =BU36-BT36 -> 0 | BW36: =BV36-BV35 -> 0 | BY36: =BZ35 -> 0 | CA36: =BZ36-BY36 -> 0 | CB36: =CA36-CA35 -> 0 | CD36: =CE35 -> 0 | CF36: =CE36-CD36 -> 0 | CG36: =CF36-CF35 -> 0 | CI36: =CJ35 -> 0 | CK36: =CJ36-CI36 -> 0 | CL36: =CK36-CK35 -> 0 | CN36: =CO35 -> 0 | CP36: =CO36-CN36 -> 0 | CQ36: =CP36-CP35 -> 0 | CS36: =CT35 -> 0 | CU36: =CT36-CS36 -> 0 | CV36: =CU36-CU35 -> 0 | CX36: =CY35 -> 0 | CZ36: =CY36-CX36 -> 0 | DA36: =CZ36-CZ35 -> 0 | DC36: =DD35 -> 0 | DE36: =DD36-DC36 -> 0 | DF36: =DE36-DE35 -> 0 | DH36: =DI35 -> 0 | DJ36: =DI36-DH36 -> 0 | DK36: =DJ36-DJ35 -> 0 | DM36: =DN35 -> 0 | DO36: =DN36-DM36 -> 0 | DP36: =DO36-DO35 -> 0 | DR36: =DS35 -> 0 | DT36: =DS36-DR36 -> 0 | DU36: =DT36-DT35 -> 0 | DW36: =DX35 -> 0 | DY36: =DX36-DW36 -> 0 | DZ36: =DY36-DY35 -> 0 | EB36: =EC35 -> 0 | ED36: =EC36-EB36 -> 0 | EE36: =EF35 -> 0 | EG36: =EF36-EE36 -> 0 | EH36: =EI35 -> 0 | EJ36: =EI36-EH36 -> 0 | EK36: =EL35 -> 0 | EM36: =EL36-EK36 -> 0 | EN36: =EO35 -> 0 | EP36: =EO36-EN36 -> 0 | EQ36: =AH36+AM36+AR36+AW36+BB36+BG36+BL36+BQ36+BV36 -> 0 | ER36: =(EQ36/V36)*100 -> #DIV/0!
A37: Total | D37: =SUM(D6:D36) -> 40 | F37: Total | I37: =SUM(I6:I36) -> 349 | K37: Total | N37: =SUM(N6:N36) -> 588 | P37: Total | S37: =SUM(S6:S36) -> 354 | W37: =SUM(W6:W36) -> 60
W38: =W37/31 -> 1.9354839

Sheet Gas-2
A2: GAS CONSUMPTION / CYLINDERS
A3: Month: | B3: =WATER!C3 -> 44621
A4: DAY | B4: Blu Kitchen & Tiki Torch | C4: Albarakath Kitchen & Tiki Torch | D4: Fuego Tiki Torch | E4: Main Kitchen | F4: Total | G4: Total Consumption | H4: Occupancy
A6: 1 | B6: 2 | C6: 1 | D6: 2 | E6: 2 | F6: =SUM(B6:E6) -> 7 | G6: =F6*45 -> 315 | H6: =WATER!W6 -> 60
A7: 2 | F7: =SUM(B7:E7) -> 0 | G7: =F7*45 -> 0 | H7: =WATER!W7 -> 0
A8: 3 | F8: =SUM(B8:E8) -> 0 | G8: =F8*45 -> 0 | H8: =WATER!W8 -> 0
A9: 4 | F9: =SUM(B9:E9) -> 0 | G9: =F9*45 -> 0 | H9: =WATER!W9 -> 0
A10: 5 | F10: =SUM(B10:E10) -> 0 | G10: =F10*45 -> 0 | H10: =WATER!W10 -> 0
A11: 6 | F11: =SUM(B11:E11) -> 0 | G11: =F11*45 -> 0 | H11: =WATER!W11 -> 0
A12: 7 | F12: =SUM(B12:E12) -> 0 | G12: =F12*45 -> 0 | H12: =WATER!W12 -> 0
A13: 8 | F13: =SUM(B13:E13) -> 0 | G13: =F13*45 -> 0 | H13: =WATER!W13 -> 0
A14: 9 | F14: =SUM(B14:E14) -> 0 | G14: =F14*45 -> 0 | H14: =WATER!W14 -> 0
A15: 10 | F15: =SUM(B15:E15) -> 0 | G15: =F15*45 -> 0 | H15: =WATER!W15 -> 0
A16: 11 | F16: =SUM(B16:E16) -> 0 | G16: =F16*45 -> 0 | H16: =WATER!W16 -> 0
A17: 12 | F17: =SUM(B17:E17) -> 0 | G17: =F17*45 -> 0 | H17: =WATER!W17 -> 0
A18: 13 | F18: =SUM(B18:E18) -> 0 | G18: =F18*45 -> 0 | H18: =WATER!W18 -> 0
... A36: 31 | F36: =SUM(B36:E36) -> 0 | G36: =F36*45 -> 0 | H36: =WATER!W36 -> 0
A37: Total | F37: =SUM(F6:F36) -> 7 | G37: =SUM(G6:G36) -> 315 | H37: =SUM(H6:H36)/30 -> 2

Sheet KWH Summary
B1: 44256
B3: Total KW Production
B4: Day | C4: Genset 1 | D4: Genset 2 | E4: Genset 3 | F4: Genset 4 | G4: Genset 5 | H4: Total
B5: 1 | C5: ='GENSET #1'!D10 -> 7957 | D5: ='GENSET #2'!D10 -> 11677 | E5: ='GENSET #3'!D10 -> 0 | F5: ='GENSET #4'!D10 -> 0 | G5: ='GENSET #5'!D10 -> 10069 | H5: =SUM(C5:G5) -> 29703
B6: 2 | C6: ='GENSET #1'!D11 -> 11213 | D6: ='GENSET #2'!D11 -> 11915 | E6: ='GENSET #3'!D11 -> 1489 | F6: ='GENSET #4'!D11 -> 1130 | G6: ='GENSET #5'!D11 -> 3896 | H6: =SUM(C6:G6) -> 29643
B7: 3 | C7: ='GENSET #1'!D12 -> 0 | D7: ='GENSET #2'!D12 -> 0 | E7: ='GENSET #3'!D12 -> 0 | F7: ='GENSET #4'!D12 -> 0 | G7: ='GENSET #5'!D12 -> 0 | H7: =SUM(C7:G7) -> 0
B8: 4 | C8: ='GENSET #1'!D13 -> 0 | D8: ='GENSET #2'!D13 -> 0 | E8: ='GENSET #3'!D13 -> 0 | F8: ='GENSET #4'!D13 -> 0 | G8: ='GENSET #5'!D13 -> 0 | H8: =SUM(C8:G8) -> 0
B9: 5 | C9: ='GENSET #1'!D14 -> 0 | D9: ='GENSET #2'!D14 -> 0 | E9: ='GENSET #3'!D14 -> 0 | F9: ='GENSET #4'!D14 -> 0 | G9: ='GENSET #5'!D14 -> 0 | H9: =SUM(C9:G9) -> 0
B10: 6 | C10: ='GENSET #1'!D15 -> 0 | D10: ='GENSET #2'!D15 -> 0 | E10: ='GENSET #3'!D15 -> 0 | F10: ='GENSET #4'!D15 -> 0 | G10: ='GENSET #5'!D15 -> 0 | H10: =SUM(C10:G10) -> 0
B11: 7 | C11: ='GENSET #1'!D16 -> 0 | D11: ='GENSET #2'!D16 -> 0 | E11: ='GENSET #3'!D16 -> 0 | F11: ='GENSET #4'!D16 -> 0 | G11: ='GENSET #5'!D16 -> 0 | H11: =SUM(C11:G11) -> 0
B12: 8 | C12: ='GENSET #1'!D17 -> 0 | D12: ='GENSET #2'!D17 -> 0 | E12: ='GENSET #3'!D17 -> 0 | F12: ='GENSET #4'!D17 -> 0 | G12: ='GENSET #5'!D17 -> 0 | H12: =SUM(C12:G12) -> 0
B13: 9 | C13: ='GENSET #1'!D18 -> 0 | D13: ='GENSET #2'!D18 -> 0 | E13: ='GENSET #3'!D18 -> 0 | F13: ='GENSET #4'!D18 -> 0 | G13: ='GENSET #5'!D18 -> 0 | H13: =SUM(C13:G13) -> 0
B14: 10 | C14: ='GENSET #1'!D19 -> 0 | D14: ='GENSET #2'!D19 -> 0 | E14: ='GENSET #3'!D19 -> 0 | F14: ='GENSET #4'!D19 -> 0 | G14: ='GENSET #5'!D19 -> 0 | H14: =SUM(C14:G14) -> 0
B15: 11 | C15: ='GENSET #1'!D20 -> 0 | D15: ='GENSET #2'!D20 -> 0 | E15: ='GENSET #3'!D20 -> 0 | F15: ='GENSET #4'!D20 -> 0 | G15: ='GENSET #5'!D20 -> 0 | H15: =SUM(C15:G15) -> 0
B16: 12 | C16: ='GENSET #1'!D21 -> 0 | D16: ='GENSET #2'!D21 -> 0 | E16: ='GENSET #3'!D21 -> 0 | F16: ='GENSET #4'!D21 -> 0 | G16: ='GENSET #5'!D21 -> 0 | H16: =SUM(C16:G16) -> 0
... B34: 30 | C34: ='GENSET #1'!D39 -> 0 | D34: ='GENSET #2'!D39 -> 0 | E34: ='GENSET #3'!D39 -> 0 | F34: ='GENSET #4'!D39 -> 0 | G34: ='GENSET #5'!D39 -> 0 | H34: =SUM(C34:G34) -> 0
B35: 31 | C35: ='GENSET #1'!#REF! -> #REF! | D35: ='GENSET #2'!#REF! -> #REF! | E35: ='GENSET #3'!#REF! -> #REF! | F35: ='GENSET #4'!#REF! -> #REF! | G35: ='GENSET #5'!#REF! -> #REF! | H35: =SUM(C35:G35) -> #REF!
A36: TOTAL | C36: =SUM(C5:C35) -> #REF! | D36: =SUM(D5:D35) -> #REF! | E36: =SUM(E5:E35) -> #REF! | F36: =SUM(F5:F35) -> #REF! | G36: =SUM(G5:G35) -> #REF!

Sheet Focus Data
B4: 44256
A7: FS LANDAA GIRAAVARU
A8: Month-Feb- 17 | B8: Electricity (KWh) | C8: Diesel (Ltrs) | D8: Solar Power (KWh) | E8: Gas | F8: Water | G8: Resort Occupancy % | H8: Gen Avg | I8: Total Kwh
A9: 1 | B9: =SUM('GENSET #1:GENSET #5'!D10) -> 29703 | C9: ='Diesel consumption'!D5 -> 8260 | D9: ='SOLAR METER READING'!D9 -> 3176 | E9: ='Gas-2'!G6 -> 315 | F9: =WATER!V6 -> 468 | G9: =WATER!W6 -> 60 | H9: =B9/C9 -> 3.5960048 | I9: =SUM(B9,D9) -> 32879
A10: 2 | B10: =SUM('GENSET #1:GENSET #5'!D11) -> 29643 | C10: ='Diesel consumption'!D6 -> 8340 | D10: ='SOLAR METER READING'!D10 -> 3043 | E10: ='Gas-2'!G7 -> 0 | F10: =WATER!V7 -> 447 | G10: =WATER!W7 -> 0 | H10: =B10/C10 -> 3.5543165 | I10: =SUM(B10,D10) -> 32686
A11: 3 | B11: =SUM('GENSET #1:GENSET #5'!D12) -> 0 | C11: ='Diesel consumption'!D7 -> 0 | D11: ='SOLAR METER READING'!D11 -> 0 | E11: ='Gas-2'!G8 -> 0 | F11: =WATER!V8 -> 416 | G11: =WATER!W8 -> 0 | H11: =B11/C11 -> #DIV/0! | I11: =SUM(B11,D11) -> 0
A12: 4 | B12: =SUM('GENSET #1:GENSET #5'!D13) -> 0 | C12: ='Diesel consumption'!D8 -> 0 | D12: ='SOLAR METER READING'!D12 -> 0 | E12: ='Gas-2'!G9 -> 0 | F12: =WATER!V9 -> 0 | G12: =WATER!W9 -> 0 | H12: =B12/C12 -> #DIV/0! | I12: =SUM(B12,D12) -> 0
A13: 5 | B13: =SUM('GENSET #1:GENSET #5'!D14) -> 0 | C13: ='Diesel consumption'!D9 -> 0 | D13: ='SOLAR METER READING'!D13 -> 0 | E13: ='Gas-2'!G10 -> 0 | F13: =WATER!V10 -> 0 | G13: =WATER!W10 -> 0 | H13: =B13/C13 -> #DIV/0! | I13: =SUM(B13,D13) -> 0
A14: 6 | B14: =SUM('GENSET #1:GENSET #5'!D15) -> 0 | C14: ='Diesel consumption'!D10 -> 0 | D14: ='SOLAR METER READING'!D14 -> 0 | E14: ='Gas-2'!G11 -> 0 | F14: =WATER!V11 -> 0 | G14: =WATER!W11 -> 0 | H14: =B14/C14 -> #DIV/0! | I14: =SUM(B14,D14) -> 0
A15: 7 | B15: =SUM('GENSET #1:GENSET #5'!D16) -> 0 | C15: ='Diesel consumption'!D11 -> 0 | D15: ='SOLAR METER READING'!D15 -> 0 | E15: ='Gas-2'!G12 -> 0 | F15: =WATER!V12 -> 0 | G15: =WATER!W12 -> 0 | H15: =B15/C15 -> #DIV/0! | I15: =SUM(B15,D15) -> 0
A16: 8 | B16: =SUM('GENSET #1:GENSET #5'!D17) -> 0 | C16: ='Diesel consumption'!D12 -> 0 | D16: ='SOLAR METER READING'!D16 -> 0 | E16: ='Gas-2'!G13 -> 0 | F16: =WATER!V13 -> 0 | G16: =WATER!W13 -> 0 | H16: =B16/C16 -> #DIV/0! | I16: =SUM(B16,D16) -> 0
A17: 9 | B17: =SUM('GENSET #1:GENSET #5'!D18) -> 0 | C17: ='Diesel consumption'!D13 -> 0 | D17: ='SOLAR METER READING'!D17 -> 0 | E17: ='Gas-2'!G14 -> 0 | F17: =WATER!V14 -> 0 | G17: =WATER!W14 -> 0 | H17: =B17/C17 -> #DIV/0! | I17: =SUM(B17,D17) -> 0
A18: 10 | B18: =SUM('GENSET #1:GENSET #5'!D19) -> 0 | C18: ='Diesel consumption'!D14 -> 0 | D18: ='SOLAR METER READING'!D18 -> 0 | E18: ='Gas-2'!G15 -> 0 | F18: =WATER!V15 -> 0 | G18: =WATER!W15 -> 0 | H18: =B18/C18 -> #DIV/0! | I18: =SUM(B18,D18) -> 0
A19: 11 | B19: =SUM('GENSET #1:GENSET #5'!D20) -> 0 | C19: ='Diesel consumption'!D15 -> 0 | D19: ='SOLAR METER READING'!D19 -> 0 | E19: ='Gas-2'!G16 -> 0 | F19: =WATER!V16 -> 0 | G19: =WATER!W16 -> 0 | H19: =B19/C19 -> #DIV/0! | I19: =SUM(B19,D19) -> 0
A20: 12 | B20: =SUM('GENSET #1:GENSET #5'!D21) -> 0 | C20: ='Diesel consumption'!D16 -> 0 | D20: ='SOLAR METER READING'!D20 -> 0 | E20: ='Gas-2'!G17 -> 0 | F20: =WATER!V17 -> 0 | G20: =WATER!W17 -> 0 | H20: =B20/C20 -> #DIV/0! | I20: =SUM(B20,D20) -> 0
... A38: 30 | B38: =SUM('GENSET #1:GENSET #5'!D39) -> 0 | C38: ='Diesel consumption'!D34 -> 0 | D38: ='SOLAR METER READING'!D38 -> 0 | E38: ='Gas-2'!G35 -> 0 | F38: =WATER!V35 -> 0 | G38: =WATER!W35 -> 0 | H38: =B38/C38 -> #DIV/0! | I38: =SUM(B38,D38) -> 0
A39: 31 | B39: =SUM('GENSET #1:GENSET #5'!D40) -> 0 | C39: ='Diesel consumption'!#REF! -> #REF! | D39: ='SOLAR METER READING'!#REF! -> #REF! | E39: ='Gas-2'!G36 -> 0 | F39: =WATER!V36 -> 0 | G39: =WATER!W36 -> 0
A40: Total | B40: =SUM(B9:B39) -> 59346 | C40: =SUM(C9:C39) -> #REF! | D40: =SUM(D9:D39) -> #REF! | E40: =SUM(E9:E39) -> 315 | F40: =SUM(F9:F39) -> 1331 | I40: =SUM(B40,D40) -> #REF!
