Workbook

Sheet TOTAL
A1: Site Name | B1: Day | C1: Month | D1: Year | E1: Total Electricity Kwh | F1: Electricity Tariff ($/Kwh) | G1: Natual Gas (m3) | H1: Natural Gas $/m3 | I1: Water Utility Supply (m3) m3 | J1: Water Utility Supply (m3) $/m3 | K1: Room Nights | L1: Total Guests
A2: Taormina | B2: 1 | C2: 2 | D2: 2022 | E2: =IF(('DAILY READINGS'!B7-'DAILY READINGS'!B6)>0,('DAILY READINGS'!B7-'DAILY READINGS'!B6),0) -> 5220 | F2: 0.26 | G2: =IF(('DAILY READINGS'!D7-'DAILY READINGS'!D6)+('DAILY READINGS'!E7-'DAILY READINGS'!E6)>0,('DAILY READINGS'!D7-'DAILY READINGS'!D6)+('DAILY READINGS'!E7-'DAILY READINGS'!E6),0) -> 153 | H2: 0.71 | I2: =IF(('DAILY READINGS'!F7-'DAILY READINGS'!F6)+('DAILY READINGS'!G7-'DAILY READINGS'!G6)+('DAILY READINGS'!H7-'DAILY READINGS'!H6)+('DAILY READINGS'!I7-'DAILY READINGS'!I6)+('DAILY READINGS'!J7-'DAILY READINGS'!J6)>0,('DAILY READINGS'!F7-'DAILY READINGS'!F6)+('DAILY READINGS'!G7-'DAILY READINGS'!G6)+('DAILY READINGS'!H7-'DAILY READINGS'!H6)+('DAILY READINGS'!I7-'DAILY READINGS'!I6)+('DAILY READINGS'!J7-'DAILY READINGS'!J6),0) -> 36 | J2: 1.45 | K2: ='DAILY READINGS'!K7 -> 22 | L2: ='DAILY READINGS'!L7 -> 22
A3: Taormina | B3: =B2+1 -> 2 | C3: 2 | D3: 2022 | E3: =IF(('DAILY READINGS'!B8-'DAILY READINGS'!B7)>0,('DAILY READINGS'!B8-'DAILY READINGS'!B7),0) -> 4912 | F3: 0.26 | G3: =IF(('DAILY READINGS'!D8-'DAILY READINGS'!D7)+('DAILY READINGS'!E8-'DAILY READINGS'!E7)>0,('DAILY READINGS'!D8-'DAILY READINGS'!D7)+('DAILY READINGS'!E8-'DAILY READINGS'!E7),0) -> 155 | H3: 0.71 | I3: =IF(('DAILY READINGS'!F8-'DAILY READINGS'!F7)+('DAILY READINGS'!G8-'DAILY READINGS'!G7)+('DAILY READINGS'!H8-'DAILY READINGS'!H7)+('DAILY READINGS'!I8-'DAILY READINGS'!I7)+('DAILY READINGS'!J8-'DAILY READINGS'!J7)>0,('DAILY READINGS'!F8-'DAILY READINGS'!F7)+('DAILY READINGS'!G8-'DAILY READINGS'!G7)+('DAILY READINGS'!H8-'DAILY READINGS'!H7)+('DAILY READINGS'!I8-'DAILY READINGS'!I7)+('DAILY READINGS'!J8-'DAILY READINGS'!J7),0) -> 34 | J3: 1.45 | K3: ='DAILY READINGS'!K8 -> 23 | L3: ='DAILY READINGS'!L8 -> 23
A4: Taormina | B4: =B3+1 -> 3 | C4: 2 | D4: 2022 | E4: =IF(('DAILY READINGS'!B9-'DAILY READINGS'!B8)>0,('DAILY READINGS'!B9-'DAILY READINGS'!B8),0) -> 5000 | F4: 0.26 | G4: =IF(('DAILY READINGS'!D9-'DAILY READINGS'!D8)+('DAILY READINGS'!E9-'DAILY READINGS'!E8)>0,('DAILY READINGS'!D9-'DAILY READINGS'!D8)+('DAILY READINGS'!E9-'DAILY READINGS'!E8),0) -> 155 | H4: 0.71 | I4: =IF(('DAILY READINGS'!F9-'DAILY READINGS'!F8)+('DAILY READINGS'!G9-'DAILY READINGS'!G8)+('DAILY READINGS'!H9-'DAILY READINGS'!H8)+('DAILY READINGS'!I9-'DAILY READINGS'!I8)+('DAILY READINGS'!J9-'DAILY READINGS'!J8)>0,('DAILY READINGS'!F9-'DAILY READINGS'!F8)+('DAILY READINGS'!G9-'DAILY READINGS'!G8)+('DAILY READINGS'!H9-'DAILY READINGS'!H8)+('DAILY READINGS'!I9-'DAILY READINGS'!I8)+('DAILY READINGS'!J9-'DAILY READINGS'!J8),0) -> 14 | J4: 1.45 | K4: ='DAILY READINGS'!K9 -> 22 | L4: ='DAILY READINGS'!L9 -> 22
A5: Taormina | B5: =B4+1 -> 4 | C5: 2 | D5: 2022 | E5: =IF(('DAILY READINGS'!B10-'DAILY READINGS'!B9)>0,('DAILY READINGS'!B10-'DAILY READINGS'!B9),0) -> 4838 | F5: 0.26 | G5: =IF(('DAILY READINGS'!D10-'DAILY READINGS'!D9)+('DAILY READINGS'!E10-'DAILY READINGS'!E9)>0,('DAILY READINGS'!D10-'DAILY READINGS'!D9)+('DAILY READINGS'!E10-'DAILY READINGS'!E9),0) -> 195 | H5: 0.71 | I5: =IF(('DAILY READINGS'!F10-'DAILY READINGS'!F9)+('DAILY READINGS'!G10-'DAILY READINGS'!G9)+('DAILY READINGS'!H10-'DAILY READINGS'!H9)+('DAILY READINGS'!I10-'DAILY READINGS'!I9)+('DAILY READINGS'!J10-'DAILY READINGS'!J9)>0,('DAILY READINGS'!F10-'DAILY READINGS'!F9)+('DAILY READINGS'!G10-'DAILY READINGS'!G9)+('DAILY READINGS'!H10-'DAILY READINGS'!H9)+('DAILY READINGS'!I10-'DAILY READINGS'!I9)+('DAILY READINGS'!J10-'DAILY READINGS'!J9),0) -> 146 | J5: 1.45 | K5: ='DAILY READINGS'!K10 -> 23 | L5: ='DAILY READINGS'!L10 -> 22
A6: Taormina | B6: =B5+1 -> 5 | C6: 2 | D6: 2022 | E6: =IF(('DAILY READINGS'!B11-'DAILY READINGS'!B10)>0,('DAILY READINGS'!B11-'DAILY READINGS'!B10),0) -> 4226 | F6: 0.26 | G6: =IF(('DAILY READINGS'!D11-'DAILY READINGS'!D10)+('DAILY READINGS'!E11-'DAILY READINGS'!E10)>0,('DAILY READINGS'!D11-'DAILY READINGS'!D10)+('DAILY READINGS'!E11-'DAILY READINGS'!E10),0) -> 132 | H6: 0.71 | I6: =IF(('DAILY READINGS'!F11-'DAILY READINGS'!F10)+('DAILY READINGS'!G11-'DAILY READINGS'!G10)+('DAILY READINGS'!H11-'DAILY READINGS'!H10)+('DAILY READINGS'!I11-'DAILY READINGS'!I10)+('DAILY READINGS'!J11-'DAILY READINGS'!J10)>0,('DAILY READINGS'!F11-'DAILY READINGS'!F10)+('DAILY READINGS'!G11-'DAILY READINGS'!G10)+('DAILY READINGS'!H11-'DAILY READINGS'!H10)+('DAILY READINGS'!I11-'DAILY READINGS'!I10)+('DAILY READINGS'!J11-'DAILY READINGS'!J10),0) -> 90 | J6: 1.45 | K6: ='DAILY READINGS'!K11 -> 21 | L6: ='DAILY READINGS'!L11 -> 24
A7: Taormina | B7: =B6+1 -> 6 | C7: 2 | D7: 2022 | E7: =IF(('DAILY READINGS'!B12-'DAILY READINGS'!B11)>0,('DAILY READINGS'!B12-'DAILY READINGS'!B11),0) -> 4322 | F7: 0.26 | G7: =IF(('DAILY READINGS'!D12-'DAILY READINGS'!D11)+('DAILY READINGS'!E12-'DAILY READINGS'!E11)>0,('DAILY READINGS'!D12-'DAILY READINGS'!D11)+('DAILY READINGS'!E12-'DAILY READINGS'!E11),0) -> 161 | H7: 0.71 | I7: =IF(('DAILY READINGS'!F12-'DAILY READINGS'!F11)+('DAILY READINGS'!G12-'DAILY READINGS'!G11)+('DAILY READINGS'!H12-'DAILY READINGS'!H11)+('DAILY READINGS'!I12-'DAILY READINGS'!I11)+('DAILY READINGS'!J12-'DAILY READINGS'!J11)>0,('DAILY READINGS'!F12-'DAILY READINGS'!F11)+('DAILY READINGS'!G12-'DAILY READINGS'!G11)+('DAILY READINGS'!H12-'DAILY READINGS'!H11)+('DAILY READINGS'!I12-'DAILY READINGS'!I11)+('DAILY READINGS'!J12-'DAILY READINGS'!J11),0) -> 25 | J7: 1.45 | K7: ='DAILY READINGS'!K12 -> 24 | L7: ='DAILY READINGS'!L12 -> 38
A8: Taormina | B8: =B7+1 -> 7 | C8: 2 | D8: 2022 | E8: =IF(('DAILY READINGS'!B13-'DAILY READINGS'!B12)>0,('DAILY READINGS'!B13-'DAILY READINGS'!B12),0) -> 4578 | F8: 0.26 | G8: =IF(('DAILY READINGS'!D13-'DAILY READINGS'!D12)+('DAILY READINGS'!E13-'DAILY READINGS'!E12)>0,('DAILY READINGS'!D13-'DAILY READINGS'!D12)+('DAILY READINGS'!E13-'DAILY READINGS'!E12),0) -> 148 | H8: 0.71 | I8: =IF(('DAILY READINGS'!F13-'DAILY READINGS'!F12)+('DAILY READINGS'!G13-'DAILY READINGS'!G12)+('DAILY READINGS'!H13-'DAILY READINGS'!H12)+('DAILY READINGS'!I13-'DAILY READINGS'!I12)+('DAILY READINGS'!J13-'DAILY READINGS'!J12)>0,('DAILY READINGS'!F13-'DAILY READINGS'!F12)+('DAILY READINGS'!G13-'DAILY READINGS'!G12)+('DAILY READINGS'!H13-'DAILY READINGS'!H12)+('DAILY READINGS'!I13-'DAILY READINGS'!I12)+('DAILY READINGS'!J13-'DAILY READINGS'!J12),0) -> 32 | J8: 1.45 | K8: ='DAILY READINGS'!K13 -> 33 | L8: ='DAILY READINGS'!L13 -> 42
A9: Taormina | B9: =B8+1 -> 8 | C9: 2 | D9: 2022 | E9: =IF(('DAILY READINGS'!B14-'DAILY READINGS'!B13)>0,('DAILY READINGS'!B14-'DAILY READINGS'!B13),0) -> 4990 | F9: 0.26 | G9: =IF(('DAILY READINGS'!D14-'DAILY READINGS'!D13)+('DAILY READINGS'!E14-'DAILY READINGS'!E13)>0,('DAILY READINGS'!D14-'DAILY READINGS'!D13)+('DAILY READINGS'!E14-'DAILY READINGS'!E13),0) -> 153 | H9: 0.71 | I9: =IF(('DAILY READINGS'!F14-'DAILY READINGS'!F13)+('DAILY READINGS'!G14-'DAILY READINGS'!G13)+('DAILY READINGS'!H14-'DAILY READINGS'!H13)+('DAILY READINGS'!I14-'DAILY READINGS'!I13)+('DAILY READINGS'!J14-'DAILY READINGS'!J13)>0,('DAILY READINGS'!F14-'DAILY READINGS'!F13)+('DAILY READINGS'!G14-'DAILY READINGS'!G13)+('DAILY READINGS'!H14-'DAILY READINGS'!H13)+('DAILY READINGS'!I14-'DAILY READINGS'!I13)+('DAILY READINGS'!J14-'DAILY READINGS'!J13),0) -> 35 | J9: 1.45 | K9: ='DAILY READINGS'!K14 -> 35 | L9: ='DAILY READINGS'!L14 -> 50
A10: Taormina | B10: =B9+1 -> 9 | C10: 2 | D10: 2022 | E10: =IF(('DAILY READINGS'!B15-'DAILY READINGS'!B14)>0,('DAILY READINGS'!B15-'DAILY READINGS'!B14),0) -> 5000 | F10: 0.26 | G10: =IF(('DAILY READINGS'!D15-'DAILY READINGS'!D14)+('DAILY READINGS'!E15-'DAILY READINGS'!E14)>0,('DAILY READINGS'!D15-'DAILY READINGS'!D14)+('DAILY READINGS'!E15-'DAILY READINGS'!E14),0) -> 159 | H10: 0.71 | I10: =IF(('DAILY READINGS'!F15-'DAILY READINGS'!F14)+('DAILY READINGS'!G15-'DAILY READINGS'!G14)+('DAILY READINGS'!H15-'DAILY READINGS'!H14)+('DAILY READINGS'!I15-'DAILY READINGS'!I14)+('DAILY READINGS'!J15-'DAILY READINGS'!J14)>0,('DAILY READINGS'!F15-'DAILY READINGS'!F14)+('DAILY READINGS'!G15-'DAILY READINGS'!G14)+('DAILY READINGS'!H15-'DAILY READINGS'!H14)+('DAILY READINGS'!I15-'DAILY READINGS'!I14)+('DAILY READINGS'!J15-'DAILY READINGS'!J14),0) -> 38 | J10: 1.45 | K10: ='DAILY READINGS'!K15 -> 43 | L10: ='DAILY READINGS'!L15 -> 49
A11: Taormina | B11: =B10+1 -> 10 | C11: 2 | D11: 2022 | E11: =IF(('DAILY READINGS'!B16-'DAILY READINGS'!B15)>0,('DAILY READINGS'!B16-'DAILY READINGS'!B15),0) -> 5178 | F11: 0.26 | G11: =IF(('DAILY READINGS'!D16-'DAILY READINGS'!D15)+('DAILY READINGS'!E16-'DAILY READINGS'!E15)>0,('DAILY READINGS'!D16-'DAILY READINGS'!D15)+('DAILY READINGS'!E16-'DAILY READINGS'!E15),0) -> 178 | H11: 0.71 | I11: =IF(('DAILY READINGS'!F16-'DAILY READINGS'!F15)+('DAILY READINGS'!G16-'DAILY READINGS'!G15)+('DAILY READINGS'!H16-'DAILY READINGS'!H15)+('DAILY READINGS'!I16-'DAILY READINGS'!I15)+('DAILY READINGS'!J16-'DAILY READINGS'!J15)>0,('DAILY READINGS'!F16-'DAILY READINGS'!F15)+('DAILY READINGS'!G16-'DAILY READINGS'!G15)+('DAILY READINGS'!H16-'DAILY READINGS'!H15)+('DAILY READINGS'!I16-'DAILY READINGS'!I15)+('DAILY READINGS'!J16-'DAILY READINGS'!J15),0) -> 39 | J11: 1.45 | K11: ='DAILY READINGS'!K16 -> 44 | L11: ='DAILY READINGS'!L16 -> 41
A12: Taormina | B12: =B11+1 -> 11 | C12: 2 | D12: 2022 | E12: =IF(('DAILY READINGS'!B17-'DAILY READINGS'!B16)>0,('DAILY READINGS'!B17-'DAILY READINGS'!B16),0) -> 3978 | F12: 0.26 | G12: =IF(('DAILY READINGS'!D17-'DAILY READINGS'!D16)+('DAILY READINGS'!E17-'DAILY READINGS'!E16)>0,('DAILY READINGS'!D17-'DAILY READINGS'!D16)+('DAILY READINGS'!E17-'DAILY READINGS'!E16),0) -> 132 | H12: 0.71 | I12: =IF(('DAILY READINGS'!F17-'DAILY READINGS'!F16)+('DAILY READINGS'!G17-'DAILY READINGS'!G16)+('DAILY READINGS'!H17-'DAILY READINGS'!H16)+('DAILY READINGS'!I17-'DAILY READINGS'!I16)+('DAILY READINGS'!J17-'DAILY READINGS'!J16)>0,('DAILY READINGS'!F17-'DAILY READINGS'!F16)+('DAILY READINGS'!G17-'DAILY READINGS'!G16)+('DAILY READINGS'!H17-'DAILY READINGS'!H16)+('DAILY READINGS'!I17-'DAILY READINGS'!I16)+('DAILY READINGS'!J17-'DAILY READINGS'!J16),0) -> 26 | J12: 1.45 | K12: ='DAILY READINGS'!K17 -> 35 | L12: ='DAILY READINGS'!L17 -> 36
A13: Taormina | B13: =B12+1 -> 12 | C13: 2 | D13: 2022 | E13: =IF(('DAILY READINGS'!B18-'DAILY READINGS'!B17)>0,('DAILY READINGS'!B18-'DAILY READINGS'!B17),0) -> 4746 | F13: 0.26 | G13: =IF(('DAILY READINGS'!D18-'DAILY READINGS'!D17)+('DAILY READINGS'!E18-'DAILY READINGS'!E17)>0,('DAILY READINGS'!D18-'DAILY READINGS'!D17)+('DAILY READINGS'!E18-'DAILY READINGS'!E17),0) -> 152 | H13: 0.71 | I13: =IF(('DAILY READINGS'!F18-'DAILY READINGS'!F17)+('DAILY READINGS'!G18-'DAILY READINGS'!G17)+('DAILY READINGS'!H18-'DAILY READINGS'!H17)+('DAILY READINGS'!I18-'DAILY READINGS'!I17)+('DAILY READINGS'!J18-'DAILY READINGS'!J17)>0,('DAILY READINGS'!F18-'DAILY READINGS'!F17)+('DAILY READINGS'!G18-'DAILY READINGS'!G17)+('DAILY READINGS'!H18-'DAILY READINGS'!H17)+('DAILY READINGS'!I18-'DAILY READINGS'!I17)+('DAILY READINGS'!J18-'DAILY READINGS'!J17),0) -> 34 | J13: 1.45 | K13: ='DAILY READINGS'!K18 -> 40 | L13: ='DAILY READINGS'!L18 -> 41
A14: Taormina | B14: =B13+1 -> 13 | C14: 2 | D14: 2022 | E14: =IF(('DAILY READINGS'!B19-'DAILY READINGS'!B18)>0,('DAILY READINGS'!B19-'DAILY READINGS'!B18),0) -> 4328 | F14: 0.26 | G14: =IF(('DAILY READINGS'!D19-'DAILY READINGS'!D18)+('DAILY READINGS'!E19-'DAILY READINGS'!E18)>0,('DAILY READINGS'!D19-'DAILY READINGS'!D18)+('DAILY READINGS'!E19-'DAILY READINGS'!E18),0) -> 145 | H14: 0.71 | I14: =IF(('DAILY READINGS'!F19-'DAILY READINGS'!F18)+('DAILY READINGS'!G19-'DAILY READINGS'!G18)+('DAILY READINGS'!H19-'DAILY READINGS'!H18)+('DAILY READINGS'!I19-'DAILY READINGS'!I18)+('DAILY READINGS'!J19-'DAILY READINGS'!J18)>0,('DAILY READINGS'!F19-'DAILY READINGS'!F18)+('DAILY READINGS'!G19-'DAILY READINGS'!G18)+('DAILY READINGS'!H19-'DAILY READINGS'!H18)+('DAILY READINGS'!I19-'DAILY READINGS'!I18)+('DAILY READINGS'!J19-'DAILY READINGS'!J18),0) -> 39 | J14: 1.45 | K14: 0 | L14: ='DAILY READINGS'!L19 -> 43
A15: Taormina | B15: =B14+1 -> 14 | C15: 2 | D15: 2022 | E15: =IF(('DAILY READINGS'!B20-'DAILY READINGS'!B19)>0,('DAILY READINGS'!B20-'DAILY READINGS'!B19),0) -> 6486 | F15: 0.26 | G15: =IF(('DAILY READINGS'!D20-'DAILY READINGS'!D19)+('DAILY READINGS'!E20-'DAILY READINGS'!E19)>0,('DAILY READINGS'!D20-'DAILY READINGS'!D19)+('DAILY READINGS'!E20-'DAILY READINGS'!E19),0) -> 152 | H15: 0.71 | I15: =IF(('DAILY READINGS'!F20-'DAILY READINGS'!F19)+('DAILY READINGS'!G20-'DAILY READINGS'!G19)+('DAILY READINGS'!H20-'DAILY READINGS'!H19)+('DAILY READINGS'!I20-'DAILY READINGS'!I19)+('DAILY READINGS'!J20-'DAILY READINGS'!J19)>0,('DAILY READINGS'!F20-'DAILY READINGS'!F19)+('DAILY READINGS'!G20-'DAILY READINGS'!G19)+('DAILY READINGS'!H20-'DAILY READINGS'!H19)+('DAILY READINGS'!I20-'DAILY READINGS'!I19)+('DAILY READINGS'!J20-'DAILY READINGS'!J19),0) -> 26 | J15: 1.45 | K15: ='DAILY READINGS'!K20 -> 49 | L15: ='DAILY READINGS'!L20 -> 51
A16: Taormina | B16: =B15+1 -> 15 | C16: 2 | D16: 2022 | E16: =IF(('DAILY READINGS'!B21-'DAILY READINGS'!B20)>0,('DAILY READINGS'!B21-'DAILY READINGS'!B20),0) -> 2604 | F16: 0.26 | G16: =IF(('DAILY READINGS'!D21-'DAILY READINGS'!D20)+('DAILY READINGS'!E21-'DAILY READINGS'!E20)>0,('DAILY READINGS'!D21-'DAILY READINGS'!D20)+('DAILY READINGS'!E21-'DAILY READINGS'!E20),0) -> 156 | H16: 0.71 | I16: =IF(('DAILY READINGS'!F21-'DAILY READINGS'!F20)+('DAILY READINGS'!G21-'DAILY READINGS'!G20)+('DAILY READINGS'!H21-'DAILY READINGS'!H20)+('DAILY READINGS'!I21-'DAILY READINGS'!I20)+('DAILY READINGS'!J21-'DAILY READINGS'!J20)>0,('DAILY READINGS'!F21-'DAILY READINGS'!F20)+('DAILY READINGS'!G21-'DAILY READINGS'!G20)+('DAILY READINGS'!H21-'DAILY READINGS'!H20)+('DAILY READINGS'!I21-'DAILY READINGS'!I20)+('DAILY READINGS'!J21-'DAILY READINGS'!J20),0) -> 51 | J16: 1.45 | K16: ='DAILY READINGS'!K21 -> 56 | L16: ='DAILY READINGS'!L21 -> 58
A17: Taormina | B17: =B16+1 -> 16 | C17: 2 | D17: 2022 | E17: =IF(('DAILY READINGS'!B22-'DAILY READINGS'!B21)>0,('DAILY READINGS'!B22-'DAILY READINGS'!B21),0) -> 5046 | F17: 0.26 | G17: =IF(('DAILY READINGS'!D22-'DAILY READINGS'!D21)+('DAILY READINGS'!E22-'DAILY READINGS'!E21)>0,('DAILY READINGS'!D22-'DAILY READINGS'!D21)+('DAILY READINGS'!E22-'DAILY READINGS'!E21),0) -> 162 | H17: 0.71 | I17: =IF(('DAILY READINGS'!F22-'DAILY READINGS'!F21)+('DAILY READINGS'!G22-'DAILY READINGS'!G21)+('DAILY READINGS'!H22-'DAILY READINGS'!H21)+('DAILY READINGS'!I22-'DAILY READINGS'!I21)+('DAILY READINGS'!J22-'DAILY READINGS'!J21)>0,('DAILY READINGS'!F22-'DAILY READINGS'!F21)+('DAILY READINGS'!G22-'DAILY READINGS'!G21)+('DAILY READINGS'!H22-'DAILY READINGS'!H21)+('DAILY READINGS'!I22-'DAILY READINGS'!I21)+('DAILY READINGS'!J22-'DAILY READINGS'!J21),0) -> 50 | J17: 1.45 | K17: ='DAILY READINGS'!K22 -> 56 | L17: ='DAILY READINGS'!L22 -> 57
A18: Taormina | B18: =B17+1 -> 17 | C18: 2 | D18: 2022 | E18: =IF(('DAILY READINGS'!B23-'DAILY READINGS'!B22)>0,('DAILY READINGS'!B23-'DAILY READINGS'!B22),0) -> 4743 | F18: 0.26 | G18: =IF(('DAILY READINGS'!D23-'DAILY READINGS'!D22)+('DAILY READINGS'!E23-'DAILY READINGS'!E22)>0,('DAILY READINGS'!D23-'DAILY READINGS'!D22)+('DAILY READINGS'!E23-'DAILY READINGS'!E22),0) -> 159 | H18: 0.71 | I18: =IF(('DAILY READINGS'!F23-'DAILY READINGS'!F22)+('DAILY READINGS'!G23-'DAILY READINGS'!G22)+('DAILY READINGS'!H23-'DAILY READINGS'!H22)+('DAILY READINGS'!I23-'DAILY READINGS'!I22)+('DAILY READINGS'!J23-'DAILY READINGS'!J22)>0,('DAILY READINGS'!F23-'DAILY READINGS'!F22)+('DAILY READINGS'!G23-'DAILY READINGS'!G22)+('DAILY READINGS'!H23-'DAILY READINGS'!H22)+('DAILY READINGS'!I23-'DAILY READINGS'!I22)+('DAILY READINGS'!J23-'DAILY READINGS'!J22),0) -> 70 | J18: 1.45 | K18: ='DAILY READINGS'!K23 -> 55 | L18: ='DAILY READINGS'!L23 -> 56
A19: Taormina | B19: =B18+1 -> 18 | C19: 2 | D19: 2022 | E19: =IF(('DAILY READINGS'!B24-'DAILY READINGS'!B23)>0,('DAILY READINGS'!B24-'DAILY READINGS'!B23),0) -> 9319 | F19: 0.26 | G19: =IF(('DAILY READINGS'!D24-'DAILY READINGS'!D23)+('DAILY READINGS'!E24-'DAILY READINGS'!E23)>0,('DAILY READINGS'!D24-'DAILY READINGS'!D23)+('DAILY READINGS'!E24-'DAILY READINGS'!E23),0) -> 315 | H19: 0.71 | I19: =IF(('DAILY READINGS'!F24-'DAILY READINGS'!F23)+('DAILY READINGS'!G24-'DAILY READINGS'!G23)+('DAILY READINGS'!H24-'DAILY READINGS'!H23)+('DAILY READINGS'!I24-'DAILY READINGS'!I23)+('DAILY READINGS'!J24-'DAILY READINGS'!J23)>0,('DAILY READINGS'!F24-'DAILY READINGS'!F23)+('DAILY READINGS'!G24-'DAILY READINGS'!G23)+('DAILY READINGS'!H24-'DAILY READINGS'!H23)+('DAILY READINGS'!I24-'DAILY READINGS'!I23)+('DAILY READINGS'!J24-'DAILY READINGS'!J23),0) -> 87 | J19: 1.45 | K19: ='DAILY READINGS'!K24 -> 53 | L19: ='DAILY READINGS'!L24 -> 54
A20: Taormina | B20: =B19+1 -> 19 | C20: 2 | D20: 2022 | E20: =IF(('DAILY READINGS'!B25-'DAILY READINGS'!B24)>0,('DAILY READINGS'!B25-'DAILY READINGS'!B24),0) -> 4788 | F20: 0.26 | G20: =IF(('DAILY READINGS'!D25-'DAILY READINGS'!D24)+('DAILY READINGS'!E25-'DAILY READINGS'!E24)>0,('DAILY READINGS'!D25-'DAILY READINGS'!D24)+('DAILY READINGS'!E25-'DAILY READINGS'!E24),0) -> 168 | H20: 0.71 | I20: =IF(('DAILY READINGS'!F25-'DAILY READINGS'!F24)+('DAILY READINGS'!G25-'DAILY READINGS'!G24)+('DAILY READINGS'!H25-'DAILY READINGS'!H24)+('DAILY READINGS'!I25-'DAILY READINGS'!I24)+('DAILY READINGS'!J25-'DAILY READINGS'!J24)>0,('DAILY READINGS'!F25-'DAILY READINGS'!F24)+('DAILY READINGS'!G25-'DAILY READINGS'!G24)+('DAILY READINGS'!H25-'DAILY READINGS'!H24)+('DAILY READINGS'!I25-'DAILY READINGS'!I24)+('DAILY READINGS'!J25-'DAILY READINGS'!J24),0) -> 55 | J20: 1.45 | K20: ='DAILY READINGS'!K25 -> 42 | L20: ='DAILY READINGS'!L25 -> 45
A21: Taormina | B21: =B20+1 -> 20 | C21: 2 | D21: 2022 | E21: =IF(('DAILY READINGS'!B26-'DAILY READINGS'!B25)>0,('DAILY READINGS'!B26-'DAILY READINGS'!B25),0) -> 0 | F21: 0.26 | G21: =IF(('DAILY READINGS'!D26-'DAILY READINGS'!D25)+('DAILY READINGS'!E26-'DAILY READINGS'!E25)>0,('DAILY READINGS'!D26-'DAILY READINGS'!D25)+('DAILY READINGS'!E26-'DAILY READINGS'!E25),0) -> 0 | H21: 0.71 | I21: =IF(('DAILY READINGS'!F26-'DAILY READINGS'!F25)+('DAILY READINGS'!G26-'DAILY READINGS'!G25)+('DAILY READINGS'!H26-'DAILY READINGS'!H25)+('DAILY READINGS'!I26-'DAILY READINGS'!I25)+('DAILY READINGS'!J26-'DAILY READINGS'!J25)>0,('DAILY READINGS'!F26-'DAILY READINGS'!F25)+('DAILY READINGS'!G26-'DAILY READINGS'!G25)+('DAILY READINGS'!H26-'DAILY READINGS'!H25)+('DAILY READINGS'!I26-'DAILY READINGS'!I25)+('DAILY READINGS'!J26-'DAILY READINGS'!J25),0) -> 0 | J21: 1.45 | K21: ='DAILY READINGS'!K26 -> 39 | L21: ='DAILY READINGS'!L26 -> 42
A22: Taormina | B22: =B21+1 -> 21 | C22: 2 | D22: 2022 | E22: =IF(('DAILY READINGS'!B27-'DAILY READINGS'!B26)>0,('DAILY READINGS'!B27-'DAILY READINGS'!B26),0) -> 4982 | F22: 0.26 | G22: =IF(('DAILY READINGS'!D27-'DAILY READINGS'!D26)+('DAILY READINGS'!E27-'DAILY READINGS'!E26)>0,('DAILY READINGS'!D27-'DAILY READINGS'!D26)+('DAILY READINGS'!E27-'DAILY READINGS'!E26),0) -> 164 | H22: 0.71 | I22: =IF(('DAILY READINGS'!F27-'DAILY READINGS'!F26)+('DAILY READINGS'!G27-'DAILY READINGS'!G26)+('DAILY READINGS'!H27-'DAILY READINGS'!H26)+('DAILY READINGS'!I27-'DAILY READINGS'!I26)+('DAILY READINGS'!J27-'DAILY READINGS'!J26)>0,('DAILY READINGS'!F27-'DAILY READINGS'!F26)+('DAILY READINGS'!G27-'DAILY READINGS'!G26)+('DAILY READINGS'!H27-'DAILY READINGS'!H26)+('DAILY READINGS'!I27-'DAILY READINGS'!I26)+('DAILY READINGS'!J27-'DAILY READINGS'!J26),0) -> 39 | J22: 1.45 | K22: ='DAILY READINGS'!K27 -> 82 | L22: ='DAILY READINGS'!L27 -> 66
A23: Taormina | B23: =B22+1 -> 22 | C23: 2 | D23: 2022 | E23: =IF(('DAILY READINGS'!B28-'DAILY READINGS'!B27)>0,('DAILY READINGS'!B28-'DAILY READINGS'!B27),0) -> 6690 | F23: 0.26 | G23: =IF(('DAILY READINGS'!D28-'DAILY READINGS'!D27)+('DAILY READINGS'!E28-'DAILY READINGS'!E27)>0,('DAILY READINGS'!D28-'DAILY READINGS'!D27)+('DAILY READINGS'!E28-'DAILY READINGS'!E27),0) -> 172 | H23: 0.71 | I23: =IF(('DAILY READINGS'!F28-'DAILY READINGS'!F27)+('DAILY READINGS'!G28-'DAILY READINGS'!G27)+('DAILY READINGS'!H28-'DAILY READINGS'!H27)+('DAILY READINGS'!I28-'DAILY READINGS'!I27)+('DAILY READINGS'!J28-'DAILY READINGS'!J27)>0,('DAILY READINGS'!F28-'DAILY READINGS'!F27)+('DAILY READINGS'!G28-'DAILY READINGS'!G27)+('DAILY READINGS'!H28-'DAILY READINGS'!H27)+('DAILY READINGS'!I28-'DAILY READINGS'!I27)+('DAILY READINGS'!J28-'DAILY READINGS'!J27),0) -> 66 | J23: 1.45 | K23: ='DAILY READINGS'!K28 -> 88 | L23: ='DAILY READINGS'!L28 -> 71
A24: Taormina | B24: =B23+1 -> 23 | C24: 2 | D24: 2022 | E24: =IF(('DAILY READINGS'!B29-'DAILY READINGS'!B28)>0,('DAILY READINGS'!B29-'DAILY READINGS'!B28),0) -> 5716 | F24: 0.26 | G24: =IF(('DAILY READINGS'!D29-'DAILY READINGS'!D28)+('DAILY READINGS'!E29-'DAILY READINGS'!E28)>0,('DAILY READINGS'!D29-'DAILY READINGS'!D28)+('DAILY READINGS'!E29-'DAILY READINGS'!E28),0) -> 186 | H24: 0.71 | I24: =IF(('DAILY READINGS'!F29-'DAILY READINGS'!F28)+('DAILY READINGS'!G29-'DAILY READINGS'!G28)+('DAILY READINGS'!H29-'DAILY READINGS'!H28)+('DAILY READINGS'!I29-'DAILY READINGS'!I28)+('DAILY READINGS'!J29-'DAILY READINGS'!J28)>0,('DAILY READINGS'!F29-'DAILY READINGS'!F28)+('DAILY READINGS'!G29-'DAILY READINGS'!G28)+('DAILY READINGS'!H29-'DAILY READINGS'!H28)+('DAILY READINGS'!I29-'DAILY READINGS'!I28)+('DAILY READINGS'!J29-'DAILY READINGS'!J28),0) -> 45 | J24: 1.45 | K24: ='DAILY READINGS'!K29 -> 95 | L24: ='DAILY READINGS'!L29 -> 77
A25: Taormina | B25: =B24+1 -> 24 | C25: 2 | D25: 2022 | E25: =IF(('DAILY READINGS'!B30-'DAILY READINGS'!B29)>0,('DAILY READINGS'!B30-'DAILY READINGS'!B29),0) -> 6112 | F25: 0.26 | G25: =IF(('DAILY READINGS'!D30-'DAILY READINGS'!D29)+('DAILY READINGS'!E30-'DAILY READINGS'!E29)>0,('DAILY READINGS'!D30-'DAILY READINGS'!D29)+('DAILY READINGS'!E30-'DAILY READINGS'!E29),0) -> 181 | H25: 0.71 | I25: =IF(('DAILY READINGS'!F30-'DAILY READINGS'!F29)+('DAILY READINGS'!G30-'DAILY READINGS'!G29)+('DAILY READINGS'!H30-'DAILY READINGS'!H29)+('DAILY READINGS'!I30-'DAILY READINGS'!I29)+('DAILY READINGS'!J30-'DAILY READINGS'!J29)>0,('DAILY READINGS'!F30-'DAILY READINGS'!F29)+('DAILY READINGS'!G30-'DAILY READINGS'!G29)+('DAILY READINGS'!H30-'DAILY READINGS'!H29)+('DAILY READINGS'!I30-'DAILY READINGS'!I29)+('DAILY READINGS'!J30-'DAILY READINGS'!J29),0) -> 68 | J25: 1.45 | K25: ='DAILY READINGS'!K30 -> 109 | L25: ='DAILY READINGS'!L30 -> 95
A26: Taormina | B26: =B25+1 -> 25 | C26: 2 | D26: 2022 | E26: =IF(('DAILY READINGS'!B31-'DAILY READINGS'!B30)>0,('DAILY READINGS'!B31-'DAILY READINGS'!B30),0) -> 6038 | F26: 0.26 | G26: =IF(('DAILY READINGS'!D31-'DAILY READINGS'!D30)+('DAILY READINGS'!E31-'DAILY READINGS'!E30)>0,('DAILY READINGS'!D31-'DAILY READINGS'!D30)+('DAILY READINGS'!E31-'DAILY READINGS'!E30),0) -> 176 | H26: 0.71 | I26: =IF(('DAILY READINGS'!F31-'DAILY READINGS'!F30)+('DAILY READINGS'!G31-'DAILY READINGS'!G30)+('DAILY READINGS'!H31-'DAILY READINGS'!H30)+('DAILY READINGS'!I31-'DAILY READINGS'!I30)+('DAILY READINGS'!J31-'DAILY READINGS'!J30)>0,('DAILY READINGS'!F31-'DAILY READINGS'!F30)+('DAILY READINGS'!G31-'DAILY READINGS'!G30)+('DAILY READINGS'!H31-'DAILY READINGS'!H30)+('DAILY READINGS'!I31-'DAILY READINGS'!I30)+('DAILY READINGS'!J31-'DAILY READINGS'!J30),0) -> 55 | J26: 1.45 | K26: ='DAILY READINGS'!K31 -> 102 | L26: ='DAILY READINGS'!L31 -> 81
... A29: Taormina | B29: =B28+1 -> 28 | C29: 2 | D29: 2022 | E29: =IF(('DAILY READINGS'!B34-'DAILY READINGS'!B33)>0,('DAILY READINGS'!B34-'DAILY READINGS'!B33),0) -> 6070 | F29: 0.26 | G29: =IF(('DAILY READINGS'!D34-'DAILY READINGS'!D33)+('DAILY READINGS'!E34-'DAILY READINGS'!E33)>0,('DAILY READINGS'!D34-'DAILY READINGS'!D33)+('DAILY READINGS'!E34-'DAILY READINGS'!E33),0) -> 186 | H29: 0.71 | I29: =IF(('DAILY READINGS'!F34-'DAILY READINGS'!F33)+('DAILY READINGS'!G34-'DAILY READINGS'!G33)+('DAILY READINGS'!H34-'DAILY READINGS'!H33)+('DAILY READINGS'!I34-'DAILY READINGS'!I33)+('DAILY READINGS'!J34-'DAILY READINGS'!J33)>0,('DAILY READINGS'!F34-'DAILY READINGS'!F33)+('DAILY READINGS'!G34-'DAILY READINGS'!G33)+('DAILY READINGS'!H34-'DAILY READINGS'!H33)+('DAILY READINGS'!I34-'DAILY READINGS'!I33)+('DAILY READINGS'!J34-'DAILY READINGS'!J33),0) -> 59 | J29: 1.45 | K29: ='DAILY READINGS'!K34 -> 107 | L29: ='DAILY READINGS'!L34 -> 86

Sheet Submetering 
A1: Site Name | B1: Day | C1: Month | D1: Year | E1: Electricity Meter | F1: GAS GH 37051570 (outside staff entrance) | G1: GAS CV 37051541 (outside CV via Roma) | H1: WATER 1 5982123 (end of Via Bonifacio) | I1: WATER 2 28301903 ( via Bonifacio- Staff Entrance ) | J1: WATER 3 0873-148 ( Top Kitchen entrance) | K1: WATER 4 0873-149 downstairs kitchen entrance | L1: WATER 5 283003-03 (Outside ANCIOVI) | M1: Room Nights | N1: Total Guests
A2: Taormina | B2: 1 | C2: 2 | D2: 2022 | E2: =IF(('DAILY READINGS'!B7-'DAILY READINGS'!B6)>0,('DAILY READINGS'!B7-'DAILY READINGS'!B6),0) -> 5220 | F2: =IF(('DAILY READINGS'!D7-'DAILY READINGS'!D6)>0,('DAILY READINGS'!D7-'DAILY READINGS'!D6),0) -> 57 | G2: =IF(('DAILY READINGS'!E7-'DAILY READINGS'!E6)>0,('DAILY READINGS'!E7-'DAILY READINGS'!E6),0) -> 96 | H2: =IF(('DAILY READINGS'!F7-'DAILY READINGS'!F6)>0,('DAILY READINGS'!F7-'DAILY READINGS'!F6),0) -> 1 | I2: =IF(('DAILY READINGS'!G7-'DAILY READINGS'!G6)>0,('DAILY READINGS'!G7-'DAILY READINGS'!G6),0) -> 3 | J2: =IF(('DAILY READINGS'!H7-'DAILY READINGS'!H6)>0,('DAILY READINGS'!H7-'DAILY READINGS'!H6),0) -> 0 | K2: =IF(('DAILY READINGS'!I7-'DAILY READINGS'!I6)>0,('DAILY READINGS'!I7-'DAILY READINGS'!I6),0) -> 0 | L2: =IF(('DAILY READINGS'!J7-'DAILY READINGS'!J6)>0,('DAILY READINGS'!J7-'DAILY READINGS'!J6),0) -> 32 | M2: ='DAILY READINGS'!K7 -> 22 | N2: ='DAILY READINGS'!L7 -> 22
A3: Taormina | B3: =B2+1 -> 2 | C3: 2 | D3: 2022 | E3: =IF(('DAILY READINGS'!B8-'DAILY READINGS'!B7)>0,('DAILY READINGS'!B8-'DAILY READINGS'!B7),0) -> 4912 | F3: =IF(('DAILY READINGS'!D8-'DAILY READINGS'!D7)>0,('DAILY READINGS'!D8-'DAILY READINGS'!D7),0) -> 57 | G3: =IF(('DAILY READINGS'!E8-'DAILY READINGS'!E7)>0,('DAILY READINGS'!E8-'DAILY READINGS'!E7),0) -> 98 | H3: =IF(('DAILY READINGS'!F8-'DAILY READINGS'!F7)>0,('DAILY READINGS'!F8-'DAILY READINGS'!F7),0) -> 1 | I3: =IF(('DAILY READINGS'!G8-'DAILY READINGS'!G7)>0,('DAILY READINGS'!G8-'DAILY READINGS'!G7),0) -> 13 | J3: =IF(('DAILY READINGS'!H8-'DAILY READINGS'!H7)>0,('DAILY READINGS'!H8-'DAILY READINGS'!H7),0) -> 0 | K3: =IF(('DAILY READINGS'!I8-'DAILY READINGS'!I7)>0,('DAILY READINGS'!I8-'DAILY READINGS'!I7),0) -> 0 | L3: =IF(('DAILY READINGS'!J8-'DAILY READINGS'!J7)>0,('DAILY READINGS'!J8-'DAILY READINGS'!J7),0) -> 20 | M3: ='DAILY READINGS'!K8 -> 23 | N3: ='DAILY READINGS'!L8 -> 23
A4: Taormina | B4: =B3+1 -> 3 | C4: 2 | D4: 2022 | E4: =IF(('DAILY READINGS'!B9-'DAILY READINGS'!B8)>0,('DAILY READINGS'!B9-'DAILY READINGS'!B8),0) -> 5000 | F4: =IF(('DAILY READINGS'!D9-'DAILY READINGS'!D8)>0,('DAILY READINGS'!D9-'DAILY READINGS'!D8),0) -> 56 | G4: =IF(('DAILY READINGS'!E9-'DAILY READINGS'!E8)>0,('DAILY READINGS'!E9-'DAILY READINGS'!E8),0) -> 99 | H4: =IF(('DAILY READINGS'!F9-'DAILY READINGS'!F8)>0,('DAILY READINGS'!F9-'DAILY READINGS'!F8),0) -> 1 | I4: =IF(('DAILY READINGS'!G9-'DAILY READINGS'!G8)>0,('DAILY READINGS'!G9-'DAILY READINGS'!G8),0) -> 4 | J4: =IF(('DAILY READINGS'!H9-'DAILY READINGS'!H8)>0,('DAILY READINGS'!H9-'DAILY READINGS'!H8),0) -> 1 | K4: =IF(('DAILY READINGS'!I9-'DAILY READINGS'!I8)>0,('DAILY READINGS'!I9-'DAILY READINGS'!I8),0) -> 0 | L4: =IF(('DAILY READINGS'!J9-'DAILY READINGS'!J8)>0,('DAILY READINGS'!J9-'DAILY READINGS'!J8),0) -> 8 | M4: ='DAILY READINGS'!K9 -> 22 | N4: ='DAILY READINGS'!L9 -> 22
A5: Taormina | B5: =B4+1 -> 4 | C5: 2 | D5: 2022 | E5: =IF(('DAILY READINGS'!B10-'DAILY READINGS'!B9)>0,('DAILY READINGS'!B10-'DAILY READINGS'!B9),0) -> 4838 | F5: =IF(('DAILY READINGS'!D10-'DAILY READINGS'!D9)>0,('DAILY READINGS'!D10-'DAILY READINGS'!D9),0) -> 96 | G5: =IF(('DAILY READINGS'!E10-'DAILY READINGS'!E9)>0,('DAILY READINGS'!E10-'DAILY READINGS'!E9),0) -> 99 | H5: =IF(('DAILY READINGS'!F10-'DAILY READINGS'!F9)>0,('DAILY READINGS'!F10-'DAILY READINGS'!F9),0) -> 1 | I5: =IF(('DAILY READINGS'!G10-'DAILY READINGS'!G9)>0,('DAILY READINGS'!G10-'DAILY READINGS'!G9),0) -> 8 | J5: =IF(('DAILY READINGS'!H10-'DAILY READINGS'!H9)>0,('DAILY READINGS'!H10-'DAILY READINGS'!H9),0) -> 0 | K5: =IF(('DAILY READINGS'!I10-'DAILY READINGS'!I9)>0,('DAILY READINGS'!I10-'DAILY READINGS'!I9),0) -> 0 | L5: =IF(('DAILY READINGS'!J10-'DAILY READINGS'!J9)>0,('DAILY READINGS'!J10-'DAILY READINGS'!J9),0) -> 137 | M5: ='DAILY READINGS'!K10 -> 23 | N5: ='DAILY READINGS'!L10 -> 22
A6: Taormina | B6: =B5+1 -> 5 | C6: 2 | D6: 2022 | E6: =IF(('DAILY READINGS'!B11-'DAILY READINGS'!B10)>0,('DAILY READINGS'!B11-'DAILY READINGS'!B10),0) -> 4226 | F6: =IF(('DAILY READINGS'!D11-'DAILY READINGS'!D10)>0,('DAILY READINGS'!D11-'DAILY READINGS'!D10),0) -> 38 | G6: =IF(('DAILY READINGS'!E11-'DAILY READINGS'!E10)>0,('DAILY READINGS'!E11-'DAILY READINGS'!E10),0) -> 94 | H6: =IF(('DAILY READINGS'!F11-'DAILY READINGS'!F10)>0,('DAILY READINGS'!F11-'DAILY READINGS'!F10),0) -> 1 | I6: =IF(('DAILY READINGS'!G11-'DAILY READINGS'!G10)>0,('DAILY READINGS'!G11-'DAILY READINGS'!G10),0) -> 50 | J6: =IF(('DAILY READINGS'!H11-'DAILY READINGS'!H10)>0,('DAILY READINGS'!H11-'DAILY READINGS'!H10),0) -> 0 | K6: =IF(('DAILY READINGS'!I11-'DAILY READINGS'!I10)>0,('DAILY READINGS'!I11-'DAILY READINGS'!I10),0) -> 0 | L6: =IF(('DAILY READINGS'!J11-'DAILY READINGS'!J10)>0,('DAILY READINGS'!J11-'DAILY READINGS'!J10),0) -> 40 | M6: ='DAILY READINGS'!K11 -> 21 | N6: ='DAILY READINGS'!L11 -> 24
A7: Taormina | B7: =B6+1 -> 6 | C7: 2 | D7: 2022 | E7: =IF(('DAILY READINGS'!B12-'DAILY READINGS'!B11)>0,('DAILY READINGS'!B12-'DAILY READINGS'!B11),0) -> 4322 | F7: =IF(('DAILY READINGS'!D12-'DAILY READINGS'!D11)>0,('DAILY READINGS'!D12-'DAILY READINGS'!D11),0) -> 57 | G7: =IF(('DAILY READINGS'!E12-'DAILY READINGS'!E11)>0,('DAILY READINGS'!E12-'DAILY READINGS'!E11),0) -> 104 | H7: =IF(('DAILY READINGS'!F12-'DAILY READINGS'!F11)>0,('DAILY READINGS'!F12-'DAILY READINGS'!F11),0) -> 1 | I7: =IF(('DAILY READINGS'!G12-'DAILY READINGS'!G11)>0,('DAILY READINGS'!G12-'DAILY READINGS'!G11),0) -> 5 | J7: =IF(('DAILY READINGS'!H12-'DAILY READINGS'!H11)>0,('DAILY READINGS'!H12-'DAILY READINGS'!H11),0) -> 0 | K7: =IF(('DAILY READINGS'!I12-'DAILY READINGS'!I11)>0,('DAILY READINGS'!I12-'DAILY READINGS'!I11),0) -> 0 | L7: =IF(('DAILY READINGS'!J12-'DAILY READINGS'!J11)>0,('DAILY READINGS'!J12-'DAILY READINGS'!J11),0) -> 19 | M7: ='DAILY READINGS'!K12 -> 24 | N7: ='DAILY READINGS'!L12 -> 38
A8: Taormina | B8: =B7+1 -> 7 | C8: 2 | D8: 2022 | E8: =IF(('DAILY READINGS'!B13-'DAILY READINGS'!B12)>0,('DAILY READINGS'!B13-'DAILY READINGS'!B12),0) -> 4578 | F8: =IF(('DAILY READINGS'!D13-'DAILY READINGS'!D12)>0,('DAILY READINGS'!D13-'DAILY READINGS'!D12),0) -> 52 | G8: =IF(('DAILY READINGS'!E13-'DAILY READINGS'!E12)>0,('DAILY READINGS'!E13-'DAILY READINGS'!E12),0) -> 96 | H8: =IF(('DAILY READINGS'!F13-'DAILY READINGS'!F12)>0,('DAILY READINGS'!F13-'DAILY READINGS'!F12),0) -> 0 | I8: =IF(('DAILY READINGS'!G13-'DAILY READINGS'!G12)>0,('DAILY READINGS'!G13-'DAILY READINGS'!G12),0) -> 10 | J8: =IF(('DAILY READINGS'!H13-'DAILY READINGS'!H12)>0,('DAILY READINGS'!H13-'DAILY READINGS'!H12),0) -> 0 | K8: =IF(('DAILY READINGS'!I13-'DAILY READINGS'!I12)>0,('DAILY READINGS'!I13-'DAILY READINGS'!I12),0) -> 0 | L8: =IF(('DAILY READINGS'!J13-'DAILY READINGS'!J12)>0,('DAILY READINGS'!J13-'DAILY READINGS'!J12),0) -> 22 | M8: ='DAILY READINGS'!K13 -> 33 | N8: ='DAILY READINGS'!L13 -> 42
A9: Taormina | B9: =B8+1 -> 8 | C9: 2 | D9: 2022 | E9: =IF(('DAILY READINGS'!B14-'DAILY READINGS'!B13)>0,('DAILY READINGS'!B14-'DAILY READINGS'!B13),0) -> 4990 | F9: =IF(('DAILY READINGS'!D14-'DAILY READINGS'!D13)>0,('DAILY READINGS'!D14-'DAILY READINGS'!D13),0) -> 55 | G9: =IF(('DAILY READINGS'!E14-'DAILY READINGS'!E13)>0,('DAILY READINGS'!E14-'DAILY READINGS'!E13),0) -> 98 | H9: =IF(('DAILY READINGS'!F14-'DAILY READINGS'!F13)>0,('DAILY READINGS'!F14-'DAILY READINGS'!F13),0) -> 2 | I9: =IF(('DAILY READINGS'!G14-'DAILY READINGS'!G13)>0,('DAILY READINGS'!G14-'DAILY READINGS'!G13),0) -> 5 | J9: =IF(('DAILY READINGS'!H14-'DAILY READINGS'!H13)>0,('DAILY READINGS'!H14-'DAILY READINGS'!H13),0) -> 0 | K9: =IF(('DAILY READINGS'!I14-'DAILY READINGS'!I13)>0,('DAILY READINGS'!I14-'DAILY READINGS'!I13),0) -> 0 | L9: =IF(('DAILY READINGS'!J14-'DAILY READINGS'!J13)>0,('DAILY READINGS'!J14-'DAILY READINGS'!J13),0) -> 28 | M9: ='DAILY READINGS'!K14 -> 35 | N9: ='DAILY READINGS'!L14 -> 50
A10: Taormina | B10: =B9+1 -> 9 | C10: 2 | D10: 2022 | E10: =IF(('DAILY READINGS'!B15-'DAILY READINGS'!B14)>0,('DAILY READINGS'!B15-'DAILY READINGS'!B14),0) -> 5000 | F10: =IF(('DAILY READINGS'!D15-'DAILY READINGS'!D14)>0,('DAILY READINGS'!D15-'DAILY READINGS'!D14),0) -> 53 | G10: =IF(('DAILY READINGS'!E15-'DAILY READINGS'!E14)>0,('DAILY READINGS'!E15-'DAILY READINGS'!E14),0) -> 106 | H10: =IF(('DAILY READINGS'!F15-'DAILY READINGS'!F14)>0,('DAILY READINGS'!F15-'DAILY READINGS'!F14),0) -> 0 | I10: =IF(('DAILY READINGS'!G15-'DAILY READINGS'!G14)>0,('DAILY READINGS'!G15-'DAILY READINGS'!G14),0) -> 15 | J10: =IF(('DAILY READINGS'!H15-'DAILY READINGS'!H14)>0,('DAILY READINGS'!H15-'DAILY READINGS'!H14),0) -> 0 | K10: =IF(('DAILY READINGS'!I15-'DAILY READINGS'!I14)>0,('DAILY READINGS'!I15-'DAILY READINGS'!I14),0) -> 0 | L10: =IF(('DAILY READINGS'!J15-'DAILY READINGS'!J14)>0,('DAILY READINGS'!J15-'DAILY READINGS'!J14),0) -> 23 | M10: ='DAILY READINGS'!K15 -> 43 | N10: ='DAILY READINGS'!L15 -> 49
A11: Taormina | B11: =B10+1 -> 10 | C11: 2 | D11: 2022 | E11: =IF(('DAILY READINGS'!B16-'DAILY READINGS'!B15)>0,('DAILY READINGS'!B16-'DAILY READINGS'!B15),0) -> 5178 | F11: =IF(('DAILY READINGS'!D16-'DAILY READINGS'!D15)>0,('DAILY READINGS'!D16-'DAILY READINGS'!D15),0) -> 58 | G11: =IF(('DAILY READINGS'!E16-'DAILY READINGS'!E15)>0,('DAILY READINGS'!E16-'DAILY READINGS'!E15),0) -> 120 | H11: =IF(('DAILY READINGS'!F16-'DAILY READINGS'!F15)>0,('DAILY READINGS'!F16-'DAILY READINGS'!F15),0) -> 0 | I11: =IF(('DAILY READINGS'!G16-'DAILY READINGS'!G15)>0,('DAILY READINGS'!G16-'DAILY READINGS'!G15),0) -> 6 | J11: =IF(('DAILY READINGS'!H16-'DAILY READINGS'!H15)>0,('DAILY READINGS'!H16-'DAILY READINGS'!H15),0) -> 0 | K11: =IF(('DAILY READINGS'!I16-'DAILY READINGS'!I15)>0,('DAILY READINGS'!I16-'DAILY READINGS'!I15),0) -> 0 | L11: =IF(('DAILY READINGS'!J16-'DAILY READINGS'!J15)>0,('DAILY READINGS'!J16-'DAILY READINGS'!J15),0) -> 33 | M11: ='DAILY READINGS'!K16 -> 44 | N11: ='DAILY READINGS'!L16 -> 41
A12: Taormina | B12: =B11+1 -> 11 | C12: 2 | D12: 2022 | E12: =IF(('DAILY READINGS'!B17-'DAILY READINGS'!B16)>0,('DAILY READINGS'!B17-'DAILY READINGS'!B16),0) -> 3978 | F12: =IF(('DAILY READINGS'!D17-'DAILY READINGS'!D16)>0,('DAILY READINGS'!D17-'DAILY READINGS'!D16),0) -> 55 | G12: =IF(('DAILY READINGS'!E17-'DAILY READINGS'!E16)>0,('DAILY READINGS'!E17-'DAILY READINGS'!E16),0) -> 77 | H12: =IF(('DAILY READINGS'!F17-'DAILY READINGS'!F16)>0,('DAILY READINGS'!F17-'DAILY READINGS'!F16),0) -> 1 | I12: =IF(('DAILY READINGS'!G17-'DAILY READINGS'!G16)>0,('DAILY READINGS'!G17-'DAILY READINGS'!G16),0) -> 2 | J12: =IF(('DAILY READINGS'!H17-'DAILY READINGS'!H16)>0,('DAILY READINGS'!H17-'DAILY READINGS'!H16),0) -> 0 | K12: =IF(('DAILY READINGS'!I17-'DAILY READINGS'!I16)>0,('DAILY READINGS'!I17-'DAILY READINGS'!I16),0) -> 2 | L12: =IF(('DAILY READINGS'!J17-'DAILY READINGS'!J16)>0,('DAILY READINGS'!J17-'DAILY READINGS'!J16),0) -> 21 | M12: ='DAILY READINGS'!K17 -> 35 | N12: ='DAILY READINGS'!L17 -> 36
A13: Taormina | B13: =B12+1 -> 12 | C13: 2 | D13: 2022 | E13: =IF(('DAILY READINGS'!B18-'DAILY READINGS'!B17)>0,('DAILY READINGS'!B18-'DAILY READINGS'!B17),0) -> 4746 | F13: =IF(('DAILY READINGS'!D18-'DAILY READINGS'!D17)>0,('DAILY READINGS'!D18-'DAILY READINGS'!D17),0) -> 59 | G13: =IF(('DAILY READINGS'!E18-'DAILY READINGS'!E17)>0,('DAILY READINGS'!E18-'DAILY READINGS'!E17),0) -> 93 | H13: =IF(('DAILY READINGS'!F18-'DAILY READINGS'!F17)>0,('DAILY READINGS'!F18-'DAILY READINGS'!F17),0) -> 0 | I13: =IF(('DAILY READINGS'!G18-'DAILY READINGS'!G17)>0,('DAILY READINGS'!G18-'DAILY READINGS'!G17),0) -> 9 | J13: =IF(('DAILY READINGS'!H18-'DAILY READINGS'!H17)>0,('DAILY READINGS'!H18-'DAILY READINGS'!H17),0) -> 0 | K13: =IF(('DAILY READINGS'!I18-'DAILY READINGS'!I17)>0,('DAILY READINGS'!I18-'DAILY READINGS'!I17),0) -> 0 | L13: =IF(('DAILY READINGS'!J18-'DAILY READINGS'!J17)>0,('DAILY READINGS'!J18-'DAILY READINGS'!J17),0) -> 25 | M13: ='DAILY READINGS'!K18 -> 40 | N13: ='DAILY READINGS'!L18 -> 41
A14: Taormina | B14: =B13+1 -> 13 | C14: 2 | D14: 2022 | E14: =IF(('DAILY READINGS'!B19-'DAILY READINGS'!B18)>0,('DAILY READINGS'!B19-'DAILY READINGS'!B18),0) -> 4328 | F14: =IF(('DAILY READINGS'!D19-'DAILY READINGS'!D18)>0,('DAILY READINGS'!D19-'DAILY READINGS'!D18),0) -> 53 | G14: =IF(('DAILY READINGS'!E19-'DAILY READINGS'!E18)>0,('DAILY READINGS'!E19-'DAILY READINGS'!E18),0) -> 92 | H14: =IF(('DAILY READINGS'!F19-'DAILY READINGS'!F18)>0,('DAILY READINGS'!F19-'DAILY READINGS'!F18),0) -> 3 | I14: =IF(('DAILY READINGS'!G19-'DAILY READINGS'!G18)>0,('DAILY READINGS'!G19-'DAILY READINGS'!G18),0) -> 14 | J14: =IF(('DAILY READINGS'!H19-'DAILY READINGS'!H18)>0,('DAILY READINGS'!H19-'DAILY READINGS'!H18),0) -> 0 | K14: =IF(('DAILY READINGS'!I19-'DAILY READINGS'!I18)>0,('DAILY READINGS'!I19-'DAILY READINGS'!I18),0) -> 0 | L14: =IF(('DAILY READINGS'!J19-'DAILY READINGS'!J18)>0,('DAILY READINGS'!J19-'DAILY READINGS'!J18),0) -> 22 | M14: ='DAILY READINGS'!K19 -> 41 | N14: ='DAILY READINGS'!L19 -> 43
... A29: Taormina | B29: =B28+1 -> 28 | C29: 2 | D29: 2022 | E29: =IF(('DAILY READINGS'!B34-'DAILY READINGS'!B33)>0,('DAILY READINGS'!B34-'DAILY READINGS'!B33),0) -> 6070 | F29: =IF(('DAILY READINGS'!D34-'DAILY READINGS'!D33)>0,('DAILY READINGS'!D34-'DAILY READINGS'!D33),0) -> 70 | G29: =IF(('DAILY READINGS'!E34-'DAILY READINGS'!E33)>0,('DAILY READINGS'!E34-'DAILY READINGS'!E33),0) -> 116 | H29: =IF(('DAILY READINGS'!F34-'DAILY READINGS'!F33)>0,('DAILY READINGS'!F34-'DAILY READINGS'!F33),0) -> 1 | I29: =IF(('DAILY READINGS'!G34-'DAILY READINGS'!G33)>0,('DAILY READINGS'!G34-'DAILY READINGS'!G33),0) -> 22 | J29: =IF(('DAILY READINGS'!H34-'DAILY READINGS'!H33)>0,('DAILY READINGS'!H34-'DAILY READINGS'!H33),0) -> 0 | K29: =IF(('DAILY READINGS'!I34-'DAILY READINGS'!I33)>0,('DAILY READINGS'!I34-'DAILY READINGS'!I33),0) -> 0 | L29: =IF(('DAILY READINGS'!J34-'DAILY READINGS'!J33)>0,('DAILY READINGS'!J34-'DAILY READINGS'!J33),0) -> 36 | M29: ='DAILY READINGS'!K34 -> 107 | N29: ='DAILY READINGS'!L34 -> 86

Sheet DAILY READINGS
C1: Meter Readings San Domenico Palace Taormina
C3: MONTH: FEBRUARY
A5: DAY | B5: ELECTRICITY | D5: GAS GH 37051570 (outside staff entrance) | E5: GAS CV 37051541 (outside CV via Roma) | F5: WATER 1 5982123 (end of Via Bonifacio) | G5: WATER 2 28301903 ( via Bonifacio- Staff Entrance ) | H5: WATER 3 0873-148 ( Top Kitchen entrance) | I5: WATER 4 0873-149 downstairs kitchen entrance | J5: WATER 5 283003-03 (Outside ANCIOVI) | K5: Room Nights | L5: Total Guests
A6: 31 | B6: =1418888*2 -> 2837776 | C6: 47918 | D6: 13080 | E6: 22384 | F6: 6646 | G6: 67122 | H6: 49451 | I6: 45040 | J6: 45687
A7: 1 | B7: 2842996 | C7: 479707 | D7: 13137 | E7: 22480 | F7: 6647 | G7: 67125 | H7: 49451 | I7: 45040 | J7: 45719 | K7: 22 | L7: 22
A8: 2 | B8: 2847908 | C8: 480135 | D8: 13194 | E8: 22578 | F8: 6648 | G8: 67138 | H8: 49451 | I8: 45040 | J8: 45739 | K8: 23 | L8: 23
A9: 3 | B9: 2852908 | C9: 480608 | D9: 13250 | E9: 22677 | F9: 6649 | G9: 67142 | H9: 49452 | I9: 45040 | J9: 45747 | K9: 22 | L9: 22
A10: 4 | B10: 2857746 | C10: 480930 | D10: 13346 | E10: 22776 | F10: 6650 | G10: 67150 | H10: 49452 | I10: 45040 | J10: 45884 | K10: 23 | L10: 22
A11: 5 | B11: 2861972 | C11: 481214 | D11: 13384 | E11: 22870 | F11: 6651 | G11: 67200 | H11: 49451 | I11: 45040 | J11: 45924 | K11: 21 | L11: 24
A12: 6 | B12: 2866294 | C12: 481517 | D12: 13441 | E12: 22974 | F12: 6652 | G12: 67205 | H12: 49451 | I12: 45040 | J12: 45943 | K12: 24 | L12: 38
A13: 7 | B13: 2870872 | C13: 481856 | D13: 13493 | E13: 23070 | F13: 6652 | G13: 67215 | H13: 49451 | I13: 45040 | J13: 45965 | K13: 33 | L13: 42
A14: 8 | B14: 2875862 | C14: 482268 | D14: 13548 | E14: 23168 | F14: 6654 | G14: 67220 | H14: 49451 | I14: 45040 | J14: 45993 | K14: 35 | L14: 50
A15: 9 | B15: 2880862 | C15: 482688 | D15: 13601 | E15: 23274 | F15: 6654 | G15: 67235 | H15: 49451 | I15: 45040 | J15: 46016 | K15: 43 | L15: 49
A16: 10 | B16: 2886040 | C16: 490026 | D16: 13659 | E16: 23394 | F16: 6654 | G16: 67241 | H16: 49451 | I16: 45040 | J16: 46049 | K16: 44 | L16: 41
A17: 11 | B17: 2890018 | C17: 483363 | D17: 13714 | E17: 23471 | F17: 6655 | G17: 67243 | H17: 49451 | I17: 45042 | J17: 46070 | K17: 35 | L17: 36
A18: 12 | B18: 2894764 | C18: 483734 | D18: 13773 | E18: 23564 | F18: 6655 | G18: 67252 | H18: 49451 | I18: 45042 | J18: 46095 | K18: 40 | L18: 41
... A34: 28 | B34: 2979510 | C34: 490057 | D34: 14757 | E34: 25249 | F34: 6671 | G34: 67544 | H34: 49451 | I34: 45043 | J34: 46589 | K34: 107 | L34: 86
A35: SUB TOT | B35: =B34-B6 -> 141734 | C35: =C36 -> 0 | D35: =D34-D6 -> 1677 | E35: =E34-E6 -> 2865 | F35: =F34-F6 -> 25 | G35: =G34-G6 -> 422 | H35: =H34-H6 -> 0 | I35: =I34-I6 -> 3 | J35: =J34-J6 -> 902 | K35: =SUM(K7:K34) -> 1549 | L35: =SUM(L7:L34) -> 1459
A36: TOT | B36: =B35 -> 141734 | D36: =D35+E35 -> 4542 | F36: =F35+G35+H35+I35+J35 -> 1352
