Workbook

Sheet TOTAL
A1: Site Name | B1: Day | C1: Month | D1: Year | E1: Total Electricity Kwh | F1: Electricity Tariff ($/Kwh) | G1: Natual Gas (m3) | H1: Natural Gas $/m3 | I1: Water Utility Supply (m3) m3 | J1: Water Utility Supply (m3) $/m3 | K1: Room Nights
A2: Alexandria at San Stefano | B2: 1 | C2: 2 | D2: 2022 | E2: =ELECT.!D6+ELECT.!F6+ELECT.!H6 -> 18911 | F2: 1.56 | G2: =Submetering!J2+Submetering!K2+Submetering!L2+Submetering!M2+Submetering!N2+Submetering!O2+Submetering!P2+Submetering!Q2+Submetering!R2+Submetering!S2+Submetering!T2+Submetering!U2+Submetering!V2+Submetering!W2 -> 1726 | H2: 3.6 | I2: =Submetering!E2+Water!E5 -> 283 | J2: 9.1 | K2: =ELECT.!B6 -> 77
A3: Alexandria at San Stefano | B3: =B2+1 -> 2 | C3: 2 | D3: 2022 | E3: =ELECT.!D7+ELECT.!F7+ELECT.!H7 -> 21006 | F3: 1.56 | G3: =Submetering!J3+Submetering!K3+Submetering!L3+Submetering!M3+Submetering!N3+Submetering!O3+Submetering!P3+Submetering!Q3+Submetering!R3+Submetering!S3+Submetering!T3+Submetering!U3+Submetering!V3+Submetering!W3 -> 1899 | H3: 3.6 | I3: =Submetering!E3+Water!E6 -> 463 | J3: 9.1 | K3: =ELECT.!B7 -> 69
A4: Alexandria at San Stefano | B4: =B3+1 -> 3 | C4: 2 | D4: 2022 | E4: =ELECT.!D8+ELECT.!F8+ELECT.!H8 -> 20378 | F4: 1.56 | G4: =Submetering!J4+Submetering!K4+Submetering!L4+Submetering!M4+Submetering!N4+Submetering!O4+Submetering!P4+Submetering!Q4+Submetering!R4+Submetering!S4+Submetering!T4+Submetering!U4+Submetering!V4+Submetering!W4 -> 1688 | H4: 3.6 | I4: =Submetering!E4+Water!E7 -> 453 | J4: 9.1 | K4: =ELECT.!B8 -> 40
A5: Alexandria at San Stefano | B5: =B4+1 -> 4 | C5: 2 | D5: 2022 | E5: =ELECT.!D9+ELECT.!F9+ELECT.!H9 -> 20748 | F5: 1.56 | G5: =Submetering!J5+Submetering!K5+Submetering!L5+Submetering!M5+Submetering!N5+Submetering!O5+Submetering!P5+Submetering!Q5+Submetering!R5+Submetering!S5+Submetering!T5+Submetering!U5+Submetering!V5+Submetering!W5 -> 1900 | H5: 3.6 | I5: =Submetering!E5+Water!E8 -> 323 | J5: 9.1 | K5: =ELECT.!B9 -> 60
A6: Alexandria at San Stefano | B6: =B5+1 -> 5 | C6: 2 | D6: 2022 | E6: =ELECT.!D10+ELECT.!F10+ELECT.!H10 -> 21094 | F6: 1.56 | G6: =Submetering!J6+Submetering!K6+Submetering!L6+Submetering!M6+Submetering!N6+Submetering!O6+Submetering!P6+Submetering!Q6+Submetering!R6+Submetering!S6+Submetering!T6+Submetering!U6+Submetering!V6+Submetering!W6 -> 1794 | H6: 3.6 | I6: =Submetering!E6+Water!E9 -> 292 | J6: 9.1 | K6: =ELECT.!B10 -> 64
A7: Alexandria at San Stefano | B7: =B6+1 -> 6 | C7: 2 | D7: 2022 | E7: =ELECT.!D11+ELECT.!F11+ELECT.!H11 -> 16997 | F7: 1.56 | G7: =Submetering!J7+Submetering!K7+Submetering!L7+Submetering!M7+Submetering!N7+Submetering!O7+Submetering!P7+Submetering!Q7+Submetering!R7+Submetering!S7+Submetering!T7+Submetering!U7+Submetering!V7+Submetering!W7 -> 1768 | H7: 3.6 | I7: =Submetering!E7+Water!E10 -> 335 | J7: 9.1 | K7: =ELECT.!B11 -> 76
A8: Alexandria at San Stefano | B8: =B7+1 -> 7 | C8: 2 | D8: 2022 | E8: =ELECT.!D12+ELECT.!F12+ELECT.!H12 -> 19134 | F8: 1.56 | G8: =Submetering!J8+Submetering!K8+Submetering!L8+Submetering!M8+Submetering!N8+Submetering!O8+Submetering!P8+Submetering!Q8+Submetering!R8+Submetering!S8+Submetering!T8+Submetering!U8+Submetering!V8+Submetering!W8 -> 1642 | H8: 3.6 | I8: =Submetering!E8+Water!E11 -> 274 | J8: 9.1 | K8: =ELECT.!B12 -> 72
A9: Alexandria at San Stefano | B9: =B8+1 -> 8 | C9: 2 | D9: 2022 | E9: =ELECT.!D13+ELECT.!F13+ELECT.!H13 -> 20041 | F9: 1.56 | G9: =Submetering!J9+Submetering!K9+Submetering!L9+Submetering!M9+Submetering!N9+Submetering!O9+Submetering!P9+Submetering!Q9+Submetering!R9+Submetering!S9+Submetering!T9+Submetering!U9+Submetering!V9+Submetering!W9 -> 1529 | H9: 3.6 | I9: =Submetering!E9+Water!E12 -> 265 | J9: 9.1 | K9: =ELECT.!B13 -> 80
A10: Alexandria at San Stefano | B10: =B9+1 -> 9 | C10: 2 | D10: 2022 | E10: =ELECT.!D14+ELECT.!F14+ELECT.!H14 -> 17807 | F10: 1.56 | G10: =Submetering!J10+Submetering!K10+Submetering!L10+Submetering!M10+Submetering!N10+Submetering!O10+Submetering!P10+Submetering!Q10+Submetering!R10+Submetering!S10+Submetering!T10+Submetering!U10+Submetering!V10+Submetering!W10 -> 1854 | H10: 3.6 | I10: =Submetering!E10+Water!E13 -> 251 | J10: 9.1 | K10: =ELECT.!B14 -> 76
A11: Alexandria at San Stefano | B11: =B10+1 -> 10 | C11: 2 | D11: 2022 | E11: =ELECT.!D15+ELECT.!F15+ELECT.!H15 -> 20688 | F11: 1.56 | G11: =Submetering!J11+Submetering!K11+Submetering!L11+Submetering!M11+Submetering!N11+Submetering!O11+Submetering!P11+Submetering!Q11+Submetering!R11+Submetering!S11+Submetering!T11+Submetering!U11+Submetering!V11+Submetering!W11 -> 1918 | H11: 3.6 | I11: =Submetering!E11+Water!E14 -> 288 | J11: 9.1 | K11: =ELECT.!B15 -> 92
A12: Alexandria at San Stefano | B12: =B11+1 -> 11 | C12: 2 | D12: 2022 | E12: =ELECT.!D16+ELECT.!F16+ELECT.!H16 -> 18694 | F12: 1.56 | G12: =Submetering!J12+Submetering!K12+Submetering!L12+Submetering!M12+Submetering!N12+Submetering!O12+Submetering!P12+Submetering!Q12+Submetering!R12+Submetering!S12+Submetering!T12+Submetering!U12+Submetering!V12+Submetering!W12 -> 1972 | H12: 3.6 | I12: =Submetering!E12+Water!E15 -> 397 | J12: 9.1 | K12: =ELECT.!B16 -> 107
A13: Alexandria at San Stefano | B13: =B12+1 -> 12 | C13: 2 | D13: 2022 | E13: =ELECT.!D17+ELECT.!F17+ELECT.!H17 -> 17841 | F13: 1.56 | G13: =Submetering!J13+Submetering!K13+Submetering!L13+Submetering!M13+Submetering!N13+Submetering!O13+Submetering!P13+Submetering!Q13+Submetering!R13+Submetering!S13+Submetering!T13+Submetering!U13+Submetering!V13+Submetering!W13 -> 1866 | H13: 3.6 | I13: =Submetering!E13+Water!E16 -> 425 | J13: 9.1 | K13: =ELECT.!B17 -> 92
A14: Alexandria at San Stefano | B14: =B13+1 -> 13 | C14: 2 | D14: 2022 | E14: =ELECT.!D18+ELECT.!F18+ELECT.!H18 -> 19467 | F14: 1.56 | G14: =Submetering!J14+Submetering!K14+Submetering!L14+Submetering!M14+Submetering!N14+Submetering!O14+Submetering!P14+Submetering!Q14+Submetering!R14+Submetering!S14+Submetering!T14+Submetering!U14+Submetering!V14+Submetering!W14 -> 1895 | H14: 3.6 | I14: =Submetering!E14+Water!E17 -> 393 | J14: 9.1 | K14: =ELECT.!B18 -> 96
... A29: Alexandria at San Stefano | B29: =B28+1 -> 28 | C29: 2 | D29: 2022 | E29: =ELECT.!D33+ELECT.!F33+ELECT.!H33 -> 31292 | F29: 1.56 | G29: =Submetering!J29+Submetering!K29+Submetering!L29+Submetering!M29+Submetering!N29+Submetering!O29+Submetering!P29+Submetering!Q29+Submetering!R29+Submetering!S29+Submetering!T29+Submetering!U29+Submetering!V29+Submetering!W29 -> 1881 | H29: 3.6 | I29: =Submetering!E29+Water!E32 -> 430 | J29: 9.1 | K29: =ELECT.!B33 -> 93

Sheet Submetering
A1: Site Name | B1: Day | C1: Month | D1: Year | E1: Main- m3 | F1: Beach Water - m3 | G1: Hotel Trans-1 - KWh | H1: Hotel Trans-2 - KWh | I1: Hotel Trans-3 - KWh | J1: st. gas - m3 | K1: H.Water boiler - m3 | L1: Kala Kit. - m3 | M1: Pastry Kit. - m3 | N1: Italian Kit. - m3 | O1: Byblos kit - m3 | P1: Banquet Kit. - m3 | Q1: Pool Kit. - m3 | R1: Laundry - m3 | S1: Dining - m3 | T1: Fressca - m3 | U1: jacuzzi Heater - m3 | V1: s.Pool Heater - m3 | W1: Lobby Lou. Heater - m3 | X1: Room Night
A2: Alexandria at San Stefano | B2: 1 | C2: 2 | D2: 2022 | E2: =Water!C5 -> 220 | F2: =Water!E5 -> 63 | G2: =ELECT.!D6 -> 4535 | H2: =ELECT.!F6 -> 8291 | I2: =ELECT.!H6 -> 6085 | J2: =Gas!C4 -> 216 | K2: =Gas!E4 -> 953 | L2: =Gas!G4 -> 111 | M2: =Gas!I4 -> 22 | N2: =Gas!K4 -> 28 | O2: =Gas!M4 -> 60 | P2: =Gas!O4 -> 112 | Q2: =Gas!Q4 -> 0 | R2: =Gas!S4 -> 156 | S2: =Gas!U4 -> 18 | T2: =Gas!W4 -> 50 | U2: =Gas!Y4 -> 0 | V2: =Gas!AA4 -> 0 | W2: =Gas!AC4 -> 0 | X2: =ELECT.!B6 -> 77
A3: Alexandria at San Stefano | B3: =B2+1 -> 2 | C3: 2 | D3: 2022 | E3: =Water!C6 -> 260 | F3: =Water!E6 -> 203 | G3: =ELECT.!D7 -> 5059 | H3: =ELECT.!F7 -> 8887 | I3: =ELECT.!H7 -> 7060 | J3: =Gas!C5 -> 244 | K3: =Gas!E5 -> 965 | L3: =Gas!G5 -> 140 | M3: =Gas!I5 -> 5 | N3: =Gas!K5 -> 31 | O3: =Gas!M5 -> 50 | P3: =Gas!O5 -> 150 | Q3: =Gas!Q5 -> 23 | R3: =Gas!S5 -> 217 | S3: =Gas!U5 -> 21 | T3: =Gas!W5 -> 53 | U3: =Gas!Y5 -> 0 | V3: =Gas!AA5 -> 0 | W3: =Gas!AC5 -> 0 | X3: =ELECT.!B7 -> 69
A4: Alexandria at San Stefano | B4: =B3+1 -> 3 | C4: 2 | D4: 2022 | E4: =Water!C7 -> 250 | F4: =Water!E7 -> 203 | G4: =ELECT.!D8 -> 4713 | H4: =ELECT.!F8 -> 9177 | I4: =ELECT.!H8 -> 6488 | J4: =Gas!C6 -> 250 | K4: =Gas!E6 -> 780 | L4: =Gas!G6 -> 179 | M4: =Gas!I6 -> 22 | N4: =Gas!K6 -> 30 | O4: =Gas!M6 -> 59 | P4: =Gas!O6 -> 128 | Q4: =Gas!Q6 -> 36 | R4: =Gas!S6 -> 121 | S4: =Gas!U6 -> 30 | T4: =Gas!W6 -> 53 | U4: =Gas!Y6 -> 0 | V4: =Gas!AA6 -> 0 | W4: =Gas!AC6 -> 0 | X4: =ELECT.!B8 -> 40
A5: Alexandria at San Stefano | B5: =B4+1 -> 4 | C5: 2 | D5: 2022 | E5: =Water!C8 -> 260 | F5: =Water!E8 -> 63 | G5: =ELECT.!D9 -> 4676 | H5: =ELECT.!F9 -> 9603 | I5: =ELECT.!H9 -> 6469 | J5: =Gas!C7 -> 269 | K5: =Gas!E7 -> 1003 | L5: =Gas!G7 -> 174 | M5: =Gas!I7 -> 15 | N5: =Gas!K7 -> 34 | O5: =Gas!M7 -> 53 | P5: =Gas!O7 -> 84 | Q5: =Gas!Q7 -> 34 | R5: =Gas!S7 -> 149 | S5: =Gas!U7 -> 34 | T5: =Gas!W7 -> 51 | U5: =Gas!Y7 -> 0 | V5: =Gas!AA7 -> 0 | W5: =Gas!AC7 -> 0 | X5: =ELECT.!B9 -> 60
A6: Alexandria at San Stefano | B6: =B5+1 -> 5 | C6: 2 | D6: 2022 | E6: =Water!C9 -> 240 | F6: =Water!E9 -> 52 | G6: =ELECT.!D10 -> 4920 | H6: =ELECT.!F10 -> 9382 | I6: =ELECT.!H10 -> 6792 | J6: =Gas!C8 -> 181 | K6: =Gas!E8 -> 1002 | L6: =Gas!G8 -> 141 | M6: =Gas!I8 -> 21 | N6: =Gas!K8 -> 28 | O6: =Gas!M8 -> 58 | P6: =Gas!O8 -> 68 | Q6: =Gas!Q8 -> 34 | R6: =Gas!S8 -> 197 | S6: =Gas!U8 -> 18 | T6: =Gas!W8 -> 46 | U6: =Gas!Y8 -> 0 | V6: =Gas!AA8 -> 0 | W6: =Gas!AC8 -> 0 | X6: =ELECT.!B10 -> 64
A7: Alexandria at San Stefano | B7: =B6+1 -> 6 | C7: 2 | D7: 2022 | E7: =Water!C10 -> 260 | F7: =Water!E10 -> 75 | G7: =ELECT.!D11 -> 3896 | H7: =ELECT.!F11 -> 7483 | I7: =ELECT.!H11 -> 5618 | J7: =Gas!C9 -> 251 | K7: =Gas!E9 -> 944 | L7: =Gas!G9 -> 146 | M7: =Gas!I9 -> 24 | N7: =Gas!K9 -> 0 | O7: =Gas!M9 -> 54 | P7: =Gas!O9 -> 10 | Q7: =Gas!Q9 -> 31 | R7: =Gas!S9 -> 231 | S7: =Gas!U9 -> 21 | T7: =Gas!W9 -> 56 | U7: =Gas!Y9 -> 0 | V7: =Gas!AA9 -> 0 | W7: =Gas!AC9 -> 0 | X7: =ELECT.!B11 -> 76
A8: Alexandria at San Stefano | B8: =B7+1 -> 7 | C8: 2 | D8: 2022 | E8: =Water!C11 -> 210 | F8: =Water!E11 -> 64 | G8: =ELECT.!D12 -> 4221 | H8: =ELECT.!F12 -> 8213 | I8: =ELECT.!H12 -> 6700 | J8: =Gas!C10 -> 221 | K8: =Gas!E10 -> 844 | L8: =Gas!G10 -> 149 | M8: =Gas!I10 -> 22 | N8: =Gas!K10 -> 0 | O8: =Gas!M10 -> 54 | P8: =Gas!O10 -> 82 | Q8: =Gas!Q10 -> 31 | R8: =Gas!S10 -> 149 | S8: =Gas!U10 -> 33 | T8: =Gas!W10 -> 57 | U8: =Gas!Y10 -> 0 | V8: =Gas!AA10 -> 0 | W8: =Gas!AC10 -> 0 | X8: =ELECT.!B12 -> 72
A9: Alexandria at San Stefano | B9: =B8+1 -> 8 | C9: 2 | D9: 2022 | E9: =Water!C12 -> 210 | F9: =Water!E12 -> 55 | G9: =ELECT.!D13 -> 3279 | H9: =ELECT.!F13 -> 9541 | I9: =ELECT.!H13 -> 7221 | J9: =Gas!C11 -> 162 | K9: =Gas!E11 -> 868 | L9: =Gas!G11 -> 112 | M9: =Gas!I11 -> 13 | N9: =Gas!K11 -> 25 | O9: =Gas!M11 -> 54 | P9: =Gas!O11 -> 59 | Q9: =Gas!Q11 -> 32 | R9: =Gas!S11 -> 137 | S9: =Gas!U11 -> 13 | T9: =Gas!W11 -> 54 | U9: =Gas!Y11 -> 0 | V9: =Gas!AA11 -> 0 | W9: =Gas!AC11 -> 0 | X9: =ELECT.!B13 -> 80
A10: Alexandria at San Stefano | B10: =B9+1 -> 9 | C10: 2 | D10: 2022 | E10: =Water!C13 -> 220 | F10: =Water!E13 -> 31 | G10: =ELECT.!D14 -> 5520 | H10: =ELECT.!F14 -> 7313 | I10: =ELECT.!H14 -> 4974 | J10: =Gas!C12 -> 232 | K10: =Gas!E12 -> 1041 | L10: =Gas!G12 -> 158 | M10: =Gas!I12 -> 28 | N10: =Gas!K12 -> 23 | O10: =Gas!M12 -> 46 | P10: =Gas!O12 -> 39 | Q10: =Gas!Q12 -> 33 | R10: =Gas!S12 -> 184 | S10: =Gas!U12 -> 24 | T10: =Gas!W12 -> 46 | U10: =Gas!Y12 -> 0 | V10: =Gas!AA12 -> 0 | W10: =Gas!AC12 -> 0 | X10: =ELECT.!B14 -> 76
A11: Alexandria at San Stefano | B11: =B10+1 -> 10 | C11: 2 | D11: 2022 | E11: =Water!C14 -> 240 | F11: =Water!E14 -> 48 | G11: =ELECT.!D15 -> 4827 | H11: =ELECT.!F15 -> 9354 | I11: =ELECT.!H15 -> 6507 | J11: =Gas!C13 -> 215 | K11: =Gas!E13 -> 1113 | L11: =Gas!G13 -> 150 | M11: =Gas!I13 -> 20 | N11: =Gas!K13 -> 44 | O11: =Gas!M13 -> 53 | P11: =Gas!O13 -> 47 | Q11: =Gas!Q13 -> 31 | R11: =Gas!S13 -> 166 | S11: =Gas!U13 -> 34 | T11: =Gas!W13 -> 45 | U11: =Gas!Y13 -> 0 | V11: =Gas!AA13 -> 0 | W11: =Gas!AC13 -> 0 | X11: =ELECT.!B15 -> 92
A12: Alexandria at San Stefano | B12: =B11+1 -> 11 | C12: 2 | D12: 2022 | E12: =Water!C15 -> 310 | F12: =Water!E15 -> 87 | G12: =ELECT.!D16 -> 4595 | H12: =ELECT.!F16 -> 8173 | I12: =ELECT.!H16 -> 5926 | J12: =Gas!C14 -> 238 | K12: =Gas!E14 -> 1119 | L12: =Gas!G14 -> 171 | M12: =Gas!I14 -> 30 | N12: =Gas!K14 -> 25 | O12: =Gas!M14 -> 50 | P12: =Gas!O14 -> 41 | Q12: =Gas!Q14 -> 29 | R12: =Gas!S14 -> 194 | S12: =Gas!U14 -> 21 | T12: =Gas!W14 -> 54 | U12: =Gas!Y14 -> 0 | V12: =Gas!AA14 -> 0 | W12: =Gas!AC14 -> 0 | X12: =ELECT.!B16 -> 107
A13: Alexandria at San Stefano | B13: =B12+1 -> 12 | C13: 2 | D13: 2022 | E13: =Water!C16 -> 240 | F13: =Water!E16 -> 185 | G13: =ELECT.!D17 -> 4415 | H13: =ELECT.!F17 -> 7798 | I13: =ELECT.!H17 -> 5628 | J13: =Gas!C15 -> 218 | K13: =Gas!E15 -> 1030 | L13: =Gas!G15 -> 137 | M13: =Gas!I15 -> 23 | N13: =Gas!K15 -> 26 | O13: =Gas!M15 -> 69 | P13: =Gas!O15 -> 52 | Q13: =Gas!Q15 -> 34 | R13: =Gas!S15 -> 201 | S13: =Gas!U15 -> 24 | T13: =Gas!W15 -> 52 | U13: =Gas!Y15 -> 0 | V13: =Gas!AA15 -> 0 | W13: =Gas!AC15 -> 0 | X13: =ELECT.!B17 -> 92
A14: Alexandria at San Stefano | B14: =B13+1 -> 13 | C14: 2 | D14: 2022 | E14: =Water!C17 -> 270 | F14: =Water!E17 -> 123 | G14: =ELECT.!D18 -> 2125 | H14: =ELECT.!F18 -> 11163 | I14: =ELECT.!H18 -> 6179 | J14: =Gas!C16 -> 261 | K14: =Gas!E16 -> 978 | L14: =Gas!G16 -> 172 | M14: =Gas!I16 -> 25 | N14: =Gas!K16 -> 14 | O14: =Gas!M16 -> 67 | P14: =Gas!O16 -> 39 | Q14: =Gas!Q16 -> 35 | R14: =Gas!S16 -> 233 | S14: =Gas!U16 -> 24 | T14: =Gas!W16 -> 47 | U14: =Gas!Y16 -> 0 | V14: =Gas!AA16 -> 0 | W14: =Gas!AC16 -> 0 | X14: =ELECT.!B18 -> 96
... A29: Alexandria at San Stefano | B29: =B28+1 -> 28 | C29: 2 | D29: 2022 | E29: =Water!C32 -> 200 | F29: =Water!E32 -> 230 | G29: =ELECT.!D33 -> 5099 | H29: =ELECT.!F33 -> 18821 | I29: =ELECT.!H33 -> 7372 | J29: =Gas!C31 -> 228 | K29: =Gas!E31 -> 961 | L29: =Gas!G31 -> 161 | M29: =Gas!I31 -> 28 | N29: =Gas!K31 -> 1 | O29: =Gas!M31 -> 55 | P29: =Gas!O31 -> 132 | Q29: =Gas!Q31 -> 27 | R29: =Gas!S31 -> 209 | S29: =Gas!U31 -> 29 | T29: =Gas!W31 -> 50 | U29: =Gas!Y31 -> 0 | V29: =Gas!AA31 -> 0 | W29: =Gas!AC31 -> 0 | X29: =ELECT.!B33 -> 93

Sheet Water
A1: Hotel Feb 2022
A2: Day
B3: Main Reading | C3: Cons. | D3: Beach Water | E3: Cons.
A4: Last | B4: 65200 | C4: 0 | D4: 635772 | E4: 0
A5: 44593 | B5: 65222 | C5: =(IF((B5-B4)<0,"0",(B5-B4)))*10 -> 220 | D5: 635833 | E5: =E8 -> 63
A6: 44594 | B6: 65248 | C6: =(IF((B6-B5)<0,"0",(B6-B5)))*10 -> 260 | D6: 635879 | E6: =E7 -> 203
A7: 44595 | B7: 65273 | C7: =(IF((B7-B6)<0,"0",(B7-B6)))*10 -> 250 | D7: 636082 | E7: =(IF((D7-D6)<0,"0",(D7-D6))) -> 203
A8: 44596 | B8: 65299 | C8: =(IF((B8-B7)<0,"0",(B8-B7)))*10 -> 260 | D8: 636145 | E8: =(IF((D8-D7)<0,"0",(D8-D7))) -> 63
A9: 44597 | B9: 65323 | C9: =(IF((B9-B8)<0,"0",(B9-B8)))*10 -> 240 | D9: 636197 | E9: =(IF((D9-D8)<0,"0",(D9-D8))) -> 52
A10: 44598 | B10: 65349 | C10: =(IF((B10-B9)<0,"0",(B10-B9)))*10 -> 260 | D10: 636272 | E10: =(IF((D10-D9)<0,"0",(D10-D9))) -> 75
A11: 44599 | B11: 65370 | C11: =(IF((B11-B10)<0,"0",(B11-B10)))*10 -> 210 | D11: 636336 | E11: =(IF((D11-D10)<0,"0",(D11-D10))) -> 64
A12: 44600 | B12: 65391 | C12: =(IF((B12-B11)<0,"0",(B12-B11)))*10 -> 210 | D12: 636391 | E12: =(IF((D12-D11)<0,"0",(D12-D11))) -> 55
A13: 44601 | B13: 65413 | C13: =(IF((B13-B12)<0,"0",(B13-B12)))*10 -> 220 | D13: 636422 | E13: =(IF((D13-D12)<0,"0",(D13-D12))) -> 31
A14: 44602 | B14: 65437 | C14: =(IF((B14-B13)<0,"0",(B14-B13)))*10 -> 240 | D14: 636470 | E14: =(IF((D14-D13)<0,"0",(D14-D13))) -> 48
A15: 44603 | B15: 65468 | C15: =(IF((B15-B14)<0,"0",(B15-B14)))*10 -> 310 | D15: 636557 | E15: =(IF((D15-D14)<0,"0",(D15-D14))) -> 87
A16: 44604 | B16: 65492 | C16: =(IF((B16-B15)<0,"0",(B16-B15)))*10 -> 240 | D16: 636742 | E16: =(IF((D16-D15)<0,"0",(D16-D15))) -> 185
A17: 44605 | B17: 65519 | C17: =(IF((B17-B16)<0,"0",(B17-B16)))*10 -> 270 | D17: 636865 | E17: =(IF((D17-D16)<0,"0",(D17-D16))) -> 123
A18: 44606 | B18: 65542 | C18: =(IF((B18-B17)<0,"0",(B18-B17)))*10 -> 230 | D18: 636970 | E18: =(IF((D18-D17)<0,"0",(D18-D17))) -> 105
... A32: 44620 | B32: 65882 | C32: =(IF((B32-B31)<0,"0",(B32-B31)))*10 -> 200 | D32: 638897 | E32: =(IF((D32-D31)<0,"0",(D32-D31))) -> 230
A33: Total | C33: =SUM(C5:C32) -> 6820 | E33: =SUM(E5:E32) -> 3284

Sheet ELECT.
A1: Feeders and transformers Electrity cons. Feb 22
A2: Hotel | J2: W4 | P2: W5
A3: Day | B3: Room Sold | C3: Trans-1 | D3: Cons. | E3: Trans-2 | F3: Cons. | G3: Trans-3 | H3: Cons. | I3: Total | J3: MDB/W4-1 | L3: MDB/W4-2 | N3: MDB/W4-3 | P3: EMDB/W5-1 | R3: MDB/W5-1 | T3: MDB/W5-2 | V3: MDB/W5-3
C4: Readings | D4: Cons. | E4: Readings | F4: Cons. | G4: Readings | H4: Cons. | I4: Readings | J4: Reading | K4: Cons | L4: Reading | M4: Cons | N4: Reading | O4: Cons | P4: Reading | Q4: Cons | R4: Reading | S4: Cons | T4: Reading | U4: Cons | V4: Reading | W4: Cons
A5: Last | B5: 70 | C5: 49598195 | D5: 0 | E5: 49009513 | F5: 0 | G5: 37073359 | H5: 0
A6: 44593 | B6: 77 | C6: 49602730 | D6: =IF((C6-C5)<0,"0",(C6-C5)) -> 4535 | E6: 49017804 | F6: =IF((E6-E5)<0,"0",(E6-E5)) -> 8291 | G6: 37079444 | H6: =IF((G6-G5)<0,"0",(G6-G5)) -> 6085 | I6: =D6+F6+H6 -> 18911 | K6: =IF(J6-J5<0,0,J6-J5) -> 0 | M6: =IF(L6-L5<0,0,L6-L5) -> 0 | O6: =IF(N6-N5<0,0,N6-N5) -> 0 | Q6: =IF(P6-P5<0,0,P6-P5) -> 0 | S6: =IF(R6-R5<0,0,R6-R5) -> 0 | U6: =IF(T6-T5<0,0,T6-T5) -> 0 | W6: =IF(V6-V5<0,0,V6-V5) -> 0
A7: 44594 | B7: 69 | C7: 49607789 | D7: =IF((C7-C6)<0,"0",(C7-C6)) -> 5059 | E7: 49026691 | F7: =IF((E7-E6)<0,"0",(E7-E6)) -> 8887 | G7: 37086504 | H7: =IF((G7-G6)<0,"0",(G7-G6)) -> 7060 | I7: =D7+F7+H7 -> 21006 | K7: =IF(J7-J6<0,0,J7-J6) -> 0 | M7: =IF(L7-L6<0,0,L7-L6) -> 0 | O7: =IF(N7-N6<0,0,N7-N6) -> 0 | Q7: =IF(P7-P6<0,0,P7-P6) -> 0 | S7: =IF(R7-R6<0,0,R7-R6) -> 0 | U7: =IF(T7-T6<0,0,T7-T6) -> 0 | W7: =IF(V7-V6<0,0,V7-V6) -> 0
A8: 44595 | B8: 40 | C8: 49612502 | D8: =IF((C8-C7)<0,"0",(C8-C7)) -> 4713 | E8: 49035868 | F8: =IF((E8-E7)<0,"0",(E8-E7)) -> 9177 | G8: 37092992 | H8: =IF((G8-G7)<0,"0",(G8-G7)) -> 6488 | I8: =D8+F8+H8 -> 20378 | K8: =IF(J8-J7<0,0,J8-J7) -> 0 | M8: =IF(L8-L7<0,0,L8-L7) -> 0 | O8: =IF(N8-N7<0,0,N8-N7) -> 0 | Q8: =IF(P8-P7<0,0,P8-P7) -> 0 | S8: =IF(R8-R7<0,0,R8-R7) -> 0 | U8: =IF(T8-T7<0,0,T8-T7) -> 0 | W8: =IF(V8-V7<0,0,V8-V7) -> 0
A9: 44596 | B9: 60 | C9: 49617178 | D9: =IF((C9-C8)<0,"0",(C9-C8)) -> 4676 | E9: 49045471 | F9: =IF((E9-E8)<0,"0",(E9-E8)) -> 9603 | G9: 37099461 | H9: =IF((G9-G8)<0,"0",(G9-G8)) -> 6469 | I9: =D9+F9+H9 -> 20748 | K9: =IF(J9-J8<0,0,J9-J8) -> 0 | M9: =IF(L9-L8<0,0,L9-L8) -> 0 | O9: =IF(N9-N8<0,0,N9-N8) -> 0 | Q9: =IF(P9-P8<0,0,P9-P8) -> 0 | S9: =IF(R9-R8<0,0,R9-R8) -> 0 | U9: =IF(T9-T8<0,0,T9-T8) -> 0 | W9: =IF(V9-V8<0,0,V9-V8) -> 0
A10: 44597 | B10: 64 | C10: 49622098 | D10: =IF((C10-C9)<0,"0",(C10-C9)) -> 4920 | E10: 49054853 | F10: =IF((E10-E9)<0,"0",(E10-E9)) -> 9382 | G10: 37106253 | H10: =IF((G10-G9)<0,"0",(G10-G9)) -> 6792 | I10: =D10+F10+H10 -> 21094 | K10: =IF(J10-J9<0,0,J10-J9) -> 0 | M10: =IF(L10-L9<0,0,L10-L9) -> 0 | O10: =IF(N10-N9<0,0,N10-N9) -> 0 | Q10: =IF(P10-P9<0,0,P10-P9) -> 0 | S10: =IF(R10-R9<0,0,R10-R9) -> 0 | U10: =IF(T10-T9<0,0,T10-T9) -> 0 | W10: =IF(V10-V9<0,0,V10-V9) -> 0
A11: 44598 | B11: 76 | C11: 49625994 | D11: =IF((C11-C10)<0,"0",(C11-C10)) -> 3896 | E11: 49062336 | F11: =IF((E11-E10)<0,"0",(E11-E10)) -> 7483 | G11: 37111871 | H11: =IF((G11-G10)<0,"0",(G11-G10)) -> 5618 | I11: =D11+F11+H11 -> 16997 | K11: =IF(J11-J10<0,0,J11-J10) -> 0 | M11: =IF(L11-L10<0,0,L11-L10) -> 0 | O11: =IF(N11-N10<0,0,N11-N10) -> 0 | Q11: =IF(P11-P10<0,0,P11-P10) -> 0 | S11: =IF(R11-R10<0,0,R11-R10) -> 0 | U11: =IF(T11-T10<0,0,T11-T10) -> 0 | W11: =IF(V11-V10<0,0,V11-V10) -> 0
A12: 44599 | B12: 72 | C12: 49630215 | D12: =IF((C12-C11)<0,"0",(C12-C11)) -> 4221 | E12: 49070549 | F12: =IF((E12-E11)<0,"0",(E12-E11)) -> 8213 | G12: 37118571 | H12: =IF((G12-G11)<0,"0",(G12-G11)) -> 6700 | I12: =D12+F12+H12 -> 19134 | K12: =IF(J12-J11<0,0,J12-J11) -> 0 | M12: =IF(L12-L11<0,0,L12-L11) -> 0 | O12: =IF(N12-N11<0,0,N12-N11) -> 0 | Q12: =IF(P12-P11<0,0,P12-P11) -> 0 | S12: =IF(R12-R11<0,0,R12-R11) -> 0 | U12: =IF(T12-T11<0,0,T12-T11) -> 0 | W12: =IF(V12-V11<0,0,V12-V11) -> 0
A13: 44600 | B13: 80 | C13: 49633494 | D13: =IF((C13-C12)<0,"0",(C13-C12)) -> 3279 | E13: 49080090 | F13: =IF((E13-E12)<0,"0",(E13-E12)) -> 9541 | G13: 37125792 | H13: =IF((G13-G12)<0,"0",(G13-G12)) -> 7221 | I13: =D13+F13+H13 -> 20041 | K13: =IF(J13-J12<0,0,J13-J12) -> 0 | M13: =IF(L13-L12<0,0,L13-L12) -> 0 | O13: =IF(N13-N12<0,0,N13-N12) -> 0 | Q13: =IF(P13-P12<0,0,P13-P12) -> 0 | S13: =IF(R13-R12<0,0,R13-R12) -> 0 | U13: =IF(T13-T12<0,0,T13-T12) -> 0 | W13: =IF(V13-V12<0,0,V13-V12) -> 0
A14: 44601 | B14: 76 | C14: 49639014 | D14: =IF((C14-C13)<0,"0",(C14-C13)) -> 5520 | E14: 49087403 | F14: =IF((E14-E13)<0,"0",(E14-E13)) -> 7313 | G14: 37130766 | H14: =IF((G14-G13)<0,"0",(G14-G13)) -> 4974 | I14: =D14+F14+H14 -> 17807 | K14: =IF(J14-J13<0,0,J14-J13) -> 0 | M14: =IF(L14-L13<0,0,L14-L13) -> 0 | O14: =IF(N14-N13<0,0,N14-N13) -> 0 | Q14: =IF(P14-P13<0,0,P14-P13) -> 0 | S14: =IF(R14-R13<0,0,R14-R13) -> 0 | U14: =IF(T14-T13<0,0,T14-T13) -> 0 | W14: =IF(V14-V13<0,0,V14-V13) -> 0
A15: 44602 | B15: 92 | C15: 49643841 | D15: =IF((C15-C14)<0,"0",(C15-C14)) -> 4827 | E15: 49096757 | F15: =IF((E15-E14)<0,"0",(E15-E14)) -> 9354 | G15: 37137273 | H15: =IF((G15-G14)<0,"0",(G15-G14)) -> 6507 | I15: =D15+F15+H15 -> 20688 | K15: =IF(J15-J14<0,0,J15-J14) -> 0 | M15: =IF(L15-L14<0,0,L15-L14) -> 0 | O15: =IF(N15-N14<0,0,N15-N14) -> 0 | Q15: =IF(P15-P14<0,0,P15-P14) -> 0 | S15: =IF(R15-R14<0,0,R15-R14) -> 0 | U15: =IF(T15-T14<0,0,T15-T14) -> 0 | W15: =IF(V15-V14<0,0,V15-V14) -> 0
A16: 44603 | B16: 107 | C16: 49648436 | D16: =IF((C16-C15)<0,"0",(C16-C15)) -> 4595 | E16: 49104930 | F16: =IF((E16-E15)<0,"0",(E16-E15)) -> 8173 | G16: 37143199 | H16: =IF((G16-G15)<0,"0",(G16-G15)) -> 5926 | I16: =D16+F16+H16 -> 18694 | K16: =IF(J16-J15<0,0,J16-J15) -> 0 | M16: =IF(L16-L15<0,0,L16-L15) -> 0 | O16: =IF(N16-N15<0,0,N16-N15) -> 0 | Q16: =IF(P16-P15<0,0,P16-P15) -> 0 | S16: =IF(R16-R15<0,0,R16-R15) -> 0 | U16: =IF(T16-T15<0,0,T16-T15) -> 0 | W16: =IF(V16-V15<0,0,V16-V15) -> 0
A17: 44604 | B17: 92 | C17: 49652851 | D17: =IF((C17-C16)<0,"0",(C17-C16)) -> 4415 | E17: 49112728 | F17: =IF((E17-E16)<0,"0",(E17-E16)) -> 7798 | G17: 37148827 | H17: =IF((G17-G16)<0,"0",(G17-G16)) -> 5628 | I17: =D17+F17+H17 -> 17841 | K17: =IF(J17-J16<0,0,J17-J16) -> 0 | M17: =IF(L17-L16<0,0,L17-L16) -> 0 | O17: =IF(N17-N16<0,0,N17-N16) -> 0 | Q17: =IF(P17-P16<0,0,P17-P16) -> 0 | S17: =IF(R17-R16<0,0,R17-R16) -> 0 | U17: =IF(T17-T16<0,0,T17-T16) -> 0 | W17: =IF(V17-V16<0,0,V17-V16) -> 0
... A32: 44619 | B32: 94 | C32: 49722389 | D32: =IF((C32-C31)<0,"0",(C32-C31)) -> 4702 | E32: 49252623 | F32: =IF((E32-E31)<0,"0",(E32-E31)) -> 8733 | G32: 37244329 | H32: =IF((G32-G31)<0,"0",(G32-G31)) -> 5941 | I32: =D32+F32+H32 -> 19376 | K32: =IF(J32-J31<0,0,J32-J31) -> 0 | M32: =IF(L32-L31<0,0,L32-L31) -> 0 | O32: =IF(N32-N31<0,0,N32-N31) -> 0 | Q32: =IF(P32-P31<0,0,P32-P31) -> 0 | S32: =IF(R32-R31<0,0,R32-R31) -> 0 | U32: =IF(T32-T31<0,0,T32-T31) -> 0 | W32: =IF(V32-V31<0,0,V32-V31) -> 0
A33: 44620 | B33: 93 | C33: 49727488 | D33: =C33-C32 -> 5099 | E33: 49262711 | F33: =IF((E33-E31)<0,"0",(E33-E31)) -> 18821 | G33: 37251701 | H33: =G33-G32 -> 7372 | I33: =D33+F33+H33 -> 31292 | K33: =IF(J33-J32<0,0,J33-J32) -> 0 | M33: =IF(L33-L32<0,0,L33-L32) -> 0 | O33: =IF(N33-N32<0,0,N33-N32) -> 0 | Q33: =IF(P33-P32<0,0,P33-P32) -> 0 | S33: =IF(R33-R32<0,0,R33-R32) -> 0 | U33: =IF(T33-T32<0,0,T33-T32) -> 0 | W33: =IF(V33-V32<0,0,V33-V32) -> 0
A34: Total | D34: =SUM(D5:D33) -> 129293 | F34: =SUM(F5:F33) -> 261931 | H34: =SUM(H5:H33) -> 178342 | I34: =D34+F34+H34 -> 569566 | K34: =SUM(K5:K33) -> 0 | M34: =SUM(M5:M33) -> 0 | O34: =SUM(O5:O33) -> 0 | Q34: =SUM(Q5:Q33) -> 0 | S34: =SUM(S5:S33) -> 0 | U34: =SUM(U5:U33) -> 0 | W34: =SUM(W5:W33) -> 0

Sheet Gas
A2: Day | B2: st. gas | C2: Cons. | D2: H.Water boiler | E2: Cons. | F2: Kala Kit. | G2: Cons. | H2: Pastery Kit. | I2: Cons. | J2: Italian Kit. | K2: Cons. | L2: Byblos kit | M2: Cons. | N2: Banquet Kit. | O2: Cons. | P2: Pool Kit. | Q2: Cons. | R2: Laundry | S2: Cons. | T2: Dinning | U2: Cons. | V2: Fresca | W2: Cons. | X2: jacuuzi Heater | Y2: Cons. | Z2: s.Pool Heater | AA2: Cons. | AB2: Lobby Lou. Heater | AC2: Cons. | AD2: Total Cons | AE2: Boiler 26 | AF2: Cons.
A3: Last | B3: 1547229 | D3: 33476337 | F3: 47713 | H3: 94333 | J3: 182711 | L3: 103326 | N3: 632535 | P3: 165520 | R3: 943181 | T3: 76677 | V3: 301351 | X3: 28453 | Z3: 714780 | AB3: 1410
A4: 44593 | B4: 1547445 | C4: =IF((B4-B3)<0,"0",(B4-B3)) -> 216 | D4: 33477290 | E4: =IF((D4-D3)<0,"0",(D4-D3)) -> 953 | F4: 47824 | G4: =IF((F4-F3)<0,"0",(F4-F3)) -> 111 | H4: 94355 | I4: =IF((H4-H3)<0,"0",(H4-H3)) -> 22 | J4: 182739 | K4: =IF((J4-J3)<0,"0",(J4-J3)) -> 28 | L4: 103386 | M4: =IF((L4-L3)<0,"0",(L4-L3)) -> 60 | N4: 632647 | O4: =IF((N4-N3)<0,"0",(N4-N3)) -> 112 | P4: 165520 | Q4: =IF((P4-P3)<0,"0",(P4-P3)) -> 0 | R4: 943337 | S4: =IF((R4-R3)<0,"0",(R4-R3)) -> 156 | T4: 76695 | U4: =IF((T4-T3)<0,"0",(T4-T3)) -> 18 | V4: 301401 | W4: =IF((V4-V3)<0,"0",(V4-V3)) -> 50 | X4: 28453 | Y4: =IF((X4-X3)<0,"0",(X4-X3)) -> 0 | Z4: 714780 | AA4: =IF((Z4-Z3)<0,"0",(Z4-Z3)) -> 0 | AB4: 1410 | AC4: =IF((AB4-AB3)<0,"0",(AB4-AB3)) -> 0 | AD4: =C4+E4+G4+I4+K4+M4+O4+Q4+S4+U4+W4+Y4+AA4+AC4 -> 1726 | AE4: 0 | AF4: =IF((AE4-AE3)<0,"0",(AE4-AE3)) -> 0
A5: 44594 | B5: 1547689 | C5: =IF((B5-B4)<0,"0",(B5-B4)) -> 244 | D5: 33478255 | E5: =IF((D5-D4)<0,"0",(D5-D4)) -> 965 | F5: 47964 | G5: =IF((F5-F4)<0,"0",(F5-F4)) -> 140 | H5: 94360 | I5: =IF((H5-H4)<0,"0",(H5-H4)) -> 5 | J5: 182770 | K5: =IF((J5-J4)<0,"0",(J5-J4)) -> 31 | L5: 103436 | M5: =IF((L5-L4)<0,"0",(L5-L4)) -> 50 | N5: 632797 | O5: =IF((N5-N4)<0,"0",(N5-N4)) -> 150 | P5: 165543 | Q5: =IF((P5-P4)<0,"0",(P5-P4)) -> 23 | R5: 943554 | S5: =IF((R5-R4)<0,"0",(R5-R4)) -> 217 | T5: 76716 | U5: =IF((T5-T4)<0,"0",(T5-T4)) -> 21 | V5: 301454 | W5: =IF((V5-V4)<0,"0",(V5-V4)) -> 53 | X5: 28453 | Y5: =IF((X5-X4)<0,"0",(X5-X4)) -> 0 | Z5: 714780 | AA5: =IF((Z5-Z4)<0,"0",(Z5-Z4)) -> 0 | AB5: 1410 | AC5: =IF((AB5-AB4)<0,"0",(AB5-AB4)) -> 0 | AD5: =C5+E5+G5+I5+K5+M5+O5+Q5+S5+U5+W5+Y5+AA5+AC5 -> 1899 | AE5: 0 | AF5: =IF((AE5-AE4)<0,"0",(AE5-AE4)) -> 0
A6: 44595 | B6: 1547939 | C6: =IF((B6-B5)<0,"0",(B6-B5)) -> 250 | D6: 33479035 | E6: =IF((D6-D5)<0,"0",(D6-D5)) -> 780 | F6: 48143 | G6: =IF((F6-F5)<0,"0",(F6-F5)) -> 179 | H6: 94382 | I6: =IF((H6-H5)<0,"0",(H6-H5)) -> 22 | J6: 182800 | K6: =IF((J6-J5)<0,"0",(J6-J5)) -> 30 | L6: 103495 | M6: =IF((L6-L5)<0,"0",(L6-L5)) -> 59 | N6: 632925 | O6: =IF((N6-N5)<0,"0",(N6-N5)) -> 128 | P6: 165579 | Q6: =IF((P6-P5)<0,"0",(P6-P5)) -> 36 | R6: 943675 | S6: =IF((R6-R5)<0,"0",(R6-R5)) -> 121 | T6: 76746 | U6: =IF((T6-T5)<0,"0",(T6-T5)) -> 30 | V6: 301507 | W6: =IF((V6-V5)<0,"0",(V6-V5)) -> 53 | X6: 28453 | Y6: =IF((X6-X5)<0,"0",(X6-X5)) -> 0 | Z6: 714780 | AA6: =IF((Z6-Z5)<0,"0",(Z6-Z5)) -> 0 | AB6: 1410 | AC6: =IF((AB6-AB5)<0,"0",(AB6-AB5)) -> 0 | AD6: =C6+E6+G6+I6+K6+M6+O6+Q6+S6+U6+W6+Y6+AA6+AC6 -> 1688 | AE6: 0 | AF6: =IF((AE6-AE5)<0,"0",(AE6-AE5)) -> 0
A7: 44596 | B7: 1548208 | C7: =IF((B7-B6)<0,"0",(B7-B6)) -> 269 | D7: 33480038 | E7: =IF((D7-D6)<0,"0",(D7-D6)) -> 1003 | F7: 48317 | G7: =IF((F7-F6)<0,"0",(F7-F6)) -> 174 | H7: 94397 | I7: =IF((H7-H6)<0,"0",(H7-H6)) -> 15 | J7: 182834 | K7: =IF((J7-J6)<0,"0",(J7-J6)) -> 34 | L7: 103548 | M7: =IF((L7-L6)<0,"0",(L7-L6)) -> 53 | N7: 633009 | O7: =IF((N7-N6)<0,"0",(N7-N6)) -> 84 | P7: 165613 | Q7: =IF((P7-P6)<0,"0",(P7-P6)) -> 34 | R7: 943824 | S7: =IF((R7-R6)<0,"0",(R7-R6)) -> 149 | T7: 76780 | U7: =IF((T7-T6)<0,"0",(T7-T6)) -> 34 | V7: 301558 | W7: =IF((V7-V6)<0,"0",(V7-V6)) -> 51 | X7: 28453 | Y7: =IF((X7-X6)<0,"0",(X7-X6)) -> 0 | Z7: 714780 | AA7: =IF((Z7-Z6)<0,"0",(Z7-Z6)) -> 0 | AB7: 1410 | AC7: =IF((AB7-AB6)<0,"0",(AB7-AB6)) -> 0 | AD7: =C7+E7+G7+I7+K7+M7+O7+Q7+S7+U7+W7+Y7+AA7+AC7 -> 1900 | AE7: 0 | AF7: =IF((AE7-AE6)<0,"0",(AE7-AE6)) -> 0
A8: 44597 | B8: 1548389 | C8: =IF((B8-B7)<0,"0",(B8-B7)) -> 181 | D8: 33481040 | E8: =IF((D8-D7)<0,"0",(D8-D7)) -> 1002 | F8: 48458 | G8: =IF((F8-F7)<0,"0",(F8-F7)) -> 141 | H8: 94418 | I8: =IF((H8-H7)<0,"0",(H8-H7)) -> 21 | J8: 182862 | K8: =IF((J8-J7)<0,"0",(J8-J7)) -> 28 | L8: 103606 | M8: =IF((L8-L7)<0,"0",(L8-L7)) -> 58 | N8: 633077 | O8: =IF((N8-N7)<0,"0",(N8-N7)) -> 68 | P8: 165647 | Q8: =IF((P8-P7)<0,"0",(P8-P7)) -> 34 | R8: 944021 | S8: =IF((R8-R7)<0,"0",(R8-R7)) -> 197 | T8: 76798 | U8: =IF((T8-T7)<0,"0",(T8-T7)) -> 18 | V8: 301604 | W8: =IF((V8-V7)<0,"0",(V8-V7)) -> 46 | X8: 28453 | Y8: =IF((X8-X7)<0,"0",(X8-X7)) -> 0 | Z8: 714780 | AA8: =IF((Z8-Z7)<0,"0",(Z8-Z7)) -> 0 | AB8: 1410 | AC8: =IF((AB8-AB7)<0,"0",(AB8-AB7)) -> 0 | AD8: =C8+E8+G8+I8+K8+M8+O8+Q8+S8+U8+W8+Y8+AA8+AC8 -> 1794 | AE8: 0 | AF8: =IF((AE8-AE7)<0,"0",(AE8-AE7)) -> 0
A9: 44598 | B9: 1548640 | C9: =IF((B9-B8)<0,"0",(B9-B8)) -> 251 | D9: 33481984 | E9: =IF((D9-D8)<0,"0",(D9-D8)) -> 944 | F9: 48604 | G9: =IF((F9-F8)<0,"0",(F9-F8)) -> 146 | H9: 94442 | I9: =IF((H9-H8)<0,"0",(H9-H8)) -> 24 | J9: 182862 | K9: =IF((J9-J8)<0,"0",(J9-J8)) -> 0 | L9: 103660 | M9: =IF((L9-L8)<0,"0",(L9-L8)) -> 54 | N9: 633087 | O9: =IF((N9-N8)<0,"0",(N9-N8)) -> 10 | P9: 165678 | Q9: =IF((P9-P8)<0,"0",(P9-P8)) -> 31 | R9: 944252 | S9: =IF((R9-R8)<0,"0",(R9-R8)) -> 231 | T9: 76819 | U9: =IF((T9-T8)<0,"0",(T9-T8)) -> 21 | V9: 301660 | W9: =IF((V9-V8)<0,"0",(V9-V8)) -> 56 | X9: 28453 | Y9: =IF((X9-X8)<0,"0",(X9-X8)) -> 0 | Z9: 714780 | AA9: =IF((Z9-Z8)<0,"0",(Z9-Z8)) -> 0 | AB9: 1410 | AC9: =IF((AB9-AB8)<0,"0",(AB9-AB8)) -> 0 | AD9: =C9+E9+G9+I9+K9+M9+O9+Q9+S9+U9+W9+Y9+AA9+AC9 -> 1768 | AE9: 0 | AF9: =IF((AE9-AE8)<0,"0",(AE9-AE8)) -> 0
A10: 44599 | B10: 1548861 | C10: =IF((B10-B9)<0,"0",(B10-B9)) -> 221 | D10: 33482828 | E10: =IF((D10-D9)<0,"0",(D10-D9)) -> 844 | F10: 48753 | G10: =IF((F10-F9)<0,"0",(F10-F9)) -> 149 | H10: 94464 | I10: =IF((H10-H9)<0,"0",(H10-H9)) -> 22 | J10: 182862 | K10: =IF((J10-J9)<0,"0",(J10-J9)) -> 0 | L10: 103714 | M10: =IF((L10-L9)<0,"0",(L10-L9)) -> 54 | N10: 633169 | O10: =IF((N10-N9)<0,"0",(N10-N9)) -> 82 | P10: 165709 | Q10: =IF((P10-P9)<0,"0",(P10-P9)) -> 31 | R10: 944401 | S10: =IF((R10-R9)<0,"0",(R10-R9)) -> 149 | T10: 76852 | U10: =IF((T10-T9)<0,"0",(T10-T9)) -> 33 | V10: 301717 | W10: =IF((V10-V9)<0,"0",(V10-V9)) -> 57 | X10: 28453 | Y10: =IF((X10-X9)<0,"0",(X10-X9)) -> 0 | Z10: 714780 | AA10: =IF((Z10-Z9)<0,"0",(Z10-Z9)) -> 0 | AB10: 1410 | AC10: =IF((AB10-AB9)<0,"0",(AB10-AB9)) -> 0 | AD10: =C10+E10+G10+I10+K10+M10+O10+Q10+S10+U10+W10+Y10+AA10+AC10 -> 1642 | AE10: 0 | AF10: =IF((AE10-AE9)<0,"0",(AE10-AE9)) -> 0
A11: 44600 | B11: 1549023 | C11: =IF((B11-B10)<0,"0",(B11-B10)) -> 162 | D11: 33483696 | E11: =IF((D11-D10)<0,"0",(D11-D10)) -> 868 | F11: 48865 | G11: =IF((F11-F10)<0,"0",(F11-F10)) -> 112 | H11: 94477 | I11: =IF((H11-H10)<0,"0",(H11-H10)) -> 13 | J11: 182887 | K11: =IF((J11-J10)<0,"0",(J11-J10)) -> 25 | L11: 103768 | M11: =IF((L11-L10)<0,"0",(L11-L10)) -> 54 | N11: 633228 | O11: =IF((N11-N10)<0,"0",(N11-N10)) -> 59 | P11: 165741 | Q11: =IF((P11-P10)<0,"0",(P11-P10)) -> 32 | R11: 944538 | S11: =IF((R11-R10)<0,"0",(R11-R10)) -> 137 | T11: 76865 | U11: =IF((T11-T10)<0,"0",(T11-T10)) -> 13 | V11: 301771 | W11: =IF((V11-V10)<0,"0",(V11-V10)) -> 54 | X11: 28453 | Y11: =IF((X11-X10)<0,"0",(X11-X10)) -> 0 | Z11: 714780 | AA11: =IF((Z11-Z10)<0,"0",(Z11-Z10)) -> 0 | AB11: 1410 | AC11: =IF((AB11-AB10)<0,"0",(AB11-AB10)) -> 0 | AD11: =C11+E11+G11+I11+K11+M11+O11+Q11+S11+U11+W11+Y11+AA11+AC11 -> 1529 | AE11: 0 | AF11: =IF((AE11-AE10)<0,"0",(AE11-AE10)) -> 0
A12: 44601 | B12: 1549255 | C12: =IF((B12-B11)<0,"0",(B12-B11)) -> 232 | D12: 33484737 | E12: =IF((D12-D11)<0,"0",(D12-D11)) -> 1041 | F12: 49023 | G12: =IF((F12-F11)<0,"0",(F12-F11)) -> 158 | H12: 94505 | I12: =IF((H12-H11)<0,"0",(H12-H11)) -> 28 | J12: 182910 | K12: =IF((J12-J11)<0,"0",(J12-J11)) -> 23 | L12: 103814 | M12: =IF((L12-L11)<0,"0",(L12-L11)) -> 46 | N12: 633267 | O12: =IF((N12-N11)<0,"0",(N12-N11)) -> 39 | P12: 165774 | Q12: =IF((P12-P11)<0,"0",(P12-P11)) -> 33 | R12: 944722 | S12: =IF((R12-R11)<0,"0",(R12-R11)) -> 184 | T12: 76889 | U12: =IF((T12-T11)<0,"0",(T12-T11)) -> 24 | V12: 301817 | W12: =IF((V12-V11)<0,"0",(V12-V11)) -> 46 | X12: 28453 | Y12: =IF((X12-X11)<0,"0",(X12-X11)) -> 0 | Z12: 714780 | AA12: =IF((Z12-Z11)<0,"0",(Z12-Z11)) -> 0 | AB12: 1410 | AC12: =IF((AB12-AB11)<0,"0",(AB12-AB11)) -> 0 | AD12: =C12+E12+G12+I12+K12+M12+O12+Q12+S12+U12+W12+Y12+AA12+AC12 -> 1854 | AE12: 0 | AF12: =IF((AE12-AE11)<0,"0",(AE12-AE11)) -> 0
A13: 44602 | B13: 1549470 | C13: =IF((B13-B12)<0,"0",(B13-B12)) -> 215 | D13: 33485850 | E13: =IF((D13-D12)<0,"0",(D13-D12)) -> 1113 | F13: 49173 | G13: =IF((F13-F12)<0,"0",(F13-F12)) -> 150 | H13: 94525 | I13: =IF((H13-H12)<0,"0",(H13-H12)) -> 20 | J13: 182954 | K13: =IF((J13-J12)<0,"0",(J13-J12)) -> 44 | L13: 103867 | M13: =IF((L13-L12)<0,"0",(L13-L12)) -> 53 | N13: 633314 | O13: =IF((N13-N12)<0,"0",(N13-N12)) -> 47 | P13: 165805 | Q13: =IF((P13-P12)<0,"0",(P13-P12)) -> 31 | R13: 944888 | S13: =IF((R13-R12)<0,"0",(R13-R12)) -> 166 | T13: 76923 | U13: =IF((T13-T12)<0,"0",(T13-T12)) -> 34 | V13: 301862 | W13: =IF((V13-V12)<0,"0",(V13-V12)) -> 45 | X13: 28453 | Y13: =IF((X13-X12)<0,"0",(X13-X12)) -> 0 | Z13: 714780 | AA13: =IF((Z13-Z12)<0,"0",(Z13-Z12)) -> 0 | AB13: 1410 | AC13: =IF((AB13-AB12)<0,"0",(AB13-AB12)) -> 0 | AD13: =C13+E13+G13+I13+K13+M13+O13+Q13+S13+U13+W13+Y13+AA13+AC13 -> 1918 | AE13: 0 | AF13: =IF((AE13-AE12)<0,"0",(AE13-AE12)) -> 0
A14: 44603 | B14: 1549708 | C14: =IF((B14-B13)<0,"0",(B14-B13)) -> 238 | D14: 33486969 | E14: =IF((D14-D13)<0,"0",(D14-D13)) -> 1119 | F14: 49344 | G14: =IF((F14-F13)<0,"0",(F14-F13)) -> 171 | H14: 94555 | I14: =IF((H14-H13)<0,"0",(H14-H13)) -> 30 | J14: 182979 | K14: =IF((J14-J13)<0,"0",(J14-J13)) -> 25 | L14: 103917 | M14: =IF((L14-L13)<0,"0",(L14-L13)) -> 50 | N14: 633355 | O14: =IF((N14-N13)<0,"0",(N14-N13)) -> 41 | P14: 165834 | Q14: =IF((P14-P13)<0,"0",(P14-P13)) -> 29 | R14: 945082 | S14: =IF((R14-R13)<0,"0",(R14-R13)) -> 194 | T14: 76944 | U14: =IF((T14-T13)<0,"0",(T14-T13)) -> 21 | V14: 301916 | W14: =IF((V14-V13)<0,"0",(V14-V13)) -> 54 | X14: 28453 | Y14: =IF((X14-X13)<0,"0",(X14-X13)) -> 0 | Z14: 714780 | AA14: =IF((Z14-Z13)<0,"0",(Z14-Z13)) -> 0 | AB14: 1410 | AC14: =IF((AB14-AB13)<0,"0",(AB14-AB13)) -> 0 | AD14: =C14+E14+G14+I14+K14+M14+O14+Q14+S14+U14+W14+Y14+AA14+AC14 -> 1972 | AE14: 0 | AF14: =IF((AE14-AE13)<0,"0",(AE14-AE13)) -> 0
A15: 44604 | B15: 1549926 | C15: =IF((B15-B14)<0,"0",(B15-B14)) -> 218 | D15: 33487999 | E15: =IF((D15-D14)<0,"0",(D15-D14)) -> 1030 | F15: 49481 | G15: =IF((F15-F14)<0,"0",(F15-F14)) -> 137 | H15: 94578 | I15: =IF((H15-H14)<0,"0",(H15-H14)) -> 23 | J15: 183005 | K15: =IF((J15-J14)<0,"0",(J15-J14)) -> 26 | L15: 103986 | M15: =IF((L15-L14)<0,"0",(L15-L14)) -> 69 | N15: 633407 | O15: =IF((N15-N14)<0,"0",(N15-N14)) -> 52 | P15: 165868 | Q15: =IF((P15-P14)<0,"0",(P15-P14)) -> 34 | R15: 945283 | S15: =IF((R15-R14)<0,"0",(R15-R14)) -> 201 | T15: 76968 | U15: =IF((T15-T14)<0,"0",(T15-T14)) -> 24 | V15: 301968 | W15: =IF((V15-V14)<0,"0",(V15-V14)) -> 52 | X15: 28453 | Y15: =IF((X15-X14)<0,"0",(X15-X14)) -> 0 | Z15: 714780 | AA15: =IF((Z15-Z14)<0,"0",(Z15-Z14)) -> 0 | AB15: 1410 | AC15: =IF((AB15-AB14)<0,"0",(AB15-AB14)) -> 0 | AD15: =C15+E15+G15+I15+K15+M15+O15+Q15+S15+U15+W15+Y15+AA15+AC15 -> 1866 | AE15: 0 | AF15: =IF((AE15-AE14)<0,"0",(AE15-AE14)) -> 0
... A30: 44619 | B30: 1553464 | C30: =IF((B30-B29)<0,"0",(B30-B29)) -> 231 | D30: 33503308 | E30: =IF((D30-D29)<0,"0",(D30-D29)) -> 984 | F30: 51768 | G30: =IF((F30-F29)<0,"0",(F30-F29)) -> 163 | H30: 94949 | I30: =IF((H30-H29)<0,"0",(H30-H29)) -> 28 | J30: 183340 | K30: =IF((J30-J29)<0,"0",(J30-J29)) -> 0 | L30: 104903 | M30: =IF((L30-L29)<0,"0",(L30-L29)) -> 64 | N30: 634615 | O30: =IF((N30-N29)<0,"0",(N30-N29)) -> 99 | P30: 166342 | Q30: =IF((P30-P29)<0,"0",(P30-P29)) -> 30 | R30: 948356 | S30: =IF((R30-R29)<0,"0",(R30-R29)) -> 222 | T30: 77366 | U30: =IF((T30-T29)<0,"0",(T30-T29)) -> 23 | V30: 302738 | W30: =IF((V30-V29)<0,"0",(V30-V29)) -> 54 | X30: 28453 | Y30: =IF((X30-X29)<0,"0",(X30-X29)) -> 0 | Z30: 714780 | AA30: =IF((Z30-Z29)<0,"0",(Z30-Z29)) -> 0 | AB30: 1410 | AC30: =IF((AB30-AB29)<0,"0",(AB30-AB29)) -> 0 | AD30: =C30+E30+G30+I30+K30+M30+O30+Q30+S30+U30+W30+Y30+AA30+AC30 -> 1898 | AE30: 0 | AF30: =IF((AE30-AE29)<0,"0",(AE30-AE29)) -> 0
A31: 44620 | B31: 1553692 | C31: =IF((B31-B30)<0,"0",(B31-B30)) -> 228 | D31: 33504269 | E31: =IF((D31-D30)<0,"0",(D31-D30)) -> 961 | F31: 51929 | G31: =IF((F31-F30)<0,"0",(F31-F30)) -> 161 | H31: 94977 | I31: =IF((H31-H30)<0,"0",(H31-H30)) -> 28 | J31: 183341 | K31: =IF((J31-J30)<0,"0",(J31-J30)) -> 1 | L31: 104958 | M31: =IF((L31-L30)<0,"0",(L31-L30)) -> 55 | N31: 634747 | O31: =IF((N31-N30)<0,"0",(N31-N30)) -> 132 | P31: 166369 | Q31: =IF((P31-P30)<0,"0",(P31-P30)) -> 27 | R31: 948565 | S31: =IF((R31-R30)<0,"0",(R31-R30)) -> 209 | T31: 77395 | U31: =IF((T31-T30)<0,"0",(T31-T30)) -> 29 | V31: 302788 | W31: =IF((V31-V30)<0,"0",(V31-V30)) -> 50 | X31: 28453 | Y31: =IF((X31-X30)<0,"0",(X31-X30)) -> 0 | Z31: 714780 | AA31: =IF((Z31-Z30)<0,"0",(Z31-Z30)) -> 0 | AB31: 1410 | AC31: =IF((AB31-AB30)<0,"0",(AB31-AB30)) -> 0 | AD31: =AC31+AA31+Y31+W31+U31+S31+Q31+O31+M31+K31+I31+G31+E31+C31 -> 1881 | AE31: 0 | AF31: =IF((AE31-AE30)<0,"0",(AE31-AE30)) -> 0
