Workbook

Sheet TOTAL
A1: Site Name | B1: Day | C1: Month | D1: Year | E1: Total Electricity Kwh | F1: Electricity Tariff ($/Kwh) | G1: LPG (Kg) | H1: LPG $/Kg | I1: Total Fuel Oil (Liter) | J1: Fuel Oil $/Liter | K1: Water Utility Supply (m3) m3 | L1: Water Utility Supply (m3) $/m3 | M1: Room Nights | N1: Food Covers
A2: Bali Jimbaran | B2: 1 | C2: 2 | D2: 2022 | E2: ='FS Jimbaran February 2022'!P12 -> 15020 | F2: ='FS Jimbaran February 2022'!O12/'FS Jimbaran February 2022'!P12 -> 1175.1827 | G2: ='FS Jimbaran February 2022'!AG12 -> 113.94868 | H2: ='FS Jimbaran February 2022'!AH12/'FS Jimbaran February 2022'!AG12 -> 29523.333 | I2: ='FS Jimbaran February 2022'!AJ12 -> 159.73 | J2: ='FS Jimbaran February 2022'!AK12/'FS Jimbaran February 2022'!AJ12 -> 12000 | K2: ='FS Jimbaran February 2022'!V12 -> 918 | L2: ='FS Jimbaran February 2022'!AA12/'FS Jimbaran February 2022'!V12 -> 7549.4237 | M2: ='RNs & Covers February 2022'!B6 -> 6 | N2: ='RNs & Covers February 2022'!C6 -> 79
A3: Bali Jimbaran | B3: =B2+1 -> 2 | C3: 2 | D3: 2022 | E3: ='FS Jimbaran February 2022'!P13 -> 14380 | F3: ='FS Jimbaran February 2022'!O13/'FS Jimbaran February 2022'!P13 -> 1182.8636 | G3: ='FS Jimbaran February 2022'!AG13 -> 88.08892 | H3: ='FS Jimbaran February 2022'!AH13/'FS Jimbaran February 2022'!AG13 -> 29523.333 | I3: ='FS Jimbaran February 2022'!AJ13 -> 158.56 | J3: ='FS Jimbaran February 2022'!AK13/'FS Jimbaran February 2022'!AJ13 -> 12000 | K3: ='FS Jimbaran February 2022'!V13 -> 967 | L3: ='FS Jimbaran February 2022'!AA13/'FS Jimbaran February 2022'!V13 -> 7353.603 | M3: ='RNs & Covers February 2022'!B7 -> 4 | N3: ='RNs & Covers February 2022'!C7 -> 48
A4: Bali Jimbaran | B4: =B3+1 -> 3 | C4: 2 | D4: 2022 | E4: ='FS Jimbaran February 2022'!P14 -> 14200 | F4: ='FS Jimbaran February 2022'!O14/'FS Jimbaran February 2022'!P14 -> 1177.1786 | G4: ='FS Jimbaran February 2022'!AG14 -> 92.07664 | H4: ='FS Jimbaran February 2022'!AH14/'FS Jimbaran February 2022'!AG14 -> 29523.333 | I4: ='FS Jimbaran February 2022'!AJ14 -> 91.67 | J4: ='FS Jimbaran February 2022'!AK14/'FS Jimbaran February 2022'!AJ14 -> 12000 | K4: ='FS Jimbaran February 2022'!V14 -> 907 | L4: ='FS Jimbaran February 2022'!AA14/'FS Jimbaran February 2022'!V14 -> 7589.4972 | M4: ='RNs & Covers February 2022'!B8 -> 4 | N4: ='RNs & Covers February 2022'!C8 -> 43
A5: Bali Jimbaran | B5: =B4+1 -> 4 | C5: 2 | D5: 2022 | E5: ='FS Jimbaran February 2022'!P15 -> 13960 | F5: ='FS Jimbaran February 2022'!O15/'FS Jimbaran February 2022'!P15 -> 1185.7307 | G5: ='FS Jimbaran February 2022'!AG15 -> 75.60556 | H5: ='FS Jimbaran February 2022'!AH15/'FS Jimbaran February 2022'!AG15 -> 29523.333 | I5: ='FS Jimbaran February 2022'!AJ15 -> 291 | J5: ='FS Jimbaran February 2022'!AK15/'FS Jimbaran February 2022'!AJ15 -> 12000 | K5: ='FS Jimbaran February 2022'!V15 -> 951 | L5: ='FS Jimbaran February 2022'!AA15/'FS Jimbaran February 2022'!V15 -> 7449.1979 | M5: ='RNs & Covers February 2022'!B9 -> 5 | N5: ='RNs & Covers February 2022'!C9 -> 52
A6: Bali Jimbaran | B6: =B5+1 -> 5 | C6: 2 | D6: 2022 | E6: ='FS Jimbaran February 2022'!P16 -> 14320 | F6: ='FS Jimbaran February 2022'!O16/'FS Jimbaran February 2022'!P16 -> 1180.9845 | G6: ='FS Jimbaran February 2022'!AG16 -> 76.20976 | H6: ='FS Jimbaran February 2022'!AH16/'FS Jimbaran February 2022'!AG16 -> 29523.333 | I6: ='FS Jimbaran February 2022'!AJ16 -> 92.97 | J6: ='FS Jimbaran February 2022'!AK16/'FS Jimbaran February 2022'!AJ16 -> 12000 | K6: ='FS Jimbaran February 2022'!V16 -> 1002 | L6: ='FS Jimbaran February 2022'!AA16/'FS Jimbaran February 2022'!V16 -> 7286.1192 | M6: ='RNs & Covers February 2022'!B10 -> 9 | N6: ='RNs & Covers February 2022'!C10 -> 75
A7: Bali Jimbaran | B7: =B6+1 -> 6 | C7: 2 | D7: 2022 | E7: ='FS Jimbaran February 2022'!P17 -> 14180 | F7: ='FS Jimbaran February 2022'!O17/'FS Jimbaran February 2022'!P17 -> 1178.0719 | G7: ='FS Jimbaran February 2022'!AG17 -> 80.31832 | H7: ='FS Jimbaran February 2022'!AH17/'FS Jimbaran February 2022'!AG17 -> 29523.333 | I7: ='FS Jimbaran February 2022'!AJ17 -> 86.99 | J7: ='FS Jimbaran February 2022'!AK17/'FS Jimbaran February 2022'!AJ17 -> 12000 | K7: ='FS Jimbaran February 2022'!V17 -> 931 | L7: ='FS Jimbaran February 2022'!AA17/'FS Jimbaran February 2022'!V17 -> 7459.0573 | M7: ='RNs & Covers February 2022'!B11 -> 7 | N7: ='RNs & Covers February 2022'!C11 -> 76
A8: Bali Jimbaran | B8: =B7+1 -> 7 | C8: 2 | D8: 2022 | E8: ='FS Jimbaran February 2022'!P18 -> 14260 | F8: ='FS Jimbaran February 2022'!O18/'FS Jimbaran February 2022'!P18 -> 1182.9029 | G8: ='FS Jimbaran February 2022'!AG18 -> 107.50044 | H8: ='FS Jimbaran February 2022'!AH18/'FS Jimbaran February 2022'!AG18 -> 29523.333 | I8: ='FS Jimbaran February 2022'!AJ18 -> 293.36 | J8: ='FS Jimbaran February 2022'!AK18/'FS Jimbaran February 2022'!AJ18 -> 12000 | K8: ='FS Jimbaran February 2022'!V18 -> 940 | L8: ='FS Jimbaran February 2022'!AA18/'FS Jimbaran February 2022'!V18 -> 7413.6847 | M8: ='RNs & Covers February 2022'!B12 -> 5 | N8: ='RNs & Covers February 2022'!C12 -> 33
A9: Bali Jimbaran | B9: =B8+1 -> 8 | C9: 2 | D9: 2022 | E9: ='FS Jimbaran February 2022'!P19 -> 13900 | F9: ='FS Jimbaran February 2022'!O19/'FS Jimbaran February 2022'!P19 -> 1184.5895 | G9: ='FS Jimbaran February 2022'!AG19 -> 97.75956 | H9: ='FS Jimbaran February 2022'!AH19/'FS Jimbaran February 2022'!AG19 -> 29523.333 | I9: ='FS Jimbaran February 2022'!AJ19 -> 106.8 | J9: ='FS Jimbaran February 2022'!AK19/'FS Jimbaran February 2022'!AJ19 -> 12000 | K9: ='FS Jimbaran February 2022'!V19 -> 943 | L9: ='FS Jimbaran February 2022'!AA19/'FS Jimbaran February 2022'!V19 -> 7418.1596 | M9: ='RNs & Covers February 2022'!B13 -> 4 | N9: ='RNs & Covers February 2022'!C13 -> 45
A10: Bali Jimbaran | B10: =B9+1 -> 9 | C10: 2 | D10: 2022 | E10: ='FS Jimbaran February 2022'!P20 -> 13780 | F10: ='FS Jimbaran February 2022'!O20/'FS Jimbaran February 2022'!P20 -> 1176.7528 | G10: ='FS Jimbaran February 2022'!AG20 -> 80.63712 | H10: ='FS Jimbaran February 2022'!AH20/'FS Jimbaran February 2022'!AG20 -> 29523.333 | I10: ='FS Jimbaran February 2022'!AJ20 -> 100.7 | J10: ='FS Jimbaran February 2022'!AK20/'FS Jimbaran February 2022'!AJ20 -> 12000 | K10: ='FS Jimbaran February 2022'!V20 -> 954 | L10: ='FS Jimbaran February 2022'!AA20/'FS Jimbaran February 2022'!V20 -> 7381.5739 | M10: ='RNs & Covers February 2022'!B14 -> 3 | N10: ='RNs & Covers February 2022'!C14 -> 36
A11: Bali Jimbaran | B11: =B10+1 -> 10 | C11: 2 | D11: 2022 | E11: ='FS Jimbaran February 2022'!P21 -> 13220 | F11: ='FS Jimbaran February 2022'!O21/'FS Jimbaran February 2022'!P21 -> 1178.0626 | G11: ='FS Jimbaran February 2022'!AG21 -> 81.40244 | H11: ='FS Jimbaran February 2022'!AH21/'FS Jimbaran February 2022'!AG21 -> 29523.333 | I11: ='FS Jimbaran February 2022'!AJ21 -> 253.83 | J11: ='FS Jimbaran February 2022'!AK21/'FS Jimbaran February 2022'!AJ21 -> 12000 | K11: ='FS Jimbaran February 2022'!V21 -> 925 | L11: ='FS Jimbaran February 2022'!AA21/'FS Jimbaran February 2022'!V21 -> 6604.4512 | M11: ='RNs & Covers February 2022'!B15 -> 3 | N11: ='RNs & Covers February 2022'!C15 -> 28
A12: Bali Jimbaran | B12: =B11+1 -> 11 | C12: 2 | D12: 2022 | E12: ='FS Jimbaran February 2022'!P22 -> 12720 | F12: ='FS Jimbaran February 2022'!O22/'FS Jimbaran February 2022'!P22 -> 1179.9098 | G12: ='FS Jimbaran February 2022'!AG22 -> 88.29032 | H12: ='FS Jimbaran February 2022'!AH22/'FS Jimbaran February 2022'!AG22 -> 29523.333 | I12: ='FS Jimbaran February 2022'!AJ22 -> 267.4 | J12: ='FS Jimbaran February 2022'!AK22/'FS Jimbaran February 2022'!AJ22 -> 12000 | K12: ='FS Jimbaran February 2022'!V22 -> 923 | L12: ='FS Jimbaran February 2022'!AA22/'FS Jimbaran February 2022'!V22 -> 7516.6539 | M12: ='RNs & Covers February 2022'!B16 -> 6 | N12: ='RNs & Covers February 2022'!C16 -> 42
A13: Bali Jimbaran | B13: =B12+1 -> 12 | C13: 2 | D13: 2022 | E13: ='FS Jimbaran February 2022'!P23 -> 12780 | F13: ='FS Jimbaran February 2022'!O23/'FS Jimbaran February 2022'!P23 -> 1180.3272 | G13: ='FS Jimbaran February 2022'!AG23 -> 87.76324 | H13: ='FS Jimbaran February 2022'!AH23/'FS Jimbaran February 2022'!AG23 -> 29523.333 | I13: ='FS Jimbaran February 2022'!AJ23 -> 62.4 | J13: ='FS Jimbaran February 2022'!AK23/'FS Jimbaran February 2022'!AJ23 -> 12000 | K13: ='FS Jimbaran February 2022'!V23 -> 934 | L13: ='FS Jimbaran February 2022'!AA23/'FS Jimbaran February 2022'!V23 -> 7448.7343 | M13: ='RNs & Covers February 2022'!B17 -> 8 | N13: ='RNs & Covers February 2022'!C17 -> 54
A14: Bali Jimbaran | B14: =B13+1 -> 13 | C14: 2 | D14: 2022 | E14: ='FS Jimbaran February 2022'!P24 -> 12960 | F14: ='FS Jimbaran February 2022'!O24/'FS Jimbaran February 2022'!P24 -> 1174.8431 | G14: ='FS Jimbaran February 2022'!AG24 -> 83.21848 | H14: ='FS Jimbaran February 2022'!AH24/'FS Jimbaran February 2022'!AG24 -> 29523.333 | I14: ='FS Jimbaran February 2022'!AJ24 -> 102.27 | J14: ='FS Jimbaran February 2022'!AK24/'FS Jimbaran February 2022'!AJ24 -> 12000 | K14: ='FS Jimbaran February 2022'!V24 -> 914 | L14: ='FS Jimbaran February 2022'!AA24/'FS Jimbaran February 2022'!V24 -> 7023.2809 | M14: ='RNs & Covers February 2022'!B18 -> 3 | N14: ='RNs & Covers February 2022'!C18 -> 53
... A29: Bali Jimbaran | B29: =B28+1 -> 28 | C29: 2 | D29: 2022 | E29: ='FS Jimbaran February 2022'!P39 -> 16600 | F29: ='FS Jimbaran February 2022'!O39/'FS Jimbaran February 2022'!P39 -> 1184.533 | G29: ='FS Jimbaran February 2022'!AG39 -> 80.1572 | H29: ='FS Jimbaran February 2022'!AH39/'FS Jimbaran February 2022'!AG39 -> 29523.333 | I29: ='FS Jimbaran February 2022'!AJ39 -> 309.91 | J29: ='FS Jimbaran February 2022'!AK39/'FS Jimbaran February 2022'!AJ39 -> 12000 | K29: ='FS Jimbaran February 2022'!V39 -> 875 | L29: ='FS Jimbaran February 2022'!AA39/'FS Jimbaran February 2022'!V39 -> 7005.9301 | M29: ='RNs & Covers February 2022'!B33 -> 10 | N29: ='RNs & Covers February 2022'!C33 -> 99

Sheet FS Jimbaran February 2022
B6: Four Seasons Resort Bali at Jimbaran Bay
B7: FEBRUARY 2022
B8: Date | C8: Room Nights | D8: Food Covers | E8: ELECTRICITY Resort & Sundara | V8: WATER | AC8: GAS
E9: Electricity Resort | J9: Electricity - Sundara | O9: Sub Total (Resort & Sundara) Cost (IDR) | P9: Sub Total (Resort & Sundara), KWh | Q9: Residences- Electricity KWh | R9: Residences- Electricity cost (IDR) | S9: TOTAL Electricity consumption (KWh) | T9: TOTAL Electricity cost | W9: Water (m3) | AA9: Total Water Cost | AC9: LPG | AJ9: Diesel
E10: BASED LOAD KWh (from 10 pm - 6 pm) | F10: Cost (IDR) | G10: PEAK LOAD KWh (from 6 pm - 10 pm) | H10: Cost (IDR) | I10: Resort Cost (IDR) | J10: BASED LOAD KWh (from 10 pm - 6 pm) | K10: Cost (IDR) | L10: PEAK LOAD KWh (from 6 pm - 10 pm) | M10: Cost (IDR) | N10: Sundara Cost (IDR) | T10: IDR | U10: USD | V10: Water consumption (m3) | W10: Municipal Water (m3) | X10: Municipal Water cost (IDR) | Y10: Deepwell Consumption (m3) | Z10: Deepwell water Cost (IDR) | AA10: IDR | AB10: USD | AC10: LPG Bulk (m3) | AD10: 50 Kg (tube) IVD & TW | AE10: Sundara 50 kg (tube) | AF10: 12 Kg (tube) | AG10: Total kg | AH10: IDR | AI10: USD | AJ10: Used (liters) | AK10: IDR | AL10: USD
AB11: 14522 | AE11: 797000 | AF11: 163000 | AH11: =(AE11/50)+(AF11/12) -> 29523.333 | AK11: 12000
B12: 1 | C12: 6 | D12: 79 | E12: 11080 | F12: 11476442 | G12: 2080 | H12: 3231633.6 | I12: =(F12+H12)*1.05 -> 15443480 | J12: 1520 | K12: 1574385.6 | L12: 340 | M12: 528247.8 | N12: =(K12+M12)*1.05 -> 2207765.1 | O12: =I12+N12 -> 17651245 | P12: =E12+G12+J12+L12 -> 15020 | U12: 0 | V12: =W12+Y12 -> 918 | W12: 221 | X12: 3971480.5 | Y12: 697 | Z12: 2958890.5 | AA12: =X12+Z12 -> 6930371 | AB12: =AA12/$AB$11 -> 477.23254 | AC12: 0 | AD12: 0 | AE12: 101.94868 | AF12: 12 | AG12: =AC12+AD12+AE12+AF12 -> 113.94868 | AH12: =(AE12+AF12)*$AH$11 -> 3364144.9 | AI12: =AH12/14522 -> 231.65851 | AJ12: 159.73 | AK12: 1916760 | AL12: =AK12/14522 -> 131.99008
B13: 2 | C13: 4 | D13: 48 | E13: 10760 | F13: 11144993 | G13: 2240 | H13: 3480220.8 | I13: =(F13+H13)*1.05 -> 15356474 | J13: 1100 | K13: 1139358 | L13: 280 | M13: 435027.6 | N13: =(K13+M13)*1.05 -> 1653104.9 | O13: =I13+N13 -> 17009579 | P13: =E13+G13+J13+L13 -> 14380 | U13: 0 | V13: =W13+Y13 -> 967 | W13: 219 | X13: 3935539.5 | Y13: 748 | Z13: 3175394.6 | AA13: =X13+Z13 -> 7110934.1 | AB13: =AA13/$AB$11 -> 489.66631 | AC13: 0 | AD13: 0 | AE13: 76.08892 | AF13: 12 | AG13: =AC13+AD13+AE13+AF13 -> 88.08892 | AH13: =(AE13+AF13)*$AH$11 -> 2600678.5 | AI13: =AH13/14522 -> 179.08543 | AJ13: 158.56 | AK13: 1902720 | AL13: =AK13/14522 -> 131.02328
B14: 3 | C14: 4 | D14: 43 | E14: 10640 | F14: 11020699 | G14: 2040 | H14: 3169486.8 | I14: =(F14+H14)*1.05 -> 14899695 | J14: 1220 | K14: 1263651.6 | L14: 300 | M14: 466101 | N14: =(K14+M14)*1.05 -> 1816240.2 | O14: =I14+N14 -> 16715936 | P14: =E14+G14+J14+L14 -> 14200 | U14: 0 | V14: =W14+Y14 -> 907 | W14: 221 | X14: 3971480.5 | Y14: 686 | Z14: 2912193.5 | AA14: =X14+Z14 -> 6883674 | AB14: =AA14/$AB$11 -> 474.01694 | AC14: 0 | AD14: 0 | AE14: 80.07664 | AF14: 12 | AG14: =AC14+AD14+AE14+AF14 -> 92.07664 | AH14: =(AE14+AF14)*$AH$11 -> 2718409.3 | AI14: =AH14/14522 -> 187.19249 | AJ14: 91.67 | AK14: 1100040 | AL14: =AK14/14522 -> 75.749897
B15: 4 | C15: 5 | D15: 52 | E15: 10000 | F15: 10357800 | G15: 2080 | H15: 3231633.6 | I15: =(F15+H15)*1.05 -> 14268905 | J15: 1440 | K15: 1491523.2 | L15: 440 | M15: 683614.8 | N15: =(K15+M15)*1.05 -> 2283894.9 | O15: =I15+N15 -> 16552800 | P15: =E15+G15+J15+L15 -> 13960 | U15: 0 | V15: =W15+Y15 -> 951 | W15: 222 | X15: 3989451 | Y15: 729 | Z15: 3094736.2 | AA15: =X15+Z15 -> 7084187.2 | AB15: =AA15/$AB$11 -> 487.82449 | AC15: 0 | AD15: 0 | AE15: 75.60556 | AF15: 0 | AG15: =AC15+AD15+AE15+AF15 -> 75.60556 | AH15: =(AE15+AF15)*$AH$11 -> 2232128.1 | AI15: =AH15/14522 -> 153.70666 | AJ15: 291 | AK15: 3492000 | AL15: =AK15/14522 -> 240.46275
B16: 5 | C16: 9 | D16: 75 | E16: 10360 | F16: 10730681 | G16: 2160 | H16: 3355927.2 | I16: =(F16+H16)*1.05 -> 14790938 | J16: 1500 | K16: 1553670 | L16: 300 | M16: 466101 | N16: =(K16+M16)*1.05 -> 2120759.6 | O16: =I16+N16 -> 16911698 | P16: =E16+G16+J16+L16 -> 14320 | U16: 0 | V16: =W16+Y16 -> 1002 | W16: 222 | X16: 3989451 | Y16: 780 | Z16: 3311240.4 | AA16: =X16+Z16 -> 7300691.4 | AB16: =AA16/$AB$11 -> 502.73319 | AC16: 0 | AD16: 0 | AE16: 76.20976 | AF16: 0 | AG16: =AC16+AD16+AE16+AF16 -> 76.20976 | AH16: =(AE16+AF16)*$AH$11 -> 2249966.1 | AI16: =AH16/14522 -> 154.93501 | AJ16: 92.97 | AK16: 1115640 | AL16: =AK16/14522 -> 76.824129
B17: 6 | C17: 7 | D17: 76 | E17: 10560 | F17: 10937837 | G17: 2040 | H17: 3169486.8 | I17: =(F17+H17)*1.05 -> 14812690 | J17: 1260 | K17: 1305082.8 | L17: 320 | M17: 497174.4 | N17: =(K17+M17)*1.05 -> 1892370.1 | O17: =I17+N17 -> 16705060 | P17: =E17+G17+J17+L17 -> 14180 | U17: 0 | V17: =W17+Y17 -> 931 | W17: 218 | X17: 3917569 | Y17: 713 | Z17: 3026813.3 | AA17: =X17+Z17 -> 6944382.3 | AB17: =AA17/$AB$11 -> 478.19738 | AC17: 0 | AD17: 0 | AE17: 80.31832 | AF17: 0 | AG17: =AC17+AD17+AE17+AF17 -> 80.31832 | AH17: =(AE17+AF17)*$AH$11 -> 2371264.5 | AI17: =AH17/14522 -> 163.28774 | AJ17: 86.99 | AK17: 1043880 | AL17: =AK17/14522 -> 71.882661
B18: 7 | C18: 5 | D18: 33 | E18: 10560 | F18: 10937837 | G18: 2200 | H18: 3418074 | I18: =(F18+H18)*1.05 -> 15073706 | J18: 1200 | K18: 1242936 | L18: 300 | M18: 466101 | N18: =(K18+M18)*1.05 -> 1794488.9 | O18: =I18+N18 -> 16868195 | P18: =E18+G18+J18+L18 -> 14260 | U18: 0 | V18: =W18+Y18 -> 940 | W18: 217 | X18: 3899598.5 | Y18: 723 | Z18: 3069265.1 | AA18: =X18+Z18 -> 6968863.6 | AB18: =AA18/$AB$11 -> 479.88319 | AC18: 0 | AD18: 0 | AE18: 83.50044 | AF18: 24 | AG18: =AC18+AD18+AE18+AF18 -> 107.50044 | AH18: =(AE18+AF18)*$AH$11 -> 3173771.3 | AI18: =AH18/14522 -> 218.54919 | AJ18: 293.36 | AK18: 3520320 | AL18: =AK18/14522 -> 242.41289
B19: 8 | C19: 4 | D19: 45 | E19: 10200 | F19: 10564956 | G19: 2120 | H19: 3293780.4 | I19: =(F19+H19)*1.05 -> 14551673 | J19: 1220 | K19: 1263651.6 | L19: 360 | M19: 559321.2 | N19: =(K19+M19)*1.05 -> 1914121.4 | O19: =I19+N19 -> 16465795 | P19: =E19+G19+J19+L19 -> 13900 | U19: 0 | V19: =W19+Y19 -> 943 | W19: 218 | X19: 3917569 | Y19: 725 | Z19: 3077755.5 | AA19: =X19+Z19 -> 6995324.5 | AB19: =AA19/$AB$11 -> 481.70531 | AC19: 0 | AD19: 0 | AE19: 97.75956 | AF19: 0 | AG19: =AC19+AD19+AE19+AF19 -> 97.75956 | AH19: =(AE19+AF19)*$AH$11 -> 2886188.1 | AI19: =AH19/14522 -> 198.74591 | AJ19: 106.8 | AK19: 1281600 | AL19: =AK19/14522 -> 88.252307
B20: 9 | C20: 3 | D20: 36 | E20: 10320 | F20: 10689250 | G20: 1960 | H20: 3045193.2 | I20: =(F20+H20)*1.05 -> 14421165 | J20: 1200 | K20: 1242936 | L20: 300 | M20: 466101 | N20: =(K20+M20)*1.05 -> 1794488.8 | O20: =I20+N20 -> 16215654 | P20: =E20+G20+J20+L20 -> 13780 | U20: 0 | V20: =W20+Y20 -> 954 | W20: 218 | X20: 3917569 | Y20: 736 | Z20: 3124452.5 | AA20: =X20+Z20 -> 7042021.5 | AB20: =AA20/$AB$11 -> 484.92091 | AC20: 0 | AD20: 0 | AE20: 68.63712 | AF20: 12 | AG20: =AC20+AD20+AE20+AF20 -> 80.63712 | AH20: =(AE20+AF20)*$AH$11 -> 2380676.6 | AI20: =AH20/14522 -> 163.93586 | AJ20: 100.7 | AK20: 1208400 | AL20: =AK20/14522 -> 83.211679
B21: 10 | C21: 3 | D21: 28 | E21: 9800 | F21: 10150644 | G21: 1920 | H21: 2983046.4 | I21: =(F21+H21)*1.05 -> 13790375 | J21: 1220 | K21: 1263651.6 | L21: 280 | M21: 435027.6 | N21: =(K21+M21)*1.05 -> 1783613.2 | O21: =I21+N21 -> 15573988 | P21: =E21+G21+J21+L21 -> 13220 | U21: 0 | V21: =W21+Y21 -> 925 | W21: 159 | X21: 2857309.5 | Y21: 766 | Z21: 3251807.9 | AA21: =X21+Z21 -> 6109117.4 | AB21: =AA21/$AB$11 -> 420.68017 | AC21: 0 | AD21: 0 | AE21: 69.40244 | AF21: 12 | AG21: =AC21+AD21+AE21+AF21 -> 81.40244 | AH21: =(AE21+AF21)*$AH$11 -> 2403271.4 | AI21: =AH21/14522 -> 165.49176 | AJ21: 253.83 | AK21: 3045960 | AL21: =AK21/14522 -> 209.74797
B22: 11 | C22: 6 | D22: 42 | E22: 9360 | F22: 9694900.8 | G22: 1880 | H22: 2920899.6 | I22: =(F22+H22)*1.05 -> 13246590 | J22: 1200 | K22: 1242936 | L22: 280 | M22: 435027.6 | N22: =(K22+M22)*1.05 -> 1761861.8 | O22: =I22+N22 -> 15008452 | P22: =E22+G22+J22+L22 -> 12720 | U22: 0 | V22: =W22+Y22 -> 923 | W22: 220 | X22: 3953510 | Y22: 703 | Z22: 2984361.5 | AA22: =X22+Z22 -> 6937871.5 | AB22: =AA22/$AB$11 -> 477.74904 | AC22: 0 | AD22: 0 | AE22: 76.29032 | AF22: 12 | AG22: =AC22+AD22+AE22+AF22 -> 88.29032 | AH22: =(AE22+AF22)*$AH$11 -> 2606624.5 | AI22: =AH22/14522 -> 179.49487 | AJ22: 267.4 | AK22: 3208800 | AL22: =AK22/14522 -> 220.9613
B23: 12 | C23: 8 | D23: 54 | E23: 9480 | F23: 9819194.4 | G23: 1880 | H23: 2920899.6 | I23: =(F23+H23)*1.05 -> 13377099 | J23: 1120 | K23: 1160073.6 | L23: 300 | M23: 466101 | N23: =(K23+M23)*1.05 -> 1707483.3 | O23: =I23+N23 -> 15084582 | P23: =E23+G23+J23+L23 -> 12780 | U23: 0 | V23: =W23+Y23 -> 934 | W23: 218 | X23: 3917569 | Y23: 716 | Z23: 3039548.9 | AA23: =X23+Z23 -> 6957117.9 | AB23: =AA23/$AB$11 -> 479.07436 | AC23: 0 | AD23: 0 | AE23: 63.76324 | AF23: 24 | AG23: =AC23+AD23+AE23+AF23 -> 87.76324 | AH23: =(AE23+AF23)*$AH$11 -> 2591063.4 | AI23: =AH23/14522 -> 178.42332 | AJ23: 62.4 | AK23: 748800 | AL23: =AK23/14522 -> 51.563146
... B39: 28 | C39: 10 | D39: 99 | E39: 12200 | F39: 12636516 | G39: 2520 | H39: 3915248.4 | I39: =(F39+H39)*1.05 -> 17379353 | J39: 1440 | K39: 1491523.2 | L39: 440 | M39: 683614.8 | N39: =(K39+M39)*1.05 -> 2283894.9 | O39: =I39+N39 -> 19663248 | P39: =E39+G39+J39+L39 -> 16600 | U39: 0 | V39: =W39+Y39 -> 875 | W39: 176 | X39: 3162808 | Y39: 699 | Z39: 2967380.8 | AA39: =X39+Z39 -> 6130188.8 | AB39: =AA39/$AB$11 -> 422.13117 | AC39: 0 | AD39: 0 | AE39: 80.1572 | AF39: 0 | AG39: =AC39+AD39+AE39+AF39 -> 80.1572 | AH39: =(AE39+AF39)*$AH$11 -> 2366507.7 | AI39: =AH39/14522 -> 162.96018 | AJ39: 309.91 | AK39: 3718920 | AL39: =AK39/14522 -> 256.08869
C43: =SUM(C12:C39) -> 160 | D43: =SUM(D12:D39) -> 1703 | E43: =SUM(E12:E39) -> 288240 | F43: =SUM(F12:F39) -> 2.9855323e+08 | G43: =SUM(G12:G39) -> 57160 | H43: =SUM(H12:H39) -> 88807777 | I43: =SUM(I12:I39) -> 4.0672905e+08 | J43: =SUM(J12:J39) -> 36360 | ... P43: =SUM(P12:P39) -> 391000 | V43: =SUM(V12:V39) -> 25992 | W43: =SUM(W12:W39) -> 5390 | X43: =SUM(X12:X39) -> 96860995 | Y43: =SUM(Y12:Y39) -> 20602 | Z43: =SUM(Z12:Z39) -> 87459198 | AA43: =SUM(AA12:AA39) -> 1.8432019e+08 | AB43: =SUM(AB12:AB39) -> 12692.48 | AC43: =SUM(AC12:AC39) -> 0 | ... AH43: =SUM(AH12:AH39) -> 73594967 | AI43: =AH43/$AL$44 -> 5671.5827 | AJ43: =SUM(AJ12:AJ39) -> 5340.11 | AK43: =SUM(AK12:AK39) -> 64081320 | AL43: =AK43/AL44 -> 4938.4152
T44: kWh rate | U44: =U43/S43 -> #DIV/0! | V44: m3/RNs | AL44: 12976.09

Sheet RNs & Covers February 2022
A1: Four Seasons Resort Bali at Jimbaran Bay
A2: 44562
A3: Date | B3: Room Nights | C3: Food Covers
A6: 1 | B6: 6 | C6: 79
A7: 2 | B7: 4 | C7: 48
A8: =A7+1 -> 3 | B8: 4 | C8: 43
A9: =A8+1 -> 4 | B9: 5 | C9: 52
A10: =A9+1 -> 5 | B10: 9 | C10: 75
A11: =A10+1 -> 6 | B11: 7 | C11: 76
A12: =A11+1 -> 7 | B12: 5 | C12: 33
A13: =A12+1 -> 8 | B13: 4 | C13: 45
A14: =A13+1 -> 9 | B14: 3 | C14: 36
A15: =A14+1 -> 10 | B15: 3 | C15: 28
A16: =A15+1 -> 11 | B16: 6 | C16: 42
A17: =A16+1 -> 12 | B17: 8 | C17: 54
A18: =A17+1 -> 13 | B18: 3 | C18: 53
A19: =A18+1 -> 14 | B19: 4 | C19: 59
... A33: =A32+1 -> 28 | B33: 10 | C33: 99
B34: =SUM(B6:B33) -> 160 | C34: =SUM(C6:C33) -> 1703
