Workbook

Sheet TOTAL
A1: Site Name | B1: Day | C1: Month | D1: Year | E1: Total Electricity Kwh | F1: Electricity Tariff ($/Kwh) | G1: Total Fuel Oil (Liter) | H1: Fuel Oil $/Liter | I1: Water Utility Supply (m3) m3 | J1: Water Utility Supply (m3) $/m3 | K1: Room Nights | L1: Food Covers
A2: Langkawi | B2: 1 | C2: 2 | D2: 2022 | E2: ='B16'!I4+'B16 ext'!I4+'B17'!I4 -> 23258 | F2: =('B16'!J4+'B16 ext'!J4+'B17'!J4)/TOTAL!E2 -> 0.24967164 | G2: ='Diesel Reading'!H4 -> 228.1 | H2: ='Diesel Reading'!I4/'Diesel Reading'!H4 -> 3.3 | I2: ='Water Reading'!H4 -> 1311 | J2: ='Water Reading'!I4/'Water Reading'!H4 -> 1.35 | K2: 73
A3: Langkawi | B3: =B2+1 -> 2 | C3: 2 | D3: 2022 | E3: ='B16'!I5+'B16 ext'!I5+'B17'!I5 -> 24273 | F3: =('B16'!J5+'B16 ext'!J5+'B17'!J5)/TOTAL!E3 -> 0.24767544 | G3: ='Diesel Reading'!H5 -> 298.7 | H3: ='Diesel Reading'!I5/'Diesel Reading'!H5 -> 3.3 | I3: ='Water Reading'!H5 -> 1285 | J3: ='Water Reading'!I5/'Water Reading'!H5 -> 1.35 | K3: 72
A4: Langkawi | B4: =B3+1 -> 3 | C4: 2 | D4: 2022 | E4: ='B16'!I6+'B16 ext'!I6+'B17'!I6 -> 21915 | F4: =('B16'!J6+'B16 ext'!J6+'B17'!J6)/TOTAL!E4 -> 0.24889802 | G4: ='Diesel Reading'!H6 -> 265.6 | H4: ='Diesel Reading'!I6/'Diesel Reading'!H6 -> 3.3 | I4: ='Water Reading'!H6 -> 1078 | J4: ='Water Reading'!I6/'Water Reading'!H6 -> 1.35 | K4: 70
A5: Langkawi | B5: =B4+1 -> 4 | C5: 2 | D5: 2022 | E5: ='B16'!I7+'B16 ext'!I7+'B17'!I7 -> 20807 | F5: =('B16'!J7+'B16 ext'!J7+'B17'!J7)/TOTAL!E5 -> 0.24794141 | G5: ='Diesel Reading'!H7 -> 158.9 | H5: ='Diesel Reading'!I7/'Diesel Reading'!H7 -> 3.3 | I5: ='Water Reading'!H7 -> 1088 | J5: ='Water Reading'!I7/'Water Reading'!H7 -> 1.35 | K5: 47
A6: Langkawi | B6: =B5+1 -> 5 | C6: 2 | D6: 2022 | E6: ='B16'!I8+'B16 ext'!I8+'B17'!I8 -> 18931 | F6: =('B16'!J8+'B16 ext'!J8+'B17'!J8)/TOTAL!E6 -> 0.2481113 | G6: ='Diesel Reading'!H8 -> 92.8 | H6: ='Diesel Reading'!I8/'Diesel Reading'!H8 -> 3.3 | I6: ='Water Reading'!H8 -> 1133 | J6: ='Water Reading'!I8/'Water Reading'!H8 -> 1.35 | K6: 26
A7: Langkawi | B7: =B6+1 -> 6 | C7: 2 | D7: 2022 | E7: ='B16'!I9+'B16 ext'!I9+'B17'!I9 -> 19795 | F7: =('B16'!J9+'B16 ext'!J9+'B17'!J9)/TOTAL!E7 -> 0.2450972 | G7: ='Diesel Reading'!H9 -> 209.9 | H7: ='Diesel Reading'!I9/'Diesel Reading'!H9 -> 3.3 | I7: ='Water Reading'!H9 -> 1226 | J7: ='Water Reading'!I9/'Water Reading'!H9 -> 1.35 | K7: 19
A8: Langkawi | B8: =B7+1 -> 7 | C8: 2 | D8: 2022 | E8: ='B16'!I10+'B16 ext'!I10+'B17'!I10 -> 19335 | F8: =('B16'!J10+'B16 ext'!J10+'B17'!J10)/TOTAL!E8 -> 0.24891032 | G8: ='Diesel Reading'!H10 -> 195.8 | H8: ='Diesel Reading'!I10/'Diesel Reading'!H10 -> 3.3 | I8: ='Water Reading'!H10 -> 1161 | J8: ='Water Reading'!I10/'Water Reading'!H10 -> 1.35 | K8: 25
A9: Langkawi | B9: =B8+1 -> 8 | C9: 2 | D9: 2022 | E9: ='B16'!I11+'B16 ext'!I11+'B17'!I11 -> 18188 | F9: =('B16'!J11+'B16 ext'!J11+'B17'!J11)/TOTAL!E9 -> 0.23815741 | G9: ='Diesel Reading'!H11 -> 0 | H9: ='Diesel Reading'!I11/'Diesel Reading'!H11 -> #DIV/0! | I9: ='Water Reading'!H11 -> 1200 | J9: ='Water Reading'!I11/'Water Reading'!H11 -> 1.35 | K9: 23
A10: Langkawi | B10: =B9+1 -> 9 | C10: 2 | D10: 2022 | E10: ='B16'!I12+'B16 ext'!I12+'B17'!I12 -> 20894 | F10: =('B16'!J12+'B16 ext'!J12+'B17'!J12)/TOTAL!E10 -> 0.25500919 | G10: ='Diesel Reading'!H12 -> 188.3 | H10: ='Diesel Reading'!I12/'Diesel Reading'!H12 -> 3.3 | I10: ='Water Reading'!H12 -> 926 | J10: ='Water Reading'!I12/'Water Reading'!H12 -> 1.35 | K10: 23
A11: Langkawi | B11: =B10+1 -> 10 | C11: 2 | D11: 2022 | E11: ='B16'!I13+'B16 ext'!I13+'B17'!I13 -> 19731 | F11: =('B16'!J13+'B16 ext'!J13+'B17'!J13)/TOTAL!E11 -> 0.24613943 | G11: ='Diesel Reading'!H13 -> 0 | H11: ='Diesel Reading'!I13/'Diesel Reading'!H13 -> #DIV/0! | I11: ='Water Reading'!H13 -> 944 | J11: ='Water Reading'!I13/'Water Reading'!H13 -> 1.35 | K11: 27
A12: Langkawi | B12: =B11+1 -> 11 | C12: 2 | D12: 2022 | E12: ='B16'!I14+'B16 ext'!I14+'B17'!I14 -> 20309 | F12: =('B16'!J14+'B16 ext'!J14+'B17'!J14)/TOTAL!E12 -> 0.24640164 | G12: ='Diesel Reading'!H14 -> 257.2 | H12: ='Diesel Reading'!I14/'Diesel Reading'!H14 -> 3.3 | I12: ='Water Reading'!H14 -> 967 | J12: ='Water Reading'!I14/'Water Reading'!H14 -> 1.35 | K12: 31
A13: Langkawi | B13: =B12+1 -> 12 | C13: 2 | D13: 2022 | E13: ='B16'!I15+'B16 ext'!I15+'B17'!I15 -> 20618 | F13: =('B16'!J15+'B16 ext'!J15+'B17'!J15)/TOTAL!E13 -> 0.24751499 | G13: ='Diesel Reading'!H15 -> 290 | H13: ='Diesel Reading'!I15/'Diesel Reading'!H15 -> 3.3 | I13: ='Water Reading'!H15 -> 966 | J13: ='Water Reading'!I15/'Water Reading'!H15 -> 1.35 | K13: 39
A14: Langkawi | B14: =B13+1 -> 13 | C14: 2 | D14: 2022 | E14: ='B16'!I16+'B16 ext'!I16+'B17'!I16 -> 19752 | F14: =('B16'!J16+'B16 ext'!J16+'B17'!J16)/TOTAL!E14 -> 0.24858916 | G14: ='Diesel Reading'!H16 -> 245.8 | H14: ='Diesel Reading'!I16/'Diesel Reading'!H16 -> 3.3 | I14: ='Water Reading'!H16 -> 898 | J14: ='Water Reading'!I16/'Water Reading'!H16 -> 1.35 | K14: 32
... A29: Langkawi | B29: =B28+1 -> 28 | C29: 2 | D29: 2022 | E29: ='B16'!I31+'B16 ext'!I31+'B17'!I31 -> 0 | F29: =('B16'!J31+'B16 ext'!J31+'B17'!J31)/TOTAL!E29 -> #DIV/0! | G29: ='Diesel Reading'!H31 -> 209.2 | H29: ='Diesel Reading'!I31/'Diesel Reading'!H31 -> 3.3 | I29: ='Water Reading'!H31 -> 0 | J29: ='Water Reading'!I31/'Water Reading'!H31 -> #DIV/0! | K29: 18
A30: Langkawi | E30: ='B16'!I32+'B16 ext'!I32+'B17'!I32 -> 0 | F30: =('B16'!J32+'B16 ext'!J32+'B17'!J32)/TOTAL!E30 -> #DIV/0! | G30: =#REF! -> #REF! | H30: =#REF!/#REF! -> #REF! | I30: ='Water Reading'!H32 -> 0 | J30: ='Water Reading'!I32/'Water Reading'!H32 -> #DIV/0!
A31: Langkawi | E31: ='B16'!I33+'B16 ext'!I33+'B17'!I33 -> 0 | F31: =('B16'!J33+'B16 ext'!J33+'B17'!J33)/TOTAL!E31 -> #DIV/0! | G31: =#REF! -> #REF! | H31: =#REF!/#REF! -> #REF! | I31: ='Water Reading'!H33 -> 0 | J31: ='Water Reading'!I33/'Water Reading'!H33 -> #DIV/0!
A32: Langkawi | E32: ='B16'!I34+'B16 ext'!I34+'B17'!I34 -> 0 | F32: =('B16'!J34+'B16 ext'!J34+'B17'!J34)/TOTAL!E32 -> #DIV/0! | H32: =#REF!/#REF! -> #REF! | I32: ='Water Reading'!H34 -> 0 | J32: ='Water Reading'!I34/'Water Reading'!H34 -> #DIV/0!

Sheet B16
A1: Daily Electricity Consumption
B2: Meter Reading (kWh) | C2: Consumption (kWh) | D2: Meter Reading (kWh) | E2: Consumption (kWh) | F2: MD (kW) | G2: Occupancy | H2: Weather | I2: Total Consumption | J2: Cost
B3: (Peak) | C3: (Peak) | D3: (Off Peak) | E3: (Off Peak) | F3: (Peak) | G3: % | I3: Daily (KWh) | J3: Daily (RM)
A4: 44593 | B4: 6794 | C4: =IF(B5-B4 < 0,0,B5-B4) -> 7094 | D4: 6222 | E4: =IF(D5-D4 < 0,0,D5-D4) -> 3792 | F4: 571 | G4: 0.84 | H4: clear | I4: =+E4+C4 -> 10886 | J4: =(C4*0.288)+(E4*0.177) -> 2714.256
A5: 44594 | B5: 13888 | C5: =IF(B6-B5 < 0,0,B6-B5) -> 7121 | D5: 10014 | E5: =IF(D6-D5 < 0,0,D6-D5) -> 4074 | F5: 603 | G5: 0.77 | H5: clear | I5: =+E5+C5 -> 11195 | J5: =(C5*0.288)+(E5*0.177) -> 2771.946
A6: 44595 | B6: 21009 | C6: =IF(B7-B6 < 0,0,B7-B6) -> 6562 | D6: 14088 | E6: =IF(D7-D6 < 0,0,D7-D6) -> 3528 | F6: 631 | G6: 0.75 | H6: clear | I6: =+E6+C6 -> 10090 | J6: =(C6*0.288)+(E6*0.177) -> 2514.312
A7: 44596 | B7: 27571 | C7: =IF(B8-B7 < 0,0,B8-B7) -> 6221 | D7: 17616 | E7: =IF(D8-D7 < 0,0,D8-D7) -> 3539 | F7: 631 | G7: 0.49 | H7: clear | I7: =+E7+C7 -> 9760 | J7: =(C7*0.288)+(E7*0.177) -> 2418.051
A8: 44597 | B8: 33792 | C8: =IF(B9-B8 < 0,0,B9-B8) -> 5711 | D8: 21155 | E8: =IF(D9-D8 < 0,0,D9-D8) -> 3016 | F8: 631 | G8: 0.27 | H8: clear | I8: =+E8+C8 -> 8727 | J8: =(C8*0.288)+(E8*0.177) -> 2178.6
A9: 44598 | B9: 39503 | C9: =IF(B10-B9 < 0,0,B10-B9) -> 5798 | D9: 24171 | E9: =IF(D10-D9 < 0,0,D10-D9) -> 3921 | F9: 631 | G9: 0.2 | H9: clear | I9: =+E9+C9 -> 9719 | J9: =(C9*0.288)+(E9*0.177) -> 2363.841
A10: 44599 | B10: 45301 | C10: =IF(B11-B10 < 0,0,B11-B10) -> 5625 | D10: 28092 | E10: =IF(D11-D10 < 0,0,D11-D10) -> 3347 | F10: 631 | G10: 0.26 | H10: clear | I10: =+E10+C10 -> 8972 | J10: =(C10*0.288)+(E10*0.177) -> 2212.419
A11: 44600 | B11: 50926 | C11: =IF(B12-B11 < 0,0,B12-B11) -> 3212 | D11: 31439 | E11: =IF(D12-D11 < 0,0,D12-D11) -> 3903 | F11: 631 | G11: 0.24 | H11: clear | I11: =+E11+C11 -> 7115 | J11: =(C11*0.288)+(E11*0.177) -> 1615.887
A12: 44601 | B12: 54138 | C12: =IF(B13-B12 < 0,0,B13-B12) -> 8374 | D12: 35342 | E12: =IF(D13-D12 < 0,0,D13-D12) -> 2631 | F12: 631 | G12: 0.24 | H12: clear | I12: =+E12+C12 -> 11005 | J12: =(C12*0.288)+(E12*0.177) -> 2877.399
A13: 44602 | B13: 62512 | C13: =IF(B14-B13 < 0,0,B14-B13) -> 5844 | D13: 37973 | E13: =IF(D14-D13 < 0,0,D14-D13) -> 3467 | F13: 631 | G13: 0.29 | H13: clear | I13: =+E13+C13 -> 9311 | J13: =(C13*0.288)+(E13*0.177) -> 2296.731
A14: 44603 | B14: 68356 | C14: =IF(B15-B14 < 0,0,B15-B14) -> 5921 | D14: 41440 | E14: =IF(D15-D14 < 0,0,D15-D14) -> 3564 | F14: 631 | G14: 0.3 | H14: clear | I14: =+E14+C14 -> 9485 | J14: =(C14*0.288)+(E14*0.177) -> 2336.076
A15: 44604 | B15: 74277 | C15: =IF(B16-B15 < 0,0,B16-B15) -> 6035 | D15: 45004 | E15: =IF(D16-D15 < 0,0,D16-D15) -> 3332 | F15: 631 | G15: 0.43 | H15: clear | I15: =+E15+C15 -> 9367 | J15: =(C15*0.288)+(E15*0.177) -> 2327.844
... A31: 44620 | B31: 0 | C31: =IF(B32-B31 < 0,0,B32-B31) -> 0 | D31: 2389 | E31: =IF(D32-D31 < 0,0,D32-D31) -> 0 | F31: 0 | G31: 0.2 | H31: clear | I31: =+E31+C31 -> 0 | J31: =(C31*0.288)+(E31*0.177) -> 0
C32: =IF(B33-B32 < 0,0,B33-B32) -> 0 | E32: =IF(D33-D32 < 0,0,D33-D32) -> 0 | I32: =+E32+C32 -> 0 | J32: =(C32*0.288)+(E32*0.177) -> 0
C33: =IF(B34-B33 < 0,0,B34-B33) -> 0 | E33: =IF(D34-D33 < 0,0,D34-D33) -> 0 | I33: =+E33+C33 -> 0 | J33: =(C33*0.288)+(E33*0.177) -> 0
C34: 0 | E34: 0 | I34: =+E34+C34 -> 0 | J34: =(C34*0.288)+(E34*0.177) -> 0
I35: =+E35+C35 -> 0 | J35: =(C35*0.288)+(E35*0.177) -> 0
A36: Total | C36: =SUM(C4:C34) -> 153725 | E36: =SUM(E4:E34) -> 89323 | F36: =MAX(F4:F34) -> 631 | I36: =+E36+C36 -> 243048 | J36: =(C36*0.288)+(E36*0.177) -> 60082.971
A37: =COUNT(A4:A34) -> 28 | C37: =COUNTIF(C4:C34,">0") -> 26
A39: PLEASE MAKE SURE TO KEY IN THE OCCUPANCY AND WEATHER FOR THE DAY!

Sheet B16 ext
A1: Daily Electricity Consumption
B2: Meter Reading (kWh) | C2: Consumption (kWh) | D2: Meter Reading (kWh) | E2: Consumption (kWh) | F2: MD (kW) | G2: Occupancy | H2: Weather | I2: Total Consumption | J2: Cost
B3: (Peak) | C3: (Peak) | D3: (Off Peak) | E3: (Off Peak) | F3: (Peak) | G3: % | I3: Daily (KWh) | J3: Daily (RM)
A4: 44593 | B4: 2422 | C4: =IF(B5-B4 < 0,0,B5-B4) -> 2374 | D4: 1927 | E4: =IF(D5-D4 < 0,0,D5-D4) -> 754 | F4: 196 | G4: 0.84 | H4: clear | I4: =+E4+C4 -> 3128 | J4: =(C4*0.288)+(E4*0.177) -> 817.17
A5: 44594 | B5: 4796 | C5: =IF(B6-B5 < 0,0,B6-B5) -> 2316 | D5: 2681 | E5: =IF(D6-D5 < 0,0,D6-D5) -> 1096 | F5: 203 | G5: 0.77 | H5: clear | I5: =+E5+C5 -> 3412 | J5: =(C5*0.288)+(E5*0.177) -> 861
A6: 44595 | B6: 7112 | C6: =IF(B7-B6 < 0,0,B7-B6) -> 2173 | D6: 3777 | E6: =IF(D7-D6 < 0,0,D7-D6) -> 949 | F6: 207 | G6: 0.75 | H6: clear | I6: =+E6+C6 -> 3122 | J6: =(C6*0.288)+(E6*0.177) -> 793.797
A7: 44596 | B7: 9285 | C7: =IF(B8-B7 < 0,0,B8-B7) -> 2008 | D7: 4726 | E7: =IF(D8-D7 < 0,0,D8-D7) -> 824 | F7: 207 | G7: 0.49 | H7: clear | I7: =+E7+C7 -> 2832 | J7: =(C7*0.288)+(E7*0.177) -> 724.152
A8: 44597 | B8: 11293 | C8: =IF(B9-B8 < 0,0,B9-B8) -> 1669 | D8: 5550 | E8: =IF(D9-D8 < 0,0,D9-D8) -> 760 | F8: 207 | G8: 0.27 | H8: clear | I8: =+E8+C8 -> 2429 | J8: =(C8*0.288)+(E8*0.177) -> 615.192
A9: 44598 | B9: 12962 | C9: =IF(B10-B9 < 0,0,B10-B9) -> 1617 | D9: 6310 | E9: =IF(D10-D9 < 0,0,D10-D9) -> 762 | F9: 207 | G9: 0.2 | H9: clear | I9: =+E9+C9 -> 2379 | J9: =(C9*0.288)+(E9*0.177) -> 600.57
A10: 44599 | B10: 14579 | C10: =IF(B11-B10 < 0,0,B11-B10) -> 1673 | D10: 7072 | E10: =IF(D11-D10 < 0,0,D11-D10) -> 539 | F10: 207 | G10: 0.26 | H10: clear | I10: =+E10+C10 -> 2212 | J10: =(C10*0.288)+(E10*0.177) -> 577.227
A11: 44600 | B11: 16252 | C11: =IF(B12-B11 < 0,0,B12-B11) -> 1591 | D11: 7611 | E11: =IF(D12-D11 < 0,0,D12-D11) -> 728 | F11: 207 | G11: 0.24 | H11: clear | I11: =+E11+C11 -> 2319 | J11: =(C11*0.288)+(E11*0.177) -> 587.064
A12: 44601 | B12: 17843 | C12: =IF(B13-B12 < 0,0,B13-B12) -> 1621 | D12: 8339 | E12: =IF(D13-D12 < 0,0,D13-D12) -> 755 | F12: 207 | G12: 0.24 | H12: clear | I12: =+E12+C12 -> 2376 | J12: =(C12*0.288)+(E12*0.177) -> 600.483
A13: 44602 | B13: 19464 | C13: =IF(B14-B13 < 0,0,B14-B13) -> 1846 | D13: 9094 | E13: =IF(D14-D13 < 0,0,D14-D13) -> 930 | F13: 207 | G13: 0.29 | H13: clear | I13: =+E13+C13 -> 2776 | J13: =(C13*0.288)+(E13*0.177) -> 696.258
A14: 44603 | B14: 21310 | C14: =IF(B15-B14 < 0,0,B15-B14) -> 1699 | D14: 10024 | E14: =IF(D15-D14 < 0,0,D15-D14) -> 811 | F14: 207 | G14: 0.3 | H14: clear | I14: =+E14+C14 -> 2510 | J14: =(C14*0.288)+(E14*0.177) -> 632.859
A15: 44604 | B15: 23009 | C15: =IF(B16-B15 < 0,0,B16-B15) -> 1754 | D15: 10835 | E15: =IF(D16-D15 < 0,0,D16-D15) -> 923 | F15: 207 | G15: 0.43 | H15: clear | I15: =+E15+C15 -> 2677 | J15: =(C15*0.288)+(E15*0.177) -> 668.523
... A31: 44620 | B31: 0 | C31: =IF(B32-B31 < 0,0,B32-B31) -> 0 | D31: 537 | E31: =IF(D32-D31 < 0,0,D32-D31) -> 0 | F31: 0 | G31: 0.2 | H31: clear | I31: =+E31+C31 -> 0 | J31: =(C31*0.288)+(E31*0.177) -> 0
C32: =IF(B33-B32 < 0,0,B33-B32) -> 0 | E32: =IF(D33-D32 < 0,0,D33-D32) -> 0 | I32: =+E32+C32 -> 0 | J32: =(C32*0.288)+(E32*0.177) -> 0
C33: =IF(B34-B33 < 0,0,B34-B33) -> 0 | E33: =IF(D34-D33 < 0,0,D34-D33) -> 0 | I33: =+E33+C33 -> 0 | J33: =(C33*0.288)+(E33*0.177) -> 0
C34: 0 | E34: 0 | I34: =+E34+C34 -> 0 | J34: =(C34*0.288)+(E34*0.177) -> 0
I35: =+E35+C35 -> 0 | J35: =(C35*0.288)+(E35*0.177) -> 0
C36: =SUM(C4:C35) -> 46857 | E36: =SUM(E4:E35) -> 20518 | F36: =MAX(F4:F34) -> 207 | I36: =+E36+C36 -> 67375 | J36: =(C36*0.288)+(E36*0.177) -> 17126.502
A37: =COUNT(A4:A34) -> 28 | H37: f
H38: Rain
A39: PLEASE MAKE SURE TO KEY IN THE OCCUPANCY AND WEATHER FOR THE DAY! | H39: Hot
H40: Cloudy

Sheet B17
A1: Daily Electricity Consumption
B2: Meter Reading (kWh) | C2: Consumption (kWh) | D2: Meter Reading (kWh) | E2: Consumption (kWh) | F2: MD (kW) | G2: Occupancy | H2: Weather | I2: Total Consumption | J2: Cost
B3: (Peak) | C3: (Peak) | E3: (Off Peak) | F3: (Peak) | G3: % | I3: Daily (KWh) | J3: Daily (RM)
A4: 44593 | B4: 5539 | C4: =IF(B5-B4 < 0,0,B5-B4) -> 5759 | D4: 5821 | E4: =IF(D5-D4 < 0,0,D5-D4) -> 3485 | F4: 483 | G4: 0.84 | H4: clear | I4: =+E4+C4 -> 9244 | J4: =(C4*0.288)+(E4*0.177) -> 2275.437
A5: 44594 | B5: 11298 | C5: =IF(B6-B5 < 0,0,B6-B5) -> 6018 | D5: 9306 | E5: =IF(D6-D5 < 0,0,D6-D5) -> 3648 | F5: 483 | G5: 0.77 | H5: clear | I5: =+E5+C5 -> 9666 | J5: =(C5*0.288)+(E5*0.177) -> 2378.88
A6: 44595 | B6: 17316 | C6: =IF(B7-B6 < 0,0,B7-B6) -> 5460 | D6: 12954 | E6: =IF(D7-D6 < 0,0,D7-D6) -> 3243 | F6: 504 | G6: 0.75 | H6: clear | I6: =+E6+C6 -> 8703 | J6: =(C6*0.288)+(E6*0.177) -> 2146.491
A7: 44596 | B7: 22776 | C7: =IF(B8-B7 < 0,0,B8-B7) -> 5069 | D7: 16197 | E7: =IF(D8-D7 < 0,0,D8-D7) -> 3146 | F7: 504 | G7: 0.49 | H7: clear | I7: =+E7+C7 -> 8215 | J7: =(C7*0.288)+(E7*0.177) -> 2016.714
A8: 44597 | B8: 27845 | C8: =IF(B9-B8 < 0,0,B9-B8) -> 4748 | D8: 19343 | E8: =IF(D9-D8 < 0,0,D9-D8) -> 3027 | F8: 504 | G8: 0.27 | H8: clear | I8: =+E8+C8 -> 7775 | J8: =(C8*0.288)+(E8*0.177) -> 1903.203
A9: 44598 | B9: 32593 | C9: =IF(B10-B9 < 0,0,B10-B9) -> 4729 | D9: 22370 | E9: =IF(D10-D9 < 0,0,D10-D9) -> 2968 | F9: 504 | G9: 0.2 | H9: clear | I9: =+E9+C9 -> 7697 | J9: =(C9*0.288)+(E9*0.177) -> 1887.288
A10: 44599 | B10: 37322 | C10: =IF(B11-B10 < 0,0,B11-B10) -> 5228 | D10: 25338 | E10: =IF(D11-D10 < 0,0,D11-D10) -> 2923 | F10: 504 | G10: 0.26 | H10: clear | I10: =+E10+C10 -> 8151 | J10: =(C10*0.288)+(E10*0.177) -> 2023.035
A11: 44600 | B11: 42550 | C11: =IF(B12-B11 < 0,0,B12-B11) -> 5218 | D11: 28261 | E11: =IF(D12-D11 < 0,0,D12-D11) -> 3536 | F11: 504 | G11: 0.24 | H11: clear | I11: =+E11+C11 -> 8754 | J11: =(C11*0.288)+(E11*0.177) -> 2128.656
A12: 44601 | B12: 47768 | C12: =IF(B13-B12 < 0,0,B13-B12) -> 4689 | D12: 31797 | E12: =IF(D13-D12 < 0,0,D13-D12) -> 2824 | F12: 504 | G12: 0.24 | H12: clear | I12: =+E12+C12 -> 7513 | J12: =(C12*0.288)+(E12*0.177) -> 1850.28
A13: 44602 | B13: 52457 | C13: =IF(B14-B13 < 0,0,B14-B13) -> 4600 | D13: 34621 | E13: =IF(D14-D13 < 0,0,D14-D13) -> 3044 | F13: 504 | G13: 0.29 | H13: clear | I13: =+E13+C13 -> 7644 | J13: =(C13*0.288)+(E13*0.177) -> 1863.588
A14: 44603 | B14: 57057 | C14: =IF(B15-B14 < 0,0,B15-B14) -> 5078 | D14: 37665 | E14: =IF(D15-D14 < 0,0,D15-D14) -> 3236 | F14: 504 | G14: 0.3 | H14: clear | I14: =+E14+C14 -> 8314 | J14: =(C14*0.288)+(E14*0.177) -> 2035.236
A15: 44604 | B15: 62135 | C15: =IF(B16-B15 < 0,0,B16-B15) -> 5309 | D15: 40901 | E15: =IF(D16-D15 < 0,0,D16-D15) -> 3265 | F15: 504 | G15: 0.43 | H15: clear | I15: =+E15+C15 -> 8574 | J15: =(C15*0.288)+(E15*0.177) -> 2106.897
... A30: 44619 | B30: 136561 | C30: =IF(B31-B30 < 0,0,B31-B30) -> 0 | D30: 86492 | E30: =IF(D31-D30 < 0,0,D31-D30) -> 0 | F30: 504 | G30: 0.2 | H30: clowdy | I30: =+E30+C30 -> 0 | J30: =(C30*0.288)+(E30*0.177) -> 0
A31: 44620 | B31: 0 | C31: =IF(B32-B31 < 0,0,B32-B31) -> 0 | D31: 2236 | E31: 0 | F31: 0 | G31: 0.2 | H31: clear | I31: =+E31+C31 -> 0 | J31: =(C31*0.288)+(E31*0.177) -> 0
C32: =IF(B33-B32 < 0,0,B33-B32) -> 0 | E32: =IF(D33-D32 < 0,0,D33-D32) -> 0 | I32: =+E32+C32 -> 0 | J32: =(C32*0.288)+(E32*0.177) -> 0
C33: =IF(B34-B33 < 0,0,B34-B33) -> 0 | E33: =IF(D34-D33 < 0,0,D34-D33) -> 0 | I33: =+E33+C33 -> 0 | J33: =(C33*0.288)+(E33*0.177) -> 0
C34: =IF(B35-B34 < 0,0,B35-B34) -> 0 | I34: =+E34+C34 -> 0 | J34: =(C34*0.288)+(E34*0.177) -> 0
I35: =+E35+C35 -> 0 | J35: =(C35*0.288)+(E35*0.177) -> 0
C36: =SUM(C4:C35) -> 131022 | E36: =SUM(E4:E35) -> 80671 | F36: =MAX(F4:F34) -> 504 | I36: =+E36+C36 -> 211693 | J36: =(C36*0.288)+(E36*0.177) -> 52013.103
A37: =COUNT(A4:A34) -> 28
H38: Rain
A39: PLEASE MAKE SURE TO KEY IN THE OCCUPANCY AND WEATHER FOR THE DAY! | H39: Hot
H40: Cloudy

Sheet Water Reading
A1: Daily Water Consumption
B2: Meter Reading (Main) | C2: Consumption | D2: Meter Reading Landscape | E2: Consumption | F2: Occupancy | G2: Weather | H2: Total Consumption | I2: Cost
B3: (m3) | C3: (m3) | D3: (m3) | E3: (m3) | F3: % | H3: (m3) | I3: Daily (RM)
A4: 44593 | B4: 211881 | C4: =IF(B5-B4<0,0,B5-B4) -> 1280 | D4: 2523 | E4: =IF(D5-D4<0,0,D5-D4) -> 31 | F4: 0.84 | G4: clear | H4: =+E4+C4 -> 1311 | I4: =(C4*1.35)+(E4*1.35) -> 1769.85
A5: 44594 | B5: 213161 | C5: =IF(B6-B5<0,0,B6-B5) -> 1258 | D5: 2554 | E5: =IF(D6-D5<0,0,D6-D5) -> 27 | F5: 0.77 | G5: clear | H5: =+E5+C5 -> 1285 | I5: =(C5*1.35)+(E5*1.35) -> 1734.75
A6: 44595 | B6: 214419 | C6: =IF(B7-B6<0,0,B7-B6) -> 1070 | D6: 2581 | E6: =IF(D7-D6<0,0,D7-D6) -> 8 | F6: 0.75 | G6: clear | H6: =+E6+C6 -> 1078 | I6: =(C6*1.35)+(E6*1.35) -> 1455.3
A7: 44596 | B7: 215489 | C7: =IF(B8-B7<0,0,B8-B7) -> 1079 | D7: 2589 | E7: =IF(D8-D7<0,0,D8-D7) -> 9 | F7: 0.49 | G7: clear | H7: =+E7+C7 -> 1088 | I7: =(C7*1.35)+(E7*1.35) -> 1468.8
A8: 44597 | B8: 216568 | C8: =IF(B9-B8<0,0,B9-B8) -> 1132 | D8: 2598 | E8: =IF(D9-D8<0,0,D9-D8) -> 1 | F8: 0.27 | G8: clear | H8: =+E8+C8 -> 1133 | I8: =(C8*1.35)+(E8*1.35) -> 1529.55
A9: 44598 | B9: 217700 | C9: =IF(B10-B9<0,0,B10-B9) -> 1225 | D9: 2599 | E9: =IF(D10-D9<0,0,D10-D9) -> 1 | F9: 0.2 | G9: clear | H9: =+E9+C9 -> 1226 | I9: =(C9*1.35)+(E9*1.35) -> 1655.1
A10: 44599 | B10: 218925 | C10: =IF(B11-B10<0,0,B11-B10) -> 1158 | D10: 2600 | E10: =IF(D11-D10<0,0,D11-D10) -> 3 | F10: 0.26 | G10: clear | H10: =+E10+C10 -> 1161 | I10: =(C10*1.35)+(E10*1.35) -> 1567.35
A11: 44600 | B11: 220083 | C11: =IF(B12-B11<0,0,B12-B11) -> 1200 | D11: 2603 | E11: =IF(D12-D11<0,0,D12-D11) -> 0 | F11: 0.24 | G11: clear | H11: =+E11+C11 -> 1200 | I11: =(C11*1.35)+(E11*1.35) -> 1620
A12: 44601 | B12: 221283 | C12: =IF(B13-B12<0,0,B13-B12) -> 924 | D12: 2603 | E12: =IF(D13-D12<0,0,D13-D12) -> 2 | F12: 0.24 | G12: clear | H12: =+E12+C12 -> 926 | I12: =(C12*1.35)+(E12*1.35) -> 1250.1
A13: 44602 | B13: 222207 | C13: =IF(B14-B13<0,0,B14-B13) -> 928 | D13: 2605 | E13: =IF(D14-D13<0,0,D14-D13) -> 16 | F13: 0.29 | G13: clear | H13: =+E13+C13 -> 944 | I13: =(C13*1.35)+(E13*1.35) -> 1274.4
A14: 44603 | B14: 223135 | C14: =IF(B15-B14<0,0,B15-B14) -> 961 | D14: 2621 | E14: =IF(D15-D14<0,0,D15-D14) -> 6 | F14: 0.3 | G14: clear | H14: =+E14+C14 -> 967 | I14: =(C14*1.35)+(E14*1.35) -> 1305.45
A15: 44604 | B15: 224096 | C15: =IF(B16-B15<0,0,B16-B15) -> 950 | D15: 2627 | E15: =IF(D16-D15<0,0,D16-D15) -> 16 | F15: 0.43 | G15: clear | H15: =+E15+C15 -> 966 | I15: =(C15*1.35)+(E15*1.35) -> 1304.1
... A31: 44620 | B31: 240418 | C31: =IF(B32-B31<0,0,B32-B31) -> 0 | D31: 2737 | E31: =IF(D32-D31<0,0,D32-D31) -> 0 | F31: 0.2 | G31: clear | H31: =+E31+C31 -> 0 | I31: =(C31*1.35)+(E31*1.35) -> 0
C32: =IF(B33-B32<0,0,B33-B32) -> 0 | E32: =IF(D33-D32<0,0,D33-D32) -> 0 | H32: =+E32+C32 -> 0 | I32: =(C32*1.35)+(E32*1.35) -> 0
C33: =IF(B34-B33<0,0,B34-B33) -> 0 | E33: =IF(D34-D33<0,0,D34-D33) -> 0 | H33: =+E33+C33 -> 0 | I33: =(C33*1.35)+(E33*1.35) -> 0
C34: =IF(B35-B34<0,0,B35-B34) -> 0 | E34: =IF(D35-D34<0,0,D35-D34) -> 0 | H34: =+E34+C34 -> 0 | I34: =(C34*1.35)+(E34*1.35) -> 0
C35: =SUM(C4:C34) -> 28537 | E35: =SUM(E4:E34) -> 214 | H35: =SUM(H4:H34) -> 28751 | I35: =SUM(I4:I34) -> 38813.85
A38: PLEASE MAKE SURE TO KEY IN THE OCCUPANCY AND WEATHER FOR THE DAY!

Sheet Diesel Reading
A1: Daily Diesel Consumption
B2: BOILER | C2: TIME | E2: TOTAL | F2: Meter Reading | H2: Consumption | I2: Cost | J2: Diesel in/Litre
B3: NO | C3: START | D3: STOP | E3: HRS | F3: START | G3: STOP | H3: (L) | I3: Daily (RM)
A4: 44593 | B4: 2 | C4: 8.3 | D4: 21 | E4: =D4-C4 -> 12.7 | F4: 1612089 | G4: 1612317.1 | H4: =G4-F4 -> 228.1 | I4: =H4*3.3 -> 752.73
A5: 44594 | B5: 2 | C5: 8.3 | D5: 21 | E5: =D5-C5 -> 12.7 | F5: 1612317.1 | G5: 1612615.8 | H5: =G5-F5 -> 298.7 | I5: =H5*3.3 -> 985.71
A6: 44595 | B6: 2 | C6: 8.3 | D6: 21 | E6: =D6-C6 -> 12.7 | F6: 1612615.8 | G6: 1612881.4 | H6: =G6-F6 -> 265.6 | I6: =H6*3.3 -> 876.48
A7: 44596 | B7: 2 | C7: 8.3 | D7: 18 | E7: =D7-C7 -> 9.7 | F7: 1612881.4 | G7: 1613040.3 | H7: =G7-F7 -> 158.9 | I7: =H7*3.3 -> 524.37
A8: 44597 | B8: 2 | C8: 8.3 | D8: 18 | E8: =D8-C8 -> 9.7 | F8: 1613040.3 | G8: 1613133.1 | H8: =G8-F8 -> 92.8 | I8: =H8*3.3 -> 306.24
A9: 44598 | B9: 2 | C9: 8.3 | D9: 18 | E9: =D9-C9 -> 9.7 | F9: 1613133.1 | G9: 1613343 | H9: =G9-F9 -> 209.9 | I9: =H9*3.3 -> 692.67
A10: 44599 | B10: 2 | C10: 8.3 | D10: 18 | E10: =D10-C10 -> 9.7 | F10: 1613343 | G10: 1613538.8 | H10: =G10-F10 -> 195.8 | I10: =H10*3.3 -> 646.14
A11: 44600 | B11: OFF | E11: =D11-C11 -> 0 | H11: =G11-F11 -> 0 | I11: =H11*3.3 -> 0
A12: 44601 | B12: 2 | C12: 8.3 | D12: 18 | E12: =D12-C12 -> 9.7 | F12: 1613538.8 | G12: 1613727.1 | H12: =G12-F12 -> 188.3 | I12: =H12*3.3 -> 621.39
A13: 44602 | B13: OFF | E13: =D13-C13 -> 0 | H13: =G13-F13 -> 0 | I13: =H13*3.3 -> 0
A14: 44603 | B14: 2 | C14: 8.3 | D14: 18 | E14: =D14-C14 -> 9.7 | F14: 1613727.1 | G14: 1613984.3 | H14: =G14-F14 -> 257.2 | I14: =H14*3.3 -> 848.76
A15: 44604 | B15: 2 | C15: 8.3 | D15: 18 | E15: =D15-C15 -> 9.7 | F15: 1613984.3 | G15: 1614274.3 | H15: =G15-F15 -> 290 | I15: =H15*3.3 -> 957
A16: 44605 | B16: 2 | C16: 8.3 | D16: 18 | E16: =D16-C16 -> 9.7 | F16: 1614274.3 | G16: 1614520.1 | H16: =G16-F16 -> 245.8 | I16: =H16*3.3 -> 811.14
A17: 44606 | B17: OFF | E17: =D17-C17 -> 0 | H17: =G17-F17 -> 0 | I17: =H17*3.3 -> 0
A18: 44607 | C18: 8.3 | D18: 18 | E18: =D18-C18 -> 9.7 | F18: 1614520.1 | G18: 1614777.7 | H18: =G18-F18 -> 257.6 | I18: =H18*3.3 -> 850.08
A19: 44608 | B19: OFF | E19: =D19-C19 -> 0 | H19: =G19-F19 -> 0 | I19: =H19*3.3 -> 0
A20: 44609 | B20: 2 | C20: 8.3 | D20: 18 | E20: =D20-C20 -> 9.7 | F20: 1614777.7 | G20: 1615086.5 | H20: =G20-F20 -> 308.8 | I20: =H20*3.3 -> 1019.04 | J20: 3308
A21: 44610 | B21: 2 | C21: 8.3 | D21: 18 | E21: =D21-C21 -> 9.7 | F21: 1615086.5 | G21: 1615302.6 | H21: =G21-F21 -> 216.1 | I21: =H21*3.3 -> 713.13
A22: 44611 | B22: 2 | C22: 8.3 | D22: 18 | E22: =D22-C22 -> 9.7 | F22: 1615302.6 | G22: 1615506.3 | H22: =G22-F22 -> 203.7 | I22: =H22*3.3 -> 672.21
A23: 44612 | B23: 2 | C23: 8.3 | D23: 18 | E23: =D23-C23 -> 9.7 | F23: 1615506.3 | G23: 1615806.7 | H23: =G23-F23 -> 300.4 | I23: =H23*3.3 -> 991.32
A24: 44613 | B24: OFF | E24: =D24-C24 -> 0 | H24: =G24-F24 -> 0 | I24: =H24*3.3 -> 0
A25: 44614 | B25: 2 | C25: 8.3 | D25: 18 | E25: =D25-C25 -> 9.7 | F25: 1615806.7 | G25: 1616047.1 | H25: =G25-F25 -> 240.4 | I25: =H25*3.3 -> 793.32
A26: 44615 | B26: OFF | E26: =D26-C26 -> 0 | H26: =G26-F26 -> 0 | I26: =H26*3.3 -> 0
A27: 44616 | B27: 2 | C27: 8.3 | D27: 18 | E27: =D27-C27 -> 9.7 | F27: 1616047.1 | G27: 1616366.7 | H27: =G27-F27 -> 319.6 | I27: =H27*3.3 -> 1054.68
A28: 44617 | B28: 2 | C28: 8.3 | D28: 18 | E28: =D28-C28 -> 9.7 | F28: 1616366.7 | G28: 1616579.7 | H28: =G28-F28 -> 213 | I28: =H28*3.3 -> 702.9
A29: 44618 | B29: 2 | C29: 8.3 | D29: 18 | E29: =D29-C29 -> 9.7 | F29: 1616579.7 | G29: 1616776.9 | H29: =G29-F29 -> 197.2 | I29: =H29*3.3 -> 650.76
A30: 44619 | B30: OFF | E30: =D30-C30 -> 0 | H30: =G30-F30 -> 0 | I30: =H30*3.3 -> 0
A31: 44620 | B31: 2 | C31: 8.3 | D31: 18 | E31: =D31-C31 -> 9.7 | F31: 1616776.9 | G31: 1616986.1 | H31: =G31-F31 -> 209.2 | I31: =H31*3.3 -> 690.36
E32: =D32-C32 -> 0 | H32: =G32-F32 -> 0 | I32: =H32*3.3 -> 0
E33: =D33-C33 -> 0 | H33: =G33-F33 -> 0 | I33: =H33*3.3 -> 0
E34: =D34-C34 -> 0 | H34: =G34-F34 -> 0 | I34: =H34*3.3 -> 0
E35: =D35-C35 -> 0 | H35: =G35-F35 -> 0 | I35: =H35*3.3 -> 0
A36: Total | H36: =SUM(H4:H35) -> 4897.1 | I36: =SUM(I4:I35) -> 16160.43 | J36: =SUM(J4:J35)-H38 -> 1099.6 | K36: Balance (Litre)
H38: =SUM(H20:H35) -> 2208.4
