Workbook

Sheet Total Daily 
A1: Site Name | B1: Day | C1: Month | D1: Year | E1: Total Electricity Kwh | F1: Electricity Tariff ($/Kwh) | G1: LPG (Kg) | H1: LPG $/Kg | I1: District Energy Cooling Kwh | J1: District Energy Cooling $/Kwh | K1: Water Utility Supply (m3) m3 | L1: Water Utility Supply (m3) m3 | M1: Water Utility Supply (m3) $/m3 | N1: Room Nights
A2: Dubai DIFC | B2: 1 | C2: 3 | D2: 2022 | E2: ='03 - 2022'!B8-'03 - 2022'!B7+'03 - 2022'!C8-'03 - 2022'!C7 -> 9696 | F2: 0.118 | G2: ='03 - 2022'!D8-'03 - 2022'!D7+'03 - 2022'!E8-'03 - 2022'!E7 -> 18.74 | H2: 0.99 | I2: ='03 - 2022'!J8-'03 - 2022'!J7 -> 14806 | J2: 0.081 | K2: ='03 - 2022'!H8-'03 - 2022'!H7 -> 0 | L2: ='03 - 2022'!I8-'03 - 2022'!I7 -> 111 | M2: 4.3936294 | N2: 93
A3: Dubai DIFC | B3: =B2+1 -> 2 | C3: 3 | D3: 2022 | E3: ='03 - 2022'!B9-'03 - 2022'!B8+'03 - 2022'!C9-'03 - 2022'!C8 -> 9407 | F3: 0.118 | G3: ='03 - 2022'!D9-'03 - 2022'!D8+'03 - 2022'!E9-'03 - 2022'!E8 -> 16.94 | H3: 0.99 | I3: ='03 - 2022'!J9-'03 - 2022'!J8 -> 14012 | J3: 0.081 | K3: ='03 - 2022'!H9-'03 - 2022'!H8 -> 0 | L3: ='03 - 2022'!I9-'03 - 2022'!I8 -> 103 | M3: 4.3936294 | N3: 97
A4: Dubai DIFC | B4: =B3+1 -> 3 | C4: 3 | D4: 2022 | E4: ='03 - 2022'!B10-'03 - 2022'!B9+'03 - 2022'!C10-'03 - 2022'!C9 -> 9491 | F4: 0.118 | G4: ='03 - 2022'!D10-'03 - 2022'!D9+'03 - 2022'!E10-'03 - 2022'!E9 -> 21.61 | H4: 0.99 | I4: ='03 - 2022'!J10-'03 - 2022'!J9 -> 12986 | J4: 0.081 | K4: ='03 - 2022'!H10-'03 - 2022'!H9 -> 0 | L4: ='03 - 2022'!I10-'03 - 2022'!I9 -> 112 | M4: 4.3936294 | N4: 99
A5: Dubai DIFC | B5: =B4+1 -> 4 | C5: 3 | D5: 2022 | E5: ='03 - 2022'!B11-'03 - 2022'!B10+'03 - 2022'!C11-'03 - 2022'!C10 -> 9607 | F5: 0.118 | G5: ='03 - 2022'!D11-'03 - 2022'!D10+'03 - 2022'!E11-'03 - 2022'!E10 -> 19.83 | H5: 0.99 | I5: ='03 - 2022'!J11-'03 - 2022'!J10 -> 13996 | J5: 0.081 | K5: ='03 - 2022'!H11-'03 - 2022'!H10 -> 0 | L5: ='03 - 2022'!I11-'03 - 2022'!I10 -> 109 | M5: 4.3936294 | N5: 100
A6: Dubai DIFC | B6: =B5+1 -> 5 | C6: 3 | D6: 2022 | E6: ='03 - 2022'!B12-'03 - 2022'!B11+'03 - 2022'!C12-'03 - 2022'!C11 -> 9818 | F6: 0.118 | G6: ='03 - 2022'!D12-'03 - 2022'!D11+'03 - 2022'!E12-'03 - 2022'!E11 -> 21.22 | H6: 0.99 | I6: ='03 - 2022'!J12-'03 - 2022'!J11 -> 15942 | J6: 0.081 | K6: ='03 - 2022'!H12-'03 - 2022'!H11 -> 0 | L6: ='03 - 2022'!I12-'03 - 2022'!I11 -> 116 | M6: 4.3936294 | N6: 101
A7: Dubai DIFC | B7: =B6+1 -> 6 | C7: 3 | D7: 2022 | E7: ='03 - 2022'!B13-'03 - 2022'!B12+'03 - 2022'!C13-'03 - 2022'!C12 -> 9939 | F7: 0.118 | G7: ='03 - 2022'!D13-'03 - 2022'!D12+'03 - 2022'!E13-'03 - 2022'!E12 -> 16.66 | H7: 0.99 | I7: ='03 - 2022'!J13-'03 - 2022'!J12 -> 15907 | J7: 0.081 | K7: ='03 - 2022'!H13-'03 - 2022'!H12 -> 0 | L7: ='03 - 2022'!I13-'03 - 2022'!I12 -> 106 | M7: 4.3936294 | N7: 98
A8: Dubai DIFC | B8: =B7+1 -> 7 | C8: 3 | D8: 2022 | E8: ='03 - 2022'!B14-'03 - 2022'!B13+'03 - 2022'!C14-'03 - 2022'!C13 -> 9194 | F8: 0.118 | G8: ='03 - 2022'!D14-'03 - 2022'!D13+'03 - 2022'!E14-'03 - 2022'!E13 -> 18.09 | H8: 0.99 | I8: ='03 - 2022'!J14-'03 - 2022'!J13 -> 16171 | J8: 0.081 | K8: ='03 - 2022'!H14-'03 - 2022'!H13 -> 0 | L8: ='03 - 2022'!I14-'03 - 2022'!I13 -> 112 | M8: 4.3936294 | N8: 76
A9: Dubai DIFC | B9: =B8+1 -> 8 | C9: 3 | D9: 2022 | E9: ='03 - 2022'!B15-'03 - 2022'!B14+'03 - 2022'!C15-'03 - 2022'!C14 -> 10066 | F9: 0.118 | G9: ='03 - 2022'!D15-'03 - 2022'!D14+'03 - 2022'!E15-'03 - 2022'!E14 -> 16.01 | H9: 0.99 | I9: ='03 - 2022'!J15-'03 - 2022'!J14 -> 16158 | J9: 0.081 | K9: ='03 - 2022'!H15-'03 - 2022'!H14 -> 0 | L9: ='03 - 2022'!I15-'03 - 2022'!I14 -> 111 | M9: 4.3936294 | N9: 98
A10: Dubai DIFC | B10: =B9+1 -> 9 | C10: 3 | D10: 2022 | E10: ='03 - 2022'!B16-'03 - 2022'!B15+'03 - 2022'!C16-'03 - 2022'!C15 -> 9045 | F10: 0.118 | G10: ='03 - 2022'!D16-'03 - 2022'!D15+'03 - 2022'!E16-'03 - 2022'!E15 -> 17.38 | H10: 0.99 | I10: ='03 - 2022'!J16-'03 - 2022'!J15 -> 16872 | J10: 0.081 | K10: ='03 - 2022'!H16-'03 - 2022'!H15 -> 0 | L10: ='03 - 2022'!I16-'03 - 2022'!I15 -> 108 | M10: 4.3936294 | N10: 100
A11: Dubai DIFC | B11: =B10+1 -> 10 | C11: 3 | D11: 2022 | E11: ='03 - 2022'!B17-'03 - 2022'!B16+'03 - 2022'!C17-'03 - 2022'!C16 -> 9387 | F11: 0.118 | G11: ='03 - 2022'!D17-'03 - 2022'!D16+'03 - 2022'!E17-'03 - 2022'!E16 -> 20.86 | H11: 0.99 | I11: ='03 - 2022'!J17-'03 - 2022'!J16 -> 18197 | J11: 0.081 | K11: ='03 - 2022'!H17-'03 - 2022'!H16 -> 0 | L11: ='03 - 2022'!I17-'03 - 2022'!I16 -> 106 | M11: 4.3936294 | N11: 99
A12: Dubai DIFC | B12: =B11+1 -> 11 | C12: 3 | D12: 2022 | E12: ='03 - 2022'!B18-'03 - 2022'!B17+'03 - 2022'!C18-'03 - 2022'!C17 -> 9673 | F12: 0.118 | G12: ='03 - 2022'!D18-'03 - 2022'!D17+'03 - 2022'!E18-'03 - 2022'!E17 -> 20.98 | H12: 0.99 | I12: ='03 - 2022'!J18-'03 - 2022'!J17 -> 19527 | J12: 0.081 | K12: ='03 - 2022'!H18-'03 - 2022'!H17 -> 0 | L12: ='03 - 2022'!I18-'03 - 2022'!I17 -> 121 | M12: 4.3936294 | N12: 103
A13: Dubai DIFC | B13: =B12+1 -> 12 | C13: 3 | D13: 2022 | E13: ='03 - 2022'!B19-'03 - 2022'!B18+'03 - 2022'!C19-'03 - 2022'!C18 -> 9781 | F13: 0.118 | G13: ='03 - 2022'!D19-'03 - 2022'!D18+'03 - 2022'!E19-'03 - 2022'!E18 -> 19.98 | H13: 0.99 | I13: ='03 - 2022'!J19-'03 - 2022'!J18 -> 20112 | J13: 0.081 | K13: ='03 - 2022'!H19-'03 - 2022'!H18 -> 0 | L13: ='03 - 2022'!I19-'03 - 2022'!I18 -> 115 | M13: 4.3936294 | N13: 92
A14: Dubai DIFC | B14: =B13+1 -> 13 | C14: 3 | D14: 2022 | E14: ='03 - 2022'!B20-'03 - 2022'!B19+'03 - 2022'!C20-'03 - 2022'!C19 -> 9719 | F14: 0.118 | G14: ='03 - 2022'!D20-'03 - 2022'!D19+'03 - 2022'!E20-'03 - 2022'!E19 -> 20.1 | H14: 0.99 | I14: ='03 - 2022'!J20-'03 - 2022'!J19 -> 19448 | J14: 0.081 | K14: ='03 - 2022'!H20-'03 - 2022'!H19 -> 0 | L14: ='03 - 2022'!I20-'03 - 2022'!I19 -> 110 | M14: 4.3936294 | N14: 81
... A26: Dubai DIFC | B26: =B25+1 -> 25 | C26: 3 | D26: 2022 | E26: ='03 - 2022'!B32-'03 - 2022'!B31+'03 - 2022'!C32-'03 - 2022'!C31 -> 9470 | F26: 0.118 | G26: ='03 - 2022'!D32-'03 - 2022'!D31+'03 - 2022'!E32-'03 - 2022'!E31 -> 26.5 | H26: 0.99 | I26: ='03 - 2022'!J32-'03 - 2022'!J31 -> 18192 | J26: 0.081 | K26: ='03 - 2022'!H32-'03 - 2022'!H31 -> 0 | L26: ='03 - 2022'!I32-'03 - 2022'!I31 -> 120 | M26: 4.3936294 | N26: 103
A27: Dubai DIFC | B27: =B26+1 -> 26 | C27: 3 | D27: 2022 | E27: 0 | F27: 0.118 | G27: 0 | H27: 0.99 | I27: 0 | J27: 0.081 | K27: 0 | L27: 0 | M27: 4.3936294
A28: Dubai DIFC | B28: =B27+1 -> 27 | C28: 3 | D28: 2022 | E28: ='03 - 2022'!B34-'03 - 2022'!B33+'03 - 2022'!C34-'03 - 2022'!C33 -> 0 | F28: 0.118 | G28: ='03 - 2022'!D34-'03 - 2022'!D33+'03 - 2022'!E34-'03 - 2022'!E33 -> 0 | H28: 0.99 | I28: ='03 - 2022'!J34-'03 - 2022'!J33 -> 0 | J28: 0.081 | K28: ='03 - 2022'!H34-'03 - 2022'!H33 -> 0 | L28: ='03 - 2022'!I34-'03 - 2022'!I33 -> 0 | M28: 4.3936294
A29: Dubai DIFC | B29: =B28+1 -> 28 | C29: 3 | D29: 2022 | E29: ='03 - 2022'!B35-'03 - 2022'!B34+'03 - 2022'!C35-'03 - 2022'!C34 -> 0 | F29: 0.118 | G29: ='03 - 2022'!D35-'03 - 2022'!D34+'03 - 2022'!E35-'03 - 2022'!E34 -> 0 | H29: 0.99 | I29: ='03 - 2022'!J35-'03 - 2022'!J34 -> 0 | J29: 0.081 | K29: ='03 - 2022'!H35-'03 - 2022'!H34 -> 0 | L29: ='03 - 2022'!I35-'03 - 2022'!I34 -> 0 | M29: 4.3936294
A30: Dubai DIFC | B30: =B29+1 -> 29 | C30: 3 | D30: 2022 | E30: ='03 - 2022'!B36-'03 - 2022'!B35+'03 - 2022'!C36-'03 - 2022'!C35 -> 0 | F30: 0.118 | G30: ='03 - 2022'!D36-'03 - 2022'!D35+'03 - 2022'!E36-'03 - 2022'!E35 -> 0 | H30: 0.99 | I30: ='03 - 2022'!J36-'03 - 2022'!J35 -> 0 | J30: 0.081 | K30: ='03 - 2022'!H36-'03 - 2022'!H35 -> 0 | L30: ='03 - 2022'!I36-'03 - 2022'!I35 -> 0 | M30: 4.3936294
A31: Dubai DIFC | B31: =B30+1 -> 30 | C31: 3 | D31: 2022 | E31: ='03 - 2022'!B37-'03 - 2022'!B36+'03 - 2022'!C37-'03 - 2022'!C36 -> 0 | F31: 0.118 | G31: ='03 - 2022'!D37-'03 - 2022'!D36+'03 - 2022'!E37-'03 - 2022'!E36 -> 0 | H31: 0.99 | I31: ='03 - 2022'!J37-'03 - 2022'!J36 -> 0 | J31: 0.081 | K31: ='03 - 2022'!H37-'03 - 2022'!H36 -> 0 | L31: ='03 - 2022'!I37-'03 - 2022'!I36 -> 0 | M31: 4.3936294
A32: Dubai DIFC | B32: =B31+1 -> 31 | C32: 3 | D32: 2022 | E32: ='03 - 2022'!B38-'03 - 2022'!B37+'03 - 2022'!C38-'03 - 2022'!C37 -> 0 | F32: 0.118 | G32: ='03 - 2022'!D38-'03 - 2022'!D37+'03 - 2022'!E38-'03 - 2022'!E37 -> 0 | H32: 0.99 | I32: ='03 - 2022'!J38-'03 - 2022'!J37 -> 0 | J32: 0.081 | K32: ='03 - 2022'!H38-'03 - 2022'!H37 -> 0 | L32: ='03 - 2022'!I38-'03 - 2022'!I37 -> 0 | M32: 4.3936294

Sheet Submetering Daily 
A1: Site Name | B1: Day | C1: Month | D1: Year | E1: Panel LV1 Kwh | F1: Panel LV2 Kwh | G1: Electricity Tariff ($/Kwh) | H1: Main Kitchen LPG (Kg) | I1: Podium Kitchen LPG (Kg) | J1: Boiler LPG (Kg) | K1: LPG $/Kg | L1: Room Nights
A2: Dubai DIFC | B2: 1 | C2: 3 | D2: 2022 | E2: ='03 - 2022'!B8-'03 - 2022'!B7 -> 4020 | F2: ='03 - 2022'!C8-'03 - 2022'!C7 -> 5676 | G2: 0.118 | H2: ='03 - 2022'!E8-'03 - 2022'!E7 -> 18.81 | I2: ='03 - 2022'!F8-'03 - 2022'!F7 -> 8.05 | J2: ='03 - 2022'!G8-'03 - 2022'!G7 -> 36.86 | K2: 0.74 | L2: 93
A3: Dubai DIFC | B3: =B2+1 -> 2 | C3: 3 | D3: 2022 | E3: ='03 - 2022'!B9-'03 - 2022'!B8 -> 3888 | F3: ='03 - 2022'!C9-'03 - 2022'!C8 -> 5519 | G3: 0.118 | H3: ='03 - 2022'!E9-'03 - 2022'!E8 -> 17.01 | I3: ='03 - 2022'!F9-'03 - 2022'!F8 -> 8.3 | J3: ='03 - 2022'!G9-'03 - 2022'!G8 -> 37.27 | K3: 0.74 | L3: 97
A4: Dubai DIFC | B4: =B3+1 -> 3 | C4: 3 | D4: 2022 | E4: ='03 - 2022'!B10-'03 - 2022'!B9 -> 3933 | F4: ='03 - 2022'!C10-'03 - 2022'!C9 -> 5558 | G4: 0.118 | H4: ='03 - 2022'!E10-'03 - 2022'!E9 -> 21.14 | I4: ='03 - 2022'!F10-'03 - 2022'!F9 -> 8.38 | J4: ='03 - 2022'!G10-'03 - 2022'!G9 -> 38.31 | K4: 0.74 | L4: 99
A5: Dubai DIFC | B5: =B4+1 -> 4 | C5: 3 | D5: 2022 | E5: ='03 - 2022'!B11-'03 - 2022'!B10 -> 3902 | F5: ='03 - 2022'!C11-'03 - 2022'!C10 -> 5705 | G5: 0.118 | H5: ='03 - 2022'!E11-'03 - 2022'!E10 -> 19.91 | I5: ='03 - 2022'!F11-'03 - 2022'!F10 -> 8.94 | J5: ='03 - 2022'!G11-'03 - 2022'!G10 -> 42.5 | K5: 0.74 | L5: 100
A6: Dubai DIFC | B6: =B5+1 -> 5 | C6: 3 | D6: 2022 | E6: ='03 - 2022'!B12-'03 - 2022'!B11 -> 3921 | F6: ='03 - 2022'!C12-'03 - 2022'!C11 -> 5897 | G6: 0.118 | H6: ='03 - 2022'!E12-'03 - 2022'!E11 -> 21.31 | I6: ='03 - 2022'!F12-'03 - 2022'!F11 -> 7.95 | J6: ='03 - 2022'!G12-'03 - 2022'!G11 -> 45.61 | K6: 0.74 | L6: 101
A7: Dubai DIFC | B7: =B6+1 -> 6 | C7: 3 | D7: 2022 | E7: ='03 - 2022'!B13-'03 - 2022'!B12 -> 4021 | F7: ='03 - 2022'!C13-'03 - 2022'!C12 -> 5918 | G7: 0.118 | H7: ='03 - 2022'!E13-'03 - 2022'!E12 -> 16.73 | I7: ='03 - 2022'!F13-'03 - 2022'!F12 -> 8.78 | J7: ='03 - 2022'!G13-'03 - 2022'!G12 -> 44.08 | K7: 0.74 | L7: 98
A8: Dubai DIFC | B8: =B7+1 -> 7 | C8: 3 | D8: 2022 | E8: ='03 - 2022'!B14-'03 - 2022'!B13 -> 3698 | F8: ='03 - 2022'!C14-'03 - 2022'!C13 -> 5496 | G8: 0.118 | H8: ='03 - 2022'!E14-'03 - 2022'!E13 -> 18.19 | I8: ='03 - 2022'!F14-'03 - 2022'!F13 -> 8.15 | J8: ='03 - 2022'!G14-'03 - 2022'!G13 -> 43.24 | K8: 0.74 | L8: 76
A9: Dubai DIFC | B9: =B8+1 -> 8 | C9: 3 | D9: 2022 | E9: ='03 - 2022'!B15-'03 - 2022'!B14 -> 4383 | F9: ='03 - 2022'!C15-'03 - 2022'!C14 -> 5683 | G9: 0.118 | H9: ='03 - 2022'!E15-'03 - 2022'!E14 -> 16.08 | I9: ='03 - 2022'!F15-'03 - 2022'!F14 -> 8.51 | J9: ='03 - 2022'!G15-'03 - 2022'!G14 -> 39.8 | K9: 0.74 | L9: 98
A10: Dubai DIFC | B10: =B9+1 -> 9 | C10: 3 | D10: 2022 | E10: ='03 - 2022'!B16-'03 - 2022'!B15 -> 3356 | F10: ='03 - 2022'!C16-'03 - 2022'!C15 -> 5689 | G10: 0.118 | H10: ='03 - 2022'!E16-'03 - 2022'!E15 -> 17.45 | I10: ='03 - 2022'!F16-'03 - 2022'!F15 -> 7.37 | J10: ='03 - 2022'!G16-'03 - 2022'!G15 -> 40.7 | K10: 0.74 | L10: 100
A11: Dubai DIFC | B11: =B10+1 -> 10 | C11: 3 | D11: 2022 | E11: ='03 - 2022'!B17-'03 - 2022'!B16 -> 3829 | F11: ='03 - 2022'!C17-'03 - 2022'!C16 -> 5558 | G11: 0.118 | H11: ='03 - 2022'!E17-'03 - 2022'!E16 -> 20.37 | I11: ='03 - 2022'!F17-'03 - 2022'!F16 -> 7.05 | J11: ='03 - 2022'!G17-'03 - 2022'!G16 -> 37.07 | K11: 0.74 | L11: 99
A12: Dubai DIFC | B12: =B11+1 -> 11 | C12: 3 | D12: 2022 | E12: ='03 - 2022'!B18-'03 - 2022'!B17 -> 3833 | F12: ='03 - 2022'!C18-'03 - 2022'!C17 -> 5840 | G12: 0.118 | H12: ='03 - 2022'!E18-'03 - 2022'!E17 -> 21.07 | I12: ='03 - 2022'!F18-'03 - 2022'!F17 -> 7.76 | J12: ='03 - 2022'!G18-'03 - 2022'!G17 -> 42.01 | K12: 0.74 | L12: 103
A13: Dubai DIFC | B13: =B12+1 -> 12 | C13: 3 | D13: 2022 | E13: ='03 - 2022'!B19-'03 - 2022'!B18 -> 3899 | F13: ='03 - 2022'!C19-'03 - 2022'!C18 -> 5882 | G13: 0.118 | H13: ='03 - 2022'!E19-'03 - 2022'!E18 -> 20.07 | I13: ='03 - 2022'!F19-'03 - 2022'!F18 -> 8.29 | J13: ='03 - 2022'!G19-'03 - 2022'!G18 -> 40.3 | K13: 0.74 | L13: 92
A14: Dubai DIFC | B14: =B13+1 -> 13 | C14: 3 | D14: 2022 | E14: ='03 - 2022'!B20-'03 - 2022'!B19 -> 3897 | F14: ='03 - 2022'!C20-'03 - 2022'!C19 -> 5822 | G14: 0.118 | H14: ='03 - 2022'!E20-'03 - 2022'!E19 -> 20.18 | I14: ='03 - 2022'!F20-'03 - 2022'!F19 -> 8.32 | J14: ='03 - 2022'!G20-'03 - 2022'!G19 -> 38.01 | K14: 0.74 | L14: 81
... A26: Dubai DIFC | B26: =B25+1 -> 25 | C26: 3 | D26: 2022 | E26: ='03 - 2022'!B32-'03 - 2022'!B31 -> 3830 | F26: ='03 - 2022'!C32-'03 - 2022'!C31 -> 5640 | G26: 0.118 | H26: ='03 - 2022'!E32-'03 - 2022'!E31 -> 26.6 | I26: ='03 - 2022'!F32-'03 - 2022'!F31 -> 7.32 | J26: ='03 - 2022'!G32-'03 - 2022'!G31 -> 41.88 | K26: 0.74 | L26: 103
A27: Dubai DIFC | B27: =B26+1 -> 26 | C27: 3 | D27: 2022 | E27: 0 | F27: 0 | G27: 0.118 | H27: 0 | I27: 0 | J27: 0 | K27: 0.74
A28: Dubai DIFC | B28: =B27+1 -> 27 | C28: 3 | D28: 2022 | E28: ='03 - 2022'!B34-'03 - 2022'!B33 -> 0 | F28: ='03 - 2022'!C34-'03 - 2022'!C33 -> 0 | G28: 0.118 | H28: ='03 - 2022'!E34-'03 - 2022'!E33 -> 0 | I28: ='03 - 2022'!F34-'03 - 2022'!F33 -> 0 | J28: ='03 - 2022'!G34-'03 - 2022'!G33 -> 0 | K28: 0.74
A29: Dubai DIFC | B29: =B28+1 -> 28 | C29: 3 | D29: 2022 | E29: ='03 - 2022'!B35-'03 - 2022'!B34 -> 0 | F29: ='03 - 2022'!C35-'03 - 2022'!C34 -> 0 | G29: 0.118 | H29: ='03 - 2022'!E35-'03 - 2022'!E34 -> 0 | I29: ='03 - 2022'!F35-'03 - 2022'!F34 -> 0 | J29: ='03 - 2022'!G35-'03 - 2022'!G34 -> 0 | K29: 0.74
A30: Dubai DIFC | B30: =B29+1 -> 29 | C30: 3 | D30: 2022 | E30: ='03 - 2022'!B36-'03 - 2022'!B35 -> 0 | F30: ='03 - 2022'!C36-'03 - 2022'!C35 -> 0 | G30: 0.118 | H30: ='03 - 2022'!E36-'03 - 2022'!E35 -> 0 | I30: ='03 - 2022'!F36-'03 - 2022'!F35 -> 0 | J30: ='03 - 2022'!G36-'03 - 2022'!G35 -> 0 | K30: 0.74
A31: Dubai DIFC | B31: =B30+1 -> 30 | C31: 3 | D31: 2022 | E31: ='03 - 2022'!B37-'03 - 2022'!B36 -> 0 | F31: ='03 - 2022'!C37-'03 - 2022'!C36 -> 0 | G31: 0.118 | H31: ='03 - 2022'!E37-'03 - 2022'!E36 -> 0 | I31: ='03 - 2022'!F37-'03 - 2022'!F36 -> 0 | J31: ='03 - 2022'!G37-'03 - 2022'!G36 -> 0 | K31: 0.74
A32: Dubai DIFC | B32: =B31+1 -> 31 | C32: 3 | D32: 2022 | E32: ='03 - 2022'!B38-'03 - 2022'!B37 -> 0 | F32: ='03 - 2022'!C38-'03 - 2022'!C37 -> 0 | G32: 0.118 | H32: ='03 - 2022'!E38-'03 - 2022'!E37 -> 0 | I32: ='03 - 2022'!F38-'03 - 2022'!F37 -> 0 | J32: ='03 - 2022'!G38-'03 - 2022'!G37 -> 0 | K32: 0.74

Sheet 03 - 2022
A3: FOUR SEASONS HOTEL - DIFC
A4: HLP READING MONTH OF MARCH' 2022
B5: Electricity | D5: LPG (cu.m) | H5: Water (cu.m) | J5: BTU
A6: Date | B6: LV-01, 2025952759 | C6: LV-2, 2030235407 | D6: Main Meter % | E6: Main Kitchen | F6: Podium Kitchen | G6: Boiler | H6: B-3 Water Meter (DIFC) | I6: MainWater Meter (DEWA) | J6: Chilled Water (KWH) | K6: Gas Received (Litres) | L6: Remark
A7: 44620 | B7: 766849 | C7: 396625 | D7: 0.43 | E7: 2836.86 | F7: 1639.39 | G7: 38892.37 | H7: 14528 | I7: 148993 | J7: 53864590
A8: =A7+1 -> 44621 | B8: 770869 | C8: 402301 | D8: 0.36 | E8: 2855.67 | F8: 1647.44 | G8: 38929.23 | H8: 14528 | I8: 149104 | J8: 53879396
A9: =A8+1 -> 44622 | B9: 774757 | C9: 407820 | D9: 0.29 | E9: 2872.68 | F9: 1655.74 | G9: 38966.5 | H9: 14528 | I9: 149207 | J9: 53893408
A10: =A9+1 -> 44623 | B10: 778690 | C10: 413378 | D10: 0.76 | E10: 2893.82 | F10: 1664.12 | G10: 39004.81 | H10: 14528 | I10: 149319 | J10: 53906394
A11: =A10+1 -> 44624 | B11: 782592 | C11: 419083 | D11: 0.68 | E11: 2913.73 | F11: 1673.06 | G11: 39047.31 | H11: 14528 | I11: 149428 | J11: 53920390
A12: =A11+1 -> 44625 | B12: 786513 | C12: 424980 | D12: 0.59 | E12: 2935.04 | F12: 1681.01 | G12: 39092.92 | H12: 14528 | I12: 149544 | J12: 53936332
A13: =A12+1 -> 44626 | B13: 790534 | C13: 430898 | D13: 0.52 | E13: 2951.77 | F13: 1689.79 | G13: 39137 | H13: 14528 | I13: 149650 | J13: 53952239
A14: =A13+1 -> 44627 | B14: 794232 | C14: 436394 | D14: 0.42 | E14: 2969.96 | F14: 1697.94 | G14: 39180.24 | H14: 14528 | I14: 149762 | J14: 53968410
A15: =A14+1 -> 44628 | B15: 798615 | C15: 442077 | D15: 0.35 | E15: 2986.04 | F15: 1706.45 | G15: 39220.04 | H15: 14528 | I15: 149873 | J15: 53984568
A16: =A15+1 -> 44629 | B16: 801971 | C16: 447766 | D16: 0.28 | E16: 3003.49 | F16: 1713.82 | G16: 39260.74 | H16: 14528 | I16: 149981 | J16: 54001440
A17: =A16+1 -> 44630 | B17: 805800 | C17: 453324 | D17: 0.77 | E17: 3023.86 | F17: 1720.87 | G17: 39297.81 | H17: 14528 | I17: 150087 | J17: 54019637
A18: =A17+1 -> 44631 | B18: 809633 | C18: 459164 | D18: 0.68 | E18: 3044.93 | F18: 1728.63 | G18: 39339.82 | H18: 14528 | I18: 150208 | J18: 54039164
A19: =A18+1 -> 44632 | B19: 813532 | C19: 465046 | D19: 0.59 | E19: 3065 | F19: 1736.92 | G19: 39380.12 | H19: 14528 | I19: 150323 | J19: 54059276
... A22: =A21+1 -> 44635 | B22: 824913 | C22: 482173 | D22: 0.35 | E22: 3116.34 | F22: 1760.96 | G22: 39496.12 | H22: 14528 | I22: 150637 | J22: 54114680
A23: =A22+1 -> 44636 | B23: 828746 | C23: 488109 | D23: 0.27 | E23: 3131.58 | F23: 1770.01 | G23: 39534.47 | H23: 14528 | I23: 150750 | J23: 54135728 | L23: Main kitchen new Gas meter fixed.
A24: =A23+1 -> 44637 | B24: 832308 | C24: 493712 | D24: 0.8 | E24: =E23+18.62 -> 3150.2 | F24: 1777.12 | G24: 39572.69 | H24: 14528 | I24: 150862 | J24: 54154974 | K24: 4000 liters
A25: =A24+1 -> 44638 | B25: 836460 | C25: 499533 | D25: 0.7 | E25: =E24+27.98 -> 3178.18 | F25: 1785.54 | G25: 39616.27 | H25: 14528 | I25: 150981 | J25: 54173112
A26: =A25+1 -> 44639 | B26: 840614 | C26: 505409 | D26: 0.6 | E26: =E25+23.2 -> 3201.38 | F26: 1793.41 | G26: 39660.15 | H26: 14528 | I26: 151106 | J26: 54188228
A27: =A26+1 -> 44640 | B27: 844661 | C27: 511230 | D27: 0.5 | E27: =E26+26.52 -> 3227.9 | F27: 1800.51 | G27: 39704.5 | H27: 14528 | I27: 151232 | J27: 54203602
A28: =A27+1 -> 44641 | B28: 848452 | C28: 516767 | D28: 0.4 | E28: =E27+24.22 -> 3252.12 | F28: 1806.87 | G28: 39745.6 | H28: 14528 | I28: 151340 | J28: 54219880
A29: =A28+1 -> 44642 | B29: 852370 | C29: 522475 | D29: 0.31 | E29: 3279.76 | F29: 1814.28 | G29: 39788.7 | H29: 14528 | I29: 151462 | J29: 54237092
A30: =A29+1 -> 44643 | B30: 856006 | C30: 527955 | D30: 0.25 | E30: =E29+26.08 -> 3305.84 | F30: 1821.17 | G30: 39825.41 | H30: 14528 | I30: 151563 | J30: 54254284
A31: =A30+1 -> 44644 | B31: 859839 | C31: 533672 | D31: 0.78 | E31: =E30+28.28 -> 3334.12 | F31: 1829.02 | G31: 39868.39 | H31: 14528 | I31: 151688 | J31: 54272135
A32: =A31+1 -> 44645 | B32: 863669 | C32: 539312 | D32: 0.68 | E32: =E31+26.6 -> 3360.72 | F32: 1836.34 | G32: 39910.27 | H32: 14528 | I32: 151808 | J32: 54290327
A33: =A32+1 -> 44646
A34: =A33+1 -> 44647
A35: =A34+1 -> 44648
A36: =A35+1 -> 44649
A37: =A36+1 -> 44650
A38: =A37+1 -> 44651
A39: Readings | B39: =B35-B7 -> -766849 | C39: =C35-C7 -> -396625 | D39: =D35-D7 -> -0.43 | E39: =E35-E7 -> -2836.86 | F39: =F35-F7 -> -1639.39 | G39: =G35-G7 -> -38892.37 | H39: =H35-H7 -> -14528 | I39: =I35-I7 -> -148993 | J39: =J35-J7 -> -53864590 | K39: =SUM(K7:K35) -> 0
H40: =H39*219.969 -> -3195709.6 | I40: =I39*219.969 -> -32773841
