Workbook

Sheet TOTAL
A1: Site Name | B1: Day | C1: Month | D1: Year | E1: Total Electricity Kwh | F1: Electricity Tariff ($/Kwh) | G1: Total Fuel Oil (Liter) | H1: Fuel Oil $/Liter | I1: Water Utility Supply (m3) m3 | J1: Water Utility Supply (m3) $/m3 | K1: Room Nights | L1: Food Covers
A2: Langkawi | B2: 1 | C2: 3 | D2: 2022 | E2: ='B16'!I4+'B16 ext'!I4+'B17'!I4 -> 20090 | F2: =('B16'!J4+'B16 ext'!J4+'B17'!J4)/TOTAL!E2 -> 0.24706426 | G2: ='Diesel Reading '!H4 -> 0 | H2: ='Diesel Reading '!I4/'Diesel Reading '!H4 -> #DIV/0! | I2: ='Water Reading'!H4 -> 1163 | J2: ='Water Reading'!I4/'Water Reading'!H4 -> 1.35 | K2: 18
A3: Langkawi | B3: =B2+1 -> 2 | C3: 3 | D3: 2022 | E3: ='B16'!I5+'B16 ext'!I5+'B17'!I5 -> 20259 | F3: =('B16'!J5+'B16 ext'!J5+'B17'!J5)/TOTAL!E3 -> 0.2477564 | G3: ='Diesel Reading '!H5 -> 222.3 | H3: ='Diesel Reading '!I5/'Diesel Reading '!H5 -> 2.84 | I3: ='Water Reading'!H5 -> 1195 | J3: ='Water Reading'!I5/'Water Reading'!H5 -> 1.35 | K3: 18
A4: Langkawi | B4: =B3+1 -> 3 | C4: 3 | D4: 2022 | E4: ='B16'!I6+'B16 ext'!I6+'B17'!I6 -> 19571 | F4: =('B16'!J6+'B16 ext'!J6+'B17'!J6)/TOTAL!E4 -> 0.24188943 | G4: ='Diesel Reading '!H6 -> 0 | H4: ='Diesel Reading '!I6/'Diesel Reading '!H6 -> #DIV/0! | I4: ='Water Reading'!H6 -> 1226 | J4: ='Water Reading'!I6/'Water Reading'!H6 -> 1.35 | K4: 22
A5: Langkawi | B5: =B4+1 -> 4 | C5: 3 | D5: 2022 | E5: ='B16'!I7+'B16 ext'!I7+'B17'!I7 -> 20056 | F5: =('B16'!J7+'B16 ext'!J7+'B17'!J7)/TOTAL!E5 -> 0.25368608 | G5: ='Diesel Reading '!H7 -> 219.6 | H5: ='Diesel Reading '!I7/'Diesel Reading '!H7 -> 2.84 | I5: ='Water Reading'!H7 -> 1213 | J5: ='Water Reading'!I7/'Water Reading'!H7 -> 1.35 | K5: 31
A6: Langkawi | B6: =B5+1 -> 5 | C6: 3 | D6: 2022 | E6: ='B16'!I8+'B16 ext'!I8+'B17'!I8 -> 18934 | F6: =('B16'!J8+'B16 ext'!J8+'B17'!J8)/TOTAL!E6 -> 0.24857489 | G6: ='Diesel Reading '!H8 -> 0 | H6: ='Diesel Reading '!I8/'Diesel Reading '!H8 -> #DIV/0! | I6: ='Water Reading'!H8 -> 1134 | J6: ='Water Reading'!I8/'Water Reading'!H8 -> 1.35 | K6: 31
A7: Langkawi | B7: =B6+1 -> 6 | C7: 3 | D7: 2022 | E7: ='B16'!I9+'B16 ext'!I9+'B17'!I9 -> 19074 | F7: =('B16'!J9+'B16 ext'!J9+'B17'!J9)/TOTAL!E7 -> 0.2478575 | G7: ='Diesel Reading '!H9 -> 0 | H7: ='Diesel Reading '!I9/'Diesel Reading '!H9 -> #DIV/0! | I7: ='Water Reading'!H9 -> 1126 | J7: ='Water Reading'!I9/'Water Reading'!H9 -> 1.35 | K7: 27
A8: Langkawi | B8: =B7+1 -> 7 | C8: 3 | D8: 2022 | E8: ='B16'!I10+'B16 ext'!I10+'B17'!I10 -> 19064 | F8: =('B16'!J10+'B16 ext'!J10+'B17'!J10)/TOTAL!E8 -> 0.24816251 | G8: ='Diesel Reading '!H11 -> 0 | H8: ='Diesel Reading '!I11/'Diesel Reading '!H11 -> #DIV/0! | I8: ='Water Reading'!H10 -> 1104 | J8: ='Water Reading'!I10/'Water Reading'!H10 -> 1.35 | K8: 27
A9: Langkawi | B9: =B8+1 -> 8 | C9: 3 | D9: 2022 | E9: ='B16'!I11+'B16 ext'!I11+'B17'!I11 -> 19270 | F9: =('B16'!J11+'B16 ext'!J11+'B17'!J11)/TOTAL!E9 -> 0.24734416 | G9: ='Diesel Reading '!H12 -> 162.5 | H9: ='Diesel Reading '!I12/'Diesel Reading '!H12 -> 2.84 | I9: ='Water Reading'!H11 -> 1022 | J9: ='Water Reading'!I11/'Water Reading'!H11 -> 1.35 | K9: 25
A10: Langkawi | B10: =B9+1 -> 9 | C10: 3 | D10: 2022 | E10: ='B16'!I12+'B16 ext'!I12+'B17'!I12 -> 21042 | F10: =('B16'!J12+'B16 ext'!J12+'B17'!J12)/TOTAL!E10 -> 0.24698033 | G10: ='Diesel Reading '!H13 -> 0 | H10: ='Diesel Reading '!I13/'Diesel Reading '!H13 -> #DIV/0! | I10: ='Water Reading'!H12 -> 1349 | J10: ='Water Reading'!I12/'Water Reading'!H12 -> 1.35 | K10: 22
A11: Langkawi | B11: =B10+1 -> 10 | C11: 3 | D11: 2022 | E11: ='B16'!I13+'B16 ext'!I13+'B17'!I13 -> 20903 | F11: =('B16'!J13+'B16 ext'!J13+'B17'!J13)/TOTAL!E11 -> 0.24839621 | G11: ='Diesel Reading '!H14 -> 187.2 | H11: ='Diesel Reading '!I14/'Diesel Reading '!H14 -> 2.84 | I11: ='Water Reading'!H13 -> 1239 | J11: ='Water Reading'!I13/'Water Reading'!H13 -> 1.35 | K11: 26
A12: Langkawi | B12: =B11+1 -> 11 | C12: 3 | D12: 2022 | E12: ='B16'!I14+'B16 ext'!I14+'B17'!I14 -> 21169 | F12: =('B16'!J14+'B16 ext'!J14+'B17'!J14)/TOTAL!E12 -> 0.24775601 | G12: ='Diesel Reading '!H15 -> 152.2 | H12: ='Diesel Reading '!I15/'Diesel Reading '!H15 -> 2.84 | I12: ='Water Reading'!H14 -> 1162 | J12: ='Water Reading'!I14/'Water Reading'!H14 -> 1.35 | K12: 28
A13: Langkawi | B13: =B12+1 -> 12 | C13: 3 | D13: 2022 | E13: ='B16'!I15+'B16 ext'!I15+'B17'!I15 -> 21734 | F13: =('B16'!J15+'B16 ext'!J15+'B17'!J15)/TOTAL!E13 -> 0.24588088 | G13: ='Diesel Reading '!H16 -> 0 | H13: ='Diesel Reading '!I16/'Diesel Reading '!H16 -> #DIV/0! | I13: ='Water Reading'!H15 -> 1287 | J13: ='Water Reading'!I15/'Water Reading'!H15 -> 1.35 | K13: 38
A14: Langkawi | B14: =B13+1 -> 13 | C14: 3 | D14: 2022 | E14: ='B16'!I16+'B16 ext'!I16+'B17'!I16 -> 20846 | F14: =('B16'!J16+'B16 ext'!J16+'B17'!J16)/TOTAL!E14 -> 0.24914521 | G14: ='Diesel Reading '!H17 -> 37 | H14: ='Diesel Reading '!I17/'Diesel Reading '!H17 -> 2.84 | I14: ='Water Reading'!H16 -> 1211 | J14: ='Water Reading'!I16/'Water Reading'!H16 -> 1.35 | K14: 46
A15: Langkawi | B15: =B14+1 -> 14 | C15: 3 | D15: 2022 | E15: ='B16'!I17+'B16 ext'!I17+'B17'!I17 -> 19604 | F15: =('B16'!J17+'B16 ext'!J17+'B17'!J17)/TOTAL!E15 -> 0.24179152 | G15: ='Diesel Reading '!H18 -> 188.6 | H15: ='Diesel Reading '!I18/'Diesel Reading '!H18 -> 2.84 | I15: ='Water Reading'!H17 -> 1199 | J15: ='Water Reading'!I17/'Water Reading'!H17 -> 1.35 | K15: 32
A16: Langkawi | B16: =B15+1 -> 15 | C16: 3 | D16: 2022 | E16: ='B16'!I18+'B16 ext'!I18+'B17'!I18 -> 24174 | F16: =('B16'!J18+'B16 ext'!J18+'B17'!J18)/TOTAL!E16 -> 0.25085766 | G16: ='Diesel Reading '!H19 -> 0 | H16: ='Diesel Reading '!I19/'Diesel Reading '!H19 -> #DIV/0! | I16: ='Water Reading'!H18 -> 1148 | J16: ='Water Reading'!I18/'Water Reading'!H18 -> 1.35 | K16: 25
A17: Langkawi | B17: =B16+1 -> 16 | C17: 3 | D17: 2022 | E17: ='B16'!I19+'B16 ext'!I19+'B17'!I19 -> 21433 | F17: =('B16'!J19+'B16 ext'!J19+'B17'!J19)/TOTAL!E17 -> 0.24886801 | G17: ='Diesel Reading '!H20 -> 210.5 | H17: ='Diesel Reading '!I20/'Diesel Reading '!H20 -> 2.84 | I17: ='Water Reading'!H19 -> 1170 | J17: ='Water Reading'!I19/'Water Reading'!H19 -> 1.35 | K17: 29
A18: Langkawi | B18: =B17+1 -> 17 | C18: 3 | D18: 2022 | E18: ='B16'!I20+'B16 ext'!I20+'B17'!I20 -> 22041 | F18: =('B16'!J20+'B16 ext'!J20+'B17'!J20)/TOTAL!E18 -> 0.24494664 | G18: ='Diesel Reading '!H21 -> 0 | H18: ='Diesel Reading '!I21/'Diesel Reading '!H21 -> #DIV/0! | I18: ='Water Reading'!H20 -> 1189 | J18: ='Water Reading'!I20/'Water Reading'!H20 -> 1.35 | K18: 35
A19: Langkawi | B19: =B18+1 -> 18 | C19: 3 | D19: 2022 | E19: ='B16'!I21+'B16 ext'!I21+'B17'!I21 -> 22958 | F19: =('B16'!J21+'B16 ext'!J21+'B17'!J21)/TOTAL!E19 -> 0.24944155 | G19: ='Diesel Reading '!H22 -> 352.4 | H19: ='Diesel Reading '!I22/'Diesel Reading '!H22 -> 2.84 | I19: ='Water Reading'!H21 -> 1308 | J19: ='Water Reading'!I21/'Water Reading'!H21 -> 1.35 | K19: 50
... A30: Langkawi | B30: =B29+1 -> 29 | C30: 3 | D30: 2022 | E30: ='B16'!I32+'B16 ext'!I32+'B17'!I32 -> 21144 | F30: =('B16'!J32+'B16 ext'!J32+'B17'!J32)/TOTAL!E30 -> 0.24831215 | G30: ='Diesel Reading '!H33 -> 346.4 | H30: ='Diesel Reading '!I33/'Diesel Reading '!H33 -> 2.84 | I30: ='Water Reading'!H32 -> 839 | J30: ='Water Reading'!I32/'Water Reading'!H32 -> 1.35 | K30: 25
A31: Langkawi | B31: =B30+1 -> 30 | C31: 3 | D31: 2022 | E31: ='B16'!I33+'B16 ext'!I33+'B17'!I33 -> 0 | F31: =('B16'!J33+'B16 ext'!J33+'B17'!J33)/TOTAL!E31 -> #DIV/0! | G31: ='Diesel Reading '!H35 -> 0 | H31: ='Diesel Reading '!I35/'Diesel Reading '!H35 -> #DIV/0! | I31: ='Water Reading'!H33 -> 865 | J31: ='Water Reading'!I33/'Water Reading'!H33 -> 1.35 | K31: 25
A32: Langkawi | B32: 31 | C32: 3 | D32: 2022 | E32: ='B16'!I34+'B16 ext'!I34+'B17'!I34 -> 0 | F32: =('B16'!J34+'B16 ext'!J34+'B17'!J34)/TOTAL!E32 -> #DIV/0! | H32: ='Diesel Reading '!I36/'Diesel Reading '!H36 -> 2.84 | I32: ='Water Reading'!H34 -> 0 | J32: ='Water Reading'!I34/'Water Reading'!H34 -> #DIV/0! | K32: 28

Sheet B16
A1: Daily Electricity Consumption
B2: Meter Reading (kWh) | C2: Consumption (kWh) | D2: Meter Reading (kWh) | E2: Consumption (kWh) | F2: MD (kW) | G2: Occupancy | H2: Weather | I2: Total Consumption | J2: Cost
B3: (Peak) | C3: (Peak) | D3: (Off Peak) | E3: (Off Peak) | F3: (Peak) | G3: % | I3: Daily (KWh) | J3: Daily (RM)
A4: 44621 | B4: 5723 | C4: =IF(B5-B4 < 0,0,B5-B4) -> 5606 | D4: 5721 | E4: =IF(D5-D4 < 0,0,D5-D4) -> 3176 | F4: 467 | G4: 0.2 | H4: clear | I4: =+E4+C4 -> 8782 | J4: =(C4*0.288)+(E4*0.177) -> 2176.68
A5: 44622 | B5: 11329 | C5: =IF(B6-B5 < 0,0,B6-B5) -> 5956 | D5: 8897 | E5: =IF(D6-D5 < 0,0,D6-D5) -> 3415 | F5: 485 | G5: 0.23 | H5: cloudy | I5: =+E5+C5 -> 9371 | J5: =(C5*0.288)+(E5*0.177) -> 2319.783
A6: 44623 | B6: 17285 | C6: =IF(B7-B6 < 0,0,B7-B6) -> 5820 | D6: 12312 | E6: =IF(D7-D6 < 0,0,D7-D6) -> 3603 | F6: 517 | G6: 0.34 | H6: clear | I6: =+E6+C6 -> 9423 | J6: =(C6*0.288)+(E6*0.177) -> 2313.891
A7: 44624 | B7: 23105 | C7: =IF(B8-B7 < 0,0,B8-B7) -> 5729 | D7: 15915 | E7: =IF(D8-D7 < 0,0,D8-D7) -> 3178 | F7: 517 | G7: 0.35 | H7: clear | I7: =+E7+C7 -> 8907 | J7: =(C7*0.288)+(E7*0.177) -> 2212.458
A8: 44625 | B8: 28834 | C8: =IF(B9-B8 < 0,0,B9-B8) -> 5656 | D8: 19093 | E8: =IF(D9-D8 < 0,0,D9-D8) -> 3322 | F8: 524 | G8: 0.29 | H8: raining | I8: =+E8+C8 -> 8978 | J8: =(C8*0.288)+(E8*0.177) -> 2216.922
A9: 44626 | B9: 34490 | C9: =IF(B10-B9 < 0,0,B10-B9) -> 5792 | D9: 22415 | E9: =IF(D10-D9 < 0,0,D10-D9) -> 3529 | F9: 524 | G9: 0.3 | H9: raining | I9: =+E9+C9 -> 9321 | J9: =(C9*0.288)+(E9*0.177) -> 2292.729
A10: 44627 | B10: 40282 | C10: =IF(B11-B10 < 0,0,B11-B10) -> 5796 | D10: 25944 | E10: =IF(D11-D10 < 0,0,D11-D10) -> 3209 | F10: 524 | G10: 0.27 | H10: cloudy | I10: =+E10+C10 -> 9005 | J10: =(C10*0.288)+(E10*0.177) -> 2237.241
A11: 44628 | B11: 46078 | C11: =IF(B12-B11 < 0,0,B12-B11) -> 5614 | D11: 29153 | E11: =IF(D12-D11 < 0,0,D12-D11) -> 3432 | F11: 524 | G11: 0.27 | H11: cloudy | I11: =+E11+C11 -> 9046 | J11: =(C11*0.288)+(E11*0.177) -> 2224.296
A12: 44629 | B12: 51692 | C12: =IF(B13-B12 < 0,0,B13-B12) -> 6087 | D12: 32585 | E12: =IF(D13-D12 < 0,0,D13-D12) -> 3602 | F12: 524 | G12: 0.3 | H12: raining | I12: =+E12+C12 -> 9689 | J12: =(C12*0.288)+(E12*0.177) -> 2390.61
A13: 44630 | B13: 57779 | C13: =IF(B14-B13 < 0,0,B14-B13) -> 6062 | D13: 36187 | E13: =IF(D14-D13 < 0,0,D14-D13) -> 3530 | F13: 524 | G13: 0.32 | H13: clear | I13: =+E13+C13 -> 9592 | J13: =(C13*0.288)+(E13*0.177) -> 2370.666
A14: 44631 | B14: 63841 | C14: =IF(B15-B14 < 0,0,B15-B14) -> 6238 | D14: 39717 | E14: =IF(D15-D14 < 0,0,D15-D14) -> 3585 | F14: 524 | G14: 0.51 | H14: clear | I14: =+E14+C14 -> 9823 | J14: =(C14*0.288)+(E14*0.177) -> 2431.089
A15: 44632 | B15: 70079 | C15: =IF(B16-B15 < 0,0,B16-B15) -> 5971 | D15: 43302 | E15: =IF(D16-D15 < 0,0,D16-D15) -> 3723 | F15: 524 | G15: 0.52 | H15: raining | I15: =+E15+C15 -> 9694 | J15: =(C15*0.288)+(E15*0.177) -> 2378.619
... A33: 44650 | B33: 183576 | C33: =IF(B34-B33 < 0,0,B34-B33) -> 0 | D33: 108789 | E33: =IF(D34-D33 < 0,0,D34-D33) -> 0 | F33: 555 | G33: 0.27 | H33: Fair | I33: =+E33+C33 -> 0 | J33: =(C33*0.288)+(E33*0.177) -> 0
A34: 44651 | B34: 0 | C34: 0 | E34: 0 | G34: 0.3 | H34: Fair | I34: =+E34+C34 -> 0 | J34: =(C34*0.288)+(E34*0.177) -> 0
I35: =+E35+C35 -> 0 | J35: =(C35*0.288)+(E35*0.177) -> 0
A36: Total | C36: =SUM(C4:C34) -> 177853 | E36: =SUM(E4:E34) -> 103068 | F36: =MAX(F4:F34) -> 555 | I36: =+E36+C36 -> 280921 | J36: =(C36*0.288)+(E36*0.177) -> 69464.7
A37: =COUNT(A4:A34) -> 31 | C37: =COUNTIF(C4:C34,">0") -> 29
A39: PLEASE MAKE SURE TO KEY IN THE OCCUPANCY AND WEATHER FOR THE DAY!

Sheet B16 ext
A1: Daily Electricity Consumption
B2: Meter Reading (kWh) | C2: Consumption (kWh) | D2: Meter Reading (kWh) | E2: Consumption (kWh) | F2: MD (kW) | G2: Occupancy | H2: Weather | I2: Total Consumption | J2: Cost
B3: (Peak) | C3: (Peak) | D3: (Off Peak) | E3: (Off Peak) | F3: (Peak) | G3: % | I3: Daily (KWh) | J3: Daily (RM)
A4: 44621 | B4: 1719 | C4: =IF(B5-B4 < 0,0,B5-B4) -> 1658 | D4: 1319 | E4: =IF(D5-D4 < 0,0,D5-D4) -> 656 | F4: 147 | G4: 0.2 | H4: clear | I4: =+E4+C4 -> 2314 | J4: =(C4*0.288)+(E4*0.177) -> 593.616
A5: 44622 | B5: 3377 | C5: =IF(B6-B5 < 0,0,B6-B5) -> 1569 | D5: 1975 | E5: =IF(D6-D5 < 0,0,D6-D5) -> 624 | F5: 146 | G5: 0.23 | H5: cloudy | I5: =+E5+C5 -> 2193 | J5: =(C5*0.288)+(E5*0.177) -> 562.32
A6: 44623 | B6: 4946 | C6: =IF(B7-B6 < 0,0,B7-B6) -> 1732 | D6: 2599 | E6: =IF(D7-D6 < 0,0,D7-D6) -> 691 | F6: 147 | G6: 0.34 | H6: clear | I6: =+E6+C6 -> 2423 | J6: =(C6*0.288)+(E6*0.177) -> 621.123
A7: 44624 | B7: 6678 | C7: =IF(B8-B7 < 0,0,B8-B7) -> 1700 | D7: 3290 | E7: =IF(D8-D7 < 0,0,D8-D7) -> 658 | F7: 147 | G7: 0.35 | H7: clear | I7: =+E7+C7 -> 2358 | J7: =(C7*0.288)+(E7*0.177) -> 606.066
A8: 44625 | B8: 8378 | C8: =IF(B9-B8 < 0,0,B9-B8) -> 1716 | D8: 3948 | E8: =IF(D9-D8 < 0,0,D9-D8) -> 468 | F8: 147 | G8: 0.29 | H8: raining | I8: =+E8+C8 -> 2184 | J8: =(C8*0.288)+(E8*0.177) -> 577.044
A9: 44626 | B9: 10094 | C9: =IF(B10-B9 < 0,0,B10-B9) -> 1675 | D9: 4416 | E9: =IF(D10-D9 < 0,0,D10-D9) -> 515 | F9: 159 | G9: 0.3 | H9: raining | I9: =+E9+C9 -> 2190 | J9: =(C9*0.288)+(E9*0.177) -> 573.555
A10: 44627 | B10: 11769 | C10: =IF(B11-B10 < 0,0,B11-B10) -> 1809 | D10: 4931 | E10: =IF(D11-D10 < 0,0,D11-D10) -> 787 | F10: 172 | G10: 0.27 | H10: cloudy | I10: =+E10+C10 -> 2596 | J10: =(C10*0.288)+(E10*0.177) -> 660.291
A11: 44628 | B11: 13578 | C11: =IF(B12-B11 < 0,0,B12-B11) -> 1861 | D11: 5718 | E11: =IF(D12-D11 < 0,0,D12-D11) -> 853 | F11: 172 | G11: 0.27 | H11: cloudy | I11: =+E11+C11 -> 2714 | J11: =(C11*0.288)+(E11*0.177) -> 686.949
A12: 44629 | B12: 15439 | C12: =IF(B13-B12 < 0,0,B13-B12) -> 1911 | D12: 6571 | E12: =IF(D13-D12 < 0,0,D13-D12) -> 917 | F12: 172 | G12: 0.3 | H12: raining | I12: =+E12+C12 -> 2828 | J12: =(C12*0.288)+(E12*0.177) -> 712.677
A13: 44630 | B13: 17350 | C13: =IF(B14-B13 < 0,0,B14-B13) -> 1975 | D13: 7488 | E13: =IF(D14-D13 < 0,0,D14-D13) -> 882 | F13: 173 | G13: 0.32 | H13: clear | I13: =+E13+C13 -> 2857 | J13: =(C13*0.288)+(E13*0.177) -> 724.914
A14: 44631 | B14: 19325 | C14: =IF(B15-B14 < 0,0,B15-B14) -> 1988 | D14: 8370 | E14: =IF(D15-D14 < 0,0,D15-D14) -> 1015 | F14: 173 | G14: 0.51 | H14: clear | I14: =+E14+C14 -> 3003 | J14: =(C14*0.288)+(E14*0.177) -> 752.199
A15: 44632 | B15: 21313 | C15: =IF(B16-B15 < 0,0,B16-B15) -> 2067 | D15: 9385 | E15: =IF(D16-D15 < 0,0,D16-D15) -> 1067 | F15: 173 | G15: 0.52 | H15: raining | I15: =+E15+C15 -> 3134 | J15: =(C15*0.288)+(E15*0.177) -> 784.155
... A33: 44650 | B33: 60233 | C33: =IF(B34-B33 < 0,0,B34-B33) -> 0 | D33: 27811 | E33: =IF(D34-D33 < 0,0,D34-D33) -> 0 | F33: 202 | G33: 0.27 | H33: Fair | I33: =+E33+C33 -> 0 | J33: =(C33*0.288)+(E33*0.177) -> 0
A34: 44651 | B34: 0 | C34: 0 | D34: 0 | E34: 0 | F34: 0 | G34: 0.3 | H34: Fair | I34: =+E34+C34 -> 0 | J34: =(C34*0.288)+(E34*0.177) -> 0
I35: =+E35+C35 -> 0 | J35: =(C35*0.288)+(E35*0.177) -> 0
C36: =SUM(C4:C35) -> 58514 | E36: =SUM(E4:E35) -> 26492 | F36: =MAX(F4:F34) -> 202 | I36: =+E36+C36 -> 85006 | J36: =(C36*0.288)+(E36*0.177) -> 21541.116
A37: =COUNT(A4:A34) -> 31 | H37: f
H38: Rain
A39: PLEASE MAKE SURE TO KEY IN THE OCCUPANCY AND WEATHER FOR THE DAY! | H39: Hot
H40: Cloudy

Sheet B17
A1: Daily Electricity Consumption
B2: Meter Reading (kWh) | C2: Consumption (kWh) | D2: Meter Reading (kWh) | E2: Consumption (kWh) | F2: MD (kW) | G2: Occupancy | H2: Weather | I2: Total Consumption | J2: Cost
B3: (Peak) | C3: (Peak) | E3: (Off Peak) | F3: (Peak) | G3: % | I3: Daily (KWh) | J3: Daily (RM)
A4: 44621 | B4: 5118 | C4: =IF(B5-B4 < 0,0,B5-B4) -> 5417 | D4: 5249 | E4: =IF(D5-D4 < 0,0,D5-D4) -> 3577 | F4: 423 | G4: 0.2 | H4: clear | I4: =+E4+C4 -> 8994 | J4: =(C4*0.288)+(E4*0.177) -> 2193.225
A5: 44622 | B5: 10535 | C5: =IF(B6-B5 < 0,0,B6-B5) -> 5389 | D5: 8826 | E5: =IF(D6-D5 < 0,0,D6-D5) -> 3306 | F5: 463 | G5: 0.23 | H5: cloudy | I5: =+E5+C5 -> 8695 | J5: =(C5*0.288)+(E5*0.177) -> 2137.194
A6: 44623 | B6: 15924 | C6: =IF(B7-B6 < 0,0,B7-B6) -> 3889 | D6: 12132 | E6: =IF(D7-D6 < 0,0,D7-D6) -> 3836 | F6: 463 | G6: 0.34 | H6: clear | I6: =+E6+C6 -> 7725 | J6: =(C6*0.288)+(E6*0.177) -> 1799.004
A7: 44624 | B7: 19813 | C7: =IF(B8-B7 < 0,0,B8-B7) -> 6427 | D7: 15968 | E7: =IF(D8-D7 < 0,0,D8-D7) -> 2364 | F7: 463 | G7: 0.35 | H7: clear | I7: =+E7+C7 -> 8791 | J7: =(C7*0.288)+(E7*0.177) -> 2269.404
A8: 44625 | B8: 26240 | C8: =IF(B9-B8 < 0,0,B9-B8) -> 4837 | D8: 18332 | E8: =IF(D9-D8 < 0,0,D9-D8) -> 2935 | F8: 463 | G8: 0.29 | H8: raining | I8: =+E8+C8 -> 7772 | J8: =(C8*0.288)+(E8*0.177) -> 1912.551
A9: 44626 | B9: 31077 | C9: =IF(B10-B9 < 0,0,B10-B9) -> 4709 | D9: 21267 | E9: =IF(D10-D9 < 0,0,D10-D9) -> 2854 | F9: 463 | G9: 0.3 | H9: raining | I9: =+E9+C9 -> 7563 | J9: =(C9*0.288)+(E9*0.177) -> 1861.35
A10: 44627 | B10: 35786 | C10: =IF(B11-B10 < 0,0,B11-B10) -> 4617 | D10: 24121 | E10: =IF(D11-D10 < 0,0,D11-D10) -> 2846 | F10: 463 | G10: 0.27 | H10: cloudy | I10: =+E10+C10 -> 7463 | J10: =(C10*0.288)+(E10*0.177) -> 1833.438
A11: 44628 | B11: 40403 | C11: =IF(B12-B11 < 0,0,B12-B11) -> 4737 | D11: 26967 | E11: =IF(D12-D11 < 0,0,D12-D11) -> 2773 | F11: 463 | G11: 0.27 | H11: cloudy | I11: =+E11+C11 -> 7510 | J11: =(C11*0.288)+(E11*0.177) -> 1855.077
A12: 44629 | B12: 45140 | C12: =IF(B13-B12 < 0,0,B13-B12) -> 5268 | D12: 29740 | E12: =IF(D13-D12 < 0,0,D13-D12) -> 3257 | F12: 463 | G12: 0.3 | H12: raining | I12: =+E12+C12 -> 8525 | J12: =(C12*0.288)+(E12*0.177) -> 2093.673
A13: 44630 | B13: 50408 | C13: =IF(B14-B13 < 0,0,B14-B13) -> 5408 | D13: 32997 | E13: =IF(D14-D13 < 0,0,D14-D13) -> 3046 | F13: 463 | G13: 0.32 | H13: clear | I13: =+E13+C13 -> 8454 | J13: =(C13*0.288)+(E13*0.177) -> 2096.646
A14: 44631 | B14: 55816 | C14: =IF(B15-B14 < 0,0,B15-B14) -> 5268 | D14: 36043 | E14: =IF(D15-D14 < 0,0,D15-D14) -> 3075 | F14: 463 | G14: 0.51 | H14: clear | I14: =+E14+C14 -> 8343 | J14: =(C14*0.288)+(E14*0.177) -> 2061.459
A15: 44632 | B15: 61084 | C15: =IF(B16-B15 < 0,0,B16-B15) -> 5449 | D15: 39118 | E15: =IF(D16-D15 < 0,0,D16-D15) -> 3457 | F15: 463 | G15: 0.52 | H15: raining | I15: =+E15+C15 -> 8906 | J15: =(C15*0.288)+(E15*0.177) -> 2181.201
... A34: 44651 | B34: 0 | C34: =IF(B35-B34 < 0,0,B35-B34) -> 0 | D34: 0 | E34: =IF(D35-D34 < 0,0,D35-D34) -> 0 | F34: 0 | G34: 0.3 | H34: Fair | I34: =+E34+C34 -> 0 | J34: =(C34*0.288)+(E34*0.177) -> 0
I35: =+E35+C35 -> 0 | J35: =(C35*0.288)+(E35*0.177) -> 0
C36: =SUM(C4:C35) -> 152369 | E36: =SUM(E4:E35) -> 90853 | F36: =MAX(F4:F34) -> 465 | I36: =+E36+C36 -> 243222 | J36: =(C36*0.288)+(E36*0.177) -> 59963.253
A37: =COUNT(A4:A34) -> 31
H38: Rain
A39: PLEASE MAKE SURE TO KEY IN THE OCCUPANCY AND WEATHER FOR THE DAY! | H39: Hot
H40: Cloudy

Sheet Water Reading
A1: Daily Water Consumption
B2: Meter Reading (Main) | C2: Consumption | D2: Meter Reading Landscape | E2: Consumption | F2: Occupancy | G2: Weather | H2: Total Consumption | I2: Cost
B3: (m3) | C3: (m3) | D3: (m3) | E3: (m3) | F3: % | H3: (m3) | I3: Daily (RM)
A4: 44621 | B4: 241503 | C4: =IF(B5-B4<0,0,B5-B4) -> 1149 | D4: 2751 | E4: =IF(D5-D4<0,0,D5-D4) -> 14 | F4: 0.2 | G4: clear | H4: =+E4+C4 -> 1163 | I4: =(C4*1.35)+(E4*1.35) -> 1570.05
A5: 44622 | B5: 242652 | C5: =IF(B6-B5<0,0,B6-B5) -> 1190 | D5: 2765 | E5: =IF(D6-D5<0,0,D6-D5) -> 5 | F5: 0.23 | G5: cloudy | H5: =+E5+C5 -> 1195 | I5: =(C5*1.35)+(E5*1.35) -> 1613.25
A6: 44623 | B6: 243842 | C6: =IF(B7-B6<0,0,B7-B6) -> 1204 | D6: 2770 | E6: =IF(D7-D6<0,0,D7-D6) -> 22 | F6: 0.34 | G6: clear | H6: =+E6+C6 -> 1226 | I6: =(C6*1.35)+(E6*1.35) -> 1655.1
A7: 44624 | B7: 245046 | C7: =IF(B8-B7<0,0,B8-B7) -> 1196 | D7: 2792 | E7: =IF(D8-D7<0,0,D8-D7) -> 17 | F7: 0.35 | G7: clear | H7: =+E7+C7 -> 1213 | I7: =(C7*1.35)+(E7*1.35) -> 1637.55
A8: 44625 | B8: 246242 | C8: =IF(B9-B8<0,0,B9-B8) -> 1129 | D8: 2809 | E8: =IF(D9-D8<0,0,D9-D8) -> 5 | F8: 0.29 | G8: raining | H8: =+E8+C8 -> 1134 | I8: =(C8*1.35)+(E8*1.35) -> 1530.9
A9: 44626 | B9: 247371 | C9: =IF(B10-B9<0,0,B10-B9) -> 1119 | D9: 2814 | E9: =IF(D10-D9<0,0,D10-D9) -> 7 | F9: 0.3 | G9: raining | H9: =+E9+C9 -> 1126 | I9: =(C9*1.35)+(E9*1.35) -> 1520.1
A10: 44627 | B10: 248490 | C10: =IF(B11-B10<0,0,B11-B10) -> 1099 | D10: 2821 | E10: =IF(D11-D10<0,0,D11-D10) -> 5 | F10: 0.27 | G10: cloudy | H10: =+E10+C10 -> 1104 | I10: =(C10*1.35)+(E10*1.35) -> 1490.4
A11: 44628 | B11: 249589 | C11: =IF(B12-B11<0,0,B12-B11) -> 1016 | D11: 2826 | E11: =IF(D12-D11<0,0,D12-D11) -> 6 | F11: 0.27 | G11: cloudy | H11: =+E11+C11 -> 1022 | I11: =(C11*1.35)+(E11*1.35) -> 1379.7
A12: 44629 | B12: 250605 | C12: =IF(B13-B12<0,0,B13-B12) -> 1341 | D12: 2832 | E12: =IF(D13-D12<0,0,D13-D12) -> 8 | F12: 0.3 | G12: raining | H12: =+E12+C12 -> 1349 | I12: =(C12*1.35)+(E12*1.35) -> 1821.15
A13: 44630 | B13: 251946 | C13: =IF(B14-B13<0,0,B14-B13) -> 1231 | D13: 2840 | E13: =IF(D14-D13<0,0,D14-D13) -> 8 | F13: 0.32 | G13: clear | H13: =+E13+C13 -> 1239 | I13: =(C13*1.35)+(E13*1.35) -> 1672.65
A14: 44631 | B14: 253177 | C14: =IF(B15-B14<0,0,B15-B14) -> 1152 | D14: 2848 | E14: =IF(D15-D14<0,0,D15-D14) -> 10 | F14: 0.51 | G14: clear | H14: =+E14+C14 -> 1162 | I14: =(C14*1.35)+(E14*1.35) -> 1568.7
A15: 44632 | B15: 254329 | C15: =IF(B16-B15<0,0,B16-B15) -> 1279 | D15: 2858 | E15: =IF(D16-D15<0,0,D16-D15) -> 8 | F15: 0.52 | G15: raining | H15: =+E15+C15 -> 1287 | I15: =(C15*1.35)+(E15*1.35) -> 1737.45
... A34: 44651 | B34: 276825 | C34: =IF(B35-B34<0,0,B35-B34) -> 0 | D34: 2889 | E34: =IF(D35-D34<0,0,D35-D34) -> 0 | F34: 0.3 | G34: Fair | H34: =+E34+C34 -> 0 | I34: =(C34*1.35)+(E34*1.35) -> 0
C35: =SUM(C4:C34) -> 35322 | E35: =SUM(E4:E34) -> 138 | H35: =SUM(H4:H34) -> 35460 | I35: =SUM(I4:I34) -> 47871
A38: PLEASE MAKE SURE TO KEY IN THE OCCUPANCY AND WEATHER FOR THE DAY!

Sheet Diesel Reading 
A1: Daily Diesel Consumption
B2: BOILER | C2: TIME | D2: TIME | E2: TOTAL | F2: Meter Reading | G2: Meter Reading | H2: Consumption | I2: Cost | J2: Diesel in/Litre
B3: NO | C3: START | D3: STOP | E3: HRS | F3: START | G3: STOP | H3: (L) | I3: Daily (RM)
A4: 44621 | B4: Close | E4: =D4-C4 -> 0 | H4: =G4-F4 -> 0 | I4: =(H4*[1]Summary!$C$6) -> 0
A5: 44622 | B5: 2 | C5: 8.3 | D5: 18 | E5: =D5-C5 -> 9.7 | F5: 1616986.1 | G5: 1617208.4 | H5: =G5-F5 -> 222.3 | I5: =(H5*[1]Summary!$C$6) -> 631.332
A6: 44623 | B6: Close | E6: =D6-C6 -> 0 | H6: =G6-F6 -> 0 | I6: =(H6*[1]Summary!$C$6) -> 0 | J6: 4600 | K6: Diesel in
A7: 44624 | B7: 2 | C7: 8.3 | D7: 18 | E7: =D7-C7 -> 9.7 | F7: 1617208.4 | G7: 1617428 | H7: =G7-F7 -> 219.6 | I7: =(H7*[1]Summary!$C$6) -> 623.664 | J7: -523 | K7: Pump in to operation tank
A8: 44625 | B8: Close | E8: =D8-C8 -> 0 | H8: =G8-F8 -> 0 | I8: =(H8*[1]Summary!$C$6) -> 0 | J8: -100 | K8: Wood Chipper
A9: 44626 | E9: =D9-C9 -> 0 | H9: =G9-F9 -> 0 | I9: =(H9*[1]Summary!$C$6) -> 0
A10: 44626 | B10: 2 | C10: 8.3 | D10: 18 | E10: =D10-C10 -> 9.7 | F10: 1617428 | G10: 1617630 | H10: =G10-F10 -> 202 | I10: =(H10*[1]Summary!$C$6) -> 573.68
A11: 44627 | B11: Close | E11: =D11-C11 -> 0 | H11: =G11-F11 -> 0 | I11: =(H11*[1]Summary!$C$6) -> 0
A12: 44628 | B12: 2 | C12: 8.3 | D12: 15 | E12: =D12-C12 -> 6.7 | F12: 1617630 | G12: 1617792.5 | H12: =G12-F12 -> 162.5 | I12: =(H12*[1]Summary!$C$6) -> 461.5
A13: 44629 | B13: Close | E13: =D13-C13 -> 0 | H13: =G13-F13 -> 0 | I13: =(H13*[1]Summary!$C$6) -> 0
A14: 44630 | B14: 2 | C14: 8.3 | D14: 18 | E14: =D14-C14 -> 9.7 | F14: 1617792.5 | G14: 1617979.7 | H14: =G14-F14 -> 187.2 | I14: =(H14*[1]Summary!$C$6) -> 531.648 | J14: -70 | K14: Watersport
A15: 44632 | B15: 2 | C15: 8.3 | D15: 14.3 | E15: =D15-C15 -> 6 | F15: 1617979.7 | G15: 1618131.9 | H15: =G15-F15 -> 152.2 | I15: =(H15*[1]Summary!$C$6) -> 432.248
A16: 44633 | B16: Close | E16: =D16-C16 -> 0 | H16: =G16-F16 -> 0 | I16: =(H16*[1]Summary!$C$6) -> 0
A17: 44634 | B17: 2 | C17: 17 | D17: 19.3 | E17: =D17-C17 -> 2.3 | F17: 1618131.9 | G17: 1618168.9 | H17: =G17-F17 -> 37 | I17: =(H17*[1]Summary!$C$6) -> 105.08
A18: 44635 | B18: 2 | C18: 7.3 | D18: 18 | E18: =D18-C18 -> 10.7 | F18: 1618168.9 | G18: 1618357.5 | H18: =G18-F18 -> 188.6 | I18: =(H18*[1]Summary!$C$6) -> 535.624
A19: 44636 | B19: Close | E19: =D19-C19 -> 0 | H19: =G19-F19 -> 0 | I19: =(H19*[1]Summary!$C$6) -> 0
A20: 44637 | B20: 2 | C20: 8.3 | D20: 19 | E20: =D20-C20 -> 10.7 | F20: 1618357.5 | G20: 1618568 | H20: =G20-F20 -> 210.5 | I20: =(H20*[1]Summary!$C$6) -> 597.82
A21: 44638 | B21: Close | E21: =D21-C21 -> 0 | H21: =G21-F21 -> 0 | I21: =(H21*[1]Summary!$C$6) -> 0
A22: 44639 | B22: 2 | C22: 8.3 | D22: 18 | E22: =D22-C22 -> 9.7 | F22: 1618568 | G22: 1618920.4 | H22: =G22-F22 -> 352.4 | I22: =(H22*[1]Summary!$C$6) -> 1000.816
A23: 44640 | B23: 2 | C23: 8.3 | D23: 18 | E23: =D23-C23 -> 9.7 | F23: 1618920.4 | G23: 1619092.8 | H23: =G23-F23 -> 172.4 | I23: =(H23*[1]Summary!$C$6) -> 489.616
A24: 44641 | B24: Close | E24: =D24-C24 -> 0 | H24: =G24-F24 -> 0 | I24: =(H24*[1]Summary!$C$6) -> 0 | J24: -100 | K24: Water Sport
A25: 44642 | B25: 2 | C25: 8.3 | D25: 18 | E25: =D25-C25 -> 9.7 | F25: 1619092.8 | G25: 1619248.4 | H25: =G25-F25 -> 155.6 | I25: =(H25*[1]Summary!$C$6) -> 441.904 | J25: 4550 | K25: Diesel in
A26: 44643 | B26: 1 | C26: 13.3 | D26: 14.3 | E26: =D26-C26 -> 1 | F26: 1652194 | G26: 1652226.2 | H26: =G26-F26 -> 32.2 | I26: =(H26*[1]Summary!$C$6) -> 91.448
A27: 44644 | B27: 2 | C27: 8.3 | D27: 18 | E27: =D27-C27 -> 9.7 | F27: 1619248.4 | G27: 1619387 | H27: =G27-F27 -> 138.6 | I27: =(H27*[1]Summary!$C$6) -> 393.624
A28: 44645 | B28: 1 | C28: 8.3 | D28: 18 | E28: =D28-C28 -> 9.7 | F28: 1652226.2 | G28: 1652591.7 | H28: =G28-F28 -> 365.5 | I28: =(H28*[1]Summary!$C$6) -> 1038.02
A29: 44646 | B29: 1 | C29: 8.3 | D29: 18 | E29: =D29-C29 -> 9.7 | F29: 1652591.7 | G29: 1652962.3 | H29: =G29-F29 -> 370.6 | I29: =(H29*[1]Summary!$C$6) -> 1052.504
A30: 44647 | B30: Close | E30: =D30-C30 -> 0 | H30: =G30-F30 -> 0 | I30: =(H30*[1]Summary!$C$6) -> 0
A31: 44648 | B31: 1 | C31: 9 | D31: 18 | E31: =D31-C31 -> 9 | F31: 1652962.3 | G31: 1653243.2 | H31: =G31-F31 -> 280.9 | I31: =(H31*[1]Summary!$C$6) -> 797.756
A32: 44649 | B32: Close | E32: =D32-C32 -> 0 | H32: =G32-F32 -> 0 | I32: =(H32*[1]Summary!$C$6) -> 0
A33: 44650 | B33: 1 | C33: 8.48 | D33: 17 | E33: =D33-C33 -> 8.52 | F33: 1653243.2 | G33: 1653589.6 | H33: =G33-F33 -> 346.4 | I33: =(H33*[1]Summary!$C$6) -> 983.776
A34: 44651 | B34: Close | E34: =D34-C34 -> 0 | H34: =G34-F34 -> 0 | I34: =(H34*[1]Summary!$C$6) -> 0
E35: =D35-C35 -> 0 | H35: =G35-F35 -> 0 | I35: =(H35*[1]Summary!$C$6) -> 0
A36: Total | H36: =SUM(H4:H35) -> 3796.5 | I36: =SUM(I4:I35) -> 10782.06 | J36: =SUM(J4:J35)-H36 -> 4560.5 | K36: Balance (Litre)
