Workbook

Sheet TOTAL
A1: Site Name | B1: Day | C1: Month | D1: Year | E1: Total Electricity Kwh | F1: Electricity Tariff ($/Kwh) | G1: Natual Gas (m3) | H1: Natural Gas $/m3 | I1: Water Utility Supply (m3) m3 | J1: Water Utility Supply (m3) $/m3 | K1: Room Nights
A2: Orlando | B2: 1 | C2: 1 | D2: 2022 | E2: =Submetering!F3+Submetering!H3+Submetering!J3+Submetering!L3+Submetering!N3+Submetering!P3+Submetering!R3+Submetering!T3+Submetering!V3+Submetering!X3+Submetering!Z3+Submetering!AB3+Submetering!AC3+Submetering!AD3+Submetering!AE3 -> 105883 | F2: =((((Submetering!E3+Submetering!AD3)*0.13773+(Submetering!E3+Submetering!AD3)*0.02095)*1.09+(2.85/30)*2)+(((Submetering!F3+Submetering!H3+Submetering!J3+Submetering!L3+Submetering!N3+Submetering!P3+Submetering!R3+Submetering!T3+Submetering!V3+Submetering!X3+Submetering!Z3+Submetering!AB3+Submetering!AC3+Submetering!AE3)*0.05155)+((Submetering!F3+Submetering!H3+Submetering!J3+Submetering!L3+Submetering!N3+Submetering!P3+Submetering!R3+Submetering!T3+Submetering!V3+Submetering!X3+Submetering!Z3+Submetering!AB3+Submetering!AC3+Submetering!AE3)*0.02095)+(20/30)*15)*1.1048)/E2 -> 0.080524989 | G2: =Submetering!AK3+Submetering!AL3+Submetering!AU3 -> 1424.8252 | H2: 0.8166 | I2: =Submetering!AF3+Submetering!AG3+Submetering!AV3+Submetering!AY3+Submetering!AZ3 -> 1752.465 | J2: =((Submetering!AG3+Submetering!BA3)*0.8868+(1712.96+1070.52)/30+(Submetering!AF3+Submetering!AY3+Submetering!AV3+Submetering!AZ3)*1.1251+(2076.11+129.67+207.57+207.57)/30+(11680.53+56.61)/30)/I2 -> 1.417625 | K2: =Elect!C5 -> 242.25
A3: Orlando | B3: 3 | C3: 1 | D3: 2022 | E3: =Submetering!F4+Submetering!H4+Submetering!J4+Submetering!L4+Submetering!N4+Submetering!P4+Submetering!R4+Submetering!T4+Submetering!V4+Submetering!X4+Submetering!Z4+Submetering!AB4+Submetering!AC4+Submetering!AD4+Submetering!AE4 -> 280408 | F3: =((((Submetering!E4+Submetering!AD4)*0.13773+(Submetering!E4+Submetering!AD4)*0.02095)*1.09+(2.85/30)*2)+(((Submetering!F4+Submetering!H4+Submetering!J4+Submetering!L4+Submetering!N4+Submetering!P4+Submetering!R4+Submetering!T4+Submetering!V4+Submetering!X4+Submetering!Z4+Submetering!AB4+Submetering!AC4+Submetering!AE4)*0.05155)+((Submetering!F4+Submetering!H4+Submetering!J4+Submetering!L4+Submetering!N4+Submetering!P4+Submetering!R4+Submetering!T4+Submetering!V4+Submetering!X4+Submetering!Z4+Submetering!AB4+Submetering!AC4+Submetering!AE4)*0.02095)+(20/30)*15)*1.1048)/E3 -> 0.080862566 | G3: =Submetering!AK4+Submetering!AL4+Submetering!AU4 -> 6586.654 | H3: 0.8166 | I3: =Submetering!AF4+Submetering!AG4+Submetering!AV4+Submetering!AY4+Submetering!AZ4 -> 5054.4598 | J3: =((Submetering!AG4+Submetering!BA4)*0.8868+(1712.96+1070.52)/30+(Submetering!AF4+Submetering!AY4+Submetering!AV4+Submetering!AZ4)*1.1251+(2076.11+129.67+207.57+207.57)/30+(11680.53+56.61)/30)/I3 -> 1.2130453 | K3: =Elect!C6 -> 1355
A4: Orlando | B4: 10 | C4: 1 | D4: 2022 | E4: =Submetering!F5+Submetering!H5+Submetering!J5+Submetering!L5+Submetering!N5+Submetering!P5+Submetering!R5+Submetering!T5+Submetering!V5+Submetering!X5+Submetering!Z5+Submetering!AB5+Submetering!AC5+Submetering!AD5+Submetering!AE5 -> 286418 | F4: =((((Submetering!E5+Submetering!AD5)*0.13773+(Submetering!E5+Submetering!AD5)*0.02095)*1.09+(2.85/30)*2)+(((Submetering!F5+Submetering!H5+Submetering!J5+Submetering!L5+Submetering!N5+Submetering!P5+Submetering!R5+Submetering!T5+Submetering!V5+Submetering!X5+Submetering!Z5+Submetering!AB5+Submetering!AC5+Submetering!AE5)*0.05155)+((Submetering!F5+Submetering!H5+Submetering!J5+Submetering!L5+Submetering!N5+Submetering!P5+Submetering!R5+Submetering!T5+Submetering!V5+Submetering!X5+Submetering!Z5+Submetering!AB5+Submetering!AC5+Submetering!AE5)*0.02095)+(20/30)*15)*1.1048)/E4 -> 0.080762706 | G4: =Submetering!AK5+Submetering!AL5+Submetering!AU5 -> 8168.8638 | H4: 0.8166 | I4: =Submetering!AF5+Submetering!AG5+Submetering!AV5+Submetering!AY5+Submetering!AZ5 -> 4647.001 | J4: =((Submetering!AG5+Submetering!BA5)*0.8868+(1712.96+1070.52)/30+(Submetering!AF5+Submetering!AY5+Submetering!AV5+Submetering!AZ5)*1.1251+(2076.11+129.67+207.57+207.57)/30+(11680.53+56.61)/30)/I4 -> 1.2293122 | K4: =Elect!C7 -> 1610
A5: Orlando | B5: 17 | C5: 1 | D5: 2022 | E5: =Submetering!F6+Submetering!H6+Submetering!J6+Submetering!L6+Submetering!N6+Submetering!P6+Submetering!R6+Submetering!T6+Submetering!V6+Submetering!X6+Submetering!Z6+Submetering!AB6+Submetering!AC6+Submetering!AD6+Submetering!AE6 -> 279751 | F5: =((((Submetering!E6+Submetering!AD6)*0.13773+(Submetering!E6+Submetering!AD6)*0.02095)*1.09+(2.85/30)*2)+(((Submetering!F6+Submetering!H6+Submetering!J6+Submetering!L6+Submetering!N6+Submetering!P6+Submetering!R6+Submetering!T6+Submetering!V6+Submetering!X6+Submetering!Z6+Submetering!AB6+Submetering!AC6+Submetering!AE6)*0.05155)+((Submetering!F6+Submetering!H6+Submetering!J6+Submetering!L6+Submetering!N6+Submetering!P6+Submetering!R6+Submetering!T6+Submetering!V6+Submetering!X6+Submetering!Z6+Submetering!AB6+Submetering!AC6+Submetering!AE6)*0.02095)+(20/30)*15)*1.1048)/E5 -> 0.08072582 | G5: =Submetering!AK6+Submetering!AL6+Submetering!AU6 -> 8793.7472 | H5: 0.8166 | I5: =Submetering!AF6+Submetering!AG6+Submetering!AV6+Submetering!AY6+Submetering!AZ6 -> 4520.7118 | J5: =((Submetering!AG6+Submetering!BA6)*0.8868+(1712.96+1070.52)/30+(Submetering!AF6+Submetering!AY6+Submetering!AV6+Submetering!AZ6)*1.1251+(2076.11+129.67+207.57+207.57)/30+(11680.53+56.61)/30)/I5 -> 1.2385967 | K5: =Elect!C8 -> 1849
A6: Orlando | B6: 24 | C6: 1 | D6: 2022 | E6: =Submetering!F7+Submetering!H7+Submetering!J7+Submetering!L7+Submetering!N7+Submetering!P7+Submetering!R7+Submetering!T7+Submetering!V7+Submetering!X7+Submetering!Z7+Submetering!AB7+Submetering!AC7+Submetering!AD7+Submetering!AE7 -> 261801 | F6: =((((Submetering!E7+Submetering!AD7)*0.13773+(Submetering!E7+Submetering!AD7)*0.02095)*1.09+(2.85/30)*2)+(((Submetering!F7+Submetering!H7+Submetering!J7+Submetering!L7+Submetering!N7+Submetering!P7+Submetering!R7+Submetering!T7+Submetering!V7+Submetering!X7+Submetering!Z7+Submetering!AB7+Submetering!AC7+Submetering!AE7)*0.05155)+((Submetering!F7+Submetering!H7+Submetering!J7+Submetering!L7+Submetering!N7+Submetering!P7+Submetering!R7+Submetering!T7+Submetering!V7+Submetering!X7+Submetering!Z7+Submetering!AB7+Submetering!AC7+Submetering!AE7)*0.02095)+(20/30)*15)*1.1048)/E6 -> 0.080697066 | G6: =Submetering!AK7+Submetering!AL7+Submetering!AU7 -> 9082.3306 | H6: 0.8166 | I6: =Submetering!AF7+Submetering!AG7+Submetering!AV7+Submetering!AY7+Submetering!AZ7 -> 3812.8896 | J6: =((Submetering!AG7+Submetering!BA7)*0.8868+(1712.96+1070.52)/30+(Submetering!AF7+Submetering!AY7+Submetering!AV7+Submetering!AZ7)*1.1251+(2076.11+129.67+207.57+207.57)/30+(11680.53+56.61)/30)/I6 -> 1.2732171 | K6: =Elect!C9 -> 724
A7: Orlando | B7: 31 | C7: 1 | D7: 2022 | E7: =Submetering!F8+Submetering!H8+Submetering!J8+Submetering!L8+Submetering!N8+Submetering!P8+Submetering!R8+Submetering!T8+Submetering!V8+Submetering!X8+Submetering!Z8+Submetering!AB8+Submetering!AC8+Submetering!AD8+Submetering!AE8 -> 280505 | F7: =((((Submetering!E8+Submetering!AD8)*0.13773+(Submetering!E8+Submetering!AD8)*0.02095)*1.09+(2.85/30)*2)+(((Submetering!F8+Submetering!H8+Submetering!J8+Submetering!L8+Submetering!N8+Submetering!P8+Submetering!R8+Submetering!T8+Submetering!V8+Submetering!X8+Submetering!Z8+Submetering!AB8+Submetering!AC8+Submetering!AE8)*0.05155)+((Submetering!F8+Submetering!H8+Submetering!J8+Submetering!L8+Submetering!N8+Submetering!P8+Submetering!R8+Submetering!T8+Submetering!V8+Submetering!X8+Submetering!Z8+Submetering!AB8+Submetering!AC8+Submetering!AE8)*0.02095)+(20/30)*15)*1.1048)/E7 -> 0.080991603 | G7: =Submetering!AK8+Submetering!AL8+Submetering!AU8 -> 7215.915 | H7: 0.8166 | I7: =Submetering!AF8+Submetering!AG8+Submetering!AV8+Submetering!AY8+Submetering!AZ8 -> 4725.3304 | J7: =((Submetering!AG8+Submetering!BA8)*0.8868+(1712.96+1070.52)/30+(Submetering!AF8+Submetering!AY8+Submetering!AV8+Submetering!AZ8)*1.1251+(2076.11+129.67+207.57+207.57)/30+(11680.53+56.61)/30)/I7 -> 1.2277025 | K7: =Elect!C10 -> 1557
A8: Orlando | B8: 7 | C8: 2 | D8: 2022 | E8: =Submetering!F9+Submetering!H9+Submetering!J9+Submetering!L9+Submetering!N9+Submetering!P9+Submetering!R9+Submetering!T9+Submetering!V9+Submetering!X9+Submetering!Z9+Submetering!AB9+Submetering!AC9+Submetering!AD9+Submetering!AE9 -> 260532 | F8: =((((Submetering!E9+Submetering!AD9)*0.13773+(Submetering!E9+Submetering!AD9)*0.02095)*1.09+(2.85/30)*2)+(((Submetering!F9+Submetering!H9+Submetering!J9+Submetering!L9+Submetering!N9+Submetering!P9+Submetering!R9+Submetering!T9+Submetering!V9+Submetering!X9+Submetering!Z9+Submetering!AB9+Submetering!AC9+Submetering!AE9)*0.05155)+((Submetering!F9+Submetering!H9+Submetering!J9+Submetering!L9+Submetering!N9+Submetering!P9+Submetering!R9+Submetering!T9+Submetering!V9+Submetering!X9+Submetering!Z9+Submetering!AB9+Submetering!AC9+Submetering!AE9)*0.02095)+(20/30)*15)*1.1048)/E8 -> 0.080416304 | G8: =Submetering!AK9+Submetering!AL9+Submetering!AU9 -> 4121.6472 | H8: 0.8166 | I8: =Submetering!AF9+Submetering!AG9+Submetering!AV9+Submetering!AY9+Submetering!AZ9 -> 4498.5388 | J8: =((Submetering!AG9+Submetering!BA9)*0.8868+(1712.96+1070.52)/30+(Submetering!AF9+Submetering!AY9+Submetering!AV9+Submetering!AZ9)*1.1251+(2076.11+129.67+207.57+207.57)/30+(11680.53+56.61)/30)/I8 -> 1.237892 | K8: =Elect!C11 -> 1315
A9: Orlando | B9: 14 | C9: 2 | D9: 2022 | E9: =Submetering!F10+Submetering!H10+Submetering!J10+Submetering!L10+Submetering!N10+Submetering!P10+Submetering!R10+Submetering!T10+Submetering!V10+Submetering!X10+Submetering!Z10+Submetering!AB10+Submetering!AC10+Submetering!AD10+Submetering!AE10 -> 316895 | F9: =((((Submetering!E10+Submetering!AD10)*0.13773+(Submetering!E10+Submetering!AD10)*0.02095)*1.09+(2.85/30)*2)+(((Submetering!F10+Submetering!H10+Submetering!J10+Submetering!L10+Submetering!N10+Submetering!P10+Submetering!R10+Submetering!T10+Submetering!V10+Submetering!X10+Submetering!Z10+Submetering!AB10+Submetering!AC10+Submetering!AE10)*0.05155)+((Submetering!F10+Submetering!H10+Submetering!J10+Submetering!L10+Submetering!N10+Submetering!P10+Submetering!R10+Submetering!T10+Submetering!V10+Submetering!X10+Submetering!Z10+Submetering!AB10+Submetering!AC10+Submetering!AE10)*0.02095)+(20/30)*15)*1.1048)/E9 -> 0.080646166 | G9: =Submetering!AK10+Submetering!AL10+Submetering!AU10 -> 10809.195 | H9: 0.8166 | I9: =Submetering!AF10+Submetering!AG10+Submetering!AV10+Submetering!AY10+Submetering!AZ10 -> 5814.171 | J9: =((Submetering!AG10+Submetering!BA10)*0.8868+(1712.96+1070.52)/30+(Submetering!AF10+Submetering!AY10+Submetering!AV10+Submetering!AZ10)*1.1251+(2076.11+129.67+207.57+207.57)/30+(11680.53+56.61)/30)/I9 -> 1.2057537 | K9: =Elect!C12 -> 2448
A10: Orlando | B10: 21 | C10: 2 | D10: 2022 | E10: =Submetering!F11+Submetering!H11+Submetering!J11+Submetering!L11+Submetering!N11+Submetering!P11+Submetering!R11+Submetering!T11+Submetering!V11+Submetering!X11+Submetering!Z11+Submetering!AB11+Submetering!AC11+Submetering!AD11+Submetering!AE11 -> 344088 | F10: =((((Submetering!E11+Submetering!AD11)*0.13773+(Submetering!E11+Submetering!AD11)*0.02095)*1.09+(2.85/30)*2)+(((Submetering!F11+Submetering!H11+Submetering!J11+Submetering!L11+Submetering!N11+Submetering!P11+Submetering!R11+Submetering!T11+Submetering!V11+Submetering!X11+Submetering!Z11+Submetering!AB11+Submetering!AC11+Submetering!AE11)*0.05155)+((Submetering!F11+Submetering!H11+Submetering!J11+Submetering!L11+Submetering!N11+Submetering!P11+Submetering!R11+Submetering!T11+Submetering!V11+Submetering!X11+Submetering!Z11+Submetering!AB11+Submetering!AC11+Submetering!AE11)*0.02095)+(20/30)*15)*1.1048)/E10 -> 0.080661383 | G10: =Submetering!AK11+Submetering!AL11+Submetering!AU11 -> 4867.116 | H10: 0.8166 | I10: =Submetering!AF11+Submetering!AG11+Submetering!AV11+Submetering!AY11+Submetering!AZ11 -> 6283.1328 | J10: =((Submetering!AG11+Submetering!BA11)*0.8868+(1712.96+1070.52)/30+(Submetering!AF11+Submetering!AY11+Submetering!AV11+Submetering!AZ11)*1.1251+(2076.11+129.67+207.57+207.57)/30+(11680.53+56.61)/30)/I10 -> 1.1954698 | K10: =Elect!C13 -> 2437
A11: Orlando | B11: 28 | C11: 2 | D11: 2022 | E11: =Submetering!F12+Submetering!H12+Submetering!J12+Submetering!L12+Submetering!N12+Submetering!P12+Submetering!R12+Submetering!T12+Submetering!V12+Submetering!X12+Submetering!Z12+Submetering!AB12+Submetering!AC12+Submetering!AD12+Submetering!AE12 -> 296800 | F11: =((((Submetering!E12+Submetering!AD12)*0.13773+(Submetering!E12+Submetering!AD12)*0.02095)*1.09+(2.85/30)*2)+(((Submetering!F12+Submetering!H12+Submetering!J12+Submetering!L12+Submetering!N12+Submetering!P12+Submetering!R12+Submetering!T12+Submetering!V12+Submetering!X12+Submetering!Z12+Submetering!AB12+Submetering!AC12+Submetering!AE12)*0.05155)+((Submetering!F12+Submetering!H12+Submetering!J12+Submetering!L12+Submetering!N12+Submetering!P12+Submetering!R12+Submetering!T12+Submetering!V12+Submetering!X12+Submetering!Z12+Submetering!AB12+Submetering!AC12+Submetering!AE12)*0.02095)+(20/30)*15)*1.1048)/E11 -> 0.080660521 | G11: =Submetering!AK12+Submetering!AL12+Submetering!AU12 -> 5659.7466 | H11: 0.8166 | I11: =Submetering!AF12+Submetering!AG12+Submetering!AV12+Submetering!AY12+Submetering!AZ12 -> 5705.776 | J11: =((Submetering!AG12+Submetering!BA12)*0.8868+(1712.96+1070.52)/30+(Submetering!AF12+Submetering!AY12+Submetering!AV12+Submetering!AZ12)*1.1251+(2076.11+129.67+207.57+207.57)/30+(11680.53+56.61)/30)/I11 -> 1.2029924 | K11: =Elect!C14 -> 2097
A12: Orlando | B12: 7 | C12: 3 | D12: 2022 | E12: =Submetering!F13+Submetering!H13+Submetering!J13+Submetering!L13+Submetering!N13+Submetering!P13+Submetering!R13+Submetering!T13+Submetering!V13+Submetering!X13+Submetering!Z13+Submetering!AB13+Submetering!AC13+Submetering!AD13+Submetering!AE13 -> 348260 | F12: =((((Submetering!E13+Submetering!AD13)*0.13773+(Submetering!E13+Submetering!AD13)*0.02095)*1.09+(2.85/30)*2)+(((Submetering!F13+Submetering!H13+Submetering!J13+Submetering!L13+Submetering!N13+Submetering!P13+Submetering!R13+Submetering!T13+Submetering!V13+Submetering!X13+Submetering!Z13+Submetering!AB13+Submetering!AC13+Submetering!AE13)*0.05155)+((Submetering!F13+Submetering!H13+Submetering!J13+Submetering!L13+Submetering!N13+Submetering!P13+Submetering!R13+Submetering!T13+Submetering!V13+Submetering!X13+Submetering!Z13+Submetering!AB13+Submetering!AC13+Submetering!AE13)*0.02095)+(20/30)*15)*1.1048)/E12 -> 0.080669363 | G12: =Submetering!AK13+Submetering!AL13+Submetering!AU13 -> 4913.8864 | H12: 0.8166 | I12: =Submetering!AF13+Submetering!AG13+Submetering!AV13+Submetering!AY13+Submetering!AZ13 -> 5010.1328 | J12: =((Submetering!AG13+Submetering!BA13)*0.8868+(1712.96+1070.52)/30+(Submetering!AF13+Submetering!AY13+Submetering!AV13+Submetering!AZ13)*1.1251+(2076.11+129.67+207.57+207.57)/30+(11680.53+56.61)/30)/I12 -> 1.2312131 | K12: =Elect!C15 -> 2923
A13: Orlando | B13: 14 | C13: 3 | D13: 2022 | E13: =Submetering!F14+Submetering!H14+Submetering!J14+Submetering!L14+Submetering!N14+Submetering!P14+Submetering!R14+Submetering!T14+Submetering!V14+Submetering!X14+Submetering!Z14+Submetering!AB14+Submetering!AC14+Submetering!AD14+Submetering!AE14 -> 324382 | F13: =((((Submetering!E14+Submetering!AD14)*0.13773+(Submetering!E14+Submetering!AD14)*0.02095)*1.09+(2.85/30)*2)+(((Submetering!F14+Submetering!H14+Submetering!J14+Submetering!L14+Submetering!N14+Submetering!P14+Submetering!R14+Submetering!T14+Submetering!V14+Submetering!X14+Submetering!Z14+Submetering!AB14+Submetering!AC14+Submetering!AE14)*0.05155)+((Submetering!F14+Submetering!H14+Submetering!J14+Submetering!L14+Submetering!N14+Submetering!P14+Submetering!R14+Submetering!T14+Submetering!V14+Submetering!X14+Submetering!Z14+Submetering!AB14+Submetering!AC14+Submetering!AE14)*0.02095)+(20/30)*15)*1.1048)/E13 -> 0.080641548 | G13: =Submetering!AK14+Submetering!AL14+Submetering!AU14 -> 1344.8162 | H13: 0.8166 | I13: =Submetering!AF14+Submetering!AG14+Submetering!AV14+Submetering!AY14+Submetering!AZ14 -> 5668.0002 | J13: =((Submetering!AG14+Submetering!BA14)*0.8868+(1712.96+1070.52)/30+(Submetering!AF14+Submetering!AY14+Submetering!AV14+Submetering!AZ14)*1.1251+(2076.11+129.67+207.57+207.57)/30+(11680.53+56.61)/30)/I13 -> 1.2078636 | K13: =Elect!C16 -> 2919
... A62: Orlando | B62: 31 | C62: 12 | D62: 2022 | E62: =Submetering!F63+Submetering!H63+Submetering!J63+Submetering!L63+Submetering!N63+Submetering!P63+Submetering!R63+Submetering!T63+Submetering!V63+Submetering!X63+Submetering!Z63+Submetering!AB63+Submetering!AC63+Submetering!AD63+Submetering!AE63 -> 0 | F62: =((((Submetering!E63+Submetering!AD63)*0.13773+(Submetering!E63+Submetering!AD63)*0.02095)*1.09+(2.85/30)*2)+(((Submetering!F63+Submetering!H63+Submetering!J63+Submetering!L63+Submetering!N63+Submetering!P63+Submetering!R63+Submetering!T63+Submetering!V63+Submetering!X63+Submetering!Z63+Submetering!AB63+Submetering!AC63+Submetering!AE63)*0.05155)+((Submetering!F63+Submetering!H63+Submetering!J63+Submetering!L63+Submetering!N63+Submetering!P63+Submetering!R63+Submetering!T63+Submetering!V63+Submetering!X63+Submetering!Z63+Submetering!AB63+Submetering!AC63+Submetering!AE63)*0.02095)+(20/30)*15)*1.1048)/E62 -> #DIV/0! | G62: =Submetering!AK63+Submetering!AL63+Submetering!AU63 -> 0 | H62: 2.8166 | I62: =Submetering!AF63+Submetering!AG63+Submetering!AV63+Submetering!AY63+Submetering!AZ63 -> 0 | J62: =((Submetering!AG63+Submetering!BA63)*0.8868+(1712.96+1070.52)/30+(Submetering!AF63+Submetering!AY63+Submetering!AV63+Submetering!AZ63)*1.1251+(2076.11+129.67+207.57+207.57)/30+(11680.53+56.61)/30)/I62 -> #DIV/0! | K62: =Elect!C65 -> 0

Sheet Submetering
A1: Site Name | B1: Day | C1: Month | D1: Year | E1: 90 630 431 (KWh) | F1: 68 425 010 (KWh) | G1: T2392 (KWh) | H1: 68 425 008 (KWh) | I1: T7384 (KWh) | J1: 68 425 060 (KWh) | K1: T7380 (KWh) | L1: 68 425 097 (KWh) | M1: T7281 (KWh) | N1: 68 425 059 (KWh) | O1: T2390 (KWh) | P1: 68 425 077 (KWh) | Q1: T2395 (KWh) | R1: 68 425 078 (KWh) | S1: T2393 (KWh) | T1: 68 425 071 (KWh) | U1: T7285 (KWh) | V1: 68 425 093 (KWh) | W1: T7382 (KWh) | X1: 68 425 094 (KWh) | Y1: T2391 (KWh) | Z1: 90 625 242 (KWh) | AA1: T7283 (KWh) | AB1: 672 73 163 (KWh) | AC1: 676 62 513 (KWh) | AD1: 61 979 920 (KWh) | AE1: 56 253 208 (KWh) | AF1: Domestic Water from RCES 74860172 (m3) | AG1: Re-use Water from RCES 74860173 (m3) | AH1: Building A Fire Sprinkler System Make-up 44553004 (m3) | AI1: Building A Potable Water Feed 70275191 (m3) | AJ1: Steam Boilers Make-up Water 2130521 (m3) | AK1: Resort Natural Gas Meter 12C004186-C1 (m3) | AL1: Out Buildings Natural Gas Meter 93477704 (m3) | AM1: Cooling Tower Make-up Water 79177804 (m3) | AN1: Cooling Tower Blowdown Line Deduct 79305675 (m3) | AO1: Building E Potable Water Meter 79190041 (m3) | AP1: 7919004D | AQ1: Building J Irrigation Water Meter 79190039 (m3) | AR1: Lazy Pool River Make-up Water 79324776 (m3) | AS1: Pool Hydraunic Boiler Water Make-up 112014001775 (m3) | AT1: SPA Jacuzzi Water Make-up 112014001771 (m3) | AU1: Golf Clubhouse Natural Gas Meter 82SJ729151 (m3) | AV1: 73337589 - 1387142 | AW1: Golf Clubhouse Flushing Valve Deduct 65956268 (m3) | AX1: Clubhouse | AY1: Golf Maintenance Facility 1334021 (m3) | AZ1: Golf Course Comfort Stations 63265094 (m3) | BA1: Golf Course Re-use Irrigation 67327447 (m3)
A2: Orlando | B2: 1 | C2: 1 | D2: 2022 | E2: =IF(Elect!AL4<0,"0",Elect!AL4) -> 0 | F2: =IF(Elect!I4<0,"0",Elect!I4) -> 0 | G2: =Elect!H4 -> 2.565 | H2: =IF(Elect!F4<0,"0",Elect!F4) -> 0 | I2: =Elect!E4 -> 1.923 | J2: =IF(Elect!U4<0,"0",Elect!U4) -> 0 | K2: =Elect!T4 -> 2.249 | L2: =IF(Elect!AJ4<0,"0",Elect!AJ4) -> 0 | M2: =Elect!AI4 -> 0.294 | N2: =IF(Elect!X4<0,"0",Elect!X4) -> 0 | O2: =Elect!W4 -> 1.671 | P2: =IF(Elect!O4<0,"0",Elect!O4) -> 0 | Q2: =Elect!N4 -> 2.73 | R2: =IF(Elect!L4<0,"0",Elect!L4) -> 0 | S2: =Elect!K4 -> 3.65 | T2: =IF(Elect!R4<0,"0",Elect!R4) -> 0 | U2: =Elect!Q4 -> 3.73 | V2: =IF(Elect!AA4<0,"0",Elect!AA4) -> 0 | W2: =Elect!Z4 -> 2.75 | X2: =IF(Elect!AD4<0,"0",Elect!AD4) -> 0 | Y2: =Elect!AC4 -> 2.31 | Z2: =IF(Elect!AG4<0,"0",Elect!AG4) -> 0 | AA2: =Elect!AF4 -> 2.166 | AB2: =IF(Elect!AX4<0,"0",Elect!AX4) -> 0 | AC2: =IF(Elect!AV4<0,"0",Elect!AV4) -> 0 | AD2: =IF(Elect!AZ4<0,"0",Elect!AZ4) -> 0 | AE2: =IF(Elect!BB4<0,"0",Elect!BB4) -> 0 | AF2: =IF('Wtr-Gas'!E4<0,"0",('Wtr-Gas'!E4)*0.0038) -> 0 | AG2: =IF('Wtr-Gas'!H4<0,"0",('Wtr-Gas'!H4)*0.0038) -> 0 | AH2: =IF('Wtr-Gas'!K4<0,"0",('Wtr-Gas'!K4)*0.0038) -> 0 | AI2: =IF('Wtr-Gas'!N4<0,"0",('Wtr-Gas'!N4)*0.0038) -> 0 | AJ2: =IF('Wtr-Gas'!Q4<0,"0",('Wtr-Gas'!Q4)*0.0038) -> 0 | AK2: =IF('Wtr-Gas'!U4<0,"0",('Wtr-Gas'!U4)*0.0038) -> 0 | AL2: =IF('Wtr-Gas'!X4<0,"0",('Wtr-Gas'!X4)*0.0038) -> 0 | AM2: =IF('Wtr-Gas'!AB4<0,"0",('Wtr-Gas'!AB4)*0.0038) -> 0 | AN2: =IF('Wtr-Gas'!AD4<0,"0",('Wtr-Gas'!AD4)*0.0038) -> 0 | AO2: =IF('Wtr-Gas'!AF4<0,"0",('Wtr-Gas'!AF4)*0.0038) -> 0 | AP2: =IF('Wtr-Gas'!AH4<0,"0",('Wtr-Gas'!AH4)*0.0038) -> 0 | AQ2: =IF('Wtr-Gas'!AJ4<0,"0",('Wtr-Gas'!AJ4)*0.0038) -> 0 | AR2: =IF('Wtr-Gas'!AL4<0,"0",('Wtr-Gas'!AL4)*0.0038) -> 0 | AS2: =IF('Wtr-Gas'!AN4<0,"0",('Wtr-Gas'!AN4)*0.0038) -> 0 | AT2: =IF('Wtr-Gas'!AP4<0,"0",('Wtr-Gas'!AP4)*0.0038) -> 0 | AU2: =IF('Wtr-Gas'!AT4<0,"0",('Wtr-Gas'!AT4)*0.0038) -> 0 | AV2: =IF('Wtr-Gas'!AW4<0,"0",('Wtr-Gas'!AW4)*0.0038) -> 0 | AW2: =IF('Wtr-Gas'!AY4<0,"0",('Wtr-Gas'!AY4)*0.0038) -> 0 | AX2: =IF('Wtr-Gas'!AZ4<0,"0",('Wtr-Gas'!AZ4)*0.0038) -> 0 | AY2: =IF('Wtr-Gas'!BB4<0,"0",('Wtr-Gas'!BB4)*0.0038) -> 0 | AZ2: =IF('Wtr-Gas'!BD4<0,"0",('Wtr-Gas'!BD4)*0.0038) -> 0 | BA2: =IF('Wtr-Gas'!BF4<0,"0",('Wtr-Gas'!BF4)*0.0038) -> 0
A3: Orlando | B3: 3 | C3: 1 | D3: 2022 | E3: =IF(Elect!AL5<0,"0",Elect!AL5) -> 23 | F3: =IF(Elect!I5<0,"0",Elect!I5) -> 14560 | G3: =Elect!H5 -> 2.565 | H3: =IF(Elect!F5<0,"0",Elect!F5) -> 19680 | I3: =Elect!E5 -> 1.923 | J3: =IF(Elect!U5<0,"0",Elect!U5) -> 18300 | K3: =Elect!T5 -> 2.249 | L3: =IF(Elect!AJ5<0,"0",Elect!AJ5) -> 400 | M3: =Elect!AI5 -> 0.297 | N3: =IF(Elect!X5<0,"0",Elect!X5) -> 17700 | O3: =Elect!W5 -> 1.838 | P3: =IF(Elect!O5<0,"0",Elect!O5) -> 3200 | Q3: =Elect!N5 -> 3.73 | R3: =IF(Elect!L5<0,"0",Elect!L5) -> 3600 | S3: =Elect!K5 -> 3.65 | T3: =IF(Elect!R5<0,"0",Elect!R5) -> 3200 | U3: =Elect!Q5 -> 3.73 | V3: =IF(Elect!AA5<0,"0",Elect!AA5) -> 1440 | W3: =Elect!Z5 -> 2.75 | X3: =IF(Elect!AD5<0,"0",Elect!AD5) -> 960 | Y3: =Elect!AC5 -> 2.31 | Z3: =IF(Elect!AG5<0,"0",Elect!AG5) -> 15200 | AA3: =Elect!AF5 -> 2.166 | AB3: =IF(Elect!AX5<0,"0",Elect!AX5) -> 600 | AC3: =IF(Elect!AV5<0,"0",Elect!AV5) -> 6200 | AD3: =IF(Elect!AZ5<0,"0",Elect!AZ5) -> 323 | AE3: =IF(Elect!BB5<0,"0",Elect!BB5) -> 520 | AF3: =IF('Wtr-Gas'!E5<0,"0",('Wtr-Gas'!E5)*0.0038) -> 1415.196 | AG3: =IF('Wtr-Gas'!H5<0,"0",('Wtr-Gas'!H5)*0.0038) -> 246.658 | AH3: =IF('Wtr-Gas'!K5<0,"0",('Wtr-Gas'!K5)*0.0038) -> 0.114 | AI3: =IF('Wtr-Gas'!N5<0,"0",('Wtr-Gas'!N5)*0.0038) -> 1064 | AJ3: =IF('Wtr-Gas'!Q5<0,"0",('Wtr-Gas'!Q5)*0.0038) -> 44.84 | AK3: =IF('Wtr-Gas'!U5<0,"0",('Wtr-Gas'!U5)*0.0038) -> 291.46 | AL3: =IF('Wtr-Gas'!X5<0,"0",('Wtr-Gas'!X5)*0.0038) -> 1133.16 | AM3: =IF('Wtr-Gas'!AB5<0,"0",('Wtr-Gas'!AB5)*0.0038) -> 2470 | AN3: =IF('Wtr-Gas'!AD5<0,"0",('Wtr-Gas'!AD5)*0.0038) -> 657.45358 | AO3: =IF('Wtr-Gas'!AF5<0,"0",('Wtr-Gas'!AF5)*0.0038) -> 2.964 | AP3: =IF('Wtr-Gas'!AH5<0,"0",('Wtr-Gas'!AH5)*0.0038) -> 43.13 | AQ3: =IF('Wtr-Gas'!AJ5<0,"0",('Wtr-Gas'!AJ5)*0.0038) -> 10.4766 | AR3: =IF('Wtr-Gas'!AL5<0,"0",('Wtr-Gas'!AL5)*0.0038) -> 193.8 | AS3: =IF('Wtr-Gas'!AN5<0,"0",('Wtr-Gas'!AN5)*0.0038) -> 0.0114 | AT3: =IF('Wtr-Gas'!AP5<0,"0",('Wtr-Gas'!AP5)*0.0038) -> 3.42 | AU3: =IF('Wtr-Gas'!AT5<0,"0",('Wtr-Gas'!AT5)*0.0038) -> 0.2052 | AV3: =IF('Wtr-Gas'!AW5<0,"0",('Wtr-Gas'!AW5)*0.0038) -> 88.331 | AW3: =IF('Wtr-Gas'!AY5<0,"0",('Wtr-Gas'!AY5)*0.0038) -> 64.104936 | AX3: =IF('Wtr-Gas'!AZ5<0,"0",('Wtr-Gas'!AZ5)*0.0038) -> 24.226064 | AY3: =IF('Wtr-Gas'!BB5<0,"0",('Wtr-Gas'!BB5)*0.0038) -> 1.52 | AZ3: =IF('Wtr-Gas'!BD5<0,"0",('Wtr-Gas'!BD5)*0.0038) -> 0.76 | BA3: =IF('Wtr-Gas'!BF5<0,"0",('Wtr-Gas'!BF5)*0.0038) -> 0.038
A4: Orlando | B4: 10 | C4: 1 | D4: 2022 | E4: =IF(Elect!AL6<0,"0",Elect!AL6) -> 730 | F4: =IF(Elect!I6<0,"0",Elect!I6) -> 51200 | G4: =Elect!H6 -> 2.565 | H4: =IF(Elect!F6<0,"0",Elect!F6) -> 40320 | I4: =Elect!E6 -> 1.923 | J4: =IF(Elect!U6<0,"0",Elect!U6) -> 42000 | K4: =Elect!T6 -> 2.249 | L4: =IF(Elect!AJ6<0,"0",Elect!AJ6) -> 1440 | M4: =Elect!AI6 -> 0.297 | N4: =IF(Elect!X6<0,"0",Elect!X6) -> 33900 | O4: =Elect!W6 -> 1.838 | P4: =IF(Elect!O6<0,"0",Elect!O6) -> 9200 | Q4: =Elect!N6 -> 2.73 | R4: =IF(Elect!L6<0,"0",Elect!L6) -> 10800 | S4: =Elect!K6 -> 3.65 | T4: =IF(Elect!R6<0,"0",Elect!R6) -> 10000 | U4: =Elect!Q6 -> 3.73 | V4: =IF(Elect!AA6<0,"0",Elect!AA6) -> 5440 | W4: =Elect!Z6 -> 3.16 | X4: =IF(Elect!AD6<0,"0",Elect!AD6) -> 3680 | Y4: =Elect!AC6 -> 3.23 | Z4: =IF(Elect!AG6<0,"0",Elect!AG6) -> 54200 | AA4: =Elect!AF6 -> 2.166 | AB4: =IF(Elect!AX6<0,"0",Elect!AX6) -> 1800 | AC4: =IF(Elect!AV6<0,"0",Elect!AV6) -> 13200 | AD4: =IF(Elect!AZ6<0,"0",Elect!AZ6) -> 828 | AE4: =IF(Elect!BB6<0,"0",Elect!BB6) -> 2400 | AF4: =IF('Wtr-Gas'!E6<0,"0",('Wtr-Gas'!E6)*0.0038) -> 4305.134 | AG4: =IF('Wtr-Gas'!H6<0,"0",('Wtr-Gas'!H6)*0.0038) -> 533.026 | AH4: =IF('Wtr-Gas'!K6<0,"0",('Wtr-Gas'!K6)*0.0038) -> 0.798 | AI4: =IF('Wtr-Gas'!N6<0,"0",('Wtr-Gas'!N6)*0.0038) -> 2967.8 | AJ4: =IF('Wtr-Gas'!Q6<0,"0",('Wtr-Gas'!Q6)*0.0038) -> 147.44 | AK4: =IF('Wtr-Gas'!U6<0,"0",('Wtr-Gas'!U6)*0.0038) -> 954.56 | AL4: =IF('Wtr-Gas'!X6<0,"0",('Wtr-Gas'!X6)*0.0038) -> 5631.6 | AM4: =IF('Wtr-Gas'!AB6<0,"0",('Wtr-Gas'!AB6)*0.0038) -> 4864 | AN4: =IF('Wtr-Gas'!AD6<0,"0",('Wtr-Gas'!AD6)*0.0038) -> 1206.006 | AO4: =IF('Wtr-Gas'!AF6<0,"0",('Wtr-Gas'!AF6)*0.0038) -> 10.336 | AP4: =IF('Wtr-Gas'!AH6<0,"0",('Wtr-Gas'!AH6)*0.0038) -> 146.908 | AQ4: =IF('Wtr-Gas'!AJ6<0,"0",('Wtr-Gas'!AJ6)*0.0038) -> 46.607 | AR4: =IF('Wtr-Gas'!AL6<0,"0",('Wtr-Gas'!AL6)*0.0038) -> 752.4 | AS4: =IF('Wtr-Gas'!AN6<0,"0",('Wtr-Gas'!AN6)*0.0038) -> 0.0646 | AT4: =IF('Wtr-Gas'!AP6<0,"0",('Wtr-Gas'!AP6)*0.0038) -> 10.64 | AU4: =IF('Wtr-Gas'!AT6<0,"0",('Wtr-Gas'!AT6)*0.0038) -> 0.494 | AV4: =IF('Wtr-Gas'!AW6<0,"0",('Wtr-Gas'!AW6)*0.0038) -> 195.0198 | AW4: =IF('Wtr-Gas'!AY6<0,"0",('Wtr-Gas'!AY6)*0.0038) -> 150.3109 | AX4: =IF('Wtr-Gas'!AZ6<0,"0",('Wtr-Gas'!AZ6)*0.0038) -> 44.7089 | AY4: =IF('Wtr-Gas'!BB6<0,"0",('Wtr-Gas'!BB6)*0.0038) -> 20.14 | AZ4: =IF('Wtr-Gas'!BD6<0,"0",('Wtr-Gas'!BD6)*0.0038) -> 1.14 | BA4: =IF('Wtr-Gas'!BF6<0,"0",('Wtr-Gas'!BF6)*0.0038) -> 0.171
A5: Orlando | B5: 17 | C5: 1 | D5: 2022 | E5: =IF(Elect!AL7<0,"0",Elect!AL7) -> 661 | F5: =IF(Elect!I7<0,"0",Elect!I7) -> 53280 | G5: =Elect!H7 -> 2.565 | H5: =IF(Elect!F7<0,"0",Elect!F7) -> 42560 | I5: =Elect!E7 -> 1.961 | J5: =IF(Elect!U7<0,"0",Elect!U7) -> 44400 | K5: =Elect!T7 -> 2.249 | L5: =IF(Elect!AJ7<0,"0",Elect!AJ7) -> 1520 | M5: =Elect!AI7 -> 0.297 | N5: =IF(Elect!X7<0,"0",Elect!X7) -> 30900 | O5: =Elect!W7 -> 1.838 | P5: =IF(Elect!O7<0,"0",Elect!O7) -> 10400 | Q5: =Elect!N7 -> 2.73 | R5: =IF(Elect!L7<0,"0",Elect!L7) -> 11200 | S5: =Elect!K7 -> 3.65 | T5: =IF(Elect!R7<0,"0",Elect!R7) -> 11600 | U5: =Elect!Q7 -> 3.73 | V5: =IF(Elect!AA7<0,"0",Elect!AA7) -> 6080 | W5: =Elect!Z7 -> 3.18 | X5: =IF(Elect!AD7<0,"0",Elect!AD7) -> 3840 | Y5: =Elect!AC7 -> 3.23 | Z5: =IF(Elect!AG7<0,"0",Elect!AG7) -> 55600 | AA5: =Elect!AF7 -> 2.166 | AB5: =IF(Elect!AX7<0,"0",Elect!AX7) -> 1600 | AC5: =IF(Elect!AV7<0,"0",Elect!AV7) -> 10900 | AD5: =IF(Elect!AZ7<0,"0",Elect!AZ7) -> 698 | AE5: =IF(Elect!BB7<0,"0",Elect!BB7) -> 1840 | AF5: =IF('Wtr-Gas'!E7<0,"0",('Wtr-Gas'!E7)*0.0038) -> 4065.468 | AG5: =IF('Wtr-Gas'!H7<0,"0",('Wtr-Gas'!H7)*0.0038) -> 366.738 | AH5: =IF('Wtr-Gas'!K7<0,"0",('Wtr-Gas'!K7)*0.0038) -> 1.52 | AI5: =IF('Wtr-Gas'!N7<0,"0",('Wtr-Gas'!N7)*0.0038) -> 2694.2 | AJ5: =IF('Wtr-Gas'!Q7<0,"0",('Wtr-Gas'!Q7)*0.0038) -> 148.96 | AK5: =IF('Wtr-Gas'!U7<0,"0",('Wtr-Gas'!U7)*0.0038) -> 943.54 | AL5: =IF('Wtr-Gas'!X7<0,"0",('Wtr-Gas'!X7)*0.0038) -> 7224.94 | AM5: =IF('Wtr-Gas'!AB7<0,"0",('Wtr-Gas'!AB7)*0.0038) -> 3724 | AN5: =IF('Wtr-Gas'!AD7<0,"0",('Wtr-Gas'!AD7)*0.0038) -> 992.78724 | AO5: =IF('Wtr-Gas'!AF7<0,"0",('Wtr-Gas'!AF7)*0.0038) -> 9.5 | AP5: =IF('Wtr-Gas'!AH7<0,"0",('Wtr-Gas'!AH7)*0.0038) -> 72.504 | AQ5: =IF('Wtr-Gas'!AJ7<0,"0",('Wtr-Gas'!AJ7)*0.0038) -> 50.7186 | AR5: =IF('Wtr-Gas'!AL7<0,"0",('Wtr-Gas'!AL7)*0.0038) -> 820.8 | AS5: =IF('Wtr-Gas'!AN7<0,"0",('Wtr-Gas'!AN7)*0.0038) -> 0.0722 | AT5: =IF('Wtr-Gas'!AP7<0,"0",('Wtr-Gas'!AP7)*0.0038) -> 12.16 | AU5: =IF('Wtr-Gas'!AT7<0,"0",('Wtr-Gas'!AT7)*0.0038) -> 0.3838 | AV5: =IF('Wtr-Gas'!AW7<0,"0",('Wtr-Gas'!AW7)*0.0038) -> 196.555 | AW5: =IF('Wtr-Gas'!AY7<0,"0",('Wtr-Gas'!AY7)*0.0038) -> 150.14393 | AX5: =IF('Wtr-Gas'!AZ7<0,"0",('Wtr-Gas'!AZ7)*0.0038) -> 46.411072 | AY5: =IF('Wtr-Gas'!BB7<0,"0",('Wtr-Gas'!BB7)*0.0038) -> 17.1 | AZ5: =IF('Wtr-Gas'!BD7<0,"0",('Wtr-Gas'!BD7)*0.0038) -> 1.14 | BA5: =IF('Wtr-Gas'!BF7<0,"0",('Wtr-Gas'!BF7)*0.0038) -> 0.3192
A6: Orlando | B6: 24 | C6: 1 | D6: 2022 | E6: =IF(Elect!AL8<0,"0",Elect!AL8) -> 558 | F6: =IF(Elect!I8<0,"0",Elect!I8) -> 51680 | G6: =Elect!H8 -> 2.403 | H6: =IF(Elect!F8<0,"0",Elect!F8) -> 41600 | I6: =Elect!E8 -> 1.86 | J6: =IF(Elect!U8<0,"0",Elect!U8) -> 32700 | K6: =Elect!T8 -> 2.249 | L6: =IF(Elect!AJ8<0,"0",Elect!AJ8) -> 1480 | M6: =Elect!AI8 -> 0.292 | N6: =IF(Elect!X8<0,"0",Elect!X8) -> 35700 | O6: =Elect!W8 -> 1.838 | P6: =IF(Elect!O8<0,"0",Elect!O8) -> 12000 | Q6: =Elect!N8 -> 2.85 | R6: =IF(Elect!L8<0,"0",Elect!L8) -> 13600 | S6: =Elect!K8 -> 3.25 | T6: =IF(Elect!R8<0,"0",Elect!R8) -> 13200 | U6: =Elect!Q8 -> 3.1 | V6: =IF(Elect!AA8<0,"0",Elect!AA8) -> 6080 | W6: =Elect!Z8 -> 2.99 | X6: =IF(Elect!AD8<0,"0",Elect!AD8) -> 4480 | Y6: =Elect!AC8 -> 2.45 | Z6: =IF(Elect!AG8<0,"0",Elect!AG8) -> 54000 | AA6: =Elect!AF8 -> 2.111 | AB6: =IF(Elect!AX8<0,"0",Elect!AX8) -> 1800 | AC6: =IF(Elect!AV8<0,"0",Elect!AV8) -> 9500 | AD6: =IF(Elect!AZ8<0,"0",Elect!AZ8) -> 731 | AE6: =IF(Elect!BB8<0,"0",Elect!BB8) -> 1200 | AF6: =IF('Wtr-Gas'!E8<0,"0",('Wtr-Gas'!E8)*0.0038) -> 4070.294 | AG6: =IF('Wtr-Gas'!H8<0,"0",('Wtr-Gas'!H8)*0.0038) -> 244.644 | AH6: =IF('Wtr-Gas'!K8<0,"0",('Wtr-Gas'!K8)*0.0038) -> 1.824 | AI6: =IF('Wtr-Gas'!N8<0,"0",('Wtr-Gas'!N8)*0.0038) -> 2850 | AJ6: =IF('Wtr-Gas'!Q8<0,"0",('Wtr-Gas'!Q8)*0.0038) -> 132.62 | AK6: =IF('Wtr-Gas'!U8<0,"0",('Wtr-Gas'!U8)*0.0038) -> 1027.14 | AL6: =IF('Wtr-Gas'!X8<0,"0",('Wtr-Gas'!X8)*0.0038) -> 7766.06 | AM6: =IF('Wtr-Gas'!AB8<0,"0",('Wtr-Gas'!AB8)*0.0038) -> 2698 | AN6: =IF('Wtr-Gas'!AD8<0,"0",('Wtr-Gas'!AD8)*0.0038) -> 703.15276 | AO6: =IF('Wtr-Gas'!AF8<0,"0",('Wtr-Gas'!AF8)*0.0038) -> 12.654 | AP6: =IF('Wtr-Gas'!AH8<0,"0",('Wtr-Gas'!AH8)*0.0038) -> 249.318 | AQ6: =IF('Wtr-Gas'!AJ8<0,"0",('Wtr-Gas'!AJ8)*0.0038) -> 38.7676 | AR6: =IF('Wtr-Gas'!AL8<0,"0",('Wtr-Gas'!AL8)*0.0038) -> 509.2 | AS6: =IF('Wtr-Gas'!AN8<0,"0",('Wtr-Gas'!AN8)*0.0038) -> 0.076 | AT6: =IF('Wtr-Gas'!AP8<0,"0",('Wtr-Gas'!AP8)*0.0038) -> 10.26 | AU6: =IF('Wtr-Gas'!AT8<0,"0",('Wtr-Gas'!AT8)*0.0038) -> 0.5472 | AV6: =IF('Wtr-Gas'!AW8<0,"0",('Wtr-Gas'!AW8)*0.0038) -> 195.8938 | AW6: =IF('Wtr-Gas'!AY8<0,"0",('Wtr-Gas'!AY8)*0.0038) -> 153.02 | AX6: =IF('Wtr-Gas'!AZ8<0,"0",('Wtr-Gas'!AZ8)*0.0038) -> 42.873804 | AY6: =IF('Wtr-Gas'!BB8<0,"0",('Wtr-Gas'!BB8)*0.0038) -> 8.74 | AZ6: =IF('Wtr-Gas'!BD8<0,"0",('Wtr-Gas'!BD8)*0.0038) -> 1.14 | BA6: =IF('Wtr-Gas'!BF8<0,"0",('Wtr-Gas'!BF8)*0.0038) -> 0
A7: Orlando | B7: 31 | C7: 1 | D7: 2022 | E7: =IF(Elect!AL9<0,"0",Elect!AL9) -> 401 | F7: =IF(Elect!I9<0,"0",Elect!I9) -> 50720 | G7: =Elect!H9 -> 2.478 | H7: =IF(Elect!F9<0,"0",Elect!F9) -> 41280 | I7: =Elect!E9 -> 1.906 | J7: =IF(Elect!U9<0,"0",Elect!U9) -> 24600 | K7: =Elect!T9 -> 1.359 | L7: =IF(Elect!AJ9<0,"0",Elect!AJ9) -> 1400 | M7: =Elect!AI9 -> 0.292 | N7: =IF(Elect!X9<0,"0",Elect!X9) -> 30600 | O7: =Elect!W9 -> 0.98 | P7: =IF(Elect!O9<0,"0",Elect!O9) -> 11200 | Q7: =Elect!N9 -> 2.96 | R7: =IF(Elect!L9<0,"0",Elect!L9) -> 12400 | S7: =Elect!K9 -> 3.25 | T7: =IF(Elect!R9<0,"0",Elect!R9) -> 11200 | U7: =Elect!Q9 -> 3.1 | V7: =IF(Elect!AA9<0,"0",Elect!AA9) -> 5440 | W7: =Elect!Z9 -> 3.25 | X7: =IF(Elect!AD9<0,"0",Elect!AD9) -> 3200 | Y7: =Elect!AC9 -> 2.85 | Z7: =IF(Elect!AG9<0,"0",Elect!AG9) -> 53200 | AA7: =Elect!AF9 -> 2.186 | AB7: =IF(Elect!AX9<0,"0",Elect!AX9) -> 1600 | AC7: =IF(Elect!AV9<0,"0",Elect!AV9) -> 12700 | AD7: =IF(Elect!AZ9<0,"0",Elect!AZ9) -> 821 | AE7: =IF(Elect!BB9<0,"0",Elect!BB9) -> 1440 | AF7: =IF('Wtr-Gas'!E9<0,"0",('Wtr-Gas'!E9)*0.0038) -> 3572.19 | AG7: =IF('Wtr-Gas'!H9<0,"0",('Wtr-Gas'!H9)*0.0038) -> 30.058 | AH7: =IF('Wtr-Gas'!K9<0,"0",('Wtr-Gas'!K9)*0.0038) -> 0.532 | AI7: =IF('Wtr-Gas'!N9<0,"0",('Wtr-Gas'!N9)*0.0038) -> 2078.6 | AJ7: =IF('Wtr-Gas'!Q9<0,"0",('Wtr-Gas'!Q9)*0.0038) -> 139.08 | AK7: =IF('Wtr-Gas'!U9<0,"0",('Wtr-Gas'!U9)*0.0038) -> 953.42 | AL7: =IF('Wtr-Gas'!X9<0,"0",('Wtr-Gas'!X9)*0.0038) -> 8128.2 | AM7: =IF('Wtr-Gas'!AB9<0,"0",('Wtr-Gas'!AB9)*0.0038) -> 1862 | AN7: =IF('Wtr-Gas'!AD9<0,"0",('Wtr-Gas'!AD9)*0.0038) -> 542.53284 | AO7: =IF('Wtr-Gas'!AF9<0,"0",('Wtr-Gas'!AF9)*0.0038) -> 8.702 | AP7: =IF('Wtr-Gas'!AH9<0,"0",('Wtr-Gas'!AH9)*0.0038) -> 194.636 | AQ7: =IF('Wtr-Gas'!AJ9<0,"0",('Wtr-Gas'!AJ9)*0.0038) -> 45.1402 | AR7: =IF('Wtr-Gas'!AL9<0,"0",('Wtr-Gas'!AL9)*0.0038) -> 805.6 | AS7: =IF('Wtr-Gas'!AN9<0,"0",('Wtr-Gas'!AN9)*0.0038) -> 0.0988 | AT7: =IF('Wtr-Gas'!AP9<0,"0",('Wtr-Gas'!AP9)*0.0038) -> 11.78 | AU7: =IF('Wtr-Gas'!AT9<0,"0",('Wtr-Gas'!AT9)*0.0038) -> 0.7106 | AV7: =IF('Wtr-Gas'!AW9<0,"0",('Wtr-Gas'!AW9)*0.0038) -> 197.3416 | AW7: =IF('Wtr-Gas'!AY9<0,"0",('Wtr-Gas'!AY9)*0.0038) -> 151.64124 | AX7: =IF('Wtr-Gas'!AZ9<0,"0",('Wtr-Gas'!AZ9)*0.0038) -> 45.700358 | AY7: =IF('Wtr-Gas'!BB9<0,"0",('Wtr-Gas'!BB9)*0.0038) -> 12.16 | AZ7: =IF('Wtr-Gas'!BD9<0,"0",('Wtr-Gas'!BD9)*0.0038) -> 1.14 | BA7: =IF('Wtr-Gas'!BF9<0,"0",('Wtr-Gas'!BF9)*0.0038) -> 0.6004
A8: Orlando | B8: 7 | C8: 2 | D8: 2022 | E8: =IF(Elect!AL10<0,"0",Elect!AL10) -> 995 | F8: =IF(Elect!I10<0,"0",Elect!I10) -> 48800 | G8: =Elect!H10 -> 2.478 | H8: =IF(Elect!F10<0,"0",Elect!F10) -> 40640 | I8: =Elect!E10 -> 1.908 | J8: =IF(Elect!U10<0,"0",Elect!U10) -> 37800 | K8: =Elect!T10 -> 2.01 | L8: =IF(Elect!AJ10<0,"0",Elect!AJ10) -> 1400 | M8: =Elect!AI10 -> 0.301 | N8: =IF(Elect!X10<0,"0",Elect!X10) -> 41400 | O8: =Elect!W10 -> 1.737 | P8: =IF(Elect!O10<0,"0",Elect!O10) -> 10800 | Q8: =Elect!N10 -> 2.96 | R8: =IF(Elect!L10<0,"0",Elect!L10) -> 10800 | S8: =Elect!K10 -> 3.25 | T8: =IF(Elect!R10<0,"0",Elect!R10) -> 10800 | U8: =Elect!Q10 -> 3.1 | V8: =IF(Elect!AA10<0,"0",Elect!AA10) -> 5920 | W8: =Elect!Z10 -> 3.25 | X8: =IF(Elect!AD10<0,"0",Elect!AD10) -> 4160 | Y8: =Elect!AC10 -> 3.15 | Z8: =IF(Elect!AG10<0,"0",Elect!AG10) -> 52000 | AA8: =Elect!AF10 -> 2.186 | AB8: =IF(Elect!AX10<0,"0",Elect!AX10) -> 1400 | AC8: =IF(Elect!AV10<0,"0",Elect!AV10) -> 11500 | AD8: =IF(Elect!AZ10<0,"0",Elect!AZ10) -> 725 | AE8: =IF(Elect!BB10<0,"0",Elect!BB10) -> 2360 | AF8: =IF('Wtr-Gas'!E10<0,"0",('Wtr-Gas'!E10)*0.0038) -> 4160.392 | AG8: =IF('Wtr-Gas'!H10<0,"0",('Wtr-Gas'!H10)*0.0038) -> 363.964 | AH8: =IF('Wtr-Gas'!K10<0,"0",('Wtr-Gas'!K10)*0.0038) -> 1.672 | AI8: =IF('Wtr-Gas'!N10<0,"0",('Wtr-Gas'!N10)*0.0038) -> 2774 | AJ8: =IF('Wtr-Gas'!Q10<0,"0",('Wtr-Gas'!Q10)*0.0038) -> 145.54 | AK8: =IF('Wtr-Gas'!U10<0,"0",('Wtr-Gas'!U10)*0.0038) -> 953.04 | AL8: =IF('Wtr-Gas'!X10<0,"0",('Wtr-Gas'!X10)*0.0038) -> 6262.4 | AM8: =IF('Wtr-Gas'!AB10<0,"0",('Wtr-Gas'!AB10)*0.0038) -> 4636 | AN8: =IF('Wtr-Gas'!AD10<0,"0",('Wtr-Gas'!AD10)*0.0038) -> 1138.2452 | AO8: =IF('Wtr-Gas'!AF10<0,"0",('Wtr-Gas'!AF10)*0.0038) -> 13.3 | AP8: =IF('Wtr-Gas'!AH10<0,"0",('Wtr-Gas'!AH10)*0.0038) -> 244.53 | AQ8: =IF('Wtr-Gas'!AJ10<0,"0",('Wtr-Gas'!AJ10)*0.0038) -> 47.1352 | AR8: =IF('Wtr-Gas'!AL10<0,"0",('Wtr-Gas'!AL10)*0.0038) -> 646 | AS8: =IF('Wtr-Gas'!AN10<0,"0",('Wtr-Gas'!AN10)*0.0038) -> 0.0494 | AT8: =IF('Wtr-Gas'!AP10<0,"0",('Wtr-Gas'!AP10)*0.0038) -> 10.26 | AU8: =IF('Wtr-Gas'!AT10<0,"0",('Wtr-Gas'!AT10)*0.0038) -> 0.475 | AV8: =IF('Wtr-Gas'!AW10<0,"0",('Wtr-Gas'!AW10)*0.0038) -> 190.3344 | AW8: =IF('Wtr-Gas'!AY10<0,"0",('Wtr-Gas'!AY10)*0.0038) -> 148.11743 | AX8: =IF('Wtr-Gas'!AZ10<0,"0",('Wtr-Gas'!AZ10)*0.0038) -> 42.216974 | AY8: =IF('Wtr-Gas'!BB10<0,"0",('Wtr-Gas'!BB10)*0.0038) -> 9.12 | AZ8: =IF('Wtr-Gas'!BD10<0,"0",('Wtr-Gas'!BD10)*0.0038) -> 1.52 | BA8: =IF('Wtr-Gas'!BF10<0,"0",('Wtr-Gas'!BF10)*0.0038) -> 0.2014
A9: Orlando | B9: 14 | C9: 2 | D9: 2022 | E9: =IF(Elect!AL11<0,"0",Elect!AL11) -> 0 | F9: =IF(Elect!I11<0,"0",Elect!I11) -> 50880 | G9: =Elect!H11 -> 2.478 | H9: =IF(Elect!F11<0,"0",Elect!F11) -> 41280 | I9: =Elect!E11 -> 1.938 | J9: =IF(Elect!U11<0,"0",Elect!U11) -> 42000 | K9: =Elect!T11 -> 2.01 | L9: =IF(Elect!AJ11<0,"0",Elect!AJ11) -> 1440 | M9: =Elect!AI11 -> 0.301 | N9: =IF(Elect!X11<0,"0",Elect!X11) -> 26100 | O9: =Elect!W11 -> 1.737 | P9: =IF(Elect!O11<0,"0",Elect!O11) -> 10000 | Q9: =Elect!N11 -> 2.96 | R9: =IF(Elect!L11<0,"0",Elect!L11) -> 1600 | S9: =Elect!K11 -> 3.25 | T9: =IF(Elect!R11<0,"0",Elect!R11) -> 10000 | U9: =Elect!Q11 -> 3.1 | V9: =IF(Elect!AA11<0,"0",Elect!AA11) -> 5760 | W9: =Elect!Z11 -> 3.25 | X9: =IF(Elect!AD11<0,"0",Elect!AD11) -> 3360 | Y9: =Elect!AC11 -> 3.15 | Z9: =IF(Elect!AG11<0,"0",Elect!AG11) -> 52800 | AA9: =Elect!AF11 -> 2.186 | AB9: =IF(Elect!AX11<0,"0",Elect!AX11) -> 1700 | AC9: =IF(Elect!AV11<0,"0",Elect!AV11) -> 11200 | AD9: =IF(Elect!AZ11<0,"0",Elect!AZ11) -> 772 | AE9: =IF(Elect!BB11<0,"0",Elect!BB11) -> 1640 | AF9: =IF('Wtr-Gas'!E11<0,"0",('Wtr-Gas'!E11)*0.0038) -> 4025.264 | AG9: =IF('Wtr-Gas'!H11<0,"0",('Wtr-Gas'!H11)*0.0038) -> 268.622 | AH9: =IF('Wtr-Gas'!K11<0,"0",('Wtr-Gas'!K11)*0.0038) -> 1.216 | AI9: =IF('Wtr-Gas'!N11<0,"0",('Wtr-Gas'!N11)*0.0038) -> 2606.8 | AJ9: =IF('Wtr-Gas'!Q11<0,"0",('Wtr-Gas'!Q11)*0.0038) -> 144.02 | AK9: =IF('Wtr-Gas'!U11<0,"0",('Wtr-Gas'!U11)*0.0038) -> 929.1 | AL9: =IF('Wtr-Gas'!X11<0,"0",('Wtr-Gas'!X11)*0.0038) -> 3192 | AM9: =IF('Wtr-Gas'!AB11<0,"0",('Wtr-Gas'!AB11)*0.0038) -> 2926 | AN9: =IF('Wtr-Gas'!AD11<0,"0",('Wtr-Gas'!AD11)*0.0038) -> 894.444 | AO9: =IF('Wtr-Gas'!AF11<0,"0",('Wtr-Gas'!AF11)*0.0038) -> 23.522 | AP9: =IF('Wtr-Gas'!AH11<0,"0",('Wtr-Gas'!AH11)*0.0038) -> 293.892 | AQ9: =IF('Wtr-Gas'!AJ11<0,"0",('Wtr-Gas'!AJ11)*0.0038) -> 43.7076 | AR9: =IF('Wtr-Gas'!AL11<0,"0",('Wtr-Gas'!AL11)*0.0038) -> 687.8 | AS9: =IF('Wtr-Gas'!AN11<0,"0",('Wtr-Gas'!AN11)*0.0038) -> 0.076 | AT9: =IF('Wtr-Gas'!AP11<0,"0",('Wtr-Gas'!AP11)*0.0038) -> 7.22 | AU9: =IF('Wtr-Gas'!AT11<0,"0",('Wtr-Gas'!AT11)*0.0038) -> 0.5472 | AV9: =IF('Wtr-Gas'!AW11<0,"0",('Wtr-Gas'!AW11)*0.0038) -> 189.8328 | AW9: =IF('Wtr-Gas'!AY11<0,"0",('Wtr-Gas'!AY11)*0.0038) -> 150.72305 | AX9: =IF('Wtr-Gas'!AZ11<0,"0",('Wtr-Gas'!AZ11)*0.0038) -> 39.109752 | AY9: =IF('Wtr-Gas'!BB11<0,"0",('Wtr-Gas'!BB11)*0.0038) -> 13.68 | AZ9: =IF('Wtr-Gas'!BD11<0,"0",('Wtr-Gas'!BD11)*0.0038) -> 1.14 | BA9: =IF('Wtr-Gas'!BF11<0,"0",('Wtr-Gas'!BF11)*0.0038) -> 0.0304
A10: Orlando | B10: 21 | C10: 2 | D10: 2022 | E10: =IF(Elect!AL12<0,"0",Elect!AL12) -> 534 | F10: =IF(Elect!I12<0,"0",Elect!I12) -> 52960 | G10: =Elect!H12 -> 2.478 | H10: =IF(Elect!F12<0,"0",Elect!F12) -> 43520 | I10: =Elect!E12 -> 1.938 | J10: =IF(Elect!U12<0,"0",Elect!U12) -> 57000 | K10: =Elect!T12 -> 2.221 | L10: =IF(Elect!AJ12<0,"0",Elect!AJ12) -> 1480 | M10: =Elect!AI12 -> 0.301 | N10: =IF(Elect!X12<0,"0",Elect!X12) -> 34500 | O10: =Elect!W12 -> 1.737 | P10: =IF(Elect!O12<0,"0",Elect!O12) -> 11600 | Q10: =Elect!N12 -> 2.96 | R10: =IF(Elect!L12<0,"0",Elect!L12) -> 22000 | S10: =Elect!K12 -> 3.25 | T10: =IF(Elect!R12<0,"0",Elect!R12) -> 11600 | U10: =Elect!Q12 -> 3.1 | V10: =IF(Elect!AA12<0,"0",Elect!AA12) -> 6080 | W10: =Elect!Z12 -> 3.25 | X10: =IF(Elect!AD12<0,"0",Elect!AD12) -> 3840 | Y10: =Elect!AC12 -> 3.15 | Z10: =IF(Elect!AG12<0,"0",Elect!AG12) -> 55000 | AA10: =Elect!AF12 -> 2.186 | AB10: =IF(Elect!AX12<0,"0",Elect!AX12) -> 1500 | AC10: =IF(Elect!AV12<0,"0",Elect!AV12) -> 12300 | AD10: =IF(Elect!AZ12<0,"0",Elect!AZ12) -> 755 | AE10: =IF(Elect!BB12<0,"0",Elect!BB12) -> 2760 | AF10: =IF('Wtr-Gas'!E12<0,"0",('Wtr-Gas'!E12)*0.0038) -> 5169.9 | AG10: =IF('Wtr-Gas'!H12<0,"0",('Wtr-Gas'!H12)*0.0038) -> 430.388 | AH10: =IF('Wtr-Gas'!K12<0,"0",('Wtr-Gas'!K12)*0.0038) -> 1.178 | AI10: =IF('Wtr-Gas'!N12<0,"0",('Wtr-Gas'!N12)*0.0038) -> 3739.2 | AJ10: =IF('Wtr-Gas'!Q12<0,"0",('Wtr-Gas'!Q12)*0.0038) -> 108.68 | AK10: =IF('Wtr-Gas'!U12<0,"0",('Wtr-Gas'!U12)*0.0038) -> 1008.52 | AL10: =IF('Wtr-Gas'!X12<0,"0",('Wtr-Gas'!X12)*0.0038) -> 9800.2 | AM10: =IF('Wtr-Gas'!AB12<0,"0",('Wtr-Gas'!AB12)*0.0038) -> 5700 | AN10: =IF('Wtr-Gas'!AD12<0,"0",('Wtr-Gas'!AD12)*0.0038) -> 1468.2292 | AO10: =IF('Wtr-Gas'!AF12<0,"0",('Wtr-Gas'!AF12)*0.0038) -> 18.772 | AP10: =IF('Wtr-Gas'!AH12<0,"0",('Wtr-Gas'!AH12)*0.0038) -> 333.83 | AQ10: =IF('Wtr-Gas'!AJ12<0,"0",('Wtr-Gas'!AJ12)*0.0038) -> 42.9628 | AR10: =IF('Wtr-Gas'!AL12<0,"0",('Wtr-Gas'!AL12)*0.0038) -> 516.8 | AS10: =IF('Wtr-Gas'!AN12<0,"0",('Wtr-Gas'!AN12)*0.0038) -> 0.0494 | AT10: =IF('Wtr-Gas'!AP12<0,"0",('Wtr-Gas'!AP12)*0.0038) -> 10.64 | AU10: =IF('Wtr-Gas'!AT12<0,"0",('Wtr-Gas'!AT12)*0.0038) -> 0.475 | AV10: =IF('Wtr-Gas'!AW12<0,"0",('Wtr-Gas'!AW12)*0.0038) -> 200.963 | AW10: =IF('Wtr-Gas'!AY12<0,"0",('Wtr-Gas'!AY12)*0.0038) -> 148.43423 | AX10: =IF('Wtr-Gas'!AZ12<0,"0",('Wtr-Gas'!AZ12)*0.0038) -> 52.528768 | AY10: =IF('Wtr-Gas'!BB12<0,"0",('Wtr-Gas'!BB12)*0.0038) -> 11.78 | AZ10: =IF('Wtr-Gas'!BD12<0,"0",('Wtr-Gas'!BD12)*0.0038) -> 1.14 | BA10: =IF('Wtr-Gas'!BF12<0,"0",('Wtr-Gas'!BF12)*0.0038) -> 0.1254
A11: Orlando | B11: 28 | C11: 2 | D11: 2022 | E11: =IF(Elect!AL13<0,"0",Elect!AL13) -> 622 | F11: =IF(Elect!I13<0,"0",Elect!I13) -> 52160 | G11: =Elect!H13 -> 2.288 | H11: =IF(Elect!F13<0,"0",Elect!F13) -> 42400 | I11: =Elect!E13 -> 1.894 | J11: =IF(Elect!U13<0,"0",Elect!U13) -> 52200 | K11: =Elect!T13 -> 1.589 | L11: =IF(Elect!AJ13<0,"0",Elect!AJ13) -> 1440 | M11: =Elect!AI13 -> 2.81 | N11: =IF(Elect!X13<0,"0",Elect!X13) -> 72000 | O11: =Elect!W13 -> 1.884 | P11: =IF(Elect!O13<0,"0",Elect!O13) -> 11200 | Q11: =Elect!N13 -> 2.28 | R11: =IF(Elect!L13<0,"0",Elect!L13) -> 12800 | S11: =Elect!K13 -> 2.41 | T11: =IF(Elect!R13<0,"0",Elect!R13) -> 11200 | U11: =Elect!Q13 -> 2.08 | V11: =IF(Elect!AA13<0,"0",Elect!AA13) -> 6560 | W11: =Elect!Z13 -> 3.72 | X11: =IF(Elect!AD13<0,"0",Elect!AD13) -> 4000 | Y11: =Elect!AC13 -> 2.66 | Z11: =IF(Elect!AG13<0,"0",Elect!AG13) -> 57400 | AA11: =Elect!AF13 -> 2.141 | AB11: =IF(Elect!AX13<0,"0",Elect!AX13) -> 1600 | AC11: =IF(Elect!AV13<0,"0",Elect!AV13) -> 14600 | AD11: =IF(Elect!AZ13<0,"0",Elect!AZ13) -> 808 | AE11: =IF(Elect!BB13<0,"0",Elect!BB13) -> 3720 | AF11: =IF('Wtr-Gas'!E13<0,"0",('Wtr-Gas'!E13)*0.0038) -> 5539.602 | AG11: =IF('Wtr-Gas'!H13<0,"0",('Wtr-Gas'!H13)*0.0038) -> 542.716 | AH11: =IF('Wtr-Gas'!K13<0,"0",('Wtr-Gas'!K13)*0.0038) -> 4.37 | AI11: =IF('Wtr-Gas'!N13<0,"0",('Wtr-Gas'!N13)*0.0038) -> 4164.8 | AJ11: =IF('Wtr-Gas'!Q13<0,"0",('Wtr-Gas'!Q13)*0.0038) -> 99.94 | AK11: =IF('Wtr-Gas'!U13<0,"0",('Wtr-Gas'!U13)*0.0038) -> 964.82 | AL11: =IF('Wtr-Gas'!X13<0,"0",('Wtr-Gas'!X13)*0.0038) -> 3901.84 | AM11: =IF('Wtr-Gas'!AB13<0,"0",('Wtr-Gas'!AB13)*0.0038) -> 8816 | AN11: =IF('Wtr-Gas'!AD13<0,"0",('Wtr-Gas'!AD13)*0.0038) -> 2391.5011 | AO11: =IF('Wtr-Gas'!AF13<0,"0",('Wtr-Gas'!AF13)*0.0038) -> 15.01 | AP11: =IF('Wtr-Gas'!AH13<0,"0",('Wtr-Gas'!AH13)*0.0038) -> 372.438 | AQ11: =IF('Wtr-Gas'!AJ13<0,"0",('Wtr-Gas'!AJ13)*0.0038) -> 50.9086 | AR11: =IF('Wtr-Gas'!AL13<0,"0",('Wtr-Gas'!AL13)*0.0038) -> 425.6 | AS11: =IF('Wtr-Gas'!AN13<0,"0",('Wtr-Gas'!AN13)*0.0038) -> 0.0418 | AT11: =IF('Wtr-Gas'!AP13<0,"0",('Wtr-Gas'!AP13)*0.0038) -> 7.6 | AU11: =IF('Wtr-Gas'!AT13<0,"0",('Wtr-Gas'!AT13)*0.0038) -> 0.456 | AV11: =IF('Wtr-Gas'!AW13<0,"0",('Wtr-Gas'!AW13)*0.0038) -> 192.4548 | AW11: =IF('Wtr-Gas'!AY13<0,"0",('Wtr-Gas'!AY13)*0.0038) -> 148.08828 | AX11: =IF('Wtr-Gas'!AZ13<0,"0",('Wtr-Gas'!AZ13)*0.0038) -> 44.36652 | AY11: =IF('Wtr-Gas'!BB13<0,"0",('Wtr-Gas'!BB13)*0.0038) -> 6.46 | AZ11: =IF('Wtr-Gas'!BD13<0,"0",('Wtr-Gas'!BD13)*0.0038) -> 1.9 | BA11: =IF('Wtr-Gas'!BF13<0,"0",('Wtr-Gas'!BF13)*0.0038) -> 0.0988
A12: Orlando | B12: 7 | C12: 3 | D12: 2022 | E12: =IF(Elect!AL14<0,"0",Elect!AL14) -> 503 | F12: =IF(Elect!I14<0,"0",Elect!I14) -> 49600 | G12: =Elect!H14 -> 2.39 | H12: =IF(Elect!F14<0,"0",Elect!F14) -> 40000 | I12: =Elect!E14 -> 1.969 | J12: =IF(Elect!U14<0,"0",Elect!U14) -> 45900 | K12: =Elect!T14 -> 1.749 | L12: =IF(Elect!AJ14<0,"0",Elect!AJ14) -> 1320 | M12: =Elect!AI14 -> 2.81 | N12: =IF(Elect!X14<0,"0",Elect!X14) -> 45300 | O12: =Elect!W14 -> 1.884 | P12: =IF(Elect!O14<0,"0",Elect!O14) -> 10400 | Q12: =Elect!N14 -> 2.28 | R12: =IF(Elect!L14<0,"0",Elect!L14) -> 11200 | S12: =Elect!K14 -> 2.79 | T12: =IF(Elect!R14<0,"0",Elect!R14) -> 10400 | U12: =Elect!Q14 -> 2.34 | V12: =IF(Elect!AA14<0,"0",Elect!AA14) -> 5920 | W12: =Elect!Z14 -> 3.72 | X12: =IF(Elect!AD14<0,"0",Elect!AD14) -> 4160 | Y12: =Elect!AC14 -> 2.79 | Z12: =IF(Elect!AG14<0,"0",Elect!AG14) -> 54400 | AA12: =Elect!AF14 -> 2.272 | AB12: =IF(Elect!AX14<0,"0",Elect!AX14) -> 1400 | AC12: =IF(Elect!AV14<0,"0",Elect!AV14) -> 13500 | AD12: =IF(Elect!AZ14<0,"0",Elect!AZ14) -> 740 | AE12: =IF(Elect!BB14<0,"0",Elect!BB14) -> 2560 | AF12: =IF('Wtr-Gas'!E14<0,"0",('Wtr-Gas'!E14)*0.0038) -> 4951.02 | AG12: =IF('Wtr-Gas'!H14<0,"0",('Wtr-Gas'!H14)*0.0038) -> 532.836 | AH12: =IF('Wtr-Gas'!K14<0,"0",('Wtr-Gas'!K14)*0.0038) -> 0.988 | AI12: =IF('Wtr-Gas'!N14<0,"0",('Wtr-Gas'!N14)*0.0038) -> 3986.2 | AJ12: =IF('Wtr-Gas'!Q14<0,"0",('Wtr-Gas'!Q14)*0.0038) -> 22.8 | AK12: =IF('Wtr-Gas'!U14<0,"0",('Wtr-Gas'!U14)*0.0038) -> 954.18 | AL12: =IF('Wtr-Gas'!X14<0,"0",('Wtr-Gas'!X14)*0.0038) -> 4705.16 | AM12: =IF('Wtr-Gas'!AB14<0,"0",('Wtr-Gas'!AB14)*0.0038) -> 6042 | AN12: =IF('Wtr-Gas'!AD14<0,"0",('Wtr-Gas'!AD14)*0.0038) -> 1336.1283 | AO12: =IF('Wtr-Gas'!AF14<0,"0",('Wtr-Gas'!AF14)*0.0038) -> 12.502 | AP12: =IF('Wtr-Gas'!AH14<0,"0",('Wtr-Gas'!AH14)*0.0038) -> 319.01 | AQ12: =IF('Wtr-Gas'!AJ14<0,"0",('Wtr-Gas'!AJ14)*0.0038) -> 50.7338 | AR12: =IF('Wtr-Gas'!AL14<0,"0",('Wtr-Gas'!AL14)*0.0038) -> 326.8 | AS12: =IF('Wtr-Gas'!AN14<0,"0",('Wtr-Gas'!AN14)*0.0038) -> 0.0494 | AT12: =IF('Wtr-Gas'!AP14<0,"0",('Wtr-Gas'!AP14)*0.0038) -> 11.02 | AU12: =IF('Wtr-Gas'!AT14<0,"0",('Wtr-Gas'!AT14)*0.0038) -> 0.4066 | AV12: =IF('Wtr-Gas'!AW14<0,"0",('Wtr-Gas'!AW14)*0.0038) -> 206.53 | AW12: =IF('Wtr-Gas'!AY14<0,"0",('Wtr-Gas'!AY14)*0.0038) -> 147.25536 | AX12: =IF('Wtr-Gas'!AZ14<0,"0",('Wtr-Gas'!AZ14)*0.0038) -> 59.274642 | AY12: =IF('Wtr-Gas'!BB14<0,"0",('Wtr-Gas'!BB14)*0.0038) -> 12.16 | AZ12: =IF('Wtr-Gas'!BD14<0,"0",('Wtr-Gas'!BD14)*0.0038) -> 3.23 | BA12: =IF('Wtr-Gas'!BF14<0,"0",('Wtr-Gas'!BF14)*0.0038) -> 0.0304
A13: Orlando | B13: 14 | C13: 3 | D13: 2022 | E13: =IF(Elect!AL15<0,"0",Elect!AL15) -> 613 | F13: =IF(Elect!I15<0,"0",Elect!I15) -> 52320 | G13: =Elect!H15 -> 2.413 | H13: =IF(Elect!F15<0,"0",Elect!F15) -> 41920 | I13: =Elect!E15 -> 1.961 | J13: =IF(Elect!U15<0,"0",Elect!U15) -> 60900 | K13: =Elect!T15 -> 2.726 | L13: =IF(Elect!AJ15<0,"0",Elect!AJ15) -> 1440 | M13: =Elect!AI15 -> 0.292 | N13: =IF(Elect!X15<0,"0",Elect!X15) -> 67500 | O13: =Elect!W15 -> 1.963 | P13: =IF(Elect!O15<0,"0",Elect!O15) -> 12000 | Q13: =Elect!N15 -> 3.2 | R13: =IF(Elect!L15<0,"0",Elect!L15) -> 13600 | S13: =Elect!K15 -> 3.44 | T13: =IF(Elect!R15<0,"0",Elect!R15) -> 11600 | U13: =Elect!Q15 -> 3.54 | V13: =IF(Elect!AA15<0,"0",Elect!AA15) -> 9120 | W13: =Elect!Z15 -> 0.618 | X13: =IF(Elect!AD15<0,"0",Elect!AD15) -> 4160 | Y13: =Elect!AC15 -> 2.93 | Z13: =IF(Elect!AG15<0,"0",Elect!AG15) -> 54000 | AA13: =Elect!AF15 -> 2.222 | AB13: =IF(Elect!AX15<0,"0",Elect!AX15) -> 1900 | AC13: =IF(Elect!AV15<0,"0",Elect!AV15) -> 15800 | AD13: =IF(Elect!AZ15<0,"0",Elect!AZ15) -> 880 | AE13: =IF(Elect!BB15<0,"0",Elect!BB15) -> 1120 | AF13: =IF('Wtr-Gas'!E15<0,"0",('Wtr-Gas'!E15)*0.0038) -> 4622.358 | AG13: =IF('Wtr-Gas'!H15<0,"0",('Wtr-Gas'!H15)*0.0038) -> 166.782 | AH13: =IF('Wtr-Gas'!K15<0,"0",('Wtr-Gas'!K15)*0.0038) -> 0.912 | AI13: =IF('Wtr-Gas'!N15<0,"0",('Wtr-Gas'!N15)*0.0038) -> 3727.8 | AJ13: =IF('Wtr-Gas'!Q15<0,"0",('Wtr-Gas'!Q15)*0.0038) -> 215.84 | AK13: =IF('Wtr-Gas'!U15<0,"0",('Wtr-Gas'!U15)*0.0038) -> 991.8 | AL13: =IF('Wtr-Gas'!X15<0,"0",('Wtr-Gas'!X15)*0.0038) -> 3921.6 | AM13: =IF('Wtr-Gas'!AB15<0,"0",('Wtr-Gas'!AB15)*0.0038) -> 8056 | AN13: =IF('Wtr-Gas'!AD15<0,"0",('Wtr-Gas'!AD15)*0.0038) -> 2040.1394 | AO13: =IF('Wtr-Gas'!AF15<0,"0",('Wtr-Gas'!AF15)*0.0038) -> 5.738 | AP13: =IF('Wtr-Gas'!AH15<0,"0",('Wtr-Gas'!AH15)*0.0038) -> 232.218 | AQ13: =IF('Wtr-Gas'!AJ15<0,"0",('Wtr-Gas'!AJ15)*0.0038) -> 28.538 | AR13: =IF('Wtr-Gas'!AL15<0,"0",('Wtr-Gas'!AL15)*0.0038) -> 30.4 | AS13: =IF('Wtr-Gas'!AN15<0,"0",('Wtr-Gas'!AN15)*0.0038) -> 0.0456 | AT13: =IF('Wtr-Gas'!AP15<0,"0",('Wtr-Gas'!AP15)*0.0038) -> 10.26 | AU13: =IF('Wtr-Gas'!AT15<0,"0",('Wtr-Gas'!AT15)*0.0038) -> 0.4864 | AV13: =IF('Wtr-Gas'!AW15<0,"0",('Wtr-Gas'!AW15)*0.0038) -> 211.4928 | AW13: =IF('Wtr-Gas'!AY15<0,"0",('Wtr-Gas'!AY15)*0.0038) -> 165.60149 | AX13: =IF('Wtr-Gas'!AZ15<0,"0",('Wtr-Gas'!AZ15)*0.0038) -> 45.891308 | AY13: =IF('Wtr-Gas'!BB15<0,"0",('Wtr-Gas'!BB15)*0.0038) -> 9.5 | AZ13: =IF('Wtr-Gas'!BD15<0,"0",('Wtr-Gas'!BD15)*0.0038) -> 0 | BA13: =IF('Wtr-Gas'!BF15<0,"0",('Wtr-Gas'!BF15)*0.0038) -> 0
... A62: Orlando | B62: 31 | C62: 12 | D62: 2022 | E62: =IF(Elect!AL64<0,"0",Elect!AL64) -> 0 | F62: =IF(Elect!I64<0,"0",Elect!I64) -> 0 | G62: =Elect!H64 -> 0 | H62: =IF(Elect!F64<0,"0",Elect!F64) -> 0 | I62: =Elect!E64 -> 0 | J62: =IF(Elect!U64<0,"0",Elect!U64) -> 0 | K62: =Elect!T64 -> 0 | L62: =IF(Elect!AJ64<0,"0",Elect!AJ64) -> 0 | M62: =Elect!AI64 -> 0 | N62: =IF(Elect!X64<0,"0",Elect!X64) -> 0 | O62: =Elect!W64 -> 0 | P62: =IF(Elect!O64<0,"0",Elect!O64) -> 0 | Q62: =Elect!N64 -> 0 | R62: =IF(Elect!L64<0,"0",Elect!L64) -> 0 | S62: =Elect!K64 -> 0 | T62: =IF(Elect!R64<0,"0",Elect!R64) -> 0 | U62: =Elect!Q64 -> 0 | V62: =IF(Elect!AA64<0,"0",Elect!AA64) -> 0 | W62: =Elect!Z64 -> 0 | X62: =IF(Elect!AD64<0,"0",Elect!AD64) -> 0 | Y62: =Elect!AC64 -> 0 | Z62: =IF(Elect!AG64<0,"0",Elect!AG64) -> 0 | AA62: =Elect!AF64 -> 0 | AB62: =IF(Elect!AX64<0,"0",Elect!AX64) -> 0 | AC62: =IF(Elect!AV64<0,"0",Elect!AV64) -> 0 | AD62: =IF(Elect!AZ64<0,"0",Elect!AZ64) -> 0 | AE62: =IF(Elect!BB64<0,"0",Elect!BB64) -> 0 | AF62: =IF('Wtr-Gas'!E64<0,"0",('Wtr-Gas'!E64)*0.0038) -> 0 | AG62: =IF('Wtr-Gas'!H64<0,"0",('Wtr-Gas'!H64)*0.0038) -> 0 | AH62: =IF('Wtr-Gas'!K64<0,"0",('Wtr-Gas'!K64)*0.0038) -> 0 | AI62: =IF('Wtr-Gas'!N64<0,"0",('Wtr-Gas'!N64)*0.0038) -> 0 | AJ62: =IF('Wtr-Gas'!Q64<0,"0",('Wtr-Gas'!Q64)*0.0038) -> 0 | AK62: =IF('Wtr-Gas'!U64<0,"0",('Wtr-Gas'!U64)*0.0038) -> 0 | AL62: =IF('Wtr-Gas'!X64<0,"0",('Wtr-Gas'!X64)*0.0038) -> 0 | AM62: =IF('Wtr-Gas'!AB64<0,"0",('Wtr-Gas'!AB64)*0.0038) -> 0 | AN62: =IF('Wtr-Gas'!AD64<0,"0",('Wtr-Gas'!AD64)*0.0038) -> 0 | AO62: =IF('Wtr-Gas'!AF64<0,"0",('Wtr-Gas'!AF64)*0.0038) -> 0 | AP62: =IF('Wtr-Gas'!AH64<0,"0",('Wtr-Gas'!AH64)*0.0038) -> 0 | AQ62: =IF('Wtr-Gas'!AJ64<0,"0",('Wtr-Gas'!AJ64)*0.0038) -> 0 | AR62: =IF('Wtr-Gas'!AL64<0,"0",('Wtr-Gas'!AL64)*0.0038) -> 0 | AS62: =IF('Wtr-Gas'!AN64<0,"0",('Wtr-Gas'!AN64)*0.0038) -> 0 | AT62: =IF('Wtr-Gas'!AP64<0,"0",('Wtr-Gas'!AP64)*0.0038) -> 0 | AU62: =IF('Wtr-Gas'!AT64<0,"0",('Wtr-Gas'!AT64)*0.0038) -> 0 | AV62: =IF('Wtr-Gas'!AW64<0,"0",('Wtr-Gas'!AW64)*0.0038) -> 0 | AW62: =IF('Wtr-Gas'!AY64<0,"0",('Wtr-Gas'!AY64)*0.0038) -> 0 | AX62: =IF('Wtr-Gas'!AZ64<0,"0",('Wtr-Gas'!AZ64)*0.0038) -> 0 | AY62: =IF('Wtr-Gas'!BB64<0,"0",('Wtr-Gas'!BB64)*0.0038) -> 0 | AZ62: =IF('Wtr-Gas'!BD64<0,"0",('Wtr-Gas'!BD64)*0.0038) -> 0 | BA62: =IF('Wtr-Gas'!BF64<0,"0",('Wtr-Gas'!BF64)*0.0038) -> 0

Sheet Elect
B1: 2021 | D1: CC0913A018 | G1: CC0913A020 | J1: CC0913A060 | M1: CC0913A059 | P1: CC0913A081 | S1: CC0913A054 | V1: CC0913A053 | Y1: CC0913A075 | AB1: CC0913A076 | AE1: CC0912A18 | AH1: CC0913A095 | AK1: CS0212A003 | AP1: Water Pk | AQ1: % of KWH | AU1: CG0612A084 | AW1: CC0612A036 | AY1: CS0210A030 | BA1: IIC0608A03 | BF1: KWH
B2: Date | C2: Occupancy | D2: 68 425 008 | E2: T7384 | F2: KWH Total | G2: 68 425 010 | H2: T2392 | I2: KWH Total | J2: 68 425 078 | K2: T2393 | L2: KWH Total | M2: 68 425 077 | N2: T2395 | O2: KWH Total | P2: 68 425 071 | Q2: T7285 | R2: KWH Total | S2: 68 425 060 | T2: T7380 | U2: KWH Total | V2: 68 425 059 | W2: T2390 | X2: KWH Total | Y2: 68 425 093 | Z2: T7382 | AA2: KWH Total | AB2: 68 425 094 | AC2: T2391 | AD2: KWH Total | AE2: 90 625 242 | AF2: T7283 | AG2: KWH Total | AH2: 68 425 097 | AI2: T7281 | AJ2: KWH Total | AK2: 90 630 431 | AM2: KWH Total | AO2: Total KWH | AP2: KWH | AR2: Total Mnth | AU2: 676 62 513 | AV2: KWH Total | AW2: 672 73 163 | AX2: KWH Total | AY2: 61 979 920 | AZ2: KWH Total | BA2: 56 253 208 | BB2: KWH Total | BD2: Total KWH | BE2: Total Mnth | BF2: Total
C3: Room Nights | D3: KWH | E3: Demand | F3: (x160) | G3: KWH | H3: Demand | I3: (x160) | J3: KWH | K3: Demand | L3: (x400) | M3: KWH | N3: Demand | O3: (x400) | P3: KWH | Q3: Demand | R3: (x400) | S3: KWH | T3: Demand | U3: (x300) | V3: KWH | W3: Demand | X3: (x300) | Y3: KWH | Z3: Demand | AA3: (x160) | AB3: KWH | AC3: Demand | AD3: (x160) | AE3: KWH | AF3: Demand | AG3: (X200) | AH3: KWH | AI3: Demand | AJ3: (x40) | AK3: KWH | AM3: (x1) | AR3: KWH | AU3: KWH | AV3: (x100) | AW3: KWH | AX3: (x100) | AY3: KWH | AZ3: (x1) | BA3: KWH | BB3: (x40) | BD3: Golf | BE3: Golf | BF3: Resort
B4: 44562 | C4: =(Occupancy!K8) -> 298 | D4: 11321 | E4: 1.923 | F4: 0 | G4: 10100 | H4: 2.565 | I4: 0 | J4: 12287 | K4: 3.65 | L4: 0 | M4: 12096 | N4: 2.73 | O4: 0 | P4: 12723 | Q4: 3.73 | R4: 0 | S4: 87171 | T4: 2.249 | U4: 0 | V4: 83846 | W4: 1.671 | X4: 0 | Y4: 19760 | Z4: 2.75 | AA4: 0 | AB4: 12886 | AC4: 2.31 | AD4: 0 | AE4: 6617 | AF4: 2.166 | AG4: 0 | AH4: 19427 | AI4: 0.294 | AJ4: 0 | AK4: 96927 | AL4: 0 | AT4: =B4 -> 44562 | AU4: 70527 | AV4: 0 | AW4: 9004 | AX4: 0 | AY4: 72470 | AZ4: 0 | BA4: 3543 | BB4: 0
B5: 44564 | C5: =(Occupancy!K9+K10) -> 242.25 | D5: 11444 | E5: 1.923 | F5: =SUM(D5-D4)*160 -> 19680 | G5: 10191 | H5: 2.565 | I5: =SUM(G5-G4)*160 -> 14560 | J5: 12296 | K5: 3.65 | L5: =SUM(J5-J4)*400 -> 3600 | M5: 12104 | N5: 3.73 | O5: =SUM(M5-M4)*400 -> 3200 | P5: 12731 | Q5: 3.73 | R5: =SUM(P5-P4)*400 -> 3200 | S5: 87232 | T5: 2.249 | U5: =SUM(S5-S4)*300 -> 18300 | V5: 83905 | W5: 1.838 | X5: =SUM(V5-V4)*300 -> 17700 | Y5: 19769 | Z5: 2.75 | AA5: =SUM(Y5-Y4)*160 -> 1440 | AB5: 12892 | AC5: 2.31 | AD5: =SUM(AB5-AB4)*160 -> 960 | AE5: 6693 | AF5: 2.166 | AG5: =SUM(AE5-AE4)*200 -> 15200 | AH5: 19437 | AI5: 0.297 | AJ5: =SUM(AH5-AH4)*40 -> 400 | AK5: 96950 | AL5: =SUM(AK5-AK4) -> 23 | AO5: =SUM(AG5+AD5+AA5+X5+U5+R5+O5+L5+I5+F5+AJ5+AL5) -> 98263 | AP5: =SUM(AG5+AJ5) -> 15600 | AQ5: =SUM(AP5/AO5) -> 0.15875762 | AT5: =B5 -> 44564 | AU5: 70589 | AV5: =SUM(AU5-AU4)*100 -> 6200 | AW5: 9010 | AX5: =SUM(AW5-AW4)*100 -> 600 | AY5: 72793 | AZ5: =SUM(AY5-AY4) -> 323 | BA5: 3556 | BB5: =SUM(BA5-BA4)*40 -> 520 | BD5: =SUM(AU5+AW5,AY5,BA5) -> 155948
B6: 44571 | C6: =SUM(Occupancy!K11:K17) -> 1355 | D6: 11696 | E6: 1.923 | F6: =SUM(D6-D5)*160 -> 40320 | G6: 10511 | H6: 2.565 | I6: =SUM(G6-G5)*160 -> 51200 | J6: 12323 | K6: 3.65 | L6: =SUM(J6-J5)*400 -> 10800 | M6: 12127 | N6: 2.73 | O6: =SUM(M6-M5)*400 -> 9200 | P6: 12756 | Q6: 3.73 | R6: =SUM(P6-P5)*400 -> 10000 | S6: 87372 | T6: 2.249 | U6: =SUM(S6-S5)*300 -> 42000 | V6: 84018 | W6: 1.838 | X6: =SUM(V6-V5)*300 -> 33900 | Y6: 19803 | Z6: 3.16 | AA6: =SUM(Y6-Y5)*160 -> 5440 | AB6: 12915 | AC6: 3.23 | AD6: =SUM(AB6-AB5)*160 -> 3680 | AE6: 6964 | AF6: 2.166 | AG6: =SUM(AE6-AE5)*200 -> 54200 | AH6: 19473 | AI6: 0.297 | AJ6: =SUM(AH6-AH5)*40 -> 1440 | AK6: 97680 | AL6: =SUM(AK6-AK5) -> 730 | AO6: =SUM(AG6+AD6+AA6+X6+U6+R6+O6+L6+I6+F6+AJ6+AL6) -> 262910 | AP6: =SUM(AG6+AJ6) -> 55640 | AQ6: =SUM(AP6/AO6) -> 0.21163136 | AT6: =B6 -> 44571 | AU6: 70721 | AV6: =SUM(AU6-AU5)*100 -> 13200 | AW6: 9028 | AX6: =SUM(AW6-AW5)*100 -> 1800 | AY6: 73621 | AZ6: =SUM(AY6-AY5) -> 828 | BA6: 3616 | BB6: =SUM(BA6-BA5)*40 -> 2400 | BD6: =SUM(AU6+AW6,AY6,BA6) -> 156986
B7: 44578 | C7: =SUM(Occupancy!K18:K24) -> 1610 | D7: 11962 | E7: 1.961 | F7: =SUM(D7-D6)*160 -> 42560 | G7: 10844 | H7: 2.565 | I7: =SUM(G7-G6)*160 -> 53280 | J7: 12351 | K7: 3.65 | L7: =SUM(J7-J6)*400 -> 11200 | M7: 12153 | N7: 2.73 | O7: =SUM(M7-M6)*400 -> 10400 | P7: 12785 | Q7: 3.73 | R7: =SUM(P7-P6)*400 -> 11600 | S7: 87520 | T7: 2.249 | U7: =SUM(S7-S6)*300 -> 44400 | V7: 84121 | W7: 1.838 | X7: =SUM(V7-V6)*300 -> 30900 | Y7: 19841 | Z7: 3.18 | AA7: =SUM(Y7-Y6)*160 -> 6080 | AB7: 12939 | AC7: 3.23 | AD7: =SUM(AB7-AB6)*160 -> 3840 | AE7: 7242 | AF7: 2.166 | AG7: =SUM(AE7-AE6)*200 -> 55600 | AH7: 19511 | AI7: 0.297 | AJ7: =SUM(AH7-AH6)*40 -> 1520 | AK7: 98341 | AL7: =SUM(AK7-AK6) -> 661 | AO7: =SUM(AG7+AD7+AA7+X7+U7+R7+O7+L7+I7+F7+AJ7+AL7) -> 272041 | AP7: =SUM(AG7+AJ7) -> 57120 | AQ7: =SUM(AP7/AO7) -> 0.20996835 | AT7: =B7 -> 44578 | AU7: 70830 | AV7: =SUM(AU7-AU6)*100 -> 10900 | AW7: 9044 | AX7: =SUM(AW7-AW6)*100 -> 1600 | AY7: 74319 | AZ7: =SUM(AY7-AY6) -> 698 | BA7: 3662 | BB7: =SUM(BA7-BA6)*40 -> 1840 | BD7: =SUM(AU7+AW7,AY7,BA7) -> 157855
B8: 44585 | C8: =SUM(Occupancy!K25:K31) -> 1849 | D8: 12222 | E8: 1.86 | F8: =SUM(D8-D7)*160 -> 41600 | G8: 11167 | H8: 2.403 | I8: =SUM(G8-G7)*160 -> 51680 | J8: 12385 | K8: 3.25 | L8: =SUM(J8-J7)*400 -> 13600 | M8: 12183 | N8: 2.85 | O8: =SUM(M8-M7)*400 -> 12000 | P8: 12818 | Q8: 3.1 | R8: =SUM(P8-P7)*400 -> 13200 | S8: 87629 | T8: 2.249 | U8: =SUM(S8-S7)*300 -> 32700 | V8: 84240 | W8: 1.838 | X8: =SUM(V8-V7)*300 -> 35700 | Y8: 19879 | Z8: 2.99 | AA8: =SUM(Y8-Y7)*160 -> 6080 | AB8: 12967 | AC8: 2.45 | AD8: =SUM(AB8-AB7)*160 -> 4480 | AE8: 7512 | AF8: 2.111 | AG8: =SUM(AE8-AE7)*200 -> 54000 | AH8: 19548 | AI8: 0.292 | AJ8: =SUM(AH8-AH7)*40 -> 1480 | AK8: 98899 | AL8: =SUM(AK8-AK7) -> 558 | AO8: =SUM(AG8+AD8+AA8+X8+U8+R8+O8+L8+I8+F8+AJ8+AL8) -> 267078 | AP8: =SUM(AG8+AJ8) -> 55480 | AQ8: =SUM(AP8/AO8) -> 0.20772958 | AT8: =B8 -> 44585 | AU8: 70925 | AV8: =SUM(AU8-AU7)*100 -> 9500 | AW8: 9062 | AX8: =SUM(AW8-AW7)*100 -> 1800 | AY8: 75050 | AZ8: =SUM(AY8-AY7) -> 731 | BA8: 3692 | BB8: =SUM(BA8-BA7)*40 -> 1200 | BD8: =SUM(AU8+AW8,AY8,BA8) -> 158729
B9: 44592 | C9: =SUM(Occupancy!K32:K38) -> 724 | D9: 12480 | E9: 1.906 | F9: =SUM(D9-D8)*160 -> 41280 | G9: 11484 | H9: 2.478 | I9: =SUM(G9-G8)*160 -> 50720 | J9: 12416 | K9: 3.25 | L9: =SUM(J9-J8)*400 -> 12400 | M9: 12211 | N9: 2.96 | O9: =SUM(M9-M8)*400 -> 11200 | P9: 12846 | Q9: 3.1 | R9: =SUM(P9-P8)*400 -> 11200 | S9: 87711 | T9: 1.359 | U9: =SUM(S9-S8)*300 -> 24600 | V9: 84342 | W9: 0.98 | X9: =SUM(V9-V8)*300 -> 30600 | Y9: 19913 | Z9: 3.25 | AA9: =SUM(Y9-Y8)*160 -> 5440 | AB9: 12987 | AC9: 2.85 | AD9: =SUM(AB9-AB8)*160 -> 3200 | AE9: 7778 | AF9: 2.186 | AG9: =SUM(AE9-AE8)*200 -> 53200 | AH9: 19583 | AI9: 0.292 | AJ9: =SUM(AH9-AH8)*40 -> 1400 | AK9: 99300 | AL9: =SUM(AK9-AK8) -> 401 | AO9: =SUM(AG9+AD9+AA9+X9+U9+R9+O9+L9+I9+F9+AJ9+AL9) -> 245641 | AP9: =SUM(AG9+AJ9) -> 54600 | AQ9: =SUM(AP9/AO9) -> 0.2222756 | AT9: =B9 -> 44592 | AU9: 71052 | AV9: =SUM(AU9-AU8)*100 -> 12700 | AW9: 9078 | AX9: =SUM(AW9-AW8)*100 -> 1600 | AY9: 75871 | AZ9: =SUM(AY9-AY8) -> 821 | BA9: 3728 | BB9: =SUM(BA9-BA8)*40 -> 1440 | BD9: =SUM(AU9+AW9,AY9,BA9) -> 159729
B10: 44599 | C10: =SUM(Occupancy!K39:K45) -> 1557 | D10: 12734 | E10: 1.908 | F10: =SUM(D10-D9)*160 -> 40640 | G10: 11789 | H10: 2.478 | I10: =SUM(G10-G9)*160 -> 48800 | J10: 12443 | K10: 3.25 | L10: =SUM(J10-J9)*400 -> 10800 | M10: 12238 | N10: 2.96 | O10: =SUM(M10-M9)*400 -> 10800 | P10: 12873 | Q10: 3.1 | R10: =SUM(P10-P9)*400 -> 10800 | S10: 87837 | T10: 2.01 | U10: =SUM(S10-S9)*300 -> 37800 | V10: 84480 | W10: 1.737 | X10: =SUM(V10-V9)*300 -> 41400 | Y10: 19950 | Z10: 3.25 | AA10: =SUM(Y10-Y9)*160 -> 5920 | AB10: 13013 | AC10: 3.15 | AD10: =SUM(AB10-AB9)*160 -> 4160 | AE10: 8038 | AF10: 2.186 | AG10: =SUM(AE10-AE9)*200 -> 52000 | AH10: 19618 | AI10: 0.301 | AJ10: =SUM(AH10-AH9)*40 -> 1400 | AK10: 100295 | AL10: =SUM(AK10-AK9) -> 995 | AO10: =SUM(AG10+AD10+AA10+X10+U10+R10+O10+L10+I10+F10+AJ10+AL10) -> 265515 | AP10: =SUM(AG10+AJ10) -> 53400 | AQ10: =SUM(AP10/AO10) -> 0.20111858 | AT10: =B10 -> 44599 | AU10: 71167 | AV10: =SUM(AU10-AU9)*100 -> 11500 | AW10: 9092 | AX10: =SUM(AW10-AW9)*100 -> 1400 | AY10: 76596 | AZ10: =SUM(AY10-AY9) -> 725 | BA10: 3787 | BB10: =SUM(BA10-BA9)*40 -> 2360 | BD10: =SUM(AU10+AW10,AY10,BA10) -> 160642
B11: 44606 | C11: =SUM(Occupancy!K46:K52) -> 1315 | D11: 12992 | E11: 1.938 | F11: =SUM(D11-D10)*160 -> 41280 | G11: 12107 | H11: 2.478 | I11: =SUM(G11-G10)*160 -> 50880 | J11: 12447 | K11: 3.25 | L11: =SUM(J11-J10)*400 -> 1600 | M11: 12263 | N11: 2.96 | O11: =SUM(M11-M10)*400 -> 10000 | P11: 12898 | Q11: 3.1 | R11: =SUM(P11-P10)*400 -> 10000 | S11: 87977 | T11: 2.01 | U11: =SUM(S11-S10)*300 -> 42000 | V11: 84567 | W11: 1.737 | X11: =SUM(V11-V10)*300 -> 26100 | Y11: 19986 | Z11: 3.25 | AA11: =SUM(Y11-Y10)*160 -> 5760 | AB11: 13034 | AC11: 3.15 | AD11: =SUM(AB11-AB10)*160 -> 3360 | AE11: 8302 | AF11: 2.186 | AG11: =SUM(AE11-AE10)*200 -> 52800 | AH11: 19654 | AI11: 0.301 | AJ11: =SUM(AH11-AH10)*40 -> 1440 | AK11: 959 | AL11: =SUM(AK11-AK10) -> -99336 | AO11: =SUM(AG11+AD11+AA11+X11+U11+R11+O11+L11+I11+F11+AJ11+AL11) -> 145884 | AP11: =SUM(AG11+AJ11) -> 54240 | AQ11: =SUM(AP11/AO11) -> 0.37180225 | AT11: =B11 -> 44606 | AU11: 71279 | AV11: =SUM(AU11-AU10)*100 -> 11200 | AW11: 9109 | AX11: =SUM(AW11-AW10)*100 -> 1700 | AY11: 77368 | AZ11: =SUM(AY11-AY10) -> 772 | BA11: 3828 | BB11: =SUM(BA11-BA10)*40 -> 1640 | BD11: =SUM(AU11+AW11,AY11,BA11) -> 161584
B12: 44613 | C12: =SUM(Occupancy!K53:K59) -> 2448 | D12: 13264 | E12: 1.938 | F12: =SUM(D12-D11)*160 -> 43520 | G12: 12438 | H12: 2.478 | I12: =SUM(G12-G11)*160 -> 52960 | J12: 12502 | K12: 3.25 | L12: =SUM(J12-J11)*400 -> 22000 | M12: 12292 | N12: 2.96 | O12: =SUM(M12-M11)*400 -> 11600 | P12: 12927 | Q12: 3.1 | R12: =SUM(P12-P11)*400 -> 11600 | S12: 88167 | T12: 2.221 | U12: =SUM(S12-S11)*300 -> 57000 | V12: 84682 | W12: 1.737 | X12: =SUM(V12-V11)*300 -> 34500 | Y12: 20024 | Z12: 3.25 | AA12: =SUM(Y12-Y11)*160 -> 6080 | AB12: 13058 | AC12: 3.15 | AD12: =SUM(AB12-AB11)*160 -> 3840 | AE12: 8577 | AF12: 2.186 | AG12: =SUM(AE12-AE11)*200 -> 55000 | AH12: 19691 | AI12: 0.301 | AJ12: =SUM(AH12-AH11)*40 -> 1480 | AK12: 1493 | AL12: =SUM(AK12-AK11) -> 534 | AO12: =SUM(AG12+AD12+AA12+X12+U12+R12+O12+L12+I12+F12+AJ12+AL12) -> 300114 | AP12: =SUM(AG12+AJ12) -> 56480 | AQ12: =SUM(AP12/AO12) -> 0.18819515 | AT12: =B12 -> 44613 | AU12: 71402 | AV12: =SUM(AU12-AU11)*100 -> 12300 | AW12: 9124 | AX12: =SUM(AW12-AW11)*100 -> 1500 | AY12: 78123 | AZ12: =SUM(AY12-AY11) -> 755 | BA12: 3897 | BB12: =SUM(BA12-BA11)*40 -> 2760 | BD12: =SUM(AU12+AW12,AY12,BA12) -> 162546
B13: 44620 | C13: =SUM(Occupancy!K60:K66) -> 2437 | D13: 13529 | E13: 1.894 | F13: =SUM(D13-D12)*160 -> 42400 | G13: 12764 | H13: 2.288 | I13: =SUM(G13-G12)*160 -> 52160 | J13: 12534 | K13: 2.41 | L13: =SUM(J13-J12)*400 -> 12800 | M13: 12320 | N13: 2.28 | O13: =SUM(M13-M12)*400 -> 11200 | P13: 12955 | Q13: 2.08 | R13: =SUM(P13-P12)*400 -> 11200 | S13: 88341 | T13: 1.589 | U13: =SUM(S13-S12)*300 -> 52200 | V13: 84922 | W13: 1.884 | X13: =SUM(V13-V12)*300 -> 72000 | Y13: 20065 | Z13: 3.72 | AA13: =SUM(Y13-Y12)*160 -> 6560 | AB13: 13083 | AC13: 2.66 | AD13: =SUM(AB13-AB12)*160 -> 4000 | AE13: 8864 | AF13: 2.141 | AG13: =SUM(AE13-AE12)*200 -> 57400 | AH13: 19727 | AI13: 2.81 | AJ13: =SUM(AH13-AH12)*40 -> 1440 | AK13: 2115 | AL13: =SUM(AK13-AK12) -> 622 | AO13: =SUM(AG13+AD13+AA13+X13+U13+R13+O13+L13+I13+F13+AJ13+AL13) -> 323982 | AP13: =SUM(AG13+AJ13) -> 58840 | AQ13: =SUM(AP13/AO13) -> 0.18161503 | AT13: =B13 -> 44620 | AU13: 71548 | AV13: =SUM(AU13-AU12)*100 -> 14600 | AW13: 9140 | AX13: =SUM(AW13-AW12)*100 -> 1600 | AY13: 78931 | AZ13: =SUM(AY13-AY12) -> 808 | BA13: 3990 | BB13: =SUM(BA13-BA12)*40 -> 3720 | BD13: =SUM(AU13+AW13,AY13,BA13) -> 163609
B14: 44627 | C14: =SUM(Occupancy!K67:K74) -> 2097 | D14: 13779 | E14: 1.969 | F14: =SUM(D14-D13)*160 -> 40000 | G14: 13074 | H14: 2.39 | I14: =SUM(G14-G13)*160 -> 49600 | J14: 12562 | K14: 2.79 | L14: =SUM(J14-J13)*400 -> 11200 | M14: 12346 | N14: 2.28 | O14: =SUM(M14-M13)*400 -> 10400 | P14: 12981 | Q14: 2.34 | R14: =SUM(P14-P13)*400 -> 10400 | S14: 88494 | T14: 1.749 | U14: =SUM(S14-S13)*300 -> 45900 | V14: 85073 | W14: 1.884 | X14: =SUM(V14-V13)*300 -> 45300 | Y14: 20102 | Z14: 3.72 | AA14: =SUM(Y14-Y13)*160 -> 5920 | AB14: 13109 | AC14: 2.79 | AD14: =SUM(AB14-AB13)*160 -> 4160 | AE14: 9136 | AF14: 2.272 | AG14: =SUM(AE14-AE13)*200 -> 54400 | AH14: 19760 | AI14: 2.81 | AJ14: =SUM(AH14-AH13)*40 -> 1320 | AK14: 2618 | AL14: =SUM(AK14-AK13) -> 503 | AO14: =SUM(AG14+AD14+AA14+X14+U14+R14+O14+L14+I14+F14+AJ14+AL14) -> 279103 | AP14: =SUM(AG14+AJ14) -> 55720 | AQ14: =SUM(AP14/AO14) -> 0.19963956 | AT14: =B14 -> 44627 | AU14: 71683 | AV14: =SUM(AU14-AU13)*100 -> 13500 | AW14: 9154 | AX14: =SUM(AW14-AW13)*100 -> 1400 | AY14: 79671 | AZ14: =SUM(AY14-AY13) -> 740 | BA14: 4054 | BB14: =SUM(BA14-BA13)*40 -> 2560 | BD14: =SUM(AU14+AW14,AY14,BA14) -> 164562
B15: 44634 | C15: =SUM(Occupancy!K75:K82) -> 2923 | D15: 14041 | E15: 1.961 | F15: =SUM(D15-D14)*160 -> 41920 | G15: 13401 | H15: 2.413 | I15: =SUM(G15-G14)*160 -> 52320 | J15: 12596 | K15: 3.44 | L15: =SUM(J15-J14)*400 -> 13600 | M15: 12376 | N15: 3.2 | O15: =SUM(M15-M14)*400 -> 12000 | P15: 13010 | Q15: 3.54 | R15: =SUM(P15-P14)*400 -> 11600 | S15: 88697 | T15: 2.726 | U15: =SUM(S15-S14)*300 -> 60900 | V15: 85298 | W15: 1.963 | X15: =SUM(V15-V14)*300 -> 67500 | Y15: 20159 | Z15: 0.618 | AA15: =SUM(Y15-Y14)*160 -> 9120 | AB15: 13135 | AC15: 2.93 | AD15: =SUM(AB15-AB14)*160 -> 4160 | AE15: 9406 | AF15: 2.222 | AG15: =SUM(AE15-AE14)*200 -> 54000 | AH15: 19796 | AI15: 0.292 | AJ15: =SUM(AH15-AH14)*40 -> 1440 | AK15: 3231 | AL15: =SUM(AK15-AK14) -> 613 | AO15: =SUM(AG15+AD15+AA15+X15+U15+R15+O15+L15+I15+F15+AJ15+AL15) -> 329173 | AP15: =SUM(AG15+AJ15) -> 55440 | AQ15: =SUM(AP15/AO15) -> 0.16842208 | AT15: =B15 -> 44634 | AU15: 71841 | AV15: =SUM(AU15-AU14)*100 -> 15800 | AW15: 9173 | AX15: =SUM(AW15-AW14)*100 -> 1900 | AY15: 80551 | AZ15: =SUM(AY15-AY14) -> 880 | BA15: 4082 | BB15: =SUM(BA15-BA14)*40 -> 1120 | BD15: =SUM(AU15+AW15,AY15,BA15) -> 165647
B16: 44641 | C16: =SUM(Occupancy!K83:K90) -> 2919 | D16: 14299 | E16: 2.003 | F16: =SUM(D16-D15)*160 -> 41280 | G16: 13723 | H16: 2.413 | I16: =SUM(G16-G15)*160 -> 51520 | J16: 12631 | K16: 3.44 | L16: =SUM(J16-J15)*400 -> 14000 | M16: 12406 | N16: 3.2 | O16: =SUM(M16-M15)*400 -> 12000 | P16: 13039 | Q16: 3.54 | R16: =SUM(P16-P15)*400 -> 11600 | S16: 88874 | T16: 2.726 | U16: =SUM(S16-S15)*300 -> 53100 | V16: 85498 | W16: 1.963 | X16: =SUM(V16-V15)*300 -> 60000 | Y16: 20198 | Z16: 0.618 | AA16: =SUM(Y16-Y15)*160 -> 6240 | AB16: 13161 | AC16: 2.93 | AD16: =SUM(AB16-AB15)*160 -> 4160 | AE16: 9671 | AF16: 2.222 | AG16: =SUM(AE16-AE15)*200 -> 53000 | AH16: 19831 | AI16: 0.292 | AJ16: =SUM(AH16-AH15)*40 -> 1400 | AK16: 3830 | AL16: =SUM(AK16-AK15) -> 599 | AO16: =SUM(AG16+AD16+AA16+X16+U16+R16+O16+L16+I16+F16+AJ16+AL16) -> 308899 | AP16: =SUM(AG16+AJ16) -> 54400 | AQ16: =SUM(AP16/AO16) -> 0.17610934 | AT16: =B16 -> 44641 | AU16: 71965 | AV16: =SUM(AU16-AU15)*100 -> 12400 | AW16: 9186 | AX16: =SUM(AW16-AW15)*100 -> 1300 | AY16: 81213 | AZ16: =SUM(AY16-AY15) -> 662 | BA16: 4125 | BB16: =SUM(BA16-BA15)*40 -> 1720 | BD16: =SUM(AU16+AW16,AY16,BA16) -> 166489
B17: 44648 | C17: =SUM(Occupancy!K91:K96) -> 2219 | D17: 14553 | E17: 1.819 | F17: =SUM(D17-D16)*160 -> 40640 | G17: 14044 | H17: 2.489 | I17: =SUM(G17-G16)*160 -> 51360 | J17: 12665 | K17: 2.48 | L17: =SUM(J17-J16)*400 -> 13600 | M17: 12434 | N17: 2.23 | O17: =SUM(M17-M16)*400 -> 11200 | P17: 13068 | Q17: 2.56 | R17: =SUM(P17-P16)*400 -> 11600 | S17: 89055 | T17: 2.444 | U17: =SUM(S17-S16)*300 -> 54300 | V17: 85636 | W17: 1.853 | X17: =SUM(V17-V16)*300 -> 41400 | Y17: 20236 | Z17: 3.16 | AA17: =SUM(Y17-Y16)*160 -> 6080 | AB17: 13185 | AC17: 2.77 | AD17: =SUM(AB17-AB16)*160 -> 3840 | AE17: 9947 | AF17: 2.194 | AG17: =SUM(AE17-AE16)*200 -> 55200 | AH17: 19866 | AI17: 0.285 | AJ17: =SUM(AH17-AH16)*40 -> 1400 | AK17: 4402 | AL17: =SUM(AK17-AK16) -> 572 | AO17: =SUM(AG17+AD17+AA17+X17+U17+R17+O17+L17+I17+F17+AJ17+AL17) -> 291192 | AP17: =SUM(AG17+AJ17) -> 56600 | AQ17: =SUM(AP17/AO17) -> 0.19437347 | AT17: =B17 -> 44648 | AU17: 72104 | AV17: =SUM(AU17-AU16)*100 -> 13900 | AW17: 9202 | AX17: =SUM(AW17-AW16)*100 -> 1600 | AY17: 82065 | AZ17: =SUM(AY17-AY16) -> 852 | BA17: 4170 | BB17: =SUM(BA17-BA16)*40 -> 1800 | BD17: =SUM(AU17+AW17,AY17,BA17) -> 167541
B18: 44651 | C18: =SUM(Occupancy!K97:K98) -> 744 | D18: 14704 | E18: 1.819 | F18: =SUM(D18-D17)*160 -> 24160 | G18: 14236 | H18: 2.489 | I18: =SUM(G18-G17)*160 -> 30720 | J18: 12685 | K18: 2.98 | L18: =SUM(J18-J17)*400 -> 8000 | M18: 12451 | N18: 2.23 | O18: =SUM(M18-M17)*400 -> 6800 | P18: 13085 | Q18: 2.56 | R18: =SUM(P18-P17)*400 -> 6800 | S18: 89164 | T18: 2.444 | U18: =SUM(S18-S17)*300 -> 32700 | V18: 85760 | W18: 2.015 | X18: =SUM(V18-V17)*300 -> 37200 | Y18: 20262 | Z18: 3.85 | AA18: =SUM(Y18-Y17)*160 -> 4160 | AB18: 13202 | AC18: 2.77 | AD18: =SUM(AB18-AB17)*160 -> 2720 | AE18: 10122 | AF18: 2.302 | AG18: =SUM(AE18-AE17)*200 -> 35000 | AH18: 19888 | AI18: 0.285 | AJ18: =SUM(AH18-AH17)*40 -> 880 | AK18: 4850 | AL18: =SUM(AK18-AK17) -> 448 | AO18: =SUM(AG18+AD18+AA18+X18+U18+R18+O18+L18+I18+F18+AJ18+AL18) -> 189588 | AP18: =SUM(AG18+AJ18) -> 35880 | AQ18: =SUM(AP18/AO18) -> 0.18925248 | AT18: =B18 -> 44651 | AU18: 72183 | AV18: =SUM(AU18-AU17)*100 -> 7900 | AW18: 9212 | AX18: =SUM(AW18-AW17)*100 -> 1000 | AY18: 82558 | AZ18: =SUM(AY18-AY17) -> 493 | BA18: 4210 | BB18: =SUM(BA18-BA17)*40 -> 1600 | BD18: =SUM(AU18+AW18,AY18,BA18) -> 168163
B19: 44655 | C19: =SUM(Occupancy!K99:K102) -> 1353 | D19: 14803 | E19: 1.868 | F19: =SUM(D19-D18)*160 -> 15840 | G19: 14361 | H19: 2.489 | I19: =SUM(G19-G18)*160 -> 20000 | J19: 12698 | K19: 2.98 | L19: =SUM(J19-J18)*400 -> 5200 | M19: 12463 | N19: 2.45 | O19: =SUM(M19-M18)*400 -> 4800 | P19: 13097 | Q19: 2.56 | R19: =SUM(P19-P18)*400 -> 4800 | S19: 89224 | T19: 2.444 | U19: =SUM(S19-S18)*300 -> 18000 | V19: 85857 | W19: 2.015 | X19: =SUM(V19-V18)*300 -> 29100 | Y19: 20276 | Z19: 3.85 | AA19: =SUM(Y19-Y18)*160 -> 2240 | AB19: 13212 | AC19: 2.77 | AD19: =SUM(AB19-AB18)*160 -> 1600 | AE19: 10238 | AF19: 2.302 | AG19: =SUM(AE19-AE18)*200 -> 23200 | AH19: 19902 | AI19: 0.313 | AJ19: =SUM(AH19-AH18)*40 -> 560 | AK19: 4854 | AL19: =SUM(AK19-AK18) -> 4 | AO19: =SUM(AG19+AD19+AA19+X19+U19+R19+O19+L19+I19+F19+AJ19+AL19) -> 125344 | AP19: =SUM(AG19+AJ19) -> 23760 | AQ19: =SUM(AP19/AO19) -> 0.18955834 | AT19: =B19 -> 44655 | AU19: 72239 | AV19: =SUM(AU19-AU18)*100 -> 5600 | AW19: 9219 | AX19: =SUM(AW19-AW18)*100 -> 700 | AY19: 82951 | AZ19: =SUM(AY19-AY18) -> 393 | BA19: 4214 | BB19: =SUM(BA19-BA18)*40 -> 160 | BD19: =SUM(AU19+AW19,AY19,BA19) -> 168623
B20: 44662 | C20: =SUM(Occupancy!K103:K109) -> 2733 | D20: 15062 | E20: 1.879 | F20: =SUM(D20-D19)*160 -> 41440 | G20: 14679 | H20: 2.489 | I20: =SUM(G20-G19)*160 -> 50880 | J20: 12733 | K20: 2.98 | L20: =SUM(J20-J19)*400 -> 14000 | M20: 12493 | N20: 2.45 | O20: =SUM(M20-M19)*400 -> 12000 | P20: 13128 | Q20: 2.7 | R20: =SUM(P20-P19)*400 -> 12400 | S20: 89385 | T20: 2.444 | U20: =SUM(S20-S19)*300 -> 48300 | V20: 86029 | W20: 2.015 | X20: =SUM(V20-V19)*300 -> 51600 | Y20: 20311 | Z20: 3.85 | AA20: =SUM(Y20-Y19)*160 -> 5600 | AB20: 13233 | AC20: 3.85 | AD20: =SUM(AB20-AB19)*160 -> 3360 | AE20: 10522 | AF20: 2.302 | AG20: =SUM(AE20-AE19)*200 -> 56800 | AH20: 19937 | AI20: 0.313 | AJ20: =SUM(AH20-AH19)*40 -> 1400 | AK20: 5386 | AL20: =SUM(AK20-AK19) -> 532 | AO20: =SUM(AG20+AD20+AA20+X20+U20+R20+O20+L20+I20+F20+AJ20+AL20) -> 298312 | AP20: =SUM(AG20+AJ20) -> 58200 | AQ20: =SUM(AP20/AO20) -> 0.19509775 | AT20: =B20 -> 44662 | AU20: 72364 | AV20: =SUM(AU20-AU19)*100 -> 12500 | AW20: 9235 | AX20: =SUM(AW20-AW19)*100 -> 1600 | AY20: 83835 | AZ20: =SUM(AY20-AY19) -> 884 | BA20: 4255 | BB20: =SUM(BA20-BA19)*40 -> 1640 | BD20: =SUM(AU20+AW20,AY20,BA20) -> 169689
B21: 44669 | C21: =SUM(Occupancy!K110:K116) -> 2761 | AO21: =SUM(AG21+AD21+AA21+X21+U21+R21+O21+L21+I21+F21+AJ21+AL21) -> 0 | AP21: =SUM(AG21+AJ21) -> 0 | AQ21: =SUM(AP21/AO21) -> #DIV/0! | AT21: =B21 -> 44669 | BD21: =SUM(AU21+AW21,AY21,BA21) -> 0
B22: 44676 | C22: =SUM(Occupancy!K117:K123) -> 2525 | AO22: =SUM(AG22+AD22+AA22+X22+U22+R22+O22+L22+I22+F22+AJ22+AL22) -> 0 | AP22: =SUM(AG22+AJ22) -> 0 | AQ22: =SUM(AP22/AO22) -> #DIV/0! | AT22: =B22 -> 44676 | BD22: =SUM(AU22+AW22,AY22,BA22) -> 0
B23: 44681 | C23: =SUM(Occupancy!K124:K128) -> 1600 | AO23: =SUM(AG23+AD23+AA23+X23+U23+R23+O23+L23+I23+F23+AJ23+AL23) -> 0 | AP23: =SUM(AG23+AJ23) -> 0 | AQ23: =SUM(AP23/AO23) -> #DIV/0! | AT23: =B23 -> 44681 | BD23: =SUM(AU23+AW23,AY23,BA23) -> 0
B24: 44683 | AO24: =SUM(AG24+AD24+AA24+X24+U24+R24+O24+L24+I24+F24+AJ24+AL24) -> 0 | AP24: =SUM(AG24+AJ24) -> 0 | AQ24: =SUM(AP24/AO24) -> #DIV/0! | AT24: =B24 -> 44683 | BD24: =SUM(AU24+AW24,AY24,BA24) -> 0
B25: 44690 | AO25: =SUM(AG25+AD25+AA25+X25+U25+R25+O25+L25+I25+F25+AJ25+AL25) -> 0 | AP25: =SUM(AG25+AJ25) -> 0 | AQ25: =SUM(AP25/AO25) -> #DIV/0! | AT25: =B25 -> 44690 | BD25: =SUM(AU25+AW25,AY25,BA25) -> 0
B26: 44697 | AO26: =SUM(AG26+AD26+AA26+X26+U26+R26+O26+L26+I26+F26+AJ26+AL26) -> 0 | AP26: =SUM(AG26+AJ26) -> 0 | AQ26: =SUM(AP26/AO26) -> #DIV/0! | AT26: =B26 -> 44697 | BD26: =SUM(AU26+AW26,AY26,BA26) -> 0
B27: 44704 | AO27: =SUM(AG27+AD27+AA27+X27+U27+R27+O27+L27+I27+F27+AJ27+AL27) -> 0 | AP27: =SUM(AG27+AJ27) -> 0 | AQ27: =SUM(AP27/AO27) -> #DIV/0! | AT27: =B27 -> 44704 | BD27: =SUM(AU27+AW27,AY27,BA27) -> 0
B28: 44711 | AO28: =SUM(AG28+AD28+AA28+X28+U28+R28+O28+L28+I28+F28+AJ28+AL28) -> 0 | AP28: =SUM(AG28+AJ28) -> 0 | AQ28: =SUM(AP28/AO28) -> #DIV/0! | AT28: =B28 -> 44711 | BD28: =SUM(AU28+AW28,AY28,BA28) -> 0
B29: 44712 | AO29: =SUM(AG29+AD29+AA29+X29+U29+R29+O29+L29+I29+F29+AJ29+AL29) -> 0 | AP29: =SUM(AG29+AJ29) -> 0 | AQ29: =SUM(AP29/AO29) -> #DIV/0! | AT29: =B29 -> 44712 | BD29: =SUM(AU29+AW29,AY29,BA29) -> 0
B30: 44718 | AO30: =SUM(AG30+AD30+AA30+X30+U30+R30+O30+L30+I30+F30+AJ30+AL30) -> 0 | AP30: =SUM(AG30+AJ30) -> 0 | AQ30: =SUM(AP30/AO30) -> #DIV/0! | AT30: =B30 -> 44718 | BD30: =SUM(AU30+AW30,AY30,BA30) -> 0
B31: 44725 | AO31: =SUM(AG31+AD31+AA31+X31+U31+R31+O31+L31+I31+F31+AJ31+AL31) -> 0 | AP31: =SUM(AG31+AJ31) -> 0 | AQ31: =SUM(AP31/AO31) -> #DIV/0! | AT31: =B31 -> 44725 | BD31: =SUM(AU31+AW31,AY31,BA31) -> 0
B32: 44732 | AO32: =SUM(AG32+AD32+AA32+X32+U32+R32+O32+L32+I32+F32+AJ32+AL32) -> 0 | AP32: =SUM(AG32+AJ32) -> 0 | AQ32: =SUM(AP32/AO32) -> #DIV/0! | AT32: =B32 -> 44732 | BD32: =SUM(AU32+AW32,AY32,BA32) -> 0
B33: 44739 | AO33: =SUM(AG33+AD33+AA33+X33+U33+R33+O33+L33+I33+F33+AJ33+AL33) -> 0 | AP33: =SUM(AG33+AJ33) -> 0 | AQ33: =SUM(AP33/AO33) -> #DIV/0! | AT33: =B33 -> 44739 | BD33: =SUM(AU33+AW33,AY33,BA33) -> 0
B34: 44742 | AO34: =SUM(AG34+AD34+AA34+X34+U34+R34+O34+L34+I34+F34+AJ34+AL34) -> 0 | AP34: =SUM(AG34+AJ34) -> 0 | AQ34: =SUM(AP34/AO34) -> #DIV/0! | AT34: =B34 -> 44742 | BD34: =SUM(AU34+AW34,AY34,BA34) -> 0
B35: 44746 | AO35: =SUM(AG35+AD35+AA35+X35+U35+R35+O35+L35+I35+F35+AJ35+AL35) -> 0 | AP35: =SUM(AG35+AJ35) -> 0 | AQ35: =SUM(AP35/AO35) -> #DIV/0! | AT35: =B35 -> 44746 | BD35: =SUM(AU35+AW35,AY35,BA35) -> 0
... B64: 44926 | AO64: =SUM(AG64+AD64+AA64+X64+U64+R64+O64+L64+I64+F64+AJ64+AL64) -> 0 | AP64: =SUM(AG64+AJ64) -> 0 | AQ64: =SUM(AP64/AO64) -> #DIV/0! | AT64: =B64 -> 44926 | BD64: =SUM(AU64+AW64,AY64,BA64) -> 0

Sheet Wtr-Gas
B1: 2022 | C1: 74860172 | F1: 74860173 | I1: 44553004 | L1: 70275191 | O1: 2130521 | S1: 12C004186-C1 | V1: 93477704 | Y1: Total Gas Usage | AA1: 79177804 | AC1: 79305675 | AE1: 79190041 | AG1: 7919004D | AI1: 79190039 | AK1: 79324776 | AM1: 112014001775 | AO1: 112014001771 | AS1: 82SJ729151 | AV1: 73337589 - 1387142 | AX1: 65956268 | AZ1: Clubhouse | BA1: 1334021 | BC1: 63265094 | BE1: 67327447 / 80606729
B2: Date | C2: X10 | E2: Total | F2: x10 | H2: Total | L2: x1000 | O2: x100 | Q2: Total | S2: x100 | T2: cfm | V2: x100 | W2: cfm | AA2: Cooling Tower M/U (x10,000) | AC2: Cooling Tower B/D | AE2: Bldg E Potable (x10) | AG2: Bldg E Irrigation (x10) | AI2: Bldg J Irrigation | AK2: Lazy River Potable (X1000) | AM2: Bldg E - Pool Hyrdanic | AO2: Spa Jacuzzi M/U Water | AS2: 46801014 | AW2: Total | AX2: Deduct | AY2: Total | AZ2: Total | BB2: Total | BD2: Total | BF2: Total
C3: Main PW Feed | E3: Gallons | F3: Main RW Feed | H3: Gallons | I3: Fire Prot Water Feed | L3: Potable Water Bldg A | O3: Steam Boiler M/U | Q3: Gallons | S3: Main Gas Meter | V3: Main Gas Meter | AA3: Meter | AB3: Total Gal | AC3: Meter | AD3: Total Gal | AE3: Meter | AF3: Total Gal | AG3: Meter | AH3: Total Gal | AI3: Meter | AJ3: Total Gal | AK3: Meter | AL3: Total Gal | AM3: Meter | AN3: Total Gal | AO3: Meter | AP3: Total Gal | AS3: Gas Meter | AV3: Water Meter | AW3: Gallons | AX3: Water Meter | AY3: Gallons | AZ3: Gallons | BA3: Water Meter | BB3: Gallons | BC3: Water Meter | BD3: Gallons | BE3: Water Meter | BF3: Gallons
B4: 44562 | C4: 47284050 | E4: 0 | F4: 5735080 | H4: 0 | I4: 18184 | K4: 0 | L4: 343381 | N4: 0 | O4: 21347 | Q4: 0 | S4: 804501 | U4: 0 | V4: 837808 | X4: 0 | Y4: 0 | AA4: 25824 | AB4: 0 | AC4: 699356159 | AD4: 0 | AE4: 120526 | AF4: 0 | AG4: 3721338 | AH4: 0 | AI4: 4598660 | AJ4: 0 | AK4: 25450 | AL4: 0 | AM4: 1292 | AN4: 0 | AO4: 13368 | AP4: 0 | AR4: =B4 -> 44562 | AS4: 4046 | AT4: 0 | AV4: 2108658 | AW4: 0 | AX4: 652629730 | AY4: 0 | AZ4: 0 | BA4: 7133000 | BB4: 0 | BC4: 3791200 | BD4: 0 | BE4: 1133177 | BF4: 0
B5: 44564 | C5: 47321292 | E5: =SUM(C5-C4)*10 -> 372420 | F5: 5741571 | H5: =SUM(F5-F4)*10 -> 64910 | I5: 18187 | K5: =SUM(I5-I4)*10 -> 30 | L5: 343661 | N5: =SUM(L5-L4)*1000 -> 280000 | O5: 21465 | Q5: =SUM(O5-O4)*100 -> 11800 | S5: 805268 | U5: =SUM(S5-S4)*100 -> 76700 | V5: 840790 | X5: =SUM(V5-V4)*100 -> 298200 | Y5: =SUM(U5+X5) -> 374900 | AA5: 25889 | AB5: =SUM(AA5-AA4)*10000 -> 650000 | AC5: 701086300 | AD5: =SUM(AC5-AC4)*0.1 -> 173014.1 | AE5: 120604 | AF5: =SUM(AE5-AE4)*10 -> 780 | AG5: 3722473 | AH5: =SUM(AG5-AG4)*10 -> 11350 | AI5: 4601417 | AJ5: =SUM(AI5-AI4) -> 2757 | AK5: 25501 | AL5: =SUM(AK5-AK4)*1000 -> 51000 | AM5: 1295 | AN5: =SUM(AM5-AM4) -> 3 | AO5: 13377 | AP5: =SUM(AO5-AO4)*100 -> 900 | AR5: =B5 -> 44564 | AS5: 4100 | AT5: =SUM(AS5-AS4) -> 54 | AV5: 2131903 | AW5: =SUM(AV5-AV4) -> 23245 | AX5: 654316702 | AY5: =SUM(AX5-AX4)/100 -> 16869.72 | AZ5: =SUM(AW5-AY5) -> 6375.28 | BA5: 7133400 | BB5: =SUM(BA5-BA4) -> 400 | BC5: 3791400 | BD5: =SUM(BC5-BC4) -> 200 | BE5: 1133187 | BF5: =SUM(BE5-BE4) -> 10
B6: 44571 | C6: 47434585 | E6: =SUM(C6-C5)*10 -> 1132930 | F6: 5755598 | H6: =SUM(F6-F5)*10 -> 140270 | I6: 18208 | K6: =SUM(I6-I5)*10 -> 210 | L6: 344442 | N6: =SUM(L6-L5)*1000 -> 781000 | O6: 21853 | Q6: =SUM(O6-O5)*100 -> 38800 | S6: 807780 | U6: =SUM(S6-S5)*100 -> 251200 | V6: 855610 | X6: =SUM(V6-V5)*100 -> 1482000 | Y6: =SUM(U6+X6) -> 1733200 | AA6: 26017 | AB6: =SUM(AA6-AA5)*10000 -> 1280000 | AC6: 704260000 | AD6: =SUM(AC6-AC5)*0.1 -> 317370 | AE6: 120876 | AF6: =SUM(AE6-AE5)*10 -> 2720 | AG6: 3726339 | AH6: =SUM(AG6-AG5)*10 -> 38660 | AI6: 4613682 | AJ6: =SUM(AI6-AI5) -> 12265 | AK6: 25699 | AL6: =SUM(AK6-AK5)*1000 -> 198000 | AM6: 1312 | AN6: =SUM(AM6-AM5) -> 17 | AO6: 13405 | AP6: =SUM(AO6-AO5)*100 -> 2800 | AR6: =B6 -> 44571 | AS6: 4230 | AT6: =SUM(AS6-AS5) -> 130 | AV6: 2183224 | AW6: =SUM(AV6-AV5) -> 51321 | AX6: 658272252 | AY6: =SUM(AX6-AX5)/100 -> 39555.5 | AZ6: =SUM(AW6-AY6) -> 11765.5 | BA6: 7138700 | BB6: =SUM(BA6-BA5) -> 5300 | BC6: 3791700 | BD6: =SUM(BC6-BC5) -> 300 | BE6: 1133232 | BF6: =SUM(BE6-BE5) -> 45
B7: 44578 | C7: 47541571 | E7: =SUM(C7-C6)*10 -> 1069860 | F7: 5765249 | H7: =SUM(F7-F6)*10 -> 96510 | I7: 18248 | K7: =SUM(I7-I6)*10 -> 400 | L7: 345151 | N7: =SUM(L7-L6)*1000 -> 709000 | O7: 22245 | Q7: =SUM(O7-O6)*100 -> 39200 | S7: 810263 | U7: =SUM(S7-S6)*100 -> 248300 | V7: 874623 | X7: =SUM(V7-V6)*100 -> 1901300 | Y7: =SUM(U7+X7) -> 2149600 | AA7: 26115 | AB7: =SUM(AA7-AA6)*10000 -> 980000 | AC7: 706872598 | AD7: =SUM(AC7-AC6)*0.1 -> 261259.8 | AE7: 121126 | AF7: =SUM(AE7-AE6)*10 -> 2500 | AG7: 3728247 | AH7: =SUM(AG7-AG6)*10 -> 19080 | AI7: 4627029 | AJ7: =SUM(AI7-AI6) -> 13347 | AK7: 25915 | AL7: =SUM(AK7-AK6)*1000 -> 216000 | AM7: 1331 | AN7: =SUM(AM7-AM6) -> 19 | AO7: 13437 | AP7: =SUM(AO7-AO6)*100 -> 3200 | AR7: =B7 -> 44578 | AS7: 4331 | AT7: =SUM(AS7-AS6) -> 101 | AV7: 2234949 | AW7: =SUM(AV7-AV6) -> 51725 | AX7: 662223408 | AY7: =SUM(AX7-AX6)/100 -> 39511.56 | AZ7: =SUM(AW7-AY7) -> 12213.44 | BA7: 7143200 | BB7: =SUM(BA7-BA6) -> 4500 | BC7: 3792000 | BD7: =SUM(BC7-BC6) -> 300 | BE7: 1133316 | BF7: =SUM(BE7-BE6) -> 84
B8: 44585 | C8: 47648684 | E8: =SUM(C8-C7)*10 -> 1071130 | F8: 5771687 | H8: =SUM(F8-F7)*10 -> 64380 | I8: 18296 | K8: =SUM(I8-I7)*10 -> 480 | L8: 345901 | N8: =SUM(L8-L7)*1000 -> 750000 | O8: 22594 | Q8: =SUM(O8-O7)*100 -> 34900 | S8: 812966 | U8: =SUM(S8-S7)*100 -> 270300 | V8: 895060 | X8: =SUM(V8-V7)*100 -> 2043700 | Y8: =SUM(U8+X8) -> 2314000 | AA8: 26186 | AB8: =SUM(AA8-AA7)*10000 -> 710000 | AC8: 708723000 | AD8: =SUM(AC8-AC7)*0.1 -> 185040.2 | AE8: 121459 | AF8: =SUM(AE8-AE7)*10 -> 3330 | AG8: 3734808 | AH8: =SUM(AG8-AG7)*10 -> 65610 | AI8: 4637231 | AJ8: =SUM(AI8-AI7) -> 10202 | AK8: 26049 | AL8: =SUM(AK8-AK7)*1000 -> 134000 | AM8: 1351 | AN8: =SUM(AM8-AM7) -> 20 | AO8: 13464 | AP8: =SUM(AO8-AO7)*100 -> 2700 | AR8: =B8 -> 44585 | AS8: 4475 | AT8: =SUM(AS8-AS7) -> 144 | AV8: 2286500 | AW8: =SUM(AV8-AV7) -> 51551 | AX8: 666250250 | AY8: =SUM(AX8-AX7)/100 -> 40268.42 | AZ8: =SUM(AW8-AY8) -> 11282.58 | BA8: 7145500 | BB8: =SUM(BA8-BA7) -> 2300 | BC8: 3792300 | BD8: =SUM(BC8-BC7) -> 300 | BE8: 1133316 | BF8: =SUM(BE8-BE7) -> 0
B9: 44592 | C9: 47742689 | E9: =SUM(C9-C8)*10 -> 940050 | F9: 5772478 | H9: =SUM(F9-F8)*10 -> 7910 | I9: 18310 | K9: =SUM(I9-I8)*10 -> 140 | L9: 346448 | N9: =SUM(L9-L8)*1000 -> 547000 | O9: 22960 | Q9: =SUM(O9-O8)*100 -> 36600 | S9: 815475 | U9: =SUM(S9-S8)*100 -> 250900 | V9: 916450 | X9: =SUM(V9-V8)*100 -> 2139000 | Y9: =SUM(U9+X9) -> 2389900 | AA9: 26235 | AB9: =SUM(AA9-AA8)*10000 -> 490000 | AC9: 710150718 | AD9: =SUM(AC9-AC8)*0.1 -> 142771.8 | AE9: 121688 | AF9: =SUM(AE9-AE8)*10 -> 2290 | AG9: 3739930 | AH9: =SUM(AG9-AG8)*10 -> 51220 | AI9: 4649110 | AJ9: =SUM(AI9-AI8) -> 11879 | AK9: 26261 | AL9: =SUM(AK9-AK8)*1000 -> 212000 | AM9: 1377 | AN9: =SUM(AM9-AM8) -> 26 | AO9: 13495 | AP9: =SUM(AO9-AO8)*100 -> 3100 | AR9: =B9 -> 44592 | AS9: 4662 | AT9: =SUM(AS9-AS8) -> 187 | AV9: 2338432 | AW9: =SUM(AV9-AV8) -> 51932 | AX9: 670240809 | AY9: =SUM(AX9-AX8)/100 -> 39905.59 | AZ9: =SUM(AW9-AY9) -> 12026.41 | BA9: 7148700 | BB9: =SUM(BA9-BA8) -> 3200 | BC9: 3792600 | BD9: =SUM(BC9-BC8) -> 300 | BE9: 1133474 | BF9: =SUM(BE9-BE8) -> 158
B10: 44599 | C10: 47852173 | E10: =SUM(C10-C9)*10 -> 1094840 | F10: 5782056 | H10: =SUM(F10-F9)*10 -> 95780 | I10: 18354 | K10: =SUM(I10-I9)*10 -> 440 | L10: 347178 | N10: =SUM(L10-L9)*1000 -> 730000 | O10: 23343 | Q10: =SUM(O10-O9)*100 -> 38300 | S10: 817983 | U10: =SUM(S10-S9)*100 -> 250800 | V10: 932930 | X10: =SUM(V10-V9)*100 -> 1648000 | Y10: =SUM(U10+X10) -> 1898800 | AA10: 26357 | AB10: =SUM(AA10-AA9)*10000 -> 1220000 | AC10: 713146100 | AD10: =SUM(AC10-AC9)*0.1 -> 299538.2 | AE10: 122038 | AF10: =SUM(AE10-AE9)*10 -> 3500 | AG10: 3746365 | AH10: =SUM(AG10-AG9)*10 -> 64350 | AI10: 4661514 | AJ10: =SUM(AI10-AI9) -> 12404 | AK10: 26431 | AL10: =SUM(AK10-AK9)*1000 -> 170000 | AM10: 1390 | AN10: =SUM(AM10-AM9) -> 13 | AO10: 13522 | AP10: =SUM(AO10-AO9)*100 -> 2700 | AR10: =B10 -> 44599 | AS10: 4787 | AT10: =SUM(AS10-AS9) -> 125 | AV10: 2388520 | AW10: =SUM(AV10-AV9) -> 50088 | AX10: 674138636 | AY10: =SUM(AX10-AX9)/100 -> 38978.27 | AZ10: =SUM(AW10-AY10) -> 11109.73 | BA10: 7151100 | BB10: =SUM(BA10-BA9) -> 2400 | BC10: 3793000 | BD10: =SUM(BC10-BC9) -> 400 | BE10: 1133527 | BF10: =SUM(BE10-BE9) -> 53
B11: 44606 | C11: 47958101 | E11: =SUM(C11-C10)*10 -> 1059280 | F11: 5789125 | H11: =SUM(F11-F10)*10 -> 70690 | I11: 18386 | K11: =SUM(I11-I10)*10 -> 320 | L11: 347864 | N11: =SUM(L11-L10)*1000 -> 686000 | O11: 23722 | Q11: =SUM(O11-O10)*100 -> 37900 | S11: 820428 | U11: =SUM(S11-S10)*100 -> 244500 | V11: 941330 | X11: =SUM(V11-V10)*100 -> 840000 | Y11: =SUM(U11+X11) -> 1084500 | AA11: 26434 | AB11: =SUM(AA11-AA10)*10000 -> 770000 | AC11: 715499900 | AD11: =SUM(AC11-AC10)*0.1 -> 235380 | AE11: 122657 | AF11: =SUM(AE11-AE10)*10 -> 6190 | AG11: 3754099 | AH11: =SUM(AG11-AG10)*10 -> 77340 | AI11: 4673016 | AJ11: =SUM(AI11-AI10) -> 11502 | AK11: 26612 | AL11: =SUM(AK11-AK10)*1000 -> 181000 | AM11: 1410 | AN11: =SUM(AM11-AM10) -> 20 | AO11: 13541 | AP11: =SUM(AO11-AO10)*100 -> 1900 | AR11: =B11 -> 44606 | AS11: 4931 | AT11: =SUM(AS11-AS10) -> 144 | AV11: 2438476 | AW11: =SUM(AV11-AV10) -> 49956 | AX11: 678105032 | AY11: =SUM(AX11-AX10)/100 -> 39663.96 | AZ11: =SUM(AW11-AY11) -> 10292.04 | BA11: 7154700 | BB11: =SUM(BA11-BA10) -> 3600 | BC11: 3793300 | BD11: =SUM(BC11-BC10) -> 300 | BE11: 1133535 | BF11: =SUM(BE11-BE10) -> 8
B12: 44613 | C12: 48094151 | E12: =SUM(C12-C11)*10 -> 1360500 | F12: 5800451 | H12: =SUM(F12-F11)*10 -> 113260 | I12: 18417 | K12: =SUM(I12-I11)*10 -> 310 | L12: 348848 | N12: =SUM(L12-L11)*1000 -> 984000 | O12: 24008 | Q12: =SUM(O12-O11)*100 -> 28600 | S12: 823082 | U12: =SUM(S12-S11)*100 -> 265400 | V12: 967120 | X12: =SUM(V12-V11)*100 -> 2579000 | Y12: =SUM(U12+X12) -> 2844400 | AA12: 26584 | AB12: =SUM(AA12-AA11)*10000 -> 1500000 | AC12: 719363661 | AD12: =SUM(AC12-AC11)*0.1 -> 386376.1 | AE12: 123151 | AF12: =SUM(AE12-AE11)*10 -> 4940 | AG12: 3762884 | AH12: =SUM(AG12-AG11)*10 -> 87850 | AI12: 4684322 | AJ12: =SUM(AI12-AI11) -> 11306 | AK12: 26748 | AL12: =SUM(AK12-AK11)*1000 -> 136000 | AM12: 1423 | AN12: =SUM(AM12-AM11) -> 13 | AO12: 13569 | AP12: =SUM(AO12-AO11)*100 -> 2800 | AR12: =B12 -> 44613 | AS12: 5056 | AT12: =SUM(AS12-AS11) -> 125 | AV12: 2491361 | AW12: =SUM(AV12-AV11) -> 52885 | AX12: 682011196 | AY12: =SUM(AX12-AX11)/100 -> 39061.64 | AZ12: =SUM(AW12-AY12) -> 13823.36 | BA12: 7157800 | BB12: =SUM(BA12-BA11) -> 3100 | BC12: 3793600 | BD12: =SUM(BC12-BC11) -> 300 | BE12: 1133568 | BF12: =SUM(BE12-BE11) -> 33
B13: 44620 | C13: 48239930 | E13: =SUM(C13-C12)*10 -> 1457790 | F13: 5814733 | H13: =SUM(F13-F12)*10 -> 142820 | I13: 18532 | K13: =SUM(I13-I12)*10 -> 1150 | L13: 349944 | N13: =SUM(L13-L12)*1000 -> 1096000 | O13: 24271 | Q13: =SUM(O13-O12)*100 -> 26300 | S13: 825621 | U13: =SUM(S13-S12)*100 -> 253900 | V13: 977388 | X13: =SUM(V13-V12)*100 -> 1026800 | Y13: =SUM(U13+X13) -> 1280700 | AA13: 26816 | AB13: =SUM(AA13-AA12)*10000 -> 2320000 | AC13: 725657085 | AD13: =SUM(AC13-AC12)*0.1 -> 629342.4 | AE13: 123546 | AF13: =SUM(AE13-AE12)*10 -> 3950 | AG13: 3772685 | AH13: =SUM(AG13-AG12)*10 -> 98010 | AI13: 4697719 | AJ13: =SUM(AI13-AI12) -> 13397 | AK13: 26860 | AL13: =SUM(AK13-AK12)*1000 -> 112000 | AM13: 1434 | AN13: =SUM(AM13-AM12) -> 11 | AO13: 13589 | AP13: =SUM(AO13-AO12)*100 -> 2000 | AR13: =B13 -> 44620 | AS13: 5176 | AT13: =SUM(AS13-AS12) -> 120 | AV13: 2542007 | AW13: =SUM(AV13-AV12) -> 50646 | AX13: 685908256 | AY13: =SUM(AX13-AX12)/100 -> 38970.6 | AZ13: =SUM(AW13-AY13) -> 11675.4 | BA13: 7159500 | BB13: =SUM(BA13-BA12) -> 1700 | BC13: 3794100 | BD13: =SUM(BC13-BC12) -> 500 | BE13: 1133594 | BF13: =SUM(BE13-BE12) -> 26
B14: 44627 | C14: 48370220 | E14: =SUM(C14-C13)*10 -> 1302900 | F14: 5828755 | H14: =SUM(F14-F13)*10 -> 140220 | I14: 18558 | K14: =SUM(I14-I13)*10 -> 260 | L14: 350993 | N14: =SUM(L14-L13)*1000 -> 1049000 | O14: 24331 | Q14: =SUM(O14-O13)*100 -> 6000 | S14: 828132 | U14: =SUM(S14-S13)*100 -> 251100 | V14: 989770 | X14: =SUM(V14-V13)*100 -> 1238200 | Y14: =SUM(U14+X14) -> 1489300 | AA14: 26975 | AB14: =SUM(AA14-AA13)*10000 -> 1590000 | AC14: 729173212 | AD14: =SUM(AC14-AC13)*0.1 -> 351612.7 | AE14: 123875 | AF14: =SUM(AE14-AE13)*10 -> 3290 | AG14: 3781080 | AH14: =SUM(AG14-AG13)*10 -> 83950 | AI14: 4711070 | AJ14: =SUM(AI14-AI13) -> 13351 | AK14: 26946 | AL14: =SUM(AK14-AK13)*1000 -> 86000 | AM14: 1447 | AN14: =SUM(AM14-AM13) -> 13 | AO14: 13618 | AP14: =SUM(AO14-AO13)*100 -> 2900 | AR14: =B14 -> 44627 | AS14: 5283 | AT14: =SUM(AS14-AS13) -> 107 | AV14: 2596357 | AW14: =SUM(AV14-AV13) -> 54350 | AX14: 689783397 | AY14: =SUM(AX14-AX13)/100 -> 38751.41 | AZ14: =SUM(AW14-AY14) -> 15598.59 | BA14: 7162700 | BB14: =SUM(BA14-BA13) -> 3200 | BC14: 3794950 | BD14: =SUM(BC14-BC13) -> 850 | BE14: 1133602 | BF14: =SUM(BE14-BE13) -> 8
B15: 44634 | C15: 48491861 | E15: =SUM(C15-C14)*10 -> 1216410 | F15: 5833144 | H15: =SUM(F15-F14)*10 -> 43890 | I15: 18582 | K15: =SUM(I15-I14)*10 -> 240 | L15: 351974 | N15: =SUM(L15-L14)*1000 -> 981000 | O15: 24899 | Q15: =SUM(O15-O14)*100 -> 56800 | S15: 830742 | U15: =SUM(S15-S14)*100 -> 261000 | V15: 90 | X15: 1032000 | Y15: =SUM(U15+X15) -> 1293000 | AA15: 27187 | AB15: =SUM(AA15-AA14)*10000 -> 2120000 | AC15: 734542000 | AD15: =SUM(AC15-AC14)*0.1 -> 536878.8 | AE15: 124026 | AF15: =SUM(AE15-AE14)*10 -> 1510 | AG15: 3787191 | AH15: =SUM(AG15-AG14)*10 -> 61110 | AI15: 4718580 | AJ15: =SUM(AI15-AI14) -> 7510 | AK15: 26954 | AL15: =SUM(AK15-AK14)*1000 -> 8000 | AM15: 1459 | AN15: =SUM(AM15-AM14) -> 12 | AO15: 13645 | AP15: =SUM(AO15-AO14)*100 -> 2700 | AR15: =B15 -> 44634 | AS15: 5411 | AT15: =SUM(AS15-AS14) -> 128 | AV15: 2652013 | AW15: =SUM(AV15-AV14) -> 55656 | AX15: 694141331 | AY15: =SUM(AX15-AX14)/100 -> 43579.34 | AZ15: =SUM(AW15-AY15) -> 12076.66 | BA15: 7165200 | BB15: =SUM(BA15-BA14) -> 2500 | BC15: 3794950 | BD15: =SUM(BC15-BC14) -> 0 | BE15: 1133602 | BF15: =SUM(BE15-BE14) -> 0
B16: 44641 | C16: 48624954 | E16: =SUM(C16-C15)*10 -> 1330930 | F16: 5844439 | H16: =SUM(F16-F15)*10 -> 112950 | I16: 18610 | K16: =SUM(I16-I15)*10 -> 280 | L16: 353062 | N16: =SUM(L16-L15)*1000 -> 1088000 | O16: 25185 | Q16: =SUM(O16-O15)*100 -> 28600 | S16: 833299 | U16: =SUM(S16-S15)*100 -> 255700 | V16: 1071 | X16: =SUM(V16-V15)*100 -> 98100 | Y16: =SUM(U16+X16) -> 353800 | AA16: 27383 | AB16: =SUM(AA16-AA15)*10000 -> 1960000 | AC16: 738919800 | AD16: =SUM(AC16-AC15)*0.1 -> 437780 | AE16: 124149 | AF16: =SUM(AE16-AE15)*10 -> 1230 | AG16: 3795711 | AH16: =SUM(AG16-AG15)*10 -> 85200 | AI16: 4726417 | AJ16: =SUM(AI16-AI15) -> 7837 | AK16: 27007 | AL16: =SUM(AK16-AK15)*1000 -> 53000 | AM16: 1468 | AN16: =SUM(AM16-AM15) -> 9 | AO16: 13658 | AP16: =SUM(AO16-AO15)*100 -> 1300 | AR16: =B16 -> 44641 | AS16: 5510 | AT16: =SUM(AS16-AS15) -> 99 | AV16: 2697562 | AW16: =SUM(AV16-AV15) -> 45549 | AX16: 697511469 | AY16: =SUM(AX16-AX15)/100 -> 33701.38 | AZ16: =SUM(AW16-AY16) -> 11847.62 | BA16: 7167100 | BB16: =SUM(BA16-BA15) -> 1900 | BC16: 3795200 | BD16: =SUM(BC16-BC15) -> 250 | BE16: 1133602 | BF16: =SUM(BE16-BE15) -> 0
B17: 44648 | C17: 48755342 | E17: =SUM(C17-C16)*10 -> 1303880 | F17: 5853332 | H17: =SUM(F17-F16)*10 -> 88930 | I17: 18632 | K17: =SUM(I17-I16)*10 -> 220 | L17: 354090 | N17: =SUM(L17-L16)*1000 -> 1028000 | O17: 25487 | Q17: =SUM(O17-O16)*100 -> 30200 | S17: 835892 | U17: =SUM(S17-S16)*100 -> 259300 | V17: 2224 | X17: =SUM(V17-V16)*100 -> 115300 | Y17: =SUM(U17+X17) -> 374600 | AA17: 27554 | AB17: =SUM(AA17-AA16)*10000 -> 1710000 | AC17: 743070400 | AD17: =SUM(AC17-AC16)*0.1 -> 415060 | AE17: 124596 | AF17: =SUM(AE17-AE16)*10 -> 4470 | AG17: 3805365 | AH17: =SUM(AG17-AG16)*10 -> 96540 | AI17: 4739445 | AJ17: =SUM(AI17-AI16) -> 13028 | AK17: 27066 | AL17: =SUM(AK17-AK16)*1000 -> 59000 | AM17: 1482 | AN17: =SUM(AM17-AM16) -> 14 | AO17: 13684 | AP17: =SUM(AO17-AO16)*100 -> 2600 | AR17: =B17 -> 44648 | AS17: 5619 | AT17: =SUM(AS17-AS16) -> 109 | AV17: 2749878 | AW17: =SUM(AV17-AV16) -> 52316 | AX17: 701421714 | AY17: =SUM(AX17-AX16)/100 -> 39102.45 | AZ17: =SUM(AW17-AY17) -> 13213.55 | BA17: 7171800 | BB17: =SUM(BA17-BA16) -> 4700 | BC17: 3795500 | BD17: =SUM(BC17-BC16) -> 300 | BE17: 1133603 | BF17: =SUM(BE17-BE16) -> 1
B18: 44651 | C18: 48840516 | E18: =SUM(C18-C17)*10 -> 851740 | F18: 5859771 | H18: =SUM(F18-F17)*10 -> 64390 | I18: 18656 | K18: =SUM(I18-I17)*10 -> 240 | L18: 354733 | N18: =SUM(L18-L17)*1000 -> 643000 | O18: 25689 | Q18: =SUM(O18-O17)*100 -> 20200 | S18: 837470 | U18: =SUM(S18-S17)*100 -> 157800 | V18: 2846 | X18: =SUM(V18-V17)*100 -> 62200 | Y18: =SUM(U18+X18) -> 220000 | AA18: 27677 | AB18: =SUM(AA18-AA17)*10000 -> 1230000 | AC18: 745822300 | AD18: =SUM(AC18-AC17)*0.1 -> 275190 | AE18: 124923 | AF18: =SUM(AE18-AE17)*10 -> 3270 | AG18: 3812934 | AH18: =SUM(AG18-AG17)*10 -> 75690 | AI18: 4751604 | AJ18: =SUM(AI18-AI17) -> 12159 | AK18: 27119 | AL18: =SUM(AK18-AK17)*1000 -> 53000 | AM18: 1490 | AN18: =SUM(AM18-AM17) -> 8 | AO18: 13699 | AP18: =SUM(AO18-AO17)*100 -> 1500 | AR18: =B18 -> 44651 | AS18: 5671 | AT18: =SUM(AS18-AS17) -> 52 | AV18: 2778133 | AW18: =SUM(AV18-AV17) -> 28255 | AX18: 702580699 | AY18: =SUM(AX18-AX17)/100 -> 11589.85 | AZ18: =SUM(AW18-AY18) -> 16665.15 | BA18: 7173100 | BB18: =SUM(BA18-BA17) -> 1300 | BC18: 3795800 | BD18: =SUM(BC18-BC17) -> 300 | BE18: 1133605 | BF18: =SUM(BE18-BE17) -> 2
B19: 44655 | C19: 48885087 | E19: =SUM(C19-C18)*10 -> 445710 | F19: 5859771 | H19: =SUM(F19-F18)*10 -> 0 | I19: 18661 | K19: =SUM(I19-I18)*10 -> 50 | L19: 355117 | N19: =SUM(L19-L18)*1000 -> 384000 | O19: 25806 | Q19: =SUM(O19-O18)*100 -> 11700 | S19: 838450 | U19: =SUM(S19-S18)*100 -> 98000 | V19: 3156 | X19: =SUM(V19-V18)*100 -> 31000 | Y19: =SUM(U19+X19) -> 129000 | AA19: 27755 | AB19: =SUM(AA19-AA18)*10000 -> 780000 | AC19: 747699000 | AD19: =SUM(AC19-AC18)*0.1 -> 187670 | AE19: 124953 | AF19: =SUM(AE19-AE18)*10 -> 300 | AG19: 3814469 | AH19: =SUM(AG19-AG18)*10 -> 15350 | AI19: 4751604 | AJ19: =SUM(AI19-AI18) -> 0 | AK19: 27135 | AL19: =SUM(AK19-AK18)*1000 -> 16000 | AM19: 1495 | AN19: =SUM(AM19-AM18) -> 5 | AO19: 13706 | AP19: =SUM(AO19-AO18)*100 -> 700 | AR19: =B19 -> 44655 | AS19: 5721 | AT19: =SUM(AS19-AS18) -> 50 | AV19: 2800029 | AW19: =SUM(AV19-AV18) -> 21896 | AX19: 705281767 | AY19: =SUM(AX19-AX18)/100 -> 27010.68 | AZ19: =SUM(AW19-AY19) -> -5114.68 | BA19: 7174300 | BB19: =SUM(BA19-BA18) -> 1200 | BC19: 3795900 | BD19: =SUM(BC19-BC18) -> 100 | BE19: 1133605 | BF19: =SUM(BE19-BE18) -> 0
B20: 44662 | C20: 49013641 | E20: =SUM(C20-C19)*10 -> 1285540 | F20: 5867918 | H20: =SUM(F20-F19)*10 -> 81470 | I20: 18685 | K20: =SUM(I20-I19)*10 -> 240 | L20: 356102 | N20: =SUM(L20-L19)*1000 -> 985000 | O20: 26102 | Q20: =SUM(O20-O19)*100 -> 29600 | S20: 840781 | U20: =SUM(S20-S19)*100 -> 233100 | V20: 4234 | X20: =SUM(V20-V19)*100 -> 107800 | Y20: =SUM(U20+X20) -> 340900 | AA20: 27928 | AB20: =SUM(AA20-AA19)*10000 -> 1730000 | AC20: 751860100 | AD20: =SUM(AC20-AC19)*0.1 -> 416110 | AE20: 125254 | AF20: =SUM(AE20-AE19)*10 -> 3010 | AG20: 3822890 | AH20: =SUM(AG20-AG19)*10 -> 84210 | AI20: 4765671 | AJ20: =SUM(AI20-AI19) -> 14067 | AK20: 27218 | AL20: =SUM(AK20-AK19)*1000 -> 83000 | AM20: 1509 | AN20: =SUM(AM20-AM19) -> 14 | AO20: 13729 | AP20: =SUM(AO20-AO19)*100 -> 2300 | AR20: =B20 -> 44662 | AS20: 5828 | AT20: =SUM(AS20-AS19) -> 107 | AV20: 2852906 | AW20: =SUM(AV20-AV19) -> 52877 | AX20: 709254196 | AY20: =SUM(AX20-AX19)/100 -> 39724.29 | AZ20: =SUM(AW20-AY20) -> 13152.71 | BA20: 7176800 | BB20: =SUM(BA20-BA19) -> 2500 | BC20: 3796300 | BD20: =SUM(BC20-BC19) -> 400 | BE20: 1133605 | BF20: =SUM(BE20-BE19) -> 0
B21: 44669 | E21: =SUM(C21-C20)*10 -> -490136410 | H21: =SUM(F21-F20)*10 -> -58679180 | K21: =SUM(I21-I20)*10 -> -186850 | N21: =SUM(L21-L20)*1000 -> -356102000 | Q21: =SUM(O21-O20)*100 -> -2610200 | U21: =SUM(S21-S20)*100 -> -84078100 | X21: =SUM(V21-V20)*100 -> -423400 | Y21: =SUM(U21+X21) -> -84501500 | AR21: =B21 -> 44669
B22: 44676 | E22: =SUM(C22-C21)*10 -> 0 | H22: =SUM(F22-F21)*10 -> 0 | K22: =SUM(I22-I21)*10 -> 0 | N22: =SUM(L22-L21)*1000 -> 0 | Q22: =SUM(O22-O21)*100 -> 0 | U22: =SUM(S22-S21)*100 -> 0 | X22: =SUM(V22-V21)*100 -> 0 | Y22: =SUM(U22+X22) -> 0 | AR22: =B22 -> 44676
B23: 44681 | E23: =SUM(C23-C22)*10 -> 0 | H23: =SUM(F23-F22)*10 -> 0 | K23: =SUM(I23-I22)*10 -> 0 | N23: =SUM(L23-L22)*1000 -> 0 | Q23: =SUM(O23-O22)*100 -> 0 | U23: =SUM(S23-S22)*100 -> 0 | X23: =SUM(V23-V22)*100 -> 0 | Y23: =SUM(U23+X23) -> 0 | AR23: =B23 -> 44681
B24: 44683 | E24: =SUM(C24-C23)*10 -> 0 | H24: =SUM(F24-F23)*10 -> 0 | K24: =SUM(I24-I23)*10 -> 0 | N24: =SUM(L24-L23)*1000 -> 0 | Q24: =SUM(O24-O23)*100 -> 0 | U24: =SUM(S24-S23)*100 -> 0 | X24: =SUM(V24-V23)*100 -> 0 | Y24: =SUM(U24+X24) -> 0 | AR24: =B24 -> 44683
B25: 44690 | E25: =SUM(C25-C24)*10 -> 0 | H25: =SUM(F25-F24)*10 -> 0 | K25: =SUM(I25-I24)*10 -> 0 | N25: =SUM(L25-L24)*1000 -> 0 | Q25: =SUM(O25-O24)*100 -> 0 | U25: =SUM(S25-S24)*100 -> 0 | X25: =SUM(V25-V24)*100 -> 0 | Y25: =SUM(U25+X25) -> 0 | AR25: =B25 -> 44690
B26: 44697 | E26: =SUM(C26-C25)*10 -> 0 | H26: =SUM(F26-F25)*10 -> 0 | K26: =SUM(I26-I25)*10 -> 0 | N26: =SUM(L26-L25)*1000 -> 0 | Q26: =SUM(O26-O25)*100 -> 0 | U26: =SUM(S26-S25)*100 -> 0 | X26: =SUM(V26-V25)*100 -> 0 | Y26: =SUM(U26+X26) -> 0 | AR26: =B26 -> 44697
B27: 44704 | E27: =SUM(C27-C26)*10 -> 0 | H27: =SUM(F27-F26)*10 -> 0 | K27: =SUM(I27-I26)*10 -> 0 | N27: =SUM(L27-L26)*1000 -> 0 | Q27: =SUM(O27-O26)*100 -> 0 | U27: =SUM(S27-S26)*100 -> 0 | X27: =SUM(V27-V26)*100 -> 0 | Y27: =SUM(U27+X27) -> 0 | AR27: =B27 -> 44704
B28: 44711 | E28: =SUM(C28-C27)*10 -> 0 | H28: =SUM(F28-F27)*10 -> 0 | K28: =SUM(I28-I27)*10 -> 0 | N28: =SUM(L28-L27)*1000 -> 0 | Q28: =SUM(O28-O27)*100 -> 0 | U28: =SUM(S28-S27)*100 -> 0 | X28: =SUM(V28-V27)*100 -> 0 | Y28: =SUM(U28+X28) -> 0 | AR28: =B28 -> 44711
B29: 44712 | E29: =SUM(C29-C28)*10 -> 0 | H29: =SUM(F29-F28)*10 -> 0 | K29: =SUM(I29-I28)*10 -> 0 | N29: =SUM(L29-L28)*1000 -> 0 | Q29: =SUM(O29-O28)*100 -> 0 | U29: =SUM(S29-S28)*100 -> 0 | X29: =SUM(V29-V28)*100 -> 0 | Y29: =SUM(U29+X29) -> 0 | AR29: =B29 -> 44712
B30: 44718 | E30: =SUM(C30-C29)*10 -> 0 | H30: =SUM(F30-F29)*10 -> 0 | K30: =SUM(I30-I29)*10 -> 0 | N30: =SUM(L30-L29)*1000 -> 0 | Q30: =SUM(O30-O29)*100 -> 0 | U30: =SUM(S30-S29)*100 -> 0 | X30: =SUM(V30-V29)*100 -> 0 | Y30: =SUM(U30+X30) -> 0 | AR30: =B30 -> 44718
B31: 44725 | E31: =SUM(C31-C30)*10 -> 0 | H31: =SUM(F31-F30)*10 -> 0 | K31: =SUM(I31-I30)*10 -> 0 | N31: =SUM(L31-L30)*1000 -> 0 | Q31: =SUM(O31-O30)*100 -> 0 | U31: =SUM(S31-S30)*100 -> 0 | X31: =SUM(V31-V30)*100 -> 0 | Y31: =SUM(U31+X31) -> 0 | AR31: =B31 -> 44725
B32: 44732 | E32: =SUM(C32-C31)*10 -> 0 | H32: =SUM(F32-F31)*10 -> 0 | K32: =SUM(I32-I31)*10 -> 0 | N32: =SUM(L32-L31)*1000 -> 0 | Q32: =SUM(O32-O31)*100 -> 0 | U32: =SUM(S32-S31)*100 -> 0 | X32: =SUM(V32-V31)*100 -> 0 | Y32: =SUM(U32+X32) -> 0 | AR32: =B32 -> 44732
... B64: 44926 | E64: =SUM(C64-C63)*10 -> 0 | H64: =SUM(F64-F63)*10 -> 0 | K64: =SUM(I64-I63)*10 -> 0 | N64: =SUM(L64-L63)*1000 -> 0 | Q64: =SUM(O64-O63)*100 -> 0 | U64: =SUM(S64-S63)*100 -> 0 | X64: =SUM(V64-V63)*100 -> 0 | Y64: =SUM(U64+X64) -> 0 | AR64: =B64 -> 44926

Sheet Occupancy
C1: Total Room Nights | D1: FS Resort Orlando Walt Disney World (Total) | E1: Base Currency | F1: Class | G1: Category
C2: Actual | D2: Actual | E2: Actual | F2: Actual | G2: Actual | H2: Actual | I2: Actual | J2: Actual | K2: Budget
C3: Final | D3: Final | E3: Final | F3: Final | G3: Final | H3: Final | I3: Final | J3: Working | K3: Final
C4: Year: 2014 | D4: Year: 2015 | E4: Year: 2016 | F4: Year: 2017 | G4: Year: 2018 | H4: Year: 2019 | I4: Year: 2020 | J4: Year: 2021 | K4: Year: 2022
C5: Total Rooms | D5: Total Rooms | E5: Total Rooms | F5: Total Rooms | G5: Total Rooms | H5: Total Rooms | I5: Total Rooms | J5: Total Rooms | K5: Total Rooms
C6: Total Occupied | D6: Total Occupied | E6: Total Occupied | F6: Total Occupied | G6: Total Occupied | H6: Total Occupied | I6: Total Occupied | J6: Total Occupied | K6: Total Occupied
A8: Month: January | B8: 01 | C8: 0 | D8: 281 | E8: 359 | F8: 309 | G8: 368 | H8: 410 | I8: 377 | J8: 283 | K8: 298
A9: Month: January | B9: 02 | C9: 0 | D9: 281 | E9: 261 | F9: 232 | G9: 316 | H9: 427 | I9: 379 | J9: 194 | K9: 239
A10: Month: January | B10: 03 | C10: 0 | D10: 243 | E10: 237 | F10: 307 | G10: 382 | H10: 415 | I10: 314 | J10: 109 | K10: 205
A11: Month: January | B11: 04 | C11: 0 | D11: 206 | E11: 341 | F11: 350 | G11: 421 | H11: 388 | I11: 210 | J11: 85 | K11: 178
A12: Month: January | B12: 05 | C12: 0 | D12: 240 | E12: 414 | F12: 337 | G12: 400 | H12: 287 | I12: 157 | J12: 85 | K12: 195
A13: Month: January | B13: 06 | C13: 0 | D13: 296 | E13: 408 | F13: 342 | G13: 341 | H13: 250 | I13: 146 | J13: 87 | K13: 221
A14: Month: January | B14: 07 | C14: 0 | D14: 287 | E14: 428 | F14: 370 | G14: 337 | H14: 300 | I14: 174 | J14: 96 | K14: 283
A15: Month: January | B15: 08 | C15: 0 | D15: 294 | E15: 349 | F15: 302 | G15: 398 | H15: 385 | I15: 219 | J15: 111 | K15: 277
A16: Month: January | B16: 09 | C16: 0 | D16: 234 | E16: 377 | F16: 388 | G16: 413 | H16: 345 | I16: 190 | J16: 93 | K16: 133
A17: Month: January | B17: 10 | C17: 0 | D17: 317 | E17: 392 | F17: 429 | G17: 397 | H17: 340 | I17: 217 | J17: 130 | K17: 68
A18: Month: January | B18: 11 | C18: 0 | D18: 330 | E18: 379 | F18: 370 | G18: 324 | H18: 240 | I18: 232 | J18: 122 | K18: 64
A19: Month: January | B19: 12 | C19: 0 | D19: 346 | E19: 332 | F19: 332 | G19: 427 | H19: 227 | I19: 192 | J19: 53 | K19: 83
... A373: Month: December | B373: 31 | C373: 271 | D373: 414 | E373: 398 | F373: 441 | G373: 441 | H373: 402 | I373: 309 | J373: 320 | K373: 441
