Workbook

Sheet TOTAL
A1: Site Name | B1: Day | C1: Month | D1: Year | E1: Total Electricity Kwh | F1: Electricity Tariff ($/Kwh) | G1: Natual Gas (m3) | H1: Natural Gas $/m3 | I1: Water Utility Supply (m3) m3 | J1: Water Utility Supply (m3) $/m3 | K1: Room Nights
A2: Orlando | B2: 1 | C2: 1 | D2: 2019 | E2: =Submetering!F2+Submetering!H2+Submetering!J2+Submetering!L2+Submetering!N2+Submetering!P2+Submetering!R2+Submetering!T2+Submetering!V2+Submetering!X2+Submetering!Z2+Submetering!AB2+Submetering!AC2+Submetering!AD2+Submetering!AE2 -> 363215 | F2: =((((Submetering!E2+Submetering!AD2)*0.13773+(Submetering!E2+Submetering!AD2)*0.02095)*1.09+(2.85/30)*2)+(((Submetering!F2+Submetering!H2+Submetering!J2+Submetering!L2+Submetering!N2+Submetering!P2+Submetering!R2+Submetering!T2+Submetering!V2+Submetering!X2+Submetering!Z2+Submetering!AB2+Submetering!AC2+Submetering!AE2)*0.05155)+((Submetering!F2+Submetering!H2+Submetering!J2+Submetering!L2+Submetering!N2+Submetering!P2+Submetering!R2+Submetering!T2+Submetering!V2+Submetering!X2+Submetering!Z2+Submetering!AB2+Submetering!AC2+Submetering!AE2)*0.02095)+(20/30)*15)*1.1048)/E2 -> 0.080357765 | G2: =Submetering!AK2+Submetering!AL2+Submetering!AU2 -> 0 | H2: 0.8166 | I2: =Submetering!AF2+Submetering!AG2+Submetering!AV2+Submetering!AY2+Submetering!AZ2 -> 0 | J2: 0
A3: Orlando | B3: 13 | C3: 1 | D3: 2019 | E3: =Submetering!F3+Submetering!H3+Submetering!J3+Submetering!L3+Submetering!N3+Submetering!P3+Submetering!R3+Submetering!T3+Submetering!V3+Submetering!X3+Submetering!Z3+Submetering!AB3+Submetering!AC3+Submetering!AD3+Submetering!AE3 -> 875030 | F3: =((((Submetering!E3+Submetering!AD3)*0.13773+(Submetering!E3+Submetering!AD3)*0.02095)*1.09+(2.85/30)*2)+(((Submetering!F3+Submetering!H3+Submetering!J3+Submetering!L3+Submetering!N3+Submetering!P3+Submetering!R3+Submetering!T3+Submetering!V3+Submetering!X3+Submetering!Z3+Submetering!AB3+Submetering!AC3+Submetering!AE3)*0.05155)+((Submetering!F3+Submetering!H3+Submetering!J3+Submetering!L3+Submetering!N3+Submetering!P3+Submetering!R3+Submetering!T3+Submetering!V3+Submetering!X3+Submetering!Z3+Submetering!AB3+Submetering!AC3+Submetering!AE3)*0.02095)+(20/30)*15)*1.1048)/E3 -> 0.08021803 | G3: =Submetering!AK3+Submetering!AL3+Submetering!AU3 -> 18961.852 | H3: 0.8166 | I3: =Submetering!AF3+Submetering!AG3+Submetering!AV3+Submetering!AY3+Submetering!AZ3 -> 15244.68 | J3: =((Submetering!AG3+Submetering!BA3)*0.8868+(1712.96+1070.52)/30+(Submetering!AF3+Submetering!AY3+Submetering!AV3+Submetering!AZ3)*1.1251+(2076.11+129.67+207.57+207.57)/30+(11680.53+56.61)/30)/I3 -> 1.171823
A4: Orlando | B4: 21 | C4: 1 | D4: 2019 | E4: =Submetering!F4+Submetering!H4+Submetering!J4+Submetering!L4+Submetering!N4+Submetering!P4+Submetering!R4+Submetering!T4+Submetering!V4+Submetering!X4+Submetering!Z4+Submetering!AB4+Submetering!AC4+Submetering!AD4+Submetering!AE4 -> 297492 | F4: =((((Submetering!E4+Submetering!AD4)*0.13773+(Submetering!E4+Submetering!AD4)*0.02095)*1.09+(2.85/30)*2)+(((Submetering!F4+Submetering!H4+Submetering!J4+Submetering!L4+Submetering!N4+Submetering!P4+Submetering!R4+Submetering!T4+Submetering!V4+Submetering!X4+Submetering!Z4+Submetering!AB4+Submetering!AC4+Submetering!AE4)*0.05155)+((Submetering!F4+Submetering!H4+Submetering!J4+Submetering!L4+Submetering!N4+Submetering!P4+Submetering!R4+Submetering!T4+Submetering!V4+Submetering!X4+Submetering!Z4+Submetering!AB4+Submetering!AC4+Submetering!AE4)*0.02095)+(20/30)*15)*1.1048)/E4 -> 0.080376758 | G4: =Submetering!AK4+Submetering!AL4+Submetering!AU4 -> 8224.416 | H4: 0.8166 | I4: =Submetering!AF4+Submetering!AG4+Submetering!AV4+Submetering!AY4+Submetering!AZ4 -> 5203.0512 | J4: =((Submetering!AG4+Submetering!BA4)*0.8868+(1712.96+1070.52)/30+(Submetering!AF4+Submetering!AY4+Submetering!AV4+Submetering!AZ4)*1.1251+(2076.11+129.67+207.57+207.57)/30+(11680.53+56.61)/30)/I4 -> 1.2598407
A5: Orlando | B5: 28 | C5: 1 | D5: 2019 | E5: =Submetering!F5+Submetering!H5+Submetering!J5+Submetering!L5+Submetering!N5+Submetering!P5+Submetering!R5+Submetering!T5+Submetering!V5+Submetering!X5+Submetering!Z5+Submetering!AB5+Submetering!AC5+Submetering!AD5+Submetering!AE5 -> 294803 | F5: =((((Submetering!E5+Submetering!AD5)*0.13773+(Submetering!E5+Submetering!AD5)*0.02095)*1.09+(2.85/30)*2)+(((Submetering!F5+Submetering!H5+Submetering!J5+Submetering!L5+Submetering!N5+Submetering!P5+Submetering!R5+Submetering!T5+Submetering!V5+Submetering!X5+Submetering!Z5+Submetering!AB5+Submetering!AC5+Submetering!AE5)*0.05155)+((Submetering!F5+Submetering!H5+Submetering!J5+Submetering!L5+Submetering!N5+Submetering!P5+Submetering!R5+Submetering!T5+Submetering!V5+Submetering!X5+Submetering!Z5+Submetering!AB5+Submetering!AC5+Submetering!AE5)*0.02095)+(20/30)*15)*1.1048)/E5 -> 0.081827629 | G5: =Submetering!AK5+Submetering!AL5+Submetering!AU5 -> 9427.9064 | H5: 0.8166 | I5: =Submetering!AF5+Submetering!AG5+Submetering!AV5+Submetering!AY5+Submetering!AZ5 -> 4880.3248 | J5: =((Submetering!AG5+Submetering!BA5)*0.8868+(1712.96+1070.52)/30+(Submetering!AF5+Submetering!AY5+Submetering!AV5+Submetering!AZ5)*1.1251+(2076.11+129.67+207.57+207.57)/30+(11680.53+56.61)/30)/I5 -> 1.2832906
A6: Orlando | B6: 31 | C6: 1 | D6: 2019 | E6: =Submetering!F6+Submetering!H6+Submetering!J6+Submetering!L6+Submetering!N6+Submetering!P6+Submetering!R6+Submetering!T6+Submetering!V6+Submetering!X6+Submetering!Z6+Submetering!AB6+Submetering!AC6+Submetering!AD6+Submetering!AE6 -> 171764 | F6: =((((Submetering!E6+Submetering!AD6)*0.13773+(Submetering!E6+Submetering!AD6)*0.02095)*1.09+(2.85/30)*2)+(((Submetering!F6+Submetering!H6+Submetering!J6+Submetering!L6+Submetering!N6+Submetering!P6+Submetering!R6+Submetering!T6+Submetering!V6+Submetering!X6+Submetering!Z6+Submetering!AB6+Submetering!AC6+Submetering!AE6)*0.05155)+((Submetering!F6+Submetering!H6+Submetering!J6+Submetering!L6+Submetering!N6+Submetering!P6+Submetering!R6+Submetering!T6+Submetering!V6+Submetering!X6+Submetering!Z6+Submetering!AB6+Submetering!AC6+Submetering!AE6)*0.02095)+(20/30)*15)*1.1048)/E6 -> 0.080800435 | G6: =Submetering!AK6+Submetering!AL6+Submetering!AU6 -> 6304.1658 | H6: 0.8166 | I6: =Submetering!AF6+Submetering!AG6+Submetering!AV6+Submetering!AY6+Submetering!AZ6 -> 2806.167 | J6: =((Submetering!AG6+Submetering!BA6)*0.8868+(1712.96+1070.52)/30+(Submetering!AF6+Submetering!AY6+Submetering!AV6+Submetering!AZ6)*1.1251+(2076.11+129.67+207.57+207.57)/30+(11680.53+56.61)/30)/I6 -> 1.2993618 | K6: =Occupancy!H4 -> 10556.988
A7: Orlando | B7: 3 | C7: 2 | D7: 2019 | E7: =Submetering!F7+Submetering!H7+Submetering!J7+Submetering!L7+Submetering!N7+Submetering!P7+Submetering!R7+Submetering!T7+Submetering!V7+Submetering!X7+Submetering!Z7+Submetering!AB7+Submetering!AC7+Submetering!AD7+Submetering!AE7 -> 163226 | F7: =((((Submetering!E7+Submetering!AD7)*0.13773+(Submetering!E7+Submetering!AD7)*0.02095)*1.09+(2.85/30)*2)+(((Submetering!F7+Submetering!H7+Submetering!J7+Submetering!L7+Submetering!N7+Submetering!P7+Submetering!R7+Submetering!T7+Submetering!V7+Submetering!X7+Submetering!Z7+Submetering!AB7+Submetering!AC7+Submetering!AE7)*0.05155)+((Submetering!F7+Submetering!H7+Submetering!J7+Submetering!L7+Submetering!N7+Submetering!P7+Submetering!R7+Submetering!T7+Submetering!V7+Submetering!X7+Submetering!Z7+Submetering!AB7+Submetering!AC7+Submetering!AE7)*0.02095)+(20/30)*15)*1.1048)/E7 -> 0.080640768 | G7: =Submetering!AK7+Submetering!AL7+Submetering!AU7 -> 2881.8022 | H7: 0.8166 | I7: =Submetering!AF7+Submetering!AG7+Submetering!AV7+Submetering!AY7+Submetering!AZ7 -> 2011.5794 | J7: =((Submetering!AG7+Submetering!BA7)*0.8868+(1712.96+1070.52)/30+(Submetering!AF7+Submetering!AY7+Submetering!AV7+Submetering!AZ7)*1.1251+(2076.11+129.67+207.57+207.57)/30+(11680.53+56.61)/30)/I7 -> 1.3934509
A8: Orlando | B8: 10 | C8: 2 | D8: 2019 | E8: =Submetering!F8+Submetering!H8+Submetering!J8+Submetering!L8+Submetering!N8+Submetering!P8+Submetering!R8+Submetering!T8+Submetering!V8+Submetering!X8+Submetering!Z8+Submetering!AB8+Submetering!AC8+Submetering!AD8+Submetering!AE8 -> 290488 | F8: =((((Submetering!E8+Submetering!AD8)*0.13773+(Submetering!E8+Submetering!AD8)*0.02095)*1.09+(2.85/30)*2)+(((Submetering!F8+Submetering!H8+Submetering!J8+Submetering!L8+Submetering!N8+Submetering!P8+Submetering!R8+Submetering!T8+Submetering!V8+Submetering!X8+Submetering!Z8+Submetering!AB8+Submetering!AC8+Submetering!AE8)*0.05155)+((Submetering!F8+Submetering!H8+Submetering!J8+Submetering!L8+Submetering!N8+Submetering!P8+Submetering!R8+Submetering!T8+Submetering!V8+Submetering!X8+Submetering!Z8+Submetering!AB8+Submetering!AC8+Submetering!AE8)*0.02095)+(20/30)*15)*1.1048)/E8 -> 0.080776026 | G8: =Submetering!AK8+Submetering!AL8+Submetering!AU8 -> 6473.4824 | H8: 0.8166 | I8: =Submetering!AF8+Submetering!AG8+Submetering!AV8+Submetering!AY8+Submetering!AZ8 -> 4878.06 | J8: =((Submetering!AG8+Submetering!BA8)*0.8868+(1712.96+1070.52)/30+(Submetering!AF8+Submetering!AY8+Submetering!AV8+Submetering!AZ8)*1.1251+(2076.11+129.67+207.57+207.57)/30+(11680.53+56.61)/30)/I8 -> 1.2912818
A9: Orlando | B9: 17 | C9: 2 | D9: 2019 | E9: =Submetering!F9+Submetering!H9+Submetering!J9+Submetering!L9+Submetering!N9+Submetering!P9+Submetering!R9+Submetering!T9+Submetering!V9+Submetering!X9+Submetering!Z9+Submetering!AB9+Submetering!AC9+Submetering!AD9+Submetering!AE9 -> 318729 | F9: =((((Submetering!E9+Submetering!AD9)*0.13773+(Submetering!E9+Submetering!AD9)*0.02095)*1.09+(2.85/30)*2)+(((Submetering!F9+Submetering!H9+Submetering!J9+Submetering!L9+Submetering!N9+Submetering!P9+Submetering!R9+Submetering!T9+Submetering!V9+Submetering!X9+Submetering!Z9+Submetering!AB9+Submetering!AC9+Submetering!AE9)*0.05155)+((Submetering!F9+Submetering!H9+Submetering!J9+Submetering!L9+Submetering!N9+Submetering!P9+Submetering!R9+Submetering!T9+Submetering!V9+Submetering!X9+Submetering!Z9+Submetering!AB9+Submetering!AC9+Submetering!AE9)*0.02095)+(20/30)*15)*1.1048)/E9 -> 0.080715155 | G9: =Submetering!AK9+Submetering!AL9+Submetering!AU9 -> 6099.1862 | H9: 0.8166 | I9: =Submetering!AF9+Submetering!AG9+Submetering!AV9+Submetering!AY9+Submetering!AZ9 -> 5107.9524 | J9: =((Submetering!AG9+Submetering!BA9)*0.8868+(1712.96+1070.52)/30+(Submetering!AF9+Submetering!AY9+Submetering!AV9+Submetering!AZ9)*1.1251+(2076.11+129.67+207.57+207.57)/30+(11680.53+56.61)/30)/I9 -> 1.2162189
A10: Orlando | B10: 24 | C10: 2 | D10: 2019 | E10: =Submetering!F10+Submetering!H10+Submetering!J10+Submetering!L10+Submetering!N10+Submetering!P10+Submetering!R10+Submetering!T10+Submetering!V10+Submetering!X10+Submetering!Z10+Submetering!AB10+Submetering!AC10+Submetering!AD10+Submetering!AE10 -> 352596 | F10: =((((Submetering!E10+Submetering!AD10)*0.13773+(Submetering!E10+Submetering!AD10)*0.02095)*1.09+(2.85/30)*2)+(((Submetering!F10+Submetering!H10+Submetering!J10+Submetering!L10+Submetering!N10+Submetering!P10+Submetering!R10+Submetering!T10+Submetering!V10+Submetering!X10+Submetering!Z10+Submetering!AB10+Submetering!AC10+Submetering!AE10)*0.05155)+((Submetering!F10+Submetering!H10+Submetering!J10+Submetering!L10+Submetering!N10+Submetering!P10+Submetering!R10+Submetering!T10+Submetering!V10+Submetering!X10+Submetering!Z10+Submetering!AB10+Submetering!AC10+Submetering!AE10)*0.02095)+(20/30)*15)*1.1048)/E10 -> 0.080667532 | G10: =Submetering!AK10+Submetering!AL10+Submetering!AU10 -> 4079.091 | H10: 0.8166 | I10: =Submetering!AF10+Submetering!AG10+Submetering!AV10+Submetering!AY10+Submetering!AZ10 -> 5794.316 | J10: =((Submetering!AG10+Submetering!BA10)*0.8868+(1712.96+1070.52)/30+(Submetering!AF10+Submetering!AY10+Submetering!AV10+Submetering!AZ10)*1.1251+(2076.11+129.67+207.57+207.57)/30+(11680.53+56.61)/30)/I10 -> 1.2963944 | K10: =Occupancy!H5 -> 9920.736
A11: Orlando | B11: 28 | C11: 2 | D11: 2019 | E11: =Submetering!F11+Submetering!H11+Submetering!J11+Submetering!L11+Submetering!N11+Submetering!P11+Submetering!R11+Submetering!T11+Submetering!V11+Submetering!X11+Submetering!Z11+Submetering!AB11+Submetering!AC11+Submetering!AD11+Submetering!AE11 -> 176314 | F11: =((((Submetering!E11+Submetering!AD11)*0.13773+(Submetering!E11+Submetering!AD11)*0.02095)*1.09+(2.85/30)*2)+(((Submetering!F11+Submetering!H11+Submetering!J11+Submetering!L11+Submetering!N11+Submetering!P11+Submetering!R11+Submetering!T11+Submetering!V11+Submetering!X11+Submetering!Z11+Submetering!AB11+Submetering!AC11+Submetering!AE11)*0.05155)+((Submetering!F11+Submetering!H11+Submetering!J11+Submetering!L11+Submetering!N11+Submetering!P11+Submetering!R11+Submetering!T11+Submetering!V11+Submetering!X11+Submetering!Z11+Submetering!AB11+Submetering!AC11+Submetering!AE11)*0.02095)+(20/30)*15)*1.1048)/E11 -> 0.080642226 | G11: =Submetering!AK11+Submetering!AL11+Submetering!AU11 -> 1938.1938 | H11: 0.8166 | I11: =Submetering!AF11+Submetering!AG11+Submetering!AV11+Submetering!AY11+Submetering!AZ11 -> 2364.417 | J11: =((Submetering!AG11+Submetering!BA11)*0.8868+(1712.96+1070.52)/30+(Submetering!AF11+Submetering!AY11+Submetering!AV11+Submetering!AZ11)*1.1251+(2076.11+129.67+207.57+207.57)/30+(11680.53+56.61)/30)/I11 -> 1.4369717
A12: Orlando | B12: 4 | C12: 3 | D12: 2019 | E12: =Submetering!F12+Submetering!H12+Submetering!J12+Submetering!L12+Submetering!N12+Submetering!P12+Submetering!R12+Submetering!T12+Submetering!V12+Submetering!X12+Submetering!Z12+Submetering!AB12+Submetering!AC12+Submetering!AD12+Submetering!AE12 -> 154348 | F12: =((((Submetering!E12+Submetering!AD12)*0.13773+(Submetering!E12+Submetering!AD12)*0.02095)*1.09+(2.85/30)*2)+(((Submetering!F12+Submetering!H12+Submetering!J12+Submetering!L12+Submetering!N12+Submetering!P12+Submetering!R12+Submetering!T12+Submetering!V12+Submetering!X12+Submetering!Z12+Submetering!AB12+Submetering!AC12+Submetering!AE12)*0.05155)+((Submetering!F12+Submetering!H12+Submetering!J12+Submetering!L12+Submetering!N12+Submetering!P12+Submetering!R12+Submetering!T12+Submetering!V12+Submetering!X12+Submetering!Z12+Submetering!AB12+Submetering!AC12+Submetering!AE12)*0.02095)+(20/30)*15)*1.1048)/E12 -> 0.080857448 | G12: =Submetering!AK12+Submetering!AL12+Submetering!AU12 -> 1598.5954 | H12: 0.8166 | I12: =Submetering!AF12+Submetering!AG12+Submetering!AV12+Submetering!AY12+Submetering!AZ12 -> 3786.3618 | J12: =((Submetering!AG12+Submetering!BA12)*0.8868+(1712.96+1070.52)/30+(Submetering!AF12+Submetering!AY12+Submetering!AV12+Submetering!AZ12)*1.1251+(2076.11+129.67+207.57+207.57)/30+(11680.53+56.61)/30)/I12 -> 1.353942
A13: Orlando | B13: 10 | C13: 3 | D13: 2019 | E13: =Submetering!F13+Submetering!H13+Submetering!J13+Submetering!L13+Submetering!N13+Submetering!P13+Submetering!R13+Submetering!T13+Submetering!V13+Submetering!X13+Submetering!Z13+Submetering!AB13+Submetering!AC13+Submetering!AD13+Submetering!AE13 -> 303385 | F13: =((((Submetering!E13+Submetering!AD13)*0.13773+(Submetering!E13+Submetering!AD13)*0.02095)*1.09+(2.85/30)*2)+(((Submetering!F13+Submetering!H13+Submetering!J13+Submetering!L13+Submetering!N13+Submetering!P13+Submetering!R13+Submetering!T13+Submetering!V13+Submetering!X13+Submetering!Z13+Submetering!AB13+Submetering!AC13+Submetering!AE13)*0.05155)+((Submetering!F13+Submetering!H13+Submetering!J13+Submetering!L13+Submetering!N13+Submetering!P13+Submetering!R13+Submetering!T13+Submetering!V13+Submetering!X13+Submetering!Z13+Submetering!AB13+Submetering!AC13+Submetering!AE13)*0.02095)+(20/30)*15)*1.1048)/E13 -> 0.080744004 | G13: =Submetering!AK13+Submetering!AL13+Submetering!AU13 -> 6574.1786 | H13: 0.8166 | I13: =Submetering!AF13+Submetering!AG13+Submetering!AV13+Submetering!AY13+Submetering!AZ13 -> 5321.8392 | J13: =((Submetering!AG13+Submetering!BA13)*0.8868+(1712.96+1070.52)/30+(Submetering!AF13+Submetering!AY13+Submetering!AV13+Submetering!AZ13)*1.1251+(2076.11+129.67+207.57+207.57)/30+(11680.53+56.61)/30)/I13 -> 1.354468
A14: Orlando | B14: 17 | C14: 3 | D14: 2019 | E14: =Submetering!F14+Submetering!H14+Submetering!J14+Submetering!L14+Submetering!N14+Submetering!P14+Submetering!R14+Submetering!T14+Submetering!V14+Submetering!X14+Submetering!Z14+Submetering!AB14+Submetering!AC14+Submetering!AD14+Submetering!AE14 -> 322001 | F14: =((((Submetering!E14+Submetering!AD14)*0.13773+(Submetering!E14+Submetering!AD14)*0.02095)*1.09+(2.85/30)*2)+(((Submetering!F14+Submetering!H14+Submetering!J14+Submetering!L14+Submetering!N14+Submetering!P14+Submetering!R14+Submetering!T14+Submetering!V14+Submetering!X14+Submetering!Z14+Submetering!AB14+Submetering!AC14+Submetering!AE14)*0.05155)+((Submetering!F14+Submetering!H14+Submetering!J14+Submetering!L14+Submetering!N14+Submetering!P14+Submetering!R14+Submetering!T14+Submetering!V14+Submetering!X14+Submetering!Z14+Submetering!AB14+Submetering!AC14+Submetering!AE14)*0.02095)+(20/30)*15)*1.1048)/E14 -> 0.080715171 | G14: =Submetering!AK14+Submetering!AL14+Submetering!AU14 -> 5166.3014 | H14: 0.8166 | I14: =Submetering!AF14+Submetering!AG14+Submetering!AV14+Submetering!AY14+Submetering!AZ14 -> 5397.7594 | J14: =((Submetering!AG14+Submetering!BA14)*0.8868+(1712.96+1070.52)/30+(Submetering!AF14+Submetering!AY14+Submetering!AV14+Submetering!AZ14)*1.1251+(2076.11+129.67+207.57+207.57)/30+(11680.53+56.61)/30)/I14 -> 1.3449955
A15: Orlando | B15: 24 | C15: 3 | D15: 2019 | E15: =Submetering!F15+Submetering!H15+Submetering!J15+Submetering!L15+Submetering!N15+Submetering!P15+Submetering!R15+Submetering!T15+Submetering!V15+Submetering!X15+Submetering!Z15+Submetering!AB15+Submetering!AC15+Submetering!AD15+Submetering!AE15 -> 286637 | F15: =((((Submetering!E15+Submetering!AD15)*0.13773+(Submetering!E15+Submetering!AD15)*0.02095)*1.09+(2.85/30)*2)+(((Submetering!F15+Submetering!H15+Submetering!J15+Submetering!L15+Submetering!N15+Submetering!P15+Submetering!R15+Submetering!T15+Submetering!V15+Submetering!X15+Submetering!Z15+Submetering!AB15+Submetering!AC15+Submetering!AE15)*0.05155)+((Submetering!F15+Submetering!H15+Submetering!J15+Submetering!L15+Submetering!N15+Submetering!P15+Submetering!R15+Submetering!T15+Submetering!V15+Submetering!X15+Submetering!Z15+Submetering!AB15+Submetering!AC15+Submetering!AE15)*0.02095)+(20/30)*15)*1.1048)/E15 -> 0.080778554 | G15: =Submetering!AK15+Submetering!AL15+Submetering!AU15 -> 7184.3408 | H15: 0.8166 | I15: =Submetering!AF15+Submetering!AG15+Submetering!AV15+Submetering!AY15+Submetering!AZ15 -> 5514.4612 | J15: =((Submetering!AG15+Submetering!BA15)*0.8868+(1712.96+1070.52)/30+(Submetering!AF15+Submetering!AY15+Submetering!AV15+Submetering!AZ15)*1.1251+(2076.11+129.67+207.57+207.57)/30+(11680.53+56.61)/30)/I15 -> 1.3339083 | K15: =Occupancy!H6 -> 11314.008
A16: Orlando | B16: 31 | C16: 3 | D16: 2019 | E16: =Submetering!F16+Submetering!H16+Submetering!J16+Submetering!L16+Submetering!N16+Submetering!P16+Submetering!R16+Submetering!T16+Submetering!V16+Submetering!X16+Submetering!Z16+Submetering!AB16+Submetering!AC16+Submetering!AD16+Submetering!AE16 -> 298201 | F16: =((((Submetering!E16+Submetering!AD16)*0.13773+(Submetering!E16+Submetering!AD16)*0.02095)*1.09+(2.85/30)*2)+(((Submetering!F16+Submetering!H16+Submetering!J16+Submetering!L16+Submetering!N16+Submetering!P16+Submetering!R16+Submetering!T16+Submetering!V16+Submetering!X16+Submetering!Z16+Submetering!AB16+Submetering!AC16+Submetering!AE16)*0.05155)+((Submetering!F16+Submetering!H16+Submetering!J16+Submetering!L16+Submetering!N16+Submetering!P16+Submetering!R16+Submetering!T16+Submetering!V16+Submetering!X16+Submetering!Z16+Submetering!AB16+Submetering!AC16+Submetering!AE16)*0.02095)+(20/30)*15)*1.1048)/E16 -> 0.080725568 | G16: =Submetering!AK16+Submetering!AL16+Submetering!AU16 -> 5616.5254 | H16: 0.8166 | I16: =Submetering!AF16+Submetering!AG16+Submetering!AV16+Submetering!AY16+Submetering!AZ16 -> 5604.2704 | J16: =((Submetering!AG16+Submetering!BA16)*0.8868+(1712.96+1070.52)/30+(Submetering!AF16+Submetering!AY16+Submetering!AV16+Submetering!AZ16)*1.1251+(2076.11+129.67+207.57+207.57)/30+(11680.53+56.61)/30)/I16 -> 1.3647052
A17: Orlando | B17: 8 | C17: 4 | D17: 2019 | E17: =Submetering!F17+Submetering!H17+Submetering!J17+Submetering!L17+Submetering!N17+Submetering!P17+Submetering!R17+Submetering!T17+Submetering!V17+Submetering!X17+Submetering!Z17+Submetering!AB17+Submetering!AC17+Submetering!AD17+Submetering!AE17 -> 317497 | F17: =((((Submetering!E17+Submetering!AD17)*0.13773+(Submetering!E17+Submetering!AD17)*0.02095)*1.09+(2.85/30)*2)+(((Submetering!F17+Submetering!H17+Submetering!J17+Submetering!L17+Submetering!N17+Submetering!P17+Submetering!R17+Submetering!T17+Submetering!V17+Submetering!X17+Submetering!Z17+Submetering!AB17+Submetering!AC17+Submetering!AE17)*0.05155)+((Submetering!F17+Submetering!H17+Submetering!J17+Submetering!L17+Submetering!N17+Submetering!P17+Submetering!R17+Submetering!T17+Submetering!V17+Submetering!X17+Submetering!Z17+Submetering!AB17+Submetering!AC17+Submetering!AE17)*0.02095)+(20/30)*15)*1.1048)/E17 -> 0.080729384 | G17: =Submetering!AK17+Submetering!AL17+Submetering!AU17 -> 4580.7822 | H17: 0.8166 | I17: =Submetering!AF17+Submetering!AG17+Submetering!AV17+Submetering!AY17+Submetering!AZ17 -> 5703.7392 | J17: =((Submetering!AG17+Submetering!BA17)*0.8868+(1712.96+1070.52)/30+(Submetering!AF17+Submetering!AY17+Submetering!AV17+Submetering!AZ17)*1.1251+(2076.11+129.67+207.57+207.57)/30+(11680.53+56.61)/30)/I17 -> 1.3908903
A18: Orlando | B18: 14 | C18: 4 | D18: 2019 | E18: =Submetering!F18+Submetering!H18+Submetering!J18+Submetering!L18+Submetering!N18+Submetering!P18+Submetering!R18+Submetering!T18+Submetering!V18+Submetering!X18+Submetering!Z18+Submetering!AB18+Submetering!AC18+Submetering!AD18+Submetering!AE18 -> 361118 | F18: =((((Submetering!E18+Submetering!AD18)*0.13773+(Submetering!E18+Submetering!AD18)*0.02095)*1.09+(2.85/30)*2)+(((Submetering!F18+Submetering!H18+Submetering!J18+Submetering!L18+Submetering!N18+Submetering!P18+Submetering!R18+Submetering!T18+Submetering!V18+Submetering!X18+Submetering!Z18+Submetering!AB18+Submetering!AC18+Submetering!AE18)*0.05155)+((Submetering!F18+Submetering!H18+Submetering!J18+Submetering!L18+Submetering!N18+Submetering!P18+Submetering!R18+Submetering!T18+Submetering!V18+Submetering!X18+Submetering!Z18+Submetering!AB18+Submetering!AC18+Submetering!AE18)*0.02095)+(20/30)*15)*1.1048)/E18 -> 0.080594177 | G18: =Submetering!AK18+Submetering!AL18+Submetering!AU18 -> 3276.0826 | H18: 0.8166 | I18: =Submetering!AF18+Submetering!AG18+Submetering!AV18+Submetering!AY18+Submetering!AZ18 -> 5416.5656 | J18: =((Submetering!AG18+Submetering!BA18)*0.8868+(1712.96+1070.52)/30+(Submetering!AF18+Submetering!AY18+Submetering!AV18+Submetering!AZ18)*1.1251+(2076.11+129.67+207.57+207.57)/30+(11680.53+56.61)/30)/I18 -> 1.2512445
A19: Orlando | B19: 21 | C19: 4 | D19: 2019 | E19: =Submetering!F19+Submetering!H19+Submetering!J19+Submetering!L19+Submetering!N19+Submetering!P19+Submetering!R19+Submetering!T19+Submetering!V19+Submetering!X19+Submetering!Z19+Submetering!AB19+Submetering!AC19+Submetering!AD19+Submetering!AE19 -> 293799 | F19: =((((Submetering!E19+Submetering!AD19)*0.13773+(Submetering!E19+Submetering!AD19)*0.02095)*1.09+(2.85/30)*2)+(((Submetering!F19+Submetering!H19+Submetering!J19+Submetering!L19+Submetering!N19+Submetering!P19+Submetering!R19+Submetering!T19+Submetering!V19+Submetering!X19+Submetering!Z19+Submetering!AB19+Submetering!AC19+Submetering!AE19)*0.05155)+((Submetering!F19+Submetering!H19+Submetering!J19+Submetering!L19+Submetering!N19+Submetering!P19+Submetering!R19+Submetering!T19+Submetering!V19+Submetering!X19+Submetering!Z19+Submetering!AB19+Submetering!AC19+Submetering!AE19)*0.02095)+(20/30)*15)*1.1048)/E19 -> 0.080743169 | G19: =Submetering!AK19+Submetering!AL19+Submetering!AU19 -> 5036.976 | H19: 0.8166 | I19: =Submetering!AF19+Submetering!AG19+Submetering!AV19+Submetering!AY19+Submetering!AZ19 -> 5784.1738 | J19: =((Submetering!AG19+Submetering!BA19)*0.8868+(1712.96+1070.52)/30+(Submetering!AF19+Submetering!AY19+Submetering!AV19+Submetering!AZ19)*1.1251+(2076.11+129.67+207.57+207.57)/30+(11680.53+56.61)/30)/I19 -> 1.2808135
A20: Orlando | B20: 28 | C20: 4 | D20: 2019 | E20: =Submetering!F20+Submetering!H20+Submetering!J20+Submetering!L20+Submetering!N20+Submetering!P20+Submetering!R20+Submetering!T20+Submetering!V20+Submetering!X20+Submetering!Z20+Submetering!AB20+Submetering!AC20+Submetering!AD20+Submetering!AE20 -> 315499 | F20: =((((Submetering!E20+Submetering!AD20)*0.13773+(Submetering!E20+Submetering!AD20)*0.02095)*1.09+(2.85/30)*2)+(((Submetering!F20+Submetering!H20+Submetering!J20+Submetering!L20+Submetering!N20+Submetering!P20+Submetering!R20+Submetering!T20+Submetering!V20+Submetering!X20+Submetering!Z20+Submetering!AB20+Submetering!AC20+Submetering!AE20)*0.05155)+((Submetering!F20+Submetering!H20+Submetering!J20+Submetering!L20+Submetering!N20+Submetering!P20+Submetering!R20+Submetering!T20+Submetering!V20+Submetering!X20+Submetering!Z20+Submetering!AB20+Submetering!AC20+Submetering!AE20)*0.02095)+(20/30)*15)*1.1048)/E20 -> 0.080664257 | G20: =Submetering!AK20+Submetering!AL20+Submetering!AU20 -> 3864.258 | H20: 0.8166 | I20: =Submetering!AF20+Submetering!AG20+Submetering!AV20+Submetering!AY20+Submetering!AZ20 -> 5118.1972 | J20: =((Submetering!AG20+Submetering!BA20)*0.8868+(1712.96+1070.52)/30+(Submetering!AF20+Submetering!AY20+Submetering!AV20+Submetering!AZ20)*1.1251+(2076.11+129.67+207.57+207.57)/30+(11680.53+56.61)/30)/I20 -> 1.5293404 | K20: =Occupancy!H7 -> 10389.6
A21: Orlando | B21: 30 | C21: 4 | D21: 2019 | E21: =Submetering!F21+Submetering!H21+Submetering!J21+Submetering!L21+Submetering!N21+Submetering!P21+Submetering!R21+Submetering!T21+Submetering!V21+Submetering!X21+Submetering!Z21+Submetering!AB21+Submetering!AC21+Submetering!AD21+Submetering!AE21 -> 125450 | F21: =((((Submetering!E21+Submetering!AD21)*0.13773+(Submetering!E21+Submetering!AD21)*0.02095)*1.09+(2.85/30)*2)+(((Submetering!F21+Submetering!H21+Submetering!J21+Submetering!L21+Submetering!N21+Submetering!P21+Submetering!R21+Submetering!T21+Submetering!V21+Submetering!X21+Submetering!Z21+Submetering!AB21+Submetering!AC21+Submetering!AE21)*0.05155)+((Submetering!F21+Submetering!H21+Submetering!J21+Submetering!L21+Submetering!N21+Submetering!P21+Submetering!R21+Submetering!T21+Submetering!V21+Submetering!X21+Submetering!Z21+Submetering!AB21+Submetering!AC21+Submetering!AE21)*0.02095)+(20/30)*15)*1.1048)/E21 -> 0.080638736 | G21: =Submetering!AK21+Submetering!AL21+Submetering!AU21 -> 1155.3216 | H21: 0.8166 | I21: =Submetering!AF21+Submetering!AG21+Submetering!AV21+Submetering!AY21+Submetering!AZ21 -> 1979.5264 | J21: =((Submetering!AG21+Submetering!BA21)*0.8868+(1712.96+1070.52)/30+(Submetering!AF21+Submetering!AY21+Submetering!AV21+Submetering!AZ21)*1.1251+(2076.11+129.67+207.57+207.57)/30+(11680.53+56.61)/30)/I21 -> 1.7396392
A22: Orlando | B22: 5 | C22: 5 | D22: 2019 | E22: =Submetering!F22+Submetering!H22+Submetering!J22+Submetering!L22+Submetering!N22+Submetering!P22+Submetering!R22+Submetering!T22+Submetering!V22+Submetering!X22+Submetering!Z22+Submetering!AB22+Submetering!AC22+Submetering!AD22+Submetering!AE22 -> 235333 | F22: =((((Submetering!E22+Submetering!AD22)*0.13773+(Submetering!E22+Submetering!AD22)*0.02095)*1.09+(2.85/30)*2)+(((Submetering!F22+Submetering!H22+Submetering!J22+Submetering!L22+Submetering!N22+Submetering!P22+Submetering!R22+Submetering!T22+Submetering!V22+Submetering!X22+Submetering!Z22+Submetering!AB22+Submetering!AC22+Submetering!AE22)*0.05155)+((Submetering!F22+Submetering!H22+Submetering!J22+Submetering!L22+Submetering!N22+Submetering!P22+Submetering!R22+Submetering!T22+Submetering!V22+Submetering!X22+Submetering!Z22+Submetering!AB22+Submetering!AC22+Submetering!AE22)*0.02095)+(20/30)*15)*1.1048)/E22 -> 0.080630726 | G22: =Submetering!AK22+Submetering!AL22+Submetering!AU22 -> 1732.0248 | H22: 0.8166 | I22: =Submetering!AF22+Submetering!AG22+Submetering!AV22+Submetering!AY22+Submetering!AZ22 -> 3485.9148 | J22: =((Submetering!AG22+Submetering!BA22)*0.8868+(1712.96+1070.52)/30+(Submetering!AF22+Submetering!AY22+Submetering!AV22+Submetering!AZ22)*1.1251+(2076.11+129.67+207.57+207.57)/30+(11680.53+56.61)/30)/I22 -> 1.452091
A23: Orlando | B23: 13 | C23: 5 | D23: 2019 | E23: =Submetering!F23+Submetering!H23+Submetering!J23+Submetering!L23+Submetering!N23+Submetering!P23+Submetering!R23+Submetering!T23+Submetering!V23+Submetering!X23+Submetering!Z23+Submetering!AB23+Submetering!AC23+Submetering!AD23+Submetering!AE23 -> 365641 | F23: =((((Submetering!E23+Submetering!AD23)*0.13773+(Submetering!E23+Submetering!AD23)*0.02095)*1.09+(2.85/30)*2)+(((Submetering!F23+Submetering!H23+Submetering!J23+Submetering!L23+Submetering!N23+Submetering!P23+Submetering!R23+Submetering!T23+Submetering!V23+Submetering!X23+Submetering!Z23+Submetering!AB23+Submetering!AC23+Submetering!AE23)*0.05155)+((Submetering!F23+Submetering!H23+Submetering!J23+Submetering!L23+Submetering!N23+Submetering!P23+Submetering!R23+Submetering!T23+Submetering!V23+Submetering!X23+Submetering!Z23+Submetering!AB23+Submetering!AC23+Submetering!AE23)*0.02095)+(20/30)*15)*1.1048)/E23 -> 0.080591369 | G23: =Submetering!AK23+Submetering!AL23+Submetering!AU23 -> 2431.24 | H23: 0.8166 | I23: =Submetering!AF23+Submetering!AG23+Submetering!AV23+Submetering!AY23+Submetering!AZ23 -> 5757.2964 | J23: =((Submetering!AG23+Submetering!BA23)*0.8868+(1712.96+1070.52)/30+(Submetering!AF23+Submetering!AY23+Submetering!AV23+Submetering!AZ23)*1.1251+(2076.11+129.67+207.57+207.57)/30+(11680.53+56.61)/30)/I23 -> 1.3190278
A24: Orlando | B24: 20 | C24: 5 | D24: 2019 | E24: =Submetering!F24+Submetering!H24+Submetering!J24+Submetering!L24+Submetering!N24+Submetering!P24+Submetering!R24+Submetering!T24+Submetering!V24+Submetering!X24+Submetering!Z24+Submetering!AB24+Submetering!AC24+Submetering!AD24+Submetering!AE24 -> 343568 | F24: =((((Submetering!E24+Submetering!AD24)*0.13773+(Submetering!E24+Submetering!AD24)*0.02095)*1.09+(2.85/30)*2)+(((Submetering!F24+Submetering!H24+Submetering!J24+Submetering!L24+Submetering!N24+Submetering!P24+Submetering!R24+Submetering!T24+Submetering!V24+Submetering!X24+Submetering!Z24+Submetering!AB24+Submetering!AC24+Submetering!AE24)*0.05155)+((Submetering!F24+Submetering!H24+Submetering!J24+Submetering!L24+Submetering!N24+Submetering!P24+Submetering!R24+Submetering!T24+Submetering!V24+Submetering!X24+Submetering!Z24+Submetering!AB24+Submetering!AC24+Submetering!AE24)*0.02095)+(20/30)*15)*1.1048)/E24 -> 0.080630124 | G24: =Submetering!AK24+Submetering!AL24+Submetering!AU24 -> 2881.8516 | H24: 0.8166 | I24: =Submetering!AF24+Submetering!AG24+Submetering!AV24+Submetering!AY24+Submetering!AZ24 -> 5232.1592 | J24: =((Submetering!AG24+Submetering!BA24)*0.8868+(1712.96+1070.52)/30+(Submetering!AF24+Submetering!AY24+Submetering!AV24+Submetering!AZ24)*1.1251+(2076.11+129.67+207.57+207.57)/30+(11680.53+56.61)/30)/I24 -> 1.2953904
A25: Orlando | B25: 26 | C25: 5 | D25: 2019 | E25: =Submetering!F25+Submetering!H25+Submetering!J25+Submetering!L25+Submetering!N25+Submetering!P25+Submetering!R25+Submetering!T25+Submetering!V25+Submetering!X25+Submetering!Z25+Submetering!AB25+Submetering!AC25+Submetering!AD25+Submetering!AE25 -> 364698 | F25: =((((Submetering!E25+Submetering!AD25)*0.13773+(Submetering!E25+Submetering!AD25)*0.02095)*1.09+(2.85/30)*2)+(((Submetering!F25+Submetering!H25+Submetering!J25+Submetering!L25+Submetering!N25+Submetering!P25+Submetering!R25+Submetering!T25+Submetering!V25+Submetering!X25+Submetering!Z25+Submetering!AB25+Submetering!AC25+Submetering!AE25)*0.05155)+((Submetering!F25+Submetering!H25+Submetering!J25+Submetering!L25+Submetering!N25+Submetering!P25+Submetering!R25+Submetering!T25+Submetering!V25+Submetering!X25+Submetering!Z25+Submetering!AB25+Submetering!AC25+Submetering!AE25)*0.02095)+(20/30)*15)*1.1048)/E25 -> 0.080575756 | G25: =Submetering!AK25+Submetering!AL25+Submetering!AU25 -> 2328.1688 | H25: 0.8166 | I25: =Submetering!AF25+Submetering!AG25+Submetering!AV25+Submetering!AY25+Submetering!AZ25 -> 5687.4942 | J25: =((Submetering!AG25+Submetering!BA25)*0.8868+(1712.96+1070.52)/30+(Submetering!AF25+Submetering!AY25+Submetering!AV25+Submetering!AZ25)*1.1251+(2076.11+129.67+207.57+207.57)/30+(11680.53+56.61)/30)/I25 -> 1.5156292 | K25: =Occupancy!H8 -> 10749.684
A26: Orlando | B26: 31 | C26: 5 | D26: 2019 | E26: =Submetering!F26+Submetering!H26+Submetering!J26+Submetering!L26+Submetering!N26+Submetering!P26+Submetering!R26+Submetering!T26+Submetering!V26+Submetering!X26+Submetering!Z26+Submetering!AB26+Submetering!AC26+Submetering!AD26+Submetering!AE26 -> 373932 | F26: =((((Submetering!E26+Submetering!AD26)*0.13773+(Submetering!E26+Submetering!AD26)*0.02095)*1.09+(2.85/30)*2)+(((Submetering!F26+Submetering!H26+Submetering!J26+Submetering!L26+Submetering!N26+Submetering!P26+Submetering!R26+Submetering!T26+Submetering!V26+Submetering!X26+Submetering!Z26+Submetering!AB26+Submetering!AC26+Submetering!AE26)*0.05155)+((Submetering!F26+Submetering!H26+Submetering!J26+Submetering!L26+Submetering!N26+Submetering!P26+Submetering!R26+Submetering!T26+Submetering!V26+Submetering!X26+Submetering!Z26+Submetering!AB26+Submetering!AC26+Submetering!AE26)*0.02095)+(20/30)*15)*1.1048)/E26 -> 0.080482316 | G26: =Submetering!AK26+Submetering!AL26+Submetering!AU26 -> 1431.3954 | H26: 0.8166 | I26: =Submetering!AF26+Submetering!AG26+Submetering!AV26+Submetering!AY26+Submetering!AZ26 -> 6628.7466 | J26: =((Submetering!AG26+Submetering!BA26)*0.8868+(1712.96+1070.52)/30+(Submetering!AF26+Submetering!AY26+Submetering!AV26+Submetering!AZ26)*1.1251+(2076.11+129.67+207.57+207.57)/30+(11680.53+56.61)/30)/I26 -> 1.3879708
A27: Orlando | B27: 9 | C27: 6 | D27: 2019 | E27: =Submetering!F27+Submetering!H27+Submetering!J27+Submetering!L27+Submetering!N27+Submetering!P27+Submetering!R27+Submetering!T27+Submetering!V27+Submetering!X27+Submetering!Z27+Submetering!AB27+Submetering!AC27+Submetering!AD27+Submetering!AE27 -> 417150 | F27: =((((Submetering!E27+Submetering!AD27)*0.13773+(Submetering!E27+Submetering!AD27)*0.02095)*1.09+(2.85/30)*2)+(((Submetering!F27+Submetering!H27+Submetering!J27+Submetering!L27+Submetering!N27+Submetering!P27+Submetering!R27+Submetering!T27+Submetering!V27+Submetering!X27+Submetering!Z27+Submetering!AB27+Submetering!AC27+Submetering!AE27)*0.05155)+((Submetering!F27+Submetering!H27+Submetering!J27+Submetering!L27+Submetering!N27+Submetering!P27+Submetering!R27+Submetering!T27+Submetering!V27+Submetering!X27+Submetering!Z27+Submetering!AB27+Submetering!AC27+Submetering!AE27)*0.02095)+(20/30)*15)*1.1048)/E27 -> 0.080605959 | G27: =Submetering!AK27+Submetering!AL27+Submetering!AU27 -> 1496.2424 | H27: 0.8166 | I27: =Submetering!AF27+Submetering!AG27+Submetering!AV27+Submetering!AY27+Submetering!AZ27 -> 7053.1876 | J27: =((Submetering!AG27+Submetering!BA27)*0.8868+(1712.96+1070.52)/30+(Submetering!AF27+Submetering!AY27+Submetering!AV27+Submetering!AZ27)*1.1251+(2076.11+129.67+207.57+207.57)/30+(11680.53+56.61)/30)/I27 -> 1.3023518
A28: Orlando | B28: 16 | C28: 6 | D28: 2019 | E28: =Submetering!F28+Submetering!H28+Submetering!J28+Submetering!L28+Submetering!N28+Submetering!P28+Submetering!R28+Submetering!T28+Submetering!V28+Submetering!X28+Submetering!Z28+Submetering!AB28+Submetering!AC28+Submetering!AD28+Submetering!AE28 -> 377786 | F28: =((((Submetering!E28+Submetering!AD28)*0.13773+(Submetering!E28+Submetering!AD28)*0.02095)*1.09+(2.85/30)*2)+(((Submetering!F28+Submetering!H28+Submetering!J28+Submetering!L28+Submetering!N28+Submetering!P28+Submetering!R28+Submetering!T28+Submetering!V28+Submetering!X28+Submetering!Z28+Submetering!AB28+Submetering!AC28+Submetering!AE28)*0.05155)+((Submetering!F28+Submetering!H28+Submetering!J28+Submetering!L28+Submetering!N28+Submetering!P28+Submetering!R28+Submetering!T28+Submetering!V28+Submetering!X28+Submetering!Z28+Submetering!AB28+Submetering!AC28+Submetering!AE28)*0.02095)+(20/30)*15)*1.1048)/E28 -> 0.080562544 | G28: =Submetering!AK28+Submetering!AL28+Submetering!AU28 -> 1938.703 | H28: 0.8166 | I28: =Submetering!AF28+Submetering!AG28+Submetering!AV28+Submetering!AY28+Submetering!AZ28 -> 6189.9378 | J28: =((Submetering!AG28+Submetering!BA28)*0.8868+(1712.96+1070.52)/30+(Submetering!AF28+Submetering!AY28+Submetering!AV28+Submetering!AZ28)*1.1251+(2076.11+129.67+207.57+207.57)/30+(11680.53+56.61)/30)/I28 -> 1.192097
A29: Orlando | B29: 21 | C29: 6 | D29: 2019 | E29: =Submetering!F29+Submetering!H29+Submetering!J29+Submetering!L29+Submetering!N29+Submetering!P29+Submetering!R29+Submetering!T29+Submetering!V29+Submetering!X29+Submetering!Z29+Submetering!AB29+Submetering!AC29+Submetering!AD29+Submetering!AE29 -> 398825 | F29: =((((Submetering!E29+Submetering!AD29)*0.13773+(Submetering!E29+Submetering!AD29)*0.02095)*1.09+(2.85/30)*2)+(((Submetering!F29+Submetering!H29+Submetering!J29+Submetering!L29+Submetering!N29+Submetering!P29+Submetering!R29+Submetering!T29+Submetering!V29+Submetering!X29+Submetering!Z29+Submetering!AB29+Submetering!AC29+Submetering!AE29)*0.05155)+((Submetering!F29+Submetering!H29+Submetering!J29+Submetering!L29+Submetering!N29+Submetering!P29+Submetering!R29+Submetering!T29+Submetering!V29+Submetering!X29+Submetering!Z29+Submetering!AB29+Submetering!AC29+Submetering!AE29)*0.02095)+(20/30)*15)*1.1048)/E29 -> 0.080535637 | G29: =Submetering!AK29+Submetering!AL29+Submetering!AU29 -> 1587.8566 | H29: 0.8166 | I29: =Submetering!AF29+Submetering!AG29+Submetering!AV29+Submetering!AY29+Submetering!AZ29 -> 5632.3524 | J29: =((Submetering!AG29+Submetering!BA29)*0.8868+(1712.96+1070.52)/30+(Submetering!AF29+Submetering!AY29+Submetering!AV29+Submetering!AZ29)*1.1251+(2076.11+129.67+207.57+207.57)/30+(11680.53+56.61)/30)/I29 -> 1.2091908
A30: Orlando | B30: 30 | C30: 6 | D30: 2019 | E30: =Submetering!F30+Submetering!H30+Submetering!J30+Submetering!L30+Submetering!N30+Submetering!P30+Submetering!R30+Submetering!T30+Submetering!V30+Submetering!X30+Submetering!Z30+Submetering!AB30+Submetering!AC30+Submetering!AD30+Submetering!AE30 -> 402693 | F30: =((((Submetering!E30+Submetering!AD30)*0.13773+(Submetering!E30+Submetering!AD30)*0.02095)*1.09+(2.85/30)*2)+(((Submetering!F30+Submetering!H30+Submetering!J30+Submetering!L30+Submetering!N30+Submetering!P30+Submetering!R30+Submetering!T30+Submetering!V30+Submetering!X30+Submetering!Z30+Submetering!AB30+Submetering!AC30+Submetering!AE30)*0.05155)+((Submetering!F30+Submetering!H30+Submetering!J30+Submetering!L30+Submetering!N30+Submetering!P30+Submetering!R30+Submetering!T30+Submetering!V30+Submetering!X30+Submetering!Z30+Submetering!AB30+Submetering!AC30+Submetering!AE30)*0.02095)+(20/30)*15)*1.1048)/E30 -> 0.080531561 | G30: =Submetering!AK30+Submetering!AL30+Submetering!AU30 -> 1390.3972 | H30: 0.8166 | I30: =Submetering!AF30+Submetering!AG30+Submetering!AV30+Submetering!AY30+Submetering!AZ30 -> 6934.6276 | J30: =((Submetering!AG30+Submetering!BA30)*0.8868+(1712.96+1070.52)/30+(Submetering!AF30+Submetering!AY30+Submetering!AV30+Submetering!AZ30)*1.1251+(2076.11+129.67+207.57+207.57)/30+(11680.53+56.61)/30)/I30 -> 1.2895976 | K30: =Occupancy!H9 -> 10762.56
A31: Orlando | B31: 8 | C31: 7 | D31: 2019 | E31: =Submetering!F31+Submetering!H31+Submetering!J31+Submetering!L31+Submetering!N31+Submetering!P31+Submetering!R31+Submetering!T31+Submetering!V31+Submetering!X31+Submetering!Z31+Submetering!AB31+Submetering!AC31+Submetering!AD31+Submetering!AE31 -> 410334 | F31: =((((Submetering!E31+Submetering!AD31)*0.13773+(Submetering!E31+Submetering!AD31)*0.02095)*1.09+(2.85/30)*2)+(((Submetering!F31+Submetering!H31+Submetering!J31+Submetering!L31+Submetering!N31+Submetering!P31+Submetering!R31+Submetering!T31+Submetering!V31+Submetering!X31+Submetering!Z31+Submetering!AB31+Submetering!AC31+Submetering!AE31)*0.05155)+((Submetering!F31+Submetering!H31+Submetering!J31+Submetering!L31+Submetering!N31+Submetering!P31+Submetering!R31+Submetering!T31+Submetering!V31+Submetering!X31+Submetering!Z31+Submetering!AB31+Submetering!AC31+Submetering!AE31)*0.02095)+(20/30)*15)*1.1048)/E31 -> 0.080546054 | G31: =Submetering!AK31+Submetering!AL31+Submetering!AU31 -> 1263.1162 | H31: 0.8166 | I31: =Submetering!AF31+Submetering!AG31+Submetering!AV31+Submetering!AY31+Submetering!AZ31 -> 6850.602 | J31: =((Submetering!AG31+Submetering!BA31)*0.8868+(1712.96+1070.52)/30+(Submetering!AF31+Submetering!AY31+Submetering!AV31+Submetering!AZ31)*1.1251+(2076.11+129.67+207.57+207.57)/30+(11680.53+56.61)/30)/I31 -> 1.3015635
A32: Orlando | B32: 15 | C32: 7 | D32: 2019 | E32: =Submetering!F32+Submetering!H32+Submetering!J32+Submetering!L32+Submetering!N32+Submetering!P32+Submetering!R32+Submetering!T32+Submetering!V32+Submetering!X32+Submetering!Z32+Submetering!AB32+Submetering!AC32+Submetering!AD32+Submetering!AE32 -> 408096 | F32: =((((Submetering!E32+Submetering!AD32)*0.13773+(Submetering!E32+Submetering!AD32)*0.02095)*1.09+(2.85/30)*2)+(((Submetering!F32+Submetering!H32+Submetering!J32+Submetering!L32+Submetering!N32+Submetering!P32+Submetering!R32+Submetering!T32+Submetering!V32+Submetering!X32+Submetering!Z32+Submetering!AB32+Submetering!AC32+Submetering!AE32)*0.05155)+((Submetering!F32+Submetering!H32+Submetering!J32+Submetering!L32+Submetering!N32+Submetering!P32+Submetering!R32+Submetering!T32+Submetering!V32+Submetering!X32+Submetering!Z32+Submetering!AB32+Submetering!AC32+Submetering!AE32)*0.02095)+(20/30)*15)*1.1048)/E32 -> 0.080593608 | G32: =Submetering!AK32+Submetering!AL32+Submetering!AU32 -> 1361.6958 | H32: 0.8166 | I32: =Submetering!AF32+Submetering!AG32+Submetering!AV32+Submetering!AY32+Submetering!AZ32 -> 6548.9846 | J32: =((Submetering!AG32+Submetering!BA32)*0.8868+(1712.96+1070.52)/30+(Submetering!AF32+Submetering!AY32+Submetering!AV32+Submetering!AZ32)*1.1251+(2076.11+129.67+207.57+207.57)/30+(11680.53+56.61)/30)/I32 -> 1.1866247
A33: Orlando | B33: 21 | C33: 7 | D33: 2019 | E33: =Submetering!F33+Submetering!H33+Submetering!J33+Submetering!L33+Submetering!N33+Submetering!P33+Submetering!R33+Submetering!T33+Submetering!V33+Submetering!X33+Submetering!Z33+Submetering!AB33+Submetering!AC33+Submetering!AD33+Submetering!AE33 -> 388058 | F33: =((((Submetering!E33+Submetering!AD33)*0.13773+(Submetering!E33+Submetering!AD33)*0.02095)*1.09+(2.85/30)*2)+(((Submetering!F33+Submetering!H33+Submetering!J33+Submetering!L33+Submetering!N33+Submetering!P33+Submetering!R33+Submetering!T33+Submetering!V33+Submetering!X33+Submetering!Z33+Submetering!AB33+Submetering!AC33+Submetering!AE33)*0.05155)+((Submetering!F33+Submetering!H33+Submetering!J33+Submetering!L33+Submetering!N33+Submetering!P33+Submetering!R33+Submetering!T33+Submetering!V33+Submetering!X33+Submetering!Z33+Submetering!AB33+Submetering!AC33+Submetering!AE33)*0.02095)+(20/30)*15)*1.1048)/E33 -> 0.080483886 | G33: =Submetering!AK33+Submetering!AL33+Submetering!AU33 -> 1376.9908 | H33: 0.8166 | I33: =Submetering!AF33+Submetering!AG33+Submetering!AV33+Submetering!AY33+Submetering!AZ33 -> 5987.014 | J33: =((Submetering!AG33+Submetering!BA33)*0.8868+(1712.96+1070.52)/30+(Submetering!AF33+Submetering!AY33+Submetering!AV33+Submetering!AZ33)*1.1251+(2076.11+129.67+207.57+207.57)/30+(11680.53+56.61)/30)/I33 -> 1.1979216
A34: Orlando | B34: 28 | C34: 7 | D34: 2019 | E34: =Submetering!F34+Submetering!H34+Submetering!J34+Submetering!L34+Submetering!N34+Submetering!P34+Submetering!R34+Submetering!T34+Submetering!V34+Submetering!X34+Submetering!Z34+Submetering!AB34+Submetering!AC34+Submetering!AD34+Submetering!AE34 -> 390122 | F34: =((((Submetering!E34+Submetering!AD34)*0.13773+(Submetering!E34+Submetering!AD34)*0.02095)*1.09+(2.85/30)*2)+(((Submetering!F34+Submetering!H34+Submetering!J34+Submetering!L34+Submetering!N34+Submetering!P34+Submetering!R34+Submetering!T34+Submetering!V34+Submetering!X34+Submetering!Z34+Submetering!AB34+Submetering!AC34+Submetering!AE34)*0.05155)+((Submetering!F34+Submetering!H34+Submetering!J34+Submetering!L34+Submetering!N34+Submetering!P34+Submetering!R34+Submetering!T34+Submetering!V34+Submetering!X34+Submetering!Z34+Submetering!AB34+Submetering!AC34+Submetering!AE34)*0.02095)+(20/30)*15)*1.1048)/E34 -> 0.080565038 | G34: =Submetering!AK34+Submetering!AL34+Submetering!AU34 -> 1685.3418 | H34: 0.8166 | I34: =Submetering!AF34+Submetering!AG34+Submetering!AV34+Submetering!AY34+Submetering!AZ34 -> 6130.8858 | J34: =((Submetering!AG34+Submetering!BA34)*0.8868+(1712.96+1070.52)/30+(Submetering!AF34+Submetering!AY34+Submetering!AV34+Submetering!AZ34)*1.1251+(2076.11+129.67+207.57+207.57)/30+(11680.53+56.61)/30)/I34 -> 1.1944553
A35: Orlando | B35: 31 | C35: 7 | D35: 2019 | E35: =Submetering!F35+Submetering!H35+Submetering!J35+Submetering!L35+Submetering!N35+Submetering!P35+Submetering!R35+Submetering!T35+Submetering!V35+Submetering!X35+Submetering!Z35+Submetering!AB35+Submetering!AC35+Submetering!AD35+Submetering!AE35 -> 168225 | F35: =((((Submetering!E35+Submetering!AD35)*0.13773+(Submetering!E35+Submetering!AD35)*0.02095)*1.09+(2.85/30)*2)+(((Submetering!F35+Submetering!H35+Submetering!J35+Submetering!L35+Submetering!N35+Submetering!P35+Submetering!R35+Submetering!T35+Submetering!V35+Submetering!X35+Submetering!Z35+Submetering!AB35+Submetering!AC35+Submetering!AE35)*0.05155)+((Submetering!F35+Submetering!H35+Submetering!J35+Submetering!L35+Submetering!N35+Submetering!P35+Submetering!R35+Submetering!T35+Submetering!V35+Submetering!X35+Submetering!Z35+Submetering!AB35+Submetering!AC35+Submetering!AE35)*0.02095)+(20/30)*15)*1.1048)/E35 -> 0.080400636 | G35: =Submetering!AK35+Submetering!AL35+Submetering!AU35 -> 511.8752 | H35: 0.8166 | I35: =Submetering!AF35+Submetering!AG35+Submetering!AV35+Submetering!AY35+Submetering!AZ35 -> 2824.5932 | J35: =((Submetering!AG35+Submetering!BA35)*0.8868+(1712.96+1070.52)/30+(Submetering!AF35+Submetering!AY35+Submetering!AV35+Submetering!AZ35)*1.1251+(2076.11+129.67+207.57+207.57)/30+(11680.53+56.61)/30)/I35 -> 1.3050508 | K35: =Occupancy!H10 -> 11121.312
A36: Orlando | B36: 5 | C36: 8 | D36: 2019 | E36: =Submetering!F36+Submetering!H36+Submetering!J36+Submetering!L36+Submetering!N36+Submetering!P36+Submetering!R36+Submetering!T36+Submetering!V36+Submetering!X36+Submetering!Z36+Submetering!AB36+Submetering!AC36+Submetering!AD36+Submetering!AE36 -> 239598 | F36: =((((Submetering!E36+Submetering!AD36)*0.13773+(Submetering!E36+Submetering!AD36)*0.02095)*1.09+(2.85/30)*2)+(((Submetering!F36+Submetering!H36+Submetering!J36+Submetering!L36+Submetering!N36+Submetering!P36+Submetering!R36+Submetering!T36+Submetering!V36+Submetering!X36+Submetering!Z36+Submetering!AB36+Submetering!AC36+Submetering!AE36)*0.05155)+((Submetering!F36+Submetering!H36+Submetering!J36+Submetering!L36+Submetering!N36+Submetering!P36+Submetering!R36+Submetering!T36+Submetering!V36+Submetering!X36+Submetering!Z36+Submetering!AB36+Submetering!AC36+Submetering!AE36)*0.02095)+(20/30)*15)*1.1048)/E36 -> 0.080546662 | G36: =Submetering!AK36+Submetering!AL36+Submetering!AU36 -> 867.4222 | H36: 0.8166 | I36: =Submetering!AF36+Submetering!AG36+Submetering!AV36+Submetering!AY36+Submetering!AZ36 -> 3704.867 | J36: =((Submetering!AG36+Submetering!BA36)*0.8868+(1712.96+1070.52)/30+(Submetering!AF36+Submetering!AY36+Submetering!AV36+Submetering!AZ36)*1.1251+(2076.11+129.67+207.57+207.57)/30+(11680.53+56.61)/30)/I36 -> 1.2641377
A37: Orlando | B37: 12 | C37: 8 | D37: 2019 | E37: =Submetering!F37+Submetering!H37+Submetering!J37+Submetering!L37+Submetering!N37+Submetering!P37+Submetering!R37+Submetering!T37+Submetering!V37+Submetering!X37+Submetering!Z37+Submetering!AB37+Submetering!AC37+Submetering!AD37+Submetering!AE37 -> 406078 | F37: =((((Submetering!E37+Submetering!AD37)*0.13773+(Submetering!E37+Submetering!AD37)*0.02095)*1.09+(2.85/30)*2)+(((Submetering!F37+Submetering!H37+Submetering!J37+Submetering!L37+Submetering!N37+Submetering!P37+Submetering!R37+Submetering!T37+Submetering!V37+Submetering!X37+Submetering!Z37+Submetering!AB37+Submetering!AC37+Submetering!AE37)*0.05155)+((Submetering!F37+Submetering!H37+Submetering!J37+Submetering!L37+Submetering!N37+Submetering!P37+Submetering!R37+Submetering!T37+Submetering!V37+Submetering!X37+Submetering!Z37+Submetering!AB37+Submetering!AC37+Submetering!AE37)*0.02095)+(20/30)*15)*1.1048)/E37 -> 0.080487034 | G37: =Submetering!AK37+Submetering!AL37+Submetering!AU37 -> 1402.9562 | H37: 0.8166 | I37: =Submetering!AF37+Submetering!AG37+Submetering!AV37+Submetering!AY37+Submetering!AZ37 -> 5715.6674 | J37: =((Submetering!AG37+Submetering!BA37)*0.8868+(1712.96+1070.52)/30+(Submetering!AF37+Submetering!AY37+Submetering!AV37+Submetering!AZ37)*1.1251+(2076.11+129.67+207.57+207.57)/30+(11680.53+56.61)/30)/I37 -> 1.2116975
A38: Orlando | B38: 19 | C38: 8 | D38: 2019 | E38: =Submetering!F38+Submetering!H38+Submetering!J38+Submetering!L38+Submetering!N38+Submetering!P38+Submetering!R38+Submetering!T38+Submetering!V38+Submetering!X38+Submetering!Z38+Submetering!AB38+Submetering!AC38+Submetering!AD38+Submetering!AE38 -> 405474 | F38: =((((Submetering!E38+Submetering!AD38)*0.13773+(Submetering!E38+Submetering!AD38)*0.02095)*1.09+(2.85/30)*2)+(((Submetering!F38+Submetering!H38+Submetering!J38+Submetering!L38+Submetering!N38+Submetering!P38+Submetering!R38+Submetering!T38+Submetering!V38+Submetering!X38+Submetering!Z38+Submetering!AB38+Submetering!AC38+Submetering!AE38)*0.05155)+((Submetering!F38+Submetering!H38+Submetering!J38+Submetering!L38+Submetering!N38+Submetering!P38+Submetering!R38+Submetering!T38+Submetering!V38+Submetering!X38+Submetering!Z38+Submetering!AB38+Submetering!AC38+Submetering!AE38)*0.02095)+(20/30)*15)*1.1048)/E38 -> 0.080503852 | G38: =Submetering!AK38+Submetering!AL38+Submetering!AU38 -> 1440.1924 | H38: 0.8166 | I38: =Submetering!AF38+Submetering!AG38+Submetering!AV38+Submetering!AY38+Submetering!AZ38 -> 5293.3392 | J38: =((Submetering!AG38+Submetering!BA38)*0.8868+(1712.96+1070.52)/30+(Submetering!AF38+Submetering!AY38+Submetering!AV38+Submetering!AZ38)*1.1251+(2076.11+129.67+207.57+207.57)/30+(11680.53+56.61)/30)/I38 -> 1.2390699
A39: Orlando | B39: 26 | C39: 8 | D39: 2019 | E39: =Submetering!F39+Submetering!H39+Submetering!J39+Submetering!L39+Submetering!N39+Submetering!P39+Submetering!R39+Submetering!T39+Submetering!V39+Submetering!X39+Submetering!Z39+Submetering!AB39+Submetering!AC39+Submetering!AD39+Submetering!AE39 -> 418854 | F39: =((((Submetering!E39+Submetering!AD39)*0.13773+(Submetering!E39+Submetering!AD39)*0.02095)*1.09+(2.85/30)*2)+(((Submetering!F39+Submetering!H39+Submetering!J39+Submetering!L39+Submetering!N39+Submetering!P39+Submetering!R39+Submetering!T39+Submetering!V39+Submetering!X39+Submetering!Z39+Submetering!AB39+Submetering!AC39+Submetering!AE39)*0.05155)+((Submetering!F39+Submetering!H39+Submetering!J39+Submetering!L39+Submetering!N39+Submetering!P39+Submetering!R39+Submetering!T39+Submetering!V39+Submetering!X39+Submetering!Z39+Submetering!AB39+Submetering!AC39+Submetering!AE39)*0.02095)+(20/30)*15)*1.1048)/E39 -> 0.080477585 | G39: =Submetering!AK39+Submetering!AL39+Submetering!AU39 -> 1437.8858 | H39: 0.8166 | I39: =Submetering!AF39+Submetering!AG39+Submetering!AV39+Submetering!AY39+Submetering!AZ39 -> 6683.25 | J39: =((Submetering!AG39+Submetering!BA39)*0.8868+(1712.96+1070.52)/30+(Submetering!AF39+Submetering!AY39+Submetering!AV39+Submetering!AZ39)*1.1251+(2076.11+129.67+207.57+207.57)/30+(11680.53+56.61)/30)/I39 -> 1.3410749
A40: Orlando | B40: 31 | C40: 8 | D40: 2019 | E40: =Submetering!F40+Submetering!H40+Submetering!J40+Submetering!L40+Submetering!N40+Submetering!P40+Submetering!R40+Submetering!T40+Submetering!V40+Submetering!X40+Submetering!Z40+Submetering!AB40+Submetering!AC40+Submetering!AD40+Submetering!AE40 -> 372433 | F40: =((((Submetering!E40+Submetering!AD40)*0.13773+(Submetering!E40+Submetering!AD40)*0.02095)*1.09+(2.85/30)*2)+(((Submetering!F40+Submetering!H40+Submetering!J40+Submetering!L40+Submetering!N40+Submetering!P40+Submetering!R40+Submetering!T40+Submetering!V40+Submetering!X40+Submetering!Z40+Submetering!AB40+Submetering!AC40+Submetering!AE40)*0.05155)+((Submetering!F40+Submetering!H40+Submetering!J40+Submetering!L40+Submetering!N40+Submetering!P40+Submetering!R40+Submetering!T40+Submetering!V40+Submetering!X40+Submetering!Z40+Submetering!AB40+Submetering!AC40+Submetering!AE40)*0.02095)+(20/30)*15)*1.1048)/E40 -> 0.080508172 | G40: =Submetering!AK40+Submetering!AL40+Submetering!AU40 -> 1184.2738 | H40: 0.8166 | I40: =Submetering!AF40+Submetering!AG40+Submetering!AV40+Submetering!AY40+Submetering!AZ40 -> 4336.123 | J40: =((Submetering!AG40+Submetering!BA40)*0.8868+(1712.96+1070.52)/30+(Submetering!AF40+Submetering!AY40+Submetering!AV40+Submetering!AZ40)*1.1251+(2076.11+129.67+207.57+207.57)/30+(11680.53+56.61)/30)/I40 -> 1.2566232
A41: Orlando | B41: 8 | C41: 9 | D41: 2019 | E41: =Submetering!F41+Submetering!H41+Submetering!J41+Submetering!L41+Submetering!N41+Submetering!P41+Submetering!R41+Submetering!T41+Submetering!V41+Submetering!X41+Submetering!Z41+Submetering!AB41+Submetering!AC41+Submetering!AD41+Submetering!AE41 -> 408253 | F41: =((((Submetering!E41+Submetering!AD41)*0.13773+(Submetering!E41+Submetering!AD41)*0.02095)*1.09+(2.85/30)*2)+(((Submetering!F41+Submetering!H41+Submetering!J41+Submetering!L41+Submetering!N41+Submetering!P41+Submetering!R41+Submetering!T41+Submetering!V41+Submetering!X41+Submetering!Z41+Submetering!AB41+Submetering!AC41+Submetering!AE41)*0.05155)+((Submetering!F41+Submetering!H41+Submetering!J41+Submetering!L41+Submetering!N41+Submetering!P41+Submetering!R41+Submetering!T41+Submetering!V41+Submetering!X41+Submetering!Z41+Submetering!AB41+Submetering!AC41+Submetering!AE41)*0.02095)+(20/30)*15)*1.1048)/E41 -> 0.080454431 | G41: =Submetering!AK41+Submetering!AL41+Submetering!AU41 -> 1512.3582 | H41: 0.8166 | I41: =Submetering!AF41+Submetering!AG41+Submetering!AV41+Submetering!AY41+Submetering!AZ41 -> 5016.9728 | J41: =((Submetering!AG41+Submetering!BA41)*0.8868+(1712.96+1070.52)/30+(Submetering!AF41+Submetering!AY41+Submetering!AV41+Submetering!AZ41)*1.1251+(2076.11+129.67+207.57+207.57)/30+(11680.53+56.61)/30)/I41 -> 1.2718336 | K41: =Occupancy!H11 -> 9221.88
A42: Orlando | B42: 16 | C42: 9 | D42: 2019 | E42: =Submetering!F42+Submetering!H42+Submetering!J42+Submetering!L42+Submetering!N42+Submetering!P42+Submetering!R42+Submetering!T42+Submetering!V42+Submetering!X42+Submetering!Z42+Submetering!AB42+Submetering!AC42+Submetering!AD42+Submetering!AE42 -> 410811 | F42: =((((Submetering!E42+Submetering!AD42)*0.13773+(Submetering!E42+Submetering!AD42)*0.02095)*1.09+(2.85/30)*2)+(((Submetering!F42+Submetering!H42+Submetering!J42+Submetering!L42+Submetering!N42+Submetering!P42+Submetering!R42+Submetering!T42+Submetering!V42+Submetering!X42+Submetering!Z42+Submetering!AB42+Submetering!AC42+Submetering!AE42)*0.05155)+((Submetering!F42+Submetering!H42+Submetering!J42+Submetering!L42+Submetering!N42+Submetering!P42+Submetering!R42+Submetering!T42+Submetering!V42+Submetering!X42+Submetering!Z42+Submetering!AB42+Submetering!AC42+Submetering!AE42)*0.02095)+(20/30)*15)*1.1048)/E42 -> 0.080498011 | G42: =Submetering!AK42+Submetering!AL42+Submetering!AU42 -> 1610.7972 | H42: 0.8166 | I42: =Submetering!AF42+Submetering!AG42+Submetering!AV42+Submetering!AY42+Submetering!AZ42 -> 5903.889 | J42: =((Submetering!AG42+Submetering!BA42)*0.8868+(1712.96+1070.52)/30+(Submetering!AF42+Submetering!AY42+Submetering!AV42+Submetering!AZ42)*1.1251+(2076.11+129.67+207.57+207.57)/30+(11680.53+56.61)/30)/I42 -> 1.3755664
A43: Orlando | B43: 22 | C43: 9 | D43: 2019 | E43: =Submetering!F43+Submetering!H43+Submetering!J43+Submetering!L43+Submetering!N43+Submetering!P43+Submetering!R43+Submetering!T43+Submetering!V43+Submetering!X43+Submetering!Z43+Submetering!AB43+Submetering!AC43+Submetering!AD43+Submetering!AE43 -> 379844 | F43: =((((Submetering!E43+Submetering!AD43)*0.13773+(Submetering!E43+Submetering!AD43)*0.02095)*1.09+(2.85/30)*2)+(((Submetering!F43+Submetering!H43+Submetering!J43+Submetering!L43+Submetering!N43+Submetering!P43+Submetering!R43+Submetering!T43+Submetering!V43+Submetering!X43+Submetering!Z43+Submetering!AB43+Submetering!AC43+Submetering!AE43)*0.05155)+((Submetering!F43+Submetering!H43+Submetering!J43+Submetering!L43+Submetering!N43+Submetering!P43+Submetering!R43+Submetering!T43+Submetering!V43+Submetering!X43+Submetering!Z43+Submetering!AB43+Submetering!AC43+Submetering!AE43)*0.02095)+(20/30)*15)*1.1048)/E43 -> 0.080532098 | G43: =Submetering!AK43+Submetering!AL43+Submetering!AU43 -> 2347.6438 | H43: 0.8166 | I43: =Submetering!AF43+Submetering!AG43+Submetering!AV43+Submetering!AY43+Submetering!AZ43 -> 4833.22 | J43: =((Submetering!AG43+Submetering!BA43)*0.8868+(1712.96+1070.52)/30+(Submetering!AF43+Submetering!AY43+Submetering!AV43+Submetering!AZ43)*1.1251+(2076.11+129.67+207.57+207.57)/30+(11680.53+56.61)/30)/I43 -> 1.4193642
A44: Orlando | B44: 30 | C44: 9 | D44: 2019 | E44: =Submetering!F44+Submetering!H44+Submetering!J44+Submetering!L44+Submetering!N44+Submetering!P44+Submetering!R44+Submetering!T44+Submetering!V44+Submetering!X44+Submetering!Z44+Submetering!AB44+Submetering!AC44+Submetering!AD44+Submetering!AE44 -> 374526 | F44: =((((Submetering!E44+Submetering!AD44)*0.13773+(Submetering!E44+Submetering!AD44)*0.02095)*1.09+(2.85/30)*2)+(((Submetering!F44+Submetering!H44+Submetering!J44+Submetering!L44+Submetering!N44+Submetering!P44+Submetering!R44+Submetering!T44+Submetering!V44+Submetering!X44+Submetering!Z44+Submetering!AB44+Submetering!AC44+Submetering!AE44)*0.05155)+((Submetering!F44+Submetering!H44+Submetering!J44+Submetering!L44+Submetering!N44+Submetering!P44+Submetering!R44+Submetering!T44+Submetering!V44+Submetering!X44+Submetering!Z44+Submetering!AB44+Submetering!AC44+Submetering!AE44)*0.02095)+(20/30)*15)*1.1048)/E44 -> 0.080542915 | G44: =Submetering!AK44+Submetering!AL44+Submetering!AU44 -> 2369.68 | H44: 0.8166 | I44: =Submetering!AF44+Submetering!AG44+Submetering!AV44+Submetering!AY44+Submetering!AZ44 -> 6133.485 | J44: =((Submetering!AG44+Submetering!BA44)*0.8868+(1712.96+1070.52)/30+(Submetering!AF44+Submetering!AY44+Submetering!AV44+Submetering!AZ44)*1.1251+(2076.11+129.67+207.57+207.57)/30+(11680.53+56.61)/30)/I44 -> 1.425378
A45: Orlando | B45: 6 | C45: 10 | D45: 2019 | E45: =Submetering!F45+Submetering!H45+Submetering!J45+Submetering!L45+Submetering!N45+Submetering!P45+Submetering!R45+Submetering!T45+Submetering!V45+Submetering!X45+Submetering!Z45+Submetering!AB45+Submetering!AC45+Submetering!AD45+Submetering!AE45 -> 379269 | F45: =((((Submetering!E45+Submetering!AD45)*0.13773+(Submetering!E45+Submetering!AD45)*0.02095)*1.09+(2.85/30)*2)+(((Submetering!F45+Submetering!H45+Submetering!J45+Submetering!L45+Submetering!N45+Submetering!P45+Submetering!R45+Submetering!T45+Submetering!V45+Submetering!X45+Submetering!Z45+Submetering!AB45+Submetering!AC45+Submetering!AE45)*0.05155)+((Submetering!F45+Submetering!H45+Submetering!J45+Submetering!L45+Submetering!N45+Submetering!P45+Submetering!R45+Submetering!T45+Submetering!V45+Submetering!X45+Submetering!Z45+Submetering!AB45+Submetering!AC45+Submetering!AE45)*0.02095)+(20/30)*15)*1.1048)/E45 -> 0.080569291 | G45: =Submetering!AK45+Submetering!AL45+Submetering!AU45 -> 2373.2406 | H45: 0.8166 | I45: =Submetering!AF45+Submetering!AG45+Submetering!AV45+Submetering!AY45+Submetering!AZ45 -> 5303.7626 | J45: =((Submetering!AG45+Submetering!BA45)*0.8868+(1712.96+1070.52)/30+(Submetering!AF45+Submetering!AY45+Submetering!AV45+Submetering!AZ45)*1.1251+(2076.11+129.67+207.57+207.57)/30+(11680.53+56.61)/30)/I45 -> 1.3571069
A46: Orlando | B46: 13 | C46: 10 | D46: 2019 | E46: =Submetering!F46+Submetering!H46+Submetering!J46+Submetering!L46+Submetering!N46+Submetering!P46+Submetering!R46+Submetering!T46+Submetering!V46+Submetering!X46+Submetering!Z46+Submetering!AB46+Submetering!AC46+Submetering!AD46+Submetering!AE46 -> 360173 | F46: =((((Submetering!E46+Submetering!AD46)*0.13773+(Submetering!E46+Submetering!AD46)*0.02095)*1.09+(2.85/30)*2)+(((Submetering!F46+Submetering!H46+Submetering!J46+Submetering!L46+Submetering!N46+Submetering!P46+Submetering!R46+Submetering!T46+Submetering!V46+Submetering!X46+Submetering!Z46+Submetering!AB46+Submetering!AC46+Submetering!AE46)*0.05155)+((Submetering!F46+Submetering!H46+Submetering!J46+Submetering!L46+Submetering!N46+Submetering!P46+Submetering!R46+Submetering!T46+Submetering!V46+Submetering!X46+Submetering!Z46+Submetering!AB46+Submetering!AC46+Submetering!AE46)*0.02095)+(20/30)*15)*1.1048)/E46 -> 0.080541114 | G46: =Submetering!AK46+Submetering!AL46+Submetering!AU46 -> 3453.4856 | H46: 0.8166 | I46: =Submetering!AF46+Submetering!AG46+Submetering!AV46+Submetering!AY46+Submetering!AZ46 -> 5509.4604 | J46: =((Submetering!AG46+Submetering!BA46)*0.8868+(1712.96+1070.52)/30+(Submetering!AF46+Submetering!AY46+Submetering!AV46+Submetering!AZ46)*1.1251+(2076.11+129.67+207.57+207.57)/30+(11680.53+56.61)/30)/I46 -> 1.2919718
A47: Orlando | B47: 20 | C47: 10 | D47: 2019 | E47: =Submetering!F47+Submetering!H47+Submetering!J47+Submetering!L47+Submetering!N47+Submetering!P47+Submetering!R47+Submetering!T47+Submetering!V47+Submetering!X47+Submetering!Z47+Submetering!AB47+Submetering!AC47+Submetering!AD47+Submetering!AE47 -> 369065 | F47: =((((Submetering!E47+Submetering!AD47)*0.13773+(Submetering!E47+Submetering!AD47)*0.02095)*1.09+(2.85/30)*2)+(((Submetering!F47+Submetering!H47+Submetering!J47+Submetering!L47+Submetering!N47+Submetering!P47+Submetering!R47+Submetering!T47+Submetering!V47+Submetering!X47+Submetering!Z47+Submetering!AB47+Submetering!AC47+Submetering!AE47)*0.05155)+((Submetering!F47+Submetering!H47+Submetering!J47+Submetering!L47+Submetering!N47+Submetering!P47+Submetering!R47+Submetering!T47+Submetering!V47+Submetering!X47+Submetering!Z47+Submetering!AB47+Submetering!AC47+Submetering!AE47)*0.02095)+(20/30)*15)*1.1048)/E47 -> 0.080551366 | G47: =Submetering!AK47+Submetering!AL47+Submetering!AU47 -> 3196.6626 | H47: 0.8166 | I47: =Submetering!AF47+Submetering!AG47+Submetering!AV47+Submetering!AY47+Submetering!AZ47 -> 5893.6708 | J47: =((Submetering!AG47+Submetering!BA47)*0.8868+(1712.96+1070.52)/30+(Submetering!AF47+Submetering!AY47+Submetering!AV47+Submetering!AZ47)*1.1251+(2076.11+129.67+207.57+207.57)/30+(11680.53+56.61)/30)/I47 -> 1.3075381
A48: Orlando | B48: 27 | C48: 10 | D48: 2019 | E48: =Submetering!F48+Submetering!H48+Submetering!J48+Submetering!L48+Submetering!N48+Submetering!P48+Submetering!R48+Submetering!T48+Submetering!V48+Submetering!X48+Submetering!Z48+Submetering!AB48+Submetering!AC48+Submetering!AD48+Submetering!AE48 -> 377210 | F48: =((((Submetering!E48+Submetering!AD48)*0.13773+(Submetering!E48+Submetering!AD48)*0.02095)*1.09+(2.85/30)*2)+(((Submetering!F48+Submetering!H48+Submetering!J48+Submetering!L48+Submetering!N48+Submetering!P48+Submetering!R48+Submetering!T48+Submetering!V48+Submetering!X48+Submetering!Z48+Submetering!AB48+Submetering!AC48+Submetering!AE48)*0.05155)+((Submetering!F48+Submetering!H48+Submetering!J48+Submetering!L48+Submetering!N48+Submetering!P48+Submetering!R48+Submetering!T48+Submetering!V48+Submetering!X48+Submetering!Z48+Submetering!AB48+Submetering!AC48+Submetering!AE48)*0.02095)+(20/30)*15)*1.1048)/E48 -> 0.080558955 | G48: =Submetering!AK48+Submetering!AL48+Submetering!AU48 -> 2573.4702 | H48: 0.8166 | I48: =Submetering!AF48+Submetering!AG48+Submetering!AV48+Submetering!AY48+Submetering!AZ48 -> 5127.9632 | J48: =((Submetering!AG48+Submetering!BA48)*0.8868+(1712.96+1070.52)/30+(Submetering!AF48+Submetering!AY48+Submetering!AV48+Submetering!AZ48)*1.1251+(2076.11+129.67+207.57+207.57)/30+(11680.53+56.61)/30)/I48 -> 1.2306267
A49: Orlando | B49: 31 | C49: 10 | D49: 2019 | E49: =Submetering!F49+Submetering!H49+Submetering!J49+Submetering!L49+Submetering!N49+Submetering!P49+Submetering!R49+Submetering!T49+Submetering!V49+Submetering!X49+Submetering!Z49+Submetering!AB49+Submetering!AC49+Submetering!AD49+Submetering!AE49 -> 211682 | F49: =((((Submetering!E49+Submetering!AD49)*0.13773+(Submetering!E49+Submetering!AD49)*0.02095)*1.09+(2.85/30)*2)+(((Submetering!F49+Submetering!H49+Submetering!J49+Submetering!L49+Submetering!N49+Submetering!P49+Submetering!R49+Submetering!T49+Submetering!V49+Submetering!X49+Submetering!Z49+Submetering!AB49+Submetering!AC49+Submetering!AE49)*0.05155)+((Submetering!F49+Submetering!H49+Submetering!J49+Submetering!L49+Submetering!N49+Submetering!P49+Submetering!R49+Submetering!T49+Submetering!V49+Submetering!X49+Submetering!Z49+Submetering!AB49+Submetering!AC49+Submetering!AE49)*0.02095)+(20/30)*15)*1.1048)/E49 -> 0.080595796 | G49: =Submetering!AK49+Submetering!AL49+Submetering!AU49 -> 916.8032 | H49: 0.8166 | I49: =Submetering!AF49+Submetering!AG49+Submetering!AV49+Submetering!AY49+Submetering!AZ49 -> 3626.416 | J49: =((Submetering!AG49+Submetering!BA49)*0.8868+(1712.96+1070.52)/30+(Submetering!AF49+Submetering!AY49+Submetering!AV49+Submetering!AZ49)*1.1251+(2076.11+129.67+207.57+207.57)/30+(11680.53+56.61)/30)/I49 -> 1.2683723
A50: Orlando | B50: 3 | C50: 11 | D50: 2019 | E50: =Submetering!F50+Submetering!H50+Submetering!J50+Submetering!L50+Submetering!N50+Submetering!P50+Submetering!R50+Submetering!T50+Submetering!V50+Submetering!X50+Submetering!Z50+Submetering!AB50+Submetering!AC50+Submetering!AD50+Submetering!AE50 -> 148533 | F50: =((((Submetering!E50+Submetering!AD50)*0.13773+(Submetering!E50+Submetering!AD50)*0.02095)*1.09+(2.85/30)*2)+(((Submetering!F50+Submetering!H50+Submetering!J50+Submetering!L50+Submetering!N50+Submetering!P50+Submetering!R50+Submetering!T50+Submetering!V50+Submetering!X50+Submetering!Z50+Submetering!AB50+Submetering!AC50+Submetering!AE50)*0.05155)+((Submetering!F50+Submetering!H50+Submetering!J50+Submetering!L50+Submetering!N50+Submetering!P50+Submetering!R50+Submetering!T50+Submetering!V50+Submetering!X50+Submetering!Z50+Submetering!AB50+Submetering!AC50+Submetering!AE50)*0.02095)+(20/30)*15)*1.1048)/E50 -> 0.080612111 | G50: =Submetering!AK50+Submetering!AL50+Submetering!AU50 -> 1982.6728 | H50: 0.8166 | I50: =Submetering!AF50+Submetering!AG50+Submetering!AV50+Submetering!AY50+Submetering!AZ50 -> 2322.2788 | J50: =((Submetering!AG50+Submetering!BA50)*0.8868+(1712.96+1070.52)/30+(Submetering!AF50+Submetering!AY50+Submetering!AV50+Submetering!AZ50)*1.1251+(2076.11+129.67+207.57+207.57)/30+(11680.53+56.61)/30)/I50 -> 1.3493624 | K50: =Occupancy!H13 -> 10061.484
A51: Orlando | B51: 10 | C51: 11 | D51: 2019 | E51: =Submetering!F51+Submetering!H51+Submetering!J51+Submetering!L51+Submetering!N51+Submetering!P51+Submetering!R51+Submetering!T51+Submetering!V51+Submetering!X51+Submetering!Z51+Submetering!AB51+Submetering!AC51+Submetering!AD51+Submetering!AE51 -> 354590 | F51: =((((Submetering!E51+Submetering!AD51)*0.13773+(Submetering!E51+Submetering!AD51)*0.02095)*1.09+(2.85/30)*2)+(((Submetering!F51+Submetering!H51+Submetering!J51+Submetering!L51+Submetering!N51+Submetering!P51+Submetering!R51+Submetering!T51+Submetering!V51+Submetering!X51+Submetering!Z51+Submetering!AB51+Submetering!AC51+Submetering!AE51)*0.05155)+((Submetering!F51+Submetering!H51+Submetering!J51+Submetering!L51+Submetering!N51+Submetering!P51+Submetering!R51+Submetering!T51+Submetering!V51+Submetering!X51+Submetering!Z51+Submetering!AB51+Submetering!AC51+Submetering!AE51)*0.02095)+(20/30)*15)*1.1048)/E51 -> 0.080605664 | G51: =Submetering!AK51+Submetering!AL51+Submetering!AU51 -> 4073.4404 | H51: 0.8166 | I51: =Submetering!AF51+Submetering!AG51+Submetering!AV51+Submetering!AY51+Submetering!AZ51 -> 4993.1126 | J51: =((Submetering!AG51+Submetering!BA51)*0.8868+(1712.96+1070.52)/30+(Submetering!AF51+Submetering!AY51+Submetering!AV51+Submetering!AZ51)*1.1251+(2076.11+129.67+207.57+207.57)/30+(11680.53+56.61)/30)/I51 -> 1.2506123
A52: Orlando | B52: 17 | C52: 11 | D52: 2019 | E52: =Submetering!F52+Submetering!H52+Submetering!J52+Submetering!L52+Submetering!N52+Submetering!P52+Submetering!R52+Submetering!T52+Submetering!V52+Submetering!X52+Submetering!Z52+Submetering!AB52+Submetering!AC52+Submetering!AD52+Submetering!AE52 -> 319289 | F52: =((((Submetering!E52+Submetering!AD52)*0.13773+(Submetering!E52+Submetering!AD52)*0.02095)*1.09+(2.85/30)*2)+(((Submetering!F52+Submetering!H52+Submetering!J52+Submetering!L52+Submetering!N52+Submetering!P52+Submetering!R52+Submetering!T52+Submetering!V52+Submetering!X52+Submetering!Z52+Submetering!AB52+Submetering!AC52+Submetering!AE52)*0.05155)+((Submetering!F52+Submetering!H52+Submetering!J52+Submetering!L52+Submetering!N52+Submetering!P52+Submetering!R52+Submetering!T52+Submetering!V52+Submetering!X52+Submetering!Z52+Submetering!AB52+Submetering!AC52+Submetering!AE52)*0.02095)+(20/30)*15)*1.1048)/E52 -> 0.080678552 | G52: =Submetering!AK52+Submetering!AL52+Submetering!AU52 -> 6788.9394 | H52: 0.8166 | I52: =Submetering!AF52+Submetering!AG52+Submetering!AV52+Submetering!AY52+Submetering!AZ52 -> 5037.698 | J52: =((Submetering!AG52+Submetering!BA52)*0.8868+(1712.96+1070.52)/30+(Submetering!AF52+Submetering!AY52+Submetering!AV52+Submetering!AZ52)*1.1251+(2076.11+129.67+207.57+207.57)/30+(11680.53+56.61)/30)/I52 -> 1.2864892
A53: Orlando | B53: 24 | C53: 11 | D53: 2019 | E53: =Submetering!F53+Submetering!H53+Submetering!J53+Submetering!L53+Submetering!N53+Submetering!P53+Submetering!R53+Submetering!T53+Submetering!V53+Submetering!X53+Submetering!Z53+Submetering!AB53+Submetering!AC53+Submetering!AD53+Submetering!AE53 -> 294671 | F53: =((((Submetering!E53+Submetering!AD53)*0.13773+(Submetering!E53+Submetering!AD53)*0.02095)*1.09+(2.85/30)*2)+(((Submetering!F53+Submetering!H53+Submetering!J53+Submetering!L53+Submetering!N53+Submetering!P53+Submetering!R53+Submetering!T53+Submetering!V53+Submetering!X53+Submetering!Z53+Submetering!AB53+Submetering!AC53+Submetering!AE53)*0.05155)+((Submetering!F53+Submetering!H53+Submetering!J53+Submetering!L53+Submetering!N53+Submetering!P53+Submetering!R53+Submetering!T53+Submetering!V53+Submetering!X53+Submetering!Z53+Submetering!AB53+Submetering!AC53+Submetering!AE53)*0.02095)+(20/30)*15)*1.1048)/E53 -> 0.080740877 | G53: =Submetering!AK53+Submetering!AL53+Submetering!AU53 -> 7173.3588 | H53: 0.8166 | I53: =Submetering!AF53+Submetering!AG53+Submetering!AV53+Submetering!AY53+Submetering!AZ53 -> 4993.0632 | J53: =((Submetering!AG53+Submetering!BA53)*0.8868+(1712.96+1070.52)/30+(Submetering!AF53+Submetering!AY53+Submetering!AV53+Submetering!AZ53)*1.1251+(2076.11+129.67+207.57+207.57)/30+(11680.53+56.61)/30)/I53 -> 1.4030812
A54: Orlando | B54: 30 | C54: 11 | D54: 2019 | E54: =Submetering!F54+Submetering!H54+Submetering!J54+Submetering!L54+Submetering!N54+Submetering!P54+Submetering!R54+Submetering!T54+Submetering!V54+Submetering!X54+Submetering!Z54+Submetering!AB54+Submetering!AC54+Submetering!AD54+Submetering!AE54 -> 290267 | F54: =((((Submetering!E54+Submetering!AD54)*0.13773+(Submetering!E54+Submetering!AD54)*0.02095)*1.09+(2.85/30)*2)+(((Submetering!F54+Submetering!H54+Submetering!J54+Submetering!L54+Submetering!N54+Submetering!P54+Submetering!R54+Submetering!T54+Submetering!V54+Submetering!X54+Submetering!Z54+Submetering!AB54+Submetering!AC54+Submetering!AE54)*0.05155)+((Submetering!F54+Submetering!H54+Submetering!J54+Submetering!L54+Submetering!N54+Submetering!P54+Submetering!R54+Submetering!T54+Submetering!V54+Submetering!X54+Submetering!Z54+Submetering!AB54+Submetering!AC54+Submetering!AE54)*0.02095)+(20/30)*15)*1.1048)/E54 -> 0.080727176 | G54: =Submetering!AK54+Submetering!AL54+Submetering!AU54 -> 6544.1168 | H54: 0.8166 | I54: =Submetering!AF54+Submetering!AG54+Submetering!AV54+Submetering!AY54+Submetering!AZ54 -> 5867.6446 | J54: =((Submetering!AG54+Submetering!BA54)*0.8868+(1712.96+1070.52)/30+(Submetering!AF54+Submetering!AY54+Submetering!AV54+Submetering!AZ54)*1.1251+(2076.11+129.67+207.57+207.57)/30+(11680.53+56.61)/30)/I54 -> 1.3168726
A55: Orlando | B55: 8 | C55: 12 | D55: 2019 | E55: =Submetering!F55+Submetering!H55+Submetering!J55+Submetering!L55+Submetering!N55+Submetering!P55+Submetering!R55+Submetering!T55+Submetering!V55+Submetering!X55+Submetering!Z55+Submetering!AB55+Submetering!AC55+Submetering!AD55+Submetering!AE55 -> 290611 | F55: =((((Submetering!E55+Submetering!AD55)*0.13773+(Submetering!E55+Submetering!AD55)*0.02095)*1.09+(2.85/30)*2)+(((Submetering!F55+Submetering!H55+Submetering!J55+Submetering!L55+Submetering!N55+Submetering!P55+Submetering!R55+Submetering!T55+Submetering!V55+Submetering!X55+Submetering!Z55+Submetering!AB55+Submetering!AC55+Submetering!AE55)*0.05155)+((Submetering!F55+Submetering!H55+Submetering!J55+Submetering!L55+Submetering!N55+Submetering!P55+Submetering!R55+Submetering!T55+Submetering!V55+Submetering!X55+Submetering!Z55+Submetering!AB55+Submetering!AC55+Submetering!AE55)*0.02095)+(20/30)*15)*1.1048)/E55 -> 0.08072727 | G55: =Submetering!AK55+Submetering!AL55+Submetering!AU55 -> 8382.1654 | H55: 0.8166 | I55: =Submetering!AF55+Submetering!AG55+Submetering!AV55+Submetering!AY55+Submetering!AZ55 -> 4470.4112 | J55: =((Submetering!AG55+Submetering!BA55)*0.8868+(1712.96+1070.52)/30+(Submetering!AF55+Submetering!AY55+Submetering!AV55+Submetering!AZ55)*1.1251+(2076.11+129.67+207.57+207.57)/30+(11680.53+56.61)/30)/I55 -> 1.3868172
A56: Orlando | B56: 15 | C56: 12 | D56: 2019 | E56: =Submetering!F56+Submetering!H56+Submetering!J56+Submetering!L56+Submetering!N56+Submetering!P56+Submetering!R56+Submetering!T56+Submetering!V56+Submetering!X56+Submetering!Z56+Submetering!AB56+Submetering!AC56+Submetering!AD56+Submetering!AE56 -> 311899 | F56: =((((Submetering!E56+Submetering!AD56)*0.13773+(Submetering!E56+Submetering!AD56)*0.02095)*1.09+(2.85/30)*2)+(((Submetering!F56+Submetering!H56+Submetering!J56+Submetering!L56+Submetering!N56+Submetering!P56+Submetering!R56+Submetering!T56+Submetering!V56+Submetering!X56+Submetering!Z56+Submetering!AB56+Submetering!AC56+Submetering!AE56)*0.05155)+((Submetering!F56+Submetering!H56+Submetering!J56+Submetering!L56+Submetering!N56+Submetering!P56+Submetering!R56+Submetering!T56+Submetering!V56+Submetering!X56+Submetering!Z56+Submetering!AB56+Submetering!AC56+Submetering!AE56)*0.02095)+(20/30)*15)*1.1048)/E56 -> 0.080694876 | G56: =Submetering!AK56+Submetering!AL56+Submetering!AU56 -> 5633.348 | H56: 0.8166 | I56: =Submetering!AF56+Submetering!AG56+Submetering!AV56+Submetering!AY56+Submetering!AZ56 -> 4345.8966 | J56: =((Submetering!AG56+Submetering!BA56)*0.8868+(1712.96+1070.52)/30+(Submetering!AF56+Submetering!AY56+Submetering!AV56+Submetering!AZ56)*1.1251+(2076.11+129.67+207.57+207.57)/30+(11680.53+56.61)/30)/I56 -> 1.2647091 | K56: =Occupancy!H14 -> 9750.24
A57: Orlando | B57: 22 | C57: 12 | D57: 2019 | E57: =Submetering!F57+Submetering!H57+Submetering!J57+Submetering!L57+Submetering!N57+Submetering!P57+Submetering!R57+Submetering!T57+Submetering!V57+Submetering!X57+Submetering!Z57+Submetering!AB57+Submetering!AC57+Submetering!AD57+Submetering!AE57 -> 314093 | F57: =((((Submetering!E57+Submetering!AD57)*0.13773+(Submetering!E57+Submetering!AD57)*0.02095)*1.09+(2.85/30)*2)+(((Submetering!F57+Submetering!H57+Submetering!J57+Submetering!L57+Submetering!N57+Submetering!P57+Submetering!R57+Submetering!T57+Submetering!V57+Submetering!X57+Submetering!Z57+Submetering!AB57+Submetering!AC57+Submetering!AE57)*0.05155)+((Submetering!F57+Submetering!H57+Submetering!J57+Submetering!L57+Submetering!N57+Submetering!P57+Submetering!R57+Submetering!T57+Submetering!V57+Submetering!X57+Submetering!Z57+Submetering!AB57+Submetering!AC57+Submetering!AE57)*0.02095)+(20/30)*15)*1.1048)/E57 -> 0.080705715 | G57: =Submetering!AK57+Submetering!AL57+Submetering!AU57 -> 7054.491 | H57: 0.8166 | I57: =Submetering!AF57+Submetering!AG57+Submetering!AV57+Submetering!AY57+Submetering!AZ57 -> 3951.6162 | J57: =((Submetering!AG57+Submetering!BA57)*0.8868+(1712.96+1070.52)/30+(Submetering!AF57+Submetering!AY57+Submetering!AV57+Submetering!AZ57)*1.1251+(2076.11+129.67+207.57+207.57)/30+(11680.53+56.61)/30)/I57 -> 1.2758426
A58: Orlando | B58: 29 | C58: 12 | D58: 2019 | E58: =Submetering!F58+Submetering!H58+Submetering!J58+Submetering!L58+Submetering!N58+Submetering!P58+Submetering!R58+Submetering!T58+Submetering!V58+Submetering!X58+Submetering!Z58+Submetering!AB58+Submetering!AC58+Submetering!AD58+Submetering!AE58 -> 314763 | F58: =((((Submetering!E58+Submetering!AD58)*0.13773+(Submetering!E58+Submetering!AD58)*0.02095)*1.09+(2.85/30)*2)+(((Submetering!F58+Submetering!H58+Submetering!J58+Submetering!L58+Submetering!N58+Submetering!P58+Submetering!R58+Submetering!T58+Submetering!V58+Submetering!X58+Submetering!Z58+Submetering!AB58+Submetering!AC58+Submetering!AE58)*0.05155)+((Submetering!F58+Submetering!H58+Submetering!J58+Submetering!L58+Submetering!N58+Submetering!P58+Submetering!R58+Submetering!T58+Submetering!V58+Submetering!X58+Submetering!Z58+Submetering!AB58+Submetering!AC58+Submetering!AE58)*0.02095)+(20/30)*15)*1.1048)/E58 -> 0.080691724 | G58: =Submetering!AK58+Submetering!AL58+Submetering!AU58 -> 6112.8548 | H58: 0.8166 | I58: =Submetering!AF58+Submetering!AG58+Submetering!AV58+Submetering!AY58+Submetering!AZ58 -> 4241.3358 | J58: =((Submetering!AG58+Submetering!BA58)*0.8868+(1712.96+1070.52)/30+(Submetering!AF58+Submetering!AY58+Submetering!AV58+Submetering!AZ58)*1.1251+(2076.11+129.67+207.57+207.57)/30+(11680.53+56.61)/30)/I58 -> 1.2623918
A59: Orlando | B59: 31 | C59: 12 | D59: 2019 | E59: =Submetering!F59+Submetering!H59+Submetering!J59+Submetering!L59+Submetering!N59+Submetering!P59+Submetering!R59+Submetering!T59+Submetering!V59+Submetering!X59+Submetering!Z59+Submetering!AB59+Submetering!AC59+Submetering!AD59+Submetering!AE59 -> 65217 | F59: =((((Submetering!E59+Submetering!AD59)*0.13773+(Submetering!E59+Submetering!AD59)*0.02095)*1.09+(2.85/30)*2)+(((Submetering!F59+Submetering!H59+Submetering!J59+Submetering!L59+Submetering!N59+Submetering!P59+Submetering!R59+Submetering!T59+Submetering!V59+Submetering!X59+Submetering!Z59+Submetering!AB59+Submetering!AC59+Submetering!AE59)*0.05155)+((Submetering!F59+Submetering!H59+Submetering!J59+Submetering!L59+Submetering!N59+Submetering!P59+Submetering!R59+Submetering!T59+Submetering!V59+Submetering!X59+Submetering!Z59+Submetering!AB59+Submetering!AC59+Submetering!AE59)*0.02095)+(20/30)*15)*1.1048)/E59 -> 0.080887643 | G59: =Submetering!AK59+Submetering!AL59+Submetering!AU59 -> 651.4188 | H59: 0.8166 | I59: =Submetering!AF59+Submetering!AG59+Submetering!AV59+Submetering!AY59+Submetering!AZ59 -> 911.5364 | J59: =((Submetering!AG59+Submetering!BA59)*0.8868+(1712.96+1070.52)/30+(Submetering!AF59+Submetering!AY59+Submetering!AV59+Submetering!AZ59)*1.1251+(2076.11+129.67+207.57+207.57)/30+(11680.53+56.61)/30)/I59 -> 1.7567576

Sheet Submetering
A1: Site Name | B1: Day | C1: Month | D1: Year | E1: 90 630 431 (KWh) | F1: 68 425 010 (KWh) | G1: T2392 (KWh) | H1: 68 425 008 (KWh) | I1: T7384 (KWh) | J1: 68 425 060 (KWh) | K1: T7380 (KWh) | L1: 68 425 097 (KWh) | M1: T7281 (KWh) | N1: 68 425 059 (KWh) | O1: T2390 (KWh) | P1: 68 425 077 (KWh) | Q1: T2395 (KWh) | R1: 68 425 078 (KWh) | S1: T2393 (KWh) | T1: 68 425 071 (KWh) | U1: T7285 (KWh) | V1: 68 425 093 (KWh) | W1: T7382 (KWh) | X1: 68 425 094 (KWh) | Y1: T2391 (KWh) | Z1: 90 625 242 (KWh) | AA1: T7283 (KWh) | AB1: 672 73 163 (KWh) | AC1: 676 62 513 (KWh) | AD1: 61 979 920 (KWh) | AE1: 56 253 208 (KWh) | AF1: Domestic Water from RCES 74860172 (m3) | AG1: Re-use Water from RCES 74860173 (m3) | AH1: Building A Fire Sprinkler System Make-up 44553004 (m3) | AI1: Building A Potable Water Feed 70275191 (m3) | AJ1: Steam Boilers Make-up Water 2130521 (m3) | AK1: Resort Natural Gas Meter 12C004186-C1 (m3) | AL1: Out Buildings Natural Gas Meter 93477704 (m3) | AM1: Cooling Tower Make-up Water 79177804 (m3) | AN1: Cooling Tower Blowdown Line Deduct 79305675 (m3) | AO1: Building E Potable Water Meter 79190041 (m3) | AP1: 7919004D | AQ1: Building J Irrigation Water Meter 79190039 (m3) | AR1: Lazy Pool River Make-up Water 79324776 (m3) | AS1: Pool Hydraunic Boiler Water Make-up 112014001775 (m3) | AT1: SPA Jacuzzi Water Make-up 112014001771 (m3) | AU1: Golf Clubhouse Natural Gas Meter 82SJ729151 (m3) | AV1: 73337589 - 1387142 | AW1: Golf Clubhouse Flushing Valve Deduct 65956268 (m3) | AX1: Clubhouse | AY1: Golf Maintenance Facility 1334021 (m3) | AZ1: Golf Course Comfort Stations 63265094 (m3) | BA1: Golf Course Re-use Irrigation 67327447 (m3)
A2: Orlando | B2: 1 | C2: 1 | D2: 2019 | E2: =Elect!AW4 -> 0 | F2: =Elect!I4 -> 55360 | G2: =Elect!H4 -> 2.219 | H2: =Elect!E4 -> 54240 | I2: =Elect!D4 -> 2.115 | J2: =Elect!Y4 -> 57300 | K2: =Elect!X4 -> 1.053 | L2: =Elect!AS4 -> 2200 | M2: =Elect!AR4 -> 0.379 | N2: =Elect!AC4 -> 53400 | O2: =Elect!AB4 -> 0.54 | P2: =Elect!Q4 -> 14800 | Q2: =Elect!P4 -> 2.62 | R2: =Elect!M4 -> 14400 | S2: =Elect!L4 -> 2.21 | T2: =Elect!U4 -> 16000 | U2: =Elect!T4 -> 2.47 | V2: =Elect!AG4 -> 7680 | W2: =Elect!AF4 -> 3.08 | X2: =Elect!AK4 -> 4640 | Y2: =Elect!AJ4 -> 1.89 | Z2: =Elect!AO4 -> 64800 | AA2: =Elect!AN4 -> 2.115 | AB2: =Elect!BJ4 -> 1700 | AC2: =Elect!BG4 -> 15200 | AD2: =Elect!BM4 -> 895 | AE2: =Elect!BP4 -> 600 | AF2: ='Wtr-Gas'!E4 -> 0 | AG2: ='Wtr-Gas'!H4 -> 0 | AH2: ='Wtr-Gas'!K4 -> 0 | AI2: ='Wtr-Gas'!N4 -> 0 | AJ2: ='Wtr-Gas'!Q4 -> 0 | AK2: ='Wtr-Gas'!U4 -> 0 | AL2: ='Wtr-Gas'!X4 -> 0 | AM2: ='Wtr-Gas'!AB4 -> 0 | AN2: ='Wtr-Gas'!AD4 -> 0 | AO2: ='Wtr-Gas'!AF4 -> 0 | AP2: ='Wtr-Gas'!AH4 -> 0 | AQ2: ='Wtr-Gas'!AJ4 -> 0 | AR2: ='Wtr-Gas'!AL4 -> 0 | AS2: ='Wtr-Gas'!AN4 -> 0 | AT2: ='Wtr-Gas'!AP4 -> 0 | AU2: ='Wtr-Gas'!AT4 -> 0 | AV2: ='Wtr-Gas'!AW4 -> 0 | AW2: ='Wtr-Gas'!AY4 -> 0 | AX2: ='Wtr-Gas'!AZ4 -> 0 | AY2: ='Wtr-Gas'!BB4 -> 0 | AZ2: ='Wtr-Gas'!BD4 -> 0 | BA2: ='Wtr-Gas'!BF4 -> 0
A3: Orlando | B3: 13 | C3: 1 | D3: 2019 | E3: =Elect!AW5 -> 0 | F3: =Elect!I5 -> 141280 | G3: =Elect!H5 -> 2.433 | H3: =Elect!E5 -> 137600 | I3: =Elect!D5 -> 2.115 | J3: =Elect!Y5 -> 115200 | K3: =Elect!X5 -> 1.733 | L3: =Elect!AS5 -> 5760 | M3: =Elect!AR5 -> 0.401 | N3: =Elect!AC5 -> 145200 | O3: =Elect!AB5 -> 1.622 | P3: =Elect!Q5 -> 37200 | Q3: =Elect!P5 -> 2.72 | R3: =Elect!M5 -> 37600 | S3: =Elect!L5 -> 2.65 | T3: =Elect!U5 -> 39600 | U3: =Elect!T5 -> 2.73 | V3: =Elect!AG5 -> 22400 | W3: =Elect!AF5 -> 5.48 | X3: =Elect!AK5 -> 2080 | Y3: =Elect!AJ5 -> 3.22 | Z3: =Elect!AO5 -> 169400 | AA3: =Elect!AN5 -> 2.289 | AB3: =Elect!BJ5 -> 2100 | AC3: =Elect!BG5 -> 16600 | AD3: =Elect!BM5 -> 1010 | AE3: =Elect!BP5 -> 2000 | AF3: =('Wtr-Gas'!E5)*0.0038 -> 14504.144 | AG3: =('Wtr-Gas'!H5)*0.0038 -> 420.66 | AH3: ='Wtr-Gas'!K5*0.0038 -> 17.48 | AI3: ='Wtr-Gas'!N5*0.0038 -> 10624.8 | AJ3: ='Wtr-Gas'!Q5*0.0038 -> 0 | AK3: ='Wtr-Gas'!U5*0.0038 -> 1677.7 | AL3: ='Wtr-Gas'!X5*0.0038 -> 17283.54 | AM3: ='Wtr-Gas'!AB5*0.0038 -> 5285.8 | AN3: ='Wtr-Gas'!AD5*0.0038 -> 41022.178 | AO3: ='Wtr-Gas'!AF5*0.0038 -> 6140.8 | AP3: ='Wtr-Gas'!AH5*0.0038 -> 122010.4 | AQ3: ='Wtr-Gas'!AJ5*0.0038 -> 112.1076 | AR3: ='Wtr-Gas'!AL5*0.0038 -> 1326.2 | AS3: ='Wtr-Gas'!AN5*0.0038 -> 1.444 | AT3: ='Wtr-Gas'!AP5*0.0038 -> 3.99 | AU3: ='Wtr-Gas'!AT5*0.0038 -> 0.6118 | AV3: ='Wtr-Gas'!AW5*0.0038 -> 280.7364 | AW3: ='Wtr-Gas'!AY5*0.0038 -> 7.03 | AX3: ='Wtr-Gas'!AZ5*0.0038 -> 273.7064 | AY3: ='Wtr-Gas'!BB5*0.0038 -> 36.48 | AZ3: ='Wtr-Gas'!BD5*0.0038 -> 2.66 | BA3: ='Wtr-Gas'!BF5*0.0038 -> 271.9166
A4: Orlando | B4: 21 | C4: 1 | D4: 2019 | E4: =Elect!AW6 -> 0 | F4: =Elect!I6 -> 46880 | G4: =Elect!H6 -> 2.433 | H4: =Elect!E6 -> 46400 | I4: =Elect!D6 -> 2.18 | J4: =Elect!Y6 -> 23700 | K4: =Elect!X6 -> 1.737 | L4: =Elect!AS6 -> 1880 | M4: =Elect!AR6 -> 0.401 | N4: =Elect!AC6 -> 45600 | O4: =Elect!AB6 -> 1.622 | P4: =Elect!Q6 -> 12800 | Q4: =Elect!P6 -> 2.83 | R4: =Elect!M6 -> 12800 | S4: =Elect!L6 -> 2.97 | T4: =Elect!U6 -> 13600 | U4: =Elect!T6 -> 2.8 | V4: =Elect!AG6 -> 7200 | W4: =Elect!AF6 -> 5.48 | X4: =Elect!AK6 -> 15840 | Y4: =Elect!AJ6 -> 3.22 | Z4: =Elect!AO6 -> 54600 | AA4: =Elect!AN6 -> 2.287 | AB4: =Elect!BJ6 -> 1800 | AC4: =Elect!BG6 -> 12900 | AD4: =Elect!BM6 -> 772 | AE4: =Elect!BP6 -> 720 | AF4: =('Wtr-Gas'!E6)*0.0038 -> 4476.096 | AG4: =('Wtr-Gas'!H6)*0.0038 -> 459.192 | AH4: ='Wtr-Gas'!K6*0.0038 -> 6.46 | AI4: ='Wtr-Gas'!N6*0.0038 -> 3260.4 | AJ4: ='Wtr-Gas'!Q6*0.0038 -> 0 | AK4: ='Wtr-Gas'!U6*0.0038 -> 484.5 | AL4: ='Wtr-Gas'!X6*0.0038 -> 7739.46 | AM4: ='Wtr-Gas'!AB6*0.0038 -> 836 | AN4: ='Wtr-Gas'!AD6*0.0038 -> 9177.9386 | AO4: ='Wtr-Gas'!AF6*0.0038 -> 1554.2 | AP4: ='Wtr-Gas'!AH6*0.0038 -> 20349 | AQ4: ='Wtr-Gas'!AJ6*0.0038 -> 55.043 | AR4: ='Wtr-Gas'!AL6*0.0038 -> 623.2 | AS4: ='Wtr-Gas'!AN6*0.0038 -> 0.076 | AT4: ='Wtr-Gas'!AP6*0.0038 -> 1.672 | AU4: ='Wtr-Gas'!AT6*0.0038 -> 0.456 | AV4: ='Wtr-Gas'!AW6*0.0038 -> 239.6432 | AW4: ='Wtr-Gas'!AY6*0.0038 -> 4.484 | AX4: ='Wtr-Gas'!AZ6*0.0038 -> 235.1592 | AY4: ='Wtr-Gas'!BB6*0.0038 -> 24.32 | AZ4: ='Wtr-Gas'!BD6*0.0038 -> 3.8 | BA4: ='Wtr-Gas'!BF6*0.0038 -> 269.6252
A5: Orlando | B5: 28 | C5: 1 | D5: 2019 | E5: =Elect!AW7 -> 2409 | F5: =Elect!I7 -> 47360 | G5: =Elect!H7 -> 2.125 | H5: =Elect!E7 -> 46560 | I5: =Elect!D7 -> 2.178 | J5: =Elect!Y7 -> 42600 | K5: =Elect!X7 -> 1.808 | L5: =Elect!AS7 -> 1920 | M5: =Elect!AR7 -> 0.381 | N5: =Elect!AC7 -> 35400 | O5: =Elect!AB7 -> 1.518 | P5: =Elect!Q7 -> 13600 | Q5: =Elect!P7 -> 2.74 | R5: =Elect!M7 -> 13600 | S5: =Elect!L7 -> 2.66 | T5: =Elect!U7 -> 13600 | U5: =Elect!T7 -> 2.72 | V5: =Elect!AG7 -> 7200 | W5: =Elect!AF7 -> 3.73 | X5: =Elect!AK7 -> 4960 | Y5: =Elect!AJ7 -> 3.24 | Z5: =Elect!AO7 -> 51400 | AA5: =Elect!AN7 -> 2.048 | AB5: =Elect!BJ7 -> 1600 | AC5: =Elect!BG7 -> 12600 | AD5: =Elect!BM7 -> 883 | AE5: =Elect!BP7 -> 1520 | AF5: =('Wtr-Gas'!E7)*0.0038 -> 4093.55 | AG5: =('Wtr-Gas'!H7)*0.0038 -> 542.032 | AH5: ='Wtr-Gas'!K7*0.0038 -> 7.6 | AI5: ='Wtr-Gas'!N7*0.0038 -> 3097 | AJ5: ='Wtr-Gas'!Q7*0.0038 -> 0 | AK5: ='Wtr-Gas'!U7*0.0038 -> 785.46 | AL5: ='Wtr-Gas'!X7*0.0038 -> 8641.96 | AM5: ='Wtr-Gas'!AB7*0.0038 -> 820.8 | AN5: ='Wtr-Gas'!AD7*0.0038 -> 10308.526 | AO5: ='Wtr-Gas'!AF7*0.0038 -> 1246.4 | AP5: ='Wtr-Gas'!AH7*0.0038 -> 15010 | AQ5: ='Wtr-Gas'!AJ7*0.0038 -> 37.1868 | AR5: ='Wtr-Gas'!AL7*0.0038 -> 471.2 | AS5: ='Wtr-Gas'!AN7*0.0038 -> 0.152 | AT5: ='Wtr-Gas'!AP7*0.0038 -> 1.748 | AU5: ='Wtr-Gas'!AT7*0.0038 -> 0.4864 | AV5: ='Wtr-Gas'!AW7*0.0038 -> 232.5828 | AW5: ='Wtr-Gas'!AY7*0.0038 -> 6.308 | AX5: ='Wtr-Gas'!AZ7*0.0038 -> 226.2748 | AY5: ='Wtr-Gas'!BB7*0.0038 -> 11.02 | AZ5: ='Wtr-Gas'!BD7*0.0038 -> 1.14 | BA5: ='Wtr-Gas'!BF7*0.0038 -> 371.9022
A6: Orlando | B6: 31 | C6: 1 | D6: 2019 | E6: =Elect!AW8 -> 362 | F6: =Elect!I8 -> 26400 | G6: =Elect!H8 -> 2.216 | H6: =Elect!E8 -> 27680 | I6: =Elect!D8 -> 2.195 | J6: =Elect!Y8 -> 28500 | K6: =Elect!X8 -> 1.806 | L6: =Elect!AS8 -> 1200 | M6: =Elect!AR8 -> 0.412 | N6: =Elect!AC8 -> 14700 | O6: =Elect!AB8 -> 1.518 | P6: =Elect!Q8 -> 8000 | Q6: =Elect!P8 -> 1.74 | R6: =Elect!M8 -> 8000 | S6: =Elect!L8 -> 2.7 | T6: =Elect!U8 -> 8400 | U6: =Elect!T8 -> 2.88 | V6: =Elect!AG8 -> 4480 | W6: =Elect!AF8 -> 3.91 | X6: =Elect!AK8 -> 3200 | Y6: =Elect!AJ8 -> 3.52 | Z6: =Elect!AO8 -> 32800 | AA6: =Elect!AN8 -> 2.081 | AB6: =Elect!BJ8 -> 1000 | AC6: =Elect!BG8 -> 6700 | AD6: =Elect!BM8 -> 504 | AE6: =Elect!BP8 -> 200 | AF6: =('Wtr-Gas'!E8)*0.0038 -> 2247.89 | AG6: =('Wtr-Gas'!H8)*0.0038 -> 404.852 | AH6: ='Wtr-Gas'!K8*0.0038 -> 6.46 | AI6: ='Wtr-Gas'!N8*0.0038 -> 1744.2 | AJ6: ='Wtr-Gas'!Q8*0.0038 -> 0 | AK6: ='Wtr-Gas'!U8*0.0038 -> 734.54 | AL6: ='Wtr-Gas'!X8*0.0038 -> 5569.28 | AM6: ='Wtr-Gas'!AB8*0.0038 -> 315.4 | AN6: ='Wtr-Gas'!AD8*0.0038 -> 4134.4646 | AO6: ='Wtr-Gas'!AF8*0.0038 -> 380 | AP6: ='Wtr-Gas'!AH8*0.0038 -> 11685 | AQ6: ='Wtr-Gas'!AJ8*0.0038 -> 21.8918 | AR6: ='Wtr-Gas'!AL8*0.0038 -> 178.6 | AS6: ='Wtr-Gas'!AN8*0.0038 -> 0.076 | AT6: ='Wtr-Gas'!AP8*0.0038 -> 0.646 | AU6: ='Wtr-Gas'!AT8*0.0038 -> 0.3458 | AV6: ='Wtr-Gas'!AW8*0.0038 -> 133.665 | AW6: ='Wtr-Gas'!AY8*0.0038 -> 2.698 | AX6: ='Wtr-Gas'!AZ8*0.0038 -> 130.967 | AY6: ='Wtr-Gas'!BB8*0.0038 -> 19 | AZ6: ='Wtr-Gas'!BD8*0.0038 -> 0.76 | BA6: ='Wtr-Gas'!BF8*0.0038 -> 15.8992
A7: Orlando | B7: 3 | C7: 2 | D7: 2019 | E7: =Elect!AW9 -> 240 | F7: =Elect!I9 -> 18560 | G7: =Elect!H9 -> 2.322 | H7: =Elect!E9 -> 18400 | I7: =Elect!D9 -> 2.195 | J7: =Elect!Y9 -> 52500 | K7: =Elect!X9 -> 0.1803 | L7: =Elect!AS9 -> 720 | M7: =Elect!AR9 -> 0.415 | N7: =Elect!AC9 -> 22200 | O7: =Elect!AB9 -> 0.1518 | P7: =Elect!Q9 -> 5200 | Q7: =Elect!P9 -> 0.274 | R7: =Elect!M9 -> 4400 | S7: =Elect!L9 -> 0.27 | T7: =Elect!U9 -> 5200 | U7: =Elect!T9 -> 0.288 | V7: =Elect!AG9 -> 2720 | W7: =Elect!AF9 -> 0.4 | X7: =Elect!AK9 -> 1760 | Y7: =Elect!AJ9 -> 0.357 | Z7: =Elect!AO9 -> 23400 | AA7: =Elect!AN9 -> 2.203 | AB7: =Elect!BJ9 -> 700 | AC7: =Elect!BG9 -> 6600 | AD7: =Elect!BM9 -> 386 | AE7: =Elect!BP9 -> 480 | AF7: =('Wtr-Gas'!E9)*0.0038 -> 1728.316 | AG7: =('Wtr-Gas'!H9)*0.0038 -> 176.016 | AH7: ='Wtr-Gas'!K9*0.0038 -> 4.18 | AI7: ='Wtr-Gas'!N9*0.0038 -> 1337.6 | AJ7: ='Wtr-Gas'!Q9*0.0038 -> 0 | AK7: ='Wtr-Gas'!U9*0.0038 -> 910.48 | AL7: ='Wtr-Gas'!X9*0.0038 -> 1971.06 | AM7: ='Wtr-Gas'!AB9*0.0038 -> 957.6 | AN7: ='Wtr-Gas'!AD9*0.0038 -> 0 | AO7: ='Wtr-Gas'!AF9*0.0038 -> 646 | AP7: ='Wtr-Gas'!AH9*0.0038 -> 6346 | AQ7: ='Wtr-Gas'!AJ9*0.0038 -> 15.5458 | AR7: ='Wtr-Gas'!AL9*0.0038 -> 121.6 | AS7: ='Wtr-Gas'!AN9*0.0038 -> 0 | AT7: ='Wtr-Gas'!AP9*0.0038 -> 0.722 | AU7: ='Wtr-Gas'!AT9*0.0038 -> 0.2622 | AV7: ='Wtr-Gas'!AW9*0.0038 -> 102.3074 | AW7: ='Wtr-Gas'!AY9*0.0038 -> 1.596 | AX7: ='Wtr-Gas'!AZ9*0.0038 -> 100.7114 | AY7: ='Wtr-Gas'!BB9*0.0038 -> 4.18 | AZ7: ='Wtr-Gas'!BD9*0.0038 -> 0.76 | BA7: ='Wtr-Gas'!BF9*0.0038 -> 11.6926
A8: Orlando | B8: 10 | C8: 2 | D8: 2019 | E8: =Elect!AW10 -> 597 | F8: =Elect!I10 -> 44960 | G8: =Elect!H10 -> 2.322 | H8: =Elect!E10 -> 45600 | I8: =Elect!D10 -> 2.195 | J8: =Elect!Y10 -> 25500 | K8: =Elect!X10 -> 2 | L8: =Elect!AS10 -> 2320 | M8: =Elect!AR10 -> 0.415 | N8: =Elect!AC10 -> 42000 | O8: =Elect!AB10 -> 1.9 | P8: =Elect!Q10 -> 12000 | Q8: =Elect!P10 -> 0.274 | R8: =Elect!M10 -> 12000 | S8: =Elect!L10 -> 2.82 | T8: =Elect!U10 -> 12800 | U8: =Elect!T10 -> 0.317 | V8: =Elect!AG10 -> 9440 | W8: =Elect!AF10 -> 5.7 | X8: =Elect!AK10 -> 4960 | Y8: =Elect!AJ10 -> 0.357 | Z8: =Elect!AO10 -> 58600 | AA8: =Elect!AN10 -> 2.203 | AB8: =Elect!BJ10 -> 1800 | AC8: =Elect!BG10 -> 14500 | AD8: =Elect!BM10 -> 888 | AE8: =Elect!BP10 -> 3120 | AF8: =('Wtr-Gas'!E10)*0.0038 -> 4069.458 | AG8: =('Wtr-Gas'!H10)*0.0038 -> 556.434 | AH8: ='Wtr-Gas'!K10*0.0038 -> 13.3 | AI8: ='Wtr-Gas'!N10*0.0038 -> 3135 | AJ8: ='Wtr-Gas'!Q10*0.0038 -> 0 | AK8: ='Wtr-Gas'!U10*0.0038 -> 907.44 | AL8: ='Wtr-Gas'!X10*0.0038 -> 5565.48 | AM8: ='Wtr-Gas'!AB10*0.0038 -> 1197 | AN8: ='Wtr-Gas'!AD10*0.0038 -> 22010.751 | AO8: ='Wtr-Gas'!AF10*0.0038 -> 858.8 | AP8: ='Wtr-Gas'!AH10*0.0038 -> 17069.6 | AQ8: ='Wtr-Gas'!AJ10*0.0038 -> 32.9498 | AR8: ='Wtr-Gas'!AL10*0.0038 -> 315.4 | AS8: ='Wtr-Gas'!AN10*0.0038 -> 0.114 | AT8: ='Wtr-Gas'!AP10*0.0038 -> 1.368 | AU8: ='Wtr-Gas'!AT10*0.0038 -> 0.5624 | AV8: ='Wtr-Gas'!AW10*0.0038 -> 233.548 | AW8: ='Wtr-Gas'!AY10*0.0038 -> 2.926 | AX8: ='Wtr-Gas'!AZ10*0.0038 -> 230.622 | AY8: ='Wtr-Gas'!BB10*0.0038 -> 17.48 | AZ8: ='Wtr-Gas'!BD10*0.0038 -> 1.14 | BA8: ='Wtr-Gas'!BF10*0.0038 -> 419.3262
A9: Orlando | B9: 17 | C9: 2 | D9: 2019 | E9: =Elect!AW11 -> 595 | F9: =Elect!I11 -> 46720 | G9: =Elect!H11 -> 2.322 | H9: =Elect!E11 -> 46240 | I9: =Elect!D11 -> 2.195 | J9: =Elect!Y11 -> 59400 | K9: =Elect!X11 -> 2.078 | L9: =Elect!AS11 -> 1560 | M9: =Elect!AR11 -> 0.415 | N9: =Elect!AC11 -> 39600 | O9: =Elect!AB11 -> 1.9 | P9: =Elect!Q11 -> 12400 | Q9: =Elect!P11 -> 0.274 | R9: =Elect!M11 -> 12400 | S9: =Elect!L11 -> 2.82 | T9: =Elect!U11 -> 8800 | U9: =Elect!T11 -> 0.317 | V9: =Elect!AG11 -> 7680 | W9: =Elect!AF11 -> 5.7 | X9: =Elect!AK11 -> 4960 | Y9: =Elect!AJ11 -> 0.357 | Z9: =Elect!AO11 -> 59600 | AA9: =Elect!AN11 -> 2.355 | AB9: =Elect!BJ11 -> 1800 | AC9: =Elect!BG11 -> 15400 | AD9: =Elect!BM11 -> 889 | AE9: =Elect!BP11 -> 1280 | AF9: =('Wtr-Gas'!E11)*0.0038 -> 4311.024 | AG9: =('Wtr-Gas'!H11)*0.0038 -> 546.934 | AH9: ='Wtr-Gas'!K11*0.0038 -> 12.16 | AI9: ='Wtr-Gas'!N11*0.0038 -> 3382 | AJ9: ='Wtr-Gas'!Q11*0.0038 -> 0 | AK9: ='Wtr-Gas'!U11*0.0038 -> 888.06 | AL9: ='Wtr-Gas'!X11*0.0038 -> 5210.56 | AM9: ='Wtr-Gas'!AB11*0.0038 -> 950 | AN9: ='Wtr-Gas'!AD11*0.0038 -> 14041.502 | AO9: ='Wtr-Gas'!AF11*0.0038 -> 714.4 | AP9: ='Wtr-Gas'!AH11*0.0038 -> 17385 | AQ9: ='Wtr-Gas'!AJ11*0.0038 -> 35.1082 | AR9: ='Wtr-Gas'!AL11*0.0038 -> 285 | AS9: ='Wtr-Gas'!AN11*0.0038 -> 0 | AT9: ='Wtr-Gas'!AP11*0.0038 -> 1.558 | AU9: ='Wtr-Gas'!AT11*0.0038 -> 0.5662 | AV9: ='Wtr-Gas'!AW11*0.0038 -> 236.6944 | AW9: ='Wtr-Gas'!AY11*0.0038 -> 2.698 | AX9: ='Wtr-Gas'!AZ11*0.0038 -> 233.9964 | AY9: ='Wtr-Gas'!BB11*0.0038 -> 12.16 | AZ9: ='Wtr-Gas'!BD11*0.0038 -> 1.14 | BA9: ='Wtr-Gas'!BF11*0.0038 -> 27.493
A10: Orlando | B10: 24 | C10: 2 | D10: 2019 | E10: =Elect!AW12 -> 615 | F10: =Elect!I12 -> 47520 | G10: =Elect!H12 -> 2.286 | H10: =Elect!E12 -> 46240 | I10: =Elect!D12 -> 2.204 | J10: =Elect!Y12 -> 79500 | K10: =Elect!X12 -> 2.611 | L10: =Elect!AS12 -> 1480 | M10: =Elect!AR12 -> 0.318 | N10: =Elect!AC12 -> 57300 | O10: =Elect!AB12 -> 2.276 | P10: =Elect!Q12 -> 12800 | Q10: =Elect!P12 -> 0.254 | R10: =Elect!M12 -> 12800 | S10: =Elect!L12 -> 2.57 | T10: =Elect!U12 -> 1600 | U10: =Elect!T12 -> 0.258 | V10: =Elect!AG12 -> 9120 | W10: =Elect!AF12 -> 3.48 | X10: =Elect!AK12 -> 4960 | Y10: =Elect!AJ12 -> 0.311 | Z10: =Elect!AO12 -> 56600 | AA10: =Elect!AN12 -> 2.172 | AB10: =Elect!BJ12 -> 1900 | AC10: =Elect!BG12 -> 17000 | AD10: =Elect!BM12 -> 896 | AE10: =Elect!BP12 -> 2880 | AF10: =('Wtr-Gas'!E12)*0.0038 -> 5251.41 | AG10: =('Wtr-Gas'!H12)*0.0038 -> 277.704 | AH10: ='Wtr-Gas'!K12*0.0038 -> 13.3 | AI10: ='Wtr-Gas'!N12*0.0038 -> 4047 | AJ10: ='Wtr-Gas'!Q12*0.0038 -> 0 | AK10: ='Wtr-Gas'!U12*0.0038 -> 880.46 | AL10: ='Wtr-Gas'!X12*0.0038 -> 3198.08 | AM10: ='Wtr-Gas'!AB12*0.0038 -> 1140 | AN10: ='Wtr-Gas'!AD12*0.0038 -> 20947.029 | AO10: ='Wtr-Gas'!AF12*0.0038 -> 2029.2 | AP10: ='Wtr-Gas'!AH12*0.0038 -> 33550.2 | AQ10: ='Wtr-Gas'!AJ12*0.0038 -> 32.7674 | AR10: ='Wtr-Gas'!AL12*0.0038 -> -49.4 | AS10: ='Wtr-Gas'!AN12*0.0038 -> 0 | AT10: ='Wtr-Gas'!AP12*0.0038 -> 2.394 | AU10: ='Wtr-Gas'!AT12*0.0038 -> 0.551 | AV10: ='Wtr-Gas'!AW12*0.0038 -> 233.282 | AW10: ='Wtr-Gas'!AY12*0.0038 -> 2.66 | AX10: ='Wtr-Gas'!AZ12*0.0038 -> 230.622 | AY10: ='Wtr-Gas'!BB12*0.0038 -> 30.78 | AZ10: ='Wtr-Gas'!BD12*0.0038 -> 1.14 | BA10: ='Wtr-Gas'!BF12*0.0038 -> 549.5332
A11: Orlando | B11: 28 | C11: 2 | D11: 2019 | E11: =Elect!AW13 -> 289 | F11: =Elect!I13 -> 21760 | G11: =Elect!H13 -> 2.286 | H11: =Elect!E13 -> 38880 | I11: =Elect!D13 -> 2.204 | J11: =Elect!Y13 -> 23700 | K11: =Elect!X13 -> 2.611 | L11: =Elect!AS13 -> 1280 | M11: =Elect!AR13 -> 0.378 | N11: =Elect!AC13 -> 22500 | O11: =Elect!AB13 -> 2.276 | P11: =Elect!Q13 -> 5600 | Q11: =Elect!P13 -> 0.254 | R11: =Elect!M13 -> 5600 | S11: =Elect!L13 -> 2.71 | T11: =Elect!U13 -> 22000 | U11: =Elect!T13 -> 0.273 | V11: =Elect!AG13 -> 3680 | W11: =Elect!AF13 -> 3.82 | X11: =Elect!AK13 -> 2560 | Y11: =Elect!AJ13 -> 0.357 | Z11: =Elect!AO13 -> 20400 | AA11: =Elect!AN13 -> 2.172 | AB11: =Elect!BJ13 -> 800 | AC11: =Elect!BG13 -> 6100 | AD11: =Elect!BM13 -> 374 | AE11: =Elect!BP13 -> 1080 | AF11: =('Wtr-Gas'!E13)*0.0038 -> 2089.582 | AG11: =('Wtr-Gas'!H13)*0.0038 -> 168.796 | AH11: ='Wtr-Gas'!K13*0.0038 -> 25.46 | AI11: ='Wtr-Gas'!N13*0.0038 -> 1599.8 | AJ11: ='Wtr-Gas'!Q13*0.0038 -> 0 | AK11: ='Wtr-Gas'!U13*0.0038 -> 441.18 | AL11: ='Wtr-Gas'!X13*0.0038 -> 1496.82 | AM11: ='Wtr-Gas'!AB13*0.0038 -> 364.8 | AN11: ='Wtr-Gas'!AD13*0.0038 -> 7863.3894 | AO11: ='Wtr-Gas'!AF13*0.0038 -> 1227.4 | AP11: ='Wtr-Gas'!AH13*0.0038 -> 21637.2 | AQ11: ='Wtr-Gas'!AJ13*0.0038 -> 16.3362 | AR11: ='Wtr-Gas'!AL13*0.0038 -> 380 | AS11: ='Wtr-Gas'!AN13*0.0038 -> 0 | AT11: ='Wtr-Gas'!AP13*0.0038 -> 0.836 | AU11: ='Wtr-Gas'!AT13*0.0038 -> 0.1938 | AV11: ='Wtr-Gas'!AW13*0.0038 -> 97.679 | AW11: ='Wtr-Gas'!AY13*0.0038 -> 1.14 | AX11: ='Wtr-Gas'!AZ13*0.0038 -> 96.539 | AY11: ='Wtr-Gas'!BB13*0.0038 -> 7.6 | AZ11: ='Wtr-Gas'!BD13*0.0038 -> 0.76 | BA11: ='Wtr-Gas'!BF13*0.0038 -> 232.56
A12: Orlando | B12: 4 | C12: 3 | D12: 2019 | E12: =Elect!AW14 -> 340 | F12: =Elect!I14 -> 25120 | G12: =Elect!H14 -> 2.286 | H12: =Elect!E14 -> 6400 | I12: =Elect!D14 -> 2.204 | J12: =Elect!Y14 -> 29700 | K12: =Elect!X14 -> 2.611 | L12: =Elect!AS14 -> 1040 | M12: =Elect!AR14 -> 0.378 | N12: =Elect!AC14 -> 29400 | O12: =Elect!AB14 -> 2.276 | P12: =Elect!Q14 -> 6800 | Q12: =Elect!P14 -> 0.254 | R12: =Elect!M14 -> 6800 | S12: =Elect!L14 -> 3.71 | T12: =Elect!U14 -> 6800 | U12: =Elect!T14 -> 0.273 | V12: =Elect!AG14 -> 3840 | W12: =Elect!AF14 -> 3.85 | X12: =Elect!AK14 -> 2560 | Y12: =Elect!AJ14 -> 0.357 | Z12: =Elect!AO14 -> 23600 | AA12: =Elect!AN14 -> 2.172 | AB12: =Elect!BJ14 -> 900 | AC12: =Elect!BG14 -> 9000 | AD12: =Elect!BM14 -> 508 | AE12: =Elect!BP14 -> 1880 | AF12: =('Wtr-Gas'!E14)*0.0038 -> 3387.13 | AG12: =('Wtr-Gas'!H14)*0.0038 -> 260.224 | AH12: ='Wtr-Gas'!K14*0.0038 -> 3.04 | AI12: ='Wtr-Gas'!N14*0.0038 -> 1926.6 | AJ12: ='Wtr-Gas'!Q14*0.0038 -> 0 | AK12: ='Wtr-Gas'!U14*0.0038 -> 462.84 | AL12: ='Wtr-Gas'!X14*0.0038 -> 1135.44 | AM12: ='Wtr-Gas'!AB14*0.0038 -> 486.4 | AN12: ='Wtr-Gas'!AD14*0.0038 -> 9975.8322 | AO12: ='Wtr-Gas'!AF14*0.0038 -> 1235 | AP12: ='Wtr-Gas'!AH14*0.0038 -> 20083 | AQ12: ='Wtr-Gas'!AJ14*0.0038 -> 21.1014 | AR12: ='Wtr-Gas'!AL14*0.0038 -> 79.8 | AS12: ='Wtr-Gas'!AN14*0.0038 -> 0 | AT12: ='Wtr-Gas'!AP14*0.0038 -> 0.912 | AU12: ='Wtr-Gas'!AT14*0.0038 -> 0.3154 | AV12: ='Wtr-Gas'!AW14*0.0038 -> 133.6878 | AW12: ='Wtr-Gas'!AY14*0.0038 -> 1.596 | AX12: ='Wtr-Gas'!AZ14*0.0038 -> 132.0918 | AY12: ='Wtr-Gas'!BB14*0.0038 -> 4.56 | AZ12: ='Wtr-Gas'!BD14*0.0038 -> 0.76 | BA12: ='Wtr-Gas'!BF14*0.0038 -> 402.6898
A13: Orlando | B13: 10 | C13: 3 | D13: 2019 | E13: =Elect!AW15 -> 593 | F13: =Elect!I15 -> 46400 | G13: =Elect!H15 -> 2.285 | H13: =Elect!E15 -> 45120 | I13: =Elect!D15 -> 2.204 | J13: =Elect!Y15 -> 44100 | K13: =Elect!X15 -> 2.611 | L13: =Elect!AS15 -> 1880 | M13: =Elect!AR15 -> 0.394 | N13: =Elect!AC15 -> 45300 | O13: =Elect!AB15 -> 2.276 | P13: =Elect!Q15 -> 12000 | Q13: =Elect!P15 -> 0.254 | R13: =Elect!M15 -> 12800 | S13: =Elect!L15 -> 2.71 | T13: =Elect!U15 -> 12800 | U13: =Elect!T15 -> 0.273 | V13: =Elect!AG15 -> 7360 | W13: =Elect!AF15 -> 4.26 | X13: =Elect!AK15 -> 5120 | Y13: =Elect!AJ15 -> 0.383 | Z13: =Elect!AO15 -> 49400 | AA13: =Elect!AN15 -> 2.172 | AB13: =Elect!BJ15 -> 1800 | AC13: =Elect!BG15 -> 15100 | AD13: =Elect!BM15 -> 885 | AE13: =Elect!BP15 -> 3320 | AF13: =('Wtr-Gas'!E15)*0.0038 -> 4487.914 | AG13: =('Wtr-Gas'!H15)*0.0038 -> 583.87 | AH13: ='Wtr-Gas'!K15*0.0038 -> 4.94 | AI13: ='Wtr-Gas'!N15*0.0038 -> 3378.2 | AJ13: ='Wtr-Gas'!Q15*0.0038 -> 0 | AK13: ='Wtr-Gas'!U15*0.0038 -> 929.86 | AL13: ='Wtr-Gas'!X15*0.0038 -> 5643.76 | AM13: ='Wtr-Gas'!AB15*0.0038 -> 577.6 | AN13: ='Wtr-Gas'!AD15*0.0038 -> 14300.529 | AO13: ='Wtr-Gas'!AF15*0.0038 -> 1406 | AP13: ='Wtr-Gas'!AH15*0.0038 -> 39569.4 | AQ13: ='Wtr-Gas'!AJ15*0.0038 -> 32.034 | AR13: ='Wtr-Gas'!AL15*0.0038 -> 361 | AS13: ='Wtr-Gas'!AN15*0.0038 -> 0 | AT13: ='Wtr-Gas'!AP15*0.0038 -> 1.71 | AU13: ='Wtr-Gas'!AT15*0.0038 -> 0.5586 | AV13: ='Wtr-Gas'!AW15*0.0038 -> 241.3152 | AW13: ='Wtr-Gas'!AY15*0.0038 -> 2.812 | AX13: ='Wtr-Gas'!AZ15*0.0038 -> 238.5032 | AY13: ='Wtr-Gas'!BB15*0.0038 -> 7.6 | AZ13: ='Wtr-Gas'!BD15*0.0038 -> 1.14 | BA13: ='Wtr-Gas'!BF15*0.0038 -> 889.0518
A14: Orlando | B14: 17 | C14: 3 | D14: 2019 | E14: =Elect!AW16 -> 611 | F14: =Elect!I16 -> 46720 | G14: =Elect!H16 -> 2.285 | H14: =Elect!E16 -> 46080 | I14: =Elect!D16 -> 2.204 | J14: =Elect!Y16 -> 63000 | K14: =Elect!X16 -> 2.611 | L14: =Elect!AS16 -> 2000 | M14: =Elect!AR16 -> 0.398 | N14: =Elect!AC16 -> 42300 | O14: =Elect!AB16 -> 2.276 | P14: =Elect!Q16 -> 11600 | Q14: =Elect!P16 -> 0.254 | R14: =Elect!M16 -> 11600 | S14: =Elect!L16 -> 2.71 | T14: =Elect!U16 -> 12800 | U14: =Elect!T16 -> 0.273 | V14: =Elect!AG16 -> 7680 | W14: =Elect!AF16 -> 4.95 | X14: =Elect!AK16 -> 4800 | Y14: =Elect!AJ16 -> 0.383 | Z14: =Elect!AO16 -> 51600 | AA14: =Elect!AN16 -> 2.172 | AB14: =Elect!BJ16 -> 1700 | AC14: =Elect!BG16 -> 15800 | AD14: =Elect!BM16 -> 881 | AE14: =Elect!BP16 -> 3440 | AF14: =('Wtr-Gas'!E16)*0.0038 -> 4442.884 | AG14: =('Wtr-Gas'!H16)*0.0038 -> 701.784 | AH14: ='Wtr-Gas'!K16*0.0038 -> 5.7 | AI14: ='Wtr-Gas'!N16*0.0038 -> 3458 | AJ14: ='Wtr-Gas'!Q16*0.0038 -> 0 | AK14: ='Wtr-Gas'!U16*0.0038 -> 875.52 | AL14: ='Wtr-Gas'!X16*0.0038 -> 4290.2 | AM14: ='Wtr-Gas'!AB16*0.0038 -> 832.2 | AN14: ='Wtr-Gas'!AD16*0.0038 -> 14066.202 | AO14: ='Wtr-Gas'!AF16*0.0038 -> 2454.8 | AP14: ='Wtr-Gas'!AH16*0.0038 -> 38220.4 | AQ14: ='Wtr-Gas'!AJ16*0.0038 -> 37.4756 | AR14: ='Wtr-Gas'!AL16*0.0038 -> 220.4 | AS14: ='Wtr-Gas'!AN16*0.0038 -> 0 | AT14: ='Wtr-Gas'!AP16*0.0038 -> 1.52 | AU14: ='Wtr-Gas'!AT16*0.0038 -> 0.5814 | AV14: ='Wtr-Gas'!AW16*0.0038 -> 234.0914 | AW14: ='Wtr-Gas'!AY16*0.0038 -> 2.584 | AX14: ='Wtr-Gas'!AZ16*0.0038 -> 231.5074 | AY14: ='Wtr-Gas'!BB16*0.0038 -> 11.02 | AZ14: ='Wtr-Gas'!BD16*0.0038 -> 7.98 | BA14: ='Wtr-Gas'!BF16*0.0038 -> 882.7172
... A59: Orlando | B59: 31 | C59: 12 | D59: 2019 | E59: =Elect!AW61 -> 127 | F59: =Elect!I61 -> 9600 | G59: =Elect!H61 -> 2.538 | H59: =Elect!E61 -> 9120 | I59: =Elect!D61 -> 2.15 | J59: =Elect!Y61 -> 15900 | K59: =Elect!X61 -> 2.516 | L59: =Elect!AS61 -> 320 | M59: =Elect!AR61 -> 0.313 | N59: =Elect!AC61 -> 7800 | O59: =Elect!AB61 -> 1.679 | P59: =Elect!Q61 -> 2000 | Q59: =Elect!P61 -> 0.271 | R59: =Elect!M61 -> 2800 | S59: =Elect!L61 -> 0.324 | T59: =Elect!U61 -> 2800 | U59: =Elect!T61 -> 0.311 | V59: =Elect!AG61 -> 1120 | W59: =Elect!AF61 -> 0.312 | X59: =Elect!AK61 -> 960 | Y59: =Elect!AJ61 -> 0.217 | Z59: =Elect!AO61 -> 9400 | AA59: =Elect!AN61 -> 1.976 | AB59: =Elect!BJ61 -> 400 | AC59: =Elect!BG61 -> 2600 | AD59: =Elect!BM61 -> 197 | AE59: =Elect!BP61 -> 200 | AF59: =('Wtr-Gas'!E61)*0.0038 -> 862.524 | AG59: =('Wtr-Gas'!H61)*0.0038 -> 0 | AH59: ='Wtr-Gas'!K61*0.0038 -> 5.32 | AI59: ='Wtr-Gas'!N61*0.0038 -> 1394.6 | AJ59: ='Wtr-Gas'!Q61*0.0038 -> 13.3 | AK59: ='Wtr-Gas'!U61*0.0038 -> 187.72 | AL59: ='Wtr-Gas'!X61*0.0038 -> 463.6 | AM59: ='Wtr-Gas'!AB61*0.0038 -> 14060 | AN59: ='Wtr-Gas'!AD61*0.0038 -> 3231.1932 | AO59: ='Wtr-Gas'!AF61*0.0038 -> 0.038 | AP59: ='Wtr-Gas'!AH61*0.0038 -> 27.816 | AQ59: ='Wtr-Gas'!AJ61*0.0038 -> 10.336 | AR59: ='Wtr-Gas'!AL61*0.0038 -> 60.8 | AS59: ='Wtr-Gas'!AN61*0.0038 -> 0 | AT59: ='Wtr-Gas'!AP61*0.0038 -> 5.32 | AU59: ='Wtr-Gas'!AT61*0.0038 -> 0.0988 | AV59: ='Wtr-Gas'!AW61*0.0038 -> 45.5924 | AW59: ='Wtr-Gas'!AY61*0.0038 -> 35.53988 | AX59: ='Wtr-Gas'!AZ61*0.0038 -> 10.05252 | AY59: ='Wtr-Gas'!BB61*0.0038 -> 3.04 | AZ59: ='Wtr-Gas'!BD61*0.0038 -> 0.38 | BA59: ='Wtr-Gas'!BF61*0.0038 -> 4.9552

Sheet Info
B4: Electrical
B5: Location | C5: Transformer # | D5: Meter Serial # | E5: Reedy Creek # | F5: Service Area | G5: Multiplier | I5: Reedy Creek Description
B6: Service Yard #2 | C6: T7384 | D6: 68 425 008 | E6: CC0913A018 | G6: 160 | I6: HSB2 Section 1&2, Building A
B7: Service Yard #2 | C7: T2392 | D7: 68 425 010 | E7: CC0913A020 | G7: 160 | I7: HSB2 Section 4&5, Building A
B8: Service Yard #2 | C8: T2393 | D8: 68 425 078 | E8: CC0913A060 | G8: 400 | I8: LSB2 Building A - T2395
B9: Service Yard #2 | C9: T2395 | D9: 68 425 077 | E9: CC0913A059 | G9: 400 | I9: LSB2 Building A - T2393
B10: Service Yard #2 | C10: T7285 | D10: 68 425 071 | E10: CC0913A081 | G10: 400 | I10: LSB2 Building A - T7285
B11: Service Yard #1 | C11: T7380 | D11: 68 425 060 | E11: CC0913A054 | G11: 300 | I11: Main Electric Room #1
B12: Service Yard #1 | C12: T2390 | D12: 68 425 059 | E12: CC0913A053 | G12: 300 | I12: Service Yard #1
B13: Service Yard #1 | C13: T7382 | D13: 68 425 093 | E13: CC0913A075 | G13: 160 | I13: Main Electric Room #1 South
B14: Service Yard #1 | C14: T2391 | D14: 68 425 094 | E14: CC0913A076 | G14: 160 | I14: Main Electric Room #1 South
B15: Servcie Yard #3 | C15: T7283 | D15: 90 625 242 | E15: CC0912A18 | G15: 200 | I15: Out Buildings
B16: Servcie Yard #3 | C16: T7281 | D16: 68 425 097 | E16: CC0913A095 | G16: 40 | I16: Out Buildings
B17: Remote Parking Lot Lights | C17: T2009 | D17: 90 630 431 | E17: CS0212A003 | G17: 1 | I17: Employee Parking Lot Lights
B18: Golf Maintenance | D18: 67273163 | E18: CC0612A036 | I18: Golf Maintenace
B19: Golf Clubhouse | D19: 67662513 | E19: CG0612A084 | I19: Golf Clubhouse
B20: Golf Comfort Stations | D20: 61979920 | E20: CS0210A030 | I20: Comfort Stations
B21: Golf Irrigation Pump House | D21: 56253208 | E21: IC0608A03 | I21: Irrigation Pump House
B24: Water
B25: Service Entry | D25: 74860172 | E25: x10 | F25: Main Potable Water Feed | I25: Water
B26: Service Entry | D26: 74860173 | E26: x10 | F26: Re-use Water Feed | I26: Reclaimed Water
B27: Pump Room | D27: 44553004 | E27: x10 | F27: Fire System Make-up Feed
B28: Pump Room | D28: 70275191 | E28: x100 | F28: PW Feed for Bldg A | I28: Installed 1/31/14
B29: Boiler Room | D29: 2130521 | E29: x100 | F29: Steam Boiler M/U Water | I29: Installed 4/15/14
B31: Deduct Meters | C31: Added 7/15
B32: Chiller Room | D32: 79177804 | E32: x1 | F32: Make-up to Cooling Towers
B33: Chiller Room | D33: 79305675 | E33: x1 | F33: Cooling Tower Blowdown
B34: Building E | D34: 7919004D | E34: x1000 | F34: Irrigation Water
B35: Building E | D35: 79190041 | E35: x1000 | F35: Potable Water
B36: Building J | D36: 79190039 | E36: x1 | F36: Irrigation Water
B37: Lazy River | C37: Added 10/20/15 | D37: 79324776 | E37: x1000 | F37: Potable make-up water for Lazy River
B38: Building E - Inside | C38: Added 11/24/15 | D38: 112014001775 | E38: x100 | F38: Pool Hydranic Heater Make-up Water
B39: Service Yard #2 | C39: Added 11/24/15 | D39: 112014001771 | E39: x100 | F39: Mens and Womens Spa Pool Make-up Water
B43: Changes to Meters
B44: Exterior Pump Room | D44: 12C004186-C1 | E44: x100 | F44: Main Gas Feed | I44: Meter changed on 11/19/14
D45: 04B000408 | E45: 41962 | I45: New Meter Serial Number - Start Number 4668
B46: Golf Course Irrigation | D46: 80606729 | E46: 42522 | I46: New Meter Serial Number - Start Number 0
B48: Cooling Tower M/U Meter | D48: 85492530 | E48: 43698 | I48: Meter Changed by RCID
B51: Disputed Bill | D51: Customer # | E51: Account #
D52: 10816233 | E52: 2236896 | I52: ???

Sheet Logsheet
B1: Four Seasons Utility Readings
N2: updated 9/1/19
B3: Water Meters
B4: 74860172 | D4: 74860173 | F4: 44553004 | H4: 70275191 | J4: 2130521 | L4: 04B000408 | N4: 93477704
B6: Main PW Feed | D6: Main RW Feed | F6: Fire Prot Water Feed | H6: Potable Wtr Bldg A | J6: Steam Boiler M/U | L6: Main Gas Meter 2# | N6: Main Gas Meter 5#
B9: 85492530 | D9: 79305675 | F9: 79190041 | H9: 7919004D | J9: 79190039 | L9: 79324776
B10: Chiller Room | D10: Chiller Room | F10: Building E | H10: Building E | J10: Building J | L10: Lazy River | N10: Capa Terrace
B11: Cooling Tower M/U | D11: Cooling Tower Bleed | F11: Potable Water | H11: Irrigation | J11: Irrigation | L11: Potable Water | N11: Landscaping Mtr
B14: Electric Meters Service Yard #2
B15: CC0913A018 | D15: CC0913A020 | F15: CC0913A060 | H15: CC0913A059 | J15: CC0913A081
B16: 68 425 008 | C16: T7384 | D16: 68 425 010 | E16: T2392 | F16: 68 425 078 | G16: T2393 | H16: 68 425 077 | I16: T2395 | J16: 68 425 071 | K16: T7285
B17: KWH | C17: Demand | D17: KWH | E17: Demand | F17: KWH | G17: Demand | H17: KWH | I17: Demand | J17: KWH | K17: Demand
B20: Central Plant Service Yard | J20: Building E
B21: CC0913A054 | D21: CC0913A053 | F21: CC0913A075 | H21: CC0913A076 | J21: CC0912A18 | L21: CC0913A095
B22: 68 425 060 | C22: T7380 | D22: 68 425 059 | E22: T2390 | F22: 68 425 093 | G22: T7382 | H22: 68 425 094 | I22: T2391 | J22: 90 625 242 | K22: T7283 | L22: 68 425 097 | M22: T7281
B23: KWH | C23: Demand | D23: KWH | E23: Demand | F23: KWH | G23: Demand | H23: KWH | I23: Demand | J23: KWH | K23: Demand | L23: KWH | M23: Demand
B26: Employee Parking | D26: Emerg Generator | J26: 112014001775 | L26: 112014001771
B27: CS0212A003 | D27: GEN01 | J27: Building E - Inside | L27: Service Yard #2
B28: 90 630 431 | C28: T2009 | D28: Tank Level | J28: Pool Hydranic Heater | L28: Spa Jacuzzi's
B29: KWH | D29: 1/4-3/4 | J29: Make-up Water | L29: Make-up Water

Sheet Golf Logsheet
B2: Water Meters
B3: 73337589 | D3: 65956268 | F3: 1334021 | H3: 63265094 | J3: 80606729
B5: Club House | D5: Club House Deduct | F5: Golf Maintenance | H5: Comfort Stations | J5: Irrigation Reclaim Water
B8: Electric Meters
B9: CG0612A084 | D9: CC0612A036 | H9: CS0210A0300 | J9: IC0608A03
B10: 676 62 513 | D10: 672 73 163 | H10: 61 979 920 | J10: 56 253 208
B11: Club House | D11: Golf Maintenance | H11: Comfort Stations | J11: Irrigation Pump House
B14: Natural Gas / Petroleum
B15: 82SJ729151 | D15: Propane Tank #1 | F15: Propane Tank #2 | H15: Unleaded Tank | J15: Diesel Tank | L15: Lube Oil Tank
B16: 46801014
B17: Nat Gas-Clubhouse | D17: Golf Maintenance | F17: Golf Maintenance | H17: Golf Mainenance | J17: Golf Maintenance | L17: Golf Maintenance

Sheet Graphs
B2: Jan | C2: Feb | D2: Mar | E2: Apr | F2: May | G2: Jun | H2: Jul | I2: Aug | J2: Sep | K2: Oct | L2: Nov | M2: Dec | O2: KWH | P2: Fuel Surcharge | Q2: Demand
Z3: Electric | AA3: Gas
Y5: 2015 | Z5: =([1]Elect!#REF!) -> #REF!
Y6: 2016 | Z6: =([1]Elect!#REF!) -> #REF!
Y7: 2017 | Z7: =([1]Elect!#REF!) -> #REF!
Y8: 2018 | Z8: =([1]Elect!#REF!) -> #REF!
Y9: 2019 | Z9: =([1]Elect!#REF!) -> #REF!
X21: hi

Sheet Drawing
B3: Utility Distribution
B4: Four Seasons Resort Orlando at Walt Disney World Resort
B5: Electrical, Potable Water, Re-use Water, Natural Gas
AU14: Water Deduct Meters downstream | BX14: Golf Course Water
AU15: of the main water meter for the Resort | BX15: Distribution
AU16: Meter Numbers Listed | BX16: Meter Numbers Listed
AY18: Bldg A Fire | CL18: Golf Clubhouse
AY19: Sprinkler System | BY19: Golf Clubhouse | CL19: Flushing Valve
AY20: Make-up | BY20: 73337589 | CL20: Deduct
AY21: 44553004 | CL21: 65956268
G22: 12" Potable Water Line | AA22: Domestic Water
G23: Feed from | AA23: from RCES
G24: RCES | AA24: 74860172
AY25: Bdlg A Potable | BY25: Golf Maint
AY26: Water Feed | BY26: Facility
AY27: 70275191 | BY27: 1334021
CK28: Golf Course
M29: 8" Re-use Water Line | AA29: Re-use Water | CK29: Re-Use Irrigation
M30: Feed from | AA30: from RCES | CK30: 67327447
M31: RCES | AA31: 74860173
BY32: Golf Course
AY33: Steam Boilers | BY33: Comfort Stations
AY34: Make-up Water | BY34: 63265094
AY35: 2130521
AJ36: Landscaping
AJ37: Re-use System
AY40: Cooling Tower | BL40: Cooling Twr
AA41: Out Buildings | AY41: Make-up Water | BL41: Blowdown
AA42: Natural Gas Meter | AY42: 79177804 | BL42: Line Deduct
AA43: 93477704 | BL43: 79305675
M45: Natural Gas
M46: Feed at 50 PSI
M47: Reduced to 2 PSI | AY47: Bldg E Potable
M48: for building | AA48: Resort Natural | AY48: Water Meter
M49: Distribution | AA49: Gas Meter | AY49: 79190041
AA50: 12C004186-C1
AY54: Bldg J Irrigation
AY55: Water Meter
AA56: Golf Clubhouse | AY56: 79190039
AA57: Natural Gas
AA58: Meter
AA59: 82SJ729151
E61: Electrical Distribution | AY61: Lazy River
E62: 12470 Volts distributed by RCES on 2 separate feeders to the Resort | AY62: Pool Make-up
AY63: 79324776
F66: Service
F67: Yard | P67: T7380 | W67: T2390 | AD67: T7382 | AK67: T2391
F68: #1 | P68: 68 425 060 | W68: 68 425 059 | AD68: 68 425 093 | AK68: 68 425 094 | AY68: Pool Hydraunic
AY69: Boiler Water
AY70: Make-up
AY71: 112014001775
D75: Service | AY75: Spa Jacuzzi
D76: Yard | J76: T7384 | Q76: T2392 | X76: T2393 | AE76: T2395 | AL76: T7285 | AY76: Water
D77: #2 | J77: 68 425 008 | Q77: 68 425 010 | X77: 68 425 078 | AE77: 68 425 077 | AL77: 68 425 071 | AY77: Make-up
AY78: 112014001771
J84: Service
J85: Yard | Q85: T7283 | X85: T7281
J86: #3 | Q86: 90 625 242 | X86: 68 425 097
G93: Golf
G94: Course & | O94: Club House | V94: Golf Maint. | AB94: Cmft Stations | AJ94: Irrigation
G95: Clubhouse | O95: 676 62 513 | V95: 672 73 163 | AC95: 61 979 920 | AJ95: 56 253 208

Sheet Occupancy
B3: CDD | C3: HDD | E3: % Occ | F3: 2019 | I3: CDD | J3: HDD
A4: Jan | B4: 159 | C4: 46 | E4: 76.7 | F4: 0.767 | G4: 13764 | H4: =SUM(F4*G4) -> 10556.988 | I4: 159 | J4: 46
A5: Feb | B5: 156 | C5: 76 | E5: 79.8 | F5: 0.798 | G5: 12432 | H5: =SUM(F5*G5) -> 9920.736 | I5: 156 | J5: 76
A6: Mar | B6: 264 | C6: 18 | E6: 82.2 | F6: 0.822 | G6: 13764 | H6: =SUM(F6*G6) -> 11314.008 | I6: 264 | J6: 18
A7: Apr | B7: 415 | C7: 0 | E7: 78 | F7: 0.78 | G7: 13320 | H7: =SUM(F7*G7) -> 10389.6 | I7: 415 | J7: 0
A8: May | B8: 487 | C8: 0 | E8: 78.1 | F8: 0.781 | G8: 13764 | H8: =SUM(F8*G8) -> 10749.684 | I8: 487 | J8: 0
A9: Jun | B9: 502 | C9: 0 | E9: 80.8 | F9: 0.808 | G9: 13320 | H9: =SUM(F9*G9) -> 10762.56 | I9: 502 | J9: 0
A10: Jul | B10: 492 | C10: 0 | E10: 80.8 | F10: 0.808 | G10: 13764 | H10: =SUM(F10*G10) -> 11121.312 | I10: 492 | J10: 0
A11: Aug | B11: 475 | C11: 0 | E11: 67 | F11: 0.67 | G11: 13764 | H11: =SUM(F11*G11) -> 9221.88 | I11: 475 | J11: 0
A12: Sep | B12: 500 | C12: 0 | E12: 58.8 | F12: 0.588 | G12: 13320 | H12: =SUM(F12*G12) -> 7832.16 | I12: 500 | J12: 0
A13: Oct | B13: 431 | C13: 66 | E13: 73.1 | F13: 0.731 | G13: 13764 | H13: =SUM(F13*G13) -> 10061.484 | I13: 431 | J13: 66
A14: Nov | B14: 167 | C14: 80 | E14: 73.2 | F14: 0.732 | G14: 13320 | H14: =SUM(F14*G14) -> 9750.24 | I14: 167 | J14: 80
A15: Dec | B15: 140 | C15: 133 | E15: 65.8 | F15: 0.658 | G15: 13764 | H15: =SUM(F15*G15) -> 9056.712 | I15: 140 | J15: 133
G16: =SUM(G4:G15) -> 162060 | H16: =SUM(H4:H15) -> 120737.36
L25: 2017 | M25: 2018 | N25: 2019
K26: Occupied Guest Rooms | L26: 120328 | M26: 119350 | N26: 91868
K27: Electric KWH | L27: 17910500 | M27: 17636409 | N27: 13838299
K28: Electrical Use per Occupied Room | L28: =SUM(L27/L26) -> 148.84732 | M28: =SUM(M27/M26) -> 147.7705 | N28: =SUM(N27/N26) -> 150.63242
K29: Gas CCF | L29: 600069 | M29: 584640 | N29: 432248
K30: Gas Use Per Occupied Room | L30: =SUM(L29/L26) -> 4.986944 | M30: =SUM(M29/M26) -> 4.8985337 | N30: =SUM(N29/N26) -> 4.7050986
K32: 2019 Totals are through Sept 30th

Sheet Elect
B1: 2019 | C1: CC0913A018 | G1: CC0913A020 | K1: CC0913A060 | O1: CC0913A059 | S1: CC0913A081 | W1: CC0913A054 | AA1: CC0913A053 | AE1: CC0913A075 | AI1: CC0913A076 | AM1: CC0912A18 | AQ1: CC0913A095 | AU1: CS0212A003 | BA1: Water Pk | BB1: % of KWH | BF1: CG0612A084 | BI1: CC0612A036 | BL1: CS0210A030 | BO1: IIC0608A03 | BU1: KWH | BY1: Account # - 02230191 | CC1: Meter # - CC0913A020 | CL1: Meter # - CC0913A018 | CU1: Meter # - CC0913A054 | DD1: Meter # - CC0913A095 | DM1: Meter # - CC0913A053 | DV1: Meter # - CC0913A059 | EE1: Meter # - CC0913A060 | EN1: Meter # - CC0913A081 | EW1: Meter # - CC0913A075 | FF1: Meter # - CC0913A076 | FO1: Meter # - CC90625425 | FZ1: Amount | GE1: Meter # - 672 73 163 | GN1: Meter # - 676 62 513 | GW1: Meter # - 61 979 920 | HC1: Meter # - 56 253 208
B2: Date | C2: 68 425 008 | D2: T7384 | E2: KWH Total | F2: Demand | G2: 68 425 010 | H2: T2392 | I2: KWH Total | J2: Demand | K2: 68 425 078 | L2: T2393 | M2: KWH Total | N2: Demand | O2: 68 425 077 | P2: T2395 | Q2: KWH Total | R2: Demand | S2: 68 425 071 | T2: T7285 | U2: KWH Total | V2: Demand | W2: 68 425 060 | X2: T7380 | Y2: KWH Total | Z2: Demand | AA2: 68 425 059 | AB2: T2390 | AC2: KWH Total | AD2: Demand | AE2: 68 425 093 | AF2: T7382 | AG2: KWH Total | AH2: Demand | AI2: 68 425 094 | AJ2: T2391 | AK2: KWH Total | AL2: Demand | AM2: 90 625 242 | AN2: T7283 | AO2: KWH Total | AP2: Demand | AQ2: 68 425 097 | AR2: T7281 | AS2: KWH Total | AT2: Demand | AU2: 90 630 431 | AW2: KWH Total | AX2: Demand | AZ2: Total KWH | BA2: KWH | BC2: Total Mnth | BF2: 676 62 513 | BG2: KWH Total | BH2: Demand | BI2: 672 73 163 | BJ2: KWH Total | BK2: Demand | BL2: 61 979 920 | BM2: KWH Total | BN2: Demand | BO2: 56 253 208 | BP2: KWH Total | BQ2: Demand | BS2: Total KWH | BT2: Total Mnth | BU2: Total | BY2: Meter # - CS0212A003 | CC2: Meter | CD2: Bill | CF2: KWH | CG2: Demand | CH2: KWH | CI2: Fuel Charge | CJ2: Demand | CK2: Total | CL2: Meter | CM2: Bill | CO2: KWH | CP2: Demand | CQ2: KWH | CR2: Fuel Charge | CS2: Demand | CT2: Total | CU2: Meter | CV2: Bill | CX2: KWH | CY2: Demand | CZ2: KWH | DA2: Fuel Charge | DB2: Demand | DC2: Total | DD2: Meter | DE2: Bill | DG2: KWH | DH2: Demand | DI2: KWH | DJ2: Fuel Charge | DK2: Demand | DL2: Total | DM2: Meter | DN2: Bill | DP2: KWH | DQ2: Demand | DR2: KWH | DS2: Fuel Charge | DT2: Demand | DU2: Total | DV2: Meter | DW2: Bill | DY2: KWH | DZ2: Demand | EA2: KWH | EB2: Fuel Charge | EC2: Demand | ED2: Total | EE2: Meter | EF2: Bill | EH2: KWH | EI2: Demand | EJ2: KWH | EK2: Fuel Charge | EL2: Demand | EM2: Total | EN2: Meter | EO2: Bill | EQ2: KWH | ER2: Demand | ES2: KWH | ET2: Fuel Charge | EU2: Demand | EV2: Total | EW2: Meter | EX2: Bill | EZ2: KWH | FA2: Demand | FB2: KWH | FC2: Fuel Charge | FD2: Demand | FE2: Total | FF2: Meter | FG2: Bill | FI2: KWH | FJ2: Demand | FK2: KWH | FL2: Fuel Charge | FM2: Demand | FN2: Total | FO2: Meter | FP2: Bill | FR2: KWH | FS2: Demand | FT2: KWH | FU2: Fuel Charge | FV2: Demand | FW2: Total | FY2: Total | FZ2: Total | GA2: Demand | GB2: Total | GE2: Meter | GF2: Bill | GH2: KWH | GI2: Demand | GJ2: KWH | GK2: Fuel Charge | GL2: Demand | GM2: Total | GN2: Meter | GO2: Bill | GQ2: KWH | GR2: Demand | GS2: KWH | GT2: Fuel Charge | GU2: Demand | GV2: Total | GW2: Meter | GX2: Bill | GY2: KWH | GZ2: KWH | HA2: Fuel Charge | HB2: Total | HC2: Meter | HD2: Bill | HF2: KWH | HG2: Demand | HH2: KWH | HI2: Fuel Charge | HJ2: Demand | HK2: Total | HL2: Total | HM2: Total | HN2: Total | HO2: Total | HQ2: Total Resort | HR2: Total Resort | HS2: Total Resort | HT2: Total Resort
C3: KWH | D3: Demand | E3: (x160) | F3: Total | G3: KWH | H3: Demand | I3: (x160) | J3: Total | K3: KWH | L3: Demand | M3: (x400) | N3: Total | O3: KWH | P3: Demand | Q3: (x400) | R3: Total | S3: KWH | T3: Demand | U3: (x400) | V3: Total | W3: KWH | X3: Demand | Y3: (x300) | Z3: Total | AA3: KWH | AB3: Demand | AC3: (x300) | AD3: Total | AE3: KWH | AF3: Demand | AG3: (x160) | AH3: Total | AI3: KWH | AJ3: Demand | AK3: (x160) | AL3: Total | AM3: KWH | AN3: Demand | AO3: (X200) | AP3: Total | AQ3: KWH | AR3: Demand | AS3: (x40) | AT3: Total | AU3: KWH | AW3: (x1) | AX3: Total | BC3: KWH | BF3: KWH | BG3: (x100) | BH3: Total | BI3: KWH | BJ3: (x100) | BK3: Total | BL3: KWH | BM3: (x1) | BN3: Total | BO3: KWH | BP3: (x40) | BQ3: Total | BS3: Golf | BT3: Golf | BU3: Resort | BY3: Meter Read | BZ3: Bill Read | CA3: Amount | CB3: Total | CC3: Read | CD3: Read | CE3: Demand | CF3: Amount | CG3: Amount | CH3: Total | CI3: Total | CJ3: Total | CK3: Amount | CL3: Read | CM3: Read | CN3: Demand | CO3: Amount | CP3: Amount | CQ3: Total | CR3: Total | CS3: Total | CT3: Amount | CU3: Read | CV3: Read | CW3: Demand | CX3: Amount | CY3: Amount | CZ3: Total | DA3: Total | DB3: Total | DC3: Amount | DD3: Read | DE3: Read | DF3: Demand | DG3: Amount | DH3: Amount | DI3: Total | DJ3: Total | DK3: Total | DL3: Amount | DM3: Read | DN3: Read | DO3: Demand | DP3: Amount | DQ3: Amount | DR3: Total | DS3: Total | DT3: Total | DU3: Amount | DV3: Read | DW3: Read | DX3: Demand | DY3: Amount | DZ3: Amount | EA3: Total | EB3: Total | EC3: Total | ED3: Amount | EE3: Read | EF3: Read | EG3: Demand | EH3: Amount | EI3: Amount | EJ3: Total | EK3: Total | EL3: Total | EM3: Amount | EN3: Read | EO3: Read | EP3: Demand | EQ3: Amount | ER3: Amount | ES3: Total | ET3: Total | EU3: Total | EV3: Amount | EW3: Read | EX3: Read | EY3: Demand | EZ3: Amount | FA3: Amount | FB3: Total | FC3: Total | FD3: Total | FE3: Amount | FF3: Read | FG3: Read | FH3: Demand | FI3: Amount | FJ3: Amount | FK3: Total | FL3: Total | FM3: Total | FN3: Amount | FO3: Read | FP3: Read | FQ3: Demand | FR3: Amount | FS3: Amount | FT3: Total | FU3: Total | FV3: Total | FW3: Amount | FY3: KHW | FZ3: KWH Costs | GA3: Total | GB3: Electric | GE3: Read | GF3: Read | GG3: Demand | GH3: Amount | GI3: Amount | GJ3: Total | GK3: Total | GL3: Total | GM3: Amount | GN3: Read | GO3: Read | GP3: Demand | GQ3: Amount | GR3: Amount | GS3: Total | GT3: Total | GU3: Total | GV3: Amount | GW3: Read | GX3: Read | GY3: Amount | GZ3: Total | HA3: Total | HB3: Amount | HC3: Read | HD3: Read | HE3: Demand | HF3: Amount | HG3: Amount | HH3: Total | HI3: Total | HJ3: Total | HK3: Amount | HL3: KWH | HM3: KWH Costs | HN3: Demand | HO3: Costs | HQ3: KWH | HR3: KWH Costs | HS3: Demand | HT3: Costs
B4: 43466 | C4: 70828 | D4: 2.115 | E4: 54240 | G4: 66007 | H4: 2.219 | I4: 55360 | K4: 8021 | L4: 2.21 | M4: 14400 | O4: 8005 | P4: 2.62 | Q4: 14800 | S4: 8596 | T4: 2.47 | U4: 16000 | W4: 56089 | X4: 1.053 | Y4: 57300 | AA4: 53508 | AB4: 0.54 | AC4: 53400 | AE4: 13799 | AF4: 3.08 | AG4: 7680 | AI4: 9509 | AJ4: 1.89 | AK4: 4640 | AM4: 68240 | AN4: 2.115 | AO4: 64800 | AQ4: 13251 | AR4: 0.379 | AS4: 2200 | AU4: 23578 | AW4: 0 | AZ4: =SUM(AO4+AK4+AG4+AC4+Y4+U4+Q4+M4+I4+E4+AS4+AW4) -> 344820 | BA4: =SUM(AO4+AS4) -> 67000 | BB4: =SUM(BA4/AZ4) -> 0.19430427 | BE4: 43466 | BF4: 47927 | BG4: 15200 | BI4: 6130 | BJ4: 1700 | BL4: 39296 | BM4: 895 | BO4: 43241 | BP4: 600 | BS4: =SUM(BG4+BJ4,BM4,BP4) -> 18395 | BY4: =SUM(AU4) -> 23578 | BZ4: 22946 | CC4: =SUM(G4) -> 66007 | CD4: 66133 | CE4: 2.254 | CL4: =SUM(C4) -> 70828 | CM4: 70959 | CN4: 2.177 | CU4: =SUM(W4) -> 56089 | CV4: 56156 | CW4: 2.343 | DD4: =SUM(AQ4) -> 13251 | DE4: 13271 | DF4: 0.436 | DM4: =SUM(AA4) -> 53508 | DN4: 53545 | DO4: 2.014 | DV4: =SUM(O4) -> 8005 | DW4: 8018 | DX4: 0.307 | EE4: =SUM(W4) -> 56089 | EF4: 8034 | EG4: 0.305 | EN4: =SUM(S4) -> 8596 | EO4: 8610 | EP4: 0.333 | EW4: =SUM(AE4) -> 13799 | EX4: 13817 | EY4: 0.389 | FF4: =SUM(AI4) -> 9509 | FG4: 9520 | FH4: 0.359 | FO4: =SUM(AM4) -> 68240 | FP4: 68356 | FQ4: 2.261 | GE4: =SUM(BI4) -> 6130 | GF4: 6103 | GG4: 0.25 | GN4: =SUM(BF4) -> 47927 | GO4: 47678 | GP4: 1.676 | GW4: =SUM(BL4) -> 39296 | GX4: 37881 | HC4: =SUM(BO4) -> 43241 | HD4: 43210 | HE4: 3.753
B5: 43478 | C5: 71688 | D5: 2.115 | E5: =SUM(C5-C4)*160 -> 137600 | G5: 66890 | H5: 2.433 | I5: =SUM(G5-G4)*160 -> 141280 | K5: 8115 | L5: 2.65 | M5: =SUM(K5-K4)*400 -> 37600 | O5: 8098 | P5: 2.72 | Q5: =SUM(O5-O4)*400 -> 37200 | S5: 8695 | T5: 2.73 | U5: =SUM(S5-S4)*400 -> 39600 | W5: 56473 | X5: 1.733 | Y5: =SUM(W5-W4)*300 -> 115200 | AA5: 53992 | AB5: 1.622 | AC5: =SUM(AA5-AA4)*300 -> 145200 | AE5: 13939 | AF5: 5.48 | AG5: =SUM(AE5-AE4)*160 -> 22400 | AI5: 9522 | AJ5: 3.22 | AK5: =SUM(AI5-AI4)*160 -> 2080 | AM5: 69087 | AN5: 2.289 | AO5: =SUM(AM5-AM4)*200 -> 169400 | AQ5: 13395 | AR5: 0.401 | AS5: =SUM(AQ5-AQ4)*40 -> 5760 | AU5: 23578 | AW5: =SUM(AU5-AU4) -> 0 | AZ5: =SUM(AO5+AK5+AG5+AC5+Y5+U5+Q5+M5+I5+E5+AS5+AW5) -> 853320 | BA5: =SUM(AO5+AS5) -> 175160 | BB5: =SUM(BA5/AZ5) -> 0.20526883 | BE5: 43478 | BF5: 48093 | BG5: =SUM(BF5-BF4)*100 -> 16600 | BI5: 6151 | BJ5: =SUM(BI5-BI4)*100 -> 2100 | BL5: 40306 | BM5: =SUM(BL5-BL4) -> 1010 | BO5: 43291 | BP5: =SUM(BO5-BO4)*40 -> 2000 | BS5: =SUM(BG5+BJ5,BM5,BP5) -> 21710 | BY5: =SUM(AU5) -> 23578 | CC5: =SUM(G5) -> 66890 | CL5: =SUM(C5) -> 71688 | CU5: =SUM(W5) -> 56473 | DD5: =SUM(AQ5) -> 13395 | DM5: =SUM(AA5) -> 53992 | DV5: =SUM(O5) -> 8098 | EE5: =SUM(W5) -> 56473 | EN5: =SUM(S5) -> 8695 | EW5: =SUM(AE5) -> 13939 | FF5: =SUM(AI5) -> 9522 | FO5: =SUM(AM5) -> 69087 | GE5: =SUM(BI5) -> 6151 | GN5: =SUM(BF5) -> 48093 | GW5: =SUM(BL5) -> 40306 | HC5: =SUM(BO5) -> 43291
B6: 43486 | C6: 71978 | D6: 2.18 | E6: =SUM(C6-C5)*160 -> 46400 | G6: 67183 | H6: 2.433 | I6: =SUM(G6-G5)*160 -> 46880 | K6: 8147 | L6: 2.97 | M6: =SUM(K6-K5)*400 -> 12800 | O6: 8130 | P6: 2.83 | Q6: =SUM(O6-O5)*400 -> 12800 | S6: 8729 | T6: 2.8 | U6: =SUM(S6-S5)*400 -> 13600 | W6: 56552 | X6: 1.737 | Y6: =SUM(W6-W5)*300 -> 23700 | AA6: 54144 | AB6: 1.622 | AC6: =SUM(AA6-AA5)*300 -> 45600 | AE6: 13984 | AF6: 5.48 | AG6: =SUM(AE6-AE5)*160 -> 7200 | AI6: 9621 | AJ6: 3.22 | AK6: =SUM(AI6-AI5)*160 -> 15840 | AM6: 69360 | AN6: 2.287 | AO6: =SUM(AM6-AM5)*200 -> 54600 | AQ6: 13442 | AR6: 0.401 | AS6: =SUM(AQ6-AQ5)*40 -> 1880 | AU6: 23578 | AW6: =SUM(AU6-AU5) -> 0 | AZ6: =SUM(AO6+AK6+AG6+AC6+Y6+U6+Q6+M6+I6+E6+AS6+AW6) -> 281300 | BA6: =SUM(AO6+AS6) -> 56480 | BB6: =SUM(BA6/AZ6) -> 0.20078208 | BE6: 43478 | BF6: 48222 | BG6: =SUM(BF6-BF5)*100 -> 12900 | BI6: 6169 | BJ6: =SUM(BI6-BI5)*100 -> 1800 | BL6: 41078 | BM6: =SUM(BL6-BL5) -> 772 | BO6: 43309 | BP6: =SUM(BO6-BO5)*40 -> 720 | BS6: =SUM(BG6+BJ6,BM6,BP6) -> 16192 | BY6: =SUM(AU6) -> 23578 | CC6: =SUM(G6) -> 67183 | CL6: =SUM(C6) -> 71978 | CU6: =SUM(W6) -> 56552 | DD6: =SUM(AQ6) -> 13442 | DM6: =SUM(AA6) -> 54144 | DV6: =SUM(O6) -> 8130 | EE6: =SUM(W6) -> 56552 | EN6: =SUM(S6) -> 8729 | EW6: =SUM(AE6) -> 13984 | FF6: =SUM(AI6) -> 9621 | FO6: =SUM(AM6) -> 69360 | GE6: =SUM(BI6) -> 6169 | GN6: =SUM(BF6) -> 48222 | GW6: =SUM(BL6) -> 41078 | HC6: =SUM(BO6) -> 43309
B7: 43493 | C7: 72269 | D7: 2.178 | E7: =SUM(C7-C6)*160 -> 46560 | G7: 67479 | H7: 2.125 | I7: =SUM(G7-G6)*160 -> 47360 | K7: 8181 | L7: 2.66 | M7: =SUM(K7-K6)*400 -> 13600 | O7: 8164 | P7: 2.74 | Q7: =SUM(O7-O6)*400 -> 13600 | S7: 8763 | T7: 2.72 | U7: =SUM(S7-S6)*400 -> 13600 | W7: 56694 | X7: 1.808 | Y7: =SUM(W7-W6)*300 -> 42600 | AA7: 54262 | AB7: 1.518 | AC7: =SUM(AA7-AA6)*300 -> 35400 | AE7: 14029 | AF7: 3.73 | AG7: =SUM(AE7-AE6)*160 -> 7200 | AI7: 9652 | AJ7: 3.24 | AK7: =SUM(AI7-AI6)*160 -> 4960 | AM7: 69617 | AN7: 2.048 | AO7: =SUM(AM7-AM6)*200 -> 51400 | AQ7: 13490 | AR7: 0.381 | AS7: =SUM(AQ7-AQ6)*40 -> 1920 | AU7: 25987 | AW7: =SUM(AU7-AU6) -> 2409 | AZ7: =SUM(AO7+AK7+AG7+AC7+Y7+U7+Q7+M7+I7+E7+AS7+AW7) -> 280609 | BA7: =SUM(AO7+AS7) -> 53320 | BB7: =SUM(BA7/AZ7) -> 0.19001529 | BE7: 43493 | BF7: 48348 | BG7: =SUM(BF7-BF6)*100 -> 12600 | BI7: 6185 | BJ7: =SUM(BI7-BI6)*100 -> 1600 | BL7: 41961 | BM7: =SUM(BL7-BL6) -> 883 | BO7: 43347 | BP7: =SUM(BO7-BO6)*40 -> 1520 | BS7: =SUM(BG7+BJ7,BM7,BP7) -> 16603 | BY7: =SUM(AU7) -> 25987 | BZ7: 25387 | CA7: =SUM(BZ7-BZ4) -> 2441 | CB7: =SUM(CA7*0.12043+CA7*0.03046)*1.08+1.91 -> 399.69829 | CC7: =SUM(G7) -> 67479 | CD7: 67350 | CE7: 2.433 | CF7: =SUM(CD7-#REF!)*160 -> #REF! | CG7: =(CE7)*160 -> 389.28 | CH7: =SUM(CF7*0.03699) -> #REF! | CI7: =SUM(CF7*0.03046) -> #REF! | CJ7: =SUM(CG7*7.447) -> 2898.9682 | CK7: =SUM(CH7+CI7) -> #REF! | CL7: =SUM(C7) -> 72269 | CM7: 72146 | CN7: 2.18 | CO7: =SUM(CM7-CM4)*160 -> 189920 | CP7: =(CN7)*160 -> 348.8 | CQ7: =SUM(CO7*0.03699) -> 7025.1408 | CR7: =SUM(CO7*0.03046) -> 5784.9632 | CS7: =SUM(CP7*7.447) -> 2597.5136 | CT7: =SUM(CQ7+CR7)+45 -> 12855.104 | CU7: =SUM(W7) -> 56694 | CV7: 56629 | CW7: 1.737 | CX7: =SUM(CV7-CV4)*300 -> 141900 | CY7: =(CW7)*300 -> 521.1 | CZ7: =SUM(CX7*0.03699) -> 5248.881 | DA7: =SUM(CX7*0.03046) -> 4322.274 | DB7: =SUM(CY7*7.447) -> 3880.6317 | DC7: =SUM(CZ7+DA7) -> 9571.155 | DD7: =SUM(AQ7) -> 13490 | DE7: 13470 | DF7: 0.401 | DG7: =(DE7-DE4)*40 -> 7960 | DH7: =(DF7)*40 -> 16.04 | DI7: =SUM(DG7*0.03699) -> 294.4404 | DJ7: =SUM(DG7*0.03046) -> 242.4616 | DK7: =SUM(DH7*7.447) -> 119.44988 | DL7: =SUM(DI7+DJ7)+24 -> 560.902 | DM7: =SUM(AA7) -> 54262 | DN7: 54229 | DO7: 1.622 | DP7: =SUM(DN7-DN4)*300 -> 205200 | DQ7: =(DO7)*300 -> 486.6 | DR7: =SUM(DP7*0.03699) -> 7590.348 | DS7: =SUM(DP7*0.03046) -> 6250.392 | DT7: =SUM(DQ7*7.447) -> 3623.7102 | DU7: =SUM(DR7+DS7)+45 -> 13885.74 | DV7: =SUM(O7) -> 8164 | DW7: 8145 | DX7: 0.285 | DY7: =SUM(DW7-DW4)*400 -> 50800 | DZ7: =(DX7)*400 -> 114 | EA7: =SUM(DY7*0.03699) -> 1879.092 | EB7: =SUM(DY7*0.03046) -> 1547.368 | EC7: =SUM(DZ7*7.447) -> 848.958 | ED7: =SUM(EA7+EB7)+40 -> 3466.46 | EE7: =SUM(W7) -> 56694 | EF7: 8166 | EG7: 0.337 | EH7: =SUM(EF7-EF4)*400 -> 52800 | EI7: =(EG7)*400 -> 134.8 | EJ7: =SUM(EH7*0.03699) -> 1953.072 | EK7: =SUM(EH7*0.03046) -> 1608.288 | EL7: =SUM(EI7*7.447) -> 1003.8556 | EM7: =SUM(EJ7+EK7)+20 -> 3581.36 | EN7: =SUM(S7) -> 8763 | EO7: 8749 | EP7: 0.302 | EQ7: =SUM(EO7-EO4)*400 -> 55600 | ER7: =(EP7)*400 -> 120.8 | ES7: =SUM(EQ7*0.03699) -> 2056.644 | ET7: =SUM(EQ7*0.03046) -> 1693.576 | EU7: =SUM(ER7*7.447) -> 899.5976 | EV7: =SUM(ES7+ET7)+20 -> 3770.22 | EW7: =SUM(AE7) -> 14029 | EX7: 14011 | EY7: 0.548 | EZ7: =SUM(EX7-EX4)*160 -> 31040 | FA7: =(EY7)*160 -> 87.68 | FB7: =SUM(EZ7*0.03699) -> 1148.1696 | FC7: =SUM(EZ7*0.03046) -> 945.4784 | FD7: =SUM(FA7*7.447) -> 652.95296 | FE7: =SUM(FB7+FC7)+20 -> 2113.648 | FF7: =SUM(AI7) -> 9652 | FG7: 9641 | FH7: 0.336 | FI7: =SUM(FG7-FG4)*160 -> 19360 | FJ7: =(FH7)*160 -> 53.76 | FK7: =SUM(FI7*0.03699) -> 716.1264 | FL7: =SUM(FI7*0.03046) -> 589.7056 | FM7: =SUM(FJ7*7.447) -> 400.35072 | FN7: =SUM(FK7+FL7)+20 -> 1325.832 | FO7: =SUM(AM7) -> 69617 | FP7: 69474 | FQ7: 2.289 | FR7: =SUM(FP7-FP4)*200 -> 223600 | FS7: =(FQ7)*200 -> 457.8 | FT7: =SUM(FR7*0.03699) -> 8270.964 | FU7: =SUM(FR7*0.03046) -> 6810.856 | FV7: =SUM(FS7*7.447) -> 3409.2366 | FW7: =SUM((FT7+FU7)+20)*1.09 -> 16460.984 | FY7: =SUM(CA7+CF7+CO7+CX7+DG7+DP7+DY7+EH7+EQ7+EZ7+FI7+FR7) -> #REF! | FZ7: =SUM(CB7+CK7,CT7,DC7,DL7,DU7,ED7,EM7,EV7,FE7,FN7+FW7) -> #REF! | GA7: =SUM(CJ7,CS7,DB7,DK7,DT7,EC7,EL7,EU7,FD7,FM7,FV7) -> 20335.225 | GB7: =SUM(FZ7:GA7) -> #REF! | GE7: =SUM(BI7) -> 6185 | GF7: 6176 | GG7: 0.274 | GH7: =SUM(GF7-GF4)*100 -> 7300 | GI7: =SUM(GG7)*100 -> 27.4 | GJ7: =SUM(GH7*0.03699) -> 270.027 | GK7: =SUM(GH7*0.03046) -> 222.358 | GL7: =SUM(GI7*7.447) -> 204.0478 | GM7: =SUM(GK7+GJ7+20)*1.1048 -> 566.08295 | GN7: =SUM(BF7) -> 48348 | GO7: 48279 | GP7: 1.814 | GQ7: =SUM(GO7-GO4)*100 -> 60100 | GR7: =SUM(GP7)*100 -> 181.4 | GS7: =SUM(GQ7*0.03699) -> 2223.099 | GT7: =SUM(GQ7*0.03046) -> 1830.646 | GU7: =SUM(GR7*7.447) -> 1350.8858 | GV7: =SUM(GT7+GS7+20)*1.1048 -> 4500.6735 | GW7: =SUM(BL7) -> 41961 | GX7: 41582 | GY7: =SUM(GX7-GX4) -> 3701 | GZ7: =SUM(GY7*0.12043) -> 445.71143 | HA7: =SUM(GY7*0.03046) -> 112.73246 | HB7: =SUM(GZ7+HA7+2.85)*1.07 -> 600.58446 | HC7: =SUM(BO7) -> 43347 | HD7: 43341 | HE7: 3.757 | HF7: =SUM(HD7-HD4)*40 -> 5240 | HG7: =SUM(HE7)*40 -> 150.28 | HH7: =SUM(HF7*0.03699) -> 193.8276 | HI7: =SUM(HF7*0.03046) -> 159.6104 | HJ7: =SUM(HG7*7.447) -> 1119.1352 | HK7: =SUM(HI7+HH7+20)*1.1048 -> 412.5743 | HL7: =SUM(GH7+GQ7+GY7+HF7) -> 76341 | HM7: =SUM(HK7+HB7+GV7+GM7) -> 6079.9152 | HN7: =SUM(GL7+GU7+HJ7) -> 2674.0688 | HO7: =SUM(HM7:HN7) -> 8753.9839 | HQ7: =(FY7+HL7) -> #REF! | HR7: =(FZ7+HM7) -> #REF! | HS7: =(GA7+HN7) -> 23009.294 | HT7: =(HR7+HS7) -> #REF!
B8: 43496 | C8: 72442 | D8: 2.195 | E8: =SUM(C8-C7)*160 -> 27680 | G8: 67644 | H8: 2.216 | I8: =SUM(G8-G7)*160 -> 26400 | K8: 8201 | L8: 2.7 | M8: =SUM(K8-K7)*400 -> 8000 | O8: 8184 | P8: 1.74 | Q8: =SUM(O8-O7)*400 -> 8000 | S8: 8784 | T8: 2.88 | U8: =SUM(S8-S7)*400 -> 8400 | W8: 56789 | X8: 1.806 | Y8: =SUM(W8-W7)*300 -> 28500 | AA8: 54311 | AB8: 1.518 | AC8: =SUM(AA8-AA7)*300 -> 14700 | AE8: 14057 | AF8: 3.91 | AG8: =SUM(AE8-AE7)*160 -> 4480 | AI8: 9672 | AJ8: 3.52 | AK8: =SUM(AI8-AI7)*160 -> 3200 | AM8: 69781 | AN8: 2.081 | AO8: =SUM(AM8-AM7)*200 -> 32800 | AQ8: 13520 | AR8: 0.412 | AS8: =SUM(AQ8-AQ7)*40 -> 1200 | AU8: 26349 | AW8: =SUM(AU8-AU7) -> 362 | AZ8: =SUM(AO8+AK8+AG8+AC8+Y8+U8+Q8+M8+I8+E8+AS8+AW8) -> 163722 | BA8: =SUM(AO8+AS8) -> 34000 | BB8: =SUM(BA8/AZ8) -> 0.2076691 | BC8: =SUM(AZ4:AZ8) -> 1923771 | BE8: 43496 | BF8: 48415 | BG8: =SUM(BF8-BF7)*100 -> 6700 | BI8: 6195 | BJ8: =SUM(BI8-BI7)*100 -> 1000 | BL8: 42465 | BM8: =SUM(BL8-BL7) -> 504 | BO8: 43352 | BP8: =SUM(BO8-BO7)*40 -> 200 | BS8: =SUM(BG8+BJ8,BM8,BP8) -> 8404 | BT8: =SUM(BS5:BS8) -> 62909 | BU8: =SUM(BC8+BT8) -> 1986680 | BY8: =SUM(AU8) -> 26349 | CC8: =SUM(G8) -> 67644 | CL8: =SUM(C8) -> 72442 | CU8: =SUM(W8) -> 56789 | DD8: =SUM(AQ8) -> 13520 | DM8: =SUM(AA8) -> 54311 | DV8: =SUM(O8) -> 8184 | EE8: =SUM(W8) -> 56789 | EN8: =SUM(S8) -> 8784 | EW8: =SUM(AE8) -> 14057 | FF8: =SUM(AI8) -> 9672 | FO8: =SUM(AM8) -> 69781 | GE8: =SUM(BI8) -> 6195 | GN8: =SUM(BF8) -> 48415 | GW8: =SUM(BL8) -> 42465 | HC8: =SUM(BO8) -> 43352
B9: 43499 | C9: 72557 | D9: 2.195 | E9: =SUM(C9-C8)*160 -> 18400 | G9: 67760 | H9: 2.322 | I9: =SUM(G9-G8)*160 -> 18560 | K9: 8212 | L9: 0.27 | M9: =SUM(K9-K8)*400 -> 4400 | O9: 8197 | P9: 0.274 | Q9: =SUM(O9-O8)*400 -> 5200 | S9: 8797 | T9: 0.288 | U9: =SUM(S9-S8)*400 -> 5200 | W9: 56964 | X9: 0.1803 | Y9: =SUM(W9-W8)*300 -> 52500 | AA9: 54385 | AB9: 0.1518 | AC9: =SUM(AA9-AA8)*300 -> 22200 | AE9: 14074 | AF9: 0.4 | AG9: =SUM(AE9-AE8)*160 -> 2720 | AI9: 9683 | AJ9: 0.357 | AK9: =SUM(AI9-AI8)*160 -> 1760 | AM9: 69898 | AN9: 2.203 | AO9: =SUM(AM9-AM8)*200 -> 23400 | AQ9: 13538 | AR9: 0.415 | AS9: =SUM(AQ9-AQ8)*40 -> 720 | AU9: 26589 | AW9: =SUM(AU9-AU8) -> 240 | AZ9: =SUM(AO9+AK9+AG9+AC9+Y9+U9+Q9+M9+I9+E9+AS9+AW9) -> 155300 | BA9: =SUM(AO9+AS9) -> 24120 | BB9: =SUM(BA9/AZ9) -> 0.1553123 | BE9: 43499 | BF9: 48481 | BG9: =SUM(BF9-BF8)*100 -> 6600 | BI9: 6202 | BJ9: =SUM(BI9-BI8)*100 -> 700 | BL9: 42851 | BM9: =SUM(BL9-BL8) -> 386 | BO9: 43364 | BP9: =SUM(BO9-BO8)*40 -> 480 | BS9: =SUM(BG9+BJ9,BM9,BP9) -> 8166 | BY9: =SUM(AU9) -> 26589 | CC9: =SUM(G9) -> 67760 | CL9: =SUM(C9) -> 72557 | CU9: =SUM(W9) -> 56964 | DD9: =SUM(AQ9) -> 13538 | DM9: =SUM(AA9) -> 54385 | DV9: =SUM(O9) -> 8197 | EE9: =SUM(W9) -> 56964 | EN9: =SUM(S9) -> 8797 | EW9: =SUM(AE9) -> 14074 | FF9: =SUM(AI9) -> 9683 | FO9: =SUM(AM9) -> 69898 | GE9: =SUM(BI9) -> 6202 | GN9: =SUM(BF9) -> 48481 | GW9: =SUM(BL9) -> 42851 | HC9: =SUM(BO9) -> 43364
B10: 43506 | C10: 72842 | D10: 2.195 | E10: =SUM(C10-C9)*160 -> 45600 | G10: 68041 | H10: 2.322 | I10: =SUM(G10-G9)*160 -> 44960 | K10: 8242 | L10: 2.82 | M10: =SUM(K10-K9)*400 -> 12000 | O10: 8227 | P10: 0.274 | Q10: =SUM(O10-O9)*400 -> 12000 | S10: 8829 | T10: 0.317 | U10: =SUM(S10-S9)*400 -> 12800 | W10: 57049 | X10: 2 | Y10: =SUM(W10-W9)*300 -> 25500 | AA10: 54525 | AB10: 1.9 | AC10: =SUM(AA10-AA9)*300 -> 42000 | AE10: 14133 | AF10: 5.7 | AG10: =SUM(AE10-AE9)*160 -> 9440 | AI10: 9714 | AJ10: 0.357 | AK10: =SUM(AI10-AI9)*160 -> 4960 | AM10: 70191 | AN10: 2.203 | AO10: =SUM(AM10-AM9)*200 -> 58600 | AQ10: 13596 | AR10: 0.415 | AS10: =SUM(AQ10-AQ9)*40 -> 2320 | AU10: 27186 | AW10: =SUM(AU10-AU9) -> 597 | AZ10: =SUM(AO10+AK10+AG10+AC10+Y10+U10+Q10+M10+I10+E10+AS10+AW10) -> 270777 | BA10: =SUM(AO10+AS10) -> 60920 | BB10: =SUM(BA10/AZ10) -> 0.22498218 | BE10: 43506 | BF10: 48626 | BG10: =SUM(BF10-BF9)*100 -> 14500 | BI10: 6220 | BJ10: =SUM(BI10-BI9)*100 -> 1800 | BL10: 43739 | BM10: =SUM(BL10-BL9) -> 888 | BO10: 43442 | BP10: =SUM(BO10-BO9)*40 -> 3120 | BS10: =SUM(BG10+BJ10,BM10,BP10) -> 20308 | BY10: =SUM(AU10) -> 27186 | CC10: =SUM(G10) -> 68041 | CL10: =SUM(C10) -> 72842 | CU10: =SUM(W10) -> 57049 | DD10: =SUM(AQ10) -> 13596 | DM10: =SUM(AA10) -> 54525 | DV10: =SUM(O10) -> 8227 | EE10: =SUM(W10) -> 57049 | EN10: =SUM(S10) -> 8829 | EW10: =SUM(AE10) -> 14133 | FF10: =SUM(AI10) -> 9714 | FO10: =SUM(AM10) -> 70191 | GE10: =SUM(BI10) -> 6220 | GN10: =SUM(BF10) -> 48626 | GW10: =SUM(BL10) -> 43739 | HC10: =SUM(BO10) -> 43442
B11: 43513 | C11: 73131 | D11: 2.195 | E11: =SUM(C11-C10)*160 -> 46240 | G11: 68333 | H11: 2.322 | I11: =SUM(G11-G10)*160 -> 46720 | K11: 8273 | L11: 2.82 | M11: =SUM(K11-K10)*400 -> 12400 | O11: 8258 | P11: 0.274 | Q11: =SUM(O11-O10)*400 -> 12400 | S11: 8851 | T11: 0.317 | U11: =SUM(S11-S10)*400 -> 8800 | W11: 57247 | X11: 2.078 | Y11: =SUM(W11-W10)*300 -> 59400 | AA11: 54657 | AB11: 1.9 | AC11: =SUM(AA11-AA10)*300 -> 39600 | AE11: 14181 | AF11: 5.7 | AG11: =SUM(AE11-AE10)*160 -> 7680 | AI11: 9745 | AJ11: 0.357 | AK11: =SUM(AI11-AI10)*160 -> 4960 | AM11: 70489 | AN11: 2.355 | AO11: =SUM(AM11-AM10)*200 -> 59600 | AQ11: 13635 | AR11: 0.415 | AS11: =SUM(AQ11-AQ10)*40 -> 1560 | AU11: 27781 | AW11: =SUM(AU11-AU10) -> 595 | AZ11: =SUM(AO11+AK11+AG11+AC11+Y11+U11+Q11+M11+I11+E11+AS11+AW11) -> 299955 | BA11: =SUM(AO11+AS11) -> 61160 | BB11: =SUM(BA11/AZ11) -> 0.20389725 | BE11: 43513 | BF11: 48780 | BG11: =SUM(BF11-BF10)*100 -> 15400 | BI11: 6238 | BJ11: =SUM(BI11-BI10)*100 -> 1800 | BL11: 44628 | BM11: =SUM(BL11-BL10) -> 889 | BO11: 43474 | BP11: =SUM(BO11-BO10)*40 -> 1280 | BS11: =SUM(BG11+BJ11,BM11,BP11) -> 19369 | BY11: =SUM(AU11) -> 27781 | CC11: =SUM(G11) -> 68333 | CL11: =SUM(C11) -> 73131 | CU11: =SUM(W11) -> 57247 | DD11: =SUM(AQ11) -> 13635 | DM11: =SUM(AA11) -> 54657 | DV11: =SUM(O11) -> 8258 | EE11: =SUM(W11) -> 57247 | EN11: =SUM(S11) -> 8851 | EW11: =SUM(AE11) -> 14181 | FF11: =SUM(AI11) -> 9745 | FO11: =SUM(AM11) -> 70489 | GE11: =SUM(BI11) -> 6238 | GN11: =SUM(BF11) -> 48780 | GW11: =SUM(BL11) -> 44628 | HC11: =SUM(BO11) -> 43474
B12: 43520 | C12: 73420 | D12: 2.204 | E12: =SUM(C12-C11)*160 -> 46240 | G12: 68630 | H12: 2.286 | I12: =SUM(G12-G11)*160 -> 47520 | K12: 8305 | L12: 2.57 | M12: =SUM(K12-K11)*400 -> 12800 | O12: 8290 | P12: 0.254 | Q12: =SUM(O12-O11)*400 -> 12800 | S12: 8855 | T12: 0.258 | U12: =SUM(S12-S11)*400 -> 1600 | W12: 57512 | X12: 2.611 | Y12: =SUM(W12-W11)*300 -> 79500 | AA12: 54848 | AB12: 2.276 | AC12: =SUM(AA12-AA11)*300 -> 57300 | AE12: 14238 | AF12: 3.48 | AG12: =SUM(AE12-AE11)*160 -> 9120 | AI12: 9776 | AJ12: 0.311 | AK12: =SUM(AI12-AI11)*160 -> 4960 | AM12: 70772 | AN12: 2.172 | AO12: =SUM(AM12-AM11)*200 -> 56600 | AQ12: 13672 | AR12: 0.318 | AS12: =SUM(AQ12-AQ11)*40 -> 1480 | AU12: 28396 | AW12: =SUM(AU12-AU11) -> 615 | AZ12: =SUM(AO12+AK12+AG12+AC12+Y12+U12+Q12+M12+I12+E12+AS12+AW12) -> 330535 | BA12: =SUM(AO12+AS12) -> 58080 | BB12: =SUM(BA12/AZ12) -> 0.17571513 | BE12: 43520 | BF12: 48950 | BG12: =SUM(BF12-BF11)*100 -> 17000 | BI12: 6257 | BJ12: =SUM(BI12-BI11)*100 -> 1900 | BL12: 45524 | BM12: =SUM(BL12-BL11) -> 896 | BO12: 43546 | BP12: =SUM(BO12-BO11)*40 -> 2880 | BS12: =SUM(BG12+BJ12,BM12,BP12) -> 22676 | BY12: =SUM(AU12) -> 28396 | CC12: =SUM(G12) -> 68630 | CL12: =SUM(C12) -> 73420 | CU12: =SUM(W12) -> 57512 | DD12: =SUM(AQ12) -> 13672 | DM12: =SUM(AA12) -> 54848 | DV12: =SUM(O12) -> 8290 | EE12: =SUM(W12) -> 57512 | EN12: =SUM(S12) -> 8855 | EW12: =SUM(AE12) -> 14238 | FF12: =SUM(AI12) -> 9776 | FO12: =SUM(AM12) -> 70772 | GE12: =SUM(BI12) -> 6257 | GN12: =SUM(BF12) -> 48950 | GW12: =SUM(BL12) -> 45524 | HC12: =SUM(BO12) -> 43546
B13: 43524 | C13: 73663 | D13: 2.204 | E13: =SUM(C13-C12)*160 -> 38880 | G13: 68766 | H13: 2.286 | I13: =SUM(G13-G12)*160 -> 21760 | K13: 8319 | L13: 2.71 | M13: =SUM(K13-K12)*400 -> 5600 | O13: 8304 | P13: 0.254 | Q13: =SUM(O13-O12)*400 -> 5600 | S13: 8910 | T13: 0.273 | U13: =SUM(S13-S12)*400 -> 22000 | W13: 57591 | X13: 2.611 | Y13: =SUM(W13-W12)*300 -> 23700 | AA13: 54923 | AB13: 2.276 | AC13: =SUM(AA13-AA12)*300 -> 22500 | AE13: 14261 | AF13: 3.82 | AG13: =SUM(AE13-AE12)*160 -> 3680 | AI13: 9792 | AJ13: 0.357 | AK13: =SUM(AI13-AI12)*160 -> 2560 | AM13: 70874 | AN13: 2.172 | AO13: =SUM(AM13-AM12)*200 -> 20400 | AQ13: 13704 | AR13: 0.378 | AS13: =SUM(AQ13-AQ12)*40 -> 1280 | AU13: 28685 | AW13: =SUM(AU13-AU12) -> 289 | AZ13: =SUM(AO13+AK13+AG13+AC13+Y13+U13+Q13+M13+I13+E13+AS13+AW13) -> 168249 | BA13: =SUM(AO13+AS13) -> 21680 | BB13: =SUM(BA13/AZ13) -> 0.12885664 | BC13: =SUM(AZ9:AZ13) -> 1224816 | BE13: 43524 | BF13: 49011 | BG13: =SUM(BF13-BF12)*100 -> 6100 | BI13: 6265 | BJ13: =SUM(BI13-BI12)*100 -> 800 | BL13: 45898 | BM13: =SUM(BL13-BL12) -> 374 | BO13: 43573 | BP13: =SUM(BO13-BO12)*40 -> 1080 | BS13: =SUM(BG13+BJ13,BM13,BP13) -> 8354 | BT13: =SUM(BS9:BS13) -> 78873 | BU13: =SUM(BC13+BT13) -> 1303689 | BY13: =SUM(AU13) -> 28685 | BZ13: 28418 | CA13: =SUM(BZ13-BZ7) -> 3031 | CB13: =SUM(CA13*0.12043+CA13*0.03046)*1.08+1.91 -> 495.8454 | CC13: =SUM(G13) -> 68766 | CD13: 68709 | CE13: 2.322 | CF13: =SUM(CD13-CD7)*160 -> 217440 | CG13: =(CE13)*160 -> 371.52 | CH13: =SUM(CF13*0.03699) -> 8043.1056 | CI13: =SUM(CF13*0.03046) -> 6623.2224 | CJ13: =SUM(CG13*7.447) -> 2766.7094 | CK13: =SUM(CH13+CI13) -> 14666.328 | CL13: =SUM(C13) -> 73663 | CM13: 73496 | CN13: 2.195 | CO13: =SUM(CM13-CM7)*160 -> 216000 | CP13: =(CN13)*160 -> 351.2 | CQ13: =SUM(CO13*0.03699) -> 7989.84 | CR13: =SUM(CO13*0.03046) -> 6579.36 | CS13: =SUM(CP13*7.447) -> 2615.3864 | CT13: =SUM(CQ13+CR13)+45 -> 14614.2 | CU13: =SUM(W13) -> 57591 | CV13: 57554 | CW13: 2.655 | CX13: =SUM(CV13-CV7)*300 -> 277500 | CY13: =(CW13)*300 -> 796.5 | CZ13: =SUM(CX13*0.03699) -> 10264.725 | DA13: =SUM(CX13*0.03046) -> 8452.65 | DB13: =SUM(CY13*7.447) -> 5931.5355 | DC13: =SUM(CZ13+DA13) -> 18717.375 | DD13: =SUM(AQ13) -> 13704 | DE13: 13695 | DF13: 0.415 | DG13: =(DE13-DE7)*40 -> 9000 | DH13: =(DF13)*40 -> 16.6 | DI13: =SUM(DG13*0.03699) -> 332.91 | DJ13: =SUM(DG13*0.03046) -> 274.14 | DK13: =SUM(DH13*7.447) -> 123.6202 | DL13: =SUM(DI13+DJ13)+24 -> 631.05 | DM13: =SUM(AA13) -> 54923 | DN13: 54889 | DO13: 1.9 | DP13: =SUM(DN13-DN7)*300 -> 198000 | DQ13: =(DO13)*300 -> 570 | DR13: =SUM(DP13*0.03699) -> 7324.02 | DS13: =SUM(DP13*0.03046) -> 6031.08 | DT13: =SUM(DQ13*7.447) -> 4244.79 | DU13: =SUM(DR13+DS13)+45 -> 13400.1 | DV13: =SUM(O13) -> 8304 | DW13: 8296 | DX13: 0.274 | DY13: =SUM(DW13-DW7)*400 -> 60400 | DZ13: =(DX13)*400 -> 109.6 | EA13: =SUM(DY13*0.03699) -> 2234.196 | EB13: =SUM(DY13*0.03046) -> 1839.784 | EC13: =SUM(DZ13*7.447) -> 816.1912 | ED13: =SUM(EA13+EB13)+40 -> 4113.98 | EE13: =SUM(W13) -> 57591 | EF13: 8314 | EG13: 0.282 | EH13: =SUM(EF13-EF7)*400 -> 59200 | EI13: =(EG13)*400 -> 112.8 | EJ13: =SUM(EH13*0.03699) -> 2189.808 | EK13: =SUM(EH13*0.03046) -> 1803.232 | EL13: =SUM(EI13*7.447) -> 840.0216 | EM13: =SUM(EJ13+EK13)+20 -> 4013.04 | EN13: =SUM(S13) -> 8910 | EO13: 8904 | EP13: 0.317 | EQ13: =SUM(EO13-EO7)*400 -> 62000 | ER13: =(EP13)*400 -> 126.8 | ES13: =SUM(EQ13*0.03699) -> 2293.38 | ET13: =SUM(EQ13*0.03046) -> 1888.52 | EU13: =SUM(ER13*7.447) -> 944.2796 | EV13: =SUM(ES13+ET13)+20 -> 4201.9 | EW13: =SUM(AE13) -> 14261 | EX13: 14251 | EY13: 0.57 | EZ13: =SUM(EX13-EX7)*160 -> 38400 | FA13: =(EY13)*160 -> 91.2 | FB13: =SUM(EZ13*0.03699) -> 1420.416 | FC13: =SUM(EZ13*0.03046) -> 1169.664 | FD13: =SUM(FA13*7.447) -> 679.1664 | FE13: =SUM(FB13+FC13)+20 -> 2610.08 | FF13: =SUM(AI13) -> 9792 | FG13: 9785 | FH13: 0.357 | FI13: =SUM(FG13-FG7)*160 -> 23040 | FJ13: =(FH13)*160 -> 57.12 | FK13: =SUM(FI13*0.03699) -> 852.2496 | FL13: =SUM(FI13*0.03046) -> 701.7984 | FM13: =SUM(FJ13*7.447) -> 425.37264 | FN13: =SUM(FK13+FL13)+20 -> 1574.048 | FO13: =SUM(AM13) -> 70874 | FP13: 70830 | FQ13: 2.365 | FR13: =SUM(FP13-FP7)*200 -> 271200 | FS13: =(FQ13)*200 -> 473 | FT13: =SUM(FR13*0.03699) -> 10031.688 | FU13: =SUM(FR13*0.03046) -> 8260.752 | FV13: =SUM(FS13*7.447) -> 3522.431 | FW13: =SUM((FT13+FU13)+20)*1.09 -> 19960.56 | FY13: =SUM(CA13+CF13+CO13+CX13+DG13+DP13+DY13+EH13+EQ13+EZ13+FI13+FR13) -> 1435211 | FZ13: =SUM(CB13+CK13,CT13,DC13,DL13,DU13,ED13,EM13,EV13,FE13,FN13+FW13) -> 98998.506 | GA13: =SUM(CJ13,CS13,DB13,DK13,DT13,EC13,EL13,EU13,FD13,FM13,FV13) -> 22909.504 | GB13: =SUM(FZ13:GA13) -> 121908.01 | GE13: =SUM(BI13) -> 6265 | GF13: 6261 | GG13: 0.274 | GH13: =SUM(GF13-GF7)*100 -> 8500 | GI13: =SUM(GG13)*100 -> 27.4 | GJ13: =SUM(GH13*0.03699) -> 314.415 | GK13: =SUM(GH13*0.03046) -> 258.91 | GL13: =SUM(GI13*7.447) -> 204.0478 | GM13: =SUM(GK13+GJ13+20)*1.1048 -> 655.50546 | GN13: =SUM(BF13) -> 49011 | GO13: 48985 | GP13: 1.729 | GQ13: =SUM(GO13-GO7)*100 -> 70600 | GR13: =SUM(GP13)*100 -> 172.9 | GS13: =SUM(GQ13*0.03699) -> 2611.494 | GT13: =SUM(GQ13*0.03046) -> 2150.476 | GU13: =SUM(GR13*7.447) -> 1287.5863 | GV13: =SUM(GT13+GS13+20)*1.1048 -> 5283.1205 | GW13: =SUM(BL13) -> 45898 | GX13: 45759 | GY13: =SUM(GX13-GX7) -> 4177 | GZ13: =SUM(GY13*0.12043) -> 503.03611 | HA13: =SUM(GY13*0.03046) -> 127.23142 | HB13: =SUM(GZ13+HA13+2.85)*1.07 -> 677.43576 | HC13: =SUM(BO13) -> 43573 | HD13: 43568 | HE13: 3.757 | HF13: =SUM(HD13-HD7)*40 -> 9080 | HG13: =SUM(HE13)*40 -> 150.28 | HH13: =SUM(HF13*0.03699) -> 335.8692 | HI13: =SUM(HF13*0.03046) -> 276.5768 | HJ13: =SUM(HG13*7.447) -> 1119.1352 | HK13: =SUM(HI13+HH13+20)*1.1048 -> 698.72634 | HL13: =SUM(GH13+GQ13+GY13+HF13) -> 92357 | HM13: =SUM(HK13+HB13+GV13+GM13) -> 7314.788 | HN13: =SUM(GL13+GU13+HJ13) -> 2610.7693 | HO13: =SUM(HM13:HN13) -> 9925.5573 | HQ13: =(FY13+HL13) -> 1527568 | HR13: =(FZ13+HM13) -> 106313.29 | HS13: =(GA13+HN13) -> 25520.273 | HT13: =(HR13+HS13) -> 131833.57
B14: 43528 | C14: 73703 | D14: 2.204 | E14: =SUM(C14-C13)*160 -> 6400 | G14: 68923 | H14: 2.286 | I14: =SUM(G14-G13)*160 -> 25120 | K14: 8336 | L14: 3.71 | M14: =SUM(K14-K13)*400 -> 6800 | O14: 8321 | P14: 0.254 | Q14: =SUM(O14-O13)*400 -> 6800 | S14: 8927 | T14: 0.273 | U14: =SUM(S14-S13)*400 -> 6800 | W14: 57690 | X14: 2.611 | Y14: =SUM(W14-W13)*300 -> 29700 | AA14: 55021 | AB14: 2.276 | AC14: =SUM(AA14-AA13)*300 -> 29400 | AE14: 14285 | AF14: 3.85 | AG14: =SUM(AE14-AE13)*160 -> 3840 | AI14: 9808 | AJ14: 0.357 | AK14: =SUM(AI14-AI13)*160 -> 2560 | AM14: 70992 | AN14: 2.172 | AO14: =SUM(AM14-AM13)*200 -> 23600 | AQ14: 13730 | AR14: 0.378 | AS14: =SUM(AQ14-AQ13)*40 -> 1040 | AU14: 29025 | AW14: =SUM(AU14-AU13) -> 340 | AZ14: =SUM(AO14+AK14+AG14+AC14+Y14+U14+Q14+M14+I14+E14+AS14+AW14) -> 142400 | BA14: =SUM(AO14+AS14) -> 24640 | BB14: =SUM(BA14/AZ14) -> 0.17303371 | BE14: =B14 -> 43528 | BF14: 49101 | BG14: =SUM(BF14-BF13)*100 -> 9000 | BI14: 6274 | BJ14: =SUM(BI14-BI13)*100 -> 900 | BL14: 46406 | BM14: =SUM(BL14-BL13) -> 508 | BO14: 43620 | BP14: =SUM(BO14-BO13)*40 -> 1880 | BS14: =SUM(BG14+BJ14,BM14,BP14) -> 12288 | BY14: =SUM(AU14) -> 29025 | CC14: =SUM(G14) -> 68923 | CL14: =SUM(C14) -> 73703 | CU14: =SUM(W14) -> 57690 | DD14: =SUM(AQ14) -> 13730 | DM14: =SUM(AA14) -> 55021 | DV14: =SUM(O14) -> 8321 | EE14: =SUM(W14) -> 57690 | EN14: =SUM(S14) -> 8927 | EW14: =SUM(AE14) -> 14285 | FF14: =SUM(AI14) -> 9808 | FO14: =SUM(AM14) -> 70992 | GE14: =SUM(BI14) -> 6274 | GN14: =SUM(BF14) -> 49101 | GW14: =SUM(BL14) -> 46406 | HC14: =SUM(BO14) -> 43620
B15: 43534 | C15: 73985 | D15: 2.204 | E15: =SUM(C15-C14)*160 -> 45120 | G15: 69213 | H15: 2.285 | I15: =SUM(G15-G14)*160 -> 46400 | K15: 8368 | L15: 2.71 | M15: =SUM(K15-K14)*400 -> 12800 | O15: 8351 | P15: 0.254 | Q15: =SUM(O15-O14)*400 -> 12000 | S15: 8959 | T15: 0.273 | U15: =SUM(S15-S14)*400 -> 12800 | W15: 57837 | X15: 2.611 | Y15: =SUM(W15-W14)*300 -> 44100 | AA15: 55172 | AB15: 2.276 | AC15: =SUM(AA15-AA14)*300 -> 45300 | AE15: 14331 | AF15: 4.26 | AG15: =SUM(AE15-AE14)*160 -> 7360 | AI15: 9840 | AJ15: 0.383 | AK15: =SUM(AI15-AI14)*160 -> 5120 | AM15: 71239 | AN15: 2.172 | AO15: =SUM(AM15-AM14)*200 -> 49400 | AQ15: 13777 | AR15: 0.394 | AS15: =SUM(AQ15-AQ14)*40 -> 1880 | AU15: 29618 | AW15: =SUM(AU15-AU14) -> 593 | AZ15: =SUM(AO15+AK15+AG15+AC15+Y15+U15+Q15+M15+I15+E15+AS15+AW15) -> 282873 | BA15: =SUM(AO15+AS15) -> 51280 | BB15: =SUM(BA15/AZ15) -> 0.18128277 | BE15: =B15 -> 43534 | BF15: 49252 | BG15: =SUM(BF15-BF14)*100 -> 15100 | BI15: 6292 | BJ15: =SUM(BI15-BI14)*100 -> 1800 | BL15: 47291 | BM15: =SUM(BL15-BL14) -> 885 | BO15: 43703 | BP15: =SUM(BO15-BO14)*40 -> 3320 | BS15: =SUM(BG15+BJ15,BM15,BP15) -> 21105 | BY15: =SUM(AU15) -> 29618 | CC15: =SUM(G15) -> 69213 | CL15: =SUM(C15) -> 73985 | CU15: =SUM(W15) -> 57837 | DD15: =SUM(AQ15) -> 13777 | DM15: =SUM(AA15) -> 55172 | DV15: =SUM(O15) -> 8351 | EE15: =SUM(W15) -> 57837 | EN15: =SUM(S15) -> 8959 | EW15: =SUM(AE15) -> 14331 | FF15: =SUM(AI15) -> 9840 | FO15: =SUM(AM15) -> 71239 | GE15: =SUM(BI15) -> 6292 | GN15: =SUM(BF15) -> 49252 | GW15: =SUM(BL15) -> 47291 | HC15: =SUM(BO15) -> 43703
B16: 43541 | C16: 74273 | D16: 2.204 | E16: =SUM(C16-C15)*160 -> 46080 | G16: 69505 | H16: 2.285 | I16: =SUM(G16-G15)*160 -> 46720 | K16: 8397 | L16: 2.71 | M16: =SUM(K16-K15)*400 -> 11600 | O16: 8380 | P16: 0.254 | Q16: =SUM(O16-O15)*400 -> 11600 | S16: 8991 | T16: 0.273 | U16: =SUM(S16-S15)*400 -> 12800 | W16: 58047 | X16: 2.611 | Y16: =SUM(W16-W15)*300 -> 63000 | AA16: 55313 | AB16: 2.276 | AC16: =SUM(AA16-AA15)*300 -> 42300 | AE16: 14379 | AF16: 4.95 | AG16: =SUM(AE16-AE15)*160 -> 7680 | AI16: 9870 | AJ16: 0.383 | AK16: =SUM(AI16-AI15)*160 -> 4800 | AM16: 71497 | AN16: 2.172 | AO16: =SUM(AM16-AM15)*200 -> 51600 | AQ16: 13827 | AR16: 0.398 | AS16: =SUM(AQ16-AQ15)*40 -> 2000 | AU16: 30229 | AW16: =SUM(AU16-AU15) -> 611 | AZ16: =SUM(AO16+AK16+AG16+AC16+Y16+U16+Q16+M16+I16+E16+AS16+AW16) -> 300791 | BA16: =SUM(AO16+AS16) -> 53600 | BB16: =SUM(BA16/AZ16) -> 0.17819682 | BE16: =B16 -> 43541 | BF16: 49410 | BG16: =SUM(BF16-BF15)*100 -> 15800 | BI16: 6309 | BJ16: =SUM(BI16-BI15)*100 -> 1700 | BL16: 48172 | BM16: =SUM(BL16-BL15) -> 881 | BO16: 43789 | BP16: =SUM(BO16-BO15)*40 -> 3440 | BS16: =SUM(BG16+BJ16,BM16,BP16) -> 21821 | BY16: =SUM(AU16) -> 30229 | CC16: =SUM(G16) -> 69505 | CL16: =SUM(C16) -> 74273 | CU16: =SUM(W16) -> 58047 | DD16: =SUM(AQ16) -> 13827 | DM16: =SUM(AA16) -> 55313 | DV16: =SUM(O16) -> 8380 | EE16: =SUM(W16) -> 58047 | EN16: =SUM(S16) -> 8991 | EW16: =SUM(AE16) -> 14379 | FF16: =SUM(AI16) -> 9870 | FO16: =SUM(AM16) -> 71497 | GE16: =SUM(BI16) -> 6309 | GN16: =SUM(BF16) -> 49410 | GW16: =SUM(BL16) -> 48172 | HC16: =SUM(BO16) -> 43789
B17: 43548 | C17: 74561 | D17: 2.053 | E17: =SUM(C17-C16)*160 -> 46080 | G17: 69801 | H17: 2.178 | I17: =SUM(G17-G16)*160 -> 47360 | K17: 8429 | L17: 0.317 | M17: =SUM(K17-K16)*400 -> 12800 | O17: 8411 | P17: 0.237 | Q17: =SUM(O17-O16)*400 -> 12400 | S17: 9025 | T17: 0.257 | U17: =SUM(S17-S16)*400 -> 13600 | W17: 58217 | X17: 1.488 | Y17: =SUM(W17-W16)*300 -> 51000 | AA17: 55397 | AB17: 0.691 | AC17: =SUM(AA17-AA16)*300 -> 25200 | AE17: 14422 | AF17: 0.366 | AG17: =SUM(AE17-AE16)*160 -> 6880 | AI17: 9896 | AJ17: 0.259 | AK17: =SUM(AI17-AI16)*160 -> 4160 | AM17: 71726 | AN17: 1.942 | AO17: =SUM(AM17-AM16)*200 -> 45800 | AQ17: 13877 | AR17: 0.373 | AS17: =SUM(AQ17-AQ16)*40 -> 2000 | AU17: 30821 | AW17: =SUM(AU17-AU16) -> 592 | AZ17: =SUM(AO17+AK17+AG17+AC17+Y17+U17+Q17+M17+I17+E17+AS17+AW17) -> 267872 | BA17: =SUM(AO17+AS17) -> 47800 | BB17: =SUM(BA17/AZ17) -> 0.17844344 | BE17: =B17 -> 43548 | BF17: 49547 | BG17: =SUM(BF17-BF16)*100 -> 13700 | BI17: 6326 | BJ17: =SUM(BI17-BI16)*100 -> 1700 | BL17: 49049 | BM17: =SUM(BL17-BL16) -> 877 | BO17: 43866 | BP17: =SUM(BO17-BO16)*40 -> 3080 | BS17: =SUM(BG17+BJ17,BM17,BP17) -> 19357 | BY17: =SUM(AU17) -> 30821 | CC17: =SUM(G17) -> 69801 | CL17: =SUM(C17) -> 74561 | CU17: =SUM(W17) -> 58217 | DD17: =SUM(AQ17) -> 13877 | DM17: =SUM(AA17) -> 55397 | DV17: =SUM(O17) -> 8411 | EE17: =SUM(W17) -> 58217 | EN17: =SUM(S17) -> 9025 | EW17: =SUM(AE17) -> 14422 | FF17: =SUM(AI17) -> 9896 | FO17: =SUM(AM17) -> 71726 | GE17: =SUM(BI17) -> 6326 | GN17: =SUM(BF17) -> 49547 | GW17: =SUM(BL17) -> 49049 | HC17: =SUM(BO17) -> 43866
B18: 43556 | C18: 74843 | D18: 2.071 | E18: =SUM(C18-C17)*160 -> 45120 | G18: 70091 | H18: 2.178 | I18: =SUM(G18-G17)*160 -> 46400 | K18: 8461 | L18: 0.326 | M18: =SUM(K18-K17)*400 -> 12800 | O18: 8442 | P18: 0.243 | Q18: =SUM(O18-O17)*400 -> 12400 | S18: 9053 | T18: 0.314 | U18: =SUM(S18-S17)*400 -> 11200 | W18: 58342 | X18: 1.884 | Y18: =SUM(W18-W17)*300 -> 37500 | AA18: 55564 | AB18: 1.766 | AC18: =SUM(AA18-AA17)*300 -> 50100 | AE18: 14464 | AF18: 0.378 | AG18: =SUM(AE18-AE17)*160 -> 6720 | AI18: 9923 | AJ18: 0.319 | AK18: =SUM(AI18-AI17)*160 -> 4320 | AM18: 71965 | AN18: 1.942 | AO18: =SUM(AM18-AM17)*200 -> 47800 | AQ18: 13921 | AR18: 0.373 | AS18: =SUM(AQ18-AQ17)*40 -> 1760 | AU18: 31365 | AW18: =SUM(AU18-AU17) -> 544 | AZ18: =SUM(AO18+AK18+AG18+AC18+Y18+U18+Q18+M18+I18+E18+AS18+AW18) -> 276664 | BA18: =SUM(AO18+AS18) -> 49560 | BB18: =SUM(BA18/AZ18) -> 0.17913426 | BC18: =SUM(AZ14:AZ18) -> 1270600 | BE18: =B18 -> 43556 | BF18: 49699 | BG18: =SUM(BF18-BF17)*100 -> 15200 | BI18: 6344 | BJ18: =SUM(BI18-BI17)*100 -> 1800 | BL18: 49930 | BM18: =SUM(BL18-BL17) -> 881 | BO18: 43971 | BP18: =SUM(BO18-BO17)*40 -> 4200 | BS18: =SUM(BG18+BJ18,BM18,BP18) -> 22081 | BT18: =SUM(BS14:BS18) -> 96652 | BU18: =SUM(BC18+BT18) -> 1367252 | BY18: =SUM(AU18) -> 31365 | BZ18: 30840 | CA18: =SUM(BZ18-BZ13) -> 2422 | CB18: =SUM(CA18*0.12043+CA18*0.03046)*1.08+1.91 -> 396.60203 | CC18: =SUM(G18) -> 70091 | CD18: 69884 | CE18: 2.286 | CF18: =SUM(CD18-CD13)*160 -> 188000 | CG18: =(CE18)*160 -> 365.76 | CH18: =SUM(CF18*0.04326) -> 8132.88 | CI18: =SUM(CF18*0.02111) -> 3968.68 | CJ18: =SUM(CG18*7.447) -> 2723.8147 | CK18: =SUM(CH18+CI18) -> 12101.56 | CL18: =SUM(C18) -> 74843 | CM18: 74641 | CN18: 2.204 | CO18: =SUM(CM18-CM13)*160 -> 183200 | CP18: =(CN18)*160 -> 352.64 | CQ18: =SUM(CO18*0.04326) -> 7925.232 | CR18: =SUM(CO18*0.02111) -> 3867.352 | CS18: =SUM(CP18*7.447) -> 2626.1101 | CT18: =SUM(CQ18+CR18)+45 -> 11837.584 | CU18: =SUM(W18) -> 58342 | CV18: 58262 | CW18: 2.611 | CX18: =SUM(CV18-CV13)*300 -> 212400 | CY18: =(CW18)*300 -> 783.3 | CZ18: =SUM(CX18*0.04326) -> 9188.424 | DA18: =SUM(CX18*0.02111) -> 4483.764 | DB18: =SUM(CY18*7.447) -> 5833.2351 | DC18: =SUM(CZ18+DA18)+45 -> 13717.188 | DD18: =SUM(AQ18) -> 13921 | DE18: 13889 | DF18: 0.404 | DG18: =(DE18-DE13)*40 -> 7760 | DH18: =(DF18)*40 -> 16.16 | DI18: =SUM(DG18*0.04326) -> 335.6976 | DJ18: =SUM(DG18*0.02111) -> 163.8136 | DK18: =SUM(DH18*7.447) -> 120.34352 | DL18: =SUM(DI18+DJ18)+24 -> 523.5112 | DM18: =SUM(AA18) -> 55564 | DN18: 55446 | DO18: 2.276 | DP18: =SUM(DN18-DN13)*300 -> 167100 | DQ18: =(DO18)*300 -> 682.8 | DR18: =SUM(DP18*0.04326) -> 7228.746 | DS18: =SUM(DP18*0.02111) -> 3527.481 | DT18: =SUM(DQ18*7.447) -> 5084.8116 | DU18: =SUM(DR18+DS18)+45 -> 10801.227 | DV18: =SUM(O18) -> 8442 | DW18: 8420 | DX18: 0.254 | DY18: =SUM(DW18-DW13)*400 -> 49600 | DZ18: =(DX18)*400 -> 101.6 | EA18: =SUM(DY18*0.04326) -> 2145.696 | EB18: =SUM(DY18*0.02111) -> 1047.056 | EC18: =SUM(DZ18*7.447) -> 756.6152 | ED18: =SUM(EA18+EB18)+40 -> 3232.752 | EE18: =SUM(W18) -> 58342 | EF18: 8438 | EG18: 0.318 | EH18: =SUM(EF18-EF13)*400 -> 49600 | EI18: =(EG18)*400 -> 127.2 | EJ18: =SUM(EH18*0.04326) -> 2145.696 | EK18: =SUM(EH18*0.02111) -> 1047.056 | EL18: =SUM(EI18*7.447) -> 947.2584 | EM18: =SUM(EJ18+EK18)+20 -> 3212.752 | EN18: =SUM(S18) -> 9053 | EO18: 9034 | EP18: 0.287 | EQ18: =SUM(EO18-EO13)*400 -> 52000 | ER18: =(EP18)*400 -> 114.8 | ES18: =SUM(EQ18*0.04326) -> 2249.52 | ET18: =SUM(EQ18*0.02111) -> 1097.72 | EU18: =SUM(ER18*7.447) -> 854.9156 | EV18: =SUM(ES18+ET18)+20 -> 3367.24 | EW18: =SUM(AE18) -> 14464 | EX18: 14434 | EY18: 0.496 | EZ18: =SUM(EX18-EX13)*160 -> 29280 | FA18: =(EY18)*160 -> 79.36 | FB18: =SUM(EZ18*0.04326) -> 1266.6528 | FC18: =SUM(EZ18*0.02111) -> 618.1008 | FD18: =SUM(FA18*7.447) -> 590.99392 | FE18: =SUM(FB18+FC18)+20 -> 1904.7536 | FF18: =SUM(AI18) -> 9923 | FG18: 9904 | FH18: 0.383 | FI18: =SUM(FG18-FG13)*160 -> 19040 | FJ18: =(FH18)*160 -> 61.28 | FK18: =SUM(FI18*0.04326) -> 823.6704 | FL18: =SUM(FI18*0.02111) -> 401.9344 | FM18: =SUM(FJ18*7.447) -> 456.35216 | FN18: =SUM(FK18+FL18)+20 -> 1245.6048 | FO18: =SUM(AM18) -> 71965 | FP18: 71796 | FQ18: 2.172 | FR18: =SUM(FP18-FP13)*200 -> 193200 | FS18: =(FQ18)*200 -> 434.4 | FT18: =SUM(FR18*0.04326) -> 8357.832 | FU18: =SUM(FR18*0.02111) -> 4078.452 | FV18: =SUM(FS18*7.447) -> 3234.9768 | FW18: =SUM((FT18+FU18)+20)*1.09 -> 13577.35 | FY18: =SUM(CA18+CF18+CO18+CX18+DG18+DP18+DY18+EH18+EQ18+EZ18+FI18+FR18) -> 1153602 | FZ18: =SUM(CB18+CK18,CT18,DC18,DL18,DU18,ED18,EM18,EV18,FE18,FN18+FW18) -> 75918.124 | GA18: =SUM(CJ18,CS18,DB18,DK18,DT18,EC18,EL18,EU18,FD18,FM18,FV18) -> 23229.427 | GB18: =SUM(FZ18:GA18) -> 99147.551 | GE18: =SUM(BI18) -> 6344 | GF18: 6331 | GG18: 0.231 | GH18: =SUM(GF18-GF13)*100 -> 7000 | GI18: =SUM(GG18)*100 -> 23.1 | GJ18: =SUM(GH18*0.04326) -> 302.82 | GK18: =SUM(GH18*0.02111) -> 147.77 | GL18: =SUM(GI18*7.447) -> 172.0257 | GM18: =SUM(GK18+GJ18+20)*1.1048 -> 519.90783 | GN18: =SUM(BF18) -> 49699 | GO18: 49590 | GP18: 1.781 | GQ18: =SUM(GO18-GO13)*100 -> 60500 | GR18: =SUM(GP18)*100 -> 178.1 | GS18: =SUM(GQ18*0.04326) -> 2617.23 | GT18: =SUM(GQ18*0.02111) -> 1277.155 | GU18: =SUM(GR18*7.447) -> 1326.3107 | GV18: =SUM(GT18+GS18+20)*1.1048 -> 4324.6125 | GW18: =SUM(BL18) -> 49930 | GX18: 49294 | GY18: =SUM(GX18-GX13) -> 3535 | GZ18: =SUM(GY18*0.12673) -> 447.99055 | HA18: =SUM(GY18*0.02111) -> 74.62385 | HB18: =SUM(GZ18+HA18+2.85)*1.07 -> 562.24691 | HC18: =SUM(BO18) -> 43971 | HD18: 43904 | HE18: 3.392 | HF18: =SUM(HD18-HD13)*40 -> 13440 | HG18: =SUM(HE18)*40 -> 135.68 | HH18: =SUM(HF18*0.04326) -> 581.4144 | HI18: =SUM(HF18*0.02111) -> 283.7184 | HJ18: =SUM(HG18*7.447) -> 1010.409 | HK18: =SUM(HI18+HH18+20)*1.1048 -> 977.89472 | HL18: =SUM(GH18+GQ18+GY18+HF18) -> 84475 | HM18: =SUM(HK18+HB18+GV18+GM18) -> 6384.662 | HN18: =SUM(GL18+GU18+HJ18) -> 2508.7454 | HO18: =SUM(HM18:HN18) -> 8893.4074 | HQ18: =(FY18+HL18) -> 1238077 | HR18: =(FZ18+HM18) -> 82302.786 | HS18: =(GA18+HN18) -> 25738.172 | HT18: =(HR18+HS18) -> 108040.96
B19: 43563 | C19: 75130 | D19: 2.071 | E19: =SUM(C19-C18)*160 -> 45920 | G19: 70385 | H19: 2.311 | I19: =SUM(G19-G18)*160 -> 47040 | K19: 8491 | L19: 0.326 | M19: =SUM(K19-K18)*400 -> 12000 | O19: 8472 | P19: 0.243 | Q19: =SUM(O19-O18)*400 -> 12000 | S19: 9090 | T19: 0.314 | U19: =SUM(S19-S18)*400 -> 14800 | W19: 58513 | X19: 1.955 | Y19: =SUM(W19-W18)*300 -> 51300 | AA19: 55721 | AB19: 1.93 | AC19: =SUM(AA19-AA18)*300 -> 47100 | AE19: 14506 | AF19: 0.378 | AG19: =SUM(AE19-AE18)*160 -> 6720 | AI19: 9949 | AJ19: 0.319 | AK19: =SUM(AI19-AI18)*160 -> 4160 | AM19: 72207 | AN19: 1.942 | AO19: =SUM(AM19-AM18)*200 -> 48400 | AQ19: 13966 | AR19: 0.373 | AS19: =SUM(AQ19-AQ18)*40 -> 1800 | AU19: 31913 | AW19: =SUM(AU19-AU18) -> 548 | AZ19: =SUM(AO19+AK19+AG19+AC19+Y19+U19+Q19+M19+I19+E19+AS19+AW19) -> 291788 | BA19: =SUM(AO19+AS19) -> 50200 | BB19: =SUM(BA19/AZ19) -> 0.17204272 | BE19: =B19 -> 43563 | BF19: 49883 | BG19: =SUM(BF19-BF18)*100 -> 18400 | BI19: 6366 | BJ19: =SUM(BI19-BI18)*100 -> 2200 | BL19: 50947 | BM19: =SUM(BL19-BL18) -> 1017 | BO19: 44087 | BP19: =SUM(BO19-BO18)*40 -> 4640 | BS19: =SUM(BG19+BJ19,BM19,BP19) -> 26257 | BY19: =SUM(AU19) -> 31913 | CC19: =SUM(G19) -> 70385 | CL19: =SUM(C19) -> 75130 | CU19: =SUM(W19) -> 58513 | DD19: =SUM(AQ19) -> 13966 | DM19: =SUM(AA19) -> 55721 | DV19: =SUM(O19) -> 8472 | EE19: =SUM(W19) -> 58513 | EN19: =SUM(S19) -> 9090 | EW19: =SUM(AE19) -> 14506 | FF19: =SUM(AI19) -> 9949 | FO19: =SUM(AM19) -> 72207 | GE19: =SUM(BI19) -> 6366 | GN19: =SUM(BF19) -> 49883 | GW19: =SUM(BL19) -> 50947 | HC19: =SUM(BO19) -> 44087
B20: 43569 | C20: 75417 | D20: 2.139 | E20: =SUM(C20-C19)*160 -> 45920 | G20: 70676 | H20: 2.311 | I20: =SUM(G20-G19)*160 -> 46560 | K20: 8522 | L20: 0.326 | M20: =SUM(K20-K19)*400 -> 12400 | O20: 8503 | P20: 0.244 | Q20: =SUM(O20-O19)*400 -> 12400 | S20: 9122 | T20: 0.314 | U20: =SUM(S20-S19)*400 -> 12800 | W20: 58741 | X20: 2.831 | Y20: =SUM(W20-W19)*300 -> 68400 | AA20: 55983 | AB20: 2.197 | AC20: =SUM(AA20-AA19)*300 -> 78600 | AE20: 14553 | AF20: 0.429 | AG20: =SUM(AE20-AE19)*160 -> 7520 | AI20: 9980 | AJ20: 0.429 | AK20: =SUM(AI20-AI19)*160 -> 4960 | AM20: 72458 | AN20: 1.991 | AO20: =SUM(AM20-AM19)*200 -> 50200 | AQ20: 14011 | AR20: 0.373 | AS20: =SUM(AQ20-AQ19)*40 -> 1800 | AU20: 32477 | AW20: =SUM(AU20-AU19) -> 564 | AZ20: =SUM(AO20+AK20+AG20+AC20+Y20+U20+Q20+M20+I20+E20+AS20+AW20) -> 342124 | BA20: =SUM(AO20+AS20) -> 52000 | BB20: =SUM(BA20/AZ20) -> 0.15199168 | BE20: =B20 -> 43569 | BF20: 50036 | BG20: =SUM(BF20-BF19)*100 -> 15300 | BI20: 6383 | BJ20: =SUM(BI20-BI19)*100 -> 1700 | BL20: 51705 | BM20: =SUM(BL20-BL19) -> 758 | BO20: 44132 | BP20: =SUM(BO20-BO19)*40 -> 1800 | BS20: =SUM(BG20+BJ20,BM20,BP20) -> 19558 | BY20: =SUM(AU20) -> 32477 | CC20: =SUM(G20) -> 70676 | CL20: =SUM(C20) -> 75417 | CU20: =SUM(W20) -> 58741 | DD20: =SUM(AQ20) -> 14011 | DM20: =SUM(AA20) -> 55983 | DV20: =SUM(O20) -> 8503 | EE20: =SUM(W20) -> 58741 | EN20: =SUM(S20) -> 9122 | EW20: =SUM(AE20) -> 14553 | FF20: =SUM(AI20) -> 9980 | FO20: =SUM(AM20) -> 72458 | GE20: =SUM(BI20) -> 6383 | GN20: =SUM(BF20) -> 50036 | GW20: =SUM(BL20) -> 51705 | HC20: =SUM(BO20) -> 44132
B21: 43576 | C21: 75708 | D21: 1.693 | E21: =SUM(C21-C20)*160 -> 46560 | G21: 70979 | H21: 1.487 | I21: =SUM(G21-G20)*160 -> 48480 | K21: 8554 | L21: 0.154 | M21: =SUM(K21-K20)*400 -> 12800 | O21: 8535 | P21: 0.161 | Q21: =SUM(O21-O20)*400 -> 12800 | S21: 9155 | T21: 0.165 | U21: =SUM(S21-S20)*400 -> 13200 | W21: 58937 | X21: 2.831 | Y21: =SUM(W21-W20)*300 -> 58800 | AA21: 56046 | AB21: 0.441 | AC21: =SUM(AA21-AA20)*300 -> 18900 | AE21: 14593 | AF21: 0.222 | AG21: =SUM(AE21-AE20)*160 -> 6400 | AI21: 10001 | AJ21: 0.107 | AK21: =SUM(AI21-AI20)*160 -> 3360 | AM21: 72709 | AN21: 1.112 | AO21: =SUM(AM21-AM20)*200 -> 50200 | AQ21: 14034 | AR21: 0.315 | AS21: =SUM(AQ21-AQ20)*40 -> 920 | AU21: 33036 | AW21: =SUM(AU21-AU20) -> 559 | AZ21: =SUM(AO21+AK21+AG21+AC21+Y21+U21+Q21+M21+I21+E21+AS21+AW21) -> 272979 | BA21: =SUM(AO21+AS21) -> 51120 | BB21: =SUM(BA21/AZ21) -> 0.18726715 | BE21: =B21 -> 43576 | BF21: 50192 | BG21: =SUM(BF21-BF20)*100 -> 15600 | BI21: 6404 | BJ21: =SUM(BI21-BI20)*100 -> 2100 | BL21: 52584 | BM21: =SUM(BL21-BL20) -> 879 | BO21: 44202 | BP21: =SUM(BO21-BO20)*40 -> 2800 | BS21: =SUM(BG21+BJ21,BM21,BP21) -> 21379 | BY21: =SUM(AU21) -> 33036 | CC21: =SUM(G21) -> 70979 | CL21: =SUM(C21) -> 75708 | CU21: =SUM(W21) -> 58937 | DD21: =SUM(AQ21) -> 14034 | DM21: =SUM(AA21) -> 56046 | DV21: =SUM(O21) -> 8535 | EE21: =SUM(W21) -> 58937 | EN21: =SUM(S21) -> 9155 | EW21: =SUM(AE21) -> 14593 | FF21: =SUM(AI21) -> 10001 | FO21: =SUM(AM21) -> 72709 | GE21: =SUM(BI21) -> 6404 | GN21: =SUM(BF21) -> 50192 | GW21: =SUM(BL21) -> 52584 | HC21: =SUM(BO21) -> 44202
B22: 43583 | C22: 75989 | D22: 2.072 | E22: =SUM(C22-C21)*160 -> 44960 | G22: 71267 | H22: 2.292 | I22: =SUM(G22-G21)*160 -> 46080 | K22: 8582 | L22: 0.246 | M22: =SUM(K22-K21)*400 -> 11200 | O22: 8563 | P22: 0.225 | Q22: =SUM(O22-O21)*400 -> 11200 | S22: 9186 | T22: 0.314 | U22: =SUM(S22-S21)*400 -> 12400 | W22: 59114 | X22: 2.074 | Y22: =SUM(W22-W21)*300 -> 53100 | AA22: 56205 | AB22: 2.081 | AC22: =SUM(AA22-AA21)*300 -> 47700 | AE22: 14647 | AF22: 0.561 | AG22: =SUM(AE22-AE21)*160 -> 8640 | AI22: 10030 | AJ22: 0.3 | AK22: =SUM(AI22-AI21)*160 -> 4640 | AM22: 72950 | AN22: 1.948 | AO22: =SUM(AM22-AM21)*200 -> 48200 | AQ22: 14094 | AR22: 0.367 | AS22: =SUM(AQ22-AQ21)*40 -> 2400 | AU22: 33532 | AW22: =SUM(AU22-AU21) -> 496 | AZ22: =SUM(AO22+AK22+AG22+AC22+Y22+U22+Q22+M22+I22+E22+AS22+AW22) -> 291016 | BA22: =SUM(AO22+AS22) -> 50600 | BB22: =SUM(BA22/AZ22) -> 0.1738736 | BE22: =B22 -> 43583 | BF22: 50353 | BG22: =SUM(BF22-BF21)*100 -> 16100 | BI22: 6422 | BJ22: =SUM(BI22-BI21)*100 -> 1800 | BL22: 53463 | BM22: =SUM(BL22-BL21) -> 879 | BO22: 44357 | BP22: =SUM(BO22-BO21)*40 -> 6200 | BS22: =SUM(BG22+BJ22,BM22,BP22) -> 24979 | BY22: =SUM(AU22) -> 33532 | BZ22: 33126 | CA22: =SUM(BZ22-BZ18) -> 2286 | CB22: =SUM(CA22*0.12043+CA22*0.03046)*1.08+1.91 -> 374.4393 | CC22: =SUM(G22) -> 71267 | CD22: 71183 | CE22: 2.489 | CF22: =SUM(CD22-CD18)*160 -> 207840 | CG22: =(CE22)*160 -> 398.24 | CH22: =SUM(CF22*0.04326) -> 8991.1584 | CI22: =SUM(CF22*0.02111) -> 4387.5024 | CJ22: =SUM(CG22*7.447) -> 2965.6933 | CK22: =SUM(CH22+CI22) -> 13378.661 | CL22: =SUM(C22) -> 75989 | CM22: 75905 | CN22: 2.139 | CO22: =SUM(CM22-CM18)*160 -> 202240 | CP22: =(CN22)*160 -> 342.24 | CQ22: =SUM(CO22*0.04326) -> 8748.9024 | CR22: =SUM(CO22*0.02111) -> 4269.2864 | CS22: =SUM(CP22*7.447) -> 2548.6613 | CT22: =SUM(CQ22+CR22)+45 -> 13063.189 | CU22: =SUM(W22) -> 59114 | CV22: 59073 | CW22: 2.831 | CX22: =SUM(CV22-CV18)*300 -> 243300 | CY22: =(CW22)*300 -> 849.3 | CZ22: =SUM(CX22*0.04326) -> 10525.158 | DA22: =SUM(CX22*0.02111) -> 5136.063 | DB22: =SUM(CY22*7.447) -> 6324.7371 | DC22: =SUM(CZ22+DA22)+45 -> 15706.221 | DD22: =SUM(AQ22) -> 14094 | DE22: 14081 | DF22: 0.373 | DG22: =(DE22-DE18)*40 -> 7680 | DH22: =(DF22)*40 -> 14.92 | DI22: =SUM(DG22*0.04326) -> 332.2368 | DJ22: =SUM(DG22*0.02111) -> 162.1248 | DK22: =SUM(DH22*7.447) -> 111.10924 | DL22: =SUM(DI22+DJ22)+24 -> 518.3616 | DM22: =SUM(AA22) -> 56205 | DN22: 56093 | DO22: 2.197 | DP22: =SUM(DN22-DN18)*300 -> 194100 | DQ22: =(DO22)*300 -> 659.1 | DR22: =SUM(DP22*0.04326) -> 8396.766 | DS22: =SUM(DP22*0.02111) -> 4097.451 | DT22: =SUM(DQ22*7.447) -> 4908.3177 | DU22: =SUM(DR22+DS22)+45 -> 12539.217 | DV22: =SUM(O22) -> 8563 | DW22: 8554 | DX22: 0.244 | DY22: =SUM(DW22-DW18)*400 -> 53600 | DZ22: =(DX22)*400 -> 97.6 | EA22: =SUM(DY22*0.04326) -> 2318.736 | EB22: =SUM(DY22*0.02111) -> 1131.496 | EC22: =SUM(DZ22*7.447) -> 726.8272 | ED22: =SUM(EA22+EB22)+40 -> 3490.232 | EE22: =SUM(W22) -> 59114 | EF22: 8573 | EG22: 0.327 | EH22: =SUM(EF22-EF18)*400 -> 54000 | EI22: =(EG22)*400 -> 130.8 | EJ22: =SUM(EH22*0.04326) -> 2336.04 | EK22: =SUM(EH22*0.02111) -> 1139.94 | EL22: =SUM(EI22*7.447) -> 974.0676 | EM22: =SUM(EJ22+EK22)+20 -> 3495.98 | EN22: =SUM(S22) -> 9186 | EO22: 9177 | EP22: 0.316 | EQ22: =SUM(EO22-EO18)*400 -> 57200 | ER22: =(EP22)*400 -> 126.4 | ES22: =SUM(EQ22*0.04326) -> 2474.472 | ET22: =SUM(EQ22*0.02111) -> 1207.492 | EU22: =SUM(ER22*7.447) -> 941.3008 | EV22: =SUM(ES22+ET22)+20 -> 3701.964 | EW22: =SUM(AE22) -> 14647 | EX22: 14615 | EY22: 0.429 | EZ22: =SUM(EX22-EX18)*160 -> 28960 | FA22: =(EY22)*160 -> 68.64 | FB22: =SUM(EZ22*0.04326) -> 1252.8096 | FC22: =SUM(EZ22*0.02111) -> 611.3456 | FD22: =SUM(FA22*7.447) -> 511.16208 | FE22: =SUM(FB22+FC22)+20 -> 1884.1552 | FF22: =SUM(AI22) -> 10030 | FG22: 10020 | FH22: 0.429 | FI22: =SUM(FG22-FG18)*160 -> 18560 | FJ22: =(FH22)*160 -> 68.64 | FK22: =SUM(FI22*0.04326) -> 802.9056 | FL22: =SUM(FI22*0.02111) -> 391.8016 | FM22: =SUM(FJ22*7.447) -> 511.16208 | FN22: =SUM(FK22+FL22)+20 -> 1214.7072 | FO22: =SUM(AM22) -> 72950 | FP22: 72877 | FQ22: 2.122 | FR22: =SUM(FP22-FP18)*200 -> 216200 | FS22: =(FQ22)*200 -> 424.4 | FT22: =SUM(FR22*0.04326) -> 9352.812 | FU22: =SUM(FR22*0.02111) -> 4563.982 | FV22: =SUM(FS22*7.447) -> 3160.5068 | FW22: =SUM((FT22+FU22)+20)*1.09 -> 15191.105 | FY22: =SUM(CA22+CF22+CO22+CX22+DG22+DP22+DY22+EH22+EQ22+EZ22+FI22+FR22) -> 1285966 | FZ22: =SUM(CB22+CK22,CT22,DC22,DL22,DU22,ED22,EM22,EV22,FE22,FN22+FW22) -> 84558.232 | GA22: =SUM(CJ22,CS22,DB22,DK22,DT22,EC22,EL22,EU22,FD22,FM22,FV22) -> 23683.545 | GB22: =SUM(FZ22:GA22) -> 108241.78 | GE22: =SUM(BI22) -> 6422 | GF22: 6411 | GG22: 0.249 | GH22: =SUM(GF22-GF18)*100 -> 8000 | GI22: =SUM(GG22)*100 -> 24.9 | GJ22: =SUM(GH22*0.04326) -> 346.08 | GK22: =SUM(GH22*0.02111) -> 168.88 | GL22: =SUM(GI22*7.447) -> 185.4303 | GM22: =SUM(GK22+GJ22+20)*1.1048 -> 591.02381 | GN22: =SUM(BF22) -> 50353 | GO22: 50255 | GP22: 1.837 | GQ22: =SUM(GO22-GO18)*100 -> 66500 | GR22: =SUM(GP22)*100 -> 183.7 | GS22: =SUM(GQ22*0.04326) -> 2876.79 | GT22: =SUM(GQ22*0.02111) -> 1403.815 | GU22: =SUM(GR22*7.447) -> 1368.0139 | GV22: =SUM(GT22+GS22+20)*1.1048 -> 4751.3084 | GW22: =SUM(BL22) -> 53463 | GX22: 53193 | GY22: =SUM(GX22-GX18) -> 3899 | GZ22: =SUM(GY22*0.12673) -> 494.12027 | HA22: =SUM(GY22*0.02111) -> 82.30789 | HB22: =SUM(GZ22+HA22+2.85)*1.07 -> 619.82763 | HC22: =SUM(BO22) -> 44357 | HD22: 44291 | HE22: 3.875 | HF22: =SUM(HD22-HD18)*40 -> 15480 | HG22: =SUM(HE22)*40 -> 155 | HH22: =SUM(HF22*0.04326) -> 669.6648 | HI22: =SUM(HF22*0.02111) -> 326.7828 | HJ22: =SUM(HG22*7.447) -> 1154.285 | HK22: =SUM(HI22+HH22+20)*1.1048 -> 1122.9713 | HL22: =SUM(GH22+GQ22+GY22+HF22) -> 93879 | HM22: =SUM(HK22+HB22+GV22+GM22) -> 7085.1312 | HN22: =SUM(GL22+GU22+HJ22) -> 2707.7292 | HO22: =SUM(HM22:HN22) -> 9792.8604 | HQ22: =(FY22+HL22) -> 1379845 | HR22: =(FZ22+HM22) -> 91643.364 | HS22: =(GA22+HN22) -> 26391.274 | HT22: =(HR22+HS22) -> 118034.64
B23: 43586 | C23: 76090 | D23: 2.092 | E23: =SUM(C23-C22)*160 -> 16160 | G23: 71367 | H23: 2.292 | I23: =SUM(G23-G22)*160 -> 16000 | K23: 8593 | L23: 0.246 | M23: =SUM(K23-K22)*400 -> 4400 | O23: 8574 | P23: 0.245 | Q23: =SUM(O23-O22)*400 -> 4400 | S23: 9197 | T23: 0.314 | U23: =SUM(S23-S22)*400 -> 4400 | W23: 59184 | X23: 2.074 | Y23: =SUM(W23-W22)*300 -> 21000 | AA23: 56300 | AB23: 2.081 | AC23: =SUM(AA23-AA22)*300 -> 28500 | AE23: 14664 | AF23: 0.561 | AG23: =SUM(AE23-AE22)*160 -> 2720 | AI23: 10035 | AJ23: 0.35 | AK23: =SUM(AI23-AI22)*160 -> 800 | AM23: 73042 | AN23: 1.949 | AO23: =SUM(AM23-AM22)*200 -> 18400 | AQ23: 14109 | AR23: 0.367 | AS23: =SUM(AQ23-AQ22)*40 -> 600 | AU23: 33725 | AW23: =SUM(AU23-AU22) -> 193 | AZ23: =SUM(AO23+AK23+AG23+AC23+Y23+U23+Q23+M23+I23+E23+AS23+AW23) -> 117573 | BA23: =SUM(AO23+AS23) -> 19000 | BB23: =SUM(BA23/AZ23) -> 0.16160173 | BC23: =SUM(AZ19:AZ23) -> 1315480 | BE23: =B23 -> 43586 | BF23: 50400 | BG23: =SUM(BF23-BF22)*100 -> 4700 | BI23: 6428 | BJ23: =SUM(BI23-BI22)*100 -> 600 | BL23: 53713 | BM23: =SUM(BL23-BL22) -> 250 | BO23: 44420 | BP23: =SUM(BO23-BO22)*40 -> 2520 | BS23: =SUM(BG23+BJ23,BM23,BP23) -> 8070 | BT23: =SUM(BS19:BS23) -> 100243 | BU23: =SUM(BC23+BT23) -> 1415723 | BY23: =SUM(AU23) -> 33725 | CC23: =SUM(G23) -> 71367 | CL23: =SUM(C23) -> 76090 | CU23: =SUM(W23) -> 59184 | DD23: =SUM(AQ23) -> 14109 | DM23: =SUM(AA23) -> 56300 | DV23: =SUM(O23) -> 8574 | EE23: =SUM(W23) -> 59184 | EN23: =SUM(S23) -> 9197 | EW23: =SUM(AE23) -> 14664 | FF23: =SUM(AI23) -> 10035 | FO23: =SUM(AM23) -> 73042 | GE23: =SUM(BI23) -> 6428 | GN23: =SUM(BF23) -> 50400 | GW23: =SUM(BL23) -> 53713 | HC23: =SUM(BO23) -> 44420 | HV23: 0.05155 | HW23: 0.02095 | HX23: 7.689
B24: 43590 | C24: 76275 | D24: 2.092 | E24: =SUM(C24-C23)*160 -> 29600 | G24: 71555 | H24: 2.292 | I24: =SUM(G24-G23)*160 -> 30080 | K24: 8613 | L24: 0.262 | M24: =SUM(K24-K23)*400 -> 8000 | O24: 8593 | P24: 0.237 | Q24: =SUM(O24-O23)*400 -> 7600 | S24: 9219 | T24: 0.314 | U24: =SUM(S24-S23)*400 -> 8800 | W24: 59309 | X24: 2.074 | Y24: =SUM(W24-W23)*300 -> 37500 | AA24: 56473 | AB24: 2.268 | AC24: =SUM(AA24-AA23)*300 -> 51900 | AE24: 14691 | AF24: 0.561 | AG24: =SUM(AE24-AE23)*160 -> 4320 | AI24: 10062 | AJ24: 0.35 | AK24: =SUM(AI24-AI23)*160 -> 4320 | AM24: 73217 | AN24: 2.061 | AO24: =SUM(AM24-AM23)*200 -> 35000 | AQ24: 14136 | AR24: 0.367 | AS24: =SUM(AQ24-AQ23)*40 -> 1080 | AU24: 34045 | AW24: =SUM(AU24-AU23) -> 320 | AZ24: =SUM(AO24+AK24+AG24+AC24+Y24+U24+Q24+M24+I24+E24+AS24+AW24) -> 218520 | BA24: =SUM(AO24+AS24) -> 36080 | BB24: =SUM(BA24/AZ24) -> 0.16511075 | BE24: =B24 -> 43590 | BF24: 50521 | BG24: =SUM(BF24-BF23)*100 -> 12100 | BI24: 6442 | BJ24: =SUM(BI24-BI23)*100 -> 1400 | BL24: 54346 | BM24: =SUM(BL24-BL23) -> 633 | BO24: 44495 | BP24: =SUM(BO24-BO23)*40 -> 3000 | BS24: =SUM(BG24+BJ24,BM24,BP24) -> 17133 | BY24: =SUM(AU24) -> 34045 | CC24: =SUM(G24) -> 71555 | CL24: =SUM(C24) -> 76275 | CU24: =SUM(W24) -> 59309 | DD24: =SUM(AQ24) -> 14136 | DM24: =SUM(AA24) -> 56473 | DV24: =SUM(O24) -> 8593 | EE24: =SUM(W24) -> 59309 | EN24: =SUM(S24) -> 9219 | EW24: =SUM(AE24) -> 14691 | FF24: =SUM(AI24) -> 10062 | FO24: =SUM(AM24) -> 73217 | GE24: =SUM(BI24) -> 6442 | GN24: =SUM(BF24) -> 50521 | GW24: =SUM(BL24) -> 54346 | HC24: =SUM(BO24) -> 44495 | HV24: =SUM(HV23/#REF!) -> #REF! | HW24: =SUM(HW23/#REF!) -> #REF! | HX24: =SUM(HX23/#REF!) -> #REF!
B25: 43598 | C25: 76561 | D25: 2.189 | E25: =SUM(C25-C24)*160 -> 45760 | G25: 71843 | H25: 2.292 | I25: =SUM(G25-G24)*160 -> 46080 | K25: 8645 | L25: 0.262 | M25: =SUM(K25-K24)*400 -> 12800 | O25: 8624 | P25: 0.24 | Q25: =SUM(O25-O24)*400 -> 12400 | S25: 9253 | T25: 0.314 | U25: =SUM(S25-S24)*400 -> 13600 | W25: 59617 | X25: 2.871 | Y25: =SUM(W25-W24)*300 -> 92400 | AA25: 56642 | AB25: 2.268 | AC25: =SUM(AA25-AA24)*300 -> 50700 | AE25: 14736 | AF25: 0.561 | AG25: =SUM(AE25-AE24)*160 -> 7200 | AI25: 10090 | AJ25: 0.35 | AK25: =SUM(AI25-AI24)*160 -> 4480 | AM25: 73490 | AN25: 2.128 | AO25: =SUM(AM25-AM24)*200 -> 54600 | AQ25: 14179 | AR25: 0.372 | AS25: =SUM(AQ25-AQ24)*40 -> 1720 | AU25: 34550 | AW25: =SUM(AU25-AU24) -> 505 | AZ25: =SUM(AO25+AK25+AG25+AC25+Y25+U25+Q25+M25+I25+E25+AS25+AW25) -> 342245 | BA25: =SUM(AO25+AS25) -> 56320 | BB25: =SUM(BA25/AZ25) -> 0.16456048 | BE25: =B25 -> 43598 | BF25: 50699 | BG25: =SUM(BF25-BF24)*100 -> 17800 | BI25: 6461 | BJ25: =SUM(BI25-BI24)*100 -> 1900 | BL25: 55227 | BM25: =SUM(BL25-BL24) -> 881 | BO25: 44578 | BP25: =SUM(BO25-BO24)*40 -> 3320 | BS25: =SUM(BG25+BJ25,BM25,BP25) -> 23901 | BY25: =SUM(AU25) -> 34550 | CC25: =SUM(G25) -> 71843 | CL25: =SUM(C25) -> 76561 | CU25: =SUM(W25) -> 59617 | DD25: =SUM(AQ25) -> 14179 | DM25: =SUM(AA25) -> 56642 | DV25: =SUM(O25) -> 8624 | EE25: =SUM(W25) -> 59617 | EN25: =SUM(S25) -> 9253 | EW25: =SUM(AE25) -> 14736 | FF25: =SUM(AI25) -> 10090 | FO25: =SUM(AM25) -> 73490 | GE25: =SUM(BI25) -> 6461 | GN25: =SUM(BF25) -> 50699 | GW25: =SUM(BL25) -> 55227 | HC25: =SUM(BO25) -> 44578
B26: 43605 | C26: 76849 | D26: 2.189 | E26: =SUM(C26-C25)*160 -> 46080 | G26: 72134 | H26: 2.292 | I26: =SUM(G26-G25)*160 -> 46560 | K26: 8676 | L26: 0.262 | M26: =SUM(K26-K25)*400 -> 12400 | O26: 8654 | P26: 0.24 | Q26: =SUM(O26-O25)*400 -> 12000 | S26: 9286 | T26: 0.314 | U26: =SUM(S26-S25)*400 -> 13200 | W26: 59843 | X26: 2.871 | Y26: =SUM(W26-W25)*300 -> 67800 | AA26: 56827 | AB26: 2.268 | AC26: =SUM(AA26-AA25)*300 -> 55500 | AE26: 14778 | AF26: 0.561 | AG26: =SUM(AE26-AE25)*160 -> 6720 | AI26: 10118 | AJ26: 0.35 | AK26: =SUM(AI26-AI25)*160 -> 4480 | AM26: 73755 | AN26: 2.128 | AO26: =SUM(AM26-AM25)*200 -> 53000 | AQ26: 14222 | AR26: 0.372 | AS26: =SUM(AQ26-AQ25)*40 -> 1720 | AU26: 35076 | AW26: =SUM(AU26-AU25) -> 526 | AZ26: =SUM(AO26+AK26+AG26+AC26+Y26+U26+Q26+M26+I26+E26+AS26+AW26) -> 319986 | BA26: =SUM(AO26+AS26) -> 54720 | BB26: =SUM(BA26/AZ26) -> 0.17100748 | BE26: =B26 -> 43605 | BF26: 50876 | BG26: =SUM(BF26-BF25)*100 -> 17700 | BI26: 6482 | BJ26: =SUM(BI26-BI25)*100 -> 2100 | BL26: 56095 | BM26: =SUM(BL26-BL25) -> 868 | BO26: 44664 | BP26: =SUM(BO26-BO25)*40 -> 3440 | BS26: =SUM(BG26+BJ26,BM26,BP26) -> 24108 | BY26: =SUM(AU26) -> 35076 | CC26: =SUM(G26) -> 72134 | CL26: =SUM(C26) -> 76849 | CU26: =SUM(W26) -> 59843 | DD26: =SUM(AQ26) -> 14222 | DM26: =SUM(AA26) -> 56827 | DV26: =SUM(O26) -> 8654 | EE26: =SUM(W26) -> 59843 | EN26: =SUM(S26) -> 9286 | EW26: =SUM(AE26) -> 14778 | FF26: =SUM(AI26) -> 10118 | FO26: =SUM(AM26) -> 73755 | GE26: =SUM(BI26) -> 6482 | GN26: =SUM(BF26) -> 50876 | GW26: =SUM(BL26) -> 56095 | HC26: =SUM(BO26) -> 44664
B27: 43611 | C27: 77130 | D27: 2.132 | E27: =SUM(C27-C26)*160 -> 44960 | G27: 72421 | H27: 2.256 | I27: =SUM(G27-G26)*160 -> 45920 | K27: 8708 | L27: 0.248 | M27: =SUM(K27-K26)*400 -> 12800 | O27: 8684 | P27: 0.242 | Q27: =SUM(O27-O26)*400 -> 12000 | S27: 9319 | T27: 0.261 | U27: =SUM(S27-S26)*400 -> 13200 | W27: 60058 | X27: 2.152 | Y27: =SUM(W27-W26)*300 -> 64500 | AA27: 57091 | AB27: 2.178 | AC27: =SUM(AA27-AA26)*300 -> 79200 | AE27: 14820 | AF27: 0.361 | AG27: =SUM(AE27-AE26)*160 -> 6720 | AI27: 10146 | AJ27: 0.328 | AK27: =SUM(AI27-AI26)*160 -> 4480 | AM27: 74017 | AN27: 2.1 | AO27: =SUM(AM27-AM26)*200 -> 52400 | AQ27: 14263 | AR27: 0.347 | AS27: =SUM(AQ27-AQ26)*40 -> 1640 | AU27: 35547 | AW27: =SUM(AU27-AU26) -> 471 | AZ27: =SUM(AO27+AK27+AG27+AC27+Y27+U27+Q27+M27+I27+E27+AS27+AW27) -> 338291 | BA27: =SUM(AO27+AS27) -> 54040 | BB27: =SUM(BA27/AZ27) -> 0.15974413 | BE27: =B27 -> 43611 | BF27: 51050 | BG27: =SUM(BF27-BF26)*100 -> 17400 | BI27: 6502 | BJ27: =SUM(BI27-BI26)*100 -> 2000 | BL27: 56973 | BM27: =SUM(BL27-BL26) -> 878 | BO27: 44829 | BP27: =SUM(BO27-BO26)*40 -> 6600 | BS27: =SUM(BG27+BJ27,BM27,BP27) -> 26878 | BY27: =SUM(AU27) -> 35547 | CC27: =SUM(G27) -> 72421 | CL27: =SUM(C27) -> 77130 | CU27: =SUM(W27) -> 60058 | DD27: =SUM(AQ27) -> 14263 | DM27: =SUM(AA27) -> 57091 | DV27: =SUM(O27) -> 8684 | EE27: =SUM(W27) -> 60058 | EN27: =SUM(S27) -> 9319 | EW27: =SUM(AE27) -> 14820 | FF27: =SUM(AI27) -> 10146 | FO27: =SUM(AM27) -> 74017 | GE27: =SUM(BI27) -> 6502 | GN27: =SUM(BF27) -> 51050 | GW27: =SUM(BL27) -> 56973 | HC27: =SUM(BO27) -> 44829
B28: 43617 | C28: 77414 | D28: 2.182 | E28: =SUM(C28-C27)*160 -> 45440 | G28: 72713 | H28: 2.256 | I28: =SUM(G28-G27)*160 -> 46720 | K28: 8741 | L28: 0.26 | M28: =SUM(K28-K27)*400 -> 13200 | O28: 8715 | P28: 0.242 | Q28: =SUM(O28-O27)*400 -> 12400 | S28: 9354 | T28: 0.288 | U28: =SUM(S28-S27)*400 -> 14000 | W28: 60305 | X28: 2.398 | Y28: =SUM(W28-W27)*300 -> 74100 | AA28: 57373 | AB28: 2.178 | AC28: =SUM(AA28-AA27)*300 -> 84600 | AE28: 14861 | AF28: 0.361 | AG28: =SUM(AE28-AE27)*160 -> 6560 | AI28: 10172 | AJ28: 0.328 | AK28: =SUM(AI28-AI27)*160 -> 4160 | AM28: 74284 | AN28: 2.1 | AO28: =SUM(AM28-AM27)*200 -> 53400 | AQ28: 14305 | AR28: 0.347 | AS28: =SUM(AQ28-AQ27)*40 -> 1680 | AU28: 36038 | AW28: =SUM(AU28-AU27) -> 491 | AZ28: =SUM(AO28+AK28+AG28+AC28+Y28+U28+Q28+M28+I28+E28+AS28+AW28) -> 356751 | BA28: =SUM(AO28+AS28) -> 55080 | BB28: =SUM(BA28/AZ28) -> 0.1543934 | BC28: =SUM(AZ24:AZ28) -> 1575793 | BE28: =B28 -> 43617 | BF28: 51159 | BG28: =SUM(BF28-BF27)*100 -> 10900 | BI28: 6515 | BJ28: =SUM(BI28-BI27)*100 -> 1300 | BL28: 57485 | BM28: =SUM(BL28-BL27) -> 512 | BO28: 44953 | BP28: =SUM(BO28-BO27)*40 -> 4960 | BS28: =SUM(BG28+BJ28,BM28,BP28) -> 17672 | BT28: =SUM(BS24:BS28) -> 109692 | BU28: =SUM(BC28+BT28) -> 1685485 | BY28: =SUM(AU28) -> 36038 | BZ28: 35589 | CA28: =SUM(BZ28-BZ22) -> 2463 | CB28: =SUM(CA28*0.12043+CA28*0.03046)*1.08+1.91 -> 403.28344 | CC28: =SUM(G28) -> 72713 | CD28: 72547 | CE28: 2.292 | CF28: =SUM(CD28-CD22)*160 -> 218240 | CG28: =(CE28)*160 -> 366.72 | CH28: =SUM(CF28*0.04326) -> 9441.0624 | CI28: =SUM(CF28*0.02111) -> 4607.0464 | CJ28: =SUM(CG28*7.447) -> 2730.9638 | CK28: =SUM(CH28+CI28) -> 14048.109 | CL28: =SUM(C28) -> 77414 | CM28: 77251 | CN28: 2.189 | CO28: =SUM(CM28-CM22)*160 -> 215360 | CP28: =(CN28)*160 -> 350.24 | CQ28: =SUM(CO28*0.04326) -> 9316.4736 | CR28: =SUM(CO28*0.02111) -> 4546.2496 | CS28: =SUM(CP28*7.447) -> 2608.2373 | CT28: =SUM(CQ28+CR28)+45 -> 13907.723 | CU28: =SUM(W28) -> 60305 | CV28: 60154 | CW28: 2.871 | CX28: =SUM(CV28-CV22)*300 -> 324300 | CY28: =(CW28)*300 -> 861.3 | CZ28: =SUM(CX28*0.04326) -> 14029.218 | DA28: =SUM(CX28*0.02111) -> 6845.973 | DB28: =SUM(CY28*7.447) -> 6414.1011 | DC28: =SUM(CZ28+DA28)+45 -> 20920.191 | DD28: =SUM(AQ28) -> 14305 | DE28: 14281 | DF28: 0.372 | DG28: =(DE28-DE22)*40 -> 8000 | DH28: =(DF28)*40 -> 14.88 | DI28: =SUM(DG28*0.04326) -> 346.08 | DJ28: =SUM(DG28*0.02111) -> 168.88 | DK28: =SUM(DH28*7.447) -> 110.81136 | DL28: =SUM(DI28+DJ28)+24 -> 538.96 | DM28: =SUM(AA28) -> 57373 | DN28: 57208 | DO28: 2.268 | DP28: =SUM(DN28-DN22)*300 -> 334500 | DQ28: =(DO28)*300 -> 680.4 | DR28: =SUM(DP28*0.04326) -> 14470.47 | DS28: =SUM(DP28*0.02111) -> 7061.295 | DT28: =SUM(DQ28*7.447) -> 5066.9388 | DU28: =SUM(DR28+DS28)+45 -> 21576.765 | DV28: =SUM(O28) -> 8715 | DW28: 8698 | DX28: 0.24 | DY28: =SUM(DW28-DW22)*400 -> 57600 | DZ28: =(DX28)*400 -> 96 | EA28: =SUM(DY28*0.04326) -> 2491.776 | EB28: =SUM(DY28*0.02111) -> 1215.936 | EC28: =SUM(DZ28*7.447) -> 714.912 | ED28: =SUM(EA28+EB28)+40 -> 3747.712 | EE28: =SUM(W28) -> 60305 | EF28: 8722 | EG28: 0.262 | EH28: =SUM(EF28-EF22)*400 -> 59600 | EI28: =(EG28)*400 -> 104.8 | EJ28: =SUM(EH28*0.04326) -> 2578.296 | EK28: =SUM(EH28*0.02111) -> 1258.156 | EL28: =SUM(EI28*7.447) -> 780.4456 | EM28: =SUM(EJ28+EK28)+20 -> 3856.452 | EN28: =SUM(S28) -> 9354 | EO28: 9354 | EP28: 0.314 | EQ28: =SUM(EO28-EO22)*400 -> 70800 | ER28: =(EP28)*400 -> 125.6 | ES28: =SUM(EQ28*0.04326) -> 3062.808 | ET28: =SUM(EQ28*0.02111) -> 1494.588 | EU28: =SUM(ER28*7.447) -> 935.3432 | EV28: =SUM(ES28+ET28)+20 -> 4577.396 | EW28: =SUM(AE28) -> 14861 | EX28: 14837 | EY28: 0.561 | EZ28: =SUM(EX28-EX22)*160 -> 35520 | FA28: =(EY28)*160 -> 89.76 | FB28: =SUM(EZ28*0.04326) -> 1536.5952 | FC28: =SUM(EZ28*0.02111) -> 749.8272 | FD28: =SUM(FA28*7.447) -> 668.44272 | FE28: =SUM(FB28+FC28)+20 -> 2306.4224 | FF28: =SUM(AI28) -> 10172 | FG28: 10156 | FH28: 0.35 | FI28: =SUM(FG28-FG22)*160 -> 21760 | FJ28: =(FH28)*160 -> 56 | FK28: =SUM(FI28*0.04326) -> 941.3376 | FL28: =SUM(FI28*0.02111) -> 459.3536 | FM28: =SUM(FJ28*7.447) -> 417.032 | FN28: =SUM(FK28+FL28)+20 -> 1420.6912 | FO28: =SUM(AM28) -> 74284 | FP28: 74129 | FQ28: 2.128 | FR28: =SUM(FP28-FP22)*200 -> 250400 | FS28: =(FQ28)*200 -> 425.6 | FT28: =SUM(FR28*0.04326) -> 10832.304 | FU28: =SUM(FR28*0.02111) -> 5285.944 | FV28: =SUM(FS28*7.447) -> 3169.4432 | FW28: =SUM((FT28+FU28)+20)*1.09 -> 17590.69 | FY28: =SUM(CA28+CF28+CO28+CX28+DG28+DP28+DY28+EH28+EQ28+EZ28+FI28+FR28) -> 1598543 | FZ28: =SUM(CB28+CK28,CT28,DC28,DL28,DU28,ED28,EM28,EV28,FE28,FN28+FW28) -> 104894.4 | GA28: =SUM(CJ28,CS28,DB28,DK28,DT28,EC28,EL28,EU28,FD28,FM28,FV28) -> 23616.671 | GB28: =SUM(FZ28:GA28) -> 128511.07 | GE28: =SUM(BI28) -> 6515 | GF28: 6511 | GG28: 0.224 | GH28: =SUM(GF28-GF22)*100 -> 10000 | GI28: =SUM(GG28)*100 -> 22.4 | GJ28: =SUM(GH28*0.04326) -> 432.6 | GK28: =SUM(GH28*0.02111) -> 211.1 | GL28: =SUM(GI28*7.447) -> 166.8128 | GM28: =SUM(GK28+GJ28+20)*1.1048 -> 733.25576 | GN28: =SUM(BF28) -> 51159 | GO28: 51126 | GP28: 1.837 | GQ28: =SUM(GO28-GO22)*100 -> 87100 | GR28: =SUM(GP28)*100 -> 183.7 | GS28: =SUM(GQ28*0.04326) -> 3767.946 | GT28: =SUM(GQ28*0.02111) -> 1838.681 | GU28: =SUM(GR28*7.447) -> 1368.0139 | GV28: =SUM(GT28+GS28+20)*1.1048 -> 6216.2975 | GW28: =SUM(BL28) -> 57485 | GX28: 57843 | GY28: =SUM(GX28-GX22) -> 4650 | GZ28: =SUM(GY28*0.12673) -> 589.2945 | HA28: =SUM(GY28*0.02111) -> 98.1615 | HB28: =SUM(GZ28+HA28+2.85)*1.07 -> 738.62742 | HC28: =SUM(BO28) -> 44953 | HD28: 45032 | HE28: 3.844 | HF28: =SUM(HD28-HD22)*40 -> 29640 | HG28: =SUM(HE28)*40 -> 153.76 | HH28: =SUM(HF28*0.04326) -> 1282.2264 | HI28: =SUM(HF28*0.02111) -> 625.7004 | HJ28: =SUM(HG28*7.447) -> 1145.0507 | HK28: =SUM(HI28+HH28+20)*1.1048 -> 2129.9735 | HL28: =SUM(GH28+GQ28+GY28+HF28) -> 131390 | HM28: =SUM(HK28+HB28+GV28+GM28) -> 9818.1542 | HN28: =SUM(GL28+GU28+HJ28) -> 2679.8774 | HO28: =SUM(HM28:HN28) -> 12498.032 | HQ28: =(FY28+HL28) -> 1729933 | HR28: =(FZ28+HM28) -> 114712.55 | HS28: =(GA28+HN28) -> 26296.549 | HT28: =(HR28+HS28) -> 141009.1
B29: 43625 | C29: 77703 | D29: 2.182 | E29: =SUM(C29-C28)*160 -> 46240 | G29: 73005 | H29: 2.256 | I29: =SUM(G29-G28)*160 -> 46720 | K29: 8776 | L29: 0.281 | M29: =SUM(K29-K28)*400 -> 14000 | O29: 8748 | P29: 0.246 | Q29: =SUM(O29-O28)*400 -> 13200 | S29: 9388 | T29: 0.288 | U29: =SUM(S29-S28)*400 -> 13600 | W29: 60586 | X29: 2.685 | Y29: =SUM(W29-W28)*300 -> 84300 | AA29: 57666 | AB29: 2.25 | AC29: =SUM(AA29-AA28)*300 -> 87900 | AE29: 14902 | AF29: 0.361 | AG29: =SUM(AE29-AE28)*160 -> 6560 | AI29: 10199 | AJ29: 0.345 | AK29: =SUM(AI29-AI28)*160 -> 4320 | AM29: 74554 | AN29: 2.1 | AO29: =SUM(AM29-AM28)*200 -> 54000 | AQ29: 14346 | AR29: 0.347 | AS29: =SUM(AQ29-AQ28)*40 -> 1640 | AU29: 36527 | AW29: =SUM(AU29-AU28) -> 489 | AZ29: =SUM(AO29+AK29+AG29+AC29+Y29+U29+Q29+M29+I29+E29+AS29+AW29) -> 372969 | BA29: =SUM(AO29+AS29) -> 55640 | BB29: =SUM(BA29/AZ29) -> 0.1491813 | BE29: =B29 -> 43625 | BF29: 51522 | BG29: =SUM(BF29-BF28)*100 -> 36300 | BI29: 6539 | BJ29: =SUM(BI29-BI28)*100 -> 2400 | BL29: 58735 | BM29: =SUM(BL29-BL28) -> 1250 | BO29: 45071 | BP29: =SUM(BO29-BO28)*40 -> 4720 | BS29: =SUM(BG29+BJ29,BM29,BP29) -> 44670 | BY29: =SUM(AU29) -> 36527 | CC29: =SUM(G29) -> 73005 | CL29: =SUM(C29) -> 77703 | CU29: =SUM(W29) -> 60586 | DD29: =SUM(AQ29) -> 14346 | DM29: =SUM(AA29) -> 57666 | DV29: =SUM(O29) -> 8748 | EE29: =SUM(W29) -> 60586 | EN29: =SUM(S29) -> 9388 | EW29: =SUM(AE29) -> 14902 | FF29: =SUM(AI29) -> 10199 | FO29: =SUM(AM29) -> 74554 | GE29: =SUM(BI29) -> 6539 | GN29: =SUM(BF29) -> 51522 | GW29: =SUM(BL29) -> 58735 | HC29: =SUM(BO29) -> 45071
B30: 43632 | C30: 77996 | D30: 2.209 | E30: =SUM(C30-C29)*160 -> 46880 | G30: 73295 | H30: 2.256 | I30: =SUM(G30-G29)*160 -> 46400 | K30: 8810 | L30: 0.281 | M30: =SUM(K30-K29)*400 -> 13600 | O30: 8780 | P30: 0.257 | Q30: =SUM(O30-O29)*400 -> 12800 | S30: 9423 | T30: 0.288 | U30: =SUM(S30-S29)*400 -> 14000 | W30: 60864 | X30: 2.743 | Y30: =SUM(W30-W29)*300 -> 83400 | AA30: 57932 | AB30: 2.25 | AC30: =SUM(AA30-AA29)*300 -> 79800 | AE30: 14944 | AF30: 0.361 | AG30: =SUM(AE30-AE29)*160 -> 6720 | AI30: 10228 | AJ30: 0.345 | AK30: =SUM(AI30-AI29)*160 -> 4640 | AM30: 74823 | AN30: 2.1 | AO30: =SUM(AM30-AM29)*200 -> 53800 | AQ30: 14388 | AR30: 0.347 | AS30: =SUM(AQ30-AQ29)*40 -> 1680 | AU30: 37001 | AW30: =SUM(AU30-AU29) -> 474 | AZ30: =SUM(AO30+AK30+AG30+AC30+Y30+U30+Q30+M30+I30+E30+AS30+AW30) -> 364194 | BA30: =SUM(AO30+AS30) -> 55480 | BB30: =SUM(BA30/AZ30) -> 0.15233639 | BE30: =B30 -> 43632 | BF30: 51615 | BG30: =SUM(BF30-BF29)*100 -> 9300 | BI30: 6565 | BJ30: =SUM(BI30-BI29)*100 -> 2600 | BL30: 59621 | BM30: =SUM(BL30-BL29) -> 886 | BO30: 45103 | BP30: =SUM(BO30-BO29)*40 -> 1280 | BS30: =SUM(BG30+BJ30,BM30,BP30) -> 14066 | BY30: =SUM(AU30) -> 37001 | CC30: =SUM(G30) -> 73295 | CL30: =SUM(C30) -> 77996 | CU30: =SUM(W30) -> 60864 | DD30: =SUM(AQ30) -> 14388 | DM30: =SUM(AA30) -> 57932 | DV30: =SUM(O30) -> 8780 | EE30: =SUM(W30) -> 60864 | EN30: =SUM(S30) -> 9423 | EW30: =SUM(AE30) -> 14944 | FF30: =SUM(AI30) -> 10228 | FO30: =SUM(AM30) -> 74823 | GE30: =SUM(BI30) -> 6565 | GN30: =SUM(BF30) -> 51615 | GW30: =SUM(BL30) -> 59621 | HC30: =SUM(BO30) -> 45103
B31: 43639 | C31: 78288 | D31: 2.15 | E31: =SUM(C31-C30)*160 -> 46720 | G31: 73589 | H31: 2.256 | I31: =SUM(G31-G30)*160 -> 47040 | K31: 8842 | L31: 0.242 | M31: =SUM(K31-K30)*400 -> 12800 | O31: 8812 | P31: 0.23 | Q31: =SUM(O31-O30)*400 -> 12800 | S31: 9456 | T31: 0.259 | U31: =SUM(S31-S30)*400 -> 13200 | W31: 61161 | X31: 2.586 | Y31: =SUM(W31-W30)*300 -> 89100 | AA31: 58219 | AB31: 2.29 | AC31: =SUM(AA31-AA30)*300 -> 86100 | AE31: 14992 | AF31: 0.522 | AG31: =SUM(AE31-AE30)*160 -> 7680 | AI31: 10256 | AJ31: 0.321 | AK31: =SUM(AI31-AI30)*160 -> 4480 | AM31: 75096 | AN31: 2.078 | AO31: =SUM(AM31-AM30)*200 -> 54600 | AQ31: 14430 | AR31: 0.38 | AS31: =SUM(AQ31-AQ30)*40 -> 1680 | AU31: 37470 | AW31: =SUM(AU31-AU30) -> 469 | AZ31: =SUM(AO31+AK31+AG31+AC31+Y31+U31+Q31+M31+I31+E31+AS31+AW31) -> 376669 | BA31: =SUM(AO31+AS31) -> 56280 | BB31: =SUM(BA31/AZ31) -> 0.149415 | BE31: =B31 -> 43639 | BF31: 51795 | BG31: =SUM(BF31-BF30)*100 -> 18000 | BI31: 6586 | BJ31: =SUM(BI31-BI30)*100 -> 2100 | BL31: 60506 | BM31: =SUM(BL31-BL30) -> 885 | BO31: 45144 | BP31: =SUM(BO31-BO30)*40 -> 1640 | BS31: =SUM(BG31+BJ31,BM31,BP31) -> 22625 | BY31: =SUM(AU31) -> 37470 | CC31: =SUM(G31) -> 73589 | CL31: =SUM(C31) -> 78288 | CU31: =SUM(W31) -> 61161 | DD31: =SUM(AQ31) -> 14430 | DM31: =SUM(AA31) -> 58219 | DV31: =SUM(O31) -> 8812 | EE31: =SUM(W31) -> 61161 | EN31: =SUM(S31) -> 9456 | EW31: =SUM(AE31) -> 14992 | FF31: =SUM(AI31) -> 10256 | FO31: =SUM(AM31) -> 75096 | GE31: =SUM(BI31) -> 6586 | GN31: =SUM(BF31) -> 51795 | GW31: =SUM(BL31) -> 60506 | HC31: =SUM(BO31) -> 45144
B32: 43647 | C32: 78574 | D32: 2.234 | E32: =SUM(C32-C31)*160 -> 45760 | G32: 73883 | H32: 2.318 | I32: =SUM(G32-G31)*160 -> 47040 | K32: 8875 | L32: 0.25 | M32: =SUM(K32-K31)*400 -> 13200 | O32: 8844 | P32: 0.248 | Q32: =SUM(O32-O31)*400 -> 12800 | S32: 9489 | T32: 0.266 | U32: =SUM(S32-S31)*400 -> 13200 | W32: 61456 | X32: 2.778 | Y32: =SUM(W32-W31)*300 -> 88500 | AA32: 58504 | AB32: 2.362 | AC32: =SUM(AA32-AA31)*300 -> 85500 | AE32: 15039 | AF32: 0.522 | AG32: =SUM(AE32-AE31)*160 -> 7520 | AI32: 10284 | AJ32: 0.324 | AK32: =SUM(AI32-AI31)*160 -> 4480 | AM32: 75374 | AN32: 2.083 | AO32: =SUM(AM32-AM31)*200 -> 55600 | AQ32: 14472 | AR32: 0.343 | AS32: =SUM(AQ32-AQ31)*40 -> 1680 | AU32: 37935 | AW32: =SUM(AU32-AU31) -> 465 | AZ32: =SUM(AO32+AK32+AG32+AC32+Y32+U32+Q32+M32+I32+E32+AS32+AW32) -> 375745 | BA32: =SUM(AO32+AS32) -> 57280 | BB32: =SUM(BA32/AZ32) -> 0.15244381 | BC32: =SUM(AZ29:AZ32) -> 1489577 | BE32: =B32 -> 43647 | BF32: 51983 | BG32: =SUM(BF32-BF31)*100 -> 18800 | BI32: 6608 | BJ32: =SUM(BI32-BI31)*100 -> 2200 | BL32: 61399 | BM32: =SUM(BL32-BL31) -> 893 | BO32: 45282 | BP32: =SUM(BO32-BO31)*40 -> 5520 | BS32: =SUM(BG32+BJ32,BM32,BP32) -> 27413 | BT32: =SUM(BS29:BS32) -> 108774 | BU32: =SUM(BC32+BT32) -> 1598351 | BY32: =SUM(AU32) -> 37935 | BZ32: 37511 | CA32: =SUM(BZ32-BZ28) -> 1922 | CB32: =SUM(CA32*0.12043+CA32*0.03046)*1.08+1.91 -> 315.12143 | CC32: =SUM(G32) -> 73883 | CD32: 73757 | CE32: 2.256 | CF32: =SUM(CD32-CD28)*160 -> 193600 | CG32: =(CE32)*160 -> 360.96 | CH32: =SUM(CF32*0.04326) -> 8375.136 | CI32: =SUM(CF32*0.02111) -> 4086.896 | CJ32: =SUM(CG32*7.447) -> 2688.0691 | CK32: =SUM(CH32+CI32) -> 12462.032 | CL32: =SUM(C32) -> 78574 | CM32: 78450 | CN32: 2.209 | CO32: =SUM(CM32-CM28)*160 -> 191840 | CP32: =(CN32)*160 -> 353.44 | CQ32: =SUM(CO32*0.04326) -> 8298.9984 | CR32: =SUM(CO32*0.02111) -> 4049.7424 | CS32: =SUM(CP32*7.447) -> 2632.0677 | CT32: =SUM(CQ32+CR32)+45 -> 12393.741 | CU32: =SUM(W32) -> 61456 | CV32: 61306 | CW32: 2.743 | CX32: =SUM(CV32-CV28)*300 -> 345600 | CY32: =(CW32)*300 -> 822.9 | CZ32: =SUM(CX32*0.04326) -> 14950.656 | DA32: =SUM(CX32*0.02111) -> 7295.616 | DB32: =SUM(CY32*7.447) -> 6128.1363 | DC32: =SUM(CZ32+DA32)+45 -> 22291.272 | DD32: =SUM(AQ32) -> 14472 | DE32: 14448 | DF32: 0.347 | DG32: =(DE32-DE28)*40 -> 6680 | DH32: =(DF32)*40 -> 13.88 | DI32: =SUM(DG32*0.04326) -> 288.9768 | DJ32: =SUM(DG32*0.02111) -> 141.0148 | DK32: =SUM(DH32*7.447) -> 103.36436 | DL32: =SUM(DI32+DJ32)+24 -> 453.9916 | DM32: =SUM(AA32) -> 58504 | DN32: 58356 | DO32: 2.25 | DP32: =SUM(DN32-DN28)*300 -> 344400 | DQ32: =(DO32)*300 -> 675 | DR32: =SUM(DP32*0.04326) -> 14898.744 | DS32: =SUM(DP32*0.02111) -> 7270.284 | DT32: =SUM(DQ32*7.447) -> 5026.725 | DU32: =SUM(DR32+DS32)+45 -> 22214.028 | DV32: =SUM(O32) -> 8844 | DW32: 8830 | DX32: 0.257 | DY32: =SUM(DW32-DW28)*400 -> 52800 | DZ32: =(DX32)*400 -> 102.8 | EA32: =SUM(DY32*0.04326) -> 2284.128 | EB32: =SUM(DY32*0.02111) -> 1114.608 | EC32: =SUM(DZ32*7.447) -> 765.5516 | ED32: =SUM(EA32+EB32)+40 -> 3438.736 | EE32: =SUM(W32) -> 61456 | EF32: 8861 | EG32: 0.281 | EH32: =SUM(EF32-EF28)*400 -> 55600 | EI32: =(EG32)*400 -> 112.4 | EJ32: =SUM(EH32*0.04326) -> 2405.256 | EK32: =SUM(EH32*0.02111) -> 1173.716 | EL32: =SUM(EI32*7.447) -> 837.0428 | EM32: =SUM(EJ32+EK32)+20 -> 3598.972 | EN32: =SUM(S32) -> 9489 | EO32: 9475 | EP32: 0.288 | EQ32: =SUM(EO32-EO28)*400 -> 48400 | ER32: =(EP32)*400 -> 115.2 | ES32: =SUM(EQ32*0.04326) -> 2093.784 | ET32: =SUM(EQ32*0.02111) -> 1021.724 | EU32: =SUM(ER32*7.447) -> 857.8944 | EV32: =SUM(ES32+ET32)+20 -> 3135.508 | EW32: =SUM(AE32) -> 15039 | EX32: 15017 | EY32: 0.374 | EZ32: =SUM(EX32-EX28)*160 -> 28800 | FA32: =(EY32)*160 -> 59.84 | FB32: =SUM(EZ32*0.04326) -> 1245.888 | FC32: =SUM(EZ32*0.02111) -> 607.968 | FD32: =SUM(FA32*7.447) -> 445.62848 | FE32: =SUM(FB32+FC32)+20 -> 1873.856 | FF32: =SUM(AI32) -> 10284 | FG32: 10274 | FH32: 0.345 | FI32: =SUM(FG32-FG28)*160 -> 18880 | FJ32: =(FH32)*160 -> 55.2 | FK32: =SUM(FI32*0.04326) -> 816.7488 | FL32: =SUM(FI32*0.02111) -> 398.5568 | FM32: =SUM(FJ32*7.447) -> 411.0744 | FN32: =SUM(FK32+FL32)+20 -> 1235.3056 | FO32: =SUM(AM32) -> 75374 | FP32: 75217 | FQ32: 2.1 | FR32: =SUM(FP32-FP28)*200 -> 217600 | FS32: =(FQ32)*200 -> 420 | FT32: =SUM(FR32*0.04326) -> 9413.376 | FU32: =SUM(FR32*0.02111) -> 4593.536 | FV32: =SUM(FS32*7.447) -> 3127.74 | FW32: =SUM((FT32+FU32)+20)*1.09 -> 15289.334 | FY32: =SUM(CA32+CF32+CO32+CX32+DG32+DP32+DY32+EH32+EQ32+EZ32+FI32+FR32) -> 1506122 | FZ32: =SUM(CB32+CK32,CT32,DC32,DL32,DU32,ED32,EM32,EV32,FE32,FN32+FW32) -> 98701.898 | GA32: =SUM(CJ32,CS32,DB32,DK32,DT32,EC32,EL32,EU32,FD32,FM32,FV32) -> 23023.294 | GB32: =SUM(FZ32:GA32) -> 121725.19 | GE32: =SUM(BI32) -> 6608 | GF32: 6595 | GG32: 0.253 | GH32: =SUM(GF32-GF28)*100 -> 8400 | GI32: =SUM(GG32)*100 -> 25.3 | GJ32: =SUM(GH32*0.04326) -> 363.384 | GK32: =SUM(GH32*0.02111) -> 177.324 | GL32: =SUM(GI32*7.447) -> 188.4091 | GM32: =SUM(GK32+GJ32+20)*1.1048 -> 619.4702 | GN32: =SUM(BF32) -> 51983 | GO32: 51876 | GP32: 2.027 | GQ32: =SUM(GO32-GO28)*100 -> 75000 | GR32: =SUM(GP32)*100 -> 202.7 | GS32: =SUM(GQ32*0.04326) -> 3244.5 | GT32: =SUM(GQ32*0.02111) -> 1583.25 | GU32: =SUM(GR32*7.447) -> 1509.5069 | GV32: =SUM(GT32+GS32+20)*1.1048 -> 5355.7942 | GW32: =SUM(BL32) -> 61399 | GX32: 61006 | GY32: =SUM(GX32-GX28) -> 3163 | GZ32: =SUM(GY32*0.12673) -> 400.84699 | HA32: =SUM(GY32*0.02111) -> 66.77093 | HB32: =SUM(GZ32+HA32+2.85)*1.07 -> 503.40067 | HC32: =SUM(BO32) -> 45282 | HD32: 45239 | HE32: 3.933 | HF32: =SUM(HD32-HD28)*40 -> 8280 | HG32: =SUM(HE32)*40 -> 157.32 | HH32: =SUM(HF32*0.04326) -> 358.1928 | HI32: =SUM(HF32*0.02111) -> 174.7908 | HJ32: =SUM(HG32*7.447) -> 1171.562 | HK32: =SUM(HI32+HH32+20)*1.1048 -> 610.93628 | HL32: =SUM(GH32+GQ32+GY32+HF32) -> 94843 | HM32: =SUM(HK32+HB32+GV32+GM32) -> 7089.6014 | HN32: =SUM(GL32+GU32+HJ32) -> 2869.478 | HO32: =SUM(HM32:HN32) -> 9959.0794 | HQ32: =(FY32+HL32) -> 1600965 | HR32: =(FZ32+HM32) -> 105791.5 | HS32: =(GA32+HN32) -> 25892.772 | HT32: =(HR32+HS32) -> 131684.27
B33: 43654 | C33: 78867 | D33: 2.234 | E33: =SUM(C33-C32)*160 -> 46880 | G33: 74178 | H33: 2.318 | I33: =SUM(G33-G32)*160 -> 47200 | K33: 8911 | L33: 0.299 | M33: =SUM(K33-K32)*400 -> 14400 | O33: 8877 | P33: 0.269 | Q33: =SUM(O33-O32)*400 -> 13200 | S33: 9523 | T33: 0.27 | U33: =SUM(S33-S32)*400 -> 13600 | W33: 61764 | X33: 2.778 | Y33: =SUM(W33-W32)*300 -> 92400 | AA33: 58800 | AB33: 2.362 | AC33: =SUM(AA33-AA32)*300 -> 88800 | AE33: 15077 | AF33: 0.522 | AG33: =SUM(AE33-AE32)*160 -> 6080 | AI33: 10307 | AJ33: 0.324 | AK33: =SUM(AI33-AI32)*160 -> 3680 | AM33: 75656 | AN33: 2.153 | AO33: =SUM(AM33-AM32)*200 -> 56400 | AQ33: 14515 | AR33: 0.343 | AS33: =SUM(AQ33-AQ32)*40 -> 1720 | AU33: 38453 | AW33: =SUM(AU33-AU32) -> 518 | AZ33: =SUM(AO33+AK33+AG33+AC33+Y33+U33+Q33+M33+I33+E33+AS33+AW33) -> 384878 | BA33: =SUM(AO33+AS33) -> 58120 | BB33: =SUM(BA33/AZ33) -> 0.15100889 | BE33: =B33 -> 43654 | BF33: 52172 | BG33: =SUM(BF33-BF32)*100 -> 18900 | BI33: 6629 | BJ33: =SUM(BI33-BI32)*100 -> 2100 | BL33: 62293 | BM33: =SUM(BL33-BL32) -> 894 | BO33: 45384 | BP33: =SUM(BO33-BO32)*40 -> 4080 | BS33: =SUM(BG33+BJ33,BM33,BP33) -> 25974 | BY33: =SUM(AU33) -> 38453 | CC33: =SUM(G33) -> 74178 | CL33: =SUM(C33) -> 78867 | CU33: =SUM(W33) -> 61764 | DD33: =SUM(AQ33) -> 14515 | DM33: =SUM(AA33) -> 58800 | DV33: =SUM(O33) -> 8877 | EE33: =SUM(W33) -> 61764 | EN33: =SUM(S33) -> 9523 | EW33: =SUM(AE33) -> 15077 | FF33: =SUM(AI33) -> 10307 | FO33: =SUM(AM33) -> 75656 | GE33: =SUM(BI33) -> 6629 | GN33: =SUM(BF33) -> 52172 | GW33: =SUM(BL33) -> 62293 | HC33: =SUM(BO33) -> 45384
B34: 43661 | C34: 79157 | D34: 2.234 | E34: =SUM(C34-C33)*160 -> 46400 | G34: 74468 | H34: 2.318 | I34: =SUM(G34-G33)*160 -> 46400 | K34: 8947 | L34: 0.299 | M34: =SUM(K34-K33)*400 -> 14400 | O34: 8908 | P34: 0.269 | Q34: =SUM(O34-O33)*400 -> 12400 | S34: 9555 | T34: 0.27 | U34: =SUM(S34-S33)*400 -> 12800 | W34: 62059 | X34: 2.778 | Y34: =SUM(W34-W33)*300 -> 88500 | AA34: 59101 | AB34: 2.362 | AC34: =SUM(AA34-AA33)*300 -> 90300 | AE34: 15119 | AF34: 0.522 | AG34: =SUM(AE34-AE33)*160 -> 6720 | AI34: 10333 | AJ34: 0.324 | AK34: =SUM(AI34-AI33)*160 -> 4160 | AM34: 75921 | AN34: 2.153 | AO34: =SUM(AM34-AM33)*200 -> 53000 | AQ34: 14557 | AR34: 0.362 | AS34: =SUM(AQ34-AQ33)*40 -> 1680 | AU34: 38926 | AW34: =SUM(AU34-AU33) -> 473 | AZ34: =SUM(AO34+AK34+AG34+AC34+Y34+U34+Q34+M34+I34+E34+AS34+AW34) -> 377233 | BA34: =SUM(AO34+AS34) -> 54680 | BB34: =SUM(BA34/AZ34) -> 0.1449502 | BE34: =B34 -> 43661 | BF34: 52419 | BG34: =SUM(BF34-BF33)*100 -> 24700 | BI34: 6660 | BJ34: =SUM(BI34-BI33)*100 -> 3100 | BL34: 63469 | BM34: =SUM(BL34-BL33) -> 1176 | BO34: 45443 | BP34: =SUM(BO34-BO33)*40 -> 2360 | BS34: =SUM(BG34+BJ34,BM34,BP34) -> 31336 | BY34: =SUM(AU34) -> 38926 | CC34: =SUM(G34) -> 74468 | CL34: =SUM(C34) -> 79157 | CU34: =SUM(W34) -> 62059 | DD34: =SUM(AQ34) -> 14557 | DM34: =SUM(AA34) -> 59101 | DV34: =SUM(O34) -> 8908 | EE34: =SUM(W34) -> 62059 | EN34: =SUM(S34) -> 9555 | EW34: =SUM(AE34) -> 15119 | FF34: =SUM(AI34) -> 10333 | FO34: =SUM(AM34) -> 75921 | GE34: =SUM(BI34) -> 6660 | GN34: =SUM(BF34) -> 52419 | GW34: =SUM(BL34) -> 63469 | HC34: =SUM(BO34) -> 45443
B35: 43667 | C35: 79448 | D35: 1.562 | E35: =SUM(C35-C34)*160 -> 46560 | G35: 74764 | H35: 1.675 | I35: =SUM(G35-G34)*160 -> 47360 | K35: 8983 | L35: 0.176 | M35: =SUM(K35-K34)*400 -> 14400 | O35: 8940 | P35: 0.163 | Q35: =SUM(O35-O34)*400 -> 12800 | S35: 9590 | T35: 0.184 | U35: =SUM(S35-S34)*400 -> 14000 | W35: 62349 | X35: 1.016 | Y35: =SUM(W35-W34)*300 -> 87000 | AA35: 59383 | AB35: 1.475 | AC35: =SUM(AA35-AA34)*300 -> 84600 | AE35: 15161 | AF35: 0.207 | AG35: =SUM(AE35-AE34)*160 -> 6720 | AI35: 10356 | AJ35: 0.107 | AK35: =SUM(AI35-AI34)*160 -> 3680 | AM35: 76191 | AN35: 0 | AO35: =SUM(AM35-AM34)*200 -> 54000 | AQ35: 14599 | AR35: 0 | AS35: =SUM(AQ35-AQ34)*40 -> 1680 | AU35: 39395 | AW35: =SUM(AU35-AU34) -> 469 | AZ35: =SUM(AO35+AK35+AG35+AC35+Y35+U35+Q35+M35+I35+E35+AS35+AW35) -> 373269 | BA35: =SUM(AO35+AS35) -> 55680 | BB35: =SUM(BA35/AZ35) -> 0.14916856 | BE35: =B35 -> 43667 | BF35: 52542 | BG35: =SUM(BF35-BF34)*100 -> 12300 | BI35: 6673 | BJ35: =SUM(BI35-BI34)*100 -> 1300 | BL35: 64087 | BM35: =SUM(BL35-BL34) -> 618 | BO35: 45469 | BP35: =SUM(BO35-BO34)*40 -> 1040 | BS35: =SUM(BG35+BJ35,BM35,BP35) -> 15258 | BY35: =SUM(AU35) -> 39395 | CC35: =SUM(G35) -> 74764 | CL35: =SUM(C35) -> 79448 | CU35: =SUM(W35) -> 62349 | DD35: =SUM(AQ35) -> 14599 | DM35: =SUM(AA35) -> 59383 | DV35: =SUM(O35) -> 8940 | EE35: =SUM(W35) -> 62349 | EN35: =SUM(S35) -> 9590 | EW35: =SUM(AE35) -> 15161 | FF35: =SUM(AI35) -> 10356 | FO35: =SUM(AM35) -> 76191 | GE35: =SUM(BI35) -> 6673 | GN35: =SUM(BF35) -> 52542 | GW35: =SUM(BL35) -> 64087 | HC35: =SUM(BO35) -> 45469
B36: 43674 | C36: 79742 | D36: 2.156 | E36: =SUM(C36-C35)*160 -> 47040 | G36: 75063 | H36: 2.241 | I36: =SUM(G36-G35)*160 -> 47840 | K36: 9015 | L36: 0.274 | M36: =SUM(K36-K35)*400 -> 12800 | O36: 8970 | P36: 0.243 | Q36: =SUM(O36-O35)*400 -> 12000 | S36: 9623 | T36: 0.25 | U36: =SUM(S36-S35)*400 -> 13200 | W36: 62624 | X36: 2.476 | Y36: =SUM(W36-W35)*300 -> 82500 | AA36: 59648 | AB36: 2.176 | AC36: =SUM(AA36-AA35)*300 -> 79500 | AE36: 15201 | AF36: 0.362 | AG36: =SUM(AE36-AE35)*160 -> 6400 | AI36: 10379 | AJ36: 0.26 | AK36: =SUM(AI36-AI35)*160 -> 3680 | AM36: 76476 | AN36: 2.196 | AO36: =SUM(AM36-AM35)*200 -> 57000 | AQ36: 14640 | AR36: 0.333 | AS36: =SUM(AQ36-AQ35)*40 -> 1640 | AU36: 39824 | AW36: =SUM(AU36-AU35) -> 429 | AZ36: =SUM(AO36+AK36+AG36+AC36+Y36+U36+Q36+M36+I36+E36+AS36+AW36) -> 364029 | BA36: =SUM(AO36+AS36) -> 58640 | BB36: =SUM(BA36/AZ36) -> 0.16108607 | BE36: =B36 -> 43674 | BF36: 52753 | BG36: =SUM(BF36-BF35)*100 -> 21100 | BI36: 6698 | BJ36: =SUM(BI36-BI35)*100 -> 2500 | BL36: 65129 | BM36: =SUM(BL36-BL35) -> 1042 | BO36: 45516 | BP36: =SUM(BO36-BO35)*40 -> 1880 | BS36: =SUM(BG36+BJ36,BM36,BP36) -> 26522 | BY36: =SUM(AU36) -> 39824 | CC36: =SUM(G36) -> 75063 | CL36: =SUM(C36) -> 79742 | CU36: =SUM(W36) -> 62624 | DD36: =SUM(AQ36) -> 14640 | DM36: =SUM(AA36) -> 59648 | DV36: =SUM(O36) -> 8970 | EE36: =SUM(W36) -> 62624 | EN36: =SUM(S36) -> 9623 | EW36: =SUM(AE36) -> 15201 | FF36: =SUM(AI36) -> 10379 | FO36: =SUM(AM36) -> 76476 | GE36: =SUM(BI36) -> 6698 | GN36: =SUM(BF36) -> 52753 | GW36: =SUM(BL36) -> 65129 | HC36: =SUM(BO36) -> 45516
