Workbook

Sheet TOTAL
A1: Site Name | B1: Day | C1: Month | D1: Year | E1: Total Electricity Kwh | F1: Electricity Tariff ($/Kwh) | G1: Natual Gas (m3) | H1: Natural Gas $/m3 | I1: Water Utility Supply (m3) m3 | J1: Water Utility Supply (m3) $/m3 | K1: Total Guests | L1: Room Nights
A2: Prague | B2: 1 | C2: 3 | D2: 2022 | E2: =March!B4 -> 10941 | F2: 0.099 | G2: =March!C4 -> 1527 | H2: 0.28 | I2: =March!D4 -> 45 | J2: 3.272 | K2: =March!J4 -> 54 | L2: =March!K4 -> 39
A3: Prague | B3: =B2+1 -> 2 | C3: 3 | D3: 2022 | E3: =March!B5 -> 10766 | F3: 0.099 | G3: =March!C5 -> 1486 | H3: 0.28 | I3: =March!D5 -> 46 | J3: 3.272 | K3: =March!J5 -> 49 | L3: =March!K5 -> 34
A4: Prague | B4: =B3+1 -> 3 | C4: 3 | D4: 2022 | E4: =March!B6 -> 11698 | F4: 0.099 | G4: =March!C6 -> 1657 | H4: 0.28 | I4: =March!D6 -> 53 | J4: 3.272 | K4: =March!J6 -> 116 | L4: =March!K6 -> 66
A5: Prague | B5: =B4+1 -> 4 | C5: 3 | D5: 2022 | E5: =March!B7 -> 12175 | F5: 0.099 | G5: =March!C7 -> 1708 | H5: 0.28 | I5: =March!D7 -> 65 | J5: 3.272 | K5: =March!J7 -> 130 | L5: =March!K7 -> 76
A6: Prague | B6: =B5+1 -> 5 | C6: 3 | D6: 2022 | E6: =March!B8 -> 11560 | F6: 0.099 | G6: =March!C8 -> 1587 | H6: 0.28 | I6: =March!D8 -> 63 | J6: 3.272 | K6: =March!J8 -> 137 | L6: =March!K8 -> 79
A7: Prague | B7: =B6+1 -> 6 | C7: 3 | D7: 2022 | E7: =March!B9 -> 11331 | F7: 0.099 | G7: =March!C9 -> 1656 | H7: 0.28 | I7: =March!D9 -> 61 | J7: 3.272 | K7: =March!J9 -> 101 | L7: =March!K9 -> 66
A8: Prague | B8: =B7+1 -> 7 | C8: 3 | D8: 2022 | E8: =March!B10 -> 11523 | F8: 0.099 | G8: =March!C10 -> 1677 | H8: 0.28 | I8: =March!D10 -> 57 | J8: 3.272 | K8: =March!J10 -> 57 | L8: =March!K10 -> 44
A9: Prague | B9: =B8+1 -> 8 | C9: 3 | D9: 2022 | E9: =March!B11 -> 11431 | F9: 0.099 | G9: =March!C11 -> 1596 | H9: 0.28 | I9: =March!D11 -> 60 | J9: 3.272 | K9: =March!J11 -> 64 | L9: =March!K11 -> 46
A10: Prague | B10: =B9+1 -> 9 | C10: 3 | D10: 2022 | E10: =March!B12 -> 11808 | F10: 0.099 | G10: =March!C12 -> 1528 | H10: 0.28 | I10: =March!D12 -> 54 | J10: 3.272 | K10: =March!J12 -> 54 | L10: =March!K12 -> 36
A11: Prague | B11: =B10+1 -> 10 | C11: 3 | D11: 2022 | E11: =March!B13 -> 11482 | F11: 0.099 | G11: =March!C13 -> 1557 | H11: 0.28 | I11: =March!D13 -> 51 | J11: 3.272 | K11: =March!J13 -> 59 | L11: =March!K13 -> 34
A12: Prague | B12: =B11+1 -> 11 | C12: 3 | D12: 2022 | E12: =March!B14 -> 11107 | F12: 0.099 | G12: =March!C14 -> 1548 | H12: 0.28 | I12: =March!D14 -> 51 | J12: 3.272 | K12: =March!J14 -> 85 | L12: =March!K14 -> 49
A13: Prague | B13: =B12+1 -> 12 | C13: 3 | D13: 2022 | E13: =March!B15 -> 11464 | F13: 0.099 | G13: =March!C15 -> 1578 | H13: 0.28 | I13: =March!D15 -> 48 | J13: 3.272 | K13: =March!J15 -> 95 | L13: =March!K15 -> 57
A14: Prague | B14: =B13+1 -> 13 | C14: 3 | D14: 2022 | E14: =March!B16 -> 12216 | F14: 0.099 | G14: =March!C16 -> 1585 | H14: 0.28 | I14: =March!D16 -> 55 | J14: 3.272 | K14: =March!J16 -> 936 | L14: =March!K16 -> 57
... A32: Prague | B32: =B31+1 -> 31 | C32: 3 | D32: 2022 | E32: =March!B34 -> 11283 | F32: 0.099 | G32: =March!C34 -> 1368 | H32: 0.28 | I32: =March!D34 -> 106 | J32: 3.272 | K32: =March!J34 -> 78 | L32: =March!K34 -> 44

Sheet March
A1: Four Seasons Hotel Prague - Utilities Daily Consumption - February 2022
A2: DATE | B2: Electricity | C2: Gas | D2: Water | F2: Temperature °C | J2: Guests | K2: Room Night | L2: MTG
B3: [kWh] | C3: [m3] | D3: [m3] | F3: min. ČR | G3: max. ČR | H3: FSHP-max | J3: in house | K3: rooms | L3: rooms
A4: 1 | B4: 10941 | C4: 1527 | D4: 45 | F4: -7 | G4: 6 | H4: 6 | J4: 54 | K4: 39 | L4: 2
A5: 2 | B5: 10766 | C5: 1486 | D5: 46 | F5: -7 | G5: 7 | H5: 7 | J5: 49 | K5: 34 | L5: 1
A6: 3 | B6: 11698 | C6: 1657 | D6: 53 | F6: -6 | G6: 7 | H6: 7 | J6: 116 | K6: 66 | L6: 4
A7: 4 | B7: 12175 | C7: 1708 | D7: 65 | F7: -5 | G7: 1 | H7: 2 | J7: 130 | K7: 76 | L7: 3
A8: 5 | B8: 11560 | C8: 1587 | D8: 63 | F8: -2 | G8: 4 | H8: 4 | J8: 137 | K8: 79 | L8: 2
A9: 6 | B9: 11331 | C9: 1656 | D9: 61 | F9: -5 | G9: 1 | H9: 3 | J9: 101 | K9: 66 | L9: 2
A10: 7 | B10: 11523 | C10: 1677 | D10: 57 | F10: -3 | G10: 4 | H10: 4 | J10: 57 | K10: 44 | L10: 1
A11: 8 | B11: 11431 | C11: 1596 | D11: 60 | F11: -5 | G11: 9 | H11: 9 | J11: 64 | K11: 46 | L11: 1
A12: 9 | B12: 11808 | C12: 1528 | D12: 54 | F12: -4 | G12: 11 | H12: 10 | J12: 54 | K12: 36 | L12: 1
A13: 10 | B13: 11482 | C13: 1557 | D13: 51 | F13: -5 | G13: 8 | H13: 8 | J13: 59 | K13: 34 | L13: 1
A14: 11 | B14: 11107 | C14: 1548 | D14: 51 | F14: -5 | G14: 6 | H14: 8 | J14: 85 | K14: 49 | L14: 0
A15: 12 | B15: 11464 | C15: 1578 | D15: 48 | F15: -4 | G15: 10 | H15: 10 | J15: 95 | K15: 57 | L15: 2
... A33: 30 | B33: 10254 | C33: 1133 | D33: 0 | F33: 4 | G33: 8 | H33: 11 | J33: 101 | K33: 64 | L33: 2
A34: 31 | B34: 11283 | C34: 1368 | D34: 106 | H34: 6 | J34: 78 | K34: 44 | L34: 1
A35: TOTAL | B35: =SUM(B4:B34) -> 349859 | C35: =SUM(C4:C34) -> 41326 | D35: =SUM(D4:D34) -> 1957 | F35: =AVERAGE(F4:F34) -> -1.4333333 | G35: =AVERAGE(G4:G34) -> 11.1 | H35: =AVERAGE(H4:H34) -> 11.16129 | J35: 63 | K35: =SUM(K4:K34) -> 1639 | L35: =SUM(L4:L34) -> 30
A36: AVG | B36: =AVERAGE(B4:B34) -> 11285.774 | C36: =AVERAGE(C4:C34) -> 1333.0968 | D36: =AVERAGE(D4:D34) -> 63.129032
B37: Average consumption per guest
B38: =B35/J35 -> 5553.3175 | C38: =C35/J35 -> 655.96825 | D38: =D35/J35 -> 31.063492
