Workbook

Sheet TOTAL
A1: Site Name | B1: Day | C1: Month | D1: Year | E1: Total Electricity Kwh | F1: Electricity Tariff ($/Kwh) | G1: LPG (Kg) | H1: LPG $/Kg | I1: Total Fuel Oil (Liter) | J1: Fuel Oil $/Liter | K1: Water Utility Supply (m3) m3 | L1: Water Utility Supply (m3) $/m3 | M1: Room Nights | N1: Food Covers
A2: Bali Jimbaran | B2: 1 | C2: 9 | D2: 2021 | E2: ='FS Jimbaran September 2021'!P12 -> 13500 | F2: ='FS Jimbaran September 2021'!O12/'FS Jimbaran September 2021'!P12 -> 1126.3148 | G2: ='FS Jimbaran September 2021'!AG12 -> 0 | H2: ='FS Jimbaran September 2021'!AH12/'FS Jimbaran September 2021'!AG12 -> #DIV/0! | I2: ='FS Jimbaran September 2021'!AJ12 -> 366.07 | J2: ='FS Jimbaran September 2021'!AK12/'FS Jimbaran September 2021'!AJ12 -> 9900 | K2: ='FS Jimbaran September 2021'!V12 -> 793.88 | L2: ='FS Jimbaran September 2021'!AA12/'FS Jimbaran September 2021'!V12 -> 6199.3455 | M2: =+'RNs & Covers September 2021'!B6 -> 3 | N2: =+'RNs & Covers September 2021'!C6 -> 48
A3: Bali Jimbaran | B3: =B2+1 -> 2 | C3: 9 | D3: 2021 | E3: ='FS Jimbaran September 2021'!P13 -> 13260 | F3: ='FS Jimbaran September 2021'!O13/'FS Jimbaran September 2021'!P13 -> 1125.6101 | G3: ='FS Jimbaran September 2021'!AG13 -> 12 | H3: ='FS Jimbaran September 2021'!AH13/'FS Jimbaran September 2021'!AG13 -> 11458.333 | I3: ='FS Jimbaran September 2021'!AJ13 -> 254.29 | J3: ='FS Jimbaran September 2021'!AK13/'FS Jimbaran September 2021'!AJ13 -> 9900 | K3: ='FS Jimbaran September 2021'!V13 -> 946.96 | L3: ='FS Jimbaran September 2021'!AA13/'FS Jimbaran September 2021'!V13 -> 5883.4466 | M3: =+'RNs & Covers September 2021'!B7 -> 5 | N3: =+'RNs & Covers September 2021'!C7 -> 43
A4: Bali Jimbaran | B4: =B3+1 -> 3 | C4: 9 | D4: 2021 | E4: ='FS Jimbaran September 2021'!P14 -> 13680 | F4: ='FS Jimbaran September 2021'!O14/'FS Jimbaran September 2021'!P14 -> 1135.7237 | G4: ='FS Jimbaran September 2021'!AG14 -> 36 | H4: ='FS Jimbaran September 2021'!AH14/'FS Jimbaran September 2021'!AG14 -> 11458.333 | I4: ='FS Jimbaran September 2021'!AJ14 -> 341.3 | J4: ='FS Jimbaran September 2021'!AK14/'FS Jimbaran September 2021'!AJ14 -> 9900 | K4: ='FS Jimbaran September 2021'!V14 -> 952.3 | L4: ='FS Jimbaran September 2021'!AA14/'FS Jimbaran September 2021'!V14 -> 5822.9504 | M4: =+'RNs & Covers September 2021'!B8 -> 6 | N4: =+'RNs & Covers September 2021'!C8 -> 84
A5: Bali Jimbaran | B5: =B4+1 -> 4 | C5: 9 | D5: 2021 | E5: ='FS Jimbaran September 2021'!P15 -> 13820 | F5: ='FS Jimbaran September 2021'!O15/'FS Jimbaran September 2021'!P15 -> 1123.469 | G5: ='FS Jimbaran September 2021'!AG15 -> 0 | H5: ='FS Jimbaran September 2021'!AH15/'FS Jimbaran September 2021'!AG15 -> #DIV/0! | I5: ='FS Jimbaran September 2021'!AJ15 -> 364.98 | J5: ='FS Jimbaran September 2021'!AK15/'FS Jimbaran September 2021'!AJ15 -> 9900 | K5: ='FS Jimbaran September 2021'!V15 -> 841.05 | L5: ='FS Jimbaran September 2021'!AA15/'FS Jimbaran September 2021'!V15 -> 6118.7951 | M5: =+'RNs & Covers September 2021'!B9 -> 5 | N5: =+'RNs & Covers September 2021'!C9 -> 67
A6: Bali Jimbaran | B6: =B5+1 -> 5 | C6: 9 | D6: 2021 | E6: ='FS Jimbaran September 2021'!P16 -> 13660 | F6: ='FS Jimbaran September 2021'!O16/'FS Jimbaran September 2021'!P16 -> 1132.0787 | G6: ='FS Jimbaran September 2021'!AG16 -> 12 | H6: ='FS Jimbaran September 2021'!AH16/'FS Jimbaran September 2021'!AG16 -> 11458.333 | I6: ='FS Jimbaran September 2021'!AJ16 -> 287.83 | J6: ='FS Jimbaran September 2021'!AK16/'FS Jimbaran September 2021'!AJ16 -> 9900 | K6: ='FS Jimbaran September 2021'!V16 -> 794.77 | L6: ='FS Jimbaran September 2021'!AA16/'FS Jimbaran September 2021'!V16 -> 6197.1572 | M6: =+'RNs & Covers September 2021'!B10 -> 5 | N6: =+'RNs & Covers September 2021'!C10 -> 84
A7: Bali Jimbaran | B7: =B6+1 -> 6 | C7: 9 | D7: 2021 | E7: ='FS Jimbaran September 2021'!P17 -> 13600 | F7: ='FS Jimbaran September 2021'!O17/'FS Jimbaran September 2021'!P17 -> 1123.3643 | G7: ='FS Jimbaran September 2021'!AG17 -> 50 | H7: ='FS Jimbaran September 2021'!AH17/'FS Jimbaran September 2021'!AG17 -> 14180 | I7: ='FS Jimbaran September 2021'!AJ17 -> 321.57 | J7: ='FS Jimbaran September 2021'!AK17/'FS Jimbaran September 2021'!AJ17 -> 9900 | K7: ='FS Jimbaran September 2021'!V17 -> 916.7 | L7: ='FS Jimbaran September 2021'!AA17/'FS Jimbaran September 2021'!V17 -> 5924.1997 | M7: =+'RNs & Covers September 2021'!B11 -> 4 | N7: =+'RNs & Covers September 2021'!C11 -> 65
A8: Bali Jimbaran | B8: =B7+1 -> 7 | C8: 9 | D8: 2021 | E8: ='FS Jimbaran September 2021'!P18 -> 13900 | F8: ='FS Jimbaran September 2021'!O18/'FS Jimbaran September 2021'!P18 -> 1124.4547 | G8: ='FS Jimbaran September 2021'!AG18 -> 0 | H8: ='FS Jimbaran September 2021'!AH18/'FS Jimbaran September 2021'!AG18 -> #DIV/0! | I8: ='FS Jimbaran September 2021'!AJ18 -> 287.51 | J8: ='FS Jimbaran September 2021'!AK18/'FS Jimbaran September 2021'!AJ18 -> 9900 | K8: ='FS Jimbaran September 2021'!V18 -> 824.14 | L8: ='FS Jimbaran September 2021'!AA18/'FS Jimbaran September 2021'!V18 -> 6142.4165 | M8: =+'RNs & Covers September 2021'!B12 -> 4 | N8: =+'RNs & Covers September 2021'!C12 -> 56
A9: Bali Jimbaran | B9: =B8+1 -> 8 | C9: 9 | D9: 2021 | E9: ='FS Jimbaran September 2021'!P19 -> 13940 | F9: ='FS Jimbaran September 2021'!O19/'FS Jimbaran September 2021'!P19 -> 1126.4293 | G9: ='FS Jimbaran September 2021'!AG19 -> 0 | H9: ='FS Jimbaran September 2021'!AH19/'FS Jimbaran September 2021'!AG19 -> #DIV/0! | I9: ='FS Jimbaran September 2021'!AJ19 -> 359.21 | J9: ='FS Jimbaran September 2021'!AK19/'FS Jimbaran September 2021'!AJ19 -> 9900 | K9: ='FS Jimbaran September 2021'!V19 -> 940.73 | L9: ='FS Jimbaran September 2021'!AA19/'FS Jimbaran September 2021'!V19 -> 5907.2812 | M9: =+'RNs & Covers September 2021'!B13 -> 3 | N9: =+'RNs & Covers September 2021'!C13 -> 58
A10: Bali Jimbaran | B10: =B9+1 -> 9 | C10: 9 | D10: 2021 | E10: ='FS Jimbaran September 2021'!P20 -> 13720 | F10: ='FS Jimbaran September 2021'!O20/'FS Jimbaran September 2021'!P20 -> 1123.3532 | G10: ='FS Jimbaran September 2021'!AG20 -> 0 | H10: ='FS Jimbaran September 2021'!AH20/'FS Jimbaran September 2021'!AG20 -> #DIV/0! | I10: ='FS Jimbaran September 2021'!AJ20 -> 255.2 | J10: ='FS Jimbaran September 2021'!AK20/'FS Jimbaran September 2021'!AJ20 -> 9900 | K10: ='FS Jimbaran September 2021'!V20 -> 914.92 | L10: ='FS Jimbaran September 2021'!AA20/'FS Jimbaran September 2021'!V20 -> 5954.1693 | M10: =+'RNs & Covers September 2021'!B14 -> 2 | N10: =+'RNs & Covers September 2021'!C14 -> 61
A11: Bali Jimbaran | B11: =B10+1 -> 10 | C11: 9 | D11: 2021 | E11: ='FS Jimbaran September 2021'!P21 -> 13980 | F11: ='FS Jimbaran September 2021'!O21/'FS Jimbaran September 2021'!P21 -> 1125.4291 | G11: ='FS Jimbaran September 2021'!AG21 -> 0 | H11: ='FS Jimbaran September 2021'!AH21/'FS Jimbaran September 2021'!AG21 -> #DIV/0! | I11: ='FS Jimbaran September 2021'!AJ21 -> 318.41 | J11: ='FS Jimbaran September 2021'!AK21/'FS Jimbaran September 2021'!AJ21 -> 9900 | K11: ='FS Jimbaran September 2021'!V21 -> 824.14 | L11: ='FS Jimbaran September 2021'!AA21/'FS Jimbaran September 2021'!V21 -> 6157.2386 | M11: =+'RNs & Covers September 2021'!B15 -> 2 | N11: =+'RNs & Covers September 2021'!C15 -> 88
A12: Bali Jimbaran | B12: =B11+1 -> 11 | C12: 9 | D12: 2021 | E12: ='FS Jimbaran September 2021'!P22 -> 13360 | F12: ='FS Jimbaran September 2021'!O22/'FS Jimbaran September 2021'!P22 -> 1121.8366 | G12: ='FS Jimbaran September 2021'!AG22 -> 0 | H12: ='FS Jimbaran September 2021'!AH22/'FS Jimbaran September 2021'!AG22 -> #DIV/0! | I12: ='FS Jimbaran September 2021'!AJ22 -> 118.94 | J12: ='FS Jimbaran September 2021'!AK22/'FS Jimbaran September 2021'!AJ22 -> 9900 | K12: ='FS Jimbaran September 2021'!V22 -> 713.78 | L12: ='FS Jimbaran September 2021'!AA22/'FS Jimbaran September 2021'!V22 -> 6435.7548 | M12: =+'RNs & Covers September 2021'!B16 -> 1 | N12: =+'RNs & Covers September 2021'!C16 -> 55
A13: Bali Jimbaran | B13: =B12+1 -> 12 | C13: 9 | D13: 2021 | E13: ='FS Jimbaran September 2021'!P23 -> 12800 | F13: ='FS Jimbaran September 2021'!O23/'FS Jimbaran September 2021'!P23 -> 1123.1739 | G13: ='FS Jimbaran September 2021'!AG23 -> 12 | H13: ='FS Jimbaran September 2021'!AH23/'FS Jimbaran September 2021'!AG23 -> 11458.333 | I13: ='FS Jimbaran September 2021'!AJ23 -> 119.33 | J13: ='FS Jimbaran September 2021'!AK23/'FS Jimbaran September 2021'!AJ23 -> 9900 | K13: ='FS Jimbaran September 2021'!V23 -> 765.4 | L13: ='FS Jimbaran September 2021'!AA23/'FS Jimbaran September 2021'!V23 -> 6288.0183 | M13: =+'RNs & Covers September 2021'!B17 -> 2 | N13: =+'RNs & Covers September 2021'!C17 -> 63
A14: Bali Jimbaran | B14: =B13+1 -> 13 | C14: 9 | D14: 2021 | E14: ='FS Jimbaran September 2021'!P24 -> 13100 | F14: ='FS Jimbaran September 2021'!O24/'FS Jimbaran September 2021'!P24 -> 1122.7539 | G14: ='FS Jimbaran September 2021'!AG24 -> 12 | H14: ='FS Jimbaran September 2021'!AH24/'FS Jimbaran September 2021'!AG24 -> 11458.333 | I14: ='FS Jimbaran September 2021'!AJ24 -> 387.81 | J14: ='FS Jimbaran September 2021'!AK24/'FS Jimbaran September 2021'!AJ24 -> 9900 | K14: ='FS Jimbaran September 2021'!V24 -> 656.82 | L14: ='FS Jimbaran September 2021'!AA24/'FS Jimbaran September 2021'!V24 -> 6700.1153 | M14: =+'RNs & Covers September 2021'!B18 -> 1 | N14: =+'RNs & Covers September 2021'!C18 -> 24
... A31: Bali Jimbaran | B31: =B30+1 -> 30 | C31: 9 | D31: 2021 | E31: ='FS Jimbaran September 2021'!P41 -> 13620 | F31: ='FS Jimbaran September 2021'!O41/'FS Jimbaran September 2021'!P41 -> 1123.2357 | G31: ='FS Jimbaran September 2021'!AG41 -> 0 | H31: ='FS Jimbaran September 2021'!AH41/'FS Jimbaran September 2021'!AG41 -> #DIV/0! | I31: ='FS Jimbaran September 2021'!AJ41 -> 253.99 | J31: ='FS Jimbaran September 2021'!AK41/'FS Jimbaran September 2021'!AJ41 -> 9900 | K31: ='FS Jimbaran September 2021'!V41 -> 951.41 | L31: ='FS Jimbaran September 2021'!AA41/'FS Jimbaran September 2021'!V41 -> 5503.4413 | M31: =+'RNs & Covers September 2021'!B35 -> 11 | N31: =+'RNs & Covers September 2021'!C35 -> 80

Sheet FS Jimbaran September 2021
B6: Four Seasons Resort Bali at Jimbaran Bay
B7: SEPTEMBER 2021
B8: Date | C8: Room Nights | D8: Food Covers | E8: ELECTRICITY Resort, Sundara & Residences | V8: WATER | AC8: GAS
E9: Electricity Resort | J9: Electricity - Sundara | O9: Sub Total (Resort & Sundara) Cost (IDR) | P9: Sub Total (Resort & Sundara), KWh | Q9: Residences- Electricity KWh | R9: Residences- Electricity cost (IDR) | S9: TOTAL Electricity consumption (KWh) | T9: TOTAL Electricity cost | W9: Water (m3) | AA9: Total Water Cost | AC9: LPG | AJ9: Diesel
E10: BASED LOAD KWh (from 10 pm - 6 pm) | F10: Cost (IDR) | G10: PEAK LOAD KWh (from 6 pm - 10 pm) | H10: Cost (IDR) | I10: Resort Cost (IDR) | J10: BASED LOAD KWh (from 10 pm - 6 pm) | K10: Cost (IDR) | L10: PEAK LOAD KWh (from 6 pm - 10 pm) | M10: Cost (IDR) | N10: Sundara Cost (IDR) | T10: IDR | U10: USD | V10: Water consumption (m3) | W10: Municipal Water (m3) | X10: Municipal Water cost (IDR) | Y10: Deepwell Consumption (m3) | Z10: Deepwell water Cost (IDR) | AA10: IDR | AB10: USD | AC10: LPG Bulk (m3) | AD10: 50 Kg (tube) IVD & TW | AE10: Sundara 50 kg (tube) | AF10: 12 Kg (tube) | AG10: Total kg | AH10: IDR | AI10: USD | AJ10: Used (liters) | AK10: IDR | AL10: USD
B12: 1 | C12: 3 | D12: 48 | E12: 9780 | F12: 10129928 | G12: 2000 | H12: 3107340 | I12: =F12+H12 -> 13237268 | J12: 1360 | K12: 1408660.8 | L12: 360 | M12: 559321.2 | N12: =+K12+M12 -> 1967982 | O12: =N12+I12 -> 15205250 | P12: =L12+J12+G12+E12 -> 13500 | U12: 0 | V12: =Y12+W12 -> 793.88 | W12: 113.03 | X12: 2031205.6 | Y12: 680.85 | Z12: 2890330.8 | AA12: =Z12+X12 -> 4921536.4 | AB12: =AA12/$AL$47 -> 379.2773 | AC12: 0 | AD12: 0 | AE12: 0 | AF12: 0 | AG12: =+AE12+AF12 -> 0 | AH12: 0 | AI12: =AH12/$AL$47 -> 0 | AJ12: 366.07 | AK12: 3624093 | AL12: =AK12/$AL$47 -> 279.29006
B13: 2 | C13: 5 | D13: 43 | E13: 9600 | F13: 9943488 | G13: 1960 | H13: 3045193.2 | I13: =F13+H13 -> 12988681 | J13: 1360 | K13: 1408660.8 | L13: 340 | M13: 528247.8 | N13: =+K13+M13 -> 1936908.6 | O13: =N13+I13 -> 14925590 | P13: =L13+J13+G13+E13 -> 13260 | U13: 0 | V13: =Y13+W13 -> 946.96 | W13: 113.03 | X13: 2031205.6 | Y13: 833.93 | Z13: 3540183 | AA13: =Z13+X13 -> 5571388.6 | AB13: =AA13/$AL$47 -> 429.35804 | AC13: 0 | AD13: 0 | AE13: 0 | AF13: 12 | AG13: =+AE13+AF13 -> 12 | AH13: 137500 | AI13: =AH13/$AL$47 -> 10.596412 | AJ13: 254.29 | AK13: 2517471 | AL13: =AK13/$AL$47 -> 194.00844
B14: 3 | C14: 6 | D14: 84 | E14: 9680 | F14: 10026350 | G14: 2240 | H14: 3480220.8 | I14: =F14+H14 -> 13506571 | J14: 1360 | K14: 1408660.8 | L14: 400 | M14: 621468 | N14: =+K14+M14 -> 2030128.8 | O14: =N14+I14 -> 15536700 | P14: =L14+J14+G14+E14 -> 13680 | U14: 0 | V14: =Y14+W14 -> 952.3 | W14: 109.47 | X14: 1967230.6 | Y14: 842.83 | Z14: 3577965.1 | AA14: =Z14+X14 -> 5545195.7 | AB14: =AA14/$AL$47 -> 427.33949 | AC14: 0 | AD14: 0 | AE14: 0 | AF14: 36 | AG14: =+AE14+AF14 -> 36 | AH14: 412500 | AI14: =AH14/$AL$47 -> 31.789237 | AJ14: 341.3 | AK14: 3378870 | AL14: =AK14/$AL$47 -> 260.392
B15: 4 | C15: 5 | D15: 67 | E15: 10000 | F15: 10357800 | G15: 1960 | H15: 3045193.2 | I15: =F15+H15 -> 13402993 | J15: 1480 | K15: 1532954.4 | L15: 380 | M15: 590394.6 | N15: =+K15+M15 -> 2123349 | O15: =N15+I15 -> 15526342 | P15: =L15+J15+G15+E15 -> 13820 | U15: 0 | V15: =Y15+W15 -> 841.05 | W15: 114.81 | X15: 2063193.1 | Y15: 726.24 | Z15: 3083019.5 | AA15: =Z15+X15 -> 5146212.6 | AB15: =AA15/$AL$47 -> 396.59193 | AC15: 0 | AD15: 0 | AE15: 0 | AF15: 0 | AG15: =+AE15+AF15 -> 0 | AH15: 0 | AI15: =AH15/$AL$47 -> 0 | AJ15: 364.98 | AK15: 3613302 | AL15: =AK15/$AL$47 -> 278.45846
B16: 5 | C16: 5 | D16: 84 | E16: 9680 | F16: 10026350 | G16: 2160 | H16: 3355927.2 | I16: =F16+H16 -> 13382278 | J16: 1440 | K16: 1491523.2 | L16: 380 | M16: 590394.6 | N16: =+K16+M16 -> 2081917.8 | O16: =N16+I16 -> 15464195 | P16: =L16+J16+G16+E16 -> 13660 | U16: 0 | V16: =Y16+W16 -> 794.77 | W16: 113.03 | X16: 2031205.6 | Y16: 681.74 | Z16: 2894109 | AA16: =Z16+X16 -> 4925314.6 | AB16: =AA16/$AL$47 -> 379.56847 | AC16: 0 | AD16: 0 | AE16: 0 | AF16: 12 | AG16: =+AE16+AF16 -> 12 | AH16: 137500 | AI16: =AH16/$AL$47 -> 10.596412 | AJ16: 287.83 | AK16: 2849517 | AL16: =AK16/$AL$47 -> 219.59751
B17: 6 | C17: 4 | D17: 65 | E17: 9880 | F17: 10233506 | G17: 1920 | H17: 2983046.4 | I17: =F17+H17 -> 13216553 | J17: 1420 | K17: 1470807.6 | L17: 380 | M17: 590394.6 | N17: =+K17+M17 -> 2061202.2 | O17: =N17+I17 -> 15277755 | P17: =L17+J17+G17+E17 -> 13600 | U17: 0 | V17: =Y17+W17 -> 916.7 | W17: 112.14 | X17: 2015211.9 | Y17: 804.56 | Z17: 3415502 | AA17: =Z17+X17 -> 5430713.9 | AB17: =AA17/$AL$47 -> 418.51697 | AC17: 0 | AD17: 0 | AE17: 50 | AF17: 0 | AG17: =+AE17+AF17 -> 50 | AH17: 709000 | AI17: =AH17/$AL$47 -> 54.638955 | AJ17: 321.57 | AK17: 3183543 | AL17: =AK17/$AL$47 -> 245.33916
B18: 7 | C18: 4 | D18: 56 | E18: 10120 | F18: 10482094 | G18: 2040 | H18: 3169486.8 | I18: =F18+H18 -> 13651580 | J18: 1400 | K18: 1450092 | L18: 340 | M18: 528247.8 | N18: =+K18+M18 -> 1978339.8 | O18: =N18+I18 -> 15629920 | P18: =L18+J18+G18+E18 -> 13900 | U18: 0 | V18: =Y18+W18 -> 824.14 | W18: 113.92 | X18: 2047199.4 | Y18: 710.22 | Z18: 3015011.7 | AA18: =Z18+X18 -> 5062211.1 | AB18: =AA18/$AL$47 -> 390.11837 | AC18: 0 | AD18: 0 | AE18: 0 | AF18: 0 | AG18: =+AE18+AF18 -> 0 | AH18: 0 | AI18: =AH18/$AL$47 -> 0 | AJ18: 287.51 | AK18: 2846349 | AL18: =AK18/$AL$47 -> 219.35336
B19: 8 | C19: 3 | D19: 58 | E19: 10160 | F19: 10523525 | G19: 2080 | H19: 3231633.6 | I19: =F19+H19 -> 13755158 | J19: 1340 | K19: 1387945.2 | L19: 360 | M19: 559321.2 | N19: =+K19+M19 -> 1947266.4 | O19: =N19+I19 -> 15702425 | P19: =L19+J19+G19+E19 -> 13940 | U19: 0 | V19: =Y19+W19 -> 940.73 | W19: 113.92 | X19: 2047199.4 | Y19: 826.81 | Z19: 3509957.3 | AA19: =Z19+X19 -> 5557156.6 | AB19: =AA19/$AL$47 -> 428.26126 | AC19: 0 | AD19: 0 | AE19: 0 | AF19: 0 | AG19: =+AE19+AF19 -> 0 | AH19: 0 | AI19: =AH19/$AL$47 -> 0 | AJ19: 359.21 | AK19: 3556179 | AL19: =AK19/$AL$47 -> 274.05628
B20: 9 | C20: 2 | D20: 61 | E20: 10000 | F20: 10357800 | G20: 1960 | H20: 3045193.2 | I20: =F20+H20 -> 13402993 | J20: 1400 | K20: 1450092 | L20: 360 | M20: 559321.2 | N20: =+K20+M20 -> 2009413.2 | O20: =N20+I20 -> 15412406 | P20: =L20+J20+G20+E20 -> 13720 | U20: 0 | V20: =Y20+W20 -> 914.92 | W20: 113.92 | X20: 2047199.4 | Y20: 801 | Z20: 3400389.2 | AA20: =Z20+X20 -> 5447588.5 | AB20: =AA20/$AL$47 -> 419.81741 | AC20: 0 | AD20: 0 | AE20: 0 | AF20: 0 | AG20: =+AE20+AF20 -> 0 | AH20: 0 | AI20: =AH20/$AL$47 -> 0 | AJ20: 255.2 | AK20: 2526480 | AL20: =AK20/$AL$47 -> 194.70272
B21: 10 | C21: 2 | D21: 88 | E21: 10160 | F21: 10523525 | G21: 2000 | H21: 3107340 | I21: =F21+H21 -> 13630865 | J21: 1400 | K21: 1450092 | L21: 420 | M21: 652541.4 | N21: =+K21+M21 -> 2102633.4 | O21: =N21+I21 -> 15733498 | P21: =L21+J21+G21+E21 -> 13980 | U21: 0 | V21: =Y21+W21 -> 824.14 | W21: 114.81 | X21: 2063193.1 | Y21: 709.33 | Z21: 3011233.5 | AA21: =Z21+X21 -> 5074426.6 | AB21: =AA21/$AL$47 -> 391.05976 | AC21: 0 | AD21: 0 | AE21: 0 | AF21: 0 | AG21: =+AE21+AF21 -> 0 | AH21: 0 | AI21: =AH21/$AL$47 -> 0 | AJ21: 318.41 | AK21: 3152259 | AL21: =AK21/$AL$47 -> 242.92826
B22: 11 | C22: 1 | D22: 55 | E22: 9800 | F22: 10150644 | G22: 1880 | H22: 2920899.6 | I22: =F22+H22 -> 13071544 | J22: 1340 | K22: 1387945.2 | L22: 340 | M22: 528247.8 | N22: =+K22+M22 -> 1916193 | O22: =N22+I22 -> 14987737 | P22: =L22+J22+G22+E22 -> 13360 | U22: 0 | V22: =Y22+W22 -> 713.78 | W22: 113.92 | X22: 2047199.4 | Y22: 599.86 | Z22: 2546513.7 | AA22: =Z22+X22 -> 4593713 | AB22: =AA22/$AL$47 -> 354.01365 | AC22: 0 | AD22: 0 | AE22: 0 | AF22: 0 | AG22: =+AE22+AF22 -> 0 | AH22: 0 | AI22: =AH22/$AL$47 -> 0 | AJ22: 118.94 | AK22: 1177506 | AL22: =AK22/$AL$47 -> 90.744284
B23: 12 | C23: 2 | D23: 63 | E23: 9360 | F23: 9694900.8 | G23: 1840 | H23: 2858752.8 | I23: =F23+H23 -> 12553654 | J23: 1280 | K23: 1325798.4 | L23: 320 | M23: 497174.4 | N23: =+K23+M23 -> 1822972.8 | O23: =N23+I23 -> 14376626 | P23: =L23+J23+G23+E23 -> 12800 | U23: 0 | V23: =Y23+W23 -> 765.4 | W23: 113.92 | X23: 2047199.4 | Y23: 651.48 | Z23: 2765649.9 | AA23: =Z23+X23 -> 4812849.2 | AB23: =AA23/$AL$47 -> 370.90134 | AC23: 0 | AD23: 0 | AE23: 0 | AF23: 12 | AG23: =+AE23+AF23 -> 12 | AH23: 137500 | AI23: =AH23/$AL$47 -> 10.596412 | AJ23: 119.33 | AK23: 1181367 | AL23: =AK23/$AL$47 -> 91.041832
... B41: 30 | C41: 11 | D41: 80 | E41: 10080 | F41: 10440662 | G41: 2000 | H41: 3107340 | I41: =F41+H41 -> 13548002 | J41: 1240 | K41: 1284367.2 | L41: 300 | M41: 466101 | N41: =+K41+M41 -> 1750468.2 | O41: =N41+I41 -> 15298471 | P41: =L41+J41+G41+E41 -> 13620 | U41: 0 | V41: =Y41+W41 -> 951.41 | W41: 87.22 | X41: 1567387 | Y41: 864.19 | Z41: 3668642.1 | AA41: =Z41+X41 -> 5236029.1 | AB41: =AA41/$AL$47 -> 403.51362 | AC41: 0 | AD41: 0 | AE41: 0 | AF41: 0 | AG41: =+AE41+AF41 -> 0 | AH41: 0 | AI41: =AH41/$AL$47 -> 0 | AJ41: 253.99 | AK41: 2514501 | AL41: =AK41/$AL$47 -> 193.77956
C46: =SUM(C12:C42) -> 158 | D46: =SUM(D12:D42) -> 2137 | E46: =SUM(E12:E42) -> 298980 | F46: =SUM(F12:F42) -> 3.096775e+08 | G46: =SUM(G12:G42) -> 59760 | H46: =SUM(H12:H42) -> 92847319 | I46: =SUM(I12:I42) -> 4.0252482e+08 | J46: =SUM(J12:J42) -> 39640 | ... P46: =SUM(P12:P42) -> 408800 | Q46: =+#REF! -> #REF! | R46: =+#REF! -> #REF! | S46: =Q46+P46 -> #REF! | T46: =R46+O46 -> #REF! | U46: =T46/AL47 -> #REF! | V46: =SUM(V12:V41) -> 25913.24 | W46: =SUM(W12:W41) -> 3291.22 | X46: =SUM(X12:X41) -> 59144869 | Y46: =SUM(Y12:Y41) -> 22622.02 | Z46: =SUM(Z12:Z41) -> 96034547 | AA46: =SUM(AA12:AA41) -> 1.5517942e+08 | AB46: =AA46/$AL$47 -> 11958.873 | AC46: =SUM(AC12:AC41) -> 0 | AD46: =SUM(AD12:AD41) -> 0 | AE46: =SUM(AE12:AE41) -> 1250 | AF46: =SUM(AF12:AF41) -> 168 | AG46: =SUM(AG12:AG41) -> 1418 | AH46: =SUM(AH12:AH42) -> 19650000 | AI46: =AH46/$AL$47 -> 1514.3237 | AJ46: =SUM(AJ12:AJ42) -> 7420.86 | AK46: =SUM(AK12:AK42) -> 73466514 | AL46: =AK46/AL47 -> 5661.6835
T47: kWh rate | U47: =U46/S46 -> #REF! | V47: m3/RNs | X47: variance | Y47: =Y46-Y48 -> 10305.02 | Z47: =Z46-Z48 -> 38272997 | AL47: 12976.09
W48: Bills | Y48: 12317 | Z48: 57761550
X49: per RNs | Y49: =Y48/C46 -> 77.955696 | Z49: =Z48/C46 -> 365579.43
V50: =V46*X50 -> 17621.003 | W50: FIX | X50: 0.68 | Y50: =X50*Y49 -> 53.009873 | Z50: m3
V51: =V46*32% -> 8292.2368 | W51: Variable | X51: RNs | Y51: =Y49*32% -> 24.945823
V52: =60%*V51 -> 4975.3421 | X52: Fcovers impact 60% | Y52: =60%*Y51 -> 14.967494 | Z52: m3
V53: =V51-V52 -> 3316.8947 | X53: Rooms only 40% | Y53: =Y51-Y52 -> 9.9783291 | Z53: m3

Sheet RNs & Covers September 2021
A1: Four Seasons Resort Bali at Jimbaran Bay
A2: 44440
A3: Date | B3: Room Nights | C3: Food Covers
A6: 1 | B6: 3 | C6: 48
A7: 2 | B7: 5 | C7: 43
A8: =A7+1 -> 3 | B8: 6 | C8: 84
A9: =A8+1 -> 4 | B9: 5 | C9: 67
A10: =A9+1 -> 5 | B10: 5 | C10: 84
A11: =A10+1 -> 6 | B11: 4 | C11: 65
A12: =A11+1 -> 7 | B12: 4 | C12: 56
A13: =A12+1 -> 8 | B13: 3 | C13: 58
A14: =A13+1 -> 9 | B14: 2 | C14: 61
A15: =A14+1 -> 10 | B15: 2 | C15: 88
A16: =A15+1 -> 11 | B16: 1 | C16: 55
A17: =A16+1 -> 12 | B17: 2 | C17: 63
A18: =A17+1 -> 13 | B18: 1 | C18: 24
A19: =A18+1 -> 14 | B19: 13 | C19: 50
... A35: =A34+1 -> 30 | B35: 11 | C35: 80
B37: =SUM(B6:B35) -> 158 | C37: =SUM(C6:C35) -> 2137
