Workbook

Sheet TOTAL
A1: Site Name | B1: Day | C1: Month | D1: Year | E1: Total Electricity Kwh | F1: Electricity Tariff ($/Kwh) | G1: LPG (Kg) | H1: LPG $/Kg | I1: Total Fuel Oil (Liters) | J1: Fuel Oil $/Liter | K1: Water Utility Supply (m3) m3 | L1: Water Utility Supply (m3) $/m3 | M1: Room Nights | N1: Food Covers
A2: Bali Jimbaran | B2: 1 | C2: 8 | D2: 2021 | E2: ='FS Jimbaran August 2021'!P12 -> 13380 | F2: ='FS Jimbaran August 2021'!O12/'FS Jimbaran August 2021'!P12 -> 1120.1597 | G2: ='FS Jimbaran August 2021'!AG12 -> 12 | H2: ='FS Jimbaran August 2021'!AH12/'FS Jimbaran August 2021'!AG12 -> 11458.333 | I2: ='FS Jimbaran August 2021'!AJ12 -> 108.75 | J2: ='FS Jimbaran August 2021'!AK12/'FS Jimbaran August 2021'!AJ12 -> 9900 | K2: ='FS Jimbaran August 2021'!V12 -> 849.06 | L2: ='FS Jimbaran August 2021'!AA12/'FS Jimbaran August 2021'!V12 -> 6057.9581 | M2: =+'RNs & Covers August 2021'!B6 -> 4 | N2: =+'RNs & Covers August 2021'!C6 -> 95
A3: Bali Jimbaran | B3: =B2+1 -> 2 | C3: 8 | D3: 2021 | E3: ='FS Jimbaran August 2021'!P13 -> 12720 | F3: ='FS Jimbaran August 2021'!O13/'FS Jimbaran August 2021'!P13 -> 1126.1665 | G3: ='FS Jimbaran August 2021'!AG13 -> 0 | H3: ='FS Jimbaran August 2021'!AH13/'FS Jimbaran August 2021'!AG13 -> #DIV/0! | I3: ='FS Jimbaran August 2021'!AJ13 -> 346.97 | J3: ='FS Jimbaran August 2021'!AK13/'FS Jimbaran August 2021'!AJ13 -> 9900 | K3: ='FS Jimbaran August 2021'!V13 -> 933.61 | L3: ='FS Jimbaran August 2021'!AA13/'FS Jimbaran August 2021'!V13 -> 5880.7043 | M3: =+'RNs & Covers August 2021'!B7 -> 5 | N3: =+'RNs & Covers August 2021'!C7 -> 44
A4: Bali Jimbaran | B4: =B3+1 -> 3 | C4: 8 | D4: 2021 | E4: ='FS Jimbaran August 2021'!P14 -> 12440 | F4: ='FS Jimbaran August 2021'!O14/'FS Jimbaran August 2021'!P14 -> 1121.5399 | G4: ='FS Jimbaran August 2021'!AG14 -> 0 | H4: ='FS Jimbaran August 2021'!AH14/'FS Jimbaran August 2021'!AG14 -> #DIV/0! | I4: ='FS Jimbaran August 2021'!AJ14 -> 276.89 | J4: ='FS Jimbaran August 2021'!AK14/'FS Jimbaran August 2021'!AJ14 -> 9900 | K4: ='FS Jimbaran August 2021'!V14 -> 890.89 | L4: ='FS Jimbaran August 2021'!AA14/'FS Jimbaran August 2021'!V14 -> 5972.8427 | M4: =+'RNs & Covers August 2021'!B8 -> 3 | N4: =+'RNs & Covers August 2021'!C8 -> 47
A5: Bali Jimbaran | B5: =B4+1 -> 4 | C5: 8 | D5: 2021 | E5: ='FS Jimbaran August 2021'!P15 -> 13220 | F5: ='FS Jimbaran August 2021'!O15/'FS Jimbaran August 2021'!P15 -> 1126.6654 | G5: ='FS Jimbaran August 2021'!AG15 -> 0 | H5: ='FS Jimbaran August 2021'!AH15/'FS Jimbaran August 2021'!AG15 -> #DIV/0! | I5: ='FS Jimbaran August 2021'!AJ15 -> 385.39 | J5: ='FS Jimbaran August 2021'!AK15/'FS Jimbaran August 2021'!AJ15 -> 9900 | K5: ='FS Jimbaran August 2021'!V15 -> 896.23 | L5: ='FS Jimbaran August 2021'!AA15/'FS Jimbaran August 2021'!V15 -> 5962.5487 | M5: =+'RNs & Covers August 2021'!B9 -> 3 | N5: =+'RNs & Covers August 2021'!C9 -> 43
A6: Bali Jimbaran | B6: =B5+1 -> 5 | C6: 8 | D6: 2021 | E6: ='FS Jimbaran August 2021'!P16 -> 13300 | F6: ='FS Jimbaran August 2021'!O16/'FS Jimbaran August 2021'!P16 -> 1123.0036 | G6: ='FS Jimbaran August 2021'!AG16 -> 0 | H6: ='FS Jimbaran August 2021'!AH16/'FS Jimbaran August 2021'!AG16 -> #DIV/0! | I6: ='FS Jimbaran August 2021'!AJ16 -> 117.2 | J6: ='FS Jimbaran August 2021'!AK16/'FS Jimbaran August 2021'!AJ16 -> 9900 | K6: ='FS Jimbaran August 2021'!V16 -> 1032.4 | L6: ='FS Jimbaran August 2021'!AA16/'FS Jimbaran August 2021'!V16 -> 5724.2016 | M6: =+'RNs & Covers August 2021'!B10 -> 3 | N6: =+'RNs & Covers August 2021'!C10 -> 27
A7: Bali Jimbaran | B7: =B6+1 -> 6 | C7: 8 | D7: 2021 | E7: ='FS Jimbaran August 2021'!P17 -> 13420 | F7: ='FS Jimbaran August 2021'!O17/'FS Jimbaran August 2021'!P17 -> 1126.8545 | G7: ='FS Jimbaran August 2021'!AG17 -> 0 | H7: ='FS Jimbaran August 2021'!AH17/'FS Jimbaran August 2021'!AG17 -> #DIV/0! | I7: ='FS Jimbaran August 2021'!AJ17 -> 323.88 | J7: ='FS Jimbaran August 2021'!AK17/'FS Jimbaran August 2021'!AJ17 -> 9900 | K7: ='FS Jimbaran August 2021'!V17 -> 952.3 | L7: ='FS Jimbaran August 2021'!AA17/'FS Jimbaran August 2021'!V17 -> 5822.9504 | M7: =+'RNs & Covers August 2021'!B11 -> 5 | N7: =+'RNs & Covers August 2021'!C11 -> 46
A8: Bali Jimbaran | B8: =B7+1 -> 7 | C8: 8 | D8: 2021 | E8: ='FS Jimbaran August 2021'!P18 -> 13560 | F8: ='FS Jimbaran August 2021'!O18/'FS Jimbaran August 2021'!P18 -> 1124.3865 | G8: ='FS Jimbaran August 2021'!AG18 -> 12 | H8: ='FS Jimbaran August 2021'!AH18/'FS Jimbaran August 2021'!AG18 -> 11458.333 | I8: ='FS Jimbaran August 2021'!AJ18 -> 245.57 | J8: ='FS Jimbaran August 2021'!AK18/'FS Jimbaran August 2021'!AJ18 -> 9900 | K8: ='FS Jimbaran August 2021'!V18 -> 1000.36 | L8: ='FS Jimbaran August 2021'!AA18/'FS Jimbaran August 2021'!V18 -> 5795.9946 | M8: =+'RNs & Covers August 2021'!B12 -> 5 | N8: =+'RNs & Covers August 2021'!C12 -> 74
A9: Bali Jimbaran | B9: =B8+1 -> 8 | C9: 8 | D9: 2021 | E9: ='FS Jimbaran August 2021'!P19 -> 13340 | F9: ='FS Jimbaran August 2021'!O19/'FS Jimbaran August 2021'!P19 -> 1124.2949 | G9: ='FS Jimbaran August 2021'!AG19 -> 400 | H9: ='FS Jimbaran August 2021'!AH19/'FS Jimbaran August 2021'!AG19 -> 14740 | I9: ='FS Jimbaran August 2021'!AJ19 -> 101.98 | J9: ='FS Jimbaran August 2021'!AK19/'FS Jimbaran August 2021'!AJ19 -> 9900 | K9: ='FS Jimbaran August 2021'!V19 -> 880.21 | L9: ='FS Jimbaran August 2021'!AA19/'FS Jimbaran August 2021'!V19 -> 5979.9272 | M9: =+'RNs & Covers August 2021'!B13 -> 3 | N9: =+'RNs & Covers August 2021'!C13 -> 51
A10: Bali Jimbaran | B10: =B9+1 -> 9 | C10: 8 | D10: 2021 | E10: ='FS Jimbaran August 2021'!P20 -> 13220 | F10: ='FS Jimbaran August 2021'!O20/'FS Jimbaran August 2021'!P20 -> 1123.5314 | G10: ='FS Jimbaran August 2021'!AG20 -> 12 | H10: ='FS Jimbaran August 2021'!AH20/'FS Jimbaran August 2021'!AG20 -> 11458.333 | I10: ='FS Jimbaran August 2021'!AJ20 -> 378.9 | J10: ='FS Jimbaran August 2021'!AK20/'FS Jimbaran August 2021'!AJ20 -> 9900 | K10: ='FS Jimbaran August 2021'!V20 -> 943.4 | L10: ='FS Jimbaran August 2021'!AA20/'FS Jimbaran August 2021'!V20 -> 5863.7319 | M10: =+'RNs & Covers August 2021'!B14 -> 5 | N10: =+'RNs & Covers August 2021'!C14 -> 40
A11: Bali Jimbaran | B11: =B10+1 -> 10 | C11: 8 | D11: 2021 | E11: ='FS Jimbaran August 2021'!P21 -> 12480 | F11: ='FS Jimbaran August 2021'!O21/'FS Jimbaran August 2021'!P21 -> 1127.9047 | G11: ='FS Jimbaran August 2021'!AG21 -> 0 | H11: ='FS Jimbaran August 2021'!AH21/'FS Jimbaran August 2021'!AG21 -> #DIV/0! | I11: ='FS Jimbaran August 2021'!AJ21 -> 135.01 | J11: ='FS Jimbaran August 2021'!AK21/'FS Jimbaran August 2021'!AJ21 -> 9900 | K11: ='FS Jimbaran August 2021'!V21 -> 853.51 | L11: ='FS Jimbaran August 2021'!AA21/'FS Jimbaran August 2021'!V21 -> 6077.1309 | M11: =+'RNs & Covers August 2021'!B15 -> 3 | N11: =+'RNs & Covers August 2021'!C15 -> 42
A12: Bali Jimbaran | B12: =B11+1 -> 11 | C12: 8 | D12: 2021 | E12: ='FS Jimbaran August 2021'!P22 -> 13280 | F12: ='FS Jimbaran August 2021'!O22/'FS Jimbaran August 2021'!P22 -> 1126.2548 | G12: ='FS Jimbaran August 2021'!AG22 -> 0 | H12: ='FS Jimbaran August 2021'!AH22/'FS Jimbaran August 2021'!AG22 -> #DIV/0! | I12: ='FS Jimbaran August 2021'!AJ22 -> 520.14 | J12: ='FS Jimbaran August 2021'!AK22/'FS Jimbaran August 2021'!AJ22 -> 9900 | K12: ='FS Jimbaran August 2021'!V22 -> 929.16 | L12: ='FS Jimbaran August 2021'!AA22/'FS Jimbaran August 2021'!V22 -> 5888.5373 | M12: =+'RNs & Covers August 2021'!B16 -> 3 | N12: =+'RNs & Covers August 2021'!C16 -> 32
A13: Bali Jimbaran | B13: =B12+1 -> 12 | C13: 8 | D13: 2021 | E13: ='FS Jimbaran August 2021'!P23 -> 13440 | F13: ='FS Jimbaran August 2021'!O23/'FS Jimbaran August 2021'!P23 -> 1123.6363 | G13: ='FS Jimbaran August 2021'!AG23 -> 12 | H13: ='FS Jimbaran August 2021'!AH23/'FS Jimbaran August 2021'!AG23 -> 11458.333 | I13: ='FS Jimbaran August 2021'!AJ23 -> 287.86 | J13: ='FS Jimbaran August 2021'!AK23/'FS Jimbaran August 2021'!AJ23 -> 9900 | K13: ='FS Jimbaran August 2021'!V23 -> 1001.25 | L13: ='FS Jimbaran August 2021'!AA23/'FS Jimbaran August 2021'!V23 -> 5782.4158 | M13: =+'RNs & Covers August 2021'!B17 -> 5 | N13: =+'RNs & Covers August 2021'!C17 -> 37
A14: Bali Jimbaran | B14: =B13+1 -> 13 | C14: 8 | D14: 2021 | E14: ='FS Jimbaran August 2021'!P24 -> 13460 | F14: ='FS Jimbaran August 2021'!O24/'FS Jimbaran August 2021'!P24 -> 1122.7363 | G14: ='FS Jimbaran August 2021'!AG24 -> 0 | H14: ='FS Jimbaran August 2021'!AH24/'FS Jimbaran August 2021'!AG24 -> #DIV/0! | I14: ='FS Jimbaran August 2021'!AJ24 -> 321.78 | J14: ='FS Jimbaran August 2021'!AK24/'FS Jimbaran August 2021'!AJ24 -> 9900 | K14: ='FS Jimbaran August 2021'!V24 -> 1028.84 | L14: ='FS Jimbaran August 2021'!AA24/'FS Jimbaran August 2021'!V24 -> 5764.9386 | M14: =+'RNs & Covers August 2021'!B18 -> 5 | N14: =+'RNs & Covers August 2021'!C18 -> 34
... A32: Bali Jimbaran | B32: =B31+1 -> 31 | C32: 8 | D32: 2021 | E32: ='FS Jimbaran August 2021'!P42 -> 13180 | F32: ='FS Jimbaran August 2021'!O42/'FS Jimbaran August 2021'!P42 -> 1123.0119 | G32: ='FS Jimbaran August 2021'!AG42 -> 0 | H32: ='FS Jimbaran August 2021'!AH42/'FS Jimbaran August 2021'!AG42 -> #DIV/0! | I32: ='FS Jimbaran August 2021'!AJ42 -> 97.86 | J32: ='FS Jimbaran August 2021'!AK42/'FS Jimbaran August 2021'!AJ42 -> 9900 | K32: ='FS Jimbaran August 2021'!V42 -> 898.9 | L32: ='FS Jimbaran August 2021'!AA42/'FS Jimbaran August 2021'!V42 -> 5971.0371 | M32: =+'RNs & Covers August 2021'!B36 -> 3 | N32: =+'RNs & Covers August 2021'!C36 -> 47

Sheet FS Jimbaran August 2021
B6: Four Seasons Resort Bali at Jimbaran Bay
B7: AUGUST 2021
B8: Date | C8: Room Nights | D8: Food Covers | E8: ELECTRICITY Resort, Sundara & Residences | V8: WATER | AC8: GAS
E9: Electricity Resort | J9: Electricity - Sundara | O9: Sub Total (Resort & Sundara) Cost (IDR) | P9: Sub Total (Resort & Sundara), KWh | Q9: Residences- Electricity KWh | R9: Residences- Electricity cost (IDR) | S9: TOTAL Electricity consumption (KWh) | T9: TOTAL Electricity cost | W9: Water (m3) | AA9: Total Water Cost | AC9: LPG | AJ9: Diesel
E10: BASED LOAD KWh (from 10 pm - 6 pm) | F10: Cost (IDR) | G10: PEAK LOAD KWh (from 6 pm - 10 pm) | H10: Cost (IDR) | I10: Resort Cost (IDR) | J10: BASED LOAD KWh (from 10 pm - 6 pm) | K10: Cost (IDR) | L10: PEAK LOAD KWh (from 6 pm - 10 pm) | M10: Cost (IDR) | N10: Sundara Cost (IDR) | T10: IDR | U10: USD | V10: Water consumption (m3) | W10: Municipal Water (m3) | X10: Municipal Water cost (IDR) | Y10: Deepwell Consumption (m3) | Z10: Deepwell water Cost (IDR) | AA10: IDR | AB10: USD | AC10: LPG Bulk (m3) | AD10: 50 Kg (tube) IVD & TW | AE10: Sundara 50 kg (tube) | AF10: 12 Kg (tube) | AG10: Total kg | AH10: IDR | AI10: USD | AJ10: Used (liters) | AK10: IDR | AL10: USD
B12: 1 | C12: 4 | D12: 95 | E12: 9820 | F12: 10171360 | G12: 1840 | H12: 2858752.8 | I12: =F12+H12 -> 13030112 | J12: 1380 | K12: 1429376.4 | L12: 340 | M12: 528247.8 | N12: =+K12+M12 -> 1957624.2 | O12: =N12+I12 -> 14987737 | P12: =L12+J12+G12+E12 -> 13380 | U12: 0 | V12: =Y12+W12 -> 849.06 | W12: 112.14 | X12: 2015211.9 | Y12: 736.92 | Z12: 3128358 | AA12: =Z12+X12 -> 5143569.9 | AB12: =AA12/$AL$48 -> 396.38827 | AC12: 0 | AD12: 0 | AE12: 0 | AF12: 12 | AG12: =+AE12+AF12 -> 12 | AH12: 137500 | AI12: =AH12/$AL$48 -> 10.596412 | AJ12: 108.75 | AK12: 1076625 | AL12: =AK12/$AL$48 -> 82.969909
B13: 2 | C13: 5 | D13: 44 | E13: 9120 | F13: 9446313.6 | G13: 1840 | H13: 2858752.8 | I13: =F13+H13 -> 12305066 | J13: 1380 | K13: 1429376.4 | L13: 380 | M13: 590394.6 | N13: =+K13+M13 -> 2019771 | O13: =N13+I13 -> 14324837 | P13: =L13+J13+G13+E13 -> 12720 | U13: 0 | V13: =Y13+W13 -> 933.61 | W13: 111.25 | X13: 1999218.1 | Y13: 822.36 | Z13: 3491066.2 | AA13: =Z13+X13 -> 5490284.3 | AB13: =AA13/$AL$48 -> 423.10776 | AC13: 0 | AD13: 0 | AE13: 0 | AF13: 0 | AG13: =+AE13+AF13 -> 0 | AH13: 0 | AI13: =AH13/$AL$48 -> 0 | AJ13: 346.97 | AK13: 3435003 | AL13: =AK13/$AL$48 -> 264.71788
B14: 3 | C14: 3 | D14: 47 | E14: 9000 | F14: 9322020 | G14: 1720 | H14: 2672312.4 | I14: =F14+H14 -> 11994332 | J14: 1380 | K14: 1429376.4 | L14: 340 | M14: 528247.8 | N14: =+K14+M14 -> 1957624.2 | O14: =N14+I14 -> 13951957 | P14: =L14+J14+G14+E14 -> 12440 | U14: 0 | V14: =Y14+W14 -> 890.89 | W14: 112.14 | X14: 2015211.9 | Y14: 778.75 | Z14: 3305933.9 | AA14: =Z14+X14 -> 5321145.8 | AB14: =AA14/$AL$48 -> 410.07313 | AC14: 0 | AD14: 0 | AE14: 0 | AF14: 0 | AG14: =+AE14+AF14 -> 0 | AH14: 0 | AI14: =AH14/$AL$48 -> 0 | AJ14: 276.89 | AK14: 2741211 | AL14: =AK14/$AL$48 -> 211.25092
B15: 4 | C15: 3 | D15: 43 | E15: 9520 | F15: 9860625.6 | G15: 1960 | H15: 3045193.2 | I15: =F15+H15 -> 12905819 | J15: 1380 | K15: 1429376.4 | L15: 360 | M15: 559321.2 | N15: =+K15+M15 -> 1988697.6 | O15: =N15+I15 -> 14894516 | P15: =L15+J15+G15+E15 -> 13220 | U15: 0 | V15: =Y15+W15 -> 896.23 | W15: 112.14 | X15: 2015211.9 | Y15: 784.09 | Z15: 3328603.2 | AA15: =Z15+X15 -> 5343815.1 | AB15: =AA15/$AL$48 -> 411.82013 | AC15: 0 | AD15: 0 | AE15: 0 | AF15: 0 | AG15: =+AE15+AF15 -> 0 | AH15: 0 | AI15: =AH15/$AL$48 -> 0 | AJ15: 385.39 | AK15: 3815361 | AL15: =AK15/$AL$48 -> 294.0301
B16: 5 | C16: 3 | D16: 27 | E16: 9720 | F16: 10067782 | G16: 1920 | H16: 2983046.4 | I16: =F16+H16 -> 13050828 | J16: 1340 | K16: 1387945.2 | L16: 320 | M16: 497174.4 | N16: =+K16+M16 -> 1885119.6 | O16: =N16+I16 -> 14935948 | P16: =L16+J16+G16+E16 -> 13300 | U16: 0 | V16: =Y16+W16 -> 1032.4 | W16: 111.25 | X16: 1999218.1 | Y16: 921.15 | Z16: 3910447.6 | AA16: =Z16+X16 -> 5909665.7 | AB16: =AA16/$AL$48 -> 455.4273 | AC16: 0 | AD16: 0 | AE16: 0 | AF16: 0 | AG16: =+AE16+AF16 -> 0 | AH16: 0 | AI16: =AH16/$AL$48 -> 0 | AJ16: 117.2 | AK16: 1160280 | AL16: =AK16/$AL$48 -> 89.416766
B17: 6 | C17: 5 | D17: 46 | E17: 9760 | F17: 10109213 | G17: 2040 | H17: 3169486.8 | I17: =F17+H17 -> 13278700 | J17: 1300 | K17: 1346514 | L17: 320 | M17: 497174.4 | N17: =+K17+M17 -> 1843688.4 | O17: =N17+I17 -> 15122388 | P17: =L17+J17+G17+E17 -> 13420 | U17: 0 | V17: =Y17+W17 -> 952.3 | W17: 109.47 | X17: 1967230.6 | Y17: 842.83 | Z17: 3577965.1 | AA17: =Z17+X17 -> 5545195.7 | AB17: =AA17/$AL$48 -> 427.33949 | AC17: 0 | AD17: 0 | AE17: 0 | AF17: 0 | AG17: =+AE17+AF17 -> 0 | AH17: 0 | AI17: =AH17/$AL$48 -> 0 | AJ17: 323.88 | AK17: 3206412 | AL17: =AK17/$AL$48 -> 247.10155
B18: 7 | C18: 5 | D18: 74 | E18: 9960 | F18: 10316369 | G18: 2000 | H18: 3107340 | I18: =F18+H18 -> 13423709 | J18: 1280 | K18: 1325798.4 | L18: 320 | M18: 497174.4 | N18: =+K18+M18 -> 1822972.8 | O18: =N18+I18 -> 15246682 | P18: =L18+J18+G18+E18 -> 13560 | U18: 0 | V18: =Y18+W18 -> 1000.36 | W18: 113.03 | X18: 2031205.6 | Y18: 887.33 | Z18: 3766875.6 | AA18: =Z18+X18 -> 5798081.2 | AB18: =AA18/$AL$48 -> 446.82806 | AC18: 0 | AD18: 0 | AE18: 0 | AF18: 12 | AG18: =+AE18+AF18 -> 12 | AH18: 137500 | AI18: =AH18/$AL$48 -> 10.596412 | AJ18: 245.57 | AK18: 2431143 | AL18: =AK18/$AL$48 -> 187.35559
B19: 8 | C19: 3 | D19: 51 | E19: 9800 | F19: 10150644 | G19: 1960 | H19: 3045193.2 | I19: =F19+H19 -> 13195837 | J19: 1260 | K19: 1305082.8 | L19: 320 | M19: 497174.4 | N19: =+K19+M19 -> 1802257.2 | O19: =N19+I19 -> 14998094 | P19: =L19+J19+G19+E19 -> 13340 | U19: 0 | V19: =Y19+W19 -> 880.21 | W19: 111.25 | X19: 1999218.1 | Y19: 768.96 | Z19: 3264373.6 | AA19: =Z19+X19 -> 5263591.7 | AB19: =AA19/$AL$48 -> 405.63773 | AC19: 0 | AD19: 0 | AE19: 400 | AF19: 0 | AG19: =+AE19+AF19 -> 400 | AH19: 5896000 | AI19: =AH19/$AL$48 -> 454.37416 | AJ19: 101.98 | AK19: 1009602 | AL19: =AK19/$AL$48 -> 77.804793
B20: 9 | C20: 5 | D20: 40 | E20: 9760 | F20: 10109213 | G20: 1920 | H20: 2983046.4 | I20: =F20+H20 -> 13092259 | J20: 1220 | K20: 1263651.6 | L20: 320 | M20: 497174.4 | N20: =+K20+M20 -> 1760826 | O20: =N20+I20 -> 14853085 | P20: =L20+J20+G20+E20 -> 13220 | U20: 0 | V20: =Y20+W20 -> 943.4 | W20: 111.25 | X20: 1999218.1 | Y20: 832.15 | Z20: 3532626.5 | AA20: =Z20+X20 -> 5531844.7 | AB20: =AA20/$AL$48 -> 426.3106 | AC20: 0 | AD20: 0 | AE20: 0 | AF20: 12 | AG20: =+AE20+AF20 -> 12 | AH20: 137500 | AI20: =AH20/$AL$48 -> 10.596412 | AJ20: 378.9 | AK20: 3751110 | AL20: =AK20/$AL$48 -> 289.07861
B21: 10 | C21: 3 | D21: 42 | E21: 9040 | F21: 9363451.2 | G21: 1920 | H21: 2983046.4 | I21: =F21+H21 -> 12346498 | J21: 1220 | K21: 1263651.6 | L21: 300 | M21: 466101 | N21: =+K21+M21 -> 1729752.6 | O21: =N21+I21 -> 14076250 | P21: =L21+J21+G21+E21 -> 12480 | U21: 0 | V21: =Y21+W21 -> 853.51 | W21: 113.92 | X21: 2047199.4 | Y21: 739.59 | Z21: 3139692.7 | AA21: =Z21+X21 -> 5186892 | AB21: =AA21/$AL$48 -> 399.72689 | AC21: 0 | AD21: 0 | AE21: 0 | AF21: 0 | AG21: =+AE21+AF21 -> 0 | AH21: 0 | AI21: =AH21/$AL$48 -> 0 | AJ21: 135.01 | AK21: 1336599 | AL21: =AK21/$AL$48 -> 103.00476
B22: 11 | C22: 3 | D22: 32 | E22: 9720 | F22: 10067782 | G22: 1960 | H22: 3045193.2 | I22: =F22+H22 -> 13112975 | J22: 1240 | K22: 1284367.2 | L22: 360 | M22: 559321.2 | N22: =+K22+M22 -> 1843688.4 | O22: =N22+I22 -> 14956663 | P22: =L22+J22+G22+E22 -> 13280 | U22: 0 | V22: =Y22+W22 -> 929.16 | W22: 111.25 | X22: 1999218.1 | Y22: 817.91 | Z22: 3472175.2 | AA22: =Z22+X22 -> 5471393.3 | AB22: =AA22/$AL$48 -> 421.65192 | AC22: 0 | AD22: 0 | AE22: 0 | AF22: 0 | AG22: =+AE22+AF22 -> 0 | AH22: 0 | AI22: =AH22/$AL$48 -> 0 | AJ22: 520.14 | AK22: 5149386 | AL22: =AK22/$AL$48 -> 396.83649
B23: 12 | C23: 5 | D23: 37 | E23: 9800 | F23: 10150644 | G23: 1960 | H23: 3045193.2 | I23: =F23+H23 -> 13195837 | J23: 1360 | K23: 1408660.8 | L23: 320 | M23: 497174.4 | N23: =+K23+M23 -> 1905835.2 | O23: =N23+I23 -> 15101672 | P23: =L23+J23+G23+E23 -> 13440 | U23: 0 | V23: =Y23+W23 -> 1001.25 | W23: 112.14 | X23: 2015211.9 | Y23: 889.11 | Z23: 3774432 | AA23: =Z23+X23 -> 5789643.9 | AB23: =AA23/$AL$48 -> 446.17784 | AC23: 0 | AD23: 0 | AE23: 0 | AF23: 12 | AG23: =+AE23+AF23 -> 12 | AH23: 137500 | AI23: =AH23/$AL$48 -> 10.596412 | AJ23: 287.86 | AK23: 2849814 | AL23: =AK23/$AL$48 -> 219.62039
... B42: 31 | C42: 3 | D42: 47 | E42: 9660 | F42: 10005635 | G42: 1880 | H42: 2920899.6 | I42: =F42+H42 -> 12926534 | J42: 1300 | K42: 1346514 | L42: 340 | M42: 528247.8 | N42: =+K42+M42 -> 1874761.8 | O42: =N42+I42 -> 14801296 | P42: =L42+J42+G42+E42 -> 13180 | U42: 0 | V42: =Y42+W42 -> 898.9 | W42: 113.03 | X42: 2031205.6 | Y42: 785.87 | Z42: 3336159.6 | AA42: =Z42+X42 -> 5367365.2 | AB42: =AA42/$AL$48 -> 413.63502 | AC42: 0 | AD42: 0 | AE42: 0 | AF42: 0 | AG42: =+AE42+AF42 -> 0 | AH42: 0 | AI42: =AH42/$AL$48 -> 0 | AJ42: 97.86 | AK42: 968814 | AL42: =AK42/$AL$48 -> 74.661474
C47: =SUM(C12:C43) -> 111 | D47: =SUM(D12:D43) -> 1414 | E47: =SUM(E12:E43) -> 299000 | F47: =SUM(F12:F43) -> 3.0969822e+08 | G47: =SUM(G12:G43) -> 59920 | H47: =SUM(H12:H43) -> 93095906 | I47: =SUM(I12:I43) -> 4.0279413e+08 | J47: =SUM(J12:J43) -> 41040 | ... P47: =SUM(P12:P43) -> 410520 | Q47: =+#REF! -> #REF! | R47: =+#REF! -> #REF! | S47: =Q47+P47 -> #REF! | T47: =R47+O47 -> #REF! | U47: =T47/AL48 -> #REF! | V47: =SUM(V12:V42) -> 29055.83 | W47: =SUM(W12:W42) -> 3254.73 | X47: =SUM(X12:X42) -> 58489125 | Y47: =SUM(Y12:Y42) -> 25801.1 | Z47: =SUM(Z12:Z42) -> 1.0953031e+08 | AA47: =SUM(AA12:AA42) -> 1.6801944e+08 | AB47: =AA47/$AL$48 -> 12948.387 | AC47: =SUM(AC12:AC41) -> 0 | AD47: =SUM(AD12:AD41) -> 0 | AE47: =SUM(AE12:AE42) -> 1250 | AF47: =SUM(AF12:AF42) -> 216 | AG47: =SUM(AG12:AG42) -> 1466 | AH47: =SUM(AH12:AH43) -> 20900000 | AI47: =AH47/$AL$48 -> 1610.6547 | AJ47: =SUM(AJ12:AJ43) -> 7293.54 | AK47: =SUM(AK12:AK43) -> 72206046 | AL47: =AK47/AL48 -> 5564.5457
T48: kWh rate | U48: =U47/S47 -> #REF! | V48: m3/RNs | AL48: 12976.09
P49: =O47/P47 -> 1124.6938 | AA49: =AA47/V47 -> 5782.6412 | AH49: =AH47/AG47 -> 14256.48 | AK49: =AK47/AJ47 -> 9900

Sheet RNs & Covers August 2021
A1: Four Seasons Resort Bali at Jimbaran Bay
A2: 44409
A3: Date | B3: Room Nights | C3: Food Covers
A6: 1 | B6: 4 | C6: 95
A7: 2 | B7: 5 | C7: 44
A8: =A7+1 -> 3 | B8: 3 | C8: 47
A9: =A8+1 -> 4 | B9: 3 | C9: 43
A10: =A9+1 -> 5 | B10: 3 | C10: 27
A11: =A10+1 -> 6 | B11: 5 | C11: 46
A12: =A11+1 -> 7 | B12: 5 | C12: 74
A13: =A12+1 -> 8 | B13: 3 | C13: 51
A14: =A13+1 -> 9 | B14: 5 | C14: 40
A15: =A14+1 -> 10 | B15: 3 | C15: 42
A16: =A15+1 -> 11 | B16: 3 | C16: 32
A17: =A16+1 -> 12 | B17: 5 | C17: 37
A18: =A17+1 -> 13 | B18: 5 | C18: 34
A19: =A18+1 -> 14 | B19: 5 | C19: 56
... A35: =A34+1 -> 30 | B35: 4 | C35: 46
A36: 31 | B36: 3 | C36: 47
B38: =SUM(B6:B36) -> 111 | C38: =SUM(C6:C36) -> 1414
