Workbook

Sheet TOTAL
A1: Site Name | B1: Day | C1: Month | D1: Year | E1: Total Electricity Kwh | F1: Electricity Tariff ($/Kwh) | G1: LPG (Kg) | H1: LPG $/Kg | I1: Total Fuel Oil (Liters) | J1: Fuel Oil $/Liter | K1: Water Utility Supply (m3) m3 | L1: Water Utility Supply (m3) $/m3 | M1: Room Nights | N1: Food Covers
A2: Bali Jimbaran | B2: 1 | C2: 1 | D2: 2021 | E2: ='FS Jimbaran January 2021'!P12 -> 17200 | F2: ='FS Jimbaran January 2021'!O12/'FS Jimbaran January 2021'!P12 -> 1129.1206 | G2: ='FS Jimbaran January 2021'!AG12 -> 48 | H2: ='FS Jimbaran January 2021'!AH12/'FS Jimbaran January 2021'!AG12 -> 11458.333 | I2: ='FS Jimbaran January 2021'!AJ12 -> 276.88 | J2: ='FS Jimbaran January 2021'!AK12/'FS Jimbaran January 2021'!AJ12 -> 8600 | K2: ='FS Jimbaran January 2021'!V12 -> 362.23 | L2: ='FS Jimbaran January 2021'!AA12/'FS Jimbaran January 2021'!V12 -> 7583.6935 | M2: 42 | N2: 423
A3: Bali Jimbaran | B3: =B2+1 -> 2 | C3: 1 | D3: 2021 | E3: ='FS Jimbaran January 2021'!P13 -> 16500 | F3: ='FS Jimbaran January 2021'!O13/'FS Jimbaran January 2021'!P13 -> 1126.1753 | G3: ='FS Jimbaran January 2021'!AG13 -> 862 | H3: ='FS Jimbaran January 2021'!AH13/'FS Jimbaran January 2021'!AG13 -> 11026.102 | I3: ='FS Jimbaran January 2021'!AJ13 -> 349.82 | J3: ='FS Jimbaran January 2021'!AK13/'FS Jimbaran January 2021'!AJ13 -> 8600 | K3: ='FS Jimbaran January 2021'!V13 -> 356.89 | L3: ='FS Jimbaran January 2021'!AA13/'FS Jimbaran January 2021'!V13 -> 7530.9655 | M3: 37 | N3: 341
A4: Bali Jimbaran | B4: =B3+1 -> 3 | C4: 1 | D4: 2021 | E4: ='FS Jimbaran January 2021'!P14 -> 13580 | F4: ='FS Jimbaran January 2021'!O14/'FS Jimbaran January 2021'!P14 -> 1071.6281 | G4: ='FS Jimbaran January 2021'!AG14 -> 12 | H4: ='FS Jimbaran January 2021'!AH14/'FS Jimbaran January 2021'!AG14 -> 11458.333 | I4: ='FS Jimbaran January 2021'!AJ14 -> 284.98 | J4: ='FS Jimbaran January 2021'!AK14/'FS Jimbaran January 2021'!AJ14 -> 8600 | K4: ='FS Jimbaran January 2021'!V14 -> 349.77 | L4: ='FS Jimbaran January 2021'!AA14/'FS Jimbaran January 2021'!V14 -> 7528.0044 | M4: 29 | N4: 252
A5: Bali Jimbaran | B5: =B4+1 -> 4 | C5: 1 | D5: 2021 | E5: ='FS Jimbaran January 2021'!P15 -> 19120 | F5: ='FS Jimbaran January 2021'!O15/'FS Jimbaran January 2021'!P15 -> 1154.9597 | G5: ='FS Jimbaran January 2021'!AG15 -> 24 | H5: ='FS Jimbaran January 2021'!AH15/'FS Jimbaran January 2021'!AG15 -> 11458.333 | I5: ='FS Jimbaran January 2021'!AJ15 -> 297.98 | J5: ='FS Jimbaran January 2021'!AK15/'FS Jimbaran January 2021'!AJ15 -> 8600 | K5: ='FS Jimbaran January 2021'!V15 -> 334.64 | L5: ='FS Jimbaran January 2021'!AA15/'FS Jimbaran January 2021'!V15 -> 7019.3821 | M5: 23 | N5: 199
A6: Bali Jimbaran | B6: =B5+1 -> 5 | C6: 1 | D6: 2021 | E6: ='FS Jimbaran January 2021'!P16 -> 14820 | F6: ='FS Jimbaran January 2021'!O16/'FS Jimbaran January 2021'!P16 -> 1125.939 | G6: ='FS Jimbaran January 2021'!AG16 -> 362 | H6: ='FS Jimbaran January 2021'!AH16/'FS Jimbaran January 2021'!AG16 -> 11034.53 | I6: ='FS Jimbaran January 2021'!AJ16 -> 315.87 | J6: ='FS Jimbaran January 2021'!AK16/'FS Jimbaran January 2021'!AJ16 -> 8600 | K6: ='FS Jimbaran January 2021'!V16 -> 356.89 | L6: ='FS Jimbaran January 2021'!AA16/'FS Jimbaran January 2021'!V16 -> 7530.9655 | M6: 18 | N6: 137
A7: Bali Jimbaran | B7: =B6+1 -> 6 | C7: 1 | D7: 2021 | E7: ='FS Jimbaran January 2021'!P17 -> 11120 | F7: ='FS Jimbaran January 2021'!O17/'FS Jimbaran January 2021'!P17 -> 1146.6234 | G7: ='FS Jimbaran January 2021'!AG17 -> 0 | H7: ='FS Jimbaran January 2021'!AH17/'FS Jimbaran January 2021'!AG17 -> #DIV/0! | I7: ='FS Jimbaran January 2021'!AJ17 -> 330.63 | J7: ='FS Jimbaran January 2021'!AK17/'FS Jimbaran January 2021'!AJ17 -> 8600 | K7: ='FS Jimbaran January 2021'!V17 -> 901.392 | L7: ='FS Jimbaran January 2021'!AA17/'FS Jimbaran January 2021'!V17 -> 5559.6794 | M7: 14 | N7: 168
A8: Bali Jimbaran | B8: =B7+1 -> 7 | C8: 1 | D8: 2021 | E8: ='FS Jimbaran January 2021'!P18 -> 14580 | F8: ='FS Jimbaran January 2021'!O18/'FS Jimbaran January 2021'!P18 -> 1123.1606 | G8: ='FS Jimbaran January 2021'!AG18 -> 24 | H8: ='FS Jimbaran January 2021'!AH18/'FS Jimbaran January 2021'!AG18 -> 11458.333 | I8: ='FS Jimbaran January 2021'!AJ18 -> 426.54 | J8: ='FS Jimbaran January 2021'!AK18/'FS Jimbaran January 2021'!AJ18 -> 8600 | K8: ='FS Jimbaran January 2021'!V18 -> 420.614 | L8: ='FS Jimbaran January 2021'!AA18/'FS Jimbaran January 2021'!V18 -> 6946.037 | M8: 14 | N8: 131
A9: Bali Jimbaran | B9: =B8+1 -> 8 | C9: 1 | D9: 2021 | E9: ='FS Jimbaran January 2021'!P19 -> 14040 | F9: ='FS Jimbaran January 2021'!O19/'FS Jimbaran January 2021'!P19 -> 1119.1441 | G9: ='FS Jimbaran January 2021'!AG19 -> 24 | H9: ='FS Jimbaran January 2021'!AH19/'FS Jimbaran January 2021'!AG19 -> 11458.333 | I9: ='FS Jimbaran January 2021'!AJ19 -> 290.02 | J9: ='FS Jimbaran January 2021'!AK19/'FS Jimbaran January 2021'!AJ19 -> 8600 | K9: ='FS Jimbaran January 2021'!V19 -> 315.95 | L9: ='FS Jimbaran January 2021'!AA19/'FS Jimbaran January 2021'!V19 -> 6332.9265 | M9: 13 | N9: 125
A10: Bali Jimbaran | B10: =B9+1 -> 9 | C10: 1 | D10: 2021 | E10: ='FS Jimbaran January 2021'!P20 -> 13940 | F10: ='FS Jimbaran January 2021'!O20/'FS Jimbaran January 2021'!P20 -> 1127.9154 | G10: ='FS Jimbaran January 2021'!AG20 -> 62 | H10: ='FS Jimbaran January 2021'!AH20/'FS Jimbaran January 2021'!AG20 -> 11104.839 | I10: ='FS Jimbaran January 2021'!AJ20 -> 296.08 | J10: ='FS Jimbaran January 2021'!AK20/'FS Jimbaran January 2021'!AJ20 -> 8600 | K10: ='FS Jimbaran January 2021'!V20 -> 325.74 | L10: ='FS Jimbaran January 2021'!AA20/'FS Jimbaran January 2021'!V20 -> 6607.68 | M10: 11 | N10: 146
A11: Bali Jimbaran | B11: =B10+1 -> 10 | C11: 1 | D11: 2021 | E11: ='FS Jimbaran January 2021'!P21 -> 13800 | F11: ='FS Jimbaran January 2021'!O21/'FS Jimbaran January 2021'!P21 -> 1122.8456 | G11: ='FS Jimbaran January 2021'!AG21 -> 12 | H11: ='FS Jimbaran January 2021'!AH21/'FS Jimbaran January 2021'!AG21 -> 11458.333 | I11: ='FS Jimbaran January 2021'!AJ21 -> 171.02 | J11: ='FS Jimbaran January 2021'!AK21/'FS Jimbaran January 2021'!AJ21 -> 8600 | K11: ='FS Jimbaran January 2021'!V21 -> 317.73 | L11: ='FS Jimbaran January 2021'!AA21/'FS Jimbaran January 2021'!V21 -> 6475.0119 | M11: 10 | N11: 116
A12: Bali Jimbaran | B12: =B11+1 -> 11 | C12: 1 | D12: 2021 | E12: ='FS Jimbaran January 2021'!P22 -> 16880 | F12: ='FS Jimbaran January 2021'!O22/'FS Jimbaran January 2021'!P22 -> 1111.2545 | G12: ='FS Jimbaran January 2021'!AG22 -> 0 | H12: ='FS Jimbaran January 2021'!AH22/'FS Jimbaran January 2021'!AG22 -> #DIV/0! | I12: ='FS Jimbaran January 2021'!AJ22 -> 251.67 | J12: ='FS Jimbaran January 2021'!AK22/'FS Jimbaran January 2021'!AJ22 -> 8600 | K12: ='FS Jimbaran January 2021'!V22 -> 322.18 | L12: ='FS Jimbaran January 2021'!AA22/'FS Jimbaran January 2021'!V22 -> 6595.8706 | M12: 11 | N12: 79
A13: Bali Jimbaran | B13: =B12+1 -> 12 | C13: 1 | D13: 2021 | E13: ='FS Jimbaran January 2021'!P23 -> 14280 | F13: ='FS Jimbaran January 2021'!O23/'FS Jimbaran January 2021'!P23 -> 1125.7217 | G13: ='FS Jimbaran January 2021'!AG23 -> 362 | H13: ='FS Jimbaran January 2021'!AH23/'FS Jimbaran January 2021'!AG23 -> 11034.53 | I13: ='FS Jimbaran January 2021'!AJ23 -> 279.53 | J13: ='FS Jimbaran January 2021'!AK23/'FS Jimbaran January 2021'!AJ23 -> 8600 | K13: ='FS Jimbaran January 2021'!V23 -> 331.08 | L13: ='FS Jimbaran January 2021'!AA23/'FS Jimbaran January 2021'!V23 -> 6569.5752 | M13: 10 | N13: 85
A14: Bali Jimbaran | B14: =B13+1 -> 13 | C14: 1 | D14: 2021 | E14: ='FS Jimbaran January 2021'!P24 -> 10600 | F14: ='FS Jimbaran January 2021'!O24/'FS Jimbaran January 2021'!P24 -> 1149.1295 | G14: ='FS Jimbaran January 2021'!AG24 -> 19.43015 | H14: ='FS Jimbaran January 2021'!AH24/'FS Jimbaran January 2021'!AG24 -> 7076.6309 | I14: ='FS Jimbaran January 2021'!AJ24 -> 265.01 | J14: ='FS Jimbaran January 2021'!AK24/'FS Jimbaran January 2021'!AJ24 -> 8600 | K14: ='FS Jimbaran January 2021'!V24 -> 487.72 | L14: ='FS Jimbaran January 2021'!AA24/'FS Jimbaran January 2021'!V24 -> 5948.2822 | M14: 10 | N14: 81
... A31: Bali Jimbaran | B31: =B30+1 -> 30 | C31: 1 | D31: 2021 | E31: ='FS Jimbaran January 2021'!P41 -> 13480 | F31: ='FS Jimbaran January 2021'!O41/'FS Jimbaran January 2021'!P41 -> 1127.2176 | G31: ='FS Jimbaran January 2021'!AG41 -> 0 | H31: ='FS Jimbaran January 2021'!AH41/'FS Jimbaran January 2021'!AG41 -> #DIV/0! | I31: ='FS Jimbaran January 2021'!AJ41 -> 24.94 | J31: ='FS Jimbaran January 2021'!AK41/'FS Jimbaran January 2021'!AJ41 -> 8600 | K31: ='FS Jimbaran January 2021'!V41 -> 580.191 | L31: ='FS Jimbaran January 2021'!AA41/'FS Jimbaran January 2021'!V41 -> 5613.6798 | M31: 5 | N31: 56
A32: Bali Jimbaran | B32: 31 | C32: 1 | D32: 2021 | E32: ='FS Jimbaran January 2021'!P42 -> 12980 | F32: ='FS Jimbaran January 2021'!O42/'FS Jimbaran January 2021'!P42 -> 1128.3459 | G32: ='FS Jimbaran January 2021'!AG42 -> 0 | H32: ='FS Jimbaran January 2021'!AH42/'FS Jimbaran January 2021'!AG42 -> #DIV/0! | I32: ='FS Jimbaran January 2021'!AJ42 -> 246.8 | J32: ='FS Jimbaran January 2021'!AK42/'FS Jimbaran January 2021'!AJ42 -> 8600 | K32: ='FS Jimbaran January 2021'!V42 -> 530.44 | L32: ='FS Jimbaran January 2021'!AA42/'FS Jimbaran January 2021'!V42 -> 5534.7773 | M32: 4 | N32: 115

Sheet FS Jimbaran January 2021
B6: Four Seasons Resort Bali at Jimbaran Bay
B7: JANUARY 2021
B8: Date | C8: Room Nights | D8: Food Covers | E8: ELECTRICITY Resort, Sundara & Residences | V8: WATER | AC8: GAS
E9: Electricity Resort | J9: Electricity - Sundara | O9: Sub Total (Resort & Sundara) Cost (IDR) | P9: Sub Total (Resort & Sundara), KWh | Q9: Residences- Electricity KWh | R9: Residences- Electricity cost (IDR) | S9: TOTAL Electricity consumption (KWh) | T9: TOTAL Electricity cost | W9: Water (m3) | AA9: Total Water Cost | AC9: LPG | AJ9: Diesel
E10: BASED LOAD KWh (from 10 pm - 6 pm) | F10: Cost (IDR) | G10: PEAK LOAD KWh (from 6 pm - 10 pm) | H10: Cost (IDR) | I10: Resort Cost (IDR) | J10: BASED LOAD KWh (from 10 pm - 6 pm) | K10: Cost (IDR) | L10: PEAK LOAD KWh (from 6 pm - 10 pm) | M10: Cost (IDR) | N10: Sundara Cost (IDR) | T10: IDR | U10: USD | V10: Water consumption (m3) | W10: Municipal Water (m3) | X10: Municipal Water cost (IDR) | Y10: Deepwell Consumption (m3) | Z10: Deepwell water Cost (IDR) | AA10: IDR | AB10: USD | AC10: LPG Bulk (m3) | AD10: 50 Kg (tube) IVD & TW | AE10: Sundara 50 kg (tube) | AF10: 12 Kg (tube) | AG10: Total kg | AH10: IDR | AI10: USD | AJ10: Used (liters) | AK10: IDR | AL10: USD
B12: 1 | C12: 42 | D12: 423 | E12: 12520 | F12: 12967966 | G12: 2640 | H12: 4101688.8 | I12: =F12+H12 -> 17069654 | J12: 1580 | K12: 1636532.4 | L12: 460 | M12: 714688.2 | N12: =K12+M12 -> 2351220.6 | O12: =N12+I12 -> 19420875 | P12: =L12+J12+G12+E12 -> 17200 | V12: =Y12+W12 -> 362.23 | W12: 88.11 | X12: 1583352.6 | Y12: 274.12 | Z12: 1163688.7 | AA12: =Z12+X12 -> 2747041.3 | AB12: =AA12/$AL$48 -> 211.70023 | AC12: 0 | AD12: 0 | AE12: 0 | AF12: 48 | AG12: =SUM(AC12:AF12) -> 48 | AH12: 550000 | AI12: =AH12/$AL$48 -> 42.385649 | AJ12: 276.88 | AK12: 2381168 | AL12: =AK12/$AL$48 -> 183.50428
B13: 2 | C13: 37 | D13: 341 | E13: 12000 | F13: 12429360 | G13: 2440 | H13: 3790954.8 | I13: =F13+H13 -> 16220315 | J13: 1620 | K13: 1677963.6 | L13: 440 | M13: 683614.8 | N13: =K13+M13 -> 2361578.4 | O13: =N13+I13 -> 18581893 | P13: =L13+J13+G13+E13 -> 16500 | V13: =Y13+W13 -> 356.89 | W13: 85.44 | X13: 1535372.2 | Y13: 271.45 | Z13: 1152354.1 | AA13: =Z13+X13 -> 2687726.3 | AB13: =AA13/$AL$48 -> 207.12913 | AC13: 0 | AD13: 0 | AE13: 850 | AF13: 12 | AG13: =SUM(AC13:AF13) -> 862 | AH13: 9504500 | AI13: =AH13/$AL$48 -> 732.46255 | AJ13: 349.82 | AK13: 3008452 | AL13: =AK13/$AL$48 -> 231.8458
B14: 3 | C14: 29 | D14: 252 | E14: 10840 | F14: 11227855 | G14: 480 | H14: 745761.6 | I14: =F14+H14 -> 11973617 | J14: 1800 | K14: 1864404 | L14: 460 | M14: 714688.2 | N14: =K14+M14 -> 2579092.2 | O14: =N14+I14 -> 14552709 | P14: =L14+J14+G14+E14 -> 13580 | V14: =Y14+W14 -> 349.77 | W14: 83.66 | X14: 1503385.3 | Y14: 266.11 | Z14: 1129684.8 | AA14: =Z14+X14 -> 2633070.1 | AB14: =AA14/$AL$48 -> 202.91707 | AC14: 0 | AD14: 0 | AE14: 0 | AF14: 12 | AG14: =SUM(AC14:AF14) -> 12 | AH14: 137500 | AI14: =AH14/$AL$48 -> 10.596412 | AJ14: 284.98 | AK14: 2450828 | AL14: =AK14/$AL$48 -> 188.87261
B15: 4 | C15: 23 | D15: 199 | E15: 13080 | F15: 13548002 | G15: 4080 | H15: 6338973.6 | I15: =F15+H15 -> 19886976 | J15: 1640 | K15: 1698679.2 | L15: 320 | M15: 497174.4 | N15: =K15+M15 -> 2195853.6 | O15: =N15+I15 -> 22082830 | P15: =L15+J15+G15+E15 -> 19120 | V15: =Y15+W15 -> 334.64 | W15: 67.64 | X15: 1215503 | Y15: 267 | Z15: 1133463.1 | AA15: =Z15+X15 -> 2348966 | AB15: =AA15/$AL$48 -> 181.02264 | AC15: 0 | AD15: 0 | AE15: 0 | AF15: 24 | AG15: =SUM(AC15:AF15) -> 24 | AH15: 275000 | AI15: =AH15/$AL$48 -> 21.192825 | AJ15: 297.98 | AK15: 2562628 | AL15: =AK15/$AL$48 -> 197.48846
B16: 5 | C16: 18 | D16: 137 | E16: 10640 | F16: 11020699 | G16: 2080 | H16: 3231633.6 | I16: =F16+H16 -> 14252333 | J16: 1600 | K16: 1657248 | L16: 500 | M16: 776835 | N16: =K16+M16 -> 2434083 | O16: =N16+I16 -> 16686416 | P16: =L16+J16+G16+E16 -> 14820 | V16: =Y16+W16 -> 356.89 | W16: 85.44 | X16: 1535372.2 | Y16: 271.45 | Z16: 1152354.1 | AA16: =Z16+X16 -> 2687726.3 | AB16: =AA16/$AL$48 -> 207.12913 | AC16: 0 | AD16: 0 | AE16: 350 | AF16: 12 | AG16: =SUM(AC16:AF16) -> 362 | AH16: 3994500 | AI16: =AH16/$AL$48 -> 307.83541 | AJ16: 315.87 | AK16: 2716482 | AL16: =AK16/$AL$48 -> 209.34519
B17: 6 | C17: 14 | D17: 168 | E17: 8000 | F17: 8286240 | G17: 2200 | H17: 3418074 | I17: =F17+H17 -> 11704314 | J17: 740 | K17: 766477.2 | L17: 180 | M17: 279660.6 | N17: =K17+M17 -> 1046137.8 | O17: =N17+I17 -> 12750452 | P17: =L17+J17+G17+E17 -> 11120 | V17: =Y17+W17 -> 901.392 | W17: 86.33 | X17: 1551365.6 | Y17: 815.062 | Z17: 3460084.9 | AA17: =Z17+X17 -> 5011450.5 | AB17: =AA17/$AL$48 -> 386.20652 | AC17: 0 | AD17: 0 | AE17: 0 | AF17: 0 | AG17: =SUM(AC17:AF17) -> 0 | AH17: 0 | AI17: =AH17/$AL$48 -> 0 | AJ17: 330.63 | AK17: 2843418 | AL17: =AK17/$AL$48 -> 219.12749
B18: 7 | C18: 14 | D18: 131 | E18: 10760 | F18: 11144993 | G18: 2120 | H18: 3293780.4 | I18: =F18+H18 -> 14438773 | J18: 1360 | K18: 1408660.8 | L18: 340 | M18: 528247.8 | N18: =K18+M18 -> 1936908.6 | O18: =N18+I18 -> 16375682 | P18: =L18+J18+G18+E18 -> 14580 | V18: =Y18+W18 -> 420.614 | W18: 82.77 | X18: 1487391.8 | Y18: 337.844 | Z18: 1434208.6 | AA18: =Z18+X18 -> 2921600.4 | AB18: =AA18/$AL$48 -> 225.1526 | AC18: 0 | AD18: 0 | AE18: 0 | AF18: 24 | AG18: =SUM(AC18:AF18) -> 24 | AH18: 275000 | AI18: =AH18/$AL$48 -> 21.192825 | AJ18: 426.54 | AK18: 3668244 | AL18: =AK18/$AL$48 -> 282.69255
B19: 8 | C19: 13 | D19: 125 | E19: 10520 | F19: 10896406 | G19: 1960 | H19: 3045193.2 | I19: =F19+H19 -> 13941599 | J19: 1260 | K19: 1305082.8 | L19: 300 | M19: 466101 | N19: =K19+M19 -> 1771183.8 | O19: =N19+I19 -> 15712783 | P19: =L19+J19+G19+E19 -> 14040 | V19: =Y19+W19 -> 315.95 | W19: 48.06 | X19: 863646.85 | Y19: 267.89 | Z19: 1137241.3 | AA19: =Z19+X19 -> 2000888.1 | AB19: =AA19/$AL$48 -> 154.19808 | AC19: 0 | AD19: 0 | AE19: 0 | AF19: 24 | AG19: =SUM(AC19:AF19) -> 24 | AH19: 275000 | AI19: =AH19/$AL$48 -> 21.192825 | AJ19: 290.02 | AK19: 2494172 | AL19: =AK19/$AL$48 -> 192.21291
B20: 9 | C20: 11 | D20: 146 | E20: 10240 | F20: 10606387 | G20: 2160 | H20: 3355927.2 | I20: =F20+H20 -> 13962314 | J20: 1220 | K20: 1263651.6 | L20: 320 | M20: 497174.4 | N20: =K20+M20 -> 1760826 | O20: =N20+I20 -> 15723140 | P20: =L20+J20+G20+E20 -> 13940 | V20: =Y20+W20 -> 325.74 | W20: 56.07 | X20: 1007588 | Y20: 269.67 | Z20: 1144797.7 | AA20: =Z20+X20 -> 2152385.7 | AB20: =AA20/$AL$48 -> 165.87321 | AC20: 0 | AD20: 0 | AE20: 50 | AF20: 12 | AG20: =SUM(AC20:AF20) -> 62 | AH20: 688500 | AI20: =AH20/$AL$48 -> 53.059126 | AJ20: 296.08 | AK20: 2546288 | AL20: =AK20/$AL$48 -> 196.22922
B21: 10 | C21: 10 | D21: 116 | E21: 10240 | F21: 10606387 | G21: 2040 | H21: 3169486.8 | I21: =F21+H21 -> 13775874 | J21: 1240 | K21: 1284367.2 | L21: 280 | M21: 435027.6 | N21: =K21+M21 -> 1719394.8 | O21: =N21+I21 -> 15495269 | P21: =L21+J21+G21+E21 -> 13800 | V21: =Y21+W21 -> 317.73 | W21: 51.62 | X21: 927620.69 | Y21: 266.11 | Z21: 1129684.8 | AA21: =Z21+X21 -> 2057305.5 | AB21: =AA21/$AL$48 -> 158.54587 | AC21: 0 | AD21: 0 | AE21: 0 | AF21: 12 | AG21: =SUM(AC21:AF21) -> 12 | AH21: 137500 | AI21: =AH21/$AL$48 -> 10.596412 | AJ21: 171.02 | AK21: 1470772 | AL21: =AK21/$AL$48 -> 113.34477
B22: 11 | C22: 11 | D22: 79 | E22: 12920 | F22: 13382278 | G22: 2160 | H22: 3355927.2 | I22: =F22+H22 -> 16738205 | J22: 1500 | K22: 1553670 | L22: 300 | M22: 466101 | N22: =K22+M22 -> 2019771 | O22: =N22+I22 -> 18757976 | P22: =L22+J22+G22+E22 -> 16880 | V22: =Y22+W22 -> 322.18 | W22: 55.18 | X22: 991594.53 | Y22: 267 | Z22: 1133463.1 | AA22: =Z22+X22 -> 2125057.6 | AB22: =AA22/$AL$48 -> 163.76717 | AC22: 0 | AD22: 0 | AE22: 0 | AF22: 0 | AG22: =SUM(AC22:AF22) -> 0 | AH22: 0 | AI22: =AH22/$AL$48 -> 0 | AJ22: 251.67 | AK22: 2164362 | AL22: =AK22/$AL$48 -> 166.79616
B23: 12 | C23: 10 | D23: 85 | E23: 10600 | F23: 10979268 | G23: 2160 | H23: 3355927.2 | I23: =F23+H23 -> 14335195 | J23: 1200 | K23: 1242936 | L23: 320 | M23: 497174.4 | N23: =K23+M23 -> 1740110.4 | O23: =N23+I23 -> 16075306 | P23: =L23+J23+G23+E23 -> 14280 | V23: =Y23+W23 -> 331.08 | W23: 56.07 | X23: 1007588 | Y23: 275.01 | Z23: 1167467 | AA23: =Z23+X23 -> 2175054.9 | AB23: =AA23/$AL$48 -> 167.62021 | AC23: 0 | AD23: 0 | AE23: 350 | AF23: 12 | AG23: =SUM(AC23:AF23) -> 362 | AH23: 3994500 | AI23: =AH23/$AL$48 -> 307.83541 | AJ23: 279.53 | AK23: 2403958 | AL23: =AK23/$AL$48 -> 185.26058
... B42: 31 | C42: 4 | D42: 115 | E42: 9340 | F42: 9674185.2 | G42: 2000 | H42: 3107340 | I42: =F42+H42 -> 12781525 | J42: 1320 | K42: 1367229.6 | L42: 320 | M42: 497174.4 | N42: =K42+M42 -> 1864404 | O42: =N42+I42 -> 14645929 | P42: =L42+J42+G42+E42 -> 12980 | V42: =Y42+W42 -> 530.44 | W42: 49.84 | X42: 895633.77 | Y42: 480.6 | Z42: 2040233.5 | AA42: =Z42+X42 -> 2935867.3 | AB42: =AA42/$AL$48 -> 226.25207 | AC42: 0 | AD42: 0 | AE42: 0 | AF42: 0 | AG42: =SUM(AC42:AF42) -> 0 | AH42: 0 | AI42: =AH42/$AL$48 -> 0 | AJ42: 246.8 | AK42: 2122480 | AL42: =AK42/$AL$48 -> 163.56853
C47: =SUM(C12:C43) -> 313 | D47: =SUM(D12:D43) -> 3122 | E47: =SUM(E12:E43) -> 316020 | F47: =SUM(F12:F43) -> 3.273272e+08 | G47: =SUM(G12:G43) -> 64320 | H47: =SUM(H12:H43) -> 99932054 | I47: =SUM(I12:I43) -> 427259250 | J47: =SUM(J12:J43) -> 41400 | ... P47: =SUM(P12:P43) -> 432080 | Q47: =#REF! -> #REF! | R47: =#REF! -> #REF! | S47: =Q47+P47 -> #REF! | T47: =R47+O47 -> #REF! | U47: =T47/AL48 -> #REF! | V47: =SUM(V12:V42) -> 14542.066 | W47: =SUM(W12:W42) -> 1898.37 | X47: =SUM(X12:X42) -> 34114051 | Y47: =SUM(Y12:Y42) -> 12643.696 | Z47: =SUM(Z12:Z42) -> 53674765 | AA47: =SUM(AA12:AA42) -> 87788816 | AB47: =AA47/$AL$48 -> 6765.429 | AC47: =SUM(AC12:AC41) -> 7.43015 | AD47: =SUM(AD12:AD41) -> 0 | AE47: =SUM(AE12:AE42) -> 2550 | AF47: =SUM(AF12:AF42) -> 372 | AG47: =SUM(AG12:AG42) -> 2929.4302 | AH47: =SUM(AH12:AH43) -> 32363500 | AI47: =AH47/$AL$48 -> 2494.0872 | AJ47: =SUM(AJ12:AJ43) -> 7013.58 | AK47: =SUM(AK12:AK43) -> 60316788 | AL47: =AK47/AL48 -> 4648.3022
T48: kWh rate | U48: =U47/S47 -> #REF! | AL48: 12976.09
G49: =G47+E47 -> 380340 | P49: =O47/P47 -> 1125.2673 | AA49: =AA47/V47 -> 6036.8875 | AH49: =AH47/AG47 -> 11047.712 | AK49: =AK47/AJ47 -> 8600

Sheet RNs & Covers January 2021
A1: Four Seasons Resort Bali at Jimbaran Bay
A2: 44197
A3: Date | B3: Room Nights | C3: Food Covers
A6: 1 | B6: 42 | C6: 423
A7: 2 | B7: 37 | C7: 341
A8: =A7+1 -> 3 | B8: 29 | C8: 252
A9: =A8+1 -> 4 | B9: 23 | C9: 199
A10: =A9+1 -> 5 | B10: 18 | C10: 137
A11: =A10+1 -> 6 | B11: 14 | C11: 168
A12: =A11+1 -> 7 | B12: 14 | C12: 131
A13: =A12+1 -> 8 | B13: 13 | C13: 125
A14: =A13+1 -> 9 | B14: 11 | C14: 146
A15: =A14+1 -> 10 | B15: 10 | C15: 116
A16: =A15+1 -> 11 | B16: 11 | C16: 79
A17: =A16+1 -> 12 | B17: 10 | C17: 85
A18: =A17+1 -> 13 | B18: 10 | C18: 81
A19: =A18+1 -> 14 | B19: 9 | C19: 82
... A24: =A23+1 -> 19 | B24: 4 | C24: 26
A25: =A24+1 -> 20 | B25: - | C25: 24
A26: =A25+1 -> 21 | B26: 2 | C26: 28
A27: =A26+1 -> 22 | B27: 2 | C27: 28
A28: =A27+1 -> 23 | B28: - | C28: 28
A29: =A28+1 -> 24 | B29: 1 | C29: 43
A30: =A29+1 -> 25 | B30: 3 | C30: 25
A31: =A30+1 -> 26 | B31: 3 | C31: 47
A32: =A31+1 -> 27 | B32: 3 | C32: 26
A33: =A32+1 -> 28 | B33: 3 | C33: 33
A34: =A33+1 -> 29 | B34: 5 | C34: 12
A35: =A34+1 -> 30 | B35: 5 | C35: 56
A36: =A35+1 -> 31 | B36: 4 | C36: 115
B38: =SUM(B6:B36) -> 313 | C38: =SUM(C6:C36) -> 3122
