Workbook

Sheet TOTAL
A1: Site Name | B1: Day | C1: Month | D1: Year | E1: Total Electricity Kwh | F1: Electricity Tariff ($/Kwh) | G1: LPG (Kg) | H1: LPG $/Kg | I1: Total Fuel Oil (Liters) | J1: Fuel Oil $/Liter | K1: Water Utility Supply (m3) m3 | L1: Water Utility Supply (m3) $/m3 | M1: Room Nights | N1: Food Covers
A2: Bali Jimbaran | B2: 1 | C2: 4 | D2: 2021 | E2: ='FS Jimbaran April 2021'!P12 -> 15540 | F2: ='FS Jimbaran April 2021'!O12/'FS Jimbaran April 2021'!P12 -> 1130.4266 | G2: ='FS Jimbaran April 2021'!AG12 -> 424 | H2: ='FS Jimbaran April 2021'!AH12/'FS Jimbaran April 2021'!AG12 -> 13837.264 | I2: ='FS Jimbaran April 2021'!AJ12 -> 190.67 | J2: ='FS Jimbaran April 2021'!AK12/'FS Jimbaran April 2021'!AJ12 -> 8700 | K2: ='FS Jimbaran April 2021'!V12 -> 1355.025 | L2: ='FS Jimbaran April 2021'!AA12/'FS Jimbaran April 2021'!V12 -> 7490.5759 | M2: 1 | N2: 42
A3: Bali Jimbaran | B3: =B2+1 -> 2 | C3: 4 | D3: 2021 | E3: ='FS Jimbaran April 2021'!P13 -> 15240 | F3: ='FS Jimbaran April 2021'!O13/'FS Jimbaran April 2021'!P13 -> 1126.1729 | G3: ='FS Jimbaran April 2021'!AG13 -> 0 | H3: ='FS Jimbaran April 2021'!AH13/'FS Jimbaran April 2021'!AG13 -> #DIV/0! | I3: ='FS Jimbaran April 2021'!AJ13 -> 325.68 | J3: ='FS Jimbaran April 2021'!AK13/'FS Jimbaran April 2021'!AJ13 -> 8700 | K3: ='FS Jimbaran April 2021'!V13 -> 1197.139 | L3: ='FS Jimbaran April 2021'!AA13/'FS Jimbaran April 2021'!V13 -> 8265.5324 | M3: 1 | N3: 30
A4: Bali Jimbaran | B4: =B3+1 -> 3 | C4: 4 | D4: 2021 | E4: ='FS Jimbaran April 2021'!P14 -> 14640 | F4: ='FS Jimbaran April 2021'!O14/'FS Jimbaran April 2021'!P14 -> 1135.5375 | G4: ='FS Jimbaran April 2021'!AG14 -> 12 | H4: ='FS Jimbaran April 2021'!AH14/'FS Jimbaran April 2021'!AG14 -> 11458.333 | I4: ='FS Jimbaran April 2021'!AJ14 -> 80 | J4: ='FS Jimbaran April 2021'!AK14/'FS Jimbaran April 2021'!AJ14 -> 8700 | K4: ='FS Jimbaran April 2021'!V14 -> 1215.651 | L4: ='FS Jimbaran April 2021'!AA14/'FS Jimbaran April 2021'!V14 -> 8897.6605 | M4: 1 | N4: 17
A5: Bali Jimbaran | B5: =B4+1 -> 4 | C5: 4 | D5: 2021 | E5: ='FS Jimbaran April 2021'!P15 -> 14920 | F5: ='FS Jimbaran April 2021'!O15/'FS Jimbaran April 2021'!P15 -> 1123.9463 | G5: ='FS Jimbaran April 2021'!AG15 -> 0 | H5: ='FS Jimbaran April 2021'!AH15/'FS Jimbaran April 2021'!AG15 -> #DIV/0! | I5: ='FS Jimbaran April 2021'!AJ15 -> 109.67 | J5: ='FS Jimbaran April 2021'!AK15/'FS Jimbaran April 2021'!AJ15 -> 8700 | K5: ='FS Jimbaran April 2021'!V15 -> 1191.443 | L5: ='FS Jimbaran April 2021'!AA15/'FS Jimbaran April 2021'!V15 -> 8479.5545 | M5: 2 | N5: 28
A6: Bali Jimbaran | B6: =B5+1 -> 5 | C6: 4 | D6: 2021 | E6: ='FS Jimbaran April 2021'!P16 -> 15760 | F6: ='FS Jimbaran April 2021'!O16/'FS Jimbaran April 2021'!P16 -> 1121.8759 | G6: ='FS Jimbaran April 2021'!AG16 -> 12 | H6: ='FS Jimbaran April 2021'!AH16/'FS Jimbaran April 2021'!AG16 -> 11458.333 | I6: ='FS Jimbaran April 2021'!AJ16 -> 270.75 | J6: ='FS Jimbaran April 2021'!AK16/'FS Jimbaran April 2021'!AJ16 -> 8700 | K6: ='FS Jimbaran April 2021'!V16 -> 1236.388 | L6: ='FS Jimbaran April 2021'!AA16/'FS Jimbaran April 2021'!V16 -> 8888.7881 | M6: 3 | N6: 44
A7: Bali Jimbaran | B7: =B6+1 -> 6 | C7: 4 | D7: 2021 | E7: ='FS Jimbaran April 2021'!P17 -> 14240 | F7: ='FS Jimbaran April 2021'!O17/'FS Jimbaran April 2021'!P17 -> 1128.1564 | G7: ='FS Jimbaran April 2021'!AG17 -> 0 | H7: ='FS Jimbaran April 2021'!AH17/'FS Jimbaran April 2021'!AG17 -> #DIV/0! | I7: ='FS Jimbaran April 2021'!AJ17 -> 93.16 | J7: ='FS Jimbaran April 2021'!AK17/'FS Jimbaran April 2021'!AJ17 -> 8700 | K7: ='FS Jimbaran April 2021'!V17 -> 1226.687 | L7: ='FS Jimbaran April 2021'!AA17/'FS Jimbaran April 2021'!V17 -> 9483.1676 | M7: 3 | N7: 44
A8: Bali Jimbaran | B8: =B7+1 -> 7 | C8: 4 | D8: 2021 | E8: ='FS Jimbaran April 2021'!P18 -> 14580 | F8: ='FS Jimbaran April 2021'!O18/'FS Jimbaran April 2021'!P18 -> 1125.2919 | G8: ='FS Jimbaran April 2021'!AG18 -> 0 | H8: ='FS Jimbaran April 2021'!AH18/'FS Jimbaran April 2021'!AG18 -> #DIV/0! | I8: ='FS Jimbaran April 2021'!AJ18 -> 213.3 | J8: ='FS Jimbaran April 2021'!AK18/'FS Jimbaran April 2021'!AJ18 -> 8700 | K8: ='FS Jimbaran April 2021'!V18 -> 1226.865 | L8: ='FS Jimbaran April 2021'!AA18/'FS Jimbaran April 2021'!V18 -> 8496.6937 | M8: 1 | N8: 69
A9: Bali Jimbaran | B9: =B8+1 -> 8 | C9: 4 | D9: 2021 | E9: ='FS Jimbaran April 2021'!P19 -> 14900 | F9: ='FS Jimbaran April 2021'!O19/'FS Jimbaran April 2021'!P19 -> 1126.1501 | G9: ='FS Jimbaran April 2021'!AG19 -> 62 | H9: ='FS Jimbaran April 2021'!AH19/'FS Jimbaran April 2021'!AG19 -> 13491.935 | I9: ='FS Jimbaran April 2021'!AJ19 -> 88.06 | J9: ='FS Jimbaran April 2021'!AK19/'FS Jimbaran April 2021'!AJ19 -> 8700 | K9: ='FS Jimbaran April 2021'!V19 -> 1286.94 | L9: ='FS Jimbaran April 2021'!AA19/'FS Jimbaran April 2021'!V19 -> 8326.7067 | M9: 1 | N9: 23
A10: Bali Jimbaran | B10: =B9+1 -> 9 | C10: 4 | D10: 2021 | E10: ='FS Jimbaran April 2021'!P20 -> 14520 | F10: ='FS Jimbaran April 2021'!O20/'FS Jimbaran April 2021'!P20 -> 1132.0819 | G10: ='FS Jimbaran April 2021'!AG20 -> 12 | H10: ='FS Jimbaran April 2021'!AH20/'FS Jimbaran April 2021'!AG20 -> 11458.333 | I10: ='FS Jimbaran April 2021'!AJ20 -> 208.54 | J10: ='FS Jimbaran April 2021'!AK20/'FS Jimbaran April 2021'!AJ20 -> 8700 | K10: ='FS Jimbaran April 2021'!V20 -> 1281.778 | L10: ='FS Jimbaran April 2021'!AA20/'FS Jimbaran April 2021'!V20 -> 8943.5433 | M10: 1 | N10: 19
A11: Bali Jimbaran | B11: =B10+1 -> 10 | C11: 4 | D11: 2021 | E11: ='FS Jimbaran April 2021'!P21 -> 15860 | F11: ='FS Jimbaran April 2021'!O21/'FS Jimbaran April 2021'!P21 -> 1130.4762 | G11: ='FS Jimbaran April 2021'!AG21 -> 0 | H11: ='FS Jimbaran April 2021'!AH21/'FS Jimbaran April 2021'!AG21 -> #DIV/0! | I11: ='FS Jimbaran April 2021'!AJ21 -> 210 | J11: ='FS Jimbaran April 2021'!AK21/'FS Jimbaran April 2021'!AJ21 -> 8700 | K11: ='FS Jimbaran April 2021'!V21 -> 1246.267 | L11: ='FS Jimbaran April 2021'!AA21/'FS Jimbaran April 2021'!V21 -> 8802.9703 | M11: 1 | N11: 43
A12: Bali Jimbaran | B12: =B11+1 -> 11 | C12: 4 | D12: 2021 | E12: ='FS Jimbaran April 2021'!P22 -> 15720 | F12: ='FS Jimbaran April 2021'!O22/'FS Jimbaran April 2021'!P22 -> 1122.7539 | G12: ='FS Jimbaran April 2021'!AG22 -> 0 | H12: ='FS Jimbaran April 2021'!AH22/'FS Jimbaran April 2021'!AG22 -> #DIV/0! | I12: ='FS Jimbaran April 2021'!AJ22 -> 75.04 | J12: ='FS Jimbaran April 2021'!AK22/'FS Jimbaran April 2021'!AJ22 -> 8700 | K12: ='FS Jimbaran April 2021'!V22 -> 1041.745 | L12: ='FS Jimbaran April 2021'!AA22/'FS Jimbaran April 2021'!V22 -> 9603.9764 | M12: 4 | N12: 29
A13: Bali Jimbaran | B13: =B12+1 -> 12 | C13: 4 | D13: 2021 | E13: ='FS Jimbaran April 2021'!P23 -> 14800 | F13: ='FS Jimbaran April 2021'!O23/'FS Jimbaran April 2021'!P23 -> 1128.1604 | G13: ='FS Jimbaran April 2021'!AG23 -> 0 | H13: ='FS Jimbaran April 2021'!AH23/'FS Jimbaran April 2021'!AG23 -> #DIV/0! | I13: ='FS Jimbaran April 2021'!AJ23 -> 186.3 | J13: ='FS Jimbaran April 2021'!AK23/'FS Jimbaran April 2021'!AJ23 -> 8700 | K13: ='FS Jimbaran April 2021'!V23 -> 1035.426 | L13: ='FS Jimbaran April 2021'!AA23/'FS Jimbaran April 2021'!V23 -> 9660.2753 | M13: 6 | N13: 46
A14: Bali Jimbaran | B14: =B13+1 -> 13 | C14: 4 | D14: 2021 | E14: ='FS Jimbaran April 2021'!P24 -> 14800 | F14: ='FS Jimbaran April 2021'!O24/'FS Jimbaran April 2021'!P24 -> 1128.1604 | G14: ='FS Jimbaran April 2021'!AG24 -> 436 | H14: ='FS Jimbaran April 2021'!AH24/'FS Jimbaran April 2021'!AG24 -> 13771.789 | I14: ='FS Jimbaran April 2021'!AJ24 -> 195.56 | J14: ='FS Jimbaran April 2021'!AK24/'FS Jimbaran April 2021'!AJ24 -> 8700 | K14: ='FS Jimbaran April 2021'!V24 -> 1179.962 | L14: ='FS Jimbaran April 2021'!AA24/'FS Jimbaran April 2021'!V24 -> 8903.7967 | M14: 13 | N14: 81
... A31: Bali Jimbaran | B31: =B30+1 -> 30 | C31: 4 | D31: 2021 | E31: ='FS Jimbaran April 2021'!P41 -> 15180 | F31: ='FS Jimbaran April 2021'!O41/'FS Jimbaran April 2021'!P41 -> 1125.1655 | G31: ='FS Jimbaran April 2021'!AG41 -> 0 | H31: ='FS Jimbaran April 2021'!AH41/'FS Jimbaran April 2021'!AG41 -> #DIV/0! | I31: ='FS Jimbaran April 2021'!AJ41 -> 231.66 | J31: ='FS Jimbaran April 2021'!AK41/'FS Jimbaran April 2021'!AJ41 -> 8700 | K31: ='FS Jimbaran April 2021'!V41 -> 1092.78 | L31: ='FS Jimbaran April 2021'!AA41/'FS Jimbaran April 2021'!V41 -> 10129.531 | M31: 6 | N31: 50

Sheet FS Jimbaran April 2021
B6: Four Seasons Resort Bali at Jimbaran Bay
B7: APRIL 2021
B8: Date | C8: Room Nights | D8: Food Covers | E8: ELECTRICITY Resort, Sundara & Residences | V8: WATER | AC8: GAS
E9: Electricity Resort | J9: Electricity - Sundara | O9: Sub Total (Resort & Sundara) Cost (IDR) | P9: Sub Total (Resort & Sundara), KWh | Q9: Residences- Electricity KWh | R9: Residences- Electricity cost (IDR) | S9: TOTAL Electricity consumption (KWh) | T9: TOTAL Electricity cost | W9: Water (m3) | AA9: Total Water Cost | AC9: LPG | AJ9: Diesel
E10: BASED LOAD KWh (from 10 pm - 6 pm) | F10: Cost (IDR) | G10: PEAK LOAD KWh (from 6 pm - 10 pm) | H10: Cost (IDR) | I10: Resort Cost (IDR) | J10: BASED LOAD KWh (from 10 pm - 6 pm) | K10: Cost (IDR) | L10: PEAK LOAD KWh (from 6 pm - 10 pm) | M10: Cost (IDR) | N10: Sundara Cost (IDR) | T10: IDR | U10: USD | V10: Water consumption (m3) | W10: Municipal Water (m3) | X10: Municipal Water cost (IDR) | Y10: Deepwell Consumption (m3) | Z10: Deepwell water Cost (IDR) | AA10: IDR | AB10: USD | AC10: LPG Bulk (m3) | AD10: 50 Kg (tube) IVD & TW | AE10: Sundara 50 kg (tube) | AF10: 12 Kg (tube) | AG10: Total kg | AH10: IDR | AI10: USD | AJ10: Used (liters) | AK10: IDR | AL10: USD
B12: 1 | C12: 9 | D12: 70 | E12: 11200 | F12: 11600736 | G12: 2480 | H12: 3853101.6 | I12: =F12+H12 -> 15453838 | J12: 1500 | K12: 1553670 | L12: 360 | M12: 559321.2 | N12: =+K12+M12 -> 2112991.2 | O12: =N12+I12 -> 17566829 | P12: =L12+J12+G12+E12 -> 15540 | U12: 0 | V12: =Y12+W12 -> 1355.025 | W12: 320.4 | X12: 5757748.2 | Y12: 1034.625 | Z12: 4392169.4 | AA12: =Z12+X12 -> 10149918 | AB12: =AA12/$AL$48 -> 782.20154 | AC12: 0 | AD12: 0 | AE12: 400 | AF12: 24 | AG12: 424 | AH12: 5867000 | AI12: =AH12/$AL$48 -> 452.13928 | AJ12: 190.67 | AK12: 1658829 | AL12: =AK12/$AL$48 -> 127.83735
B13: 2 | C13: 9 | D13: 108 | E13: 11080 | F13: 11476442 | G13: 2240 | H13: 3480220.8 | I13: =F13+H13 -> 14956663 | J13: 1500 | K13: 1553670 | L13: 420 | M13: 652541.4 | N13: =+K13+M13 -> 2206211.4 | O13: =N13+I13 -> 17162875 | P13: =L13+J13+G13+E13 -> 15240 | U13: 0 | V13: =Y13+W13 -> 1197.139 | W13: 350.66 | X13: 6301535.5 | Y13: 846.479 | Z13: 3593455.7 | AA13: =Z13+X13 -> 9894991.3 | AB13: =AA13/$AL$48 -> 762.55569 | AC13: 0 | AD13: 0 | AE13: 0 | AF13: 0 | AG13: 0 | AH13: 0 | AI13: =AH13/$AL$48 -> 0 | AJ13: 325.68 | AK13: 2833416 | AL13: =AK13/$AL$48 -> 218.35669
B14: 3 | C14: 7 | D14: 91 | E14: 10320 | F14: 10689250 | G14: 2360 | H14: 3666661.2 | I14: =F14+H14 -> 14355911 | J14: 1500 | K14: 1553670 | L14: 460 | M14: 714688.2 | N14: =+K14+M14 -> 2268358.2 | O14: =N14+I14 -> 16624269 | P14: =L14+J14+G14+E14 -> 14640 | U14: 0 | V14: =Y14+W14 -> 1215.651 | W14: 412.07 | X14: 7405103.9 | Y14: 803.581 | Z14: 3411346 | AA14: =Z14+X14 -> 10816450 | AB14: =AA14/$AL$48 -> 833.56773 | AC14: 0 | AD14: 0 | AE14: 0 | AF14: 12 | AG14: 12 | AH14: 137500 | AI14: =AH14/$AL$48 -> 10.596412 | AJ14: 80 | AK14: 696000 | AL14: =AK14/$AL$48 -> 53.637113
B15: 4 | C15: 4 | D15: 89 | E15: 10680 | F15: 11062130 | G15: 2200 | H15: 3418074 | I15: =F15+H15 -> 14480204 | J15: 1700 | K15: 1760826 | L15: 340 | M15: 528247.8 | N15: =+K15+M15 -> 2289073.8 | O15: =N15+I15 -> 16769278 | P15: =L15+J15+G15+E15 -> 14920 | U15: 0 | V15: =Y15+W15 -> 1191.443 | W15: 367.57 | X15: 6605416.7 | Y15: 823.873 | Z15: 3497489.2 | AA15: =Z15+X15 -> 10102906 | AB15: =AA15/$AL$48 -> 778.57859 | AC15: 0 | AD15: 0 | AE15: 0 | AF15: 0 | AG15: 0 | AH15: 0 | AI15: =AH15/$AL$48 -> 0 | AJ15: 109.67 | AK15: 954129 | AL15: =AK15/$AL$48 -> 73.529777
B16: 5 | C16: 3 | D16: 36 | E16: 11720 | F16: 12139342 | G16: 2280 | H16: 3542367.6 | I16: =F16+H16 -> 15681709 | J16: 1420 | K16: 1470807.6 | L16: 340 | M16: 528247.8 | N16: =+K16+M16 -> 1999055.4 | O16: =N16+I16 -> 17680765 | P16: =L16+J16+G16+E16 -> 15760 | U16: 0 | V16: =Y16+W16 -> 1236.388 | W16: 418.3 | X16: 7517060.2 | Y16: 818.088 | Z16: 3472930.8 | AA16: =Z16+X16 -> 10989991 | AB16: =AA16/$AL$48 -> 846.94164 | AC16: 0 | AD16: 0 | AE16: 0 | AF16: 12 | AG16: 12 | AH16: 137500 | AI16: =AH16/$AL$48 -> 10.596412 | AJ16: 270.75 | AK16: 2355525 | AL16: =AK16/$AL$48 -> 181.5281
B17: 6 | C17: 5 | D17: 35 | E17: 10360 | F17: 10730681 | G17: 2200 | H17: 3418074 | I17: =F17+H17 -> 14148755 | J17: 1340 | K17: 1387945.2 | L17: 340 | M17: 528247.8 | N17: =+K17+M17 -> 1916193 | O17: =N17+I17 -> 16064948 | P17: =L17+J17+G17+E17 -> 14240 | U17: 0 | V17: =Y17+W17 -> 1226.687 | W17: 468.14 | X17: 8412709.9 | Y17: 758.547 | Z17: 3220168.6 | AA17: =Z17+X17 -> 11632878 | AB17: =AA17/$AL$48 -> 896.48565 | AC17: 0 | AD17: 0 | AE17: 0 | AF17: 0 | AG17: 0 | AH17: 0 | AI17: =AH17/$AL$48 -> 0 | AJ17: 93.16 | AK17: 810492 | AL17: =AK17/$AL$48 -> 62.460418
B18: 7 | C18: 5 | D18: 65 | E18: 10680 | F18: 11062130 | G18: 2200 | H18: 3418074 | I18: =F18+H18 -> 14480204 | J18: 1380 | K18: 1429376.4 | L18: 320 | M18: 497174.4 | N18: =+K18+M18 -> 1926550.8 | O18: =N18+I18 -> 16406755 | P18: =L18+J18+G18+E18 -> 14580 | U18: 0 | V18: =Y18+W18 -> 1226.865 | W18: 380.03 | X18: 6829329.1 | Y18: 846.835 | Z18: 3594967 | AA18: =Z18+X18 -> 10424296 | AB18: =AA18/$AL$48 -> 803.34647 | AC18: 0 | AD18: 0 | AE18: 0 | AF18: 0 | AG18: 0 | AH18: 0 | AI18: =AH18/$AL$48 -> 0 | AJ18: 213.3 | AK18: 1855710 | AL18: =AK18/$AL$48 -> 143.00995
B19: 8 | C19: 4 | D19: 59 | E19: 10920 | F19: 11310718 | G19: 2240 | H19: 3480220.8 | I19: =F19+H19 -> 14790938 | J19: 1380 | K19: 1429376.4 | L19: 360 | M19: 559321.2 | N19: =+K19+M19 -> 1988697.6 | O19: =N19+I19 -> 16779636 | P19: =L19+J19+G19+E19 -> 14900 | U19: 0 | V19: =Y19+W19 -> 1286.94 | W19: 382.7 | X19: 6877310.3 | Y19: 904.24 | Z19: 3838661.6 | AA19: =Z19+X19 -> 10715972 | AB19: =AA19/$AL$48 -> 825.82441 | AC19: 0 | AD19: 0 | AE19: 50 | AF19: 12 | AG19: 62 | AH19: 836500 | AI19: =AH19/$AL$48 -> 64.464719 | AJ19: 88.06 | AK19: 766122 | AL19: =AK19/$AL$48 -> 59.041052
B20: 9 | C20: 8 | D20: 76 | E20: 10440 | F20: 10813543 | G20: 2320 | H20: 3604514.4 | I20: =F20+H20 -> 14418058 | J20: 1380 | K20: 1429376.4 | L20: 380 | M20: 590394.6 | N20: =+K20+M20 -> 2019771 | O20: =N20+I20 -> 16437829 | P20: =L20+J20+G20+E20 -> 14520 | U20: 0 | V20: =Y20+W20 -> 1281.778 | W20: 438.77 | X20: 7884916.3 | Y20: 843.008 | Z20: 3578720.7 | AA20: =Z20+X20 -> 11463637 | AB20: =AA20/$AL$48 -> 883.44309 | AC20: 0 | AD20: 0 | AE20: 0 | AF20: 12 | AG20: 12 | AH20: 137500 | AI20: =AH20/$AL$48 -> 10.596412 | AJ20: 208.54 | AK20: 1814298 | AL20: =AK20/$AL$48 -> 139.81854
B21: 10 | C21: 13 | D21: 111 | E21: 11280 | F21: 11683598 | G21: 2400 | H21: 3728808 | I21: =F21+H21 -> 15412406 | J21: 1680 | K21: 1740110.4 | L21: 500 | M21: 776835 | N21: =+K21+M21 -> 2516945.4 | O21: =N21+I21 -> 17929352 | P21: =L21+J21+G21+E21 -> 15860 | U21: 0 | V21: =Y21+W21 -> 1246.267 | W21: 413.85 | X21: 7437091.4 | Y21: 832.417 | Z21: 3533760 | AA21: =Z21+X21 -> 10970851 | AB21: =AA21/$AL$48 -> 845.46666 | AC21: 0 | AD21: 0 | AE21: 0 | AF21: 0 | AG21: 0 | AH21: 0 | AI21: =AH21/$AL$48 -> 0 | AJ21: 210 | AK21: 1827000 | AL21: =AK21/$AL$48 -> 140.79742
B22: 11 | C22: 7 | D22: 144 | E22: 11480 | F22: 11890754 | G22: 2280 | H22: 3542367.6 | I22: =F22+H22 -> 15433122 | J22: 1600 | K22: 1657248 | L22: 360 | M22: 559321.2 | N22: =+K22+M22 -> 2216569.2 | O22: =N22+I22 -> 17649691 | P22: =L22+J22+G22+E22 -> 15720 | U22: 0 | V22: =Y22+W22 -> 1041.745 | W22: 406.73 | X22: 7309141.5 | Y22: 635.015 | Z22: 2695753 | AA22: =Z22+X22 -> 10004894 | AB22: =AA22/$AL$48 -> 771.02536 | AC22: 0 | AD22: 0 | AE22: 0 | AF22: 0 | AG22: 0 | AH22: 0 | AI22: =AH22/$AL$48 -> 0 | AJ22: 75.04 | AK22: 652848 | AL22: =AK22/$AL$48 -> 50.311612
B23: 12 | C23: 5 | D23: 46 | E23: 10720 | F23: 11103562 | G23: 2240 | H23: 3480220.8 | I23: =F23+H23 -> 14583782 | J23: 1440 | K23: 1491523.2 | L23: 400 | M23: 621468 | N23: =+K23+M23 -> 2112991.2 | O23: =N23+I23 -> 16696774 | P23: =L23+J23+G23+E23 -> 14800 | U23: 0 | V23: =Y23+W23 -> 1035.426 | W23: 408.51 | X23: 7341129 | Y23: 626.916 | Z23: 2661371.3 | AA23: =Z23+X23 -> 10002500 | AB23: =AA23/$AL$48 -> 770.84085 | AC23: 0 | AD23: 0 | AE23: 0 | AF23: 0 | AG23: 0 | AH23: 0 | AI23: =AH23/$AL$48 -> 0 | AJ23: 186.3 | AK23: 1620810 | AL23: =AK23/$AL$48 -> 124.90743
... B41: 30 | C41: 7 | D41: 84 | E41: 11280 | F41: 11683598 | G41: 2280 | H41: 3542367.6 | I41: =F41+H41 -> 15225966 | J41: 1280 | K41: 1325798.4 | L41: 340 | M41: 528247.8 | N41: =+K41+M41 -> 1854046.2 | O41: =N41+I41 -> 17080012 | P41: =L41+J41+G41+E41 -> 15180 | U41: 0 | V41: =Y41+W41 -> 1092.78 | W41: 468 | X41: 8417045.7 | Y41: 624.78 | Z41: 2652303.6 | AA41: =Z41+X41 -> 11069349 | AB41: =AA41/$AL$48 -> 853.05737 | AC41: 0 | AD41: 0 | AE41: 0 | AF41: 0 | AG41: 0 | AH41: 0 | AI41: =AH41/$AL$48 -> 0 | AJ41: 231.66 | AK41: 2015442 | AL41: =AK41/$AL$48 -> 155.31967
C47: =SUM(C12:C43) -> 201 | D47: =SUM(D12:D43) -> 2243 | E47: =SUM(E12:E43) -> 325440 | F47: =SUM(F12:F43) -> 3.3708424e+08 | G47: =SUM(G12:G43) -> 67800 | H47: =SUM(H12:H43) -> 105338826 | I47: =SUM(I12:I43) -> 4.4242307e+08 | J47: =SUM(J12:J43) -> 41820 | ... P47: =SUM(P12:P43) -> 445860 | Q47: =#REF! -> #REF! | R47: =#REF! -> #REF! | S47: =Q47+P47 -> #REF! | T47: =R47+O47 -> #REF! | U47: =T47/AL48 -> #REF! | V47: =SUM(V12:V42) -> 33695.122 | W47: =SUM(W12:W42) -> 12514.19 | X47: =SUM(X12:X42) -> 2.2495257e+08 | Y47: =SUM(Y12:Y42) -> 21180.932 | Z47: =SUM(Z12:Z42) -> 89916869 | AA47: =SUM(AA12:AA42) -> 3.1486944e+08 | AB47: =AA47/$AL$48 -> 24265.356 | AC47: =SUM(AC12:AC41) -> 0 | AD47: =SUM(AD12:AD41) -> 0 | AE47: =SUM(AE12:AE42) -> 2400 | AF47: =SUM(AF12:AF42) -> 348 | AG47: =SUM(AG12:AG42) -> 2748 | AH47: =SUM(AH12:AH43) -> 37539500 | AI47: =AH47/$AL$48 -> 2892.9747 | AJ47: =SUM(AJ12:AJ43) -> 5323.4 | AK47: =SUM(AK12:AK43) -> 46313580 | AL47: =AK47/AL48 -> 3569.1476
T48: kWh rate | U48: =U47/S47 -> #REF! | V48: m3/RNs | AL48: 12976.09
P49: =O47/P47 -> 1127.0781 | AA49: =AA47/V47 -> 9344.6595 | AH49: =AH47/AG47 -> 13660.662 | AK49: =AK47/AJ47 -> 8700
W51: =W47/V47 -> 0.37139471

Sheet RNs & Covers April 2021
A1: Four Seasons Resort Bali at Jimbaran Bay
A2: 44287
A3: Date | B3: Room Nights | C3: Food Covers
A6: 1 | B6: 9 | C6: 70
A7: 2 | B7: 9 | C7: 108
A8: =A7+1 -> 3 | B8: 7 | C8: 91
A9: =A8+1 -> 4 | B9: 4 | C9: 89
A10: =A9+1 -> 5 | B10: 3 | C10: 36
A11: =A10+1 -> 6 | B11: 5 | C11: 35
A12: =A11+1 -> 7 | B12: 5 | C12: 65
A13: =A12+1 -> 8 | B13: 4 | C13: 59
A14: =A13+1 -> 9 | B14: 8 | C14: 76
A15: =A14+1 -> 10 | B15: 13 | C15: 111
A16: =A15+1 -> 11 | B16: 7 | C16: 144
A17: =A16+1 -> 12 | B17: 5 | C17: 46
A18: =A17+1 -> 13 | B18: 7 | C18: 90
A19: =A18+1 -> 14 | B19: 10 | C19: 66
... A35: =A34+1 -> 30 | B35: 7 | C35: 84
B38: =SUM(B6:B36) -> 201 | C38: =SUM(C6:C36) -> 2243
