Workbook

Sheet TOTAL
A1: Site Name | B1: Day | C1: Month | D1: Year | E1: Total Electricity Kwh | F1: Electricity Tariff ($/Kwh) | G1: LPG (Kg) | H1: LPG $/Kg | I1: Total Fuel Oil (Liter) | J1: Fuel Oil $/Liter | K1: Water Utility Supply (m3) m3 | L1: Water Utility Supply (m3) $/m3 | M1: Room Nights | N1: Food Covers
A2: Bali Jimbaran | B2: 1 | C2: 10 | D2: 2021 | E2: ='FS Jimbaran October 2021'!P12 -> 13340 | F2: ='FS Jimbaran October 2021'!O12/'FS Jimbaran October 2021'!P12 -> 1125.0714 | G2: ='FS Jimbaran October 2021'!AG12 -> 12 | H2: ='FS Jimbaran October 2021'!AH12/'FS Jimbaran October 2021'!AG12 -> 11458.333 | I2: ='FS Jimbaran October 2021'!AJ12 -> 340.79 | J2: ='FS Jimbaran October 2021'!AK12/'FS Jimbaran October 2021'!AJ12 -> 11100 | K2: ='FS Jimbaran October 2021'!V12 -> 1004.81 | L2: ='FS Jimbaran October 2021'!AA12/'FS Jimbaran October 2021'!V12 -> 5813.4407 | M2: =+'RNs & Covers October 2021'!B6 -> 11 | N2: =+'RNs & Covers October 2021'!C6 -> 91
A3: Bali Jimbaran | B3: =B2+1 -> 2 | C3: 10 | D3: 2021 | E3: ='FS Jimbaran October 2021'!P13 -> 13740 | F3: ='FS Jimbaran October 2021'!O13/'FS Jimbaran October 2021'!P13 -> 1125.4873 | G3: ='FS Jimbaran October 2021'!AG13 -> 350 | H3: ='FS Jimbaran October 2021'!AH13/'FS Jimbaran October 2021'!AG13 -> 15840 | I3: ='FS Jimbaran October 2021'!AJ13 -> 220.09 | J3: ='FS Jimbaran October 2021'!AK13/'FS Jimbaran October 2021'!AJ13 -> 11100 | K3: ='FS Jimbaran October 2021'!V13 -> 996.8 | L3: ='FS Jimbaran October 2021'!AA13/'FS Jimbaran October 2021'!V13 -> 5850.5522 | M3: =+'RNs & Covers October 2021'!B7 -> 7 | N3: =+'RNs & Covers October 2021'!C7 -> 118
A4: Bali Jimbaran | B4: =B3+1 -> 3 | C4: 10 | D4: 2021 | E4: ='FS Jimbaran October 2021'!P14 -> 13600 | F4: ='FS Jimbaran October 2021'!O14/'FS Jimbaran October 2021'!P14 -> 1121.8411 | G4: ='FS Jimbaran October 2021'!AG14 -> 62 | H4: ='FS Jimbaran October 2021'!AH14/'FS Jimbaran October 2021'!AG14 -> 14991.935 | I4: ='FS Jimbaran October 2021'!AJ14 -> 103.48 | J4: ='FS Jimbaran October 2021'!AK14/'FS Jimbaran October 2021'!AJ14 -> 11100 | K4: ='FS Jimbaran October 2021'!V14 -> 995.02 | L4: ='FS Jimbaran October 2021'!AA14/'FS Jimbaran October 2021'!V14 -> 5804.3174 | M4: =+'RNs & Covers October 2021'!B8 -> 5 | N4: =+'RNs & Covers October 2021'!C8 -> 114
A5: Bali Jimbaran | B5: =B4+1 -> 4 | C5: 10 | D5: 2021 | E5: ='FS Jimbaran October 2021'!P15 -> 13420 | F5: ='FS Jimbaran October 2021'!O15/'FS Jimbaran October 2021'!P15 -> 1127.6264 | G5: ='FS Jimbaran October 2021'!AG15 -> 0 | H5: ='FS Jimbaran October 2021'!AH15/'FS Jimbaran October 2021'!AG15 -> #DIV/0! | I5: ='FS Jimbaran October 2021'!AJ15 -> 391.23 | J5: ='FS Jimbaran October 2021'!AK15/'FS Jimbaran October 2021'!AJ15 -> 11100 | K5: ='FS Jimbaran October 2021'!V15 -> 981.67 | L5: ='FS Jimbaran October 2021'!AA15/'FS Jimbaran October 2021'!V15 -> 5825.5206 | M5: =+'RNs & Covers October 2021'!B9 -> 5 | N5: =+'RNs & Covers October 2021'!C9 -> 56
A6: Bali Jimbaran | B6: =B5+1 -> 5 | C6: 10 | D6: 2021 | E6: ='FS Jimbaran October 2021'!P16 -> 13080 | F6: ='FS Jimbaran October 2021'!O16/'FS Jimbaran October 2021'!P16 -> 1126.0544 | G6: ='FS Jimbaran October 2021'!AG16 -> 12 | H6: ='FS Jimbaran October 2021'!AH16/'FS Jimbaran October 2021'!AG16 -> 11458.333 | I6: ='FS Jimbaran October 2021'!AJ16 -> 101.25 | J6: ='FS Jimbaran October 2021'!AK16/'FS Jimbaran October 2021'!AJ16 -> 11100 | K6: ='FS Jimbaran October 2021'!V16 -> 987.9 | L6: ='FS Jimbaran October 2021'!AA16/'FS Jimbaran October 2021'!V16 -> 5827.9196 | M6: =+'RNs & Covers October 2021'!B10 -> 4 | N6: =+'RNs & Covers October 2021'!C10 -> 76
A7: Bali Jimbaran | B7: =B6+1 -> 6 | C7: 10 | D7: 2021 | E7: ='FS Jimbaran October 2021'!P17 -> 13140 | F7: ='FS Jimbaran October 2021'!O17/'FS Jimbaran October 2021'!P17 -> 1120.9126 | G7: ='FS Jimbaran October 2021'!AG17 -> 0 | H7: ='FS Jimbaran October 2021'!AH17/'FS Jimbaran October 2021'!AG17 -> #DIV/0! | I7: ='FS Jimbaran October 2021'!AJ17 -> 257.04 | J7: ='FS Jimbaran October 2021'!AK17/'FS Jimbaran October 2021'!AJ17 -> 11100 | K7: ='FS Jimbaran October 2021'!V17 -> 986.12 | L7: ='FS Jimbaran October 2021'!AA17/'FS Jimbaran October 2021'!V17 -> 5830.7765 | M7: =+'RNs & Covers October 2021'!B11 -> 2 | N7: =+'RNs & Covers October 2021'!C11 -> 92
A8: Bali Jimbaran | B8: =B7+1 -> 7 | C8: 10 | D8: 2021 | E8: ='FS Jimbaran October 2021'!P18 -> 13560 | F8: ='FS Jimbaran October 2021'!O18/'FS Jimbaran October 2021'!P18 -> 1128.9696 | G8: ='FS Jimbaran October 2021'!AG18 -> 12 | H8: ='FS Jimbaran October 2021'!AH18/'FS Jimbaran October 2021'!AG18 -> 11458.333 | I8: ='FS Jimbaran October 2021'!AJ18 -> 104.78 | J8: ='FS Jimbaran October 2021'!AK18/'FS Jimbaran October 2021'!AJ18 -> 11100 | K8: ='FS Jimbaran October 2021'!V18 -> 1011.93 | L8: ='FS Jimbaran October 2021'!AA18/'FS Jimbaran October 2021'!V18 -> 5923.1215 | M8: =+'RNs & Covers October 2021'!B12 -> 6 | N8: =+'RNs & Covers October 2021'!C12 -> 113
A9: Bali Jimbaran | B9: =B8+1 -> 8 | C9: 10 | D9: 2021 | E9: ='FS Jimbaran October 2021'!P19 -> 13500 | F9: ='FS Jimbaran October 2021'!O19/'FS Jimbaran October 2021'!P19 -> 1127.8493 | G9: ='FS Jimbaran October 2021'!AG19 -> 412 | H9: ='FS Jimbaran October 2021'!AH19/'FS Jimbaran October 2021'!AG19 -> 15712.379 | I9: ='FS Jimbaran October 2021'!AJ19 -> 339.88 | J9: ='FS Jimbaran October 2021'!AK19/'FS Jimbaran October 2021'!AJ19 -> 11100 | K9: ='FS Jimbaran October 2021'!V19 -> 994.13 | L9: ='FS Jimbaran October 2021'!AA19/'FS Jimbaran October 2021'!V19 -> 5818.0009 | M9: =+'RNs & Covers October 2021'!B13 -> 17 | N9: =+'RNs & Covers October 2021'!C13 -> 113
A10: Bali Jimbaran | B10: =B9+1 -> 9 | C10: 10 | D10: 2021 | E10: ='FS Jimbaran October 2021'!P20 -> 14660 | F10: ='FS Jimbaran October 2021'!O20/'FS Jimbaran October 2021'!P20 -> 1128.3361 | G10: ='FS Jimbaran October 2021'!AG20 -> 12 | H10: ='FS Jimbaran October 2021'!AH20/'FS Jimbaran October 2021'!AG20 -> 11458.333 | I10: ='FS Jimbaran October 2021'!AJ20 -> 152.7 | J10: ='FS Jimbaran October 2021'!AK20/'FS Jimbaran October 2021'!AJ20 -> 11100 | K10: ='FS Jimbaran October 2021'!V20 -> 994.13 | L10: ='FS Jimbaran October 2021'!AA20/'FS Jimbaran October 2021'!V20 -> 5805.7132 | M10: =+'RNs & Covers October 2021'!B14 -> 14 | N10: =+'RNs & Covers October 2021'!C14 -> 131
A11: Bali Jimbaran | B11: =B10+1 -> 10 | C11: 10 | D11: 2021 | E11: ='FS Jimbaran October 2021'!P21 -> 14840 | F11: ='FS Jimbaran October 2021'!O21/'FS Jimbaran October 2021'!P21 -> 1124.4215 | G11: ='FS Jimbaran October 2021'!AG21 -> 0 | H11: ='FS Jimbaran October 2021'!AH21/'FS Jimbaran October 2021'!AG21 -> #DIV/0! | I11: ='FS Jimbaran October 2021'!AJ21 -> 99.46 | J11: ='FS Jimbaran October 2021'!AK21/'FS Jimbaran October 2021'!AJ21 -> 11100 | K11: ='FS Jimbaran October 2021'!V21 -> 984.34 | L11: ='FS Jimbaran October 2021'!AA21/'FS Jimbaran October 2021'!V21 -> 5833.6438 | M11: =+'RNs & Covers October 2021'!B15 -> 9 | N11: =+'RNs & Covers October 2021'!C15 -> 172
A12: Bali Jimbaran | B12: =B11+1 -> 11 | C12: 10 | D12: 2021 | E12: ='FS Jimbaran October 2021'!P22 -> 11720 | F12: ='FS Jimbaran October 2021'!O22/'FS Jimbaran October 2021'!P22 -> 1140.065 | G12: ='FS Jimbaran October 2021'!AG22 -> 0 | H12: ='FS Jimbaran October 2021'!AH22/'FS Jimbaran October 2021'!AG22 -> #DIV/0! | I12: ='FS Jimbaran October 2021'!AJ22 -> 189.57 | J12: ='FS Jimbaran October 2021'!AK22/'FS Jimbaran October 2021'!AJ22 -> 11100 | K12: ='FS Jimbaran October 2021'!V22 -> 995.02 | L12: ='FS Jimbaran October 2021'!AA22/'FS Jimbaran October 2021'!V22 -> 5816.5941 | M12: =+'RNs & Covers October 2021'!B16 -> 6 | N12: =+'RNs & Covers October 2021'!C16 -> 63
A13: Bali Jimbaran | B13: =B12+1 -> 12 | C13: 10 | D13: 2021 | E13: ='FS Jimbaran October 2021'!P23 -> 16740 | F13: ='FS Jimbaran October 2021'!O23/'FS Jimbaran October 2021'!P23 -> 1111.8857 | G13: ='FS Jimbaran October 2021'!AG23 -> 12 | H13: ='FS Jimbaran October 2021'!AH23/'FS Jimbaran October 2021'!AG23 -> 11458.333 | I13: ='FS Jimbaran October 2021'!AJ23 -> 127.48 | J13: ='FS Jimbaran October 2021'!AK23/'FS Jimbaran October 2021'!AJ23 -> 11100 | K13: ='FS Jimbaran October 2021'!V23 -> 1003.03 | L13: ='FS Jimbaran October 2021'!AA23/'FS Jimbaran October 2021'!V23 -> 6035.4391 | M13: =+'RNs & Covers October 2021'!B17 -> 5 | N13: =+'RNs & Covers October 2021'!C17 -> 65
A14: Bali Jimbaran | B14: =B13+1 -> 13 | C14: 10 | D14: 2021 | E14: ='FS Jimbaran October 2021'!P24 -> 14640 | F14: ='FS Jimbaran October 2021'!O24/'FS Jimbaran October 2021'!P24 -> 1129.17 | G14: ='FS Jimbaran October 2021'!AG24 -> 412 | H14: ='FS Jimbaran October 2021'!AH24/'FS Jimbaran October 2021'!AG24 -> 15712.379 | I14: ='FS Jimbaran October 2021'!AJ24 -> 899.32 | J14: ='FS Jimbaran October 2021'!AK24/'FS Jimbaran October 2021'!AJ24 -> 11100 | K14: ='FS Jimbaran October 2021'!V24 -> 974.55 | L14: ='FS Jimbaran October 2021'!AA24/'FS Jimbaran October 2021'!V24 -> 6902.5022 | M14: =+'RNs & Covers October 2021'!B18 -> 8 | N14: =+'RNs & Covers October 2021'!C18 -> 106
... A32: Bali Jimbaran | B32: =B31+1 -> 31 | C32: 10 | D32: 2021 | E32: ='FS Jimbaran October 2021'!P42 -> 14200 | F32: ='FS Jimbaran October 2021'!O42/'FS Jimbaran October 2021'!P42 -> 1127.6872 | G32: ='FS Jimbaran October 2021'!AG42 -> 0 | H32: ='FS Jimbaran October 2021'!AH42/'FS Jimbaran October 2021'!AG42 -> #DIV/0! | I32: ='FS Jimbaran October 2021'!AJ42 -> 313.91 | J32: ='FS Jimbaran October 2021'!AK42/'FS Jimbaran October 2021'!AJ42 -> 11100 | K32: ='FS Jimbaran October 2021'!V42 -> 734.25 | L32: ='FS Jimbaran October 2021'!AA42/'FS Jimbaran October 2021'!V42 -> 7755.5346 | M32: =+'RNs & Covers October 2021'!B36 -> 9 | N32: =+'RNs & Covers October 2021'!C36 -> 141

Sheet FS Jimbaran October 2021
B6: Four Seasons Resort Bali at Jimbaran Bay
B7: OCTOBER 2021
B8: Date | C8: Room Nights | D8: Food Covers | E8: ELECTRICITY Resort, Sundara & Residences | V8: WATER | AC8: GAS
E9: Electricity Resort | J9: Electricity - Sundara | O9: Sub Total (Resort & Sundara) Cost (IDR) | P9: Sub Total (Resort & Sundara), KWh | Q9: Residences- Electricity KWh | R9: Residences- Electricity cost (IDR) | S9: TOTAL Electricity consumption (KWh) | T9: TOTAL Electricity cost | W9: Water (m3) | AA9: Total Water Cost | AC9: LPG | AJ9: Diesel
E10: BASED LOAD KWh (from 10 pm - 6 pm) | F10: Cost (IDR) | G10: PEAK LOAD KWh (from 6 pm - 10 pm) | H10: Cost (IDR) | I10: Resort Cost (IDR) | J10: BASED LOAD KWh (from 10 pm - 6 pm) | K10: Cost (IDR) | L10: PEAK LOAD KWh (from 6 pm - 10 pm) | M10: Cost (IDR) | N10: Sundara Cost (IDR) | T10: IDR | U10: USD | V10: Water consumption (m3) | W10: Municipal Water (m3) | X10: Municipal Water cost (IDR) | Y10: Deepwell Consumption (m3) | Z10: Deepwell water Cost (IDR) | AA10: IDR | AB10: USD | AC10: LPG Bulk (m3) | AD10: 50 Kg (tube) IVD & TW | AE10: Sundara 50 kg (tube) | AF10: 12 Kg (tube) | AG10: Total kg | AH10: IDR | AI10: USD | AJ10: Used (liters) | AK10: IDR | AL10: USD
B12: 1 | C12: 11 | D12: 91 | E12: 9880 | F12: 10233506 | G12: 2000 | H12: 3107340 | I12: =F12+H12 -> 13340846 | J12: 1160 | K12: 1201504.8 | L12: 300 | M12: 466101 | N12: =+K12+M12 -> 1667605.8 | O12: =N12+I12 -> 15008452 | P12: =L12+J12+G12+E12 -> 13340 | U12: 0 | V12: =Y12+W12 -> 1004.81 | W12: 114.81 | X12: 2063193.1 | Y12: 890 | Z12: 3778210.2 | AA12: =Z12+X12 -> 5841403.3 | AB12: =AA12/$AL$47 -> 450.16668 | AC12: 0 | AD12: 0 | AE12: 0 | AF12: 12 | AG12: =+AE12+AF12 -> 12 | AH12: 137500 | AI12: =AH12/$AL$47 -> 10.596412 | AJ12: 340.79 | AK12: 3782769 | AL12: =AK12/$AL$47 -> 291.5184
B13: 2 | C13: 7 | D13: 118 | E13: 10120 | F13: 10482094 | G13: 2040 | H13: 3169486.8 | I13: =F13+H13 -> 13651580 | J13: 1240 | K13: 1284367.2 | L13: 340 | M13: 528247.8 | N13: =+K13+M13 -> 1812615 | O13: =N13+I13 -> 15464195 | P13: =L13+J13+G13+E13 -> 13740 | U13: 0 | V13: =Y13+W13 -> 996.8 | W13: 116.59 | X13: 2095180.6 | Y13: 880.21 | Z13: 3736649.9 | AA13: =Z13+X13 -> 5831830.5 | AB13: =AA13/$AL$47 -> 449.42895 | AC13: 0 | AD13: 0 | AE13: 350 | AF13: 0 | AG13: =+AE13+AF13 -> 350 | AH13: 5544000 | AI13: =AH13/$AL$47 -> 427.24734 | AJ13: 220.09 | AK13: 2442999 | AL13: =AK13/$AL$47 -> 188.26927
B14: 3 | C14: 5 | D14: 114 | E14: 9920 | F14: 10274938 | G14: 1920 | H14: 2983046.4 | I14: =F14+H14 -> 13257984 | J14: 1420 | K14: 1470807.6 | L14: 340 | M14: 528247.8 | N14: =+K14+M14 -> 1999055.4 | O14: =N14+I14 -> 15257039 | P14: =L14+J14+G14+E14 -> 13600 | U14: 0 | V14: =Y14+W14 -> 995.02 | W14: 113.03 | X14: 2031205.6 | Y14: 881.99 | Z14: 3744206.3 | AA14: =Z14+X14 -> 5775411.9 | AB14: =AA14/$AL$47 -> 445.08106 | AC14: 0 | AD14: 0 | AE14: 50 | AF14: 12 | AG14: =+AE14+AF14 -> 62 | AH14: 929500 | AI14: =AH14/$AL$47 -> 71.631747 | AJ14: 103.48 | AK14: 1148628 | AL14: =AK14/$AL$47 -> 88.518807
B15: 4 | C15: 5 | D15: 56 | E15: 9920 | F15: 10274938 | G15: 2080 | H15: 3231633.6 | I15: =F15+H15 -> 13506571 | J15: 1120 | K15: 1160073.6 | L15: 300 | M15: 466101 | N15: =+K15+M15 -> 1626174.6 | O15: =N15+I15 -> 15132746 | P15: =L15+J15+G15+E15 -> 13420 | U15: 0 | V15: =Y15+W15 -> 981.67 | W15: 113.03 | X15: 2031205.6 | Y15: 868.64 | Z15: 3687533.2 | AA15: =Z15+X15 -> 5718738.8 | AB15: =AA15/$AL$47 -> 440.71356 | AC15: 0 | AD15: 0 | AE15: 0 | AF15: 0 | AG15: =+AE15+AF15 -> 0 | AH15: 0 | AI15: =AH15/$AL$47 -> 0 | AJ15: 391.23 | AK15: 4342653 | AL15: =AK15/$AL$47 -> 334.66576
B16: 5 | C16: 4 | D16: 76 | E16: 9680 | F16: 10026350 | G16: 1960 | H16: 3045193.2 | I16: =F16+H16 -> 13071544 | J16: 1120 | K16: 1160073.6 | L16: 320 | M16: 497174.4 | N16: =+K16+M16 -> 1657248 | O16: =N16+I16 -> 14728792 | P16: =L16+J16+G16+E16 -> 13080 | U16: 0 | V16: =Y16+W16 -> 987.9 | W16: 113.92 | X16: 2047199.4 | Y16: 873.98 | Z16: 3710202.4 | AA16: =Z16+X16 -> 5757401.8 | AB16: =AA16/$AL$47 -> 443.69311 | AC16: 0 | AD16: 0 | AE16: 0 | AF16: 12 | AG16: =+AE16+AF16 -> 12 | AH16: 137500 | AI16: =AH16/$AL$47 -> 10.596412 | AJ16: 101.25 | AK16: 1123875 | AL16: =AK16/$AL$47 -> 86.611221
B17: 6 | C17: 2 | D17: 92 | E17: 9720 | F17: 10067782 | G17: 1800 | H17: 2796606 | I17: =F17+H17 -> 12864388 | J17: 1260 | K17: 1305082.8 | L17: 360 | M17: 559321.2 | N17: =+K17+M17 -> 1864404 | O17: =N17+I17 -> 14728792 | P17: =L17+J17+G17+E17 -> 13140 | U17: 0 | V17: =Y17+W17 -> 986.12 | W17: 113.92 | X17: 2047199.4 | Y17: 872.2 | Z17: 3702646 | AA17: =Z17+X17 -> 5749845.4 | AB17: =AA17/$AL$47 -> 443.11078 | AC17: 0 | AD17: 0 | AE17: 0 | AF17: 0 | AG17: =+AE17+AF17 -> 0 | AH17: 0 | AI17: =AH17/$AL$47 -> 0 | AJ17: 257.04 | AK17: 2853144 | AL17: =AK17/$AL$47 -> 219.87702
B18: 7 | C18: 6 | D18: 113 | E18: 9760 | F18: 10109213 | G18: 2000 | H18: 3107340 | I18: =F18+H18 -> 13216553 | J18: 1360 | K18: 1408660.8 | L18: 440 | M18: 683614.8 | N18: =+K18+M18 -> 2092275.6 | O18: =N18+I18 -> 15308828 | P18: =L18+J18+G18+E18 -> 13560 | U18: 0 | V18: =Y18+W18 -> 1011.93 | W18: 123.71 | X18: 2223130.6 | Y18: 888.22 | Z18: 3770653.8 | AA18: =Z18+X18 -> 5993784.3 | AB18: =AA18/$AL$47 -> 461.90989 | AC18: 0 | AD18: 0 | AE18: 0 | AF18: 12 | AG18: =+AE18+AF18 -> 12 | AH18: 137500 | AI18: =AH18/$AL$47 -> 10.596412 | AJ18: 104.78 | AK18: 1163058 | AL18: =AK18/$AL$47 -> 89.630852
B19: 8 | C19: 17 | D19: 113 | E19: 9880 | F19: 10233506 | G19: 2080 | H19: 3231633.6 | I19: =F19+H19 -> 13465140 | J19: 1220 | K19: 1263651.6 | L19: 320 | M19: 497174.4 | N19: =+K19+M19 -> 1760826 | O19: =N19+I19 -> 15225966 | P19: =L19+J19+G19+E19 -> 13500 | U19: 0 | V19: =Y19+W19 -> 994.13 | W19: 113.92 | X19: 2047199.4 | Y19: 880.21 | Z19: 3736649.9 | AA19: =Z19+X19 -> 5783849.2 | AB19: =AA19/$AL$47 -> 445.73128 | AC19: 0 | AD19: 0 | AE19: 400 | AF19: 12 | AG19: =+AE19+AF19 -> 412 | AH19: 6473500 | AI19: =AH19/$AL$47 -> 498.87909 | AJ19: 339.88 | AK19: 3772668 | AL19: =AK19/$AL$47 -> 290.73997
B20: 9 | C20: 14 | D20: 131 | E20: 10720 | F20: 11103562 | G20: 2240 | H20: 3480220.8 | I20: =F20+H20 -> 14583782 | J20: 1320 | K20: 1367229.6 | L20: 380 | M20: 590394.6 | N20: =+K20+M20 -> 1957624.2 | O20: =N20+I20 -> 16541407 | P20: =L20+J20+G20+E20 -> 14660 | U20: 0 | V20: =Y20+W20 -> 994.13 | W20: 113.03 | X20: 2031205.6 | Y20: 881.1 | Z20: 3740428.1 | AA20: =Z20+X20 -> 5771633.7 | AB20: =AA20/$AL$47 -> 444.7899 | AC20: 0 | AD20: 0 | AE20: 0 | AF20: 12 | AG20: =+AE20+AF20 -> 12 | AH20: 137500 | AI20: =AH20/$AL$47 -> 10.596412 | AJ20: 152.7 | AK20: 1694970 | AL20: =AK20/$AL$47 -> 130.62255
B21: 10 | C21: 9 | D21: 172 | E21: 11040 | F21: 11435011 | G21: 2200 | H21: 3418074 | I21: =F21+H21 -> 14853085 | J21: 1260 | K21: 1305082.8 | L21: 340 | M21: 528247.8 | N21: =+K21+M21 -> 1833330.6 | O21: =N21+I21 -> 16686416 | P21: =L21+J21+G21+E21 -> 14840 | U21: 0 | V21: =Y21+W21 -> 984.34 | W21: 113.92 | X21: 2047199.4 | Y21: 870.42 | Z21: 3695089.6 | AA21: =Z21+X21 -> 5742288.9 | AB21: =AA21/$AL$47 -> 442.52845 | AC21: 0 | AD21: 0 | AE21: 0 | AF21: 0 | AG21: =+AE21+AF21 -> 0 | AH21: 0 | AI21: =AH21/$AL$47 -> 0 | AJ21: 99.46 | AK21: 1104006 | AL21: =AK21/$AL$47 -> 85.08002
B22: 11 | C22: 6 | D22: 63 | E22: 8160 | F22: 8451964.8 | G22: 2040 | H22: 3169486.8 | I22: =F22+H22 -> 11621452 | J22: 1200 | K22: 1242936 | L22: 320 | M22: 497174.4 | N22: =+K22+M22 -> 1740110.4 | O22: =N22+I22 -> 13361562 | P22: =L22+J22+G22+E22 -> 11720 | U22: 0 | V22: =Y22+W22 -> 995.02 | W22: 113.92 | X22: 2047199.4 | Y22: 881.1 | Z22: 3740428.1 | AA22: =Z22+X22 -> 5787627.5 | AB22: =AA22/$AL$47 -> 446.02245 | AC22: 0 | AD22: 0 | AE22: 0 | AF22: 0 | AG22: =+AE22+AF22 -> 0 | AH22: 0 | AI22: =AH22/$AL$47 -> 0 | AJ22: 189.57 | AK22: 2104227 | AL22: =AK22/$AL$47 -> 162.16187
B23: 12 | C23: 5 | D23: 65 | E23: 12840 | F23: 13299415 | G23: 2080 | H23: 3231633.6 | I23: =F23+H23 -> 16531049 | J23: 1440 | K23: 1491523.2 | L23: 380 | M23: 590394.6 | N23: =+K23+M23 -> 2081917.8 | O23: =N23+I23 -> 18612967 | P23: =L23+J23+G23+E23 -> 16740 | U23: 0 | V23: =Y23+W23 -> 1003.03 | W23: 130.83 | X23: 2351080.5 | Y23: 872.2 | Z23: 3702646 | AA23: =Z23+X23 -> 6053726.5 | AB23: =AA23/$AL$47 -> 466.52933 | AC23: 0 | AD23: 0 | AE23: 0 | AF23: 12 | AG23: =+AE23+AF23 -> 12 | AH23: 137500 | AI23: =AH23/$AL$47 -> 10.596412 | AJ23: 127.48 | AK23: 1415028 | AL23: =AK23/$AL$47 -> 109.04887
... B42: 31 | C42: 9 | D42: 141 | E42: 10480 | F42: 10854974 | G42: 2200 | H42: 3418074 | I42: =F42+H42 -> 14273048 | J42: 1200 | K42: 1242936 | L42: 320 | M42: 497174.4 | N42: =+K42+M42 -> 1740110.4 | O42: =N42+I42 -> 16013159 | P42: =L42+J42+G42+E42 -> 14200 | U42: 0 | V42: =Y42+W42 -> 734.25 | W42: 187.79 | X42: 3374680.2 | Y42: 546.46 | Z42: 2319821.1 | AA42: =Z42+X42 -> 5694501.3 | AB42: =AA42/$AL$47 -> 438.8457 | AC42: 0 | AD42: 0 | AE42: 0 | AF42: 0 | AG42: =+AE42+AF42 -> 0 | AH42: 0 | AI42: =AH42/$AL$47 -> 0 | AJ42: 313.91 | AK42: 3484401 | AL42: =AK42/$AL$47 -> 268.52473
C46: =SUM(C12:C42) -> 385 | D46: =SUM(D12:D42) -> 3787 | E46: =SUM(E12:E42) -> 341400 | F46: =SUM(F12:F42) -> 3.5361529e+08 | G46: =SUM(G12:G42) -> 70720 | H46: =SUM(H12:H42) -> 1.0987554e+08 | I46: =SUM(I12:I42) -> 4.6349083e+08 | J46: =SUM(J12:J42) -> 41540 | ... P46: =SUM(P12:P42) -> 464820 | Q46: =+#REF! -> #REF! | R46: =+#REF! -> #REF! | S46: =Q46+P46 -> #REF! | T46: =R46+O46 -> #REF! | U46: =T46/AL47 -> #REF! | V46: =SUM(V12:V41) -> 26468.244 | W46: =SUM(W12:W41) -> 4547.01 | X46: =SUM(X12:X41) -> 81712043 | Y46: =SUM(Y12:Y41) -> 21921.234 | Z46: =SUM(Z12:Z41) -> 93059584 | AA46: =SUM(AA12:AA41) -> 1.7477163e+08 | AB46: =AA46/$AL$47 -> 13468.743 | AC46: =SUM(AC12:AC41) -> 0 | AD46: =SUM(AD12:AD41) -> 0 | AE46: =SUM(AE12:AE41) -> 2200 | AF46: =SUM(AF12:AF41) -> 276 | AG46: =SUM(AG12:AG41) -> 2476 | AH46: =SUM(AH12:AH42) -> 38203288 | AI46: =AH46/$AL$47 -> 2944.1294 | AJ46: =SUM(AJ12:AJ42) -> 8262.75 | AK46: =SUM(AK12:AK42) -> 91716525 | AL46: =AK46/AL47 -> 7068.1172
T47: kWh rate | U47: =U46/S46 -> #REF! | V47: m3/RNs | AL47: 12976.09
P48: =O46/P46 -> 1127.0085 | AA48: =AA46/V46 -> 6603.0685 | AH48: =AH46/AG46 -> 15429.438 | AK48: =AK46/AJ46 -> 11100
W50: =W46/V46 -> 0.17179115 | Y50: =Y46/V46 -> 0.82820885

Sheet RNs & Covers October 2021
A1: Four Seasons Resort Bali at Jimbaran Bay
A2: 44470
A3: Date | B3: Room Nights | C3: Food Covers
A6: 1 | B6: 11 | C6: 91
A7: 2 | B7: 7 | C7: 118
A8: =A7+1 -> 3 | B8: 5 | C8: 114
A9: =A8+1 -> 4 | B9: 5 | C9: 56
A10: =A9+1 -> 5 | B10: 4 | C10: 76
A11: =A10+1 -> 6 | B11: 2 | C11: 92
A12: =A11+1 -> 7 | B12: 6 | C12: 113
A13: =A12+1 -> 8 | B13: 17 | C13: 113
A14: =A13+1 -> 9 | B14: 14 | C14: 131
A15: =A14+1 -> 10 | B15: 9 | C15: 172
A16: =A15+1 -> 11 | B16: 6 | C16: 63
A17: =A16+1 -> 12 | B17: 5 | C17: 65
A18: =A17+1 -> 13 | B18: 8 | C18: 106
A19: =A18+1 -> 14 | B19: 8 | C19: 85
... A36: =A35+1 -> 31 | B36: 9 | C36: 141
B37: =SUM(B6:B36) -> 385 | C37: =SUM(C6:C36) -> 3787
