Workbook

Sheet TOTAL
A1: Site Name | B1: Day | C1: Month | D1: Year | E1: Total Electricity Kwh | F1: Electricity Tariff ($/Kwh) | G1: LPG (Kg) | H1: LPG $/Kg | I1: Total Fuel Oil (Liters) | J1: Fuel Oil $/Liter | K1: Water Utility Supply (m3) m3 | L1: Water Utility Supply (m3) $/m3 | M1: Room Nights | N1: Food Covers
A2: Bali Jimbaran | B2: 1 | C2: 5 | D2: 2021 | E2: ='FS Jimbaran May 2021'!P12 -> 14400 | F2: ='FS Jimbaran May 2021'!O12/'FS Jimbaran May 2021'!P12 -> 1132.1651 | G2: ='FS Jimbaran May 2021'!AG12 -> 62 | H2: ='FS Jimbaran May 2021'!AH12/'FS Jimbaran May 2021'!AG12 -> 4435.4839 | I2: ='FS Jimbaran May 2021'!AJ12 -> 134.84 | J2: ='FS Jimbaran May 2021'!AK12/'FS Jimbaran May 2021'!AJ12 -> 8900 | K2: ='FS Jimbaran May 2021'!V12 -> 1033.29 | L2: ='FS Jimbaran May 2021'!AA12/'FS Jimbaran May 2021'!V12 -> 9624.1814 | M2: =+'RNs & Covers May 2021'!B6 -> 9 | N2: =+'RNs & Covers May 2021'!C6 -> 72
A3: Bali Jimbaran | B3: =B2+1 -> 2 | C3: 5 | D3: 2021 | E3: ='FS Jimbaran May 2021'!P13 -> 15300 | F3: ='FS Jimbaran May 2021'!O13/'FS Jimbaran May 2021'!P13 -> 1126.4954 | G3: ='FS Jimbaran May 2021'!AG13 -> 112 | H3: ='FS Jimbaran May 2021'!AH13/'FS Jimbaran May 2021'!AG13 -> 44857.143 | I3: ='FS Jimbaran May 2021'!AJ13 -> 87.95 | J3: ='FS Jimbaran May 2021'!AK13/'FS Jimbaran May 2021'!AJ13 -> 8900 | K3: ='FS Jimbaran May 2021'!V13 -> 1027.06 | L3: ='FS Jimbaran May 2021'!AA13/'FS Jimbaran May 2021'!V13 -> 9478.4043 | M3: =+'RNs & Covers May 2021'!B7 -> 5 | N3: =+'RNs & Covers May 2021'!C7 -> 109
A4: Bali Jimbaran | B4: =B3+1 -> 3 | C4: 5 | D4: 2021 | E4: ='FS Jimbaran May 2021'!P14 -> 15060 | F4: ='FS Jimbaran May 2021'!O14/'FS Jimbaran May 2021'!P14 -> 1127.2533 | G4: ='FS Jimbaran May 2021'!AG14 -> 112 | H4: ='FS Jimbaran May 2021'!AH14/'FS Jimbaran May 2021'!AG14 -> 2455.3571 | I4: ='FS Jimbaran May 2021'!AJ14 -> 202 | J4: ='FS Jimbaran May 2021'!AK14/'FS Jimbaran May 2021'!AJ14 -> 8900 | K4: ='FS Jimbaran May 2021'!V14 -> 1004.81 | L4: ='FS Jimbaran May 2021'!AA14/'FS Jimbaran May 2021'!V14 -> 9180.9461 | M4: =+'RNs & Covers May 2021'!B8 -> 3 | N4: =+'RNs & Covers May 2021'!C8 -> 62
A5: Bali Jimbaran | B5: =B4+1 -> 4 | C5: 5 | D5: 2021 | E5: ='FS Jimbaran May 2021'!P15 -> 14940 | F5: ='FS Jimbaran May 2021'!O15/'FS Jimbaran May 2021'!P15 -> 1123.8282 | G5: ='FS Jimbaran May 2021'!AG15 -> 62 | H5: ='FS Jimbaran May 2021'!AH15/'FS Jimbaran May 2021'!AG15 -> 0 | I5: ='FS Jimbaran May 2021'!AJ15 -> 187.5 | J5: ='FS Jimbaran May 2021'!AK15/'FS Jimbaran May 2021'!AJ15 -> 8900 | K5: ='FS Jimbaran May 2021'!V15 -> 1049.31 | L5: ='FS Jimbaran May 2021'!AA15/'FS Jimbaran May 2021'!V15 -> 9553.7007 | M5: =+'RNs & Covers May 2021'!B9 -> 1 | N5: =+'RNs & Covers May 2021'!C9 -> 62
A6: Bali Jimbaran | B6: =B5+1 -> 5 | C6: 5 | D6: 2021 | E6: ='FS Jimbaran May 2021'!P16 -> 15020 | F6: ='FS Jimbaran May 2021'!O16/'FS Jimbaran May 2021'!P16 -> 1125.4281 | G6: ='FS Jimbaran May 2021'!AG16 -> 112 | H6: ='FS Jimbaran May 2021'!AH16/'FS Jimbaran May 2021'!AG16 -> 4910.7143 | I6: ='FS Jimbaran May 2021'!AJ16 -> 257.9 | J6: ='FS Jimbaran May 2021'!AK16/'FS Jimbaran May 2021'!AJ16 -> 8900 | K6: ='FS Jimbaran May 2021'!V16 -> 1006.59 | L6: ='FS Jimbaran May 2021'!AA16/'FS Jimbaran May 2021'!V16 -> 9135.8113 | M6: =+'RNs & Covers May 2021'!B10 -> 3 | N6: =+'RNs & Covers May 2021'!C10 -> 59
A7: Bali Jimbaran | B7: =B6+1 -> 6 | C7: 5 | D7: 2021 | E7: ='FS Jimbaran May 2021'!P17 -> 15700 | F7: ='FS Jimbaran May 2021'!O17/'FS Jimbaran May 2021'!P17 -> 1126.8231 | G7: ='FS Jimbaran May 2021'!AG17 -> 62 | H7: ='FS Jimbaran May 2021'!AH17/'FS Jimbaran May 2021'!AG17 -> 0 | I7: ='FS Jimbaran May 2021'!AJ17 -> 89.88 | J7: ='FS Jimbaran May 2021'!AK17/'FS Jimbaran May 2021'!AJ17 -> 8900 | K7: ='FS Jimbaran May 2021'!V17 -> 1025.28 | L7: ='FS Jimbaran May 2021'!AA17/'FS Jimbaran May 2021'!V17 -> 9082.4022 | M7: =+'RNs & Covers May 2021'!B11 -> 2 | N7: =+'RNs & Covers May 2021'!C11 -> 68
A8: Bali Jimbaran | B8: =B7+1 -> 7 | C8: 5 | D8: 2021 | E8: ='FS Jimbaran May 2021'!P18 -> 14580 | F8: ='FS Jimbaran May 2021'!O18/'FS Jimbaran May 2021'!P18 -> 1126.7127 | G8: ='FS Jimbaran May 2021'!AG18 -> 112 | H8: ='FS Jimbaran May 2021'!AH18/'FS Jimbaran May 2021'!AG18 -> 0 | I8: ='FS Jimbaran May 2021'!AJ18 -> 178.13 | J8: ='FS Jimbaran May 2021'!AK18/'FS Jimbaran May 2021'!AJ18 -> 8900 | K8: ='FS Jimbaran May 2021'!V18 -> 1191.977 | L8: ='FS Jimbaran May 2021'!AA18/'FS Jimbaran May 2021'!V18 -> 8785.1014 | M8: =+'RNs & Covers May 2021'!B12 -> 5 | N8: =+'RNs & Covers May 2021'!C12 -> 64
A9: Bali Jimbaran | B9: =B8+1 -> 8 | C9: 5 | D9: 2021 | E9: ='FS Jimbaran May 2021'!P19 -> 14060 | F9: ='FS Jimbaran May 2021'!O19/'FS Jimbaran May 2021'!P19 -> 1119.7622 | G9: ='FS Jimbaran May 2021'!AG19 -> 112 | H9: ='FS Jimbaran May 2021'!AH19/'FS Jimbaran May 2021'!AG19 -> 46084.821 | I9: ='FS Jimbaran May 2021'!AJ19 -> 118.85 | J9: ='FS Jimbaran May 2021'!AK19/'FS Jimbaran May 2021'!AJ19 -> 8900 | K9: ='FS Jimbaran May 2021'!V19 -> 1245.644 | L9: ='FS Jimbaran May 2021'!AA19/'FS Jimbaran May 2021'!V19 -> 8491.4386 | M9: =+'RNs & Covers May 2021'!B13 -> 7 | N9: =+'RNs & Covers May 2021'!C13 -> 130
A10: Bali Jimbaran | B10: =B9+1 -> 9 | C10: 5 | D10: 2021 | E10: ='FS Jimbaran May 2021'!P20 -> 15260 | F10: ='FS Jimbaran May 2021'!O20/'FS Jimbaran May 2021'!P20 -> 1137.5932 | G10: ='FS Jimbaran May 2021'!AG20 -> 50 | H10: ='FS Jimbaran May 2021'!AH20/'FS Jimbaran May 2021'!AG20 -> 2750 | I10: ='FS Jimbaran May 2021'!AJ20 -> 121 | J10: ='FS Jimbaran May 2021'!AK20/'FS Jimbaran May 2021'!AJ20 -> 8900 | K10: ='FS Jimbaran May 2021'!V20 -> 1235.587 | L10: ='FS Jimbaran May 2021'!AA20/'FS Jimbaran May 2021'!V20 -> 8189.8625 | M10: =+'RNs & Covers May 2021'!B14 -> 13 | N10: =+'RNs & Covers May 2021'!C14 -> 137
A11: Bali Jimbaran | B11: =B10+1 -> 10 | C11: 5 | D11: 2021 | E11: ='FS Jimbaran May 2021'!P21 -> 15560 | F11: ='FS Jimbaran May 2021'!O21/'FS Jimbaran May 2021'!P21 -> 1127.6422 | G11: ='FS Jimbaran May 2021'!AG21 -> 62 | H11: ='FS Jimbaran May 2021'!AH21/'FS Jimbaran May 2021'!AG21 -> 0 | I11: ='FS Jimbaran May 2021'!AJ21 -> 225 | J11: ='FS Jimbaran May 2021'!AK21/'FS Jimbaran May 2021'!AJ21 -> 8900 | K11: ='FS Jimbaran May 2021'!V21 -> 1323.341 | L11: ='FS Jimbaran May 2021'!AA21/'FS Jimbaran May 2021'!V21 -> 8362.1298 | M11: =+'RNs & Covers May 2021'!B15 -> 16 | N11: =+'RNs & Covers May 2021'!C15 -> 78
A12: Bali Jimbaran | B12: =B11+1 -> 11 | C12: 5 | D12: 2021 | E12: ='FS Jimbaran May 2021'!P22 -> 15460 | F12: ='FS Jimbaran May 2021'!O22/'FS Jimbaran May 2021'!P22 -> 1122.8766 | G12: ='FS Jimbaran May 2021'!AG22 -> 112 | H12: ='FS Jimbaran May 2021'!AH22/'FS Jimbaran May 2021'!AG22 -> 0 | I12: ='FS Jimbaran May 2021'!AJ22 -> 109 | J12: ='FS Jimbaran May 2021'!AK22/'FS Jimbaran May 2021'!AJ22 -> 8900 | K12: ='FS Jimbaran May 2021'!V22 -> 1062.749 | L12: ='FS Jimbaran May 2021'!AA22/'FS Jimbaran May 2021'!V22 -> 7762.4297 | M12: =+'RNs & Covers May 2021'!B16 -> 14 | N12: =+'RNs & Covers May 2021'!C16 -> 100
A13: Bali Jimbaran | B13: =B12+1 -> 12 | C13: 5 | D13: 2021 | E13: ='FS Jimbaran May 2021'!P23 -> 15120 | F13: ='FS Jimbaran May 2021'!O23/'FS Jimbaran May 2021'!P23 -> 1125.5202 | G13: ='FS Jimbaran May 2021'!AG23 -> 112 | H13: ='FS Jimbaran May 2021'!AH23/'FS Jimbaran May 2021'!AG23 -> 46084.821 | I13: ='FS Jimbaran May 2021'!AJ23 -> 327.95 | J13: ='FS Jimbaran May 2021'!AK23/'FS Jimbaran May 2021'!AJ23 -> 8900 | K13: ='FS Jimbaran May 2021'!V23 -> 1209.866 | L13: ='FS Jimbaran May 2021'!AA23/'FS Jimbaran May 2021'!V23 -> 8475.656 | M13: =+'RNs & Covers May 2021'!B17 -> 13 | N13: =+'RNs & Covers May 2021'!C17 -> 103
A14: Bali Jimbaran | B14: =B13+1 -> 13 | C14: 5 | D14: 2021 | E14: ='FS Jimbaran May 2021'!P24 -> 15060 | F14: ='FS Jimbaran May 2021'!O24/'FS Jimbaran May 2021'!P24 -> 1128.6288 | G14: ='FS Jimbaran May 2021'!AG24 -> 62 | H14: ='FS Jimbaran May 2021'!AH24/'FS Jimbaran May 2021'!AG24 -> 2217.7419 | I14: ='FS Jimbaran May 2021'!AJ24 -> 139.78 | J14: ='FS Jimbaran May 2021'!AK24/'FS Jimbaran May 2021'!AJ24 -> 8900 | K14: ='FS Jimbaran May 2021'!V24 -> 1170.795 | L14: ='FS Jimbaran May 2021'!AA24/'FS Jimbaran May 2021'!V24 -> 9315.8797 | M14: =+'RNs & Covers May 2021'!B18 -> 19 | N14: =+'RNs & Covers May 2021'!C18 -> 129
... A32: Bali Jimbaran | B32: =B31+1 -> 31 | C32: 5 | D32: 2021 | E32: ='FS Jimbaran May 2021'!P42 -> 15040 | F32: ='FS Jimbaran May 2021'!O42/'FS Jimbaran May 2021'!P42 -> 1125.9975 | G32: ='FS Jimbaran May 2021'!AG42 -> 12 | H32: ='FS Jimbaran May 2021'!AH42/'FS Jimbaran May 2021'!AG42 -> 11458.333 | I32: ='FS Jimbaran May 2021'!AJ42 -> 317.34 | J32: ='FS Jimbaran May 2021'!AK42/'FS Jimbaran May 2021'!AJ42 -> 8900 | K32: ='FS Jimbaran May 2021'!V42 -> 1161.45 | L32: ='FS Jimbaran May 2021'!AA42/'FS Jimbaran May 2021'!V42 -> 8914.944 | M32: =+'RNs & Covers May 2021'!B36 -> 12 | N32: =+'RNs & Covers May 2021'!C36 -> 97

Sheet FS Jimbaran May 2021
B6: Four Seasons Resort Bali at Jimbaran Bay
B7: MAY 2021
B8: Date | C8: Room Nights | D8: Food Covers | E8: ELECTRICITY Resort, Sundara & Residences | V8: WATER | AC8: GAS
E9: Electricity Resort | J9: Electricity - Sundara | O9: Sub Total (Resort & Sundara) Cost (IDR) | P9: Sub Total (Resort & Sundara), KWh | Q9: Residences- Electricity KWh | R9: Residences- Electricity cost (IDR) | S9: TOTAL Electricity consumption (KWh) | T9: TOTAL Electricity cost | W9: Water (m3) | AA9: Total Water Cost | AC9: LPG | AJ9: Diesel
E10: BASED LOAD KWh (from 10 pm - 6 pm) | F10: Cost (IDR) | G10: PEAK LOAD KWh (from 6 pm - 10 pm) | H10: Cost (IDR) | I10: Resort Cost (IDR) | J10: BASED LOAD KWh (from 10 pm - 6 pm) | K10: Cost (IDR) | L10: PEAK LOAD KWh (from 6 pm - 10 pm) | M10: Cost (IDR) | N10: Sundara Cost (IDR) | T10: IDR | U10: USD | V10: Water consumption (m3) | W10: Municipal Water (m3) | X10: Municipal Water cost (IDR) | Y10: Deepwell Consumption (m3) | Z10: Deepwell water Cost (IDR) | AA10: IDR | AB10: USD | AC10: LPG Bulk (m3) | AD10: 50 Kg (tube) IVD & TW | AE10: Sundara 50 kg (tube) | AF10: 12 Kg (tube) | AG10: Total kg | AH10: IDR | AI10: USD | AJ10: Used (liters) | AK10: IDR | AL10: USD
B12: 1 | C12: 9 | D12: 72 | E12: 10360 | F12: 10730681 | G12: 2280 | H12: 3542367.6 | I12: =F12+H12 -> 14273048 | J12: 1360 | K12: 1408660.8 | L12: 400 | M12: 621468 | N12: =+K12+M12 -> 2030128.8 | O12: =N12+I12 -> 16303177 | P12: =L12+J12+G12+E12 -> 14400 | U12: 0 | V12: =Y12+W12 -> 1033.29 | W12: 404.95 | X12: 7277154 | Y12: 628.34 | Z12: 2667416.4 | AA12: =Z12+X12 -> 9944570.4 | AB12: =AA12/$AL$48 -> 766.3765 | AC12: 0 | AD12: 0 | AE12: 0 | AF12: 24 | AG12: 62 | AH12: 275000 | AI12: =AH12/$AL$48 -> 21.192825 | AJ12: 134.84 | AK12: 1200076 | AL12: =AK12/$AL$48 -> 92.483637
B13: 2 | C13: 5 | D13: 109 | E13: 11200 | F13: 11600736 | G13: 2320 | H13: 3604514.4 | I13: =F13+H13 -> 15205250 | J13: 1420 | K13: 1470807.6 | L13: 360 | M13: 559321.2 | N13: =+K13+M13 -> 2030128.8 | O13: =N13+I13 -> 17235379 | P13: =L13+J13+G13+E13 -> 15300 | U13: 0 | V13: =Y13+W13 -> 1027.06 | W13: 391.6 | X13: 7037247.8 | Y13: 635.46 | Z13: 2697642.1 | AA13: =Z13+X13 -> 9734889.9 | AB13: =AA13/$AL$48 -> 750.21751 | AC13: 0 | AD13: 0 | AE13: 400 | AF13: 0 | AG13: 112 | AH13: 5024000 | AI13: =AH13/$AL$48 -> 387.17364 | AJ13: 87.95 | AK13: 782755 | AL13: =AK13/$AL$48 -> 60.322871
B14: 3 | C14: 3 | D14: 62 | E14: 10880 | F14: 11269286 | G14: 2160 | H14: 3355927.2 | I14: =F14+H14 -> 14625214 | J14: 1520 | K14: 1574385.6 | L14: 500 | M14: 776835 | N14: =+K14+M14 -> 2351220.6 | O14: =N14+I14 -> 16976434 | P14: =L14+J14+G14+E14 -> 15060 | U14: 0 | V14: =Y14+W14 -> 1004.81 | W14: 361.34 | X14: 6493460.5 | Y14: 643.47 | Z14: 2731646 | AA14: =Z14+X14 -> 9225106.4 | AB14: =AA14/$AL$48 -> 710.93114 | AC14: 0 | AD14: 0 | AE14: 0 | AF14: 24 | AG14: 112 | AH14: 275000 | AI14: =AH14/$AL$48 -> 21.192825 | AJ14: 202 | AK14: 1797800 | AL14: =AK14/$AL$48 -> 138.54713
B15: 4 | C15: 1 | D15: 62 | E15: 10680 | F15: 11062130 | G15: 2160 | H15: 3355927.2 | I15: =F15+H15 -> 14418058 | J15: 1720 | K15: 1781541.6 | L15: 380 | M15: 590394.6 | N15: =+K15+M15 -> 2371936.2 | O15: =N15+I15 -> 16789994 | P15: =L15+J15+G15+E15 -> 14940 | U15: 0 | V15: =Y15+W15 -> 1049.31 | W15: 405.84 | X15: 7293147.7 | Y15: 643.47 | Z15: 2731646 | AA15: =Z15+X15 -> 10024794 | AB15: =AA15/$AL$48 -> 772.55889 | AC15: 0 | AD15: 0 | AE15: 0 | AF15: 0 | AG15: 62 | AH15: 0 | AI15: =AH15/$AL$48 -> 0 | AJ15: 187.5 | AK15: 1668750 | AL15: =AK15/$AL$48 -> 128.60191
B16: 5 | C16: 3 | D16: 59 | E16: 10960 | F16: 11352149 | G16: 2240 | H16: 3480220.8 | I16: =F16+H16 -> 14832370 | J16: 1460 | K16: 1512238.8 | L16: 360 | M16: 559321.2 | N16: =+K16+M16 -> 2071560 | O16: =N16+I16 -> 16903930 | P16: =L16+J16+G16+E16 -> 15020 | U16: 0 | V16: =Y16+W16 -> 1006.59 | W16: 358.67 | X16: 6445479.2 | Y16: 647.92 | Z16: 2750537 | AA16: =Z16+X16 -> 9196016.3 | AB16: =AA16/$AL$48 -> 708.68931 | AC16: 0 | AD16: 0 | AE16: 0 | AF16: 48 | AG16: 112 | AH16: 550000 | AI16: =AH16/$AL$48 -> 42.385649 | AJ16: 257.9 | AK16: 2295310 | AL16: =AK16/$AL$48 -> 176.88764
B17: 6 | C17: 2 | D17: 68 | E17: 11480 | F17: 11890754 | G17: 2400 | H17: 3728808 | I17: =F17+H17 -> 15619562 | J17: 1460 | K17: 1512238.8 | L17: 360 | M17: 559321.2 | N17: =+K17+M17 -> 2071560 | O17: =N17+I17 -> 17691122 | P17: =L17+J17+G17+E17 -> 15700 | U17: 0 | V17: =Y17+W17 -> 1025.28 | W17: 361.34 | X17: 6493460.5 | Y17: 663.94 | Z17: 2818544.8 | AA17: =Z17+X17 -> 9312005.3 | AB17: =AA17/$AL$48 -> 717.62798 | AC17: 0 | AD17: 0 | AE17: 0 | AF17: 0 | AG17: 62 | AH17: 0 | AI17: =AH17/$AL$48 -> 0 | AJ17: 89.88 | AK17: 799932 | AL17: =AK17/$AL$48 -> 61.646613
B18: 7 | C18: 5 | D18: 64 | E18: 10680 | F18: 11062130 | G18: 2200 | H18: 3418074 | I18: =F18+H18 -> 14480204 | J18: 1340 | K18: 1387945.2 | L18: 360 | M18: 559321.2 | N18: =+K18+M18 -> 1947266.4 | O18: =N18+I18 -> 16427471 | P18: =L18+J18+G18+E18 -> 14580 | U18: 0 | V18: =Y18+W18 -> 1191.977 | W18: 394.27 | X18: 7085229 | Y18: 797.707 | Z18: 3386409.8 | AA18: =Z18+X18 -> 10471639 | AB18: =AA18/$AL$48 -> 806.99493 | AC18: 0 | AD18: 0 | AE18: 0 | AF18: 0 | AG18: 112 | AH18: 0 | AI18: =AH18/$AL$48 -> 0 | AJ18: 178.13 | AK18: 1585357 | AL18: =AK18/$AL$48 -> 122.17525
B19: 8 | C19: 7 | D19: 130 | E19: 10360 | F19: 10730681 | G19: 1880 | H19: 2920899.6 | I19: =F19+H19 -> 13651580 | J19: 1420 | K19: 1470807.6 | L19: 400 | M19: 621468 | N19: =+K19+M19 -> 2092275.6 | O19: =N19+I19 -> 15743856 | P19: =L19+J19+G19+E19 -> 14060 | U19: 0 | V19: =Y19+W19 -> 1245.644 | W19: 385.37 | X19: 6925291.6 | Y19: 860.274 | Z19: 3652018 | AA19: =Z19+X19 -> 10577310 | AB19: =AA19/$AL$48 -> 815.13842 | AC19: 0 | AD19: 0 | AE19: 400 | AF19: 12 | AG19: 112 | AH19: 5161500 | AI19: =AH19/$AL$48 -> 397.77005 | AJ19: 118.85 | AK19: 1057765 | AL19: =AK19/$AL$48 -> 81.516466
B20: 9 | C20: 13 | D20: 137 | E20: 10840 | F20: 11227855 | G20: 2640 | H20: 4101688.8 | I20: =F20+H20 -> 15329544 | J20: 1420 | K20: 1470807.6 | L20: 360 | M20: 559321.2 | N20: =+K20+M20 -> 2030128.8 | O20: =N20+I20 -> 17359673 | P20: =L20+J20+G20+E20 -> 15260 | U20: 0 | V20: =Y20+W20 -> 1235.587 | W20: 355.11 | X20: 6381504.3 | Y20: 880.477 | Z20: 3737783.4 | AA20: =Z20+X20 -> 10119288 | AB20: =AA20/$AL$48 -> 779.84105 | AC20: 0 | AD20: 0 | AE20: 0 | AF20: 12 | AG20: 50 | AH20: 137500 | AI20: =AH20/$AL$48 -> 10.596412 | AJ20: 121 | AK20: 1076900 | AL20: =AK20/$AL$48 -> 82.991101
B21: 10 | C21: 16 | D21: 78 | E21: 11400 | F21: 11807892 | G21: 2400 | H21: 3728808 | I21: =F21+H21 -> 15536700 | J21: 1400 | K21: 1450092 | L21: 360 | M21: 559321.2 | N21: =+K21+M21 -> 2009413.2 | O21: =N21+I21 -> 17546113 | P21: =L21+J21+G21+E21 -> 15560 | U21: 0 | V21: =Y21+W21 -> 1323.341 | W21: 396.94 | X21: 7133210.3 | Y21: 926.401 | Z21: 3932739 | AA21: =Z21+X21 -> 11065949 | AB21: =AA21/$AL$48 -> 852.79535 | AC21: 0 | AD21: 0 | AE21: 0 | AF21: 0 | AG21: 62 | AH21: 0 | AI21: =AH21/$AL$48 -> 0 | AJ21: 225 | AK21: 2002500 | AL21: =AK21/$AL$48 -> 154.3223
B22: 11 | C22: 14 | D22: 100 | E22: 11480 | F22: 11890754 | G22: 2240 | H22: 3480220.8 | I22: =F22+H22 -> 15370975 | J22: 1380 | K22: 1429376.4 | L22: 360 | M22: 559321.2 | N22: =+K22+M22 -> 1988697.6 | O22: =N22+I22 -> 17359673 | P22: =L22+J22+G22+E22 -> 15460 | U22: 0 | V22: =Y22+W22 -> 1062.749 | W22: 272.34 | X22: 4894086 | Y22: 790.409 | Z22: 3355428.5 | AA22: =Z22+X22 -> 8249514.4 | AB22: =AA22/$AL$48 -> 635.74732 | AC22: 0 | AD22: 0 | AE22: 0 | AF22: 0 | AG22: 112 | AH22: 0 | AI22: =AH22/$AL$48 -> 0 | AJ22: 109 | AK22: 970100 | AL22: =AK22/$AL$48 -> 74.760579
B23: 12 | C23: 13 | D23: 103 | E23: 11120 | F23: 11517874 | G23: 2280 | H23: 3542367.6 | I23: =F23+H23 -> 15060241 | J23: 1380 | K23: 1429376.4 | L23: 340 | M23: 528247.8 | N23: =+K23+M23 -> 1957624.2 | O23: =N23+I23 -> 17017865 | P23: =L23+J23+G23+E23 -> 15120 | U23: 0 | V23: =Y23+W23 -> 1209.866 | W23: 372.91 | X23: 6701379.2 | Y23: 836.956 | Z23: 3553028.9 | AA23: =Z23+X23 -> 10254408 | AB23: =AA23/$AL$48 -> 790.25408 | AC23: 0 | AD23: 0 | AE23: 400 | AF23: 12 | AG23: 112 | AH23: 5161500 | AI23: =AH23/$AL$48 -> 397.77005 | AJ23: 327.95 | AK23: 2918755 | AL23: =AK23/$AL$48 -> 224.93332
... B31: 20 | C31: 5 | D31: 85 | E31: 10320 | F31: 10689250 | G31: 2160 | H31: 3355927.2 | I31: =F31+H31 -> 14045177 | J31: 1560 | K31: 1615816.8 | L31: 360 | M31: 559321.2 | N31: =+K31+M31 -> 2175138 | O31: =N31+I31 -> 16220315 | P31: =L31+J31+G31+E31 -> 14400 | U31: 0 | V31: =Y31+W31 -> 988.79 | W31: 300.82 | X31: 5405885.8 | Y31: 687.97 | Z31: 2920556.5 | AA31: =Z31+X31 -> 8326442.3 | AB31: =AA31/$AL$48 -> 641.67575 | AC31: 0 | AD31: 0 | AE31: 0 | AF31: 0 | AG31: 62 | AH31: 0 | AI31: =AH31/$AL$48 -> 0 | AJ31: 108.13 | AK31: 962357 | AL31: =AK31/$AL$48 -> 74.163866
B32: 21 | C32: 10 | D32: 89 | E32: 10640 | F32: 11020699 | G32: 2160 | H32: 3355927.2 | I32: =F32+H32 -> 14376626 | J32: 1500 | K32: 1553670 | L32: 380 | M32: 590394.6 | N32: =+K32+M32 -> 2144064.6 | O32: =N32+I32 -> 16520691 | P32: =L32+J32+G32+E32 -> 14680 | U32: 0 | V32: =Y32+W32 -> 838.38 | W32: 51.62 | X32: 927637.21 | Y32: 786.76 | Z32: 3339937.8 | AA32: =Z32+X32 -> 4267575 | AB32: =AA32/$AL$48 -> 328.87989 | AC32: 0 | AD32: 0 | AE32: 0 | AF32: 12 | AG32: =+AE32+AF32 -> 12 | AH32: 137500 | AI32: =AH32/$AL$48 -> 10.596412 | AJ32: 229.65 | AK32: 2043885 | AL32: =AK32/$AL$48 -> 157.51162
B33: 22 | C33: 9 | D33: 150 | E33: 10760 | F33: 11144993 | G33: 2200 | H33: 3418074 | I33: =F33+H33 -> 14563067 | J33: 1500 | K33: 1553670 | L33: 440 | M33: 683614.8 | N33: =+K33+M33 -> 2237284.8 | O33: =N33+I33 -> 16800352 | P33: =L33+J33+G33+E33 -> 14900 | U33: 0 | V33: =Y33+W33 -> 1241.55 | W33: 398.72 | X33: 7165197.8 | Y33: 842.83 | Z33: 3577965.1 | AA33: =Z33+X33 -> 10743163 | AB33: =AA33/$AL$48 -> 827.91988 | AC33: 0 | AD33: 0 | AE33: 0 | AF33: 0 | AG33: =+AE33+AF33 -> 0 | AH33: 0 | AI33: =AH33/$AL$48 -> 0 | AJ33: 118.4 | AK33: 1053760 | AL33: =AK33/$AL$48 -> 81.207821
B34: 23 | C34: 6 | D34: 150 | E34: 10320 | F34: 10689250 | G34: 2280 | H34: 3542367.6 | I34: =F34+H34 -> 14231617 | J34: 1520 | K34: 1574385.6 | L34: 400 | M34: 621468 | N34: =+K34+M34 -> 2195853.6 | O34: =N34+I34 -> 16427471 | P34: =L34+J34+G34+E34 -> 14520 | U34: 0 | V34: =Y34+W34 -> 1253.12 | W34: 414.74 | X34: 7453085.2 | Y34: 838.38 | Z34: 3559074 | AA34: =Z34+X34 -> 11012159 | AB34: =AA34/$AL$48 -> 848.65003 | AC34: 0 | AD34: 0 | AE34: 450 | AF34: 12 | AG34: =+AE34+AF34 -> 462 | AH34: 5789500 | AI34: =AH34/$AL$48 -> 446.16676 | AJ34: 120.57 | AK34: 1073073 | AL34: =AK34/$AL$48 -> 82.696174
B35: 24 | C35: 3 | D35: 56 | E35: 10720 | F35: 11103562 | G35: 1960 | H35: 3045193.2 | I35: =F35+H35 -> 14148755 | J35: 1600 | K35: 1657248 | L35: 380 | M35: 590394.6 | N35: =+K35+M35 -> 2247642.6 | O35: =N35+I35 -> 16396397 | P35: =L35+J35+G35+E35 -> 14660 | U35: 0 | V35: =Y35+W35 -> 1246.89 | W35: 412.07 | X35: 7405103.9 | Y35: 834.82 | Z35: 3543961.2 | AA35: =Z35+X35 -> 10949065 | AB35: =AA35/$AL$48 -> 843.7877 | AC35: 0 | AD35: 0 | AE35: 0 | AF35: 0 | AG35: =+AE35+AF35 -> 0 | AH35: 0 | AI35: =AH35/$AL$48 -> 0 | AJ35: 256.59 | AK35: 2283651 | AL35: =AK35/$AL$48 -> 175.98915
B36: 25 | C36: 7 | D36: 64 | E36: 10640 | F36: 11020699 | G36: 2320 | H36: 3604514.4 | I36: =F36+H36 -> 14625214 | J36: 1340 | K36: 1387945.2 | L36: 380 | M36: 590394.6 | N36: =+K36+M36 -> 1978339.8 | O36: =N36+I36 -> 16603553 | P36: =L36+J36+G36+E36 -> 14680 | U36: 0 | V36: =Y36+W36 -> 1036.85 | W36: 404.95 | X36: 7277154 | Y36: 631.9 | Z36: 2682529.2 | AA36: =Z36+X36 -> 9959683.2 | AB36: =AA36/$AL$48 -> 767.54116 | AC36: 0 | AD36: 0 | AE36: 0 | AF36: 84 | AG36: =+AE36+AF36 -> 84 | AH36: 962500 | AI36: =AH36/$AL$48 -> 74.174886 | AJ36: 112.51 | AK36: 1001339 | AL36: =AK36/$AL$48 -> 77.168007
B37: 26 | C37: 8 | D37: 117 | E37: 10760 | F37: 11144993 | G37: 2120 | H37: 3293780.4 | I37: =F37+H37 -> 14438773 | J37: 1400 | K37: 1450092 | L37: 380 | M37: 590394.6 | N37: =+K37+M37 -> 2040486.6 | O37: =N37+I37 -> 16479260 | P37: =L37+J37+G37+E37 -> 14660 | U37: 0 | V37: =Y37+W37 -> 1046.64 | W37: 411.18 | X37: 7389110.2 | Y37: 635.46 | Z37: 2697642.1 | AA37: =Z37+X37 -> 10086752 | AB37: =AA37/$AL$48 -> 777.33372 | AC37: 0 | AD37: 0 | AE37: 0 | AF37: 0 | AG37: =+AE37+AF37 -> 0 | AH37: 0 | AI37: =AH37/$AL$48 -> 0 | AJ37: 300.3 | AK37: 2672670 | AL37: =AK37/$AL$48 -> 205.96882
B38: 27 | C38: 7 | D38: 117 | E38: 10600 | F38: 10979268 | G38: 2240 | H38: 3480220.8 | I38: =F38+H38 -> 14459489 | J38: 1520 | K38: 1574385.6 | L38: 480 | M38: 745761.6 | N38: =+K38+M38 -> 2320147.2 | O38: =N38+I38 -> 16779636 | P38: =L38+J38+G38+E38 -> 14840 | U38: 0 | V38: =Y38+W38 -> 1112.5 | W38: 400.5 | X38: 7197185.2 | Y38: 712 | Z38: 3022568.2 | AA38: =Z38+X38 -> 10219753 | AB38: =AA38/$AL$48 -> 787.58343 | AC38: 0 | AD38: 0 | AE38: 50 | AF38: 0 | AG38: =+AE38+AF38 -> 50 | AH38: 628000 | AI38: =AH38/$AL$48 -> 48.396705 | AJ38: 291.94 | AK38: 2598266 | AL38: =AK38/$AL$48 -> 200.23489
B39: 28 | C39: 8 | D39: 118 | E39: 10880 | F39: 11269286 | G39: 2200 | H39: 3418074 | I39: =F39+H39 -> 14687360 | J39: 1800 | K39: 1864404 | L39: 380 | M39: 590394.6 | N39: =+K39+M39 -> 2454798.6 | O39: =N39+I39 -> 17142159 | P39: =L39+J39+G39+E39 -> 15260 | U39: 0 | V39: =Y39+W39 -> 1112.5 | W39: 396.94 | X39: 7133210.3 | Y39: 715.56 | Z39: 3037681 | AA39: =Z39+X39 -> 10170891 | AB39: =AA39/$AL$48 -> 783.81787 | AC39: 0 | AD39: 0 | AE39: 800 | AF39: 0 | AG39: =+AE39+AF39 -> 800 | AH39: 10048000 | AI39: =AH39/$AL$48 -> 774.34728 | AJ39: 274.94 | AK39: 2446966 | AL39: =AK39/$AL$48 -> 188.57499
B40: 29 | C40: 11 | D40: 137 | E40: 11120 | F40: 11517874 | G40: 2280 | H40: 3542367.6 | I40: =F40+H40 -> 15060241 | J40: 1520 | K40: 1574385.6 | L40: 420 | M40: 652541.4 | N40: =+K40+M40 -> 2226927 | O40: =N40+I40 -> 17287168 | P40: =L40+J40+G40+E40 -> 15340 | U40: 0 | V40: =Y40+W40 -> 1052.336 | W40: 362.23 | X40: 6509454.2 | Y40: 690.106 | Z40: 2929624.2 | AA40: =Z40+X40 -> 9439078.4 | AB40: =AA40/$AL$48 -> 727.42085 | AC40: 0 | AD40: 0 | AE40: 0 | AF40: 0 | AG40: =+AE40+AF40 -> 0 | AH40: 0 | AI40: =AH40/$AL$48 -> 0 | AJ40: 332.41 | AK40: 2958449 | AL40: =AK40/$AL$48 -> 227.99233
B41: 30 | C41: 10 | D41: 163 | E41: 10440 | F41: 10813543 | G41: 2160 | H41: 3355927.2 | I41: =F41+H41 -> 14169470 | J41: 1540 | K41: 1595101.2 | L41: 380 | M41: 590394.6 | N41: =+K41+M41 -> 2185495.8 | O41: =N41+I41 -> 16354966 | P41: =L41+J41+G41+E41 -> 14520 | U41: 0 | V41: =Y41+W41 -> 967.964 | W41: 364.01 | X41: 6541441.7 | Y41: 603.954 | Z41: 2563893.4 | AA41: =Z41+X41 -> 9105335.1 | AB41: =AA41/$AL$48 -> 701.70099 | AC41: 0 | AD41: 0 | AE41: 0 | AF41: 12 | AG41: =+AE41+AF41 -> 12 | AH41: 137500 | AI41: =AH41/$AL$48 -> 10.596412 | AJ41: 155.34 | AK41: 1382526 | AL41: =AK41/$AL$48 -> 106.54411
B42: 31 | C42: 12 | D42: 97 | E42: 10960 | F42: 11352149 | G42: 2240 | H42: 3480220.8 | I42: =F42+H42 -> 14832370 | J42: 1460 | K42: 1512238.8 | L42: 380 | M42: 590394.6 | N42: =+K42+M42 -> 2102633.4 | O42: =N42+I42 -> 16935003 | P42: =L42+J42+G42+E42 -> 15040 | U42: 0 | V42: =Y42+W42 -> 1161.45 | W42: 395.16 | X42: 7101222.8 | Y42: 766.29 | Z42: 3253039 | AA42: =Z42+X42 -> 10354262 | AB42: =AA42/$AL$48 -> 797.94929 | AC42: 0 | AD42: 0 | AE42: 0 | AF42: 12 | AG42: =+AE42+AF42 -> 12 | AH42: 137500 | AI42: =AH42/$AL$48 -> 10.596412 | AJ42: 317.34 | AK42: 2824326 | AL42: =AK42/$AL$48 -> 217.65617
C47: =SUM(C12:C43) -> 282 | D47: =SUM(D12:D43) -> 3265 | E47: =SUM(E12:E43) -> 337200 | F47: =SUM(F12:F43) -> 349265016 | G47: =SUM(G12:G43) -> 69640 | H47: =SUM(H12:H43) -> 1.0819758e+08 | I47: =SUM(I12:I43) -> 4.5746259e+08 | J47: =SUM(J12:J43) -> 45460 | ... P47: =SUM(P12:P43) -> 464240 | Q47: =+#REF! -> #REF! | R47: =+#REF! -> #REF! | S47: =Q47+P47 -> #REF! | T47: =R47+O47 -> #REF! | U47: =T47/AL48 -> #REF! | V47: =SUM(V12:V42) -> 34584.51 | W47: =SUM(W12:W42) -> 11427.6 | X47: =SUM(X12:X42) -> 2.0535969e+08 | Y47: =SUM(Y12:Y42) -> 23156.91 | Z47: =SUM(Z12:Z42) -> 98305251 | AA47: =SUM(AA12:AA42) -> 3.0366494e+08 | AB47: =AA47/$AL$48 -> 23401.883 | AC47: =SUM(AC12:AC41) -> 0 | AD47: =SUM(AD12:AD41) -> 0 | AE47: =SUM(AE12:AE42) -> 2900 | AF47: =SUM(AF12:AF42) -> 348 | AG47: =SUM(AG12:AG42) -> 3248 | AH47: =SUM(AH12:AH43) -> 40411500 | AI47: =AH47/$AL$48 -> 3114.3048 | AJ47: =SUM(AJ12:AJ43) -> 6029.84 | AK47: =SUM(AK12:AK43) -> 53665576 | AL47: =AK47/AL48 -> 4135.7278
T48: kWh rate | U48: =U47/S47 -> #REF! | V48: m3/RNs | AL48: 12976.09
P49: =O47/P47 -> 1126.7878 | AA49: =AA47/V47 -> 8780.3741 | AH49: =AH47/AG47 -> 12441.964 | AK49: =AK47/AJ47 -> 8900
W50: =W47/V47 -> 0.33042538
G51: =G47+E47 -> 406840 | L51: =L47+J47 -> 57400
I53: =G51 -> 406840 | J53: =I47 -> 4.5746259e+08 | K53: =J53/J56 -> #REF!
I54: =L51 -> 57400 | J54: =N47 -> 65637379 | K54: =J54/J56 -> #REF!
I55: =Q47 -> #REF! | J55: =R47 -> #REF! | K55: =J55/J56 -> #REF!
I56: =SUM(I53:I55) -> #REF! | J56: =SUM(J53:J55) -> #REF!

Sheet RNs & Covers May 2021
A1: Four Seasons Resort Bali at Jimbaran Bay
A2: 44317
A3: Date | B3: Room Nights | C3: Food Covers
A6: 1 | B6: 9 | C6: 72
A7: 2 | B7: 5 | C7: 109
A8: =A7+1 -> 3 | B8: 3 | C8: 62
A9: =A8+1 -> 4 | B9: 1 | C9: 62
A10: =A9+1 -> 5 | B10: 3 | C10: 59
A11: =A10+1 -> 6 | B11: 2 | C11: 68
A12: =A11+1 -> 7 | B12: 5 | C12: 64
A13: =A12+1 -> 8 | B13: 7 | C13: 130
A14: =A13+1 -> 9 | B14: 13 | C14: 137
A15: =A14+1 -> 10 | B15: 16 | C15: 78
A16: =A15+1 -> 11 | B16: 14 | C16: 100
A17: =A16+1 -> 12 | B17: 13 | C17: 103
A18: =A17+1 -> 13 | B18: 19 | C18: 129
A19: =A18+1 -> 14 | B19: 19 | C19: 139
... A36: =A35+1 -> 31 | B36: 12 | C36: 97
B38: =SUM(B6:B36) -> 282 | C38: =SUM(C6:C36) -> 3265
