Workbook

Sheet TOTAL
A1: Site Name | B1: Day | C1: Month | D1: Year | E1: Total Electricity Kwh | F1: Electricity Tariff ($/Kwh) | G1: LPG (Kg) | H1: LPG $/Kg | I1: Total Fuel Oil (Liter) | J1: Fuel Oil $/Liter | K1: Water Utility Supply (m3) m3 | L1: Water Utility Supply (m3) $/m3 | M1: Room Nights | N1: Food Covers
A2: Bali Jimbaran | B2: 1 | C2: 11 | D2: 2021 | E2: ='FS Jimbaran November 2021'!P12 -> 13940 | F2: ='FS Jimbaran November 2021'!O12/'FS Jimbaran November 2021'!P12 -> 1127.1724 | G2: ='FS Jimbaran November 2021'!AG12 -> 250 | H2: ='FS Jimbaran November 2021'!AH12/'FS Jimbaran November 2021'!AG12 -> 17200 | I2: ='FS Jimbaran November 2021'!AJ12 -> 381.63 | J2: ='FS Jimbaran November 2021'!AK12/'FS Jimbaran November 2021'!AJ12 -> 12000 | K2: ='FS Jimbaran November 2021'!V12 -> 782.31 | L2: ='FS Jimbaran November 2021'!AA12/'FS Jimbaran November 2021'!V12 -> 7555.4961 | M2: =+'RNs & Covers November 2021'!B6 -> 6 | N2: =+'RNs & Covers November 2021'!C6 -> 79
A3: Bali Jimbaran | B3: =B2+1 -> 2 | C3: 11 | D3: 2021 | E3: ='FS Jimbaran November 2021'!P13 -> 13860 | F3: ='FS Jimbaran November 2021'!O13/'FS Jimbaran November 2021'!P13 -> 1125.4579 | G3: ='FS Jimbaran November 2021'!AG13 -> 74 | H3: ='FS Jimbaran November 2021'!AH13/'FS Jimbaran November 2021'!AG13 -> 15337.838 | I3: ='FS Jimbaran November 2021'!AJ13 -> 289.72 | J3: ='FS Jimbaran November 2021'!AK13/'FS Jimbaran November 2021'!AJ13 -> 12000 | K3: ='FS Jimbaran November 2021'!V13 -> 625.67 | L3: ='FS Jimbaran November 2021'!AA13/'FS Jimbaran November 2021'!V13 -> 8384.2523 | M3: =+'RNs & Covers November 2021'!B7 -> 3 | N3: =+'RNs & Covers November 2021'!C7 -> 37
A4: Bali Jimbaran | B4: =B3+1 -> 3 | C4: 11 | D4: 2021 | E4: ='FS Jimbaran November 2021'!P14 -> 13640 | F4: ='FS Jimbaran November 2021'!O14/'FS Jimbaran November 2021'!P14 -> 1127.6637 | G4: ='FS Jimbaran November 2021'!AG14 -> 0 | H4: ='FS Jimbaran November 2021'!AH14/'FS Jimbaran November 2021'!AG14 -> #DIV/0! | I4: ='FS Jimbaran November 2021'!AJ14 -> 317.85 | J4: ='FS Jimbaran November 2021'!AK14/'FS Jimbaran November 2021'!AJ14 -> 12000 | K4: ='FS Jimbaran November 2021'!V14 -> 633.68 | L4: ='FS Jimbaran November 2021'!AA14/'FS Jimbaran November 2021'!V14 -> 8486.1497 | M4: =+'RNs & Covers November 2021'!B8 -> 0 | N4: =+'RNs & Covers November 2021'!C8 -> 45
A5: Bali Jimbaran | B5: =B4+1 -> 4 | C5: 11 | D5: 2021 | E5: ='FS Jimbaran November 2021'!P15 -> 13880 | F5: ='FS Jimbaran November 2021'!O15/'FS Jimbaran November 2021'!P15 -> 1123.09 | G5: ='FS Jimbaran November 2021'!AG15 -> 0 | H5: ='FS Jimbaran November 2021'!AH15/'FS Jimbaran November 2021'!AG15 -> #DIV/0! | I5: ='FS Jimbaran November 2021'!AJ15 -> 26.4 | J5: ='FS Jimbaran November 2021'!AK15/'FS Jimbaran November 2021'!AJ15 -> 12000 | K5: ='FS Jimbaran November 2021'!V15 -> 751.16 | L5: ='FS Jimbaran November 2021'!AA15/'FS Jimbaran November 2021'!V15 -> 7692.7722 | M5: =+'RNs & Covers November 2021'!B9 -> 8 | N5: =+'RNs & Covers November 2021'!C9 -> 41
A6: Bali Jimbaran | B6: =B5+1 -> 5 | C6: 11 | D6: 2021 | E6: ='FS Jimbaran November 2021'!P16 -> 14400 | F6: ='FS Jimbaran November 2021'!O16/'FS Jimbaran November 2021'!P16 -> 1127.13 | G6: ='FS Jimbaran November 2021'!AG16 -> 12 | H6: ='FS Jimbaran November 2021'!AH16/'FS Jimbaran November 2021'!AG16 -> 11458.333 | I6: ='FS Jimbaran November 2021'!AJ16 -> 116.97 | J6: ='FS Jimbaran November 2021'!AK16/'FS Jimbaran November 2021'!AJ16 -> 12000 | K6: ='FS Jimbaran November 2021'!V16 -> 822.182 | L6: ='FS Jimbaran November 2021'!AA16/'FS Jimbaran November 2021'!V16 -> 7394.9612 | M6: =+'RNs & Covers November 2021'!B10 -> 9 | N6: =+'RNs & Covers November 2021'!C10 -> 79
A7: Bali Jimbaran | B7: =B6+1 -> 6 | C7: 11 | D7: 2021 | E7: ='FS Jimbaran November 2021'!P17 -> 15260 | F7: ='FS Jimbaran November 2021'!O17/'FS Jimbaran November 2021'!P17 -> 1124.0181 | G7: ='FS Jimbaran November 2021'!AG17 -> 0 | H7: ='FS Jimbaran November 2021'!AH17/'FS Jimbaran November 2021'!AG17 -> #DIV/0! | I7: ='FS Jimbaran November 2021'!AJ17 -> 298.63 | J7: ='FS Jimbaran November 2021'!AK17/'FS Jimbaran November 2021'!AJ17 -> 12000 | K7: ='FS Jimbaran November 2021'!V17 -> 867.127 | L7: ='FS Jimbaran November 2021'!AA17/'FS Jimbaran November 2021'!V17 -> 7259.8762 | M7: =+'RNs & Covers November 2021'!B11 -> 7 | N7: =+'RNs & Covers November 2021'!C11 -> 89
A8: Bali Jimbaran | B8: =B7+1 -> 7 | C8: 11 | D8: 2021 | E8: ='FS Jimbaran November 2021'!P18 -> 15020 | F8: ='FS Jimbaran November 2021'!O18/'FS Jimbaran November 2021'!P18 -> 1124.0489 | G8: ='FS Jimbaran November 2021'!AG18 -> 0 | H8: ='FS Jimbaran November 2021'!AH18/'FS Jimbaran November 2021'!AG18 -> #DIV/0! | I8: ='FS Jimbaran November 2021'!AJ18 -> 97.9 | J8: ='FS Jimbaran November 2021'!AK18/'FS Jimbaran November 2021'!AJ18 -> 12000 | K8: ='FS Jimbaran November 2021'!V18 -> 914.92 | L8: ='FS Jimbaran November 2021'!AA18/'FS Jimbaran November 2021'!V18 -> 7075.6935 | M8: =+'RNs & Covers November 2021'!B12 -> 3 | N8: =+'RNs & Covers November 2021'!C12 -> 115
A9: Bali Jimbaran | B9: =B8+1 -> 8 | C9: 11 | D9: 2021 | E9: ='FS Jimbaran November 2021'!P19 -> 14500 | F9: ='FS Jimbaran November 2021'!O19/'FS Jimbaran November 2021'!P19 -> 1125.0714 | G9: ='FS Jimbaran November 2021'!AG19 -> 0 | H9: ='FS Jimbaran November 2021'!AH19/'FS Jimbaran November 2021'!AG19 -> #DIV/0! | I9: ='FS Jimbaran November 2021'!AJ19 -> 313.05 | J9: ='FS Jimbaran November 2021'!AK19/'FS Jimbaran November 2021'!AJ19 -> 12000 | K9: ='FS Jimbaran November 2021'!V19 -> 866.237 | L9: ='FS Jimbaran November 2021'!AA19/'FS Jimbaran November 2021'!V19 -> 7262.9736 | M9: =+'RNs & Covers November 2021'!B13 -> 10 | N9: =+'RNs & Covers November 2021'!C13 -> 68
A10: Bali Jimbaran | B10: =B9+1 -> 9 | C10: 11 | D10: 2021 | E10: ='FS Jimbaran November 2021'!P20 -> 14160 | F10: ='FS Jimbaran November 2021'!O20/'FS Jimbaran November 2021'!P20 -> 1129.4098 | G10: ='FS Jimbaran November 2021'!AG20 -> 0 | H10: ='FS Jimbaran November 2021'!AH20/'FS Jimbaran November 2021'!AG20 -> #DIV/0! | I10: ='FS Jimbaran November 2021'!AJ20 -> 87.68 | J10: ='FS Jimbaran November 2021'!AK20/'FS Jimbaran November 2021'!AJ20 -> 12000 | K10: ='FS Jimbaran November 2021'!V20 -> 844.076 | L10: ='FS Jimbaran November 2021'!AA20/'FS Jimbaran November 2021'!V20 -> 7313.2608 | M10: =+'RNs & Covers November 2021'!B14 -> 11 | N10: =+'RNs & Covers November 2021'!C14 -> 98
A11: Bali Jimbaran | B11: =B10+1 -> 10 | C11: 11 | D11: 2021 | E11: ='FS Jimbaran November 2021'!P21 -> 14360 | F11: ='FS Jimbaran November 2021'!O21/'FS Jimbaran November 2021'!P21 -> 1124.4993 | G11: ='FS Jimbaran November 2021'!AG21 -> 0 | H11: ='FS Jimbaran November 2021'!AH21/'FS Jimbaran November 2021'!AG21 -> #DIV/0! | I11: ='FS Jimbaran November 2021'!AJ21 -> 192.25 | J11: ='FS Jimbaran November 2021'!AK21/'FS Jimbaran November 2021'!AJ21 -> 12000 | K11: ='FS Jimbaran November 2021'!V21 -> 813.816 | L11: ='FS Jimbaran November 2021'!AA21/'FS Jimbaran November 2021'!V21 -> 7442.351 | M11: =+'RNs & Covers November 2021'!B15 -> 3 | N11: =+'RNs & Covers November 2021'!C15 -> 81
A12: Bali Jimbaran | B12: =B11+1 -> 11 | C12: 11 | D12: 2021 | E12: ='FS Jimbaran November 2021'!P22 -> 14500 | F12: ='FS Jimbaran November 2021'!O22/'FS Jimbaran November 2021'!P22 -> 1135.7863 | G12: ='FS Jimbaran November 2021'!AG22 -> 0 | H12: ='FS Jimbaran November 2021'!AH22/'FS Jimbaran November 2021'!AG22 -> #DIV/0! | I12: ='FS Jimbaran November 2021'!AJ22 -> 559.51 | J12: ='FS Jimbaran November 2021'!AK22/'FS Jimbaran November 2021'!AJ22 -> 12000 | K12: ='FS Jimbaran November 2021'!V22 -> 759.17 | L12: ='FS Jimbaran November 2021'!AA22/'FS Jimbaran November 2021'!V22 -> 7688.578 | M12: =+'RNs & Covers November 2021'!B16 -> 7 | N12: =+'RNs & Covers November 2021'!C16 -> 68
A13: Bali Jimbaran | B13: =B12+1 -> 12 | C13: 11 | D13: 2021 | E13: ='FS Jimbaran November 2021'!P23 -> 14200 | F13: ='FS Jimbaran November 2021'!O23/'FS Jimbaran November 2021'!P23 -> 1126.2284 | G13: ='FS Jimbaran November 2021'!AG23 -> 0 | H13: ='FS Jimbaran November 2021'!AH23/'FS Jimbaran November 2021'!AG23 -> #DIV/0! | I13: ='FS Jimbaran November 2021'!AJ23 -> 379.2 | J13: ='FS Jimbaran November 2021'!AK23/'FS Jimbaran November 2021'!AJ23 -> 12000 | K13: ='FS Jimbaran November 2021'!V23 -> 803.225 | L13: ='FS Jimbaran November 2021'!AA23/'FS Jimbaran November 2021'!V23 -> 7514.9238 | M13: =+'RNs & Covers November 2021'!B17 -> 7 | N13: =+'RNs & Covers November 2021'!C17 -> 100
A14: Bali Jimbaran | B14: =B13+1 -> 13 | C14: 11 | D14: 2021 | E14: ='FS Jimbaran November 2021'!P24 -> 14400 | F14: ='FS Jimbaran November 2021'!O24/'FS Jimbaran November 2021'!P24 -> 1124.2529 | G14: ='FS Jimbaran November 2021'!AG24 -> 12 | H14: ='FS Jimbaran November 2021'!AH24/'FS Jimbaran November 2021'!AG24 -> 11458.333 | I14: ='FS Jimbaran November 2021'!AJ24 -> 164.16 | J14: ='FS Jimbaran November 2021'!AK24/'FS Jimbaran November 2021'!AJ24 -> 12000 | K14: ='FS Jimbaran November 2021'!V24 -> 881.456 | L14: ='FS Jimbaran November 2021'!AA24/'FS Jimbaran November 2021'!V24 -> 7169.294 | M14: =+'RNs & Covers November 2021'!B18 -> 7 | N14: =+'RNs & Covers November 2021'!C18 -> 92
... A31: Bali Jimbaran | B31: =B30+1 -> 30 | C31: 11 | D31: 2021 | E31: ='FS Jimbaran November 2021'!P41 -> 14880 | F31: ='FS Jimbaran November 2021'!O41/'FS Jimbaran November 2021'!P41 -> 1123.4872 | G31: ='FS Jimbaran November 2021'!AG41 -> 0 | H31: ='FS Jimbaran November 2021'!AH41/'FS Jimbaran November 2021'!AG41 -> #DIV/0! | I31: ='FS Jimbaran November 2021'!AJ41 -> 278.57 | J31: ='FS Jimbaran November 2021'!AK41/'FS Jimbaran November 2021'!AJ41 -> 12000 | K31: ='FS Jimbaran November 2021'!V41 -> 864.19 | L31: ='FS Jimbaran November 2021'!AA41/'FS Jimbaran November 2021'!V41 -> 7298.3923 | M31: =+'RNs & Covers November 2021'!B35 -> 7 | N31: =+'RNs & Covers November 2021'!C35 -> 56

Sheet FS Jimbaran November 2021
B6: Four Seasons Resort Bali at Jimbaran Bay
B7: NOVEMBER 2021
B8: Date | C8: Room Nights | D8: Food Covers | E8: ELECTRICITY Resort, Sundara & Residences | V8: WATER | AC8: GAS
E9: Electricity Resort | J9: Electricity - Sundara | O9: Sub Total (Resort & Sundara) Cost (IDR) | P9: Sub Total (Resort & Sundara), KWh | Q9: Residences- Electricity KWh | R9: Residences- Electricity cost (IDR) | S9: TOTAL Electricity consumption (KWh) | T9: TOTAL Electricity cost | W9: Water (m3) | AA9: Total Water Cost | AC9: LPG | AJ9: Diesel
E10: BASED LOAD KWh (from 10 pm - 6 pm) | F10: Cost (IDR) | G10: PEAK LOAD KWh (from 6 pm - 10 pm) | H10: Cost (IDR) | I10: Resort Cost (IDR) | J10: BASED LOAD KWh (from 10 pm - 6 pm) | K10: Cost (IDR) | L10: PEAK LOAD KWh (from 6 pm - 10 pm) | M10: Cost (IDR) | N10: Sundara Cost (IDR) | T10: IDR | U10: USD | V10: Water consumption (m3) | W10: Municipal Water (m3) | X10: Municipal Water cost (IDR) | Y10: Deepwell Consumption (m3) | Z10: Deepwell water Cost (IDR) | AA10: IDR | AB10: USD | AC10: LPG Bulk (m3) | AD10: 50 Kg (tube) IVD & TW | AE10: Sundara 50 kg (tube) | AF10: 12 Kg (tube) | AG10: Total kg | AH10: IDR | AI10: USD | AJ10: Used (liters) | AK10: IDR | AL10: USD
B12: 1 | C12: 6 | D12: 79 | E12: 10320 | F12: 10689250 | G12: 2160 | H12: 3355927.2 | I12: =F12+H12 -> 14045177 | J12: 1160 | K12: 1201504.8 | L12: 300 | M12: 466101 | N12: =+K12+M12 -> 1667605.8 | O12: =N12+I12 -> 15712783 | P12: =L12+J12+G12+E12 -> 13940 | U12: 0 | V12: =Y12+W12 -> 782.31 | W12: 188.68 | X12: 3390673.9 | Y12: 593.63 | Z12: 2520066.2 | AA12: =Z12+X12 -> 5910740.1 | AB12: =AA12/$AL$47 -> 455.51011 | AC12: 0 | AD12: 0 | AE12: 250 | AF12: 0 | AG12: =+AE12+AF12 -> 250 | AH12: 4300000 | AI12: =AH12/$AL$47 -> 331.37871 | AJ12: 381.63 | AK12: 4579560 | AL12: =AK12/$AL$47 -> 352.92295
B13: 2 | C13: 3 | D13: 37 | E13: 10320 | F13: 10689250 | G13: 2040 | H13: 3169486.8 | I13: =F13+H13 -> 13858736 | J13: 1140 | K13: 1180789.2 | L13: 360 | M13: 559321.2 | N13: =+K13+M13 -> 1740110.4 | O13: =N13+I13 -> 15598847 | P13: =L13+J13+G13+E13 -> 13860 | U13: 0 | V13: =Y13+W13 -> 625.67 | W13: 188.68 | X13: 3390673.9 | Y13: 436.99 | Z13: 1855101.2 | AA13: =Z13+X13 -> 5245775.1 | AB13: =AA13/$AL$47 -> 404.2647 | AC13: 0 | AD13: 0 | AE13: 50 | AF13: 24 | AG13: =+AE13+AF13 -> 74 | AH13: 1135000 | AI13: =AH13/$AL$47 -> 87.468567 | AJ13: 289.72 | AK13: 3476640 | AL13: =AK13/$AL$47 -> 267.92663
B14: 3 | C14: 0 | D14: 45 | E14: 10080 | F14: 10440662 | G14: 2120 | H14: 3293780.4 | I14: =F14+H14 -> 13734443 | J14: 1140 | K14: 1180789.2 | L14: 300 | M14: 466101 | N14: =+K14+M14 -> 1646890.2 | O14: =N14+I14 -> 15381333 | P14: =L14+J14+G14+E14 -> 13640 | U14: 0 | V14: =Y14+W14 -> 633.68 | W14: 195.8 | X14: 3518623.9 | Y14: 437.88 | Z14: 1858879.4 | AA14: =Z14+X14 -> 5377503.3 | AB14: =AA14/$AL$47 -> 414.41631 | AC14: 0 | AD14: 0 | AE14: 0 | AF14: 0 | AG14: =+AE14+AF14 -> 0 | AH14: 0 | AI14: =AH14/$AL$47 -> 0 | AJ14: 317.85 | AK14: 3814200 | AL14: =AK14/$AL$47 -> 293.94062
B15: 4 | C15: 8 | D15: 41 | E15: 10360 | F15: 10730681 | G15: 2040 | H15: 3169486.8 | I15: =F15+H15 -> 13900168 | J15: 1180 | K15: 1222220.4 | L15: 300 | M15: 466101 | N15: =+K15+M15 -> 1688321.4 | O15: =N15+I15 -> 15588489 | P15: =L15+J15+G15+E15 -> 13880 | U15: 0 | V15: =Y15+W15 -> 751.16 | W15: 188.68 | X15: 3390673.9 | Y15: 562.48 | Z15: 2387828.8 | AA15: =Z15+X15 -> 5778502.8 | AB15: =AA15/$AL$47 -> 445.31926 | AC15: 0 | AD15: 0 | AE15: 0 | AF15: 0 | AG15: =+AE15+AF15 -> 0 | AH15: 0 | AI15: =AH15/$AL$47 -> 0 | AJ15: 26.4 | AK15: 316800 | AL15: =AK15/$AL$47 -> 24.414134
B16: 5 | C16: 9 | D16: 79 | E16: 10680 | F16: 11062130 | G16: 2240 | H16: 3480220.8 | I16: =F16+H16 -> 14542351 | J16: 1180 | K16: 1222220.4 | L16: 300 | M16: 466101 | N16: =+K16+M16 -> 1688321.4 | O16: =N16+I16 -> 16230673 | P16: =L16+J16+G16+E16 -> 14400 | U16: 0 | V16: =Y16+W16 -> 822.182 | W16: 188.68 | X16: 3390673.9 | Y16: 633.502 | Z16: 2689330 | AA16: =Z16+X16 -> 6080004 | AB16: =AA16/$AL$47 -> 468.55439 | AC16: 0 | AD16: 0 | AE16: 0 | AF16: 12 | AG16: =+AE16+AF16 -> 12 | AH16: 137500 | AI16: =AH16/$AL$47 -> 10.596412 | AJ16: 116.97 | AK16: 1403640 | AL16: =AK16/$AL$47 -> 108.17126
B17: 6 | C17: 7 | D17: 89 | E17: 11440 | F17: 11849323 | G17: 2280 | H17: 3542367.6 | I17: =F17+H17 -> 15391691 | J17: 1220 | K17: 1263651.6 | L17: 320 | M17: 497174.4 | N17: =+K17+M17 -> 1760826 | O17: =N17+I17 -> 17152517 | P17: =L17+J17+G17+E17 -> 15260 | U17: 0 | V17: =Y17+W17 -> 867.127 | W17: 190.46 | X17: 3422661.4 | Y17: 676.667 | Z17: 2872573.2 | AA17: =Z17+X17 -> 6295234.6 | AB17: =AA17/$AL$47 -> 485.14111 | AC17: 0 | AD17: 0 | AE17: 0 | AF17: 0 | AG17: =+AE17+AF17 -> 0 | AH17: 0 | AI17: =AH17/$AL$47 -> 0 | AJ17: 298.63 | AK17: 3583560 | AL17: =AK17/$AL$47 -> 276.1664
B18: 7 | C18: 3 | D18: 115 | E18: 11280 | F18: 11683598 | G18: 2240 | H18: 3480220.8 | I18: =F18+H18 -> 15163819 | J18: 1180 | K18: 1222220.4 | L18: 320 | M18: 497174.4 | N18: =+K18+M18 -> 1719394.8 | O18: =N18+I18 -> 16883214 | P18: =L18+J18+G18+E18 -> 15020 | U18: 0 | V18: =Y18+W18 -> 914.92 | W18: 188.68 | X18: 3390673.9 | Y18: 726.24 | Z18: 3083019.5 | AA18: =Z18+X18 -> 6473693.5 | AB18: =AA18/$AL$47 -> 498.894 | AC18: 0 | AD18: 0 | AE18: 0 | AF18: 0 | AG18: =+AE18+AF18 -> 0 | AH18: 0 | AI18: =AH18/$AL$47 -> 0 | AJ18: 97.9 | AK18: 1174800 | AL18: =AK18/$AL$47 -> 90.535747
B19: 8 | C19: 10 | D19: 68 | E19: 10840 | F19: 11227855 | G19: 2200 | H19: 3418074 | I19: =F19+H19 -> 14645929 | J19: 1160 | K19: 1201504.8 | L19: 300 | M19: 466101 | N19: =+K19+M19 -> 1667605.8 | O19: =N19+I19 -> 16313535 | P19: =L19+J19+G19+E19 -> 14500 | U19: 0 | V19: =Y19+W19 -> 866.237 | W19: 190.46 | X19: 3422661.4 | Y19: 675.777 | Z19: 2868795 | AA19: =Z19+X19 -> 6291456.4 | AB19: =AA19/$AL$47 -> 484.84994 | AC19: 0 | AD19: 0 | AE19: 0 | AF19: 0 | AG19: =+AE19+AF19 -> 0 | AH19: 0 | AI19: =AH19/$AL$47 -> 0 | AJ19: 313.05 | AK19: 3756600 | AL19: =AK19/$AL$47 -> 289.50169
B20: 9 | C20: 11 | D20: 98 | E20: 10440 | F20: 10813543 | G20: 2240 | H20: 3480220.8 | I20: =F20+H20 -> 14293764 | J20: 1160 | K20: 1201504.8 | L20: 320 | M20: 497174.4 | N20: =+K20+M20 -> 1698679.2 | O20: =N20+I20 -> 15992443 | P20: =L20+J20+G20+E20 -> 14160 | U20: 0 | V20: =Y20+W20 -> 844.076 | W20: 188.68 | X20: 3390673.9 | Y20: 655.396 | Z20: 2782274 | AA20: =Z20+X20 -> 6172947.9 | AB20: =AA20/$AL$47 -> 475.7171 | AC20: 0 | AD20: 0 | AE20: 0 | AF20: 0 | AG20: =+AE20+AF20 -> 0 | AH20: 0 | AI20: =AH20/$AL$47 -> 0 | AJ20: 87.68 | AK20: 1052160 | AL20: =AK20/$AL$47 -> 81.084518
B21: 10 | C21: 3 | D21: 81 | E21: 10720 | F21: 11103562 | G21: 2160 | H21: 3355927.2 | I21: =F21+H21 -> 14459489 | J21: 1180 | K21: 1222220.4 | L21: 300 | M21: 466101 | N21: =+K21+M21 -> 1688321.4 | O21: =N21+I21 -> 16147810 | P21: =L21+J21+G21+E21 -> 14360 | U21: 0 | V21: =Y21+W21 -> 813.816 | W21: 189.57 | X21: 3406667.7 | Y21: 624.246 | Z21: 2650036.6 | AA21: =Z21+X21 -> 6056704.3 | AB21: =AA21/$AL$47 -> 466.75881 | AC21: 0 | AD21: 0 | AE21: 0 | AF21: 0 | AG21: =+AE21+AF21 -> 0 | AH21: 0 | AI21: =AH21/$AL$47 -> 0 | AJ21: 192.25 | AK21: 2307000 | AL21: =AK21/$AL$47 -> 177.78853
B22: 11 | C22: 7 | D22: 68 | E22: 10480 | F22: 10854974 | G22: 2360 | H22: 3666661.2 | I22: =F22+H22 -> 14521636 | J22: 1220 | K22: 1263651.6 | L22: 440 | M22: 683614.8 | N22: =+K22+M22 -> 1947266.4 | O22: =N22+I22 -> 16468902 | P22: =L22+J22+G22+E22 -> 14500 | U22: 0 | V22: =Y22+W22 -> 759.17 | W22: 190.46 | X22: 3422661.4 | Y22: 568.71 | Z22: 2414276.3 | AA22: =Z22+X22 -> 5836937.7 | AB22: =AA22/$AL$47 -> 449.82254 | AC22: 0 | AD22: 0 | AE22: 0 | AF22: 0 | AG22: =+AE22+AF22 -> 0 | AH22: 0 | AI22: =AH22/$AL$47 -> 0 | AJ22: 559.51 | AK22: 6714120 | AL22: =AK22/$AL$47 -> 517.42243
B23: 12 | C23: 7 | D23: 100 | E23: 10240 | F23: 10606387 | G23: 2160 | H23: 3355927.2 | I23: =F23+H23 -> 13962314 | J23: 1480 | K23: 1532954.4 | L23: 320 | M23: 497174.4 | N23: =+K23+M23 -> 2030128.8 | O23: =N23+I23 -> 15992443 | P23: =L23+J23+G23+E23 -> 14200 | U23: 0 | V23: =Y23+W23 -> 803.225 | W23: 191.35 | X23: 3438655.2 | Y23: 611.875 | Z23: 2597519.5 | AA23: =Z23+X23 -> 6036174.7 | AB23: =AA23/$AL$47 -> 465.1767 | AC23: 0 | AD23: 0 | AE23: 0 | AF23: 0 | AG23: =+AE23+AF23 -> 0 | AH23: 0 | AI23: =AH23/$AL$47 -> 0 | AJ23: 379.2 | AK23: 4550400 | AL23: =AK23/$AL$47 -> 350.67574
... B41: 30 | C41: 7 | D41: 56 | E41: 10080 | F41: 10440662 | G41: 2160 | H41: 3355927.2 | I41: =F41+H41 -> 13796590 | J41: 2280 | K41: 2361578.4 | L41: 360 | M41: 559321.2 | N41: =+K41+M41 -> 2920899.6 | O41: =N41+I41 -> 16717489 | P41: =L41+J41+G41+E41 -> 14880 | U41: 0 | V41: =Y41+W41 -> 864.19 | W41: 192.24 | X41: 3454648.9 | Y41: 671.95 | Z41: 2852548.7 | AA41: =Z41+X41 -> 6307197.6 | AB41: =AA41/$AL$47 -> 486.06303 | AC41: 0 | AD41: 0 | AE41: 0 | AF41: 0 | AG41: =+AE41+AF41 -> 0 | AH41: 0 | AI41: =AH41/$AL$47 -> 0 | AJ41: 278.57 | AK41: 3342840 | AL41: =AK41/$AL$47 -> 257.61535
C46: =SUM(C12:C42) -> 345 | D46: =SUM(D12:D42) -> 2894 | E46: =SUM(E12:E42) -> 327440 | F46: =SUM(F12:F42) -> 3.391558e+08 | G46: =SUM(G12:G42) -> 67800 | H46: =SUM(H12:H42) -> 1.0533883e+08 | I46: =SUM(I12:I42) -> 4.4449463e+08 | J46: =SUM(J12:J42) -> 41220 | ... P46: =SUM(P12:P42) -> 447540 | Q46: =+#REF! -> #REF! | R46: =+#REF! -> #REF! | S46: =Q46+P46 -> #REF! | T46: =R46+O46 -> #REF! | U46: =T46/AL47 -> #REF! | V46: =SUM(V12:V41) -> 24410.03 | W46: =SUM(W12:W41) -> 5337.33 | X46: =SUM(X12:X41) -> 95914489 | Y46: =SUM(Y12:Y41) -> 19072.7 | Z46: =SUM(Z12:Z41) -> 80967045 | AA46: =SUM(AA12:AA41) -> 1.7688153e+08 | AB46: =AA46/$AL$47 -> 13631.343 | AC46: =SUM(AC12:AC41) -> 0 | AD46: =SUM(AD12:AD41) -> 0 | AE46: =SUM(AE12:AE41) -> 1600 | AF46: =SUM(AF12:AF41) -> 264 | AG46: =SUM(AG12:AG41) -> 1864 | AH46: =SUM(AH12:AH42) -> 30545000 | AI46: =AH46/$AL$47 -> 2353.9448 | AJ46: =SUM(AJ12:AJ42) -> 7910.62 | AK46: =SUM(AK12:AK41) -> 94927440 | AL46: =AK46/AL47 -> 7315.5658
T47: kWh rate | U47: =U46/S46 -> #REF! | V47: m3/RNs | AK47: . | AL47: 12976.09
P48: =O46/P46 -> 1127.0594 | AA48: =AA46/V46 -> 7246.2645 | AH48: =AH46/AG46 -> 16386.803 | AK48: =AK46/AJ46 -> 12000

Sheet RNs & Covers November 2021
A1: Four Seasons Resort Bali at Jimbaran Bay
A2: 44501
A3: Date | B3: Room Nights | C3: Food Covers
A6: 1 | B6: 6 | C6: 79
A7: 2 | B7: 3 | C7: 37
A8: =A7+1 -> 3 | B8: 0 | C8: 45
A9: =A8+1 -> 4 | B9: 8 | C9: 41
A10: =A9+1 -> 5 | B10: 9 | C10: 79
A11: =A10+1 -> 6 | B11: 7 | C11: 89
A12: =A11+1 -> 7 | B12: 3 | C12: 115
A13: =A12+1 -> 8 | B13: 10 | C13: 68
A14: =A13+1 -> 9 | B14: 11 | C14: 98
A15: =A14+1 -> 10 | B15: 3 | C15: 81
A16: =A15+1 -> 11 | B16: 7 | C16: 68
A17: =A16+1 -> 12 | B17: 7 | C17: 100
A18: =A17+1 -> 13 | B18: 7 | C18: 92
A19: =A18+1 -> 14 | B19: 5 | C19: 106
... A35: =A34+1 -> 30 | B35: 7 | C35: 56
A36: =A35+1 -> 31
B37: =SUM(B6:B36) -> 345 | C37: =SUM(C6:C36) -> 2894
