Workbook

Sheet FS Seychelles
AG1: Total Per day
A2: DATE | B2: Room Night % | C2: Food Covers (Customers) | D2: SS-A (KWH) | E2: SS-B (KWH) | F2: SS-C (KWH) | G2: SS-D1 (KWH) | H2: SS-D2 (KWH) | I2: SS-E (KWH) | J2: FIRE PUMP (KWH) | K2: CASINO (KWH) | L2: BOH (KWH) | M2: Generator#1 (KWH) | N2: Generator#2 (KWH) | O2: Generator#3 (KWH) | P2: Generator#4 (KWH) | Q2: Generator#5 (KWH) | R2: DIESEL (Liter) | S2: DIESEL TARIFF (Euro/Liter) | T2: PUC (KWh) | U2: PUC Tariff (Euro/KWh) | V2: BOH Water (m3) | W2: E-Resort (m3) | X2: North RVs (m3) | Y2: WT59 (m3) | Z2: WT08 (m3) | AA2: PUC HOH (m3) | AB2: PUC Eresort (m3) | AC2: LPG (Kg) | AG2: Generator | AH2: Water
A3: 44593 | B3: 63.2 | C3: 298 | M3: 11316 | N3: 10327 | O3: 5575 | P3: 0 | Q3: 4557 | R3: =2432+2319+1269+997 -> 7017 | S3: =20.62*0.06 -> 1.2372 | U3: 0.32 | V3: 53 | W3: 28 | X3: 56 | Y3: 173 | Z3: 137 | AA3: 0 | AB3: 0 | AC3: CYLINDER DELIVERY (KG) | AF3: 17.5 | AG3: =SUM(M3:Q3) -> 31775 | AH3: =SUM(V3:AB3) -> 447
A4: 44594 | B4: 48.7 | C4: 266 | M4: 13960 | N4: 11269 | O4: 14442 | P4: 0 | Q4: 5210 | R4: =3059+2502+3087+1101 -> 9749 | S4: =20.62*0.06 -> 1.2372 | U4: =U3 -> 0.32 | V4: 57 | W4: 32 | X4: 62 | Y4: 128 | Z4: 106 | AA4: 0 | AB4: 0 | AC4: Unit (kg) | AD4: Quantity | AE4: Sub total | AG4: =SUM(M4:Q4) -> 44881 | AH4: =SUM(V4:AB4) -> 385
A5: 44595 | B5: 52.6 | C5: 262 | M5: 4783 | N5: 10261 | O5: 0 | P5: 0 | Q5: 9176 | R5: =1208+2317+2088 -> 5613 | S5: =20.62*0.06 -> 1.2372 | U5: =U4 -> 0.32 | V5: 75 | W5: 12 | X5: 60 | Y5: 170 | Z5: 71 | AA5: 0 | AB5: 0 | AG5: =SUM(M5:Q5) -> 24220 | AH5: =SUM(V5:AB5) -> 388
A6: 44596 | B6: 48.7 | C6: 210 | M6: 4832 | N6: 10380 | O6: 10330 | P6: 0 | Q6: 9790 | R6: =1040+2270+2193+2103 -> 7606 | S6: =20.62*0.06 -> 1.2372 | U6: =U5 -> 0.32 | V6: 53 | W6: 31 | X6: 53 | Y6: 317 | Z6: 102 | AA6: 65 | AB6: 101 | AC6: 5 | AD6: 0 | AE6: 0 | AG6: =SUM(M6:Q6) -> 35332 | AH6: =SUM(V6:AB6) -> 722
A7: 44597 | B7: 53.9 | C7: 221 | M7: 7002 | N7: 7997 | O7: 8243 | P7: 0 | Q7: 11331 | R7: =1554+1837+1759+2444 -> 7594 | S7: =20.62*0.06 -> 1.2372 | U7: =U6 -> 0.32 | V7: 54 | W7: 23 | X7: 43 | Y7: 334 | Z7: 102 | AA7: 110 | AB7: 96 | AC7: 20 | AD7: 73 | AE7: 1460 | AG7: =SUM(M7:Q7) -> 34573 | AH7: =SUM(V7:AB7) -> 762
A8: 44598 | B8: 55.3 | C8: 287 | M8: 8582 | N8: 11678 | O8: 5282 | P8: 0 | Q8: 10115 | R8: =1575+2633+1142+2226 -> 7576 | S8: =20.62*0.06 -> 1.2372 | U8: =U7 -> 0.32 | V8: 51 | W8: 39 | X8: 48 | Y8: 242 | Z8: 97 | AA8: 112 | AB8: 0 | AC8: 24 | AD8: 20 | AE8: 480 | AG8: =SUM(M8:Q8) -> 35657 | AH8: =SUM(V8:AB8) -> 589
A9: 44599 | B9: 53.9 | C9: 286 | M9: 10308 | N9: 8590 | O9: 10511 | P9: 0 | Q9: 4980 | R9: =2204+1964+2263+1011 -> 7442 | S9: =20.62*0.06 -> 1.2372 | U9: =U8 -> 0.32 | V9: 73 | W9: 24 | X9: 56 | Y9: 224 | Z9: 107 | AA9: 111 | AB9: 0 | AG9: =SUM(M9:Q9) -> 34389 | AH9: =SUM(V9:AB9) -> 595
A10: 44600 | B10: 55.3 | C10: 265 | M10: 13415 | N10: 10179 | O10: 9641 | P10: 0 | Q10: 11353 | R10: =3182+2332+2069+2582 -> 10165 | S10: =20.62*0.06 -> 1.2372 | U10: =U9 -> 0.32 | V10: 59 | W10: 0 | X10: 59 | Y10: 129 | Z10: 101 | AA10: 112 | AB10: 0 | AD10: Total | AE10: =SUM(AE6:AE9) -> 1940 | AG10: =SUM(M10:Q10) -> 44588 | AH10: =SUM(V10:AB10) -> 460
A11: 44601 | B11: 50 | C11: 266 | M11: 0 | N11: 10894 | O11: 16992 | P11: 0 | Q11: 5499 | R11: =2396+3689+1227 -> 7312 | S11: =20.62*0.06 -> 1.2372 | U11: =U10 -> 0.32 | V11: 56 | W11: 30 | X11: 54 | Y11: 225 | Z11: 92 | AA11: 116 | AB11: 0 | AC11: TRUCK DELIVERY (KG) | AG11: =SUM(M11:Q11) -> 33385 | AH11: =SUM(V11:AB11) -> 573
A12: 44602 | B12: 52.6 | C12: 295 | M12: 0 | N12: 10202 | O12: 7129 | P12: 0 | Q12: 6849 | R12: =2429+1566+1457 -> 5452 | S12: =20.62*0.06 -> 1.2372 | U12: =U11 -> 0.32 | V12: 55 | W12: 33 | X12: 52 | Y12: 241 | Z12: 117 | AA12: 109 | AB12: 0 | AD12: Sub Total | AG12: =SUM(M12:Q12) -> 24180 | AH12: =SUM(V12:AB12) -> 607
A13: 44603 | B13: 52.6 | C13: 323 | M13: 4405 | N13: 7488 | O13: 13202 | P13: 0 | Q13: 5693 | R13: =885+1459+2849+1231 -> 6424 | S13: =20.62*0.06 -> 1.2372 | U13: =U12 -> 0.32 | V13: 60 | W13: 18 | X13: 62 | Y13: 186 | Z13: 151 | AA13: 111 | AB13: 112 | AC13: Sitronel | AD13: 5550 | AG13: =SUM(M13:Q13) -> 30788 | AH13: =SUM(V13:AB13) -> 700
A14: 44604 | B14: 52.6 | C14: 278 | M14: 10337 | N14: 10325 | O14: 0 | P14: 0 | Q14: 0 | R14: =2243+2292 -> 4535 | S14: =21.66*0.06 -> 1.2996 | U14: =U13 -> 0.32 | V14: =AVERAGE(V3:V13) -> 58.727273 | W14: =AVERAGE(W3:W13) -> 24.545455 | X14: =AVERAGE(X3:X13) -> 55 | Y14: =AVERAGE(Y3:Y13) -> 215.36364 | Z14: =AVERAGE(Z3:Z13) -> 107.54545 | AA14: =AVERAGE(AA3:AA13) -> 76.909091 | AB14: 0 | AC14: Zez | AD14: 2647 | AG14: =SUM(M14:Q14) -> 20662 | AH14: =SUM(V14:AB14) -> 538.09091
A15: 44605 | B15: 53.9 | C15: 310 | M15: 10258 | N15: 15545 | O15: 9161 | P15: 0 | Q15: 6405 | R15: =2236+3492+2010+1464 -> 9202 | S15: =21.66*0.06 -> 1.2996 | U15: =U14 -> 0.32 | V15: 55 | W15: 27 | X15: 66 | Y15: 156 | Z15: 123 | AA15: 113 | AB15: 0 | AD15: Total | AE15: =SUM(AD13:AE14) -> 8197 | AG15: =SUM(M15:Q15) -> 41369 | AH15: =SUM(V15:AB15) -> 540
A16: 44606 | B16: 48.7 | C16: 257 | M16: 2253 | N16: 10295 | O16: 10383 | P16: 0 | Q16: 11166 | R16: =498+2283+2251+2396 -> 7428 | S16: =21.66*0.06 -> 1.2996 | U16: =U15 -> 0.32 | V16: 58.727273 | W16: 24.545455 | X16: 55 | Y16: 215.36364 | Z16: 107.54545 | AA16: 76.909091 | AB16: 0 | AG16: =SUM(M16:Q16) -> 34097 | AH16: =SUM(V16:AB16) -> 538.09091
A17: 44607 | B17: 47.4 | C17: 300 | M17: 7071 | N17: 8329 | O17: 11526 | P17: 0 | Q17: 5099 | R17: =1575+1716+2398+1118 -> 6807 | S17: =21.66*0.06 -> 1.2996 | U17: =U16 -> 0.32 | V17: 47 | W17: 52 | X17: 48 | Y17: 191 | Z17: 104 | AA17: 99 | AB17: 0 | AG17: =SUM(M17:Q17) -> 32025 | AH17: =SUM(V17:AB17) -> 541
A18: 44608 | B18: 56.6 | C18: 331 | M18: 7393 | N18: 5780 | O18: 11049 | P18: 0 | Q18: 11713 | R18: =1646+1317+2546+2576 -> 8085 | S18: =21.66*0.06 -> 1.2996 | U18: =U17 -> 0.32 | V18: 58.727273 | W18: 24.545455 | X18: 55 | Y18: 215.36364 | Z18: 107.54545 | AA18: 76.909091 | AB18: 0 | AG18: =SUM(M18:Q18) -> 35935 | AH18: =SUM(V18:AB18) -> 538.09091
A19: 44609 | B19: 63.2 | C19: 283 | M19: 11098 | N19: 2259 | O19: 16028 | P19: 0 | Q19: 5185 | R19: =2598+525+3488+1126 -> 7737 | S19: =21.66*0.06 -> 1.2996 | U19: =U18 -> 0.32 | V19: 72 | W19: 23 | X19: 55 | Y19: 219 | Z19: 152 | AA19: 108 | AB19: 0 | AG19: =SUM(M19:Q19) -> 34570 | AH19: =SUM(V19:AB19) -> 629
A20: 44610 | B20: 61.8 | C20: 344 | M20: 8469 | N20: 5392 | O20: 13371 | P20: 0 | Q20: 7432 | R20: =1937+1261+2937+1578 -> 7713 | S20: =21.66*0.06 -> 1.2996 | U20: =U19 -> 0.32 | V20: 60 | W20: 1 | X20: 51 | Y20: 213 | Z20: 113 | AA20: 85 | AB20: 0 | AG20: =SUM(M20:Q20) -> 34664 | AH20: =SUM(V20:AB20) -> 523
A21: 44611 | B21: 59.2 | C21: 376 | M21: 4694 | N21: 11780 | O21: 9830 | P21: 0 | Q21: 11667 | R21: =1064+2545+2131+2480 -> 8220 | S21: =21.66*0.06 -> 1.2996 | U21: =U20 -> 0.32 | V21: 52 | W21: 38 | X21: 52 | Y21: 147 | Z21: 98 | AA21: 104 | AB21: 0 | AG21: =SUM(M21:Q21) -> 37971 | AH21: =SUM(V21:AB21) -> 491
A22: 44612 | B22: 57.9 | C22: 413 | M22: 4663 | N22: 11400 | O22: 6488 | P22: 0 | Q22: 15516 | R22: =1059+2524+1353+3358 -> 8294 | S22: =21.66*0.06 -> 1.2996 | U22: =U21 -> 0.32 | V22: 58 | W22: 34 | X22: 50 | Y22: 236 | Z22: 107 | AA22: 116 | AB22: 0 | AG22: =SUM(M22:Q22) -> 38067 | AH22: =SUM(V22:AB22) -> 601
A23: 44613 | B23: 65.8 | C23: 384 | M23: 4290 | N23: 15875 | O23: 9419 | P23: 0 | Q23: 5553 | R23: =948+3521+2040+1236 -> 7745 | S23: =21.66*0.06 -> 1.2996 | U23: =U22 -> 0.32 | V23: 63 | W23: 19 | X23: 73 | Y23: 267 | Z23: 115 | AA23: 113 | AB23: 0 | AG23: =SUM(M23:Q23) -> 35137 | AH23: =SUM(V23:AB23) -> 650
A24: 44614 | B24: 61.8 | C24: 402 | M24: 10370 | N24: 6432 | O24: 10798 | P24: 0 | Q24: 11223 | R24: =2415+1380+2292+2467 -> 8554 | S24: =21.66*0.06 -> 1.2996 | U24: =U23 -> 0.32 | V24: 58 | W24: 26 | X24: 53 | Y24: 190 | Z24: 124 | AA24: 105 | AB24: 0 | AG24: =SUM(M24:Q24) -> 38823 | AH24: =SUM(V24:AB24) -> 556
A25: 44615 | B25: 61.8 | C25: 408 | M25: 0 | N25: 12179 | O25: 12168 | P25: 0 | Q25: 7480 | R25: =2094+2695+2590+1629 -> 9008 | S25: =21.66*0.06 -> 1.2996 | U25: =U24 -> 0.32 | V25: 57 | W25: 20 | X25: 75 | Y25: 233 | Z25: 101 | AA25: 108 | AB25: 0 | AG25: =SUM(M25:Q25) -> 31827 | AH25: =SUM(V25:AB25) -> 594
A26: 44616 | B26: 60.5 | C26: 444 | M26: 1594 | N26: 14123 | O26: 8965 | P26: 0 | Q26: 13256 | R26: =398+3116+1965+2912 -> 8391 | S26: =21.66*0.06 -> 1.2996 | U26: =U25 -> 0.32 | V26: 64 | W26: 26 | X26: 74 | Y26: 243 | Z26: 121 | AA26: 108 | AB26: 0 | AG26: =SUM(M26:Q26) -> 37938 | AH26: =SUM(V26:AB26) -> 636
A27: 44617 | B27: 65.5 | C27: 432 | M27: 9054 | N27: 6144 | O27: 9939 | P27: 0 | Q27: 14211 | R27: =1997+1418+2074+3033 -> 8522 | S27: =21.66*0.06 -> 1.2996 | U27: =U26 -> 0.32 | V27: 67 | W27: 27 | X27: 80 | Y27: 218 | Z27: 114 | AA27: 110 | AB27: 0 | AG27: =SUM(M27:Q27) -> 39348 | AH27: =SUM(V27:AB27) -> 616
A28: 44618 | B28: 61.8 | C28: 357 | M28: 10219 | N28: 10038 | O28: 10771 | P28: 0 | Q28: 2015 | R28: =2348+2272+2357+452 -> 7429 | S28: =21.66*0.06 -> 1.2996 | U28: =U27 -> 0.32 | V28: 58 | W28: 20 | X28: 40 | Y28: 141 | Z28: 108 | AA28: 111 | AB28: 0 | AG28: =SUM(M28:Q28) -> 33043 | AH28: =SUM(V28:AB28) -> 478
A29: 44619 | B29: 52.6 | C29: 392 | M29: 9724 | N29: 4027 | O29: 8550 | P29: 2808 | Q29: 8838 | R29: =2156+904+1859+716+1991 -> 7626 | S29: =21.66*0.06 -> 1.2996 | U29: =U28 -> 0.32 | V29: 54 | W29: 24 | X29: 39 | Y29: 197 | Z29: 97 | AA29: 109 | AB29: 0 | AG29: =SUM(M29:Q29) -> 33947 | AH29: =SUM(V29:AB29) -> 520
A30: 44620 | B30: 55.3 | C30: 331 | M30: 2646 | N30: 8085 | O30: 10694 | P30: 4359 | Q30: 11370 | R30: =663+1807+2317+1056+2537 -> 8380 | S30: =21.66*0.06 -> 1.2996 | U30: =U29 -> 0.32 | V30: 63 | W30: 29 | X30: 40 | Y30: 210 | Z30: 110 | AA30: 112 | AB30: 0 | AG30: =SUM(M30:Q30) -> 37154 | AH30: =SUM(V30:AB30) -> 564
AF32: Per month | AG32: =SUM(AG3:AG30) -> 970345 | AH32: =SUM(AH3:AH30) -> 15781.273

Sheet Submetering 
A1: Site Name | B1: Day | C1: Month | D1: Year | E1: Room Night | F1: SS-A - KWh | G1: SS-B- KWh | H1: SS-C- KWh | I1: SS-D1- KWh | J1: SS-D2- KWh | K1: SS-E- KWh | L1: FIRE PUMP- KWh | M1: CASINO- KWh | N1: BOH- KWh | O1: Generator#1 - KWh | P1: Generator#2- KWh | Q1: Generator#3- KWh | R1: Generator#4- KWh | S1: Generator#5- KWh | T1: DIESEL - Liter | U1: PUC - KWh | V1: BOH Water- m3 | W1: E-Resort- m3 | X1: North RVs- m3 | Y1: WT59- m3 | Z1: WT08- m3 | AA1: PUC (HOH)- m3 | AB1: PUC (Resort) - m3 | AC1: LPG (Kg)
A2: Seychelles | B2: 1 | C2: 2 | D2: 2022 | E2: ='FS Seychelles'!B3 -> 63.2 | F2: ='FS Seychelles'!D3*1000 -> 0 | G2: ='FS Seychelles'!E3*1000 -> 0 | H2: ='FS Seychelles'!F3*1000 -> 0 | I2: ='FS Seychelles'!G3*1000 -> 0 | J2: ='FS Seychelles'!H3*1000 -> 0 | K2: ='FS Seychelles'!I3*1000 -> 0 | L2: ='FS Seychelles'!J3*1000 -> 0 | M2: ='FS Seychelles'!K3*1000 -> 0 | N2: ='FS Seychelles'!L3*1000 -> 0 | O2: ='FS Seychelles'!M3 -> 11316 | P2: ='FS Seychelles'!N3 -> 10327 | Q2: ='FS Seychelles'!O3 -> 5575 | R2: ='FS Seychelles'!P3 -> 0 | S2: ='FS Seychelles'!Q3 -> 4557 | T2: ='FS Seychelles'!R3 -> 7017 | U2: ='FS Seychelles'!T3 -> 0 | V2: ='FS Seychelles'!V3 -> 53 | W2: ='FS Seychelles'!W3 -> 28 | X2: ='FS Seychelles'!X3 -> 56 | Y2: ='FS Seychelles'!Y3 -> 173 | Z2: ='FS Seychelles'!Z3 -> 137 | AA2: ='FS Seychelles'!AA3 -> 0 | AB2: ='FS Seychelles'!AB3 -> 0 | AC2: =('FS Seychelles'!AE9+'FS Seychelles'!AE15)/30 -> 273.23333
A3: Seychelles | B3: =B2+1 -> 2 | C3: =C2 -> 2 | D3: 2022 | E3: ='FS Seychelles'!B4 -> 48.7 | F3: ='FS Seychelles'!D4*1000 -> 0 | G3: ='FS Seychelles'!E4*1000 -> 0 | H3: ='FS Seychelles'!F4*1000 -> 0 | I3: ='FS Seychelles'!G4*1000 -> 0 | J3: ='FS Seychelles'!H4*1000 -> 0 | K3: ='FS Seychelles'!I4*1000 -> 0 | L3: ='FS Seychelles'!J4*1000 -> 0 | M3: ='FS Seychelles'!K4*1000 -> 0 | N3: ='FS Seychelles'!L4*1000 -> 0 | O3: ='FS Seychelles'!M4 -> 13960 | P3: ='FS Seychelles'!N4 -> 11269 | Q3: ='FS Seychelles'!O4 -> 14442 | R3: ='FS Seychelles'!P4 -> 0 | S3: ='FS Seychelles'!Q4 -> 5210 | T3: ='FS Seychelles'!R4 -> 9749 | U3: ='FS Seychelles'!T4 -> 0 | V3: ='FS Seychelles'!V4 -> 57 | W3: ='FS Seychelles'!W4 -> 32 | X3: ='FS Seychelles'!X4 -> 62 | Y3: ='FS Seychelles'!Y4 -> 128 | Z3: ='FS Seychelles'!Z4 -> 106 | AA3: ='FS Seychelles'!AA4 -> 0 | AB3: ='FS Seychelles'!AB4 -> 0 | AC3: =('FS Seychelles'!AE10+'FS Seychelles'!AE16)/30 -> 64.666667
A4: Seychelles | B4: =B3+1 -> 3 | C4: =C3 -> 2 | D4: 2022 | E4: ='FS Seychelles'!B5 -> 52.6 | F4: ='FS Seychelles'!D5*1000 -> 0 | G4: ='FS Seychelles'!E5*1000 -> 0 | H4: ='FS Seychelles'!F5*1000 -> 0 | I4: ='FS Seychelles'!G5*1000 -> 0 | J4: ='FS Seychelles'!H5*1000 -> 0 | K4: ='FS Seychelles'!I5*1000 -> 0 | L4: ='FS Seychelles'!J5*1000 -> 0 | M4: ='FS Seychelles'!K5*1000 -> 0 | N4: ='FS Seychelles'!L5*1000 -> 0 | O4: ='FS Seychelles'!M5 -> 4783 | P4: ='FS Seychelles'!N5 -> 10261 | Q4: ='FS Seychelles'!O5 -> 0 | R4: ='FS Seychelles'!P5 -> 0 | S4: ='FS Seychelles'!Q5 -> 9176 | T4: ='FS Seychelles'!R5 -> 5613 | U4: ='FS Seychelles'!T5 -> 0 | V4: ='FS Seychelles'!V5 -> 75 | W4: ='FS Seychelles'!W5 -> 12 | X4: ='FS Seychelles'!X5 -> 60 | Y4: ='FS Seychelles'!Y5 -> 170 | Z4: ='FS Seychelles'!Z5 -> 71 | AA4: ='FS Seychelles'!AA5 -> 0 | AB4: ='FS Seychelles'!AB5 -> 0 | AC4: =('FS Seychelles'!AE11+'FS Seychelles'!AE17)/30 -> 0
A5: Seychelles | B5: =B4+1 -> 4 | C5: =C4 -> 2 | D5: 2022 | E5: ='FS Seychelles'!B6 -> 48.7 | F5: ='FS Seychelles'!D6*1000 -> 0 | G5: ='FS Seychelles'!E6*1000 -> 0 | H5: ='FS Seychelles'!F6*1000 -> 0 | I5: ='FS Seychelles'!G6*1000 -> 0 | J5: ='FS Seychelles'!H6*1000 -> 0 | K5: ='FS Seychelles'!I6*1000 -> 0 | L5: ='FS Seychelles'!J6*1000 -> 0 | M5: ='FS Seychelles'!K6*1000 -> 0 | N5: ='FS Seychelles'!L6*1000 -> 0 | O5: ='FS Seychelles'!M6 -> 4832 | P5: ='FS Seychelles'!N6 -> 10380 | Q5: ='FS Seychelles'!O6 -> 10330 | R5: ='FS Seychelles'!P6 -> 0 | S5: ='FS Seychelles'!Q6 -> 9790 | T5: ='FS Seychelles'!R6 -> 7606 | U5: ='FS Seychelles'!T6 -> 0 | V5: ='FS Seychelles'!V6 -> 53 | W5: ='FS Seychelles'!W6 -> 31 | X5: ='FS Seychelles'!X6 -> 53 | Y5: ='FS Seychelles'!Y6 -> 317 | Z5: ='FS Seychelles'!Z6 -> 102 | AA5: ='FS Seychelles'!AA6 -> 65 | AB5: ='FS Seychelles'!AB6 -> 101 | AC5: =('FS Seychelles'!AE12+'FS Seychelles'!AE18)/30 -> 0
A6: Seychelles | B6: =B5+1 -> 5 | C6: =C5 -> 2 | D6: 2022 | E6: ='FS Seychelles'!B7 -> 53.9 | F6: ='FS Seychelles'!D7*1000 -> 0 | G6: ='FS Seychelles'!E7*1000 -> 0 | H6: ='FS Seychelles'!F7*1000 -> 0 | I6: ='FS Seychelles'!G7*1000 -> 0 | J6: ='FS Seychelles'!H7*1000 -> 0 | K6: ='FS Seychelles'!I7*1000 -> 0 | L6: ='FS Seychelles'!J7*1000 -> 0 | M6: ='FS Seychelles'!K7*1000 -> 0 | N6: ='FS Seychelles'!L7*1000 -> 0 | O6: ='FS Seychelles'!M7 -> 7002 | P6: ='FS Seychelles'!N7 -> 7997 | Q6: ='FS Seychelles'!O7 -> 8243 | R6: ='FS Seychelles'!P7 -> 0 | S6: ='FS Seychelles'!Q7 -> 11331 | T6: ='FS Seychelles'!R7 -> 7594 | U6: ='FS Seychelles'!T7 -> 0 | V6: ='FS Seychelles'!V7 -> 54 | W6: ='FS Seychelles'!W7 -> 23 | X6: ='FS Seychelles'!X7 -> 43 | Y6: ='FS Seychelles'!Y7 -> 334 | Z6: ='FS Seychelles'!Z7 -> 102 | AA6: ='FS Seychelles'!AA7 -> 110 | AB6: ='FS Seychelles'!AB7 -> 96 | AC6: =('FS Seychelles'!AE13+'FS Seychelles'!AE19)/30 -> 0
A7: Seychelles | B7: =B6+1 -> 6 | C7: =C6 -> 2 | D7: 2022 | E7: ='FS Seychelles'!B8 -> 55.3 | F7: ='FS Seychelles'!D8*1000 -> 0 | G7: ='FS Seychelles'!E8*1000 -> 0 | H7: ='FS Seychelles'!F8*1000 -> 0 | I7: ='FS Seychelles'!G8*1000 -> 0 | J7: ='FS Seychelles'!H8*1000 -> 0 | K7: ='FS Seychelles'!I8*1000 -> 0 | L7: ='FS Seychelles'!J8*1000 -> 0 | M7: ='FS Seychelles'!K8*1000 -> 0 | N7: ='FS Seychelles'!L8*1000 -> 0 | O7: ='FS Seychelles'!M8 -> 8582 | P7: ='FS Seychelles'!N8 -> 11678 | Q7: ='FS Seychelles'!O8 -> 5282 | R7: ='FS Seychelles'!P8 -> 0 | S7: ='FS Seychelles'!Q8 -> 10115 | T7: ='FS Seychelles'!R8 -> 7576 | U7: ='FS Seychelles'!T8 -> 0 | V7: ='FS Seychelles'!V8 -> 51 | W7: ='FS Seychelles'!W8 -> 39 | X7: ='FS Seychelles'!X8 -> 48 | Y7: ='FS Seychelles'!Y8 -> 242 | Z7: ='FS Seychelles'!Z8 -> 97 | AA7: ='FS Seychelles'!AA8 -> 112 | AB7: ='FS Seychelles'!AB8 -> 0 | AC7: =('FS Seychelles'!AE14+'FS Seychelles'!AE20)/30 -> 0
A8: Seychelles | B8: =B7+1 -> 7 | C8: =C7 -> 2 | D8: 2022 | E8: ='FS Seychelles'!B9 -> 53.9 | F8: ='FS Seychelles'!D9*1000 -> 0 | G8: ='FS Seychelles'!E9*1000 -> 0 | H8: ='FS Seychelles'!F9*1000 -> 0 | I8: ='FS Seychelles'!G9*1000 -> 0 | J8: ='FS Seychelles'!H9*1000 -> 0 | K8: ='FS Seychelles'!I9*1000 -> 0 | L8: ='FS Seychelles'!J9*1000 -> 0 | M8: ='FS Seychelles'!K9*1000 -> 0 | N8: ='FS Seychelles'!L9*1000 -> 0 | O8: ='FS Seychelles'!M9 -> 10308 | P8: ='FS Seychelles'!N9 -> 8590 | Q8: ='FS Seychelles'!O9 -> 10511 | R8: ='FS Seychelles'!P9 -> 0 | S8: ='FS Seychelles'!Q9 -> 4980 | T8: ='FS Seychelles'!R9 -> 7442 | U8: ='FS Seychelles'!T9 -> 0 | V8: ='FS Seychelles'!V9 -> 73 | W8: ='FS Seychelles'!W9 -> 24 | X8: ='FS Seychelles'!X9 -> 56 | Y8: ='FS Seychelles'!Y9 -> 224 | Z8: ='FS Seychelles'!Z9 -> 107 | AA8: ='FS Seychelles'!AA9 -> 111 | AB8: ='FS Seychelles'!AB9 -> 0 | AC8: =('FS Seychelles'!AE15+'FS Seychelles'!AE21)/30 -> 273.23333
A9: Seychelles | B9: =B8+1 -> 8 | C9: =C8 -> 2 | D9: 2022 | E9: ='FS Seychelles'!B10 -> 55.3 | F9: ='FS Seychelles'!D10*1000 -> 0 | G9: ='FS Seychelles'!E10*1000 -> 0 | H9: ='FS Seychelles'!F10*1000 -> 0 | I9: ='FS Seychelles'!G10*1000 -> 0 | J9: ='FS Seychelles'!H10*1000 -> 0 | K9: ='FS Seychelles'!I10*1000 -> 0 | L9: ='FS Seychelles'!J10*1000 -> 0 | M9: ='FS Seychelles'!K10*1000 -> 0 | N9: ='FS Seychelles'!L10*1000 -> 0 | O9: ='FS Seychelles'!M10 -> 13415 | P9: ='FS Seychelles'!N10 -> 10179 | Q9: ='FS Seychelles'!O10 -> 9641 | R9: ='FS Seychelles'!P10 -> 0 | S9: ='FS Seychelles'!Q10 -> 11353 | T9: ='FS Seychelles'!R10 -> 10165 | U9: ='FS Seychelles'!T10 -> 0 | V9: ='FS Seychelles'!V10 -> 59 | W9: ='FS Seychelles'!W10 -> 0 | X9: ='FS Seychelles'!X10 -> 59 | Y9: ='FS Seychelles'!Y10 -> 129 | Z9: ='FS Seychelles'!Z10 -> 101 | AA9: ='FS Seychelles'!AA10 -> 112 | AB9: ='FS Seychelles'!AB10 -> 0 | AC9: =('FS Seychelles'!AE16+'FS Seychelles'!AE22)/30 -> 0
A10: Seychelles | B10: =B9+1 -> 9 | C10: =C9 -> 2 | D10: 2022 | E10: ='FS Seychelles'!B11 -> 50 | F10: ='FS Seychelles'!D11*1000 -> 0 | G10: ='FS Seychelles'!E11*1000 -> 0 | H10: ='FS Seychelles'!F11*1000 -> 0 | I10: ='FS Seychelles'!G11*1000 -> 0 | J10: ='FS Seychelles'!H11*1000 -> 0 | K10: ='FS Seychelles'!I11*1000 -> 0 | L10: ='FS Seychelles'!J11*1000 -> 0 | M10: ='FS Seychelles'!K11*1000 -> 0 | N10: ='FS Seychelles'!L11*1000 -> 0 | O10: ='FS Seychelles'!M11 -> 0 | P10: ='FS Seychelles'!N11 -> 10894 | Q10: ='FS Seychelles'!O11 -> 16992 | R10: ='FS Seychelles'!P11 -> 0 | S10: ='FS Seychelles'!Q11 -> 5499 | T10: ='FS Seychelles'!R11 -> 7312 | U10: ='FS Seychelles'!T11 -> 0 | V10: ='FS Seychelles'!V11 -> 56 | W10: ='FS Seychelles'!W11 -> 30 | X10: ='FS Seychelles'!X11 -> 54 | Y10: ='FS Seychelles'!Y11 -> 225 | Z10: ='FS Seychelles'!Z11 -> 92 | AA10: ='FS Seychelles'!AA11 -> 116 | AB10: ='FS Seychelles'!AB11 -> 0 | AC10: =('FS Seychelles'!AE17+'FS Seychelles'!AE23)/30 -> 0
A11: Seychelles | B11: =B10+1 -> 10 | C11: =C10 -> 2 | D11: 2022 | E11: ='FS Seychelles'!B12 -> 52.6 | F11: ='FS Seychelles'!D12*1000 -> 0 | G11: ='FS Seychelles'!E12*1000 -> 0 | H11: ='FS Seychelles'!F12*1000 -> 0 | I11: ='FS Seychelles'!G12*1000 -> 0 | J11: ='FS Seychelles'!H12*1000 -> 0 | K11: ='FS Seychelles'!I12*1000 -> 0 | L11: ='FS Seychelles'!J12*1000 -> 0 | M11: ='FS Seychelles'!K12*1000 -> 0 | N11: ='FS Seychelles'!L12*1000 -> 0 | O11: ='FS Seychelles'!M12 -> 0 | P11: ='FS Seychelles'!N12 -> 10202 | Q11: ='FS Seychelles'!O12 -> 7129 | R11: ='FS Seychelles'!P12 -> 0 | S11: ='FS Seychelles'!Q12 -> 6849 | T11: ='FS Seychelles'!R12 -> 5452 | U11: ='FS Seychelles'!T12 -> 0 | V11: ='FS Seychelles'!V12 -> 55 | W11: ='FS Seychelles'!W12 -> 33 | X11: ='FS Seychelles'!X12 -> 52 | Y11: ='FS Seychelles'!Y12 -> 241 | Z11: ='FS Seychelles'!Z12 -> 117 | AA11: ='FS Seychelles'!AA12 -> 109 | AB11: ='FS Seychelles'!AB12 -> 0 | AC11: =('FS Seychelles'!AE18+'FS Seychelles'!AE24)/30 -> 0
A12: Seychelles | B12: =B11+1 -> 11 | C12: =C11 -> 2 | D12: 2022 | E12: ='FS Seychelles'!B13 -> 52.6 | F12: ='FS Seychelles'!D13*1000 -> 0 | G12: ='FS Seychelles'!E13*1000 -> 0 | H12: ='FS Seychelles'!F13*1000 -> 0 | I12: ='FS Seychelles'!G13*1000 -> 0 | J12: ='FS Seychelles'!H13*1000 -> 0 | K12: ='FS Seychelles'!I13*1000 -> 0 | L12: ='FS Seychelles'!J13*1000 -> 0 | M12: ='FS Seychelles'!K13*1000 -> 0 | N12: ='FS Seychelles'!L13*1000 -> 0 | O12: ='FS Seychelles'!M13 -> 4405 | P12: ='FS Seychelles'!N13 -> 7488 | Q12: ='FS Seychelles'!O13 -> 13202 | R12: ='FS Seychelles'!P13 -> 0 | S12: ='FS Seychelles'!Q13 -> 5693 | T12: ='FS Seychelles'!R13 -> 6424 | U12: ='FS Seychelles'!T13 -> 0 | V12: ='FS Seychelles'!V13 -> 60 | W12: ='FS Seychelles'!W13 -> 18 | X12: ='FS Seychelles'!X13 -> 62 | Y12: ='FS Seychelles'!Y13 -> 186 | Z12: ='FS Seychelles'!Z13 -> 151 | AA12: ='FS Seychelles'!AA13 -> 111 | AB12: ='FS Seychelles'!AB13 -> 112 | AC12: =('FS Seychelles'!AE19+'FS Seychelles'!AE25)/30 -> 0
A13: Seychelles | B13: =B12+1 -> 12 | C13: =C12 -> 2 | D13: 2022 | E13: ='FS Seychelles'!B14 -> 52.6 | F13: ='FS Seychelles'!D14*1000 -> 0 | G13: ='FS Seychelles'!E14*1000 -> 0 | H13: ='FS Seychelles'!F14*1000 -> 0 | I13: ='FS Seychelles'!G14*1000 -> 0 | J13: ='FS Seychelles'!H14*1000 -> 0 | K13: ='FS Seychelles'!I14*1000 -> 0 | L13: ='FS Seychelles'!J14*1000 -> 0 | M13: ='FS Seychelles'!K14*1000 -> 0 | N13: ='FS Seychelles'!L14*1000 -> 0 | O13: ='FS Seychelles'!M14 -> 10337 | P13: ='FS Seychelles'!N14 -> 10325 | Q13: ='FS Seychelles'!O14 -> 0 | R13: ='FS Seychelles'!P14 -> 0 | S13: ='FS Seychelles'!Q14 -> 0 | T13: ='FS Seychelles'!R14 -> 4535 | U13: ='FS Seychelles'!T14 -> 0 | V13: ='FS Seychelles'!V14 -> 58.727273 | W13: ='FS Seychelles'!W14 -> 24.545455 | X13: ='FS Seychelles'!X14 -> 55 | Y13: ='FS Seychelles'!Y14 -> 215.36364 | Z13: ='FS Seychelles'!Z14 -> 107.54545 | AA13: ='FS Seychelles'!AA14 -> 76.909091 | AB13: ='FS Seychelles'!AB14 -> 0 | AC13: =('FS Seychelles'!AE20+'FS Seychelles'!AE26)/30 -> 0
A14: Seychelles | B14: =B13+1 -> 13 | C14: =C13 -> 2 | D14: 2022 | E14: ='FS Seychelles'!B15 -> 53.9 | F14: ='FS Seychelles'!D15*1000 -> 0 | G14: ='FS Seychelles'!E15*1000 -> 0 | H14: ='FS Seychelles'!F15*1000 -> 0 | I14: ='FS Seychelles'!G15*1000 -> 0 | J14: ='FS Seychelles'!H15*1000 -> 0 | K14: ='FS Seychelles'!I15*1000 -> 0 | L14: ='FS Seychelles'!J15*1000 -> 0 | M14: ='FS Seychelles'!K15*1000 -> 0 | N14: ='FS Seychelles'!L15*1000 -> 0 | O14: ='FS Seychelles'!M15 -> 10258 | P14: ='FS Seychelles'!N15 -> 15545 | Q14: ='FS Seychelles'!O15 -> 9161 | R14: ='FS Seychelles'!P15 -> 0 | S14: ='FS Seychelles'!Q15 -> 6405 | T14: ='FS Seychelles'!R15 -> 9202 | U14: ='FS Seychelles'!T15 -> 0 | V14: ='FS Seychelles'!V15 -> 55 | W14: ='FS Seychelles'!W15 -> 27 | X14: ='FS Seychelles'!X15 -> 66 | Y14: ='FS Seychelles'!Y15 -> 156 | Z14: ='FS Seychelles'!Z15 -> 123 | AA14: ='FS Seychelles'!AA15 -> 113 | AB14: ='FS Seychelles'!AB15 -> 0 | AC14: =('FS Seychelles'!AE21+'FS Seychelles'!AE27)/30 -> 0
... A17: Seychelles | B17: =B16+1 -> 16 | C17: =C16 -> 2 | D17: 2022 | E17: ='FS Seychelles'!B18 -> 56.6 | F17: ='FS Seychelles'!D18*1000 -> 0 | G17: ='FS Seychelles'!E18*1000 -> 0 | H17: ='FS Seychelles'!F18*1000 -> 0 | I17: ='FS Seychelles'!G18*1000 -> 0 | J17: ='FS Seychelles'!H18*1000 -> 0 | K17: ='FS Seychelles'!I18*1000 -> 0 | L17: ='FS Seychelles'!J18*1000 -> 0 | M17: ='FS Seychelles'!K18*1000 -> 0 | N17: ='FS Seychelles'!L18*1000 -> 0 | O17: ='FS Seychelles'!M18 -> 7393 | P17: ='FS Seychelles'!N18 -> 5780 | Q17: ='FS Seychelles'!O18 -> 11049 | R17: ='FS Seychelles'!P18 -> 0 | S17: ='FS Seychelles'!Q18 -> 11713 | T17: ='FS Seychelles'!R18 -> 8085 | U17: ='FS Seychelles'!T18 -> 0 | V17: ='FS Seychelles'!V18 -> 58.727273 | W17: ='FS Seychelles'!W18 -> 24.545455 | X17: ='FS Seychelles'!X18 -> 55 | Y17: ='FS Seychelles'!Y18 -> 215.36364 | Z17: ='FS Seychelles'!Z18 -> 107.54545 | AA17: ='FS Seychelles'!AA18 -> 76.909091 | AB17: ='FS Seychelles'!AB18 -> 0 | AC17: =('FS Seychelles'!AE24+'FS Seychelles'!AE30)/30 -> 0
A18: Seychelles | B18: =B17+1 -> 17 | C18: =C17 -> 2 | D18: 2022 | E18: ='FS Seychelles'!B19 -> 63.2 | F18: ='FS Seychelles'!D19*1000 -> 0 | G18: ='FS Seychelles'!E19*1000 -> 0 | H18: ='FS Seychelles'!F19*1000 -> 0 | I18: ='FS Seychelles'!G19*1000 -> 0 | J18: ='FS Seychelles'!H19*1000 -> 0 | K18: ='FS Seychelles'!I19*1000 -> 0 | L18: ='FS Seychelles'!J19*1000 -> 0 | M18: ='FS Seychelles'!K19*1000 -> 0 | N18: ='FS Seychelles'!L19*1000 -> 0 | O18: ='FS Seychelles'!M19 -> 11098 | P18: ='FS Seychelles'!N19 -> 2259 | Q18: ='FS Seychelles'!O19 -> 16028 | R18: ='FS Seychelles'!P19 -> 0 | S18: ='FS Seychelles'!Q19 -> 5185 | T18: ='FS Seychelles'!R19 -> 7737 | U18: ='FS Seychelles'!T19 -> 0 | V18: ='FS Seychelles'!V19 -> 72 | W18: ='FS Seychelles'!W19 -> 23 | X18: ='FS Seychelles'!X19 -> 55 | Y18: ='FS Seychelles'!Y19 -> 219 | Z18: ='FS Seychelles'!Z19 -> 152 | AA18: ='FS Seychelles'!AA19 -> 108 | AB18: ='FS Seychelles'!AB19 -> 0 | AC18: =('FS Seychelles'!AE25+'FS Seychelles'!#REF!)/30 -> #REF!
A19: Seychelles | B19: =B18+1 -> 18 | C19: =C18 -> 2 | D19: 2022 | E19: ='FS Seychelles'!B20 -> 61.8 | F19: ='FS Seychelles'!D20*1000 -> 0 | G19: ='FS Seychelles'!E20*1000 -> 0 | H19: ='FS Seychelles'!F20*1000 -> 0 | I19: ='FS Seychelles'!G20*1000 -> 0 | J19: ='FS Seychelles'!H20*1000 -> 0 | K19: ='FS Seychelles'!I20*1000 -> 0 | L19: ='FS Seychelles'!J20*1000 -> 0 | M19: ='FS Seychelles'!K20*1000 -> 0 | N19: ='FS Seychelles'!L20*1000 -> 0 | O19: ='FS Seychelles'!M20 -> 8469 | P19: ='FS Seychelles'!N20 -> 5392 | Q19: ='FS Seychelles'!O20 -> 13371 | R19: ='FS Seychelles'!P20 -> 0 | S19: ='FS Seychelles'!Q20 -> 7432 | T19: ='FS Seychelles'!R20 -> 7713 | U19: ='FS Seychelles'!T20 -> 0 | V19: ='FS Seychelles'!V20 -> 60 | W19: ='FS Seychelles'!W20 -> 1 | X19: ='FS Seychelles'!X20 -> 51 | Y19: ='FS Seychelles'!Y20 -> 213 | Z19: ='FS Seychelles'!Z20 -> 113 | AA19: ='FS Seychelles'!AA20 -> 85 | AB19: ='FS Seychelles'!AB20 -> 0 | AC19: =('FS Seychelles'!AE26+'FS Seychelles'!#REF!)/30 -> #REF!
A20: Seychelles | B20: =B19+1 -> 19 | C20: =C19 -> 2 | D20: 2022 | E20: ='FS Seychelles'!B21 -> 59.2 | F20: ='FS Seychelles'!D21*1000 -> 0 | G20: ='FS Seychelles'!E21*1000 -> 0 | H20: ='FS Seychelles'!F21*1000 -> 0 | I20: ='FS Seychelles'!G21*1000 -> 0 | J20: ='FS Seychelles'!H21*1000 -> 0 | K20: ='FS Seychelles'!I21*1000 -> 0 | L20: ='FS Seychelles'!J21*1000 -> 0 | M20: ='FS Seychelles'!K21*1000 -> 0 | N20: ='FS Seychelles'!L21*1000 -> 0 | O20: ='FS Seychelles'!M21 -> 4694 | P20: ='FS Seychelles'!N21 -> 11780 | Q20: ='FS Seychelles'!O21 -> 9830 | R20: ='FS Seychelles'!P21 -> 0 | S20: ='FS Seychelles'!Q21 -> 11667 | T20: ='FS Seychelles'!R21 -> 8220 | U20: ='FS Seychelles'!T21 -> 0 | V20: ='FS Seychelles'!V21 -> 52 | W20: ='FS Seychelles'!W21 -> 38 | X20: ='FS Seychelles'!X21 -> 52 | Y20: ='FS Seychelles'!Y21 -> 147 | Z20: ='FS Seychelles'!Z21 -> 98 | AA20: ='FS Seychelles'!AA21 -> 104 | AB20: ='FS Seychelles'!AB21 -> 0 | AC20: =('FS Seychelles'!AE27+'FS Seychelles'!#REF!)/30 -> #REF!
A21: Seychelles | B21: =B20+1 -> 20 | C21: =C20 -> 2 | D21: 2022 | E21: ='FS Seychelles'!B22 -> 57.9 | F21: ='FS Seychelles'!D22*1000 -> 0 | G21: ='FS Seychelles'!E22*1000 -> 0 | H21: ='FS Seychelles'!F22*1000 -> 0 | I21: ='FS Seychelles'!G22*1000 -> 0 | J21: ='FS Seychelles'!H22*1000 -> 0 | K21: ='FS Seychelles'!I22*1000 -> 0 | L21: ='FS Seychelles'!J22*1000 -> 0 | M21: ='FS Seychelles'!K22*1000 -> 0 | N21: ='FS Seychelles'!L22*1000 -> 0 | O21: ='FS Seychelles'!M22 -> 4663 | P21: ='FS Seychelles'!N22 -> 11400 | Q21: ='FS Seychelles'!O22 -> 6488 | R21: ='FS Seychelles'!P22 -> 0 | S21: ='FS Seychelles'!Q23 -> 5553 | T21: ='FS Seychelles'!R22 -> 8294 | U21: ='FS Seychelles'!T22 -> 0 | V21: ='FS Seychelles'!V22 -> 58 | W21: ='FS Seychelles'!W22 -> 34 | X21: ='FS Seychelles'!X22 -> 50 | Y21: ='FS Seychelles'!Y22 -> 236 | Z21: ='FS Seychelles'!Z22 -> 107 | AA21: ='FS Seychelles'!AA22 -> 116 | AB21: ='FS Seychelles'!AB22 -> 0 | AC21: =('FS Seychelles'!AE28+'FS Seychelles'!AE31)/30 -> 0
A22: Seychelles | B22: =B21+1 -> 21 | C22: =C21 -> 2 | D22: 2022 | E22: ='FS Seychelles'!B23 -> 65.8 | F22: ='FS Seychelles'!D23*1000 -> 0 | G22: ='FS Seychelles'!E23*1000 -> 0 | H22: ='FS Seychelles'!F23*1000 -> 0 | I22: ='FS Seychelles'!G23*1000 -> 0 | J22: ='FS Seychelles'!H23*1000 -> 0 | K22: ='FS Seychelles'!I23*1000 -> 0 | L22: ='FS Seychelles'!J23*1000 -> 0 | M22: ='FS Seychelles'!K23*1000 -> 0 | N22: ='FS Seychelles'!L23*1000 -> 0 | O22: ='FS Seychelles'!M23 -> 4290 | P22: ='FS Seychelles'!N23 -> 15875 | Q22: ='FS Seychelles'!O23 -> 9419 | R22: ='FS Seychelles'!P23 -> 0 | S22: ='FS Seychelles'!Q24 -> 11223 | T22: ='FS Seychelles'!R23 -> 7745 | U22: ='FS Seychelles'!T23 -> 0 | V22: ='FS Seychelles'!V23 -> 63 | W22: ='FS Seychelles'!W23 -> 19 | X22: ='FS Seychelles'!X23 -> 73 | Y22: ='FS Seychelles'!Y23 -> 267 | Z22: ='FS Seychelles'!Z23 -> 115 | AA22: ='FS Seychelles'!AA23 -> 113 | AB22: ='FS Seychelles'!AB23 -> 0 | AC22: =('FS Seychelles'!AE29+'FS Seychelles'!AE32)/30 -> 0
A23: Seychelles | B23: =B22+1 -> 22 | C23: =C22 -> 2 | D23: 2022 | E23: ='FS Seychelles'!B24 -> 61.8 | F23: ='FS Seychelles'!D24*1000 -> 0 | G23: ='FS Seychelles'!E24*1000 -> 0 | H23: ='FS Seychelles'!F24*1000 -> 0 | I23: ='FS Seychelles'!G24*1000 -> 0 | J23: ='FS Seychelles'!H24*1000 -> 0 | K23: ='FS Seychelles'!I24*1000 -> 0 | L23: ='FS Seychelles'!J24*1000 -> 0 | M23: ='FS Seychelles'!K24*1000 -> 0 | N23: ='FS Seychelles'!L24*1000 -> 0 | O23: ='FS Seychelles'!M24 -> 10370 | P23: ='FS Seychelles'!N24 -> 6432 | Q23: ='FS Seychelles'!O24 -> 10798 | R23: ='FS Seychelles'!P24 -> 0 | S23: ='FS Seychelles'!Q25 -> 7480 | T23: ='FS Seychelles'!R24 -> 8554 | U23: ='FS Seychelles'!T24 -> 0 | V23: ='FS Seychelles'!V24 -> 58 | W23: ='FS Seychelles'!W24 -> 26 | X23: ='FS Seychelles'!X24 -> 53 | Y23: ='FS Seychelles'!Y24 -> 190 | Z23: ='FS Seychelles'!Z24 -> 124 | AA23: ='FS Seychelles'!AA24 -> 105 | AB23: ='FS Seychelles'!AB24 -> 0 | AC23: =('FS Seychelles'!AE30+'FS Seychelles'!AE33)/30 -> 0
A24: Seychelles | B24: =B23+1 -> 23 | C24: =C23 -> 2 | D24: 2022 | E24: ='FS Seychelles'!B25 -> 61.8 | F24: ='FS Seychelles'!D25*1000 -> 0 | G24: ='FS Seychelles'!E25*1000 -> 0 | H24: ='FS Seychelles'!F25*1000 -> 0 | I24: ='FS Seychelles'!G25*1000 -> 0 | J24: ='FS Seychelles'!H25*1000 -> 0 | K24: ='FS Seychelles'!I25*1000 -> 0 | L24: ='FS Seychelles'!J25*1000 -> 0 | M24: ='FS Seychelles'!K25*1000 -> 0 | N24: ='FS Seychelles'!L25*1000 -> 0 | O24: ='FS Seychelles'!M25 -> 0 | P24: ='FS Seychelles'!N25 -> 12179 | Q24: ='FS Seychelles'!O25 -> 12168 | R24: ='FS Seychelles'!P25 -> 0 | S24: ='FS Seychelles'!Q25 -> 7480 | T24: ='FS Seychelles'!R25 -> 9008 | U24: ='FS Seychelles'!T25 -> 0 | V24: ='FS Seychelles'!V25 -> 57 | W24: ='FS Seychelles'!W25 -> 20 | X24: ='FS Seychelles'!X25 -> 75 | Y24: ='FS Seychelles'!Y25 -> 233 | Z24: ='FS Seychelles'!Z25 -> 101 | AA24: ='FS Seychelles'!AA25 -> 108 | AB24: ='FS Seychelles'!AB25 -> 0 | AC24: =('FS Seychelles'!#REF!+'FS Seychelles'!AE34)/30 -> #REF!
A25: Seychelles | B25: =B24+1 -> 24 | C25: =C24 -> 2 | D25: 2022 | E25: ='FS Seychelles'!B26 -> 60.5 | F25: ='FS Seychelles'!D26*1000 -> 0 | G25: ='FS Seychelles'!E26*1000 -> 0 | H25: ='FS Seychelles'!F26*1000 -> 0 | I25: ='FS Seychelles'!G26*1000 -> 0 | J25: ='FS Seychelles'!H26*1000 -> 0 | K25: ='FS Seychelles'!I26*1000 -> 0 | L25: ='FS Seychelles'!J26*1000 -> 0 | M25: ='FS Seychelles'!K26*1000 -> 0 | N25: ='FS Seychelles'!L26*1000 -> 0 | O25: ='FS Seychelles'!M26 -> 1594 | P25: ='FS Seychelles'!N26 -> 14123 | Q25: ='FS Seychelles'!O26 -> 8965 | R25: ='FS Seychelles'!P26 -> 0 | S25: ='FS Seychelles'!Q26 -> 13256 | T25: ='FS Seychelles'!R26 -> 8391 | U25: ='FS Seychelles'!T26 -> 0 | V25: ='FS Seychelles'!V26 -> 64 | W25: ='FS Seychelles'!W26 -> 26 | X25: ='FS Seychelles'!X26 -> 74 | Y25: ='FS Seychelles'!Y26 -> 243 | Z25: ='FS Seychelles'!Z26 -> 121 | AA25: ='FS Seychelles'!AA26 -> 108 | AB25: ='FS Seychelles'!AB26 -> 0 | AC25: =('FS Seychelles'!#REF!+'FS Seychelles'!AE35)/30 -> #REF!
A26: Seychelles | B26: =B25+1 -> 25 | C26: =C25 -> 2 | D26: 2022 | E26: ='FS Seychelles'!B27 -> 65.5 | F26: ='FS Seychelles'!D27*1000 -> 0 | G26: ='FS Seychelles'!E27*1000 -> 0 | H26: ='FS Seychelles'!F27*1000 -> 0 | I26: ='FS Seychelles'!G27*1000 -> 0 | J26: ='FS Seychelles'!H27*1000 -> 0 | K26: ='FS Seychelles'!I27*1000 -> 0 | L26: ='FS Seychelles'!J27*1000 -> 0 | M26: ='FS Seychelles'!K27*1000 -> 0 | N26: ='FS Seychelles'!L27*1000 -> 0 | O26: ='FS Seychelles'!M27 -> 9054 | P26: ='FS Seychelles'!N27 -> 6144 | Q26: ='FS Seychelles'!O27 -> 9939 | R26: ='FS Seychelles'!P27 -> 0 | S26: ='FS Seychelles'!Q27 -> 14211 | T26: ='FS Seychelles'!R27 -> 8522 | U26: ='FS Seychelles'!T27 -> 0 | V26: ='FS Seychelles'!V27 -> 67 | W26: ='FS Seychelles'!W27 -> 27 | X26: ='FS Seychelles'!X27 -> 80 | Y26: ='FS Seychelles'!Y27 -> 218 | Z26: ='FS Seychelles'!Z27 -> 114 | AA26: ='FS Seychelles'!AA27 -> 110 | AB26: ='FS Seychelles'!AB27 -> 0 | AC26: =('FS Seychelles'!#REF!+'FS Seychelles'!AE36)/30 -> #REF!
A27: Seychelles | B27: =B26+1 -> 26 | C27: =C26 -> 2 | D27: 2022 | E27: ='FS Seychelles'!B28 -> 61.8 | F27: ='FS Seychelles'!D28*1000 -> 0 | G27: ='FS Seychelles'!E28*1000 -> 0 | H27: ='FS Seychelles'!F28*1000 -> 0 | I27: ='FS Seychelles'!G28*1000 -> 0 | J27: ='FS Seychelles'!H28*1000 -> 0 | K27: ='FS Seychelles'!I28*1000 -> 0 | L27: ='FS Seychelles'!J28*1000 -> 0 | M27: ='FS Seychelles'!K28*1000 -> 0 | N27: ='FS Seychelles'!L28*1000 -> 0 | O27: ='FS Seychelles'!M28 -> 10219 | P27: ='FS Seychelles'!N28 -> 10038 | Q27: ='FS Seychelles'!O28 -> 10771 | R27: ='FS Seychelles'!P28 -> 0 | S27: ='FS Seychelles'!Q28 -> 2015 | T27: ='FS Seychelles'!R28 -> 7429 | U27: ='FS Seychelles'!T28 -> 0 | V27: ='FS Seychelles'!V28 -> 58 | W27: ='FS Seychelles'!W28 -> 20 | X27: ='FS Seychelles'!X28 -> 40 | Y27: ='FS Seychelles'!Y28 -> 141 | Z27: ='FS Seychelles'!Z28 -> 108 | AA27: ='FS Seychelles'!AA28 -> 111 | AB27: ='FS Seychelles'!AB28 -> 0 | AC27: =('FS Seychelles'!AE31+'FS Seychelles'!AE37)/30 -> 0
A28: Seychelles | B28: =B27+1 -> 27 | C28: =C27 -> 2 | D28: 2022 | E28: ='FS Seychelles'!B29 -> 52.6 | F28: ='FS Seychelles'!D29*1000 -> 0 | G28: ='FS Seychelles'!E29*1000 -> 0 | H28: ='FS Seychelles'!F29*1000 -> 0 | I28: ='FS Seychelles'!G29*1000 -> 0 | J28: ='FS Seychelles'!H29*1000 -> 0 | K28: ='FS Seychelles'!I29*1000 -> 0 | L28: ='FS Seychelles'!J29*1000 -> 0 | M28: ='FS Seychelles'!K29*1000 -> 0 | N28: ='FS Seychelles'!L29*1000 -> 0 | O28: ='FS Seychelles'!M29 -> 9724 | P28: ='FS Seychelles'!N29 -> 4027 | Q28: ='FS Seychelles'!O29 -> 8550 | R28: ='FS Seychelles'!P29 -> 2808 | S28: ='FS Seychelles'!Q29 -> 8838 | T28: ='FS Seychelles'!R29 -> 7626 | U28: ='FS Seychelles'!T29 -> 0 | V28: ='FS Seychelles'!V29 -> 54 | W28: ='FS Seychelles'!W29 -> 24 | X28: ='FS Seychelles'!X29 -> 39 | Y28: ='FS Seychelles'!Y29 -> 197 | Z28: ='FS Seychelles'!Z29 -> 97 | AA28: ='FS Seychelles'!AA29 -> 109 | AB28: ='FS Seychelles'!AB29 -> 0 | AC28: =('FS Seychelles'!AE32+'FS Seychelles'!AE38)/30 -> 0
A29: Seychelles | B29: =B28+1 -> 28 | C29: =C28 -> 2 | D29: 2022 | E29: ='FS Seychelles'!B30 -> 55.3 | F29: ='FS Seychelles'!D30*1000 -> 0 | G29: ='FS Seychelles'!E30*1000 -> 0 | H29: ='FS Seychelles'!F30*1000 -> 0 | I29: ='FS Seychelles'!G30*1000 -> 0 | J29: ='FS Seychelles'!H30*1000 -> 0 | K29: ='FS Seychelles'!I30*1000 -> 0 | L29: ='FS Seychelles'!J30*1000 -> 0 | M29: ='FS Seychelles'!K30*1000 -> 0 | N29: ='FS Seychelles'!L30*1000 -> 0 | O29: ='FS Seychelles'!M30 -> 2646 | P29: ='FS Seychelles'!N30 -> 8085 | Q29: ='FS Seychelles'!O30 -> 10694 | R29: ='FS Seychelles'!P30 -> 4359 | S29: ='FS Seychelles'!Q30 -> 11370 | T29: ='FS Seychelles'!R30 -> 8380 | U29: ='FS Seychelles'!T30 -> 0 | V29: ='FS Seychelles'!V30 -> 63 | W29: ='FS Seychelles'!W30 -> 29 | X29: ='FS Seychelles'!X30 -> 40 | Y29: ='FS Seychelles'!Y30 -> 210 | Z29: ='FS Seychelles'!Z30 -> 110 | AA29: ='FS Seychelles'!AA30 -> 112 | AB29: ='FS Seychelles'!AB30 -> 0 | AC29: =('FS Seychelles'!AE33+'FS Seychelles'!AE39)/30 -> 0
A30: Seychelles | B30: =B29+1 -> 29 | C30: =C29 -> 2 | D30: 2022 | E30: ='FS Seychelles'!#REF! -> #REF! | F30: ='FS Seychelles'!#REF!*1000 -> #REF! | G30: ='FS Seychelles'!#REF!*1000 -> #REF! | H30: ='FS Seychelles'!#REF!*1000 -> #REF! | I30: ='FS Seychelles'!#REF!*1000 -> #REF! | J30: ='FS Seychelles'!#REF!*1000 -> #REF! | K30: ='FS Seychelles'!#REF!*1000 -> #REF! | L30: ='FS Seychelles'!#REF!*1000 -> #REF! | M30: ='FS Seychelles'!#REF!*1000 -> #REF! | N30: ='FS Seychelles'!#REF!*1000 -> #REF! | O30: ='FS Seychelles'!#REF! -> #REF! | P30: ='FS Seychelles'!#REF! -> #REF! | Q30: ='FS Seychelles'!#REF! -> #REF! | R30: ='FS Seychelles'!#REF! -> #REF! | S30: ='FS Seychelles'!#REF! -> #REF! | T30: ='FS Seychelles'!#REF! -> #REF! | U30: ='FS Seychelles'!#REF! -> #REF! | V30: ='FS Seychelles'!#REF! -> #REF! | ... AB30: ='FS Seychelles'!#REF! -> #REF! | AC30: =('FS Seychelles'!AE34+'FS Seychelles'!AE40)/30 -> 0
A31: Seychelles | B31: =B30+1 -> 30 | C31: =C30 -> 2 | D31: 2022 | E31: ='FS Seychelles'!#REF! -> #REF! | F31: ='FS Seychelles'!#REF!*1000 -> #REF! | G31: ='FS Seychelles'!#REF!*1000 -> #REF! | H31: ='FS Seychelles'!#REF!*1000 -> #REF! | I31: ='FS Seychelles'!#REF!*1000 -> #REF! | J31: ='FS Seychelles'!#REF!*1000 -> #REF! | K31: ='FS Seychelles'!#REF!*1000 -> #REF! | L31: ='FS Seychelles'!#REF!*1000 -> #REF! | M31: ='FS Seychelles'!#REF!*1000 -> #REF! | N31: ='FS Seychelles'!#REF!*1000 -> #REF! | O31: ='FS Seychelles'!#REF! -> #REF! | P31: ='FS Seychelles'!#REF! -> #REF! | Q31: ='FS Seychelles'!#REF! -> #REF! | R31: ='FS Seychelles'!#REF! -> #REF! | S31: ='FS Seychelles'!#REF! -> #REF! | T31: ='FS Seychelles'!#REF! -> #REF! | U31: ='FS Seychelles'!#REF! -> #REF! | V31: ='FS Seychelles'!#REF! -> #REF! | ... AB31: ='FS Seychelles'!#REF! -> #REF! | AC31: =('FS Seychelles'!AE35+'FS Seychelles'!AE41)/30 -> 0
A32: Seychelles | B32: 31 | C32: =C31 -> 2 | D32: 2022 | E32: ='FS Seychelles'!#REF! -> #REF! | F32: ='FS Seychelles'!#REF!*1000 -> #REF! | G32: ='FS Seychelles'!#REF!*1000 -> #REF! | H32: ='FS Seychelles'!#REF!*1000 -> #REF! | I32: ='FS Seychelles'!#REF!*1000 -> #REF! | J32: ='FS Seychelles'!#REF!*1000 -> #REF! | K32: ='FS Seychelles'!#REF!*1000 -> #REF! | L32: ='FS Seychelles'!#REF!*1000 -> #REF! | M32: ='FS Seychelles'!#REF!*1000 -> #REF! | N32: ='FS Seychelles'!#REF!*1000 -> #REF! | O32: ='FS Seychelles'!#REF! -> #REF! | P32: ='FS Seychelles'!#REF! -> #REF! | Q32: ='FS Seychelles'!#REF! -> #REF! | R32: ='FS Seychelles'!#REF! -> #REF! | S32: ='FS Seychelles'!#REF! -> #REF! | T32: ='FS Seychelles'!#REF! -> #REF! | U32: ='FS Seychelles'!#REF! -> #REF! | V32: ='FS Seychelles'!#REF! -> #REF! | ... AB32: ='FS Seychelles'!#REF! -> #REF! | AC32: =('FS Seychelles'!AE36+'FS Seychelles'!AE42)/30 -> 0
P33: =SUM(P2:P32) -> #REF! | Q33: =SUM(Q2:Q32) -> #REF! | R33: =SUM(R2:R32) -> #REF!
R35: =SUM(O33:R33) -> #REF!

Sheet TOTAL
A1: Site Name | B1: Day | C1: Month | D1: Year | E1: Total Electricity Kwh | F1: Electricity Tariff (€ /Kwh) | G1: LPG (Kg) | H1: LPG € /Kg | I1: Water Utility Supply (m3) m3 | J1: Water Utility Supply (m3) € /m3 | K1: Irrigation Water (m3) m3 | L1: Irrigation water € /m3 | M1: Room Nights
A2: Seychelles | B2: 1 | C2: 2 | D2: 2022 | E2: ='Submetering '!O2+'Submetering '!P2+'Submetering '!Q2+'Submetering '!R2+'Submetering '!S2+'Submetering '!U2 -> 31775 | F2: =(('FS Seychelles'!R3*'FS Seychelles'!S3)+('FS Seychelles'!T3*'FS Seychelles'!U3))/TOTAL!E2 -> 0.27321581 | G2: ='Submetering '!AC2 -> 273.23333 | H2: 1.05 | I2: ='FS Seychelles'!V3+'FS Seychelles'!X3+'FS Seychelles'!Y3+'FS Seychelles'!Z3 -> 419 | J2: 0 | K2: ='Submetering '!AA2 -> 0 | L2: 0 | M2: ='FS Seychelles'!B3 -> 63.2
A3: Seychelles | B3: =B2+1 -> 2 | C3: 2 | D3: 2022 | E3: ='Submetering '!O3+'Submetering '!P3+'Submetering '!Q3+'Submetering '!R3+'Submetering '!S3+'Submetering '!U3 -> 44881 | F3: =(('FS Seychelles'!R4*'FS Seychelles'!S4)+('FS Seychelles'!T4*'FS Seychelles'!U4))/TOTAL!E3 -> 0.26874318 | G3: ='Submetering '!AC3 -> 64.666667 | H3: =H2 -> 1.05 | I3: ='FS Seychelles'!V4+'FS Seychelles'!X4+'FS Seychelles'!Y4+'FS Seychelles'!Z4 -> 353 | J3: =J2 -> 0 | K3: ='Submetering '!AA3 -> 0 | L3: =L2 -> 0 | M3: ='FS Seychelles'!B4 -> 48.7
A4: Seychelles | B4: =B3+1 -> 3 | C4: 2 | D4: 2022 | E4: ='Submetering '!O4+'Submetering '!P4+'Submetering '!Q4+'Submetering '!R4+'Submetering '!S4+'Submetering '!U4 -> 24220 | F4: =(('FS Seychelles'!R5*'FS Seychelles'!S5)+('FS Seychelles'!T5*'FS Seychelles'!U5))/TOTAL!E4 -> 0.28672187 | G4: ='Submetering '!AC4 -> 0 | H4: =H3 -> 1.05 | I4: ='FS Seychelles'!V5+'FS Seychelles'!X5+'FS Seychelles'!Y5+'FS Seychelles'!Z5 -> 376 | J4: =J3 -> 0 | K4: ='Submetering '!AA4 -> 0 | L4: =L3 -> 0 | M4: ='FS Seychelles'!B5 -> 52.6
A5: Seychelles | B5: =B4+1 -> 4 | C5: 2 | D5: 2022 | E5: ='Submetering '!O5+'Submetering '!P5+'Submetering '!Q5+'Submetering '!R5+'Submetering '!S5+'Submetering '!U5 -> 35332 | F5: =(('FS Seychelles'!R6*'FS Seychelles'!S6)+('FS Seychelles'!T6*'FS Seychelles'!U6))/TOTAL!E5 -> 0.26633486 | G5: ='Submetering '!AC5 -> 0 | H5: =H4 -> 1.05 | I5: ='FS Seychelles'!V6+'FS Seychelles'!X6+'FS Seychelles'!Y6+'FS Seychelles'!Z6 -> 525 | J5: =J4 -> 0 | K5: ='Submetering '!AA5 -> 65 | L5: =L4 -> 0 | M5: ='FS Seychelles'!B6 -> 48.7
A6: Seychelles | B6: =B5+1 -> 5 | C6: 2 | D6: 2022 | E6: ='Submetering '!O6+'Submetering '!P6+'Submetering '!Q6+'Submetering '!R6+'Submetering '!S6+'Submetering '!U6 -> 34573 | F6: =(('FS Seychelles'!R7*'FS Seychelles'!S7)+('FS Seychelles'!T7*'FS Seychelles'!U7))/TOTAL!E6 -> 0.27175243 | G6: ='Submetering '!AC6 -> 0 | H6: =H5 -> 1.05 | I6: ='FS Seychelles'!V7+'FS Seychelles'!X7+'FS Seychelles'!Y7+'FS Seychelles'!Z7 -> 533 | J6: =J5 -> 0 | K6: ='Submetering '!AA6 -> 110 | L6: =L5 -> 0 | M6: ='FS Seychelles'!B7 -> 53.9
A7: Seychelles | B7: =B6+1 -> 6 | C7: 2 | D7: 2022 | E7: ='Submetering '!O7+'Submetering '!P7+'Submetering '!Q7+'Submetering '!R7+'Submetering '!S7+'Submetering '!U7 -> 35657 | F7: =(('FS Seychelles'!R8*'FS Seychelles'!S8)+('FS Seychelles'!T8*'FS Seychelles'!U8))/TOTAL!E7 -> 0.2628664 | G7: ='Submetering '!AC7 -> 0 | H7: =H6 -> 1.05 | I7: ='FS Seychelles'!V8+'FS Seychelles'!X8+'FS Seychelles'!Y8+'FS Seychelles'!Z8 -> 438 | J7: =J6 -> 0 | K7: ='Submetering '!AA7 -> 112 | L7: =L6 -> 0 | M7: ='FS Seychelles'!B8 -> 55.3
A8: Seychelles | B8: =B7+1 -> 7 | C8: 2 | D8: 2022 | E8: ='Submetering '!O8+'Submetering '!P8+'Submetering '!Q8+'Submetering '!R8+'Submetering '!S8+'Submetering '!U8 -> 34389 | F8: =(('FS Seychelles'!R9*'FS Seychelles'!S9)+('FS Seychelles'!T9*'FS Seychelles'!U9))/TOTAL!E8 -> 0.26773801 | G8: ='Submetering '!AC8 -> 273.23333 | H8: =H7 -> 1.05 | I8: ='FS Seychelles'!V9+'FS Seychelles'!X9+'FS Seychelles'!Y9+'FS Seychelles'!Z9 -> 460 | J8: =J7 -> 0 | K8: ='Submetering '!AA8 -> 111 | L8: =L7 -> 0 | M8: ='FS Seychelles'!B9 -> 53.9
A9: Seychelles | B9: =B8+1 -> 8 | C9: 2 | D9: 2022 | E9: ='Submetering '!O9+'Submetering '!P9+'Submetering '!Q9+'Submetering '!R9+'Submetering '!S9+'Submetering '!U9 -> 44588 | F9: =(('FS Seychelles'!R10*'FS Seychelles'!S10)+('FS Seychelles'!T10*'FS Seychelles'!U10))/TOTAL!E9 -> 0.28205208 | G9: ='Submetering '!AC9 -> 0 | H9: =H8 -> 1.05 | I9: ='FS Seychelles'!V10+'FS Seychelles'!X10+'FS Seychelles'!Y10+'FS Seychelles'!Z10 -> 348 | J9: =J8 -> 0 | K9: ='Submetering '!AA9 -> 112 | L9: =L8 -> 0 | M9: ='FS Seychelles'!B10 -> 55.3
A10: Seychelles | B10: =B9+1 -> 9 | C10: 2 | D10: 2022 | E10: ='Submetering '!O10+'Submetering '!P10+'Submetering '!Q10+'Submetering '!R10+'Submetering '!S10+'Submetering '!U10 -> 33385 | F10: =(('FS Seychelles'!R11*'FS Seychelles'!S11)+('FS Seychelles'!T11*'FS Seychelles'!U11))/TOTAL!E10 -> 0.27097219 | G10: ='Submetering '!AC10 -> 0 | H10: =H9 -> 1.05 | I10: ='FS Seychelles'!V11+'FS Seychelles'!X11+'FS Seychelles'!Y11+'FS Seychelles'!Z11 -> 427 | J10: =J9 -> 0 | K10: ='Submetering '!AA10 -> 116 | L10: =L9 -> 0 | M10: ='FS Seychelles'!B11 -> 50
A11: Seychelles | B11: =B10+1 -> 10 | C11: 2 | D11: 2022 | E11: ='Submetering '!O11+'Submetering '!P11+'Submetering '!Q11+'Submetering '!R11+'Submetering '!S11+'Submetering '!U11 -> 24180 | F11: =(('FS Seychelles'!R12*'FS Seychelles'!S12)+('FS Seychelles'!T12*'FS Seychelles'!U12))/TOTAL!E11 -> 0.27895841 | G11: ='Submetering '!AC11 -> 0 | H11: =H10 -> 1.05 | I11: ='FS Seychelles'!V12+'FS Seychelles'!X12+'FS Seychelles'!Y12+'FS Seychelles'!Z12 -> 465 | J11: =J10 -> 0 | K11: ='Submetering '!AA11 -> 109 | L11: =L10 -> 0 | M11: ='FS Seychelles'!B12 -> 52.6
A12: Seychelles | B12: =B11+1 -> 11 | C12: 2 | D12: 2022 | E12: ='Submetering '!O12+'Submetering '!P12+'Submetering '!Q12+'Submetering '!R12+'Submetering '!S12+'Submetering '!U12 -> 30788 | F12: =(('FS Seychelles'!R13*'FS Seychelles'!S13)+('FS Seychelles'!T13*'FS Seychelles'!U13))/TOTAL!E12 -> 0.25814515 | G12: ='Submetering '!AC12 -> 0 | H12: =H11 -> 1.05 | I12: ='FS Seychelles'!V13+'FS Seychelles'!X13+'FS Seychelles'!Y13+'FS Seychelles'!Z13 -> 459 | J12: =J11 -> 0 | K12: ='Submetering '!AA12 -> 111 | L12: =L11 -> 0 | M12: ='FS Seychelles'!B13 -> 52.6
A13: Seychelles | B13: =B12+1 -> 12 | C13: 2 | D13: 2022 | E13: ='Submetering '!O13+'Submetering '!P13+'Submetering '!Q13+'Submetering '!R13+'Submetering '!S13+'Submetering '!U13 -> 20662 | F13: =(('FS Seychelles'!R14*'FS Seychelles'!S14)+('FS Seychelles'!T14*'FS Seychelles'!U14))/TOTAL!E13 -> 0.28524276 | G13: ='Submetering '!AC13 -> 0 | H13: =H12 -> 1.05 | I13: ='FS Seychelles'!V14+'FS Seychelles'!X14+'FS Seychelles'!Y14+'FS Seychelles'!Z14 -> 436.63636 | J13: =J12 -> 0 | K13: ='Submetering '!AA13 -> 76.909091 | L13: =L12 -> 0 | M13: ='FS Seychelles'!B14 -> 52.6
A14: Seychelles | B14: =B13+1 -> 13 | C14: 2 | D14: 2022 | E14: ='Submetering '!O14+'Submetering '!P14+'Submetering '!Q14+'Submetering '!R14+'Submetering '!S14+'Submetering '!U14 -> 41369 | F14: =(('FS Seychelles'!R15*'FS Seychelles'!S15)+('FS Seychelles'!T15*'FS Seychelles'!U15))/TOTAL!E14 -> 0.28907924 | G14: ='Submetering '!AC14 -> 0 | H14: =H13 -> 1.05 | I14: ='FS Seychelles'!V15+'FS Seychelles'!X15+'FS Seychelles'!Y15+'FS Seychelles'!Z15 -> 400 | J14: =J13 -> 0 | K14: ='Submetering '!AA14 -> 113 | L14: =L13 -> 0 | M14: ='FS Seychelles'!B15 -> 53.9
... A29: Seychelles | B29: =B28+1 -> 28 | C29: 2 | D29: 2022 | E29: ='Submetering '!O29+'Submetering '!P29+'Submetering '!Q29+'Submetering '!R29+'Submetering '!S29+'Submetering '!U29 -> 37154 | F29: =(('FS Seychelles'!R30*'FS Seychelles'!S30)+('FS Seychelles'!T30*'FS Seychelles'!U30))/TOTAL!E29 -> 0.29312182 | G29: ='Submetering '!AC29 -> 0 | H29: =H28 -> 1.05 | I29: ='FS Seychelles'!V30+'FS Seychelles'!X30+'FS Seychelles'!Y30+'FS Seychelles'!Z30 -> 423 | J29: =J28 -> 0 | K29: ='Submetering '!AA29 -> 112 | L29: =L28 -> 0 | M29: ='FS Seychelles'!B30 -> 55.3
A30: Seychelles | B30: =B29+1 -> 29 | C30: 2 | D30: 2022 | E30: ='Submetering '!O30+'Submetering '!P30+'Submetering '!Q30+'Submetering '!R30+'Submetering '!S30+'Submetering '!U30 -> #REF! | F30: =(('FS Seychelles'!#REF!*'FS Seychelles'!#REF!)+('FS Seychelles'!#REF!*'FS Seychelles'!#REF!))/TOTAL!E30 -> #REF! | G30: ='Submetering '!AC30 -> 0 | H30: =H29 -> 1.05 | I30: ='FS Seychelles'!#REF!+'FS Seychelles'!#REF!+'FS Seychelles'!#REF!+'FS Seychelles'!#REF! -> #REF! | J30: =J29 -> 0 | K30: ='Submetering '!AA30 -> #REF! | L30: =L29 -> 0 | M30: ='FS Seychelles'!#REF! -> #REF!
A31: Seychelles | B31: =B30+1 -> 30 | C31: 2 | D31: 2022 | E31: ='Submetering '!O31+'Submetering '!P31+'Submetering '!Q31+'Submetering '!R31+'Submetering '!S31+'Submetering '!U31 -> #REF! | F31: =(('FS Seychelles'!#REF!*'FS Seychelles'!#REF!)+('FS Seychelles'!#REF!*'FS Seychelles'!#REF!))/TOTAL!E31 -> #REF! | G31: ='Submetering '!AC31 -> 0 | H31: =H30 -> 1.05 | I31: ='FS Seychelles'!#REF!+'FS Seychelles'!#REF!+'FS Seychelles'!#REF!+'FS Seychelles'!#REF! -> #REF! | J31: =J30 -> 0 | K31: ='Submetering '!AA31 -> #REF! | L31: =L30 -> 0 | M31: ='FS Seychelles'!#REF! -> #REF!
A32: Seychelles | B32: 31 | C32: 2 | D32: 2022 | E32: ='Submetering '!O32+'Submetering '!P32+'Submetering '!Q32+'Submetering '!R32+'Submetering '!S32+'Submetering '!U32 -> #REF! | F32: =(('FS Seychelles'!#REF!*'FS Seychelles'!#REF!)+('FS Seychelles'!#REF!*'FS Seychelles'!#REF!))/TOTAL!E32 -> #REF! | G32: ='Submetering '!AC32 -> 0 | H32: =H31 -> 1.05 | I32: ='FS Seychelles'!#REF!+'FS Seychelles'!#REF!+'FS Seychelles'!#REF!+'FS Seychelles'!#REF! -> #REF! | J32: =J31 -> 0 | K32: ='Submetering '!AA32 -> #REF! | L32: =L31 -> 0 | M32: ='FS Seychelles'!#REF! -> #REF!
