Workbook

Sheet TOTAL
A1: Site Name | B1: Day | C1: Month | D1: Year | E1: Total Electricity Kwh | F1: Electricity Tariff ($/Kwh) | G1: LPG (Kg) | H1: LPG $/Kg | I1: Total Fuel Oil (Liter) | J1: Fuel Oil $/Liter | K1: Water Utility Supply (m3) m3 | L1: Water Utility Supply (m3) $/m3 | M1: Room Nights | N1: Food Covers
A2: Bali at Sayan | B2: 1 | C2: 3 | D2: 2022 | E2: =Electricity!F8+Electricity!I8 -> 7360 | F2: =Electricity!L8/TOTAL!E2 -> 1241.1931 | G2: =Gas!F9+Gas!I9+Gas!L9+Gas!O9 -> 60.95408 | H2: =Gas!Q9/TOTAL!G2 -> 15840 | I2: ='Fuel Diesel'!F9 -> 0 | J2: ='Fuel Diesel'!H9 -> 0 | K2: =Water!E9+Water!G9+Water!I9 -> 140 | L2: =Water!K9/TOTAL!K2 -> 4000 | M2: =Electricity!C8 -> 5 | N2: =Electricity!D8 -> 32
A3: Bali at Sayan | B3: =B2+1 -> 2 | C3: 3 | D3: 2022 | E3: =Electricity!F9+Electricity!I9 -> 8040 | F3: =Electricity!L9/TOTAL!E3 -> 1239.6377 | G3: =Gas!F10+Gas!I10+Gas!L10+Gas!O10 -> 52.29388 | H3: =Gas!Q10/TOTAL!G3 -> 15840 | I3: ='Fuel Diesel'!F10 -> 0 | J3: ='Fuel Diesel'!H10 -> 0 | K3: =Water!E10+Water!G10+Water!I10 -> 160 | L3: =Water!K10/TOTAL!K3 -> 4000 | M3: =Electricity!C9 -> 22 | N3: =Electricity!D9 -> 60
A4: Bali at Sayan | B4: =B3+1 -> 3 | C4: 3 | D4: 2022 | E4: =Electricity!F10+Electricity!I10 -> 8580 | F4: =Electricity!L10/TOTAL!E4 -> 1234.6346 | G4: =Gas!F11+Gas!I11+Gas!L11+Gas!O11 -> 67.56 | H4: =Gas!Q11/TOTAL!G4 -> 15840 | I4: ='Fuel Diesel'!F11 -> 0 | J4: ='Fuel Diesel'!H11 -> 0 | K4: =Water!E11+Water!G11+Water!I11 -> 133 | L4: =Water!K11/TOTAL!K4 -> 4000 | M4: =Electricity!C10 -> 22 | N4: =Electricity!D10 -> 120
A5: Bali at Sayan | B5: =B4+1 -> 4 | C5: 3 | D5: 2022 | E5: =Electricity!F11+Electricity!I11 -> 7500 | F5: =Electricity!L11/TOTAL!E5 -> 1234.7302 | G5: =Gas!F12+Gas!I12+Gas!L12+Gas!O12 -> 52.6564 | H5: =Gas!Q12/TOTAL!G5 -> 15840 | I5: ='Fuel Diesel'!F12 -> 0 | J5: ='Fuel Diesel'!H12 -> 0 | K5: =Water!E12+Water!G12+Water!I12 -> 138 | L5: =Water!K12/TOTAL!K5 -> 4000 | M5: =Electricity!C11 -> 11 | N5: =Electricity!D11 -> 46
A6: Bali at Sayan | B6: =B5+1 -> 5 | C6: 3 | D6: 2022 | E6: =Electricity!F12+Electricity!I12 -> 7360 | F6: =Electricity!L12/TOTAL!E6 -> 1233.455 | G6: =Gas!F13+Gas!I13+Gas!L13+Gas!O13 -> 47.6214 | H6: =Gas!Q13/TOTAL!G6 -> 15840 | I6: ='Fuel Diesel'!F13 -> 0 | J6: ='Fuel Diesel'!H13 -> 0 | K6: =Water!E13+Water!G13+Water!I13 -> 153 | L6: =Water!K13/TOTAL!K6 -> 4000 | M6: =Electricity!C12 -> 8 | N6: =Electricity!D12 -> 41
A7: Bali at Sayan | B7: =B6+1 -> 6 | C7: 3 | D7: 2022 | E7: =Electricity!F13+Electricity!I13 -> 6680 | F7: =Electricity!L13/TOTAL!E7 -> 1231.1289 | G7: =Gas!F14+Gas!I14+Gas!L14+Gas!O14 -> 51.08548 | H7: =Gas!Q14/TOTAL!G7 -> 15840 | I7: ='Fuel Diesel'!F14 -> 0 | J7: ='Fuel Diesel'!H14 -> 0 | K7: =Water!E14+Water!G14+Water!I14 -> 107 | L7: =Water!K14/TOTAL!K7 -> 4000 | M7: =Electricity!C13 -> 2 | N7: =Electricity!D13 -> 22
A8: Bali at Sayan | B8: =B7+1 -> 7 | C8: 3 | D8: 2022 | E8: =Electricity!F14+Electricity!I14 -> 6280 | F8: =Electricity!L14/TOTAL!E8 -> 1231.5525 | G8: =Gas!F15+Gas!I15+Gas!L15+Gas!O15 -> 41.7808 | H8: =Gas!Q15/TOTAL!G8 -> 15840 | I8: ='Fuel Diesel'!F15 -> 0 | J8: ='Fuel Diesel'!H15 -> 0 | K8: =Water!E15+Water!G15+Water!I15 -> 101 | L8: =Water!K15/TOTAL!K8 -> 4000 | M8: =Electricity!C14 -> 2 | N8: =Electricity!D14 -> 20
A9: Bali at Sayan | B9: =B8+1 -> 8 | C9: 3 | D9: 2022 | E9: =Electricity!F15+Electricity!I15 -> 6200 | F9: =Electricity!L15/TOTAL!E9 -> 1230.9089 | G9: =Gas!F16+Gas!I16+Gas!L16+Gas!O16 -> 45.8088 | H9: =Gas!Q16/TOTAL!G9 -> 15840 | I9: ='Fuel Diesel'!F16 -> 0 | J9: ='Fuel Diesel'!H16 -> 0 | K9: =Water!E16+Water!G16+Water!I16 -> 88 | L9: =Water!K16/TOTAL!K9 -> 4000 | M9: =Electricity!C15 -> 2 | N9: =Electricity!D15 -> 20
A10: Bali at Sayan | B10: =B9+1 -> 9 | C10: 3 | D10: 2022 | E10: =Electricity!F16+Electricity!I16 -> 6240 | F10: =Electricity!L16/TOTAL!E10 -> 1237.6216 | G10: =Gas!F17+Gas!I17+Gas!L17+Gas!O17 -> 42.34472 | H10: =Gas!Q17/TOTAL!G10 -> 15840 | I10: ='Fuel Diesel'!F17 -> 13 | J10: ='Fuel Diesel'!H17 -> 9.6724845 | K10: =Water!E17+Water!G17+Water!I17 -> 107 | L10: =Water!K17/TOTAL!K10 -> 4000 | M10: =Electricity!C16 -> 3 | N10: =Electricity!D16 -> 14
A11: Bali at Sayan | B11: =B10+1 -> 10 | C11: 3 | D11: 2022 | E11: =Electricity!F17+Electricity!I17 -> 6100 | F11: =Electricity!L17/TOTAL!E11 -> 1226.8129 | G11: =Gas!F18+Gas!I18+Gas!L18+Gas!O18 -> 46.09076 | H11: =Gas!Q18/TOTAL!G11 -> 15840 | I11: ='Fuel Diesel'!F18 -> 1 | J11: ='Fuel Diesel'!H18 -> 0.74403727 | K11: =Water!E18+Water!G18+Water!I18 -> 101 | L11: =Water!K18/TOTAL!K11 -> 4000 | M11: =Electricity!C17 -> 5 | N11: =Electricity!D17 -> 8
A12: Bali at Sayan | B12: =B11+1 -> 11 | C12: 3 | D12: 2022 | E12: =Electricity!F18+Electricity!I18 -> 6220 | F12: =Electricity!L18/TOTAL!E12 -> 1239.7699 | G12: =Gas!F19+Gas!I19+Gas!L19+Gas!O19 -> 42.70724 | H12: =Gas!Q19/TOTAL!G12 -> 15840 | I12: ='Fuel Diesel'!F19 -> 0 | J12: ='Fuel Diesel'!H19 -> 0 | K12: =Water!E19+Water!G19+Water!I19 -> 96 | L12: =Water!K19/TOTAL!K12 -> 4000 | M12: =Electricity!C18 -> 4 | N12: =Electricity!D18 -> 25
A13: Bali at Sayan | B13: =B12+1 -> 12 | C13: 3 | D13: 2022 | E13: =Electricity!F19+Electricity!I19 -> 6720 | F13: =Electricity!L19/TOTAL!E13 -> 1235.6658 | G13: =Gas!F20+Gas!I20+Gas!L20+Gas!O20 -> 46.73524 | H13: =Gas!Q20/TOTAL!G13 -> 15840 | I13: ='Fuel Diesel'!F20 -> 0 | J13: ='Fuel Diesel'!H20 -> 0 | K13: =Water!E20+Water!G20+Water!I20 -> 108 | L13: =Water!K20/TOTAL!K13 -> 4000 | M13: =Electricity!C19 -> 5 | N13: =Electricity!D19 -> 36
A14: Bali at Sayan | B14: =B13+1 -> 13 | C14: 3 | D14: 2022 | E14: =Electricity!F20+Electricity!I20 -> 6880 | F14: =Electricity!L20/TOTAL!E14 -> 1235.0746 | G14: =Gas!F21+Gas!I21+Gas!L21+Gas!O21 -> 46.6144 | H14: =Gas!Q21/TOTAL!G14 -> 15840 | I14: ='Fuel Diesel'!F21 -> 0 | J14: ='Fuel Diesel'!H21 -> 0 | K14: =Water!E21+Water!G21+Water!I21 -> 93 | L14: =Water!K21/TOTAL!K14 -> 4000 | M14: =Electricity!C20 -> 9 | N14: =Electricity!D20 -> 42
... A32: Bali at Sayan | B32: =B31+1 -> 31 | C32: 3 | D32: 2022 | E32: =Electricity!F38+Electricity!I38 -> 8400 | F32: =Electricity!L38/TOTAL!E32 -> 1233.9708 | G32: =Gas!F39+Gas!I39+Gas!L39+Gas!O39 -> 57.2886 | H32: =Gas!Q39/TOTAL!G32 -> 15840 | I32: ='Fuel Diesel'!F39 -> 0 | J32: ='Fuel Diesel'!H39 -> 0 | K32: =Water!E39+Water!G39+Water!I39 -> 153 | L32: =Water!K39/TOTAL!K32 -> 4000 | M32: =Electricity!C38 -> 7 | N32: =Electricity!D38 -> 65
E33: =SUM(E2:E32) -> 226260 | F33: =SUM(F2:F32)/31 -> 1234.0735 | G33: =SUM(G2:G32) -> 1630.1733 | H33: =SUM(H2:H32)/31 -> 15840 | I33: =SUM(I2:I32) -> 72 | J33: =J30+J22+J16+J11+J10 -> 53.570684 | K33: =SUM(K2:K32) -> 3747 | L33: =SUM(L2:L32)/31 -> 4000 | M33: =SUM(M2:M32) -> 280 | N33: =SUM(N2:N32) -> 1381

Sheet Electricity
B1: Daily Electricity Consumption
B2: Engineering Department
B4: 44593
B5: Date | C5: Room Nights | D5: Food Covers | E5: BASED LOAD (from 10 pm - 6 pm) | H5: PEAK LOAD (from 6 pm - 10 pm) | K5: Sub-Total Cost (Based + Peak cost) | L5: TOTAL COST include 10% TAX (sub total cost X 1.1) | M5: USD
E6: Used (reading) | F6: kWh (Used x2000) | G6: IDR Cost (kWh x IDR 1035.5) | H6: Used (reading) | I6: kWh (Used x2000) | J6: Cost (kWh x IDR 1553.25)
B8: 1 | C8: 5 | D8: 32 | E8: 3.02 | F8: =E8*2000 -> 6040 | G8: =F8*1035.5 -> 6254420 | H8: 0.66 | I8: =H8*2000 -> 1320 | J8: =I8*1553.25 -> 2050290 | K8: =G8+J8 -> 8304710 | L8: =K8*1.1 -> 9135181 | M8: =L8/14381 -> 635.22571
B9: 2 | C9: 22 | D9: 60 | E9: 3.31 | F9: =E9*2000 -> 6620 | G9: =F9*1035.5 -> 6855010 | H9: 0.71 | I9: =H9*2000 -> 1420 | J9: =I9*1553.25 -> 2205615 | K9: =G9+J9 -> 9060625 | L9: =K9*1.1 -> 9966687.5 | M9: =L9/14381 -> 693.04551
B10: 3 | C10: 22 | D10: 120 | E10: 3.57 | F10: =E10*2000 -> 7140 | G10: =F10*1035.5 -> 7393470 | H10: 0.72 | I10: =H10*2000 -> 1440 | J10: =I10*1553.25 -> 2236680 | K10: =G10+J10 -> 9630150 | L10: =K10*1.1 -> 10593165 | M10: =L10/14381 -> 736.60837
B11: 4 | C11: 11 | D11: 46 | E11: 3.12 | F11: =E11*2000 -> 6240 | G11: =F11*1035.5 -> 6461520 | H11: 0.63 | I11: =H11*2000 -> 1260 | J11: =I11*1553.25 -> 1957095 | K11: =G11+J11 -> 8418615 | L11: =K11*1.1 -> 9260476.5 | M11: =L11/14381 -> 643.93829
B12: 5 | C12: 8 | D12: 41 | E12: 3.07 | F12: =E12*2000 -> 6140 | G12: =F12*1035.5 -> 6357970 | H12: 0.61 | I12: =H12*2000 -> 1220 | J12: =I12*1553.25 -> 1894965 | K12: =G12+J12 -> 8252935 | L12: =K12*1.1 -> 9078228.5 | M12: =L12/14381 -> 631.26545
B13: 6 | C13: 2 | D13: 22 | E13: 2.8 | F13: =E13*2000 -> 5600 | G13: =F13*1035.5 -> 5798800 | H13: 0.54 | I13: =H13*2000 -> 1080 | J13: =I13*1553.25 -> 1677510 | K13: =G13+J13 -> 7476310 | L13: =K13*1.1 -> 8223941 | M13: =L13/14381 -> 571.86155
B14: 7 | C14: 2 | D14: 20 | E14: 2.63 | F14: =E14*2000 -> 5260 | G14: =F14*1035.5 -> 5446730 | H14: 0.51 | I14: =H14*2000 -> 1020 | J14: =I14*1553.25 -> 1584315 | K14: =G14+J14 -> 7031045 | L14: =K14*1.1 -> 7734149.5 | M14: =L14/14381 -> 537.80332
B15: 8 | C15: 2 | D15: 20 | E15: 2.6 | F15: =E15*2000 -> 5200 | G15: =F15*1035.5 -> 5384600 | H15: 0.5 | I15: =H15*2000 -> 1000 | J15: =I15*1553.25 -> 1553250 | K15: =G15+J15 -> 6937850 | L15: =K15*1.1 -> 7631635 | M15: =L15/14381 -> 530.67485
B16: 9 | C16: 3 | D16: 14 | E16: 2.58 | F16: =E16*2000 -> 5160 | G16: =F16*1035.5 -> 5343180 | H16: 0.54 | I16: =H16*2000 -> 1080 | J16: =I16*1553.25 -> 1677510 | K16: =G16+J16 -> 7020690 | L16: =K16*1.1 -> 7722759 | M16: =L16/14381 -> 537.01126
B17: 10 | C17: 5 | D17: 8 | E17: 2.58 | F17: =E17*2000 -> 5160 | G17: =F17*1035.5 -> 5343180 | H17: 0.47 | I17: =H17*2000 -> 940 | J17: =I17*1553.25 -> 1460055 | K17: =G17+J17 -> 6803235 | L17: =K17*1.1 -> 7483558.5 | M17: =L17/14381 -> 520.37817
B18: 11 | C18: 4 | D18: 25 | E18: 2.56 | F18: =E18*2000 -> 5120 | G18: =F18*1035.5 -> 5301760 | H18: 0.55 | I18: =H18*2000 -> 1100 | J18: =I18*1553.25 -> 1708575 | K18: =G18+J18 -> 7010335 | L18: =K18*1.1 -> 7711368.5 | M18: =L18/14381 -> 536.21921
B19: 12 | C19: 5 | D19: 36 | E19: 2.79 | F19: =E19*2000 -> 5580 | G19: =F19*1035.5 -> 5778090 | H19: 0.57 | I19: =H19*2000 -> 1140 | J19: =I19*1553.25 -> 1770705 | K19: =G19+J19 -> 7548795 | L19: =K19*1.1 -> 8303674.5 | M19: =L19/14381 -> 577.40592
... B38: 31 | C38: 7 | D38: 65 | E38: 3.5 | F38: =E38*2000 -> 7000 | G38: =F38*1035.5 -> 7248500 | H38: 0.7 | I38: =H38*2000 -> 1400 | J38: =I38*1553.25 -> 2174550 | K38: =G38+J38 -> 9423050 | L38: =K38*1.1 -> 10365355 | M38: =L38/14381 -> 720.76733
C39: =SUM(C8:C38) -> 280 | D39: =SUM(D8:D38) -> 1381 | E39: 3.28 | F39: =SUM(F8:F38) -> 188480 | I39: =SUM(I8:I38) -> 37780 | L39: =SUM(L8:L38) -> 2.7923811e+08 | M39: =SUM(M8:M38) -> 19417.155
G41: Total KWh | I41: =F39+I39 -> 226260

Sheet Gas
B1: Daily Gas Consumption
B2: Engineering Department
B4: 44593
B5: Date | C5: Room Nights | D5: Food Covers | E5: LPG Tube 50kg | Q5: TOTAL Cost (include Tax)
E6: Ayung Terrace | H6: Riverside | K6: Sokasi - Cooking class | N6: Porte Cochere bonfire
E7: METER READING | F7: Used (kg) | G7: IDR Cost kg x rate IDR | H7: METER READING (tube installed) | I7: Used (kg) | J7: IDR Cost kg x rate IDR | K7: METER READING | L7: Used (kg) | M7: IDR Cost m3 x rate IDR | N7: Tube installed | O7: Used (kg) | P7: IDR Cost m3 x rate IDR
G8: 15840 | J8: =G8 -> 15840 | M8: =J8 -> 15840 | P8: =J8 -> 15840 | Q8: IDR | R8: USD | U8: =792000/50 -> 15840
B9: 1 | C9: =Electricity!C8 -> 5 | D9: =Electricity!D8 -> 32 | E9: 8787.58 | F9: 53.81408 | G9: =F9*$G$8 -> 852415.03 | I9: 0 | J9: =I9*$J$8 -> 0 | L9: 0 | M9: =L9*$M$8 -> 0 | O9: 7.14 | P9: =O9*$P$8 -> 113097.6 | Q9: =P9+G9+J9+M9 -> 965512.63 | R9: =Q9/14381 -> 67.138073
B10: 2 | C10: =Electricity!C9 -> 22 | D10: =Electricity!D9 -> 60 | E10: 8798.79 | F10: 45.15388 | G10: =F10*$G$8 -> 715237.46 | I10: 0 | J10: =I10*$J$8 -> 0 | L10: 0 | M10: =L10*$M$8 -> 0 | O10: 7.14 | P10: =O10*$P$8 -> 113097.6 | Q10: =J10+M10+G10+P10 -> 828335.06 | R10: =Q10/14381 -> 57.599267
B11: 3 | C11: =Electricity!C10 -> 22 | D11: =Electricity!D10 -> 120 | E11: 8813.79 | F11: 60.42 | G11: =F11*$G$8 -> 957052.8 | I11: 0 | J11: =I11*$J$8 -> 0 | L11: 0 | M11: =L11*$M$8 -> 0 | O11: 7.14 | P11: =O11*$P$8 -> 113097.6 | Q11: =J11+M11+G11+P11 -> 1070150.4 | R11: =Q11/14381 -> 74.414185
B12: 4 | C12: =Electricity!C11 -> 11 | D12: =Electricity!D11 -> 46 | E12: 8825.09 | F12: 45.5164 | G12: =F12*$G$8 -> 720979.78 | I12: 0 | J12: =I12*$J$8 -> 0 | L12: 0 | M12: =L12*$M$8 -> 0 | O12: 7.14 | P12: =O12*$P$8 -> 113097.6 | Q12: =J12+M12+G12+P12 -> 834077.38 | R12: =Q12/14381 -> 57.998566
B13: 5 | C13: =Electricity!C12 -> 8 | D13: =Electricity!D12 -> 41 | E13: 8835.14 | F13: 40.4814 | G13: =F13*$G$8 -> 641225.38 | I13: 0 | J13: =I13*$J$8 -> 0 | L13: 0 | M13: =L13*$M$8 -> 0 | O13: 7.14 | P13: =O13*$P$8 -> 113097.6 | Q13: =J13+M13+G13+P13 -> 754322.98 | R13: =Q13/14381 -> 52.452748
B14: 6 | C14: =Electricity!C13 -> 2 | D14: =Electricity!D13 -> 22 | E14: 8846.05 | F14: 43.94548 | G14: =F14*$G$8 -> 696096.4 | I14: 0 | J14: =I14*$J$8 -> 0 | L14: 0 | M14: =L14*$M$8 -> 0 | O14: 7.14 | P14: =O14*$P$8 -> 113097.6 | Q14: =J14+M14+G14+P14 -> 809194 | R14: =Q14/14381 -> 56.268271
B15: 7 | C15: =Electricity!C14 -> 2 | D15: =Electricity!D14 -> 20 | E15: 8854.65 | F15: 34.6408 | G15: =F15*$G$8 -> 548710.27 | I15: 0 | J15: =I15*$J$8 -> 0 | L15: 0 | M15: =L15*$M$8 -> 0 | O15: 7.14 | P15: =O15*$P$8 -> 113097.6 | Q15: =J15+M15+G15+P15 -> 661807.87 | R15: =Q15/14381 -> 46.0196
B16: 8 | C16: =Electricity!C15 -> 2 | D16: =Electricity!D15 -> 20 | E16: 8864.25 | F16: 38.6688 | G16: =F16*$G$8 -> 612513.79 | I16: 0 | J16: =I16*$J$8 -> 0 | L16: 0 | M16: =L16*$M$8 -> 0 | O16: 7.14 | P16: =O16*$P$8 -> 113097.6 | Q16: =J16+M16+G16+P16 -> 725611.39 | R16: =Q16/14381 -> 50.456254
B17: 9 | C17: =Electricity!C16 -> 3 | D17: =Electricity!D16 -> 14 | E17: 8872.99 | F17: 35.20472 | G17: =F17*$G$8 -> 557642.76 | I17: 0 | J17: =I17*$J$8 -> 0 | L17: 0 | M17: =L17*$M$8 -> 0 | O17: 7.14 | P17: =O17*$P$8 -> 113097.6 | Q17: =J17+M17+G17+P17 -> 670740.36 | R17: =Q17/14381 -> 46.640732
B18: 10 | C18: =Electricity!C17 -> 5 | D18: =Electricity!D17 -> 8 | E18: 8882.66 | F18: 38.95076 | G18: =F18*$G$8 -> 616980.04 | I18: =H18-H17 -> 0 | J18: =I18*$J$8 -> 0 | L18: 0 | M18: =L18*$M$8 -> 0 | O18: 7.14 | P18: =O18*$P$8 -> 113097.6 | Q18: =J18+M18+G18+P18 -> 730077.64 | R18: =Q18/14381 -> 50.76682
B19: 11 | C19: =Electricity!C18 -> 4 | D19: =Electricity!D18 -> 25 | E19: 8891.49 | F19: 35.56724 | G19: =F19*$G$8 -> 563385.08 | I19: =H19-H18 -> 0 | J19: =I19*$J$8 -> 0 | L19: 0 | M19: =L19*$M$8 -> 0 | O19: 7.14 | P19: =O19*$P$8 -> 113097.6 | Q19: =J19+M19+G19+P19 -> 676482.68 | R19: =Q19/14381 -> 47.040031
B20: 12 | C20: =Electricity!C19 -> 5 | D20: =Electricity!D19 -> 36 | E20: 8901.32 | F20: 39.59524 | G20: =F20*$G$8 -> 627188.6 | I20: =H20-H19 -> 0 | J20: =I20*$J$8 -> 0 | L20: 0 | M20: =L20*$M$8 -> 0 | O20: 7.14 | P20: =O20*$P$8 -> 113097.6 | Q20: =J20+M20+G20+P20 -> 740286.2 | R20: =Q20/14381 -> 51.476685
B21: 13 | C21: =Electricity!C20 -> 9 | D21: =Electricity!D20 -> 42 | E21: 8911.12 | F21: 39.4744 | G21: =F21*$G$8 -> 625274.5 | I21: =H21-H20 -> 0 | J21: =I21*$J$8 -> 0 | L21: 0 | M21: =L21*$M$8 -> 0 | O21: 7.14 | P21: =O21*$P$8 -> 113097.6 | Q21: =J21+M21+G21+P21 -> 738372.1 | R21: =Q21/14381 -> 51.343585
B22: 14 | C22: =Electricity!C21 -> 6 | D22: =Electricity!D21 -> 32 | E22: 8921.78 | F22: 42.93848 | G22: =F22*$G$8 -> 680145.52 | I22: =H22-H21 -> 0 | J22: =I22*$J$8 -> 0 | L22: 0 | M22: =L22*$M$8 -> 0 | O22: 7.14 | P22: =O22*$P$8 -> 113097.6 | Q22: =J22+M22+G22+P22 -> 793243.12 | R22: =Q22/14381 -> 55.159107
B23: 15 | C23: =Electricity!C22 -> 6 | D23: =Electricity!D22 -> 43 | E23: 8932.6 | F23: 43.58296 | G23: =F23*$G$8 -> 690354.09 | I23: =H23-H22 -> 0 | J23: =I23*$J$8 -> 0 | L23: 0 | M23: =L23*$M$8 -> 0 | O23: 7.14 | P23: =O23*$P$8 -> 113097.6 | Q23: =J23+M23+G23+P23 -> 803451.69 | R23: =Q23/14381 -> 55.868972
B24: 16 | C24: =Electricity!C23 -> 6 | D24: =Electricity!D23 -> 23 | E24: 8943.6 | F24: 44.308 | G24: =F24*$G$8 -> 701838.72 | I24: =H24-H23 -> 0 | J24: =I24*$J$8 -> 0 | L24: 0 | M24: =L24*$M$8 -> 0 | O24: 7.14 | P24: =O24*$P$8 -> 113097.6 | Q24: =J24+M24+G24+P24 -> 814936.32 | R24: =Q24/14381 -> 56.66757
B25: 17 | C25: =Electricity!C24 -> 10 | D25: =Electricity!D24 -> 29 | E25: 8957.18 | F25: 54.70024 | G25: =F25*$G$8 -> 866451.8 | I25: =H25-H24 -> 0 | J25: =I25*$J$8 -> 0 | L25: 0 | M25: =L25*$M$8 -> 0 | O25: 7.14 | P25: =O25*$P$8 -> 113097.6 | Q25: =J25+M25+G25+P25 -> 979549.4 | R25: =Q25/14381 -> 68.114137
B26: 18 | C26: =Electricity!C25 -> 10 | D26: =Electricity!D25 -> 35 | E26: 8966.85 | F26: 38.95076 | G26: =F26*$G$8 -> 616980.04 | I26: =H26-H25 -> 0 | J26: =I26*$J$8 -> 0 | L26: 0 | M26: =L26*$M$8 -> 0 | O26: 7.14 | P26: =O26*$P$8 -> 113097.6 | Q26: =J26+M26+G26+P26 -> 730077.64 | R26: =Q26/14381 -> 50.76682
B27: 19 | C27: =Electricity!C26 -> 9 | D27: =Electricity!D26 -> 47 | E27: 8977.47 | F27: 42.77736 | G27: =F27*$G$8 -> 677593.38 | I27: =H27-H26 -> 0 | J27: =I27*$J$8 -> 0 | L27: 0 | M27: =L27*$M$8 -> 0 | O27: 7.14 | P27: =O27*$P$8 -> 113097.6 | Q27: =J27+M27+G27+P27 -> 790690.98 | R27: =Q27/14381 -> 54.981641
B28: 20 | C28: =Electricity!C27 -> 6 | D28: =Electricity!D27 -> 67 | E28: 8989.61 | F28: 48.89992 | G28: =F28*$G$8 -> 774574.73 | I28: =H28-H27 -> 0 | J28: =I28*$J$8 -> 0 | L28: 0 | M28: =L28*$M$8 -> 0 | O28: 7.14 | P28: =O28*$P$8 -> 113097.6 | Q28: =J28+M28+G28+P28 -> 887672.33 | R28: =Q28/14381 -> 61.725355
B29: 21 | C29: =Electricity!C28 -> 5 | D29: =Electricity!D28 -> 42 | E29: 9000.41 | F29: 43.5024 | G29: =F29*$G$8 -> 689078.02 | I29: =H29-H28 -> 0 | J29: =I29*$J$8 -> 0 | L29: 0 | M29: =L29*$M$8 -> 0 | O29: 7.14 | P29: =O29*$P$8 -> 113097.6 | Q29: =J29+M29+G29+P29 -> 802175.62 | R29: =Q29/14381 -> 55.780239
... B33: 25 | C33: =Electricity!C32 -> 19 | D33: =Electricity!D32 -> 74 | E33: 9049.96 | F33: 53.69324 | G33: =F33*$G$8 -> 850500.92 | I33: =H33-H32 -> 0 | J33: =I33*$J$8 -> 0 | L33: 0 | M33: =L33*$M$8 -> 0 | O33: 7.14 | P33: =O33*$P$8 -> 113097.6 | Q33: =J33+M33+G33+P33 -> 963598.52 | R33: =Q33/14381 -> 67.004973
B34: 26 | C34: =Electricity!C33 -> 15 | D34: =Electricity!D33 -> 71 | E34: 9061.48 | F34: 46.40256 | G34: =F34*$G$8 -> 735016.55 | I34: =H34-H30 -> 0 | J34: =I34*$J$8 -> 0 | L34: 0 | M34: =L34*$M$8 -> 0 | O34: 7.14 | P34: =O34*$P$8 -> 113097.6 | Q34: =J34+M34+G34+P34 -> 848114.15 | R34: =Q34/14381 -> 58.97463
B35: 27 | C35: =Electricity!C34 -> 10 | D35: =Electricity!D34 -> 75 | E35: 9074.26 | F35: 51.47784 | G35: =F35*$G$8 -> 815408.99 | I35: =H35-H34 -> 0 | J35: =I35*$J$8 -> 0 | L35: 0 | M35: =L35*$M$8 -> 0 | O35: 7.14 | P35: =O35*$P$8 -> 113097.6 | Q35: =J35+M35+G35+P35 -> 928506.59 | R35: =Q35/14381 -> 64.564814
B36: 28 | C36: =Electricity!C35 -> 7 | D36: =Electricity!D35 -> 21 | E36: 9086.73 | F36: 50.22916 | G36: =F36*$G$8 -> 795629.89 | I36: =H36-H35 -> 0 | J36: =I36*$J$8 -> 0 | L36: 0 | M36: =L36*$M$8 -> 0 | O36: 7.14 | P36: =O36*$P$8 -> 113097.6 | Q36: =J36+M36+G36+P36 -> 908727.49 | R36: =Q36/14381 -> 63.189451
B37: 29 | C37: =Electricity!C36 -> 12 | D37: =Electricity!D36 -> 43 | E37: 9098.45 | F37: 47.20816 | G37: =F37*$G$8 -> 747777.25 | I37: =H37-H33 -> 0 | J37: =I37*$J$8 -> 0 | L37: 0 | M37: =L37*$M$8 -> 0 | O37: 7.14 | P37: =O37*$P$8 -> 113097.6 | Q37: =J37+M37+G37+P37 -> 860874.85 | R37: =Q37/14381 -> 59.861961
B38: 30 | C38: =Electricity!C37 -> 14 | D38: =Electricity!D37 -> 51 | E38: 9111.53 | F38: 52.68624 | G38: =F38*$G$8 -> 834550.04 | I38: =H38-H37 -> 0 | J38: =I38*$J$8 -> 0 | L38: 0 | M38: =L38*$M$8 -> 0 | O38: 7.14 | P38: =O38*$P$8 -> 113097.6 | Q38: =J38+M38+G38+P38 -> 947647.64 | R38: =Q38/14381 -> 65.89581
B39: 31 | C39: =Electricity!C38 -> 7 | D39: =Electricity!D38 -> 65 | E39: 9123.98 | F39: 50.1486 | G39: =F39*$G$8 -> 794353.82 | I39: =H39-H38 -> 0 | J39: =I39*$J$8 -> 0 | L39: 0 | M39: =L39*$M$8 -> 0 | O39: 7.14 | P39: =O39*$P$8 -> 113097.6 | Q39: =J39+M39+G39+P39 -> 907451.42 | R39: =Q39/14381 -> 63.100718
C40: =SUM(C9:C39) -> 280 | D40: =SUM(D9:D39) -> 1381 | F40: =SUM(F9:F39) -> 1408.8333 | I40: Closure | L40: Closure | O40: =SUM(O9:O39) -> 221.34 | R40: =SUM(R9:R39) -> 1795.5597
N41: Total kg | O41: =F40+O40 -> 1630.1733

Sheet Fuel Diesel
B1: Daily Fuel Consumption
B2: Engineering Department
B4: 44593
B5: , | C5: Room Nights | D5: Food Covers | E5: Diesel | H5: USD
E7: METER READING | F7: Used (ltrs) | G7: IDR Cost m3 x rate IDR
G8: 10700
B9: 1 | C9: =Gas!C9 -> 5 | D9: =Gas!D9 -> 32 | E9: 3098 | F9: 0 | G9: =F9*$G$8 -> 0 | H9: =G9/14381 -> 0
B10: 2 | C10: =Gas!C10 -> 22 | D10: =Gas!D10 -> 60 | E10: 3098 | F10: =E10-E9 -> 0 | G10: =F10*$G$8 -> 0 | H10: =G10/14381 -> 0
B11: 3 | C11: =Gas!C11 -> 22 | D11: =Gas!D11 -> 120 | E11: 3098 | F11: =E11-E10 -> 0 | G11: =F11*$G$8 -> 0 | H11: =G11/14381 -> 0
B12: 4 | C12: =Gas!C12 -> 11 | D12: =Gas!D12 -> 46 | E12: 3098 | F12: =E12-E11 -> 0 | G12: =F12*$G$8 -> 0 | H12: =G12/14381 -> 0
B13: 5 | C13: =Gas!C13 -> 8 | D13: =Gas!D13 -> 41 | E13: 3098 | F13: =E13-E12 -> 0 | G13: =F13*$G$8 -> 0 | H13: =G13/14381 -> 0
B14: 6 | C14: =Gas!C14 -> 2 | D14: =Gas!D14 -> 22 | E14: 3098 | F14: =E14-E13 -> 0 | G14: =F14*$G$8 -> 0 | H14: =G14/14381 -> 0
B15: 7 | C15: =Gas!C15 -> 2 | D15: =Gas!D15 -> 20 | E15: 3098 | F15: =E15-E14 -> 0 | G15: =F15*$G$8 -> 0 | H15: =G15/14381 -> 0
B16: 8 | C16: =Gas!C16 -> 2 | D16: =Gas!D16 -> 20 | E16: 3098 | F16: =E16-E15 -> 0 | G16: =F16*$G$8 -> 0 | H16: =G16/14381 -> 0
B17: 9 | C17: =Gas!C17 -> 3 | D17: =Gas!D17 -> 14 | E17: 3111 | F17: =E17-E16 -> 13 | G17: =F17*$G$8 -> 139100 | H17: =G17/14381 -> 9.6724845
B18: 10 | C18: =Gas!C18 -> 5 | D18: =Gas!D18 -> 8 | E18: 3112 | F18: =E18-E17 -> 1 | G18: =F18*$G$8 -> 10700 | H18: =G18/14381 -> 0.74403727
B19: 11 | C19: =Gas!C19 -> 4 | D19: =Gas!D19 -> 25 | E19: 3112 | F19: =E19-E18 -> 0 | G19: =F19*$G$8 -> 0 | H19: =G19/14381 -> 0
B20: 12 | C20: =Gas!C20 -> 5 | D20: =Gas!D20 -> 36 | E20: 3112 | F20: =E20-E19 -> 0 | G20: =F20*$G$8 -> 0 | H20: =G20/14381 -> 0
B21: 13 | C21: =Gas!C21 -> 9 | D21: =Gas!D21 -> 42 | E21: 3112 | F21: =E21-E20 -> 0 | G21: =F21*$G$8 -> 0 | H21: =G21/14381 -> 0
... B31: 23 | C31: =Gas!C31 -> 13 | D31: =Gas!D31 -> 43 | E31: 3153 | F31: =E31-E30 -> 0 | G31: =F31*$G$8 -> 0 | H31: =G31/14381 -> 0
B32: 24 | C32: =Gas!C32 -> 16 | D32: =Gas!D32 -> 79 | E32: 3153 | F32: =E32-E31 -> 0 | H32: =G32/14381 -> 0
B33: 25 | C33: =Gas!C33 -> 19 | D33: =Gas!D33 -> 74 | E33: 3153 | F33: =E33-E32 -> 0 | G33: =F33*$G$8 -> 0 | H33: =G33/14381 -> 0
B34: 26 | C34: =Gas!C34 -> 15 | D34: =Gas!D34 -> 71 | E34: 3153 | F34: =E34-E33 -> 0 | G34: =F34*$G$8 -> 0 | H34: =G34/14381 -> 0
B35: 27 | C35: =Gas!C35 -> 10 | D35: =Gas!D35 -> 75 | E35: 3153 | F35: =E35-E34 -> 0 | G35: =F35*$G$8 -> 0 | H35: =G35/14381 -> 0
B36: 28 | C36: =Gas!C36 -> 7 | D36: =Gas!D36 -> 21 | E36: 3153 | F36: =E36-E35 -> 0 | G36: =F36*$G$8 -> 0 | H36: =G36/14381 -> 0
B37: 29 | C37: =Gas!C37 -> 12 | D37: =Gas!D37 -> 43 | E37: 3170 | F37: =E37-E36 -> 17 | G37: =F37*$G$8 -> 181900 | H37: =G37/14381 -> 12.648634
B38: 30 | C38: =Gas!C38 -> 14 | D38: =Gas!D38 -> 51 | E38: 3170 | F38: =E38-E37 -> 0 | G38: =F38*$G$8 -> 0 | H38: =G38/14381 -> 0
B39: 31 | C39: =Gas!C39 -> 7 | D39: =Gas!D39 -> 65 | E39: 3170 | F39: =E39-E38 -> 0 | G39: =F39*$G$8 -> 0 | H39: =G39/14381 -> 0
C40: =SUM(C9:C39) -> 280 | D40: =SUM(D9:D39) -> 1381 | F40: =SUM(F9:F39) -> 72 | H40: =SUM(H9:H39) -> 53.570684

Sheet Water
B2: Daily Water Consumption
B3: Engineering Department
B5: 44593
B6: Date | C6: RN | D6: Food Covers | E6: MUNICIPAL WATER | G6: DEEP WELL | K6: Total Cost (Municipal + DW1 + DW2 cost) | L6: USD (Total Cost / exchange rate IDR)
E7: Used | F7: Water Cost (M3 x IDR 13,582) | G7: Used | H7: DW 1 Cost (M3 x IDR 4,000) | I7: Used | J7: DW 2 Cost (M3 x IDR 4,000)
B9: 1 | C9: ='Fuel Diesel'!C9 -> 5 | D9: ='Fuel Diesel'!D9 -> 32 | E9: 0 | F9: =E9*13582 -> 0 | G9: 52 | H9: =G9*4000 -> 208000 | I9: 88 | J9: =I9*4000 -> 352000 | K9: =F9+H9+J9 -> 560000 | L9: =K9/14381 -> 38.940268
B10: 2 | C10: ='Fuel Diesel'!C10 -> 22 | D10: ='Fuel Diesel'!D10 -> 60 | E10: 0 | F10: =E10*13582 -> 0 | G10: 60 | H10: =G10*4000 -> 240000 | I10: 100 | J10: =I10*4000 -> 400000 | K10: =F10+H10+J10 -> 640000 | L10: =K10/14381 -> 44.503164
B11: 3 | C11: ='Fuel Diesel'!C11 -> 22 | D11: ='Fuel Diesel'!D11 -> 120 | E11: 0 | F11: =E11*13582 -> 0 | G11: 48 | H11: =G11*4000 -> 192000 | I11: 85 | J11: =I11*4000 -> 340000 | K11: =F11+H11+J11 -> 532000 | L11: =K11/14381 -> 36.993255
B12: 4 | C12: ='Fuel Diesel'!C12 -> 11 | D12: ='Fuel Diesel'!D12 -> 46 | E12: 0 | F12: =E12*13582 -> 0 | G12: 53 | H12: =G12*4000 -> 212000 | I12: 85 | J12: =I12*4000 -> 340000 | K12: =F12+H12+J12 -> 552000 | L12: =K12/14381 -> 38.383979
B13: 5 | C13: ='Fuel Diesel'!C13 -> 8 | D13: ='Fuel Diesel'!D13 -> 41 | E13: 0 | F13: =E13*13582 -> 0 | G13: 57 | H13: =G13*4000 -> 228000 | I13: 96 | J13: =I13*4000 -> 384000 | K13: =F13+H13+J13 -> 612000 | L13: =K13/14381 -> 42.55615
B14: 6 | C14: ='Fuel Diesel'!C14 -> 2 | D14: ='Fuel Diesel'!D14 -> 22 | E14: 0 | F14: =E14*13582 -> 0 | G14: 40 | H14: =G14*4000 -> 160000 | I14: 67 | J14: =I14*4000 -> 268000 | K14: =F14+H14+J14 -> 428000 | L14: =K14/14381 -> 29.761491
B15: 7 | C15: ='Fuel Diesel'!C15 -> 2 | D15: ='Fuel Diesel'!D15 -> 20 | E15: 0 | F15: =E15*13582 -> 0 | G15: 37 | H15: =G15*4000 -> 148000 | I15: 64 | J15: =I15*4000 -> 256000 | K15: =F15+H15+J15 -> 404000 | L15: =K15/14381 -> 28.092622
B16: 8 | C16: ='Fuel Diesel'!C16 -> 2 | D16: ='Fuel Diesel'!D16 -> 20 | E16: 0 | F16: =E16*13582 -> 0 | G16: 33 | H16: =G16*4000 -> 132000 | I16: 55 | J16: =I16*4000 -> 220000 | K16: =F16+H16+J16 -> 352000 | L16: =K16/14381 -> 24.47674
B17: 9 | C17: ='Fuel Diesel'!C17 -> 3 | D17: ='Fuel Diesel'!D17 -> 14 | E17: 0 | F17: =E17*13582 -> 0 | G17: 39 | H17: =G17*4000 -> 156000 | I17: 68 | J17: =I17*4000 -> 272000 | K17: =F17+H17+J17 -> 428000 | L17: =K17/14381 -> 29.761491
B18: 10 | C18: ='Fuel Diesel'!C18 -> 5 | D18: ='Fuel Diesel'!D18 -> 8 | E18: 0 | F18: =E18*13582 -> 0 | G18: 38 | H18: =G18*4000 -> 152000 | I18: 63 | J18: =I18*4000 -> 252000 | K18: =F18+H18+J18 -> 404000 | L18: =K18/14381 -> 28.092622
B19: 11 | C19: ='Fuel Diesel'!C19 -> 4 | D19: ='Fuel Diesel'!D19 -> 25 | E19: 0 | F19: =E19*13582 -> 0 | G19: 36 | H19: =G19*4000 -> 144000 | I19: 60 | J19: =I19*4000 -> 240000 | K19: =F19+H19+J19 -> 384000 | L19: =K19/14381 -> 26.701898
B20: 12 | C20: ='Fuel Diesel'!C20 -> 5 | D20: ='Fuel Diesel'!D20 -> 36 | E20: 0 | F20: =E20*13582 -> 0 | G20: 40 | H20: =G20*4000 -> 160000 | I20: 68 | J20: =I20*4000 -> 272000 | K20: =F20+H20+J20 -> 432000 | L20: =K20/14381 -> 30.039636
... B35: 27 | C35: ='Fuel Diesel'!C35 -> 10 | D35: ='Fuel Diesel'!D35 -> 75 | E35: 0 | F35: =E35*13582 -> 0 | G35: 42 | H35: =G35*4000 -> 168000 | I35: 67 | J35: =I35*4000 -> 268000 | K35: =F35+H35+J35 -> 436000 | L35: =K35/14381 -> 30.31778
B36: 28 | C36: ='Fuel Diesel'!C33 -> 19 | D36: ='Fuel Diesel'!D33 -> 74 | E36: 0 | F36: =E36*13582 -> 0 | G36: 47 | H36: =G36*4000 -> 188000 | I36: 77 | J36: =I36*4000 -> 308000 | K36: =F36+H36+J36 -> 496000 | L36: =K36/14381 -> 34.489952
B37: 29 | C37: ='Fuel Diesel'!C37 -> 12 | D37: ='Fuel Diesel'!D37 -> 43 | E37: 0 | F37: =E37*13582 -> 0 | G37: 43 | H37: =G37*4000 -> 172000 | I37: 72 | J37: =I37*4000 -> 288000 | K37: =F37+H37+J37 -> 460000 | L37: =K37/14381 -> 31.986649
B38: 30 | C38: ='Fuel Diesel'!C38 -> 14 | D38: ='Fuel Diesel'!D38 -> 51 | E38: 0 | F38: =E38*13582 -> 0 | G38: 56 | H38: =G38*4000 -> 224000 | I38: 94 | J38: =I38*4000 -> 376000 | K38: =F38+H38+J38 -> 600000 | L38: =K38/14381 -> 41.721716
B39: 31 | C39: ='Fuel Diesel'!C39 -> 7 | D39: ='Fuel Diesel'!D39 -> 65 | E39: 0 | F39: =E39*13582 -> 0 | G39: 58 | H39: =G39*4000 -> 232000 | I39: 95 | J39: =I39*4000 -> 380000 | K39: =F39+H39+J39 -> 612000 | L39: =K39/14381 -> 42.55615
C40: =SUM(C9:C39) -> 292 | D40: =SUM(D9:D39) -> 1434 | E40: 0 | G40: =SUM(G9:G39) -> 1402 | I40: =SUM(I9:I39) -> 2345 | J40: =G40+I40 -> 3747 | L40: =SUM(L9:L39) -> 1042.2085
H41: TOTAL Used | I41: =G40+I40 -> 3747
