Workbook

Sheet FS Seychelles
A2: DATE | B2: Room Night % | C2: Food Covers (Customers) | D2: SS-A (KWH) | E2: SS-B (KWH) | F2: SS-C (KWH) | G2: SS-D1 (KWH) | H2: SS-D2 (KWH) | I2: SS-E (KWH) | J2: FIRE PUMP (KWH) | K2: CASINO (KWH) | L2: BOH (KWH) | M2: Generator#1 (KWH) | N2: Generator#2 (KWH) | O2: Generator#3 (KWH) | P2: Generator#4 (KWH) | Q2: Generator#5 (KWH) | R2: DIESEL (Liter) | S2: DIESEL TARIFF (Euro/Liter) | T2: PUC (KWh) | U2: PUC Tariff (Euro/KWh) | V2: BOH Water (m3) | W2: E-Resort (m3) | X2: North RVs (m3) | Y2: WT59 (m3) | Z2: WT08 (m3) | AA2: PUC HOH (m3) | AB2: PUC Eresort (m3) | AC2: LPG (Kg)
A3: 44562 | B3: 73.7 | C3: 447 | D3: 0 | E3: 0 | F3: 0 | G3: 0 | H3: 0 | I3: 0 | J3: 0 | K3: 0 | L3: 0 | M3: 0 | N3: 11062 | O3: 9102 | P3: 0 | Q3: 16163 | R3: =2654+1881+3598 -> 8133 | S3: =19.9*0.06 -> 1.194 | T3: 0 | U3: 0.32 | V3: 55 | W3: 49 | X3: 41 | Y3: 197 | Z3: 102 | AA3: 85 | AB3: 0 | AC3: CYLINDER DELIVERY (KG)
A4: 44563 | B4: 67.1 | C4: 366 | D4: 0 | E4: 0 | F4: 0 | G4: 0 | H4: 0 | I4: 0 | J4: 0 | K4: 0 | L4: 0 | M4: 6234 | N4: 9614 | O4: 9042 | P4: 5723 | Q4: 5755 | R4: =1399+1950+1938+1399+1234 -> 7920 | S4: =S3 -> 1.194 | T4: 0 | U4: =U3 -> 0.32 | V4: 55 | W4: 36 | X4: 30 | Y4: 162 | Z4: 88 | AA4: 98 | AB4: 0 | AC4: Unit (kg) | AD4: Quantity | AE4: Sub total
A5: 44564 | B5: 75 | C5: 411 | D5: 0 | E5: 0 | F5: 0 | G5: 0 | H5: 0 | I5: 0 | J5: 0 | K5: 0 | L5: 0 | M5: 5272 | N5: 10694 | O5: 7349 | P5: 6416 | Q5: 4290 | R5: =1179+2383+2073+1609+994 -> 8238 | S5: =S4 -> 1.194 | T5: 0 | U5: =U4 -> 0.32 | V5: 56 | W5: 0 | X5: 42 | Y5: 158 | Z5: 99 | AA5: 0 | AB5: 0
A6: 44565 | B6: 75 | C6: 482 | D6: 0 | E6: 0 | F6: 0 | G6: 0 | H6: 0 | I6: 0 | J6: 0 | K6: 0 | L6: 0 | M6: 8348 | N6: 12229 | O6: 5167 | P6: 0 | Q6: 8974 | R6: =1830+2692+1140+1981 -> 7643 | S6: =S5 -> 1.194 | T6: 0 | U6: =U5 -> 0.32 | V6: 68 | W6: 19 | X6: 46 | Y6: 154 | Z6: 122 | AA6: 58 | AB6: 0 | AC6: 5 | AD6: 0 | AE6: 0
A7: 44566 | B7: 77.6 | C7: 466 | D7: 0 | E7: 0 | F7: 0 | G7: 0 | H7: 0 | I7: 0 | J7: 0 | K7: 0 | L7: 0 | M7: 5964 | N7: 10771 | O7: 9685 | P7: 0 | Q7: 10008 | R7: =1309+2282+1994+2104 -> 7689 | S7: =S6 -> 1.194 | T7: 0 | U7: =U6 -> 0.32 | V7: 62 | W7: 42 | X7: 35 | Y7: 217 | Z7: 79 | AA7: 0 | AB7: 0 | AC7: 20 | AD7: 68 | AE7: 1360
A8: 44567 | B8: 69.7 | C8: 483 | D8: 0 | E8: 0 | F8: 0 | G8: 0 | H8: 0 | I8: 0 | J8: 0 | K8: 0 | L8: 0 | M8: 5775 | N8: 8467 | O8: 10302 | P8: 0 | Q8: 9958 | R8: =1251+1841+2209+2107 -> 7408 | S8: =S7 -> 1.194 | T8: 0 | U8: =U7 -> 0.32 | V8: 61 | W8: 0 | X8: 50 | Y8: 175 | Z8: 111 | AA8: 0 | AB8: 0 | AC8: 24 | AD8: 0 | AE8: 0
A9: 44568 | B9: 69.7 | C9: 463 | D9: 0 | E9: 0 | F9: 0 | G9: 0 | H9: 0 | I9: 0 | J9: 0 | K9: 0 | L9: 0 | M9: 5396 | N9: 13312 | O9: 8059 | P9: 0 | Q9: 10857 | R9: =1189+2850+1709+2339 -> 8087 | S9: =S8 -> 1.194 | T9: 0 | U9: =U8 -> 0.32 | V9: 76 | W9: 37 | X9: 52 | Y9: 180 | Z9: 85 | AA9: 0 | AB9: 0
A10: 44569 | B10: 55.3 | C10: 388 | D10: 0 | E10: 0 | F10: 0 | G10: 0 | H10: 0 | I10: 0 | J10: 0 | K10: 0 | L10: 0 | M10: 9646 | N10: 5071 | O10: 10748 | P10: 0 | Q10: 10676 | R10: =2099+1106+2272+2333 -> 7810 | S10: =S9 -> 1.194 | T10: 0 | U10: =U9 -> 0.32 | V10: 76 | W10: 47 | X10: 41 | Y10: 200 | Z10: 117 | AA10: 0 | AB10: 0 | AD10: Total | AE10: =SUM(AE6:AE9) -> 1360
A11: 44570 | B11: 63.2 | C11: 390 | D11: 0 | E11: 0 | F11: 0 | G11: 0 | H11: 0 | I11: 0 | J11: 0 | K11: 0 | L11: 0 | M11: 0 | N11: 5749 | O11: 15591 | P11: 0 | Q11: 15572 | R11: =1229+3299+3338 -> 7866 | S11: =S10 -> 1.194 | T11: 0 | U11: =U10 -> 0.32 | V11: =AVERAGE(V3:V10) -> 63.625 | W11: =AVERAGE(W3:W10) -> 28.75 | X11: =AVERAGE(X3:X10) -> 42.125 | Y11: =AVERAGE(Y3:Y10) -> 180.375 | Z11: =AVERAGE(Z3:Z10) -> 100.375 | AA11: =AVERAGE(AA3:AA10) -> 30.125 | AB11: 0 | AC11: TRUCK DELIVERY (KG)
A12: 44571 | B12: 71.1 | C12: 474 | D12: 0 | E12: 0 | F12: 0 | G12: 0 | H12: 0 | I12: 0 | J12: 0 | K12: 0 | L12: 0 | M12: 0 | N12: 9549 | O12: 14782 | P12: 0 | Q12: 8459 | R12: =2026+3134+1780 -> 6940 | S12: =S11 -> 1.194 | T12: 0 | U12: =U11 -> 0.32 | V12: 63.625 | W12: 28.75 | X12: 42.125 | Y12: 180.375 | Z12: 100.375 | AA12: 30.125 | AB12: 0 | AD12: Sub Total
A13: 44572 | B13: 76.3 | C13: 552 | D13: 0 | E13: 0 | F13: 0 | G13: 0 | H13: 0 | I13: 0 | J13: 0 | K13: 0 | L13: 0 | M13: 12825 | N13: 7815 | O13: 18689 | P13: 0 | Q13: 11938 | R13: =2786+1994+9069+2664 -> 16513 | S13: =S12 -> 1.194 | T13: 0 | U13: =U12 -> 0.32 | V13: 62 | W13: 23 | X13: 34 | Y13: 192 | Z13: 110 | AA13: 0 | AB13: 0 | AC13: Sitronel | AD13: 5250
A14: 44573 | B14: 69.7 | C14: 443 | D14: 0 | E14: 0 | F14: 0 | G14: 0 | H14: 0 | I14: 0 | J14: 0 | K14: 0 | L14: 0 | M14: 6637 | N14: 15438 | O14: 0 | P14: 0 | Q14: 7340 | R14: =1296+6465+1507 -> 9268 | S14: =S13 -> 1.194 | T14: 0 | U14: =U13 -> 0.32 | V14: 58 | W14: 39 | X14: 41 | Y14: 187 | Z14: 117 | AA14: 0 | AB14: 0 | AC14: Zez | AD14: 2180
A15: 44574 | B15: 57.9 | C15: 410 | D15: 0 | E15: 0 | F15: 0 | G15: 0 | H15: 0 | I15: 0 | J15: 0 | K15: 0 | L15: 0 | M15: 10484 | N15: 6911 | O15: 10200 | P15: 0 | Q15: 0 | R15: =2387+1477+2255 -> 6119 | S15: =20.12*0.06 -> 1.2072 | T15: 0 | U15: =U14 -> 0.32 | V15: 60 | W15: 29 | X15: 44 | Y15: 191 | Z15: 118 | AA15: 0 | AB15: 0 | AD15: Total | AE15: =SUM(AD13:AE14) -> 7430
A16: 44575 | B16: 59.2 | C16: 382 | D16: 0 | E16: 0 | F16: 0 | G16: 0 | H16: 0 | I16: 0 | J16: 0 | K16: 0 | L16: 0 | M16: 15075 | N16: 0 | O16: 11098 | P16: 0 | Q16: 0 | R16: =3489+2468 -> 5957 | S16: =20.12*0.06 -> 1.2072 | T16: 0 | U16: =U15 -> 0.32 | V16: 67 | W16: 18 | X16: 26 | Y16: 163 | Z16: 94 | AA16: 0 | AB16: 0
A17: 44576 | B17: 44.7 | C17: 323 | D17: 0 | E17: 0 | F17: 0 | G17: 0 | H17: 0 | I17: 0 | J17: 0 | K17: 0 | L17: 0 | M17: 6397 | N17: 9767 | O17: 7809 | P17: 0 | Q17: 10582 | R17: =1349+2318+1697+2406 -> 7770 | S17: =20.12*0.06 -> 1.2072 | T17: 0 | U17: =U16 -> 0.32 | V17: 71 | W17: 64 | X17: 44 | Y17: 208 | Z17: 118 | AA17: 0 | AB17: 0
A18: 44577 | B18: 27.6 | C18: 200 | D18: 0 | E18: 0 | F18: 0 | G18: 0 | H18: 0 | I18: 0 | J18: 0 | K18: 0 | L18: 0 | M18: 9008 | N18: 4684 | O18: 9094 | P18: 0 | Q18: 8142 | R18: =1896+1132+1943+1780 -> 6751 | S18: =20.12*0.06 -> 1.2072 | T18: 0 | U18: =U17 -> 0.32 | V18: 74 | W18: 0 | X18: 6 | Y18: 178 | Z18: 146 | AA18: 0 | AB18: 0
A19: 44578 | B19: 14.5 | C19: 126 | D19: 0 | E19: 0 | F19: 0 | G19: 0 | H19: 0 | I19: 0 | J19: 0 | K19: 0 | L19: 0 | M19: 7969 | N19: 7423 | O19: 9326 | P19: 0 | Q19: 2634 | R19: =1768+1720+2081+566 -> 6135 | S19: =20.12*0.06 -> 1.2072 | T19: 0 | U19: =U18 -> 0.32 | V19: 63.625 | W19: 28.75 | X19: 42.125 | Y19: 180.375 | Z19: 100.375 | AA19: 30.125 | AB19: 0
A20: 44579 | B20: 0 | C20: 0 | D20: 0 | E20: 0 | F20: 0 | G20: 0 | H20: 0 | I20: 0 | J20: 0 | K20: 0 | L20: 0 | M20: =AVERAGE(M3:M19) -> 6766.4706 | N20: =AVERAGE(N3:N19) -> 8738.5882 | O20: =AVERAGE(O3:O19) -> 9767.2353 | P20: =AVERAGE(P3:P19) -> 714.05882 | Q20: =AVERAGE(Q3:Q19) -> 8314.5882 | R20: =AVERAGE(R3:R19) -> 8014.5294 | S20: =20.12*0.06 -> 1.2072 | T20: 0 | U20: =U19 -> 0.32 | V20: 46 | W20: 16 | X20: 0 | Y20: 134 | Z20: 48 | AA20: 0 | AB20: 0
A21: 44580 | B21: 0 | C21: 0 | D21: 0 | E21: 0 | F21: 0 | G21: 0 | H21: 0 | I21: 0 | J21: 0 | K21: 0 | L21: 0 | M21: 8205 | N21: 0 | O21: 883 | P21: 0 | Q21: 5443 | R21: =2047+277+1527 -> 3851 | S21: =20.12*0.06 -> 1.2072 | T21: 0 | U21: =U20 -> 0.32 | V21: 63.625 | W21: 28.75 | X21: 42.125 | Y21: 180.375 | Z21: 100.375 | AA21: 30.125 | AB21: 0
A22: 44581 | B22: 0 | C22: 0 | D22: 0 | E22: 0 | F22: 0 | G22: 0 | H22: 0 | I22: 0 | J22: 0 | K22: 0 | L22: 0 | M22: 0 | N22: 0 | O22: 5175 | P22: 0 | Q22: 2654 | R22: =1184+650 -> 1834 | S22: =20.12*0.06 -> 1.2072 | T22: 0 | U22: =U21 -> 0.32 | V22: 63.625 | W22: 28.75 | X22: 42.125 | Y22: 180.375 | Z22: 100.375 | AA22: 30.125 | AB22: 0
A23: 44582 | B23: 0 | C23: 0 | D23: 0 | E23: 0 | F23: 0 | G23: 0 | H23: 0 | I23: 0 | J23: 0 | K23: 0 | L23: 0 | M23: 0 | N23: 10230 | O23: 0 | P23: 0 | Q23: 0 | R23: 2602 | S23: =20.12*0.06 -> 1.2072 | T23: 0 | U23: =U22 -> 0.32 | V23: 63.625 | W23: 28.75 | X23: 42.125 | Y23: 180.375 | Z23: 100.375 | AA23: 30.125 | AB23: 0
A24: 44583 | B24: 0 | C24: 0 | D24: 0 | E24: 0 | F24: 0 | G24: 0 | H24: 0 | I24: 0 | J24: 0 | K24: 0 | L24: 0 | M24: 0 | N24: 7338 | O24: 0 | P24: 0 | Q24: 0 | R24: 1759 | S24: =20.12*0.06 -> 1.2072 | T24: 0 | U24: =U23 -> 0.32 | V24: 24 | W24: 0 | X24: 29 | Y24: 44 | Z24: 81 | AA24: 0 | AB24: 0
A25: 44584 | B25: 0 | C25: 0 | D25: 0 | E25: 0 | F25: 0 | G25: 0 | H25: 0 | I25: 0 | J25: 0 | K25: 0 | L25: 0 | M25: 1470 | N25: 9529 | O25: 2935 | P25: 0 | Q25: 0 | R25: =332+2175+701 -> 3208 | S25: =20.12*0.06 -> 1.2072 | T25: 0 | U25: =U24 -> 0.32 | V25: 63.625 | W25: 28.75 | X25: 42.125 | Y25: 180.375 | Z25: 100.375 | AA25: 30.125 | AB25: 0
A26: 44585 | B26: 0 | C26: 0 | D26: 0 | E26: 0 | F26: 0 | G26: 0 | H26: 0 | I26: 0 | J26: 0 | K26: 0 | L26: 0 | M26: 4087 | N26: 9071 | O26: 9659 | P26: 0 | Q26: 5868 | R26: =864+2102+2106+1261 -> 6333 | S26: =20.12*0.06 -> 1.2072 | T26: 0 | U26: =U25 -> 0.32 | V26: 36 | W26: 0 | X26: 48 | Y26: 174 | Z26: 129 | AA26: 0 | AB26: 0
A27: 44586 | B27: 0 | C27: 0 | D27: 0 | E27: 0 | F27: 0 | G27: 0 | H27: 0 | I27: 0 | J27: 0 | K27: 0 | L27: 0 | M27: 6184 | N27: 10848 | O27: 5011 | P27: 0 | Q27: 8174 | R27: =1344+2533+1088+1793 -> 6758 | S27: =20.12*0.06 -> 1.2072 | T27: 0 | U27: =U26 -> 0.32 | V27: 40 | W27: 34 | X27: 101 | Y27: 346 | Z27: 107 | AA27: 0 | AB27: 0
A28: 44587 | B28: 14.5 | C28: 51 | D28: 0 | E28: 0 | F28: 0 | G28: 0 | H28: 0 | I28: 0 | J28: 0 | K28: 0 | L28: 0 | M28: 15271 | N28: 9240 | O28: 15155 | P28: 0 | Q28: 8174 | R28: =3373+2056+3364 -> 8793 | S28: =20.12*0.06 -> 1.2072 | T28: 0 | U28: =U27 -> 0.32 | V28: 48 | W28: 25 | X28: 43 | Y28: 237 | Z28: 101 | AA28: 0 | AB28: 0
A29: 44588 | B29: 30.3 | C29: 105 | D29: 0 | E29: 0 | F29: 0 | G29: 0 | H29: 0 | I29: 0 | J29: 0 | K29: 0 | L29: 0 | M29: 5350 | N29: 0 | O29: 5336 | P29: 0 | Q29: 9688 | R29: =1126+1134+2127 -> 4387 | S29: =20.12*0.06 -> 1.2072 | T29: 0 | U29: =U28 -> 0.32 | V29: 41 | W29: 20 | X29: 36 | Y29: 184 | Z29: 69 | AA29: 0 | AB29: 0
A30: 44589 | B30: 41.2 | C30: 147 | D30: 0 | E30: 0 | F30: 0 | G30: 0 | H30: 0 | I30: 0 | J30: 0 | K30: 0 | L30: 0 | M30: 9029 | N30: 5249 | O30: 13379 | P30: 0 | Q30: 15972 | R30: =2018+1241+2953+5211 -> 11423 | S30: =20.12*0.06 -> 1.2072 | T30: 0 | U30: =U29 -> 0.32 | V30: 47 | W30: 19 | X30: 37 | Y30: 58 | Z30: 84 | AA30: 0 | AB30: 0
A31: 44590 | B31: 60.5 | C31: 289 | D31: 0 | E31: 0 | F31: 0 | G31: 0 | H31: 0 | I31: 0 | J31: 0 | K31: 0 | L31: 0 | M31: 9973 | N31: 5087 | O31: 2498 | P31: 0 | Q31: 0 | R31: =2144+1227+584 -> 3955 | S31: =20.12*0.06 -> 1.2072 | T31: 0 | U31: =U30 -> 0.32 | V31: 53 | W31: 32 | X31: 44 | Y31: 102 | Z31: 135 | AA31: 0 | AB31: 0
A32: 44591 | B32: 60.5 | C32: 311 | D32: 0 | E32: 0 | F32: 0 | G32: 0 | H32: 0 | I32: 0 | J32: 0 | K32: 0 | L32: 0 | M32: 9948 | N32: 5290 | O32: 9897 | P32: 0 | Q32: 5284 | R32: =2123+1219+2095+1206 -> 6643 | S32: =20.12*0.06 -> 1.2072 | T32: 0 | U32: =U31 -> 0.32 | V32: 50 | W32: 21 | X32: 38 | Y32: 150 | Z32: 74 | AA32: 0 | AB32: 0
A33: 44592 | B33: 61.8 | C33: 337 | D33: 0 | E33: 0 | F33: 0 | G33: 0 | H33: 0 | I33: 0 | J33: 0 | K33: 0 | L33: 0 | M33: 6657 | N33: 10934 | O33: 6271 | P33: 0 | Q33: 9836 | R33: =1453+2462+963+2142 -> 7020 | S33: =20.62*0.06 -> 1.2372 | T33: 0 | U33: =U32 -> 0.32 | V33: 54 | W33: 39 | X33: 52 | Y33: 106 | Z33: 119 | AA33: 0 | AB33: 0

Sheet Submetering 
A1: Site Name | B1: Day | C1: Month | D1: Year | E1: Room Night | F1: SS-A - KWh | G1: SS-B- KWh | H1: SS-C- KWh | I1: SS-D1- KWh | J1: SS-D2- KWh | K1: SS-E- KWh | L1: FIRE PUMP- KWh | M1: CASINO- KWh | N1: BOH- KWh | O1: Generator#1 - KWh | P1: Generator#2- KWh | Q1: Generator#3- KWh | R1: Generator#4- KWh | S1: Generator#5- KWh | T1: DIESEL - Liter | U1: PUC - KWh | V1: BOH Water- m3 | W1: E-Resort- m3 | X1: North RVs- m3 | Y1: WT59- m3 | Z1: WT08- m3 | AA1: PUC (HOH)- m3 | AB1: PUC (Resort) - m3 | AC1: LPG (Kg)
A2: Seychelles | B2: 1 | C2: 1 | D2: 2022 | E2: ='FS Seychelles'!B3 -> 73.7 | F2: ='FS Seychelles'!D3*1000 -> 0 | G2: ='FS Seychelles'!E3*1000 -> 0 | H2: ='FS Seychelles'!F3*1000 -> 0 | I2: ='FS Seychelles'!G3*1000 -> 0 | J2: ='FS Seychelles'!H3*1000 -> 0 | K2: ='FS Seychelles'!I3*1000 -> 0 | L2: ='FS Seychelles'!J3*1000 -> 0 | M2: ='FS Seychelles'!K3*1000 -> 0 | N2: ='FS Seychelles'!L3*1000 -> 0 | O2: ='FS Seychelles'!M3 -> 0 | P2: ='FS Seychelles'!N3 -> 11062 | Q2: ='FS Seychelles'!O3 -> 9102 | R2: ='FS Seychelles'!P3 -> 0 | S2: ='FS Seychelles'!Q3 -> 16163 | T2: ='FS Seychelles'!R3 -> 8133 | U2: ='FS Seychelles'!T3 -> 0 | V2: ='FS Seychelles'!V3 -> 55 | W2: ='FS Seychelles'!W3 -> 49 | X2: ='FS Seychelles'!X3 -> 41 | Y2: ='FS Seychelles'!Y3 -> 197 | Z2: ='FS Seychelles'!Z3 -> 102 | AA2: ='FS Seychelles'!AA3 -> 85 | AB2: ='FS Seychelles'!AB3 -> 0 | AC2: =('FS Seychelles'!AE9+'FS Seychelles'!AE15)/30 -> 247.66667
A3: Seychelles | B3: =B2+1 -> 2 | C3: =C2 -> 1 | D3: 2022 | E3: ='FS Seychelles'!B4 -> 67.1 | F3: ='FS Seychelles'!D4*1000 -> 0 | G3: ='FS Seychelles'!E4*1000 -> 0 | H3: ='FS Seychelles'!F4*1000 -> 0 | I3: ='FS Seychelles'!G4*1000 -> 0 | J3: ='FS Seychelles'!H4*1000 -> 0 | K3: ='FS Seychelles'!I4*1000 -> 0 | L3: ='FS Seychelles'!J4*1000 -> 0 | M3: ='FS Seychelles'!K4*1000 -> 0 | N3: ='FS Seychelles'!L4*1000 -> 0 | O3: ='FS Seychelles'!M4 -> 6234 | P3: ='FS Seychelles'!N4 -> 9614 | Q3: ='FS Seychelles'!O4 -> 9042 | R3: ='FS Seychelles'!P4 -> 5723 | S3: ='FS Seychelles'!Q4 -> 5755 | T3: ='FS Seychelles'!R4 -> 7920 | U3: ='FS Seychelles'!T4 -> 0 | V3: ='FS Seychelles'!V4 -> 55 | W3: ='FS Seychelles'!W4 -> 36 | X3: ='FS Seychelles'!X4 -> 30 | Y3: ='FS Seychelles'!Y4 -> 162 | Z3: ='FS Seychelles'!Z4 -> 88 | AA3: ='FS Seychelles'!AA4 -> 98 | AB3: ='FS Seychelles'!AB4 -> 0 | AC3: =('FS Seychelles'!AE10+'FS Seychelles'!AE16)/30 -> 45.333333
A4: Seychelles | B4: =B3+1 -> 3 | C4: =C3 -> 1 | D4: 2022 | E4: ='FS Seychelles'!B5 -> 75 | F4: ='FS Seychelles'!D5*1000 -> 0 | G4: ='FS Seychelles'!E5*1000 -> 0 | H4: ='FS Seychelles'!F5*1000 -> 0 | I4: ='FS Seychelles'!G5*1000 -> 0 | J4: ='FS Seychelles'!H5*1000 -> 0 | K4: ='FS Seychelles'!I5*1000 -> 0 | L4: ='FS Seychelles'!J5*1000 -> 0 | M4: ='FS Seychelles'!K5*1000 -> 0 | N4: ='FS Seychelles'!L5*1000 -> 0 | O4: ='FS Seychelles'!M5 -> 5272 | P4: ='FS Seychelles'!N5 -> 10694 | Q4: ='FS Seychelles'!O5 -> 7349 | R4: ='FS Seychelles'!P5 -> 6416 | S4: ='FS Seychelles'!Q5 -> 4290 | T4: ='FS Seychelles'!R5 -> 8238 | U4: ='FS Seychelles'!T5 -> 0 | V4: ='FS Seychelles'!V5 -> 56 | W4: ='FS Seychelles'!W5 -> 0 | X4: ='FS Seychelles'!X5 -> 42 | Y4: ='FS Seychelles'!Y5 -> 158 | Z4: ='FS Seychelles'!Z5 -> 99 | AA4: ='FS Seychelles'!AA5 -> 0 | AB4: ='FS Seychelles'!AB5 -> 0 | AC4: =('FS Seychelles'!AE11+'FS Seychelles'!AE17)/30 -> 0
A5: Seychelles | B5: =B4+1 -> 4 | C5: =C4 -> 1 | D5: 2022 | E5: ='FS Seychelles'!B6 -> 75 | F5: ='FS Seychelles'!D6*1000 -> 0 | G5: ='FS Seychelles'!E6*1000 -> 0 | H5: ='FS Seychelles'!F6*1000 -> 0 | I5: ='FS Seychelles'!G6*1000 -> 0 | J5: ='FS Seychelles'!H6*1000 -> 0 | K5: ='FS Seychelles'!I6*1000 -> 0 | L5: ='FS Seychelles'!J6*1000 -> 0 | M5: ='FS Seychelles'!K6*1000 -> 0 | N5: ='FS Seychelles'!L6*1000 -> 0 | O5: ='FS Seychelles'!M6 -> 8348 | P5: ='FS Seychelles'!N6 -> 12229 | Q5: ='FS Seychelles'!O6 -> 5167 | R5: ='FS Seychelles'!P6 -> 0 | S5: ='FS Seychelles'!Q6 -> 8974 | T5: ='FS Seychelles'!R6 -> 7643 | U5: ='FS Seychelles'!T6 -> 0 | V5: ='FS Seychelles'!V6 -> 68 | W5: ='FS Seychelles'!W6 -> 19 | X5: ='FS Seychelles'!X6 -> 46 | Y5: ='FS Seychelles'!Y6 -> 154 | Z5: ='FS Seychelles'!Z6 -> 122 | AA5: ='FS Seychelles'!AA6 -> 58 | AB5: ='FS Seychelles'!AB6 -> 0 | AC5: =('FS Seychelles'!AE12+'FS Seychelles'!AE18)/30 -> 0
A6: Seychelles | B6: =B5+1 -> 5 | C6: =C5 -> 1 | D6: 2022 | E6: ='FS Seychelles'!B7 -> 77.6 | F6: ='FS Seychelles'!D7*1000 -> 0 | G6: ='FS Seychelles'!E7*1000 -> 0 | H6: ='FS Seychelles'!F7*1000 -> 0 | I6: ='FS Seychelles'!G7*1000 -> 0 | J6: ='FS Seychelles'!H7*1000 -> 0 | K6: ='FS Seychelles'!I7*1000 -> 0 | L6: ='FS Seychelles'!J7*1000 -> 0 | M6: ='FS Seychelles'!K7*1000 -> 0 | N6: ='FS Seychelles'!L7*1000 -> 0 | O6: ='FS Seychelles'!M7 -> 5964 | P6: ='FS Seychelles'!N7 -> 10771 | Q6: ='FS Seychelles'!O7 -> 9685 | R6: ='FS Seychelles'!P7 -> 0 | S6: ='FS Seychelles'!Q7 -> 10008 | T6: ='FS Seychelles'!R7 -> 7689 | U6: ='FS Seychelles'!T7 -> 0 | V6: ='FS Seychelles'!V7 -> 62 | W6: ='FS Seychelles'!W7 -> 42 | X6: ='FS Seychelles'!X7 -> 35 | Y6: ='FS Seychelles'!Y7 -> 217 | Z6: ='FS Seychelles'!Z7 -> 79 | AA6: ='FS Seychelles'!AA7 -> 0 | AB6: ='FS Seychelles'!AB7 -> 0 | AC6: =('FS Seychelles'!AE13+'FS Seychelles'!AE19)/30 -> 0
A7: Seychelles | B7: =B6+1 -> 6 | C7: =C6 -> 1 | D7: 2022 | E7: ='FS Seychelles'!B8 -> 69.7 | F7: ='FS Seychelles'!D8*1000 -> 0 | G7: ='FS Seychelles'!E8*1000 -> 0 | H7: ='FS Seychelles'!F8*1000 -> 0 | I7: ='FS Seychelles'!G8*1000 -> 0 | J7: ='FS Seychelles'!H8*1000 -> 0 | K7: ='FS Seychelles'!I8*1000 -> 0 | L7: ='FS Seychelles'!J8*1000 -> 0 | M7: ='FS Seychelles'!K8*1000 -> 0 | N7: ='FS Seychelles'!L8*1000 -> 0 | O7: ='FS Seychelles'!M8 -> 5775 | P7: ='FS Seychelles'!N8 -> 8467 | Q7: ='FS Seychelles'!O8 -> 10302 | R7: ='FS Seychelles'!P8 -> 0 | S7: ='FS Seychelles'!Q8 -> 9958 | T7: ='FS Seychelles'!R8 -> 7408 | U7: ='FS Seychelles'!T8 -> 0 | V7: ='FS Seychelles'!V8 -> 61 | W7: ='FS Seychelles'!W8 -> 0 | X7: ='FS Seychelles'!X8 -> 50 | Y7: ='FS Seychelles'!Y8 -> 175 | Z7: ='FS Seychelles'!Z8 -> 111 | AA7: ='FS Seychelles'!AA8 -> 0 | AB7: ='FS Seychelles'!AB8 -> 0 | AC7: =('FS Seychelles'!AE14+'FS Seychelles'!AE20)/30 -> 0
A8: Seychelles | B8: =B7+1 -> 7 | C8: =C7 -> 1 | D8: 2022 | E8: ='FS Seychelles'!B9 -> 69.7 | F8: ='FS Seychelles'!D9*1000 -> 0 | G8: ='FS Seychelles'!E9*1000 -> 0 | H8: ='FS Seychelles'!F9*1000 -> 0 | I8: ='FS Seychelles'!G9*1000 -> 0 | J8: ='FS Seychelles'!H9*1000 -> 0 | K8: ='FS Seychelles'!I9*1000 -> 0 | L8: ='FS Seychelles'!J9*1000 -> 0 | M8: ='FS Seychelles'!K9*1000 -> 0 | N8: ='FS Seychelles'!L9*1000 -> 0 | O8: ='FS Seychelles'!M9 -> 5396 | P8: ='FS Seychelles'!N9 -> 13312 | Q8: ='FS Seychelles'!O9 -> 8059 | R8: ='FS Seychelles'!P9 -> 0 | S8: ='FS Seychelles'!Q9 -> 10857 | T8: ='FS Seychelles'!R9 -> 8087 | U8: ='FS Seychelles'!T9 -> 0 | V8: ='FS Seychelles'!V9 -> 76 | W8: ='FS Seychelles'!W9 -> 37 | X8: ='FS Seychelles'!X9 -> 52 | Y8: ='FS Seychelles'!Y9 -> 180 | Z8: ='FS Seychelles'!Z9 -> 85 | AA8: ='FS Seychelles'!AA9 -> 0 | AB8: ='FS Seychelles'!AB9 -> 0 | AC8: =('FS Seychelles'!AE15+'FS Seychelles'!AE21)/30 -> 247.66667
A9: Seychelles | B9: =B8+1 -> 8 | C9: =C8 -> 1 | D9: 2022 | E9: ='FS Seychelles'!B10 -> 55.3 | F9: ='FS Seychelles'!D10*1000 -> 0 | G9: ='FS Seychelles'!E10*1000 -> 0 | H9: ='FS Seychelles'!F10*1000 -> 0 | I9: ='FS Seychelles'!G10*1000 -> 0 | J9: ='FS Seychelles'!H10*1000 -> 0 | K9: ='FS Seychelles'!I10*1000 -> 0 | L9: ='FS Seychelles'!J10*1000 -> 0 | M9: ='FS Seychelles'!K10*1000 -> 0 | N9: ='FS Seychelles'!L10*1000 -> 0 | O9: ='FS Seychelles'!M10 -> 9646 | P9: ='FS Seychelles'!N10 -> 5071 | Q9: ='FS Seychelles'!O10 -> 10748 | R9: ='FS Seychelles'!P10 -> 0 | S9: ='FS Seychelles'!Q10 -> 10676 | T9: ='FS Seychelles'!R10 -> 7810 | U9: ='FS Seychelles'!T10 -> 0 | V9: ='FS Seychelles'!V10 -> 76 | W9: ='FS Seychelles'!W10 -> 47 | X9: ='FS Seychelles'!X10 -> 41 | Y9: ='FS Seychelles'!Y10 -> 200 | Z9: ='FS Seychelles'!Z10 -> 117 | AA9: ='FS Seychelles'!AA10 -> 0 | AB9: ='FS Seychelles'!AB10 -> 0 | AC9: =('FS Seychelles'!AE16+'FS Seychelles'!AE22)/30 -> 0
A10: Seychelles | B10: =B9+1 -> 9 | C10: =C9 -> 1 | D10: 2022 | E10: ='FS Seychelles'!B11 -> 63.2 | F10: ='FS Seychelles'!D11*1000 -> 0 | G10: ='FS Seychelles'!E11*1000 -> 0 | H10: ='FS Seychelles'!F11*1000 -> 0 | I10: ='FS Seychelles'!G11*1000 -> 0 | J10: ='FS Seychelles'!H11*1000 -> 0 | K10: ='FS Seychelles'!I11*1000 -> 0 | L10: ='FS Seychelles'!J11*1000 -> 0 | M10: ='FS Seychelles'!K11*1000 -> 0 | N10: ='FS Seychelles'!L11*1000 -> 0 | O10: ='FS Seychelles'!M11 -> 0 | P10: ='FS Seychelles'!N11 -> 5749 | Q10: ='FS Seychelles'!O11 -> 15591 | R10: ='FS Seychelles'!P11 -> 0 | S10: ='FS Seychelles'!Q11 -> 15572 | T10: ='FS Seychelles'!R11 -> 7866 | U10: ='FS Seychelles'!T11 -> 0 | V10: ='FS Seychelles'!V11 -> 63.625 | W10: ='FS Seychelles'!W11 -> 28.75 | X10: ='FS Seychelles'!X11 -> 42.125 | Y10: ='FS Seychelles'!Y11 -> 180.375 | Z10: ='FS Seychelles'!Z11 -> 100.375 | AA10: ='FS Seychelles'!AA11 -> 30.125 | AB10: ='FS Seychelles'!AB11 -> 0 | AC10: =('FS Seychelles'!AE17+'FS Seychelles'!AE23)/30 -> 0
A11: Seychelles | B11: =B10+1 -> 10 | C11: =C10 -> 1 | D11: 2022 | E11: ='FS Seychelles'!B12 -> 71.1 | F11: ='FS Seychelles'!D12*1000 -> 0 | G11: ='FS Seychelles'!E12*1000 -> 0 | H11: ='FS Seychelles'!F12*1000 -> 0 | I11: ='FS Seychelles'!G12*1000 -> 0 | J11: ='FS Seychelles'!H12*1000 -> 0 | K11: ='FS Seychelles'!I12*1000 -> 0 | L11: ='FS Seychelles'!J12*1000 -> 0 | M11: ='FS Seychelles'!K12*1000 -> 0 | N11: ='FS Seychelles'!L12*1000 -> 0 | O11: ='FS Seychelles'!M12 -> 0 | P11: ='FS Seychelles'!N12 -> 9549 | Q11: ='FS Seychelles'!O12 -> 14782 | R11: ='FS Seychelles'!P12 -> 0 | S11: ='FS Seychelles'!Q12 -> 8459 | T11: ='FS Seychelles'!R12 -> 6940 | U11: ='FS Seychelles'!T12 -> 0 | V11: ='FS Seychelles'!V12 -> 63.625 | W11: ='FS Seychelles'!W12 -> 28.75 | X11: ='FS Seychelles'!X12 -> 42.125 | Y11: ='FS Seychelles'!Y12 -> 180.375 | Z11: ='FS Seychelles'!Z12 -> 100.375 | AA11: ='FS Seychelles'!AA12 -> 30.125 | AB11: ='FS Seychelles'!AB12 -> 0 | AC11: =('FS Seychelles'!AE18+'FS Seychelles'!AE24)/30 -> 0
A12: Seychelles | B12: =B11+1 -> 11 | C12: =C11 -> 1 | D12: 2022 | E12: ='FS Seychelles'!B13 -> 76.3 | F12: ='FS Seychelles'!D13*1000 -> 0 | G12: ='FS Seychelles'!E13*1000 -> 0 | H12: ='FS Seychelles'!F13*1000 -> 0 | I12: ='FS Seychelles'!G13*1000 -> 0 | J12: ='FS Seychelles'!H13*1000 -> 0 | K12: ='FS Seychelles'!I13*1000 -> 0 | L12: ='FS Seychelles'!J13*1000 -> 0 | M12: ='FS Seychelles'!K13*1000 -> 0 | N12: ='FS Seychelles'!L13*1000 -> 0 | O12: ='FS Seychelles'!M13 -> 12825 | P12: ='FS Seychelles'!N13 -> 7815 | Q12: ='FS Seychelles'!O13 -> 18689 | R12: ='FS Seychelles'!P13 -> 0 | S12: ='FS Seychelles'!Q13 -> 11938 | T12: ='FS Seychelles'!R13 -> 16513 | U12: ='FS Seychelles'!T13 -> 0 | V12: ='FS Seychelles'!V13 -> 62 | W12: ='FS Seychelles'!W13 -> 23 | X12: ='FS Seychelles'!X13 -> 34 | Y12: ='FS Seychelles'!Y13 -> 192 | Z12: ='FS Seychelles'!Z13 -> 110 | AA12: ='FS Seychelles'!AA13 -> 0 | AB12: ='FS Seychelles'!AB13 -> 0 | AC12: =('FS Seychelles'!AE19+'FS Seychelles'!AE25)/30 -> 0
A13: Seychelles | B13: =B12+1 -> 12 | C13: =C12 -> 1 | D13: 2022 | E13: ='FS Seychelles'!B14 -> 69.7 | F13: ='FS Seychelles'!D14*1000 -> 0 | G13: ='FS Seychelles'!E14*1000 -> 0 | H13: ='FS Seychelles'!F14*1000 -> 0 | I13: ='FS Seychelles'!G14*1000 -> 0 | J13: ='FS Seychelles'!H14*1000 -> 0 | K13: ='FS Seychelles'!I14*1000 -> 0 | L13: ='FS Seychelles'!J14*1000 -> 0 | M13: ='FS Seychelles'!K14*1000 -> 0 | N13: ='FS Seychelles'!L14*1000 -> 0 | O13: ='FS Seychelles'!M14 -> 6637 | P13: ='FS Seychelles'!N14 -> 15438 | Q13: ='FS Seychelles'!O14 -> 0 | R13: ='FS Seychelles'!P14 -> 0 | S13: ='FS Seychelles'!Q14 -> 7340 | T13: ='FS Seychelles'!R14 -> 9268 | U13: ='FS Seychelles'!T14 -> 0 | V13: ='FS Seychelles'!V14 -> 58 | W13: ='FS Seychelles'!W14 -> 39 | X13: ='FS Seychelles'!X14 -> 41 | Y13: ='FS Seychelles'!Y14 -> 187 | Z13: ='FS Seychelles'!Z14 -> 117 | AA13: ='FS Seychelles'!AA14 -> 0 | AB13: ='FS Seychelles'!AB14 -> 0 | AC13: =('FS Seychelles'!AE20+'FS Seychelles'!AE26)/30 -> 0
A14: Seychelles | B14: =B13+1 -> 13 | C14: =C13 -> 1 | D14: 2022 | E14: ='FS Seychelles'!B15 -> 57.9 | F14: ='FS Seychelles'!D15*1000 -> 0 | G14: ='FS Seychelles'!E15*1000 -> 0 | H14: ='FS Seychelles'!F15*1000 -> 0 | I14: ='FS Seychelles'!G15*1000 -> 0 | J14: ='FS Seychelles'!H15*1000 -> 0 | K14: ='FS Seychelles'!I15*1000 -> 0 | L14: ='FS Seychelles'!J15*1000 -> 0 | M14: ='FS Seychelles'!K15*1000 -> 0 | N14: ='FS Seychelles'!L15*1000 -> 0 | O14: ='FS Seychelles'!M15 -> 10484 | P14: ='FS Seychelles'!N15 -> 6911 | Q14: ='FS Seychelles'!O15 -> 10200 | R14: ='FS Seychelles'!P15 -> 0 | S14: ='FS Seychelles'!Q15 -> 0 | T14: ='FS Seychelles'!R15 -> 6119 | U14: ='FS Seychelles'!T15 -> 0 | V14: ='FS Seychelles'!V15 -> 60 | W14: ='FS Seychelles'!W15 -> 29 | X14: ='FS Seychelles'!X15 -> 44 | Y14: ='FS Seychelles'!Y15 -> 191 | Z14: ='FS Seychelles'!Z15 -> 118 | AA14: ='FS Seychelles'!AA15 -> 0 | AB14: ='FS Seychelles'!AB15 -> 0 | AC14: =('FS Seychelles'!AE21+'FS Seychelles'!AE27)/30 -> 0
... A20: Seychelles | B20: =B19+1 -> 19 | C20: =C19 -> 1 | D20: 2022 | E20: ='FS Seychelles'!B21 -> 0 | F20: ='FS Seychelles'!D21*1000 -> 0 | G20: ='FS Seychelles'!E21*1000 -> 0 | H20: ='FS Seychelles'!F21*1000 -> 0 | I20: ='FS Seychelles'!G21*1000 -> 0 | J20: ='FS Seychelles'!H21*1000 -> 0 | K20: ='FS Seychelles'!I21*1000 -> 0 | L20: ='FS Seychelles'!J21*1000 -> 0 | M20: ='FS Seychelles'!K21*1000 -> 0 | N20: ='FS Seychelles'!L21*1000 -> 0 | O20: ='FS Seychelles'!M21 -> 8205 | P20: ='FS Seychelles'!N21 -> 0 | Q20: ='FS Seychelles'!O21 -> 883 | R20: ='FS Seychelles'!P21 -> 0 | S20: ='FS Seychelles'!Q21 -> 5443 | T20: ='FS Seychelles'!R21 -> 3851 | U20: ='FS Seychelles'!T21 -> 0 | V20: ='FS Seychelles'!V21 -> 63.625 | W20: ='FS Seychelles'!W21 -> 28.75 | X20: ='FS Seychelles'!X21 -> 42.125 | Y20: ='FS Seychelles'!Y21 -> 180.375 | Z20: ='FS Seychelles'!Z21 -> 100.375 | AA20: ='FS Seychelles'!AA21 -> 30.125 | AB20: ='FS Seychelles'!AB21 -> 0 | AC20: =('FS Seychelles'!AE27+'FS Seychelles'!AE33)/30 -> 0
A21: Seychelles | B21: =B20+1 -> 20 | C21: =C20 -> 1 | D21: 2022 | E21: ='FS Seychelles'!B22 -> 0 | F21: ='FS Seychelles'!D22*1000 -> 0 | G21: ='FS Seychelles'!E22*1000 -> 0 | H21: ='FS Seychelles'!F22*1000 -> 0 | I21: ='FS Seychelles'!G22*1000 -> 0 | J21: ='FS Seychelles'!H22*1000 -> 0 | K21: ='FS Seychelles'!I22*1000 -> 0 | L21: ='FS Seychelles'!J22*1000 -> 0 | M21: ='FS Seychelles'!K22*1000 -> 0 | N21: ='FS Seychelles'!L22*1000 -> 0 | O21: ='FS Seychelles'!M22 -> 0 | P21: ='FS Seychelles'!N22 -> 0 | Q21: ='FS Seychelles'!O22 -> 5175 | R21: ='FS Seychelles'!P22 -> 0 | S21: ='FS Seychelles'!Q23 -> 0 | T21: ='FS Seychelles'!R22 -> 1834 | U21: ='FS Seychelles'!T22 -> 0 | V21: ='FS Seychelles'!V22 -> 63.625 | W21: ='FS Seychelles'!W22 -> 28.75 | X21: ='FS Seychelles'!X22 -> 42.125 | Y21: ='FS Seychelles'!Y22 -> 180.375 | Z21: ='FS Seychelles'!Z22 -> 100.375 | AA21: ='FS Seychelles'!AA22 -> 30.125 | AB21: ='FS Seychelles'!AB22 -> 0 | AC21: =('FS Seychelles'!AE28+'FS Seychelles'!AE34)/30 -> 0
A22: Seychelles | B22: =B21+1 -> 21 | C22: =C21 -> 1 | D22: 2022 | E22: ='FS Seychelles'!B23 -> 0 | F22: ='FS Seychelles'!D23*1000 -> 0 | G22: ='FS Seychelles'!E23*1000 -> 0 | H22: ='FS Seychelles'!F23*1000 -> 0 | I22: ='FS Seychelles'!G23*1000 -> 0 | J22: ='FS Seychelles'!H23*1000 -> 0 | K22: ='FS Seychelles'!I23*1000 -> 0 | L22: ='FS Seychelles'!J23*1000 -> 0 | M22: ='FS Seychelles'!K23*1000 -> 0 | N22: ='FS Seychelles'!L23*1000 -> 0 | O22: ='FS Seychelles'!M23 -> 0 | P22: ='FS Seychelles'!N23 -> 10230 | Q22: ='FS Seychelles'!O23 -> 0 | R22: ='FS Seychelles'!P23 -> 0 | S22: ='FS Seychelles'!Q24 -> 0 | T22: ='FS Seychelles'!R23 -> 2602 | U22: ='FS Seychelles'!T23 -> 0 | V22: ='FS Seychelles'!V23 -> 63.625 | W22: ='FS Seychelles'!W23 -> 28.75 | X22: ='FS Seychelles'!X23 -> 42.125 | Y22: ='FS Seychelles'!Y23 -> 180.375 | Z22: ='FS Seychelles'!Z23 -> 100.375 | AA22: ='FS Seychelles'!AA23 -> 30.125 | AB22: ='FS Seychelles'!AB23 -> 0 | AC22: =('FS Seychelles'!AE29+'FS Seychelles'!AE35)/30 -> 0
A23: Seychelles | B23: =B22+1 -> 22 | C23: =C22 -> 1 | D23: 2022 | E23: ='FS Seychelles'!B24 -> 0 | F23: ='FS Seychelles'!D24*1000 -> 0 | G23: ='FS Seychelles'!E24*1000 -> 0 | H23: ='FS Seychelles'!F24*1000 -> 0 | I23: ='FS Seychelles'!G24*1000 -> 0 | J23: ='FS Seychelles'!H24*1000 -> 0 | K23: ='FS Seychelles'!I24*1000 -> 0 | L23: ='FS Seychelles'!J24*1000 -> 0 | M23: ='FS Seychelles'!K24*1000 -> 0 | N23: ='FS Seychelles'!L24*1000 -> 0 | O23: ='FS Seychelles'!M24 -> 0 | P23: ='FS Seychelles'!N24 -> 7338 | Q23: ='FS Seychelles'!O24 -> 0 | R23: ='FS Seychelles'!P24 -> 0 | S23: ='FS Seychelles'!Q25 -> 0 | T23: ='FS Seychelles'!R24 -> 1759 | U23: ='FS Seychelles'!T24 -> 0 | V23: ='FS Seychelles'!V24 -> 24 | W23: ='FS Seychelles'!W24 -> 0 | X23: ='FS Seychelles'!X24 -> 29 | Y23: ='FS Seychelles'!Y24 -> 44 | Z23: ='FS Seychelles'!Z24 -> 81 | AA23: ='FS Seychelles'!AA24 -> 0 | AB23: ='FS Seychelles'!AB24 -> 0 | AC23: =('FS Seychelles'!AE30+'FS Seychelles'!AE36)/30 -> 0
A24: Seychelles | B24: =B23+1 -> 23 | C24: =C23 -> 1 | D24: 2022 | E24: ='FS Seychelles'!B25 -> 0 | F24: ='FS Seychelles'!D25*1000 -> 0 | G24: ='FS Seychelles'!E25*1000 -> 0 | H24: ='FS Seychelles'!F25*1000 -> 0 | I24: ='FS Seychelles'!G25*1000 -> 0 | J24: ='FS Seychelles'!H25*1000 -> 0 | K24: ='FS Seychelles'!I25*1000 -> 0 | L24: ='FS Seychelles'!J25*1000 -> 0 | M24: ='FS Seychelles'!K25*1000 -> 0 | N24: ='FS Seychelles'!L25*1000 -> 0 | O24: ='FS Seychelles'!M25 -> 1470 | P24: ='FS Seychelles'!N25 -> 9529 | Q24: ='FS Seychelles'!O25 -> 2935 | R24: ='FS Seychelles'!P25 -> 0 | S24: ='FS Seychelles'!Q25 -> 0 | T24: ='FS Seychelles'!R25 -> 3208 | U24: ='FS Seychelles'!T25 -> 0 | V24: ='FS Seychelles'!V25 -> 63.625 | W24: ='FS Seychelles'!W25 -> 28.75 | X24: ='FS Seychelles'!X25 -> 42.125 | Y24: ='FS Seychelles'!Y25 -> 180.375 | Z24: ='FS Seychelles'!Z25 -> 100.375 | AA24: ='FS Seychelles'!AA25 -> 30.125 | AB24: ='FS Seychelles'!AB25 -> 0 | AC24: =('FS Seychelles'!AE31+'FS Seychelles'!AE37)/30 -> 0
A25: Seychelles | B25: =B24+1 -> 24 | C25: =C24 -> 1 | D25: 2022 | E25: ='FS Seychelles'!B26 -> 0 | F25: ='FS Seychelles'!D26*1000 -> 0 | G25: ='FS Seychelles'!E26*1000 -> 0 | H25: ='FS Seychelles'!F26*1000 -> 0 | I25: ='FS Seychelles'!G26*1000 -> 0 | J25: ='FS Seychelles'!H26*1000 -> 0 | K25: ='FS Seychelles'!I26*1000 -> 0 | L25: ='FS Seychelles'!J26*1000 -> 0 | M25: ='FS Seychelles'!K26*1000 -> 0 | N25: ='FS Seychelles'!L26*1000 -> 0 | O25: ='FS Seychelles'!M26 -> 4087 | P25: ='FS Seychelles'!N26 -> 9071 | Q25: ='FS Seychelles'!O26 -> 9659 | R25: ='FS Seychelles'!P26 -> 0 | S25: ='FS Seychelles'!Q26 -> 5868 | T25: ='FS Seychelles'!R26 -> 6333 | U25: ='FS Seychelles'!T26 -> 0 | V25: ='FS Seychelles'!V26 -> 36 | W25: ='FS Seychelles'!W26 -> 0 | X25: ='FS Seychelles'!X26 -> 48 | Y25: ='FS Seychelles'!Y26 -> 174 | Z25: ='FS Seychelles'!Z26 -> 129 | AA25: ='FS Seychelles'!AA26 -> 0 | AB25: ='FS Seychelles'!AB26 -> 0 | AC25: =('FS Seychelles'!AE32+'FS Seychelles'!AE38)/30 -> 0
A26: Seychelles | B26: =B25+1 -> 25 | C26: =C25 -> 1 | D26: 2022 | E26: ='FS Seychelles'!B27 -> 0 | F26: ='FS Seychelles'!D27*1000 -> 0 | G26: ='FS Seychelles'!E27*1000 -> 0 | H26: ='FS Seychelles'!F27*1000 -> 0 | I26: ='FS Seychelles'!G27*1000 -> 0 | J26: ='FS Seychelles'!H27*1000 -> 0 | K26: ='FS Seychelles'!I27*1000 -> 0 | L26: ='FS Seychelles'!J27*1000 -> 0 | M26: ='FS Seychelles'!K27*1000 -> 0 | N26: ='FS Seychelles'!L27*1000 -> 0 | O26: ='FS Seychelles'!M27 -> 6184 | P26: ='FS Seychelles'!N27 -> 10848 | Q26: ='FS Seychelles'!O27 -> 5011 | R26: ='FS Seychelles'!P27 -> 0 | S26: ='FS Seychelles'!Q27 -> 8174 | T26: ='FS Seychelles'!R27 -> 6758 | U26: ='FS Seychelles'!T27 -> 0 | V26: ='FS Seychelles'!V27 -> 40 | W26: ='FS Seychelles'!W27 -> 34 | X26: ='FS Seychelles'!X27 -> 101 | Y26: ='FS Seychelles'!Y27 -> 346 | Z26: ='FS Seychelles'!Z27 -> 107 | AA26: ='FS Seychelles'!AA27 -> 0 | AB26: ='FS Seychelles'!AB27 -> 0 | AC26: =('FS Seychelles'!AE33+'FS Seychelles'!AE39)/30 -> 0
A27: Seychelles | B27: =B26+1 -> 26 | C27: =C26 -> 1 | D27: 2022 | E27: ='FS Seychelles'!B28 -> 14.5 | F27: ='FS Seychelles'!D28*1000 -> 0 | G27: ='FS Seychelles'!E28*1000 -> 0 | H27: ='FS Seychelles'!F28*1000 -> 0 | I27: ='FS Seychelles'!G28*1000 -> 0 | J27: ='FS Seychelles'!H28*1000 -> 0 | K27: ='FS Seychelles'!I28*1000 -> 0 | L27: ='FS Seychelles'!J28*1000 -> 0 | M27: ='FS Seychelles'!K28*1000 -> 0 | N27: ='FS Seychelles'!L28*1000 -> 0 | O27: ='FS Seychelles'!M28 -> 15271 | P27: ='FS Seychelles'!N28 -> 9240 | Q27: ='FS Seychelles'!O28 -> 15155 | R27: ='FS Seychelles'!P28 -> 0 | S27: ='FS Seychelles'!Q28 -> 8174 | T27: ='FS Seychelles'!R28 -> 8793 | U27: ='FS Seychelles'!T28 -> 0 | V27: ='FS Seychelles'!V28 -> 48 | W27: ='FS Seychelles'!W28 -> 25 | X27: ='FS Seychelles'!X28 -> 43 | Y27: ='FS Seychelles'!Y28 -> 237 | Z27: ='FS Seychelles'!Z28 -> 101 | AA27: ='FS Seychelles'!AA28 -> 0 | AB27: ='FS Seychelles'!AB28 -> 0 | AC27: =('FS Seychelles'!AE34+'FS Seychelles'!AE40)/30 -> 0
A28: Seychelles | B28: =B27+1 -> 27 | C28: =C27 -> 1 | D28: 2022 | E28: ='FS Seychelles'!B29 -> 30.3 | F28: ='FS Seychelles'!D29*1000 -> 0 | G28: ='FS Seychelles'!E29*1000 -> 0 | H28: ='FS Seychelles'!F29*1000 -> 0 | I28: ='FS Seychelles'!G29*1000 -> 0 | J28: ='FS Seychelles'!H29*1000 -> 0 | K28: ='FS Seychelles'!I29*1000 -> 0 | L28: ='FS Seychelles'!J29*1000 -> 0 | M28: ='FS Seychelles'!K29*1000 -> 0 | N28: ='FS Seychelles'!L29*1000 -> 0 | O28: ='FS Seychelles'!M29 -> 5350 | P28: ='FS Seychelles'!N29 -> 0 | Q28: ='FS Seychelles'!O29 -> 5336 | R28: ='FS Seychelles'!P29 -> 0 | S28: ='FS Seychelles'!Q29 -> 9688 | T28: ='FS Seychelles'!R29 -> 4387 | U28: ='FS Seychelles'!T29 -> 0 | V28: ='FS Seychelles'!V29 -> 41 | W28: ='FS Seychelles'!W29 -> 20 | X28: ='FS Seychelles'!X29 -> 36 | Y28: ='FS Seychelles'!Y29 -> 184 | Z28: ='FS Seychelles'!Z29 -> 69 | AA28: ='FS Seychelles'!AA29 -> 0 | AB28: ='FS Seychelles'!AB29 -> 0 | AC28: =('FS Seychelles'!AE35+'FS Seychelles'!AE41)/30 -> 0
A29: Seychelles | B29: =B28+1 -> 28 | C29: =C28 -> 1 | D29: 2022 | E29: ='FS Seychelles'!B30 -> 41.2 | F29: ='FS Seychelles'!D30*1000 -> 0 | G29: ='FS Seychelles'!E30*1000 -> 0 | H29: ='FS Seychelles'!F30*1000 -> 0 | I29: ='FS Seychelles'!G30*1000 -> 0 | J29: ='FS Seychelles'!H30*1000 -> 0 | K29: ='FS Seychelles'!I30*1000 -> 0 | L29: ='FS Seychelles'!J30*1000 -> 0 | M29: ='FS Seychelles'!K30*1000 -> 0 | N29: ='FS Seychelles'!L30*1000 -> 0 | O29: ='FS Seychelles'!M30 -> 9029 | P29: ='FS Seychelles'!N30 -> 5249 | Q29: ='FS Seychelles'!O30 -> 13379 | R29: ='FS Seychelles'!P30 -> 0 | S29: ='FS Seychelles'!Q30 -> 15972 | T29: ='FS Seychelles'!R30 -> 11423 | U29: ='FS Seychelles'!T30 -> 0 | V29: ='FS Seychelles'!V30 -> 47 | W29: ='FS Seychelles'!W30 -> 19 | X29: ='FS Seychelles'!X30 -> 37 | Y29: ='FS Seychelles'!Y30 -> 58 | Z29: ='FS Seychelles'!Z30 -> 84 | AA29: ='FS Seychelles'!AA30 -> 0 | AB29: ='FS Seychelles'!AB30 -> 0 | AC29: =('FS Seychelles'!AE36+'FS Seychelles'!AE42)/30 -> 0
A30: Seychelles | B30: =B29+1 -> 29 | C30: =C29 -> 1 | D30: 2022 | E30: ='FS Seychelles'!B31 -> 60.5 | F30: ='FS Seychelles'!D31*1000 -> 0 | G30: ='FS Seychelles'!E31*1000 -> 0 | H30: ='FS Seychelles'!F31*1000 -> 0 | I30: ='FS Seychelles'!G31*1000 -> 0 | J30: ='FS Seychelles'!H31*1000 -> 0 | K30: ='FS Seychelles'!I31*1000 -> 0 | L30: ='FS Seychelles'!J31*1000 -> 0 | M30: ='FS Seychelles'!K31*1000 -> 0 | N30: ='FS Seychelles'!L31*1000 -> 0 | O30: ='FS Seychelles'!M31 -> 9973 | P30: ='FS Seychelles'!N31 -> 5087 | Q30: ='FS Seychelles'!O31 -> 2498 | R30: ='FS Seychelles'!P31 -> 0 | S30: ='FS Seychelles'!Q31 -> 0 | T30: ='FS Seychelles'!R31 -> 3955 | U30: ='FS Seychelles'!T31 -> 0 | V30: ='FS Seychelles'!V31 -> 53 | W30: ='FS Seychelles'!W31 -> 32 | X30: ='FS Seychelles'!X31 -> 44 | Y30: ='FS Seychelles'!Y31 -> 102 | Z30: ='FS Seychelles'!Z31 -> 135 | AA30: ='FS Seychelles'!AA31 -> 0 | AB30: ='FS Seychelles'!AB31 -> 0 | AC30: =('FS Seychelles'!AE37+'FS Seychelles'!AE43)/30 -> 0
A31: Seychelles | B31: =B30+1 -> 30 | C31: =C30 -> 1 | D31: 2022 | E31: ='FS Seychelles'!B32 -> 60.5 | F31: ='FS Seychelles'!D32*1000 -> 0 | G31: ='FS Seychelles'!E32*1000 -> 0 | H31: ='FS Seychelles'!F32*1000 -> 0 | I31: ='FS Seychelles'!G32*1000 -> 0 | J31: ='FS Seychelles'!H32*1000 -> 0 | K31: ='FS Seychelles'!I32*1000 -> 0 | L31: ='FS Seychelles'!J32*1000 -> 0 | M31: ='FS Seychelles'!K32*1000 -> 0 | N31: ='FS Seychelles'!L32*1000 -> 0 | O31: ='FS Seychelles'!M32 -> 9948 | P31: ='FS Seychelles'!N32 -> 5290 | Q31: ='FS Seychelles'!O32 -> 9897 | R31: ='FS Seychelles'!P32 -> 0 | S31: ='FS Seychelles'!Q32 -> 5284 | T31: ='FS Seychelles'!R32 -> 6643 | U31: ='FS Seychelles'!T32 -> 0 | V31: ='FS Seychelles'!V32 -> 50 | W31: ='FS Seychelles'!W32 -> 21 | X31: ='FS Seychelles'!X32 -> 38 | Y31: ='FS Seychelles'!Y32 -> 150 | Z31: ='FS Seychelles'!Z32 -> 74 | AA31: ='FS Seychelles'!AA32 -> 0 | AB31: ='FS Seychelles'!AB32 -> 0 | AC31: =('FS Seychelles'!AE38+'FS Seychelles'!AE44)/30 -> 0
A32: Seychelles | B32: 31 | C32: =C31 -> 1 | D32: 2022 | E32: ='FS Seychelles'!B33 -> 61.8 | F32: ='FS Seychelles'!D33*1000 -> 0 | G32: ='FS Seychelles'!E33*1000 -> 0 | H32: ='FS Seychelles'!F33*1000 -> 0 | I32: ='FS Seychelles'!G33*1000 -> 0 | J32: ='FS Seychelles'!H33*1000 -> 0 | K32: ='FS Seychelles'!I33*1000 -> 0 | L32: ='FS Seychelles'!J33*1000 -> 0 | M32: ='FS Seychelles'!K33*1000 -> 0 | N32: ='FS Seychelles'!L33*1000 -> 0 | O32: ='FS Seychelles'!M33 -> 6657 | P32: ='FS Seychelles'!N33 -> 10934 | Q32: ='FS Seychelles'!O33 -> 6271 | R32: ='FS Seychelles'!P33 -> 0 | S32: ='FS Seychelles'!Q33 -> 9836 | T32: ='FS Seychelles'!R33 -> 7020 | U32: ='FS Seychelles'!T33 -> 0 | V32: ='FS Seychelles'!V33 -> 54 | W32: ='FS Seychelles'!W33 -> 39 | X32: ='FS Seychelles'!X33 -> 52 | Y32: ='FS Seychelles'!Y33 -> 106 | Z32: ='FS Seychelles'!Z33 -> 119 | AA32: ='FS Seychelles'!AA33 -> 0 | AB32: ='FS Seychelles'!AB33 -> 0 | AC32: =('FS Seychelles'!AE39+'FS Seychelles'!AE45)/30 -> 0
P33: =SUM(P2:P32) -> 240110.59 | Q33: =SUM(Q2:Q32) -> 252009.24 | R33: =SUM(R2:R32) -> 12853.059
R35: =SUM(O33:R33) -> 504972.88

Sheet TOTAL
A1: Site Name | B1: Day | C1: Month | D1: Year | E1: Total Electricity Kwh | F1: Electricity Tariff (€ /Kwh) | G1: LPG (Kg) | H1: LPG € /Kg | I1: Water Utility Supply (m3) m3 | J1: Water Utility Supply (m3) € /m3 | K1: Irrigation Water (m3) m3 | L1: Irrigation water € /m3 | M1: Room Nights
A2: Seychelles | B2: 1 | C2: 1 | D2: 2022 | E2: ='Submetering '!O2+'Submetering '!P2+'Submetering '!Q2+'Submetering '!R2+'Submetering '!S2+'Submetering '!U2 -> 36327 | F2: =(('FS Seychelles'!R3*'FS Seychelles'!S3)+('FS Seychelles'!T3*'FS Seychelles'!U3))/TOTAL!E2 -> 0.26731638 | G2: ='Submetering '!AC2 -> 247.66667 | H2: 1.05 | I2: ='FS Seychelles'!V3+'FS Seychelles'!X3+'FS Seychelles'!Y3+'FS Seychelles'!Z3 -> 395 | J2: 0 | K2: ='Submetering '!AA2 -> 85 | L2: 0 | M2: ='FS Seychelles'!B3 -> 73.7
A3: Seychelles | B3: =B2+1 -> 2 | C3: 1 | D3: 2022 | E3: ='Submetering '!O3+'Submetering '!P3+'Submetering '!Q3+'Submetering '!R3+'Submetering '!S3+'Submetering '!U3 -> 36368 | F3: =(('FS Seychelles'!R4*'FS Seychelles'!S4)+('FS Seychelles'!T4*'FS Seychelles'!U4))/TOTAL!E3 -> 0.260022 | G3: ='Submetering '!AC3 -> 45.333333 | H3: =H2 -> 1.05 | I3: ='FS Seychelles'!V4+'FS Seychelles'!X4+'FS Seychelles'!Y4+'FS Seychelles'!Z4 -> 335 | J3: =J2 -> 0 | K3: ='Submetering '!AA3 -> 98 | L3: =L2 -> 0 | M3: ='FS Seychelles'!B4 -> 67.1
A4: Seychelles | B4: =B3+1 -> 3 | C4: 1 | D4: 2022 | E4: ='Submetering '!O4+'Submetering '!P4+'Submetering '!Q4+'Submetering '!R4+'Submetering '!S4+'Submetering '!U4 -> 34021 | F4: =(('FS Seychelles'!R5*'FS Seychelles'!S5)+('FS Seychelles'!T5*'FS Seychelles'!U5))/TOTAL!E4 -> 0.2891206 | G4: ='Submetering '!AC4 -> 0 | H4: =H3 -> 1.05 | I4: ='FS Seychelles'!V5+'FS Seychelles'!X5+'FS Seychelles'!Y5+'FS Seychelles'!Z5 -> 355 | J4: =J3 -> 0 | K4: ='Submetering '!AA4 -> 0 | L4: =L3 -> 0 | M4: ='FS Seychelles'!B5 -> 75
A5: Seychelles | B5: =B4+1 -> 4 | C5: 1 | D5: 2022 | E5: ='Submetering '!O5+'Submetering '!P5+'Submetering '!Q5+'Submetering '!R5+'Submetering '!S5+'Submetering '!U5 -> 34718 | F5: =(('FS Seychelles'!R6*'FS Seychelles'!S6)+('FS Seychelles'!T6*'FS Seychelles'!U6))/TOTAL!E5 -> 0.26285333 | G5: ='Submetering '!AC5 -> 0 | H5: =H4 -> 1.05 | I5: ='FS Seychelles'!V6+'FS Seychelles'!X6+'FS Seychelles'!Y6+'FS Seychelles'!Z6 -> 390 | J5: =J4 -> 0 | K5: ='Submetering '!AA5 -> 58 | L5: =L4 -> 0 | M5: ='FS Seychelles'!B6 -> 75
A6: Seychelles | B6: =B5+1 -> 5 | C6: 1 | D6: 2022 | E6: ='Submetering '!O6+'Submetering '!P6+'Submetering '!Q6+'Submetering '!R6+'Submetering '!S6+'Submetering '!U6 -> 36428 | F6: =(('FS Seychelles'!R7*'FS Seychelles'!S7)+('FS Seychelles'!T7*'FS Seychelles'!U7))/TOTAL!E6 -> 0.25202224 | G6: ='Submetering '!AC6 -> 0 | H6: =H5 -> 1.05 | I6: ='FS Seychelles'!V7+'FS Seychelles'!X7+'FS Seychelles'!Y7+'FS Seychelles'!Z7 -> 393 | J6: =J5 -> 0 | K6: ='Submetering '!AA6 -> 0 | L6: =L5 -> 0 | M6: ='FS Seychelles'!B7 -> 77.6
A7: Seychelles | B7: =B6+1 -> 6 | C7: 1 | D7: 2022 | E7: ='Submetering '!O7+'Submetering '!P7+'Submetering '!Q7+'Submetering '!R7+'Submetering '!S7+'Submetering '!U7 -> 34502 | F7: =(('FS Seychelles'!R8*'FS Seychelles'!S8)+('FS Seychelles'!T8*'FS Seychelles'!U8))/TOTAL!E7 -> 0.25636636 | G7: ='Submetering '!AC7 -> 0 | H7: =H6 -> 1.05 | I7: ='FS Seychelles'!V8+'FS Seychelles'!X8+'FS Seychelles'!Y8+'FS Seychelles'!Z8 -> 397 | J7: =J6 -> 0 | K7: ='Submetering '!AA7 -> 0 | L7: =L6 -> 0 | M7: ='FS Seychelles'!B8 -> 69.7
A8: Seychelles | B8: =B7+1 -> 7 | C8: 1 | D8: 2022 | E8: ='Submetering '!O8+'Submetering '!P8+'Submetering '!Q8+'Submetering '!R8+'Submetering '!S8+'Submetering '!U8 -> 37624 | F8: =(('FS Seychelles'!R9*'FS Seychelles'!S9)+('FS Seychelles'!T9*'FS Seychelles'!U9))/TOTAL!E8 -> 0.25664145 | G8: ='Submetering '!AC8 -> 247.66667 | H8: =H7 -> 1.05 | I8: ='FS Seychelles'!V9+'FS Seychelles'!X9+'FS Seychelles'!Y9+'FS Seychelles'!Z9 -> 393 | J8: =J7 -> 0 | K8: ='Submetering '!AA8 -> 0 | L8: =L7 -> 0 | M8: ='FS Seychelles'!B9 -> 69.7
A9: Seychelles | B9: =B8+1 -> 8 | C9: 1 | D9: 2022 | E9: ='Submetering '!O9+'Submetering '!P9+'Submetering '!Q9+'Submetering '!R9+'Submetering '!S9+'Submetering '!U9 -> 36141 | F9: =(('FS Seychelles'!R10*'FS Seychelles'!S10)+('FS Seychelles'!T10*'FS Seychelles'!U10))/TOTAL!E9 -> 0.25802108 | G9: ='Submetering '!AC9 -> 0 | H9: =H8 -> 1.05 | I9: ='FS Seychelles'!V10+'FS Seychelles'!X10+'FS Seychelles'!Y10+'FS Seychelles'!Z10 -> 434 | J9: =J8 -> 0 | K9: ='Submetering '!AA9 -> 0 | L9: =L8 -> 0 | M9: ='FS Seychelles'!B10 -> 55.3
A10: Seychelles | B10: =B9+1 -> 9 | C10: 1 | D10: 2022 | E10: ='Submetering '!O10+'Submetering '!P10+'Submetering '!Q10+'Submetering '!R10+'Submetering '!S10+'Submetering '!U10 -> 36912 | F10: =(('FS Seychelles'!R11*'FS Seychelles'!S11)+('FS Seychelles'!T11*'FS Seychelles'!U11))/TOTAL!E10 -> 0.25444311 | G10: ='Submetering '!AC10 -> 0 | H10: =H9 -> 1.05 | I10: ='FS Seychelles'!V11+'FS Seychelles'!X11+'FS Seychelles'!Y11+'FS Seychelles'!Z11 -> 386.5 | J10: =J9 -> 0 | K10: ='Submetering '!AA10 -> 30.125 | L10: =L9 -> 0 | M10: ='FS Seychelles'!B11 -> 63.2
A11: Seychelles | B11: =B10+1 -> 10 | C11: 1 | D11: 2022 | E11: ='Submetering '!O11+'Submetering '!P11+'Submetering '!Q11+'Submetering '!R11+'Submetering '!S11+'Submetering '!U11 -> 32790 | F11: =(('FS Seychelles'!R12*'FS Seychelles'!S12)+('FS Seychelles'!T12*'FS Seychelles'!U12))/TOTAL!E11 -> 0.25270997 | G11: ='Submetering '!AC11 -> 0 | H11: =H10 -> 1.05 | I11: ='FS Seychelles'!V12+'FS Seychelles'!X12+'FS Seychelles'!Y12+'FS Seychelles'!Z12 -> 386.5 | J11: =J10 -> 0 | K11: ='Submetering '!AA11 -> 30.125 | L11: =L10 -> 0 | M11: ='FS Seychelles'!B12 -> 71.1
A12: Seychelles | B12: =B11+1 -> 11 | C12: 1 | D12: 2022 | E12: ='Submetering '!O12+'Submetering '!P12+'Submetering '!Q12+'Submetering '!R12+'Submetering '!S12+'Submetering '!U12 -> 51267 | F12: =(('FS Seychelles'!R13*'FS Seychelles'!S13)+('FS Seychelles'!T13*'FS Seychelles'!U13))/TOTAL!E12 -> 0.38458505 | G12: ='Submetering '!AC12 -> 0 | H12: =H11 -> 1.05 | I12: ='FS Seychelles'!V13+'FS Seychelles'!X13+'FS Seychelles'!Y13+'FS Seychelles'!Z13 -> 398 | J12: =J11 -> 0 | K12: ='Submetering '!AA12 -> 0 | L12: =L11 -> 0 | M12: ='FS Seychelles'!B13 -> 76.3
A13: Seychelles | B13: =B12+1 -> 12 | C13: 1 | D13: 2022 | E13: ='Submetering '!O13+'Submetering '!P13+'Submetering '!Q13+'Submetering '!R13+'Submetering '!S13+'Submetering '!U13 -> 29415 | F13: =(('FS Seychelles'!R14*'FS Seychelles'!S14)+('FS Seychelles'!T14*'FS Seychelles'!U14))/TOTAL!E13 -> 0.37620235 | G13: ='Submetering '!AC13 -> 0 | H13: =H12 -> 1.05 | I13: ='FS Seychelles'!V14+'FS Seychelles'!X14+'FS Seychelles'!Y14+'FS Seychelles'!Z14 -> 403 | J13: =J12 -> 0 | K13: ='Submetering '!AA13 -> 0 | L13: =L12 -> 0 | M13: ='FS Seychelles'!B14 -> 69.7
A14: Seychelles | B14: =B13+1 -> 13 | C14: 1 | D14: 2022 | E14: ='Submetering '!O14+'Submetering '!P14+'Submetering '!Q14+'Submetering '!R14+'Submetering '!S14+'Submetering '!U14 -> 27595 | F14: =(('FS Seychelles'!R15*'FS Seychelles'!S15)+('FS Seychelles'!T15*'FS Seychelles'!U15))/TOTAL!E14 -> 0.26768823 | G14: ='Submetering '!AC14 -> 0 | H14: =H13 -> 1.05 | I14: ='FS Seychelles'!V15+'FS Seychelles'!X15+'FS Seychelles'!Y15+'FS Seychelles'!Z15 -> 413 | J14: =J13 -> 0 | K14: ='Submetering '!AA14 -> 0 | L14: =L13 -> 0 | M14: ='FS Seychelles'!B15 -> 57.9
... A31: Seychelles | B31: =B30+1 -> 30 | C31: 1 | D31: 2022 | E31: ='Submetering '!O31+'Submetering '!P31+'Submetering '!Q31+'Submetering '!R31+'Submetering '!S31+'Submetering '!U31 -> 30419 | F31: =(('FS Seychelles'!R32*'FS Seychelles'!S32)+('FS Seychelles'!T32*'FS Seychelles'!U32))/TOTAL!E31 -> 0.26363226 | G31: ='Submetering '!AC31 -> 0 | H31: =H30 -> 1.05 | I31: ='FS Seychelles'!V32+'FS Seychelles'!X32+'FS Seychelles'!Y32+'FS Seychelles'!Z32 -> 312 | J31: =J30 -> 0 | K31: ='Submetering '!AA31 -> 0 | L31: =L30 -> 0 | M31: ='FS Seychelles'!B32 -> 60.5
A32: Seychelles | B32: 31 | C32: 1 | D32: 2022 | E32: ='Submetering '!O32+'Submetering '!P32+'Submetering '!Q32+'Submetering '!R32+'Submetering '!S32+'Submetering '!U32 -> 33698 | F32: =(('FS Seychelles'!R33*'FS Seychelles'!S33)+('FS Seychelles'!T33*'FS Seychelles'!U33))/TOTAL!E32 -> 0.2577347 | G32: ='Submetering '!AC32 -> 0 | H32: =H31 -> 1.05 | I32: ='FS Seychelles'!V33+'FS Seychelles'!X33+'FS Seychelles'!Y33+'FS Seychelles'!Z33 -> 331 | J32: =J31 -> 0 | K32: ='Submetering '!AA32 -> 0 | L32: =L31 -> 0 | M32: ='FS Seychelles'!B33 -> 61.8
