Workbook

Sheet TOTAL
A1: Site Name | B1: Day | C1: Month | D1: Year | E1: Total Electricity Kwh | F1: Electricity Tariff ($/Kwh) | G1: LPG (Kg) | H1: LPG $/Kg | I1: Water Utility Supply (m3) m3 | J1: Water Utility Supply (m3) $/m3 | K1: Irrigation Water (m3) m3 | L1: Irrigation water $/m3 | M1: Room Nights
A2: Seychelles | B2: 1 | C2: 4 | D2: 2022 | E2: ='Submetering '!O2+'Submetering '!P2+'Submetering '!Q2+'Submetering '!R2+'Submetering '!S2+'Submetering '!U2 -> 45595 | F2: =(('FS Seychelles'!R3*'FS Seychelles'!S3)+('FS Seychelles'!T3*'FS Seychelles'!U3))/TOTAL!E2 -> 0.29486483 | G2: ='Submetering '!AC2 -> 0 | H2: 1.05 | I2: ='FS Seychelles'!V3+'FS Seychelles'!X3+'FS Seychelles'!Y3+'FS Seychelles'!Z3 -> 391 | J2: 0 | K2: ='Submetering '!AA2 -> 112 | L2: 0 | M2: ='FS Seychelles'!B3 -> 36.8
A3: Seychelles | B3: =B2+1 -> 2 | C3: 4 | D3: 2022 | E3: ='Submetering '!O3+'Submetering '!P3+'Submetering '!Q3+'Submetering '!R3+'Submetering '!S3+'Submetering '!U3 -> 44574 | F3: =(('FS Seychelles'!R4*'FS Seychelles'!S4)+('FS Seychelles'!T4*'FS Seychelles'!U4))/TOTAL!E3 -> 0.28567059 | G3: ='Submetering '!AC3 -> 0 | H3: =H2 -> 1.05 | I3: ='FS Seychelles'!V4+'FS Seychelles'!X4+'FS Seychelles'!Y4+'FS Seychelles'!Z4 -> 356 | J3: =J2 -> 0 | K3: ='Submetering '!AA3 -> 107 | L3: =L2 -> 0 | M3: ='FS Seychelles'!B4 -> 35.5
A4: Seychelles | B4: =B3+1 -> 3 | C4: 4 | D4: 2022 | E4: ='Submetering '!O4+'Submetering '!P4+'Submetering '!Q4+'Submetering '!R4+'Submetering '!S4+'Submetering '!U4 -> 41101 | F4: =(('FS Seychelles'!R5*'FS Seychelles'!S5)+('FS Seychelles'!T5*'FS Seychelles'!U5))/TOTAL!E4 -> 0.29061637 | G4: ='Submetering '!AC4 -> 0 | H4: =H3 -> 1.05 | I4: ='FS Seychelles'!V5+'FS Seychelles'!X5+'FS Seychelles'!Y5+'FS Seychelles'!Z5 -> 378 | J4: =J3 -> 0 | K4: ='Submetering '!AA4 -> 110 | L4: =L3 -> 0 | M4: ='FS Seychelles'!B5 -> 36.8
A5: Seychelles | B5: =B4+1 -> 4 | C5: 4 | D5: 2022 | E5: ='Submetering '!O5+'Submetering '!P5+'Submetering '!Q5+'Submetering '!R5+'Submetering '!S5+'Submetering '!U5 -> 41024 | F5: =(('FS Seychelles'!R6*'FS Seychelles'!S6)+('FS Seychelles'!T6*'FS Seychelles'!U6))/TOTAL!E5 -> 0.28663175 | G5: ='Submetering '!AC5 -> 0 | H5: =H4 -> 1.05 | I5: ='FS Seychelles'!V6+'FS Seychelles'!X6+'FS Seychelles'!Y6+'FS Seychelles'!Z6 -> 0 | J5: =J4 -> 0 | K5: ='Submetering '!AA5 -> 0 | L5: =L4 -> 0 | M5: ='FS Seychelles'!B6 -> 38.2
A6: Seychelles | B6: =B5+1 -> 5 | C6: 4 | D6: 2022 | E6: ='Submetering '!O6+'Submetering '!P6+'Submetering '!Q6+'Submetering '!R6+'Submetering '!S6+'Submetering '!U6 -> 31050 | F6: =(('FS Seychelles'!R7*'FS Seychelles'!S7)+('FS Seychelles'!T7*'FS Seychelles'!U7))/TOTAL!E6 -> 0.2884233 | G6: ='Submetering '!AC6 -> 0 | H6: =H5 -> 1.05 | I6: ='FS Seychelles'!V7+'FS Seychelles'!X7+'FS Seychelles'!Y7+'FS Seychelles'!Z7 -> 314 | J6: =J5 -> 0 | K6: ='Submetering '!AA6 -> 104 | L6: =L5 -> 0 | M6: ='FS Seychelles'!B7 -> 34.2
A7: Seychelles | B7: =B6+1 -> 6 | C7: 4 | D7: 2022 | E7: ='Submetering '!O7+'Submetering '!P7+'Submetering '!Q7+'Submetering '!R7+'Submetering '!S7+'Submetering '!U7 -> 40814 | F7: =(('FS Seychelles'!R8*'FS Seychelles'!S8)+('FS Seychelles'!T8*'FS Seychelles'!U8))/TOTAL!E7 -> 0.27648422 | G7: ='Submetering '!AC7 -> 0 | H7: =H6 -> 1.05 | I7: ='FS Seychelles'!V8+'FS Seychelles'!X8+'FS Seychelles'!Y8+'FS Seychelles'!Z8 -> 379 | J7: =J6 -> 0 | K7: ='Submetering '!AA7 -> 110 | L7: =L6 -> 0 | M7: ='FS Seychelles'!B8 -> 27.6
A8: Seychelles | B8: =B7+1 -> 7 | C8: 4 | D8: 2022 | E8: ='Submetering '!O8+'Submetering '!P8+'Submetering '!Q8+'Submetering '!R8+'Submetering '!S8+'Submetering '!U8 -> 47841 | F8: =(('FS Seychelles'!R9*'FS Seychelles'!S9)+('FS Seychelles'!T9*'FS Seychelles'!U9))/TOTAL!E8 -> 0.29327317 | G8: ='Submetering '!AC8 -> 0 | H8: =H7 -> 1.05 | I8: ='FS Seychelles'!V9+'FS Seychelles'!X9+'FS Seychelles'!Y9+'FS Seychelles'!Z9 -> 293 | J8: =J7 -> 0 | K8: ='Submetering '!AA8 -> 106 | L8: =L7 -> 0 | M8: ='FS Seychelles'!B9 -> 31.6
A9: Seychelles | B9: =B8+1 -> 8 | C9: 4 | D9: 2022 | E9: ='Submetering '!O9+'Submetering '!P9+'Submetering '!Q9+'Submetering '!R9+'Submetering '!S9+'Submetering '!U9 -> 28631 | F9: =(('FS Seychelles'!R10*'FS Seychelles'!S10)+('FS Seychelles'!T10*'FS Seychelles'!U10))/TOTAL!E9 -> 0.30053619 | G9: ='Submetering '!AC9 -> 0 | H9: =H8 -> 1.05 | I9: ='FS Seychelles'!V10+'FS Seychelles'!X10+'FS Seychelles'!Y10+'FS Seychelles'!Z10 -> 301 | J9: =J8 -> 0 | K9: ='Submetering '!AA9 -> 105 | L9: =L8 -> 0 | M9: ='FS Seychelles'!B10 -> 32.9
A10: Seychelles | B10: =B9+1 -> 9 | C10: 4 | D10: 2022 | E10: ='Submetering '!O10+'Submetering '!P10+'Submetering '!Q10+'Submetering '!R10+'Submetering '!S10+'Submetering '!U10 -> 37508 | F10: =(('FS Seychelles'!R11*'FS Seychelles'!S11)+('FS Seychelles'!T11*'FS Seychelles'!U11))/TOTAL!E10 -> 0.29610701 | G10: ='Submetering '!AC10 -> 0 | H10: =H9 -> 1.05 | I10: ='FS Seychelles'!V11+'FS Seychelles'!X11+'FS Seychelles'!Y11+'FS Seychelles'!Z11 -> 332 | J10: =J9 -> 0 | K10: ='Submetering '!AA10 -> 112 | L10: =L9 -> 0 | M10: ='FS Seychelles'!B11 -> 39.5
A11: Seychelles | B11: =B10+1 -> 10 | C11: 4 | D11: 2022 | E11: ='Submetering '!O11+'Submetering '!P11+'Submetering '!Q11+'Submetering '!R11+'Submetering '!S11+'Submetering '!U11 -> 41360 | F11: =(('FS Seychelles'!R12*'FS Seychelles'!S12)+('FS Seychelles'!T12*'FS Seychelles'!U12))/TOTAL!E11 -> 0.26133397 | G11: ='Submetering '!AC11 -> 0 | H11: =H10 -> 1.05 | I11: ='FS Seychelles'!V12+'FS Seychelles'!X12+'FS Seychelles'!Y12+'FS Seychelles'!Z12 -> 350 | J11: =J10 -> 0 | K11: ='Submetering '!AA11 -> 116 | L11: =L10 -> 0 | M11: ='FS Seychelles'!B12 -> 36.8
A12: Seychelles | B12: =B11+1 -> 11 | C12: 4 | D12: 2022 | E12: ='Submetering '!O12+'Submetering '!P12+'Submetering '!Q12+'Submetering '!R12+'Submetering '!S12+'Submetering '!U12 -> 38613 | F12: =(('FS Seychelles'!R13*'FS Seychelles'!S13)+('FS Seychelles'!T13*'FS Seychelles'!U13))/TOTAL!E12 -> 0.30035559 | G12: ='Submetering '!AC12 -> 0 | H12: =H11 -> 1.05 | I12: ='FS Seychelles'!V13+'FS Seychelles'!X13+'FS Seychelles'!Y13+'FS Seychelles'!Z13 -> 340 | J12: =J11 -> 0 | K12: ='Submetering '!AA12 -> 102 | L12: =L11 -> 0 | M12: ='FS Seychelles'!B13 -> 60.5
A13: Seychelles | B13: =B12+1 -> 12 | C13: 4 | D13: 2022 | E13: ='Submetering '!O13+'Submetering '!P13+'Submetering '!Q13+'Submetering '!R13+'Submetering '!S13+'Submetering '!U13 -> 35114 | F13: =(('FS Seychelles'!R14*'FS Seychelles'!S14)+('FS Seychelles'!T14*'FS Seychelles'!U14))/TOTAL!E13 -> 0.26203702 | G13: ='Submetering '!AC13 -> 0 | H13: =H12 -> 1.05 | I13: ='FS Seychelles'!V14+'FS Seychelles'!X14+'FS Seychelles'!Y14+'FS Seychelles'!Z14 -> 309 | J13: =J12 -> 0 | K13: ='Submetering '!AA13 -> 60 | L13: =L12 -> 0 | M13: ='FS Seychelles'!B14 -> 56.6
A14: Seychelles | B14: =B13+1 -> 13 | C14: 4 | D14: 2022 | E14: ='Submetering '!O14+'Submetering '!P14+'Submetering '!Q14+'Submetering '!R14+'Submetering '!S14+'Submetering '!U14 -> 40485 | F14: =(('FS Seychelles'!R15*'FS Seychelles'!S15)+('FS Seychelles'!T15*'FS Seychelles'!U15))/TOTAL!E14 -> 0.28572903 | G14: ='Submetering '!AC14 -> 0 | H14: =H13 -> 1.05 | I14: ='FS Seychelles'!V15+'FS Seychelles'!X15+'FS Seychelles'!Y15+'FS Seychelles'!Z15 -> 351 | J14: =J13 -> 0 | K14: ='Submetering '!AA14 -> 107 | L14: =L13 -> 0 | M14: ='FS Seychelles'!B15 -> 0
... A16: Seychelles | B16: =B15+1 -> 15 | C16: 4 | D16: 2022 | E16: ='Submetering '!O16+'Submetering '!P16+'Submetering '!Q16+'Submetering '!R16+'Submetering '!S16+'Submetering '!U16 -> 40854 | F16: =(('FS Seychelles'!R17*'FS Seychelles'!S17)+('FS Seychelles'!T17*'FS Seychelles'!U17))/TOTAL!E16 -> 0.32061096 | G16: ='Submetering '!AC16 -> 0 | H16: =H15 -> 1.05 | I16: ='FS Seychelles'!V17+'FS Seychelles'!X17+'FS Seychelles'!Y17+'FS Seychelles'!Z17 -> 128 | J16: =J15 -> 0 | K16: ='Submetering '!AA16 -> 73 | L16: =L15 -> 0 | M16: ='FS Seychelles'!B17 -> 0
A17: Seychelles | B17: =B16+1 -> 16 | C17: 4 | D17: 2022 | E17: ='Submetering '!O17+'Submetering '!P17+'Submetering '!Q17+'Submetering '!R17+'Submetering '!S17+'Submetering '!U17 -> 37681 | F17: =(('FS Seychelles'!R18*'FS Seychelles'!S18)+('FS Seychelles'!T18*'FS Seychelles'!U18))/TOTAL!E17 -> 0.32307423 | G17: ='Submetering '!AC17 -> 0 | H17: =H16 -> 1.05 | I17: ='FS Seychelles'!V19+'FS Seychelles'!X18+'FS Seychelles'!Y18+'FS Seychelles'!Z18 -> 214 | J17: =J16 -> 0 | K17: ='Submetering '!AA17 -> 0 | L17: =L16 -> 0 | M17: ='FS Seychelles'!B18 -> 0
A18: Seychelles | B18: =B17+1 -> 17 | C18: 4 | D18: 2022 | E18: ='Submetering '!O18+'Submetering '!P18+'Submetering '!Q18+'Submetering '!R18+'Submetering '!S18+'Submetering '!U18 -> 35507 | F18: =(('FS Seychelles'!R19*'FS Seychelles'!S19)+('FS Seychelles'!T19*'FS Seychelles'!U19))/TOTAL!E18 -> 0.31783254 | G18: ='Submetering '!AC18 -> 0 | H18: =H17 -> 1.05 | I18: ='FS Seychelles'!V20+'FS Seychelles'!X19+'FS Seychelles'!Y19+'FS Seychelles'!Z19 -> 302 | J18: =J17 -> 0 | K18: ='Submetering '!AA18 -> 71 | L18: =L17 -> 0 | M18: ='FS Seychelles'!B19 -> 0
A19: Seychelles | B19: =B18+1 -> 18 | C19: 4 | D19: 2022 | E19: ='Submetering '!O19+'Submetering '!P19+'Submetering '!Q19+'Submetering '!R19+'Submetering '!S19+'Submetering '!U19 -> 40307 | F19: =(('FS Seychelles'!R20*'FS Seychelles'!S20)+('FS Seychelles'!T20*'FS Seychelles'!U20))/TOTAL!E19 -> 0.3266053 | G19: ='Submetering '!AC19 -> 0 | H19: =H18 -> 1.05 | I19: ='FS Seychelles'!V21+'FS Seychelles'!X20+'FS Seychelles'!Y20+'FS Seychelles'!Z20 -> 338 | J19: =J18 -> 0 | K19: ='Submetering '!AA19 -> 115 | L19: =L18 -> 0 | M19: ='FS Seychelles'!B20 -> 0
A20: Seychelles | B20: =B19+1 -> 19 | C20: 4 | D20: 2022 | E20: ='Submetering '!O20+'Submetering '!P20+'Submetering '!Q20+'Submetering '!R20+'Submetering '!S20+'Submetering '!U20 -> 40287 | F20: =(('FS Seychelles'!R21*'FS Seychelles'!S21)+('FS Seychelles'!T21*'FS Seychelles'!U21))/TOTAL!E20 -> 0.31011095 | G20: ='Submetering '!AC20 -> 0 | H20: =H19 -> 1.05 | I20: ='FS Seychelles'!V21+'FS Seychelles'!X21+'FS Seychelles'!Y21+'FS Seychelles'!Z21 -> 0 | J20: =J19 -> 0 | K20: ='Submetering '!AA20 -> 0 | L20: =L19 -> 0 | M20: ='FS Seychelles'!B21 -> 0
A21: Seychelles | B21: =B20+1 -> 20 | C21: 4 | D21: 2022 | E21: ='Submetering '!O21+'Submetering '!P21+'Submetering '!Q21+'Submetering '!R21+'Submetering '!S21+'Submetering '!U21 -> 37666 | F21: =(('FS Seychelles'!R22*'FS Seychelles'!S22)+('FS Seychelles'!T22*'FS Seychelles'!U22))/TOTAL!E21 -> 0.32928158 | G21: ='Submetering '!AC21 -> 0 | H21: =H20 -> 1.05 | I21: ='FS Seychelles'!V22+'FS Seychelles'!X22+'FS Seychelles'!Y22+'FS Seychelles'!Z22 -> 299 | J21: =J20 -> 0 | K21: ='Submetering '!AA21 -> 115 | L21: =L20 -> 0 | M21: ='FS Seychelles'!B22 -> 0
A22: Seychelles | B22: =B21+1 -> 21 | C22: 4 | D22: 2022 | E22: ='Submetering '!O22+'Submetering '!P22+'Submetering '!Q22+'Submetering '!R22+'Submetering '!S22+'Submetering '!U22 -> 53693 | F22: =(('FS Seychelles'!R23*'FS Seychelles'!S23)+('FS Seychelles'!T23*'FS Seychelles'!U23))/TOTAL!E22 -> 0.30080346 | G22: ='Submetering '!AC22 -> 0 | H22: =H21 -> 1.05 | I22: ='FS Seychelles'!V23+'FS Seychelles'!X23+'FS Seychelles'!Y23+'FS Seychelles'!Z23 -> 376 | J22: =J21 -> 0 | K22: ='Submetering '!AA22 -> 118 | L22: =L21 -> 0 | M22: ='FS Seychelles'!B23 -> 0
A23: Seychelles | B23: =B22+1 -> 22 | C23: 4 | D23: 2022 | E23: ='Submetering '!O23+'Submetering '!P23+'Submetering '!Q23+'Submetering '!R23+'Submetering '!S23+'Submetering '!U23 -> 19530 | F23: =(('FS Seychelles'!R24*'FS Seychelles'!S24)+('FS Seychelles'!T24*'FS Seychelles'!U24))/TOTAL!E23 -> 0.44785253 | G23: ='Submetering '!AC23 -> 0 | H23: =H22 -> 1.05 | I23: ='FS Seychelles'!V24+'FS Seychelles'!X24+'FS Seychelles'!Y24+'FS Seychelles'!Z24 -> 441 | J23: =J22 -> 0 | K23: ='Submetering '!AA23 -> 110 | L23: =L22 -> 0 | M23: ='FS Seychelles'!B24 -> 0
A24: Seychelles | B24: =B23+1 -> 23 | C24: 4 | D24: 2022 | E24: ='Submetering '!O24+'Submetering '!P24+'Submetering '!Q24+'Submetering '!R24+'Submetering '!S24+'Submetering '!U24 -> 37015 | F24: =(('FS Seychelles'!R25*'FS Seychelles'!S25)+('FS Seychelles'!T25*'FS Seychelles'!U25))/TOTAL!E24 -> 0.32021181 | G24: ='Submetering '!AC24 -> 0 | H24: =H23 -> 1.05 | I24: ='FS Seychelles'!V25+'FS Seychelles'!X25+'FS Seychelles'!Y25+'FS Seychelles'!Z25 -> 479 | J24: =J23 -> 0 | K24: ='Submetering '!AA24 -> 112 | L24: =L23 -> 0 | M24: ='FS Seychelles'!B25 -> 0
A25: Seychelles | B25: =B24+1 -> 24 | C25: 4 | D25: 2022 | E25: ='Submetering '!O25+'Submetering '!P25+'Submetering '!Q25+'Submetering '!R25+'Submetering '!S25+'Submetering '!U25 -> 37788 | F25: =(('FS Seychelles'!R26*'FS Seychelles'!S26)+('FS Seychelles'!T26*'FS Seychelles'!U26))/TOTAL!E25 -> 0.32410289 | G25: ='Submetering '!AC25 -> 0 | H25: =H24 -> 1.05 | I25: ='FS Seychelles'!V26+'FS Seychelles'!X26+'FS Seychelles'!Y26+'FS Seychelles'!Z26 -> 346 | J25: =J24 -> 0 | K25: ='Submetering '!AA25 -> 106 | L25: =L24 -> 0 | M25: ='FS Seychelles'!B26 -> 0
A26: Seychelles | B26: =B25+1 -> 25 | C26: 4 | D26: 2022 | E26: ='Submetering '!O26+'Submetering '!P26+'Submetering '!Q26+'Submetering '!R26+'Submetering '!S26+'Submetering '!U26 -> 38148 | F26: =(('FS Seychelles'!R27*'FS Seychelles'!S27)+('FS Seychelles'!T27*'FS Seychelles'!U27))/TOTAL!E26 -> 0 | G26: ='Submetering '!AC26 -> 0 | H26: =H25 -> 1.05 | I26: ='FS Seychelles'!V27+'FS Seychelles'!X27+'FS Seychelles'!Y27+'FS Seychelles'!Z27 -> 0 | J26: =J25 -> 0 | K26: ='Submetering '!AA26 -> 0 | L26: =L25 -> 0 | M26: ='FS Seychelles'!B27 -> 0
A27: Seychelles | B27: =B26+1 -> 26 | C27: 4 | D27: 2022 | E27: ='Submetering '!O27+'Submetering '!P27+'Submetering '!Q27+'Submetering '!R27+'Submetering '!S27+'Submetering '!U27 -> 0 | F27: =(('FS Seychelles'!R28*'FS Seychelles'!S28)+('FS Seychelles'!T28*'FS Seychelles'!U28))/TOTAL!E27 -> #DIV/0! | G27: ='Submetering '!AC27 -> 0 | H27: =H26 -> 1.05 | I27: ='FS Seychelles'!V28+'FS Seychelles'!X28+'FS Seychelles'!Y28+'FS Seychelles'!Z28 -> 0 | J27: =J26 -> 0 | K27: ='Submetering '!AA27 -> 0 | L27: =L26 -> 0 | M27: ='FS Seychelles'!B28 -> 0
A28: Seychelles | B28: =B27+1 -> 27 | C28: 4 | D28: 2022 | E28: ='Submetering '!O28+'Submetering '!P28+'Submetering '!Q28+'Submetering '!R28+'Submetering '!S28+'Submetering '!U28 -> 0 | F28: =(('FS Seychelles'!R29*'FS Seychelles'!S29)+('FS Seychelles'!T29*'FS Seychelles'!U29))/TOTAL!E28 -> #DIV/0! | G28: ='Submetering '!AC28 -> 0 | H28: =H27 -> 1.05 | I28: ='FS Seychelles'!V29+'FS Seychelles'!X29+'FS Seychelles'!Y29+'FS Seychelles'!Z29 -> 0 | J28: =J27 -> 0 | K28: ='Submetering '!AA28 -> 0 | L28: =L27 -> 0 | M28: ='FS Seychelles'!B29 -> 0
A29: Seychelles | B29: =B28+1 -> 28 | C29: 4 | D29: 2022 | E29: ='Submetering '!O29+'Submetering '!P29+'Submetering '!Q29+'Submetering '!R29+'Submetering '!S29+'Submetering '!U29 -> 0 | F29: =(('FS Seychelles'!R30*'FS Seychelles'!S30)+('FS Seychelles'!T30*'FS Seychelles'!U30))/TOTAL!E29 -> #DIV/0! | G29: ='Submetering '!AC29 -> 0 | H29: =H28 -> 1.05 | I29: ='FS Seychelles'!V30+'FS Seychelles'!X30+'FS Seychelles'!Y30+'FS Seychelles'!Z30 -> 0 | J29: =J28 -> 0 | K29: ='Submetering '!AA29 -> 0 | L29: =L28 -> 0 | M29: ='FS Seychelles'!B30 -> 0
A30: Seychelles | B30: =B29+1 -> 29 | C30: 4 | D30: 2022 | E30: ='Submetering '!O30+'Submetering '!P30+'Submetering '!Q30+'Submetering '!R30+'Submetering '!S30+'Submetering '!U30 -> 0 | F30: =(('FS Seychelles'!R31*'FS Seychelles'!S31)+('FS Seychelles'!T31*'FS Seychelles'!U31))/TOTAL!E30 -> #DIV/0! | G30: ='Submetering '!AC30 -> 0 | H30: =H29 -> 1.05 | I30: ='FS Seychelles'!V31+'FS Seychelles'!X31+'FS Seychelles'!Y31+'FS Seychelles'!Z31 -> 0 | J30: =J29 -> 0 | K30: ='Submetering '!AA30 -> 0 | L30: =L29 -> 0 | M30: ='FS Seychelles'!B31 -> 0
A31: Seychelles | B31: =B30+1 -> 30 | C31: 4 | D31: 2022 | E31: ='Submetering '!O31+'Submetering '!P31+'Submetering '!Q31+'Submetering '!R31+'Submetering '!S31+'Submetering '!U31 -> 0 | F31: =(('FS Seychelles'!R32*'FS Seychelles'!S32)+('FS Seychelles'!T32*'FS Seychelles'!U32))/TOTAL!E31 -> #DIV/0! | G31: ='Submetering '!AC31 -> 0 | H31: =H30 -> 1.05 | I31: ='FS Seychelles'!V32+'FS Seychelles'!X32+'FS Seychelles'!Y32+'FS Seychelles'!Z32 -> 0 | J31: =J30 -> 0 | K31: ='Submetering '!AA31 -> 0 | L31: =L30 -> 0 | M31: ='FS Seychelles'!B32 -> 0
A32: Seychelles | B32: 31 | C32: 4 | D32: 2022 | E32: ='Submetering '!O32+'Submetering '!P32+'Submetering '!Q32+'Submetering '!R32+'Submetering '!S32+'Submetering '!U32 -> 0 | F32: =(('FS Seychelles'!R33*'FS Seychelles'!S33)+('FS Seychelles'!T33*'FS Seychelles'!U33))/TOTAL!E32 -> #DIV/0! | G32: ='Submetering '!AC32 -> 0 | H32: =H31 -> 1.05 | I32: ='FS Seychelles'!V33+'FS Seychelles'!X33+'FS Seychelles'!Y33+'FS Seychelles'!Z33 -> 0 | J32: =J31 -> 0 | K32: ='Submetering '!AA32 -> 0 | L32: =L31 -> 0 | M32: ='FS Seychelles'!B33 -> 0

Sheet Submetering 
A1: Site Name | B1: Day | C1: Month | D1: Year | E1: Room Night | F1: SS-A - KWh | G1: SS-B- KWh | H1: SS-C- KWh | I1: SS-D1- KWh | J1: SS-D2- KWh | K1: SS-E- KWh | L1: FIRE PUMP- KWh | M1: CASINO- KWh | N1: BOH- KWh | O1: Generator#1 - KWh | P1: Generator#2- KWh | Q1: Generator#3- KWh | R1: Generator#4- KWh | S1: Generator#5- KWh | T1: DIESEL - Liter | U1: PUC - KWh | V1: BOH Water- m3 | W1: E-Resort- m3 | X1: North RVs- m3 | Y1: WT59- m3 | Z1: WT08- m3 | AA1: PUC (HOH)- m3 | AB1: PUC (Resort) - m3 | AC1: LPG (Kg)
A2: Seychelles | B2: 1 | C2: 4 | D2: 2022 | E2: ='FS Seychelles'!B3 -> 36.8 | F2: ='FS Seychelles'!D3*1000 -> 0 | G2: ='FS Seychelles'!E3*1000 -> 0 | H2: ='FS Seychelles'!F3*1000 -> 0 | I2: ='FS Seychelles'!G3*1000 -> 0 | J2: ='FS Seychelles'!H3*1000 -> 0 | K2: ='FS Seychelles'!I3*1000 -> 0 | L2: ='FS Seychelles'!J3*1000 -> 0 | M2: ='FS Seychelles'!K3*1000 -> 0 | N2: ='FS Seychelles'!L3*1000 -> 0 | O2: ='FS Seychelles'!M3 -> 11875 | P2: ='FS Seychelles'!N3 -> 8398 | Q2: ='FS Seychelles'!O3 -> 9029 | R2: ='FS Seychelles'!P3 -> 9524 | S2: ='FS Seychelles'!Q3 -> 6769 | T2: ='FS Seychelles'!R3 -> 10345 | U2: ='FS Seychelles'!T3 -> 0 | V2: ='FS Seychelles'!V3 -> 59 | W2: ='FS Seychelles'!W3 -> 0 | X2: ='FS Seychelles'!X3 -> 54 | Y2: ='FS Seychelles'!Y3 -> 150 | Z2: ='FS Seychelles'!Z3 -> 128 | AA2: ='FS Seychelles'!AA3 -> 112 | AB2: ='FS Seychelles'!AB3 -> 0 | AC2: =('FS Seychelles'!AF9+'FS Seychelles'!AF15)/30 -> 0
A3: Seychelles | B3: =B2+1 -> 2 | C3: 4 | D3: 2022 | E3: ='FS Seychelles'!B4 -> 35.5 | F3: ='FS Seychelles'!D4*1000 -> 0 | G3: ='FS Seychelles'!E4*1000 -> 0 | H3: ='FS Seychelles'!F4*1000 -> 0 | I3: ='FS Seychelles'!G4*1000 -> 0 | J3: ='FS Seychelles'!H4*1000 -> 0 | K3: ='FS Seychelles'!I4*1000 -> 0 | L3: ='FS Seychelles'!J4*1000 -> 0 | M3: ='FS Seychelles'!K4*1000 -> 0 | N3: ='FS Seychelles'!L4*1000 -> 0 | O3: ='FS Seychelles'!M4 -> 7574 | P3: ='FS Seychelles'!N4 -> 10839 | Q3: ='FS Seychelles'!O4 -> 9855 | R3: ='FS Seychelles'!P4 -> 9779 | S3: ='FS Seychelles'!Q4 -> 6527 | T3: ='FS Seychelles'!R4 -> 9798 | U3: ='FS Seychelles'!T4 -> 0 | V3: ='FS Seychelles'!V4 -> 52 | W3: ='FS Seychelles'!W4 -> 31 | X3: ='FS Seychelles'!X4 -> 54 | Y3: ='FS Seychelles'!Y4 -> 140 | Z3: ='FS Seychelles'!Z4 -> 110 | AA3: ='FS Seychelles'!AA4 -> 107 | AB3: ='FS Seychelles'!AB4 -> 89 | AC3: =('FS Seychelles'!AF10+'FS Seychelles'!AF16)/30 -> 0
A4: Seychelles | B4: =B3+1 -> 3 | C4: 4 | D4: 2022 | E4: ='FS Seychelles'!B5 -> 36.8 | F4: ='FS Seychelles'!D5*1000 -> 0 | G4: ='FS Seychelles'!E5*1000 -> 0 | H4: ='FS Seychelles'!F5*1000 -> 0 | I4: ='FS Seychelles'!G5*1000 -> 0 | J4: ='FS Seychelles'!H5*1000 -> 0 | K4: ='FS Seychelles'!I5*1000 -> 0 | L4: ='FS Seychelles'!J5*1000 -> 0 | M4: ='FS Seychelles'!K5*1000 -> 0 | N4: ='FS Seychelles'!L5*1000 -> 0 | O4: ='FS Seychelles'!M5 -> 5871 | P4: ='FS Seychelles'!N5 -> 10203 | Q4: ='FS Seychelles'!O5 -> 10732 | R4: ='FS Seychelles'!P5 -> 7546 | S4: ='FS Seychelles'!Q5 -> 6749 | T4: ='FS Seychelles'!R5 -> 9191 | U4: ='FS Seychelles'!T5 -> 0 | V4: ='FS Seychelles'!V5 -> 44 | W4: ='FS Seychelles'!W5 -> 19 | X4: ='FS Seychelles'!X5 -> 60 | Y4: ='FS Seychelles'!Y5 -> 166 | Z4: ='FS Seychelles'!Z5 -> 108 | AA4: ='FS Seychelles'!AA5 -> 110 | AB4: ='FS Seychelles'!AB5 -> 0 | AC4: =('FS Seychelles'!AF11+'FS Seychelles'!AF17)/30 -> 0
A5: Seychelles | B5: =B4+1 -> 4 | C5: 4 | D5: 2022 | E5: ='FS Seychelles'!B6 -> 38.2 | F5: ='FS Seychelles'!D6*1000 -> 0 | G5: ='FS Seychelles'!E6*1000 -> 0 | H5: ='FS Seychelles'!F6*1000 -> 0 | I5: ='FS Seychelles'!G6*1000 -> 0 | J5: ='FS Seychelles'!H6*1000 -> 0 | K5: ='FS Seychelles'!I6*1000 -> 0 | L5: ='FS Seychelles'!J6*1000 -> 0 | M5: ='FS Seychelles'!K6*1000 -> 0 | N5: ='FS Seychelles'!L6*1000 -> 0 | O5: ='FS Seychelles'!M6 -> 6762 | P5: ='FS Seychelles'!N6 -> 10275 | Q5: ='FS Seychelles'!O6 -> 10794 | R5: ='FS Seychelles'!P6 -> 6943 | S5: ='FS Seychelles'!Q6 -> 6250 | T5: ='FS Seychelles'!R6 -> 9048 | U5: ='FS Seychelles'!T6 -> 0 | V5: ='FS Seychelles'!V6 -> 0 | W5: ='FS Seychelles'!W6 -> 0 | X5: ='FS Seychelles'!X6 -> 0 | Y5: ='FS Seychelles'!Y6 -> 0 | Z5: ='FS Seychelles'!Z6 -> 0 | AA5: ='FS Seychelles'!AA6 -> 0 | AB5: ='FS Seychelles'!AB6 -> 0 | AC5: =('FS Seychelles'!AF12+'FS Seychelles'!AF18)/30 -> 0
A6: Seychelles | B6: =B5+1 -> 5 | C6: 4 | D6: 2022 | E6: ='FS Seychelles'!B7 -> 34.2 | F6: ='FS Seychelles'!D7*1000 -> 0 | G6: ='FS Seychelles'!E7*1000 -> 0 | H6: ='FS Seychelles'!F7*1000 -> 0 | I6: ='FS Seychelles'!G7*1000 -> 0 | J6: ='FS Seychelles'!H7*1000 -> 0 | K6: ='FS Seychelles'!I7*1000 -> 0 | L6: ='FS Seychelles'!J7*1000 -> 0 | M6: ='FS Seychelles'!K7*1000 -> 0 | N6: ='FS Seychelles'!L7*1000 -> 0 | O6: ='FS Seychelles'!M7 -> 8135 | P6: ='FS Seychelles'!N7 -> 6922 | Q6: ='FS Seychelles'!O7 -> 6965 | R6: ='FS Seychelles'!P7 -> 0 | S6: ='FS Seychelles'!Q7 -> 9028 | T6: ='FS Seychelles'!R7 -> 6891 | U6: ='FS Seychelles'!T7 -> 0 | V6: ='FS Seychelles'!V7 -> 49 | W6: ='FS Seychelles'!W7 -> 35 | X6: ='FS Seychelles'!X7 -> 51 | Y6: ='FS Seychelles'!Y7 -> 108 | Z6: ='FS Seychelles'!Z7 -> 106 | AA6: ='FS Seychelles'!AA7 -> 104 | AB6: ='FS Seychelles'!AB7 -> 0 | AC6: =('FS Seychelles'!AF13+'FS Seychelles'!AF19)/30 -> 0
A7: Seychelles | B7: =B6+1 -> 6 | C7: 4 | D7: 2022 | E7: ='FS Seychelles'!B8 -> 27.6 | F7: ='FS Seychelles'!D8*1000 -> 0 | G7: ='FS Seychelles'!E8*1000 -> 0 | H7: ='FS Seychelles'!F8*1000 -> 0 | I7: ='FS Seychelles'!G8*1000 -> 0 | J7: ='FS Seychelles'!H8*1000 -> 0 | K7: ='FS Seychelles'!I8*1000 -> 0 | L7: ='FS Seychelles'!J8*1000 -> 0 | M7: ='FS Seychelles'!K8*1000 -> 0 | N7: ='FS Seychelles'!L8*1000 -> 0 | O7: ='FS Seychelles'!M8 -> 7126 | P7: ='FS Seychelles'!N8 -> 9915 | Q7: ='FS Seychelles'!O8 -> 17085 | R7: ='FS Seychelles'!P8 -> 2310 | S7: ='FS Seychelles'!Q8 -> 4378 | T7: ='FS Seychelles'!R8 -> 8683 | U7: ='FS Seychelles'!T8 -> 0 | V7: ='FS Seychelles'!V8 -> 46 | W7: ='FS Seychelles'!W8 -> 20 | X7: ='FS Seychelles'!X8 -> 72 | Y7: ='FS Seychelles'!Y8 -> 147 | Z7: ='FS Seychelles'!Z8 -> 114 | AA7: ='FS Seychelles'!AA8 -> 110 | AB7: ='FS Seychelles'!AB8 -> 0 | AC7: =('FS Seychelles'!AF14+'FS Seychelles'!AF20)/30 -> 0
A8: Seychelles | B8: =B7+1 -> 7 | C8: 4 | D8: 2022 | E8: ='FS Seychelles'!B9 -> 31.6 | F8: ='FS Seychelles'!D9*1000 -> 0 | G8: ='FS Seychelles'!E9*1000 -> 0 | H8: ='FS Seychelles'!F9*1000 -> 0 | I8: ='FS Seychelles'!G9*1000 -> 0 | J8: ='FS Seychelles'!H9*1000 -> 0 | K8: ='FS Seychelles'!I9*1000 -> 0 | L8: ='FS Seychelles'!J9*1000 -> 0 | M8: ='FS Seychelles'!K9*1000 -> 0 | N8: ='FS Seychelles'!L9*1000 -> 0 | O8: ='FS Seychelles'!M9 -> 10249 | P8: ='FS Seychelles'!N9 -> 15463 | Q8: ='FS Seychelles'!O9 -> 0 | R8: ='FS Seychelles'!P9 -> 7043 | S8: ='FS Seychelles'!Q9 -> 15086 | T8: ='FS Seychelles'!R9 -> 10796 | U8: ='FS Seychelles'!T9 -> 0 | V8: ='FS Seychelles'!V9 -> 38 | W8: ='FS Seychelles'!W9 -> 35 | X8: ='FS Seychelles'!X9 -> 46 | Y8: ='FS Seychelles'!Y9 -> 123 | Z8: ='FS Seychelles'!Z9 -> 86 | AA8: ='FS Seychelles'!AA9 -> 106 | AB8: ='FS Seychelles'!AB9 -> 0 | AC8: =('FS Seychelles'!AF15+'FS Seychelles'!AF21)/30 -> 0
A9: Seychelles | B9: =B8+1 -> 8 | C9: 4 | D9: 2022 | E9: ='FS Seychelles'!B10 -> 32.9 | F9: ='FS Seychelles'!D10*1000 -> 0 | G9: ='FS Seychelles'!E10*1000 -> 0 | H9: ='FS Seychelles'!F10*1000 -> 0 | I9: ='FS Seychelles'!G10*1000 -> 0 | J9: ='FS Seychelles'!H10*1000 -> 0 | K9: ='FS Seychelles'!I10*1000 -> 0 | L9: ='FS Seychelles'!J10*1000 -> 0 | M9: ='FS Seychelles'!K10*1000 -> 0 | N9: ='FS Seychelles'!L10*1000 -> 0 | O9: ='FS Seychelles'!M10 -> 0 | P9: ='FS Seychelles'!N10 -> 5866 | Q9: ='FS Seychelles'!O10 -> 6574 | R9: ='FS Seychelles'!P10 -> 10278 | S9: ='FS Seychelles'!Q10 -> 5913 | T9: ='FS Seychelles'!R10 -> 6621 | U9: ='FS Seychelles'!T10 -> 0 | V9: ='FS Seychelles'!V10 -> 40 | W9: ='FS Seychelles'!W10 -> 0 | X9: ='FS Seychelles'!X10 -> 45 | Y9: ='FS Seychelles'!Y10 -> 145 | Z9: ='FS Seychelles'!Z10 -> 71 | AA9: ='FS Seychelles'!AA10 -> 105 | AB9: ='FS Seychelles'!AB10 -> 0 | AC9: =('FS Seychelles'!AF16+'FS Seychelles'!AF22)/30 -> 0
A10: Seychelles | B10: =B9+1 -> 9 | C10: 4 | D10: 2022 | E10: ='FS Seychelles'!B11 -> 39.5 | F10: ='FS Seychelles'!D11*1000 -> 0 | G10: ='FS Seychelles'!E11*1000 -> 0 | H10: ='FS Seychelles'!F11*1000 -> 0 | I10: ='FS Seychelles'!G11*1000 -> 0 | J10: ='FS Seychelles'!H11*1000 -> 0 | K10: ='FS Seychelles'!I11*1000 -> 0 | L10: ='FS Seychelles'!J11*1000 -> 0 | M10: ='FS Seychelles'!K11*1000 -> 0 | N10: ='FS Seychelles'!L11*1000 -> 0 | O10: ='FS Seychelles'!M11 -> 10097 | P10: ='FS Seychelles'!N11 -> 9566 | Q10: ='FS Seychelles'!O11 -> 3393 | R10: ='FS Seychelles'!P11 -> 8637 | S10: ='FS Seychelles'!Q11 -> 5815 | T10: ='FS Seychelles'!R11 -> 8546 | U10: ='FS Seychelles'!T11 -> 0 | V10: ='FS Seychelles'!V11 -> 44 | W10: ='FS Seychelles'!W11 -> 18 | X10: ='FS Seychelles'!X11 -> 49 | Y10: ='FS Seychelles'!Y11 -> 142 | Z10: ='FS Seychelles'!Z11 -> 97 | AA10: ='FS Seychelles'!AA11 -> 112 | AB10: ='FS Seychelles'!AB11 -> 0 | AC10: =('FS Seychelles'!AF17+'FS Seychelles'!AF23)/30 -> 0
A11: Seychelles | B11: =B10+1 -> 10 | C11: 4 | D11: 2022 | E11: ='FS Seychelles'!B12 -> 36.8 | F11: ='FS Seychelles'!D12*1000 -> 0 | G11: ='FS Seychelles'!E12*1000 -> 0 | H11: ='FS Seychelles'!F12*1000 -> 0 | I11: ='FS Seychelles'!G12*1000 -> 0 | J11: ='FS Seychelles'!H12*1000 -> 0 | K11: ='FS Seychelles'!I12*1000 -> 0 | L11: ='FS Seychelles'!J12*1000 -> 0 | M11: ='FS Seychelles'!K12*1000 -> 0 | N11: ='FS Seychelles'!L12*1000 -> 0 | O11: ='FS Seychelles'!M12 -> 9990 | P11: ='FS Seychelles'!N12 -> 6244 | Q11: ='FS Seychelles'!O12 -> 13992 | R11: ='FS Seychelles'!P12 -> 5274 | S11: ='FS Seychelles'!Q12 -> 5860 | T11: ='FS Seychelles'!R12 -> 8317 | U11: ='FS Seychelles'!T12 -> 0 | V11: ='FS Seychelles'!V12 -> 34 | W11: ='FS Seychelles'!W12 -> 80 | X11: ='FS Seychelles'!X12 -> 39 | Y11: ='FS Seychelles'!Y12 -> 163 | Z11: ='FS Seychelles'!Z12 -> 114 | AA11: ='FS Seychelles'!AA12 -> 116 | AB11: ='FS Seychelles'!AB12 -> 0 | AC11: =('FS Seychelles'!AF18+'FS Seychelles'!AF24)/30 -> 0
A12: Seychelles | B12: =B11+1 -> 11 | C12: 4 | D12: 2022 | E12: ='FS Seychelles'!B13 -> 60.5 | F12: ='FS Seychelles'!D13*1000 -> 0 | G12: ='FS Seychelles'!E13*1000 -> 0 | H12: ='FS Seychelles'!F13*1000 -> 0 | I12: ='FS Seychelles'!G13*1000 -> 0 | J12: ='FS Seychelles'!H13*1000 -> 0 | K12: ='FS Seychelles'!I13*1000 -> 0 | L12: ='FS Seychelles'!J13*1000 -> 0 | M12: ='FS Seychelles'!K13*1000 -> 0 | N12: ='FS Seychelles'!L13*1000 -> 0 | O12: ='FS Seychelles'!M13 -> 10899 | P12: ='FS Seychelles'!N13 -> 4908 | Q12: ='FS Seychelles'!O13 -> 7244 | R12: ='FS Seychelles'!P13 -> 9853 | S12: ='FS Seychelles'!Q13 -> 5709 | T12: ='FS Seychelles'!R13 -> 8924 | U12: ='FS Seychelles'!T13 -> 0 | V12: ='FS Seychelles'!V13 -> 52 | W12: ='FS Seychelles'!W13 -> 29 | X12: ='FS Seychelles'!X13 -> 55 | Y12: ='FS Seychelles'!Y13 -> 162 | Z12: ='FS Seychelles'!Z13 -> 71 | AA12: ='FS Seychelles'!AA13 -> 102 | AB12: ='FS Seychelles'!AB13 -> 0 | AC12: =('FS Seychelles'!AF19+'FS Seychelles'!AF25)/30 -> 0
A13: Seychelles | B13: =B12+1 -> 12 | C13: 4 | D13: 2022 | E13: ='FS Seychelles'!B14 -> 56.6 | F13: ='FS Seychelles'!D14*1000 -> 0 | G13: ='FS Seychelles'!E14*1000 -> 0 | H13: ='FS Seychelles'!F14*1000 -> 0 | I13: ='FS Seychelles'!G14*1000 -> 0 | J13: ='FS Seychelles'!H14*1000 -> 0 | K13: ='FS Seychelles'!I14*1000 -> 0 | L13: ='FS Seychelles'!J14*1000 -> 0 | M13: ='FS Seychelles'!K14*1000 -> 0 | N13: ='FS Seychelles'!L14*1000 -> 0 | O13: ='FS Seychelles'!M14 -> 12394 | P13: ='FS Seychelles'!N14 -> 4180 | Q13: ='FS Seychelles'!O14 -> 7892 | R13: ='FS Seychelles'!P14 -> 0 | S13: ='FS Seychelles'!Q14 -> 10648 | T13: ='FS Seychelles'!R14 -> 7080 | U13: ='FS Seychelles'!T14 -> 0 | V13: ='FS Seychelles'!V14 -> 55 | W13: ='FS Seychelles'!W14 -> 28 | X13: ='FS Seychelles'!X14 -> 143 | Y13: ='FS Seychelles'!Y14 -> 71 | Z13: ='FS Seychelles'!Z14 -> 40 | AA13: ='FS Seychelles'!AA14 -> 60 | AB13: ='FS Seychelles'!AB14 -> 0 | AC13: =('FS Seychelles'!AF20+'FS Seychelles'!AF26)/30 -> 0
A14: Seychelles | B14: =B13+1 -> 13 | C14: 4 | D14: 2022 | E14: ='FS Seychelles'!B15 -> 0 | F14: ='FS Seychelles'!D15*1000 -> 0 | G14: ='FS Seychelles'!E15*1000 -> 0 | H14: ='FS Seychelles'!F15*1000 -> 0 | I14: ='FS Seychelles'!G15*1000 -> 0 | J14: ='FS Seychelles'!H15*1000 -> 0 | K14: ='FS Seychelles'!I15*1000 -> 0 | L14: ='FS Seychelles'!J15*1000 -> 0 | M14: ='FS Seychelles'!K15*1000 -> 0 | N14: ='FS Seychelles'!L15*1000 -> 0 | O14: ='FS Seychelles'!M15 -> 7160 | P14: ='FS Seychelles'!N15 -> 10680 | Q14: ='FS Seychelles'!O15 -> 12217 | R14: ='FS Seychelles'!P15 -> 4546 | S14: ='FS Seychelles'!Q15 -> 5882 | T14: ='FS Seychelles'!R15 -> 8901 | U14: ='FS Seychelles'!T15 -> 0 | V14: ='FS Seychelles'!V15 -> 45 | W14: ='FS Seychelles'!W15 -> 24 | X14: ='FS Seychelles'!X15 -> 83 | Y14: ='FS Seychelles'!Y15 -> 161 | Z14: ='FS Seychelles'!Z15 -> 62 | AA14: ='FS Seychelles'!AA15 -> 107 | AB14: ='FS Seychelles'!AB15 -> 0 | AC14: =('FS Seychelles'!AF21+'FS Seychelles'!AF27)/30 -> 0
... A16: Seychelles | B16: =B15+1 -> 15 | C16: 4 | D16: 2022 | E16: ='FS Seychelles'!B17 -> 0 | F16: ='FS Seychelles'!D17*1000 -> 0 | G16: ='FS Seychelles'!E17*1000 -> 0 | H16: ='FS Seychelles'!F17*1000 -> 0 | I16: ='FS Seychelles'!G17*1000 -> 0 | J16: ='FS Seychelles'!H17*1000 -> 0 | K16: ='FS Seychelles'!I17*1000 -> 0 | L16: ='FS Seychelles'!J17*1000 -> 0 | M16: ='FS Seychelles'!K17*1000 -> 0 | N16: ='FS Seychelles'!L17*1000 -> 0 | O16: ='FS Seychelles'!M17 -> 7927 | P16: ='FS Seychelles'!N17 -> 6399 | Q16: ='FS Seychelles'!O17 -> 9936 | R16: ='FS Seychelles'!P17 -> 2632 | S16: ='FS Seychelles'!Q17 -> 13960 | T16: ='FS Seychelles'!R17 -> 9096 | U16: ='FS Seychelles'!T17 -> 0 | V16: ='FS Seychelles'!V17 -> 50 | W16: ='FS Seychelles'!W17 -> 29 | X16: ='FS Seychelles'!X17 -> 0 | Y16: ='FS Seychelles'!Y17 -> 0 | Z16: ='FS Seychelles'!Z17 -> 78 | AA16: ='FS Seychelles'!AA17 -> 73 | AB16: ='FS Seychelles'!AB17 -> 0 | AC16: =('FS Seychelles'!AF23+'FS Seychelles'!AF29)/30 -> 0
A17: Seychelles | B17: =B16+1 -> 16 | C17: 4 | D17: 2022 | E17: ='FS Seychelles'!B18 -> 0 | F17: ='FS Seychelles'!D18*1000 -> 0 | G17: ='FS Seychelles'!E18*1000 -> 0 | H17: ='FS Seychelles'!F18*1000 -> 0 | I17: ='FS Seychelles'!G18*1000 -> 0 | J17: ='FS Seychelles'!H18*1000 -> 0 | K17: ='FS Seychelles'!I18*1000 -> 0 | L17: ='FS Seychelles'!J18*1000 -> 0 | M17: ='FS Seychelles'!K18*1000 -> 0 | N17: ='FS Seychelles'!L18*1000 -> 0 | O17: ='FS Seychelles'!M18 -> 9663 | P17: ='FS Seychelles'!N18 -> 10503 | Q17: ='FS Seychelles'!O18 -> 9712 | R17: ='FS Seychelles'!P18 -> 1921 | S17: ='FS Seychelles'!Q18 -> 5882 | T17: ='FS Seychelles'!R18 -> 8454 | U17: ='FS Seychelles'!T18 -> 0 | V17: ='FS Seychelles'!V19 -> 40 | W17: ='FS Seychelles'!W18 -> 23 | X17: ='FS Seychelles'!X18 -> 26 | Y17: ='FS Seychelles'!Y18 -> 60 | Z17: ='FS Seychelles'!Z18 -> 88 | AA17: ='FS Seychelles'!AA18 -> 0 | AB17: ='FS Seychelles'!AB18 -> 0 | AC17: =('FS Seychelles'!AF24+'FS Seychelles'!AF30)/30 -> 0
A18: Seychelles | B18: =B17+1 -> 17 | C18: 4 | D18: 2022 | E18: ='FS Seychelles'!B19 -> 0 | F18: ='FS Seychelles'!D19*1000 -> 0 | G18: ='FS Seychelles'!E19*1000 -> 0 | H18: ='FS Seychelles'!F19*1000 -> 0 | I18: ='FS Seychelles'!G19*1000 -> 0 | J18: ='FS Seychelles'!H19*1000 -> 0 | K18: ='FS Seychelles'!I19*1000 -> 0 | L18: ='FS Seychelles'!J19*1000 -> 0 | M18: ='FS Seychelles'!K19*1000 -> 0 | N18: ='FS Seychelles'!L19*1000 -> 0 | O18: ='FS Seychelles'!M19 -> 7015 | P18: ='FS Seychelles'!N19 -> 8646 | Q18: ='FS Seychelles'!O19 -> 9961 | R18: ='FS Seychelles'!P19 -> 1278 | S18: ='FS Seychelles'!Q19 -> 8607 | T18: ='FS Seychelles'!R19 -> 7837 | U18: ='FS Seychelles'!T19 -> 0 | V18: ='FS Seychelles'!#REF! -> #REF! | W18: ='FS Seychelles'!W19 -> 35 | X18: ='FS Seychelles'!X19 -> 83 | Y18: ='FS Seychelles'!Y19 -> 121 | Z18: ='FS Seychelles'!Z19 -> 42 | AA18: ='FS Seychelles'!AA19 -> 71 | AB18: ='FS Seychelles'!AB19 -> 0 | AC18: =('FS Seychelles'!AF25+'FS Seychelles'!AF31)/30 -> 0
A19: Seychelles | B19: =B18+1 -> 18 | C19: 4 | D19: 2022 | E19: ='FS Seychelles'!B20 -> 0 | F19: ='FS Seychelles'!D20*1000 -> 0 | G19: ='FS Seychelles'!E20*1000 -> 0 | H19: ='FS Seychelles'!F20*1000 -> 0 | I19: ='FS Seychelles'!G20*1000 -> 0 | J19: ='FS Seychelles'!H20*1000 -> 0 | K19: ='FS Seychelles'!I20*1000 -> 0 | L19: ='FS Seychelles'!J20*1000 -> 0 | M19: ='FS Seychelles'!K20*1000 -> 0 | N19: ='FS Seychelles'!L20*1000 -> 0 | O19: ='FS Seychelles'!M20 -> 16436 | P19: ='FS Seychelles'!N20 -> 8861 | Q19: ='FS Seychelles'!O20 -> 0 | R19: ='FS Seychelles'!P20 -> 7673 | S19: ='FS Seychelles'!Q20 -> 7337 | T19: ='FS Seychelles'!R20 -> 9142 | U19: ='FS Seychelles'!T20 -> 0 | V19: ='FS Seychelles'!V20 -> 56 | W19: ='FS Seychelles'!W20 -> 37 | X19: ='FS Seychelles'!X20 -> 116 | Y19: ='FS Seychelles'!Y20 -> 148 | Z19: ='FS Seychelles'!Z20 -> 74 | AA19: ='FS Seychelles'!AA20 -> 115 | AB19: ='FS Seychelles'!AB20 -> 0 | AC19: =('FS Seychelles'!AF26+'FS Seychelles'!AF32)/30 -> 0
A20: Seychelles | B20: =B19+1 -> 19 | C20: 4 | D20: 2022 | E20: ='FS Seychelles'!B21 -> 0 | F20: ='FS Seychelles'!D21*1000 -> 0 | G20: ='FS Seychelles'!E21*1000 -> 0 | H20: ='FS Seychelles'!F21*1000 -> 0 | I20: ='FS Seychelles'!G21*1000 -> 0 | J20: ='FS Seychelles'!H21*1000 -> 0 | K20: ='FS Seychelles'!I21*1000 -> 0 | L20: ='FS Seychelles'!J21*1000 -> 0 | M20: ='FS Seychelles'!K21*1000 -> 0 | N20: ='FS Seychelles'!L21*1000 -> 0 | O20: ='FS Seychelles'!M21 -> 6317 | P20: ='FS Seychelles'!N21 -> 10041 | Q20: ='FS Seychelles'!O21 -> 11855 | R20: ='FS Seychelles'!P21 -> 4554 | S20: ='FS Seychelles'!Q21 -> 7520 | T20: ='FS Seychelles'!R21 -> 8676 | U20: ='FS Seychelles'!T21 -> 0 | V20: ='FS Seychelles'!V21 -> 0 | W20: ='FS Seychelles'!W21 -> 0 | X20: ='FS Seychelles'!X21 -> 0 | Y20: ='FS Seychelles'!Y21 -> 0 | Z20: ='FS Seychelles'!Z21 -> 0 | AA20: ='FS Seychelles'!AA21 -> 0 | AB20: ='FS Seychelles'!AB21 -> 0 | AC20: =('FS Seychelles'!AF27+'FS Seychelles'!AF33)/30 -> 0
A21: Seychelles | B21: =B20+1 -> 20 | C21: 4 | D21: 2022 | E21: ='FS Seychelles'!B22 -> 0 | F21: ='FS Seychelles'!D22*1000 -> 0 | G21: ='FS Seychelles'!E22*1000 -> 0 | H21: ='FS Seychelles'!F22*1000 -> 0 | I21: ='FS Seychelles'!G22*1000 -> 0 | J21: ='FS Seychelles'!H22*1000 -> 0 | K21: ='FS Seychelles'!I22*1000 -> 0 | L21: ='FS Seychelles'!J22*1000 -> 0 | M21: ='FS Seychelles'!K22*1000 -> 0 | N21: ='FS Seychelles'!L22*1000 -> 0 | O21: ='FS Seychelles'!M22 -> 6617 | P21: ='FS Seychelles'!N22 -> 10161 | Q21: ='FS Seychelles'!O22 -> 5032 | R21: ='FS Seychelles'!P22 -> 5969 | S21: ='FS Seychelles'!Q23 -> 9887 | T21: ='FS Seychelles'!R22 -> 8613 | U21: ='FS Seychelles'!T22 -> 0 | V21: ='FS Seychelles'!V22 -> 46 | W21: ='FS Seychelles'!W22 -> 35 | X21: ='FS Seychelles'!X22 -> 41 | Y21: ='FS Seychelles'!Y22 -> 137 | Z21: ='FS Seychelles'!Z22 -> 75 | AA21: ='FS Seychelles'!AA22 -> 115 | AB21: ='FS Seychelles'!AB22 -> 0 | AC21: =('FS Seychelles'!AF28+'FS Seychelles'!AF34)/30 -> 0
A22: Seychelles | B22: =B21+1 -> 21 | C22: 4 | D22: 2022 | E22: ='FS Seychelles'!B23 -> 0 | F22: ='FS Seychelles'!D23*1000 -> 0 | G22: ='FS Seychelles'!E23*1000 -> 0 | H22: ='FS Seychelles'!F23*1000 -> 0 | I22: ='FS Seychelles'!G23*1000 -> 0 | J22: ='FS Seychelles'!H23*1000 -> 0 | K22: ='FS Seychelles'!I23*1000 -> 0 | L22: ='FS Seychelles'!J23*1000 -> 0 | M22: ='FS Seychelles'!K23*1000 -> 0 | N22: ='FS Seychelles'!L23*1000 -> 0 | O22: ='FS Seychelles'!M23 -> 13743 | P22: ='FS Seychelles'!N23 -> 13824 | Q22: ='FS Seychelles'!O23 -> 0 | R22: ='FS Seychelles'!P23 -> 12463 | S22: ='FS Seychelles'!Q24 -> 13663 | T22: ='FS Seychelles'!R23 -> 11216 | U22: ='FS Seychelles'!T23 -> 0 | V22: ='FS Seychelles'!V23 -> 51 | W22: ='FS Seychelles'!W23 -> 32 | X22: ='FS Seychelles'!X23 -> 69 | Y22: ='FS Seychelles'!Y23 -> 161 | Z22: ='FS Seychelles'!Z23 -> 95 | AA22: ='FS Seychelles'!AA23 -> 118 | AB22: ='FS Seychelles'!AB23 -> 0 | AC22: =('FS Seychelles'!AF29+'FS Seychelles'!AF35)/30 -> 0
A23: Seychelles | B23: =B22+1 -> 22 | C23: 4 | D23: 2022 | E23: ='FS Seychelles'!B24 -> 0 | F23: ='FS Seychelles'!D24*1000 -> 0 | G23: ='FS Seychelles'!E24*1000 -> 0 | H23: ='FS Seychelles'!F24*1000 -> 0 | I23: ='FS Seychelles'!G24*1000 -> 0 | J23: ='FS Seychelles'!H24*1000 -> 0 | K23: ='FS Seychelles'!I24*1000 -> 0 | L23: ='FS Seychelles'!J24*1000 -> 0 | M23: ='FS Seychelles'!K24*1000 -> 0 | N23: ='FS Seychelles'!L24*1000 -> 0 | O23: ='FS Seychelles'!M24 -> 4435 | P23: ='FS Seychelles'!N24 -> 9348 | Q23: ='FS Seychelles'!O24 -> 0 | R23: ='FS Seychelles'!P24 -> 0 | S23: ='FS Seychelles'!Q25 -> 5747 | T23: ='FS Seychelles'!R24 -> 6074 | U23: ='FS Seychelles'!T24 -> 0 | V23: ='FS Seychelles'!V24 -> 46 | W23: ='FS Seychelles'!W24 -> 38 | X23: ='FS Seychelles'!X24 -> 62 | Y23: ='FS Seychelles'!Y24 -> 153 | Z23: ='FS Seychelles'!Z24 -> 180 | AA23: ='FS Seychelles'!AA24 -> 110 | AB23: ='FS Seychelles'!AB24 -> 0 | AC23: =('FS Seychelles'!AF30+'FS Seychelles'!AF36)/30 -> 0
A24: Seychelles | B24: =B23+1 -> 23 | C24: 4 | D24: 2022 | E24: ='FS Seychelles'!B25 -> 0 | F24: ='FS Seychelles'!D25*1000 -> 0 | G24: ='FS Seychelles'!E25*1000 -> 0 | H24: ='FS Seychelles'!F25*1000 -> 0 | I24: ='FS Seychelles'!G25*1000 -> 0 | J24: ='FS Seychelles'!H25*1000 -> 0 | K24: ='FS Seychelles'!I25*1000 -> 0 | L24: ='FS Seychelles'!J25*1000 -> 0 | M24: ='FS Seychelles'!K25*1000 -> 0 | N24: ='FS Seychelles'!L25*1000 -> 0 | O24: ='FS Seychelles'!M25 -> 10043 | P24: ='FS Seychelles'!N25 -> 11271 | Q24: ='FS Seychelles'!O25 -> 0 | R24: ='FS Seychelles'!P25 -> 9954 | S24: ='FS Seychelles'!Q25 -> 5747 | T24: ='FS Seychelles'!R25 -> 8231 | U24: ='FS Seychelles'!T25 -> 0 | V24: ='FS Seychelles'!V25 -> 42 | W24: ='FS Seychelles'!W25 -> 38 | X24: ='FS Seychelles'!X25 -> 67 | Y24: ='FS Seychelles'!Y25 -> 180 | Z24: ='FS Seychelles'!Z25 -> 190 | AA24: ='FS Seychelles'!AA25 -> 112 | AB24: ='FS Seychelles'!AB25 -> 0 | AC24: =('FS Seychelles'!AF31+'FS Seychelles'!AF37)/30 -> 0
A25: Seychelles | B25: =B24+1 -> 24 | C25: 4 | D25: 2022 | E25: ='FS Seychelles'!B26 -> 0 | F25: ='FS Seychelles'!D26*1000 -> 0 | G25: ='FS Seychelles'!E26*1000 -> 0 | H25: ='FS Seychelles'!F26*1000 -> 0 | I25: ='FS Seychelles'!G26*1000 -> 0 | J25: ='FS Seychelles'!H26*1000 -> 0 | K25: ='FS Seychelles'!I26*1000 -> 0 | L25: ='FS Seychelles'!J26*1000 -> 0 | M25: ='FS Seychelles'!K26*1000 -> 0 | N25: ='FS Seychelles'!L26*1000 -> 0 | O25: ='FS Seychelles'!M26 -> 10991 | P25: ='FS Seychelles'!N26 -> 12018 | Q25: ='FS Seychelles'!O26 -> 0 | R25: ='FS Seychelles'!P26 -> 10306 | S25: ='FS Seychelles'!Q26 -> 4473 | T25: ='FS Seychelles'!R26 -> 8505 | U25: ='FS Seychelles'!T26 -> 0 | V25: ='FS Seychelles'!V26 -> 39 | W25: ='FS Seychelles'!W26 -> 38 | X25: ='FS Seychelles'!X26 -> 53 | Y25: ='FS Seychelles'!Y26 -> 153 | Z25: ='FS Seychelles'!Z26 -> 101 | AA25: ='FS Seychelles'!AA26 -> 106 | AB25: ='FS Seychelles'!AB26 -> 0 | AC25: =('FS Seychelles'!AF32+'FS Seychelles'!AF38)/30 -> 0
A26: Seychelles | B26: =B25+1 -> 25 | C26: 4 | D26: 2022 | E26: ='FS Seychelles'!B27 -> 0 | F26: ='FS Seychelles'!D27*1000 -> 0 | G26: ='FS Seychelles'!E27*1000 -> 0 | H26: ='FS Seychelles'!F27*1000 -> 0 | I26: ='FS Seychelles'!G27*1000 -> 0 | J26: ='FS Seychelles'!H27*1000 -> 0 | K26: ='FS Seychelles'!I27*1000 -> 0 | L26: ='FS Seychelles'!J27*1000 -> 0 | M26: ='FS Seychelles'!K27*1000 -> 0 | N26: ='FS Seychelles'!L27*1000 -> 0 | O26: ='FS Seychelles'!M27 -> 5841 | P26: ='FS Seychelles'!N27 -> 7856 | Q26: ='FS Seychelles'!O27 -> 0 | R26: ='FS Seychelles'!P27 -> 9928 | S26: ='FS Seychelles'!Q27 -> 14523 | T26: ='FS Seychelles'!R27 -> 8467 | U26: ='FS Seychelles'!T27 -> 0 | V26: ='FS Seychelles'!V27 -> 0 | W26: ='FS Seychelles'!W27 -> 0 | X26: ='FS Seychelles'!X27 -> 0 | Y26: ='FS Seychelles'!Y27 -> 0 | Z26: ='FS Seychelles'!Z27 -> 0 | AA26: ='FS Seychelles'!AA27 -> 0 | AB26: ='FS Seychelles'!AB27 -> 0 | AC26: =('FS Seychelles'!AF33+'FS Seychelles'!AF39)/30 -> 0
A27: Seychelles | B27: =B26+1 -> 26 | C27: 4 | D27: 2022 | E27: ='FS Seychelles'!B28 -> 0 | F27: ='FS Seychelles'!D28*1000 -> 0 | G27: ='FS Seychelles'!E28*1000 -> 0 | H27: ='FS Seychelles'!F28*1000 -> 0 | I27: ='FS Seychelles'!G28*1000 -> 0 | J27: ='FS Seychelles'!H28*1000 -> 0 | K27: ='FS Seychelles'!I28*1000 -> 0 | L27: ='FS Seychelles'!J28*1000 -> 0 | M27: ='FS Seychelles'!K28*1000 -> 0 | N27: ='FS Seychelles'!L28*1000 -> 0 | O27: ='FS Seychelles'!M28 -> 0 | P27: ='FS Seychelles'!N28 -> 0 | Q27: ='FS Seychelles'!O28 -> 0 | R27: ='FS Seychelles'!P28 -> 0 | S27: ='FS Seychelles'!Q28 -> 0 | T27: ='FS Seychelles'!R28 -> 0 | U27: ='FS Seychelles'!T28 -> 0 | V27: ='FS Seychelles'!V28 -> 0 | W27: ='FS Seychelles'!W28 -> 0 | X27: ='FS Seychelles'!X28 -> 0 | Y27: ='FS Seychelles'!Y28 -> 0 | Z27: ='FS Seychelles'!Z28 -> 0 | AA27: ='FS Seychelles'!AA28 -> 0 | AB27: ='FS Seychelles'!AB28 -> 0 | AC27: =('FS Seychelles'!AF34+'FS Seychelles'!AF40)/30 -> 0
A28: Seychelles | B28: =B27+1 -> 27 | C28: 4 | D28: 2022 | E28: ='FS Seychelles'!B29 -> 0 | F28: ='FS Seychelles'!D29*1000 -> 0 | G28: ='FS Seychelles'!E29*1000 -> 0 | H28: ='FS Seychelles'!F29*1000 -> 0 | I28: ='FS Seychelles'!G29*1000 -> 0 | J28: ='FS Seychelles'!H29*1000 -> 0 | K28: ='FS Seychelles'!I29*1000 -> 0 | L28: ='FS Seychelles'!J29*1000 -> 0 | M28: ='FS Seychelles'!K29*1000 -> 0 | N28: ='FS Seychelles'!L29*1000 -> 0 | O28: ='FS Seychelles'!M29 -> 0 | P28: ='FS Seychelles'!N29 -> 0 | Q28: ='FS Seychelles'!O29 -> 0 | R28: ='FS Seychelles'!P29 -> 0 | S28: ='FS Seychelles'!Q29 -> 0 | T28: ='FS Seychelles'!R29 -> 0 | U28: ='FS Seychelles'!T29 -> 0 | V28: ='FS Seychelles'!V29 -> 0 | W28: ='FS Seychelles'!W29 -> 0 | X28: ='FS Seychelles'!X29 -> 0 | Y28: ='FS Seychelles'!Y29 -> 0 | Z28: ='FS Seychelles'!Z29 -> 0 | AA28: ='FS Seychelles'!AA29 -> 0 | AB28: ='FS Seychelles'!AB29 -> 0 | AC28: =('FS Seychelles'!AF35+'FS Seychelles'!AF41)/30 -> 0
A29: Seychelles | B29: =B28+1 -> 28 | C29: 4 | D29: 2022 | E29: ='FS Seychelles'!B30 -> 0 | F29: ='FS Seychelles'!D30*1000 -> 0 | G29: ='FS Seychelles'!E30*1000 -> 0 | H29: ='FS Seychelles'!F30*1000 -> 0 | I29: ='FS Seychelles'!G30*1000 -> 0 | J29: ='FS Seychelles'!H30*1000 -> 0 | K29: ='FS Seychelles'!I30*1000 -> 0 | L29: ='FS Seychelles'!J30*1000 -> 0 | M29: ='FS Seychelles'!K30*1000 -> 0 | N29: ='FS Seychelles'!L30*1000 -> 0 | O29: ='FS Seychelles'!M30 -> 0 | P29: ='FS Seychelles'!N30 -> 0 | Q29: ='FS Seychelles'!O30 -> 0 | R29: ='FS Seychelles'!P30 -> 0 | S29: ='FS Seychelles'!Q30 -> 0 | T29: ='FS Seychelles'!R30 -> 0 | U29: ='FS Seychelles'!T30 -> 0 | V29: ='FS Seychelles'!V30 -> 0 | W29: ='FS Seychelles'!W30 -> 0 | X29: ='FS Seychelles'!X30 -> 0 | Y29: ='FS Seychelles'!Y30 -> 0 | Z29: ='FS Seychelles'!Z30 -> 0 | AA29: ='FS Seychelles'!AA30 -> 0 | AB29: ='FS Seychelles'!AB30 -> 0 | AC29: =('FS Seychelles'!AF36+'FS Seychelles'!AF42)/30 -> 0
A30: Seychelles | B30: =B29+1 -> 29 | C30: 4 | D30: 2022 | E30: ='FS Seychelles'!B31 -> 0 | F30: ='FS Seychelles'!D31*1000 -> 0 | G30: ='FS Seychelles'!E31*1000 -> 0 | H30: ='FS Seychelles'!F31*1000 -> 0 | I30: ='FS Seychelles'!G31*1000 -> 0 | J30: ='FS Seychelles'!H31*1000 -> 0 | K30: ='FS Seychelles'!I31*1000 -> 0 | L30: ='FS Seychelles'!J31*1000 -> 0 | M30: ='FS Seychelles'!K31*1000 -> 0 | N30: ='FS Seychelles'!L31*1000 -> 0 | O30: ='FS Seychelles'!M31 -> 0 | P30: ='FS Seychelles'!N31 -> 0 | Q30: ='FS Seychelles'!O31 -> 0 | R30: ='FS Seychelles'!P31 -> 0 | S30: ='FS Seychelles'!Q31 -> 0 | T30: ='FS Seychelles'!R31 -> 0 | U30: ='FS Seychelles'!T31 -> 0 | V30: ='FS Seychelles'!V31 -> 0 | W30: ='FS Seychelles'!W31 -> 0 | X30: ='FS Seychelles'!X31 -> 0 | Y30: ='FS Seychelles'!Y31 -> 0 | Z30: ='FS Seychelles'!Z31 -> 0 | AA30: ='FS Seychelles'!AA31 -> 0 | AB30: ='FS Seychelles'!AB31 -> 0 | AC30: =('FS Seychelles'!AF37+'FS Seychelles'!AF43)/30 -> 0
A31: Seychelles | B31: =B30+1 -> 30 | C31: 4 | D31: 2022 | E31: ='FS Seychelles'!B32 -> 0 | F31: ='FS Seychelles'!D32*1000 -> 0 | G31: ='FS Seychelles'!E32*1000 -> 0 | H31: ='FS Seychelles'!F32*1000 -> 0 | I31: ='FS Seychelles'!G32*1000 -> 0 | J31: ='FS Seychelles'!H32*1000 -> 0 | K31: ='FS Seychelles'!I32*1000 -> 0 | L31: ='FS Seychelles'!J32*1000 -> 0 | M31: ='FS Seychelles'!K32*1000 -> 0 | N31: ='FS Seychelles'!L32*1000 -> 0 | O31: ='FS Seychelles'!M32 -> 0 | P31: ='FS Seychelles'!N32 -> 0 | Q31: ='FS Seychelles'!O32 -> 0 | R31: ='FS Seychelles'!P32 -> 0 | S31: ='FS Seychelles'!Q32 -> 0 | T31: ='FS Seychelles'!R32 -> 0 | U31: ='FS Seychelles'!T32 -> 0 | V31: ='FS Seychelles'!V32 -> 0 | W31: ='FS Seychelles'!W32 -> 0 | X31: ='FS Seychelles'!X32 -> 0 | Y31: ='FS Seychelles'!Y32 -> 0 | Z31: ='FS Seychelles'!Z32 -> 0 | AA31: ='FS Seychelles'!AA32 -> 0 | AB31: ='FS Seychelles'!AB32 -> 0 | AC31: =('FS Seychelles'!AF38+'FS Seychelles'!AF44)/30 -> 0
A32: Seychelles | B32: 31 | C32: 4 | D32: 2022 | E32: ='FS Seychelles'!B33 -> 0 | F32: ='FS Seychelles'!D33*1000 -> 0 | G32: ='FS Seychelles'!E33*1000 -> 0 | H32: ='FS Seychelles'!F33*1000 -> 0 | I32: ='FS Seychelles'!G33*1000 -> 0 | J32: ='FS Seychelles'!H33*1000 -> 0 | K32: ='FS Seychelles'!I33*1000 -> 0 | L32: ='FS Seychelles'!J33*1000 -> 0 | M32: ='FS Seychelles'!K33*1000 -> 0 | N32: ='FS Seychelles'!L33*1000 -> 0 | O32: ='FS Seychelles'!M33 -> 0 | P32: ='FS Seychelles'!N33 -> 0 | Q32: ='FS Seychelles'!O33 -> 0 | R32: ='FS Seychelles'!P33 -> 0 | S32: ='FS Seychelles'!Q33 -> 0 | T32: ='FS Seychelles'!R33 -> 0 | U32: ='FS Seychelles'!T33 -> 0 | V32: ='FS Seychelles'!V33 -> 0 | W32: ='FS Seychelles'!W33 -> 0 | X32: ='FS Seychelles'!X33 -> 0 | Y32: ='FS Seychelles'!Y33 -> 0 | Z32: ='FS Seychelles'!Z33 -> 0 | AA32: ='FS Seychelles'!AA33 -> 0 | AB32: ='FS Seychelles'!AB33 -> 0 | AC32: =('FS Seychelles'!AF39+'FS Seychelles'!AF45)/30 -> 0
P33: =SUM(P2:P32) -> 238242 | Q33: =SUM(Q2:Q32) -> 170078 | R33: =SUM(R2:R32) -> 148411
R35: =SUM(O33:R33) -> 556731

Sheet FS Seychelles
AH1: Total Per day
A2: DATE | B2: Room Night % | C2: Food Covers (Customers) | D2: SS-A (KWH) | E2: SS-B (KWH) | F2: SS-C (KWH) | G2: SS-D1 (KWH) | H2: SS-D2 (KWH) | I2: SS-E (KWH) | J2: FIRE PUMP (KWH) | K2: CASINO (KWH) | L2: BOH (KWH) | M2: Generator#1 (KWH) | N2: Generator#2 (KWH) | O2: Generator#3 (KWH) | P2: Generator#4 (KWH) | Q2: Generator#5 (KWH) | R2: DIESEL (Liter) | S2: DIESEL TARIFF (Euro/Liter) | T2: PUC (KWh) | U2: PUC Tariff (Euro/KWh) | V2: BOH Water (m3) | W2: E-Resort (m3) | X2: North RVs (m3) | Y2: WT59 (m3) | Z2: WT08 (m3) | AA2: PUC HOH (m3) | AB2: PUC Eresort (m3) | AC2: Fire Tank (m3) | AD2: LPG (Kg) | AH2: Generator | AI2: Water
A3: 44652 | B3: 36.8 | C3: 381 | M3: 11875 | N3: 8398 | O3: 9029 | P3: 9524 | Q3: 6769 | R3: =2582+1811+1874+2617+1461 -> 10345 | S3: =21.66*0.06 -> 1.2996 | U3: 0.32 | V3: 59 | W3: 0 | X3: 54 | Y3: 150 | Z3: 128 | AA3: 112 | AB3: 0 | AC3: 0 | AD3: CYLINDER DELIVERY (KG) | AG3: 17.5 | AH3: =SUM(M3:Q3) -> 45595 | AI3: =SUM(V3:AB3) -> 503
A4: 44653 | B4: 35.5 | C4: 300 | M4: 7574 | N4: 10839 | O4: 9855 | P4: 9779 | Q4: 6527 | R4: =1723+2371+2063+2267+1374 -> 9798 | S4: =21.66*0.06 -> 1.2996 | U4: =U3 -> 0.32 | V4: 52 | W4: 31 | X4: 54 | Y4: 140 | Z4: 110 | AA4: 107 | AB4: 89 | AC4: 0 | AD4: Unit (kg) | AE4: Quantity | AF4: Sub total | AH4: =SUM(M4:Q4) -> 44574 | AI4: =SUM(V4:AB4) -> 583
A5: 44654 | B5: 36.8 | C5: 244 | M5: 5871 | N5: 10203 | O5: 10732 | P5: 7546 | Q5: 6749 | R5: =1293+2192+2303+1934+1469 -> 9191 | S5: =21.66*0.06 -> 1.2996 | U5: =U4 -> 0.32 | V5: 44 | W5: 19 | X5: 60 | Y5: 166 | Z5: 108 | AA5: 110 | AB5: 0 | AC5: 0 | AH5: =SUM(M5:Q5) -> 41101 | AI5: =SUM(V5:AB5) -> 507
A6: 44655 | B6: 38.2 | C6: 214 | M6: 6762 | N6: 10275 | O6: 10794 | P6: 6943 | Q6: 6250 | R6: =1484+2253+2264+1714+1333 -> 9048 | S6: =21.66*0.06 -> 1.2996 | U6: =U5 -> 0.32 | AB6: 0 | AC6: 0 | AD6: 5 | AH6: =SUM(M6:Q6) -> 41024 | AI6: =SUM(V6:AB6) -> 0
A7: 44656 | B7: 34.2 | C7: 215 | M7: 8135 | N7: 6922 | O7: 6965 | P7: 0 | Q7: 9028 | R7: =1851+1540+1475+2025 -> 6891 | S7: =21.66*0.06 -> 1.2996 | U7: =U6 -> 0.32 | V7: 49 | W7: 35 | X7: 51 | Y7: 108 | Z7: 106 | AA7: 104 | AB7: 0 | AC7: 0 | AD7: 20 | AH7: =SUM(M7:Q7) -> 31050 | AI7: =SUM(V7:AB7) -> 453
A8: 44657 | B8: 27.6 | C8: 216 | M8: 7126 | N8: 9915 | O8: 17085 | P8: 2310 | Q8: 4378 | R8: =1589+2119+3494+580+901 -> 8683 | S8: =21.66*0.06 -> 1.2996 | U8: =U7 -> 0.32 | V8: 46 | W8: 20 | X8: 72 | Y8: 147 | Z8: 114 | AA8: 110 | AB8: 0 | AC8: 0 | AD8: 24 | AH8: =SUM(M8:Q8) -> 40814 | AI8: =SUM(V8:AB8) -> 509
A9: 44658 | B9: 31.6 | C9: 209 | M9: 10249 | N9: 15463 | O9: 0 | P9: 7043 | Q9: 15086 | R9: =2281+3476+1792+3247 -> 10796 | S9: =21.66*0.06 -> 1.2996 | U9: =U8 -> 0.32 | V9: 38 | W9: 35 | X9: 46 | Y9: 123 | Z9: 86 | AA9: 106 | AB9: 0 | AC9: 0 | AH9: =SUM(M9:Q9) -> 47841 | AI9: =SUM(V9:AB9) -> 434
A10: 44659 | B10: 32.9 | C10: 233 | M10: 0 | N10: 5866 | O10: 6574 | P10: 10278 | Q10: 5913 | R10: =1322+1397+2595+1307 -> 6621 | S10: =21.66*0.06 -> 1.2996 | U10: =U9 -> 0.32 | V10: 40 | W10: 0 | X10: 45 | Y10: 145 | Z10: 71 | AA10: 105 | AB10: 0 | AC10: 0 | AE10: Total | AF10: =SUM(AF6:AF9) -> 0 | AH10: =SUM(M10:Q10) -> 28631 | AI10: =SUM(V10:AB10) -> 406
A11: 44660 | B11: 39.5 | C11: 274 | M11: 10097 | N11: 9566 | O11: 3393 | P11: 8637 | Q11: 5815 | R11: =2212+2123+695+2191+1325 -> 8546 | S11: =21.66*0.06 -> 1.2996 | U11: =U10 -> 0.32 | V11: 44 | W11: 18 | X11: 49 | Y11: 142 | Z11: 97 | AA11: 112 | AB11: 0 | AC11: 0 | AD11: TRUCK DELIVERY (KG) | AH11: =SUM(M11:Q11) -> 37508 | AI11: =SUM(V11:AB11) -> 462
A12: 44661 | B12: 36.8 | C12: 235 | M12: 9990 | N12: 6244 | O12: 13992 | P12: 5274 | Q12: 5860 | R12: =2215+1297+2215+1353+1237 -> 8317 | S12: =21.66*0.06 -> 1.2996 | U12: =U11 -> 0.32 | V12: 34 | W12: 80 | X12: 39 | Y12: 163 | Z12: 114 | AA12: 116 | AB12: 0 | AC12: 0 | AE12: Sub Total | AH12: =SUM(M12:Q12) -> 41360 | AI12: =SUM(V12:AB12) -> 546
A13: 44662 | B13: 60.5 | C13: 220 | M13: 10899 | N13: 4908 | O13: 7244 | P13: 9853 | Q13: 5709 | R13: =2521+1115+1591+2469+1228 -> 8924 | S13: =21.66*0.06 -> 1.2996 | U13: =U12 -> 0.32 | V13: 52 | W13: 29 | X13: 55 | Y13: 162 | Z13: 71 | AA13: 102 | AB13: 0 | AC13: 0 | AD13: Sitronel | AH13: =SUM(M13:Q13) -> 38613 | AI13: =SUM(V13:AB13) -> 471
A14: 44663 | B14: 56.6 | C14: 243 | M14: 12394 | N14: 4180 | O14: 7892 | P14: 0 | Q14: 10648 | R14: =2121+935+1674+2350 -> 7080 | S14: =21.66*0.06 -> 1.2996 | U14: =U13 -> 0.32 | V14: 55 | W14: 28 | X14: 143 | Y14: 71 | Z14: 40 | AA14: 60 | AB14: 0 | AC14: 0 | AD14: Zez | AH14: =SUM(M14:Q14) -> 35114 | AI14: =SUM(V14:AB14) -> 397
A15: 44664 | M15: 7160 | N15: 10680 | O15: 12217 | P15: 4546 | Q15: 5882 | R15: =1597+2330+2587+1138+1249 -> 8901 | S15: =21.66*0.06 -> 1.2996 | U15: =U14 -> 0.32 | V15: 45 | W15: 24 | X15: 83 | Y15: 161 | Z15: 62 | AA15: 107 | AB15: 0 | AC15: 0 | AE15: Total | AF15: =SUM(AE13:AF14) -> 0 | AH15: =SUM(M15:Q15) -> 40485 | AI15: =SUM(V15:AB15) -> 482
A16: 44665 | M16: 16776 | N16: 15855 | O16: 7810 | P16: 0 | Q16: 0 | R16: =3809+3466+1590 -> 8865 | S16: =23.98*0.06 -> 1.4388 | U16: =U15 -> 0.32 | AB16: 0 | AC16: 0 | AH16: =SUM(M16:Q16) -> 40441 | AI16: =SUM(V16:AB16) -> 0
A17: 44666 | M17: 7927 | N17: 6399 | O17: 9936 | P17: 2632 | Q17: 13960 | R17: =1858+1371+2175+754+2938 -> 9096 | S17: 1.44 | U17: =U16 -> 0.32 | V17: 50 | W17: 29 | X17: 0 | Y17: 0 | Z17: 78 | AA17: 73 | AB17: 0 | AC17: 0 | AH17: =SUM(M17:Q17) -> 40854 | AI17: =SUM(V17:AB17) -> 230
A18: 44667 | M18: 9663 | N18: 10503 | O18: 9712 | P18: 1921 | Q18: 5882 | R18: =2212+2378+2060+456+1348 -> 8454 | S18: 1.44 | U18: =U17 -> 0.32 | V18: 55 | W18: 23 | X18: 26 | Y18: 60 | Z18: 88 | AA18: 0 | AB18: 0 | AC18: 0 | AH18: =SUM(M18:Q18) -> 37681 | AI18: =SUM(V18:AB18) -> 252
A19: 44668 | M19: 7015 | N19: 8646 | O19: 9961 | P19: 1278 | Q19: 8607 | R19: =1599+1937+2071+342+1888 -> 7837 | S19: 1.44 | U19: =U18 -> 0.32 | V19: 40 | W19: 35 | X19: 83 | Y19: 121 | Z19: 42 | AA19: 71 | AB19: 0 | AC19: 0 | AH19: =SUM(M19:Q19) -> 35507 | AI19: =SUM(V19:AB19) -> 392
A20: 44669 | M20: 16436 | N20: 8861 | O20: 0 | P20: 7673 | Q20: 7337 | R20: =3870+1910+1795+1567 -> 9142 | S20: 1.44 | U20: =U19 -> 0.32 | V20: 56 | W20: 37 | X20: 116 | Y20: 148 | Z20: 74 | AA20: 115 | AB20: 0 | AC20: 0 | AH20: =SUM(M20:Q20) -> 40307 | AI20: =SUM(V20:AB20) -> 546
A21: 44670 | M21: 6317 | N21: 10041 | O21: 11855 | P21: 4554 | Q21: 7520 | R21: =1468+1908+2520+1104+1676 -> 8676 | S21: 1.44 | U21: =U20 -> 0.32 | AB21: 0 | AC21: 0 | AH21: =SUM(M21:Q21) -> 40287 | AI21: =SUM(V21:AB21) -> 0
A22: 44671 | M22: 6617 | N22: 10161 | O22: 5032 | P22: 5969 | Q22: 11314 | R22: =1533+2215+1125+1326+2414 -> 8613 | S22: 1.44 | U22: =U21 -> 0.32 | V22: 46 | W22: 35 | X22: 41 | Y22: 137 | Z22: 75 | AA22: 115 | AB22: 0 | AC22: 0 | AH22: =SUM(M22:Q22) -> 39093 | AI22: =SUM(V22:AB22) -> 449
A23: 44672 | M23: 13743 | N23: 13824 | O23: 0 | P23: 12463 | Q23: 9887 | R23: =3127+3073+2896+2120 -> 11216 | S23: 1.44 | U23: =U22 -> 0.32 | V23: 51 | W23: 32 | X23: 69 | Y23: 161 | Z23: 95 | AA23: 118 | AB23: 0 | AC23: 50 | AH23: =SUM(M23:Q23) -> 49917 | AI23: =SUM(V23:AB23) -> 526
A24: 44673 | M24: 4435 | N24: 9348 | O24: 0 | P24: 0 | Q24: 13663 | R24: =1034+2073+2967 -> 6074 | S24: 1.44 | U24: =U23 -> 0.32 | V24: 46 | W24: 38 | X24: 62 | Y24: 153 | Z24: 180 | AA24: 110 | AB24: 0 | AC24: 38 | AH24: =SUM(M24:Q24) -> 27446 | AI24: =SUM(V24:AB24) -> 589
A25: 44674 | M25: 10043 | N25: 11271 | O25: 0 | P25: 9954 | Q25: 5747 | R25: =2236+2464+2246+1285 -> 8231 | S25: 1.44 | U25: =U24 -> 0.32 | V25: 42 | W25: 38 | X25: 67 | Y25: 180 | Z25: 190 | AA25: 112 | AB25: 0 | AC25: 37 | AH25: =SUM(M25:Q25) -> 37015 | AI25: =SUM(V25:AB25) -> 629
A26: 44675 | M26: 10991 | N26: 12018 | O26: 0 | P26: 10306 | Q26: 4473 | R26: =2495+2653+2413+944 -> 8505 | S26: 1.44 | U26: =U25 -> 0.32 | V26: 39 | W26: 38 | X26: 53 | Y26: 153 | Z26: 101 | AA26: 106 | AB26: 0 | AC26: 3 | AH26: =SUM(M26:Q26) -> 37788 | AI26: =SUM(V26:AB26) -> 490
A27: 44676 | M27: 5841 | N27: 7856 | O27: 0 | P27: 9928 | Q27: 14523 | R27: =1297+1751+2270+3149 -> 8467 | U27: =U26 -> 0.32 | AB27: 0 | AH27: =SUM(M27:Q27) -> 38148 | AI27: =SUM(V27:AB27) -> 0
A28: 44677 | U28: =U27 -> 0.32 | AB28: 0 | AH28: =SUM(M28:Q28) -> 0 | AI28: =SUM(V28:AB28) -> 0
A29: 44678 | U29: =U28 -> 0.32 | AB29: 0 | AH29: =SUM(M29:Q29) -> 0 | AI29: =SUM(V29:AB29) -> 0
A30: 44679 | U30: =U29 -> 0.32 | AB30: 0 | AH30: =SUM(M30:Q30) -> 0 | AI30: =SUM(V30:AB30) -> 0
A31: 44680 | AB31: 0 | AH31: =SUM(M31:Q31) -> 0 | AI31: =SUM(V31:AB31) -> 0
A32: 44681 | AB32: 0 | AH32: =SUM(M32:Q32) -> 0 | AI32: =SUM(V32:AB32) -> 0
AB33: 0 | AH33: =SUM(M33:Q33) -> 0 | AI33: =SUM(V33:AB33) -> 0
AG35: Per month | AH35: =SUM(AH3:AH33) -> 978194 | AI35: =SUM(AI3:AI33) -> 9856

Sheet 2021-2022
B1: OCCUPANCY | D1: GENERATOR | F1: DIESEL | H1: WATER
A2: DAY | B2: 2021 | C2: 2022 | D2: 2021 | E2: 2022 | F2: 2021 | G2: 2022 | H2: 2021 | I2: 2022
A3: 1 | B3: 66.07 | C3: ='FS Seychelles'!B3 -> 36.8 | D3: 34194 | E3: =SUM('FS Seychelles'!M3:Q3) -> 45595 | F3: 9458 | G3: ='FS Seychelles'!R3 -> 10345 | H3: 675 | I3: =SUM('FS Seychelles'!V3:AC3) -> 503
A4: 2 | B4: 78.84 | C4: ='FS Seychelles'!B4 -> 35.5 | D4: 30904 | E4: =SUM('FS Seychelles'!M4:Q4) -> 44574 | F4: 8701 | G4: ='FS Seychelles'!R4 -> 9798 | H4: 601 | I4: =SUM('FS Seychelles'!V4:AC4) -> 583
A5: 3 | B5: 65.45 | C5: ='FS Seychelles'!B5 -> 36.8 | D5: 33629 | E5: =SUM('FS Seychelles'!M5:Q5) -> 41101 | F5: 9455 | G5: ='FS Seychelles'!R5 -> 9191 | H5: 569 | I5: =SUM('FS Seychelles'!V5:AC5) -> 507
A6: 4 | B6: 50 | C6: ='FS Seychelles'!B6 -> 38.2 | D6: 34281 | E6: =SUM('FS Seychelles'!M6:Q6) -> 41024 | F6: 9396 | G6: ='FS Seychelles'!R6 -> 9048 | H6: 430 | I6: =SUM('FS Seychelles'!V6:AC6) -> 0
A7: 5 | B7: 47.37 | C7: ='FS Seychelles'!B7 -> 34.2 | D7: 33117 | E7: =SUM('FS Seychelles'!M7:Q7) -> 31050 | F7: 9344 | G7: ='FS Seychelles'!R7 -> 6891 | H7: 467 | I7: =SUM('FS Seychelles'!V7:AC7) -> 453
A8: 6 | B8: 52.63 | C8: ='FS Seychelles'!B8 -> 27.6 | D8: 29861 | E8: =SUM('FS Seychelles'!M8:Q8) -> 40814 | F8: 8451 | G8: ='FS Seychelles'!R8 -> 8683 | H8: 440 | I8: =SUM('FS Seychelles'!V8:AC8) -> 509
A9: 7 | B9: 57.69 | C9: ='FS Seychelles'!B9 -> 31.6 | D9: 33358 | E9: =SUM('FS Seychelles'!M9:Q9) -> 47841 | F9: 9045 | G9: ='FS Seychelles'!R9 -> 10796 | H9: 357 | I9: =SUM('FS Seychelles'!V9:AC9) -> 434
A10: 8 | B10: 51.9 | C10: ='FS Seychelles'!B10 -> 32.9 | D10: 32636 | E10: =SUM('FS Seychelles'!M10:Q10) -> 28631 | F10: 9016 | G10: ='FS Seychelles'!R10 -> 6621 | H10: 383 | I10: =SUM('FS Seychelles'!V10:AC10) -> 406
A11: 9 | B11: 48.75 | C11: ='FS Seychelles'!B11 -> 39.5 | D11: 32817 | E11: =SUM('FS Seychelles'!M11:Q11) -> 37508 | F11: 9478 | G11: ='FS Seychelles'!R11 -> 8546 | H11: 354 | I11: =SUM('FS Seychelles'!V11:AC11) -> 462
A12: 10 | B12: 41.98 | C12: ='FS Seychelles'!B12 -> 36.8 | D12: 32930 | E12: =SUM('FS Seychelles'!M12:Q12) -> 41360 | F12: 9163 | G12: ='FS Seychelles'!R12 -> 8317 | H12: 482 | I12: =SUM('FS Seychelles'!V12:AC12) -> 546
A13: 11 | B13: 42.68 | C13: ='FS Seychelles'!B13 -> 60.5 | D13: 32752 | E13: =SUM('FS Seychelles'!M13:Q13) -> 38613 | F13: 9428 | G13: ='FS Seychelles'!R13 -> 8924 | H13: 484 | I13: =SUM('FS Seychelles'!V13:AC13) -> 471
A14: 12 | B14: 32.89 | C14: ='FS Seychelles'!B14 -> 56.6 | D14: 30989 | E14: =SUM('FS Seychelles'!M14:Q14) -> 35114 | F14: 8750 | G14: ='FS Seychelles'!R14 -> 7080 | H14: 362 | I14: =SUM('FS Seychelles'!V14:AC14) -> 397
... A32: 30 | B32: 45 | C32: ='FS Seychelles'!B32 -> 0 | D32: 28600 | E32: =SUM('FS Seychelles'!M32:Q32) -> 0 | F32: 8268 | G32: ='FS Seychelles'!R32 -> 0 | H32: 367 | I32: =SUM('FS Seychelles'!V32:AC32) -> 0
A33: 31 | C33: ='FS Seychelles'!B33 -> 0 | D33: 0 | E33: =SUM('FS Seychelles'!M33:Q33) -> 0 | F33: 0 | G33: ='FS Seychelles'!R33 -> 0 | H33: 0 | I33: =SUM('FS Seychelles'!V33:AC33) -> 0
A34: HEP Consumed Total | D34: =SUM(D3:D33) -> 911415 | E34: =SUM(E3:E33) -> 978194 | F34: =SUM(F3:F33) -> 260465 | G34: =SUM(G3:G33) -> 216317 | H34: =SUM(H3:H33) -> 13999 | I34: =SUM(I3:I33) -> 9984
A35: Consumption Report Total
