Workbook

Sheet Total Daily 
A1: Site Name | B1: Day | C1: Month | D1: Year | E1: Total Electricity Kwh | F1: Electricity Tariff ($/Kwh) | G1: LPG (Kg) | H1: LPG $/Kg | I1: District Energy Cooling Kwh | J1: District Energy Cooling $/Kwh | K1: Water Utility Supply (m3) m3 | L1: Water Utility Supply (m3) m3 | M1: Water Utility Supply (m3) $/m3 | N1: Room Nights
A2: Dubai DIFC | B2: 1 | C2: 4 | D2: 2022 | E2: ='04 - 2022'!B8-'04 - 2022'!B7+'04 - 2022'!C8-'04 - 2022'!C7 -> 9518 | F2: 0.118 | G2: ='04 - 2022'!D8-'04 - 2022'!D7+'04 - 2022'!E8-'04 - 2022'!E7 -> 25.99 | H2: 0.99 | I2: ='04 - 2022'!J8-'04 - 2022'!J7 -> 20469 | J2: 0.081 | K2: ='04 - 2022'!H8-'04 - 2022'!H7 -> 0 | L2: ='04 - 2022'!I8-'04 - 2022'!I7 -> 128 | M2: 4.3936294 | N2: 104
A3: Dubai DIFC | B3: =B2+1 -> 2 | C3: 4 | D3: 2022 | E3: ='04 - 2022'!B9-'04 - 2022'!B8+'04 - 2022'!C9-'04 - 2022'!C8 -> 9642 | F3: 0.118 | G3: ='04 - 2022'!D9-'04 - 2022'!D8+'04 - 2022'!E9-'04 - 2022'!E8 -> 24.36 | H3: 0.99 | I3: ='04 - 2022'!J9-'04 - 2022'!J8 -> 19426 | J3: 0.081 | K3: ='04 - 2022'!H9-'04 - 2022'!H8 -> 0 | L3: ='04 - 2022'!I9-'04 - 2022'!I8 -> 118 | M3: 4.3936294 | N3: 67
A4: Dubai DIFC | B4: =B3+1 -> 3 | C4: 4 | D4: 2022 | E4: ='04 - 2022'!B10-'04 - 2022'!B9+'04 - 2022'!C10-'04 - 2022'!C9 -> 9080 | F4: 0.118 | G4: ='04 - 2022'!D10-'04 - 2022'!D9+'04 - 2022'!E10-'04 - 2022'!E9 -> 26.14 | H4: 0.99 | I4: ='04 - 2022'!J10-'04 - 2022'!J9 -> 20339 | J4: 0.081 | K4: ='04 - 2022'!H10-'04 - 2022'!H9 -> 0 | L4: ='04 - 2022'!I10-'04 - 2022'!I9 -> 106 | M4: 4.3936294 | N4: 56
A5: Dubai DIFC | B5: =B4+1 -> 4 | C5: 4 | D5: 2022 | E5: ='04 - 2022'!B11-'04 - 2022'!B10+'04 - 2022'!C11-'04 - 2022'!C10 -> 8991 | F5: 0.118 | G5: ='04 - 2022'!D11-'04 - 2022'!D10+'04 - 2022'!E11-'04 - 2022'!E10 -> 18.47 | H5: 0.99 | I5: ='04 - 2022'!J11-'04 - 2022'!J10 -> 19754 | J5: 0.081 | K5: ='04 - 2022'!H11-'04 - 2022'!H10 -> 0 | L5: ='04 - 2022'!I11-'04 - 2022'!I10 -> 84 | M5: 4.3936294 | N5: 48
A6: Dubai DIFC | B6: =B5+1 -> 5 | C6: 4 | D6: 2022 | E6: ='04 - 2022'!B12-'04 - 2022'!B11+'04 - 2022'!C12-'04 - 2022'!C11 -> 8716 | F6: 0.118 | G6: ='04 - 2022'!D12-'04 - 2022'!D11+'04 - 2022'!E12-'04 - 2022'!E11 -> 20.44 | H6: 0.99 | I6: ='04 - 2022'!J12-'04 - 2022'!J11 -> 19035 | J6: 0.081 | K6: ='04 - 2022'!H12-'04 - 2022'!H11 -> 0 | L6: ='04 - 2022'!I12-'04 - 2022'!I11 -> 93 | M6: 4.3936294 | N6: 41
A7: Dubai DIFC | B7: =B6+1 -> 6 | C7: 4 | D7: 2022 | E7: ='04 - 2022'!B13-'04 - 2022'!B12+'04 - 2022'!C13-'04 - 2022'!C12 -> 8837 | F7: 0.118 | G7: ='04 - 2022'!D13-'04 - 2022'!D12+'04 - 2022'!E13-'04 - 2022'!E12 -> 23.25 | H7: 0.99 | I7: ='04 - 2022'!J13-'04 - 2022'!J12 -> 19936 | J7: 0.081 | K7: ='04 - 2022'!H13-'04 - 2022'!H12 -> 0 | L7: ='04 - 2022'!I13-'04 - 2022'!I12 -> 102 | M7: 4.3936294 | N7: 40
A8: Dubai DIFC | B8: =B7+1 -> 7 | C8: 4 | D8: 2022 | E8: ='04 - 2022'!B14-'04 - 2022'!B13+'04 - 2022'!C14-'04 - 2022'!C13 -> 8748 | F8: 0.118 | G8: ='04 - 2022'!D14-'04 - 2022'!D13+'04 - 2022'!E14-'04 - 2022'!E13 -> 21.64 | H8: 0.99 | I8: ='04 - 2022'!J14-'04 - 2022'!J13 -> 19437 | J8: 0.081 | K8: ='04 - 2022'!H14-'04 - 2022'!H13 -> 0 | L8: ='04 - 2022'!I14-'04 - 2022'!I13 -> 64 | M8: 4.3936294 | N8: 48
A9: Dubai DIFC | B9: =B8+1 -> 8 | C9: 4 | D9: 2022 | E9: ='04 - 2022'!B15-'04 - 2022'!B14+'04 - 2022'!C15-'04 - 2022'!C14 -> 8990 | F9: 0.118 | G9: ='04 - 2022'!D15-'04 - 2022'!D14+'04 - 2022'!E15-'04 - 2022'!E14 -> 21.55 | H9: 0.99 | I9: ='04 - 2022'!J15-'04 - 2022'!J14 -> 19524 | J9: 0.081 | K9: ='04 - 2022'!H15-'04 - 2022'!H14 -> 0 | L9: ='04 - 2022'!I15-'04 - 2022'!I14 -> 89 | M9: 4.3936294 | N9: 53
A10: Dubai DIFC | B10: =B9+1 -> 9 | C10: 4 | D10: 2022 | E10: ='04 - 2022'!B16-'04 - 2022'!B15+'04 - 2022'!C16-'04 - 2022'!C15 -> 9331 | F10: 0.118 | G10: ='04 - 2022'!D16-'04 - 2022'!D15+'04 - 2022'!E16-'04 - 2022'!E15 -> 22.59 | H10: 0.99 | I10: ='04 - 2022'!J16-'04 - 2022'!J15 -> 20303 | J10: 0.081 | K10: ='04 - 2022'!H16-'04 - 2022'!H15 -> 0 | L10: ='04 - 2022'!I16-'04 - 2022'!I15 -> 96 | M10: 4.3936294 | N10: 53
A11: Dubai DIFC | B11: =B10+1 -> 10 | C11: 4 | D11: 2022 | E11: ='04 - 2022'!B17-'04 - 2022'!B16+'04 - 2022'!C17-'04 - 2022'!C16 -> 8695 | F11: 0.118 | G11: ='04 - 2022'!D17-'04 - 2022'!D16+'04 - 2022'!E17-'04 - 2022'!E16 -> 20.67 | H11: 0.99 | I11: ='04 - 2022'!J17-'04 - 2022'!J16 -> 18936 | J11: 0.081 | K11: ='04 - 2022'!H17-'04 - 2022'!H16 -> 0 | L11: ='04 - 2022'!I17-'04 - 2022'!I16 -> 94 | M11: 4.3936294 | N11: 41
A12: Dubai DIFC | B12: =B11+1 -> 11 | C12: 4 | D12: 2022 | E12: ='04 - 2022'!B18-'04 - 2022'!B17+'04 - 2022'!C18-'04 - 2022'!C17 -> 8636 | F12: 0.118 | G12: ='04 - 2022'!D18-'04 - 2022'!D17+'04 - 2022'!E18-'04 - 2022'!E17 -> 22.59 | H12: 0.99 | I12: ='04 - 2022'!J18-'04 - 2022'!J17 -> 19206 | J12: 0.081 | K12: ='04 - 2022'!H18-'04 - 2022'!H17 -> 0 | L12: ='04 - 2022'!I18-'04 - 2022'!I17 -> 82 | M12: 4.3936294 | N12: 57
A13: Dubai DIFC | B13: =B12+1 -> 12 | C13: 4 | D13: 2022 | E13: ='04 - 2022'!B19-'04 - 2022'!B18+'04 - 2022'!C19-'04 - 2022'!C18 -> 8817 | F13: 0.118 | G13: ='04 - 2022'!D19-'04 - 2022'!D18+'04 - 2022'!E19-'04 - 2022'!E18 -> 22.13 | H13: 0.99 | I13: ='04 - 2022'!J19-'04 - 2022'!J18 -> 20966 | J13: 0.081 | K13: ='04 - 2022'!H19-'04 - 2022'!H18 -> 0 | L13: ='04 - 2022'!I19-'04 - 2022'!I18 -> 102 | M13: 4.3936294 | N13: 68
A14: Dubai DIFC | B14: =B13+1 -> 13 | C14: 4 | D14: 2022 | E14: ='04 - 2022'!B20-'04 - 2022'!B19+'04 - 2022'!C20-'04 - 2022'!C19 -> 8785 | F14: 0.118 | G14: ='04 - 2022'!D20-'04 - 2022'!D19+'04 - 2022'!E20-'04 - 2022'!E19 -> 19.4 | H14: 0.99 | I14: ='04 - 2022'!J20-'04 - 2022'!J19 -> 20936 | J14: 0.081 | K14: ='04 - 2022'!H20-'04 - 2022'!H19 -> 0 | L14: ='04 - 2022'!I20-'04 - 2022'!I19 -> 107 | M14: 4.3936294 | N14: 73
... A28: Dubai DIFC | B28: =B27+1 -> 27 | C28: 4 | D28: 2022 | E28: ='04 - 2022'!B34-'04 - 2022'!B33+'04 - 2022'!C34-'04 - 2022'!C33 -> 9200 | F28: 0.118 | G28: ='04 - 2022'!D34-'04 - 2022'!D33+'04 - 2022'!E34-'04 - 2022'!E33 -> 23.72 | H28: 0.99 | I28: ='04 - 2022'!J34-'04 - 2022'!J33 -> 23116 | J28: 0.081 | K28: ='04 - 2022'!H34-'04 - 2022'!H33 -> 0 | L28: ='04 - 2022'!I34-'04 - 2022'!I33 -> 96 | M28: 4.3936294 | N28: 58
A29: Dubai DIFC | B29: =B28+1 -> 28 | C29: 4 | D29: 2022 | E29: 0 | F29: 0.118 | G29: 0 | H29: 0.99 | I29: 0 | J29: 0.081 | K29: 0 | L29: 0 | M29: 4.3936294
A30: Dubai DIFC | B30: =B29+1 -> 29 | C30: 4 | D30: 2022 | E30: 0 | F30: 0.118 | G30: 0 | H30: 0.99 | I30: 0 | J30: 0.081 | K30: 0 | L30: 0 | M30: 4.3936294
A31: Dubai DIFC | B31: =B30+1 -> 30 | C31: 4 | D31: 2022 | E31: ='04 - 2022'!B37-'04 - 2022'!B36+'04 - 2022'!C37-'04 - 2022'!C36 -> 0 | F31: 0.118 | G31: ='04 - 2022'!D37-'04 - 2022'!D36+'04 - 2022'!E37-'04 - 2022'!E36 -> 0 | H31: 0.99 | I31: ='04 - 2022'!J37-'04 - 2022'!J36 -> 0 | J31: 0.081 | K31: ='04 - 2022'!H37-'04 - 2022'!H36 -> 0 | L31: ='04 - 2022'!I37-'04 - 2022'!I36 -> 0 | M31: 4.3936294

Sheet Submetering Daily 
A1: Site Name | B1: Day | C1: Month | D1: Year | E1: Panel LV1 Kwh | F1: Panel LV2 Kwh | G1: Electricity Tariff ($/Kwh) | H1: Main Kitchen LPG (Kg) | I1: Podium Kitchen LPG (Kg) | J1: Boiler LPG (Kg) | K1: LPG $/Kg | L1: Room Nights
A2: Dubai DIFC | B2: 1 | C2: 4 | D2: 2022 | E2: ='04 - 2022'!B8-'04 - 2022'!B7 -> 3839 | F2: ='04 - 2022'!C8-'04 - 2022'!C7 -> 5679 | G2: 0.118 | H2: ='04 - 2022'!E8-'04 - 2022'!E7 -> 26.09 | I2: ='04 - 2022'!F8-'04 - 2022'!F7 -> 7.25 | J2: ='04 - 2022'!G8-'04 - 2022'!G7 -> 44.13 | K2: 0.74 | L2: 104
A3: Dubai DIFC | B3: =B2+1 -> 2 | C3: 4 | D3: 2022 | E3: ='04 - 2022'!B9-'04 - 2022'!B8 -> 3764 | F3: ='04 - 2022'!C9-'04 - 2022'!C8 -> 5878 | G3: 0.118 | H3: ='04 - 2022'!E9-'04 - 2022'!E8 -> 24.43 | I3: ='04 - 2022'!F9-'04 - 2022'!F8 -> 8.44 | J3: ='04 - 2022'!G9-'04 - 2022'!G8 -> 44.09 | K3: 0.74 | L3: 67
A4: Dubai DIFC | B4: =B3+1 -> 3 | C4: 4 | D4: 2022 | E4: ='04 - 2022'!B10-'04 - 2022'!B9 -> 3554 | F4: ='04 - 2022'!C10-'04 - 2022'!C9 -> 5526 | G4: 0.118 | H4: ='04 - 2022'!E10-'04 - 2022'!E9 -> 26.24 | I4: ='04 - 2022'!F10-'04 - 2022'!F9 -> 6.86 | J4: ='04 - 2022'!G10-'04 - 2022'!G9 -> 42.09 | K4: 0.74 | L4: 56
A5: Dubai DIFC | B5: =B4+1 -> 4 | C5: 4 | D5: 2022 | E5: ='04 - 2022'!B11-'04 - 2022'!B10 -> 3549 | F5: ='04 - 2022'!C11-'04 - 2022'!C10 -> 5442 | G5: 0.118 | H5: ='04 - 2022'!E11-'04 - 2022'!E10 -> 18.55 | I5: ='04 - 2022'!F11-'04 - 2022'!F10 -> 6.95 | J5: ='04 - 2022'!G11-'04 - 2022'!G10 -> 34.91 | K5: 0.74 | L5: 48
A6: Dubai DIFC | B6: =B5+1 -> 5 | C6: 4 | D6: 2022 | E6: ='04 - 2022'!B12-'04 - 2022'!B11 -> 3455 | F6: ='04 - 2022'!C12-'04 - 2022'!C11 -> 5261 | G6: 0.118 | H6: ='04 - 2022'!E12-'04 - 2022'!E11 -> 20.52 | I6: ='04 - 2022'!F12-'04 - 2022'!F11 -> 5.87 | J6: ='04 - 2022'!G12-'04 - 2022'!G11 -> 36.28 | K6: 0.74 | L6: 41
A7: Dubai DIFC | B7: =B6+1 -> 6 | C7: 4 | D7: 2022 | E7: ='04 - 2022'!B13-'04 - 2022'!B12 -> 3500 | F7: ='04 - 2022'!C13-'04 - 2022'!C12 -> 5337 | G7: 0.118 | H7: ='04 - 2022'!E13-'04 - 2022'!E12 -> 23.32 | I7: ='04 - 2022'!F13-'04 - 2022'!F12 -> 7.4 | J7: ='04 - 2022'!G13-'04 - 2022'!G12 -> 37.78 | K7: 0.74 | L7: 40
A8: Dubai DIFC | B8: =B7+1 -> 7 | C8: 4 | D8: 2022 | E8: ='04 - 2022'!B14-'04 - 2022'!B13 -> 3470 | F8: ='04 - 2022'!C14-'04 - 2022'!C13 -> 5278 | G8: 0.118 | H8: ='04 - 2022'!E14-'04 - 2022'!E13 -> 21.09 | I8: ='04 - 2022'!F14-'04 - 2022'!F13 -> 5.96 | J8: ='04 - 2022'!G14-'04 - 2022'!G13 -> 33.16 | K8: 0.74 | L8: 48
A9: Dubai DIFC | B9: =B8+1 -> 8 | C9: 4 | D9: 2022 | E9: ='04 - 2022'!B15-'04 - 2022'!B14 -> 3477 | F9: ='04 - 2022'!C15-'04 - 2022'!C14 -> 5513 | G9: 0.118 | H9: ='04 - 2022'!E15-'04 - 2022'!E14 -> 21.62 | I9: ='04 - 2022'!F15-'04 - 2022'!F14 -> 5.13 | J9: ='04 - 2022'!G15-'04 - 2022'!G14 -> 35.76 | K9: 0.74 | L9: 53
A10: Dubai DIFC | B10: =B9+1 -> 9 | C10: 4 | D10: 2022 | E10: ='04 - 2022'!B16-'04 - 2022'!B15 -> 3572 | F10: ='04 - 2022'!C16-'04 - 2022'!C15 -> 5759 | G10: 0.118 | H10: ='04 - 2022'!E16-'04 - 2022'!E15 -> 22.67 | I10: ='04 - 2022'!F16-'04 - 2022'!F15 -> 6.45 | J10: ='04 - 2022'!G16-'04 - 2022'!G15 -> 37 | K10: 0.74 | L10: 53
A11: Dubai DIFC | B11: =B10+1 -> 10 | C11: 4 | D11: 2022 | E11: ='04 - 2022'!B17-'04 - 2022'!B16 -> 3328 | F11: ='04 - 2022'!C17-'04 - 2022'!C16 -> 5367 | G11: 0.118 | H11: ='04 - 2022'!E17-'04 - 2022'!E16 -> 20.74 | I11: ='04 - 2022'!F17-'04 - 2022'!F16 -> 5.39 | J11: ='04 - 2022'!G17-'04 - 2022'!G16 -> 37.83 | K11: 0.74 | L11: 41
A12: Dubai DIFC | B12: =B11+1 -> 11 | C12: 4 | D12: 2022 | E12: ='04 - 2022'!B18-'04 - 2022'!B17 -> 3364 | F12: ='04 - 2022'!C18-'04 - 2022'!C17 -> 5272 | G12: 0.118 | H12: ='04 - 2022'!E18-'04 - 2022'!E17 -> 22.67 | I12: ='04 - 2022'!F18-'04 - 2022'!F17 -> 5.65 | J12: ='04 - 2022'!G18-'04 - 2022'!G17 -> 44.32 | K12: 0.74 | L12: 57
A13: Dubai DIFC | B13: =B12+1 -> 12 | C13: 4 | D13: 2022 | E13: ='04 - 2022'!B19-'04 - 2022'!B18 -> 3432 | F13: ='04 - 2022'!C19-'04 - 2022'!C18 -> 5385 | G13: 0.118 | H13: ='04 - 2022'!E19-'04 - 2022'!E18 -> 22.23 | I13: ='04 - 2022'!F19-'04 - 2022'!F18 -> 6.11 | J13: ='04 - 2022'!G19-'04 - 2022'!G18 -> 30.64 | K13: 0.74 | L13: 68
A14: Dubai DIFC | B14: =B13+1 -> 13 | C14: 4 | D14: 2022 | E14: ='04 - 2022'!B20-'04 - 2022'!B19 -> 3369 | F14: ='04 - 2022'!C20-'04 - 2022'!C19 -> 5416 | G14: 0.118 | H14: ='04 - 2022'!E20-'04 - 2022'!E19 -> 19.48 | I14: ='04 - 2022'!F20-'04 - 2022'!F19 -> 7.12 | J14: ='04 - 2022'!G20-'04 - 2022'!G19 -> 36.13 | K14: 0.74 | L14: 73
... A28: Dubai DIFC | B28: =B27+1 -> 27 | C28: 4 | D28: 2022 | E28: ='04 - 2022'!B34-'04 - 2022'!B33 -> 3787 | F28: ='04 - 2022'!C34-'04 - 2022'!C33 -> 5413 | G28: 0.118 | H28: ='04 - 2022'!E34-'04 - 2022'!E33 -> 23.8 | I28: ='04 - 2022'!F34-'04 - 2022'!F33 -> 7.1 | J28: ='04 - 2022'!G34-'04 - 2022'!G33 -> 37.5 | K28: 0.74 | L28: 58
A29: Dubai DIFC | B29: =B28+1 -> 28 | C29: 4 | D29: 2022 | E29: 0 | F29: 0 | G29: 0.118 | H29: 0 | I29: 0 | J29: 0 | K29: 0.74
A30: Dubai DIFC | B30: =B29+1 -> 29 | C30: 4 | D30: 2022 | E30: 0 | F30: 0 | G30: 0.118 | H30: 0 | I30: 0 | J30: 0 | K30: 0.74
A31: Dubai DIFC | B31: =B30+1 -> 30 | C31: 4 | D31: 2022 | E31: ='04 - 2022'!B37-'04 - 2022'!B36 -> 0 | F31: ='04 - 2022'!C37-'04 - 2022'!C36 -> 0 | G31: 0.118 | H31: ='04 - 2022'!E37-'04 - 2022'!E36 -> 0 | I31: ='04 - 2022'!F37-'04 - 2022'!F36 -> 0 | J31: ='04 - 2022'!G37-'04 - 2022'!G36 -> 0 | K31: 0.74

Sheet 04 - 2022
A3: FOUR SEASONS HOTEL - DIFC
A4: HLP READING MONTH OF APRIL' 2022
B5: Electricity | D5: LPG (cu.m) | H5: Water (cu.m) | J5: BTU
A6: Date | B6: LV-01, 2025952759 | C6: LV-2, 2030235407 | D6: Main Meter % | E6: Main Kitchen | F6: Podium Kitchen | G6: Boiler | H6: B-3 Water Meter (DIFC) | I6: MainWater Meter (DEWA) | J6: Chilled Water (KWH) | K6: Gas Received (Litres) | L6: Remark
A7: 44286 | B7: 887019 | C7: 573506 | D7: 0.75 | E7: 384.24 | F7: 1886.87 | G7: 40166.97 | H7: 14528 | I7: 152554 | J7: 54402221 | K7: 4000
A8: =A7+1 -> 44287 | B8: 890858 | C8: 579185 | D8: 0.65 | E8: 410.33 | F8: 1894.12 | G8: 40211.1 | H8: 14528 | I8: 152682 | J8: 54422690
A9: =A8+1 -> 44288 | B9: 894622 | C9: 585063 | D9: 0.58 | E9: 434.76 | F9: 1902.56 | G9: 40255.19 | H9: 14528 | I9: 152800 | J9: 54442116
A10: =A9+1 -> 44289 | B10: 898176 | C10: 590589 | D10: 0.48 | E10: 461 | F10: 1909.42 | G10: 40297.28 | H10: 14528 | I10: 152906 | J10: 54462455
A11: =A10+1 -> 44290 | B11: 901725 | C11: 596031 | D11: 0.4 | E11: 479.55 | F11: 1916.37 | G11: 40332.19 | H11: 14528 | I11: 152990 | J11: 54482209
A12: =A11+1 -> 44291 | B12: 905180 | C12: 601292 | D12: 0.32 | E12: 500.07 | F12: 1922.24 | G12: 40368.47 | H12: 14528 | I12: 153083 | J12: 54501244
A13: =A12+1 -> 44292 | B13: 908680 | C13: 606629 | D13: 0.25 | E13: 523.39 | F13: 1929.64 | G13: 40406.25 | H13: 14528 | I13: 153185 | J13: 54521180
A14: =A13+1 -> 44293 | B14: 912150 | C14: 611907 | D14: 0.8 | E14: 544.48 | F14: 1935.6 | G14: 40439.41 | H14: 14528 | I14: 153249 | J14: 54540617
A15: =A14+1 -> 44294 | B15: 915627 | C15: 617420 | D15: 0.73 | E15: 566.1 | F15: 1940.73 | G15: 40475.17 | H15: 14528 | I15: 153338 | J15: 54560141
A16: =A15+1 -> 44295 | B16: 919199 | C16: 623179 | D16: 0.65 | E16: 588.77 | F16: 1947.18 | G16: 40512.17 | H16: 14528 | I16: 153434 | J16: 54580444
A17: =A16+1 -> 44296 | B17: 922527 | C17: 628546 | D17: 0.58 | E17: 609.51 | F17: 1952.57 | G17: 40550 | H17: 14528 | I17: 153528 | J17: 54599380
A18: =A17+1 -> 44297 | B18: 925891 | C18: 633818 | D18: 0.5 | E18: 632.18 | F18: 1958.22 | G18: 40594.32 | H18: 14528 | I18: 153610 | J18: 54618586
A19: =A18+1 -> 44298 | B19: 929323 | C19: 639203 | D19: 0.4 | E19: 654.41 | F19: 1964.33 | G19: 40624.96 | H19: 14528 | I19: 153712 | J19: 54639552
... A34: =A33+1 -> 44313 | B34: 983859 | C34: 721037 | D34: 0.28 | E34: 1005.73 | F34: 2065.83 | G34: 41191.6 | H34: 14528 | I34: 155218 | J34: 54971300
A35: =A34+1 -> 44314
A36: =A35+1 -> 44315
A37: =A36+1 -> 44316
A38: Readings | B38: =B37-B7 -> -887019 | C38: =C37-C7 -> -573506 | D38: =D37-D7 -> -0.75 | E38: =E37-E7 -> -384.24 | F38: =F37-F7 -> -1886.87 | G38: =G37-G7 -> -40166.97 | H38: =H37-H7 -> -14528 | I38: =I37-I7 -> -152554 | J38: =J37-J7 -> -54402221 | K38: =SUM(K7:K37) -> 4000
H39: =H38*219.969 -> -3195709.6 | I39: =I38*219.969 -> -33557151
H40: =H39*219.969 -> -7.0295705e+08 | I40: =I39*219.969 -> -7.3815329e+09
