Workbook

Sheet TOTAL
A1: Site Name | B1: Day | C1: Month | D1: Year | E1: Total Electricity Kwh | F1: Electricity Tariff ($/Kwh) | G1: LPG (Kg) | H1: LPG $/Kg | I1: Total Fuel Oil (Liters) | J1: Fuel Oil $/Liter | K1: Water Utility Supply (m3) m3 | L1: Water Utility Supply (m3) $/m3 | M1: Room Nights | N1: Food Covers
A2: Bali Jimbaran | B2: 1 | C2: 7 | D2: 2020 | E2: ='FS Jimbaran July 2020'!P12 -> 7900 | F2: ='FS Jimbaran July 2020'!O12/'FS Jimbaran July 2020'!P12 -> 1117.0691 | G2: ='FS Jimbaran July 2020'!AG12 -> 0 | H2: ='FS Jimbaran July 2020'!AH12/'FS Jimbaran July 2020'!AG12 -> #DIV/0! | I2: ='FS Jimbaran July 2020'!AJ12 -> 119.69 | J2: ='FS Jimbaran July 2020'!AK12/'FS Jimbaran July 2020'!AJ12 -> 7600 | K2: ='FS Jimbaran July 2020'!V12 -> 7.12 | L2: ='FS Jimbaran July 2020'!AA12/'FS Jimbaran July 2020'!V12 -> 4245.18 | M2: =+'RNs & Covers July 2020'!B6 -> 0 | N2: =+'RNs & Covers July 2020'!C6 -> 0
A3: Bali Jimbaran | B3: =B2+1 -> 2 | C3: 7 | D3: 2020 | E3: ='FS Jimbaran July 2020'!P13 -> 7960 | F3: ='FS Jimbaran July 2020'!O13/'FS Jimbaran July 2020'!P13 -> 1119.0588 | G3: ='FS Jimbaran July 2020'!AG13 -> 0 | H3: ='FS Jimbaran July 2020'!AH13/'FS Jimbaran July 2020'!AG13 -> #DIV/0! | I3: ='FS Jimbaran July 2020'!AJ13 -> -157.65 | J3: ='FS Jimbaran July 2020'!AK13/'FS Jimbaran July 2020'!AJ13 -> 7600 | K3: ='FS Jimbaran July 2020'!V13 -> 269.67 | L3: ='FS Jimbaran July 2020'!AA13/'FS Jimbaran July 2020'!V13 -> 4245.18 | M3: =+'RNs & Covers July 2020'!B7 -> 0 | N3: =+'RNs & Covers July 2020'!C7 -> 0
A4: Bali Jimbaran | B4: =B3+1 -> 3 | C4: 7 | D4: 2020 | E4: ='FS Jimbaran July 2020'!P14 -> 7860 | F4: ='FS Jimbaran July 2020'!O14/'FS Jimbaran July 2020'!P14 -> 1117.4827 | G4: ='FS Jimbaran July 2020'!AG14 -> 0 | H4: ='FS Jimbaran July 2020'!AH14/'FS Jimbaran July 2020'!AG14 -> #DIV/0! | I4: ='FS Jimbaran July 2020'!AJ14 -> 117.08 | J4: ='FS Jimbaran July 2020'!AK14/'FS Jimbaran July 2020'!AJ14 -> 7600 | K4: ='FS Jimbaran July 2020'!V14 -> 104.13 | L4: ='FS Jimbaran July 2020'!AA14/'FS Jimbaran July 2020'!V14 -> 4245.18 | M4: =+'RNs & Covers July 2020'!B8 -> 0 | N4: =+'RNs & Covers July 2020'!C8 -> 0
A5: Bali Jimbaran | B5: =B4+1 -> 4 | C5: 7 | D5: 2020 | E5: ='FS Jimbaran July 2020'!P15 -> 7480 | F5: ='FS Jimbaran July 2020'!O15/'FS Jimbaran July 2020'!P15 -> 1125.7876 | G5: ='FS Jimbaran July 2020'!AG15 -> 0 | H5: ='FS Jimbaran July 2020'!AH15/'FS Jimbaran July 2020'!AG15 -> #DIV/0! | I5: ='FS Jimbaran July 2020'!AJ15 -> 0 | J5: ='FS Jimbaran July 2020'!AK15/'FS Jimbaran July 2020'!AJ15 -> #DIV/0! | K5: ='FS Jimbaran July 2020'!V15 -> 180.67 | L5: ='FS Jimbaran July 2020'!AA15/'FS Jimbaran July 2020'!V15 -> 4245.18 | M5: =+'RNs & Covers July 2020'!B9 -> 0 | N5: =+'RNs & Covers July 2020'!C9 -> 0
A6: Bali Jimbaran | B6: =B5+1 -> 5 | C6: 7 | D6: 2020 | E6: ='FS Jimbaran July 2020'!P16 -> 7840 | F6: ='FS Jimbaran July 2020'!O16/'FS Jimbaran July 2020'!P16 -> 1122.9758 | G6: ='FS Jimbaran July 2020'!AG16 -> 0 | H6: ='FS Jimbaran July 2020'!AH16/'FS Jimbaran July 2020'!AG16 -> #DIV/0! | I6: ='FS Jimbaran July 2020'!AJ16 -> 0 | J6: ='FS Jimbaran July 2020'!AK16/'FS Jimbaran July 2020'!AJ16 -> #DIV/0! | K6: ='FS Jimbaran July 2020'!V16 -> 2.67 | L6: ='FS Jimbaran July 2020'!AA16/'FS Jimbaran July 2020'!V16 -> 4245.18 | M6: =+'RNs & Covers July 2020'!B10 -> 0 | N6: =+'RNs & Covers July 2020'!C10 -> 0
A7: Bali Jimbaran | B7: =B6+1 -> 6 | C7: 7 | D7: 2020 | E7: ='FS Jimbaran July 2020'!P17 -> 8060 | F7: ='FS Jimbaran July 2020'!O17/'FS Jimbaran July 2020'!P17 -> 1120.5957 | G7: ='FS Jimbaran July 2020'!AG17 -> 0 | H7: ='FS Jimbaran July 2020'!AH17/'FS Jimbaran July 2020'!AG17 -> #DIV/0! | I7: ='FS Jimbaran July 2020'!AJ17 -> 103.91 | J7: ='FS Jimbaran July 2020'!AK17/'FS Jimbaran July 2020'!AJ17 -> 7600 | K7: ='FS Jimbaran July 2020'!V17 -> 1.78 | L7: ='FS Jimbaran July 2020'!AA17/'FS Jimbaran July 2020'!V17 -> 4245.18 | M7: =+'RNs & Covers July 2020'!B11 -> 0 | N7: =+'RNs & Covers July 2020'!C11 -> 0
A8: Bali Jimbaran | B8: =B7+1 -> 7 | C8: 7 | D8: 2020 | E8: ='FS Jimbaran July 2020'!P18 -> 8380 | F8: ='FS Jimbaran July 2020'!O18/'FS Jimbaran July 2020'!P18 -> 1122.301 | G8: ='FS Jimbaran July 2020'!AG18 -> 0 | H8: ='FS Jimbaran July 2020'!AH18/'FS Jimbaran July 2020'!AG18 -> #DIV/0! | I8: ='FS Jimbaran July 2020'!AJ18 -> 0 | J8: ='FS Jimbaran July 2020'!AK18/'FS Jimbaran July 2020'!AJ18 -> #DIV/0! | K8: ='FS Jimbaran July 2020'!V18 -> 248.31 | L8: ='FS Jimbaran July 2020'!AA18/'FS Jimbaran July 2020'!V18 -> 4245.18 | M8: =+'RNs & Covers July 2020'!B12 -> 0 | N8: =+'RNs & Covers July 2020'!C12 -> 0
A9: Bali Jimbaran | B9: =B8+1 -> 8 | C9: 7 | D9: 2020 | E9: ='FS Jimbaran July 2020'!P19 -> 8480 | F9: ='FS Jimbaran July 2020'!O19/'FS Jimbaran July 2020'!P19 -> 1116.395 | G9: ='FS Jimbaran July 2020'!AG19 -> 0 | H9: ='FS Jimbaran July 2020'!AH19/'FS Jimbaran July 2020'!AG19 -> #DIV/0! | I9: ='FS Jimbaran July 2020'!AJ19 -> 150.48 | J9: ='FS Jimbaran July 2020'!AK19/'FS Jimbaran July 2020'!AJ19 -> 7600 | K9: ='FS Jimbaran July 2020'!V19 -> 278.57 | L9: ='FS Jimbaran July 2020'!AA19/'FS Jimbaran July 2020'!V19 -> 4245.18 | M9: =+'RNs & Covers July 2020'!B13 -> 0 | N9: =+'RNs & Covers July 2020'!C13 -> 0
A10: Bali Jimbaran | B10: =B9+1 -> 9 | C10: 7 | D10: 2020 | E10: ='FS Jimbaran July 2020'!P20 -> 7840 | F10: ='FS Jimbaran July 2020'!O20/'FS Jimbaran July 2020'!P20 -> 1120.3335 | G10: ='FS Jimbaran July 2020'!AG20 -> 0 | H10: ='FS Jimbaran July 2020'!AH20/'FS Jimbaran July 2020'!AG20 -> #DIV/0! | I10: ='FS Jimbaran July 2020'!AJ20 -> 0 | J10: ='FS Jimbaran July 2020'!AK20/'FS Jimbaran July 2020'!AJ20 -> #DIV/0! | K10: ='FS Jimbaran July 2020'!V20 -> 37.38 | L10: ='FS Jimbaran July 2020'!AA20/'FS Jimbaran July 2020'!V20 -> 4245.18 | M10: =+'RNs & Covers July 2020'!B14 -> 0 | N10: =+'RNs & Covers July 2020'!C14 -> 0
A11: Bali Jimbaran | B11: =B10+1 -> 10 | C11: 7 | D11: 2020 | E11: ='FS Jimbaran July 2020'!P21 -> 8060 | F11: ='FS Jimbaran July 2020'!O21/'FS Jimbaran July 2020'!P21 -> 1120.5957 | G11: ='FS Jimbaran July 2020'!AG21 -> 0 | H11: ='FS Jimbaran July 2020'!AH21/'FS Jimbaran July 2020'!AG21 -> #DIV/0! | I11: ='FS Jimbaran July 2020'!AJ21 -> 146.81 | J11: ='FS Jimbaran July 2020'!AK21/'FS Jimbaran July 2020'!AJ21 -> 7600 | K11: ='FS Jimbaran July 2020'!V21 -> 194.02 | L11: ='FS Jimbaran July 2020'!AA21/'FS Jimbaran July 2020'!V21 -> 4245.18 | M11: =+'RNs & Covers July 2020'!B15 -> 0 | N11: =+'RNs & Covers July 2020'!C15 -> 0
A12: Bali Jimbaran | B12: =B11+1 -> 11 | C12: 7 | D12: 2020 | E12: ='FS Jimbaran July 2020'!P22 -> 7760 | F12: ='FS Jimbaran July 2020'!O22/'FS Jimbaran July 2020'!P22 -> 1118.5356 | G12: ='FS Jimbaran July 2020'!AG22 -> 0 | H12: ='FS Jimbaran July 2020'!AH22/'FS Jimbaran July 2020'!AG22 -> #DIV/0! | I12: ='FS Jimbaran July 2020'!AJ22 -> 0 | J12: ='FS Jimbaran July 2020'!AK22/'FS Jimbaran July 2020'!AJ22 -> #DIV/0! | K12: ='FS Jimbaran July 2020'!V22 -> 1.78 | L12: ='FS Jimbaran July 2020'!AA22/'FS Jimbaran July 2020'!V22 -> 4245.18 | M12: =+'RNs & Covers July 2020'!B16 -> 0 | N12: =+'RNs & Covers July 2020'!C16 -> 0
A13: Bali Jimbaran | B13: =B12+1 -> 12 | C13: 7 | D13: 2020 | E13: ='FS Jimbaran July 2020'!P23 -> 7920 | F13: ='FS Jimbaran July 2020'!O23/'FS Jimbaran July 2020'!P23 -> 1122.095 | G13: ='FS Jimbaran July 2020'!AG23 -> 0 | H13: ='FS Jimbaran July 2020'!AH23/'FS Jimbaran July 2020'!AG23 -> #DIV/0! | I13: ='FS Jimbaran July 2020'!AJ23 -> 0 | J13: ='FS Jimbaran July 2020'!AK23/'FS Jimbaran July 2020'!AJ23 -> #DIV/0! | K13: ='FS Jimbaran July 2020'!V23 -> 0 | L13: ='FS Jimbaran July 2020'!AA23/'FS Jimbaran July 2020'!V23 -> #DIV/0! | M13: =+'RNs & Covers July 2020'!B17 -> 0 | N13: =+'RNs & Covers July 2020'!C17 -> 0
A14: Bali Jimbaran | B14: =B13+1 -> 13 | C14: 7 | D14: 2020 | E14: ='FS Jimbaran July 2020'!P24 -> 7940 | F14: ='FS Jimbaran July 2020'!O24/'FS Jimbaran July 2020'!P24 -> 1119.2686 | G14: ='FS Jimbaran July 2020'!AG24 -> 0 | H14: ='FS Jimbaran July 2020'!AH24/'FS Jimbaran July 2020'!AG24 -> #DIV/0! | I14: ='FS Jimbaran July 2020'!AJ24 -> 126.08 | J14: ='FS Jimbaran July 2020'!AK24/'FS Jimbaran July 2020'!AJ24 -> 7600 | K14: ='FS Jimbaran July 2020'!V24 -> 466.36 | L14: ='FS Jimbaran July 2020'!AA24/'FS Jimbaran July 2020'!V24 -> 4245.18 | M14: =+'RNs & Covers July 2020'!B18 -> 0 | N14: =+'RNs & Covers July 2020'!C18 -> 0
... A32: Bali Jimbaran | B32: =B31+1 -> 31 | C32: 7 | D32: 2020 | E32: ='FS Jimbaran July 2020'!P42 -> 10480 | F32: ='FS Jimbaran July 2020'!O42/'FS Jimbaran July 2020'!P42 -> 1092.1154 | G32: ='FS Jimbaran July 2020'!AG42 -> 0 | H32: ='FS Jimbaran July 2020'!AH42/'FS Jimbaran July 2020'!AG42 -> #DIV/0! | I32: ='FS Jimbaran July 2020'!AJ42 -> 0 | J32: ='FS Jimbaran July 2020'!AK42/'FS Jimbaran July 2020'!AJ42 -> #DIV/0! | K32: ='FS Jimbaran July 2020'!V42 -> 279.46 | L32: ='FS Jimbaran July 2020'!AA42/'FS Jimbaran July 2020'!V42 -> 4245.18 | M32: =+'RNs & Covers July 2020'!B36 -> 0 | N32: =+'RNs & Covers July 2020'!C36 -> 0

Sheet FS Jimbaran July 2020
B6: Four Seasons Resort Bali at Jimbaran Bay
B7: JULY 2020
B8: Date | C8: Room Nights | D8: Food Covers | E8: ELECTRICITY Resort, Sundara & Residences | V8: WATER | AC8: GAS
E9: Electricity Resort | J9: Electricity - Sundara | O9: Sub Total (Resort & Sundara) Cost (IDR) | P9: Sub Total (Resort & Sundara), KWh | Q9: Residences- Electricity KWh | R9: Residences- Electricity cost (IDR) | S9: TOTAL Electricity consumption (KWh) | T9: TOTAL Electricity cost | W9: Water (m3) | AA9: Total Water Cost | AC9: LPG | AJ9: Diesel
E10: BASED LOAD KWh (from 10 pm - 6 pm) | F10: Cost (IDR) | G10: PEAK LOAD KWh (from 6 pm - 10 pm) | H10: Cost (IDR) | I10: Resort Cost (IDR) | J10: BASED LOAD KWh (from 10 pm - 6 pm) | K10: Cost (IDR) | L10: PEAK LOAD KWh (from 6 pm - 10 pm) | M10: Cost (IDR) | N10: Sundara Cost (IDR) | T10: IDR | U10: USD | V10: Water consumption (m3) | W10: Municipal Water (m3) | X10: Municipal Water cost (IDR) | Y10: Deepwell Consumption (m3) | Z10: Deepwell water Cost (IDR) | AA10: IDR | AB10: USD | AC10: LPG Bulk (m3) | AD10: 50 Kg (tube) IVD & TW | AE10: Sundara 50 kg (tube) | AF10: 12 Kg (tube) | AG10: Total kg | AH10: IDR | AI10: USD | AJ10: Used (liters) | AK10: IDR | AL10: USD
B12: 1 | E12: 6480 | F12: 6711854.4 | G12: 1200 | H12: 1864404 | I12: =F12+H12 -> 8576258.4 | J12: 180 | K12: 186440.4 | L12: 40 | M12: 62146.8 | N12: =+K12+M12 -> 248587.2 | O12: =N12+I12 -> 8824845.6 | P12: =L12+J12+G12+E12 -> 7900 | U12: 0 | V12: =Y12+W12 -> 7.12 | W12: 0 | X12: 0 | Y12: 7.12 | Z12: 30225.682 | AA12: =Z12+X12 -> 30225.682 | AB12: =AA12/$AL$48 -> 2.3293366 | AC12: 0 | AD12: 0 | AE12: 0 | AF12: 0 | AG12: =+AE12+AF12 -> 0 | AH12: 0 | AI12: =AH12/$AL$48 -> 0 | AJ12: 119.69 | AK12: 909644 | AL12: =AK12/$AL$48 -> 70.101548
B13: 2 | E13: 6480 | F13: 6711854.4 | G13: 1240 | H13: 1926550.8 | I13: =F13+H13 -> 8638405.2 | J13: 200 | K13: 207156 | L13: 40 | M13: 62146.8 | N13: =+K13+M13 -> 269302.8 | O13: =N13+I13 -> 8907708 | P13: =L13+J13+G13+E13 -> 7960 | U13: 0 | V13: =Y13+W13 -> 269.67 | W13: 0 | X13: 0 | Y13: 269.67 | Z13: 1144797.7 | AA13: =Z13+X13 -> 1144797.7 | AB13: =AA13/$AL$48 -> 88.223624 | AC13: 0 | AD13: 0 | AE13: 0 | AF13: 0 | AG13: =+AE13+AF13 -> 0 | AH13: 0 | AI13: =AH13/$AL$48 -> 0 | AJ13: -157.65 | AK13: -1198140 | AL13: =AK13/$AL$48 -> -92.33444
B14: 3 | E14: 6440 | F14: 6670423.2 | G14: 1200 | H14: 1864404 | I14: =F14+H14 -> 8534827.2 | J14: 180 | K14: 186440.4 | L14: 40 | M14: 62146.8 | N14: =+K14+M14 -> 248587.2 | O14: =N14+I14 -> 8783414.4 | P14: =L14+J14+G14+E14 -> 7860 | U14: 0 | V14: =Y14+W14 -> 104.13 | W14: 0 | X14: 0 | Y14: 104.13 | Z14: 442050.59 | AA14: =Z14+X14 -> 442050.59 | AB14: =AA14/$AL$48 -> 34.066548 | AC14: 0 | AD14: 0 | AE14: 0 | AF14: 0 | AG14: =+AE14+AF14 -> 0 | AH14: 0 | AI14: =AH14/$AL$48 -> 0 | AJ14: 117.08 | AK14: 889808 | AL14: =AK14/$AL$48 -> 68.572891
B15: 4 | E15: 6000 | F15: 6214680 | G15: 1280 | H15: 1988697.6 | I15: =F15+H15 -> 8203377.6 | J15: 180 | K15: 186440.4 | L15: 20 | M15: 31073.4 | N15: =+K15+M15 -> 217513.8 | O15: =N15+I15 -> 8420891.4 | P15: =L15+J15+G15+E15 -> 7480 | U15: 0 | V15: =Y15+W15 -> 180.67 | W15: 0 | X15: 0 | Y15: 180.67 | Z15: 766976.67 | AA15: =Z15+X15 -> 766976.67 | AB15: =AA15/$AL$48 -> 59.106917 | AC15: 0 | AD15: 0 | AE15: 0 | AF15: 0 | AG15: =+AE15+AF15 -> 0 | AH15: 0 | AI15: =AH15/$AL$48 -> 0 | AJ15: 0 | AK15: 0 | AL15: =AK15/$AL$48 -> 0
B16: 5 | E16: 6320 | F16: 6546129.6 | G16: 1280 | H16: 1988697.6 | I16: =F16+H16 -> 8534827.2 | J16: 200 | K16: 207156 | L16: 40 | M16: 62146.8 | N16: =+K16+M16 -> 269302.8 | O16: =N16+I16 -> 8804130 | P16: =L16+J16+G16+E16 -> 7840 | U16: 0 | V16: =Y16+W16 -> 2.67 | W16: 0 | X16: 0 | Y16: 2.67 | Z16: 11334.631 | AA16: =Z16+X16 -> 11334.631 | AB16: =AA16/$AL$48 -> 0.87350123 | AC16: 0 | AD16: 0 | AE16: 0 | AF16: 0 | AG16: =+AE16+AF16 -> 0 | AH16: 0 | AI16: =AH16/$AL$48 -> 0 | AJ16: 0 | AK16: 0 | AL16: =AK16/$AL$48 -> 0
B17: 6 | E17: 6520 | F17: 6753285.6 | G17: 1280 | H17: 1988697.6 | I17: =F17+H17 -> 8741983.2 | J17: 220 | K17: 227871.6 | L17: 40 | M17: 62146.8 | N17: =+K17+M17 -> 290018.4 | O17: =N17+I17 -> 9032001.6 | P17: =L17+J17+G17+E17 -> 8060 | U17: 0 | V17: =Y17+W17 -> 1.78 | W17: 0 | X17: 0 | Y17: 1.78 | Z17: 7556.4204 | AA17: =Z17+X17 -> 7556.4204 | AB17: =AA17/$AL$48 -> 0.58233415 | AC17: 0 | AD17: 0 | AE17: 0 | AF17: 0 | AG17: =+AE17+AF17 -> 0 | AH17: 0 | AI17: =AH17/$AL$48 -> 0 | AJ17: 103.91 | AK17: 789716 | AL17: =AK17/$AL$48 -> 60.859319
B18: 7 | E18: 6800 | F18: 7043304 | G18: 1360 | H18: 2112991.2 | I18: =F18+H18 -> 9156295.2 | J18: 180 | K18: 186440.4 | L18: 40 | M18: 62146.8 | N18: =+K18+M18 -> 248587.2 | O18: =N18+I18 -> 9404882.4 | P18: =L18+J18+G18+E18 -> 8380 | U18: 0 | V18: =Y18+W18 -> 248.31 | W18: 0 | X18: 0 | Y18: 248.31 | Z18: 1054120.6 | AA18: =Z18+X18 -> 1054120.6 | AB18: =AA18/$AL$48 -> 81.235615 | AC18: 0 | AD18: 0 | AE18: 0 | AF18: 0 | AG18: =+AE18+AF18 -> 0 | AH18: 0 | AI18: =AH18/$AL$48 -> 0 | AJ18: 0 | AK18: 0 | AL18: =AK18/$AL$48 -> 0
B19: 8 | E19: 6960 | F19: 7209028.8 | G19: 1280 | H19: 1988697.6 | I19: =F19+H19 -> 9197726.4 | J19: 200 | K19: 207156 | L19: 40 | M19: 62146.8 | N19: =+K19+M19 -> 269302.8 | O19: =N19+I19 -> 9467029.2 | P19: =L19+J19+G19+E19 -> 8480 | U19: 0 | V19: =Y19+W19 -> 278.57 | W19: 0 | X19: 0 | Y19: 278.57 | Z19: 1182579.8 | AA19: =Z19+X19 -> 1182579.8 | AB19: =AA19/$AL$48 -> 91.135295 | AC19: 0 | AD19: 0 | AE19: 0 | AF19: 0 | AG19: =+AE19+AF19 -> 0 | AH19: 0 | AI19: =AH19/$AL$48 -> 0 | AJ19: 150.48 | AK19: 1143648 | AL19: =AK19/$AL$48 -> 88.135024
B20: 9 | E20: 6240 | F20: 6463267.2 | G20: 1240 | H20: 1926550.8 | I20: =F20+H20 -> 8389818 | J20: 320 | K20: 331449.6 | L20: 40 | M20: 62146.8 | N20: =+K20+M20 -> 393596.4 | O20: =N20+I20 -> 8783414.4 | P20: =L20+J20+G20+E20 -> 7840 | U20: 0 | V20: =Y20+W20 -> 37.38 | W20: 0 | X20: 0 | Y20: 37.38 | Z20: 158684.83 | AA20: =Z20+X20 -> 158684.83 | AB20: =AA20/$AL$48 -> 12.229017 | AC20: 0 | AD20: 0 | AE20: 0 | AF20: 0 | AG20: =+AE20+AF20 -> 0 | AH20: 0 | AI20: =AH20/$AL$48 -> 0 | AJ20: 0 | AK20: 0 | AL20: =AK20/$AL$48 -> 0
B21: 10 | E21: 6520 | F21: 6753285.6 | G21: 1280 | H21: 1988697.6 | I21: =F21+H21 -> 8741983.2 | J21: 220 | K21: 227871.6 | L21: 40 | M21: 62146.8 | N21: =+K21+M21 -> 290018.4 | O21: =N21+I21 -> 9032001.6 | P21: =L21+J21+G21+E21 -> 8060 | U21: 0 | V21: =Y21+W21 -> 194.02 | W21: 0 | X21: 0 | Y21: 194.02 | Z21: 823649.82 | AA21: =Z21+X21 -> 823649.82 | AB21: =AA21/$AL$48 -> 63.474423 | AC21: 0 | AD21: 0 | AE21: 0 | AF21: 0 | AG21: =+AE21+AF21 -> 0 | AH21: 0 | AI21: =AH21/$AL$48 -> 0 | AJ21: 146.81 | AK21: 1115756 | AL21: =AK21/$AL$48 -> 85.985532
B22: 11 | E22: 6320 | F22: 6546129.6 | G22: 1200 | H22: 1864404 | I22: =F22+H22 -> 8410533.6 | J22: 200 | K22: 207156 | L22: 40 | M22: 62146.8 | N22: =+K22+M22 -> 269302.8 | O22: =N22+I22 -> 8679836.4 | P22: =L22+J22+G22+E22 -> 7760 | U22: 0 | V22: =Y22+W22 -> 1.78 | W22: 0 | X22: 0 | Y22: 1.78 | Z22: 7556.4204 | AA22: =Z22+X22 -> 7556.4204 | AB22: =AA22/$AL$48 -> 0.58233415 | AC22: 0 | AD22: 0 | AE22: 0 | AF22: 0 | AG22: =+AE22+AF22 -> 0 | AH22: 0 | AI22: =AH22/$AL$48 -> 0 | AJ22: 0 | AK22: 0 | AL22: =AK22/$AL$48 -> 0
B23: 12 | E23: 6400 | F23: 6628992 | G23: 1280 | H23: 1988697.6 | I23: =F23+H23 -> 8617689.6 | J23: 200 | K23: 207156 | L23: 40 | M23: 62146.8 | N23: =+K23+M23 -> 269302.8 | O23: =N23+I23 -> 8886992.4 | P23: =L23+J23+G23+E23 -> 7920 | U23: 0 | V23: =Y23+W23 -> 0 | W23: 0 | X23: 0 | Y23: 0 | Z23: 0 | AA23: =Z23+X23 -> 0 | AB23: =AA23/$AL$48 -> 0 | AC23: 0 | AD23: 0 | AE23: 0 | AF23: 0 | AG23: =+AE23+AF23 -> 0 | AH23: 0 | AI23: =AH23/$AL$48 -> 0 | AJ23: 0 | AK23: 0 | AL23: =AK23/$AL$48 -> 0
... B41: 30 | E41: 8360 | F41: 8659120.8 | G41: 1480 | H41: 2299431.6 | I41: =F41+H41 -> 10958552 | J41: 740 | K41: 766477.2 | L41: 180 | M41: 279660.6 | N41: =+K41+M41 -> 1046137.8 | O41: =N41+I41 -> 12004690 | P41: =L41+J41+G41+E41 -> 10760 | U41: 0 | V41: =Y41+W41 -> 258.1 | W41: 0 | X41: 0 | Y41: 258.1 | Z41: 1095681 | AA41: =Z41+X41 -> 1095681 | AB41: =AA41/$AL$48 -> 84.438452 | AC41: 0 | AD41: 0 | AE41: 0 | AF41: 0 | AG41: =+AE41+AF41 -> 0 | AH41: 0 | AI41: =AH41/$AL$48 -> 0 | AJ41: 333.61 | AK41: 2535436 | AL41: =AK41/$AL$48 -> 195.39291
B42: 31 | E42: 8520 | F42: 8824845.6 | G42: 960 | H42: 1491523.2 | I42: =F42+H42 -> 10316369 | J42: 820 | K42: 849339.6 | L42: 180 | M42: 279660.6 | N42: =+K42+M42 -> 1129000.2 | O42: =N42+I42 -> 11445369 | P42: =L42+J42+G42+E42 -> 10480 | U42: 1 | V42: =Y42+W42 -> 279.46 | W42: 0 | X42: 0 | Y42: 279.46 | Z42: 1186358 | AA42: =Z42+X42 -> 1186358 | AB42: =AA42/$AL$48 -> 91.426462 | AC42: 0 | AD42: 0 | AE42: 0 | AF42: 0 | AG42: =+AE42+AF42 -> 0 | AH42: 0 | AI42: =AH42/$AL$48 -> 0 | AL42: =AK42/$AL$48 -> 0
C47: =SUM(C12:C43) -> 0 | D47: =SUM(D12:D43) -> 0 | E47: =SUM(E12:E43) -> 213280 | F47: =SUM(F12:F43) -> 2.2091116e+08 | G47: =SUM(G12:G43) -> 39000 | H47: =SUM(H12:H43) -> 60593130 | I47: =SUM(I12:I43) -> 2.8150429e+08 | J47: =SUM(J12:J43) -> 8000 | ... P47: =SUM(P12:P43) -> 261900 | Q47: =+#REF! -> #REF! | R47: =+#REF! -> #REF! | S47: =Q47+P47 -> #REF! | T47: =R47+O47 -> #REF! | U47: =T47/AL48 -> #REF! | V47: =SUM(V12:V42) -> 5618.57 | W47: =SUM(W12:W42) -> 219.83 | X47: =SUM(X12:X42) -> 3950455 | Y47: =SUM(Y12:Y42) -> 5398.74 | Z47: =SUM(Z12:Z42) -> 22918623 | AA47: =SUM(AA12:AA42) -> 26869078 | AB47: =AA47/$AL$48 -> 2070.6606 | AC47: =SUM(AC12:AC41) -> 0 | AD47: =SUM(AD12:AD41) -> 0 | AE47: =SUM(AE12:AE42) -> 0 | AF47: =SUM(AF12:AF42) -> 48 | AG47: =SUM(AG12:AG42) -> 48 | AH47: =SUM(AH12:AH43) -> 558000 | AI47: =AH47/$AL$48 -> 43.002168 | AJ47: =SUM(AJ12:AJ43) -> 2297.06 | AK47: =SUM(AK12:AK43) -> 17457656 | AL47: =AK47/AL48 -> 1345.3711
T48: kWh rate | U48: =U47/S47 -> #REF! | V48: m3/RNs | AL48: 12976.09
W52: =W47/V47 -> 0.039125614

Sheet RNs & Covers July 2020
A1: Four Seasons Resort Bali at Jimbaran Bay
A2: 44013
A3: Date | B3: Room Nights | C3: Food Covers
A6: 1
A7: 2
A8: =A7+1 -> 3
A9: =A8+1 -> 4
A10: =A9+1 -> 5
A11: =A10+1 -> 6
A12: =A11+1 -> 7
A13: =A12+1 -> 8
A14: =A13+1 -> 9
A15: =A14+1 -> 10
A16: =A15+1 -> 11
A17: =A16+1 -> 12
A18: =A17+1 -> 13
A19: =A18+1 -> 14
... A35: =A34+1 -> 30
A36: 31
B38: =SUM(B6:B36) -> 0 | C38: =SUM(C6:C36) -> 0
