Workbook

Sheet TOTAL
A1: Site Name | B1: Day | C1: Month | D1: Year | E1: Total Electricity Kwh | F1: Electricity Tariff ($/Kwh) | G1: LPG (Kg) | H1: LPG $/Kg | I1: Total Fuel Oil (Liters) | J1: Fuel Oil $/Liter | K1: Water Utility Supply (m3) m3 | L1: Water Utility Supply (m3) $/m3 | M1: Room Nights | N1: Food Covers
A2: Bali Jimbaran | B2: 1 | C2: 2 | D2: 2020 | E2: ='FS Jimbaran February 2020'!P12 -> 24460 | F2: ='FS Jimbaran February 2020'!O12/'FS Jimbaran February 2020'!P12 -> 1128.9409 | G2: ='FS Jimbaran February 2020'!AG12 -> 128.16752 | H2: ='FS Jimbaran February 2020'!AH12/'FS Jimbaran February 2020'!AG12 -> 9423.4211 | I2: ='FS Jimbaran February 2020'!AJ12 -> 347.35 | J2: ='FS Jimbaran February 2020'!AK12/'FS Jimbaran February 2020'!AJ12 -> 10300 | K2: ='FS Jimbaran February 2020'!V12 -> 113.92 | L2: ='FS Jimbaran February 2020'!AA12/'FS Jimbaran February 2020'!V12 -> 7462.0519 | M2: 0 | N2: 38
A3: Bali Jimbaran | B3: =B2+1 -> 2 | C3: 2 | D3: 2020 | E3: ='FS Jimbaran February 2020'!P13 -> 25020 | F3: ='FS Jimbaran February 2020'!O13/'FS Jimbaran February 2020'!P13 -> 1125.6138 | G3: ='FS Jimbaran February 2020'!AG13 -> 281.59132 | H3: ='FS Jimbaran February 2020'!AH13/'FS Jimbaran February 2020'!AG13 -> 9988.8085 | I3: ='FS Jimbaran February 2020'!AJ13 -> 422.05 | J3: ='FS Jimbaran February 2020'!AK13/'FS Jimbaran February 2020'!AJ13 -> 10300 | K3: ='FS Jimbaran February 2020'!V13 -> 122.82 | L3: ='FS Jimbaran February 2020'!AA13/'FS Jimbaran February 2020'!V13 -> 8024.6159 | M3: 1 | N3: 44
A4: Bali Jimbaran | B4: =B3+1 -> 3 | C4: 2 | D4: 2020 | E4: ='FS Jimbaran February 2020'!P14 -> 24600 | F4: ='FS Jimbaran February 2020'!O14/'FS Jimbaran February 2020'!P14 -> 1128.8318 | G4: ='FS Jimbaran February 2020'!AG14 -> 208.63516 | H4: ='FS Jimbaran February 2020'!AH14/'FS Jimbaran February 2020'!AG14 -> 9816.2214 | I4: ='FS Jimbaran February 2020'!AJ14 -> 400 | J4: ='FS Jimbaran February 2020'!AK14/'FS Jimbaran February 2020'!AJ14 -> 10300 | K4: ='FS Jimbaran February 2020'!V14 -> 140.62 | L4: ='FS Jimbaran February 2020'!AA14/'FS Jimbaran February 2020'!V14 -> 9370.4577 | M4: 1 | N4: 27
A5: Bali Jimbaran | B5: =B4+1 -> 4 | C5: 2 | D5: 2020 | E5: ='FS Jimbaran February 2020'!P15 -> 23820 | F5: ='FS Jimbaran February 2020'!O15/'FS Jimbaran February 2020'!P15 -> 1128.4001 | G5: ='FS Jimbaran February 2020'!AG15 -> 274 | H5: ='FS Jimbaran February 2020'!AH15/'FS Jimbaran February 2020'!AG15 -> 10589.416 | I5: ='FS Jimbaran February 2020'!AJ15 -> 326.9 | J5: ='FS Jimbaran February 2020'!AK15/'FS Jimbaran February 2020'!AJ15 -> 10300 | K5: ='FS Jimbaran February 2020'!V15 -> 160.2 | L5: ='FS Jimbaran February 2020'!AA15/'FS Jimbaran February 2020'!V15 -> 10345.322 | M5: 1 | N5: 11
A6: Bali Jimbaran | B6: =B5+1 -> 5 | C6: 2 | D6: 2020 | E6: ='FS Jimbaran February 2020'!P16 -> 24580 | F6: ='FS Jimbaran February 2020'!O16/'FS Jimbaran February 2020'!P16 -> 1125.5364 | G6: ='FS Jimbaran February 2020'!AG16 -> 98.20264 | H6: ='FS Jimbaran February 2020'!AH16/'FS Jimbaran February 2020'!AG16 -> 9196 | I6: ='FS Jimbaran February 2020'!AJ16 -> 508.85 | J6: ='FS Jimbaran February 2020'!AK16/'FS Jimbaran February 2020'!AJ16 -> 10300 | K6: ='FS Jimbaran February 2020'!V16 -> 112.14 | L6: ='FS Jimbaran February 2020'!AA16/'FS Jimbaran February 2020'!V16 -> 5770.2156 | M6: 1 | N6: 46
A7: Bali Jimbaran | B7: =B6+1 -> 6 | C7: 2 | D7: 2020 | E7: ='FS Jimbaran February 2020'!P17 -> 25000 | F7: ='FS Jimbaran February 2020'!O17/'FS Jimbaran February 2020'!P17 -> 1123.6141 | G7: ='FS Jimbaran February 2020'!AG17 -> 337.22364 | H7: ='FS Jimbaran February 2020'!AH17/'FS Jimbaran February 2020'!AG17 -> 10222.749 | I7: ='FS Jimbaran February 2020'!AJ17 -> 608.75 | J7: ='FS Jimbaran February 2020'!AK17/'FS Jimbaran February 2020'!AJ17 -> 10300 | K7: ='FS Jimbaran February 2020'!V17 -> 180.67 | L7: ='FS Jimbaran February 2020'!AA17/'FS Jimbaran February 2020'!V17 -> 9518.9483 | M7: 0 | N7: 27
A8: Bali Jimbaran | B8: =B7+1 -> 7 | C8: 2 | D8: 2020 | E8: ='FS Jimbaran February 2020'!P18 -> 24140 | F8: ='FS Jimbaran February 2020'!O18/'FS Jimbaran February 2020'!P18 -> 1125.027 | G8: ='FS Jimbaran February 2020'!AG18 -> 200.73684 | H8: ='FS Jimbaran February 2020'!AH18/'FS Jimbaran February 2020'!AG18 -> 9985.8301 | I8: ='FS Jimbaran February 2020'!AJ18 -> 440.2 | J8: ='FS Jimbaran February 2020'!AK18/'FS Jimbaran February 2020'!AJ18 -> 10300 | K8: ='FS Jimbaran February 2020'!V18 -> 45.39 | L8: ='FS Jimbaran February 2020'!AA18/'FS Jimbaran February 2020'!V18 -> 5321.6757 | M8: 0 | N8: 61
A9: Bali Jimbaran | B9: =B8+1 -> 8 | C9: 2 | D9: 2020 | E9: ='FS Jimbaran February 2020'!P19 -> 24480 | F9: ='FS Jimbaran February 2020'!O19/'FS Jimbaran February 2020'!P19 -> 1125.4799 | G9: ='FS Jimbaran February 2020'!AG19 -> 102.714 | H9: ='FS Jimbaran February 2020'!AH19/'FS Jimbaran February 2020'!AG19 -> 9196 | I9: ='FS Jimbaran February 2020'!AJ19 -> 427.3 | J9: ='FS Jimbaran February 2020'!AK19/'FS Jimbaran February 2020'!AJ19 -> 10300 | K9: ='FS Jimbaran February 2020'!V19 -> 117.48 | L9: ='FS Jimbaran February 2020'!AA19/'FS Jimbaran February 2020'!V19 -> 4245.18 | M9: 1 | N9: 27
A10: Bali Jimbaran | B10: =B9+1 -> 9 | C10: 2 | D10: 2020 | E10: ='FS Jimbaran February 2020'!P20 -> 20960 | F10: ='FS Jimbaran February 2020'!O20/'FS Jimbaran February 2020'!P20 -> 1123.7422 | G10: ='FS Jimbaran February 2020'!AG20 -> 88.49516 | H10: ='FS Jimbaran February 2020'!AH20/'FS Jimbaran February 2020'!AG20 -> 9196 | I10: ='FS Jimbaran February 2020'!AJ20 -> 445.85 | J10: ='FS Jimbaran February 2020'!AK20/'FS Jimbaran February 2020'!AJ20 -> 10300 | K10: ='FS Jimbaran February 2020'!V20 -> 124.6 | L10: ='FS Jimbaran February 2020'!AA20/'FS Jimbaran February 2020'!V20 -> 4245.18 | M10: 1 | N10: 47
A11: Bali Jimbaran | B11: =B10+1 -> 10 | C11: 2 | D11: 2020 | E11: ='FS Jimbaran February 2020'!P21 -> 22600 | F11: ='FS Jimbaran February 2020'!O21/'FS Jimbaran February 2020'!P21 -> 1126.5253 | G11: ='FS Jimbaran February 2020'!AG21 -> 255.41276 | H11: ='FS Jimbaran February 2020'!AH21/'FS Jimbaran February 2020'!AG21 -> 9955.9464 | I11: ='FS Jimbaran February 2020'!AJ21 -> 434 | J11: ='FS Jimbaran February 2020'!AK21/'FS Jimbaran February 2020'!AJ21 -> 10300 | K11: ='FS Jimbaran February 2020'!V21 -> 84.55 | L11: ='FS Jimbaran February 2020'!AA21/'FS Jimbaran February 2020'!V21 -> 4245.18 | M11: 3 | N11: 26
A12: Bali Jimbaran | B12: =B11+1 -> 11 | C12: 2 | D12: 2020 | E12: ='FS Jimbaran February 2020'!P22 -> 22620 | F12: ='FS Jimbaran February 2020'!O22/'FS Jimbaran February 2020'!P22 -> 1123.2398 | G12: ='FS Jimbaran February 2020'!AG22 -> 106.62116 | H12: ='FS Jimbaran February 2020'!AH22/'FS Jimbaran February 2020'!AG22 -> 9196 | I12: ='FS Jimbaran February 2020'!AJ22 -> 297.26 | J12: ='FS Jimbaran February 2020'!AK22/'FS Jimbaran February 2020'!AJ22 -> 10300 | K12: ='FS Jimbaran February 2020'!V22 -> 115.7 | L12: ='FS Jimbaran February 2020'!AA22/'FS Jimbaran February 2020'!V22 -> 4245.18 | M12: 3 | N12: 27
A13: Bali Jimbaran | B13: =B12+1 -> 12 | C13: 2 | D13: 2020 | E13: ='FS Jimbaran February 2020'!P23 -> 22780 | F13: ='FS Jimbaran February 2020'!O23/'FS Jimbaran February 2020'!P23 -> 1124.8989 | G13: ='FS Jimbaran February 2020'!AG23 -> 116.00296 | H13: ='FS Jimbaran February 2020'!AH23/'FS Jimbaran February 2020'!AG23 -> 9447.2695 | I13: ='FS Jimbaran February 2020'!AJ23 -> 508.71 | J13: ='FS Jimbaran February 2020'!AK23/'FS Jimbaran February 2020'!AJ23 -> 10300 | K13: ='FS Jimbaran February 2020'!V23 -> 146.85 | L13: ='FS Jimbaran February 2020'!AA23/'FS Jimbaran February 2020'!V23 -> 4245.18 | M13: 3 | N13: 53
A14: Bali Jimbaran | B14: =B13+1 -> 13 | C14: 2 | D14: 2020 | E14: ='FS Jimbaran February 2020'!P24 -> 24140 | F14: ='FS Jimbaran February 2020'!O24/'FS Jimbaran February 2020'!P24 -> 1123.7398 | G14: ='FS Jimbaran February 2020'!AG24 -> 112.90484 | H14: ='FS Jimbaran February 2020'!AH24/'FS Jimbaran February 2020'!AG24 -> 9196 | I14: ='FS Jimbaran February 2020'!AJ24 -> 484.68 | J14: ='FS Jimbaran February 2020'!AK24/'FS Jimbaran February 2020'!AJ24 -> 10300 | K14: ='FS Jimbaran February 2020'!V24 -> 149.52 | L14: ='FS Jimbaran February 2020'!AA24/'FS Jimbaran February 2020'!V24 -> 4245.18 | M14: 3 | N14: 69
... A29: Bali Jimbaran | B29: =B28+1 -> 28 | C29: 2 | D29: 2020 | E29: ='FS Jimbaran February 2020'!P39 -> 20640 | F29: ='FS Jimbaran February 2020'!O39/'FS Jimbaran February 2020'!P39 -> 1121.5932 | G29: ='FS Jimbaran February 2020'!AG39 -> 87.28676 | H29: ='FS Jimbaran February 2020'!AH39/'FS Jimbaran February 2020'!AG39 -> 0 | I29: ='FS Jimbaran February 2020'!AJ39 -> 320.92 | J29: ='FS Jimbaran February 2020'!AK39/'FS Jimbaran February 2020'!AJ39 -> 10300 | K29: ='FS Jimbaran February 2020'!V39 -> 71.2 | L29: ='FS Jimbaran February 2020'!AA39/'FS Jimbaran February 2020'!V39 -> 4245.18 | M29: 0 | N29: 0

Sheet FS Jimbaran February 2020
B6: Four Seasons Resort Bali at Jimbaran Bay
B7: FEBRUARY 2020
B8: Date | C8: Room Nights | D8: Food Covers | E8: ELECTRICITY Resort, Sundara & Residences | V8: WATER | AC8: GAS
E9: Electricity Resort | J9: Electricity - Sundara | O9: Sub Total (Resort & Sundara) Cost (IDR) | P9: Sub Total (Resort & Sundara), KWh | Q9: Residences- Electricity KWh | R9: Residences- Electricity cost (IDR) | S9: TOTAL Electricity consumption (KWh) | T9: TOTAL Electricity cost | W9: Water (m3) | AA9: Total Water Cost | AC9: LPG | AJ9: Diesel
E10: BASED LOAD KWh (from 10 pm - 6 pm) | F10: Cost (IDR) | G10: PEAK LOAD KWh (from 6 pm - 10 pm) | H10: Cost (IDR) | I10: Resort Cost (IDR) | J10: BASED LOAD KWh (from 10 pm - 6 pm) | K10: Cost (IDR) | L10: PEAK LOAD KWh (from 6 pm - 10 pm) | M10: Cost (IDR) | N10: Sundara Cost (IDR) | T10: IDR | U10: USD | V10: Water consumption (m3) | W10: Municipal Water (m3) | X10: Municipal Water cost (IDR) | Y10: Deepwell Consumption (m3) | Z10: Deepwell water Cost (IDR) | AA10: IDR | AB10: USD | AC10: LPG Bulk (m3) | AD10: 50 Kg (tube) IVD & TW | AE10: Sundara 50 kg (tube) | AF10: 12 Kg (tube) | AG10: Total kg | AH10: IDR | AI10: USD | AJ10: Used (liters) | AK10: IDR | AL10: USD
B12: 1 | C12: 79 | D12: 568 | E12: 18200 | F12: 18851196 | G12: 3920 | H12: 6090386.4 | I12: =F12+H12 -> 24941582 | J12: 1860 | K12: 1926550.8 | L12: 480 | M12: 745761.6 | N12: =K12+M12 -> 2672312.4 | O12: =N12+I12 -> 27613895 | P12: =L12+J12+G12+E12 -> 24460 | U12: 0 | V12: =Y12+W12 -> 113.92 | W12: 26.7 | X12: 479812.35 | Y12: 87.22 | Z12: 370264.6 | AA12: =Z12+X12 -> 850076.95 | AB12: =AA12/$AL$48 -> 65.511024 | AC12: 116.16752 | AD12: 0 | AE12: 0 | AF12: 12 | AG12: =SUM(AC12:AF12) -> 128.16752 | AH12: 1207776.5 | AI12: =AH12/$AL$48 -> 93.077076 | AJ12: 347.35 | AK12: 3577705 | AL12: =AK12/$AL$48 -> 275.71518
B13: 2 | C13: 65 | D13: 557 | E13: 18680 | F13: 19348370 | G13: 3840 | H13: 5966092.8 | I13: =F13+H13 -> 25314463 | J13: 2000 | K13: 2071560 | L13: 500 | M13: 776835 | N13: =K13+M13 -> 2848395 | O13: =N13+I13 -> 28162858 | P13: =L13+J13+G13+E13 -> 25020 | U13: 0 | V13: =Y13+W13 -> 122.82 | W13: 33.82 | X13: 607762.31 | Y13: 89 | Z13: 377821.02 | AA13: =Z13+X13 -> 985583.33 | AB13: =AA13/$AL$48 -> 75.953799 | AC13: 119.59132 | AD13: 0 | AE13: 150 | AF13: 12 | AG13: =SUM(AC13:AF13) -> 281.59132 | AH13: 2812761.8 | AI13: =AH13/$AL$48 -> 216.76497 | AJ13: 422.05 | AK13: 4347115 | AL13: =AK13/$AL$48 -> 335.00962
B14: 3 | C14: 68 | D14: 382 | E14: 18320 | F14: 18975490 | G14: 3960 | H14: 6152533.2 | I14: =F14+H14 -> 25128023 | J14: 1860 | K14: 1926550.8 | L14: 460 | M14: 714688.2 | N14: =K14+M14 -> 2641239 | O14: =N14+I14 -> 27769262 | P14: =L14+J14+G14+E14 -> 24600 | U14: 0 | V14: =Y14+W14 -> 140.62 | W14: 52.51 | X14: 943630.95 | Y14: 88.11 | Z14: 374042.81 | AA14: =Z14+X14 -> 1317673.8 | AB14: =AA14/$AL$48 -> 101.54629 | AC14: 108.63516 | AD14: 0 | AE14: 100 | AF14: 0 | AG14: =SUM(AC14:AF14) -> 208.63516 | AH14: 2048008.9 | AI14: =AH14/$AL$48 -> 157.82943 | AJ14: 400 | AK14: 4120000 | AL14: =AK14/$AL$48 -> 317.50705
B15: 4 | C15: 62 | D15: 438 | E15: 17680 | F15: 18312590 | G15: 3800 | H15: 5903946 | I15: =F15+H15 -> 24216536 | J15: 1880 | K15: 1947266.4 | L15: 460 | M15: 714688.2 | N15: =K15+M15 -> 2661954.6 | O15: =N15+I15 -> 26878491 | P15: =L15+J15+G15+E15 -> 23820 | U15: 0 | V15: =Y15+W15 -> 160.2 | W15: 71.2 | X15: 1279499.6 | Y15: 89 | Z15: 377821.02 | AA15: =Z15+X15 -> 1657320.6 | AB15: =AA15/$AL$48 -> 127.72111 | AC15: 0 | AD15: 0 | AE15: 250 | AF15: 24 | AG15: =SUM(AC15:AF15) -> 274 | AH15: 2901500 | AI15: =AH15/$AL$48 -> 223.60357 | AJ15: 326.9 | AK15: 3367070 | AL15: =AK15/$AL$48 -> 259.48263
B16: 5 | C16: 62 | D16: 417 | E16: 18440 | F16: 19099783 | G16: 3840 | H16: 5966092.8 | I16: =F16+H16 -> 25065876 | J16: 1880 | K16: 1947266.4 | L16: 420 | M16: 652541.4 | N16: =K16+M16 -> 2599807.8 | O16: =N16+I16 -> 27665684 | P16: =L16+J16+G16+E16 -> 24580 | U16: 0 | V16: =Y16+W16 -> 112.14 | W16: 12.46 | X16: 223912.43 | Y16: 99.68 | Z16: 423159.54 | AA16: =Z16+X16 -> 647071.97 | AB16: =AA16/$AL$48 -> 49.866483 | AC16: 98.20264 | AD16: 0 | AE16: 0 | AF16: 0 | AG16: =SUM(AC16:AF16) -> 98.20264 | AH16: 903071.48 | AI16: =AH16/$AL$48 -> 69.595038 | AJ16: 508.85 | AK16: 5241155 | AL16: =AK16/$AL$48 -> 403.90865
B17: 6 | C17: 49 | D17: 367 | E17: 18840 | F17: 19514095 | G17: 3760 | H17: 5841799.2 | I17: =F17+H17 -> 25355894 | J17: 1920 | K17: 1988697.6 | L17: 480 | M17: 745761.6 | N17: =K17+M17 -> 2734459.2 | O17: =N17+I17 -> 28090354 | P17: =L17+J17+G17+E17 -> 25000 | U17: 0 | V17: =Y17+W17 -> 180.67 | W17: 69.42 | X17: 1247512.1 | Y17: 111.25 | Z17: 472276.28 | AA17: =Z17+X17 -> 1719788.4 | AB17: =AA17/$AL$48 -> 132.53518 | AC17: 101.22364 | AD17: 0 | AE17: 200 | AF17: 36 | AG17: =SUM(AC17:AF17) -> 337.22364 | AH17: 3447352.6 | AI17: =AH17/$AL$48 -> 265.6696 | AJ17: 608.75 | AK17: 6270125 | AL17: =AK17/$AL$48 -> 483.20604
B18: 7 | C18: 59 | D18: 387 | E18: 17960 | F18: 18602609 | G18: 3680 | H18: 5717505.6 | I18: =F18+H18 -> 24320114 | J18: 2020 | K18: 2092275.6 | L18: 480 | M18: 745761.6 | N18: =K18+M18 -> 2838037.2 | O18: =N18+I18 -> 27158152 | P18: =L18+J18+G18+E18 -> 24140 | U18: =T18/$AL$48 -> 0 | V18: =Y18+W18 -> 45.39 | W18: 3.56 | X18: 63974.98 | Y18: 41.83 | Z18: 177575.88 | AA18: =Z18+X18 -> 241550.86 | AB18: =AA18/$AL$48 -> 18.615073 | AC18: 88.73684 | AD18: 0 | AE18: 100 | AF18: 12 | AG18: =SUM(AC18:AF18) -> 200.73684 | AH18: 2004524 | AI18: =AH18/$AL$48 -> 154.47827 | AJ18: 440.2 | AK18: 4534060 | AL18: =AK18/$AL$48 -> 349.4165
B19: 8 | C19: 55 | D19: 463 | E19: 18120 | F19: 18768334 | G19: 3720 | H19: 5779652.4 | I19: =F19+H19 -> 24547986 | J19: 2120 | K19: 2195853.6 | L19: 520 | M19: 807908.4 | N19: =K19+M19 -> 3003762 | O19: =N19+I19 -> 27551748 | P19: =L19+J19+G19+E19 -> 24480 | U19: =T19/$AL$48 -> 0 | V19: =Y19+W19 -> 117.48 | W19: 0 | X19: 0 | Y19: 117.48 | Z19: 498723.75 | AA19: =Z19+X19 -> 498723.75 | AB19: =AA19/$AL$48 -> 38.434054 | AC19: 102.714 | AD19: 0 | AE19: 0 | AF19: 0 | AG19: =SUM(AC19:AF19) -> 102.714 | AH19: 944557.94 | AI19: =AH19/$AL$48 -> 72.792185 | AJ19: 427.3 | AK19: 4401190 | AL19: =AK19/$AL$48 -> 339.1769
B20: 9 | C20: 54 | D20: 357 | E20: 15520 | F20: 16075306 | G20: 3120 | H20: 4847450.4 | I20: =F20+H20 -> 20922756 | J20: 1880 | K20: 1947266.4 | L20: 440 | M20: 683614.8 | N20: =K20+M20 -> 2630881.2 | O20: =N20+I20 -> 23553637 | P20: =L20+J20+G20+E20 -> 20960 | U20: =T20/$AL$48 -> 0 | V20: =Y20+W20 -> 124.6 | W20: 0 | X20: 0 | Y20: 124.6 | Z20: 528949.43 | AA20: =Z20+X20 -> 528949.43 | AB20: =AA20/$AL$48 -> 40.763391 | AC20: 88.49516 | AD20: 0 | AE20: 0 | AF20: 0 | AG20: =SUM(AC20:AF20) -> 88.49516 | AH20: 813801.49 | AI20: =AH20/$AL$48 -> 62.715463 | AJ20: 445.85 | AK20: 4592255 | AL20: =AK20/$AL$48 -> 353.90129
B21: 10 | C21: 50 | D21: 316 | E21: 16760 | F21: 17359673 | G21: 3480 | H21: 5406771.6 | I21: =F21+H21 -> 22766444 | J21: 1880 | K21: 1947266.4 | L21: 480 | M21: 745761.6 | N21: =K21+M21 -> 2693028 | O21: =N21+I21 -> 25459472 | P21: =L21+J21+G21+E21 -> 22600 | U21: =T21/$AL$48 -> 0 | V21: =Y21+W21 -> 84.55 | W21: 0 | X21: 0 | Y21: 84.55 | Z21: 358929.97 | AA21: =Z21+X21 -> 358929.97 | AB21: =AA21/$AL$48 -> 27.660872 | AC21: 105.41276 | AD21: 0 | AE21: 150 | AF21: 0 | AG21: =SUM(AC21:AF21) -> 255.41276 | AH21: 2542875.7 | AI21: =AH21/$AL$48 -> 195.96625 | AJ21: 434 | AK21: 4470200 | AL21: =AK21/$AL$48 -> 344.49514
B22: 11 | C22: 38 | D22: 369 | E22: 17240 | F22: 17856847 | G22: 3360 | H22: 5220331.2 | I22: =F22+H22 -> 23077178 | J22: 1560 | K22: 1615816.8 | L22: 460 | M22: 714688.2 | N22: =K22+M22 -> 2330505 | O22: =N22+I22 -> 25407683 | P22: =L22+J22+G22+E22 -> 22620 | U22: =T22/$AL$48 -> 0 | V22: =Y22+W22 -> 115.7 | W22: 0 | X22: 0 | Y22: 115.7 | Z22: 491167.33 | AA22: =Z22+X22 -> 491167.33 | AB22: =AA22/$AL$48 -> 37.85172 | AC22: 106.62116 | AD22: 0 | AE22: 0 | AF22: 0 | AG22: =SUM(AC22:AF22) -> 106.62116 | AH22: 980488.19 | AI22: =AH22/$AL$48 -> 75.561143 | AJ22: 297.26 | AK22: 3061778 | AL22: =AK22/$AL$48 -> 235.95536
B23: 12 | C23: 45 | D23: 284 | E23: 17080 | F23: 17691122 | G23: 3480 | H23: 5406771.6 | I23: =F23+H23 -> 23097894 | J23: 1780 | K23: 1843688.4 | L23: 440 | M23: 683614.8 | N23: =K23+M23 -> 2527303.2 | O23: =N23+I23 -> 25625197 | P23: =L23+J23+G23+E23 -> 22780 | U23: =T23/$AL$48 -> 0 | V23: =Y23+W23 -> 146.85 | W23: 0 | X23: 0 | Y23: 146.85 | Z23: 623404.68 | AA23: =Z23+X23 -> 623404.68 | AB23: =AA23/$AL$48 -> 48.042568 | AC23: 104.00296 | AD23: 0 | AE23: 0 | AF23: 12 | AG23: =SUM(AC23:AF23) -> 116.00296 | AH23: 1095911.2 | AI23: =AH23/$AL$48 -> 84.456198 | AJ23: 508.71 | AK23: 5239713 | AL23: =AK23/$AL$48 -> 403.79752
B24: 13 | C24: 45 | D24: 323 | E24: 17960 | F24: 18602609 | G24: 3640 | H24: 5655358.8 | I24: =F24+H24 -> 24257968 | J24: 2080 | K24: 2154422.4 | L24: 460 | M24: 714688.2 | N24: =K24+M24 -> 2869110.6 | O24: =N24+I24 -> 27127078 | P24: =L24+J24+G24+E24 -> 24140 | U24: =T24/$AL$48 -> 0 | V24: =Y24+W24 -> 149.52 | W24: 0 | X24: 0 | Y24: 149.52 | Z24: 634739.31 | AA24: =Z24+X24 -> 634739.31 | AB24: =AA24/$AL$48 -> 48.916069 | AC24: 112.90484 | AD24: 0 | AE24: 0 | AF24: 0 | AG24: =SUM(AC24:AF24) -> 112.90484 | AH24: 1038272.9 | AI24: =AH24/$AL$48 -> 80.014312 | AJ24: 484.68 | AK24: 4992204 | AL24: =AK24/$AL$48 -> 384.72329
B25: 14 | C25: 46 | D25: 410 | E25: 17480 | F25: 18105434 | G25: 3600 | H25: 5593212 | I25: =F25+H25 -> 23698646 | J25: 1880 | K25: 1947266.4 | L25: 480 | M25: 745761.6 | N25: =K25+M25 -> 2693028 | O25: =N25+I25 -> 26391674 | P25: =L25+J25+G25+E25 -> 23440 | U25: =T25/$AL$48 -> 0 | V25: =Y25+W25 -> 137.06 | W25: 0 | X25: 0 | Y25: 137.06 | Z25: 581844.37 | AA25: =Z25+X25 -> 581844.37 | AB25: =AA25/$AL$48 -> 44.83973 | AC25: 106.98368 | AD25: 0 | AE25: 150 | AF25: 0 | AG25: =SUM(AC25:AF25) -> 256.98368 | AH25: 2557321.9 | AI25: =AH25/$AL$48 -> 197.07955 | AJ25: 388.8 | AK25: 4004640 | AL25: =AK25/$AL$48 -> 308.61685
B26: 15 | C26: 35 | D26: 344 | E26: 18480 | F26: 19141214 | G26: 3520 | H26: 5468918.4 | I26: =F26+H26 -> 24610133 | J26: 1940 | K26: 2009413.2 | L26: 460 | M26: 714688.2 | N26: =K26+M26 -> 2724101.4 | O26: =N26+I26 -> 27334234 | P26: =L26+J26+G26+E26 -> 24400 | U26: =T26/$AL$48 -> 0 | V26: =Y26+W26 -> 134.39 | W26: 0 | X26: 0 | Y26: 134.39 | Z26: 570509.74 | AA26: =Z26+X26 -> 570509.74 | AB26: =AA26/$AL$48 -> 43.966229 | AC26: 94.53716 | AD26: 0 | AE26: 0 | AF26: 0 | AG26: =SUM(AC26:AF26) -> 94.53716 | AH26: 869363.72 | AI26: =AH26/$AL$48 -> 66.997356 | AJ26: 299.98 | AK26: 3089794 | AL26: =AK26/$AL$48 -> 238.11441
B27: 16 | C27: 71 | D27: 450 | E27: 17280 | F27: 17898278 | G27: 3840 | H27: 5966092.8 | I27: =F27+H27 -> 23864371 | J27: 1880 | K27: 1947266.4 | L27: 460 | M27: 714688.2 | N27: =K27+M27 -> 2661954.6 | O27: =N27+I27 -> 26526326 | P27: =L27+J27+G27+E27 -> 23460 | U27: =T27/$AL$48 -> 0 | V27: =Y27+W27 -> 123.71 | W27: 0 | X27: 0 | Y27: 123.71 | Z27: 525171.22 | AA27: =Z27+X27 -> 525171.22 | AB27: =AA27/$AL$48 -> 40.472224 | AC27: 106.86284 | AD27: 0 | AE27: 150 | AF27: 12 | AG27: =SUM(AC27:AF27) -> 268.86284 | AH27: 2695710.7 | AI27: =AH27/$AL$48 -> 207.74445 | AJ27: 353.62 | AK27: 3642286 | AL27: =AK27/$AL$48 -> 280.6921
B28: 17 | C28: 71 | D28: 309 | E28: 17080 | F28: 17691122 | G28: 3520 | H28: 5468918.4 | I28: =F28+H28 -> 23160041 | J28: 1840 | K28: 1905835.2 | L28: 440 | M28: 683614.8 | N28: =K28+M28 -> 2589450 | O28: =N28+I28 -> 25749491 | P28: =L28+J28+G28+E28 -> 22880 | U28: =T28/$AL$48 -> 0 | V28: =Y28+W28 -> 151.3 | W28: 32.04 | X28: 575774.82 | Y28: 119.26 | Z28: 506280.17 | AA28: =Z28+X28 -> 1082055 | AB28: =AA28/$AL$48 -> 83.388369 | AC28: 103.3182 | AD28: 0 | AE28: 0 | AF28: 0 | AG28: =SUM(AC28:AF28) -> 103.3182 | AH28: 950114.17 | AI28: =AH28/$AL$48 -> 73.220374 | AJ28: 432.5 | AK28: 4454750 | AL28: =AK28/$AL$48 -> 343.30449
B29: 18 | C29: 33 | D29: 341 | E29: 17600 | F29: 18229728 | G29: 3480 | H29: 5406771.6 | I29: =F29+H29 -> 23636500 | J29: 1760 | K29: 1822972.8 | L29: 460 | M29: 714688.2 | N29: =K29+M29 -> 2537661 | O29: =N29+I29 -> 26174161 | P29: =L29+J29+G29+E29 -> 23300 | U29: =T29/$AL$48 -> 0 | V29: =Y29+W29 -> 86.33 | W29: 0 | X29: 0 | Y29: 86.33 | Z29: 366486.39 | AA29: =Z29+X29 -> 366486.39 | AB29: =AA29/$AL$48 -> 28.243206 | AC29: 89.30076 | AD29: 0 | AE29: 0 | AF29: 0 | AG29: =SUM(AC29:AF29) -> 89.30076 | AH29: 821209.79 | AI29: =AH29/$AL$48 -> 63.286382 | AJ29: 357 | AK29: 3677100 | AL29: =AK29/$AL$48 -> 283.37504
... B38: 27 | C38: 23 | D38: 224 | E38: 15520 | F38: 16075306 | G38: 3160 | H38: 4909597.2 | I38: =F38+H38 -> 20984903 | J38: 1480 | K38: 1532954.4 | L38: 560 | M38: 870055.2 | N38: =K38+M38 -> 2403009.6 | O38: =N38+I38 -> 23387912 | P38: =L38+J38+G38+E38 -> 20720 | U38: =T38/$AL$48 -> 0 | V38: =Y38+W38 -> 82.77 | W38: 0 | X38: 0 | Y38: 82.77 | Z38: 351373.55 | AA38: =Z38+X38 -> 351373.55 | AB38: =AA38/$AL$48 -> 27.078538 | AC38: 94.33576 | AD38: 0 | AE38: 350 | AF38: 0 | AG38: =SUM(AC38:AF38) -> 444.33576 | AH38: 4539011.6 | AI38: =AH38/$AL$48 -> 349.7981 | AJ38: 500.73 | AK38: 5157519 | AL38: =AK38/$AL$48 -> 397.46326
B39: 28 | C39: 15 | D39: 205 | E39: 15440 | F39: 15992443 | G39: 3160 | H39: 4909597.2 | I39: =F39+H39 -> 20902040 | J39: 1780 | K39: 1843688.4 | L39: 260 | M39: 403954.2 | N39: =K39+M39 -> 2247642.6 | O39: =N39+I39 -> 23149683 | P39: =L39+J39+G39+E39 -> 20640 | U39: =T39/$AL$48 -> 0 | V39: =Y39+W39 -> 71.2 | W39: 0 | X39: 0 | Y39: 71.2 | Z39: 302256.82 | AA39: =Z39+X39 -> 302256.82 | AB39: =AA39/$AL$48 -> 23.293366 | AC39: 87.28676 | AD39: 0 | AG39: =SUM(AC39:AF39) -> 87.28676 | AI39: =AH39/$AL$48 -> 0 | AJ39: 320.92 | AK39: 3305476 | AL39: =AK39/$AL$48 -> 254.7359
B40: 29 | C40: 11 | D40: 198 | E40: 12960 | F40: 13423709 | G40: 2800 | H40: 4350276 | I40: =F40+H40 -> 17773985 | J40: 1760 | K40: 1822972.8 | L40: 420 | M40: 652541.4 | N40: =K40+M40 -> 2475514.2 | O40: =N40+I40 -> 20249499 | P40: =L40+J40+G40+E40 -> 17940 | W40: 0.89 | X40: 15993.745 | Y40: 86.33 | Z40: 366486.39 | AA40: =Z40+X40 -> 382480.13 | AB40: =AA40/$AL$48 -> 29.475762 | AC40: 90.10636 | AE40: 0 | AF40: 0 | AG40: =SUM(AC40:AF40) -> 90.10636 | AH40: 828618.09 | AI40: =AH40/$AL$48 -> 63.857301 | AJ40: 371.08 | AK40: 3822124 | AL40: =AK40/$AL$48 -> 294.55129
C47: =SUM(C12:C43) -> 1361 | D47: =SUM(D12:D43) -> 10190 | E47: =SUM(E12:E43) -> 493040 | F47: =SUM(F12:F43) -> 5.1068097e+08 | G47: =SUM(G12:G43) -> 101040 | H47: =SUM(H12:H43) -> 1.5698282e+08 | I47: =SUM(I12:I43) -> 6.6766379e+08 | J47: =SUM(J12:J43) -> 53160 | ... P47: =SUM(P12:P43) -> 660400 | V47: =SUM(V12:V42) -> 3177.3 | W47: =SUM(W12:W42) -> 397.83 | X47: =SUM(X12:X40) -> 7149204 | Y47: =SUM(Y12:Y42) -> 2866.69 | Z47: =SUM(Z12:Z40) -> 12169615 | AA47: =SUM(AA12:AA40) -> 19318819 | AB47: =AA47/$AL$48 -> 1488.8013 | AC47: =SUM(AC12:AC41) -> 2780.045 | AD47: =SUM(AD12:AD41) -> 0 | AE47: =SUM(AE12:AE42) -> 2000 | AF47: =SUM(AF12:AF42) -> 228 | AG47: =SUM(AG12:AG40) -> 5008.045 | AH47: =SUM(AH12:AH40) -> 48393105 | AI47: =AH47/$AL$48 -> 3729.4058 | AJ47: =SUM(AJ12:AJ40) -> 11826.46 | AK47: =SUM(AK12:AK40) -> 1.2181254e+08 | AL47: =AK47/AL48 -> 9387.4609
T48: kWh rate | U48: =U47/S47 -> #DIV/0! | AL48: 12976.09
W51: =W47/V47 -> 0.12521008

Sheet RNs & Covers February 2020
A1: Four Seasons Resort Bali at Jimbaran Bay
A2: 43862
A3: Date | B3: Room Nights | C3: Food Covers
A6: 1 | B6: 79 | C6: 568
A7: 2 | B7: 65 | C7: 557
A8: =A7+1 -> 3 | B8: 68 | C8: 382
A9: =A8+1 -> 4 | B9: 62 | C9: 438
A10: =A9+1 -> 5 | B10: 62 | C10: 417
A11: =A10+1 -> 6 | B11: 49 | C11: 367
A12: =A11+1 -> 7 | B12: 59 | C12: 387
A13: =A12+1 -> 8 | B13: 55 | C13: 463
A14: =A13+1 -> 9 | B14: 54 | C14: 357
A15: =A14+1 -> 10 | B15: 50 | C15: 316
A16: =A15+1 -> 11 | B16: 38 | C16: 369
A17: =A16+1 -> 12 | B17: 45 | C17: 284
A18: =A17+1 -> 13 | B18: 45 | C18: 323
A19: =A18+1 -> 14 | B19: 46 | C19: 410
... A33: =A32+1 -> 28 | B33: 15 | C33: 205
B34: 11 | C34: 198
B38: =SUM(B6:B36) -> 1361 | C38: =SUM(C6:C36) -> 10190
