Workbook

Sheet TOTAL
A1: Site Name | B1: Day | C1: Month | D1: Year | E1: Total Electricity Kwh | F1: Electricity Tariff ($/Kwh) | G1: LPG (Kg) | H1: LPG $/Kg | I1: Total Fuel Oil (Liters) | J1: Fuel Oil $/Liter | K1: Water Utility Supply (m3) m3 | L1: Water Utility Supply (m3) $/m3 | M1: Room Nights | N1: Food Covers
A2: Bali Jimbaran | B2: 1 | C2: 11 | D2: 2020 | E2: ='FS Jimbaran November 2020'!P12 -> 14860 | F2: ='FS Jimbaran November 2020'!O12/'FS Jimbaran November 2020'!P12 -> 1150.7892 | G2: ='FS Jimbaran November 2020'!AG12 -> 12 | H2: ='FS Jimbaran November 2020'!AH12/'FS Jimbaran November 2020'!AG12 -> 11458.333 | I2: ='FS Jimbaran November 2020'!AJ12 -> 160.59 | J2: ='FS Jimbaran November 2020'!AK12/'FS Jimbaran November 2020'!AJ12 -> 8400 | K2: ='FS Jimbaran November 2020'!V12 -> 146.85 | L2: ='FS Jimbaran November 2020'!AA12/'FS Jimbaran November 2020'!V12 -> 10650.329 | M2: ='FS Jimbaran November 2020'!C12 -> 6 | N2: ='FS Jimbaran November 2020'!D12 -> 175
A3: Bali Jimbaran | B3: =B2+1 -> 2 | C3: 11 | D3: 2020 | E3: ='FS Jimbaran November 2020'!P13 -> 13920 | F3: ='FS Jimbaran November 2020'!O13/'FS Jimbaran November 2020'!P13 -> 1122.8391 | G3: ='FS Jimbaran November 2020'!AG13 -> 412 | H3: ='FS Jimbaran November 2020'!AH13/'FS Jimbaran November 2020'!AG13 -> 10683.252 | I3: ='FS Jimbaran November 2020'!AJ13 -> 94.25 | J3: ='FS Jimbaran November 2020'!AK13/'FS Jimbaran November 2020'!AJ13 -> 8400 | K3: ='FS Jimbaran November 2020'!V13 -> 189.57 | L3: ='FS Jimbaran November 2020'!AA13/'FS Jimbaran November 2020'!V13 -> 10624.554 | M3: ='FS Jimbaran November 2020'!C13 -> 4 | N3: ='FS Jimbaran November 2020'!D13 -> 72
A4: Bali Jimbaran | B4: =B3+1 -> 3 | C4: 11 | D4: 2020 | E4: ='FS Jimbaran November 2020'!P14 -> 13920 | F4: ='FS Jimbaran November 2020'!O14/'FS Jimbaran November 2020'!P14 -> 1120.6068 | G4: ='FS Jimbaran November 2020'!AG14 -> 24 | H4: ='FS Jimbaran November 2020'!AH14/'FS Jimbaran November 2020'!AG14 -> 11458.333 | I4: ='FS Jimbaran November 2020'!AJ14 -> 80.15 | J4: ='FS Jimbaran November 2020'!AK14/'FS Jimbaran November 2020'!AJ14 -> 8400 | K4: ='FS Jimbaran November 2020'!V14 -> 178 | L4: ='FS Jimbaran November 2020'!AA14/'FS Jimbaran November 2020'!V14 -> 10970.587 | M4: ='FS Jimbaran November 2020'!C14 -> 3 | N4: ='FS Jimbaran November 2020'!D14 -> 36
A5: Bali Jimbaran | B5: =B4+1 -> 4 | C5: 11 | D5: 2020 | E5: ='FS Jimbaran November 2020'!P15 -> 14100 | F5: ='FS Jimbaran November 2020'!O15/'FS Jimbaran November 2020'!P15 -> 1121.7277 | G5: ='FS Jimbaran November 2020'!AG15 -> 62 | H5: ='FS Jimbaran November 2020'!AH15/'FS Jimbaran November 2020'!AG15 -> 10814.516 | I5: ='FS Jimbaran November 2020'!AJ15 -> 122.55 | J5: ='FS Jimbaran November 2020'!AK15/'FS Jimbaran November 2020'!AJ15 -> 8400 | K5: ='FS Jimbaran November 2020'!V15 -> 194.91 | L5: ='FS Jimbaran November 2020'!AA15/'FS Jimbaran November 2020'!V15 -> 9823.0498 | M5: ='FS Jimbaran November 2020'!C15 -> 5 | N5: ='FS Jimbaran November 2020'!D15 -> 0
A6: Bali Jimbaran | B6: =B5+1 -> 5 | C6: 11 | D6: 2020 | E6: ='FS Jimbaran November 2020'!P16 -> 14020 | F6: ='FS Jimbaran November 2020'!O16/'FS Jimbaran November 2020'!P16 -> 1122.9569 | G6: ='FS Jimbaran November 2020'!AG16 -> 0 | H6: ='FS Jimbaran November 2020'!AH16/'FS Jimbaran November 2020'!AG16 -> #DIV/0! | I6: ='FS Jimbaran November 2020'!AJ16 -> 99.01 | J6: ='FS Jimbaran November 2020'!AK16/'FS Jimbaran November 2020'!AJ16 -> 8400 | K6: ='FS Jimbaran November 2020'!V16 -> 159.31 | L6: ='FS Jimbaran November 2020'!AA16/'FS Jimbaran November 2020'!V16 -> 10302.723 | M6: ='FS Jimbaran November 2020'!C16 -> 4 | N6: ='FS Jimbaran November 2020'!D16 -> 77
A7: Bali Jimbaran | B7: =B6+1 -> 6 | C7: 11 | D7: 2020 | E7: ='FS Jimbaran November 2020'!P17 -> 14620 | F7: ='FS Jimbaran November 2020'!O17/'FS Jimbaran November 2020'!P17 -> 1119.3792 | G7: ='FS Jimbaran November 2020'!AG17 -> 74 | H7: ='FS Jimbaran November 2020'!AH17/'FS Jimbaran November 2020'!AG17 -> 10918.919 | I7: ='FS Jimbaran November 2020'!AJ17 -> 160.27 | J7: ='FS Jimbaran November 2020'!AK17/'FS Jimbaran November 2020'!AJ17 -> 8400 | K7: ='FS Jimbaran November 2020'!V17 -> 251.87 | L7: ='FS Jimbaran November 2020'!AA17/'FS Jimbaran November 2020'!V17 -> 8270.6272 | M7: ='FS Jimbaran November 2020'!C17 -> 7 | N7: ='FS Jimbaran November 2020'!D17 -> 65
A8: Bali Jimbaran | B8: =B7+1 -> 7 | C8: 11 | D8: 2020 | E8: ='FS Jimbaran November 2020'!P18 -> 13440 | F8: ='FS Jimbaran November 2020'!O18/'FS Jimbaran November 2020'!P18 -> 1125.1777 | G8: ='FS Jimbaran November 2020'!AG18 -> 0 | H8: ='FS Jimbaran November 2020'!AH18/'FS Jimbaran November 2020'!AG18 -> #DIV/0! | I8: ='FS Jimbaran November 2020'!AJ18 -> 90.37 | J8: ='FS Jimbaran November 2020'!AK18/'FS Jimbaran November 2020'!AJ18 -> 8400 | K8: ='FS Jimbaran November 2020'!V18 -> 194.91 | L8: ='FS Jimbaran November 2020'!AA18/'FS Jimbaran November 2020'!V18 -> 10199.086 | M8: ='FS Jimbaran November 2020'!C18 -> 9 | N8: ='FS Jimbaran November 2020'!D18 -> 88
A9: Bali Jimbaran | B9: =B8+1 -> 8 | C9: 11 | D9: 2020 | E9: ='FS Jimbaran November 2020'!P19 -> 13880 | F9: ='FS Jimbaran November 2020'!O19/'FS Jimbaran November 2020'!P19 -> 1125.3287 | G9: ='FS Jimbaran November 2020'!AG19 -> 412 | H9: ='FS Jimbaran November 2020'!AH19/'FS Jimbaran November 2020'!AG19 -> 10683.252 | I9: ='FS Jimbaran November 2020'!AJ19 -> 192.27 | J9: ='FS Jimbaran November 2020'!AK19/'FS Jimbaran November 2020'!AJ19 -> 8400 | K9: ='FS Jimbaran November 2020'!V19 -> 181.56 | L9: ='FS Jimbaran November 2020'!AA19/'FS Jimbaran November 2020'!V19 -> 9896.7824 | M9: ='FS Jimbaran November 2020'!C19 -> 10 | N9: ='FS Jimbaran November 2020'!D19 -> 133
A10: Bali Jimbaran | B10: =B9+1 -> 9 | C10: 11 | D10: 2020 | E10: ='FS Jimbaran November 2020'!P20 -> 14460 | F10: ='FS Jimbaran November 2020'!O20/'FS Jimbaran November 2020'!P20 -> 1123.1695 | G10: ='FS Jimbaran November 2020'!AG20 -> 12 | H10: ='FS Jimbaran November 2020'!AH20/'FS Jimbaran November 2020'!AG20 -> 11458.333 | I10: ='FS Jimbaran November 2020'!AJ20 -> 136.85 | J10: ='FS Jimbaran November 2020'!AK20/'FS Jimbaran November 2020'!AJ20 -> 8400 | K10: ='FS Jimbaran November 2020'!V20 -> 195.8 | L10: ='FS Jimbaran November 2020'!AA20/'FS Jimbaran November 2020'!V20 -> 10483.962 | M10: ='FS Jimbaran November 2020'!C20 -> 7 | N10: ='FS Jimbaran November 2020'!D20 -> 69
A11: Bali Jimbaran | B11: =B10+1 -> 10 | C11: 11 | D11: 2020 | E11: ='FS Jimbaran November 2020'!P21 -> 14750 | F11: ='FS Jimbaran November 2020'!O21/'FS Jimbaran November 2020'!P21 -> 1121.8024 | G11: ='FS Jimbaran November 2020'!AG21 -> 0 | H11: ='FS Jimbaran November 2020'!AH21/'FS Jimbaran November 2020'!AG21 -> #DIV/0! | I11: ='FS Jimbaran November 2020'!AJ21 -> 107.54 | J11: ='FS Jimbaran November 2020'!AK21/'FS Jimbaran November 2020'!AJ21 -> 8400 | K11: ='FS Jimbaran November 2020'!V21 -> 183.34 | L11: ='FS Jimbaran November 2020'!AA21/'FS Jimbaran November 2020'!V21 -> 9375.5181 | M11: ='FS Jimbaran November 2020'!C21 -> 5 | N11: ='FS Jimbaran November 2020'!D21 -> 139
A12: Bali Jimbaran | B12: =B11+1 -> 11 | C12: 11 | D12: 2020 | E12: ='FS Jimbaran November 2020'!P22 -> 14340 | F12: ='FS Jimbaran November 2020'!O22/'FS Jimbaran November 2020'!P22 -> 1115.2331 | G12: ='FS Jimbaran November 2020'!AG22 -> 48 | H12: ='FS Jimbaran November 2020'!AH22/'FS Jimbaran November 2020'!AG22 -> 11458.333 | I12: ='FS Jimbaran November 2020'!AJ22 -> 125.67 | J12: ='FS Jimbaran November 2020'!AK22/'FS Jimbaran November 2020'!AJ22 -> 8400 | K12: ='FS Jimbaran November 2020'!V22 -> 168.21 | L12: ='FS Jimbaran November 2020'!AA22/'FS Jimbaran November 2020'!V22 -> 10926.288 | M12: ='FS Jimbaran November 2020'!C22 -> 4 | N12: ='FS Jimbaran November 2020'!D22 -> 30
A13: Bali Jimbaran | B13: =B12+1 -> 12 | C13: 11 | D13: 2020 | E13: ='FS Jimbaran November 2020'!P23 -> 13880 | F13: ='FS Jimbaran November 2020'!O23/'FS Jimbaran November 2020'!P23 -> 1124.5825 | G13: ='FS Jimbaran November 2020'!AG23 -> 0 | H13: ='FS Jimbaran November 2020'!AH23/'FS Jimbaran November 2020'!AG23 -> #DIV/0! | I13: ='FS Jimbaran November 2020'!AJ23 -> 158.77 | J13: ='FS Jimbaran November 2020'!AK23/'FS Jimbaran November 2020'!AJ23 -> 8400 | K13: ='FS Jimbaran November 2020'!V23 -> 194.02 | L13: ='FS Jimbaran November 2020'!AA23/'FS Jimbaran November 2020'!V23 -> 9344.9549 | M13: ='FS Jimbaran November 2020'!C23 -> 6 | N13: ='FS Jimbaran November 2020'!D23 -> 48
A14: Bali Jimbaran | B14: =B13+1 -> 13 | C14: 11 | D14: 2020 | E14: ='FS Jimbaran November 2020'!P24 -> 14680 | F14: ='FS Jimbaran November 2020'!O24/'FS Jimbaran November 2020'!P24 -> 1124.6821 | G14: ='FS Jimbaran November 2020'!AG24 -> 62 | H14: ='FS Jimbaran November 2020'!AH24/'FS Jimbaran November 2020'!AG24 -> 10814.516 | I14: ='FS Jimbaran November 2020'!AJ24 -> 309 | J14: ='FS Jimbaran November 2020'!AK24/'FS Jimbaran November 2020'!AJ24 -> 8400 | K14: ='FS Jimbaran November 2020'!V24 -> 162.87 | L14: ='FS Jimbaran November 2020'!AA24/'FS Jimbaran November 2020'!V24 -> 9870.3111 | M14: ='FS Jimbaran November 2020'!C24 -> 15 | N14: ='FS Jimbaran November 2020'!D24 -> 94
... A31: Bali Jimbaran | B31: =B30+1 -> 30 | C31: 11 | D31: 2020 | E31: ='FS Jimbaran November 2020'!P41 -> 12600 | F31: ='FS Jimbaran November 2020'!O41/'FS Jimbaran November 2020'!P41 -> 1119.6289 | G31: ='FS Jimbaran November 2020'!AG41 -> 462 | H31: ='FS Jimbaran November 2020'!AH41/'FS Jimbaran November 2020'!AG41 -> 10680.736 | I31: ='FS Jimbaran November 2020'!AJ41 -> 166.93 | J31: ='FS Jimbaran November 2020'!AK41/'FS Jimbaran November 2020'!AJ41 -> 8400 | K31: ='FS Jimbaran November 2020'!V41 -> 148.541 | L31: ='FS Jimbaran November 2020'!AA41/'FS Jimbaran November 2020'!V41 -> 10659.65 | M31: ='FS Jimbaran November 2020'!C41 -> 1 | N31: ='FS Jimbaran November 2020'!D41 -> 16

Sheet FS Jimbaran November 2020
B6: Four Seasons Resort Bali at Jimbaran Bay
B7: NOVEMBER 2020
B8: Date | C8: Room Nights | D8: Food Covers | E8: ELECTRICITY Resort, Sundara & Residences | V8: WATER | AC8: GAS
E9: Electricity Resort | J9: Electricity - Sundara | O9: Sub Total (Resort & Sundara) Cost (IDR) | P9: Sub Total (Resort & Sundara), KWh | Q9: Residences- Electricity KWh (daily reading N/A), monthly report | R9: Residences- Electricity cost (IDR) | S9: TOTAL Electricity consumption (KWh) | T9: TOTAL Electricity cost | W9: Water (m3) | AA9: Total Water Cost | AC9: LPG | AJ9: Diesel
E10: BASED LOAD KWh (from 10 pm - 6 pm) | F10: Cost (IDR) | G10: PEAK LOAD KWh (from 6 pm - 10 pm) | H10: Cost (IDR) | I10: Resort Cost (IDR) | J10: BASED LOAD KWh (from 10 pm - 6 pm) | K10: Cost (IDR) | L10: PEAK LOAD KWh (from 6 pm - 10 pm) | M10: Cost (IDR) | N10: Sundara Cost (IDR) | T10: IDR | U10: USD | V10: Water consumption (m3) | W10: Municipal Water (m3) | X10: Municipal Water cost (IDR) | Y10: Deepwell Consumption (m3) | Z10: Deepwell water Cost (IDR) | AA10: IDR | AB10: USD | AC10: LPG Bulk (m3) | AD10: 50 Kg (tube) IVD & TW | AE10: Sundara 50 kg (tube) | AF10: 12 Kg (tube) | AG10: Total kg | AH10: IDR | AI10: USD | AJ10: Used (liters) | AK10: IDR | AL10: USD
D11: `
B12: 1 | C12: 6 | D12: 175 | E12: 10360 | F12: 10730681 | G12: 3040 | H12: 4723156.8 | I12: =H12+F12 -> 15453838 | J12: 1200 | K12: 1242936 | L12: 260 | M12: 403954.2 | N12: =M12+K12 -> 1646890.2 | O12: =N12+I12 -> 17100728 | P12: =L12+J12+G12+E12 -> 14860 | V12: =W12+Y12 -> 146.85 | W12: 68.53 | X12: 1231518.4 | Y12: 78.32 | Z12: 332482.5 | AA12: =Z12+X12 -> 1564000.9 | AB12: =AA12/$AL$47 -> 120.52944 | AC12: 0 | AD12: 0 | AE12: 0 | AF12: 12 | AG12: =SUM(AC12:AF12) -> 12 | AH12: 137500 | AI12: =AH12/$AL$47 -> 10.596412 | AJ12: 160.59 | AK12: 1348956 | AL12: =AK12/$AL$47 -> 103.95705
B13: 2 | C13: 4 | D13: 72 | E13: 10360 | F13: 10730681 | G13: 2040 | H13: 3169486.8 | I13: =H13+F13 -> 13900168 | J13: 1220 | K13: 1263651.6 | L13: 300 | M13: 466101 | N13: =M13+K13 -> 1729752.6 | O13: =N13+I13 -> 15629920 | P13: =L13+J13+G13+E13 -> 13920 | V13: =W13+Y13 -> 189.57 | W13: 88.11 | X13: 1583380.8 | Y13: 101.46 | Z13: 430715.96 | AA13: =Z13+X13 -> 2014096.7 | AB13: =AA13/$AL$47 -> 155.21599 | AC13: 0 | AD13: 0 | AE13: 400 | AF13: 12 | AG13: =SUM(AC13:AF13) -> 412 | AH13: 4401500 | AI13: =AH13/$AL$47 -> 339.20079 | AJ13: 94.25 | AK13: 791700 | AL13: =AK13/$AL$47 -> 61.012216
B14: 3 | C14: 3 | D14: 36 | E14: 10280 | F14: 10647818 | G14: 2000 | H14: 3107340 | I14: =H14+F14 -> 13755158 | J14: 1360 | K14: 1408660.8 | L14: 280 | M14: 435027.6 | N14: =M14+K14 -> 1843688.4 | O14: =N14+I14 -> 15598847 | P14: =L14+J14+G14+E14 -> 13920 | V14: =W14+Y14 -> 178 | W14: 87.22 | X14: 1567387 | Y14: 90.78 | Z14: 385377.44 | AA14: =Z14+X14 -> 1952764.5 | AB14: =AA14/$AL$47 -> 150.48943 | AC14: 0 | AD14: 0 | AE14: 0 | AF14: 24 | AG14: =SUM(AC14:AF14) -> 24 | AH14: 275000 | AI14: =AH14/$AL$47 -> 21.192825 | AJ14: 80.15 | AK14: 673260 | AL14: =AK14/$AL$47 -> 51.884659
B15: 4 | C15: 5 | D15: 0 | E15: 10440 | F15: 10813543 | G15: 2080 | H15: 3231633.6 | I15: =H15+F15 -> 14045177 | J15: 1320 | K15: 1367229.6 | L15: 260 | M15: 403954.2 | N15: =M15+K15 -> 1771183.8 | O15: =N15+I15 -> 15816361 | P15: =L15+J15+G15+E15 -> 14100 | V15: =W15+Y15 -> 194.91 | W15: 79.21 | X15: 1423443.3 | Y15: 115.7 | Z15: 491167.33 | AA15: =Z15+X15 -> 1914610.6 | AB15: =AA15/$AL$47 -> 147.54912 | AC15: 0 | AD15: 0 | AE15: 50 | AF15: 12 | AG15: =SUM(AC15:AF15) -> 62 | AH15: 670500 | AI15: =AH15/$AL$47 -> 51.67196 | AJ15: 122.55 | AK15: 1029420 | AL15: =AK15/$AL$47 -> 79.332064
B16: 5 | C16: 4 | D16: 77 | E16: 10360 | F16: 10730681 | G16: 2080 | H16: 3231633.6 | I16: =H16+F16 -> 13962314 | J16: 1300 | K16: 1346514 | L16: 280 | M16: 435027.6 | N16: =M16+K16 -> 1781541.6 | O16: =N16+I16 -> 15743856 | P16: =L16+J16+G16+E16 -> 14020 | V16: =W16+Y16 -> 159.31 | W16: 70.31 | X16: 1263505.9 | Y16: 89 | Z16: 377821.02 | AA16: =Z16+X16 -> 1641326.9 | AB16: =AA16/$AL$47 -> 126.48856 | AC16: 0 | AD16: 0 | AE16: 0 | AF16: 0 | AG16: =SUM(AC16:AF16) -> 0 | AH16: 0 | AI16: =AH16/$AL$47 -> 0 | AJ16: 99.01 | AK16: 831684 | AL16: =AK16/$AL$47 -> 64.093575
B17: 6 | C17: 7 | D17: 65 | E17: 10920 | F17: 11310718 | G17: 2080 | H17: 3231633.6 | I17: =H17+F17 -> 14542351 | J17: 1340 | K17: 1387945.2 | L17: 280 | M17: 435027.6 | N17: =M17+K17 -> 1822972.8 | O17: =N17+I17 -> 16365324 | P17: =L17+J17+G17+E17 -> 14620 | V17: =W17+Y17 -> 251.87 | W17: 73.87 | X17: 1327480.8 | Y17: 178 | Z17: 755642.04 | AA17: =Z17+X17 -> 2083122.9 | AB17: =AA17/$AL$47 -> 160.53548 | AC17: 0 | AD17: 0 | AE17: 50 | AF17: 24 | AG17: =SUM(AC17:AF17) -> 74 | AH17: 808000 | AI17: =AH17/$AL$47 -> 62.268372 | AJ17: 160.27 | AK17: 1346268 | AL17: =AK17/$AL$47 -> 103.7499
B18: 7 | C18: 9 | D18: 88 | E18: 9760 | F18: 10109213 | G18: 2000 | H18: 3107340 | I18: =H18+F18 -> 13216553 | J18: 1360 | K18: 1408660.8 | L18: 320 | M18: 497174.4 | N18: =M18+K18 -> 1905835.2 | O18: =N18+I18 -> 15122388 | P18: =L18+J18+G18+E18 -> 13440 | V18: =W18+Y18 -> 194.91 | W18: 84.55 | X18: 1519405.8 | Y18: 110.36 | Z18: 468498.06 | AA18: =Z18+X18 -> 1987903.8 | AB18: =AA18/$AL$47 -> 153.19745 | AC18: 0 | AD18: 0 | AE18: 0 | AF18: 0 | AG18: =SUM(AC18:AF18) -> 0 | AH18: 0 | AI18: =AH18/$AL$47 -> 0 | AJ18: 90.37 | AK18: 759108 | AL18: =AK18/$AL$47 -> 58.500519
B19: 8 | C19: 10 | D19: 133 | E19: 10160 | F19: 10523525 | G19: 2120 | H19: 3293780.4 | I19: =H19+F19 -> 13817305 | J19: 1320 | K19: 1367229.6 | L19: 280 | M19: 435027.6 | N19: =M19+K19 -> 1802257.2 | O19: =N19+I19 -> 15619562 | P19: =L19+J19+G19+E19 -> 13880 | V19: =W19+Y19 -> 181.56 | W19: 74.76 | X19: 1343474.6 | Y19: 106.8 | Z19: 453385.22 | AA19: =Z19+X19 -> 1796859.8 | AB19: =AA19/$AL$47 -> 138.47467 | AC19: 0 | AD19: 0 | AE19: 400 | AF19: 12 | AG19: =SUM(AC19:AF19) -> 412 | AH19: 4401500 | AI19: =AH19/$AL$47 -> 339.20079 | AJ19: 192.27 | AK19: 1615068 | AL19: =AK19/$AL$47 -> 124.46492
B20: 9 | C20: 7 | D20: 69 | E20: 10680 | F20: 11062130 | G20: 2160 | H20: 3355927.2 | I20: =H20+F20 -> 14418058 | J20: 1340 | K20: 1387945.2 | L20: 280 | M20: 435027.6 | N20: =M20+K20 -> 1822972.8 | O20: =N20+I20 -> 16241030 | P20: =L20+J20+G20+E20 -> 14460 | V20: =W20+Y20 -> 195.8 | W20: 89 | X20: 1599374.5 | Y20: 106.8 | Z20: 453385.22 | AA20: =Z20+X20 -> 2052759.7 | AB20: =AA20/$AL$47 -> 158.19555 | AC20: 0 | AD20: 0 | AE20: 0 | AF20: 12 | AG20: =SUM(AC20:AF20) -> 12 | AH20: 137500 | AI20: =AH20/$AL$47 -> 10.596412 | AJ20: 136.85 | AK20: 1149540 | AL20: =AK20/$AL$47 -> 88.58909
B21: 10 | C21: 5 | D21: 139 | E21: 10680 | F21: 11062130 | G21: 2080 | H21: 3231633.6 | I21: =H21+F21 -> 14293764 | J21: 1620 | K21: 1677963.6 | L21: 370 | M21: 574857.9 | N21: =M21+K21 -> 2252821.5 | O21: =N21+I21 -> 16546585 | P21: =L21+J21+G21+E21 -> 14750 | V21: =W21+Y21 -> 183.34 | W21: 68.53 | X21: 1231518.4 | Y21: 114.81 | Z21: 487389.12 | AA21: =Z21+X21 -> 1718907.5 | AB21: =AA21/$AL$47 -> 132.46729 | AC21: 0 | AD21: 0 | AE21: 0 | AF21: 0 | AG21: =SUM(AC21:AF21) -> 0 | AH21: 0 | AI21: =AH21/$AL$47 -> 0 | AJ21: 107.54 | AK21: 903336 | AL21: =AK21/$AL$47 -> 69.615423
B22: 11 | C22: 4 | D22: 30 | E22: 9960 | F22: 10316369 | G22: 1880 | H22: 2920899.6 | I22: =H22+F22 -> 13237268 | J22: 2180 | K22: 2258000.4 | L22: 320 | M22: 497174.4 | N22: =M22+K22 -> 2755174.8 | O22: =N22+I22 -> 15992443 | P22: =L22+J22+G22+E22 -> 14340 | V22: =W22+Y22 -> 168.21 | W22: 81.88 | X22: 1471424.5 | Y22: 86.33 | Z22: 366486.39 | AA22: =Z22+X22 -> 1837910.9 | AB22: =AA22/$AL$47 -> 141.63827 | AC22: 0 | AD22: 0 | AE22: 0 | AF22: 48 | AG22: =SUM(AC22:AF22) -> 48 | AH22: 550000 | AI22: =AH22/$AL$47 -> 42.385649 | AJ22: 125.67 | AK22: 1055628 | AL22: =AK22/$AL$47 -> 81.351779
B23: 12 | C23: 6 | D23: 48 | E23: 10440 | F23: 10813543 | G23: 2040 | H23: 3169486.8 | I23: =H23+F23 -> 13983030 | J23: 1060 | K23: 1097926.8 | L23: 340 | M23: 528247.8 | N23: =M23+K23 -> 1626174.6 | O23: =N23+I23 -> 15609205 | P23: =L23+J23+G23+E23 -> 13880 | V23: =W23+Y23 -> 194.02 | W23: 72.09 | X23: 1295493.3 | Y23: 121.93 | Z23: 517614.8 | AA23: =Z23+X23 -> 1813108.1 | AB23: =AA23/$AL$47 -> 139.72685 | AC23: 0 | AD23: 0 | AE23: 0 | AF23: 0 | AG23: =SUM(AC23:AF23) -> 0 | AH23: 0 | AI23: =AH23/$AL$47 -> 0 | AJ23: 158.77 | AK23: 1333668 | AL23: =AK23/$AL$47 -> 102.77888
... B41: 30 | C41: 1 | D41: 16 | E41: 8760 | F41: 9073432.8 | G41: 1720 | H41: 2672312.4 | I41: =H41+F41 -> 11745745 | J41: 1800 | K41: 1864404 | L41: 320 | M41: 497174.4 | N41: =M41+K41 -> 2361578.4 | O41: =N41+I41 -> 14107324 | P41: =L41+J41+G41+E41 -> 12600 | V41: =W41+Y41 -> 148.541 | W41: 69.42 | X41: 1247512.1 | Y41: 79.121 | Z41: 335882.89 | AA41: =Z41+X41 -> 1583395 | AB41: =AA41/$AL$47 -> 122.02405 | AC41: 0 | AD41: 0 | AE41: 450 | AF41: 12 | AG41: =SUM(AC41:AF41) -> 462 | AH41: 4934500 | AI41: =AH41/$AL$47 -> 380.27634 | AJ41: 166.93 | AK41: 1402212 | AL41: =AK41/$AL$47 -> 108.06121
S43: =SUM(S12:S41) -> 0
C46: =SUM(C12:C42) -> 182 | D46: =SUM(D12:D42) -> 2421 | E46: =SUM(E12:E42) -> 305800 | F46: =SUM(F12:F42) -> 3.1674152e+08 | G46: =SUM(G12:G42) -> 62000 | H46: =SUM(H12:H42) -> 96327540 | I46: =SUM(I12:I42) -> 4.1306906e+08 | J46: =SUM(J12:J42) -> 40000 | ... P46: =SUM(P12:P42) -> 416690 | Q46: =#REF! -> #REF! | R46: =#REF! -> #REF! | S46: =Q46+P46 -> #REF! | T46: =R46+O46 -> #REF! | U46: =T46/AL47 -> #REF! | V46: =SUM(V12:V41) -> 6018.803 | W46: =SUM(W12:W41) -> 2347.82 | X46: =SUM(X12:X41) -> 42191499 | Y46: =SUM(Y12:Y41) -> 3670.983 | Z46: =SUM(Z12:Z41) -> 15583984 | AA46: =SUM(AA12:AA41) -> 57775483 | AB46: =SUM(AB12:AB41) -> 4452.457 | AC46: =SUM(AC12:AC41) -> 0 | ... AL46: =SUM(AL12:AL41) -> 3266.4807
T47: kWh rate | U47: =U46/S46 -> #REF! | AL47: 12976.09
AD55: =AD47/31 -> 0

Sheet RNs & Covers November 2020
A1: Four Seasons Resort Bali at Jimbaran Bay
A2: 44136
A3: Date | B3: Room Nights | C3: Food Covers
A6: 1 | B6: 6 | C6: 175
A7: 2 | B7: 4 | C7: 72
A8: =A7+1 -> 3 | B8: 3 | C8: 36
A9: =A8+1 -> 4 | B9: 5 | C9: 0
A10: =A9+1 -> 5 | B10: 4 | C10: 77
A11: =A10+1 -> 6 | B11: 7 | C11: 65
A12: =A11+1 -> 7 | B12: 9 | C12: 88
A13: =A12+1 -> 8 | B13: 10 | C13: 133
A14: =A13+1 -> 9 | B14: 7 | C14: 69
A15: =A14+1 -> 10 | B15: 5 | C15: 139
A16: =A15+1 -> 11 | B16: 4 | C16: 30
A17: =A16+1 -> 12 | B17: 6 | C17: 48
A18: =A17+1 -> 13 | B18: 15 | C18: 94
A19: =A18+1 -> 14 | B19: 12 | C19: 158
... A35: =A34+1 -> 30 | B35: 1 | C35: 16
B37: =SUM(B6:B36) -> 182 | C37: =SUM(C6:C36) -> 2421
