Workbook

Sheet TOTAL
A1: Site Name | B1: Day | C1: Month | D1: Year | E1: Total Electricity Kwh | F1: Electricity Tariff ($/Kwh) | G1: LPG (Kg) | H1: LPG $/Kg | I1: Total Fuel Oil (Liters) | J1: Fuel Oil $/Liter | K1: Water Utility Supply (m3) m3 | L1: Water Utility Supply (m3) $/m3 | M1: Room Nights | N1: Food Covers
A2: Bali Jimbaran | B2: 1 | C2: 9 | D2: 2020 | E2: ='FS Jimbaran September 2020'!P12 -> 13860 | F2: ='FS Jimbaran September 2020'!O12/'FS Jimbaran September 2020'!P12 -> 1120.974 | G2: ='FS Jimbaran September 2020'!AG12 -> 12 | H2: ='FS Jimbaran September 2020'!AH12/'FS Jimbaran September 2020'!AG12 -> 11625 | I2: ='FS Jimbaran September 2020'!AJ12 -> 139.94 | J2: ='FS Jimbaran September 2020'!AK12/'FS Jimbaran September 2020'!AJ12 -> 8400 | K2: ='FS Jimbaran September 2020'!V12 -> 138.84 | L2: ='FS Jimbaran September 2020'!AA12/'FS Jimbaran September 2020'!V12 -> 15155.05 | M2: =+'RNs & Covers September 2020'!B6 -> 2 | N2: =+'RNs & Covers September 2020'!C6 -> 46
A3: Bali Jimbaran | B3: =B2+1 -> 2 | C3: 9 | D3: 2020 | E3: ='FS Jimbaran September 2020'!P13 -> 13560 | F3: ='FS Jimbaran September 2020'!O13/'FS Jimbaran September 2020'!P13 -> 1121.3312 | G3: ='FS Jimbaran September 2020'!AG13 -> 12 | H3: ='FS Jimbaran September 2020'!AH13/'FS Jimbaran September 2020'!AG13 -> 11625 | I3: ='FS Jimbaran September 2020'!AJ13 -> 132 | J3: ='FS Jimbaran September 2020'!AK13/'FS Jimbaran September 2020'!AJ13 -> 8400 | K3: ='FS Jimbaran September 2020'!V13 -> 139.73 | L3: ='FS Jimbaran September 2020'!AA13/'FS Jimbaran September 2020'!V13 -> 9577.9476 | M3: =+'RNs & Covers September 2020'!B7 -> 2 | N3: =+'RNs & Covers September 2020'!C7 -> 74
A4: Bali Jimbaran | B4: =B3+1 -> 3 | C4: 9 | D4: 2020 | E4: ='FS Jimbaran September 2020'!P14 -> 13040 | F4: ='FS Jimbaran September 2020'!O14/'FS Jimbaran September 2020'!P14 -> 1119.9768 | G4: ='FS Jimbaran September 2020'!AG14 -> 350 | H4: ='FS Jimbaran September 2020'!AH14/'FS Jimbaran September 2020'!AG14 -> 10490 | I4: ='FS Jimbaran September 2020'!AJ14 -> 121.76 | J4: ='FS Jimbaran September 2020'!AK14/'FS Jimbaran September 2020'!AJ14 -> 8400 | K4: ='FS Jimbaran September 2020'!V14 -> 174.44 | L4: ='FS Jimbaran September 2020'!AA14/'FS Jimbaran September 2020'!V14 -> 10477.596 | M4: =+'RNs & Covers September 2020'!B8 -> 1 | N4: =+'RNs & Covers September 2020'!C8 -> 49
A5: Bali Jimbaran | B5: =B4+1 -> 4 | C5: 9 | D5: 2020 | E5: ='FS Jimbaran September 2020'!P15 -> 13940 | F5: ='FS Jimbaran September 2020'!O15/'FS Jimbaran September 2020'!P15 -> 1119.7421 | G5: ='FS Jimbaran September 2020'!AG15 -> 0 | H5: ='FS Jimbaran September 2020'!AH15/'FS Jimbaran September 2020'!AG15 -> #DIV/0! | I5: ='FS Jimbaran September 2020'!AJ15 -> 207.48 | J5: ='FS Jimbaran September 2020'!AK15/'FS Jimbaran September 2020'!AJ15 -> 8400 | K5: ='FS Jimbaran September 2020'!V15 -> 162.87 | L5: ='FS Jimbaran September 2020'!AA15/'FS Jimbaran September 2020'!V15 -> 11145.341 | M5: =+'RNs & Covers September 2020'!B9 -> 2 | N5: =+'RNs & Covers September 2020'!C9 -> 85
A6: Bali Jimbaran | B6: =B5+1 -> 5 | C6: 9 | D6: 2020 | E6: ='FS Jimbaran September 2020'!P16 -> 13680 | F6: ='FS Jimbaran September 2020'!O16/'FS Jimbaran September 2020'!P16 -> 1119.8236 | G6: ='FS Jimbaran September 2020'!AG16 -> 412 | H6: ='FS Jimbaran September 2020'!AH16/'FS Jimbaran September 2020'!AG16 -> 10523.058 | I6: ='FS Jimbaran September 2020'!AJ16 -> 204 | J6: ='FS Jimbaran September 2020'!AK16/'FS Jimbaran September 2020'!AJ16 -> 8400 | K6: ='FS Jimbaran September 2020'!V16 -> 84.55 | L6: ='FS Jimbaran September 2020'!AA16/'FS Jimbaran September 2020'!V16 -> 4967.5653 | M6: =+'RNs & Covers September 2020'!B10 -> 4 | N6: =+'RNs & Covers September 2020'!C10 -> 91
A7: Bali Jimbaran | B7: =B6+1 -> 6 | C7: 9 | D7: 2020 | E7: ='FS Jimbaran September 2020'!P17 -> 13500 | F7: ='FS Jimbaran September 2020'!O17/'FS Jimbaran September 2020'!P17 -> 1124.0131 | G7: ='FS Jimbaran September 2020'!AG17 -> 0 | H7: ='FS Jimbaran September 2020'!AH17/'FS Jimbaran September 2020'!AG17 -> #DIV/0! | I7: ='FS Jimbaran September 2020'!AJ17 -> 107.73 | J7: ='FS Jimbaran September 2020'!AK17/'FS Jimbaran September 2020'!AJ17 -> 8400 | K7: ='FS Jimbaran September 2020'!V17 -> 120.15 | L7: ='FS Jimbaran September 2020'!AA17/'FS Jimbaran September 2020'!V17 -> 9023.6247 | M7: =+'RNs & Covers September 2020'!B11 -> 2 | N7: =+'RNs & Covers September 2020'!C11 -> 98
A8: Bali Jimbaran | B8: =B7+1 -> 7 | C8: 9 | D8: 2020 | E8: ='FS Jimbaran September 2020'!P18 -> 13540 | F8: ='FS Jimbaran September 2020'!O18/'FS Jimbaran September 2020'!P18 -> 1122.2225 | G8: ='FS Jimbaran September 2020'!AG18 -> 0 | H8: ='FS Jimbaran September 2020'!AH18/'FS Jimbaran September 2020'!AG18 -> #DIV/0! | I8: ='FS Jimbaran September 2020'!AJ18 -> 199.65 | J8: ='FS Jimbaran September 2020'!AK18/'FS Jimbaran September 2020'!AJ18 -> 8400 | K8: ='FS Jimbaran September 2020'!V18 -> 179.78 | L8: ='FS Jimbaran September 2020'!AA18/'FS Jimbaran September 2020'!V18 -> 11923.206 | M8: =+'RNs & Covers September 2020'!B12 -> 1 | N8: =+'RNs & Covers September 2020'!C12 -> 52
A9: Bali Jimbaran | B9: =B8+1 -> 8 | C9: 9 | D9: 2020 | E9: ='FS Jimbaran September 2020'!P19 -> 13820 | F9: ='FS Jimbaran September 2020'!O19/'FS Jimbaran September 2020'!P19 -> 1119.7216 | G9: ='FS Jimbaran September 2020'!AG19 -> 50 | H9: ='FS Jimbaran September 2020'!AH19/'FS Jimbaran September 2020'!AG19 -> 10490 | I9: ='FS Jimbaran September 2020'!AJ19 -> 111.25 | J9: ='FS Jimbaran September 2020'!AK19/'FS Jimbaran September 2020'!AJ19 -> 8400 | K9: ='FS Jimbaran September 2020'!V19 -> 154.86 | L9: ='FS Jimbaran September 2020'!AA19/'FS Jimbaran September 2020'!V19 -> 11107.84 | M9: =+'RNs & Covers September 2020'!B13 -> 2 | N9: =+'RNs & Covers September 2020'!C13 -> 40
A10: Bali Jimbaran | B10: =B9+1 -> 9 | C10: 9 | D10: 2020 | E10: ='FS Jimbaran September 2020'!P20 -> 13400 | F10: ='FS Jimbaran September 2020'!O20/'FS Jimbaran September 2020'!P20 -> 1116.1689 | G10: ='FS Jimbaran September 2020'!AG20 -> 412 | H10: ='FS Jimbaran September 2020'!AH20/'FS Jimbaran September 2020'!AG20 -> 10523.058 | I10: ='FS Jimbaran September 2020'!AJ20 -> 157.78 | J10: ='FS Jimbaran September 2020'!AK20/'FS Jimbaran September 2020'!AJ20 -> 8400 | K10: ='FS Jimbaran September 2020'!V20 -> 72.09 | L10: ='FS Jimbaran September 2020'!AA20/'FS Jimbaran September 2020'!V20 -> 4245.18 | M10: =+'RNs & Covers September 2020'!B14 -> 1 | N10: =+'RNs & Covers September 2020'!C14 -> 66
A11: Bali Jimbaran | B11: =B10+1 -> 10 | C11: 9 | D11: 2020 | E11: ='FS Jimbaran September 2020'!P21 -> 13360 | F11: ='FS Jimbaran September 2020'!O21/'FS Jimbaran September 2020'!P21 -> 1116.4096 | G11: ='FS Jimbaran September 2020'!AG21 -> 36 | H11: ='FS Jimbaran September 2020'!AH21/'FS Jimbaran September 2020'!AG21 -> 11625 | I11: ='FS Jimbaran September 2020'!AJ21 -> 43.22 | J11: ='FS Jimbaran September 2020'!AK21/'FS Jimbaran September 2020'!AJ21 -> 8400 | K11: ='FS Jimbaran September 2020'!V21 -> 126.38 | L11: ='FS Jimbaran September 2020'!AA21/'FS Jimbaran September 2020'!V21 -> 9078.0392 | M11: =+'RNs & Covers September 2020'!B15 -> 6 | N11: =+'RNs & Covers September 2020'!C15 -> 40
A12: Bali Jimbaran | B12: =B11+1 -> 11 | C12: 9 | D12: 2020 | E12: ='FS Jimbaran September 2020'!P22 -> 13540 | F12: ='FS Jimbaran September 2020'!O22/'FS Jimbaran September 2020'!P22 -> 1114.5727 | G12: ='FS Jimbaran September 2020'!AG22 -> 0 | H12: ='FS Jimbaran September 2020'!AH22/'FS Jimbaran September 2020'!AG22 -> #DIV/0! | I12: ='FS Jimbaran September 2020'!AJ22 -> 110.14 | J12: ='FS Jimbaran September 2020'!AK22/'FS Jimbaran September 2020'!AJ22 -> 8400 | K12: ='FS Jimbaran September 2020'!V22 -> 93.45 | L12: ='FS Jimbaran September 2020'!AA22/'FS Jimbaran September 2020'!V22 -> 5944.5053 | M12: =+'RNs & Covers September 2020'!B16 -> 6 | N12: =+'RNs & Covers September 2020'!C16 -> 35
A13: Bali Jimbaran | B13: =B12+1 -> 12 | C13: 9 | D13: 2020 | E13: ='FS Jimbaran September 2020'!P23 -> 13600 | F13: ='FS Jimbaran September 2020'!O23/'FS Jimbaran September 2020'!P23 -> 1113.4635 | G13: ='FS Jimbaran September 2020'!AG23 -> 0 | H13: ='FS Jimbaran September 2020'!AH23/'FS Jimbaran September 2020'!AG23 -> #DIV/0! | I13: ='FS Jimbaran September 2020'!AJ23 -> 176.19 | J13: ='FS Jimbaran September 2020'!AK23/'FS Jimbaran September 2020'!AJ23 -> 8400 | K13: ='FS Jimbaran September 2020'!V23 -> 128.16 | L13: ='FS Jimbaran September 2020'!AA23/'FS Jimbaran September 2020'!V23 -> 9010.9161 | M13: =+'RNs & Covers September 2020'!B17 -> 0 | N13: =+'RNs & Covers September 2020'!C17 -> 75
A14: Bali Jimbaran | B14: =B13+1 -> 13 | C14: 9 | D14: 2020 | E14: ='FS Jimbaran September 2020'!P24 -> 12320 | F14: ='FS Jimbaran September 2020'!O24/'FS Jimbaran September 2020'!P24 -> 1117.3309 | G14: ='FS Jimbaran September 2020'!AG24 -> 412 | H14: ='FS Jimbaran September 2020'!AH24/'FS Jimbaran September 2020'!AG24 -> 10523.058 | I14: ='FS Jimbaran September 2020'!AJ24 -> 101.84 | J14: ='FS Jimbaran September 2020'!AK24/'FS Jimbaran September 2020'!AJ24 -> 8400 | K14: ='FS Jimbaran September 2020'!V24 -> 132.61 | L14: ='FS Jimbaran September 2020'!AA24/'FS Jimbaran September 2020'!V24 -> 9680.0383 | M14: =+'RNs & Covers September 2020'!B18 -> 0 | N14: =+'RNs & Covers September 2020'!C18 -> 80
... A31: Bali Jimbaran | B31: =B30+1 -> 30 | C31: 9 | D31: 2020 | E31: ='FS Jimbaran September 2020'!P41 -> 14320 | F31: ='FS Jimbaran September 2020'!O41/'FS Jimbaran September 2020'!P41 -> 1118.2373 | G31: ='FS Jimbaran September 2020'!AG41 -> 12 | H31: ='FS Jimbaran September 2020'!AH41/'FS Jimbaran September 2020'!AG41 -> 11625 | I31: ='FS Jimbaran September 2020'!AJ41 -> 165.95 | J31: ='FS Jimbaran September 2020'!AK41/'FS Jimbaran September 2020'!AJ41 -> 8400 | K31: ='FS Jimbaran September 2020'!V41 -> 78.32 | L31: ='FS Jimbaran September 2020'!AA41/'FS Jimbaran September 2020'!V41 -> 4245.18 | M31: =+'RNs & Covers September 2020'!B35 -> 3 | N31: =+'RNs & Covers September 2020'!C35 -> 78

Sheet FS Jimbaran September 2020
B6: Four Seasons Resort Bali at Jimbaran Bay
B7: SEPTEMBER 2020
B8: Date | C8: Room Nights | D8: Food Covers | E8: ELECTRICITY Resort, Sundara & Residences | V8: WATER | AC8: GAS
E9: Electricity Resort | J9: Electricity - Sundara | O9: Sub Total (Resort & Sundara) Cost (IDR) | P9: Sub Total (Resort & Sundara), KWh | Q9: Residences- Electricity KWh | R9: Residences- Electricity cost (IDR) | S9: TOTAL Electricity consumption (KWh) | T9: TOTAL Electricity cost | W9: Water (m3) | AA9: Total Water Cost | AC9: LPG | AJ9: Diesel
E10: BASED LOAD KWh (from 10 pm - 6 pm) | F10: Cost (IDR) | G10: PEAK LOAD KWh (from 6 pm - 10 pm) | H10: Cost (IDR) | I10: Resort Cost (IDR) | J10: BASED LOAD KWh (from 10 pm - 6 pm) | K10: Cost (IDR) | L10: PEAK LOAD KWh (from 6 pm - 10 pm) | M10: Cost (IDR) | N10: Sundara Cost (IDR) | T10: IDR | U10: USD | V10: Water consumption (m3) | W10: Municipal Water (m3) | X10: Municipal Water cost (IDR) | Y10: Deepwell Consumption (m3) | Z10: Deepwell water Cost (IDR) | AA10: IDR | AB10: USD | AC10: LPG Bulk (m3) | AD10: 50 Kg (tube) IVD & TW | AE10: Sundara 50 kg (tube) | AF10: 12 Kg (tube) | AG10: Total kg | AH10: IDR | AI10: USD | AJ10: Used (liters) | AK10: IDR | AL10: USD
B12: 1 | C12: 2 | D12: 46 | E12: 10280 | F12: 10647818 | G12: 2000 | H12: 3107340 | I12: =F12+H12 -> 13755158 | J12: 1300 | K12: 1346514 | L12: 280 | M12: 435027.6 | N12: =+K12+M12 -> 1781541.6 | O12: =N12+I12 -> 15536700 | P12: =L12+J12+G12+E12 -> 13860 | U12: 0 | V12: =Y12+W12 -> 138.84 | W12: 110.36 | X12: 1983224.4 | Y12: 28.48 | Z12: 120902.73 | AA12: =Z12+X12 -> 2104127.1 | AB12: =AA12/$AL$47 -> 162.15417 | AC12: 0 | AD12: 0 | AE12: 0 | AF12: 12 | AG12: =+AE12+AF12 -> 12 | AH12: 139500 | AI12: =AH12/$AL$47 -> 10.750542 | AJ12: 139.94 | AK12: 1175496 | AL12: =AK12/$AL$47 -> 90.589384
B13: 2 | C13: 2 | D13: 74 | E13: 10120 | F13: 10482094 | G13: 2000 | H13: 3107340 | I13: =F13+H13 -> 13589434 | J13: 1200 | K13: 1242936 | L13: 240 | M13: 372880.8 | N13: =+K13+M13 -> 1615816.8 | O13: =N13+I13 -> 15205250 | P13: =L13+J13+G13+E13 -> 13560 | U13: 0 | V13: =Y13+W13 -> 139.73 | W13: 54.29 | X13: 975618.44 | Y13: 85.44 | Z13: 362708.18 | AA13: =Z13+X13 -> 1338326.6 | AB13: =AA13/$AL$47 -> 103.1379 | AC13: 0 | AD13: 0 | AE13: 0 | AF13: 12 | AG13: =+AE13+AF13 -> 12 | AH13: 139500 | AI13: =AH13/$AL$47 -> 10.750542 | AJ13: 132 | AK13: 1108800 | AL13: =AK13/$AL$47 -> 85.449469
B14: 3 | C14: 1 | D14: 49 | E14: 9680 | F14: 10026350 | G14: 1840 | H14: 2858752.8 | I14: =F14+H14 -> 12885103 | J14: 1240 | K14: 1284367.2 | L14: 280 | M14: 435027.6 | N14: =+K14+M14 -> 1719394.8 | O14: =N14+I14 -> 14604498 | P14: =L14+J14+G14+E14 -> 13040 | U14: 0 | V14: =Y14+W14 -> 174.44 | W14: 79.21 | X14: 1423443.3 | Y14: 95.23 | Z14: 404268.49 | AA14: =Z14+X14 -> 1827711.8 | AB14: =AA14/$AL$47 -> 140.85227 | AC14: 0 | AD14: 0 | AE14: 350 | AF14: 0 | AG14: =+AE14+AF14 -> 350 | AH14: 3671500 | AI14: =AH14/$AL$47 -> 282.94348 | AJ14: 121.76 | AK14: 1022784 | AL14: =AK14/$AL$47 -> 78.820662
B15: 4 | C15: 2 | D15: 85 | E15: 10480 | F15: 10854974 | G15: 2000 | H15: 3107340 | I15: =F15+H15 -> 13962314 | J15: 1200 | K15: 1242936 | L15: 260 | M15: 403954.2 | N15: =+K15+M15 -> 1646890.2 | O15: =N15+I15 -> 15609205 | P15: =L15+J15+G15+E15 -> 13940 | U15: 0 | V15: =Y15+W15 -> 162.87 | W15: 81.88 | X15: 1471424.5 | Y15: 80.99 | Z15: 343817.13 | AA15: =Z15+X15 -> 1815241.7 | AB15: =AA15/$AL$47 -> 139.89127 | AC15: 0 | AD15: 0 | AE15: 0 | AF15: 0 | AG15: =+AE15+AF15 -> 0 | AH15: 0 | AI15: =AH15/$AL$47 -> 0 | AJ15: 207.48 | AK15: 1742832 | AL15: =AK15/$AL$47 -> 134.31103
B16: 5 | C16: 4 | D16: 91 | E16: 10200 | F16: 10564956 | G16: 1960 | H16: 3045193.2 | I16: =F16+H16 -> 13610149 | J16: 1260 | K16: 1305082.8 | L16: 260 | M16: 403954.2 | N16: =+K16+M16 -> 1709037 | O16: =N16+I16 -> 15319186 | P16: =L16+J16+G16+E16 -> 13680 | U16: 0 | V16: =Y16+W16 -> 84.55 | W16: 4.45 | X16: 79968.725 | Y16: 80.1 | Z16: 340038.92 | AA16: =Z16+X16 -> 420007.64 | AB16: =AA16/$AL$47 -> 32.367812 | AC16: 0 | AD16: 0 | AE16: 400 | AF16: 12 | AG16: =+AE16+AF16 -> 412 | AH16: 4335500 | AI16: =AH16/$AL$47 -> 334.11451 | AJ16: 204 | AK16: 1713600 | AL16: =AK16/$AL$47 -> 132.05827
B17: 6 | C17: 2 | D17: 98 | E17: 9920 | F17: 10274938 | G17: 2000 | H17: 3107340 | I17: =F17+H17 -> 13382278 | J17: 1280 | K17: 1325798.4 | L17: 300 | M17: 466101 | N17: =+K17+M17 -> 1791899.4 | O17: =N17+I17 -> 15174177 | P17: =L17+J17+G17+E17 -> 13500 | U17: 0 | V17: =Y17+W17 -> 120.15 | W17: 41.83 | X17: 751706.02 | Y17: 78.32 | Z17: 332482.5 | AA17: =Z17+X17 -> 1084188.5 | AB17: =AA17/$AL$47 -> 83.552789 | AC17: 0 | AD17: 0 | AE17: 0 | AF17: 0 | AG17: =+AE17+AF17 -> 0 | AH17: 0 | AI17: =AH17/$AL$47 -> 0 | AJ17: 107.73 | AK17: 904932 | AL17: =AK17/$AL$47 -> 69.738419
B18: 7 | C18: 1 | D18: 52 | E18: 9920 | F18: 10274938 | G18: 1960 | H18: 3045193.2 | I18: =F18+H18 -> 13320131 | J18: 1360 | K18: 1408660.8 | L18: 300 | M18: 466101 | N18: =+K18+M18 -> 1874761.8 | O18: =N18+I18 -> 15194893 | P18: =L18+J18+G18+E18 -> 13540 | U18: 0 | V18: =Y18+W18 -> 179.78 | W18: 100.57 | X18: 1807293.2 | Y18: 79.21 | Z18: 336260.71 | AA18: =Z18+X18 -> 2143553.9 | AB18: =AA18/$AL$47 -> 165.19259 | AC18: 0 | AD18: 0 | AE18: 0 | AF18: 0 | AG18: =+AE18+AF18 -> 0 | AH18: 0 | AI18: =AH18/$AL$47 -> 0 | AJ18: 199.65 | AK18: 1677060 | AL18: =AK18/$AL$47 -> 129.24232
B19: 8 | C19: 2 | D19: 40 | E19: 10200 | F19: 10564956 | G19: 1960 | H19: 3045193.2 | I19: =F19+H19 -> 13610149 | J19: 1380 | K19: 1429376.4 | L19: 280 | M19: 435027.6 | N19: =+K19+M19 -> 1864404 | O19: =N19+I19 -> 15474553 | P19: =L19+J19+G19+E19 -> 13820 | U19: 0 | V19: =Y19+W19 -> 154.86 | W19: 77.43 | X19: 1391455.8 | Y19: 77.43 | Z19: 328704.29 | AA19: =Z19+X19 -> 1720160.1 | AB19: =AA19/$AL$47 -> 132.56382 | AC19: 0 | AD19: 0 | AE19: 50 | AF19: 0 | AG19: =+AE19+AF19 -> 50 | AH19: 524500 | AI19: =AH19/$AL$47 -> 40.420496 | AJ19: 111.25 | AK19: 934500 | AL19: =AK19/$AL$47 -> 72.017071
B20: 9 | C20: 1 | D20: 66 | E20: 10000 | F20: 10357800 | G20: 1800 | H20: 2796606 | I20: =F20+H20 -> 13154406 | J20: 1320 | K20: 1367229.6 | L20: 280 | M20: 435027.6 | N20: =+K20+M20 -> 1802257.2 | O20: =N20+I20 -> 14956663 | P20: =L20+J20+G20+E20 -> 13400 | U20: 0 | V20: =Y20+W20 -> 72.09 | W20: 0 | X20: 0 | Y20: 72.09 | Z20: 306035.03 | AA20: =Z20+X20 -> 306035.03 | AB20: =AA20/$AL$47 -> 23.584533 | AC20: 0 | AD20: 0 | AE20: 400 | AF20: 12 | AG20: =+AE20+AF20 -> 412 | AH20: 4335500 | AI20: =AH20/$AL$47 -> 334.11451 | AJ20: 157.78 | AK20: 1325352 | AL20: =AK20/$AL$47 -> 102.13801
B21: 10 | C21: 6 | D21: 40 | E21: 9960 | F21: 10316369 | G21: 1800 | H21: 2796606 | I21: =F21+H21 -> 13112975 | J21: 1320 | K21: 1367229.6 | L21: 280 | M21: 435027.6 | N21: =+K21+M21 -> 1802257.2 | O21: =N21+I21 -> 14915232 | P21: =L21+J21+G21+E21 -> 13360 | U21: 0 | V21: =Y21+W21 -> 126.38 | W21: 44.5 | X21: 799687.25 | Y21: 81.88 | Z21: 347595.34 | AA21: =Z21+X21 -> 1147282.6 | AB21: =AA21/$AL$47 -> 88.415123 | AC21: 0 | AD21: 0 | AE21: 0 | AF21: 36 | AG21: =+AE21+AF21 -> 36 | AH21: 418500 | AI21: =AH21/$AL$47 -> 32.251626 | AJ21: 43.22 | AK21: 363048 | AL21: =AK21/$AL$47 -> 27.978228
B22: 11 | C22: 6 | D22: 35 | E22: 10200 | F22: 10564956 | G22: 1760 | H22: 2734459.2 | I22: =F22+H22 -> 13299415 | J22: 1280 | K22: 1325798.4 | L22: 300 | M22: 466101 | N22: =+K22+M22 -> 1791899.4 | O22: =N22+I22 -> 15091315 | P22: =L22+J22+G22+E22 -> 13540 | U22: 0 | V22: =Y22+W22 -> 93.45 | W22: 11.57 | X22: 207918.68 | Y22: 81.88 | Z22: 347595.34 | AA22: =Z22+X22 -> 555514.02 | AB22: =AA22/$AL$47 -> 42.810587 | AC22: 0 | AD22: 0 | AE22: 0 | AF22: 0 | AG22: =+AE22+AF22 -> 0 | AH22: 0 | AI22: =AH22/$AL$47 -> 0 | AJ22: 110.14 | AK22: 925176 | AL22: =AK22/$AL$47 -> 71.298519
B23: 12 | C23: 0 | D23: 75 | E23: 10280 | F23: 10647818 | G23: 1760 | H23: 2734459.2 | I23: =F23+H23 -> 13382278 | J23: 1280 | K23: 1325798.4 | L23: 280 | M23: 435027.6 | N23: =+K23+M23 -> 1760826 | O23: =N23+I23 -> 15143104 | P23: =L23+J23+G23+E23 -> 13600 | U23: 0 | V23: =Y23+W23 -> 128.16 | W23: 44.5 | X23: 799687.25 | Y23: 83.66 | Z23: 355151.76 | AA23: =Z23+X23 -> 1154839 | AB23: =AA23/$AL$47 -> 88.997457 | AC23: 0 | AD23: 0 | AE23: 0 | AF23: 0 | AG23: =+AE23+AF23 -> 0 | AH23: 0 | AI23: =AH23/$AL$47 -> 0 | AJ23: 176.19 | AK23: 1479996 | AL23: =AK23/$AL$47 -> 114.05562
... B41: 30 | C41: 3 | D41: 78 | E41: 10720 | F41: 11103562 | G41: 2000 | H41: 3107340 | I41: =F41+H41 -> 14210902 | J41: 1320 | K41: 1367229.6 | L41: 280 | M41: 435027.6 | N41: =+K41+M41 -> 1802257.2 | O41: =N41+I41 -> 16013159 | P41: =L41+J41+G41+E41 -> 14320 | U41: 0 | V41: =Y41+W41 -> 78.32 | W41: 0 | X41: 0 | Y41: 78.32 | Z41: 332482.5 | AA41: =Z41+X41 -> 332482.5 | AB41: =AA41/$AL$47 -> 25.622703 | AC41: 0 | AD41: 0 | AE41: 0 | AF41: 12 | AG41: =+AE41+AF41 -> 12 | AH41: 139500 | AI41: =AH41/$AL$47 -> 10.750542 | AJ41: 165.95 | AK41: 1393980 | AL41: =AK41/$AL$47 -> 107.42681
C46: =SUM(C12:C42) -> 99 | D46: =SUM(D12:D42) -> 1853 | E46: =SUM(E12:E42) -> 305200 | F46: =SUM(F12:F42) -> 3.1612006e+08 | G46: =SUM(G12:G42) -> 55760 | H46: =SUM(H12:H42) -> 86632639 | I46: =SUM(I12:I42) -> 4.027527e+08 | J46: =SUM(J12:J42) -> 38020 | ... P46: =SUM(P12:P42) -> 407020 | Q46: =+#REF! -> #REF! | R46: =+#REF! -> #REF! | S46: =Q46+P46 -> #REF! | T46: =R46+O46 -> #REF! | U46: =T46/AL47 -> #REF! | V46: =SUM(V12:V41) -> 3916.89 | W46: =SUM(W12:W41) -> 1496.09 | X46: =SUM(X12:X41) -> 26885485 | Y46: =SUM(Y12:Y41) -> 2420.8 | Z46: =SUM(Z12:Z41) -> 10276732 | AA46: =SUM(AA12:AA41) -> 37162217 | AB46: =AA46/$AL$47 -> 2863.8995 | AC46: =SUM(AC12:AC41) -> 0 | AD46: =SUM(AD12:AD41) -> 0 | AE46: =SUM(AE12:AE41) -> 2350 | AF46: =SUM(AF12:AF41) -> 204 | AG46: =SUM(AG12:AG41) -> 2554 | AH46: =SUM(AH12:AH42) -> 27023000 | AI46: =AH46/$AL$47 -> 2082.5225 | AJ46: =SUM(AJ12:AJ42) -> 5156.27 | AK46: =SUM(AK12:AK42) -> 43312668 | AL46: =AK46/AL47 -> 3337.8828
T47: kWh rate | U47: =U46/S46 -> #REF! | V47: m3/RNs | AL47: 12976.09
W49: =W46/V46 -> 0.38195865

Sheet RNs & Covers September 2020
A1: Four Seasons Resort Bali at Jimbaran Bay
A2: 44075
A3: Date | B3: Room Nights | C3: Food Covers
A6: 1 | B6: 2 | C6: 46
A7: 2 | B7: 2 | C7: 74
A8: =A7+1 -> 3 | B8: 1 | C8: 49
A9: =A8+1 -> 4 | B9: 2 | C9: 85
A10: =A9+1 -> 5 | B10: 4 | C10: 91
A11: =A10+1 -> 6 | B11: 2 | C11: 98
A12: =A11+1 -> 7 | B12: 1 | C12: 52
A13: =A12+1 -> 8 | B13: 2 | C13: 40
A14: =A13+1 -> 9 | B14: 1 | C14: 66
A15: =A14+1 -> 10 | B15: 6 | C15: 40
A16: =A15+1 -> 11 | B16: 6 | C16: 35
A17: =A16+1 -> 12 | B17: 0 | C17: 75
A18: =A17+1 -> 13 | B18: 0 | C18: 80
A19: =A18+1 -> 14 | B19: 1 | C19: 25
... A35: =A34+1 -> 30 | B35: 3 | C35: 78
B37: =SUM(B6:B35) -> 99 | C37: =SUM(C6:C35) -> 1853
