Workbook

Sheet TOTAL
A1: Site Name | B1: Day | C1: Month | D1: Year | E1: Total Electricity Kwh | F1: Electricity Tariff ($/Kwh) | G1: Natual Gas (m3) | H1: Natural Gas $/m3 | I1: Water Utility Supply (m3) m3 | J1: Water Utility Supply (m3) $/m3 | K1: Room Nights
A2: Istanbul at Sultanahmet | B2: 1 | C2: 5 | D2: 2022 | E2: =Electricity!I4 -> #VALUE! | F2: 1.9 | G2: 0 | H2: 3.2 | I2: =Water!E4 -> 12228 | J2: 18.03 | K2: 0
A3: Istanbul at Sultanahmet | B3: =B2+1 -> 2 | C3: 5 | D3: 2022 | E3: =Electricity!I5 -> 2009.28 | F3: 0.8 | G3: =Gas!J5 -> 0 | H3: 3.2 | I3: =Water!E5 -> 12236 | J3: 18.03 | K3: 0
A4: Istanbul at Sultanahmet | B4: =B3+1 -> 3 | C4: 5 | D4: 2022 | E4: =Electricity!I6 -> 1843.68 | F4: 0.8 | G4: =Gas!J6 -> 0 | H4: 3.2 | I4: =Water!E6 -> 12238 | J4: 18.03 | K4: 0
A5: Istanbul at Sultanahmet | B5: =B4+1 -> 4 | C5: 5 | D5: 2022 | E5: =Electricity!I7 -> 1672.56 | F5: 0.8 | G5: =Gas!J7 -> 0 | H5: 3.2 | I5: =Water!E7 -> 12247 | J5: 18.03 | K5: 0
A6: Istanbul at Sultanahmet | B6: =B5+1 -> 5 | C6: 5 | D6: 2022 | E6: =Electricity!I8 -> -13405149 | F6: 0.8 | G6: =Gas!J8 -> -1192420.4 | H6: 3.2 | I6: =Water!E8 -> 0 | J6: 18.03 | K6: 0
A7: Istanbul at Sultanahmet | B7: =B6+1 -> 6 | C7: 5 | D7: 2022 | E7: =Electricity!I9 -> 0 | F7: 0.8 | G7: =Gas!J9 -> 0 | H7: 3.2 | I7: =Water!E9 -> 0 | J7: 18.03 | K7: 0
A8: Istanbul at Sultanahmet | B8: =B7+1 -> 7 | C8: 5 | D8: 2022 | E8: =Electricity!I10 -> 0 | F8: 0.8 | G8: =Gas!J10 -> 0 | H8: 3.2 | I8: =Water!E10 -> 0 | J8: 18.03 | K8: 0
A9: Istanbul at Sultanahmet | B9: =B8+1 -> 8 | C9: 5 | D9: 2022 | E9: =Electricity!I11 -> 0 | F9: 0.8 | G9: =Gas!J11 -> 0 | H9: 3.2 | I9: =Water!E11 -> 0 | J9: 18.03 | K9: 0
A10: Istanbul at Sultanahmet | B10: =B9+1 -> 9 | C10: 5 | D10: 2022 | E10: =Electricity!I12 -> 0 | F10: 0.8 | G10: =Gas!J12 -> 0 | H10: 3.2 | I10: =Water!E12 -> 0 | J10: 18.03 | K10: 0
A11: Istanbul at Sultanahmet | B11: =B10+1 -> 10 | C11: 5 | D11: 2022 | E11: =Electricity!I13 -> 0 | F11: 0.8 | G11: =Gas!J13 -> 0 | H11: 3.2 | I11: =Water!E13 -> 0 | J11: 18.03 | K11: 0
A12: Istanbul at Sultanahmet | B12: =B11+1 -> 11 | C12: 5 | D12: 2022 | E12: =Electricity!I14 -> 0 | F12: 0.8 | G12: =Gas!J14 -> 0 | H12: 3.2 | I12: =Water!E14 -> 0 | J12: 18.03 | K12: 0
A13: Istanbul at Sultanahmet | B13: =B12+1 -> 12 | C13: 5 | D13: 2022 | E13: =Electricity!I15 -> 0 | F13: 0.8 | G13: =Gas!J15 -> 0 | H13: 3.2 | I13: =Water!E15 -> 0 | J13: 18.03 | K13: 0
A14: Istanbul at Sultanahmet | B14: =B13+1 -> 13 | C14: 5 | D14: 2022 | E14: =Electricity!I16 -> 0 | F14: 0.8 | G14: =Gas!J16 -> 0 | H14: 3.2 | I14: =Water!E16 -> 0 | J14: 18.03 | K14: 0
... A32: Istanbul at Sultanahmet | B32: =B31+1 -> 31 | C32: 5 | D32: 2022 | E32: =Electricity!I34 -> 0 | F32: 0.8 | G32: =Gas!J34 -> 0 | H32: 3.2 | I32: =Water!E34 -> 0 | J32: 18.03 | K32: 0

Sheet Water
D1: WATER CONSUMPTION , MAY.2022
B3: Occ | C3: Weather | D3: DATE | E3: İSKİ Meter Reading | F3: Tanker Meter Reading | G3: Total (cu.m.) | H3: Daily Consumption (cu.m.)
D4: 44682 | E4: 12228 | F4: 1065 | G4: =E4+F5 -> 13293 | H4: =G4-G3 -> #VALUE!
D5: 44683 | E5: 12236 | F5: 1065 | G5: =E5+F6 -> 13301 | H5: =G5-G4 -> 8
D6: 44684 | E6: 12238 | F6: 1065 | G6: =E6+F7 -> 13303 | H6: =G6-G5 -> 2
D7: 44685 | E7: 12247 | F7: 1065 | G7: =E7+F8 -> 13312 | H7: =G7-G6 -> 9
D8: 44686 | F8: 1065 | G8: =E8+F9 -> 1065 | H8: =G8-G7 -> -12247
D9: 44687 | F9: 1065 | G9: =E9+F10 -> 1065 | H9: =G9-G8 -> 0
D10: 44688 | F10: 1065 | G10: =E10+F11 -> 1065 | H10: =G10-G9 -> 0
D11: 44689 | F11: 1065 | G11: =E11+F12 -> 1065 | H11: =G11-G10 -> 0
D12: 44690 | F12: 1065 | G12: =E12+F13 -> 1065 | H12: =G12-G11 -> 0
D13: 44691 | F13: 1065 | G13: =E13+F14 -> 1065 | H13: =G13-G12 -> 0
D14: 44692 | F14: 1065 | G14: =E14+F15 -> 1065 | H14: =G14-G13 -> 0
D15: 44693 | F15: 1065 | G15: =E15+F16 -> 1065 | H15: =G15-G14 -> 0
D16: 44694 | F16: 1065 | G16: =E16+F17 -> 1065 | H16: =G16-G15 -> 0
D17: 44695 | F17: 1065 | G17: =E17+F18 -> 1065 | H17: =G17-G16 -> 0
D18: 44696 | F18: 1065 | G18: =E18+F19 -> 1065 | H18: =G18-G17 -> 0
D19: 44697 | F19: 1065 | G19: =E19+F20 -> 1065 | H19: =G19-G18 -> 0
... D34: 44712 | F34: 1065 | G34: =E34+F35 -> 0 | H34: =G34-G33 -> -1065
D35: TOTAL | H35: =SUM(H4:H34) -> #VALUE!

Sheet Gas
D1: NATURAL GAS CONSUMPTION , MAY.2021
B3: OCCC | C3: WEATHER | D3: DATE | E3: Boiler Room Reading | F3: Kitchen Reading | G3: Total Reading | H3: Correct. Factor | I3: Total (cu.m.) | J3: Daily Cons. (cu.m.)
D4: 44682 | E4: 760795 | F4: 172142 | G4: =E4+F4 -> 932937 | H4: 1.278136 | I4: =H4*G4 -> 1192420.4 | J4: =I4-I3 -> #VALUE!
D5: 44683 | E5: 760795 | F5: 172142 | G5: =E5+F5 -> 932937 | H5: 1.278136 | I5: =H5*G5 -> 1192420.4 | J5: =I5-I4 -> 0
D6: 44684 | E6: 760795 | F6: 172142 | G6: =E6+F6 -> 932937 | H6: 1.278136 | I6: =H6*G6 -> 1192420.4 | J6: =I6-I5 -> 0
D7: 44685 | E7: 760795 | F7: 172142 | G7: =E7+F7 -> 932937 | H7: 1.278136 | I7: =H7*G7 -> 1192420.4 | J7: =I7-I6 -> 0
D8: 44686 | G8: =E8+F8 -> 0 | H8: 1.278136 | I8: =H8*G8 -> 0 | J8: =I8-I7 -> -1192420.4
D9: 44687 | G9: =E9+F9 -> 0 | H9: 1.278136 | I9: =H9*G9 -> 0 | J9: =I9-I8 -> 0
D10: 44688 | G10: =E10+F10 -> 0 | H10: 1.278136 | I10: =H10*G10 -> 0 | J10: =I10-I9 -> 0
D11: 44689 | G11: =E11+F11 -> 0 | H11: 1.278136 | I11: =H11*G11 -> 0 | J11: =I11-I10 -> 0
D12: 44690 | G12: =E12+F12 -> 0 | H12: 1.278136 | I12: =H12*G12 -> 0 | J12: =I12-I11 -> 0
D13: 44691 | G13: =E13+F13 -> 0 | H13: 1.278136 | I13: =H13*G13 -> 0 | J13: =I13-I12 -> 0
D14: 44692 | G14: =E14+F14 -> 0 | H14: 1.278136 | I14: =H14*G14 -> 0 | J14: =I14-I13 -> 0
D15: 44693 | G15: =E15+F15 -> 0 | H15: 1.278136 | I15: =H15*G15 -> 0 | J15: =I15-I14 -> 0
D16: 44694 | G16: =E16+F16 -> 0 | H16: 1.278136 | I16: =H16*G16 -> 0 | J16: =I16-I15 -> 0
D17: 44695 | G17: =E17+F17 -> 0 | H17: 1.278136 | I17: =H17*G17 -> 0 | J17: =I17-I16 -> 0
D18: 44696 | G18: =E18+F18 -> 0 | H18: 1.278136 | I18: =H18*G18 -> 0 | J18: =I18-I17 -> 0
D19: 44697 | G19: =E19+F19 -> 0 | H19: 1.278136 | I19: =H19*G19 -> 0 | J19: =I19-I18 -> 0
... D24: 44702 | G24: =E24+F24 -> 0 | H24: 1.278136 | I24: =H24*G24 -> 0 | J24: =I24-I23 -> 0
D25: 44703 | G25: =E25+F26 -> 0 | H25: 1.278136 | I25: =H25*G25 -> 0 | J25: =I25-I24 -> 0
D26: 44704 | G26: =E26+F27 -> 0 | H26: 1.278136 | I26: =H26*G26 -> 0 | J26: =I26-I25 -> 0
D27: 44705 | G27: =E27+F28 -> 0 | H27: 1.278136 | I27: =H27*G27 -> 0 | J27: =I27-I26 -> 0
D28: 44706 | G28: =E28+F29 -> 0 | H28: 1.278136 | I28: =H28*G28 -> 0 | J28: =I28-I27 -> 0
D29: 44707 | G29: =E29+F30 -> 0 | H29: 1.278136 | I29: =H29*G29 -> 0 | J29: =I29-I28 -> 0
D30: 44708 | G30: =E30+F31 -> 0 | H30: 1.278136 | I30: =H30*G30 -> 0 | J30: =I30-I29 -> 0
D31: 44709 | G31: =E31+F32 -> 0 | H31: 1.278136 | I31: =H31*G31 -> 0 | J31: =I31-I30 -> 0
D32: 44710 | G32: =E32+F33 -> 0 | H32: 1.278136 | I32: =H32*G32 -> 0 | J32: =I32-I31 -> 0
D33: 44711 | G33: =E33+F34 -> 0 | H33: 1.278136 | I33: =H33*G33 -> 0 | J33: =I33-I32 -> 0
D34: 44712 | G34: =E34+F35 -> 0 | H34: 1.278136 | I34: =H34*G34 -> 0 | J34: =I34-I33 -> 0
D35: TOTAL | J35: =SUM(J4:J34) -> #VALUE!
L37: =+AVERAGE(J4:J8) -> #VALUE! | M37: =+(L37*31) -> #VALUE!

Sheet Electricity
E1: ELECTRICITY CONSUMPTION , MAYIS.2022
C3: Occ. Rooms | D3: Weather C | E3: DATE | F3: Meter Reading (Active) | G3: Meter Multiplier | H3: Total (kWh) | I3: Daily Consumption (kWh)
C4: 1300 | D4: 3200 | E4: 44682 | F4: 4854.936 | G4: 2760 | H4: =G4*F4 -> 13399623 | I4: =H4-H3 -> #VALUE!
C5: 1000 | D5: 3400 | E5: 44683 | F5: 4855.664 | G5: 2760 | H5: =G5*F5 -> 13401633 | I5: =H5-H4 -> 2009.28
C6: 1000 | D6: 3200 | E6: 44684 | F6: 4856.332 | G6: 2760 | H6: =G6*F6 -> 13403476 | I6: =H6-H5 -> 1843.68
C7: 700 | D7: 3300 | E7: 44685 | F7: 4856.938 | G7: 2760 | H7: =G7*F7 -> 13405149 | I7: =H7-H6 -> 1672.56
C8: 700 | D8: 2900 | E8: 44686 | G8: 2760 | H8: =G8*F8 -> 0 | I8: =H8-H7 -> -13405149
C9: 1500 | D9: 2600 | E9: 44687 | G9: 2760 | H9: =G9*F9 -> 0 | I9: =H9-H8 -> 0
C10: 1900 | D10: 2700 | E10: 44688 | G10: 2760 | H10: =G10*F10 -> 0 | I10: =H10-H9 -> 0
C11: 2200 | D11: 2700 | E11: 44689 | G11: 2760 | H11: =G11*F11 -> 0 | I11: =H11-H10 -> 0
C12: 2600 | D12: 2700 | E12: 44690 | G12: 2760 | H12: =G12*F12 -> 0 | I12: =H12-H11 -> 0
C13: 1500 | D13: 2700 | E13: 44691 | G13: 2760 | H13: =G13*F13 -> 0 | I13: =H13-H12 -> 0
C14: 1800 | D14: 2700 | E14: 44692 | G14: 2760 | H14: =G14*F14 -> 0 | I14: =H14-H13 -> 0
C15: 1400 | D15: 2800 | E15: 44693 | G15: 2760 | H15: =G15*F15 -> 0 | I15: =H15-H14 -> 0
C16: 1600 | D16: 2900 | E16: 44694 | G16: 2760 | H16: =G16*F16 -> 0 | I16: =H16-H15 -> 0
C17: 1700 | D17: 3000 | E17: 44695 | G17: 2760 | H17: =G17*F17 -> 0 | I17: =H17-H16 -> 0
C18: 1100 | D18: 3000 | E18: 44696 | G18: 2760 | H18: =G18*F18 -> 0 | I18: =H18-H17 -> 0
C19: 500 | D19: 3500 | E19: 44697 | G19: 2760 | H19: =G19*F19 -> 0 | I19: =H19-H18 -> 0
... C33: 900 | D33: 3000 | E33: 44711 | G33: 2760 | H33: =G33*F33 -> 0 | I33: =H33-H32 -> 0
E34: 44712 | G34: 2760 | H34: =G34*F34 -> 0 | I34: =H34-H33 -> 0
E36: TOTAL | I36: =SUM(I4:I34) -> #VALUE!
D38: BİRİM FİYAT : 0.29 TL/m3 + KDV
