Workbook
Name Electricity: DAILY!$A$1:$I$41
Name GASHP: DAILY!$K$1:$Q$42
Name GASLP: DAILY!$K$44:$Q$84
Name GASWW: DAILY!$K$94:$Q$134
Name WATER: DAILY!$A$43:$G$83

Sheet Apr
A1: Site Name | B1: Day | C1: Month | D1: Year | E1: Total Electricity Kwh | F1: Electricity Tariff ($/Kwh) | G1: Natual Gas (m3) | H1: Natural Gas $/m3 | I1: Water Utility Supply (m3) m3 | J1: Water Utility Supply (m3) $/m3 | K1: Room Nights
A2: Washington DC | B2: 1 | C2: 4 | D2: 2022 | E2: 22200 | F2: =DAILY!D7 -> 0.0781 | G2: 914 | H2: 1.08 | I2: 669 | J2: 4.65 | K2: 153
A3: Washington DC | B3: =B2+1 -> 2 | C3: 4 | D3: 2022 | E3: 20400 | F3: =F2 -> 0.0781 | G3: 791 | H3: =H2 -> 1.08 | I3: 592 | J3: =J2 -> 4.65 | K3: 177
A4: Washington DC | B4: =B3+1 -> 3 | C4: 4 | D4: 2022 | E4: 81600 | F4: =F3 -> 0.0781 | G4: 1364 | H4: =H3 -> 1.08 | I4: 604 | J4: =J3 -> 4.65 | K4: 85
A5: Washington DC | B5: =B4+1 -> 4 | C5: 4 | D5: 2022 | E5: 75600 | F5: =F4 -> 0.0781 | G5: 413 | H5: =H4 -> 1.08 | I5: 648 | J5: =J4 -> 4.65 | K5: 103
A6: Washington DC | B6: =B5+1 -> 5 | C6: 4 | D6: 2022 | E6: 102000 | F6: =F5 -> 0.0781 | G6: 3870 | H6: =H5 -> 1.08 | I6: 441 | J6: =J5 -> 4.65 | K6: 113
A7: Washington DC | B7: =B6+1 -> 6 | C7: 4 | D7: 2022 | E7: 77400 | F7: =F6 -> 0.0781 | G7: 930 | H7: =H6 -> 1.08 | I7: 451 | J7: =J6 -> 4.65 | K7: 134
A8: Washington DC | B8: =B7+1 -> 7 | C8: 4 | D8: 2022 | E8: 79200 | F8: =F7 -> 0.0781 | G8: 429 | H8: =H7 -> 1.08 | I8: 240 | J8: =J7 -> 4.65 | K8: 201
A9: Washington DC | B9: =B8+1 -> 8 | C9: 4 | D9: 2022 | E9: 89200 | F9: =F8 -> 0.0781 | G9: 1469 | H9: =H8 -> 1.08 | I9: 1325 | J9: =J8 -> 4.65 | K9: 200
A10: Washington DC | B10: =B9+1 -> 9 | C10: 4 | D10: 2022 | E10: 19800 | F10: =F9 -> 0.0781 | G10: 852 | H10: =H9 -> 1.08 | I10: 649 | J10: =J9 -> 4.65 | K10: 181
A11: Washington DC | B11: =B10+1 -> 10 | C11: 4 | D11: 2022 | E11: 69000 | F11: =F10 -> 0.0781 | G11: 1126 | H11: =H10 -> 1.08 | I11: 786 | J11: =J10 -> 4.65 | K11: 84
A12: Washington DC | B12: =B11+1 -> 11 | C12: 4 | D12: 2022 | E12: 70200 | F12: =F11 -> 0.0781 | G12: 1258 | H12: =H11 -> 1.08 | I12: 507 | J12: =J11 -> 4.65 | K12: 149
A13: Washington DC | B13: =B12+1 -> 12 | C13: 4 | D13: 2022 | E13: 62400 | F13: =F12 -> 0.0781 | G13: 339 | H13: =H12 -> 1.08 | I13: 750 | J13: =J12 -> 4.65 | K13: 77
A14: Washington DC | B14: =B13+1 -> 13 | C14: 4 | D14: 2022 | E14: 66000 | F14: =F13 -> 0.0781 | G14: 976 | H14: =H13 -> 1.08 | I14: 613 | J14: =J13 -> 4.65 | K14: 65
... A31: Washington DC | B31: =B30+1 -> 30 | C31: 4 | D31: 2022 | E31: 16200 | F31: =F30 -> 0.0781 | G31: 872 | H31: =H30 -> 1.08 | I31: 588 | J31: =J30 -> 4.65 | K31: 197

Sheet DAILY
A1: DAILY ENERGY CONSUMPTION | K1: DAILY ENERGY CONSUMPTION
B2: For the month July 2021 | L2: For the month of July 2021.
D4: Meter A | E4: Meter B | F4: Meter A # 1182080412-8 Meter B # 12089312810 | K4: end of last month reading | N4: Meter # 615942
A5: end of last month reading | D5: 52554 | E5: 20699 | L5: 1588100 | M5: unit cost
F6: Area- Serves whole building | M6: 1.08 | N6: Area: Plant for Hot water boilers, steam boiler.
A7: ELECTRICITY | D7: 0.0781
K8: GAS HP
A9: date | B9: Reading "A" | C9: Reading "B" | D9: Meter A kwh ( x 600) | E9: Meter B kwh ( x 600) | F9: rooms occ | G9: cost/day | H9: cost /occ room | I9: remarks | K9: date | L9: meter reading | M9: therms consumption | N9: rooms occ | O9: cost/day | P9: cost /occ room | S9: =7446.43/24513.7 -> 0.30376606
A10: 1 | B10: 52570 | C10: 20721 | D10: =SUM(B10-D5)*600 -> 9600 | E10: =SUM(C10-E5)*600 -> 13200 | F10: 66 | G10: =SUM(D10*D$7)+SUM(E10*D$7) -> 1780.68 | K10: 1 | L10: 1588250 | M10: =SUM(L10-L5) -> 150 | N10: 66 | O10: =SUM(M10*M$6) -> 162 | P10: =IF(N10=0,"",O10/N10) -> 2.4545455
A11: 2 | B11: 52586 | C11: 20741 | D11: =SUM(B11-B10)*600 -> 9600 | E11: =SUM(C11-C10)*600 -> 12000 | F11: 102 | G11: =SUM(D11*D$7)+SUM(E11*D$7) -> 1686.96 | K11: 2 | L11: 1588349 | M11: =SUM(L11-L10) -> 99 | N11: 102 | O11: =SUM(M11*M$6) -> 106.92 | P11: =IF(N11=0,"",O11/N11) -> 1.0482353
A12: 3 | B12: 52605 | C12: 20762 | D12: =SUM(B12-B11)*600 -> 11400 | E12: =SUM(C12-C11)*600 -> 12600 | F12: 130 | G12: =SUM(D12*D$7)+SUM(E12*D$7) -> 1874.4 | K12: 3 | L12: 1588472 | M12: =SUM(L12-L11) -> 123 | N12: 130 | O12: =SUM(M12*M$6) -> 132.84 | P12: =IF(N12=0,"",O12/N12) -> 1.0218462
A13: 4 | B13: 52628 | C13: 20787 | D13: =SUM(B13-B12)*600 -> 13800 | E13: =SUM(C13-C12)*600 -> 15000 | F13: 123 | G13: =SUM(D13*D$7)+SUM(E13*D$7) -> 2249.28 | K13: 4 | L13: 1588703 | M13: =SUM(L13-L12) -> 231 | N13: 123 | O13: =SUM(M13*M$6) -> 249.48 | P13: =IF(N13=0,"",O13/N13) -> 2.0282927
A14: 5 | B14: 52641 | C14: 20805 | D14: =SUM(B14-B13)*600 -> 7800 | E14: =SUM(C14-C13)*600 -> 10800 | F14: 130 | G14: =SUM(D14*D$7)+SUM(E14*D$7) -> 1452.66 | K14: 5 | L14: 1588817 | M14: =SUM(L14-L13) -> 114 | N14: 130 | O14: =SUM(M14*M$6) -> 123.12 | P14: =IF(N14=0,"",O14/N14) -> 0.94707692
A15: 6 | B15: 52665 | C15: 20837 | D15: =SUM(B15-B14)*600 -> 14400 | E15: =SUM(C15-C14)*600 -> 19200 | F15: 126 | G15: =SUM(D15*D$7)+SUM(E15*D$7) -> 2624.16 | K15: 6 | L15: 1588958 | M15: =SUM(L15-L14) -> 141 | N15: 126 | O15: =SUM(M15*M$6) -> 152.28 | P15: =IF(N15=0,"",O15/N15) -> 1.2085714
A16: 7 | B16: 52682 | C16: 20853 | D16: =SUM(B16-B15)*600 -> 10200 | E16: =SUM(C16-C15)*600 -> 9600 | F16: 116 | G16: =SUM(D16*D$7)+SUM(E16*D$7) -> 1546.38 | K16: 7 | L16: 1589121 | M16: =SUM(L16-L15) -> 163 | N16: 116 | O16: =SUM(M16*M$6) -> 176.04 | P16: =IF(N16=0,"",O16/N16) -> 1.5175862
A17: 8 | B17: 52699 | C17: 20873 | D17: =SUM(B17-B16)*600 -> 10200 | E17: =SUM(C17-C16)*600 -> 12000 | F17: 61 | G17: =SUM(D17*D$7)+SUM(E17*D$7) -> 1733.82 | K17: 8 | L17: 1589324 | M17: =SUM(L17-L16) -> 203 | N17: 61 | O17: =SUM(M17*M$6) -> 219.24 | P17: =IF(N17=0,"",O17/N17) -> 3.5940984
A18: 9 | B18: 52719 | C18: 20898 | D18: =SUM(B18-B17)*600 -> 12000 | E18: =SUM(C18-C17)*600 -> 15000 | F18: 72 | G18: =SUM(D18*D$7)+SUM(E18*D$7) -> 2108.7 | K18: 9 | L18: 1589452 | M18: =SUM(L18-L17) -> 128 | N18: 72 | O18: =SUM(M18*M$6) -> 138.24 | P18: =IF(N18=0,"",O18/N18) -> 1.92
A19: 10 | B19: 52738 | C19: 20919 | D19: =SUM(B19-B18)*600 -> 11400 | E19: =SUM(C19-C18)*600 -> 12600 | F19: 83 | G19: =SUM(D19*D$7)+SUM(E19*D$7) -> 1874.4 | K19: 10 | L19: 1589616 | M19: =SUM(L19-L18) -> 164 | N19: 83 | O19: =SUM(M19*M$6) -> 177.12 | P19: =IF(N19=0,"",O19/N19) -> 2.1339759
A20: 11 | B20: 52753 | C20: 20942 | D20: =SUM(B20-B19)*600 -> 9000 | E20: =SUM(C20-C19)*600 -> 13800 | F20: 96 | G20: =SUM(D20*D$7)+SUM(E20*D$7) -> 1780.68 | K20: 11 | L20: 1589838 | M20: =SUM(L20-L19) -> 222 | N20: 96 | O20: =SUM(M20*M$6) -> 239.76 | P20: =IF(N20=0,"",O20/N20) -> 2.4975
A21: 12 | B21: 52781 | C21: 20970 | D21: =SUM(B21-B20)*600 -> 16800 | E21: =SUM(C21-C20)*600 -> 16800 | F21: 121 | G21: =SUM(D21*D$7)+SUM(E21*D$7) -> 2624.16 | K21: 12 | L21: 1589978 | M21: =SUM(L21-L20) -> 140 | N21: 121 | O21: =SUM(M21*M$6) -> 151.2 | P21: =IF(N21=0,"",O21/N21) -> 1.2495868
A22: 13 | B22: 52800 | C22: 20991 | D22: =SUM(B22-B21)*600 -> 11400 | E22: =SUM(C22-C21)*600 -> 12600 | F22: 136 | G22: =SUM(D22*D$7)+SUM(E22*D$7) -> 1874.4 | K22: 13 | L22: 1590099 | M22: =SUM(L22-L21) -> 121 | N22: 136 | O22: =SUM(M22*M$6) -> 130.68 | P22: =IF(N22=0,"",O22/N22) -> 0.96088235
A23: 14 | B23: 52818 | C23: 21011 | D23: =SUM(B23-B22)*600 -> 10800 | E23: =SUM(C23-C22)*600 -> 12000 | F23: 171 | G23: =SUM(D23*D$7)+SUM(E23*D$7) -> 1780.68 | K23: 14 | L23: 1590287 | M23: =SUM(L23-L22) -> 188 | N23: 171 | O23: =SUM(M23*M$6) -> 203.04 | P23: =IF(N23=0,"",O23/N23) -> 1.1873684
A24: 15 | D24: =SUM(B24-B23)*600 -> -31690800 | E24: =SUM(C24-C23)*600 -> -12606600 | G24: =SUM(D24*D$7)+SUM(E24*D$7) -> -3459626.9 | K24: 15 | M24: =SUM(L24-L23) -> -1590287 | O24: =SUM(M24*M$6) -> -1717510 | P24: =IF(N24=0,"",O24/N24)
A25: 16 | D25: =SUM(B25-B24)*600 -> 0 | E25: =SUM(C25-C24)*600 -> 0 | G25: =SUM(D25*D$7)+SUM(E25*D$7) -> 0 | K25: 16 | M25: =SUM(L25-L24) -> 0 | O25: =SUM(M25*M$6) -> 0 | P25: =IF(N25=0,"",O25/N25)
A26: 17 | D26: =SUM(B26-B25)*600 -> 0 | E26: =SUM(C26-C25)*600 -> 0 | G26: =SUM(D26*D$7)+SUM(E26*D$7) -> 0 | K26: 17 | M26: =SUM(L26-L25) -> 0 | O26: =SUM(M26*M$6) -> 0 | P26: =IF(N26=0,"",O26/N26)
A27: 18 | D27: =SUM(B27-B26)*600 -> 0 | E27: =SUM(C27-C26)*600 -> 0 | G27: =SUM(D27*D$7)+SUM(E27*D$7) -> 0 | K27: 18 | M27: =SUM(L27-L26) -> 0 | O27: =SUM(M27*M$6) -> 0 | P27: =IF(N27=0,"",O27/N27)
A28: 19 | D28: =SUM(B28-B27)*600 -> 0 | E28: =SUM(C28-C27)*600 -> 0 | G28: =SUM(D28*D$7)+SUM(E28*D$7) -> 0 | K28: 19 | M28: =SUM(L28-L27) -> 0 | O28: =SUM(M28*M$6) -> 0 | P28: =IF(N28=0,"",O28/N28)
A29: 20 | D29: =SUM(B29-B28)*600 -> 0 | E29: =SUM(C29-C28)*600 -> 0 | G29: =SUM(D29*D$7)+SUM(E29*D$7) -> 0 | K29: 20 | M29: =SUM(L29-L28) -> 0 | O29: =SUM(M29*M$6) -> 0 | P29: =IF(N29=0,"",O29/N29)
A30: 21 | D30: =SUM(B30-B29)*600 -> 0 | E30: =SUM(C30-C29)*600 -> 0 | G30: =SUM(D30*D$7)+SUM(E30*D$7) -> 0 | K30: 21 | M30: =SUM(L30-L29) -> 0 | O30: =SUM(M30*M$6) -> 0 | P30: =IF(N30=0,"",O30/N30)
A31: 22 | D31: =SUM(B31-B30)*600 -> 0 | E31: =SUM(C31-C30)*600 -> 0 | G31: =SUM(D31*D$7)+SUM(E31*D$7) -> 0 | K31: 22 | M31: =SUM(L31-L30) -> 0 | O31: =SUM(M31*M$6) -> 0 | P31: =IF(N31=0,"",O31/N31)
A32: 23 | D32: =SUM(B32-B31)*600 -> 0 | E32: =SUM(C32-C31)*600 -> 0 | G32: =SUM(D32*D$7)+SUM(E32*D$7) -> 0 | K32: 23 | M32: =SUM(L32-L31) -> 0 | O32: =SUM(M32*M$6) -> 0 | P32: =IF(N32=0,"",O32/N32)
A33: 24 | D33: =SUM(B33-B32)*600 -> 0 | E33: =SUM(C33-C32)*600 -> 0 | G33: =SUM(D33*D$7)+SUM(E33*D$7) -> 0 | K33: 24 | M33: =SUM(L33-L32) -> 0 | O33: =SUM(M33*M$6) -> 0 | P33: =IF(N33=0,"",O33/N33)
A34: 25 | D34: =SUM(B34-B33)*600 -> 0 | E34: =SUM(C34-C33)*600 -> 0 | G34: =SUM(D34*D$7)+SUM(E34*D$7) -> 0 | K34: 25 | M34: =SUM(L34-L33) -> 0 | O34: =SUM(M34*M$6) -> 0 | P34: =IF(N34=0,"",O34/N34)
A35: 26 | D35: =SUM(B35-B34)*600 -> 0 | E35: =SUM(C35-C34)*600 -> 0 | G35: =SUM(D35*D$7)+SUM(E35*D$7) -> 0 | K35: 26 | M35: =SUM(L35-L34) -> 0 | O35: =SUM(M35*M$6) -> 0 | P35: =IF(N35=0,"",O35/N35)
... A40: 31 | D40: =SUM(B40-B39)*600 -> 0 | E40: =SUM(C40-C39)*600 -> 0 | G40: =SUM(D40*D$7)+SUM(E40*D$7) -> 0 | K40: 31 | M40: =SUM(L40-L39) -> 0 | O40: =SUM(M40*M$6) -> 0 | P40: =IF(N40=0,"",O40/N40)
A41: Total | D41: =SUM(D10:D40) -> -31532400 | E41: =SUM(E10:E40) -> -12419400 | F41: =SUM(F10:F40) -> 1533 | G41: =SUM(G10:G40) -> -3432635.6 | H41: =G41/F41 -> -2239.1622 | K41: Total | M41: =SUM(M10:M40) -> -1588100 | N41: =SUM(N10:N40) -> 1533 | O41: =SUM(M41*0.15) -> -238215 | P41: =IF(N41=0,"",O41/N41) -> -155.39139
A43: DAILY ENERGY CONSUMPTION | K43: DAILY ENERGY CONSUMPTION
A44: For the month of July 2021. | L44: For the month of July 2021.
A46: end of last month reading | F46: Meter # 16096382A | K46: end of last month reading | N46: Meter # 174863
B47: 13468 | C47: 13717 | E47: unit cost | F47: BYPASS METER# 16096382B | L47: 96588 | M47: unit cost
E48: 4.65 | F48: Area | M48: 1.08 | N48: Area: Fire pits,Kitchens,BSDC,Laundry
A49: WATER
K50: GAS LP
A51: date | B51: meter reading "A" | C51: meter reading "B" | D51: CCF consumption | E51: rooms occ | F51: cost/day | G51: cost /occ room | K51: date | L51: meter reading | M51: therms consumption | N51: rooms occ | O51: cost/day | P51: cost /occ room
A52: 1 | B52: 13802 | C52: 14081 | D52: =SUM(B52-B47)+(C52-C47) -> 698 | E52: 66 | F52: =SUM(D52*E$48) -> 3245.7 | K52: 1 | L52: 96610 | M52: =SUM(L52-L47) -> 22 | N52: 66 | O52: =SUM(M52*M$48) -> 23.76 | P52: =IF(N52=0,"",O52/N52) -> 0.36
A53: 2 | B53: 13995 | C53: 14301 | D53: =SUM(B53-B52)+(C53-C52) -> 413 | E53: 102 | F53: =SUM(D53*E$48) -> 1920.45 | K53: 2 | L53: 96738 | M53: =SUM(L53-L52) -> 128 | N53: 102 | O53: =SUM(M53*M$48) -> 138.24 | P53: =IF(N53=0,"",O53/N53) -> 1.3552941
A54: 3 | B54: 14326 | C54: 14587 | D54: =SUM(B54-B53)+(C54-C53) -> 617 | E54: 130 | F54: =SUM(D54*E$48) -> 2869.05 | K54: 3 | L54: 96830 | M54: =SUM(L54-L53) -> 92 | N54: 130 | O54: =SUM(M54*M$48) -> 99.36 | P54: =IF(N54=0,"",O54/N54) -> 0.76430769
A55: 4 | B55: 14717 | C55: 14973 | D55: =SUM(B55-B54)+(C55-C54) -> 777 | E55: 123 | F55: =SUM(D55*E$48) -> 3613.05 | K55: 4 | L55: 96942 | M55: =SUM(L55-L54) -> 112 | N55: 123 | O55: =SUM(M55*M$48) -> 120.96 | P55: =IF(N55=0,"",O55/N55) -> 0.98341463
A56: 5 | B56: 14928 | C56: 15211 | D56: =SUM(B56-B55)+(C56-C55) -> 449 | E56: 130 | F56: =SUM(D56*E$48) -> 2087.85 | K56: 5 | L56: 97002 | M56: =SUM(L56-L55) -> 60 | N56: 130 | O56: =SUM(M56*M$48) -> 64.8 | P56: =IF(N56=0,"",O56/N56) -> 0.49846154
A57: 6 | B57: 15266 | C57: 15611 | D57: =SUM(B57-B56)+(C57-C56) -> 738 | E57: 126 | F57: =SUM(D57*E$48) -> 3431.7 | K57: 6 | L57: 97114 | M57: =SUM(L57-L56) -> 112 | N57: 126 | O57: =SUM(M57*M$48) -> 120.96 | P57: =IF(N57=0,"",O57/N57) -> 0.96
A58: 7 | B58: 15576 | C58: 15906 | D58: =SUM(B58-B57)+(C58-C57) -> 605 | E58: 116 | F58: =SUM(D58*E$48) -> 2813.25 | K58: 7 | L58: 97217 | M58: =SUM(L58-L57) -> 103 | N58: 116 | O58: =SUM(M58*M$48) -> 111.24 | P58: =IF(N58=0,"",O58/N58) -> 0.95896552
A59: 8 | B59: 16256 | C59: 15983 | D59: =SUM(B59-B58)+(C59-C58) -> 757 | E59: 61 | F59: =SUM(D59*E$48) -> 3520.05 | K59: 8 | L59: 97311 | M59: =SUM(L59-L58) -> 94 | N59: 61 | O59: =SUM(M59*M$48) -> 101.52 | P59: =IF(N59=0,"",O59/N59) -> 1.6642623
A60: 9 | B60: 16221 | C60: 16512 | D60: =SUM(B60-B59)+(C60-C59) -> 494 | E60: 72 | F60: =SUM(D60*E$48) -> 2297.1 | K60: 9 | L60: 97384 | M60: =SUM(L60-L59) -> 73 | N60: 72 | O60: =SUM(M60*M$48) -> 78.84 | P60: =IF(N60=0,"",O60/N60) -> 1.095
A61: 10 | B61: 16471 | C61: 16801 | D61: =SUM(B61-B60)+(C61-C60) -> 539 | E61: 83 | F61: =SUM(D61*E$48) -> 2506.35 | K61: 10 | L61: 97475 | M61: =SUM(L61-L60) -> 91 | N61: 83 | O61: =SUM(M61*M$48) -> 98.28 | P61: =IF(N61=0,"",O61/N61) -> 1.1840964
A62: 11 | B62: 16882 | C62: 17200 | D62: =SUM(B62-B61)+(C62-C61) -> 810 | E62: 96 | F62: =SUM(D62*E$48) -> 3766.5 | K62: 11 | L62: 97516 | M62: =SUM(L62-L61) -> 41 | N62: 96 | O62: =SUM(M62*M$48) -> 44.28 | P62: =IF(N62=0,"",O62/N62) -> 0.46125
A63: 12 | B63: 17156 | C63: 17496 | D63: =SUM(B63-B62)+(C63-C62) -> 570 | E63: 121 | F63: =SUM(D63*E$48) -> 2650.5 | K63: 12 | L63: 97682 | M63: =SUM(L63-L62) -> 166 | N63: 121 | O63: =SUM(M63*M$48) -> 179.28 | P63: =IF(N63=0,"",O63/N63) -> 1.4816529
A64: 13 | B64: 17429 | C64: 17444 | D64: =SUM(B64-B63)+(C64-C63) -> 221 | E64: 136 | F64: =SUM(D64*E$48) -> 1027.65 | K64: 13 | L64: 97746 | M64: =SUM(L64-L63) -> 64 | N64: 136 | O64: =SUM(M64*M$48) -> 69.12 | P64: =IF(N64=0,"",O64/N64) -> 0.50823529
A65: 14 | B65: 17907 | C65: 18131 | D65: =SUM(B65-B64)+(C65-C64) -> 1165 | E65: 171 | F65: =SUM(D65*E$48) -> 5417.25 | K65: 14 | L65: 97847 | M65: =SUM(L65-L64) -> 101 | N65: 171 | O65: =SUM(M65*M$48) -> 109.08 | P65: =IF(N65=0,"",O65/N65) -> 0.63789474
A66: 15 | D66: =SUM(D52:D65) -> 8853 | F66: =SUM(D66*E$48) -> 41166.45 | K66: 15 | M66: =SUM(L66-L65) -> -97847 | O66: =SUM(M66*M$48) -> -105674.76 | P66: =IF(N66=0,"",O66/N66)
A67: 16 | D67: =SUM(B67-B66)+(C67-C66) -> 0 | F67: =SUM(D67*E$48) -> 0 | K67: 16 | M67: =SUM(L67-L66) -> 0 | O67: =SUM(M67*M$48) -> 0 | P67: =IF(N67=0,"",O67/N67)
A68: 17 | D68: =SUM(B68-B67)+(C68-C67) -> 0 | F68: =SUM(D68*E$48) -> 0 | K68: 17 | M68: =SUM(L68-L67) -> 0 | O68: =SUM(M68*M$48) -> 0 | P68: =IF(N68=0,"",O68/N68)
A69: 18 | D69: =SUM(B69-B68)+(C69-C68) -> 0 | F69: =SUM(D69*E$48) -> 0 | K69: 18 | M69: =SUM(L69-L68) -> 0 | O69: =SUM(M69*M$48) -> 0 | P69: =IF(N69=0,"",O69/N69)
A70: 19 | D70: =SUM(B70-B69)+(C70-C69) -> 0 | F70: =SUM(D70*E$48) -> 0 | K70: 19 | M70: =SUM(L70-L69) -> 0 | O70: =SUM(M70*M$48) -> 0 | P70: =IF(N70=0,"",O70/N70)
A71: 20 | D71: =SUM(B71-B70)+(C71-C70) -> 0 | F71: =SUM(D71*E$48) -> 0 | K71: 20 | M71: =SUM(L71-L70) -> 0 | O71: =SUM(M71*M$48) -> 0 | P71: =IF(N71=0,"",O71/N71)
A72: 21 | D72: =SUM(B72-B71)+(C72-C71) -> 0 | F72: =SUM(D72*E$48) -> 0 | K72: 21 | M72: =SUM(L72-L71) -> 0 | O72: =SUM(M72*M$48) -> 0 | P72: =IF(N72=0,"",O72/N72)
A73: 22 | D73: =SUM(B73-B72)+(C73-C72) -> 0 | F73: =SUM(D73*E$48) -> 0 | K73: 22 | M73: =SUM(L73-L72) -> 0 | O73: =SUM(M73*M$48) -> 0 | P73: =IF(N73=0,"",O73/N73)
A74: 23 | D74: =SUM(B74-B73)+(C74-C73) -> 0 | F74: =SUM(D74*E$48) -> 0 | K74: 23 | M74: =SUM(L74-L73) -> 0 | O74: =SUM(M74*M$48) -> 0 | P74: =IF(N74=0,"",O74/N74)
A75: 24 | D75: =SUM(B75-B74)+(C75-C74) -> 0 | F75: =SUM(D75*E$48) -> 0 | K75: 24 | M75: =SUM(L75-L74) -> 0 | O75: =SUM(M75*M$48) -> 0 | P75: =IF(N75=0,"",O75/N75)
A76: 25 | D76: =SUM(B76-B75)+(C76-C75) -> 0 | F76: =SUM(D76*E$48) -> 0 | K76: 25 | M76: =SUM(L76-L75) -> 0 | O76: =SUM(M76*M$48) -> 0 | P76: =IF(N76=0,"",O76/N76)
A77: 26 | D77: =SUM(B77-B76)+(C77-C76) -> 0 | F77: =SUM(D77*E$48) -> 0 | K77: 26 | M77: =SUM(L77-L76) -> 0 | O77: =SUM(M77*M$48) -> 0 | P77: =IF(N77=0,"",O77/N77)
A78: 27 | D78: =SUM(B78-B77)+(C78-C77) -> 0 | F78: =SUM(D78*E$48) -> 0 | K78: 27 | M78: =SUM(L78-L77) -> 0 | O78: =SUM(M78*M$48) -> 0 | P78: =IF(N78=0,"",O78/N78)
... A82: 31 | D82: =SUM(B82-B81)+(C82-C81) -> 0 | F82: =SUM(D82*E$48) -> 0 | K82: 31 | M82: =SUM(L82-L81) -> 0 | O82: =SUM(M82*M$48) -> 0 | P82: =IF(N82=0,"",O82/N82)
A83: Total | D83: =SUM(D52:D82) -> 17706 | E83: =SUM(E52:E82) -> 1533 | F83: =SUM(F52:F82) -> 82332.9 | G83: =SUM(G52:G82) -> 0 | K83: Total | M83: =SUM(M52:M82) -> -96588 | N83: =SUM(N52:N82) -> 1533 | O83: =SUM(M83*0.15) -> -14488.2 | P83: =IF(N83=0,"",O83/N83) -> -9.4508806
K94: DAILY ENERGY CONSUMPTION
L95: For the month of July 2021
K97: end of last month reading | N97: Meter # Z43884
L98: 35352 | M98: unit cost
M99: 1.08 | N99: Area: West Wing Gas Heaters ( hot water guest rooms)
K101: GAS West Wing
K102: date | L102: meter reading | M102: therms consumption | N102: rooms occ | O102: cost/day | P102: cost /occ room
K103: 1 | L103: 35367 | M103: =SUM(L103-L98) -> 15 | N103: 66 | O103: =SUM(M103*M$99) -> 16.2 | P103: =IF(N103=0,"",O103/N103) -> 0.24545455
K104: 2 | L104: 35384 | M104: =SUM(L104-L103) -> 17 | N104: 102 | O104: =SUM(M104*M$99) -> 18.36 | P104: =IF(N104=0,"",O104/N104) -> 0.18
K105: 3 | L105: 35407 | M105: =SUM(L105-L104) -> 23 | N105: 130 | O105: =SUM(M105*M$99) -> 24.84 | P105: =IF(N105=0,"",O105/N105) -> 0.19107692
K106: 4 | L106: 35427 | M106: =SUM(L106-L105) -> 20 | N106: 123 | O106: =SUM(M106*M$99) -> 21.6 | P106: =IF(N106=0,"",O106/N106) -> 0.17560976
K107: 5 | L107: 35445 | M107: =SUM(L107-L106) -> 18 | N107: 130 | O107: =SUM(M107*M$99) -> 19.44 | P107: =IF(N107=0,"",O107/N107) -> 0.14953846
K108: 6 | L108: 35460 | M108: =SUM(L108-L107) -> 15 | N108: 126 | O108: =SUM(M108*M$99) -> 16.2 | P108: =IF(N108=0,"",O108/N108) -> 0.12857143
K109: 7 | L109: 35473 | M109: =SUM(L109-L108) -> 13 | N109: 116 | O109: =SUM(M109*M$99) -> 14.04 | P109: =IF(N109=0,"",O109/N109) -> 0.12103448
K110: 8 | L110: 35487 | M110: =SUM(L110-L109) -> 14 | N110: 61 | O110: =SUM(M110*M$99) -> 15.12 | P110: =IF(N110=0,"",O110/N110) -> 0.24786885
K111: 9 | L111: 35502 | M111: =SUM(L111-L110) -> 15 | N111: 72 | O111: =SUM(M111*M$99) -> 16.2 | P111: =IF(N111=0,"",O111/N111) -> 0.225
K112: 10 | L112: 35517 | M112: =SUM(L112-L111) -> 15 | N112: 83 | O112: =SUM(M112*M$99) -> 16.2 | P112: =IF(N112=0,"",O112/N112) -> 0.19518072
K113: 11 | L113: 35522 | M113: =SUM(L113-L112) -> 5 | N113: 96 | O113: =SUM(M113*M$99) -> 5.4 | P113: =IF(N113=0,"",O113/N113) -> 0.05625
K114: 12 | L114: 35547 | M114: =SUM(L114-L113) -> 25 | N114: 121 | O114: =SUM(M114*M$99) -> 27 | P114: =IF(N114=0,"",O114/N114) -> 0.2231405
K115: 13 | L115: 35563 | M115: =SUM(L115-L114) -> 16 | N115: 136 | O115: =SUM(M115*M$99) -> 17.28 | P115: =IF(N115=0,"",O115/N115) -> 0.12705882
K116: 14 | L116: 35578 | M116: =SUM(L116-L115) -> 15 | N116: 171 | O116: =SUM(M116*M$99) -> 16.2 | P116: =IF(N116=0,"",O116/N116) -> 0.094736842
K117: 15 | M117: =SUM(L117-L116) -> -35578 | O117: =SUM(M117*M$99) -> -38424.24 | P117: =IF(N117=0,"",O117/N117)
K118: 16 | M118: =SUM(L118-L117) -> 0 | O118: =SUM(M118*M$99) -> 0 | P118: =IF(N118=0,"",O118/N118)
K119: 17 | M119: =SUM(L119-L118) -> 0 | O119: =SUM(M119*M$99) -> 0 | P119: =IF(N119=0,"",O119/N119)
K120: 18 | M120: =SUM(L120-L119) -> 0 | O120: =SUM(M120*M$99) -> 0 | P120: =IF(N120=0,"",O120/N120)
K121: 19 | M121: =SUM(L121-L120) -> 0 | O121: =SUM(M121*M$99) -> 0 | P121: =IF(N121=0,"",O121/N121)
K122: 20 | M122: =SUM(L122-L121) -> 0 | O122: =SUM(M122*M$99) -> 0 | P122: =IF(N122=0,"",O122/N122)
...

Sheet Jan
A1: Site Name | B1: Day | C1: Month | D1: Year | E1: Total Electricity Kwh | F1: Electricity Tariff ($/Kwh) | G1: Natual Gas (m3) | H1: Natural Gas $/m3 | I1: Water Utility Supply (m3) m3 | J1: Water Utility Supply (m3) $/m3 | K1: Room Nights
A2: Washington DC | B2: 1 | C2: 1 | D2: 2022 | E2: 23400 | F2: =DAILY!D7 -> 0.0781 | G2: 944 | H2: 1.08 | I2: 714 | J2: 4.65 | K2: 149
A3: Washington DC | B3: =B2+1 -> 2 | C3: 1 | D3: 2022 | E3: 21000 | F3: =F2 -> 0.0781 | G3: 611 | H3: =H2 -> 1.08 | I3: 630 | J3: =J2 -> 4.65 | K3: 77
A4: Washington DC | B4: =B3+1 -> 3 | C4: 1 | D4: 2022 | E4: 21000 | F4: =F3 -> 0.0781 | G4: 1016 | H4: =H3 -> 1.08 | I4: 589 | J4: =J3 -> 4.65 | K4: 120
A5: Washington DC | B5: =B4+1 -> 4 | C5: 1 | D5: 2022 | E5: 22200 | F5: =F4 -> 0.0781 | G5: 782 | H5: =H4 -> 1.08 | I5: 448 | J5: =J4 -> 4.65 | K5: 63
A6: Washington DC | B6: =B5+1 -> 5 | C6: 1 | D6: 2022 | E6: 62400 | F6: =F5 -> 0.0781 | G6: 1110 | H6: =H5 -> 1.08 | I6: 687 | J6: =J5 -> 4.65 | K6: 26
A7: Washington DC | B7: =B6+1 -> 6 | C7: 1 | D7: 2022 | E7: 19800 | F7: =F6 -> 0.0781 | G7: 802 | H7: =H6 -> 1.08 | I7: 376 | J7: =J6 -> 4.65 | K7: 30
A8: Washington DC | B8: =B7+1 -> 7 | C8: 1 | D8: 2022 | E8: 22800 | F8: =F7 -> 0.0781 | G8: 1065 | H8: =H7 -> 1.08 | I8: 526 | J8: =J7 -> 4.65 | K8: 36
A9: Washington DC | B9: =B8+1 -> 8 | C9: 1 | D9: 2022 | E9: 20400 | F9: =F8 -> 0.0781 | G9: 1009 | H9: =H8 -> 1.08 | I9: 491 | J9: =J8 -> 4.65 | K9: 46
A10: Washington DC | B10: =B9+1 -> 9 | C10: 1 | D10: 2022 | E10: 24600 | F10: =F9 -> 0.0781 | G10: 192 | H10: =H9 -> 1.08 | I10: 617 | J10: =J9 -> 4.65 | K10: 75
A11: Washington DC | B11: =B10+1 -> 10 | C11: 1 | D11: 2022 | E11: 18000 | F11: =F10 -> 0.0781 | G11: 873 | H11: =H10 -> 1.08 | I11: 459 | J11: =J10 -> 4.65 | K11: 84
A12: Washington DC | B12: =B11+1 -> 11 | C12: 1 | D12: 2022 | E12: 22800 | F12: =F11 -> 0.0781 | G12: 823 | H12: =H11 -> 1.08 | I12: 601 | J12: =J11 -> 4.65 | K12: 80
A13: Washington DC | B13: =B12+1 -> 12 | C13: 1 | D13: 2022 | E13: 22200 | F13: =F12 -> 0.0781 | G13: 1309 | H13: =H12 -> 1.08 | I13: 415 | J13: =J12 -> 4.65 | K13: 32
A14: Washington DC | B14: =B13+1 -> 13 | C14: 1 | D14: 2022 | E14: 21600 | F14: =F13 -> 0.0781 | G14: 1023 | H14: =H13 -> 1.08 | I14: 460 | J14: =J13 -> 4.65 | K14: 33
... A32: Washington DC | B32: =B31+1 -> 31 | C32: 1 | D32: 2022 | E32: 25800 | F32: =F31 -> 0.0781 | G32: 1280 | H32: =H31 -> 1.08 | I32: 374 | J32: =J31 -> 4.65 | K32: 157

Sheet Feb
A1: Site Name | B1: Day | C1: Month | D1: Year | E1: Total Electricity Kwh | F1: Electricity Tariff ($/Kwh) | G1: Natual Gas (m3) | H1: Natural Gas $/m3 | I1: Water Utility Supply (m3) m3 | J1: Water Utility Supply (m3) $/m3 | K1: Room Nights
A2: Washington DC | B2: 1 | C2: 2 | D2: 2022 | E2: 22800 | F2: =DAILY!D7 -> 0.0781 | G2: 1109 | H2: 1.08 | I2: 623 | J2: 4.65 | K2: 84
A3: Washington DC | B3: =B2+1 -> 2 | C3: 2 | D3: 2022 | E3: 22200 | F3: =F2 -> 0.0781 | G3: 341 | H3: =H2 -> 1.08 | I3: 124 | J3: =J2 -> 4.65 | K3: 54
A4: Washington DC | B4: =B3+1 -> 3 | C4: 2 | D4: 2022 | E4: 23400 | F4: =F3 -> 0.0781 | G4: 1753 | H4: =H3 -> 1.08 | I4: 825 | J4: =J3 -> 4.65 | K4: 81
A5: Washington DC | B5: =B4+1 -> 4 | C5: 2 | D5: 2022 | E5: 17400 | F5: =F4 -> 0.0781 | G5: 892 | H5: =H4 -> 1.08 | I5: 411 | J5: =J4 -> 4.65 | K5: 98
A6: Washington DC | B6: =B5+1 -> 5 | C6: 2 | D6: 2022 | E6: 21000 | F6: =F5 -> 0.0781 | G6: 904 | H6: =H5 -> 1.08 | I6: 432 | J6: =J5 -> 4.65 | K6: 55
A7: Washington DC | B7: =B6+1 -> 6 | C7: 2 | D7: 2022 | E7: 27600 | F7: =F6 -> 0.0781 | G7: 1427 | H7: =H6 -> 1.08 | I7: 571 | J7: =J6 -> 4.65 | K7: 122
A8: Washington DC | B8: =B7+1 -> 7 | C8: 2 | D8: 2022 | E8: 13200 | F8: =F7 -> 0.0781 | G8: 653 | H8: =H7 -> 1.08 | I8: 416 | J8: =J7 -> 4.65 | K8: 147
A9: Washington DC | B9: =B8+1 -> 8 | C9: 2 | D9: 2022 | E9: 25800 | F9: =F8 -> 0.0781 | G9: 1153 | H9: =H8 -> 1.08 | I9: 428 | J9: =J8 -> 4.65 | K9: 101
A10: Washington DC | B10: =B9+1 -> 9 | C10: 2 | D10: 2022 | E10: 26400 | F10: =F9 -> 0.0781 | G10: 1092 | H10: =H9 -> 1.08 | I10: 573 | J10: =J9 -> 4.65 | K10: 91
A11: Washington DC | B11: =B10+1 -> 10 | C11: 2 | D11: 2022 | E11: 23400 | F11: =F10 -> 0.0781 | G11: 942 | H11: =H10 -> 1.08 | I11: 528 | J11: =J10 -> 4.65 | K11: 145
A12: Washington DC | B12: =B11+1 -> 11 | C12: 2 | D12: 2022 | E12: 18600 | F12: =F11 -> 0.0781 | G12: 797 | H12: =H11 -> 1.08 | I12: 476 | J12: =J11 -> 4.65 | K12: 115
A13: Washington DC | B13: =B12+1 -> 12 | C13: 2 | D13: 2022 | E13: 21600 | F13: =F12 -> 0.0781 | G13: 849 | H13: =H12 -> 1.08 | I13: 525 | J13: =J12 -> 4.65 | K13: 140
A14: Washington DC | B14: =B13+1 -> 13 | C14: 2 | D14: 2022 | E14: 28600 | F14: =F13 -> 0.0781 | G14: 562 | H14: =H13 -> 1.08 | I14: 121 | J14: =J13 -> 4.65 | K14: 111
... A29: Washington DC | B29: =B28+1 -> 28 | C29: 2 | D29: 2022 | E29: 19800 | F29: =F28 -> 0.0781 | G29: 860 | H29: =H28 -> 1.08 | I29: 815 | J29: =J28 -> 4.65 | K29: 122

Sheet Mar
A1: Site Name | B1: Day | C1: Month | D1: Year | E1: Total Electricity Kwh | F1: Electricity Tariff ($/Kwh) | G1: Natual Gas (m3) | H1: Natural Gas $/m3 | I1: Water Utility Supply (m3) m3 | J1: Water Utility Supply (m3) $/m3 | K1: Room Nights
A2: Washington DC | B2: 1 | C2: 3 | D2: 2022 | E2: 23400 | F2: =DAILY!D7 -> 0.0781 | G2: 926 | H2: 1.08 | I2: 541 | J2: 4.65 | K2: 196
A3: Washington DC | B3: =B2+1 -> 2 | C3: 3 | D3: 2022 | E3: 24600 | F3: =F2 -> 0.0781 | G3: 819 | H3: =H2 -> 1.08 | I3: 384 | J3: =J2 -> 4.65 | K3: 146
A4: Washington DC | B4: =B3+1 -> 3 | C4: 3 | D4: 2022 | E4: 25800 | F4: =F3 -> 0.0781 | G4: 1254 | H4: =H3 -> 1.08 | I4: 643 | J4: =J3 -> 4.65 | K4: 199
A5: Washington DC | B5: =B4+1 -> 4 | C5: 3 | D5: 2022 | E5: 16800 | F5: =F4 -> 0.0781 | G5: 454 | H5: =H4 -> 1.08 | I5: 494 | J5: =J4 -> 4.65 | K5: 222
A6: Washington DC | B6: =B5+1 -> 5 | C6: 3 | D6: 2022 | E6: 22200 | F6: =F5 -> 0.0781 | G6: 935 | H6: =H5 -> 1.08 | I6: 602 | J6: =J5 -> 4.65 | K6: 156
A7: Washington DC | B7: =B6+1 -> 6 | C7: 3 | D7: 2022 | E7: 24000 | F7: =F6 -> 0.0781 | G7: 937 | H7: =H6 -> 1.08 | I7: 679 | J7: =J6 -> 4.65 | K7: 48
A8: Washington DC | B8: =B7+1 -> 7 | C8: 3 | D8: 2022 | E8: 22800 | F8: =F7 -> 0.0781 | G8: 352 | H8: =H7 -> 1.08 | I8: 549 | J8: =J7 -> 4.65 | K8: 85
A9: Washington DC | B9: =B8+1 -> 8 | C9: 3 | D9: 2022 | E9: 19800 | F9: =F8 -> 0.0781 | G9: 593 | H9: =H8 -> 1.08 | I9: 434 | J9: =J8 -> 4.65 | K9: 104
A10: Washington DC | B10: =B9+1 -> 9 | C10: 3 | D10: 2022 | E10: 16200 | F10: =F9 -> 0.0781 | G10: 848 | H10: =H9 -> 1.08 | I10: 530 | J10: =J9 -> 4.65 | K10: 183
A11: Washington DC | B11: =B10+1 -> 10 | C11: 3 | D11: 2022 | E11: 21000 | F11: =F10 -> 0.0781 | G11: 1058 | H11: =H10 -> 1.08 | I11: 615 | J11: =J10 -> 4.65 | K11: 189
A12: Washington DC | B12: =B11+1 -> 11 | C12: 3 | D12: 2022 | E12: 23400 | F12: =F11 -> 0.0781 | G12: 929 | H12: =H11 -> 1.08 | I12: 607 | J12: =J11 -> 4.65 | K12: 205
A13: Washington DC | B13: =B12+1 -> 12 | C13: 3 | D13: 2022 | E13: 22800 | F13: =F12 -> 0.0781 | G13: 873 | H13: =H12 -> 1.08 | I13: 570 | J13: =J12 -> 4.65 | K13: 105
A14: Washington DC | B14: =B13+1 -> 13 | C14: 3 | D14: 2022 | E14: 23400 | F14: =F13 -> 0.0781 | G14: 1248 | H14: =H13 -> 1.08 | I14: 543 | J14: =J13 -> 4.65 | K14: 158
... A32: Washington DC | B32: =B31+1 -> 31 | C32: 3 | D32: 2022 | E32: 13200 | F32: =F31 -> 0.0781 | G32: 486 | H32: =H31 -> 1.08 | I32: 497 | J32: =J31 -> 4.65 | K32: 144

Sheet May
A1: Site Name | B1: Day | C1: Month | D1: Year | E1: Total Electricity Kwh | F1: Electricity Tariff ($/Kwh) | G1: Natual Gas (m3) | H1: Natural Gas $/m3 | I1: Water Utility Supply (m3) m3 | J1: Water Utility Supply (m3) $/m3 | K1: Room Nights
A2: Washington DC | B2: 1 | C2: 5 | D2: 2022 | F2: =DAILY!D7 -> 0.0781 | H2: 1.08 | J2: 4.65
A3: Washington DC | B3: =B2+1 -> 2 | C3: 5 | D3: 2022 | F3: =F2 -> 0.0781 | H3: =H2 -> 1.08 | J3: =J2 -> 4.65
A4: Washington DC | B4: =B3+1 -> 3 | C4: 5 | D4: 2022 | F4: =F3 -> 0.0781 | H4: =H3 -> 1.08 | J4: =J3 -> 4.65
A5: Washington DC | B5: =B4+1 -> 4 | C5: 5 | D5: 2022 | F5: =F4 -> 0.0781 | H5: =H4 -> 1.08 | J5: =J4 -> 4.65
A6: Washington DC | B6: =B5+1 -> 5 | C6: 5 | D6: 2022 | F6: =F5 -> 0.0781 | H6: =H5 -> 1.08 | J6: =J5 -> 4.65
A7: Washington DC | B7: =B6+1 -> 6 | C7: 5 | D7: 2022 | F7: =F6 -> 0.0781 | H7: =H6 -> 1.08 | J7: =J6 -> 4.65
A8: Washington DC | B8: =B7+1 -> 7 | C8: 5 | D8: 2022 | F8: =F7 -> 0.0781 | H8: =H7 -> 1.08 | J8: =J7 -> 4.65
A9: Washington DC | B9: =B8+1 -> 8 | C9: 5 | D9: 2022 | F9: =F8 -> 0.0781 | H9: =H8 -> 1.08 | J9: =J8 -> 4.65
A10: Washington DC | B10: =B9+1 -> 9 | C10: 5 | D10: 2022 | F10: =F9 -> 0.0781 | H10: =H9 -> 1.08 | J10: =J9 -> 4.65
A11: Washington DC | B11: =B10+1 -> 10 | C11: 5 | D11: 2022 | F11: =F10 -> 0.0781 | H11: =H10 -> 1.08 | J11: =J10 -> 4.65
A12: Washington DC | B12: =B11+1 -> 11 | C12: 5 | D12: 2022 | F12: =F11 -> 0.0781 | H12: =H11 -> 1.08 | J12: =J11 -> 4.65
A13: Washington DC | B13: =B12+1 -> 12 | C13: 5 | D13: 2022 | F13: =F12 -> 0.0781 | H13: =H12 -> 1.08 | J13: =J12 -> 4.65
A14: Washington DC | B14: =B13+1 -> 13 | C14: 5 | D14: 2022 | F14: =F13 -> 0.0781 | H14: =H13 -> 1.08 | J14: =J13 -> 4.65
... A32: Washington DC | B32: =B31+1 -> 31 | C32: 5 | D32: 2022 | F32: =F31 -> 0.0781 | H32: =H31 -> 1.08 | J32: =J31 -> 4.65

Sheet Jun
A1: Site Name | B1: Day | C1: Month | D1: Year | E1: Total Electricity Kwh | F1: Electricity Tariff ($/Kwh) | G1: Natual Gas (m3) | H1: Natural Gas $/m3 | I1: Water Utility Supply (m3) m3 | J1: Water Utility Supply (m3) $/m3 | K1: Room Nights
A2: Washington DC | B2: 1 | C2: 6 | D2: 2022 | F2: =DAILY!D7 -> 0.0781 | H2: 1.08 | J2: 4.65
A3: Washington DC | B3: =B2+1 -> 2 | C3: 6 | D3: 2022 | F3: =F2 -> 0.0781 | H3: =H2 -> 1.08 | J3: =J2 -> 4.65
A4: Washington DC | B4: =B3+1 -> 3 | C4: 6 | D4: 2022 | F4: =F3 -> 0.0781 | H4: =H3 -> 1.08 | J4: =J3 -> 4.65
A5: Washington DC | B5: =B4+1 -> 4 | C5: 6 | D5: 2022 | F5: =F4 -> 0.0781 | H5: =H4 -> 1.08 | J5: =J4 -> 4.65
A6: Washington DC | B6: =B5+1 -> 5 | C6: 6 | D6: 2022 | F6: =F5 -> 0.0781 | H6: =H5 -> 1.08 | J6: =J5 -> 4.65
A7: Washington DC | B7: =B6+1 -> 6 | C7: 6 | D7: 2022 | F7: =F6 -> 0.0781 | H7: =H6 -> 1.08 | J7: =J6 -> 4.65
A8: Washington DC | B8: =B7+1 -> 7 | C8: 6 | D8: 2022 | F8: =F7 -> 0.0781 | H8: =H7 -> 1.08 | J8: =J7 -> 4.65
A9: Washington DC | B9: =B8+1 -> 8 | C9: 6 | D9: 2022 | F9: =F8 -> 0.0781 | H9: =H8 -> 1.08 | J9: =J8 -> 4.65
A10: Washington DC | B10: =B9+1 -> 9 | C10: 6 | D10: 2022 | F10: =F9 -> 0.0781 | H10: =H9 -> 1.08 | J10: =J9 -> 4.65
A11: Washington DC | B11: =B10+1 -> 10 | C11: 6 | D11: 2022 | F11: =F10 -> 0.0781 | H11: =H10 -> 1.08 | J11: =J10 -> 4.65
A12: Washington DC | B12: =B11+1 -> 11 | C12: 6 | D12: 2022 | F12: =F11 -> 0.0781 | H12: =H11 -> 1.08 | J12: =J11 -> 4.65
A13: Washington DC | B13: =B12+1 -> 12 | C13: 6 | D13: 2022 | F13: =F12 -> 0.0781 | H13: =H12 -> 1.08 | J13: =J12 -> 4.65
A14: Washington DC | B14: =B13+1 -> 13 | C14: 6 | D14: 2022 | F14: =F13 -> 0.0781 | H14: =H13 -> 1.08 | J14: =J13 -> 4.65
... A32: Washington DC | B32: =B31+1 -> 31 | C32: 6 | D32: 2022 | F32: =F31 -> 0.0781 | H32: =H31 -> 1.08 | J32: =J31 -> 4.65

Sheet July
A1: Site Name | B1: Day | C1: Month | D1: Year | E1: Total Electricity Kwh | F1: Electricity Tariff ($/Kwh) | G1: Natual Gas (m3) | H1: Natural Gas $/m3 | I1: Water Utility Supply (m3) m3 | J1: Water Utility Supply (m3) $/m3 | K1: Room Nights
A2: Washington DC | B2: 1 | C2: 7 | D2: 2022 | F2: =DAILY!D7 -> 0.0781 | H2: 1.08 | J2: 4.65
A3: Washington DC | B3: =B2+1 -> 2 | C3: 7 | D3: 2022 | F3: =F2 -> 0.0781 | H3: =H2 -> 1.08 | J3: =J2 -> 4.65
A4: Washington DC | B4: =B3+1 -> 3 | C4: 7 | D4: 2022 | F4: =F3 -> 0.0781 | H4: =H3 -> 1.08 | J4: =J3 -> 4.65
A5: Washington DC | B5: =B4+1 -> 4 | C5: 7 | D5: 2022 | F5: =F4 -> 0.0781 | H5: =H4 -> 1.08 | J5: =J4 -> 4.65
A6: Washington DC | B6: =B5+1 -> 5 | C6: 7 | D6: 2022 | F6: =F5 -> 0.0781 | H6: =H5 -> 1.08 | J6: =J5 -> 4.65
A7: Washington DC | B7: =B6+1 -> 6 | C7: 7 | D7: 2022 | F7: =F6 -> 0.0781 | H7: =H6 -> 1.08 | J7: =J6 -> 4.65
A8: Washington DC | B8: =B7+1 -> 7 | C8: 7 | D8: 2022 | F8: =F7 -> 0.0781 | H8: =H7 -> 1.08 | J8: =J7 -> 4.65
A9: Washington DC | B9: =B8+1 -> 8 | C9: 7 | D9: 2022 | F9: =F8 -> 0.0781 | H9: =H8 -> 1.08 | J9: =J8 -> 4.65
A10: Washington DC | B10: =B9+1 -> 9 | C10: 7 | D10: 2022 | F10: =F9 -> 0.0781 | H10: =H9 -> 1.08 | J10: =J9 -> 4.65
A11: Washington DC | B11: =B10+1 -> 10 | C11: 7 | D11: 2022 | F11: =F10 -> 0.0781 | H11: =H10 -> 1.08 | J11: =J10 -> 4.65
A12: Washington DC | B12: =B11+1 -> 11 | C12: 7 | D12: 2022 | F12: =F11 -> 0.0781 | H12: =H11 -> 1.08 | J12: =J11 -> 4.65
A13: Washington DC | B13: =B12+1 -> 12 | C13: 7 | D13: 2022 | F13: =F12 -> 0.0781 | H13: =H12 -> 1.08 | J13: =J12 -> 4.65
A14: Washington DC | B14: =B13+1 -> 13 | C14: 7 | D14: 2022 | F14: =F13 -> 0.0781 | H14: =H13 -> 1.08 | J14: =J13 -> 4.65
... A32: Washington DC | B32: =B31+1 -> 31 | C32: 7 | D32: 2022 | F32: =F31 -> 0.0781 | H32: =H31 -> 1.08 | J32: =J31 -> 4.65

Sheet August 
A1: Site Name | B1: Day | C1: Month | D1: Year | E1: Total Electricity Kwh | F1: Electricity Tariff ($/Kwh) | G1: Natual Gas (m3) | H1: Natural Gas $/m3 | I1: Water Utility Supply (m3) m3 | J1: Water Utility Supply (m3) $/m3 | K1: Room Nights
A2: Washington DC | B2: 1 | C2: 8 | D2: 2022 | F2: =DAILY!D7 -> 0.0781 | H2: 1.08 | J2: 4.65
A3: Washington DC | B3: =B2+1 -> 2 | C3: 8 | D3: 2022 | F3: =F2 -> 0.0781 | H3: =H2 -> 1.08 | J3: =J2 -> 4.65
A4: Washington DC | B4: =B3+1 -> 3 | C4: 8 | D4: 2022 | F4: =F3 -> 0.0781 | H4: =H3 -> 1.08 | J4: =J3 -> 4.65
A5: Washington DC | B5: =B4+1 -> 4 | C5: 8 | D5: 2022 | F5: =F4 -> 0.0781 | H5: =H4 -> 1.08 | J5: =J4 -> 4.65
A6: Washington DC | B6: =B5+1 -> 5 | C6: 8 | D6: 2022 | F6: =F5 -> 0.0781 | H6: =H5 -> 1.08 | J6: =J5 -> 4.65
A7: Washington DC | B7: =B6+1 -> 6 | C7: 8 | D7: 2022 | F7: =F6 -> 0.0781 | H7: =H6 -> 1.08 | J7: =J6 -> 4.65
A8: Washington DC | B8: =B7+1 -> 7 | C8: 8 | D8: 2022 | F8: =F7 -> 0.0781 | H8: =H7 -> 1.08 | J8: =J7 -> 4.65
A9: Washington DC | B9: =B8+1 -> 8 | C9: 8 | D9: 2022 | F9: =F8 -> 0.0781 | H9: =H8 -> 1.08 | J9: =J8 -> 4.65
A10: Washington DC | B10: =B9+1 -> 9 | C10: 8 | D10: 2022 | F10: =F9 -> 0.0781 | H10: =H9 -> 1.08 | J10: =J9 -> 4.65
A11: Washington DC | B11: =B10+1 -> 10 | C11: 8 | D11: 2022 | F11: =F10 -> 0.0781 | H11: =H10 -> 1.08 | J11: =J10 -> 4.65
A12: Washington DC | B12: =B11+1 -> 11 | C12: 8 | D12: 2022 | F12: =F11 -> 0.0781 | H12: =H11 -> 1.08 | J12: =J11 -> 4.65
A13: Washington DC | B13: =B12+1 -> 12 | C13: 8 | D13: 2022 | F13: =F12 -> 0.0781 | H13: =H12 -> 1.08 | J13: =J12 -> 4.65
A14: Washington DC | B14: =B13+1 -> 13 | C14: 8 | D14: 2022 | F14: =F13 -> 0.0781 | H14: =H13 -> 1.08 | J14: =J13 -> 4.65
... A32: Washington DC | B32: =B31+1 -> 31 | C32: 8 | D32: 2022 | F32: =F31 -> 0.0781 | H32: =H31 -> 1.08 | J32: =J31 -> 4.65

Sheet September
A1: Site Name | B1: Day | C1: Month | D1: Year | E1: Total Electricity Kwh | F1: Electricity Tariff ($/Kwh) | G1: Natual Gas (m3) | H1: Natural Gas $/m3 | I1: Water Utility Supply (m3) m3 | J1: Water Utility Supply (m3) $/m3 | K1: Room Nights
A2: Washington DC | B2: 1 | C2: 9 | D2: 2022 | F2: =DAILY!D7 -> 0.0781 | H2: 1.08 | J2: 4.65
A3: Washington DC | B3: =B2+1 -> 2 | C3: 9 | D3: 2022 | F3: =F2 -> 0.0781 | H3: =H2 -> 1.08 | J3: =J2 -> 4.65
A4: Washington DC | B4: =B3+1 -> 3 | C4: 9 | D4: 2022 | F4: =F3 -> 0.0781 | H4: =H3 -> 1.08 | J4: =J3 -> 4.65
A5: Washington DC | B5: =B4+1 -> 4 | C5: 9 | D5: 2022 | F5: =F4 -> 0.0781 | H5: =H4 -> 1.08 | J5: =J4 -> 4.65
A6: Washington DC | B6: =B5+1 -> 5 | C6: 9 | D6: 2022 | F6: =F5 -> 0.0781 | H6: =H5 -> 1.08 | J6: =J5 -> 4.65
A7: Washington DC | B7: =B6+1 -> 6 | C7: 9 | D7: 2022 | F7: =F6 -> 0.0781 | H7: =H6 -> 1.08 | J7: =J6 -> 4.65
A8: Washington DC | B8: =B7+1 -> 7 | C8: 9 | D8: 2022 | F8: =F7 -> 0.0781 | H8: =H7 -> 1.08 | J8: =J7 -> 4.65
A9: Washington DC | B9: =B8+1 -> 8 | C9: 9 | D9: 2022 | F9: =F8 -> 0.0781 | H9: =H8 -> 1.08 | J9: =J8 -> 4.65
A10: Washington DC | B10: =B9+1 -> 9 | C10: 9 | D10: 2022 | F10: =F9 -> 0.0781 | H10: =H9 -> 1.08 | J10: =J9 -> 4.65
A11: Washington DC | B11: =B10+1 -> 10 | C11: 9 | D11: 2022 | F11: =F10 -> 0.0781 | H11: =H10 -> 1.08 | J11: =J10 -> 4.65
A12: Washington DC | B12: =B11+1 -> 11 | C12: 9 | D12: 2022 | F12: =F11 -> 0.0781 | H12: =H11 -> 1.08 | J12: =J11 -> 4.65
A13: Washington DC | B13: =B12+1 -> 12 | C13: 9 | D13: 2022 | F13: =F12 -> 0.0781 | H13: =H12 -> 1.08 | J13: =J12 -> 4.65
A14: Washington DC | B14: =B13+1 -> 13 | C14: 9 | D14: 2022 | F14: =F13 -> 0.0781 | H14: =H13 -> 1.08 | J14: =J13 -> 4.65
... A31: Washington DC | B31: =B30+1 -> 30 | C31: 9 | D31: 2022 | F31: =F30 -> 0.0781 | H31: =H30 -> 1.08 | J31: =J30 -> 4.65

Sheet October
A1: Site Name | B1: Day | C1: Month | D1: Year | E1: Total Electricity Kwh | F1: Electricity Tariff ($/Kwh) | G1: Natual Gas (m3) | H1: Natural Gas $/m3 | I1: Water Utility Supply (m3) m3 | J1: Water Utility Supply (m3) $/m3 | K1: Room Nights
A2: Washington DC | B2: 1 | C2: 10 | D2: 2022 | F2: =DAILY!D7 -> 0.0781 | H2: 1.08 | J2: 4.65
A3: Washington DC | B3: =B2+1 -> 2 | C3: 10 | D3: 2022 | F3: =F2 -> 0.0781 | H3: =H2 -> 1.08 | J3: =J2 -> 4.65
A4: Washington DC | B4: =B3+1 -> 3 | C4: 10 | D4: 2022 | F4: =F3 -> 0.0781 | H4: =H3 -> 1.08 | J4: =J3 -> 4.65
A5: Washington DC | B5: =B4+1 -> 4 | C5: 10 | D5: 2022 | F5: =F4 -> 0.0781 | H5: =H4 -> 1.08 | J5: =J4 -> 4.65
A6: Washington DC | B6: =B5+1 -> 5 | C6: 10 | D6: 2022 | F6: =F5 -> 0.0781 | H6: =H5 -> 1.08 | J6: =J5 -> 4.65
A7: Washington DC | B7: =B6+1 -> 6 | C7: 10 | D7: 2022 | F7: =F6 -> 0.0781 | H7: =H6 -> 1.08 | J7: =J6 -> 4.65
A8: Washington DC | B8: =B7+1 -> 7 | C8: 10 | D8: 2022 | F8: =F7 -> 0.0781 | H8: =H7 -> 1.08 | J8: =J7 -> 4.65
A9: Washington DC | B9: =B8+1 -> 8 | C9: 10 | D9: 2022 | F9: =F8 -> 0.0781 | H9: =H8 -> 1.08 | J9: =J8 -> 4.65
A10: Washington DC | B10: =B9+1 -> 9 | C10: 10 | D10: 2022 | F10: =F9 -> 0.0781 | H10: =H9 -> 1.08 | J10: =J9 -> 4.65
A11: Washington DC | B11: =B10+1 -> 10 | C11: 10 | D11: 2022 | F11: =F10 -> 0.0781 | H11: =H10 -> 1.08 | J11: =J10 -> 4.65
A12: Washington DC | B12: =B11+1 -> 11 | C12: 10 | D12: 2022 | F12: =F11 -> 0.0781 | H12: =H11 -> 1.08 | J12: =J11 -> 4.65
A13: Washington DC | B13: =B12+1 -> 12 | C13: 10 | D13: 2022 | F13: =F12 -> 0.0781 | H13: =H12 -> 1.08 | J13: =J12 -> 4.65
A14: Washington DC | B14: =B13+1 -> 13 | C14: 10 | D14: 2022 | F14: =F13 -> 0.0781 | H14: =H13 -> 1.08 | J14: =J13 -> 4.65
... A30: Washington DC | B30: =B29+1 -> 29 | C30: 10 | D30: 2022 | F30: =F29 -> 0.0781 | H30: =H29 -> 1.08 | J30: =J29 -> 4.65
A31: Washington DC | B31: =B30+1 -> 30 | C31: 10 | D31: 2022 | F31: =F29 -> 0.0781 | H31: =H29 -> 1.08 | J31: =J29 -> 4.65
A32: Washington DC | B32: =B31+1 -> 31 | C32: 10 | D32: 2022 | F32: =F30 -> 0.0781 | H32: =H30 -> 1.08 | J32: =J30 -> 4.65

Sheet November
A1: Site Name | B1: Day | C1: Month | D1: Year | E1: Total Electricity Kwh | F1: Electricity Tariff ($/Kwh) | G1: Natual Gas (m3) | H1: Natural Gas $/m3 | I1: Water Utility Supply (m3) m3 | J1: Water Utility Supply (m3) $/m3 | K1: Room Nights
A2: Washington DC | B2: 1 | C2: 11 | D2: 2022 | F2: =DAILY!D7 -> 0.0781 | H2: 0.15 | J2: 4.65
A3: Washington DC | B3: =B2+1 -> 2 | C3: 11 | D3: 2022 | F3: =F2 -> 0.0781 | H3: =H2 -> 0.15 | J3: =J2 -> 4.65
A4: Washington DC | B4: =B3+1 -> 3 | C4: 11 | D4: 2022 | F4: =F3 -> 0.0781 | H4: =H3 -> 0.15 | J4: =J3 -> 4.65
A5: Washington DC | B5: =B4+1 -> 4 | C5: 11 | D5: 2022 | F5: =F4 -> 0.0781 | H5: =H4 -> 0.15 | J5: =J4 -> 4.65
A6: Washington DC | B6: =B5+1 -> 5 | C6: 11 | D6: 2022 | F6: =F5 -> 0.0781 | H6: =H5 -> 0.15 | J6: =J5 -> 4.65
A7: Washington DC | B7: =B6+1 -> 6 | C7: 11 | D7: 2022 | F7: =F6 -> 0.0781 | H7: =H6 -> 0.15 | J7: =J6 -> 4.65
A8: Washington DC | B8: =B7+1 -> 7 | C8: 11 | D8: 2022 | F8: =F7 -> 0.0781 | H8: =H7 -> 0.15 | J8: =J7 -> 4.65
A9: Washington DC | B9: =B8+1 -> 8 | C9: 11 | D9: 2022 | F9: =F8 -> 0.0781 | H9: =H8 -> 0.15 | J9: =J8 -> 4.65
A10: Washington DC | B10: =B9+1 -> 9 | C10: 11 | D10: 2022 | F10: =F9 -> 0.0781 | H10: =H9 -> 0.15 | J10: =J9 -> 4.65
A11: Washington DC | B11: =B10+1 -> 10 | C11: 11 | D11: 2022 | F11: =F10 -> 0.0781 | H11: =H10 -> 0.15 | J11: =J10 -> 4.65
A12: Washington DC | B12: =B11+1 -> 11 | C12: 11 | D12: 2022 | F12: =F11 -> 0.0781 | H12: =H11 -> 0.15 | J12: =J11 -> 4.65
A13: Washington DC | B13: =B12+1 -> 12 | C13: 11 | D13: 2022 | F13: =F12 -> 0.0781 | H13: =H12 -> 0.15 | J13: =J12 -> 4.65
A14: Washington DC | B14: =B13+1 -> 13 | C14: 11 | D14: 2022 | F14: =F13 -> 0.0781 | H14: =H13 -> 0.15 | J14: =J13 -> 4.65
... A30: Washington DC | B30: =B29+1 -> 29 | C30: 11 | D30: 2022 | F30: =F29 -> 0.0781 | H30: =H29 -> 0.15 | J30: =J29 -> 4.65
A31: Washington DC | B31: =B30+1 -> 30 | C31: 11 | D31: 2022 | F31: =F29 -> 0.0781 | H31: =H29 -> 0.15 | J31: =J29 -> 4.65

Sheet December
A1: Site Name | B1: Day | C1: Month | D1: Year | E1: Total Electricity Kwh | F1: Electricity Tariff ($/Kwh) | G1: Natual Gas (m3) | H1: Natural Gas $/m3 | I1: Water Utility Supply (m3) m3 | J1: Water Utility Supply (m3) $/m3 | K1: Room Nights
A2: Washington DC | B2: 1 | C2: 12 | D2: 2022 | F2: =DAILY!D7 -> 0.0781 | H2: 0.15 | J2: 4.65
A3: Washington DC | B3: =B2+1 -> 2 | C3: 12 | D3: 2022 | F3: =F2 -> 0.0781 | H3: =H2 -> 0.15 | J3: =J2 -> 4.65
A4: Washington DC | B4: =B3+1 -> 3 | C4: 12 | D4: 2022 | F4: =F3 -> 0.0781 | H4: =H3 -> 0.15 | J4: =J3 -> 4.65
A5: Washington DC | B5: =B4+1 -> 4 | C5: 12 | D5: 2022 | F5: =F4 -> 0.0781 | H5: =H4 -> 0.15 | J5: =J4 -> 4.65
A6: Washington DC | B6: =B5+1 -> 5 | C6: 12 | D6: 2022 | F6: =F5 -> 0.0781 | H6: =H5 -> 0.15 | J6: =J5 -> 4.65
A7: Washington DC | B7: =B6+1 -> 6 | C7: 12 | D7: 2022 | F7: =F6 -> 0.0781 | H7: =H6 -> 0.15 | J7: =J6 -> 4.65
A8: Washington DC | B8: =B7+1 -> 7 | C8: 12 | D8: 2022 | F8: =F7 -> 0.0781 | H8: =H7 -> 0.15 | J8: =J7 -> 4.65
A9: Washington DC | B9: =B8+1 -> 8 | C9: 12 | D9: 2022 | F9: =F8 -> 0.0781 | H9: =H8 -> 0.15 | J9: =J8 -> 4.65
A10: Washington DC | B10: =B9+1 -> 9 | C10: 12 | D10: 2022 | F10: =F9 -> 0.0781 | H10: =H9 -> 0.15 | J10: =J9 -> 4.65
A11: Washington DC | B11: =B10+1 -> 10 | C11: 12 | D11: 2022 | F11: =F10 -> 0.0781 | H11: =H10 -> 0.15 | J11: =J10 -> 4.65
A12: Washington DC | B12: =B11+1 -> 11 | C12: 12 | D12: 2022 | F12: =F11 -> 0.0781 | H12: =H11 -> 0.15 | J12: =J11 -> 4.65
A13: Washington DC | B13: =B12+1 -> 12 | C13: 12 | D13: 2022 | F13: =F12 -> 0.0781 | H13: =H12 -> 0.15 | J13: =J12 -> 4.65
A14: Washington DC | B14: =B13+1 -> 13 | C14: 12 | D14: 2022 | F14: =F13 -> 0.0781 | H14: =H13 -> 0.15 | J14: =J13 -> 4.65
... A30: Washington DC | B30: =B29+1 -> 29 | C30: 12 | D30: 2022 | F30: =F29 -> 0.0781 | H30: =H29 -> 0.15 | J30: =J29 -> 4.65
A31: Washington DC | B31: 30 | C31: 12 | D31: 2022 | F31: =F30 -> 0.0781 | H31: =H30 -> 0.15 | J31: =J30 -> 4.65
A32: Washington DC | B32: 31 | C32: 12 | D32: 2022 | F32: =F29 -> 0.0781 | H32: =H29 -> 0.15 | J32: =J29 -> 4.65
