Workbook

Sheet TOTAL
A1: Site Name | B1: Day | C1: Month | D1: Year | E1: Total Electricity Kwh | F1: Electricity Tariff ($/Kwh) | G1: LPG (Kg) | H1: LPG $/Kg | I1: Total Fuel Oil (Liters) | J1: Fuel Oil $/Liter | K1: Water Utility Supply (m3) m3 | L1: Water Utility Supply (m3) $/m3 | M1: Room Nights | N1: Food Covers
A2: Bali Jimbaran | B2: 1 | C2: 8 | D2: 2019 | E2: ='FS Jimbaran August 2019'!P12 -> 22320 | F2: ='FS Jimbaran August 2019'!O12/'FS Jimbaran August 2019'!P12 -> 1127.1997 | G2: ='FS Jimbaran August 2019'!AG12 -> 544.49148 | H2: ='FS Jimbaran August 2019'!AH12/'FS Jimbaran August 2019'!AG12 -> 10311.514 | I2: ='FS Jimbaran August 2019'!AJ12 -> 776.15 | J2: ='FS Jimbaran August 2019'!AK12/'FS Jimbaran August 2019'!AJ12 -> 10300 | K2: ='FS Jimbaran August 2019'!V12 -> 524.21 | L2: ='FS Jimbaran August 2019'!AA12/'FS Jimbaran August 2019'!V12 -> 5992.8863 | M2: =+'RNs & Covers August 2019'!B6 -> 67 | N2: =+'RNs & Covers August 2019'!C6 -> 570
A3: Bali Jimbaran | B3: =B2+1 -> 2 | C3: 8 | D3: 2019 | E3: ='FS Jimbaran August 2019'!P13 -> 22480 | F3: ='FS Jimbaran August 2019'!O13/'FS Jimbaran August 2019'!P13 -> 1127.4705 | G3: ='FS Jimbaran August 2019'!AG13 -> 140.3758 | H3: ='FS Jimbaran August 2019'!AH13/'FS Jimbaran August 2019'!AG13 -> 9143.75 | I3: ='FS Jimbaran August 2019'!AJ13 -> 604.48 | J3: ='FS Jimbaran August 2019'!AK13/'FS Jimbaran August 2019'!AJ13 -> 10300 | K3: ='FS Jimbaran August 2019'!V13 -> 470.81 | L3: ='FS Jimbaran August 2019'!AA13/'FS Jimbaran August 2019'!V13 -> 6113.2765 | M3: =+'RNs & Covers August 2019'!B7 -> 88 | N3: =+'RNs & Covers August 2019'!C7 -> 711
A4: Bali Jimbaran | B4: =B3+1 -> 3 | C4: 8 | D4: 2019 | E4: ='FS Jimbaran August 2019'!P14 -> 22700 | F4: ='FS Jimbaran August 2019'!O14/'FS Jimbaran August 2019'!P14 -> 1124.7567 | G4: ='FS Jimbaran August 2019'!AG14 -> 137.35136 | H4: ='FS Jimbaran August 2019'!AH14/'FS Jimbaran August 2019'!AG14 -> 9360.5298 | I4: ='FS Jimbaran August 2019'!AJ14 -> 522.4 | J4: ='FS Jimbaran August 2019'!AK14/'FS Jimbaran August 2019'!AJ14 -> 10300 | K4: ='FS Jimbaran August 2019'!V14 -> 498.4 | L4: ='FS Jimbaran August 2019'!AA14/'FS Jimbaran August 2019'!V14 -> 5960.845 | M4: =+'RNs & Covers August 2019'!B8 -> 82 | N4: =+'RNs & Covers August 2019'!C8 -> 683
A5: Bali Jimbaran | B5: =B4+1 -> 4 | C5: 8 | D5: 2019 | E5: ='FS Jimbaran August 2019'!P15 -> 21260 | F5: ='FS Jimbaran August 2019'!O15/'FS Jimbaran August 2019'!P15 -> 1123.9626 | G5: ='FS Jimbaran August 2019'!AG15 -> 0 | H5: ='FS Jimbaran August 2019'!AH15/'FS Jimbaran August 2019'!AG15 -> #DIV/0! | I5: ='FS Jimbaran August 2019'!AJ15 -> 591.9 | J5: ='FS Jimbaran August 2019'!AK15/'FS Jimbaran August 2019'!AJ15 -> 10300 | K5: ='FS Jimbaran August 2019'!V15 -> 496.62 | L5: ='FS Jimbaran August 2019'!AA15/'FS Jimbaran August 2019'!V15 -> 6016.189 | M5: =+'RNs & Covers August 2019'!B9 -> 85 | N5: =+'RNs & Covers August 2019'!C9 -> 742
A6: Bali Jimbaran | B6: =B5+1 -> 5 | C6: 8 | D6: 2019 | E6: ='FS Jimbaran August 2019'!P16 -> 20740 | F6: ='FS Jimbaran August 2019'!O16/'FS Jimbaran August 2019'!P16 -> 1128.1712 | G6: ='FS Jimbaran August 2019'!AG16 -> 236.6806 | H6: ='FS Jimbaran August 2019'!AH16/'FS Jimbaran August 2019'!AG16 -> 10048.714 | I6: ='FS Jimbaran August 2019'!AJ16 -> 526 | J6: ='FS Jimbaran August 2019'!AK16/'FS Jimbaran August 2019'!AJ16 -> 10300 | K6: ='FS Jimbaran August 2019'!V16 -> 464.58 | L6: ='FS Jimbaran August 2019'!AA16/'FS Jimbaran August 2019'!V16 -> 5612.4533 | M6: =+'RNs & Covers August 2019'!B10 -> 89 | N6: =+'RNs & Covers August 2019'!C10 -> 672
A7: Bali Jimbaran | B7: =B6+1 -> 6 | C7: 8 | D7: 2019 | E7: ='FS Jimbaran August 2019'!P17 -> 21100 | F7: ='FS Jimbaran August 2019'!O17/'FS Jimbaran August 2019'!P17 -> 1127.5766 | G7: ='FS Jimbaran August 2019'!AG17 -> 437.7576 | H7: ='FS Jimbaran August 2019'!AH17/'FS Jimbaran August 2019'!AG17 -> 10038.937 | I7: ='FS Jimbaran August 2019'!AJ17 -> 550.36 | J7: ='FS Jimbaran August 2019'!AK17/'FS Jimbaran August 2019'!AJ17 -> 10300 | K7: ='FS Jimbaran August 2019'!V17 -> 495.73 | L7: ='FS Jimbaran August 2019'!AA17/'FS Jimbaran August 2019'!V17 -> 5699.029 | M7: =+'RNs & Covers August 2019'!B11 -> 93 | N7: =+'RNs & Covers August 2019'!C11 -> 704
A8: Bali Jimbaran | B8: =B7+1 -> 7 | C8: 8 | D8: 2019 | E8: ='FS Jimbaran August 2019'!P18 -> 21500 | F8: ='FS Jimbaran August 2019'!O18/'FS Jimbaran August 2019'!P18 -> 1127.7958 | G8: ='FS Jimbaran August 2019'!AG18 -> 186.043 | H8: ='FS Jimbaran August 2019'!AH18/'FS Jimbaran August 2019'!AG18 -> 9623.8809 | I8: ='FS Jimbaran August 2019'!AJ18 -> 422.96 | J8: ='FS Jimbaran August 2019'!AK18/'FS Jimbaran August 2019'!AJ18 -> 10300 | K8: ='FS Jimbaran August 2019'!V18 -> 539.34 | L8: ='FS Jimbaran August 2019'!AA18/'FS Jimbaran August 2019'!V18 -> 5604.1226 | M8: =+'RNs & Covers August 2019'!B12 -> 103 | N8: =+'RNs & Covers August 2019'!C12 -> 793
A9: Bali Jimbaran | B9: =B8+1 -> 8 | C9: 8 | D9: 2019 | E9: ='FS Jimbaran August 2019'!P19 -> 21820 | F9: ='FS Jimbaran August 2019'!O19/'FS Jimbaran August 2019'!P19 -> 1125.9717 | G9: ='FS Jimbaran August 2019'!AG19 -> 146.29696 | H9: ='FS Jimbaran August 2019'!AH19/'FS Jimbaran August 2019'!AG19 -> 9143.75 | I9: ='FS Jimbaran August 2019'!AJ19 -> 666.89 | J9: ='FS Jimbaran August 2019'!AK19/'FS Jimbaran August 2019'!AJ19 -> 10300 | K9: ='FS Jimbaran August 2019'!V19 -> 498.4 | L9: ='FS Jimbaran August 2019'!AA19/'FS Jimbaran August 2019'!V19 -> 4833.408 | M9: =+'RNs & Covers August 2019'!B13 -> 120 | N9: =+'RNs & Covers August 2019'!C13 -> 856
A10: Bali Jimbaran | B10: =B9+1 -> 9 | C10: 8 | D10: 2019 | E10: ='FS Jimbaran August 2019'!P20 -> 22180 | F10: ='FS Jimbaran August 2019'!O20/'FS Jimbaran August 2019'!P20 -> 1127.3097 | G10: ='FS Jimbaran August 2019'!AG20 -> 155.23568 | H10: ='FS Jimbaran August 2019'!AH20/'FS Jimbaran August 2019'!AG20 -> 9335.5551 | I10: ='FS Jimbaran August 2019'!AJ20 -> 545.61 | J10: ='FS Jimbaran August 2019'!AK20/'FS Jimbaran August 2019'!AJ20 -> 10300 | K10: ='FS Jimbaran August 2019'!V20 -> 432.54 | L10: ='FS Jimbaran August 2019'!AA20/'FS Jimbaran August 2019'!V20 -> 4668.801 | M10: =+'RNs & Covers August 2019'!B14 -> 123 | N10: =+'RNs & Covers August 2019'!C14 -> 990
A11: Bali Jimbaran | B11: =B10+1 -> 10 | C11: 8 | D11: 2019 | E11: ='FS Jimbaran August 2019'!P21 -> 22400 | F11: ='FS Jimbaran August 2019'!O21/'FS Jimbaran August 2019'!P21 -> 1127.798 | G11: ='FS Jimbaran August 2019'!AG21 -> 342.06756 | H11: ='FS Jimbaran August 2019'!AH21/'FS Jimbaran August 2019'!AG21 -> 9907.488 | I11: ='FS Jimbaran August 2019'!AJ21 -> 506.68 | J11: ='FS Jimbaran August 2019'!AK21/'FS Jimbaran August 2019'!AJ21 -> 10300 | K11: ='FS Jimbaran August 2019'!V21 -> 549.13 | L11: ='FS Jimbaran August 2019'!AA21/'FS Jimbaran August 2019'!V21 -> 4690.085 | M11: =+'RNs & Covers August 2019'!B15 -> 127 | N11: =+'RNs & Covers August 2019'!C15 -> 895
A12: Bali Jimbaran | B12: =B11+1 -> 11 | C12: 8 | D12: 2019 | E12: ='FS Jimbaran August 2019'!P22 -> 21800 | F12: ='FS Jimbaran August 2019'!O22/'FS Jimbaran August 2019'!P22 -> 1129.8554 | G12: ='FS Jimbaran August 2019'!AG22 -> 134.1324 | H12: ='FS Jimbaran August 2019'!AH22/'FS Jimbaran August 2019'!AG22 -> 9143.75 | I12: ='FS Jimbaran August 2019'!AJ22 -> 612.3 | J12: ='FS Jimbaran August 2019'!AK22/'FS Jimbaran August 2019'!AJ22 -> 10300 | K12: ='FS Jimbaran August 2019'!V22 -> 486.83 | L12: ='FS Jimbaran August 2019'!AA22/'FS Jimbaran August 2019'!V22 -> 4245.18 | M12: =+'RNs & Covers August 2019'!B16 -> 126 | N12: =+'RNs & Covers August 2019'!C16 -> 1001
A13: Bali Jimbaran | B13: =B12+1 -> 12 | C13: 8 | D13: 2019 | E13: ='FS Jimbaran August 2019'!P23 -> 23660 | F13: ='FS Jimbaran August 2019'!O23/'FS Jimbaran August 2019'!P23 -> 1130.3398 | G13: ='FS Jimbaran August 2019'!AG23 -> 148.952 | H13: ='FS Jimbaran August 2019'!AH23/'FS Jimbaran August 2019'!AG23 -> 9343.6466 | I13: ='FS Jimbaran August 2019'!AJ23 -> 504.4 | J13: ='FS Jimbaran August 2019'!AK23/'FS Jimbaran August 2019'!AJ23 -> 10300 | K13: ='FS Jimbaran August 2019'!V23 -> 476.15 | L13: ='FS Jimbaran August 2019'!AA23/'FS Jimbaran August 2019'!V23 -> 4322.1444 | M13: =+'RNs & Covers August 2019'!B17 -> 130 | N13: =+'RNs & Covers August 2019'!C17 -> 870
A14: Bali Jimbaran | B14: =B13+1 -> 13 | C14: 8 | D14: 2019 | E14: ='FS Jimbaran August 2019'!P24 -> 22320 | F14: ='FS Jimbaran August 2019'!O24/'FS Jimbaran August 2019'!P24 -> 1126.2715 | G14: ='FS Jimbaran August 2019'!AG24 -> 510.79088 | H14: ='FS Jimbaran August 2019'!AH24/'FS Jimbaran August 2019'!AG24 -> 10155.392 | I14: ='FS Jimbaran August 2019'!AJ24 -> 540.6 | J14: ='FS Jimbaran August 2019'!AK24/'FS Jimbaran August 2019'!AJ24 -> 10300 | K14: ='FS Jimbaran August 2019'!V24 -> 431.65 | L14: ='FS Jimbaran August 2019'!AA24/'FS Jimbaran August 2019'!V24 -> 4245.18 | M14: =+'RNs & Covers August 2019'!B18 -> 120 | N14: =+'RNs & Covers August 2019'!C18 -> 687
... A32: Bali Jimbaran | B32: =B31+1 -> 31 | C32: 8 | D32: 2019 | E32: ='FS Jimbaran August 2019'!P42 -> 22540 | F32: ='FS Jimbaran August 2019'!O42/'FS Jimbaran August 2019'!P42 -> 1124.4692 | G32: ='FS Jimbaran August 2019'!AG42 -> 170.49492 | H32: ='FS Jimbaran August 2019'!AH42/'FS Jimbaran August 2019'!AG42 -> 9667.6659 | I32: ='FS Jimbaran August 2019'!AJ42 -> 397 | J32: ='FS Jimbaran August 2019'!AK42/'FS Jimbaran August 2019'!AJ42 -> 10300 | K32: ='FS Jimbaran August 2019'!V42 -> 358.67 | L32: ='FS Jimbaran August 2019'!AA42/'FS Jimbaran August 2019'!V42 -> 6084.3048 | M32: =+'RNs & Covers August 2019'!B36 -> 43 | N32: =+'RNs & Covers August 2019'!C36 -> 498

Sheet FS Jimbaran August 2019
B6: Four Seasons Resort Bali at Jimbaran Bay
B7: AUGUST 2019
B8: Date | C8: Room Nights | D8: Food Covers | E8: ELECTRICITY Resort, Sundara & Residences | V8: WATER | AC8: GAS
E9: Electricity Resort | J9: Electricity - Sundara | O9: Sub Total (Resort & Sundara) Cost (IDR) | P9: Sub Total (Resort & Sundara), KWh | Q9: Residences- Electricity KWh | R9: Residences- Electricity cost (IDR) | S9: TOTAL Electricity consumption (KWh) | T9: TOTAL Electricity cost | W9: Water (m3) | AA9: Total Water Cost | AC9: LPG | AJ9: Diesel
E10: BASED LOAD KWh (from 10 pm - 6 pm) | F10: Cost (IDR) | G10: PEAK LOAD KWh (from 6 pm - 10 pm) | H10: Cost (IDR) | I10: Resort Cost (IDR) | J10: BASED LOAD KWh (from 10 pm - 6 pm) | K10: Cost (IDR) | L10: PEAK LOAD KWh (from 6 pm - 10 pm) | M10: Cost (IDR) | N10: Sundara Cost (IDR) | T10: IDR | U10: USD | V10: Water consumption (m3) | W10: Municipal Water (m3) | X10: Municipal Water cost (IDR) | Y10: Deepwell Consumption (m3) | Z10: Deepwell water Cost (IDR) | AA10: IDR | AB10: USD | AC10: LPG Bulk (m3) | AD10: 50 Kg (tube) IVD & TW | AE10: Sundara 50 kg (tube) | AF10: 12 Kg (tube) | AG10: Total kg | AH10: IDR | AI10: USD | AJ10: Used (liters) | AK10: IDR | AL10: USD
B12: 1 | C12: 67 | D12: 570 | E12: 16640 | F12: 17235379 | G12: 3520 | H12: 5468918.4 | I12: =F12+H12 -> 22704298 | J12: 1740 | K12: 1802257.2 | L12: 420 | M12: 652541.4 | N12: =+K12+M12 -> 2454798.6 | O12: =N12+I12 -> 25159096 | P12: =L12+J12+G12+E12 -> 22320 | U12: 0 | V12: =Y12+W12 -> 524.21 | W12: 66.75 | X12: 1199530.9 | Y12: 457.46 | Z12: 1942000 | AA12: =Z12+X12 -> 3141530.9 | AB12: =AA12/$AL$48 -> 242.1015 | AC12: 122.49148 | AD12: 0 | AE12: 350 | AF12: 72 | AG12: =AC12+AE12+AD12+AF12 -> 544.49148 | AH12: 5614531.5 | AI12: =AH12/$AL$48 -> 432.68284 | AJ12: 776.15 | AK12: 7994345 | AL12: =AK12/$AL$48 -> 616.08273
B13: 2 | C13: 88 | D13: 711 | E13: 16800 | F13: 17401104 | G13: 3560 | H13: 5531065.2 | I13: =F13+H13 -> 22932169 | J13: 1700 | K13: 1760826 | L13: 420 | M13: 652541.4 | N13: =+K13+M13 -> 2413367.4 | O13: =N13+I13 -> 25345537 | P13: =L13+J13+G13+E13 -> 22480 | U13: 0 | V13: =Y13+W13 -> 470.81 | W13: 64.08 | X13: 1151549.6 | Y13: 406.73 | Z13: 1726642.1 | AA13: =Z13+X13 -> 2878191.7 | AB13: =AA13/$AL$48 -> 221.80732 | AC13: 140.3758 | AD13: 0 | AE13: 0 | AF13: 0 | AG13: =AC13+AE13+AD13+AF13 -> 140.3758 | AH13: 1283561.2 | AI13: =AH13/$AL$48 -> 98.917411 | AJ13: 604.48 | AK13: 6226144 | AL13: =AK13/$AL$48 -> 479.81665
B14: 3 | C14: 82 | D14: 683 | E14: 16920 | F14: 17525398 | G14: 3480 | H14: 5406771.6 | I14: =F14+H14 -> 22932169 | J14: 1880 | K14: 1947266.4 | L14: 420 | M14: 652541.4 | N14: =+K14+M14 -> 2599807.8 | O14: =N14+I14 -> 25531977 | P14: =L14+J14+G14+E14 -> 22700 | U14: 0 | V14: =Y14+W14 -> 498.4 | W14: 62.3 | X14: 1119562.2 | Y14: 436.1 | Z14: 1851323 | AA14: =Z14+X14 -> 2970885.1 | AB14: =AA14/$AL$48 -> 228.95072 | AC14: 125.35136 | AD14: 0 | AE14: 0 | AF14: 12 | AG14: =AC14+AE14+AD14+AF14 -> 137.35136 | AH14: 1285681.5 | AI14: =AH14/$AL$48 -> 99.080809 | AJ14: 522.4 | AK14: 5380720 | AL14: =AK14/$AL$48 -> 414.6642
B15: 4 | C15: 85 | D15: 742 | E15: 15880 | F15: 16448186 | G15: 3200 | H15: 4971744 | I15: =F15+H15 -> 21419930 | J15: 1760 | K15: 1822972.8 | L15: 420 | M15: 652541.4 | N15: =+K15+M15 -> 2475514.2 | O15: =N15+I15 -> 23895445 | P15: =L15+J15+G15+E15 -> 21260 | U15: 0 | V15: =Y15+W15 -> 496.62 | W15: 64.08 | X15: 1151549.6 | Y15: 432.54 | Z15: 1836210.2 | AA15: =Z15+X15 -> 2987759.8 | AB15: =AA15/$AL$48 -> 230.25116 | AC15: 0 | AD15: 0 | AE15: 0 | AF15: 0 | AG15: =AC15+AE15+AD15+AF15 -> 0 | AH15: 0 | AI15: =AH15/$AL$48 -> 0 | AJ15: 591.9 | AK15: 6096570 | AL15: =AK15/$AL$48 -> 469.83105
B16: 5 | C16: 89 | D16: 672 | E16: 15400 | F16: 15951012 | G16: 3280 | H16: 5096037.6 | I16: =F16+H16 -> 21047050 | J16: 1640 | K16: 1698679.2 | L16: 420 | M16: 652541.4 | N16: =+K16+M16 -> 2351220.6 | O16: =N16+I16 -> 23398270 | P16: =L16+J16+G16+E16 -> 20740 | U16: 0 | V16: =Y16+W16 -> 464.58 | W16: 46.28 | X16: 831674.74 | Y16: 418.3 | Z16: 1775758.8 | AA16: =Z16+X16 -> 2607433.5 | AB16: =AA16/$AL$48 -> 200.94139 | AC16: 126.6806 | AD16: 0 | AE16: 50 | AF16: 60 | AG16: =AC16+AE16+AD16+AF16 -> 236.6806 | AH16: 2378335.7 | AI16: =AH16/$AL$48 -> 183.28601 | AJ16: 526 | AK16: 5417800 | AL16: =AK16/$AL$48 -> 417.52177
B17: 6 | C17: 93 | D17: 704 | E17: 15560 | F17: 16116737 | G17: 3320 | H17: 5158184.4 | I17: =F17+H17 -> 21274921 | J17: 1800 | K17: 1864404 | L17: 420 | M17: 652541.4 | N17: =+K17+M17 -> 2516945.4 | O17: =N17+I17 -> 23791867 | P17: =L17+J17+G17+E17 -> 21100 | U17: 0 | V17: =Y17+W17 -> 495.73 | W17: 52.51 | X17: 943630.95 | Y17: 443.22 | Z17: 1881548.7 | AA17: =Z17+X17 -> 2825179.6 | AB17: =AA17/$AL$48 -> 217.72195 | AC17: 137.7576 | AD17: 0 | AE17: 300 | AF17: 0 | AG17: =AC17+AE17+AD17+AF17 -> 437.7576 | AH17: 4394621.1 | AI17: =AH17/$AL$48 -> 338.67067 | AJ17: 550.36 | AK17: 5668708 | AL17: =AK17/$AL$48 -> 436.85794
B18: 7 | C18: 103 | D18: 793 | E18: 15880 | F18: 16448186 | G18: 3400 | H18: 5282478 | I18: =F18+H18 -> 21730664 | J18: 1800 | K18: 1864404 | L18: 420 | M18: 652541.4 | N18: =+K18+M18 -> 2516945.4 | O18: =N18+I18 -> 24247610 | P18: =L18+J18+G18+E18 -> 21500 | U18: 0 | V18: =Y18+W18 -> 539.34 | W18: 53.4 | X18: 959624.7 | Y18: 485.94 | Z18: 2062902.8 | AA18: =Z18+X18 -> 3022527.5 | AB18: =AA18/$AL$48 -> 232.93053 | AC18: 150.043 | AD18: 0 | AE18: 0 | AF18: 36 | AG18: =AC18+AE18+AD18+AF18 -> 186.043 | AH18: 1790455.7 | AI18: =AH18/$AL$48 -> 137.98114 | AJ18: 422.96 | AK18: 4356488 | AL18: =AK18/$AL$48 -> 335.73195
B19: 8 | C19: 120 | D19: 856 | E19: 16040 | F19: 16613911 | G19: 3360 | H19: 5220331.2 | I19: =F19+H19 -> 21834242 | J19: 1980 | K19: 2050844.4 | L19: 440 | M19: 683614.8 | N19: =+K19+M19 -> 2734459.2 | O19: =N19+I19 -> 24568702 | P19: =L19+J19+G19+E19 -> 21820 | U19: 0 | V19: =Y19+W19 -> 498.4 | W19: 21.36 | X19: 383849.88 | Y19: 477.04 | Z19: 2025120.7 | AA19: =Z19+X19 -> 2408970.5 | AB19: =AA19/$AL$48 -> 185.64687 | AC19: 146.29696 | AD19: 0 | AE19: 0 | AF19: 0 | AG19: =AC19+AE19+AD19+AF19 -> 146.29696 | AH19: 1337702.8 | AI19: =AH19/$AL$48 -> 103.08982 | AJ19: 666.89 | AK19: 6868967 | AL19: =AK19/$AL$48 -> 529.35568
B20: 9 | C20: 123 | D20: 990 | E20: 16280 | F20: 16862498 | G20: 3480 | H20: 5406771.6 | I20: =F20+H20 -> 22269270 | J20: 1980 | K20: 2050844.4 | L20: 440 | M20: 683614.8 | N20: =+K20+M20 -> 2734459.2 | O20: =N20+I20 -> 25003729 | P20: =L20+J20+G20+E20 -> 22180 | U20: 0 | V20: =Y20+W20 -> 432.54 | W20: 13.35 | X20: 239906.17 | Y20: 419.19 | Z20: 1779537 | AA20: =Z20+X20 -> 2019443.2 | AB20: =AA20/$AL$48 -> 155.62802 | AC20: 143.23568 | AD20: 0 | AE20: 0 | AF20: 12 | AG20: =AC20+AE20+AD20+AF20 -> 155.23568 | AH20: 1449211.2 | AI20: =AH20/$AL$48 -> 111.6832 | AJ20: 545.61 | AK20: 5619783 | AL20: =AK20/$AL$48 -> 433.08755
B21: 10 | C21: 127 | D21: 895 | E21: 16440 | F21: 17028223 | G21: 3560 | H21: 5531065.2 | I21: =F21+H21 -> 22559288 | J21: 1980 | K21: 2050844.4 | L21: 420 | M21: 652541.4 | N21: =+K21+M21 -> 2703385.8 | O21: =N21+I21 -> 25262674 | P21: =L21+J21+G21+E21 -> 22400 | U21: 0 | V21: =Y21+W21 -> 549.13 | W21: 17.8 | X21: 319874.9 | Y21: 531.33 | Z21: 2255591.5 | AA21: =Z21+X21 -> 2575466.4 | AB21: =AA21/$AL$48 -> 198.47785 | AC21: 142.06756 | AD21: 0 | AE21: 200 | AF21: 0 | AG21: =AC21+AE21+AD21+AF21 -> 342.06756 | AH21: 3389030.3 | AI21: =AH21/$AL$48 -> 261.175 | AJ21: 506.68 | AK21: 5218804 | AL21: =AK21/$AL$48 -> 402.18617
B22: 11 | C22: 126 | D22: 1001 | E22: 16000 | F22: 16572480 | G22: 3520 | H22: 5468918.4 | I22: =F22+H22 -> 22041398 | J22: 1840 | K22: 1905835.2 | L22: 440 | M22: 683614.8 | N22: =+K22+M22 -> 2589450 | O22: =N22+I22 -> 24630848 | P22: =L22+J22+G22+E22 -> 21800 | U22: 0 | V22: =Y22+W22 -> 486.83 | W22: 0 | X22: 0 | Y22: 486.83 | Z22: 2066681 | AA22: =Z22+X22 -> 2066681 | AB22: =AA22/$AL$48 -> 159.26839 | AC22: 134.1324 | AD22: 0 | AE22: 0 | AF22: 0 | AG22: =AC22+AE22+AD22+AF22 -> 134.1324 | AH22: 1226473.1 | AI22: =AH22/$AL$48 -> 94.517927 | AJ22: 612.3 | AK22: 6306690 | AL22: =AK22/$AL$48 -> 486.02391
B23: 12 | C23: 130 | D23: 870 | E23: 17440 | F23: 18064003 | G23: 3880 | H23: 6028239.6 | I23: =F23+H23 -> 24092243 | J23: 1900 | K23: 1967982 | L23: 440 | M23: 683614.8 | N23: =+K23+M23 -> 2651596.8 | O23: =N23+I23 -> 26743840 | P23: =L23+J23+G23+E23 -> 23660 | U23: 0 | V23: =Y23+W23 -> 476.15 | W23: 2.67 | X23: 47981.235 | Y23: 473.48 | Z23: 2010007.8 | AA23: =Z23+X23 -> 2057989.1 | AB23: =AA23/$AL$48 -> 158.59855 | AC23: 136.952 | AD23: 0 | AE23: 0 | AF23: 12 | AG23: =AC23+AE23+AD23+AF23 -> 148.952 | AH23: 1391754.9 | AI23: =AH23/$AL$48 -> 107.25533 | AJ23: 504.4 | AK23: 5195320 | AL23: =AK23/$AL$48 -> 400.37638
... B42: 31 | C42: 43 | D42: 498 | E42: 16480 | F42: 17069654 | G42: 3320 | H42: 5158184.4 | I42: =F42+H42 -> 22227839 | J42: 2200 | K42: 2278716 | L42: 540 | M42: 838981.8 | N42: =+K42+M42 -> 3117697.8 | O42: =N42+I42 -> 25345537 | P42: =L42+J42+G42+E42 -> 22540 | U42: 0 | V42: =Y42+W42 -> 358.67 | W42: 48.06 | X42: 863662.23 | Y42: 310.61 | Z42: 1318595.4 | AA42: =Z42+X42 -> 2182257.6 | AB42: =AA42/$AL$48 -> 168.17528 | AC42: 134.49492 | AD42: 0 | AE42: 0 | AF42: 36 | AG42: =AC42+AE42+AD42+AF42 -> 170.49492 | AH42: 1648287.9 | AI42: =AH42/$AL$48 -> 127.02501 | AJ42: 397 | AK42: 4089100 | AL42: =AK42/$AL$48 -> 315.12574
C47: =SUM(C12:C43) -> 2942 | D47: =SUM(D12:D43) -> 23179 | E47: =SUM(E12:E43) -> 504440 | F47: =SUM(F12:F43) -> 5.2248886e+08 | G47: =SUM(G12:G43) -> 106720 | H47: =SUM(H12:H43) -> 1.6580766e+08 | I47: =SUM(I12:I43) -> 6.8829653e+08 | J47: =SUM(J12:J43) -> 57840 | ... P47: =SUM(P12:P43) -> 682680 | Q47: =+#REF! -> #REF! | R47: =+#REF! -> #REF! | S47: =Q47+P47 -> #REF! | T47: =R47+O47 -> #REF! | U47: =T47/AL48 -> #REF! | V47: =SUM(V12:V42) -> 16313.7 | W47: =SUM(W12:W42) -> 1363.48 | X47: =SUM(X12:X42) -> 24502417 | Y47: =SUM(Y12:Y42) -> 14950.22 | Z47: =SUM(Z12:Z42) -> 63466375 | AA47: =SUM(AA12:AA42) -> 87968792 | AB47: =AA47/$AL$48 -> 6779.2989 | AC47: =SUM(AC12:AC41) -> 4153.9556 | AD47: =SUM(AE12:AE41) -> 2150 | AE47: =SUM(#REF!) -> #REF! | AF47: =SUM(AF12:AF42) -> 444 | AG47: =SUM(AG12:AG42) -> 6882.4505 | AH47: =SUM(AH12:AH43) -> 66841519 | AI47: =AH47/$AL$48 -> 5151.1294 | AJ47: =SUM(AJ12:AJ43) -> 16545.53 | AK47: =SUM(AK12:AK43) -> 1.7041896e+08 | AL47: =AK47/AL48 -> 13133.306
T48: kWh rate | U48: =U47/S47 -> #REF! | V48: m3/RNs | AL48: 12976.09

Sheet RNs & Covers August 2019
A1: Four Seasons Resort Bali at Jimbaran Bay
A2: 43678
A3: Date | B3: Room Nights | C3: Food Covers
A6: 1 | B6: 67 | C6: 570
A7: 2 | B7: 88 | C7: 711
A8: =A7+1 -> 3 | B8: 82 | C8: 683
A9: =A8+1 -> 4 | B9: 85 | C9: 742
A10: =A9+1 -> 5 | B10: 89 | C10: 672
A11: =A10+1 -> 6 | B11: 93 | C11: 704
A12: =A11+1 -> 7 | B12: 103 | C12: 793
A13: =A12+1 -> 8 | B13: 120 | C13: 856
A14: =A13+1 -> 9 | B14: 123 | C14: 990
A15: =A14+1 -> 10 | B15: 127 | C15: 895
A16: =A15+1 -> 11 | B16: 126 | C16: 1001
A17: =A16+1 -> 12 | B17: 130 | C17: 870
A18: =A17+1 -> 13 | B18: 120 | C18: 687
A19: =A18+1 -> 14 | B19: 115 | C19: 843
... A35: =A34+1 -> 30 | B35: 55 | C35: 522
A36: 31 | B36: 43 | C36: 498
B38: =SUM(B6:B36) -> 2942 | C38: =SUM(C6:C36) -> 23179
