Workbook

Sheet TOTAL
A1: Site Name | B1: Day | C1: Month | D1: Year | E1: Total Electricity Kwh | F1: Electricity Tariff ($/Kwh) | G1: LPG (Kg) | H1: LPG $/Kg | I1: Total Fuel Oil (Liters) | J1: Fuel Oil $/Liter | K1: Water Utility Supply (m3) m3 | L1: Water Utility Supply (m3) $/m3 | M1: Room Nights | N1: Food Covers
A2: Bali Jimbaran | B2: 1 | C2: 2 | D2: 2019 | E2: ='FS Jimbaran February 2019'!P12 -> 24460 | F2: ='FS Jimbaran February 2019'!O12/'FS Jimbaran February 2019'!P12 -> 1131.0582 | G2: ='FS Jimbaran February 2019'!AG12 -> 302.1744 | H2: ='FS Jimbaran February 2019'!AH12/'FS Jimbaran February 2019'!AG12 -> 10770.485 | I2: ='FS Jimbaran February 2019'!AJ12 -> 594.41 | J2: ='FS Jimbaran February 2019'!AK12/'FS Jimbaran February 2019'!AJ12 -> 10000 | K2: ='FS Jimbaran February 2019'!V12 -> 864.19 | L2: ='FS Jimbaran February 2019'!AA12/'FS Jimbaran February 2019'!V12 -> 7934.4782 | M2: 53 | N2: 498
A3: Bali Jimbaran | B3: =B2+1 -> 2 | C3: 2 | D3: 2019 | E3: ='FS Jimbaran February 2019'!P13 -> 25360 | F3: ='FS Jimbaran February 2019'!O13/'FS Jimbaran February 2019'!P13 -> 1130.9443 | G3: ='FS Jimbaran February 2019'!AG13 -> 138.07984 | H3: ='FS Jimbaran February 2019'!AH13/'FS Jimbaran February 2019'!AG13 -> 10120 | I3: ='FS Jimbaran February 2019'!AJ13 -> 623.95 | J3: ='FS Jimbaran February 2019'!AK13/'FS Jimbaran February 2019'!AJ13 -> 10000 | K3: ='FS Jimbaran February 2019'!V13 -> 948.74 | L3: ='FS Jimbaran February 2019'!AA13/'FS Jimbaran February 2019'!V13 -> 7940.4585 | M3: 63 | N3: 624
A4: Bali Jimbaran | B4: =B3+1 -> 3 | C4: 2 | D4: 2019 | E4: ='FS Jimbaran February 2019'!P14 -> 26420 | F4: ='FS Jimbaran February 2019'!O14/'FS Jimbaran February 2019'!P14 -> 1129.4785 | G4: ='FS Jimbaran February 2019'!AG14 -> 165.10084 | H4: ='FS Jimbaran February 2019'!AH14/'FS Jimbaran February 2019'!AG14 -> 10338.775 | I4: ='FS Jimbaran February 2019'!AJ14 -> 552.2 | J4: ='FS Jimbaran February 2019'!AK14/'FS Jimbaran February 2019'!AJ14 -> 10000 | K4: ='FS Jimbaran February 2019'!V14 -> 937.17 | L4: ='FS Jimbaran February 2019'!AA14/'FS Jimbaran February 2019'!V14 -> 7790.5618 | M4: 71 | N4: 773
A5: Bali Jimbaran | B5: =B4+1 -> 4 | C5: 2 | D5: 2019 | E5: ='FS Jimbaran February 2019'!P15 -> 25820 | F5: ='FS Jimbaran February 2019'!O15/'FS Jimbaran February 2019'!P15 -> 1129.2489 | G5: ='FS Jimbaran February 2019'!AG15 -> 153.74876 | H5: ='FS Jimbaran February 2019'!AH15/'FS Jimbaran February 2019'!AG15 -> 10120 | I5: ='FS Jimbaran February 2019'!AJ15 -> 479.49 | J5: ='FS Jimbaran February 2019'!AK15/'FS Jimbaran February 2019'!AJ15 -> 10000 | K5: ='FS Jimbaran February 2019'!V15 -> 902.46 | L5: ='FS Jimbaran February 2019'!AA15/'FS Jimbaran February 2019'!V15 -> 7629.1346 | M5: 80 | N5: 735
A6: Bali Jimbaran | B6: =B5+1 -> 5 | C6: 2 | D6: 2019 | E6: ='FS Jimbaran February 2019'!P16 -> 26460 | F6: ='FS Jimbaran February 2019'!O16/'FS Jimbaran February 2019'!P16 -> 1130.5112 | G6: ='FS Jimbaran February 2019'!AG16 -> 140.01328 | H6: ='FS Jimbaran February 2019'!AH16/'FS Jimbaran February 2019'!AG16 -> 10120 | I6: ='FS Jimbaran February 2019'!AJ16 -> 421.01 | J6: ='FS Jimbaran February 2019'!AK16/'FS Jimbaran February 2019'!AJ16 -> 10000 | K6: ='FS Jimbaran February 2019'!V16 -> 928.27 | L6: ='FS Jimbaran February 2019'!AA16/'FS Jimbaran February 2019'!V16 -> 7929.8297 | M6: 98 | N6: 681
A7: Bali Jimbaran | B7: =B6+1 -> 6 | C7: 2 | D7: 2019 | E7: ='FS Jimbaran February 2019'!P17 -> 27480 | F7: ='FS Jimbaran February 2019'!O17/'FS Jimbaran February 2019'!P17 -> 1128.1257 | G7: ='FS Jimbaran February 2019'!AG17 -> 137.47564 | H7: ='FS Jimbaran February 2019'!AH17/'FS Jimbaran February 2019'!AG17 -> 10120 | I7: ='FS Jimbaran February 2019'!AJ17 -> 433.53 | J7: ='FS Jimbaran February 2019'!AK17/'FS Jimbaran February 2019'!AJ17 -> 10000 | K7: ='FS Jimbaran February 2019'!V17 -> 884.66 | L7: ='FS Jimbaran February 2019'!AA17/'FS Jimbaran February 2019'!V17 -> 7890.5366 | M7: 112 | N7: 768
A8: Bali Jimbaran | B8: =B7+1 -> 7 | C8: 2 | D8: 2019 | E8: ='FS Jimbaran February 2019'!P18 -> 28780 | F8: ='FS Jimbaran February 2019'!O18/'FS Jimbaran February 2019'!P18 -> 1126.1138 | G8: ='FS Jimbaran February 2019'!AG18 -> 238.23212 | H8: ='FS Jimbaran February 2019'!AH18/'FS Jimbaran February 2019'!AG18 -> 10650.659 | I8: ='FS Jimbaran February 2019'!AJ18 -> 738.12 | J8: ='FS Jimbaran February 2019'!AK18/'FS Jimbaran February 2019'!AJ18 -> 10000 | K8: ='FS Jimbaran February 2019'!V18 -> 844.61 | L8: ='FS Jimbaran February 2019'!AA18/'FS Jimbaran February 2019'!V18 -> 7817.5236 | M8: 125 | N8: 837
A9: Bali Jimbaran | B9: =B8+1 -> 8 | C9: 2 | D9: 2019 | E9: ='FS Jimbaran February 2019'!P19 -> 25800 | F9: ='FS Jimbaran February 2019'!O19/'FS Jimbaran February 2019'!P19 -> 1128.117 | G9: ='FS Jimbaran February 2019'!AG19 -> 159.58936 | H9: ='FS Jimbaran February 2019'!AH19/'FS Jimbaran February 2019'!AG19 -> 10120 | I9: ='FS Jimbaran February 2019'!AJ19 -> 587.23 | J9: ='FS Jimbaran February 2019'!AK19/'FS Jimbaran February 2019'!AJ19 -> 10000 | K9: ='FS Jimbaran February 2019'!V19 -> 902.46 | L9: ='FS Jimbaran February 2019'!AA19/'FS Jimbaran February 2019'!V19 -> 7859.2436 | M9: 135 | N9: 949
A10: Bali Jimbaran | B10: =B9+1 -> 9 | C10: 2 | D10: 2019 | E10: ='FS Jimbaran February 2019'!P20 -> 25840 | F10: ='FS Jimbaran February 2019'!O20/'FS Jimbaran February 2019'!P20 -> 1128.3749 | G10: ='FS Jimbaran February 2019'!AG20 -> 153.34596 | H10: ='FS Jimbaran February 2019'!AH20/'FS Jimbaran February 2019'!AG20 -> 10120 | I10: ='FS Jimbaran February 2019'!AJ20 -> 591.7 | J10: ='FS Jimbaran February 2019'!AK20/'FS Jimbaran February 2019'!AJ20 -> 10000 | K10: ='FS Jimbaran February 2019'!V20 -> 873.98 | L10: ='FS Jimbaran February 2019'!AA20/'FS Jimbaran February 2019'!V20 -> 7823.2675 | M10: 127 | N10: 912
A11: Bali Jimbaran | B11: =B10+1 -> 10 | C11: 2 | D11: 2019 | E11: ='FS Jimbaran February 2019'!P21 -> 26980 | F11: ='FS Jimbaran February 2019'!O21/'FS Jimbaran February 2019'!P21 -> 1127.1498 | G11: ='FS Jimbaran February 2019'!AG21 -> 307.28996 | H11: ='FS Jimbaran February 2019'!AH21/'FS Jimbaran February 2019'!AG21 -> 10759.656 | I11: ='FS Jimbaran February 2019'!AJ21 -> 429.4 | J11: ='FS Jimbaran February 2019'!AK21/'FS Jimbaran February 2019'!AJ21 -> 10000 | K11: ='FS Jimbaran February 2019'!V21 -> 843.72 | L11: ='FS Jimbaran February 2019'!AA21/'FS Jimbaran February 2019'!V21 -> 7748.9009 | M11: 105 | N11: 880
A12: Bali Jimbaran | B12: =B11+1 -> 11 | C12: 2 | D12: 2019 | E12: ='FS Jimbaran February 2019'!P22 -> 26620 | F12: ='FS Jimbaran February 2019'!O22/'FS Jimbaran February 2019'!P22 -> 1127.9963 | G12: ='FS Jimbaran February 2019'!AG22 -> 142.87316 | H12: ='FS Jimbaran February 2019'!AH22/'FS Jimbaran February 2019'!AG22 -> 10120 | I12: ='FS Jimbaran February 2019'!AJ22 -> 487 | J12: ='FS Jimbaran February 2019'!AK22/'FS Jimbaran February 2019'!AJ22 -> 10000 | K12: ='FS Jimbaran February 2019'!V22 -> 948.74 | L12: ='FS Jimbaran February 2019'!AA22/'FS Jimbaran February 2019'!V22 -> 7579.9435 | M12: 86 | N12: 645
A13: Bali Jimbaran | B13: =B12+1 -> 12 | C13: 2 | D13: 2019 | E13: ='FS Jimbaran February 2019'!P23 -> 25500 | F13: ='FS Jimbaran February 2019'!O23/'FS Jimbaran February 2019'!P23 -> 1131.6404 | G13: ='FS Jimbaran February 2019'!AG23 -> 185.036 | H13: ='FS Jimbaran February 2019'!AH23/'FS Jimbaran February 2019'!AG23 -> 10412.808 | I13: ='FS Jimbaran February 2019'!AJ23 -> 402.92 | J13: ='FS Jimbaran February 2019'!AK23/'FS Jimbaran February 2019'!AJ23 -> 10000 | K13: ='FS Jimbaran February 2019'!V23 -> 987.9 | L13: ='FS Jimbaran February 2019'!AA23/'FS Jimbaran February 2019'!V23 -> 7225.1819 | M13: 70 | N13: 527
A14: Bali Jimbaran | B14: =B13+1 -> 13 | C14: 2 | D14: 2019 | E14: ='FS Jimbaran February 2019'!P24 -> 25820 | F14: ='FS Jimbaran February 2019'!O24/'FS Jimbaran February 2019'!P24 -> 1123.6328 | G14: ='FS Jimbaran February 2019'!AG24 -> 150.3618 | H14: ='FS Jimbaran February 2019'!AH24/'FS Jimbaran February 2019'!AG24 -> 10240.11 | I14: ='FS Jimbaran February 2019'!AJ24 -> 666.13 | J14: ='FS Jimbaran February 2019'!AK24/'FS Jimbaran February 2019'!AJ24 -> 10000 | K14: ='FS Jimbaran February 2019'!V24 -> 889.11 | L14: ='FS Jimbaran February 2019'!AA24/'FS Jimbaran February 2019'!V24 -> 7638.7276 | M14: 69 | N14: 564
... A29: Bali Jimbaran | B29: =B28+1 -> 28 | C29: 2 | D29: 2019 | E29: ='FS Jimbaran February 2019'!P39 -> 27340 | F29: ='FS Jimbaran February 2019'!O39/'FS Jimbaran February 2019'!P39 -> 1122.537 | G29: ='FS Jimbaran February 2019'!AG39 -> 136.22696 | H29: ='FS Jimbaran February 2019'!AH39/'FS Jimbaran February 2019'!AG39 -> 10120 | I29: ='FS Jimbaran February 2019'!AJ39 -> 652.3 | J29: ='FS Jimbaran February 2019'!AK39/'FS Jimbaran February 2019'!AJ39 -> 10000 | K29: ='FS Jimbaran February 2019'!V39 -> 698.65 | L29: ='FS Jimbaran February 2019'!AA39/'FS Jimbaran February 2019'!V39 -> 6500.6784 | M29: 43 | N29: 579

Sheet FS Jimbaran February 2019
B6: Four Seasons Resort Bali at Jimbaran Bay
B7: FEBRUARY 2019
B8: Date | C8: Room Nights | D8: Food Covers | E8: ELECTRICITY Resort, Sundara & Residences | V8: WATER | AC8: GAS
E9: Electricity Resort | J9: Electricity - Sundara | O9: Sub Total (Resort & Sundara) Cost (IDR) | P9: Sub Total (Resort & Sundara), KWh | Q9: Residences- Electricity KWh | R9: Residences- Electricity cost (IDR) | S9: TOTAL Electricity consumption (KWh) | T9: TOTAL Electricity cost | W9: Water (m3) | AA9: Total Water Cost | AC9: LPG | AJ9: Diesel
E10: BASED LOAD KWh (from 10 pm - 6 pm) | F10: Cost (IDR) | G10: PEAK LOAD KWh (from 6 pm - 10 pm) | H10: Cost (IDR) | I10: Resort Cost (IDR) | J10: BASED LOAD KWh (from 10 pm - 6 pm) | K10: Cost (IDR) | L10: PEAK LOAD KWh (from 6 pm - 10 pm) | M10: Cost (IDR) | N10: Sundara Cost (IDR) | T10: IDR | U10: USD | V10: Water consumption (m3) | W10: Municipal Water (m3) | X10: Municipal Water cost (IDR) | Y10: Deepwell Consumption (m3) | Z10: Deepwell water Cost (IDR) | AA10: IDR | AB10: USD | AC10: LPG Bulk (m3) | AD10: 50 Kg (tube) IVD & TW | AE10: Sundara 50 kg (tube) | AF10: 12 Kg (tube) | AG10: Total kg | AH10: IDR | AI10: USD | AJ10: Used (liters) | AK10: IDR | AL10: USD
B12: 1 | C12: 53 | D12: 498 | E12: 17800 | F12: 18436884 | G12: 3960 | H12: 6152533.2 | I12: =F12+H12 -> 24589417 | J12: 2160 | K12: 2237284.8 | L12: 540 | M12: 838981.8 | N12: =K12+M12 -> 3076266.6 | O12: =N12+I12 -> 27665684 | P12: =L12+J12+G12+E12 -> 24460 | U12: 0 | V12: =Y12+W12 -> 864.19 | W12: 232.29 | X12: 4174367.4 | Y12: 631.9 | Z12: 2682529.2 | AA12: =Z12+X12 -> 6856896.7 | AB12: =AA12/$AL$47 -> 528.42549 | AC12: 140.1744 | AD12: 0 | AE12: 150 | AF12: 12 | AG12: =SUM(AC12:AF12) -> 302.1744 | AH12: 3254564.9 | AI12: =AH12/$AL$47 -> 250.81245 | AJ12: 594.41 | AK12: 5944100 | AL12: =AK12/$AL$47 -> 458.08098
B13: 2 | C13: 63 | D13: 624 | E13: 18360 | F13: 19016921 | G13: 4120 | H13: 6401120.4 | I13: =F13+H13 -> 25418041 | J13: 2340 | K13: 2423725.2 | L13: 540 | M13: 838981.8 | N13: =K13+M13 -> 3262707 | O13: =N13+I13 -> 28680748 | P13: =L13+J13+G13+E13 -> 25360 | U13: 0 | V13: =Y13+W13 -> 948.74 | W13: 255.43 | X13: 4590204.8 | Y13: 693.31 | Z13: 2943225.7 | AA13: =Z13+X13 -> 7533430.6 | AB13: =AA13/$AL$47 -> 580.56245 | AC13: 138.07984 | AD13: 0 | AE13: 0 | AF13: 0 | AG13: =SUM(AC13:AF13) -> 138.07984 | AH13: 1397368 | AI13: =AH13/$AL$47 -> 107.68791 | AJ13: 623.95 | AK13: 6239500 | AL13: =AK13/$AL$47 -> 480.84593
B14: 3 | C14: 71 | D14: 773 | E14: 19560 | F14: 20259857 | G14: 4280 | H14: 6649707.6 | I14: =F14+H14 -> 26909564 | J14: 2080 | K14: 2154422.4 | L14: 500 | M14: 776835 | N14: =K14+M14 -> 2931257.4 | O14: =N14+I14 -> 29840822 | P14: =L14+J14+G14+E14 -> 26420 | U14: 0 | V14: =Y14+W14 -> 937.17 | W14: 242.08 | X14: 4350298.6 | Y14: 695.09 | Z14: 2950782.2 | AA14: =Z14+X14 -> 7301080.8 | AB14: =AA14/$AL$47 -> 562.65646 | AC14: 141.10084 | AD14: 0 | AE14: 0 | AF14: 24 | AG14: =SUM(AC14:AF14) -> 165.10084 | AH14: 1706940.5 | AI14: =AH14/$AL$47 -> 131.54506 | AJ14: 552.2 | AK14: 5522000 | AL14: =AK14/$AL$47 -> 425.55192
B15: 4 | C15: 80 | D15: 735 | E15: 19440 | F15: 20135563 | G15: 4200 | H15: 6525414 | I15: =F15+H15 -> 26660977 | J15: 1720 | K15: 1781541.6 | L15: 460 | M15: 714688.2 | N15: =K15+M15 -> 2496229.8 | O15: =N15+I15 -> 29157207 | P15: =L15+J15+G15+E15 -> 25820 | U15: 0 | V15: =Y15+W15 -> 902.46 | W15: 222.5 | X15: 3998436.2 | Y15: 679.96 | Z15: 2886552.6 | AA15: =Z15+X15 -> 6884988.8 | AB15: =AA15/$AL$47 -> 530.5904 | AC15: 153.74876 | AD15: 0 | AE15: 0 | AF15: 0 | AG15: =SUM(AC15:AF15) -> 153.74876 | AH15: 1555937.5 | AI15: =AH15/$AL$47 -> 119.90803 | AJ15: 479.49 | AK15: 4794900 | AL15: =AK15/$AL$47 -> 369.51809
B16: 5 | C16: 98 | D16: 681 | E16: 19720 | F16: 20425582 | G16: 4400 | H16: 6836148 | I16: =F16+H16 -> 27261730 | J16: 1900 | K16: 1967982 | L16: 440 | M16: 683614.8 | N16: =K16+M16 -> 2651596.8 | O16: =N16+I16 -> 29913326 | P16: =L16+J16+G16+E16 -> 26460 | U16: 0 | V16: =Y16+W16 -> 928.27 | W16: 249.2 | X16: 4478248.6 | Y16: 679.07 | Z16: 2882774.4 | AA16: =Z16+X16 -> 7361023 | AB16: =AA16/$AL$47 -> 567.27589 | AC16: 140.01328 | AD16: 0 | AE16: 0 | AF16: 0 | AG16: =SUM(AC16:AF16) -> 140.01328 | AH16: 1416934.4 | AI16: =AH16/$AL$47 -> 109.19579 | AJ16: 421.01 | AK16: 4210100 | AL16: =AK16/$AL$47 -> 324.45059
B17: 6 | C17: 112 | D17: 768 | E17: 20680 | F17: 21419930 | G17: 4440 | H17: 6898294.8 | I17: =F17+H17 -> 28318225 | J17: 1900 | K17: 1967982 | L17: 460 | M17: 714688.2 | N17: =K17+M17 -> 2682670.2 | O17: =N17+I17 -> 31000895 | P17: =L17+J17+G17+E17 -> 27480 | U17: 0 | V17: =Y17+W17 -> 884.66 | W17: 234.96 | X17: 4222348.7 | Y17: 649.7 | Z17: 2758093.4 | AA17: =Z17+X17 -> 6980442.1 | AB17: =AA17/$AL$47 -> 537.94649 | AC17: 137.47564 | AD17: 0 | AE17: 0 | AF17: 0 | AG17: =SUM(AC17:AF17) -> 137.47564 | AH17: 1391253.5 | AI17: =AH17/$AL$47 -> 107.21669 | AJ17: 433.53 | AK17: 4335300 | AL17: =AK17/$AL$47 -> 334.0991
B18: 7 | C18: 125 | D18: 837 | E18: 21920 | F18: 22704298 | G18: 4520 | H18: 7022588.4 | I18: =F18+H18 -> 29726886 | J18: 1840 | K18: 1905835.2 | L18: 500 | M18: 776835 | N18: =K18+M18 -> 2682670.2 | O18: =N18+I18 -> 32409556 | P18: =L18+J18+G18+E18 -> 28780 | U18: =T18/$AL$47 -> 0 | V18: =Y18+W18 -> 844.61 | W18: 219.83 | X18: 3950455 | Y18: 624.78 | Z18: 2652303.6 | AA18: =Z18+X18 -> 6602758.6 | AB18: =AA18/$AL$47 -> 508.84038 | AC18: 154.23212 | AD18: 0 | AE18: 0 | AF18: 84 | AG18: =SUM(AC18:AF18) -> 238.23212 | AH18: 2537329.1 | AI18: =AH18/$AL$47 -> 195.5388 | AJ18: 738.12 | AK18: 7381200 | AL18: =AK18/$AL$47 -> 568.83083
B19: 8 | C19: 135 | D19: 949 | E19: 19120 | F19: 19804114 | G19: 4120 | H19: 6401120.4 | I19: =F19+H19 -> 26205234 | J19: 2080 | K19: 2154422.4 | L19: 480 | M19: 745761.6 | N19: =K19+M19 -> 2900184 | O19: =N19+I19 -> 29105418 | P19: =L19+J19+G19+E19 -> 25800 | U19: =T19/$AL$47 -> 0 | V19: =Y19+W19 -> 902.46 | W19: 237.63 | X19: 4270329.9 | Y19: 664.83 | Z19: 2822323 | AA19: =Z19+X19 -> 7092652.9 | AB19: =AA19/$AL$47 -> 546.594 | AC19: 159.58936 | AD19: 0 | AE19: 0 | AF19: 0 | AG19: =SUM(AC19:AF19) -> 159.58936 | AH19: 1615044.3 | AI19: =AH19/$AL$47 -> 124.4631 | AJ19: 587.23 | AK19: 5872300 | AL19: =AK19/$AL$47 -> 452.54772
B20: 9 | C20: 127 | D20: 912 | E20: 19240 | F20: 19928407 | G20: 4160 | H20: 6463267.2 | I20: =F20+H20 -> 26391674 | J20: 1980 | K20: 2050844.4 | L20: 460 | M20: 714688.2 | N20: =K20+M20 -> 2765532.6 | O20: =N20+I20 -> 29157207 | P20: =L20+J20+G20+E20 -> 25840 | U20: =T20/$AL$47 -> 0 | V20: =Y20+W20 -> 873.98 | W20: 227.84 | X20: 4094398.7 | Y20: 646.14 | Z20: 2742980.6 | AA20: =Z20+X20 -> 6837379.3 | AB20: =AA20/$AL$47 -> 526.92139 | AC20: 153.34596 | AD20: 0 | AE20: 0 | AF20: 0 | AG20: =SUM(AC20:AF20) -> 153.34596 | AH20: 1551861.1 | AI20: =AH20/$AL$47 -> 119.59389 | AJ20: 591.7 | AK20: 5917000 | AL20: =AK20/$AL$47 -> 455.99252
B21: 10 | C21: 105 | D21: 880 | E21: 20120 | F21: 20839894 | G21: 4280 | H21: 6649707.6 | I21: =F21+H21 -> 27489601 | J21: 2100 | K21: 2175138 | L21: 480 | M21: 745761.6 | N21: =K21+M21 -> 2920899.6 | O21: =N21+I21 -> 30410501 | P21: =L21+J21+G21+E21 -> 26980 | U21: =T21/$AL$47 -> 0 | V21: =Y21+W21 -> 843.72 | W21: 215.38 | X21: 3870486.3 | Y21: 628.34 | Z21: 2667416.4 | AA21: =Z21+X21 -> 6537902.7 | AB21: =AA21/$AL$47 -> 503.84227 | AC21: 145.28996 | AD21: 0 | AE21: 150 | AF21: 12 | AG21: =SUM(AC21:AF21) -> 307.28996 | AH21: 3306334.4 | AI21: =AH21/$AL$47 -> 254.80205 | AJ21: 429.4 | AK21: 4294000 | AL21: =AK21/$AL$47 -> 330.91632
B22: 11 | C22: 86 | D22: 645 | E22: 19960 | F22: 20674169 | G22: 4280 | H22: 6649707.6 | I22: =F22+H22 -> 27323876 | J22: 1920 | K22: 1988697.6 | L22: 460 | M22: 714688.2 | N22: =K22+M22 -> 2703385.8 | O22: =N22+I22 -> 30027262 | P22: =L22+J22+G22+E22 -> 26620 | U22: =T22/$AL$47 -> 0 | V22: =Y22+W22 -> 948.74 | W22: 230.51 | X22: 4142380 | Y22: 718.23 | Z22: 3049015.6 | AA22: =Z22+X22 -> 7191395.6 | AB22: =AA22/$AL$47 -> 554.20358 | AC22: 142.87316 | AD22: 0 | AE22: 0 | AF22: 0 | AG22: =SUM(AC22:AF22) -> 142.87316 | AH22: 1445876.4 | AI22: =AH22/$AL$47 -> 111.4262 | AJ22: 487 | AK22: 4870000 | AL22: =AK22/$AL$47 -> 375.30566
B23: 12 | C23: 70 | D23: 527 | E23: 18840 | F23: 19514095 | G23: 4240 | H23: 6587560.8 | I23: =F23+H23 -> 26101656 | J23: 1940 | K23: 2009413.2 | L23: 480 | M23: 745761.6 | N23: =K23+M23 -> 2755174.8 | O23: =N23+I23 -> 28856831 | P23: =L23+J23+G23+E23 -> 25500 | U23: =T23/$AL$47 -> 0 | V23: =Y23+W23 -> 987.9 | W23: 214.49 | X23: 3854492.5 | Y23: 773.41 | Z23: 3283264.7 | AA23: =Z23+X23 -> 7137757.2 | AB23: =AA23/$AL$47 -> 550.06995 | AC23: 149.036 | AD23: 0 | AE23: 0 | AF23: 36 | AG23: =SUM(AC23:AF23) -> 185.036 | AH23: 1926744.3 | AI23: =AH23/$AL$47 -> 148.4842 | AJ23: 402.92 | AK23: 4029200 | AL23: =AK23/$AL$47 -> 310.50956
B24: 13 | C24: 69 | D24: 564 | E24: 19440 | F24: 20135563 | G24: 3920 | H24: 6090386.4 | I24: =F24+H24 -> 26225950 | J24: 2000 | K24: 2071560 | L24: 460 | M24: 714688.2 | N24: =K24+M24 -> 2786248.2 | O24: =N24+I24 -> 29012198 | P24: =L24+J24+G24+E24 -> 25820 | U24: =T24/$AL$47 -> 0 | V24: =Y24+W24 -> 889.11 | W24: 219.83 | X24: 3950455 | Y24: 669.28 | Z24: 2841214.1 | AA24: =Z24+X24 -> 6791669.1 | AB24: =AA24/$AL$47 -> 523.39873 | AC24: 138.3618 | AD24: 0 | AE24: 0 | AF24: 12 | AG24: =SUM(AC24:AF24) -> 150.3618 | AH24: 1539721.4 | AI24: =AH24/$AL$47 -> 118.65835 | AJ24: 666.13 | AK24: 6661300 | AL24: =AK24/$AL$47 -> 513.35186
B25: 14 | C25: 60 | D25: 643 | E25: 19600 | F25: 20301288 | G25: 4120 | H25: 6401120.4 | I25: =F25+H25 -> 26702408 | J25: 1820 | K25: 1885119.6 | L25: 460 | M25: 714688.2 | N25: =K25+M25 -> 2599807.8 | O25: =N25+I25 -> 29302216 | P25: =L25+J25+G25+E25 -> 26000 | U25: =T25/$AL$47 -> 0 | V25: =Y25+W25 -> 945.18 | W25: 210.04 | X25: 3774523.8 | Y25: 735.14 | Z25: 3120801.6 | AA25: =Z25+X25 -> 6895325.4 | AB25: =AA25/$AL$47 -> 531.38699 | AC25: 136.67004 | AD25: 0 | AE25: 300 | AF25: 0 | AG25: =SUM(AC25:AF25) -> 436.67004 | AH25: 4776100.8 | AI25: =AH25/$AL$47 -> 368.06933 | AJ25: 753.39 | AK25: 7533900 | AL25: =AK25/$AL$47 -> 580.59862
B26: 15 | C26: 63 | D26: 442 | E26: 19760 | F26: 20467013 | G26: 4240 | H26: 6587560.8 | I26: =F26+H26 -> 27054574 | J26: 1940 | K26: 2009413.2 | L26: 480 | M26: 745761.6 | N26: =K26+M26 -> 2755174.8 | O26: =N26+I26 -> 29809748 | P26: =L26+J26+G26+E26 -> 26420 | U26: =T26/$AL$47 -> 0 | V26: =Y26+W26 -> 823.25 | W26: 226.95 | X26: 4078405 | Y26: 596.3 | Z26: 2531400.8 | AA26: =Z26+X26 -> 6609805.8 | AB26: =AA26/$AL$47 -> 509.38347 | AC26: 136.26724 | AD26: 0 | AE26: 0 | AF26: 0 | AG26: =SUM(AC26:AF26) -> 136.26724 | AH26: 1379024.5 | AI26: =AH26/$AL$47 -> 106.27427 | AJ26: 564.1 | AK26: 5641000 | AL26: =AK26/$AL$47 -> 434.72263
B27: 16 | C27: 66 | D27: 470 | E27: 18920 | F27: 19596958 | G27: 4200 | H27: 6525414 | I27: =F27+H27 -> 26122372 | J27: 1980 | K27: 2050844.4 | L27: 480 | M27: 745761.6 | N27: =K27+M27 -> 2796606 | O27: =N27+I27 -> 28918978 | P27: =L27+J27+G27+E27 -> 25580 | U27: =T27/$AL$47 -> 0 | V27: =Y27+W27 -> 824.14 | W27: 218.05 | X27: 3918467.5 | Y27: 606.09 | Z27: 2572961.1 | AA27: =Z27+X27 -> 6491428.7 | AB27: =AA27/$AL$47 -> 500.26076 | AC27: 126.19724 | AD27: 0 | AE27: 100 | AF27: 0 | AG27: =SUM(AC27:AF27) -> 226.19724 | AH27: 2408116.1 | AI27: =AH27/$AL$47 -> 185.58102 | AJ27: 600.65 | AK27: 6006500 | AL27: =AK27/$AL$47 -> 462.88982
B28: 17 | C28: 100 | D28: 478 | E28: 20520 | F28: 21254206 | G28: 4480 | H28: 6960441.6 | I28: =F28+H28 -> 28214647 | J28: 2040 | K28: 2112991.2 | L28: 440 | M28: 683614.8 | N28: =K28+M28 -> 2796606 | O28: =N28+I28 -> 31011253 | P28: =L28+J28+G28+E28 -> 27480 | U28: =T28/$AL$47 -> 0 | V28: =Y28+W28 -> 910.826 | W28: 217.16 | X28: 3902473.8 | Y28: 693.666 | Z28: 2944737 | AA28: =Z28+X28 -> 6847210.8 | AB28: =AA28/$AL$47 -> 527.67905 | AC28: 141.34252 | AD28: 0 | AE28: 0 | AF28: 12 | AG28: =SUM(AC28:AF28) -> 153.34252 | AH28: 1569886.3 | AI28: =AH28/$AL$47 -> 120.983 | AJ28: 558.95 | AK28: 5589500 | AL28: =AK28/$AL$47 -> 430.75379
B29: 18 | C29: 99 | D29: 534 | E29: 20000 | F29: 20715600 | G29: 120 | H29: 186440.4 | I29: =F29+H29 -> 20902040 | J29: 2020 | K29: 2092275.6 | L29: 260 | M29: 403954.2 | N29: =K29+M29 -> 2496229.8 | O29: =N29+I29 -> 23398270 | P29: =L29+J29+G29+E29 -> 22400 | U29: =T29/$AL$47 -> 0 | V29: =Y29+W29 -> 757.39 | W29: 195.8 | X29: 3518623.9 | Y29: 561.59 | Z29: 2384050.6 | AA29: =Z29+X29 -> 5902674.5 | AB29: =AA29/$AL$47 -> 454.88853 | AC29: 148.27068 | AD29: 0 | AE29: 0 | AF29: 24 | AG29: =SUM(AC29:AF29) -> 172.27068 | AH29: 1779499.3 | AI29: =AH29/$AL$47 -> 137.13679 | AJ29: 1350.69 | AK29: 13506900 | AL29: =AK29/$AL$47 -> 1040.9068
... B39: 28 | C39: 43 | D39: 579 | E39: 20720 | F39: 21461362 | G39: 4080 | H39: 6338973.6 | I39: =F39+H39 -> 27800335 | J39: 2040 | K39: 2112991.2 | L39: 500 | M39: 776835 | N39: =K39+M39 -> 2889826.2 | O39: =N39+I39 -> 30690161 | P39: =L39+J39+G39+E39 -> 27340 | U39: =T39/$AL$47 -> 0 | V39: =Y39+W39 -> 698.65 | W39: 114.81 | X39: 2063193.1 | Y39: 583.84 | Z39: 2478505.9 | AA39: =Z39+X39 -> 4541699 | AB39: =AA39/$AL$47 -> 350.0052 | AC39: 136.22696 | AD39: 0 | AE39: 0 | AF39: 0 | AG39: =SUM(AC39:AF39) -> 136.22696 | AH39: 1378616.8 | AI39: =AH39/$AL$47 -> 106.24285 | AJ39: 652.3 | AK39: 6523000 | AL39: =AK39/$AL$47 -> 502.6938
C46: =SUM(C12:C42) -> 2190 | D46: =SUM(D12:D42) -> 16364 | E46: =SUM(E12:E42) -> 550200 | F46: =SUM(F12:F42) -> 5.6988616e+08 | G46: =SUM(G12:G42) -> 113880 | H46: =SUM(H12:H42) -> 1.7693194e+08 | I46: =SUM(I12:I42) -> 7.468181e+08 | J46: =SUM(J12:J42) -> 55700 | ... P46: =SUM(P12:P42) -> 732920 | V46: =SUM(V12:V41) -> 23885.82 | W46: =SUM(W12:W41) -> 6185.5 | X46: =SUM(X12:X41) -> 1.1115653e+08 | Y46: =SUM(Y12:Y41) -> 17700.32 | Z46: =SUM(Z12:Z41) -> 75141044 | AA46: =SUM(AA12:AA41) -> 1.8629757e+08 | AB46: =AA46/$AL$47 -> 14356.988 | AC46: =SUM(AC12:AC40) -> 3922.0636 | AD46: =SUM(AD12:AD40) -> 0 | AE46: =SUM(AE12:AE41) -> 1150 | AF46: =SUM(AF12:AF41) -> 432 | AG46: =SUM(AG12:AG41) -> 5504.0636 | AH46: =SUM(AH12:AH42) -> 57719784 | AI46: =AH46/$AL$47 -> 4448.1646 | AJ46: =SUM(AJ12:AJ42) -> 17347.68 | AK46: =SUM(AK12:AK42) -> 1.734768e+08 | AL46: =AK46/AL47 -> 13368.958
T47: kWh rate | U47: =U46/S46 -> #DIV/0! | AL47: 12976.09
W50: =W46/V46 -> 0.25896117

Sheet RNs & Covers February 2019
A1: Four Seasons Resort Bali at Jimbaran Bay
A2: 43497
A3: Date | B3: Room Nights | C3: Food Covers
A6: 1 | B6: 53 | C6: 498
A7: 2 | B7: 63 | C7: 624
A8: =A7+1 -> 3 | B8: 71 | C8: 773
A9: =A8+1 -> 4 | B9: 80 | C9: 735
A10: =A9+1 -> 5 | B10: 98 | C10: 681
A11: =A10+1 -> 6 | B11: 112 | C11: 768
A12: =A11+1 -> 7 | B12: 125 | C12: 837
A13: =A12+1 -> 8 | B13: 135 | C13: 949
A14: =A13+1 -> 9 | B14: 127 | C14: 912
A15: =A14+1 -> 10 | B15: 105 | C15: 880
A16: =A15+1 -> 11 | B16: 86 | C16: 645
A17: =A16+1 -> 12 | B17: 70 | C17: 527
A18: =A17+1 -> 13 | B18: 69 | C18: 564
A19: =A18+1 -> 14 | B19: 60 | C19: 643
... A33: =A32+1 -> 28 | B33: 43 | C33: 579
B38: =SUM(B6:B36) -> 2190 | C38: =SUM(C6:C36) -> 16364
