Workbook

Sheet TOTAL
A1: Site Name | B1: Day | C1: Month | D1: Year | E1: Total Electricity Kwh | F1: Electricity Tariff ($/Kwh) | G1: LPG (Kg) | H1: LPG $/Kg | I1: Total Fuel Oil (Liter) | J1: Fuel Oil $/Liter | K1: Water Utility Supply (m3) m3 | L1: Water Utility Supply (m3) $/m3 | M1: Room Nights | N1: Food Covers
A2: Bali Jimbaran | B2: 1 | C2: 4 | D2: 2022 | E2: ='FS Jimbaran April 2022'!P12 -> 15020 | F2: ='FS Jimbaran April 2022'!O12/'FS Jimbaran April 2022'!P12 -> 1121.9801 | G2: ='FS Jimbaran April 2022'!AG12 -> 135.78967 | H2: ='FS Jimbaran April 2022'!AH12/'FS Jimbaran April 2022'!AG12 -> 18344.048 | I2: ='FS Jimbaran April 2022'!AJ12 -> 346.36 | J2: ='FS Jimbaran April 2022'!AK12/'FS Jimbaran April 2022'!AJ12 -> 12000 | K2: ='FS Jimbaran April 2022'!V12 -> 650.59 | L2: ='FS Jimbaran April 2022'!AA12/'FS Jimbaran April 2022'!V12 -> 6873.8323 | M2: ='RNs & Covers April 2022'!B6 -> 19 | N2: ='RNs & Covers April 2022'!C6 -> 121
A3: Bali Jimbaran | B3: =B2+1 -> 2 | C3: 4 | D3: 2022 | E3: ='FS Jimbaran April 2022'!P13 -> 14960 | F3: ='FS Jimbaran April 2022'!O13/'FS Jimbaran April 2022'!P13 -> 1125.0953 | G3: ='FS Jimbaran April 2022'!AG13 -> 105.97324 | H3: ='FS Jimbaran April 2022'!AH13/'FS Jimbaran April 2022'!AG13 -> 18914.61 | I3: ='FS Jimbaran April 2022'!AJ13 -> 296.87 | J3: ='FS Jimbaran April 2022'!AK13/'FS Jimbaran April 2022'!AJ13 -> 12000 | K3: ='FS Jimbaran April 2022'!V13 -> 816.13 | L3: ='FS Jimbaran April 2022'!AA13/'FS Jimbaran April 2022'!V13 -> 6400.5192 | M3: ='RNs & Covers April 2022'!B7 -> 13 | N3: ='RNs & Covers April 2022'!C7 -> 144
A4: Bali Jimbaran | B4: =B3+1 -> 3 | C4: 4 | D4: 2022 | E4: ='FS Jimbaran April 2022'!P14 -> 14460 | F4: ='FS Jimbaran April 2022'!O14/'FS Jimbaran April 2022'!P14 -> 1127.4673 | G4: ='FS Jimbaran April 2022'!AG14 -> 126.02924 | H4: ='FS Jimbaran April 2022'!AH14/'FS Jimbaran April 2022'!AG14 -> 18624.61 | I4: ='FS Jimbaran April 2022'!AJ14 -> 296.12 | J4: ='FS Jimbaran April 2022'!AK14/'FS Jimbaran April 2022'!AJ14 -> 12000 | K4: ='FS Jimbaran April 2022'!V14 -> 751.16 | L4: ='FS Jimbaran April 2022'!AA14/'FS Jimbaran April 2022'!V14 -> 6554.4163 | M4: ='RNs & Covers April 2022'!B8 -> 14 | N4: ='RNs & Covers April 2022'!C8 -> 152
A5: Bali Jimbaran | B5: =B4+1 -> 4 | C5: 4 | D5: 2022 | E5: ='FS Jimbaran April 2022'!P15 -> 14980 | F5: ='FS Jimbaran April 2022'!O15/'FS Jimbaran April 2022'!P15 -> 1123.5931 | G5: ='FS Jimbaran April 2022'!AG15 -> 110.28664 | H5: ='FS Jimbaran April 2022'!AH15/'FS Jimbaran April 2022'!AG15 -> 19340 | I5: ='FS Jimbaran April 2022'!AJ15 -> 302.5 | J5: ='FS Jimbaran April 2022'!AK15/'FS Jimbaran April 2022'!AJ15 -> 12000 | K5: ='FS Jimbaran April 2022'!V15 -> 819.69 | L5: ='FS Jimbaran April 2022'!AA15/'FS Jimbaran April 2022'!V15 -> 6346.4505 | M5: ='RNs & Covers April 2022'!B9 -> 12 | N5: ='RNs & Covers April 2022'!C9 -> 107
A6: Bali Jimbaran | B6: =B5+1 -> 5 | C6: 4 | D6: 2022 | E6: ='FS Jimbaran April 2022'!P16 -> 15360 | F6: ='FS Jimbaran April 2022'!O16/'FS Jimbaran April 2022'!P16 -> 1125.4667 | G6: ='FS Jimbaran April 2022'!AG16 -> 102.06608 | H6: ='FS Jimbaran April 2022'!AH16/'FS Jimbaran April 2022'!AG16 -> 18898.325 | I6: ='FS Jimbaran April 2022'!AJ16 -> 259.4 | J6: ='FS Jimbaran April 2022'!AK16/'FS Jimbaran April 2022'!AJ16 -> 12000 | K6: ='FS Jimbaran April 2022'!V16 -> 827.7 | L6: ='FS Jimbaran April 2022'!AA16/'FS Jimbaran April 2022'!V16 -> 6340.874 | M6: ='RNs & Covers April 2022'!B10 -> 15 | N6: ='RNs & Covers April 2022'!C10 -> 105
A7: Bali Jimbaran | B7: =B6+1 -> 6 | C7: 4 | D7: 2022 | E7: ='FS Jimbaran April 2022'!P17 -> 14840 | F7: ='FS Jimbaran April 2022'!O17/'FS Jimbaran April 2022'!P17 -> 1125.8175 | G7: ='FS Jimbaran April 2022'!AG17 -> 101.1362 | H7: ='FS Jimbaran April 2022'!AH17/'FS Jimbaran April 2022'!AG17 -> 18448.529 | I7: ='FS Jimbaran April 2022'!AJ17 -> 375.5 | J7: ='FS Jimbaran April 2022'!AK17/'FS Jimbaran April 2022'!AJ17 -> 12000 | K7: ='FS Jimbaran April 2022'!V17 -> 758.28 | L7: ='FS Jimbaran April 2022'!AA17/'FS Jimbaran April 2022'!V17 -> 6548.8429 | M7: ='RNs & Covers April 2022'!B11 -> 16 | N7: ='RNs & Covers April 2022'!C11 -> 123
A8: Bali Jimbaran | B8: =B7+1 -> 7 | C8: 4 | D8: 2022 | E8: ='FS Jimbaran April 2022'!P18 -> 15000 | F8: ='FS Jimbaran April 2022'!O18/'FS Jimbaran April 2022'!P18 -> 1127.6192 | G8: ='FS Jimbaran April 2022'!AG18 -> 95.02052 | H8: ='FS Jimbaran April 2022'!AH18/'FS Jimbaran April 2022'!AG18 -> 19340 | I8: ='FS Jimbaran April 2022'!AJ18 -> 333.6 | J8: ='FS Jimbaran April 2022'!AK18/'FS Jimbaran April 2022'!AJ18 -> 12000 | K8: ='FS Jimbaran April 2022'!V18 -> 756.5 | L8: ='FS Jimbaran April 2022'!AA18/'FS Jimbaran April 2022'!V18 -> 6554.2632 | M8: ='RNs & Covers April 2022'!B12 -> 19 | N8: ='RNs & Covers April 2022'!C12 -> 95
A9: Bali Jimbaran | B9: =B8+1 -> 8 | C9: 4 | D9: 2022 | E9: ='FS Jimbaran April 2022'!P19 -> 17040 | F9: ='FS Jimbaran April 2022'!O19/'FS Jimbaran April 2022'!P19 -> 1137.2913 | G9: ='FS Jimbaran April 2022'!AG19 -> 95.7824 | H9: ='FS Jimbaran April 2022'!AH19/'FS Jimbaran April 2022'!AG19 -> 18869.35 | I9: ='FS Jimbaran April 2022'!AJ19 -> 362.27 | J9: ='FS Jimbaran April 2022'!AK19/'FS Jimbaran April 2022'!AJ19 -> 12000 | K9: ='FS Jimbaran April 2022'!V19 -> 824.14 | L9: ='FS Jimbaran April 2022'!AA19/'FS Jimbaran April 2022'!V19 -> 6364.7489 | M9: ='RNs & Covers April 2022'!B13 -> 24 | N9: ='RNs & Covers April 2022'!C13 -> 190
A10: Bali Jimbaran | B10: =B9+1 -> 9 | C10: 4 | D10: 2022 | E10: ='FS Jimbaran April 2022'!P20 -> 16060 | F10: ='FS Jimbaran April 2022'!O20/'FS Jimbaran April 2022'!P20 -> 1121.5575 | G10: ='FS Jimbaran April 2022'!AG20 -> 84.34632 | H10: ='FS Jimbaran April 2022'!AH20/'FS Jimbaran April 2022'!AG20 -> 19340 | I10: ='FS Jimbaran April 2022'!AJ20 -> 323.8 | J10: ='FS Jimbaran April 2022'!AK20/'FS Jimbaran April 2022'!AJ20 -> 12000 | K10: ='FS Jimbaran April 2022'!V20 -> 827.7 | L10: ='FS Jimbaran April 2022'!AA20/'FS Jimbaran April 2022'!V20 -> 6370.3908 | M10: ='RNs & Covers April 2022'!B14 -> 22 | N10: ='RNs & Covers April 2022'!C14 -> 207
A11: Bali Jimbaran | B11: =B10+1 -> 10 | C11: 4 | D11: 2022 | E11: ='FS Jimbaran April 2022'!P21 -> 16200 | F11: ='FS Jimbaran April 2022'!O21/'FS Jimbaran April 2022'!P21 -> 1129.7674 | G11: ='FS Jimbaran April 2022'!AG21 -> 112.34092 | H11: ='FS Jimbaran April 2022'!AH21/'FS Jimbaran April 2022'!AG21 -> 19340 | I11: ='FS Jimbaran April 2022'!AJ21 -> 305.25 | J11: ='FS Jimbaran April 2022'!AK21/'FS Jimbaran April 2022'!AJ21 -> 12000 | K11: ='FS Jimbaran April 2022'!V21 -> 807.23 | L11: ='FS Jimbaran April 2022'!AA21/'FS Jimbaran April 2022'!V21 -> 6394.0173 | M11: ='RNs & Covers April 2022'!B15 -> 22 | N11: ='RNs & Covers April 2022'!C15 -> 245
A12: Bali Jimbaran | B12: =B11+1 -> 11 | C12: 4 | D12: 2022 | E12: ='FS Jimbaran April 2022'!P22 -> 16160 | F12: ='FS Jimbaran April 2022'!O22/'FS Jimbaran April 2022'!P22 -> 1126.1544 | G12: ='FS Jimbaran April 2022'!AG22 -> 111.05196 | H12: ='FS Jimbaran April 2022'!AH22/'FS Jimbaran April 2022'!AG22 -> 19340 | I12: ='FS Jimbaran April 2022'!AJ22 -> 95.26 | J12: ='FS Jimbaran April 2022'!AK22/'FS Jimbaran April 2022'!AJ22 -> 12000 | K12: ='FS Jimbaran April 2022'!V22 -> 820.58 | L12: ='FS Jimbaran April 2022'!AA22/'FS Jimbaran April 2022'!V22 -> 6359.0579 | M12: ='RNs & Covers April 2022'!B16 -> 25 | N12: ='RNs & Covers April 2022'!C16 -> 188
A13: Bali Jimbaran | B13: =B12+1 -> 12 | C13: 4 | D13: 2022 | E13: ='FS Jimbaran April 2022'!P23 -> 16480 | F13: ='FS Jimbaran April 2022'!O23/'FS Jimbaran April 2022'!P23 -> 1123.1425 | G13: ='FS Jimbaran April 2022'!AG23 -> 126.9488 | H13: ='FS Jimbaran April 2022'!AH23/'FS Jimbaran April 2022'!AG23 -> 17919.585 | I13: ='FS Jimbaran April 2022'!AJ23 -> 378.57 | J13: ='FS Jimbaran April 2022'!AK23/'FS Jimbaran April 2022'!AJ23 -> 12000 | K13: ='FS Jimbaran April 2022'!V23 -> 778.75 | L13: ='FS Jimbaran April 2022'!AA23/'FS Jimbaran April 2022'!V23 -> 6472.6034 | M13: ='RNs & Covers April 2022'!B17 -> 21 | N13: ='RNs & Covers April 2022'!C17 -> 294
A14: Bali Jimbaran | B14: =B13+1 -> 13 | C14: 4 | D14: 2022 | E14: ='FS Jimbaran April 2022'!P24 -> 16920 | F14: ='FS Jimbaran April 2022'!O24/'FS Jimbaran April 2022'!P24 -> 1130.0531 | G14: ='FS Jimbaran April 2022'!AG24 -> 107.82612 | H14: ='FS Jimbaran April 2022'!AH24/'FS Jimbaran April 2022'!AG24 -> 18921.919 | I14: ='FS Jimbaran April 2022'!AJ24 -> 745.95 | J14: ='FS Jimbaran April 2022'!AK24/'FS Jimbaran April 2022'!AJ24 -> 12000 | K14: ='FS Jimbaran April 2022'!V24 -> 759.17 | L14: ='FS Jimbaran April 2022'!AA24/'FS Jimbaran April 2022'!V24 -> 6578.3235 | M14: ='RNs & Covers April 2022'!B18 -> 24 | N14: ='RNs & Covers April 2022'!C18 -> 182
... A31: Bali Jimbaran | B31: =B30+1 -> 30 | C31: 4 | D31: 2022 | E31: ='FS Jimbaran April 2022'!P41 -> 21220 | F31: ='FS Jimbaran April 2022'!O41/'FS Jimbaran April 2022'!P41 -> 1130.4743 | G31: ='FS Jimbaran April 2022'!AG41 -> 692.57726 | H31: ='FS Jimbaran April 2022'!AH41/'FS Jimbaran April 2022'!AG41 -> 49348.52 | I31: ='FS Jimbaran April 2022'!AJ41 -> 339.71 | J31: ='FS Jimbaran April 2022'!AK41/'FS Jimbaran April 2022'!AJ41 -> 12000 | K31: ='FS Jimbaran April 2022'!V41 -> 794.77 | L31: ='FS Jimbaran April 2022'!AA41/'FS Jimbaran April 2022'!V41 -> 6473.8154 | M31: ='RNs & Covers April 2022'!B35 -> 53 | N31: ='RNs & Covers April 2022'!C35 -> 358

Sheet FS Jimbaran April 2022
B6: Four Seasons Resort Bali at Jimbaran Bay
B7: APRIL 2022
B8: Date | C8: Room Nights | D8: Food Covers | E8: ELECTRICITY Resort & Sundara | V8: WATER | AC8: GAS
E9: Electricity Resort | J9: Electricity - Sundara | O9: Sub Total (Resort & Sundara) Cost (IDR) | P9: Sub Total (Resort & Sundara), KWh | Q9: Residences- Electricity KWh | R9: Residences- Electricity cost (IDR) | S9: TOTAL Electricity consumption (KWh) | T9: TOTAL Electricity cost | W9: Water (m3) | AA9: Total Water Cost | AC9: LPG | AJ9: Diesel
E10: BASED LOAD KWh (from 10 pm - 6 pm) | F10: Cost (IDR) | G10: PEAK LOAD KWh (from 6 pm - 10 pm) | H10: Cost (IDR) | I10: Resort Cost (IDR) | J10: BASED LOAD KWh (from 10 pm - 6 pm) | K10: Cost (IDR) | L10: PEAK LOAD KWh (from 6 pm - 10 pm) | M10: Cost (IDR) | N10: Sundara Cost (IDR) | T10: IDR | U10: USD | V10: Water consumption (m3) | W10: Municipal Water (m3) | X10: Municipal Water cost (IDR) | Y10: Deepwell Consumption (m3) | Z10: Deepwell water Cost (IDR) | AA10: IDR | AB10: USD | AC10: LPG Bulk (m3) | AD10: 50 Kg (tube) IVD & TW | AE10: Sundara 50 kg (tube) | AF10: 12 Kg (tube) | AG10: Total kg | AH10: IDR | AI10: USD | AJ10: Used (liters) | AK10: IDR | AL10: USD
AB11: 14522 | AC11: 14373 | AD11: 967000 | AE11: 967000 | AF11: 187000 | AK11: 12000
B12: 1 | C12: 19 | D12: 121 | E12: 11320 | F12: 11725030 | G12: 2200 | H12: 3418074 | I12: =F12+H12 -> 15143104 | J12: 1200 | K12: 1242936 | L12: 300 | M12: 466101 | N12: =K12+M12 -> 1709037 | O12: =I12+N12 -> 16852141 | P12: =E12+G12+J12+L12 -> 15020 | U12: 0 | V12: =W12+Y12 -> 650.59 | W12: 124.6 | X12: 2239124.3 | Y12: 525.99 | Z12: 2232922.2 | AA12: =X12+Z12 -> 4472046.5 | AB12: =AA12/$AB$11 -> 307.94977 | AC12: 0 | AD12: 0 | AE12: 99.789672 | AF12: 36 | AG12: =AC12+AD12+AE12+AF12 -> 135.78967 | AH12: =(($AC$11*4.028)*AC12)+(($AD$11/50)*AD12)+(($AE$11/50)*AE12)+(($AF$11/12)*AF12) -> 2490932.3 | AI12: =AH12/14522 -> 171.52818 | AJ12: 346.36 | AK12: 4156320 | AL12: =AK12/14522 -> 286.20851
B13: 2 | C13: 13 | D13: 144 | E13: 11000 | F13: 11393580 | G13: 2200 | H13: 3418074 | I13: =F13+H13 -> 14811654 | J13: 1380 | K13: 1429376.4 | L13: 380 | M13: 590394.6 | N13: =K13+M13 -> 2019771 | O13: =I13+N13 -> 16831425 | P13: =E13+G13+J13+L13 -> 14960 | U13: 0 | V13: =W13+Y13 -> 816.13 | W13: 128.16 | X13: 2303099.3 | Y13: 687.97 | Z13: 2920556.5 | AA13: =X13+Z13 -> 5223655.8 | AB13: =AA13/$AB$11 -> 359.70636 | AC13: 0 | AD13: 0 | AE13: 93.97324 | AF13: 12 | AG13: =AC13+AD13+AE13+AF13 -> 105.97324 | AH13: =(($AC$11*4.028)*AC13)+(($AD$11/50)*AD13)+(($AE$11/50)*AE13)+(($AF$11/12)*AF13) -> 2004442.5 | AI13: =AH13/14522 -> 138.02799 | AJ13: 296.87 | AK13: 3562440 | AL13: =AK13/14522 -> 245.31332
B14: 3 | C14: 14 | D14: 152 | E14: 10880 | F14: 11269286 | G14: 2200 | H14: 3418074 | I14: =F14+H14 -> 14687360 | J14: 1020 | K14: 1056495.6 | L14: 360 | M14: 559321.2 | N14: =K14+M14 -> 1615816.8 | O14: =I14+N14 -> 16303177 | P14: =E14+G14+J14+L14 -> 14460 | U14: 0 | V14: =W14+Y14 -> 751.16 | W14: 126.38 | X14: 2271111.8 | Y14: 624.78 | Z14: 2652303.6 | AA14: =X14+Z14 -> 4923415.4 | AB14: =AA14/$AB$11 -> 339.03149 | AC14: 0 | AD14: 0 | AE14: 102.02924 | AF14: 24 | AG14: =AC14+AD14+AE14+AF14 -> 126.02924 | AH14: =(($AC$11*4.028)*AC14)+(($AD$11/50)*AD14)+(($AE$11/50)*AE14)+(($AF$11/12)*AF14) -> 2347245.5 | AI14: =AH14/14522 -> 161.63376 | AJ14: 296.12 | AK14: 3553440 | AL14: =AK14/14522 -> 244.69357
B15: 4 | C15: 12 | D15: 107 | E15: 11080 | F15: 11476442 | G15: 2320 | H15: 3604514.4 | I15: =F15+H15 -> 15080957 | J15: 1360 | K15: 1408660.8 | L15: 220 | M15: 341807.4 | N15: =K15+M15 -> 1750468.2 | O15: =I15+N15 -> 16831425 | P15: =E15+G15+J15+L15 -> 14980 | U15: 0 | V15: =W15+Y15 -> 819.69 | W15: 125.49 | X15: 2255118 | Y15: 694.2 | Z15: 2947004 | AA15: =X15+Z15 -> 5202122 | AB15: =AA15/$AB$11 -> 358.22352 | AC15: 0 | AD15: 0 | AE15: 110.28664 | AF15: 0 | AG15: =AC15+AD15+AE15+AF15 -> 110.28664 | AH15: =(($AC$11*4.028)*AC15)+(($AD$11/50)*AD15)+(($AE$11/50)*AE15)+(($AF$11/12)*AF15) -> 2132943.6 | AI15: =AH15/14522 -> 146.87671 | AJ15: 302.5 | AK15: 3630000 | AL15: =AK15/14522 -> 249.96557
B16: 5 | C16: 15 | D16: 105 | E16: 11360 | F16: 11766461 | G16: 2320 | H16: 3604514.4 | I16: =F16+H16 -> 15370975 | J16: 1340 | K16: 1387945.2 | L16: 340 | M16: 528247.8 | N16: =K16+M16 -> 1916193 | O16: =I16+N16 -> 17287168 | P16: =E16+G16+J16+L16 -> 15360 | U16: 0 | V16: =W16+Y16 -> 827.7 | W16: 126.38 | X16: 2271111.8 | Y16: 701.32 | Z16: 2977229.6 | AA16: =X16+Z16 -> 5248341.4 | AB16: =AA16/$AB$11 -> 361.40624 | AC16: 0 | AD16: 0 | AE16: 90.06608 | AF16: 12 | AG16: =AC16+AD16+AE16+AF16 -> 102.06608 | AH16: =(($AC$11*4.028)*AC16)+(($AD$11/50)*AD16)+(($AE$11/50)*AE16)+(($AF$11/12)*AF16) -> 1928878 | AI16: =AH16/14522 -> 132.82454 | AJ16: 259.4 | AK16: 3112800 | AL16: =AK16/14522 -> 214.35064
B17: 6 | C17: 16 | D17: 123 | E17: 11000 | F17: 11393580 | G17: 2200 | H17: 3418074 | I17: =F17+H17 -> 14811654 | J17: 1260 | K17: 1305082.8 | L17: 380 | M17: 590394.6 | N17: =K17+M17 -> 1895477.4 | O17: =I17+N17 -> 16707131 | P17: =E17+G17+J17+L17 -> 14840 | U17: 0 | V17: =W17+Y17 -> 758.28 | W17: 127.27 | X17: 2287105.5 | Y17: 631.01 | Z17: 2678751 | AA17: =X17+Z17 -> 4965856.6 | AB17: =AA17/$AB$11 -> 341.95404 | AC17: 0 | AD17: 0 | AE17: 77.1362 | AF17: 24 | AG17: =AC17+AD17+AE17+AF17 -> 101.1362 | AH17: =(($AC$11*4.028)*AC17)+(($AD$11/50)*AD17)+(($AE$11/50)*AE17)+(($AF$11/12)*AF17) -> 1865814.1 | AI17: =AH17/14522 -> 128.4819 | AJ17: 375.5 | AK17: 4506000 | AL17: =AK17/14522 -> 310.28784
B18: 7 | C18: 19 | D18: 95 | E18: 11240 | F18: 11642167 | G18: 2360 | H18: 3666661.2 | I18: =F18+H18 -> 15308828 | J18: 1100 | K18: 1139358 | L18: 300 | M18: 466101 | N18: =K18+M18 -> 1605459 | O18: =I18+N18 -> 16914287 | P18: =E18+G18+J18+L18 -> 15000 | U18: 0 | V18: =W18+Y18 -> 756.5 | W18: 127.27 | X18: 2287105.5 | Y18: 629.23 | Z18: 2671194.6 | AA18: =X18+Z18 -> 4958300.1 | AB18: =AA18/$AB$11 -> 341.4337 | AC18: 0 | AD18: 0 | AE18: 95.02052 | AF18: 0 | AG18: =AC18+AD18+AE18+AF18 -> 95.02052 | AH18: =(($AC$11*4.028)*AC18)+(($AD$11/50)*AD18)+(($AE$11/50)*AE18)+(($AF$11/12)*AF18) -> 1837696.9 | AI18: =AH18/14522 -> 126.54571 | AJ18: 333.6 | AK18: 4003200 | AL18: =AK18/14522 -> 275.66451
B19: 8 | C19: 24 | D19: 190 | E19: 12440 | F19: 12885103 | G19: 2920 | H19: 4536716.4 | I19: =F19+H19 -> 17421820 | J19: 1260 | K19: 1305082.8 | L19: 420 | M19: 652541.4 | N19: =K19+M19 -> 1957624.2 | O19: =I19+N19 -> 19379444 | P19: =E19+G19+J19+L19 -> 17040 | U19: 0 | V19: =W19+Y19 -> 824.14 | W19: 127.27 | X19: 2287105.5 | Y19: 696.87 | Z19: 2958338.6 | AA19: =X19+Z19 -> 5245444.1 | AB19: =AA19/$AB$11 -> 361.20673 | AC19: 0 | AD19: 0 | AE19: 83.7824 | AF19: 12 | AG19: =AC19+AD19+AE19+AF19 -> 95.7824 | AH19: =(($AC$11*4.028)*AC19)+(($AD$11/50)*AD19)+(($AE$11/50)*AE19)+(($AF$11/12)*AF19) -> 1807351.6 | AI19: =AH19/14522 -> 124.45611 | AJ19: 362.27 | AK19: 4347240 | AL19: =AK19/14522 -> 299.35546
B20: 9 | C20: 22 | D20: 207 | E20: 12080 | F20: 12512222 | G20: 2360 | H20: 3666661.2 | I20: =F20+H20 -> 16178884 | J20: 1320 | K20: 1367229.6 | L20: 300 | M20: 466101 | N20: =K20+M20 -> 1833330.6 | O20: =I20+N20 -> 18012214 | P20: =E20+G20+J20+L20 -> 16060 | U20: 0 | V20: =W20+Y20 -> 827.7 | W20: 128.16 | X20: 2303099.3 | Y20: 699.54 | Z20: 2969673.2 | AA20: =X20+Z20 -> 5272772.5 | AB20: =AA20/$AB$11 -> 363.08859 | AC20: 0 | AD20: 0 | AE20: 84.34632 | AF20: 0 | AG20: =AC20+AD20+AE20+AF20 -> 84.34632 | AH20: =(($AC$11*4.028)*AC20)+(($AD$11/50)*AD20)+(($AE$11/50)*AE20)+(($AF$11/12)*AF20) -> 1631257.8 | AI20: =AH20/14522 -> 112.33011 | AJ20: 323.8 | AK20: 3885600 | AL20: =AK20/14522 -> 267.56645
B21: 10 | C21: 22 | D21: 245 | E21: 12000 | F21: 12429360 | G21: 2560 | H21: 3977395.2 | I21: =F21+H21 -> 16406755 | J21: 1260 | K21: 1305082.8 | L21: 380 | M21: 590394.6 | N21: =K21+M21 -> 1895477.4 | O21: =I21+N21 -> 18302233 | P21: =E21+G21+J21+L21 -> 16200 | U21: 0 | V21: =W21+Y21 -> 807.23 | W21: 126.38 | X21: 2271111.8 | Y21: 680.85 | Z21: 2890330.8 | AA21: =X21+Z21 -> 5161442.6 | AB21: =AA21/$AB$11 -> 355.4223 | AC21: 0 | AD21: 0 | AE21: 112.34092 | AF21: 0 | AG21: =AC21+AD21+AE21+AF21 -> 112.34092 | AH21: =(($AC$11*4.028)*AC21)+(($AD$11/50)*AD21)+(($AE$11/50)*AE21)+(($AF$11/12)*AF21) -> 2172673.4 | AI21: =AH21/14522 -> 149.61255 | AJ21: 305.25 | AK21: 3663000 | AL21: =AK21/14522 -> 252.23798
B22: 11 | C22: 25 | D22: 188 | E22: 11960 | F22: 12387929 | G22: 2440 | H22: 3790954.8 | I22: =F22+H22 -> 16178884 | J22: 1380 | K22: 1429376.4 | L22: 380 | M22: 590394.6 | N22: =K22+M22 -> 2019771 | O22: =I22+N22 -> 18198655 | P22: =E22+G22+J22+L22 -> 16160 | U22: 0 | V22: =W22+Y22 -> 820.58 | W22: 126.38 | X22: 2271111.8 | Y22: 694.2 | Z22: 2947004 | AA22: =X22+Z22 -> 5218115.7 | AB22: =AA22/$AB$11 -> 359.32487 | AC22: 0 | AD22: 0 | AE22: 111.05196 | AF22: 0 | AG22: =AC22+AD22+AE22+AF22 -> 111.05196 | AH22: =(($AC$11*4.028)*AC22)+(($AD$11/50)*AD22)+(($AE$11/50)*AE22)+(($AF$11/12)*AF22) -> 2147744.9 | AI22: =AH22/14522 -> 147.89594 | AJ22: 95.26 | AK22: 1143120 | AL22: =AK22/14522 -> 78.71643
B23: 12 | C23: 21 | D23: 294 | E23: 12280 | F23: 12719378 | G23: 2440 | H23: 3790954.8 | I23: =F23+H23 -> 16510333 | J23: 1420 | K23: 1470807.6 | L23: 340 | M23: 528247.8 | N23: =K23+M23 -> 1999055.4 | O23: =I23+N23 -> 18509389 | P23: =E23+G23+J23+L23 -> 16480 | U23: 0 | V23: =W23+Y23 -> 778.75 | W23: 126.38 | X23: 2271111.8 | Y23: 652.37 | Z23: 2769428.1 | AA23: =X23+Z23 -> 5040539.9 | AB23: =AA23/$AB$11 -> 347.09681 | AC23: 0 | AD23: 0 | AE23: 78.9488 | AF23: 48 | AG23: =AC23+AD23+AE23+AF23 -> 126.9488 | AH23: =(($AC$11*4.028)*AC23)+(($AD$11/50)*AD23)+(($AE$11/50)*AE23)+(($AF$11/12)*AF23) -> 2274869.8 | AI23: =AH23/14522 -> 156.6499 | AJ23: 378.57 | AK23: 4542840 | AL23: =AK23/14522 -> 312.82468
... B41: 30 | C41: 53 | D41: 358 | E41: 15440 | F41: 15992443 | G41: 3400 | H41: 5282478 | I41: =F41+H41 -> 21274921 | J41: 1900 | K41: 1967982 | L41: 480 | M41: 745761.6 | N41: =K41+M41 -> 2713743.6 | O41: =I41+N41 -> 23988665 | P41: =E41+G41+J41+L41 -> 21220 | U41: 0 | V41: =W41+Y41 -> 794.77 | W41: 129.05 | X41: 2319093 | Y41: 665.72 | Z41: 2826101.2 | AA41: =X41+Z41 -> 5145194.3 | AB41: =AA41/$AB$11 -> 354.30342 | AC41: 544.90784 | AD41: 0 | AE41: 87.66942 | AF41: 60 | AG41: =AC41+AD41+AE41+AF41 -> 692.57726 | AH41: =(($AC$11*4.028)*AC41)+(($AD$11/50)*AD41)+(($AE$11/50)*AE41)+(($AF$11/12)*AF41) -> 34177663 | AI41: =AH41/14522 -> 2353.5094 | AJ41: 339.71 | AK41: 4076520 | AL41: =AK41/14522 -> 280.7134
C45: =SUM(C12:C41) -> 684 | D45: =SUM(D12:D41) -> 5707 | E45: =SUM(E12:E41) -> 374680 | F45: =SUM(F12:F41) -> 3.8808605e+08 | G45: =SUM(G12:G41) -> 80960 | H45: =SUM(H12:H41) -> 1.2578512e+08 | I45: =SUM(I12:I41) -> 5.1387117e+08 | J45: =SUM(J12:J41) -> 43980 | ... P45: =SUM(P12:P41) -> 511700 | V45: =SUM(V12:V41) -> 23466.63 | W45: =SUM(W12:W41) -> 3489.69 | X45: =SUM(X12:X41) -> 62711474 | Y45: =SUM(Y12:Y41) -> 19976.94 | Z45: =SUM(Z12:Z41) -> 84805706 | AA45: =SUM(AA12:AA41) -> 1.4751718e+08 | AB45: =SUM(AB12:AB41) -> 10158.186 | AC45: =SUM(AC12:AC41) -> 2057.9455 | ... AH45: =SUM(AH12:AH41) -> 1.8440227e+08 | AI45: =AH45/$AL$46 -> 14210.927 | AJ45: =SUM(AJ12:AJ41) -> 14449.85 | AK45: =SUM(AK12:AK41) -> 1.733982e+08 | AL45: =AK45/AL46 -> 13362.901
T46: kWh rate | U46: =U45/S45 -> #DIV/0! | V46: m3/RNs | AL46: 12976.09
P47: =O45/P45 -> 1129.9455 | AA47: =AA45/V45 -> 6286.2533

Sheet RNs & Covers April 2022
A1: Four Seasons Resort Bali at Jimbaran Bay
A2: 44621
A3: Date | B3: Room Nights | C3: Food Covers
A6: 1 | B6: 19 | C6: 121
A7: 2 | B7: 13 | C7: 144
A8: =A7+1 -> 3 | B8: 14 | C8: 152
A9: =A8+1 -> 4 | B9: 12 | C9: 107
A10: =A9+1 -> 5 | B10: 15 | C10: 105
A11: =A10+1 -> 6 | B11: 16 | C11: 123
A12: =A11+1 -> 7 | B12: 19 | C12: 95
A13: =A12+1 -> 8 | B13: 24 | C13: 190
A14: =A13+1 -> 9 | B14: 22 | C14: 207
A15: =A14+1 -> 10 | B15: 22 | C15: 245
A16: =A15+1 -> 11 | B16: 25 | C16: 188
A17: =A16+1 -> 12 | B17: 21 | C17: 294
A18: =A17+1 -> 13 | B18: 24 | C18: 182
A19: =A18+1 -> 14 | B19: 31 | C19: 226
... A35: =A34+1 -> 30 | B35: 53 | C35: 358
B36: =SUM(B6:B35) -> 684 | C36: =SUM(C6:C35) -> 5707
