Workbook

Sheet TOTAL
A1: Site Name | B1: Day | C1: Month | D1: Year | E1: Total Electricity Kwh | F1: Electricity Tariff ($/Kwh) | G1: Natual Gas (m3) | H1: Natural Gas $/m3 | I1: Water Utility Supply (m3) m3 | J1: Water Utility Supply (m3) $/m3 | K1: Room Nights | L1: Total Guests | M1: Utilities day cost dh
A2: Mumbai | B2: 1 | C2: 4 | D2: 2022 | E2: =(IF('Daily HLP'!H4>0,'Daily HLP'!H4,0)) -> 27412.78 | F2: 9 | G2: =(IF('Daily HLP'!L4>0,'Daily HLP'!L4,0)) -> 1086 | H2: 75 | I2: =(IF('Daily HLP'!O4>0,'Daily HLP'!O4,0)) -> 331 | J2: 100 | K2: =Occupancy!G2 -> 161 | L2: =Occupancy!F2 -> 814 | M2: =E2*F2+G2*H2+#REF!*#REF!+I2*J2 -> #REF!
A3: Mumbai | B3: =B2+1 -> 2 | C3: 4 | D3: 2022 | E3: =(IF('Daily HLP'!H5>0,'Daily HLP'!H5,0)) -> 27332 | F3: 9 | G3: =(IF('Daily HLP'!L5>0,'Daily HLP'!L5,0)) -> 1084 | H3: 75 | I3: =(IF('Daily HLP'!O5>0,'Daily HLP'!O5,0)) -> 285 | J3: 100 | K3: =Occupancy!G3 -> 141 | L3: =Occupancy!F3 -> 1019 | M3: =E3*F3+G3*H3+#REF!*#REF!+I3*J3 -> #REF!
A4: Mumbai | B4: =B3+1 -> 3 | C4: 4 | D4: 2022 | E4: =(IF('Daily HLP'!H6>0,'Daily HLP'!H6,0)) -> 26968 | F4: 9 | G4: =(IF('Daily HLP'!L6>0,'Daily HLP'!L6,0)) -> 1110 | H4: 75 | I4: =(IF('Daily HLP'!O6>0,'Daily HLP'!O6,0)) -> 329 | J4: 100 | K4: =Occupancy!G4 -> 144 | L4: =Occupancy!F4 -> 621 | M4: =E4*F4+G4*H4+#REF!*#REF!+I4*J4 -> #REF!
A5: Mumbai | B5: =B4+1 -> 4 | C5: 4 | D5: 2022 | E5: =(IF('Daily HLP'!H7>0,'Daily HLP'!H7,0)) -> 26930 | F5: 9 | G5: =(IF('Daily HLP'!L7>0,'Daily HLP'!L7,0)) -> 1059 | H5: 75 | I5: =(IF('Daily HLP'!O7>0,'Daily HLP'!O7,0)) -> 326 | J5: 100 | K5: =Occupancy!G5 -> 177 | L5: =Occupancy!F5 -> 603 | M5: =E5*F5+G5*H5+#REF!*#REF!+I5*J5 -> #REF!
A6: Mumbai | B6: =B5+1 -> 5 | C6: 4 | D6: 2022 | E6: =(IF('Daily HLP'!H8>0,'Daily HLP'!H8,0)) -> 27471.01 | F6: 9 | G6: =(IF('Daily HLP'!L8>0,'Daily HLP'!L8,0)) -> 1117.89 | H6: 75 | I6: =(IF('Daily HLP'!O8>0,'Daily HLP'!O8,0)) -> 286 | J6: 100 | K6: =Occupancy!G6 -> 174 | L6: =Occupancy!F6 -> 574 | M6: =E6*F6+G6*H6+#REF!*#REF!+I6*J6 -> #REF!
A7: Mumbai | B7: =B6+1 -> 6 | C7: 4 | D7: 2022 | E7: =(IF('Daily HLP'!H9>0,'Daily HLP'!H9,0)) -> 28151.06 | F7: 9 | G7: =(IF('Daily HLP'!L9>0,'Daily HLP'!L9,0)) -> 1125.83 | H7: 75 | I7: =(IF('Daily HLP'!O9>0,'Daily HLP'!O9,0)) -> 310 | J7: 100 | K7: =Occupancy!G7 -> 171 | L7: =Occupancy!F7 -> 692 | M7: =E7*F7+G7*H7+#REF!*#REF!+I7*J7 -> #REF!
A8: Mumbai | B8: =B7+1 -> 7 | C8: 4 | D8: 2022 | E8: =(IF('Daily HLP'!H10>0,'Daily HLP'!H10,0)) -> 28469.68 | F8: 9 | G8: =(IF('Daily HLP'!L10>0,'Daily HLP'!L10,0)) -> 1059.57 | H8: 75 | I8: =(IF('Daily HLP'!O10>0,'Daily HLP'!O10,0)) -> 206 | J8: 100 | K8: =Occupancy!G8 -> 178 | L8: =Occupancy!F8 -> 759 | M8: =E8*F8+G8*H8+#REF!*#REF!+I8*J8 -> #REF!
A9: Mumbai | B9: =B8+1 -> 8 | C9: 4 | D9: 2022 | E9: =(IF('Daily HLP'!H11>0,'Daily HLP'!H11,0)) -> 29142.9 | F9: 9 | G9: =(IF('Daily HLP'!L11>0,'Daily HLP'!L11,0)) -> 1091.94 | H9: 75 | I9: =(IF('Daily HLP'!O11>0,'Daily HLP'!O11,0)) -> 278 | J9: 100 | K9: =Occupancy!G9 -> 169 | L9: =Occupancy!F9 -> 795 | M9: =E9*F9+G9*H9+#REF!*#REF!+I9*J9 -> #REF!
A10: Mumbai | B10: =B9+1 -> 9 | C10: 4 | D10: 2022 | E10: =(IF('Daily HLP'!H12>0,'Daily HLP'!H12,0)) -> 30000 | F10: 9 | G10: =(IF('Daily HLP'!L12>0,'Daily HLP'!L12,0)) -> 1090.383 | H10: 75 | I10: =(IF('Daily HLP'!O12>0,'Daily HLP'!O12,0)) -> 327 | J10: 100 | K10: =Occupancy!G10 -> 163 | L10: =Occupancy!F10 -> 917 | M10: =E10*F10+G10*H10+#REF!*#REF!+I10*J10 -> #REF!
A11: Mumbai | B11: =B10+1 -> 10 | C11: 4 | D11: 2022 | E11: =(IF('Daily HLP'!H13>0,'Daily HLP'!H13,0)) -> 31171.85 | F11: 9 | G11: =(IF('Daily HLP'!L13>0,'Daily HLP'!L13,0)) -> 1087.387 | H11: 75 | I11: =(IF('Daily HLP'!O13>0,'Daily HLP'!O13,0)) -> 356 | J11: 100 | K11: =Occupancy!G11 -> 154 | L11: =Occupancy!F11 -> 652 | M11: =E11*F11+G11*H11+#REF!*#REF!+I11*J11 -> #REF!
A12: Mumbai | B12: =B11+1 -> 11 | C12: 4 | D12: 2022 | E12: =(IF('Daily HLP'!H14>0,'Daily HLP'!H14,0)) -> 26950.5 | F12: 9 | G12: =(IF('Daily HLP'!L14>0,'Daily HLP'!L14,0)) -> 1115.26 | H12: 75 | I12: =(IF('Daily HLP'!O14>0,'Daily HLP'!O14,0)) -> 261 | J12: 100 | K12: =Occupancy!G12 -> 172 | L12: =Occupancy!F12 -> 591 | M12: =E12*F12+G12*H12+#REF!*#REF!+I12*J12 -> #REF!
A13: Mumbai | B13: =B12+1 -> 12 | C13: 4 | D13: 2022 | E13: =(IF('Daily HLP'!H15>0,'Daily HLP'!H15,0)) -> 28588 | F13: 9 | G13: =(IF('Daily HLP'!L15>0,'Daily HLP'!L15,0)) -> 1116.74 | H13: 75 | I13: =(IF('Daily HLP'!O15>0,'Daily HLP'!O15,0)) -> 260 | J13: 100 | K13: =Occupancy!G13 -> 175 | L13: =Occupancy!F13 -> 937 | M13: =E13*F13+G13*H13+#REF!*#REF!+I13*J13 -> #REF!
A14: Mumbai | B14: =B13+1 -> 13 | C14: 4 | D14: 2022 | E14: =(IF('Daily HLP'!H16>0,'Daily HLP'!H16,0)) -> 29100 | F14: 9 | G14: =(IF('Daily HLP'!L16>0,'Daily HLP'!L16,0)) -> 1076 | H14: 75 | I14: =(IF('Daily HLP'!O16>0,'Daily HLP'!O16,0)) -> 288 | J14: 100 | K14: =Occupancy!G14 -> 176 | L14: =Occupancy!F14 -> 491 | M14: =E14*F14+G14*H14+#REF!*#REF!+I14*J14 -> #REF!
... A31: Mumbai | B31: =B30+1 -> 30 | C31: 4 | D31: 2022 | E31: =(IF('Daily HLP'!H33>0,'Daily HLP'!H33,0)) -> 30519 | F31: 9 | G31: =(IF('Daily HLP'!L33>0,'Daily HLP'!L33,0)) -> 1106 | H31: 75 | I31: =(IF('Daily HLP'!O33>0,'Daily HLP'!O33,0)) -> 379 | J31: 100 | K31: =Occupancy!G31 -> 171 | L31: =Occupancy!F31 -> 1083 | M31: =E31*F31+G31*H31+#REF!*#REF!+I31*J31 -> #REF!
A32: Mumbai | B32: =B31+1 -> 31 | C32: 4 | D32: 2022 | E32: =(IF('Daily HLP'!H34>0,'Daily HLP'!H34,0)) -> 26000 | F32: 9 | G32: =(IF('Daily HLP'!L34>0,'Daily HLP'!L34,0)) -> 0 | H32: 75 | I32: =(IF('Daily HLP'!O34>0,'Daily HLP'!O34,0)) -> 220 | J32: 100 | K32: =Occupancy!G32 -> 0 | L32: =Occupancy!F32 -> 0

Sheet Submetering
A1: Site Name | B1: Day | C1: Month | D1: Year | E1: ='Section Load'!F4 -> HVAC | F1: ='Section Load'!G4 -> Fire & Emergency PP | G1: ='Section Load'!H4 -> Main PP | H1: ='Section Load'!I4 -> Lighting PP | I1: ='Section Load'!J4 -> CH-1+ CH2+CH3+CH4 | J1: ='Section Load'!K4 -> Chilled water Pump | K1: ='Section Load'!L4 -> Ball Room-1 | L1: ='Section Load'!M4 -> Ball Room-2 | ... AL1: ='Section Load'!AM4 -> Cooling Tower | AM1: R.o.plant | AN1: STP Water Prod | AO1: Domestic Zone-1 | AP1: Domestic Zone-2 | AQ1: Domestic Zone-3 | AR1: Flush Zone -1 | AS1: Flush Zone -2 | AT1: Flush Zone -3 | AU1: Swimming pool | AV1: B2 Laundry | AW1: Boiler Feed Water | AX1: cooling tower filling water | AY1: STP flush(new water meter) | AZ1: Garden Water Pump | BA1: Flush Zone 2 pump meter | BB1: Flush Zone 3 Pump Meter (wtp transfer ) | BC1: Flush Tanker-Zone-1 | BD1: Total Domestic Water (Tanker (R.O) +BMC) | BE1: Total Domestic Consumption | BF1: Total STP Consumption | BG1: ='Section Load'!AN4 -> MGL | BH1: ='Section Load'!AO4 -> HWG | BI1: ='Section Load'!AP4 -> Prato | BJ1: ='Section Load'!AQ4 -> BR-1 | BK1: ='Section Load'!AR4 -> SanQi IND | BL1: ='Section Load'!AS4 -> SanQi JPN | BM1: ='Section Load'!AT4 -> Boiler
A2: Mumbai | B2: 1 | C2: 4 | D2: 2022 | E2: =(IF('Section Load'!F5>0,'Section Load'!F5,0)) -> 3921.59 | F2: =(IF('Section Load'!G5>0,'Section Load'!G5,0)) -> 1644.98 | G2: =(IF('Section Load'!H5>0,'Section Load'!H5,0)) -> 2659.39 | H2: =(IF('Section Load'!I5>0,'Section Load'!I5,0)) -> 3316.57 | I2: =(IF('Section Load'!J5>0,'Section Load'!J5,0)) -> 5997.77 | J2: =(IF('Section Load'!K5>0,'Section Load'!K5,0)) -> 3093.53 | K2: =(IF('Section Load'!L5>0,'Section Load'!L5,0)) -> 1450.86 | L2: =(IF('Section Load'!M5>0,'Section Load'!M5,0)) -> 1190.34 | ... AL2: =(IF('Section Load'!AM5>0,'Section Load'!AM5,0)) -> 756.01 | AM2: =(IF('Water Report'!$D$7>0,'Water Report'!$D$7,0)) -> 210 | AN2: =(IF('Water Report'!$D$8>0,'Water Report'!$D$8,0)) -> 186 | AO2: =(IF('Water Report'!$D$9>0,'Water Report'!$D$9,0)) -> 137 | AP2: =(IF('Water Report'!$D$10>0,'Water Report'!$D$10,0)) -> 18 | AQ2: =(IF('Water Report'!$D$11>0,'Water Report'!$D$11,0)) -> 79 | AR2: =(IF('Water Report'!$D$13>0,'Water Report'!$D$13,0)) -> 65 | AS2: =(IF('Water Report'!$D$14>0,'Water Report'!$D$14,0)) -> 8 | AT2: =(IF('Water Report'!$D$15>0,'Water Report'!$D$15,0)) -> 7 | AU2: =(IF('Water Report'!$D$17>0,'Water Report'!$D$17,0)) -> 1 | AV2: =(IF('Water Report'!$D$18>0,'Water Report'!$D$18,0)) -> 15 | AW2: =(IF('Water Report'!$D$19>0,'Water Report'!$D$19,0)) -> 11 | AX2: =(IF('Water Report'!$D$21>0,'Water Report'!$D$21,0)) -> 105 | AY2: =(IF('Water Report'!$D$22>0,'Water Report'!$D$22,0)) -> 0 | AZ2: =(IF('Water Report'!$D$23>0,'Water Report'!$D$23,0)) -> 0 | BA2: =(IF('Water Report'!$D$14>0,'Water Report'!$D$14,0)) -> 8 | BB2: =(IF('Water Report'!$D$15>0,'Water Report'!$D$15,0)) -> 7 | BC2: =(IF('Water Report'!$D$13>0,'Water Report'!$D$13,0)) -> 65 | BD2: =(IF('Water Report'!$D$24>0,'Water Report'!$D$24,0)) -> 331 | BE2: =(IF('Water Report'!$D$25>0,'Water Report'!$D$25,0)) -> 249 | BF2: =(IF('Water Report'!$D$27>0,'Water Report'!$D$27,0)) -> 170 | BG2: =(IF('Section Load'!AN5>0,'Section Load'!AN5,0)) -> 1086 | BH2: =(IF('Section Load'!AO5>0,'Section Load'!AO5,0)) -> 301.49 | BI2: =(IF('Section Load'!AP5>0,'Section Load'!AP5,0)) -> 0 | BJ2: =(IF('Section Load'!AQ5>0,'Section Load'!AQ5,0)) -> 119 | BK2: =(IF('Section Load'!AR5>0,'Section Load'!AR5,0)) -> 57 | BL2: =(IF('Section Load'!AS5>0,'Section Load'!AS5,0)) -> 0 | BM2: =(IF('Section Load'!AT5>0,'Section Load'!AT5,0)) -> 608.51
A3: Mumbai | B3: =B2+1 -> 2 | C3: 4 | D3: 2022 | E3: =(IF('Section Load'!F6>0,'Section Load'!F6,0)) -> 3757 | F3: =(IF('Section Load'!G6>0,'Section Load'!G6,0)) -> 1598 | G3: =(IF('Section Load'!H6>0,'Section Load'!H6,0)) -> 2699 | H3: =(IF('Section Load'!I6>0,'Section Load'!I6,0)) -> 3422 | I3: =(IF('Section Load'!J6>0,'Section Load'!J6,0)) -> 7149 | J3: =(IF('Section Load'!K6>0,'Section Load'!K6,0)) -> 3118 | K3: =(IF('Section Load'!L6>0,'Section Load'!L6,0)) -> 1512 | L3: =(IF('Section Load'!M6>0,'Section Load'!M6,0)) -> 814 | ... AL3: =(IF('Section Load'!AM6>0,'Section Load'!AM6,0)) -> 776 | AM3: =(IF('Water Report'!$E$7>0,'Water Report'!$E$7,0)) -> 186 | AN3: =(IF('Water Report'!$E$8>0,'Water Report'!$E$8,0)) -> 133 | AO3: =(IF('Water Report'!$E$9>0,'Water Report'!$E$9,0)) -> 98 | AP3: =(IF('Water Report'!$E$10>0,'Water Report'!$E$10,0)) -> 16 | AQ3: =(IF('Water Report'!$E$11>0,'Water Report'!$E$11,0)) -> 84 | AR3: =(IF('Water Report'!$E$13>0,'Water Report'!$E$13,0)) -> 79 | AS3: =(IF('Water Report'!$E$14>0,'Water Report'!$E$14,0)) -> 26 | AT3: =(IF('Water Report'!$E$15>0,'Water Report'!$E$15,0)) -> 8 | AU3: =(IF('Water Report'!$E$17>0,'Water Report'!$E$17,0)) -> 0 | AV3: =(IF('Water Report'!$E$18>0,'Water Report'!$E$18,0)) -> 14 | AW3: =(IF('Water Report'!$E$19>0,'Water Report'!$E$19,0)) -> 12 | AX3: =(IF('Water Report'!$E$21>0,'Water Report'!$E$21,0)) -> 85 | AY3: =(IF('Water Report'!$E$22>0,'Water Report'!$E$22,0)) -> 32 | AZ3: =(IF('Water Report'!$E$23>0,'Water Report'!$E$23,0)) -> 17 | BA3: =(IF('Water Report'!$E$14>0,'Water Report'!$E$14,0)) -> 26 | BB3: =(IF('Water Report'!$E$15>0,'Water Report'!$E$15,0)) -> 8 | BC3: =(IF('Water Report'!$E$13>0,'Water Report'!$E$13,0)) -> 79 | BD3: =(IF('Water Report'!$E$24>0,'Water Report'!$E$24,0)) -> 285 | BE3: =(IF('Water Report'!$E$25>0,'Water Report'!$E$25,0)) -> 232 | BF3: =(IF('Water Report'!$E$27>0,'Water Report'!$E$27,0)) -> 181 | BG3: =(IF('Section Load'!AN6>0,'Section Load'!AN6,0)) -> 1084 | BH3: =(IF('Section Load'!AO6>0,'Section Load'!AO6,0)) -> 298 | BI3: =(IF('Section Load'!AP6>0,'Section Load'!AP6,0)) -> 0 | BJ3: =(IF('Section Load'!AQ6>0,'Section Load'!AQ6,0)) -> 137 | BK3: =(IF('Section Load'!AR6>0,'Section Load'!AR6,0)) -> 47 | BL3: =(IF('Section Load'!AS6>0,'Section Load'!AS6,0)) -> 0 | BM3: =(IF('Section Load'!AT6>0,'Section Load'!AT6,0)) -> 602
A4: Mumbai | B4: =B3+1 -> 3 | C4: 4 | D4: 2022 | E4: =(IF('Section Load'!F7>0,'Section Load'!F7,0)) -> 3807 | F4: =(IF('Section Load'!G7>0,'Section Load'!G7,0)) -> 1561 | G4: =(IF('Section Load'!H7>0,'Section Load'!H7,0)) -> 2594.99 | H4: =(IF('Section Load'!I7>0,'Section Load'!I7,0)) -> 3290 | I4: =(IF('Section Load'!J7>0,'Section Load'!J7,0)) -> 7071 | J4: =(IF('Section Load'!K7>0,'Section Load'!K7,0)) -> 3044 | K4: =(IF('Section Load'!L7>0,'Section Load'!L7,0)) -> 1680 | L4: =(IF('Section Load'!M7>0,'Section Load'!M7,0)) -> 842 | ... AL4: =(IF('Section Load'!AM7>0,'Section Load'!AM7,0)) -> 858 | AM4: =(IF('Water Report'!$F$7>0,'Water Report'!$F$7,0)) -> 200 | AN4: =(IF('Water Report'!$F$8>0,'Water Report'!$F$8,0)) -> 162 | AO4: =(IF('Water Report'!$F$9>0,'Water Report'!$G$9,0)) -> 101 | AP4: =(IF('Water Report'!$F$10>0,'Water Report'!$F$10,0)) -> 14 | AQ4: =(IF('Water Report'!$F$11>0,'Water Report'!$F$11,0)) -> 74 | AR4: =(IF('Water Report'!$F$13>0,'Water Report'!$F$13,0)) -> 84 | AS4: =(IF('Water Report'!$F$14>0,'Water Report'!$F$14,0)) -> 27 | AT4: =(IF('Water Report'!$F$15>0,'Water Report'!$F$15,0)) -> 8 | AU4: =(IF('Water Report'!$F$17>0,'Water Report'!$F$17,0)) -> 0 | AV4: =(IF('Water Report'!$F$18>0,'Water Report'!$F$18,0)) -> 14 | AW4: =(IF('Water Report'!$F$19>0,'Water Report'!$F$19,0)) -> 14 | AX4: =(IF('Water Report'!$F$21>0,'Water Report'!$F$21,0)) -> 84 | AY4: =(IF('Water Report'!$F$22>0,'Water Report'!$F$22,0)) -> 38 | AZ4: =(IF('Water Report'!$F$23>0,'Water Report'!$F$23,0)) -> 0 | BA4: =(IF('Water Report'!$F$14>0,'Water Report'!$F$14,0)) -> 27 | BB4: =(IF('Water Report'!$F$15>0,'Water Report'!$F$15,0)) -> 8 | BC4: =(IF('Water Report'!$F$13>0,'Water Report'!$F$13,0)) -> 84 | BD4: =(IF('Water Report'!$F$24>0,'Water Report'!$F$24,0)) -> 329 | BE4: =(IF('Water Report'!$F$25>0,'Water Report'!$F$25,0)) -> 237 | BF4: =(IF('Water Report'!$F$27>0,'Water Report'!$F$27,0)) -> 168 | BG4: =(IF('Section Load'!AN7>0,'Section Load'!AN7,0)) -> 1110 | BH4: =(IF('Section Load'!AO7>0,'Section Load'!AO7,0)) -> 335 | BI4: =(IF('Section Load'!AP7>0,'Section Load'!AP7,0)) -> 0 | BJ4: =(IF('Section Load'!AQ7>0,'Section Load'!AQ7,0)) -> 96 | BK4: =(IF('Section Load'!AR7>0,'Section Load'!AR7,0)) -> 44 | BL4: =(IF('Section Load'!AS7>0,'Section Load'!AS7,0)) -> 0 | BM4: =(IF('Section Load'!AT7>0,'Section Load'!AT7,0)) -> 635
A5: Mumbai | B5: =B4+1 -> 4 | C5: 4 | D5: 2022 | E5: =(IF('Section Load'!F8>0,'Section Load'!F8,0)) -> 3710 | F5: =(IF('Section Load'!G8>0,'Section Load'!G8,0)) -> 1597 | G5: =(IF('Section Load'!H8>0,'Section Load'!H8,0)) -> 2489 | H5: =(IF('Section Load'!I8>0,'Section Load'!I8,0)) -> 3251 | I5: =(IF('Section Load'!J8>0,'Section Load'!J8,0)) -> 7153 | J5: =(IF('Section Load'!K8>0,'Section Load'!K8,0)) -> 2917 | K5: =(IF('Section Load'!L8>0,'Section Load'!L8,0)) -> 1671 | L5: =(IF('Section Load'!M8>0,'Section Load'!M8,0)) -> 730 | ... AL5: =(IF('Section Load'!AM8>0,'Section Load'!AM8,0)) -> 783 | AM5: =(IF('Water Report'!$G$7>0,'Water Report'!$F$7,0)) -> 200 | AN5: =(IF('Water Report'!$G$8>0,'Water Report'!$F$8,0)) -> 162 | AO5: =(IF('Water Report'!$G$9>0,'Water Report'!$H$9,0)) -> 109 | AP5: =(IF('Water Report'!$G$10>0,'Water Report'!$G$10,0)) -> 14 | AQ5: =(IF('Water Report'!$G$11>0,'Water Report'!$G$11,0)) -> 68 | AR5: =(IF('Water Report'!$G$13>0,'Water Report'!$G$13,0)) -> 46 | AS5: =(IF('Water Report'!$G$14>0,'Water Report'!$G$14,0)) -> 6 | AT5: =(IF('Water Report'!$G$15>0,'Water Report'!$G$15,0)) -> 6 | AU5: =(IF('Water Report'!$G$17>0,'Water Report'!$G$17,0)) -> 0 | AV5: =(IF('Water Report'!$G$18>0,'Water Report'!$G$18,0)) -> 14 | AW5: =(IF('Water Report'!$G$19>0,'Water Report'!$G$19,0)) -> 10 | AX5: =(IF('Water Report'!$G$21>0,'Water Report'!$G$21,0)) -> 83 | AY5: =(IF('Water Report'!$G$22>0,'Water Report'!$G$22,0)) -> 0 | AZ5: =(IF('Water Report'!$G$23>0,'Water Report'!$G$23,0)) -> 0 | BA5: =(IF('Water Report'!$G$14>0,'Water Report'!$G$14,0)) -> 6 | BB5: =(IF('Water Report'!$G$15>0,'Water Report'!$G$15,0)) -> 6 | BC5: =(IF('Water Report'!$G$13>0,'Water Report'!$G$13,0)) -> 46 | BD5: =(IF('Water Report'!$G$24>0,'Water Report'!$G$24,0)) -> 326 | BE5: =(IF('Water Report'!$G$25>0,'Water Report'!$G$25,0)) -> 195 | BF5: =(IF('Water Report'!$G$27>0,'Water Report'!$G$27,0)) -> 129 | BG5: =(IF('Section Load'!AN8>0,'Section Load'!AN8,0)) -> 1059 | BH5: =(IF('Section Load'!AO8>0,'Section Load'!AO8,0)) -> 318 | BI5: =(IF('Section Load'!AP8>0,'Section Load'!AP8,0)) -> 0 | BJ5: =(IF('Section Load'!AQ8>0,'Section Load'!AQ8,0)) -> 95 | BK5: =(IF('Section Load'!AR8>0,'Section Load'!AR8,0)) -> 43 | BL5: =(IF('Section Load'!AS8>0,'Section Load'!AS8,0)) -> 0 | BM5: =(IF('Section Load'!AT8>0,'Section Load'!AT8,0)) -> 603
A6: Mumbai | B6: =B5+1 -> 5 | C6: 4 | D6: 2022 | E6: =(IF('Section Load'!F9>0,'Section Load'!F9,0)) -> 4031.14 | F6: =(IF('Section Load'!G9>0,'Section Load'!G9,0)) -> 1642.89 | G6: =(IF('Section Load'!H9>0,'Section Load'!H9,0)) -> 2495.94 | H6: =(IF('Section Load'!I9>0,'Section Load'!I9,0)) -> 3265.27 | I6: =(IF('Section Load'!J9>0,'Section Load'!J9,0)) -> 6722.8 | J6: =(IF('Section Load'!K9>0,'Section Load'!K9,0)) -> 2879.49 | K6: =(IF('Section Load'!L9>0,'Section Load'!L9,0)) -> 1112.56 | L6: =(IF('Section Load'!M9>0,'Section Load'!M9,0)) -> 777.13 | ... AL6: =(IF('Section Load'!AM9>0,'Section Load'!AM9,0)) -> 944.84 | AM6: =(IF('Water Report'!$H$7>0,'Water Report'!$H$7,0)) -> 173 | AN6: =(IF('Water Report'!$H$8>0,'Water Report'!$H$8,0)) -> 166 | AO6: =(IF('Water Report'!$H$9>0,'Water Report'!$H$9,0)) -> 109 | AP6: =(IF('Water Report'!$H$10>0,'Water Report'!$H$10,0)) -> 18 | AQ6: =(IF('Water Report'!$H$11>0,'Water Report'!$H$11,0)) -> 71 | AR6: =(IF('Water Report'!$H$13>0,'Water Report'!$H$13,0)) -> 54 | AS6: =(IF('Water Report'!$H$14>0,'Water Report'!$H$14,0)) -> 17 | AT6: =(IF('Water Report'!$H$15>0,'Water Report'!$H$15,0)) -> 6 | AU6: =(IF('Water Report'!$H$17>0,'Water Report'!$H$17,0)) -> 0 | AV6: =(IF('Water Report'!$H$18>0,'Water Report'!$H$18,0)) -> 14 | AW6: =(IF('Water Report'!$H$19>0,'Water Report'!$H$19,0)) -> 14 | AX6: =(IF('Water Report'!$H$21>0,'Water Report'!$H$21,0)) -> 86 | AY6: =(IF('Water Report'!$H$22>0,'Water Report'!$H$22,0)) -> 4 | AZ6: =(IF('Water Report'!$H$23>0,'Water Report'!$H$23,0)) -> 16 | BA6: =(IF('Water Report'!$H$14>0,'Water Report'!$H$14,0)) -> 17 | BB6: =(IF('Water Report'!$H$15>0,'Water Report'!$H$15,0)) -> 6 | BC6: =(IF('Water Report'!$H$13>0,'Water Report'!$H$13,0)) -> 54 | BD6: =(IF('Water Report'!$H$24>0,'Water Report'!$H$24,0)) -> 286 | BE6: =(IF('Water Report'!$H$25>0,'Water Report'!$H$25,0)) -> 221 | BF6: =(IF('Water Report'!$H$27>0,'Water Report'!$H$27,0)) -> 156 | BG6: =(IF('Section Load'!AN9>0,'Section Load'!AN9,0)) -> 1117.89 | BH6: =(IF('Section Load'!AO9>0,'Section Load'!AO9,0)) -> 316.86 | BI6: =(IF('Section Load'!AP9>0,'Section Load'!AP9,0)) -> 0 | BJ6: =(IF('Section Load'!AQ9>0,'Section Load'!AQ9,0)) -> 102.2 | BK6: =(IF('Section Load'!AR9>0,'Section Load'!AR9,0)) -> 54.3 | BL6: =(IF('Section Load'!AS9>0,'Section Load'!AS9,0)) -> 0.4 | BM6: =(IF('Section Load'!AT9>0,'Section Load'!AT9,0)) -> 644.13
A7: Mumbai | B7: =B6+1 -> 6 | C7: 4 | D7: 2022 | E7: =(IF('Section Load'!F10>0,'Section Load'!F10,0)) -> 3914.35 | F7: =(IF('Section Load'!G10>0,'Section Load'!G10,0)) -> 1635.72 | G7: =(IF('Section Load'!H10>0,'Section Load'!H10,0)) -> 2460.18 | H7: =(IF('Section Load'!I10>0,'Section Load'!I10,0)) -> 3292.34 | I7: =(IF('Section Load'!J10>0,'Section Load'!J10,0)) -> 7849.89 | J7: =(IF('Section Load'!K10>0,'Section Load'!K10,0)) -> 2996.78 | K7: =(IF('Section Load'!L10>0,'Section Load'!L10,0)) -> 1119.04 | L7: =(IF('Section Load'!M10>0,'Section Load'!M10,0)) -> 947.53 | ... AL7: =(IF('Section Load'!AM10>0,'Section Load'!AM10,0)) -> 933.24 | AM7: =(IF('Water Report'!$I$7>0,'Water Report'!$I$7,0)) -> 171 | AN7: =(IF('Water Report'!$I$8>0,'Water Report'!$I$8,0)) -> 165 | AO7: =(IF('Water Report'!$I$9>0,'Water Report'!$I$9,0)) -> 115 | AP7: =(IF('Water Report'!$I$10>0,'Water Report'!$I$10,0)) -> 16 | AQ7: =(IF('Water Report'!$I$11>0,'Water Report'!$I$11,0)) -> 72 | AR7: =(IF('Water Report'!$I$13>0,'Water Report'!$I$13,0)) -> 49 | AS7: =(IF('Water Report'!$I$14>0,'Water Report'!$I$14,0)) -> 11 | AT7: =(IF('Water Report'!$I$15>0,'Water Report'!$I$15,0)) -> 7 | AU7: =(IF('Water Report'!$I$17>0,'Water Report'!$I$17,0)) -> 0 | AV7: =(IF('Water Report'!$I$18>0,'Water Report'!$I$18,0)) -> 15 | AW7: =(IF('Water Report'!$I$19>0,'Water Report'!$I$19,0)) -> 13 | AX7: =(IF('Water Report'!$I$21>0,'Water Report'!$I$21,0)) -> 106 | AY7: =(IF('Water Report'!$I$22>0,'Water Report'!$I$22,0)) -> 9 | AZ7: =(IF('Water Report'!$I$23>0,'Water Report'!$I$23,0)) -> 15 | BA7: =(IF('Water Report'!$I$14>0,'Water Report'!$I$14,0)) -> 11 | BB7: =(IF('Water Report'!$I$15>0,'Water Report'!$I$15,0)) -> 7 | BC7: =(IF('Water Report'!$I$13>0,'Water Report'!$I$13,0)) -> 49 | BD7: =(IF('Water Report'!$I$24>0,'Water Report'!$I$24,0)) -> 310 | BE7: =(IF('Water Report'!$I$25>0,'Water Report'!$I$25,0)) -> 221 | BF7: =(IF('Water Report'!$I$27>0,'Water Report'!$I$27,0)) -> 170 | BG7: =(IF('Section Load'!AN10>0,'Section Load'!AN10,0)) -> 1125.83 | BH7: =(IF('Section Load'!AO10>0,'Section Load'!AO10,0)) -> 310.47 | BI7: =(IF('Section Load'!AP10>0,'Section Load'!AP10,0)) -> 0 | BJ7: =(IF('Section Load'!AQ10>0,'Section Load'!AQ10,0)) -> 109.02 | BK7: =(IF('Section Load'!AR10>0,'Section Load'!AR10,0)) -> 47.7 | BL7: =(IF('Section Load'!AS10>0,'Section Load'!AS10,0)) -> 0 | BM7: =(IF('Section Load'!AT10>0,'Section Load'!AT10,0)) -> 658.64
A8: Mumbai | B8: =B7+1 -> 7 | C8: 4 | D8: 2022 | E8: =(IF('Section Load'!F11>0,'Section Load'!F11,0)) -> 3984.87 | F8: =(IF('Section Load'!G11>0,'Section Load'!G11,0)) -> 1636.9 | G8: =(IF('Section Load'!H11>0,'Section Load'!H11,0)) -> 2435.98 | H8: =(IF('Section Load'!I11>0,'Section Load'!I11,0)) -> 3334.66 | I8: =(IF('Section Load'!J11>0,'Section Load'!J11,0)) -> 8007.32 | J8: =(IF('Section Load'!K11>0,'Section Load'!K11,0)) -> 3021.2 | K8: =(IF('Section Load'!L11>0,'Section Load'!L11,0)) -> 1144.38 | L8: =(IF('Section Load'!M11>0,'Section Load'!M11,0)) -> 1059.39 | ... AL8: =(IF('Section Load'!AM11>0,'Section Load'!AM11,0)) -> 920.87 | AM8: =(IF('Water Report'!$J$7>0,'Water Report'!$J$7,0)) -> 151 | AN8: =(IF('Water Report'!$J$8>0,'Water Report'!$J$8,0)) -> 123 | AO8: =(IF('Water Report'!$J$9>0,'Water Report'!$J$9,0)) -> 101 | AP8: =(IF('Water Report'!$J$10>0,'Water Report'!$J$10,0)) -> 13 | AQ8: =(IF('Water Report'!$J$11>0,'Water Report'!$J$11,0)) -> 71 | AR8: =(IF('Water Report'!$J$13>0,'Water Report'!$J$13,0)) -> 53 | AS8: =(IF('Water Report'!$J$14>0,'Water Report'!$J$14,0)) -> 14 | AT8: =(IF('Water Report'!$J$15>0,'Water Report'!$J$15,0)) -> 8 | AU8: =(IF('Water Report'!$J$17>0,'Water Report'!$J$17,0)) -> 0 | AV8: =(IF('Water Report'!$J$18>0,'Water Report'!$J$18,0)) -> 16 | AW8: =(IF('Water Report'!$J$19>0,'Water Report'!$J$19,0)) -> 13 | AX8: =(IF('Water Report'!$J$21>0,'Water Report'!$J$21,0)) -> 84 | AY8: =(IF('Water Report'!$J$22>0,'Water Report'!$J$22,0)) -> 13 | AZ8: =(IF('Water Report'!$J$23>0,'Water Report'!$J$23,0)) -> 3 | BA8: =(IF('Water Report'!$J$14>0,'Water Report'!$J$14,0)) -> 14 | BB8: =(IF('Water Report'!$J$15>0,'Water Report'!$J$15,0)) -> 8 | BC8: =(IF('Water Report'!$J$13>0,'Water Report'!$J$13,0)) -> 53 | BD8: =(IF('Water Report'!$J$24>0,'Water Report'!$J$24,0)) -> 206 | BE8: =(IF('Water Report'!$J$25>0,'Water Report'!$J$25,0)) -> 207 | BF8: =(IF('Water Report'!$J$27>0,'Water Report'!$J$27,0)) -> 140 | BG8: =(IF('Section Load'!AN11>0,'Section Load'!AN11,0)) -> 1059.57 | BH8: =(IF('Section Load'!AO11>0,'Section Load'!AO11,0)) -> 292.95 | BI8: =(IF('Section Load'!AP11>0,'Section Load'!AP11,0)) -> 0 | BJ8: =(IF('Section Load'!AQ11>0,'Section Load'!AQ11,0)) -> 106.68 | BK8: =(IF('Section Load'!AR11>0,'Section Load'!AR11,0)) -> 50.3 | BL8: =(IF('Section Load'!AS11>0,'Section Load'!AS11,0)) -> 0 | BM8: =(IF('Section Load'!AT11>0,'Section Load'!AT11,0)) -> 609.64
A9: Mumbai | B9: =B8+1 -> 8 | C9: 4 | D9: 2022 | E9: =(IF('Section Load'!F12>0,'Section Load'!F12,0)) -> 4164.3 | F9: =(IF('Section Load'!G12>0,'Section Load'!G12,0)) -> 1608.76 | G9: =(IF('Section Load'!H12>0,'Section Load'!H12,0)) -> 2563.24 | H9: =(IF('Section Load'!I12>0,'Section Load'!I12,0)) -> 3259.44 | I9: =(IF('Section Load'!J12>0,'Section Load'!J12,0)) -> 7852.1 | J9: =(IF('Section Load'!K12>0,'Section Load'!K12,0)) -> 3290.88 | K9: =(IF('Section Load'!L12>0,'Section Load'!L12,0)) -> 1416.81 | L9: =(IF('Section Load'!M12>0,'Section Load'!M12,0)) -> 1131.24 | ... AL9: =(IF('Section Load'!AM12>0,'Section Load'!AM12,0)) -> 997.87 | AM9: =(IF('Water Report'!$K$7>0,'Water Report'!$K$7,0)) -> 166 | AN9: =(IF('Water Report'!$K$8>0,'Water Report'!$K$8,0)) -> 166 | AO9: =(IF('Water Report'!$K$9>0,'Water Report'!$K$9,0)) -> 116 | AP9: =(IF('Water Report'!$K$10>0,'Water Report'!$K$10,0)) -> 20 | AQ9: =(IF('Water Report'!$K$11>0,'Water Report'!$K$11,0)) -> 76 | AR9: =(IF('Water Report'!$K$13>0,'Water Report'!$K$13,0)) -> 47 | AS9: =(IF('Water Report'!$K$14>0,'Water Report'!$K$14,0)) -> 11 | AT9: =(IF('Water Report'!$K$15>0,'Water Report'!$K$15,0)) -> 18 | AU9: =(IF('Water Report'!$K$17>0,'Water Report'!$K$17,0)) -> 0 | AV9: =(IF('Water Report'!$K$18>0,'Water Report'!$K$18,0)) -> 15 | AW9: =(IF('Water Report'!$K$19>0,'Water Report'!$K$19,0)) -> 12 | AX9: =(IF('Water Report'!$K$21>0,'Water Report'!$K$21,0)) -> 109 | AY9: =(IF('Water Report'!$K$22>0,'Water Report'!$K$22,0)) -> 0 | AZ9: =(IF('Water Report'!$K$23>0,'Water Report'!$K$23,0)) -> 13 | BA9: =(IF('Water Report'!$K$14>0,'Water Report'!$K$14,0)) -> 11 | BB9: =(IF('Water Report'!$K$15>0,'Water Report'!$K$15,0)) -> 18 | BC9: =(IF('Water Report'!$K$13>0,'Water Report'!$K$13,0)) -> 47 | BD9: =(IF('Water Report'!$K$24>0,'Water Report'!$K$24,0)) -> 278 | BE9: =(IF('Water Report'!$K$25>0,'Water Report'!$K$25,0)) -> 241 | BF9: =(IF('Water Report'!$K$27>0,'Water Report'!$K$27,0)) -> 169 | BG9: =(IF('Section Load'!AN12>0,'Section Load'!AN12,0)) -> 1091.94 | BH9: =(IF('Section Load'!AO12>0,'Section Load'!AO12,0)) -> 302.08 | BI9: =(IF('Section Load'!AP12>0,'Section Load'!AP12,0)) -> 0 | BJ9: =(IF('Section Load'!AQ12>0,'Section Load'!AQ12,0)) -> 128.03 | BK9: =(IF('Section Load'!AR12>0,'Section Load'!AR12,0)) -> 41.3 | BL9: =(IF('Section Load'!AS12>0,'Section Load'!AS12,0)) -> 0 | BM9: =(IF('Section Load'!AT12>0,'Section Load'!AT12,0)) -> 620.53
A10: Mumbai | B10: =B9+1 -> 9 | C10: 4 | D10: 2022 | E10: =(IF('Section Load'!F13>0,'Section Load'!F13,0)) -> 4112.11 | F10: =(IF('Section Load'!G13>0,'Section Load'!G13,0)) -> 1595.83 | G10: =(IF('Section Load'!H13>0,'Section Load'!H13,0)) -> 2514.4 | H10: =(IF('Section Load'!I13>0,'Section Load'!I13,0)) -> 3193.77 | I10: =(IF('Section Load'!J13>0,'Section Load'!J13,0)) -> 8851.96 | J10: =(IF('Section Load'!K13>0,'Section Load'!K13,0)) -> 3267.74 | K10: =(IF('Section Load'!L13>0,'Section Load'!L13,0)) -> 1498.61 | L10: =(IF('Section Load'!M13>0,'Section Load'!M13,0)) -> 918.91 | ... AL10: =(IF('Section Load'!AM13>0,'Section Load'!AM13,0)) -> 1008.94 | AM10: =(IF('Water Report'!$L$7>0,'Water Report'!$L$7,0)) -> 185 | AN10: =(IF('Water Report'!$L$8>0,'Water Report'!$L$8,0)) -> 143 | AO10: =(IF('Water Report'!$L$9>0,'Water Report'!$L$9,0)) -> 102 | AP10: =(IF('Water Report'!$L$10>0,'Water Report'!$L$10,0)) -> 17 | AQ10: =(IF('Water Report'!$L$11>0,'Water Report'!$L$11,0)) -> 72 | AR10: =(IF('Water Report'!$L$13>0,'Water Report'!$L$13,0)) -> 30 | AS10: =(IF('Water Report'!$L$14>0,'Water Report'!$L$14,0)) -> 20 | AT10: =(IF('Water Report'!$L$15>0,'Water Report'!$L$15,0)) -> 10 | AU10: =(IF('Water Report'!$L$17>0,'Water Report'!$L$17,0)) -> 0 | AV10: =(IF('Water Report'!$L$18>0,'Water Report'!$L$18,0)) -> 14 | AW10: =(IF('Water Report'!$L$19>0,'Water Report'!$L$19,0)) -> 13 | AX10: =(IF('Water Report'!$L$21>0,'Water Report'!$L$21,0)) -> 110 | AY10: =(IF('Water Report'!$L$22>0,'Water Report'!$L$22,0)) -> 0 | AZ10: =(IF('Water Report'!$L$23>0,'Water Report'!$L$23,0)) -> 18 | BA10: =(IF('Water Report'!$L$14>0,'Water Report'!$L$14,0)) -> 20 | BB10: =(IF('Water Report'!$L$15>0,'Water Report'!$L$15,0)) -> 10 | BC10: =(IF('Water Report'!$L$13>0,'Water Report'!$L$13,0)) -> 30 | BD10: =(IF('Water Report'!$L$24>0,'Water Report'!$L$24,0)) -> 327 | BE10: =(IF('Water Report'!$L$25>0,'Water Report'!$L$25,0)) -> 221 | BF10: =(IF('Water Report'!$L$27>0,'Water Report'!$L$27,0)) -> 158 | BG10: =(IF('Section Load'!AN13>0,'Section Load'!AN13,0)) -> 1090.383 | BH10: =(IF('Section Load'!AO13>0,'Section Load'!AO13,0)) -> 288.2 | BI10: =(IF('Section Load'!AP13>0,'Section Load'!AP13,0)) -> 0 | BJ10: =(IF('Section Load'!AQ13>0,'Section Load'!AQ13,0)) -> 127.07 | BK10: =(IF('Section Load'!AR13>0,'Section Load'!AR13,0)) -> 54.4 | BL10: =(IF('Section Load'!AS13>0,'Section Load'!AS13,0)) -> 0 | BM10: =(IF('Section Load'!AT13>0,'Section Load'!AT13,0)) -> 620.713
A11: Mumbai | B11: =B10+1 -> 10 | C11: 4 | D11: 2022 | E11: =(IF('Section Load'!F14>0,'Section Load'!F14,0)) -> 4169.48 | F11: =(IF('Section Load'!G14>0,'Section Load'!G14,0)) -> 1639.67 | G11: =(IF('Section Load'!H14>0,'Section Load'!H14,0)) -> 2598.82 | H11: =(IF('Section Load'!I14>0,'Section Load'!I14,0)) -> 3362.42 | I11: =(IF('Section Load'!J14>0,'Section Load'!J14,0)) -> 8212.49 | J11: =(IF('Section Load'!K14>0,'Section Load'!K14,0)) -> 3612.24 | K11: =(IF('Section Load'!L14>0,'Section Load'!L14,0)) -> 1495.45 | L11: =(IF('Section Load'!M14>0,'Section Load'!M14,0)) -> 1141.75 | ... AL11: =(IF('Section Load'!AM14>0,'Section Load'!AM14,0)) -> 984.45 | AM11: =(IF('Water Report'!$M$7>0,'Water Report'!$M$7,0)) -> 232 | AN11: =(IF('Water Report'!$M$8>0,'Water Report'!$M$8,0)) -> 176 | AO11: =(IF('Water Report'!$M$9>0,'Water Report'!$M$9,0)) -> 123 | AP11: =(IF('Water Report'!$M$10>0,'Water Report'!$M$10,0)) -> 22 | AQ11: =(IF('Water Report'!$M$11>0,'Water Report'!$M$11,0)) -> 87 | AR11: =(IF('Water Report'!$M$13>0,'Water Report'!$M$13,0)) -> 44 | AS11: =(IF('Water Report'!$M$14>0,'Water Report'!$M$14,0)) -> 16 | AT11: =(IF('Water Report'!$M$15>0,'Water Report'!$M$15,0)) -> 7 | AU11: =(IF('Water Report'!$M$17>0,'Water Report'!$M$17,0)) -> 0 | AV11: =(IF('Water Report'!$M$18>0,'Water Report'!$M$18,0)) -> 16 | AW11: =(IF('Water Report'!$M$19>0,'Water Report'!$M$19,0)) -> 10 | AX11: =(IF('Water Report'!$M$21>0,'Water Report'!$M$21,0)) -> 107 | AY11: =(IF('Water Report'!$M$22>0,'Water Report'!$M$22,0)) -> 0 | AZ11: =(IF('Water Report'!$M$23>0,'Water Report'!$M$23,0)) -> 2 | BA11: =(IF('Water Report'!$M$14>0,'Water Report'!$M$14,0)) -> 16 | BB11: =(IF('Water Report'!$M$15>0,'Water Report'!$M$15,0)) -> 7 | BC11: =(IF('Water Report'!$M$13>0,'Water Report'!$M$13,0)) -> 44 | BD11: =(IF('Water Report'!$M$24>0,'Water Report'!$M$24,0)) -> 356 | BE11: =(IF('Water Report'!$M$25>0,'Water Report'!$M$25,0)) -> 255 | BF11: =(IF('Water Report'!$M$27>0,'Water Report'!$M$27,0)) -> 153 | BG11: =(IF('Section Load'!AN14>0,'Section Load'!AN14,0)) -> 1087.387 | BH11: =(IF('Section Load'!AO14>0,'Section Load'!AO14,0)) -> 307.48 | BI11: =(IF('Section Load'!AP14>0,'Section Load'!AP14,0)) -> 0 | BJ11: =(IF('Section Load'!AQ14>0,'Section Load'!AQ14,0)) -> 106.63 | BK11: =(IF('Section Load'!AR14>0,'Section Load'!AR14,0)) -> 59 | BL11: =(IF('Section Load'!AS14>0,'Section Load'!AS14,0)) -> 0 | BM11: =(IF('Section Load'!AT14>0,'Section Load'!AT14,0)) -> 614.677
A12: Mumbai | B12: =B11+1 -> 11 | C12: 4 | D12: 2022 | E12: =(IF('Section Load'!F15>0,'Section Load'!F15,0)) -> 3964.76 | F12: =(IF('Section Load'!G15>0,'Section Load'!G15,0)) -> 1580.66 | G12: =(IF('Section Load'!H15>0,'Section Load'!H15,0)) -> 2393.02 | H12: =(IF('Section Load'!I15>0,'Section Load'!I15,0)) -> 3209.97 | I12: =(IF('Section Load'!J15>0,'Section Load'!J15,0)) -> 6189.96 | J12: =(IF('Section Load'!K15>0,'Section Load'!K15,0)) -> 3056.64 | K12: =(IF('Section Load'!L15>0,'Section Load'!L15,0)) -> 1132.24 | L12: =(IF('Section Load'!M15>0,'Section Load'!M15,0)) -> 1004.08 | ... AL12: =(IF('Section Load'!AM15>0,'Section Load'!AM15,0)) -> 888.7 | AM12: =(IF('Water Report'!$N$7>0,'Water Report'!$N$7,0)) -> 164 | AN12: =(IF('Water Report'!$N$8>0,'Water Report'!$N$8,0)) -> 133 | AO12: =(IF('Water Report'!$N$9>0,'Water Report'!$N$9,0)) -> 127 | AP12: =(IF('Water Report'!$N$10>0,'Water Report'!$N$10,0)) -> 15 | AQ12: =(IF('Water Report'!$N$11>0,'Water Report'!$N$11,0)) -> 71 | AR12: =(IF('Water Report'!$N$13>0,'Water Report'!$N$13,0)) -> 19 | AS12: =(IF('Water Report'!$N$14>0,'Water Report'!$N$14,0)) -> 17 | AT12: =(IF('Water Report'!$N$15>0,'Water Report'!$N$15,0)) -> 7 | AU12: =(IF('Water Report'!$N$17>0,'Water Report'!$N$17,0)) -> 0 | AV12: =(IF('Water Report'!$N$18>0,'Water Report'!$N$18,0)) -> 17 | AW12: =(IF('Water Report'!$N$19>0,'Water Report'!$N$19,0)) -> 13 | AX12: =(IF('Water Report'!$N$21>0,'Water Report'!$N$21,0)) -> 85 | AY12: =(IF('Water Report'!$N$22>0,'Water Report'!$N$22,0)) -> 0 | AZ12: =(IF('Water Report'!$N$23>0,'Water Report'!$N$23,0)) -> 17 | BA12: =(IF('Water Report'!$N$14>0,'Water Report'!$N$14,0)) -> 17 | BB12: =(IF('Water Report'!$N$15>0,'Water Report'!$N$15,0)) -> 7 | BC12: =(IF('Water Report'!$N$13>0,'Water Report'!$N$13,0)) -> 19 | BD12: =(IF('Water Report'!$N$24>0,'Water Report'!$N$24,0)) -> 261 | BE12: =(IF('Water Report'!$N$25>0,'Water Report'!$N$25,0)) -> 237 | BF12: =(IF('Water Report'!$N$27>0,'Water Report'!$N$27,0)) -> 121 | BG12: =(IF('Section Load'!AN15>0,'Section Load'!AN15,0)) -> 1115.26 | BH12: =(IF('Section Load'!AO15>0,'Section Load'!AO15,0)) -> 290.429 | BI12: =(IF('Section Load'!AP15>0,'Section Load'!AP15,0)) -> 0 | BJ12: =(IF('Section Load'!AQ15>0,'Section Load'!AQ15,0)) -> 135.37 | BK12: =(IF('Section Load'!AR15>0,'Section Load'!AR15,0)) -> 43 | BL12: =(IF('Section Load'!AS15>0,'Section Load'!AS15,0)) -> 0 | BM12: =(IF('Section Load'!AT15>0,'Section Load'!AT15,0)) -> 646.461
A13: Mumbai | B13: =B12+1 -> 12 | C13: 4 | D13: 2022 | E13: =(IF('Section Load'!F16>0,'Section Load'!F16,0)) -> 4022.99 | F13: =(IF('Section Load'!G16>0,'Section Load'!G16,0)) -> 1658.89 | G13: =(IF('Section Load'!H16>0,'Section Load'!H16,0)) -> 2360.67 | H13: =(IF('Section Load'!I16>0,'Section Load'!I16,0)) -> 3231.13 | I13: =(IF('Section Load'!J16>0,'Section Load'!J16,0)) -> 8032.75 | J13: =(IF('Section Load'!K16>0,'Section Load'!K16,0)) -> 3523.03 | K13: =(IF('Section Load'!L16>0,'Section Load'!L16,0)) -> 1248.91 | L13: =(IF('Section Load'!M16>0,'Section Load'!M16,0)) -> 1052.97 | ... AL13: =(IF('Section Load'!AM16>0,'Section Load'!AM16,0)) -> 896.09 | AM13: =(IF('Water Report'!$O$7>0,'Water Report'!$O$7,0)) -> 160 | AN13: =(IF('Water Report'!$O$8>0,'Water Report'!$O$8,0)) -> 158 | AO13: =(IF('Water Report'!$O$9>0,'Water Report'!$O$9,0)) -> 117 | AP13: =(IF('Water Report'!$O$10>0,'Water Report'!$O$10,0)) -> 18 | AQ13: =(IF('Water Report'!$O$11>0,'Water Report'!$O$11,0)) -> 71 | AR13: =(IF('Water Report'!$O$13>0,'Water Report'!$O$13,0)) -> 48 | AS13: =(IF('Water Report'!$O$14>0,'Water Report'!$O$14,0)) -> 5 | AT13: =(IF('Water Report'!$O$15>0,'Water Report'!$O$15,0)) -> 14 | AU13: =(IF('Water Report'!$O$17>0,'Water Report'!$O$17,0)) -> 0 | AV13: =(IF('Water Report'!$O$18>0,'Water Report'!$O$18,0)) -> 15 | AW13: =(IF('Water Report'!$O$19>0,'Water Report'!$O$19,0)) -> 10 | AX13: =(IF('Water Report'!$O$21>0,'Water Report'!$O$21,0)) -> 106 | AY13: =(IF('Water Report'!$O$22>0,'Water Report'!$O$22,0)) -> 0 | AZ13: =(IF('Water Report'!$O$23>0,'Water Report'!$O$23,0)) -> 5 | BA13: =(IF('Water Report'!$O$14>0,'Water Report'!$O$14,0)) -> 5 | BB13: =(IF('Water Report'!$O$15>0,'Water Report'!$O$15,0)) -> 14 | BC13: =(IF('Water Report'!$O$13>0,'Water Report'!$O$13,0)) -> 48 | BD13: =(IF('Water Report'!$O$24>0,'Water Report'!$O$24,0)) -> 260 | BE13: =(IF('Water Report'!$O$25>0,'Water Report'!$O$25,0)) -> 225 | BF13: =(IF('Water Report'!$O$27>0,'Water Report'!$O$27,0)) -> 159 | BG13: =(IF('Section Load'!AN16>0,'Section Load'!AN16,0)) -> 1116.74 | BH13: =(IF('Section Load'!AO16>0,'Section Load'!AO16,0)) -> 340.531 | BI13: =(IF('Section Load'!AP16>0,'Section Load'!AP16,0)) -> 0.2 | BJ13: =(IF('Section Load'!AQ16>0,'Section Load'!AQ16,0)) -> 134 | BK13: =(IF('Section Load'!AR16>0,'Section Load'!AR16,0)) -> 53 | BL13: =(IF('Section Load'!AS16>0,'Section Load'!AS16,0)) -> 1 | BM13: =(IF('Section Load'!AT16>0,'Section Load'!AT16,0)) -> 588.009
A14: Mumbai | B14: =B13+1 -> 13 | C14: 4 | D14: 2022 | E14: =(IF('Section Load'!F17>0,'Section Load'!F17,0)) -> 4088 | F14: =(IF('Section Load'!G17>0,'Section Load'!G17,0)) -> 1611 | G14: =(IF('Section Load'!H17>0,'Section Load'!H17,0)) -> 2460 | H14: =(IF('Section Load'!I17>0,'Section Load'!I17,0)) -> 3268 | I14: =(IF('Section Load'!J17>0,'Section Load'!J17,0)) -> 8137 | J14: =(IF('Section Load'!K17>0,'Section Load'!K17,0)) -> 3231 | K14: =(IF('Section Load'!L17>0,'Section Load'!L17,0)) -> 1522 | L14: =(IF('Section Load'!M17>0,'Section Load'!M17,0)) -> 1161 | ... AL14: =(IF('Section Load'!AM17>0,'Section Load'!AM17,0)) -> 937 | AM14: =(IF('Water Report'!$P$7>0,'Water Report'!$P$7,0)) -> 208 | AN14: =(IF('Water Report'!$P$8>0,'Water Report'!$P$8,0)) -> 144 | AO14: =(IF('Water Report'!$P$9>0,'Water Report'!$P$9,0)) -> 134 | AP14: =(IF('Water Report'!$P$10>0,'Water Report'!$P$10,0)) -> 15 | AQ14: =(IF('Water Report'!$P$11>0,'Water Report'!$P$11,0)) -> 69 | AR14: =(IF('Water Report'!$P$13>0,'Water Report'!$P$13,0)) -> 62 | AS14: =(IF('Water Report'!$P$14>0,'Water Report'!$P$14,0)) -> 11 | AT14: =(IF('Water Report'!$P$15>0,'Water Report'!$P$15,0)) -> 8 | AU14: =(IF('Water Report'!$P$17>0,'Water Report'!$P$17,0)) -> 0 | AV14: =(IF('Water Report'!$P$18>0,'Water Report'!$P$18,0)) -> 14 | AW14: =(IF('Water Report'!$P$19>0,'Water Report'!$P$19,0)) -> 13 | AX14: =(IF('Water Report'!$P$21>0,'Water Report'!$P$21,0)) -> 79 | AY14: =(IF('Water Report'!$P$22>0,'Water Report'!$P$22,0)) -> 0 | AZ14: =(IF('Water Report'!$P$23>0,'Water Report'!$P$23,0)) -> 4 | BA14: =(IF('Water Report'!$P$14>0,'Water Report'!$P$14,0)) -> 11 | BB14: =(IF('Water Report'!$P$15>0,'Water Report'!$P$15,0)) -> 8 | BC14: =(IF('Water Report'!$P$13>0,'Water Report'!$P$13,0)) -> 62 | BD14: =(IF('Water Report'!$P$24>0,'Water Report'!$P$24,0)) -> 288 | BE14: =(IF('Water Report'!$P$25>0,'Water Report'!$P$25,0)) -> 237 | BF14: =(IF('Water Report'!$P$27>0,'Water Report'!$P$27,0)) -> 145 | BG14: =(IF('Section Load'!AN17>0,'Section Load'!AN17,0)) -> 1076 | BH14: =(IF('Section Load'!AO17>0,'Section Load'!AO17,0)) -> 292 | BI14: =(IF('Section Load'!AP17>0,'Section Load'!AP17,0)) -> 0 | BJ14: =(IF('Section Load'!AQ17>0,'Section Load'!AQ17,0)) -> 123 | BK14: =(IF('Section Load'!AR17>0,'Section Load'!AR17,0)) -> 44 | BL14: =(IF('Section Load'!AS17>0,'Section Load'!AS17,0)) -> 0 | BM14: =(IF('Section Load'!AT17>0,'Section Load'!AT17,0)) -> 617
A15: Mumbai | B15: =B14+1 -> 14 | C15: 4 | D15: 2022 | E15: =(IF('Section Load'!F18>0,'Section Load'!F18,0)) -> 4107 | F15: =(IF('Section Load'!G18>0,'Section Load'!G18,0)) -> 1876 | G15: =(IF('Section Load'!H18>0,'Section Load'!H18,0)) -> 2478 | H15: =(IF('Section Load'!I18>0,'Section Load'!I18,0)) -> 3305 | I15: =(IF('Section Load'!J18>0,'Section Load'!J18,0)) -> 8134 | J15: =(IF('Section Load'!K18>0,'Section Load'!K18,0)) -> 3419 | K15: =(IF('Section Load'!L18>0,'Section Load'!L18,0)) -> 1725 | L15: =(IF('Section Load'!M18>0,'Section Load'!M18,0)) -> 1156 | ... AL15: =(IF('Section Load'!AM18>0,'Section Load'!AM18,0)) -> 964 | AM15: =(IF('Water Report'!$Q$7>0,'Water Report'!$Q$7,0)) -> 163 | AN15: =(IF('Water Report'!$Q$8>0,'Water Report'!$Q$8,0)) -> 136 | AO15: =(IF('Water Report'!$Q$9>0,'Water Report'!$Q$9,0)) -> 110 | AP15: =(IF('Water Report'!$Q$10>0,'Water Report'!$Q$10,0)) -> 16 | AQ15: =(IF('Water Report'!$Q$11>0,'Water Report'!$Q$11,0)) -> 77 | AR15: =(IF('Water Report'!$Q$13>0,'Water Report'!$Q$13,0)) -> 27 | AS15: =(IF('Water Report'!$Q$14>0,'Water Report'!$Q$14,0)) -> 11 | AT15: =(IF('Water Report'!$Q$15>0,'Water Report'!$Q$15,0)) -> 9 | AU15: =(IF('Water Report'!$Q$17>0,'Water Report'!$Q$17,0)) -> 0 | AV15: =(IF('Water Report'!$Q$18>0,'Water Report'!$Q$18,0)) -> 15 | AW15: =(IF('Water Report'!$Q$19>0,'Water Report'!$Q$19,0)) -> 10 | AX15: =(IF('Water Report'!$Q$21>0,'Water Report'!$Q$21,0)) -> 112 | AY15: =(IF('Water Report'!$Q$22>0,'Water Report'!$Q$22,0)) -> 0 | AZ15: =(IF('Water Report'!$Q$23>0,'Water Report'!$Q$23,0)) -> 7 | BA15: =(IF('Water Report'!$Q$14>0,'Water Report'!$Q$14,0)) -> 11 | BB15: =(IF('Water Report'!$Q$15>0,'Water Report'!$Q$15,0)) -> 9 | BC15: =(IF('Water Report'!$Q$13>0,'Water Report'!$Q$13,0)) -> 27 | BD15: =(IF('Water Report'!$Q$24>0,'Water Report'!$Q$24,0)) -> 362 | BE15: =(IF('Water Report'!$Q$25>0,'Water Report'!$Q$25,0)) -> 223 | BF15: =(IF('Water Report'!$Q$27>0,'Water Report'!$Q$27,0)) -> 146 | BG15: =(IF('Section Load'!AN18>0,'Section Load'!AN18,0)) -> 1054 | BH15: =(IF('Section Load'!AO18>0,'Section Load'!AO18,0)) -> 325 | BI15: =(IF('Section Load'!AP18>0,'Section Load'!AP18,0)) -> 0 | BJ15: =(IF('Section Load'!AQ18>0,'Section Load'!AQ18,0)) -> 123 | BK15: =(IF('Section Load'!AR18>0,'Section Load'!AR18,0)) -> 56 | BL15: =(IF('Section Load'!AS18>0,'Section Load'!AS18,0)) -> 0 | BM15: =(IF('Section Load'!AT18>0,'Section Load'!AT18,0)) -> 550
A16: Mumbai | B16: =B15+1 -> 15 | C16: 4 | D16: 2022 | E16: =(IF('Section Load'!F19>0,'Section Load'!F19,0)) -> 3991 | F16: =(IF('Section Load'!G19>0,'Section Load'!G19,0)) -> 1297 | G16: =(IF('Section Load'!H19>0,'Section Load'!H19,0)) -> 2419.76 | H16: =(IF('Section Load'!I19>0,'Section Load'!I19,0)) -> 3266 | I16: =(IF('Section Load'!J19>0,'Section Load'!J19,0)) -> 7049.7 | J16: =(IF('Section Load'!K19>0,'Section Load'!K19,0)) -> 3255 | K16: =(IF('Section Load'!L19>0,'Section Load'!L19,0)) -> 1532 | L16: =(IF('Section Load'!M19>0,'Section Load'!M19,0)) -> 895 | ... AL16: =(IF('Section Load'!AM19>0,'Section Load'!AM19,0)) -> 899 | AM16: =(IF('Water Report'!$R$7>0,'Water Report'!$R$7,0)) -> 179 | AN16: =(IF('Water Report'!$R$8>0,'Water Report'!$R$8,0)) -> 157 | AO16: =(IF('Water Report'!$R$9>0,'Water Report'!$R$9,0)) -> 113 | AP16: =(IF('Water Report'!$R$10>0,'Water Report'!$R$10,0)) -> 23 | AQ16: =(IF('Water Report'!$R$11>0,'Water Report'!$R$11,0)) -> 80 | AR16: =(IF('Water Report'!$R$13>0,'Water Report'!$R$13,0)) -> 20 | AS16: =(IF('Water Report'!$R$14>0,'Water Report'!$R$14,0)) -> 9 | AT16: =(IF('Water Report'!$R$15>0,'Water Report'!$R$15,0)) -> 8 | AU16: =(IF('Water Report'!$R$17>0,'Water Report'!$R$17,0)) -> 10 | AV16: =(IF('Water Report'!$R$18>0,'Water Report'!$R$18,0)) -> 15 | AW16: =(IF('Water Report'!$R$19>0,'Water Report'!$R$19,0)) -> 14 | AX16: =(IF('Water Report'!$R$21>0,'Water Report'!$R$21,0)) -> 106 | AY16: =(IF('Water Report'!$R$22>0,'Water Report'!$R$22,0)) -> 0 | AZ16: =(IF('Water Report'!$R$23>0,'Water Report'!$R$23,0)) -> 17 | BA16: =(IF('Water Report'!$R$14>0,'Water Report'!$R$14,0)) -> 9 | BB16: =(IF('Water Report'!$R$15>0,'Water Report'!$R$15,0)) -> 8 | BC16: =(IF('Water Report'!$R$13>0,'Water Report'!$R$13,0)) -> 20 | BD16: =(IF('Water Report'!$R$24>0,'Water Report'!$R$24,0)) -> 269 | BE16: =(IF('Water Report'!$R$25>0,'Water Report'!$R$25,0)) -> 233 | BF16: =(IF('Water Report'!$R$27>0,'Water Report'!$R$27,0)) -> 143 | BG16: =(IF('Section Load'!AN19>0,'Section Load'!AN19,0)) -> 998 | BH16: =(IF('Section Load'!AO19>0,'Section Load'!AO19,0)) -> 292 | BI16: =(IF('Section Load'!AP19>0,'Section Load'!AP19,0)) -> 0 | BJ16: =(IF('Section Load'!AQ19>0,'Section Load'!AQ19,0)) -> 111 | BK16: =(IF('Section Load'!AR19>0,'Section Load'!AR19,0)) -> 55 | BL16: =(IF('Section Load'!AS19>0,'Section Load'!AS19,0)) -> 0 | BM16: =(IF('Section Load'!AT19>0,'Section Load'!AT19,0)) -> 540.2
A17: Mumbai | B17: =B16+1 -> 16 | C17: 4 | D17: 2022 | E17: =(IF('Section Load'!F20>0,'Section Load'!F20,0)) -> 3996 | F17: =(IF('Section Load'!G20>0,'Section Load'!G20,0)) -> 1603 | G17: =(IF('Section Load'!H20>0,'Section Load'!H20,0)) -> 2339 | H17: =(IF('Section Load'!I20>0,'Section Load'!I20,0)) -> 3268 | I17: =(IF('Section Load'!J20>0,'Section Load'!J20,0)) -> 7327 | J17: =(IF('Section Load'!K20>0,'Section Load'!K20,0)) -> 3191 | K17: =(IF('Section Load'!L20>0,'Section Load'!L20,0)) -> 1070 | L17: =(IF('Section Load'!M20>0,'Section Load'!M20,0)) -> 853 | ... AL17: =(IF('Section Load'!AM20>0,'Section Load'!AM20,0)) -> 890 | AM17: =(IF('Water Report'!$S$7>0,'Water Report'!$S$7,0)) -> 188 | AN17: =(IF('Water Report'!$S$8>0,'Water Report'!$S$8,0)) -> 137 | AO17: =(IF('Water Report'!$S$9>0,'Water Report'!$S$9,0)) -> 112 | AP17: =(IF('Water Report'!$S$10>0,'Water Report'!$D$10,0)) -> 18 | AQ17: =(IF('Water Report'!$S$11>0,'Water Report'!$D$11,0)) -> 79 | AR17: =(IF('Water Report'!$S$13>0,'Water Report'!$D$13,0)) -> 65 | AS17: =(IF('Water Report'!$S$14>0,'Water Report'!$D$14,0)) -> 8 | AT17: =(IF('Water Report'!$S$15>0,'Water Report'!$D$15,0)) -> 7 | AU17: =(IF('Water Report'!$S$17>0,'Water Report'!$D$17,0)) -> 1 | AV17: =(IF('Water Report'!$S$18>0,'Water Report'!$D$18,0)) -> 15 | AW17: =(IF('Water Report'!$S$19>0,'Water Report'!$D$19,0)) -> 11 | AX17: =(IF('Water Report'!$S$21>0,'Water Report'!$D$21,0)) -> 105 | AY17: =(IF('Water Report'!$S$22>0,'Water Report'!$D$22,0)) -> 0 | AZ17: =(IF('Water Report'!$S$23>0,'Water Report'!$D$23,0)) -> 0 | BA17: =(IF('Water Report'!$S$14>0,'Water Report'!$D$14,0)) -> 8 | BB17: =(IF('Water Report'!$S$15>0,'Water Report'!$D$15,0)) -> 7 | BC17: =(IF('Water Report'!$S$13>0,'Water Report'!$D$13,0)) -> 65 | BD17: =(IF('Water Report'!$S$24>0,'Water Report'!$D$24,0)) -> 331 | BE17: =(IF('Water Report'!$S$25>0,'Water Report'!$D$25,0)) -> 249 | BF17: =(IF('Water Report'!$S$27>0,'Water Report'!$D$27,0)) -> 170 | BG17: =(IF('Section Load'!AN20>0,'Section Load'!AN20,0)) -> 1153 | BH17: =(IF('Section Load'!AO20>0,'Section Load'!AO20,0)) -> 346 | BI17: =(IF('Section Load'!AP20>0,'Section Load'!AP20,0)) -> 0 | BJ17: =(IF('Section Load'!AQ20>0,'Section Load'!AQ20,0)) -> 127 | BK17: =(IF('Section Load'!AR20>0,'Section Load'!AR20,0)) -> 48 | BL17: =(IF('Section Load'!AS20>0,'Section Load'!AS20,0)) -> 0 | BM17: =(IF('Section Load'!AT20>0,'Section Load'!AT20,0)) -> 632
A18: Mumbai | B18: =B17+1 -> 17 | C18: 4 | D18: 2022 | E18: =(IF('Section Load'!F21>0,'Section Load'!F21,0)) -> 3966 | F18: =(IF('Section Load'!G21>0,'Section Load'!G21,0)) -> 1602 | G18: =(IF('Section Load'!H21>0,'Section Load'!H21,0)) -> 2369 | H18: =(IF('Section Load'!I21>0,'Section Load'!I21,0)) -> 3351 | I18: =(IF('Section Load'!J21>0,'Section Load'!J21,0)) -> 7873.3 | J18: =(IF('Section Load'!K21>0,'Section Load'!K21,0)) -> 3298 | K18: =(IF('Section Load'!L21>0,'Section Load'!L21,0)) -> 1428 | L18: =(IF('Section Load'!M21>0,'Section Load'!M21,0)) -> 1067 | ... AL18: =(IF('Section Load'!AM21>0,'Section Load'!AM21,0)) -> 878 | AM18: =(IF('Water Report'!$T$7>0,'Water Report'!$T$7,0)) -> 174 | AN18: =(IF('Water Report'!$T$8>0,'Water Report'!$T$8,0)) -> 150 | AO18: =(IF('Water Report'!$T$9>0,'Water Report'!$T$9,0)) -> 99 | AP18: =(IF('Water Report'!$T$10>0,'Water Report'!$T$10,0)) -> 24 | AQ18: =(IF('Water Report'!$T$11>0,'Water Report'!$T$11,0)) -> 86 | AR18: =(IF('Water Report'!$T$13>0,'Water Report'!$T$13,0)) -> 22 | AS18: =(IF('Water Report'!$T$14>0,'Water Report'!$T$14,0)) -> 9 | AT18: =(IF('Water Report'!$T$15>0,'Water Report'!$T$15,0)) -> 11 | AU18: =(IF('Water Report'!$T$17>0,'Water Report'!$T$17,0)) -> 0 | AV18: =(IF('Water Report'!$T$18>0,'Water Report'!$T$18,0)) -> 16 | AW18: =(IF('Water Report'!$T$19>0,'Water Report'!$T$19,0)) -> 14 | AX18: =(IF('Water Report'!$T$21>0,'Water Report'!$T$21,0)) -> 107 | AY18: =(IF('Water Report'!$T$22>0,'Water Report'!$T$22,0)) -> 0 | AZ18: =(IF('Water Report'!$T$23>0,'Water Report'!$T$23,0)) -> 21 | BA18: =(IF('Water Report'!$T$14>0,'Water Report'!$T$14,0)) -> 9 | BB18: =(IF('Water Report'!$T$15>0,'Water Report'!$T$15,0)) -> 11 | BC18: =(IF('Water Report'!$T$13>0,'Water Report'!$T$13,0)) -> 22 | BD18: =(IF('Water Report'!$T$24>0,'Water Report'!$T$24,0)) -> 270 | BE18: =(IF('Water Report'!$T$25>0,'Water Report'!$T$25,0)) -> 229 | BF18: =(IF('Water Report'!$T$27>0,'Water Report'!$T$27,0)) -> 150 | BG18: =(IF('Section Load'!AN21>0,'Section Load'!AN21,0)) -> 1081 | BH18: =(IF('Section Load'!AO21>0,'Section Load'!AO21,0)) -> 346 | BI18: =(IF('Section Load'!AP21>0,'Section Load'!AP21,0)) -> 0 | BJ18: =(IF('Section Load'!AQ21>0,'Section Load'!AQ21,0)) -> 119 | BK18: =(IF('Section Load'!AR21>0,'Section Load'!AR21,0)) -> 59 | BL18: =(IF('Section Load'!AS21>0,'Section Load'!AS21,0)) -> 0 | BM18: =(IF('Section Load'!AT21>0,'Section Load'!AT21,0)) -> 557
A19: Mumbai | B19: =B18+1 -> 18 | C19: 4 | D19: 2022 | E19: =(IF('Section Load'!F22>0,'Section Load'!F22,0)) -> 3926 | F19: =(IF('Section Load'!G22>0,'Section Load'!G22,0)) -> 1696 | G19: =(IF('Section Load'!H22>0,'Section Load'!H22,0)) -> 2295 | H19: =(IF('Section Load'!I22>0,'Section Load'!I22,0)) -> 3285 | I19: =(IF('Section Load'!J22>0,'Section Load'!J22,0)) -> 7242 | J19: =(IF('Section Load'!K22>0,'Section Load'!K22,0)) -> 3303 | K19: =(IF('Section Load'!L22>0,'Section Load'!L22,0)) -> 1432 | L19: =(IF('Section Load'!M22>0,'Section Load'!M22,0)) -> 1020 | ... AL19: =(IF('Section Load'!AM22>0,'Section Load'!AM22,0)) -> 888 | AM19: =(IF('Water Report'!$U$7>0,'Water Report'!$U$7,0)) -> 147 | AN19: =(IF('Water Report'!$U$8>0,'Water Report'!$U$8,0)) -> 144 | AO19: =(IF('Water Report'!$U$9>0,'Water Report'!$U$9,0)) -> 116 | AP19: =(IF('Water Report'!$U$10>0,'Water Report'!$U$10,0)) -> 12 | AQ19: =(IF('Water Report'!$U$11>0,'Water Report'!$U$11,0)) -> 69 | AR19: =(IF('Water Report'!$U$13>0,'Water Report'!$U$13,0)) -> 16 | AS19: =(IF('Water Report'!$U$14>0,'Water Report'!$U$14,0)) -> 6 | AT19: =(IF('Water Report'!$U$15>0,'Water Report'!$U$15,0)) -> 7 | AU19: =(IF('Water Report'!$U$17>0,'Water Report'!$U$17,0)) -> 1 | AV19: =(IF('Water Report'!$U$18>0,'Water Report'!$U$18,0)) -> 16 | AW19: =(IF('Water Report'!$U$19>0,'Water Report'!$U$19,0)) -> 14 | AX19: =(IF('Water Report'!$U$21>0,'Water Report'!$U$21,0)) -> 106 | AY19: =(IF('Water Report'!$U$22>0,'Water Report'!$U$22,0)) -> 0 | AZ19: =(IF('Water Report'!$U$23>0,'Water Report'!$U$23,0)) -> 3 | BA19: =(IF('Water Report'!$U$14>0,'Water Report'!$U$14,0)) -> 6 | BB19: =(IF('Water Report'!$U$15>0,'Water Report'!$U$15,0)) -> 7 | BC19: =(IF('Water Report'!$U$13>0,'Water Report'!$U$13,0)) -> 16 | BD19: =(IF('Water Report'!$U$24>0,'Water Report'!$U$24,0)) -> 255 | BE19: =(IF('Water Report'!$U$25>0,'Water Report'!$U$25,0)) -> 210 | BF19: =(IF('Water Report'!$U$27>0,'Water Report'!$U$27,0)) -> 125 | BG19: =(IF('Section Load'!AN22>0,'Section Load'!AN22,0)) -> 1092 | BH19: =(IF('Section Load'!AO22>0,'Section Load'!AO22,0)) -> 314 | BI19: =(IF('Section Load'!AP22>0,'Section Load'!AP22,0)) -> 0 | BJ19: =(IF('Section Load'!AQ22>0,'Section Load'!AQ22,0)) -> 114 | BK19: =(IF('Section Load'!AR22>0,'Section Load'!AR22,0)) -> 45 | BL19: =(IF('Section Load'!AS22>0,'Section Load'!AS22,0)) -> 0 | BM19: =(IF('Section Load'!AT22>0,'Section Load'!AT22,0)) -> 619
A20: Mumbai | B20: =B19+1 -> 19 | C20: 4 | D20: 2022 | E20: =(IF('Section Load'!F23>0,'Section Load'!F23,0)) -> 3887 | F20: =(IF('Section Load'!G23>0,'Section Load'!G23,0)) -> 1723 | G20: =(IF('Section Load'!H23>0,'Section Load'!H23,0)) -> 2295 | H20: =(IF('Section Load'!I23>0,'Section Load'!I23,0)) -> 3229 | I20: =(IF('Section Load'!J23>0,'Section Load'!J23,0)) -> 5840 | J20: =(IF('Section Load'!K23>0,'Section Load'!K23,0)) -> 3310 | K20: =(IF('Section Load'!L23>0,'Section Load'!L23,0)) -> 1258 | L20: =(IF('Section Load'!M23>0,'Section Load'!M23,0)) -> 1171 | ... AL20: =(IF('Section Load'!AM23>0,'Section Load'!AM23,0)) -> 877 | AM20: =(IF('Water Report'!$V$7>0,'Water Report'!$V$7,0)) -> 183 | AN20: =(IF('Water Report'!$V$8>0,'Water Report'!$V$8,0)) -> 154 | AO20: =(IF('Water Report'!$V$9>0,'Water Report'!$V$9,0)) -> 127 | AP20: =(IF('Water Report'!$V$10>0,'Water Report'!$V$10,0)) -> 12 | AQ20: =(IF('Water Report'!$V$11>0,'Water Report'!$V$11,0)) -> 63 | AR20: =(IF('Water Report'!$V$13>0,'Water Report'!$V$13,0)) -> 17 | AS20: =(IF('Water Report'!$V$14>0,'Water Report'!$V$14,0)) -> 9 | AT20: =(IF('Water Report'!$V$15>0,'Water Report'!$V$15,0)) -> 11 | AU20: =(IF('Water Report'!$V$17>0,'Water Report'!$V$17,0)) -> 0 | AV20: =(IF('Water Report'!$V$18>0,'Water Report'!$V$18,0)) -> 18 | AW20: =(IF('Water Report'!$V$19>0,'Water Report'!$V$19,0)) -> 14 | AX20: =(IF('Water Report'!$V$21>0,'Water Report'!$V$21,0)) -> 86 | AY20: =(IF('Water Report'!$V$22>0,'Water Report'!$V$22,0)) -> 0 | AZ20: =(IF('Water Report'!$V$23>0,'Water Report'!$V$23,0)) -> 6 | BA20: =(IF('Water Report'!$V$14>0,'Water Report'!$V$14,0)) -> 9 | BB20: =(IF('Water Report'!$V$15>0,'Water Report'!$V$15,0)) -> 11 | BC20: =(IF('Water Report'!$V$13>0,'Water Report'!$V$13,0)) -> 17 | BD20: =(IF('Water Report'!$V$24>0,'Water Report'!$V$24,0)) -> 274 | BE20: =(IF('Water Report'!$V$25>0,'Water Report'!$V$25,0)) -> 222 | BF20: =(IF('Water Report'!$V$27>0,'Water Report'!$V$27,0)) -> 109 | BG20: =(IF('Section Load'!AN23>0,'Section Load'!AN23,0)) -> 1090 | BH20: =(IF('Section Load'!AO23>0,'Section Load'!AO23,0)) -> 331 | BI20: =(IF('Section Load'!AP23>0,'Section Load'!AP23,0)) -> 0 | BJ20: =(IF('Section Load'!AQ23>0,'Section Load'!AQ23,0)) -> 99 | BK20: =(IF('Section Load'!AR23>0,'Section Load'!AR23,0)) -> 47 | BL20: =(IF('Section Load'!AS23>0,'Section Load'!AS23,0)) -> 0 | BM20: =(IF('Section Load'!AT23>0,'Section Load'!AT23,0)) -> 613
A21: Mumbai | B21: =B20+1 -> 20 | C21: 4 | D21: 2022 | E21: =(IF('Section Load'!F24>0,'Section Load'!F24,0)) -> 4020.46 | F21: =(IF('Section Load'!G24>0,'Section Load'!G24,0)) -> 1793.17 | G21: =(IF('Section Load'!H24>0,'Section Load'!H24,0)) -> 2268.91 | H21: =(IF('Section Load'!I24>0,'Section Load'!I24,0)) -> 3276.37 | I21: =(IF('Section Load'!J24>0,'Section Load'!J24,0)) -> 6519.36 | J21: =(IF('Section Load'!K24>0,'Section Load'!K24,0)) -> 3343.65 | K21: =(IF('Section Load'!L24>0,'Section Load'!L24,0)) -> 1170.42 | L21: =(IF('Section Load'!M24>0,'Section Load'!M24,0)) -> 912.81 | ... AL21: =(IF('Section Load'!AM24>0,'Section Load'!AM24,0)) -> 973.18 | AM21: =(IF('Water Report'!$W$7>0,'Water Report'!$W$7,0)) -> 164 | AN21: =(IF('Water Report'!$W$8>0,'Water Report'!$W$8,0)) -> 154 | AO21: =(IF('Water Report'!$W$9>0,'Water Report'!$W$9,0)) -> 97 | AP21: =(IF('Water Report'!$W$10>0,'Water Report'!$W$10,0)) -> 14 | AQ21: =(IF('Water Report'!$W$11>0,'Water Report'!$W$11,0)) -> 94 | AR21: =(IF('Water Report'!$W$13>0,'Water Report'!$W$13,0)) -> 33 | AS21: =(IF('Water Report'!$W$14>0,'Water Report'!$W$14,0)) -> 6 | AT21: =(IF('Water Report'!$W$15>0,'Water Report'!$W$15,0)) -> 17 | AU21: =(IF('Water Report'!$W$17>0,'Water Report'!$W$17,0)) -> 73 | AV21: =(IF('Water Report'!$W$18>0,'Water Report'!$W$18,0)) -> 14 | AW21: =(IF('Water Report'!$W$19>0,'Water Report'!$W$19,0)) -> 11 | AX21: =(IF('Water Report'!$W$21>0,'Water Report'!$W$21,0)) -> 107 | AY21: =(IF('Water Report'!$W$22>0,'Water Report'!$W$22,0)) -> 0 | AZ21: =(IF('Water Report'!$W$23>0,'Water Report'!$W$23,0)) -> 15 | BA21: =(IF('Water Report'!$W$14>0,'Water Report'!$W$14,0)) -> 6 | BB21: =(IF('Water Report'!$W$15>0,'Water Report'!$W$15,0)) -> 17 | BC21: =(IF('Water Report'!$W$13>0,'Water Report'!$W$13,0)) -> 33 | BD21: =(IF('Water Report'!$W$24>0,'Water Report'!$W$24,0)) -> 307 | BE21: =(IF('Water Report'!$W$25>0,'Water Report'!$W$25,0)) -> 228 | BF21: =(IF('Water Report'!$W$27>0,'Water Report'!$W$27,0)) -> 155 | BG21: =(IF('Section Load'!AN24>0,'Section Load'!AN24,0)) -> 1090.7 | BH21: =(IF('Section Load'!AO24>0,'Section Load'!AO24,0)) -> 333.12 | BI21: =(IF('Section Load'!AP24>0,'Section Load'!AP24,0)) -> 0 | BJ21: =(IF('Section Load'!AQ24>0,'Section Load'!AQ24,0)) -> 125.58 | BK21: =(IF('Section Load'!AR24>0,'Section Load'!AR24,0)) -> 50.5 | BL21: =(IF('Section Load'!AS24>0,'Section Load'!AS24,0)) -> 0 | BM21: =(IF('Section Load'!AT24>0,'Section Load'!AT24,0)) -> 581.5
A22: Mumbai | B22: =B21+1 -> 21 | C22: 4 | D22: 2022 | E22: =(IF('Section Load'!F25>0,'Section Load'!F25,0)) -> 4041.62 | F22: =(IF('Section Load'!G25>0,'Section Load'!G25,0)) -> 1751.95 | G22: =(IF('Section Load'!H25>0,'Section Load'!H25,0)) -> 2476.78 | H22: =(IF('Section Load'!I25>0,'Section Load'!I25,0)) -> 3181.38 | I22: =(IF('Section Load'!J25>0,'Section Load'!J25,0)) -> 7678.42 | J22: =(IF('Section Load'!K25>0,'Section Load'!K25,0)) -> 3448.62 | K22: =(IF('Section Load'!L25>0,'Section Load'!L25,0)) -> 1720.73 | L22: =(IF('Section Load'!M25>0,'Section Load'!M25,0)) -> 1318.22 | ... AL22: =(IF('Section Load'!AM25>0,'Section Load'!AM25,0)) -> 956.41 | AM22: =(IF('Water Report'!$X$7>0,'Water Report'!$X$7,0)) -> 194 | AN22: =(IF('Water Report'!$X$8>0,'Water Report'!$X$8,0)) -> 183 | AO22: =(IF('Water Report'!$X$9>0,'Water Report'!$X$9,0)) -> 124 | AP22: =(IF('Water Report'!$X$10>0,'Water Report'!$X$10,0)) -> 17 | AQ22: =(IF('Water Report'!$X$11>0,'Water Report'!$X$11,0)) -> 78 | AR22: =(IF('Water Report'!$X$13>0,'Water Report'!$X$13,0)) -> 95 | AS22: =(IF('Water Report'!$X$14>0,'Water Report'!$X$14,0)) -> 15 | AT22: =(IF('Water Report'!$X$15>0,'Water Report'!$X$15,0)) -> 8 | AU22: =(IF('Water Report'!$X$17>0,'Water Report'!$X$17,0)) -> 0 | AV22: =(IF('Water Report'!$X$18>0,'Water Report'!$X$18,0)) -> 16 | AW22: =(IF('Water Report'!$X$19>0,'Water Report'!$X$19,0)) -> 13 | AX22: =(IF('Water Report'!$X$21>0,'Water Report'!$X$21,0)) -> 107 | AY22: =(IF('Water Report'!$X$22>0,'Water Report'!$X$22,0)) -> 17 | AZ22: =(IF('Water Report'!$X$23>0,'Water Report'!$X$23,0)) -> 3 | BA22: =(IF('Water Report'!$X$14>0,'Water Report'!$X$14,0)) -> 15 | BB22: =(IF('Water Report'!$X$15>0,'Water Report'!$X$15,0)) -> 8 | BC22: =(IF('Water Report'!$X$13>0,'Water Report'!$X$13,0)) -> 95 | BD22: =(IF('Water Report'!$X$24>0,'Water Report'!$X$24,0)) -> 277 | BE22: =(IF('Water Report'!$X$25>0,'Water Report'!$X$25,0)) -> 242 | BF22: =(IF('Water Report'!$X$27>0,'Water Report'!$X$27,0)) -> 205 | BG22: =(IF('Section Load'!AN25>0,'Section Load'!AN25,0)) -> 1136.99 | BH22: =(IF('Section Load'!AO25>0,'Section Load'!AO25,0)) -> 311.36 | BI22: =(IF('Section Load'!AP25>0,'Section Load'!AP25,0)) -> 0 | BJ22: =(IF('Section Load'!AQ25>0,'Section Load'!AQ25,0)) -> 124.24 | BK22: =(IF('Section Load'!AR25>0,'Section Load'!AR25,0)) -> 42.4 | BL22: =(IF('Section Load'!AS25>0,'Section Load'!AS25,0)) -> 0 | BM22: =(IF('Section Load'!AT25>0,'Section Load'!AT25,0)) -> 658.99
A23: Mumbai | B23: =B22+1 -> 22 | C23: 4 | D23: 2022 | E23: =(IF('Section Load'!F26>0,'Section Load'!F26,0)) -> 3924.46 | F23: =(IF('Section Load'!G26>0,'Section Load'!G26,0)) -> 1773.33 | G23: =(IF('Section Load'!H26>0,'Section Load'!H26,0)) -> 2323.6 | H23: =(IF('Section Load'!I26>0,'Section Load'!I26,0)) -> 3155.18 | I23: =(IF('Section Load'!J26>0,'Section Load'!J26,0)) -> 8506.13 | J23: =(IF('Section Load'!K26>0,'Section Load'!K26,0)) -> 3471.62 | K23: =(IF('Section Load'!L26>0,'Section Load'!L26,0)) -> 1197.12 | L23: =(IF('Section Load'!M26>0,'Section Load'!M26,0)) -> 1008.95 | ... AL23: =(IF('Section Load'!AM26>0,'Section Load'!AM26,0)) -> 905.19 | AM23: =(IF('Water Report'!$Y$7>0,'Water Report'!$Y$7,0)) -> 170 | AN23: =(IF('Water Report'!$Y$8>0,'Water Report'!$Y$8,0)) -> 140 | AO23: =(IF('Water Report'!$Y$9>0,'Water Report'!$Y$9,0)) -> 116 | AP23: =(IF('Water Report'!$Y$10>0,'Water Report'!$Y$10,0)) -> 13 | AQ23: =(IF('Water Report'!$Y$11>0,'Water Report'!$Y$11,0)) -> 82 | AR23: =(IF('Water Report'!$Y$13>0,'Water Report'!$Y$13,0)) -> 58 | AS23: =(IF('Water Report'!$Y$14>0,'Water Report'!$Y$14,0)) -> 12 | AT23: =(IF('Water Report'!$Y$15>0,'Water Report'!$Y$15,0)) -> 6 | AU23: =(IF('Water Report'!$Y$17>0,'Water Report'!$Y$17,0)) -> 0 | AV23: =(IF('Water Report'!$Y$18>0,'Water Report'!$Y$18,0)) -> 16 | AW23: =(IF('Water Report'!$Y$19>0,'Water Report'!$Y$19,0)) -> 12 | AX23: =(IF('Water Report'!$Y$21>0,'Water Report'!$Y$21,0)) -> 85 | AY23: =(IF('Water Report'!$Y$22>0,'Water Report'!$Y$22,0)) -> 5 | AZ23: =(IF('Water Report'!$Y$23>0,'Water Report'!$Y$23,0)) -> 4 | BA23: =(IF('Water Report'!$Y$14>0,'Water Report'!$Y$14,0)) -> 12 | BB23: =(IF('Water Report'!$Y$15>0,'Water Report'!$Y$15,0)) -> 6 | BC23: =(IF('Water Report'!$Y$13>0,'Water Report'!$Y$13,0)) -> 58 | BD23: =(IF('Water Report'!$Y$24>0,'Water Report'!$Y$24,0)) -> 296 | BE23: =(IF('Water Report'!$Y$25>0,'Water Report'!$Y$25,0)) -> 229 | BF23: =(IF('Water Report'!$Y$27>0,'Water Report'!$Y$27,0)) -> 147 | BG23: =(IF('Section Load'!AN26>0,'Section Load'!AN26,0)) -> 1078.89 | BH23: =(IF('Section Load'!AO26>0,'Section Load'!AO26,0)) -> 321.5 | BI23: =(IF('Section Load'!AP26>0,'Section Load'!AP26,0)) -> 0 | BJ23: =(IF('Section Load'!AQ26>0,'Section Load'!AQ26,0)) -> 114.87 | BK23: =(IF('Section Load'!AR26>0,'Section Load'!AR26,0)) -> 54.4 | BL23: =(IF('Section Load'!AS26>0,'Section Load'!AS26,0)) -> 0 | BM23: =(IF('Section Load'!AT26>0,'Section Load'!AT26,0)) -> 588.12
A24: Mumbai | B24: =B23+1 -> 23 | C24: 4 | D24: 2022 | E24: =(IF('Section Load'!F27>0,'Section Load'!F27,0)) -> 3923.42 | F24: =(IF('Section Load'!G27>0,'Section Load'!G27,0)) -> 1861.74 | G24: =(IF('Section Load'!H27>0,'Section Load'!H27,0)) -> 2416.66 | H24: =(IF('Section Load'!I27>0,'Section Load'!I27,0)) -> 3156.8 | I24: =(IF('Section Load'!J27>0,'Section Load'!J27,0)) -> 9799.22 | J24: =(IF('Section Load'!K27>0,'Section Load'!K27,0)) -> 3760.56 | K24: =(IF('Section Load'!L27>0,'Section Load'!L27,0)) -> 1403.33 | L24: =(IF('Section Load'!M27>0,'Section Load'!M27,0)) -> 1296.02 | ... AL24: =(IF('Section Load'!AM27>0,'Section Load'!AM27,0)) -> 987.53 | AM24: =(IF('Water Report'!$Z$7>0,'Water Report'!$Z$7,0)) -> 211 | AN24: =(IF('Water Report'!$Z$8>0,'Water Report'!$Z$8,0)) -> 153 | AO24: =(IF('Water Report'!$Z$9>0,'Water Report'!$Z$9,0)) -> 150 | AP24: =(IF('Water Report'!$Z$10>0,'Water Report'!$Z$10,0)) -> 17 | AQ24: =(IF('Water Report'!$Z$11>0,'Water Report'!$Z$11,0)) -> 89 | AR24: =(IF('Water Report'!$Z$13>0,'Water Report'!$Z$13,0)) -> 70 | AS24: =(IF('Water Report'!$Z$14>0,'Water Report'!$Z$14,0)) -> 7 | AT24: =(IF('Water Report'!$Z$15>0,'Water Report'!$Z$15,0)) -> 9 | AU24: =(IF('Water Report'!$Z$17>0,'Water Report'!$Z$17,0)) -> 6 | AV24: =(IF('Water Report'!$Z$18>0,'Water Report'!$Z$18,0)) -> 13 | AW24: =(IF('Water Report'!$Z$19>0,'Water Report'!$Z$19,0)) -> 13 | AX24: =(IF('Water Report'!$Z$21>0,'Water Report'!$Z$21,0)) -> 107 | AY24: =(IF('Water Report'!$Z$22>0,'Water Report'!$Z$22,0)) -> 7 | AZ24: =(IF('Water Report'!$Z$23>0,'Water Report'!$Z$23,0)) -> 9 | BA24: =(IF('Water Report'!$Z$14>0,'Water Report'!$Z$14,0)) -> 7 | BB24: =(IF('Water Report'!$Z$15>0,'Water Report'!$Z$15,0)) -> 9 | BC24: =(IF('Water Report'!$Z$13>0,'Water Report'!$Z$13,0)) -> 70 | BD24: =(IF('Water Report'!$Z$24>0,'Water Report'!$Z$24,0)) -> 291 | BE24: =(IF('Water Report'!$Z$25>0,'Water Report'!$Z$25,0)) -> 272 | BF24: =(IF('Water Report'!$Z$27>0,'Water Report'!$Z$27,0)) -> 186 | BG24: =(IF('Section Load'!AN27>0,'Section Load'!AN27,0)) -> 1118.14 | BH24: =(IF('Section Load'!AO27>0,'Section Load'!AO27,0)) -> 318.36 | BI24: =(IF('Section Load'!AP27>0,'Section Load'!AP27,0)) -> 0 | BJ24: =(IF('Section Load'!AQ27>0,'Section Load'!AQ27,0)) -> 121.41 | BK24: =(IF('Section Load'!AR27>0,'Section Load'!AR27,0)) -> 57.7 | BL24: =(IF('Section Load'!AS27>0,'Section Load'!AS27,0)) -> 0 | BM24: =(IF('Section Load'!AT27>0,'Section Load'!AT27,0)) -> 620.67
A25: Mumbai | B25: =B24+1 -> 24 | C25: 4 | D25: 2022 | E25: =(IF('Section Load'!F28>0,'Section Load'!F28,0)) -> 3918.06 | F25: =(IF('Section Load'!G28>0,'Section Load'!G28,0)) -> 1735.4 | G25: =(IF('Section Load'!H28>0,'Section Load'!H28,0)) -> 2360.78 | H25: =(IF('Section Load'!I28>0,'Section Load'!I28,0)) -> 3178.38 | I25: =(IF('Section Load'!J28>0,'Section Load'!J28,0)) -> 10213.35 | J25: =(IF('Section Load'!K28>0,'Section Load'!K28,0)) -> 3676.78 | K25: =(IF('Section Load'!L28>0,'Section Load'!L28,0)) -> 1356.27 | L25: =(IF('Section Load'!M28>0,'Section Load'!M28,0)) -> 1272.27 | ... AL25: =(IF('Section Load'!AM28>0,'Section Load'!AM28,0)) -> 952.65 | AM25: =(IF('Water Report'!$AA$7>0,'Water Report'!$AA$7,0)) -> 196 | AN25: =(IF('Water Report'!$AA$8>0,'Water Report'!$AA$8,0)) -> 123 | AO25: =(IF('Water Report'!$AA$9>0,'Water Report'!$AA$9,0)) -> 94 | AP25: =(IF('Water Report'!$AA$10>0,'Water Report'!$AA$10,0)) -> 20 | AQ25: =(IF('Water Report'!$AA$11>0,'Water Report'!$AA$11,0)) -> 83 | AR25: =(IF('Water Report'!$AA$13>0,'Water Report'!$AA$13,0)) -> 55 | AS25: =(IF('Water Report'!$AA$14>0,'Water Report'!$AA$14,0)) -> 10 | AT25: =(IF('Water Report'!$AA$15>0,'Water Report'!$AA$15,0)) -> 17 | AU25: =(IF('Water Report'!$AA$17>0,'Water Report'!$AA$17,0)) -> 0 | AV25: =(IF('Water Report'!$AA$18>0,'Water Report'!$AA$18,0)) -> 29 | AW25: =(IF('Water Report'!$AA$19>0,'Water Report'!$AA$19,0)) -> 12 | AX25: =(IF('Water Report'!$AA$21>0,'Water Report'!$AA$21,0)) -> 107 | AY25: =(IF('Water Report'!$AA$22>0,'Water Report'!$AA$22,0)) -> 0 | AZ25: =(IF('Water Report'!$AA$23>0,'Water Report'!$AA$23,0)) -> 3 | BA25: =(IF('Water Report'!$AA$14>0,'Water Report'!$AA$14,0)) -> 10 | BB25: =(IF('Water Report'!$AA$15>0,'Water Report'!$AA$15,0)) -> 17 | BC25: =(IF('Water Report'!$AA$13>0,'Water Report'!$AA$13,0)) -> 55 | BD25: =(IF('Water Report'!$AA$24>0,'Water Report'!$AA$24,0)) -> 307 | BE25: =(IF('Water Report'!$AA$25>0,'Water Report'!$AA$25,0)) -> 224 | BF25: =(IF('Water Report'!$AA$27>0,'Water Report'!$AA$27,0)) -> 165 | BG25: =(IF('Section Load'!AN28>0,'Section Load'!AN28,0)) -> 1099.27 | BH25: =(IF('Section Load'!AO28>0,'Section Load'!AO28,0)) -> 292.45 | BI25: =(IF('Section Load'!AP28>0,'Section Load'!AP28,0)) -> 0 | BJ25: =(IF('Section Load'!AQ28>0,'Section Load'!AQ28,0)) -> 143.8 | BK25: =(IF('Section Load'!AR28>0,'Section Load'!AR28,0)) -> 50.2 | BL25: =(IF('Section Load'!AS28>0,'Section Load'!AS28,0)) -> 0 | BM25: =(IF('Section Load'!AT28>0,'Section Load'!AT28,0)) -> 613.42
A26: Mumbai | B26: =B25+1 -> 25 | C26: 4 | D26: 2022 | E26: =(IF('Section Load'!F29>0,'Section Load'!F29,0)) -> 3975.48 | F26: =(IF('Section Load'!G29>0,'Section Load'!G29,0)) -> 1762.06 | G26: =(IF('Section Load'!H29>0,'Section Load'!H29,0)) -> 2402.46 | H26: =(IF('Section Load'!I29>0,'Section Load'!I29,0)) -> 3106.28 | I26: =(IF('Section Load'!J29>0,'Section Load'!J29,0)) -> 8766.06 | J26: =(IF('Section Load'!K29>0,'Section Load'!K29,0)) -> 3475.4 | K26: =(IF('Section Load'!L29>0,'Section Load'!L29,0)) -> 1088.48 | L26: =(IF('Section Load'!M29>0,'Section Load'!M29,0)) -> 935.13 | ... AL26: =(IF('Section Load'!AM29>0,'Section Load'!AM29,0)) -> 920.63 | AM26: =(IF('Water Report'!$AB$7>0,'Water Report'!$AB$7,0)) -> 192 | AN26: =(IF('Water Report'!$AB$8>0,'Water Report'!$AB$8,0)) -> 132 | AO26: =(IF('Water Report'!$AB$9>0,'Water Report'!$AB$9,0)) -> 116 | AP26: =(IF('Water Report'!$AB$10>0,'Water Report'!$AB$10,0)) -> 15 | AQ26: =(IF('Water Report'!$AB$11>0,'Water Report'!$AB$11,0)) -> 80 | AR26: =(IF('Water Report'!$AB$13>0,'Water Report'!$AB$13,0)) -> 73 | AS26: =(IF('Water Report'!$AB$14>0,'Water Report'!$AB$14,0)) -> 25 | AT26: =(IF('Water Report'!$AB$15>0,'Water Report'!$AB$15,0)) -> 8 | AU26: =(IF('Water Report'!$AB$17>0,'Water Report'!$AB$17,0)) -> 3 | AV26: =(IF('Water Report'!$AB$18>0,'Water Report'!$AB$18,0)) -> 15 | AW26: =(IF('Water Report'!$AB$19>0,'Water Report'!$AB$19,0)) -> 12 | AX26: =(IF('Water Report'!$AB$21>0,'Water Report'!$AB$21,0)) -> 108 | AY26: =(IF('Water Report'!$AB$22>0,'Water Report'!$AB$22,0)) -> 26 | AZ26: =(IF('Water Report'!$AB$23>0,'Water Report'!$AB$23,0)) -> 4 | BA26: =(IF('Water Report'!$AB$14>0,'Water Report'!$AB$14,0)) -> 25 | BB26: =(IF('Water Report'!$AB$15>0,'Water Report'!$AB$15,0)) -> 8 | BC26: =(IF('Water Report'!$AB$13>0,'Water Report'!$AB$13,0)) -> 73 | BD26: =(IF('Water Report'!$AB$24>0,'Water Report'!$AB$24,0)) -> 381 | BE26: =(IF('Water Report'!$AB$25>0,'Water Report'!$AB$25,0)) -> 244 | BF26: =(IF('Water Report'!$AB$27>0,'Water Report'!$AB$27,0)) -> 185 | BG26: =(IF('Section Load'!AN29>0,'Section Load'!AN29,0)) -> 1092.01 | BH26: =(IF('Section Load'!AO29>0,'Section Load'!AO29,0)) -> 328.11 | BI26: =(IF('Section Load'!AP29>0,'Section Load'!AP29,0)) -> 0 | BJ26: =(IF('Section Load'!AQ29>0,'Section Load'!AQ29,0)) -> 108.1 | BK26: =(IF('Section Load'!AR29>0,'Section Load'!AR29,0)) -> 43.8 | BL26: =(IF('Section Load'!AS29>0,'Section Load'!AS29,0)) -> 0 | BM26: =(IF('Section Load'!AT29>0,'Section Load'!AT29,0)) -> 612.4
A27: Mumbai | B27: =B26+1 -> 26 | C27: 4 | D27: 2022 | E27: =(IF('Section Load'!F30>0,'Section Load'!F30,0)) -> 3821.2 | F27: =(IF('Section Load'!G30>0,'Section Load'!G30,0)) -> 1702.98 | G27: =(IF('Section Load'!H30>0,'Section Load'!H30,0)) -> 2440.1 | H27: =(IF('Section Load'!I30>0,'Section Load'!I30,0)) -> 2871.94 | I27: =(IF('Section Load'!J30>0,'Section Load'!J30,0)) -> 9058.5 | J27: =(IF('Section Load'!K30>0,'Section Load'!K30,0)) -> 3310.8 | K27: =(IF('Section Load'!L30>0,'Section Load'!L30,0)) -> 1098.85 | L27: =(IF('Section Load'!M30>0,'Section Load'!M30,0)) -> 1097.45 | ... AL27: =(IF('Section Load'!AM30>0,'Section Load'!AM30,0)) -> 868.16 | AM27: =(IF('Water Report'!$AC$7>0,'Water Report'!$AC$7,0)) -> 177 | AN27: =(IF('Water Report'!$AC$8>0,'Water Report'!$AC$8,0)) -> 123 | AO27: =(IF('Water Report'!$AC$9>0,'Water Report'!$AC$9,0)) -> 132 | AP27: =(IF('Water Report'!$AC$10>0,'Water Report'!$AC$10,0)) -> 14 | AQ27: =(IF('Water Report'!$AC$11>0,'Water Report'!$AC$11,0)) -> 80 | AR27: =(IF('Water Report'!$AC$13>0,'Water Report'!$AC$13,0)) -> 53 | AS27: =(IF('Water Report'!$AC$14>0,'Water Report'!$AC$14,0)) -> 28 | AT27: =(IF('Water Report'!$AC$15>0,'Water Report'!$AC$15,0)) -> 7 | AU27: =(IF('Water Report'!$AC$17>0,'Water Report'!$AC$17,0)) -> 2 | AV27: =(IF('Water Report'!$AC$18>0,'Water Report'!$AC$18,0)) -> 16 | AW27: =(IF('Water Report'!$AC$19>0,'Water Report'!$AC$19,0)) -> 11 | AX27: =(IF('Water Report'!$AC$21>0,'Water Report'!$AC$21,0)) -> 130 | AY27: =(IF('Water Report'!$AC$22>0,'Water Report'!$AC$22,0)) -> 3 | AZ27: =(IF('Water Report'!$AC$23>0,'Water Report'!$AC$23,0)) -> 7 | BA27: =(IF('Water Report'!$AC$14>0,'Water Report'!$AC$14,0)) -> 28 | BB27: =(IF('Water Report'!$AC$15>0,'Water Report'!$AC$15,0)) -> 7 | BC27: =(IF('Water Report'!$AC$13>0,'Water Report'!$AC$13,0)) -> 53 | BD27: =(IF('Water Report'!$AC$24>0,'Water Report'!$AC$24,0)) -> 328 | BE27: =(IF('Water Report'!$AC$25>0,'Water Report'!$AC$25,0)) -> 261 | BF27: =(IF('Water Report'!$AC$27>0,'Water Report'!$AC$27,0)) -> 190 | BG27: =(IF('Section Load'!AN30>0,'Section Load'!AN30,0)) -> 1116 | BH27: =(IF('Section Load'!AO30>0,'Section Load'!AO30,0)) -> 306.1 | BI27: =(IF('Section Load'!AP30>0,'Section Load'!AP30,0)) -> 0 | BJ27: =(IF('Section Load'!AQ30>0,'Section Load'!AQ30,0)) -> 122 | BK27: =(IF('Section Load'!AR30>0,'Section Load'!AR30,0)) -> 56 | BL27: =(IF('Section Load'!AS30>0,'Section Load'!AS30,0)) -> 0.4 | BM27: =(IF('Section Load'!AT30>0,'Section Load'!AT30,0)) -> 631.5
A28: Mumbai | B28: =B27+1 -> 27 | C28: 4 | D28: 2022 | E28: =(IF('Section Load'!F31>0,'Section Load'!F31,0)) -> 3833.3 | F28: =(IF('Section Load'!G31>0,'Section Load'!G31,0)) -> 1751.37 | G28: =(IF('Section Load'!H31>0,'Section Load'!H31,0)) -> 2459.95 | H28: =(IF('Section Load'!I31>0,'Section Load'!I31,0)) -> 2859.67 | I28: =(IF('Section Load'!J31>0,'Section Load'!J31,0)) -> 9133.96 | J28: =(IF('Section Load'!K31>0,'Section Load'!K31,0)) -> 3295.57 | K28: =(IF('Section Load'!L31>0,'Section Load'!L31,0)) -> 1105.8 | L28: =(IF('Section Load'!M31>0,'Section Load'!M31,0)) -> 1058.15 | ... AL28: =(IF('Section Load'!AM31>0,'Section Load'!AM31,0)) -> 862.25 | AM28: =(IF('Water Report'!$AD$7>0,'Water Report'!$AD$7,0)) -> 162 | AN28: =(IF('Water Report'!$AD$8>0,'Water Report'!$AD$8,0)) -> 146 | AO28: =(IF('Water Report'!$AD$9>0,'Water Report'!$AD$9,0)) -> 116 | AP28: =(IF('Water Report'!$AD$10>0,'Water Report'!AD$10,0)) -> 12 | AQ28: =(IF('Water Report'!$AD$11>0,'Water Report'!AE$11,0)) -> 77 | AR28: =(IF('Water Report'!$AD$13>0,'Water Report'!AF$13,0)) -> 15 | AS28: =(IF('Water Report'!$AD$14>0,'Water Report'!AG$14,0)) -> 8 | AT28: =(IF('Water Report'!$AD$15>0,'Water Report'!AH$15,0)) -> 0 | AU28: =(IF('Water Report'!$AD$17>0,'Water Report'!AI$17,0)) -> 0 | AV28: =(IF('Water Report'!$AD$18>0,'Water Report'!AJ$18,0)) -> 0 | AW28: =(IF('Water Report'!$AD$19>0,'Water Report'!AK$19,0)) -> 0 | AX28: =(IF('Water Report'!$AD$21>0,'Water Report'!AL$21,0)) -> 0 | AY28: =(IF('Water Report'!$AD$22>0,'Water Report'!AM$22,0)) -> 0 | AZ28: =(IF('Water Report'!$AD$23>0,'Water Report'!AN$23,0)) -> 0 | BA28: =(IF('Water Report'!$AD$14>0,'Water Report'!AO$14,0)) -> 0 | BB28: =(IF('Water Report'!$AD$15>0,'Water Report'!AP$15,0)) -> 0 | BC28: =(IF('Water Report'!$AD$13>0,'Water Report'!AQ$13,0)) -> 0 | BD28: =(IF('Water Report'!$AD$24>0,'Water Report'!AR$24,0)) -> 0 | BE28: =(IF('Water Report'!$AD$25>0,'Water Report'!AS$25,0)) -> 0 | BF28: =(IF('Water Report'!$AD$27>0,'Water Report'!AT$27,0)) -> 0 | BG28: =(IF('Section Load'!AN31>0,'Section Load'!AN31,0)) -> 1061 | BH28: =(IF('Section Load'!AO31>0,'Section Load'!AO31,0)) -> 317 | BI28: =(IF('Section Load'!AP31>0,'Section Load'!AP31,0)) -> 0 | BJ28: =(IF('Section Load'!AQ31>0,'Section Load'!AQ31,0)) -> 121 | BK28: =(IF('Section Load'!AR31>0,'Section Load'!AR31,0)) -> 46 | BL28: =(IF('Section Load'!AS31>0,'Section Load'!AS31,0)) -> 0 | BM28: =(IF('Section Load'!AT31>0,'Section Load'!AT31,0)) -> 577.4
A29: Mumbai | B29: =B28+1 -> 28 | C29: 4 | D29: 2022 | E29: =(IF('Section Load'!F32>0,'Section Load'!F32,0)) -> 3943 | F29: =(IF('Section Load'!G32>0,'Section Load'!G32,0)) -> 1728 | G29: =(IF('Section Load'!H32>0,'Section Load'!H32,0)) -> 2374 | H29: =(IF('Section Load'!I32>0,'Section Load'!I32,0)) -> 2899 | I29: =(IF('Section Load'!J32>0,'Section Load'!J32,0)) -> 9987 | J29: =(IF('Section Load'!K32>0,'Section Load'!K32,0)) -> 3306 | K29: =(IF('Section Load'!L32>0,'Section Load'!L32,0)) -> 1379 | L29: =(IF('Section Load'!M32>0,'Section Load'!M32,0)) -> 886 | ... AL29: =(IF('Section Load'!AM32>0,'Section Load'!AM32,0)) -> 872 | AM29: =(IF('Water Report'!$AE$7>0,'Water Report'!$AE$7,0)) -> 166 | AN29: =(IF('Water Report'!$AE$8>0,'Water Report'!$AE$8,0)) -> 107 | AO29: =(IF('Water Report'!$AE$9>0,'Water Report'!$AE$9,0)) -> 116 | AP29: =(IF('Water Report'!$AE$10>0,'Water Report'!$AE$10,0)) -> 17 | AQ29: =(IF('Water Report'!$AE$11>0,'Water Report'!$AE$11,0)) -> 77 | AR29: =(IF('Water Report'!$AE$13>0,'Water Report'!$AE$13,0)) -> 43 | AS29: =(IF('Water Report'!$AE$14>0,'Water Report'!$AE$14,0)) -> 7 | AT29: =(IF('Water Report'!$AE$15>0,'Water Report'!$AE$15,0)) -> 7 | AU29: =(IF('Water Report'!$AE$17>0,'Water Report'!$AE$17,0)) -> 21 | AV29: =(IF('Water Report'!$AE$18>0,'Water Report'!$AE$18,0)) -> 15 | AW29: =(IF('Water Report'!$AE$19>0,'Water Report'!$AE$19,0)) -> 13 | AX29: =(IF('Water Report'!$AE$21>0,'Water Report'!$AE$21,0)) -> 84 | AY29: =(IF('Water Report'!$AE$22>0,'Water Report'!$AE$22,0)) -> 0 | AZ29: =(IF('Water Report'!$AE$23>0,'Water Report'!$AE$23,0)) -> 13 | BA29: =(IF('Water Report'!$AE$14>0,'Water Report'!$AE$14,0)) -> 7 | BB29: =(IF('Water Report'!$AE$15>0,'Water Report'!$AE$15,0)) -> 7 | BC29: =(IF('Water Report'!$AE$13>0,'Water Report'!$AE$13,0)) -> 43 | BD29: =(IF('Water Report'!$AE$24>0,'Water Report'!$AE$24,0)) -> 313 | BE29: =(IF('Water Report'!$AE$25>0,'Water Report'!$AE$25,0)) -> 224 | BF29: =(IF('Water Report'!$AE$27>0,'Water Report'!$AE$27,0)) -> 140 | BG29: =(IF('Section Load'!AN32>0,'Section Load'!AN32,0)) -> 1107 | BH29: =(IF('Section Load'!AO32>0,'Section Load'!AO32,0)) -> 329 | BI29: =(IF('Section Load'!AP32>0,'Section Load'!AP32,0)) -> 0 | BJ29: =(IF('Section Load'!AQ32>0,'Section Load'!AQ32,0)) -> 118 | BK29: =(IF('Section Load'!AR32>0,'Section Load'!AR32,0)) -> 53 | BL29: =(IF('Section Load'!AS32>0,'Section Load'!AS32,0)) -> 0 | BM29: =(IF('Section Load'!AT32>0,'Section Load'!AT32,0)) -> 607
A30: Mumbai | B30: =B29+1 -> 29 | C30: 4 | D30: 2022 | E30: =(IF('Section Load'!F33>0,'Section Load'!F33,0)) -> 4115 | F30: =(IF('Section Load'!G33>0,'Section Load'!G33,0)) -> 1726 | G30: =(IF('Section Load'!H33>0,'Section Load'!H33,0)) -> 2399 | H30: =(IF('Section Load'!I33>0,'Section Load'!I33,0)) -> 2849 | I30: =(IF('Section Load'!J33>0,'Section Load'!J33,0)) -> 10787 | J30: =(IF('Section Load'!K33>0,'Section Load'!K33,0)) -> 3440 | K30: =(IF('Section Load'!L33>0,'Section Load'!L33,0)) -> 1646 | L30: =(IF('Section Load'!M33>0,'Section Load'!M33,0)) -> 1210 | ... AL30: =(IF('Section Load'!AM33>0,'Section Load'!AM33,0)) -> 843 | AM30: =(IF('Water Report'!$AF$7>0,'Water Report'!$AF$7,0)) -> 169 | AN30: =(IF('Water Report'!$AF$8>0,'Water Report'!$AF$8,0)) -> 144 | AO30: =(IF('Water Report'!$AF$9>0,'Water Report'!$AF$9,0)) -> 112 | AP30: =(IF('Water Report'!$AF$10>0,'Water Report'!$AF$10,0)) -> 18 | AQ30: =(IF('Water Report'!$AF$11>0,'Water Report'!$AF$11,0)) -> 76 | AR30: =(IF('Water Report'!$AF$13>0,'Water Report'!$AF$13,0)) -> 15 | AS30: =(IF('Water Report'!$AF$14>0,'Water Report'!$AF$14,0)) -> 14 | AT30: =(IF('Water Report'!$AF$15>0,'Water Report'!$AF$15,0)) -> 8 | AU30: =(IF('Water Report'!$AF$17>0,'Water Report'!$AF$17,0)) -> 0 | AV30: =(IF('Water Report'!$AF$18>0,'Water Report'!$AF$18,0)) -> 15 | AW30: =(IF('Water Report'!$AF$19>0,'Water Report'!$AF$19,0)) -> 12 | AX30: =(IF('Water Report'!$AF$21>0,'Water Report'!$AF$21,0)) -> 106 | AY30: =(IF('Water Report'!$AF$22>0,'Water Report'!$AF$22,0)) -> 1 | AZ30: =(IF('Water Report'!$AF$23>0,'Water Report'!$AF$23,0)) -> 5 | BA30: =(IF('Water Report'!$AF$14>0,'Water Report'!$AF$14,0)) -> 14 | BB30: =(IF('Water Report'!$AF$15>0,'Water Report'!$AF$15,0)) -> 8 | BC30: =(IF('Water Report'!$AF$13>0,'Water Report'!$AF$13,0)) -> 15 | BD30: =(IF('Water Report'!$AF$24>0,'Water Report'!$AF$24,0)) -> 311 | BE30: =(IF('Water Report'!$AF$25>0,'Water Report'!$AF$25,0)) -> 228 | BF30: =(IF('Water Report'!$AF$27>0,'Water Report'!$AF$27,0)) -> 126 | BG30: =(IF('Section Load'!AN33>0,'Section Load'!AN33,0)) -> 1096 | BH30: =(IF('Section Load'!AO33>0,'Section Load'!AO33,0)) -> 317 | BI30: =(IF('Section Load'!AP33>0,'Section Load'!AP33,0)) -> 0 | BJ30: =(IF('Section Load'!AQ33>0,'Section Load'!AQ33,0)) -> 143 | BK30: =(IF('Section Load'!AR33>0,'Section Load'!AR33,0)) -> 57 | BL30: =(IF('Section Load'!AS33>0,'Section Load'!AS33,0)) -> 0 | BM30: =(IF('Section Load'!AT33>0,'Section Load'!AT33,0)) -> 579
A31: Mumbai | B31: =B30+1 -> 30 | C31: 4 | D31: 2022 | E31: =(IF('Section Load'!F34>0,'Section Load'!F34,0)) -> 4237 | F31: =(IF('Section Load'!G34>0,'Section Load'!G34,0)) -> 1805.68 | G31: =(IF('Section Load'!H34>0,'Section Load'!H34,0)) -> 2500 | H31: =(IF('Section Load'!I34>0,'Section Load'!I34,0)) -> 2900 | I31: =(IF('Section Load'!J34>0,'Section Load'!J34,0)) -> 9046 | J31: =(IF('Section Load'!K34>0,'Section Load'!K34,0)) -> 3408 | K31: =(IF('Section Load'!L34>0,'Section Load'!L34,0)) -> 1782 | L31: =(IF('Section Load'!M34>0,'Section Load'!M34,0)) -> 1131 | ... AL31: =(IF('Section Load'!AM34>0,'Section Load'!AM34,0)) -> 842 | AM31: =(IF('Water Report'!$AG$7>0,'Water Report'!$AG$7,0)) -> 172 | AN31: =(IF('Water Report'!$AG$8>0,'Water Report'!$AG$8,0)) -> 131 | AO31: =(IF('Water Report'!$AG$9>0,'Water Report'!$AG$9,0)) -> 117 | AP31: =(IF('Water Report'!$AG$10>0,'Water Report'!$DAG$10,0)) -> 0 | AQ31: =(IF('Water Report'!$AG$11>0,'Water Report'!$DAG$11,0)) -> 0 | AR31: =(IF('Water Report'!$AG$13>0,'Water Report'!$DAG$13,0)) -> 0 | AS31: =(IF('Water Report'!$AG$14>0,'Water Report'!$DAG$14,0)) -> 0 | AT31: =(IF('Water Report'!$AG$15>0,'Water Report'!$DAG$15,0)) -> 0 | AU31: =(IF('Water Report'!$AG$17>0,'Water Report'!$DAG$17,0)) -> 0 | AV31: =(IF('Water Report'!$AG$18>0,'Water Report'!$DAG$18,0)) -> 0 | AW31: =(IF('Water Report'!$AG$19>0,'Water Report'!$DAG$19,0)) -> 0 | AX31: =(IF('Water Report'!$AG$21>0,'Water Report'!$DAG$21,0)) -> 0 | AY31: =(IF('Water Report'!$AG$22>0,'Water Report'!$DAG$22,0)) -> 0 | AZ31: =(IF('Water Report'!$AG$23>0,'Water Report'!$DAG$23,0)) -> 0 | BA31: =(IF('Water Report'!$AG$14>0,'Water Report'!$DAG$14,0)) -> 0 | BB31: =(IF('Water Report'!$AG$15>0,'Water Report'!$DAG$15,0)) -> 0 | BC31: =(IF('Water Report'!$AG$13>0,'Water Report'!$DAG$13,0)) -> 0 | BD31: =(IF('Water Report'!$AG$24>0,'Water Report'!$DAG$24,0)) -> 0 | BE31: =(IF('Water Report'!$AG$25>0,'Water Report'!$DAG$25,0)) -> 0 | BF31: =(IF('Water Report'!$AG$27>0,'Water Report'!$DAG$27,0)) -> 0 | BG31: =(IF('Section Load'!AN34>0,'Section Load'!AN34,0)) -> 1106 | BH31: =(IF('Section Load'!AO34>0,'Section Load'!AO34,0)) -> 331 | BI31: =(IF('Section Load'!AP34>0,'Section Load'!AP34,0)) -> 0 | BJ31: =(IF('Section Load'!AQ34>0,'Section Load'!AQ34,0)) -> 113 | BK31: =(IF('Section Load'!AR34>0,'Section Load'!AR34,0)) -> 52 | BL31: =(IF('Section Load'!AS34>0,'Section Load'!AS34,0)) -> 0.4 | BM31: =(IF('Section Load'!AT34>0,'Section Load'!AT34,0)) -> 609.6
A32: Mumbai | B32: =B31+1 -> 31 | C32: 4 | D32: 2022 | E32: =(IF('Section Load'!F35>0,'Section Load'!F35,0)) -> 0 | F32: =(IF('Section Load'!G35>0,'Section Load'!G35,0)) -> 0 | G32: =(IF('Section Load'!H35>0,'Section Load'!H35,0)) -> 0 | H32: =(IF('Section Load'!I35>0,'Section Load'!I35,0)) -> 0 | I32: =(IF('Section Load'!J35>0,'Section Load'!J35,0)) -> 0 | J32: =(IF('Section Load'!K35>0,'Section Load'!K35,0)) -> 0 | K32: =(IF('Section Load'!L35>0,'Section Load'!L35,0)) -> 0 | L32: =(IF('Section Load'!M35>0,'Section Load'!M35,0)) -> 0 | ... AL32: =(IF('Section Load'!AM35>0,'Section Load'!AM35,0)) -> 0 | AM32: =(IF('Water Report'!$AH$7>0,'Water Report'!$AH$7,0)) -> 0 | AN32: =(IF('Water Report'!$AH$8>0,'Water Report'!$AH$8,0)) -> 0 | AO32: =(IF('Water Report'!$AH$9>0,'Water Report'!$AH$9,0)) -> 0 | AP32: =(IF('Water Report'!$AH$10>0,'Water Report'!$DAH$10,0)) -> 0 | AQ32: =(IF('Water Report'!$AH$11>0,'Water Report'!$DAH$11,0)) -> 0 | AR32: =(IF('Water Report'!$AH$13>0,'Water Report'!$DAH$13,0)) -> 0 | AS32: =(IF('Water Report'!$AH$14>0,'Water Report'!$DAH$14,0)) -> 0 | AT32: =(IF('Water Report'!$AH$15>0,'Water Report'!$DAH$15,0)) -> 0 | AU32: =(IF('Water Report'!$AH$17>0,'Water Report'!$DAH$17,0)) -> 0 | AV32: =(IF('Water Report'!$AH$18>0,'Water Report'!$DAH$18,0)) -> 0 | AW32: =(IF('Water Report'!$AH$19>0,'Water Report'!$DAH$19,0)) -> 0 | AX32: =(IF('Water Report'!$AH$21>0,'Water Report'!$DAH$21,0)) -> 0 | AY32: =(IF('Water Report'!$AH$22>0,'Water Report'!$DAH$22,0)) -> 0 | AZ32: =(IF('Water Report'!$AH$23>0,'Water Report'!$DAH$23,0)) -> 0 | BA32: =(IF('Water Report'!$AH$14>0,'Water Report'!$DAH$14,0)) -> 0 | BB32: =(IF('Water Report'!$AH$15>0,'Water Report'!$DAH$15,0)) -> 0 | BC32: =(IF('Water Report'!$AH$13>0,'Water Report'!$DAH$13,0)) -> 0 | BD32: =(IF('Water Report'!$AH$24>0,'Water Report'!$DAH$24,0)) -> 0 | BE32: =(IF('Water Report'!$AH$25>0,'Water Report'!$DAH$25,0)) -> 0 | BF32: =(IF('Water Report'!$AH$27>0,'Water Report'!$DAH$27,0)) -> 0 | BG32: =(IF('Section Load'!AN35>0,'Section Load'!AN35,0)) -> 0 | BH32: =(IF('Section Load'!AO35>0,'Section Load'!AO35,0)) -> 0 | BI32: =(IF('Section Load'!AP35>0,'Section Load'!AP35,0)) -> 0 | BJ32: =(IF('Section Load'!AQ35>0,'Section Load'!AQ35,0)) -> 0 | BK32: =(IF('Section Load'!AR35>0,'Section Load'!AR35,0)) -> 0 | BL32: =(IF('Section Load'!AS35>0,'Section Load'!AS35,0)) -> 0 | BM32: =(IF('Section Load'!AT35>0,'Section Load'!AT35,0)) -> 0

Sheet Daily HLP
A2: Date | B2: Date | C2: Min.Tem (Degee) | D2: Avg.Temp (Degree) | E2: Hum % | F2: Occu. | H2: Electricity | L2: Gas | O2: Water | R2: Water per occiped room | S2: Diesel | V2: Water Consumption Zone | Z2: Chiller Running Hrs | AE2: Chiller Total | AF2: Chiller Avg. Laod | AG2: Boiler Running Hrs | AJ2: Total boiler | AK2: Hot Water Generator | AN2: Total HWG RH | AO2: HWG Gas consumption | AP2: Transformer -1 | AZ2: Transformer -2 | BN2: Total HLP Cost | BP2: Chiller lock at 70%
F3: % | G3: KwH | H3: Units (Kvah) | I3: Rate | J3: Total Cost(Rs) | K3: Per room | L3: Total Units(CuM) | M3: Rate | N3: Total Cost(Rs) | O3: Units(KL) | P3: Rate | Q3: Total Cost(Rs) | S3: Ltrs | T3: Rate | U3: Total Cost(Rs) | V3: Zone-1 | W3: Zone-2 | X3: Zone-3 | Z3: CH1 | AA3: CH2 | AB3: CH3 | AC3: CH4 | AD3: Total chiller | AG3: Boiler1 | AH3: Boiler2 | AI3: Boiler3 | AK3: HWG1 | AL3: HWG2 | AP3: HVAC-1 | AQ3: FPP-1 | AR3: MPP | AS3: Lighting-1 | AT3: Cap bank 1100KVAR-1 | AU3: CH-1 | AV3: CH-2 | AW3: Chilled water Pump | AX3: Co Generator | AY3: Ball Room-2 | AZ3: HVAC-2 | BA3: FPP-2 | BB3: MPP | BC3: Lighting-2 | BD3: Cap bank 1200KVAR-2 | BE3: CH-3 | BF3: CH-4 | BG3: Chilled water Pump | BH3: Ball Room-1 | BJ3: Cooling Tower consumption | BK3: HVAC% | BL3: Lighting% | BM3: Power% | BO3: Chiller Plant IKW
A4: 1 | B4: 1 | D4: ='1'!D3 -> 26 | E4: ='1'!D4 -> 0.78 | F4: ='1'!D2 -> 0.92 | G4: ='1'!G7 -> 27033 | H4: ='1'!G8 -> 27412.78 | I4: 9 | J4: =H4*I4 -> 246715.02 | K4: =H4/202 -> 135.70683 | L4: ='1'!G15 -> 1086 | M4: 56.2 | N4: =L4*M4 -> 61033.2 | O4: ='1'!G20 -> 331 | P4: 108 | Q4: =O4*P4 -> 35748 | R4: =O4/(F4*202/100) -> 178.1102 | S4: ='1'!G24 -> 0 | T4: 69 | U4: =S4*T4 -> 0 | V4: ='1'!G65 -> 137 | W4: ='1'!G66 -> 18 | X4: ='1'!G67 -> 79 | Y4: =V4+W4+X4 -> 234 | Z4: ='1'!G84 -> 0.4 | AA4: ='1'!G85 -> 11.5 | AB4: ='1'!G86 -> 23.6 | AC4: ='1'!G87 -> 0 | AD4: =Z4+AA4+AB4+AC4 -> 35.5 | AE4: =AU4+AV4+BE4+BF4 -> 5997.77 | AF4: =AE4/AD4 -> 168.95127 | AG4: ='1'!G88 -> 0 | AH4: ='1'!G89 -> 9.69 | AI4: ='1'!G90 -> 9.89 | AJ4: =AG4+AH4+AI4 -> 19.58 | AK4: ='1'!G91 -> 0 | AL4: ='1'!G92 -> 10.7 | AN4: =AK4+AL4 -> 10.7 | AO4: ='1'!G74 -> 301.49 | AP4: ='1'!G35 -> 2204.79 | AQ4: ='1'!G37 -> 1644.98 | AR4: ='1'!G38 -> 2659.63 | AS4: ='1'!G39 -> 3316.57 | AT4: ='1'!G40 -> 611.14 | AU4: ='1'!G41 -> -0.27 | AV4: ='1'!G42 -> 2443.75 | AW4: ='1'!G43 -> 3093.53 | AX4: ='1'!G44 -> 0 | AY4: ='1'!G36 -> 1190.34 | AZ4: ='1'!G49 -> 1716.8 | BA4: ='1'!G51 -> 0 | BB4: ='1'!G52 -> -0.24 | BC4: ='1'!G53 -> 0 | BD4: ='1'!G54 -> 525.94 | BE4: ='1'!G55 -> 3553.97 | BF4: ='1'!G56 -> 0.32 | BG4: ='1'!G57 -> 0 | BH4: ='1'!G50 -> 1450.86 | BI4: =SUM(AU4,AV4,BE4,BF4) -> 5997.77 | BJ4: ='1'!G133 -> 756.01 | BK4: =SUM(AP4,AU4,AV4,AW4,AZ4,BE4,BF4,BG4)/H4% -> 47.470158 | BL4: =SUM(AS4,BC4)/H4% -> 12.098627 | BM4: =(AR4+BB4)/H4 -> 0.09701278 | BN4: =J4+N4+Q4+U4 -> 343496.22 | BO4: =SUM(AU4,AV4,AW4,BE4,BF4,BG4,BJ4) -> 9847.31 | BP4: =BO4/(AD4*280) -> 0.99067505 | BQ4: =SUM(AU4,AV4,BE4,BF4)/(AD4*400) -> 0.42237817
A5: 2 | B5: 2 | D5: ='2'!D3 -> 28 | E5: ='2'!D4 -> 0.79 | F5: ='2'!D2 -> 0.86 | G5: ='2'!G7 -> 26948 | H5: ='2'!G8 -> 27332 | I5: 9 | J5: =H5*I5 -> 245988 | K5: =H5/202 -> 135.30693 | L5: ='2'!G15 -> 1084 | M5: 56.2 | N5: =L5*M5 -> 60920.8 | O5: ='2'!G20 -> 285 | P5: 108 | Q5: =O5*P5 -> 30780 | R5: =O5/(F5*202/100) -> 164.0571 | S5: ='2'!G24 -> 0 | T5: 69 | U5: =S5*T5 -> 0 | V5: ='2'!F65 -> 441366 | W5: ='2'!G66 -> 16 | X5: ='2'!G67 -> 84 | Y5: =V5+W5+X5 -> 441466 | Z5: ='2'!G84 -> -0.4 | AA5: ='2'!G85 -> 24 | AB5: ='2'!G86 -> 12 | AC5: ='2'!G87 -> -0.35 | AD5: =Z5+AA5+AB5+AC5 -> 35.25 | AE5: =AU5+AV5+BE5+BF5 -> 7149 | AF5: =AE5/AD5 -> 202.80851 | AG5: ='2'!G88 -> -0.4 | AH5: ='2'!G89 -> 9.98 | AI5: ='2'!G90 -> 8 | AJ5: =AG5+AH5+AI5 -> 17.58 | AK5: ='2'!G91 -> 0.25 | AL5: ='2'!G92 -> 10 | AN5: =AK5+AL5 -> 10.25 | AO5: ='2'!G74 -> 298 | AP5: ='2'!G35 -> 2080 | AQ5: ='2'!G37 -> 1598 | AR5: ='2'!G38 -> 2699 | AS5: ='2'!G39 -> 3422 | AT5: ='2'!G40 -> 612 | AU5: ='2'!G41 -> 0 | AV5: ='2'!G42 -> 5519 | AW5: ='2'!G43 -> 3118 | AX5: ='2'!G44 -> 0 | AY5: ='2'!G36 -> 814 | AZ5: ='2'!G49 -> 1677 | BA5: ='2'!G51 -> 0 | BB5: ='2'!G52 -> 0 | BC5: ='2'!G53 -> 0 | BD5: ='2'!G54 -> 529 | BE5: ='2'!G55 -> 1630 | BF5: ='2'!G56 -> 0 | BG5: ='2'!G57 -> 0 | BH5: ='2'!G50 -> 1512 | BI5: =SUM(AU5,AV5,BE5,BF5) -> 7149 | BJ5: ='2'!G133 -> 776 | BK5: =SUM(AP5,AU5,AV5,AW5,AZ5,BE5,BF5,BG5)/H5% -> 51.30982 | BL5: =SUM(AS5,BC5)/H5% -> 12.520123 | BM5: =(AR5+BB5)/H5 -> 0.098748719 | BN5: =J5+N5+Q5+U5 -> 337688.8 | BO5: =SUM(AU5,AV5,AW5,BE5,BF5,BG5,BJ5) -> 11043 | BP5: =BO5/(AD5*280) -> 1.118845
A6: 3 | B6: 3 | D6: ='3'!D3 -> `1 | E6: ='3'!D4 -> 0.9 | F6: ='3'!D2 -> 0.8 | G6: ='3'!G7 -> 26602 | H6: ='3'!G8 -> 26968 | I6: 9 | J6: =H6*I6 -> 242712 | K6: =H6/202 -> 133.50495 | L6: ='3'!G15 -> 1110 | M6: 56.2 | N6: =L6*M6 -> 62382 | O6: ='3'!G20 -> 329 | P6: 108 | Q6: =O6*P6 -> 35532 | R6: =O6/(F6*202/100) -> 203.58911 | S6: ='3'!G24 -> 0 | T6: 69 | U6: =S6*T6 -> 0 | V6: ='3'!G65 -> 114 | W6: ='3'!G66 -> 14 | X6: ='3'!G67 -> 74 | Y6: =V6+W6+X6 -> 202 | Z6: ='3'!G84 -> 0 | AA6: ='3'!G85 -> 24 | AB6: ='3'!G86 -> 12 | AC6: ='3'!G87 -> 0 | AD6: =Z6+AA6+AB6+AC6 -> 36 | AE6: =AU6+AV6+BE6+BF6 -> 7071 | AF6: =AE6/AD6 -> 196.41667 | AG6: ='3'!G88 -> 0 | AH6: ='3'!G89 -> 11.54 | AI6: ='3'!G90 -> 9 | AJ6: =AG6+AH6+AI6 -> 20.54 | AK6: ='3'!G91 -> 0 | AL6: ='3'!G92 -> 12 | AN6: =AK6+AL6 -> 12 | AO6: ='3'!G74 -> 335 | AP6: ='3'!G35 -> 2036 | AQ6: ='3'!G37 -> 1561 | AR6: ='3'!G38 -> 2595 | AS6: ='3'!G39 -> 3290 | AT6: ='3'!G40 -> 619 | AU6: ='3'!G41 -> 0 | AV6: ='3'!G42 -> 5410 | AW6: ='3'!G43 -> 3044 | AX6: ='3'!G44 -> 0 | AY6: ='3'!G36 -> 842 | AZ6: ='3'!G49 -> 1771 | BA6: ='3'!G51 -> 0 | BB6: ='3'!G52 -> -0.01 | BC6: ='3'!G53 -> 0 | BD6: ='3'!G54 -> 531 | BE6: ='3'!G55 -> 1661 | BF6: ='3'!G56 -> 0 | BG6: ='3'!G57 -> 0 | BH6: ='3'!G50 -> 1680 | BI6: =SUM(AU6,AV6,BE6,BF6) -> 7071 | BJ6: ='3'!G133 -> 858 | BK6: =SUM(AP6,AU6,AV6,AW6,AZ6,BE6,BF6,BG6)/H6% -> 51.624147 | BL6: =SUM(AS6,BC6)/H6% -> 12.199644 | BM6: =(AR6+BB6)/H6 -> 0.096224785 | BN6: =J6+N6+Q6+U6 -> 340626 | BO6: =SUM(AU6,AV6,AW6,BE6,BF6,BG6,BJ6) -> 10973 | BP6: =BO6/(AD6*280) -> 1.0885913
A7: 4 | B7: 4 | D7: ='4'!D3 -> 29 | E7: ='4'!D4 -> 0.9 | F7: ='4'!D2 -> 1 | G7: ='4'!G7 -> 26553 | H7: ='4'!G8 -> 26930 | I7: 9 | J7: =H7*I7 -> 242370 | K7: =H7/202 -> 133.31683 | L7: ='4'!G15 -> 1059 | M7: 56.2 | N7: =L7*M7 -> 59515.8 | O7: ='4'!G20 -> 326 | P7: 108 | Q7: =O7*P7 -> 35208 | R7: =O7/(F7*202/100) -> 161.38614 | S7: ='4'!G24 -> 0 | T7: 69 | U7: =S7*T7 -> 0 | V7: ='4'!G65 -> 101 | W7: ='4'!G66 -> 14 | X7: ='4'!G67 -> 68 | Y7: =V7+W7+X7 -> 183 | Z7: ='4'!G84 -> 0.26 | AA7: ='4'!G85 -> 23 | AB7: ='4'!G86 -> 0 | AC7: ='4'!G87 -> 14 | AD7: =Z7+AA7+AB7+AC7 -> 37.26 | AE7: =AU7+AV7+BE7+BF7 -> 7153 | AF7: =AE7/AD7 -> 191.97531 | AG7: ='4'!G88 -> 0 | AH7: ='4'!G89 -> 10 | AI7: ='4'!G90 -> 8 | AJ7: =AG7+AH7+AI7 -> 18 | AK7: ='4'!G91 -> 0 | AL7: ='4'!G92 -> 11 | AN7: =AK7+AL7 -> 11 | AO7: ='4'!G74 -> 318 | AP7: ='4'!G35 -> 2039 | AQ7: ='4'!G37 -> 1597 | AR7: ='4'!G38 -> 2489 | AS7: ='4'!G39 -> 3251 | AT7: ='4'!G40 -> 622 | AU7: ='4'!G41 -> 0 | AV7: ='4'!G42 -> 5345 | AW7: ='4'!G43 -> 2917 | AX7: ='4'!G44 -> 0 | AY7: ='4'!G36 -> 730 | AZ7: ='4'!G49 -> 1671 | BA7: ='4'!G51 -> 0 | BB7: ='4'!G52 -> 0 | BC7: ='4'!G53 -> 0 | BD7: ='4'!G54 -> 531 | BE7: ='4'!G55 -> 0 | BF7: ='4'!G56 -> 1808 | BG7: ='4'!G57 -> 0 | BH7: ='4'!G50 -> 1671 | BI7: =SUM(AU7,AV7,BE7,BF7) -> 7153 | BJ7: ='3'!G133 -> 858 | BK7: =SUM(AP7,AU7,AV7,AW7,AZ7,BE7,BF7,BG7)/H7% -> 51.169699 | BL7: =SUM(AS7,BC7)/H7% -> 12.072039 | BM7: =(AR7+BB7)/H7 -> 0.092424805 | BN7: =J7+N7+Q7+U7 -> 337093.8 | BO7: =SUM(AU7,AV7,AW7,BE7,BF7,BG7,BJ7) -> 10928 | BP7: =BO7/(AD7*280) -> 1.0474657
A8: 5 | B8: 5 | D8: ='5'!D3 -> 29 | E8: ='5'!D4 -> 0.7 | F8: ='5'!D2 -> 0.67 | G8: ='5'!G7 -> 26902.71 | H8: ='5'!G8 -> 27471.01 | I8: 9 | J8: =H8*I8 -> 247239.09 | K8: =H8/202 -> 135.9951 | L8: ='5'!G15 -> 1117.89 | M8: 56.2 | N8: =L8*M8 -> 62825.418 | O8: ='5'!G20 -> 286 | P8: 108 | Q8: =O8*P8 -> 30888 | R8: =O8/(F8*202/100) -> 211.31964 | S8: ='5'!G24 -> 0 | T8: 69 | U8: =S8*T8 -> 0 | V8: ='5'!G65 -> 109 | W8: ='5'!G66 -> 18 | X8: ='5'!G67 -> 71 | Y8: =V8+W8+X8 -> 198 | Z8: ='5'!G84 -> 0 | AA8: ='5'!G85 -> 14.52 | AB8: ='5'!G86 -> 0 | AC8: ='5'!G87 -> 24.19 | AD8: =Z8+AA8+AB8+AC8 -> 38.71 | AE8: =AU8+AV8+BE8+BF8 -> 6722.8 | AF8: =AE8/AD8 -> 173.67089 | AG8: ='5'!G88 -> 2.89 | AH8: ='5'!G89 -> 10.32 | AI8: ='5'!G90 -> 6.89 | AJ8: =AG8+AH8+AI8 -> 20.1 | AK8: ='5'!G91 -> 0 | AL8: ='5'!G92 -> 10.89 | AN8: =AK8+AL8 -> 10.89 | AO8: ='5'!G74 -> 316.86 | AP8: ='5'!G35 -> 2156.15 | AQ8: ='5'!G37 -> 1642.89 | AR8: ='5'!G38 -> 2495.93 | AS8: ='5'!G39 -> 3265.27 | AT8: ='5'!G40 -> 420.18 | AU8: ='5'!G41 -> 0 | AV8: ='5'!G42 -> 3182.69 | AW8: ='5'!G43 -> 2879.49 | AX8: ='5'!G44 -> 0 | AY8: ='5'!G36 -> 777.13 | AZ8: ='5'!G49 -> 1874.99 | BA8: ='5'!G51 -> 0 | BB8: ='5'!G52 -> 0.01 | BC8: ='5'!G53 -> 0 | BD8: ='5'!G54 -> 527.63 | BE8: ='5'!G55 -> 0.45 | BF8: ='5'!G56 -> 3539.66 | BG8: ='5'!G57 -> 0 | BH8: ='5'!G50 -> 1112.56 | BI8: =SUM(AU8,AV8,BE8,BF8) -> 6722.8 | BJ8: ='5'!G133 -> 944.84 | BK8: =SUM(AP8,AU8,AV8,AW8,AZ8,BE8,BF8,BG8)/H8% -> 49.628426 | BL8: =SUM(AS8,BC8)/H8% -> 11.886239 | BM8: =(AR8+BB8)/H8 -> 0.090857235 | BN8: =J8+N8+Q8+U8 -> 340952.51 | BO8: =SUM(AU8,AV8,AW8,BE8,BF8,BG8,BJ8) -> 10547.13 | BP8: =BO8/(AD8*280) -> 0.97309019
A9: 6 | B9: 6 | D9: ='6'!D3 -> 25 | E9: ='6'!D4 -> 0.78 | F9: ='6'!D2 -> 0.58 | G9: ='6'!G7 -> 27592.03 | H9: ='6'!G8 -> 28151.06 | I9: 9 | J9: =H9*I9 -> 253359.54 | K9: =H9/202 -> 139.36168 | L9: ='6'!G15 -> 1125.83 | M9: 56.2 | N9: =L9*M9 -> 63271.646 | O9: ='6'!G20 -> 310 | P9: 108 | Q9: =O9*P9 -> 33480 | R9: =O9/(F9*202/100) -> 264.59543 | S9: ='6'!G24 -> 0 | T9: 69 | U9: =S9*T9 -> 0 | V9: ='6'!G65 -> 115 | W9: ='6'!G66 -> 16 | X9: ='6'!G67 -> 72 | Y9: =V9+W9+X9 -> 203 | Z9: ='6'!G84 -> -0.26 | AA9: ='6'!G85 -> 22.86 | AB9: ='6'!G86 -> 0 | AC9: ='6'!G87 -> 17.02 | AD9: =Z9+AA9+AB9+AC9 -> 39.62 | AE9: =AU9+AV9+BE9+BF9 -> 7849.89 | AF9: =AE9/AD9 -> 198.12948 | AG9: ='6'!G88 -> 3.01 | AH9: ='6'!G89 -> 10.33 | AI9: ='6'!G90 -> 7.01 | AJ9: =AG9+AH9+AI9 -> 20.35 | AK9: ='6'!G91 -> 0 | AL9: ='6'!G92 -> 10.77 | AN9: =AK9+AL9 -> 10.77 | AO9: ='6'!G74 -> 310.47 | AP9: ='6'!G35 -> 2151.01 | AQ9: ='6'!G37 -> 1635.72 | AR9: ='6'!G38 -> 2460.18 | AS9: ='6'!G39 -> 3292.34 | AT9: ='6'!G40 -> 468.84 | AU9: ='6'!G41 -> 0 | AV9: ='6'!G42 -> 5497.34 | AW9: ='6'!G43 -> 2996.78 | AX9: ='6'!G44 -> 0 | AY9: ='6'!G36 -> 947.53 | AZ9: ='6'!G49 -> 1763.34 | BA9: ='6'!G51 -> 0 | BB9: ='6'!G52 -> 0 | BC9: ='6'!G53 -> 0 | BD9: ='6'!G54 -> 476.91 | BE9: ='6'!G55 -> -0.02 | BF9: ='6'!G56 -> 2352.57 | BG9: ='6'!G57 -> 0 | BH9: ='6'!G50 -> 1119.04 | BI9: =SUM(AU9,AV9,BE9,BF9) -> 7849.89 | BJ9: ='6'!G133 -> 933.24 | BK9: =SUM(AP9,AU9,AV9,AW9,AZ9,BE9,BF9,BG9)/H9% -> 52.435042 | BL9: =SUM(AS9,BC9)/H9% -> 11.695261 | BM9: =(AR9+BB9)/H9 -> 0.087392091 | BN9: =J9+N9+Q9+U9 -> 350111.19 | BO9: =SUM(AU9,AV9,AW9,BE9,BF9,BG9,BJ9) -> 11779.91 | BP9: =BO9/(AD9*280) -> 1.0618654
A10: 7 | B10: 7 | D10: ='7'!D3 -> 25 | E10: ='7'!D4 -> 0.78 | F10: ='7'!D2 -> 0.75 | G10: ='7'!G7 -> 27926.29 | H10: ='7'!G8 -> 28469.68 | I10: 9 | J10: =H10*I10 -> 256227.12 | K10: =H10/202 -> 140.93901 | L10: ='7'!G15 -> 1059.57 | M10: 56.2 | N10: =L10*M10 -> 59547.834 | O10: ='7'!G20 -> 206 | P10: 108 | Q10: =O10*P10 -> 22248 | R10: =O10/(F10*202/100) -> 135.9736 | S10: ='7'!G24 -> 0 | T10: 69 | U10: =S10*T10 -> 0 | V10: ='7'!G65 -> 101 | W10: ='7'!G66 -> 13 | X10: ='7'!G67 -> 71 | Y10: =V10+W10+X10 -> 185 | Z10: ='7'!G84 -> 0 | AA10: ='7'!G85 -> 24.04 | AB10: ='7'!G86 -> 0 | AC10: ='7'!G87 -> 16.13 | AD10: =Z10+AA10+AB10+AC10 -> 40.17 | AE10: =AU10+AV10+BE10+BF10 -> 8007.32 | AF10: =AE10/AD10 -> 199.33582 | AG10: ='7'!G88 -> 0 | AH10: ='7'!G89 -> 9.44 | AI10: ='7'!G90 -> 10.79 | AJ10: =AG10+AH10+AI10 -> 20.23 | AK10: ='7'!G91 -> 0 | AL10: ='7'!G92 -> 10.25 | AN10: =AK10+AL10 -> 10.25 | AO10: ='7'!G74 -> 292.95 | AP10: ='7'!G35 -> 2173.16 | AQ10: ='7'!G37 -> 1636.9 | AR10: ='7'!G38 -> 2435.98 | AS10: ='7'!G39 -> 3334.66 | AT10: ='7'!G40 -> 492 | AU10: ='7'!G41 -> 0 | AV10: ='7'!G42 -> 5626.36 | AW10: ='7'!G43 -> 3021.2 | AX10: ='7'!G44 -> 0 | AY10: ='7'!G36 -> 1059.39 | AZ10: ='7'!G49 -> 1811.71 | BA10: ='7'!G51 -> 0 | BB10: ='7'!G52 -> 0 | BC10: ='7'!G53 -> 0 | BD10: ='7'!G54 -> 469.96 | BE10: ='7'!G55 -> 0 | BF10: ='7'!G56 -> 2380.96 | BG10: ='7'!G57 -> 0 | BH10: ='7'!G50 -> 1144.38 | BI10: =SUM(AU10,AV10,BE10,BF10) -> 8007.32 | BJ10: ='7'!G133 -> 920.87 | BK10: =SUM(AP10,AU10,AV10,AW10,AZ10,BE10,BF10,BG10)/H10% -> 52.734664 | BL10: =SUM(AS10,BC10)/H10% -> 11.713022 | BM10: =(AR10+BB10)/H10 -> 0.085564011 | BN10: =J10+N10+Q10+U10 -> 338022.95 | BO10: =SUM(AU10,AV10,AW10,BE10,BF10,BG10,BJ10) -> 11949.39 | BP10: =BO10/(AD10*280) -> 1.0623946
A11: 8 | B11: 8 | D11: ='8'!D3 -> 25 | E11: ='8'!D4 -> 0.8 | F11: ='8'!D2 -> 0.98 | G11: ='8'!G7 -> 28543.14 | H11: ='8'!G8 -> 29142.9 | I11: 9 | J11: =H11*I11 -> 262286.1 | K11: =H11/202 -> 144.27178 | L11: ='8'!G15 -> 1091.94 | M11: 56.2 | N11: =L11*M11 -> 61367.028 | O11: ='8'!G20 -> 278 | P11: 108 | Q11: =O11*P11 -> 30024 | R11: =O11/(F11*202/100) -> 140.43241 | S11: ='8'!G24 -> 0 | T11: 69 | U11: =S11*T11 -> 0 | V11: ='8'!G65 -> 116 | W11: ='8'!G66 -> 20 | X11: ='8'!G67 -> 76 | Y11: =V11+W11+X11 -> 212 | Z11: ='8'!G84 -> 0 | AA11: ='8'!G85 -> 24.05 | AB11: ='8'!G86 -> 0 | AC11: ='8'!G87 -> 16.19 | AD11: =Z11+AA11+AB11+AC11 -> 40.24 | AE11: =AU11+AV11+BE11+BF11 -> 7852.1 | AF11: =AE11/AD11 -> 195.13171 | AG11: ='8'!G88 -> 0 | AH11: ='8'!G89 -> 9.25 | AI11: ='8'!G90 -> 10.58 | AJ11: =AG11+AH11+AI11 -> 19.83 | AK11: ='8'!G91 -> 0 | AL11: ='8'!G92 -> 10.48 | AN11: =AK11+AL11 -> 10.48 | AO11: ='8'!G74 -> 302.08 | AP11: ='8'!G35 -> 2213.41 | AQ11: ='8'!G37 -> 1608.76 | AR11: ='8'!G38 -> 2563.24 | AS11: ='8'!G39 -> 3259.44 | AT11: ='8'!G40 -> 502.7 | AU11: ='8'!G41 -> 0 | AV11: ='8'!G42 -> 5461.58 | AW11: ='8'!G43 -> 3290.88 | AX11: ='8'!G44 -> 0 | AY11: ='8'!G36 -> 1131.24 | AZ11: ='8'!G49 -> 1950.89 | BA11: ='8'!G51 -> 0 | BB11: ='8'!G52 -> 0 | BC11: ='8'!G53 -> 0 | BD11: ='8'!G54 -> 472.85 | BE11: ='8'!G55 -> 0 | BF11: ='8'!G56 -> 2390.52 | BG11: ='8'!G57 -> 0 | BH11: ='8'!G50 -> 1416.81 | BI11: =SUM(AU11,AV11,BE11,BF11) -> 7852.1 | BJ11: ='8'!G133 -> 997.87 | BK11: =SUM(AP11,AU11,AV11,AW11,AZ11,BE11,BF11,BG11)/H11% -> 52.524903 | BL11: =SUM(AS11,BC11)/H11% -> 11.184336 | BM11: =(AR11+BB11)/H11 -> 0.087954184 | BN11: =J11+N11+Q11+U11 -> 353677.13 | BO11: =SUM(AU11,AV11,AW11,BE11,BF11,BG11,BJ11) -> 12140.85 | BP11: =BO11/(AD11*280) -> 1.0775392
A12: 9 | B12: 9 | D12: ='9'!D3 -> 27 | E12: ='9'!D4 -> 0.8 | F12: ='9'!D2 -> 0.92 | G12: ='9'!G7 -> 29399.83 | H12: ='9'!G8 -> 30000 | I12: 9 | J12: =H12*I12 -> 270000 | K12: =H12/202 -> 148.51485 | L12: ='9'!G15 -> 1090.383 | M12: 56.2 | N12: =L12*M12 -> 61279.525 | O12: ='9'!G20 -> 327 | P12: 108 | Q12: =O12*P12 -> 35316 | R12: =O12/(F12*202/100) -> 175.95781 | S12: ='9'!G24 -> 0 | T12: 69 | U12: =S12*T12 -> 0 | V12: ='9'!G65 -> 102 | W12: ='9'!G66 -> 17 | X12: ='9'!G67 -> 72 | Y12: =V12+W12+X12 -> 191 | Z12: ='9'!G84 -> 0 | AA12: ='9'!G85 -> 23.61 | AB12: ='9'!G86 -> 0 | AC12: ='9'!G87 -> 17.47 | AD12: =Z12+AA12+AB12+AC12 -> 41.08 | AE12: =AU12+AV12+BE12+BF12 -> 8851.96 | AF12: =AE12/AD12 -> 215.48101 | AG12: ='9'!G88 -> 0 | AH12: ='9'!G89 -> 10.14 | AI12: ='9'!G90 -> 11.13 | AJ12: =AG12+AH12+AI12 -> 21.27 | AK12: ='9'!G91 -> 0 | AL12: ='9'!G92 -> 10.01 | AN12: =AK12+AL12 -> 10.01 | AO12: ='9'!G74 -> 288.2 | AP12: ='9'!G35 -> 2178.1 | AQ12: ='9'!G37 -> 1595.51 | AR12: ='9'!G38 -> 2514.16 | AS12: ='9'!G39 -> 3193.77 | AT12: ='9'!G40 -> 505.36 | AU12: ='9'!G41 -> 0 | AV12: ='9'!G42 -> 6118.8 | AW12: ='9'!G43 -> 3267.74 | AX12: ='9'!G44 -> 0 | AY12: ='9'!G36 -> 918.91 | AZ12: ='9'!G49 -> 1934.01 | BA12: ='9'!G51 -> 0.32 | BB12: ='9'!G52 -> 0.24 | BC12: ='9'!G53 -> 0 | BD12: ='9'!G54 -> 465.15 | BE12: ='9'!G55 -> 0 | BF12: ='9'!G56 -> 2733.16 | BG12: ='9'!G57 -> 0 | BH12: ='9'!G50 -> 1498.61 | BI12: =SUM(AU12,AV12,BE12,BF12) -> 8851.96 | BJ12: ='8'!G133 -> 997.87 | BK12: =SUM(AP12,AU12,AV12,AW12,AZ12,BE12,BF12,BG12)/H12% -> 54.106033 | BL12: =SUM(AS12,BC12)/H12% -> 10.6459 | BM12: =(AR12+BB12)/H12 -> 0.083813333 | BN12: =J12+N12+Q12+U12 -> 366595.52 | BO12: =SUM(AU12,AV12,AW12,BE12,BF12,BG12,BJ12) -> 13117.57 | BP12: =BO12/(AD12*280) -> 1.1404203
A13: 10 | B13: 10 | D13: ='10'!D3 -> 25 | E13: ='10'!D4 -> 0.78 | F13: ='10'!D2 -> 0.91 | G13: ='10'!G7 -> 30381 | H13: ='10'!G8 -> 31171.85 | I13: 9 | J13: =H13*I13 -> 280546.65 | K13: =H13/202 -> 154.31609 | L13: ='10'!G15 -> 1087.387 | M13: 56.2 | N13: =L13*M13 -> 61111.149 | O13: ='10'!G20 -> 356 | P13: 108 | Q13: =O13*P13 -> 38448 | R13: =O13/(F13*202/100) -> 193.66772 | S13: ='10'!G24 -> 0 | T13: 69 | U13: =S13*T13 -> 0 | V13: ='10'!G65 -> 123 | W13: ='10'!G66 -> 22 | X13: ='10'!G67 -> 87 | Y13: =V13+W13+X13 -> 232 | Z13: ='10'!G84 -> 0 | AA13: ='10'!G85 -> 18.92 | AB13: ='10'!G86 -> 0 | AC13: ='10'!G87 -> 24 | AD13: =Z13+AA13+AB13+AC13 -> 42.92 | AE13: =AU13+AV13+BE13+BF13 -> 8212.49 | AF13: =AE13/AD13 -> 191.34413 | AG13: ='10'!G88 -> 0 | AH13: ='10'!G89 -> 9.94 | AI13: ='10'!G90 -> 9.73 | AJ13: =AG13+AH13+AI13 -> 19.67 | AK13: ='10'!G91 -> 0 | AL13: ='10'!G92 -> 10.66 | AN13: =AK13+AL13 -> 10.66 | AO13: ='10'!G74 -> 307.48 | AP13: ='10'!G35 -> 2321.51 | AQ13: ='10'!G37 -> 1639.67 | AR13: ='10'!G38 -> 2598.82 | AS13: ='10'!G39 -> 3362.42 | AT13: ='10'!G40 -> 75.34 | AU13: ='10'!G41 -> 0.27 | AV13: ='10'!G42 -> 4561.08 | AW13: ='10'!G43 -> 3612.24 | AX13: ='10'!G44 -> 0 | AY13: ='10'!G36 -> 1141.75 | AZ13: ='10'!G49 -> 1847.97 | BA13: ='10'!G51 -> 0 | BB13: ='10'!G52 -> 0 | BC13: ='10'!G53 -> 0 | BD13: ='10'!G54 -> 477.76 | BE13: ='10'!G55 -> 0 | BF13: ='10'!G56 -> 3651.14 | BG13: ='10'!G57 -> 0 | BH13: ='10'!G50 -> 1495.45 | BI13: =SUM(AU13,AV13,BE13,BF13) -> 8212.49 | BJ13: ='8'!G133 -> 997.87 | BK13: =SUM(AP13,AU13,AV13,AW13,AZ13,BE13,BF13,BG13)/H13% -> 51.309788 | BL13: =SUM(AS13,BC13)/H13% -> 10.786719 | BM13: =(AR13+BB13)/H13 -> 0.083370734 | BN13: =J13+N13+Q13+U13 -> 380105.8 | BO13: =SUM(AU13,AV13,AW13,BE13,BF13,BG13,BJ13) -> 12822.6 | BP13: =BO13/(AD13*280) -> 1.0669851
A14: 11 | B14: 11 | D14: ='11'!D3 -> 31 | E14: ='11'!D4 -> 0.78 | F14: ='11'!D2 -> 0.72 | G14: ='11'!G7 -> 26422.25 | H14: ='11'!G8 -> 26950.5 | I14: 9 | J14: =H14*I14 -> 242554.5 | K14: =H14/202 -> 133.41832 | L14: ='11'!G15 -> 1115.26 | M14: 56.2 | N14: =L14*M14 -> 62677.612 | O14: ='11'!G20 -> 261 | P14: 108 | Q14: =O14*P14 -> 28188 | R14: =O14/(F14*202/100) -> 179.45545 | S14: ='11'!G24 -> 0 | T14: 69 | U14: =S14*T14 -> 0 | V14: ='11'!G65 -> 127 | W14: ='11'!G66 -> 15 | X14: ='11'!G67 -> 71 | Y14: =V14+W14+X14 -> 213 | Z14: ='11'!G84 -> 0 | AA14: ='11'!G85 -> 12.21 | AB14: ='11'!G86 -> 0 | AC14: ='11'!G87 -> 20.04 | AD14: =Z14+AA14+AB14+AC14 -> 32.25 | AE14: =AU14+AV14+BE14+BF14 -> 6189.96 | AF14: =AE14/AD14 -> 191.93674 | AG14: ='11'!G88 -> 0 | AH14: ='11'!G89 -> 10.9 | AI14: ='11'!G90 -> 9 | AJ14: =AG14+AH14+AI14 -> 19.9 | AK14: ='11'!G91 -> 0 | AL14: ='11'!G92 -> 10.09 | AN14: =AK14+AL14 -> 10.09 | AO14: ='11'!G74 -> 290.429 | AP14: ='11'!G35 -> 2156.8 | AQ14: ='11'!G37 -> 1580.66 | AR14: ='11'!G38 -> 2393.02 | AS14: ='11'!G39 -> 3209.97 | AT14: ='11'!G40 -> 356.55 | AU14: ='11'!G41 -> 0 | AV14: ='11'!G42 -> 2846.32 | AW14: ='11'!G43 -> 3056.64 | AX14: ='11'!G44 -> 0 | AY14: ='11'!G36 -> 1004.08 | AZ14: ='11'!G49 -> 1807.96 | BA14: ='11'!G51 -> 0 | BB14: ='11'!G52 -> 0 | BC14: ='11'!G53 -> 0 | BD14: ='11'!G54 -> 454.11 | BE14: ='11'!G55 -> 0 | BF14: ='11'!G56 -> 3343.64 | BG14: ='11'!G57 -> 0 | BH14: ='11'!G50 -> 1132.24 | BI14: =SUM(AU14,AV14,BE14,BF14) -> 6189.96 | BJ14: ='11'!G133 -> 888.7 | BK14: =SUM(AP14,AU14,AV14,AW14,AZ14,BE14,BF14,BG14)/H14% -> 49.020834 | BL14: =SUM(AS14,BC14)/H14% -> 11.910614 | BM14: =(AR14+BB14)/H14 -> 0.088793158 | BN14: =J14+N14+Q14+U14 -> 333420.11 | BO14: =SUM(AU14,AV14,AW14,BE14,BF14,BG14,BJ14) -> 10135.3 | BP14: =BO14/(AD14*280) -> 1.1224031
A15: 12 | B15: 12 | D15: ='12'!D3 -> 33 | E15: ='12'!D4 -> 0.81 | F15: ='12'!D2 -> 0.82 | G15: ='12'!G7 -> 28093.75 | H15: ='12'!G8 -> 28588 | I15: 9 | J15: =H15*I15 -> 257292 | K15: =H15/202 -> 141.52475 | L15: ='12'!G15 -> 1116.74 | M15: 56.2 | N15: =L15*M15 -> 62760.788 | O15: ='12'!G20 -> 260 | P15: 108 | Q15: =O15*P15 -> 28080 | R15: =O15/(F15*202/100) -> 156.96692 | S15: ='12'!G24 -> 0 | T15: 69 | U15: =S15*T15 -> 0 | V15: ='12'!G65 -> 117 | W15: ='12'!G66 -> 18 | X15: ='12'!G67 -> 71 | Y15: =V15+W15+X15 -> 206 | Z15: ='12'!G84 -> 0 | AA15: ='12'!G85 -> 23.79 | AB15: ='12'!G86 -> 15 | AC15: ='12'!G87 -> 0 | AD15: =Z15+AA15+AB15+AC15 -> 38.79 | AE15: =AU15+AV15+BE15+BF15 -> 8032.75 | AF15: =AE15/AD15 -> 207.08301 | AG15: ='12'!G88 -> 0 | AH15: ='12'!G89 -> 9.13 | AI15: ='12'!G90 -> 9.2 | AJ15: =AG15+AH15+AI15 -> 18.33 | AK15: ='12'!G91 -> 0 | AL15: ='12'!G92 -> 11.81 | AN15: =AK15+AL15 -> 11.81 | AO15: ='12'!G74 -> 340.531 | AP15: ='12'!G35 -> 2196.86 | AQ15: ='12'!G37 -> 1658.89 | AR15: ='12'!G38 -> 2360.67 | AS15: ='12'!G39 -> 3231.13 | AT15: ='12'!G40 -> 509.03 | AU15: ='12'!G41 -> 0 | AV15: ='12'!G42 -> 5744.83 | AW15: ='12'!G43 -> 3523.03 | AX15: ='12'!G44 -> 0 | AY15: ='12'!G36 -> 1052.97 | AZ15: ='12'!G49 -> 1826.13 | BA15: ='12'!G51 -> 0 | BB15: ='12'!G52 -> 0 | BC15: ='12'!G53 -> 0 | BD15: ='12'!G54 -> 472.63 | BE15: ='12'!G55 -> 2287.57 | BF15: ='12'!G56 -> 0.35 | BG15: ='12'!G57 -> 0 | BH15: ='12'!G50 -> 1248.91 | BI15: =SUM(AU15,AV15,BE15,BF15) -> 8032.75 | BJ15: ='12'!G133 -> 896.09 | BK15: =SUM(AP15,AU15,AV15,AW15,AZ15,BE15,BF15,BG15)/H15% -> 54.494088 | BL15: =SUM(AS15,BC15)/H15% -> 11.3024 | BM15: =(AR15+BB15)/H15 -> 0.082575556 | BN15: =J15+N15+Q15+U15 -> 348132.79 | BO15: =SUM(AU15,AV15,AW15,BE15,BF15,BG15,BJ15) -> 12451.87 | BP15: =BO15/(AD15*280) -> 1.1464544
A16: 13 | B16: 13 | D16: ='13'!D3 -> 32 | E16: ='13'!D4 -> 0.82 | F16: ='13'!D2 -> 0.83 | G16: ='13'!G7 -> 28485 | H16: ='13'!G8 -> 29100 | I16: 9 | J16: =H16*I16 -> 261900 | K16: =H16/202 -> 144.05941 | L16: ='13'!G15 -> 1076 | M16: 56.2 | N16: =L16*M16 -> 60471.2 | O16: ='13'!G20 -> 288 | P16: 108 | Q16: =O16*P16 -> 31104 | R16: =O16/(F16*202/100) -> 171.77621 | S16: ='13'!G24 -> 0 | T16: 69 | U16: =S16*T16 -> 0 | V16: ='13'!G65 -> 134 | W16: ='13'!G66 -> 15 | X16: ='13'!G67 -> 69 | Y16: =V16+W16+X16 -> 218 | Z16: ='13'!G84 -> 0 | AA16: ='13'!G85 -> 24 | AB16: ='13'!G86 -> 15 | AC16: ='13'!G87 -> 0 | AD16: =Z16+AA16+AB16+AC16 -> 39 | AE16: =AU16+AV16+BE16+BF16 -> 8137 | AF16: =AE16/AD16 -> 208.64103 | AG16: ='13'!G88 -> 10.24 | AH16: ='13'!G89 -> 0.7 | AI16: ='13'!G90 -> 13.87 | AJ16: =AG16+AH16+AI16 -> 24.81 | AK16: ='13'!G91 -> 0 | AL16: ='13'!G92 -> 10.17 | AN16: =AK16+AL16 -> 10.17 | AO16: ='13'!G74 -> 292 | AP16: ='13'!G35 -> 2137 | AQ16: ='13'!G37 -> 1611 | AR16: ='13'!G38 -> 2460 | AS16: ='13'!G39 -> 3268 | AT16: ='13'!G40 -> 511 | AU16: ='13'!G41 -> 0 | AV16: ='13'!G42 -> 5800 | AW16: ='13'!G43 -> 3231 | AX16: ='13'!G44 -> 0 | AY16: ='13'!G36 -> 1161 | AZ16: ='13'!G49 -> 1951 | BA16: ='13'!G51 -> 0 | BB16: ='13'!G52 -> 0 | BC16: ='13'!G53 -> 0 | BD16: ='13'!G54 -> 475 | BE16: ='13'!G55 -> 2337 | BF16: ='13'!G56 -> 0 | BG16: ='13'!G57 -> 0 | BH16: ='13'!G50 -> 1522 | BI16: =SUM(AU16,AV16,BE16,BF16) -> 8137 | BJ16: ='13'!G133 -> 937 | BK16: =SUM(AP16,AU16,AV16,AW16,AZ16,BE16,BF16,BG16)/H16% -> 53.113402 | BL16: =SUM(AS16,BC16)/H16% -> 11.230241 | BM16: =(AR16+BB16)/H16 -> 0.084536082 | BN16: =J16+N16+Q16+U16 -> 353475.2 | BO16: =SUM(AU16,AV16,AW16,BE16,BF16,BG16,BJ16) -> 12305 | BP16: =BO16/(AD16*280) -> 1.1268315
A17: 14 | B17: 14 | D17: ='14'!D3 -> 32 | E17: ='14'!D4 -> 0.81 | F17: ='14'!D2 -> 0.75 | G17: ='14'!G7 -> 30407 | H17: ='14'!G8 -> 31246 | I17: 9 | J17: =H17*I17 -> 281214 | K17: =H17/202 -> 154.68317 | L17: ='14'!G15 -> 1054 | M17: 56.2 | N17: =L17*M17 -> 59234.8 | O17: ='14'!G20 -> 362 | P17: 108 | Q17: =O17*P17 -> 39096 | R17: =O17/(F17*202/100) -> 238.94389 | S17: ='14'!G24 -> 0 | T17: 69 | U17: =S17*T17 -> 0 | V17: ='14'!G65 -> 110 | W17: ='14'!G66 -> 16 | X17: ='14'!G67 -> 77 | Y17: =V17+W17+X17 -> 203 | Z17: ='14'!G84 -> 0 | AA17: ='14'!G85 -> 15 | AB17: ='14'!G86 -> 22 | AC17: ='14'!G87 -> 8.96 | AD17: =Z17+AA17+AB17+AC17 -> 45.96 | AE17: =AU17+AV17+BE17+BF17 -> 8134 | AF17: =AE17/AD17 -> 176.97998 | AG17: ='14'!G88 -> 10.63 | AH17: ='14'!G89 -> 0 | AI17: ='14'!G90 -> 10.85 | AJ17: =AG17+AH17+AI17 -> 21.48 | AK17: ='14'!G91 -> 0 | AL17: ='14'!G92 -> 11.36 | AN17: =AK17+AL17 -> 11.36 | AO17: ='14'!G44 -> 0 | AP17: ='14'!G35 -> 2166 | AQ17: ='14'!G37 -> 1876 | AR17: ='14'!G38 -> 2478 | AS17: ='14'!G39 -> 3305 | AT17: ='14'!G40 -> 447 | AU17: ='14'!G41 -> 0 | AV17: ='14'!G42 -> 3279 | AW17: ='14'!G43 -> 3419 | AX17: ='14'!G44 -> 0 | AY17: ='14'!G36 -> 1156 | AZ17: ='14'!G49 -> 1941 | BA17: ='14'!G51 -> 0 | BB17: ='14'!G52 -> 0 | BC17: ='14'!G53 -> 0 | BD17: ='14'!G54 -> 469 | BE17: ='14'!G55 -> 3246 | BF17: ='14'!G56 -> 1609 | BG17: ='14'!G57 -> 0 | BH17: ='14'!G50 -> 1725 | BI17: =SUM(AU17,AV17,BE17,BF17) -> 8134 | BJ17: ='14'!G133 -> 964 | BK17: =SUM(AP17,AU17,AV17,AW17,AZ17,BE17,BF17,BG17)/H17% -> 50.118415 | BL17: =SUM(AS17,BC17)/H17% -> 10.577354 | BM17: =(AR17+BB17)/H17 -> 0.079306151 | BN17: =J17+N17+Q17+U17 -> 379544.8 | BO17: =SUM(AU17,AV17,AW17,BE17,BF17,BG17,BJ17) -> 12517 | BP17: =BO17/(AD17*280) -> 0.97266256
A18: 15 | B18: 15 | D18: ='15'!D3 -> 32 | E18: ='15'!D4 -> 0.78 | F18: ='15'!D2 -> 0.72 | G18: ='15'!G7 -> 27848 | H18: ='15'!G8 -> 28556 | I18: 9 | J18: =H18*I18 -> 257004 | K18: =H18/202 -> 141.36634 | L18: ='15'!G15 -> 998 | M18: 56.2 | N18: =L18*M18 -> 56087.6 | O18: ='15'!G20 -> 269 | P18: 108 | Q18: =O18*P18 -> 29052 | R18: =O18/(F18*202/100) -> 184.956 | S18: ='15'!G24 -> 0 | T18: 69 | U18: =S18*T18 -> 0 | V18: ='15'!G65 -> 113 | W18: ='15'!G66 -> 23 | X18: ='15'!G67 -> 80 | Y18: =V18+W18+X18 -> 216 | Z18: ='15'!G84 -> 0 | AA18: ='15'!G85 -> 17 | AB18: ='15'!G86 -> 0 | AC18: ='15'!G87 -> 24 | AD18: =Z18+AA18+AB18+AC18 -> 41 | AE18: =AU18+AV18+BE18+BF18 -> 7049.7 | AF18: =AE18/AD18 -> 171.9439 | AG18: ='15'!G88 -> 10.25 | AH18: ='15'!G89 -> 0 | AI18: ='15'!G90 -> 10.49 | AJ18: =AG18+AH18+AI18 -> 20.74 | AK18: ='15'!G91 -> 0 | AL18: ='15'!G92 -> 10.17 | AN18: =AK18+AL18 -> 10.17 | AO18: ='15'!G74 -> 292 | AP18: ='15'!G35 -> 2145 | AQ18: ='15'!G37 -> 1297 | AR18: ='15'!G38 -> 2420 | AS18: ='15'!G39 -> 3266 | AT18: ='15'!G40 -> 219 | AU18: ='15'!G41 -> -0.3 | AV18: ='15'!G42 -> 3670 | AW18: ='15'!G43 -> 3255 | AX18: ='15'!G44 -> 0 | AY18: ='15'!G36 -> 895 | AZ18: ='15'!G49 -> 1846 | BA18: ='15'!G51 -> 0 | BB18: ='15'!G52 -> -0.24 | BC18: ='15'!G53 -> 0 | BD18: ='15'!G54 -> 467 | BE18: ='15'!G55 -> 67 | BF18: ='15'!G56 -> 3313 | BG18: ='15'!G57 -> 0 | BH18: ='15'!G50 -> 1532 | BI18: =SUM(AU18,AV18,BE18,BF18) -> 7049.7 | BJ18: ='15'!G133 -> 899 | BK18: =SUM(AP18,AU18,AV18,AW18,AZ18,BE18,BF18,BG18)/H18% -> 50.061983 | BL18: =SUM(AS18,BC18)/H18% -> 11.437176 | BM18: =(AR18+BB18)/H18 -> 0.084737358 | BN18: =J18+N18+Q18+U18 -> 342143.6 | BO18: =SUM(AU18,AV18,AW18,BE18,BF18,BG18,BJ18) -> 11203.7 | BP18: =BO18/(AD18*280) -> 0.97593206
A19: 16 | B19: 16 | D19: ='16'!D3 -> 28 | E19: ='16'!D4 -> 0.79 | F19: ='16'!D2 -> 1 | G19: ='16'!G7 -> 26729 | H19: ='16'!G8 -> 27220 | I19: 9 | J19: =H19*I19 -> 244980 | K19: =H19/202 -> 134.75248 | L19: ='16'!G15 -> 1153 | M19: 56.2 | N19: =L19*M19 -> 64798.6 | O19: ='16'!G20 -> 362 | P19: 108 | Q19: =O19*P19 -> 39096 | R19: =O19/(F19*202/100) -> 179.20792 | S19: ='16'!G24 -> 0 | T19: 69 | U19: =S19*T19 -> 0 | V19: ='16'!G65 -> 112 | W19: ='16'!G66 -> 25 | X19: ='16'!G67 -> 71 | Y19: =V19+W19+X19 -> 208 | Z19: ='16'!G84 -> 0 | AA19: ='16'!G85 -> 24 | AB19: ='16'!G86 -> 0 | AC19: ='16'!G87 -> 14 | AD19: =Z19+AA19+AB19+AC19 -> 38 | AE19: =AU19+AV19+BE19+BF19 -> 7327 | AF19: =AE19/AD19 -> 192.81579 | AG19: ='16'!G88 -> -0.02 | AH19: ='16'!G89 -> 9.85 | AI19: ='16'!G90 -> 11.46 | AJ19: =AG19+AH19+AI19 -> 21.29 | AK19: ='16'!G91 -> 0 | AL19: ='16'!G92 -> 12.34 | AN19: =AK19+AL19 -> 12.34 | AO19: ='16'!G74 -> 346 | AP19: ='16'!G35 -> 2150 | AQ19: ='16'!G37 -> 1603 | AR19: ='16'!G38 -> 2339 | AS19: ='16'!G39 -> 3268 | AT19: ='16'!G40 -> 364 | AU19: ='16'!G41 -> 0 | AV19: ='16'!G42 -> 5491 | AW19: ='16'!G43 -> 3191 | AX19: ='16'!G44 -> 0 | AY19: ='16'!G36 -> 853 | AZ19: ='16'!G49 -> 1846 | BA19: ='16'!G51 -> 0 | BB19: ='16'!G52 -> 0 | BC19: ='16'!G53 -> 0 | BD19: ='16'!G54 -> 470 | BE19: ='16'!G55 -> 0 | BF19: ='16'!G56 -> 1836 | BG19: ='16'!G57 -> 0 | BH19: ='16'!G50 -> 1070 | BI19: =SUM(AU19,AV19,BE19,BF19) -> 7327 | BJ19: ='16'!G133 -> 890 | BK19: =SUM(AP19,AU19,AV19,AW19,AZ19,BE19,BF19,BG19)/H19% -> 53.321087 | BL19: =SUM(AS19,BC19)/H19% -> 12.005878 | BM19: =(AR19+BB19)/H19 -> 0.085929464 | BN19: =J19+N19+Q19+U19 -> 348874.6 | BO19: =SUM(AU19,AV19,AW19,BE19,BF19,BG19,BJ19) -> 11408 | BP19: =BO19/(AD19*280) -> 1.0721805
A20: 17 | B20: 17 | D20: ='17'!D3 -> 28 | E20: ='17'!D4 -> 0.79 | F20: ='17'!D2 -> 0.91 | G20: ='17'!G7 -> 28087 | H20: ='17'!G8 -> 28641 | I20: 9 | J20: =H20*I20 -> 257769 | K20: =H20/202 -> 141.78713 | L20: ='17'!G15 -> 1081 | M20: 56.2 | N20: =L20*M20 -> 60752.2 | O20: ='17'!G20 -> 270 | P20: 108 | Q20: =O20*P20 -> 29160 | R20: =O20/(F20*202/100) -> 146.88282 | S20: ='17'!G24 -> 0 | T20: 69 | U20: =S20*T20 -> 0 | V20: ='17'!G65 -> 99 | W20: ='17'!G66 -> 24 | X20: ='17'!G67 -> 86 | Y20: =V20+W20+X20 -> 209 | Z20: ='17'!G84 -> 0 | AA20: ='17'!G85 -> 24 | AB20: ='17'!G86 -> 16.47 | AC20: ='17'!G87 -> 0 | AD20: =Z20+AA20+AB20+AC20 -> 40.47 | AE20: =AU20+AV20+BE20+BF20 -> 7873.3 | AF20: =AE20/AD20 -> 194.54658 | AG20: ='17'!G88 -> 10.38 | AH20: ='17'!G89 -> 1 | AI20: ='17'!G90 -> 10 | AJ20: =AG20+AH20+AI20 -> 21.38 | AK20: ='17'!G91 -> 0 | AL20: ='17'!G92 -> 12 | AN20: =AK20+AL20 -> 12 | AO20: ='17'!G74 -> 346 | AP20: ='17'!G35 -> 2161 | AQ20: ='17'!G37 -> 1602 | AR20: ='17'!G38 -> 2369 | AS20: ='17'!G39 -> 3351 | AT20: ='17'!G40 -> 376 | AU20: ='17'!G41 -> 0.3 | AV20: ='17'!G42 -> 5545 | AW20: ='17'!G43 -> 3298 | AX20: ='17'!G44 -> 0 | AY20: ='17'!G36 -> 1067 | AZ20: ='17'!G49 -> 1805 | BA20: ='17'!G51 -> 0 | BB20: ='17'!G52 -> 0 | BC20: ='17'!G53 -> 0 | BD20: ='17'!G54 -> 470 | BE20: ='17'!G55 -> 2328 | BF20: ='17'!G56 -> 0 | BG20: ='17'!G57 -> 0 | BH20: ='17'!G50 -> 1428 | BI20: =SUM(AU20,AV20,BE20,BF20) -> 7873.3 | BJ20: ='17'!G133 -> 878 | BK20: =SUM(AP20,AU20,AV20,AW20,AZ20,BE20,BF20,BG20)/H20% -> 52.851856 | BL20: =SUM(AS20,BC20)/H20% -> 11.70001 | BM20: =(AR20+BB20)/H20 -> 0.082713592 | BN20: =J20+N20+Q20+U20 -> 347681.2 | BO20: =SUM(AU20,AV20,AW20,BE20,BF20,BG20,BJ20) -> 12049.3 | BP20: =BO20/(AD20*280) -> 1.0633362
A21: 18 | B21: 18 | D21: ='18 '!D3 -> 28 | E21: ='18 '!D4 -> 0.79 | F21: ='18 '!D2 -> 0.88 | G21: ='18 '!G7 -> 27376 | H21: ='18 '!G8 -> 27917 | I21: 9 | J21: =H21*I21 -> 251253 | K21: =H21/202 -> 138.20297 | L21: ='18 '!G15 -> 1092 | M21: 56.2 | N21: =L21*M21 -> 61370.4 | O21: ='18 '!G20 -> 255 | P21: 108 | Q21: =O21*P21 -> 27540 | R21: =O21/(F21*202/100) -> 143.45185 | S21: ='18 '!G24 -> 0 | T21: 69 | U21: =S21*T21 -> 0 | V21: ='18 '!G65 -> 116 | W21: ='18 '!G66 -> 12 | X21: ='18 '!G67 -> 69 | Y21: =V21+W21+X21 -> 197 | Z21: ='18 '!G84 -> 0.26 | AA21: ='18 '!G85 -> 24 | AB21: ='18 '!G86 -> 0 | AC21: ='18 '!G87 -> 15 | AD21: =Z21+AA21+AB21+AC21 -> 39.26 | AE21: =AU21+AV21+BE21+BF21 -> 7242 | AF21: =AE21/AD21 -> 184.46256 | AG21: ='18 '!G88 -> 8.62 | AH21: ='18 '!G89 -> 5 | AI21: ='18 '!G90 -> 6 | AJ21: =AG21+AH21+AI21 -> 19.62 | AK21: ='18 '!G91 -> 8 | AL21: ='18 '!G92 -> 3 | AN21: =AK21+AL21 -> 11 | AO21: ='18 '!G74 -> 314 | AP21: ='18 '!G35 -> 2143 | AQ21: ='18 '!G37 -> 1696 | AR21: ='18 '!G38 -> 2295 | AS21: ='18 '!G39 -> 3285 | AT21: ='18 '!G40 -> 420 | AU21: ='18 '!G41 -> 0 | AV21: ='18 '!G42 -> 5209 | AW21: ='18 '!G43 -> 3303 | AX21: ='18 '!G44 -> 0 | AY21: ='18 '!G36 -> 1020 | AZ21: ='18 '!G49 -> 1783 | BA21: ='18 '!G51 -> 0 | BB21: ='18 '!G52 -> 0 | BC21: ='18 '!G53 -> 0 | BD21: ='18 '!G54 -> 468 | BE21: ='18 '!G55 -> 138 | BF21: ='18 '!G56 -> 1895 | BG21: ='18 '!G57 -> 0 | BH21: ='18 '!G50 -> 1432 | BI21: =SUM(AU21,AV21,BE21,BF21) -> 7242 | BJ21: ='18 '!G133 -> 888 | BK21: =SUM(AP21,AU21,AV21,AW21,AZ21,BE21,BF21,BG21)/H21% -> 51.835799 | BL21: =SUM(AS21,BC21)/H21% -> 11.767024 | BM21: =(AR21+BB21)/H21 -> 0.082207974 | BN21: =J21+N21+Q21+U21 -> 340163.4 | BO21: =SUM(AU21,AV21,AW21,BE21,BF21,BG21,BJ21) -> 11433 | BP21: =BO21/(AD21*280) -> 1.0400444
A22: 19 | B22: 19 | D22: ='19'!D3 -> 29 | E22: ='19'!D4 -> 0.79 | F22: ='19'!D2 -> 1 | G22: ='19'!G7 -> 27150 | H22: ='19'!G8 -> 27928 | I22: 9 | J22: =H22*I22 -> 251352 | K22: =H22/202 -> 138.25743 | L22: ='19'!G15 -> 1090 | M22: 56.2 | N22: =L22*M22 -> 61258 | O22: ='19'!G20 -> 274 | P22: 108 | Q22: =O22*P22 -> 29592 | R22: =O22/(F22*202/100) -> 135.64356 | S22: ='19'!G24 -> 0 | T22: 69 | U22: =S22*T22 -> 0 | V22: ='19'!G65 -> 127 | W22: ='19'!G66 -> 12 | X22: ='19'!G67 -> 63 | Y22: =V22+W22+X22 -> 202 | Z22: ='19'!G84 -> 0.23 | AA22: ='19'!G85 -> 6 | AB22: ='19'!G86 -> 11.53 | AC22: ='19'!G87 -> 24 | AD22: =Z22+AA22+AB22+AC22 -> 41.76 | AE22: =AU22+AV22+BE22+BF22 -> 5840 | AF22: =AE22/AD22 -> 139.84674 | AG22: ='19'!G88 -> 10 | AH22: ='19'!G89 -> 3 | AI22: ='19'!G90 -> 9 | AJ22: =AG22+AH22+AI22 -> 22 | AK22: ='19'!G91 -> 12.48 | AL22: ='19'!G92 -> 0 | AN22: =AK22+AL22 -> 12.48 | AO22: ='19'!G74 -> 331 | AP22: ='19'!G35 -> 2112 | AQ22: ='19'!G37 -> 1723 | AR22: ='19'!G38 -> 2295 | AS22: ='19'!G39 -> 3229 | AT22: ='19'!G40 -> 518 | AU22: ='19'!G41 -> 0 | AV22: ='19'!G42 -> 1299 | AW22: ='19'!G43 -> 3310 | AX22: ='19'!G44 -> 0 | AY22: ='19'!G36 -> 1171 | AZ22: ='19'!G49 -> 1775 | BA22: ='19'!G51 -> 0 | BB22: ='19'!G52 -> 0 | BC22: ='19'!G53 -> 0 | BD22: ='19'!G54 -> 463 | BE22: ='19'!G55 -> 1493 | BF22: ='19'!G56 -> 3048 | BG22: ='19'!G57 -> 0 | BH22: ='19'!G50 -> 1258 | BI22: =SUM(AU22,AV22,BE22,BF22) -> 5840 | BJ22: ='19'!G133 -> 877 | BK22: =SUM(AP22,AU22,AV22,AW22,AZ22,BE22,BF22,BG22)/H22% -> 46.680751 | BL22: =SUM(AS22,BC22)/H22% -> 11.561873 | BM22: =(AR22+BB22)/H22 -> 0.082175594 | BN22: =J22+N22+Q22+U22 -> 342202 | BO22: =SUM(AU22,AV22,AW22,BE22,BF22,BG22,BJ22) -> 10027 | BP22: =BO22/(AD22*280) -> 0.85753626
A23: 20 | B23: 20 | D23: ='20'!D3 -> 28 | E23: ='20'!D4 -> 0.78 | F23: ='20'!D2 -> 0.6831 | G23: ='20'!G7 -> 27361.43 | H23: ='20'!G8 -> 28067.07 | I23: 9 | J23: =H23*I23 -> 252603.63 | K23: =H23/202 -> 138.94589 | L23: ='20'!G15 -> 1090.7 | M23: 56.2 | N23: =L23*M23 -> 61297.34 | O23: ='20'!G20 -> 307 | P23: 108 | Q23: =O23*P23 -> 33156 | R23: =O23/(F23*202/100) -> 222.48602 | S23: ='20'!G24 -> 0 | T23: 69 | U23: =S23*T23 -> 0 | V23: ='20'!G65 -> 97 | W23: ='20'!G66 -> 14 | X23: ='20'!G67 -> 94 | Y23: =V23+W23+X23 -> 205 | Z23: ='20'!G84 -> 0 | AA23: ='20'!G85 -> 11.21 | AB23: ='20'!G86 -> 17.24 | AC23: ='20'!G87 -> 14.06 | AD23: =Z23+AA23+AB23+AC23 -> 42.51 | AE23: =AU23+AV23+BE23+BF23 -> 6519.36 | AF23: =AE23/AD23 -> 153.36062 | AG23: ='20'!G88 -> 0 | AH23: ='20'!G89 -> 9.19 | AI23: ='20'!G90 -> 11.49 | AJ23: =AG23+AH23+AI23 -> 20.68 | AK23: ='20'!G91 -> 12.21 | AL23: ='20'!G92 -> -0.13 | AN23: =AK23+AL23 -> 12.08 | AO23: ='20'!G74 -> 333.12 | AP23: ='20'!G35 -> 2147.61 | AQ23: ='20'!G37 -> 1793.17 | AR23: ='20'!G38 -> 2268.91 | AS23: ='20'!G39 -> 3276.37 | AT23: ='20'!G40 -> 342.3 | AU23: ='20'!G41 -> 0 | AV23: ='20'!G42 -> 2335.59 | AW23: ='20'!G43 -> 3343.65 | AX23: ='20'!G44 -> 0 | AY23: ='20'!G36 -> 912.81 | AZ23: ='20'!G49 -> 1872.85 | BA23: ='20'!G51 -> 0 | BB23: ='20'!G52 -> 0 | BC23: ='20'!G588 -> 0 | BD23: ='20'!G54 -> 471.77 | BE23: ='20'!G55 -> 2457.11 | BF23: ='20'!G56 -> 1726.66 | BG23: ='20'!G57 -> 0 | BH23: ='20'!G50 -> 1170.42 | BI23: =SUM(AU23,AV23,BE23,BF23) -> 6519.36 | BJ23: ='20'!G133 -> 973.18 | BK23: =SUM(AP23,AU23,AV23,AW23,AZ23,BE23,BF23,BG23)/H23% -> 49.465334 | BL23: =SUM(AS23,BC23)/H23% -> 11.67336 | BM23: =(AR23+BB23)/H23 -> 0.080838862 | BN23: =J23+N23+Q23+U23 -> 347056.97 | BO23: =SUM(AU23,AV23,AW23,BE23,BF23,BG23,BJ23) -> 10836.19 | BP23: =BO23/(AD23*280) -> 0.91038999
A24: 21 | B24: 21 | D24: 21 | E24: ='21'!D4 -> 0.78 | F24: ='21'!D2 -> 0.71 | G24: ='21'!G7 -> 28729.28 | H24: ='21'!G8 -> 29272.92 | I24: 9 | J24: =H24*I24 -> 263456.28 | K24: =H24/202 -> 144.91545 | L24: ='21'!G15 -> 1136.99 | M24: 56.2 | N24: =L24*M24 -> 63898.838 | O24: ='21'!G20 -> 277 | P24: 108 | Q24: =O24*P24 -> 29916 | R24: =O24/(F24*202/100) -> 193.13903 | S24: ='21'!G24 -> 0 | T24: 69 | U24: =S24*T24 -> 0 | V24: ='21'!G65 -> 124 | W24: ='21'!G66 -> 17 | X24: ='21'!G67 -> 78 | Y24: =V24+W24+X24 -> 219 | Z24: ='21'!G84 -> -0.09 | AA24: ='21'!G85 -> 24 | AB24: ='21'!G86 -> 17.93 | AC24: ='21'!G87 -> 0 | AD24: =Z24+AA24+AB24+AC24 -> 41.84 | AE24: =AU24+AV24+BE24+BF24 -> 7678.42 | AF24: =AE24/AD24 -> 183.51864 | AG24: ='21'!G88 -> -0.31 | AH24: ='21'!G89 -> 9.93 | AI24: ='21'!G90 -> 12.52 | AJ24: =AG24+AH24+AI24 -> 22.14 | AK24: ='21'!G91 -> 11.43 | AL24: ='21'!G92 -> 0 | AN24: =AK24+AL24 -> 11.43 | AO24: ='21'!G74 -> 311.36 | AP24: ='21'!G35 -> 2215.44 | AQ24: ='21'!G37 -> 1751.95 | AR24: ='21'!G38 -> 2476.78 | AS24: ='21'!G39 -> 3181.38 | AT24: ='21'!G40 -> 539.56 | AU24: ='21'!G41 -> 0 | AV24: ='21'!G42 -> 5120.72 | AW24: ='21'!G43 -> 3448.62 | AX24: ='21'!G44 -> 0 | AY24: ='21'!G36 -> 1318.22 | AZ24: ='21'!G49 -> 1826.18 | BA24: ='21'!G51 -> 0 | BB24: ='21'!G52 -> 0 | BC24: ='21'!G53 -> 0 | BD24: ='21'!G54 -> 472.57 | BE24: ='21'!G55 -> 2557.7 | BF24: ='21'!G56 -> 0 | BG24: ='21'!G57 -> 0 | BH24: ='21'!G50 -> 1720.73 | BI24: =SUM(AU24,AV24,BE24,BF24) -> 7678.42 | BJ24: ='21'!G133 -> 956.41 | BK24: =SUM(AP24,AU24,AV24,AW24,AZ24,BE24,BF24,BG24)/H24% -> 51.818063 | BL24: =SUM(AS24,BC24)/H24% -> 10.867997 | BM24: =(AR24+BB24)/H24 -> 0.08460994 | BN24: =J24+N24+Q24+U24 -> 357271.12 | BO24: =SUM(AU24,AV24,AW24,BE24,BF24,BG24,BJ24) -> 12083.45 | BP24: =BO24/(AD24*280) -> 1.0314335
A25: 22 | B25: 22 | D25: ='22'!D3 -> 29 | E25: ='22'!D4 -> 0.79 | F25: ='22'!D2 -> 0.98 | G25: ='22'!G7 -> 28537.08 | H25: ='22'!G8 -> 29201.04 | I25: 9 | J25: =H25*I25 -> 262809.36 | K25: =H25/202 -> 144.5596 | L25: ='22'!G15 -> 1078.89 | M25: 56.2 | N25: =L25*M25 -> 60633.618 | O25: ='22'!G20 -> 296 | P25: 108 | Q25: =O25*P25 -> 31968 | R25: =O25/(F25*202/100) -> 149.52516 | S25: ='22'!G24 -> 0 | T25: 69 | U25: =S25*T25 -> 0 | V25: ='22'!G65 -> 116 | W25: ='22'!G66 -> 13 | X25: ='22'!G67 -> 82 | Y25: =V25+W25+X25 -> 211 | Z25: ='22'!G84 -> 0 | AA25: ='22'!G85 -> 24 | AB25: ='22'!G86 -> 17.09 | AC25: ='22'!G87 -> 0 | AD25: =Z25+AA25+AB25+AC25 -> 41.09 | AE25: =AU25+AV25+BE25+BF25 -> 8506.13 | AF25: =AE25/AD25 -> 207.01217 | AG25: ='22'!G88 -> 0 | AH25: ='22'!G89 -> 9.1 | AI25: ='22'!G90 -> 10.75 | AJ25: =AG25+AH25+AI25 -> 19.85 | AK25: ='22'!G91 -> 11.89 | AL25: ='22'!G92 -> 0 | AN25: =AK25+AL25 -> 11.89 | AO25: ='22'!G74 -> 321.5 | AP25: ='22'!G35 -> 2146.2 | AQ25: ='22'!G37 -> 1773.33 | AR25: ='22'!G38 -> 2323.6 | AS25: ='22'!G39 -> 3155.18 | AT25: ='22'!G40 -> 623.37 | AU25: ='22'!G41 -> 0 | AV25: ='22'!G42 -> 5837.04 | AW25: ='22'!G43 -> 3471.62 | AX25: ='22'!G44 -> 0 | AY25: ='22'!G36 -> 1008.95 | AZ25: ='22'!G49 -> 1778.26 | BA25: ='22'!G51 -> 0 | BB25: ='22'!G52 -> 0 | BC25: ='22'!G53 -> 0 | BD25: ='22'!G54 -> 470.61 | BE25: ='22'!G55 -> 2669.09 | BF25: ='22'!G56 -> 0 | BG25: ='22'!G57 -> 0 | BH25: ='22'!G50 -> 1197.12 | BI25: =SUM(AU25,AV25,BE25,BF25) -> 8506.13 | BJ25: ='22'!G133 -> 905.19 | BK25: =SUM(AP25,AU25,AV25,AW25,AZ25,BE25,BF25,BG25)/H25% -> 54.457684 | BL25: =SUM(AS25,BC25)/H25% -> 10.805026 | BM25: =(AR25+BB25)/H25 -> 0.079572508 | BN25: =J25+N25+Q25+U25 -> 355410.98 | BO25: =SUM(AU25,AV25,AW25,BE25,BF25,BG25,BJ25) -> 12882.94 | BP25: =BO25/(AD25*280) -> 1.1197493
A26: 23 | B26: 23 | D26: ='23'!D3 -> 29 | E26: ='23'!D4 -> 0.79 | F26: ='23'!D2 -> 0.99 | G26: ='23'!G7 -> 30904.52 | H26: ='23'!G8 -> 31648.4 | I26: 9 | J26: =H26*I26 -> 284835.6 | K26: =H26/202 -> 156.67525 | L26: ='23'!G15 -> 1118.14 | M26: 56.2 | N26: =L26*M26 -> 62839.468 | O26: ='23'!G20 -> 291 | P26: 108 | Q26: =O26*P26 -> 31428 | R26: =O26/(F26*202/100) -> 145.51455 | S26: ='23'!G24 -> 0 | T26: 69 | U26: =S26*T26 -> 0 | V26: ='23'!G65 -> 150 | W26: ='23'!G66 -> 17 | X26: ='23'!G67 -> 89 | Y26: =V26+W26+X26 -> 256 | Z26: ='23'!G84 -> 6.13 | AA26: ='23'!G85 -> 24 | AB26: ='23'!G86 -> 18.93 | AC26: ='23'!G87 -> 0 | AD26: =Z26+AA26+AB26+AC26 -> 49.06 | AE26: =AU26+AV26+BE26+BF26 -> 9799.22 | AF26: =AE26/AD26 -> 199.7395 | AG26: ='23'!G88 -> 7.63 | AH26: ='23'!G89 -> 3.48 | AI26: ='23'!G90 -> 11.18 | AJ26: =AG26+AH26+AI26 -> 22.29 | AK26: ='23'!G91 -> 11.72 | AL26: ='23'!G92 -> 0 | AN26: =AK26+AL26 -> 11.72 | AO26: ='23'!G74 -> 318.36 | AP26: ='23'!G35 -> 2048.82 | AQ26: ='23'!G37 -> 1861.74 | AR26: ='23'!G38 -> 2416.66 | AS26: ='23'!G39 -> 3156.8 | AT26: ='23'!G40 -> 597.42 | AU26: ='23'!G41 -> 1203.51 | AV26: ='23'!G42 -> 5667.98 | AW26: ='23'!G43 -> 3760.56 | AX26: ='23'!G44 -> 0 | AY26: ='23'!G36 -> 1296.02 | AZ26: ='23'!G49 -> 1874.6 | BA26: ='23'!G51 -> 0 | BB26: ='23'!G52 -> 0 | BC26: ='23'!G53 -> 0 | BD26: ='23'!G54 -> 454.84 | BE26: ='23'!G55 -> 2927.73 | BF26: ='23'!G56 -> 0 | BG26: ='23'!G57 -> 0 | BH26: ='23'!G50 -> 1403.33 | BI26: =SUM(AU26,AV26,BE26,BF26) -> 9799.22 | BJ26: ='23'!G133 -> 987.53 | BK26: =SUM(AP26,AU26,AV26,AW26,AZ26,BE26,BF26,BG26)/H26% -> 55.241971 | BL26: =SUM(AS26,BC26)/H26% -> 9.9745959 | BM26: =(AR26+BB26)/H26 -> 0.076359626 | BN26: =J26+N26+Q26+U26 -> 379103.07 | BO26: =SUM(AU26,AV26,AW26,BE26,BF26,BG26,BJ26) -> 14547.31 | BP26: =BO26/(AD26*280) -> 1.0590028
A27: 24 | B27: 24 | D27: ='24'!D3 -> 29 | E27: ='24'!D4 -> 0.79 | F27: ='24'!D2 -> 1 | G27: ='24'!G7 -> 29992.69 | H27: ='24'!G8 -> 30546.47 | I27: 9 | J27: =H27*I27 -> 274918.23 | K27: =H27/202 -> 151.22015 | L27: ='24'!G15 -> 1099.27 | M27: 56.2 | N27: =L27*M27 -> 61778.974 | O27: ='24'!G20 -> 307 | P27: 108 | Q27: =O27*P27 -> 33156 | R27: =O27/(F27*202/100) -> 151.9802 | S27: ='24'!G24 -> 0 | T27: 69 | U27: =S27*T27 -> 0 | V27: ='24'!G65 -> 94 | W27: ='24'!G66 -> 20 | X27: ='24'!G67 -> 83 | Y27: =V27+W27+X27 -> 197 | Z27: ='24'!G84 -> 15.74 | AA27: ='24'!G85 -> 23.19 | AB27: ='24'!G86 -> 5.29 | AC27: ='24'!G87 -> 0 | AD27: =Z27+AA27+AB27+AC27 -> 44.22 | AE27: =AU27+AV27+BE27+BF27 -> 10213.35 | AF27: =AE27/AD27 -> 230.96676 | AG27: ='24'!G88 -> 4.69 | AH27: ='24'!G89 -> 7.31 | AI27: ='24'!G90 -> 5.85 | AJ27: =AG27+AH27+AI27 -> 17.85 | AK27: ='24'!G91 -> 10.78 | AL27: ='24'!G92 -> 0 | AN27: =AK27+AL27 -> 10.78 | AO27: ='24'!G74 -> 292.45 | AP27: ='24'!G35 -> 2081 | AQ27: ='24'!G37 -> 1735.4 | AR27: ='24'!G38 -> 2360.54 | AS27: ='24'!G39 -> 3178.38 | AT27: ='24'!G40 -> 526.7 | AU27: ='24'!G41 -> 3748.19 | AV27: ='24'!G42 -> 5790.78 | AW27: ='24'!G43 -> 3676.78 | AX27: ='24'!G44 -> 0 | AY27: ='24'!G36 -> 1272.27 | AZ27: ='24'!G49 -> 1837.06 | BA27: ='24'!G51 -> 0 | BB27: ='24'!G52 -> 0.24 | BC27: ='24'!G53 -> 0 | BD27: ='24'!G54 -> 465.11 | BE27: ='24'!G55 -> 674.38 | BF27: ='24'!G56 -> 0 | BG27: ='24'!G57 -> 0 | BH27: ='24'!G50 -> 1356.27 | BI27: =SUM(AU27,AV27,BE27,BF27) -> 10213.35 | BJ27: ='24'!G133 -> 952.65 | BK27: =SUM(AP27,AU27,AV27,AW27,AZ27,BE27,BF27,BG27)/H27% -> 58.298684 | BL27: =SUM(AS27,BC27)/H27% -> 10.405065 | BM27: =(AR27+BB27)/H27 -> 0.077284871 | BN27: =J27+N27+Q27+U27 -> 369853.2 | BO27: =SUM(AU27,AV27,AW27,BE27,BF27,BG27,BJ27) -> 14842.78 | BP27: =BO27/(AD27*280) -> 1.1987772
A28: 25 | B28: 25 | D28: ='25'!D3 -> 28 | E28: ='25'!D4 -> 0.79 | F28: ='25'!D2 -> 0.98 | G28: ='25'!G7 -> 27505 | H28: ='25'!G8 -> 27904.1 | I28: 9 | J28: =H28*I28 -> 251136.9 | K28: =H28/202 -> 138.13911 | L28: ='25'!G15 -> 1092.01 | M28: 56.2 | N28: =L28*M28 -> 61370.962 | O28: ='25'!G20 -> 381 | P28: 108 | Q28: =O28*P28 -> 41148 | R28: =O28/(F28*202/100) -> 192.46312 | S28: ='25'!G24 -> 0 | T28: 69 | U28: =S28*T28 -> 0 | V28: ='25'!G65 -> 116 | W28: ='25'!G66 -> 15 | X28: ='25'!G67 -> 80 | Y28: =V28+W28+X28 -> 211 | Z28: ='25'!G84 -> 16.73 | AA28: ='25'!G85 -> 23.63 | AB28: ='25'!G86 -> 0 | AC28: ='25'!G87 -> -0.06 | AD28: =Z28+AA28+AB28+AC28 -> 40.3 | AE28: =AU28+AV28+BE28+BF28 -> 3461.9 | AF28: =AE28/AD28 -> 85.903226 | AG28: ='25'!G88 -> 0 | AH28: ='25'!G89 -> 10.34 | AI28: ='25'!G90 -> 10.61 | AJ28: =AG28+AH28+AI28 -> 20.95 | AK28: ='25'!G91 -> 12.05 | AL28: ='25'!G92 -> 0 | AN28: =AK28+AL28 -> 12.05 | AO28: ='25'!G74 -> 328.11 | AP28: ='25'!G35 -> 2131.62 | AQ28: ='25'!G37 -> 1762.06 | AR28: ='25'!G38 -> 2402.46 | AS28: ='25'!G39 -> 3106.28 | AT28: ='25'!G40 -> 688.05 | AU28: ='25'!G41 -> 3461.9 | AW28: ='25'!G43 -> 3475.4 | AX28: ='25'!G44 -> 0 | AY28: ='25'!G36 -> 935.13 | AZ28: ='25'!G49 -> 1843.86 | BA28: ='25'!G51 -> 0 | BB28: ='25'!G52 -> 0 | BC28: ='25'!G53 -> 0 | BD28: ='24'!G54 -> 465.11 | BE28: ='25'!G55 -> 0 | BF28: ='25'!G56 -> 0 | BG28: ='25'!G57 -> 0 | BH28: ='25'!G50 -> 1088.48 | BI28: =SUM(AU28,AV28,BE28,BF28) -> 3461.9 | BJ28: ='25'!G133 -> 920.63 | BK28: =SUM(AP28,AU28,AV28,AW28,AZ28,BE28,BF28,BG28)/H28% -> 39.10816 | BL28: =SUM(AS28,BC28)/H28% -> 11.131984 | BM28: =(AR28+BB28)/H28 -> 0.086097025 | BN28: =J28+N28+Q28+U28 -> 353655.86 | BO28: =SUM(AU28,AV28,AW28,BE28,BF28,BG28,BJ28) -> 7857.93 | BP28: =BO28/(AD28*280) -> 0.69637806
A29: 26 | B29: 26 | D29: ='26'!D3 -> 28 | E29: ='26'!D4 -> 0.79 | F29: ='26'!D2 -> 1 | G29: ='26'!G7 -> 27309 | H29: ='26'!G8 -> 27688 | I29: 9 | J29: =H29*I29 -> 249192 | K29: =H29/202 -> 137.06931 | L29: ='26'!G15 -> 1116 | M29: 56.2 | N29: =L29*M29 -> 62719.2 | O29: ='26'!G20 -> 328 | P29: 108 | Q29: =O29*P29 -> 35424 | R29: =O29/(F29*202/100) -> 162.37624 | S29: ='26'!G24 -> 0 | T29: 69 | U29: =S29*T29 -> 0 | V29: ='26'!G65 -> 132 | W29: ='26'!G66 -> 14 | X29: ='26'!G67 -> 80 | Y29: =V29+W29+X29 -> 226 | Z29: ='26'!G84 -> 15.3 | AA29: ='26'!G85 -> 24.37 | AB29: ='26'!G86 -> 0 | AC29: ='26'!G87 -> 0 | AD29: =Z29+AA29+AB29+AC29 -> 39.67 | AE29: =AU29+AV29+BE29+BF29 -> 9058.5 | AF29: =AE29/AD29 -> 228.34636 | AG29: ='26'!G88 -> 0 | AH29: ='26'!G89 -> 10.25 | AI29: ='26'!G90 -> 9.46 | AJ29: =AG29+AH29+AI29 -> 19.71 | AK29: ='26'!G91 -> 10.99 | AL29: ='26'!G92 -> 0 | AN29: =AK29+AL29 -> 10.99 | AO29: ='26'!G74 -> 306.1 | AP29: ='26'!G35 -> 2058.2 | AQ29: ='26'!G37 -> 1702.98 | AR29: ='26'!G38 -> 2440.1 | AS29: ='26'!G39 -> 2871.94 | AT29: ='26'!G40 -> 764.1 | AU29: ='26'!G41 -> 3421.3 | AV29: ='26'!G42 -> 5637.2 | AW29: ='26'!G43 -> 3310.8 | AX29: ='26'!G44 -> 0 | AY29: ='26'!G36 -> 1097.45 | AZ29: ='26'!G49 -> 1763 | BA29: ='26'!G51 -> 0 | BB29: ='26'!G52 -> 0 | BC29: ='26'!G53 -> 0 | BD29: ='26'!G54 -> 474.87 | BE29: ='26'!G55 -> 0 | BF29: ='26'!G56 -> 0 | BG29: ='26'!G57 -> 0 | BH29: ='26'!G50 -> 1098.85 | BI29: =SUM(AU29,AV29,BE29,BF29) -> 9058.5 | BJ29: ='26'!G133 -> 868.16 | BK29: =SUM(AP29,AU29,AV29,AW29,AZ29,BE29,BF29,BG29)/H29% -> 58.474791 | BL29: =SUM(AS29,BC29)/H29% -> 10.372508 | BM29: =(AR29+BB29)/H29 -> 0.088128431 | BN29: =J29+N29+Q29+U29 -> 347335.2 | BO29: =SUM(AU29,AV29,AW29,BE29,BF29,BG29,BJ29) -> 13237.46 | BP29: =BO29/(AD29*280) -> 1.191748
A30: 27 | B30: 27 | D30: ='27'!D3 -> 32 | E30: ='27'!D4 -> 0.76 | F30: ='27'!D2 -> 0.76 | G30: ='27'!G7 -> 27348 | H30: ='27'!G8 -> 27760 | I30: 9 | J30: =H30*I30 -> 249840 | K30: =H30/202 -> 137.42574 | L30: ='27'!G15 -> 1061 | M30: 56.2 | N30: =L30*M30 -> 59628.2 | O30: ='27'!G20 -> 280 | P30: 108 | Q30: =O30*P30 -> 30240 | R30: =O30/(F30*202/100) -> 182.38666 | S30: ='27'!G24 -> 0 | T30: 69 | U30: =S30*T30 -> 0 | V30: ='27'!G65 -> 116 | W30: ='27'!G66 -> 12 | X30: ='27'!G67 -> 78 | Y30: =V30+W30+X30 -> 206 | Z30: ='27'!G84 -> 14.7 | AA30: ='27'!G85 -> 23.6 | AB30: ='27'!G86 -> 0 | AC30: ='27'!G87 -> 0 | AD30: =Z30+AA30+AB30+AC30 -> 38.3 | AE30: =AU30+AV30+BE30+BF30 -> 9133.96 | AF30: =AE30/AD30 -> 238.4846 | AG30: ='27'!G88 -> -0.01 | AH30: ='27'!G89 -> 8.99 | AI30: ='27'!G90 -> 9.53 | AJ30: =AG30+AH30+AI30 -> 18.51 | AK30: ='27'!G91 -> 11.95 | AL30: ='27'!G92 -> 0 | AN30: =AK30+AL30 -> 11.95 | AO30: ='27'!G74 -> 317 | AP30: ='27'!G35 -> 2069.11 | AQ30: ='27'!G37 -> 1751.37 | AR30: ='27'!G38 -> 2459.95 | AS30: ='27'!G39 -> 2859.67 | AT30: ='27'!G40 -> 772.5 | AU30: ='27'!G41 -> 3426.1 | AV30: ='27'!G42 -> 5707.53 | AW30: ='27'!G43 -> 3295.57 | AX30: ='27'!G44 -> 0 | AY30: ='27'!G36 -> 1058.15 | AZ30: ='27'!G49 -> 1764.19 | BA30: ='27'!G51 -> 0 | BB30: ='27'!G52 -> 0 | BC30: ='27'!G53 -> 0 | BD30: ='27'!G54 -> 474.3 | BE30: ='27'!G55 -> -0.01 | BF30: ='27'!G56 -> 0.34 | BG30: ='27'!G57 -> 0 | BH30: ='27'!G50 -> 1105.8 | BI30: =SUM(AU30,AV30,BE30,BF30) -> 9133.96 | BJ30: ='27'!G133 -> 862.25 | BK30: =SUM(AP30,AU30,AV30,AW30,AZ30,BE30,BF30,BG30)/H30% -> 58.583682 | BL30: =SUM(AS30,BC30)/H30% -> 10.301405 | BM30: =(AR30+BB30)/H30 -> 0.088614914 | BN30: =J30+N30+Q30+U30 -> 339708.2 | BO30: =SUM(AU30,AV30,AW30,BE30,BF30,BG30,BJ30) -> 13291.78 | BP30: =BO30/(AD30*280) -> 1.2394424
A31: 28 | B31: 28 | D31: ='28'!D3 -> 32 | E31: ='28'!D4 -> 0.7 | F31: ='28'!D2 -> 0.8 | G31: ='28'!G7 -> 28316 | H31: ='28'!G8 -> 28771 | I31: 9 | J31: =H31*I31 -> 258939 | K31: =H31/202 -> 142.43069 | L31: ='28'!G15 -> 1107 | M31: 56.2 | N31: =L31*M31 -> 62213.4 | O31: ='28'!G20 -> 313 | P31: 108 | Q31: =O31*P31 -> 33804 | R31: =O31/(F31*202/100) -> 193.68812 | S31: ='28'!G24 -> 0 | T31: 69 | U31: =S31*T31 -> 0 | V31: ='28'!G65 -> 116 | W31: ='28'!G66 -> 17 | X31: ='28'!G67 -> 77 | Y31: =V31+W31+X31 -> 210 | Z31: ='28'!G84 -> 24 | AA31: ='28'!G85 -> 17 | AB31: ='28'!G86 -> -0.48 | AC31: ='28'!G87 -> 0 | AD31: =Z31+AA31+AB31+AC31 -> 40.52 | AE31: =AU31+AV31+BE31+BF31 -> 9987 | AF31: =AE31/AD31 -> 246.47088 | AG31: ='28'!G88 -> 1.17 | AH31: ='28'!G89 -> 10.07 | AI31: ='28'!G90 -> 9.96 | AJ31: =AG31+AH31+AI31 -> 21.2 | AK31: ='28'!G91 -> 11.94 | AL31: ='28'!G92 -> 0.17 | AN31: =AK31+AL31 -> 12.11 | AO31: ='28'!G74 -> 329 | AP31: ='28'!G35 -> 2136 | AQ31: ='28'!G37 -> 1728 | AR31: ='28'!G38 -> 2374 | AS31: ='28'!G39 -> 2899 | AT31: ='28'!G40 -> 760 | AU31: ='28'!G41 -> 6009 | AV31: ='28'!G42 -> 3978 | AW31: ='28'!G43 -> 3306 | AX31: ='28'!G44 -> 0 | AY31: ='28'!G36 -> 886 | AZ31: ='28'!G49 -> 1807 | BA31: ='28'!G51 -> 0 | BB31: ='28'!G52 -> 0 | BC31: ='28'!G53 -> 0 | BD31: ='28'!G54 -> 481 | BE31: ='28'!G55 -> 0 | BF31: ='28'!G56 -> 0 | BG31: ='28'!G57 -> 0 | BH31: ='28'!G50 -> 1379 | BI31: =SUM(AU31,AV31,BE31,BF31) -> 9987 | BJ31: ='28'!G133 -> 872 | BK31: =SUM(AP31,AU31,AV31,AW31,AZ31,BE31,BF31,BG31)/H31% -> 59.907546 | BL31: =SUM(AS31,BC31)/H31% -> 10.076118 | BM31: =(AR31+BB31)/H31 -> 0.082513642 | BN31: =J31+N31+Q31+U31 -> 354956.4 | BO31: =SUM(AU31,AV31,AW31,BE31,BF31,BG31,BJ31) -> 14165 | BP31: =BO31/(AD31*280) -> 1.2485016
A32: 29 | B32: 29 | D32: ='29'!D3 -> 27 | E32: ='29'!D4 -> 0.79 | F32: ='29'!D2 -> 1 | G32: ='29'!G7 -> 29985 | H32: ='29'!G8 -> 30503 | I32: 9 | J32: =H32*I32 -> 274527 | K32: =H32/202 -> 151.00495 | L32: ='29'!G15 -> 1096 | M32: 56.2 | N32: =L32*M32 -> 61595.2 | O32: ='29'!G20 -> 311 | P32: 108 | Q32: =O32*P32 -> 33588 | R32: =O32/(F32*202/100) -> 153.9604 | S32: ='29'!G24 -> 0 | T32: 69 | U32: =S32*T32 -> 0 | V32: ='29'!G65 -> 112 | W32: ='29'!G66 -> 18 | X32: ='29'!G67 -> 76 | Y32: =V32+W32+X32 -> 206 | Z32: ='29'!G84 -> 24 | AA32: ='29'!G85 -> 18.58 | AB32: ='29'!G86 -> 0 | AC32: ='29'!G87 -> 0 | AD32: =Z32+AA32+AB32+AC32 -> 42.58 | AE32: =AU32+AV32+BE32+BF32 -> 10787 | AF32: =AE32/AD32 -> 253.3349 | AG32: ='29'!G88 -> -0.17 | AH32: ='29'!G89 -> 8.34 | AI32: ='29'!G90 -> 8.65 | AJ32: =AG32+AH32+AI32 -> 16.82 | AK32: ='29'!G91 -> 11.56 | AL32: ='29'!G92 -> -0.04 | AN32: =AK32+AL32 -> 11.52 | AO32: ='29'!G74 -> 317 | AP32: ='29'!G35 -> 2288 | AQ32: ='29'!G37 -> 1726 | AR32: ='29'!G38 -> 2399 | AS32: ='29'!G39 -> 2849 | AT32: ='29'!G40 -> 748 | AU32: ='29'!G41 -> 6045 | AV32: ='29'!G42 -> 4742 | AW32: ='29'!G43 -> 3440 | AX32: ='29'!G44 -> 0 | AY32: ='29'!G36 -> 1210 | AZ32: ='29'!G49 -> 1827 | BA32: ='29'!G51 -> 0 | BB32: ='29'!G52 -> 0 | BC32: ='29'!G53 -> 0 | BD32: ='29'!G54 -> 468 | BE32: ='29'!G55 -> 0 | BF32: ='29'!G56 -> 0 | BG32: ='29'!G57 -> 0 | BH32: ='29'!G50 -> 1646 | BI32: =SUM(AU32,AV32,BE32,BF32) -> 10787 | BJ32: ='29'!G133 -> 843 | BK32: =SUM(AP32,AU32,AV32,AW32,AZ32,BE32,BF32,BG32)/H32% -> 60.13179 | BL32: =SUM(AS32,BC32)/H32% -> 9.3400649 | BM32: =(AR32+BB32)/H32 -> 0.078648002 | BN32: =J32+N32+Q32+U32 -> 369710.2 | BO32: =SUM(AU32,AV32,AW32,BE32,BF32,BG32,BJ32) -> 15070 | BP32: =BO32/(AD32*280) -> 1.2640072
A33: 30 | B33: 30 | D33: ='30'!D3 -> 32 | E33: ='30'!D4 -> 0.72 | F33: ='30'!D2 -> 0.72 | G33: ='30'!G7 -> 29861 | H33: ='30'!G8 -> 30519 | I33: 9 | J33: =H33*I33 -> 274671 | K33: =H33/202 -> 151.08416 | L33: ='30'!G15 -> 1106 | M33: 56.2 | N33: =L33*M33 -> 62157.2 | O33: ='30'!G20 -> 379 | P33: 108 | Q33: =O33*P33 -> 40932 | R33: =O33/(F33*202/100) -> 260.58856 | S33: ='30'!G24 -> 0 | T33: 69 | U33: =S33*T33 -> 0 | V33: ='30'!G65 -> 117 | W33: ='30'!G66 -> 26 | X33: ='30'!G67 -> 79 | Y33: =V33+W33+X33 -> 222 | Z33: ='30'!G84 -> 0 | AA33: ='30'!G85 -> 24.42 | AB33: ='30'!G86 -> 15 | AC33: ='30'!G87 -> 0 | AD33: =Z33+AA33+AB33+AC33 -> 39.42 | AE33: =AU33+AV33+BE33+BF33 -> 9046 | AF33: =AE33/AD33 -> 229.47742 | AG33: ='30'!G88 -> 0.12 | AH33: ='30'!G89 -> 10.22 | AI33: ='30'!G90 -> 9.53 | AJ33: =AG33+AH33+AI33 -> 19.87 | AK33: ='30'!G91 -> 12.24 | AL33: ='30'!G92 -> 0 | AN33: =AK33+AL33 -> 12.24 | AO33: ='30'!G74 -> 331 | AP33: ='30'!G35 -> 2363 | AQ33: ='30'!G37 -> 1806 | AR33: ='30'!G38 -> 2500 | AS33: ='30'!G39 -> 2900 | AT33: ='30'!G40 -> 714 | AU33: ='30'!G41 -> 315 | AV33: ='30'!G42 -> 6273 | AW33: ='30'!G43 -> 3408 | AX33: ='30'!G44 -> 0 | AY33: ='30'!G36 -> 1131 | AZ33: ='30'!G49 -> 1874 | BA33: ='30'!G51 -> -0.32 | BB33: ='30'!G52 -> 0 | BC33: ='30'!G53 -> 0 | BD33: ='30'!G54 -> 480 | BE33: ='30'!G55 -> 2458 | BF33: ='30'!G56 -> 0 | BG33: ='30'!G57 -> 0 | BH33: ='30'!G50 -> 1782 | BI33: =SUM(AU33,AV33,BE33,BF33) -> 9046 | BJ33: ='30'!G133 -> 842 | BK33: =SUM(AP33,AU33,AV33,AW33,AZ33,BE33,BF33,BG33)/H33% -> 54.690521 | BL33: =SUM(AS33,BC33)/H33% -> 9.5022773 | BM33: =(AR33+BB33)/H33 -> 0.081916183 | BN33: =J33+N33+Q33+U33 -> 377760.2 | BO33: =SUM(AU33,AV33,AW33,BE33,BF33,BG33,BJ33) -> 13296 | BP33: =BO33/(AD33*280) -> 1.2046097
A34: 31 | B34: 31 | D34: 30 | E34: ='30'!D5 -> Unit | F34: ='30'!D3 -> 32 | G34: ='31'!G7 -> 26000 | H34: ='31'!G8 -> 26000 | I34: 9 | J34: =H34*I34 -> 234000 | K34: =H34/202 -> 128.71287 | L34: ='31'!G15 -> 0 | M34: 56.2 | N34: =L34*M34 -> 0 | O34: ='31'!G20 -> 220 | P34: 108 | Q34: =O34*P34 -> 23760 | R34: =O34/(F34*202/100) -> 3.4034653 | S34: ='30'!G25 -> 0 | T34: 70 | U34: =S34*T34 -> 0 | V34: ='31'!G65 -> 0 | W34: ='31'!G66 -> 0 | X34: ='31'!G67 -> 0 | Y34: =V34+W34+X34 -> 0 | Z34: ='31'!G84 -> 0 | AA34: ='31'!G85 -> 0 | AB34: ='31'!G86 -> 0 | AC34: ='31'!G87 -> 0 | AD34: =Z34+AA34+AB34+AC34 -> 0 | AE34: =AU34+AV34+BE34+BF34 -> 0 | AF34: =AE34/AD34 -> #DIV/0! | AG34: ='31'!G88 -> 0 | AH34: ='31'!G89 -> 0 | AI34: ='31'!G90 -> 0 | AJ34: =AG34+AH34+AI34 -> 0 | AK34: ='31'!G91 -> 0 | AL34: ='31'!G92 -> 0 | AN34: =AK34+AL34 -> 0 | AO34: ='31'!G74 -> 0 | AP34: ='31'!G35 -> 0 | AQ34: ='31'!G37 -> 0 | AR34: ='31'!G38 -> 0 | AS34: ='31'!G39 -> 0 | AT34: ='31'!G40 -> 0 | AU34: ='31'!G41 -> 0 | AV34: ='31'!G42 -> 0 | AW34: ='31'!G43 -> 0 | AX34: ='31'!G44 -> 0 | AY34: ='31'!G36 -> 0 | AZ34: ='31'!G49 -> 0 | BA34: ='31'!G51 -> 0 | BB34: ='31'!G52 -> 0 | BC34: ='31'!G53 -> 0 | BD34: ='31'!G54 -> 0 | BE34: ='31'!G55 -> 0 | BF34: ='31'!G56 -> 0 | BG34: ='31'!G57 -> 0 | BH34: ='31'!G50 -> 0 | BI34: =SUM(AU34,AV34,BE34,BF34) -> 0 | BJ34: ='31'!G133 -> 0 | BK34: =SUM(AP34,AU34,AV34,AW34,AZ34,BE34,BF34,BG34)/H34% -> 0 | BL34: =SUM(AS34,BC34)/H34% -> 0 | BM34: =(AR34+BB34)/H34 -> 0 | BN34: =J34+N34+Q34+U34 -> 257760 | BO34: =SUM(AU34,AV34,AW34,BE34,BF34,BG34,BJ34) -> 0 | BP34: =BO34/(AD34*280) -> #DIV/0!
A35: Total | D35: =AVERAGE(D4:D34) -> 28.566667 | F35: =AVERAGE(F4:F34) -> 1.8594548 | G35: =SUM(G4:G34) -> 870328 | H35: =SUM(H4:H34) -> 887076.78 | I35: 9 | J35: =SUM(J4:J34) -> 7983691 | K35: =SUM(K4:K34) -> 4391.4692 | L35: =SUM(L4:L34) -> 32790 | M35: =SUM(M4:M34) -> 1742.2 | N35: =SUM(N4:N34) -> 1842798 | O35: =SUM(O4:O34) -> 9325 | P35: =SUM(P4:P34) -> 3348 | Q35: =SUM(Q4:Q34) -> 1007100 | ... BN35: =SUM(BN4:BN34) -> 10833589 | BO35: =SUM(AU35,AV35,AW35,BE35,BF35,BG35,BJ35) -> 360789.77 | BP35: =BO35/(AD35*280) -> 1.071324
B36: =B18-B17 -> 1 | C36: =C18-C17 -> 0 | D36: =D18-D17 -> 0 | E36: =E18-E17 -> -0.03 | F36: =F18-F17 -> -0.03 | H36: =H18-H17 -> -2690 | I36: =I18-I17 -> 0 | J36: =J18-J17 -> -24210 | K36: =K18-K17 -> -13.316832 | L36: =L18-L17 -> -56 | M36: =M18-M17 -> 0 | N36: =N18-N17 -> -3147.2 | O36: =O18-O17 -> -93 | ... AN36: =AN18-AN17 -> -1.19 | AP36: =AP18-AP17 -> -21 | AQ36: =AQ18-AQ17 -> -579 | AR36: =AR18-AR17 -> -58 | AS36: =AS18-AS17 -> -39 | AT36: =AT18-AT17 -> -228 | AU36: =AU18-AU17 -> -0.3 | AV36: =AV18-AV17 -> 391 | AW36: =AW18-AW17 -> -164 | AZ36: =AZ18-AZ17 -> -95 | BA36: =BA18-BA17 -> 0 | BB36: =BB18-BB17 -> -0.24 | BC36: =BC18-BC17 -> 0 | BD36: =BD18-BD17 -> -2 | BE36: =BE18-BE17 -> -3179 | BF36: =BF18-BF17 -> 1704 | BG36: =BG18-BG17 -> 0 | BK36: =BK18-BK17 -> -0.056431686 | BL36: =BL18-BL17 -> 0.85982217 | BN36: =BN18-BN17 -> -37401.2 | BO36: =BO18-BO17 -> -1313.3
F37: =AVERAGE(F4:F35) -> 1.8594548 | H37: =AVERAGE(H4:H35) -> 55442.299
B38: Guest complaint | F38: =AVERAGE(F4:F35) -> 1.8594548
BI41: =(BI31+BJ31)/400 -> 27.1475

Sheet Occupancy
B1: Hotel Paid Occupancy Occ% | C1: Room Nights | D1: Comp Night | E1: Cummulative % | F1: Total Covers Guests | G1: Total Room Nights | H1: Paid occ % | J1: KWH/Room
A2: 1 | B2: =C2/202% -> 76.237624 | C2: 154 | D2: 7 | E2: =(C2+D2)/202% -> 79.70297 | F2: 814 | G2: =C2+D2 -> 161 | H2: =C2/202% -> 76.237624 | J2: ='Section Load'!C5/G2 -> 170.26571 | K2: =10/202 -> 0.04950495
A3: 2 | B3: =C3/202% -> 65.841584 | C3: 133 | D3: 8 | E3: =(C3+D3)/202% -> 69.80198 | F3: 1019 | G3: =C3+D3 -> 141 | H3: =C3/202% -> 65.841584 | J3: ='Section Load'!C6/G3 -> 193.84397
A4: 3 | B4: =C4/202% -> 68.811881 | C4: 139 | D4: 5 | E4: =(C4+D4)/202% -> 71.287129 | F4: 621 | G4: =C4+D4 -> 144 | H4: =C4/202% -> 68.811881 | J4: ='Section Load'!C7/G4 -> 187.27778 | Q4: =C2/202 -> 0.76237624
A5: 4 | B5: =C5/202% -> 84.653465 | C5: 171 | D5: 6 | E5: =(C5+D5)/202% -> 87.623762 | F5: 603 | G5: =C5+D5 -> 177 | H5: =C5/202% -> 84.653465 | J5: ='Section Load'!C8/G5 -> 152.14689
A6: 5 | B6: =C6/202% -> 83.168317 | C6: 168 | D6: 6 | E6: =(C6+D6)/202% -> 86.138614 | F6: 574 | G6: =C6+D6 -> 174 | H6: =C6/202% -> 83.168317 | J6: ='Section Load'!C9/G6 -> 157.87937
A7: 6 | B7: =C7/202% -> 81.683168 | C7: 165 | D7: 6 | E7: =(C7+D7)/202% -> 84.653465 | F7: 692 | G7: =C7+D7 -> 171 | H7: =C7/202% -> 81.683168 | J7: ='Section Load'!C10/G7 -> 164.62608
A8: 7 | B8: =C8/202% -> 85.643564 | C8: 173 | D8: 5 | E8: =(C8+D8)/202% -> 88.118812 | F8: 759 | G8: =C8+D8 -> 178 | H8: =C8/202% -> 85.643564 | J8: ='Section Load'!C11/G8 -> 159.94202 | K8: Pool & Spa wet facilites startted
A9: 8 | B9: =C9/202% -> 81.188119 | C9: 164 | D9: 5 | E9: =(C9+D9)/202% -> 83.663366 | F9: 795 | G9: =C9+D9 -> 169 | H9: =C9/202% -> 81.188119 | J9: ='Section Load'!C12/G9 -> 172.4432
A10: 9 | B10: =C10/202% -> 77.722772 | C10: 157 | D10: 6 | E10: =(C10+D10)/202% -> 80.693069 | F10: 917 | G10: =C10+D10 -> 163 | H10: =C10/202% -> 77.722772 | J10: ='Section Load'!C13/G10 -> 184.04908
A11: 10 | B11: =C11/202% -> 73.762376 | C11: 149 | D11: 5 | E11: =(C11+D11)/202% -> 76.237624 | F11: 652 | G11: =C11+D11 -> 154 | H11: =C11/202% -> 73.762376 | J11: ='Section Load'!C14/G11 -> 202.41461
A12: 11 | B12: =C12/202% -> 82.178218 | C12: 166 | D12: 6 | E12: =(C12+D12)/202% -> 85.148515 | F12: 591 | G12: =C12+D12 -> 172 | H12: =C12/202% -> 82.178218 | J12: ='Section Load'!C15/G12 -> 156.68895
A13: 12 | B13: =C13/202% -> 84.158416 | C13: 170 | D13: 5 | E13: =(C13+D13)/202% -> 86.633663 | F13: 937 | G13: =C13+D13 -> 175 | H13: =C13/202% -> 84.158416 | J13: ='Section Load'!C16/G13 -> 163.36
A14: 13 | B14: =C14/202% -> 83.168317 | C14: 168 | D14: 8 | E14: =(C14+D14)/202% -> 87.128713 | F14: 491 | G14: =C14+D14 -> 176 | H14: =C14/202% -> 83.168317 | J14: ='Section Load'!C17/G14 -> 165.34091
A15: 14 | B15: =C15/202% -> 79.70297 | C15: 161 | D15: 7 | E15: =(C15+D15)/202% -> 83.168317 | F15: 595 | G15: =C15+D15 -> 168 | H15: =C15/202% -> 79.70297 | J15: ='Section Load'!C18/G15 -> 185.9881
A16: 15 | B16: =C16/202% -> 84.653465 | C16: 171 | D16: 5 | E16: =(C16+D16)/202% -> 87.128713 | F16: 549 | G16: =C16+D16 -> 176 | H16: =C16/202% -> 84.653465 | J16: ='Section Load'!C19/G16 -> 162.25
A17: 16 | B17: =C17/202% -> 85.643564 | C17: 173 | D17: 6 | E17: =(C17+D17)/202% -> 88.613861 | F17: 575 | G17: =C17+D17 -> 179 | H17: =C17/202% -> 85.643564 | J17: ='Section Load'!C20/G17 -> 152.06704
A18: 17 | B18: =C18/202% -> 75.247525 | C18: 152 | D18: 6 | E18: =(C18+D18)/202% -> 78.217822 | F18: 832 | G18: =C18+D18 -> 158 | H18: =C18/202% -> 75.247525 | J18: ='Section Load'!C21/G18 -> 181.27215
A19: 18 | B19: =C19/202% -> 74.752475 | C19: 151 | D19: 5 | E19: =(C19+D19)/202% -> 77.227723 | F19: 1196 | G19: =C19+D19 -> 156 | H19: =C19/202% -> 74.752475 | J19: ='Section Load'!C22/G19 -> 178.95513
A20: 19 | B20: =C20/202% -> 86.138614 | C20: 174 | D20: 6 | E20: =(C20+D20)/202% -> 89.108911 | F20: 524 | G20: =C20+D20 -> 180 | H20: =C20/202% -> 86.138614 | J20: ='Section Load'!C23/G20 -> 155.15556
... A22: 21 | B22: =C22/202% -> 77.722772 | C22: 157 | D22: 10 | E22: =(C22+D22)/202% -> 82.673267 | F22: 566 | G22: =C22+D22 -> 167 | H22: =C22/202% -> 77.722772 | J22: ='Section Load'!C25/G22 -> 175.28695
A23: 22 | B23: 83 | C23: 141 | D23: 10 | E23: =(C23+D23)/202% -> 74.752475 | F23: 1733 | G23: =C23+D23 -> 151 | H23: =C23/202% -> 69.80198 | J23: ='Section Load'!C26/G23 -> 193.38437
A24: 23 | B24: 98 | C24: 154 | D24: 13 | E24: =(C24+D24)/202% -> 82.673267 | F24: 935 | G24: =C24+D24 -> 167 | H24: =C24/202% -> 76.237624 | J24: ='Section Load'!C27/G24 -> 189.51138
A25: 24 | B25: =C25/202% -> 67.326733 | C25: 136 | D25: 13 | E25: =(C25+D25)/202% -> 73.762376 | F25: 693 | G25: =C25+D25 -> 149 | H25: =C25/202% -> 67.326733 | J25: ='Section Load'!C28/G25 -> 205.00987
A26: 25 | B26: =C26/202% -> 77.227723 | C26: 156 | D26: 9 | E26: =(C26+D26)/202% -> 81.683168 | F26: 422 | G26: =C26+D26 -> 165 | H26: =C26/202% -> 77.227723 | J26: ='Section Load'!C29/G26 -> 169.11576
A27: 26 | B27: =C27/202% -> 76.237624 | C27: 154 | D27: 6 | E27: =(C27+D27)/202% -> 79.207921 | F27: 541 | G27: =C27+D27 -> 160 | H27: =C27/202% -> 76.237624 | J27: ='Section Load'!C30/G27 -> 173.05
A28: 27 | B28: =C28/202% -> 80.19802 | C28: 162 | D28: 6 | E28: =(C28+D28)/202% -> 83.168317 | F28: 570 | G28: =C28+D28 -> 168 | H28: =C28/202% -> 80.19802 | J28: ='Section Load'!C31/G28 -> 165.2381
A29: 28 | B29: =C29/202% -> 83.168317 | C29: 168 | D29: 8 | E29: =(C29+D29)/202% -> 87.128713 | F29: 448 | G29: =C29+D29 -> 176 | H29: =C29/202% -> 83.168317 | J29: ='Section Load'!C32/G29 -> 163.47159
A30: 29 | B30: =C30/202% -> 84.158416 | C30: 170 | D30: 7 | E30: =(C30+D30)/202% -> 87.623762 | F30: 500 | G30: =C30+D30 -> 177 | H30: =C30/202% -> 84.158416 | J30: ='Section Load'!C33/G30 -> 172.33333
A31: 30 | B31: =C31/202% -> 80.693069 | C31: 163 | D31: 8 | E31: =(C31+D31)/202% -> 84.653465 | F31: 1083 | G31: =C31+D31 -> 171 | H31: =C31/202% -> 80.693069 | J31: ='Section Load'!C34/G31 -> 178.47368
A32: 31 | B32: =C32/202% -> 0 | E32: =(C32+D32)/202% -> 0 | H32: =C32/202% -> 0 | J32: ='Section Load'!C35/G32 -> #DIV/0!
A33: Average | B33: =AVERAGE(B2:B31) -> 80.175248 | C33: 154 | D33: =AVERAGE(D2:D31) -> 7.1 | E33: =AVERAGE(E2:E31) -> 82.524752 | F33: =AVERAGE(F2:F31) -> 732.03333 | G33: =AVERAGE(G2:G31) -> 166.7 | H33: =AVERAGE(H2:H31) -> 79.009901
A34: total | C34: =SUM(C2:C32) -> 4788 | D34: =SUM(D2:D32) -> 213 | E34: =SUM(E2:E32) -> 2475.7426 | F34: =SUM(F2:F32) -> 21961 | G34: =SUM(G2:G32) -> 5001 | H34: =SUM(H2:H32) -> 2370.297

Sheet Water Report
C3: Date | D3: 1 | E3: 2 | F3: 3 | G3: 4 | H3: 5 | I3: 6 | J3: 7 | K3: 8 | L3: 9 | M3: 10 | N3: 11 | O3: 12 | P3: 13 | Q3: 14 | R3: 15 | S3: 16 | T3: 17 | U3: 18 | V3: 19 | W3: 20 | X3: 21 | Y3: 22 | Z3: 23 | AA3: 24 | AB3: 25 | AC3: 26 | AD3: 27 | AE3: 28 | AF3: 29 | AG3: 30 | AH3: 31
C4: occupancy | D4: =Occupancy!B2 -> 76.237624 | E4: =Occupancy!B3 -> 65.841584 | F4: =Occupancy!C3 -> 133 | G4: =Occupancy!D3 -> 8 | H4: =Occupancy!E3 -> 69.80198 | I4: =Occupancy!F3 -> 1019 | J4: =Occupancy!G3 -> 141 | K4: =Occupancy!H3 -> 65.841584 | L4: =Occupancy!I3 -> 0 | ... AH4: =Occupancy!AE3 -> 0
C5: Tanker | D5: ='1'!G18 -> 280 | E5: ='2'!G18 -> 240 | F5: ='3'!G18 -> 280 | G5: ='4'!G18 -> 280 | H5: ='5'!G18 -> 240 | I5: ='6'!G18 -> 260 | J5: ='7'!G18 -> 160 | K5: ='8'!G18 -> 230 | L5: ='9'!G18 -> 290 | M5: ='10'!G18 -> 310 | N5: ='11'!G18 -> 210 | O5: ='12'!G18 -> 210 | P5: ='13'!G18 -> 240 | Q5: ='14'!G18 -> 310 | R5: ='15'!G18 -> 220 | S5: ='16'!G18 -> 310 | T5: ='17'!G18 -> 220 | U5: ='18 '!G18 -> 200 | V5: ='19'!G18 -> 220 | W5: ='20'!G18 -> 270 | X5: ='21'!G18 -> 230 | Y5: ='22'!G18 -> 240 | Z5: ='23'!G18 -> 240 | AA5: ='24'!G18 -> 260 | AB5: ='25'!G18 -> 330 | AC5: ='26'!G18 -> 280 | AD5: ='27'!G18 -> 230 | AE5: ='28'!G18 -> 260 | AF5: ='29'!G18 -> 260 | AG5: ='30'!G18 -> 330 | AH5: ='31'!G18 -> 220
C6: BMC | D6: ='1'!G19 -> 51 | E6: ='2'!G19 -> 45 | F6: ='3'!G19 -> 49 | G6: ='4'!G19 -> 46 | H6: ='5'!G19 -> 46 | I6: ='6'!G19 -> 50 | J6: ='7'!G19 -> 46 | K6: ='8'!G19 -> 48 | L6: ='9'!G19 -> 37 | M6: ='10'!G19 -> 46 | N6: ='11'!G19 -> 51 | O6: ='12'!G19 -> 50 | P6: ='13'!G19 -> 48 | Q6: ='14'!G19 -> 52 | R6: ='15'!G19 -> 49 | S6: ='16'!G19 -> 52 | T6: ='17'!G19 -> 50 | U6: ='18 '!G19 -> 55 | V6: ='19'!G19 -> 54 | W6: ='20'!G19 -> 37 | X6: ='21'!G19 -> 47 | Y6: ='22'!G19 -> 56 | Z6: ='23'!G19 -> 51 | AA6: ='24'!G19 -> 47 | AB6: ='25'!G19 -> 51 | AC6: ='26'!G19 -> 48 | AD6: ='27'!G19 -> 50 | AE6: ='28'!G19 -> 53 | AF6: ='29'!G19 -> 51 | AG6: ='30'!G19 -> 49 | AH6: ='31'!G19 -> 0
C7: R.O. Plant Production | D7: ='1'!G62 -> 210 | E7: ='2'!G62 -> 186 | F7: ='3'!G62 -> 200 | G7: ='4'!G62 -> 170 | H7: ='5'!G62 -> 173 | I7: ='6'!G62 -> 171 | J7: ='7'!G62 -> 151 | K7: ='8'!G62 -> 166 | L7: ='9'!G62 -> 185 | M7: ='10'!G62 -> 232 | N7: ='11'!G62 -> 164 | O7: ='12'!G62 -> 160 | P7: ='13'!G62 -> 208 | Q7: ='14'!G62 -> 163 | R7: ='15'!G62 -> 179 | S7: ='16'!G62 -> 188 | T7: ='17'!G62 -> 174 | U7: ='18 '!G62 -> 147 | V7: ='19'!G62 -> 183 | W7: ='20'!G62 -> 164 | X7: ='21'!G62 -> 194 | Y7: ='22'!G62 -> 170 | Z7: ='23'!G62 -> 211 | AA7: ='24'!G62 -> 196 | AB7: ='25'!G62 -> 192 | AC7: ='26'!G62 -> 177 | AD7: ='27'!G62 -> 162 | AE7: ='28'!G62 -> 166 | AF7: ='29'!G62 -> 169 | AG7: ='30'!G62 -> 172 | AH7: ='31'!G62 -> 0
C8: STP Production | D8: ='1'!G63 -> 186 | E8: ='2'!G63 -> 133 | F8: ='3'!G63 -> 162 | G8: ='4'!G63 -> 129 | H8: ='5'!G63 -> 166 | I8: ='6'!G63 -> 165 | J8: ='7'!G63 -> 123 | K8: ='8'!G63 -> 166 | L8: ='9'!G63 -> 143 | M8: ='10'!G63 -> 176 | N8: ='11'!G63 -> 133 | O8: ='12'!G63 -> 158 | P8: ='13'!G63 -> 144 | Q8: ='14'!G63 -> 136 | R8: ='15'!G63 -> 157 | S8: ='16'!G63 -> 137 | T8: ='17'!G63 -> 150 | U8: ='18 '!G63 -> 144 | V8: ='19'!G63 -> 154 | W8: ='20'!G63 -> 154 | X8: ='21'!G63 -> 183 | Y8: ='22'!G63 -> 140 | Z8: ='23'!G63 -> 153 | AA8: ='24'!G63 -> 123 | AB8: ='25'!G63 -> 132 | AC8: ='26'!G63 -> 123 | AD8: ='27'!G63 -> 146 | AE8: ='28'!G63 -> 107 | AF8: ='29'!G63 -> 144 | AG8: ='30'!G63 -> 131 | AH8: ='31'!G63 -> 0
B9: Domestic Water | C9: Zone-1 | D9: ='1'!G65 -> 137 | E9: ='2'!G65 -> 98 | F9: ='3'!G65 -> 114 | G9: ='4'!G65 -> 101 | H9: ='5'!G65 -> 109 | I9: ='6'!G65 -> 115 | J9: ='7'!G65 -> 101 | K9: ='8'!G65 -> 116 | L9: ='9'!G65 -> 102 | M9: ='10'!G65 -> 123 | N9: ='11'!G65 -> 127 | O9: ='12'!G65 -> 117 | P9: ='13'!G65 -> 134 | Q9: ='14'!G65 -> 110 | R9: ='15'!G65 -> 113 | S9: ='16'!G65 -> 112 | T9: ='17'!G65 -> 99 | U9: ='18 '!G65 -> 116 | V9: ='19'!G65 -> 127 | W9: ='20'!G65 -> 97 | X9: ='21'!G65 -> 124 | Y9: ='22'!G65 -> 116 | Z9: ='23'!G65 -> 150 | AA9: ='24'!G65 -> 94 | AB9: ='25'!G65 -> 116 | AC9: ='26'!G65 -> 132 | AD9: ='27'!G65 -> 116 | AE9: ='28'!G65 -> 116 | AF9: ='29'!G65 -> 112 | AG9: ='30'!G65 -> 117 | AH9: ='31'!G65 -> 0
C10: Zone-2 | D10: ='1'!G66 -> 18 | E10: ='2'!G66 -> 16 | F10: ='3'!G66 -> 14 | G10: ='4'!G66 -> 14 | H10: ='5'!G66 -> 18 | I10: ='6'!G66 -> 16 | J10: ='7'!G66 -> 13 | K10: ='8'!G66 -> 20 | L10: ='9'!G66 -> 17 | M10: ='10'!G66 -> 22 | N10: ='11'!G66 -> 15 | O10: ='12'!G66 -> 18 | P10: ='13'!G66 -> 15 | Q10: ='14'!G66 -> 16 | R10: ='15'!G66 -> 23 | S10: ='16'!G66 -> 25 | T10: ='17'!G66 -> 24 | U10: ='18 '!G66 -> 12 | V10: ='19'!G66 -> 12 | W10: ='20'!G66 -> 14 | X10: ='21'!G66 -> 17 | Y10: ='22'!G66 -> 13 | Z10: ='23'!G66 -> 17 | AA10: ='24'!G66 -> 20 | AB10: ='25'!G66 -> 15 | AC10: ='26'!G66 -> 14 | AD10: ='27'!G66 -> 12 | AE10: ='28'!G66 -> 17 | AF10: ='29'!G66 -> 18 | AG10: ='30'!G66 -> 26 | AH10: ='31'!G66 -> 0
C11: Zone-3 | D11: ='1'!G67 -> 79 | E11: ='2'!G67 -> 84 | F11: ='3'!G67 -> 74 | G11: ='4'!G67 -> 68 | H11: ='5'!G67 -> 71 | I11: ='6'!G67 -> 72 | J11: ='7'!G67 -> 71 | K11: ='8'!G67 -> 76 | L11: ='9'!G67 -> 72 | M11: ='10'!G67 -> 87 | N11: ='11'!G67 -> 71 | O11: ='12'!G67 -> 71 | P11: ='13'!G67 -> 69 | Q11: ='14'!G67 -> 77 | R11: ='15'!G67 -> 80 | S11: ='16'!G67 -> 71 | T11: ='17'!G67 -> 86 | U11: ='18 '!G67 -> 69 | V11: ='19'!G67 -> 63 | W11: ='20'!G67 -> 94 | X11: ='21'!G67 -> 78 | Y11: ='22'!G67 -> 82 | Z11: ='23'!G67 -> 89 | AA11: ='24'!G67 -> 83 | AB11: ='25'!G67 -> 80 | AC11: ='26'!G67 -> 80 | AD11: ='27'!G67 -> 78 | AE11: ='28'!G67 -> 77 | AF11: ='29'!G67 -> 76 | AG11: ='30'!G67 -> 79 | AH11: ='31'!G67 -> 0
B13: Flushing Water | C13: Zone-1 | D13: ='1'!G68 -> 65 | E13: ='2'!G68 -> 79 | F13: ='3'!G68 -> 84 | G13: ='4'!G68 -> 46 | H13: ='5'!G68 -> 54 | I13: ='6'!G68 -> 49 | J13: ='7'!G68 -> 53 | K13: ='8'!G68 -> 47 | L13: ='9'!G68 -> 30 | M13: ='10'!G68 -> 44 | N13: ='11'!G68 -> 19 | O13: ='12'!G68 -> 48 | P13: ='13'!G68 -> 62 | Q13: ='14'!G68 -> 27 | R13: ='15'!G68 -> 20 | S13: ='16'!G68 -> 14 | T13: ='17'!G68 -> 22 | U13: ='18 '!G68 -> 16 | V13: ='19'!G68 -> 17 | W13: ='20'!G68 -> 33 | X13: ='21'!G68 -> 95 | Y13: ='22'!G68 -> 58 | Z13: ='23'!G68 -> 70 | AA13: ='24'!G68 -> 55 | AB13: ='25'!G68 -> 73 | AC13: ='26'!G68 -> 53 | AD13: ='27'!G68 -> 55 | AE13: ='28'!G68 -> 43 | AF13: ='29'!G68 -> 15 | AG13: ='30'!G68 -> 25 | AH13: ='31'!G68 -> 0
C14: Zone-2 | D14: ='1'!G69 -> 8 | E14: ='2'!G69 -> 26 | F14: ='3'!G69 -> 27 | G14: ='4'!G69 -> 6 | H14: ='5'!G69 -> 17 | I14: ='6'!G69 -> 11 | J14: ='7'!G69 -> 14 | K14: ='8'!G69 -> 11 | L14: ='9'!G69 -> 20 | M14: ='10'!G69 -> 16 | N14: ='11'!G69 -> 17 | O14: ='12'!G69 -> 5 | P14: ='13'!G69 -> 11 | Q14: ='14'!G69 -> 11 | R14: ='15'!G69 -> 9 | S14: ='16'!G69 -> 16 | T14: ='17'!G69 -> 9 | U14: ='18 '!G69 -> 6 | V14: ='19'!G69 -> 9 | W14: ='20'!G69 -> 6 | X14: ='21'!G69 -> 15 | Y14: ='22'!G69 -> 12 | Z14: ='23'!G69 -> 7 | AA14: ='24'!G69 -> 10 | AB14: ='25'!G69 -> 25 | AC14: ='26'!G69 -> 28 | AD14: ='27'!G69 -> 16 | AE14: ='28'!G69 -> 7 | AF14: ='29'!G69 -> 14 | AG14: ='30'!G69 -> 8 | AH14: ='31'!G69 -> 0
C15: Zone-3 | D15: ='1'!G70 -> 7 | E15: ='2'!G70 -> 8 | F15: ='3'!G70 -> 8 | G15: ='4'!G70 -> 6 | H15: ='5'!G70 -> 6 | I15: ='6'!G70 -> 7 | J15: ='7'!G70 -> 8 | K15: ='8'!G70 -> 18 | L15: ='9'!G70 -> 10 | M15: ='10'!G70 -> 7 | N15: ='11'!G70 -> 7 | O15: ='12'!G70 -> 14 | P15: ='13'!G70 -> 8 | Q15: ='14'!G70 -> 9 | R15: ='15'!G70 -> 8 | S15: ='16'!G70 -> 9 | T15: ='17'!G70 -> 11 | U15: ='18 '!G70 -> 7 | V15: ='19'!G70 -> 11 | W15: ='20'!G70 -> 17 | X15: ='21'!G70 -> 8 | Y15: ='22'!G70 -> 6 | Z15: ='23'!G70 -> 9 | AA15: ='24'!G70 -> 17 | AB15: ='25'!G70 -> 8 | AC15: ='26'!G70 -> 7 | AD15: ='27'!G70 -> 9 | AE15: ='28'!G70 -> 7 | AF15: ='29'!G70 -> 8 | AG15: ='30'!G70 -> 8 | AH15: ='31'!G70 -> 0
B17: Branches ( Domestic water ) | C17: Pool | D17: ='1'!G173 -> 1 | E17: ='2'!G173 -> 0 | F17: ='3'!G173 -> 0 | G17: ='4'!G173 -> 0 | H17: ='5'!G173 -> 0 | I17: ='6'!G173 -> 0 | J17: ='7'!G173 -> 0 | K17: ='8'!G173 -> 0 | L17: ='9'!G173 -> 0 | M17: ='10'!G173 -> 0 | N17: ='11'!G173 -> 0 | O17: ='12'!G173 -> 0 | P17: ='13'!G173 -> 0 | Q17: ='14'!G173 -> 0 | R17: ='15'!G173 -> 10 | S17: ='16'!G173 -> 2 | T17: ='17'!G173 -> 0 | U17: ='18 '!G173 -> 1 | V17: ='19'!G173 -> 0 | W17: ='20'!G173 -> 73 | X17: ='21'!G173 -> 0 | Y17: ='22'!G173 -> 0 | Z17: ='23'!G173 -> 6 | AA17: ='24'!G173 -> 0 | AB17: ='25'!G173 -> 3 | AC17: ='26'!G173 -> 2 | AD17: ='27'!G173 -> 0 | AE17: ='28'!G173 -> 21 | AF17: ='29'!G173 -> 0 | AG17: ='30'!G173 -> 0 | AH17: ='31'!G173 -> 0
C18: B2 Laundry | D18: ='1'!G174 -> 15 | E18: ='2'!G174 -> 14 | F18: ='3'!G174 -> 14 | G18: ='4'!G174 -> 14 | H18: ='5'!G174 -> 14 | I18: ='6'!G174 -> 15 | J18: ='7'!G174 -> 16 | K18: ='8'!G174 -> 15 | L18: ='9'!G174 -> 14 | M18: ='10'!G174 -> 16 | N18: ='11'!G174 -> 17 | O18: ='12'!G174 -> 15 | P18: ='13'!G174 -> 14 | Q18: ='14'!G174 -> 15 | R18: ='15'!G174 -> 15 | S18: ='16'!G174 -> 17 | T18: ='17'!G174 -> 16 | U18: ='18 '!G174 -> 16 | V18: ='19'!G174 -> 18 | W18: ='20'!G174 -> 14 | X18: ='21'!G174 -> 16 | Y18: ='22'!G174 -> 16 | Z18: ='23'!G174 -> 13 | AA18: ='24'!G174 -> 29 | AB18: ='25'!G174 -> 15 | AC18: ='26'!G174 -> 16 | AD18: ='27'!G174 -> 13 | AE18: ='28'!G174 -> 15 | AF18: ='29'!G174 -> 15 | AG18: ='30'!G174 -> 14 | AH18: ='31'!G174 -> 0
C19: Boiler Feed Water | D19: ='1'!G175 -> 11 | E19: ='2'!G175 -> 12 | F19: ='3'!G175 -> 14 | G19: ='4'!G175 -> 10 | H19: ='5'!G175 -> 14 | I19: ='6'!G175 -> 13 | J19: ='7'!G175 -> 13 | K19: ='8'!G175 -> 12 | L19: ='9'!G175 -> 13 | M19: ='10'!G175 -> 10 | N19: ='11'!G175 -> 13 | O19: ='12'!G175 -> 10 | P19: ='13'!G175 -> 13 | Q19: ='14'!G175 -> 10 | R19: ='15'!G175 -> 14 | S19: ='16'!G175 -> 12 | T19: ='17'!G175 -> 14 | U19: ='18 '!G175 -> 14 | V19: ='19'!G175 -> 14 | W19: ='20'!G175 -> 11 | X19: ='21'!G175 -> 13 | Y19: ='22'!G175 -> 12 | Z19: ='23'!G175 -> 13 | AA19: ='24'!G175 -> 12 | AB19: ='25'!G175 -> 12 | AC19: ='26'!G175 -> 11 | AD19: ='27'!G175 -> 11 | AE19: ='28'!G175 -> 13 | AF19: ='29'!G175 -> 12 | AG19: ='30'!G175 -> 11 | AH19: ='31'!G175 -> 0
B21: Branches ( STP Water ) | C21: CT water | D21: ='1'!G178 -> 105 | E21: ='2'!G178 -> 85 | F21: ='3'!G178 -> 84 | G21: ='4'!G178 -> 83 | H21: ='5'!G178 -> 86 | I21: ='6'!G178 -> 106 | J21: ='7'!G178 -> 84 | K21: ='8'!G178 -> 109 | L21: ='9'!G178 -> 110 | M21: ='10'!G178 -> 107 | N21: ='11'!G178 -> 85 | O21: ='12'!G178 -> 106 | P21: ='13'!G178 -> 79 | Q21: ='14'!G178 -> 112 | R21: ='15'!G178 -> 106 | S21: ='16'!G178 -> 107 | T21: ='17'!G178 -> 107 | U21: ='18 '!G178 -> 106 | V21: ='19'!G178 -> 86 | W21: ='20'!G178 -> 107 | X21: ='21'!G178 -> 107 | Y21: ='22'!G178 -> 85 | Z21: ='23'!G178 -> 107 | AA21: ='24'!G178 -> 107 | AB21: ='25'!G178 -> 108 | AC21: ='26'!G178 -> 130 | AD21: ='27'!G178 -> 107 | AE21: ='28'!G178 -> 84 | AF21: ='29'!G178 -> 106 | AG21: ='30'!G178 -> 86 | AH21: ='31'!G178 -> 0
C22: STP flush | D22: ='1'!G179 -> 0 | E22: ='2'!G179 -> 32 | F22: ='3'!G179 -> 38 | G22: ='4'!G179 -> 0 | H22: ='5'!G179 -> 4 | I22: ='6'!G179 -> 9 | J22: ='7'!G179 -> 13 | K22: ='8'!G179 -> 0 | L22: ='9'!G179 -> 0 | M22: ='10'!G179 -> 0 | N22: ='11'!G179 -> 0 | O22: ='12'!G179 -> 0 | P22: ='13'!G179 -> 0 | Q22: ='14'!G179 -> 0 | R22: ='15'!G179 -> 0 | S22: ='16'!G179 -> 0 | T22: ='17'!G179 -> 0 | U22: ='18 '!G179 -> 0 | V22: ='19'!G179 -> 0 | W22: ='20'!G179 -> 0 | X22: ='21'!G179 -> 17 | Y22: ='22'!G179 -> 5 | Z22: ='23'!G179 -> 7 | AA22: ='24'!G179 -> 0 | AB22: ='25'!G179 -> 26 | AC22: ='26'!G179 -> 3 | AD22: ='27'!G179 -> 4 | AE22: ='28'!G179 -> 0 | AF22: ='29'!G179 -> 1 | AG22: ='30'!G179 -> 0 | AH22: ='31'!G179 -> 0
C23: Garden | D23: ='1'!G180 -> 0 | E23: ='2'!G180 -> 17 | F23: ='3'!G180 -> 0 | G23: ='4'!G180 -> 0 | H23: ='5'!G180 -> 16 | I23: ='6'!G180 -> 15 | J23: ='7'!G180 -> 3 | K23: ='8'!G180 -> 13 | L23: ='9'!G180 -> 18 | M23: ='10'!G180 -> 2 | N23: ='11'!G180 -> 17 | O23: ='12'!G180 -> 5 | P23: ='13'!G180 -> 4 | Q23: ='14'!G180 -> 7 | R23: ='15'!G180 -> 17 | S23: ='16'!G180 -> 0 | T23: ='17'!G180 -> 21 | U23: ='18 '!G180 -> 3 | V23: ='19'!G180 -> 6 | W23: ='20'!G180 -> 15 | X23: ='21'!G180 -> 3 | Y23: ='22'!G180 -> 4 | Z23: ='23'!G180 -> 9 | AA23: ='24'!G180 -> 3 | AB23: ='25'!G180 -> 4 | AC23: ='26'!G180 -> 7 | AD23: ='27'!G180 -> 8 | AE23: ='28'!G180 -> 13 | AF23: ='29'!G180 -> 5 | AG23: ='30'!G180 -> 21 | AH23: ='31'!G180 -> 0
B24: Total Tanke(RO) + BMC | D24: =SUM(D5:D6) -> 331 | E24: =SUM(E5:E6) -> 285 | F24: =SUM(F5:F6) -> 329 | G24: =SUM(G5:G6) -> 326 | H24: =SUM(H5:H6) -> 286 | I24: =SUM(I5:I6) -> 310 | J24: =SUM(J5:J6) -> 206 | K24: =SUM(K5:K6) -> 278 | ... AH24: =SUM(AH5:AH6) -> 220
B25: Domestic consumption | D25: =SUM(D9:D11,D14:D15,) -> 249 | E25: =SUM(E9:E11,E14:E15,) -> 232 | F25: =SUM(F9:F11,F14:F15,) -> 237 | G25: =SUM(G9:G11,G14:G15,) -> 195 | H25: =SUM(H9:H11,H14:H15,) -> 221 | I25: =SUM(I9:I11,I14:I15,) -> 221 | J25: =SUM(J9:J11,J14:J15,) -> 207 | K25: =SUM(K9:K11,K14:K15,) -> 241 | ... AI25: =SUM(AI9:AI11,AI14:AI15,) -> 0
B27: STP +Flush Consumption | D27: =SUM(D13,D21,D23) -> 170 | E27: =SUM(E13,E21,E23) -> 181 | F27: =SUM(F13,F21,F23) -> 168 | G27: =SUM(G13,G21,G23) -> 129 | H27: =SUM(H13,H21,H23) -> 156 | I27: =SUM(I13,I21,I23) -> 170 | J27: =SUM(J13,J21,J23) -> 140 | K27: =SUM(K13,K21,K23) -> 169 | ... AH27: =SUM(AH13,AH21,AH23) -> 0 | AI27: =SUM(AI13) -> 0
B29: BOH | D29: =D9 -> 137 | E29: =E9 -> 98 | F29: =F9 -> 114 | G29: =G9 -> 101 | H29: =H9 -> 109 | I29: =I9 -> 115 | J29: =J9 -> 101 | K29: =K9 -> 116 | ... AH29: =AH9 -> 0
B30: Guest Floor | D30: =SUM(D10:D11,D14:D15) -> 112 | E30: =SUM(E10:E11,E14:E15) -> 134 | F30: =SUM(F10:F11,F14:F15) -> 123 | G30: =SUM(G10:G11,G14:G15) -> 94 | H30: =SUM(H10:H11,H14:H15) -> 112 | I30: =SUM(I10:I11,I14:I15) -> 106 | J30: =SUM(J10:J11,J14:J15) -> 106 | K30: =SUM(K10:K11,K14:K15) -> 125 | ... AH30: =SUM(AH10:AH11,AH14:AH15) -> 0
B31: Guest floor% | D31: =D30/SUM(D29:D30)% -> 44.97992 | E31: =E30/SUM(E29:E30)% -> 57.758621 | F31: =F30/SUM(F29:F30)% -> 51.898734 | G31: =G30/SUM(G29:G30)% -> 48.205128 | H31: =H30/SUM(H29:H30)% -> 50.678733 | I31: =I30/SUM(I29:I30)% -> 47.963801 | J31: =J30/SUM(J29:J30)% -> 51.207729 | K31: =K30/SUM(K29:K30)% -> 51.86722 | ... AH31: =AH30/SUM(AH29:AH30)% -> #DIV/0!

Sheet Section Load
F2: Transformer -Load | N2: Electrical | AV2: Boiler Running | BB2: diff wrt feeder | BC2: Var%
AN3: Gas consumption | AU3: Boiler Running Hours
A4: Date | B4: HT Kwh | C4: HT Kvah | D4: MGL Gas | E4: Water | F4: HVAC | G4: Fire & Emergency PP | H4: Main PP | I4: Lighting PP | J4: CH-1+ CH2+CH3+CH4 | K4: Chilled water Pump | L4: Ball Room-1 | M4: Ball Room-2 | N4: MK-1 | O4: MK-2 | P4: Prato | Q4: San- Qi Indian | R4: San- Qi Japanese | S4: The club | T4: AER | U4: COLD ROOM'S | V4: Ball Room 1 | W4: Ball Room 2 | X4: B1 Laundry | Y4: B2 Laundry | Z4: STP | AA4: MOCK Up Room | AB4: 27th Floor | AC4: Physic57 | AD4: Pinoor Legal- Power+lighting | AE4: 2nd floor plant room | AF4: 5th Floor SPA | AG4: 5th Floor | AH4: 12th Floor | AI4: 20th Floor | AJ4: 27th Floor | AK4: 34th Floor | AL4: Sanqi | AM4: Cooling Tower | AN4: MGL | AO4: HWG | AP4: Prato | AQ4: BR-1 | AR4: SanQi IND | AS4: SanQi JPN | AT4: Boiler | AU4: HWG | AV4: Boiler1 | AW4: Boiler2 | AX4: Boiler3 (400Kg) | AY4: Total
A5: 1 | B5: ='1'!G7 -> 27033 | C5: ='1'!G8 -> 27412.78 | D5: ='1'!G15 -> 1086 | E5: ='1'!G20 -> 331 | F5: =SUM('1'!G35,'1'!G49) -> 3921.59 | G5: =SUM('1'!H37,'1'!H51) -> 1644.98 | H5: =SUM('1'!G38,'1'!G52) -> 2659.39 | I5: =SUM('1'!G39,'1'!G53) -> 3316.57 | J5: =SUM('1'!G41,'1'!G42,'1'!G55,'1'!G56) -> 5997.77 | K5: =SUM('1'!G43,'1'!G57) -> 3093.53 | L5: ='1'!G50 -> 1450.86 | M5: ='1'!G36 -> 1190.34 | N5: ='1'!G138 -> 191 | O5: ='1'!G139 -> 155 | P5: ='1'!G140 -> 1 | Q5: ='1'!G141 -> 208.47 | R5: ='1'!G142 -> 77.6 | S5: ='1'!$G$145 -> 1.6 | T5: ='1'!$G$146 -> 504 | U5: ='1'!$G$144 -> 251 | V5: ='1'!$G$147 -> 460 | W5: ='1'!$G$148 -> 422.32 | X5: ='1'!$G$143 -> 30.29 | Y5: ='1'!$G$58 -> 235.8 | Z5: ='1'!$G$151 -> 294 | AA5: ='1'!G161 -> 0.27 | AB5: ='1'!G162 -> 49.1 | AD5: ='1'!G163+'1'!G164 -> 195.8 | AE5: ='1'!$G$116 -> 434.38 | AF5: ='1'!$G$117 -> 190.827 | AG5: ='1'!$G$118 -> 549.03 | AH5: ='1'!$G$119 -> 443.61 | AI5: ='1'!$G$120 -> 423.24 | AJ5: ='1'!$G$121 -> 786.73 | AK5: ='1'!$G$122 -> 238.86 | AL5: ='1'!$G$123 -> 252 | AM5: ='1'!$G$133 -> 756.01 | AN5: ='1'!$G$15 -> 1086 | AO5: ='1'!$G$74 -> 301.49 | AP5: ='1'!$G$75 -> 0 | AQ5: ='1'!$G$76 -> 119 | AR5: ='1'!$G$77 -> 57 | AS5: ='1'!$G$78 -> 0 | AT5: =AN5-SUM(AO5:AS5) -> 608.51 | AU5: =SUM('1'!G91:G92) -> 10.7 | AV5: ='1'!$G$88 -> 0 | AW5: ='1'!$G$89 -> 9.69 | AX5: ='1'!$G$90 -> 9.89 | AY5: =SUM(AV5:AX5) -> 19.58 | AZ5: =AO5/AU5 -> 28.176636 | BA5: =AT5/AY5 -> 31.078141 | BB5: =C5-SUM(F5:K5,Y5) -> 6543.15 | BC5: =BB5/B5% -> 24.204306
A6: 2 | B6: ='2'!G7 -> 26948 | C6: ='2'!G8 -> 27332 | D6: ='2'!G15 -> 1084 | E6: ='2'!G20 -> 285 | F6: =SUM('2'!G35,'2'!G49) -> 3757 | G6: =SUM('2'!G37,'2'!G51) -> 1598 | H6: =SUM('2'!G38,'2'!G52) -> 2699 | I6: =SUM('2'!G39,'2'!G53) -> 3422 | J6: =SUM('2'!G41,'2'!G42,'2'!G55,'2'!G56) -> 7149 | K6: =SUM('2'!G43,'2'!G57) -> 3118 | L6: ='2'!G50 -> 1512 | M6: ='2'!G36 -> 814 | N6: ='2'!G138 -> 206 | O6: ='2'!$G$139 -> 188 | P6: ='2'!$G$140 -> 1 | Q6: ='2'!$G$141 -> 189 | R6: ='2'!$G$142 -> 79 | S6: ='2'!$G$145 -> 2 | T6: ='2'!$G$146 -> 548 | U6: ='2'!$G$144 -> 262 | V6: ='2'!$G$147 -> 459 | W6: ='2'!$G$148 -> 355 | X6: ='2'!$G$143 -> 27 | Y6: ='2'!$G$58 -> 235 | Z6: ='2'!$G$151 -> 302 | AA6: ='2'!G161 -> 0 | AB6: ='2'!G162 -> 23 | AD6: ='2'!G163+'2'!G164 -> 212 | AE6: ='2'!$G$116 -> 440 | AF6: ='2'!$G$117 -> 216 | AG6: ='2'!$G$118 -> 536 | AH6: ='2'!$G$119 -> 450 | AI6: ='2'!$G$120 -> 426 | AJ6: ='2'!$G$121 -> 818 | AK6: ='2'!$G$122 -> 226 | AL6: ='2'!$G$123 -> 261 | AM6: ='2'!$G$133 -> 776 | AN6: ='2'!$G$15 -> 1084 | AO6: ='2'!$G$74 -> 298 | AP6: ='2'!$G$75 -> 0 | AQ6: ='2'!$G$76 -> 137 | AR6: ='2'!$G$77 -> 47 | AS6: ='2'!$G$78 -> 0 | AT6: =AN6-SUM(AO6:AS6) -> 602 | AU6: =SUM('2'!G91:G92) -> 10.25 | AV6: ='2'!$G$88 -> -0.4 | AW6: ='2'!$G$89 -> 9.98 | AX6: ='2'!$G$90 -> 8 | AY6: =SUM(AV6:AX6) -> 17.58 | AZ6: =AO6/AU6 -> 29.073171 | BA6: =AT6/AY6 -> 34.243458 | BB6: =C6-SUM(F6:K6,Y6) -> 5354 | BC6: =BB6/B6% -> 19.867894
A7: 3 | B7: ='3'!G7 -> 26602 | C7: ='3'!G8 -> 26968 | D7: ='3'!G15 -> 1110 | E7: ='3'!G20 -> 329 | F7: =SUM('3'!G35,'3'!G49) -> 3807 | G7: =SUM('3'!G37,'3'!G51) -> 1561 | H7: =SUM('3'!G38,'3'!G52) -> 2594.99 | I7: =SUM('3'!G39,'3'!G53) -> 3290 | J7: =SUM('3'!G41,'3'!G42,'3'!G55,'3'!G56) -> 7071 | K7: =SUM('3'!G43,'3'!G57) -> 3044 | L7: ='3'!G50 -> 1680 | M7: ='3'!G36 -> 842 | N7: ='3'!G138 -> 163 | O7: ='3'!$G$139 -> 116 | P7: ='3'!$G$140 -> 1 | Q7: ='3'!$G$141 -> 190 | R7: ='3'!$G$142 -> 78 | S7: ='3'!$G$145 -> 0 | T7: ='3'!$G$146 -> 549 | U7: ='3'!$G$144 -> 268 | V7: ='3'!$G$147 -> 494 | W7: ='3'!$G$148 -> 388 | X7: ='3'!$G$143 -> 26 | Y7: ='3'!$G$58 -> 237 | Z7: ='3'!$G$151 -> 282 | AA7: ='3'!G161 -> 0 | AB7: ='3'!G162 -> 7 | AD7: ='3'!G163+'3'!G164 -> 205 | AE7: ='3'!$G$116 -> 435 | AF7: ='3'!$G$117 -> 205 | AG7: ='3'!$G$118 -> 536 | AH7: ='3'!$G$119 -> 439 | AI7: ='3'!$G$120 -> 414 | AJ7: ='3'!$G$121 -> 793 | AK7: ='3'!$G$122 -> 211 | AL7: ='3'!$G$123 -> 259 | AM7: ='3'!$G$133 -> 858 | AN7: ='3'!$G$15 -> 1110 | AO7: ='3'!$G$74 -> 335 | AP7: ='3'!$G$75 -> 0 | AQ7: ='3'!$G$76 -> 96 | AR7: ='3'!$G$77 -> 44 | AS7: ='3'!$G$78 -> 0 | AT7: =AN7-SUM(AO7:AS7) -> 635 | AU7: =SUM('3'!G91:G92) -> 12 | AV7: ='3'!$G$88 -> 0 | AW7: ='3'!$G$89 -> 11.54 | AX7: ='3'!$G$90 -> 9 | AY7: =SUM(AV7:AX7) -> 20.54 | AZ7: =AO7/AU7 -> 27.916667 | BA7: =AT7/AY7 -> 30.915287 | BB7: =C7-SUM(F7:K7,Y7) -> 5363.01 | BC7: =BB7/B7% -> 20.160176
A8: 4 | B8: ='4'!G7 -> 26553 | C8: ='4'!G8 -> 26930 | D8: ='4'!G15 -> 1059 | E8: ='4'!G20 -> 326 | F8: =SUM('4'!G35,'4'!G49) -> 3710 | G8: =SUM('4'!G37,'4'!G51) -> 1597 | H8: =SUM('4'!G38,'4'!G52) -> 2489 | I8: =SUM('4'!G39,'4'!G53) -> 3251 | J8: =SUM('4'!G41,'4'!G42,'4'!G55,'4'!G56) -> 7153 | K8: =SUM('4'!G43,'4'!G57) -> 2917 | L8: ='4'!G50 -> 1671 | M8: ='4'!G36 -> 730 | N8: ='4'!G138 -> 167 | O8: ='4'!$G$139 -> 138 | P8: ='4'!$G$140 -> 1 | Q8: ='4'!$G$141 -> 187 | R8: ='4'!$G$142 -> 83 | S8: ='4'!$G$145 -> 1 | T8: ='4'!$G$146 -> 457 | U8: ='4'!$G$144 -> 246 | V8: ='4'!$G$147 -> 479 | W8: ='4'!$G$148 -> 301 | X8: ='4'!$G$143 -> 27 | Y8: ='4'!$G$58 -> 225 | Z8: ='4'!$G$151 -> 272 | AA8: ='4'!G161 -> 0 | AB8: ='4'!G162 -> 39 | AD8: ='4'!G163+'4'!G164 -> 200 | AE8: ='4'!$G$116 -> 457 | AF8: ='4'!$G$117 -> 182 | AG8: ='4'!$G$118 -> 545 | AH8: ='4'!$G$119 -> 436 | AI8: ='4'!$G$120 -> 415 | AJ8: ='4'!$G$121 -> 745 | AK8: ='4'!$G$122 -> 239 | AL8: ='4'!$G$123 -> 256 | AM8: ='4'!$G$133 -> 783 | AN8: ='4'!$G$15 -> 1059 | AO8: ='4'!$G$74 -> 318 | AP8: ='4'!$G$75 -> 0 | AQ8: ='4'!$G$76 -> 95 | AR8: ='4'!$G$77 -> 43 | AS8: ='4'!$G$78 -> 0 | AT8: =AN8-SUM(AO8:AS8) -> 603 | AU8: =SUM('4'!G91:G92) -> 11 | AV8: ='4'!$G$88 -> 0 | AW8: ='4'!$G$89 -> 10 | AX8: ='4'!$G$90 -> 8 | AY8: =SUM(AV8:AX8) -> 18 | AZ8: =AO8/AU8 -> 28.909091 | BA8: =AT8/AY8 -> 33.5 | BB8: =C8-SUM(F8:K8,Y8) -> 5588 | BC8: =BB8/B8% -> 21.044703
A9: 5 | B9: ='5'!G7 -> 26902.71 | C9: ='5'!G8 -> 27471.01 | D9: ='5'!G15 -> 1117.89 | E9: ='5'!G20 -> 286 | F9: =SUM('5'!G35,'5'!G49) -> 4031.14 | G9: =SUM('5'!G37,'5'!G51) -> 1642.89 | H9: =SUM('5'!G38,'5'!G52) -> 2495.94 | I9: =SUM('5'!G39,'5'!G53) -> 3265.27 | J9: =SUM('5'!G41,'5'!G42,'5'!G55,'5'!G56) -> 6722.8 | K9: =SUM('5'!G43,'5'!G57) -> 2879.49 | L9: ='5'!G50 -> 1112.56 | M9: ='5'!G36 -> 777.13 | N9: ='5'!G138 -> 179 | O9: ='5'!$G$139 -> 130 | P9: ='5'!$G$140 -> 1 | Q9: ='5'!$G$141 -> 201.99 | R9: ='5'!$G$142 -> 84.6 | S9: ='5'!$G$145 -> 1.37 | T9: ='5'!$G$146 -> 525 | U9: ='5'!$G$144 -> 222 | V9: ='5'!$G$147 -> 424.24 | W9: ='5'!$G$148 -> 328.44 | X9: ='5'!$G$143 -> 25.46 | Y9: ='5'!$G$58 -> 244.68 | Z9: ='5'!$G$151 -> 253 | AA9: ='5'!G161 -> 0.44 | AB9: ='5'!G162 -> 40.13 | AD9: ='5'!G163+'5'!G164 -> 175 | AE9: ='5'!$G$116 -> 410.63 | AF9: ='5'!$G$117 -> 204.28 | AG9: ='5'!$G$118 -> 510.05 | AH9: ='5'!$G$119 -> 447.99 | AI9: ='5'!$G$120 -> 421.45 | AJ9: ='5'!$G$121 -> 812.51 | AK9: ='5'!$G$122 -> 231.85 | AL9: ='5'!$G$123 -> 270.43 | AM9: ='5'!$G$133 -> 944.84 | AN9: ='5'!$G$15 -> 1117.89 | AO9: ='5'!$G$74 -> 316.86 | AP9: ='5'!$G$75 -> 0 | AQ9: ='5'!$G$76 -> 102.2 | AR9: ='5'!$G$77 -> 54.3 | AS9: ='5'!$G$78 -> 0.4 | AT9: =AN9-SUM(AO9:AS9) -> 644.13 | AU9: =SUM('5'!G91:G92) -> 10.89 | AV9: ='5'!$G$88 -> 2.89 | AW9: ='5'!$G$89 -> 10.32 | AX9: ='5'!$G$90 -> 6.89 | AY9: =SUM(AV9:AX9) -> 20.1 | AZ9: =AO9/AU9 -> 29.096419 | BA9: =AT9/AY9 -> 32.046269 | BB9: =C9-SUM(F9:K9,Y9) -> 6188.8 | BC9: =BB9/B9% -> 23.004374
A10: 6 | B10: ='6'!G7 -> 27592.03 | C10: ='6'!G8 -> 28151.06 | D10: ='6'!G15 -> 1125.83 | E10: ='6'!G20 -> 310 | F10: =SUM('6'!G35,'6'!G49) -> 3914.35 | G10: =SUM('6'!G37,'6'!G51) -> 1635.72 | H10: =SUM('6'!G38,'6'!G52) -> 2460.18 | I10: =SUM('6'!G39,'6'!G53) -> 3292.34 | J10: =SUM('6'!G41,'6'!G42,'6'!G55,'6'!G56) -> 7849.89 | K10: =SUM('6'!G43,'6'!G57) -> 2996.78 | L10: ='6'!G50 -> 1119.04 | M10: ='6'!G36 -> 947.53 | N10: ='6'!G138 -> 154 | O10: ='6'!$G$139 -> 128 | P10: ='6'!$G$140 -> 8.5 | Q10: ='6'!$G$141 -> 197.5 | R10: ='6'!$G$142 -> 70.68 | S10: ='6'!$G$145 -> 0.43 | T10: ='6'!$G$146 -> 575 | U10: ='6'!$G$144 -> 243 | V10: ='6'!$G$147 -> 397.56 | W10: ='6'!$G$148 -> 332.32 | X10: ='6'!$G$143 -> 28.63 | Y10: ='6'!$G$58 -> 245 | Z10: ='6'!$G$151 -> 284 | AA10: ='6'!G161 -> 0 | AB10: ='6'!G162 -> 37.07 | AD10: ='6'!G163+'6'!G164 -> 176.6 | AE10: ='6'!$G$116 -> 413.82 | AF10: ='6'!$G$117 -> 189.78 | AG10: ='6'!$G$118 -> 511.4 | AH10: ='6'!$G$119 -> 450.28 | AI10: ='6'!$G$120 -> 404.1 | AJ10: ='6'!$G$121 -> 861.2 | AK10: ='6'!$G$122 -> 218.89 | AL10: ='6'!$G$123 -> 258.56 | AM10: ='6'!$G$133 -> 933.24 | AN10: ='6'!$G$15 -> 1125.83 | AO10: ='6'!$G$74 -> 310.47 | AP10: ='6'!$G$75 -> 0 | AQ10: ='6'!$G$76 -> 109.02 | AR10: ='6'!$G$77 -> 47.7 | AS10: ='6'!$G$78 -> 0 | AT10: =AN10-SUM(AO10:AS10) -> 658.64 | AU10: =SUM('6'!G91:G92) -> 10.77 | AV10: ='6'!$G$88 -> 3.01 | AW10: ='6'!$G$89 -> 10.33 | AX10: ='6'!$G$90 -> 7.01 | AY10: =SUM(AV10:AX10) -> 20.35 | AZ10: =AO10/AU10 -> 28.827298 | BA10: =AT10/AY10 -> 32.365602 | BB10: =C10-SUM(F10:K10,Y10) -> 5756.8 | BC10: =BB10/B10% -> 20.863996
A11: 7 | B11: ='7'!G7 -> 27926.29 | C11: ='7'!G8 -> 28469.68 | D11: ='7'!G15 -> 1059.57 | E11: ='7'!G20 -> 206 | F11: =SUM('7'!G35,'7'!G49) -> 3984.87 | G11: =SUM('7'!G37,'7'!G51) -> 1636.9 | H11: =SUM('7'!G38,'7'!G52) -> 2435.98 | I11: =SUM('7'!G39,'7'!G53) -> 3334.66 | J11: =SUM('7'!G41,'7'!G42,'7'!G55,'7'!G56) -> 8007.32 | K11: =SUM('7'!G43,'7'!G57) -> 3021.2 | L11: ='7'!G50 -> 1144.38 | M11: ='7'!G36 -> 1059.39 | N11: ='7'!G138 -> 167 | O11: ='7'!$G$139 -> 157 | P11: ='7'!$G$140 -> 1.6 | Q11: ='7'!$G$141 -> 201.06 | R11: ='7'!$G$142 -> 61.37 | S11: ='7'!$G$145 -> 0.69 | T11: ='7'!$G$146 -> 453 | U11: ='7'!$G$144 -> 275 | V11: ='7'!$G$147 -> 405.12 | W11: ='7'!$G$148 -> 312.88 | X11: ='7'!$G$143 -> 27.32 | Y11: ='7'!$G$58 -> 226.79 | Z11: ='7'!$G$151 -> 262 | AA11: ='7'!G161 -> 0 | AB11: ='7'!G162 -> 40.2 | AD11: ='7'!G163+'7'!G164 -> 199.3 | AE11: ='7'!$G$116 -> 430.07 | AF11: ='7'!$G$117 -> 298.36 | AG11: ='7'!$G$118 -> 563.82 | AH11: ='7'!$G$119 -> 435.73 | AI11: ='7'!$G$120 -> 407.45 | AJ11: ='7'!$G$121 -> 775.16 | AK11: ='7'!$G$122 -> 192.77 | AL11: ='7'!$G$123 -> 243.48 | AM11: ='7'!$G$133 -> 920.87 | AN11: ='7'!$G$15 -> 1059.57 | AO11: ='7'!$G$74 -> 292.95 | AP11: ='7'!$G$75 -> 0 | AQ11: ='7'!$G$76 -> 106.68 | AR11: ='7'!$G$77 -> 50.3 | AS11: ='7'!$G$78 -> 0 | AT11: =AN11-SUM(AO11:AS11) -> 609.64 | AU11: =SUM('7'!G91:G92) -> 10.25 | AV11: ='7'!$G$88 -> 0 | AW11: ='7'!$G$89 -> 9.44 | AX11: ='7'!$G$90 -> 10.79 | AY11: =SUM(AV11:AX11) -> 20.23 | AZ11: =AO11/AU11 -> 28.580488 | BA11: =AT11/AY11 -> 30.135442 | BB11: =C11-SUM(F11:K11,Y11) -> 5821.96 | BC11: =BB11/B11% -> 20.847596
A12: 8 | B12: ='8'!G7 -> 28543.14 | C12: ='8'!G8 -> 29142.9 | D12: ='8'!G15 -> 1091.94 | E12: ='8'!G20 -> 278 | F12: =SUM('8'!G35,'8'!G49) -> 4164.3 | G12: =SUM('8'!G37,'8'!G51) -> 1608.76 | H12: =SUM('8'!G38,'8'!G52) -> 2563.24 | I12: =SUM('8'!G39,'8'!G53) -> 3259.44 | J12: =SUM('8'!G41,'8'!G42,'8'!G55,'8'!G56) -> 7852.1 | K12: =SUM('8'!G43,'8'!G57) -> 3290.88 | L12: ='8'!G50 -> 1416.81 | M12: ='8'!G36 -> 1131.24 | N12: ='8'!G138 -> 196 | O12: ='8'!$G$139 -> 165 | P12: ='8'!$G$140 -> 1.7 | Q12: ='8'!$G$141 -> 193.36 | R12: ='8'!$G$142 -> 67.65 | S12: ='8'!$G$145 -> 3.28 | T12: ='8'!$G$146 -> 485 | U12: ='8'!$G$144 -> 273 | V12: ='8'!$G$147 -> 462.32 | W12: ='8'!$G$148 -> 401.2 | X12: ='8'!$G$143 -> 25.16 | Y12: ='8'!$G$58 -> 209.58 | Z12: ='8'!$G$151 -> 309 | AA12: ='8'!G161 -> 0 | AB12: ='8'!G162 -> 45.4 | AD12: ='8'!G163+'8'!G164 -> 189.7 | AE12: ='8'!$G$116 -> 398.13 | AF12: ='8'!$G$117 -> 221.38 | AG12: ='8'!$G$118 -> 536.96 | AH12: ='8'!$G$119 -> 437 | AI12: ='8'!$G$120 -> 405.64 | AJ12: ='8'!$G$121 -> 797.36 | AK12: ='8'!$G$122 -> 199.82 | AL12: ='8'!$G$123 -> 259.92 | AM12: ='8'!$G$133 -> 997.87 | AN12: ='8'!$G$15 -> 1091.94 | AO12: ='8'!$G$74 -> 302.08 | AP12: ='8'!$G$75 -> 0 | AQ12: ='8'!$G$76 -> 128.03 | AR12: ='8'!$G$77 -> 41.3 | AS12: ='8'!$G$78 -> 0 | AT12: =AN12-SUM(AO12:AS12) -> 620.53 | AU12: =SUM('8'!G91:G92) -> 10.48 | AV12: ='8'!$G$88 -> 0 | AW12: ='8'!$G$89 -> 9.25 | AX12: ='8'!$G$90 -> 10.58 | AY12: =SUM(AV12:AX12) -> 19.83 | AZ12: =AO12/AU12 -> 28.824427 | BA12: =AT12/AY12 -> 31.292486 | BB12: =C12-SUM(F12:K12,Y12) -> 6194.6 | BC12: =BB12/B12% -> 21.702588
A13: 9 | B13: ='9'!G7 -> 29399.83 | C13: ='9'!G8 -> 30000 | D13: ='9'!G15 -> 1090.383 | E13: ='9'!G20 -> 327 | F13: =SUM('9'!G35,'9'!G49) -> 4112.11 | G13: =SUM('9'!G37,'9'!G51) -> 1595.83 | H13: =SUM('9'!G38,'9'!G52) -> 2514.4 | I13: =SUM('9'!G39,'9'!G53) -> 3193.77 | J13: =SUM('9'!G41,'9'!G42,'9'!G55,'9'!G56) -> 8851.96 | K13: =SUM('9'!G43,'9'!G57) -> 3267.74 | L13: ='9'!G50 -> 1498.61 | M13: ='9'!G36 -> 918.91 | N13: ='9'!G138 -> 164 | O13: ='9'!$G$139 -> 167 | P13: ='9'!$G$140 -> 1.8 | Q13: ='9'!$G$141 -> 204.49 | R13: ='9'!$G$142 -> 61.4 | S13: ='9'!$G$145 -> 3.58 | T13: ='9'!$G$146 -> 507 | U13: ='9'!$G$144 -> 240 | V13: ='9'!$G$147 -> 435.28 | W13: ='9'!$G$148 -> 313.28 | X13: ='9'!$G$143 -> 29.63 | Y13: ='9'!$G$58 -> 258.64 | Z13: ='9'!$G$151 -> 284 | AA13: ='9'!G161 -> 0 | AB13: ='9'!G162 -> 26.8 | AD13: ='9'!G163+'9'!G164 -> 174.1 | AE13: ='9'!$G$116 -> 386.26 | AF13: ='9'!$G$117 -> 164.99 | AG13: ='9'!$G$118 -> 540.77 | AH13: ='9'!$G$119 -> 428.47 | AI13: ='9'!$G$120 -> 398.74 | AJ13: ='9'!$G$121 -> 827.88 | AK13: ='9'!$G$122 -> 210.3 | AL13: ='9'!$G$123 -> 268.32 | AM13: ='9'!$G$133 -> 1008.94 | AN13: ='9'!$G$15 -> 1090.383 | AO13: ='9'!$G$74 -> 288.2 | AP13: ='9'!$G$75 -> 0 | AQ13: ='9'!$G$76 -> 127.07 | AR13: ='9'!$G$77 -> 54.4 | AS13: ='9'!$G$78 -> 0 | AT13: =AN13-SUM(AO13:AS13) -> 620.713 | AU13: =SUM('9'!G91:G92) -> 10.01 | AV13: ='9'!$G$88 -> 0 | AW13: ='9'!$G$89 -> 10.14 | AX13: ='9'!$G$90 -> 11.13 | AY13: =SUM(AV13:AX13) -> 21.27 | AZ13: =AO13/AU13 -> 28.791209 | BA13: =AT13/AY13 -> 29.182558 | BB13: =C13-SUM(F13:K13,Y13) -> 6205.55 | BC13: =BB13/B13% -> 21.107435
A14: 10 | B14: ='10'!G7 -> 30381 | C14: ='10'!G8 -> 31171.85 | D14: ='10'!G15 -> 1087.387 | E14: ='10'!G20 -> 356 | F14: =SUM('10'!G35,'10'!G49) -> 4169.48 | G14: =SUM('10'!G37,'10'!G51) -> 1639.67 | H14: =SUM('10'!G38,'10'!G52) -> 2598.82 | I14: =SUM('10'!G39,'10'!G53) -> 3362.42 | J14: =SUM('10'!G41,'10'!G42,'10'!G55,'10'!G56) -> 8212.49 | K14: =SUM('10'!G43,'10'!G57) -> 3612.24 | L14: ='10'!G50 -> 1495.45 | M14: ='10'!G36 -> 1141.75 | N14: ='10'!G138 -> 192 | O14: ='10'!$G$139 -> 167 | P14: ='10'!$G$140 -> 0 | Q14: ='10'!$G$141 -> 195.2 | R14: ='10'!$G$142 -> 59.02 | S14: ='10'!$G$145 -> 3.78 | T14: ='10'!$G$146 -> 584 | U14: ='10'!$G$144 -> 263 | V14: ='10'!$G$147 -> 458.72 | W14: ='10'!$G$148 -> 453.52 | X14: ='10'!$G$143 -> 33.63 | Y14: ='10'!$G$58 -> 269.76 | Z14: ='10'!$G$151 -> 282 | AA14: ='10'!G161 -> 13.56 | AB14: ='10'!G162 -> 21.3 | AD14: ='10'!G163+'10'!G164 -> 160.3 | AE14: ='10'!$G$116 -> 427.61 | AF14: ='10'!$G$117 -> 190.41 | AG14: ='10'!$G$118 -> 497.45 | AH14: ='10'!$G$119 -> 610.68 | AI14: ='10'!$G$120 -> 418.82 | AJ14: ='10'!$G$121 -> 852.32 | AK14: ='10'!$G$122 -> 236.2 | AL14: ='10'!$G$123 -> 270.08 | AM14: ='10'!$G$133 -> 984.45 | AN14: ='10'!$G$15 -> 1087.387 | AO14: ='10'!$G$74 -> 307.48 | AP14: ='10'!$G$75 -> 0 | AQ14: ='10'!$G$76 -> 106.63 | AR14: ='10'!$G$77 -> 59 | AS14: ='10'!$G$78 -> -0.4 | AT14: =AN14-SUM(AO14:AS14) -> 614.677 | AU14: =SUM('10'!G91:G92) -> 10.66 | AV14: ='10'!$G$88 -> 0 | AW14: ='10'!$G$89 -> 9.94 | AX14: ='10'!$G$90 -> 9.73 | AY14: =SUM(AV14:AX14) -> 19.67 | AZ14: =AO14/AU14 -> 28.844278 | BA14: =AT14/AY14 -> 31.249466 | BB14: =C14-SUM(F14:K14,Y14) -> 7306.97 | BC14: =BB14/B14% -> 24.051117
A15: 11 | B15: ='11'!G7 -> 26422.25 | C15: ='11'!G8 -> 26950.5 | D15: ='11'!G15 -> 1115.26 | E15: ='11'!G20 -> 261 | F15: =SUM('11'!G35,'11'!G49) -> 3964.76 | G15: =SUM('11'!G37,'11'!G51) -> 1580.66 | H15: =SUM('11'!G38,'11'!G52) -> 2393.02 | I15: =SUM('11'!G39,'11'!G53) -> 3209.97 | J15: =SUM('11'!G41,'11'!G42,'11'!G55,'11'!G56) -> 6189.96 | K15: =SUM('11'!G43,'11'!G57) -> 3056.64 | L15: ='11'!G50 -> 1132.24 | M15: ='11'!G36 -> 1004.08 | N15: ='11'!G138 -> 151 | O15: ='11'!$G$139 -> 148 | P15: ='11'!$G$140 -> 0 | Q15: ='11'!$G$141 -> 188.94 | R15: ='11'!$G$142 -> 57.34 | S15: ='11'!$G$145 -> 3.49 | T15: ='11'!$G$146 -> 387 | U15: ='11'!$G$144 -> 250 | V15: ='11'!$G$147 -> 416.88 | W15: ='11'!$G$148 -> 358.08 | X15: ='11'!$G$143 -> 26.35 | Y15: ='11'!$G$58 -> 267.37 | Z15: ='11'!$G$151 -> 296 | AA15: ='11'!G161 -> 40.4 | AB15: ='11'!G162 -> 40.2 | AC15: ='11'!G88 -> 0 | AD15: ='11'!G163+'11'!G164 -> 150.5 | AE15: ='11'!$G$116 -> 468.22 | AF15: ='11'!$G$117 -> 182.03 | AG15: ='11'!$G$118 -> 504.98 | AH15: ='11'!$G$119 -> 202.34 | AI15: ='11'!$G$120 -> 408.47 | AJ15: ='11'!$G$121 -> 740.74 | AK15: ='11'!$G$122 -> 211.93 | AL15: ='11'!$G$123 -> 246.21 | AM15: ='11'!$G$133 -> 888.7 | AN15: ='11'!$G$15 -> 1115.26 | AO15: ='11'!$G$74 -> 290.429 | AP15: ='11'!$G$75 -> 0 | AQ15: ='11'!$G$76 -> 135.37 | AR15: ='11'!$G$77 -> 43 | AS15: ='11'!$G$78 -> 0 | AT15: =AN15-SUM(AO15:AS15) -> 646.461 | AU15: =SUM('11'!G91:G92) -> 10.09 | AV15: ='11'!$G$88 -> 0 | AW15: ='11'!$G$89 -> 10.9 | AX15: ='11'!$G$90 -> 9 | AY15: =SUM(AV15:AX15) -> 19.9 | AZ15: =AO15/AU15 -> 28.783845 | BA15: =AT15/AY15 -> 32.485477 | BB15: =C15-SUM(F15:K15,Y15) -> 6288.12 | BC15: =BB15/B15% -> 23.798579
A16: 12 | B16: ='12'!G7 -> 28093.75 | C16: ='12'!G8 -> 28588 | D16: ='12'!G15 -> 1116.74 | E16: ='12'!G20 -> 260 | F16: =SUM('12'!G35,'12'!G49) -> 4022.99 | G16: =SUM('12'!G37,'12'!G51) -> 1658.89 | H16: =SUM('12'!G38,'12'!G52) -> 2360.67 | I16: =SUM('12'!G39,'12'!G53) -> 3231.13 | J16: =SUM('12'!G41,'12'!G42,'12'!G55,'12'!G56) -> 8032.75 | K16: =SUM('12'!G43,'12'!G57) -> 3523.03 | L16: ='12'!G50 -> 1248.91 | M16: ='12'!G36 -> 1052.97 | N16: ='12'!G138 -> 112 | O16: ='12'!$G$139 -> 152 | P16: ='12'!$G$140 -> 0 | Q16: ='12'!$G$141 -> 204.46 | R16: ='12'!$G$142 -> 64.94 | S16: ='12'!$G$145 -> 2.38 | T16: ='12'!$G$146 -> 466 | U16: ='12'!$G$144 -> 247 | V16: ='12'!$G$147 -> 410.88 | W16: ='12'!$G$148 -> 380.28 | X16: ='12'!$G$143 -> 25.82 | Y16: ='12'!$G$58 -> 219.18 | Z16: ='12'!$G$151 -> 285 | AA16: ='12'!G161 -> 41.6 | AB16: ='12'!G162 -> 38.9 | AC16: ='12'!G88 -> 0 | AD16: ='12'!G163+'12'!G164 -> 193.3 | AE16: ='12'!$G$116 -> 340.26 | AF16: ='12'!$G$117 -> 171.77 | AG16: ='12'!$G$118 -> 569.57 | AH16: ='12'!$G$119 -> 412.51 | AI16: ='12'!$G$120 -> 408.33 | AJ16: ='12'!$G$121 -> 795.83 | AK16: ='12'!$G$122 -> 195.24 | AL16: ='12'!$G$123 -> 249 | AM16: ='12'!$G$133 -> 896.09 | AN16: ='12'!$G$15 -> 1116.74 | AO16: ='12'!$G$74 -> 340.531 | AP16: ='12'!$G$75 -> 0.2 | AQ16: ='12'!$G$76 -> 134 | AR16: ='12'!$G$77 -> 53 | AS16: ='12'!$G$78 -> 1 | AT16: =AN16-SUM(AO16:AS16) -> 588.009 | AU16: =SUM('12'!G91:G92) -> 11.81 | AV16: ='12'!$G$88 -> 0 | AW16: ='12'!$G$89 -> 9.13 | AX16: ='12'!$G$90 -> 9.2 | AY16: =SUM(AV16:AX16) -> 18.33 | AZ16: =AO16/AU16 -> 28.834124 | BA16: =AT16/AY16 -> 32.079051 | BB16: =C16-SUM(F16:K16,Y16) -> 5539.36 | BC16: =BB16/B16% -> 19.71741
A17: 13 | B17: ='13'!G7 -> 28485 | C17: ='13'!G8 -> 29100 | D17: ='13'!G15 -> 1076 | E17: ='13'!G20 -> 288 | F17: =SUM('13'!G35,'13'!G49) -> 4088 | G17: =SUM('13'!G37,'13'!G51) -> 1611 | H17: =SUM('13'!G38,'13'!G52) -> 2460 | I17: =SUM('13'!G39,'13'!G53) -> 3268 | J17: =SUM('13'!G41,'13'!G42,'13'!G55,'13'!G56) -> 8137 | K17: =SUM('13'!G43,'13'!G57) -> 3231 | L17: ='13'!G50 -> 1522 | M17: ='13'!G36 -> 1161 | N17: ='13'!G138 -> 149 | O17: ='13'!$G$139 -> 161 | P17: ='13'!$G$140 -> 0 | Q17: ='13'!$G$141 -> 198 | R17: ='13'!$G$142 -> 59 | S17: ='13'!$G$145 -> 1 | T17: ='13'!$G$146 -> 483 | U17: ='13'!$G$144 -> 250 | V17: ='13'!$G$147 -> 454 | W17: ='13'!$G$148 -> 379 | X17: ='13'!$G$143 -> 31 | Y17: ='13'!$G$58 -> 228 | Z17: ='13'!$G$151 -> 262 | AA17: ='13'!G161 -> 46 | AB17: ='13'!G162 -> 45 | AC17: ='13'!G88 -> 10.24 | AD17: ='13'!G163+'13'!G164 -> 176.2 | AE17: ='13'!$G$116 -> 441 | AF17: ='13'!$G$117 -> 144 | AG17: ='13'!$G$118 -> 547 | AH17: ='13'!$G$119 -> 433 | AI17: ='13'!$G$120 -> 395 | AJ17: ='13'!$G$121 -> 799 | AK17: ='13'!$G$122 -> 205 | AL17: ='13'!$G$123 -> 255 | AM17: ='13'!$G$133 -> 937 | AN17: ='13'!$G$15 -> 1076 | AO17: ='13'!$G$74 -> 292 | AP17: ='13'!$G$75 -> 0 | AQ17: ='13'!$G$76 -> 123 | AR17: ='13'!$G$77 -> 44 | AS17: ='13'!$G$78 -> 0 | AT17: =AN17-SUM(AO17:AS17) -> 617 | AU17: =SUM('13'!G91:G92) -> 10.17 | AV17: ='13'!$G$88 -> 10.24 | AW17: ='13'!$G$89 -> 0.7 | AX17: ='13'!$G$90 -> 13.87 | AY17: =SUM(AV17:AX17) -> 24.81 | AZ17: =AO17/AU17 -> 28.711898 | BA17: =AT17/AY17 -> 24.869004 | BB17: =C17-SUM(F17:K17,Y17) -> 6077 | BC17: =BB17/B17% -> 21.334035
A18: 14 | B18: ='14'!G7 -> 30407 | C18: ='14'!G8 -> 31246 | D18: ='14'!G15 -> 1054 | E18: ='14'!G20 -> 362 | F18: =SUM('14'!G35,'14'!G49) -> 4107 | G18: =SUM('14'!G37,'14'!G51) -> 1876 | H18: =SUM('14'!G38,'14'!G52) -> 2478 | I18: =SUM('14'!G39,'14'!G53) -> 3305 | J18: =SUM('14'!G41,'14'!G42,'14'!G55,'14'!G56) -> 8134 | K18: =SUM('14'!G43,'14'!G57) -> 3419 | L18: ='14'!G50 -> 1725 | M18: ='14'!G36 -> 1156 | N18: ='14'!G138 -> 171 | O18: ='14'!$G$139 -> 162 | P18: ='14'!$G$140 -> 0 | Q18: ='14'!$G$141 -> 205 | R18: ='14'!$G$142 -> 58 | S18: ='14'!$G$145 -> 3 | T18: ='14'!$G$146 -> 483 | U18: ='14'!$G$144 -> 252 | V18: ='14'!$G$147 -> 407 | W18: ='14'!$G$148 -> 354 | X18: ='14'!$G$143 -> 26 | Y18: ='14'!$G$58 -> 232 | Z18: ='14'!$G$151 -> 291 | AA18: ='14'!G161 -> 43 | AB18: ='14'!G162 -> 47 | AC18: ='14'!G88 -> 10.63 | AD18: ='14'!G163+'14'!G164 -> 179 | AE18: ='14'!$G$116 -> 503 | AF18: ='14'!$G$117 -> 154 | AG18: ='14'!$G$118 -> 502 | AH18: ='14'!$G$119 -> 411 | AI18: ='14'!$G$120 -> 392 | AJ18: ='14'!$G$121 -> 755 | AK18: ='14'!$G$122 -> 200 | AL18: ='14'!$G$123 -> 256 | AM18: ='14'!$G$133 -> 964 | AN18: ='14'!$G$15 -> 1054 | AO18: ='14'!$G$74 -> 325 | AP18: ='14'!$G$75 -> 0 | AQ18: ='14'!$G$76 -> 123 | AR18: ='14'!$G$77 -> 56 | AS18: ='14'!$G$78 -> 0 | AT18: =AN18-SUM(AO18:AS18) -> 550 | AU18: =SUM('14'!G91:G92) -> 11.36 | AV18: ='14'!$G$88 -> 10.63 | AW18: ='14'!$G$89 -> 0 | AX18: ='14'!$G$90 -> 10.85 | AY18: =SUM(AV18:AX18) -> 21.48 | AZ18: =AO18/AU18 -> 28.609155 | BA18: =AT18/AY18 -> 25.605214 | BB18: =C18-SUM(F18:K18,Y18) -> 7695 | BC18: =BB18/B18% -> 25.306673
A19: 15 | B19: ='15'!G7 -> 27848 | C19: ='15'!G8 -> 28556 | D19: ='15'!G15 -> 998 | E19: ='15'!G20 -> 269 | F19: =SUM('15'!G35,'15'!G49) -> 3991 | G19: =SUM('15'!G37,'15'!G51) -> 1297 | H19: =SUM('15'!G38,'15'!G52) -> 2419.76 | I19: =SUM('15'!G39,'15'!G53) -> 3266 | J19: =SUM('15'!G41,'15'!G42,'15'!G55,'15'!G56) -> 7049.7 | K19: =SUM('15'!G43,'15'!G57) -> 3255 | L19: ='15'!G50 -> 1532 | M19: ='15'!G36 -> 895 | N19: ='15'!G138 -> 122 | O19: ='15'!$G$139 -> 148 | P19: ='15'!$G$140 -> 0 | Q19: ='15'!$G$141 -> 202 | R19: ='15'!$G$142 -> 56 | S19: ='15'!$G$145 -> 3 | T19: ='15'!$G$146 -> 491 | U19: ='15'!$G$144 -> 258 | V19: ='15'!$G$147 -> 434 | W19: ='15'!$G$148 -> 344 | X19: ='15'!$G$143 -> 30 | Y19: ='15'!$G$58 -> 224 | Z19: ='15'!$G$151 -> 287 | AA19: ='15'!G161 -> 46 | AB19: ='15'!G162 -> 52 | AC19: ='15'!G88 -> 10.25 | AD19: ='15'!G163+'15'!G164 -> 194 | AE19: ='15'!$G$116 -> 436 | AF19: ='15'!$G$117 -> 180 | AG19: ='15'!$G$118 -> 528 | AH19: ='15'!$G$119 -> 441 | AI19: ='15'!$G$120 -> 427 | AJ19: ='15'!$G$121 -> 838 | AK19: ='15'!$G$122 -> 208 | AL19: ='15'!$G$123 -> 254 | AM19: ='15'!$G$133 -> 899 | AN19: ='15'!$G$15 -> 998 | AO19: ='15'!$G$74 -> 292 | AP19: ='15'!$G$75 -> -0.2 | AQ19: ='15'!$G$76 -> 111 | AR19: ='15'!$G$77 -> 55 | AS19: ='15'!$G$78 -> 0 | AT19: =AN19-SUM(AO19:AS19) -> 540.2 | AU19: =SUM('15'!G91:G92) -> 10.17 | AV19: ='15'!$G$88 -> 10.25 | AW19: ='15'!$G$89 -> 0 | AX19: ='15'!$G$90 -> 10.49 | AY19: =SUM(AV19:AX19) -> 20.74 | AZ19: =AO19/AU19 -> 28.711898 | BA19: =AT19/AY19 -> 26.046287 | BB19: =C19-SUM(F19:K19,Y19) -> 7053.54 | BC19: =BB19/B19% -> 25.328713
A20: 16 | B20: ='16'!G7 -> 26729 | C20: ='16'!G8 -> 27220 | D20: ='16'!G15 -> 1153 | E20: ='16'!G20 -> 362 | F20: =SUM('16'!G35,'16'!G49) -> 3996 | G20: =SUM('16'!G37,'16'!G51) -> 1603 | H20: =SUM('16'!G38,'16'!G52) -> 2339 | I20: =SUM('16'!G39,'16'!G53) -> 3268 | J20: =SUM('16'!G41,'16'!G42,'16'!G55,'16'!G56) -> 7327 | K20: =SUM('16'!G43,'16'!G57) -> 3191 | L20: ='16'!G50 -> 1070 | M20: ='16'!G36 -> 853 | N20: ='16'!G138 -> 123 | O20: ='16'!$G$139 -> 146 | P20: ='16'!$G$140 -> 11.4 | Q20: ='16'!$G$141 -> 189 | R20: ='16'!$G$142 -> 52 | S20: ='16'!$G$145 -> 3 | T20: ='16'!$G$146 -> 536 | U20: ='16'!$G$144 -> 256 | V20: ='16'!$G$147 -> 415 | W20: ='16'!$G$148 -> 340 | X20: ='16'!$G$143 -> 26 | Y20: ='16'!$G$58 -> 236 | Z20: ='16'!$G$151 -> 289 | AA20: ='16'!G161 -> 43 | AB20: ='16'!G162 -> 42 | AC20: ='16'!G88 -> -0.02 | AD20: ='16'!G163+'16'!G164 -> 165 | AE20: ='16'!$G$116 -> 422 | AF20: ='16'!$G$117 -> 177 | AG20: ='16'!$G$118 -> 518 | AH20: ='16'!$G$119 -> 492 | AI20: ='16'!$G$120 -> 422 | AJ20: ='16'!$G$121 -> 849 | AK20: ='16'!$G$122 -> 206 | AL20: ='16'!$G$123 -> 240 | AM20: ='16'!$G$133 -> 890 | AN20: ='16'!$G$15 -> 1153 | AO20: ='16'!$G$74 -> 346 | AP20: ='16'!$G$75 -> 0 | AQ20: ='16'!$G$76 -> 127 | AR20: ='16'!$G$77 -> 48 | AS20: ='16'!$G$78 -> 0 | AT20: =AN20-SUM(AO20:AS20) -> 632 | AU20: =SUM('16'!G91:G92) -> 12.34 | AV20: ='16'!$G$88 -> -0.02 | AW20: ='16'!$G$89 -> 9.85 | AX20: ='16'!$G$90 -> 11.46 | AY20: =SUM(AV20:AX20) -> 21.29 | AZ20: =AO20/AU20 -> 28.038898 | BA20: =AT20/AY20 -> 29.685298 | BB20: =C20-SUM(F20:K20,Y20) -> 5260 | BC20: =BB20/B20% -> 19.679
A21: 17 | B21: ='17'!G7 -> 28087 | C21: ='17'!G8 -> 28641 | D21: ='17'!G15 -> 1081 | E21: ='17'!G20 -> 270 | F21: =SUM('17'!G35,'17'!G49) -> 3966 | G21: =SUM('17'!G37,'17'!G51) -> 1602 | H21: =SUM('17'!G38,'17'!G52) -> 2369 | I21: =SUM('17'!G39,'17'!G53) -> 3351 | J21: =SUM('17'!G41,'17'!G42,'17'!G55,'17'!G56) -> 7873.3 | K21: =SUM('17'!G43,'17'!G57) -> 3298 | L21: ='17'!G50 -> 1428 | M21: ='17'!G36 -> 1067 | N21: ='18 '!G138 -> 159 | O21: ='17'!$G$139 -> 150 | P21: ='17'!$G$140 -> 2 | Q21: ='17'!$G$141 -> 201 | R21: ='17'!$G$142 -> 59 | S21: ='17'!$G$145 -> 4 | T21: ='17'!$G$146 -> 434 | U21: ='17'!$G$144 -> 256 | V21: ='17'!$G$147 -> 467 | W21: ='17'!$G$148 -> 361 | X21: ='17'!$G$143 -> 28 | Y21: ='17'!$G$58 -> 239 | Z21: ='17'!$G$151 -> 278 | AA21: ='17'!G161 -> 48 | AB21: ='17'!G162 -> 16 | AC21: ='17'!G88 -> 10.38 | AD21: ='17'!G163+'17'!G164 -> 161 | AE21: ='17'!$G$116 -> 439 | AF21: ='17'!$G$117 -> 171 | AG21: ='17'!$G$118 -> 511 | AH21: ='17'!$G$119 -> 459 | AI21: ='17'!$G$120 -> 419 | AJ21: ='17'!$G$121 -> 787 | AK21: ='17'!$G$122 -> 189 | AL21: ='17'!$G$123 -> 248 | AM21: ='17'!$G$133 -> 878 | AN21: ='17'!$G$15 -> 1081 | AO21: ='17'!$G$74 -> 346 | AP21: ='17'!$G$75 -> 0 | AQ21: ='17'!$G$76 -> 119 | AR21: ='17'!$G$77 -> 59 | AS21: ='17'!$G$78 -> 0 | AT21: =AN21-SUM(AO21:AS21) -> 557 | AU21: =SUM('17'!G91:G92) -> 12 | AV21: ='17'!$G$88 -> 10.38 | AW21: ='17'!$G$89 -> 1 | AX21: ='17'!$G$90 -> 10 | AY21: =SUM(AV21:AX21) -> 21.38 | AZ21: =AO21/AU21 -> 28.833333 | BA21: =AT21/AY21 -> 26.052385 | BB21: =C21-SUM(F21:K21,Y21) -> 5942.7 | BC21: =BB21/B21% -> 21.158187
A22: 18 | B22: ='18 '!G7 -> 27376 | C22: ='18 '!G8 -> 27917 | D22: ='18 '!G15 -> 1092 | E22: ='18 '!G20 -> 255 | F22: =SUM('18 '!G35,'18 '!G49) -> 3926 | G22: =SUM('18 '!G37,'18 '!G51) -> 1696 | H22: =SUM('18 '!G38,'18 '!G52) -> 2295 | I22: =SUM('18 '!G39,'18 '!G53) -> 3285 | J22: =SUM('18 '!G41,'18 '!G42,'18 '!G55,'18 '!G56) -> 7242 | K22: =SUM('18 '!G43,'18 '!G57) -> 3303 | L22: ='18 '!G50 -> 1432 | M22: ='18 '!G36 -> 1020 | N22: ='18 '!G138 -> 159 | O22: ='18 '!$G$139 -> 147 | P22: ='18 '!$G$140 -> 1 | Q22: ='18 '!$G$141 -> 191 | R22: ='18 '!$G$142 -> 61 | S22: ='18 '!$G$145 -> 2 | T22: ='18 '!$G$146 -> 443 | U22: ='18 '!$G$144 -> 252 | V22: ='18 '!$G$147 -> 412 | W22: ='18 '!$G$148 -> 351 | X22: ='18 '!$G$143 -> 25 | Y22: ='18 '!$G$58 -> 241 | Z22: ='18 '!$G$151 -> 277 | AA22: ='18 '!G161 -> 206 | AB22: ='18 '!G162 -> 36 | AC22: ='18 '!G88 -> 8.62 | AD22: ='18 '!G163+'18 '!G164 -> 170 | AE22: ='18 '!$G$116 -> 416 | AF22: ='18 '!$G$117 -> 229 | AG22: ='18 '!$G$118 -> 542 | AH22: ='18 '!$G$119 -> 398 | AI22: ='18 '!$G$120 -> 415 | AJ22: ='18 '!$G$121 -> 763 | AK22: ='18 '!$G$122 -> 195 | AL22: ='18 '!$G$123 -> 254 | AM22: ='18 '!$G$133 -> 888 | AN22: ='18 '!$G$15 -> 1092 | AO22: ='18 '!$G$74 -> 314 | AP22: ='18 '!$G$75 -> 0 | AQ22: ='18 '!$G$76 -> 114 | AR22: ='18 '!$G$77 -> 45 | AS22: ='18 '!$G$78 -> 0 | AT22: =AN22-SUM(AO22:AS22) -> 619 | AU22: =SUM('18 '!G91:G92) -> 11 | AV22: ='18 '!$G$88 -> 8.62 | AW22: ='18 '!$G$89 -> 5 | AX22: ='18 '!$G$90 -> 6 | AY22: =SUM(AV22:AX22) -> 19.62 | AZ22: =AO22/AU22 -> 28.545455 | BA22: =AT22/AY22 -> 31.549439 | BB22: =C22-SUM(F22:K22,Y22) -> 5929 | BC22: =BB22/B22% -> 21.657656
A23: 19 | B23: ='19'!G7 -> 27150 | C23: ='19'!G8 -> 27928 | D23: ='19'!G15 -> 1090 | E23: ='19'!G20 -> 274 | F23: =SUM('19'!G35,'19'!G49) -> 3887 | G23: =SUM('19'!G37,'19'!G51) -> 1723 | H23: =SUM('19'!G38,'19'!G52) -> 2295 | I23: =SUM('19'!G39,'19'!G53) -> 3229 | J23: =SUM('19'!G41,'19'!G42,'19'!G55,'19'!G56) -> 5840 | K23: =SUM('19'!G43,'19'!G57) -> 3310 | L23: ='19'!G50 -> 1258 | M23: ='19'!G36 -> 1171 | N23: ='19'!G138 -> 158 | O23: ='19'!$G$139 -> 152 | P23: ='19'!$G$140 -> 1 | Q23: ='19'!$G$141 -> 201 | R23: ='19'!G142 -> 60 | S23: ='19'!$G$145 -> 4 | T23: ='19'!$G$146 -> 460 | U23: ='19'!$G$144 -> 241 | V23: ='19'!$G$147 -> 424 | W23: ='19'!$G$148 -> 402 | X23: ='19'!$G$143 -> 28 | Y23: ='19'!$G$58 -> 248 | Z23: ='19'!$G$151 -> 286 | AA23: ='19'!G161 -> 159 | AB23: ='19'!G162 -> 42 | AC23: ='19'!G88 -> 10 | AD23: ='19'!G163+'19'!G164 -> 152 | AE23: ='19'!$G$116 -> 431 | AF23: ='19'!$G$117 -> 165 | AG23: ='19'!$G$118 -> 521 | AH23: ='19'!$G$119 -> 433 | AI23: ='19'!$G$120 -> 407 | AJ23: ='19'!$G$121 -> 816 | AK23: ='19'!$G$122 -> 211 | AL23: ='19'!$G$123 -> 252 | AM23: ='19'!$G$133 -> 877 | AN23: ='19'!$G$15 -> 1090 | AO23: ='19'!$G$74 -> 331 | AP23: ='19'!$G$75 -> 0 | AQ23: ='19'!$G$76 -> 99 | AR23: ='19'!$G$77 -> 47 | AS23: ='19'!$G$78 -> 0 | AT23: =AN23-SUM(AO23:AS23) -> 613 | AU23: =SUM('19'!G91:G92) -> 12.48 | AV23: ='19'!$G$88 -> 10 | AW23: ='19'!$G$89 -> 3 | AX23: ='19'!$G$90 -> 9 | AY23: =SUM(AV23:AX23) -> 22 | AZ23: =AO23/AU23 -> 26.522436 | BA23: =AT23/AY23 -> 27.863636 | BB23: =C23-SUM(F23:K23,Y23) -> 7396 | BC23: =BB23/B23% -> 27.241252
A24: 20 | B24: ='20'!G7 -> 27361.43 | C24: ='20'!G8 -> 28067.07 | D24: ='20'!G15 -> 1090.7 | E24: ='20'!G20 -> 307 | F24: =SUM('20'!G35,'20'!G49) -> 4020.46 | G24: =SUM('20'!G37,'20'!G51) -> 1793.17 | H24: =SUM('20'!G38,'20'!G52) -> 2268.91 | I24: =SUM('20'!G39,'20'!G53) -> 3276.37 | J24: =SUM('20'!G41,'20'!G42,'20'!G55,'20'!G56) -> 6519.36 | K24: =SUM('20'!G43,'20'!G57) -> 3343.65 | L24: ='20'!G50 -> 1170.42 | M24: ='20'!G36 -> 912.81 | N24: ='20'!G138 -> 154 | O24: ='20'!$G$139 -> 127 | P24: ='20'!$G$140 -> 1 | Q24: ='20'!$G$141 -> 186.19 | R24: ='20'!$G$142 -> 60.93 | S24: ='20'!$G$145 -> 3.8 | T24: ='20'!$G$146 -> 545 | U24: ='20'!$G$144 -> 229 | V24: ='20'!$G$147 -> 402.28 | W24: ='20'!$G$148 -> 320.48 | X24: ='20'!$G$143 -> 31.28 | Y24: ='20'!$G$58 -> 205.5 | Z24: ='20'!$G$151 -> 280 | AA24: ='20'!G161 -> 18.84 | AB24: ='20'!G162 -> 45.9 | AC24: ='20'!G88 -> 0 | AD24: ='20'!G163+'20'!G164 -> 164.6 | AE24: ='20'!$G$116 -> 416.27 | AF24: ='20'!$G$117 -> 145.89 | AG24: ='20'!$G$118 -> 534.23 | AH24: ='20'!$G$119 -> 457.43 | AI24: ='20'!$G$120 -> 401.04 | AJ24: ='20'!$G$121 -> 837.5 | AK24: ='20'!$G$122 -> 242.31 | AL24: ='20'!$G$123 -> 257.17 | AM24: ='20'!$G$133 -> 973.18 | AN24: ='20'!$G$15 -> 1090.7 | AO24: ='20'!$G$74 -> 333.12 | AP24: ='20'!$G$75 -> 0 | AQ24: ='20'!$G$76 -> 125.58 | AR24: ='20'!$G$77 -> 50.5 | AS24: ='20'!$G$78 -> 0 | AT24: =AN24-SUM(AO24:AS24) -> 581.5 | AU24: =SUM('20'!G91:G92) -> 12.08 | AV24: ='20'!$G$88 -> 0 | AW24: ='20'!$G$89 -> 9.19 | AX24: ='20'!$G$90 -> 11.49 | AY24: =SUM(AV24:AX24) -> 20.68 | AZ24: =AO24/AU24 -> 27.576159 | BA24: =AT24/AY24 -> 28.118956 | BB24: =C24-SUM(F24:K24,Y24) -> 6639.65 | BC24: =BB24/B24% -> 24.266458
A25: 21 | B25: ='21'!G7 -> 28729.28 | C25: ='21'!G8 -> 29272.92 | D25: ='21'!G15 -> 1136.99 | E25: ='21'!G20 -> 277 | F25: =SUM('21'!G35,'21'!G49) -> 4041.62 | G25: =SUM('21'!G37,'21'!G51) -> 1751.95 | H25: =SUM('21'!G38,'21'!G52) -> 2476.78 | I25: =SUM('21'!G39,'21'!G53) -> 3181.38 | J25: =SUM('21'!G41,'21'!G42,'21'!G55,'21'!G56) -> 7678.42 | K25: =SUM('21'!G43,'21'!G57) -> 3448.62 | L25: ='21'!G50 -> 1720.73 | M25: ='21'!G36 -> 1318.22 | N25: ='21'!G138 -> 139 | O25: ='21'!$G$139 -> 191 | P25: ='21'!$G$140 -> 3.9 | Q25: ='21'!$G$141 -> 202.19 | R25: ='21'!$G$142 -> 57.38 | S25: ='21'!$G$145 -> 2.8 | T25: ='21'!$G$146 -> 426 | U25: ='21'!$G$144 -> 232 | V25: ='21'!$G$147 -> 465.68 | W25: ='21'!$G$148 -> 430.96 | X25: ='21'!$G$143 -> 33.01 | Y25: ='21'!$G$58 -> 238.88 | Z25: ='21'!$G$151 -> 299 | AA25: ='21'!G161 -> 23.16 | AB25: ='21'!G162 -> 41.5 | AC25: ='21'!G88 -> -0.31 | AD25: ='21'!G163+'21'!G164 -> 172.7 | AE25: ='21'!$G$116 -> 361.6 | AF25: ='21'!$G$117 -> 200.35 | AG25: ='21'!$G$118 -> 542.9 | AH25: ='21'!$G$119 -> 447.01 | AI25: ='21'!$G$120 -> 396.62 | AJ25: ='21'!$G$121 -> 749.89 | AK25: ='21'!$G$122 -> 187.71 | AL25: ='21'!$G$123 -> 247.14 | AM25: ='21'!$G$133 -> 956.41 | AN25: ='21'!$G$15 -> 1136.99 | AO25: ='21'!$G$74 -> 311.36 | AP25: ='21'!$G$75 -> 0 | AQ25: ='21'!$G$76 -> 124.24 | AR25: ='21'!$G$77 -> 42.4 | AS25: ='21'!$G$78 -> 0 | AT25: =AN25-SUM(AO25:AS25) -> 658.99 | AU25: =SUM('21'!G91:G92) -> 11.43 | AV25: ='21'!$G$88 -> -0.31 | AW25: ='21'!$G$89 -> 9.93 | AX25: ='21'!$G$90 -> 12.52 | AY25: =SUM(AV25:AX25) -> 22.14 | AZ25: =AO25/AU25 -> 27.240595 | BA25: =AT25/AY25 -> 29.764679 | BB25: =C25-SUM(F25:K25,Y25) -> 6455.27 | BC25: =BB25/B25% -> 22.469307
A26: 22 | B26: ='22'!G7 -> 28537.08 | C26: ='22'!G8 -> 29201.04 | D26: ='22'!G15 -> 1078.89 | E26: ='22'!G20 -> 296 | F26: =SUM('22'!G35,'22'!G49) -> 3924.46 | G26: =SUM('22'!G37,'22'!G51) -> 1773.33 | H26: =SUM('22'!G38,'22'!G52) -> 2323.6 | I26: =SUM('22'!G39,'22'!G53) -> 3155.18 | J26: =SUM('22'!G41,'22'!G42,'22'!G55,'22'!G56) -> 8506.13 | K26: =SUM('22'!G43,'22'!G57) -> 3471.62 | L26: ='22'!G50 -> 1197.12 | M26: ='22'!G36 -> 1008.95 | N26: ='22'!G138 -> 137 | O26: ='22'!$G$139 -> 166 | P26: ='22'!$G$140 -> 1.5 | Q26: ='22'!$G$141 -> 203.28 | R26: ='22'!$G$142 -> 62.11 | S26: ='22'!$G$145 -> 2.44 | T26: ='22'!$G$146 -> 483 | U26: ='22'!$G$144 -> 230 | V26: ='22'!$G$147 -> 423.2 | W26: ='22'!$G$148 -> 329.04 | X26: ='22'!$G$143 -> 27.87 | Y26: ='22'!$G$58 -> 217.98 | Z26: ='22'!$G$151 -> 262 | AA26: ='22'!G161 -> 23.84 | AB26: ='22'!G162 -> 36.3 | AC26: ='22'!G88 -> 0 | AD26: ='22'!G163+'22'!G164 -> 186.2 | AE26: ='22'!$G$116 -> 281.48 | AF26: ='22'!$G$117 -> 133.88 | AG26: ='22'!$G$118 -> 553.69 | AH26: ='22'!$G$119 -> 462.68 | AI26: ='22'!$G$120 -> 409.77 | AJ26: ='22'!$G$121 -> 798.36 | AK26: ='22'!$G$122 -> 203.31 | AL26: ='22'!$G$123 -> 244.22 | AM26: ='22'!$G$133 -> 905.19 | AN26: ='22'!$G$15 -> 1078.89 | AO26: ='22'!$G$74 -> 321.5 | AP26: ='22'!$G$75 -> 0 | AQ26: ='22'!$G$76 -> 114.87 | AR26: ='22'!$G$77 -> 54.4 | AS26: ='22'!$G$78 -> 0 | AT26: =AN26-SUM(AO26:AS26) -> 588.12 | AU26: =SUM('22'!G91:G92) -> 11.89 | AV26: ='22'!$G$88 -> 0 | AW26: ='22'!$G$89 -> 9.1 | AX26: ='22'!$G$90 -> 10.75 | AY26: =SUM(AV26:AX26) -> 19.85 | AZ26: =AO26/AU26 -> 27.039529 | BA26: =AT26/AY26 -> 29.628212 | BB26: =C26-SUM(F26:K26,Y26) -> 5828.74 | BC26: =BB26/B26% -> 20.425145
A27: 23 | B27: ='23'!G7 -> 30904.52 | C27: ='23'!G8 -> 31648.4 | D27: ='23'!G15 -> 1118.14 | E27: ='23'!G20 -> 291 | F27: =SUM('23'!G35,'23'!G49) -> 3923.42 | G27: =SUM('23'!G37,'23'!G51) -> 1861.74 | H27: =SUM('23'!G38,'23'!G52) -> 2416.66 | I27: =SUM('23'!G39,'23'!G53) -> 3156.8 | J27: =SUM('23'!G41,'23'!G42,'23'!G55,'23'!G56) -> 9799.22 | K27: =SUM('23'!G43,'23'!G57) -> 3760.56 | L27: ='23'!G50 -> 1403.33 | M27: ='23'!G36 -> 1296.02 | N27: ='23'!G138 -> 181 | O27: ='23'!G139 -> 145 | P27: ='23'!$G$140 -> 1.6 | Q27: ='23'!$G$141 -> 207.75 | R27: ='23'!$G$142 -> 63.07 | S27: ='23'!$G$145 -> 2.34 | T27: ='23'!$G$146 -> 501 | U27: ='23'!$G$144 -> 206 | V27: ='23'!$G$147 -> 488.84 | W27: ='23'!$G$148 -> 443.04 | X27: ='23'!$G$143 -> 31.21 | Y27: ='23'!$G$58 -> 232.84 | Z27: ='23'!$G$151 -> 296 | AA27: ='23'!$G$161 -> 23.48 | AB27: ='23'!G162 -> 18.1 | AC27: ='23'!G88 -> 7.63 | AD27: ='23'!G163+'23'!G164 -> 159.5 | AE27: ='23'!$G$116 -> 400.24 | AF27: ='23'!$G$117 -> 89.88 | AG27: ='23'!$G$118 -> 524.18 | AH27: ='23'!$G$119 -> 454.9 | AI27: ='23'!$G$120 -> 417.91 | AJ27: ='23'!$G$121 -> 813.15 | AK27: ='23'!$G$122 -> 241.22 | AL27: ='23'!$G$123 -> 284 | AM27: ='23'!$G$133 -> 987.53 | AN27: ='23'!$G$15 -> 1118.14 | AO27: ='23'!$G$74 -> 318.36 | AP27: ='23'!$G$75 -> 0 | AQ27: ='23'!$G$76 -> 121.41 | AR27: ='23'!$G$77 -> 57.7 | AS27: ='23'!$G$78 -> 0 | AT27: =AN27-SUM(AO27:AS27) -> 620.67 | AU27: =SUM('23'!G91:G92) -> 11.72 | AV27: ='23'!$G$88 -> 7.63 | AW27: ='23'!$G$89 -> 3.48 | AX27: ='23'!$G$90 -> 11.18 | AY27: =SUM(AV27:AX27) -> 22.29 | AZ27: =AO27/AU27 -> 27.163823 | BA27: =AT27/AY27 -> 27.845222 | BB27: =C27-SUM(F27:K27,Y27) -> 6497.16 | BC27: =BB27/B27% -> 21.023333
A28: 24 | B28: ='24'!G7 -> 29992.69 | C28: ='24'!G8 -> 30546.47 | D28: ='24'!G15 -> 1099.27 | E28: ='24'!G20 -> 307 | F28: =SUM('24'!G35,'24'!G49) -> 3918.06 | G28: =SUM('24'!G37,'24'!G51) -> 1735.4 | H28: =SUM('24'!G38,'24'!G52) -> 2360.78 | I28: =SUM('24'!G39,'24'!G53) -> 3178.38 | J28: =SUM('24'!G41,'24'!G42,'24'!G55,'24'!G56) -> 10213.35 | K28: =SUM('24'!G43,'24'!G57) -> 3676.78 | L28: ='24'!G50 -> 1356.27 | M28: ='24'!G36 -> 1272.27 | N28: ='24'!G138 -> 177 | O28: ='24'!G139 -> 143 | P28: ='24'!$G$140 -> 0 | Q28: ='24'!$G$141 -> 222.23 | R28: ='24'!$G$142 -> 56.82 | S28: ='24'!$G$145 -> 3.49 | T28: ='24'!$G$146 -> 383 | U28: ='24'!$G$144 -> 215 | V28: ='24'!$G$147 -> 468.52 | W28: ='24'!$G$148 -> 478.32 | X28: ='24'!$G$143 -> 29.83 | Y28: ='24'!$G$58 -> 240.5 | Z28: ='24'!$G$151 -> 292 | AA28: ='24'!G161 -> 24.32 | AB28: ='24'!G162 -> 11.3 | AC28: ='24'!G88 -> 4.69 | AD28: ='24'!G163+'24'!G164 -> 164.9 | AE28: ='24'!$G$116 -> 423.41 | AF28: ='24'!$G$117 -> 130.67 | AG28: ='24'!$G$118 -> 529.701 | AH28: ='24'!$G$119 -> 448.22 | AI28: ='24'!$G$120 -> 423.95 | AJ28: ='24'!$G$121 -> 780.67 | AK28: ='24'!$G$122 -> 200.16 | AL28: ='24'!$G$123 -> 5.81 | AM28: ='24'!$G$133 -> 952.65 | AN28: ='24'!$G$15 -> 1099.27 | AO28: ='24'!$G$74 -> 292.45 | AP28: ='24'!$G$75 -> 0 | AQ28: ='24'!$G$76 -> 143.8 | AR28: ='24'!$G$77 -> 50.2 | AS28: ='24'!$G$78 -> -0.6 | AT28: =AN28-SUM(AO28:AS28) -> 613.42 | AU28: =SUM('24'!G91:G92) -> 10.78 | AV28: ='24'!$G$88 -> 4.69 | AW28: ='24'!$G$89 -> 7.31 | AX28: ='24'!$G$90 -> 5.85 | AY28: =SUM(AV28:AX28) -> 17.85 | AZ28: =AO28/AU28 -> 27.128942 | BA28: =AT28/AY28 -> 34.365266 | BB28: =C28-SUM(F28:K28,Y28) -> 5223.22 | BC28: =BB28/B28% -> 17.414977
