Workbook

Sheet TOTAL
A1: Site Name | B1: Day | C1: Month | D1: Year | E1: Total Electricity Kwh | F1: Electricity Tariff ($/Kwh) | G1: LPG (Kg) | H1: LPG $/Kg | I1: Total Fuel Oil (Liter) | J1: Fuel Oil $/Liter | K1: Water Utility Supply (m3) m3 | L1: Water Utility Supply (m3) $/m3 | M1: Room Nights | N1: Food Covers
A2: Bali Jimbaran | B2: 1 | C2: 3 | D2: 2022 | E2: ='FS Jimbaran March 2022'!P12 -> 16340 | F2: ='FS Jimbaran March 2022'!O12/'FS Jimbaran March 2022'!P12 -> 1127.6944 | G2: ='FS Jimbaran March 2022'!AG12 -> 117.64548 | H2: ='FS Jimbaran March 2022'!AH12/'FS Jimbaran March 2022'!AG12 -> 20391.972 | I2: ='FS Jimbaran March 2022'!AJ12 -> 353.78 | J2: ='FS Jimbaran March 2022'!AK12/'FS Jimbaran March 2022'!AJ12 -> 12000 | K2: ='FS Jimbaran March 2022'!V12 -> 627.45 | L2: ='FS Jimbaran March 2022'!AA12/'FS Jimbaran March 2022'!V12 -> 7301.7406 | M2: ='RNs & Covers March 2022'!B6 -> 8 | N2: ='RNs & Covers March 2022'!C6 -> 77
A3: Bali Jimbaran | B3: =B2+1 -> 2 | C3: 3 | D3: 2022 | E3: ='FS Jimbaran March 2022'!P13 -> 17640 | F3: ='FS Jimbaran March 2022'!O13/'FS Jimbaran March 2022'!P13 -> 1132.6642 | G3: ='FS Jimbaran March 2022'!AG13 -> 99.61244 | H3: ='FS Jimbaran March 2022'!AH13/'FS Jimbaran March 2022'!AG13 -> 19340 | I3: ='FS Jimbaran March 2022'!AJ13 -> 305.68 | J3: ='FS Jimbaran March 2022'!AK13/'FS Jimbaran March 2022'!AJ13 -> 12000 | K3: ='FS Jimbaran March 2022'!V13 -> 788.54 | L3: ='FS Jimbaran March 2022'!AA13/'FS Jimbaran March 2022'!V13 -> 6987.1457 | M3: ='RNs & Covers March 2022'!B7 -> 38 | N3: ='RNs & Covers March 2022'!C7 -> 156
A4: Bali Jimbaran | B4: =B3+1 -> 3 | C4: 3 | D4: 2022 | E4: ='FS Jimbaran March 2022'!P14 -> 19580 | F4: ='FS Jimbaran March 2022'!O14/'FS Jimbaran March 2022'!P14 -> 1135.2318 | G4: ='FS Jimbaran March 2022'!AG14 -> 214.65048 | H4: ='FS Jimbaran March 2022'!AH14/'FS Jimbaran March 2022'!AG14 -> 47288.093 | I4: ='FS Jimbaran March 2022'!AJ14 -> 246.8 | J4: ='FS Jimbaran March 2022'!AK14/'FS Jimbaran March 2022'!AJ14 -> 12000 | K4: ='FS Jimbaran March 2022'!V14 -> 760.06 | L4: ='FS Jimbaran March 2022'!AA14/'FS Jimbaran March 2022'!V14 -> 6430.9452 | M4: ='RNs & Covers March 2022'!B8 -> 39 | N4: ='RNs & Covers March 2022'!C8 -> 224
A5: Bali Jimbaran | B5: =B4+1 -> 4 | C5: 3 | D5: 2022 | E5: ='FS Jimbaran March 2022'!P15 -> 17620 | F5: ='FS Jimbaran March 2022'!O15/'FS Jimbaran March 2022'!P15 -> 1115.1389 | G5: ='FS Jimbaran March 2022'!AG15 -> 120.18864 | H5: ='FS Jimbaran March 2022'!AH15/'FS Jimbaran March 2022'!AG15 -> 18589.846 | I5: ='FS Jimbaran March 2022'!AJ15 -> 507.76 | J5: ='FS Jimbaran March 2022'!AK15/'FS Jimbaran March 2022'!AJ15 -> 12000 | K5: ='FS Jimbaran March 2022'!V15 -> 693.31 | L5: ='FS Jimbaran March 2022'!AA15/'FS Jimbaran March 2022'!V15 -> 5408.0441 | M5: ='RNs & Covers March 2022'!B9 -> 12 | N5: ='RNs & Covers March 2022'!C9 -> 158
A6: Bali Jimbaran | B6: =B5+1 -> 5 | C6: 3 | D6: 2022 | E6: ='FS Jimbaran March 2022'!P16 -> 16120 | F6: ='FS Jimbaran March 2022'!O16/'FS Jimbaran March 2022'!P16 -> 1121.2383 | G6: ='FS Jimbaran March 2022'!AG16 -> 85.87352 | H6: ='FS Jimbaran March 2022'!AH16/'FS Jimbaran March 2022'!AG16 -> 18815.042 | I6: ='FS Jimbaran March 2022'!AJ16 -> 350.61 | J6: ='FS Jimbaran March 2022'!AK16/'FS Jimbaran March 2022'!AJ16 -> 12000 | K6: ='FS Jimbaran March 2022'!V16 -> 715.56 | L6: ='FS Jimbaran March 2022'!AA16/'FS Jimbaran March 2022'!V16 -> 6925.3731 | M6: ='RNs & Covers March 2022'!B10 -> 10 | N6: ='RNs & Covers March 2022'!C10 -> 76
A7: Bali Jimbaran | B7: =B6+1 -> 6 | C7: 3 | D7: 2022 | E7: ='FS Jimbaran March 2022'!P17 -> 14600 | F7: ='FS Jimbaran March 2022'!O17/'FS Jimbaran March 2022'!P17 -> 1121.622 | G7: ='FS Jimbaran March 2022'!AG17 -> 109.4776 | H7: ='FS Jimbaran March 2022'!AH17/'FS Jimbaran March 2022'!AG17 -> 18928.226 | I7: ='FS Jimbaran March 2022'!AJ17 -> 118.52 | J7: ='FS Jimbaran March 2022'!AK17/'FS Jimbaran March 2022'!AJ17 -> 12000 | K7: ='FS Jimbaran March 2022'!V17 -> 616.77 | L7: ='FS Jimbaran March 2022'!AA17/'FS Jimbaran March 2022'!V17 -> 7354.6681 | M7: ='RNs & Covers March 2022'!B11 -> 2 | N7: ='RNs & Covers March 2022'!C11 -> 76
A8: Bali Jimbaran | B8: =B7+1 -> 7 | C8: 3 | D8: 2022 | E8: ='FS Jimbaran March 2022'!P18 -> 14520 | F8: ='FS Jimbaran March 2022'!O18/'FS Jimbaran March 2022'!P18 -> 1126.3751 | G8: ='FS Jimbaran March 2022'!AG18 -> 105.7684 | H8: ='FS Jimbaran March 2022'!AH18/'FS Jimbaran March 2022'!AG18 -> 18487.571 | I8: ='FS Jimbaran March 2022'!AJ18 -> 314.93 | J8: ='FS Jimbaran March 2022'!AK18/'FS Jimbaran March 2022'!AJ18 -> 12000 | K8: ='FS Jimbaran March 2022'!V18 -> 647.03 | L8: ='FS Jimbaran March 2022'!AA18/'FS Jimbaran March 2022'!V18 -> 7077.0892 | M8: ='RNs & Covers March 2022'!B12 -> 5 | N8: ='RNs & Covers March 2022'!C12 -> 34
A9: Bali Jimbaran | B9: =B8+1 -> 8 | C9: 3 | D9: 2022 | E9: ='FS Jimbaran March 2022'!P19 -> 14400 | F9: ='FS Jimbaran March 2022'!O19/'FS Jimbaran March 2022'!P19 -> 1125.6915 | G9: ='FS Jimbaran March 2022'!AG19 -> 92.40232 | H9: ='FS Jimbaran March 2022'!AH19/'FS Jimbaran March 2022'!AG19 -> 19340 | I9: ='FS Jimbaran March 2022'!AJ19 -> 107.98 | J9: ='FS Jimbaran March 2022'!AK19/'FS Jimbaran March 2022'!AJ19 -> 12000 | K9: ='FS Jimbaran March 2022'!V19 -> 529.55 | L9: ='FS Jimbaran March 2022'!AA19/'FS Jimbaran March 2022'!V19 -> 7705.3447 | M9: ='RNs & Covers March 2022'!B13 -> 5 | N9: ='RNs & Covers March 2022'!C13 -> 51
A10: Bali Jimbaran | B10: =B9+1 -> 9 | C10: 3 | D10: 2022 | E10: ='FS Jimbaran March 2022'!P20 -> 14340 | F10: ='FS Jimbaran March 2022'!O20/'FS Jimbaran March 2022'!P20 -> 1121.7338 | G10: ='FS Jimbaran March 2022'!AG20 -> 74.35688 | H10: ='FS Jimbaran March 2022'!AH20/'FS Jimbaran March 2022'!AG20 -> 19340 | I10: ='FS Jimbaran March 2022'!AJ20 -> 369.76 | J10: ='FS Jimbaran March 2022'!AK20/'FS Jimbaran March 2022'!AJ20 -> 12000 | K10: ='FS Jimbaran March 2022'!V20 -> 481.49 | L10: ='FS Jimbaran March 2022'!AA20/'FS Jimbaran March 2022'!V20 -> 7720.908 | M10: ='RNs & Covers March 2022'!B14 -> 4 | N10: ='RNs & Covers March 2022'!C14 -> 52
A11: Bali Jimbaran | B11: =B10+1 -> 10 | C11: 3 | D11: 2022 | E11: ='FS Jimbaran March 2022'!P21 -> 13720 | F11: ='FS Jimbaran March 2022'!O21/'FS Jimbaran March 2022'!P21 -> 1122.5983 | G11: ='FS Jimbaran March 2022'!AG21 -> 85.1082 | H11: ='FS Jimbaran March 2022'!AH21/'FS Jimbaran March 2022'!AG21 -> 18810.321 | I11: ='FS Jimbaran March 2022'!AJ21 -> 34.2 | J11: ='FS Jimbaran March 2022'!AK21/'FS Jimbaran March 2022'!AJ21 -> 12000 | K11: ='FS Jimbaran March 2022'!V21 -> 594.52 | L11: ='FS Jimbaran March 2022'!AA21/'FS Jimbaran March 2022'!V21 -> 7019.0096 | M11: ='RNs & Covers March 2022'!B15 -> 5 | N11: ='RNs & Covers March 2022'!C15 -> 43
A12: Bali Jimbaran | B12: =B11+1 -> 11 | C12: 3 | D12: 2022 | E12: ='FS Jimbaran March 2022'!P22 -> 13960 | F12: ='FS Jimbaran March 2022'!O22/'FS Jimbaran March 2022'!P22 -> 1130.0093 | G12: ='FS Jimbaran March 2022'!AG22 -> 82.81568 | H12: ='FS Jimbaran March 2022'!AH22/'FS Jimbaran March 2022'!AG22 -> 19340 | I12: ='FS Jimbaran March 2022'!AJ22 -> 335.36 | J12: ='FS Jimbaran March 2022'!AK22/'FS Jimbaran March 2022'!AJ22 -> 12000 | K12: ='FS Jimbaran March 2022'!V22 -> 658.6 | L12: ='FS Jimbaran March 2022'!AA22/'FS Jimbaran March 2022'!V22 -> 6712.0281 | M12: ='RNs & Covers March 2022'!B16 -> 8 | N12: ='RNs & Covers March 2022'!C16 -> 57
A13: Bali Jimbaran | B13: =B12+1 -> 12 | C13: 3 | D13: 2022 | E13: ='FS Jimbaran March 2022'!P23 -> 14880 | F13: ='FS Jimbaran March 2022'!O23/'FS Jimbaran March 2022'!P23 -> 1125.5754 | G13: ='FS Jimbaran March 2022'!AG23 -> 80.35516 | H13: ='FS Jimbaran March 2022'!AH23/'FS Jimbaran March 2022'!AG23 -> 18778.991 | I13: ='FS Jimbaran March 2022'!AJ23 -> 344.57 | J13: ='FS Jimbaran March 2022'!AK23/'FS Jimbaran March 2022'!AJ23 -> 12000 | K13: ='FS Jimbaran March 2022'!V23 -> 661.27 | L13: ='FS Jimbaran March 2022'!AA23/'FS Jimbaran March 2022'!V23 -> 6720.5405 | M13: ='RNs & Covers March 2022'!B17 -> 12 | N13: ='RNs & Covers March 2022'!C17 -> 82
A14: Bali Jimbaran | B14: =B13+1 -> 13 | C14: 3 | D14: 2022 | E14: ='FS Jimbaran March 2022'!P24 -> 14800 | F14: ='FS Jimbaran March 2022'!O24/'FS Jimbaran March 2022'!P24 -> 1128.1604 | G14: ='FS Jimbaran March 2022'!AG24 -> 84.588 | H14: ='FS Jimbaran March 2022'!AH24/'FS Jimbaran March 2022'!AG24 -> 19340 | I14: ='FS Jimbaran March 2022'!AJ24 -> 174.64 | J14: ='FS Jimbaran March 2022'!AK24/'FS Jimbaran March 2022'!AJ24 -> 12000 | K14: ='FS Jimbaran March 2022'!V24 -> 576.72 | L14: ='FS Jimbaran March 2022'!AA24/'FS Jimbaran March 2022'!V24 -> 7104.6217 | M14: ='RNs & Covers March 2022'!B18 -> 10 | N14: ='RNs & Covers March 2022'!C18 -> 112
... A32: Bali Jimbaran | B32: =B31+1 -> 31 | C32: 3 | D32: 2022 | E32: ='FS Jimbaran March 2022'!P42 -> 16520 | F32: ='FS Jimbaran March 2022'!O42/'FS Jimbaran March 2022'!P42 -> 1126.0659 | G32: ='FS Jimbaran March 2022'!AG42 -> 90.098892 | H32: ='FS Jimbaran March 2022'!AH42/'FS Jimbaran March 2022'!AG42 -> 18839.661 | I32: ='FS Jimbaran March 2022'!AJ42 -> 334.5 | J32: ='FS Jimbaran March 2022'!AK42/'FS Jimbaran March 2022'!AJ42 -> 12000 | K32: ='FS Jimbaran March 2022'!V42 -> 695.98 | L32: ='FS Jimbaran March 2022'!AA42/'FS Jimbaran March 2022'!V42 -> 6719.95 | M32: ='RNs & Covers March 2022'!B36 -> 17 | N32: ='RNs & Covers March 2022'!C36 -> 121

Sheet FS Jimbaran March 2022
B6: Four Seasons Resort Bali at Jimbaran Bay
B7: MARCH 2022
B8: Date | C8: Room Nights | D8: Food Covers | E8: ELECTRICITY Resort & Sundara | V8: WATER | AC8: GAS
E9: Electricity Resort | J9: Electricity - Sundara | O9: Sub Total (Resort & Sundara) Cost (IDR) | P9: Sub Total (Resort & Sundara), KWh | Q9: Residences- Electricity KWh | R9: Residences- Electricity cost (IDR) | S9: TOTAL Electricity consumption (KWh) | T9: TOTAL Electricity cost | W9: Water (m3) | AA9: Total Water Cost | AC9: LPG | AJ9: Diesel
E10: BASED LOAD KWh (from 10 pm - 6 pm) | F10: Cost (IDR) | G10: PEAK LOAD KWh (from 6 pm - 10 pm) | H10: Cost (IDR) | I10: Resort Cost (IDR) | J10: BASED LOAD KWh (from 10 pm - 6 pm) | K10: Cost (IDR) | L10: PEAK LOAD KWh (from 6 pm - 10 pm) | M10: Cost (IDR) | N10: Sundara Cost (IDR) | T10: IDR | U10: USD | V10: Water consumption (m3) | W10: Municipal Water (m3) | X10: Municipal Water cost (IDR) | Y10: Deepwell Consumption (m3) | Z10: Deepwell water Cost (IDR) | AA10: IDR | AB10: USD | AC10: LPG Bulk (m3) | AD10: 50 Kg (tube) IVD & TW | AE10: Sundara 50 kg (tube) | AF10: 12 Kg (tube) | AG10: Total kg | AH10: IDR | AI10: USD | AJ10: Used (liters) | AK10: IDR | AL10: USD
AB11: 14522 | AC11: 14373 | AD11: 967000 | AE11: 967000 | AF11: 187000 | AK11: 12000
B12: 1 | C12: 8 | D12: 77 | E12: 12240 | F12: 12677947 | G12: 2600 | H12: 4039542 | I12: =F12+H12 -> 16717489 | J12: 1200 | K12: 1242936 | L12: 300 | M12: 466101 | N12: =K12+M12 -> 1709037 | O12: =I12+N12 -> 18426526 | P12: =E12+G12+J12+L12 -> 16340 | U12: 0 | V12: =W12+Y12 -> 627.45 | W12: 139.73 | X12: 2511018 | Y12: 487.72 | Z12: 2070459.2 | AA12: =X12+Z12 -> 4581477.2 | AB12: =AA12/$AB$11 -> 315.48527 | AC12: 3.21 | AD12: 0 | AE12: 114.43548 | AF12: 0 | AG12: =AC12+AD12+AE12+AF12 -> 117.64548 | AH12: 2399023.3 | AI12: =AH12/14522 -> 165.19924 | AJ12: 353.78 | AK12: 4245360 | AL12: =AK12/14522 -> 292.3399
B13: 2 | C13: 38 | D13: 156 | E13: 12960 | F13: 13423709 | G13: 2920 | H13: 4536716.4 | I13: =F13+H13 -> 17960425 | J13: 1380 | K13: 1429376.4 | L13: 380 | M13: 590394.6 | N13: =K13+M13 -> 2019771 | O13: =I13+N13 -> 19980196 | P13: =E13+G13+J13+L13 -> 17640 | U13: 0 | V13: =W13+Y13 -> 788.54 | W13: 157.53 | X13: 2830892.9 | Y13: 631.01 | Z13: 2678751 | AA13: =X13+Z13 -> 5509643.9 | AB13: =AA13/$AB$11 -> 379.3998 | AC13: 0 | AD13: 0 | AE13: 99.61244 | AF13: 0 | AG13: =AC13+AD13+AE13+AF13 -> 99.61244 | AH13: 1926504.6 | AI13: =AH13/14522 -> 132.66111 | AJ13: 305.68 | AK13: 3668160 | AL13: =AK13/14522 -> 252.59331
B14: 3 | C14: 39 | D14: 224 | E14: 14800 | F14: 15329544 | G14: 3400 | H14: 5282478 | I14: =F14+H14 -> 20612022 | J14: 1020 | K14: 1056495.6 | L14: 360 | M14: 559321.2 | N14: =K14+M14 -> 1615816.8 | O14: =I14+N14 -> 22227839 | P14: =E14+G14+J14+L14 -> 19580 | U14: 0 | V14: =W14+Y14 -> 760.06 | W14: 121.04 | X14: 2175149.3 | Y14: 639.02 | Z14: 2712754.9 | AA14: =X14+Z14 -> 4887904.2 | AB14: =AA14/$AB$11 -> 336.58616 | AC14: 155.6 | AD14: 0 | AE14: 59.05048 | AF14: 0 | AG14: =AC14+AD14+AE14+AF14 -> 214.65048 | AH14: 10150412 | AI14: =AH14/14522 -> 698.96789 | AJ14: 246.8 | AK14: 2961600 | AL14: =AK14/14522 -> 203.93885
B15: 4 | C15: 12 | D15: 158 | E15: 13560 | F15: 14045177 | G15: 2480 | H15: 3853101.6 | I15: =F15+H15 -> 17898278 | J15: 1360 | K15: 1408660.8 | L15: 220 | M15: 341807.4 | N15: =K15+M15 -> 1750468.2 | O15: =I15+N15 -> 19648747 | P15: =E15+G15+J15+L15 -> 17620 | U15: 0 | V15: =W15+Y15 -> 693.31 | W15: 58.74 | X15: 1055587.2 | Y15: 634.57 | Z15: 2693863.9 | AA15: =X15+Z15 -> 3749451 | AB15: =AA15/$AB$11 -> 258.19109 | AC15: 0 | AD15: 0 | AE15: 96.18864 | AF15: 24 | AG15: =AC15+AD15+AE15+AF15 -> 120.18864 | AH15: 2234288.3 | AI15: =AH15/14522 -> 153.85541 | AJ15: 507.76 | AK15: 6093120 | AL15: =AK15/14522 -> 419.57857
B16: 5 | C16: 10 | D16: 76 | E16: 12120 | F16: 12553654 | G16: 2320 | H16: 3604514.4 | I16: =F16+H16 -> 16158168 | J16: 1340 | K16: 1387945.2 | L16: 340 | M16: 528247.8 | N16: =K16+M16 -> 1916193 | O16: =I16+N16 -> 18074361 | P16: =E16+G16+J16+L16 -> 16120 | U16: 0 | V16: =W16+Y16 -> 715.56 | W16: 139.73 | X16: 2511018 | Y16: 575.83 | Z16: 2444502 | AA16: =X16+Z16 -> 4955520 | AB16: =AA16/$AB$11 -> 341.24225 | AC16: 0 | AD16: 0 | AE16: 73.87352 | AF16: 12 | AG16: =AC16+AD16+AE16+AF16 -> 85.87352 | AH16: 1615713.9 | AI16: =AH16/14522 -> 111.25974 | AJ16: 350.61 | AK16: 4207320 | AL16: =AK16/14522 -> 289.72042
B17: 6 | C17: 2 | D17: 76 | E17: 10920 | F17: 11310718 | G17: 2040 | H17: 3169486.8 | I17: =F17+H17 -> 14480204 | J17: 1260 | K17: 1305082.8 | L17: 380 | M17: 590394.6 | N17: =K17+M17 -> 1895477.4 | O17: =I17+N17 -> 16375682 | P17: =E17+G17+J17+L17 -> 14600 | U17: 0 | V17: =W17+Y17 -> 616.77 | W17: 139.73 | X17: 2511018 | Y17: 477.04 | Z17: 2025120.7 | AA17: =X17+Z17 -> 4536138.6 | AB17: =AA17/$AB$11 -> 312.36322 | AC17: 0 | AD17: 0 | AE17: 97.4776 | AF17: 12 | AG17: =AC17+AD17+AE17+AF17 -> 109.4776 | AH17: 2072216.8 | AI17: =AH17/14522 -> 142.695 | AJ17: 118.52 | AK17: 1422240 | AL17: =AK17/14522 -> 97.936923
B18: 7 | C18: 5 | D18: 34 | E18: 10880 | F18: 11269286 | G18: 2240 | H18: 3480220.8 | I18: =F18+H18 -> 14749507 | J18: 1100 | K18: 1139358 | L18: 300 | M18: 466101 | N18: =K18+M18 -> 1605459 | O18: =I18+N18 -> 16354966 | P18: =E18+G18+J18+L18 -> 14520 | U18: 0 | V18: =W18+Y18 -> 647.03 | W18: 133.5 | X18: 2399061.8 | Y18: 513.53 | Z18: 2180027.3 | AA18: =X18+Z18 -> 4579089 | AB18: =AA18/$AB$11 -> 315.32083 | AC18: 0 | AD18: 0 | AE18: 81.7684 | AF18: 24 | AG18: =AC18+AD18+AE18+AF18 -> 105.7684 | AH18: 1955400.9 | AI18: =AH18/14522 -> 134.65093 | AJ18: 314.93 | AK18: 3779160 | AL18: =AK18/14522 -> 260.23688
B19: 8 | C19: 5 | D19: 51 | E19: 10640 | F19: 11020699 | G19: 2080 | H19: 3231633.6 | I19: =F19+H19 -> 14252333 | J19: 1260 | K19: 1305082.8 | L19: 420 | M19: 652541.4 | N19: =K19+M19 -> 1957624.2 | O19: =I19+N19 -> 16209957 | P19: =E19+G19+J19+L19 -> 14400 | U19: 0 | V19: =W19+Y19 -> 529.55 | W19: 133.5 | X19: 2399061.8 | Y19: 396.05 | Z19: 1681303.5 | AA19: =X19+Z19 -> 4080365.3 | AB19: =AA19/$AB$11 -> 280.97819 | AC19: 0 | AD19: 0 | AE19: 92.40232 | AF19: 0 | AG19: =AC19+AD19+AE19+AF19 -> 92.40232 | AH19: 1787060.9 | AI19: =AH19/14522 -> 123.05887 | AJ19: 107.98 | AK19: 1295760 | AL19: =AK19/14522 -> 89.227379
B20: 9 | C20: 4 | D20: 52 | E20: 10640 | F20: 11020699 | G20: 2080 | H20: 3231633.6 | I20: =F20+H20 -> 14252333 | J20: 1320 | K20: 1367229.6 | L20: 300 | M20: 466101 | N20: =K20+M20 -> 1833330.6 | O20: =I20+N20 -> 16085663 | P20: =E20+G20+J20+L20 -> 14340 | U20: 0 | V20: =W20+Y20 -> 481.49 | W20: 121.93 | X20: 2191143.1 | Y20: 359.56 | Z20: 1526396.9 | AA20: =X20+Z20 -> 3717540 | AB20: =AA20/$AB$11 -> 255.99366 | AC20: 0 | AD20: 0 | AE20: 74.35688 | AF20: 0 | AG20: =AC20+AD20+AE20+AF20 -> 74.35688 | AH20: 1438062.1 | AI20: =AH20/14522 -> 99.026447 | AJ20: 369.76 | AK20: 4437120 | AL20: =AK20/14522 -> 305.54469
B21: 10 | C21: 5 | D21: 43 | E21: 10160 | F21: 10523525 | G21: 1920 | H21: 2983046.4 | I21: =F21+H21 -> 13506571 | J21: 1260 | K21: 1305082.8 | L21: 380 | M21: 590394.6 | N21: =K21+M21 -> 1895477.4 | O21: =I21+N21 -> 15402049 | P21: =E21+G21+J21+L21 -> 13720 | U21: 0 | V21: =W21+Y21 -> 594.52 | W21: 120.15 | X21: 2159155.6 | Y21: 474.37 | Z21: 2013786 | AA21: =X21+Z21 -> 4172941.6 | AB21: =AA21/$AB$11 -> 287.35309 | AC21: 0 | AD21: 0 | AE21: 73.1082 | AF21: 12 | AG21: =AC21+AD21+AE21+AF21 -> 85.1082 | AH21: 1600912.6 | AI21: =AH21/14522 -> 110.2405 | AJ21: 34.2 | AK21: 410400 | AL21: =AK21/14522 -> 28.26057
B22: 11 | C22: 8 | D22: 57 | E22: 10040 | F22: 10399231 | G22: 2160 | H22: 3355927.2 | I22: =F22+H22 -> 13755158 | J22: 1380 | K22: 1429376.4 | L22: 380 | M22: 590394.6 | N22: =K22+M22 -> 2019771 | O22: =I22+N22 -> 15774929 | P22: =E22+G22+J22+L22 -> 13960 | U22: 0 | V22: =W22+Y22 -> 658.6 | W22: 118.37 | X22: 2127168.1 | Y22: 540.23 | Z22: 2293373.6 | AA22: =X22+Z22 -> 4420541.7 | AB22: =AA22/$AB$11 -> 304.40309 | AC22: 0 | AD22: 0 | AE22: 82.81568 | AF22: 0 | AG22: =AC22+AD22+AE22+AF22 -> 82.81568 | AH22: 1601655.3 | AI22: =AH22/14522 -> 110.29164 | AJ22: 335.36 | AK22: 4024320 | AL22: =AK22/14522 -> 277.11885
B23: 12 | C23: 12 | D23: 82 | E23: 10880 | F23: 11269286 | G23: 2240 | H23: 3480220.8 | I23: =F23+H23 -> 14749507 | J23: 1420 | K23: 1470807.6 | L23: 340 | M23: 528247.8 | N23: =K23+M23 -> 1999055.4 | O23: =I23+N23 -> 16748563 | P23: =E23+G23+J23+L23 -> 14880 | U23: 0 | V23: =W23+Y23 -> 661.27 | W23: 119.26 | X23: 2143161.8 | Y23: 542.01 | Z23: 2300930 | AA23: =X23+Z23 -> 4444091.8 | AB23: =AA23/$AB$11 -> 306.02478 | AC23: 0 | AD23: 0 | AE23: 68.35516 | AF23: 12 | AG23: =AC23+AD23+AE23+AF23 -> 80.35516 | AH23: 1508988.8 | AI23: =AH23/14522 -> 103.91054 | AJ23: 344.57 | AK23: 4134840 | AL23: =AK23/14522 -> 284.72938
... B41: 30 | C41: 24 | D41: 224 | E41: 11520 | F41: 11932186 | G41: 2280 | H41: 3542367.6 | I41: =F41+H41 -> 15474553 | J41: 1900 | K41: 1967982 | L41: 480 | M41: 745761.6 | N41: =K41+M41 -> 2713743.6 | O41: =I41+N41 -> 18188297 | P41: =E41+G41+J41+L41 -> 16180 | U41: 0 | V41: =W41+Y41 -> 595.41 | W41: 123.71 | X41: 2223130.6 | Y41: 471.7 | Z41: 2002451.4 | AA41: =X41+Z41 -> 4225582 | AB41: =AA41/$AB$11 -> 290.97796 | AC41: 0 | AD41: 0 | AE41: 84.463132 | AF41: 12 | AG41: =AC41+AD41+AE41+AF41 -> 96.463132 | AH41: 1820517 | AI41: =AH41/14522 -> 125.36269 | AJ41: 297.15 | AK41: 3565800 | AL41: =AK41/14522 -> 245.54469
B42: 31 | C42: 17 | D42: 121 | E42: 12120 | F42: 12553654 | G42: 2480 | H42: 3853101.6 | I42: =F42+H42 -> 16406755 | J42: 1520 | K42: 1574385.6 | L42: 400 | M42: 621468 | N42: =K42+M42 -> 2195853.6 | O42: =I42+N42 -> 18602609 | P42: =E42+G42+J42+L42 -> 16520 | V42: =W42+Y42 -> 695.98 | W42: 125.49 | X42: 2255118 | Y42: 570.49 | Z42: 2421832.7 | AA42: =X42+Z42 -> 4676950.8 | AB42: =AA42/$AB$11 -> 322.05969 | AC42: 0 | AD42: 0 | AE42: 78.098892 | AF42: 12 | AG42: =AC42+AD42+AE42+AF42 -> 90.098892 | AH42: 1697432.6 | AI42: =AH42/14522 -> 116.88697 | AJ42: 334.5 | AK42: 4014000 | AL42: =AK42/14522 -> 276.40821
C46: =SUM(C12:C42) -> 419 | D46: =SUM(D12:D42) -> 3868 | E46: =SUM(E12:E42) -> 354920 | F46: =SUM(F12:F42) -> 3.6761904e+08 | G46: =SUM(G12:G42) -> 73280 | H46: =SUM(H12:H42) -> 1.1385294e+08 | I46: =SUM(I12:I42) -> 4.8147198e+08 | J46: =SUM(J12:J42) -> 45500 | ... P46: =SUM(P12:P42) -> 486180 | V46: =SUM(V12:V42) -> 19468.75 | W46: =SUM(W12:W42) -> 3325.04 | X46: =SUM(X12:X42) -> 59752631 | Y46: =SUM(Y12:Y42) -> 16143.71 | Z46: =SUM(Z12:Z42) -> 68532955 | AA46: =SUM(AA12:AA42) -> 1.2828559e+08 | AB46: =SUM(AB12:AB42) -> 8833.8787 | AC46: =SUM(AC12:AC41) -> 488.41 | AD46: =SUM(AD12:AD41) -> 0 | AE46: =SUM(AE12:AE42) -> 2645.7354 | AF46: =SUM(AF12:AF42) -> 276 | AG46: =SUM(AG12:AG42) -> 3410.1454 | AH46: =SUM(AH12:AH42) -> 83745748 | AI46: =AH46/$AL$47 -> 6453.8508 | AJ46: =SUM(AJ12:AJ42) -> 8502.6 | AK46: =SUM(AK12:AK42) -> 1.020312e+08 | AL46: =AK46/AL47 -> 7863.0157
T47: kWh rate | U47: =U46/S46 -> #DIV/0! | V47: m3/RNs | AL47: 12976.09
P48: =O46/P46 -> 1127.1335 | AA48: =AA46/V46 -> 6589.3078 | AH48: =AH46/AG46 -> 24557.823 | AK48: =AK46/AJ46 -> 12000

Sheet RNs & Covers March 2022
A1: Four Seasons Resort Bali at Jimbaran Bay
A2: 44621
A3: Date | B3: Room Nights | C3: Food Covers
A6: 1 | B6: ='FS Jimbaran March 2022'!C12 -> 8 | C6: ='FS Jimbaran March 2022'!D12 -> 77
A7: 2 | B7: ='FS Jimbaran March 2022'!C13 -> 38 | C7: ='FS Jimbaran March 2022'!D13 -> 156
A8: =A7+1 -> 3 | B8: ='FS Jimbaran March 2022'!C14 -> 39 | C8: ='FS Jimbaran March 2022'!D14 -> 224
A9: =A8+1 -> 4 | B9: ='FS Jimbaran March 2022'!C15 -> 12 | C9: ='FS Jimbaran March 2022'!D15 -> 158
A10: =A9+1 -> 5 | B10: ='FS Jimbaran March 2022'!C16 -> 10 | C10: ='FS Jimbaran March 2022'!D16 -> 76
A11: =A10+1 -> 6 | B11: ='FS Jimbaran March 2022'!C17 -> 2 | C11: ='FS Jimbaran March 2022'!D17 -> 76
A12: =A11+1 -> 7 | B12: ='FS Jimbaran March 2022'!C18 -> 5 | C12: ='FS Jimbaran March 2022'!D18 -> 34
A13: =A12+1 -> 8 | B13: ='FS Jimbaran March 2022'!C19 -> 5 | C13: ='FS Jimbaran March 2022'!D19 -> 51
A14: =A13+1 -> 9 | B14: ='FS Jimbaran March 2022'!C20 -> 4 | C14: ='FS Jimbaran March 2022'!D20 -> 52
A15: =A14+1 -> 10 | B15: ='FS Jimbaran March 2022'!C21 -> 5 | C15: ='FS Jimbaran March 2022'!D21 -> 43
A16: =A15+1 -> 11 | B16: ='FS Jimbaran March 2022'!C22 -> 8 | C16: ='FS Jimbaran March 2022'!D22 -> 57
A17: =A16+1 -> 12 | B17: ='FS Jimbaran March 2022'!C23 -> 12 | C17: ='FS Jimbaran March 2022'!D23 -> 82
A18: =A17+1 -> 13 | B18: ='FS Jimbaran March 2022'!C24 -> 10 | C18: ='FS Jimbaran March 2022'!D24 -> 112
A19: =A18+1 -> 14 | B19: ='FS Jimbaran March 2022'!C25 -> 10 | C19: ='FS Jimbaran March 2022'!D25 -> 61
... A36: =A35+1 -> 31 | B36: ='FS Jimbaran March 2022'!C42 -> 17 | C36: ='FS Jimbaran March 2022'!D42 -> 121
B37: =SUM(B6:B36) -> 419 | C37: =SUM(C6:C36) -> 3868
