Workbook

Sheet TOTAL
A1: Site Name | B1: Day | C1: Month | D1: Year | E1: Total Electricity Kwh | F1: Electricity Tariff ($/Kwh) | G1: Natual Gas (m3) | H1: Natural Gas $/m3 | I1: Water Utility Supply (m3) m3 | J1: Water Utility Supply (m3) $/m3 | K1: Room Nights | L1: Total Guests
A2: Hampshire | B2: 1 | C2: 4 | D2: 2022 | E2: =(Submetering!E2+Submetering!F2) -> 3138 | F2: 0.46 | G2: =Submetering!M2 -> 3529 | H2: 0.68 | I2: =Submetering!N2 -> 68 | J2: 2.78 | K2: ='Hampshire Daily'!B5 -> 110 | L2: ='Hampshire Daily'!C5 -> 165
A3: Hampshire | B3: =B2+1 -> 2 | C3: 4 | D3: 2022 | E3: =Submetering!E3+Submetering!F3 -> 8751 | F3: 0.46 | G3: =Submetering!M3 -> 3291 | H3: 0.68 | I3: =Submetering!N3 -> 77 | J3: 2.78 | K3: ='Hampshire Daily'!B6 -> 96 | L3: ='Hampshire Daily'!C6 -> 178
A4: Hampshire | B4: =B3+1 -> 3 | C4: 4 | D4: 2022 | E4: =Submetering!E4+Submetering!F4 -> 5576 | F4: 0.46 | G4: =Submetering!M4 -> 3354 | H4: 0.68 | I4: =Submetering!N4 -> 94 | J4: 2.78 | K4: ='Hampshire Daily'!B7 -> 48 | L4: ='Hampshire Daily'!C7 -> 116
A5: Hampshire | B5: =B4+1 -> 4 | C5: 4 | D5: 2022 | E5: =Submetering!E5+Submetering!F5 -> 5149 | F5: 0.46 | G5: =Submetering!M5 -> 2957 | H5: 0.68 | I5: =Submetering!N5 -> 45 | J5: 2.78 | K5: ='Hampshire Daily'!B8 -> 38 | L5: ='Hampshire Daily'!C8 -> 86
A6: Hampshire | B6: =B5+1 -> 5 | C6: 4 | D6: 2022 | E6: =Submetering!E6+Submetering!F6 -> 5151 | F6: 0.46 | G6: =Submetering!M6 -> 2817 | H6: 0.68 | I6: =Submetering!N6 -> 116 | J6: 2.78 | K6: ='Hampshire Daily'!B9 -> 121 | L6: ='Hampshire Daily'!C9 -> 156
A7: Hampshire | B7: =B6+1 -> 6 | C7: 4 | D7: 2022 | E7: =Submetering!E7+Submetering!F7 -> 5467 | F7: 0.46 | G7: =Submetering!M7 -> 2607 | H7: 0.68 | I7: =Submetering!N7 -> 84 | J7: 2.78 | K7: ='Hampshire Daily'!B10 -> 28 | L7: ='Hampshire Daily'!C10 -> 66
A8: Hampshire | B8: =B7+1 -> 7 | C8: 4 | D8: 2022 | E8: =Submetering!E8+Submetering!F8 -> 5024 | F8: 0.46 | G8: =Submetering!M8 -> 2814 | H8: 0.68 | I8: =Submetering!N8 -> 72 | J8: 2.78 | K8: ='Hampshire Daily'!B11 -> 22 | L8: ='Hampshire Daily'!C11 -> 51
A9: Hampshire | B9: =B8+1 -> 8 | C9: 4 | D9: 2022 | E9: =Submetering!E9+Submetering!F9 -> 5099 | F9: 0.46 | G9: =Submetering!M9 -> 3071 | H9: 0.68 | I9: =Submetering!N9 -> 70 | J9: 2.78 | K9: ='Hampshire Daily'!B12 -> 50 | L9: ='Hampshire Daily'!C12 -> 128
A10: Hampshire | B10: =B9+1 -> 9 | C10: 4 | D10: 2022 | E10: =Submetering!E10+Submetering!F10 -> 5088 | F10: 0.46 | G10: =Submetering!M10 -> 2842 | H10: 0.68 | I10: =Submetering!N10 -> 84 | J10: 2.78 | K10: ='Hampshire Daily'!B13 -> 80 | L10: ='Hampshire Daily'!C13 -> 202
A11: Hampshire | B11: =B10+1 -> 10 | C11: 4 | D11: 2022 | E11: =Submetering!E11+Submetering!F11 -> 5770 | F11: 0.46 | G11: =Submetering!M11 -> 2963 | H11: 0.68 | I11: =Submetering!N11 -> 83 | J11: 2.78 | K11: ='Hampshire Daily'!B14 -> 62 | L11: ='Hampshire Daily'!C14 -> 148
A12: Hampshire | B12: =B11+1 -> 11 | C12: 4 | D12: 2022 | E12: =Submetering!E12+Submetering!F12 -> 4237 | F12: 0.46 | G12: =Submetering!M12 -> 2823 | H12: 0.68 | I12: =Submetering!N12 -> 101 | J12: 2.78 | K12: ='Hampshire Daily'!B15 -> 73 | L12: ='Hampshire Daily'!C15 -> 146
A13: Hampshire | B13: =B12+1 -> 12 | C13: 4 | D13: 2022 | E13: =Submetering!E13+Submetering!F13 -> 4878 | F13: 0.46 | G13: =Submetering!M13 -> 2482 | H13: 0.68 | I13: =Submetering!N13 -> 89 | J13: 2.78 | K13: ='Hampshire Daily'!B16 -> 78 | L13: ='Hampshire Daily'!C16 -> 163
A14: Hampshire | B14: =B13+1 -> 13 | C14: 4 | D14: 2022 | E14: =Submetering!E14+Submetering!F14 -> 5232 | F14: 0.46 | G14: =Submetering!M14 -> 2537 | H14: 0.68 | I14: =Submetering!N14 -> 78 | J14: 2.78 | K14: ='Hampshire Daily'!B17 -> 58 | L14: ='Hampshire Daily'!C17 -> 143
... A31: Hampshire | B31: =B30+1 -> 30 | C31: 4 | D31: 2022 | E31: =Submetering!E31+Submetering!F31 -> 8269 | F31: 0.46 | G31: =Submetering!M31 -> 2363 | H31: 0.68 | I31: =Submetering!N31 -> 86 | J31: 2.78 | K31: ='Hampshire Daily'!B34 -> 100 | L31: ='Hampshire Daily'!C34 -> 238

Sheet Submetering
A1: Site Name | B1: Day | C1: Month | D1: Year | E1: Meter 1- KWh | F1: Meter 2- KWh | G1: East MCC- KWh | H1: South MCC 1- KWh | I1: South MCC 2- KWh | J1: West MCC- KWh | K1: Kitchen - KWh | L1: SPA - KWh | M1: Gas- KWh | N1: Main Site Water Meter - m3 | O1: Hard Water Supply- m3 | P1: Pool Supply- m3 | Q1: Kids Pool | R1: Room Nights | S1: Total Guests
A2: Hampshire | B2: 1 | C2: 4 | D2: 2022 | E2: ='Hampshire Daily'!D5-'Hampshire Daily'!D4 -> 3055 | F2: ='Hampshire Daily'!E5-'Hampshire Daily'!E4 -> 83 | G2: ='Hampshire Daily'!F5-'Hampshire Daily'!F4 -> 0 | H2: ='Hampshire Daily'!G5-'Hampshire Daily'!G4 -> 2379 | I2: ='Hampshire Daily'!H5-'Hampshire Daily'!H4 -> 32 | J2: ='Hampshire Daily'!I5-'Hampshire Daily'!I4 -> 2515 | K2: ='Hampshire Daily'!J5-'Hampshire Daily'!J4 -> 1150 | L2: ='Hampshire Daily'!K5-'Hampshire Daily'!K4 -> 1 | M2: ='Hampshire Daily'!N5-'Hampshire Daily'!N4 -> 3529 | N2: ='Hampshire Daily'!O5-'Hampshire Daily'!O4 -> 68 | O2: ='Hampshire Daily'!R5-'Hampshire Daily'!R4 -> 13 | P2: ='Hampshire Daily'!Q5-'Hampshire Daily'!Q4 -> 44 | Q2: ='Hampshire Daily'!T5-'Hampshire Daily'!T4 -> 9 | R2: ='Hampshire Daily'!B5 -> 110 | S2: ='Hampshire Daily'!C5 -> 165
A3: Hampshire | B3: =B2+1 -> 2 | C3: 4 | D3: 2022 | E3: ='Hampshire Daily'!D6-'Hampshire Daily'!D5 -> 3220 | F3: ='Hampshire Daily'!E6-'Hampshire Daily'!E5 -> 5531 | G3: ='Hampshire Daily'!F6-'Hampshire Daily'!F5 -> 0 | H3: ='Hampshire Daily'!G6-'Hampshire Daily'!G5 -> 2149 | I3: ='Hampshire Daily'!H6-'Hampshire Daily'!H5 -> 0 | J3: ='Hampshire Daily'!I6-'Hampshire Daily'!I5 -> 2594 | K3: ='Hampshire Daily'!J6-'Hampshire Daily'!J5 -> 1142 | L3: ='Hampshire Daily'!K6-'Hampshire Daily'!K5 -> 1 | M3: ='Hampshire Daily'!N6-'Hampshire Daily'!N5 -> 3291 | N3: ='Hampshire Daily'!O6-'Hampshire Daily'!O5 -> 77 | O3: ='Hampshire Daily'!R6-'Hampshire Daily'!R5 -> 10 | P3: ='Hampshire Daily'!Q6-'Hampshire Daily'!Q5 -> 50 | Q3: ='Hampshire Daily'!T6-'Hampshire Daily'!T5 -> 3 | R3: ='Hampshire Daily'!B6 -> 96 | S3: ='Hampshire Daily'!C6 -> 178
A4: Hampshire | B4: =B3+1 -> 3 | C4: 4 | D4: 2022 | E4: ='Hampshire Daily'!D7-'Hampshire Daily'!D6 -> 3250 | F4: ='Hampshire Daily'!E7-'Hampshire Daily'!E6 -> 2326 | G4: ='Hampshire Daily'!F7-'Hampshire Daily'!F6 -> 0 | H4: ='Hampshire Daily'!G7-'Hampshire Daily'!G6 -> 2005 | I4: ='Hampshire Daily'!H7-'Hampshire Daily'!H6 -> 0 | J4: ='Hampshire Daily'!I7-'Hampshire Daily'!I6 -> 2697 | K4: ='Hampshire Daily'!J7-'Hampshire Daily'!J6 -> 1156 | L4: ='Hampshire Daily'!K7-'Hampshire Daily'!K6 -> 1 | M4: ='Hampshire Daily'!N7-'Hampshire Daily'!N6 -> 3354 | N4: ='Hampshire Daily'!O7-'Hampshire Daily'!O6 -> 94 | O4: ='Hampshire Daily'!R7-'Hampshire Daily'!R6 -> 10 | P4: ='Hampshire Daily'!Q7-'Hampshire Daily'!Q6 -> 62 | Q4: ='Hampshire Daily'!T7-'Hampshire Daily'!T6 -> 9 | R4: ='Hampshire Daily'!B7 -> 48 | S4: ='Hampshire Daily'!C7 -> 116
A5: Hampshire | B5: =B4+1 -> 4 | C5: 4 | D5: 2022 | E5: ='Hampshire Daily'!D8-'Hampshire Daily'!D7 -> 2950 | F5: ='Hampshire Daily'!E8-'Hampshire Daily'!E7 -> 2199 | G5: ='Hampshire Daily'!F8-'Hampshire Daily'!F7 -> 0 | H5: ='Hampshire Daily'!G8-'Hampshire Daily'!G7 -> 1755 | I5: ='Hampshire Daily'!H8-'Hampshire Daily'!H7 -> 0 | J5: ='Hampshire Daily'!I8-'Hampshire Daily'!I7 -> 2577 | K5: ='Hampshire Daily'!J8-'Hampshire Daily'!J7 -> 1150 | L5: ='Hampshire Daily'!K8-'Hampshire Daily'!K7 -> 1 | M5: ='Hampshire Daily'!N8-'Hampshire Daily'!N7 -> 2957 | N5: ='Hampshire Daily'!O8-'Hampshire Daily'!O7 -> 45 | O5: ='Hampshire Daily'!R8-'Hampshire Daily'!R7 -> 10 | P5: ='Hampshire Daily'!Q8-'Hampshire Daily'!Q7 -> 59 | Q5: ='Hampshire Daily'!T8-'Hampshire Daily'!T7 -> 3 | R5: ='Hampshire Daily'!B8 -> 38 | S5: ='Hampshire Daily'!C8 -> 86
A6: Hampshire | B6: =B5+1 -> 5 | C6: 4 | D6: 2022 | E6: ='Hampshire Daily'!D9-'Hampshire Daily'!D8 -> 3229 | F6: ='Hampshire Daily'!E9-'Hampshire Daily'!E8 -> 1922 | G6: ='Hampshire Daily'!F9-'Hampshire Daily'!F8 -> 0 | H6: ='Hampshire Daily'!G9-'Hampshire Daily'!G8 -> 1965 | I6: ='Hampshire Daily'!H9-'Hampshire Daily'!H8 -> 0 | J6: ='Hampshire Daily'!I9-'Hampshire Daily'!I8 -> 3568 | K6: ='Hampshire Daily'!J9-'Hampshire Daily'!J8 -> 1145 | L6: ='Hampshire Daily'!K9-'Hampshire Daily'!K8 -> 0 | M6: ='Hampshire Daily'!N9-'Hampshire Daily'!N8 -> 2817 | N6: ='Hampshire Daily'!O9-'Hampshire Daily'!O8 -> 116 | O6: ='Hampshire Daily'!R9-'Hampshire Daily'!R8 -> 11 | P6: ='Hampshire Daily'!Q9-'Hampshire Daily'!Q8 -> 45 | Q6: ='Hampshire Daily'!T9-'Hampshire Daily'!T8 -> 4 | R6: ='Hampshire Daily'!B9 -> 121 | S6: ='Hampshire Daily'!C9 -> 156
A7: Hampshire | B7: =B6+1 -> 6 | C7: 4 | D7: 2022 | E7: ='Hampshire Daily'!D10-'Hampshire Daily'!D9 -> 3594 | F7: ='Hampshire Daily'!E10-'Hampshire Daily'!E9 -> 1873 | G7: ='Hampshire Daily'!F10-'Hampshire Daily'!F9 -> 26 | H7: ='Hampshire Daily'!G10-'Hampshire Daily'!G9 -> 2146 | I7: ='Hampshire Daily'!H10-'Hampshire Daily'!H9 -> 0 | J7: ='Hampshire Daily'!I10-'Hampshire Daily'!I9 -> 1502 | K7: ='Hampshire Daily'!J10-'Hampshire Daily'!J9 -> 1154 | L7: ='Hampshire Daily'!K10-'Hampshire Daily'!K9 -> 16 | M7: ='Hampshire Daily'!N10-'Hampshire Daily'!N9 -> 2607 | N7: ='Hampshire Daily'!O10-'Hampshire Daily'!O9 -> 84 | O7: ='Hampshire Daily'!R10-'Hampshire Daily'!R9 -> 11 | P7: ='Hampshire Daily'!Q10-'Hampshire Daily'!Q9 -> 55 | Q7: ='Hampshire Daily'!T10-'Hampshire Daily'!T9 -> 4 | R7: ='Hampshire Daily'!B10 -> 28 | S7: ='Hampshire Daily'!C10 -> 66
A8: Hampshire | B8: =B7+1 -> 7 | C8: 4 | D8: 2022 | E8: ='Hampshire Daily'!D11-'Hampshire Daily'!D10 -> 3109 | F8: ='Hampshire Daily'!E11-'Hampshire Daily'!E10 -> 1915 | G8: ='Hampshire Daily'!F11-'Hampshire Daily'!F10 -> 0 | H8: ='Hampshire Daily'!G11-'Hampshire Daily'!G10 -> 2017 | I8: ='Hampshire Daily'!H11-'Hampshire Daily'!H10 -> 0 | J8: ='Hampshire Daily'!I11-'Hampshire Daily'!I10 -> 2491 | K8: ='Hampshire Daily'!J11-'Hampshire Daily'!J10 -> 1146 | L8: ='Hampshire Daily'!K11-'Hampshire Daily'!K10 -> 1 | M8: ='Hampshire Daily'!N11-'Hampshire Daily'!N10 -> 2814 | N8: ='Hampshire Daily'!O11-'Hampshire Daily'!O10 -> 72 | O8: ='Hampshire Daily'!R11-'Hampshire Daily'!R10 -> 9 | P8: ='Hampshire Daily'!Q11-'Hampshire Daily'!Q10 -> 49 | Q8: ='Hampshire Daily'!T11-'Hampshire Daily'!T10 -> 3 | R8: ='Hampshire Daily'!B11 -> 22 | S8: ='Hampshire Daily'!C11 -> 51
A9: Hampshire | B9: =B8+1 -> 8 | C9: 4 | D9: 2022 | E9: ='Hampshire Daily'!D12-'Hampshire Daily'!D11 -> 2524 | F9: ='Hampshire Daily'!E12-'Hampshire Daily'!E11 -> 2575 | G9: ='Hampshire Daily'!F12-'Hampshire Daily'!F11 -> 0 | H9: ='Hampshire Daily'!G12-'Hampshire Daily'!G11 -> 1891 | I9: ='Hampshire Daily'!H12-'Hampshire Daily'!H11 -> 0 | J9: ='Hampshire Daily'!I12-'Hampshire Daily'!I11 -> 2395 | K9: ='Hampshire Daily'!J12-'Hampshire Daily'!J11 -> 1144 | L9: ='Hampshire Daily'!K12-'Hampshire Daily'!K11 -> 0 | M9: ='Hampshire Daily'!N12-'Hampshire Daily'!N11 -> 3071 | N9: ='Hampshire Daily'!O12-'Hampshire Daily'!O11 -> 70 | O9: ='Hampshire Daily'!R12-'Hampshire Daily'!R11 -> 9 | P9: ='Hampshire Daily'!Q12-'Hampshire Daily'!Q11 -> 38 | Q9: ='Hampshire Daily'!T12-'Hampshire Daily'!T11 -> 4 | R9: ='Hampshire Daily'!B12 -> 50 | S9: ='Hampshire Daily'!C12 -> 128
A10: Hampshire | B10: =B9+1 -> 9 | C10: 4 | D10: 2022 | E10: ='Hampshire Daily'!D13-'Hampshire Daily'!D12 -> 2177 | F10: ='Hampshire Daily'!E13-'Hampshire Daily'!E12 -> 2911 | G10: ='Hampshire Daily'!F13-'Hampshire Daily'!F12 -> 0 | H10: ='Hampshire Daily'!G13-'Hampshire Daily'!G12 -> 2056 | I10: ='Hampshire Daily'!H13-'Hampshire Daily'!H12 -> 0 | J10: ='Hampshire Daily'!I13-'Hampshire Daily'!I12 -> 2606 | K10: ='Hampshire Daily'!J13-'Hampshire Daily'!J12 -> 1150 | L10: ='Hampshire Daily'!K13-'Hampshire Daily'!K12 -> 1 | M10: ='Hampshire Daily'!N13-'Hampshire Daily'!N12 -> 2842 | N10: ='Hampshire Daily'!O13-'Hampshire Daily'!O12 -> 84 | O10: ='Hampshire Daily'!R13-'Hampshire Daily'!R12 -> 11 | P10: ='Hampshire Daily'!Q13-'Hampshire Daily'!Q12 -> 50 | Q10: ='Hampshire Daily'!T13-'Hampshire Daily'!T12 -> 4 | R10: ='Hampshire Daily'!B13 -> 80 | S10: ='Hampshire Daily'!C13 -> 202
A11: Hampshire | B11: =B10+1 -> 10 | C11: 4 | D11: 2022 | E11: ='Hampshire Daily'!D14-'Hampshire Daily'!D13 -> 3184 | F11: ='Hampshire Daily'!E14-'Hampshire Daily'!E13 -> 2586 | G11: ='Hampshire Daily'!F14-'Hampshire Daily'!F13 -> 0 | H11: ='Hampshire Daily'!G14-'Hampshire Daily'!G13 -> 1949 | I11: ='Hampshire Daily'!H14-'Hampshire Daily'!H13 -> 0 | J11: ='Hampshire Daily'!I14-'Hampshire Daily'!I13 -> 2503 | K11: ='Hampshire Daily'!J14-'Hampshire Daily'!J13 -> 1145 | L11: ='Hampshire Daily'!K14-'Hampshire Daily'!K13 -> 0 | M11: ='Hampshire Daily'!N14-'Hampshire Daily'!N13 -> 2963 | N11: ='Hampshire Daily'!O14-'Hampshire Daily'!O13 -> 83 | O11: ='Hampshire Daily'!R14-'Hampshire Daily'!R13 -> 14 | P11: ='Hampshire Daily'!Q14-'Hampshire Daily'!Q13 -> 57 | Q11: ='Hampshire Daily'!T14-'Hampshire Daily'!T13 -> 8 | R11: ='Hampshire Daily'!B14 -> 62 | S11: ='Hampshire Daily'!C14 -> 148
A12: Hampshire | B12: =B11+1 -> 11 | C12: 4 | D12: 2022 | E12: ='Hampshire Daily'!D15-'Hampshire Daily'!D14 -> 2864 | F12: ='Hampshire Daily'!E15-'Hampshire Daily'!E14 -> 1373 | G12: ='Hampshire Daily'!F15-'Hampshire Daily'!F14 -> 0 | H12: ='Hampshire Daily'!G15-'Hampshire Daily'!G14 -> 1824 | I12: ='Hampshire Daily'!H15-'Hampshire Daily'!H14 -> 0 | J12: ='Hampshire Daily'!I15-'Hampshire Daily'!I14 -> 2618 | K12: ='Hampshire Daily'!J15-'Hampshire Daily'!J14 -> 1140 | L12: ='Hampshire Daily'!K15-'Hampshire Daily'!K14 -> 0 | M12: ='Hampshire Daily'!N15-'Hampshire Daily'!N14 -> 2823 | N12: ='Hampshire Daily'!O15-'Hampshire Daily'!O14 -> 101 | O12: ='Hampshire Daily'!R15-'Hampshire Daily'!R14 -> 11 | P12: ='Hampshire Daily'!Q15-'Hampshire Daily'!Q14 -> 57 | Q12: ='Hampshire Daily'!T15-'Hampshire Daily'!T14 -> 8 | R12: ='Hampshire Daily'!B15 -> 73 | S12: ='Hampshire Daily'!C15 -> 146
A13: Hampshire | B13: =B12+1 -> 12 | C13: 4 | D13: 2022 | E13: ='Hampshire Daily'!D16-'Hampshire Daily'!D15 -> 2943 | F13: ='Hampshire Daily'!E16-'Hampshire Daily'!E15 -> 1935 | G13: ='Hampshire Daily'!F16-'Hampshire Daily'!F15 -> 37 | H13: ='Hampshire Daily'!G16-'Hampshire Daily'!G15 -> 1766 | I13: ='Hampshire Daily'!H16-'Hampshire Daily'!H15 -> 0 | J13: ='Hampshire Daily'!I16-'Hampshire Daily'!I15 -> 2539 | K13: ='Hampshire Daily'!J16-'Hampshire Daily'!J15 -> 1166 | L13: ='Hampshire Daily'!K16-'Hampshire Daily'!K15 -> 1 | M13: ='Hampshire Daily'!N16-'Hampshire Daily'!N15 -> 2482 | N13: ='Hampshire Daily'!O16-'Hampshire Daily'!O15 -> 89 | O13: ='Hampshire Daily'!R16-'Hampshire Daily'!R15 -> 11 | P13: ='Hampshire Daily'!Q16-'Hampshire Daily'!Q15 -> 54 | Q13: ='Hampshire Daily'!T16-'Hampshire Daily'!T15 -> 7 | R13: ='Hampshire Daily'!B16 -> 78 | S13: ='Hampshire Daily'!C16 -> 163
A14: Hampshire | B14: =B13+1 -> 13 | C14: 4 | D14: 2022 | E14: ='Hampshire Daily'!D17-'Hampshire Daily'!D16 -> 3290 | F14: ='Hampshire Daily'!E17-'Hampshire Daily'!E16 -> 1942 | G14: ='Hampshire Daily'!F17-'Hampshire Daily'!F16 -> 9 | H14: ='Hampshire Daily'!G17-'Hampshire Daily'!G16 -> 1807 | I14: ='Hampshire Daily'!H17-'Hampshire Daily'!H16 -> 0 | J14: ='Hampshire Daily'!I17-'Hampshire Daily'!I16 -> 2612 | K14: ='Hampshire Daily'!J17-'Hampshire Daily'!J16 -> 1150 | L14: ='Hampshire Daily'!K17-'Hampshire Daily'!K16 -> 12 | M14: ='Hampshire Daily'!N17-'Hampshire Daily'!N16 -> 2537 | N14: ='Hampshire Daily'!O17-'Hampshire Daily'!O16 -> 78 | O14: ='Hampshire Daily'!R17-'Hampshire Daily'!R16 -> 12 | P14: ='Hampshire Daily'!Q17-'Hampshire Daily'!Q16 -> 55 | Q14: ='Hampshire Daily'!T17-'Hampshire Daily'!T16 -> 5 | R14: ='Hampshire Daily'!B17 -> 58 | S14: ='Hampshire Daily'!C17 -> 143
... A31: Hampshire | B31: =B30+1 -> 30 | C31: 4 | D31: 2022 | E31: ='Hampshire Daily'!D34-'Hampshire Daily'!D33 -> 5088 | F31: ='Hampshire Daily'!E34-'Hampshire Daily'!E33 -> 3181 | G31: ='Hampshire Daily'!F34-'Hampshire Daily'!F33 -> 0 | H31: ='Hampshire Daily'!G34-'Hampshire Daily'!G33 -> 1974 | I31: ='Hampshire Daily'!H34-'Hampshire Daily'!H33 -> 0 | J31: ='Hampshire Daily'!I34-'Hampshire Daily'!I33 -> 2406 | K31: ='Hampshire Daily'!J34-'Hampshire Daily'!J33 -> 1020 | L31: ='Hampshire Daily'!K34-'Hampshire Daily'!K33 -> 717 | M31: ='Hampshire Daily'!N34-'Hampshire Daily'!N33 -> 2363 | N31: ='Hampshire Daily'!O34-'Hampshire Daily'!O33 -> 86 | O31: ='Hampshire Daily'!R34-'Hampshire Daily'!R33 -> 12 | P31: ='Hampshire Daily'!Q34-'Hampshire Daily'!Q33 -> 46 | Q31: ='Hampshire Daily'!T34-'Hampshire Daily'!T33 -> 4 | R31: ='Hampshire Daily'!B34 -> 100 | S31: ='Hampshire Daily'!C34 -> 238

Sheet Hampshire Daily
D1: Electrical | N1: Main Site Gas Meter | O1: Main Site Water Meter | P1: Water Softener Sub Meter | R1: Hard Water Supply Sub Meter | S1: Pool Supply Sub Meter | T1: Kids pool Sub Meter
B2: Room Night | C2: Guest | D2: Main Site Electric Meter 1 | E2: Main Site Electric Meter 2 | F2: East MCC Sub Meter | G2: South MCC 1 Sub Meter | H2: South MCC 2 Sub Meter | I2: West MCC Sub Meter | J2: Kitchen sub meter | K2: Spa electric Sub Meter | L2: East CHP 41 Electric generated | M2: Spa CHP 42 Electric generated
A4: 44651 | B4: 134 | C4: 135 | D4: 1354731 | E4: 1465832 | F4: 313215 | G4: 7679105 | H4: 33550 | I4: 5798854 | J4: 30158 | K4: 2651631 | L4: 3595 | M4: 2928 | N4: 1722870 | O4: 389028 | P4: 350536 | Q4: 54074 | R4: 53764 | S4: 31267 | T4: 3340
A5: =A4+1 -> 44652 | B5: 110 | C5: 165 | D5: 1357786 | E5: 1465915 | F5: 313215 | G5: 7681484 | H5: 33582 | I5: 5801369 | J5: 31308 | K5: 2651632 | L5: 3600 | M5: 2928 | N5: 1726399 | O5: 389096 | P5: 350513 | Q5: 54118 | R5: 53777 | S5: 31269 | T5: 3349
A6: =A5+1 -> 44653 | B6: 96 | C6: 178 | D6: 1361006 | E6: 1471446 | F6: 313215 | G6: 7683633 | H6: 33582 | I6: 5803963 | J6: 32450 | K6: 2651633 | L6: 3600 | M6: 2928 | N6: 1729690 | O6: 389173 | P6: 350618 | Q6: 54168 | R6: 53787 | S6: 31271 | T6: 3352
A7: =A6+1 -> 44654 | B7: 48 | C7: 116 | D7: 1364256 | E7: 1473772 | F7: 313215 | G7: 7685638 | H7: 33582 | I7: 5806660 | J7: 33606 | K7: 2651634 | L7: 3600 | M7: 2928 | N7: 1733044 | O7: 389267 | P7: 350678 | Q7: 54230 | R7: 53797 | S7: 31273 | T7: 3361
A8: =A7+1 -> 44655 | B8: 38 | C8: 86 | D8: 1367206 | E8: 1475971 | F8: 313215 | G8: 7687393 | H8: 33582 | I8: 5809237 | J8: 34756 | K8: 2651635 | L8: 3584 | M8: 2924 | N8: 1736001 | O8: 389312 | P8: 350232 | Q8: 54289 | R8: 53807 | S8: 31274 | T8: 3364
A9: =A8+1 -> 44656 | B9: 121 | C9: 156 | D9: 1370435 | E9: 1477893 | F9: 313215 | G9: 7689358 | H9: 33582 | I9: 5812805 | J9: 35901 | K9: 2651635 | L9: 3438 | M9: 2877 | N9: 1738818 | O9: 389428 | P9: 350773 | Q9: 54334 | R9: 53818 | S9: 31275 | T9: 3368
A10: =A9+1 -> 44657 | B10: 28 | C10: 66 | D10: 1374029 | E10: 1479766 | F10: 313241 | G10: 7691504 | H10: 33582 | I10: 5814307 | J10: 37055 | K10: 2651651 | L10: 3520 | M10: 2924 | N10: 1741425 | O10: 389512 | P10: 350821 | Q10: 54389 | R10: 53829 | S10: 31278 | T10: 3372
A11: =A10+1 -> 44658 | B11: 22 | C11: 51 | D11: 1377138 | E11: 1481681 | F11: 313241 | G11: 7693521 | H11: 33582 | I11: 5816798 | J11: 38201 | K11: 2651652 | L11: 3502 | M11: 2923 | N11: 1744239 | O11: 389584 | P11: 350865 | Q11: 54438 | R11: 53838 | S11: 31280 | T11: 3375
A12: =A11+1 -> 44659 | B12: 50 | C12: 128 | D12: 1379662 | E12: 1484256 | F12: 313241 | G12: 7695412 | H12: 33582 | I12: 5819193 | J12: 39345 | K12: 2651652 | L12: 3553 | M12: 2921 | N12: 1747310 | O12: 389654 | P12: 350898 | Q12: 54476 | R12: 53847 | S12: 31284 | T12: 3379
A13: =A12+1 -> 44660 | B13: 80 | C13: 202 | D13: 1381839 | E13: 1487167 | F13: 313241 | G13: 7697468 | H13: 33582 | I13: 5821799 | J13: 40495 | K13: 2651653 | L13: 3599 | M13: 2927 | N13: 1750152 | O13: 389738 | P13: 350942 | Q13: 54526 | R13: 53858 | S13: 31286 | T13: 3383
A14: =A13+1 -> 44661 | B14: 62 | C14: 148 | D14: 1385023 | E14: 1489753 | F14: 313241 | G14: 7699417 | H14: 33582 | I14: 5824302 | J14: 41640 | K14: 2651653 | L14: 3600 | M14: 2927 | N14: 1753115 | O14: 389821 | P14: 350996 | Q14: 54583 | R14: 53872 | S14: 31287 | T14: 3391
A15: =A14+1 -> 44662 | B15: 73 | C15: 146 | D15: 1387887 | E15: 1491126 | F15: 313241 | G15: 7701241 | H15: 33582 | I15: 5826920 | J15: 42780 | K15: 2651653 | L15: 3411 | M15: 2927 | N15: 1755938 | O15: 389922 | P15: 351048 | Q15: 54640 | R15: 53883 | S15: 31302 | T15: 3399
A16: =A15+1 -> 44663 | B16: 78 | C16: 163 | D16: 1390830 | E16: 1493061 | F16: 313278 | G16: 7703007 | H16: 33582 | I16: 5829459 | J16: 43946 | K16: 2651654 | L16: 3493 | M16: 2873 | N16: 1758420 | O16: 390011 | P16: 351098 | Q16: 54694 | R16: 53894 | S16: 31302 | T16: 3406
... A19: =A18+1 -> 44666 | B19: 88 | C19: 241 | D19: 1399398 | E19: 1499955 | F19: 313287 | G19: 7708574 | H19: 33582 | I19: 5837257 | J19: 47294 | K19: 2651666 | L19: 3585 | M19: 2868 | N19: 1765940 | O19: 390254 | P19: 351245 | Q19: 54852 | R19: 53928 | S19: 31306 | T19: 3419
A20: =A19+1 -> 44667 | B20: 96 | C20: 252 | D20: 1401891 | E20: 1502997 | F20: 313287 | G20: =(G19-G18)+G19 -> 7710356 | H20: 33582 | I20: 5840058 | J20: 48619 | K20: 2651666 | L20: 3592 | M20: 2872 | N20: 1768365 | O20: 390338 | P20: 351297 | Q20: 54908 | R20: 53937 | S20: 31307 | T20: 3426
A21: =A20+1 -> 44668 | B21: 93 | C21: 245 | D21: 1404649 | E21: 1506021 | F21: 313287 | G21: 7712026 | H21: 33582 | I21: 5842935 | J21: 49901 | K21: 2651666 | L21: 3590 | M21: 2928 | N21: 1770789 | O21: 390436 | P21: 351358 | Q21: 54973 | R21: 53946 | S21: 31309 | T21: 3435
A22: =A21+1 -> 44669 | B22: 55 | C22: 142 | D22: 1407084 | E22: 1510401 | F22: 313287 | G22: 7713847 | H22: 33582 | I22: 5845604 | J22: =(J21-J20)+J21 -> 51183 | K22: 2651666 | L22: 3589 | M22: 2491 | N22: 1773336 | O22: 390531 | P22: 351422 | Q22: 55041 | R22: 53955 | S22: 31310 | T22: 3441
A23: =A22+1 -> 44670 | B23: 37 | C23: 94 | D23: 1408954 | E23: 1513681 | F23: 313287 | G23: 7715598 | H23: 33582 | I23: 5848225 | J23: 52473 | K23: 2651666 | L23: 2633 | M23: 2865 | N23: 1775835 | O23: 390619 | P23: 351475 | Q23: 55101 | R23: 53965 | S23: 31311 | T23: 3447
A24: =A23+1 -> 44671 | B24: 31 | C24: 85 | D24: 1411132 | E24: 1517967 | F24: 313506 | G24: 7717530 | H24: 33582 | I24: 5850894 | J24: 53613 | K24: 2651778 | L24: 3576 | M24: 2867 | N24: 1778350 | O24: 390695 | P24: 351522 | Q24: 55155 | R24: 53975 | S24: 31313 | T24: 3452
A25: =A24+1 -> 44672 | B25: 58 | C25: 103 | D25: 1412940 | E25: 1521085 | F25: 313506 | G25: 7719403 | H25: 33582 | I25: 5853293 | J25: 54666 | K25: 2651778 | L25: 3407 | M25: 2883 | N25: 1780823 | O25: 390767 | P25: 351562 | Q25: 55199 | R25: 53983 | S25: 31314 | T25: 3458
A26: =A25+1 -> 44673 | B26: 26 | C26: 60 | D26: 1415173 | E26: 1525654 | F26: 313835 | G26: 7721339 | H26: 33582 | I26: 5855843 | J26: 55798 | K26: 2651778 | L26: 3517 | M26: 2884 | N26: 1783204 | O26: 390836 | P26: 351604 | Q26: 55244 | R26: 53993 | S26: 31315 | T26: 3463
A27: =A26+1 -> 44674 | B27: 55 | C27: 103 | D27: 1417280 | E27: 1529020 | F27: 313874 | G27: 7723184 | H27: 33582 | I27: 5858245 | J27: 56850 | K27: 2651778 | L27: 2116 | M27: 2927 | N27: 1785724 | O27: 390907 | P27: 351637 | Q27: 55285 | R27: 54001 | S27: 31316 | T27: 3468
A28: =A27+1 -> 44675 | B28: 61 | C28: 96 | D28: 1420403 | E28: 1531377 | F28: 313876 | G28: 7724972 | H28: 33582 | I28: 5860768 | J28: 57977 | K28: 2651778 | L28: 3547 | M28: 2926 | N28: 1788336 | O28: 390979 | P28: 351676 | Q28: 55328 | R28: 54012 | S28: 31334 | T28: 3478
A29: =A28+1 -> 44676 | B29: 75 | C29: 84 | D29: 1422619 | E29: 1534657 | F29: 313876 | G29: 7726787 | H29: 33582 | I29: 5863215 | J29: 59079 | K29: 2651778 | L29: 3595 | M29: 2039 | N29: 1790864 | O29: 391072 | P29: 351717 | Q29: 55375 | R29: 54022 | S29: 31334 | T29: 3484
A30: =A29+1 -> 44677 | B30: 101 | C30: 113 | D30: 1425446 | E30: 1538475 | F30: 313876 | G30: 7728672 | H30: 33603 | I30: 5865567 | J30: 60119 | K30: 2652055 | L30: 3544 | M30: 616 | N30: 1793393 | O30: 391166 | P30: 351762 | Q30: 55424 | R30: 54034 | S30: 31335 | T30: 3489
A31: =A30+1 -> 44678 | B31: 38 | C31: 63 | D31: 1430480 | E31: 1541849 | F31: 313887 | G31: 7730545 | H31: 33640 | I31: 5867988 | J31: 61149 | K31: 2652741 | L31: 3600 | M31: 0 | N31: 1795529 | O31: 391260 | P31: 351811 | Q31: 55477 | R31: 54044 | S31: 31337 | T31: 3494
A32: =A31+1 -> 44679 | B32: 34 | C32: 63 | D32: 1435551 | E32: 1545274 | F32: 313887 | G32: 7732544 | H32: 33653 | I32: 5870315 | J32: 62084 | K32: 2653456 | L32: 3601 | M32: 0 | N32: 1797906 | O32: 391352 | P32: 351855 | Q32: 55529 | R32: 54055 | S32: 31338 | T32: 3501
A33: =A32+1 -> 44680 | B33: 62 | C33: 150 | D33: 1440644 | E33: 1548567 | F33: 313887 | G33: 7734568 | H33: 33653 | I33: 5872693 | J33: 63027 | K33: 2654174 | L33: 3600 | M33: 0 | N33: 1800163 | O33: 391439 | P33: 351893 | Q33: 55571 | R33: 54068 | S33: 31339 | T33: 3507
A34: =A33+1 -> 44681 | B34: 100 | C34: 238 | D34: 1445732 | E34: 1551748 | F34: 313887 | G34: 7736542 | H34: 33653 | I34: 5875099 | J34: 64047 | K34: 2654891 | L34: 3600 | M34: 1297 | N34: 1802526 | O34: 391525 | P34: 351933 | Q34: 55617 | R34: 54080 | S34: 31340 | T34: 3511
