Workbook

Sheet TOTAL
A1: Site Name | B1: Day | C1: Month | D1: Year | E1: Total Electricity Kwh | F1: Electricity Tariff ($/Kwh) | G1: Natual Gas (Therms) | H1: Natural Gas $/Therms | I1: Water Utility Supply (USG) USG | J1: Water Utility Supply (USG) $/USG | K1: District Energy Heating Steam Mlbs | L1: District Energy Heating $/Steam Mlbs | M1: Room Nights
A2: San Francisco at Embarcadero | B2: 1 | C2: 4 | D2: 2022 | E2: =IF(April!C8>0,April!C8,0) -> 5400 | F2: ='[2]PG&E 2022'!$I$29 -> 0.11162849 | G2: =IF(April!E8>0,April!E8,0) -> 11.517 | H2: ='[2]PG&E 2022'!$I$13 -> 1.6449669 | I2: =IF((April!I8+April!O8)>0,(April!I8+April!O8),0) -> 6720 | J2: ='[2]SF Water 2022'!$I$8 -> 0.038823687 | K2: =IF((April!G8+April!M8)>0,(April!G8+April!M8),0) -> 7.5 | L2: ='[2]Clearway Energy 2022 '!$I$8 -> 41.9619 | M2: =April!R8 -> 43
A3: San Francisco at Embarcadero | B3: =B2+1 -> 2 | C3: 4 | D3: 2022 | E3: =IF(April!C9>0,April!C9,0) -> 5700 | F3: ='[2]PG&E 2022'!$I$29 -> 0.11162849 | G3: =IF(April!E9>0,April!E9,0) -> 10.47 | H3: ='[2]PG&E 2022'!$I$13 -> 1.6449669 | I3: =IF((April!I9+April!O9)>0,(April!I9+April!O9),0) -> 6300 | J3: ='[2]SF Water 2022'!$I$8 -> 0.038823687 | K3: =IF((April!G9+April!M9)>0,(April!G9+April!M9),0) -> 6.9 | L3: ='[2]Clearway Energy 2022 '!$I$8 -> 41.9619 | M3: =April!R9 -> 41
A4: San Francisco at Embarcadero | B4: =B3+1 -> 3 | C4: 4 | D4: 2022 | E4: =IF(April!C10>0,April!C10,0) -> 6600 | F4: ='[2]PG&E 2022'!$I$29 -> 0.11162849 | G4: =IF(April!E10>0,April!E10,0) -> 12.564 | H4: ='[2]PG&E 2022'!$I$13 -> 1.6449669 | I4: =IF((April!I10+April!O10)>0,(April!I10+April!O10),0) -> 10727 | J4: ='[2]SF Water 2022'!$I$8 -> 0.038823687 | K4: =IF((April!G10+April!M10)>0,(April!G10+April!M10),0) -> 7.1 | L4: ='[2]Clearway Energy 2022 '!$I$8 -> 41.9619 | M4: =April!R10 -> 46
A5: San Francisco at Embarcadero | B5: =B4+1 -> 4 | C5: 4 | D5: 2022 | E5: =IF(April!C11>0,April!C11,0) -> 5400 | F5: ='[2]PG&E 2022'!$I$29 -> 0.11162849 | G5: =IF(April!E11>0,April!E11,0) -> 11.517 | H5: ='[2]PG&E 2022'!$I$13 -> 1.6449669 | I5: =IF((April!I11+April!O11)>0,(April!I11+April!O11),0) -> 7133 | J5: ='[2]SF Water 2022'!$I$8 -> 0.038823687 | K5: =IF((April!G11+April!M11)>0,(April!G11+April!M11),0) -> 5.9 | L5: ='[2]Clearway Energy 2022 '!$I$8 -> 41.9619 | M5: =April!R11 -> 43
A6: San Francisco at Embarcadero | B6: =B5+1 -> 5 | C6: 4 | D6: 2022 | E6: =IF(April!C12>0,April!C12,0) -> 5700 | F6: ='[2]PG&E 2022'!$I$29 -> 0.11162849 | G6: =IF(April!E12>0,April!E12,0) -> 11.517 | H6: ='[2]PG&E 2022'!$I$13 -> 1.6449669 | I6: =IF((April!I12+April!O12)>0,(April!I12+April!O12),0) -> 3601 | J6: ='[2]SF Water 2022'!$I$8 -> 0.038823687 | K6: =IF((April!G12+April!M12)>0,(April!G12+April!M12),0) -> 6.3 | L6: ='[2]Clearway Energy 2022 '!$I$8 -> 41.9619 | M6: =April!R12 -> 61
A7: San Francisco at Embarcadero | B7: =B6+1 -> 6 | C7: 4 | D7: 2022 | E7: =IF(April!C13>0,April!C13,0) -> 4200 | F7: ='[2]PG&E 2022'!$I$29 -> 0.11162849 | G7: =IF(April!E13>0,April!E13,0) -> 7.329 | H7: ='[2]PG&E 2022'!$I$13 -> 1.6449669 | I7: =IF((April!I13+April!O13)>0,(April!I13+April!O13),0) -> 8759 | J7: ='[2]SF Water 2022'!$I$8 -> 0.038823687 | K7: =IF((April!G13+April!M13)>0,(April!G13+April!M13),0) -> 4.4 | L7: ='[2]Clearway Energy 2022 '!$I$8 -> 41.9619 | M7: =April!R13 -> 64
A8: San Francisco at Embarcadero | B8: =B7+1 -> 7 | C8: 4 | D8: 2022 | E8: =IF(April!C14>0,April!C14,0) -> 6300 | F8: ='[2]PG&E 2022'!$I$29 -> 0.11162849 | G8: =IF(April!E14>0,April!E14,0) -> 9.423 | H8: ='[2]PG&E 2022'!$I$13 -> 1.6449669 | I8: =IF((April!I14+April!O14)>0,(April!I14+April!O14),0) -> 9750 | J8: ='[2]SF Water 2022'!$I$8 -> 0.038823687 | K8: =IF((April!G14+April!M14)>0,(April!G14+April!M14),0) -> 6.1 | L8: ='[2]Clearway Energy 2022 '!$I$8 -> 41.9619 | M8: =April!R14 -> 71
A9: San Francisco at Embarcadero | B9: =B8+1 -> 8 | C9: 4 | D9: 2022 | E9: =IF(April!C15>0,April!C15,0) -> 6900 | F9: ='[2]PG&E 2022'!$I$29 -> 0.11162849 | G9: =IF(April!E15>0,April!E15,0) -> 9.423 | H9: ='[2]PG&E 2022'!$I$13 -> 1.6449669 | I9: =IF((April!I15+April!O15)>0,(April!I15+April!O15),0) -> 9050 | J9: ='[2]SF Water 2022'!$I$8 -> 0.038823687 | K9: =IF((April!G15+April!M15)>0,(April!G15+April!M15),0) -> 5.2 | L9: ='[2]Clearway Energy 2022 '!$I$8 -> 41.9619 | M9: =April!R15 -> 61
A10: San Francisco at Embarcadero | B10: =B9+1 -> 9 | C10: 4 | D10: 2022 | E10: =IF(April!C16>0,April!C16,0) -> 6900 | F10: ='[2]PG&E 2022'!$I$29 -> 0.11162849 | G10: =IF(April!E16>0,April!E16,0) -> 10.47 | H10: ='[2]PG&E 2022'!$I$13 -> 1.6449669 | I10: =IF((April!I16+April!O16)>0,(April!I16+April!O16),0) -> 10300 | J10: ='[2]SF Water 2022'!$I$8 -> 0.038823687 | K10: =IF((April!G16+April!M16)>0,(April!G16+April!M16),0) -> 6 | L10: ='[2]Clearway Energy 2022 '!$I$8 -> 41.9619 | M10: =April!R16 -> 64
A11: San Francisco at Embarcadero | B11: =B10+1 -> 10 | C11: 4 | D11: 2022 | E11: =IF(April!C17>0,April!C17,0) -> 6900 | F11: ='[2]PG&E 2022'!$I$29 -> 0.11162849 | G11: =IF(April!E17>0,April!E17,0) -> 12.564 | H11: ='[2]PG&E 2022'!$I$13 -> 1.6449669 | I11: =IF((April!I17+April!O17)>0,(April!I17+April!O17),0) -> 10317 | J11: ='[2]SF Water 2022'!$I$8 -> 0.038823687 | K11: =IF((April!G17+April!M17)>0,(April!G17+April!M17),0) -> 7.2 | L11: ='[2]Clearway Energy 2022 '!$I$8 -> 41.9619 | M11: =April!R17 -> 61
A12: San Francisco at Embarcadero | B12: =B11+1 -> 11 | C12: 4 | D12: 2022 | E12: =IF(April!C18>0,April!C18,0) -> 6600 | F12: ='[2]PG&E 2022'!$I$29 -> 0.11162849 | G12: =IF(April!E18>0,April!E18,0) -> 12.564 | H12: ='[2]PG&E 2022'!$I$13 -> 1.6449669 | I12: =IF((April!I18+April!O18)>0,(April!I18+April!O18),0) -> 8918 | J12: ='[2]SF Water 2022'!$I$8 -> 0.038823687 | K12: =IF((April!G18+April!M18)>0,(April!G18+April!M18),0) -> 7.4 | L12: ='[2]Clearway Energy 2022 '!$I$8 -> 41.9619 | M12: =April!R18 -> 44
A13: San Francisco at Embarcadero | B13: =B12+1 -> 12 | C13: 4 | D13: 2022 | E13: =IF(April!C19>0,April!C19,0) -> 5400 | F13: ='[2]PG&E 2022'!$I$29 -> 0.11162849 | G13: =IF(April!E19>0,April!E19,0) -> 10.47 | H13: ='[2]PG&E 2022'!$I$13 -> 1.6449669 | I13: =IF((April!I19+April!O19)>0,(April!I19+April!O19),0) -> 7201 | J13: ='[2]SF Water 2022'!$I$8 -> 0.038823687 | K13: =IF((April!G19+April!M19)>0,(April!G19+April!M19),0) -> 8.9 | L13: ='[2]Clearway Energy 2022 '!$I$8 -> 41.9619 | M13: =April!R19 -> 65
A14: San Francisco at Embarcadero | B14: =B13+1 -> 13 | C14: 4 | D14: 2022 | E14: =IF(April!C20>0,April!C20,0) -> 4200 | F14: ='[2]PG&E 2022'!$I$29 -> 0.11162849 | G14: =IF(April!E20>0,April!E20,0) -> 7.329 | H14: ='[2]PG&E 2022'!$I$13 -> 1.6449669 | I14: =IF((April!I20+April!O20)>0,(April!I20+April!O20),0) -> 5564 | J14: ='[2]SF Water 2022'!$I$8 -> 0.038823687 | K14: =IF((April!G20+April!M20)>0,(April!G20+April!M20),0) -> 7.7 | L14: ='[2]Clearway Energy 2022 '!$I$8 -> 41.9619 | M14: =April!R20 -> 75
... A31: San Francisco at Embarcadero | B31: =B30+1 -> 30 | C31: 4 | D31: 2022 | E31: =IF(April!C37>0,April!C37,0) -> 6000 | F31: ='[2]PG&E 2022'!$I$29 -> 0.11162849 | G31: =IF(April!E37>0,April!E37,0) -> 16.752 | H31: ='[2]PG&E 2022'!$I$13 -> 1.6449669 | I31: =IF((April!I37+April!O37)>0,(April!I37+April!O37),0) -> 8615 | J31: ='[2]SF Water 2022'!$I$8 -> 0.038823687 | K31: =IF((April!G37+April!M37)>0,(April!G37+April!M37),0) -> 6.5 | L31: ='[2]Clearway Energy 2022 '!$I$8 -> 41.9619 | M31: =April!R37 -> 56

Sheet April
A2: MONTHLY METER READINGS: April 2022
A6: PREVIOUS Meter Reading | B6: =[1]MARCH!B38 -> 20093 | D6: =[1]MARCH!D38 -> 50264 | F6: =[1]MARCH!F38 -> 30529 | H6: =[1]MARCH!H38 -> 10906100 | J6: =[1]MARCH!J38 -> 361992 | L6: =[1]MARCH!L38 -> 25110 | N6: =[1]MARCH!N38 -> 29769550 | P6: =[1]MARCH!P38 -> 6281495
A7: DATE | B7: 1B ELECTRIC (kWh) | C7: Usage (kWh) | D7: 1B GAS (CCF) | E7: Usage (Therms) | F7: 1B STEAM (Mlbs) | G7: Usage (Mlbs) | H7: 1B WATER (Gallons) | I7: Usage (Gallons) | J7: 4TH CT - 5 (Gallons) | K7: Usage (Gallons) | L7: 36TH STEAM (Mlbs) | M7: Usage (Mlbs) | N7: 36TH WATER (Gallons) | O7: Usage (Gallons) | P7: EAST PENT.CT -3 (Gallons) | Q7: Usage (Gallons) | R7: Room Nights | S7: High Temp | T7: Low Temp | U7: Avg Temp | V7: Heating Degree Day (HDD) | W7: Cooling Degree Day (HDD)
A8: 1 | B8: 20111 | C8: =+(B8-B6)*300 -> 5400 | D8: 50275 | E8: =+(D8-D6)*1.047 -> 11.517 | F8: 30540 | G8: =+(F8-F6)*0.1 -> 1.1 | H8: 10906470 | I8: =+H8-H6 -> 370 | J8: 361992 | K8: =+J8-J6 -> 0 | L8: 25174 | M8: =+(L8-L6)*0.1 -> 6.4 | N8: 29775900 | O8: =+N8-N6 -> 6350 | P8: 6281495 | Q8: =+P8-P6 -> 0 | R8: 43 | S8: 61 | T8: 48 | U8: =(S8+T8)/2 -> 54.5 | V8: =65-U8 -> 10.5 | W8: 0
A9: 2 | B9: 20130 | C9: =+(B9-B8)*300 -> 5700 | D9: 50285 | E9: =+(D9-D8)*1.047 -> 10.47 | F9: 30551 | G9: =+(F9-F8)*0.1 -> 1.1 | H9: 10906770 | I9: =+H9-H8 -> 300 | J9: 361992 | K9: =+J9-J8 -> 0 | L9: 25232 | M9: =+(L9-L8)*0.1 -> 5.8 | N9: 29781900 | O9: =+N9-N8 -> 6000 | P9: 6281585 | Q9: =+P9-P8 -> 90 | R9: 41 | S9: 66 | T9: 49 | U9: =(S9+T9)/2 -> 57.5 | V9: =65-U9 -> 7.5 | W9: 0
A10: 3 | B10: 20152 | C10: =+(B10-B9)*300 -> 6600 | D10: 50297 | E10: =+(D10-D9)*1.047 -> 12.564 | F10: 30564 | G10: =+(F10-F9)*0.1 -> 1.3 | H10: 10907770 | I10: =+H10-H9 -> 1000 | J10: 361992 | K10: =+J10-J9 -> 0 | L10: 25290 | M10: =+(L10-L9)*0.1 -> 5.8 | N10: 29791627 | O10: =+N10-N9 -> 9727 | P10: 6281860 | Q10: =+P10-P9 -> 275 | R10: 46 | S10: 65 | T10: 50 | U10: =(S10+T10)/2 -> 57.5 | V10: =65-U10 -> 7.5 | W10: 0
A11: 4 | B11: 20170 | C11: =+(B11-B10)*300 -> 5400 | D11: 50308 | E11: =+(D11-D10)*1.047 -> 11.517 | F11: 30575 | G11: =+(F11-F10)*0.1 -> 1.1 | H11: 10908680 | I11: =+H11-H10 -> 910 | J11: 361992 | K11: =+J11-J10 -> 0 | L11: 25338 | M11: =+(L11-L10)*0.1 -> 4.8 | N11: 29797850 | O11: =+N11-N10 -> 6223 | P11: 6281917 | Q11: =+P11-P10 -> 57 | R11: 43 | S11: 63 | T11: 50 | U11: =(S11+T11)/2 -> 56.5 | V11: =65-U11 -> 8.5 | W11: 0
A12: 5 | B12: 20189 | C12: =+(B12-B11)*300 -> 5700 | D12: 50319 | E12: =+(D12-D11)*1.047 -> 11.517 | F12: 30585 | G12: =+(F12-F11)*0.1 -> 1 | H12: 10909711 | I12: =+H12-H11 -> 1031 | J12: 361992 | K12: =+J12-J11 -> 0 | L12: 25391 | M12: =+(L12-L11)*0.1 -> 5.3 | N12: 29800420 | O12: =+N12-N11 -> 2570 | P12: 6282108 | Q12: =+P12-P11 -> 191 | R12: 61 | S12: 71 | T12: 50 | U12: =(S12+T12)/2 -> 60.5 | V12: =65-U12 -> 4.5 | W12: 0
A13: 6 | B13: 20203 | C13: =+(B13-B12)*300 -> 4200 | D13: 50326 | E13: =+(D13-D12)*1.047 -> 7.329 | F13: 30593 | G13: =+(F13-F12)*0.1 -> 0.8 | H13: 10910300 | I13: =+H13-H12 -> 589 | J13: 361992 | K13: =+J13-J12 -> 0 | L13: 25427 | M13: =+(L13-L12)*0.1 -> 3.6 | N13: 29808590 | O13: =+N13-N12 -> 8170 | P13: 6282149 | Q13: =+P13-P12 -> 41 | R13: 64 | S13: 73 | T13: 53 | U13: =(S13+T13)/2 -> 63 | V13: =65-U13 -> 2 | W13: 0
A14: 7 | B14: 20224 | C14: =+(B14-B13)*300 -> 6300 | D14: 50335 | E14: =+(D14-D13)*1.047 -> 9.423 | F14: 30604 | G14: =+(F14-F13)*0.1 -> 1.1 | H14: 10911170 | I14: =+H14-H13 -> 870 | J14: 361992 | K14: =+J14-J13 -> 0 | L14: 25477 | M14: =+(L14-L13)*0.1 -> 5 | N14: 29817470 | O14: =+N14-N13 -> 8880 | P14: 6283183 | Q14: =+P14-P13 -> 1034 | R14: 71 | S14: 84 | T14: 49 | U14: =(S14+T14)/2 -> 66.5 | V14: 0 | W14: =U14-65 -> 1.5
A15: 8 | B15: 20247 | C15: =+(B15-B14)*300 -> 6900 | D15: 50344 | E15: =+(D15-D14)*1.047 -> 9.423 | F15: 30615 | G15: =+(F15-F14)*0.1 -> 1.1 | H15: 10912030 | I15: =+H15-H14 -> 860 | J15: 361992 | K15: =+J15-J14 -> 0 | L15: 25518 | M15: =+(L15-L14)*0.1 -> 4.1 | N15: 29825660 | O15: =+N15-N14 -> 8190 | P15: 6284523 | Q15: =+P15-P14 -> 1340 | R15: 61 | S15: 72 | T15: 48 | U15: =(S15+T15)/2 -> 60 | V15: =65-U15 -> 5 | W15: 0
A16: 9 | B16: 20270 | C16: =+(B16-B15)*300 -> 6900 | D16: 50354 | E16: =+(D16-D15)*1.047 -> 10.47 | F16: 30624 | G16: =+(F16-F15)*0.1 -> 0.9 | H16: 10913000 | I16: =+H16-H15 -> 970 | J16: 361992 | K16: =+J16-J15 -> 0 | L16: 25569 | M16: =+(L16-L15)*0.1 -> 5.1 | N16: 29834990 | O16: =+N16-N15 -> 9330 | P16: 6285372 | Q16: =+P16-P15 -> 849 | R16: 64 | S16: 67 | T16: 51 | U16: =(S16+T16)/2 -> 59 | V16: =65-U16 -> 6 | W16: 0
A17: 10 | B17: 20293 | C17: =+(B17-B16)*300 -> 6900 | D17: 50366 | E17: =+(D17-D16)*1.047 -> 12.564 | F17: 30635 | G17: =+(F17-F16)*0.1 -> 1.1 | H17: 10913909 | I17: =+H17-H16 -> 909 | J17: 361992 | K17: =+J17-J16 -> 0 | L17: 25630 | M17: =+(L17-L16)*0.1 -> 6.1 | N17: 29844398 | O17: =+N17-N16 -> 9408 | P17: 6285938 | Q17: =+P17-P16 -> 566 | R17: 61 | S17: 65 | T17: 50 | U17: =(S17+T17)/2 -> 57.5 | V17: =65-U17 -> 7.5 | W17: 0
A18: 11 | B18: 20315 | C18: =+(B18-B17)*300 -> 6600 | D18: 50378 | E18: =+(D18-D17)*1.047 -> 12.564 | F18: 30644 | G18: =+(F18-F17)*0.1 -> 0.9 | H18: 10915110 | I18: =+H18-H17 -> 1201 | J18: 361992 | K18: =+J18-J17 -> 0 | L18: 25695 | M18: =+(L18-L17)*0.1 -> 6.5 | N18: 29852115 | O18: =+N18-N17 -> 7717 | P18: 6286207 | Q18: =+P18-P17 -> 269 | R18: 44 | S18: 54 | T18: 45 | U18: =(S18+T18)/2 -> 49.5 | V18: =65-U18 -> 15.5 | W18: 0
A19: 12 | B19: 20333 | C19: =+(B19-B18)*300 -> 5400 | D19: 50388 | E19: =+(D19-D18)*1.047 -> 10.47 | F19: 30652 | G19: =+(F19-F18)*0.1 -> 0.8 | H19: 10915855 | I19: =+H19-H18 -> 745 | J19: 361992 | K19: =+J19-J18 -> 0 | L19: 25776 | M19: =+(L19-L18)*0.1 -> 8.1 | N19: 29858571 | O19: =+N19-N18 -> 6456 | P19: 6286220 | Q19: =+P19-P18 -> 13 | R19: 65 | S19: 55 | T19: 45 | U19: =(S19+T19)/2 -> 50 | V19: =65-U19 -> 15 | W19: 0
A20: 13 | B20: 20347 | C20: =+(B20-B19)*300 -> 4200 | D20: 50395 | E20: =+(D20-D19)*1.047 -> 7.329 | F20: 30660 | G20: =+(F20-F19)*0.1 -> 0.8 | H20: 10916490 | I20: =+H20-H19 -> 635 | J20: 361992 | K20: =+J20-J19 -> 0 | L20: 25845 | M20: =+(L20-L19)*0.1 -> 6.9 | N20: 29863500 | O20: =+N20-N19 -> 4929 | P20: 6286224 | Q20: =+P20-P19 -> 4 | R20: 75 | S20: 56 | T20: 46 | U20: =(S20+T20)/2 -> 51 | V20: =65-U20 -> 14 | W20: 0
A21: 14 | B21: 20368 | C21: =+(B21-B20)*300 -> 6300 | D21: 50406 | E21: =+(D21-D20)*1.047 -> 11.517 | F21: 30669 | G21: =+(F21-F20)*0.1 -> 0.9 | H21: 10917330 | I21: =+H21-H20 -> 840 | J21: 361992 | K21: =+J21-J20 -> 0 | L21: 25928 | M21: =+(L21-L20)*0.1 -> 8.3 | N21: 29870790 | O21: =+N21-N20 -> 7290 | P21: 6286228 | Q21: =+P21-P20 -> 4 | R21: 56 | S21: 57 | T21: 46 | U21: =(S21+T21)/2 -> 51.5 | V21: =65-U21 -> 13.5 | W21: 0
A22: 15 | B22: 20384 | C22: =+(B22-B21)*300 -> 4800 | D22: 50415 | E22: =+(D22-D21)*1.047 -> 9.423 | F22: 30678 | G22: =+(F22-F21)*0.1 -> 0.9 | H22: 10918200 | I22: =+H22-H21 -> 870 | J22: 361992 | K22: =+J22-J21 -> 0 | L22: 25991 | M22: =+(L22-L21)*0.1 -> 6.3 | N22: 29875380 | O22: =+N22-N21 -> 4590 | P22: 6286228 | Q22: =+P22-P21 -> 0 | R22: 55 | S22: 59 | T22: 48 | U22: =(S22+T22)/2 -> 53.5 | V22: =65-U22 -> 11.5 | W22: 0
A23: 16 | B23: 20402 | C23: =+(B23-B22)*300 -> 5400 | D23: 50427 | E23: =+(D23-D22)*1.047 -> 12.564 | F23: 30687 | G23: =+(F23-F22)*0.1 -> 0.9 | H23: 10919185 | I23: =+H23-H22 -> 985 | J23: 361992 | K23: =+J23-J22 -> 0 | L23: 26058 | M23: =+(L23-L22)*0.1 -> 6.7 | N23: 29881600 | O23: =+N23-N22 -> 6220 | P23: 6286236 | Q23: =+P23-P22 -> 8 | R23: 58 | S23: 60 | T23: 47 | U23: =(S23+T23)/2 -> 53.5 | V23: =65-U23 -> 11.5 | W23: 0
A24: 17 | B24: 20423 | C24: =+(B24-B23)*300 -> 6300 | D24: 50442 | E24: =+(D24-D23)*1.047 -> 15.705 | F24: 30698 | G24: =+(F24-F23)*0.1 -> 1.1 | H24: 10920295 | I24: =+H24-H23 -> 1110 | J24: 361992 | K24: =+J24-J23 -> 0 | L24: 26146 | M24: =+(L24-L23)*0.1 -> 8.8 | N24: 29889517 | O24: =+N24-N23 -> 7917 | P24: 6286239 | Q24: =+P24-P23 -> 3 | R24: 50 | S24: 58 | T24: 42 | U24: =(S24+T24)/2 -> 50 | V24: =65-U24 -> 15 | W24: 0
A25: 18 | B25: 20446 | C25: =+(B25-B24)*300 -> 6900 | D25: 50457 | E25: =+(D25-D24)*1.047 -> 15.705 | F25: 30711 | G25: =+(F25-F24)*0.1 -> 1.3 | H25: 10921806 | I25: =+H25-H24 -> 1511 | J25: 361992 | K25: =+J25-J24 -> 0 | L25: 26242 | M25: =+(L25-L24)*0.1 -> 9.6 | N25: 29897408 | O25: =+N25-N24 -> 7891 | P25: 6286254 | Q25: =+P25-P24 -> 15 | R25: 53 | S25: 64 | T25: 48 | U25: =(S25+T25)/2 -> 56 | V25: =65-U25 -> 9 | W25: 0
A26: 19 | B26: 20460 | C26: =+(B26-B25)*300 -> 4200 | D26: 50467 | E26: =+(D26-D25)*1.047 -> 10.47 | F26: 30729 | G26: =+(F26-F25)*0.1 -> 1.8 | H26: 10922370 | I26: =+H26-H25 -> 564 | J26: 361992 | K26: =+J26-J25 -> 0 | L26: 26296 | M26: =+(L26-L25)*0.1 -> 5.4 | N26: 29902516 | O26: =+N26-N25 -> 5108 | P26: 6286257 | Q26: =+P26-P25 -> 3 | R26: 62 | S26: 59 | T26: 49 | U26: =(S26+T26)/2 -> 54 | V26: =65-U26 -> 11 | W26: 0
... A35: 28 | B35: 20619 | C35: =+(B35-B34)*300 -> 5700 | D35: 50554 | E35: =+(D35-D34)*1.047 -> 10.47 | F35: 30792 | G35: =+(F35-F34)*0.1 -> 0.8 | H35: 10930465 | I35: =+H35-H34 -> 855 | J35: 361992 | K35: =+J35-J34 -> 0 | L35: 26834 | M35: =+(L35-L34)*0.1 -> 8.4 | N35: 29961110 | O35: =+N35-N34 -> 8820 | P35: 6286702 | Q35: =+P35-P34 -> 46 | R35: 103 | S35: 61 | T35: 48 | U35: =(S35+T35)/2 -> 54.5 | V35: =65-U35 -> 10.5 | W35: 0
A36: 29 | B36: 20638 | C36: =+(B36-B35)*300 -> 5700 | D36: 50567 | E36: =+(D36-D35)*1.047 -> 13.611 | F36: 30800 | G36: =+(F36-F35)*0.1 -> 0.8 | H36: 10931620 | I36: =+H36-H35 -> 1155 | J36: 361992 | K36: =+J36-J35 -> 0 | L36: 26899 | M36: =+(L36-L35)*0.1 -> 6.5 | N36: 29967460 | O36: =+N36-N35 -> 6350 | P36: 6286714 | Q36: =+P36-P35 -> 12 | U36: =(S36+T36)/2 -> 0 | V36: =65-U36 -> 65 | W36: 0
A37: 30 | B37: 20658 | C37: =+(B37-B36)*300 -> 6000 | D37: 50583 | E37: =+(D37-D36)*1.047 -> 16.752 | F37: 30809 | G37: =+(F37-F36)*0.1 -> 0.9 | H37: 10932599 | I37: =+H37-H36 -> 979 | J37: 361992 | K37: =+J37-J36 -> 0 | L37: 26955 | M37: =+(L37-L36)*0.1 -> 5.6 | N37: 29975096 | O37: =+N37-N36 -> 7636 | P37: 6286934 | Q37: =+P37-P36 -> 220 | R37: 56 | S37: 64 | T37: 49 | U37: =(S37+T37)/2 -> 56.5 | V37: =65-U37 -> 8.5 | W37: 0
A39: Total | C39: =SUM(C8:C38) -> 169500 | E39: =SUM(E8:E38) -> 333.993 | G39: =SUM(G8:G38) -> 28 | I39: =SUM(I8:I38) -> 26499 | K39: =SUM(K8:K38) -> 0 | M39: =SUM(M8:M38) -> 184.5 | O39: =SUM(O8:O38) -> 205546 | Q39: =SUM(Q8:Q38) -> 5439 | R39: =SUM(R8:R38) -> 1790
V40: =SUM(V8:V38) -> 332.5 | W40: =SUM(W8:W37) -> 1.5
