Workbook

Sheet Total Daily 
A1: Site Name | B1: Day | C1: Month | D1: Year | E1: Total Electricity Kwh | F1: Electricity Tariff ($/Kwh) | G1: LPG (Kg) | H1: LPG $/Kg | I1: District Energy Cooling Kwh | J1: District Energy Cooling $/Kwh | K1: Water Utility Supply (m3) m3 | L1: Water Utility Supply (m3) m3 | M1: Water Utility Supply (m3) $/m3 | N1: Room Nights
A2: Dubai DIFC | B2: 1 | C2: 5 | D2: 2022 | E2: ='05 - 2022'!B8-'05 - 2022'!B7+'05 - 2022'!C8-'05 - 2022'!C7 -> 8934 | F2: 0.118 | G2: ='05 - 2022'!D8-'05 - 2022'!D7+'05 - 2022'!E8-'05 - 2022'!E7 -> 28.31 | H2: 0.99 | I2: ='05 - 2022'!J8-'05 - 2022'!J7 -> 23847 | J2: 0.081 | K2: ='05 - 2022'!H8-'05 - 2022'!H7 -> 0 | L2: ='05 - 2022'!I8-'05 - 2022'!I7 -> 114 | M2: 4.3936294 | N2: 57
A3: Dubai DIFC | B3: =B2+1 -> 2 | C3: 5 | D3: 2022 | E3: 8979 | F3: 0.118 | G3: 28.31 | H3: 0.99 | I3: 23847 | J3: 0.081 | K3: 0 | L3: 114 | M3: 4.3936294 | N3: 41
A4: Dubai DIFC | B4: =B3+1 -> 3 | C4: 5 | D4: 2022 | E4: ='05 - 2022'!B10-'05 - 2022'!B9+'05 - 2022'!C10-'05 - 2022'!C9 -> 9055.54 | F4: 0.118 | G4: ='05 - 2022'!D10-'05 - 2022'!D9+'05 - 2022'!E10-'05 - 2022'!E9 -> 23.08 | H4: 0.99 | I4: ='05 - 2022'!J10-'05 - 2022'!J9 -> 21721 | J4: 0.081 | K4: ='05 - 2022'!H10-'05 - 2022'!H9 -> 0 | L4: ='05 - 2022'!I10-'05 - 2022'!I9 -> 106 | M4: 4.3936294 | N4: 55
A5: Dubai DIFC | B5: =B4+1 -> 4 | C5: 5 | D5: 2022 | E5: ='05 - 2022'!B11-'05 - 2022'!B10+'05 - 2022'!C11-'05 - 2022'!C10 -> 9610.59 | F5: 0.118 | G5: ='05 - 2022'!D11-'05 - 2022'!D10+'05 - 2022'!E11-'05 - 2022'!E10 -> 24.36 | H5: 0.99 | I5: ='05 - 2022'!J11-'05 - 2022'!J10 -> 23380 | J5: 0.081 | K5: ='05 - 2022'!H11-'05 - 2022'!H10 -> 0 | L5: ='05 - 2022'!I11-'05 - 2022'!I10 -> 90 | M5: 4.3936294 | N5: 69
A6: Dubai DIFC | B6: =B5+1 -> 5 | C6: 5 | D6: 2022 | E6: ='05 - 2022'!B12-'05 - 2022'!B11+'05 - 2022'!C12-'05 - 2022'!C11 -> 9106.09 | F6: 0.118 | G6: ='05 - 2022'!D12-'05 - 2022'!D11+'05 - 2022'!E12-'05 - 2022'!E11 -> 27.73 | H6: 0.99 | I6: ='05 - 2022'!J12-'05 - 2022'!J11 -> 23463 | J6: 0.081 | K6: ='05 - 2022'!H12-'05 - 2022'!H11 -> 0 | L6: ='05 - 2022'!I12-'05 - 2022'!I11 -> 111 | M6: 4.3936294 | N6: 70
A7: Dubai DIFC | B7: =B6+1 -> 6 | C7: 5 | D7: 2022 | E7: ='05 - 2022'!B13-'05 - 2022'!B12+'05 - 2022'!C13-'05 - 2022'!C12 -> 9517.7 | F7: 0.118 | G7: ='05 - 2022'!D13-'05 - 2022'!D12+'05 - 2022'!E13-'05 - 2022'!E12 -> 25.92 | H7: 0.99 | I7: ='05 - 2022'!J13-'05 - 2022'!J12 -> 25787 | J7: 0.081 | K7: ='05 - 2022'!H13-'05 - 2022'!H12 -> 0 | L7: ='05 - 2022'!I13-'05 - 2022'!I12 -> 110 | M7: 4.3936294 | N7: 72
A8: Dubai DIFC | B8: =B7+1 -> 7 | C8: 5 | D8: 2022 | E8: ='05 - 2022'!B14-'05 - 2022'!B13+'05 - 2022'!C14-'05 - 2022'!C13 -> 9497 | F8: 0.118 | G8: ='05 - 2022'!D14-'05 - 2022'!D13+'05 - 2022'!E14-'05 - 2022'!E13 -> 26.04 | H8: 0.99 | I8: ='05 - 2022'!J14-'05 - 2022'!J13 -> 24560 | J8: 0.081 | K8: ='05 - 2022'!H14-'05 - 2022'!H13 -> 0 | L8: ='05 - 2022'!I14-'05 - 2022'!I13 -> 115 | M8: 4.3936294 | N8: 79
A9: Dubai DIFC | B9: =B8+1 -> 8 | C9: 5 | D9: 2022 | E9: ='05 - 2022'!B15-'05 - 2022'!B14+'05 - 2022'!C15-'05 - 2022'!C14 -> 9519.4 | F9: 0.118 | G9: ='05 - 2022'!D15-'05 - 2022'!D14+'05 - 2022'!E15-'05 - 2022'!E14 -> 28.16 | H9: 0.99 | I9: ='05 - 2022'!J15-'05 - 2022'!J14 -> 26689 | J9: 0.081 | K9: ='05 - 2022'!H15-'05 - 2022'!H14 -> 0 | L9: ='05 - 2022'!I15-'05 - 2022'!I14 -> 112 | M9: 4.3936294 | N9: 71
A10: Dubai DIFC | B10: =B9+1 -> 9 | C10: 5 | D10: 2022 | E10: ='05 - 2022'!B16-'05 - 2022'!B15+'05 - 2022'!C16-'05 - 2022'!C15 -> 9471.1 | F10: 0.118 | G10: ='05 - 2022'!D16-'05 - 2022'!D15+'05 - 2022'!E16-'05 - 2022'!E15 -> 24 | H10: 0.99 | I10: ='05 - 2022'!J16-'05 - 2022'!J15 -> 26067 | J10: 0.081 | K10: ='05 - 2022'!H16-'05 - 2022'!H15 -> 0 | L10: ='05 - 2022'!I16-'05 - 2022'!I15 -> 103 | M10: 4.3936294 | N10: 78
A11: Dubai DIFC | B11: =B10+1 -> 10 | C11: 5 | D11: 2022 | E11: ='05 - 2022'!B17-'05 - 2022'!B16+'05 - 2022'!C17-'05 - 2022'!C16 -> 9380.2 | F11: 0.118 | G11: ='05 - 2022'!D17-'05 - 2022'!D16+'05 - 2022'!E17-'05 - 2022'!E16 -> 26.04 | H11: 0.99 | I11: ='05 - 2022'!J17-'05 - 2022'!J16 -> 24398 | J11: 0.081 | K11: ='05 - 2022'!H17-'05 - 2022'!H16 -> 0 | L11: ='05 - 2022'!I17-'05 - 2022'!I16 -> 111 | M11: 4.3936294 | N11: 93
A12: Dubai DIFC | B12: =B11+1 -> 11 | C12: 5 | D12: 2022 | E12: ='05 - 2022'!B18-'05 - 2022'!B17+'05 - 2022'!C18-'05 - 2022'!C17 -> 9626 | F12: 0.118 | G12: ='05 - 2022'!D18-'05 - 2022'!D17+'05 - 2022'!E18-'05 - 2022'!E17 -> 23.38 | H12: 0.99 | I12: ='05 - 2022'!J18-'05 - 2022'!J17 -> 23920 | J12: 0.081 | K12: ='05 - 2022'!H18-'05 - 2022'!H17 -> 0 | L12: ='05 - 2022'!I18-'05 - 2022'!I17 -> 112 | M12: 4.3936294 | N12: 99
A13: Dubai DIFC | B13: =B12+1 -> 12 | C13: 5 | D13: 2022 | E13: ='05 - 2022'!B19-'05 - 2022'!B18+'05 - 2022'!C19-'05 - 2022'!C18 -> 9411.3 | F13: 0.118 | G13: ='05 - 2022'!D19-'05 - 2022'!D18+'05 - 2022'!E19-'05 - 2022'!E18 -> 24.77 | H13: 0.99 | I13: ='05 - 2022'!J19-'05 - 2022'!J18 -> 25335 | J13: 0.081 | K13: ='05 - 2022'!H19-'05 - 2022'!H18 -> 0 | L13: ='05 - 2022'!I19-'05 - 2022'!I18 -> 108 | M13: 4.3936294 | N13: 103
A14: Dubai DIFC | B14: =B13+1 -> 13 | C14: 5 | D14: 2022 | E14: ='05 - 2022'!B20-'05 - 2022'!B19+'05 - 2022'!C20-'05 - 2022'!C19 -> 9315.5 | F14: 0.118 | G14: ='05 - 2022'!D20-'05 - 2022'!D19+'05 - 2022'!E20-'05 - 2022'!E19 -> 27.13 | H14: 0.99 | I14: ='05 - 2022'!J20-'05 - 2022'!J19 -> 24822 | J14: 0.081 | K14: ='05 - 2022'!H20-'05 - 2022'!H19 -> 0 | L14: ='05 - 2022'!I20-'05 - 2022'!I19 -> 97 | M14: 4.3936294 | N14: 97
A15: Dubai DIFC | B15: =B14+1 -> 14 | C15: 5 | D15: 2022 | E15: ='05 - 2022'!B21-'05 - 2022'!B20+'05 - 2022'!C21-'05 - 2022'!C20 -> 9321.4 | F15: 0.118 | G15: ='05 - 2022'!D21-'05 - 2022'!D20+'05 - 2022'!E21-'05 - 2022'!E20 -> 24.42 | H15: 0.99 | I15: ='05 - 2022'!J21-'05 - 2022'!J20 -> 24498 | J15: 0.081 | K15: ='05 - 2022'!H21-'05 - 2022'!H20 -> 0 | L15: ='05 - 2022'!I21-'05 - 2022'!I20 -> 126 | M15: 4.3936294 | N15: 78
... A20: Dubai DIFC | B20: =B19+1 -> 19 | C20: 5 | D20: 2022 | E20: ='05 - 2022'!B26-'05 - 2022'!B25+'05 - 2022'!C26-'05 - 2022'!C25 -> 9422.8 | F20: 0.118 | G20: ='05 - 2022'!D26-'05 - 2022'!D25+'05 - 2022'!E26-'05 - 2022'!E25 -> 24.12 | H20: 0.99 | I20: ='05 - 2022'!J26-'05 - 2022'!J25 -> 26350 | J20: 0.081 | K20: ='05 - 2022'!H26-'05 - 2022'!H25 -> 0 | L20: ='05 - 2022'!I26-'05 - 2022'!I25 -> 109 | M20: 4.3936294 | N20: 96
A21: Dubai DIFC | B21: =B20+1 -> 20 | C21: 5 | D21: 2022 | E21: 0 | F21: 0.118 | G21: 0 | H21: 0.99 | I21: 0 | J21: 0.081 | K21: 0 | L21: 0 | M21: 4.3936294
A22: Dubai DIFC | B22: =B21+1 -> 21 | C22: 5 | D22: 2022 | E22: ='05 - 2022'!B28-'05 - 2022'!B27+'05 - 2022'!C28-'05 - 2022'!C27 -> 0 | F22: 0.118 | G22: ='05 - 2022'!D28-'05 - 2022'!D27+'05 - 2022'!E28-'05 - 2022'!E27 -> 0 | H22: 0.99 | I22: ='05 - 2022'!J28-'05 - 2022'!J27 -> 0 | J22: 0.081 | K22: ='05 - 2022'!H28-'05 - 2022'!H27 -> 0 | L22: ='05 - 2022'!I28-'05 - 2022'!I27 -> 0 | M22: 4.3936294
A23: Dubai DIFC | B23: =B22+1 -> 22 | C23: 5 | D23: 2022 | E23: ='05 - 2022'!B29-'05 - 2022'!B28+'05 - 2022'!C29-'05 - 2022'!C28 -> 0 | F23: 0.118 | G23: ='05 - 2022'!D29-'05 - 2022'!D28+'05 - 2022'!E29-'05 - 2022'!E28 -> 0 | H23: 0.99 | I23: ='05 - 2022'!J29-'05 - 2022'!J28 -> 0 | J23: 0.081 | K23: ='05 - 2022'!H29-'05 - 2022'!H28 -> 0 | L23: ='05 - 2022'!I29-'05 - 2022'!I28 -> 0 | M23: 4.3936294
A24: Dubai DIFC | B24: =B23+1 -> 23 | C24: 5 | D24: 2022 | E24: ='05 - 2022'!B30-'05 - 2022'!B29+'05 - 2022'!C30-'05 - 2022'!C29 -> 0 | F24: 0.118 | G24: ='05 - 2022'!D30-'05 - 2022'!D29+'05 - 2022'!E30-'05 - 2022'!E29 -> 0 | H24: 0.99 | I24: ='05 - 2022'!J30-'05 - 2022'!J29 -> 0 | J24: 0.081 | K24: ='05 - 2022'!H30-'05 - 2022'!H29 -> 0 | L24: ='05 - 2022'!I30-'05 - 2022'!I29 -> 0 | M24: 4.3936294
A25: Dubai DIFC | B25: =B24+1 -> 24 | C25: 5 | D25: 2022 | E25: ='05 - 2022'!B31-'05 - 2022'!B30+'05 - 2022'!C31-'05 - 2022'!C30 -> 0 | F25: 0.118 | G25: ='05 - 2022'!D31-'05 - 2022'!D30+'05 - 2022'!E31-'05 - 2022'!E30 -> 0 | H25: 0.99 | I25: ='05 - 2022'!J31-'05 - 2022'!J30 -> 0 | J25: 0.081 | K25: ='05 - 2022'!H31-'05 - 2022'!H30 -> 0 | L25: ='05 - 2022'!I31-'05 - 2022'!I30 -> 0 | M25: 4.3936294
A26: Dubai DIFC | B26: =B25+1 -> 25 | C26: 5 | D26: 2022 | E26: ='05 - 2022'!B32-'05 - 2022'!B31+'05 - 2022'!C32-'05 - 2022'!C31 -> 0 | F26: 0.118 | G26: ='05 - 2022'!D32-'05 - 2022'!D31+'05 - 2022'!E32-'05 - 2022'!E31 -> 0 | H26: 0.99 | I26: ='05 - 2022'!J32-'05 - 2022'!J31 -> 0 | J26: 0.081 | K26: ='05 - 2022'!H32-'05 - 2022'!H31 -> 0 | L26: ='05 - 2022'!I32-'05 - 2022'!I31 -> 0 | M26: 4.3936294
A27: Dubai DIFC | B27: =B26+1 -> 26 | C27: 5 | D27: 2022 | E27: ='05 - 2022'!B33-'05 - 2022'!B32+'05 - 2022'!C33-'05 - 2022'!C32 -> 0 | F27: 0.118 | G27: ='05 - 2022'!D33-'05 - 2022'!D32+'05 - 2022'!E33-'05 - 2022'!E32 -> 0 | H27: 0.99 | I27: ='05 - 2022'!J33-'05 - 2022'!J32 -> 0 | J27: 0.081 | K27: ='05 - 2022'!H33-'05 - 2022'!H32 -> 0 | L27: ='05 - 2022'!I33-'05 - 2022'!I32 -> 0 | M27: 4.3936294
A28: Dubai DIFC | B28: =B27+1 -> 27 | C28: 5 | D28: 2022 | E28: ='05 - 2022'!B34-'05 - 2022'!B33+'05 - 2022'!C34-'05 - 2022'!C33 -> 0 | F28: 0.118 | G28: ='05 - 2022'!D34-'05 - 2022'!D33+'05 - 2022'!E34-'05 - 2022'!E33 -> 0 | H28: 0.99 | I28: ='05 - 2022'!J34-'05 - 2022'!J33 -> 0 | J28: 0.081 | K28: ='05 - 2022'!H34-'05 - 2022'!H33 -> 0 | L28: ='05 - 2022'!I34-'05 - 2022'!I33 -> 0 | M28: 4.3936294
A29: Dubai DIFC | B29: =B28+1 -> 28 | C29: 5 | D29: 2022 | E29: ='05 - 2022'!B35-'05 - 2022'!B34+'05 - 2022'!C35-'05 - 2022'!C34 -> 0 | F29: 0.118 | G29: ='05 - 2022'!D35-'05 - 2022'!D34+'05 - 2022'!E35-'05 - 2022'!E34 -> 0 | H29: 0.99 | I29: ='05 - 2022'!J35-'05 - 2022'!J34 -> 0 | J29: 0.081 | K29: ='05 - 2022'!H35-'05 - 2022'!H34 -> 0 | L29: ='05 - 2022'!I35-'05 - 2022'!I34 -> 0 | M29: 4.3936294
A30: Dubai DIFC | B30: =B29+1 -> 29 | C30: 5 | D30: 2022 | E30: ='05 - 2022'!B36-'05 - 2022'!B35+'05 - 2022'!C36-'05 - 2022'!C35 -> 0 | F30: 0.118 | G30: ='05 - 2022'!D36-'05 - 2022'!D35+'05 - 2022'!E36-'05 - 2022'!E35 -> 0 | H30: 0.99 | I30: ='05 - 2022'!J36-'05 - 2022'!J35 -> 0 | J30: 0.081 | K30: ='05 - 2022'!H36-'05 - 2022'!H35 -> 0 | L30: ='05 - 2022'!I36-'05 - 2022'!I35 -> 0 | M30: 4.3936294
A31: Dubai DIFC | B31: =B30+1 -> 30 | C31: 5 | D31: 2022 | E31: ='05 - 2022'!B37-'05 - 2022'!B36+'05 - 2022'!C37-'05 - 2022'!C36 -> 0 | F31: 0.118 | G31: ='05 - 2022'!D37-'05 - 2022'!D36+'05 - 2022'!E37-'05 - 2022'!E36 -> 0 | H31: 0.99 | I31: ='05 - 2022'!J37-'05 - 2022'!J36 -> 0 | J31: 0.081 | K31: ='05 - 2022'!H37-'05 - 2022'!H36 -> 0 | L31: ='05 - 2022'!I37-'05 - 2022'!I36 -> 0 | M31: 4.3936294
A32: Dubai DIFC | B32: =B31+1 -> 31 | C32: 5 | D32: 2022 | E32: 0 | F32: 0.118 | G32: 0 | H32: 0.99 | I32: 0 | J32: 0.081 | K32: 0 | L32: 0 | M32: 4.3936294

Sheet Submetering Daily 
A1: Site Name | B1: Day | C1: Month | D1: Year | E1: Panel LV1 Kwh | F1: Panel LV2 Kwh | G1: Electricity Tariff ($/Kwh) | H1: Main Kitchen LPG (Kg) | I1: Podium Kitchen LPG (Kg) | J1: Boiler LPG (Kg) | K1: LPG $/Kg | L1: Room Nights
A2: Dubai DIFC | B2: 1 | C2: 5 | D2: 2022 | E2: ='05 - 2022'!B8-'05 - 2022'!B7 -> 3695 | F2: ='05 - 2022'!C8-'05 - 2022'!C7 -> 5239 | G2: 0.118 | H2: ='05 - 2022'!E8-'05 - 2022'!E7 -> 28.39 | I2: ='05 - 2022'!F8-'05 - 2022'!F7 -> 5.31 | J2: ='05 - 2022'!G8-'05 - 2022'!G7 -> 40.21 | K2: 0.74 | L2: 57
A3: Dubai DIFC | B3: =B2+1 -> 2 | C3: 5 | D3: 2022 | E3: 3579 | F3: ='05 - 2022'!C9-'05 - 2022'!C8 -> 5400 | G3: 0.118 | H3: ='05 - 2022'!E9-'05 - 2022'!E8 -> 16.43 | I3: ='05 - 2022'!F9-'05 - 2022'!F8 -> 6.66 | J3: ='05 - 2022'!G9-'05 - 2022'!G8 -> 35.66 | K3: 0.74 | L3: 41
A4: Dubai DIFC | B4: =B3+1 -> 3 | C4: 5 | D4: 2022 | E4: ='05 - 2022'!B10-'05 - 2022'!B9 -> 3667.54 | F4: ='05 - 2022'!C10-'05 - 2022'!C9 -> 5388 | G4: 0.118 | H4: ='05 - 2022'!E10-'05 - 2022'!E9 -> 23.15 | I4: ='05 - 2022'!F10-'05 - 2022'!F9 -> 6.34 | J4: ='05 - 2022'!G10-'05 - 2022'!G9 -> 29.63 | K4: 0.74 | L4: 55
A5: Dubai DIFC | B5: =B4+1 -> 4 | C5: 5 | D5: 2022 | E5: ='05 - 2022'!B11-'05 - 2022'!B10 -> 3963.59 | F5: ='05 - 2022'!C11-'05 - 2022'!C10 -> 5647 | G5: 0.118 | H5: ='05 - 2022'!E11-'05 - 2022'!E10 -> 24.44 | I5: ='05 - 2022'!F11-'05 - 2022'!F10 -> 7.75 | J5: ='05 - 2022'!G11-'05 - 2022'!G10 -> 44.88 | K5: 0.74 | L5: 69
A6: Dubai DIFC | B6: =B5+1 -> 5 | C6: 5 | D6: 2022 | E6: ='05 - 2022'!B12-'05 - 2022'!B11 -> 3768.09 | F6: ='05 - 2022'!C12-'05 - 2022'!C11 -> 5338 | G6: 0.118 | H6: ='05 - 2022'!E12-'05 - 2022'!E11 -> 27.83 | I6: ='05 - 2022'!F12-'05 - 2022'!F11 -> 6.5 | J6: ='05 - 2022'!G12-'05 - 2022'!G11 -> 37.25 | K6: 0.74 | L6: 70
A7: Dubai DIFC | B7: =B6+1 -> 6 | C7: 5 | D7: 2022 | E7: ='05 - 2022'!B13-'05 - 2022'!B12 -> 3829.7 | F7: ='05 - 2022'!C13-'05 - 2022'!C12 -> 5688 | G7: 0.118 | H7: ='05 - 2022'!E13-'05 - 2022'!E12 -> 25.43 | I7: ='05 - 2022'!F13-'05 - 2022'!F12 -> 7.03 | J7: ='05 - 2022'!G13-'05 - 2022'!G12 -> 37.58 | K7: 0.74 | L7: 72
A8: Dubai DIFC | B8: =B7+1 -> 7 | C8: 5 | D8: 2022 | E8: ='05 - 2022'!B14-'05 - 2022'!B13 -> 3883 | F8: ='05 - 2022'!C14-'05 - 2022'!C13 -> 5614 | G8: 0.118 | H8: ='05 - 2022'!E14-'05 - 2022'!E13 -> 26.11 | I8: ='05 - 2022'!F14-'05 - 2022'!F13 -> 7.7 | J8: ='05 - 2022'!G14-'05 - 2022'!G13 -> 34.42 | K8: 0.74 | L8: 79
A9: Dubai DIFC | B9: =B8+1 -> 8 | C9: 5 | D9: 2022 | E9: ='05 - 2022'!B15-'05 - 2022'!B14 -> 3894.4 | F9: ='05 - 2022'!C15-'05 - 2022'!C14 -> 5625 | G9: 0.118 | H9: ='05 - 2022'!E15-'05 - 2022'!E14 -> 28.26 | I9: ='05 - 2022'!F15-'05 - 2022'!F14 -> 7.31 | J9: ='05 - 2022'!G15-'05 - 2022'!G14 -> 35.84 | K9: 0.74 | L9: 71
A10: Dubai DIFC | B10: =B9+1 -> 9 | C10: 5 | D10: 2022 | E10: ='05 - 2022'!B16-'05 - 2022'!B15 -> 3895.1 | F10: ='05 - 2022'!C16-'05 - 2022'!C15 -> 5576 | G10: 0.118 | H10: ='05 - 2022'!E16-'05 - 2022'!E15 -> 24.09 | I10: ='05 - 2022'!F16-'05 - 2022'!F15 -> 7.74 | J10: ='05 - 2022'!G16-'05 - 2022'!G15 -> 36.11 | K10: 0.74 | L10: 78
A11: Dubai DIFC | B11: =B10+1 -> 10 | C11: 5 | D11: 2022 | E11: ='05 - 2022'!B17-'05 - 2022'!B16 -> 3825.2 | F11: ='05 - 2022'!C17-'05 - 2022'!C16 -> 5555 | G11: 0.118 | H11: ='05 - 2022'!E17-'05 - 2022'!E16 -> 26.12 | I11: ='05 - 2022'!F17-'05 - 2022'!F16 -> 7.27 | J11: ='05 - 2022'!G17-'05 - 2022'!G16 -> 37.4 | K11: 0.74 | L11: 93
A12: Dubai DIFC | B12: =B11+1 -> 11 | C12: 5 | D12: 2022 | E12: ='05 - 2022'!B18-'05 - 2022'!B17 -> 3851 | F12: ='05 - 2022'!C18-'05 - 2022'!C17 -> 5775 | G12: 0.118 | H12: ='05 - 2022'!E18-'05 - 2022'!E17 -> 23.45 | I12: ='05 - 2022'!F18-'05 - 2022'!F17 -> 8.26 | J12: ='05 - 2022'!G18-'05 - 2022'!G17 -> 38.8 | K12: 0.74 | L12: 99
A13: Dubai DIFC | B13: =B12+1 -> 12 | C13: 5 | D13: 2022 | E13: ='05 - 2022'!B19-'05 - 2022'!B18 -> 3900.3 | F13: ='05 - 2022'!C19-'05 - 2022'!C18 -> 5511 | G13: 0.118 | H13: ='05 - 2022'!E19-'05 - 2022'!E18 -> 24.85 | I13: ='05 - 2022'!F19-'05 - 2022'!F18 -> 7.25 | J13: ='05 - 2022'!G19-'05 - 2022'!G18 -> 37.53 | K13: 0.74 | L13: 103
A14: Dubai DIFC | B14: =B13+1 -> 13 | C14: 5 | D14: 2022 | E14: ='05 - 2022'!B20-'05 - 2022'!B19 -> 3805.5 | F14: ='05 - 2022'!C20-'05 - 2022'!C19 -> 5510 | G14: 0.118 | H14: ='05 - 2022'!E20-'05 - 2022'!E19 -> 26.58 | I14: ='05 - 2022'!F20-'05 - 2022'!F19 -> 7.12 | J14: ='05 - 2022'!G20-'05 - 2022'!G19 -> 37.57 | K14: 0.74 | L14: 97
A15: Dubai DIFC | B15: =B14+1 -> 14 | C15: 5 | D15: 2022 | E15: ='05 - 2022'!B21-'05 - 2022'!B20 -> 3752.4 | F15: ='05 - 2022'!C21-'05 - 2022'!C20 -> 5569 | G15: 0.118 | H15: ='05 - 2022'!E21-'05 - 2022'!E20 -> 24.49 | I15: ='05 - 2022'!F21-'05 - 2022'!F20 -> 7.7 | J15: ='05 - 2022'!G21-'05 - 2022'!G20 -> 34.85 | K15: 0.74 | L15: 78
... A20: Dubai DIFC | B20: =B19+1 -> 19 | C20: 5 | D20: 2022 | E20: ='05 - 2022'!B26-'05 - 2022'!B25 -> 3751.8 | F20: ='05 - 2022'!C26-'05 - 2022'!C25 -> 5671 | G20: 0.118 | H20: ='05 - 2022'!E26-'05 - 2022'!E25 -> 24.18 | I20: ='05 - 2022'!F26-'05 - 2022'!F25 -> 6.2 | J20: ='05 - 2022'!G26-'05 - 2022'!G25 -> 37.71 | K20: 0.74 | L20: 96
A21: Dubai DIFC | B21: =B20+1 -> 20 | C21: 5 | D21: 2022 | E21: 0 | F21: 0 | G21: 0.118 | H21: 0 | I21: 0 | J21: 0 | K21: 0.74
A22: Dubai DIFC | B22: =B21+1 -> 21 | C22: 5 | D22: 2022 | E22: ='05 - 2022'!B28-'05 - 2022'!B27 -> 0 | F22: ='05 - 2022'!C28-'05 - 2022'!C27 -> 0 | G22: 0.118 | H22: ='05 - 2022'!E28-'05 - 2022'!E27 -> 0 | I22: ='05 - 2022'!F28-'05 - 2022'!F27 -> 0 | J22: ='05 - 2022'!G28-'05 - 2022'!G27 -> 0 | K22: 0.74
A23: Dubai DIFC | B23: =B22+1 -> 22 | C23: 5 | D23: 2022 | E23: ='05 - 2022'!B29-'05 - 2022'!B28 -> 0 | F23: ='05 - 2022'!C29-'05 - 2022'!C28 -> 0 | G23: 0.118 | H23: ='05 - 2022'!E29-'05 - 2022'!E28 -> 0 | I23: ='05 - 2022'!F29-'05 - 2022'!F28 -> 0 | J23: ='05 - 2022'!G29-'05 - 2022'!G28 -> 0 | K23: 0.74
A24: Dubai DIFC | B24: =B23+1 -> 23 | C24: 5 | D24: 2022 | E24: ='05 - 2022'!B30-'05 - 2022'!B29 -> 0 | F24: ='05 - 2022'!C30-'05 - 2022'!C29 -> 0 | G24: 0.118 | H24: ='05 - 2022'!E30-'05 - 2022'!E29 -> 0 | I24: ='05 - 2022'!F30-'05 - 2022'!F29 -> 0 | J24: ='05 - 2022'!G30-'05 - 2022'!G29 -> 0 | K24: 0.74
A25: Dubai DIFC | B25: =B24+1 -> 24 | C25: 5 | D25: 2022 | E25: ='05 - 2022'!B31-'05 - 2022'!B30 -> 0 | F25: ='05 - 2022'!C31-'05 - 2022'!C30 -> 0 | G25: 0.118 | H25: ='05 - 2022'!E31-'05 - 2022'!E30 -> 0 | I25: ='05 - 2022'!F31-'05 - 2022'!F30 -> 0 | J25: ='05 - 2022'!G31-'05 - 2022'!G30 -> 0 | K25: 0.74
A26: Dubai DIFC | B26: =B25+1 -> 25 | C26: 5 | D26: 2022 | E26: ='05 - 2022'!B32-'05 - 2022'!B31 -> 0 | F26: ='05 - 2022'!C32-'05 - 2022'!C31 -> 0 | G26: 0.118 | H26: ='05 - 2022'!E32-'05 - 2022'!E31 -> 0 | I26: ='05 - 2022'!F32-'05 - 2022'!F31 -> 0 | J26: ='05 - 2022'!G32-'05 - 2022'!G31 -> 0 | K26: 0.74
A27: Dubai DIFC | B27: =B26+1 -> 26 | C27: 5 | D27: 2022 | E27: ='05 - 2022'!B33-'05 - 2022'!B32 -> 0 | F27: ='05 - 2022'!C33-'05 - 2022'!C32 -> 0 | G27: 0.118 | H27: ='05 - 2022'!E33-'05 - 2022'!E32 -> 0 | I27: ='05 - 2022'!F33-'05 - 2022'!F32 -> 0 | J27: ='05 - 2022'!G33-'05 - 2022'!G32 -> 0 | K27: 0.74
A28: Dubai DIFC | B28: =B27+1 -> 27 | C28: 5 | D28: 2022 | E28: ='05 - 2022'!B34-'05 - 2022'!B33 -> 0 | F28: ='05 - 2022'!C34-'05 - 2022'!C33 -> 0 | G28: 0.118 | H28: ='05 - 2022'!E34-'05 - 2022'!E33 -> 0 | I28: ='05 - 2022'!F34-'05 - 2022'!F33 -> 0 | J28: ='05 - 2022'!G34-'05 - 2022'!G33 -> 0 | K28: 0.74
A29: Dubai DIFC | B29: =B28+1 -> 28 | C29: 5 | D29: 2022 | E29: ='05 - 2022'!B35-'05 - 2022'!B34 -> 0 | F29: ='05 - 2022'!C35-'05 - 2022'!C34 -> 0 | G29: 0.118 | H29: ='05 - 2022'!E35-'05 - 2022'!E34 -> 0 | I29: ='05 - 2022'!F35-'05 - 2022'!F34 -> 0 | J29: ='05 - 2022'!G35-'05 - 2022'!G34 -> 0 | K29: 0.74
A30: Dubai DIFC | B30: =B29+1 -> 29 | C30: 5 | D30: 2022 | E30: ='05 - 2022'!B36-'05 - 2022'!B35 -> 0 | F30: ='05 - 2022'!C36-'05 - 2022'!C35 -> 0 | G30: 0.118 | H30: ='05 - 2022'!E36-'05 - 2022'!E35 -> 0 | I30: ='05 - 2022'!F36-'05 - 2022'!F35 -> 0 | J30: ='05 - 2022'!G36-'05 - 2022'!G35 -> 0 | K30: 0.74
A31: Dubai DIFC | B31: =B30+1 -> 30 | C31: 5 | D31: 2022 | E31: ='05 - 2022'!B37-'05 - 2022'!B36 -> 0 | F31: ='05 - 2022'!C37-'05 - 2022'!C36 -> 0 | G31: 0.118 | H31: ='05 - 2022'!E37-'05 - 2022'!E36 -> 0 | I31: ='05 - 2022'!F37-'05 - 2022'!F36 -> 0 | J31: ='05 - 2022'!G37-'05 - 2022'!G36 -> 0 | K31: 0.74
A32: Dubai DIFC | B32: =B31+1 -> 31 | C32: 5 | D32: 2022 | E32: ='05 - 2022'!B38-'05 - 2022'!B37 -> 0 | F32: ='05 - 2022'!C38-'05 - 2022'!C37 -> 0 | G32: 0.118 | H32: ='05 - 2022'!E38-'05 - 2022'!E37 -> 0 | I32: ='05 - 2022'!F38-'05 - 2022'!F37 -> 0 | J32: ='05 - 2022'!G38-'05 - 2022'!G37 -> 0 | K32: 0.74

Sheet 05 - 2022
A3: FOUR SEASONS HOTEL - DIFC
A4: HLP READING MONTH OF May' 2022
B5: Electricity | D5: LPG (cu.m) | H5: Water (cu.m) | J5: BTU
A6: Date | B6: LV-01, 2025952759 | C6: LV-2, 2030235407 | D6: Main Meter % | E6: Main Kitchen | F6: Podium Kitchen | G6: Boiler | H6: B-3 Water Meter (DIFC) | I6: MainWater Meter (DEWA) | J6: Chilled Water (KWH) | K6: Gas Received (Litres) | L6: Remark
A7: 44681 | B7: 995016 | C7: 737597 | D7: 0.7 | E7: 1078.15 | F7: 2085.69 | G7: 41297.53 | H7: 14528 | I7: 155519 | J7: 55039783
A8: =A7+1 -> 44682 | B8: 998711 | C8: 742836 | D8: 0.62 | E8: 1106.54 | F8: 2091 | G8: 41337.74 | H8: 14528 | I8: 155633 | J8: 55063630
A9: =A8+1 -> 44683 | B9: 2290.88 | C9: 748236 | D9: 0.55 | E9: 1122.97 | F9: 2097.66 | G9: 41373.4 | H9: 14528 | I9: 155720 | J9: 55086599
A10: =A9+1 -> 44684 | B10: 5958.42 | C10: 753624 | D10: 0.48 | E10: 1146.12 | F10: 2104 | G10: 41403.03 | H10: 14528 | I10: 155826 | J10: 55108320
A11: =A10+1 -> 44685 | B11: 9922.01 | C11: 759271 | D11: 0.4 | E11: 1170.56 | F11: 2111.75 | G11: 41447.91 | H11: 14528 | I11: 155916 | J11: 55131700
A12: =A11+1 -> 44686 | B12: 13690.1 | C12: 764609 | D12: 0.3 | E12: 1198.39 | F12: 2118.25 | G12: 41485.16 | H12: 14528 | I12: 156027 | J12: 55155163 | K12: 3700
A13: =A12+1 -> 44687 | B13: 17519.8 | C13: 770297 | D13: 0.79 | E13: 1223.82 | F13: 2125.28 | G13: 41522.74 | H13: 14528 | I13: 156137 | J13: 55180950
A14: =A13+1 -> 44688 | B14: 21402.8 | C14: 775911 | D14: 0.72 | E14: 1249.93 | F14: 2132.98 | G14: 41557.16 | H14: 14528 | I14: 156252 | J14: 55205510
A15: =A14+1 -> 44689 | B15: 25297.2 | C15: 781536 | D15: 0.62 | E15: 1278.19 | F15: 2140.29 | G15: 41593 | H15: 14528 | I15: 156364 | J15: 55232199
A16: =A15+1 -> 44690 | B16: 29192.3 | C16: 787112 | D16: 0.53 | E16: 1302.28 | F16: 2148.03 | G16: 41629.11 | H16: 14528 | I16: 156467 | J16: 55258266
A17: =A16+1 -> 44691 | B17: 33017.5 | C17: 792667 | D17: 0.45 | E17: 1328.4 | F17: 2155.3 | G17: 41666.51 | H17: 14528 | I17: 156578 | J17: 55282664
A18: =A17+1 -> 44692 | B18: 36868.5 | C18: 798442 | D18: 0.38 | E18: 1351.85 | F18: 2163.56 | G18: 41705.31 | H18: 14528 | I18: 156690 | J18: 55306584
A19: =A18+1 -> 44693 | B19: 40768.8 | C19: 803953 | D19: 0.3 | E19: 1376.7 | F19: 2170.81 | G19: 41742.84 | H19: 14528 | I19: 156798 | J19: 55331919
A20: =A19+1 -> 44694 | B20: 44574.3 | C20: 809463 | D20: 0.85 | E20: 1403.28 | F20: 2177.93 | G20: 41780.41 | H20: 14528 | I20: 156895 | J20: 55356741 | K20: 4300
A21: =A20+1 -> 44695 | B21: 48326.7 | C21: 815032 | D21: 0.78 | E21: 1427.77 | F21: 2185.63 | G21: 41815.26 | H21: 14528 | I21: 157021 | J21: 55381239
A22: =A21+1 -> 44696 | B22: 51986.2 | C22: 820463 | D22: 0.71 | E22: 1453.39 | F22: 2192.69 | G22: 41849.47 | H22: 14528 | I22: 157141 | J22: 55404460
A23: =A22+1 -> 44697 | B23: 55679.9 | C23: 825836 | D23: 0.6 | E23: 1476.4 | F23: 2198.82 | G23: 41884.25 | H23: 14528 | I23: 157233 | J23: 55427477
A24: =A23+1 -> 44698 | B24: 59424.5 | C24: 831474 | D24: 0.53 | E24: 1501.84 | F24: 2205.04 | G24: 41920.15 | H24: 14528 | I24: 157330 | J24: 55453286
A25: =A24+1 -> 44699 | B25: 63245.6 | C25: 837247 | D25: 0.45 | E25: 1528.13 | F25: 2213.92 | G25: 41956.24 | H25: 14528 | I25: 157436 | J25: 55479568
A26: =A25+1 -> 44700 | B26: 66997.4 | C26: 842918 | D26: 0.39 | E26: 1552.31 | F26: 2220.12 | G26: 41993.95 | H26: 14528 | I26: 157545 | J26: 55505918
A27: =A26+1 -> 44701
A28: =A27+1 -> 44702
A29: =A28+1 -> 44703
A30: =A29+1 -> 44704
A31: =A30+1 -> 44705
A32: =A31+1 -> 44706
A33: =A32+1 -> 44707
A34: =A33+1 -> 44708
A35: =A34+1 -> 44709
A36: =A35+1 -> 44710
A37: =A36+1 -> 44711
A38: =A37+1 -> 44712
A39: Readings | B39: =B38-B7 -> -995016 | C39: =C38-C7 -> -737597 | D39: =D38-D7 -> -0.7 | E39: =E38-E7 -> -1078.15 | F39: =F38-F7 -> -2085.69 | G39: =G38-G7 -> -41297.53 | H39: =H38-H7 -> -14528 | I39: =I38-I7 -> -155519 | J39: =J38-J7 -> -55039783 | K39: =SUM(K7:K37) -> 8000
H40: =H39*219.969 -> -3195709.6 | I40: =I39*219.969 -> -34209359
H41: =H40*219.969 -> -7.0295705e+08 | I41: =I40*219.969 -> -7.5249985e+09
