Workbook

Sheet TOTAL
A1: Site Name | B1: Day | C1: Month | D1: Year | E1: Total Electricity Kwh | F1: Electricity Tariff ($/Kwh) | G1: LPG (Kg) | H1: LPG $/Kg | I1: Water Utility Supply (m3) m3 | J1: Water Utility Supply (m3) $/m3 | K1: Room Nights
A2: Seychelles at Desroches Island | B2: 1 | C2: 5 | D2: 2022 | E2: =Submetering!E2+Submetering!F2+Submetering!G2+Submetering!H2+Submetering!J2-Submetering!AV2 -> 14820 | F2: 0.5876503 | G2: =(Submetering!AX2+Submetering!AY2+Submetering!AZ2+Submetering!BA2+Submetering!BB2) -> 18.315 | H2: 0.99 | I2: ='FS Desroches Daily'!CM4 -> 109 | J2: 10.487298 | K2: ='FS Desroches Daily'!CN4 -> 0
A3: Seychelles at Desroches Island | B3: 2 | C3: 5 | D3: 2022 | E3: =Submetering!E3+Submetering!F3+Submetering!G3+Submetering!H3+Submetering!J3-Submetering!AV3 -> 14080 | F3: =F2 -> 0.5876503 | G3: =(Submetering!AX3+Submetering!AY3+Submetering!AZ3+Submetering!BA3+Submetering!BB3) -> 20.1465 | H3: =H2 -> 0.99 | I3: ='FS Desroches Daily'!CM5 -> 103.5 | J3: =J2 -> 10.487298 | K3: ='FS Desroches Daily'!CN5 -> 0
A4: Seychelles at Desroches Island | B4: 3 | C4: 5 | D4: 2022 | E4: =Submetering!E4+Submetering!F4+Submetering!G4+Submetering!H4+Submetering!J4-Submetering!AV4 -> 15320 | F4: =F3 -> 0.5876503 | G4: =(Submetering!AX4+Submetering!AY4+Submetering!AZ4+Submetering!BA4+Submetering!BB4) -> 29.304 | H4: =H3 -> 0.99 | I4: ='FS Desroches Daily'!CM6 -> 138.7 | J4: =J3 -> 10.487298 | K4: ='FS Desroches Daily'!CN6 -> 0
A5: Seychelles at Desroches Island | B5: 4 | C5: 5 | D5: 2022 | E5: =Submetering!E5+Submetering!F5+Submetering!G5+Submetering!H5+Submetering!J5-Submetering!AV5 -> 15440 | F5: =F4 -> 0.5876503 | G5: =(Submetering!AX5+Submetering!AY5+Submetering!AZ5+Submetering!BA5+Submetering!BB5) -> 14.652 | H5: =H4 -> 0.99 | I5: ='FS Desroches Daily'!CM7 -> 140.2 | J5: =J4 -> 10.487298 | K5: ='FS Desroches Daily'!CN7 -> 49
A6: Seychelles at Desroches Island | B6: 5 | C6: 5 | D6: 2022 | E6: =Submetering!E6+Submetering!F6+Submetering!G6+Submetering!H6+Submetering!J6-Submetering!AV6 -> 11660 | F6: =F5 -> 0.5876503 | G6: =(Submetering!AX6+Submetering!AY6+Submetering!AZ6+Submetering!BA6+Submetering!BB6) -> 12.8205 | H6: =H5 -> 0.99 | I6: ='FS Desroches Daily'!CM8 -> 152.8 | J6: =J5 -> 10.487298 | K6: ='FS Desroches Daily'!CN8 -> 48
A7: Seychelles at Desroches Island | B7: 6 | C7: 5 | D7: 2022 | E7: =Submetering!E7+Submetering!F7+Submetering!G7+Submetering!H7+Submetering!J7-Submetering!AV7 -> 16850 | F7: =F6 -> 0.5876503 | G7: =(Submetering!AX7+Submetering!AY7+Submetering!AZ7+Submetering!BA7+Submetering!BB7) -> 9.1575 | H7: =H6 -> 0.99 | I7: ='FS Desroches Daily'!CM9 -> 119.5 | J7: =J6 -> 10.487298 | K7: ='FS Desroches Daily'!CN9 -> 50
A8: Seychelles at Desroches Island | B8: 7 | C8: 5 | D8: 2022 | E8: =Submetering!E8+Submetering!F8+Submetering!G8+Submetering!H8+Submetering!J8-Submetering!AV8 -> 15080 | F8: =F7 -> 0.5876503 | G8: =(Submetering!AX8+Submetering!AY8+Submetering!AZ8+Submetering!BA8+Submetering!BB8) -> 29.304 | H8: =H7 -> 0.99 | I8: ='FS Desroches Daily'!CM10 -> 115.5 | J8: =J7 -> 10.487298 | K8: ='FS Desroches Daily'!CN10 -> 46
A9: Seychelles at Desroches Island | B9: 8 | C9: 5 | D9: 2022 | E9: =Submetering!E9+Submetering!F9+Submetering!G9+Submetering!H9+Submetering!J9-Submetering!AV9 -> 14260 | F9: =F8 -> 0.5876503 | G9: =(Submetering!AX9+Submetering!AY9+Submetering!AZ9+Submetering!BA9+Submetering!BB9) -> 25.641 | H9: =H8 -> 0.99 | I9: ='FS Desroches Daily'!CM11 -> 131 | J9: =J8 -> 10.487298 | K9: ='FS Desroches Daily'!CN11 -> 43
A10: Seychelles at Desroches Island | B10: 9 | C10: 5 | D10: 2022 | E10: =Submetering!E10+Submetering!F10+Submetering!G10+Submetering!H10+Submetering!J10-Submetering!AV10 -> 14640 | F10: =F9 -> 0.5876503 | G10: =(Submetering!AX10+Submetering!AY10+Submetering!AZ10+Submetering!BA10+Submetering!BB10) -> 21.978 | H10: =H9 -> 0.99 | I10: ='FS Desroches Daily'!CM12 -> 141.8 | J10: =J9 -> 10.487298 | K10: ='FS Desroches Daily'!CN12 -> 43
A11: Seychelles at Desroches Island | B11: 10 | C11: 5 | D11: 2022 | E11: =Submetering!E11+Submetering!F11+Submetering!G11+Submetering!H11+Submetering!J11-Submetering!AV11 -> 13560 | F11: =F10 -> 0.5876503 | G11: =(Submetering!AX11+Submetering!AY11+Submetering!AZ11+Submetering!BA11+Submetering!BB11) -> 21.978 | H11: =H10 -> 0.99 | I11: ='FS Desroches Daily'!CM13 -> 143.2 | J11: =J10 -> 10.487298 | K11: ='FS Desroches Daily'!CN13 -> 40
A12: Seychelles at Desroches Island | B12: 11 | C12: 5 | D12: 2022 | E12: =Submetering!E12+Submetering!F12+Submetering!G12+Submetering!H12+Submetering!J12-Submetering!AV12 -> 14390 | F12: =F11 -> 0.5876503 | G12: =(Submetering!AX12+Submetering!AY12+Submetering!AZ12+Submetering!BA12+Submetering!BB12) -> 25.641 | H12: =H11 -> 0.99 | I12: ='FS Desroches Daily'!CM14 -> 137.8 | J12: =J11 -> 10.487298 | K12: ='FS Desroches Daily'!CN14 -> 41
A13: Seychelles at Desroches Island | B13: 12 | C13: 5 | D13: 2022 | E13: =Submetering!E13+Submetering!F13+Submetering!G13+Submetering!H13+Submetering!J13-Submetering!AV13 -> 12160 | F13: =F12 -> 0.5876503 | G13: =(Submetering!AX13+Submetering!AY13+Submetering!AZ13+Submetering!BA13+Submetering!BB13) -> 150.183 | H13: =H12 -> 0.99 | I13: ='FS Desroches Daily'!CM15 -> 139 | J13: =J12 -> 10.487298 | K13: ='FS Desroches Daily'!CN15 -> 49
A14: Seychelles at Desroches Island | B14: 13 | C14: 5 | D14: 2022 | E14: =Submetering!E14+Submetering!F14+Submetering!G14+Submetering!H14+Submetering!J14-Submetering!AV14 -> 16200 | F14: =F13 -> 0.5876503 | G14: =(Submetering!AX14+Submetering!AY14+Submetering!AZ14+Submetering!BA14+Submetering!BB14) -> 5.4945 | H14: =H13 -> 0.99 | I14: ='FS Desroches Daily'!CM16 -> 118 | J14: =J13 -> 10.487298 | K14: ='FS Desroches Daily'!CN16 -> 45
... A32: Seychelles at Desroches Island | B32: 31 | C32: 5 | D32: 2022 | E32: =Submetering!E32+Submetering!F32+Submetering!G32+Submetering!H32+Submetering!J32-Submetering!AV32 -> 9800 | F32: =F31 -> 0.5876503 | G32: =(Submetering!AX32+Submetering!AY32+Submetering!AZ32+Submetering!BA32+Submetering!BB32) -> 0 | H32: =H31 -> 0.99 | I32: ='FS Desroches Daily'!CM34 -> 99 | J32: =J31 -> 10.487298 | K32: ='FS Desroches Daily'!CN34 -> 22

Sheet Submetering
A1: Site Name | B1: Day | C1: Month | D1: Year | E1: TRF CQ6 -KWh | F1: TRF FQ7 -KWh | G1: MSB BOH Q8 -KWh | H1: EX MAIN Q3 -KWh | I1: TRF DQ2 -KWh | J1: TRF B Q1 -KWh | K1: CANCAN shop -KWh | L1: CANCAN store -KWh | M1: Laundry EQU P D.B -KWh | N1: Laundry lighting -KWh | O1: PANTRY 1 -KWh | P1: PANTRY 2 -KWh | Q1: SPA LIGHT HOUSE -KWh | R1: PANTRY 3 -KWh | S1: PANTRY 4 -KWh | T1: VMC -KWh | U1: VILLA 100/157 -KWh | V1: VILLA 101/158 -KWh | W1: VILLA 102/159 -KWh | X1: VILLA 103/160 -KWh | Y1: VILLA 104/161 -KWh | Z1: VILLA 105/162 -KWh | AA1: VILLA 106/163 -KWh | AB1: VILLA 107/164 -KWh | AC1: VILLA 108/165 -KWh | AD1: VILLA 109/166 -KWh | AE1: VILLA 110 -KWh | AF1: KUMAR&KUMAR -KWh | AG1: BLOCK 15 -KWh | AH1: BLOCK 16 -KWh | AI1: BLOCK 17 -KWh | AJ1: BLOCK 18 -KWh | AK1: BLOCK 19 -KWh | AL1: BLOCK 20 -KWh | AM1: BLOCK 21 -KWh | AN1: BLOCK 22 -KWh | AO1: BLOCK 23 -KWh | AP1: BLOCK 24 -KWh | AQ1: Exhaust Kitchen (Main) -KWh | AR1: Exhaust Kitchen (Breakfast) -KWh | AS1: Exhaust Lighthouse -KWh | AT1: Exhaust Canteen -KWh | AU1: Cold Store -KWh | AV1: RO Plant -KWh | AW1: Water (m3) | AX1: Main kitchen M1 (9598630) - Kg | AY1: Main kitchen M2 (9598611) -Kg | AZ1: Main kitchen M3 (9249533) -Kg | BA1: Lighthouse -Kg | BB1: Canteen -Kg | BC1: Room Nights
A2: Seychelles at Desroches Island | B2: 1 | C2: 5 | D2: 2022 | E2: ='FS Desroches Daily'!D4 -> 3800 | F2: ='FS Desroches Daily'!F4 -> 3800 | G2: ='FS Desroches Daily'!H4 -> 3900 | H2: ='FS Desroches Daily'!J4 -> 1900 | I2: ='FS Desroches Daily'!L4 -> 3200 | J2: ='FS Desroches Daily'!N4 -> 2400 | K2: ='FS Desroches Daily'!P4 -> 35 | L2: ='FS Desroches Daily'!R4 -> 6 | M2: ='FS Desroches Daily'!T4 -> 1.5 | N2: ='FS Desroches Daily'!V4 -> 543.6 | O2: ='FS Desroches Daily'!X4 -> 380 | P2: ='FS Desroches Daily'!Z4 -> 3300 | Q2: ='FS Desroches Daily'!AB4 -> 510 | R2: ='FS Desroches Daily'!AD4 -> 610 | S2: ='FS Desroches Daily'!AF4 -> 1150 | T2: ='FS Desroches Daily'!AH4 -> 38 | U2: ='FS Desroches Daily'!AJ4 -> 1020 | V2: ='FS Desroches Daily'!AL4 -> 290 | W2: ='FS Desroches Daily'!AN4 -> 300 | X2: ='FS Desroches Daily'!AP4 -> 310 | Y2: ='FS Desroches Daily'!AR4 -> 190 | Z2: ='FS Desroches Daily'!AT4 -> 150 | AA2: ='FS Desroches Daily'!AT4 -> 150 | AB2: ='FS Desroches Daily'!AV4 -> 250 | AC2: ='FS Desroches Daily'!AZ4 -> 180 | AD2: ='FS Desroches Daily'!BB4 -> 240 | AE2: ='FS Desroches Daily'!BD4 -> 160 | AF2: ='FS Desroches Daily'!BF4 -> 22 | AG2: ='FS Desroches Daily'!BH4 -> 40 | AH2: ='FS Desroches Daily'!BJ4 -> 40 | AI2: ='FS Desroches Daily'!BL4 -> 60 | AJ2: ='FS Desroches Daily'!BN4 -> 50 | AK2: ='FS Desroches Daily'!BP4 -> 60 | AL2: ='FS Desroches Daily'!BR4 -> 51 | AM2: ='FS Desroches Daily'!BT4 -> 60 | AN2: ='FS Desroches Daily'!BV4 -> 50 | AO2: ='FS Desroches Daily'!BX4 -> 50 | AP2: ='FS Desroches Daily'!BZ4 -> 52 | AQ2: ='FS Desroches Daily'!CB4 -> 65.6 | AR2: ='FS Desroches Daily'!CD4 -> 13 | AS2: ='FS Desroches Daily'!CF4 -> 8.6 | AT2: ='FS Desroches Daily'!CH4 -> 60.3 | AU2: ='FS Desroches Daily'!CJ4 -> 301 | AV2: ='FS Desroches Daily'!CL4 -> 980 | AW2: ='FS Desroches Daily'!CM4 -> 109 | AX2: =IF(LPG!F9-LPG!F8<0,"0",(LPG!F9-LPG!F8)*1.8315) -> 0 | AY2: =IF(LPG!G9-LPG!G8<0,"0",(LPG!G9-LPG!G8)*1.8315) -> 0 | AZ2: =IF(LPG!H9-LPG!H8<0,"0",(LPG!H9-LPG!H8)*1.8315) -> 5.4945 | BA2: =IF(LPG!M9-LPG!M8<0,"0",(LPG!M9-LPG!M8)*1.8315) -> 5.4945 | BB2: =IF(LPG!Q9-LPG!Q8<0,"0",(LPG!Q9-LPG!Q8)*1.8315) -> 7.326 | BC2: ='FS Desroches Daily'!CN4 -> 0
A3: Seychelles at Desroches Island | B3: 2 | C3: 5 | D3: 2022 | E3: ='FS Desroches Daily'!D5 -> 3700 | F3: ='FS Desroches Daily'!F5 -> 3600 | G3: ='FS Desroches Daily'!H5 -> 3500 | H3: ='FS Desroches Daily'!J5 -> 1900 | I3: ='FS Desroches Daily'!L5 -> 3100 | J3: ='FS Desroches Daily'!N5 -> 2300 | K3: ='FS Desroches Daily'!P5 -> 37 | L3: ='FS Desroches Daily'!R5 -> 7 | M3: ='FS Desroches Daily'!T5 -> 1.5 | N3: ='FS Desroches Daily'!V5 -> 519.4 | O3: ='FS Desroches Daily'!X6 -> 450 | P3: ='FS Desroches Daily'!Z5 -> 3500 | Q3: ='FS Desroches Daily'!AB5 -> 490 | R3: ='FS Desroches Daily'!AD5 -> 630 | S3: ='FS Desroches Daily'!AF5 -> 1110 | T3: ='FS Desroches Daily'!AH5 -> 35 | U3: ='FS Desroches Daily'!AJ5 -> 1010 | V3: ='FS Desroches Daily'!AL5 -> 300 | W3: ='FS Desroches Daily'!AN5 -> 320 | X3: ='FS Desroches Daily'!AP5 -> 290 | Y3: ='FS Desroches Daily'!AR5 -> 210 | Z3: ='FS Desroches Daily'!AT5 -> 210 | AA3: ='FS Desroches Daily'!AT5 -> 210 | AB3: ='FS Desroches Daily'!AV5 -> 260 | AC3: ='FS Desroches Daily'!AZ5 -> 190 | AD3: ='FS Desroches Daily'!BB5 -> 280 | AE3: ='FS Desroches Daily'!BD5 -> 160 | AF3: ='FS Desroches Daily'!BF5 -> 31 | AG3: ='FS Desroches Daily'!BH5 -> 50 | AH3: ='FS Desroches Daily'!BJ5 -> 30 | AI3: ='FS Desroches Daily'!BL5 -> 50 | AJ3: ='FS Desroches Daily'!BN5 -> 50 | AK3: ='FS Desroches Daily'!BP5 -> 70 | AL3: ='FS Desroches Daily'!BR5 -> 50 | AM3: ='FS Desroches Daily'!BT5 -> 70 | AN3: ='FS Desroches Daily'!BV5 -> 52 | AO3: ='FS Desroches Daily'!BX5 -> 50 | AP3: ='FS Desroches Daily'!BZ5 -> 48 | AQ3: ='FS Desroches Daily'!CB5 -> 82.5 | AR3: ='FS Desroches Daily'!CD5 -> 11.4 | AS3: ='FS Desroches Daily'!CF5 -> 1.5 | AT3: ='FS Desroches Daily'!CH5 -> 60 | AU3: ='FS Desroches Daily'!CJ5 -> 323 | AV3: ='FS Desroches Daily'!CL5 -> 920 | AW3: ='FS Desroches Daily'!CM5 -> 103.5 | AX3: =IF(LPG!F10-LPG!F9<0,"0",(LPG!F10-LPG!F9)*1.8315) -> 0 | AY3: =IF(LPG!G10-LPG!G9<0,"0",(LPG!G10-LPG!G9)*1.8315) -> 0 | AZ3: =IF(LPG!H10-LPG!H9<0,"0",(LPG!H10-LPG!H9)*1.8315) -> 9.1575 | BA3: =IF(LPG!M10-LPG!M9<0,"0",(LPG!M10-LPG!M9)*1.8315) -> 3.663 | BB3: =IF(LPG!Q10-LPG!Q9<0,"0",(LPG!Q10-LPG!Q9)*1.8315) -> 7.326 | BC3: ='FS Desroches Daily'!CN5 -> 0
A4: Seychelles at Desroches Island | B4: 3 | C4: 5 | D4: 2022 | E4: ='FS Desroches Daily'!D6 -> 4000 | F4: ='FS Desroches Daily'!F6 -> 4100 | G4: ='FS Desroches Daily'!H6 -> 3800 | H4: ='FS Desroches Daily'!J6 -> 1900 | I4: ='FS Desroches Daily'!L6 -> 3100 | J4: ='FS Desroches Daily'!N6 -> 2500 | K4: ='FS Desroches Daily'!P6 -> 33 | L4: ='FS Desroches Daily'!R6 -> 6 | M4: ='FS Desroches Daily'!T6 -> 1.6 | N4: ='FS Desroches Daily'!V6 -> 554.4 | O4: ='FS Desroches Daily'!X7 -> 460 | P4: ='FS Desroches Daily'!Z6 -> 3600 | Q4: ='FS Desroches Daily'!AB6 -> 510 | R4: ='FS Desroches Daily'!AD6 -> 700 | S4: ='FS Desroches Daily'!AF6 -> 1200 | T4: ='FS Desroches Daily'!AH6 -> 42 | U4: ='FS Desroches Daily'!AJ6 -> 1000 | V4: ='FS Desroches Daily'!AL6 -> 300 | W4: ='FS Desroches Daily'!AN6 -> 320 | X4: ='FS Desroches Daily'!AP6 -> 350 | Y4: ='FS Desroches Daily'!AR6 -> 200 | Z4: ='FS Desroches Daily'!AT6 -> 290 | AA4: ='FS Desroches Daily'!AT6 -> 290 | AB4: ='FS Desroches Daily'!AV6 -> 280 | AC4: ='FS Desroches Daily'!AZ6 -> 180 | AD4: ='FS Desroches Daily'!BB6 -> 310 | AE4: ='FS Desroches Daily'!BD6 -> 160 | AF4: ='FS Desroches Daily'!BF6 -> 43 | AG4: ='FS Desroches Daily'!BH6 -> 50 | AH4: ='FS Desroches Daily'!BJ6 -> 40 | AI4: ='FS Desroches Daily'!BL6 -> 70 | AJ4: ='FS Desroches Daily'!BN6 -> 40 | AK4: ='FS Desroches Daily'!BP6 -> 70 | AL4: ='FS Desroches Daily'!BR6 -> 51 | AM4: ='FS Desroches Daily'!BT6 -> 60 | AN4: ='FS Desroches Daily'!BV6 -> 57 | AO4: ='FS Desroches Daily'!BX6 -> 50 | AP4: ='FS Desroches Daily'!BZ6 -> 53 | AQ4: ='FS Desroches Daily'!CB6 -> 69.1 | AR4: ='FS Desroches Daily'!CD6 -> 13.2 | AS4: ='FS Desroches Daily'!CF6 -> 2.4 | AT4: ='FS Desroches Daily'!CH6 -> 58.4 | AU4: ='FS Desroches Daily'!CJ6 -> 313 | AV4: ='FS Desroches Daily'!CL6 -> 980 | AW4: ='FS Desroches Daily'!CM6 -> 138.7 | AX4: =IF(LPG!F11-LPG!F10<0,"0",(LPG!F11-LPG!F10)*1.8315) -> 0 | AY4: =IF(LPG!G11-LPG!G10<0,"0",(LPG!G11-LPG!G10)*1.8315) -> 0 | AZ4: =IF(LPG!H13-LPG!H10<0,"0",(LPG!H13-LPG!H10)*1.8315) -> 18.315 | BA4: =IF(LPG!M11-LPG!M10<0,"0",(LPG!M11-LPG!M10)*1.8315) -> 5.4945 | BB4: =IF(LPG!Q11-LPG!Q10<0,"0",(LPG!Q11-LPG!Q10)*1.8315) -> 5.4945 | BC4: ='FS Desroches Daily'!CN6 -> 0
A5: Seychelles at Desroches Island | B5: 4 | C5: 5 | D5: 2022 | E5: ='FS Desroches Daily'!D7 -> 4300 | F5: ='FS Desroches Daily'!F7 -> 3900 | G5: ='FS Desroches Daily'!H7 -> 3800 | H5: ='FS Desroches Daily'!J7 -> 1900 | I5: ='FS Desroches Daily'!L7 -> 3200 | J5: ='FS Desroches Daily'!N7 -> 2500 | K5: ='FS Desroches Daily'!P7 -> 33 | L5: ='FS Desroches Daily'!R7 -> 7 | M5: ='FS Desroches Daily'!T7 -> 1.4 | N5: ='FS Desroches Daily'!V7 -> 473.3 | O5: ='FS Desroches Daily'!X8 -> 370 | P5: ='FS Desroches Daily'!Z7 -> 3100 | Q5: ='FS Desroches Daily'!AB7 -> 480 | R5: ='FS Desroches Daily'!AD7 -> 650 | S5: ='FS Desroches Daily'!AF7 -> 1190 | T5: ='FS Desroches Daily'!AH7 -> 36 | U5: ='FS Desroches Daily'!AJ7 -> 1180 | V5: ='FS Desroches Daily'!AL7 -> 310 | W5: ='FS Desroches Daily'!AN7 -> 330 | X5: ='FS Desroches Daily'!AP7 -> 390 | Y5: ='FS Desroches Daily'!AR7 -> 190 | Z5: ='FS Desroches Daily'!AT7 -> 280 | AA5: ='FS Desroches Daily'!AT7 -> 280 | AB5: ='FS Desroches Daily'!AV7 -> 290 | AC5: ='FS Desroches Daily'!AZ7 -> 220 | AD5: ='FS Desroches Daily'!BB7 -> 320 | AE5: ='FS Desroches Daily'!BD7 -> 180 | AF5: ='FS Desroches Daily'!BF7 -> 36 | AG5: ='FS Desroches Daily'!BH7 -> 40 | AH5: ='FS Desroches Daily'!BJ7 -> 40 | AI5: ='FS Desroches Daily'!BL7 -> 60 | AJ5: ='FS Desroches Daily'!BN7 -> 50 | AK5: ='FS Desroches Daily'!BP7 -> 60 | AL5: ='FS Desroches Daily'!BR7 -> 46 | AM5: ='FS Desroches Daily'!BT7 -> 60 | AN5: ='FS Desroches Daily'!BV7 -> 47 | AO5: ='FS Desroches Daily'!BX7 -> 50 | AP5: ='FS Desroches Daily'!BZ7 -> 47 | AQ5: ='FS Desroches Daily'!CB7 -> 68.3 | AR5: ='FS Desroches Daily'!CD7 -> 12.1 | AS5: ='FS Desroches Daily'!CF7 -> 2.6 | AT5: ='FS Desroches Daily'!CH7 -> 58.3 | AU5: ='FS Desroches Daily'!CJ7 -> 317 | AV5: ='FS Desroches Daily'!CL7 -> 960 | AW5: ='FS Desroches Daily'!CM7 -> 140.2 | AX5: =IF(LPG!F12-LPG!F11<0,"0",(LPG!F12-LPG!F11)*1.8315) -> 0 | AY5: =IF(LPG!G12-LPG!G11<0,"0",(LPG!G12-LPG!G11)*1.8315) -> 0 | AZ5: =IF(LPG!H12-LPG!H13<0,"0",(LPG!H12-LPG!H13)*1.8315) -> 0 | BA5: =IF(LPG!M12-LPG!M11<0,"0",(LPG!M12-LPG!M11)*1.8315) -> 5.4945 | BB5: =IF(LPG!Q12-LPG!Q11<0,"0",(LPG!Q12-LPG!Q11)*1.8315) -> 9.1575 | BC5: ='FS Desroches Daily'!CN7 -> 49
A6: Seychelles at Desroches Island | B6: 5 | C6: 5 | D6: 2022 | E6: ='FS Desroches Daily'!D8 -> 3000 | F6: ='FS Desroches Daily'!F8 -> 3000 | G6: ='FS Desroches Daily'!H8 -> 3500 | H6: ='FS Desroches Daily'!J8 -> 1200 | I6: ='FS Desroches Daily'!L8 -> 2800 | J6: ='FS Desroches Daily'!N8 -> 1900 | K6: ='FS Desroches Daily'!P8 -> 38 | L6: ='FS Desroches Daily'!R8 -> 6 | M6: ='FS Desroches Daily'!T8 -> 1.5 | N6: ='FS Desroches Daily'!V8 -> 539 | O6: ='FS Desroches Daily'!X8 -> 370 | P6: ='FS Desroches Daily'!Z8 -> 3100 | Q6: ='FS Desroches Daily'!AB8 -> 500 | R6: ='FS Desroches Daily'!AD8 -> 650 | S6: ='FS Desroches Daily'!AF8 -> 1240 | T6: ='FS Desroches Daily'!AH8 -> 39 | U6: ='FS Desroches Daily'!AJ8 -> 980 | V6: ='FS Desroches Daily'!AL8 -> 290 | W6: ='FS Desroches Daily'!AN8 -> 350 | X6: ='FS Desroches Daily'!AP8 -> 300 | Y6: ='FS Desroches Daily'!AR8 -> 200 | Z6: ='FS Desroches Daily'!AT8 -> 220 | AA6: ='FS Desroches Daily'!AT8 -> 220 | AB6: ='FS Desroches Daily'!AV8 -> 290 | AC6: ='FS Desroches Daily'!AZ8 -> 210 | AD6: ='FS Desroches Daily'!BB8 -> 330 | AE6: ='FS Desroches Daily'!BD8 -> 160 | AF6: ='FS Desroches Daily'!BF8 -> 49 | AG6: ='FS Desroches Daily'!BH8 -> 50 | AH6: ='FS Desroches Daily'!BJ8 -> 40 | AI6: ='FS Desroches Daily'!BL8 -> 50 | AJ6: ='FS Desroches Daily'!BN8 -> 40 | AK6: ='FS Desroches Daily'!BP8 -> 70 | AL6: ='FS Desroches Daily'!BR8 -> 45 | AM6: ='FS Desroches Daily'!BT8 -> 50 | AN6: ='FS Desroches Daily'!BV8 -> 47 | AO6: ='FS Desroches Daily'!BX8 -> 50 | AP6: ='FS Desroches Daily'!BZ8 -> 48 | AQ6: ='FS Desroches Daily'!CB8 -> 65.5 | AR6: ='FS Desroches Daily'!CD8 -> 19 | AS6: ='FS Desroches Daily'!CF8 -> 8.5 | AT6: ='FS Desroches Daily'!CH8 -> 54.2 | AU6: ='FS Desroches Daily'!CJ8 -> 286 | AV6: ='FS Desroches Daily'!CL8 -> 940 | AW6: ='FS Desroches Daily'!CM8 -> 152.8 | AX6: =IF(LPG!F13-LPG!F12<0,"0",(LPG!F13-LPG!F12)*1.8315) -> 0 | AY6: =IF(LPG!G13-LPG!G12<0,"0",(LPG!G13-LPG!G12)*1.8315) -> 0 | AZ6: 0 | BA6: =IF(LPG!M13-LPG!M12<0,"0",(LPG!M13-LPG!M12)*1.8315) -> 7.326 | BB6: =IF(LPG!Q13-LPG!Q12<0,"0",(LPG!Q13-LPG!Q12)*1.8315) -> 5.4945 | BC6: ='FS Desroches Daily'!CN8 -> 48
A7: Seychelles at Desroches Island | B7: 6 | C7: 5 | D7: 2022 | E7: ='FS Desroches Daily'!D9 -> 4800 | F7: ='FS Desroches Daily'!F9 -> 4000 | G7: ='FS Desroches Daily'!H9 -> 3600 | H7: ='FS Desroches Daily'!J9 -> 2500 | I7: ='FS Desroches Daily'!L9 -> 3200 | J7: ='FS Desroches Daily'!N9 -> 2900 | K7: ='FS Desroches Daily'!P9 -> 40 | L7: ='FS Desroches Daily'!R9 -> 6 | M7: ='FS Desroches Daily'!T9 -> 1.4 | N7: ='FS Desroches Daily'!V9 -> 461.3 | O7: ='FS Desroches Daily'!X9 -> 440 | P7: ='FS Desroches Daily'!Z9 -> 3500 | Q7: ='FS Desroches Daily'!AB9 -> 490 | R7: ='FS Desroches Daily'!AD9 -> 680 | S7: ='FS Desroches Daily'!AF9 -> 1230 | T7: ='FS Desroches Daily'!AH9 -> 34 | U7: ='FS Desroches Daily'!AJ9 -> 1060 | V7: ='FS Desroches Daily'!AL9 -> 320 | W7: ='FS Desroches Daily'!AN9 -> 380 | X7: ='FS Desroches Daily'!AP9 -> 240 | Y7: ='FS Desroches Daily'!AR9 -> 220 | Z7: ='FS Desroches Daily'!AT9 -> 300 | AA7: ='FS Desroches Daily'!AT9 -> 300 | AB7: ='FS Desroches Daily'!AV9 -> 270 | AC7: ='FS Desroches Daily'!AZ9 -> 220 | AD7: ='FS Desroches Daily'!BB9 -> 320 | AE7: ='FS Desroches Daily'!BD9 -> 150 | AF7: ='FS Desroches Daily'!BF9 -> 24 | AG7: ='FS Desroches Daily'!BH9 -> 50 | AH7: ='FS Desroches Daily'!BJ9 -> 30 | AI7: ='FS Desroches Daily'!BL9 -> 50 | AJ7: ='FS Desroches Daily'!BN9 -> 50 | AK7: ='FS Desroches Daily'!BP9 -> 60 | AL7: ='FS Desroches Daily'!BR9 -> 53 | AM7: ='FS Desroches Daily'!BT9 -> 50 | AN7: ='FS Desroches Daily'!BV9 -> 50 | AO7: ='FS Desroches Daily'!BX9 -> 50 | AP7: ='FS Desroches Daily'!BZ9 -> 49 | AQ7: ='FS Desroches Daily'!CB9 -> 74.9 | AR7: ='FS Desroches Daily'!CD9 -> 13.7 | AS7: ='FS Desroches Daily'!CF9 -> 2.4 | AT7: ='FS Desroches Daily'!CH9 -> 63.1 | AU7: ='FS Desroches Daily'!CJ9 -> 304 | AV7: ='FS Desroches Daily'!CL9 -> 950 | AW7: ='FS Desroches Daily'!CM9 -> 119.5 | AX7: =IF(LPG!F14-LPG!F13<0,"0",(LPG!F14-LPG!F13)*1.8315) -> 0 | AY7: =IF(LPG!G14-LPG!G13<0,"0",(LPG!G14-LPG!G13)*1.8315) -> 0 | AZ7: 0 | BA7: =IF(LPG!M14-LPG!M13<0,"0",(LPG!M14-LPG!M13)*1.8315) -> 5.4945 | BB7: =IF(LPG!Q14-LPG!Q13<0,"0",(LPG!Q14-LPG!Q13)*1.8315) -> 3.663 | BC7: ='FS Desroches Daily'!CN9 -> 50
A8: Seychelles at Desroches Island | B8: 7 | C8: 5 | D8: 2022 | E8: ='FS Desroches Daily'!D10 -> 3800 | F8: ='FS Desroches Daily'!F10 -> 4000 | G8: ='FS Desroches Daily'!H10 -> 3900 | H8: ='FS Desroches Daily'!J10 -> 1800 | I8: ='FS Desroches Daily'!L10 -> 2700 | J8: ='FS Desroches Daily'!N10 -> 2500 | K8: ='FS Desroches Daily'!P10 -> 41 | L8: ='FS Desroches Daily'!R10 -> 5 | M8: ='FS Desroches Daily'!T10 -> 1.4 | N8: ='FS Desroches Daily'!V10 -> 534.9 | O8: ='FS Desroches Daily'!X10 -> 370 | P8: ='FS Desroches Daily'!Z10 -> 3100 | Q8: ='FS Desroches Daily'!AB10 -> 470 | R8: ='FS Desroches Daily'!AD10 -> 590 | S8: ='FS Desroches Daily'!AF10 -> 1160 | T8: ='FS Desroches Daily'!AH10 -> 34 | U8: ='FS Desroches Daily'!AJ10 -> 950 | V8: ='FS Desroches Daily'!AL10 -> 280 | W8: ='FS Desroches Daily'!AN10 -> 300 | X8: ='FS Desroches Daily'!AP10 -> 270 | Y8: ='FS Desroches Daily'!AR10 -> 180 | Z8: ='FS Desroches Daily'!AT10 -> 390 | AA8: ='FS Desroches Daily'!AT10 -> 390 | AB8: ='FS Desroches Daily'!AV10 -> 270 | AC8: ='FS Desroches Daily'!AZ10 -> 180 | AD8: ='FS Desroches Daily'!BB10 -> 220 | AE8: ='FS Desroches Daily'!BD10 -> 160 | AF8: ='FS Desroches Daily'!BF10 -> 49 | AG8: ='FS Desroches Daily'!BH10 -> 50 | AH8: ='FS Desroches Daily'!BJ10 -> 40 | AI8: ='FS Desroches Daily'!BL10 -> 70 | AJ8: ='FS Desroches Daily'!BN10 -> 40 | AK8: ='FS Desroches Daily'!BP10 -> 70 | AL8: ='FS Desroches Daily'!BR10 -> 47 | AM8: ='FS Desroches Daily'!BT10 -> 60 | AN8: ='FS Desroches Daily'!BV10 -> 47 | AO8: ='FS Desroches Daily'!BX10 -> 50 | AP8: ='FS Desroches Daily'!BZ10 -> 46 | AQ8: ='FS Desroches Daily'!CB10 -> 68.8 | AR8: ='FS Desroches Daily'!CD10 -> 11.4 | AS8: ='FS Desroches Daily'!CF10 -> 3.2 | AT8: ='FS Desroches Daily'!CH10 -> 42.9 | AU8: ='FS Desroches Daily'!CJ10 -> 311 | AV8: ='FS Desroches Daily'!CL10 -> 920 | AW8: ='FS Desroches Daily'!CM10 -> 115.5 | AX8: =IF(LPG!F16-LPG!F14<0,"0",(LPG!F16-LPG!F14)*1.8315) -> 0 | AY8: =IF(LPG!G15-LPG!G14<0,"0",(LPG!G15-LPG!G14)*1.8315) -> 0 | AZ8: =IF(LPG!H16-LPG!H14<0,"0",(LPG!H16-LPG!H14)*1.8315) -> 12.8205 | BA8: =IF(LPG!M16-LPG!M14<0,"0",(LPG!M16-LPG!M14)*1.8315) -> 10.989 | BB8: =IF(LPG!Q15-LPG!Q14<0,"0",(LPG!Q15-LPG!Q14)*1.8315) -> 5.4945 | BC8: ='FS Desroches Daily'!CN10 -> 46
A9: Seychelles at Desroches Island | B9: 8 | C9: 5 | D9: 2022 | E9: ='FS Desroches Daily'!D11 -> 3900 | F9: ='FS Desroches Daily'!F11 -> 3200 | G9: ='FS Desroches Daily'!H11 -> 3800 | H9: ='FS Desroches Daily'!J11 -> 1900 | I9: ='FS Desroches Daily'!L11 -> 2600 | J9: ='FS Desroches Daily'!N11 -> 2500 | K9: ='FS Desroches Daily'!P11 -> 42 | L9: ='FS Desroches Daily'!R11 -> 7 | M9: ='FS Desroches Daily'!T11 -> 1.6 | N9: ='FS Desroches Daily'!V11 -> 457.4 | O9: ='FS Desroches Daily'!X11 -> 380 | P9: ='FS Desroches Daily'!Z11 -> 3100 | Q9: ='FS Desroches Daily'!AB11 -> 500 | R9: ='FS Desroches Daily'!AD11 -> 660 | S9: ='FS Desroches Daily'!AF11 -> 1210 | T9: ='FS Desroches Daily'!AH11 -> 38 | U9: ='FS Desroches Daily'!AJ11 -> 1070 | V9: ='FS Desroches Daily'!AL11 -> 310 | W9: ='FS Desroches Daily'!AN11 -> 320 | X9: ='FS Desroches Daily'!AP11 -> 280 | Y9: ='FS Desroches Daily'!AR11 -> 230 | Z9: ='FS Desroches Daily'!AT11 -> 370 | AA9: ='FS Desroches Daily'!AT11 -> 370 | AB9: ='FS Desroches Daily'!AV11 -> 390 | AC9: ='FS Desroches Daily'!AZ11 -> 220 | AD9: ='FS Desroches Daily'!BB11 -> 190 | AE9: ='FS Desroches Daily'!BD11 -> 170 | AF9: ='FS Desroches Daily'!BF11 -> 39 | AG9: ='FS Desroches Daily'!BH11 -> 40 | AH9: ='FS Desroches Daily'!BJ11 -> 40 | AI9: ='FS Desroches Daily'!BL11 -> 60 | AJ9: ='FS Desroches Daily'!BN11 -> 50 | AK9: ='FS Desroches Daily'!BP11 -> 70 | AL9: ='FS Desroches Daily'!BR11 -> 49 | AM9: ='FS Desroches Daily'!BT11 -> 60 | AN9: ='FS Desroches Daily'!BV11 -> 49 | AO9: ='FS Desroches Daily'!BX11 -> 50 | AP9: ='FS Desroches Daily'!BZ11 -> 53 | AQ9: ='FS Desroches Daily'!CB11 -> 70.5 | AR9: ='FS Desroches Daily'!CD11 -> 11.6 | AS9: ='FS Desroches Daily'!CF11 -> 26 | AT9: ='FS Desroches Daily'!CH11 -> 42.4 | AU9: ='FS Desroches Daily'!CJ11 -> 408 | AV9: ='FS Desroches Daily'!CL11 -> 1040 | AW9: ='FS Desroches Daily'!CM11 -> 131 | AX9: =IF(LPG!F17-LPG!F15<0,"0",(LPG!F17-LPG!F15)*1.8315) -> 0 | AY9: =IF(LPG!G16-LPG!G15<0,"0",(LPG!G16-LPG!G15)*1.8315) -> 0 | AZ9: =IF(LPG!H17-LPG!H15<0,"0",(LPG!H17-LPG!H15)*1.8315) -> 10.989 | BA9: =IF(LPG!M17-LPG!M15<0,"0",(LPG!M17-LPG!M15)*1.8315) -> 7.326 | BB9: =IF(LPG!Q16-LPG!Q15<0,"0",(LPG!Q16-LPG!Q15)*1.8315) -> 7.326 | BC9: ='FS Desroches Daily'!CN11 -> 43
A10: Seychelles at Desroches Island | B10: 9 | C10: 5 | D10: 2022 | E10: ='FS Desroches Daily'!D12 -> 4100 | F10: ='FS Desroches Daily'!F12 -> 3800 | G10: ='FS Desroches Daily'!H12 -> 3600 | H10: ='FS Desroches Daily'!J12 -> 1900 | I10: ='FS Desroches Daily'!L12 -> 2400 | J10: ='FS Desroches Daily'!N12 -> 2200 | K10: ='FS Desroches Daily'!P12 -> 40 | L10: ='FS Desroches Daily'!R12 -> 7 | M10: ='FS Desroches Daily'!T12 -> 1.6 | N10: ='FS Desroches Daily'!V12 -> 678.2 | O10: ='FS Desroches Daily'!X12 -> 410 | P10: ='FS Desroches Daily'!Z12 -> 3400 | Q10: ='FS Desroches Daily'!AB12 -> 470 | R10: ='FS Desroches Daily'!AD12 -> 610 | S10: ='FS Desroches Daily'!AF12 -> 1230 | T10: ='FS Desroches Daily'!AH12 -> 43 | U10: ='FS Desroches Daily'!AJ12 -> 1040 | V10: ='FS Desroches Daily'!AL12 -> 280 | W10: ='FS Desroches Daily'!AN12 -> 360 | X10: ='FS Desroches Daily'!AP12 -> 240 | Y10: ='FS Desroches Daily'!AR12 -> 380 | Z10: ='FS Desroches Daily'!AT12 -> 360 | AA10: ='FS Desroches Daily'!AT12 -> 360 | AB10: ='FS Desroches Daily'!AV12 -> 180 | AC10: ='FS Desroches Daily'!AZ12 -> 180 | AD10: ='FS Desroches Daily'!BB12 -> 210 | AE10: ='FS Desroches Daily'!BD12 -> 160 | AF10: ='FS Desroches Daily'!BF12 -> 36 | AG10: ='FS Desroches Daily'!BH12 -> 50 | AH10: ='FS Desroches Daily'!BJ12 -> 40 | AI10: ='FS Desroches Daily'!BL12 -> 70 | AJ10: ='FS Desroches Daily'!BN12 -> 50 | AK10: ='FS Desroches Daily'!BP12 -> 70 | AL10: ='FS Desroches Daily'!BR12 -> 55 | AM10: ='FS Desroches Daily'!BT12 -> 70 | AN10: ='FS Desroches Daily'!BV12 -> 51 | AO10: ='FS Desroches Daily'!BX12 -> 60 | AP10: ='FS Desroches Daily'!BZ12 -> 56 | AQ10: ='FS Desroches Daily'!CB12 -> 61 | AR10: ='FS Desroches Daily'!CD12 -> 12.9 | AS10: ='FS Desroches Daily'!CF12 -> 4.5 | AT10: ='FS Desroches Daily'!CH12 -> 54.8 | AU10: ='FS Desroches Daily'!CJ12 -> 263 | AV10: ='FS Desroches Daily'!CL12 -> 960 | AW10: ='FS Desroches Daily'!CM12 -> 141.8 | AX10: =IF(LPG!F18-LPG!F16<0,"0",(LPG!F18-LPG!F16)*1.8315) -> 0 | AY10: =IF(LPG!G17-LPG!G16<0,"0",(LPG!G17-LPG!G16)*1.8315) -> 0 | AZ10: =IF(LPG!H18-LPG!H16<0,"0",(LPG!H18-LPG!H16)*1.8315) -> 9.1575 | BA10: =IF(LPG!M18-LPG!M16<0,"0",(LPG!M18-LPG!M16)*1.8315) -> 5.4945 | BB10: =IF(LPG!Q17-LPG!Q16<0,"0",(LPG!Q17-LPG!Q16)*1.8315) -> 7.326 | BC10: ='FS Desroches Daily'!CN12 -> 43
A11: Seychelles at Desroches Island | B11: 10 | C11: 5 | D11: 2022 | E11: ='FS Desroches Daily'!D13 -> 3900 | F11: ='FS Desroches Daily'!F13 -> 3000 | G11: ='FS Desroches Daily'!H13 -> 3600 | H11: ='FS Desroches Daily'!J13 -> 1900 | I11: ='FS Desroches Daily'!L13 -> 2200 | J11: ='FS Desroches Daily'!N13 -> 2100 | K11: ='FS Desroches Daily'!P13 -> 35 | L11: ='FS Desroches Daily'!R13 -> 6 | M11: ='FS Desroches Daily'!T13 -> 1.5 | N11: ='FS Desroches Daily'!V13 -> 587.4 | O11: ='FS Desroches Daily'!X13 -> 340 | P11: ='FS Desroches Daily'!Z13 -> 2900 | Q11: ='FS Desroches Daily'!AB13 -> 280 | R11: ='FS Desroches Daily'!AD13 -> 510 | S11: ='FS Desroches Daily'!AF13 -> 1090 | T11: ='FS Desroches Daily'!AH13 -> 54 | U11: ='FS Desroches Daily'!AJ13 -> 980 | V11: ='FS Desroches Daily'!AL13 -> 280 | W11: ='FS Desroches Daily'!AN13 -> 320 | X11: ='FS Desroches Daily'!AP13 -> 210 | Y11: ='FS Desroches Daily'!AR13 -> 240 | Z11: ='FS Desroches Daily'!AT13 -> 340 | AA11: ='FS Desroches Daily'!AT13 -> 340 | AB11: ='FS Desroches Daily'!AV13 -> 260 | AC11: ='FS Desroches Daily'!AZ13 -> 170 | AD11: ='FS Desroches Daily'!BB13 -> 250 | AE11: ='FS Desroches Daily'!BD13 -> 170 | AF11: ='FS Desroches Daily'!BF13 -> 29 | AG11: ='FS Desroches Daily'!BH13 -> 40 | AH11: ='FS Desroches Daily'!BJ13 -> 40 | AI11: ='FS Desroches Daily'!BL13 -> 60 | AJ11: ='FS Desroches Daily'!BN13 -> 50 | AK11: ='FS Desroches Daily'!BP13 -> 70 | AL11: ='FS Desroches Daily'!BR13 -> 45 | AM11: ='FS Desroches Daily'!BT13 -> 60 | AN11: ='FS Desroches Daily'!BV13 -> 40 | AO11: ='FS Desroches Daily'!BX13 -> 50 | AP11: ='FS Desroches Daily'!BZ13 -> 48 | AQ11: ='FS Desroches Daily'!CB13 -> 62.8 | AR11: ='FS Desroches Daily'!CD13 -> 9 | AS11: ='FS Desroches Daily'!CF13 -> 0.1 | AT11: ='FS Desroches Daily'!CH13 -> 56.4 | AU11: ='FS Desroches Daily'!CJ13 -> 324 | AV11: ='FS Desroches Daily'!CL13 -> 940 | AW11: ='FS Desroches Daily'!CM13 -> 143.2 | AX11: =IF(LPG!F18-LPG!F17<0,"0",(LPG!F18-LPG!F17)*1.8315) -> 0 | AY11: =IF(LPG!G18-LPG!G17<0,"0",(LPG!G18-LPG!G17)*1.8315) -> 0 | AZ11: =IF(LPG!H18-LPG!H17<0,"0",(LPG!H18-LPG!H17)*1.8315) -> 5.4945 | BA11: =IF(LPG!M19-LPG!M17<0,"0",(LPG!M19-LPG!M17)*1.8315) -> 9.1575 | BB11: =IF(LPG!Q18-LPG!Q17<0,"0",(LPG!Q18-LPG!Q17)*1.8315) -> 7.326 | BC11: ='FS Desroches Daily'!CN13 -> 40
A12: Seychelles at Desroches Island | B12: 11 | C12: 5 | D12: 2022 | E12: ='FS Desroches Daily'!D14 -> 4000 | F12: ='FS Desroches Daily'!F14 -> 3600 | G12: ='FS Desroches Daily'!H14 -> 3600 | H12: ='FS Desroches Daily'!J14 -> 1800 | I12: ='FS Desroches Daily'!L14 -> 2100 | J12: ='FS Desroches Daily'!N14 -> 2300 | K12: ='FS Desroches Daily'!P14 -> 41 | L12: ='FS Desroches Daily'!R14 -> 6 | M12: ='FS Desroches Daily'!T14 -> 1.4 | N12: ='FS Desroches Daily'!V14 -> 592.1 | O12: ='FS Desroches Daily'!X14 -> 390 | P12: ='FS Desroches Daily'!Z14 -> 3000 | Q12: ='FS Desroches Daily'!AB14 -> 420 | R12: ='FS Desroches Daily'!AD14 -> 550 | S12: ='FS Desroches Daily'!AF14 -> 1120 | T12: ='FS Desroches Daily'!AH14 -> 62 | U12: ='FS Desroches Daily'!AJ14 -> 1080 | V12: ='FS Desroches Daily'!AL14 -> 350 | W12: ='FS Desroches Daily'!AN14 -> 350 | X12: ='FS Desroches Daily'!AP14 -> 230 | Y12: ='FS Desroches Daily'!AR14 -> 320 | Z12: ='FS Desroches Daily'!AT14 -> 390 | AA12: ='FS Desroches Daily'!AT14 -> 390 | AB12: ='FS Desroches Daily'!AV14 -> 280 | AC12: ='FS Desroches Daily'!AZ14 -> 240 | AD12: ='FS Desroches Daily'!BB14 -> 240 | AE12: ='FS Desroches Daily'!BD14 -> 170 | AF12: ='FS Desroches Daily'!BF14 -> 39 | AG12: ='FS Desroches Daily'!BH14 -> 40 | AH12: ='FS Desroches Daily'!BJ14 -> 30 | AI12: ='FS Desroches Daily'!BL14 -> 60 | AJ12: ='FS Desroches Daily'!BN14 -> 60 | AK12: ='FS Desroches Daily'!BP14 -> 70 | AL12: ='FS Desroches Daily'!BR14 -> 44 | AM12: ='FS Desroches Daily'!BT14 -> 50 | AN12: ='FS Desroches Daily'!BV14 -> 57 | AO12: ='FS Desroches Daily'!BX14 -> 50 | AP12: ='FS Desroches Daily'!BZ14 -> 50 | AQ12: ='FS Desroches Daily'!CB14 -> 60 | AR12: ='FS Desroches Daily'!CD14 -> 8.7 | AS12: ='FS Desroches Daily'!CF14 -> 5.5 | AT12: ='FS Desroches Daily'!CH14 -> 46.9 | AU12: ='FS Desroches Daily'!CJ14 -> 317 | AV12: ='FS Desroches Daily'!CL14 -> 910 | AW12: ='FS Desroches Daily'!CM14 -> 137.8 | AX12: =IF(LPG!F19-LPG!F18<0,"0",(LPG!F19-LPG!F18)*1.8315) -> 0 | AY12: =IF(LPG!G19-LPG!G18<0,"0",(LPG!G19-LPG!G18)*1.8315) -> 0 | AZ12: =IF(LPG!H19-LPG!H18<0,"0",(LPG!H19-LPG!H18)*1.8315) -> 7.326 | BA12: =IF(LPG!M19-LPG!M18<0,"0",(LPG!M19-LPG!M18)*1.8315) -> 3.663 | BB12: =IF(LPG!Q20-LPG!Q18<0,"0",(LPG!Q20-LPG!Q18)*1.8315) -> 14.652 | BC12: ='FS Desroches Daily'!CN14 -> 41
A13: Seychelles at Desroches Island | B13: 12 | C13: 5 | D13: 2022 | E13: ='FS Desroches Daily'!D15 -> 4400 | F13: ='FS Desroches Daily'!F15 -> 900 | G13: ='FS Desroches Daily'!H15 -> 3600 | H13: ='FS Desroches Daily'!J15 -> 1900 | I13: ='FS Desroches Daily'!L15 -> 2200 | J13: ='FS Desroches Daily'!N15 -> 2300 | K13: ='FS Desroches Daily'!P15 -> 42 | L13: ='FS Desroches Daily'!R15 -> 7 | M13: ='FS Desroches Daily'!T15 -> 1.3 | N13: ='FS Desroches Daily'!V15 -> 515.5 | O13: ='FS Desroches Daily'!X15 -> 400 | P13: ='FS Desroches Daily'!Z15 -> 3200 | Q13: ='FS Desroches Daily'!AB15 -> 440 | R13: ='FS Desroches Daily'!AD15 -> 570 | S13: ='FS Desroches Daily'!AF15 -> 1230 | T13: ='FS Desroches Daily'!AH15 -> 44 | U13: ='FS Desroches Daily'!AJ15 -> 1080 | V13: ='FS Desroches Daily'!AL15 -> 260 | W13: ='FS Desroches Daily'!AN15 -> 380 | X13: ='FS Desroches Daily'!AP15 -> 230 | Y13: ='FS Desroches Daily'!AR15 -> 280 | Z13: ='FS Desroches Daily'!AT15 -> 380 | AA13: ='FS Desroches Daily'!AT15 -> 380 | AB13: ='FS Desroches Daily'!AV15 -> 330 | AC13: ='FS Desroches Daily'!AZ15 -> 310 | AD13: ='FS Desroches Daily'!BB15 -> 240 | AE13: ='FS Desroches Daily'!BD15 -> 160 | AF13: ='FS Desroches Daily'!BF15 -> 37 | AG13: ='FS Desroches Daily'!BH15 -> 40 | AH13: ='FS Desroches Daily'!BJ15 -> 50 | AI13: ='FS Desroches Daily'!BL15 -> 80 | AJ13: ='FS Desroches Daily'!BN15 -> 60 | AK13: ='FS Desroches Daily'!BP15 -> 60 | AL13: ='FS Desroches Daily'!BR15 -> 50 | AM13: ='FS Desroches Daily'!BT15 -> 60 | AN13: ='FS Desroches Daily'!BV15 -> 57 | AO13: ='FS Desroches Daily'!BX15 -> 50 | AP13: ='FS Desroches Daily'!BZ15 -> 56 | AQ13: ='FS Desroches Daily'!CB15 -> 54.4 | AR13: ='FS Desroches Daily'!CD15 -> 13.7 | AS13: ='FS Desroches Daily'!CF15 -> 7.7 | AT13: ='FS Desroches Daily'!CH15 -> 49.8 | AU13: ='FS Desroches Daily'!CJ15 -> 325 | AV13: ='FS Desroches Daily'!CL15 -> 940 | AW13: ='FS Desroches Daily'!CM15 -> 139 | AX13: =IF(LPG!F20-LPG!F19<0,"0",(LPG!F20-LPG!F19)*1.8315) -> 0 | AY13: =IF(LPG!G20-LPG!G19<0,"0",(LPG!G20-LPG!G19)*1.8315) -> 137.3625 | AZ13: =IF(LPG!H20-LPG!H19<0,"0",(LPG!H20-LPG!H19)*1.8315) -> 5.4945 | BA13: =IF(LPG!M20-LPG!M19<0,"0",(LPG!M20-LPG!M19)*1.8315) -> 5.4945 | BB13: =IF(LPG!Q20-LPG!Q19<0,"0",(LPG!Q20-LPG!Q19)*1.8315) -> 1.8315 | BC13: ='FS Desroches Daily'!CN15 -> 49
A14: Seychelles at Desroches Island | B14: 13 | C14: 5 | D14: 2022 | E14: ='FS Desroches Daily'!D16 -> 4100 | F14: ='FS Desroches Daily'!F16 -> 5500 | G14: ='FS Desroches Daily'!H16 -> 3600 | H14: ='FS Desroches Daily'!J16 -> 1900 | I14: ='FS Desroches Daily'!L16 -> 2100 | J14: ='FS Desroches Daily'!N16 -> 2300 | K14: ='FS Desroches Daily'!P16 -> 43 | L14: ='FS Desroches Daily'!R16 -> 6 | M14: ='FS Desroches Daily'!T16 -> 1.4 | N14: ='FS Desroches Daily'!V16 -> 544.4 | O14: ='FS Desroches Daily'!X16 -> 370 | P14: ='FS Desroches Daily'!Z16 -> 3000 | Q14: ='FS Desroches Daily'!AB16 -> 440 | R14: ='FS Desroches Daily'!AD16 -> 560 | S14: ='FS Desroches Daily'!AF16 -> 1230 | T14: ='FS Desroches Daily'!AH16 -> 47 | U14: ='FS Desroches Daily'!AJ16 -> 1010 | V14: ='FS Desroches Daily'!AL16 -> 290 | W14: ='FS Desroches Daily'!AN16 -> 370 | X14: ='FS Desroches Daily'!AP16 -> 220 | Y14: ='FS Desroches Daily'!AR16 -> 310 | Z14: ='FS Desroches Daily'!AT16 -> 380 | AA14: ='FS Desroches Daily'!AT16 -> 380 | AB14: ='FS Desroches Daily'!AV16 -> 350 | AC14: ='FS Desroches Daily'!AZ16 -> 270 | AD14: ='FS Desroches Daily'!BB16 -> 630 | AE14: ='FS Desroches Daily'!BD16 -> 160 | AF14: ='FS Desroches Daily'!BF16 -> 40 | AG14: ='FS Desroches Daily'!BH16 -> 50 | AH14: ='FS Desroches Daily'!BJ16 -> 50 | AI14: ='FS Desroches Daily'!BL16 -> 70 | AJ14: ='FS Desroches Daily'!BN16 -> 50 | AK14: ='FS Desroches Daily'!BP16 -> 70 | AL14: ='FS Desroches Daily'!BR16 -> 45 | AM14: ='FS Desroches Daily'!BT16 -> 60 | AN14: ='FS Desroches Daily'!BV16 -> 38 | AO14: ='FS Desroches Daily'!BX16 -> 60 | AP14: ='FS Desroches Daily'!BZ16 -> 55 | AQ14: ='FS Desroches Daily'!CB16 -> 48.4 | AR14: ='FS Desroches Daily'!CD16 -> 12.4 | AS14: ='FS Desroches Daily'!CF16 -> 7.5 | AT14: ='FS Desroches Daily'!CH16 -> 80 | AU14: ='FS Desroches Daily'!CJ16 -> 334 | AV14: ='FS Desroches Daily'!CL16 -> 1200 | AW14: ='FS Desroches Daily'!CM16 -> 118 | AX14: =IF(LPG!F21-LPG!F20<0,"0",(LPG!F21-LPG!F20)*1.8315) -> 0 | AY14: =IF(LPG!G21-LPG!G20<0,"0",(LPG!G21-LPG!G20)*1.8315) -> 0 | AZ14: =IF(LPG!H21-LPG!H20<0,"0",(LPG!H21-LPG!H20)*1.8315) -> 0 | BA14: =IF(LPG!M21-LPG!M20<0,"0",(LPG!M21-LPG!M20)*1.8315) -> 3.663 | BB14: =IF(LPG!Q21-LPG!Q20<0,"0",(LPG!Q21-LPG!Q20)*1.8315) -> 1.8315 | BC14: ='FS Desroches Daily'!CN16 -> 45
A15: Seychelles at Desroches Island | B15: 14 | C15: 5 | D15: 2022 | E15: ='FS Desroches Daily'!D17 -> 4000 | F15: ='FS Desroches Daily'!F17 -> 3000 | G15: ='FS Desroches Daily'!H17 -> 3700 | H15: ='FS Desroches Daily'!J17 -> 2000 | I15: ='FS Desroches Daily'!L17 -> 2100 | J15: ='FS Desroches Daily'!N17 -> 2300 | K15: ='FS Desroches Daily'!P17 -> 41 | L15: ='FS Desroches Daily'!R17 -> 7 | M15: ='FS Desroches Daily'!T17 -> 1.5 | N15: ='FS Desroches Daily'!V17 -> 574.9 | O15: ='FS Desroches Daily'!X17 -> 370 | P15: ='FS Desroches Daily'!Z17 -> 3100 | Q15: ='FS Desroches Daily'!AB17 -> 430 | R15: ='FS Desroches Daily'!AD17 -> 620 | S15: ='FS Desroches Daily'!AF17 -> 1190 | T15: ='FS Desroches Daily'!AH17 -> 42 | U15: ='FS Desroches Daily'!AJ17 -> 970 | V15: ='FS Desroches Daily'!AL17 -> 320 | W15: ='FS Desroches Daily'!AN17 -> 340 | X15: ='FS Desroches Daily'!AP17 -> 220 | Y15: ='FS Desroches Daily'!AR17 -> 436.5 | Z15: ='FS Desroches Daily'!AT17 -> 400 | AA15: ='FS Desroches Daily'!AT17 -> 400 | AB15: ='FS Desroches Daily'!AV17 -> 390 | AC15: ='FS Desroches Daily'!AZ17 -> 290 | AD15: ='FS Desroches Daily'!BB17 -> 40 | AE15: ='FS Desroches Daily'!BD17 -> 170 | AF15: ='FS Desroches Daily'!BF17 -> 28 | AG15: ='FS Desroches Daily'!BH17 -> 60 | AH15: ='FS Desroches Daily'!BJ17 -> 50 | AI15: ='FS Desroches Daily'!BL17 -> 70 | AJ15: ='FS Desroches Daily'!BN17 -> 50 | AK15: ='FS Desroches Daily'!BP17 -> 80 | AL15: ='FS Desroches Daily'!BR17 -> 46 | AM15: ='FS Desroches Daily'!BT17 -> 70 | AN15: ='FS Desroches Daily'!BV17 -> 59 | AO15: ='FS Desroches Daily'!BX17 -> 50 | AP15: ='FS Desroches Daily'!BZ17 -> 60 | AQ15: ='FS Desroches Daily'!CB17 -> 48.3 | AR15: ='FS Desroches Daily'!CD17 -> 15 | AS15: ='FS Desroches Daily'!CF17 -> 4.5 | AT15: ='FS Desroches Daily'!CH17 -> 26.8 | AU15: ='FS Desroches Daily'!CJ17 -> 349 | AV15: ='FS Desroches Daily'!CL17 -> 600 | AW15: ='FS Desroches Daily'!CM17 -> 120 | AX15: =IF(LPG!F22-LPG!F21<0,"0",(LPG!F22-LPG!F21)*1.8315) -> 0 | AY15: =IF(LPG!G22-LPG!G21<0,"0",(LPG!G22-LPG!G21)*1.8315) -> 0 | AZ15: =IF(LPG!H22-LPG!H21<0,"0",(LPG!H22-LPG!H21)*1.8315) -> 14.652 | BA15: =IF(LPG!M22-LPG!M21<0,"0",(LPG!M22-LPG!M21)*1.8315) -> 5.4945 | BB15: =IF(LPG!Q22-LPG!Q21<0,"0",(LPG!Q22-LPG!Q21)*1.8315) -> 7.326 | BC15: ='FS Desroches Daily'!CN17 -> 45
A16: Seychelles at Desroches Island | B16: 15 | C16: 5 | D16: 2022 | E16: ='FS Desroches Daily'!D18 -> 4000 | F16: ='FS Desroches Daily'!F18 -> 4000 | G16: ='FS Desroches Daily'!H18 -> 3800 | H16: ='FS Desroches Daily'!J18 -> 1800 | I16: ='FS Desroches Daily'!L18 -> 2100 | J16: ='FS Desroches Daily'!N18 -> 2300 | K16: ='FS Desroches Daily'!P18 -> 40 | L16: ='FS Desroches Daily'!R18 -> 6 | M16: ='FS Desroches Daily'!T18 -> 1.8 | N16: ='FS Desroches Daily'!V18 -> 662.3 | O16: ='FS Desroches Daily'!X18 -> 420 | P16: ='FS Desroches Daily'!Z18 -> 3100 | Q16: ='FS Desroches Daily'!AB18 -> 450 | R16: ='FS Desroches Daily'!AD18 -> 630 | S16: ='FS Desroches Daily'!AF18 -> 1160 | T16: ='FS Desroches Daily'!AH18 -> 48 | U16: ='FS Desroches Daily'!AJ18 -> 850 | V16: ='FS Desroches Daily'!AL18 -> 260 | W16: ='FS Desroches Daily'!AN18 -> 230 | X16: ='FS Desroches Daily'!AP18 -> 240 | Y16: ='FS Desroches Daily'!AR18 -> 300 | Z16: ='FS Desroches Daily'!AT18 -> 360 | AA16: ='FS Desroches Daily'!AT18 -> 360 | AB16: ='FS Desroches Daily'!AV18 -> 380 | AC16: ='FS Desroches Daily'!AZ18 -> 300 | AD16: ='FS Desroches Daily'!BB18 -> 50 | AE16: ='FS Desroches Daily'!BD18 -> 180 | AF16: ='FS Desroches Daily'!BF18 -> 57 | AG16: ='FS Desroches Daily'!BH18 -> 50 | AH16: ='FS Desroches Daily'!BJ18 -> 30 | AI16: ='FS Desroches Daily'!BL18 -> 80 | AJ16: ='FS Desroches Daily'!BN18 -> 50 | AK16: ='FS Desroches Daily'!BP18 -> 70 | AL16: ='FS Desroches Daily'!BR18 -> 46 | AM16: ='FS Desroches Daily'!BT18 -> 50 | AN16: ='FS Desroches Daily'!BV18 -> 50 | AO16: ='FS Desroches Daily'!BX18 -> 60 | AP16: ='FS Desroches Daily'!BZ18 -> 56 | AQ16: ='FS Desroches Daily'!CB18 -> 43.1 | AR16: ='FS Desroches Daily'!CD18 -> 11.3 | AS16: ='FS Desroches Daily'!CF18 -> 1.8 | AT16: ='FS Desroches Daily'!CH18 -> 47.3 | AU16: ='FS Desroches Daily'!CJ18 -> 332 | AV16: ='FS Desroches Daily'!CL18 -> 1120 | AW16: ='FS Desroches Daily'!CM18 -> 124 | AX16: =IF(LPG!F23-LPG!F22<0,"0",(LPG!F23-LPG!F22)*1.8315) -> 0 | AY16: =IF(LPG!G23-LPG!G22<0,"0",(LPG!G23-LPG!G22)*1.8315) -> 0 | AZ16: =IF(LPG!H23-LPG!H22<0,"0",(LPG!H23-LPG!H22)*1.8315) -> 5.4945 | BA16: =IF(LPG!M23-LPG!M22<0,"0",(LPG!M23-LPG!M22)*1.8315) -> 3.663 | BB16: =IF(LPG!Q23-LPG!Q22<0,"0",(LPG!Q23-LPG!Q22)*1.8315) -> 7.326 | BC16: ='FS Desroches Daily'!CN18 -> 40
A17: Seychelles at Desroches Island | B17: 16 | C17: 5 | D17: 2022 | E17: ='FS Desroches Daily'!D19 -> 3600 | F17: ='FS Desroches Daily'!F19 -> 4000 | G17: ='FS Desroches Daily'!H19 -> 3500 | H17: ='FS Desroches Daily'!J19 -> 1900 | I17: ='FS Desroches Daily'!L19 -> 2000 | J17: ='FS Desroches Daily'!N19 -> 2100 | K17: ='FS Desroches Daily'!P19 -> 33 | L17: ='FS Desroches Daily'!R19 -> 5 | M17: ='FS Desroches Daily'!T19 -> 1.2 | N17: ='FS Desroches Daily'!V19 -> 440.1 | O17: ='FS Desroches Daily'!X19 -> 320 | P17: ='FS Desroches Daily'!Z19 -> 3000 | Q17: ='FS Desroches Daily'!AB19 -> 420 | R17: ='FS Desroches Daily'!AD19 -> 520 | S17: ='FS Desroches Daily'!AF19 -> 1010 | T17: ='FS Desroches Daily'!AH19 -> 37 | U17: ='FS Desroches Daily'!AJ19 -> 780 | V17: ='FS Desroches Daily'!AL19 -> 230 | W17: ='FS Desroches Daily'!AN19 -> 220 | X17: ='FS Desroches Daily'!AP19 -> 200 | Y17: ='FS Desroches Daily'!AR19 -> 250 | Z17: ='FS Desroches Daily'!AU20 -> 346.72 | AA17: ='FS Desroches Daily'!AU20 -> 346.72 | AB17: ='FS Desroches Daily'!AV19 -> 340 | AC17: ='FS Desroches Daily'!AZ19 -> 230 | AD17: ='FS Desroches Daily'!BB19 -> 230 | AE17: ='FS Desroches Daily'!BD19 -> 100 | AF17: ='FS Desroches Daily'!BF19 -> 21 | AG17: ='FS Desroches Daily'!BH19 -> 40 | AH17: ='FS Desroches Daily'!BJ19 -> 30 | AI17: ='FS Desroches Daily'!BL19 -> 60 | AJ17: ='FS Desroches Daily'!BN19 -> 50 | AK17: ='FS Desroches Daily'!BP19 -> 70 | AL17: ='FS Desroches Daily'!BR19 -> 46 | AM17: ='FS Desroches Daily'!BT19 -> 50 | AN17: ='FS Desroches Daily'!BV19 -> 51 | AO17: ='FS Desroches Daily'!BX19 -> 50 | AP17: ='FS Desroches Daily'!BZ19 -> 49 | AQ17: ='FS Desroches Daily'!CB19 -> 50.4 | AR17: ='FS Desroches Daily'!CD19 -> 10 | AS17: ='FS Desroches Daily'!CF19 -> 5.1 | AT17: ='FS Desroches Daily'!CH19 -> 39.4 | AU17: ='FS Desroches Daily'!CJ19 -> 332 | AV17: ='FS Desroches Daily'!CL19 -> 890 | AW17: ='FS Desroches Daily'!CM19 -> 122 | AX17: =IF(LPG!F24-LPG!F23<0,"0",(LPG!F24-LPG!F23)*1.8315) -> 0 | AY17: =IF(LPG!G24-LPG!G23<0,"0",(LPG!G24-LPG!G23)*1.8315) -> 0 | AZ17: =IF(LPG!H24-LPG!H23<0,"0",(LPG!H24-LPG!H23)*1.8315) -> 5.4945 | BA17: =IF(LPG!M24-LPG!M23<0,"0",(LPG!M24-LPG!M23)*1.8315) -> 0 | BB17: =IF(LPG!Q24-LPG!Q23<0,"0",(LPG!Q24-LPG!Q23)*1.8315) -> 5.4945 | BC17: ='FS Desroches Daily'!CN19 -> 37
A18: Seychelles at Desroches Island | B18: 17 | C18: 5 | D18: 2022 | E18: ='FS Desroches Daily'!D20 -> 2700 | F18: ='FS Desroches Daily'!F20 -> 2700 | G18: ='FS Desroches Daily'!H20 -> 3500 | H18: ='FS Desroches Daily'!J20 -> 1500 | I18: ='FS Desroches Daily'!L20 -> 2000 | J18: ='FS Desroches Daily'!N20 -> 1600 | K18: ='FS Desroches Daily'!P20 -> 18 | L18: ='FS Desroches Daily'!R20 -> 3 | M18: ='FS Desroches Daily'!T20 -> 1.2 | N18: ='FS Desroches Daily'!V20 -> 421.6 | O18: ='FS Desroches Daily'!X20 -> 300 | P18: ='FS Desroches Daily'!Z20 -> 2900 | Q18: ='FS Desroches Daily'!AB20 -> 220 | R18: ='FS Desroches Daily'!AD20 -> 440 | S18: ='FS Desroches Daily'!AF20 -> 860 | T18: ='FS Desroches Daily'!AH20 -> 30 | U18: ='FS Desroches Daily'!AJ20 -> 660 | V18: ='FS Desroches Daily'!AL20 -> 190 | W18: ='FS Desroches Daily'!AN20 -> 190 | X18: ='FS Desroches Daily'!AP20 -> 180 | Y18: ='FS Desroches Daily'!AR20 -> 240 | Z18: ='FS Desroches Daily'!AT20 -> 300 | AA18: ='FS Desroches Daily'!AT20 -> 300 | AB18: ='FS Desroches Daily'!AV20 -> 260 | AC18: ='FS Desroches Daily'!AZ20 -> 160 | AD18: ='FS Desroches Daily'!BB20 -> 150 | AE18: ='FS Desroches Daily'!BD20 -> 50 | AF18: ='FS Desroches Daily'!BF20 -> 36 | AG18: ='FS Desroches Daily'!BH20 -> 40 | AH18: ='FS Desroches Daily'!BJ20 -> 30 | AI18: ='FS Desroches Daily'!BL20 -> 60 | AJ18: ='FS Desroches Daily'!BN20 -> 50 | AK18: ='FS Desroches Daily'!BP20 -> 50 | AL18: ='FS Desroches Daily'!BR20 -> 38 | AM18: ='FS Desroches Daily'!BT20 -> 40 | AN18: ='FS Desroches Daily'!BV20 -> 43 | AO18: ='FS Desroches Daily'!BX20 -> 30 | AP18: ='FS Desroches Daily'!BZ20 -> 39 | AQ18: ='FS Desroches Daily'!CB20 -> 50.3 | AR18: ='FS Desroches Daily'!CD20 -> 10.6 | AS18: ='FS Desroches Daily'!CF20 -> 2.6 | AT18: ='FS Desroches Daily'!CH20 -> 49.1 | AU18: ='FS Desroches Daily'!CJ20 -> 280 | AV18: ='FS Desroches Daily'!CL20 -> 950 | AW18: ='FS Desroches Daily'!CM20 -> 96 | AX18: =IF(LPG!F25-LPG!F24<0,"0",(LPG!F25-LPG!F24)*1.8315) -> 0 | AY18: =IF(LPG!G25-LPG!G24<0,"0",(LPG!G25-LPG!G24)*1.8315) -> 0 | AZ18: =IF(LPG!H25-LPG!H24<0,"0",(LPG!H25-LPG!H24)*1.8315) -> 5.4945 | BA18: =IF(LPG!M25-LPG!M24<0,"0",(LPG!M25-LPG!M24)*1.8315) -> 1.8315 | BB18: =IF(LPG!Q25-LPG!Q24<0,"0",(LPG!Q25-LPG!Q24)*1.8315) -> 7.326 | BC18: ='FS Desroches Daily'!CN20 -> 38
A19: Seychelles at Desroches Island | B19: 18 | C19: 5 | D19: 2022 | E19: ='FS Desroches Daily'!D21 -> 3400 | F19: ='FS Desroches Daily'!F21 -> 3300 | G19: ='FS Desroches Daily'!H21 -> 3300 | H19: ='FS Desroches Daily'!J21 -> 1800 | I19: ='FS Desroches Daily'!L21 -> 2100 | J19: ='FS Desroches Daily'!N21 -> 2200 | K19: ='FS Desroches Daily'!P21 -> 29 | L19: ='FS Desroches Daily'!R21 -> 6 | M19: ='FS Desroches Daily'!T21 -> 1.2 | N19: ='FS Desroches Daily'!V21 -> 464.6 | O19: ='FS Desroches Daily'!X21 -> 340 | P19: ='FS Desroches Daily'!Z21 -> 2900 | Q19: ='FS Desroches Daily'!AB21 -> 400 | R19: ='FS Desroches Daily'!AD21 -> 540 | S19: ='FS Desroches Daily'!AF21 -> 1060 | T19: ='FS Desroches Daily'!AH21 -> 35 | U19: ='FS Desroches Daily'!AJ21 -> 770 | V19: ='FS Desroches Daily'!AL21 -> 250 | W19: ='FS Desroches Daily'!AN21 -> 340 | X19: ='FS Desroches Daily'!AP21 -> 240 | Y19: ='FS Desroches Daily'!AR21 -> 330 | Z19: ='FS Desroches Daily'!AT21 -> 350 | AA19: ='FS Desroches Daily'!AT21 -> 350 | AB19: ='FS Desroches Daily'!AV21 -> 350 | AC19: ='FS Desroches Daily'!AZ21 -> 180 | AD19: ='FS Desroches Daily'!BB21 -> 200 | AE19: ='FS Desroches Daily'!BD21 -> 70 | AF19: ='FS Desroches Daily'!BF21 -> 27 | AG19: ='FS Desroches Daily'!BH21 -> 50 | AH19: ='FS Desroches Daily'!BJ21 -> 40 | AI19: ='FS Desroches Daily'!BL21 -> 70 | AJ19: ='FS Desroches Daily'!BN21 -> 60 | AK19: ='FS Desroches Daily'!BP21 -> 70 | AL19: ='FS Desroches Daily'!BR21 -> 43 | AM19: ='FS Desroches Daily'!BT21 -> 50 | AN19: ='FS Desroches Daily'!BV21 -> 53 | AO19: ='FS Desroches Daily'!BX21 -> 50 | AP19: ='FS Desroches Daily'!BZ21 -> 48 | AQ19: ='FS Desroches Daily'!CB21 -> 47 | AR19: ='FS Desroches Daily'!CD21 -> 9.7 | AS19: ='FS Desroches Daily'!CF21 -> 5.7 | AT19: ='FS Desroches Daily'!CH21 -> 47.1 | AU19: ='FS Desroches Daily'!CJ21 -> 295 | AV19: ='FS Desroches Daily'!CL21 -> 910 | AW19: ='FS Desroches Daily'!CM21 -> 92 | AX19: =IF(LPG!F26-LPG!F25<0,"0",(LPG!F26-LPG!F25)*1.8315) -> 0 | AY19: =IF(LPG!G26-LPG!G25<0,"0",(LPG!G26-LPG!G25)*1.8315) -> 0 | AZ19: =IF(LPG!H26-LPG!H25<0,"0",(LPG!H26-LPG!H25)*1.8315) -> 3.663 | BA19: =IF(LPG!M26-LPG!M25<0,"0",(LPG!M26-LPG!M25)*1.8315) -> 3.663 | BB19: =IF(LPG!Q26-LPG!Q25<0,"0",(LPG!Q26-LPG!Q25)*1.8315) -> 3.663 | BC19: ='FS Desroches Daily'!CN21 -> 40
A20: Seychelles at Desroches Island | B20: 19 | C20: 5 | D20: 2022 | E20: ='FS Desroches Daily'!D22 -> 3300 | F20: ='FS Desroches Daily'!F22 -> 3000 | G20: ='FS Desroches Daily'!H22 -> 3700 | H20: ='FS Desroches Daily'!J22 -> 1700 | I20: ='FS Desroches Daily'!L22 -> 2100 | J20: ='FS Desroches Daily'!N22 -> 2000 | K20: ='FS Desroches Daily'!P22 -> 30 | L20: ='FS Desroches Daily'!R22 -> 5 | M20: ='FS Desroches Daily'!T22 -> 1.6 | N20: ='FS Desroches Daily'!V22 -> 636.4 | O20: ='FS Desroches Daily'!X22 -> 360 | P20: ='FS Desroches Daily'!Z22 -> 2800 | Q20: ='FS Desroches Daily'!AB22 -> 450 | R20: ='FS Desroches Daily'!AD22 -> 420 | S20: ='FS Desroches Daily'!AF22 -> 1050 | T20: ='FS Desroches Daily'!AH22 -> 32 | U20: ='FS Desroches Daily'!AJ22 -> 730 | V20: ='FS Desroches Daily'!AL22 -> 290 | W20: ='FS Desroches Daily'!AN22 -> 270 | X20: ='FS Desroches Daily'!AP22 -> 190 | Y20: ='FS Desroches Daily'!AR22 -> 180 | Z20: ='FS Desroches Daily'!AT22 -> 380 | AA20: ='FS Desroches Daily'!AT22 -> 380 | AB20: ='FS Desroches Daily'!AV22 -> 350 | AC20: ='FS Desroches Daily'!AZ22 -> 150 | AD20: ='FS Desroches Daily'!BB22 -> 160 | AE20: ='FS Desroches Daily'!BD22 -> 60 | AF20: ='FS Desroches Daily'!BF22 -> 34 | AG20: ='FS Desroches Daily'!BH22 -> 40 | AH20: ='FS Desroches Daily'!BJ22 -> 30 | AI20: ='FS Desroches Daily'!BL22 -> 60 | AJ20: ='FS Desroches Daily'!BN22 -> 50 | AK20: ='FS Desroches Daily'!BP22 -> 70 | AL20: ='FS Desroches Daily'!BR22 -> 40 | AM20: ='FS Desroches Daily'!BT22 -> 50 | AN20: ='FS Desroches Daily'!BV22 -> 43 | AO20: ='FS Desroches Daily'!BX22 -> 50 | AP20: ='FS Desroches Daily'!BZ22 -> 42 | AQ20: ='FS Desroches Daily'!CB22 -> 36.3 | AR20: ='FS Desroches Daily'!CD22 -> 8.6 | AS20: ='FS Desroches Daily'!CF22 -> 4.7 | AT20: ='FS Desroches Daily'!CH22 -> 35.5 | AU20: ='FS Desroches Daily'!CJ22 -> 269 | AV20: ='FS Desroches Daily'!CL22 -> 820 | AW20: ='FS Desroches Daily'!CM22 -> 98 | AX20: =IF(LPG!F27-LPG!F26<0,"0",(LPG!F27-LPG!F26)*1.8315) -> 0 | AY20: =IF(LPG!G27-LPG!G26<0,"0",(LPG!G27-LPG!G26)*1.8315) -> 0 | AZ20: =IF(LPG!H27-LPG!H26<0,"0",(LPG!H27-LPG!H26)*1.8315) -> 5.4945 | BA20: =IF(LPG!M27-LPG!M26<0,"0",(LPG!M27-LPG!M26)*1.8315) -> 3.663 | BB20: =IF(LPG!Q27-LPG!Q26<0,"0",(LPG!Q27-LPG!Q26)*1.8315) -> 16.4835 | BC20: ='FS Desroches Daily'!CN22 -> 27
A21: Seychelles at Desroches Island | B21: 20 | C21: 5 | D21: 2022 | E21: ='FS Desroches Daily'!D23 -> 3200 | F21: ='FS Desroches Daily'!F23 -> 3500 | G21: ='FS Desroches Daily'!H23 -> 3200 | H21: ='FS Desroches Daily'!J23 -> 1700 | I21: ='FS Desroches Daily'!L23 -> 2000 | J21: ='FS Desroches Daily'!N23 -> 1900 | K21: ='FS Desroches Daily'!P23 -> 27 | L21: ='FS Desroches Daily'!R23 -> 4 | M21: ='FS Desroches Daily'!T23 -> 1.3 | N21: ='FS Desroches Daily'!V23 -> 560.8 | O21: ='FS Desroches Daily'!X23 -> 330 | P21: ='FS Desroches Daily'!Z23 -> 2800 | Q21: ='FS Desroches Daily'!AB23 -> 420 | R21: ='FS Desroches Daily'!AD23 -> 370 | S21: ='FS Desroches Daily'!AF23 -> 950 | T21: ='FS Desroches Daily'!AH23 -> 36 | U21: ='FS Desroches Daily'!AJ23 -> 880 | V21: ='FS Desroches Daily'!AL23 -> 280 | W21: ='FS Desroches Daily'!AN23 -> 250 | X21: ='FS Desroches Daily'!AP23 -> 200 | Y21: ='FS Desroches Daily'!AR23 -> 170 | Z21: ='FS Desroches Daily'!AT23 -> 280 | AA21: ='FS Desroches Daily'!AT23 -> 280 | AB21: ='FS Desroches Daily'!AV23 -> 340 | AC21: ='FS Desroches Daily'!AZ23 -> 160 | AD21: ='FS Desroches Daily'!BB23 -> 150 | AE21: ='FS Desroches Daily'!BD23 -> 120 | AF21: ='FS Desroches Daily'!BF23 -> 32 | AG21: ='FS Desroches Daily'!BH23 -> 40 | AH21: ='FS Desroches Daily'!BJ23 -> 40 | AI21: ='FS Desroches Daily'!BL23 -> 70 | AJ21: ='FS Desroches Daily'!BN23 -> 40 | AK21: ='FS Desroches Daily'!BP23 -> 70 | AL21: ='FS Desroches Daily'!BR23 -> 44 | AM21: ='FS Desroches Daily'!BT23 -> 60 | AN21: ='FS Desroches Daily'!BV23 -> 47 | AO21: ='FS Desroches Daily'!BX23 -> 50 | AP21: ='FS Desroches Daily'!BZ23 -> 45 | AQ21: ='FS Desroches Daily'!CB23 -> 41.7 | AR21: ='FS Desroches Daily'!CD23 -> 11.4 | AS21: ='FS Desroches Daily'!CF23 -> 2 | AT21: ='FS Desroches Daily'!CH23 -> 55.7 | AU21: ='FS Desroches Daily'!CJ23 -> 318 | AV21: ='FS Desroches Daily'!CL23 -> 760 | AW21: ='FS Desroches Daily'!CM23 -> 99 | AX21: =IF(LPG!F28-LPG!F27<0,"0",(LPG!F28-LPG!F27)*1.8315) -> 0 | AY21: =IF(LPG!G28-LPG!G27<0,"0",(LPG!G28-LPG!G27)*1.8315) -> 0 | AZ21: =IF(LPG!H28-LPG!H27<0,"0",(LPG!H28-LPG!H27)*1.8315) -> 7.326 | BA21: =IF(LPG!M28-LPG!M27<0,"0",(LPG!M28-LPG!M27)*1.8315) -> 0 | BB21: =IF(LPG!Q28-LPG!Q27<0,"0",(LPG!Q28-LPG!Q27)*1.8315) -> 0 | BC21: ='FS Desroches Daily'!CN23 -> 27
A22: Seychelles at Desroches Island | B22: 21 | C22: 5 | D22: 2022 | E22: ='FS Desroches Daily'!D24 -> 2900 | F22: ='FS Desroches Daily'!F24 -> 3100 | G22: ='FS Desroches Daily'!H24 -> 3200 | H22: ='FS Desroches Daily'!J24 -> 1700 | I22: ='FS Desroches Daily'!L24 -> 2200 | J22: ='FS Desroches Daily'!N24 -> 1700 | K22: ='FS Desroches Daily'!P24 -> 25 | L22: ='FS Desroches Daily'!R24 -> 5 | M22: ='FS Desroches Daily'!T24 -> 1.1 | N22: ='FS Desroches Daily'!V24 -> 465.5 | O22: ='FS Desroches Daily'!X24 -> 350 | P22: ='FS Desroches Daily'!Z24 -> 3000 | Q22: ='FS Desroches Daily'!AB24 -> 270 | R22: ='FS Desroches Daily'!AD24 -> 440 | S22: ='FS Desroches Daily'!AF24 -> 990 | T22: ='FS Desroches Daily'!AH24 -> 30 | U22: ='FS Desroches Daily'!AJ24 -> 880 | V22: ='FS Desroches Daily'!AL24 -> 310 | W22: ='FS Desroches Daily'!AN24 -> 260 | X22: ='FS Desroches Daily'!AP24 -> 190 | Y22: ='FS Desroches Daily'!AR24 -> 180 | Z22: ='FS Desroches Daily'!AT24 -> 140 | AA22: ='FS Desroches Daily'!AT24 -> 140 | AB22: ='FS Desroches Daily'!AV24 -> 140 | AC22: ='FS Desroches Daily'!AZ24 -> 150 | AD22: ='FS Desroches Daily'!BB24 -> 140 | AE22: ='FS Desroches Daily'!BD24 -> 120 | AF22: ='FS Desroches Daily'!BF24 -> 42 | AG22: ='FS Desroches Daily'!BH24 -> 50 | AH22: ='FS Desroches Daily'!BJ24 -> 40 | AI22: ='FS Desroches Daily'!BL24 -> 60 | AJ22: ='FS Desroches Daily'!BN24 -> 50 | AK22: ='FS Desroches Daily'!BP24 -> 70 | AL22: ='FS Desroches Daily'!BR24 -> 39 | AM22: ='FS Desroches Daily'!BT24 -> 50 | AN22: ='FS Desroches Daily'!BV24 -> 43 | AO22: ='FS Desroches Daily'!BX24 -> 40 | AP22: ='FS Desroches Daily'!BZ24 -> 48 | AQ22: ='FS Desroches Daily'!CB24 -> 46.5 | AR22: ='FS Desroches Daily'!CD24 -> 11.6 | AS22: ='FS Desroches Daily'!CF24 -> 4 | AT22: ='FS Desroches Daily'!CH24 -> 45.5 | AU22: ='FS Desroches Daily'!CJ24 -> 289 | AV22: ='FS Desroches Daily'!CL24 -> 850 | AW22: ='FS Desroches Daily'!CM24 -> 96.3 | AX22: =IF(LPG!F29-LPG!F28<0,"0",(LPG!F29-LPG!F28)*1.8315) -> 0 | AY22: =IF(LPG!G29-LPG!G28<0,"0",(LPG!G29-LPG!G28)*1.8315) -> 0 | AZ22: =IF(LPG!H29-LPG!H28<0,"0",(LPG!H29-LPG!H28)*1.8315) -> 5.4945 | BA22: =IF(LPG!M29-LPG!M28<0,"0",(LPG!M29-LPG!M28)*1.8315) -> 5.4945 | BB22: =IF(LPG!Q29-LPG!Q28<0,"0",(LPG!Q29-LPG!Q28)*1.8315) -> 9.1575 | BC22: ='FS Desroches Daily'!CN24 -> 27
A23: Seychelles at Desroches Island | B23: 22 | C23: 5 | D23: 2022 | E23: ='FS Desroches Daily'!D25 -> 2300 | F23: ='FS Desroches Daily'!F25 -> 3000 | G23: ='FS Desroches Daily'!H25 -> 3000 | H23: ='FS Desroches Daily'!J25 -> 1600 | I23: ='FS Desroches Daily'!L25 -> 2000 | J23: ='FS Desroches Daily'!N25 -> 1900 | K23: ='FS Desroches Daily'!P25 -> 44 | L23: ='FS Desroches Daily'!R25 -> 4 | M23: ='FS Desroches Daily'!T25 -> 1.2 | N23: ='FS Desroches Daily'!V25 -> 418.9 | O23: ='FS Desroches Daily'!X25 -> 310 | P23: ='FS Desroches Daily'!Z25 -> 2800 | Q23: ='FS Desroches Daily'!AB25 -> 420 | R23: ='FS Desroches Daily'!AD25 -> 440 | S23: ='FS Desroches Daily'!AF25 -> 1060 | T23: ='FS Desroches Daily'!AH25 -> 27 | U23: ='FS Desroches Daily'!AJ25 -> 800 | V23: ='FS Desroches Daily'!AL25 -> 280 | W23: ='FS Desroches Daily'!AN25 -> 230 | X23: ='FS Desroches Daily'!AP25 -> 160 | Y23: ='FS Desroches Daily'!AR25 -> 140 | Z23: ='FS Desroches Daily'!AT25 -> 90 | AA23: ='FS Desroches Daily'!AT25 -> 90 | AB23: ='FS Desroches Daily'!AV25 -> 50 | AC23: ='FS Desroches Daily'!AZ25 -> 140 | AD23: ='FS Desroches Daily'!BB25 -> 120 | AE23: ='FS Desroches Daily'!BD25 -> 110 | AF23: ='FS Desroches Daily'!BF25 -> 17 | AG23: ='FS Desroches Daily'!BH25 -> 40 | AH23: ='FS Desroches Daily'!BJ25 -> 40 | AI23: ='FS Desroches Daily'!BL25 -> 50 | AJ23: ='FS Desroches Daily'!BN25 -> 40 | AK23: ='FS Desroches Daily'!BP25 -> 60 | AL23: ='FS Desroches Daily'!BR25 -> 37 | AM23: ='FS Desroches Daily'!BT25 -> 50 | AN23: ='FS Desroches Daily'!BV25 -> 42 | AO23: ='FS Desroches Daily'!BX25 -> 40 | AP23: ='FS Desroches Daily'!BZ25 -> 46 | AQ23: ='FS Desroches Daily'!CB25 -> 46.5 | AR23: ='FS Desroches Daily'!CD25 -> 8.5 | AS23: ='FS Desroches Daily'!CF25 -> 9.2 | AT23: ='FS Desroches Daily'!CH25 -> 47.4 | AU23: ='FS Desroches Daily'!CJ25 -> 280 | AV23: ='FS Desroches Daily'!CL25 -> 810 | AW23: ='FS Desroches Daily'!CM25 -> 94.7 | AX23: =IF(LPG!F30-LPG!F29<0,"0",(LPG!F30-LPG!F29)*1.8315) -> 0 | AY23: =IF(LPG!G30-LPG!G29<0,"0",(LPG!G30-LPG!G29)*1.8315) -> 0 | AZ23: =IF(LPG!H30-LPG!H29<0,"0",(LPG!H30-LPG!H29)*1.8315) -> 1.8315 | BA23: =IF(LPG!M30-LPG!M29<0,"0",(LPG!M30-LPG!M29)*1.8315) -> 3.663 | BB23: =IF(LPG!Q30-LPG!Q29<0,"0",(LPG!Q30-LPG!Q29)*1.8315) -> 3.663 | BC23: ='FS Desroches Daily'!CN25 -> 0
A24: Seychelles at Desroches Island | B24: 23 | C24: 5 | D24: 2022 | E24: ='FS Desroches Daily'!D26 -> 2600 | F24: ='FS Desroches Daily'!F26 -> 3300 | G24: ='FS Desroches Daily'!H26 -> 3200 | H24: ='FS Desroches Daily'!J26 -> 1600 | I24: ='FS Desroches Daily'!L26 -> 2200 | J24: ='FS Desroches Daily'!N26 -> 2100 | K24: ='FS Desroches Daily'!P26 -> 8 | L24: ='FS Desroches Daily'!R26 -> 5 | M24: ='FS Desroches Daily'!T26 -> 1.1 | N24: ='FS Desroches Daily'!V26 -> 411 | O24: ='FS Desroches Daily'!X26 -> 280 | P24: ='FS Desroches Daily'!Z26 -> 2700 | Q24: ='FS Desroches Daily'!AB26 -> 390 | R24: ='FS Desroches Daily'!AD26 -> 500 | S24: ='FS Desroches Daily'!AF26 -> 920 | T24: ='FS Desroches Daily'!AH26 -> 26 | U24: ='FS Desroches Daily'!AJ26 -> 710 | V24: ='FS Desroches Daily'!AL26 -> 250 | W24: ='FS Desroches Daily'!AN26 -> 190 | X24: ='FS Desroches Daily'!AP26 -> 130 | Y24: ='FS Desroches Daily'!AR26 -> 140 | Z24: ='FS Desroches Daily'!AT26 -> 130 | AA24: ='FS Desroches Daily'!AT26 -> 130 | AB24: ='FS Desroches Daily'!AV26 -> 100 | AC24: ='FS Desroches Daily'!AZ26 -> 100 | AD24: ='FS Desroches Daily'!BB26 -> 110 | AE24: ='FS Desroches Daily'!BD26 -> 70 | AF24: ='FS Desroches Daily'!BF26 -> 39 | AG24: ='FS Desroches Daily'!BH26 -> 40 | AH24: ='FS Desroches Daily'!BJ26 -> 30 | AI24: ='FS Desroches Daily'!BL26 -> 60 | AJ24: ='FS Desroches Daily'!BN26 -> 50 | AK24: ='FS Desroches Daily'!BP26 -> 60 | AL24: ='FS Desroches Daily'!BR26 -> 35 | AM24: ='FS Desroches Daily'!BT26 -> 60 | AN24: ='FS Desroches Daily'!BV26 -> 47 | AO24: ='FS Desroches Daily'!BX26 -> 50 | AP24: ='FS Desroches Daily'!BZ26 -> 44 | AQ24: ='FS Desroches Daily'!CB26 -> 46 | AR24: ='FS Desroches Daily'!CD26 -> 8.9 | AS24: ='FS Desroches Daily'!CF26 -> 4.9 | AT24: ='FS Desroches Daily'!CH26 -> 40.8 | AU24: ='FS Desroches Daily'!CJ26 -> 300 | AV24: ='FS Desroches Daily'!CL26 -> 820 | AW24: ='FS Desroches Daily'!CM26 -> 101 | AX24: =IF(LPG!F31-LPG!F30<0,"0",(LPG!F31-LPG!F30)*1.8315) -> 0 | AY24: =IF(LPG!G31-LPG!G30<0,"0",(LPG!G31-LPG!G30)*1.8315) -> 0 | AZ24: =IF(LPG!H31-LPG!H30<0,"0",(LPG!H31-LPG!H30)*1.8315) -> 7.326 | BA24: =IF(LPG!M31-LPG!M30<0,"0",(LPG!M31-LPG!M30)*1.8315) -> 0 | BB24: =IF(LPG!Q31-LPG!Q30<0,"0",(LPG!Q31-LPG!Q30)*1.8315) -> 5.4945 | BC24: ='FS Desroches Daily'!CN26 -> 35
A25: Seychelles at Desroches Island | B25: 24 | C25: 5 | D25: 2022 | E25: ='FS Desroches Daily'!D27 -> 3000 | F25: ='FS Desroches Daily'!F27 -> 3100 | G25: ='FS Desroches Daily'!H27 -> 3600 | H25: ='FS Desroches Daily'!J27 -> 1600 | I25: ='FS Desroches Daily'!L27 -> 1700 | J25: ='FS Desroches Daily'!N27 -> 1800 | K25: ='FS Desroches Daily'!P27 -> 22 | L25: ='FS Desroches Daily'!R27 -> 4 | M25: ='FS Desroches Daily'!T27 -> 1 | N25: ='FS Desroches Daily'!V27 -> 409.5 | O25: ='FS Desroches Daily'!X27 -> 330 | P25: ='FS Desroches Daily'!Z27 -> 2900 | Q25: ='FS Desroches Daily'!AB27 -> 290 | R25: ='FS Desroches Daily'!AD27 -> 470 | S25: ='FS Desroches Daily'!AF27 -> 930 | T25: ='FS Desroches Daily'!AH27 -> 31 | U25: ='FS Desroches Daily'!AJ27 -> 770 | V25: ='FS Desroches Daily'!AL27 -> 310 | W25: ='FS Desroches Daily'!AN27 -> 240 | X25: ='FS Desroches Daily'!AP27 -> 230 | Y25: ='FS Desroches Daily'!AR27 -> 160 | Z25: ='FS Desroches Daily'!AT27 -> 190 | AA25: ='FS Desroches Daily'!AT27 -> 190 | AB25: ='FS Desroches Daily'!AV27 -> 160 | AC25: ='FS Desroches Daily'!AZ27 -> 130 | AD25: ='FS Desroches Daily'!BB27 -> 120 | AE25: ='FS Desroches Daily'!BD27 -> 70 | AF25: ='FS Desroches Daily'!BF27 -> 26 | AG25: ='FS Desroches Daily'!BH27 -> 30 | AH25: ='FS Desroches Daily'!BJ27 -> 30 | AI25: ='FS Desroches Daily'!BL27 -> 60 | AJ25: ='FS Desroches Daily'!BN27 -> 40 | AK25: ='FS Desroches Daily'!BP27 -> 60 | AL25: ='FS Desroches Daily'!BR27 -> 36 | AM25: ='FS Desroches Daily'!BT27 -> 40 | AN25: ='FS Desroches Daily'!BV27 -> 44 | AO25: ='FS Desroches Daily'!BX27 -> 40 | AP25: ='FS Desroches Daily'!BZ27 -> 44 | AQ25: ='FS Desroches Daily'!CB27 -> 38.8 | AR25: ='FS Desroches Daily'!CD27 -> 10.9 | AS25: ='FS Desroches Daily'!CF27 -> 2.1 | AT25: ='FS Desroches Daily'!CH27 -> 48 | AU25: ='FS Desroches Daily'!CJ27 -> 302 | AV25: ='FS Desroches Daily'!CL27 -> 860 | AW25: ='FS Desroches Daily'!CM27 -> 94 | AX25: =IF(LPG!F32-LPG!F31<0,"0",(LPG!F32-LPG!F31)*1.8315) -> 0 | AY25: =IF(LPG!G32-LPG!G31<0,"0",(LPG!G32-LPG!G31)*1.8315) -> 0 | AZ25: =IF(LPG!H32-LPG!H31<0,"0",(LPG!H32-LPG!H31)*1.8315) -> 3.663 | BA25: =IF(LPG!M32-LPG!M31<0,"0",(LPG!M32-LPG!M31)*1.8315) -> 5.4945 | BB25: =IF(LPG!Q32-LPG!Q31<0,"0",(LPG!Q32-LPG!Q31)*1.8315) -> 9.1575 | BC25: ='FS Desroches Daily'!CN27 -> 25
A26: Seychelles at Desroches Island | B26: 25 | C26: 5 | D26: 2022 | E26: ='FS Desroches Daily'!D28 -> 2000 | F26: ='FS Desroches Daily'!F28 -> 3000 | G26: ='FS Desroches Daily'!H28 -> 3000 | H26: ='FS Desroches Daily'!J28 -> 1700 | I26: ='FS Desroches Daily'!L28 -> 3000 | J26: ='FS Desroches Daily'!N28 -> 2000 | K26: ='FS Desroches Daily'!P28 -> 23 | L26: ='FS Desroches Daily'!R28 -> 4 | M26: ='FS Desroches Daily'!T28 -> 1.1 | N26: ='FS Desroches Daily'!V28 -> 380.3 | O26: ='FS Desroches Daily'!X28 -> 300 | P26: ='FS Desroches Daily'!Z28 -> 2700 | Q26: ='FS Desroches Daily'!AB28 -> 420 | R26: ='FS Desroches Daily'!AD28 -> 500 | S26: ='FS Desroches Daily'!AF28 -> 910 | T26: ='FS Desroches Daily'!AH28 -> 34 | U26: ='FS Desroches Daily'!AJ28 -> 740 | V26: ='FS Desroches Daily'!AL28 -> 310 | W26: ='FS Desroches Daily'!AN28 -> 230 | X26: ='FS Desroches Daily'!AP28 -> 200 | Y26: ='FS Desroches Daily'!AR28 -> 150 | Z26: ='FS Desroches Daily'!AT28 -> 160 | AA26: ='FS Desroches Daily'!AT28 -> 160 | AB26: ='FS Desroches Daily'!AV28 -> 130 | AC26: ='FS Desroches Daily'!AZ28 -> 140 | AD26: ='FS Desroches Daily'!BB28 -> 130 | AE26: ='FS Desroches Daily'!BD28 -> 60 | AF26: ='FS Desroches Daily'!BF28 -> 32 | AG26: ='FS Desroches Daily'!BH28 -> 40 | AH26: ='FS Desroches Daily'!BJ28 -> 30 | AI26: ='FS Desroches Daily'!BL28 -> 50 | AJ26: ='FS Desroches Daily'!BN28 -> 50 | AK26: ='FS Desroches Daily'!BP28 -> 60 | AL26: ='FS Desroches Daily'!BR28 -> 33 | AM26: ='FS Desroches Daily'!BT28 -> 50 | AN26: ='FS Desroches Daily'!BV28 -> 39 | AO26: ='FS Desroches Daily'!BX28 -> 50 | AP26: ='FS Desroches Daily'!BZ28 -> 41 | AQ26: ='FS Desroches Daily'!CB28 -> 47.7 | AR26: ='FS Desroches Daily'!CD28 -> 9.8 | AS26: ='FS Desroches Daily'!CF28 -> 1.1 | AT26: ='FS Desroches Daily'!CH28 -> 43.2 | AU26: ='FS Desroches Daily'!CJ28 -> 305 | AV26: ='FS Desroches Daily'!CL28 -> 1020 | AW26: ='FS Desroches Daily'!CM28 -> 86 | AX26: =IF(LPG!F33-LPG!F32<0,"0",(LPG!F33-LPG!F32)*1.8315) -> 0 | AY26: =IF(LPG!G33-LPG!G32<0,"0",(LPG!G33-LPG!G32)*1.8315) -> 0 | AZ26: =IF(LPG!H33-LPG!H32<0,"0",(LPG!H33-LPG!H32)*1.8315) -> 5.4945 | BA26: =IF(LPG!M33-LPG!M32<0,"0",(LPG!M33-LPG!M32)*1.8315) -> 5.4945 | BB26: =IF(LPG!Q33-LPG!Q32<0,"0",(LPG!Q33-LPG!Q32)*1.8315) -> 5.4945 | BC26: ='FS Desroches Daily'!CN28 -> 25
A27: Seychelles at Desroches Island | B27: 26 | C27: 5 | D27: 2022 | E27: ='FS Desroches Daily'!D29 -> 3400 | F27: ='FS Desroches Daily'!F29 -> 3000 | G27: ='FS Desroches Daily'!H29 -> 3000 | H27: ='FS Desroches Daily'!J29 -> 1800 | I27: ='FS Desroches Daily'!L29 -> 0 | J27: ='FS Desroches Daily'!N29 -> 2000 | K27: ='FS Desroches Daily'!P29 -> 30 | L27: ='FS Desroches Daily'!R29 -> 5 | M27: ='FS Desroches Daily'!T29 -> 1.3 | N27: ='FS Desroches Daily'!V29 -> 486.1 | O27: ='FS Desroches Daily'!X29 -> 350 | P27: ='FS Desroches Daily'!Z29 -> 3000 | Q27: ='FS Desroches Daily'!AB29 -> 440 | R27: ='FS Desroches Daily'!AD29 -> 550 | S27: ='FS Desroches Daily'!AF29 -> 1110 | T27: ='FS Desroches Daily'!AH29 -> 37 | U27: ='FS Desroches Daily'!AJ29 -> 890 | V27: ='FS Desroches Daily'!AL29 -> 340 | W27: ='FS Desroches Daily'!AN29 -> 290 | X27: ='FS Desroches Daily'!AP29 -> 250 | Y27: ='FS Desroches Daily'!AR29 -> 200 | Z27: ='FS Desroches Daily'!AT29 -> 180 | AA27: ='FS Desroches Daily'!AT29 -> 180 | AB27: ='FS Desroches Daily'!AV29 -> 160 | AC27: ='FS Desroches Daily'!AZ29 -> 240 | AD27: ='FS Desroches Daily'!BB29 -> 160 | AE27: ='FS Desroches Daily'!BD29 -> 70 | AF27: ='FS Desroches Daily'!BF29 -> 39 | AG27: ='FS Desroches Daily'!BH29 -> 40 | AH27: ='FS Desroches Daily'!BJ29 -> 30 | AI27: ='FS Desroches Daily'!BL29 -> 40 | AJ27: ='FS Desroches Daily'!BN29 -> 40 | AK27: ='FS Desroches Daily'!BP29 -> 50 | AL27: ='FS Desroches Daily'!BR29 -> 36 | AM27: ='FS Desroches Daily'!BT29 -> 60 | AN27: ='FS Desroches Daily'!BV29 -> 47 | AO27: ='FS Desroches Daily'!BX29 -> 40 | AP27: ='FS Desroches Daily'!BZ29 -> 43 | AQ27: ='FS Desroches Daily'!CB29 -> 48.1 | AR27: ='FS Desroches Daily'!CD29 -> 10.3 | AS27: ='FS Desroches Daily'!CF29 -> 12 | AT27: ='FS Desroches Daily'!CH29 -> 44.3 | AU27: ='FS Desroches Daily'!CJ29 -> 315 | AV27: ='FS Desroches Daily'!CL29 -> 890 | AW27: ='FS Desroches Daily'!CM29 -> 84 | AX27: =IF(LPG!F35-LPG!F33<0,"0",(LPG!F35-LPG!F33)*1.8315) -> 0 | AY27: =IF(LPG!G34-LPG!G33<0,"0",(LPG!G34-LPG!G33)*1.8315) -> 0 | AZ27: =IF(LPG!H35-LPG!H33<0,"0",(LPG!H35-LPG!H33)*1.8315) -> 9.1575 | BA27: =IF(LPG!M35-LPG!M33<0,"0",(LPG!M35-LPG!M33)*1.8315) -> 5.4945 | BB27: =IF(LPG!Q34-LPG!Q33<0,"0",(LPG!Q34-LPG!Q33)*1.8315) -> 7.326 | BC27: ='FS Desroches Daily'!CN29 -> 33
A28: Seychelles at Desroches Island | B28: 27 | C28: 5 | D28: 2022 | E28: ='FS Desroches Daily'!D30 -> 2600 | F28: ='FS Desroches Daily'!F30 -> 4000 | G28: ='FS Desroches Daily'!H30 -> 3000 | H28: ='FS Desroches Daily'!J30 -> 1300 | I28: ='FS Desroches Daily'!L30 -> 4000 | J28: ='FS Desroches Daily'!N30 -> 2000 | K28: ='FS Desroches Daily'!P30 -> 19 | L28: ='FS Desroches Daily'!R30 -> 4 | M28: ='FS Desroches Daily'!T30 -> 1.1 | N28: ='FS Desroches Daily'!V30 -> 370.2 | O28: ='FS Desroches Daily'!X30 -> 370 | P28: ='FS Desroches Daily'!Z30 -> 2600 | Q28: ='FS Desroches Daily'!AB30 -> 390 | R28: ='FS Desroches Daily'!AD30 -> 490 | S28: ='FS Desroches Daily'!AF30 -> 900 | T28: ='FS Desroches Daily'!AH30 -> 30 | U28: ='FS Desroches Daily'!AJ30 -> 730 | V28: ='FS Desroches Daily'!AL30 -> 280 | W28: ='FS Desroches Daily'!AN30 -> 160 | X28: ='FS Desroches Daily'!AP30 -> 190 | Y28: ='FS Desroches Daily'!AR30 -> 160 | Z28: ='FS Desroches Daily'!AT30 -> 180 | AA28: ='FS Desroches Daily'!AT30 -> 180 | AB28: ='FS Desroches Daily'!AV30 -> 120 | AC28: ='FS Desroches Daily'!AZ30 -> 190 | AD28: ='FS Desroches Daily'!BB30 -> 130 | AE28: ='FS Desroches Daily'!BD30 -> 80 | AF28: ='FS Desroches Daily'!BF30 -> 25 | AG28: ='FS Desroches Daily'!BH30 -> 30 | AH28: ='FS Desroches Daily'!BJ30 -> 30 | AI28: ='FS Desroches Daily'!BL30 -> 30 | AJ28: ='FS Desroches Daily'!BN30 -> 40 | AK28: ='FS Desroches Daily'!BP30 -> 80 | AL28: ='FS Desroches Daily'!BR30 -> 28 | AM28: ='FS Desroches Daily'!BT30 -> 40 | AN28: ='FS Desroches Daily'!BV30 -> 38 | AO28: ='FS Desroches Daily'!BX30 -> 30 | AP28: ='FS Desroches Daily'!BZ30 -> 39 | AQ28: ='FS Desroches Daily'!CB30 -> 46.4 | AR28: ='FS Desroches Daily'!CD30 -> 10.3 | AS28: ='FS Desroches Daily'!CF30 -> 1.8 | AT28: ='FS Desroches Daily'!CH30 -> 47.5 | AU28: ='FS Desroches Daily'!CJ30 -> 312 | AV28: ='FS Desroches Daily'!CL30 -> 910 | AW28: ='FS Desroches Daily'!CM30 -> 88 | AX28: =IF(LPG!F36-LPG!F34<0,"0",(LPG!F36-LPG!F34)*1.8315) -> 0 | AY28: =IF(LPG!G35-LPG!G34<0,"0",(LPG!G35-LPG!G34)*1.8315) -> 0 | AZ28: =IF(LPG!H36-LPG!H34<0,"0",(LPG!H36-LPG!H34)*1.8315) -> 10.989 | BA28: =IF(LPG!M36-LPG!M34<0,"0",(LPG!M36-LPG!M34)*1.8315) -> 5.4945 | BB28: =IF(LPG!Q35-LPG!Q34<0,"0",(LPG!Q35-LPG!Q34)*1.8315) -> 5.4945 | BC28: ='FS Desroches Daily'!CN30 -> 0
A29: Seychelles at Desroches Island | B29: 28 | C29: 5 | D29: 2022 | E29: ='FS Desroches Daily'!D31 -> 3000 | F29: ='FS Desroches Daily'!F31 -> 3000 | G29: ='FS Desroches Daily'!H31 -> 4000 | H29: ='FS Desroches Daily'!J31 -> 1700 | I29: ='FS Desroches Daily'!L31 -> 3000 | J29: ='FS Desroches Daily'!N31 -> 2000 | K29: ='FS Desroches Daily'!P31 -> 24 | L29: ='FS Desroches Daily'!R31 -> 5 | M29: ='FS Desroches Daily'!T31 -> 1.3 | N29: ='FS Desroches Daily'!V31 -> 442 | O29: ='FS Desroches Daily'!X31 -> 360 | P29: ='FS Desroches Daily'!Z31 -> 2900 | Q29: ='FS Desroches Daily'!AB31 -> 270 | R29: ='FS Desroches Daily'!AD31 -> 520 | S29: ='FS Desroches Daily'!AF31 -> 1000 | T29: ='FS Desroches Daily'!AH31 -> 38 | U29: ='FS Desroches Daily'!AJ31 -> 690 | V29: ='FS Desroches Daily'!AL31 -> 310 | W29: ='FS Desroches Daily'!AN31 -> 300 | X29: ='FS Desroches Daily'!AP31 -> 210 | Y29: ='FS Desroches Daily'!AR31 -> 140 | Z29: ='FS Desroches Daily'!AT31 -> 290 | AA29: ='FS Desroches Daily'!AT31 -> 290 | AB29: ='FS Desroches Daily'!AV31 -> 140 | AC29: ='FS Desroches Daily'!AZ31 -> 220 | AD29: ='FS Desroches Daily'!BB31 -> 150 | AE29: ='FS Desroches Daily'!BD31 -> 100 | AF29: ='FS Desroches Daily'!BF31 -> 40 | AG29: ='FS Desroches Daily'!BH31 -> 50 | AH29: ='FS Desroches Daily'!BJ31 -> 40 | AI29: ='FS Desroches Daily'!BL31 -> 40 | AJ29: ='FS Desroches Daily'!BN31 -> 40 | AK29: ='FS Desroches Daily'!BP31 -> 20 | AL29: ='FS Desroches Daily'!BR31 -> 35 | AM29: ='FS Desroches Daily'!BT31 -> 40 | AN29: ='FS Desroches Daily'!BV31 -> 34 | AO29: ='FS Desroches Daily'!BX31 -> 50 | AP29: ='FS Desroches Daily'!BZ31 -> 53 | AQ29: ='FS Desroches Daily'!CB31 -> 64.2 | AR29: ='FS Desroches Daily'!CD31 -> 10.7 | AS29: ='FS Desroches Daily'!CF31 -> 2.7 | AT29: ='FS Desroches Daily'!CH31 -> 46.1 | AU29: ='FS Desroches Daily'!CJ31 -> 299 | AV29: ='FS Desroches Daily'!CL31 -> 1000 | AW29: ='FS Desroches Daily'!CM31 -> 102 | AX29: =IF(LPG!F37-LPG!F35<0,"0",(LPG!F37-LPG!F35)*1.8315) -> 0 | AY29: =IF(LPG!G36-LPG!G35<0,"0",(LPG!G36-LPG!G35)*1.8315) -> 0 | AZ29: =IF(LPG!H37-LPG!H35<0,"0",(LPG!H37-LPG!H35)*1.8315) -> 10.989 | BA29: =IF(LPG!M37-LPG!M35<0,"0",(LPG!M37-LPG!M35)*1.8315) -> 10.989 | BB29: =IF(LPG!Q36-LPG!Q35<0,"0",(LPG!Q36-LPG!Q35)*1.8315) -> 3.663 | BC29: ='FS Desroches Daily'!CN31 -> 29
A30: Seychelles at Desroches Island | B30: 29 | C30: 5 | D30: 2022 | E30: ='FS Desroches Daily'!D32 -> 3000 | F30: ='FS Desroches Daily'!F32 -> 3000 | G30: ='FS Desroches Daily'!H32 -> 3000 | H30: ='FS Desroches Daily'!J32 -> 1600 | I30: ='FS Desroches Daily'!L32 -> 2000 | J30: ='FS Desroches Daily'!N32 -> 1800 | K30: ='FS Desroches Daily'!P32 -> 30 | L30: ='FS Desroches Daily'!R32 -> 4 | M30: ='FS Desroches Daily'!T32 -> 0.9 | N30: ='FS Desroches Daily'!V32 -> 435.6 | O30: ='FS Desroches Daily'!X32 -> 370 | P30: ='FS Desroches Daily'!Z32 -> 3100 | Q30: ='FS Desroches Daily'!AB32 -> 390 | R30: ='FS Desroches Daily'!AD32 -> 510 | S30: ='FS Desroches Daily'!AF32 -> 880 | T30: ='FS Desroches Daily'!AH32 -> 41 | U30: ='FS Desroches Daily'!AJ32 -> 740 | V30: ='FS Desroches Daily'!AL32 -> 330 | W30: ='FS Desroches Daily'!AN32 -> 170 | X30: ='FS Desroches Daily'!AP32 -> 210 | Y30: ='FS Desroches Daily'!AR32 -> 170 | Z30: ='FS Desroches Daily'!AT32 -> 280 | AA30: ='FS Desroches Daily'!AT32 -> 280 | AB30: ='FS Desroches Daily'!AV32 -> 140 | AC30: ='FS Desroches Daily'!AZ32 -> 140 | AD30: ='FS Desroches Daily'!BB32 -> 20 | AE30: ='FS Desroches Daily'!BD32 -> 100 | AF30: ='FS Desroches Daily'!BF32 -> 32 | AG30: ='FS Desroches Daily'!BH32 -> 30 | AH30: ='FS Desroches Daily'!BJ32 -> 30 | AI30: ='FS Desroches Daily'!BL32 -> 40 | AJ30: ='FS Desroches Daily'!BN32 -> 60 | AK30: ='FS Desroches Daily'!BP32 -> 50 | AL30: ='FS Desroches Daily'!BR32 -> 37 | AM30: ='FS Desroches Daily'!BT32 -> 50 | AN30: ='FS Desroches Daily'!BV32 -> 38 | AO30: ='FS Desroches Daily'!BX32 -> 30 | AP30: ='FS Desroches Daily'!BZ32 -> 46 | AQ30: ='FS Desroches Daily'!CB32 -> 57.8 | AR30: ='FS Desroches Daily'!CD32 -> 10.2 | AS30: ='FS Desroches Daily'!CF32 -> 7.3 | AT30: ='FS Desroches Daily'!CH32 -> 45.2 | AU30: ='FS Desroches Daily'!CJ32 -> 297 | AV30: ='FS Desroches Daily'!CL32 -> 960 | AW30: ='FS Desroches Daily'!CM32 -> 120 | AX30: =IF(LPG!F38-LPG!F36<0,"0",(LPG!F38-LPG!F36)*1.8315) -> 0 | AY30: =IF(LPG!G37-LPG!G36<0,"0",(LPG!G37-LPG!G36)*1.8315) -> 144.6885 | AZ30: =IF(LPG!J38-LPG!H36<0,"0",(LPG!J38-LPG!H36)*1.8315) -> 2829.6675 | BA30: =IF(LPG!M38-LPG!M36<0,"0",(LPG!M38-LPG!M36)*1.8315) -> 5.4945 | BB30: =IF(LPG!Q37-LPG!Q36<0,"0",(LPG!Q37-LPG!Q36)*1.8315) -> 7.326 | BC30: ='FS Desroches Daily'!CN32 -> 29
A31: Seychelles at Desroches Island | B31: 30 | C31: 5 | D31: 2022 | E31: ='FS Desroches Daily'!D33 -> 3000 | F31: ='FS Desroches Daily'!F33 -> 4000 | G31: ='FS Desroches Daily'!H33 -> 4000 | H31: ='FS Desroches Daily'!J33 -> 1600 | I31: ='FS Desroches Daily'!L33 -> 2000 | J31: ='FS Desroches Daily'!N33 -> 1800 | K31: ='FS Desroches Daily'!P33 -> 29 | L31: ='FS Desroches Daily'!R33 -> 5 | M31: ='FS Desroches Daily'!T33 -> 1.4 | N31: ='FS Desroches Daily'!V33 -> 493.8 | O31: ='FS Desroches Daily'!X33 -> 430 | P31: ='FS Desroches Daily'!Z33 -> 3000 | Q31: ='FS Desroches Daily'!AB33 -> 380 | R31: ='FS Desroches Daily'!AD33 -> 480 | S31: ='FS Desroches Daily'!AF33 -> 810 | T31: ='FS Desroches Daily'!AH33 -> 35 | U31: ='FS Desroches Daily'!AJ33 -> 710 | V31: ='FS Desroches Daily'!AL33 -> 310 | W31: ='FS Desroches Daily'!AN33 -> 130 | X31: ='FS Desroches Daily'!AP33 -> 180 | Y31: ='FS Desroches Daily'!AR33 -> 140 | Z31: ='FS Desroches Daily'!AT33 -> 260 | AA31: ='FS Desroches Daily'!AT33 -> 260 | AB31: ='FS Desroches Daily'!AV33 -> 140 | AC31: ='FS Desroches Daily'!AZ33 -> 130 | AD31: ='FS Desroches Daily'!BB33 -> 230 | AE31: ='FS Desroches Daily'!BD33 -> 90 | AF31: ='FS Desroches Daily'!BF33 -> 30 | AG31: ='FS Desroches Daily'!BH33 -> 40 | AH31: ='FS Desroches Daily'!BJ33 -> 40 | AI31: ='FS Desroches Daily'!BL33 -> 30 | AJ31: ='FS Desroches Daily'!BN33 -> 40 | AK31: ='FS Desroches Daily'!BP33 -> 50 | AL31: ='FS Desroches Daily'!BR33 -> 38 | AM31: ='FS Desroches Daily'!BT33 -> 50 | AN31: ='FS Desroches Daily'!BV33 -> 49 | AO31: ='FS Desroches Daily'!BX33 -> 40 | AP31: ='FS Desroches Daily'!BZ33 -> 51 | AQ31: ='FS Desroches Daily'!CB33 -> 40.2 | AR31: ='FS Desroches Daily'!CD33 -> 11.2 | AS31: ='FS Desroches Daily'!CF33 -> 3.9 | AT31: ='FS Desroches Daily'!CH33 -> 46.5 | AU31: ='FS Desroches Daily'!CJ33 -> 303 | AV31: ='FS Desroches Daily'!CL33 -> 930 | AW31: ='FS Desroches Daily'!CM33 -> 110 | AX31: =IF(LPG!F39-LPG!F37<0,"0",(LPG!F39-LPG!F37)*1.8315) -> 0 | AY31: =IF(LPG!G38-LPG!G37<0,"0",(LPG!G38-LPG!G37)*1.8315) -> 0 | AZ31: =IF(LPG!J39-LPG!H37<0,"0",(LPG!J39-LPG!H37)*1.8315) -> 0 | BA31: =IF(LPG!M39-LPG!M37<0,"0",(LPG!M39-LPG!M37)*1.8315) -> 0 | BB31: =IF(LPG!Q38-LPG!Q37<0,"0",(LPG!Q38-LPG!Q37)*1.8315) -> 9.1575 | BC31: ='FS Desroches Daily'!CN33 -> 37
A32: Seychelles at Desroches Island | B32: 31 | C32: 5 | D32: 2022 | E32: ='FS Desroches Daily'!D34 -> 2200 | F32: ='FS Desroches Daily'!F34 -> 2700 | G32: ='FS Desroches Daily'!H34 -> 2900 | H32: ='FS Desroches Daily'!J34 -> 1500 | I32: ='FS Desroches Daily'!L34 -> 2400 | J32: ='FS Desroches Daily'!N34 -> 1500 | K32: ='FS Desroches Daily'!P34 -> 21 | L32: ='FS Desroches Daily'!R34 -> 4 | M32: ='FS Desroches Daily'!T34 -> 1.1 | N32: ='FS Desroches Daily'!V34 -> 408.5 | O32: ='FS Desroches Daily'!X34 -> 400 | P32: ='FS Desroches Daily'!Z34 -> 2700 | Q32: ='FS Desroches Daily'!AB34 -> 240 | R32: ='FS Desroches Daily'!AD34 -> 420 | S32: ='FS Desroches Daily'!AF34 -> 780 | T32: ='FS Desroches Daily'!AH34 -> 35 | U32: ='FS Desroches Daily'!AJ34 -> 680 | V32: ='FS Desroches Daily'!AL34 -> 290 | W32: ='FS Desroches Daily'!AN34 -> 310 | X32: ='FS Desroches Daily'!AP34 -> 170 | Y32: ='FS Desroches Daily'!AR34 -> 130 | Z32: ='FS Desroches Daily'!AT34 -> 250 | AA32: ='FS Desroches Daily'!AT34 -> 250 | AB32: ='FS Desroches Daily'!AV34 -> 150 | AC32: ='FS Desroches Daily'!AZ34 -> 130 | AD32: ='FS Desroches Daily'!BB34 -> 130 | AE32: ='FS Desroches Daily'!BD34 -> 130 | AF32: ='FS Desroches Daily'!BF34 -> 34 | AG32: ='FS Desroches Daily'!BH34 -> 40 | AH32: ='FS Desroches Daily'!BJ34 -> 30 | AI32: ='FS Desroches Daily'!BL34 -> 40 | AJ32: ='FS Desroches Daily'!BN34 -> 60 | AK32: ='FS Desroches Daily'!BP34 -> 40 | AL32: ='FS Desroches Daily'!BR34 -> 34 | AM32: ='FS Desroches Daily'!BT34 -> 40 | AN32: ='FS Desroches Daily'!BV34 -> 29 | AO32: ='FS Desroches Daily'!BX34 -> 40 | AP32: ='FS Desroches Daily'!BZ34 -> 43 | AQ32: ='FS Desroches Daily'!CB34 -> 52.1 | AR32: ='FS Desroches Daily'!CD34 -> 9.4 | AS32: ='FS Desroches Daily'!CF34 -> 1.4 | AT32: ='FS Desroches Daily'!CH34 -> 47 | AU32: ='FS Desroches Daily'!CJ34 -> 281 | AV32: ='FS Desroches Daily'!CL34 -> 1000 | AW32: ='FS Desroches Daily'!CM34 -> 99 | AX32: =IF(LPG!F40-LPG!F38<0,"0",(LPG!F40-LPG!F38)*1.8315) -> 0 | AY32: =IF(LPG!H40-LPG!H38<0,"0",(LPG!H40-LPG!H38)*1.8315) -> 0 | AZ32: =IF(LPG!J40-LPG!J38<0,"0",(LPG!J40-LPG!J38)*1.8315) -> 0 | BA32: =IF(LPG!M40-LPG!M38<0,"0",(LPG!M40-LPG!M38)*1.8315) -> 0 | BB32: =IF(LPG!Q39-LPG!Q38<0,"0",(LPG!Q39-LPG!Q38)*1.8315) -> 0 | BC32: ='FS Desroches Daily'!CN34 -> 22
E33: =SUM(E2:E32) -> 106000 | F33: =SUM(F2:F32) -> 105100 | G33: =SUM(G2:G32) -> 108400 | H33: =SUM(H2:H32) -> 54500 | I33: =SUM(I2:I32) -> 73800 | J33: =SUM(J2:J32) -> 65700 | K33: =SUM(K2:K32) -> 993 | L33: =SUM(L2:L32) -> 167 | ... AW33: =SUM(AW2:AW32) -> 3516 | AX33: =IF(LPG!F41-LPG!F39<0,"0",(LPG!F41-LPG!F39)*1.8315) -> 0 | AY33: =IF(LPG!H41-LPG!H39<0,"0",(LPG!H41-LPG!H39)*1.8315) -> 0 | AZ33: =IF(LPG!J41-LPG!J39<0,"0",(LPG!J41-LPG!J39)*1.8315) -> 0 | BA33: =IF(LPG!M41-LPG!M39<0,"0",(LPG!M41-LPG!M39)*1.8315) -> 0 | BB33: =SUM(BB2:BB32) -> 197.802 | BC33: =SUM(BC2:BC32) -> 970
E35: =E33/E37 -> 0.24603215 | G35: =G33-M36 -> 92875.5 | AE35: =SUM(U33:AE33) -> 99919.94 | AG35: =SUM(AG33:AP33) -> 15088
G36: =G35-633*14 -> 84013.5 | M36: =M33+N33 -> 15524.5
E37: =E33+F33+G33+H33+J33-633*14 -> 430838 | G37: =M36/E37 -> 0.036033265 | M37: =AE35 -> 99919.94
L38: =M38/E37 -> 0.035020124 | M38: =AG35 -> 15088
E39: =19000/30 -> 633.33333

Sheet FS Desroches Daily
A1: Days | C1: TRF CQ6 (GWH) | E1: TRF FQ7 (GWH) | G1: MSB BOH Q8 (GWH) | I1: EX MAIN Q3 (GWH) | K1: TRF DQ2 (GWH) | M1: TRF B Q1 (GWH) | O1: CANCAN shop (KWH) | Q1: CANCAN store (KWH) | S1: laundry EQU P D.B (KWH) | U1: laundry lighting (KWH) | W1: PANTRY 1 MSB-F (MWH) | Y1: PANTRY 2 MSB-E M-kitchen (GWH) | AA1: SPA LIGHT HOUSE MSB-A1 (MWH) | AC1: PANTRY 3 MSB-A near v 22 (MWH) | AE1: PANTRY 4 MSB-B near v 33 (MWH) | AG1: VMC (KWH) | AI1: VILLA 100 (MWH) | AK1: VILLA 101 (MWH) | AM1: VILLA 102 (MWH) | AO1: VILLA 103 (MWH) | AQ1: VILLA 104 (MWH) | AS1: VILLA 105 (MWH) | AU1: VILLA 106 (MWH) | AW1: VILLA 107 (MWH) | AY1: VILLA 108 (MWH) | BA1: VILLA 109 (MWH) | BC1: VILLA 110 (MWH) | BE1: KUMAR& KUMAR | BG1: BLOCK 15 | BI1: BLOCK 16 | BK1: BLOCK 17 | BM1: BLOCK 18 | BO1: BLOCK 19 | BQ1: BLOCK 20 | BS1: BLOCK 21 | BU1: BLOCK 22 | BW1: BLOCK 23 | BY1: BLOCK 24 | CA1: Exhaust Kitchen (Main) | CC1: Exhaust Kitchen (Breakfast) | CE1: Exhaust Lighthouse | CG1: Exhaust Canteen | CI1: Cold Store | CK1: RO Plant | CM1: Water | CP1: Water HOTEL | CR1: Water RES | CT1: PVILLA E-HOUSE LEFT | CV1: PVILLA E-HOUSE RIGHT | CX1: Total Renewable Energy Production (KWH) (KWH)
A2: Date | C2: Reading GWH | D2: Difference KWH | E2: Reading GWH | F2: Difference KWH | G2: Reading GWH | H2: Difference KWH | I2: Reading GWH | J2: Difference KWH | K2: Reading GWH | L2: Difference KWH | M2: Reading MWH | N2: Difference KWH | O2: Reading KWH | P2: Difference KWH | Q2: Reading KWH | R2: Difference KWH | S2: Reading KWH | T2: Difference KWH | U2: Reading KWH | V2: Difference KWH | W2: Reading MWH | X2: Difference KWH | Y2: Reading GWH | Z2: Difference KWH | AA2: Reading MWH | AB2: Difference KWH | AC2: Reading MWH | AD2: Difference KWH | AE2: Reading MWH | AF2: Difference KWH | AG2: Reading KWH | AH2: Difference KWH | AI2: Reading MWH | AJ2: Difference KWH | AK2: Reading KWH | AL2: Difference KWH | AM2: Reading KWH | AN2: Difference KWH | AO2: Reading KWH | AP2: Difference KWH | AQ2: Reading MWH | AR2: Difference KWH | AS2: Reading MWH | AT2: Difference KWH | AU2: Reading MWH | AV2: Difference KWH | AW2: Reading MWH | AX2: Difference KWH | AY2: Reading MWH | AZ2: Difference KWH | BA2: Reading MWH | BB2: Difference KWH | BC2: Reading MWH | BD2: Difference KWH | BE2: Reading KWH | BF2: Difference KWH | BG2: Reading MWH | BH2: Difference KWH | BI2: Reading MWH | BJ2: Difference KWH | BK2: Reading MWH | BL2: Difference KWH | BM2: Reading MWH | BN2: Difference KWH | BO2: Reading MWH | BP2: Difference KWH | BQ2: Reading KWH | BR2: Difference KWH | BS2: Reading MWH | BT2: Difference KWH | BU2: Reading KWH | BV2: Difference KWH | BW2: Reading MWH | BX2: Difference KWH | BY2: Reading KWH | BZ2: Difference KWH | CA2: Reading KWH | CB2: Difference KWH | CC2: Reading KWH | CD2: Difference KWH | CE2: Reading KWH | CF2: Difference KWH | CG2: Reading KWH | CH2: Difference KWH | CI2: Reading KWH | CJ2: Difference KWH | CK2: Reading MWH | CL2: Difference KWH | CM2: m3 | CN2: ROOM NIGHTS | CO2: TOTAL GUESTS | CP2: Reading m3 | CQ2: Difference | CR2: Reading m3 | CS2: Difference | CT2: Reading KWH | CU2: Difference KWH | CV2: Reading KWH | CW2: Difference KWH | CX2: Reading KWH | CY2: Difference KWH
A3: 44681 | C3: 3.1432 | D3: =IF((C3-C2<0), "0",(C3-C2)*1000000) -> #VALUE! | E3: 4.2416 | F3: =IF((E3-E2<0), "0",(E3-E2)*1000000) -> #VALUE! | G3: 4.1985 | H3: =IF((G3-G2<0), "0",(G3-G2)*1000000) -> #VALUE! | I3: 2.1092 | J3: =IF((I3-I2<0), "0",(I3-I2)*1000000) -> #VALUE! | K3: 3.2996 | L3: =IF((K3-K2<0), "0",(K3-K2)*1000000) -> #VALUE! | M3: 1.8864 | N3: =IF((M3-M2<0), "",(M3-M2)*1000000) -> #VALUE! | O3: 20191 | P3: =IF((O3-O2<0), "",O3-O2) -> #VALUE! | Q3: 2445 | R3: =IF((Q3-Q2<0), "",Q3-Q2) -> #VALUE! | S3: 1318 | T3: =IF((S3-S2<0), "",S3-S2) -> #VALUE! | U3: 539561.6 | V3: =IF((U3-U2<0), "",U3-U2) -> #VALUE! | W3: 502.73 | X3: =IF((W3-W2<0), "",(W3-W2)*1000) -> #VALUE! | Y3: 3.7278 | Z3: =IF((Y3-Y2<0), "",(Y3-Y2)*1000000) -> #VALUE! | AA3: 505.2 | AB3: =IF((AA3-AA2<0), "",(AA3-AA2)*1000) -> #VALUE! | AC3: 494.64 | AD3: =IF((AC3-AC2<0), "",(AC3-AC2)*1000) -> #VALUE! | AE3: 730.2 | AF3: =IF((AE3-AE2<0), "",(AE3-AE2)*1000) -> #VALUE! | AG3: 16499 | AH3: =IF((AG3-AG2<0), "",AG3-AG2) -> #VALUE! | AI3: 835.6 | AJ3: =IF((AI3-AI2<0), "",(AI3-AI2)*1000) -> #VALUE! | AK3: 279.58 | AL3: =IF((AK3-AK2<0), "",(AK3-AK2)*1000) -> #VALUE! | AM3: 260.83 | AN3: =IF((AM3-AM2<0), "",(AM3-AM2)*1000) -> #VALUE! | AO3: 251.94 | AP3: =IF((AO3-AO2<0), "",(AO3-AO2)*1000) -> #VALUE! | AQ3: 308.05 | AR3: =IF((AQ3-AQ2<0), "",(AQ3-AQ2)*1000) -> #VALUE! | AS3: 432.04 | AT3: =IF((AS3-AS2<0), "",(AS3-AS2)*1000) -> #VALUE! | AU3: 341.65 | AV3: =IF((AU3-AU2<0), "",(AU3-AU2)*1000) -> #VALUE! | AW3: 372.17 | AX3: =IF((AW3-AW2<0), "",(AW3-AW2)*1000) -> #VALUE! | AY3: 405.98 | AZ3: =IF((AY3-AY2<0), "",(AY3-AY2)*1000) -> #VALUE! | BA3: 426.01 | BB3: =IF((BA3-BA2<0), "",(BA3-BA2)*1000) -> #VALUE! | BC3: 273.66 | BD3: =IF((BC3-BC2<0), "",(BC3-BC2)*1000) -> #VALUE! | BE3: 50629 | BF3: =IF((BE3-BE2<0), "",BE3-BE2) -> #VALUE! | BG3: 247.48 | BH3: =IF((BG3-BG2<0), "",(BG3-BG2)*1000) -> #VALUE! | BI3: 302.37 | BJ3: =IF((BI3-BI2<0), "",(BI3-BI2)*1000) -> #VALUE! | BK3: 250.52 | BL3: =IF((BK3-BK2<0), "",(BK3-BK2)*1000) -> #VALUE! | BM3: 237.03 | BN3: =IF((BM3-BM2<0), "",(BM3-BM2)*1000) -> #VALUE! | BO3: 304.47 | BP3: =IF((BO3-BO2<0), "",(BO3-BO2)*1000) -> #VALUE! | BQ3: 55619 | BR3: =IF((BQ3-BQ2<0), "",BQ3-BQ2) -> #VALUE! | BS3: 214.49 | BT3: =IF((BS3-BS2<0), "",(BS3-BS2)*1000) -> #VALUE! | BU3: 53146 | BV3: =IF((BU3-BU2<0), "",BU3-BU2) -> #VALUE! | BW3: 242.88 | BX3: =IF((BW3-BW2<0), "",(BW3-BW2)*1000) -> #VALUE! | BY3: 72793 | BZ3: =IF((BY3-BY2<0), "",BY3-BY2) -> #VALUE! | CA3: 46996.8 | CB3: =IF((CA3-CA2<0), "",CA3-CA2) -> #VALUE! | CC3: 15445.5 | CD3: =IF((CC3-CC2<0), "",CC3-CC2) -> #VALUE! | CE3: 8013.1 | CF3: =IF((CE3-CE2<0), "",CE3-CE2) -> #VALUE! | CG3: 73419.7 | CH3: =IF((CG3-CG2<0), "",CG3-CG2) -> #VALUE! | CI3: 1039867 | CJ3: =IF((CI3-CI2<0), "",CI3-CI2) -> #VALUE! | CK3: 972.56 | CL3: =IF((CK3-CK2<0), "",(CK3-CK2)*1000) -> #VALUE! | CM3: =CQ3+CS3 -> #VALUE! | CN3: 36 | CO3: 95 | CP3: 28597 | CQ3: =IF((CP3-CP2<0), "",CP3-CP2) -> #VALUE! | CR3: 20980 | CS3: =IF((CR3-CR2<0), "",CR3-CR2) -> #VALUE! | CT3: 9891 | CU3: =IF((CT3-CT2<0), "",CT3-CT2) -> #VALUE! | CV3: 23976 | CW3: =IF((CV3-CV2<0), "",CV3-CV2) -> #VALUE! | CX3: 2740.7 | CY3: =IF((CX3-CX2<0), "",CX3-CX2) -> #VALUE!
A4: 44682 | C4: 3.147 | D4: =IF((C4-C3<0), "0",(C4-C3)*1000000) -> 3800 | E4: 4.2454 | F4: =IF((E4-E3<0), "0",(E4-E3)*1000000) -> 3800 | G4: 4.2024 | H4: =IF((G4-G3<0), "0",(G4-G3)*1000000) -> 3900 | I4: 2.1111 | J4: =IF((I4-I3<0), "0",(I4-I3)*1000000) -> 1900 | K4: 3.3028 | L4: =IF((K4-K3<0), "0",(K4-K3)*1000000) -> 3200 | M4: 1.8888 | N4: =IF((M4-M3<0), "",(M4-M3)*1000000) -> 2400 | O4: 20226 | P4: =IF((O4-O3<0), "",O4-O3) -> 35 | Q4: 2451 | R4: =IF((Q4-Q3<0), "",Q4-Q3) -> 6 | S4: 1319.5 | T4: =IF((S4-S3<0), "",S4-S3) -> 1.5 | U4: 540105.2 | V4: =IF((U4-U3<0), "",U4-U3) -> 543.6 | W4: 503.11 | X4: =IF((W4-W3<0), "",(W4-W3)*1000) -> 380 | Y4: 3.7311 | Z4: =IF((Y4-Y3<0), "",(Y4-Y3)*1000000) -> 3300 | AA4: 505.71 | AB4: =IF((AA4-AA3<0), "",(AA4-AA3)*1000) -> 510 | AC4: 495.25 | AD4: =IF((AC4-AC3<0), "",(AC4-AC3)*1000) -> 610 | AE4: 731.35 | AF4: =IF((AE4-AE3<0), "",(AE4-AE3)*1000) -> 1150 | AG4: 16537 | AH4: =IF((AG4-AG3<0), "",AG4-AG3) -> 38 | AI4: 836.62 | AJ4: =IF((AI4-AI3<0), "",(AI4-AI3)*1000) -> 1020 | AK4: 279.87 | AL4: =IF((AK4-AK3<0), "",(AK4-AK3)*1000) -> 290 | AM4: 261.13 | AN4: =IF((AM4-AM3<0), "",(AM4-AM3)*1000) -> 300 | AO4: 252.25 | AP4: =IF((AO4-AO3<0), "",(AO4-AO3)*1000) -> 310 | AQ4: 308.24 | AR4: =IF((AQ4-AQ3<0), "",(AQ4-AQ3)*1000) -> 190 | AS4: 432.19 | AT4: =IF((AS4-AS3<0), "",(AS4-AS3)*1000) -> 150 | AU4: 341.9 | AV4: =IF((AU4-AU3<0), "",(AU4-AU3)*1000) -> 250 | AW4: 372.41 | AX4: =IF((AW4-AW3<0), "",(AW4-AW3)*1000) -> 240 | AY4: 406.16 | AZ4: =IF((AY4-AY3<0), "",(AY4-AY3)*1000) -> 180 | BA4: 426.25 | BB4: =IF((BA4-BA3<0), "",(BA4-BA3)*1000) -> 240 | BC4: 273.82 | BD4: =IF((BC4-BC3<0), "",(BC4-BC3)*1000) -> 160 | BE4: 50651 | BF4: =IF((BE4-BE3<0), "",BE4-BE3) -> 22 | BG4: 247.52 | BH4: =IF((BG4-BG3<0), "",(BG4-BG3)*1000) -> 40 | BI4: 302.41 | BJ4: =IF((BI4-BI3<0), "",(BI4-BI3)*1000) -> 40 | BK4: 250.58 | BL4: =IF((BK4-BK3<0), "",(BK4-BK3)*1000) -> 60 | BM4: 237.08 | BN4: =IF((BM4-BM3<0), "",(BM4-BM3)*1000) -> 50 | BO4: 304.53 | BP4: =IF((BO4-BO3<0), "",(BO4-BO3)*1000) -> 60 | BQ4: 55670 | BR4: =IF((BQ4-BQ3<0), "",BQ4-BQ3) -> 51 | BS4: 214.55 | BT4: =IF((BS4-BS3<0), "",(BS4-BS3)*1000) -> 60 | BU4: 53196 | BV4: =IF((BU4-BU3<0), "",BU4-BU3) -> 50 | BW4: 242.93 | BX4: =IF((BW4-BW3<0), "",(BW4-BW3)*1000) -> 50 | BY4: 72845 | BZ4: =IF((BY4-BY3<0), "",BY4-BY3) -> 52 | CA4: 47062.4 | CB4: =IF((CA4-CA3<0), "",CA4-CA3) -> 65.6 | CC4: 15458.5 | CD4: =IF((CC4-CC3<0), "",CC4-CC3) -> 13 | CE4: 8021.7 | CF4: =IF((CE4-CE3<0), "",CE4-CE3) -> 8.6 | CG4: 73480 | CH4: =IF((CG4-CG3<0), "",CG4-CG3) -> 60.3 | CI4: 1040168 | CJ4: =IF((CI4-CI3<0), "",CI4-CI3) -> 301 | CK4: 973.54 | CL4: =IF((CK4-CK3<0), "",(CK4-CK3)*1000) -> 980 | CM4: =CQ4+CS4 -> 109 | CP4: 28699 | CQ4: =IF((CP4-CP3<0), "",CP4-CP3) -> 102 | CR4: 20987 | CS4: =IF((CR4-CR3<0), "",CR4-CR3) -> 7 | CT4: 9907 | CU4: =IF((CT4-CT3<0), "",CT4-CT3) -> 16 | CV4: 23994 | CW4: =IF((CV4-CV3<0), "",CV4-CV3) -> 18 | CX4: 2754.5 | CY4: =IF((CX4-CX3<0), "",CX4-CX3) -> 13.8
A5: 44683 | C5: 3.1507 | D5: =IF((C5-C4<0), "0",(C5-C4)*1000000) -> 3700 | E5: 4.249 | F5: =IF((E5-E4<0), "0",(E5-E4)*1000000) -> 3600 | G5: 4.2059 | H5: =IF((G5-G4<0), "0",(G5-G4)*1000000) -> 3500 | I5: 2.113 | J5: =IF((I5-I4<0), "0",(I5-I4)*1000000) -> 1900 | K5: 3.3059 | L5: =IF((K5-K4<0), "0",(K5-K4)*1000000) -> 3100 | M5: 1.8911 | N5: =IF((M5-M4<0), "",(M5-M4)*1000000) -> 2300 | O5: 20263 | P5: =IF((O5-O4<0), "",O5-O4) -> 37 | Q5: 2458 | R5: =IF((Q5-Q4<0), "",Q5-Q4) -> 7 | S5: 1321 | T5: =IF((S5-S4<0), "",S5-S4) -> 1.5 | U5: 540624.6 | V5: =IF((U5-U4<0), "",U5-U4) -> 519.4 | W5: 503.54 | X5: =IF((W5-W4<0), "",(W5-W4)*1000) -> 430 | Y5: 3.7346 | Z5: =IF((Y5-Y4<0), "",(Y5-Y4)*1000000) -> 3500 | AA5: 506.2 | AB5: =IF((AA5-AA4<0), "",(AA5-AA4)*1000) -> 490 | AC5: 495.88 | AD5: =IF((AC5-AC4<0), "",(AC5-AC4)*1000) -> 630 | AE5: 732.46 | AF5: =IF((AE5-AE4<0), "",(AE5-AE4)*1000) -> 1110 | AG5: 16572 | AH5: =IF((AG5-AG4<0), "",AG5-AG4) -> 35 | AI5: 837.63 | AJ5: =IF((AI5-AI4<0), "",(AI5-AI4)*1000) -> 1010 | AK5: 280.17 | AL5: =IF((AK5-AK4<0), "",(AK5-AK4)*1000) -> 300 | AM5: 261.45 | AN5: =IF((AM5-AM4<0), "",(AM5-AM4)*1000) -> 320 | AO5: 252.54 | AP5: =IF((AO5-AO4<0), "",(AO5-AO4)*1000) -> 290 | AQ5: 308.45 | AR5: =IF((AQ5-AQ4<0), "",(AQ5-AQ4)*1000) -> 210 | AS5: 432.4 | AT5: =IF((AS5-AS4<0), "",(AS5-AS4)*1000) -> 210 | AU5: 342.16 | AV5: =IF((AU5-AU4<0), "",(AU5-AU4)*1000) -> 260 | AW5: 372.63 | AX5: =IF((AW5-AW4<0), "",(AW5-AW4)*1000) -> 220 | AY5: 406.35 | AZ5: =IF((AY5-AY4<0), "",(AY5-AY4)*1000) -> 190 | BA5: 426.53 | BB5: =IF((BA5-BA4<0), "",(BA5-BA4)*1000) -> 280 | BC5: 273.98 | BD5: =IF((BC5-BC4<0), "",(BC5-BC4)*1000) -> 160 | BE5: 50682 | BF5: =IF((BE5-BE4<0), "",BE5-BE4) -> 31 | BG5: 247.57 | BH5: =IF((BG5-BG4<0), "",(BG5-BG4)*1000) -> 50 | BI5: 302.44 | BJ5: =IF((BI5-BI4<0), "",(BI5-BI4)*1000) -> 30 | BK5: 250.63 | BL5: =IF((BK5-BK4<0), "",(BK5-BK4)*1000) -> 50 | BM5: 237.13 | BN5: =IF((BM5-BM4<0), "",(BM5-BM4)*1000) -> 50 | BO5: 304.6 | BP5: =IF((BO5-BO4<0), "",(BO5-BO4)*1000) -> 70 | BQ5: 55720 | BR5: =IF((BQ5-BQ4<0), "",BQ5-BQ4) -> 50 | BS5: 214.62 | BT5: =IF((BS5-BS4<0), "",(BS5-BS4)*1000) -> 70 | BU5: 53248 | BV5: =IF((BU5-BU4<0), "",BU5-BU4) -> 52 | BW5: 242.98 | BX5: =IF((BW5-BW4<0), "",(BW5-BW4)*1000) -> 50 | BY5: 72893 | BZ5: =IF((BY5-BY4<0), "",BY5-BY4) -> 48 | CA5: 47144.9 | CB5: =IF((CA5-CA4<0), "",CA5-CA4) -> 82.5 | CC5: 15469.9 | CD5: =IF((CC5-CC4<0), "",CC5-CC4) -> 11.4 | CE5: 8023.2 | CF5: =IF((CE5-CE4<0), "",CE5-CE4) -> 1.5 | CG5: 73540 | CH5: =IF((CG5-CG4<0), "",CG5-CG4) -> 60 | CI5: 1040491 | CJ5: =IF((CI5-CI4<0), "",CI5-CI4) -> 323 | CK5: 974.46 | CL5: =IF((CK5-CK4<0), "",(CK5-CK4)*1000) -> 920 | CM5: =CQ5+CS5 -> 103.5 | CP5: 28784 | CQ5: =IF((CP5-CP4<0), "",CP5-CP4) -> 85 | CR5: 21005.5 | CS5: =IF((CR5-CR4<0), "",CR5-CR4) -> 18.5 | CT5: 9920 | CU5: =IF((CT5-CT4<0), "",CT5-CT4) -> 13 | CV5: 24007 | CW5: =IF((CV5-CV4<0), "",CV5-CV4) -> 13 | CX5: 2768.2 | CY5: =IF((CX5-CX4<0), "",CX5-CX4) -> 13.7
A6: 44684 | C6: 3.1547 | D6: =IF((C6-C5<0), "0",(C6-C5)*1000000) -> 4000 | E6: 4.2531 | F6: =IF((E6-E5<0), "0",(E6-E5)*1000000) -> 4100 | G6: 4.2097 | H6: =IF((G6-G5<0), "0",(G6-G5)*1000000) -> 3800 | I6: 2.1149 | J6: =IF((I6-I5<0), "0",(I6-I5)*1000000) -> 1900 | K6: 3.309 | L6: =IF((K6-K5<0), "0",(K6-K5)*1000000) -> 3100 | M6: 1.8936 | N6: =IF((M6-M5<0), "",(M6-M5)*1000000) -> 2500 | O6: 20296 | P6: =IF((O6-O5<0), "",O6-O5) -> 33 | Q6: 2464 | R6: =IF((Q6-Q5<0), "",Q6-Q5) -> 6 | S6: 1322.6 | T6: =IF((S6-S5<0), "",S6-S5) -> 1.6 | U6: 541179 | V6: =IF((U6-U5<0), "",U6-U5) -> 554.4 | W6: 503.99 | X6: =IF((W6-W5<0), "",(W6-W5)*1000) -> 450 | Y6: 3.7382 | Z6: =IF((Y6-Y5<0), "",(Y6-Y5)*1000000) -> 3600 | AA6: 506.71 | AB6: =IF((AA6-AA5<0), "",(AA6-AA5)*1000) -> 510 | AC6: 496.58 | AD6: =IF((AC6-AC5<0), "",(AC6-AC5)*1000) -> 700 | AE6: 733.66 | AF6: =IF((AE6-AE5<0), "",(AE6-AE5)*1000) -> 1200 | AG6: 16614 | AH6: =IF((AG6-AG5<0), "",AG6-AG5) -> 42 | AI6: 838.63 | AJ6: =IF((AI6-AI5<0), "",(AI6-AI5)*1000) -> 1000 | AK6: 280.47 | AL6: =IF((AK6-AK5<0), "",(AK6-AK5)*1000) -> 300 | AM6: 261.77 | AN6: =IF((AM6-AM5<0), "",(AM6-AM5)*1000) -> 320 | AO6: 252.89 | AP6: =IF((AO6-AO5<0), "",(AO6-AO5)*1000) -> 350 | AQ6: 308.65 | AR6: =IF((AQ6-AQ5<0), "",(AQ6-AQ5)*1000) -> 200 | AS6: 432.69 | AT6: =IF((AS6-AS5<0), "",(AS6-AS5)*1000) -> 290 | AU6: 342.44 | AV6: =IF((AU6-AU5<0), "",(AU6-AU5)*1000) -> 280 | AW6: 373 | AX6: =IF((AW6-AW5<0), "",(AW6-AW5)*1000) -> 370 | AY6: 406.53 | AZ6: =IF((AY6-AY5<0), "",(AY6-AY5)*1000) -> 180 | BA6: 426.84 | BB6: =IF((BA6-BA5<0), "",(BA6-BA5)*1000) -> 310 | BC6: 274.14 | BD6: =IF((BC6-BC5<0), "",(BC6-BC5)*1000) -> 160 | BE6: 50725 | BF6: =IF((BE6-BE5<0), "",BE6-BE5) -> 43 | BG6: 247.62 | BH6: =IF((BG6-BG5<0), "",(BG6-BG5)*1000) -> 50 | BI6: 302.48 | BJ6: =IF((BI6-BI5<0), "",(BI6-BI5)*1000) -> 40 | BK6: 250.7 | BL6: =IF((BK6-BK5<0), "",(BK6-BK5)*1000) -> 70 | BM6: 237.17 | BN6: =IF((BM6-BM5<0), "",(BM6-BM5)*1000) -> 40 | BO6: 304.67 | BP6: =IF((BO6-BO5<0), "",(BO6-BO5)*1000) -> 70 | BQ6: 55771 | BR6: =IF((BQ6-BQ5<0), "",BQ6-BQ5) -> 51 | BS6: 214.68 | BT6: =IF((BS6-BS5<0), "",(BS6-BS5)*1000) -> 60 | BU6: 53305 | BV6: =IF((BU6-BU5<0), "",BU6-BU5) -> 57 | BW6: 243.03 | BX6: =IF((BW6-BW5<0), "",(BW6-BW5)*1000) -> 50 | BY6: 72946 | BZ6: =IF((BY6-BY5<0), "",BY6-BY5) -> 53 | CA6: 47214 | CB6: =IF((CA6-CA5<0), "",CA6-CA5) -> 69.1 | CC6: 15483.1 | CD6: =IF((CC6-CC5<0), "",CC6-CC5) -> 13.2 | CE6: 8025.6 | CF6: =IF((CE6-CE5<0), "",CE6-CE5) -> 2.4 | CG6: 73598.4 | CH6: =IF((CG6-CG5<0), "",CG6-CG5) -> 58.4 | CI6: 1040804 | CJ6: =IF((CI6-CI5<0), "",CI6-CI5) -> 313 | CK6: 975.44 | CL6: =IF((CK6-CK5<0), "",(CK6-CK5)*1000) -> 980 | CM6: =CQ6+CS6 -> 138.7 | CP6: 28891 | CQ6: =IF((CP6-CP5<0), "",CP6-CP5) -> 107 | CR6: 21037.2 | CS6: =IF((CR6-CR5<0), "",CR6-CR5) -> 31.7 | CT6: 9930 | CU6: =IF((CT6-CT5<0), "",CT6-CT5) -> 10 | CV6: 24018 | CW6: =IF((CV6-CV5<0), "",CV6-CV5) -> 11 | CX6: 2782.1 | CY6: =IF((CX6-CX5<0), "",CX6-CX5) -> 13.9
A7: 44685 | C7: 3.159 | D7: =IF((C7-C6<0), "0",(C7-C6)*1000000) -> 4300 | E7: 4.257 | F7: =IF((E7-E6<0), "0",(E7-E6)*1000000) -> 3900 | G7: 4.2135 | H7: =IF((G7-G6<0), "0",(G7-G6)*1000000) -> 3800 | I7: 2.1168 | J7: =IF((I7-I6<0), "0",(I7-I6)*1000000) -> 1900 | K7: 3.3122 | L7: =IF((K7-K6<0), "0",(K7-K6)*1000000) -> 3200 | M7: 1.8961 | N7: =IF((M7-M6<0), "",(M7-M6)*1000000) -> 2500 | O7: 20329 | P7: =IF((O7-O6<0), "",O7-O6) -> 33 | Q7: 2471 | R7: =IF((Q7-Q6<0), "",Q7-Q6) -> 7 | S7: 1324 | T7: =IF((S7-S6<0), "",S7-S6) -> 1.4 | U7: 541652.3 | V7: =IF((U7-U6<0), "",U7-U6) -> 473.3 | W7: 504.45 | X7: =IF((W7-W6<0), "",(W7-W6)*1000) -> 460 | Y7: 3.7413 | Z7: =IF((Y7-Y6<0), "",(Y7-Y6)*1000000) -> 3100 | AA7: 507.19 | AB7: =IF((AA7-AA6<0), "",(AA7-AA6)*1000) -> 480 | AC7: 497.23 | AD7: =IF((AC7-AC6<0), "",(AC7-AC6)*1000) -> 650 | AE7: 734.85 | AF7: =IF((AE7-AE6<0), "",(AE7-AE6)*1000) -> 1190 | AG7: 16650 | AH7: =IF((AG7-AG6<0), "",AG7-AG6) -> 36 | AI7: 839.81 | AJ7: =IF((AI7-AI6<0), "",(AI7-AI6)*1000) -> 1180 | AK7: 280.78 | AL7: =IF((AK7-AK6<0), "",(AK7-AK6)*1000) -> 310 | AM7: 262.1 | AN7: =IF((AM7-AM6<0), "",(AM7-AM6)*1000) -> 330 | AO7: 253.28 | AP7: =IF((AO7-AO6<0), "",(AO7-AO6)*1000) -> 390 | AQ7: 308.84 | AR7: =IF((AQ7-AQ6<0), "",(AQ7-AQ6)*1000) -> 190 | AS7: 432.97 | AT7: =IF((AS7-AS6<0), "",(AS7-AS6)*1000) -> 280 | AU7: 342.73 | AV7: =IF((AU7-AU6<0), "",(AU7-AU6)*1000) -> 290 | AW7: 373.29 | AX7: =IF((AW7-AW6<0), "",(AW7-AW6)*1000) -> 290 | AY7: 406.75 | AZ7: =IF((AY7-AY6<0), "",(AY7-AY6)*1000) -> 220 | BA7: 427.16 | BB7: =IF((BA7-BA6<0), "",(BA7-BA6)*1000) -> 320 | BC7: 274.32 | BD7: =IF((BC7-BC6<0), "",(BC7-BC6)*1000) -> 180 | BE7: 50761 | BF7: =IF((BE7-BE6<0), "",BE7-BE6) -> 36 | BG7: 247.66 | BH7: =IF((BG7-BG6<0), "",(BG7-BG6)*1000) -> 40 | BI7: 302.52 | BJ7: =IF((BI7-BI6<0), "",(BI7-BI6)*1000) -> 40 | BK7: 250.76 | BL7: =IF((BK7-BK6<0), "",(BK7-BK6)*1000) -> 60 | BM7: 237.22 | BN7: =IF((BM7-BM6<0), "",(BM7-BM6)*1000) -> 50 | BO7: 304.73 | BP7: =IF((BO7-BO6<0), "",(BO7-BO6)*1000) -> 60 | BQ7: 55817 | BR7: =IF((BQ7-BQ6<0), "",BQ7-BQ6) -> 46 | BS7: 214.74 | BT7: =IF((BS7-BS6<0), "",(BS7-BS6)*1000) -> 60 | BU7: 53352 | BV7: =IF((BU7-BU6<0), "",BU7-BU6) -> 47 | BW7: 243.08 | BX7: =IF((BW7-BW6<0), "",(BW7-BW6)*1000) -> 50 | BY7: 72993 | BZ7: =IF((BY7-BY6<0), "",BY7-BY6) -> 47 | CA7: 47282.3 | CB7: =IF((CA7-CA6<0), "",CA7-CA6) -> 68.3 | CC7: 15495.2 | CD7: =IF((CC7-CC6<0), "",CC7-CC6) -> 12.1 | CE7: 8028.2 | CF7: =IF((CE7-CE6<0), "",CE7-CE6) -> 2.6 | CG7: 73656.7 | CH7: =IF((CG7-CG6<0), "",CG7-CG6) -> 58.3 | CI7: 1041121 | CJ7: =IF((CI7-CI6<0), "",CI7-CI6) -> 317 | CK7: 976.4 | CL7: =IF((CK7-CK6<0), "",(CK7-CK6)*1000) -> 960 | CM7: =CQ7+CS7 -> 140.2 | CN7: 49 | CO7: 120 | CP7: 28990 | CQ7: =IF((CP7-CP6<0), "",CP7-CP6) -> 99 | CR7: 21078.4 | CS7: =IF((CR7-CR6<0), "",CR7-CR6) -> 41.2 | CT7: 9940 | CU7: =IF((CT7-CT6<0), "",CT7-CT6) -> 10 | CV7: 24029 | CW7: =IF((CV7-CV6<0), "",CV7-CV6) -> 11 | CX7: 2796.1 | CY7: =IF((CX7-CX6<0), "",CX7-CX6) -> 14
A8: 44686 | C8: 3.162 | D8: =IF((C8-C7<0), "0",(C8-C7)*1000000) -> 3000 | E8: 4.26 | F8: =IF((E8-E7<0), "0",(E8-E7)*1000000) -> 3000 | G8: 4.217 | H8: =IF((G8-G7<0), "0",(G8-G7)*1000000) -> 3500 | I8: 2.118 | J8: =IF((I8-I7<0), "0",(I8-I7)*1000000) -> 1200 | K8: 3.315 | L8: =IF((K8-K7<0), "0",(K8-K7)*1000000) -> 2800 | M8: 1.898 | N8: =IF((M8-M7<0), "",(M8-M7)*1000000) -> 1900 | O8: 20367 | P8: =IF((O8-O7<0), "",O8-O7) -> 38 | Q8: 2477 | R8: =IF((Q8-Q7<0), "",Q8-Q7) -> 6 | S8: 1325.5 | T8: =IF((S8-S7<0), "",S8-S7) -> 1.5 | U8: 542191.3 | V8: =IF((U8-U7<0), "",U8-U7) -> 539 | W8: 504.82 | X8: =IF((W8-W7<0), "",(W8-W7)*1000) -> 370 | Y8: 3.7444 | Z8: =IF((Y8-Y7<0), "",(Y8-Y7)*1000000) -> 3100 | AA8: 507.69 | AB8: =IF((AA8-AA7<0), "",(AA8-AA7)*1000) -> 500 | AC8: 497.88 | AD8: =IF((AC8-AC7<0), "",(AC8-AC7)*1000) -> 650 | AE8: 736.09 | AF8: =IF((AE8-AE7<0), "",(AE8-AE7)*1000) -> 1240 | AG8: 16689 | AH8: =IF((AG8-AG7<0), "",AG8-AG7) -> 39 | AI8: 840.79 | AJ8: =IF((AI8-AI7<0), "",(AI8-AI7)*1000) -> 980 | AK8: 281.07 | AL8: =IF((AK8-AK7<0), "",(AK8-AK7)*1000) -> 290 | AM8: 262.45 | AN8: =IF((AM8-AM7<0), "",(AM8-AM7)*1000) -> 350 | AO8: 253.58 | AP8: =IF((AO8-AO7<0), "",(AO8-AO7)*1000) -> 300 | AQ8: 309.04 | AR8: =IF((AQ8-AQ7<0), "",(AQ8-AQ7)*1000) -> 200 | AS8: 433.19 | AT8: =IF((AS8-AS7<0), "",(AS8-AS7)*1000) -> 220 | AU8: 343.02 | AV8: =IF((AU8-AU7<0), "",(AU8-AU7)*1000) -> 290 | AW8: 373.58 | AX8: =IF((AW8-AW7<0), "",(AW8-AW7)*1000) -> 290 | AY8: 406.96 | AZ8: =IF((AY8-AY7<0), "",(AY8-AY7)*1000) -> 210 | BA8: 427.49 | BB8: =IF((BA8-BA7<0), "",(BA8-BA7)*1000) -> 330 | BC8: 274.48 | BD8: =IF((BC8-BC7<0), "",(BC8-BC7)*1000) -> 160 | BE8: 50810 | BF8: =IF((BE8-BE7<0), "",BE8-BE7) -> 49 | BG8: 247.71 | BH8: =IF((BG8-BG7<0), "",(BG8-BG7)*1000) -> 50 | BI8: 302.56 | BJ8: =IF((BI8-BI7<0), "",(BI8-BI7)*1000) -> 40 | BK8: 250.81 | BL8: =IF((BK8-BK7<0), "",(BK8-BK7)*1000) -> 50 | BM8: 237.26 | BN8: =IF((BM8-BM7<0), "",(BM8-BM7)*1000) -> 40 | BO8: 304.8 | BP8: =IF((BO8-BO7<0), "",(BO8-BO7)*1000) -> 70 | BQ8: 55862 | BR8: =IF((BQ8-BQ7<0), "",BQ8-BQ7) -> 45 | BS8: 214.79 | BT8: =IF((BS8-BS7<0), "",(BS8-BS7)*1000) -> 50 | BU8: 53399 | BV8: =IF((BU8-BU7<0), "",BU8-BU7) -> 47 | BW8: 243.13 | BX8: =IF((BW8-BW7<0), "",(BW8-BW7)*1000) -> 50 | BY8: 73041 | BZ8: =IF((BY8-BY7<0), "",BY8-BY7) -> 48 | CA8: 47347.8 | CB8: =IF((CA8-CA7<0), "",CA8-CA7) -> 65.5 | CC8: 15514.2 | CD8: =IF((CC8-CC7<0), "",CC8-CC7) -> 19 | CE8: 8036.7 | CF8: =IF((CE8-CE7<0), "",CE8-CE7) -> 8.5 | CG8: 73710.9 | CH8: =IF((CG8-CG7<0), "",CG8-CG7) -> 54.2 | CI8: 1041407 | CJ8: =IF((CI8-CI7<0), "",CI8-CI7) -> 286 | CK8: 977.34 | CL8: =IF((CK8-CK7<0), "",(CK8-CK7)*1000) -> 940 | CM8: =CQ8+CS8 -> 152.8 | CN8: 48 | CO8: 119 | CP8: 29090 | CQ8: =IF((CP8-CP7<0), "",CP8-CP7) -> 100 | CR8: 21131.2 | CS8: =IF((CR8-CR7<0), "",CR8-CR7) -> 52.8 | CT8: 9951 | CU8: =IF((CT8-CT7<0), "",CT8-CT7) -> 11 | CV8: 24041 | CW8: =IF((CV8-CV7<0), "",CV8-CV7) -> 12 | CX8: 2809.4 | CY8: =IF((CX8-CX7<0), "",CX8-CX7) -> 13.3
A9: 44687 | C9: 3.1668 | D9: =IF((C9-C8<0), "0",(C9-C8)*1000000) -> 4800 | E9: 4.264 | F9: =IF((E9-E8<0), "0",(E9-E8)*1000000) -> 4000 | G9: 4.2206 | H9: =IF((G9-G8<0), "0",(G9-G8)*1000000) -> 3600 | I9: 2.1205 | J9: =IF((I9-I8<0), "0",(I9-I8)*1000000) -> 2500 | K9: 3.3182 | L9: =IF((K9-K8<0), "0",(K9-K8)*1000000) -> 3200 | M9: 1.9009 | N9: =IF((M9-M8<0), "",(M9-M8)*1000000) -> 2900 | O9: 20407 | P9: =IF((O9-O8<0), "",O9-O8) -> 40 | Q9: 2483 | R9: =IF((Q9-Q8<0), "",Q9-Q8) -> 6 | S9: 1326.9 | T9: =IF((S9-S8<0), "",S9-S8) -> 1.4 | U9: 542652.6 | V9: =IF((U9-U8<0), "",U9-U8) -> 461.3 | W9: 505.26 | X9: =IF((W9-W8<0), "",(W9-W8)*1000) -> 440 | Y9: 3.7479 | Z9: =IF((Y9-Y8<0), "",(Y9-Y8)*1000000) -> 3500 | AA9: 508.18 | AB9: =IF((AA9-AA8<0), "",(AA9-AA8)*1000) -> 490 | AC9: 498.56 | AD9: =IF((AC9-AC8<0), "",(AC9-AC8)*1000) -> 680 | AE9: 737.32 | AF9: =IF((AE9-AE8<0), "",(AE9-AE8)*1000) -> 1230 | AG9: 16723 | AH9: =IF((AG9-AG8<0), "",AG9-AG8) -> 34 | AI9: 841.85 | AJ9: =IF((AI9-AI8<0), "",(AI9-AI8)*1000) -> 1060 | AK9: 281.39 | AL9: =IF((AK9-AK8<0), "",(AK9-AK8)*1000) -> 320 | AM9: 262.83 | AN9: =IF((AM9-AM8<0), "",(AM9-AM8)*1000) -> 380 | AO9: 253.82 | AP9: =IF((AO9-AO8<0), "",(AO9-AO8)*1000) -> 240 | AQ9: 309.26 | AR9: =IF((AQ9-AQ8<0), "",(AQ9-AQ8)*1000) -> 220 | AS9: 433.49 | AT9: =IF((AS9-AS8<0), "",(AS9-AS8)*1000) -> 300 | AU9: 343.29 | AV9: =IF((AU9-AU8<0), "",(AU9-AU8)*1000) -> 270 | AW9: 373.85 | AX9: =IF((AW9-AW8<0), "",(AW9-AW8)*1000) -> 270 | AY9: 407.18 | AZ9: =IF((AY9-AY8<0), "",(AY9-AY8)*1000) -> 220 | BA9: 427.81 | BB9: =IF((BA9-BA8<0), "",(BA9-BA8)*1000) -> 320 | BC9: 274.63 | BD9: =IF((BC9-BC8<0), "",(BC9-BC8)*1000) -> 150 | BE9: 50834 | BF9: =IF((BE9-BE8<0), "",BE9-BE8) -> 24 | BG9: 247.76 | BH9: =IF((BG9-BG8<0), "",(BG9-BG8)*1000) -> 50 | BI9: 302.59 | BJ9: =IF((BI9-BI8<0), "",(BI9-BI8)*1000) -> 30 | BK9: 250.86 | BL9: =IF((BK9-BK8<0), "",(BK9-BK8)*1000) -> 50 | BM9: 237.31 | BN9: =IF((BM9-BM8<0), "",(BM9-BM8)*1000) -> 50 | BO9: 304.86 | BP9: =IF((BO9-BO8<0), "",(BO9-BO8)*1000) -> 60 | BQ9: 55915 | BR9: =IF((BQ9-BQ8<0), "",BQ9-BQ8) -> 53 | BS9: 214.84 | BT9: =IF((BS9-BS8<0), "",(BS9-BS8)*1000) -> 50 | BU9: 53449 | BV9: =IF((BU9-BU8<0), "",BU9-BU8) -> 50 | BW9: 243.18 | BX9: =IF((BW9-BW8<0), "",(BW9-BW8)*1000) -> 50 | BY9: 73090 | BZ9: =IF((BY9-BY8<0), "",BY9-BY8) -> 49 | CA9: 47422.7 | CB9: =IF((CA9-CA8<0), "",CA9-CA8) -> 74.9 | CC9: 15527.9 | CD9: =IF((CC9-CC8<0), "",CC9-CC8) -> 13.7 | CE9: 8039.1 | CF9: =IF((CE9-CE8<0), "",CE9-CE8) -> 2.4 | CG9: 73774 | CH9: =IF((CG9-CG8<0), "",CG9-CG8) -> 63.1 | CI9: 1041711 | CJ9: =IF((CI9-CI8<0), "",CI9-CI8) -> 304 | CK9: 978.29 | CL9: =IF((CK9-CK8<0), "",(CK9-CK8)*1000) -> 950 | CM9: =CQ9+CS9 -> 119.5 | CN9: 50 | CO9: 124 | CP9: 29184 | CQ9: =IF((CP9-CP8<0), "",CP9-CP8) -> 94 | CR9: 21156.7 | CS9: =IF((CR9-CR8<0), "",CR9-CR8) -> 25.5 | CT9: 9961 | CU9: =IF((CT9-CT8<0), "",CT9-CT8) -> 10 | CV9: 24052 | CW9: =IF((CV9-CV8<0), "",CV9-CV8) -> 11 | CX9: 2823.2 | CY9: =IF((CX9-CX8<0), "",CX9-CX8) -> 13.8
A10: 44688 | C10: 3.1706 | D10: =IF((C10-C9<0), "0",(C10-C9)*1000000) -> 3800 | E10: 4.268 | F10: =IF((E10-E9<0), "0",(E10-E9)*1000000) -> 4000 | G10: 4.2245 | H10: =IF((G10-G9<0), "0",(G10-G9)*1000000) -> 3900 | I10: 2.1223 | J10: =IF((I10-I9<0), "0",(I10-I9)*1000000) -> 1800 | K10: 3.3209 | L10: =IF((K10-K9<0), "0",(K10-K9)*1000000) -> 2700 | M10: 1.9034 | N10: =IF((M10-M9<0), "",(M10-M9)*1000000) -> 2500 | O10: 20448 | P10: =IF((O10-O9<0), "",O10-O9) -> 41 | Q10: 2488 | R10: =IF((Q10-Q9<0), "",Q10-Q9) -> 5 | S10: 1328.3 | T10: =IF((S10-S9<0), "",S10-S9) -> 1.4 | U10: 543187.5 | V10: =IF((U10-U9<0), "",U10-U9) -> 534.9 | W10: 505.63 | X10: =IF((W10-W9<0), "",(W10-W9)*1000) -> 370 | Y10: 3.751 | Z10: =IF((Y10-Y9<0), "",(Y10-Y9)*1000000) -> 3100 | AA10: 508.65 | AB10: =IF((AA10-AA9<0), "",(AA10-AA9)*1000) -> 470 | AC10: 499.15 | AD10: =IF((AC10-AC9<0), "",(AC10-AC9)*1000) -> 590 | AE10: 738.48 | AF10: =IF((AE10-AE9<0), "",(AE10-AE9)*1000) -> 1160 | AG10: 16757 | AH10: =IF((AG10-AG9<0), "",AG10-AG9) -> 34 | AI10: 842.8 | AJ10: =IF((AI10-AI9<0), "",(AI10-AI9)*1000) -> 950 | AK10: 281.67 | AL10: =IF((AK10-AK9<0), "",(AK10-AK9)*1000) -> 280 | AM10: 263.13 | AN10: =IF((AM10-AM9<0), "",(AM10-AM9)*1000) -> 300 | AO10: 254.09 | AP10: =IF((AO10-AO9<0), "",(AO10-AO9)*1000) -> 270 | AQ10: 309.44 | AR10: =IF((AQ10-AQ9<0), "",(AQ10-AQ9)*1000) -> 180 | AS10: 433.88 | AT10: =IF((AS10-AS9<0), "",(AS10-AS9)*1000) -> 390 | AU10: 343.56 | AV10: =IF((AU10-AU9<0), "",(AU10-AU9)*1000) -> 270 | AW10: 374.06 | AX10: =IF((AW10-AW9<0), "",(AW10-AW9)*1000) -> 210 | AY10: 407.36 | AZ10: =IF((AY10-AY9<0), "",(AY10-AY9)*1000) -> 180 | BA10: 428.03 | BB10: =IF((BA10-BA9<0), "",(BA10-BA9)*1000) -> 220 | BC10: 274.79 | BD10: =IF((BC10-BC9<0), "",(BC10-BC9)*1000) -> 160 | BE10: 50883 | BF10: =IF((BE10-BE9<0), "",BE10-BE9) -> 49 | BG10: 247.81 | BH10: =IF((BG10-BG9<0), "",(BG10-BG9)*1000) -> 50 | BI10: 302.63 | BJ10: =IF((BI10-BI9<0), "",(BI10-BI9)*1000) -> 40 | BK10: 250.93 | BL10: =IF((BK10-BK9<0), "",(BK10-BK9)*1000) -> 70 | BM10: 237.35 | BN10: =IF((BM10-BM9<0), "",(BM10-BM9)*1000) -> 40 | BO10: 304.93 | BP10: =IF((BO10-BO9<0), "",(BO10-BO9)*1000) -> 70 | BQ10: 55962 | BR10: =IF((BQ10-BQ9<0), "",BQ10-BQ9) -> 47 | BS10: 214.9 | BT10: =IF((BS10-BS9<0), "",(BS10-BS9)*1000) -> 60 | BU10: 53496 | BV10: =IF((BU10-BU9<0), "",BU10-BU9) -> 47 | BW10: 243.23 | BX10: =IF((BW10-BW9<0), "",(BW10-BW9)*1000) -> 50 | BY10: 73136 | BZ10: =IF((BY10-BY9<0), "",BY10-BY9) -> 46 | CA10: 47491.5 | CB10: =IF((CA10-CA9<0), "",CA10-CA9) -> 68.8 | CC10: 15539.3 | CD10: =IF((CC10-CC9<0), "",CC10-CC9) -> 11.4 | CE10: 8042.3 | CF10: =IF((CE10-CE9<0), "",CE10-CE9) -> 3.2 | CG10: 73816.9 | CH10: =IF((CG10-CG9<0), "",CG10-CG9) -> 42.9 | CI10: 1042022 | CJ10: =IF((CI10-CI9<0), "",CI10-CI9) -> 311 | CK10: 979.21 | CL10: =IF((CK10-CK9<0), "",(CK10-CK9)*1000) -> 920 | CM10: =CQ10+CS10 -> 115.5 | CN10: 46 | CO10: 107 | CP10: 29276 | CQ10: =IF((CP10-CP9<0), "",CP10-CP9) -> 92 | CR10: 21180.2 | CS10: =IF((CR10-CR9<0), "",CR10-CR9) -> 23.5 | CT10: 9971 | CU10: =IF((CT10-CT9<0), "",CT10-CT9) -> 10 | CV10: 24063 | CW10: =IF((CV10-CV9<0), "",CV10-CV9) -> 11 | CX10: 2836.2 | CY10: =IF((CX10-CX9<0), "",CX10-CX9) -> 13
A11: 44689 | C11: 3.1745 | D11: =IF((C11-C10<0), "0",(C11-C10)*1000000) -> 3900 | E11: 4.2712 | F11: =IF((E11-E10<0), "0",(E11-E10)*1000000) -> 3200 | G11: 4.2283 | H11: =IF((G11-G10<0), "0",(G11-G10)*1000000) -> 3800 | I11: 2.1242 | J11: =IF((I11-I10<0), "0",(I11-I10)*1000000) -> 1900 | K11: 3.3235 | L11: =IF((K11-K10<0), "0",(K11-K10)*1000000) -> 2600 | M11: 1.9059 | N11: =IF((M11-M10<0), "",(M11-M10)*1000000) -> 2500 | O11: 20490 | P11: =IF((O11-O10<0), "",O11-O10) -> 42 | Q11: 2495 | R11: =IF((Q11-Q10<0), "",Q11-Q10) -> 7 | S11: 1329.9 | T11: =IF((S11-S10<0), "",S11-S10) -> 1.6 | U11: 543644.9 | V11: =IF((U11-U10<0), "",U11-U10) -> 457.4 | W11: 506.01 | X11: =IF((W11-W10<0), "",(W11-W10)*1000) -> 380 | Y11: 3.7541 | Z11: =IF((Y11-Y10<0), "",(Y11-Y10)*1000000) -> 3100 | AA11: 509.15 | AB11: =IF((AA11-AA10<0), "",(AA11-AA10)*1000) -> 500 | AC11: 499.81 | AD11: =IF((AC11-AC10<0), "",(AC11-AC10)*1000) -> 660 | AE11: 739.69 | AF11: =IF((AE11-AE10<0), "",(AE11-AE10)*1000) -> 1210 | AG11: 16795 | AH11: =IF((AG11-AG10<0), "",AG11-AG10) -> 38 | AI11: 843.87 | AJ11: =IF((AI11-AI10<0), "",(AI11-AI10)*1000) -> 1070 | AK11: 281.98 | AL11: =IF((AK11-AK10<0), "",(AK11-AK10)*1000) -> 310 | AM11: 263.45 | AN11: =IF((AM11-AM10<0), "",(AM11-AM10)*1000) -> 320 | AO11: 254.37 | AP11: =IF((AO11-AO10<0), "",(AO11-AO10)*1000) -> 280 | AQ11: 309.67 | AR11: =IF((AQ11-AQ10<0), "",(AQ11-AQ10)*1000) -> 230 | AS11: 434.25 | AT11: =IF((AS11-AS10<0), "",(AS11-AS10)*1000) -> 370 | AU11: 343.95 | AV11: =IF((AU11-AU10<0), "",(AU11-AU10)*1000) -> 390 | AW11: 374.37 | AX11: =IF((AW11-AW10<0), "",(AW11-AW10)*1000) -> 310 | AY11: 407.58 | AZ11: =IF((AY11-AY10<0), "",(AY11-AY10)*1000) -> 220 | BA11: 428.22 | BB11: =IF((BA11-BA10<0), "",(BA11-BA10)*1000) -> 190 | BC11: 274.96 | BD11: =IF((BC11-BC10<0), "",(BC11-BC10)*1000) -> 170 | BE11: 50922 | BF11: =IF((BE11-BE10<0), "",BE11-BE10) -> 39 | BG11: 247.85 | BH11: =IF((BG11-BG10<0), "",(BG11-BG10)*1000) -> 40 | BI11: 302.67 | BJ11: =IF((BI11-BI10<0), "",(BI11-BI10)*1000) -> 40 | BK11: 250.99 | BL11: =IF((BK11-BK10<0), "",(BK11-BK10)*1000) -> 60 | BM11: 237.4 | BN11: =IF((BM11-BM10<0), "",(BM11-BM10)*1000) -> 50 | BO11: 305 | BP11: =IF((BO11-BO10<0), "",(BO11-BO10)*1000) -> 70 | BQ11: 56011 | BR11: =IF((BQ11-BQ10<0), "",BQ11-BQ10) -> 49 | BS11: 214.96 | BT11: =IF((BS11-BS10<0), "",(BS11-BS10)*1000) -> 60 | BU11: 53545 | BV11: =IF((BU11-BU10<0), "",BU11-BU10) -> 49 | BW11: 243.28 | BX11: =IF((BW11-BW10<0), "",(BW11-BW10)*1000) -> 50 | BY11: 73189 | BZ11: =IF((BY11-BY10<0), "",BY11-BY10) -> 53 | CA11: 47562 | CB11: =IF((CA11-CA10<0), "",CA11-CA10) -> 70.5 | CC11: 15550.9 | CD11: =IF((CC11-CC10<0), "",CC11-CC10) -> 11.6 | CE11: 8068.3 | CF11: =IF((CE11-CE10<0), "",CE11-CE10) -> 26 | CG11: 73859.3 | CH11: =IF((CG11-CG10<0), "",CG11-CG10) -> 42.4 | CI11: 1042430 | CJ11: =IF((CI11-CI10<0), "",CI11-CI10) -> 408 | CK11: 980.25 | CL11: =IF((CK11-CK10<0), "",(CK11-CK10)*1000) -> 1040 | CM11: =CQ11+CS11 -> 131 | CN11: 43 | CO11: 106 | CP11: 29377 | CQ11: =IF((CP11-CP10<0), "",CP11-CP10) -> 101 | CR11: 21210.2 | CS11: =IF((CR11-CR10<0), "",CR11-CR10) -> 30 | CT11: 9980 | CU11: =IF((CT11-CT10<0), "",CT11-CT10) -> 9 | CV11: 24074 | CW11: =IF((CV11-CV10<0), "",CV11-CV10) -> 11 | CX11: 2849.9 | CY11: =IF((CX11-CX10<0), "",CX11-CX10) -> 13.7
A12: 44690 | C12: 3.1786 | D12: =IF((C12-C11<0), "0",(C12-C11)*1000000) -> 4100 | E12: 4.275 | F12: =IF((E12-E11<0), "0",(E12-E11)*1000000) -> 3800 | G12: 4.2319 | H12: =IF((G12-G11<0), "0",(G12-G11)*1000000) -> 3600 | I12: 2.1261 | J12: =IF((I12-I11<0), "0",(I12-I11)*1000000) -> 1900 | K12: 3.3259 | L12: =IF((K12-K11<0), "0",(K12-K11)*1000000) -> 2400 | M12: 1.9081 | N12: =IF((M12-M11<0), "",(M12-M11)*1000000) -> 2200 | O12: 20530 | P12: =IF((O12-O11<0), "",O12-O11) -> 40 | Q12: 2502 | R12: =IF((Q12-Q11<0), "",Q12-Q11) -> 7 | S12: 1331.5 | T12: =IF((S12-S11<0), "",S12-S11) -> 1.6 | U12: 544323.1 | V12: =IF((U12-U11<0), "",U12-U11) -> 678.2 | W12: 506.42 | X12: =IF((W12-W11<0), "",(W12-W11)*1000) -> 410 | Y12: 3.7575 | Z12: =IF((Y12-Y11<0), "",(Y12-Y11)*1000000) -> 3400 | AA12: 509.62 | AB12: =IF((AA12-AA11<0), "",(AA12-AA11)*1000) -> 470 | AC12: 500.42 | AD12: =IF((AC12-AC11<0), "",(AC12-AC11)*1000) -> 610 | AE12: 740.92 | AF12: =IF((AE12-AE11<0), "",(AE12-AE11)*1000) -> 1230 | AG12: 16838 | AH12: =IF((AG12-AG11<0), "",AG12-AG11) -> 43 | AI12: 844.91 | AJ12: =IF((AI12-AI11<0), "",(AI12-AI11)*1000) -> 1040 | AK12: 282.26 | AL12: =IF((AK12-AK11<0), "",(AK12-AK11)*1000) -> 280 | AM12: 263.81 | AN12: =IF((AM12-AM11<0), "",(AM12-AM11)*1000) -> 360 | AO12: 254.61 | AP12: =IF((AO12-AO11<0), "",(AO12-AO11)*1000) -> 240 | AQ12: 310.05 | AR12: =IF((AQ12-AQ11<0), "",(AQ12-AQ11)*1000) -> 380 | AS12: 434.61 | AT12: =IF((AS12-AS11<0), "",(AS12-AS11)*1000) -> 360 | AU12: 344.13 | AV12: =IF((AU12-AU11<0), "",(AU12-AU11)*1000) -> 180 | AW12: 374.71 | AX12: =IF((AW12-AW11<0), "",(AW12-AW11)*1000) -> 340 | AY12: 407.76 | AZ12: =IF((AY12-AY11<0), "",(AY12-AY11)*1000) -> 180 | BA12: 428.43 | BB12: =IF((BA12-BA11<0), "",(BA12-BA11)*1000) -> 210 | BC12: 275.12 | BD12: =IF((BC12-BC11<0), "",(BC12-BC11)*1000) -> 160 | BE12: 50958 | BF12: =IF((BE12-BE11<0), "",BE12-BE11) -> 36 | BG12: 247.9 | BH12: =IF((BG12-BG11<0), "",(BG12-BG11)*1000) -> 50 | BI12: 302.71 | BJ12: =IF((BI12-BI11<0), "",(BI12-BI11)*1000) -> 40 | BK12: 251.06 | BL12: =IF((BK12-BK11<0), "",(BK12-BK11)*1000) -> 70 | BM12: 237.45 | BN12: =IF((BM12-BM11<0), "",(BM12-BM11)*1000) -> 50 | BO12: 305.07 | BP12: =IF((BO12-BO11<0), "",(BO12-BO11)*1000) -> 70 | BQ12: 56066 | BR12: =IF((BQ12-BQ11<0), "",BQ12-BQ11) -> 55 | BS12: 215.03 | BT12: =IF((BS12-BS11<0), "",(BS12-BS11)*1000) -> 70 | BU12: 53596 | BV12: =IF((BU12-BU11<0), "",BU12-BU11) -> 51 | BW12: 243.34 | BX12: =IF((BW12-BW11<0), "",(BW12-BW11)*1000) -> 60 | BY12: 73245 | BZ12: =IF((BY12-BY11<0), "",BY12-BY11) -> 56 | CA12: 47623 | CB12: =IF((CA12-CA11<0), "",CA12-CA11) -> 61 | CC12: 15563.8 | CD12: =IF((CC12-CC11<0), "",CC12-CC11) -> 12.9 | CE12: 8072.8 | CF12: =IF((CE12-CE11<0), "",CE12-CE11) -> 4.5 | CG12: 73914.1 | CH12: =IF((CG12-CG11<0), "",CG12-CG11) -> 54.8 | CI12: 1042693 | CJ12: =IF((CI12-CI11<0), "",CI12-CI11) -> 263 | CK12: 981.21 | CL12: =IF((CK12-CK11<0), "",(CK12-CK11)*1000) -> 960 | CM12: =CQ12+CS12 -> 141.8 | CN12: 43 | CO12: 106 | CP12: 29476 | CQ12: =IF((CP12-CP11<0), "",CP12-CP11) -> 99 | CR12: 21253 | CS12: =IF((CR12-CR11<0), "",CR12-CR11) -> 42.8 | CT12: 9989 | CU12: =IF((CT12-CT11<0), "",CT12-CT11) -> 9 | CV12: 24085 | CW12: =IF((CV12-CV11<0), "",CV12-CV11) -> 11 | CX12: 2863.4 | CY12: =IF((CX12-CX11<0), "",CX12-CX11) -> 13.5
A13: 44691 | C13: 3.1825 | D13: =IF((C13-C12<0), "0",(C13-C12)*1000000) -> 3900 | E13: 4.278 | F13: =IF((E13-E12<0), "0",(E13-E12)*1000000) -> 3000 | G13: 4.2355 | H13: =IF((G13-G12<0), "0",(G13-G12)*1000000) -> 3600 | I13: 2.128 | J13: =IF((I13-I12<0), "0",(I13-I12)*1000000) -> 1900 | K13: 3.3281 | L13: =IF((K13-K12<0), "0",(K13-K12)*1000000) -> 2200 | M13: 1.9102 | N13: =IF((M13-M12<0), "",(M13-M12)*1000000) -> 2100 | O13: 20565 | P13: =IF((O13-O12<0), "",O13-O12) -> 35 | Q13: 2508 | R13: =IF((Q13-Q12<0), "",Q13-Q12) -> 6 | S13: 1333 | T13: =IF((S13-S12<0), "",S13-S12) -> 1.5 | U13: 544910.5 | V13: =IF((U13-U12<0), "",U13-U12) -> 587.4 | W13: 506.76 | X13: =IF((W13-W12<0), "",(W13-W12)*1000) -> 340 | Y13: 3.7604 | Z13: =IF((Y13-Y12<0), "",(Y13-Y12)*1000000) -> 2900 | AA13: 509.9 | AB13: =IF((AA13-AA12<0), "",(AA13-AA12)*1000) -> 280 | AC13: 500.93 | AD13: =IF((AC13-AC12<0), "",(AC13-AC12)*1000) -> 510 | AE13: 742.01 | AF13: =IF((AE13-AE12<0), "",(AE13-AE12)*1000) -> 1090 | AG13: 16892 | AH13: =IF((AG13-AG12<0), "",AG13-AG12) -> 54 | AI13: 845.89 | AJ13: =IF((AI13-AI12<0), "",(AI13-AI12)*1000) -> 980 | AK13: 282.54 | AL13: =IF((AK13-AK12<0), "",(AK13-AK12)*1000) -> 280 | AM13: 264.13 | AN13: =IF((AM13-AM12<0), "",(AM13-AM12)*1000) -> 320 | AO13: 254.82 | AP13: =IF((AO13-AO12<0), "",(AO13-AO12)*1000) -> 210 | AQ13: 310.29 | AR13: =IF((AQ13-AQ12<0), "",(AQ13-AQ12)*1000) -> 240 | AS13: 434.95 | AT13: =IF((AS13-AS12<0), "",(AS13-AS12)*1000) -> 340 | AU13: 344.39 | AV13: =IF((AU13-AU12<0), "",(AU13-AU12)*1000) -> 260 | AW13: 374.98 | AX13: =IF((AW13-AW12<0), "",(AW13-AW12)*1000) -> 270 | AY13: 407.93 | AZ13: =IF((AY13-AY12<0), "",(AY13-AY12)*1000) -> 170 | BA13: 428.68 | BB13: =IF((BA13-BA12<0), "",(BA13-BA12)*1000) -> 250 | BC13: 275.29 | BD13: =IF((BC13-BC12<0), "",(BC13-BC12)*1000) -> 170 | BE13: 50987 | BF13: =IF((BE13-BE12<0), "",BE13-BE12) -> 29 | BG13: 247.94 | BH13: =IF((BG13-BG12<0), "",(BG13-BG12)*1000) -> 40 | BI13: 302.75 | BJ13: =IF((BI13-BI12<0), "",(BI13-BI12)*1000) -> 40 | BK13: 251.12 | BL13: =IF((BK13-BK12<0), "",(BK13-BK12)*1000) -> 60 | BM13: 237.5 | BN13: =IF((BM13-BM12<0), "",(BM13-BM12)*1000) -> 50 | BO13: 305.14 | BP13: =IF((BO13-BO12<0), "",(BO13-BO12)*1000) -> 70 | BQ13: 56111 | BR13: =IF((BQ13-BQ12<0), "",BQ13-BQ12) -> 45 | BS13: 215.09 | BT13: =IF((BS13-BS12<0), "",(BS13-BS12)*1000) -> 60 | BU13: 53636 | BV13: =IF((BU13-BU12<0), "",BU13-BU12) -> 40 | BW13: 243.39 | BX13: =IF((BW13-BW12<0), "",(BW13-BW12)*1000) -> 50 | BY13: 73293 | BZ13: =IF((BY13-BY12<0), "",BY13-BY12) -> 48 | CA13: 47685.8 | CB13: =IF((CA13-CA12<0), "",CA13-CA12) -> 62.8 | CC13: 15572.8 | CD13: =IF((CC13-CC12<0), "",CC13-CC12) -> 9 | CE13: 8072.9 | CF13: =IF((CE13-CE12<0), "",CE13-CE12) -> 0.1 | CG13: 73970.5 | CH13: =IF((CG13-CG12<0), "",CG13-CG12) -> 56.4 | CI13: 1043017 | CJ13: =IF((CI13-CI12<0), "",CI13-CI12) -> 324 | CK13: 982.15 | CL13: =IF((CK13-CK12<0), "",(CK13-CK12)*1000) -> 940 | CM13: =CQ13+CS13 -> 143.2 | CN13: 40 | CO13: 96 | CP13: 29592 | CQ13: =IF((CP13-CP12<0), "",CP13-CP12) -> 116 | CR13: 21280.2 | CS13: =IF((CR13-CR12<0), "",CR13-CR12) -> 27.2 | CT13: 10001 | CU13: =IF((CT13-CT12<0), "",CT13-CT12) -> 12 | CV13: 24095 | CW13: =IF((CV13-CV12<0), "",CV13-CV12) -> 10 | CX13: 2875.9 | CY13: =IF((CX13-CX12<0), "",CX13-CX12) -> 12.5
A14: 44692 | C14: 3.1865 | D14: =IF((C14-C13<0), "0",(C14-C13)*1000000) -> 4000 | E14: 4.2816 | F14: =IF((E14-E13<0), "0",(E14-E13)*1000000) -> 3600 | G14: 4.2391 | H14: =IF((G14-G13<0), "0",(G14-G13)*1000000) -> 3600 | I14: 2.1298 | J14: =IF((I14-I13<0), "0",(I14-I13)*1000000) -> 1800 | K14: 3.3302 | L14: =IF((K14-K13<0), "0",(K14-K13)*1000000) -> 2100 | M14: 1.9125 | N14: =IF((M14-M13<0), "",(M14-M13)*1000000) -> 2300 | O14: 20606 | P14: =IF((O14-O13<0), "",O14-O13) -> 41 | Q14: 2514 | R14: =IF((Q14-Q13<0), "",Q14-Q13) -> 6 | S14: 1334.4 | T14: =IF((S14-S13<0), "",S14-S13) -> 1.4 | U14: 545502.6 | V14: =IF((U14-U13<0), "",U14-U13) -> 592.1 | W14: 507.15 | X14: =IF((W14-W13<0), "",(W14-W13)*1000) -> 390 | Y14: 3.7634 | Z14: =IF((Y14-Y13<0), "",(Y14-Y13)*1000000) -> 3000 | AA14: 510.32 | AB14: =IF((AA14-AA13<0), "",(AA14-AA13)*1000) -> 420 | AC14: 501.48 | AD14: =IF((AC14-AC13<0), "",(AC14-AC13)*1000) -> 550 | AE14: 743.13 | AF14: =IF((AE14-AE13<0), "",(AE14-AE13)*1000) -> 1120 | AG14: 16954 | AH14: =IF((AG14-AG13<0), "",AG14-AG13) -> 62 | AI14: 846.97 | AJ14: =IF((AI14-AI13<0), "",(AI14-AI13)*1000) -> 1080 | AK14: 282.89 | AL14: =IF((AK14-AK13<0), "",(AK14-AK13)*1000) -> 350 | AM14: 264.48 | AN14: =IF((AM14-AM13<0), "",(AM14-AM13)*1000) -> 350 | AO14: 255.05 | AP14: =IF((AO14-AO13<0), "",(AO14-AO13)*1000) -> 230 | AQ14: 310.61 | AR14: =IF((AQ14-AQ13<0), "",(AQ14-AQ13)*1000) -> 320 | AS14: 435.34 | AT14: =IF((AS14-AS13<0), "",(AS14-AS13)*1000) -> 390 | AU14: 344.67 | AV14: =IF((AU14-AU13<0), "",(AU14-AU13)*1000) -> 280 | AW14: 375.25 | AX14: =IF((AW14-AW13<0), "",(AW14-AW13)*1000) -> 270 | AY14: 408.17 | AZ14: =IF((AY14-AY13<0), "",(AY14-AY13)*1000) -> 240 | BA14: 428.92 | BB14: =IF((BA14-BA13<0), "",(BA14-BA13)*1000) -> 240 | BC14: 275.46 | BD14: =IF((BC14-BC13<0), "",(BC14-BC13)*1000) -> 170 | BE14: 51026 | BF14: =IF((BE14-BE13<0), "",BE14-BE13) -> 39 | BG14: 247.98 | BH14: =IF((BG14-BG13<0), "",(BG14-BG13)*1000) -> 40 | BI14: 302.78 | BJ14: =IF((BI14-BI13<0), "",(BI14-BI13)*1000) -> 30 | BK14: 251.18 | BL14: =IF((BK14-BK13<0), "",(BK14-BK13)*1000) -> 60 | BM14: 237.56 | BN14: =IF((BM14-BM13<0), "",(BM14-BM13)*1000) -> 60 | BO14: 305.21 | BP14: =IF((BO14-BO13<0), "",(BO14-BO13)*1000) -> 70 | BQ14: 56155 | BR14: =IF((BQ14-BQ13<0), "",BQ14-BQ13) -> 44 | BS14: 215.14 | BT14: =IF((BS14-BS13<0), "",(BS14-BS13)*1000) -> 50 | BU14: 53693 | BV14: =IF((BU14-BU13<0), "",BU14-BU13) -> 57 | BW14: 243.44 | BX14: =IF((BW14-BW13<0), "",(BW14-BW13)*1000) -> 50 | BY14: 73343 | BZ14: =IF((BY14-BY13<0), "",BY14-BY13) -> 50 | CA14: 47745.8 | CB14: =IF((CA14-CA13<0), "",CA14-CA13) -> 60 | CC14: 15581.5 | CD14: =IF((CC14-CC13<0), "",CC14-CC13) -> 8.7 | CE14: 8078.4 | CF14: =IF((CE14-CE13<0), "",CE14-CE13) -> 5.5 | CG14: 74017.4 | CH14: =IF((CG14-CG13<0), "",CG14-CG13) -> 46.9 | CI14: 1043334 | CJ14: =IF((CI14-CI13<0), "",CI14-CI13) -> 317 | CK14: 983.06 | CL14: =IF((CK14-CK13<0), "",(CK14-CK13)*1000) -> 910 | CM14: =CQ14+CS14 -> 137.8 | CN14: 41 | CO14: 96 | CP14: 29699 | CQ14: =IF((CP14-CP13<0), "",CP14-CP13) -> 107 | CR14: 21311 | CS14: =IF((CR14-CR13<0), "",CR14-CR13) -> 30.8 | CT14: 10014 | CU14: =IF((CT14-CT13<0), "",CT14-CT13) -> 13 | CV14: 24107 | CW14: =IF((CV14-CV13<0), "",CV14-CV13) -> 12 | CX14: 2888.8 | CY14: =IF((CX14-CX13<0), "",CX14-CX13) -> 12.9
A15: 44693 | C15: 3.1909 | D15: =IF((C15-C14<0), "0",(C15-C14)*1000000) -> 4400 | E15: 4.2825 | F15: =IF((E15-E14<0), "0",(E15-E14)*1000000) -> 900 | G15: 4.2427 | H15: =IF((G15-G14<0), "0",(G15-G14)*1000000) -> 3600 | I15: 2.1317 | J15: =IF((I15-I14<0), "0",(I15-I14)*1000000) -> 1900 | K15: 3.3324 | L15: =IF((K15-K14<0), "0",(K15-K14)*1000000) -> 2200 | M15: 1.9148 | N15: =IF((M15-M14<0), "",(M15-M14)*1000000) -> 2300 | O15: 20648 | P15: =IF((O15-O14<0), "",O15-O14) -> 42 | Q15: 2521 | R15: =IF((Q15-Q14<0), "",Q15-Q14) -> 7 | S15: 1335.7 | T15: =IF((S15-S14<0), "",S15-S14) -> 1.3 | U15: 546018.1 | V15: =IF((U15-U14<0), "",U15-U14) -> 515.5 | W15: 507.55 | X15: =IF((W15-W14<0), "",(W15-W14)*1000) -> 400 | Y15: 3.7666 | Z15: =IF((Y15-Y14<0), "",(Y15-Y14)*1000000) -> 3200 | AA15: 510.76 | AB15: =IF((AA15-AA14<0), "",(AA15-AA14)*1000) -> 440 | AC15: 502.05 | AD15: =IF((AC15-AC14<0), "",(AC15-AC14)*1000) -> 570 | AE15: 744.36 | AF15: =IF((AE15-AE14<0), "",(AE15-AE14)*1000) -> 1230 | AG15: 16998 | AH15: =IF((AG15-AG14<0), "",AG15-AG14) -> 44 | AI15: 848.05 | AJ15: =IF((AI15-AI14<0), "",(AI15-AI14)*1000) -> 1080 | AK15: 283.15 | AL15: =IF((AK15-AK14<0), "",(AK15-AK14)*1000) -> 260 | AM15: 264.86 | AN15: =IF((AM15-AM14<0), "",(AM15-AM14)*1000) -> 380 | AO15: 255.28 | AP15: =IF((AO15-AO14<0), "",(AO15-AO14)*1000) -> 230 | AQ15: 310.89 | AR15: =IF((AQ15-AQ14<0), "",(AQ15-AQ14)*1000) -> 280 | AS15: 435.72 | AT15: =IF((AS15-AS14<0), "",(AS15-AS14)*1000) -> 380 | AU15: 345 | AV15: =IF((AU15-AU14<0), "",(AU15-AU14)*1000) -> 330 | AW15: 375.54 | AX15: =IF((AW15-AW14<0), "",(AW15-AW14)*1000) -> 290 | AY15: 408.48 | AZ15: =IF((AY15-AY14<0), "",(AY15-AY14)*1000) -> 310 | BA15: 429.16 | BB15: =IF((BA15-BA14<0), "",(BA15-BA14)*1000) -> 240 | BC15: 275.62 | BD15: =IF((BC15-BC14<0), "",(BC15-BC14)*1000) -> 160 | BE15: 51063 | BF15: =IF((BE15-BE14<0), "",BE15-BE14) -> 37 | BG15: 248.02 | BH15: =IF((BG15-BG14<0), "",(BG15-BG14)*1000) -> 40 | BI15: 302.83 | BJ15: =IF((BI15-BI14<0), "",(BI15-BI14)*1000) -> 50 | BK15: 251.26 | BL15: =IF((BK15-BK14<0), "",(BK15-BK14)*1000) -> 80 | BM15: 237.62 | BN15: =IF((BM15-BM14<0), "",(BM15-BM14)*1000) -> 60 | BO15: 305.27 | BP15: =IF((BO15-BO14<0), "",(BO15-BO14)*1000) -> 60 | BQ15: 56205 | BR15: =IF((BQ15-BQ14<0), "",BQ15-BQ14) -> 50 | BS15: 215.2 | BT15: =IF((BS15-BS14<0), "",(BS15-BS14)*1000) -> 60 | BU15: 53750 | BV15: =IF((BU15-BU14<0), "",BU15-BU14) -> 57 | BW15: 243.49 | BX15: =IF((BW15-BW14<0), "",(BW15-BW14)*1000) -> 50 | BY15: 73399 | BZ15: =IF((BY15-BY14<0), "",BY15-BY14) -> 56 | CA15: 47800.2 | CB15: =IF((CA15-CA14<0), "",CA15-CA14) -> 54.4 | CC15: 15595.2 | CD15: =IF((CC15-CC14<0), "",CC15-CC14) -> 13.7 | CE15: 8086.1 | CF15: =IF((CE15-CE14<0), "",CE15-CE14) -> 7.7 | CG15: 74067.2 | CH15: =IF((CG15-CG14<0), "",CG15-CG14) -> 49.8 | CI15: 1043659 | CJ15: =IF((CI15-CI14<0), "",CI15-CI14) -> 325 | CK15: 984 | CL15: =IF((CK15-CK14<0), "",(CK15-CK14)*1000) -> 940 | CM15: =CQ15+CS15 -> 139 | CN15: 49 | CO15: 94 | CP15: 29805 | CQ15: =IF((CP15-CP14<0), "",CP15-CP14) -> 106 | CR15: 21344 | CS15: =IF((CR15-CR14<0), "",CR15-CR14) -> 33 | CT15: 10026 | CU15: =IF((CT15-CT14<0), "",CT15-CT14) -> 12 | CV15: 24139 | CW15: =IF((CV15-CV14<0), "",CV15-CV14) -> 32 | CX15: 2902.1 | CY15: =IF((CX15-CX14<0), "",CX15-CX14) -> 13.3
A16: 44694 | C16: 3.195 | D16: =IF((C16-C15<0), "0",(C16-C15)*1000000) -> 4100 | E16: 4.288 | F16: =IF((E16-E15<0), "0",(E16-E15)*1000000) -> 5500 | G16: 4.2463 | H16: =IF((G16-G15<0), "0",(G16-G15)*1000000) -> 3600 | I16: 2.1336 | J16: =IF((I16-I15<0), "0",(I16-I15)*1000000) -> 1900 | K16: 3.3345 | L16: =IF((K16-K15<0), "0",(K16-K15)*1000000) -> 2100 | M16: 1.9171 | N16: =IF((M16-M15<0), "",(M16-M15)*1000000) -> 2300 | O16: 20691 | P16: =IF((O16-O15<0), "",O16-O15) -> 43 | Q16: 2527 | R16: =IF((Q16-Q15<0), "",Q16-Q15) -> 6 | S16: 1337.1 | T16: =IF((S16-S15<0), "",S16-S15) -> 1.4 | U16: 546562.5 | V16: =IF((U16-U15<0), "",U16-U15) -> 544.4 | W16: 507.92 | X16: =IF((W16-W15<0), "",(W16-W15)*1000) -> 370 | Y16: 3.7696 | Z16: =IF((Y16-Y15<0), "",(Y16-Y15)*1000000) -> 3000 | AA16: 511.2 | AB16: =IF((AA16-AA15<0), "",(AA16-AA15)*1000) -> 440 | AC16: 502.61 | AD16: =IF((AC16-AC15<0), "",(AC16-AC15)*1000) -> 560 | AE16: 745.59 | AF16: =IF((AE16-AE15<0), "",(AE16-AE15)*1000) -> 1230 | AG16: 17045 | AH16: =IF((AG16-AG15<0), "",AG16-AG15) -> 47 | AI16: 849.06 | AJ16: =IF((AI16-AI15<0), "",(AI16-AI15)*1000) -> 1010 | AK16: 283.44 | AL16: =IF((AK16-AK15<0), "",(AK16-AK15)*1000) -> 290 | AM16: 265.23 | AN16: =IF((AM16-AM15<0), "",(AM16-AM15)*1000) -> 370 | AO16: 255.5 | AP16: =IF((AO16-AO15<0), "",(AO16-AO15)*1000) -> 220 | AQ16: 311.2 | AR16: =IF((AQ16-AQ15<0), "",(AQ16-AQ15)*1000) -> 310 | AS16: 436.1 | AT16: =IF((AS16-AS15<0), "",(AS16-AS15)*1000) -> 380 | AU16: 345.35 | AV16: =IF((AU16-AU15<0), "",(AU16-AU15)*1000) -> 350 | AW16: 375.81 | AX16: =IF((AW16-AW15<0), "",(AW16-AW15)*1000) -> 270 | AY16: 408.75 | AZ16: =IF((AY16-AY15<0), "",(AY16-AY15)*1000) -> 270 | BA16: 429.79 | BB16: =IF((BA16-BA15<0), "",(BA16-BA15)*1000) -> 630 | BC16: 275.78 | BD16: =IF((BC16-BC15<0), "",(BC16-BC15)*1000) -> 160 | BE16: 51103 | BF16: =IF((BE16-BE15<0), "",BE16-BE15) -> 40 | BG16: 248.07 | BH16: =IF((BG16-BG15<0), "",(BG16-BG15)*1000) -> 50 | BI16: 302.88 | BJ16: =IF((BI16-BI15<0), "",(BI16-BI15)*1000) -> 50 | BK16: 251.33 | BL16: =IF((BK16-BK15<0), "",(BK16-BK15)*1000) -> 70 | BM16: 237.67 | BN16: =IF((BM16-BM15<0), "",(BM16-BM15)*1000) -> 50 | BO16: 305.34 | BP16: =IF((BO16-BO15<0), "",(BO16-BO15)*1000) -> 70 | BQ16: 56250 | BR16: =IF((BQ16-BQ15<0), "",BQ16-BQ15) -> 45 | BS16: 215.26 | BT16: =IF((BS16-BS15<0), "",(BS16-BS15)*1000) -> 60 | BU16: 53788 | BV16: =IF((BU16-BU15<0), "",BU16-BU15) -> 38 | BW16: 243.55 | BX16: =IF((BW16-BW15<0), "",(BW16-BW15)*1000) -> 60 | BY16: 73454 | BZ16: =IF((BY16-BY15<0), "",BY16-BY15) -> 55 | CA16: 47848.6 | CB16: =IF((CA16-CA15<0), "",CA16-CA15) -> 48.4 | CC16: 15607.6 | CD16: =IF((CC16-CC15<0), "",CC16-CC15) -> 12.4 | CE16: 8093.6 | CF16: =IF((CE16-CE15<0), "",CE16-CE15) -> 7.5 | CG16: 74147.2 | CH16: =IF((CG16-CG15<0), "",CG16-CG15) -> 80 | CI16: 1043993 | CJ16: =IF((CI16-CI15<0), "",CI16-CI15) -> 334 | CK16: 985.2 | CL16: =IF((CK16-CK15<0), "",(CK16-CK15)*1000) -> 1200 | CM16: =CQ16+CS16 -> 118 | CN16: 45 | CO16: 104 | CP16: 29896 | CQ16: =IF((CP16-CP15<0), "",CP16-CP15) -> 91 | CR16: 21371 | CS16: =IF((CR16-CR15<0), "",CR16-CR15) -> 27 | CT16: 10039 | CU16: =IF((CT16-CT15<0), "",CT16-CT15) -> 13 | CV16: 24165 | CW16: =IF((CV16-CV15<0), "",CV16-CV15) -> 26 | CX16: 2914.9 | CY16: =IF((CX16-CX15<0), "",CX16-CX15) -> 12.8
A17: 44695 | C17: 3.199 | D17: =IF((C17-C16<0), "0",(C17-C16)*1000000) -> 4000 | E17: 4.291 | F17: =IF((E17-E16<0), "0",(E17-E16)*1000000) -> 3000 | G17: 4.25 | H17: =IF((G17-G16<0), "0",(G17-G16)*1000000) -> 3700 | I17: 2.1356 | J17: =IF((I17-I16<0), "0",(I17-I16)*1000000) -> 2000 | K17: 3.3366 | L17: =IF((K17-K16<0), "0",(K17-K16)*1000000) -> 2100 | M17: 1.9194 | N17: =IF((M17-M16<0), "",(M17-M16)*1000000) -> 2300 | O17: 20732 | P17: =IF((O17-O16<0), "",O17-O16) -> 41 | Q17: 2534 | R17: =IF((Q17-Q16<0), "",Q17-Q16) -> 7 | S17: 1338.6 | T17: =IF((S17-S16<0), "",S17-S16) -> 1.5 | U17: 547137.4 | V17: =IF((U17-U16<0), "",U17-U16) -> 574.9 | W17: 508.29 | X17: =IF((W17-W16<0), "",(W17-W16)*1000) -> 370 | Y17: 3.7727 | Z17: =IF((Y17-Y16<0), "",(Y17-Y16)*1000000) -> 3100 | AA17: 511.63 | AB17: =IF((AA17-AA16<0), "",(AA17-AA16)*1000) -> 430 | AC17: 503.23 | AD17: =IF((AC17-AC16<0), "",(AC17-AC16)*1000) -> 620 | AE17: 746.78 | AF17: =IF((AE17-AE16<0), "",(AE17-AE16)*1000) -> 1190 | AG17: 17087 | AH17: =IF((AG17-AG16<0), "",AG17-AG16) -> 42 | AI17: 850.03 | AJ17: =IF((AI17-AI16<0), "",(AI17-AI16)*1000) -> 970 | AK17: 283.76 | AL17: =IF((AK17-AK16<0), "",(AK17-AK16)*1000) -> 320 | AM17: 265.57 | AN17: =IF((AM17-AM16<0), "",(AM17-AM16)*1000) -> 340 | AO17: 255.72 | AP17: =IF((AO17-AO16<0), "",(AO17-AO16)*1000) -> 220 | AQ17: 311.49 | AR17: 436.5 | AS17: 436.5 | AT17: =IF((AS17-AS16<0), "",(AS17-AS16)*1000) -> 400 | AU17: 345.74 | AV17: =IF((AU17-AU16<0), "",(AU17-AU16)*1000) -> 390 | AW17: 376.11 | AX17: =IF((AW17-AW16<0), "",(AW17-AW16)*1000) -> 300 | AY17: 409.04 | AZ17: =IF((AY17-AY16<0), "",(AY17-AY16)*1000) -> 290 | BA17: 429.83 | BB17: =IF((BA17-BA16<0), "",(BA17-BA16)*1000) -> 40 | BC17: 275.95 | BD17: =IF((BC17-BC16<0), "",(BC17-BC16)*1000) -> 170 | BE17: 51131 | BF17: =IF((BE17-BE16<0), "",BE17-BE16) -> 28 | BG17: 248.13 | BH17: =IF((BG17-BG16<0), "",(BG17-BG16)*1000) -> 60 | BI17: 302.93 | BJ17: =IF((BI17-BI16<0), "",(BI17-BI16)*1000) -> 50 | BK17: 251.4 | BL17: =IF((BK17-BK16<0), "",(BK17-BK16)*1000) -> 70 | BM17: 237.72 | BN17: =IF((BM17-BM16<0), "",(BM17-BM16)*1000) -> 50 | BO17: 305.42 | BP17: =IF((BO17-BO16<0), "",(BO17-BO16)*1000) -> 80 | BQ17: 56296 | BR17: =IF((BQ17-BQ16<0), "",BQ17-BQ16) -> 46 | BS17: 215.33 | BT17: =IF((BS17-BS16<0), "",(BS17-BS16)*1000) -> 70 | BU17: 53847 | BV17: =IF((BU17-BU16<0), "",BU17-BU16) -> 59 | BW17: 243.6 | BX17: =IF((BW17-BW16<0), "",(BW17-BW16)*1000) -> 50 | BY17: 73514 | BZ17: =IF((BY17-BY16<0), "",BY17-BY16) -> 60 | CA17: 47896.9 | CB17: =IF((CA17-CA16<0), "",CA17-CA16) -> 48.3 | CC17: 15622.6 | CD17: =IF((CC17-CC16<0), "",CC17-CC16) -> 15 | CE17: 8098.1 | CF17: =IF((CE17-CE16<0), "",CE17-CE16) -> 4.5 | CG17: 74174 | CH17: =IF((CG17-CG16<0), "",CG17-CG16) -> 26.8 | CI17: 1044342 | CJ17: =IF((CI17-CI16<0), "",CI17-CI16) -> 349 | CK17: 985.8 | CL17: =IF((CK17-CK16<0), "",(CK17-CK16)*1000) -> 600 | CM17: =CQ17+CS17 -> 120 | CN17: 45 | CO17: 104 | CP17: 29986 | CQ17: =IF((CP17-CP16<0), "",CP17-CP16) -> 90 | CR17: 21401 | CS17: =IF((CR17-CR16<0), "",CR17-CR16) -> 30 | CT17: 10051 | CU17: =IF((CT17-CT16<0), "",CT17-CT16) -> 12 | CV17: 24184 | CW17: =IF((CV17-CV16<0), "",CV17-CV16) -> 19 | CX17: 2928.3 | CY17: =IF((CX17-CX16<0), "",CX17-CX16) -> 13.4
A18: 44696 | C18: 3.203 | D18: =IF((C18-C17<0), "0",(C18-C17)*1000000) -> 4000 | E18: 4.295 | F18: =IF((E18-E17<0), "0",(E18-E17)*1000000) -> 4000 | G18: 4.2538 | H18: =IF((G18-G17<0), "0",(G18-G17)*1000000) -> 3800 | I18: 2.1374 | J18: =IF((I18-I17<0), "0",(I18-I17)*1000000) -> 1800 | K18: 3.3387 | L18: =IF((K18-K17<0), "0",(K18-K17)*1000000) -> 2100 | M18: 1.9217 | N18: =IF((M18-M17<0), "",(M18-M17)*1000000) -> 2300 | O18: 20772 | P18: =IF((O18-O17<0), "",O18-O17) -> 40 | Q18: 2540 | R18: =IF((Q18-Q17<0), "",Q18-Q17) -> 6 | S18: 1340.4 | T18: =IF((S18-S17<0), "",S18-S17) -> 1.8 | U18: 547799.7 | V18: =IF((U18-U17<0), "",U18-U17) -> 662.3 | W18: 508.71 | X18: =IF((W18-W17<0), "",(W18-W17)*1000) -> 420 | Y18: 3.7758 | Z18: =IF((Y18-Y17<0), "",(Y18-Y17)*1000000) -> 3100 | AA18: 512.08 | AB18: =IF((AA18-AA17<0), "",(AA18-AA17)*1000) -> 450 | AC18: 503.86 | AD18: =IF((AC18-AC17<0), "",(AC18-AC17)*1000) -> 630 | AE18: 747.94 | AF18: =IF((AE18-AE17<0), "",(AE18-AE17)*1000) -> 1160 | AG18: 17135 | AH18: =IF((AG18-AG17<0), "",AG18-AG17) -> 48 | AI18: 850.88 | AJ18: =IF((AI18-AI17<0), "",(AI18-AI17)*1000) -> 850 | AK18: 284.02 | AL18: =IF((AK18-AK17<0), "",(AK18-AK17)*1000) -> 260 | AM18: 265.8 | AN18: =IF((AM18-AM17<0), "",(AM18-AM17)*1000) -> 230 | AO18: 255.96 | AP18: =IF((AO18-AO17<0), "",(AO18-AO17)*1000) -> 240 | AQ18: 311.79 | AR18: =IF((AQ18-AQ17<0), "",(AQ18-AQ17)*1000) -> 300 | AS18: 436.86 | AT18: =IF((AS18-AS17<0), "",(AS18-AS17)*1000) -> 360 | AU18: 346.12 | AV18: =IF((AU18-AU17<0), "",(AU18-AU17)*1000) -> 380 | AW18: 376.31 | AX18: =IF((AW18-AW17<0), "",(AW18-AW17)*1000) -> 200 | AY18: 409.34 | AZ18: =IF((AY18-AY17<0), "",(AY18-AY17)*1000) -> 300 | BA18: 429.88 | BB18: =IF((BA18-BA17<0), "",(BA18-BA17)*1000) -> 50 | BC18: 276.13 | BD18: =IF((BC18-BC17<0), "",(BC18-BC17)*1000) -> 180 | BE18: 51188 | BF18: =IF((BE18-BE17<0), "",BE18-BE17) -> 57 | BG18: 248.18 | BH18: =IF((BG18-BG17<0), "",(BG18-BG17)*1000) -> 50 | BI18: 302.96 | BJ18: =IF((BI18-BI17<0), "",(BI18-BI17)*1000) -> 30 | BK18: 251.48 | BL18: =IF((BK18-BK17<0), "",(BK18-BK17)*1000) -> 80 | BM18: 237.77 | BN18: =IF((BM18-BM17<0), "",(BM18-BM17)*1000) -> 50 | BO18: 305.49 | BP18: =IF((BO18-BO17<0), "",(BO18-BO17)*1000) -> 70 | BQ18: 56342 | BR18: =IF((BQ18-BQ17<0), "",BQ18-BQ17) -> 46 | BS18: 215.38 | BT18: =IF((BS18-BS17<0), "",(BS18-BS17)*1000) -> 50 | BU18: 53897 | BV18: =IF((BU18-BU17<0), "",BU18-BU17) -> 50 | BW18: 243.66 | BX18: =IF((BW18-BW17<0), "",(BW18-BW17)*1000) -> 60 | BY18: 73570 | BZ18: =IF((BY18-BY17<0), "",BY18-BY17) -> 56 | CA18: 47940 | CB18: =IF((CA18-CA17<0), "",CA18-CA17) -> 43.1 | CC18: 15633.9 | CD18: =IF((CC18-CC17<0), "",CC18-CC17) -> 11.3 | CE18: 8099.9 | CF18: =IF((CE18-CE17<0), "",CE18-CE17) -> 1.8 | CG18: 74221.3 | CH18: =IF((CG18-CG17<0), "",CG18-CG17) -> 47.3 | CI18: 1044674 | CJ18: =IF((CI18-CI17<0), "",CI18-CI17) -> 332 | CK18: 986.92 | CL18: =IF((CK18-CK17<0), "",(CK18-CK17)*1000) -> 1120 | CM18: =CQ18+CS18 -> 124 | CN18: 40 | CO18: 85 | CP18: 30083 | CQ18: =IF((CP18-CP17<0), "",CP18-CP17) -> 97 | CR18: 21428 | CS18: =IF((CR18-CR17<0), "",CR18-CR17) -> 27 | CT18: 10065 | CU18: =IF((CT18-CT17<0), "",CT18-CT17) -> 14 | CV18: 24202 | CW18: =IF((CV18-CV17<0), "",CV18-CV17) -> 18 | CX18: 2941.1 | CY18: =IF((CX18-CX17<0), "",CX18-CX17) -> 12.8
A19: 44697 | C19: 3.2066 | D19: =IF((C19-C18<0), "0",(C19-C18)*1000000) -> 3600 | E19: 4.299 | F19: =IF((E19-E18<0), "0",(E19-E18)*1000000) -> 4000 | G19: 4.2573 | H19: =IF((G19-G18<0), "0",(G19-G18)*1000000) -> 3500 | I19: 2.1393 | J19: =IF((I19-I18<0), "0",(I19-I18)*1000000) -> 1900 | K19: 3.3407 | L19: =IF((K19-K18<0), "0",(K19-K18)*1000000) -> 2000 | M19: 1.9238 | N19: =IF((M19-M18<0), "",(M19-M18)*1000000) -> 2100 | O19: 20805 | P19: =IF((O19-O18<0), "",O19-O18) -> 33 | Q19: 2545 | R19: =IF((Q19-Q18<0), "",Q19-Q18) -> 5 | S19: 1341.6 | T19: =IF((S19-S18<0), "",S19-S18) -> 1.2 | U19: 548239.8 | V19: =IF((U19-U18<0), "",U19-U18) -> 440.1 | W19: 509.03 | X19: =IF((W19-W18<0), "",(W19-W18)*1000) -> 320 | Y19: 3.7788 | Z19: =IF((Y19-Y18<0), "",(Y19-Y18)*1000000) -> 3000 | AA19: 512.5 | AB19: =IF((AA19-AA18<0), "",(AA19-AA18)*1000) -> 420 | AC19: 504.38 | AD19: =IF((AC19-AC18<0), "",(AC19-AC18)*1000) -> 520 | AE19: 748.95 | AF19: =IF((AE19-AE18<0), "",(AE19-AE18)*1000) -> 1010 | AG19: 17172 | AH19: =IF((AG19-AG18<0), "",AG19-AG18) -> 37 | AI19: 851.66 | AJ19: =IF((AI19-AI18<0), "",(AI19-AI18)*1000) -> 780 | AK19: 284.25 | AL19: =IF((AK19-AK18<0), "",(AK19-AK18)*1000) -> 230 | AM19: 266.02 | AN19: =IF((AM19-AM18<0), "",(AM19-AM18)*1000) -> 220 | AO19: 256.16 | AP19: =IF((AO19-AO18<0), "",(AO19-AO18)*1000) -> 200 | AQ19: 312.04 | AR19: =IF((AQ19-AQ18<0), "",(AQ19-AQ18)*1000) -> 250 | AS19: 437.22 | AT19: =IF((AS19-AS18<0), "",(AS19-AS18)*1000) -> 360 | AU19: 346.46 | AV19: =IF((AU19-AU18<0), "",(AU19-AU18)*1000) -> 340 | AW19: 376.49 | AX19: =IF((AW19-AW18<0), "",(AW19-AW18)*1000) -> 180 | AY19: 409.57 | AZ19: =IF((AY19-AY18<0), "",(AY19-AY18)*1000) -> 230 | BA19: 430.11 | BB19: =IF((BA19-BA18<0), "",(BA19-BA18)*1000) -> 230 | BC19: 276.23 | BD19: =IF((BC19-BC18<0), "",(BC19-BC18)*1000) -> 100 | BE19: 51209 | BF19: =IF((BE19-BE18<0), "",BE19-BE18) -> 21 | BG19: 248.22 | BH19: =IF((BG19-BG18<0), "",(BG19-BG18)*1000) -> 40 | BI19: 302.99 | BJ19: =IF((BI19-BI18<0), "",(BI19-BI18)*1000) -> 30 | BK19: 251.54 | BL19: =IF((BK19-BK18<0), "",(BK19-BK18)*1000) -> 60 | BM19: 237.82 | BN19: =IF((BM19-BM18<0), "",(BM19-BM18)*1000) -> 50 | BO19: 305.56 | BP19: =IF((BO19-BO18<0), "",(BO19-BO18)*1000) -> 70 | BQ19: 56388 | BR19: =IF((BQ19-BQ18<0), "",BQ19-BQ18) -> 46 | BS19: 215.43 | BT19: =IF((BS19-BS18<0), "",(BS19-BS18)*1000) -> 50 | BU19: 53948 | BV19: =IF((BU19-BU18<0), "",BU19-BU18) -> 51 | BW19: 243.71 | BX19: =IF((BW19-BW18<0), "",(BW19-BW18)*1000) -> 50 | BY19: 73619 | BZ19: =IF((BY19-BY18<0), "",BY19-BY18) -> 49 | CA19: 47990.4 | CB19: =IF((CA19-CA18<0), "",CA19-CA18) -> 50.4 | CC19: 15643.9 | CD19: =IF((CC19-CC18<0), "",CC19-CC18) -> 10 | CE19: 8105 | CF19: =IF((CE19-CE18<0), "",CE19-CE18) -> 5.1 | CG19: 74260.7 | CH19: =IF((CG19-CG18<0), "",CG19-CG18) -> 39.4 | CI19: 1045006 | CJ19: =IF((CI19-CI18<0), "",CI19-CI18) -> 332 | CK19: 987.81 | CL19: =IF((CK19-CK18<0), "",(CK19-CK18)*1000) -> 890 | CM19: =CQ19+CS19 -> 122 | CN19: 37 | CO19: 79 | CP19: 30176 | CQ19: =IF((CP19-CP18<0), "",CP19-CP18) -> 93 | CR19: 21457 | CS19: =IF((CR19-CR18<0), "",CR19-CR18) -> 29 | CT19: 10078 | CU19: =IF((CT19-CT18<0), "",CT19-CT18) -> 13 | CV19: 24227 | CW19: =IF((CV19-CV18<0), "",CV19-CV18) -> 25 | CX19: 2953.7 | CY19: =IF((CX19-CX18<0), "",CX19-CX18) -> 12.6
A20: 44698 | C20: 3.2093 | D20: =IF((C20-C19<0), "0",(C20-C19)*1000000) -> 2700 | E20: 4.3017 | F20: =IF((E20-E19<0), "0",(E20-E19)*1000000) -> 2700 | G20: 4.2608 | H20: =IF((G20-G19<0), "0",(G20-G19)*1000000) -> 3500 | I20: 2.1408 | J20: =IF((I20-I19<0), "0",(I20-I19)*1000000) -> 1500 | K20: 3.3427 | L20: =IF((K20-K19<0), "0",(K20-K19)*1000000) -> 2000 | M20: 1.9254 | N20: =IF((M20-M19<0), "",(M20-M19)*1000000) -> 1600 | O20: 20823 | P20: =IF((O20-O19<0), "",O20-O19) -> 18 | Q20: 2548 | R20: =IF((Q20-Q19<0), "",Q20-Q19) -> 3 | S20: 1342.8 | T20: =IF((S20-S19<0), "",S20-S19) -> 1.2 | U20: 548661.4 | V20: =IF((U20-U19<0), "",U20-U19) -> 421.6 | W20: 509.33 | X20: =IF((W20-W19<0), "",(W20-W19)*1000) -> 300 | Y20: 3.7817 | Z20: =IF((Y20-Y19<0), "",(Y20-Y19)*1000000) -> 2900 | AA20: 512.72 | AB20: =IF((AA20-AA19<0), "",(AA20-AA19)*1000) -> 220 | AC20: 504.82 | AD20: =IF((AC20-AC19<0), "",(AC20-AC19)*1000) -> 440 | AE20: 749.81 | AF20: =IF((AE20-AE19<0), "",(AE20-AE19)*1000) -> 860 | AG20: 17202 | AH20: =IF((AG20-AG19<0), "",AG20-AG19) -> 30 | AI20: 852.32 | AJ20: =IF((AI20-AI19<0), "",(AI20-AI19)*1000) -> 660 | AK20: 284.44 | AL20: =IF((AK20-AK19<0), "",(AK20-AK19)*1000) -> 190 | AM20: 266.21 | AN20: =IF((AM20-AM19<0), "",(AM20-AM19)*1000) -> 190 | AO20: 256.34 | AP20: =IF((AO20-AO19<0), "",(AO20-AO19)*1000) -> 180 | AQ20: 312.28 | AR20: =IF((AQ20-AQ19<0), "",(AQ20-AQ19)*1000) -> 240 | AS20: 437.52 | AT20: =IF((AS20-AS19<0), "",(AS20-AS19)*1000) -> 300 | AU20: 346.72 | AV20: =IF((AU20-AU19<0), "",(AU20-AU19)*1000) -> 260 | AW20: 376.63 | AX20: =IF((AW20-AW19<0), "",(AW20-AW19)*1000) -> 140 | AY20: 409.73 | AZ20: =IF((AY20-AY19<0), "",(AY20-AY19)*1000) -> 160 | BA20: 430.26 | BB20: =IF((BA20-BA19<0), "",(BA20-BA19)*1000) -> 150 | BC20: 276.28 | BD20: =IF((BC20-BC19<0), "",(BC20-BC19)*1000) -> 50 | BE20: 51245 | BF20: =IF((BE20-BE19<0), "",BE20-BE19) -> 36 | BG20: 248.26 | BH20: =IF((BG20-BG19<0), "",(BG20-BG19)*1000) -> 40 | BI20: 303.02 | BJ20: =IF((BI20-BI19<0), "",(BI20-BI19)*1000) -> 30 | BK20: 251.6 | BL20: =IF((BK20-BK19<0), "",(BK20-BK19)*1000) -> 60 | BM20: 237.87 | BN20: =IF((BM20-BM19<0), "",(BM20-BM19)*1000) -> 50 | BO20: 305.61 | BP20: =IF((BO20-BO19<0), "",(BO20-BO19)*1000) -> 50 | BQ20: 56426 | BR20: =IF((BQ20-BQ19<0), "",BQ20-BQ19) -> 38 | BS20: 215.47 | BT20: =IF((BS20-BS19<0), "",(BS20-BS19)*1000) -> 40 | BU20: 53991 | BV20: =IF((BU20-BU19<0), "",BU20-BU19) -> 43 | BW20: 243.74 | BX20: =IF((BW20-BW19<0), "",(BW20-BW19)*1000) -> 30 | BY20: 73658 | BZ20: =IF((BY20-BY19<0), "",BY20-BY19) -> 39 | CA20: 48040.7 | CB20: =IF((CA20-CA19<0), "",CA20-CA19) -> 50.3 | CC20: 15654.5 | CD20: =IF((CC20-CC19<0), "",CC20-CC19) -> 10.6 | CE20: 8107.6 | CF20: =IF((CE20-CE19<0), "",CE20-CE19) -> 2.6 | CG20: 74309.8 | CH20: =IF((CG20-CG19<0), "",CG20-CG19) -> 49.1 | CI20: 1045286 | CJ20: =IF((CI20-CI19<0), "",CI20-CI19) -> 280 | CK20: 988.76 | CL20: =IF((CK20-CK19<0), "",(CK20-CK19)*1000) -> 950 | CM20: =CQ20+CS20 -> 96 | CN20: 38 | CO20: 80 | CP20: 30251 | CQ20: =IF((CP20-CP19<0), "",CP20-CP19) -> 75 | CR20: 21478 | CS20: =IF((CR20-CR19<0), "",CR20-CR19) -> 21 | CT20: 10093 | CU20: =IF((CT20-CT19<0), "",CT20-CT19) -> 15 | CV20: 24247 | CW20: =IF((CV20-CV19<0), "",CV20-CV19) -> 20 | CX20: 2960.1 | CY20: =IF((CX20-CX19<0), "",CX20-CX19) -> 6.4
A21: 44699 | C21: 3.2127 | D21: =IF((C21-C20<0), "0",(C21-C20)*1000000) -> 3400 | E21: 4.305 | F21: =IF((E21-E20<0), "0",(E21-E20)*1000000) -> 3300 | G21: 4.2641 | H21: =IF((G21-G20<0), "0",(G21-G20)*1000000) -> 3300 | I21: 2.1426 | J21: =IF((I21-I20<0), "0",(I21-I20)*1000000) -> 1800 | K21: 3.3448 | L21: =IF((K21-K20<0), "0",(K21-K20)*1000000) -> 2100 | M21: 1.9276 | N21: =IF((M21-M20<0), "",(M21-M20)*1000000) -> 2200 | O21: 20852 | P21: =IF((O21-O20<0), "",O21-O20) -> 29 | Q21: 2554 | R21: =IF((Q21-Q20<0), "",Q21-Q20) -> 6 | S21: 1344 | T21: =IF((S21-S20<0), "",S21-S20) -> 1.2 | U21: 549126 | V21: =IF((U21-U20<0), "",U21-U20) -> 464.6 | W21: 509.67 | X21: =IF((W21-W20<0), "",(W21-W20)*1000) -> 340 | Y21: 3.7846 | Z21: =IF((Y21-Y20<0), "",(Y21-Y20)*1000000) -> 2900 | AA21: 513.12 | AB21: =IF((AA21-AA20<0), "",(AA21-AA20)*1000) -> 400 | AC21: 505.36 | AD21: =IF((AC21-AC20<0), "",(AC21-AC20)*1000) -> 540 | AE21: 750.87 | AF21: =IF((AE21-AE20<0), "",(AE21-AE20)*1000) -> 1060 | AG21: 17237 | AH21: =IF((AG21-AG20<0), "",AG21-AG20) -> 35 | AI21: 853.09 | AJ21: =IF((AI21-AI20<0), "",(AI21-AI20)*1000) -> 770 | AK21: 284.69 | AL21: =IF((AK21-AK20<0), "",(AK21-AK20)*1000) -> 250 | AM21: 266.55 | AN21: =IF((AM21-AM20<0), "",(AM21-AM20)*1000) -> 340 | AO21: 256.58 | AP21: =IF((AO21-AO20<0), "",(AO21-AO20)*1000) -> 240 | AQ21: 312.61 | AR21: =IF((AQ21-AQ20<0), "",(AQ21-AQ20)*1000) -> 330 | AS21: 437.87 | AT21: =IF((AS21-AS20<0), "",(AS21-AS20)*1000) -> 350 | AU21: 347.07 | AV21: =IF((AU21-AU20<0), "",(AU21-AU20)*1000) -> 350 | AW21: 376.82 | AX21: =IF((AW21-AW20<0), "",(AW21-AW20)*1000) -> 190 | AY21: 409.91 | AZ21: =IF((AY21-AY20<0), "",(AY21-AY20)*1000) -> 180 | BA21: 430.46 | BB21: =IF((BA21-BA20<0), "",(BA21-BA20)*1000) -> 200 | BC21: 276.35 | BD21: =IF((BC21-BC20<0), "",(BC21-BC20)*1000) -> 70 | BE21: 51272 | BF21: =IF((BE21-BE20<0), "",BE21-BE20) -> 27 | BG21: 248.31 | BH21: =IF((BG21-BG20<0), "",(BG21-BG20)*1000) -> 50 | BI21: 303.06 | BJ21: =IF((BI21-BI20<0), "",(BI21-BI20)*1000) -> 40 | BK21: 251.67 | BL21: =IF((BK21-BK20<0), "",(BK21-BK20)*1000) -> 70 | BM21: 237.93 | BN21: =IF((BM21-BM20<0), "",(BM21-BM20)*1000) -> 60 | BO21: 305.68 | BP21: =IF((BO21-BO20<0), "",(BO21-BO20)*1000) -> 70 | BQ21: 56469 | BR21: =IF((BQ21-BQ20<0), "",BQ21-BQ20) -> 43 | BS21: 215.52 | BT21: =IF((BS21-BS20<0), "",(BS21-BS20)*1000) -> 50 | BU21: 54044 | BV21: =IF((BU21-BU20<0), "",BU21-BU20) -> 53 | BW21: 243.79 | BX21: =IF((BW21-BW20<0), "",(BW21-BW20)*1000) -> 50 | BY21: 73706 | BZ21: =IF((BY21-BY20<0), "",BY21-BY20) -> 48 | CA21: 48087.7 | CB21: =IF((CA21-CA20<0), "",CA21-CA20) -> 47 | CC21: 15664.2 | CD21: =IF((CC21-CC20<0), "",CC21-CC20) -> 9.7 | CE21: 8113.3 | CF21: =IF((CE21-CE20<0), "",CE21-CE20) -> 5.7 | CG21: 74356.9 | CH21: =IF((CG21-CG20<0), "",CG21-CG20) -> 47.1 | CI21: 1045581 | CJ21: =IF((CI21-CI20<0), "",CI21-CI20) -> 295 | CK21: 989.67 | CL21: =IF((CK21-CK20<0), "",(CK21-CK20)*1000) -> 910 | CM21: =CQ21+CS21 -> 92 | CN21: 40 | CO21: 87 | CP21: 30323 | CQ21: =IF((CP21-CP20<0), "",CP21-CP20) -> 72 | CR21: 21498 | CS21: =IF((CR21-CR20<0), "",CR21-CR20) -> 20 | CT21: 10107 | CU21: =IF((CT21-CT20<0), "",CT21-CT20) -> 14 | CV21: 24267 | CW21: =IF((CV21-CV20<0), "",CV21-CV20) -> 20 | CX21: 2972.1 | CY21: =IF((CX21-CX20<0), "",CX21-CX20) -> 12
A22: 44700 | C22: 3.216 | D22: =IF((C22-C21<0), "0",(C22-C21)*1000000) -> 3300 | E22: 4.308 | F22: =IF((E22-E21<0), "0",(E22-E21)*1000000) -> 3000 | G22: 4.2678 | H22: =IF((G22-G21<0), "0",(G22-G21)*1000000) -> 3700 | I22: 2.1443 | J22: =IF((I22-I21<0), "0",(I22-I21)*1000000) -> 1700 | K22: 3.3469 | L22: =IF((K22-K21<0), "0",(K22-K21)*1000000) -> 2100 | M22: 1.9296 | N22: =IF((M22-M21<0), "",(M22-M21)*1000000) -> 2000 | O22: 20882 | P22: =IF((O22-O21<0), "",O22-O21) -> 30 | Q22: 2559 | R22: =IF((Q22-Q21<0), "",Q22-Q21) -> 5 | S22: 1345.6 | T22: =IF((S22-S21<0), "",S22-S21) -> 1.6 | U22: 549762.4 | V22: =IF((U22-U21<0), "",U22-U21) -> 636.4 | W22: 510.03 | X22: =IF((W22-W21<0), "",(W22-W21)*1000) -> 360 | Y22: 3.7874 | Z22: =IF((Y22-Y21<0), "",(Y22-Y21)*1000000) -> 2800 | AA22: 513.57 | AB22: =IF((AA22-AA21<0), "",(AA22-AA21)*1000) -> 450 | AC22: 505.78 | AD22: =IF((AC22-AC21<0), "",(AC22-AC21)*1000) -> 420 | AE22: 751.92 | AF22: =IF((AE22-AE21<0), "",(AE22-AE21)*1000) -> 1050 | AG22: 17269 | AH22: =IF((AG22-AG21<0), "",AG22-AG21) -> 32 | AI22: 853.82 | AJ22: =IF((AI22-AI21<0), "",(AI22-AI21)*1000) -> 730 | AK22: 284.98 | AL22: =IF((AK22-AK21<0), "",(AK22-AK21)*1000) -> 290 | AM22: 266.82 | AN22: =IF((AM22-AM21<0), "",(AM22-AM21)*1000) -> 270 | AO22: 256.77 | AP22: =IF((AO22-AO21<0), "",(AO22-AO21)*1000) -> 190 | AQ22: 312.79 | AR22: =IF((AQ22-AQ21<0), "",(AQ22-AQ21)*1000) -> 180 | AS22: 438.25 | AT22: =IF((AS22-AS21<0), "",(AS22-AS21)*1000) -> 380 | AU22: 347.42 | AV22: =IF((AU22-AU21<0), "",(AU22-AU21)*1000) -> 350 | AW22: 377.01 | AX22: =IF((AW22-AW21<0), "",(AW22-AW21)*1000) -> 190 | AY22: 410.06 | AZ22: =IF((AY22-AY21<0), "",(AY22-AY21)*1000) -> 150 | BA22: 430.62 | BB22: =IF((BA22-BA21<0), "",(BA22-BA21)*1000) -> 160 | BC22: 276.41 | BD22: =IF((BC22-BC21<0), "",(BC22-BC21)*1000) -> 60 | BE22: 51306 | BF22: =IF((BE22-BE21<0), "",BE22-BE21) -> 34 | BG22: 248.35 | BH22: =IF((BG22-BG21<0), "",(BG22-BG21)*1000) -> 40 | BI22: 303.09 | BJ22: =IF((BI22-BI21<0), "",(BI22-BI21)*1000) -> 30 | BK22: 251.73 | BL22: =IF((BK22-BK21<0), "",(BK22-BK21)*1000) -> 60 | BM22: 237.98 | BN22: =IF((BM22-BM21<0), "",(BM22-BM21)*1000) -> 50 | BO22: 305.75 | BP22: =IF((BO22-BO21<0), "",(BO22-BO21)*1000) -> 70 | BQ22: 56509 | BR22: =IF((BQ22-BQ21<0), "",BQ22-BQ21) -> 40 | BS22: 215.57 | BT22: =IF((BS22-BS21<0), "",(BS22-BS21)*1000) -> 50 | BU22: 54087 | BV22: =IF((BU22-BU21<0), "",BU22-BU21) -> 43 | BW22: 243.84 | BX22: =IF((BW22-BW21<0), "",(BW22-BW21)*1000) -> 50 | BY22: 73748 | BZ22: =IF((BY22-BY21<0), "",BY22-BY21) -> 42 | CA22: 48124 | CB22: =IF((CA22-CA21<0), "",CA22-CA21) -> 36.3 | CC22: 15672.8 | CD22: =IF((CC22-CC21<0), "",CC22-CC21) -> 8.6 | CE22: 8118 | CF22: =IF((CE22-CE21<0), "",CE22-CE21) -> 4.7 | CG22: 74392.4 | CH22: =IF((CG22-CG21<0), "",CG22-CG21) -> 35.5 | CI22: 1045850 | CJ22: =IF((CI22-CI21<0), "",CI22-CI21) -> 269 | CK22: 990.49 | CL22: =IF((CK22-CK21<0), "",(CK22-CK21)*1000) -> 820 | CM22: =CQ22+CS22 -> 98 | CN22: 27 | CO22: 57 | CP22: 30407 | CQ22: =IF((CP22-CP21<0), "",CP22-CP21) -> 84 | CR22: 21512 | CS22: =IF((CR22-CR21<0), "",CR22-CR21) -> 14 | CT22: 10120 | CU22: =IF((CT22-CT21<0), "",CT22-CT21) -> 13 | CV22: 24289 | CW22: =IF((CV22-CV21<0), "",CV22-CV21) -> 22 | CX22: 2983.5 | CY22: =IF((CX22-CX21<0), "",CX22-CX21) -> 11.4
A23: 44701 | C23: 3.2192 | D23: =IF((C23-C22<0), "0",(C23-C22)*1000000) -> 3200 | E23: 4.3115 | F23: =IF((E23-E22<0), "0",(E23-E22)*1000000) -> 3500 | G23: 4.271 | H23: =IF((G23-G22<0), "0",(G23-G22)*1000000) -> 3200 | I23: 2.146 | J23: =IF((I23-I22<0), "0",(I23-I22)*1000000) -> 1700 | K23: 3.3489 | L23: =IF((K23-K22<0), "0",(K23-K22)*1000000) -> 2000 | M23: 1.9315 | N23: =IF((M23-M22<0), "",(M23-M22)*1000000) -> 1900 | O23: 20909 | P23: =IF((O23-O22<0), "",O23-O22) -> 27 | Q23: 2563 | R23: =IF((Q23-Q22<0), "",Q23-Q22) -> 4 | S23: 1346.9 | T23: =IF((S23-S22<0), "",S23-S22) -> 1.3 | U23: 550323.2 | V23: =IF((U23-U22<0), "",U23-U22) -> 560.8 | W23: 510.36 | X23: =IF((W23-W22<0), "",(W23-W22)*1000) -> 330 | Y23: 3.7902 | Z23: =IF((Y23-Y22<0), "",(Y23-Y22)*1000000) -> 2800 | AA23: 513.99 | AB23: =IF((AA23-AA22<0), "",(AA23-AA22)*1000) -> 420 | AC23: 506.15 | AD23: =IF((AC23-AC22<0), "",(AC23-AC22)*1000) -> 370 | AE23: 752.87 | AF23: =IF((AE23-AE22<0), "",(AE23-AE22)*1000) -> 950 | AG23: 17305 | AH23: =IF((AG23-AG22<0), "",AG23-AG22) -> 36 | AI23: 854.7 | AJ23: =IF((AI23-AI22<0), "",(AI23-AI22)*1000) -> 880 | AK23: 285.26 | AL23: =IF((AK23-AK22<0), "",(AK23-AK22)*1000) -> 280 | AM23: 267.07 | AN23: =IF((AM23-AM22<0), "",(AM23-AM22)*1000) -> 250 | AO23: 256.97 | AP23: =IF((AO23-AO22<0), "",(AO23-AO22)*1000) -> 200 | AQ23: 312.96 | AR23: =IF((AQ23-AQ22<0), "",(AQ23-AQ22)*1000) -> 170 | AS23: 438.53 | AT23: =IF((AS23-AS22<0), "",(AS23-AS22)*1000) -> 280 | AU23: 347.76 | AV23: =IF((AU23-AU22<0), "",(AU23-AU22)*1000) -> 340 | AW23: 377.18 | AX23: =IF((AW23-AW22<0), "",(AW23-AW22)*1000) -> 170 | AY23: 410.22 | AZ23: =IF((AY23-AY22<0), "",(AY23-AY22)*1000) -> 160 | BA23: 430.77 | BB23: =IF((BA23-BA22<0), "",(BA23-BA22)*1000) -> 150 | BC23: 276.53 | BD23: =IF((BC23-BC22<0), "",(BC23-BC22)*1000) -> 120 | BE23: 51338 | BF23: =IF((BE23-BE22<0), "",BE23-BE22) -> 32 | BG23: 248.39 | BH23: =IF((BG23-BG22<0), "",(BG23-BG22)*1000) -> 40 | BI23: 303.13 | BJ23: =IF((BI23-BI22<0), "",(BI23-BI22)*1000) -> 40 | BK23: 251.8 | BL23: =IF((BK23-BK22<0), "",(BK23-BK22)*1000) -> 70 | BM23: 238.02 | BN23: =IF((BM23-BM22<0), "",(BM23-BM22)*1000) -> 40 | BO23: 305.82 | BP23: =IF((BO23-BO22<0), "",(BO23-BO22)*1000) -> 70 | BQ23: 56553 | BR23: =IF((BQ23-BQ22<0), "",BQ23-BQ22) -> 44 | BS23: 215.63 | BT23: =IF((BS23-BS22<0), "",(BS23-BS22)*1000) -> 60 | BU23: 54134 | BV23: =IF((BU23-BU22<0), "",BU23-BU22) -> 47 | BW23: 243.89 | BX23: =IF((BW23-BW22<0), "",(BW23-BW22)*1000) -> 50 | BY23: 73793 | BZ23: =IF((BY23-BY22<0), "",BY23-BY22) -> 45 | CA23: 48165.7 | CB23: =IF((CA23-CA22<0), "",CA23-CA22) -> 41.7 | CC23: 15684.2 | CD23: =IF((CC23-CC22<0), "",CC23-CC22) -> 11.4 | CE23: 8120 | CF23: =IF((CE23-CE22<0), "",CE23-CE22) -> 2 | CG23: 74448.1 | CH23: =IF((CG23-CG22<0), "",CG23-CG22) -> 55.7 | CI23: 1046168 | CJ23: =IF((CI23-CI22<0), "",CI23-CI22) -> 318 | CK23: 991.25 | CL23: =IF((CK23-CK22<0), "",(CK23-CK22)*1000) -> 760 | CM23: =CQ23+CS23 -> 99 | CN23: 27 | CO23: 57 | CP23: 30491 | CQ23: =IF((CP23-CP22<0), "",CP23-CP22) -> 84 | CR23: 21527 | CS23: =IF((CR23-CR22<0), "",CR23-CR22) -> 15 | CT23: 10141 | CU23: =IF((CT23-CT22<0), "",CT23-CT22) -> 21 | CV23: 24327 | CW23: =IF((CV23-CV22<0), "",CV23-CV22) -> 38 | CX23: 2994.7 | CY23: =IF((CX23-CX22<0), "",CX23-CX22) -> 11.2
A24: 44702 | C24: 3.2221 | D24: =IF((C24-C23<0), "0",(C24-C23)*1000000) -> 2900 | E24: 4.3146 | F24: =IF((E24-E23<0), "0",(E24-E23)*1000000) -> 3100 | G24: 4.2742 | H24: =IF((G24-G23<0), "0",(G24-G23)*1000000) -> 3200 | I24: 2.1477 | J24: =IF((I24-I23<0), "0",(I24-I23)*1000000) -> 1700 | K24: 3.3511 | L24: =IF((K24-K23<0), "0",(K24-K23)*1000000) -> 2200 | M24: 1.9332 | N24: =IF((M24-M23<0), "",(M24-M23)*1000000) -> 1700 | O24: 20934 | P24: =IF((O24-O23<0), "",O24-O23) -> 25 | Q24: 2568 | R24: =IF((Q24-Q23<0), "",Q24-Q23) -> 5 | S24: 1348 | T24: =IF((S24-S23<0), "",S24-S23) -> 1.1 | U24: 550788.7 | V24: =IF((U24-U23<0), "",U24-U23) -> 465.5 | W24: 510.71 | X24: =IF((W24-W23<0), "",(W24-W23)*1000) -> 350 | Y24: 3.7932 | Z24: =IF((Y24-Y23<0), "",(Y24-Y23)*1000000) -> 3000 | AA24: 514.26 | AB24: =IF((AA24-AA23<0), "",(AA24-AA23)*1000) -> 270 | AC24: 506.59 | AD24: =IF((AC24-AC23<0), "",(AC24-AC23)*1000) -> 440 | AE24: 753.86 | AF24: =IF((AE24-AE23<0), "",(AE24-AE23)*1000) -> 990 | AG24: 17335 | AH24: =IF((AG24-AG23<0), "",AG24-AG23) -> 30 | AI24: 855.58 | AJ24: =IF((AI24-AI23<0), "",(AI24-AI23)*1000) -> 880 | AK24: 285.57 | AL24: =IF((AK24-AK23<0), "",(AK24-AK23)*1000) -> 310 | AM24: 267.33 | AN24: =IF((AM24-AM23<0), "",(AM24-AM23)*1000) -> 260 | AO24: 257.16 | AP24: =IF((AO24-AO23<0), "",(AO24-AO23)*1000) -> 190 | AQ24: 313.14 | AR24: =IF((AQ24-AQ23<0), "",(AQ24-AQ23)*1000) -> 180 | AS24: 438.67 | AT24: =IF((AS24-AS23<0), "",(AS24-AS23)*1000) -> 140 | AU24: 347.9 | AV24: =IF((AU24-AU23<0), "",(AU24-AU23)*1000) -> 140 | AW24: 377.35 | AX24: =IF((AW24-AW23<0), "",(AW24-AW23)*1000) -> 170 | AY24: 410.37 | AZ24: =IF((AY24-AY23<0), "",(AY24-AY23)*1000) -> 150 | BA24: 430.91 | BB24: =IF((BA24-BA23<0), "",(BA24-BA23)*1000) -> 140 | BC24: 276.65 | BD24: =IF((BC24-BC23<0), "",(BC24-BC23)*1000) -> 120 | BE24: 51380 | BF24: =IF((BE24-BE23<0), "",BE24-BE23) -> 42 | BG24: 248.44 | BH24: =IF((BG24-BG23<0), "",(BG24-BG23)*1000) -> 50 | BI24: 303.17 | BJ24: =IF((BI24-BI23<0), "",(BI24-BI23)*1000) -> 40 | BK24: 251.86 | BL24: =IF((BK24-BK23<0), "",(BK24-BK23)*1000) -> 60 | BM24: 238.07 | BN24: =IF((BM24-BM23<0), "",(BM24-BM23)*1000) -> 50 | BO24: 305.89 | BP24: =IF((BO24-BO23<0), "",(BO24-BO23)*1000) -> 70 | BQ24: 56592 | BR24: =IF((BQ24-BQ23<0), "",BQ24-BQ23) -> 39 | BS24: 215.68 | BT24: =IF((BS24-BS23<0), "",(BS24-BS23)*1000) -> 50 | BU24: 54177 | BV24: =IF((BU24-BU23<0), "",BU24-BU23) -> 43 | BW24: 243.93 | BX24: =IF((BW24-BW23<0), "",(BW24-BW23)*1000) -> 40 | BY24: 73841 | BZ24: =IF((BY24-BY23<0), "",BY24-BY23) -> 48 | CA24: 48212.2 | CB24: =IF((CA24-CA23<0), "",CA24-CA23) -> 46.5 | CC24: 15695.8 | CD24: =IF((CC24-CC23<0), "",CC24-CC23) -> 11.6 | CE24: 8124 | CF24: =IF((CE24-CE23<0), "",CE24-CE23) -> 4 | CG24: 74493.6 | CH24: =IF((CG24-CG23<0), "",CG24-CG23) -> 45.5 | CI24: 1046457 | CJ24: =IF((CI24-CI23<0), "",CI24-CI23) -> 289 | CK24: 992.1 | CL24: =IF((CK24-CK23<0), "",(CK24-CK23)*1000) -> 850 | CM24: =CQ24+CS24 -> 96.3 | CN24: 27 | CO24: 57 | CP24: 30567 | CQ24: =IF((CP24-CP23<0), "",CP24-CP23) -> 76 | CR24: 21547.3 | CS24: =IF((CR24-CR23<0), "",CR24-CR23) -> 20.3 | CT24: 10160 | CU24: =IF((CT24-CT23<0), "",CT24-CT23) -> 19 | CV24: 24349 | CW24: =IF((CV24-CV23<0), "",CV24-CV23) -> 22 | CX24: 3005.6 | CY24: =IF((CX24-CX23<0), "",CX24-CX23) -> 10.9
A25: 44703 | C25: 3.2244 | D25: =IF((C25-C24<0), "0",(C25-C24)*1000000) -> 2300 | E25: 4.3176 | F25: =IF((E25-E24<0), "0",(E25-E24)*1000000) -> 3000 | G25: 4.2772 | H25: =IF((G25-G24<0), "0",(G25-G24)*1000000) -> 3000 | I25: 2.1493 | J25: =IF((I25-I24<0), "0",(I25-I24)*1000000) -> 1600 | K25: 3.3531 | L25: =IF((K25-K24<0), "0",(K25-K24)*1000000) -> 2000 | M25: 1.9351 | N25: =IF((M25-M24<0), "",(M25-M24)*1000000) -> 1900 | O25: 20978 | P25: =IF((O25-O24<0), "",O25-O24) -> 44 | Q25: 2572 | R25: =IF((Q25-Q24<0), "",Q25-Q24) -> 4 | S25: 1349.2 | T25: =IF((S25-S24<0), "",S25-S24) -> 1.2 | U25: 551207.6 | V25: =IF((U25-U24<0), "",U25-U24) -> 418.9 | W25: 511.02 | X25: =IF((W25-W24<0), "",(W25-W24)*1000) -> 310 | Y25: 3.796 | Z25: =IF((Y25-Y24<0), "",(Y25-Y24)*1000000) -> 2800 | AA25: 514.68 | AB25: =IF((AA25-AA24<0), "",(AA25-AA24)*1000) -> 420 | AC25: 507.03 | AD25: =IF((AC25-AC24<0), "",(AC25-AC24)*1000) -> 440 | AE25: 754.92 | AF25: =IF((AE25-AE24<0), "",(AE25-AE24)*1000) -> 1060 | AG25: 17362 | AH25: =IF((AG25-AG24<0), "",AG25-AG24) -> 27 | AI25: 856.38 | AJ25: =IF((AI25-AI24<0), "",(AI25-AI24)*1000) -> 800 | AK25: 285.85 | AL25: =IF((AK25-AK24<0), "",(AK25-AK24)*1000) -> 280 | AM25: 267.56 | AN25: =IF((AM25-AM24<0), "",(AM25-AM24)*1000) -> 230 | AO25: 257.32 | AP25: =IF((AO25-AO24<0), "",(AO25-AO24)*1000) -> 160 | AQ25: 313.28 | AR25: =IF((AQ25-AQ24<0), "",(AQ25-AQ24)*1000) -> 140 | AS25: 438.76 | AT25: =IF((AS25-AS24<0), "",(AS25-AS24)*1000) -> 90 | AU25: 347.95 | AV25: =IF((AU25-AU24<0), "",(AU25-AU24)*1000) -> 50 | AW25: 377.49 | AX25: =IF((AW25-AW24<0), "",(AW25-AW24)*1000) -> 140 | AY25: 410.51 | AZ25: =IF((AY25-AY24<0), "",(AY25-AY24)*1000) -> 140 | BA25: 431.03 | BB25: =IF((BA25-BA24<0), "",(BA25-BA24)*1000) -> 120 | BC25: 276.76 | BD25: =IF((BC25-BC24<0), "",(BC25-BC24)*1000) -> 110 | BE25: 51397 | BF25: =IF((BE25-BE24<0), "",BE25-BE24) -> 17 | BG25: 248.48 | BH25: =IF((BG25-BG24<0), "",(BG25-BG24)*1000) -> 40 | BI25: 303.21 | BJ25: =IF((BI25-BI24<0), "",(BI25-BI24)*1000) -> 40 | BK25: 251.91 | BL25: =IF((BK25-BK24<0), "",(BK25-BK24)*1000) -> 50 | BM25: 238.11 | BN25: =IF((BM25-BM24<0), "",(BM25-BM24)*1000) -> 40 | BO25: 305.95 | BP25: =IF((BO25-BO24<0), "",(BO25-BO24)*1000) -> 60 | BQ25: 56629 | BR25: =IF((BQ25-BQ24<0), "",BQ25-BQ24) -> 37 | BS25: 215.73 | BT25: =IF((BS25-BS24<0), "",(BS25-BS24)*1000) -> 50 | BU25: 54219 | BV25: =IF((BU25-BU24<0), "",BU25-BU24) -> 42 | BW25: 243.97 | BX25: =IF((BW25-BW24<0), "",(BW25-BW24)*1000) -> 40 | BY25: 73887 | BZ25: =IF((BY25-BY24<0), "",BY25-BY24) -> 46 | CA25: 48258.7 | CB25: =IF((CA25-CA24<0), "",CA25-CA24) -> 46.5 | CC25: 15704.3 | CD25: =IF((CC25-CC24<0), "",CC25-CC24) -> 8.5 | CE25: 8133.2 | CF25: =IF((CE25-CE24<0), "",CE25-CE24) -> 9.2 | CG25: 74541 | CH25: =IF((CG25-CG24<0), "",CG25-CG24) -> 47.4 | CI25: 1046737 | CJ25: =IF((CI25-CI24<0), "",CI25-CI24) -> 280 | CK25: 992.91 | CL25: =IF((CK25-CK24<0), "",(CK25-CK24)*1000) -> 810 | CM25: =CQ25+CS25 -> 94.7 | CP25: 30640 | CQ25: =IF((CP25-CP24<0), "",CP25-CP24) -> 73 | CR25: 21569 | CS25: =IF((CR25-CR24<0), "",CR25-CR24) -> 21.7 | CT25: 10179 | CU25: =IF((CT25-CT24<0), "",CT25-CT24) -> 19 | CV25: 24372 | CW25: =IF((CV25-CV24<0), "",CV25-CV24) -> 23 | CX25: 3013.6 | CY25: =IF((CX25-CX24<0), "",CX25-CX24) -> 8
A26: 44704 | C26: 3.227 | D26: =IF((C26-C25<0), "0",(C26-C25)*1000000) -> 2600 | E26: 4.3209 | F26: =IF((E26-E25<0), "0",(E26-E25)*1000000) -> 3300 | G26: 4.2804 | H26: =IF((G26-G25<0), "0",(G26-G25)*1000000) -> 3200 | I26: 2.1509 | J26: =IF((I26-I25<0), "0",(I26-I25)*1000000) -> 1600 | K26: 3.3553 | L26: =IF((K26-K25<0), "0",(K26-K25)*1000000) -> 2200 | M26: 1.9372 | N26: =IF((M26-M25<0), "",(M26-M25)*1000000) -> 2100 | O26: 20986 | P26: =IF((O26-O25<0), "",O26-O25) -> 8 | Q26: 2577 | R26: =IF((Q26-Q25<0), "",Q26-Q25) -> 5 | S26: 1350.3 | T26: =IF((S26-S25<0), "",S26-S25) -> 1.1 | U26: 551618.6 | V26: =IF((U26-U25<0), "",U26-U25) -> 411 | W26: 511.3 | X26: =IF((W26-W25<0), "",(W26-W25)*1000) -> 280 | Y26: 3.7987 | Z26: =IF((Y26-Y25<0), "",(Y26-Y25)*1000000) -> 2700 | AA26: 515.07 | AB26: =IF((AA26-AA25<0), "",(AA26-AA25)*1000) -> 390 | AC26: 507.53 | AD26: =IF((AC26-AC25<0), "",(AC26-AC25)*1000) -> 500 | AE26: 755.84 | AF26: =IF((AE26-AE25<0), "",(AE26-AE25)*1000) -> 920 | AG26: 17388 | AH26: =IF((AG26-AG25<0), "",AG26-AG25) -> 26 | AI26: 857.09 | AJ26: =IF((AI26-AI25<0), "",(AI26-AI25)*1000) -> 710 | AK26: 286.1 | AL26: =IF((AK26-AK25<0), "",(AK26-AK25)*1000) -> 250 | AM26: 267.75 | AN26: =IF((AM26-AM25<0), "",(AM26-AM25)*1000) -> 190 | AO26: 257.45 | AP26: =IF((AO26-AO25<0), "",(AO26-AO25)*1000) -> 130 | AQ26: 313.42 | AR26: =IF((AQ26-AQ25<0), "",(AQ26-AQ25)*1000) -> 140 | AS26: 438.89 | AT26: =IF((AS26-AS25<0), "",(AS26-AS25)*1000) -> 130 | AU26: 348.05 | AV26: =IF((AU26-AU25<0), "",(AU26-AU25)*1000) -> 100 | AW26: 377.59 | AX26: =IF((AW26-AW25<0), "",(AW26-AW25)*1000) -> 100 | AY26: 410.61 | AZ26: =IF((AY26-AY25<0), "",(AY26-AY25)*1000) -> 100 | BA26: 431.14 | BB26: =IF((BA26-BA25<0), "",(BA26-BA25)*1000) -> 110 | BC26: 276.83 | BD26: =IF((BC26-BC25<0), "",(BC26-BC25)*1000) -> 70 | BE26: 51436 | BF26: =IF((BE26-BE25<0), "",BE26-BE25) -> 39 | BG26: 248.52 | BH26: =IF((BG26-BG25<0), "",(BG26-BG25)*1000) -> 40 | BI26: 303.24 | BJ26: =IF((BI26-BI25<0), "",(BI26-BI25)*1000) -> 30 | BK26: 251.97 | BL26: =IF((BK26-BK25<0), "",(BK26-BK25)*1000) -> 60 | BM26: 238.16 | BN26: =IF((BM26-BM25<0), "",(BM26-BM25)*1000) -> 50 | BO26: 306.01 | BP26: =IF((BO26-BO25<0), "",(BO26-BO25)*1000) -> 60 | BQ26: 56664 | BR26: =IF((BQ26-BQ25<0), "",BQ26-BQ25) -> 35 | BS26: 215.79 | BT26: =IF((BS26-BS25<0), "",(BS26-BS25)*1000) -> 60 | BU26: 54266 | BV26: =IF((BU26-BU25<0), "",BU26-BU25) -> 47 | BW26: 244.02 | BX26: =IF((BW26-BW25<0), "",(BW26-BW25)*1000) -> 50 | BY26: 73931 | BZ26: =IF((BY26-BY25<0), "",BY26-BY25) -> 44 | CA26: 48304.7 | CB26: =IF((CA26-CA25<0), "",CA26-CA25) -> 46 | CC26: 15713.2 | CD26: =IF((CC26-CC25<0), "",CC26-CC25) -> 8.9 | CE26: 8138.1 | CF26: =IF((CE26-CE25<0), "",CE26-CE25) -> 4.9 | CG26: 74581.8 | CH26: =IF((CG26-CG25<0), "",CG26-CG25) -> 40.8 | CI26: 1047037 | CJ26: =IF((CI26-CI25<0), "",CI26-CI25) -> 300 | CK26: 993.73 | CL26: =IF((CK26-CK25<0), "",(CK26-CK25)*1000) -> 820 | CM26: =CQ26+CS26 -> 101 | CN26: 35 | CO26: 69 | CP26: 30714 | CQ26: =IF((CP26-CP25<0), "",CP26-CP25) -> 74 | CR26: 21596 | CS26: =IF((CR26-CR25<0), "",CR26-CR25) -> 27 | CT26: 10195 | CU26: =IF((CT26-CT25<0), "",CT26-CT25) -> 16 | CV26: 24387 | CW26: =IF((CV26-CV25<0), "",CV26-CV25) -> 15 | CX26: 3025.5 | CY26: =IF((CX26-CX25<0), "",CX26-CX25) -> 11.9
A27: 44705 | C27: 3.23 | D27: =IF((C27-C26<0), "0",(C27-C26)*1000000) -> 3000 | E27: 4.324 | F27: =IF((E27-E26<0), "0",(E27-E26)*1000000) -> 3100 | G27: 4.284 | H27: =IF((G27-G26<0), "0",(G27-G26)*1000000) -> 3600 | I27: 2.1525 | J27: =IF((I27-I26<0), "0",(I27-I26)*1000000) -> 1600 | K27: 3.357 | L27: =IF((K27-K26<0), "0",(K27-K26)*1000000) -> 1700 | M27: 1.939 | N27: =IF((M27-M26<0), "",(M27-M26)*1000000) -> 1800 | O27: 21008 | P27: =IF((O27-O26<0), "",O27-O26) -> 22 | Q27: 2581 | R27: =IF((Q27-Q26<0), "",Q27-Q26) -> 4 | S27: 1351.3 | T27: =IF((S27-S26<0), "",S27-S26) -> 1 | U27: 552028.1 | V27: =IF((U27-U26<0), "",U27-U26) -> 409.5 | W27: 511.63 | X27: =IF((W27-W26<0), "",(W27-W26)*1000) -> 330 | Y27: 3.8016 | Z27: =IF((Y27-Y26<0), "",(Y27-Y26)*1000000) -> 2900 | AA27: 515.36 | AB27: =IF((AA27-AA26<0), "",(AA27-AA26)*1000) -> 290 | AC27: 508 | AD27: =IF((AC27-AC26<0), "",(AC27-AC26)*1000) -> 470 | AE27: 756.77 | AF27: =IF((AE27-AE26<0), "",(AE27-AE26)*1000) -> 930 | AG27: 17419 | AH27: =IF((AG27-AG26<0), "",AG27-AG26) -> 31 | AI27: 857.86 | AJ27: =IF((AI27-AI26<0), "",(AI27-AI26)*1000) -> 770 | AK27: 286.41 | AL27: =IF((AK27-AK26<0), "",(AK27-AK26)*1000) -> 310 | AM27: 267.99 | AN27: =IF((AM27-AM26<0), "",(AM27-AM26)*1000) -> 240 | AO27: 257.68 | AP27: =IF((AO27-AO26<0), "",(AO27-AO26)*1000) -> 230 | AQ27: 313.58 | AR27: =IF((AQ27-AQ26<0), "",(AQ27-AQ26)*1000) -> 160 | AS27: 439.08 | AT27: =IF((AS27-AS26<0), "",(AS27-AS26)*1000) -> 190 | AU27: 348.21 | AV27: =IF((AU27-AU26<0), "",(AU27-AU26)*1000) -> 160 | AW27: 377.75 | AX27: =IF((AW27-AW26<0), "",(AW27-AW26)*1000) -> 160 | AY27: 410.74 | AZ27: =IF((AY27-AY26<0), "",(AY27-AY26)*1000) -> 130 | BA27: 431.26 | BB27: =IF((BA27-BA26<0), "",(BA27-BA26)*1000) -> 120 | BC27: 276.9 | BD27: =IF((BC27-BC26<0), "",(BC27-BC26)*1000) -> 70 | BE27: 51462 | BF27: =IF((BE27-BE26<0), "",BE27-BE26) -> 26 | BG27: 248.55 | BH27: =IF((BG27-BG26<0), "",(BG27-BG26)*1000) -> 30 | BI27: 303.27 | BJ27: =IF((BI27-BI26<0), "",(BI27-BI26)*1000) -> 30 | BK27: 252.03 | BL27: =IF((BK27-BK26<0), "",(BK27-BK26)*1000) -> 60 | BM27: 238.2 | BN27: =IF((BM27-BM26<0), "",(BM27-BM26)*1000) -> 40 | BO27: 306.07 | BP27: =IF((BO27-BO26<0), "",(BO27-BO26)*1000) -> 60 | BQ27: 56700 | BR27: =IF((BQ27-BQ26<0), "",BQ27-BQ26) -> 36 | BS27: 215.83 | BT27: =IF((BS27-BS26<0), "",(BS27-BS26)*1000) -> 40 | BU27: 54310 | BV27: =IF((BU27-BU26<0), "",BU27-BU26) -> 44 | BW27: 244.06 | BX27: =IF((BW27-BW26<0), "",(BW27-BW26)*1000) -> 40 | BY27: 73975 | BZ27: =IF((BY27-BY26<0), "",BY27-BY26) -> 44 | CA27: 48343.5 | CB27: =IF((CA27-CA26<0), "",CA27-CA26) -> 38.8 | CC27: 15724.1 | CD27: =IF((CC27-CC26<0), "",CC27-CC26) -> 10.9 | CE27: 8140.2 | CF27: =IF((CE27-CE26<0), "",CE27-CE26) -> 2.1 | CG27: 74629.8 | CH27: =IF((CG27-CG26<0), "",CG27-CG26) -> 48 | CI27: 1047339 | CJ27: =IF((CI27-CI26<0), "",CI27-CI26) -> 302 | CK27: 994.59 | CL27: =IF((CK27-CK26<0), "",(CK27-CK26)*1000) -> 860 | CM27: =CQ27+CS27 -> 94 | CN27: 25 | CO27: 50 | CP27: 30790 | CQ27: =IF((CP27-CP26<0), "",CP27-CP26) -> 76 | CR27: 21614 | CS27: =IF((CR27-CR26<0), "",CR27-CR26) -> 18 | CT27: 10215 | CU27: =IF((CT27-CT26<0), "",CT27-CT26) -> 20 | CV27: 24412 | CW27: =IF((CV27-CV26<0), "",CV27-CV26) -> 25 | CX27: 3037.4 | CY27: =IF((CX27-CX26<0), "",CX27-CX26) -> 11.9
A28: 44706 | C28: 3.232 | D28: =IF((C28-C27<0), "0",(C28-C27)*1000000) -> 2000 | E28: 4.327 | F28: =IF((E28-E27<0), "0",(E28-E27)*1000000) -> 3000 | G28: 4.287 | H28: =IF((G28-G27<0), "0",(G28-G27)*1000000) -> 3000 | I28: 2.1542 | J28: =IF((I28-I27<0), "0",(I28-I27)*1000000) -> 1700 | K28: 3.36 | L28: =IF((K28-K27<0), "0",(K28-K27)*1000000) -> 3000 | M28: 1.941 | N28: =IF((M28-M27<0), "",(M28-M27)*1000000) -> 2000 | O28: 21031 | P28: =IF((O28-O27<0), "",O28-O27) -> 23 | Q28: 2585 | R28: =IF((Q28-Q27<0), "",Q28-Q27) -> 4 | S28: 1352.4 | T28: =IF((S28-S27<0), "",S28-S27) -> 1.1 | U28: 552408.4 | V28: =IF((U28-U27<0), "",U28-U27) -> 380.3 | W28: 511.93 | X28: =IF((W28-W27<0), "",(W28-W27)*1000) -> 300 | Y28: 3.8043 | Z28: =IF((Y28-Y27<0), "",(Y28-Y27)*1000000) -> 2700 | AA28: 515.78 | AB28: =IF((AA28-AA27<0), "",(AA28-AA27)*1000) -> 420 | AC28: 508.5 | AD28: =IF((AC28-AC27<0), "",(AC28-AC27)*1000) -> 500 | AE28: 757.68 | AF28: =IF((AE28-AE27<0), "",(AE28-AE27)*1000) -> 910 | AG28: 17453 | AH28: =IF((AG28-AG27<0), "",AG28-AG27) -> 34 | AI28: 858.6 | AJ28: =IF((AI28-AI27<0), "",(AI28-AI27)*1000) -> 740 | AK28: 286.72 | AL28: =IF((AK28-AK27<0), "",(AK28-AK27)*1000) -> 310 | AM28: 268.22 | AN28: =IF((AM28-AM27<0), "",(AM28-AM27)*1000) -> 230 | AO28: 257.88 | AP28: =IF((AO28-AO27<0), "",(AO28-AO27)*1000) -> 200 | AQ28: 313.73 | AR28: =IF((AQ28-AQ27<0), "",(AQ28-AQ27)*1000) -> 150 | AS28: 439.24 | AT28: =IF((AS28-AS27<0), "",(AS28-AS27)*1000) -> 160 | AU28: 348.34 | AV28: =IF((AU28-AU27<0), "",(AU28-AU27)*1000) -> 130 | AW28: 377.89 | AX28: =IF((AW28-AW27<0), "",(AW28-AW27)*1000) -> 140 | AY28: 410.88 | AZ28: =IF((AY28-AY27<0), "",(AY28-AY27)*1000) -> 140 | BA28: 431.39 | BB28: =IF((BA28-BA27<0), "",(BA28-BA27)*1000) -> 130 | BC28: 276.96 | BD28: =IF((BC28-BC27<0), "",(BC28-BC27)*1000) -> 60 | BE28: 51494 | BF28: =IF((BE28-BE27<0), "",BE28-BE27) -> 32 | BG28: 248.59 | BH28: =IF((BG28-BG27<0), "",(BG28-BG27)*1000) -> 40 | BI28: 303.3 | BJ28: =IF((BI28-BI27<0), "",(BI28-BI27)*1000) -> 30 | BK28: 252.08 | BL28: =IF((BK28-BK27<0), "",(BK28-BK27)*1000) -> 50 | BM28: 238.25 | BN28: =IF((BM28-BM27<0), "",(BM28-BM27)*1000) -> 50 | BO28: 306.13 | BP28: =IF((BO28-BO27<0), "",(BO28-BO27)*1000) -> 60 | BQ28: 56733 | BR28: =IF((BQ28-BQ27<0), "",BQ28-BQ27) -> 33 | BS28: 215.88 | BT28: =IF((BS28-BS27<0), "",(BS28-BS27)*1000) -> 50 | BU28: 54349 | BV28: =IF((BU28-BU27<0), "",BU28-BU27) -> 39 | BW28: 244.11 | BX28: =IF((BW28-BW27<0), "",(BW28-BW27)*1000) -> 50 | BY28: 74016 | BZ28: =IF((BY28-BY27<0), "",BY28-BY27) -> 41 | CA28: 48391.2 | CB28: =IF((CA28-CA27<0), "",CA28-CA27) -> 47.7 | CC28: 15733.9 | CD28: =IF((CC28-CC27<0), "",CC28-CC27) -> 9.8 | CE28: 8141.3 | CF28: =IF((CE28-CE27<0), "",CE28-CE27) -> 1.1 | CG28: 74673 | CH28: =IF((CG28-CG27<0), "",CG28-CG27) -> 43.2 | CI28: 1047644 | CJ28: =IF((CI28-CI27<0), "",CI28-CI27) -> 305 | CK28: 995.61 | CL28: =IF((CK28-CK27<0), "",(CK28-CK27)*1000) -> 1020 | CM28: =CQ28+CS28 -> 86 | CN28: 25 | CO28: 50 | CP28: 30866 | CQ28: =IF((CP28-CP27<0), "",CP28-CP27) -> 76 | CR28: 21624 | CS28: =IF((CR28-CR27<0), "",CR28-CR27) -> 10 | CT28: 10235 | CU28: =IF((CT28-CT27<0), "",CT28-CT27) -> 20 | CV28: 24428 | CW28: =IF((CV28-CV27<0), "",CV28-CV27) -> 16 | CX28: 3048.5 | CY28: =IF((CX28-CX27<0), "",CX28-CX27) -> 11.1
A29: 44707 | C29: 3.2354 | D29: =IF((C29-C28<0), "0",(C29-C28)*1000000) -> 3400 | E29: 4.33 | F29: =IF((E29-E28<0), "0",(E29-E28)*1000000) -> 3000 | G29: 4.29 | H29: =IF((G29-G28<0), "0",(G29-G28)*1000000) -> 3000 | I29: 2.156 | J29: =IF((I29-I28<0), "0",(I29-I28)*1000000) -> 1800 | K29: 3.36 | L29: =IF((K29-K28<0), "0",(K29-K28)*1000000) -> 0 | M29: 1.943 | N29: =IF((M29-M28<0), "",(M29-M28)*1000000) -> 2000 | O29: 21061 | P29: =IF((O29-O28<0), "",O29-O28) -> 30 | Q29: 2590 | R29: =IF((Q29-Q28<0), "",Q29-Q28) -> 5 | S29: 1353.7 | T29: =IF((S29-S28<0), "",S29-S28) -> 1.3 | U29: 552894.5 | V29: =IF((U29-U28<0), "",U29-U28) -> 486.1 | W29: 512.28 | X29: =IF((W29-W28<0), "",(W29-W28)*1000) -> 350 | Y29: 3.8073 | Z29: =IF((Y29-Y28<0), "",(Y29-Y28)*1000000) -> 3000 | AA29: 516.22 | AB29: =IF((AA29-AA28<0), "",(AA29-AA28)*1000) -> 440 | AC29: 509.05 | AD29: =IF((AC29-AC28<0), "",(AC29-AC28)*1000) -> 550 | AE29: 758.79 | AF29: =IF((AE29-AE28<0), "",(AE29-AE28)*1000) -> 1110 | AG29: 17490 | AH29: =IF((AG29-AG28<0), "",AG29-AG28) -> 37 | AI29: 859.49 | AJ29: =IF((AI29-AI28<0), "",(AI29-AI28)*1000) -> 890 | AK29: 287.06 | AL29: =IF((AK29-AK28<0), "",(AK29-AK28)*1000) -> 340 | AM29: 268.51 | AN29: =IF((AM29-AM28<0), "",(AM29-AM28)*1000) -> 290 | AO29: 258.13 | AP29: =IF((AO29-AO28<0), "",(AO29-AO28)*1000) -> 250 | AQ29: 313.93 | AR29: =IF((AQ29-AQ28<0), "",(AQ29-AQ28)*1000) -> 200 | AS29: 439.42 | AT29: =IF((AS29-AS28<0), "",(AS29-AS28)*1000) -> 180 | AU29: 348.5 | AV29: =IF((AU29-AU28<0), "",(AU29-AU28)*1000) -> 160 | AW29: 378.06 | AX29: =IF((AW29-AW28<0), "",(AW29-AW28)*1000) -> 170 | AY29: 411.12 | AZ29: =IF((AY29-AY28<0), "",(AY29-AY28)*1000) -> 240 | BA29: 431.55 | BB29: =IF((BA29-BA28<0), "",(BA29-BA28)*1000) -> 160 | BC29: 277.03 | BD29: =IF((BC29-BC28<0), "",(BC29-BC28)*1000) -> 70 | BE29: 51533 | BF29: =IF((BE29-BE28<0), "",BE29-BE28) -> 39 | BG29: 248.63 | BH29: =IF((BG29-BG28<0), "",(BG29-BG28)*1000) -> 40 | BI29: 303.33 | BJ29: =IF((BI29-BI28<0), "",(BI29-BI28)*1000) -> 30 | BK29: 252.12 | BL29: =IF((BK29-BK28<0), "",(BK29-BK28)*1000) -> 40 | BM29: 238.29 | BN29: =IF((BM29-BM28<0), "",(BM29-BM28)*1000) -> 40 | BO29: 306.18 | BP29: =IF((BO29-BO28<0), "",(BO29-BO28)*1000) -> 50 | BQ29: 56769 | BR29: =IF((BQ29-BQ28<0), "",BQ29-BQ28) -> 36 | BS29: 215.94 | BT29: =IF((BS29-BS28<0), "",(BS29-BS28)*1000) -> 60 | BU29: 54396 | BV29: =IF((BU29-BU28<0), "",BU29-BU28) -> 47 | BW29: 244.15 | BX29: =IF((BW29-BW28<0), "",(BW29-BW28)*1000) -> 40 | BY29: 74059 | BZ29: =IF((BY29-BY28<0), "",BY29-BY28) -> 43 | CA29: 48439.3 | CB29: =IF((CA29-CA28<0), "",CA29-CA28) -> 48.1 | CC29: 15744.2 | CD29: =IF((CC29-CC28<0), "",CC29-CC28) -> 10.3 | CE29: 8153.3 | CF29: =IF((CE29-CE28<0), "",CE29-CE28) -> 12 | CG29: 74717.3 | CH29: =IF((CG29-CG28<0), "",CG29-CG28) -> 44.3 | CI29: 1047959 | CJ29: =IF((CI29-CI28<0), "",CI29-CI28) -> 315 | CK29: 996.5 | CL29: =IF((CK29-CK28<0), "",(CK29-CK28)*1000) -> 890 | CM29: =CQ29+CS29 -> 84 | CN29: 33 | CO29: 64 | CP29: 30945 | CQ29: =IF((CP29-CP28<0), "",CP29-CP28) -> 79 | CR29: 21629 | CS29: =IF((CR29-CR28<0), "",CR29-CR28) -> 5 | CT29: 10260 | CU29: =IF((CT29-CT28<0), "",CT29-CT28) -> 25 | CV29: 24450 | CW29: =IF((CV29-CV28<0), "",CV29-CV28) -> 22 | CX29: 3060.8 | CY29: =IF((CX29-CX28<0), "",CX29-CX28) -> 12.3
A30: 44708 | C30: 3.238 | D30: =IF((C30-C29<0), "0",(C30-C29)*1000000) -> 2600 | E30: 4.334 | F30: =IF((E30-E29<0), "0",(E30-E29)*1000000) -> 4000 | G30: 4.293 | H30: =IF((G30-G29<0), "0",(G30-G29)*1000000) -> 3000 | I30: 2.1573 | J30: =IF((I30-I29<0), "0",(I30-I29)*1000000) -> 1300 | K30: 3.364 | L30: =IF((K30-K29<0), "0",(K30-K29)*1000000) -> 4000 | M30: 1.945 | N30: =IF((M30-M29<0), "",(M30-M29)*1000000) -> 2000 | O30: 21080 | P30: =IF((O30-O29<0), "",O30-O29) -> 19 | Q30: 2594 | R30: =IF((Q30-Q29<0), "",Q30-Q29) -> 4 | S30: 1354.8 | T30: =IF((S30-S29<0), "",S30-S29) -> 1.1 | U30: 553264.7 | V30: =IF((U30-U29<0), "",U30-U29) -> 370.2 | W30: 512.65 | X30: =IF((W30-W29<0), "",(W30-W29)*1000) -> 370 | Y30: 3.8099 | Z30: =IF((Y30-Y29<0), "",(Y30-Y29)*1000000) -> 2600 | AA30: 516.61 | AB30: =IF((AA30-AA29<0), "",(AA30-AA29)*1000) -> 390 | AC30: 509.54 | AD30: =IF((AC30-AC29<0), "",(AC30-AC29)*1000) -> 490 | AE30: 759.69 | AF30: =IF((AE30-AE29<0), "",(AE30-AE29)*1000) -> 900 | AG30: 17520 | AH30: =IF((AG30-AG29<0), "",AG30-AG29) -> 30 | AI30: 860.22 | AJ30: =IF((AI30-AI29<0), "",(AI30-AI29)*1000) -> 730 | AK30: 287.34 | AL30: =IF((AK30-AK29<0), "",(AK30-AK29)*1000) -> 280 | AM30: 268.67 | AN30: =IF((AM30-AM29<0), "",(AM30-AM29)*1000) -> 160 | AO30: 258.32 | AP30: =IF((AO30-AO29<0), "",(AO30-AO29)*1000) -> 190 | AQ30: 314.09 | AR30: =IF((AQ30-AQ29<0), "",(AQ30-AQ29)*1000) -> 160 | AS30: 439.6 | AT30: =IF((AS30-AS29<0), "",(AS30-AS29)*1000) -> 180 | AU30: 348.62 | AV30: =IF((AU30-AU29<0), "",(AU30-AU29)*1000) -> 120 | AW30: 378.13 | AX30: =IF((AW30-AW29<0), "",(AW30-AW29)*1000) -> 70 | AY30: 411.31 | AZ30: =IF((AY30-AY29<0), "",(AY30-AY29)*1000) -> 190 | BA30: 431.68 | BB30: =IF((BA30-BA29<0), "",(BA30-BA29)*1000) -> 130 | BC30: 277.11 | BD30: =IF((BC30-BC29<0), "",(BC30-BC29)*1000) -> 80 | BE30: 51558 | BF30: =IF((BE30-BE29<0), "",BE30-BE29) -> 25 | BG30: 248.66 | BH30: =IF((BG30-BG29<0), "",(BG30-BG29)*1000) -> 30 | BI30: 303.36 | BJ30: =IF((BI30-BI29<0), "",(BI30-BI29)*1000) -> 30 | BK30: 252.15 | BL30: =IF((BK30-BK29<0), "",(BK30-BK29)*1000) -> 30 | BM30: 238.33 | BN30: =IF((BM30-BM29<0), "",(BM30-BM29)*1000) -> 40 | BO30: 306.26 | BP30: =IF((BO30-BO29<0), "",(BO30-BO29)*1000) -> 80 | BQ30: 56797 | BR30: =IF((BQ30-BQ29<0), "",BQ30-BQ29) -> 28 | BS30: 215.98 | BT30: =IF((BS30-BS29<0), "",(BS30-BS29)*1000) -> 40 | BU30: 54434 | BV30: =IF((BU30-BU29<0), "",BU30-BU29) -> 38 | BW30: 244.18 | BX30: =IF((BW30-BW29<0), "",(BW30-BW29)*1000) -> 30 | BY30: 74098 | BZ30: =IF((BY30-BY29<0), "",BY30-BY29) -> 39 | CA30: 48485.7 | CB30: =IF((CA30-CA29<0), "",CA30-CA29) -> 46.4 | CC30: 15754.5 | CD30: =IF((CC30-CC29<0), "",CC30-CC29) -> 10.3 | CE30: 8155.1 | CF30: =IF((CE30-CE29<0), "",CE30-CE29) -> 1.8 | CG30: 74764.8 | CH30: =IF((CG30-CG29<0), "",CG30-CG29) -> 47.5 | CI30: 1048271 | CJ30: =IF((CI30-CI29<0), "",CI30-CI29) -> 312 | CK30: 997.41 | CL30: =IF((CK30-CK29<0), "",(CK30-CK29)*1000) -> 910 | CM30: =CQ30+CS30 -> 88 | CP30: 31024 | CQ30: =IF((CP30-CP29<0), "",CP30-CP29) -> 79 | CR30: 21638 | CS30: =IF((CR30-CR29<0), "",CR30-CR29) -> 9 | CT30: 10280 | CU30: =IF((CT30-CT29<0), "",CT30-CT29) -> 20 | CV30: 24467 | CW30: =IF((CV30-CV29<0), "",CV30-CV29) -> 17 | CX30: 3071.7 | CY30: =IF((CX30-CX29<0), "",CX30-CX29) -> 10.9
A31: 44709 | C31: 3.241 | D31: =IF((C31-C30<0), "0",(C31-C30)*1000000) -> 3000 | E31: 4.337 | F31: =IF((E31-E30<0), "0",(E31-E30)*1000000) -> 3000 | G31: 4.297 | H31: =IF((G31-G30<0), "0",(G31-G30)*1000000) -> 4000 | I31: 2.159 | J31: =IF((I31-I30<0), "0",(I31-I30)*1000000) -> 1700 | K31: 3.367 | L31: =IF((K31-K30<0), "0",(K31-K30)*1000000) -> 3000 | M31: 1.947 | N31: =IF((M31-M30<0), "",(M31-M30)*1000000) -> 2000 | O31: 21104 | P31: =IF((O31-O30<0), "",O31-O30) -> 24 | Q31: 2599 | R31: =IF((Q31-Q30<0), "",Q31-Q30) -> 5 | S31: 1356.1 | T31: =IF((S31-S30<0), "",S31-S30) -> 1.3 | U31: 553706.7 | V31: =IF((U31-U30<0), "",U31-U30) -> 442 | W31: 513.01 | X31: =IF((W31-W30<0), "",(W31-W30)*1000) -> 360 | Y31: 3.8128 | Z31: =IF((Y31-Y30<0), "",(Y31-Y30)*1000000) -> 2900 | AA31: 516.88 | AB31: =IF((AA31-AA30<0), "",(AA31-AA30)*1000) -> 270 | AC31: 510.06 | AD31: =IF((AC31-AC30<0), "",(AC31-AC30)*1000) -> 520 | AE31: 760.69 | AF31: =IF((AE31-AE30<0), "",(AE31-AE30)*1000) -> 1000 | AG31: 17558 | AH31: =IF((AG31-AG30<0), "",AG31-AG30) -> 38 | AI31: 860.91 | AJ31: =IF((AI31-AI30<0), "",(AI31-AI30)*1000) -> 690 | AK31: 287.65 | AL31: =IF((AK31-AK30<0), "",(AK31-AK30)*1000) -> 310 | AM31: 268.97 | AN31: =IF((AM31-AM30<0), "",(AM31-AM30)*1000) -> 300 | AO31: 258.53 | AP31: =IF((AO31-AO30<0), "",(AO31-AO30)*1000) -> 210 | AQ31: 314.23 | AR31: =IF((AQ31-AQ30<0), "",(AQ31-AQ30)*1000) -> 140 | AS31: 439.89 | AT31: =IF((AS31-AS30<0), "",(AS31-AS30)*1000) -> 290 | AU31: 348.76 | AV31: =IF((AU31-AU30<0), "",(AU31-AU30)*1000) -> 140 | AW31: 378.44 | AX31: =IF((AW31-AW30<0), "",(AW31-AW30)*1000) -> 310 | AY31: 411.53 | AZ31: =IF((AY31-AY30<0), "",(AY31-AY30)*1000) -> 220 | BA31: 431.83 | BB31: =IF((BA31-BA30<0), "",(BA31-BA30)*1000) -> 150 | BC31: 277.21 | BD31: =IF((BC31-BC30<0), "",(BC31-BC30)*1000) -> 100 | BE31: 51598 | BF31: =IF((BE31-BE30<0), "",BE31-BE30) -> 40 | BG31: 248.71 | BH31: =IF((BG31-BG30<0), "",(BG31-BG30)*1000) -> 50 | BI31: 303.4 | BJ31: =IF((BI31-BI30<0), "",(BI31-BI30)*1000) -> 40 | BK31: 252.19 | BL31: =IF((BK31-BK30<0), "",(BK31-BK30)*1000) -> 40 | BM31: 238.37 | BN31: =IF((BM31-BM30<0), "",(BM31-BM30)*1000) -> 40 | BO31: 306.28 | BP31: =IF((BO31-BO30<0), "",(BO31-BO30)*1000) -> 20 | BQ31: 56832 | BR31: =IF((BQ31-BQ30<0), "",BQ31-BQ30) -> 35 | BS31: 216.02 | BT31: =IF((BS31-BS30<0), "",(BS31-BS30)*1000) -> 40 | BU31: 54468 | BV31: =IF((BU31-BU30<0), "",BU31-BU30) -> 34 | BW31: 244.23 | BX31: =IF((BW31-BW30<0), "",(BW31-BW30)*1000) -> 50 | BY31: 74151 | BZ31: =IF((BY31-BY30<0), "",BY31-BY30) -> 53 | CA31: 48549.9 | CB31: =IF((CA31-CA30<0), "",CA31-CA30) -> 64.2 | CC31: 15765.2 | CD31: =IF((CC31-CC30<0), "",CC31-CC30) -> 10.7 | CE31: 8157.8 | CF31: =IF((CE31-CE30<0), "",CE31-CE30) -> 2.7 | CG31: 74810.9 | CH31: =IF((CG31-CG30<0), "",CG31-CG30) -> 46.1 | CI31: 1048570 | CJ31: =IF((CI31-CI30<0), "",CI31-CI30) -> 299 | CK31: 998.41 | CL31: =IF((CK31-CK30<0), "",(CK31-CK30)*1000) -> 1000 | CM31: =CQ31+CS31 -> 102 | CN31: 29 | CO31: 56 | CP31: 31107 | CQ31: =IF((CP31-CP30<0), "",CP31-CP30) -> 83 | CR31: 21657 | CS31: =IF((CR31-CR30<0), "",CR31-CR30) -> 19 | CT31: 10302 | CU31: =IF((CT31-CT30<0), "",CT31-CT30) -> 22 | CV31: 24482 | CW31: =IF((CV31-CV30<0), "",CV31-CV30) -> 15 | CX31: 3083.9 | CY31: =IF((CX31-CX30<0), "",CX31-CX30) -> 12.2
A32: 44710 | C32: 3.244 | D32: =IF((C32-C31<0), "0",(C32-C31)*1000000) -> 3000 | E32: 4.34 | F32: =IF((E32-E31<0), "0",(E32-E31)*1000000) -> 3000 | G32: 4.3 | H32: =IF((G32-G31<0), "0",(G32-G31)*1000000) -> 3000 | I32: 2.1606 | J32: =IF((I32-I31<0), "0",(I32-I31)*1000000) -> 1600 | K32: 3.369 | L32: =IF((K32-K31<0), "0",(K32-K31)*1000000) -> 2000 | M32: 1.9488 | N32: =IF((M32-M31<0), "",(M32-M31)*1000000) -> 1800 | O32: 21134 | P32: =IF((O32-O31<0), "",O32-O31) -> 30 | Q32: 2603 | R32: =IF((Q32-Q31<0), "",Q32-Q31) -> 4 | S32: 1357 | T32: =IF((S32-S31<0), "",S32-S31) -> 0.9 | U32: 554142.3 | V32: =IF((U32-U31<0), "",U32-U31) -> 435.6 | W32: 513.38 | X32: =IF((W32-W31<0), "",(W32-W31)*1000) -> 370 | Y32: 3.8159 | Z32: =IF((Y32-Y31<0), "",(Y32-Y31)*1000000) -> 3100 | AA32: 517.27 | AB32: =IF((AA32-AA31<0), "",(AA32-AA31)*1000) -> 390 | AC32: 510.57 | AD32: =IF((AC32-AC31<0), "",(AC32-AC31)*1000) -> 510 | AE32: 761.57 | AF32: =IF((AE32-AE31<0), "",(AE32-AE31)*1000) -> 880 | AG32: 17599 | AH32: =IF((AG32-AG31<0), "",AG32-AG31) -> 41 | AI32: 861.65 | AJ32: =IF((AI32-AI31<0), "",(AI32-AI31)*1000) -> 740 | AK32: 287.98 | AL32: =IF((AK32-AK31<0), "",(AK32-AK31)*1000) -> 330 | AM32: 269.14 | AN32: =IF((AM32-AM31<0), "",(AM32-AM31)*1000) -> 170 | AO32: 258.74 | AP32: =IF((AO32-AO31<0), "",(AO32-AO31)*1000) -> 210 | AQ32: 314.4 | AR32: =IF((AQ32-AQ31<0), "",(AQ32-AQ31)*1000) -> 170 | AS32: 440.17 | AT32: =IF((AS32-AS31<0), "",(AS32-AS31)*1000) -> 280 | AU32: 348.9 | AV32: =IF((AU32-AU31<0), "",(AU32-AU31)*1000) -> 140 | AW32: 378.62 | AX32: =IF((AW32-AW31<0), "",(AW32-AW31)*1000) -> 180 | AY32: 411.67 | AZ32: =IF((AY32-AY31<0), "",(AY32-AY31)*1000) -> 140 | BA32: 431.85 | BB32: =IF((BA32-BA31<0), "",(BA32-BA31)*1000) -> 20 | BC32: 277.31 | BD32: =IF((BC32-BC31<0), "",(BC32-BC31)*1000) -> 100 | BE32: 51630 | BF32: =IF((BE32-BE31<0), "",BE32-BE31) -> 32 | BG32: 248.74 | BH32: =IF((BG32-BG31<0), "",(BG32-BG31)*1000) -> 30 | BI32: 303.43 | BJ32: =IF((BI32-BI31<0), "",(BI32-BI31)*1000) -> 30 | BK32: 252.23 | BL32: =IF((BK32-BK31<0), "",(BK32-BK31)*1000) -> 40 | BM32: 238.43 | BN32: =IF((BM32-BM31<0), "",(BM32-BM31)*1000) -> 60 | BO32: 306.33 | BP32: =IF((BO32-BO31<0), "",(BO32-BO31)*1000) -> 50 | BQ32: 56869 | BR32: =IF((BQ32-BQ31<0), "",BQ32-BQ31) -> 37 | BS32: 216.07 | BT32: =IF((BS32-BS31<0), "",(BS32-BS31)*1000) -> 50 | BU32: 54506 | BV32: =IF((BU32-BU31<0), "",BU32-BU31) -> 38 | BW32: 244.26 | BX32: =IF((BW32-BW31<0), "",(BW32-BW31)*1000) -> 30 | BY32: 74197 | BZ32: =IF((BY32-BY31<0), "",BY32-BY31) -> 46 | CA32: 48607.7 | CB32: =IF((CA32-CA31<0), "",CA32-CA31) -> 57.8 | CC32: 15775.4 | CD32: =IF((CC32-CC31<0), "",CC32-CC31) -> 10.2 | CE32: 8165.1 | CF32: =IF((CE32-CE31<0), "",CE32-CE31) -> 7.3 | CG32: 74856.1 | CH32: =IF((CG32-CG31<0), "",CG32-CG31) -> 45.2 | CI32: 1048867 | CJ32: =IF((CI32-CI31<0), "",CI32-CI31) -> 297 | CK32: 999.37 | CL32: =IF((CK32-CK31<0), "",(CK32-CK31)*1000) -> 960 | CM32: =CQ32+CS32 -> 120 | CN32: 29 | CO32: 56 | CP32: 31183 | CQ32: =IF((CP32-CP31<0), "",CP32-CP31) -> 76 | CR32: 21701 | CS32: =IF((CR32-CR31<0), "",CR32-CR31) -> 44 | CT32: 10325 | CU32: =IF((CT32-CT31<0), "",CT32-CT31) -> 23 | CV32: 24510 | CW32: =IF((CV32-CV31<0), "",CV32-CV31) -> 28 | CX32: 3096.1 | CY32: =IF((CX32-CX31<0), "",CX32-CX31) -> 12.2
A33: 44711 | C33: 3.247 | D33: =IF((C33-C32<0), "0",(C33-C32)*1000000) -> 3000 | E33: 4.344 | F33: =IF((E33-E32<0), "0",(E33-E32)*1000000) -> 4000 | G33: 4.304 | H33: =IF((G33-G32<0), "0",(G33-G32)*1000000) -> 4000 | I33: 2.1622 | J33: =IF((I33-I32<0), "0",(I33-I32)*1000000) -> 1600 | K33: 3.371 | L33: =IF((K33-K32<0), "0",(K33-K32)*1000000) -> 2000 | M33: 1.9506 | N33: =IF((M33-M32<0), "",(M33-M32)*1000000) -> 1800 | O33: 21163 | P33: =IF((O33-O32<0), "",O33-O32) -> 29 | Q33: 2608 | R33: =IF((Q33-Q32<0), "",Q33-Q32) -> 5 | S33: 1358.4 | T33: =IF((S33-S32<0), "",S33-S32) -> 1.4 | U33: 554636.1 | V33: =IF((U33-U32<0), "",U33-U32) -> 493.8 | W33: 513.81 | X33: =IF((W33-W32<0), "",(W33-W32)*1000) -> 430 | Y33: 3.8189 | Z33: =IF((Y33-Y32<0), "",(Y33-Y32)*1000000) -> 3000 | AA33: 517.65 | AB33: =IF((AA33-AA32<0), "",(AA33-AA32)*1000) -> 380 | AC33: 511.05 | AD33: =IF((AC33-AC32<0), "",(AC33-AC32)*1000) -> 480 | AE33: 762.38 | AF33: =IF((AE33-AE32<0), "",(AE33-AE32)*1000) -> 810 | AG33: 17634 | AH33: =IF((AG33-AG32<0), "",AG33-AG32) -> 35 | AI33: 862.36 | AJ33: =IF((AI33-AI32<0), "",(AI33-AI32)*1000) -> 710 | AK33: 288.29 | AL33: =IF((AK33-AK32<0), "",(AK33-AK32)*1000) -> 310 | AM33: 269.27 | AN33: =IF((AM33-AM32<0), "",(AM33-AM32)*1000) -> 130 | AO33: 258.92 | AP33: =IF((AO33-AO32<0), "",(AO33-AO32)*1000) -> 180 | AQ33: 314.54 | AR33: =IF((AQ33-AQ32<0), "",(AQ33-AQ32)*1000) -> 140 | AS33: 440.43 | AT33: =IF((AS33-AS32<0), "",(AS33-AS32)*1000) -> 260 | AU33: 349.04 | AV33: =IF((AU33-AU32<0), "",(AU33-AU32)*1000) -> 140 | AW33: 378.79 | AX33: =IF((AW33-AW32<0), "",(AW33-AW32)*1000) -> 170 | AY33: 411.8 | AZ33: =IF((AY33-AY32<0), "",(AY33-AY32)*1000) -> 130 | BA33: 432.08 | BB33: =IF((BA33-BA32<0), "",(BA33-BA32)*1000) -> 230 | BC33: 277.4 | BD33: =IF((BC33-BC32<0), "",(BC33-BC32)*1000) -> 90 | BE33: 51660 | BF33: =IF((BE33-BE32<0), "",BE33-BE32) -> 30 | BG33: 248.78 | BH33: =IF((BG33-BG32<0), "",(BG33-BG32)*1000) -> 40 | BI33: 303.47 | BJ33: =IF((BI33-BI32<0), "",(BI33-BI32)*1000) -> 40 | BK33: 252.26 | BL33: =IF((BK33-BK32<0), "",(BK33-BK32)*1000) -> 30 | BM33: 238.47 | BN33: =IF((BM33-BM32<0), "",(BM33-BM32)*1000) -> 40 | BO33: 306.38 | BP33: =IF((BO33-BO32<0), "",(BO33-BO32)*1000) -> 50 | BQ33: 56907 | BR33: =IF((BQ33-BQ32<0), "",BQ33-BQ32) -> 38 | BS33: 216.12 | BT33: =IF((BS33-BS32<0), "",(BS33-BS32)*1000) -> 50 | BU33: 54555 | BV33: =IF((BU33-BU32<0), "",BU33-BU32) -> 49 | BW33: 244.3 | BX33: =IF((BW33-BW32<0), "",(BW33-BW32)*1000) -> 40 | BY33: 74248 | BZ33: =IF((BY33-BY32<0), "",BY33-BY32) -> 51 | CA33: 48647.9 | CB33: =IF((CA33-CA32<0), "",CA33-CA32) -> 40.2 | CC33: 15786.6 | CD33: =IF((CC33-CC32<0), "",CC33-CC32) -> 11.2 | CE33: 8169 | CF33: =IF((CE33-CE32<0), "",CE33-CE32) -> 3.9 | CG33: 74902.6 | CH33: =IF((CG33-CG32<0), "",CG33-CG32) -> 46.5 | CI33: 1049170 | CJ33: =IF((CI33-CI32<0), "",CI33-CI32) -> 303 | CK33: 1000.3 | CL33: =IF((CK33-CK32<0), "",(CK33-CK32)*1000) -> 930 | CM33: =CQ33+CS33 -> 110 | CN33: 37 | CO33: 59 | CP33: 31269 | CQ33: =IF((CP33-CP32<0), "",CP33-CP32) -> 86 | CR33: 21725 | CS33: =IF((CR33-CR32<0), "",CR33-CR32) -> 24 | CT33: 10346 | CU33: =IF((CT33-CT32<0), "",CT33-CT32) -> 21 | CV33: 24527 | CW33: =IF((CV33-CV32<0), "",CV33-CV32) -> 17 | CX33: 3108 | CY33: =IF((CX33-CX32<0), "",CX33-CX32) -> 11.9
A34: 44712 | C34: 3.2492 | D34: =IF((C34-C33<0), "0",(C34-C33)*1000000) -> 2200 | E34: 4.3467 | F34: =IF((E34-E33<0), "0",(E34-E33)*1000000) -> 2700 | G34: 4.3069 | H34: =IF((G34-G33<0), "0",(G34-G33)*1000000) -> 2900 | I34: 2.1637 | J34: =IF((I34-I33<0), "0",(I34-I33)*1000000) -> 1500 | K34: 3.3734 | L34: =IF((K34-K33<0), "0",(K34-K33)*1000000) -> 2400 | M34: 1.9521 | N34: =IF((M34-M33<0), "",(M34-M33)*1000000) -> 1500 | O34: 21184 | P34: =IF((O34-O33<0), "",O34-O33) -> 21 | Q34: 2612 | R34: =IF((Q34-Q33<0), "",Q34-Q33) -> 4 | S34: 1359.5 | T34: =IF((S34-S33<0), "",S34-S33) -> 1.1 | U34: 555044.6 | V34: =IF((U34-U33<0), "",U34-U33) -> 408.5 | W34: 514.21 | X34: =IF((W34-W33<0), "",(W34-W33)*1000) -> 400 | Y34: 3.8216 | Z34: =IF((Y34-Y33<0), "",(Y34-Y33)*1000000) -> 2700 | AA34: 517.89 | AB34: =IF((AA34-AA33<0), "",(AA34-AA33)*1000) -> 240 | AC34: 511.47 | AD34: =IF((AC34-AC33<0), "",(AC34-AC33)*1000) -> 420 | AE34: 763.16 | AF34: =IF((AE34-AE33<0), "",(AE34-AE33)*1000) -> 780 | AG34: 17669 | AH34: =IF((AG34-AG33<0), "",AG34-AG33) -> 35 | AI34: 863.04 | AJ34: =IF((AI34-AI33<0), "",(AI34-AI33)*1000) -> 680 | AK34: 288.58 | AL34: =IF((AK34-AK33<0), "",(AK34-AK33)*1000) -> 290 | AM34: 269.58 | AN34: =IF((AM34-AM33<0), "",(AM34-AM33)*1000) -> 310 | AO34: 259.09 | AP34: =IF((AO34-AO33<0), "",(AO34-AO33)*1000) -> 170 | AQ34: 314.67 | AR34: =IF((AQ34-AQ33<0), "",(AQ34-AQ33)*1000) -> 130 | AS34: 440.68 | AT34: =IF((AS34-AS33<0), "",(AS34-AS33)*1000) -> 250 | AU34: 349.19 | AV34: =IF((AU34-AU33<0), "",(AU34-AU33)*1000) -> 150 | AW34: 378.93 | AX34: =IF((AW34-AW33<0), "",(AW34-AW33)*1000) -> 140 | AY34: 411.93 | AZ34: =IF((AY34-AY33<0), "",(AY34-AY33)*1000) -> 130 | BA34: 432.21 | BB34: =IF((BA34-BA33<0), "",(BA34-BA33)*1000) -> 130 | BC34: 277.53 | BD34: =IF((BC34-BC33<0), "",(BC34-BC33)*1000) -> 130 | BE34: 51694 | BF34: =IF((BE34-BE33<0), "",BE34-BE33) -> 34 | BG34: 248.82 | BH34: =IF((BG34-BG33<0), "",(BG34-BG33)*1000) -> 40 | BI34: 303.5 | BJ34: =IF((BI34-BI33<0), "",(BI34-BI33)*1000) -> 30 | BK34: 252.3 | BL34: =IF((BK34-BK33<0), "",(BK34-BK33)*1000) -> 40 | BM34: 238.53 | BN34: =IF((BM34-BM33<0), "",(BM34-BM33)*1000) -> 60 | BO34: 306.42 | BP34: =IF((BO34-BO33<0), "",(BO34-BO33)*1000) -> 40 | BQ34: 56941 | BR34: =IF((BQ34-BQ33<0), "",BQ34-BQ33) -> 34 | BS34: 216.16 | BT34: =IF((BS34-BS33<0), "",(BS34-BS33)*1000) -> 40 | BU34: 54584 | BV34: =IF((BU34-BU33<0), "",BU34-BU33) -> 29 | BW34: 244.34 | BX34: =IF((BW34-BW33<0), "",(BW34-BW33)*1000) -> 40 | BY34: 74291 | BZ34: =IF((BY34-BY33<0), "",BY34-BY33) -> 43 | CA34: 48700 | CB34: =IF((CA34-CA33<0), "",CA34-CA33) -> 52.1 | CC34: 15796 | CD34: =IF((CC34-CC33<0), "",CC34-CC33) -> 9.4 | CE34: 8170.4 | CF34: =IF((CE34-CE33<0), "",CE34-CE33) -> 1.4 | CG34: 74949.6 | CH34: =IF((CG34-CG33<0), "",CG34-CG33) -> 47 | CI34: 1049451 | CJ34: =IF((CI34-CI33<0), "",CI34-CI33) -> 281 | CK34: 1001.3 | CL34: =IF((CK34-CK33<0), "",(CK34-CK33)*1000) -> 1000 | CM34: =CQ34+CS34 -> 99 | CN34: 22 | CO34: 43 | CP34: 31350 | CQ34: =IF((CP34-CP33<0), "",CP34-CP33) -> 81 | CR34: 21743 | CS34: =IF((CR34-CR33<0), "",CR34-CR33) -> 18 | CT34: 10358 | CU34: =IF((CT34-CT33<0), "",CT34-CT33) -> 12 | CV34: 24545 | CW34: =IF((CV34-CV33<0), "",CV34-CV33) -> 18 | CX34: 3119.4 | CY34: =IF((CX34-CX33<0), "",CX34-CX33) -> 11.4

Sheet LPG
A3: LPG CONSUMPTION | K3: Tank capacity ( L): | N3: 500
A4: Date | B4: Occ % | C4: Occ villas | D4: Num of gst | E4: Main Kitchen | K4: Lighthouse | N4: Canteen | R4: PVILLA
E5: Meter 1 (9598630) | G5: Meter 2 (9598611) | I5: Meter 3 (9249533) | K5: Meter 1 (9598653) | N5: Meter 1 (9249524) | R5: Meter 1 (9249527)
E6: Tk 1% | F6: Mᶾ | G6: Tk2 % | H6: Mᶾ | I6: Tk 3% | J6: Mᶾ | K6: Tk1 % | L6: Tk2 % | M6: Mᶾ | N6: Tk 1% | O6: Tk2 % | P6: Tk 3% | Q6: Mᶾ | R6: Tk1 % | S6: Mᶾ
A7: 44681 | B7: 0 | C7: 36 | D7: 95 | E7: 85 | F7: 6834 | G7: 10 | H7: 578 | I7: 85 | J7: 2212 | K7: 85 | L7: 70 | M7: 1717 | N7: 85 | O7: 83 | P7: 0 | Q7: 4939 | R7: 70 | S7: 227 | T7: =S7-S6 -> #VALUE!
A8: 44682 | B8: 0 | E8: 85 | F8: 6834 | G8: 0 | H8: 581 | I8: 85 | J8: 2212 | K8: 85 | L8: 65 | M8: 1721 | N8: 85 | O8: 79 | P8: 0 | Q8: 4946 | R8: 70 | S8: 227 | T8: =S8-S7 -> 0
A9: 44683 | B9: 0 | E9: 75 | F9: 6834 | G9: 0 | H9: 584 | I9: 85 | J9: 2212 | K9: 85 | L9: 65 | M9: 1724 | N9: 85 | O9: 74 | P9: 0 | Q9: 4950 | R9: 70 | S9: 227 | T9: =S9-S8 -> 0
A10: 44684 | B10: 0 | E10: 60 | F10: 6834 | G10: 0 | H10: 589 | I10: 85 | J10: 2212 | K10: 85 | L10: 60 | M10: 1726 | N10: 85 | O10: 69 | P10: 0 | Q10: 4954 | R10: 70 | S10: 227 | T10: =S10-S9 -> 0
A11: 44685 | B11: 0 | C11: 49 | D11: 120 | E11: 48 | F11: 6834 | G11: 0 | H11: 592 | I11: 85 | J11: 2212 | K11: 85 | L11: 55 | M11: 1729 | N11: 85 | O11: 65 | P11: 0 | Q11: 4957 | R11: 70 | S11: 227 | T11: =S11-S10 -> 0
A12: 44686 | B12: 0 | C12: 48 | D12: 119 | E12: 35 | F12: 6834 | G12: 0 | H12: 595 | I12: 85 | J12: 2212 | K12: 85 | L12: 52 | M12: 1732 | N12: 85 | O12: 58 | P12: 0 | Q12: 4962 | R12: 70 | S12: 227 | T12: =S12-S11 -> 0
A13: 44687 | B13: 0 | C13: 50 | D13: 124 | E13: 20 | F13: 6834 | G13: 0 | H13: 599 | I13: 85 | J13: 2212 | K13: 85 | L13: 50 | M13: 1736 | N13: 85 | O13: 55 | P13: 0 | Q13: 4965 | R13: 70 | S13: 227 | T13: =S13-S12 -> 0
A14: 44688 | B14: 0 | C14: 49 | D14: 107 | E14: 10 | F14: 6834 | G14: 0 | H14: 601 | I14: 85 | J14: 2212 | K14: 85 | L14: 45 | M14: 1739 | N14: 85 | O14: 52 | P14: 0 | Q14: 4967 | R14: 70 | S14: 227 | T14: =S14-S13 -> 0
A15: 44689 | B15: 0 | C15: 43 | D15: 106 | E15: 0 | F15: 6834 | G15: 0 | H15: 604 | I15: 85 | J15: 2212 | K15: 85 | L15: 42 | M15: 1741 | N15: 85 | O15: 50 | P15: 0 | Q15: 4970 | R15: 70 | S15: 227 | T15: =S15-S14 -> 0
A16: 44690 | B16: 0 | C16: 43 | D16: 106 | E16: 0 | F16: 6834 | G16: 0 | H16: 608 | I16: 83 | J16: 2212 | K16: 85 | L16: 33 | M16: 1745 | N16: 85 | O16: 44 | P16: 0 | Q16: 4974 | R16: 70 | S16: 227 | T16: =S16-S15 -> 0
A17: 44691 | B17: 0 | C17: 40 | D17: 96 | E17: 0 | F17: 6834 | G17: 0 | H17: 610 | I17: 71 | J17: 2212 | K17: 85 | L17: 33 | M17: 1745 | N17: 85 | O17: 39 | P17: 0 | Q17: 4978 | R17: 70 | S17: 227 | T17: =S17-S16 -> 0
A18: 44692 | B18: 0 | C18: 41 | D18: 96 | E18: 0 | F18: 6834 | G18: 0 | H18: 613 | I18: 55 | J18: 2212 | K18: 85 | L18: 30 | M18: 1748 | N18: 85 | O18: 35 | P18: 0 | Q18: 4982 | R18: 70 | S18: 227 | T18: =S18-S17 -> 0
A19: 44693 | B19: 0 | C19: 49 | D19: 94 | E19: 0 | F19: 6834 | G19: 0 | H19: 617 | I19: 40 | J19: 2212 | K19: 85 | L19: 30 | M19: 1750 | N19: 85 | O19: 30 | P19: 0 | Q19: 4989 | R19: 70 | S19: 227 | T19: =S19-S18 -> 0
A20: 44694 | B20: 0 | C20: 45 | D20: 104 | E20: 85 | F20: 6834 | G20: 75 | H20: 620 | I20: 85 | J20: 2212 | K20: 85 | L20: 25 | M20: 1753 | N20: 85 | O20: 85 | P20: 85 | Q20: 4990 | R20: 70 | S20: 227 | T20: =S20-S19 -> 0
A21: 44695 | B21: 0 | C21: 45 | D21: 104 | E21: 85 | F21: 6834 | G21: 60 | H21: 620 | I21: 85 | J21: 2212 | K21: 85 | L21: 20 | M21: 1755 | N21: 85 | O21: 84 | P21: 85 | Q21: 4991 | R21: 70 | S21: 227 | T21: =S21-S20 -> 0
A22: 44696 | B22: 0 | C22: 40 | D22: 85 | E22: 85 | F22: 6834 | G22: 41 | H22: 628 | I22: 85 | J22: 2212 | K22: 85 | L22: 19 | M22: 1758 | N22: 85 | O22: 80 | P22: 85 | Q22: 4995 | R22: 70 | S22: 227 | T22: =S22-S21 -> 0
... A28: 44702 | B28: 0 | C28: 27 | D28: 57 | E28: 45 | F28: 6834 | G28: 7 | H28: 646 | I28: 85 | J28: 2212 | K28: 85 | L28: 10 | M28: 1765 | N28: 85 | O28: 60 | P28: 85 | Q28: 5017 | R28: 70 | S28: 227 | T28: =S28-S27 -> 0
A29: 44703 | E29: 30 | F29: 6834 | G29: 7 | H29: 649 | I29: 85 | J29: 2212 | K29: 85 | L29: 10 | M29: 1768 | N29: 85 | O29: 45 | P29: 85 | Q29: 5022 | R29: 70 | S29: 227 | T29: =S29-S28 -> 0
A30: 44704 | C30: 35 | D30: 69 | E30: 20 | F30: 6834 | G30: 7 | H30: 650 | I30: 85 | J30: 2212 | K30: 85 | L30: 7 | M30: 1770 | N30: 85 | O30: 45 | P30: 85 | Q30: 5024 | R30: 70 | S30: 227 | T30: =S30-S29 -> 0
A31: 44705 | C31: 25 | D31: 50 | E31: 10 | F31: 6834 | G31: 7 | H31: 654 | I31: 85 | J31: 2212 | K31: 85 | L31: 7 | M31: 1770 | N31: 85 | O31: 42 | P31: 85 | Q31: 5027 | R31: 70 | S31: 227 | T31: =S31-S30 -> 0
A32: 44706 | C32: 25 | D32: 50 | E32: 0 | F32: 6834 | G32: 7 | H32: 656 | I32: 85 | J32: 2212 | K32: 85 | L32: 5 | M32: 1773 | N32: 85 | O32: 35 | P32: 85 | Q32: 5032 | R32: 70 | S32: 227 | T32: =S32-S31 -> 0
A33: 44707 | C33: 33 | D33: 64 | E33: 0 | F33: 6834 | G33: 7 | H33: 659 | I33: 75 | J33: 2212 | K33: 85 | L33: 0 | M33: 1776 | N33: 85 | O33: 32 | P33: 85 | Q33: 5035 | R33: 70 | S33: 227 | T33: =S33-S32 -> 0
A34: 44708 | E34: 0 | F34: 6834 | G34: 7 | H34: 661 | I34: 62 | J34: 2212 | K34: 84 | L34: 0 | M34: 1779 | N34: 85 | O34: 30 | P34: 85 | Q34: 5039 | R34: 70 | S34: 227 | T34: =S34-S33 -> 0
A35: 44709 | B35: 0 | C35: 29 | D35: 56 | E35: 0 | F35: 6834 | G35: 0 | H35: 664 | I35: 50 | J35: 2212 | K35: 83 | L35: 0 | M35: 1779 | N35: 85 | O35: 25 | P35: 85 | Q35: 5042 | R35: 70 | S35: 227 | T35: =S35-S34 -> 0
A36: 44710 | B36: 0 | C36: 29 | D36: 56 | E36: 0 | F36: 6834 | G36: 0 | H36: 667 | I36: 35 | J36: 2212 | K36: 82 | L36: 0 | M36: 1782 | N36: 85 | O36: 20 | P36: 85 | Q36: 5044 | R36: 70 | S36: 227 | T36: =S36-S35 -> 0
A37: 44711 | B37: 0 | C37: 37 | D37: 59 | E37: 85 | F37: 6834 | G37: 79 | H37: 670 | I37: 85 | J37: 2212 | K37: 84 | L37: 85 | M37: 1785 | N37: 85 | O37: 85 | P37: 85 | Q37: 5048 | R37: 70 | S37: 227 | T37: =S37-S36 -> 0
A38: 44712 | B38: 0 | C38: 22 | D38: 43 | E38: 85 | F38: 6834 | G38: 65 | H38: 672 | I38: 85 | J38: 2212 | K38: 84 | L38: 85 | M38: 1785 | N38: 85 | O38: 83 | P38: 85 | Q38: 5053 | R38: 70 | S38: 227 | T38: =S38-S37 -> 0
A39: 44713 | T39: =S39-S38 -> -227
