Workbook

Sheet TOTAL
A1: Site Name | B1: Day | C1: Month | D1: Year | E1: Total Electricity Kwh | F1: Electricity Tariff ($/Kwh) | G1: Natual Gas (m3) | H1: Natural Gas $/m3 | I1: Water Utility Supply (m3) m3 | J1: Water Utility Supply (m3) $/m3 | K1: Total Guests | L1: Room Nights
A2: Prague | B2: 1 | C2: 5 | D2: 2022 | E2: =May!B4 -> 12540 | F2: 0.099 | G2: =May!C4 -> 888 | H2: 0.28 | I2: =May!D4 -> 58 | J2: 3.272 | K2: =May!J4 -> 76 | L2: =May!K4 -> 38
A3: Prague | B3: =B2+1 -> 2 | C3: 5 | D3: 2022 | E3: =May!B5 -> 11554 | F3: 0.099 | G3: =May!C5 -> 715 | H3: 0.28 | I3: =May!D5 -> 60 | J3: 3.272 | K3: =May!J5 -> 74 | L3: =May!K5 -> 43
A4: Prague | B4: =B3+1 -> 3 | C4: 5 | D4: 2022 | E4: =May!B6 -> 13304 | F4: 0.099 | G4: =May!C6 -> 818 | H4: 0.28 | I4: =May!D6 -> 63 | J4: 3.272 | K4: =May!J6 -> 96 | L4: =May!K6 -> 60
A5: Prague | B5: =B4+1 -> 4 | C5: 5 | D5: 2022 | E5: =May!B7 -> 12785 | F5: 0.099 | G5: =May!C7 -> 606 | H5: 0.28 | I5: =May!D7 -> 80 | J5: 3.272 | K5: =May!J7 -> 106 | L5: =May!K7 -> 66
A6: Prague | B6: =B5+1 -> 5 | C6: 5 | D6: 2022 | E6: =May!B8 -> 12663 | F6: 0.099 | G6: =May!C8 -> 835 | H6: 0.28 | I6: =May!D8 -> 75 | J6: 3.272 | K6: =May!J8 -> 118 | L6: =May!K8 -> 68
A7: Prague | B7: =B6+1 -> 6 | C7: 5 | D7: 2022 | E7: =May!B9 -> 12082 | F7: 0.099 | G7: =May!C9 -> 741 | H7: 0.28 | I7: =May!D9 -> 72 | J7: 3.272 | K7: =May!J9 -> 113 | L7: =May!K9 -> 64
A8: Prague | B8: =B7+1 -> 7 | C8: 5 | D8: 2022 | E8: =May!B10 -> 12622 | F8: 0.099 | G8: =May!C10 -> 707 | H8: 0.28 | I8: =May!D10 -> 62 | J8: 3.272 | K8: =May!J10 -> 109 | L8: =May!K10 -> 64
A9: Prague | B9: =B8+1 -> 8 | C9: 5 | D9: 2022 | E9: =May!B11 -> 12695 | F9: 0.099 | G9: =May!C11 -> 789 | H9: 0.28 | I9: =May!D11 -> 59 | J9: 3.272 | K9: =May!J11 -> 76 | L9: =May!K11 -> 52
A10: Prague | B10: =B9+1 -> 9 | C10: 5 | D10: 2022 | E10: =May!B12 -> 13179 | F10: 0.099 | G10: =May!C12 -> 689 | H10: 0.28 | I10: =May!D12 -> 68 | J10: 3.272 | K10: =May!J12 -> 78 | L10: =May!K12 -> 52
A11: Prague | B11: =B10+1 -> 10 | C11: 5 | D11: 2022 | E11: =May!B13 -> 13153 | F11: 0.099 | G11: =May!C13 -> 699 | H11: 0.28 | I11: =May!D13 -> 65 | J11: 3.272 | K11: =May!J13 -> 81 | L11: =May!K13 -> 46
A12: Prague | B12: =B11+1 -> 11 | C12: 5 | D12: 2022 | E12: =May!B14 -> 14698 | F12: 0.099 | G12: =May!C14 -> 742 | H12: 0.28 | I12: =May!D14 -> 79 | J12: 3.272 | K12: =May!J14 -> 69 | L12: =May!K14 -> 43
A13: Prague | B13: =B12+1 -> 12 | C13: 5 | D13: 2022 | E13: =May!B15 -> 14912 | F13: 0.099 | G13: =May!C15 -> 789 | H13: 0.28 | I13: =May!D15 -> 87 | J13: 3.272 | K13: =May!J15 -> 85 | L13: =May!K15 -> 54
A14: Prague | B14: =B13+1 -> 13 | C14: 5 | D14: 2022 | E14: =May!B16 -> 13874 | F14: 0.099 | G14: =May!C16 -> 826 | H14: 0.28 | I14: =May!D16 -> 102 | J14: 3.272 | K14: =May!J16 -> 129 | L14: =May!K16 -> 77
... A32: Prague | B32: =B31+1 -> 31 | C32: 5 | D32: 2022 | E32: =May!B34 -> 13286 | F32: 1.099 | G32: =May!C34 -> 490 | H32: 1.28 | I32: =May!D34 -> 91 | J32: 4.272 | K32: =May!J34 -> 134 | L32: =May!K34 -> 84

Sheet May
A1: Four Seasons Hotel Prague - Utilities Daily Consumption - JUNE 2021
A2: DATE | B2: Electricity | C2: Gas | D2: Water | F2: Temperature °C | J2: Guests | K2: Room Night | L2: MTG
B3: [kWh] | C3: [m3] | D3: [m3] | F3: min. ČR | G3: max. ČR | H3: FSHP-max | J3: in house | K3: rooms | L3: rooms
A4: 1 | B4: 12540 | C4: 888 | D4: 58 | F4: 5 | G4: 19 | H4: 20 | J4: 76 | K4: 38 | L4: 0
A5: 2 | B5: 11554 | C5: 715 | D5: 60 | F5: 10 | G5: 20 | H5: 22 | J5: 74 | K5: 43 | L5: 2
A6: 3 | B6: 13304 | C6: 818 | D6: 63 | F6: 9 | G6: 20 | H6: 21 | J6: 96 | K6: 60 | L6: 3
A7: 4 | B7: 12785 | C7: 606 | D7: 80 | F7: 9 | G7: 22 | H7: 23 | J7: 106 | K7: 66 | L7: 4
A8: 5 | B8: 12663 | C8: 835 | D8: 75 | F8: 10 | G8: 19 | H8: 20 | J8: 118 | K8: 68 | L8: 2
A9: 6 | B9: 12082 | C9: 741 | D9: 72 | F9: 10 | G9: 18 | H9: 18 | J9: 113 | K9: 64 | L9: 1
A10: 7 | B10: 12622 | C10: 707 | D10: 62 | F10: 10 | G10: 20 | H10: 21 | J10: 109 | K10: 64 | L10: 1
A11: 8 | B11: 12695 | C11: 789 | D11: 59 | F11: 7 | G11: 22 | H11: 18 | J11: 76 | K11: 52 | L11: 1
A12: 9 | B12: 13179 | C12: 689 | D12: 68 | F12: 10 | G12: 22 | H12: 24 | J12: 78 | K12: 52 | L12: 4
A13: 10 | B13: 13153 | C13: 699 | D13: 65 | F13: 8 | G13: 26 | H13: 25 | J13: 81 | K13: 46 | L13: 1
A14: 11 | B14: 14698 | C14: 742 | D14: 79 | F14: 13 | G14: 29 | H14: 28 | J14: 69 | K14: 43 | L14: 0
A15: 12 | B15: 14912 | C15: 789 | D15: 87 | F15: 15 | G15: 26 | H15: 24 | J15: 85 | K15: 54 | L15: 0
... A33: 30 | B33: 11624 | C33: 506 | D33: 68 | F33: 5 | G33: 20 | H33: 16 | J33: 124 | K33: 76 | L33: 2
B34: 13286 | C34: 490 | D34: 91 | H34: 23 | J34: 134 | K34: 84 | L34: 1
A35: TOTAL | B35: =SUM(B4:B34) -> 416982 | C35: =SUM(C4:C34) -> 23751 | D35: =SUM(D4:D34) -> 2397 | F35: =AVERAGE(F4:F34) -> 9.6666667 | G35: =AVERAGE(G4:G34) -> 22.2 | H35: =AVERAGE(H4:H34) -> 21.516129 | J35: =SUM(J4:J34) -> 3739 | K35: =SUM(K4:K34) -> 2085 | L35: =SUM(L4:L34) -> 46
A36: AVG | B36: =AVERAGE(B4:B34) -> 13451.032 | C36: =AVERAGE(C4:C34) -> 766.16129 | D36: =AVERAGE(D4:D34) -> 77.322581
B37: Average consumption per guest
B38: =B35/J35 -> 111.52233 | C38: =C35/J35 -> 6.3522332 | D38: =D35/J35 -> 0.6410805
A41: OpticLab | B41: 72237
A42: Stefano Ricci | B42: 62662
