Workbook

Sheet TOTAL
A1: Site Name | B1: Day | C1: Month | D1: Year | E1: Total Electricity Kwh | F1: Electricity Tariff ($/Kwh) | G1: LPG (Kg) | H1: LPG $/Kg | I1: Total Fuel Oil (Liters) | J1: Fuel Oil $/Liter | K1: Water Utility Supply (m3) m3 | L1: Water Utility Supply (m3) $/m3 | M1: Room Nights | N1: Food Covers
A2: Bali at Sayan | B2: 1 | C2: 1 | D2: 2019 | E2: =Electricity!F8+Electricity!I8 -> 10860 | F2: =Electricity!L8/TOTAL!E2 -> 1236.593 | G2: =Gas!F9+Gas!I9+Gas!L9+Gas!O9 -> 191.32553 | H2: =Gas!Q9/TOTAL!G2 -> 15840 | I2: ='Fuel Diesel'!F9 -> 0 | J2: ='Fuel Diesel'!G9/'Fuel Diesel'!F9 -> #DIV/0! | K2: =Water!E9+Water!G9+Water!I9 -> 250 | L2: =Water!K9/TOTAL!K2 -> 4344.952 | M2: =Electricity!C8 -> 42 | N2: =Electricity!D8 -> 274
A3: Bali at Sayan | B3: =B2+1 -> 2 | C3: 1 | D3: 2019 | E3: =Electricity!F9+Electricity!I9 -> 10920 | F3: =Electricity!L9/TOTAL!E3 -> 1239.1863 | G3: =Gas!F10+Gas!I10+Gas!L10+Gas!O10 -> 234.87392 | H3: =Gas!Q10/TOTAL!G3 -> 15840 | I3: ='Fuel Diesel'!F10 -> 0 | J3: ='Fuel Diesel'!G10/'Fuel Diesel'!F10 -> #DIV/0! | K3: =Water!E10+Water!G10+Water!I10 -> 350 | L3: =Water!K10/TOTAL!K3 -> 4191.64 | M3: =Electricity!C9 -> 44 | N3: =Electricity!D9 -> 338
A4: Bali at Sayan | B4: =B3+1 -> 3 | C4: 1 | D4: 2019 | E4: =Electricity!F10+Electricity!I10 -> 10220 | F4: =Electricity!L10/TOTAL!E4 -> 1242.7013 | G4: =Gas!F11+Gas!I11+Gas!L11+Gas!O11 -> 149.81848 | H4: =Gas!Q11/TOTAL!G4 -> 15840 | I4: ='Fuel Diesel'!F11 -> 0 | J4: ='Fuel Diesel'!G11/'Fuel Diesel'!F11 -> #DIV/0! | K4: =Water!E11+Water!G11+Water!I11 -> 270 | L4: =Water!K11/TOTAL!K4 -> 5064.6667 | M4: =Electricity!C10 -> 33 | N4: =Electricity!D10 -> 213
A5: Bali at Sayan | B5: =B4+1 -> 4 | C5: 1 | D5: 2019 | E5: =Electricity!F11+Electricity!I11 -> 10880 | F5: =Electricity!L11/TOTAL!E5 -> 1236.4136 | G5: =Gas!F12+Gas!I12+Gas!L12+Gas!O12 -> 126.6834 | H5: =Gas!Q12/TOTAL!G5 -> 15840 | I5: ='Fuel Diesel'!F12 -> 230 | J5: ='Fuel Diesel'!G12/'Fuel Diesel'!F12 -> 10700 | K5: =Water!E12+Water!G12+Water!I12 -> 236 | L5: =Water!K12/TOTAL!K5 -> 4284.2119 | M5: =Electricity!C11 -> 43 | N5: =Electricity!D11 -> 179
A6: Bali at Sayan | B6: =B5+1 -> 5 | C6: 1 | D6: 2019 | E6: =Electricity!F12+Electricity!I12 -> 10760 | F6: =Electricity!L12/TOTAL!E6 -> 1239.6167 | G6: =Gas!F13+Gas!I13+Gas!L13+Gas!O13 -> 147.77715 | H6: =Gas!Q13/TOTAL!G6 -> 15840 | I6: ='Fuel Diesel'!F13 -> 0 | J6: ='Fuel Diesel'!G13/'Fuel Diesel'!F13 -> #DIV/0! | K6: =Water!E13+Water!G13+Water!I13 -> 236 | L6: =Water!K13/TOTAL!K6 -> 4365.4153 | M6: =Electricity!C12 -> 46 | N6: =Electricity!D12 -> 210
A7: Bali at Sayan | B7: =B6+1 -> 6 | C7: 1 | D7: 2019 | E7: =Electricity!F13+Electricity!I13 -> 11120 | F7: =Electricity!L13/TOTAL!E7 -> 1240.4582 | G7: =Gas!F14+Gas!I14+Gas!L14+Gas!O14 -> 168.19045 | H7: =Gas!Q14/TOTAL!G7 -> 15840 | I7: ='Fuel Diesel'!F14 -> 0 | J7: ='Fuel Diesel'!G14/'Fuel Diesel'!F14 -> #DIV/0! | K7: =Water!E14+Water!G14+Water!I14 -> 253 | L7: =Water!K14/TOTAL!K7 -> 4340.8617 | M7: =Electricity!C13 -> 44 | N7: =Electricity!D13 -> 240
A8: Bali at Sayan | B8: =B7+1 -> 7 | C8: 1 | D8: 2019 | E8: =Electricity!F14+Electricity!I14 -> 11280 | F8: =Electricity!L14/TOTAL!E8 -> 1239.0198 | G8: =Gas!F15+Gas!I15+Gas!L15+Gas!O15 -> 140.97271 | H8: =Gas!Q15/TOTAL!G8 -> 15840 | I8: ='Fuel Diesel'!F15 -> 0 | J8: ='Fuel Diesel'!G15/'Fuel Diesel'!F15 -> #DIV/0! | K8: =Water!E15+Water!G15+Water!I15 -> 220 | L8: =Water!K15/TOTAL!K8 -> 4391.9909 | M8: =Electricity!C14 -> 40 | N8: =Electricity!D14 -> 200
A9: Bali at Sayan | B9: =B8+1 -> 8 | C9: 1 | D9: 2019 | E9: =Electricity!F15+Electricity!I15 -> 11560 | F9: =Electricity!L15/TOTAL!E9 -> 1241.5251 | G9: =Gas!F16+Gas!I16+Gas!L16+Gas!O16 -> 145.73581 | H9: =Gas!Q16/TOTAL!G9 -> 15840 | I9: ='Fuel Diesel'!F16 -> 0 | J9: ='Fuel Diesel'!G16/'Fuel Diesel'!F16 -> #DIV/0! | K9: =Water!E16+Water!G16+Water!I16 -> 235 | L9: =Water!K16/TOTAL!K9 -> 4163.0979 | M9: =Electricity!C15 -> 39 | N9: =Electricity!D15 -> 207
A10: Bali at Sayan | B10: =B9+1 -> 9 | C10: 1 | D10: 2019 | E10: =Electricity!F16+Electricity!I16 -> 11800 | F10: =Electricity!L16/TOTAL!E10 -> 1238.4756 | G10: =Gas!F17+Gas!I17+Gas!L17+Gas!O17 -> 129.40517 | H10: =Gas!Q17/TOTAL!G10 -> 15840 | I10: ='Fuel Diesel'!F17 -> 0 | J10: ='Fuel Diesel'!G17/'Fuel Diesel'!F17 -> #DIV/0! | K10: =Water!E17+Water!G17+Water!I17 -> 215 | L10: =Water!K17/TOTAL!K10 -> 4267.4047 | M10: =Electricity!C16 -> 39 | N10: =Electricity!D16 -> 183
A11: Bali at Sayan | B11: =B10+1 -> 10 | C11: 1 | D11: 2019 | E11: =Electricity!F17+Electricity!I17 -> 11240 | F11: =Electricity!L17/TOTAL!E11 -> 1244.4425 | G11: =Gas!F18+Gas!I18+Gas!L18+Gas!O18 -> 126.6834 | H11: =Gas!Q18/TOTAL!G11 -> 15840 | I11: ='Fuel Diesel'!F18 -> 0 | J11: ='Fuel Diesel'!G18/'Fuel Diesel'!F18 -> #DIV/0! | K11: =Water!E18+Water!G18+Water!I18 -> 230 | L11: =Water!K18/TOTAL!K11 -> 6291.3478 | M11: =Electricity!C17 -> 35 | N11: =Electricity!D17 -> 179
A12: Bali at Sayan | B12: =B11+1 -> 11 | C12: 1 | D12: 2019 | E12: =Electricity!F18+Electricity!I18 -> 11860 | F12: =Electricity!L18/TOTAL!E12 -> 1238.933 | G12: =Gas!F19+Gas!I19+Gas!L19+Gas!O19 -> 115.11585 | H12: =Gas!Q19/TOTAL!G12 -> 15840 | I12: ='Fuel Diesel'!F19 -> 60 | J12: ='Fuel Diesel'!G19/'Fuel Diesel'!F19 -> 10700 | K12: =Water!E19+Water!G19+Water!I19 -> 239 | L12: =Water!K19/TOTAL!K12 -> 5563.59 | M12: =Electricity!C18 -> 40 | N12: =Electricity!D18 -> 162
A13: Bali at Sayan | B13: =B12+1 -> 12 | C13: 1 | D13: 2019 | E13: =Electricity!F19+Electricity!I19 -> 11240 | F13: =Electricity!L19/TOTAL!E13 -> 1239.3756 | G13: =Gas!F20+Gas!I20+Gas!L20+Gas!O20 -> 129.40517 | H13: =Gas!Q20/TOTAL!G13 -> 15840 | I13: ='Fuel Diesel'!F20 -> 0 | J13: ='Fuel Diesel'!G20/'Fuel Diesel'!F20 -> #DIV/0! | K13: =Water!E20+Water!G20+Water!I20 -> 247 | L13: =Water!K20/TOTAL!K13 -> 4000 | M13: =Electricity!C19 -> 34 | N13: =Electricity!D19 -> 183
A14: Bali at Sayan | B14: =B13+1 -> 13 | C14: 1 | D14: 2019 | E14: =Electricity!F20+Electricity!I20 -> 11840 | F14: =Electricity!L20/TOTAL!E14 -> 1234.2915 | G14: =Gas!F21+Gas!I21+Gas!L21+Gas!O21 -> 119.19852 | H14: =Gas!Q21/TOTAL!G14 -> 15840 | I14: ='Fuel Diesel'!F21 -> 0 | J14: ='Fuel Diesel'!G21/'Fuel Diesel'!F21 -> #DIV/0! | K14: =Water!E21+Water!G21+Water!I21 -> 297 | L14: =Water!K21/TOTAL!K14 -> 4000 | M14: =Electricity!C20 -> 33 | N14: =Electricity!D20 -> 168
... A30: Bali at Sayan | B30: =B29+1 -> 29 | C30: 1 | D30: 2019 | E30: =Electricity!F36+Electricity!I36 -> 11080 | F30: =Electricity!L36/TOTAL!E30 -> 1242.8804 | G30: =Gas!F37+Gas!I37+Gas!L37+Gas!O37 -> 153.22069 | H30: =Gas!Q37/TOTAL!G30 -> 15840 | I30: ='Fuel Diesel'!F37 -> 0 | J30: ='Fuel Diesel'!G37/'Fuel Diesel'!F37 -> #DIV/0! | K30: =Water!E37+Water!G37+Water!I37 -> 412 | L30: =Water!K37/TOTAL!K30 -> 5651.267 | M30: =Electricity!C36 -> 36 | N30: =Electricity!D36 -> 218
A31: Bali at Sayan | B31: 30 | C31: 1 | D31: 2019 | E31: =Electricity!F37+Electricity!I37 -> 12000 | F31: =Electricity!L37/TOTAL!E31 -> 1265.2947 | G31: =Gas!F38+Gas!I38+Gas!L38+Gas!O38 -> 164.78823 | H31: =Gas!Q38/TOTAL!G31 -> 15840 | I31: ='Fuel Diesel'!F38 -> 0 | J31: ='Fuel Diesel'!G38/'Fuel Diesel'!F38 -> #DIV/0! | K31: =Water!E38+Water!G38+Water!I38 -> 326 | L31: =Water!K38/TOTAL!K31 -> 6439.589 | M31: =Electricity!C37 -> 42 | N31: =Electricity!D37 -> 235
A32: Bali at Sayan | B32: 31 | C32: 1 | D32: 2019 | E32: =Electricity!F38+Electricity!I38 -> 0 | F32: =Electricity!L38/TOTAL!E32 -> #DIV/0! | G32: =Gas!F39+Gas!I39+Gas!L39+Gas!O39 -> 11.31 | H32: =Gas!Q39/TOTAL!G32 -> 15840 | I32: ='Fuel Diesel'!F39 -> 0 | J32: ='Fuel Diesel'!G39/'Fuel Diesel'!F39 -> #DIV/0! | K32: =Water!E39+Water!G39+Water!I39 -> 0 | L32: =Water!K39/TOTAL!K32 -> #DIV/0! | M32: =Electricity!C38 -> - | N32: =Electricity!D38 -> -
E33: =SUM(E2:E32) -> 334600 | F33: =SUM(F2:F32)/31 -> #DIV/0! | G33: =SUM(G2:G32) -> 4207.83 | H33: =SUM(H2:H32)/31 -> 15840 | I33: =SUM(I2:I32) -> 690 | J33: =J26 -> 10700 | K33: =SUM(K2:K32) -> 8267 | L33: =SUM(L2:L32)/31 -> #DIV/0! | M33: =SUM(M2:M32) -> 1141 | N33: =SUM(N2:N32) -> 5952

Sheet Electricity
B1: Daily Electricity Consumption
B2: Engineering Department
B4: 43770
B5: Date | C5: Room Nights | D5: Food Covers | E5: BASED LOAD (from 10 pm - 6 pm) | H5: PEAK LOAD (from 6 pm - 10 pm) | K5: Sub-Total Cost (Based + Peak cost) | L5: TOTAL COST include 10% TAX (sub total cost X 1.1) | M5: USD
E6: Used (reading) | F6: kWh (Used x2000) | G6: IDR Cost (kWh x IDR 1035.5) | H6: Used (reading) | I6: kWh (Used x2000) | J6: Cost (kWh x IDR 1553.25)
B8: 1 | C8: 42 | D8: 274 | E8: 4.5 | F8: =E8*2000 -> 9000 | G8: =F8*1035.5 -> 9319500 | H8: 0.93 | I8: =H8*2000 -> 1860 | J8: =I8*1553.25 -> 2889045 | K8: =G8+J8 -> 12208545 | L8: =K8*1.1 -> 13429400 | M8: =L8/14381 -> 933.82932
B9: 2 | C9: 44 | D9: 338 | E9: 4.5 | F9: =E9*2000 -> 9000 | G9: =F9*1035.5 -> 9319500 | H9: 0.96 | I9: =H9*2000 -> 1920 | J9: =I9*1553.25 -> 2982240 | K9: =G9+J9 -> 12301740 | L9: =K9*1.1 -> 13531914 | M9: =L9/14381 -> 940.95779
B10: 3 | C10: 33 | D10: 213 | E10: 4.18 | F10: =E10*2000 -> 8360 | G10: =F10*1035.5 -> 8656780 | H10: 0.93 | I10: =H10*2000 -> 1860 | J10: =I10*1553.25 -> 2889045 | K10: =G10+J10 -> 11545825 | L10: =K10*1.1 -> 12700408 | M10: =L10/14381 -> 883.13799
B11: 4 | C11: 43 | D11: 179 | E11: 4.51 | F11: =E11*2000 -> 9020 | G11: =F11*1035.5 -> 9340210 | H11: 0.93 | I11: =H11*2000 -> 1860 | J11: =I11*1553.25 -> 2889045 | K11: =G11+J11 -> 12229255 | L11: =K11*1.1 -> 13452181 | M11: =L11/14381 -> 935.41343
B12: 5 | C12: 46 | D12: 210 | E12: 4.43 | F12: =E12*2000 -> 8860 | G12: =F12*1035.5 -> 9174530 | H12: 0.95 | I12: =H12*2000 -> 1900 | J12: =I12*1553.25 -> 2951175 | K12: =G12+J12 -> 12125705 | L12: =K12*1.1 -> 13338275 | M12: =L12/14381 -> 927.49291
B13: 6 | C13: 44 | D13: 240 | E13: 4.57 | F13: =E13*2000 -> 9140 | G13: =F13*1035.5 -> 9464470 | H13: 0.99 | I13: =H13*2000 -> 1980 | J13: =I13*1553.25 -> 3075435 | K13: =G13+J13 -> 12539905 | L13: =K13*1.1 -> 13793896 | M13: =L13/14381 -> 959.17499
B14: 7 | C14: 40 | D14: 200 | E14: 4.65 | F14: =E14*2000 -> 9300 | G14: =F14*1035.5 -> 9630150 | H14: 0.99 | I14: =H14*2000 -> 1980 | J14: =I14*1553.25 -> 3075435 | K14: =G14+J14 -> 12705585 | L14: =K14*1.1 -> 13976143 | M14: =L14/14381 -> 971.84782
B15: 8 | C15: 39 | D15: 207 | E15: 4.74 | F15: =E15*2000 -> 9480 | G15: =F15*1035.5 -> 9816540 | H15: 1.04 | I15: =H15*2000 -> 2080 | J15: =I15*1553.25 -> 3230760 | K15: =G15+J15 -> 13047300 | L15: =K15*1.1 -> 14352030 | M15: =L15/14381 -> 997.98554
B16: 9 | C16: 39 | D16: 183 | E16: 4.87 | F16: =E16*2000 -> 9740 | G16: =F16*1035.5 -> 10085770 | H16: 1.03 | I16: =H16*2000 -> 2060 | J16: =I16*1553.25 -> 3199695 | K16: =G16+J16 -> 13285465 | L16: =K16*1.1 -> 14614011 | M16: =L16/14381 -> 1016.2027
B17: 10 | C17: 35 | D17: 179 | E17: 4.58 | F17: =E17*2000 -> 9160 | G17: =F17*1035.5 -> 9485180 | H17: 1.04 | I17: =H17*2000 -> 2080 | J17: =I17*1553.25 -> 3230760 | K17: =G17+J17 -> 12715940 | L17: =K17*1.1 -> 13987534 | M17: =L17/14381 -> 972.63987
B18: 11 | C18: 40 | D18: 162 | E18: 4.89 | F18: =E18*2000 -> 9780 | G18: =F18*1035.5 -> 10127190 | H18: 1.04 | I18: =H18*2000 -> 2080 | J18: =I18*1553.25 -> 3230760 | K18: =G18+J18 -> 13357950 | L18: =K18*1.1 -> 14693745 | M18: =L18/14381 -> 1021.7471
B19: 12 | C19: 34 | D19: 183 | E19: 4.63 | F19: =E19*2000 -> 9260 | G19: =F19*1035.5 -> 9588730 | H19: 0.99 | I19: =H19*2000 -> 1980 | J19: =I19*1553.25 -> 3075435 | K19: =G19+J19 -> 12664165 | L19: =K19*1.1 -> 13930582 | M19: =L19/14381 -> 968.67961
... B37: 30 | C37: 42 | D37: 235 | E37: 4.67 | F37: =E37*2000 -> 9340 | G37: =F37*1035.5 -> 9671570 | H37: 1.33 | I37: =H37*2000 -> 2660 | J37: =I37*1553.25 -> 4131645 | K37: =G37+J37 -> 13803215 | L37: =K37*1.1 -> 15183536 | M37: =L37/14381 -> 1055.8053
B38: 31 | C38: - | D38: - | F38: =E38*2000 -> 0 | G38: =F38*1035.5 -> 0 | I38: =H38*2000 -> 0 | J38: =I38*1553.25 -> 0 | K38: =G38+J38 -> 0 | L38: =K38*1.1 -> 0 | M38: =L38/14381 -> 0
C39: =SUM(C8:C38) -> 1141 | D39: =SUM(D8:D38) -> 5952 | E39: 3.28 | F39: =SUM(F8:F38) -> 274800 | I39: =SUM(I8:I38) -> 59800 | L39: =SUM(L8:L38) -> 4.1518372e+08 | M39: =SUM(M8:M38) -> 28870.296
G41: Total KWh | I41: =F39+I39 -> 334600

Sheet Gas
B1: Daily Gas Consumption
B2: Engineering Department
B4: 43770
B5: Date | C5: Room Nights | D5: Food Covers | E5: LPG Tube 50kg | Q5: TOTAL Cost (include Tax)
E6: Ayung Terrace | H6: Riverside | K6: Sokasi - Cooking class | N6: Porte Cochere bonfire
E7: METER READING | F7: Used (kg) | G7: IDR Cost kg x rate IDR | H7: METER READING (tube installed) | I7: Used (kg) | J7: IDR Cost kg x rate IDR | K7: METER READING | L7: Used (kg) | M7: IDR Cost m3 x rate IDR | N7: Tube installed | O7: Used (kg) | P7: IDR Cost m3 x rate IDR
G8: 15840 | J8: =G8 -> 15840 | M8: =J8 -> 15840 | P8: =J8 -> 15840 | Q8: IDR | R8: USD | U8: =792000/50 -> 15840
B9: 1 | C9: =Electricity!C8 -> 42 | D9: =Electricity!D8 -> 274 | F9: 120.01035 | G9: =F9*$G$8 -> 1900964 | I9: 60.005177 | J9: =I9*$J$8 -> 950482.01 | L9: 4.17 | M9: =L9*$M$8 -> 66052.8 | O9: 7.14 | P9: =O9*$P$8 -> 113097.6 | Q9: =P9+G9+J9+M9 -> 3030596.4 | R9: =Q9/14381 -> 210.73614
B10: 2 | C10: =Electricity!C9 -> 44 | D10: =Electricity!D9 -> 338 | F10: 149.04261 | G10: =F10*$G$8 -> 2360835 | I10: 74.521306 | J10: =I10*$J$8 -> 1180417.5 | L10: 4.17 | M10: =L10*$M$8 -> 66052.8 | O10: 7.14 | P10: =O10*$P$8 -> 113097.6 | Q10: =J10+M10+G10+P10 -> 3720402.9 | R10: =Q10/14381 -> 258.70266
B11: 3 | C11: =Electricity!C10 -> 33 | D11: =Electricity!D10 -> 213 | F11: 92.338984 | G11: =F11*$G$8 -> 1462649.5 | I11: 46.169492 | J11: =I11*$J$8 -> 731324.75 | L11: 4.17 | M11: =L11*$M$8 -> 66052.8 | O11: 7.14 | P11: =O11*$P$8 -> 113097.6 | Q11: =J11+M11+G11+P11 -> 2373124.7 | R11: =Q11/14381 -> 165.01806
B12: 4 | C12: =Electricity!C11 -> 43 | D12: =Electricity!D11 -> 179 | F12: 76.915597 | G12: =F12*$G$8 -> 1218343.1 | I12: 38.457798 | J12: =I12*$J$8 -> 609171.53 | L12: 4.17 | M12: =L12*$M$8 -> 66052.8 | O12: 7.14 | P12: =O12*$P$8 -> 113097.6 | Q12: =J12+M12+G12+P12 -> 2006665 | R12: =Q12/14381 -> 139.53584
B13: 5 | C13: =Electricity!C12 -> 46 | D13: =Electricity!D12 -> 210 | F13: 90.978097 | G13: =F13*$G$8 -> 1441093.1 | I13: 45.489048 | J13: =I13*$J$8 -> 720546.53 | L13: 4.17 | M13: =L13*$M$8 -> 66052.8 | O13: 7.14 | P13: =O13*$P$8 -> 113097.6 | Q13: =J13+M13+G13+P13 -> 2340790 | R13: =Q13/14381 -> 162.76963
B14: 6 | C14: =Electricity!C13 -> 44 | D14: =Electricity!D13 -> 240 | F14: 104.58697 | G14: =F14*$G$8 -> 1656657.6 | I14: 52.293484 | J14: =I14*$J$8 -> 828328.78 | L14: 4.17 | M14: =L14*$M$8 -> 66052.8 | O14: 7.14 | P14: =O14*$P$8 -> 113097.6 | Q14: =J14+M14+G14+P14 -> 2664136.8 | R14: =Q14/14381 -> 185.25393
B15: 7 | C15: =Electricity!C14 -> 40 | D15: =Electricity!D14 -> 200 | F15: 86.441806 | G15: =F15*$G$8 -> 1369238.2 | I15: 43.220903 | J15: =I15*$J$8 -> 684619.11 | L15: 4.17 | M15: =L15*$M$8 -> 66052.8 | O15: 7.14 | P15: =O15*$P$8 -> 113097.6 | Q15: =J15+M15+G15+P15 -> 2233007.7 | R15: =Q15/14381 -> 155.27486
B16: 8 | C16: =Electricity!C15 -> 39 | D16: =Electricity!D15 -> 207 | F16: 89.61721 | G16: =F16*$G$8 -> 1419536.6 | I16: 44.808605 | J16: =I16*$J$8 -> 709768.3 | L16: 4.17 | M16: =L16*$M$8 -> 66052.8 | O16: 7.14 | P16: =O16*$P$8 -> 113097.6 | Q16: =J16+M16+G16+P16 -> 2308455.3 | R16: =Q16/14381 -> 160.52119
B17: 9 | C17: =Electricity!C16 -> 39 | D17: =Electricity!D16 -> 183 | F17: 78.730113 | G17: =F17*$G$8 -> 1247085 | I17: 39.365056 | J17: =I17*$J$8 -> 623542.49 | L17: 4.17 | M17: =L17*$M$8 -> 66052.8 | O17: 7.14 | P17: =O17*$P$8 -> 113097.6 | Q17: =J17+M17+G17+P17 -> 2049777.9 | R17: =Q17/14381 -> 142.53375
B18: 10 | C18: =Electricity!C17 -> 35 | D18: =Electricity!D17 -> 179 | F18: 76.915597 | G18: =F18*$G$8 -> 1218343.1 | I18: 38.457798 | J18: =I18*$J$8 -> 609171.53 | L18: 4.17 | M18: =L18*$M$8 -> 66052.8 | O18: 7.14 | P18: =O18*$P$8 -> 113097.6 | Q18: =J18+M18+G18+P18 -> 2006665 | R18: =Q18/14381 -> 139.53584
B19: 11 | C19: =Electricity!C18 -> 40 | D19: =Electricity!D18 -> 162 | F19: 69.203903 | G19: =F19*$G$8 -> 1096189.8 | I19: 34.601952 | J19: =I19*$J$8 -> 548094.91 | L19: 4.17 | M19: =L19*$M$8 -> 66052.8 | O19: 7.14 | P19: =O19*$P$8 -> 113097.6 | Q19: =J19+M19+G19+P19 -> 1823435.1 | R19: =Q19/14381 -> 126.79474
B20: 12 | C20: =Electricity!C19 -> 34 | D20: =Electricity!D19 -> 183 | F20: 78.730113 | G20: =F20*$G$8 -> 1247085 | I20: 39.365056 | J20: =I20*$J$8 -> 623542.49 | L20: 4.17 | M20: =L20*$M$8 -> 66052.8 | O20: 7.14 | P20: =O20*$P$8 -> 113097.6 | Q20: =J20+M20+G20+P20 -> 2049777.9 | R20: =Q20/14381 -> 142.53375
B21: 13 | C21: =Electricity!C20 -> 33 | D21: =Electricity!D20 -> 168 | F21: 71.925677 | G21: =F21*$G$8 -> 1139302.7 | I21: 35.962839 | J21: =I21*$J$8 -> 569651.37 | L21: 4.17 | M21: =L21*$M$8 -> 66052.8 | O21: 7.14 | P21: =O21*$P$8 -> 113097.6 | Q21: =J21+M21+G21+P21 -> 1888104.5 | R21: =Q21/14381 -> 131.2916
... B38: 30 | C38: =Electricity!C37 -> 42 | D38: =Electricity!D37 -> 235 | F38: 102.31882 | G38: =F38*$G$8 -> 1620730.1 | I38: 51.159411 | J38: =I38*$J$8 -> 810365.07 | L38: 4.17 | M38: =L38*$M$8 -> 66052.8 | O38: 7.14 | P38: =O38*$P$8 -> 113097.6 | Q38: =J38+M38+G38+P38 -> 2610245.6 | R38: =Q38/14381 -> 181.50655
B39: 31 | C39: =Electricity!C38 -> - | D39: =Electricity!D38 -> - | G39: =F39*$G$8 -> 0 | J39: =I39*$J$8 -> 0 | L39: 4.17 | M39: =L39*$M$8 -> 66052.8 | O39: 7.14 | P39: =O39*$P$8 -> 113097.6 | Q39: =J39+M39+G39+P39 -> 179150.4 | R39: =Q39/14381 -> 12.457437
C40: =SUM(C9:C39) -> 1141 | D40: =SUM(D9:D39) -> 5952 | F40: =SUM(F9:F39) -> 2571.48 | I40: Closure | L40: Closure | O40: =SUM(O9:O39) -> 221.34 | R40: =SUM(R9:R39) -> 4634.7283
N41: Total kg | O41: =F40+O40 -> 2792.82

Sheet Fuel Diesel
B1: Daily Fuel Consumption
B2: Engineering Department
B4: 43770
B5: , | C5: Room Nights | D5: Food Covers | E5: Diesel | H5: USD
E7: METER READING | F7: Used (ltrs) | G7: IDR Cost m3 x rate IDR
E8: 2745 | G8: 10700
B9: 1 | C9: =Gas!C9 -> 42 | D9: =Gas!D9 -> 274 | F9: 0 | G9: =F9*$G$8 -> 0 | H9: =G9/14381 -> 0
B10: 2 | C10: =Gas!C10 -> 44 | D10: =Gas!D10 -> 338 | F10: 0 | G10: =F10*$G$8 -> 0 | H10: =G10/14381 -> 0
B11: 3 | C11: =Gas!C11 -> 33 | D11: =Gas!D11 -> 213 | F11: 0 | G11: =F11*$G$8 -> 0 | H11: =G11/14381 -> 0
B12: 4 | C12: =Gas!C12 -> 43 | D12: =Gas!D12 -> 179 | F12: 230 | G12: =F12*$G$8 -> 2461000 | H12: =G12/14381 -> 171.12857
B13: 5 | C13: =Gas!C13 -> 46 | D13: =Gas!D13 -> 210 | F13: 0 | G13: =F13*$G$8 -> 0 | H13: =G13/14381 -> 0
B14: 6 | C14: =Gas!C14 -> 44 | D14: =Gas!D14 -> 240 | F14: 0 | G14: =F14*$G$8 -> 0 | H14: =G14/14381 -> 0
B15: 7 | C15: =Gas!C15 -> 40 | D15: =Gas!D15 -> 200 | F15: 0 | G15: =F15*$G$8 -> 0 | H15: =G15/14381 -> 0
B16: 8 | C16: =Gas!C16 -> 39 | D16: =Gas!D16 -> 207 | F16: 0 | G16: =F16*$G$8 -> 0 | H16: =G16/14381 -> 0
B17: 9 | C17: =Gas!C17 -> 39 | D17: =Gas!D17 -> 183 | F17: 0 | G17: =F17*$G$8 -> 0 | H17: =G17/14381 -> 0
B18: 10 | C18: =Gas!C18 -> 35 | D18: =Gas!D18 -> 179 | F18: 0 | G18: =F18*$G$8 -> 0 | H18: =G18/14381 -> 0
B19: 11 | C19: =Gas!C19 -> 40 | D19: =Gas!D19 -> 162 | F19: 60 | G19: =F19*$G$8 -> 642000 | H19: =G19/14381 -> 44.642236
B20: 12 | C20: =Gas!C20 -> 34 | D20: =Gas!D20 -> 183 | F20: 0 | G20: =F20*$G$8 -> 0 | H20: =G20/14381 -> 0
... B31: 23 | C31: =Gas!C31 -> 33 | D31: =Gas!D31 -> 172 | F31: 0 | G31: =F31*$G$8 -> 0 | H31: =G31/14381 -> 0
B32: 24 | C32: =Gas!C32 -> 31 | D32: =Gas!D32 -> 146 | F32: 0 | H32: =G32/14381 -> 0
B33: 25 | C33: =Gas!C33 -> 36 | D33: =Gas!D33 -> 143 | F33: 60 | G33: =F33*$G$8 -> 642000 | H33: =G33/14381 -> 44.642236
B34: 26 | C34: =Gas!C34 -> 36 | D34: =Gas!D34 -> 167 | F34: 0 | G34: =F34*$G$8 -> 0 | H34: =G34/14381 -> 0
B35: 27 | C35: =Gas!C35 -> 33 | D35: =Gas!D35 -> 182 | F35: 280 | G35: =F35*$G$8 -> 2996000 | H35: =G35/14381 -> 208.33044
B36: 28 | C36: =Gas!C36 -> 32 | D36: =Gas!D36 -> 184 | F36: 0 | G36: =F36*$G$8 -> 0 | H36: =G36/14381 -> 0
B37: 29 | C37: =Gas!C37 -> 36 | D37: =Gas!D37 -> 218 | F37: 0 | G37: =F37*$G$8 -> 0 | H37: =G37/14381 -> 0
B38: 30 | C38: =Gas!C38 -> 42 | D38: =Gas!D38 -> 235 | F38: 0 | G38: =F38*$G$8 -> 0 | H38: =G38/14381 -> 0
B39: 31 | C39: =Gas!C39 -> - | D39: =Gas!D39 -> - | G39: =F39*$G$8 -> 0 | H39: =G39/14381 -> 0
C40: =SUM(C9:C39) -> 1141 | D40: =SUM(D9:D39) -> 5952 | F40: =SUM(F9:F39) -> 690 | H40: =SUM(H9:H39) -> 513.38572

Sheet Water
B2: Daily Water Consumption
B3: Engineering Department
B5: 43770
B6: Date | C6: RN | D6: Food Covers | E6: MUNICIPAL WATER | G6: DEEP WELL | K6: Total Cost (Municipal + DW1 + DW2 cost) | L6: USD (Total Cost / exchange rate IDR)
E7: Used | F7: Water Cost (M3 x IDR 13,582) | G7: Used | H7: DW 1 Cost (M3 x IDR 4,000) | I7: Used | J7: DW 2 Cost (M3 x IDR 4,000)
B9: 1 | C9: ='Fuel Diesel'!C9 -> 42 | D9: ='Fuel Diesel'!D9 -> 274 | E9: 9 | F9: =E9*13582 -> 122238 | G9: 116 | H9: =G9*4000 -> 464000 | I9: 125 | J9: =I9*4000 -> 500000 | K9: =F9+H9+J9 -> 1086238 | L9: =K9/14381 -> 75.532856
B10: 2 | C10: ='Fuel Diesel'!C10 -> 44 | D10: ='Fuel Diesel'!D10 -> 338 | E10: 7 | F10: =E10*13582 -> 95074 | G10: 167 | H10: =G10*4000 -> 668000 | I10: 176 | J10: =I10*4000 -> 704000 | K10: =F10+H10+J10 -> 1467074 | L10: =K10/14381 -> 102.01474
B11: 3 | C11: ='Fuel Diesel'!C11 -> 33 | D11: ='Fuel Diesel'!D11 -> 213 | E11: 30 | F11: =E11*13582 -> 407460 | G11: 115 | H11: =G11*4000 -> 460000 | I11: 125 | J11: =I11*4000 -> 500000 | K11: =F11+H11+J11 -> 1367460 | L11: =K11/14381 -> 95.087963
B12: 4 | C12: ='Fuel Diesel'!C12 -> 43 | D12: ='Fuel Diesel'!D12 -> 179 | E12: 7 | F12: =E12*13582 -> 95074 | G12: 111 | H12: =G12*4000 -> 444000 | I12: 118 | J12: =I12*4000 -> 472000 | K12: =F12+H12+J12 -> 1011074 | L12: =K12/14381 -> 70.306237
B13: 5 | C13: ='Fuel Diesel'!C13 -> 46 | D13: ='Fuel Diesel'!D13 -> 210 | E13: 9 | F13: =E13*13582 -> 122238 | G13: 110 | H13: =G13*4000 -> 440000 | I13: 117 | J13: =I13*4000 -> 468000 | K13: =F13+H13+J13 -> 1030238 | L13: =K13/14381 -> 71.638829
B14: 6 | C14: ='Fuel Diesel'!C14 -> 44 | D14: ='Fuel Diesel'!D14 -> 240 | E14: 9 | F14: =E14*13582 -> 122238 | G14: 118 | H14: =G14*4000 -> 472000 | I14: 126 | J14: =I14*4000 -> 504000 | K14: =F14+H14+J14 -> 1098238 | L14: =K14/14381 -> 76.36729
B15: 7 | C15: ='Fuel Diesel'!C15 -> 40 | D15: ='Fuel Diesel'!D15 -> 200 | E15: 9 | F15: =E15*13582 -> 122238 | G15: 101 | H15: =G15*4000 -> 404000 | I15: 110 | J15: =I15*4000 -> 440000 | K15: =F15+H15+J15 -> 966238 | L15: =K15/14381 -> 67.188513
B16: 8 | C16: ='Fuel Diesel'!C16 -> 39 | D16: ='Fuel Diesel'!D16 -> 207 | E16: 4 | F16: =E16*13582 -> 54328 | G16: 111 | H16: =G16*4000 -> 444000 | I16: 120 | J16: =I16*4000 -> 480000 | K16: =F16+H16+J16 -> 978328 | L16: =K16/14381 -> 68.029205
B17: 9 | C17: ='Fuel Diesel'!C17 -> 39 | D17: ='Fuel Diesel'!D17 -> 183 | E17: 6 | F17: =E17*13582 -> 81492 | G17: 100 | H17: =G17*4000 -> 400000 | I17: 109 | J17: =I17*4000 -> 436000 | K17: =F17+H17+J17 -> 917492 | L17: =K17/14381 -> 63.798901
B18: 10 | C18: ='Fuel Diesel'!C18 -> 35 | D18: ='Fuel Diesel'!D18 -> 179 | E18: 55 | F18: =E18*13582 -> 747010 | G18: 83 | H18: =G18*4000 -> 332000 | I18: 92 | J18: =I18*4000 -> 368000 | K18: =F18+H18+J18 -> 1447010 | L18: =K18/14381 -> 100.61957
B19: 11 | C19: ='Fuel Diesel'!C19 -> 40 | D19: ='Fuel Diesel'!D19 -> 162 | E19: 39 | F19: =E19*13582 -> 529698 | G19: 97 | H19: =G19*4000 -> 388000 | I19: 103 | J19: =I19*4000 -> 412000 | K19: =F19+H19+J19 -> 1329698 | L19: =K19/14381 -> 92.462138
B20: 12 | C20: ='Fuel Diesel'!C20 -> 34 | D20: ='Fuel Diesel'!D20 -> 183 | E20: 0 | F20: =E20*13582 -> 0 | G20: 119 | H20: =G20*4000 -> 476000 | I20: 128 | J20: =I20*4000 -> 512000 | K20: =F20+H20+J20 -> 988000 | L20: =K20/14381 -> 68.701759
... B38: 30 | C38: ='Fuel Diesel'!C38 -> 42 | D38: ='Fuel Diesel'!D38 -> 235 | E38: 83 | F38: =E38*13582 -> 1127306 | G38: 116 | H38: =G38*4000 -> 464000 | I38: 127 | J38: =I38*4000 -> 508000 | K38: =F38+H38+J38 -> 2099306 | L38: =K38/14381 -> 145.97775
B39: 31 | C39: ='Fuel Diesel'!C39 -> - | D39: ='Fuel Diesel'!D39 -> - | F39: =E39*13582 -> 0 | H39: =G39*4000 -> 0 | J39: =I39*4000 -> 0 | K39: =F39+H39+J39 -> 0 | L39: =K39/14381 -> 0
C40: =SUM(C9:C39) -> 1141 | D40: =SUM(D9:D39) -> 5952 | E40: 0 | G40: =SUM(G9:G39) -> 3481 | I40: =SUM(I9:I39) -> 3760 | J40: =G40+I40 -> 7241 | L40: =SUM(L9:L39) -> 2983.0423
H41: TOTAL Used | I41: =G40+I40 -> 7241
