Workbook

Sheet TOTAL
A1: Site Name | B1: Day | C1: Month | D1: Year | E1: Total Electricity Kwh | F1: Electricity Tariff ($/Kwh) | G1: LPG (Kg) | H1: LPG $/Kg | I1: Total Fuel Oil (Liters) | J1: Fuel Oil $/Liter | K1: Water Utility Supply (m3) m3 | L1: Water Utility Supply (m3) $/m3 | M1: Room Nights | N1: Food Covers
A2: Bali Jimbaran | B2: 1 | C2: 9 | D2: 2019 | E2: ='FS Jimbaran September 2019'!P12 -> 21200 | F2: ='FS Jimbaran September 2019'!O12/'FS Jimbaran September 2019'!P12 -> 1124.7007 | G2: ='FS Jimbaran September 2019'!AG12 -> 498.7506 | H2: ='FS Jimbaran September 2019'!AH12/'FS Jimbaran September 2019'!AG12 -> 17453.439 | I2: ='FS Jimbaran September 2019'!AJ12 -> 438.96 | J2: ='FS Jimbaran September 2019'!AK12/'FS Jimbaran September 2019'!AJ12 -> 10300 | K2: ='FS Jimbaran September 2019'!V12 -> 772.52 | L2: ='FS Jimbaran September 2019'!AA12/'FS Jimbaran September 2019'!V12 -> 1991.1196 | M2: =+'RNs & Covers September 2019'!B6 -> 48 | N2: =+'RNs & Covers September 2019'!C6 -> 374
A3: Bali Jimbaran | B3: =B2+1 -> 2 | C3: 9 | D3: 2019 | E3: ='FS Jimbaran September 2019'!P13 -> 21160 | F3: ='FS Jimbaran September 2019'!O13/'FS Jimbaran September 2019'!P13 -> 1130.2533 | G3: ='FS Jimbaran September 2019'!AG13 -> 272.53692 | H3: ='FS Jimbaran September 2019'!AH13/'FS Jimbaran September 2019'!AG13 -> 10345.514 | I3: ='FS Jimbaran September 2019'!AJ13 -> 388.84 | J3: ='FS Jimbaran September 2019'!AK13/'FS Jimbaran September 2019'!AJ13 -> 10300 | K3: ='FS Jimbaran September 2019'!V13 -> 823.25 | L3: ='FS Jimbaran September 2019'!AA13/'FS Jimbaran September 2019'!V13 -> 441.79315 | M3: =+'RNs & Covers September 2019'!B7 -> 62 | N3: =+'RNs & Covers September 2019'!C7 -> 430
A4: Bali Jimbaran | B4: =B3+1 -> 3 | C4: 9 | D4: 2019 | E4: ='FS Jimbaran September 2019'!P14 -> 22320 | F4: ='FS Jimbaran September 2019'!O14/'FS Jimbaran September 2019'!P14 -> 1124.4153 | G4: ='FS Jimbaran September 2019'!AG14 -> 141.62448 | H4: ='FS Jimbaran September 2019'!AH14/'FS Jimbaran September 2019'!AG14 -> 9143.75 | I4: ='FS Jimbaran September 2019'!AJ14 -> 526.1 | J4: ='FS Jimbaran September 2019'!AK14/'FS Jimbaran September 2019'!AJ14 -> 10300 | K4: ='FS Jimbaran September 2019'!V14 -> 808.12 | L4: ='FS Jimbaran September 2019'!AA14/'FS Jimbaran September 2019'!V14 -> 2247.1978 | M4: =+'RNs & Covers September 2019'!B8 -> 72 | N4: =+'RNs & Covers September 2019'!C8 -> 401
A5: Bali Jimbaran | B5: =B4+1 -> 4 | C5: 9 | D5: 2019 | E5: ='FS Jimbaran September 2019'!P15 -> 22060 | F5: ='FS Jimbaran September 2019'!O15/'FS Jimbaran September 2019'!P15 -> 1129.2162 | G5: ='FS Jimbaran September 2019'!AG15 -> 24 | H5: ='FS Jimbaran September 2019'!AH15/'FS Jimbaran September 2019'!AG15 -> 11625 | I5: ='FS Jimbaran September 2019'!AJ15 -> 530.4 | J5: ='FS Jimbaran September 2019'!AK15/'FS Jimbaran September 2019'!AJ15 -> 10300 | K5: ='FS Jimbaran September 2019'!V15 -> 791.21 | L5: ='FS Jimbaran September 2019'!AA15/'FS Jimbaran September 2019'!V15 -> 2215.7779 | M5: =+'RNs & Covers September 2019'!B9 -> 81 | N5: =+'RNs & Covers September 2019'!C9 -> 968
A6: Bali Jimbaran | B6: =B5+1 -> 5 | C6: 9 | D6: 2019 | E6: ='FS Jimbaran September 2019'!P16 -> 22820 | F6: ='FS Jimbaran September 2019'!O16/'FS Jimbaran September 2019'!P16 -> 1132.005 | G6: ='FS Jimbaran September 2019'!AG16 -> 374.40896 | H6: ='FS Jimbaran September 2019'!AH16/'FS Jimbaran September 2019'!AG16 -> 9921.0418 | I6: ='FS Jimbaran September 2019'!AJ16 -> 708.35 | J6: ='FS Jimbaran September 2019'!AK16/'FS Jimbaran September 2019'!AJ16 -> 10300 | K6: ='FS Jimbaran September 2019'!V16 -> 822.36 | L6: ='FS Jimbaran September 2019'!AA16/'FS Jimbaran September 2019'!V16 -> 2522.6516 | M6: =+'RNs & Covers September 2019'!B10 -> 125 | N6: =+'RNs & Covers September 2019'!C10 -> 727
A7: Bali Jimbaran | B7: =B6+1 -> 6 | C7: 9 | D7: 2019 | E7: ='FS Jimbaran September 2019'!P17 -> 23260 | F7: ='FS Jimbaran September 2019'!O17/'FS Jimbaran September 2019'!P17 -> 1131.5206 | G7: ='FS Jimbaran September 2019'!AG17 -> 176.70492 | H7: ='FS Jimbaran September 2019'!AH17/'FS Jimbaran September 2019'!AG17 -> 9312.2513 | I7: ='FS Jimbaran September 2019'!AJ17 -> 530.99 | J7: ='FS Jimbaran September 2019'!AK17/'FS Jimbaran September 2019'!AJ17 -> 10300 | K7: ='FS Jimbaran September 2019'!V17 -> 814.35 | L7: ='FS Jimbaran September 2019'!AA17/'FS Jimbaran September 2019'!V17 -> 2956.5132 | M7: =+'RNs & Covers September 2019'!B11 -> 125 | N7: =+'RNs & Covers September 2019'!C11 -> 932
A8: Bali Jimbaran | B8: =B7+1 -> 7 | C8: 9 | D8: 2019 | E8: ='FS Jimbaran September 2019'!P18 -> 23620 | F8: ='FS Jimbaran September 2019'!O18/'FS Jimbaran September 2019'!P18 -> 1126.9918 | G8: ='FS Jimbaran September 2019'!AG18 -> 393.2934 | H8: ='FS Jimbaran September 2019'!AH18/'FS Jimbaran September 2019'!AG18 -> 10035.133 | I8: ='FS Jimbaran September 2019'!AJ18 -> 533.86 | J8: ='FS Jimbaran September 2019'!AK18/'FS Jimbaran September 2019'!AJ18 -> 10300 | K8: ='FS Jimbaran September 2019'!V18 -> 843.72 | L8: ='FS Jimbaran September 2019'!AA18/'FS Jimbaran September 2019'!V18 -> 1827.7095 | M8: =+'RNs & Covers September 2019'!B12 -> 116 | N8: =+'RNs & Covers September 2019'!C12 -> 639
A9: Bali Jimbaran | B9: =B8+1 -> 8 | C9: 9 | D9: 2019 | E9: ='FS Jimbaran September 2019'!P19 -> 23400 | F9: ='FS Jimbaran September 2019'!O19/'FS Jimbaran September 2019'!P19 -> 1128.7346 | G9: ='FS Jimbaran September 2019'!AG19 -> 150.00272 | H9: ='FS Jimbaran September 2019'!AH19/'FS Jimbaran September 2019'!AG19 -> 9143.75 | I9: ='FS Jimbaran September 2019'!AJ19 -> 314.1 | J9: ='FS Jimbaran September 2019'!AK19/'FS Jimbaran September 2019'!AJ19 -> 10300 | K9: ='FS Jimbaran September 2019'!V19 -> 858.85 | L9: ='FS Jimbaran September 2019'!AA19/'FS Jimbaran September 2019'!V19 -> 2068.4189 | M9: =+'RNs & Covers September 2019'!B13 -> 114 | N9: =+'RNs & Covers September 2019'!C13 -> 707
A10: Bali Jimbaran | B10: =B9+1 -> 9 | C10: 9 | D10: 2019 | E10: ='FS Jimbaran September 2019'!P20 -> 23180 | F10: ='FS Jimbaran September 2019'!O20/'FS Jimbaran September 2019'!P20 -> 1130.0637 | G10: ='FS Jimbaran September 2019'!AG20 -> 179.51764 | H10: ='FS Jimbaran September 2019'!AH20/'FS Jimbaran September 2019'!AG20 -> 9641.3334 | I10: ='FS Jimbaran September 2019'!AJ20 -> 413 | J10: ='FS Jimbaran September 2019'!AK20/'FS Jimbaran September 2019'!AJ20 -> 10300 | K10: ='FS Jimbaran September 2019'!V20 -> 776.08 | L10: ='FS Jimbaran September 2019'!AA20/'FS Jimbaran September 2019'!V20 -> 2305.5656 | M10: =+'RNs & Covers September 2019'!B14 -> 115 | N10: =+'RNs & Covers September 2019'!C14 -> 553
A11: Bali Jimbaran | B11: =B10+1 -> 10 | C11: 9 | D11: 2019 | E11: ='FS Jimbaran September 2019'!P21 -> 23540 | F11: ='FS Jimbaran September 2019'!O21/'FS Jimbaran September 2019'!P21 -> 1129.9418 | G11: ='FS Jimbaran September 2019'!AG21 -> 167.68564 | H11: ='FS Jimbaran September 2019'!AH21/'FS Jimbaran September 2019'!AG21 -> 9143.75 | I11: ='FS Jimbaran September 2019'!AJ21 -> 216.5 | J11: ='FS Jimbaran September 2019'!AK21/'FS Jimbaran September 2019'!AJ21 -> 10300 | K11: ='FS Jimbaran September 2019'!V21 -> 917.59 | L11: ='FS Jimbaran September 2019'!AA21/'FS Jimbaran September 2019'!V21 -> 3655.1516 | M11: =+'RNs & Covers September 2019'!B15 -> 119 | N11: =+'RNs & Covers September 2019'!C15 -> 700
A12: Bali Jimbaran | B12: =B11+1 -> 11 | C12: 9 | D12: 2019 | E12: ='FS Jimbaran September 2019'!P22 -> 23480 | F12: ='FS Jimbaran September 2019'!O22/'FS Jimbaran September 2019'!P22 -> 1129.7413 | G12: ='FS Jimbaran September 2019'!AG22 -> 180.61552 | H12: ='FS Jimbaran September 2019'!AH22/'FS Jimbaran September 2019'!AG22 -> 9143.75 | I12: ='FS Jimbaran September 2019'!AJ22 -> 987.45 | J12: ='FS Jimbaran September 2019'!AK22/'FS Jimbaran September 2019'!AJ22 -> 10300 | K12: ='FS Jimbaran September 2019'!V22 -> 845.5 | L12: ='FS Jimbaran September 2019'!AA22/'FS Jimbaran September 2019'!V22 -> 3291.1619 | M12: =+'RNs & Covers September 2019'!B16 -> 125 | N12: =+'RNs & Covers September 2019'!C16 -> 656
A13: Bali Jimbaran | B13: =B12+1 -> 12 | C13: 9 | D13: 2019 | E13: ='FS Jimbaran September 2019'!P23 -> 23020 | F13: ='FS Jimbaran September 2019'!O23/'FS Jimbaran September 2019'!P23 -> 1128.4693 | G13: ='FS Jimbaran September 2019'!AG23 -> 174.81176 | H13: ='FS Jimbaran September 2019'!AH23/'FS Jimbaran September 2019'!AG23 -> 9314.0761 | I13: ='FS Jimbaran September 2019'!AJ23 -> 800.85 | J13: ='FS Jimbaran September 2019'!AK23/'FS Jimbaran September 2019'!AJ23 -> 10300 | K13: ='FS Jimbaran September 2019'!V23 -> 835.71 | L13: ='FS Jimbaran September 2019'!AA23/'FS Jimbaran September 2019'!V23 -> 3665.9308 | M13: =+'RNs & Covers September 2019'!B17 -> 128 | N13: =+'RNs & Covers September 2019'!C17 -> 709
A14: Bali Jimbaran | B14: =B13+1 -> 13 | C14: 9 | D14: 2019 | E14: ='FS Jimbaran September 2019'!P24 -> 22800 | F14: ='FS Jimbaran September 2019'!O24/'FS Jimbaran September 2019'!P24 -> 1127.5465 | G14: ='FS Jimbaran September 2019'!AG24 -> 169.13228 | H14: ='FS Jimbaran September 2019'!AH24/'FS Jimbaran September 2019'!AG24 -> 9319.7956 | I14: ='FS Jimbaran September 2019'!AJ24 -> 469.82 | J14: ='FS Jimbaran September 2019'!AK24/'FS Jimbaran September 2019'!AJ24 -> 10300 | K14: ='FS Jimbaran September 2019'!V24 -> 835.71 | L14: ='FS Jimbaran September 2019'!AA24/'FS Jimbaran September 2019'!V24 -> 3943.9576 | M14: =+'RNs & Covers September 2019'!B18 -> 119 | N14: =+'RNs & Covers September 2019'!C18 -> 670
... A31: Bali Jimbaran | B31: =B30+1 -> 30 | C31: 9 | D31: 2019 | E31: ='FS Jimbaran September 2019'!P41 -> 24640 | F31: ='FS Jimbaran September 2019'!O41/'FS Jimbaran September 2019'!P41 -> 1128.6807 | G31: ='FS Jimbaran September 2019'!AG41 -> 133.44764 | H31: ='FS Jimbaran September 2019'!AH41/'FS Jimbaran September 2019'!AG41 -> 9143.75 | I31: ='FS Jimbaran September 2019'!AJ41 -> 426 | J31: ='FS Jimbaran September 2019'!AK41/'FS Jimbaran September 2019'!AJ41 -> 10300 | K31: ='FS Jimbaran September 2019'!V41 -> 873.98 | L31: ='FS Jimbaran September 2019'!AA41/'FS Jimbaran September 2019'!V41 -> 1656.9593 | M31: =+'RNs & Covers September 2019'!B35 -> 127 | N31: =+'RNs & Covers September 2019'!C35 -> 836

Sheet FS Jimbaran September 2019
B6: Four Seasons Resort Bali at Jimbaran Bay
B7: SEPTEMBER 2019
B8: Date | C8: Room Nights | D8: Food Covers | E8: ELECTRICITY Resort, Sundara & Residences | V8: WATER | AC8: GAS
E9: Electricity Resort | J9: Electricity - Sundara | O9: Sub Total (Resort & Sundara) Cost (IDR) | P9: Sub Total (Resort & Sundara), KWh | Q9: Residences- Electricity KWh | R9: Residences- Electricity cost (IDR) | S9: TOTAL Electricity consumption (KWh) | T9: TOTAL Electricity cost | W9: Water (m3) | AA9: Total Water Cost | AC9: LPG | AJ9: Diesel
E10: BASED LOAD KWh (from 10 pm - 6 pm) | F10: Cost (IDR) | G10: PEAK LOAD KWh (from 6 pm - 10 pm) | H10: Cost (IDR) | I10: Resort Cost (IDR) | J10: BASED LOAD KWh (from 10 pm - 6 pm) | K10: Cost (IDR) | L10: PEAK LOAD KWh (from 6 pm - 10 pm) | M10: Cost (IDR) | N10: Sundara Cost (IDR) | T10: IDR | U10: USD | V10: Water consumption (m3) | W10: Municipal Water (m3) | X10: Municipal Water cost (IDR) | Y10: Deepwell Consumption (m3) | Z10: Deepwell water Cost (IDR) | AA10: IDR | AB10: USD | AC10: LPG Bulk (m3) | AD10: 50 Kg (tube) IVD & TW | AE10: Sundara 50 kg (tube) | AF10: 12 Kg (tube) | AG10: Total kg | AH10: IDR | AI10: USD | AJ10: Used (liters) | AK10: IDR | AL10: USD
B12: 1 | C12: 48 | D12: 374 | E12: 15480 | F12: 16033874 | G12: 3120 | H12: 4847450.4 | I12: =F12+H12 -> 20881325 | J12: 2080 | K12: 2154422.4 | L12: 520 | M12: 807908.4 | N12: =+K12+M12 -> 2962330.8 | O12: =N12+I12 -> 23843656 | P12: =L12+J12+G12+E12 -> 21200 | U12: 0 | V12: =Y12+W12 -> 772.52 | W12: 72.98 | X12: 1311487.1 | Y12: 699.54 | Z12: 226692.61 | AA12: =Z12+X12 -> 1538179.7 | AB12: =AA12/$AL$47 -> 118.53954 | AC12: 136.7506 | AD12: 0 | AE12: 350 | AF12: 12 | AG12: =AC12+AD12+AE12+AF12 -> 498.7506 | AH12: 8704913.3 | AI12: =AH12/$AL$47 -> 670.84255 | AJ12: 438.96 | AK12: 4521288 | AL12: =AK12/$AL$47 -> 348.43223
B13: 2 | C13: 62 | D13: 430 | E13: 15280 | F13: 15826718 | G13: 3360 | H13: 5220331.2 | I13: =F13+H13 -> 21047050 | J13: 2020 | K13: 2092275.6 | L13: 500 | M13: 776835 | N13: =+K13+M13 -> 2869110.6 | O13: =N13+I13 -> 23916160 | P13: =L13+J13+G13+E13 -> 21160 | U13: 0 | V13: =Y13+W13 -> 823.25 | W13: 12.46 | X13: 223912.43 | Y13: 810.79 | Z13: 139793.78 | AA13: =Z13+X13 -> 363706.21 | AB13: =AA13/$AL$47 -> 28.028952 | AC13: 140.53692 | AD13: 0 | AE13: 0 | AF13: 132 | AG13: =AC13+AD13+AE13+AF13 -> 272.53692 | AH13: 2819534.5 | AI13: =AH13/$AL$47 -> 217.28691 | AJ13: 388.84 | AK13: 4005052 | AL13: =AK13/$AL$47 -> 308.6486
B14: 3 | C14: 72 | D14: 401 | E14: 16520 | F14: 17111086 | G14: 3360 | H14: 5220331.2 | I14: =F14+H14 -> 22331417 | J14: 1980 | K14: 2050844.4 | L14: 460 | M14: 714688.2 | N14: =+K14+M14 -> 2765532.6 | O14: =N14+I14 -> 25096949 | P14: =L14+J14+G14+E14 -> 22320 | U14: 0 | V14: =Y14+W14 -> 808.12 | W14: 71.2 | X14: 1279499.6 | Y14: 736.92 | Z14: 536505.85 | AA14: =Z14+X14 -> 1816005.4 | AB14: =AA14/$AL$47 -> 139.95013 | AC14: 141.62448 | AD14: 0 | AE14: 0 | AF14: 0 | AG14: =AC14+AD14+AE14+AF14 -> 141.62448 | AH14: 1294978.8 | AI14: =AH14/$AL$47 -> 99.797307 | AJ14: 526.1 | AK14: 5418830 | AL14: =AK14/$AL$47 -> 417.60114
B15: 4 | C15: 81 | D15: 968 | E15: 16320 | F15: 16903930 | G15: 3520 | H15: 5468918.4 | I15: =F15+H15 -> 22372848 | J15: 1760 | K15: 1822972.8 | L15: 460 | M15: 714688.2 | N15: =+K15+M15 -> 2537661 | O15: =N15+I15 -> 24910509 | P15: =L15+J15+G15+E15 -> 22060 | U15: 0 | V15: =Y15+W15 -> 791.21 | W15: 91.67 | X15: 1647355.7 | Y15: 699.54 | Z15: 105789.89 | AA15: =Z15+X15 -> 1753145.6 | AB15: =AA15/$AL$47 -> 135.10585 | AC15: 0 | AD15: 0 | AE15: 0 | AF15: 24 | AG15: =AC15+AD15+AE15+AF15 -> 24 | AH15: 279000 | AI15: =AH15/$AL$47 -> 21.501084 | AJ15: 530.4 | AK15: 5463120 | AL15: =AK15/$AL$47 -> 421.01434
B16: 5 | C16: 125 | D16: 727 | E16: 16760 | F16: 17359673 | G16: 3760 | H16: 5841799.2 | I16: =F16+H16 -> 23201472 | J16: 1820 | K16: 1885119.6 | L16: 480 | M16: 745761.6 | N16: =+K16+M16 -> 2630881.2 | O16: =N16+I16 -> 25832353 | P16: =L16+J16+G16+E16 -> 22820 | U16: 0 | V16: =Y16+W16 -> 822.36 | W16: 114.81 | X16: 2063193.1 | Y16: 707.55 | Z16: 11334.631 | AA16: =Z16+X16 -> 2074527.7 | AB16: =AA16/$AL$47 -> 159.8731 | AC16: 162.40896 | AD16: 0 | AE16: 200 | AF16: 12 | AG16: =AC16+AD16+AE16+AF16 -> 374.40896 | AH16: 3714526.9 | AI16: =AH16/$AL$47 -> 286.25934 | AJ16: 708.35 | AK16: 7296005 | AL16: =AK16/$AL$47 -> 562.26529
B17: 6 | C17: 125 | D17: 932 | E17: 16960 | F17: 17566829 | G17: 3800 | H17: 5903946 | I17: =F17+H17 -> 23470775 | J17: 2000 | K17: 2071560 | L17: 500 | M17: 776835 | N17: =+K17+M17 -> 2848395 | O17: =N17+I17 -> 26319170 | P17: =L17+J17+G17+E17 -> 23260 | U17: 0 | V17: =Y17+W17 -> 814.35 | W17: 119.26 | X17: 2143161.8 | Y17: 695.09 | Z17: 264474.71 | AA17: =Z17+X17 -> 2407636.5 | AB17: =AA17/$AL$47 -> 185.54407 | AC17: 164.70492 | AD17: 0 | AE17: 0 | AF17: 12 | AG17: =AC17+AD17+AE17+AF17 -> 176.70492 | AH17: 1645520.6 | AI17: =AH17/$AL$47 -> 126.81174 | AJ17: 530.99 | AK17: 5469197 | AL17: =AK17/$AL$47 -> 421.48267
B18: 7 | C18: 116 | D18: 639 | E18: 17400 | F18: 18022572 | G18: 3640 | H18: 5655358.8 | I18: =F18+H18 -> 23677931 | J18: 2060 | K18: 2133706.8 | L18: 520 | M18: 807908.4 | N18: =+K18+M18 -> 2941615.2 | O18: =N18+I18 -> 26619546 | P18: =L18+J18+G18+E18 -> 23620 | U18: 0 | V18: =Y18+W18 -> 843.72 | W18: 84.55 | X18: 1519405.8 | Y18: 759.17 | Z18: 22669.261 | AA18: =Z18+X18 -> 1542075 | AB18: =AA18/$AL$47 -> 118.83973 | AC18: 157.2934 | AD18: 0 | AE18: 200 | AF18: 36 | AG18: =AC18+AD18+AE18+AF18 -> 393.2934 | AH18: 3946751.5 | AI18: =AH18/$AL$47 -> 304.15568 | AJ18: 533.86 | AK18: 5498758 | AL18: =AK18/$AL$47 -> 423.76078
B19: 8 | C19: 114 | D19: 707 | E19: 17160 | F19: 17773985 | G19: 3720 | H19: 5779652.4 | I19: =F19+H19 -> 23553637 | J19: 2040 | K19: 2112991.2 | L19: 480 | M19: 745761.6 | N19: =+K19+M19 -> 2858752.8 | O19: =N19+I19 -> 26412390 | P19: =L19+J19+G19+E19 -> 23400 | U19: 0 | V19: =Y19+W19 -> 858.85 | W19: 69.42 | X19: 1247512.1 | Y19: 789.43 | Z19: 528949.43 | AA19: =Z19+X19 -> 1776461.5 | AB19: =AA19/$AL$47 -> 136.90268 | AC19: 150.00272 | AD19: 0 | AE19: 0 | AF19: 0 | AG19: =AC19+AD19+AE19+AF19 -> 150.00272 | AH19: 1371587.4 | AI19: =AH19/$AL$47 -> 105.70113 | AJ19: 314.1 | AK19: 3235230 | AL19: =AK19/$AL$47 -> 249.32241
B20: 9 | C20: 115 | D20: 553 | E20: 17000 | F20: 17608260 | G20: 3760 | H20: 5841799.2 | I20: =F20+H20 -> 23450059 | J20: 1960 | K20: 2030128.8 | L20: 460 | M20: 714688.2 | N20: =+K20+M20 -> 2744817 | O20: =N20+I20 -> 26194876 | P20: =L20+J20+G20+E20 -> 23180 | U20: 0 | V20: =Y20+W20 -> 776.08 | W20: 74.76 | X20: 1343474.6 | Y20: 701.32 | Z20: 445828.8 | AA20: =Z20+X20 -> 1789303.4 | AB20: =AA20/$AL$47 -> 137.89234 | AC20: 143.51764 | AD20: 0 | AE20: 0 | AF20: 36 | AG20: =AC20+AD20+AE20+AF20 -> 179.51764 | AH20: 1730789.4 | AI20: =AH20/$AL$47 -> 133.38297 | AJ20: 413 | AK20: 4253900 | AL20: =AK20/$AL$47 -> 327.82602
B21: 10 | C21: 119 | D21: 700 | E21: 17280 | F21: 17898278 | G21: 3800 | H21: 5903946 | I21: =F21+H21 -> 23802224 | J21: 1980 | K21: 2050844.4 | L21: 480 | M21: 745761.6 | N21: =+K21+M21 -> 2796606 | O21: =N21+I21 -> 26598830 | P21: =L21+J21+G21+E21 -> 23540 | U21: 0 | V21: =Y21+W21 -> 917.59 | W21: 147.74 | X21: 2654961.7 | Y21: 769.85 | Z21: 698968.89 | AA21: =Z21+X21 -> 3353930.6 | AB21: =AA21/$AL$47 -> 258.47004 | AC21: 167.68564 | AD21: 0 | AE21: 0 | AF21: 0 | AG21: =AC21+AD21+AE21+AF21 -> 167.68564 | AH21: 1533275.6 | AI21: =AH21/$AL$47 -> 118.1616 | AJ21: 216.5 | AK21: 2229950 | AL21: =AK21/$AL$47 -> 171.85069
B22: 11 | C22: 125 | D22: 656 | E22: 17200 | F22: 17815416 | G22: 3760 | H22: 5841799.2 | I22: =F22+H22 -> 23657215 | J22: 2020 | K22: 2092275.6 | L22: 500 | M22: 776835 | N22: =+K22+M22 -> 2869110.6 | O22: =N22+I22 -> 26526326 | P22: =L22+J22+G22+E22 -> 23480 | U22: 0 | V22: =Y22+W22 -> 845.5 | W22: 131.72 | X22: 2367074.3 | Y22: 713.78 | Z22: 415603.12 | AA22: =Z22+X22 -> 2782677.4 | AB22: =AA22/$AL$47 -> 214.44652 | AC22: 180.61552 | AD22: 0 | AE22: 0 | AF22: 0 | AG22: =AC22+AD22+AE22+AF22 -> 180.61552 | AH22: 1651503.2 | AI22: =AH22/$AL$47 -> 127.27279 | AJ22: 987.45 | AK22: 10170735 | AL22: =AK22/$AL$47 -> 783.80583
B23: 12 | C23: 128 | D23: 709 | E23: 16760 | F23: 17359673 | G23: 3640 | H23: 5655358.8 | I23: =F23+H23 -> 23015032 | J23: 2140 | K23: 2216569.2 | L23: 480 | M23: 745761.6 | N23: =+K23+M23 -> 2962330.8 | O23: =N23+I23 -> 25977362 | P23: =L23+J23+G23+E23 -> 23020 | U23: 0 | V23: =Y23+W23 -> 835.71 | W23: 125.49 | X23: 2255118 | Y23: 710.22 | Z23: 808536.98 | AA23: =Z23+X23 -> 3063655 | AB23: =AA23/$AL$47 -> 236.10001 | AC23: 162.81176 | AD23: 0 | AE23: 0 | AF23: 12 | AG23: =AC23+AD23+AE23+AF23 -> 174.81176 | AH23: 1628210 | AI23: =AH23/$AL$47 -> 125.47771 | AJ23: 800.85 | AK23: 8248755 | AL23: =AK23/$AL$47 -> 635.68879
... B41: 30 | C41: 127 | D41: 836 | E41: 18200 | F41: 18851196 | G41: 3920 | H41: 6090386.4 | I41: =F41+H41 -> 24941582 | J41: 2020 | K41: 2092275.6 | L41: 500 | M41: 776835 | N41: =+K41+M41 -> 2869110.6 | O41: =N41+I41 -> 27810693 | P41: =L41+J41+G41+E41 -> 24640 | U41: 0 | V41: =Y41+W41 -> 873.98 | W41: 50.73 | X41: 911643.47 | Y41: 823.25 | Z41: 536505.85 | AA41: =Z41+X41 -> 1448149.3 | AB41: =AA41/$AL$47 -> 111.60136 | AC41: 133.44764 | AD41: 0 | AE41: 0 | AF41: 0 | AG41: =AC41+AD41+AE41+AF41 -> 133.44764 | AH41: 1220211.9 | AI41: =AH41/$AL$47 -> 94.035403 | AJ41: 426 | AK41: 4387800 | AL41: =AK41/$AL$47 -> 338.145
C46: =SUM(C12:C42) -> 3418 | D46: =SUM(D12:D42) -> 20516 | E46: =SUM(E12:E42) -> 517600 | F46: =SUM(F12:F42) -> 5.3611973e+08 | G46: =SUM(G12:G42) -> 111320 | H46: =SUM(H12:H42) -> 1.7295454e+08 | I46: =SUM(I12:I42) -> 7.0907427e+08 | J46: =SUM(J12:J42) -> 60820 | ... P46: =SUM(P12:P42) -> 704580 | Q46: =+#REF! -> #REF! | R46: =+#REF! -> #REF! | S46: =Q46+P46 -> #REF! | T46: =R46+O46 -> #REF! | U46: =T46/AL47 -> #REF! | V46: =SUM(V12:V41) -> 25033.03 | W46: =SUM(W12:W41) -> 2790.15 | X46: =SUM(X12:X41) -> 50140391 | Y46: =SUM(Y12:Y41) -> 22242.88 | Z46: =SUM(Z12:Z41) -> 13578887 | AA46: =SUM(AA12:AA41) -> 63719278 | AB46: =AA46/$AL$47 -> 4910.5145 | AC46: =SUM(AC12:AC41) -> 4445.0188 | AD46: =SUM(AD12:AD41) -> 0 | AE46: =SUM(AE12:AE41) -> 1600 | AF46: =SUM(AF12:AF41) -> 588 | AG46: =SUM(AG12:AG41) -> 6633.0188 | AH46: =SUM(AH12:AH42) -> 67857141 | AI46: =AH46/$AL$47 -> 5229.3981 | AJ46: =SUM(AJ12:AJ42) -> 27633.54 | AK46: =SUM(AK12:AK42) -> 284625462 | AL46: =AK46/AL47 -> 21934.609
T47: kWh rate | U47: =U46/S46 -> #REF! | V47: m3/RNs | AL47: 12976.09
W49: =W46/V46 -> 0.11145874

Sheet RNs & Covers September 2019
A1: Four Seasons Resort Bali at Jimbaran Bay
A2: 43709
A3: Date | B3: Room Nights | C3: Food Covers
A6: 1 | B6: 48 | C6: 374
A7: 2 | B7: 62 | C7: 430
A8: =A7+1 -> 3 | B8: 72 | C8: 401
A9: =A8+1 -> 4 | B9: 81 | C9: 968
A10: =A9+1 -> 5 | B10: 125 | C10: 727
A11: =A10+1 -> 6 | B11: 125 | C11: 932
A12: =A11+1 -> 7 | B12: 116 | C12: 639
A13: =A12+1 -> 8 | B13: 114 | C13: 707
A14: =A13+1 -> 9 | B14: 115 | C14: 553
A15: =A14+1 -> 10 | B15: 119 | C15: 700
A16: =A15+1 -> 11 | B16: 125 | C16: 656
A17: =A16+1 -> 12 | B17: 128 | C17: 709
A18: =A17+1 -> 13 | B18: 119 | C18: 670
A19: =A18+1 -> 14 | B19: 116 | C19: 620
... A35: =A34+1 -> 30 | B35: 127 | C35: 836
B37: =SUM(B6:B35) -> 3418 | C37: =SUM(C6:C35) -> 20516
