Workbook

Sheet TOTAL
A1: Site Name | B1: Day | C1: Month | D1: Year | E1: Total Electricity Kwh | F1: Electricity Tariff ($/Kwh) | G1: LPG (Kg) | H1: LPG $/Kg | I1: Total Fuel Oil (Liters) | J1: Fuel Oil $/Liter | K1: Water Utility Supply (m3) m3 | L1: Water Utility Supply (m3) $/m3 | M1: Room Nights | N1: Food Covers
A2: Bali Jimbaran | B2: 1 | C2: 5 | D2: 2020 | E2: ='FS Jimbaran May 2020'!P12 -> 4840 | F2: ='FS Jimbaran May 2020'!O12/'FS Jimbaran May 2020'!P12 -> 1119.2416 | G2: ='FS Jimbaran May 2020'!AG12 -> 0 | H2: ='FS Jimbaran May 2020'!AH12/'FS Jimbaran May 2020'!AG12 -> #DIV/0! | I2: ='FS Jimbaran May 2020'!AJ12 -> 79.55 | J2: ='FS Jimbaran May 2020'!AK12/'FS Jimbaran May 2020'!AJ12 -> 7600 | K2: ='FS Jimbaran May 2020'!V12 -> 431.65 | L2: ='FS Jimbaran May 2020'!AA12/'FS Jimbaran May 2020'!V12 -> 0 | M2: =+'RNs & Covers May 2020'!B6 -> 0 | N2: =+'RNs & Covers May 2020'!C6 -> 0
A3: Bali Jimbaran | B3: =B2+1 -> 2 | C3: 5 | D3: 2020 | E3: ='FS Jimbaran May 2020'!P13 -> 4580 | F3: ='FS Jimbaran May 2020'!O13/'FS Jimbaran May 2020'!P13 -> 1119.4566 | G3: ='FS Jimbaran May 2020'!AG13 -> 0 | H3: ='FS Jimbaran May 2020'!AH13/'FS Jimbaran May 2020'!AG13 -> #DIV/0! | I3: ='FS Jimbaran May 2020'!AJ13 -> 0 | J3: ='FS Jimbaran May 2020'!AK13/'FS Jimbaran May 2020'!AJ13 -> #DIV/0! | K3: ='FS Jimbaran May 2020'!V13 -> 428.09 | L3: ='FS Jimbaran May 2020'!AA13/'FS Jimbaran May 2020'!V13 -> 0 | M3: =+'RNs & Covers May 2020'!B7 -> 0 | N3: =+'RNs & Covers May 2020'!C7 -> 0
A4: Bali Jimbaran | B4: =B3+1 -> 3 | C4: 5 | D4: 2020 | E4: ='FS Jimbaran May 2020'!P14 -> 4700 | F4: ='FS Jimbaran May 2020'!O14/'FS Jimbaran May 2020'!P14 -> 1126.1353 | G4: ='FS Jimbaran May 2020'!AG14 -> 0 | H4: ='FS Jimbaran May 2020'!AH14/'FS Jimbaran May 2020'!AG14 -> #DIV/0! | I4: ='FS Jimbaran May 2020'!AJ14 -> 0 | J4: ='FS Jimbaran May 2020'!AK14/'FS Jimbaran May 2020'!AJ14 -> #DIV/0! | K4: ='FS Jimbaran May 2020'!V14 -> 437.88 | L4: ='FS Jimbaran May 2020'!AA14/'FS Jimbaran May 2020'!V14 -> 0 | M4: =+'RNs & Covers May 2020'!B8 -> 0 | N4: =+'RNs & Covers May 2020'!C8 -> 0
A5: Bali Jimbaran | B5: =B4+1 -> 4 | C5: 5 | D5: 2020 | E5: ='FS Jimbaran May 2020'!P15 -> 4760 | F5: ='FS Jimbaran May 2020'!O15/'FS Jimbaran May 2020'!P15 -> 1118.4683 | G5: ='FS Jimbaran May 2020'!AG15 -> 0 | H5: ='FS Jimbaran May 2020'!AH15/'FS Jimbaran May 2020'!AG15 -> #DIV/0! | I5: ='FS Jimbaran May 2020'!AJ15 -> 107.39 | J5: ='FS Jimbaran May 2020'!AK15/'FS Jimbaran May 2020'!AJ15 -> 7600 | K5: ='FS Jimbaran May 2020'!V15 -> 423.64 | L5: ='FS Jimbaran May 2020'!AA15/'FS Jimbaran May 2020'!V15 -> 0 | M5: =+'RNs & Covers May 2020'!B9 -> 0 | N5: =+'RNs & Covers May 2020'!C9 -> 0
A6: Bali Jimbaran | B6: =B5+1 -> 5 | C6: 5 | D6: 2020 | E6: ='FS Jimbaran May 2020'!P16 -> 5060 | F6: ='FS Jimbaran May 2020'!O16/'FS Jimbaran May 2020'!P16 -> 1115.6128 | G6: ='FS Jimbaran May 2020'!AG16 -> 0 | H6: ='FS Jimbaran May 2020'!AH16/'FS Jimbaran May 2020'!AG16 -> #DIV/0! | I6: ='FS Jimbaran May 2020'!AJ16 -> 0 | J6: ='FS Jimbaran May 2020'!AK16/'FS Jimbaran May 2020'!AJ16 -> #DIV/0! | K6: ='FS Jimbaran May 2020'!V16 -> 362.23 | L6: ='FS Jimbaran May 2020'!AA16/'FS Jimbaran May 2020'!V16 -> 0 | M6: =+'RNs & Covers May 2020'!B10 -> 0 | N6: =+'RNs & Covers May 2020'!C10 -> 0
A7: Bali Jimbaran | B7: =B6+1 -> 6 | C7: 5 | D7: 2020 | E7: ='FS Jimbaran May 2020'!P17 -> 5040 | F7: ='FS Jimbaran May 2020'!O17/'FS Jimbaran May 2020'!P17 -> 1120.0399 | G7: ='FS Jimbaran May 2020'!AG17 -> 0 | H7: ='FS Jimbaran May 2020'!AH17/'FS Jimbaran May 2020'!AG17 -> #DIV/0! | I7: ='FS Jimbaran May 2020'!AJ17 -> 188.44 | J7: ='FS Jimbaran May 2020'!AK17/'FS Jimbaran May 2020'!AJ17 -> 7600 | K7: ='FS Jimbaran May 2020'!V17 -> 331.97 | L7: ='FS Jimbaran May 2020'!AA17/'FS Jimbaran May 2020'!V17 -> 0 | M7: =+'RNs & Covers May 2020'!B11 -> 0 | N7: =+'RNs & Covers May 2020'!C11 -> 0
A8: Bali Jimbaran | B8: =B7+1 -> 7 | C8: 5 | D8: 2020 | E8: ='FS Jimbaran May 2020'!P18 -> 5020 | F8: ='FS Jimbaran May 2020'!O18/'FS Jimbaran May 2020'!P18 -> 1120.3756 | G8: ='FS Jimbaran May 2020'!AG18 -> 0 | H8: ='FS Jimbaran May 2020'!AH18/'FS Jimbaran May 2020'!AG18 -> #DIV/0! | I8: ='FS Jimbaran May 2020'!AJ18 -> 0 | J8: ='FS Jimbaran May 2020'!AK18/'FS Jimbaran May 2020'!AJ18 -> #DIV/0! | K8: ='FS Jimbaran May 2020'!V18 -> 342.65 | L8: ='FS Jimbaran May 2020'!AA18/'FS Jimbaran May 2020'!V18 -> 0 | M8: =+'RNs & Covers May 2020'!B12 -> 0 | N8: =+'RNs & Covers May 2020'!C12 -> 0
A9: Bali Jimbaran | B9: =B8+1 -> 8 | C9: 5 | D9: 2020 | E9: ='FS Jimbaran May 2020'!P19 -> 4900 | F9: ='FS Jimbaran May 2020'!O19/'FS Jimbaran May 2020'!P19 -> 1120.3335 | G9: ='FS Jimbaran May 2020'!AG19 -> 0 | H9: ='FS Jimbaran May 2020'!AH19/'FS Jimbaran May 2020'!AG19 -> #DIV/0! | I9: ='FS Jimbaran May 2020'!AJ19 -> 87.78 | J9: ='FS Jimbaran May 2020'!AK19/'FS Jimbaran May 2020'!AJ19 -> 7600 | K9: ='FS Jimbaran May 2020'!V19 -> 323.96 | L9: ='FS Jimbaran May 2020'!AA19/'FS Jimbaran May 2020'!V19 -> 0 | M9: =+'RNs & Covers May 2020'!B13 -> 0 | N9: =+'RNs & Covers May 2020'!C13 -> 0
A10: Bali Jimbaran | B10: =B9+1 -> 9 | C10: 5 | D10: 2020 | E10: ='FS Jimbaran May 2020'!P20 -> 4540 | F10: ='FS Jimbaran May 2020'!O20/'FS Jimbaran May 2020'!P20 -> 1122.4752 | G10: ='FS Jimbaran May 2020'!AG20 -> 0 | H10: ='FS Jimbaran May 2020'!AH20/'FS Jimbaran May 2020'!AG20 -> #DIV/0! | I10: ='FS Jimbaran May 2020'!AJ20 -> 0 | J10: ='FS Jimbaran May 2020'!AK20/'FS Jimbaran May 2020'!AJ20 -> #DIV/0! | K10: ='FS Jimbaran May 2020'!V20 -> 400.5 | L10: ='FS Jimbaran May 2020'!AA20/'FS Jimbaran May 2020'!V20 -> 0 | M10: =+'RNs & Covers May 2020'!B14 -> 0 | N10: =+'RNs & Covers May 2020'!C14 -> 0
A11: Bali Jimbaran | B11: =B10+1 -> 10 | C11: 5 | D11: 2020 | E11: ='FS Jimbaran May 2020'!P21 -> 4520 | F11: ='FS Jimbaran May 2020'!O21/'FS Jimbaran May 2020'!P21 -> 1122.8588 | G11: ='FS Jimbaran May 2020'!AG21 -> 0 | H11: ='FS Jimbaran May 2020'!AH21/'FS Jimbaran May 2020'!AG21 -> #DIV/0! | I11: ='FS Jimbaran May 2020'!AJ21 -> 0 | J11: ='FS Jimbaran May 2020'!AK21/'FS Jimbaran May 2020'!AJ21 -> #DIV/0! | K11: ='FS Jimbaran May 2020'!V21 -> 413.85 | L11: ='FS Jimbaran May 2020'!AA21/'FS Jimbaran May 2020'!V21 -> 0 | M11: =+'RNs & Covers May 2020'!B15 -> 0 | N11: =+'RNs & Covers May 2020'!C15 -> 0
A12: Bali Jimbaran | B12: =B11+1 -> 11 | C12: 5 | D12: 2020 | E12: ='FS Jimbaran May 2020'!P22 -> 4680 | F12: ='FS Jimbaran May 2020'!O22/'FS Jimbaran May 2020'!P22 -> 1113.2422 | G12: ='FS Jimbaran May 2020'!AG22 -> 0 | H12: ='FS Jimbaran May 2020'!AH22/'FS Jimbaran May 2020'!AG22 -> #DIV/0! | I12: ='FS Jimbaran May 2020'!AJ22 -> 85.97 | J12: ='FS Jimbaran May 2020'!AK22/'FS Jimbaran May 2020'!AJ22 -> 7600 | K12: ='FS Jimbaran May 2020'!V22 -> 428.09 | L12: ='FS Jimbaran May 2020'!AA22/'FS Jimbaran May 2020'!V22 -> 0 | M12: =+'RNs & Covers May 2020'!B16 -> 0 | N12: =+'RNs & Covers May 2020'!C16 -> 0
A13: Bali Jimbaran | B13: =B12+1 -> 12 | C13: 5 | D13: 2020 | E13: ='FS Jimbaran May 2020'!P23 -> 4740 | F13: ='FS Jimbaran May 2020'!O23/'FS Jimbaran May 2020'!P23 -> 1121.0024 | G13: ='FS Jimbaran May 2020'!AG23 -> 0 | H13: ='FS Jimbaran May 2020'!AH23/'FS Jimbaran May 2020'!AG23 -> #DIV/0! | I13: ='FS Jimbaran May 2020'!AJ23 -> 0 | J13: ='FS Jimbaran May 2020'!AK23/'FS Jimbaran May 2020'!AJ23 -> #DIV/0! | K13: ='FS Jimbaran May 2020'!V23 -> 385.37 | L13: ='FS Jimbaran May 2020'!AA23/'FS Jimbaran May 2020'!V23 -> 0 | M13: =+'RNs & Covers May 2020'!B17 -> 0 | N13: =+'RNs & Covers May 2020'!C17 -> 0
A14: Bali Jimbaran | B14: =B13+1 -> 13 | C14: 5 | D14: 2020 | E14: ='FS Jimbaran May 2020'!P24 -> 4960 | F14: ='FS Jimbaran May 2020'!O24/'FS Jimbaran May 2020'!P24 -> 1110.9576 | G14: ='FS Jimbaran May 2020'!AG24 -> 0 | H14: ='FS Jimbaran May 2020'!AH24/'FS Jimbaran May 2020'!AG24 -> #DIV/0! | I14: ='FS Jimbaran May 2020'!AJ24 -> 99.54 | J14: ='FS Jimbaran May 2020'!AK24/'FS Jimbaran May 2020'!AJ24 -> 7600 | K14: ='FS Jimbaran May 2020'!V24 -> 460.13 | L14: ='FS Jimbaran May 2020'!AA24/'FS Jimbaran May 2020'!V24 -> 0 | M14: =+'RNs & Covers May 2020'!B18 -> 0 | N14: =+'RNs & Covers May 2020'!C18 -> 0
... A32: Bali Jimbaran | B32: =B31+1 -> 31 | C32: 5 | D32: 2020 | E32: ='FS Jimbaran May 2020'!P42 -> 4580 | F32: ='FS Jimbaran May 2020'!O42/'FS Jimbaran May 2020'!P42 -> 1119.4566 | G32: ='FS Jimbaran May 2020'!AG42 -> 0 | H32: ='FS Jimbaran May 2020'!AH42/'FS Jimbaran May 2020'!AG42 -> #DIV/0! | I32: ='FS Jimbaran May 2020'!AJ42 -> 0 | J32: ='FS Jimbaran May 2020'!AK42/'FS Jimbaran May 2020'!AJ42 -> #DIV/0! | K32: ='FS Jimbaran May 2020'!V42 -> 390.71 | L32: ='FS Jimbaran May 2020'!AA42/'FS Jimbaran May 2020'!V42 -> 0 | M32: =+'RNs & Covers May 2020'!B36 -> 0 | N32: =+'RNs & Covers May 2020'!C36 -> 0

Sheet FS Jimbaran May 2020
B6: Four Seasons Resort Bali at Jimbaran Bay
B7: MAY 2020
B8: Date | C8: Room Nights | D8: Food Covers | E8: ELECTRICITY Resort, Sundara & Residences | V8: WATER | AC8: GAS
E9: Electricity Resort | J9: Electricity - Sundara | O9: Sub Total (Resort & Sundara) Cost (IDR) | P9: Sub Total (Resort & Sundara), KWh | Q9: Residences- Electricity KWh | R9: Residences- Electricity cost (IDR) | S9: TOTAL Electricity consumption (KWh) | T9: TOTAL Electricity cost | W9: Water (m3) | AA9: Total Water Cost | AC9: LPG | AJ9: Diesel
E10: BASED LOAD KWh (from 10 pm - 6 pm) | F10: Cost (IDR) | G10: PEAK LOAD KWh (from 6 pm - 10 pm) | H10: Cost (IDR) | I10: Resort Cost (IDR) | J10: BASED LOAD KWh (from 10 pm - 6 pm) | K10: Cost (IDR) | L10: PEAK LOAD KWh (from 6 pm - 10 pm) | M10: Cost (IDR) | N10: Sundara Cost (IDR) | T10: IDR | U10: USD | V10: Water consumption (m3) | W10: Municipal Water (m3) | X10: Municipal Water cost (IDR) | Y10: Deepwell Consumption (m3) | Z10: Deepwell water Cost (IDR) | AA10: IDR | AB10: USD | AC10: LPG Bulk (m3) | AD10: 50 Kg (tube) IVD & TW | AE10: Sundara 50 kg (tube) | AF10: 12 Kg (tube) | AG10: Total kg | AH10: IDR | AI10: USD | AJ10: Used (liters) | AK10: IDR | AL10: USD
B12: 1 | E12: 3960 | F12: 4101688.8 | G12: 760 | H12: 1180789.2 | I12: =F12+H12 -> 5282478 | J12: 100 | K12: 103578 | L12: 20 | M12: 31073.4 | N12: =+K12+M12 -> 134651.4 | O12: =N12+I12 -> 5417129.4 | P12: =L12+J12+G12+E12 -> 4840 | U12: 0 | V12: =Y12+W12 -> 431.65 | W12: 0 | X12: 0 | Y12: 431.65 | Z12: 0 | AA12: =Z12+X12 -> 0 | AB12: =AA12/$AL$48 -> 0 | AC12: 0 | AD12: 0 | AE12: 0 | AF12: 0 | AG12: =AC12+AD12+AE12+AF12 -> 0 | AH12: 0 | AI12: =AH12/$AL$48 -> 0 | AJ12: 79.55 | AK12: 604580 | AL12: =AK12/$AL$48 -> 46.591847
B13: 2 | E13: 3760 | F13: 3894532.8 | G13: 720 | H13: 1118642.4 | I13: =F13+H13 -> 5013175.2 | J13: 80 | K13: 82862.4 | L13: 20 | M13: 31073.4 | N13: =+K13+M13 -> 113935.8 | O13: =N13+I13 -> 5127111 | P13: =L13+J13+G13+E13 -> 4580 | U13: 0 | V13: =Y13+W13 -> 428.09 | W13: 0 | X13: 0 | Y13: 428.09 | Z13: 0 | AA13: =Z13+X13 -> 0 | AB13: =AA13/$AL$48 -> 0 | AC13: 0 | AD13: 0 | AE13: 0 | AF13: 0 | AG13: =AC13+AD13+AE13+AF13 -> 0 | AH13: 0 | AI13: =AH13/$AL$48 -> 0 | AJ13: 0 | AK13: 0 | AL13: =AK13/$AL$48 -> 0
B14: 3 | E14: 3800 | F14: 3935964 | G14: 800 | H14: 1242936 | I14: =F14+H14 -> 5178900 | J14: 80 | K14: 82862.4 | L14: 20 | M14: 31073.4 | N14: =+K14+M14 -> 113935.8 | O14: =N14+I14 -> 5292835.8 | P14: =L14+J14+G14+E14 -> 4700 | U14: 0 | V14: =Y14+W14 -> 437.88 | W14: 0 | X14: 0 | Y14: 437.88 | Z14: 0 | AA14: =Z14+X14 -> 0 | AB14: =AA14/$AL$48 -> 0 | AC14: 0 | AD14: 0 | AE14: 0 | AF14: 0 | AG14: =AC14+AD14+AE14+AF14 -> 0 | AH14: 0 | AI14: =AH14/$AL$48 -> 0 | AJ14: 0 | AK14: 0 | AL14: =AK14/$AL$48 -> 0
B15: 4 | E15: 3920 | F15: 4060257.6 | G15: 760 | H15: 1180789.2 | I15: =F15+H15 -> 5241046.8 | J15: 80 | K15: 82862.4 | L15: 0 | M15: 0 | N15: =+K15+M15 -> 82862.4 | O15: =N15+I15 -> 5323909.2 | P15: =L15+J15+G15+E15 -> 4760 | U15: 0 | V15: =Y15+W15 -> 423.64 | W15: 0 | X15: 0 | Y15: 423.64 | Z15: 0 | AA15: =Z15+X15 -> 0 | AB15: =AA15/$AL$48 -> 0 | AC15: 0 | AD15: 0 | AE15: 0 | AF15: 0 | AG15: =AC15+AD15+AE15+AF15 -> 0 | AH15: 0 | AI15: =AH15/$AL$48 -> 0 | AJ15: 107.39 | AK15: 816164 | AL15: =AK15/$AL$48 -> 62.897529
B16: 5 | E16: 4200 | F16: 4350276 | G16: 760 | H16: 1180789.2 | I16: =F16+H16 -> 5531065.2 | J16: 80 | K16: 82862.4 | L16: 20 | M16: 31073.4 | N16: =+K16+M16 -> 113935.8 | O16: =N16+I16 -> 5645001 | P16: =L16+J16+G16+E16 -> 5060 | U16: 0 | V16: =Y16+W16 -> 362.23 | W16: 0 | X16: 0 | Y16: 362.23 | Z16: 0 | AA16: =Z16+X16 -> 0 | AB16: =AA16/$AL$48 -> 0 | AC16: 0 | AD16: 0 | AE16: 0 | AF16: 0 | AG16: =AC16+AD16+AE16+AF16 -> 0 | AH16: 0 | AI16: =AH16/$AL$48 -> 0 | AJ16: 0 | AK16: 0 | AL16: =AK16/$AL$48 -> 0
B17: 6 | E17: 4120 | F17: 4267413.6 | G17: 800 | H17: 1242936 | I17: =F17+H17 -> 5510349.6 | J17: 100 | K17: 103578 | L17: 20 | M17: 31073.4 | N17: =+K17+M17 -> 134651.4 | O17: =N17+I17 -> 5645001 | P17: =L17+J17+G17+E17 -> 5040 | U17: 0 | V17: =Y17+W17 -> 331.97 | W17: 0 | X17: 0 | Y17: 331.97 | Z17: 0 | AA17: =Z17+X17 -> 0 | AB17: =AA17/$AL$48 -> 0 | AC17: 0 | AD17: 0 | AE17: 0 | AF17: 0 | AG17: =AC17+AD17+AE17+AF17 -> 0 | AH17: 0 | AI17: =AH17/$AL$48 -> 0 | AJ17: 188.44 | AK17: 1432144 | AL17: =AK17/$AL$48 -> 110.36792
B18: 7 | E18: 4120 | F18: 4267413.6 | G18: 800 | H18: 1242936 | I18: =F18+H18 -> 5510349.6 | J18: 80 | K18: 82862.4 | L18: 20 | M18: 31073.4 | N18: =+K18+M18 -> 113935.8 | O18: =N18+I18 -> 5624285.4 | P18: =L18+J18+G18+E18 -> 5020 | U18: 0 | V18: =Y18+W18 -> 342.65 | W18: 0 | X18: 0 | Y18: 342.65 | Z18: 0 | AA18: =Z18+X18 -> 0 | AB18: =AA18/$AL$48 -> 0 | AC18: 0 | AD18: 0 | AE18: 0 | AF18: 0 | AG18: =AC18+AD18+AE18+AF18 -> 0 | AH18: 0 | AI18: =AH18/$AL$48 -> 0 | AJ18: 0 | AK18: 0 | AL18: =AK18/$AL$48 -> 0
B19: 8 | E19: 4000 | F19: 4143120 | G19: 800 | H19: 1242936 | I19: =F19+H19 -> 5386056 | J19: 100 | K19: 103578 | L19: 0 | M19: 0 | N19: =+K19+M19 -> 103578 | O19: =N19+I19 -> 5489634 | P19: =L19+J19+G19+E19 -> 4900 | U19: 0 | V19: =Y19+W19 -> 323.96 | W19: 0 | X19: 0 | Y19: 323.96 | Z19: 0 | AA19: =Z19+X19 -> 0 | AB19: =AA19/$AL$48 -> 0 | AC19: 0 | AD19: 0 | AE19: 0 | AF19: 0 | AG19: =AC19+AD19+AE19+AF19 -> 0 | AH19: 0 | AI19: =AH19/$AL$48 -> 0 | AJ19: 87.78 | AK19: 667128 | AL19: =AK19/$AL$48 -> 51.412097
B20: 9 | E20: 3680 | F20: 3811670.4 | G20: 720 | H20: 1118642.4 | I20: =F20+H20 -> 4930312.8 | J20: 100 | K20: 103578 | L20: 40 | M20: 62146.8 | N20: =+K20+M20 -> 165724.8 | O20: =N20+I20 -> 5096037.6 | P20: =L20+J20+G20+E20 -> 4540 | U20: 0 | V20: =Y20+W20 -> 400.5 | W20: 0 | X20: 0 | Y20: 400.5 | Z20: 0 | AA20: =Z20+X20 -> 0 | AB20: =AA20/$AL$48 -> 0 | AC20: 0 | AD20: 0 | AE20: 0 | AF20: 0 | AG20: =AC20+AD20+AE20+AF20 -> 0 | AH20: 0 | AI20: =AH20/$AL$48 -> 0 | AJ20: 0 | AK20: 0 | AL20: =AK20/$AL$48 -> 0
B21: 10 | E21: 3680 | F21: 3811670.4 | G21: 760 | H21: 1180789.2 | I21: =F21+H21 -> 4992459.6 | J21: 80 | K21: 82862.4 | L21: 0 | M21: 0 | N21: =+K21+M21 -> 82862.4 | O21: =N21+I21 -> 5075322 | P21: =L21+J21+G21+E21 -> 4520 | U21: 0 | V21: =Y21+W21 -> 413.85 | W21: 0 | X21: 0 | Y21: 413.85 | Z21: 0 | AA21: =Z21+X21 -> 0 | AB21: =AA21/$AL$48 -> 0 | AC21: 0 | AD21: 0 | AE21: 0 | AF21: 0 | AG21: =AC21+AD21+AE21+AF21 -> 0 | AH21: 0 | AI21: =AH21/$AL$48 -> 0 | AJ21: 0 | AK21: 0 | AL21: =AK21/$AL$48 -> 0
B22: 11 | E22: 3880 | F22: 4018826.4 | G22: 680 | H22: 1056495.6 | I22: =F22+H22 -> 5075322 | J22: 100 | K22: 103578 | L22: 20 | M22: 31073.4 | N22: =+K22+M22 -> 134651.4 | O22: =N22+I22 -> 5209973.4 | P22: =L22+J22+G22+E22 -> 4680 | U22: 0 | V22: =Y22+W22 -> 428.09 | W22: 0 | X22: 0 | Y22: 428.09 | Z22: 0 | AA22: =Z22+X22 -> 0 | AB22: =AA22/$AL$48 -> 0 | AC22: 0 | AD22: 0 | AE22: 0 | AF22: 0 | AG22: =AC22+AD22+AE22+AF22 -> 0 | AH22: 0 | AI22: =AH22/$AL$48 -> 0 | AJ22: 85.97 | AK22: 653372 | AL22: =AK22/$AL$48 -> 50.351994
B23: 12 | E23: 3880 | F23: 4018826.4 | G23: 760 | H23: 1180789.2 | I23: =F23+H23 -> 5199615.6 | J23: 80 | K23: 82862.4 | L23: 20 | M23: 31073.4 | N23: =+K23+M23 -> 113935.8 | O23: =N23+I23 -> 5313551.4 | P23: =L23+J23+G23+E23 -> 4740 | U23: 0 | V23: =Y23+W23 -> 385.37 | W23: 0 | X23: 0 | Y23: 385.37 | Z23: 0 | AA23: =Z23+X23 -> 0 | AB23: =AA23/$AL$48 -> 0 | AC23: 0 | AD23: 0 | AE23: 0 | AF23: 0 | AG23: =AC23+AD23+AE23+AF23 -> 0 | AH23: 0 | AI23: =AH23/$AL$48 -> 0 | AJ23: 0 | AK23: 0 | AL23: =AK23/$AL$48 -> 0
... B42: 31 | E42: 3720 | F42: 3853101.6 | G42: 720 | H42: 1118642.4 | I42: =F42+H42 -> 4971744 | J42: 120 | K42: 124293.6 | L42: 20 | M42: 31073.4 | N42: =+K42+M42 -> 155367 | O42: =N42+I42 -> 5127111 | P42: =L42+J42+G42+E42 -> 4580 | U42: 0 | V42: =Y42+W42 -> 390.71 | W42: 0 | X42: 0 | Y42: 390.71 | Z42: 0 | AA42: =Z42+X42 -> 0 | AB42: =AA42/$AL$48 -> 0 | AC42: 0 | AD42: 0 | AE42: 0 | AF42: 0 | AG42: =AC42+AD42+AE42+AF42 -> 0 | AH42: 0 | AI42: =AH42/$AL$48 -> 0 | AJ42: 0 | AK42: 0 | AL42: =AK42/$AL$48 -> 0
C47: =SUM(C12:C43) -> 0 | D47: =SUM(D12:D43) -> 0 | E47: =SUM(E12:E43) -> 120960 | F47: =SUM(F12:F43) -> 1.2528795e+08 | G47: =SUM(G12:G43) -> 23200 | H47: =SUM(H12:H43) -> 36045144 | I47: =SUM(I12:I43) -> 1.6133309e+08 | J47: =SUM(J12:J43) -> 2800 | ... P47: =SUM(P12:P43) -> 147480 | Q47: =+#REF! -> #REF! | R47: =+#REF! -> #REF! | S47: =Q47+P47 -> #REF! | T47: =R47+O47 -> #REF! | U47: =T47/AL48 -> #REF! | V47: =SUM(V12:V42) -> 12809.77 | W47: =SUM(W12:W42) -> 0 | X47: =SUM(X12:X42) -> 0 | Y47: =SUM(Y12:Y42) -> 12809.77 | Z47: =SUM(Z12:Z42) -> 0 | AA47: =SUM(AA12:AA42) -> 0 | AB47: =AA47/$AL$48 -> 0 | AC47: =SUM(AC12:AC41) -> 0 | AD47: =SUM(AD12:AD41) -> 0 | AE47: =SUM(AE12:AE42) -> 0 | AF47: =SUM(AF12:AF42) -> 12 | AG47: =SUM(AG12:AG42) -> 12 | AH47: =SUM(AH12:AH43) -> 139500 | AI47: =AH47/$AL$48 -> 10.750542 | AJ47: =SUM(AJ12:AJ43) -> 1375.87 | AK47: =SUM(AK12:AK43) -> 10456612 | AL47: =AK47/AL48 -> 805.83689
T48: kWh rate | U48: =U47/S47 -> #REF! | V48: m3/RNs | AL48: 12976.09
AA49: 0

Sheet RNs & Covers May 2020
A1: Four Seasons Resort Bali at Jimbaran Bay
A2: 43952
A3: Date | B3: Room Nights | C3: Food Covers
A6: 1
A7: 2
A8: =A7+1 -> 3
A9: =A8+1 -> 4
A10: =A9+1 -> 5
A11: =A10+1 -> 6
A12: =A11+1 -> 7
A13: =A12+1 -> 8
A14: =A13+1 -> 9
A15: =A14+1 -> 10
A16: =A15+1 -> 11
A17: =A16+1 -> 12
A18: =A17+1 -> 13
A19: =A18+1 -> 14
... A36: =A35+1 -> 31
B38: =SUM(B6:B36) -> 0 | C38: =SUM(C6:C36) -> 0
