Workbook

Sheet TOTAL
A1: Site Name | B1: Day | C1: Month | D1: Year | E1: Total Electricity Kwh | F1: Electricity Tariff ($/Kwh) | G1: LPG (Kg) | H1: LPG $/Kg | I1: Total Fuel Oil (Liters) | J1: Fuel Oil $/Liter | K1: Water Utility Supply (m3) m3 | L1: Water Utility Supply (m3) $/m3 | M1: Room Nights | N1: Food Covers
A2: Bali Jimbaran | B2: 1 | C2: 3 | D2: 2020 | E2: ='FS Jimbaran March 2020'!P12 -> 17500 | F2: ='FS Jimbaran March 2020'!O12/'FS Jimbaran March 2020'!P12 -> 1120.418 | G2: ='FS Jimbaran March 2020'!AG12 -> 91.8384 | H2: ='FS Jimbaran March 2020'!AH12/'FS Jimbaran March 2020'!AG12 -> 9196 | I2: ='FS Jimbaran March 2020'!AJ12 -> 345.65 | J2: ='FS Jimbaran March 2020'!AK12/'FS Jimbaran March 2020'!AJ12 -> 10000 | K2: ='FS Jimbaran March 2020'!V12 -> 663.94 | L2: ='FS Jimbaran March 2020'!AA12/'FS Jimbaran March 2020'!V12 -> 11.38118 | M2: 1 | N2: 42
A3: Bali Jimbaran | B3: =B2+1 -> 2 | C3: 3 | D3: 2020 | E3: ='FS Jimbaran March 2020'!P13 -> 17920 | F3: ='FS Jimbaran March 2020'!O13/'FS Jimbaran March 2020'!P13 -> 1121.9023 | G3: ='FS Jimbaran March 2020'!AG13 -> 188.8174 | H3: ='FS Jimbaran March 2020'!AH13/'FS Jimbaran March 2020'!AG13 -> 9881.3182 | I3: ='FS Jimbaran March 2020'!AJ13 -> 383 | J3: ='FS Jimbaran March 2020'!AK13/'FS Jimbaran March 2020'!AJ13 -> 10000 | K3: ='FS Jimbaran March 2020'!V13 -> 680.85 | L3: ='FS Jimbaran March 2020'!AA13/'FS Jimbaran March 2020'!V13 -> 16.647765 | M3: 1 | N3: 30
A4: Bali Jimbaran | B4: =B3+1 -> 3 | C4: 3 | D4: 2020 | E4: ='FS Jimbaran March 2020'!P14 -> 16940 | F4: ='FS Jimbaran March 2020'!O14/'FS Jimbaran March 2020'!P14 -> 1123.216 | G4: ='FS Jimbaran March 2020'!AG14 -> 86.15892 | H4: ='FS Jimbaran March 2020'!AH14/'FS Jimbaran March 2020'!AG14 -> 9196 | I4: ='FS Jimbaran March 2020'!AJ14 -> 261 | J4: ='FS Jimbaran March 2020'!AK14/'FS Jimbaran March 2020'!AJ14 -> 10000 | K4: ='FS Jimbaran March 2020'!V14 -> 770.74 | L4: ='FS Jimbaran March 2020'!AA14/'FS Jimbaran March 2020'!V14 -> 14.706166 | M4: 1 | N4: 17
A5: Bali Jimbaran | B5: =B4+1 -> 4 | C5: 3 | D5: 2020 | E5: ='FS Jimbaran March 2020'!P15 -> 16900 | F5: ='FS Jimbaran March 2020'!O15/'FS Jimbaran March 2020'!P15 -> 1119.7456 | G5: ='FS Jimbaran March 2020'!AG15 -> 24 | H5: ='FS Jimbaran March 2020'!AH15/'FS Jimbaran March 2020'!AG15 -> 11625 | I5: ='FS Jimbaran March 2020'!AJ15 -> 335.88 | J5: ='FS Jimbaran March 2020'!AK15/'FS Jimbaran March 2020'!AJ15 -> 10000 | K5: ='FS Jimbaran March 2020'!V15 -> 751.16 | L5: ='FS Jimbaran March 2020'!AA15/'FS Jimbaran March 2020'!V15 -> 10.059668 | M5: 2 | N5: 28
A6: Bali Jimbaran | B6: =B5+1 -> 5 | C6: 3 | D6: 2020 | E6: ='FS Jimbaran March 2020'!P16 -> 16440 | F6: ='FS Jimbaran March 2020'!O16/'FS Jimbaran March 2020'!P16 -> 1125.2452 | G6: ='FS Jimbaran March 2020'!AG16 -> 341.4356 | H6: ='FS Jimbaran March 2020'!AH16/'FS Jimbaran March 2020'!AG16 -> 10143.47 | I6: ='FS Jimbaran March 2020'!AJ16 -> 338.07 | J6: ='FS Jimbaran March 2020'!AK16/'FS Jimbaran March 2020'!AJ16 -> 10000 | K6: ='FS Jimbaran March 2020'!V16 -> 735.14 | L6: ='FS Jimbaran March 2020'!AA16/'FS Jimbaran March 2020'!V16 -> 35.976102 | M6: 3 | N6: 44
A7: Bali Jimbaran | B7: =B6+1 -> 6 | C7: 3 | D7: 2020 | E7: ='FS Jimbaran March 2020'!P17 -> 16500 | F7: ='FS Jimbaran March 2020'!O17/'FS Jimbaran March 2020'!P17 -> 1117.3869 | G7: ='FS Jimbaran March 2020'!AG17 -> 100.74028 | H7: ='FS Jimbaran March 2020'!AH17/'FS Jimbaran March 2020'!AG17 -> 9196 | I7: ='FS Jimbaran March 2020'!AJ17 -> 309.42 | J7: ='FS Jimbaran March 2020'!AK17/'FS Jimbaran March 2020'!AJ17 -> 10000 | K7: ='FS Jimbaran March 2020'!V17 -> 174.44 | L7: ='FS Jimbaran March 2020'!AA17/'FS Jimbaran March 2020'!V17 -> 12890.949 | M7: 3 | N7: 44
A8: Bali Jimbaran | B8: =B7+1 -> 7 | C8: 3 | D8: 2020 | E8: ='FS Jimbaran March 2020'!P18 -> 16620 | F8: ='FS Jimbaran March 2020'!O18/'FS Jimbaran March 2020'!P18 -> 1117.4209 | G8: ='FS Jimbaran March 2020'!AG18 -> 122.602 | H8: ='FS Jimbaran March 2020'!AH18/'FS Jimbaran March 2020'!AG18 -> 9909.2347 | I8: ='FS Jimbaran March 2020'!AJ18 -> 300.41 | J8: ='FS Jimbaran March 2020'!AK18/'FS Jimbaran March 2020'!AJ18 -> 10000 | K8: ='FS Jimbaran March 2020'!V18 -> 602.53 | L8: ='FS Jimbaran March 2020'!AA18/'FS Jimbaran March 2020'!V18 -> 3137.4601 | M8: 1 | N8: 69
A9: Bali Jimbaran | B9: =B8+1 -> 8 | C9: 3 | D9: 2020 | E9: ='FS Jimbaran March 2020'!P19 -> 16520 | F9: ='FS Jimbaran March 2020'!O19/'FS Jimbaran March 2020'!P19 -> 1118.5421 | G9: ='FS Jimbaran March 2020'!AG19 -> 94.9768 | H9: ='FS Jimbaran March 2020'!AH19/'FS Jimbaran March 2020'!AG19 -> 9502.896 | I9: ='FS Jimbaran March 2020'!AJ19 -> 359.82 | J9: ='FS Jimbaran March 2020'!AK19/'FS Jimbaran March 2020'!AJ19 -> 10000 | K9: ='FS Jimbaran March 2020'!V19 -> 959.42 | L9: ='FS Jimbaran March 2020'!AA19/'FS Jimbaran March 2020'!V19 -> 2660.076 | M9: 1 | N9: 23
A10: Bali Jimbaran | B10: =B9+1 -> 9 | C10: 3 | D10: 2020 | E10: ='FS Jimbaran March 2020'!P20 -> 16900 | F10: ='FS Jimbaran March 2020'!O20/'FS Jimbaran March 2020'!P20 -> 1120.3585 | G10: ='FS Jimbaran March 2020'!AG20 -> 86.56172 | H10: ='FS Jimbaran March 2020'!AH20/'FS Jimbaran March 2020'!AG20 -> 9196 | I10: ='FS Jimbaran March 2020'!AJ20 -> 356.49 | J10: ='FS Jimbaran March 2020'!AK20/'FS Jimbaran March 2020'!AJ20 -> 10000 | K10: ='FS Jimbaran March 2020'!V20 -> 680.85 | L10: ='FS Jimbaran March 2020'!AA20/'FS Jimbaran March 2020'!V20 -> 55.492549 | M10: 1 | N10: 19
A11: Bali Jimbaran | B11: =B10+1 -> 10 | C11: 3 | D11: 2020 | E11: ='FS Jimbaran March 2020'!P21 -> 17200 | F11: ='FS Jimbaran March 2020'!O21/'FS Jimbaran March 2020'!P21 -> 1121.2921 | G11: ='FS Jimbaran March 2020'!AG21 -> 86.76312 | H11: ='FS Jimbaran March 2020'!AH21/'FS Jimbaran March 2020'!AG21 -> 9196 | I11: ='FS Jimbaran March 2020'!AJ21 -> 339.38 | J11: ='FS Jimbaran March 2020'!AK21/'FS Jimbaran March 2020'!AJ21 -> 10000 | K11: ='FS Jimbaran March 2020'!V21 -> 732.47 | L11: ='FS Jimbaran March 2020'!AA21/'FS Jimbaran March 2020'!V21 -> 67.056306 | M11: 1 | N11: 43
A12: Bali Jimbaran | B12: =B11+1 -> 11 | C12: 3 | D12: 2020 | E12: ='FS Jimbaran March 2020'!P22 -> 16480 | F12: ='FS Jimbaran March 2020'!O22/'FS Jimbaran March 2020'!P22 -> 1126.9136 | G12: ='FS Jimbaran March 2020'!AG22 -> 188.93824 | H12: ='FS Jimbaran March 2020'!AH22/'FS Jimbaran March 2020'!AG22 -> 9880.8799 | I12: ='FS Jimbaran March 2020'!AJ22 -> 261.63 | J12: ='FS Jimbaran March 2020'!AK22/'FS Jimbaran March 2020'!AJ22 -> 10000 | K12: ='FS Jimbaran March 2020'!V22 -> 736.92 | L12: ='FS Jimbaran March 2020'!AA22/'FS Jimbaran March 2020'!V22 -> 46.143261 | M12: 4 | N12: 29
A13: Bali Jimbaran | B13: =B12+1 -> 12 | C13: 3 | D13: 2020 | E13: ='FS Jimbaran March 2020'!P23 -> 16880 | F13: ='FS Jimbaran March 2020'!O23/'FS Jimbaran March 2020'!P23 -> 1129.6629 | G13: ='FS Jimbaran March 2020'!AG23 -> 98.1992 | H13: ='FS Jimbaran March 2020'!AH23/'FS Jimbaran March 2020'!AG23 -> 9492.8252 | I13: ='FS Jimbaran March 2020'!AJ23 -> 407.15 | J13: ='FS Jimbaran March 2020'!AK23/'FS Jimbaran March 2020'!AJ23 -> 10000 | K13: ='FS Jimbaran March 2020'!V23 -> 737.81 | L13: ='FS Jimbaran March 2020'!AA23/'FS Jimbaran March 2020'!V23 -> 20.483378 | M13: 6 | N13: 46
A14: Bali Jimbaran | B14: =B13+1 -> 13 | C14: 3 | D14: 2020 | E14: ='FS Jimbaran March 2020'!P24 -> 17540 | F14: ='FS Jimbaran March 2020'!O24/'FS Jimbaran March 2020'!P24 -> 1121.9966 | G14: ='FS Jimbaran March 2020'!AG24 -> 90.26748 | H14: ='FS Jimbaran March 2020'!AH24/'FS Jimbaran March 2020'!AG24 -> 9196 | I14: ='FS Jimbaran March 2020'!AJ24 -> 370.4 | J14: ='FS Jimbaran March 2020'!AK24/'FS Jimbaran March 2020'!AJ24 -> 10000 | K14: ='FS Jimbaran March 2020'!V24 -> 695.09 | L14: ='FS Jimbaran March 2020'!AA24/'FS Jimbaran March 2020'!V24 -> 43.484558 | M14: 13 | N14: 81
... A32: Bali Jimbaran | B32: =B31+1 -> 31 | C32: 3 | D32: 2020 | E32: ='FS Jimbaran March 2020'!P42 -> 12720 | F32: ='FS Jimbaran March 2020'!O42/'FS Jimbaran March 2020'!P42 -> 1078.1232 | G32: ='FS Jimbaran March 2020'!AG42 -> 179.3516 | H32: ='FS Jimbaran March 2020'!AH42/'FS Jimbaran March 2020'!AG42 -> 9917.4878 | I32: ='FS Jimbaran March 2020'!AJ42 -> 196.2 | J32: ='FS Jimbaran March 2020'!AK42/'FS Jimbaran March 2020'!AJ42 -> 10000 | K32: ='FS Jimbaran March 2020'!V42 -> 553.58 | L32: ='FS Jimbaran March 2020'!AA42/'FS Jimbaran March 2020'!V42 -> 0 | M32: 8 | N32: 56

Sheet FS Jimbaran March 2020
B6: Four Seasons Resort Bali at Jimbaran Bay
B7: MARCH 2020
B8: Date | C8: Room Nights | D8: Food Covers | E8: ELECTRICITY Resort, Sundara & Residences | V8: WATER | AC8: GAS
E9: Electricity Resort | J9: Electricity - Sundara | O9: Sub Total (Resort & Sundara) Cost (IDR) | P9: Sub Total (Resort & Sundara), KWh | Q9: Residences- Electricity KWh | R9: Residences- Electricity cost (IDR) | S9: TOTAL Electricity consumption (KWh) | T9: TOTAL Electricity cost | W9: Water (m3) | AA9: Total Water Cost | AC9: LPG | AJ9: Diesel
E10: BASED LOAD KWh (from 10 pm - 6 pm) | F10: Cost (IDR) | G10: PEAK LOAD KWh (from 6 pm - 10 pm) | H10: Cost (IDR) | I10: Resort Cost (IDR) | J10: BASED LOAD KWh (from 10 pm - 6 pm) | K10: Cost (IDR) | L10: PEAK LOAD KWh (from 6 pm - 10 pm) | M10: Cost (IDR) | N10: Sundara Cost (IDR) | T10: IDR | U10: USD | V10: Water consumption (m3) | W10: Municipal Water (m3) | X10: Municipal Water cost (IDR) | Y10: Deepwell Consumption (m3) | Z10: Deepwell water Cost (IDR) | AA10: IDR | AB10: USD | AC10: LPG Bulk (m3) | AD10: 50 Kg (tube) IVD & TW | AE10: Sundara 50 kg (tube) | AF10: 12 Kg (tube) | AG10: Total kg | AH10: IDR | AI10: USD | AJ10: Used (liters) | AK10: IDR | AL10: USD
B12: 1 | C12: 11 | D12: 177 | E12: 13280 | F12: 13755158 | G12: 2520 | H12: 3915248.4 | I12: =F12+H12 -> 17670407 | J12: 1360 | K12: 1408660.8 | L12: 340 | M12: 528247.8 | N12: =K12+M12 -> 1936908.6 | O12: =N12+I12 -> 19607315 | P12: =L12+J12+G12+E12 -> 17500 | U12: 0 | V12: =Y12+W12 -> 663.94 | W12: 0 | X12: 0 | Y12: 663.94 | Z12: 7556.4204 | AA12: =Z12+X12 -> 7556.4204 | AB12: =AA12/$AL$48 -> 0.58233415 | AC12: 91.8384 | AD12: 0 | AE12: 0 | AF12: 0 | AG12: =SUM(AC12:AF12) -> 91.8384 | AH12: 844545.93 | AI12: =AH12/$AL$48 -> 65.084777 | AJ12: 345.65 | AK12: 3456500 | AL12: =AK12/$AL$48 -> 266.37454
B13: 2 | C13: 12 | D13: 124 | E13: 13600 | F13: 14086608 | G13: 2680 | H13: 4163835.6 | I13: =F13+H13 -> 18250444 | J13: 1340 | K13: 1387945.2 | L13: 300 | M13: 466101 | N13: =K13+M13 -> 1854046.2 | O13: =N13+I13 -> 20104490 | P13: =L13+J13+G13+E13 -> 17920 | U13: 0 | V13: =Y13+W13 -> 680.85 | W13: 0 | X13: 0 | Y13: 680.85 | Z13: 11334.631 | AA13: =Z13+X13 -> 11334.631 | AB13: =AA13/$AL$48 -> 0.87350123 | AC13: 88.8174 | AD13: 0 | AE13: 100 | AF13: 0 | AG13: =SUM(AC13:AF13) -> 188.8174 | AH13: 1865764.8 | AI13: =AH13/$AL$48 -> 143.78482 | AJ13: 383 | AK13: 3830000 | AL13: =AK13/$AL$48 -> 295.15825
B14: 3 | C14: 14 | D14: 125 | E14: 12800 | F14: 13257984 | G14: 2560 | H14: 3977395.2 | I14: =F14+H14 -> 17235379 | J14: 1280 | K14: 1325798.4 | L14: 300 | M14: 466101 | N14: =K14+M14 -> 1791899.4 | O14: =N14+I14 -> 19027279 | P14: =L14+J14+G14+E14 -> 16940 | U14: 0 | V14: =Y14+W14 -> 770.74 | W14: 0 | X14: 0 | Y14: 770.74 | Z14: 11334.631 | AA14: =Z14+X14 -> 11334.631 | AB14: =AA14/$AL$48 -> 0.87350123 | AC14: 86.15892 | AD14: 0 | AE14: 0 | AF14: 0 | AG14: =SUM(AC14:AF14) -> 86.15892 | AH14: 792317.43 | AI14: =AH14/$AL$48 -> 61.059798 | AJ14: 261 | AK14: 2610000 | AL14: =AK14/$AL$48 -> 201.13917
B15: 4 | C15: 20 | D15: 159 | E15: 12800 | F15: 13257984 | G15: 2440 | H15: 3790954.8 | I15: =F15+H15 -> 17048939 | J15: 1360 | K15: 1408660.8 | L15: 300 | M15: 466101 | N15: =K15+M15 -> 1874761.8 | O15: =N15+I15 -> 18923701 | P15: =L15+J15+G15+E15 -> 16900 | U15: 0 | V15: =Y15+W15 -> 751.16 | W15: 0 | X15: 0 | Y15: 751.16 | Z15: 7556.4204 | AA15: =Z15+X15 -> 7556.4204 | AB15: =AA15/$AL$48 -> 0.58233415 | AC15: 0 | AD15: 0 | AE15: 0 | AF15: 24 | AG15: =SUM(AC15:AF15) -> 24 | AH15: 279000 | AI15: =AH15/$AL$48 -> 21.501084 | AJ15: 335.88 | AK15: 3358800 | AL15: =AK15/$AL$48 -> 258.84531
B16: 5 | C16: 17 | D16: 184 | E16: 12240 | F16: 12677947 | G16: 2520 | H16: 3915248.4 | I16: =F16+H16 -> 16593196 | J16: 1360 | K16: 1408660.8 | L16: 320 | M16: 497174.4 | N16: =K16+M16 -> 1905835.2 | O16: =N16+I16 -> 18499031 | P16: =L16+J16+G16+E16 -> 16440 | U16: 0 | V16: =Y16+W16 -> 735.14 | W16: 0 | X16: 0 | Y16: 735.14 | Z16: 26447.471 | AA16: =Z16+X16 -> 26447.471 | AB16: =AA16/$AL$48 -> 2.0381695 | AC16: 91.4356 | AD16: 0 | AE16: 250 | AF16: 0 | AG16: =SUM(AC16:AF16) -> 341.4356 | AH16: 3463341.8 | AI16: =AH16/$AL$48 -> 266.9018 | AJ16: 338.07 | AK16: 3380700 | AL16: =AK16/$AL$48 -> 260.53303
B17: 6 | C17: 13 | D17: 139 | E17: 12520 | F17: 12967966 | G17: 2280 | H17: 3542367.6 | I17: =F17+H17 -> 16510333 | J17: 1380 | K17: 1429376.4 | L17: 320 | M17: 497174.4 | N17: =K17+M17 -> 1926550.8 | O17: =N17+I17 -> 18436884 | P17: =L17+J17+G17+E17 -> 16500 | U17: 0 | V17: =Y17+W17 -> 174.44 | W17: 122.82 | X17: 2207136.8 | Y17: 51.62 | Z17: 41560.312 | AA17: =Z17+X17 -> 2248697.1 | AB17: =AA17/$AL$48 -> 173.29543 | AC17: 100.74028 | AD17: 0 | AE17: 0 | AF17: 0 | AG17: =SUM(AC17:AF17) -> 100.74028 | AH17: 926407.61 | AI17: =AH17/$AL$48 -> 71.393433 | AJ17: 309.42 | AK17: 3094200 | AL17: =AK17/$AL$48 -> 238.45396
B18: 7 | C18: 15 | D18: 150 | E18: 12720 | F18: 13175122 | G18: 2280 | H18: 3542367.6 | I18: =F18+H18 -> 16717489 | J18: 1280 | K18: 1325798.4 | L18: 340 | M18: 528247.8 | N18: =K18+M18 -> 1854046.2 | O18: =N18+I18 -> 18571535 | P18: =L18+J18+G18+E18 -> 16620 | U18: 0 | V18: =Y18+W18 -> 602.53 | W18: 100.57 | X18: 1807293.2 | Y18: 501.96 | Z18: 83120.624 | AA18: =Z18+X18 -> 1890413.8 | AB18: =AA18/$AL$48 -> 145.68439 | AC18: 86.602 | AD18: 0 | AE18: 0 | AF18: 36 | AG18: =SUM(AC18:AF18) -> 122.602 | AH18: 1214892 | AI18: =AH18/$AL$48 -> 93.625429 | AJ18: 300.41 | AK18: 3004100 | AL18: =AK18/$AL$48 -> 231.51042
B19: 8 | C19: 16 | D19: 140 | E19: 12560 | F19: 13009397 | G19: 2320 | H19: 3604514.4 | I19: =F19+H19 -> 16613911 | J19: 1320 | K19: 1367229.6 | L19: 320 | M19: 497174.4 | N19: =K19+M19 -> 1864404 | O19: =N19+I19 -> 18478315 | P19: =L19+J19+G19+E19 -> 16520 | U19: 0 | V19: =Y19+W19 -> 959.42 | W19: 66.75 | X19: 1199530.9 | Y19: 892.67 | Z19: 1352599.3 | AA19: =Z19+X19 -> 2552130.1 | AB19: =AA19/$AL$48 -> 196.67944 | AC19: 82.9768 | AD19: 0 | AE19: 0 | AF19: 12 | AG19: =SUM(AC19:AF19) -> 94.9768 | AH19: 902554.65 | AI19: =AH19/$AL$48 -> 69.555209 | AJ19: 359.82 | AK19: 3598200 | AL19: =AK19/$AL$48 -> 277.29462
B20: 9 | C20: 15 | D20: 125 | E20: 12800 | F20: 13257984 | G20: 2400 | H20: 3728808 | I20: =F20+H20 -> 16986792 | J20: 1340 | K20: 1387945.2 | L20: 360 | M20: 559321.2 | N20: =K20+M20 -> 1947266.4 | O20: =N20+I20 -> 18934058 | P20: =L20+J20+G20+E20 -> 16900 | U20: 0 | V20: =Y20+W20 -> 680.85 | W20: 0 | X20: 0 | Y20: 680.85 | Z20: 37782.102 | AA20: =Z20+X20 -> 37782.102 | AB20: =AA20/$AL$48 -> 2.9116708 | AC20: 86.56172 | AD20: 0 | AE20: 0 | AF20: 0 | AG20: =SUM(AC20:AF20) -> 86.56172 | AH20: 796021.58 | AI20: =AH20/$AL$48 -> 61.345257 | AJ20: 356.49 | AK20: 3564900 | AL20: =AK20/$AL$48 -> 274.72837
B21: 10 | C21: 15 | D21: 124 | E21: 13000 | F21: 13465140 | G21: 2520 | H21: 3915248.4 | I21: =F21+H21 -> 17380388 | J21: 1360 | K21: 1408660.8 | L21: 320 | M21: 497174.4 | N21: =K21+M21 -> 1905835.2 | O21: =N21+I21 -> 19286224 | P21: =L21+J21+G21+E21 -> 17200 | U21: 0 | V21: =Y21+W21 -> 732.47 | W21: 0 | X21: 0 | Y21: 732.47 | Z21: 49116.733 | AA21: =Z21+X21 -> 49116.733 | AB21: =AA21/$AL$48 -> 3.785172 | AC21: 86.76312 | AD21: 0 | AE21: 0 | AF21: 0 | AG21: =SUM(AC21:AF21) -> 86.76312 | AH21: 797873.65 | AI21: =AH21/$AL$48 -> 61.487987 | AJ21: 339.38 | AK21: 3393800 | AL21: =AK21/$AL$48 -> 261.54258
B22: 11 | C22: 20 | D22: 140 | E22: 12200 | F22: 12636516 | G22: 2640 | H22: 4101688.8 | I22: =F22+H22 -> 16738205 | J22: 1380 | K22: 1429376.4 | L22: 260 | M22: 403954.2 | N22: =K22+M22 -> 1833330.6 | O22: =N22+I22 -> 18571535 | P22: =L22+J22+G22+E22 -> 16480 | U22: 0 | V22: =Y22+W22 -> 736.92 | W22: 0 | X22: 0 | Y22: 736.92 | Z22: 34003.892 | AA22: =Z22+X22 -> 34003.892 | AB22: =AA22/$AL$48 -> 2.6205037 | AC22: 88.93824 | AD22: 0 | AE22: 100 | AF22: 0 | AG22: =SUM(AC22:AF22) -> 188.93824 | AH22: 1866876.1 | AI22: =AH22/$AL$48 -> 143.87046 | AJ22: 261.63 | AK22: 2616300 | AL22: =AK22/$AL$48 -> 201.62468
B23: 12 | C23: 25 | D23: 188 | E23: 12480 | F23: 12926534 | G23: 2720 | H23: 4225982.4 | I23: =F23+H23 -> 17152517 | J23: 1340 | K23: 1387945.2 | L23: 340 | M23: 528247.8 | N23: =K23+M23 -> 1916193 | O23: =N23+I23 -> 19068710 | P23: =L23+J23+G23+E23 -> 16880 | U23: 0 | V23: =Y23+W23 -> 737.81 | W23: 0 | X23: 0 | Y23: 737.81 | Z23: 15112.841 | AA23: =Z23+X23 -> 15112.841 | AB23: =AA23/$AL$48 -> 1.1646683 | AC23: 86.1992 | AD23: 0 | AE23: 0 | AF23: 12 | AG23: =SUM(AC23:AF23) -> 98.1992 | AH23: 932187.84 | AI23: =AH23/$AL$48 -> 71.838885 | AJ23: 407.15 | AK23: 4071500 | AL23: =AK23/$AL$48 -> 313.7694
... B42: 31 | C42: 0 | D42: 32 | E42: 10400 | F42: 10772112 | G42: 800 | H42: 1242936 | I42: =F42+H42 -> 12015048 | J42: 1280 | K42: 1325798.4 | L42: 240 | M42: 372880.8 | N42: =K42+M42 -> 1698679.2 | O42: =N42+I42 -> 13713727 | P42: =L42+J42+G42+E42 -> 12720 | U42: 0 | V42: =Y42+W42 -> 553.58 | W42: 0 | X42: 0 | Y42: 553.58 | Z42: 0 | AA42: =Z42+X42 -> 0 | AB42: =AA42/$AL$48 -> 0 | AC42: 79.3516 | AD42: 0 | AE42: 100 | AF42: 0 | AG42: =SUM(AC42:AF42) -> 179.3516 | AH42: 1778717.3 | AI42: =AH42/$AL$48 -> 137.07652 | AJ42: 196.2 | AK42: 1962000 | AL42: =AK42/$AL$48 -> 151.20117
C47: =SUM(C12:C43) -> 338 | D47: =SUM(D12:D43) -> 3380 | E47: =SUM(E12:E43) -> 382440 | F47: =SUM(F12:F43) -> 3.961237e+08 | G47: =SUM(G12:G43) -> 71800 | H47: =SUM(H12:H43) -> 1.1155351e+08 | I47: =SUM(I12:I43) -> 5.0767721e+08 | J47: =SUM(J12:J43) -> 41640 | ... P47: =SUM(P12:P43) -> 505280 | Q47: =#REF! -> #REF! | R47: =#REF! -> #REF! | S47: =Q47+P47 -> #REF! | T47: =R47+O47 -> #REF! | U47: =T47/AL48 -> #REF! | V47: =SUM(V12:V42) -> 21468.58 | W47: =SUM(W12:W42) -> 1277.15 | X47: =SUM(X12:X42) -> 22951024 | Y47: =SUM(Y12:Y42) -> 20191.43 | Z47: =SUM(Z12:Z42) -> 1768202.4 | AA47: =SUM(AA12:AA42) -> 24719226 | AB47: =AA47/$AL$48 -> 1904.9827 | AC47: =SUM(AC12:AC41) -> 2479.3951 | AD47: =SUM(AD12:AD41) -> 0 | AE47: =SUM(AE12:AE42) -> 1250 | AF47: =SUM(AF12:AF42) -> 168 | AG47: =SUM(AG12:AG42) -> 3976.7467 | AH47: =SUM(AH12:AH43) -> 38595735 | AI47: =AH47/$AL$48 -> 2974.3732 | AJ47: =SUM(AJ12:AJ43) -> 9037.77 | AK47: =SUM(AK12:AK43) -> 90377700 | AL47: =AK47/AL48 -> 6964.9409
T48: kWh rate | U48: =U47/S47 -> #REF! | AL48: 12976.09
AA49: =AA47/V47 -> 1151.4141

Sheet RNs & Covers March 2020
A1: Four Seasons Resort Bali at Jimbaran Bay
A2: 43891
A3: Date | B3: Room Nights | C3: Food Covers
A6: 1 | B6: 1 | C6: 42
A7: 2 | B7: 1 | C7: 30
A8: =A7+1 -> 3 | B8: 1 | C8: 17
A9: =A8+1 -> 4 | B9: 2 | C9: 28
A10: =A9+1 -> 5 | B10: 3 | C10: 44
A11: =A10+1 -> 6 | B11: 3 | C11: 44
A12: =A11+1 -> 7 | B12: 1 | C12: 69
A13: =A12+1 -> 8 | B13: 1 | C13: 23
A14: =A13+1 -> 9 | B14: 1 | C14: 19
A15: =A14+1 -> 10 | B15: 1 | C15: 43
A16: =A15+1 -> 11 | B16: 4 | C16: 29
A17: =A16+1 -> 12 | B17: 6 | C17: 46
A18: =A17+1 -> 13 | B18: 13 | C18: 81
A19: =A18+1 -> 14 | B19: 15 | C19: 84
... A36: =A35+1 -> 31 | B36: 8 | C36: 56
B38: =SUM(B6:B36) -> 146 | C38: =SUM(C6:C36) -> 1650
