Workbook

Sheet TOTAL
A1: Site Name | B1: Day | C1: Month | D1: Year | E1: Total Electricity Kwh | F1: Electricity Tariff ($/Kwh) | G1: LPG (Kg) | H1: LPG $/Kg | I1: Total Fuel Oil (Liters) | J1: Fuel Oil $/Liter | K1: Water Utility Supply (m3) m3 | L1: Water Utility Supply (m3) $/m3 | M1: Room Nights | N1: Food Covers
A2: Bali at Sayan | B2: 1 | C2: 4 | D2: 2021 | E2: =Electricity!F8+Electricity!I8 -> 6260 | F2: =Electricity!L8/TOTAL!E2 -> 1230.0284 | G2: =Gas!F9+Gas!I9+Gas!L9+Gas!O9 -> 42.1836 | H2: =Gas!Q9/TOTAL!G2 -> 14120 | I2: ='Fuel Diesel'!F9 -> 0 | J2: ='Fuel Diesel'!G9/'Fuel Diesel'!F9 -> #DIV/0! | K2: =Water!E9+Water!G9+Water!I9 -> 182 | L2: =Water!K9/TOTAL!K2 -> 4000 | M2: =Electricity!C8 -> 3 | N2: =Electricity!D8 -> 16
A3: Bali at Sayan | B3: =B2+1 -> 2 | C3: 4 | D3: 2021 | E3: =Electricity!F9+Electricity!I9 -> 6480 | F3: =Electricity!L9/TOTAL!E3 -> 1233.9708 | G3: =Gas!F10+Gas!I10+Gas!L10+Gas!O10 -> 42.1836 | H3: =Gas!Q10/TOTAL!G3 -> 14120 | I3: ='Fuel Diesel'!F10 -> 0 | J3: ='Fuel Diesel'!G10/'Fuel Diesel'!F10 -> #DIV/0! | K3: =Water!E10+Water!G10+Water!I10 -> 176 | L3: =Water!K10/TOTAL!K3 -> 4000 | M3: =Electricity!C9 -> 5 | N3: =Electricity!D9 -> 20
A4: Bali at Sayan | B4: =B3+1 -> 3 | C4: 4 | D4: 2021 | E4: =Electricity!F10+Electricity!I10 -> 6480 | F4: =Electricity!L10/TOTAL!E4 -> 1233.9708 | G4: =Gas!F11+Gas!I11+Gas!L11+Gas!O11 -> 41.49884 | H4: =Gas!Q11/TOTAL!G4 -> 14120 | I4: ='Fuel Diesel'!F11 -> 0 | J4: ='Fuel Diesel'!G11/'Fuel Diesel'!F11 -> #DIV/0! | K4: =Water!E11+Water!G11+Water!I11 -> 203 | L4: =Water!K11/TOTAL!K4 -> 4000 | M4: =Electricity!C10 -> 6 | N4: =Electricity!D10 -> 25
A5: Bali at Sayan | B5: =B4+1 -> 4 | C5: 4 | D5: 2021 | E5: =Electricity!F11+Electricity!I11 -> 6540 | F5: =Electricity!L11/TOTAL!E5 -> 1227.875 | G5: =Gas!F12+Gas!I12+Gas!L12+Gas!O12 -> 42.30444 | H5: =Gas!Q12/TOTAL!G5 -> 14120 | I5: ='Fuel Diesel'!F12 -> 0 | J5: ='Fuel Diesel'!G12/'Fuel Diesel'!F12 -> #DIV/0! | K5: =Water!E12+Water!G12+Water!I12 -> 191 | L5: =Water!K12/TOTAL!K5 -> 4000 | M5: =Electricity!C11 -> 6 | N5: =Electricity!D11 -> 28
A6: Bali at Sayan | B6: =B5+1 -> 5 | C6: 4 | D6: 2021 | E6: =Electricity!F12+Electricity!I12 -> 6260 | F6: =Electricity!L12/TOTAL!E6 -> 1233.6676 | G6: =Gas!F13+Gas!I13+Gas!L13+Gas!O13 -> 42.42528 | H6: =Gas!Q13/TOTAL!G6 -> 14120 | I6: ='Fuel Diesel'!F13 -> 51 | J6: ='Fuel Diesel'!G13/'Fuel Diesel'!F13 -> 10700 | K6: =Water!E13+Water!G13+Water!I13 -> 181 | L6: =Water!K13/TOTAL!K6 -> 4000 | M6: =Electricity!C12 -> 3 | N6: =Electricity!D12 -> 25
A7: Bali at Sayan | B7: =B6+1 -> 6 | C7: 4 | D7: 2021 | E7: =Electricity!F13+Electricity!I13 -> 6300 | F7: =Electricity!L13/TOTAL!E7 -> 1233.0668 | G7: =Gas!F14+Gas!I14+Gas!L14+Gas!O14 -> 52.89808 | H7: =Gas!Q14/TOTAL!G7 -> 14120 | I7: ='Fuel Diesel'!F14 -> 0 | J7: ='Fuel Diesel'!G14/'Fuel Diesel'!F14 -> #DIV/0! | K7: =Water!E14+Water!G14+Water!I14 -> 186 | L7: =Water!K14/TOTAL!K7 -> 4000 | M7: =Electricity!C13 -> 3 | N7: =Electricity!D13 -> 17
A8: Bali at Sayan | B8: =B7+1 -> 7 | C8: 4 | D8: 2021 | E8: =Electricity!F14+Electricity!I14 -> 6280 | F8: =Electricity!L14/TOTAL!E8 -> 1231.5525 | G8: =Gas!F15+Gas!I15+Gas!L15+Gas!O15 -> 43.15032 | H8: =Gas!Q15/TOTAL!G8 -> 14120 | I8: ='Fuel Diesel'!F15 -> 0 | J8: ='Fuel Diesel'!G15/'Fuel Diesel'!F15 -> #DIV/0! | K8: =Water!E15+Water!G15+Water!I15 -> 201 | L8: =Water!K15/TOTAL!K8 -> 4000 | M8: =Electricity!C14 -> 2 | N8: =Electricity!D14 -> 16
A9: Bali at Sayan | B9: =B8+1 -> 8 | C9: 4 | D9: 2021 | E9: =Electricity!F15+Electricity!I15 -> 6420 | F9: =Electricity!L15/TOTAL!E9 -> 1229.5353 | G9: =Gas!F16+Gas!I16+Gas!L16+Gas!O16 -> 42.54612 | H9: =Gas!Q16/TOTAL!G9 -> 14120 | I9: ='Fuel Diesel'!F16 -> 0 | J9: ='Fuel Diesel'!G16/'Fuel Diesel'!F16 -> #DIV/0! | K9: =Water!E16+Water!G16+Water!I16 -> 181 | L9: =Water!K16/TOTAL!K9 -> 4000 | M9: =Electricity!C15 -> 4 | N9: =Electricity!D15 -> 13
A10: Bali at Sayan | B10: =B9+1 -> 9 | C10: 4 | D10: 2021 | E10: =Electricity!F16+Electricity!I16 -> 6540 | F10: =Electricity!L16/TOTAL!E10 -> 1248.775 | G10: =Gas!F17+Gas!I17+Gas!L17+Gas!O17 -> 46.65468 | H10: =Gas!Q17/TOTAL!G10 -> 14120 | I10: ='Fuel Diesel'!F17 -> 0 | J10: ='Fuel Diesel'!G17/'Fuel Diesel'!F17 -> #DIV/0! | K10: =Water!E17+Water!G17+Water!I17 -> 211 | L10: =Water!K17/TOTAL!K10 -> 4000 | M10: =Electricity!C16 -> 8 | N10: =Electricity!D16 -> 20
A11: Bali at Sayan | B11: =B10+1 -> 10 | C11: 4 | D11: 2021 | E11: =Electricity!F17+Electricity!I17 -> 6440 | F11: =Electricity!L17/TOTAL!E11 -> 1218.642 | G11: =Gas!F18+Gas!I18+Gas!L18+Gas!O18 -> 49.95764 | H11: =Gas!Q18/TOTAL!G11 -> 14120 | I11: ='Fuel Diesel'!F18 -> 0 | J11: ='Fuel Diesel'!G18/'Fuel Diesel'!F18 -> #DIV/0! | K11: =Water!E18+Water!G18+Water!I18 -> 186 | L11: =Water!K18/TOTAL!K11 -> 4000 | M11: =Electricity!C17 -> 6 | N11: =Electricity!D17 -> 39
A12: Bali at Sayan | B12: =B11+1 -> 11 | C12: 4 | D12: 2021 | E12: =Electricity!F18+Electricity!I18 -> 6540 | F12: =Electricity!L18/TOTAL!E12 -> 1234.8417 | G12: =Gas!F19+Gas!I19+Gas!L19+Gas!O19 -> 44.43928 | H12: =Gas!Q19/TOTAL!G12 -> 14120 | I12: ='Fuel Diesel'!F19 -> 0 | J12: ='Fuel Diesel'!G19/'Fuel Diesel'!F19 -> #DIV/0! | K12: =Water!E19+Water!G19+Water!I19 -> 192 | L12: =Water!K19/TOTAL!K12 -> 4000 | M12: =Electricity!C18 -> 9 | N12: =Electricity!D18 -> 26
A13: Bali at Sayan | B13: =B12+1 -> 12 | C13: 4 | D13: 2021 | E13: =Electricity!F19+Electricity!I19 -> 6520 | F13: =Electricity!L19/TOTAL!E13 -> 1235.1355 | G13: =Gas!F20+Gas!I20+Gas!L20+Gas!O20 -> 45.28516 | H13: =Gas!Q20/TOTAL!G13 -> 14120 | I13: ='Fuel Diesel'!F20 -> 10 | J13: ='Fuel Diesel'!G20/'Fuel Diesel'!F20 -> 10700 | K13: =Water!E20+Water!G20+Water!I20 -> 292 | L13: =Water!K20/TOTAL!K13 -> 4000 | M13: =Electricity!C19 -> 4 | N13: =Electricity!D19 -> 25
A14: Bali at Sayan | B14: =B13+1 -> 13 | C14: 4 | D14: 2021 | E14: =Electricity!F20+Electricity!I20 -> 6540 | F14: =Electricity!L20/TOTAL!E14 -> 1238.325 | G14: =Gas!F21+Gas!I21+Gas!L21+Gas!O21 -> 53.34116 | H14: =Gas!Q21/TOTAL!G14 -> 14120 | I14: ='Fuel Diesel'!F21 -> 0 | J14: ='Fuel Diesel'!G21/'Fuel Diesel'!F21 -> #DIV/0! | K14: =Water!E21+Water!G21+Water!I21 -> 313 | L14: =Water!K21/TOTAL!K14 -> 4000 | M14: =Electricity!C20 -> 6 | N14: =Electricity!D20 -> 37
... A31: Bali at Sayan | B31: =B30+1 -> 30 | C31: 4 | D31: 2021 | E31: =Electricity!F37+Electricity!I37 -> 7020 | F31: =Electricity!L37/TOTAL!E31 -> 1233.1595 | G31: =Gas!F38+Gas!I38+Gas!L38+Gas!O38 -> 58.17476 | H31: =Gas!Q38/TOTAL!G31 -> 14120 | I31: ='Fuel Diesel'!F38 -> 0 | J31: ='Fuel Diesel'!G38/'Fuel Diesel'!F38 -> #DIV/0! | K31: =Water!E38+Water!G38+Water!I38 -> 390 | L31: =Water!K38/TOTAL!K31 -> 4000 | M31: =Electricity!C37 -> 10 | N31: =Electricity!D37 -> 19

Sheet Electricity
B1: Daily Electricity Consumption
B2: Engineering Department
B4: 44287
B5: Date | C5: Room Nights | D5: Food Covers | E5: BASED LOAD (from 10 pm - 6 pm) | H5: PEAK LOAD (from 6 pm - 10 pm) | K5: Sub-Total Cost (Based + Peak cost) | L5: TOTAL COST include 10% TAX (sub total cost X 1.1) | M5: USD
E6: Used (reading) | F6: kWh (Used x2000) | G6: IDR Cost (kWh x IDR 1035.5) | H6: Used (reading) | I6: kWh (Used x2000) | J6: Cost (kWh x IDR 1553.25)
B8: 1 | C8: 3 | D8: 16 | E8: 2.63 | F8: =E8*2000 -> 5260 | G8: =F8*1035.5 -> 5446730 | H8: 0.5 | I8: =H8*2000 -> 1000 | J8: =I8*1553.25 -> 1553250 | K8: =G8+J8 -> 6999980 | L8: =K8*1.1 -> 7699978 | M8: =L8/14453 -> 532.75984
B9: 2 | C9: 5 | D9: 20 | E9: 2.7 | F9: =E9*2000 -> 5400 | G9: =F9*1035.5 -> 5591700 | H9: 0.54 | I9: =H9*2000 -> 1080 | J9: =I9*1553.25 -> 1677510 | K9: =G9+J9 -> 7269210 | L9: =K9*1.1 -> 7996131 | M9: =L9/14453 -> 553.25061
B10: 3 | C10: 6 | D10: 25 | E10: 2.7 | F10: =E10*2000 -> 5400 | G10: =F10*1035.5 -> 5591700 | H10: 0.54 | I10: =H10*2000 -> 1080 | J10: =I10*1553.25 -> 1677510 | K10: =G10+J10 -> 7269210 | L10: =K10*1.1 -> 7996131 | M10: =L10/14453 -> 553.25061
B11: 4 | C11: 6 | D11: 28 | E11: 2.76 | F11: =E11*2000 -> 5520 | G11: =F11*1035.5 -> 5715960 | H11: 0.51 | I11: =H11*2000 -> 1020 | J11: =I11*1553.25 -> 1584315 | K11: =G11+J11 -> 7300275 | L11: =K11*1.1 -> 8030302.5 | M11: =L11/14453 -> 555.61492
B12: 5 | C12: 3 | D12: 25 | E12: 2.61 | F12: =E12*2000 -> 5220 | G12: =F12*1035.5 -> 5405310 | H12: 0.52 | I12: =H12*2000 -> 1040 | J12: =I12*1553.25 -> 1615380 | K12: =G12+J12 -> 7020690 | L12: =K12*1.1 -> 7722759 | M12: =L12/14453 -> 534.33605
B13: 6 | C13: 3 | D13: 17 | E13: 2.63 | F13: =E13*2000 -> 5260 | G13: =F13*1035.5 -> 5446730 | H13: 0.52 | I13: =H13*2000 -> 1040 | J13: =I13*1553.25 -> 1615380 | K13: =G13+J13 -> 7062110 | L13: =K13*1.1 -> 7768321 | M13: =L13/14453 -> 537.48848
B14: 7 | C14: 2 | D14: 16 | E14: 2.63 | F14: =E14*2000 -> 5260 | G14: =F14*1035.5 -> 5446730 | H14: 0.51 | I14: =H14*2000 -> 1020 | J14: =I14*1553.25 -> 1584315 | K14: =G14+J14 -> 7031045 | L14: =K14*1.1 -> 7734149.5 | M14: =L14/14453 -> 535.12416
B15: 8 | C15: 4 | D15: 13 | E15: 2.7 | F15: =E15*2000 -> 5400 | G15: =F15*1035.5 -> 5591700 | H15: 0.51 | I15: =H15*2000 -> 1020 | J15: =I15*1553.25 -> 1584315 | K15: =G15+J15 -> 7176015 | L15: =K15*1.1 -> 7893616.5 | M15: =L15/14453 -> 546.15765
B16: 9 | C16: 8 | D16: 20 | E16: 2.64 | F16: =E16*2000 -> 5280 | G16: =F16*1035.5 -> 5467440 | H16: 0.63 | I16: =H16*2000 -> 1260 | J16: =I16*1553.25 -> 1957095 | K16: =G16+J16 -> 7424535 | L16: =K16*1.1 -> 8166988.5 | M16: =L16/14453 -> 565.0722
B17: 10 | C17: 6 | D17: 39 | E17: 2.77 | F17: =E17*2000 -> 5540 | G17: =F17*1035.5 -> 5736670 | H17: 0.45 | I17: =H17*2000 -> 900 | J17: =I17*1553.25 -> 1397925 | K17: =G17+J17 -> 7134595 | L17: =K17*1.1 -> 7848054.5 | M17: =L17/14453 -> 543.00522
B18: 11 | C18: 9 | D18: 26 | E18: 2.72 | F18: =E18*2000 -> 5440 | G18: =F18*1035.5 -> 5633120 | H18: 0.55 | I18: =H18*2000 -> 1100 | J18: =I18*1553.25 -> 1708575 | K18: =G18+J18 -> 7341695 | L18: =K18*1.1 -> 8075864.5 | M18: =L18/14453 -> 558.76735
B19: 12 | C19: 4 | D19: 25 | E19: 2.71 | F19: =E19*2000 -> 5420 | G19: =F19*1035.5 -> 5612410 | H19: 0.55 | I19: =H19*2000 -> 1100 | J19: =I19*1553.25 -> 1708575 | K19: =G19+J19 -> 7320985 | L19: =K19*1.1 -> 8053083.5 | M19: =L19/14453 -> 557.19114
... B37: 30 | C37: 10 | D37: 19 | E37: 2.93 | F37: =E37*2000 -> 5860 | G37: =F37*1035.5 -> 6068030 | H37: 0.58 | I37: =H37*2000 -> 1160 | J37: =I37*1553.25 -> 1801770 | K37: =G37+J37 -> 7869800 | L37: =K37*1.1 -> 8656780 | M37: =L37/14453 -> 598.96077
C38: =SUM(C8:C37) -> 161 | D38: =SUM(D8:D37) -> 780 | F38: =SUM(F8:F37) -> 163180 | I38: =SUM(I8:I37) -> 33820 | K38: Total KWh | L38: =SUM(L8:L37) -> 2.4365419e+08 | M38: =SUM(M8:M37) -> 16858.381 | P38: =#REF!+#REF!+#REF!+#REF!+#REF!+#REF!+#REF!+#REF!+#REF!+#REF!+M38+#REF! -> #REF!
K39: =F38+I38 -> 197000
C40: RNs & Food Cover is based on actual November & forecasting December 2020

Sheet Gas
B1: Daily Gas Consumption
B2: Engineering Department
B4: 44287
B5: Date | C5: Room Nights | D5: Food Covers | E5: LPG Tube 50kg | Q5: TOTAL Cost (include Tax)
E6: Ayung Terrace | H6: Riverside | K6: Sokasi - Cooking class | N6: Porte Cochere bonfire
E7: METER READING | F7: Used (kg) | G7: IDR Cost kg x rate IDR | H7: METER READING (tube installed) | I7: Used (kg) | J7: IDR Cost kg x rate IDR | K7: METER READING | L7: Used (kg) | M7: IDR Cost m3 x rate IDR | N7: Tube installed | O7: Used (kg) | P7: IDR Cost m3 x rate IDR
G8: 14120 | J8: =G8 -> 14120 | M8: =J8 -> 14120 | P8: =J8 -> 14120 | Q8: IDR | R8: USD
B9: 1 | C9: =Electricity!C8 -> 3 | D9: =Electricity!D8 -> 16 | E9: 8 | F9: 35.0436 | G9: =F9*$G$8 -> 494815.63 | J9: =I9*$J$8 -> 0 | L9: 0 | M9: =L9*$M$8 -> 0 | O9: 7.14 | P9: =O9*$P$8 -> 100816.8 | Q9: =P9+G9+J9+M9 -> 595632.43 | R9: =Q9/14572 -> 40.875133
B10: 2 | C10: =Electricity!C9 -> 5 | D10: =Electricity!D9 -> 20 | E10: 8 | F10: 35.0436 | G10: =F10*$G$8 -> 494815.63 | J10: =I10*$J$8 -> 0 | L10: 0 | M10: =L10*$M$8 -> 0 | O10: 7.14 | P10: =O10*$P$8 -> 100816.8 | Q10: =J10+M10+G10+P10 -> 595632.43 | R10: =Q10/14572 -> 40.875133
B11: 3 | C11: =Electricity!C10 -> 6 | D11: =Electricity!D10 -> 25 | E11: 8 | F11: 34.35884 | G11: =F11*$G$8 -> 485146.82 | J11: =I11*$J$8 -> 0 | L11: 0 | M11: =L11*$M$8 -> 0 | O11: 7.14 | P11: =O11*$P$8 -> 100816.8 | Q11: =J11+M11+G11+P11 -> 585963.62 | R11: =Q11/14572 -> 40.211613
B12: 4 | C12: =Electricity!C11 -> 6 | D12: =Electricity!D11 -> 28 | E12: 8 | F12: 35.16444 | G12: =F12*$G$8 -> 496521.89 | J12: =I12*$J$8 -> 0 | L12: 0 | M12: =L12*$M$8 -> 0 | O12: 7.14 | P12: =O12*$P$8 -> 100816.8 | Q12: =J12+M12+G12+P12 -> 597338.69 | R12: =Q12/14572 -> 40.992224
B13: 5 | C13: =Electricity!C12 -> 3 | D13: =Electricity!D12 -> 25 | E13: 8 | F13: 35.28528 | G13: =F13*$G$8 -> 498228.15 | J13: =I13*$J$8 -> 0 | L13: 0 | M13: =L13*$M$8 -> 0 | O13: 7.14 | P13: =O13*$P$8 -> 100816.8 | Q13: =J13+M13+G13+P13 -> 599044.95 | R13: =Q13/14572 -> 41.109316
B14: 6 | C14: =Electricity!C13 -> 3 | D14: =Electricity!D13 -> 17 | E14: 8 | F14: 45.75808 | G14: =F14*$G$8 -> 646104.09 | J14: =I14*$J$8 -> 0 | L14: 0 | M14: =L14*$M$8 -> 0 | O14: 7.14 | P14: =O14*$P$8 -> 100816.8 | Q14: =J14+M14+G14+P14 -> 746920.89 | R14: =Q14/14572 -> 51.257267
B15: 7 | C15: =Electricity!C14 -> 2 | D15: =Electricity!D14 -> 16 | E15: 8 | F15: 36.01032 | G15: =F15*$G$8 -> 508465.72 | J15: =I15*$J$8 -> 0 | L15: 0 | M15: =L15*$M$8 -> 0 | O15: 7.14 | P15: =O15*$P$8 -> 100816.8 | Q15: =J15+M15+G15+P15 -> 609282.52 | R15: =Q15/14572 -> 41.811866
B16: 8 | C16: =Electricity!C15 -> 4 | D16: =Electricity!D15 -> 13 | E16: 8 | F16: 35.40612 | G16: =F16*$G$8 -> 499934.41 | J16: =I16*$J$8 -> 0 | L16: 0 | M16: =L16*$M$8 -> 0 | O16: 7.14 | P16: =O16*$P$8 -> 100816.8 | Q16: =J16+M16+G16+P16 -> 600751.21 | R16: =Q16/14572 -> 41.226408
B17: 9 | C17: =Electricity!C16 -> 8 | D17: =Electricity!D16 -> 20 | E17: 8 | F17: 39.51468 | G17: =F17*$G$8 -> 557947.28 | J17: =I17*$J$8 -> 0 | L17: 0 | M17: =L17*$M$8 -> 0 | O17: 7.14 | P17: =O17*$P$8 -> 100816.8 | Q17: =J17+M17+G17+P17 -> 658764.08 | R17: =Q17/14572 -> 45.207527
B18: 10 | C18: =Electricity!C17 -> 6 | D18: =Electricity!D17 -> 39 | E18: 8 | F18: 42.81764 | G18: =F18*$G$8 -> 604585.08 | J18: =I18*$J$8 -> 0 | L18: 0 | M18: =L18*$M$8 -> 0 | O18: 7.14 | P18: =O18*$P$8 -> 100816.8 | Q18: =J18+M18+G18+P18 -> 705401.88 | R18: =Q18/14572 -> 48.408034
B19: 11 | C19: =Electricity!C18 -> 9 | D19: =Electricity!D18 -> 26 | E19: 8 | F19: 37.29928 | G19: =F19*$G$8 -> 526665.83 | J19: =I19*$J$8 -> 0 | L19: 0 | M19: =L19*$M$8 -> 0 | O19: 7.14 | P19: =O19*$P$8 -> 100816.8 | Q19: =J19+M19+G19+P19 -> 627482.63 | R19: =Q19/14572 -> 43.060845
B20: 12 | C20: =Electricity!C19 -> 4 | D20: =Electricity!D19 -> 25 | E20: 8 | F20: 38.14516 | G20: =F20*$G$8 -> 538609.66 | J20: =I20*$J$8 -> 0 | L20: 0 | M20: =L20*$M$8 -> 0 | O20: 7.14 | P20: =O20*$P$8 -> 100816.8 | Q20: =J20+M20+G20+P20 -> 639426.46 | R20: =Q20/14572 -> 43.880487
B21: 13 | C21: =Electricity!C20 -> 6 | D21: =Electricity!D20 -> 37 | E21: 8 | F21: 46.20116 | G21: =F21*$G$8 -> 652360.38 | J21: =I21*$J$8 -> 0 | L21: 0 | M21: =L21*$M$8 -> 0 | O21: 7.14 | P21: =O21*$P$8 -> 100816.8 | Q21: =J21+M21+G21+P21 -> 753177.18 | R21: =Q21/14572 -> 51.686603
... B38: 30 | C38: =Electricity!C37 -> 10 | D38: =Electricity!D37 -> 19 | E38: 8 | F38: 51.03476 | G38: =F38*$G$8 -> 720610.81 | J38: =I38*$J$8 -> 0 | L38: 0 | M38: =L38*$M$8 -> 0 | O38: 7.14 | P38: =O38*$P$8 -> 100816.8 | Q38: =J38+M38+G38+P38 -> 821427.61 | R38: =Q38/14572 -> 56.370273
C39: =SUM(C9:C38) -> 161 | D39: =SUM(D9:D38) -> 780 | F39: =SUM(F9:F38) -> 1229.1442 | I39: Closure | L39: Closure | O39: =SUM(O9:O38) -> 214.2 | Q39: =F39+O39 -> 1443.3442 | R39: =SUM(R9:R38) -> 1398.574
B41: RNs & Food Cover is based on actual November & forecasting December 2020

Sheet Fuel Diesel
B1: Daily Fuel Consumption
B2: Engineering Department
B4: 44287
B5: Date | C5: Room Nights | D5: Food Covers | E5: Diesel | H5: USD
E7: METER READING | F7: Used (ltrs) | G7: IDR Cost m3 x rate IDR
G8: 10700
B9: 1 | C9: =Electricity!C8 -> 3 | D9: =Electricity!D8 -> 16 | G9: =F9*$G$8 -> 0 | H9: =G9/14572 -> 0
B10: 2 | C10: =Electricity!C9 -> 5 | D10: =Electricity!D9 -> 20 | G10: =F10*$G$8 -> 0 | H10: =G10/14572 -> 0
B11: 3 | C11: =Electricity!C10 -> 6 | D11: =Electricity!D10 -> 25 | G11: =F11*$G$8 -> 0 | H11: =G11/14572 -> 0
B12: 4 | C12: =Electricity!C11 -> 6 | D12: =Electricity!D11 -> 28 | G12: =F12*$G$8 -> 0 | H12: =G12/14572 -> 0
B13: 5 | C13: =Electricity!C12 -> 3 | D13: =Electricity!D12 -> 25 | F13: 51 | G13: =F13*$G$8 -> 545700 | H13: =G13/14572 -> 37.448531
B14: 6 | C14: =Electricity!C13 -> 3 | D14: =Electricity!D13 -> 17 | G14: =F14*$G$8 -> 0 | H14: =G14/14572 -> 0
B15: 7 | C15: =Electricity!C14 -> 2 | D15: =Electricity!D14 -> 16 | G15: =F15*$G$8 -> 0 | H15: =G15/14572 -> 0
B16: 8 | C16: =Electricity!C15 -> 4 | D16: =Electricity!D15 -> 13 | G16: =F16*$G$8 -> 0 | H16: =G16/14572 -> 0
B17: 9 | C17: =Electricity!C16 -> 8 | D17: =Electricity!D16 -> 20 | G17: =F17*$G$8 -> 0 | H17: =G17/14572 -> 0
B18: 10 | C18: =Electricity!C17 -> 6 | D18: =Electricity!D17 -> 39 | G18: =F18*$G$8 -> 0 | H18: =G18/14572 -> 0
B19: 11 | C19: =Electricity!C18 -> 9 | D19: =Electricity!D18 -> 26 | G19: =F19*$G$8 -> 0 | H19: =G19/14572 -> 0
B20: 12 | C20: =Electricity!C19 -> 4 | D20: =Electricity!D19 -> 25 | F20: 10 | G20: =F20*$G$8 -> 107000 | H20: =G20/14572 -> 7.3428493
B21: 13 | C21: =Electricity!C20 -> 6 | D21: =Electricity!D20 -> 37 | G21: =F21*$G$8 -> 0 | H21: =G21/14572 -> 0
B22: 14 | C22: =Electricity!C21 -> 7 | D22: =Electricity!D21 -> 35 | G22: =F22*$G$8 -> 0 | H22: =G22/14572 -> 0
B23: 15 | C23: =Electricity!C22 -> 4 | D23: =Electricity!D22 -> 30 | G23: =F23*$G$8 -> 0 | H23: =G23/14572 -> 0
B24: 16 | C24: =Electricity!C23 -> 6 | D24: =Electricity!D23 -> 32 | G24: =F24*$G$8 -> 0 | H24: =G24/14572 -> 0
B25: 17 | C25: =Electricity!C24 -> 4 | D25: =Electricity!D24 -> 44 | G25: =F25*$G$8 -> 0 | H25: =G25/14572 -> 0
B26: 18 | C26: =Electricity!C25 -> 4 | D26: =Electricity!D25 -> 28 | G26: =F26*$G$8 -> 0 | H26: =G26/14572 -> 0
B27: 19 | C27: =Electricity!C26 -> 3 | D27: =Electricity!D26 -> 6 | F27: 11 | G27: =F27*$G$8 -> 117700 | H27: =G27/14572 -> 8.0771342
B28: 20 | C28: =Electricity!C27 -> 5 | D28: =Electricity!D27 -> 18 | G28: =F28*$G$8 -> 0 | H28: =G28/14572 -> 0
B29: 21 | C29: =Electricity!C28 -> 6 | D29: =Electricity!D28 -> 20 | F29: 558 | G29: =F29*$G$8 -> 5970600 | H29: =G29/14572 -> 409.73099
B30: 22 | C30: =Electricity!C29 -> 8 | D30: =Electricity!D29 -> 22 | G30: =F30*$G$8 -> 0 | H30: =G30/14572 -> 0
B31: 23 | C31: =Electricity!C30 -> 6 | D31: =Electricity!D30 -> 26 | G31: =F31*$G$8 -> 0 | H31: =G31/14572 -> 0
B32: 24 | C32: =Electricity!C31 -> 8 | D32: =Electricity!D31 -> 30 | G32: =F32*$G$8 -> 0 | H32: =G32/14572 -> 0
B33: 25 | C33: =Electricity!C32 -> 6 | D33: =Electricity!D32 -> 43 | G33: =F33*$G$8 -> 0 | H33: =G33/14572 -> 0
B34: 26 | C34: =Electricity!C33 -> 8 | D34: =Electricity!D33 -> 30 | F34: 8 | G34: =F34*$G$8 -> 85600 | H34: =G34/14572 -> 5.8742794
B35: 27 | C35: =Electricity!C34 -> 5 | D35: =Electricity!D34 -> 39 | G35: =F35*$G$8 -> 0 | H35: =G35/14572 -> 0
B36: 28 | C36: =Electricity!C35 -> 4 | D36: =Electricity!D35 -> 33 | G36: =F36*$G$8 -> 0 | H36: =G36/14572 -> 0
B37: 29 | C37: =Electricity!C36 -> 2 | D37: =Electricity!D36 -> 18 | G37: =F37*$G$8 -> 0 | H37: =G37/14572 -> 0
B38: 30 | C38: =Electricity!C37 -> 10 | D38: =Electricity!D37 -> 19 | G38: =F38*$G$8 -> 0 | H38: =G38/14572 -> 0
C39: =SUM(C9:C38) -> 161 | D39: =SUM(D9:D38) -> 780 | F39: =SUM(F9:F38) -> 638 | H39: =SUM(H9:H38) -> 468.47379
C41: RNs & Food Cover is based on actual November & forecasting December 2020

Sheet Water
B2: Daily Water Consumption
B3: Engineering Department
B5: 44287
B6: Date | C6: RN | D6: Food Covers | E6: MUNICIPAL WATER | G6: DEEP WELL | K6: Total Cost (Municipal + DW1 + DW2 cost) | L6: USD (Total Cost / exchange rate IDR)
E7: Used | F7: Water Cost (M3 x IDR 13,582) | G7: Used | H7: DW 1 Cost (M3 x IDR 4,000) | I7: Used | J7: DW 2 Cost (M3 x IDR 4,000)
B9: 1 | C9: =Electricity!C8 -> 3 | D9: =Electricity!D8 -> 16 | E9: 0 | F9: =E9*13582 -> 0 | G9: 0 | H9: =G9*4000 -> 0 | I9: 182 | J9: =I9*4000 -> 728000 | K9: =F9+H9+J9 -> 728000 | L9: =K9/14572 -> 49.958825
B10: 2 | C10: =Electricity!C9 -> 5 | D10: =Electricity!D9 -> 20 | E10: 0 | F10: =E10*13582 -> 0 | G10: 0 | H10: =G10*4000 -> 0 | I10: 176 | J10: =I10*4000 -> 704000 | K10: =F10+H10+J10 -> 704000 | L10: =K10/14572 -> 48.311831
B11: 3 | C11: =Electricity!C10 -> 6 | D11: =Electricity!D10 -> 25 | E11: 0 | F11: =E11*13582 -> 0 | G11: 0 | H11: =G11*4000 -> 0 | I11: 203 | J11: =I11*4000 -> 812000 | K11: =F11+H11+J11 -> 812000 | L11: =K11/14572 -> 55.723305
B12: 4 | C12: =Electricity!C11 -> 6 | D12: =Electricity!D11 -> 28 | E12: 0 | F12: =E12*13582 -> 0 | G12: 0 | H12: =G12*4000 -> 0 | I12: 191 | J12: =I12*4000 -> 764000 | K12: =F12+H12+J12 -> 764000 | L12: =K12/14572 -> 52.429316
B13: 5 | C13: =Electricity!C12 -> 3 | D13: =Electricity!D12 -> 25 | E13: 0 | F13: =E13*13582 -> 0 | G13: 0 | H13: =G13*4000 -> 0 | I13: 181 | J13: =I13*4000 -> 724000 | K13: =F13+H13+J13 -> 724000 | L13: =K13/14572 -> 49.684326
B14: 6 | C14: =Electricity!C13 -> 3 | D14: =Electricity!D13 -> 17 | E14: 0 | F14: =E14*13582 -> 0 | G14: 0 | H14: =G14*4000 -> 0 | I14: 186 | J14: =I14*4000 -> 744000 | K14: =F14+H14+J14 -> 744000 | L14: =K14/14572 -> 51.056821
B15: 7 | C15: =Electricity!C14 -> 2 | D15: =Electricity!D14 -> 16 | E15: 0 | F15: =E15*13582 -> 0 | G15: 0 | H15: =G15*4000 -> 0 | I15: 201 | J15: =I15*4000 -> 804000 | K15: =F15+H15+J15 -> 804000 | L15: =K15/14572 -> 55.174307
B16: 8 | C16: =Electricity!C15 -> 4 | D16: =Electricity!D15 -> 13 | E16: 0 | F16: =E16*13582 -> 0 | G16: 0 | H16: =G16*4000 -> 0 | I16: 181 | J16: =I16*4000 -> 724000 | K16: =F16+H16+J16 -> 724000 | L16: =K16/14572 -> 49.684326
B17: 9 | C17: =Electricity!C16 -> 8 | D17: =Electricity!D16 -> 20 | E17: 0 | F17: =E17*13582 -> 0 | G17: 0 | H17: =G17*4000 -> 0 | I17: 211 | J17: =I17*4000 -> 844000 | K17: =F17+H17+J17 -> 844000 | L17: =K17/14572 -> 57.919297
B18: 10 | C18: =Electricity!C17 -> 6 | D18: =Electricity!D17 -> 39 | E18: 0 | F18: =E18*13582 -> 0 | G18: 0 | H18: =G18*4000 -> 0 | I18: 186 | J18: =I18*4000 -> 744000 | K18: =F18+H18+J18 -> 744000 | L18: =K18/14572 -> 51.056821
B19: 11 | C19: =Electricity!C18 -> 9 | D19: =Electricity!D18 -> 26 | E19: 0 | F19: =E19*13582 -> 0 | G19: 0 | H19: =G19*4000 -> 0 | I19: 192 | J19: =I19*4000 -> 768000 | K19: =F19+H19+J19 -> 768000 | L19: =K19/14572 -> 52.703816
B20: 12 | C20: =Electricity!C19 -> 4 | D20: =Electricity!D19 -> 25 | E20: 0 | F20: =E20*13582 -> 0 | G20: 48 | H20: =G20*4000 -> 192000 | I20: 244 | J20: =I20*4000 -> 976000 | K20: =F20+H20+J20 -> 1168000 | L20: =K20/14572 -> 80.153719
... B38: 30 | C38: =Electricity!C37 -> 10 | D38: =Electricity!D37 -> 19 | E38: 0 | F38: =E38*13582 -> 0 | G38: 138 | H38: =G38*4000 -> 552000 | I38: 252 | J38: =I38*4000 -> 1008000 | K38: =F38+H38+J38 -> 1560000 | L38: =K38/14572 -> 107.05463
C39: =SUM(C9:C38) -> 161 | D39: =SUM(D9:D38) -> 780 | E39: =SUM(E9:E38) -> 0 | G39: =SUM(G9:G38) -> 2050 | I39: =SUM(I9:I38) -> 6221 | J39: =G39+I39 -> 8271 | L39: =SUM(L9:L38) -> 2270.3816 | O39: =#REF!+#REF!+#REF!+#REF!+#REF!+#REF!+#REF!+#REF!+#REF!+#REF!+L39+#REF! -> #REF!
I40: =G39+I39 -> 8271
C41: RNs & Food Cover is based on actual November & forecasting December 2020
