Workbook

Sheet TOTAL
A1: Site Name | B1: Day | C1: Month | D1: Year | E1: Total Electricity Kwh | F1: Electricity Tariff ($/Kwh) | G1: LPG (Kg) | H1: LPG $/Kg | I1: Total Fuel Oil (Liters) | J1: Fuel Oil $/Liter | K1: Water Utility Supply (m3) m3 | L1: Water Utility Supply (m3) $/m3 | M1: Room Nights | N1: Food Covers
A2: Bali Jimbaran | B2: 1 | C2: 11 | D2: 2019 | E2: ='FS Jimbaran November 2019'!P12 -> 26260 | F2: ='FS Jimbaran November 2019'!O12/'FS Jimbaran November 2019'!P12 -> 1126.1051 | G2: ='FS Jimbaran November 2019'!AG12 -> 141.94328 | H2: ='FS Jimbaran November 2019'!AH12/'FS Jimbaran November 2019'!AG12 -> 9401.3496 | I2: ='FS Jimbaran November 2019'!AJ12 -> 483.2 | J2: ='FS Jimbaran November 2019'!AK12/'FS Jimbaran November 2019'!AJ12 -> 10300 | K2: ='FS Jimbaran November 2019'!V12 -> 925.6 | L2: ='FS Jimbaran November 2019'!AA12/'FS Jimbaran November 2019'!V12 -> 1973.0174 | M2: ='FS Jimbaran November 2019'!C12 -> 55 | N2: ='FS Jimbaran November 2019'!D12 -> 497
A3: Bali Jimbaran | B3: =B2+1 -> 2 | C3: 11 | D3: 2019 | E3: ='FS Jimbaran November 2019'!P13 -> 25240 | F3: ='FS Jimbaran November 2019'!O13/'FS Jimbaran November 2019'!P13 -> 1120.7271 | G3: ='FS Jimbaran November 2019'!AG13 -> 130.6246 | H3: ='FS Jimbaran November 2019'!AH13/'FS Jimbaran November 2019'!AG13 -> 9419.1433 | I3: ='FS Jimbaran November 2019'!AJ13 -> 436.2 | J3: ='FS Jimbaran November 2019'!AK13/'FS Jimbaran November 2019'!AJ13 -> 10300 | K3: ='FS Jimbaran November 2019'!V13 -> 907.8 | L3: ='FS Jimbaran November 2019'!AA13/'FS Jimbaran November 2019'!V13 -> 2693.8081 | M3: ='FS Jimbaran November 2019'!C13 -> 51 | N3: ='FS Jimbaran November 2019'!D13 -> 419
A4: Bali Jimbaran | B4: =B3+1 -> 3 | C4: 11 | D4: 2019 | E4: ='FS Jimbaran November 2019'!P14 -> 22180 | F4: ='FS Jimbaran November 2019'!O14/'FS Jimbaran November 2019'!P14 -> 1127.3097 | G4: ='FS Jimbaran November 2019'!AG14 -> 284.77344 | H4: ='FS Jimbaran November 2019'!AH14/'FS Jimbaran November 2019'!AG14 -> 9979.9495 | I4: ='FS Jimbaran November 2019'!AJ14 -> 372 | J4: ='FS Jimbaran November 2019'!AK14/'FS Jimbaran November 2019'!AJ14 -> 10300 | K4: ='FS Jimbaran November 2019'!V14 -> 831.26 | L4: ='FS Jimbaran November 2019'!AA14/'FS Jimbaran November 2019'!V14 -> 3256.2156 | M4: ='FS Jimbaran November 2019'!C14 -> 47 | N4: ='FS Jimbaran November 2019'!D14 -> 390
A5: Bali Jimbaran | B5: =B4+1 -> 4 | C5: 11 | D5: 2019 | E5: ='FS Jimbaran November 2019'!P15 -> 23220 | F5: ='FS Jimbaran November 2019'!O15/'FS Jimbaran November 2019'!P15 -> 1126.7788 | G5: ='FS Jimbaran November 2019'!AG15 -> 12 | H5: ='FS Jimbaran November 2019'!AH15/'FS Jimbaran November 2019'!AG15 -> 11625 | I5: ='FS Jimbaran November 2019'!AJ15 -> 360 | J5: ='FS Jimbaran November 2019'!AK15/'FS Jimbaran November 2019'!AJ15 -> 10300 | K5: ='FS Jimbaran November 2019'!V15 -> 923.82 | L5: ='FS Jimbaran November 2019'!AA15/'FS Jimbaran November 2019'!V15 -> 2342.0155 | M5: ='FS Jimbaran November 2019'!C15 -> 62 | N5: ='FS Jimbaran November 2019'!D15 -> 439
A6: Bali Jimbaran | B6: =B5+1 -> 5 | C6: 11 | D6: 2019 | E6: ='FS Jimbaran November 2019'!P16 -> 24060 | F6: ='FS Jimbaran November 2019'!O16/'FS Jimbaran November 2019'!P16 -> 1129.6287 | G6: ='FS Jimbaran November 2019'!AG16 -> 326.1744 | H6: ='FS Jimbaran November 2019'!AH16/'FS Jimbaran November 2019'!AG16 -> 10059.17 | I6: ='FS Jimbaran November 2019'!AJ16 -> 318.7 | J6: ='FS Jimbaran November 2019'!AK16/'FS Jimbaran November 2019'!AJ16 -> 10300 | K6: ='FS Jimbaran November 2019'!V16 -> 958.53 | L6: ='FS Jimbaran November 2019'!AA16/'FS Jimbaran November 2019'!V16 -> 2455.8632 | M6: ='FS Jimbaran November 2019'!C16 -> 89 | N6: ='FS Jimbaran November 2019'!D16 -> 464
A7: Bali Jimbaran | B7: =B6+1 -> 6 | C7: 11 | D7: 2019 | E7: ='FS Jimbaran November 2019'!P17 -> 24240 | F7: ='FS Jimbaran November 2019'!O17/'FS Jimbaran November 2019'!P17 -> 1126.7953 | G7: ='FS Jimbaran November 2019'!AG17 -> 144.12184 | H7: ='FS Jimbaran November 2019'!AH17/'FS Jimbaran November 2019'!AG17 -> 9196 | I7: ='FS Jimbaran November 2019'!AJ17 -> 439.05 | J7: ='FS Jimbaran November 2019'!AK17/'FS Jimbaran November 2019'!AJ17 -> 10300 | K7: ='FS Jimbaran November 2019'!V17 -> 903.35 | L7: ='FS Jimbaran November 2019'!AA17/'FS Jimbaran November 2019'!V17 -> 2362.8833 | M7: ='FS Jimbaran November 2019'!C17 -> 96 | N7: ='FS Jimbaran November 2019'!D17 -> 473
A8: Bali Jimbaran | B8: =B7+1 -> 7 | C8: 11 | D8: 2019 | E8: ='FS Jimbaran November 2019'!P18 -> 24500 | F8: ='FS Jimbaran November 2019'!O18/'FS Jimbaran November 2019'!P18 -> 1125.4067 | G8: ='FS Jimbaran November 2019'!AG18 -> 171.58592 | H8: ='FS Jimbaran November 2019'!AH18/'FS Jimbaran November 2019'!AG18 -> 9535.7482 | I8: ='FS Jimbaran November 2019'!AJ18 -> 582.75 | J8: ='FS Jimbaran November 2019'!AK18/'FS Jimbaran November 2019'!AJ18 -> 10300 | K8: ='FS Jimbaran November 2019'!V18 -> 924.71 | L8: ='FS Jimbaran November 2019'!AA18/'FS Jimbaran November 2019'!V18 -> 1737.5361 | M8: ='FS Jimbaran November 2019'!C18 -> 98 | N8: ='FS Jimbaran November 2019'!D18 -> 520
A9: Bali Jimbaran | B9: =B8+1 -> 8 | C9: 11 | D9: 2019 | E9: ='FS Jimbaran November 2019'!P19 -> 24940 | F9: ='FS Jimbaran November 2019'!O19/'FS Jimbaran November 2019'!P19 -> 1125.4867 | G9: ='FS Jimbaran November 2019'!AG19 -> 181.85388 | H9: ='FS Jimbaran November 2019'!AH19/'FS Jimbaran November 2019'!AG19 -> 9676.8476 | I9: ='FS Jimbaran November 2019'!AJ19 -> 443.9 | J9: ='FS Jimbaran November 2019'!AK19/'FS Jimbaran November 2019'!AJ19 -> 10300 | K9: ='FS Jimbaran November 2019'!V19 -> 898.01 | L9: ='FS Jimbaran November 2019'!AA19/'FS Jimbaran November 2019'!V19 -> 2769.0422 | M9: ='FS Jimbaran November 2019'!C19 -> 72 | N9: ='FS Jimbaran November 2019'!D19 -> 465
A10: Bali Jimbaran | B10: =B9+1 -> 9 | C10: 11 | D10: 2019 | E10: ='FS Jimbaran November 2019'!P20 -> 24960 | F10: ='FS Jimbaran November 2019'!O20/'FS Jimbaran November 2019'!P20 -> 1126.6597 | G10: ='FS Jimbaran November 2019'!AG20 -> 186.52292 | H10: ='FS Jimbaran November 2019'!AH20/'FS Jimbaran November 2019'!AG20 -> 9821.0814 | I10: ='FS Jimbaran November 2019'!AJ20 -> 430.98 | J10: ='FS Jimbaran November 2019'!AK20/'FS Jimbaran November 2019'!AJ20 -> 10300 | K10: ='FS Jimbaran November 2019'!V20 -> 894.45 | L10: ='FS Jimbaran November 2019'!AA20/'FS Jimbaran November 2019'!V20 -> 2010.8916 | M10: ='FS Jimbaran November 2019'!C20 -> 68 | N10: ='FS Jimbaran November 2019'!D20 -> 479
A11: Bali Jimbaran | B11: =B10+1 -> 10 | C11: 11 | D11: 2019 | E11: ='FS Jimbaran November 2019'!P21 -> 24440 | F11: ='FS Jimbaran November 2019'!O21/'FS Jimbaran November 2019'!P21 -> 1128.1695 | G11: ='FS Jimbaran November 2019'!AG21 -> 362.26036 | H11: ='FS Jimbaran November 2019'!AH21/'FS Jimbaran November 2019'!AG21 -> 10089.004 | I11: ='FS Jimbaran November 2019'!AJ21 -> 338 | J11: ='FS Jimbaran November 2019'!AK21/'FS Jimbaran November 2019'!AJ21 -> 10300 | K11: ='FS Jimbaran November 2019'!V21 -> 810.79 | L11: ='FS Jimbaran November 2019'!AA21/'FS Jimbaran November 2019'!V21 -> 1933.2105 | M11: ='FS Jimbaran November 2019'!C21 -> 51 | N11: ='FS Jimbaran November 2019'!D21 -> 427
A12: Bali Jimbaran | B12: =B11+1 -> 11 | C12: 11 | D12: 2019 | E12: ='FS Jimbaran November 2019'!P22 -> 24100 | F12: ='FS Jimbaran November 2019'!O22/'FS Jimbaran November 2019'!P22 -> 1124.3156 | G12: ='FS Jimbaran November 2019'!AG22 -> 133.92756 | H12: ='FS Jimbaran November 2019'!AH22/'FS Jimbaran November 2019'!AG22 -> 9413.64 | I12: ='FS Jimbaran November 2019'!AJ22 -> 111.05 | J12: ='FS Jimbaran November 2019'!AK22/'FS Jimbaran November 2019'!AJ22 -> 10300 | K12: ='FS Jimbaran November 2019'!V22 -> 712.89 | L12: ='FS Jimbaran November 2019'!AA22/'FS Jimbaran November 2019'!V22 -> 1928.3741 | M12: ='FS Jimbaran November 2019'!C22 -> 43 | N12: ='FS Jimbaran November 2019'!D22 -> 268
A13: Bali Jimbaran | B13: =B12+1 -> 12 | C13: 11 | D13: 2019 | E13: ='FS Jimbaran November 2019'!P23 -> 23980 | F13: ='FS Jimbaran November 2019'!O23/'FS Jimbaran November 2019'!P23 -> 1128.646 | G13: ='FS Jimbaran November 2019'!AG23 -> 283.96784 | H13: ='FS Jimbaran November 2019'!AH23/'FS Jimbaran November 2019'!AG23 -> 9982.1735 | I13: ='FS Jimbaran November 2019'!AJ23 -> 447.7 | J13: ='FS Jimbaran November 2019'!AK23/'FS Jimbaran November 2019'!AJ23 -> 10300 | K13: ='FS Jimbaran November 2019'!V23 -> 836.6 | L13: ='FS Jimbaran November 2019'!AA23/'FS Jimbaran November 2019'!V23 -> 3162.2599 | M13: ='FS Jimbaran November 2019'!C23 -> 49 | N13: ='FS Jimbaran November 2019'!D23 -> 266
A14: Bali Jimbaran | B14: =B13+1 -> 13 | C14: 11 | D14: 2019 | E14: ='FS Jimbaran November 2019'!P24 -> 24760 | F14: ='FS Jimbaran November 2019'!O24/'FS Jimbaran November 2019'!P24 -> 1124.4655 | G14: ='FS Jimbaran November 2019'!AG24 -> 146.21296 | H14: ='FS Jimbaran November 2019'!AH24/'FS Jimbaran November 2019'!AG24 -> 9395.3531 | I14: ='FS Jimbaran November 2019'!AJ24 -> 299.57 | J14: ='FS Jimbaran November 2019'!AK24/'FS Jimbaran November 2019'!AJ24 -> 10300 | K14: ='FS Jimbaran November 2019'!V24 -> 898.01 | L14: ='FS Jimbaran November 2019'!AA24/'FS Jimbaran November 2019'!V24 -> 1632.2622 | M14: ='FS Jimbaran November 2019'!C24 -> 41 | N14: ='FS Jimbaran November 2019'!D24 -> 281
... A31: Bali Jimbaran | B31: =B30+1 -> 30 | C31: 11 | D31: 2019 | E31: ='FS Jimbaran November 2019'!P41 -> 25980 | F31: ='FS Jimbaran November 2019'!O41/'FS Jimbaran November 2019'!P41 -> 1121.0983 | G31: ='FS Jimbaran November 2019'!AG41 -> 161.31108 | H31: ='FS Jimbaran November 2019'!AH41/'FS Jimbaran November 2019'!AG41 -> 9738.083 | I31: ='FS Jimbaran November 2019'!AJ41 -> 424.18 | J31: ='FS Jimbaran November 2019'!AK41/'FS Jimbaran November 2019'!AJ41 -> 10300 | K31: ='FS Jimbaran November 2019'!V41 -> 906.02 | L31: ='FS Jimbaran November 2019'!AA41/'FS Jimbaran November 2019'!V41 -> 978.26923 | M31: ='FS Jimbaran November 2019'!C41 -> 39 | N31: ='FS Jimbaran November 2019'!D41 -> 524

Sheet FS Jimbaran November 2019
B6: Four Seasons Resort Bali at Jimbaran Bay
B7: NOVEMBER 2019
B8: Date | C8: Room Nights | D8: Food Covers | E8: ELECTRICITY Resort, Sundara & Residences | V8: WATER | AC8: GAS
E9: Electricity Resort | J9: Electricity - Sundara | O9: Sub Total (Resort & Sundara) Cost (IDR) | P9: Sub Total (Resort & Sundara), KWh | Q9: Residences- Electricity KWh (daily reading N/A), monthly report | R9: Residences- Electricity cost (IDR) | S9: TOTAL Electricity consumption (KWh) | T9: TOTAL Electricity cost | W9: Water (m3) | AA9: Total Water Cost | AC9: LPG | AJ9: Diesel
E10: BASED LOAD KWh (from 10 pm - 6 pm) | F10: Cost (IDR) | G10: PEAK LOAD KWh (from 6 pm - 10 pm) | H10: Cost (IDR) | I10: Resort Cost (IDR) | J10: BASED LOAD KWh (from 10 pm - 6 pm) | K10: Cost (IDR) | L10: PEAK LOAD KWh (from 6 pm - 10 pm) | M10: Cost (IDR) | N10: Sundara Cost (IDR) | T10: IDR | U10: USD | V10: Water consumption (m3) | W10: Municipal Water (m3) | X10: Municipal Water cost (IDR) | Y10: Deepwell Consumption (m3) | Z10: Deepwell water Cost (IDR) | AA10: IDR | AB10: USD | AC10: LPG Bulk (m3) | AD10: 50 Kg (tube) IVD & TW | AE10: Sundara 50 kg (tube) | AF10: 12 Kg (tube) | AG10: Total kg | AH10: IDR | AI10: USD | AJ10: Used (liters) | AK10: IDR | AL10: USD
D11: `
B12: 1 | C12: 55 | D12: 497 | E12: 19680 | F12: 20384150 | G12: 4080 | H12: 6338973.6 | I12: =H12+F12 -> 26723124 | J12: 2000 | K12: 2071560 | L12: 500 | M12: 776835 | N12: =M12+K12 -> 2848395 | O12: =N12+I12 -> 29571519 | P12: =L12+J12+G12+E12 -> 26260 | V12: =W12+Y12 -> 925.6 | W12: 47.17 | X12: 847668.48 | Y12: 878.43 | Z12: 978556.44 | AA12: =Z12+X12 -> 1826224.9 | AB12: =AA12/$AL$47 -> 140.73769 | AC12: 129.94328 | AD12: 0 | AE12: 0 | AF12: 12 | AG12: =SUM(AC12:AF12) -> 141.94328 | AH12: 1334458.4 | AI12: =AH12/$AL$47 -> 102.83979 | AJ12: 483.2 | AK12: 4976960 | AL12: =AK12/$AL$47 -> 383.54851
B13: 2 | C13: 51 | D13: 419 | E13: 18920 | F13: 19596958 | G13: 3680 | H13: 5717505.6 | I13: =H13+F13 -> 25314463 | J13: 2180 | K13: 2258000.4 | L13: 460 | M13: 714688.2 | N13: =M13+K13 -> 2972688.6 | O13: =N13+I13 -> 28287152 | P13: =L13+J13+G13+E13 -> 25240 | V13: =W13+Y13 -> 907.8 | W13: 92.56 | X13: 1663349.5 | Y13: 815.24 | Z13: 782089.51 | AA13: =Z13+X13 -> 2445439 | AB13: =AA13/$AL$47 -> 188.45731 | AC13: 118.6246 | AD13: 0 | AE13: 0 | AF13: 12 | AG13: =SUM(AC13:AF13) -> 130.6246 | AH13: 1230371.8 | AI13: =AH13/$AL$47 -> 94.818379 | AJ13: 436.2 | AK13: 4492860 | AL13: =AK13/$AL$47 -> 346.24143
B14: 3 | C14: 47 | D14: 390 | E14: 16560 | F14: 17152517 | G14: 3520 | H14: 5468918.4 | I14: =H14+F14 -> 22621435 | J14: 1700 | K14: 1760826 | L14: 400 | M14: 621468 | N14: =M14+K14 -> 2382294 | O14: =N14+I14 -> 25003729 | P14: =L14+J14+G14+E14 -> 22180 | V14: =W14+Y14 -> 831.26 | W14: 97.01 | X14: 1743318.2 | Y14: 734.25 | Z14: 963443.6 | AA14: =Z14+X14 -> 2706761.8 | AB14: =AA14/$AL$47 -> 208.5961 | AC14: 122.77344 | AD14: 0 | AE14: 150 | AF14: 12 | AG14: =SUM(AC14:AF14) -> 284.77344 | AH14: 2842024.6 | AI14: =AH14/$AL$47 -> 219.0201 | AJ14: 372 | AK14: 3831600 | AL14: =AK14/$AL$47 -> 295.28155
B15: 4 | C15: 62 | D15: 439 | E15: 17240 | F15: 17856847 | G15: 3640 | H15: 5655358.8 | I15: =H15+F15 -> 23512206 | J15: 1900 | K15: 1967982 | L15: 440 | M15: 683614.8 | N15: =M15+K15 -> 2651596.8 | O15: =N15+I15 -> 26163803 | P15: =L15+J15+G15+E15 -> 23220 | V15: =W15+Y15 -> 923.82 | W15: 71.2 | X15: 1279499.6 | Y15: 852.62 | Z15: 884101.19 | AA15: =Z15+X15 -> 2163600.8 | AB15: =AA15/$AL$47 -> 166.7375 | AC15: 0 | AD15: 0 | AE15: 0 | AF15: 12 | AG15: =SUM(AC15:AF15) -> 12 | AH15: 139500 | AI15: =AH15/$AL$47 -> 10.750542 | AJ15: 360 | AK15: 3708000 | AL15: =AK15/$AL$47 -> 285.75634
B16: 5 | C16: 89 | D16: 464 | E16: 17560 | F16: 18188297 | G16: 3880 | H16: 6028239.6 | I16: =H16+F16 -> 24216536 | J16: 2140 | K16: 2216569.2 | L16: 480 | M16: 745761.6 | N16: =M16+K16 -> 2962330.8 | O16: =N16+I16 -> 27178867 | P16: =L16+J16+G16+E16 -> 24060 | V16: =W16+Y16 -> 958.53 | W16: 76.54 | X16: 1375462.1 | Y16: 881.99 | Z16: 978556.44 | AA16: =Z16+X16 -> 2354018.5 | AB16: =AA16/$AL$47 -> 181.41201 | AC16: 140.1744 | AD16: 0 | AE16: 150 | AF16: 36 | AG16: =SUM(AC16:AF16) -> 326.1744 | AH16: 3281043.8 | AI16: =AH16/$AL$47 -> 252.85304 | AJ16: 318.7 | AK16: 3282610 | AL16: =AK16/$AL$47 -> 252.97374
B17: 6 | C17: 96 | D17: 473 | E17: 17880 | F17: 18519746 | G17: 3800 | H17: 5903946 | I17: =H17+F17 -> 24423692 | J17: 2100 | K17: 2175138 | L17: 460 | M17: 714688.2 | N17: =M17+K17 -> 2889826.2 | O17: =N17+I17 -> 27313519 | P17: =L17+J17+G17+E17 -> 24240 | V17: =W17+Y17 -> 903.35 | W17: 68.53 | X17: 1231518.4 | Y17: 834.82 | Z17: 902992.24 | AA17: =Z17+X17 -> 2134510.6 | AB17: =AA17/$AL$47 -> 164.49567 | AC17: 144.12184 | AD17: 0 | AE17: 0 | AF17: 0 | AG17: =SUM(AC17:AF17) -> 144.12184 | AH17: 1325344.4 | AI17: =AH17/$AL$47 -> 102.13743 | AJ17: 439.05 | AK17: 4522215 | AL17: =AK17/$AL$47 -> 348.50367
B18: 7 | C18: 98 | D18: 520 | E18: 18400 | F18: 19058352 | G18: 3800 | H18: 5903946 | I18: =H18+F18 -> 24962298 | J18: 1860 | K18: 1926550.8 | L18: 440 | M18: 683614.8 | N18: =M18+K18 -> 2610165.6 | O18: =N18+I18 -> 27572464 | P18: =L18+J18+G18+E18 -> 24500 | V18: =W18+Y18 -> 924.71 | W18: 39.16 | X18: 703724.78 | Y18: 885.55 | Z18: 902992.24 | AA18: =Z18+X18 -> 1606717 | AB18: =AA18/$AL$47 -> 123.82135 | AC18: 147.58592 | AD18: 0 | AE18: 0 | AF18: 24 | AG18: =SUM(AC18:AF18) -> 171.58592 | AH18: 1636200.1 | AI18: =AH18/$AL$47 -> 126.09346 | AJ18: 582.75 | AK18: 6002325 | AL18: =AK18/$AL$47 -> 462.56808
B19: 8 | C19: 72 | D19: 465 | E19: 18800 | F19: 19472664 | G19: 3880 | H19: 6028239.6 | I19: =H19+F19 -> 25500904 | J19: 1820 | K19: 1885119.6 | L19: 440 | M19: 683614.8 | N19: =M19+K19 -> 2568734.4 | O19: =N19+I19 -> 28069638 | P19: =L19+J19+G19+E19 -> 24940 | V19: =W19+Y19 -> 898.01 | W19: 84.55 | X19: 1519405.8 | Y19: 813.46 | Z19: 967221.81 | AA19: =Z19+X19 -> 2486627.6 | AB19: =AA19/$AL$47 -> 191.6315 | AC19: 145.85388 | AD19: 0 | AE19: 0 | AF19: 36 | AG19: =SUM(AC19:AF19) -> 181.85388 | AH19: 1759772.3 | AI19: =AH19/$AL$47 -> 135.61653 | AJ19: 443.9 | AK19: 4572170 | AL19: =AK19/$AL$47 -> 352.35344
B20: 9 | C20: 68 | D20: 479 | E20: 18640 | F20: 19306939 | G20: 3880 | H20: 6028239.6 | I20: =H20+F20 -> 25335179 | J20: 1940 | K20: 2009413.2 | L20: 500 | M20: 776835 | N20: =M20+K20 -> 2786248.2 | O20: =N20+I20 -> 28121427 | P20: =L20+J20+G20+E20 -> 24960 | V20: =W20+Y20 -> 894.45 | W20: 49.84 | X20: 895649.72 | Y20: 844.61 | Z20: 902992.24 | AA20: =Z20+X20 -> 1798642 | AB20: =AA20/$AL$47 -> 138.61201 | AC20: 138.52292 | AD20: 0 | AE20: 0 | AF20: 48 | AG20: =SUM(AC20:AF20) -> 186.52292 | AH20: 1831856.8 | AI20: =AH20/$AL$47 -> 141.17171 | AJ20: 430.98 | AK20: 4439094 | AL20: =AK20/$AL$47 -> 342.09797
B21: 10 | C21: 51 | D21: 427 | E21: 18160 | F21: 18809765 | G21: 3880 | H21: 6028239.6 | I21: =H21+F21 -> 24838004 | J21: 1920 | K21: 1988697.6 | L21: 480 | M21: 745761.6 | N21: =M21+K21 -> 2734459.2 | O21: =N21+I21 -> 27572464 | P21: =L21+J21+G21+E21 -> 24440 | V21: =W21+Y21 -> 810.79 | W21: 33.82 | X21: 607762.31 | Y21: 776.97 | Z21: 959665.39 | AA21: =Z21+X21 -> 1567427.7 | AB21: =AA21/$AL$47 -> 120.79353 | AC21: 112.26036 | AD21: 0 | AE21: 250 | AF21: 0 | AG21: =SUM(AC21:AF21) -> 362.26036 | AH21: 3654846.3 | AI21: =AH21/$AL$47 -> 281.66006 | AJ21: 338 | AK21: 3481400 | AL21: =AK21/$AL$47 -> 268.29345
B22: 11 | C22: 43 | D22: 268 | E22: 17920 | F22: 18561178 | G22: 3680 | H22: 5717505.6 | I22: =H22+F22 -> 24278683 | J22: 2060 | K22: 2133706.8 | L22: 440 | M22: 683614.8 | N22: =M22+K22 -> 2817321.6 | O22: =N22+I22 -> 27096005 | P22: =L22+J22+G22+E22 -> 24100 | V22: =W22+Y22 -> 712.89 | W22: 60.52 | X22: 1087574.7 | Y22: 652.37 | Z22: 287143.98 | AA22: =Z22+X22 -> 1374718.6 | AB22: =AA22/$AL$47 -> 105.94244 | AC22: 121.92756 | AD22: 0 | AE22: 0 | AF22: 12 | AG22: =SUM(AC22:AF22) -> 133.92756 | AH22: 1260745.8 | AI22: =AH22/$AL$47 -> 97.159147 | AJ22: 111.05 | AK22: 1143815 | AL22: =AK22/$AL$47 -> 88.147894
B23: 12 | C23: 49 | D23: 266 | E23: 17600 | F23: 18229728 | G23: 3800 | H23: 5903946 | I23: =H23+F23 -> 24133674 | J23: 2080 | K23: 2154422.4 | L23: 500 | M23: 776835 | N23: =M23+K23 -> 2931257.4 | O23: =N23+I23 -> 27064931 | P23: =L23+J23+G23+E23 -> 23980 | V23: =W23+Y23 -> 836.6 | W23: 107.69 | X23: 1935243.1 | Y23: 728.91 | Z23: 710303.52 | AA23: =Z23+X23 -> 2645546.7 | AB23: =AA23/$AL$47 -> 203.87857 | AC23: 121.96784 | AD23: 0 | AE23: 150 | AF23: 12 | AG23: =SUM(AC23:AF23) -> 283.96784 | AH23: 2834616.3 | AI23: =AH23/$AL$47 -> 218.44918 | AJ23: 447.7 | AK23: 4611310 | AL23: =AK23/$AL$47 -> 355.36976
... B41: 30 | C41: 39 | D41: 524 | E41: 19560 | F41: 20259857 | G41: 3800 | H41: 5903946 | I41: =H41+F41 -> 26163803 | J41: 2140 | K41: 2216569.2 | L41: 480 | M41: 745761.6 | N41: =M41+K41 -> 2962330.8 | O41: =N41+I41 -> 29126134 | P41: =L41+J41+G41+E41 -> 25980 | V41: =W41+Y41 -> 906.02 | W41: 48.06 | X41: 863662.23 | Y41: 857.96 | Z41: 22669.261 | AA41: =Z41+X41 -> 886331.49 | AB41: =AA41/$AL$47 -> 68.304974 | AC41: 125.31108 | AD41: 0 | AE41: 0 | AF41: 36 | AG41: =SUM(AC41:AF41) -> 161.31108 | AH41: 1570860.7 | AI41: =AH41/$AL$47 -> 121.05809 | AJ41: 424.18 | AK41: 4369054 | AL41: =AK41/$AL$47 -> 336.70035
J42: 1960 | K42: 2030128.8 | L42: 500 | M42: 776835
S43: =SUM(S12:S41) -> 0
C46: =SUM(C12:C42) -> 1720 | D46: =SUM(D12:D42) -> 12394 | E46: =SUM(E12:E42) -> 544440 | F46: =SUM(F12:F42) -> 5.6392006e+08 | G46: =SUM(G12:G42) -> 114200 | H46: =SUM(H12:H42) -> 1.7742911e+08 | I46: =SUM(I12:I42) -> 7.4134918e+08 | J46: =SUM(J12:J42) -> 62040 | ... P46: =SUM(P12:P42) -> 732740 | Q46: =#REF! -> #REF! | R46: =#REF! -> #REF! | S46: =Q46+P46 -> #REF! | T46: =R46+O46 -> #REF! | U46: =T46/AL47 -> #REF! | V46: =SUM(V12:V41) -> 26674.19 | W46: =SUM(W12:W41) -> 1870.78 | X46: =SUM(X12:X41) -> 33618852 | Y46: =SUM(Y12:Y42) -> 24803.41 | Z46: =SUM(Z12:Z41) -> 19506899 | AA46: =SUM(AA12:AA41) -> 53125751 | AB46: =AA46/$AL$47 -> 4094.1263 | AC46: =SUM(AC12:AC41) -> 3654.7252 | AD46: =SUM(AD12:AD41) -> 0 | AE46: =SUM(AE12:AE41) -> 1250 | AF46: =SUM(AF12:AF41) -> 516 | AG46: =SUM(AG12:AG41) -> 5420.7252 | AH46: =AG46*13190 -> 71499366 | AI46: =AH46/$AL$47 -> 5510.0855 | AJ46: =SUM(AJ12:AJ42) -> 11977.56 | AK46: =SUM(AK12:AK42) -> 1.2336887e+08 | AL46: =AK46/AL47 -> 9507.3992
T47: kWh rate | U47: =U46/S46 -> #REF! | AL47: 12976.09
AD55: =AD47/31 -> 0

Sheet RNs & Covers November 2019
A1: Four Seasons Resort Bali at Jimbaran Bay
A2: 43770
A3: Date | B3: Room Nights | C3: Food Covers
A6: 1 | B6: 55 | C6: 497
A7: 2 | B7: 51 | C7: 419
A8: =A7+1 -> 3 | B8: 47 | C8: 390
A9: =A8+1 -> 4 | B9: 62 | C9: 439
A10: =A9+1 -> 5 | B10: 89 | C10: 464
A11: =A10+1 -> 6 | B11: 96 | C11: 473
A12: =A11+1 -> 7 | B12: 98 | C12: 520
A13: =A12+1 -> 8 | B13: 72 | C13: 465
A14: =A13+1 -> 9 | B14: 68 | C14: 479
A15: =A14+1 -> 10 | B15: 51 | C15: 427
A16: =A15+1 -> 11 | B16: 43 | C16: 268
A17: =A16+1 -> 12 | B17: 49 | C17: 266
A18: =A17+1 -> 13 | B18: 41 | C18: 281
A19: =A18+1 -> 14 | B19: 40 | C19: 309
... A35: =A34+1 -> 30 | B35: 39 | C35: 524
B37: =SUM(B6:B36) -> 1720 | C37: =SUM(C6:C36) -> 12394
