Workbook

Sheet TOTAL
A1: Site Name | B1: Day | C1: Month | D1: Year | E1: Total Electricity Kwh | F1: Electricity Tariff ($/Kwh) | G1: Total Fuel Oil (Liters) | H1: Fuel Oil $/Liter | I1: Water Utility Supply (m3) m3 | J1: Water Utility Supply (m3) $/m3 | K1: Room Nights | L1: Food Covers
A2: Langkawi | B2: 1 | C2: 5 | D2: 2022 | E2: ='B16'!I4+'B16 ext'!I4+'B17'!I4 -> 23018 | F2: =('B16'!J4+'B16 ext'!J4+'B17'!J4)/TOTAL!E2 -> 0.24653775 | G2: ='Diesel Reading May'!H4 -> 404.8 | H2: ='Diesel Reading May'!I4/'Diesel Reading May'!H4 -> 2.84 | I2: ='Water Reading'!H4 -> 1026 | J2: ='Water Reading'!I4/'Water Reading'!H4 -> 1.35 | K2: 81
A3: Langkawi | B3: =B2+1 -> 2 | C3: 5 | D3: 2022 | E3: ='B16'!I5+'B16 ext'!I5+'B17'!I5 -> 22439 | F3: =('B16'!J5+'B16 ext'!J5+'B17'!J5)/TOTAL!E3 -> 0.24763951 | G3: ='Diesel Reading May'!H5 -> 399.8 | H3: ='Diesel Reading May'!I5/'Diesel Reading May'!H5 -> 2.84 | I3: ='Water Reading'!H5 -> 989 | J3: ='Water Reading'!I5/'Water Reading'!H5 -> 1.35 | K3: 81
A4: Langkawi | B4: =B3+1 -> 3 | C4: 5 | D4: 2022 | E4: ='B16'!I6+'B16 ext'!I6+'B17'!I6 -> 20471 | F4: =('B16'!J6+'B16 ext'!J6+'B17'!J6)/TOTAL!E4 -> 0.24813522 | G4: ='Diesel Reading May'!H6 -> 375.3 | H4: ='Diesel Reading May'!I6/'Diesel Reading May'!H6 -> 2.84 | I4: ='Water Reading'!H6 -> 971 | J4: ='Water Reading'!I6/'Water Reading'!H6 -> 1.35 | K4: 67
A5: Langkawi | B5: =B4+1 -> 4 | C5: 5 | D5: 2022 | E5: ='B16'!I7+'B16 ext'!I7+'B17'!I7 -> 21733 | F5: =('B16'!J7+'B16 ext'!J7+'B17'!J7)/TOTAL!E5 -> 0.25044499 | G5: ='Diesel Reading May'!H7 -> 470.1 | H5: ='Diesel Reading May'!I7/'Diesel Reading May'!H7 -> 2.84 | I5: ='Water Reading'!H7 -> 1208 | J5: ='Water Reading'!I7/'Water Reading'!H7 -> 1.35 | K5: 63
A6: Langkawi | B6: =B5+1 -> 5 | C6: 5 | D6: 2022 | E6: ='B16'!I8+'B16 ext'!I8+'B17'!I8 -> 24291 | F6: =('B16'!J8+'B16 ext'!J8+'B17'!J8)/TOTAL!E6 -> 0.24485847 | G6: ='Diesel Reading May'!H8 -> 427.1 | H6: ='Diesel Reading May'!I8/'Diesel Reading May'!H8 -> 2.84 | I6: ='Water Reading'!H8 -> 1001 | J6: ='Water Reading'!I8/'Water Reading'!H8 -> 1.35 | K6: 78
A7: Langkawi | B7: =B6+1 -> 6 | C7: 5 | D7: 2022 | E7: ='B16'!I9+'B16 ext'!I9+'B17'!I9 -> 22236 | F7: =('B16'!J9+'B16 ext'!J9+'B17'!J9)/TOTAL!E7 -> 0.24694657 | G7: ='Diesel Reading May'!H9 -> 455 | H7: ='Diesel Reading May'!I9/'Diesel Reading May'!H9 -> 2.84 | I7: ='Water Reading'!H9 -> 974 | J7: ='Water Reading'!I9/'Water Reading'!H9 -> 1.35 | K7: 68
A8: Langkawi | B8: =B7+1 -> 7 | C8: 5 | D8: 2022 | E8: ='B16'!I10+'B16 ext'!I10+'B17'!I10 -> 22237 | F8: =('B16'!J10+'B16 ext'!J10+'B17'!J10)/TOTAL!E8 -> 0.24712313 | G8: ='Diesel Reading May'!H10 -> 653.3 | H8: ='Diesel Reading May'!I10/'Diesel Reading May'!H10 -> 2.84 | I8: ='Water Reading'!H10 -> 999 | J8: ='Water Reading'!I10/'Water Reading'!H10 -> 1.35 | K8: 49
A9: Langkawi | B9: =B8+1 -> 8 | C9: 5 | D9: 2022 | E9: ='B16'!I11+'B16 ext'!I11+'B17'!I11 -> 22338 | F9: =('B16'!J11+'B16 ext'!J11+'B17'!J11)/TOTAL!E9 -> 0.24635388 | G9: ='Diesel Reading May'!H11 -> 0 | H9: ='Diesel Reading May'!I11/'Diesel Reading May'!H11 -> #DIV/0! | I9: ='Water Reading'!H11 -> 1004 | J9: ='Water Reading'!I11/'Water Reading'!H11 -> 1.35 | K9: 40
A10: Langkawi | B10: =B9+1 -> 9 | C10: 5 | D10: 2022 | E10: ='B16'!I12+'B16 ext'!I12+'B17'!I12 -> 22044 | F10: =('B16'!J12+'B16 ext'!J12+'B17'!J12)/TOTAL!E10 -> 0.24526973 | G10: ='Diesel Reading May'!H12 -> 343.1 | H10: ='Diesel Reading May'!I12/'Diesel Reading May'!H12 -> 2.84 | I10: ='Water Reading'!H12 -> 1147 | J10: ='Water Reading'!I12/'Water Reading'!H12 -> 1.35 | K10: 34
A11: Langkawi | B11: =B10+1 -> 10 | C11: 5 | D11: 2022 | E11: ='B16'!I13+'B16 ext'!I13+'B17'!I13 -> 21911 | F11: =('B16'!J13+'B16 ext'!J13+'B17'!J13)/TOTAL!E11 -> 0.24784223 | G11: ='Diesel Reading May'!H13 -> 0 | H11: ='Diesel Reading May'!I13/'Diesel Reading May'!H13 -> #DIV/0! | I11: ='Water Reading'!H13 -> 978 | J11: ='Water Reading'!I13/'Water Reading'!H13 -> 1.35 | K11: 29
A12: Langkawi | B12: =B11+1 -> 11 | C12: 5 | D12: 2022 | E12: ='B16'!I14+'B16 ext'!I14+'B17'!I14 -> 22033 | F12: =('B16'!J14+'B16 ext'!J14+'B17'!J14)/TOTAL!E12 -> 0.24842731 | G12: ='Diesel Reading May'!H14 -> 414.6 | H12: ='Diesel Reading May'!I14/'Diesel Reading May'!H14 -> 2.84 | I12: ='Water Reading'!H14 -> 973 | J12: ='Water Reading'!I14/'Water Reading'!H14 -> 1.35 | K12: 30
A13: Langkawi | B13: =B12+1 -> 12 | C13: 5 | D13: 2022 | E13: ='B16'!I15+'B16 ext'!I15+'B17'!I15 -> 23632 | F13: =('B16'!J15+'B16 ext'!J15+'B17'!J15)/TOTAL!E13 -> 0.24315754 | G13: ='Diesel Reading May'!H15 -> 126.5 | H13: ='Diesel Reading May'!I15/'Diesel Reading May'!H15 -> 2.84 | I13: ='Water Reading'!H15 -> 950 | J13: ='Water Reading'!I15/'Water Reading'!H15 -> 1.35 | K13: 40
A14: Langkawi | B14: =B13+1 -> 13 | C14: 5 | D14: 2022 | E14: ='B16'!I16+'B16 ext'!I16+'B17'!I16 -> 26173 | F14: =('B16'!J16+'B16 ext'!J16+'B17'!J16)/TOTAL!E14 -> 0.24922443 | G14: ='Diesel Reading May'!H16 -> 383.4 | H14: ='Diesel Reading May'!I16/'Diesel Reading May'!H16 -> 2.84 | I14: ='Water Reading'!H16 -> 1071 | J14: ='Water Reading'!I16/'Water Reading'!H16 -> 1.35 | K14: 56
... A32: Langkawi | B32: =B31+1 -> 31 | C32: 5 | D32: 2022 | E32: ='B16'!I34+'B16 ext'!I34+'B17'!I34 -> 0 | F32: =('B16'!J34+'B16 ext'!J34+'B17'!J34)/TOTAL!E32 -> #DIV/0! | G32: ='Diesel Reading May'!H34 -> 0 | H32: ='Diesel Reading May'!I34/'Diesel Reading May'!H34 -> #DIV/0! | I32: ='Water Reading'!H34 -> 0 | J32: ='Water Reading'!I34/'Water Reading'!H34 -> #DIV/0! | K32: 26

Sheet B16
A1: Daily Electricity Consumption
B2: Meter Reading (kWh) | C2: Consumption (kWh) | D2: Meter Reading (kWh) | E2: Consumption (kWh) | F2: MD (kW) | G2: Occupancy | H2: Weather | I2: Total Consumption | J2: Cost
B3: (Peak) | C3: (Peak) | D3: (Off Peak) | E3: (Off Peak) | F3: (Peak) | G3: % | I3: Daily (KWh) | J3: Daily (RM)
A4: 44682 | B4: 6612 | C4: =IF(B5-B4 < 0,0,B5-B4) -> 6565 | D4: 6490 | E4: =IF(D5-D4 < 0,0,D5-D4) -> 3817 | F4: 575 | G4: 88 | H4: Isolated Thunderstorm | I4: =+E4+C4 -> 10382 | J4: =(C4*0.288)+(E4*0.177) -> 2566.329
A5: 44683 | B5: 13177 | C5: =IF(B6-B5 < 0,0,B6-B5) -> 6652 | D5: 10307 | E5: =IF(D6-D5 < 0,0,D6-D5) -> 3950 | F5: 575 | G5: 88 | H5: Isolated Thunderstorm | I5: =+E5+C5 -> 10602 | J5: =(C5*0.288)+(E5*0.177) -> 2614.926
A6: 44684 | B6: 19829 | C6: =IF(B7-B6 < 0,0,B7-B6) -> 6104 | D6: 14257 | E6: =IF(D7-D6 < 0,0,D7-D6) -> 3497 | F6: 575 | G6: 72 | H6: Isolated Thunderstorm | I6: =+E6+C6 -> 9601 | J6: =(C6*0.288)+(E6*0.177) -> 2376.921
A7: 44685 | B7: 25933 | C7: =IF(B8-B7 < 0,0,B8-B7) -> 7001 | D7: 17754 | E7: =IF(D8-D7 < 0,0,D8-D7) -> 3522 | F7: 575 | G7: 68 | H7: Cloudy | I7: =+E7+C7 -> 10523 | J7: =(C7*0.288)+(E7*0.177) -> 2639.682
A8: 44686 | B8: 32934 | C8: =IF(B9-B8 < 0,0,B9-B8) -> 7199 | D8: 21276 | E8: =IF(D9-D8 < 0,0,D9-D8) -> 4547 | F8: 575 | G8: 84 | H8: Isolated Rain | I8: =+E8+C8 -> 11746 | J8: =(C8*0.288)+(E8*0.177) -> 2878.131
A9: 44687 | B9: 40133 | C9: =IF(B10-B9 < 0,0,B10-B9) -> 6678 | D9: 25823 | E9: =IF(D10-D9 < 0,0,D10-D9) -> 3969 | F9: 599 | G9: 74 | H9: Isolated Rain | I9: =+E9+C9 -> 10647 | J9: =(C9*0.288)+(E9*0.177) -> 2625.777
A10: 44688 | B10: 46811 | C10: =IF(B11-B10 < 0,0,B11-B10) -> 6665 | D10: 29792 | E10: =IF(D11-D10 < 0,0,D11-D10) -> 3855 | F10: 599 | G10: 53 | H10: Isolated Rain | I10: =+E10+C10 -> 10520 | J10: =(C10*0.288)+(E10*0.177) -> 2601.855
A11: 44689 | B11: 53476 | C11: =IF(B12-B11 < 0,0,B12-B11) -> 6539 | D11: 33647 | E11: =IF(D12-D11 < 0,0,D12-D11) -> 3877 | F11: 599 | G11: 43 | H11: Isolated Rain | I11: =+E11+C11 -> 10416 | J11: =(C11*0.288)+(E11*0.177) -> 2569.461
A12: 44690 | B12: 60015 | C12: =IF(B13-B12 < 0,0,B13-B12) -> 6108 | D12: 37524 | E12: =IF(D13-D12 < 0,0,D13-D12) -> 3664 | F12: 599 | G12: 37 | H12: Isolated Rain | I12: =+E12+C12 -> 9772 | J12: =(C12*0.288)+(E12*0.177) -> 2407.632
A13: 44691 | B13: 66123 | C13: =IF(B14-B13 < 0,0,B14-B13) -> 6435 | D13: 41188 | E13: =IF(D14-D13 < 0,0,D14-D13) -> 3583 | F13: 599 | G13: 32 | H13: Isolated Rain | I13: =+E13+C13 -> 10018 | J13: =(C13*0.288)+(E13*0.177) -> 2487.471
A14: 44692 | B14: 72558 | C14: =IF(B15-B14 < 0,0,B15-B14) -> 6138 | D14: 44771 | E14: =IF(D15-D14 < 0,0,D15-D14) -> 3983 | F14: 599 | G14: 32 | H14: Fair | I14: =+E14+C14 -> 10121 | J14: =(C14*0.288)+(E14*0.177) -> 2472.735
A15: 44693 | B15: 78696 | C15: =IF(B16-B15 < 0,0,B16-B15) -> 6863 | D15: 48754 | E15: =IF(D16-D15 < 0,0,D16-D15) -> 4164 | F15: 599 | G15: 43 | H15: Fair | I15: =+E15+C15 -> 11027 | J15: =(C15*0.288)+(E15*0.177) -> 2713.572
... A33: 44711 | B33: 192868 | C33: =IF(B34-B33 < 0,0,B34-B33) -> 0 | D33: 115661 | E33: =IF(D34-D33 < 0,0,D34-D33) -> 0 | F33: 619 | G33: 28 | H33: Isolated Rain | I33: =+E33+C33 -> 0 | J33: =(C33*0.288)+(E33*0.177) -> 0
A34: 44712 | B34: 0 | C34: 0 | D34: 0 | E34: 0 | F34: 0 | G34: 35 | H34: Isolated Rain | I34: =+E34+C34 -> 0 | J34: =(C34*0.288)+(E34*0.177) -> 0
I35: =+E35+C35 -> 0 | J35: =(C35*0.288)+(E35*0.177) -> 0
A36: Total | C36: =SUM(C4:C34) -> 186256 | E36: =SUM(E4:E34) -> 109171 | F36: =MAX(F4:F34) -> 619 | I36: =+E36+C36 -> 295427 | J36: =(C36*0.288)+(E36*0.177) -> 72964.995
A37: =COUNT(A4:A34) -> 31 | C37: =COUNTIF(C4:C34,">0") -> 28
A39: PLEASE MAKE SURE TO KEY IN THE OCCUPANCY AND WEATHER FOR THE DAY!

Sheet B16 ext
A1: Daily Electricity Consumption
B2: Meter Reading (kWh) | C2: Consumption (kWh) | D2: Meter Reading (kWh) | E2: Consumption (kWh) | F2: MD (kW) | G2: Occupancy | H2: Weather | I2: Total Consumption | J2: Cost
B3: (Peak) | C3: (Peak) | D3: (Off Peak) | E3: (Off Peak) | F3: (Peak) | G3: % | I3: Daily (KWh) | J3: Daily (RM)
A4: 44682 | B4: 2242 | C4: =IF(B5-B4 < 0,0,B5-B4) -> 2358 | D4: 1784 | E4: =IF(D5-D4 < 0,0,D5-D4) -> 1082 | F4: 192 | G4: 88 | H4: Isolated Thunderstorm | I4: =+E4+C4 -> 3440 | J4: =(C4*0.288)+(E4*0.177) -> 870.618
A5: 44683 | B5: 4600 | C5: =IF(B6-B5 < 0,0,B6-B5) -> 2350 | D5: 2866 | E5: =IF(D6-D5 < 0,0,D6-D5) -> 1094 | F5: 199 | G5: 88 | H5: Isolated Thunderstorm | I5: =+E5+C5 -> 3444 | J5: =(C5*0.288)+(E5*0.177) -> 870.438
A6: 44684 | B6: 6950 | C6: =IF(B7-B6 < 0,0,B7-B6) -> 2347 | D6: 3960 | E6: =IF(D7-D6 < 0,0,D7-D6) -> 1031 | F6: 199 | G6: 72 | H6: Isolated Thunderstorm | I6: =+E6+C6 -> 3378 | J6: =(C6*0.288)+(E6*0.177) -> 858.423
A7: 44685 | B7: 9297 | C7: =IF(B8-B7 < 0,0,B8-B7) -> 2270 | D7: 4991 | E7: =IF(D8-D7 < 0,0,D8-D7) -> 999 | F7: 199 | G7: 68 | H7: Cloudy | I7: =+E7+C7 -> 3269 | J7: =(C7*0.288)+(E7*0.177) -> 830.583
A8: 44686 | B8: 11567 | C8: =IF(B9-B8 < 0,0,B9-B8) -> 2313 | D8: 5990 | E8: =IF(D9-D8 < 0,0,D9-D8) -> 1294 | F8: 199 | G8: 84 | H8: Isolated Rain | I8: =+E8+C8 -> 3607 | J8: =(C8*0.288)+(E8*0.177) -> 895.182
A9: 44687 | B9: 13880 | C9: =IF(B10-B9 < 0,0,B10-B9) -> 2275 | D9: 7284 | E9: =IF(D10-D9 < 0,0,D10-D9) -> 1100 | F9: 199 | G9: 74 | H9: Isolated Rain | I9: =+E9+C9 -> 3375 | J9: =(C9*0.288)+(E9*0.177) -> 849.9
A10: 44688 | B10: 16155 | C10: =IF(B11-B10 < 0,0,B11-B10) -> 2265 | D10: 8384 | E10: =IF(D11-D10 < 0,0,D11-D10) -> 1109 | F10: 199 | G10: 53 | H10: Isolated Rain | I10: =+E10+C10 -> 3374 | J10: =(C10*0.288)+(E10*0.177) -> 848.613
A11: 44689 | B11: 18420 | C11: =IF(B12-B11 < 0,0,B12-B11) -> 2069 | D11: 9493 | E11: =IF(D12-D11 < 0,0,D12-D11) -> 1008 | F11: 199 | G11: 43 | H11: Isolated Rain | I11: =+E11+C11 -> 3077 | J11: =(C11*0.288)+(E11*0.177) -> 774.288
A12: 44690 | B12: 20489 | C12: =IF(B13-B12 < 0,0,B13-B12) -> 1842 | D12: 10501 | E12: =IF(D13-D12 < 0,0,D13-D12) -> 905 | F12: 199 | G12: 37 | H12: Isolated Rain | I12: =+E12+C12 -> 2747 | J12: =(C12*0.288)+(E12*0.177) -> 690.681
A13: 44691 | B13: 22331 | C13: =IF(B14-B13 < 0,0,B14-B13) -> 1951 | D13: 11406 | E13: =IF(D14-D13 < 0,0,D14-D13) -> 979 | F13: 199 | G13: 32 | H13: Isolated Rain | I13: =+E13+C13 -> 2930 | J13: =(C13*0.288)+(E13*0.177) -> 735.171
A14: 44692 | B14: 24282 | C14: =IF(B15-B14 < 0,0,B15-B14) -> 2031 | D14: 12385 | E14: =IF(D15-D14 < 0,0,D15-D14) -> 840 | F14: 199 | G14: 32 | H14: Fair | I14: =+E14+C14 -> 2871 | J14: =(C14*0.288)+(E14*0.177) -> 733.608
A15: 44693 | B15: 26313 | C15: =IF(B16-B15 < 0,0,B16-B15) -> 2102 | D15: 13225 | E15: =IF(D16-D15 < 0,0,D16-D15) -> 1143 | F15: 199 | G15: 43 | H15: Fair | I15: =+E15+C15 -> 3245 | J15: =(C15*0.288)+(E15*0.177) -> 807.687
... A33: 44711 | B33: 64341 | C33: =IF(B34-B33 < 0,0,B34-B33) -> 0 | D33: 30825 | E33: =IF(D34-D33 < 0,0,D34-D33) -> 0 | F33: 212 | G33: 28 | H33: Isolated Rain | I33: =+E33+C33 -> 0 | J33: =(C33*0.288)+(E33*0.177) -> 0
A34: 44712 | B34: 0 | C34: 0 | D34: 0 | E34: 0 | F34: 0 | G34: 35 | H34: Isolated Rain | I34: =+E34+C34 -> 0 | J34: =(C34*0.288)+(E34*0.177) -> 0
I35: =+E35+C35 -> 0 | J35: =(C35*0.288)+(E35*0.177) -> 0
C36: =SUM(C4:C35) -> 62099 | E36: =SUM(E4:E35) -> 29041 | F36: =MAX(F4:F34) -> 212 | I36: =+E36+C36 -> 91140 | J36: =(C36*0.288)+(E36*0.177) -> 23024.769
A37: =COUNT(A4:A34) -> 31 | H37: f
H38: Rain
A39: PLEASE MAKE SURE TO KEY IN THE OCCUPANCY AND WEATHER FOR THE DAY! | H39: Hot
H40: Cloudy

Sheet B17
A1: Daily Electricity Consumption
B2: Meter Reading (kWh) | C2: Consumption (kWh) | D2: Meter Reading (kWh) | E2: Consumption (kWh) | F2: MD (kW) | G2: Occupancy | H2: Weather | I2: Total Consumption | J2: Cost
B3: (Peak) | C3: (Peak) | E3: (Off Peak) | F3: (Peak) | G3: % | I3: Daily (KWh) | J3: Daily (RM)
A4: 44682 | B4: 6090 | C4: =IF(B5-B4 < 0,0,B5-B4) -> 5497 | D4: 5868 | E4: =IF(D5-D4 < 0,0,D5-D4) -> 3699 | F4: 463 | G4: 88 | H4: Isolated Thunderstorm | I4: =+E4+C4 -> 9196 | J4: =(C4*0.288)+(E4*0.177) -> 2237.859
A5: 44683 | B5: 11587 | C5: =IF(B6-B5 < 0,0,B6-B5) -> 5278 | D5: 9567 | E5: =IF(D6-D5 < 0,0,D6-D5) -> 3115 | F5: 464 | G5: 88 | H5: Isolated Thunderstorm | I5: =+E5+C5 -> 8393 | J5: =(C5*0.288)+(E5*0.177) -> 2071.419
A6: 44684 | B6: 16865 | C6: =IF(B7-B6 < 0,0,B7-B6) -> 4668 | D6: 12682 | E6: =IF(D7-D6 < 0,0,D7-D6) -> 2824 | F6: 464 | G6: 72 | H6: Isolated Thunderstorm | I6: =+E6+C6 -> 7492 | J6: =(C6*0.288)+(E6*0.177) -> 1844.232
A7: 44685 | B7: 21533 | C7: =IF(B8-B7 < 0,0,B8-B7) -> 5109 | D7: 15506 | E7: =IF(D8-D7 < 0,0,D8-D7) -> 2832 | F7: 464 | G7: 68 | H7: Cloudy | I7: =+E7+C7 -> 7941 | J7: =(C7*0.288)+(E7*0.177) -> 1972.656
A8: 44686 | B8: 26642 | C8: =IF(B9-B8 < 0,0,B9-B8) -> 5338 | D8: 18338 | E8: =IF(D9-D8 < 0,0,D9-D8) -> 3600 | F8: 464 | G8: 84 | H8: Isolated Rain | I8: =+E8+C8 -> 8938 | J8: =(C8*0.288)+(E8*0.177) -> 2174.544
A9: 44687 | B9: 31980 | C9: =IF(B10-B9 < 0,0,B10-B9) -> 5059 | D9: 21938 | E9: =IF(D10-D9 < 0,0,D10-D9) -> 3155 | F9: 464 | G9: 74 | H9: Isolated Rain | I9: =+E9+C9 -> 8214 | J9: =(C9*0.288)+(E9*0.177) -> 2015.427
A10: 44688 | B10: 37039 | C10: =IF(B11-B10 < 0,0,B11-B10) -> 5118 | D10: 25093 | E10: =IF(D11-D10 < 0,0,D11-D10) -> 3225 | F10: 464 | G10: 53 | H10: Isolated Rain | I10: =+E10+C10 -> 8343 | J10: =(C10*0.288)+(E10*0.177) -> 2044.809
A11: 44689 | B11: 42157 | C11: =IF(B12-B11 < 0,0,B12-B11) -> 5349 | D11: 28318 | E11: =IF(D12-D11 < 0,0,D12-D11) -> 3496 | F11: 464 | G11: 43 | H11: Isolated Rain | I11: =+E11+C11 -> 8845 | J11: =(C11*0.288)+(E11*0.177) -> 2159.304
A12: 44690 | B12: 47506 | C12: =IF(B13-B12 < 0,0,B13-B12) -> 5608 | D12: 31814 | E12: =IF(D13-D12 < 0,0,D13-D12) -> 3917 | F12: 464 | G12: 37 | H12: Isolated Rain | I12: =+E12+C12 -> 9525 | J12: =(C12*0.288)+(E12*0.177) -> 2308.413
A13: 44691 | B13: 53114 | C13: =IF(B14-B13 < 0,0,B14-B13) -> 5598 | D13: 35731 | E13: =IF(D14-D13 < 0,0,D14-D13) -> 3365 | F13: 464 | G13: 32 | H13: Isolated Rain | I13: =+E13+C13 -> 8963 | J13: =(C13*0.288)+(E13*0.177) -> 2207.829
A14: 44692 | B14: 58712 | C14: =IF(B15-B14 < 0,0,B15-B14) -> 6009 | D14: 39096 | E14: =IF(D15-D14 < 0,0,D15-D14) -> 3032 | F14: 464 | G14: 32 | H14: Fair | I14: =+E14+C14 -> 9041 | J14: =(C14*0.288)+(E14*0.177) -> 2267.256
A15: 44693 | B15: 64721 | C15: =IF(B16-B15 < 0,0,B16-B15) -> 5120 | D15: 42128 | E15: =IF(D16-D15 < 0,0,D16-D15) -> 4240 | F15: 464 | G15: 43 | H15: Fair | I15: =+E15+C15 -> 9360 | J15: =(C15*0.288)+(E15*0.177) -> 2225.04
... A34: 44712 | B34: 0 | C34: =IF(B35-B34 < 0,0,B35-B34) -> 0 | D34: 1915 | E34: =IF(D35-D34 < 0,0,D35-D34) -> 0 | F34: 0 | G34: 35 | H34: Isolated Rain | I34: =+E34+C34 -> 0 | J34: =(C34*0.288)+(E34*0.177) -> 0
I35: =+E35+C35 -> 0 | J35: =(C35*0.288)+(E35*0.177) -> 0
C36: =SUM(C4:C35) -> 155902 | E36: =SUM(E4:E35) -> 96789 | F36: =MAX(F4:F34) -> 523 | I36: =+E36+C36 -> 252691 | J36: =(C36*0.288)+(E36*0.177) -> 62031.429
A37: =COUNT(A4:A34) -> 31
H38: Rain
A39: PLEASE MAKE SURE TO KEY IN THE OCCUPANCY AND WEATHER FOR THE DAY! | H39: Hot
H40: Cloudy

Sheet Water Reading
A1: Daily Water Consumption
B2: Meter Reading (Main) | C2: Consumption | D2: Meter Reading Landscape | E2: Consumption | F2: Occupancy | G2: Weather | H2: Total Consumption | I2: Cost
B3: (m3) | C3: (m3) | D3: (m3) | E3: (m3) | F3: % | H3: (m3) | I3: Daily (RM)
A4: 44682 | B4: 305280 | C4: =IF(B5-B4<0,0,B5-B4) -> 1025 | D4: 3042 | E4: =IF(D5-D4<0,0,D5-D4) -> 1 | F4: 88 | G4: Isolated Thunderstorm | H4: =+E4+C4 -> 1026 | I4: =(C4*1.35)+(E4*1.35) -> 1385.1
A5: 44683 | B5: 306305 | C5: =IF(B6-B5<0,0,B6-B5) -> 988 | D5: 3043 | E5: =IF(D6-D5<0,0,D6-D5) -> 1 | F5: 88 | G5: Isolated Thunderstorm | H5: =+E5+C5 -> 989 | I5: =(C5*1.35)+(E5*1.35) -> 1335.15
A6: 44684 | B6: 307293 | C6: =IF(B7-B6<0,0,B7-B6) -> 971 | D6: 3044 | E6: =IF(D7-D6<0,0,D7-D6) -> 0 | F6: 72 | G6: Isolated Thunderstorm | H6: =+E6+C6 -> 971 | I6: =(C6*1.35)+(E6*1.35) -> 1310.85
A7: 44685 | B7: 308264 | C7: =IF(B8-B7<0,0,B8-B7) -> 1207 | D7: 3044 | E7: =IF(D8-D7<0,0,D8-D7) -> 1 | F7: 68 | G7: Cloudy | H7: =+E7+C7 -> 1208 | I7: =(C7*1.35)+(E7*1.35) -> 1630.8
A8: 44686 | B8: 309471 | C8: =IF(B9-B8<0,0,B9-B8) -> 1000 | D8: 3045 | E8: =IF(D9-D8<0,0,D9-D8) -> 1 | F8: 84 | G8: Isolated Rain | H8: =+E8+C8 -> 1001 | I8: =(C8*1.35)+(E8*1.35) -> 1351.35
A9: 44687 | B9: 310471 | C9: =IF(B10-B9<0,0,B10-B9) -> 973 | D9: 3046 | E9: =IF(D10-D9<0,0,D10-D9) -> 1 | F9: 74 | G9: Isolated Rain | H9: =+E9+C9 -> 974 | I9: =(C9*1.35)+(E9*1.35) -> 1314.9
A10: 44688 | B10: 311444 | C10: =IF(B11-B10<0,0,B11-B10) -> 998 | D10: 3047 | E10: =IF(D11-D10<0,0,D11-D10) -> 1 | F10: 53 | G10: Isolated Rain | H10: =+E10+C10 -> 999 | I10: =(C10*1.35)+(E10*1.35) -> 1348.65
A11: 44689 | B11: 312442 | C11: =IF(B12-B11<0,0,B12-B11) -> 994 | D11: 3048 | E11: =IF(D12-D11<0,0,D12-D11) -> 10 | F11: 43 | G11: Isolated Rain | H11: =+E11+C11 -> 1004 | I11: =(C11*1.35)+(E11*1.35) -> 1355.4
A12: 44690 | B12: 313436 | C12: =IF(B13-B12<0,0,B13-B12) -> 1146 | D12: 3058 | E12: =IF(D13-D12<0,0,D13-D12) -> 1 | F12: 37 | G12: Isolated Rain | H12: =+E12+C12 -> 1147 | I12: =(C12*1.35)+(E12*1.35) -> 1548.45
A13: 44691 | B13: 314582 | C13: =IF(B14-B13<0,0,B14-B13) -> 976 | D13: 3059 | E13: =IF(D14-D13<0,0,D14-D13) -> 2 | F13: 32 | G13: Isolated Rain | H13: =+E13+C13 -> 978 | I13: =(C13*1.35)+(E13*1.35) -> 1320.3
A14: 44692 | B14: 315558 | C14: =IF(B15-B14<0,0,B15-B14) -> 970 | D14: 3061 | E14: =IF(D15-D14<0,0,D15-D14) -> 3 | F14: 32 | G14: Fair | H14: =+E14+C14 -> 973 | I14: =(C14*1.35)+(E14*1.35) -> 1313.55
A15: 44693 | B15: 316528 | C15: =IF(B16-B15<0,0,B16-B15) -> 948 | D15: 3064 | E15: =IF(D16-D15<0,0,D16-D15) -> 2 | F15: 43 | G15: Fair | H15: =+E15+C15 -> 950 | I15: =(C15*1.35)+(E15*1.35) -> 1282.5
... A34: 44712 | B34: 334733 | C34: =IF(B35-B34<0,0,B35-B34) -> 0 | D34: 3222 | E34: =IF(D35-D34<0,0,D35-D34) -> 0 | F34: 35 | G34: Isolated Rain | H34: =+E34+C34 -> 0 | I34: =(C34*1.35)+(E34*1.35) -> 0
C35: =SUM(C4:C34) -> 29453 | E35: =SUM(E4:E34) -> 180 | H35: =SUM(H4:H34) -> 29633 | I35: =SUM(I4:I34) -> 40004.55
A38: PLEASE MAKE SURE TO KEY IN THE OCCUPANCY AND WEATHER FOR THE DAY!

Sheet Diesel Reading May
A1: Daily Diesel Consumption
B2: BOILER | C2: TIME | D2: TIME | E2: TOTAL | F2: Meter Reading | G2: Meter Reading | H2: Consumption | I2: Cost | J2: Lit/hr
B3: NO | C3: START | D3: STOP | E3: HRS | F3: START | G3: STOP | H3: (L) | I3: Daily (RM)
A4: 44682 | B4: 1 | C4: 8.5 | D4: 18 | E4: =D4-C4 -> 9.5 | F4: 1661955.7 | G4: 1662360.5 | H4: =G4-F4 -> 404.8 | I4: =(H4*[1]Summary!$C$6) -> 1149.632 | J4: 4668.1 | K4: Carry foward last month
A5: 44683 | B5: 1 | C5: 8.5 | D5: 20 | E5: =D5-C5 -> 11.5 | F5: 1662360.5 | G5: 1662760.3 | H5: =G5-F5 -> 399.8 | I5: =(H5*[1]Summary!$C$6) -> 1135.432 | J5: -50 | K5: Watersport Tractor
A6: 44684 | B6: 1 | C6: 8.5 | D6: 20 | E6: =D6-C6 -> 11.5 | F6: 1662760.3 | G6: 1663135.6 | H6: =G6-F6 -> 375.3 | I6: =(H6*[1]Summary!$C$6) -> 1065.852
A7: 44685 | B7: 1 | C7: 8 | D7: 20 | E7: =D7-C7 -> 12 | F7: 1663135.6 | G7: 1663605.7 | H7: =G7-F7 -> 470.1 | I7: =(H7*[1]Summary!$C$6) -> 1335.084
A8: 44686 | B8: 1 | C8: 8 | D8: 20 | E8: =D8-C8 -> 12 | F8: 1663605.7 | G8: 1664032.8 | H8: =G8-F8 -> 427.1 | I8: =(H8*[1]Summary!$C$6) -> 1212.964
A9: 44687 | B9: 1 | C9: 8 | D9: 20 | E9: =D9-C9 -> 12 | F9: 1664032.8 | G9: 1664487.8 | H9: =G9-F9 -> 455 | I9: =(H9*[1]Summary!$C$6) -> 1292.2 | J9: 7000 | K9: Diesel In
A10: 44688 | B10: 1 | C10: 8.5 | D10: 20 | E10: =D10-C10 -> 11.5 | F10: 1664487.8 | G10: 1665141.1 | H10: =G10-F10 -> 653.3 | I10: =(H10*[1]Summary!$C$6) -> 1855.372
A11: 44689 | B11: Close | E11: =D11-C11 -> 0 | H11: =G11-F11 -> 0 | I11: =(H11*[1]Summary!$C$6) -> 0
A12: 44690 | B12: 1 | C12: 8.3 | D12: 18 | E12: =D12-C12 -> 9.7 | F12: 1665141.1 | G12: 1665484.2 | H12: =G12-F12 -> 343.1 | I12: =(H12*[1]Summary!$C$6) -> 974.404
A13: 44691 | B13: close | E13: =D13-C13 -> 0 | H13: =G13-F13 -> 0 | I13: =(H13*[1]Summary!$C$6) -> 0
A14: 44692 | B14: 1 | C14: 8.3 | D14: 20 | E14: =D14-C14 -> 11.7 | F14: 1665484.2 | G14: 1665898.8 | H14: =G14-F14 -> 414.6 | I14: =(H14*[1]Summary!$C$6) -> 1177.464
A15: 44693 | B15: 1 | C15: 8.3 | D15: 12 | E15: =D15-C15 -> 3.7 | F15: 1665898.8 | G15: 1666025.3 | H15: =G15-F15 -> 126.5 | I15: =(H15*[1]Summary!$C$6) -> 359.26
A16: 44694 | B16: 1 | C16: 8 | D16: 18 | E16: =D16-C16 -> 10 | F16: 1666025.3 | G16: 1666408.7 | H16: =G16-F16 -> 383.4 | I16: =(H16*[1]Summary!$C$6) -> 1088.856
A17: 44695 | B17: 1 | C17: 8.3 | D17: 20 | E17: =D17-C17 -> 11.7 | F17: 1666408.7 | G17: 1666800.4 | H17: =G17-F17 -> 391.7 | I17: =(H17*[1]Summary!$C$6) -> 1112.428
A18: 44696 | B18: 1 | C18: 8.3 | D18: 20 | E18: =D18-C18 -> 11.7 | F18: 1666800.4 | G18: 1667206.5 | H18: =G18-F18 -> 406.1 | I18: =(H18*[1]Summary!$C$6) -> 1153.324
A19: 44697 | B19: 1 | C19: 8.3 | D19: 20 | E19: =D19-C19 -> 11.7 | F19: 1667206.5 | G19: 1667608.1 | H19: =G19-F19 -> 401.6 | I19: =(H19*[1]Summary!$C$6) -> 1140.544
A20: 44698 | B20: 1 | C20: 8.3 | D20: 18 | E20: =D20-C20 -> 9.7 | F20: 1667608.1 | G20: 1667919.8 | H20: =G20-F20 -> 311.7 | I20: =(H20*[1]Summary!$C$6) -> 885.228
A21: 44699 | B21: 1 | C21: 8.3 | D21: 18 | E21: =D21-C21 -> 9.7 | F21: 1667919.8 | G21: 1668272 | H21: =G21-F21 -> 352.2 | I21: =(H21*[1]Summary!$C$6) -> 1000.248
A22: 44700 | B22: 1 | C22: 8 | D22: 17 | E22: =D22-C22 -> 9 | F22: 1668272 | G22: 1668628.9 | H22: =G22-F22 -> 356.9 | I22: =(H22*[1]Summary!$C$6) -> 1013.596
A23: 44701 | B23: 1 | C23: 8.3 | D23: 17 | E23: =D23-C23 -> 8.7 | F23: 1668628.9 | G23: 1668978.5 | H23: =G23-F23 -> 349.6 | I23: =(H23*[1]Summary!$C$6) -> 992.864
A24: 44702 | B24: 2 | C24: 8.3 | D24: 17 | E24: =D24-C24 -> 8.7 | F24: 1619410.4 | G24: 1619643.5 | H24: =G24-F24 -> 233.1 | I24: =(H24*[1]Summary!$C$6) -> 662.004 | J24: -70 | K24: Water sport Tractor
A25: 44703 | B25: closed | E25: =D25-C25 -> 0 | H25: =G25-F25 -> 0 | I25: =(H25*[1]Summary!$C$6) -> 0
A26: 44704 | B26: 1 | C26: 8.3 | D26: 18 | E26: =D26-C26 -> 9.7 | F26: 1668978.6 | G26: 1669308.6 | H26: =G26-F26 -> 330 | I26: =(H26*[1]Summary!$C$6) -> 937.2
A27: 44705 | B27: closed | E27: =D27-C27 -> 0 | H27: =G27-F27 -> 0 | I27: =(H27*[1]Summary!$C$6) -> 0
A28: 44706 | B28: 2 | C28: 8.3 | D28: 18 | E28: =D28-C28 -> 9.7 | F28: 1619643.5 | G28: 1619952.5 | H28: =G28-F28 -> 309 | I28: =(H28*[1]Summary!$C$6) -> 877.56
A29: 44707 | B29: Closed | E29: =D29-C29 -> 0 | H29: =G29-F29 -> 0 | I29: =(H29*[1]Summary!$C$6) -> 0
A30: 44708 | B30: 2 | C30: 8 | D30: 20.3 | E30: =D30-C30 -> 12.3 | F30: 1619952.5 | G30: 1620320 | H30: =G30-F30 -> 367.5 | I30: =(H30*[1]Summary!$C$6) -> 1043.7
A31: 44709 | B31: 2 | C31: 8.4 | D31: 18 | E31: =D31-C31 -> 9.6 | F31: 1620320 | G31: 1620628 | H31: =G31-F31 -> 308 | I31: =(H31*[1]Summary!$C$6) -> 874.72
A32: 44710 | B32: 2 | C32: 8.4 | D32: 18 | E32: =D32-C32 -> 9.6 | F32: 1620628 | G32: 1620922.2 | H32: =G32-F32 -> 294.2 | I32: =(H32*[1]Summary!$C$6) -> 835.528
A33: 44711 | B33: 2 | C33: 8.3 | D33: 18 | E33: =D33-C33 -> 9.7 | F33: 1620922.2 | G33: 1621210.5 | H33: =G33-F33 -> 288.3 | I33: =(H33*[1]Summary!$C$6) -> 818.772
A34: 44712 | B34: Closed | E34: =D34-C34 -> 0 | H34: =G34-F34 -> 0 | J34: -70 | K34: Water sport Tractor
J35: =SUM(J4:J34)-H36 -> 2325.2
A36: Total | H36: =SUM(H4:H34) -> 9152.9 | I36: =SUM(I4:I34) -> 25994.236
A37: =COUNT(A4:A34) -> 31
A39: PLEASE MAKE SURE TO KEY IN THE OCCUPANCY FOR THE DAY!
