Workbook

Sheet TOTAL
A1: Site Name | B1: Day | C1: Month | D1: Year | E1: Total Electricity Kwh | F1: Electricity Tariff ($/Kwh) | G1: LPG (Kg) | H1: LPG $/Kg | I1: Total Fuel Oil (Liters) | J1: Fuel Oil $/Liter | K1: Water Utility Supply (m3) m3 | L1: Water Utility Supply (m3) $/m3 | M1: Room Nights | N1: Food Covers
A2: Bali Jimbaran | B2: 1 | C2: 5 | D2: 2019 | E2: ='FS Jimbaran May 2019'!P12 -> 25840 | F2: ='FS Jimbaran May 2019'!O12/'FS Jimbaran May 2019'!P12 -> 1126.7715 | G2: ='FS Jimbaran May 2019'!AG12 -> 329.16472 | H2: ='FS Jimbaran May 2019'!AH12/'FS Jimbaran May 2019'!AG12 -> 10760.412 | I2: ='FS Jimbaran May 2019'!AJ12 -> 537.66 | J2: ='FS Jimbaran May 2019'!AK12/'FS Jimbaran May 2019'!AJ12 -> 10400 | K2: ='FS Jimbaran May 2019'!V12 -> 914.92 | L2: ='FS Jimbaran May 2019'!AA12/'FS Jimbaran May 2019'!V12 -> 4435.006 | M2: 146 | N2: 802
A3: Bali Jimbaran | B3: =B2+1 -> 2 | C3: 5 | D3: 2019 | E3: ='FS Jimbaran May 2019'!P13 -> 26180 | F3: ='FS Jimbaran May 2019'!O13/'FS Jimbaran May 2019'!P13 -> 1124.0072 | G3: ='FS Jimbaran May 2019'!AG13 -> 282.7226 | H3: ='FS Jimbaran May 2019'!AH13/'FS Jimbaran May 2019'!AG13 -> 11482.309 | I3: ='FS Jimbaran May 2019'!AJ13 -> 770.24 | J3: ='FS Jimbaran May 2019'!AK13/'FS Jimbaran May 2019'!AJ13 -> 10400 | K3: ='FS Jimbaran May 2019'!V13 -> 918.48 | L3: ='FS Jimbaran May 2019'!AA13/'FS Jimbaran May 2019'!V13 -> 3553.5887 | M3: 66 | N3: 699
A4: Bali Jimbaran | B4: =B3+1 -> 3 | C4: 5 | D4: 2019 | E4: ='FS Jimbaran May 2019'!P14 -> 25480 | F4: ='FS Jimbaran May 2019'!O14/'FS Jimbaran May 2019'!P14 -> 1128.0571 | G4: ='FS Jimbaran May 2019'!AG14 -> 141.86272 | H4: ='FS Jimbaran May 2019'!AH14/'FS Jimbaran May 2019'!AG14 -> 10803.602 | I4: ='FS Jimbaran May 2019'!AJ14 -> 534.8 | J4: ='FS Jimbaran May 2019'!AK14/'FS Jimbaran May 2019'!AJ14 -> 10400 | K4: ='FS Jimbaran May 2019'!V14 -> 946.07 | L4: ='FS Jimbaran May 2019'!AA14/'FS Jimbaran May 2019'!V14 -> 3990.9524 | M4: 87 | N4: 603
A5: Bali Jimbaran | B5: =B4+1 -> 4 | C5: 5 | D5: 2019 | E5: ='FS Jimbaran May 2019'!P15 -> 24240 | F5: ='FS Jimbaran May 2019'!O15/'FS Jimbaran May 2019'!P15 -> 1130.2137 | G5: ='FS Jimbaran May 2019'!AG15 -> 24 | H5: ='FS Jimbaran May 2019'!AH15/'FS Jimbaran May 2019'!AG15 -> 11625 | I5: ='FS Jimbaran May 2019'!AJ15 -> 534.42 | J5: ='FS Jimbaran May 2019'!AK15/'FS Jimbaran May 2019'!AJ15 -> 10400 | K5: ='FS Jimbaran May 2019'!V15 -> 960.31 | L5: ='FS Jimbaran May 2019'!AA15/'FS Jimbaran May 2019'!V15 -> 4406.2187 | M5: 73 | N5: 630
A6: Bali Jimbaran | B6: =B5+1 -> 5 | C6: 5 | D6: 2019 | E6: ='FS Jimbaran May 2019'!P16 -> 25500 | F6: ='FS Jimbaran May 2019'!O16/'FS Jimbaran May 2019'!P16 -> 1125.5476 | G6: ='FS Jimbaran May 2019'!AG16 -> 141.54048 | H6: ='FS Jimbaran May 2019'!AH16/'FS Jimbaran May 2019'!AG16 -> 10803.774 | I6: ='FS Jimbaran May 2019'!AJ16 -> 539.98 | J6: ='FS Jimbaran May 2019'!AK16/'FS Jimbaran May 2019'!AJ16 -> 10400 | K6: ='FS Jimbaran May 2019'!V16 -> 890.89 | L6: ='FS Jimbaran May 2019'!AA16/'FS Jimbaran May 2019'!V16 -> 4809.3508 | M6: 53 | N6: 540
A7: Bali Jimbaran | B7: =B6+1 -> 6 | C7: 5 | D7: 2019 | E7: ='FS Jimbaran May 2019'!P17 -> 24560 | F7: ='FS Jimbaran May 2019'!O17/'FS Jimbaran May 2019'!P17 -> 1125.6095 | G7: ='FS Jimbaran May 2019'!AG17 -> 135.1394 | H7: ='FS Jimbaran May 2019'!AH17/'FS Jimbaran May 2019'!AG17 -> 10727.7 | I7: ='FS Jimbaran May 2019'!AJ17 -> 426.75 | J7: ='FS Jimbaran May 2019'!AK17/'FS Jimbaran May 2019'!AJ17 -> 10400 | K7: ='FS Jimbaran May 2019'!V17 -> 834.82 | L7: ='FS Jimbaran May 2019'!AA17/'FS Jimbaran May 2019'!V17 -> 5090.8847 | M7: 42 | N7: 394
A8: Bali Jimbaran | B8: =B7+1 -> 7 | C8: 5 | D8: 2019 | E8: ='FS Jimbaran May 2019'!P18 -> 24120 | F8: ='FS Jimbaran May 2019'!O18/'FS Jimbaran May 2019'!P18 -> 1125.101 | G8: ='FS Jimbaran May 2019'!AG18 -> 398.5492 | H8: ='FS Jimbaran May 2019'!AH18/'FS Jimbaran May 2019'!AG18 -> 11646.89 | I8: ='FS Jimbaran May 2019'!AJ18 -> 423.95 | J8: ='FS Jimbaran May 2019'!AK18/'FS Jimbaran May 2019'!AJ18 -> 10400 | K8: ='FS Jimbaran May 2019'!V18 -> 924.71 | L8: ='FS Jimbaran May 2019'!AA18/'FS Jimbaran May 2019'!V18 -> 3762.9197 | M8: 42 | N8: 330
A9: Bali Jimbaran | B9: =B8+1 -> 8 | C9: 5 | D9: 2019 | E9: ='FS Jimbaran May 2019'!P19 -> 23460 | F9: ='FS Jimbaran May 2019'!O19/'FS Jimbaran May 2019'!P19 -> 1125.8478 | G9: ='FS Jimbaran May 2019'!AG19 -> 202.58776 | H9: ='FS Jimbaran May 2019'!AH19/'FS Jimbaran May 2019'!AG19 -> 11046.602 | I9: ='FS Jimbaran May 2019'!AJ19 -> 508.06 | J9: ='FS Jimbaran May 2019'!AK19/'FS Jimbaran May 2019'!AJ19 -> 10400 | K9: ='FS Jimbaran May 2019'!V19 -> 852.62 | L9: ='FS Jimbaran May 2019'!AA19/'FS Jimbaran May 2019'!V19 -> 5405.9882 | M9: 45 | N9: 345
A10: Bali Jimbaran | B10: =B9+1 -> 9 | C10: 5 | D10: 2019 | E10: ='FS Jimbaran May 2019'!P20 -> 24140 | F10: ='FS Jimbaran May 2019'!O20/'FS Jimbaran May 2019'!P20 -> 1126.3142 | G10: ='FS Jimbaran May 2019'!AG20 -> 292.75232 | H10: ='FS Jimbaran May 2019'!AH20/'FS Jimbaran May 2019'!AG20 -> 11456.456 | I10: ='FS Jimbaran May 2019'!AJ20 -> 782.94 | J10: ='FS Jimbaran May 2019'!AK20/'FS Jimbaran May 2019'!AJ20 -> 10400 | K10: ='FS Jimbaran May 2019'!V20 -> 847.28 | L10: ='FS Jimbaran May 2019'!AA20/'FS Jimbaran May 2019'!V20 -> 4303.9073 | M10: 48 | N10: 421
A11: Bali Jimbaran | B11: =B10+1 -> 10 | C11: 5 | D11: 2019 | E11: ='FS Jimbaran May 2019'!P21 -> 23960 | F11: ='FS Jimbaran May 2019'!O21/'FS Jimbaran May 2019'!P21 -> 1130.4527 | G11: ='FS Jimbaran May 2019'!AG21 -> 148.91172 | H11: ='FS Jimbaran May 2019'!AH21/'FS Jimbaran May 2019'!AG21 -> 10800.009 | I11: ='FS Jimbaran May 2019'!AJ21 -> 594.8 | J11: ='FS Jimbaran May 2019'!AK21/'FS Jimbaran May 2019'!AJ21 -> 10400 | K11: ='FS Jimbaran May 2019'!V21 -> 889.11 | L11: ='FS Jimbaran May 2019'!AA21/'FS Jimbaran May 2019'!V21 -> 4379.7473 | M11: 56 | N11: 368
A12: Bali Jimbaran | B12: =B11+1 -> 11 | C12: 5 | D12: 2019 | E12: ='FS Jimbaran May 2019'!P22 -> 24320 | F12: ='FS Jimbaran May 2019'!O22/'FS Jimbaran May 2019'!P22 -> 1124.7923 | G12: ='FS Jimbaran May 2019'!AG22 -> 311.51936 | H12: ='FS Jimbaran May 2019'!AH22/'FS Jimbaran May 2019'!AG22 -> 11447.118 | I12: ='FS Jimbaran May 2019'!AJ22 -> 553.94 | J12: ='FS Jimbaran May 2019'!AK22/'FS Jimbaran May 2019'!AJ22 -> 10400 | K12: ='FS Jimbaran May 2019'!V22 -> 883.77 | L12: ='FS Jimbaran May 2019'!AA22/'FS Jimbaran May 2019'!V22 -> 4892.3978 | M12: 85 | N12: 392
A13: Bali Jimbaran | B13: =B12+1 -> 12 | C13: 5 | D13: 2019 | E13: ='FS Jimbaran May 2019'!P23 -> 24080 | F13: ='FS Jimbaran May 2019'!O23/'FS Jimbaran May 2019'!P23 -> 1132.1316 | G13: ='FS Jimbaran May 2019'!AG23 -> 195.68588 | H13: ='FS Jimbaran May 2019'!AH23/'FS Jimbaran May 2019'!AG23 -> 11201.164 | I13: ='FS Jimbaran May 2019'!AJ23 -> 479.11 | J13: ='FS Jimbaran May 2019'!AK23/'FS Jimbaran May 2019'!AJ23 -> 10400 | K13: ='FS Jimbaran May 2019'!V23 -> 789.43 | L13: ='FS Jimbaran May 2019'!AA23/'FS Jimbaran May 2019'!V23 -> 3543.4187 | M13: 110 | N13: 480
A14: Bali Jimbaran | B14: =B13+1 -> 13 | C14: 5 | D14: 2019 | E14: ='FS Jimbaran May 2019'!P24 -> 24400 | F14: ='FS Jimbaran May 2019'!O24/'FS Jimbaran May 2019'!P24 -> 1127.8965 | G14: ='FS Jimbaran May 2019'!AG24 -> 149.59992 | H14: ='FS Jimbaran May 2019'!AH24/'FS Jimbaran May 2019'!AG24 -> 10727.7 | I14: ='FS Jimbaran May 2019'!AJ24 -> 356.34 | J14: ='FS Jimbaran May 2019'!AK24/'FS Jimbaran May 2019'!AJ24 -> 10400 | K14: ='FS Jimbaran May 2019'!V24 -> 841.05 | L14: ='FS Jimbaran May 2019'!AA24/'FS Jimbaran May 2019'!V24 -> 3460.7067 | M14: 99 | N14: 775
... A32: Bali Jimbaran | B32: =B31+1 -> 31 | C32: 5 | D32: 2019 | E32: ='FS Jimbaran May 2019'!P42 -> 23760 | F32: ='FS Jimbaran May 2019'!O42/'FS Jimbaran May 2019'!P42 -> 1126.0184 | G32: ='FS Jimbaran May 2019'!AG42 -> 160.02556 | H32: ='FS Jimbaran May 2019'!AH42/'FS Jimbaran May 2019'!AG42 -> 10862.274 | I32: ='FS Jimbaran May 2019'!AJ42 -> 649.05 | J32: ='FS Jimbaran May 2019'!AK42/'FS Jimbaran May 2019'!AJ42 -> 10400 | K32: ='FS Jimbaran May 2019'!V42 -> 783.2 | L32: ='FS Jimbaran May 2019'!AA42/'FS Jimbaran May 2019'!V42 -> 4819.5888 | M32: 71 | N32: 544

Sheet FS Jimbaran May 2019
B6: Four Seasons Resort Bali at Jimbaran Bay
B7: MAY 2019
B8: Date | C8: Room Nights | D8: Food Covers | E8: ELECTRICITY Resort, Sundara & Residences | V8: WATER | AC8: GAS
E9: Electricity Resort | J9: Electricity - Sundara | O9: Sub Total (Resort & Sundara) Cost (IDR) | P9: Sub Total (Resort & Sundara), KWh | Q9: Residences- Electricity KWh | R9: Residences- Electricity cost (IDR) | S9: TOTAL Electricity consumption (KWh) | T9: TOTAL Electricity cost | W9: Water (m3) | AA9: Total Water Cost | AC9: LPG | AJ9: Diesel
E10: BASED LOAD KWh (from 10 pm - 6 pm) | F10: Cost (IDR) | G10: PEAK LOAD KWh (from 6 pm - 10 pm) | H10: Cost (IDR) | I10: Resort Cost (IDR) | J10: BASED LOAD KWh (from 10 pm - 6 pm) | K10: Cost (IDR) | L10: PEAK LOAD KWh (from 6 pm - 10 pm) | M10: Cost (IDR) | N10: Sundara Cost (IDR) | T10: IDR | U10: USD | V10: Water consumption (m3) | W10: Municipal Water (m3) | X10: Municipal Water cost (IDR) | Y10: Deepwell Consumption (m3) | Z10: Deepwell water Cost (IDR) | AA10: IDR | AB10: USD | AC10: LPG Bulk (m3) | AD10: 50 Kg (tube) IVD & TW | AE10: Sundara 50 kg (tube) | AF10: 12 Kg (tube) | AG10: Total kg | AH10: IDR | AI10: USD | AJ10: Used (liters) | AK10: IDR | AL10: USD
B12: 1 | C12: 146 | D12: 802 | E12: 19200 | F12: 19886976 | G12: 4040 | H12: 6276826.8 | I12: =F12+H12 -> 26163803 | J12: 2100 | K12: 2175138 | L12: 500 | M12: 776835 | N12: =+K12+M12 -> 2951973 | O12: =N12+I12 -> 29115776 | P12: =L12+J12+G12+E12 -> 25840 | U12: 0 | V12: =Y12+W12 -> 914.92 | W12: 160.2 | X12: 2878874.1 | Y12: 754.72 | Z12: 1178801.6 | AA12: =Z12+X12 -> 4057675.7 | AB12: =AA12/$AL$48 -> 312.70403 | AC12: 317.16472 | AD12: 0 | AE12: 0 | AF12: 12 | AG12: =AC12+AD12+AE12+AF12 -> 329.16472 | AH12: 3541948 | AI12: =AH12/$AL$48 -> 272.95957 | AJ12: 537.66 | AK12: 5591664 | AL12: =AK12/$AL$48 -> 430.92056
B13: 2 | C13: 66 | D13: 699 | E13: 19720 | F13: 20425582 | G13: 3960 | H13: 6152533.2 | I13: =F13+H13 -> 26578115 | J13: 2000 | K13: 2071560 | L13: 500 | M13: 776835 | N13: =+K13+M13 -> 2848395 | O13: =N13+I13 -> 29426510 | P13: =L13+J13+G13+E13 -> 26180 | U13: 0 | V13: =Y13+W13 -> 918.48 | W13: 125.49 | X13: 2255118 | Y13: 792.99 | Z13: 1008782.1 | AA13: =Z13+X13 -> 3263900.2 | AB13: =AA13/$AL$48 -> 251.53187 | AC13: 132.7226 | AD13: 0 | AE13: 150 | AF13: 0 | AG13: =AC13+AD13+AE13+AF13 -> 282.7226 | AH13: 3246308.2 | AI13: =AH13/$AL$48 -> 250.17615 | AJ13: 770.24 | AK13: 8010496 | AL13: =AK13/$AL$48 -> 617.32741
B14: 3 | C14: 87 | D14: 603 | E14: 18920 | F14: 19596958 | G14: 4040 | H14: 6276826.8 | I14: =F14+H14 -> 25873784 | J14: 2020 | K14: 2092275.6 | L14: 500 | M14: 776835 | N14: =+K14+M14 -> 2869110.6 | O14: =N14+I14 -> 28742895 | P14: =L14+J14+G14+E14 -> 25480 | U14: 0 | V14: =Y14+W14 -> 946.07 | W14: 127.27 | X14: 2287105.5 | Y14: 818.8 | Z14: 1488614.8 | AA14: =Z14+X14 -> 3775720.4 | AB14: =AA14/$AL$48 -> 290.9752 | AC14: 129.86272 | AD14: 0 | AE14: 0 | AF14: 12 | AG14: =AC14+AD14+AE14+AF14 -> 141.86272 | AH14: 1532628.3 | AI14: =AH14/$AL$48 -> 118.11172 | AJ14: 534.8 | AK14: 5561920 | AL14: =AK14/$AL$48 -> 428.62835
B15: 4 | C15: 73 | D15: 630 | E15: 17760 | F15: 18395453 | G15: 3920 | H15: 6090386.4 | I15: =F15+H15 -> 24485839 | J15: 2060 | K15: 2133706.8 | L15: 500 | M15: 776835 | N15: =+K15+M15 -> 2910541.8 | O15: =N15+I15 -> 27396381 | P15: =L15+J15+G15+E15 -> 24240 | U15: 0 | V15: =Y15+W15 -> 960.31 | W15: 175.33 | X15: 3150767.8 | Y15: 784.98 | Z15: 1080568.1 | AA15: =Z15+X15 -> 4231335.9 | AB15: =AA15/$AL$48 -> 326.08713 | AC15: 0 | AD15: 0 | AE15: 0 | AF15: 24 | AG15: =AC15+AD15+AE15+AF15 -> 24 | AH15: 279000 | AI15: =AH15/$AL$48 -> 21.501084 | AJ15: 534.42 | AK15: 5557968 | AL15: =AK15/$AL$48 -> 428.32379
B16: 5 | C16: 53 | D16: 540 | E16: 18960 | F16: 19638389 | G16: 3920 | H16: 6090386.4 | I16: =F16+H16 -> 25728775 | J16: 2120 | K16: 2195853.6 | L16: 500 | M16: 776835 | N16: =+K16+M16 -> 2972688.6 | O16: =N16+I16 -> 28701464 | P16: =L16+J16+G16+E16 -> 25500 | U16: 0 | V16: =Y16+W16 -> 890.89 | W16: 183.34 | X16: 3294711.5 | Y16: 707.55 | Z16: 989891.07 | AA16: =Z16+X16 -> 4284602.5 | AB16: =AA16/$AL$48 -> 330.19211 | AC16: 129.54048 | AD16: 0 | AE16: 0 | AF16: 12 | AG16: =AC16+AD16+AE16+AF16 -> 141.54048 | AH16: 1529171.4 | AI16: =AH16/$AL$48 -> 117.84531 | AJ16: 539.98 | AK16: 5615792 | AL16: =AK16/$AL$48 -> 432.77998
B17: 6 | C17: 42 | D17: 394 | E17: 18400 | F17: 19058352 | G17: 3760 | H17: 5841799.2 | I17: =F17+H17 -> 24900151 | J17: 1900 | K17: 1967982 | L17: 500 | M17: 776835 | N17: =+K17+M17 -> 2744817 | O17: =N17+I17 -> 27644968 | P17: =L17+J17+G17+E17 -> 24560 | U17: 0 | V17: =Y17+W17 -> 834.82 | W17: 178.89 | X17: 3214742.7 | Y17: 655.93 | Z17: 1035229.6 | AA17: =Z17+X17 -> 4249972.3 | AB17: =AA17/$AL$48 -> 327.52334 | AC17: 135.1394 | AD17: 0 | AE17: 0 | AF17: 0 | AG17: =AC17+AD17+AE17+AF17 -> 135.1394 | AH17: 1449734.9 | AI17: =AH17/$AL$48 -> 111.72356 | AJ17: 426.75 | AK17: 4438200 | AL17: =AK17/$AL$48 -> 342.02907
B18: 7 | C18: 42 | D18: 330 | E18: 18000 | F18: 18644040 | G18: 3680 | H18: 5717505.6 | I18: =F18+H18 -> 24361546 | J18: 1960 | K18: 2030128.8 | L18: 480 | M18: 745761.6 | N18: =+K18+M18 -> 2775890.4 | O18: =N18+I18 -> 27137436 | P18: =L18+J18+G18+E18 -> 24120 | U18: 0 | V18: =Y18+W18 -> 924.71 | W18: 160.2 | X18: 2878874.1 | Y18: 764.51 | Z18: 600735.42 | AA18: =Z18+X18 -> 3479609.5 | AB18: =AA18/$AL$48 -> 268.15547 | AC18: 136.5492 | AD18: 0 | AE18: 250 | AF18: 12 | AG18: =AC18+AD18+AE18+AF18 -> 398.5492 | AH18: 4641858.9 | AI18: =AH18/$AL$48 -> 357.724 | AJ18: 423.95 | AK18: 4409080 | AL18: =AK18/$AL$48 -> 339.78494
B19: 8 | C19: 45 | D19: 345 | E19: 17520 | F19: 18146866 | G19: 3600 | H19: 5593212 | I19: =F19+H19 -> 23740078 | J19: 1860 | K19: 1926550.8 | L19: 480 | M19: 745761.6 | N19: =+K19+M19 -> 2672312.4 | O19: =N19+I19 -> 26412390 | P19: =L19+J19+G19+E19 -> 23460 | U19: 0 | V19: =Y19+W19 -> 852.62 | W19: 213.6 | X19: 3838498.8 | Y19: 639.02 | Z19: 770754.88 | AA19: =Z19+X19 -> 4609253.7 | AB19: =AA19/$AL$48 -> 355.21129 | AC19: 130.58776 | AD19: 0 | AE19: 0 | AF19: 72 | AG19: =AC19+AD19+AE19+AF19 -> 202.58776 | AH19: 2237906.3 | AI19: =AH19/$AL$48 -> 172.46384 | AJ19: 508.06 | AK19: 5283824 | AL19: =AK19/$AL$48 -> 407.19693
B20: 9 | C20: 48 | D20: 421 | E20: 18080 | F20: 18726902 | G20: 3720 | H20: 5779652.4 | I20: =F20+H20 -> 24506555 | J20: 1840 | K20: 1905835.2 | L20: 500 | M20: 776835 | N20: =+K20+M20 -> 2682670.2 | O20: =N20+I20 -> 27189225 | P20: =L20+J20+G20+E20 -> 24140 | U20: 0 | V20: =Y20+W20 -> 847.28 | W20: 149.52 | X20: 2686949.2 | Y20: 697.76 | Z20: 959665.39 | AA20: =Z20+X20 -> 3646614.6 | AB20: =AA20/$AL$48 -> 281.02568 | AC20: 142.75232 | AD20: 0 | AE20: 150 | AF20: 0 | AG20: =AC20+AD20+AE20+AF20 -> 292.75232 | AH20: 3353904.1 | AI20: =AH20/$AL$48 -> 258.468 | AJ20: 782.94 | AK20: 8142576 | AL20: =AK20/$AL$48 -> 627.50613
B21: 10 | C21: 56 | D21: 368 | E21: 17640 | F21: 18271159 | G21: 3880 | H21: 6028239.6 | I21: =F21+H21 -> 24299399 | J21: 1940 | K21: 2009413.2 | L21: 500 | M21: 776835 | N21: =+K21+M21 -> 2786248.2 | O21: =N21+I21 -> 27085647 | P21: =L21+J21+G21+E21 -> 23960 | U21: 0 | V21: =Y21+W21 -> 889.11 | W21: 162.87 | X21: 2926855.3 | Y21: 726.24 | Z21: 967221.81 | AA21: =Z21+X21 -> 3894077.1 | AB21: =AA21/$AL$48 -> 300.09634 | AC21: 136.91172 | AD21: 0 | AE21: 0 | AF21: 12 | AG21: =AC21+AD21+AE21+AF21 -> 148.91172 | AH21: 1608247.9 | AI21: =AH21/$AL$48 -> 123.93933 | AJ21: 594.8 | AK21: 6185920 | AL21: =AK21/$AL$48 -> 476.71679
B22: 11 | C22: 85 | D22: 392 | E22: 18080 | F22: 18726902 | G22: 3720 | H22: 5779652.4 | I22: =F22+H22 -> 24506555 | J22: 2060 | K22: 2133706.8 | L22: 460 | M22: 714688.2 | N22: =+K22+M22 -> 2848395 | O22: =N22+I22 -> 27354950 | P22: =L22+J22+G22+E22 -> 24320 | U22: 0 | V22: =Y22+W22 -> 883.77 | W22: 203.81 | X22: 3662567.6 | Y22: 679.96 | Z22: 661186.79 | AA22: =Z22+X22 -> 4323754.4 | AB22: =AA22/$AL$48 -> 333.20934 | AC22: 149.51936 | AD22: 0 | AE22: 150 | AF22: 12 | AG22: =AC22+AD22+AE22+AF22 -> 311.51936 | AH22: 3565998.8 | AI22: =AH22/$AL$48 -> 274.81305 | AJ22: 553.94 | AK22: 5760976 | AL22: =AK22/$AL$48 -> 443.96856
B23: 12 | C23: 110 | D23: 480 | E23: 17880 | F23: 18519746 | G23: 4000 | H23: 6214680 | I23: =F23+H23 -> 24734426 | J23: 1720 | K23: 1781541.6 | L23: 480 | M23: 745761.6 | N23: =+K23+M23 -> 2527303.2 | O23: =N23+I23 -> 27261730 | P23: =L23+J23+G23+E23 -> 24080 | U23: 0 | V23: =Y23+W23 -> 789.43 | W23: 138.84 | X23: 2495024.2 | Y23: 650.59 | Z23: 302256.82 | AA23: =Z23+X23 -> 2797281 | AB23: =AA23/$AL$48 -> 215.57195 | AC23: 121.68588 | AD23: 0 | AE23: 50 | AF23: 24 | AG23: =AC23+AD23+AE23+AF23 -> 195.68588 | AH23: 2191909.6 | AI23: =AH23/$AL$48 -> 168.91911 | AJ23: 479.11 | AK23: 4982744 | AL23: =AK23/$AL$48 -> 383.99425
... B42: 31 | C42: 71 | D42: 544 | E42: 17560 | F42: 18188297 | G42: 3640 | H42: 5655358.8 | I42: =F42+H42 -> 23843656 | J42: 2060 | K42: 2133706.8 | L42: 500 | M42: 776835 | N42: =+K42+M42 -> 2910541.8 | O42: =N42+I42 -> 26754197 | P42: =L42+J42+G42+E42 -> 23760 | U42: 0 | V42: =Y42+W42 -> 783.2 | W42: 141.51 | X42: 2543005.5 | Y42: 641.69 | Z42: 1231696.5 | AA42: =Z42+X42 -> 3774702 | AB42: =AA42/$AL$48 -> 290.89672 | AC42: 136.02556 | AD42: 0 | AE42: 0 | AF42: 24 | AG42: =AC42+AD42+AE42+AF42 -> 160.02556 | AH42: 1738241.4 | AI42: =AH42/$AL$48 -> 133.95726 | AJ42: 649.05 | AK42: 6750120 | AL42: =AK42/$AL$48 -> 520.19676
AF43: 456
C47: =SUM(C12:C43) -> 2127 | D47: =SUM(D12:D43) -> 14955 | E47: =SUM(E12:E43) -> 553080 | F47: =SUM(F12:F43) -> 5.728692e+08 | G47: =SUM(G12:G43) -> 112040 | H47: =SUM(H12:H43) -> 1.7407319e+08 | I47: =SUM(I12:I43) -> 7.4694239e+08 | J47: =SUM(J12:J43) -> 59620 | ... P47: =SUM(P12:P43) -> 739560 | Q47: =+#REF! -> #REF! | R47: =+#REF! -> #REF! | S47: =Q47+P47 -> #REF! | T47: =R47+O47 -> #REF! | U47: =T47/AL48 -> #REF! | V47: =SUM(V12:V42) -> 26550.48 | W47: =SUM(W12:W42) -> 4281.79 | X47: =SUM(X12:X42) -> 76945907 | Y47: =SUM(Y12:Y42) -> 22268.69 | Z47: =SUM(Z12:Z42) -> 29753405 | AA47: =SUM(AA12:AA42) -> 1.0669931e+08 | AB47: =AA47/$AL$48 -> 8222.763 | AC47: =SUM(AC12:AC41) -> 4111.7018 | AD47: =SUM(AD12:AD41) -> 0 | AE47: =SUM(AE12:AE42) -> 2000 | AF47: =SUM(AF12:AF42) -> 456 | AG47: =SUM(AG12:AG42) -> 6703.7274 | AH47: =SUM(AH12:AH43) -> 75169345 | AI47: =AH47/$AL$48 -> 5792.9118 | AJ47: =SUM(AJ12:AJ43) -> 18530.95 | AK47: =SUM(AK12:AK43) -> 1.9272188e+08 | AL47: =AK47/AL48 -> 14852.076
T48: kWh rate | U48: =U47/S47 -> #REF! | V48: m3/RNs | AL48: 12976.09

Sheet RNs & Covers May 2019
A1: Four Seasons Resort Bali at Jimbaran Bay
A2: 43586
A3: Date | B3: Room Nights | C3: Food Covers
A6: 1 | B6: 146 | C6: 802
A7: 2 | B7: 66 | C7: 699
A8: =A7+1 -> 3 | B8: 87 | C8: 603
A9: =A8+1 -> 4 | B9: 73 | C9: 630
A10: =A9+1 -> 5 | B10: 53 | C10: 540
A11: =A10+1 -> 6 | B11: 42 | C11: 394
A12: =A11+1 -> 7 | B12: 42 | C12: 330
A13: =A12+1 -> 8 | B13: 45 | C13: 345
A14: =A13+1 -> 9 | B14: 48 | C14: 421
A15: =A14+1 -> 10 | B15: 56 | C15: 368
A16: =A15+1 -> 11 | B16: 85 | C16: 392
A17: =A16+1 -> 12 | B17: 110 | C17: 480
A18: =A17+1 -> 13 | B18: 99 | C18: 775
A19: =A18+1 -> 14 | B19: 105 | C19: 246
... A36: =A35+1 -> 31 | B36: 71 | C36: 544
B38: =SUM(B6:B36) -> 2127 | C38: =SUM(C6:C36) -> 14955
