Workbook

Sheet Total
A1: Site Name | B1: Day | C1: Month | D1: Year | E1: Total Electricity Kwh | F1: Electricity Tariff ($/Kwh) | G1: Total Fuel Oil (Liters) | H1: Fuel Oil $/Liter | I1: Natual Gas (m3) | J1: Natural Gas $/m3 | K1: Water Utility Supply (m3) m3 | L1: Water Utility Supply (m3) $/m3 | M1: Room Nights
A2: Baku | B2: 1 | C2: 6 | D2: 2022 | E2: =IF(Electricity!F8<0,0,Electricity!F8) -> 24165 | F2: 0.0932 | G2: =IF('Water, Gas, Diesel'!K6<0,0,'Water, Gas, Diesel'!K6) -> 0 | H2: 0.7 | I2: =IF('Water, Gas, Diesel'!C6<0,0,'Water, Gas, Diesel'!C6) -> 2488 | J2: 0.21186441 | K2: =IF('Water, Gas, Diesel'!F6<0,0,'Water, Gas, Diesel'!F6) -> 260 | L2: 1.6949 | M2: =Electricity!H8 -> 153
A3: Baku | B3: =B2+1 -> 2 | C3: 6 | D3: 2022 | E3: =IF(Electricity!F9<0,0,Electricity!F9) -> 24927.5 | F3: 0.0932 | G3: =IF('Water, Gas, Diesel'!K7<0,0,'Water, Gas, Diesel'!K7) -> 0 | H3: 0.7 | I3: =IF('Water, Gas, Diesel'!C7<0,0,'Water, Gas, Diesel'!C7) -> 2422 | J3: 0.21186441 | K3: =IF('Water, Gas, Diesel'!F7<0,0,'Water, Gas, Diesel'!F7) -> 277 | L3: 1.6949 | M3: =Electricity!H9 -> 146
A4: Baku | B4: =B3+1 -> 3 | C4: 6 | D4: 2022 | E4: =IF(Electricity!F10<0,0,Electricity!F10) -> 22640 | F4: 0.0932 | G4: =IF('Water, Gas, Diesel'!K8<0,0,'Water, Gas, Diesel'!K8) -> 0 | H4: 0.7 | I4: =IF('Water, Gas, Diesel'!C8<0,0,'Water, Gas, Diesel'!C8) -> 2186 | J4: 0.21186441 | K4: =IF('Water, Gas, Diesel'!F8<0,0,'Water, Gas, Diesel'!F8) -> 276 | L4: 1.6949 | M4: =Electricity!H10 -> 112
A5: Baku | B5: =B4+1 -> 4 | C5: 6 | D5: 2022 | E5: =IF(Electricity!F11<0,0,Electricity!F11) -> 22007.5 | F5: 0.0932 | G5: =IF('Water, Gas, Diesel'!K9<0,0,'Water, Gas, Diesel'!K9) -> 0 | H5: 0.7 | I5: =IF('Water, Gas, Diesel'!C9<0,0,'Water, Gas, Diesel'!C9) -> 2092 | J5: 0.21186441 | K5: =IF('Water, Gas, Diesel'!F9<0,0,'Water, Gas, Diesel'!F9) -> 277 | L5: 1.6949 | M5: =Electricity!H11 -> 89
A6: Baku | B6: =B5+1 -> 5 | C6: 6 | D6: 2022 | E6: =IF(Electricity!F12<0,0,Electricity!F12) -> 21610 | F6: 0.0932 | G6: =IF('Water, Gas, Diesel'!K10<0,0,'Water, Gas, Diesel'!K10) -> 0 | H6: 0.7 | I6: =IF('Water, Gas, Diesel'!C10<0,0,'Water, Gas, Diesel'!C10) -> 1898 | J6: 0.21186441 | K6: =IF('Water, Gas, Diesel'!F10<0,0,'Water, Gas, Diesel'!F10) -> 250 | L6: 1.6949 | M6: =Electricity!H12 -> 65
A7: Baku | B7: =B6+1 -> 6 | C7: 6 | D7: 2022 | E7: =IF(Electricity!F13<0,0,Electricity!F13) -> 20735 | F7: 0.0932 | G7: =IF('Water, Gas, Diesel'!K11<0,0,'Water, Gas, Diesel'!K11) -> 0 | H7: 0.7 | I7: =IF('Water, Gas, Diesel'!C11<0,0,'Water, Gas, Diesel'!C11) -> 1879 | J7: 0.21186441 | K7: =IF('Water, Gas, Diesel'!F11<0,0,'Water, Gas, Diesel'!F11) -> 221 | L7: 1.6949 | M7: =Electricity!H13 -> 58
A8: Baku | B8: =B7+1 -> 7 | C8: 6 | D8: 2022 | E8: =IF(Electricity!F14<0,0,Electricity!F14) -> 20787.5 | F8: 0.0932 | G8: =IF('Water, Gas, Diesel'!K12<0,0,'Water, Gas, Diesel'!K12) -> 0 | H8: 0.7 | I8: =IF('Water, Gas, Diesel'!C12<0,0,'Water, Gas, Diesel'!C12) -> 2028 | J8: 0.21186441 | K8: =IF('Water, Gas, Diesel'!F12<0,0,'Water, Gas, Diesel'!F12) -> 195 | L8: 1.6949 | M8: =Electricity!H14 -> 59
A9: Baku | B9: =B8+1 -> 8 | C9: 6 | D9: 2022 | E9: =IF(Electricity!F15<0,0,Electricity!F15) -> 0 | F9: 0.0932 | G9: =IF('Water, Gas, Diesel'!K13<0,0,'Water, Gas, Diesel'!K13) -> 11890 | H9: 0.7 | I9: =IF('Water, Gas, Diesel'!C13<0,0,'Water, Gas, Diesel'!C13) -> 0 | J9: 0.21186441 | K9: =IF('Water, Gas, Diesel'!F13<0,0,'Water, Gas, Diesel'!F13) -> 0 | L9: 1.6949 | M9: =Electricity!H15 -> 43
A10: Baku | B10: =B9+1 -> 9 | C10: 6 | D10: 2022 | E10: =IF(Electricity!F16<0,0,Electricity!F16) -> 0 | F10: 0.0932 | G10: =IF('Water, Gas, Diesel'!K14<0,0,'Water, Gas, Diesel'!K14) -> 0 | H10: 0.7 | I10: =IF('Water, Gas, Diesel'!C14<0,0,'Water, Gas, Diesel'!C14) -> 0 | J10: 0.21186441 | K10: =IF('Water, Gas, Diesel'!F14<0,0,'Water, Gas, Diesel'!F14) -> 0 | L10: 1.6949 | M10: =Electricity!H16 -> 0
A11: Baku | B11: =B10+1 -> 10 | C11: 6 | D11: 2022 | E11: =IF(Electricity!F17<0,0,Electricity!F17) -> 0 | F11: 0.0932 | G11: =IF('Water, Gas, Diesel'!K15<0,0,'Water, Gas, Diesel'!K15) -> 0 | H11: 0.7 | I11: =IF('Water, Gas, Diesel'!C15<0,0,'Water, Gas, Diesel'!C15) -> 0 | J11: 0.21186441 | K11: =IF('Water, Gas, Diesel'!F15<0,0,'Water, Gas, Diesel'!F15) -> 0 | L11: 1.6949 | M11: =Electricity!H17 -> 0
A12: Baku | B12: =B11+1 -> 11 | C12: 6 | D12: 2022 | E12: =IF(Electricity!F18<0,0,Electricity!F18) -> 0 | F12: 0.0932 | G12: =IF('Water, Gas, Diesel'!K16<0,0,'Water, Gas, Diesel'!K16) -> 0 | H12: 0.7 | I12: =IF('Water, Gas, Diesel'!C16<0,0,'Water, Gas, Diesel'!C16) -> 0 | J12: 0.21186441 | K12: =IF('Water, Gas, Diesel'!F16<0,0,'Water, Gas, Diesel'!F16) -> 0 | L12: 1.6949 | M12: =Electricity!H18 -> 0
A13: Baku | B13: =B12+1 -> 12 | C13: 6 | D13: 2022 | E13: =IF(Electricity!F19<0,0,Electricity!F19) -> 0 | F13: 0.0932 | G13: =IF('Water, Gas, Diesel'!K17<0,0,'Water, Gas, Diesel'!K17) -> 0 | H13: 0.7 | I13: =IF('Water, Gas, Diesel'!C17<0,0,'Water, Gas, Diesel'!C17) -> 0 | J13: 0.21186441 | K13: =IF('Water, Gas, Diesel'!F17<0,0,'Water, Gas, Diesel'!F17) -> 0 | L13: 1.6949 | M13: =Electricity!H19 -> 0
A14: Baku | B14: =B13+1 -> 13 | C14: 6 | D14: 2022 | E14: =IF(Electricity!F20<0,0,Electricity!F20) -> 0 | F14: 0.0932 | G14: =IF('Water, Gas, Diesel'!K18<0,0,'Water, Gas, Diesel'!K18) -> 0 | H14: 0.7 | I14: =IF('Water, Gas, Diesel'!C18<0,0,'Water, Gas, Diesel'!C18) -> 0 | J14: 0.21186441 | K14: =IF('Water, Gas, Diesel'!F18<0,0,'Water, Gas, Diesel'!F18) -> 0 | L14: 1.6949 | M14: =Electricity!H20 -> 0
... A31: Baku | B31: =B30+1 -> 30 | C31: 6 | D31: 2022 | E31: =IF(Electricity!F37<0,0,Electricity!F37) -> 0 | F31: 0.0932 | G31: =IF('Water, Gas, Diesel'!K35<0,0,'Water, Gas, Diesel'!K35) -> 0 | H31: 0.7 | I31: =IF('Water, Gas, Diesel'!C35<0,0,'Water, Gas, Diesel'!C35) -> 0 | J31: 0.21186441 | K31: =IF('Water, Gas, Diesel'!F35<0,0,'Water, Gas, Diesel'!F35) -> 0 | L31: 1.6949 | M31: =Electricity!H37 -> 0

Sheet Electricity
A1: Budget
A2: June | B2: Electric (kwh) / 0.0932 | F2: Total consumption | G2: SUM | H2: Room Nights
B3: L 1 | D3: L 2
B5: meter | C5: consumption | D5: meter | E5: consumption
A7: 31 | B7: 15262.465 | C7: =(B8-B7)*2500 -> 12712.5 | D7: 15630.818 | E7: =(D8-D7)*2500 -> 9940 | F7: =C7+E7 -> 22652.5 | G7: =F7*0.0932 -> 2111.213 | H7: 122
A8: 1 | B8: 15267.55 | C8: =(B9-B8)*2500 -> 13510 | D8: 15634.794 | E8: =(D9-D8)*2500 -> 10655 | F8: =C8+E8 -> 24165 | G8: =F8*0.0932 -> 2252.178 | H8: 153
A9: 2 | B9: 15272.954 | C9: =(B10-B9)*2500 -> 13942.5 | D9: 15639.056 | E9: =(D10-D9)*2500 -> 10985 | F9: =C9+E9 -> 24927.5 | G9: =F9*0.0932 -> 2323.243 | H9: 146
A10: 3 | B10: 15278.531 | C10: =(B11-B10)*2500 -> 12812.5 | D10: 15643.45 | E10: =(D11-D10)*2500 -> 9827.5 | F10: =C10+E10 -> 22640 | G10: =F10*0.0932 -> 2110.048 | H10: 112
A11: 4 | B11: 15283.656 | C11: =(B12-B11)*2500 -> 12602.5 | D11: 15647.381 | E11: =(D12-D11)*2500 -> 9405 | F11: =C11+E11 -> 22007.5 | G11: =F11*0.0932 -> 2051.099 | H11: 89
A12: 5 | B12: 15288.697 | C12: =(B13-B12)*2500 -> 12325 | D12: 15651.143 | E12: =(D13-D12)*2500 -> 9285 | F12: =C12+E12 -> 21610 | G12: =F12*0.0932 -> 2014.052 | H12: 65
A13: 6 | B13: 15293.627 | C13: =(B14-B13)*2500 -> 11607.5 | D13: 15654.857 | E13: =(D14-D13)*2500 -> 9127.5 | F13: =C13+E13 -> 20735 | G13: =F13*0.0932 -> 1932.502 | H13: 58
A14: 7 | B14: 15298.27 | C14: =(B15-B14)*2500 -> 11865 | D14: 15658.508 | E14: =(D15-D14)*2500 -> 8922.5 | F14: =C14+E14 -> 20787.5 | G14: =F14*0.0932 -> 1937.395 | H14: 59
A15: 8 | B15: 15303.016 | C15: =(B16-B15)*2500 -> -38257540 | D15: 15662.077 | E15: =(D16-D15)*2500 -> -39155192 | F15: =C15+E15 -> -77412732 | G15: =F15*0.0932 -> -7214866.7 | H15: 43
A16: 9 | C16: =(B17-B16)*2500 -> 0 | E16: =(D17-D16)*2500 -> 0 | F16: =C16+E16 -> 0 | G16: =F16*0.0932 -> 0
A17: 10 | C17: =(B18-B17)*2500 -> 0 | E17: =(D18-D17)*2500 -> 0 | F17: =C17+E17 -> 0 | G17: =F17*0.0932 -> 0
A18: 11 | C18: =(B19-B18)*2500 -> 0 | E18: =(D19-D18)*2500 -> 0 | F18: =C18+E18 -> 0 | G18: =F18*0.0932 -> 0
A19: 12 | C19: =(B20-B19)*2500 -> 0 | E19: =(D20-D19)*2500 -> 0 | F19: =C19+E19 -> 0 | G19: =F19*0.0932 -> 0
A20: 13 | C20: =(B21-B20)*2500 -> 0 | E20: =(D21-D20)*2500 -> 0 | F20: =C20+E20 -> 0 | G20: =F20*0.0932 -> 0
A21: 14 | C21: =(B22-B21)*2500 -> 0 | E21: =(D22-D21)*2500 -> 0 | F21: =C21+E21 -> 0 | G21: =F21*0.0932 -> 0
A22: 15 | C22: =(B23-B22)*2500 -> 0 | E22: =(D23-D22)*2500 -> 0 | F22: =C22+E22 -> 0 | G22: =F22*0.0932 -> 0
A23: 16 | C23: =(B24-B23)*2500 -> 0 | E23: =(D24-D23)*2500 -> 0 | F23: =C23+E23 -> 0 | G23: =F23*0.0932 -> 0
A24: 17 | C24: =(B25-B24)*2500 -> 0 | E24: =(D25-D24)*2500 -> 0 | F24: =C24+E24 -> 0 | G24: =F24*0.0932 -> 0
A25: 18 | C25: =(B26-B25)*2500 -> 0 | E25: =(D26-D25)*2500 -> 0 | F25: =C25+E25 -> 0 | G25: =F25*0.0932 -> 0
A26: 19 | C26: =(B27-B26)*2500 -> 0 | E26: =(D27-D26)*2500 -> 0 | F26: =C26+E26 -> 0 | G26: =F26*0.0932 -> 0
A27: 20 | C27: =(B28-B27)*2500 -> 0 | E27: =(D28-D27)*2500 -> 0 | F27: =C27+E27 -> 0 | G27: =F27*0.0932 -> 0
... A38: 1 | C38: =(B39-B38)*2500 -> 0 | E38: =(D39-D38)*2500 -> 0 | F38: =C38+E38 -> 0 | G38: =F38*0.0932 -> 0

Sheet Water, Gas, Diesel
A1: Budget | B1: Gas (m3) | E1: Water (m3) (minimum 2000) | J1: Diesel (minimum 5000)
A3: June | B3: meter | C3: consumption | D3: SUM 0.21186441 | E3: meter | F3: consumption | G3: SUM for clean water 0.84746 | H3: SUM for dirty water 0.84746 | I3: Total sum | J3: meter | K3: consumption | L3: SUM 0.70
A5: 31 | B5: 6857851 | C5: =B6-B5 -> 2448 | D5: =C5*0.21186441 -> 518.64408 | E5: 533333 | F5: =E6-E5 -> 280 | G5: =F5*0.84746 -> 237.2888 | H5: =F5*0.84746 -> 237.2888 | I5: =G5+H5 -> 474.5776 | J5: =5210+6440 -> 11650 | K5: =J5-J6 -> -240 | L5: =K5*0.7 -> -168
A6: 1 | B6: 6860299 | C6: =B7-B6 -> 2488 | D6: =C6*0.21186441 -> 527.11865 | E6: 533613 | F6: =E7-E6 -> 260 | G6: =F6*0.84746 -> 220.3396 | H6: =F6*0.84746 -> 220.3396 | I6: =G6+H6 -> 440.6792 | J6: =5450+6440 -> 11890 | K6: =J6-J7 -> 0 | L6: =K6*0.7 -> 0
A7: 2 | B7: 6862787 | C7: =B8-B7 -> 2422 | D7: =C7*0.21186441 -> 513.1356 | E7: 533873 | F7: =E8-E7 -> 277 | G7: =F7*0.84746 -> 234.74642 | H7: =F7*0.84746 -> 234.74642 | I7: =G7+H7 -> 469.49284 | J7: =5450+6440 -> 11890 | K7: =J7-J8 -> 0 | L7: =K7*0.7 -> 0
A8: 3 | B8: 6865209 | C8: =B9-B8 -> 2186 | D8: =C8*0.21186441 -> 463.1356 | E8: 534150 | F8: =E9-E8 -> 276 | G8: =F8*0.84746 -> 233.89896 | H8: =F8*0.84746 -> 233.89896 | I8: =G8+H8 -> 467.79792 | J8: =5450+6440 -> 11890 | K8: =J8-J9 -> 0 | L8: =K8*0.7 -> 0
A9: 4 | B9: 6867395 | C9: =B10-B9 -> 2092 | D9: =C9*0.21186441 -> 443.22035 | E9: 534426 | F9: =E10-E9 -> 277 | G9: =F9*0.84746 -> 234.74642 | H9: =F9*0.84746 -> 234.74642 | I9: =G9+H9 -> 469.49284 | J9: =5450+6440 -> 11890 | K9: =J9-J10 -> 0 | L9: =K9*0.7 -> 0
A10: 5 | B10: 6869487 | C10: =B11-B10 -> 1898 | D10: =C10*0.21186441 -> 402.11865 | E10: 534703 | F10: =E11-E10 -> 250 | G10: =F10*0.84746 -> 211.865 | H10: =F10*0.84746 -> 211.865 | I10: =G10+H10 -> 423.73 | J10: =5450+6440 -> 11890 | K10: =J10-J11 -> 0 | L10: =K10*0.7 -> 0
A11: 6 | B11: 6871385 | C11: =B12-B11 -> 1879 | D11: =C11*0.21186441 -> 398.09323 | E11: 534953 | F11: =E12-E11 -> 221 | G11: =F11*0.84746 -> 187.28866 | H11: =F11*0.84746 -> 187.28866 | I11: =G11+H11 -> 374.57732 | J11: =5450+6440 -> 11890 | K11: =J11-J12 -> 0 | L11: =K11*0.7 -> 0
A12: 7 | B12: 6873264 | C12: =B13-B12 -> 2028 | D12: =C12*0.21186441 -> 429.66102 | E12: 535174 | F12: =E13-E12 -> 195 | G12: =F12*0.84746 -> 165.2547 | H12: =F12*0.84746 -> 165.2547 | I12: =G12+H12 -> 330.5094 | J12: =5450+6440 -> 11890 | K12: =J12-J13 -> 0 | L12: =K12*0.7 -> 0
A13: 8 | B13: 6875292 | C13: =B14-B13 -> -6875292 | D13: =C13*0.21186441 -> -1456629.7 | E13: 535369 | F13: =E14-E13 -> -535369 | G13: =F13*0.84746 -> -453703.81 | H13: =F13*0.84746 -> -453703.81 | I13: =G13+H13 -> -907407.63 | J13: =5450+6440 -> 11890 | K13: =J13-J14 -> 11890 | L13: =K13*0.7 -> 8323
A14: 9 | C14: =B15-B14 -> 0 | D14: =C14*0.21186441 -> 0 | F14: =E15-E14 -> 0 | G14: =F14*0.84746 -> 0 | H14: =F14*0.84746 -> 0 | I14: =G14+H14 -> 0 | K14: =J14-J15 -> 0 | L14: =K14*0.7 -> 0
A15: 10 | C15: =B16-B15 -> 0 | D15: =C15*0.21186441 -> 0 | F15: =E16-E15 -> 0 | G15: =F15*0.84746 -> 0 | H15: =F15*0.84746 -> 0 | I15: =G15+H15 -> 0 | K15: =J15-J16 -> 0 | L15: =K15*0.7 -> 0
A16: 11 | C16: =B17-B16 -> 0 | D16: =C16*0.21186441 -> 0 | F16: =E17-E16 -> 0 | G16: =F16*0.84746 -> 0 | H16: =F16*0.84746 -> 0 | I16: =G16+H16 -> 0 | K16: =J16-J17 -> 0 | L16: =K16*0.7 -> 0
A17: 12 | C17: =B18-B17 -> 0 | D17: =C17*0.21186441 -> 0 | F17: =E18-E17 -> 0 | G17: =F17*0.84746 -> 0 | H17: =F17*0.84746 -> 0 | I17: =G17+H17 -> 0 | K17: =J17-J18 -> 0 | L17: =K17*0.7 -> 0
A18: 13 | C18: =B19-B18 -> 0 | D18: =C18*0.21186441 -> 0 | F18: =E19-E18 -> 0 | G18: =F18*0.84746 -> 0 | H18: =F18*0.84746 -> 0 | I18: =G18+H18 -> 0 | K18: =J18-J19 -> 0 | L18: =K18*0.7 -> 0
A19: 14 | C19: =B20-B19 -> 0 | D19: =C19*0.21186441 -> 0 | F19: =E20-E19 -> 0 | G19: =F19*0.84746 -> 0 | H19: =F19*0.84746 -> 0 | I19: =G19+H19 -> 0 | K19: =J19-J20 -> 0 | L19: =K19*0.7 -> 0
A20: 15 | C20: =B21-B20 -> 0 | D20: =C20*0.21186441 -> 0 | F20: =E21-E20 -> 0 | G20: =F20*0.84746 -> 0 | H20: =F20*0.84746 -> 0 | I20: =G20+H20 -> 0 | K20: =J20-J21 -> 0 | L20: =K20*0.7 -> 0
A21: 16 | C21: =B22-B21 -> 0 | D21: =C21*0.21186441 -> 0 | F21: =E22-E21 -> 0 | G21: =F21*0.84746 -> 0 | H21: =F21*0.84746 -> 0 | I21: =G21+H21 -> 0 | K21: =J21-J22 -> 0 | L21: =K21*0.7 -> 0
A22: 17 | C22: =B23-B22 -> 0 | D22: =C22*0.21186441 -> 0 | F22: =E23-E22 -> 0 | G22: =F22*0.84746 -> 0 | H22: =F22*0.84746 -> 0 | I22: =G22+H22 -> 0 | K22: =J22-J23 -> 0 | L22: =K22*0.7 -> 0
A23: 18 | C23: =B24-B23 -> 0 | D23: =C23*0.21186441 -> 0 | F23: =E24-E23 -> 0 | G23: =F23*0.84746 -> 0 | H23: =F23*0.84746 -> 0 | I23: =G23+H23 -> 0 | K23: =J23-J24 -> 0 | L23: =K23*0.7 -> 0
A24: 19 | C24: =B25-B24 -> 0 | D24: =C24*0.21186441 -> 0 | F24: =E25-E24 -> 0 | G24: =F24*0.84746 -> 0 | H24: =F24*0.84746 -> 0 | I24: =G24+H24 -> 0 | K24: =J24-J25 -> 0 | L24: =K24*0.7 -> 0
A25: 20 | C25: =B26-B25 -> 0 | D25: =C25*0.21186441 -> 0 | F25: =E26-E25 -> 0 | G25: =F25*0.84746 -> 0 | H25: =F25*0.84746 -> 0 | I25: =G25+H25 -> 0 | K25: =J25-J26 -> 0 | L25: =K25*0.7 -> 0
... A36: 1 | C36: =B37-B36 -> 0 | D36: =C36*0.21186441 -> 0 | F36: =E37-E36 -> 0 | G36: =F36*0.84746 -> 0 | H36: =F36*0.84746 -> 0 | I36: =G36+H36 -> 0 | K36: =J36-J37 -> 0 | L36: =K36*0.7 -> 0
