Workbook

Sheet 06 - 2022
A3: FOUR SEASONS HOTEL - DIFC
A4: HLP READING MONTH OF JUNE' 2022
B5: Electricity | D5: LPG (cu.m) | H5: Water (cu.m) | J5: BTU
A6: Date | B6: LV-01, 2025952759 | C6: LV-2, 2030235407 | D6: Main Meter % | E6: Main Kitchen | F6: Podium Kitchen | G6: Boiler | H6: B-3 Water Meter (DIFC) | I6: MainWater Meter (DEWA) | J6: Chilled Water (KWH) | K6: Gas Received (Litres) | L6: Remark
A7: 44347 | B7: 113326 | C7: 911522 | D7: 0.52 | E7: 1867.06 | F7: 2301.79 | G7: 42447.1 | H7: 14528 | I7: 158931 | J7: 55846526
A8: =A7+1 -> 44348 | B8: 117348 | C8: 917421 | D8: 0.45 | E8: 1893.88 | F8: 2309.62 | G8: 42480.68 | H8: 14528 | I8: 159048 | J8: 55873580
A9: =A8+1 -> 44349 | B9: 121154 | C9: 922875 | D9: 0.39 | E9: 1918.32 | F9: 2316.23 | G9: 42513.03 | H9: 14528 | I9: 159163 | J9: 55900456
A10: =A9+1 -> 44350 | B10: 125279 | C10: 928882 | D10: 0.3 | E10: 1945.27 | F10: 2323.87 | G10: 42546.42 | H10: 14528 | I10: 159294 | J10: 55929591 | K10: 3500
A11: =A10+1 -> 44351 | B11: 129027 | C11: 934368 | D11: 0.75 | E11: 1972.45 | F11: 2331.6 | G11: 42579.63 | H11: 14528 | I11: 159420 | J11: 55957494
A12: =A11+1 -> 44352 | B12: 132849 | C12: 939903 | D12: 0.69 | E12: 1997.97 | F12: 2339.39 | G12: 42613.35 | H12: 14528 | I12: 159532 | J12: 55984405
A13: =A12+1 -> 44353 | B13: 136725 | C13: 945457 | D13: 0.6 | E13: 2023.16 | F13: 2347.76 | G13: 42647.6 | H13: 14528 | I13: 159647 | J13: 56011200
A14: =A13+1 -> 44354 | B14: 140646 | C14: 951000 | D14: 0.53 | E14: 2048.89 | F14: 2354.76 | G14: 42681.1 | H14: 14528 | I14: 159758 | J14: 56037714
A15: =A14+1 -> 44355 | B15: 144591 | C15: 956596 | D15: 0.45 | E15: 2075.39 | F15: 2364 | G15: 42715.04 | H15: 14528 | I15: 159871 | J15: 56065336
A16: =A15+1 -> 44356 | B16: 148386 | C16: 961989 | D16: 0.37 | E16: 2106.18 | F16: 2372.22 | G16: 42747.05 | H16: 14528 | I16: 159980 | J16: 56091975
A17: =A16+1 -> 44357 | B17: 152349 | C17: 967689 | D17: 0.3 | E17: 2125.54 | F17: 2381.64 | G17: 42784.3 | H17: 14528 | I17: 160104 | J17: 56117999 | K17: 3850
A18: =A17+1 -> 44358 | B18: 156328 | C18: 973572 | D18: 0.8 | E18: 2153.88 | F18: 2391.05 | G18: 42817.22 | H18: 14528 | I18: 160231 | J18: 56150544
A19: =A18+1 -> 44359 | B19: 160169 | C19: 979186 | D19: 0.72 | E19: 2180.1 | F19: 2400.34 | G19: 42850.96 | H19: 14528 | I19: 160345 | J19: 56180641
A20: =A19+1 -> 44360 | B20: 163939 | C20: 984800 | D20: 0.64 | E20: 2206.46 | F20: 2409.25 | G20: 42882.99 | H20: 14528 | I20: 160453 | J20: 56211570
A21: =A20+1 -> 44361 | B21: 168108 | C21: 990401 | D21: 0.57 | E21: 2231.58 | F21: 2416.97 | G21: 42915.31 | H21: 14528 | I21: 160571 | J21: 56244345
A22: =A21+1 -> 44362 | B22: 172372 | C22: 996264 | D22: 0.5 | E22: 2254.89 | F22: 2425.48 | G22: 42947.82 | H22: 14528 | I22: 160684 | J22: 56277484
A23: =A22+1 -> 44363 | B23: 176158 | C23: 1001844.7 | D23: 0.43 | E23: 2279.37 | F23: 2433.32 | G23: 42976.83 | H23: 14528 | I23: 160801 | J23: 56308968
A24: =A23+1 -> 44364 | B24: 180197 | C24: 1007627.3 | D24: 0.32 | E24: 2306.94 | F24: 2441.21 | G24: 43007.87 | H24: 14528 | I24: 160930 | J24: 56339060
A25: =A24+1 -> 44365 | B25: 184120 | C25: 1013504.7 | D25: 0.26 | E25: 2330.59 | F25: 2449.35 | G25: 43045.85 | H25: 14528 | I25: 161062 | J25: 56377015
A26: =A25+1 -> 44366 | B26: 188007 | C26: 1019451.6 | D26: 0.78 | E26: 2358.05 | F26: 2457.83 | G26: 43082.7 | H26: 14528 | I26: 161185 | J26: 56416250 | K26: 4100
A27: =A26+1 -> 44367 | B27: 191955 | C27: 1025299.7 | D27: 0.71 | E27: 2385.14 | F27: 2466.02 | G27: 43117.17 | H27: 14528 | I27: 161284 | J27: 56451259
A28: =A27+1 -> 44368 | B28: 196050 | C28: 1031101.7 | D28: 0.64 | E28: 2409.45 | F28: 2473.5 | G28: 43151.18 | H28: 14528 | I28: 161397 | J28: 56486348
A29: =A28+1 -> 44369
A30: =A29+1 -> 44370
A31: =A30+1 -> 44371
A32: =A31+1 -> 44372
A33: =A32+1 -> 44373
A34: =A33+1 -> 44374
A35: =A34+1 -> 44375
A36: =A35+1 -> 44376
A37: =A36+1 -> 44377
A38: Readings | B38: =B37-B7 -> -113326 | C38: =C37-C7 -> -911522 | E38: =E37-E7 -> -1867.06 | F38: =F37-F7 -> -2301.79 | G38: =G37-G7 -> -42447.1 | H38: =H37-H7 -> -14528 | I38: =I37-I7 -> -158931 | J38: =J37-J7 -> -55846526 | K38: =SUM(K7:K37) -> 11450

Sheet Total Daily 
A1: Site Name | B1: Day | C1: Month | D1: Year | E1: Total Electricity Kwh | F1: Electricity Tariff ($/Kwh) | G1: LPG (Kg) | H1: LPG $/Kg | I1: District Energy Cooling Kwh | J1: District Energy Cooling $/Kwh | K1: Water Utility Supply (m3) m3 | L1: Water Utility Supply (m3) m3 | M1: Water Utility Supply (m3) $/m3 | N1: Room Nights
A2: Dubai DIFC | B2: 1 | C2: 6 | D2: 2022 | E2: ='06 - 2022'!B8-'06 - 2022'!B7+'06 - 2022'!C8-'06 - 2022'!C7 -> 9921 | F2: 0.118 | G2: ='06 - 2022'!D8-'06 - 2022'!D7+'06 - 2022'!E8-'06 - 2022'!E7 -> 26.75 | H2: 0.99 | I2: ='06 - 2022'!J8-'06 - 2022'!J7 -> 27054 | J2: 0.081 | K2: ='06 - 2022'!H8-'06 - 2022'!H7 -> 0 | L2: ='06 - 2022'!I8-'06 - 2022'!I7 -> 117 | M2: 4.3936294 | N2: 92
A3: Dubai DIFC | B3: =B2+1 -> 2 | C3: 6 | D3: 2022 | E3: ='06 - 2022'!B9-'06 - 2022'!B8+'06 - 2022'!C9-'06 - 2022'!C8 -> 9260 | F3: 0.118 | G3: ='06 - 2022'!D9-'06 - 2022'!D8+'06 - 2022'!E9-'06 - 2022'!E8 -> 24.38 | H3: 0.99 | I3: ='06 - 2022'!J9-'06 - 2022'!J8 -> 26876 | J3: 0.081 | K3: ='06 - 2022'!H9-'06 - 2022'!H8 -> 0 | L3: ='06 - 2022'!I9-'06 - 2022'!I8 -> 115 | M3: 4.3936294 | N3: 102
A4: Dubai DIFC | B4: =B3+1 -> 3 | C4: 6 | D4: 2022 | E4: ='06 - 2022'!B10-'06 - 2022'!B9+'06 - 2022'!C10-'06 - 2022'!C9 -> 10132 | F4: 0.118 | G4: ='06 - 2022'!D10-'06 - 2022'!D9+'06 - 2022'!E10-'06 - 2022'!E9 -> 26.86 | H4: 0.99 | I4: ='06 - 2022'!J10-'06 - 2022'!J9 -> 29135 | J4: 0.081 | K4: ='06 - 2022'!H10-'06 - 2022'!H9 -> 0 | L4: ='06 - 2022'!I10-'06 - 2022'!I9 -> 131 | M4: 4.3936294 | N4: 84
A5: Dubai DIFC | B5: =B4+1 -> 4 | C5: 6 | D5: 2022 | E5: ='06 - 2022'!B11-'06 - 2022'!B10+'06 - 2022'!C11-'06 - 2022'!C10 -> 9234 | F5: 0.118 | G5: ='06 - 2022'!D11-'06 - 2022'!D10+'06 - 2022'!E11-'06 - 2022'!E10 -> 27.63 | H5: 0.99 | I5: ='06 - 2022'!J11-'06 - 2022'!J10 -> 27903 | J5: 0.081 | K5: ='06 - 2022'!H11-'06 - 2022'!H10 -> 0 | L5: ='06 - 2022'!I11-'06 - 2022'!I10 -> 126 | M5: 4.3936294 | N5: 65
A6: Dubai DIFC | B6: =B5+1 -> 5 | C6: 6 | D6: 2022 | E6: ='06 - 2022'!B12-'06 - 2022'!B11+'06 - 2022'!C12-'06 - 2022'!C11 -> 9357 | F6: 0.118 | G6: ='06 - 2022'!D12-'06 - 2022'!D11+'06 - 2022'!E12-'06 - 2022'!E11 -> 25.46 | H6: 0.99 | I6: ='06 - 2022'!J12-'06 - 2022'!J11 -> 26911 | J6: 0.081 | K6: ='06 - 2022'!H12-'06 - 2022'!H11 -> 0 | L6: ='06 - 2022'!I12-'06 - 2022'!I11 -> 112 | M6: 4.3936294 | N6: 48
A7: Dubai DIFC | B7: =B6+1 -> 6 | C7: 6 | D7: 2022 | E7: ='06 - 2022'!B13-'06 - 2022'!B12+'06 - 2022'!C13-'06 - 2022'!C12 -> 9430 | F7: 0.118 | G7: ='06 - 2022'!D13-'06 - 2022'!D12+'06 - 2022'!E13-'06 - 2022'!E12 -> 25.1 | H7: 0.99 | I7: ='06 - 2022'!J13-'06 - 2022'!J12 -> 26795 | J7: 0.081 | K7: ='06 - 2022'!H13-'06 - 2022'!H12 -> 0 | L7: ='06 - 2022'!I13-'06 - 2022'!I12 -> 115 | M7: 4.3936294 | N7: 58
A8: Dubai DIFC | B8: =B7+1 -> 7 | C8: 6 | D8: 2022 | E8: ='06 - 2022'!B14-'06 - 2022'!B13+'06 - 2022'!C14-'06 - 2022'!C13 -> 9464 | F8: 0.118 | G8: ='06 - 2022'!D14-'06 - 2022'!D13+'06 - 2022'!E14-'06 - 2022'!E13 -> 25.66 | H8: 0.99 | I8: ='06 - 2022'!J14-'06 - 2022'!J13 -> 26514 | J8: 0.081 | K8: ='06 - 2022'!H14-'06 - 2022'!H13 -> 0 | L8: ='06 - 2022'!I14-'06 - 2022'!I13 -> 111 | M8: 4.3936294 | N8: 76
A9: Dubai DIFC | B9: =B8+1 -> 8 | C9: 6 | D9: 2022 | E9: ='06 - 2022'!B15-'06 - 2022'!B14+'06 - 2022'!C15-'06 - 2022'!C14 -> 9541 | F9: 0.118 | G9: ='06 - 2022'!D15-'06 - 2022'!D14+'06 - 2022'!E15-'06 - 2022'!E14 -> 26.42 | H9: 0.99 | I9: ='06 - 2022'!J15-'06 - 2022'!J14 -> 27622 | J9: 0.081 | K9: ='06 - 2022'!H15-'06 - 2022'!H14 -> 0 | L9: ='06 - 2022'!I15-'06 - 2022'!I14 -> 113 | M9: 4.3936294 | N9: 76
A10: Dubai DIFC | B10: =B9+1 -> 9 | C10: 6 | D10: 2022 | E10: ='06 - 2022'!B16-'06 - 2022'!B15+'06 - 2022'!C16-'06 - 2022'!C15 -> 9188 | F10: 0.118 | G10: ='06 - 2022'!D16-'06 - 2022'!D15+'06 - 2022'!E16-'06 - 2022'!E15 -> 30.71 | H10: 0.99 | I10: ='06 - 2022'!J16-'06 - 2022'!J15 -> 26639 | J10: 0.081 | K10: ='06 - 2022'!H16-'06 - 2022'!H15 -> 0 | L10: ='06 - 2022'!I16-'06 - 2022'!I15 -> 109 | M10: 4.3936294 | N10: 80
A11: Dubai DIFC | B11: =B10+1 -> 10 | C11: 6 | D11: 2022 | E11: ='06 - 2022'!B17-'06 - 2022'!B16+'06 - 2022'!C17-'06 - 2022'!C16 -> 9663 | F11: 0.118 | G11: ='06 - 2022'!D17-'06 - 2022'!D16+'06 - 2022'!E17-'06 - 2022'!E16 -> 19.29 | H11: 0.99 | I11: ='06 - 2022'!J17-'06 - 2022'!J16 -> 26024 | J11: 0.081 | K11: ='06 - 2022'!H17-'06 - 2022'!H16 -> 0 | L11: ='06 - 2022'!I17-'06 - 2022'!I16 -> 124 | M11: 4.3936294 | N11: 81
A12: Dubai DIFC | B12: =B11+1 -> 11 | C12: 6 | D12: 2022 | E12: ='06 - 2022'!B18-'06 - 2022'!B17+'06 - 2022'!C18-'06 - 2022'!C17 -> 9862 | F12: 0.118 | G12: ='06 - 2022'!D18-'06 - 2022'!D17+'06 - 2022'!E18-'06 - 2022'!E17 -> 28.84 | H12: 0.99 | I12: ='06 - 2022'!J18-'06 - 2022'!J17 -> 32545 | J12: 0.081 | K12: ='06 - 2022'!H18-'06 - 2022'!H17 -> 0 | L12: ='06 - 2022'!I18-'06 - 2022'!I17 -> 127 | M12: 4.3936294 | N12: 51
A13: Dubai DIFC | B13: =B12+1 -> 12 | C13: 6 | D13: 2022 | E13: ='06 - 2022'!B19-'06 - 2022'!B18+'06 - 2022'!C19-'06 - 2022'!C18 -> 9455 | F13: 0.118 | G13: ='06 - 2022'!D19-'06 - 2022'!D18+'06 - 2022'!E19-'06 - 2022'!E18 -> 26.14 | H13: 0.99 | I13: ='06 - 2022'!J19-'06 - 2022'!J18 -> 30097 | J13: 0.081 | K13: ='06 - 2022'!H19-'06 - 2022'!H18 -> 0 | L13: ='06 - 2022'!I19-'06 - 2022'!I18 -> 114 | M13: 4.3936294 | N13: 44
A14: Dubai DIFC | B14: =B13+1 -> 13 | C14: 6 | D14: 2022 | E14: ='06 - 2022'!B20-'06 - 2022'!B19+'06 - 2022'!C20-'06 - 2022'!C19 -> 9384 | F14: 0.118 | G14: ='06 - 2022'!D20-'06 - 2022'!D19+'06 - 2022'!E20-'06 - 2022'!E19 -> 26.28 | H14: 0.99 | I14: ='06 - 2022'!J20-'06 - 2022'!J19 -> 30929 | J14: 0.081 | K14: ='06 - 2022'!H20-'06 - 2022'!H19 -> 0 | L14: ='06 - 2022'!I20-'06 - 2022'!I19 -> 108 | M14: 4.3936294 | N14: 48
... A22: Dubai DIFC | B22: =B21+1 -> 21 | C22: 6 | D22: 2022 | E22: ='06 - 2022'!B28-'06 - 2022'!B27+'06 - 2022'!C28-'06 - 2022'!C27 -> 9897 | F22: 0.118 | G22: ='06 - 2022'!D28-'06 - 2022'!D27+'06 - 2022'!E28-'06 - 2022'!E27 -> 24.24 | H22: 0.99 | I22: ='06 - 2022'!J28-'06 - 2022'!J27 -> 35089 | J22: 0.081 | K22: ='06 - 2022'!H28-'06 - 2022'!H27 -> 0 | L22: ='06 - 2022'!I28-'06 - 2022'!I27 -> 113 | M22: 4.3936294 | N22: 58
A23: Dubai DIFC | B23: =B22+1 -> 22 | C23: 6 | D23: 2022 | E23: 0 | F23: 0.118 | G23: 0 | H23: 0.99 | I23: 0 | J23: 0.081 | K23: 0 | L23: 0 | M23: 4.3936294
A24: Dubai DIFC | B24: =B23+1 -> 23 | C24: 6 | D24: 2022 | E24: ='06 - 2022'!B30-'06 - 2022'!B29+'06 - 2022'!C30-'06 - 2022'!C29 -> 0 | F24: 0.118 | G24: ='06 - 2022'!D30-'06 - 2022'!D29+'06 - 2022'!E30-'06 - 2022'!E29 -> 0 | H24: 0.99 | I24: ='06 - 2022'!J30-'06 - 2022'!J29 -> 0 | J24: 0.081 | K24: ='06 - 2022'!H30-'06 - 2022'!H29 -> 0 | L24: ='06 - 2022'!I30-'06 - 2022'!I29 -> 0 | M24: 4.3936294
A25: Dubai DIFC | B25: =B24+1 -> 24 | C25: 6 | D25: 2022 | E25: ='06 - 2022'!B31-'06 - 2022'!B30+'06 - 2022'!C31-'06 - 2022'!C30 -> 0 | F25: 0.118 | G25: ='06 - 2022'!D31-'06 - 2022'!D30+'06 - 2022'!E31-'06 - 2022'!E30 -> 0 | H25: 0.99 | I25: ='06 - 2022'!J31-'06 - 2022'!J30 -> 0 | J25: 0.081 | K25: ='06 - 2022'!H31-'06 - 2022'!H30 -> 0 | L25: ='06 - 2022'!I31-'06 - 2022'!I30 -> 0 | M25: 4.3936294
A26: Dubai DIFC | B26: =B25+1 -> 25 | C26: 6 | D26: 2022 | E26: ='06 - 2022'!B32-'06 - 2022'!B31+'06 - 2022'!C32-'06 - 2022'!C31 -> 0 | F26: 0.118 | G26: ='06 - 2022'!D32-'06 - 2022'!D31+'06 - 2022'!E32-'06 - 2022'!E31 -> 0 | H26: 0.99 | I26: ='06 - 2022'!J32-'06 - 2022'!J31 -> 0 | J26: 0.081 | K26: ='06 - 2022'!H32-'06 - 2022'!H31 -> 0 | L26: ='06 - 2022'!I32-'06 - 2022'!I31 -> 0 | M26: 4.3936294
A27: Dubai DIFC | B27: =B26+1 -> 26 | C27: 6 | D27: 2022 | E27: ='06 - 2022'!B33-'06 - 2022'!B32+'06 - 2022'!C33-'06 - 2022'!C32 -> 0 | F27: 0.118 | G27: ='06 - 2022'!D33-'06 - 2022'!D32+'06 - 2022'!E33-'06 - 2022'!E32 -> 0 | H27: 0.99 | I27: ='06 - 2022'!J33-'06 - 2022'!J32 -> 0 | J27: 0.081 | K27: ='06 - 2022'!H33-'06 - 2022'!H32 -> 0 | L27: ='06 - 2022'!I33-'06 - 2022'!I32 -> 0 | M27: 4.3936294
A28: Dubai DIFC | B28: =B27+1 -> 27 | C28: 6 | D28: 2022 | E28: ='06 - 2022'!B34-'06 - 2022'!B33+'06 - 2022'!C34-'06 - 2022'!C33 -> 0 | F28: 0.118 | G28: ='06 - 2022'!D34-'06 - 2022'!D33+'06 - 2022'!E34-'06 - 2022'!E33 -> 0 | H28: 0.99 | I28: ='06 - 2022'!J34-'06 - 2022'!J33 -> 0 | J28: 0.081 | K28: ='06 - 2022'!H34-'06 - 2022'!H33 -> 0 | L28: ='06 - 2022'!I34-'06 - 2022'!I33 -> 0 | M28: 4.3936294
A29: Dubai DIFC | B29: =B28+1 -> 28 | C29: 6 | D29: 2022 | E29: ='06 - 2022'!B35-'06 - 2022'!B34+'06 - 2022'!C35-'06 - 2022'!C34 -> 0 | F29: 0.118 | G29: ='06 - 2022'!D35-'06 - 2022'!D34+'06 - 2022'!E35-'06 - 2022'!E34 -> 0 | H29: 0.99 | I29: ='06 - 2022'!J35-'06 - 2022'!J34 -> 0 | J29: 0.081 | K29: ='06 - 2022'!H35-'06 - 2022'!H34 -> 0 | L29: ='06 - 2022'!I35-'06 - 2022'!I34 -> 0 | M29: 4.3936294
A30: Dubai DIFC | B30: =B29+1 -> 29 | C30: 6 | D30: 2022 | E30: ='06 - 2022'!B36-'06 - 2022'!B35+'06 - 2022'!C36-'06 - 2022'!C35 -> 0 | F30: 0.118 | G30: ='06 - 2022'!D36-'06 - 2022'!D35+'06 - 2022'!E36-'06 - 2022'!E35 -> 0 | H30: 0.99 | I30: ='06 - 2022'!J36-'06 - 2022'!J35 -> 0 | J30: 0.081 | K30: ='06 - 2022'!H36-'06 - 2022'!H35 -> 0 | L30: ='06 - 2022'!I36-'06 - 2022'!I35 -> 0 | M30: 4.3936294
A31: Dubai DIFC | B31: =B30+1 -> 30 | C31: 6 | D31: 2022 | E31: ='06 - 2022'!B37-'06 - 2022'!B36+'06 - 2022'!C37-'06 - 2022'!C36 -> 0 | F31: 0.118 | G31: ='06 - 2022'!D37-'06 - 2022'!D36+'06 - 2022'!E37-'06 - 2022'!E36 -> 0 | H31: 0.99 | I31: ='06 - 2022'!J37-'06 - 2022'!J36 -> 0 | J31: 0.081 | K31: ='06 - 2022'!H37-'06 - 2022'!H36 -> 0 | L31: ='06 - 2022'!I37-'06 - 2022'!I36 -> 0 | M31: 4.3936294

Sheet Submetering Daily 
A1: Site Name | B1: Day | C1: Month | D1: Year | E1: Panel LV1 Kwh | F1: Panel LV2 Kwh | G1: Electricity Tariff ($/Kwh) | H1: Main Kitchen LPG (Kg) | I1: Podium Kitchen LPG (Kg) | J1: Boiler LPG (Kg) | K1: LPG $/Kg | L1: Room Nights
A2: Dubai DIFC | B2: 1 | C2: 6 | D2: 2022 | E2: ='06 - 2022'!B8-'06 - 2022'!B7 -> 4022 | F2: ='06 - 2022'!C8-'06 - 2022'!C7 -> 5899 | G2: 0.118 | H2: ='06 - 2022'!E8-'06 - 2022'!E7 -> 26.82 | I2: ='06 - 2022'!F8-'06 - 2022'!F7 -> 7.83 | J2: ='06 - 2022'!G8-'06 - 2022'!G7 -> 33.58 | K2: 0.74 | L2: 92
A3: Dubai DIFC | B3: =B2+1 -> 2 | C3: 6 | D3: 2022 | E3: ='06 - 2022'!B9-'06 - 2022'!B8 -> 3806 | F3: ='06 - 2022'!C9-'06 - 2022'!C8 -> 5454 | G3: 0.118 | H3: ='06 - 2022'!E9-'06 - 2022'!E8 -> 24.44 | I3: ='06 - 2022'!F9-'06 - 2022'!F8 -> 6.61 | J3: ='06 - 2022'!G9-'06 - 2022'!G8 -> 32.35 | K3: 0.74 | L3: 102
A4: Dubai DIFC | B4: =B3+1 -> 3 | C4: 6 | D4: 2022 | E4: ='06 - 2022'!B10-'06 - 2022'!B9 -> 4125 | F4: ='06 - 2022'!C10-'06 - 2022'!C9 -> 6007 | G4: 0.118 | H4: ='06 - 2022'!E10-'06 - 2022'!E9 -> 26.95 | I4: ='06 - 2022'!F10-'06 - 2022'!F9 -> 7.64 | J4: ='06 - 2022'!G10-'06 - 2022'!G9 -> 33.39 | K4: 0.74 | L4: 84
A5: Dubai DIFC | B5: =B4+1 -> 4 | C5: 6 | D5: 2022 | E5: ='06 - 2022'!B11-'06 - 2022'!B10 -> 3748 | F5: ='06 - 2022'!C11-'06 - 2022'!C10 -> 5486 | G5: 0.118 | H5: ='06 - 2022'!E11-'06 - 2022'!E10 -> 27.18 | I5: ='06 - 2022'!F11-'06 - 2022'!F10 -> 7.73 | J5: ='06 - 2022'!G11-'06 - 2022'!G10 -> 33.21 | K5: 0.74 | L5: 65
A6: Dubai DIFC | B6: =B5+1 -> 5 | C6: 6 | D6: 2022 | E6: ='06 - 2022'!B12-'06 - 2022'!B11 -> 3822 | F6: ='06 - 2022'!C12-'06 - 2022'!C11 -> 5535 | G6: 0.118 | H6: ='06 - 2022'!E12-'06 - 2022'!E11 -> 25.52 | I6: ='06 - 2022'!F12-'06 - 2022'!F11 -> 7.79 | J6: ='06 - 2022'!G12-'06 - 2022'!G11 -> 33.72 | K6: 0.74 | L6: 48
A7: Dubai DIFC | B7: =B6+1 -> 6 | C7: 6 | D7: 2022 | E7: ='06 - 2022'!B13-'06 - 2022'!B12 -> 3876 | F7: ='06 - 2022'!C13-'06 - 2022'!C12 -> 5554 | G7: 0.118 | H7: ='06 - 2022'!E13-'06 - 2022'!E12 -> 25.19 | I7: ='06 - 2022'!F13-'06 - 2022'!F12 -> 8.37 | J7: ='06 - 2022'!G13-'06 - 2022'!G12 -> 34.25 | K7: 0.74 | L7: 58
A8: Dubai DIFC | B8: =B7+1 -> 7 | C8: 6 | D8: 2022 | E8: ='06 - 2022'!B14-'06 - 2022'!B13 -> 3921 | F8: ='06 - 2022'!C14-'06 - 2022'!C13 -> 5543 | G8: 0.118 | H8: ='06 - 2022'!E14-'06 - 2022'!E13 -> 25.73 | I8: ='06 - 2022'!F14-'06 - 2022'!F13 -> 7 | J8: ='06 - 2022'!G14-'06 - 2022'!G13 -> 33.5 | K8: 0.74 | L8: 76
A9: Dubai DIFC | B9: =B8+1 -> 8 | C9: 6 | D9: 2022 | E9: ='06 - 2022'!B15-'06 - 2022'!B14 -> 3945 | F9: ='06 - 2022'!C15-'06 - 2022'!C14 -> 5596 | G9: 0.118 | H9: ='06 - 2022'!E15-'06 - 2022'!E14 -> 26.5 | I9: ='06 - 2022'!F15-'06 - 2022'!F14 -> 9.24 | J9: ='06 - 2022'!G15-'06 - 2022'!G14 -> 33.94 | K9: 0.74 | L9: 76
A10: Dubai DIFC | B10: =B9+1 -> 9 | C10: 6 | D10: 2022 | E10: ='06 - 2022'!B16-'06 - 2022'!B15 -> 3795 | F10: ='06 - 2022'!C16-'06 - 2022'!C15 -> 5393 | G10: 0.118 | H10: ='06 - 2022'!E16-'06 - 2022'!E15 -> 30.79 | I10: ='06 - 2022'!F16-'06 - 2022'!F15 -> 8.22 | J10: ='06 - 2022'!G16-'06 - 2022'!G15 -> 32.01 | K10: 0.74 | L10: 80
A11: Dubai DIFC | B11: =B10+1 -> 10 | C11: 6 | D11: 2022 | E11: ='06 - 2022'!B17-'06 - 2022'!B16 -> 3963 | F11: ='06 - 2022'!C17-'06 - 2022'!C16 -> 5700 | G11: 0.118 | H11: ='06 - 2022'!E17-'06 - 2022'!E16 -> 19.36 | I11: ='06 - 2022'!F17-'06 - 2022'!F16 -> 9.42 | J11: ='06 - 2022'!G17-'06 - 2022'!G16 -> 37.25 | K11: 0.74 | L11: 81
A12: Dubai DIFC | B12: =B11+1 -> 11 | C12: 6 | D12: 2022 | E12: ='06 - 2022'!B18-'06 - 2022'!B17 -> 3979 | F12: ='06 - 2022'!C18-'06 - 2022'!C17 -> 5883 | G12: 0.118 | H12: ='06 - 2022'!E18-'06 - 2022'!E17 -> 28.34 | I12: ='06 - 2022'!F18-'06 - 2022'!F17 -> 9.41 | J12: ='06 - 2022'!G18-'06 - 2022'!G17 -> 32.92 | K12: 0.74 | L12: 51
A13: Dubai DIFC | B13: =B12+1 -> 12 | C13: 6 | D13: 2022 | E13: ='06 - 2022'!B19-'06 - 2022'!B18 -> 3841 | F13: ='06 - 2022'!C19-'06 - 2022'!C18 -> 5614 | G13: 0.118 | H13: ='06 - 2022'!E19-'06 - 2022'!E18 -> 26.22 | I13: ='06 - 2022'!F19-'06 - 2022'!F18 -> 9.29 | J13: ='06 - 2022'!G19-'06 - 2022'!G18 -> 33.74 | K13: 0.74 | L13: 44
A14: Dubai DIFC | B14: =B13+1 -> 13 | C14: 6 | D14: 2022 | E14: ='06 - 2022'!B20-'06 - 2022'!B19 -> 3770 | F14: ='06 - 2022'!C20-'06 - 2022'!C19 -> 5614 | G14: 0.118 | H14: ='06 - 2022'!E20-'06 - 2022'!E19 -> 26.36 | I14: ='06 - 2022'!F20-'06 - 2022'!F19 -> 8.91 | J14: ='06 - 2022'!G20-'06 - 2022'!G19 -> 32.03 | K14: 0.74 | L14: 48
... A22: Dubai DIFC | B22: =B21+1 -> 21 | C22: 6 | D22: 2022 | E22: ='06 - 2022'!B28-'06 - 2022'!B27 -> 4095 | F22: ='06 - 2022'!C28-'06 - 2022'!C27 -> 5802 | G22: 0.118 | H22: ='06 - 2022'!E28-'06 - 2022'!E27 -> 24.31 | I22: ='06 - 2022'!F28-'06 - 2022'!F27 -> 7.48 | J22: ='06 - 2022'!G28-'06 - 2022'!G27 -> 34.01 | K22: 0.74 | L22: 58
A23: Dubai DIFC | B23: =B22+1 -> 22 | C23: 6 | D23: 2022 | E23: 0 | F23: 0 | G23: 0.118 | H23: 0 | I23: 0 | J23: 0 | K23: 0.74
A24: Dubai DIFC | B24: =B23+1 -> 23 | C24: 6 | D24: 2022 | E24: ='06 - 2022'!B30-'06 - 2022'!B29 -> 0 | F24: ='06 - 2022'!C30-'06 - 2022'!C29 -> 0 | G24: 0.118 | H24: ='06 - 2022'!E30-'06 - 2022'!E29 -> 0 | I24: ='06 - 2022'!F30-'06 - 2022'!F29 -> 0 | J24: ='06 - 2022'!G30-'06 - 2022'!G29 -> 0 | K24: 0.74
A25: Dubai DIFC | B25: =B24+1 -> 24 | C25: 6 | D25: 2022 | E25: ='06 - 2022'!B31-'06 - 2022'!B30 -> 0 | F25: ='06 - 2022'!C31-'06 - 2022'!C30 -> 0 | G25: 0.118 | H25: ='06 - 2022'!E31-'06 - 2022'!E30 -> 0 | I25: ='06 - 2022'!F31-'06 - 2022'!F30 -> 0 | J25: ='06 - 2022'!G31-'06 - 2022'!G30 -> 0 | K25: 0.74
A26: Dubai DIFC | B26: =B25+1 -> 25 | C26: 6 | D26: 2022 | E26: ='06 - 2022'!B32-'06 - 2022'!B31 -> 0 | F26: ='06 - 2022'!C32-'06 - 2022'!C31 -> 0 | G26: 0.118 | H26: ='06 - 2022'!E32-'06 - 2022'!E31 -> 0 | I26: ='06 - 2022'!F32-'06 - 2022'!F31 -> 0 | J26: ='06 - 2022'!G32-'06 - 2022'!G31 -> 0 | K26: 0.74
A27: Dubai DIFC | B27: =B26+1 -> 26 | C27: 6 | D27: 2022 | E27: ='06 - 2022'!B33-'06 - 2022'!B32 -> 0 | F27: ='06 - 2022'!C33-'06 - 2022'!C32 -> 0 | G27: 0.118 | H27: ='06 - 2022'!E33-'06 - 2022'!E32 -> 0 | I27: ='06 - 2022'!F33-'06 - 2022'!F32 -> 0 | J27: ='06 - 2022'!G33-'06 - 2022'!G32 -> 0 | K27: 0.74
A28: Dubai DIFC | B28: =B27+1 -> 27 | C28: 6 | D28: 2022 | E28: ='06 - 2022'!B34-'06 - 2022'!B33 -> 0 | F28: ='06 - 2022'!C34-'06 - 2022'!C33 -> 0 | G28: 0.118 | H28: ='06 - 2022'!E34-'06 - 2022'!E33 -> 0 | I28: ='06 - 2022'!F34-'06 - 2022'!F33 -> 0 | J28: ='06 - 2022'!G34-'06 - 2022'!G33 -> 0 | K28: 0.74
A29: Dubai DIFC | B29: =B28+1 -> 28 | C29: 6 | D29: 2022 | E29: ='06 - 2022'!B35-'06 - 2022'!B34 -> 0 | F29: ='06 - 2022'!C35-'06 - 2022'!C34 -> 0 | G29: 0.118 | H29: ='06 - 2022'!E35-'06 - 2022'!E34 -> 0 | I29: ='06 - 2022'!F35-'06 - 2022'!F34 -> 0 | J29: ='06 - 2022'!G35-'06 - 2022'!G34 -> 0 | K29: 0.74
A30: Dubai DIFC | B30: =B29+1 -> 29 | C30: 6 | D30: 2022 | E30: ='06 - 2022'!B36-'06 - 2022'!B35 -> 0 | F30: ='06 - 2022'!C36-'06 - 2022'!C35 -> 0 | G30: 0.118 | H30: ='06 - 2022'!E36-'06 - 2022'!E35 -> 0 | I30: ='06 - 2022'!F36-'06 - 2022'!F35 -> 0 | J30: ='06 - 2022'!G36-'06 - 2022'!G35 -> 0 | K30: 0.74
A31: Dubai DIFC | B31: =B30+1 -> 30 | C31: 6 | D31: 2022 | E31: ='06 - 2022'!B37-'06 - 2022'!B36 -> 0 | F31: ='06 - 2022'!C37-'06 - 2022'!C36 -> 0 | G31: 0.118 | H31: ='06 - 2022'!E37-'06 - 2022'!E36 -> 0 | I31: ='06 - 2022'!F37-'06 - 2022'!F36 -> 0 | J31: ='06 - 2022'!G37-'06 - 2022'!G36 -> 0 | K31: 0.74
