Workbook

Sheet TOTAL
A1: Site Name | B1: Day | C1: Month | D1: Year | E1: Total Electricity Kwh | F1: Electricity Tariff ($/Kwh) | G1: LPG (Kg) | H1: LPG $/Kg | I1: Total Fuel Oil (Liter) | J1: Fuel Oil $/Liter | K1: Water Utility Supply (m3) m3 | L1: Water Utility Supply (m3) $/m3 | M1: Room Nights | N1: Food Covers
A2: Bali Jimbaran | B2: 1 | C2: 4 | D2: 2022 | E2: ='FS Jimbaran June 2022'!P12 -> 19060 | F2: ='FS Jimbaran June 2022'!O12/'FS Jimbaran June 2022'!P12 -> 1122.729 | G2: ='FS Jimbaran June 2022'!AG12 -> 550.18888 | H2: ='FS Jimbaran June 2022'!AH12/'FS Jimbaran June 2022'!AG12 -> 4710.8004 | I2: ='FS Jimbaran June 2022'!AJ12 -> 405.23 | J2: ='FS Jimbaran June 2022'!AK12/'FS Jimbaran June 2022'!AJ12 -> 19000 | K2: ='FS Jimbaran June 2022'!V12 -> 861.52 | L2: ='FS Jimbaran June 2022'!AA12/'FS Jimbaran June 2022'!V12 -> 5450.3992 | M2: ='RNs & Covers June 2022'!B6 -> 14 | N2: ='RNs & Covers June 2022'!C6 -> 80
A3: Bali Jimbaran | B3: =B2+1 -> 2 | C3: 4 | D3: 2022 | E3: ='FS Jimbaran June 2022'!P13 -> 19740 | F3: ='FS Jimbaran June 2022'!O13/'FS Jimbaran June 2022'!P13 -> 1135.4751 | G3: ='FS Jimbaran June 2022'!AG13 -> 49.98748 | H3: ='FS Jimbaran June 2022'!AH13/'FS Jimbaran June 2022'!AG13 -> 41937.641 | I3: ='FS Jimbaran June 2022'!AJ13 -> 412.2 | J3: ='FS Jimbaran June 2022'!AK13/'FS Jimbaran June 2022'!AJ13 -> 19000 | K3: ='FS Jimbaran June 2022'!V13 -> 847.28 | L3: ='FS Jimbaran June 2022'!AA13/'FS Jimbaran June 2022'!V13 -> 5600.4112 | M3: ='RNs & Covers June 2022'!B7 -> 16 | N3: ='RNs & Covers June 2022'!C7 -> 80
A4: Bali Jimbaran | B4: =B3+1 -> 3 | C4: 4 | D4: 2022 | E4: ='FS Jimbaran June 2022'!P14 -> 19500 | F4: ='FS Jimbaran June 2022'!O14/'FS Jimbaran June 2022'!P14 -> 1127.6723 | G4: ='FS Jimbaran June 2022'!AG14 -> 82.28172 | H4: ='FS Jimbaran June 2022'!AH14/'FS Jimbaran June 2022'!AG14 -> 29758.663 | I4: ='FS Jimbaran June 2022'!AJ14 -> 339.79 | J4: ='FS Jimbaran June 2022'!AK14/'FS Jimbaran June 2022'!AJ14 -> 19000 | K4: ='FS Jimbaran June 2022'!V14 -> 826.81 | L4: ='FS Jimbaran June 2022'!AA14/'FS Jimbaran June 2022'!V14 -> 6003.3211 | M4: ='RNs & Covers June 2022'!B8 -> 15 | N4: ='RNs & Covers June 2022'!C8 -> 82
A5: Bali Jimbaran | B5: =B4+1 -> 4 | C5: 4 | D5: 2022 | E5: ='FS Jimbaran June 2022'!P15 -> 19820 | F5: ='FS Jimbaran June 2022'!O15/'FS Jimbaran June 2022'!P15 -> 1140.2987 | G5: ='FS Jimbaran June 2022'!AG15 -> 54.74052 | H5: ='FS Jimbaran June 2022'!AH15/'FS Jimbaran June 2022'!AG15 -> 40898.753 | I5: ='FS Jimbaran June 2022'!AJ15 -> 338.73 | J5: ='FS Jimbaran June 2022'!AK15/'FS Jimbaran June 2022'!AJ15 -> 19000 | K5: ='FS Jimbaran June 2022'!V15 -> 737.81 | L5: ='FS Jimbaran June 2022'!AA15/'FS Jimbaran June 2022'!V15 -> 5933.9407 | M5: ='RNs & Covers June 2022'!B9 -> 18 | N5: ='RNs & Covers June 2022'!C9 -> 108
A6: Bali Jimbaran | B6: =B5+1 -> 5 | C6: 4 | D6: 2022 | E6: ='FS Jimbaran June 2022'!P16 -> 19840 | F6: ='FS Jimbaran June 2022'!O16/'FS Jimbaran June 2022'!P16 -> 1133.9285 | G6: ='FS Jimbaran June 2022'!AG16 -> 91.54612 | H6: ='FS Jimbaran June 2022'!AH16/'FS Jimbaran June 2022'!AG16 -> 22033.058 | I6: ='FS Jimbaran June 2022'!AJ16 -> 398.32 | J6: ='FS Jimbaran June 2022'!AK16/'FS Jimbaran June 2022'!AJ16 -> 19000 | K6: ='FS Jimbaran June 2022'!V16 -> 722.68 | L6: ='FS Jimbaran June 2022'!AA16/'FS Jimbaran June 2022'!V16 -> 6020.0059 | M6: ='RNs & Covers June 2022'!B10 -> 16 | N6: ='RNs & Covers June 2022'!C10 -> 112
A7: Bali Jimbaran | B7: =B6+1 -> 6 | C7: 4 | D7: 2022 | E7: ='FS Jimbaran June 2022'!P17 -> 20580 | F7: ='FS Jimbaran June 2022'!O17/'FS Jimbaran June 2022'!P17 -> 1131.9092 | G7: ='FS Jimbaran June 2022'!AG17 -> 43.13988 | H7: ='FS Jimbaran June 2022'!AH17/'FS Jimbaran June 2022'!AG17 -> 45045.675 | I7: ='FS Jimbaran June 2022'!AJ17 -> 375.5 | J7: ='FS Jimbaran June 2022'!AK17/'FS Jimbaran June 2022'!AJ17 -> 19000 | K7: ='FS Jimbaran June 2022'!V17 -> 809.9 | L7: ='FS Jimbaran June 2022'!AA17/'FS Jimbaran June 2022'!V17 -> 5889.2018 | M7: ='RNs & Covers June 2022'!B11 -> 12 | N7: ='RNs & Covers June 2022'!C11 -> 76
A8: Bali Jimbaran | B8: =B7+1 -> 7 | C8: 4 | D8: 2022 | E8: ='FS Jimbaran June 2022'!P18 -> 20340 | F8: ='FS Jimbaran June 2022'!O18/'FS Jimbaran June 2022'!P18 -> 1132.5343 | G8: ='FS Jimbaran June 2022'!AG18 -> 545.5164 | H8: ='FS Jimbaran June 2022'!AH18/'FS Jimbaran June 2022'!AG18 -> 3535.9469 | I8: ='FS Jimbaran June 2022'!AJ18 -> 433.61 | J8: ='FS Jimbaran June 2022'!AK18/'FS Jimbaran June 2022'!AJ18 -> 19000 | K8: ='FS Jimbaran June 2022'!V18 -> 815.24 | L8: ='FS Jimbaran June 2022'!AA18/'FS Jimbaran June 2022'!V18 -> 5713.6094 | M8: ='RNs & Covers June 2022'!B12 -> 14 | N8: ='RNs & Covers June 2022'!C12 -> 90
A9: Bali Jimbaran | B9: =B8+1 -> 8 | C9: 4 | D9: 2022 | E9: ='FS Jimbaran June 2022'!P19 -> 21960 | F9: ='FS Jimbaran June 2022'!O19/'FS Jimbaran June 2022'!P19 -> 1130.585 | G9: ='FS Jimbaran June 2022'!AG19 -> 104.392 | H9: ='FS Jimbaran June 2022'!AH19/'FS Jimbaran June 2022'!AG19 -> 18099.883 | I9: ='FS Jimbaran June 2022'!AJ19 -> 341.17 | J9: ='FS Jimbaran June 2022'!AK19/'FS Jimbaran June 2022'!AJ19 -> 19000 | K9: ='FS Jimbaran June 2022'!V19 -> 869.53 | L9: ='FS Jimbaran June 2022'!AA19/'FS Jimbaran June 2022'!V19 -> 5495.4906 | M9: ='RNs & Covers June 2022'!B13 -> 19 | N9: ='RNs & Covers June 2022'!C13 -> 105
A10: Bali Jimbaran | B10: =B9+1 -> 9 | C10: 4 | D10: 2022 | E10: ='FS Jimbaran June 2022'!P20 -> 20440 | F10: ='FS Jimbaran June 2022'!O20/'FS Jimbaran June 2022'!P20 -> 1131.5542 | G10: ='FS Jimbaran June 2022'!AG20 -> 34.11716 | H10: ='FS Jimbaran June 2022'!AH20/'FS Jimbaran June 2022'!AG20 -> 50186.768 | I10: ='FS Jimbaran June 2022'!AJ20 -> 392.36 | J10: ='FS Jimbaran June 2022'!AK20/'FS Jimbaran June 2022'!AJ20 -> 19000 | K10: ='FS Jimbaran June 2022'!V20 -> 835.71 | L10: ='FS Jimbaran June 2022'!AA20/'FS Jimbaran June 2022'!V20 -> 5809.1941 | M10: ='RNs & Covers June 2022'!B14 -> 24 | N10: ='RNs & Covers June 2022'!C14 -> 124
A11: Bali Jimbaran | B11: =B10+1 -> 10 | C11: 4 | D11: 2022 | E11: ='FS Jimbaran June 2022'!P21 -> 20020 | F11: ='FS Jimbaran June 2022'!O21/'FS Jimbaran June 2022'!P21 -> 1135.6329 | G11: ='FS Jimbaran June 2022'!AG21 -> 64.7668 | H11: ='FS Jimbaran June 2022'!AH21/'FS Jimbaran June 2022'!AG21 -> 35211.266 | I11: ='FS Jimbaran June 2022'!AJ21 -> 230.88 | J11: ='FS Jimbaran June 2022'!AK21/'FS Jimbaran June 2022'!AJ21 -> 19000 | K11: ='FS Jimbaran June 2022'!V21 -> 763.62 | L11: ='FS Jimbaran June 2022'!AA21/'FS Jimbaran June 2022'!V21 -> 5972.8427 | M11: ='RNs & Covers June 2022'!B15 -> 29 | N11: ='RNs & Covers June 2022'!C15 -> 133
A12: Bali Jimbaran | B12: =B11+1 -> 11 | C12: 4 | D12: 2022 | E12: ='FS Jimbaran June 2022'!P22 -> 20660 | F12: ='FS Jimbaran June 2022'!O22/'FS Jimbaran June 2022'!P22 -> 1132.5397 | G12: ='FS Jimbaran June 2022'!AG22 -> 52.64596 | H12: ='FS Jimbaran June 2022'!AH22/'FS Jimbaran June 2022'!AG22 -> 42821.045 | I12: ='FS Jimbaran June 2022'!AJ22 -> 254.76 | J12: ='FS Jimbaran June 2022'!AK22/'FS Jimbaran June 2022'!AJ22 -> 19000 | K12: ='FS Jimbaran June 2022'!V22 -> 847.28 | L12: ='FS Jimbaran June 2022'!AA22/'FS Jimbaran June 2022'!V22 -> 6018.5144 | M12: ='RNs & Covers June 2022'!B16 -> 24 | N12: ='RNs & Covers June 2022'!C16 -> 130
A13: Bali Jimbaran | B13: =B12+1 -> 12 | C13: 4 | D13: 2022 | E13: ='FS Jimbaran June 2022'!P23 -> 19820 | F13: ='FS Jimbaran June 2022'!O23/'FS Jimbaran June 2022'!P23 -> 1131.4146 | G13: ='FS Jimbaran June 2022'!AG23 -> 62.18888 | H13: ='FS Jimbaran June 2022'!AH23/'FS Jimbaran June 2022'!AG23 -> 37908.079 | I13: ='FS Jimbaran June 2022'!AJ23 -> 387 | J13: ='FS Jimbaran June 2022'!AK23/'FS Jimbaran June 2022'!AJ23 -> 19000 | K13: ='FS Jimbaran June 2022'!V23 -> 837.49 | L13: ='FS Jimbaran June 2022'!AA23/'FS Jimbaran June 2022'!V23 -> 5762.1123 | M13: ='RNs & Covers June 2022'!B17 -> 23 | N13: ='RNs & Covers June 2022'!C17 -> 118
A14: Bali Jimbaran | B14: =B13+1 -> 13 | C14: 4 | D14: 2022 | E14: ='FS Jimbaran June 2022'!P24 -> 18820 | F14: ='FS Jimbaran June 2022'!O24/'FS Jimbaran June 2022'!P24 -> 1128.7911 | G14: ='FS Jimbaran June 2022'!AG24 -> 567.01904 | H14: ='FS Jimbaran June 2022'!AH24/'FS Jimbaran June 2022'!AG24 -> 3763.4891 | I14: ='FS Jimbaran June 2022'!AJ24 -> 431.58 | J14: ='FS Jimbaran June 2022'!AK24/'FS Jimbaran June 2022'!AJ24 -> 19000 | K14: ='FS Jimbaran June 2022'!V24 -> 617.66 | L14: ='FS Jimbaran June 2022'!AA24/'FS Jimbaran June 2022'!V24 -> 6440.4401 | M14: ='RNs & Covers June 2022'!B18 -> 33 | N14: ='RNs & Covers June 2022'!C18 -> 134
... A31: Bali Jimbaran | B31: =B30+1 -> 30 | C31: 4 | D31: 2022 | E31: ='FS Jimbaran June 2022'!P41 -> 22760 | F31: ='FS Jimbaran June 2022'!O41/'FS Jimbaran June 2022'!P41 -> 1134.5341 | G31: ='FS Jimbaran June 2022'!AG41 -> 42.57596 | H31: ='FS Jimbaran June 2022'!AH41/'FS Jimbaran June 2022'!AG41 -> 307003.98 | I31: ='FS Jimbaran June 2022'!AJ41 -> 715.48 | J31: ='FS Jimbaran June 2022'!AK41/'FS Jimbaran June 2022'!AJ41 -> 19000 | K31: ='FS Jimbaran June 2022'!V41 -> 901.57 | L31: ='FS Jimbaran June 2022'!AA41/'FS Jimbaran June 2022'!V41 -> 5464.6063 | M31: ='RNs & Covers June 2022'!B35 -> 34 | N31: ='RNs & Covers June 2022'!C35 -> 214

Sheet FS Jimbaran June 2022
B6: Four Seasons Resort Bali at Jimbaran Bay
B7: JUNE 2022
B8: Date | C8: Room Nights | D8: Food Covers | E8: ELECTRICITY Resort & Sundara | V8: WATER | AC8: GAS
E9: Electricity Resort | J9: Electricity - Sundara | O9: Sub Total (Resort & Sundara) Cost (IDR) | P9: Sub Total (Resort & Sundara), KWh | Q9: Residences- Electricity KWh | R9: Residences- Electricity cost (IDR) | S9: TOTAL Electricity consumption (KWh) | T9: TOTAL Electricity cost | W9: Water (m3) | AA9: Total Water Cost | AC9: LPG | AJ9: Diesel
E10: BASED LOAD KWh (from 10 pm - 6 pm) | F10: Cost (IDR) | G10: PEAK LOAD KWh (from 6 pm - 10 pm) | H10: Cost (IDR) | I10: Resort Cost (IDR) | J10: BASED LOAD KWh (from 10 pm - 6 pm) | K10: Cost (IDR) | L10: PEAK LOAD KWh (from 6 pm - 10 pm) | M10: Cost (IDR) | N10: Sundara Cost (IDR) | T10: IDR | U10: USD | V10: Water consumption (m3) | W10: Municipal Water (m3) | X10: Municipal Water cost (IDR) | Y10: Deepwell Consumption (m3) | Z10: Deepwell water Cost (IDR) | AA10: IDR | AB10: USD | AC10: LPG Bulk (m3) | AD10: 50 Kg (tube) IVD & TW | AE10: Sundara 50 kg (tube) | AF10: 12 Kg (tube) | AG10: Total kg | AH10: IDR | AI10: USD | AJ10: Used (liters) | AK10: IDR | AL10: USD
AB11: 14522 | AK11: 19000
B12: 1 | C12: 14 | D12: 80 | E12: 14320 | F12: 14832370 | G12: 2760 | H12: 4288129.2 | I12: =F12+H12 -> 19120499 | J12: 1540 | K12: 1595101.2 | L12: 440 | M12: 683614.8 | N12: =K12+M12 -> 2278716 | O12: =I12+N12 -> 21399215 | P12: =E12+G12+J12+L12 -> 19060 | U12: 0 | V12: =W12+Y12 -> 861.52 | W12: 75.65 | X12: 1359468.3 | Y12: 785.87 | Z12: 3336159.6 | AA12: =X12+Z12 -> 4695627.9 | AB12: =AA12/$AB$11 -> 323.34582 | AC12: 0 | AD12: 500 | AE12: 50.18888 | AF12: 0 | AG12: =AC12+AD12+AE12+AF12 -> 550.18888 | AH12: 2591830 | AI12: =AH12/14522 -> 178.47611 | AJ12: 405.23 | AK12: 7699370 | AL12: =AK12/14522 -> 530.18661
B13: 2 | C13: 16 | D13: 80 | E13: 14360 | F13: 14873801 | G13: 3400 | H13: 5282478 | I13: =F13+H13 -> 20156279 | J13: 1580 | K13: 1636532.4 | L13: 400 | M13: 621468 | N13: =K13+M13 -> 2258000.4 | O13: =I13+N13 -> 22414279 | P13: =E13+G13+J13+L13 -> 19740 | U13: 0 | V13: =W13+Y13 -> 847.28 | W13: 83.66 | X13: 1503412 | Y13: 763.62 | Z13: 3241704.4 | AA13: =X13+Z13 -> 4745116.4 | AB13: =AA13/$AB$11 -> 326.75364 | AC13: 0 | AD13: 0 | AE13: 49.98748 | AF13: 0 | AG13: =AC13+AD13+AE13+AF13 -> 49.98748 | AH13: 2096357 | AI13: =AH13/14522 -> 144.35732 | AJ13: 412.2 | AK13: 7831800 | AL13: =AK13/14522 -> 539.30588
B14: 3 | C14: 15 | D14: 82 | E14: 14400 | F14: 14915232 | G14: 3000 | H14: 4661010 | I14: =F14+H14 -> 19576242 | J14: 1640 | K14: 1698679.2 | L14: 460 | M14: 714688.2 | N14: =K14+M14 -> 2413367.4 | O14: =I14+N14 -> 21989609 | P14: =E14+G14+J14+L14 -> 19500 | U14: 0 | V14: =W14+Y14 -> 826.81 | W14: 105.91 | X14: 1903255.7 | Y14: 720.9 | Z14: 3060350.3 | AA14: =X14+Z14 -> 4963605.9 | AB14: =AA14/$AB$11 -> 341.79906 | AC14: 0 | AD14: 0 | AE14: 46.28172 | AF14: 36 | AG14: =AC14+AD14+AE14+AF14 -> 82.28172 | AH14: 2448594 | AI14: =AH14/14522 -> 168.61273 | AJ14: 339.79 | AK14: 6456010 | AL14: =AK14/14522 -> 444.56755
B15: 4 | C15: 18 | D15: 108 | E15: 14320 | F15: 14832370 | G15: 3520 | H15: 5468918.4 | I15: =F15+H15 -> 20301288 | J15: 1500 | K15: 1553670 | L15: 480 | M15: 745761.6 | N15: =K15+M15 -> 2299431.6 | O15: =I15+N15 -> 22600720 | P15: =E15+G15+J15+L15 -> 19820 | U15: 0 | V15: =W15+Y15 -> 737.81 | W15: 90.78 | X15: 1631362 | Y15: 647.03 | Z15: 2746758.8 | AA15: =X15+Z15 -> 4378120.8 | AB15: =AA15/$AB$11 -> 301.48195 | AC15: 0 | AD15: 0 | AE15: 54.74052 | AF15: 0 | AG15: =AC15+AD15+AE15+AF15 -> 54.74052 | AH15: 2238819 | AI15: =AH15/14522 -> 154.1674 | AJ15: 338.73 | AK15: 6435870 | AL15: =AK15/14522 -> 443.18069
B16: 5 | C16: 16 | D16: 112 | E16: 14520 | F16: 15039526 | G16: 3280 | H16: 5096037.6 | I16: =F16+H16 -> 20135563 | J16: 1560 | K16: 1615816.8 | L16: 480 | M16: 745761.6 | N16: =K16+M16 -> 2361578.4 | O16: =I16+N16 -> 22497142 | P16: =E16+G16+J16+L16 -> 19840 | U16: 0 | V16: =W16+Y16 -> 722.68 | W16: 93.45 | X16: 1679343.2 | Y16: 629.23 | Z16: 2671194.6 | AA16: =X16+Z16 -> 4350537.8 | AB16: =AA16/$AB$11 -> 299.58255 | AC16: 0 | AD16: 0 | AE16: 55.54612 | AF16: 36 | AG16: =AC16+AD16+AE16+AF16 -> 91.54612 | AH16: 2017041 | AI16: =AH16/14522 -> 138.89554 | AJ16: 398.32 | AK16: 7568080 | AL16: =AK16/14522 -> 521.14585
B17: 6 | C17: 12 | D17: 76 | E17: 15160 | F17: 15702425 | G17: 3320 | H17: 5158184.4 | I17: =F17+H17 -> 20860609 | J17: 1600 | K17: 1657248 | L17: 500 | M17: 776835 | N17: =K17+M17 -> 2434083 | O17: =I17+N17 -> 23294692 | P17: =E17+G17+J17+L17 -> 20580 | U17: 0 | V17: =W17+Y17 -> 809.9 | W17: 97.01 | X17: 1743318.2 | Y17: 712.89 | Z17: 3026346.4 | AA17: =X17+Z17 -> 4769664.6 | AB17: =AA17/$AB$11 -> 328.44406 | AC17: 0 | AD17: 0 | AE17: 43.13988 | AF17: 0 | AG17: =AC17+AD17+AE17+AF17 -> 43.13988 | AH17: 1943265 | AI17: =AH17/14522 -> 133.81525 | AJ17: 375.5 | AK17: 7134500 | AL17: =AK17/14522 -> 491.28908
B18: 7 | C18: 14 | D18: 90 | E18: 14880 | F18: 15412406 | G18: 3360 | H18: 5220331.2 | I18: =F18+H18 -> 20632738 | J18: 1660 | K18: 1719394.8 | L18: 440 | M18: 683614.8 | N18: =K18+M18 -> 2403009.6 | O18: =I18+N18 -> 23035747 | P18: =E18+G18+J18+L18 -> 20340 | U18: 0 | V18: =W18+Y18 -> 815.24 | W18: 87.22 | X18: 1567387 | Y18: 728.02 | Z18: 3090575.9 | AA18: =X18+Z18 -> 4657963 | AB18: =AA18/$AB$11 -> 320.75217 | AC18: 0 | AD18: 500 | AE18: 45.5164 | AF18: 0 | AG18: =AC18+AD18+AE18+AF18 -> 545.5164 | AH18: 1928917 | AI18: =AH18/14522 -> 132.82723 | AJ18: 433.61 | AK18: 8238590 | AL18: =AK18/14522 -> 567.31786
B19: 8 | C19: 19 | D19: 105 | E19: 16400 | F19: 16986792 | G19: 3520 | H19: 5468918.4 | I19: =F19+H19 -> 22455710 | J19: 1540 | K19: 1595101.2 | L19: 500 | M19: 776835 | N19: =K19+M19 -> 2371936.2 | O19: =I19+N19 -> 24827647 | P19: =E19+G19+J19+L19 -> 21960 | U19: 0 | V19: =W19+Y19 -> 869.53 | W19: 79.21 | X19: 1423443.3 | Y19: 790.32 | Z19: 3355050.7 | AA19: =X19+Z19 -> 4778494 | AB19: =AA19/$AB$11 -> 329.05206 | AC19: 0 | AD19: 0 | AE19: 56.392 | AF19: 48 | AG19: =AC19+AD19+AE19+AF19 -> 104.392 | AH19: 1889483 | AI19: =AH19/14522 -> 130.11176 | AJ19: 341.17 | AK19: 6482230 | AL19: =AK19/14522 -> 446.37309
B20: 9 | C20: 24 | D20: 124 | E20: 15160 | F20: 15702425 | G20: 3320 | H20: 5158184.4 | I20: =F20+H20 -> 20860609 | J20: 1500 | K20: 1553670 | L20: 460 | M20: 714688.2 | N20: =K20+M20 -> 2268358.2 | O20: =I20+N20 -> 23128967 | P20: =E20+G20+J20+L20 -> 20440 | U20: 0 | V20: =W20+Y20 -> 835.71 | W20: 95.23 | X20: 1711330.7 | Y20: 740.48 | Z20: 3143470.9 | AA20: =X20+Z20 -> 4854801.6 | AB20: =AA20/$AB$11 -> 334.30668 | AC20: 0 | AD20: 0 | AE20: 34.11716 | AF20: 0 | AG20: =AC20+AD20+AE20+AF20 -> 34.11716 | AH20: 1712230 | AI20: =AH20/14522 -> 117.90594 | AJ20: 392.36 | AK20: 7454840 | AL20: =AK20/14522 -> 513.34802
B21: 10 | C21: 29 | D21: 133 | E21: 14680 | F21: 15205250 | G21: 3400 | H21: 5282478 | I21: =F21+H21 -> 20487728 | J21: 1480 | K21: 1532954.4 | L21: 460 | M21: 714688.2 | N21: =K21+M21 -> 2247642.6 | O21: =I21+N21 -> 22735371 | P21: =E21+G21+J21+L21 -> 20020 | U21: 0 | V21: =W21+Y21 -> 763.62 | W21: 96.12 | X21: 1727324.5 | Y21: 667.5 | Z21: 2833657.7 | AA21: =X21+Z21 -> 4560982.1 | AB21: =AA21/$AB$11 -> 314.07396 | AC21: 0 | AD21: 0 | AE21: 52.7668 | AF21: 12 | AG21: =AC21+AD21+AE21+AF21 -> 64.7668 | AH21: 2280521 | AI21: =AH21/14522 -> 157.03904 | AJ21: 230.88 | AK21: 4386720 | AL21: =AK21/14522 -> 302.07409
B22: 11 | C22: 24 | D22: 130 | E22: 15240 | F22: 15785287 | G22: 3360 | H22: 5220331.2 | I22: =F22+H22 -> 21005618 | J22: 1560 | K22: 1615816.8 | L22: 500 | M22: 776835 | N22: =K22+M22 -> 2392651.8 | O22: =I22+N22 -> 23398270 | P22: =E22+G22+J22+L22 -> 20660 | U22: 0 | V22: =W22+Y22 -> 847.28 | W22: 109.47 | X22: 1967230.6 | Y22: 737.81 | Z22: 3132136.3 | AA22: =X22+Z22 -> 5099366.9 | AB22: =AA22/$AB$11 -> 351.1477 | AC22: 0 | AD22: 0 | AE22: 52.64596 | AF22: 0 | AG22: =AC22+AD22+AE22+AF22 -> 52.64596 | AH22: 2254355 | AI22: =AH22/14522 -> 155.23723 | AJ22: 254.76 | AK22: 4840440 | AL22: =AK22/14522 -> 333.31772
B23: 12 | C23: 23 | D23: 118 | E23: 14560 | F23: 15080957 | G23: 3160 | H23: 4909597.2 | I23: =F23+H23 -> 19990554 | J23: 1600 | K23: 1657248 | L23: 500 | M23: 776835 | N23: =K23+M23 -> 2434083 | O23: =I23+N23 -> 22424637 | P23: =E23+G23+J23+L23 -> 19820 | U23: 0 | V23: =W23+Y23 -> 837.49 | W23: 92.56 | X23: 1663349.5 | Y23: 744.93 | Z23: 3162361.9 | AA23: =X23+Z23 -> 4825711.4 | AB23: =AA23/$AB$11 -> 332.3035 | AC23: 0 | AD23: 0 | AE23: 50.18888 | AF23: 12 | AG23: =AC23+AD23+AE23+AF23 -> 62.18888 | AH23: 2357461 | AI23: =AH23/14522 -> 162.33721 | AJ23: 387 | AK23: 7353000 | AL23: =AK23/14522 -> 506.33522
... B41: 30 | C41: 34 | D41: 214 | E41: 16520 | F41: 17111086 | G41: 3800 | H41: 5903946 | I41: =F41+H41 -> 23015032 | J41: 1900 | K41: 1967982 | L41: 540 | M41: 838981.8 | N41: =K41+M41 -> 2806963.8 | O41: =I41+N41 -> 25821995 | P41: =E41+G41+J41+L41 -> 22760 | U41: 0 | V41: =W41+Y41 -> 901.57 | W41: 80.1 | X41: 1439437 | Y41: 821.47 | Z41: 3487288 | AA41: =X41+Z41 -> 4926725.1 | AB41: =AA41/$AB$11 -> 339.2594 | AC41: 0 | AD41: 0 | AE41: 42.57596 | AF41: 0 | AG41: =AC41+AD41+AE41+AF41 -> 42.57596 | AH41: 13070989 | AI41: =AH41/14522 -> 900.08188 | AJ41: 715.48 | AK41: 13594120 | AL41: =AK41/14522 -> 936.10522
C45: =SUM(C12:C41) -> 871 | D45: =SUM(D12:D41) -> 4472 | E45: =SUM(E12:E41) -> 456920 | F45: =SUM(F12:F41) -> 4.732686e+08 | G45: =SUM(G12:G41) -> 102560 | H45: =SUM(H12:H41) -> 1.593444e+08 | I45: =SUM(I12:I41) -> 6.3261299e+08 | J45: =SUM(J12:J41) -> 47500 | ... P45: =SUM(P12:P41) -> 620760 | V45: =SUM(V12:V41) -> 24470.55 | W45: =SUM(W12:W41) -> 2771.46 | X45: =SUM(X12:X41) -> 49804522 | Y45: =SUM(Y12:Y41) -> 21699.09 | Z45: =SUM(Z12:Z41) -> 92116543 | AA45: =SUM(AA12:AA41) -> 1.4192106e+08 | AB45: =SUM(AB12:AB41) -> 9772.8319 | AC45: =SUM(AC12:AC41) -> 0 | ... AH45: =SUM(AH12:AH41) -> 107267483 | AI45: =AH45/$AL$46 -> 8266.5489 | AJ45: =SUM(AJ12:AJ41) -> 12855.03 | AK45: =SUM(AK12:AK41) -> 2.4424557e+08 | AL45: =AK45/AL46 -> 18822.74
T46: kWh rate | U46: =U45/S45 -> #DIV/0! | V46: m3/RNs | AL46: 12976.09
P47: =O45/P45 -> 1132.8406 | X47: =X45/W45 -> 17970.5 | Z47: =Z45/Y45 -> 4245.18 | AA47: =AA45/V45 -> 5799.668 | AH47: =AH45/AG45 -> 24852.534 | AK47: =AK45/AJ45 -> 19000
AE48: =1444/50 -> 28.88

Sheet RNs & Covers June 2022
A1: Four Seasons Resort Bali at Jimbaran Bay
A2: 44713
A3: Date | B3: Room Nights | C3: Food Covers
A6: 1 | B6: 14 | C6: 80
A7: 2 | B7: 16 | C7: 80
A8: =A7+1 -> 3 | B8: 15 | C8: 82
A9: =A8+1 -> 4 | B9: 18 | C9: 108
A10: =A9+1 -> 5 | B10: 16 | C10: 112
A11: =A10+1 -> 6 | B11: 12 | C11: 76
A12: =A11+1 -> 7 | B12: 14 | C12: 90
A13: =A12+1 -> 8 | B13: 19 | C13: 105
A14: =A13+1 -> 9 | B14: 24 | C14: 124
A15: =A14+1 -> 10 | B15: 29 | C15: 133
A16: =A15+1 -> 11 | B16: 24 | C16: 130
A17: =A16+1 -> 12 | B17: 23 | C17: 118
A18: =A17+1 -> 13 | B18: 33 | C18: 134
A19: =A18+1 -> 14 | B19: 35 | C19: 159
... A35: =A34+1 -> 30 | B35: 34 | C35: 214
B36: =SUM(B6:B35) -> 871 | C36: =SUM(C6:C35) -> 4472
