Workbook

Sheet 07 - 2022
A3: FOUR SEASONS HOTEL - DIFC
A4: HLP READING MONTH OF JULY' 2022
B5: Electricity | D5: LPG (cu.m) | H5: Water (cu.m) | J5: BTU
A6: Date | B6: LV-01, 2025952759 | C6: LV-2, 2030235407 | D6: Main Meter % | E6: Main Kitchen | F6: Podium Kitchen | G6: Boiler | H6: B-3 Water Meter (DIFC) | I6: MainWater Meter (DEWA) | J6: Chilled Water (KWH) | K6: Gas Received (Litres) | L6: Remark
A7: 44742 | B7: 231743 | C7: 1084089.1 | D7: 0.5 | E7: 2636.11 | F7: 2542.4 | G7: 43450.42 | H7: 14528 | I7: 162394 | J7: 56817595
A8: =A7+1 -> 44743 | B8: 235673 | C8: 1089903.1 | D8: 0.43 | E8: 2661 | F8: 2548.27 | G8: 43482.76 | H8: 14528 | I8: 162504 | J8: 56855078
A9: =A8+1 -> 44744
A10: =A9+1 -> 44745
A11: =A10+1 -> 44746
A12: =A11+1 -> 44747
A13: =A12+1 -> 44748
A14: =A13+1 -> 44749
A15: =A14+1 -> 44750
A16: =A15+1 -> 44751
A17: =A16+1 -> 44752
A18: =A17+1 -> 44753
A19: =A18+1 -> 44754
A20: =A19+1 -> 44755
... A38: =A37+1 -> 44773
A39: Readings | B39: =B38-B7 -> -231743 | C39: =C38-C7 -> -1084089.1 | E39: =E38-E7 -> -2636.11 | F39: =F38-F7 -> -2542.4 | G39: =G38-G7 -> -43450.42 | H39: =H38-H7 -> -14528 | I39: =I38-I7 -> -162394 | J39: =J38-J7 -> -56817595 | K39: =SUM(K7:K38) -> 0
H40: =H39*219.969 -> -3195709.6 | I40: =I39*219.969 -> -35721646

Sheet Total Daily 
A1: Site Name | B1: Day | C1: Month | D1: Year | E1: Total Electricity Kwh | F1: Electricity Tariff ($/Kwh) | G1: LPG (Kg) | H1: LPG $/Kg | I1: District Energy Cooling Kwh | J1: District Energy Cooling $/Kwh | K1: Water Utility Supply (m3) m3 | L1: Water Utility Supply (m3) m3 | M1: Water Utility Supply (m3) $/m3 | N1: Room Nights
A2: Dubai DIFC | B2: 1 | C2: 7 | D2: 2022 | E2: ='07 - 2022'!B8-'07 - 2022'!B7+'07 - 2022'!C8-'07 - 2022'!C7 -> 9744 | F2: 0.118 | G2: ='07 - 2022'!D8-'07 - 2022'!D7+'07 - 2022'!E8-'07 - 2022'!E7 -> 24.82 | H2: 0.99 | I2: ='07 - 2022'!J8-'07 - 2022'!J7 -> 37483 | J2: 0.081 | K2: ='07 - 2022'!H8-'07 - 2022'!H7 -> 0 | L2: ='07 - 2022'!I8-'07 - 2022'!I7 -> 110 | M2: 4.3936294 | N2: 62
A3: Dubai DIFC | B3: =B2+1 -> 2 | C3: 7 | D3: 2022 | E3: 0 | F3: 0.118 | G3: 0 | H3: 0.99 | I3: 0 | J3: 0.081 | K3: 0 | L3: 0 | M3: 4.3936294
A4: Dubai DIFC | B4: =B3+1 -> 3 | C4: 7 | D4: 2022 | E4: ='07 - 2022'!B10-'07 - 2022'!B9+'07 - 2022'!C10-'07 - 2022'!C9 -> 0 | F4: 0.118 | G4: ='07 - 2022'!D10-'07 - 2022'!D9+'07 - 2022'!E10-'07 - 2022'!E9 -> 0 | H4: 0.99 | I4: ='07 - 2022'!J10-'07 - 2022'!J9 -> 0 | J4: 0.081 | K4: ='07 - 2022'!H10-'07 - 2022'!H9 -> 0 | L4: ='07 - 2022'!I10-'07 - 2022'!I9 -> 0 | M4: 4.3936294
A5: Dubai DIFC | B5: =B4+1 -> 4 | C5: 7 | D5: 2022 | E5: ='07 - 2022'!B11-'07 - 2022'!B10+'07 - 2022'!C11-'07 - 2022'!C10 -> 0 | F5: 0.118 | G5: ='07 - 2022'!D11-'07 - 2022'!D10+'07 - 2022'!E11-'07 - 2022'!E10 -> 0 | H5: 0.99 | I5: ='07 - 2022'!J11-'07 - 2022'!J10 -> 0 | J5: 0.081 | K5: ='07 - 2022'!H11-'07 - 2022'!H10 -> 0 | L5: ='07 - 2022'!I11-'07 - 2022'!I10 -> 0 | M5: 4.3936294
A6: Dubai DIFC | B6: =B5+1 -> 5 | C6: 7 | D6: 2022 | E6: ='07 - 2022'!B12-'07 - 2022'!B11+'07 - 2022'!C12-'07 - 2022'!C11 -> 0 | F6: 0.118 | G6: ='07 - 2022'!D12-'07 - 2022'!D11+'07 - 2022'!E12-'07 - 2022'!E11 -> 0 | H6: 0.99 | I6: ='07 - 2022'!J12-'07 - 2022'!J11 -> 0 | J6: 0.081 | K6: ='07 - 2022'!H12-'07 - 2022'!H11 -> 0 | L6: ='07 - 2022'!I12-'07 - 2022'!I11 -> 0 | M6: 4.3936294
A7: Dubai DIFC | B7: =B6+1 -> 6 | C7: 7 | D7: 2022 | E7: ='07 - 2022'!B13-'07 - 2022'!B12+'07 - 2022'!C13-'07 - 2022'!C12 -> 0 | F7: 0.118 | G7: ='07 - 2022'!D13-'07 - 2022'!D12+'07 - 2022'!E13-'07 - 2022'!E12 -> 0 | H7: 0.99 | I7: ='07 - 2022'!J13-'07 - 2022'!J12 -> 0 | J7: 0.081 | K7: ='07 - 2022'!H13-'07 - 2022'!H12 -> 0 | L7: ='07 - 2022'!I13-'07 - 2022'!I12 -> 0 | M7: 4.3936294
A8: Dubai DIFC | B8: =B7+1 -> 7 | C8: 7 | D8: 2022 | E8: ='07 - 2022'!B14-'07 - 2022'!B13+'07 - 2022'!C14-'07 - 2022'!C13 -> 0 | F8: 0.118 | G8: ='07 - 2022'!D14-'07 - 2022'!D13+'07 - 2022'!E14-'07 - 2022'!E13 -> 0 | H8: 0.99 | I8: ='07 - 2022'!J14-'07 - 2022'!J13 -> 0 | J8: 0.081 | K8: ='07 - 2022'!H14-'07 - 2022'!H13 -> 0 | L8: ='07 - 2022'!I14-'07 - 2022'!I13 -> 0 | M8: 4.3936294
A9: Dubai DIFC | B9: =B8+1 -> 8 | C9: 7 | D9: 2022 | E9: ='07 - 2022'!B15-'07 - 2022'!B14+'07 - 2022'!C15-'07 - 2022'!C14 -> 0 | F9: 0.118 | G9: ='07 - 2022'!D15-'07 - 2022'!D14+'07 - 2022'!E15-'07 - 2022'!E14 -> 0 | H9: 0.99 | I9: ='07 - 2022'!J15-'07 - 2022'!J14 -> 0 | J9: 0.081 | K9: ='07 - 2022'!H15-'07 - 2022'!H14 -> 0 | L9: ='07 - 2022'!I15-'07 - 2022'!I14 -> 0 | M9: 4.3936294
A10: Dubai DIFC | B10: =B9+1 -> 9 | C10: 7 | D10: 2022 | E10: ='07 - 2022'!B16-'07 - 2022'!B15+'07 - 2022'!C16-'07 - 2022'!C15 -> 0 | F10: 0.118 | G10: ='07 - 2022'!D16-'07 - 2022'!D15+'07 - 2022'!E16-'07 - 2022'!E15 -> 0 | H10: 0.99 | I10: ='07 - 2022'!J16-'07 - 2022'!J15 -> 0 | J10: 0.081 | K10: ='07 - 2022'!H16-'07 - 2022'!H15 -> 0 | L10: ='07 - 2022'!I16-'07 - 2022'!I15 -> 0 | M10: 4.3936294
A11: Dubai DIFC | B11: =B10+1 -> 10 | C11: 7 | D11: 2022 | E11: ='07 - 2022'!B17-'07 - 2022'!B16+'07 - 2022'!C17-'07 - 2022'!C16 -> 0 | F11: 0.118 | G11: ='07 - 2022'!D17-'07 - 2022'!D16+'07 - 2022'!E17-'07 - 2022'!E16 -> 0 | H11: 0.99 | I11: ='07 - 2022'!J17-'07 - 2022'!J16 -> 0 | J11: 0.081 | K11: ='07 - 2022'!H17-'07 - 2022'!H16 -> 0 | L11: ='07 - 2022'!I17-'07 - 2022'!I16 -> 0 | M11: 4.3936294
A12: Dubai DIFC | B12: =B11+1 -> 11 | C12: 7 | D12: 2022 | E12: ='07 - 2022'!B18-'07 - 2022'!B17+'07 - 2022'!C18-'07 - 2022'!C17 -> 0 | F12: 0.118 | G12: ='07 - 2022'!D18-'07 - 2022'!D17+'07 - 2022'!E18-'07 - 2022'!E17 -> 0 | H12: 0.99 | I12: ='07 - 2022'!J18-'07 - 2022'!J17 -> 0 | J12: 0.081 | K12: ='07 - 2022'!H18-'07 - 2022'!H17 -> 0 | L12: ='07 - 2022'!I18-'07 - 2022'!I17 -> 0 | M12: 4.3936294
A13: Dubai DIFC | B13: =B12+1 -> 12 | C13: 7 | D13: 2022 | E13: ='07 - 2022'!B19-'07 - 2022'!B18+'07 - 2022'!C19-'07 - 2022'!C18 -> 0 | F13: 0.118 | G13: ='07 - 2022'!D19-'07 - 2022'!D18+'07 - 2022'!E19-'07 - 2022'!E18 -> 0 | H13: 0.99 | I13: ='07 - 2022'!J19-'07 - 2022'!J18 -> 0 | J13: 0.081 | K13: ='07 - 2022'!H19-'07 - 2022'!H18 -> 0 | L13: ='07 - 2022'!I19-'07 - 2022'!I18 -> 0 | M13: 4.3936294
A14: Dubai DIFC | B14: =B13+1 -> 13 | C14: 7 | D14: 2022 | E14: ='07 - 2022'!B20-'07 - 2022'!B19+'07 - 2022'!C20-'07 - 2022'!C19 -> 0 | F14: 0.118 | G14: ='07 - 2022'!D20-'07 - 2022'!D19+'07 - 2022'!E20-'07 - 2022'!E19 -> 0 | H14: 0.99 | I14: ='07 - 2022'!J20-'07 - 2022'!J19 -> 0 | J14: 0.081 | K14: ='07 - 2022'!H20-'07 - 2022'!H19 -> 0 | L14: ='07 - 2022'!I20-'07 - 2022'!I19 -> 0 | M14: 4.3936294
A15: Dubai DIFC | B15: =B14+1 -> 14 | C15: 7 | D15: 2022 | E15: ='07 - 2022'!B21-'07 - 2022'!B20+'07 - 2022'!C21-'07 - 2022'!C20 -> 0 | F15: 0.118 | G15: ='07 - 2022'!D21-'07 - 2022'!D20+'07 - 2022'!E21-'07 - 2022'!E20 -> 0 | H15: 0.99 | I15: ='07 - 2022'!J21-'07 - 2022'!J20 -> 0 | J15: 0.081 | K15: ='07 - 2022'!H21-'07 - 2022'!H20 -> 0 | L15: ='07 - 2022'!I21-'07 - 2022'!I20 -> 0 | M15: 4.3936294
... A32: Dubai DIFC | B32: =B31+1 -> 31 | C32: 7 | D32: 2022 | E32: ='07 - 2022'!B38-'07 - 2022'!B37+'07 - 2022'!C38-'07 - 2022'!C37 -> 0 | F32: 0.118 | G32: ='07 - 2022'!D38-'07 - 2022'!D37+'07 - 2022'!E38-'07 - 2022'!E37 -> 0 | H32: 0.99 | I32: ='07 - 2022'!J38-'07 - 2022'!J37 -> 0 | J32: 0.081 | K32: ='07 - 2022'!H38-'07 - 2022'!H37 -> 0 | L32: ='07 - 2022'!I38-'07 - 2022'!I37 -> 0 | M32: 4.3936294

Sheet Submetering Daily 
A1: Site Name | B1: Day | C1: Month | D1: Year | E1: Panel LV1 Kwh | F1: Panel LV2 Kwh | G1: Electricity Tariff ($/Kwh) | H1: Main Kitchen LPG (Kg) | I1: Podium Kitchen LPG (Kg) | J1: Boiler LPG (Kg) | K1: LPG $/Kg | L1: Room Nights
A2: Dubai DIFC | B2: 1 | C2: 7 | D2: 2022 | E2: ='07 - 2022'!B8-'07 - 2022'!B7 -> 3930 | F2: ='07 - 2022'!C8-'07 - 2022'!C7 -> 5814 | G2: 0.118 | H2: ='07 - 2022'!E8-'07 - 2022'!E7 -> 24.89 | I2: ='07 - 2022'!F8-'07 - 2022'!F7 -> 5.87 | J2: ='07 - 2022'!G8-'07 - 2022'!G7 -> 32.34 | K2: 0.74 | L2: 62
A3: Dubai DIFC | B3: =B2+1 -> 2 | C3: 7 | D3: 2022 | E3: 0 | F3: 0 | G3: 0.118 | H3: 0 | I3: 0 | J3: 0 | K3: 0.74
A4: Dubai DIFC | B4: =B3+1 -> 3 | C4: 7 | D4: 2022 | E4: ='07 - 2022'!B10-'07 - 2022'!B9 -> 0 | F4: ='07 - 2022'!C10-'07 - 2022'!C9 -> 0 | G4: 0.118 | H4: ='07 - 2022'!E10-'07 - 2022'!E9 -> 0 | I4: ='07 - 2022'!F10-'07 - 2022'!F9 -> 0 | J4: ='07 - 2022'!G10-'07 - 2022'!G9 -> 0 | K4: 0.74
A5: Dubai DIFC | B5: =B4+1 -> 4 | C5: 7 | D5: 2022 | E5: ='07 - 2022'!B11-'07 - 2022'!B10 -> 0 | F5: ='07 - 2022'!C11-'07 - 2022'!C10 -> 0 | G5: 0.118 | H5: ='07 - 2022'!E11-'07 - 2022'!E10 -> 0 | I5: ='07 - 2022'!F11-'07 - 2022'!F10 -> 0 | J5: ='07 - 2022'!G11-'07 - 2022'!G10 -> 0 | K5: 0.74
A6: Dubai DIFC | B6: =B5+1 -> 5 | C6: 7 | D6: 2022 | E6: ='07 - 2022'!B12-'07 - 2022'!B11 -> 0 | F6: ='07 - 2022'!C12-'07 - 2022'!C11 -> 0 | G6: 0.118 | H6: ='07 - 2022'!E12-'07 - 2022'!E11 -> 0 | I6: ='07 - 2022'!F12-'07 - 2022'!F11 -> 0 | J6: ='07 - 2022'!G12-'07 - 2022'!G11 -> 0 | K6: 0.74
A7: Dubai DIFC | B7: =B6+1 -> 6 | C7: 7 | D7: 2022 | E7: ='07 - 2022'!B13-'07 - 2022'!B12 -> 0 | F7: ='07 - 2022'!C13-'07 - 2022'!C12 -> 0 | G7: 0.118 | H7: ='07 - 2022'!E13-'07 - 2022'!E12 -> 0 | I7: ='07 - 2022'!F13-'07 - 2022'!F12 -> 0 | J7: ='07 - 2022'!G13-'07 - 2022'!G12 -> 0 | K7: 0.74
A8: Dubai DIFC | B8: =B7+1 -> 7 | C8: 7 | D8: 2022 | E8: ='07 - 2022'!B14-'07 - 2022'!B13 -> 0 | F8: ='07 - 2022'!C14-'07 - 2022'!C13 -> 0 | G8: 0.118 | H8: ='07 - 2022'!E14-'07 - 2022'!E13 -> 0 | I8: ='07 - 2022'!F14-'07 - 2022'!F13 -> 0 | J8: ='07 - 2022'!G14-'07 - 2022'!G13 -> 0 | K8: 0.74
A9: Dubai DIFC | B9: =B8+1 -> 8 | C9: 7 | D9: 2022 | E9: ='07 - 2022'!B15-'07 - 2022'!B14 -> 0 | F9: ='07 - 2022'!C15-'07 - 2022'!C14 -> 0 | G9: 0.118 | H9: ='07 - 2022'!E15-'07 - 2022'!E14 -> 0 | I9: ='07 - 2022'!F15-'07 - 2022'!F14 -> 0 | J9: ='07 - 2022'!G15-'07 - 2022'!G14 -> 0 | K9: 0.74
A10: Dubai DIFC | B10: =B9+1 -> 9 | C10: 7 | D10: 2022 | E10: ='07 - 2022'!B16-'07 - 2022'!B15 -> 0 | F10: ='07 - 2022'!C16-'07 - 2022'!C15 -> 0 | G10: 0.118 | H10: ='07 - 2022'!E16-'07 - 2022'!E15 -> 0 | I10: ='07 - 2022'!F16-'07 - 2022'!F15 -> 0 | J10: ='07 - 2022'!G16-'07 - 2022'!G15 -> 0 | K10: 0.74
A11: Dubai DIFC | B11: =B10+1 -> 10 | C11: 7 | D11: 2022 | E11: ='07 - 2022'!B17-'07 - 2022'!B16 -> 0 | F11: ='07 - 2022'!C17-'07 - 2022'!C16 -> 0 | G11: 0.118 | H11: ='07 - 2022'!E17-'07 - 2022'!E16 -> 0 | I11: ='07 - 2022'!F17-'07 - 2022'!F16 -> 0 | J11: ='07 - 2022'!G17-'07 - 2022'!G16 -> 0 | K11: 0.74
A12: Dubai DIFC | B12: =B11+1 -> 11 | C12: 7 | D12: 2022 | E12: ='07 - 2022'!B18-'07 - 2022'!B17 -> 0 | F12: ='07 - 2022'!C18-'07 - 2022'!C17 -> 0 | G12: 0.118 | H12: ='07 - 2022'!E18-'07 - 2022'!E17 -> 0 | I12: ='07 - 2022'!F18-'07 - 2022'!F17 -> 0 | J12: ='07 - 2022'!G18-'07 - 2022'!G17 -> 0 | K12: 0.74
A13: Dubai DIFC | B13: =B12+1 -> 12 | C13: 7 | D13: 2022 | E13: ='07 - 2022'!B19-'07 - 2022'!B18 -> 0 | F13: ='07 - 2022'!C19-'07 - 2022'!C18 -> 0 | G13: 0.118 | H13: ='07 - 2022'!E19-'07 - 2022'!E18 -> 0 | I13: ='07 - 2022'!F19-'07 - 2022'!F18 -> 0 | J13: ='07 - 2022'!G19-'07 - 2022'!G18 -> 0 | K13: 0.74
A14: Dubai DIFC | B14: =B13+1 -> 13 | C14: 7 | D14: 2022 | E14: ='07 - 2022'!B20-'07 - 2022'!B19 -> 0 | F14: ='07 - 2022'!C20-'07 - 2022'!C19 -> 0 | G14: 0.118 | H14: ='07 - 2022'!E20-'07 - 2022'!E19 -> 0 | I14: ='07 - 2022'!F20-'07 - 2022'!F19 -> 0 | J14: ='07 - 2022'!G20-'07 - 2022'!G19 -> 0 | K14: 0.74
A15: Dubai DIFC | B15: =B14+1 -> 14 | C15: 7 | D15: 2022 | E15: ='07 - 2022'!B21-'07 - 2022'!B20 -> 0 | F15: ='07 - 2022'!C21-'07 - 2022'!C20 -> 0 | G15: 0.118 | H15: ='07 - 2022'!E21-'07 - 2022'!E20 -> 0 | I15: ='07 - 2022'!F21-'07 - 2022'!F20 -> 0 | J15: ='07 - 2022'!G21-'07 - 2022'!G20 -> 0 | K15: 0.74
... A32: Dubai DIFC | B32: =B31+1 -> 31 | C32: 7 | D32: 2022 | E32: ='07 - 2022'!B38-'07 - 2022'!B37 -> 0 | F32: ='07 - 2022'!C38-'07 - 2022'!C37 -> 0 | G32: 0.118 | H32: ='07 - 2022'!E38-'07 - 2022'!E37 -> 0 | I32: ='07 - 2022'!F38-'07 - 2022'!F37 -> 0 | J32: ='07 - 2022'!G38-'07 - 2022'!G37 -> 0 | K32: 0.74
