Workbook

Sheet TOTAL
A1: Site Name | B1: Day | C1: Month | D1: Year | E1: Total Electricity Kwh | F1: Electricity Tariff ($/Kwh) | G1: Natual Gas (m3) | H1: Natural Gas $/m3 | I1: Water Utility Supply (m3) m3 | J1: Water Utility Supply (m3) $/m3 | K1: District Energy Heating Kwh | L1: District Energy Heating $/Kwh | M1: Room Nights | N1: Total Guests
A2: Seattle | B2: 1 | C2: 6 | D2: 2022 | E2: =IF('Submetering '!E3+'Submetering '!F3+'Submetering '!G3+'Submetering '!H3+'Submetering '!I3+'Submetering '!J3+'Submetering '!K3+'Submetering '!L3>0,'Submetering '!E3+'Submetering '!F3+'Submetering '!G3+'Submetering '!H3+'Submetering '!I3+'Submetering '!J3+'Submetering '!K3+'Submetering '!L3,0) -> 213 | F2: 0.091207153 | G2: =IF(('Submetering '!M3)*2.8>0,('Submetering '!M3)*2.8,0) -> 1234.8 | H2: 0.41957846 | I2: =IF(('Submetering '!N3+'Submetering '!O3)*2.83>0,('Submetering '!N3+'Submetering '!O3)*2.83,0) -> 165.2437 | J2: 7.5929285 | K2: =IF(('Submetering '!P3+'Submetering '!Q3)*346.26>0,('Submetering '!P3+'Submetering '!Q3)*346.26,0) -> 8725.752 | L2: 0.1 | M2: 104 | N2: 153
A3: Seattle | B3: =B2+1 -> 2 | C3: 6 | D3: 2022 | E3: =IF('Submetering '!E4+'Submetering '!F4+'Submetering '!G4+'Submetering '!H4+'Submetering '!I4+'Submetering '!J4+'Submetering '!K4+'Submetering '!L4>0,'Submetering '!E4+'Submetering '!F4+'Submetering '!G4+'Submetering '!H4+'Submetering '!I4+'Submetering '!J4+'Submetering '!K4+'Submetering '!L4,0) -> 211 | F3: 0.091207153 | G3: =IF(('Submetering '!M4)*2.8>0,('Submetering '!M4)*2.8,0) -> 1181.6 | H3: 0.41957846 | I3: =IF(('Submetering '!N4+'Submetering '!O4)*2.83>0,('Submetering '!N4+'Submetering '!O4)*2.83,0) -> 209.9011 | J3: 7.5929285 | K3: =IF(('Submetering '!P4+'Submetering '!Q4)*346.26>0,('Submetering '!P4+'Submetering '!Q4)*346.26,0) -> 6758.9952 | L3: 0.1 | M3: 118 | N3: 178
A4: Seattle | B4: =B3+1 -> 3 | C4: 6 | D4: 2022 | E4: =IF('Submetering '!E5+'Submetering '!F5+'Submetering '!G5+'Submetering '!H5+'Submetering '!I5+'Submetering '!J5+'Submetering '!K5+'Submetering '!L5>0,'Submetering '!E5+'Submetering '!F5+'Submetering '!G5+'Submetering '!H5+'Submetering '!I5+'Submetering '!J5+'Submetering '!K5+'Submetering '!L5,0) -> 283 | F4: 0.091207153 | G4: =IF(('Submetering '!M5)*2.8>0,('Submetering '!M5)*2.8,0) -> 1201.2 | H4: 0.41957846 | I4: =IF(('Submetering '!N5+'Submetering '!O5)*2.83>0,('Submetering '!N5+'Submetering '!O5)*2.83,0) -> 210.3539 | J4: 7.5929285 | K4: =IF(('Submetering '!P5+'Submetering '!Q5)*346.26>0,('Submetering '!P5+'Submetering '!Q5)*346.26,0) -> 11225.749 | L4: 0.1 | M4: 127 | N4: 215
A5: Seattle | B5: =B4+1 -> 4 | C5: 6 | D5: 2022 | E5: =IF('Submetering '!E6+'Submetering '!F6+'Submetering '!G6+'Submetering '!H6+'Submetering '!I6+'Submetering '!J6+'Submetering '!K6+'Submetering '!L6>0,'Submetering '!E6+'Submetering '!F6+'Submetering '!G6+'Submetering '!H6+'Submetering '!I6+'Submetering '!J6+'Submetering '!K6+'Submetering '!L6,0) -> 151 | F5: 0.091207153 | G5: =IF(('Submetering '!M6)*2.8>0,('Submetering '!M6)*2.8,0) -> 1274 | H5: 0.41957846 | I5: =IF(('Submetering '!N6+'Submetering '!O6)*2.83>0,('Submetering '!N6+'Submetering '!O6)*2.83,0) -> 183.7802 | J5: 7.5929285 | K5: =IF(('Submetering '!P6+'Submetering '!Q6)*346.26>0,('Submetering '!P6+'Submetering '!Q6)*346.26,0) -> 10408.576 | L5: 0.1 | M5: 138 | N5: 243
A6: Seattle | B6: =B5+1 -> 5 | C6: 6 | D6: 2022 | E6: =IF('Submetering '!E7+'Submetering '!F7+'Submetering '!G7+'Submetering '!H7+'Submetering '!I7+'Submetering '!J7+'Submetering '!K7+'Submetering '!L7>0,'Submetering '!E7+'Submetering '!F7+'Submetering '!G7+'Submetering '!H7+'Submetering '!I7+'Submetering '!J7+'Submetering '!K7+'Submetering '!L7,0) -> 212 | F6: 0.091207153 | G6: =IF(('Submetering '!M7)*2.8>0,('Submetering '!M7)*2.8,0) -> 1290.8 | H6: 0.41957846 | I6: =IF(('Submetering '!N7+'Submetering '!O7)*2.83>0,('Submetering '!N7+'Submetering '!O7)*2.83,0) -> 176.7052 | J6: 7.5929285 | K6: =IF(('Submetering '!P7+'Submetering '!Q7)*346.26>0,('Submetering '!P7+'Submetering '!Q7)*346.26,0) -> 10969.517 | L6: 0.1 | M6: 121 | N6: 201
A7: Seattle | B7: =B6+1 -> 6 | C7: 6 | D7: 2022 | E7: =IF('Submetering '!E8+'Submetering '!F8+'Submetering '!G8+'Submetering '!H8+'Submetering '!I8+'Submetering '!J8+'Submetering '!K8+'Submetering '!L8>0,'Submetering '!E8+'Submetering '!F8+'Submetering '!G8+'Submetering '!H8+'Submetering '!I8+'Submetering '!J8+'Submetering '!K8+'Submetering '!L8,0) -> 218 | F7: 0.091207153 | G7: =IF(('Submetering '!M8)*2.8>0,('Submetering '!M8)*2.8,0) -> 1279.6 | H7: 0.41957846 | I7: =IF(('Submetering '!N8+'Submetering '!O8)*2.83>0,('Submetering '!N8+'Submetering '!O8)*2.83,0) -> 174.7808 | J7: 7.5929285 | K7: =IF(('Submetering '!P8+'Submetering '!Q8)*346.26>0,('Submetering '!P8+'Submetering '!Q8)*346.26,0) -> 10567.855 | L7: 0.1 | M7: 134 | N7: 177
A8: Seattle | B8: =B7+1 -> 7 | C8: 6 | D8: 2022 | E8: =IF('Submetering '!E9+'Submetering '!F9+'Submetering '!G9+'Submetering '!H9+'Submetering '!I9+'Submetering '!J9+'Submetering '!K9+'Submetering '!L9>0,'Submetering '!E9+'Submetering '!F9+'Submetering '!G9+'Submetering '!H9+'Submetering '!I9+'Submetering '!J9+'Submetering '!K9+'Submetering '!L9,0) -> 207 | F8: 0.091207153 | G8: =IF(('Submetering '!M9)*2.8>0,('Submetering '!M9)*2.8,0) -> 1220.8 | H8: 0.41957846 | I8: =IF(('Submetering '!N9+'Submetering '!O9)*2.83>0,('Submetering '!N9+'Submetering '!O9)*2.83,0) -> 139.2926 | J8: 7.5929285 | K8: =IF(('Submetering '!P9+'Submetering '!Q9)*346.26>0,('Submetering '!P9+'Submetering '!Q9)*346.26,0) -> 9709.1304 | L8: 0.1 | M8: 146 | N8: 193
A9: Seattle | B9: =B8+1 -> 8 | C9: 6 | D9: 2022 | E9: =IF('Submetering '!E10+'Submetering '!F10+'Submetering '!G10+'Submetering '!H10+'Submetering '!I10+'Submetering '!J10+'Submetering '!K10+'Submetering '!L10>0,'Submetering '!E10+'Submetering '!F10+'Submetering '!G10+'Submetering '!H10+'Submetering '!I10+'Submetering '!J10+'Submetering '!K10+'Submetering '!L10,0) -> 222 | F9: 0.091207153 | G9: =IF(('Submetering '!M10)*2.8>0,('Submetering '!M10)*2.8,0) -> 1299.2 | H9: 0.41957846 | I9: =IF(('Submetering '!N10+'Submetering '!O10)*2.83>0,('Submetering '!N10+'Submetering '!O10)*2.83,0) -> 195.5813 | J9: 7.5929285 | K9: =IF(('Submetering '!P10+'Submetering '!Q10)*346.26>0,('Submetering '!P10+'Submetering '!Q10)*346.26,0) -> 10228.52 | L9: 0.1 | M9: 135 | N9: 190
A10: Seattle | B10: =B9+1 -> 9 | C10: 6 | D10: 2022 | E10: =IF('Submetering '!E11+'Submetering '!F11+'Submetering '!G11+'Submetering '!H11+'Submetering '!I11+'Submetering '!J11+'Submetering '!K11+'Submetering '!L11>0,'Submetering '!E11+'Submetering '!F11+'Submetering '!G11+'Submetering '!H11+'Submetering '!I11+'Submetering '!J11+'Submetering '!K11+'Submetering '!L11,0) -> 203 | F10: 0.091207153 | G10: =IF(('Submetering '!M11)*2.8>0,('Submetering '!M11)*2.8,0) -> 1094.8 | H10: 0.41957846 | I10: =IF(('Submetering '!N11+'Submetering '!O11)*2.83>0,('Submetering '!N11+'Submetering '!O11)*2.83,0) -> 184.2613 | J10: 7.5929285 | K10: =IF(('Submetering '!P11+'Submetering '!Q11)*346.26>0,('Submetering '!P11+'Submetering '!Q11)*346.26,0) -> 10173.119 | L10: 0.1 | M10: 118 | N10: 195
A11: Seattle | B11: =B10+1 -> 10 | C11: 6 | D11: 2022 | E11: =IF('Submetering '!E12+'Submetering '!F12+'Submetering '!G12+'Submetering '!H12+'Submetering '!I12+'Submetering '!J12+'Submetering '!K12+'Submetering '!L12>0,'Submetering '!E12+'Submetering '!F12+'Submetering '!G12+'Submetering '!H12+'Submetering '!I12+'Submetering '!J12+'Submetering '!K12+'Submetering '!L12,0) -> 207 | F11: 0.091207153 | G11: =IF(('Submetering '!M12)*2.8>0,('Submetering '!M12)*2.8,0) -> 1212.4 | H11: 0.41957846 | I11: =IF(('Submetering '!N12+'Submetering '!O12)*2.83>0,('Submetering '!N12+'Submetering '!O12)*2.83,0) -> 210.5237 | J11: 7.5929285 | K11: =IF(('Submetering '!P12+'Submetering '!Q12)*346.26>0,('Submetering '!P12+'Submetering '!Q12)*346.26,0) -> 10304.698 | L11: 0.1 | M11: 114 | N11: 219
A12: Seattle | B12: =B11+1 -> 11 | C12: 6 | D12: 2022 | E12: =IF('Submetering '!E13+'Submetering '!F13+'Submetering '!G13+'Submetering '!H13+'Submetering '!I13+'Submetering '!J13+'Submetering '!K13+'Submetering '!L13>0,'Submetering '!E13+'Submetering '!F13+'Submetering '!G13+'Submetering '!H13+'Submetering '!I13+'Submetering '!J13+'Submetering '!K13+'Submetering '!L13,0) -> 236 | F12: 0.091207153 | G12: =IF(('Submetering '!M13)*2.8>0,('Submetering '!M13)*2.8,0) -> 1327.2 | H12: 0.41957846 | I12: =IF(('Submetering '!N13+'Submetering '!O13)*2.83>0,('Submetering '!N13+'Submetering '!O13)*2.83,0) -> 202.6563 | J12: 7.5929285 | K12: =IF(('Submetering '!P13+'Submetering '!Q13)*346.26>0,('Submetering '!P13+'Submetering '!Q13)*346.26,0) -> 10692.509 | L12: 0.1 | M12: 136 | N12: 257
A13: Seattle | B13: =B12+1 -> 12 | C13: 6 | D13: 2022 | E13: =IF('Submetering '!E14+'Submetering '!F14+'Submetering '!G14+'Submetering '!H14+'Submetering '!I14+'Submetering '!J14+'Submetering '!K14+'Submetering '!L14>0,'Submetering '!E14+'Submetering '!F14+'Submetering '!G14+'Submetering '!H14+'Submetering '!I14+'Submetering '!J14+'Submetering '!K14+'Submetering '!L14,0) -> 187 | F13: 0.091207153 | G13: =IF(('Submetering '!M14)*2.8>0,('Submetering '!M14)*2.8,0) -> 1293.6 | H13: 0.41957846 | I13: =IF(('Submetering '!N14+'Submetering '!O14)*2.83>0,('Submetering '!N14+'Submetering '!O14)*2.83,0) -> 180.1578 | J13: 7.5929285 | K13: =IF(('Submetering '!P14+'Submetering '!Q14)*346.26>0,('Submetering '!P14+'Submetering '!Q14)*346.26,0) -> 11447.356 | L13: 0.1 | M13: 111 | N13: 172
A14: Seattle | B14: =B13+1 -> 13 | C14: 6 | D14: 2022 | E14: =IF('Submetering '!E15+'Submetering '!F15+'Submetering '!G15+'Submetering '!H15+'Submetering '!I15+'Submetering '!J15+'Submetering '!K15+'Submetering '!L15>0,'Submetering '!E15+'Submetering '!F15+'Submetering '!G15+'Submetering '!H15+'Submetering '!I15+'Submetering '!J15+'Submetering '!K15+'Submetering '!L15,0) -> 205 | F14: 0.091207153 | G14: =IF(('Submetering '!M15)*2.8>0,('Submetering '!M15)*2.8,0) -> 1237.6 | H14: 0.41957846 | I14: =IF(('Submetering '!N15+'Submetering '!O15)*2.83>0,('Submetering '!N15+'Submetering '!O15)*2.83,0) -> 163.6306 | J14: 7.5929285 | K14: =IF(('Submetering '!P15+'Submetering '!Q15)*346.26>0,('Submetering '!P15+'Submetering '!Q15)*346.26,0) -> 11350.403 | L14: 0.1 | M14: 134 | N14: 195
... A31: Seattle | B31: =B30+1 -> 30 | C31: 6 | D31: 2022 | E31: =IF('Submetering '!E32+'Submetering '!F32+'Submetering '!G32+'Submetering '!H32+'Submetering '!I32+'Submetering '!J32+'Submetering '!K32+'Submetering '!L32>0,'Submetering '!E32+'Submetering '!F32+'Submetering '!G32+'Submetering '!H32+'Submetering '!I32+'Submetering '!J32+'Submetering '!K32+'Submetering '!L32,0) -> 219 | F31: 0.091207153 | G31: =IF(('Submetering '!M32)*2.8>0,('Submetering '!M32)*2.8,0) -> 1271.2 | H31: 0.41957846 | I31: =IF(('Submetering '!N32+'Submetering '!O32)*2.83>0,('Submetering '!N32+'Submetering '!O32)*2.83,0) -> 206.3919 | J31: 7.5929285 | K31: =IF(('Submetering '!P32+'Submetering '!Q32)*346.26>0,('Submetering '!P32+'Submetering '!Q32)*346.26,0) -> 9127.4136 | L31: 0.1 | M31: 99 | N31: 191

Sheet Submetering 
A1: Site Name | B1: Day | C1: Month | D1: Year | E1: C Level Meter 768867 | F1: C Level Meter 768898 | G1: C Level Meter 789059 | H1: C Level 796579 | I1: C Level 796593 | J1: D Level 789073 | K1: 16th FL N 788970 | L1: 19th FL S 798644 | M1: Gas meter | N1: Domestic Water South | O1: Domestic Water North | P1: Condensate 1 (Steam 103-G) | Q1: Condensate 2 (Steam 7034-G)
A3: Seattle | B3: 1 | C3: 6 | D3: 2022 | E3: =DAILY!C4-DAILY!B4 -> 17 | F3: =DAILY!$C$5-DAILY!$B$5 -> 25 | G3: =DAILY!$C$6-DAILY!$B$6 -> 8 | H3: =DAILY!$C$7-DAILY!$B$7 -> 47 | I3: =DAILY!$C$8-DAILY!$B$8 -> 12 | J3: =DAILY!$C$9-DAILY!$B$9 -> 0 | K3: =DAILY!$C$10-DAILY!$B$10 -> 4 | L3: =DAILY!$C$11-DAILY!$B$11 -> 100 | M3: =DAILY!$C$12-DAILY!$B$12 -> 441 | N3: =DAILY!$C$13-DAILY!$B$13 -> 58.39 | O3: =DAILY!$C$14-DAILY!$B$14 -> 0 | P3: =DAILY!$C$15-DAILY!$B$15 -> 19.76 | Q3: =DAILY!$C$16-DAILY!$B$16 -> 5.44
A4: Seattle | B4: =B3+1 -> 2 | C4: 6 | D4: 2022 | E4: =DAILY!D4-DAILY!C4 -> 16 | F4: =DAILY!$D$5-DAILY!$C$5 -> 25 | G4: =DAILY!$D$6-DAILY!$C$6 -> 8 | H4: =DAILY!$D$7-DAILY!$C$7 -> 46 | I4: =DAILY!$D$8-DAILY!$C$8 -> 11 | J4: =DAILY!$D$9-DAILY!$C$9 -> 0 | K4: =DAILY!$D$10-DAILY!$C$10 -> 3 | L4: =DAILY!$D$11-DAILY!$C$11 -> 102 | M4: =DAILY!$D$12-DAILY!$C$12 -> 422 | N4: =DAILY!$D$13-DAILY!$C$13 -> 65.17 | O4: =DAILY!$D$14-DAILY!$C$14 -> 9 | P4: =DAILY!$D$15-DAILY!$C$15 -> 15.24 | Q4: =DAILY!$D$16-DAILY!$C$16 -> 4.28
A5: Seattle | B5: =B4+1 -> 3 | C5: 6 | D5: 2022 | E5: =DAILY!E4-DAILY!D4 -> 17 | F5: =DAILY!$E$5-DAILY!$D$5 -> 26 | G5: =DAILY!$E$6-DAILY!$D$6 -> 9 | H5: =DAILY!$E$7-DAILY!$D$7 -> 47 | I5: =DAILY!$E$8-DAILY!$D$8 -> 12 | J5: =DAILY!$E$9-DAILY!$D$9 -> 0 | K5: =DAILY!$E$10-DAILY!$D$10 -> 4 | L5: =DAILY!$E$11-DAILY!$D$11 -> 168 | M5: =DAILY!$E$12-DAILY!$D$12 -> 429 | N5: =DAILY!$E$13-DAILY!$D$13 -> 74.33 | O5: =DAILY!$E$14-DAILY!$D$14 -> 0 | P5: =DAILY!$E$15-DAILY!$D$15 -> 23.54 | Q5: =DAILY!$E$16-DAILY!$D$16 -> 8.88
A6: Seattle | B6: =B5+1 -> 4 | C6: 6 | D6: 2022 | E6: =DAILY!F4-DAILY!E4 -> 19 | F6: =DAILY!$F$5-DAILY!$E$5 -> 25 | G6: =DAILY!$F$6-DAILY!$E$6 -> 9 | H6: =DAILY!$F$7-DAILY!$E$7 -> 45 | I6: =DAILY!$F$8-DAILY!$E$8 -> 11 | J6: =DAILY!$F$9-DAILY!$E$9 -> 0 | K6: =DAILY!$F$10-DAILY!$E$10 -> 3 | L6: =DAILY!$F$11-DAILY!$E$11 -> 39 | M6: =DAILY!$F$12-DAILY!$E$12 -> 455 | N6: =DAILY!$F$13-DAILY!$E$13 -> 64.94 | O6: =DAILY!$F$14-DAILY!$E$14 -> 0 | P6: =DAILY!$F$15-DAILY!$E$15 -> 23.12 | Q6: =DAILY!$F$16-DAILY!$E$16 -> 6.94
A7: Seattle | B7: =B6+1 -> 5 | C7: 6 | D7: 2022 | E7: =DAILY!G4-DAILY!F4 -> 19 | F7: =DAILY!$G$5-DAILY!$F$5 -> 27 | G7: =DAILY!$G$6-DAILY!$F$6 -> 9 | H7: =DAILY!$G$7-DAILY!$F$7 -> 47 | I7: =DAILY!$G$8-DAILY!$F$8 -> 13 | J7: =DAILY!$G$9-DAILY!$F$9 -> 0 | K7: =DAILY!$G$10-DAILY!$F$10 -> 3 | L7: =DAILY!$G$11-DAILY!$F$11 -> 94 | M7: =DAILY!$G$12-DAILY!$F$12 -> 461 | N7: =DAILY!$G$13-DAILY!$F$13 -> 62.44 | O7: =DAILY!$G$14-DAILY!$F$14 -> 0 | P7: =DAILY!$G$15-DAILY!$F$15 -> 24.3 | Q7: =DAILY!$G$16-DAILY!$F$16 -> 7.38
A8: Seattle | B8: =B7+1 -> 6 | C8: 6 | D8: 2022 | E8: =DAILY!H4-DAILY!G4 -> 17 | F8: =DAILY!$H$5-DAILY!$G$5 -> 26 | G8: =DAILY!$H$6-DAILY!$G$6 -> 9 | H8: =DAILY!$H$7-DAILY!$G$7 -> 47 | I8: =DAILY!$H$8-DAILY!$G$8 -> 13 | J8: =DAILY!$H$9-DAILY!$G$9 -> 0 | K8: =DAILY!$H$10-DAILY!$G$10 -> 4 | L8: =DAILY!$H$11-DAILY!$G$11 -> 102 | M8: =DAILY!$H$12-DAILY!$G$12 -> 457 | N8: =DAILY!$H$13-DAILY!$G$13 -> 61.76 | O8: =DAILY!$H$14-DAILY!$G$14 -> 0 | P8: =DAILY!$H$15-DAILY!$G$15 -> 23.5 | Q8: =DAILY!$H$16-DAILY!$G$16 -> 7.02
A9: Seattle | B9: =B8+1 -> 7 | C9: 6 | D9: 2022 | E9: =DAILY!I4-DAILY!H4 -> 16 | F9: =DAILY!$I$5-DAILY!$H$5 -> 24 | G9: =DAILY!$I$6-DAILY!$H$6 -> 9 | H9: =DAILY!$I$7-DAILY!$H$7 -> 46 | I9: =DAILY!$I$8-DAILY!$H$8 -> 11 | J9: =DAILY!$I$9-DAILY!$H$9 -> 0 | K9: =DAILY!$I$10-DAILY!$H$10 -> 3 | L9: =DAILY!$I$11-DAILY!$H$11 -> 98 | M9: =DAILY!$I$12-DAILY!$H$12 -> 436 | N9: =DAILY!$I$13-DAILY!$H$13 -> 49.22 | O9: =DAILY!$I$14-DAILY!$H$14 -> 0 | P9: =DAILY!$I$15-DAILY!$H$15 -> 21.66 | Q9: =DAILY!$I$16-DAILY!$H$16 -> 6.38
A10: Seattle | B10: =B9+1 -> 8 | C10: 6 | D10: 2022 | E10: =DAILY!J4-DAILY!I4 -> 19 | F10: =DAILY!$J$5-DAILY!$I$5 -> 27 | G10: =DAILY!$J$6-DAILY!$I$6 -> 10 | H10: =DAILY!$J$7-DAILY!$I$7 -> 48 | I10: =DAILY!$J$8-DAILY!$I$8 -> 13 | J10: =DAILY!$J$9-DAILY!$I$9 -> 0 | K10: =DAILY!$J$10-DAILY!$I$10 -> 3 | L10: =DAILY!$J$11-DAILY!$I$11 -> 102 | M10: =DAILY!$J$12-DAILY!$I$12 -> 464 | N10: =DAILY!$J$13-DAILY!$I$13 -> 69.11 | O10: =DAILY!$J$14-DAILY!$I$14 -> 0 | P10: =DAILY!$J$15-DAILY!$I$15 -> 22.94 | Q10: =DAILY!$J$16-DAILY!$I$16 -> 6.6
A11: Seattle | B11: =B10+1 -> 9 | C11: 6 | D11: 2022 | E11: =DAILY!K4-DAILY!J4 -> 17 | F11: =DAILY!$K$5-DAILY!$J$5 -> 24 | G11: =DAILY!$K$6-DAILY!$J$6 -> 8 | H11: =DAILY!$K$7-DAILY!$J$7 -> 42 | I11: =DAILY!$K$8-DAILY!$J$8 -> 13 | J11: =DAILY!$K$9-DAILY!$J$9 -> 0 | K11: =DAILY!$K$10-DAILY!$J$10 -> 4 | L11: =DAILY!$K$11-DAILY!$J$11 -> 95 | M11: =DAILY!$K$12-DAILY!$J$12 -> 391 | N11: =DAILY!$K$13-DAILY!$J$13 -> 65.11 | O11: =DAILY!$K$14-DAILY!$J$14 -> 0 | P11: =DAILY!$K$15-DAILY!$J$15 -> 22.48 | Q11: =DAILY!$K$16-DAILY!$J$16 -> 6.9
A12: Seattle | B12: =B11+1 -> 10 | C12: 6 | D12: 2022 | E12: =DAILY!L4-DAILY!K4 -> 18 | F12: =DAILY!$L$5-DAILY!$K$5 -> 26 | G12: =DAILY!$L$6-DAILY!$K$6 -> 9 | H12: =DAILY!$L$7-DAILY!$K$7 -> 44 | I12: =DAILY!$L$8-DAILY!$K$8 -> 11 | J12: =DAILY!$L$9-DAILY!$K$9 -> 0 | K12: =DAILY!$L$10-DAILY!$K$10 -> 3 | L12: =DAILY!$L$11-DAILY!$K$11 -> 96 | M12: =DAILY!$L$12-DAILY!$K$12 -> 433 | N12: =DAILY!$L$13-DAILY!$K$13 -> 74.39 | O12: =DAILY!$L$14-DAILY!$K$14 -> 0 | P12: =DAILY!$L$15-DAILY!$K$15 -> 22.94 | Q12: =DAILY!$L$16-DAILY!$K$16 -> 6.82
A13: Seattle | B13: =B12+1 -> 11 | C13: 6 | D13: 2022 | E13: =DAILY!M4-DAILY!L4 -> 20 | F13: =DAILY!$M$5-DAILY!$L$5 -> 28 | G13: =DAILY!$M$6-DAILY!$L$6 -> 9 | H13: =DAILY!$M$7-DAILY!$L$7 -> 65 | I13: =DAILY!$M$8-DAILY!$L$8 -> 11 | J13: =DAILY!$M$9-DAILY!$L$9 -> 0 | K13: =DAILY!$M$10-DAILY!$L$10 -> 3 | L13: =DAILY!$M$11-DAILY!$L$11 -> 100 | M13: =DAILY!$M$12-DAILY!$L$12 -> 474 | N13: =DAILY!$M$13-DAILY!$L$13 -> 71.61 | O13: =DAILY!$M$14-DAILY!$L$14 -> 0 | P13: =DAILY!$M$15-DAILY!$L$15 -> 23.78 | Q13: =DAILY!$M$16-DAILY!$L$16 -> 7.1
A14: Seattle | B14: =B13+1 -> 12 | C14: 6 | D14: 2022 | E14: =DAILY!N4-DAILY!M4 -> 18 | F14: =DAILY!$N$5-DAILY!$M$5 -> 26 | G14: =DAILY!$N$6-DAILY!$M$6 -> 9 | H14: =DAILY!$N$7-DAILY!$M$7 -> 26 | I14: =DAILY!$N$8-DAILY!$M$8 -> 13 | J14: =DAILY!$N$9-DAILY!$M$9 -> 0 | K14: =DAILY!$N$10-DAILY!$M$10 -> 4 | L14: =DAILY!$N$11-DAILY!$M$11 -> 91 | M14: =DAILY!$N$12-DAILY!$M$12 -> 462 | N14: =DAILY!$N$13-DAILY!$M$13 -> 63.66 | O14: =DAILY!$N$14-DAILY!$M$14 -> 0 | P14: =DAILY!$N$15-DAILY!$M$15 -> 25.36 | Q14: =DAILY!$N$16-DAILY!$M$16 -> 7.7
A15: Seattle | B15: =B14+1 -> 13 | C15: 6 | D15: 2022 | E15: =DAILY!O4-DAILY!N4 -> 18 | F15: =DAILY!$O$5-DAILY!$N$5 -> 23 | G15: =DAILY!$O$6-DAILY!$N$6 -> 9 | H15: =DAILY!$O$7-DAILY!$N$7 -> 45 | I15: =DAILY!$O$8-DAILY!$N$8 -> 12 | J15: =DAILY!$O$9-DAILY!$N$9 -> 0 | K15: =DAILY!$O$10-DAILY!$N$10 -> 3 | L15: =DAILY!$O$11-DAILY!$N$11 -> 95 | M15: =DAILY!$O$12-DAILY!$N$12 -> 442 | N15: =DAILY!$O$13-DAILY!$N$13 -> 57.82 | O15: =DAILY!$O$14-DAILY!$N$14 -> 0 | P15: =DAILY!$O$15-DAILY!$N$15 -> 25.04 | Q15: =DAILY!$O$16-DAILY!$N$16 -> 7.74
A16: Seattle | B16: =B15+1 -> 14 | C16: 6 | D16: 2022 | E16: =DAILY!P4-DAILY!O4 -> 18 | F16: =DAILY!$P$5-DAILY!$O$5 -> 26 | G16: =DAILY!$P$6-DAILY!$O$6 -> 10 | H16: =DAILY!$P$7-DAILY!$O$7 -> 47 | I16: =DAILY!$P$8-DAILY!$O$8 -> 13 | J16: =DAILY!$P$9-DAILY!$O$9 -> 0 | K16: =DAILY!$P$10-DAILY!$O$10 -> 4 | L16: =DAILY!$P$11-DAILY!$O$11 -> 99 | M16: =DAILY!$P$12-DAILY!$O$12 -> 460 | N16: =DAILY!$P$13-DAILY!$O$13 -> 59.48 | O16: =DAILY!$P$14-DAILY!$O$14 -> 0 | P16: =DAILY!$P$15-DAILY!$O$15 -> 25.46 | Q16: =DAILY!$P$16-DAILY!$O$16 -> 7.78
A17: Seattle | B17: =B16+1 -> 15 | C17: 6 | D17: 2022 | E17: =DAILY!Q4-DAILY!P4 -> 18 | F17: =DAILY!$Q$5-DAILY!$P$5 -> 25 | G17: =DAILY!$Q$6-DAILY!$P$6 -> 9 | H17: =DAILY!$Q$7-DAILY!$P$7 -> 46 | I17: =DAILY!$Q$8-DAILY!$P$8 -> 12 | J17: =DAILY!$Q$9-DAILY!$P$9 -> 0 | K17: =DAILY!$Q$10-DAILY!$P$10 -> 3 | L17: =DAILY!$Q$11-DAILY!$P$11 -> 94 | M17: =DAILY!$Q$12-DAILY!$P$12 -> 444 | N17: =DAILY!$Q$13-DAILY!$P$13 -> 62.92 | O17: =DAILY!$Q$14-DAILY!$P$14 -> 0 | P17: =DAILY!$Q$15-DAILY!$P$15 -> 23.84 | Q17: =DAILY!$Q$16-DAILY!$P$16 -> 7.24
A18: Seattle | B18: =B17+1 -> 16 | C18: 6 | D18: 2022 | E18: =DAILY!R4-DAILY!Q4 -> 18 | F18: =DAILY!$R$5-DAILY!$Q$5 -> 25 | G18: =DAILY!$R$6-DAILY!$Q$6 -> 9 | H18: =DAILY!$R$7-DAILY!$Q$7 -> 44 | I18: =DAILY!$R$8-DAILY!$Q$8 -> 12 | J18: =DAILY!$R$9-DAILY!$Q$9 -> 0 | K18: =DAILY!$R$10-DAILY!$Q$10 -> 3 | L18: =DAILY!$R$11-DAILY!$Q$11 -> 98 | M18: =DAILY!$R$12-DAILY!$Q$12 -> 441 | N18: =DAILY!$R$13-DAILY!$Q$13 -> 65.36 | O18: =DAILY!$R$14-DAILY!$Q$14 -> 0 | P18: =DAILY!$R$15-DAILY!$Q$15 -> 22.3 | Q18: =DAILY!$R$16-DAILY!$Q$16 -> 6.72
A19: Seattle | B19: =B18+1 -> 17 | C19: 6 | D19: 2022 | E19: =DAILY!S4-DAILY!R4 -> 19 | F19: =DAILY!$S$5-DAILY!$R$5 -> 25 | G19: =DAILY!$S$6-DAILY!$R$6 -> 9 | H19: =DAILY!$S$7-DAILY!$R$7 -> 46 | I19: =DAILY!$S$8-DAILY!$R$8 -> 11 | J19: =DAILY!$S$9-DAILY!$R$9 -> 0 | K19: =DAILY!$S$10-DAILY!$R$10 -> 4 | L19: =DAILY!$S$11-DAILY!$R$11 -> 101 | M19: =DAILY!$S$12-DAILY!$R$12 -> 419 | N19: =DAILY!$S$13-DAILY!$R$13 -> 65.31 | O19: =DAILY!$S$14-DAILY!$R$14 -> 0 | P19: =DAILY!$S$15-DAILY!$R$15 -> 23.72 | Q19: =DAILY!$S$16-DAILY!$R$16 -> 7.22
A20: Seattle | B20: =B19+1 -> 18 | C20: 6 | D20: 2022 | E20: =DAILY!T4-DAILY!S4 -> 19 | F20: =DAILY!$T$5-DAILY!$S$5 -> 26 | G20: =DAILY!$T$6-DAILY!$S$6 -> 9 | H20: =DAILY!$T$7-DAILY!$S$7 -> 45 | I20: =DAILY!$T$8-DAILY!$S$8 -> 12 | J20: =DAILY!$T$9-DAILY!$S$9 -> 0 | K20: =DAILY!$T$10-DAILY!$S$10 -> 3 | L20: =DAILY!$T$11-DAILY!$S$11 -> 98 | M20: =DAILY!$T$12-DAILY!$S$12 -> 440 | N20: =DAILY!$T$13-DAILY!$S$13 -> 73.56 | O20: =DAILY!$T$14-DAILY!$S$14 -> 0 | P20: =DAILY!$T$15-DAILY!$S$15 -> 25.04 | Q20: =DAILY!$T$16-DAILY!$S$16 -> 7.74
A21: Seattle | B21: =B20+1 -> 19 | C21: 6 | D21: 2022 | E21: =DAILY!U4-DAILY!T4 -> 21 | F21: =DAILY!$U$5-DAILY!$T$5 -> 27 | G21: =DAILY!$U$6-DAILY!$T$6 -> 10 | H21: =DAILY!$U$7-DAILY!$T$7 -> 48 | I21: =DAILY!$U$8-DAILY!$T$8 -> 13 | J21: =DAILY!$U$9-DAILY!$T$9 -> 0 | K21: =DAILY!$U$10-DAILY!$T$10 -> 3 | L21: =DAILY!$U$11-DAILY!$T$11 -> 99 | M21: =DAILY!$U$12-DAILY!$T$12 -> 458 | N21: =DAILY!$U$13-DAILY!$T$13 -> 65.65 | O21: =DAILY!$U$14-DAILY!$T$14 -> 0 | P21: =DAILY!$U$15-DAILY!$T$15 -> 26.34 | Q21: =DAILY!$U$16-DAILY!$T$16 -> 8.12
A22: Seattle | B22: =B21+1 -> 20 | C22: 6 | D22: 2022 | E22: =DAILY!V4-DAILY!U4 -> 17 | F22: =DAILY!$V$5-DAILY!$U$5 -> 27 | G22: =DAILY!$V$6-DAILY!$U$6 -> 9 | H22: =DAILY!$V$7-DAILY!$U$7 -> 46 | I22: =DAILY!$V$8-DAILY!$U$8 -> 12 | J22: =DAILY!$V$9-DAILY!$U$9 -> 0 | K22: =DAILY!$V$10-DAILY!$U$10 -> 4 | L22: =DAILY!$V$11-DAILY!$U$11 -> 102 | M22: =DAILY!$V$12-DAILY!$U$12 -> 444 | N22: =DAILY!$V$13-DAILY!$U$13 -> 63.22 | O22: =DAILY!$V$14-DAILY!$U$14 -> 0 | P22: =DAILY!$V$15-DAILY!$U$15 -> 23.7 | Q22: =DAILY!$V$16-DAILY!$U$16 -> 7.14
A23: Seattle | B23: =B22+1 -> 21 | C23: 6 | D23: 2022 | E23: =DAILY!W4-DAILY!V4 -> 16 | F23: =DAILY!$W$5-DAILY!$V$5 -> 26 | G23: =DAILY!$W$6-DAILY!$V$6 -> 8 | H23: =DAILY!$W$7-DAILY!$V$7 -> 43 | I23: =DAILY!$W$8-DAILY!$V$8 -> 12 | J23: =DAILY!$W$9-DAILY!$V$9 -> 0 | K23: =DAILY!$W$10-DAILY!$V$10 -> 3 | L23: =DAILY!$W$11-DAILY!$V$11 -> 98 | M23: =DAILY!$W$12-DAILY!$V$12 -> 321 | N23: =DAILY!$W$13-DAILY!$V$13 -> 59.2 | O23: =DAILY!$W$14-DAILY!$V$14 -> 0 | P23: =DAILY!$W$15-DAILY!$V$15 -> 19.8 | Q23: =DAILY!$W$16-DAILY!$V$16 -> 5.74
A24: Seattle | B24: =B23+1 -> 22 | C24: 6 | D24: 2022 | E24: =DAILY!X4-DAILY!W4 -> 18 | F24: =DAILY!$X$5-DAILY!$W$5 -> 26 | G24: =DAILY!$X$6-DAILY!$W$6 -> 9 | H24: =DAILY!$X$7-DAILY!$W$7 -> 46 | I24: =DAILY!$X$8-DAILY!$W$8 -> 12 | J24: =DAILY!$X$9-DAILY!$W$9 -> 0 | K24: =DAILY!$X$10-DAILY!$W$10 -> 3 | L24: =DAILY!$X$11-DAILY!$W$11 -> 101 | M24: =DAILY!$X$12-DAILY!$W$12 -> 369 | N24: =DAILY!$X$13-DAILY!$W$13 -> 63.25 | O24: =DAILY!$X$14-DAILY!$W$14 -> 0 | P24: =DAILY!$X$15-DAILY!$W$15 -> 21.78 | Q24: =DAILY!$X$16-DAILY!$W$16 -> 6.36
A25: Seattle | B25: =B24+1 -> 23 | C25: 6 | D25: 2022 | E25: =DAILY!Y4-DAILY!X4 -> 19 | F25: =DAILY!$Y$5-DAILY!$X$5 -> 27 | G25: =DAILY!$Y$6-DAILY!$X$6 -> 9 | H25: =DAILY!$Y$7-DAILY!$X$7 -> 47 | I25: =DAILY!$Y$8-DAILY!$X$8 -> 12 | J25: =DAILY!$Y$9-DAILY!$X$9 -> 0 | K25: =DAILY!$Y$10-DAILY!$X$10 -> 4 | L25: =DAILY!$Y$11-DAILY!$X$11 -> 100 | M25: =DAILY!$Y$12-DAILY!$X$12 -> 439 | N25: =DAILY!$Y$13-DAILY!$X$13 -> 60.21 | O25: =DAILY!$Y$14-DAILY!$X$14 -> 0 | P25: =DAILY!$Y$15-DAILY!$X$15 -> 22.78 | Q25: =DAILY!$Y$16-DAILY!$X$16 -> 6.72
A26: Seattle | B26: =B25+1 -> 24 | C26: 6 | D26: 2022 | E26: =DAILY!Z4-DAILY!Y4 -> 18 | F26: =DAILY!$Z$5-DAILY!$Y$5 -> 27 | G26: =DAILY!$Z$6-DAILY!$Y$6 -> 9 | H26: =DAILY!$Z$7-DAILY!$Y$7 -> 45 | I26: =DAILY!$Z$8-DAILY!$Y$8 -> 12 | J26: =DAILY!$Z$9-DAILY!$Y$9 -> 0 | K26: =DAILY!$Z$10-DAILY!$Y$10 -> 3 | L26: =DAILY!$Z$11-DAILY!$Y$11 -> 101 | M26: =DAILY!$Z$12-DAILY!$Y$12 -> 398 | N26: =DAILY!$Z$13-DAILY!$Y$13 -> 71.54 | O26: =DAILY!$Z$14-DAILY!$Y$14 -> 0 | P26: =DAILY!$Z$15-DAILY!$Y$15 -> 20.46 | Q26: =DAILY!$Z$16-DAILY!$Y$16 -> 5.86
A27: Seattle | B27: =B26+1 -> 25 | C27: 6 | D27: 2022 | E27: =DAILY!AA4-DAILY!Z4 -> 18 | F27: =DAILY!$AA$5-DAILY!$Z$5 -> 30 | G27: =DAILY!$AA$6-DAILY!$Z$6 -> 10 | H27: =DAILY!$AA$7-DAILY!$Z$7 -> 45 | I27: =DAILY!$AA$8-DAILY!$Z$8 -> 14 | J27: =DAILY!$AA$9-DAILY!$Z$9 -> 0 | K27: =DAILY!$AA$10-DAILY!$Z$10 -> 4 | L27: =DAILY!$AA$11-DAILY!$Z$11 -> 99 | M27: =DAILY!$AA$12-DAILY!$Z$12 -> 421 | N27: =DAILY!$AA$13-DAILY!$Z$13 -> 78.15 | O27: =DAILY!$AA$14-DAILY!$Z$14 -> 0 | P27: =DAILY!$AA$15-DAILY!$Z$15 -> 19.42 | Q27: =DAILY!$AA$16-DAILY!$Z$16 -> 5.44
A28: Seattle | B28: =B27+1 -> 26 | C28: 6 | D28: 2022 | E28: =DAILY!AB4-DAILY!AA4 -> 18 | F28: =DAILY!$AB$5-DAILY!$AA$5 -> 34 | G28: =DAILY!$AB$6-DAILY!$AA$6 -> 9 | H28: =DAILY!$AB$7-DAILY!$AA$7 -> 47 | I28: =DAILY!$AB$8-DAILY!$AA$8 -> 15 | J28: =DAILY!$AB$9-DAILY!$AA$9 -> 0 | K28: =DAILY!$AB$10-DAILY!$AA$10 -> 3 | L28: =DAILY!$AB$11-DAILY!$AA$11 -> 97 | M28: =DAILY!$AB$12-DAILY!$AA$12 -> 450 | N28: =DAILY!$AB$13-DAILY!$AA$13 -> 71.97 | O28: =DAILY!$AB$14-DAILY!$AA$14 -> 0 | P28: =DAILY!$AB$15-DAILY!$AA$15 -> 18.6 | Q28: =DAILY!$AB$16-DAILY!$AA$16 -> 5.08
A29: Seattle | B29: =B28+1 -> 27 | C29: 6 | D29: 2022 | E29: =DAILY!AC4-DAILY!AB4 -> 17 | F29: =DAILY!$AC$5-DAILY!$AB$5 -> 31 | G29: =DAILY!$AC$6-DAILY!$AB$6 -> 9 | H29: =DAILY!$AC$7-DAILY!$AB$7 -> 46 | I29: =DAILY!$AC$8-DAILY!$AB$8 -> 12 | J29: =DAILY!$AC$9-DAILY!$AB$9 -> 0 | K29: =DAILY!$AC$10-DAILY!$AB$10 -> 3 | L29: =DAILY!$AC$11-DAILY!$AB$11 -> 99 | M29: =DAILY!$AC$12-DAILY!$AB$12 -> 414 | N29: =DAILY!$AC$13-DAILY!$AB$13 -> 71.04 | O29: =DAILY!$AC$14-DAILY!$AB$14 -> 0 | P29: =DAILY!$AC$15-DAILY!$AB$15 -> 17.82 | Q29: =DAILY!$AC$16-DAILY!$AB$16 -> 4.84
A30: Seattle | B30: =B29+1 -> 28 | C30: 6 | D30: 2022 | E30: =DAILY!AD4-DAILY!AC4 -> 17 | F30: =DAILY!$AD$5-DAILY!$AC$5 -> 26 | G30: =DAILY!$AD$6-DAILY!$AC$6 -> 10 | H30: =DAILY!$AD$7-DAILY!$AC$7 -> 44 | I30: =DAILY!$AD$8-DAILY!$AC$8 -> 12 | J30: =DAILY!$AD$9-DAILY!$AC$9 -> 0 | K30: =DAILY!$AD$10-DAILY!$AC$10 -> 4 | L30: =DAILY!$AD$11-DAILY!$AC$11 -> 105 | M30: =DAILY!$AD$12-DAILY!$AC$12 -> 435 | N30: =DAILY!$AD$13-DAILY!$AC$13 -> 65.64 | O30: =DAILY!$AD$14-DAILY!$AC$14 -> 0 | P30: =DAILY!$AD$15-DAILY!$AC$15 -> 19.42 | Q30: =DAILY!$AD$16-DAILY!$AC$16 -> 5.52
A31: Seattle | B31: =B30+1 -> 29 | C31: 6 | D31: 2022 | E31: =DAILY!AE4-DAILY!AD4 -> 18 | F31: =DAILY!$AE$5-DAILY!$AD$5 -> 25 | G31: =DAILY!$AE$6-DAILY!$AD$6 -> 9 | H31: =DAILY!$AE$7-DAILY!$AD$7 -> 46 | I31: =DAILY!$AE$8-DAILY!$AD$8 -> 13 | J31: =DAILY!$AE$9-DAILY!$AD$9 -> 0 | K31: =DAILY!$AE$10-DAILY!$AD$10 -> 3 | L31: =DAILY!$AE$11-DAILY!$AD$11 -> 94 | M31: =DAILY!$AE$12-DAILY!$AD$12 -> 444 | N31: =DAILY!$AE$13-DAILY!$AD$13 -> 72.72 | O31: =DAILY!$AE$14-DAILY!$AD$14 -> 0 | P31: =DAILY!$AE$15-DAILY!$AD$15 -> 20.4 | Q31: =DAILY!$AE$16-DAILY!$AD$16 -> 5.84
A32: Seattle | B32: =B31+1 -> 30 | C32: 6 | D32: 2022 | E32: =DAILY!AF4-DAILY!AE4 -> 18 | F32: =DAILY!$AF$5-DAILY!$AE$5 -> 28 | G32: =DAILY!$AF$6-DAILY!$AE$6 -> 9 | H32: =DAILY!$AF$7-DAILY!$AE$7 -> 47 | I32: =DAILY!$AF$8-DAILY!$AE$8 -> 13 | J32: =DAILY!$AF$9-DAILY!$AE$9 -> 0 | K32: =DAILY!$AF$10-DAILY!$AE$10 -> 4 | L32: =DAILY!$AF$11-DAILY!$AE$11 -> 100 | M32: =DAILY!$AF$12-DAILY!$AE$12 -> 454 | N32: =DAILY!$AF$13-DAILY!$AE$13 -> 72.93 | O32: =DAILY!$AF$14-DAILY!$AE$14 -> 0 | P32: =DAILY!$AF$15-DAILY!$AE$15 -> 20.52 | Q32: =DAILY!$AF$16-DAILY!$AE$16 -> 5.84

Sheet DAILY
A1: July Meter Readings
A2: Location/Meter | C2: Readings
B3: 44712 | C3: 44713 | D3: =SUM(C3+1) -> 44714 | E3: =SUM(D3+1) -> 44715 | F3: =SUM(E3+1) -> 44716 | G3: =SUM(F3+1) -> 44717 | H3: =SUM(G3+1) -> 44718 | I3: =SUM(H3+1) -> 44719 | J3: =SUM(I3+1) -> 44720 | K3: =SUM(J3+1) -> 44721 | ... AF3: =SUM(AE3+1) -> 44742
A4: C Level Meter 768867 | B4: 93934 | C4: 93951 | D4: 93967 | E4: 93984 | F4: 94003 | G4: 94022 | H4: 94039 | I4: 94055 | J4: 94074 | K4: 94091 | L4: 94109 | M4: 94129 | N4: 94147 | O4: 94165 | P4: 94183 | Q4: 94201 | R4: 94219 | S4: 94238 | T4: 94257 | U4: 94278 | V4: 94295 | W4: 94311 | X4: 94329 | Y4: 94348 | Z4: 94366 | AA4: 94384 | AB4: 94402 | AC4: 94419 | AD4: 94436 | AE4: 94454 | AF4: 94472
A5: C Level Meter 768898 | B5: 124730 | C5: 124755 | D5: 124780 | E5: 124806 | F5: 124831 | G5: 124858 | H5: 124884 | I5: 124908 | J5: 124935 | K5: 124959 | L5: 124985 | M5: 125013 | N5: 125039 | O5: 125062 | P5: 125088 | Q5: 125113 | R5: 125138 | S5: 125163 | T5: 125189 | U5: 125216 | V5: 125243 | W5: 125269 | X5: 125295 | Y5: 125322 | Z5: 125349 | AA5: 125379 | AB5: 125413 | AC5: 125444 | AD5: 125470 | AE5: 125495 | AF5: 125523
A6: C Level Meter 789059 | B6: 56129 | C6: 56137 | D6: 56145 | E6: 56154 | F6: 56163 | G6: 56172 | H6: 56181 | I6: 56190 | J6: 56200 | K6: 56208 | L6: 56217 | M6: 56226 | N6: 56235 | O6: 56244 | P6: 56254 | Q6: 56263 | R6: 56272 | S6: 56281 | T6: 56290 | U6: 56300 | V6: 56309 | W6: 56317 | X6: 56326 | Y6: 56335 | Z6: 56344 | AA6: 56354 | AB6: 56363 | AC6: 56372 | AD6: 56382 | AE6: 56391 | AF6: 56400
A7: C Level 796579 | B7: 360343 | C7: 360390 | D7: 360436 | E7: 360483 | F7: 360528 | G7: 360575 | H7: 360622 | I7: 360668 | J7: 360716 | K7: 360758 | L7: 360802 | M7: 360867 | N7: 360893 | O7: 360938 | P7: 360985 | Q7: 361031 | R7: 361075 | S7: 361121 | T7: 361166 | U7: 361214 | V7: 361260 | W7: 361303 | X7: 361349 | Y7: 361396 | Z7: 361441 | AA7: 361486 | AB7: 361533 | AC7: 361579 | AD7: 361623 | AE7: 361669 | AF7: 361716
A8: C Level 796593 | B8: 49214 | C8: 49226 | D8: 49237 | E8: 49249 | F8: 49260 | G8: 49273 | H8: 49286 | I8: 49297 | J8: 49310 | K8: 49323 | L8: 49334 | M8: 49345 | N8: 49358 | O8: 49370 | P8: 49383 | Q8: 49395 | R8: 49407 | S8: 49418 | T8: 49430 | U8: 49443 | V8: 49455 | W8: 49467 | X8: 49479 | Y8: 49491 | Z8: 49503 | AA8: 49517 | AB8: 49532 | AC8: 49544 | AD8: 49556 | AE8: 49569 | AF8: 49582
A9: D Level 789073 | B9: 0137 | C9: 0137 | D9: 0137 | E9: 0137 | F9: 0137 | G9: 0137 | H9: 0137 | I9: 0137 | J9: 0137 | K9: 0137 | L9: 0137 | M9: 0137 | N9: 0137 | O9: 0137 | P9: 0137 | Q9: 0137 | R9: 0137 | S9: 0137 | T9: 0137 | U9: 0137 | V9: 0137 | W9: 0137 | X9: 0137 | Y9: 0137 | Z9: 0137 | AA9: 0137 | AB9: 0137 | AC9: 0137 | AD9: 0137 | AE9: 0137 | AF9: 0137
A10: 16th FL N 788970 | B10: 89533 | C10: 89537 | D10: 89540 | E10: 89544 | F10: 89547 | G10: 89550 | H10: 89554 | I10: 89557 | J10: 89560 | K10: 89564 | L10: 89567 | M10: 89570 | N10: 89574 | O10: 89577 | P10: 89581 | Q10: 89584 | R10: 89587 | S10: 89591 | T10: 89594 | U10: 89597 | V10: 89601 | W10: 89604 | X10: 89607 | Y10: 89611 | Z10: 89614 | AA10: 89618 | AB10: 89621 | AC10: 89624 | AD10: 89628 | AE10: 89631 | AF10: 89635
A11: 19th FL S 798644 | B11: 142222 | C11: 142322 | D11: 142424 | E11: 142592 | F11: 142631 | G11: 142725 | H11: 142827 | I11: 142925 | J11: 143027 | K11: 143122 | L11: 143218 | M11: 143318 | N11: 143409 | O11: 143504 | P11: 143603 | Q11: 143697 | R11: 143795 | S11: 143896 | T11: 143994 | U11: 144093 | V11: 144195 | W11: 144293 | X11: 144394 | Y11: 144494 | Z11: 144595 | AA11: 144694 | AB11: 144791 | AC11: 144890 | AD11: 144995 | AE11: 145089 | AF11: 145189
A12: Gas meter | B12: 391082 | C12: 391523 | D12: 391945 | E12: 392374 | F12: 392829 | G12: 393290 | H12: 393747 | I12: 394183 | J12: 394647 | K12: 395038 | L12: 395471 | M12: 395945 | N12: 396407 | O12: 396849 | P12: 397309 | Q12: 397753 | R12: 398194 | S12: 398613 | T12: 399053 | U12: 399511 | V12: 399955 | W12: 400276 | X12: 400645 | Y12: 401084 | Z12: 401482 | AA12: 401903 | AB12: 402353 | AC12: 402767 | AD12: 403202 | AE12: 403646 | AF12: 404100
A13: Domestic Water South | B13: 70017.34 | C13: 70075.73 | D13: 70140.90 | E13: 70215.23 | F13: 70280.17 | G13: 70342.61 | H13: 70404.37 | I13: 70453.59 | J13: 70522.70 | K13: 70587.81 | L13: 70662.20 | M13: 70733.81 | N13: 70797.47 | O13: 70855.29 | P13: 70914.77 | Q13: 70977.69 | R13: 71043.05 | S13: 71108.36 | T13: 71181.92 | U13: 71247.57 | V13: 71310.79 | W13: 71369.99 | X13: 71433.24 | Y13: 71493.45 | Z13: 71564.99 | AA13: 71643.14 | AB13: 71715.11 | AC13: 71786.15 | AD13: 71851.79 | AE13: 71924.51 | AF13: 71997.44
A14: Domestic Water North | B14: 8641 | C14: 8641 | D14: 8650 | E14: 8650 | F14: 8650 | G14: 8650 | H14: 8650 | I14: 8650 | J14: 8650 | K14: 8650 | L14: 8650 | M14: 8650 | N14: 8650 | O14: 8650 | P14: 8650 | Q14: 8650 | R14: 8650 | S14: 8650 | T14: 8650 | U14: 8650 | V14: 8650 | W14: 8650 | X14: 8650 | Y14: 8650 | Z14: 8650 | AA14: 8650 | AB14: 8650 | AC14: 8650 | AD14: 8650 | AE14: 8650 | AF14: 8650
A15: Condensate 1 (Steam 103-G) | B15: 139864.44 | C15: 139884.20 | D15: 139899.44 | E15: 139922.98 | F15: 139946.10 | G15: 139970.40 | H15: 139993.90 | I15: 140015.56 | J15: 140038.50 | K15: 140060.98 | L15: 140083.92 | M15: 140107.70 | N15: 140133.06 | O15: 140158.10 | P15: 140183.56 | Q15: 140207.40 | R15: 140229.70 | S15: 140253.42 | T15: 140278.46 | U15: 140304.80 | V15: 140328.50 | W15: 140348.30 | X15: 140370.08 | Y15: 140392.86 | Z15: 140413.32 | AA15: 140432.74 | AB15: 140451.34 | AC15: 140469.16 | AD15: 140488.58 | AE15: 140508.98 | AF15: 140529.50
A16: Condensate 2 (Steam 7034-G) | B16: 48922.43 | C16: 48927.87 | D16: 48932.15 | E16: 48941.03 | F16: 48947.97 | G16: 48955.35 | H16: 48962.37 | I16: 48968.75 | J16: 48975.35 | K16: 48982.25 | L16: 48989.07 | M16: 48996.17 | N16: 49003.87 | O16: 49011.61 | P16: 49019.39 | Q16: 49026.63 | R16: 49033.35 | S16: 49040.57 | T16: 49048.31 | U16: 49056.43 | V16: 49063.57 | W16: 49069.31 | X16: 49075.67 | Y16: 49082.39 | Z16: 49088.25 | AA16: 49093.69 | AB16: 49098.77 | AC16: 49103.61 | AD16: 49109.13 | AE16: 49114.97 | AF16: 49120.81
