Workbook

Sheet TOTAL
A1: Site Name | B1: Day | C1: Month | D1: Year | E1: Total Electricity Kwh | F1: Electricity Tariff ($/Kwh) | G1: LPG (Kg) | H1: LPG $/Kg | I1: Water Utility Supply (m3) m3 | J1: Water Utility Supply (m3) $/m3 | K1: Room Nights
A2: Seychelles at Desroches Island | B2: 1 | C2: 7 | D2: 2022 | E2: =Submetering!E2+Submetering!F2+Submetering!G2+Submetering!H2+Submetering!J2-Submetering!AV2 -> 10500 | F2: 0.5876503 | G2: =(Submetering!AX2+Submetering!AY2+Submetering!AZ2+Submetering!BA2+Submetering!BB2) -> 12.8205 | H2: 0.99 | I2: ='FS Desroches Daily'!CM4 -> 87 | J2: 10.487298 | K2: ='FS Desroches Daily'!CN4 -> 29
A3: Seychelles at Desroches Island | B3: 2 | C3: 7 | D3: 2022 | E3: =Submetering!E3+Submetering!F3+Submetering!G3+Submetering!H3+Submetering!J3-Submetering!AV3 -> 10100 | F3: =F2 -> 0.5876503 | G3: =(Submetering!AX3+Submetering!AY3+Submetering!AZ3+Submetering!BA3+Submetering!BB3) -> 10.989 | H3: =H2 -> 0.99 | I3: ='FS Desroches Daily'!CM5 -> 91 | J3: =J2 -> 10.487298 | K3: ='FS Desroches Daily'!CN5 -> 29
A4: Seychelles at Desroches Island | B4: 3 | C4: 7 | D4: 2022 | E4: =Submetering!E4+Submetering!F4+Submetering!G4+Submetering!H4+Submetering!J4-Submetering!AV4 -> 10300 | F4: =F3 -> 0.5876503 | G4: =(Submetering!AX4+Submetering!AY4+Submetering!AZ4+Submetering!BA4+Submetering!BB4) -> 0 | H4: =H3 -> 0.99 | I4: ='FS Desroches Daily'!CM6 -> 93 | J4: =J3 -> 10.487298 | K4: ='FS Desroches Daily'!CN6 -> 29
A5: Seychelles at Desroches Island | B5: 4 | C5: 7 | D5: 2022 | E5: =Submetering!E5+Submetering!F5+Submetering!G5+Submetering!H5+Submetering!J5-Submetering!AV5 -> 10000 | F5: =F4 -> 0.5876503 | G5: =(Submetering!AX5+Submetering!AY5+Submetering!AZ5+Submetering!BA5+Submetering!BB5) -> 0 | H5: =H4 -> 0.99 | I5: ='FS Desroches Daily'!CM7 -> 94 | J5: =J4 -> 10.487298 | K5: ='FS Desroches Daily'!CN7 -> 0
A6: Seychelles at Desroches Island | B6: 5 | C6: 7 | D6: 2022 | E6: =Submetering!E6+Submetering!F6+Submetering!G6+Submetering!H6+Submetering!J6-Submetering!AV6 -> #VALUE! | F6: =F5 -> 0.5876503 | G6: =(Submetering!AX6+Submetering!AY6+Submetering!AZ6+Submetering!BA6+Submetering!BB6) -> 0 | H6: =H5 -> 0.99 | I6: ='FS Desroches Daily'!CM8 -> #VALUE! | J6: =J5 -> 10.487298 | K6: ='FS Desroches Daily'!CN8 -> 0
A7: Seychelles at Desroches Island | B7: 6 | C7: 7 | D7: 2022 | E7: =Submetering!E7+Submetering!F7+Submetering!G7+Submetering!H7+Submetering!J7-Submetering!AV7 -> 0 | F7: =F6 -> 0.5876503 | G7: =(Submetering!AX7+Submetering!AY7+Submetering!AZ7+Submetering!BA7+Submetering!BB7) -> 0 | H7: =H6 -> 0.99 | I7: ='FS Desroches Daily'!CM9 -> 0 | J7: =J6 -> 10.487298 | K7: ='FS Desroches Daily'!CN9 -> 0
A8: Seychelles at Desroches Island | B8: 7 | C8: 7 | D8: 2022 | E8: =Submetering!E8+Submetering!F8+Submetering!G8+Submetering!H8+Submetering!J8-Submetering!AV8 -> 0 | F8: =F7 -> 0.5876503 | G8: =(Submetering!AX8+Submetering!AY8+Submetering!AZ8+Submetering!BA8+Submetering!BB8) -> 0 | H8: =H7 -> 0.99 | I8: ='FS Desroches Daily'!CM10 -> 0 | J8: =J7 -> 10.487298 | K8: ='FS Desroches Daily'!CN10 -> 0
A9: Seychelles at Desroches Island | B9: 8 | C9: 7 | D9: 2022 | E9: =Submetering!E9+Submetering!F9+Submetering!G9+Submetering!H9+Submetering!J9-Submetering!AV9 -> 0 | F9: =F8 -> 0.5876503 | G9: =(Submetering!AX9+Submetering!AY9+Submetering!AZ9+Submetering!BA9+Submetering!BB9) -> 0 | H9: =H8 -> 0.99 | I9: ='FS Desroches Daily'!CM11 -> 0 | J9: =J8 -> 10.487298 | K9: ='FS Desroches Daily'!CN11 -> 0
A10: Seychelles at Desroches Island | B10: 9 | C10: 7 | D10: 2022 | E10: =Submetering!E10+Submetering!F10+Submetering!G10+Submetering!H10+Submetering!J10-Submetering!AV10 -> 0 | F10: =F9 -> 0.5876503 | G10: =(Submetering!AX10+Submetering!AY10+Submetering!AZ10+Submetering!BA10+Submetering!BB10) -> 0 | H10: =H9 -> 0.99 | I10: ='FS Desroches Daily'!CM12 -> 0 | J10: =J9 -> 10.487298 | K10: ='FS Desroches Daily'!CN12 -> 0
A11: Seychelles at Desroches Island | B11: 10 | C11: 7 | D11: 2022 | E11: =Submetering!E11+Submetering!F11+Submetering!G11+Submetering!H11+Submetering!J11-Submetering!AV11 -> 0 | F11: =F10 -> 0.5876503 | G11: =(Submetering!AX11+Submetering!AY11+Submetering!AZ11+Submetering!BA11+Submetering!BB11) -> 0 | H11: =H10 -> 0.99 | I11: ='FS Desroches Daily'!CM13 -> 0 | J11: =J10 -> 10.487298 | K11: ='FS Desroches Daily'!CN13 -> 0
A12: Seychelles at Desroches Island | B12: 11 | C12: 7 | D12: 2022 | E12: =Submetering!E12+Submetering!F12+Submetering!G12+Submetering!H12+Submetering!J12-Submetering!AV12 -> 0 | F12: =F11 -> 0.5876503 | G12: =(Submetering!AX12+Submetering!AY12+Submetering!AZ12+Submetering!BA12+Submetering!BB12) -> 0 | H12: =H11 -> 0.99 | I12: ='FS Desroches Daily'!CM14 -> 0 | J12: =J11 -> 10.487298 | K12: ='FS Desroches Daily'!CN14 -> 0
A13: Seychelles at Desroches Island | B13: 12 | C13: 7 | D13: 2022 | E13: =Submetering!E13+Submetering!F13+Submetering!G13+Submetering!H13+Submetering!J13-Submetering!AV13 -> 0 | F13: =F12 -> 0.5876503 | G13: =(Submetering!AX13+Submetering!AY13+Submetering!AZ13+Submetering!BA13+Submetering!BB13) -> 0 | H13: =H12 -> 0.99 | I13: ='FS Desroches Daily'!CM15 -> 0 | J13: =J12 -> 10.487298 | K13: ='FS Desroches Daily'!CN15 -> 0
A14: Seychelles at Desroches Island | B14: 13 | C14: 7 | D14: 2022 | E14: =Submetering!E14+Submetering!F14+Submetering!G14+Submetering!H14+Submetering!J14-Submetering!AV14 -> 0 | F14: =F13 -> 0.5876503 | G14: =(Submetering!AX14+Submetering!AY14+Submetering!AZ14+Submetering!BA14+Submetering!BB14) -> 0 | H14: =H13 -> 0.99 | I14: ='FS Desroches Daily'!CM16 -> 0 | J14: =J13 -> 10.487298 | K14: ='FS Desroches Daily'!CN16 -> 0
... A29: Seychelles at Desroches Island | B29: 28 | C29: 7 | D29: 2022 | E29: =Submetering!E29+Submetering!F29+Submetering!G29+Submetering!H29+Submetering!J29-Submetering!AV29 -> 0 | F29: =F28 -> 0.5876503 | G29: =(Submetering!AX29+Submetering!AY29+Submetering!AZ29+Submetering!BA29+Submetering!BB29) -> 0 | H29: =H28 -> 0.99 | I29: ='FS Desroches Daily'!CM31 -> 0 | J29: =J28 -> 10.487298 | K29: ='FS Desroches Daily'!CN31 -> 0
A30: Seychelles at Desroches Island | B30: 29 | C30: 7 | D30: 2022 | E30: =Submetering!E30+Submetering!F30+Submetering!G30+Submetering!H30+Submetering!J30-Submetering!AV30 -> 0 | F30: =F29 -> 0.5876503 | G30: 29 | H30: =H29 -> 0.99 | I30: ='FS Desroches Daily'!CM32 -> 0 | J30: =J29 -> 10.487298 | K30: ='FS Desroches Daily'!CN32 -> 0
A31: Seychelles at Desroches Island | B31: 30 | C31: 7 | D31: 2022 | E31: =Submetering!E31+Submetering!F31+Submetering!G31+Submetering!H31+Submetering!J31-Submetering!AV31 -> 0 | F31: =F30 -> 0.5876503 | G31: =(Submetering!AX31+Submetering!AY31+Submetering!AZ31+Submetering!BA31+Submetering!BB31) -> 0 | H31: =H30 -> 0.99 | I31: ='FS Desroches Daily'!CM33 -> 0 | J31: =J30 -> 10.487298 | K31: ='FS Desroches Daily'!CN33 -> 0
A32: Seychelles at Desroches Island | B32: 31 | C32: 7 | D32: 2022 | E32: =Submetering!E32+Submetering!F32+Submetering!G32+Submetering!H32+Submetering!J32-Submetering!AV32 -> 0 | F32: =F31 -> 0.5876503 | G32: =(Submetering!AX32+Submetering!AY32+Submetering!AZ32+Submetering!BA32+Submetering!BB32) -> 0 | H32: =H31 -> 0.99 | I32: ='FS Desroches Daily'!CM34 -> 0 | J32: =J31 -> 10.487298 | K32: ='FS Desroches Daily'!CN34 -> 0
E33: =Submetering!E33+Submetering!F33+Submetering!G33+Submetering!H33+Submetering!J33-Submetering!AV33 -> 40900 | G33: =SUM(G2:G32) -> 52.8095 | I33: ='FS Desroches Daily'!CM35 -> 0 | K33: =SUM(K2:K32) -> 87

Sheet Submetering
A1: Site Name | B1: Day | C1: Month | D1: Year | E1: TRF CQ6 -KWh | F1: TRF FQ7 -KWh | G1: MSB BOH Q8 -KWh | H1: EX MAIN Q3 -KWh | I1: TRF DQ2 -KWh | J1: TRF B Q1 -KWh | K1: CANCAN shop -KWh | L1: CANCAN store -KWh | M1: Laundry EQU P D.B -KWh | N1: Laundry lighting -KWh | O1: PANTRY 1 -KWh | P1: PANTRY 2 -KWh | Q1: SPA LIGHT HOUSE -KWh | R1: PANTRY 3 -KWh | S1: PANTRY 4 -KWh | T1: VMC -KWh | U1: VILLA 100/157 -KWh | V1: VILLA 101/158 -KWh | W1: VILLA 102/159 -KWh | X1: VILLA 103/160 -KWh | Y1: VILLA 104/161 -KWh | Z1: VILLA 105/162 -KWh | AA1: VILLA 106/163 -KWh | AB1: VILLA 107/164 -KWh | AC1: VILLA 108/165 -KWh | AD1: VILLA 109/166 -KWh | AE1: VILLA 110 -KWh | AF1: KUMAR&KUMAR -KWh | AG1: BLOCK 15 -KWh | AH1: BLOCK 16 -KWh | AI1: BLOCK 17 -KWh | AJ1: BLOCK 18 -KWh | AK1: BLOCK 19 -KWh | AL1: BLOCK 20 -KWh | AM1: BLOCK 21 -KWh | AN1: BLOCK 22 -KWh | AO1: BLOCK 23 -KWh | AP1: BLOCK 24 -KWh | AQ1: Exhaust Kitchen (Main) -KWh | AR1: Exhaust Kitchen (Breakfast) -KWh | AS1: Exhaust Lighthouse -KWh | AT1: Exhaust Canteen -KWh | AU1: Cold Store -KWh | AV1: RO Plant -KWh | AW1: Water (m3) | AX1: Main kitchen M1 (9598630) - Kg | AY1: Main kitchen M2 (9598611) -Kg | AZ1: Main kitchen M3 (9249533) -Kg | BA1: Lighthouse -Kg | BB1: Canteen -Kg | BC1: Room Nights
A2: Seychelles at Desroches Island | B2: 1 | C2: 7 | D2: 2022 | E2: ='FS Desroches Daily'!D4 -> 2000 | F2: ='FS Desroches Daily'!F4 -> 3100 | G2: ='FS Desroches Daily'!H4 -> 3300 | H2: ='FS Desroches Daily'!J4 -> 1400 | I2: ='FS Desroches Daily'!L4 -> 1900 | J2: ='FS Desroches Daily'!N4 -> 1600 | K2: ='FS Desroches Daily'!P4 -> 19 | L2: ='FS Desroches Daily'!R4 -> 2 | M2: ='FS Desroches Daily'!T4 -> 1.5 | N2: ='FS Desroches Daily'!V4 -> 471.5 | O2: ='FS Desroches Daily'!X4 -> 330 | P2: ='FS Desroches Daily'!Z4 -> 3000 | Q2: ='FS Desroches Daily'!AB4 -> 390 | R2: ='FS Desroches Daily'!AD4 -> 260 | S2: ='FS Desroches Daily'!AF4 -> 810 | T2: ='FS Desroches Daily'!AH4 -> 27 | U2: ='FS Desroches Daily'!AJ4 -> 540 | V2: ='FS Desroches Daily'!AL4 -> 230 | W2: ='FS Desroches Daily'!AN4 -> 200 | X2: ='FS Desroches Daily'!AP4 -> 140 | Y2: ='FS Desroches Daily'!AR4 -> 170 | Z2: ='FS Desroches Daily'!AT4 -> 80 | AA2: ='FS Desroches Daily'!AT4 -> 80 | AB2: ='FS Desroches Daily'!AV4 -> 120 | AC2: ='FS Desroches Daily'!AZ4 -> 150 | AD2: ='FS Desroches Daily'!BB4 -> 120 | AE2: ='FS Desroches Daily'!BD4 -> 50 | AF2: ='FS Desroches Daily'!BF4 -> 19 | AG2: ='FS Desroches Daily'!BH4 -> 30 | AH2: ='FS Desroches Daily'!BJ4 -> 30 | AI2: ='FS Desroches Daily'!BL4 -> 40 | AJ2: ='FS Desroches Daily'!BN4 -> 20 | AK2: ='FS Desroches Daily'!BP4 -> 30 | AL2: ='FS Desroches Daily'!BR4 -> 27 | AM2: ='FS Desroches Daily'!BT4 -> 40 | AN2: ='FS Desroches Daily'!BV4 -> 33 | AO2: ='FS Desroches Daily'!BX4 -> 30 | AP2: ='FS Desroches Daily'!BZ4 -> 39 | AQ2: ='FS Desroches Daily'!CB4 -> 56.1 | AR2: ='FS Desroches Daily'!CD4 -> 13.5 | AS2: ='FS Desroches Daily'!CF4 -> 4.5 | AT2: ='FS Desroches Daily'!CH4 -> 41.7 | AU2: ='FS Desroches Daily'!CJ4 -> 296 | AV2: ='FS Desroches Daily'!CL4 -> 900 | AW2: ='FS Desroches Daily'!CM4 -> 87 | AX2: =IF(LPG!F9-LPG!F8<0,"0",(LPG!F9-LPG!F8)*1.8315) -> 0 | AY2: =IF(LPG!G9-LPG!G8<0,"0",(LPG!G9-LPG!G8)*1.8315) -> 0 | AZ2: =IF(LPG!H9-LPG!H8<0,"0",(LPG!H9-LPG!H8)*1.8315) -> 0 | BA2: =IF(LPG!M9-LPG!M8<0,"0",(LPG!M9-LPG!M8)*1.8315) -> 1.8315 | BB2: =IF(LPG!Q9-LPG!Q8<0,"0",(LPG!Q9-LPG!Q8)*1.8315) -> 10.989 | BC2: ='FS Desroches Daily'!CN4 -> 29
A3: Seychelles at Desroches Island | B3: 2 | C3: 7 | D3: 2022 | E3: ='FS Desroches Daily'!D5 -> 2100 | F3: ='FS Desroches Daily'!F5 -> 2900 | G3: ='FS Desroches Daily'!H5 -> 3100 | H3: ='FS Desroches Daily'!J5 -> 1300 | I3: ='FS Desroches Daily'!L5 -> 2000 | J3: ='FS Desroches Daily'!N5 -> 1600 | K3: ='FS Desroches Daily'!P5 -> 11 | L3: ='FS Desroches Daily'!R5 -> 3 | M3: ='FS Desroches Daily'!T5 -> 1.2 | N3: ='FS Desroches Daily'!V5 -> 324.7 | O3: ='FS Desroches Daily'!X6 -> 260 | P3: ='FS Desroches Daily'!Z5 -> 2700 | Q3: ='FS Desroches Daily'!AB5 -> 370 | R3: ='FS Desroches Daily'!AD5 -> 490 | S3: ='FS Desroches Daily'!AF5 -> 720 | T3: ='FS Desroches Daily'!AH5 -> 26 | U3: ='FS Desroches Daily'!AJ5 -> 510 | V3: ='FS Desroches Daily'!AL5 -> 240 | W3: ='FS Desroches Daily'!AN5 -> 140 | X3: ='FS Desroches Daily'!AP5 -> 150 | Y3: ='FS Desroches Daily'!AR5 -> 190 | Z3: ='FS Desroches Daily'!AT5 -> 70 | AA3: ='FS Desroches Daily'!AT5 -> 70 | AB3: ='FS Desroches Daily'!AV5 -> 150 | AC3: ='FS Desroches Daily'!AZ5 -> 160 | AD3: ='FS Desroches Daily'!BB5 -> 140 | AE3: ='FS Desroches Daily'!BD5 -> 60 | AF3: ='FS Desroches Daily'!BF5 -> 23 | AG3: ='FS Desroches Daily'!BH5 -> 30 | AH3: ='FS Desroches Daily'!BJ5 -> 30 | AI3: ='FS Desroches Daily'!BL5 -> 40 | AJ3: ='FS Desroches Daily'!BN5 -> 30 | AK3: ='FS Desroches Daily'!BP5 -> 30 | AL3: ='FS Desroches Daily'!BR5 -> 27 | AM3: ='FS Desroches Daily'!BT5 -> 30 | AN3: ='FS Desroches Daily'!BV5 -> 34 | AO3: ='FS Desroches Daily'!BX5 -> 40 | AP3: ='FS Desroches Daily'!BZ5 -> 38 | AQ3: ='FS Desroches Daily'!CB5 -> 54.8 | AR3: ='FS Desroches Daily'!CD5 -> 9.9 | AS3: ='FS Desroches Daily'!CF5 -> 7.3 | AT3: ='FS Desroches Daily'!CH5 -> 54.3 | AU3: ='FS Desroches Daily'!CJ5 -> 267 | AV3: ='FS Desroches Daily'!CL5 -> 900 | AW3: ='FS Desroches Daily'!CM5 -> 91 | AX3: =IF(LPG!F10-LPG!F9<0,"0",(LPG!F10-LPG!F9)*1.8315) -> 0 | AY3: =IF(LPG!G10-LPG!G9<0,"0",(LPG!G10-LPG!G9)*1.8315) -> 0 | AZ3: =IF(LPG!H10-LPG!H9<0,"0",(LPG!H10-LPG!H9)*1.8315) -> 0 | BA3: =IF(LPG!M10-LPG!M9<0,"0",(LPG!M10-LPG!M9)*1.8315) -> 3.663 | BB3: =IF(LPG!Q10-LPG!Q9<0,"0",(LPG!Q10-LPG!Q9)*1.8315) -> 7.326 | BC3: ='FS Desroches Daily'!CN5 -> 29
A4: Seychelles at Desroches Island | B4: 3 | C4: 7 | D4: 2022 | E4: ='FS Desroches Daily'!D6 -> 2000 | F4: ='FS Desroches Daily'!F6 -> 3100 | G4: ='FS Desroches Daily'!H6 -> 3100 | H4: ='FS Desroches Daily'!J6 -> 1400 | I4: ='FS Desroches Daily'!L6 -> 1900 | J4: ='FS Desroches Daily'!N6 -> 1500 | K4: ='FS Desroches Daily'!P6 -> 39 | L4: ='FS Desroches Daily'!R6 -> 1 | M4: ='FS Desroches Daily'!T6 -> 0.9 | N4: ='FS Desroches Daily'!V6 -> 268.6 | O4: ='FS Desroches Daily'!X7 -> 310 | P4: ='FS Desroches Daily'!Z6 -> 2500 | Q4: ='FS Desroches Daily'!AB6 -> 360 | R4: ='FS Desroches Daily'!AD6 -> 320 | S4: ='FS Desroches Daily'!AF6 -> 620 | T4: ='FS Desroches Daily'!AH6 -> 26 | U4: ='FS Desroches Daily'!AJ6 -> 460 | V4: ='FS Desroches Daily'!AL6 -> 200 | W4: ='FS Desroches Daily'!AN6 -> 130 | X4: ='FS Desroches Daily'!AP6 -> 110 | Y4: ='FS Desroches Daily'!AR6 -> 150 | Z4: ='FS Desroches Daily'!AT6 -> 60 | AA4: ='FS Desroches Daily'!AT6 -> 60 | AB4: ='FS Desroches Daily'!AV6 -> 140 | AC4: ='FS Desroches Daily'!AZ6 -> 110 | AD4: ='FS Desroches Daily'!BB6 -> 110 | AE4: ='FS Desroches Daily'!BD6 -> 70 | AF4: ='FS Desroches Daily'!BF6 -> 15 | AG4: ='FS Desroches Daily'!BH6 -> 30 | AH4: ='FS Desroches Daily'!BJ6 -> 30 | AI4: ='FS Desroches Daily'!BL6 -> 40 | AJ4: ='FS Desroches Daily'!BN6 -> 30 | AK4: ='FS Desroches Daily'!BP6 -> 30 | AL4: ='FS Desroches Daily'!BR6 -> 29 | AM4: ='FS Desroches Daily'!BT6 -> 40 | AN4: ='FS Desroches Daily'!BV6 -> 33 | AO4: ='FS Desroches Daily'!BX6 -> 20 | AP4: ='FS Desroches Daily'!BZ6 -> 33 | AQ4: ='FS Desroches Daily'!CB6 -> 51.6 | AR4: ='FS Desroches Daily'!CD6 -> 7.6 | AS4: ='FS Desroches Daily'!CF6 -> 0 | AT4: ='FS Desroches Daily'!CH6 -> 44.4 | AU4: ='FS Desroches Daily'!CJ6 -> 265 | AV4: ='FS Desroches Daily'!CL6 -> 800 | AW4: ='FS Desroches Daily'!CM6 -> 93 | AX4: =IF(LPG!F11-LPG!F10<0,"0",(LPG!F11-LPG!F10)*1.8315) -> 0 | AY4: =IF(LPG!G11-LPG!G10<0,"0",(LPG!G11-LPG!G10)*1.8315) -> 0 | AZ4: =IF(LPG!H13-LPG!H10<0,"0",(LPG!H13-LPG!H10)*1.8315) -> 0 | BA4: =IF(LPG!M11-LPG!M10<0,"0",(LPG!M11-LPG!M10)*1.8315) -> 0 | BB4: =IF(LPG!Q11-LPG!Q10<0,"0",(LPG!Q11-LPG!Q10)*1.8315) -> 0 | BC4: ='FS Desroches Daily'!CN6 -> 29
A5: Seychelles at Desroches Island | B5: 4 | C5: 7 | D5: 2022 | E5: ='FS Desroches Daily'!D7 -> 2000 | F5: ='FS Desroches Daily'!F7 -> 3100 | G5: ='FS Desroches Daily'!H7 -> 3200 | H5: ='FS Desroches Daily'!J7 -> 1300 | I5: ='FS Desroches Daily'!L7 -> 2000 | J5: ='FS Desroches Daily'!N7 -> 1300 | K5: ='FS Desroches Daily'!P7 -> 24 | L5: ='FS Desroches Daily'!R7 -> 2 | M5: ='FS Desroches Daily'!T7 -> 1.3 | N5: ='FS Desroches Daily'!V7 -> 383.8 | O5: ='FS Desroches Daily'!X8 | P5: ='FS Desroches Daily'!Z7 -> 3000 | Q5: ='FS Desroches Daily'!AB7 -> 230 | R5: ='FS Desroches Daily'!AD7 -> 350 | S5: ='FS Desroches Daily'!AF7 -> 740 | T5: ='FS Desroches Daily'!AH7 -> 28 | U5: ='FS Desroches Daily'!AJ7 -> 510 | V5: ='FS Desroches Daily'!AL7 -> 220 | W5: ='FS Desroches Daily'!AN7 -> 160 | X5: ='FS Desroches Daily'!AP7 -> 130 | Y5: ='FS Desroches Daily'!AR7 -> 150 | Z5: ='FS Desroches Daily'!AT7 -> 130 | AA5: ='FS Desroches Daily'!AT7 -> 130 | AB5: ='FS Desroches Daily'!AV7 -> 140 | AC5: ='FS Desroches Daily'!AZ7 -> 110 | AD5: ='FS Desroches Daily'!BB7 -> 100 | AE5: ='FS Desroches Daily'!BD7 -> 90 | AF5: ='FS Desroches Daily'!BF7 | AG5: ='FS Desroches Daily'!BH7 -> 30 | AH5: ='FS Desroches Daily'!BJ7 -> 20 | AI5: ='FS Desroches Daily'!BL7 -> 40 | AJ5: ='FS Desroches Daily'!BN7 -> 30 | AK5: ='FS Desroches Daily'!BP7 -> 40 | AL5: ='FS Desroches Daily'!BR7 -> 33 | AM5: ='FS Desroches Daily'!BT7 -> 30 | AN5: ='FS Desroches Daily'!BV7 -> 33 | AO5: ='FS Desroches Daily'!BX7 -> 40 | AP5: ='FS Desroches Daily'!BZ7 -> 35 | AQ5: ='FS Desroches Daily'!CB7 -> 50.9 | AR5: ='FS Desroches Daily'!CD7 -> 10.7 | AS5: ='FS Desroches Daily'!CF7 | AT5: ='FS Desroches Daily'!CH7 -> 50.2 | AU5: ='FS Desroches Daily'!CJ7 -> 268 | AV5: ='FS Desroches Daily'!CL7 -> 900 | AW5: ='FS Desroches Daily'!CM7 -> 94 | AX5: =IF(LPG!F12-LPG!F11<0,"0",(LPG!F12-LPG!F11)*1.8315) -> 0 | AY5: =IF(LPG!G12-LPG!G11<0,"0",(LPG!G12-LPG!G11)*1.8315) -> 0 | AZ5: =IF(LPG!H12-LPG!H13<0,"0",(LPG!H12-LPG!H13)*1.8315) -> 0 | BA5: =IF(LPG!M12-LPG!M11<0,"0",(LPG!M12-LPG!M11)*1.8315) -> 0 | BB5: =IF(LPG!Q12-LPG!Q11<0,"0",(LPG!Q12-LPG!Q11)*1.8315) -> 0 | BC5: ='FS Desroches Daily'!CN7 -> 0
A6: Seychelles at Desroches Island | B6: 5 | C6: 7 | D6: 2022 | E6: ='FS Desroches Daily'!D8 -> 0 | F6: ='FS Desroches Daily'!F8 -> 0 | G6: ='FS Desroches Daily'!H8 -> 0 | H6: ='FS Desroches Daily'!J8 -> 0 | I6: ='FS Desroches Daily'!L8 -> 0 | J6: ='FS Desroches Daily'!N8 | K6: ='FS Desroches Daily'!P8 | L6: ='FS Desroches Daily'!R8 | M6: ='FS Desroches Daily'!T8 | N6: ='FS Desroches Daily'!V8 | O6: ='FS Desroches Daily'!X8 | P6: ='FS Desroches Daily'!Z8 | Q6: ='FS Desroches Daily'!AB8 | R6: ='FS Desroches Daily'!AD8 | S6: ='FS Desroches Daily'!AF8 | T6: ='FS Desroches Daily'!AH8 | U6: ='FS Desroches Daily'!AJ8 | V6: ='FS Desroches Daily'!AL8 | W6: ='FS Desroches Daily'!AN8 | X6: ='FS Desroches Daily'!AP8 | Y6: ='FS Desroches Daily'!AR8 | Z6: ='FS Desroches Daily'!AT8 | AA6: ='FS Desroches Daily'!AT8 | AB6: ='FS Desroches Daily'!AV8 | AC6: ='FS Desroches Daily'!AZ8 | AD6: ='FS Desroches Daily'!BB8 | AE6: ='FS Desroches Daily'!BD8 | AF6: ='FS Desroches Daily'!BF8 -> 0 | AG6: ='FS Desroches Daily'!BH8 | AH6: ='FS Desroches Daily'!BJ8 | AI6: ='FS Desroches Daily'!BL8 | AJ6: ='FS Desroches Daily'!BN8 | AK6: ='FS Desroches Daily'!BP8 | AL6: ='FS Desroches Daily'!BR8 | AM6: ='FS Desroches Daily'!BT8 | AN6: ='FS Desroches Daily'!BV8 | AO6: ='FS Desroches Daily'!BX8 | AP6: ='FS Desroches Daily'!BZ8 | AQ6: ='FS Desroches Daily'!CB8 | AR6: ='FS Desroches Daily'!CD8 | AS6: ='FS Desroches Daily'!CF8 -> 0 | AT6: ='FS Desroches Daily'!CH8 | AU6: ='FS Desroches Daily'!CJ8 | AV6: ='FS Desroches Daily'!CL8 | AW6: ='FS Desroches Daily'!CM8 -> #VALUE! | AX6: =IF(LPG!F13-LPG!F12<0,"0",(LPG!F13-LPG!F12)*1.8315) -> 0 | AY6: =IF(LPG!G13-LPG!G12<0,"0",(LPG!G13-LPG!G12)*1.8315) -> 0 | AZ6: 0 | BA6: =IF(LPG!M13-LPG!M12<0,"0",(LPG!M13-LPG!M12)*1.8315) -> 0 | BB6: =IF(LPG!Q13-LPG!Q12<0,"0",(LPG!Q13-LPG!Q12)*1.8315) -> 0 | BC6: ='FS Desroches Daily'!CN8 -> 0
A7: Seychelles at Desroches Island | B7: 6 | C7: 7 | D7: 2022 | E7: ='FS Desroches Daily'!D9 -> 0 | F7: ='FS Desroches Daily'!F9 -> 0 | G7: ='FS Desroches Daily'!H9 -> 0 | H7: ='FS Desroches Daily'!J9 -> 0 | I7: ='FS Desroches Daily'!L9 -> 0 | J7: ='FS Desroches Daily'!N9 -> 0 | K7: ='FS Desroches Daily'!P9 -> 0 | L7: ='FS Desroches Daily'!R9 -> 0 | M7: ='FS Desroches Daily'!T9 -> 0 | N7: ='FS Desroches Daily'!V9 -> 0 | O7: ='FS Desroches Daily'!X9 -> 0 | P7: ='FS Desroches Daily'!Z9 -> 0 | Q7: ='FS Desroches Daily'!AB9 -> 0 | R7: ='FS Desroches Daily'!AD9 -> 0 | S7: ='FS Desroches Daily'!AF9 -> 0 | T7: ='FS Desroches Daily'!AH9 -> 0 | U7: ='FS Desroches Daily'!AJ9 -> 0 | V7: ='FS Desroches Daily'!AL9 -> 0 | W7: ='FS Desroches Daily'!AN9 -> 0 | X7: ='FS Desroches Daily'!AP9 -> 0 | Y7: ='FS Desroches Daily'!AR9 -> 0 | Z7: ='FS Desroches Daily'!AT9 -> 0 | AA7: ='FS Desroches Daily'!AT9 -> 0 | AB7: ='FS Desroches Daily'!AV9 -> 0 | AC7: ='FS Desroches Daily'!AZ9 -> 0 | AD7: ='FS Desroches Daily'!BB9 -> 0 | AE7: ='FS Desroches Daily'!BD9 -> 0 | AF7: ='FS Desroches Daily'!BF9 -> 0 | AG7: ='FS Desroches Daily'!BH9 -> 0 | AH7: ='FS Desroches Daily'!BJ9 -> 0 | AI7: ='FS Desroches Daily'!BL9 -> 0 | AJ7: ='FS Desroches Daily'!BN9 -> 0 | AK7: ='FS Desroches Daily'!BP9 -> 0 | AL7: ='FS Desroches Daily'!BR9 -> 0 | AM7: ='FS Desroches Daily'!BT9 -> 0 | AN7: ='FS Desroches Daily'!BV9 -> 0 | AO7: ='FS Desroches Daily'!BX9 -> 0 | AP7: ='FS Desroches Daily'!BZ9 -> 0 | AQ7: ='FS Desroches Daily'!CB9 -> 0 | AR7: ='FS Desroches Daily'!CD9 -> 0 | AS7: ='FS Desroches Daily'!CF9 -> 0 | AT7: ='FS Desroches Daily'!CH9 -> 0 | AU7: ='FS Desroches Daily'!CJ9 -> 0 | AV7: ='FS Desroches Daily'!CL9 -> 0 | AW7: ='FS Desroches Daily'!CM9 -> 0 | AX7: =IF(LPG!F14-LPG!F13<0,"0",(LPG!F14-LPG!F13)*1.8315) -> 0 | AY7: =IF(LPG!G14-LPG!G13<0,"0",(LPG!G14-LPG!G13)*1.8315) -> 0 | AZ7: 0 | BA7: =IF(LPG!M14-LPG!M13<0,"0",(LPG!M14-LPG!M13)*1.8315) -> 0 | BB7: =IF(LPG!Q14-LPG!Q13<0,"0",(LPG!Q14-LPG!Q13)*1.8315) -> 0 | BC7: ='FS Desroches Daily'!CN9 -> 0
A8: Seychelles at Desroches Island | B8: 7 | C8: 7 | D8: 2022 | E8: ='FS Desroches Daily'!D10 -> 0 | F8: ='FS Desroches Daily'!F10 -> 0 | G8: ='FS Desroches Daily'!H10 -> 0 | H8: ='FS Desroches Daily'!J10 -> 0 | I8: ='FS Desroches Daily'!L10 -> 0 | J8: ='FS Desroches Daily'!N10 -> 0 | K8: ='FS Desroches Daily'!P10 -> 0 | L8: ='FS Desroches Daily'!R10 -> 0 | M8: ='FS Desroches Daily'!T10 -> 0 | N8: ='FS Desroches Daily'!V10 -> 0 | O8: ='FS Desroches Daily'!X10 -> 0 | P8: ='FS Desroches Daily'!Z10 -> 0 | Q8: ='FS Desroches Daily'!AB10 -> 0 | R8: ='FS Desroches Daily'!AD10 -> 0 | S8: ='FS Desroches Daily'!AF10 -> 0 | T8: ='FS Desroches Daily'!AH10 -> 0 | U8: ='FS Desroches Daily'!AJ10 -> 0 | V8: ='FS Desroches Daily'!AL10 -> 0 | W8: ='FS Desroches Daily'!AN10 -> 0 | X8: ='FS Desroches Daily'!AP10 -> 0 | Y8: ='FS Desroches Daily'!AR10 -> 0 | Z8: ='FS Desroches Daily'!AT10 -> 0 | AA8: ='FS Desroches Daily'!AT10 -> 0 | AB8: ='FS Desroches Daily'!AV10 -> 0 | AC8: ='FS Desroches Daily'!AZ10 -> 0 | AD8: ='FS Desroches Daily'!BB10 -> 0 | AE8: ='FS Desroches Daily'!BD10 -> 0 | AF8: ='FS Desroches Daily'!BF10 -> 0 | AG8: ='FS Desroches Daily'!BH10 -> 0 | AH8: ='FS Desroches Daily'!BJ10 -> 0 | AI8: ='FS Desroches Daily'!BL10 -> 0 | AJ8: ='FS Desroches Daily'!BN10 -> 0 | AK8: ='FS Desroches Daily'!BP10 -> 0 | AL8: ='FS Desroches Daily'!BR10 -> 0 | AM8: ='FS Desroches Daily'!BT10 -> 0 | AN8: ='FS Desroches Daily'!BV10 -> 0 | AO8: ='FS Desroches Daily'!BX10 -> 0 | AP8: ='FS Desroches Daily'!BZ10 -> 0 | AQ8: ='FS Desroches Daily'!CB10 -> 0 | AR8: ='FS Desroches Daily'!CD10 -> 0 | AS8: ='FS Desroches Daily'!CF10 -> 0 | AT8: ='FS Desroches Daily'!CH10 -> 0 | AU8: ='FS Desroches Daily'!CJ10 -> 0 | AV8: ='FS Desroches Daily'!CL10 -> 0 | AW8: ='FS Desroches Daily'!CM10 -> 0 | AX8: =IF(LPG!F16-LPG!F14<0,"0",(LPG!F16-LPG!F14)*1.8315) -> 0 | AY8: =IF(LPG!G15-LPG!G14<0,"0",(LPG!G15-LPG!G14)*1.8315) -> 0 | AZ8: =IF(LPG!H16-LPG!H14<0,"0",(LPG!H16-LPG!H14)*1.8315) -> 0 | BA8: =IF(LPG!M16-LPG!M14<0,"0",(LPG!M16-LPG!M14)*1.8315) -> 0 | BB8: =IF(LPG!Q15-LPG!Q14<0,"0",(LPG!Q15-LPG!Q14)*1.8315) -> 0 | BC8: ='FS Desroches Daily'!CN10 -> 0
A9: Seychelles at Desroches Island | B9: 8 | C9: 7 | D9: 2022 | E9: ='FS Desroches Daily'!D11 -> 0 | F9: ='FS Desroches Daily'!F11 -> 0 | G9: ='FS Desroches Daily'!H11 -> 0 | H9: ='FS Desroches Daily'!J11 -> 0 | I9: ='FS Desroches Daily'!L11 -> 0 | J9: ='FS Desroches Daily'!N11 -> 0 | K9: ='FS Desroches Daily'!P11 -> 0 | L9: ='FS Desroches Daily'!R11 -> 0 | M9: ='FS Desroches Daily'!T11 -> 0 | N9: ='FS Desroches Daily'!V11 -> 0 | O9: ='FS Desroches Daily'!X11 -> 0 | P9: ='FS Desroches Daily'!Z11 -> 0 | Q9: ='FS Desroches Daily'!AB11 -> 0 | R9: ='FS Desroches Daily'!AD11 -> 0 | S9: ='FS Desroches Daily'!AF11 -> 0 | T9: ='FS Desroches Daily'!AH11 -> 0 | U9: ='FS Desroches Daily'!AJ11 -> 0 | V9: ='FS Desroches Daily'!AL11 -> 0 | W9: ='FS Desroches Daily'!AN11 -> 0 | X9: ='FS Desroches Daily'!AP11 -> 0 | Y9: ='FS Desroches Daily'!AR11 -> 0 | Z9: ='FS Desroches Daily'!AT11 -> 0 | AA9: ='FS Desroches Daily'!AT11 -> 0 | AB9: ='FS Desroches Daily'!AV11 -> 0 | AC9: ='FS Desroches Daily'!AZ11 -> 0 | AD9: ='FS Desroches Daily'!BB11 -> 0 | AE9: ='FS Desroches Daily'!BD11 -> 0 | AF9: ='FS Desroches Daily'!BF11 -> 0 | AG9: ='FS Desroches Daily'!BH11 -> 0 | AH9: ='FS Desroches Daily'!BJ11 -> 0 | AI9: ='FS Desroches Daily'!BL11 -> 0 | AJ9: ='FS Desroches Daily'!BN11 -> 0 | AK9: ='FS Desroches Daily'!BP11 -> 0 | AL9: ='FS Desroches Daily'!BR11 -> 0 | AM9: ='FS Desroches Daily'!BT11 -> 0 | AN9: ='FS Desroches Daily'!BV11 -> 0 | AO9: ='FS Desroches Daily'!BX11 -> 0 | AP9: ='FS Desroches Daily'!BZ11 -> 0 | AQ9: ='FS Desroches Daily'!CB11 -> 0 | AR9: ='FS Desroches Daily'!CD11 -> 0 | AS9: ='FS Desroches Daily'!CF11 -> 0 | AT9: ='FS Desroches Daily'!CH11 -> 0 | AU9: ='FS Desroches Daily'!CJ11 -> 0 | AV9: ='FS Desroches Daily'!CL11 -> 0 | AW9: ='FS Desroches Daily'!CM11 -> 0 | AX9: =IF(LPG!F17-LPG!F15<0,"0",(LPG!F17-LPG!F15)*1.8315) -> 0 | AY9: =IF(LPG!G16-LPG!G15<0,"0",(LPG!G16-LPG!G15)*1.8315) -> 0 | AZ9: =IF(LPG!H17-LPG!H15<0,"0",(LPG!H17-LPG!H15)*1.8315) -> 0 | BA9: =IF(LPG!M17-LPG!M15<0,"0",(LPG!M17-LPG!M15)*1.8315) -> 0 | BB9: =IF(LPG!Q16-LPG!Q15<0,"0",(LPG!Q16-LPG!Q15)*1.8315) -> 0 | BC9: ='FS Desroches Daily'!CN11 -> 0
A10: Seychelles at Desroches Island | B10: 9 | C10: 7 | D10: 2022 | E10: ='FS Desroches Daily'!D12 -> 0 | F10: ='FS Desroches Daily'!F12 -> 0 | G10: ='FS Desroches Daily'!H12 -> 0 | H10: ='FS Desroches Daily'!J12 -> 0 | I10: ='FS Desroches Daily'!L12 -> 0 | J10: ='FS Desroches Daily'!N12 -> 0 | K10: ='FS Desroches Daily'!P12 -> 0 | L10: ='FS Desroches Daily'!R12 -> 0 | M10: ='FS Desroches Daily'!T12 -> 0 | N10: ='FS Desroches Daily'!V12 -> 0 | O10: ='FS Desroches Daily'!X12 -> 0 | P10: ='FS Desroches Daily'!Z12 -> 0 | Q10: ='FS Desroches Daily'!AB12 -> 0 | R10: ='FS Desroches Daily'!AD12 -> 0 | S10: ='FS Desroches Daily'!AF12 -> 0 | T10: ='FS Desroches Daily'!AH12 -> 0 | U10: ='FS Desroches Daily'!AJ12 -> 0 | V10: ='FS Desroches Daily'!AL12 -> 0 | W10: ='FS Desroches Daily'!AN12 -> 0 | X10: ='FS Desroches Daily'!AP12 -> 0 | Y10: ='FS Desroches Daily'!AR12 -> 0 | Z10: ='FS Desroches Daily'!AT12 -> 0 | AA10: ='FS Desroches Daily'!AT12 -> 0 | AB10: ='FS Desroches Daily'!AV12 -> 0 | AC10: ='FS Desroches Daily'!AZ12 -> 0 | AD10: ='FS Desroches Daily'!BB12 -> 0 | AE10: ='FS Desroches Daily'!BD12 -> 0 | AF10: ='FS Desroches Daily'!BF12 -> 0 | AG10: ='FS Desroches Daily'!BH12 -> 0 | AH10: ='FS Desroches Daily'!BJ12 -> 0 | AI10: ='FS Desroches Daily'!BL12 -> 0 | AJ10: ='FS Desroches Daily'!BN12 -> 0 | AK10: ='FS Desroches Daily'!BP12 -> 0 | AL10: ='FS Desroches Daily'!BR12 -> 0 | AM10: ='FS Desroches Daily'!BT12 -> 0 | AN10: ='FS Desroches Daily'!BV12 -> 0 | AO10: ='FS Desroches Daily'!BX12 -> 0 | AP10: ='FS Desroches Daily'!BZ12 -> 0 | AQ10: ='FS Desroches Daily'!CB12 -> 0 | AR10: ='FS Desroches Daily'!CD12 -> 0 | AS10: ='FS Desroches Daily'!CF12 -> 0 | AT10: ='FS Desroches Daily'!CH12 -> 0 | AU10: ='FS Desroches Daily'!CJ12 -> 0 | AV10: ='FS Desroches Daily'!CL12 -> 0 | AW10: ='FS Desroches Daily'!CM12 -> 0 | AX10: =IF(LPG!F18-LPG!F16<0,"0",(LPG!F18-LPG!F16)*1.8315) -> 0 | AY10: =IF(LPG!G17-LPG!G16<0,"0",(LPG!G17-LPG!G16)*1.8315) -> 0 | AZ10: =IF(LPG!H18-LPG!H16<0,"0",(LPG!H18-LPG!H16)*1.8315) -> 0 | BA10: =IF(LPG!M18-LPG!M16<0,"0",(LPG!M18-LPG!M16)*1.8315) -> 0 | BB10: =IF(LPG!Q17-LPG!Q16<0,"0",(LPG!Q17-LPG!Q16)*1.8315) -> 0 | BC10: ='FS Desroches Daily'!CN12 -> 0
A11: Seychelles at Desroches Island | B11: 10 | C11: 7 | D11: 2022 | E11: ='FS Desroches Daily'!D13 -> 0 | F11: ='FS Desroches Daily'!F13 -> 0 | G11: ='FS Desroches Daily'!H13 -> 0 | H11: ='FS Desroches Daily'!J13 -> 0 | I11: ='FS Desroches Daily'!L13 -> 0 | J11: ='FS Desroches Daily'!N13 -> 0 | K11: ='FS Desroches Daily'!P13 -> 0 | L11: ='FS Desroches Daily'!R13 -> 0 | M11: ='FS Desroches Daily'!T13 -> 0 | N11: ='FS Desroches Daily'!V13 -> 0 | O11: ='FS Desroches Daily'!X13 -> 0 | P11: ='FS Desroches Daily'!Z13 -> 0 | Q11: ='FS Desroches Daily'!AB13 -> 0 | R11: ='FS Desroches Daily'!AD13 -> 0 | S11: ='FS Desroches Daily'!AF13 -> 0 | T11: ='FS Desroches Daily'!AH13 -> 0 | U11: ='FS Desroches Daily'!AJ13 -> 0 | V11: ='FS Desroches Daily'!AL13 -> 0 | W11: ='FS Desroches Daily'!AN13 -> 0 | X11: ='FS Desroches Daily'!AP13 -> 0 | Y11: ='FS Desroches Daily'!AR13 -> 0 | Z11: ='FS Desroches Daily'!AT13 -> 0 | AA11: ='FS Desroches Daily'!AT13 -> 0 | AB11: ='FS Desroches Daily'!AV13 -> 350.86 | AC11: ='FS Desroches Daily'!AZ13 -> 0 | AD11: ='FS Desroches Daily'!BB13 -> 0 | AE11: ='FS Desroches Daily'!BD13 -> 0 | AF11: ='FS Desroches Daily'!BF13 -> 0 | AG11: ='FS Desroches Daily'!BH13 -> 0 | AH11: ='FS Desroches Daily'!BJ13 -> 0 | AI11: ='FS Desroches Daily'!BL13 -> 0 | AJ11: ='FS Desroches Daily'!BN13 -> 0 | AK11: ='FS Desroches Daily'!BP13 -> 0 | AL11: ='FS Desroches Daily'!BR13 -> 0 | AM11: ='FS Desroches Daily'!BT13 -> 0 | AN11: ='FS Desroches Daily'!BV13 -> 0 | AO11: ='FS Desroches Daily'!BX13 -> 0 | AP11: ='FS Desroches Daily'!BZ13 -> 0 | AQ11: ='FS Desroches Daily'!CB13 -> 0 | AR11: ='FS Desroches Daily'!CD13 -> 0 | AS11: ='FS Desroches Daily'!CF13 -> 0 | AT11: ='FS Desroches Daily'!CH13 -> 0 | AU11: ='FS Desroches Daily'!CJ13 -> 0 | AV11: ='FS Desroches Daily'!CL13 -> 0 | AW11: ='FS Desroches Daily'!CM13 -> 0 | AX11: =IF(LPG!F18-LPG!F17<0,"0",(LPG!F18-LPG!F17)*1.8315) -> 0 | AY11: =IF(LPG!G18-LPG!G17<0,"0",(LPG!G18-LPG!G17)*1.8315) -> 0 | AZ11: =IF(LPG!H18-LPG!H17<0,"0",(LPG!H18-LPG!H17)*1.8315) -> 0 | BA11: =IF(LPG!M19-LPG!M17<0,"0",(LPG!M19-LPG!M17)*1.8315) -> 0 | BB11: =IF(LPG!Q18-LPG!Q17<0,"0",(LPG!Q18-LPG!Q17)*1.8315) -> 0 | BC11: ='FS Desroches Daily'!CN13 -> 0
A12: Seychelles at Desroches Island | B12: 11 | C12: 7 | D12: 2022 | E12: ='FS Desroches Daily'!D14 -> 0 | F12: ='FS Desroches Daily'!F14 -> 0 | G12: ='FS Desroches Daily'!H14 -> 0 | H12: ='FS Desroches Daily'!J14 -> 0 | I12: ='FS Desroches Daily'!L14 -> 0 | J12: ='FS Desroches Daily'!N14 -> 0 | K12: ='FS Desroches Daily'!P14 -> 0 | L12: ='FS Desroches Daily'!R14 -> 0 | M12: ='FS Desroches Daily'!T14 -> 0 | N12: ='FS Desroches Daily'!V14 -> 0 | O12: ='FS Desroches Daily'!X14 -> 0 | P12: ='FS Desroches Daily'!Z14 -> 0 | Q12: ='FS Desroches Daily'!AB14 -> 0 | R12: ='FS Desroches Daily'!AD14 -> 0 | S12: ='FS Desroches Daily'!AF14 -> 0 | T12: ='FS Desroches Daily'!AH14 -> 0 | U12: ='FS Desroches Daily'!AJ14 -> 0 | V12: ='FS Desroches Daily'!AL14 -> 0 | W12: ='FS Desroches Daily'!AN14 -> 0 | X12: ='FS Desroches Daily'!AP14 -> 0 | Y12: ='FS Desroches Daily'!AR14 -> 0 | Z12: ='FS Desroches Daily'!AT14 -> 0 | AA12: ='FS Desroches Daily'!AT14 -> 0 | AB12: ='FS Desroches Daily'!AV14 -> 0 | AC12: ='FS Desroches Daily'!AZ14 -> 0 | AD12: ='FS Desroches Daily'!BB14 -> 0 | AE12: ='FS Desroches Daily'!BD14 -> 0 | AF12: ='FS Desroches Daily'!BF14 -> 0 | AG12: ='FS Desroches Daily'!BH14 -> 0 | AH12: ='FS Desroches Daily'!BJ14 -> 0 | AI12: ='FS Desroches Daily'!BL14 -> 0 | AJ12: ='FS Desroches Daily'!BN14 -> 0 | AK12: ='FS Desroches Daily'!BP14 -> 0 | AL12: ='FS Desroches Daily'!BR14 -> 0 | AM12: ='FS Desroches Daily'!BT14 -> 0 | AN12: ='FS Desroches Daily'!BV14 -> 0 | AO12: ='FS Desroches Daily'!BX14 -> 0 | AP12: ='FS Desroches Daily'!BZ14 -> 0 | AQ12: ='FS Desroches Daily'!CB14 -> 0 | AR12: ='FS Desroches Daily'!CD14 -> 0 | AS12: ='FS Desroches Daily'!CF14 -> 0 | AT12: ='FS Desroches Daily'!CH14 -> 0 | AU12: ='FS Desroches Daily'!CJ14 -> 0 | AV12: ='FS Desroches Daily'!CL14 -> 0 | AW12: ='FS Desroches Daily'!CM14 -> 0 | AX12: =IF(LPG!F19-LPG!F18<0,"0",(LPG!F19-LPG!F18)*1.8315) -> 0 | AY12: =IF(LPG!G19-LPG!G18<0,"0",(LPG!G19-LPG!G18)*1.8315) -> 0 | AZ12: =IF(LPG!H19-LPG!H18<0,"0",(LPG!H19-LPG!H18)*1.8315) -> 0 | BA12: =IF(LPG!M19-LPG!M18<0,"0",(LPG!M19-LPG!M18)*1.8315) -> 0 | BB12: =IF(LPG!Q20-LPG!Q18<0,"0",(LPG!Q20-LPG!Q18)*1.8315) -> 0 | BC12: ='FS Desroches Daily'!CN14 -> 0
A13: Seychelles at Desroches Island | B13: 12 | C13: 7 | D13: 2022 | E13: ='FS Desroches Daily'!D15 -> 0 | F13: ='FS Desroches Daily'!F15 -> 0 | G13: ='FS Desroches Daily'!H15 -> 0 | H13: ='FS Desroches Daily'!J15 -> 0 | I13: ='FS Desroches Daily'!L15 -> 0 | J13: ='FS Desroches Daily'!N15 -> 0 | K13: ='FS Desroches Daily'!P15 -> 0 | L13: ='FS Desroches Daily'!R15 -> 0 | M13: ='FS Desroches Daily'!T15 -> 0 | N13: ='FS Desroches Daily'!V15 -> 0 | O13: ='FS Desroches Daily'!X15 -> 0 | P13: ='FS Desroches Daily'!Z15 -> 0 | Q13: ='FS Desroches Daily'!AB15 -> 0 | R13: ='FS Desroches Daily'!AD15 -> 0 | S13: ='FS Desroches Daily'!AF15 -> 0 | T13: ='FS Desroches Daily'!AH15 -> 0 | U13: ='FS Desroches Daily'!AJ15 -> 0 | V13: ='FS Desroches Daily'!AL15 -> 0 | W13: ='FS Desroches Daily'!AN15 -> 0 | X13: ='FS Desroches Daily'!AP15 -> 0 | Y13: ='FS Desroches Daily'!AR15 -> 0 | Z13: ='FS Desroches Daily'!AT15 -> 0 | AA13: ='FS Desroches Daily'!AT15 -> 0 | AB13: ='FS Desroches Daily'!AV15 -> 0 | AC13: ='FS Desroches Daily'!AZ15 -> 0 | AD13: ='FS Desroches Daily'!BB15 -> 0 | AE13: ='FS Desroches Daily'!BD15 -> 0 | AF13: ='FS Desroches Daily'!BF15 -> 0 | AG13: ='FS Desroches Daily'!BH15 -> 0 | AH13: ='FS Desroches Daily'!BJ15 -> 0 | AI13: ='FS Desroches Daily'!BL15 -> 0 | AJ13: ='FS Desroches Daily'!BN15 -> 0 | AK13: ='FS Desroches Daily'!BP15 -> 0 | AL13: ='FS Desroches Daily'!BR15 -> 0 | AM13: ='FS Desroches Daily'!BT15 -> 0 | AN13: ='FS Desroches Daily'!BV15 -> 0 | AO13: ='FS Desroches Daily'!BX15 -> 0 | AP13: ='FS Desroches Daily'!BZ15 -> 0 | AQ13: ='FS Desroches Daily'!CB15 -> 0 | AR13: ='FS Desroches Daily'!CD15 -> 0 | AS13: ='FS Desroches Daily'!CF15 -> 0 | AT13: ='FS Desroches Daily'!CH15 -> 0 | AU13: ='FS Desroches Daily'!CJ15 -> 0 | AV13: ='FS Desroches Daily'!CL15 -> 0 | AW13: ='FS Desroches Daily'!CM15 -> 0 | AX13: =IF(LPG!F20-LPG!F19<0,"0",(LPG!F20-LPG!F19)*1.8315) -> 0 | AY13: =IF(LPG!G20-LPG!G19<0,"0",(LPG!G20-LPG!G19)*1.8315) -> 0 | AZ13: =IF(LPG!H20-LPG!H19<0,"0",(LPG!H20-LPG!H19)*1.8315) -> 0 | BA13: =IF(LPG!M20-LPG!M19<0,"0",(LPG!M20-LPG!M19)*1.8315) -> 0 | BB13: =IF(LPG!Q20-LPG!Q19<0,"0",(LPG!Q20-LPG!Q19)*1.8315) -> 0 | BC13: ='FS Desroches Daily'!CN15 -> 0
A14: Seychelles at Desroches Island | B14: 13 | C14: 7 | D14: 2022 | E14: ='FS Desroches Daily'!D16 -> 0 | F14: ='FS Desroches Daily'!F16 -> 0 | G14: ='FS Desroches Daily'!H16 -> 0 | H14: ='FS Desroches Daily'!J16 -> 0 | I14: ='FS Desroches Daily'!L16 -> 0 | J14: ='FS Desroches Daily'!N16 -> 0 | K14: ='FS Desroches Daily'!P16 -> 0 | L14: ='FS Desroches Daily'!R16 -> 0 | M14: ='FS Desroches Daily'!T16 -> 0 | N14: ='FS Desroches Daily'!V16 -> 0 | O14: ='FS Desroches Daily'!X16 -> 0 | P14: ='FS Desroches Daily'!Z16 -> 0 | Q14: ='FS Desroches Daily'!AB16 -> 0 | R14: ='FS Desroches Daily'!AD16 -> 0 | S14: ='FS Desroches Daily'!AF16 -> 0 | T14: ='FS Desroches Daily'!AH16 -> 0 | U14: ='FS Desroches Daily'!AJ16 -> 0 | V14: ='FS Desroches Daily'!AL16 -> 0 | W14: ='FS Desroches Daily'!AN16 -> 0 | X14: ='FS Desroches Daily'!AP16 -> 0 | Y14: ='FS Desroches Daily'!AR16 -> 0 | Z14: ='FS Desroches Daily'!AT16 -> 0 | AA14: ='FS Desroches Daily'!AT16 -> 0 | AB14: ='FS Desroches Daily'!AV16 -> 0 | AC14: ='FS Desroches Daily'!AZ16 -> 0 | AD14: ='FS Desroches Daily'!BB16 -> 0 | AE14: ='FS Desroches Daily'!BD16 -> 0 | AF14: ='FS Desroches Daily'!BF16 -> 0 | AG14: ='FS Desroches Daily'!BH16 -> 0 | AH14: ='FS Desroches Daily'!BJ16 -> 0 | AI14: ='FS Desroches Daily'!BL16 -> 0 | AJ14: ='FS Desroches Daily'!BN16 -> 0 | AK14: ='FS Desroches Daily'!BP16 -> 0 | AL14: ='FS Desroches Daily'!BR16 -> 0 | AM14: ='FS Desroches Daily'!BT16 -> 0 | AN14: ='FS Desroches Daily'!BV16 -> 0 | AO14: ='FS Desroches Daily'!BX16 -> 0 | AP14: ='FS Desroches Daily'!BZ16 -> 0 | AQ14: ='FS Desroches Daily'!CB16 -> 0 | AR14: ='FS Desroches Daily'!CD16 -> 0 | AS14: ='FS Desroches Daily'!CF16 -> 0 | AT14: ='FS Desroches Daily'!CH16 -> 0 | AU14: ='FS Desroches Daily'!CJ16 -> 0 | AV14: ='FS Desroches Daily'!CL16 -> 0 | AW14: ='FS Desroches Daily'!CM16 -> 0 | AX14: =IF(LPG!F21-LPG!F20<0,"0",(LPG!F21-LPG!F20)*1.8315) -> 0 | AY14: =IF(LPG!G21-LPG!G20<0,"0",(LPG!G21-LPG!G20)*1.8315) -> 0 | AZ14: =IF(LPG!H21-LPG!H20<0,"0",(LPG!H21-LPG!H20)*1.8315) -> 0 | BA14: =IF(LPG!M21-LPG!M20<0,"0",(LPG!M21-LPG!M20)*1.8315) -> 0 | BB14: =IF(LPG!Q21-LPG!Q20<0,"0",(LPG!Q21-LPG!Q20)*1.8315) -> 0 | BC14: ='FS Desroches Daily'!CN16 -> 0
A15: Seychelles at Desroches Island | B15: 14 | C15: 7 | D15: 2022 | E15: ='FS Desroches Daily'!D17 -> 0 | F15: ='FS Desroches Daily'!F17 -> 0 | G15: ='FS Desroches Daily'!H17 -> 0 | H15: ='FS Desroches Daily'!J17 -> 0 | I15: ='FS Desroches Daily'!L17 -> 0 | J15: ='FS Desroches Daily'!N17 -> 0 | K15: ='FS Desroches Daily'!P17 -> 0 | L15: ='FS Desroches Daily'!R17 -> 0 | M15: ='FS Desroches Daily'!T17 -> 0 | N15: ='FS Desroches Daily'!V17 -> 0 | O15: ='FS Desroches Daily'!X17 -> 0 | P15: ='FS Desroches Daily'!Z17 -> 0 | Q15: ='FS Desroches Daily'!AB17 -> 0 | R15: ='FS Desroches Daily'!AD17 -> 0 | S15: ='FS Desroches Daily'!AF17 -> 0 | T15: ='FS Desroches Daily'!AH17 -> 0 | U15: ='FS Desroches Daily'!AJ17 -> 0 | V15: ='FS Desroches Daily'!AL17 -> 0 | W15: ='FS Desroches Daily'!AN17 -> 0 | X15: ='FS Desroches Daily'!AP17 -> 0 | Y15: ='FS Desroches Daily'!AR17 -> 0 | Z15: ='FS Desroches Daily'!AT17 -> 0 | AA15: ='FS Desroches Daily'!AT17 -> 0 | AB15: ='FS Desroches Daily'!AV17 -> 0 | AC15: ='FS Desroches Daily'!AZ17 -> 0 | AD15: ='FS Desroches Daily'!BB17 -> 0 | AE15: ='FS Desroches Daily'!BD17 -> 0 | AF15: ='FS Desroches Daily'!BF17 -> 0 | AG15: ='FS Desroches Daily'!BH17 -> 0 | AH15: ='FS Desroches Daily'!BJ17 -> 0 | AI15: ='FS Desroches Daily'!BL17 -> 0 | AJ15: ='FS Desroches Daily'!BN17 -> 0 | AK15: ='FS Desroches Daily'!BP17 -> 0 | AL15: ='FS Desroches Daily'!BR17 -> 0 | AM15: ='FS Desroches Daily'!BT17 -> 0 | AN15: ='FS Desroches Daily'!BV17 -> 0 | AO15: ='FS Desroches Daily'!BX17 -> 0 | AP15: ='FS Desroches Daily'!BZ17 -> 0 | AQ15: ='FS Desroches Daily'!CB17 -> 0 | AR15: ='FS Desroches Daily'!CD17 -> 0 | AS15: ='FS Desroches Daily'!CF17 -> 0 | AT15: ='FS Desroches Daily'!CH17 -> 0 | AU15: ='FS Desroches Daily'!CJ17 -> 0 | AV15: ='FS Desroches Daily'!CL17 -> 0 | AW15: ='FS Desroches Daily'!CM17 -> 0 | AX15: =IF(LPG!F22-LPG!F21<0,"0",(LPG!F22-LPG!F21)*1.8315) -> 0 | AY15: =IF(LPG!G22-LPG!G21<0,"0",(LPG!G22-LPG!G21)*1.8315) -> 0 | AZ15: =IF(LPG!H22-LPG!H21<0,"0",(LPG!H22-LPG!H21)*1.8315) -> 0 | BA15: =IF(LPG!M22-LPG!M21<0,"0",(LPG!M22-LPG!M21)*1.8315) -> 0 | BB15: =IF(LPG!Q22-LPG!Q21<0,"0",(LPG!Q22-LPG!Q21)*1.8315) -> 0 | BC15: ='FS Desroches Daily'!CN17 -> 0
A16: Seychelles at Desroches Island | B16: 15 | C16: 7 | D16: 2022 | E16: ='FS Desroches Daily'!D18 -> 0 | F16: ='FS Desroches Daily'!F18 -> 0 | G16: ='FS Desroches Daily'!H18 -> 0 | H16: ='FS Desroches Daily'!J18 -> 0 | I16: ='FS Desroches Daily'!L18 -> 0 | J16: ='FS Desroches Daily'!N18 -> 0 | K16: ='FS Desroches Daily'!P18 -> 0 | L16: ='FS Desroches Daily'!R18 -> 0 | M16: ='FS Desroches Daily'!T18 -> 0 | N16: ='FS Desroches Daily'!V18 -> 0 | O16: ='FS Desroches Daily'!X18 -> 0 | P16: ='FS Desroches Daily'!Z18 -> 0 | Q16: ='FS Desroches Daily'!AB18 -> 0 | R16: ='FS Desroches Daily'!AD18 -> 0 | S16: ='FS Desroches Daily'!AF18 -> 0 | T16: ='FS Desroches Daily'!AH18 -> 0 | U16: ='FS Desroches Daily'!AJ18 -> 0 | V16: ='FS Desroches Daily'!AL18 -> 0 | W16: ='FS Desroches Daily'!AN18 -> 0 | X16: ='FS Desroches Daily'!AP18 -> 0 | Y16: ='FS Desroches Daily'!AR18 -> 0 | Z16: ='FS Desroches Daily'!AT18 -> 0 | AA16: ='FS Desroches Daily'!AT18 -> 0 | AB16: ='FS Desroches Daily'!AV18 -> 0 | AC16: ='FS Desroches Daily'!AZ18 -> 0 | AD16: ='FS Desroches Daily'!BB18 -> 0 | AE16: ='FS Desroches Daily'!BD18 -> 0 | AF16: ='FS Desroches Daily'!BF18 -> 0 | AG16: ='FS Desroches Daily'!BH18 -> 0 | AH16: ='FS Desroches Daily'!BJ18 -> 0 | AI16: ='FS Desroches Daily'!BL18 -> 0 | AJ16: ='FS Desroches Daily'!BN18 -> 0 | AK16: ='FS Desroches Daily'!BP18 -> 0 | AL16: ='FS Desroches Daily'!BR18 -> 0 | AM16: ='FS Desroches Daily'!BT18 -> 0 | AN16: ='FS Desroches Daily'!BV18 -> 0 | AO16: ='FS Desroches Daily'!BX18 -> 0 | AP16: ='FS Desroches Daily'!BZ18 -> 0 | AQ16: ='FS Desroches Daily'!CB18 -> 0 | AR16: ='FS Desroches Daily'!CD18 -> 0 | AS16: ='FS Desroches Daily'!CF18 -> 0 | AT16: ='FS Desroches Daily'!CH18 -> 0 | AU16: ='FS Desroches Daily'!CJ18 -> 0 | AV16: ='FS Desroches Daily'!CL18 -> 0 | AW16: ='FS Desroches Daily'!CM18 -> 0 | AX16: =IF(LPG!F23-LPG!F22<0,"0",(LPG!F23-LPG!F22)*1.8315) -> 0 | AY16: =IF(LPG!G23-LPG!G22<0,"0",(LPG!G23-LPG!G22)*1.8315) -> 0 | AZ16: =IF(LPG!H23-LPG!H22<0,"0",(LPG!H23-LPG!H22)*1.8315) -> 0 | BA16: =IF(LPG!M23-LPG!M22<0,"0",(LPG!M23-LPG!M22)*1.8315) -> 0 | BB16: =IF(LPG!Q23-LPG!Q22<0,"0",(LPG!Q23-LPG!Q22)*1.8315) -> 0 | BC16: ='FS Desroches Daily'!CN18 -> 0
A17: Seychelles at Desroches Island | B17: 16 | C17: 7 | D17: 2022 | E17: ='FS Desroches Daily'!D19 -> 0 | F17: ='FS Desroches Daily'!F19 -> 0 | G17: ='FS Desroches Daily'!H19 -> 0 | H17: ='FS Desroches Daily'!J19 -> 0 | I17: ='FS Desroches Daily'!L19 -> 0 | J17: ='FS Desroches Daily'!N19 -> 0 | K17: ='FS Desroches Daily'!P19 -> 0 | L17: ='FS Desroches Daily'!R19 -> 0 | M17: ='FS Desroches Daily'!T19 -> 0 | N17: ='FS Desroches Daily'!V19 -> 0 | O17: ='FS Desroches Daily'!X19 -> 0 | P17: ='FS Desroches Daily'!Z19 -> 0 | Q17: ='FS Desroches Daily'!AB19 -> 0 | R17: ='FS Desroches Daily'!AD19 -> 0 | S17: ='FS Desroches Daily'!AF19 -> 0 | T17: ='FS Desroches Daily'!AH19 -> 0 | U17: ='FS Desroches Daily'!AJ19 -> 0 | V17: ='FS Desroches Daily'!AL19 -> 0 | W17: ='FS Desroches Daily'!AN19 -> 0 | X17: ='FS Desroches Daily'!AP19 -> 0 | Y17: ='FS Desroches Daily'!AR19 -> 0 | Z17: ='FS Desroches Daily'!AU20 -> 0 | AA17: ='FS Desroches Daily'!AU20 -> 0 | AB17: ='FS Desroches Daily'!AV19 -> 0 | AC17: ='FS Desroches Daily'!AZ19 -> 0 | AD17: ='FS Desroches Daily'!BB19 -> 0 | AE17: ='FS Desroches Daily'!BD19 -> 0 | AF17: ='FS Desroches Daily'!BF19 -> 0 | AG17: ='FS Desroches Daily'!BH19 -> 0 | AH17: ='FS Desroches Daily'!BJ19 -> 0 | AI17: ='FS Desroches Daily'!BL19 -> 0 | AJ17: ='FS Desroches Daily'!BN19 -> 0 | AK17: ='FS Desroches Daily'!BP19 -> 0 | AL17: ='FS Desroches Daily'!BR19 -> 0 | AM17: ='FS Desroches Daily'!BT19 -> 0 | AN17: ='FS Desroches Daily'!BV19 -> 0 | AO17: ='FS Desroches Daily'!BX19 -> 0 | AP17: ='FS Desroches Daily'!BZ19 -> 0 | AQ17: ='FS Desroches Daily'!CB19 -> 0 | AR17: ='FS Desroches Daily'!CD19 -> 0 | AS17: ='FS Desroches Daily'!CF19 -> 0 | AT17: ='FS Desroches Daily'!CH19 -> 0 | AU17: ='FS Desroches Daily'!CJ19 -> 0 | AV17: ='FS Desroches Daily'!CL19 -> 0 | AW17: ='FS Desroches Daily'!CM19 -> 0 | AX17: =IF(LPG!F24-LPG!F23<0,"0",(LPG!F24-LPG!F23)*1.8315) -> 0 | AY17: =IF(LPG!G24-LPG!G23<0,"0",(LPG!G24-LPG!G23)*1.8315) -> 0 | AZ17: =IF(LPG!H24-LPG!H23<0,"0",(LPG!H24-LPG!H23)*1.8315) -> 0 | BA17: =IF(LPG!M24-LPG!M23<0,"0",(LPG!M24-LPG!M23)*1.8315) -> 0 | BB17: =IF(LPG!Q24-LPG!Q23<0,"0",(LPG!Q24-LPG!Q23)*1.8315) -> 0 | BC17: ='FS Desroches Daily'!CN19 -> 0
A18: Seychelles at Desroches Island | B18: 17 | C18: 7 | D18: 2022 | E18: ='FS Desroches Daily'!D20 -> 0 | F18: ='FS Desroches Daily'!F20 -> 0 | G18: ='FS Desroches Daily'!H20 -> 0 | H18: ='FS Desroches Daily'!J20 -> 0 | I18: ='FS Desroches Daily'!L20 -> 0 | J18: ='FS Desroches Daily'!N20 -> 0 | K18: ='FS Desroches Daily'!P20 -> 0 | L18: ='FS Desroches Daily'!R20 -> 0 | M18: ='FS Desroches Daily'!T20 -> 0 | N18: ='FS Desroches Daily'!V20 -> 0 | O18: ='FS Desroches Daily'!X20 -> 0 | P18: ='FS Desroches Daily'!Z20 -> 0 | Q18: ='FS Desroches Daily'!AB20 -> 0 | R18: ='FS Desroches Daily'!AD20 -> 0 | S18: ='FS Desroches Daily'!AF20 -> 0 | T18: ='FS Desroches Daily'!AH20 -> 0 | U18: ='FS Desroches Daily'!AJ20 -> 0 | V18: ='FS Desroches Daily'!AL20 -> 0 | W18: ='FS Desroches Daily'!AN20 -> 0 | X18: ='FS Desroches Daily'!AP20 -> 0 | Y18: ='FS Desroches Daily'!AR20 -> 0 | Z18: ='FS Desroches Daily'!AT20 -> 0 | AA18: ='FS Desroches Daily'!AT20 -> 0 | AB18: ='FS Desroches Daily'!AV20 -> 0 | AC18: ='FS Desroches Daily'!AZ20 -> 0 | AD18: ='FS Desroches Daily'!BB20 -> 0 | AE18: ='FS Desroches Daily'!BD20 -> 0 | AF18: ='FS Desroches Daily'!BF20 -> 0 | AG18: ='FS Desroches Daily'!BH20 -> 0 | AH18: ='FS Desroches Daily'!BJ20 -> 0 | AI18: ='FS Desroches Daily'!BL20 -> 0 | AJ18: ='FS Desroches Daily'!BN20 -> 0 | AK18: ='FS Desroches Daily'!BP20 -> 0 | AL18: ='FS Desroches Daily'!BR20 -> 0 | AM18: ='FS Desroches Daily'!BT20 -> 0 | AN18: ='FS Desroches Daily'!BV20 -> 0 | AO18: ='FS Desroches Daily'!BX20 -> 0 | AP18: ='FS Desroches Daily'!BZ20 -> 0 | AQ18: ='FS Desroches Daily'!CB20 -> 0 | AR18: ='FS Desroches Daily'!CD20 -> 0 | AS18: ='FS Desroches Daily'!CF20 -> 0 | AT18: ='FS Desroches Daily'!CH20 -> 0 | AU18: ='FS Desroches Daily'!CJ20 -> 0 | AV18: ='FS Desroches Daily'!CL20 -> 0 | AW18: ='FS Desroches Daily'!CM20 -> 0 | AX18: =IF(LPG!F25-LPG!F24<0,"0",(LPG!F25-LPG!F24)*1.8315) -> 0 | AY18: =IF(LPG!G25-LPG!G24<0,"0",(LPG!G25-LPG!G24)*1.8315) -> 0 | AZ18: =IF(LPG!H25-LPG!H24<0,"0",(LPG!H25-LPG!H24)*1.8315) -> 0 | BA18: =IF(LPG!M25-LPG!M24<0,"0",(LPG!M25-LPG!M24)*1.8315) -> 0 | BB18: =IF(LPG!Q25-LPG!Q24<0,"0",(LPG!Q25-LPG!Q24)*1.8315) -> 0 | BC18: ='FS Desroches Daily'!CN20 -> 0
A19: Seychelles at Desroches Island | B19: 18 | C19: 7 | D19: 2022 | E19: ='FS Desroches Daily'!D21 -> 0 | F19: ='FS Desroches Daily'!F21 -> 0 | G19: ='FS Desroches Daily'!H21 -> 0 | H19: ='FS Desroches Daily'!J21 -> 0 | I19: ='FS Desroches Daily'!L21 -> 0 | J19: ='FS Desroches Daily'!N21 -> 0 | K19: ='FS Desroches Daily'!P21 -> 0 | L19: ='FS Desroches Daily'!R21 -> 0 | M19: ='FS Desroches Daily'!T21 -> 0 | N19: ='FS Desroches Daily'!V21 -> 0 | O19: ='FS Desroches Daily'!X21 -> 0 | P19: ='FS Desroches Daily'!Z21 -> 0 | Q19: ='FS Desroches Daily'!AB21 -> 0 | R19: ='FS Desroches Daily'!AD21 -> 0 | S19: ='FS Desroches Daily'!AF21 -> 0 | T19: ='FS Desroches Daily'!AH21 -> 0 | U19: ='FS Desroches Daily'!AJ21 -> 0 | V19: ='FS Desroches Daily'!AL21 -> 0 | W19: ='FS Desroches Daily'!AN21 -> 0 | X19: ='FS Desroches Daily'!AP21 -> 0 | Y19: ='FS Desroches Daily'!AR21 -> 0 | Z19: ='FS Desroches Daily'!AT21 -> 0 | AA19: ='FS Desroches Daily'!AT21 -> 0 | AB19: ='FS Desroches Daily'!AV21 -> 0 | AC19: ='FS Desroches Daily'!AZ21 -> 0 | AD19: ='FS Desroches Daily'!BB21 -> 0 | AE19: ='FS Desroches Daily'!BD21 -> 0 | AF19: ='FS Desroches Daily'!BF21 -> 0 | AG19: ='FS Desroches Daily'!BH21 -> 0 | AH19: ='FS Desroches Daily'!BJ21 -> 0 | AI19: ='FS Desroches Daily'!BL21 -> 0 | AJ19: ='FS Desroches Daily'!BN21 -> 0 | AK19: ='FS Desroches Daily'!BP21 -> 0 | AL19: ='FS Desroches Daily'!BR21 -> 0 | AM19: ='FS Desroches Daily'!BT21 -> 0 | AN19: ='FS Desroches Daily'!BV21 -> 0 | AO19: ='FS Desroches Daily'!BX21 -> 0 | AP19: ='FS Desroches Daily'!BZ21 -> 0 | AQ19: ='FS Desroches Daily'!CB21 -> 0 | AR19: ='FS Desroches Daily'!CD21 -> 0 | AS19: ='FS Desroches Daily'!CF21 -> 0 | AT19: ='FS Desroches Daily'!CH21 -> 0 | AU19: ='FS Desroches Daily'!CJ21 -> 0 | AV19: ='FS Desroches Daily'!CL21 -> 0 | AW19: ='FS Desroches Daily'!CM21 -> 0 | AX19: =IF(LPG!F26-LPG!F25<0,"0",(LPG!F26-LPG!F25)*1.8315) -> 0 | AY19: =IF(LPG!G26-LPG!G25<0,"0",(LPG!G26-LPG!G25)*1.8315) -> 0 | AZ19: =IF(LPG!H26-LPG!H25<0,"0",(LPG!H26-LPG!H25)*1.8315) -> 0 | BA19: =IF(LPG!M26-LPG!M25<0,"0",(LPG!M26-LPG!M25)*1.8315) -> 0 | BB19: =IF(LPG!Q26-LPG!Q25<0,"0",(LPG!Q26-LPG!Q25)*1.8315) -> 0 | BC19: ='FS Desroches Daily'!CN21 -> 0
A20: Seychelles at Desroches Island | B20: 19 | C20: 7 | D20: 2022 | E20: ='FS Desroches Daily'!D22 -> 0 | F20: ='FS Desroches Daily'!F22 -> 0 | G20: ='FS Desroches Daily'!H22 -> 0 | H20: ='FS Desroches Daily'!J22 -> 0 | I20: ='FS Desroches Daily'!L22 -> 0 | J20: ='FS Desroches Daily'!N22 -> 0 | K20: ='FS Desroches Daily'!P22 -> 0 | L20: ='FS Desroches Daily'!R22 -> 0 | M20: ='FS Desroches Daily'!T22 -> 0 | N20: ='FS Desroches Daily'!V22 -> 0 | O20: ='FS Desroches Daily'!X22 -> 0 | P20: ='FS Desroches Daily'!Z22 -> 0 | Q20: ='FS Desroches Daily'!AB22 -> 0 | R20: ='FS Desroches Daily'!AD22 -> 0 | S20: ='FS Desroches Daily'!AF22 -> 0 | T20: ='FS Desroches Daily'!AH22 -> 0 | U20: ='FS Desroches Daily'!AJ22 -> 0 | V20: ='FS Desroches Daily'!AL22 -> 0 | W20: ='FS Desroches Daily'!AN22 -> 0 | X20: ='FS Desroches Daily'!AP22 -> 0 | Y20: ='FS Desroches Daily'!AR22 -> 0 | Z20: ='FS Desroches Daily'!AT22 -> 0 | AA20: ='FS Desroches Daily'!AT22 -> 0 | AB20: ='FS Desroches Daily'!AV22 -> 0 | AC20: ='FS Desroches Daily'!AZ22 -> 0 | AD20: ='FS Desroches Daily'!BB22 -> 0 | AE20: ='FS Desroches Daily'!BD22 -> 0 | AF20: ='FS Desroches Daily'!BF22 -> 0 | AG20: ='FS Desroches Daily'!BH22 -> 0 | AH20: ='FS Desroches Daily'!BJ22 -> 0 | AI20: ='FS Desroches Daily'!BL22 -> 0 | AJ20: ='FS Desroches Daily'!BN22 -> 0 | AK20: ='FS Desroches Daily'!BP22 -> 0 | AL20: ='FS Desroches Daily'!BR22 -> 0 | AM20: ='FS Desroches Daily'!BT22 -> 0 | AN20: ='FS Desroches Daily'!BV22 -> 0 | AO20: ='FS Desroches Daily'!BX22 -> 0 | AP20: ='FS Desroches Daily'!BZ22 -> 0 | AQ20: ='FS Desroches Daily'!CB22 -> 0 | AR20: ='FS Desroches Daily'!CD22 -> 0 | AS20: ='FS Desroches Daily'!CF22 -> 0 | AT20: ='FS Desroches Daily'!CH22 -> 0 | AU20: ='FS Desroches Daily'!CJ22 -> 0 | AV20: ='FS Desroches Daily'!CL22 -> 0 | AW20: ='FS Desroches Daily'!CM22 -> 0 | AX20: =IF(LPG!F27-LPG!F26<0,"0",(LPG!F27-LPG!F26)*1.8315) -> 0 | AY20: =IF(LPG!G27-LPG!G26<0,"0",(LPG!G27-LPG!G26)*1.8315) -> 0 | AZ20: =IF(LPG!H27-LPG!H26<0,"0",(LPG!H27-LPG!H26)*1.8315) -> 0 | BA20: =IF(LPG!M27-LPG!M26<0,"0",(LPG!M27-LPG!M26)*1.8315) -> 0 | BB20: =IF(LPG!Q27-LPG!Q26<0,"0",(LPG!Q27-LPG!Q26)*1.8315) -> 0 | BC20: ='FS Desroches Daily'!CN22 -> 0
A21: Seychelles at Desroches Island | B21: 20 | C21: 7 | D21: 2022 | E21: ='FS Desroches Daily'!D23 -> 0 | F21: ='FS Desroches Daily'!F23 -> 0 | G21: ='FS Desroches Daily'!H23 -> 0 | H21: ='FS Desroches Daily'!J23 -> 0 | I21: ='FS Desroches Daily'!L23 -> 0 | J21: ='FS Desroches Daily'!N23 -> 0 | K21: ='FS Desroches Daily'!P23 -> 0 | L21: ='FS Desroches Daily'!R23 -> 0 | M21: ='FS Desroches Daily'!T23 -> 0 | N21: ='FS Desroches Daily'!V23 -> 0 | O21: ='FS Desroches Daily'!X23 -> 0 | P21: ='FS Desroches Daily'!Z23 -> 0 | Q21: ='FS Desroches Daily'!AB23 -> 0 | R21: ='FS Desroches Daily'!AD23 -> 0 | S21: ='FS Desroches Daily'!AF23 -> 0 | T21: ='FS Desroches Daily'!AH23 -> 0 | U21: ='FS Desroches Daily'!AJ23 -> 0 | V21: ='FS Desroches Daily'!AL23 -> 0 | W21: ='FS Desroches Daily'!AN23 -> 0 | X21: ='FS Desroches Daily'!AP23 -> 0 | Y21: ='FS Desroches Daily'!AR23 -> 0 | Z21: ='FS Desroches Daily'!AT23 -> 0 | AA21: ='FS Desroches Daily'!AT23 -> 0 | AB21: ='FS Desroches Daily'!AV23 -> 0 | AC21: ='FS Desroches Daily'!AZ23 -> 0 | AD21: ='FS Desroches Daily'!BB23 -> 0 | AE21: ='FS Desroches Daily'!BD23 -> 0 | AF21: ='FS Desroches Daily'!BF23 -> 0 | AG21: ='FS Desroches Daily'!BH23 -> 0 | AH21: ='FS Desroches Daily'!BJ23 -> 0 | AI21: ='FS Desroches Daily'!BL23 -> 0 | AJ21: ='FS Desroches Daily'!BN23 -> 0 | AK21: ='FS Desroches Daily'!BP23 -> 0 | AL21: ='FS Desroches Daily'!BR23 -> 0 | AM21: ='FS Desroches Daily'!BT23 -> 0 | AN21: ='FS Desroches Daily'!BV23 -> 0 | AO21: ='FS Desroches Daily'!BX23 -> 0 | AP21: ='FS Desroches Daily'!BZ23 -> 0 | AQ21: ='FS Desroches Daily'!CB23 -> 0 | AR21: ='FS Desroches Daily'!CD23 -> 0 | AS21: ='FS Desroches Daily'!CF23 -> 0 | AT21: ='FS Desroches Daily'!CH23 -> 0 | AU21: ='FS Desroches Daily'!CJ23 -> 0 | AV21: ='FS Desroches Daily'!CL23 -> 0 | AW21: ='FS Desroches Daily'!CM23 -> 0 | AX21: =IF(LPG!F28-LPG!F27<0,"0",(LPG!F28-LPG!F27)*1.8315) -> 0 | AY21: =IF(LPG!G28-LPG!G27<0,"0",(LPG!G28-LPG!G27)*1.8315) -> 0 | AZ21: =IF(LPG!H28-LPG!H27<0,"0",(LPG!H28-LPG!H27)*1.8315) -> 0 | BA21: =IF(LPG!M28-LPG!M27<0,"0",(LPG!M28-LPG!M27)*1.8315) -> 0 | BB21: =IF(LPG!Q28-LPG!Q27<0,"0",(LPG!Q28-LPG!Q27)*1.8315) -> 0 | BC21: ='FS Desroches Daily'!CN23 -> 0
A22: Seychelles at Desroches Island | B22: 21 | C22: 7 | D22: 2022 | E22: ='FS Desroches Daily'!D24 -> 0 | F22: ='FS Desroches Daily'!F24 -> 0 | G22: ='FS Desroches Daily'!H24 -> 0 | H22: ='FS Desroches Daily'!J24 -> 0 | I22: ='FS Desroches Daily'!L24 -> 0 | J22: ='FS Desroches Daily'!N24 -> 0 | K22: ='FS Desroches Daily'!P24 -> 0 | L22: ='FS Desroches Daily'!R24 -> 0 | M22: ='FS Desroches Daily'!T24 -> 0 | N22: ='FS Desroches Daily'!V24 -> 0 | O22: ='FS Desroches Daily'!X24 -> 0 | P22: ='FS Desroches Daily'!Z24 -> 0 | Q22: ='FS Desroches Daily'!AB24 -> 0 | R22: ='FS Desroches Daily'!AD24 -> 0 | S22: ='FS Desroches Daily'!AF24 -> 0 | T22: ='FS Desroches Daily'!AH24 -> 0 | U22: ='FS Desroches Daily'!AJ24 -> 0 | V22: ='FS Desroches Daily'!AL24 -> 0 | W22: ='FS Desroches Daily'!AN24 -> 0 | X22: ='FS Desroches Daily'!AP24 -> 0 | Y22: ='FS Desroches Daily'!AR24 -> 0 | Z22: ='FS Desroches Daily'!AT24 -> 0 | AA22: ='FS Desroches Daily'!AT24 -> 0 | AB22: ='FS Desroches Daily'!AV24 -> 0 | AC22: ='FS Desroches Daily'!AZ24 -> 0 | AD22: ='FS Desroches Daily'!BB24 -> 0 | AE22: ='FS Desroches Daily'!BD24 -> 0 | AF22: ='FS Desroches Daily'!BF24 -> 0 | AG22: ='FS Desroches Daily'!BH24 -> 0 | AH22: ='FS Desroches Daily'!BJ24 -> 0 | AI22: ='FS Desroches Daily'!BL24 -> 0 | AJ22: ='FS Desroches Daily'!BN24 -> 0 | AK22: ='FS Desroches Daily'!BP24 -> 0 | AL22: ='FS Desroches Daily'!BR24 -> 0 | AM22: ='FS Desroches Daily'!BT24 -> 0 | AN22: ='FS Desroches Daily'!BV24 -> 0 | AO22: ='FS Desroches Daily'!BX24 -> 0 | AP22: ='FS Desroches Daily'!BZ24 -> 0 | AQ22: ='FS Desroches Daily'!CB24 -> 0 | AR22: ='FS Desroches Daily'!CD24 -> 0 | AS22: ='FS Desroches Daily'!CF24 -> 0 | AT22: ='FS Desroches Daily'!CH24 -> 0 | AU22: ='FS Desroches Daily'!CJ24 -> 0 | AV22: ='FS Desroches Daily'!CL24 -> 0 | AW22: ='FS Desroches Daily'!CM24 -> 0 | AX22: =IF(LPG!F29-LPG!F28<0,"0",(LPG!F29-LPG!F28)*1.8315) -> 0 | AY22: =IF(LPG!G29-LPG!G28<0,"0",(LPG!G29-LPG!G28)*1.8315) -> 0 | AZ22: =IF(LPG!H29-LPG!H28<0,"0",(LPG!H29-LPG!H28)*1.8315) -> 0 | BA22: =IF(LPG!M29-LPG!M28<0,"0",(LPG!M29-LPG!M28)*1.8315) -> 0 | BB22: =IF(LPG!Q29-LPG!Q28<0,"0",(LPG!Q29-LPG!Q28)*1.8315) -> 0 | BC22: ='FS Desroches Daily'!CN24 -> 0
A23: Seychelles at Desroches Island | B23: 22 | C23: 7 | D23: 2022 | E23: ='FS Desroches Daily'!D25 -> 0 | F23: ='FS Desroches Daily'!F25 -> 0 | G23: ='FS Desroches Daily'!H25 -> 0 | H23: ='FS Desroches Daily'!J25 -> 0 | I23: ='FS Desroches Daily'!L25 -> 0 | J23: ='FS Desroches Daily'!N25 -> 0 | K23: ='FS Desroches Daily'!P25 -> 0 | L23: ='FS Desroches Daily'!R25 -> 0 | M23: ='FS Desroches Daily'!T25 -> 0 | N23: ='FS Desroches Daily'!V25 -> 0 | O23: ='FS Desroches Daily'!X25 -> 0 | P23: ='FS Desroches Daily'!Z25 -> 0 | Q23: ='FS Desroches Daily'!AB25 -> 0 | R23: ='FS Desroches Daily'!AD25 -> 0 | S23: ='FS Desroches Daily'!AF25 -> 0 | T23: ='FS Desroches Daily'!AH25 -> 0 | U23: ='FS Desroches Daily'!AJ25 -> 0 | V23: ='FS Desroches Daily'!AL25 -> 0 | W23: ='FS Desroches Daily'!AN25 -> 0 | X23: ='FS Desroches Daily'!AP25 -> 0 | Y23: ='FS Desroches Daily'!AR25 -> 0 | Z23: ='FS Desroches Daily'!AT25 -> 0 | AA23: ='FS Desroches Daily'!AT25 -> 0 | AB23: ='FS Desroches Daily'!AV25 -> 0 | AC23: ='FS Desroches Daily'!AZ25 -> 0 | AD23: ='FS Desroches Daily'!BB25 -> 0 | AE23: ='FS Desroches Daily'!BD25 -> 0 | AF23: ='FS Desroches Daily'!BF25 -> 0 | AG23: ='FS Desroches Daily'!BH25 -> 0 | AH23: ='FS Desroches Daily'!BJ25 -> 0 | AI23: ='FS Desroches Daily'!BL25 -> 0 | AJ23: ='FS Desroches Daily'!BN25 -> 0 | AK23: ='FS Desroches Daily'!BP25 -> 0 | AL23: ='FS Desroches Daily'!BR25 -> 0 | AM23: ='FS Desroches Daily'!BT25 -> 0 | AN23: ='FS Desroches Daily'!BV25 -> 0 | AO23: ='FS Desroches Daily'!BX25 -> 0 | AP23: ='FS Desroches Daily'!BZ25 -> 0 | AQ23: ='FS Desroches Daily'!CB25 -> 0 | AR23: ='FS Desroches Daily'!CD25 -> 0 | AS23: ='FS Desroches Daily'!CF25 -> 0 | AT23: ='FS Desroches Daily'!CH25 -> 0 | AU23: ='FS Desroches Daily'!CJ25 -> 0 | AV23: ='FS Desroches Daily'!CL25 -> 0 | AW23: ='FS Desroches Daily'!CM25 -> 0 | AX23: =IF(LPG!F30-LPG!F29<0,"0",(LPG!F30-LPG!F29)*1.8315) -> 0 | AY23: =IF(LPG!G30-LPG!G29<0,"0",(LPG!G30-LPG!G29)*1.8315) -> 0 | AZ23: =IF(LPG!H30-LPG!H29<0,"0",(LPG!H30-LPG!H29)*1.8315) -> 0 | BA23: =IF(LPG!M30-LPG!M29<0,"0",(LPG!M30-LPG!M29)*1.8315) -> 0 | BB23: =IF(LPG!Q30-LPG!Q29<0,"0",(LPG!Q30-LPG!Q29)*1.8315) -> 0 | BC23: ='FS Desroches Daily'!CN25 -> 0
A24: Seychelles at Desroches Island | B24: 23 | C24: 7 | D24: 2022 | E24: ='FS Desroches Daily'!D26 -> 0 | F24: ='FS Desroches Daily'!F26 -> 0 | G24: ='FS Desroches Daily'!H26 -> 0 | H24: ='FS Desroches Daily'!J26 -> 0 | I24: ='FS Desroches Daily'!L26 -> 0 | J24: ='FS Desroches Daily'!N26 -> 0 | K24: ='FS Desroches Daily'!P26 -> 0 | L24: ='FS Desroches Daily'!R26 -> 0 | M24: ='FS Desroches Daily'!T26 -> 0 | N24: ='FS Desroches Daily'!V26 -> 0 | O24: ='FS Desroches Daily'!X26 -> 0 | P24: ='FS Desroches Daily'!Z26 -> 0 | Q24: ='FS Desroches Daily'!AB26 -> 0 | R24: ='FS Desroches Daily'!AD26 -> 0 | S24: ='FS Desroches Daily'!AF26 -> 0 | T24: ='FS Desroches Daily'!AH26 -> 0 | U24: ='FS Desroches Daily'!AJ26 -> 0 | V24: ='FS Desroches Daily'!AL26 -> 0 | W24: ='FS Desroches Daily'!AN26 -> 0 | X24: ='FS Desroches Daily'!AP26 -> 0 | Y24: ='FS Desroches Daily'!AR26 -> 0 | Z24: ='FS Desroches Daily'!AT26 -> 0 | AA24: ='FS Desroches Daily'!AT26 -> 0 | AB24: ='FS Desroches Daily'!AV26 -> 0 | AC24: ='FS Desroches Daily'!AZ26 -> 0 | AD24: ='FS Desroches Daily'!BB26 -> 0 | AE24: ='FS Desroches Daily'!BD26 -> 0 | AF24: ='FS Desroches Daily'!BF26 -> 0 | AG24: ='FS Desroches Daily'!BH26 -> 249.59 | AH24: ='FS Desroches Daily'!BJ26 -> 0 | AI24: ='FS Desroches Daily'!BL26 -> 0 | AJ24: ='FS Desroches Daily'!BN26 -> 0 | AK24: ='FS Desroches Daily'!BP26 -> 0 | AL24: ='FS Desroches Daily'!BR26 -> 0 | AM24: ='FS Desroches Daily'!BT26 -> 0 | AN24: ='FS Desroches Daily'!BV26 -> 0 | AO24: ='FS Desroches Daily'!BX26 -> 0 | AP24: ='FS Desroches Daily'!BZ26 -> 0 | AQ24: ='FS Desroches Daily'!CB26 -> 0 | AR24: ='FS Desroches Daily'!CD26 -> 0 | AS24: ='FS Desroches Daily'!CF26 -> 0 | AT24: ='FS Desroches Daily'!CH26 -> 0 | AU24: ='FS Desroches Daily'!CJ26 -> 0 | AV24: ='FS Desroches Daily'!CL26 -> 0 | AW24: ='FS Desroches Daily'!CM26 -> 0 | AX24: =IF(LPG!F31-LPG!F30<0,"0",(LPG!F31-LPG!F30)*1.8315) -> 0 | AY24: =IF(LPG!G31-LPG!G30<0,"0",(LPG!G31-LPG!G30)*1.8315) -> 0 | AZ24: =IF(LPG!H31-LPG!H30<0,"0",(LPG!H31-LPG!H30)*1.8315) -> 0 | BA24: =IF(LPG!M31-LPG!M30<0,"0",(LPG!M31-LPG!M30)*1.8315) -> 0 | BB24: =IF(LPG!Q31-LPG!Q30<0,"0",(LPG!Q31-LPG!Q30)*1.8315) -> 0 | BC24: ='FS Desroches Daily'!CN26 -> 0
A25: Seychelles at Desroches Island | B25: 24 | C25: 7 | D25: 2022 | E25: ='FS Desroches Daily'!D27 -> 0 | F25: ='FS Desroches Daily'!F27 -> 0 | G25: ='FS Desroches Daily'!H27 -> 0 | H25: ='FS Desroches Daily'!J27 -> 0 | I25: ='FS Desroches Daily'!L27 -> 0 | J25: ='FS Desroches Daily'!N27 -> 0 | K25: ='FS Desroches Daily'!P27 -> 0 | L25: ='FS Desroches Daily'!R27 -> 0 | M25: ='FS Desroches Daily'!T27 -> 0 | N25: ='FS Desroches Daily'!V27 -> 0 | O25: ='FS Desroches Daily'!X27 -> 0 | P25: ='FS Desroches Daily'!Z27 -> 0 | Q25: ='FS Desroches Daily'!AB27 -> 0 | R25: ='FS Desroches Daily'!AD27 -> 0 | S25: ='FS Desroches Daily'!AF27 -> 0 | T25: ='FS Desroches Daily'!AH27 -> 0 | U25: ='FS Desroches Daily'!AJ27 -> 0 | V25: ='FS Desroches Daily'!AL27 -> 0 | W25: ='FS Desroches Daily'!AN27 -> 0 | X25: ='FS Desroches Daily'!AP27 -> 0 | Y25: ='FS Desroches Daily'!AR27 -> 0 | Z25: ='FS Desroches Daily'!AT27 -> 0 | AA25: ='FS Desroches Daily'!AT27 -> 0 | AB25: ='FS Desroches Daily'!AV27 -> 0 | AC25: ='FS Desroches Daily'!AZ27 -> 0 | AD25: ='FS Desroches Daily'!BB27 -> 0 | AE25: ='FS Desroches Daily'!BD27 -> 0 | AF25: ='FS Desroches Daily'!BF27 -> 0 | AG25: ='FS Desroches Daily'!BH27 -> 0 | AH25: ='FS Desroches Daily'!BJ27 -> 0 | AI25: ='FS Desroches Daily'!BL27 -> 0 | AJ25: ='FS Desroches Daily'!BN27 -> 0 | AK25: ='FS Desroches Daily'!BP27 -> 0 | AL25: ='FS Desroches Daily'!BR27 -> 0 | AM25: ='FS Desroches Daily'!BT27 -> 0 | AN25: ='FS Desroches Daily'!BV27 -> 0 | AO25: ='FS Desroches Daily'!BX27 -> 0 | AP25: ='FS Desroches Daily'!BZ27 -> 0 | AQ25: ='FS Desroches Daily'!CB27 -> 0 | AR25: ='FS Desroches Daily'!CD27 -> 0 | AS25: ='FS Desroches Daily'!CF27 -> 0 | AT25: ='FS Desroches Daily'!CH27 -> 0 | AU25: ='FS Desroches Daily'!CJ27 -> 0 | AV25: ='FS Desroches Daily'!CL27 -> 0 | AW25: ='FS Desroches Daily'!CM27 -> 0 | AX25: =IF(LPG!F32-LPG!F31<0,"0",(LPG!F32-LPG!F31)*1.8315) -> 0 | AY25: =IF(LPG!G32-LPG!G31<0,"0",(LPG!G32-LPG!G31)*1.8315) -> 0 | AZ25: =IF(LPG!H32-LPG!H31<0,"0",(LPG!H32-LPG!H31)*1.8315) -> 0 | BA25: =IF(LPG!M32-LPG!M31<0,"0",(LPG!M32-LPG!M31)*1.8315) -> 0 | BB25: =IF(LPG!Q32-LPG!Q31<0,"0",(LPG!Q32-LPG!Q31)*1.8315) -> 0 | BC25: ='FS Desroches Daily'!CN27 -> 0
A26: Seychelles at Desroches Island | B26: 25 | C26: 7 | D26: 2022 | E26: ='FS Desroches Daily'!D28 -> 0 | F26: ='FS Desroches Daily'!F28 -> 0 | G26: ='FS Desroches Daily'!H28 -> 0 | H26: ='FS Desroches Daily'!J28 -> 0 | I26: ='FS Desroches Daily'!L28 -> 0 | J26: ='FS Desroches Daily'!N28 -> 0 | K26: ='FS Desroches Daily'!P28 -> 0 | L26: ='FS Desroches Daily'!R28 -> 0 | M26: ='FS Desroches Daily'!T28 -> 0 | N26: ='FS Desroches Daily'!V28 -> 0 | O26: ='FS Desroches Daily'!X28 -> 0 | P26: ='FS Desroches Daily'!Z28 -> 0 | Q26: ='FS Desroches Daily'!AB28 -> 0 | R26: ='FS Desroches Daily'!AD28 -> 0 | S26: ='FS Desroches Daily'!AF28 -> 0 | T26: ='FS Desroches Daily'!AH28 -> 0 | U26: ='FS Desroches Daily'!AJ28 -> 0 | V26: ='FS Desroches Daily'!AL28 -> 0 | W26: ='FS Desroches Daily'!AN28 -> 0 | X26: ='FS Desroches Daily'!AP28 -> 0 | Y26: ='FS Desroches Daily'!AR28 -> 0 | Z26: ='FS Desroches Daily'!AT28 -> 0 | AA26: ='FS Desroches Daily'!AT28 -> 0 | AB26: ='FS Desroches Daily'!AV28 -> 0 | AC26: ='FS Desroches Daily'!AZ28 -> 0 | AD26: ='FS Desroches Daily'!BB28 -> 0 | AE26: ='FS Desroches Daily'!BD28 -> 0 | AF26: ='FS Desroches Daily'!BF28 -> 0 | AG26: ='FS Desroches Daily'!BH28 -> 0 | AH26: ='FS Desroches Daily'!BJ28 -> 0 | AI26: ='FS Desroches Daily'!BL28 -> 0 | AJ26: ='FS Desroches Daily'!BN28 -> 0 | AK26: ='FS Desroches Daily'!BP28 -> 0 | AL26: ='FS Desroches Daily'!BR28 -> 0 | AM26: ='FS Desroches Daily'!BT28 -> 0 | AN26: ='FS Desroches Daily'!BV28 -> 0 | AO26: ='FS Desroches Daily'!BX28 -> 0 | AP26: ='FS Desroches Daily'!BZ28 -> 0 | AQ26: ='FS Desroches Daily'!CB28 -> 0 | AR26: ='FS Desroches Daily'!CD28 -> 0 | AS26: ='FS Desroches Daily'!CF28 -> 0 | AT26: ='FS Desroches Daily'!CH28 -> 0 | AU26: ='FS Desroches Daily'!CJ28 -> 0 | AV26: ='FS Desroches Daily'!CL28 -> 0 | AW26: ='FS Desroches Daily'!CM28 -> 0 | AX26: =IF(LPG!F33-LPG!F32<0,"0",(LPG!F33-LPG!F32)*1.8315) -> 0 | AY26: =IF(LPG!G33-LPG!G32<0,"0",(LPG!G33-LPG!G32)*1.8315) -> 0 | AZ26: =IF(LPG!H33-LPG!H32<0,"0",(LPG!H33-LPG!H32)*1.8315) -> 0 | BA26: =IF(LPG!M33-LPG!M32<0,"0",(LPG!M33-LPG!M32)*1.8315) -> 0 | BB26: =IF(LPG!Q33-LPG!Q32<0,"0",(LPG!Q33-LPG!Q32)*1.8315) -> 0 | BC26: ='FS Desroches Daily'!CN28 -> 0
A27: Seychelles at Desroches Island | B27: 26 | C27: 7 | D27: 2022 | E27: ='FS Desroches Daily'!D29 -> 0 | F27: ='FS Desroches Daily'!F29 -> 0 | G27: ='FS Desroches Daily'!H29 -> 0 | H27: ='FS Desroches Daily'!J29 -> 0 | I27: ='FS Desroches Daily'!L29 -> 0 | J27: ='FS Desroches Daily'!N29 -> 0 | K27: ='FS Desroches Daily'!P29 -> 0 | L27: ='FS Desroches Daily'!R29 -> 0 | M27: ='FS Desroches Daily'!T29 -> 0 | N27: ='FS Desroches Daily'!V29 -> 0 | O27: ='FS Desroches Daily'!X29 -> 0 | P27: ='FS Desroches Daily'!Z29 -> 0 | Q27: ='FS Desroches Daily'!AB29 -> 0 | R27: ='FS Desroches Daily'!AD29 -> 0 | S27: ='FS Desroches Daily'!AF29 -> 0 | T27: ='FS Desroches Daily'!AH29 -> 0 | U27: ='FS Desroches Daily'!AJ29 -> 0 | V27: ='FS Desroches Daily'!AL29 -> 0 | W27: ='FS Desroches Daily'!AN29 -> 0 | X27: ='FS Desroches Daily'!AP29 -> 0 | Y27: ='FS Desroches Daily'!AR29 -> 0 | Z27: ='FS Desroches Daily'!AT29 -> 0 | AA27: ='FS Desroches Daily'!AT29 -> 0 | AB27: ='FS Desroches Daily'!AV29 -> 0 | AC27: ='FS Desroches Daily'!AZ29 -> 0 | AD27: ='FS Desroches Daily'!BB29 -> 0 | AE27: ='FS Desroches Daily'!BD29 -> 0 | AF27: ='FS Desroches Daily'!BF29 -> 0 | AG27: ='FS Desroches Daily'!BH29 -> 0 | AH27: ='FS Desroches Daily'!BJ29 -> 0 | AI27: ='FS Desroches Daily'!BL29 -> 0 | AJ27: ='FS Desroches Daily'!BN29 -> 0 | AK27: ='FS Desroches Daily'!BP29 -> 0 | AL27: ='FS Desroches Daily'!BR29 -> 0 | AM27: ='FS Desroches Daily'!BT29 -> 0 | AN27: ='FS Desroches Daily'!BV29 -> 0 | AO27: ='FS Desroches Daily'!BX29 -> 0 | AP27: ='FS Desroches Daily'!BZ29 -> 0 | AQ27: ='FS Desroches Daily'!CB29 -> 0 | AR27: ='FS Desroches Daily'!CD29 -> 0 | AS27: ='FS Desroches Daily'!CF29 -> 0 | AT27: ='FS Desroches Daily'!CH29 -> 0 | AU27: ='FS Desroches Daily'!CJ29 -> 0 | AV27: ='FS Desroches Daily'!CL29 -> 0 | AW27: ='FS Desroches Daily'!CM29 -> 0 | AX27: =IF(LPG!F35-LPG!F33<0,"0",(LPG!F35-LPG!F33)*1.8315) -> 0 | AY27: =IF(LPG!G34-LPG!G33<0,"0",(LPG!G34-LPG!G33)*1.8315) -> 0 | AZ27: =IF(LPG!H35-LPG!H33<0,"0",(LPG!H35-LPG!H33)*1.8315) -> 0 | BA27: =IF(LPG!M35-LPG!M33<0,"0",(LPG!M35-LPG!M33)*1.8315) -> 0 | BB27: =IF(LPG!Q34-LPG!Q33<0,"0",(LPG!Q34-LPG!Q33)*1.8315) -> 0 | BC27: ='FS Desroches Daily'!CN29 -> 0
A28: Seychelles at Desroches Island | B28: 27 | C28: 7 | D28: 2022 | E28: ='FS Desroches Daily'!D30 -> 0 | F28: ='FS Desroches Daily'!F30 -> 0 | G28: ='FS Desroches Daily'!H30 -> 0 | H28: ='FS Desroches Daily'!J30 -> 0 | I28: ='FS Desroches Daily'!L30 -> 0 | J28: ='FS Desroches Daily'!N30 -> 0 | K28: ='FS Desroches Daily'!P30 -> 0 | L28: ='FS Desroches Daily'!R30 -> 0 | M28: ='FS Desroches Daily'!T30 -> 0 | N28: ='FS Desroches Daily'!V30 -> 0 | O28: ='FS Desroches Daily'!X30 -> 0 | P28: ='FS Desroches Daily'!Z30 -> 0 | Q28: ='FS Desroches Daily'!AB30 -> 0 | R28: ='FS Desroches Daily'!AD30 -> 0 | S28: ='FS Desroches Daily'!AF30 -> 0 | T28: ='FS Desroches Daily'!AH30 -> 0 | U28: ='FS Desroches Daily'!AJ30 -> 0 | V28: ='FS Desroches Daily'!AL30 -> 0 | W28: ='FS Desroches Daily'!AN30 -> 0 | X28: ='FS Desroches Daily'!AP30 -> 0 | Y28: ='FS Desroches Daily'!AR30 -> 0 | Z28: ='FS Desroches Daily'!AT30 -> 0 | AA28: ='FS Desroches Daily'!AT30 -> 0 | AB28: ='FS Desroches Daily'!AV30 -> 0 | AC28: ='FS Desroches Daily'!AZ30 -> 0 | AD28: ='FS Desroches Daily'!BB30 -> 0 | AE28: ='FS Desroches Daily'!BD30 -> 0 | AF28: ='FS Desroches Daily'!BF30 -> 0 | AG28: ='FS Desroches Daily'!BH30 -> 0 | AH28: ='FS Desroches Daily'!BJ30 -> 0 | AI28: ='FS Desroches Daily'!BL30 -> 0 | AJ28: ='FS Desroches Daily'!BN30 -> 0 | AK28: ='FS Desroches Daily'!BP30 -> 0 | AL28: ='FS Desroches Daily'!BR30 -> 0 | AM28: ='FS Desroches Daily'!BT30 -> 0 | AN28: ='FS Desroches Daily'!BV30 -> 0 | AO28: ='FS Desroches Daily'!BX30 -> 0 | AP28: ='FS Desroches Daily'!BZ30 -> 0 | AQ28: ='FS Desroches Daily'!CB30 -> 0 | AR28: ='FS Desroches Daily'!CD30 -> 0 | AS28: ='FS Desroches Daily'!CF30 -> 0 | AT28: ='FS Desroches Daily'!CH30 -> 0 | AU28: ='FS Desroches Daily'!CJ30 -> 0 | AV28: ='FS Desroches Daily'!CL30 -> 0 | AW28: ='FS Desroches Daily'!CM30 -> 0 | AX28: =IF(LPG!F36-LPG!F34<0,"0",(LPG!F36-LPG!F34)*1.8315) -> 0 | AY28: =IF(LPG!G35-LPG!G34<0,"0",(LPG!G35-LPG!G34)*1.8315) -> 0 | AZ28: =IF(LPG!H36-LPG!H34<0,"0",(LPG!H36-LPG!H34)*1.8315) -> 0 | BA28: =IF(LPG!M36-LPG!M34<0,"0",(LPG!M36-LPG!M34)*1.8315) -> 0 | BB28: =IF(LPG!Q35-LPG!Q34<0,"0",(LPG!Q35-LPG!Q34)*1.8315) -> 0 | BC28: ='FS Desroches Daily'!CN30 -> 0
A29: Seychelles at Desroches Island | B29: 28 | C29: 7 | D29: 2022 | E29: ='FS Desroches Daily'!D31 -> 0 | F29: ='FS Desroches Daily'!F31 -> 0 | G29: ='FS Desroches Daily'!H31 -> 0 | H29: ='FS Desroches Daily'!J31 -> 0 | I29: ='FS Desroches Daily'!L31 -> 0 | J29: ='FS Desroches Daily'!N31 -> 0 | K29: ='FS Desroches Daily'!P31 -> 0 | L29: ='FS Desroches Daily'!R31 -> 0 | M29: ='FS Desroches Daily'!T31 -> 0 | N29: ='FS Desroches Daily'!V31 -> 0 | O29: ='FS Desroches Daily'!X31 -> 0 | P29: ='FS Desroches Daily'!Z31 -> 0 | Q29: ='FS Desroches Daily'!AB31 -> 0 | R29: ='FS Desroches Daily'!AD31 -> 0 | S29: ='FS Desroches Daily'!AF31 -> 0 | T29: ='FS Desroches Daily'!AH31 -> 0 | U29: ='FS Desroches Daily'!AJ31 -> 0 | V29: ='FS Desroches Daily'!AL31 -> 0 | W29: ='FS Desroches Daily'!AN31 -> 0 | X29: ='FS Desroches Daily'!AP31 -> 0 | Y29: ='FS Desroches Daily'!AR31 -> 0 | Z29: ='FS Desroches Daily'!AT31 -> 0 | AA29: ='FS Desroches Daily'!AT31 -> 0 | AB29: ='FS Desroches Daily'!AV31 -> 0 | AC29: ='FS Desroches Daily'!AZ31 -> 0 | AD29: ='FS Desroches Daily'!BB31 -> 0 | AE29: ='FS Desroches Daily'!BD31 -> 0 | AF29: ='FS Desroches Daily'!BF31 -> 0 | AG29: ='FS Desroches Daily'!BH31 -> 0 | AH29: ='FS Desroches Daily'!BJ31 -> 304.38 | AI29: ='FS Desroches Daily'!BL31 -> 0 | AJ29: ='FS Desroches Daily'!BN31 -> 0 | AK29: ='FS Desroches Daily'!BP31 -> 0 | AL29: ='FS Desroches Daily'!BR31 -> 0 | AM29: ='FS Desroches Daily'!BT31 -> 0 | AN29: ='FS Desroches Daily'!BV31 -> 0 | AO29: ='FS Desroches Daily'!BX31 -> 0 | AP29: ='FS Desroches Daily'!BZ31 -> 0 | AQ29: ='FS Desroches Daily'!CB31 -> 0 | AR29: ='FS Desroches Daily'!CD31 -> 0 | AS29: ='FS Desroches Daily'!CF31 -> 0 | AT29: ='FS Desroches Daily'!CH31 -> 0 | AU29: ='FS Desroches Daily'!CJ31 -> 0 | AV29: ='FS Desroches Daily'!CL31 -> 0 | AW29: ='FS Desroches Daily'!CM31 -> 0 | AX29: =IF(LPG!F37-LPG!F35<0,"0",(LPG!F37-LPG!F35)*1.8315) -> 0 | AY29: =IF(LPG!G36-LPG!G35<0,"0",(LPG!G36-LPG!G35)*1.8315) -> 0 | AZ29: =IF(LPG!H37-LPG!H35<0,"0",(LPG!H37-LPG!H35)*1.8315) -> 0 | BA29: =IF(LPG!M37-LPG!M35<0,"0",(LPG!M37-LPG!M35)*1.8315) -> 0 | BB29: =IF(LPG!Q36-LPG!Q35<0,"0",(LPG!Q36-LPG!Q35)*1.8315) -> 0 | BC29: ='FS Desroches Daily'!CN31 -> 0
A30: Seychelles at Desroches Island | B30: 29 | C30: 7 | D30: 2022 | E30: ='FS Desroches Daily'!D32 -> 0 | F30: ='FS Desroches Daily'!F32 -> 0 | G30: ='FS Desroches Daily'!H32 -> 0 | H30: ='FS Desroches Daily'!J32 -> 0 | I30: ='FS Desroches Daily'!L32 -> 0 | J30: ='FS Desroches Daily'!N32 -> 0 | K30: ='FS Desroches Daily'!P32 -> 0 | L30: ='FS Desroches Daily'!R32 -> 0 | M30: ='FS Desroches Daily'!T32 -> 0 | N30: ='FS Desroches Daily'!V32 -> 0 | O30: ='FS Desroches Daily'!X32 -> 0 | P30: ='FS Desroches Daily'!Z32 -> 0 | Q30: ='FS Desroches Daily'!AB32 -> 0 | R30: ='FS Desroches Daily'!AD32 -> 0 | S30: ='FS Desroches Daily'!AF32 -> 0 | T30: ='FS Desroches Daily'!AH32 -> 0 | U30: ='FS Desroches Daily'!AJ32 -> 0 | V30: ='FS Desroches Daily'!AL32 -> 0 | W30: ='FS Desroches Daily'!AN32 -> 0 | X30: ='FS Desroches Daily'!AP32 -> 0 | Y30: ='FS Desroches Daily'!AR32 -> 0 | Z30: ='FS Desroches Daily'!AT32 -> 0 | AA30: ='FS Desroches Daily'!AT32 -> 0 | AB30: ='FS Desroches Daily'!AV32 -> 0 | AC30: ='FS Desroches Daily'!AZ32 -> 0 | AD30: ='FS Desroches Daily'!BB32 -> 0 | AE30: ='FS Desroches Daily'!BD32 -> 0 | AF30: ='FS Desroches Daily'!BF32 -> 0 | AG30: ='FS Desroches Daily'!BH32 -> 0 | AH30: ='FS Desroches Daily'!BJ32 -> 0 | AI30: ='FS Desroches Daily'!BL32 -> 0 | AJ30: ='FS Desroches Daily'!BN32 -> 0 | AK30: ='FS Desroches Daily'!BP32 -> 0 | AL30: ='FS Desroches Daily'!BR32 -> 0 | AM30: ='FS Desroches Daily'!BT32 -> 0 | AN30: ='FS Desroches Daily'!BV32 -> 0 | AO30: ='FS Desroches Daily'!BX32 -> 0 | AP30: ='FS Desroches Daily'!BZ32 -> 0 | AQ30: ='FS Desroches Daily'!CB32 -> 0 | AR30: ='FS Desroches Daily'!CD32 -> 0 | AS30: ='FS Desroches Daily'!CF32 -> 0 | AT30: ='FS Desroches Daily'!CH32 -> 0 | AU30: ='FS Desroches Daily'!CJ32 -> 0 | AV30: ='FS Desroches Daily'!CL32 -> 0 | AW30: ='FS Desroches Daily'!CM32 -> 0 | AX30: =IF(LPG!F38-LPG!F36<0,"0",(LPG!F38-LPG!F36)*1.8315) -> 0 | AY30: =IF(LPG!G37-LPG!G36<0,"0",(LPG!G37-LPG!G36)*1.8315) -> 0 | AZ30: =IF(LPG!H38-LPG!H36<0,"0",(LPG!H38-LPG!H36)*1.8315) -> 0 | BA30: =IF(LPG!M38-LPG!M36<0,"0",(LPG!M38-LPG!M36)*1.8315) -> 0 | BB30: =IF(LPG!Q37-LPG!Q36<0,"0",(LPG!Q37-LPG!Q36)*1.8315) -> 0 | BC30: ='FS Desroches Daily'!CN32 -> 0
A31: Seychelles at Desroches Island | B31: 30 | C31: 7 | D31: 2022 | E31: ='FS Desroches Daily'!D33 -> 0 | F31: ='FS Desroches Daily'!F33 -> 0 | G31: ='FS Desroches Daily'!H33 -> 0 | H31: ='FS Desroches Daily'!J33 -> 0 | I31: ='FS Desroches Daily'!L33 -> 0 | J31: ='FS Desroches Daily'!N33 -> 0 | K31: ='FS Desroches Daily'!P33 -> 0 | L31: ='FS Desroches Daily'!R33 -> 0 | M31: ='FS Desroches Daily'!T33 -> 0 | N31: ='FS Desroches Daily'!V33 -> 0 | O31: ='FS Desroches Daily'!X33 -> 0 | P31: ='FS Desroches Daily'!Z33 -> 0 | Q31: ='FS Desroches Daily'!AB33 -> 0 | R31: ='FS Desroches Daily'!AD33 -> 0 | S31: ='FS Desroches Daily'!AF33 -> 0 | T31: ='FS Desroches Daily'!AH33 -> 0 | U31: ='FS Desroches Daily'!AJ33 -> 0 | V31: ='FS Desroches Daily'!AL33 -> 0 | W31: ='FS Desroches Daily'!AN33 -> 0 | X31: ='FS Desroches Daily'!AP33 -> 0 | Y31: ='FS Desroches Daily'!AR33 -> 0 | Z31: ='FS Desroches Daily'!AT33 -> 0 | AA31: ='FS Desroches Daily'!AT33 -> 0 | AB31: ='FS Desroches Daily'!AV33 -> 0 | AC31: ='FS Desroches Daily'!AZ33 -> 0 | AD31: ='FS Desroches Daily'!BB33 -> 0 | AE31: ='FS Desroches Daily'!BD33 -> 0 | AF31: ='FS Desroches Daily'!BF33 -> 0 | AG31: ='FS Desroches Daily'!BH33 -> 0 | AH31: ='FS Desroches Daily'!BJ33 -> 0 | AI31: ='FS Desroches Daily'!BL33 -> 0 | AJ31: ='FS Desroches Daily'!BN33 -> 0 | AK31: ='FS Desroches Daily'!BP33 -> 0 | AL31: ='FS Desroches Daily'!BR33 -> 0 | AM31: ='FS Desroches Daily'!BT33 -> 0 | AN31: ='FS Desroches Daily'!BV33 -> 0 | AO31: ='FS Desroches Daily'!BX33 -> 0 | AP31: ='FS Desroches Daily'!BZ33 -> 0 | AQ31: ='FS Desroches Daily'!CB33 -> 0 | AR31: ='FS Desroches Daily'!CD33 -> 0 | AS31: ='FS Desroches Daily'!CF33 -> 0 | AT31: ='FS Desroches Daily'!CH33 -> 0 | AU31: ='FS Desroches Daily'!CJ33 -> 0 | AV31: ='FS Desroches Daily'!CL33 -> 0 | AW31: ='FS Desroches Daily'!CM33 -> 0 | AX31: =IF(LPG!F39-LPG!F37<0,"0",(LPG!F39-LPG!F37)*1.8315) -> 0 | AY31: =IF(LPG!G38-LPG!G37<0,"0",(LPG!G38-LPG!G37)*1.8315) -> 0 | AZ31: =IF(LPG!H39-LPG!H37<0,"0",(LPG!H39-LPG!H37)*1.8315) -> 0 | BA31: =IF(LPG!M39-LPG!M37<0,"0",(LPG!M39-LPG!M37)*1.8315) -> 0 | BB31: =IF(LPG!Q38-LPG!Q37<0,"0",(LPG!Q38-LPG!Q37)*1.8315) -> 0 | BC31: ='FS Desroches Daily'!CN33 -> 0
A32: Seychelles at Desroches Island | B32: 31 | C32: 7 | D32: 2022 | E32: ='FS Desroches Daily'!D34 -> 0 | F32: ='FS Desroches Daily'!F34 -> 0 | G32: ='FS Desroches Daily'!H34 -> 0 | H32: ='FS Desroches Daily'!J34 -> 0 | I32: ='FS Desroches Daily'!L34 -> 0 | J32: ='FS Desroches Daily'!N34 -> 0 | K32: ='FS Desroches Daily'!P34 -> 0 | L32: ='FS Desroches Daily'!R34 -> 0 | M32: ='FS Desroches Daily'!T34 -> 0 | N32: ='FS Desroches Daily'!V34 -> 0 | O32: ='FS Desroches Daily'!X34 -> 0 | P32: ='FS Desroches Daily'!Z34 -> 0 | Q32: ='FS Desroches Daily'!AB34 -> 0 | R32: ='FS Desroches Daily'!AD34 -> 0 | S32: ='FS Desroches Daily'!AF34 -> 0 | T32: ='FS Desroches Daily'!AH34 -> 0 | U32: ='FS Desroches Daily'!AJ34 -> 0 | V32: ='FS Desroches Daily'!AL34 -> 0 | W32: ='FS Desroches Daily'!AN34 -> 0 | X32: ='FS Desroches Daily'!AP34 -> 0 | Y32: ='FS Desroches Daily'!AR34 -> 0 | Z32: ='FS Desroches Daily'!AT34 -> 0 | AA32: ='FS Desroches Daily'!AT34 -> 0 | AB32: ='FS Desroches Daily'!AV34 -> 0 | AC32: ='FS Desroches Daily'!AZ34 -> 0 | AD32: ='FS Desroches Daily'!BB34 -> 0 | AE32: ='FS Desroches Daily'!BD34 -> 0 | AF32: ='FS Desroches Daily'!BF34 -> 0 | AG32: ='FS Desroches Daily'!BH34 -> 0 | AH32: ='FS Desroches Daily'!BJ34 -> 0 | AI32: ='FS Desroches Daily'!BL34 -> 0 | AJ32: ='FS Desroches Daily'!BN34 -> 0 | AK32: ='FS Desroches Daily'!BP34 -> 0 | AL32: ='FS Desroches Daily'!BR34 -> 0 | AM32: ='FS Desroches Daily'!BT34 -> 0 | AN32: ='FS Desroches Daily'!BV34 -> 0 | AO32: ='FS Desroches Daily'!BX34 -> 0 | AP32: ='FS Desroches Daily'!BZ34 -> 0 | AQ32: ='FS Desroches Daily'!CB34 -> 0 | AR32: ='FS Desroches Daily'!CD34 -> 0 | AS32: ='FS Desroches Daily'!CF34 -> 0 | AT32: ='FS Desroches Daily'!CH34 -> 0 | AU32: ='FS Desroches Daily'!CJ34 -> 0 | AV32: ='FS Desroches Daily'!CL34 -> 0 | AW32: ='FS Desroches Daily'!CM34 -> 0 | AX32: =IF(LPG!F40-LPG!F38<0,"0",(LPG!F40-LPG!F38)*1.8315) -> 0 | AY32: =IF(LPG!G39-LPG!G38<0,"0",(LPG!G39-LPG!G38)*1.8315) -> 0 | AZ32: =IF(LPG!H40-LPG!H38<0,"0",(LPG!H40-LPG!H38)*1.8315) -> 0 | BA32: =IF(LPG!M40-LPG!M38<0,"0",(LPG!M40-LPG!M38)*1.8315) -> 0 | BB32: =IF(LPG!Q39-LPG!Q38<0,"0",(LPG!Q39-LPG!Q38)*1.8315) -> 0 | BC32: ='FS Desroches Daily'!CN34 -> 0
E33: =SUM(E2:E32) -> 8100 | F33: =SUM(F2:F32) -> 12200 | G33: =SUM(G2:G32) -> 12700 | H33: =SUM(H2:H32) -> 5400 | I33: =SUM(I2:I32) -> 7800 | J33: =SUM(J2:J32) -> 6000 | K33: =SUM(K2:K32) -> 93 | L33: =SUM(L2:L32) -> 8 | ... AV33: =SUM(AV2:AV32) -> 3500 | AW33: ='FS Desroches Daily'!CM35 -> 0 | AX33: =IF(LPG!F41-LPG!F39<0,"0",(LPG!F41-LPG!F39)*1.8315) -> 0 | AY33: =IF(LPG!G40-LPG!G39<0,"0",(LPG!G40-LPG!G39)*1.8315) -> 0 | AZ33: =IF(LPG!H41-LPG!H39<0,"0",(LPG!H41-LPG!H39)*1.8315) -> 0 | BA33: =IF(LPG!M41-LPG!M39<0,"0",(LPG!M41-LPG!M39)*1.8315) -> 0 | BB33: =IF(LPG!Q40-LPG!Q39<0,"0",(LPG!Q40-LPG!Q39)*1.8315) -> 0 | BC33: ='FS Desroches Daily'!CN35 -> 0
E35: =E33/E37 -> 0.22792504 | G35: =G33-M36 -> 11246.5 | AE35: =SUM(U33:AE33) -> 7580.86 | AG35: =SUM(AG33:AP33) -> 1847.97
G36: =G35-633*14 -> 2384.5 | M36: =M33+N33 -> 1453.5
E37: =E33+F33+G33+H33+J33-633*14 -> 35538 | G37: =M36/E37 -> 0.040899882 | M37: =AE35 -> 7580.86
L38: =M38/E37 -> 0.051999831 | M38: =AG35 -> 1847.97
E39: =19000/30 -> 633.33333

Sheet FS Desroches Daily
A1: Days | C1: TRF CQ6 (GWH) | E1: TRF FQ7 (GWH) | G1: MSB BOH Q8 (GWH) | I1: EX MAIN Q3 (GWH) | K1: TRF DQ2 (GWH) | M1: TRF B Q1 (GWH) | O1: CANCAN shop (KWH) | Q1: CANCAN store (KWH) | S1: laundry EQU P D.B (KWH) | U1: laundry lighting (KWH) | W1: PANTRY 1 MSB-F (MWH) | Y1: PANTRY 2 MSB-E M-kitchen (GWH) | AA1: SPA LIGHT HOUSE MSB-A1 (MWH) | AC1: PANTRY 3 MSB-A near v 22 (MWH) | AE1: PANTRY 4 MSB-B near v 33 (MWH) | AG1: VMC (KWH) | AI1: VILLA 100 (MWH) | AK1: VILLA 101 (MWH) | AM1: VILLA 102 (MWH) | AO1: VILLA 103 (MWH) | AQ1: VILLA 104 (MWH) | AS1: VILLA 105 (MWH) | AU1: VILLA 106 (MWH) | AW1: VILLA 107 (MWH) | AY1: VILLA 108 (MWH) | BA1: VILLA 109 (MWH) | BC1: VILLA 110 (MWH) | BE1: KUMAR& KUMAR | BG1: BLOCK 15 | BI1: BLOCK 16 | BK1: BLOCK 17 | BM1: BLOCK 18 | BO1: BLOCK 19 | BQ1: BLOCK 20 | BS1: BLOCK 21 | BU1: BLOCK 22 | BW1: BLOCK 23 | BY1: BLOCK 24 | CA1: Exhaust Kitchen (Main) | CC1: Exhaust Kitchen (Breakfast) | CE1: Exhaust Lighthouse | CG1: Exhaust Canteen | CI1: Cold Store | CK1: RO Plant | CM1: Water | CP1: Water HOTEL | CR1: Water RES | CT1: PVILLA E-HOUSE LEFT | CV1: PVILLA E-HOUSE RIGHT | CX1: Total Renewable Energy Production (KWH) (KWH)
A2: Date | C2: Reading GWH | D2: Difference KWH | E2: Reading GWH | F2: Difference KWH | G2: Reading GWH | H2: Difference KWH | I2: Reading GWH | J2: Difference KWH | K2: Reading GWH | L2: Difference KWH | M2: Reading MWH | N2: Difference KWH | O2: Reading KWH | P2: Difference KWH | Q2: Reading KWH | R2: Difference KWH | S2: Reading KWH | T2: Difference KWH | U2: Reading KWH | V2: Difference KWH | W2: Reading MWH | X2: Difference KWH | Y2: Reading GWH | Z2: Difference KWH | AA2: Reading MWH | AB2: Difference KWH | AC2: Reading MWH | AD2: Difference KWH | AE2: Reading MWH | AF2: Difference KWH | AG2: Reading KWH | AH2: Difference KWH | AI2: Reading MWH | AJ2: Difference KWH | AK2: Reading KWH | AL2: Difference KWH | AM2: Reading KWH | AN2: Difference KWH | AO2: Reading KWH | AP2: Difference KWH | AQ2: Reading MWH | AR2: Difference KWH | AS2: Reading MWH | AT2: Difference KWH | AU2: Reading MWH | AV2: Difference KWH | AW2: Reading MWH | AX2: Difference KWH | AY2: Reading MWH | AZ2: Difference KWH | BA2: Reading MWH | BB2: Difference KWH | BC2: Reading MWH | BD2: Difference KWH | BE2: Reading KWH | BF2: Difference KWH | BG2: Reading MWH | BH2: Difference KWH | BI2: Reading MWH | BJ2: Difference KWH | BK2: Reading MWH | BL2: Difference KWH | BM2: Reading MWH | BN2: Difference KWH | BO2: Reading MWH | BP2: Difference KWH | BQ2: Reading KWH | BR2: Difference KWH | BS2: Reading MWH | BT2: Difference KWH | BU2: Reading KWH | BV2: Difference KWH | BW2: Reading MWH | BX2: Difference KWH | BY2: Reading KWH | BZ2: Difference KWH | CA2: Reading KWH | CB2: Difference KWH | CC2: Reading KWH | CD2: Difference KWH | CE2: Reading KWH | CF2: Difference KWH | CG2: Reading KWH | CH2: Difference KWH | CI2: Reading KWH | CJ2: Difference KWH | CK2: Reading MWH | CL2: Difference KWH | CM2: m3 | CN2: ROOM NIGHTS | CO2: TOTAL GUESTS | CP2: Reading m3 | CQ2: Difference | CR2: Reading m3 | CS2: Difference | CT2: Reading KWH | CU2: Difference KWH | CV2: Reading KWH | CW2: Difference KWH | CX2: Reading KWH | CY2: Difference KWH
A3: 44744 | C3: 3.3181 | D3: =IF((C3-C2<0), "0",(C3-C2)*1000000) -> #VALUE! | E3: 4.4379 | F3: =IF((E3-E2<0), "0",(E3-E2)*1000000) -> #VALUE! | G3: 4.4 | H3: =IF((G3-G2<0), "0",(G3-G2)*1000000) -> #VALUE! | I3: 2.2099 | J3: =IF((I3-I2<0), "0",(I3-I2)*1000000) -> #VALUE! | K3: 3.4354 | L3: =IF((K3-K2<0), "0",(K3-K2)*1000000) -> #VALUE! | M3: 1.999 | N3: =IF((M3-M2<0), "",(M3-M2)*1000000) -> #VALUE! | O3: 21969 | P3: =IF((O3-O2<0), "",O3-O2) -> #VALUE! | Q3: 2712 | R3: =IF((Q3-Q2<0), "",Q3-Q2) -> #VALUE! | S3: 1390.2 | T3: =IF((S3-S2<0), "",S3-S2) -> #VALUE! | U3: 566409.9 | V3: =IF((U3-U2<0), "",U3-U2) -> #VALUE! | W3: 523.37 | X3: =IF((W3-W2<0), "",(W3-W2)*1000) -> #VALUE! | Y3: 3.9037 | Z3: =IF((Y3-Y2<0), "",(Y3-Y2)*1000000) -> #VALUE! | AA3: 528.11 | AB3: =IF((AA3-AA2<0), "",(AA3-AA2)*1000) -> #VALUE! | AC3: 522.01 | AD3: =IF((AC3-AC2<0), "",(AC3-AC2)*1000) -> #VALUE! | AE3: 786.1 | AF3: =IF((AE3-AE2<0), "",(AE3-AE2)*1000) -> #VALUE! | AG3: 18659 | AH3: =IF((AG3-AG2<0), "",AG3-AG2) -> #VALUE! | AI3: 882.69 | AJ3: =IF((AI3-AI2<0), "",(AI3-AI2)*1000) -> #VALUE! | AK3: 294.72 | AL3: =IF((AK3-AK2<0), "",(AK3-AK2)*1000) -> #VALUE! | AM3: 274.21 | AN3: =IF((AM3-AM2<0), "",(AM3-AM2)*1000) -> #VALUE! | AO3: 264.71 | AP3: =IF((AO3-AO2<0), "",(AO3-AO2)*1000) -> #VALUE! | AQ3: 319.42 | AR3: =IF((AQ3-AQ2<0), "",(AQ3-AQ2)*1000) -> #VALUE! | AS3: 444.72 | AT3: =IF((AS3-AS2<0), "",(AS3-AS2)*1000) -> #VALUE! | AU3: 353.56 | AV3: =IF((AU3-AU2<0), "",(AU3-AU2)*1000) -> #VALUE! | AW3: 382.3 | AX3: =IF((AW3-AW2<0), "",(AW3-AW2)*1000) -> #VALUE! | AY3: 415.74 | AZ3: =IF((AY3-AY2<0), "",(AY3-AY2)*1000) -> #VALUE! | BA3: 435.22 | BB3: =IF((BA3-BA2<0), "",(BA3-BA2)*1000) -> #VALUE! | BC3: 280.33 | BD3: =IF((BC3-BC2<0), "",(BC3-BC2)*1000) -> #VALUE! | BE3: 52359 | BF3: =IF((BE3-BE2<0), "",BE3-BE2) -> #VALUE! | BG3: 249.81 | BH3: =IF((BG3-BG2<0), "",(BG3-BG2)*1000) -> #VALUE! | BI3: 304.46 | BJ3: =IF((BI3-BI2<0), "",(BI3-BI2)*1000) -> #VALUE! | BK3: 253.68 | BL3: =IF((BK3-BK2<0), "",(BK3-BK2)*1000) -> #VALUE! | BM3: 239.6 | BN3: =IF((BM3-BM2<0), "",(BM3-BM2)*1000) -> #VALUE! | BO3: 307.82 | BP3: =IF((BO3-BO2<0), "",(BO3-BO2)*1000) -> #VALUE! | BQ3: 57871 | BR3: =IF((BQ3-BQ2<0), "",BQ3-BQ2) -> #VALUE! | BS3: 217.38 | BT3: =IF((BS3-BS2<0), "",(BS3-BS2)*1000) -> #VALUE! | BU3: 55701 | BV3: =IF((BU3-BU2<0), "",BU3-BU2) -> #VALUE! | BW3: 245.52 | BX3: =IF((BW3-BW2<0), "",(BW3-BW2)*1000) -> #VALUE! | BY3: 75619 | BZ3: =IF((BY3-BY2<0), "",BY3-BY2) -> #VALUE! | CA3: 50335.7 | CB3: =IF((CA3-CA2<0), "",CA3-CA2) -> #VALUE! | CC3: 16136.8 | CD3: =IF((CC3-CC2<0), "",CC3-CC2) -> #VALUE! | CE3: 8289.2 | CF3: =IF((CE3-CE2<0), "",CE3-CE2) -> #VALUE! | CG3: 76361.1 | CH3: =IF((CG3-CG2<0), "",CG3-CG2) -> #VALUE! | CI3: 1058130 | CJ3: =IF((CI3-CI2<0), "",CI3-CI2) -> #VALUE! | CK3: 1028 | CL3: =IF((CK3-CK2<0), "",(CK3-CK2)*1000) -> #VALUE! | CM3: =CQ3+CS3 -> #VALUE! | CN3: 24 | CO3: 48 | CP3: 33551 | CQ3: =IF((CP3-CP2<0), "",CP3-CP2) -> #VALUE! | CR3: 22292 | CS3: =IF((CR3-CR2<0), "",CR3-CR2) -> #VALUE! | CT3: 10675 | CU3: =IF((CT3-CT2<0), "",CT3-CT2) -> #VALUE! | CV3: 25304 | CW3: =IF((CV3-CV2<0), "",CV3-CV2) -> #VALUE! | CX3: 3444.5 | CY3: =IF((CX3-CX2<0), "",CX3-CX2) -> #VALUE!
A4: 44745 | C4: 3.3201 | D4: =IF((C4-C3<0), "0",(C4-C3)*1000000) -> 2000 | E4: 4.441 | F4: =IF((E4-E3<0), "0",(E4-E3)*1000000) -> 3100 | G4: 4.4033 | H4: =IF((G4-G3<0), "0",(G4-G3)*1000000) -> 3300 | I4: 2.2113 | J4: =IF((I4-I3<0), "0",(I4-I3)*1000000) -> 1400 | K4: 3.4373 | L4: =IF((K4-K3<0), "0",(K4-K3)*1000000) -> 1900 | M4: 2.0006 | N4: =IF((M4-M3<0), "",(M4-M3)*1000000) -> 1600 | O4: 21988 | P4: =IF((O4-O3<0), "",O4-O3) -> 19 | Q4: 2714 | R4: =IF((Q4-Q3<0), "",Q4-Q3) -> 2 | S4: 1391.7 | T4: =IF((S4-S3<0), "",S4-S3) -> 1.5 | U4: 566881.4 | V4: =IF((U4-U3<0), "",U4-U3) -> 471.5 | W4: 523.7 | X4: =IF((W4-W3<0), "",(W4-W3)*1000) -> 330 | Y4: 3.9067 | Z4: =IF((Y4-Y3<0), "",(Y4-Y3)*1000000) -> 3000 | AA4: 528.5 | AB4: =IF((AA4-AA3<0), "",(AA4-AA3)*1000) -> 390 | AC4: 522.27 | AD4: =IF((AC4-AC3<0), "",(AC4-AC3)*1000) -> 260 | AE4: 786.91 | AF4: =IF((AE4-AE3<0), "",(AE4-AE3)*1000) -> 810 | AG4: 18686 | AH4: =IF((AG4-AG3<0), "",AG4-AG3) -> 27 | AI4: 883.23 | AJ4: =IF((AI4-AI3<0), "",(AI4-AI3)*1000) -> 540 | AK4: 294.95 | AL4: =IF((AK4-AK3<0), "",(AK4-AK3)*1000) -> 230 | AM4: 274.41 | AN4: =IF((AM4-AM3<0), "",(AM4-AM3)*1000) -> 200 | AO4: 264.85 | AP4: =IF((AO4-AO3<0), "",(AO4-AO3)*1000) -> 140 | AQ4: 319.59 | AR4: =IF((AQ4-AQ3<0), "",(AQ4-AQ3)*1000) -> 170 | AS4: 444.8 | AT4: =IF((AS4-AS3<0), "",(AS4-AS3)*1000) -> 80 | AU4: 353.68 | AV4: =IF((AU4-AU3<0), "",(AU4-AU3)*1000) -> 120 | AW4: 382.34 | AX4: =IF((AW4-AW3<0), "",(AW4-AW3)*1000) -> 40 | AY4: 415.89 | AZ4: =IF((AY4-AY3<0), "",(AY4-AY3)*1000) -> 150 | BA4: 435.34 | BB4: =IF((BA4-BA3<0), "",(BA4-BA3)*1000) -> 120 | BC4: 280.38 | BD4: =IF((BC4-BC3<0), "",(BC4-BC3)*1000) -> 50 | BE4: 52378 | BF4: =IF((BE4-BE3<0), "",BE4-BE3) -> 19 | BG4: 249.84 | BH4: =IF((BG4-BG3<0), "",(BG4-BG3)*1000) -> 30 | BI4: 304.49 | BJ4: =IF((BI4-BI3<0), "",(BI4-BI3)*1000) -> 30 | BK4: 253.72 | BL4: =IF((BK4-BK3<0), "",(BK4-BK3)*1000) -> 40 | BM4: 239.62 | BN4: =IF((BM4-BM3<0), "",(BM4-BM3)*1000) -> 20 | BO4: 307.85 | BP4: =IF((BO4-BO3<0), "",(BO4-BO3)*1000) -> 30 | BQ4: 57898 | BR4: =IF((BQ4-BQ3<0), "",BQ4-BQ3) -> 27 | BS4: 217.42 | BT4: =IF((BS4-BS3<0), "",(BS4-BS3)*1000) -> 40 | BU4: 55734 | BV4: =IF((BU4-BU3<0), "",BU4-BU3) -> 33 | BW4: 245.55 | BX4: =IF((BW4-BW3<0), "",(BW4-BW3)*1000) -> 30 | BY4: 75658 | BZ4: =IF((BY4-BY3<0), "",BY4-BY3) -> 39 | CA4: 50391.8 | CB4: =IF((CA4-CA3<0), "",CA4-CA3) -> 56.1 | CC4: 16150.3 | CD4: =IF((CC4-CC3<0), "",CC4-CC3) -> 13.5 | CE4: 8293.7 | CF4: =IF((CE4-CE3<0), "",CE4-CE3) -> 4.5 | CG4: 76402.8 | CH4: =IF((CG4-CG3<0), "",CG4-CG3) -> 41.7 | CI4: 1058426 | CJ4: =IF((CI4-CI3<0), "",CI4-CI3) -> 296 | CK4: 1028.9 | CL4: =IF((CK4-CK3<0), "",(CK4-CK3)*1000) -> 900 | CM4: =CQ4+CS4 -> 87 | CN4: 29 | CO4: 63 | CP4: 33626 | CQ4: =IF((CP4-CP3<0), "",CP4-CP3) -> 75 | CR4: 22304 | CS4: =IF((CR4-CR3<0), "",CR4-CR3) -> 12 | CT4: 10682 | CU4: =IF((CT4-CT3<0), "",CT4-CT3) -> 7 | CV4: 25329 | CW4: =IF((CV4-CV3<0), "",CV4-CV3) -> 25 | CX4: 3455.8 | CY4: =IF((CX4-CX3<0), "",CX4-CX3) -> 11.3
A5: 44746 | C5: 3.3222 | D5: =IF((C5-C4<0), "0",(C5-C4)*1000000) -> 2100 | E5: 4.4439 | F5: =IF((E5-E4<0), "0",(E5-E4)*1000000) -> 2900 | G5: 4.4064 | H5: =IF((G5-G4<0), "0",(G5-G4)*1000000) -> 3100 | I5: 2.2126 | J5: =IF((I5-I4<0), "0",(I5-I4)*1000000) -> 1300 | K5: 3.4393 | L5: =IF((K5-K4<0), "0",(K5-K4)*1000000) -> 2000 | M5: 2.0022 | N5: =IF((M5-M4<0), "",(M5-M4)*1000000) -> 1600 | O5: 21999 | P5: =IF((O5-O4<0), "",O5-O4) -> 11 | Q5: 2717 | R5: =IF((Q5-Q4<0), "",Q5-Q4) -> 3 | S5: 1392.9 | T5: =IF((S5-S4<0), "",S5-S4) -> 1.2 | U5: 567206.1 | V5: =IF((U5-U4<0), "",U5-U4) -> 324.7 | W5: 524 | X5: =IF((W5-W4<0), "",(W5-W4)*1000) -> 300 | Y5: 3.9094 | Z5: =IF((Y5-Y4<0), "",(Y5-Y4)*1000000) -> 2700 | AA5: 528.87 | AB5: =IF((AA5-AA4<0), "",(AA5-AA4)*1000) -> 370 | AC5: 522.76 | AD5: =IF((AC5-AC4<0), "",(AC5-AC4)*1000) -> 490 | AE5: 787.63 | AF5: =IF((AE5-AE4<0), "",(AE5-AE4)*1000) -> 720 | AG5: 18712 | AH5: =IF((AG5-AG4<0), "",AG5-AG4) -> 26 | AI5: 883.74 | AJ5: =IF((AI5-AI4<0), "",(AI5-AI4)*1000) -> 510 | AK5: 295.19 | AL5: =IF((AK5-AK4<0), "",(AK5-AK4)*1000) -> 240 | AM5: 274.55 | AN5: =IF((AM5-AM4<0), "",(AM5-AM4)*1000) -> 140 | AO5: 265 | AP5: =IF((AO5-AO4<0), "",(AO5-AO4)*1000) -> 150 | AQ5: 319.78 | AR5: =IF((AQ5-AQ4<0), "",(AQ5-AQ4)*1000) -> 190 | AS5: 444.87 | AT5: =IF((AS5-AS4<0), "",(AS5-AS4)*1000) -> 70 | AU5: 353.83 | AV5: =IF((AU5-AU4<0), "",(AU5-AU4)*1000) -> 150 | AW5: 382.47 | AX5: =IF((AW5-AW4<0), "",(AW5-AW4)*1000) -> 130 | AY5: 416.05 | AZ5: =IF((AY5-AY4<0), "",(AY5-AY4)*1000) -> 160 | BA5: 435.48 | BB5: =IF((BA5-BA4<0), "",(BA5-BA4)*1000) -> 140 | BC5: 280.44 | BD5: =IF((BC5-BC4<0), "",(BC5-BC4)*1000) -> 60 | BE5: 52401 | BF5: =IF((BE5-BE4<0), "",BE5-BE4) -> 23 | BG5: 249.87 | BH5: =IF((BG5-BG4<0), "",(BG5-BG4)*1000) -> 30 | BI5: 304.52 | BJ5: =IF((BI5-BI4<0), "",(BI5-BI4)*1000) -> 30 | BK5: 253.76 | BL5: =IF((BK5-BK4<0), "",(BK5-BK4)*1000) -> 40 | BM5: 239.65 | BN5: =IF((BM5-BM4<0), "",(BM5-BM4)*1000) -> 30 | BO5: 307.88 | BP5: =IF((BO5-BO4<0), "",(BO5-BO4)*1000) -> 30 | BQ5: 57925 | BR5: =IF((BQ5-BQ4<0), "",BQ5-BQ4) -> 27 | BS5: 217.45 | BT5: =IF((BS5-BS4<0), "",(BS5-BS4)*1000) -> 30 | BU5: 55768 | BV5: =IF((BU5-BU4<0), "",BU5-BU4) -> 34 | BW5: 245.59 | BX5: =IF((BW5-BW4<0), "",(BW5-BW4)*1000) -> 40 | BY5: 75696 | BZ5: =IF((BY5-BY4<0), "",BY5-BY4) -> 38 | CA5: 50446.6 | CB5: =IF((CA5-CA4<0), "",CA5-CA4) -> 54.8 | CC5: 16160.2 | CD5: =IF((CC5-CC4<0), "",CC5-CC4) -> 9.9 | CE5: 8301 | CF5: =IF((CE5-CE4<0), "",CE5-CE4) -> 7.3 | CG5: 76457.1 | CH5: =IF((CG5-CG4<0), "",CG5-CG4) -> 54.3 | CI5: 1058693 | CJ5: =IF((CI5-CI4<0), "",CI5-CI4) -> 267 | CK5: 1029.8 | CL5: =IF((CK5-CK4<0), "",(CK5-CK4)*1000) -> 900 | CM5: =CQ5+CS5 -> 91 | CN5: 29 | CO5: 63 | CP5: 33700 | CQ5: =IF((CP5-CP4<0), "",CP5-CP4) -> 74 | CR5: 22321 | CS5: =IF((CR5-CR4<0), "",CR5-CR4) -> 17 | CT5: 10689 | CU5: =IF((CT5-CT4<0), "",CT5-CT4) -> 7 | CV5: 25353 | CW5: =IF((CV5-CV4<0), "",CV5-CV4) -> 24 | CX5: 3467 | CY5: =IF((CX5-CX4<0), "",CX5-CX4) -> 11.2
A6: 44747 | C6: 3.3242 | D6: =IF((C6-C5<0), "0",(C6-C5)*1000000) -> 2000 | E6: 4.447 | F6: =IF((E6-E5<0), "0",(E6-E5)*1000000) -> 3100 | G6: 4.4095 | H6: =IF((G6-G5<0), "0",(G6-G5)*1000000) -> 3100 | I6: 2.214 | J6: =IF((I6-I5<0), "0",(I6-I5)*1000000) -> 1400 | K6: 3.4412 | L6: =IF((K6-K5<0), "0",(K6-K5)*1000000) -> 1900 | M6: 2.0037 | N6: =IF((M6-M5<0), "",(M6-M5)*1000000) -> 1500 | O6: 22038 | P6: =IF((O6-O5<0), "",O6-O5) -> 39 | Q6: 2718 | R6: =IF((Q6-Q5<0), "",Q6-Q5) -> 1 | S6: 1393.8 | T6: =IF((S6-S5<0), "",S6-S5) -> 0.9 | U6: 567474.7 | V6: =IF((U6-U5<0), "",U6-U5) -> 268.6 | W6: 524.26 | X6: =IF((W6-W5<0), "",(W6-W5)*1000) -> 260 | Y6: 3.9119 | Z6: =IF((Y6-Y5<0), "",(Y6-Y5)*1000000) -> 2500 | AA6: 529.23 | AB6: =IF((AA6-AA5<0), "",(AA6-AA5)*1000) -> 360 | AC6: 523.08 | AD6: =IF((AC6-AC5<0), "",(AC6-AC5)*1000) -> 320 | AE6: 788.25 | AF6: =IF((AE6-AE5<0), "",(AE6-AE5)*1000) -> 620 | AG6: 18738 | AH6: =IF((AG6-AG5<0), "",AG6-AG5) -> 26 | AI6: 884.2 | AJ6: =IF((AI6-AI5<0), "",(AI6-AI5)*1000) -> 460 | AK6: 295.39 | AL6: =IF((AK6-AK5<0), "",(AK6-AK5)*1000) -> 200 | AM6: 274.68 | AN6: =IF((AM6-AM5<0), "",(AM6-AM5)*1000) -> 130 | AO6: 265.11 | AP6: =IF((AO6-AO5<0), "",(AO6-AO5)*1000) -> 110 | AQ6: 319.93 | AR6: =IF((AQ6-AQ5<0), "",(AQ6-AQ5)*1000) -> 150 | AS6: 444.93 | AT6: =IF((AS6-AS5<0), "",(AS6-AS5)*1000) -> 60 | AU6: 353.97 | AV6: =IF((AU6-AU5<0), "",(AU6-AU5)*1000) -> 140 | AW6: 382.59 | AX6: =IF((AW6-AW5<0), "",(AW6-AW5)*1000) -> 120 | AY6: 416.16 | AZ6: =IF((AY6-AY5<0), "",(AY6-AY5)*1000) -> 110 | BA6: 435.59 | BB6: =IF((BA6-BA5<0), "",(BA6-BA5)*1000) -> 110 | BC6: 280.51 | BD6: =IF((BC6-BC5<0), "",(BC6-BC5)*1000) -> 70 | BE6: 52416 | BF6: =IF((BE6-BE5<0), "",BE6-BE5) -> 15 | BG6: 249.9 | BH6: =IF((BG6-BG5<0), "",(BG6-BG5)*1000) -> 30 | BI6: 304.55 | BJ6: =IF((BI6-BI5<0), "",(BI6-BI5)*1000) -> 30 | BK6: 253.8 | BL6: =IF((BK6-BK5<0), "",(BK6-BK5)*1000) -> 40 | BM6: 239.68 | BN6: =IF((BM6-BM5<0), "",(BM6-BM5)*1000) -> 30 | BO6: 307.91 | BP6: =IF((BO6-BO5<0), "",(BO6-BO5)*1000) -> 30 | BQ6: 57954 | BR6: =IF((BQ6-BQ5<0), "",BQ6-BQ5) -> 29 | BS6: 217.49 | BT6: =IF((BS6-BS5<0), "",(BS6-BS5)*1000) -> 40 | BU6: 55801 | BV6: =IF((BU6-BU5<0), "",BU6-BU5) -> 33 | BW6: 245.61 | BX6: =IF((BW6-BW5<0), "",(BW6-BW5)*1000) -> 20 | BY6: 75729 | BZ6: =IF((BY6-BY5<0), "",BY6-BY5) -> 33 | CA6: 50498.2 | CB6: =IF((CA6-CA5<0), "",CA6-CA5) -> 51.6 | CC6: 16167.8 | CD6: =IF((CC6-CC5<0), "",CC6-CC5) -> 7.6 | CE6: 8301 | CF6: =IF((CE6-CE5<0), "",CE6-CE5) -> 0 | CG6: 76501.5 | CH6: =IF((CG6-CG5<0), "",CG6-CG5) -> 44.4 | CI6: 1058958 | CJ6: =IF((CI6-CI5<0), "",CI6-CI5) -> 265 | CK6: 1030.6 | CL6: =IF((CK6-CK5<0), "",(CK6-CK5)*1000) -> 800 | CM6: =CQ6+CS6 -> 93 | CN6: 29 | CO6: 63 | CP6: 33773 | CQ6: =IF((CP6-CP5<0), "",CP6-CP5) -> 73 | CR6: 22341 | CS6: =IF((CR6-CR5<0), "",CR6-CR5) -> 20 | CT6: 10696 | CU6: =IF((CT6-CT5<0), "",CT6-CT5) -> 7 | CV6: 25381 | CW6: =IF((CV6-CV5<0), "",CV6-CV5) -> 28 | CX6: 3478 | CY6: =IF((CX6-CX5<0), "",CX6-CX5) -> 11
A7: 44748 | C7: 3.3262 | D7: =IF((C7-C6<0), "0",(C7-C6)*1000000) -> 2000 | E7: 4.4501 | F7: =IF((E7-E6<0), "0",(E7-E6)*1000000) -> 3100 | G7: 4.4127 | H7: =IF((G7-G6<0), "0",(G7-G6)*1000000) -> 3200 | I7: 2.2153 | J7: =IF((I7-I6<0), "0",(I7-I6)*1000000) -> 1300 | K7: 3.4432 | L7: =IF((K7-K6<0), "0",(K7-K6)*1000000) -> 2000 | M7: 2.005 | N7: =IF((M7-M6<0), "",(M7-M6)*1000000) -> 1300 | O7: 22062 | P7: =IF((O7-O6<0), "",O7-O6) -> 24 | Q7: 2720 | R7: =IF((Q7-Q6<0), "",Q7-Q6) -> 2 | S7: 1395.1 | T7: =IF((S7-S6<0), "",S7-S6) -> 1.3 | U7: 567858.5 | V7: =IF((U7-U6<0), "",U7-U6) -> 383.8 | W7: 524.57 | X7: =IF((W7-W6<0), "",(W7-W6)*1000) -> 310 | Y7: 3.9149 | Z7: =IF((Y7-Y6<0), "",(Y7-Y6)*1000000) -> 3000 | AA7: 529.46 | AB7: =IF((AA7-AA6<0), "",(AA7-AA6)*1000) -> 230 | AC7: 523.43 | AD7: =IF((AC7-AC6<0), "",(AC7-AC6)*1000) -> 350 | AE7: 788.99 | AF7: =IF((AE7-AE6<0), "",(AE7-AE6)*1000) -> 740 | AG7: 18766 | AH7: =IF((AG7-AG6<0), "",AG7-AG6) -> 28 | AI7: 884.71 | AJ7: =IF((AI7-AI6<0), "",(AI7-AI6)*1000) -> 510 | AK7: 295.61 | AL7: =IF((AK7-AK6<0), "",(AK7-AK6)*1000) -> 220 | AM7: 274.84 | AN7: =IF((AM7-AM6<0), "",(AM7-AM6)*1000) -> 160 | AO7: 265.24 | AP7: =IF((AO7-AO6<0), "",(AO7-AO6)*1000) -> 130 | AQ7: 320.08 | AR7: =IF((AQ7-AQ6<0), "",(AQ7-AQ6)*1000) -> 150 | AS7: 445.06 | AT7: =IF((AS7-AS6<0), "",(AS7-AS6)*1000) -> 130 | AU7: 354.11 | AV7: =IF((AU7-AU6<0), "",(AU7-AU6)*1000) -> 140 | AW7: 382.74 | AX7: =IF((AW7-AW6<0), "",(AW7-AW6)*1000) -> 150 | AY7: 416.27 | AZ7: =IF((AY7-AY6<0), "",(AY7-AY6)*1000) -> 110 | BA7: 435.69 | BB7: =IF((BA7-BA6<0), "",(BA7-BA6)*1000) -> 100 | BC7: 280.6 | BD7: =IF((BC7-BC6<0), "",(BC7-BC6)*1000) -> 90 | BF7: =IF((BE7-BE6<0), "",BE7-BE6) | BG7: 249.93 | BH7: =IF((BG7-BG6<0), "",(BG7-BG6)*1000) -> 30 | BI7: 304.57 | BJ7: =IF((BI7-BI6<0), "",(BI7-BI6)*1000) -> 20 | BK7: 253.84 | BL7: =IF((BK7-BK6<0), "",(BK7-BK6)*1000) -> 40 | BM7: 239.71 | BN7: =IF((BM7-BM6<0), "",(BM7-BM6)*1000) -> 30 | BO7: 307.95 | BP7: =IF((BO7-BO6<0), "",(BO7-BO6)*1000) -> 40 | BQ7: 57987 | BR7: =IF((BQ7-BQ6<0), "",BQ7-BQ6) -> 33 | BS7: 217.52 | BT7: =IF((BS7-BS6<0), "",(BS7-BS6)*1000) -> 30 | BU7: 55834 | BV7: =IF((BU7-BU6<0), "",BU7-BU6) -> 33 | BW7: 245.65 | BX7: =IF((BW7-BW6<0), "",(BW7-BW6)*1000) -> 40 | BY7: 75764 | BZ7: =IF((BY7-BY6<0), "",BY7-BY6) -> 35 | CA7: 50549.1 | CB7: =IF((CA7-CA6<0), "",CA7-CA6) -> 50.9 | CC7: 16178.5 | CD7: =IF((CC7-CC6<0), "",CC7-CC6) -> 10.7 | CF7: =IF((CE7-CE6<0), "",CE7-CE6) | CG7: 76551.7 | CH7: =IF((CG7-CG6<0), "",CG7-CG6) -> 50.2 | CI7: 1059226 | CJ7: =IF((CI7-CI6<0), "",CI7-CI6) -> 268 | CK7: 1031.5 | CL7: =IF((CK7-CK6<0), "",(CK7-CK6)*1000) -> 900 | CM7: =CQ7+CS7 -> 94 | CP7: 33848 | CQ7: =IF((CP7-CP6<0), "",CP7-CP6) -> 75 | CR7: 22360 | CS7: =IF((CR7-CR6<0), "",CR7-CR6) -> 19 | CT7: 10703 | CU7: =IF((CT7-CT6<0), "",CT7-CT6) -> 7 | CV7: 25401 | CW7: =IF((CV7-CV6<0), "",CV7-CV6) -> 20 | CX7: 3489 | CY7: =IF((CX7-CX6<0), "",CX7-CX6) -> 11
A8: 44749 | D8: =IF((C8-C7<0), "0",(C8-C7)*1000000) -> 0 | F8: =IF((E8-E7<0), "0",(E8-E7)*1000000) -> 0 | H8: =IF((G8-G7<0), "0",(G8-G7)*1000000) -> 0 | J8: =IF((I8-I7<0), "0",(I8-I7)*1000000) -> 0 | L8: =IF((K8-K7<0), "0",(K8-K7)*1000000) -> 0 | N8: =IF((M8-M7<0), "",(M8-M7)*1000000) | P8: =IF((O8-O7<0), "",O8-O7) | R8: =IF((Q8-Q7<0), "",Q8-Q7) | T8: =IF((S8-S7<0), "",S8-S7) | V8: =IF((U8-U7<0), "",U8-U7) | X8: =IF((W8-W7<0), "",(W8-W7)*1000) | Z8: =IF((Y8-Y7<0), "",(Y8-Y7)*1000000) | AB8: =IF((AA8-AA7<0), "",(AA8-AA7)*1000) | AD8: =IF((AC8-AC7<0), "",(AC8-AC7)*1000) | AF8: =IF((AE8-AE7<0), "",(AE8-AE7)*1000) | AH8: =IF((AG8-AG7<0), "",AG8-AG7) | AJ8: =IF((AI8-AI7<0), "",(AI8-AI7)*1000) | AL8: =IF((AK8-AK7<0), "",(AK8-AK7)*1000) | AN8: =IF((AM8-AM7<0), "",(AM8-AM7)*1000) | AP8: =IF((AO8-AO7<0), "",(AO8-AO7)*1000) | AR8: =IF((AQ8-AQ7<0), "",(AQ8-AQ7)*1000) | AT8: =IF((AS8-AS7<0), "",(AS8-AS7)*1000) | AV8: =IF((AU8-AU7<0), "",(AU8-AU7)*1000) | AX8: =IF((AW8-AW7<0), "",(AW8-AW7)*1000) | AZ8: =IF((AY8-AY7<0), "",(AY8-AY7)*1000) | BB8: =IF((BA8-BA7<0), "",(BA8-BA7)*1000) | BD8: =IF((BC8-BC7<0), "",(BC8-BC7)*1000) | BF8: =IF((BE8-BE7<0), "",BE8-BE7) -> 0 | BH8: =IF((BG8-BG7<0), "",(BG8-BG7)*1000) | BJ8: =IF((BI8-BI7<0), "",(BI8-BI7)*1000) | BL8: =IF((BK8-BK7<0), "",(BK8-BK7)*1000) | BN8: =IF((BM8-BM7<0), "",(BM8-BM7)*1000) | BP8: =IF((BO8-BO7<0), "",(BO8-BO7)*1000) | BR8: =IF((BQ8-BQ7<0), "",BQ8-BQ7) | BT8: =IF((BS8-BS7<0), "",(BS8-BS7)*1000) | BV8: =IF((BU8-BU7<0), "",BU8-BU7) | BX8: =IF((BW8-BW7<0), "",(BW8-BW7)*1000) | BZ8: =IF((BY8-BY7<0), "",BY8-BY7) | CB8: =IF((CA8-CA7<0), "",CA8-CA7) | CD8: =IF((CC8-CC7<0), "",CC8-CC7) | CF8: =IF((CE8-CE7<0), "",CE8-CE7) -> 0 | CH8: =IF((CG8-CG7<0), "",CG8-CG7) | CJ8: =IF((CI8-CI7<0), "",CI8-CI7) | CL8: =IF((CK8-CK7<0), "",(CK8-CK7)*1000) | CM8: =CQ8+CS8 -> #VALUE! | CQ8: =IF((CP8-CP7<0), "",CP8-CP7) | CS8: =IF((CR8-CR7<0), "",CR8-CR7) | CU8: =IF((CT8-CT7<0), "",CT8-CT7) | CW8: =IF((CV8-CV7<0), "",CV8-CV7) | CX8: 22 | CY8: =IF((CX8-CX7<0), "",CX8-CX7)
A9: 44750 | D9: =IF((C9-C8<0), "0",(C9-C8)*1000000) -> 0 | F9: =IF((E9-E8<0), "0",(E9-E8)*1000000) -> 0 | H9: =IF((G9-G8<0), "0",(G9-G8)*1000000) -> 0 | J9: =IF((I9-I8<0), "0",(I9-I8)*1000000) -> 0 | L9: =IF((K9-K8<0), "0",(K9-K8)*1000000) -> 0 | N9: =IF((M9-M8<0), "",(M9-M8)*1000000) -> 0 | P9: =IF((O9-O8<0), "",O9-O8) -> 0 | R9: =IF((Q9-Q8<0), "",Q9-Q8) -> 0 | T9: =IF((S9-S8<0), "",S9-S8) -> 0 | V9: =IF((U9-U8<0), "",U9-U8) -> 0 | X9: =IF((W9-W8<0), "",(W9-W8)*1000) -> 0 | Z9: =IF((Y9-Y8<0), "",(Y9-Y8)*1000000) -> 0 | AB9: =IF((AA9-AA8<0), "",(AA9-AA8)*1000) -> 0 | AD9: =IF((AC9-AC8<0), "",(AC9-AC8)*1000) -> 0 | AF9: =IF((AE9-AE8<0), "",(AE9-AE8)*1000) -> 0 | AH9: =IF((AG9-AG8<0), "",AG9-AG8) -> 0 | AJ9: =IF((AI9-AI8<0), "",(AI9-AI8)*1000) -> 0 | AL9: =IF((AK9-AK8<0), "",(AK9-AK8)*1000) -> 0 | AN9: =IF((AM9-AM8<0), "",(AM9-AM8)*1000) -> 0 | AP9: =IF((AO9-AO8<0), "",(AO9-AO8)*1000) -> 0 | AR9: =IF((AQ9-AQ8<0), "",(AQ9-AQ8)*1000) -> 0 | AT9: =IF((AS9-AS8<0), "",(AS9-AS8)*1000) -> 0 | AV9: =IF((AU9-AU8<0), "",(AU9-AU8)*1000) -> 0 | AX9: =IF((AW9-AW8<0), "",(AW9-AW8)*1000) -> 0 | AZ9: =IF((AY9-AY8<0), "",(AY9-AY8)*1000) -> 0 | BB9: =IF((BA9-BA8<0), "",(BA9-BA8)*1000) -> 0 | BD9: =IF((BC9-BC8<0), "",(BC9-BC8)*1000) -> 0 | BF9: =IF((BE9-BE8<0), "",BE9-BE8) -> 0 | BH9: =IF((BG9-BG8<0), "",(BG9-BG8)*1000) -> 0 | BJ9: =IF((BI9-BI8<0), "",(BI9-BI8)*1000) -> 0 | BL9: =IF((BK9-BK8<0), "",(BK9-BK8)*1000) -> 0 | BN9: =IF((BM9-BM8<0), "",(BM9-BM8)*1000) -> 0 | BP9: =IF((BO9-BO8<0), "",(BO9-BO8)*1000) -> 0 | BR9: =IF((BQ9-BQ8<0), "",BQ9-BQ8) -> 0 | BT9: =IF((BS9-BS8<0), "",(BS9-BS8)*1000) -> 0 | BV9: =IF((BU9-BU8<0), "",BU9-BU8) -> 0 | BX9: =IF((BW9-BW8<0), "",(BW9-BW8)*1000) -> 0 | BZ9: =IF((BY9-BY8<0), "",BY9-BY8) -> 0 | CB9: =IF((CA9-CA8<0), "",CA9-CA8) -> 0 | CD9: =IF((CC9-CC8<0), "",CC9-CC8) -> 0 | CF9: =IF((CE9-CE8<0), "",CE9-CE8) -> 0 | CH9: =IF((CG9-CG8<0), "",CG9-CG8) -> 0 | CJ9: =IF((CI9-CI8<0), "",CI9-CI8) -> 0 | CL9: =IF((CK9-CK8<0), "",(CK9-CK8)*1000) -> 0 | CM9: =CQ9+CS9 -> 0 | CQ9: =IF((CP9-CP8<0), "",CP9-CP8) -> 0 | CS9: =IF((CR9-CR8<0), "",CR9-CR8) -> 0 | CU9: =IF((CT9-CT8<0), "",CT9-CT8) -> 0 | CW9: =IF((CV9-CV8<0), "",CV9-CV8) -> 0 | CY9: =IF((CX9-CX8<0), "",CX9-CX8)
A10: 44751 | D10: =IF((C10-C9<0), "0",(C10-C9)*1000000) -> 0 | F10: =IF((E10-E9<0), "0",(E10-E9)*1000000) -> 0 | H10: =IF((G10-G9<0), "0",(G10-G9)*1000000) -> 0 | J10: =IF((I10-I9<0), "0",(I10-I9)*1000000) -> 0 | L10: =IF((K10-K9<0), "0",(K10-K9)*1000000) -> 0 | N10: =IF((M10-M9<0), "",(M10-M9)*1000000) -> 0 | P10: =IF((O10-O9<0), "",O10-O9) -> 0 | R10: =IF((Q10-Q9<0), "",Q10-Q9) -> 0 | T10: =IF((S10-S9<0), "",S10-S9) -> 0 | V10: =IF((U10-U9<0), "",U10-U9) -> 0 | X10: =IF((W10-W9<0), "",(W10-W9)*1000) -> 0 | Z10: =IF((Y10-Y9<0), "",(Y10-Y9)*1000000) -> 0 | AB10: =IF((AA10-AA9<0), "",(AA10-AA9)*1000) -> 0 | AD10: =IF((AC10-AC9<0), "",(AC10-AC9)*1000) -> 0 | AF10: =IF((AE10-AE9<0), "",(AE10-AE9)*1000) -> 0 | AH10: =IF((AG10-AG9<0), "",AG10-AG9) -> 0 | AJ10: =IF((AI10-AI9<0), "",(AI10-AI9)*1000) -> 0 | AL10: =IF((AK10-AK9<0), "",(AK10-AK9)*1000) -> 0 | AN10: =IF((AM10-AM9<0), "",(AM10-AM9)*1000) -> 0 | AP10: =IF((AO10-AO9<0), "",(AO10-AO9)*1000) -> 0 | AR10: =IF((AQ10-AQ9<0), "",(AQ10-AQ9)*1000) -> 0 | AT10: =IF((AS10-AS9<0), "",(AS10-AS9)*1000) -> 0 | AV10: =IF((AU10-AU9<0), "",(AU10-AU9)*1000) -> 0 | AX10: =IF((AW10-AW9<0), "",(AW10-AW9)*1000) -> 0 | AZ10: =IF((AY10-AY9<0), "",(AY10-AY9)*1000) -> 0 | BB10: =IF((BA10-BA9<0), "",(BA10-BA9)*1000) -> 0 | BD10: =IF((BC10-BC9<0), "",(BC10-BC9)*1000) -> 0 | BF10: =IF((BE10-BE9<0), "",BE10-BE9) -> 0 | BH10: =IF((BG10-BG9<0), "",(BG10-BG9)*1000) -> 0 | BJ10: =IF((BI10-BI9<0), "",(BI10-BI9)*1000) -> 0 | BL10: =IF((BK10-BK9<0), "",(BK10-BK9)*1000) -> 0 | BN10: =IF((BM10-BM9<0), "",(BM10-BM9)*1000) -> 0 | BP10: =IF((BO10-BO9<0), "",(BO10-BO9)*1000) -> 0 | BR10: =IF((BQ10-BQ9<0), "",BQ10-BQ9) -> 0 | BT10: =IF((BS10-BS9<0), "",(BS10-BS9)*1000) -> 0 | BV10: =IF((BU10-BU9<0), "",BU10-BU9) -> 0 | BX10: =IF((BW10-BW9<0), "",(BW10-BW9)*1000) -> 0 | BZ10: =IF((BY10-BY9<0), "",BY10-BY9) -> 0 | CB10: =IF((CA10-CA9<0), "",CA10-CA9) -> 0 | CD10: =IF((CC10-CC9<0), "",CC10-CC9) -> 0 | CF10: =IF((CE10-CE9<0), "",CE10-CE9) -> 0 | CH10: =IF((CG10-CG9<0), "",CG10-CG9) -> 0 | CJ10: =IF((CI10-CI9<0), "",CI10-CI9) -> 0 | CL10: =IF((CK10-CK9<0), "",(CK10-CK9)*1000) -> 0 | CM10: =CQ10+CS10 -> 0 | CQ10: =IF((CP10-CP9<0), "",CP10-CP9) -> 0 | CS10: =IF((CR10-CR9<0), "",CR10-CR9) -> 0 | CU10: =IF((CT10-CT9<0), "",CT10-CT9) -> 0 | CW10: =IF((CV10-CV9<0), "",CV10-CV9) -> 0 | CY10: =IF((CX10-CX9<0), "",CX10-CX9) -> 0
A11: 44752 | D11: =IF((C11-C10<0), "0",(C11-C10)*1000000) -> 0 | F11: =IF((E11-E10<0), "0",(E11-E10)*1000000) -> 0 | H11: =IF((G11-G10<0), "0",(G11-G10)*1000000) -> 0 | J11: =IF((I11-I10<0), "0",(I11-I10)*1000000) -> 0 | L11: =IF((K11-K10<0), "0",(K11-K10)*1000000) -> 0 | N11: =IF((M11-M10<0), "",(M11-M10)*1000000) -> 0 | P11: =IF((O11-O10<0), "",O11-O10) -> 0 | R11: =IF((Q11-Q10<0), "",Q11-Q10) -> 0 | T11: =IF((S11-S10<0), "",S11-S10) -> 0 | V11: =IF((U11-U10<0), "",U11-U10) -> 0 | X11: =IF((W11-W10<0), "",(W11-W10)*1000) -> 0 | Z11: =IF((Y11-Y10<0), "",(Y11-Y10)*1000000) -> 0 | AB11: =IF((AA11-AA10<0), "",(AA11-AA10)*1000) -> 0 | AD11: =IF((AC11-AC10<0), "",(AC11-AC10)*1000) -> 0 | AF11: =IF((AE11-AE10<0), "",(AE11-AE10)*1000) -> 0 | AH11: =IF((AG11-AG10<0), "",AG11-AG10) -> 0 | AJ11: =IF((AI11-AI10<0), "",(AI11-AI10)*1000) -> 0 | AL11: =IF((AK11-AK10<0), "",(AK11-AK10)*1000) -> 0 | AN11: =IF((AM11-AM10<0), "",(AM11-AM10)*1000) -> 0 | AP11: =IF((AO11-AO10<0), "",(AO11-AO10)*1000) -> 0 | AR11: =IF((AQ11-AQ10<0), "",(AQ11-AQ10)*1000) -> 0 | AT11: =IF((AS11-AS10<0), "",(AS11-AS10)*1000) -> 0 | AV11: =IF((AU11-AU10<0), "",(AU11-AU10)*1000) -> 0 | AX11: =IF((AW11-AW10<0), "",(AW11-AW10)*1000) -> 0 | AZ11: =IF((AY11-AY10<0), "",(AY11-AY10)*1000) -> 0 | BB11: =IF((BA11-BA10<0), "",(BA11-BA10)*1000) -> 0 | BD11: =IF((BC11-BC10<0), "",(BC11-BC10)*1000) -> 0 | BF11: =IF((BE11-BE10<0), "",BE11-BE10) -> 0 | BH11: =IF((BG11-BG10<0), "",(BG11-BG10)*1000) -> 0 | BJ11: =IF((BI11-BI10<0), "",(BI11-BI10)*1000) -> 0 | BL11: =IF((BK11-BK10<0), "",(BK11-BK10)*1000) -> 0 | BN11: =IF((BM11-BM10<0), "",(BM11-BM10)*1000) -> 0 | BP11: =IF((BO11-BO10<0), "",(BO11-BO10)*1000) -> 0 | BR11: =IF((BQ11-BQ10<0), "",BQ11-BQ10) -> 0 | BT11: =IF((BS11-BS10<0), "",(BS11-BS10)*1000) -> 0 | BV11: =IF((BU11-BU10<0), "",BU11-BU10) -> 0 | BX11: =IF((BW11-BW10<0), "",(BW11-BW10)*1000) -> 0 | BZ11: =IF((BY11-BY10<0), "",BY11-BY10) -> 0 | CB11: =IF((CA11-CA10<0), "",CA11-CA10) -> 0 | CD11: =IF((CC11-CC10<0), "",CC11-CC10) -> 0 | CF11: =IF((CE11-CE10<0), "",CE11-CE10) -> 0 | CH11: =IF((CG11-CG10<0), "",CG11-CG10) -> 0 | CJ11: =IF((CI11-CI10<0), "",CI11-CI10) -> 0 | CL11: =IF((CK11-CK10<0), "",(CK11-CK10)*1000) -> 0 | CM11: =CQ11+CS11 -> 0 | CQ11: =IF((CP11-CP10<0), "",CP11-CP10) -> 0 | CS11: =IF((CR11-CR10<0), "",CR11-CR10) -> 0 | CU11: =IF((CT11-CT10<0), "",CT11-CT10) -> 0 | CW11: =IF((CV11-CV10<0), "",CV11-CV10) -> 0 | CY11: =IF((CX11-CX10<0), "",CX11-CX10) -> 0
A12: 44753 | D12: =IF((C12-C11<0), "0",(C12-C11)*1000000) -> 0 | F12: =IF((E12-E11<0), "0",(E12-E11)*1000000) -> 0 | H12: =IF((G12-G11<0), "0",(G12-G11)*1000000) -> 0 | J12: =IF((I12-I11<0), "0",(I12-I11)*1000000) -> 0 | L12: =IF((K12-K11<0), "0",(K12-K11)*1000000) -> 0 | N12: =IF((M12-M11<0), "",(M12-M11)*1000000) -> 0 | P12: =IF((O12-O11<0), "",O12-O11) -> 0 | R12: =IF((Q12-Q11<0), "",Q12-Q11) -> 0 | T12: =IF((S12-S11<0), "",S12-S11) -> 0 | V12: =IF((U12-U11<0), "",U12-U11) -> 0 | X12: =IF((W12-W11<0), "",(W12-W11)*1000) -> 0 | Z12: =IF((Y12-Y11<0), "",(Y12-Y11)*1000000) -> 0 | AB12: =IF((AA12-AA11<0), "",(AA12-AA11)*1000) -> 0 | AD12: =IF((AC12-AC11<0), "",(AC12-AC11)*1000) -> 0 | AF12: =IF((AE12-AE11<0), "",(AE12-AE11)*1000) -> 0 | AH12: =IF((AG12-AG11<0), "",AG12-AG11) -> 0 | AJ12: =IF((AI12-AI11<0), "",(AI12-AI11)*1000) -> 0 | AL12: =IF((AK12-AK11<0), "",(AK12-AK11)*1000) -> 0 | AN12: =IF((AM12-AM11<0), "",(AM12-AM11)*1000) -> 0 | AP12: =IF((AO12-AO11<0), "",(AO12-AO11)*1000) -> 0 | AR12: =IF((AQ12-AQ11<0), "",(AQ12-AQ11)*1000) -> 0 | AT12: =IF((AS12-AS11<0), "",(AS12-AS11)*1000) -> 0 | AV12: =IF((AU12-AU11<0), "",(AU12-AU11)*1000) -> 0 | AX12: =IF((AW12-AW11<0), "",(AW12-AW11)*1000) -> 0 | AZ12: =IF((AY12-AY11<0), "",(AY12-AY11)*1000) -> 0 | BB12: =IF((BA12-BA11<0), "",(BA12-BA11)*1000) -> 0 | BD12: =IF((BC12-BC11<0), "",(BC12-BC11)*1000) -> 0 | BF12: =IF((BE12-BE11<0), "",BE12-BE11) -> 0 | BH12: =IF((BG12-BG11<0), "",(BG12-BG11)*1000) -> 0 | BJ12: =IF((BI12-BI11<0), "",(BI12-BI11)*1000) -> 0 | BL12: =IF((BK12-BK11<0), "",(BK12-BK11)*1000) -> 0 | BN12: =IF((BM12-BM11<0), "",(BM12-BM11)*1000) -> 0 | BP12: =IF((BO12-BO11<0), "",(BO12-BO11)*1000) -> 0 | BR12: =IF((BQ12-BQ11<0), "",BQ12-BQ11) -> 0 | BT12: =IF((BS12-BS11<0), "",(BS12-BS11)*1000) -> 0 | BV12: =IF((BU12-BU11<0), "",BU12-BU11) -> 0 | BX12: =IF((BW12-BW11<0), "",(BW12-BW11)*1000) -> 0 | BZ12: =IF((BY12-BY11<0), "",BY12-BY11) -> 0 | CB12: =IF((CA12-CA11<0), "",CA12-CA11) -> 0 | CD12: =IF((CC12-CC11<0), "",CC12-CC11) -> 0 | CF12: =IF((CE12-CE11<0), "",CE12-CE11) -> 0 | CH12: =IF((CG12-CG11<0), "",CG12-CG11) -> 0 | CJ12: =IF((CI12-CI11<0), "",CI12-CI11) -> 0 | CL12: =IF((CK12-CK11<0), "",(CK12-CK11)*1000) -> 0 | CM12: =CQ12+CS12 -> 0 | CQ12: =IF((CP12-CP11<0), "",CP12-CP11) -> 0 | CS12: =IF((CR12-CR11<0), "",CR12-CR11) -> 0 | CU12: =IF((CT12-CT11<0), "",CT12-CT11) -> 0 | CW12: =IF((CV12-CV11<0), "",CV12-CV11) -> 0 | CY12: =IF((CX12-CX11<0), "",CX12-CX11) -> 0
A13: 44754 | D13: =IF((C13-C12<0), "0",(C13-C12)*1000000) -> 0 | F13: =IF((E13-E12<0), "0",(E13-E12)*1000000) -> 0 | H13: =IF((G13-G12<0), "0",(G13-G12)*1000000) -> 0 | J13: =IF((I13-I12<0), "0",(I13-I12)*1000000) -> 0 | L13: =IF((K13-K12<0), "0",(K13-K12)*1000000) -> 0 | N13: =IF((M13-M12<0), "",(M13-M12)*1000000) -> 0 | P13: =IF((O13-O12<0), "",O13-O12) -> 0 | R13: =IF((Q13-Q12<0), "",Q13-Q12) -> 0 | T13: =IF((S13-S12<0), "",S13-S12) -> 0 | V13: =IF((U13-U12<0), "",U13-U12) -> 0 | X13: =IF((W13-W12<0), "",(W13-W12)*1000) -> 0 | Z13: =IF((Y13-Y12<0), "",(Y13-Y12)*1000000) -> 0 | AB13: =IF((AA13-AA12<0), "",(AA13-AA12)*1000) -> 0 | AD13: =IF((AC13-AC12<0), "",(AC13-AC12)*1000) -> 0 | AF13: =IF((AE13-AE12<0), "",(AE13-AE12)*1000) -> 0 | AH13: =IF((AG13-AG12<0), "",AG13-AG12) -> 0 | AJ13: =IF((AI13-AI12<0), "",(AI13-AI12)*1000) -> 0 | AL13: =IF((AK13-AK12<0), "",(AK13-AK12)*1000) -> 0 | AN13: =IF((AM13-AM12<0), "",(AM13-AM12)*1000) -> 0 | AP13: =IF((AO13-AO12<0), "",(AO13-AO12)*1000) -> 0 | AR13: =IF((AQ13-AQ12<0), "",(AQ13-AQ12)*1000) -> 0 | AT13: =IF((AS13-AS12<0), "",(AS13-AS12)*1000) -> 0 | AV13: 350.86 | AX13: =IF((AW13-AW12<0), "",(AW13-AW12)*1000) -> 0 | AZ13: =IF((AY13-AY12<0), "",(AY13-AY12)*1000) -> 0 | BB13: =IF((BA13-BA12<0), "",(BA13-BA12)*1000) -> 0 | BD13: =IF((BC13-BC12<0), "",(BC13-BC12)*1000) -> 0 | BF13: =IF((BE13-BE12<0), "",BE13-BE12) -> 0 | BH13: =IF((BG13-BG12<0), "",(BG13-BG12)*1000) -> 0 | BJ13: =IF((BI13-BI12<0), "",(BI13-BI12)*1000) -> 0 | BL13: =IF((BK13-BK12<0), "",(BK13-BK12)*1000) -> 0 | BN13: =IF((BM13-BM12<0), "",(BM13-BM12)*1000) -> 0 | BP13: =IF((BO13-BO12<0), "",(BO13-BO12)*1000) -> 0 | BR13: =IF((BQ13-BQ12<0), "",BQ13-BQ12) -> 0 | BT13: =IF((BS13-BS12<0), "",(BS13-BS12)*1000) -> 0 | BV13: =IF((BU13-BU12<0), "",BU13-BU12) -> 0 | BX13: =IF((BW13-BW12<0), "",(BW13-BW12)*1000) -> 0 | BZ13: =IF((BY13-BY12<0), "",BY13-BY12) -> 0 | CB13: =IF((CA13-CA12<0), "",CA13-CA12) -> 0 | CD13: =IF((CC13-CC12<0), "",CC13-CC12) -> 0 | CF13: =IF((CE13-CE12<0), "",CE13-CE12) -> 0 | CH13: =IF((CG13-CG12<0), "",CG13-CG12) -> 0 | CJ13: =IF((CI13-CI12<0), "",CI13-CI12) -> 0 | CL13: =IF((CK13-CK12<0), "",(CK13-CK12)*1000) -> 0 | CM13: =CQ13+CS13 -> 0 | CQ13: =IF((CP13-CP12<0), "",CP13-CP12) -> 0 | CS13: =IF((CR13-CR12<0), "",CR13-CR12) -> 0 | CU13: =IF((CT13-CT12<0), "",CT13-CT12) -> 0 | CW13: =IF((CV13-CV12<0), "",CV13-CV12) -> 0 | CY13: =IF((CX13-CX12<0), "",CX13-CX12) -> 0
A14: 44755 | D14: =IF((C14-C13<0), "0",(C14-C13)*1000000) -> 0 | F14: =IF((E14-E13<0), "0",(E14-E13)*1000000) -> 0 | H14: =IF((G14-G13<0), "0",(G14-G13)*1000000) -> 0 | J14: =IF((I14-I13<0), "0",(I14-I13)*1000000) -> 0 | L14: =IF((K14-K13<0), "0",(K14-K13)*1000000) -> 0 | N14: =IF((M14-M13<0), "",(M14-M13)*1000000) -> 0 | P14: =IF((O14-O13<0), "",O14-O13) -> 0 | R14: =IF((Q14-Q13<0), "",Q14-Q13) -> 0 | T14: =IF((S14-S13<0), "",S14-S13) -> 0 | V14: =IF((U14-U13<0), "",U14-U13) -> 0 | X14: =IF((W14-W13<0), "",(W14-W13)*1000) -> 0 | Z14: =IF((Y14-Y13<0), "",(Y14-Y13)*1000000) -> 0 | AB14: =IF((AA14-AA13<0), "",(AA14-AA13)*1000) -> 0 | AD14: =IF((AC14-AC13<0), "",(AC14-AC13)*1000) -> 0 | AF14: =IF((AE14-AE13<0), "",(AE14-AE13)*1000) -> 0 | AH14: =IF((AG14-AG13<0), "",AG14-AG13) -> 0 | AJ14: =IF((AI14-AI13<0), "",(AI14-AI13)*1000) -> 0 | AL14: =IF((AK14-AK13<0), "",(AK14-AK13)*1000) -> 0 | AN14: =IF((AM14-AM13<0), "",(AM14-AM13)*1000) -> 0 | AP14: =IF((AO14-AO13<0), "",(AO14-AO13)*1000) -> 0 | AR14: =IF((AQ14-AQ13<0), "",(AQ14-AQ13)*1000) -> 0 | AT14: =IF((AS14-AS13<0), "",(AS14-AS13)*1000) -> 0 | AV14: =IF((AU14-AU13<0), "",(AU14-AU13)*1000) -> 0 | AX14: =IF((AW14-AW13<0), "",(AW14-AW13)*1000) -> 0 | AZ14: =IF((AY14-AY13<0), "",(AY14-AY13)*1000) -> 0 | BB14: =IF((BA14-BA13<0), "",(BA14-BA13)*1000) -> 0 | BD14: =IF((BC14-BC13<0), "",(BC14-BC13)*1000) -> 0 | BF14: =IF((BE14-BE13<0), "",BE14-BE13) -> 0 | BH14: =IF((BG14-BG13<0), "",(BG14-BG13)*1000) -> 0 | BJ14: =IF((BI14-BI13<0), "",(BI14-BI13)*1000) -> 0 | BL14: =IF((BK14-BK13<0), "",(BK14-BK13)*1000) -> 0 | BN14: =IF((BM14-BM13<0), "",(BM14-BM13)*1000) -> 0 | BP14: =IF((BO14-BO13<0), "",(BO14-BO13)*1000) -> 0 | BR14: =IF((BQ14-BQ13<0), "",BQ14-BQ13) -> 0 | BT14: =IF((BS14-BS13<0), "",(BS14-BS13)*1000) -> 0 | BV14: =IF((BU14-BU13<0), "",BU14-BU13) -> 0 | BX14: =IF((BW14-BW13<0), "",(BW14-BW13)*1000) -> 0 | BZ14: =IF((BY14-BY13<0), "",BY14-BY13) -> 0 | CB14: =IF((CA14-CA13<0), "",CA14-CA13) -> 0 | CD14: =IF((CC14-CC13<0), "",CC14-CC13) -> 0 | CF14: =IF((CE14-CE13<0), "",CE14-CE13) -> 0 | CH14: =IF((CG14-CG13<0), "",CG14-CG13) -> 0 | CJ14: =IF((CI14-CI13<0), "",CI14-CI13) -> 0 | CL14: =IF((CK14-CK13<0), "",(CK14-CK13)*1000) -> 0 | CM14: =CQ14+CS14 -> 0 | CQ14: =IF((CP14-CP13<0), "",CP14-CP13) -> 0 | CS14: =IF((CR14-CR13<0), "",CR14-CR13) -> 0 | CU14: =IF((CT14-CT13<0), "",CT14-CT13) -> 0 | CW14: =IF((CV14-CV13<0), "",CV14-CV13) -> 0 | CY14: =IF((CX14-CX13<0), "",CX14-CX13) -> 0
A15: 44756 | D15: =IF((C15-C14<0), "0",(C15-C14)*1000000) -> 0 | F15: =IF((E15-E14<0), "0",(E15-E14)*1000000) -> 0 | H15: =IF((G15-G14<0), "0",(G15-G14)*1000000) -> 0 | J15: =IF((I15-I14<0), "0",(I15-I14)*1000000) -> 0 | L15: =IF((K15-K14<0), "0",(K15-K14)*1000000) -> 0 | N15: =IF((M15-M14<0), "",(M15-M14)*1000000) -> 0 | P15: =IF((O15-O14<0), "",O15-O14) -> 0 | R15: =IF((Q15-Q14<0), "",Q15-Q14) -> 0 | T15: =IF((S15-S14<0), "",S15-S14) -> 0 | V15: =IF((U15-U14<0), "",U15-U14) -> 0 | X15: =IF((W15-W14<0), "",(W15-W14)*1000) -> 0 | Z15: =IF((Y15-Y14<0), "",(Y15-Y14)*1000000) -> 0 | AB15: =IF((AA15-AA14<0), "",(AA15-AA14)*1000) -> 0 | AD15: =IF((AC15-AC14<0), "",(AC15-AC14)*1000) -> 0 | AF15: =IF((AE15-AE14<0), "",(AE15-AE14)*1000) -> 0 | AH15: =IF((AG15-AG14<0), "",AG15-AG14) -> 0 | AJ15: =IF((AI15-AI14<0), "",(AI15-AI14)*1000) -> 0 | AL15: =IF((AK15-AK14<0), "",(AK15-AK14)*1000) -> 0 | AN15: =IF((AM15-AM14<0), "",(AM15-AM14)*1000) -> 0 | AP15: =IF((AO15-AO14<0), "",(AO15-AO14)*1000) -> 0 | AR15: =IF((AQ15-AQ14<0), "",(AQ15-AQ14)*1000) -> 0 | AT15: =IF((AS15-AS14<0), "",(AS15-AS14)*1000) -> 0 | AV15: =IF((AU15-AU14<0), "",(AU15-AU14)*1000) -> 0 | AX15: =IF((AW15-AW14<0), "",(AW15-AW14)*1000) -> 0 | AZ15: =IF((AY15-AY14<0), "",(AY15-AY14)*1000) -> 0 | BB15: =IF((BA15-BA14<0), "",(BA15-BA14)*1000) -> 0 | BD15: =IF((BC15-BC14<0), "",(BC15-BC14)*1000) -> 0 | BF15: =IF((BE15-BE14<0), "",BE15-BE14) -> 0 | BH15: =IF((BG15-BG14<0), "",(BG15-BG14)*1000) -> 0 | BJ15: =IF((BI15-BI14<0), "",(BI15-BI14)*1000) -> 0 | BL15: =IF((BK15-BK14<0), "",(BK15-BK14)*1000) -> 0 | BN15: =IF((BM15-BM14<0), "",(BM15-BM14)*1000) -> 0 | BP15: =IF((BO15-BO14<0), "",(BO15-BO14)*1000) -> 0 | BR15: =IF((BQ15-BQ14<0), "",BQ15-BQ14) -> 0 | BT15: =IF((BS15-BS14<0), "",(BS15-BS14)*1000) -> 0 | BV15: =IF((BU15-BU14<0), "",BU15-BU14) -> 0 | BX15: =IF((BW15-BW14<0), "",(BW15-BW14)*1000) -> 0 | BZ15: =IF((BY15-BY14<0), "",BY15-BY14) -> 0 | CB15: =IF((CA15-CA14<0), "",CA15-CA14) -> 0 | CD15: =IF((CC15-CC14<0), "",CC15-CC14) -> 0 | CF15: =IF((CE15-CE14<0), "",CE15-CE14) -> 0 | CH15: =IF((CG15-CG14<0), "",CG15-CG14) -> 0 | CJ15: =IF((CI15-CI14<0), "",CI15-CI14) -> 0 | CL15: =IF((CK15-CK14<0), "",(CK15-CK14)*1000) -> 0 | CM15: =CQ15+CS15 -> 0 | CQ15: =IF((CP15-CP14<0), "",CP15-CP14) -> 0 | CS15: =IF((CR15-CR14<0), "",CR15-CR14) -> 0 | CU15: =IF((CT15-CT14<0), "",CT15-CT14) -> 0 | CW15: =IF((CV15-CV14<0), "",CV15-CV14) -> 0 | CY15: =IF((CX15-CX14<0), "",CX15-CX14) -> 0
A16: 44757 | D16: =IF((C16-C15<0), "0",(C16-C15)*1000000) -> 0 | F16: =IF((E16-E15<0), "0",(E16-E15)*1000000) -> 0 | H16: =IF((G16-G15<0), "0",(G16-G15)*1000000) -> 0 | J16: =IF((I16-I15<0), "0",(I16-I15)*1000000) -> 0 | L16: =IF((K16-K15<0), "0",(K16-K15)*1000000) -> 0 | N16: =IF((M16-M15<0), "",(M16-M15)*1000000) -> 0 | P16: =IF((O16-O15<0), "",O16-O15) -> 0 | R16: =IF((Q16-Q15<0), "",Q16-Q15) -> 0 | T16: =IF((S16-S15<0), "",S16-S15) -> 0 | V16: =IF((U16-U15<0), "",U16-U15) -> 0 | X16: =IF((W16-W15<0), "",(W16-W15)*1000) -> 0 | Z16: =IF((Y16-Y15<0), "",(Y16-Y15)*1000000) -> 0 | AB16: =IF((AA16-AA15<0), "",(AA16-AA15)*1000) -> 0 | AD16: =IF((AC16-AC15<0), "",(AC16-AC15)*1000) -> 0 | AF16: =IF((AE16-AE15<0), "",(AE16-AE15)*1000) -> 0 | AH16: =IF((AG16-AG15<0), "",AG16-AG15) -> 0 | AJ16: =IF((AI16-AI15<0), "",(AI16-AI15)*1000) -> 0 | AL16: =IF((AK16-AK15<0), "",(AK16-AK15)*1000) -> 0 | AN16: =IF((AM16-AM15<0), "",(AM16-AM15)*1000) -> 0 | AP16: =IF((AO16-AO15<0), "",(AO16-AO15)*1000) -> 0 | AR16: =IF((AQ16-AQ15<0), "",(AQ16-AQ15)*1000) -> 0 | AT16: =IF((AS16-AS15<0), "",(AS16-AS15)*1000) -> 0 | AV16: =IF((AU16-AU15<0), "",(AU16-AU15)*1000) -> 0 | AX16: =IF((AW16-AW15<0), "",(AW16-AW15)*1000) -> 0 | AZ16: =IF((AY16-AY15<0), "",(AY16-AY15)*1000) -> 0 | BB16: =IF((BA16-BA15<0), "",(BA16-BA15)*1000) -> 0 | BD16: =IF((BC16-BC15<0), "",(BC16-BC15)*1000) -> 0 | BF16: =IF((BE16-BE15<0), "",BE16-BE15) -> 0 | BH16: =IF((BG16-BG15<0), "",(BG16-BG15)*1000) -> 0 | BJ16: =IF((BI16-BI15<0), "",(BI16-BI15)*1000) -> 0 | BL16: =IF((BK16-BK15<0), "",(BK16-BK15)*1000) -> 0 | BN16: =IF((BM16-BM15<0), "",(BM16-BM15)*1000) -> 0 | BP16: =IF((BO16-BO15<0), "",(BO16-BO15)*1000) -> 0 | BR16: =IF((BQ16-BQ15<0), "",BQ16-BQ15) -> 0 | BT16: =IF((BS16-BS15<0), "",(BS16-BS15)*1000) -> 0 | BV16: =IF((BU16-BU15<0), "",BU16-BU15) -> 0 | BX16: =IF((BW16-BW15<0), "",(BW16-BW15)*1000) -> 0 | BZ16: =IF((BY16-BY15<0), "",BY16-BY15) -> 0 | CB16: =IF((CA16-CA15<0), "",CA16-CA15) -> 0 | CD16: =IF((CC16-CC15<0), "",CC16-CC15) -> 0 | CF16: =IF((CE16-CE15<0), "",CE16-CE15) -> 0 | CH16: =IF((CG16-CG15<0), "",CG16-CG15) -> 0 | CJ16: =IF((CI16-CI15<0), "",CI16-CI15) -> 0 | CL16: =IF((CK16-CK15<0), "",(CK16-CK15)*1000) -> 0 | CM16: =CQ16+CS16 -> 0 | CQ16: =IF((CP16-CP15<0), "",CP16-CP15) -> 0 | CS16: =IF((CR16-CR15<0), "",CR16-CR15) -> 0 | CU16: =IF((CT16-CT15<0), "",CT16-CT15) -> 0 | CW16: =IF((CV16-CV15<0), "",CV16-CV15) -> 0 | CY16: =IF((CX16-CX15<0), "",CX16-CX15) -> 0
A17: 44758 | D17: =IF((C17-C16<0), "0",(C17-C16)*1000000) -> 0 | F17: =IF((E17-E16<0), "0",(E17-E16)*1000000) -> 0 | H17: =IF((G17-G16<0), "0",(G17-G16)*1000000) -> 0 | J17: =IF((I17-I16<0), "0",(I17-I16)*1000000) -> 0 | L17: =IF((K17-K16<0), "0",(K17-K16)*1000000) -> 0 | N17: =IF((M17-M16<0), "",(M17-M16)*1000000) -> 0 | P17: =IF((O17-O16<0), "",O17-O16) -> 0 | R17: =IF((Q17-Q16<0), "",Q17-Q16) -> 0 | T17: =IF((S17-S16<0), "",S17-S16) -> 0 | V17: =IF((U17-U16<0), "",U17-U16) -> 0 | X17: =IF((W17-W16<0), "",(W17-W16)*1000) -> 0 | Z17: =IF((Y17-Y16<0), "",(Y17-Y16)*1000000) -> 0 | AB17: =IF((AA17-AA16<0), "",(AA17-AA16)*1000) -> 0 | AD17: =IF((AC17-AC16<0), "",(AC17-AC16)*1000) -> 0 | AF17: =IF((AE17-AE16<0), "",(AE17-AE16)*1000) -> 0 | AH17: =IF((AG17-AG16<0), "",AG17-AG16) -> 0 | AJ17: =IF((AI17-AI16<0), "",(AI17-AI16)*1000) -> 0 | AL17: =IF((AK17-AK16<0), "",(AK17-AK16)*1000) -> 0 | AN17: =IF((AM17-AM16<0), "",(AM17-AM16)*1000) -> 0 | AP17: =IF((AO17-AO16<0), "",(AO17-AO16)*1000) -> 0 | AR17: =IF((AQ17-AQ16<0), "",(AQ17-AQ16)*1000) -> 0 | AT17: =IF((AS17-AS16<0), "",(AS17-AS16)*1000) -> 0 | AV17: =IF((AU17-AU16<0), "",(AU17-AU16)*1000) -> 0 | AX17: =IF((AW17-AW16<0), "",(AW17-AW16)*1000) -> 0 | AZ17: =IF((AY17-AY16<0), "",(AY17-AY16)*1000) -> 0 | BB17: =IF((BA17-BA16<0), "",(BA17-BA16)*1000) -> 0 | BD17: =IF((BC17-BC16<0), "",(BC17-BC16)*1000) -> 0 | BF17: =IF((BE17-BE16<0), "",BE17-BE16) -> 0 | BH17: =IF((BG17-BG16<0), "",(BG17-BG16)*1000) -> 0 | BJ17: =IF((BI17-BI16<0), "",(BI17-BI16)*1000) -> 0 | BL17: =IF((BK17-BK16<0), "",(BK17-BK16)*1000) -> 0 | BN17: =IF((BM17-BM16<0), "",(BM17-BM16)*1000) -> 0 | BP17: =IF((BO17-BO16<0), "",(BO17-BO16)*1000) -> 0 | BR17: =IF((BQ17-BQ16<0), "",BQ17-BQ16) -> 0 | BT17: =IF((BS17-BS16<0), "",(BS17-BS16)*1000) -> 0 | BV17: =IF((BU17-BU16<0), "",BU17-BU16) -> 0 | BX17: =IF((BW17-BW16<0), "",(BW17-BW16)*1000) -> 0 | BZ17: =IF((BY17-BY16<0), "",BY17-BY16) -> 0 | CB17: =IF((CA17-CA16<0), "",CA17-CA16) -> 0 | CD17: =IF((CC17-CC16<0), "",CC17-CC16) -> 0 | CF17: =IF((CE17-CE16<0), "",CE17-CE16) -> 0 | CH17: =IF((CG17-CG16<0), "",CG17-CG16) -> 0 | CJ17: =IF((CI17-CI16<0), "",CI17-CI16) -> 0 | CL17: =IF((CK17-CK16<0), "",(CK17-CK16)*1000) -> 0 | CM17: =CQ17+CS17 -> 0 | CQ17: =IF((CP17-CP16<0), "",CP17-CP16) -> 0 | CS17: =IF((CR17-CR16<0), "",CR17-CR16) -> 0 | CU17: =IF((CT17-CT16<0), "",CT17-CT16) -> 0 | CW17: =IF((CV17-CV16<0), "",CV17-CV16) -> 0 | CY17: =IF((CX17-CX16<0), "",CX17-CX16) -> 0
A18: 44759 | D18: =IF((C18-C17<0), "0",(C18-C17)*1000000) -> 0 | F18: =IF((E18-E17<0), "0",(E18-E17)*1000000) -> 0 | H18: =IF((G18-G17<0), "0",(G18-G17)*1000000) -> 0 | J18: =IF((I18-I17<0), "0",(I18-I17)*1000000) -> 0 | L18: =IF((K18-K17<0), "0",(K18-K17)*1000000) -> 0 | N18: =IF((M18-M17<0), "",(M18-M17)*1000000) -> 0 | P18: =IF((O18-O17<0), "",O18-O17) -> 0 | R18: =IF((Q18-Q17<0), "",Q18-Q17) -> 0 | T18: =IF((S18-S17<0), "",S18-S17) -> 0 | V18: =IF((U18-U17<0), "",U18-U17) -> 0 | X18: =IF((W18-W17<0), "",(W18-W17)*1000) -> 0 | Z18: =IF((Y18-Y17<0), "",(Y18-Y17)*1000000) -> 0 | AB18: =IF((AA18-AA17<0), "",(AA18-AA17)*1000) -> 0 | AD18: =IF((AC18-AC17<0), "",(AC18-AC17)*1000) -> 0 | AF18: =IF((AE18-AE17<0), "",(AE18-AE17)*1000) -> 0 | AH18: =IF((AG18-AG17<0), "",AG18-AG17) -> 0 | AJ18: =IF((AI18-AI17<0), "",(AI18-AI17)*1000) -> 0 | AL18: =IF((AK18-AK17<0), "",(AK18-AK17)*1000) -> 0 | AN18: =IF((AM18-AM17<0), "",(AM18-AM17)*1000) -> 0 | AP18: =IF((AO18-AO17<0), "",(AO18-AO17)*1000) -> 0 | AR18: =IF((AQ18-AQ17<0), "",(AQ18-AQ17)*1000) -> 0 | AT18: =IF((AS18-AS17<0), "",(AS18-AS17)*1000) -> 0 | AV18: =IF((AU18-AU17<0), "",(AU18-AU17)*1000) -> 0 | AX18: =IF((AW18-AW17<0), "",(AW18-AW17)*1000) -> 0 | AZ18: =IF((AY18-AY17<0), "",(AY18-AY17)*1000) -> 0 | BB18: =IF((BA18-BA17<0), "",(BA18-BA17)*1000) -> 0 | BD18: =IF((BC18-BC17<0), "",(BC18-BC17)*1000) -> 0 | BF18: =IF((BE18-BE17<0), "",BE18-BE17) -> 0 | BH18: =IF((BG18-BG17<0), "",(BG18-BG17)*1000) -> 0 | BJ18: =IF((BI18-BI17<0), "",(BI18-BI17)*1000) -> 0 | BL18: =IF((BK18-BK17<0), "",(BK18-BK17)*1000) -> 0 | BN18: =IF((BM18-BM17<0), "",(BM18-BM17)*1000) -> 0 | BP18: =IF((BO18-BO17<0), "",(BO18-BO17)*1000) -> 0 | BR18: =IF((BQ18-BQ17<0), "",BQ18-BQ17) -> 0 | BT18: =IF((BS18-BS17<0), "",(BS18-BS17)*1000) -> 0 | BV18: =IF((BU18-BU17<0), "",BU18-BU17) -> 0 | BX18: =IF((BW18-BW17<0), "",(BW18-BW17)*1000) -> 0 | BZ18: =IF((BY18-BY17<0), "",BY18-BY17) -> 0 | CB18: =IF((CA18-CA17<0), "",CA18-CA17) -> 0 | CD18: =IF((CC18-CC17<0), "",CC18-CC17) -> 0 | CF18: =IF((CE18-CE17<0), "",CE18-CE17) -> 0 | CH18: =IF((CG18-CG17<0), "",CG18-CG17) -> 0 | CJ18: =IF((CI18-CI17<0), "",CI18-CI17) -> 0 | CL18: =IF((CK18-CK17<0), "",(CK18-CK17)*1000) -> 0 | CM18: =CQ18+CS18 -> 0 | CQ18: =IF((CP18-CP17<0), "",CP18-CP17) -> 0 | CS18: =IF((CR18-CR17<0), "",CR18-CR17) -> 0 | CU18: =IF((CT18-CT17<0), "",CT18-CT17) -> 0 | CW18: =IF((CV18-CV17<0), "",CV18-CV17) -> 0 | CY18: =IF((CX18-CX17<0), "",CX18-CX17) -> 0
A19: 44760 | D19: =IF((C19-C18<0), "0",(C19-C18)*1000000) -> 0 | F19: =IF((E19-E18<0), "0",(E19-E18)*1000000) -> 0 | H19: =IF((G19-G18<0), "0",(G19-G18)*1000000) -> 0 | J19: =IF((I19-I18<0), "0",(I19-I18)*1000000) -> 0 | L19: =IF((K19-K18<0), "0",(K19-K18)*1000000) -> 0 | N19: =IF((M19-M18<0), "",(M19-M18)*1000000) -> 0 | P19: =IF((O19-O18<0), "",O19-O18) -> 0 | R19: =IF((Q19-Q18<0), "",Q19-Q18) -> 0 | T19: =IF((S19-S18<0), "",S19-S18) -> 0 | V19: =IF((U19-U18<0), "",U19-U18) -> 0 | X19: =IF((W19-W18<0), "",(W19-W18)*1000) -> 0 | Z19: =IF((Y19-Y18<0), "",(Y19-Y18)*1000000) -> 0 | AB19: =IF((AA19-AA18<0), "",(AA19-AA18)*1000) -> 0 | AD19: =IF((AC19-AC18<0), "",(AC19-AC18)*1000) -> 0 | AF19: =IF((AE19-AE18<0), "",(AE19-AE18)*1000) -> 0 | AH19: =IF((AG19-AG18<0), "",AG19-AG18) -> 0 | AJ19: =IF((AI19-AI18<0), "",(AI19-AI18)*1000) -> 0 | AL19: =IF((AK19-AK18<0), "",(AK19-AK18)*1000) -> 0 | AN19: =IF((AM19-AM18<0), "",(AM19-AM18)*1000) -> 0 | AP19: =IF((AO19-AO18<0), "",(AO19-AO18)*1000) -> 0 | AR19: =IF((AQ19-AQ18<0), "",(AQ19-AQ18)*1000) -> 0 | AT19: =IF((AS19-AS18<0), "",(AS19-AS18)*1000) -> 0 | AV19: =IF((AU19-AU18<0), "",(AU19-AU18)*1000) -> 0 | AX19: =IF((AW19-AW18<0), "",(AW19-AW18)*1000) -> 0 | AZ19: =IF((AY19-AY18<0), "",(AY19-AY18)*1000) -> 0 | BB19: =IF((BA19-BA18<0), "",(BA19-BA18)*1000) -> 0 | BD19: =IF((BC19-BC18<0), "",(BC19-BC18)*1000) -> 0 | BF19: =IF((BE19-BE18<0), "",BE19-BE18) -> 0 | BH19: =IF((BG19-BG18<0), "",(BG19-BG18)*1000) -> 0 | BJ19: =IF((BI19-BI18<0), "",(BI19-BI18)*1000) -> 0 | BL19: =IF((BK19-BK18<0), "",(BK19-BK18)*1000) -> 0 | BN19: =IF((BM19-BM18<0), "",(BM19-BM18)*1000) -> 0 | BP19: =IF((BO19-BO18<0), "",(BO19-BO18)*1000) -> 0 | BR19: =IF((BQ19-BQ18<0), "",BQ19-BQ18) -> 0 | BT19: =IF((BS19-BS18<0), "",(BS19-BS18)*1000) -> 0 | BV19: =IF((BU19-BU18<0), "",BU19-BU18) -> 0 | BX19: =IF((BW19-BW18<0), "",(BW19-BW18)*1000) -> 0 | BZ19: =IF((BY19-BY18<0), "",BY19-BY18) -> 0 | CB19: =IF((CA19-CA18<0), "",CA19-CA18) -> 0 | CD19: =IF((CC19-CC18<0), "",CC19-CC18) -> 0 | CF19: =IF((CE19-CE18<0), "",CE19-CE18) -> 0 | CH19: =IF((CG19-CG18<0), "",CG19-CG18) -> 0 | CJ19: =IF((CI19-CI18<0), "",CI19-CI18) -> 0 | CL19: =IF((CK19-CK18<0), "",(CK19-CK18)*1000) -> 0 | CM19: =CQ19+CS19 -> 0 | CQ19: =IF((CP19-CP18<0), "",CP19-CP18) -> 0 | CS19: =IF((CR19-CR18<0), "",CR19-CR18) -> 0 | CU19: =IF((CT19-CT18<0), "",CT19-CT18) -> 0 | CW19: =IF((CV19-CV18<0), "",CV19-CV18) -> 0 | CY19: =IF((CX19-CX18<0), "",CX19-CX18) -> 0
A20: 44761 | D20: =IF((C20-C19<0), "0",(C20-C19)*1000000) -> 0 | F20: =IF((E20-E19<0), "0",(E20-E19)*1000000) -> 0 | H20: =IF((G20-G19<0), "0",(G20-G19)*1000000) -> 0 | J20: =IF((I20-I19<0), "0",(I20-I19)*1000000) -> 0 | L20: =IF((K20-K19<0), "0",(K20-K19)*1000000) -> 0 | N20: =IF((M20-M19<0), "",(M20-M19)*1000000) -> 0 | P20: =IF((O20-O19<0), "",O20-O19) -> 0 | R20: =IF((Q20-Q19<0), "",Q20-Q19) -> 0 | T20: =IF((S20-S19<0), "",S20-S19) -> 0 | V20: =IF((U20-U19<0), "",U20-U19) -> 0 | X20: =IF((W20-W19<0), "",(W20-W19)*1000) -> 0 | Z20: =IF((Y20-Y19<0), "",(Y20-Y19)*1000000) -> 0 | AB20: =IF((AA20-AA19<0), "",(AA20-AA19)*1000) -> 0 | AD20: =IF((AC20-AC19<0), "",(AC20-AC19)*1000) -> 0 | AF20: =IF((AE20-AE19<0), "",(AE20-AE19)*1000) -> 0 | AH20: =IF((AG20-AG19<0), "",AG20-AG19) -> 0 | AJ20: =IF((AI20-AI19<0), "",(AI20-AI19)*1000) -> 0 | AL20: =IF((AK20-AK19<0), "",(AK20-AK19)*1000) -> 0 | AN20: =IF((AM20-AM19<0), "",(AM20-AM19)*1000) -> 0 | AP20: =IF((AO20-AO19<0), "",(AO20-AO19)*1000) -> 0 | AR20: =IF((AQ20-AQ19<0), "",(AQ20-AQ19)*1000) -> 0 | AT20: =IF((AS20-AS19<0), "",(AS20-AS19)*1000) -> 0 | AV20: =IF((AU20-AU19<0), "",(AU20-AU19)*1000) -> 0 | AX20: =IF((AW20-AW19<0), "",(AW20-AW19)*1000) -> 0 | AZ20: =IF((AY20-AY19<0), "",(AY20-AY19)*1000) -> 0 | BB20: =IF((BA20-BA19<0), "",(BA20-BA19)*1000) -> 0 | BD20: =IF((BC20-BC19<0), "",(BC20-BC19)*1000) -> 0 | BF20: =IF((BE20-BE19<0), "",BE20-BE19) -> 0 | BH20: =IF((BG20-BG19<0), "",(BG20-BG19)*1000) -> 0 | BJ20: =IF((BI20-BI19<0), "",(BI20-BI19)*1000) -> 0 | BL20: =IF((BK20-BK19<0), "",(BK20-BK19)*1000) -> 0 | BN20: =IF((BM20-BM19<0), "",(BM20-BM19)*1000) -> 0 | BP20: =IF((BO20-BO19<0), "",(BO20-BO19)*1000) -> 0 | BR20: =IF((BQ20-BQ19<0), "",BQ20-BQ19) -> 0 | BT20: =IF((BS20-BS19<0), "",(BS20-BS19)*1000) -> 0 | BV20: =IF((BU20-BU19<0), "",BU20-BU19) -> 0 | BX20: =IF((BW20-BW19<0), "",(BW20-BW19)*1000) -> 0 | BZ20: =IF((BY20-BY19<0), "",BY20-BY19) -> 0 | CB20: =IF((CA20-CA19<0), "",CA20-CA19) -> 0 | CD20: =IF((CC20-CC19<0), "",CC20-CC19) -> 0 | CF20: =IF((CE20-CE19<0), "",CE20-CE19) -> 0 | CH20: =IF((CG20-CG19<0), "",CG20-CG19) -> 0 | CJ20: =IF((CI20-CI19<0), "",CI20-CI19) -> 0 | CL20: =IF((CK20-CK19<0), "",(CK20-CK19)*1000) -> 0 | CM20: =CQ20+CS20 -> 0 | CQ20: =IF((CP20-CP19<0), "",CP20-CP19) -> 0 | CS20: =IF((CR20-CR19<0), "",CR20-CR19) -> 0 | CU20: =IF((CT20-CT19<0), "",CT20-CT19) -> 0 | CW20: =IF((CV20-CV19<0), "",CV20-CV19) -> 0 | CY20: =IF((CX20-CX19<0), "",CX20-CX19) -> 0
A21: 44762 | D21: =IF((C21-C20<0), "0",(C21-C20)*1000000) -> 0 | F21: =IF((E21-E20<0), "0",(E21-E20)*1000000) -> 0 | H21: =IF((G21-G20<0), "0",(G21-G20)*1000000) -> 0 | J21: =IF((I21-I20<0), "0",(I21-I20)*1000000) -> 0 | L21: =IF((K21-K20<0), "0",(K21-K20)*1000000) -> 0 | N21: =IF((M21-M20<0), "",(M21-M20)*1000000) -> 0 | P21: =IF((O21-O20<0), "",O21-O20) -> 0 | R21: =IF((Q21-Q20<0), "",Q21-Q20) -> 0 | T21: =IF((S21-S20<0), "",S21-S20) -> 0 | V21: =IF((U21-U20<0), "",U21-U20) -> 0 | X21: =IF((W21-W20<0), "",(W21-W20)*1000) -> 0 | Z21: =IF((Y21-Y20<0), "",(Y21-Y20)*1000000) -> 0 | AB21: =IF((AA21-AA20<0), "",(AA21-AA20)*1000) -> 0 | AD21: =IF((AC21-AC20<0), "",(AC21-AC20)*1000) -> 0 | AF21: =IF((AE21-AE20<0), "",(AE21-AE20)*1000) -> 0 | AH21: =IF((AG21-AG20<0), "",AG21-AG20) -> 0 | AJ21: =IF((AI21-AI20<0), "",(AI21-AI20)*1000) -> 0 | AL21: =IF((AK21-AK20<0), "",(AK21-AK20)*1000) -> 0 | AN21: =IF((AM21-AM20<0), "",(AM21-AM20)*1000) -> 0 | AP21: =IF((AO21-AO20<0), "",(AO21-AO20)*1000) -> 0 | AR21: =IF((AQ21-AQ20<0), "",(AQ21-AQ20)*1000) -> 0 | AT21: =IF((AS21-AS20<0), "",(AS21-AS20)*1000) -> 0 | AV21: =IF((AU21-AU20<0), "",(AU21-AU20)*1000) -> 0 | AX21: =IF((AW21-AW20<0), "",(AW21-AW20)*1000) -> 0 | AZ21: =IF((AY21-AY20<0), "",(AY21-AY20)*1000) -> 0 | BB21: =IF((BA21-BA20<0), "",(BA21-BA20)*1000) -> 0 | BD21: =IF((BC21-BC20<0), "",(BC21-BC20)*1000) -> 0 | BF21: =IF((BE21-BE20<0), "",BE21-BE20) -> 0 | BH21: =IF((BG21-BG20<0), "",(BG21-BG20)*1000) -> 0 | BJ21: =IF((BI21-BI20<0), "",(BI21-BI20)*1000) -> 0 | BL21: =IF((BK21-BK20<0), "",(BK21-BK20)*1000) -> 0 | BN21: =IF((BM21-BM20<0), "",(BM21-BM20)*1000) -> 0 | BP21: =IF((BO21-BO20<0), "",(BO21-BO20)*1000) -> 0 | BR21: =IF((BQ21-BQ20<0), "",BQ21-BQ20) -> 0 | BT21: =IF((BS21-BS20<0), "",(BS21-BS20)*1000) -> 0 | BV21: =IF((BU21-BU20<0), "",BU21-BU20) -> 0 | BX21: =IF((BW21-BW20<0), "",(BW21-BW20)*1000) -> 0 | BZ21: =IF((BY21-BY20<0), "",BY21-BY20) -> 0 | CB21: =IF((CA21-CA20<0), "",CA21-CA20) -> 0 | CD21: =IF((CC21-CC20<0), "",CC21-CC20) -> 0 | CF21: =IF((CE21-CE20<0), "",CE21-CE20) -> 0 | CH21: =IF((CG21-CG20<0), "",CG21-CG20) -> 0 | CJ21: =IF((CI21-CI20<0), "",CI21-CI20) -> 0 | CL21: =IF((CK21-CK20<0), "",(CK21-CK20)*1000) -> 0 | CM21: =CQ21+CS21 -> 0 | CQ21: =IF((CP21-CP20<0), "",CP21-CP20) -> 0 | CS21: =IF((CR21-CR20<0), "",CR21-CR20) -> 0 | CU21: =IF((CT21-CT20<0), "",CT21-CT20) -> 0 | CW21: =IF((CV21-CV20<0), "",CV21-CV20) -> 0 | CY21: =IF((CX21-CX20<0), "",CX21-CX20) -> 0
A22: 44763 | D22: =IF((C22-C21<0), "0",(C22-C21)*1000000) -> 0 | F22: =IF((E22-E21<0), "0",(E22-E21)*1000000) -> 0 | H22: =IF((G22-G21<0), "0",(G22-G21)*1000000) -> 0 | J22: =IF((I22-I21<0), "0",(I22-I21)*1000000) -> 0 | L22: =IF((K22-K21<0), "0",(K22-K21)*1000000) -> 0 | N22: =IF((M22-M21<0), "",(M22-M21)*1000000) -> 0 | P22: =IF((O22-O21<0), "",O22-O21) -> 0 | R22: =IF((Q22-Q21<0), "",Q22-Q21) -> 0 | T22: =IF((S22-S21<0), "",S22-S21) -> 0 | V22: =IF((U22-U21<0), "",U22-U21) -> 0 | X22: =IF((W22-W21<0), "",(W22-W21)*1000) -> 0 | Z22: =IF((Y22-Y21<0), "",(Y22-Y21)*1000000) -> 0 | AB22: =IF((AA22-AA21<0), "",(AA22-AA21)*1000) -> 0 | AD22: =IF((AC22-AC21<0), "",(AC22-AC21)*1000) -> 0 | AF22: =IF((AE22-AE21<0), "",(AE22-AE21)*1000) -> 0 | AH22: =IF((AG22-AG21<0), "",AG22-AG21) -> 0 | AJ22: =IF((AI22-AI21<0), "",(AI22-AI21)*1000) -> 0 | AL22: =IF((AK22-AK21<0), "",(AK22-AK21)*1000) -> 0 | AN22: =IF((AM22-AM21<0), "",(AM22-AM21)*1000) -> 0 | AP22: =IF((AO22-AO21<0), "",(AO22-AO21)*1000) -> 0 | AR22: =IF((AQ22-AQ21<0), "",(AQ22-AQ21)*1000) -> 0 | AT22: =IF((AS22-AS21<0), "",(AS22-AS21)*1000) -> 0 | AV22: =IF((AU22-AU21<0), "",(AU22-AU21)*1000) -> 0 | AX22: =IF((AW22-AW21<0), "",(AW22-AW21)*1000) -> 0 | AZ22: =IF((AY22-AY21<0), "",(AY22-AY21)*1000) -> 0 | BB22: =IF((BA22-BA21<0), "",(BA22-BA21)*1000) -> 0 | BD22: =IF((BC22-BC21<0), "",(BC22-BC21)*1000) -> 0 | BF22: =IF((BE22-BE21<0), "",BE22-BE21) -> 0 | BH22: =IF((BG22-BG21<0), "",(BG22-BG21)*1000) -> 0 | BJ22: =IF((BI22-BI21<0), "",(BI22-BI21)*1000) -> 0 | BL22: =IF((BK22-BK21<0), "",(BK22-BK21)*1000) -> 0 | BN22: =IF((BM22-BM21<0), "",(BM22-BM21)*1000) -> 0 | BP22: =IF((BO22-BO21<0), "",(BO22-BO21)*1000) -> 0 | BR22: =IF((BQ22-BQ21<0), "",BQ22-BQ21) -> 0 | BT22: =IF((BS22-BS21<0), "",(BS22-BS21)*1000) -> 0 | BV22: =IF((BU22-BU21<0), "",BU22-BU21) -> 0 | BX22: =IF((BW22-BW21<0), "",(BW22-BW21)*1000) -> 0 | BZ22: =IF((BY22-BY21<0), "",BY22-BY21) -> 0 | CB22: =IF((CA22-CA21<0), "",CA22-CA21) -> 0 | CD22: =IF((CC22-CC21<0), "",CC22-CC21) -> 0 | CF22: =IF((CE22-CE21<0), "",CE22-CE21) -> 0 | CH22: =IF((CG22-CG21<0), "",CG22-CG21) -> 0 | CJ22: =IF((CI22-CI21<0), "",CI22-CI21) -> 0 | CL22: =IF((CK22-CK21<0), "",(CK22-CK21)*1000) -> 0 | CM22: =CQ22+CS22 -> 0 | CQ22: =IF((CP22-CP21<0), "",CP22-CP21) -> 0 | CS22: =IF((CR22-CR21<0), "",CR22-CR21) -> 0 | CU22: =IF((CT22-CT21<0), "",CT22-CT21) -> 0 | CW22: =IF((CV22-CV21<0), "",CV22-CV21) -> 0 | CY22: =IF((CX22-CX21<0), "",CX22-CX21) -> 0
A23: 44764 | D23: =IF((C23-C22<0), "0",(C23-C22)*1000000) -> 0 | F23: =IF((E23-E22<0), "0",(E23-E22)*1000000) -> 0 | H23: =IF((G23-G22<0), "0",(G23-G22)*1000000) -> 0 | J23: =IF((I23-I22<0), "0",(I23-I22)*1000000) -> 0 | L23: =IF((K23-K22<0), "0",(K23-K22)*1000000) -> 0 | N23: =IF((M23-M22<0), "",(M23-M22)*1000000) -> 0 | P23: =IF((O23-O22<0), "",O23-O22) -> 0 | R23: =IF((Q23-Q22<0), "",Q23-Q22) -> 0 | T23: =IF((S23-S22<0), "",S23-S22) -> 0 | V23: =IF((U23-U22<0), "",U23-U22) -> 0 | X23: =IF((W23-W22<0), "",(W23-W22)*1000) -> 0 | Z23: =IF((Y23-Y22<0), "",(Y23-Y22)*1000000) -> 0 | AB23: =IF((AA23-AA22<0), "",(AA23-AA22)*1000) -> 0 | AD23: =IF((AC23-AC22<0), "",(AC23-AC22)*1000) -> 0 | AF23: =IF((AE23-AE22<0), "",(AE23-AE22)*1000) -> 0 | AH23: =IF((AG23-AG22<0), "",AG23-AG22) -> 0 | AJ23: =IF((AI23-AI22<0), "",(AI23-AI22)*1000) -> 0 | AL23: =IF((AK23-AK22<0), "",(AK23-AK22)*1000) -> 0 | AN23: =IF((AM23-AM22<0), "",(AM23-AM22)*1000) -> 0 | AP23: =IF((AO23-AO22<0), "",(AO23-AO22)*1000) -> 0 | AR23: =IF((AQ23-AQ22<0), "",(AQ23-AQ22)*1000) -> 0 | AT23: =IF((AS23-AS22<0), "",(AS23-AS22)*1000) -> 0 | AV23: =IF((AU23-AU22<0), "",(AU23-AU22)*1000) -> 0 | AX23: =IF((AW23-AW22<0), "",(AW23-AW22)*1000) -> 0 | AZ23: =IF((AY23-AY22<0), "",(AY23-AY22)*1000) -> 0 | BB23: =IF((BA23-BA22<0), "",(BA23-BA22)*1000) -> 0 | BD23: =IF((BC23-BC22<0), "",(BC23-BC22)*1000) -> 0 | BF23: =IF((BE23-BE22<0), "",BE23-BE22) -> 0 | BH23: =IF((BG23-BG22<0), "",(BG23-BG22)*1000) -> 0 | BJ23: =IF((BI23-BI22<0), "",(BI23-BI22)*1000) -> 0 | BL23: =IF((BK23-BK22<0), "",(BK23-BK22)*1000) -> 0 | BN23: =IF((BM23-BM22<0), "",(BM23-BM22)*1000) -> 0 | BP23: =IF((BO23-BO22<0), "",(BO23-BO22)*1000) -> 0 | BR23: =IF((BQ23-BQ22<0), "",BQ23-BQ22) -> 0 | BT23: =IF((BS23-BS22<0), "",(BS23-BS22)*1000) -> 0 | BV23: =IF((BU23-BU22<0), "",BU23-BU22) -> 0 | BX23: =IF((BW23-BW22<0), "",(BW23-BW22)*1000) -> 0 | BZ23: =IF((BY23-BY22<0), "",BY23-BY22) -> 0 | CB23: =IF((CA23-CA22<0), "",CA23-CA22) -> 0 | CD23: =IF((CC23-CC22<0), "",CC23-CC22) -> 0 | CF23: =IF((CE23-CE22<0), "",CE23-CE22) -> 0 | CH23: =IF((CG23-CG22<0), "",CG23-CG22) -> 0 | CJ23: =IF((CI23-CI22<0), "",CI23-CI22) -> 0 | CL23: =IF((CK23-CK22<0), "",(CK23-CK22)*1000) -> 0 | CM23: =CQ23+CS23 -> 0 | CQ23: =IF((CP23-CP22<0), "",CP23-CP22) -> 0 | CS23: =IF((CR23-CR22<0), "",CR23-CR22) -> 0 | CU23: =IF((CT23-CT22<0), "",CT23-CT22) -> 0 | CW23: =IF((CV23-CV22<0), "",CV23-CV22) -> 0 | CY23: =IF((CX23-CX22<0), "",CX23-CX22) -> 0
A24: 44765 | D24: =IF((C24-C23<0), "0",(C24-C23)*1000000) -> 0 | F24: =IF((E24-E23<0), "0",(E24-E23)*1000000) -> 0 | H24: =IF((G24-G23<0), "0",(G24-G23)*1000000) -> 0 | J24: =IF((I24-I23<0), "0",(I24-I23)*1000000) -> 0 | L24: =IF((K24-K23<0), "0",(K24-K23)*1000000) -> 0 | N24: =IF((M24-M23<0), "",(M24-M23)*1000000) -> 0 | P24: =IF((O24-O23<0), "",O24-O23) -> 0 | R24: =IF((Q24-Q23<0), "",Q24-Q23) -> 0 | T24: =IF((S24-S23<0), "",S24-S23) -> 0 | V24: =IF((U24-U23<0), "",U24-U23) -> 0 | X24: =IF((W24-W23<0), "",(W24-W23)*1000) -> 0 | Z24: =IF((Y24-Y23<0), "",(Y24-Y23)*1000000) -> 0 | AB24: =IF((AA24-AA23<0), "",(AA24-AA23)*1000) -> 0 | AD24: =IF((AC24-AC23<0), "",(AC24-AC23)*1000) -> 0 | AF24: =IF((AE24-AE23<0), "",(AE24-AE23)*1000) -> 0 | AH24: =IF((AG24-AG23<0), "",AG24-AG23) -> 0 | AJ24: =IF((AI24-AI23<0), "",(AI24-AI23)*1000) -> 0 | AL24: =IF((AK24-AK23<0), "",(AK24-AK23)*1000) -> 0 | AN24: =IF((AM24-AM23<0), "",(AM24-AM23)*1000) -> 0 | AP24: =IF((AO24-AO23<0), "",(AO24-AO23)*1000) -> 0 | AR24: =IF((AQ24-AQ23<0), "",(AQ24-AQ23)*1000) -> 0 | AT24: =IF((AS24-AS23<0), "",(AS24-AS23)*1000) -> 0 | AV24: =IF((AU24-AU23<0), "",(AU24-AU23)*1000) -> 0 | AX24: =IF((AW24-AW23<0), "",(AW24-AW23)*1000) -> 0 | AZ24: =IF((AY24-AY23<0), "",(AY24-AY23)*1000) -> 0 | BB24: =IF((BA24-BA23<0), "",(BA24-BA23)*1000) -> 0 | BD24: =IF((BC24-BC23<0), "",(BC24-BC23)*1000) -> 0 | BF24: =IF((BE24-BE23<0), "",BE24-BE23) -> 0 | BH24: =IF((BG24-BG23<0), "",(BG24-BG23)*1000) -> 0 | BJ24: =IF((BI24-BI23<0), "",(BI24-BI23)*1000) -> 0 | BL24: =IF((BK24-BK23<0), "",(BK24-BK23)*1000) -> 0 | BN24: =IF((BM24-BM23<0), "",(BM24-BM23)*1000) -> 0 | BP24: =IF((BO24-BO23<0), "",(BO24-BO23)*1000) -> 0 | BR24: =IF((BQ24-BQ23<0), "",BQ24-BQ23) -> 0 | BT24: =IF((BS24-BS23<0), "",(BS24-BS23)*1000) -> 0 | BV24: =IF((BU24-BU23<0), "",BU24-BU23) -> 0 | BX24: =IF((BW24-BW23<0), "",(BW24-BW23)*1000) -> 0 | BZ24: =IF((BY24-BY23<0), "",BY24-BY23) -> 0 | CB24: =IF((CA24-CA23<0), "",CA24-CA23) -> 0 | CD24: =IF((CC24-CC23<0), "",CC24-CC23) -> 0 | CF24: =IF((CE24-CE23<0), "",CE24-CE23) -> 0 | CH24: =IF((CG24-CG23<0), "",CG24-CG23) -> 0 | CJ24: =IF((CI24-CI23<0), "",CI24-CI23) -> 0 | CL24: =IF((CK24-CK23<0), "",(CK24-CK23)*1000) -> 0 | CM24: =CQ24+CS24 -> 0 | CQ24: =IF((CP24-CP23<0), "",CP24-CP23) -> 0 | CS24: =IF((CR24-CR23<0), "",CR24-CR23) -> 0 | CU24: =IF((CT24-CT23<0), "",CT24-CT23) -> 0 | CW24: =IF((CV24-CV23<0), "",CV24-CV23) -> 0 | CY24: =IF((CX24-CX23<0), "",CX24-CX23) -> 0
A25: 44766 | D25: =IF((C25-C24<0), "0",(C25-C24)*1000000) -> 0 | F25: =IF((E25-E24<0), "0",(E25-E24)*1000000) -> 0 | H25: =IF((G25-G24<0), "0",(G25-G24)*1000000) -> 0 | J25: =IF((I25-I24<0), "0",(I25-I24)*1000000) -> 0 | L25: =IF((K25-K24<0), "0",(K25-K24)*1000000) -> 0 | N25: =IF((M25-M24<0), "",(M25-M24)*1000000) -> 0 | P25: =IF((O25-O24<0), "",O25-O24) -> 0 | R25: =IF((Q25-Q24<0), "",Q25-Q24) -> 0 | T25: =IF((S25-S24<0), "",S25-S24) -> 0 | V25: =IF((U25-U24<0), "",U25-U24) -> 0 | X25: =IF((W25-W24<0), "",(W25-W24)*1000) -> 0 | Z25: =IF((Y25-Y24<0), "",(Y25-Y24)*1000000) -> 0 | AB25: =IF((AA25-AA24<0), "",(AA25-AA24)*1000) -> 0 | AD25: =IF((AC25-AC24<0), "",(AC25-AC24)*1000) -> 0 | AF25: =IF((AE25-AE24<0), "",(AE25-AE24)*1000) -> 0 | AH25: =IF((AG25-AG24<0), "",AG25-AG24) -> 0 | AJ25: =IF((AI25-AI24<0), "",(AI25-AI24)*1000) -> 0 | AL25: =IF((AK25-AK24<0), "",(AK25-AK24)*1000) -> 0 | AN25: =IF((AM25-AM24<0), "",(AM25-AM24)*1000) -> 0 | AP25: =IF((AO25-AO24<0), "",(AO25-AO24)*1000) -> 0 | AR25: =IF((AQ25-AQ24<0), "",(AQ25-AQ24)*1000) -> 0 | AT25: =IF((AS25-AS24<0), "",(AS25-AS24)*1000) -> 0 | AV25: =IF((AU25-AU24<0), "",(AU25-AU24)*1000) -> 0 | AX25: =IF((AW25-AW24<0), "",(AW25-AW24)*1000) -> 0 | AZ25: =IF((AY25-AY24<0), "",(AY25-AY24)*1000) -> 0 | BB25: =IF((BA25-BA24<0), "",(BA25-BA24)*1000) -> 0 | BD25: =IF((BC25-BC24<0), "",(BC25-BC24)*1000) -> 0 | BF25: =IF((BE25-BE24<0), "",BE25-BE24) -> 0 | BH25: =IF((BG25-BG24<0), "",(BG25-BG24)*1000) -> 0 | BJ25: =IF((BI25-BI24<0), "",(BI25-BI24)*1000) -> 0 | BL25: =IF((BK25-BK24<0), "",(BK25-BK24)*1000) -> 0 | BN25: =IF((BM25-BM24<0), "",(BM25-BM24)*1000) -> 0 | BP25: =IF((BO25-BO24<0), "",(BO25-BO24)*1000) -> 0 | BR25: =IF((BQ25-BQ24<0), "",BQ25-BQ24) -> 0 | BT25: =IF((BS25-BS24<0), "",(BS25-BS24)*1000) -> 0 | BV25: =IF((BU25-BU24<0), "",BU25-BU24) -> 0 | BX25: =IF((BW25-BW24<0), "",(BW25-BW24)*1000) -> 0 | BZ25: =IF((BY25-BY24<0), "",BY25-BY24) -> 0 | CB25: =IF((CA25-CA24<0), "",CA25-CA24) -> 0 | CD25: =IF((CC25-CC24<0), "",CC25-CC24) -> 0 | CF25: =IF((CE25-CE24<0), "",CE25-CE24) -> 0 | CH25: =IF((CG25-CG24<0), "",CG25-CG24) -> 0 | CJ25: =IF((CI25-CI24<0), "",CI25-CI24) -> 0 | CL25: =IF((CK25-CK24<0), "",(CK25-CK24)*1000) -> 0 | CM25: =CQ25+CS25 -> 0 | CQ25: =IF((CP25-CP24<0), "",CP25-CP24) -> 0 | CS25: =IF((CR25-CR24<0), "",CR25-CR24) -> 0 | CU25: =IF((CT25-CT24<0), "",CT25-CT24) -> 0 | CW25: =IF((CV25-CV24<0), "",CV25-CV24) -> 0 | CY25: =IF((CX25-CX24<0), "",CX25-CX24) -> 0
A26: 44767 | D26: =IF((C26-C25<0), "0",(C26-C25)*1000000) -> 0 | F26: =IF((E26-E25<0), "0",(E26-E25)*1000000) -> 0 | H26: =IF((G26-G25<0), "0",(G26-G25)*1000000) -> 0 | J26: =IF((I26-I25<0), "0",(I26-I25)*1000000) -> 0 | L26: =IF((K26-K25<0), "0",(K26-K25)*1000000) -> 0 | N26: =IF((M26-M25<0), "",(M26-M25)*1000000) -> 0 | P26: =IF((O26-O25<0), "",O26-O25) -> 0 | R26: =IF((Q26-Q25<0), "",Q26-Q25) -> 0 | T26: =IF((S26-S25<0), "",S26-S25) -> 0 | V26: =IF((U26-U25<0), "",U26-U25) -> 0 | X26: =IF((W26-W25<0), "",(W26-W25)*1000) -> 0 | Z26: =IF((Y26-Y25<0), "",(Y26-Y25)*1000000) -> 0 | AB26: =IF((AA26-AA25<0), "",(AA26-AA25)*1000) -> 0 | AD26: =IF((AC26-AC25<0), "",(AC26-AC25)*1000) -> 0 | AF26: =IF((AE26-AE25<0), "",(AE26-AE25)*1000) -> 0 | AH26: =IF((AG26-AG25<0), "",AG26-AG25) -> 0 | AJ26: =IF((AI26-AI25<0), "",(AI26-AI25)*1000) -> 0 | AL26: =IF((AK26-AK25<0), "",(AK26-AK25)*1000) -> 0 | AN26: =IF((AM26-AM25<0), "",(AM26-AM25)*1000) -> 0 | AP26: =IF((AO26-AO25<0), "",(AO26-AO25)*1000) -> 0 | AR26: =IF((AQ26-AQ25<0), "",(AQ26-AQ25)*1000) -> 0 | AT26: =IF((AS26-AS25<0), "",(AS26-AS25)*1000) -> 0 | AV26: =IF((AU26-AU25<0), "",(AU26-AU25)*1000) -> 0 | AX26: =IF((AW26-AW25<0), "",(AW26-AW25)*1000) -> 0 | AZ26: =IF((AY26-AY25<0), "",(AY26-AY25)*1000) -> 0 | BB26: =IF((BA26-BA25<0), "",(BA26-BA25)*1000) -> 0 | BD26: =IF((BC26-BC25<0), "",(BC26-BC25)*1000) -> 0 | BF26: =IF((BE26-BE25<0), "",BE26-BE25) -> 0 | BH26: 249.59 | BJ26: =IF((BI26-BI25<0), "",(BI26-BI25)*1000) -> 0 | BL26: =IF((BK26-BK25<0), "",(BK26-BK25)*1000) -> 0 | BN26: =IF((BM26-BM25<0), "",(BM26-BM25)*1000) -> 0 | BP26: =IF((BO26-BO25<0), "",(BO26-BO25)*1000) -> 0 | BR26: =IF((BQ26-BQ25<0), "",BQ26-BQ25) -> 0 | BT26: =IF((BS26-BS25<0), "",(BS26-BS25)*1000) -> 0 | BV26: =IF((BU26-BU25<0), "",BU26-BU25) -> 0 | BX26: =IF((BW26-BW25<0), "",(BW26-BW25)*1000) -> 0 | BZ26: =IF((BY26-BY25<0), "",BY26-BY25) -> 0 | CB26: =IF((CA26-CA25<0), "",CA26-CA25) -> 0 | CD26: =IF((CC26-CC25<0), "",CC26-CC25) -> 0 | CF26: =IF((CE26-CE25<0), "",CE26-CE25) -> 0 | CH26: =IF((CG26-CG25<0), "",CG26-CG25) -> 0 | CJ26: =IF((CI26-CI25<0), "",CI26-CI25) -> 0 | CL26: =IF((CK26-CK25<0), "",(CK26-CK25)*1000) -> 0 | CM26: =CQ26+CS26 -> 0 | CQ26: =IF((CP26-CP25<0), "",CP26-CP25) -> 0 | CS26: =IF((CR26-CR25<0), "",CR26-CR25) -> 0 | CU26: =IF((CT26-CT25<0), "",CT26-CT25) -> 0 | CW26: =IF((CV26-CV25<0), "",CV26-CV25) -> 0 | CY26: =IF((CX26-CX25<0), "",CX26-CX25) -> 0
A27: 44768 | D27: =IF((C27-C26<0), "0",(C27-C26)*1000000) -> 0 | F27: =IF((E27-E26<0), "0",(E27-E26)*1000000) -> 0 | H27: =IF((G27-G26<0), "0",(G27-G26)*1000000) -> 0 | J27: =IF((I27-I26<0), "0",(I27-I26)*1000000) -> 0 | L27: =IF((K27-K26<0), "0",(K27-K26)*1000000) -> 0 | N27: =IF((M27-M26<0), "",(M27-M26)*1000000) -> 0 | P27: =IF((O27-O26<0), "",O27-O26) -> 0 | R27: =IF((Q27-Q26<0), "",Q27-Q26) -> 0 | T27: =IF((S27-S26<0), "",S27-S26) -> 0 | V27: =IF((U27-U26<0), "",U27-U26) -> 0 | X27: =IF((W27-W26<0), "",(W27-W26)*1000) -> 0 | Z27: =IF((Y27-Y26<0), "",(Y27-Y26)*1000000) -> 0 | AB27: =IF((AA27-AA26<0), "",(AA27-AA26)*1000) -> 0 | AD27: =IF((AC27-AC26<0), "",(AC27-AC26)*1000) -> 0 | AF27: =IF((AE27-AE26<0), "",(AE27-AE26)*1000) -> 0 | AH27: =IF((AG27-AG26<0), "",AG27-AG26) -> 0 | AJ27: =IF((AI27-AI26<0), "",(AI27-AI26)*1000) -> 0 | AL27: =IF((AK27-AK26<0), "",(AK27-AK26)*1000) -> 0 | AN27: =IF((AM27-AM26<0), "",(AM27-AM26)*1000) -> 0 | AP27: =IF((AO27-AO26<0), "",(AO27-AO26)*1000) -> 0 | AR27: =IF((AQ27-AQ26<0), "",(AQ27-AQ26)*1000) -> 0 | AT27: =IF((AS27-AS26<0), "",(AS27-AS26)*1000) -> 0 | AV27: =IF((AU27-AU26<0), "",(AU27-AU26)*1000) -> 0 | AX27: =IF((AW27-AW26<0), "",(AW27-AW26)*1000) -> 0 | AZ27: =IF((AY27-AY26<0), "",(AY27-AY26)*1000) -> 0 | BB27: =IF((BA27-BA26<0), "",(BA27-BA26)*1000) -> 0 | BD27: =IF((BC27-BC26<0), "",(BC27-BC26)*1000) -> 0 | BF27: =IF((BE27-BE26<0), "",BE27-BE26) -> 0 | BH27: =IF((BG27-BG26<0), "",(BG27-BG26)*1000) -> 0 | BJ27: =IF((BI27-BI26<0), "",(BI27-BI26)*1000) -> 0 | BL27: =IF((BK27-BK26<0), "",(BK27-BK26)*1000) -> 0 | BN27: =IF((BM27-BM26<0), "",(BM27-BM26)*1000) -> 0 | BP27: =IF((BO27-BO26<0), "",(BO27-BO26)*1000) -> 0 | BR27: =IF((BQ27-BQ26<0), "",BQ27-BQ26) -> 0 | BT27: =IF((BS27-BS26<0), "",(BS27-BS26)*1000) -> 0 | BV27: =IF((BU27-BU26<0), "",BU27-BU26) -> 0 | BX27: =IF((BW27-BW26<0), "",(BW27-BW26)*1000) -> 0 | BZ27: =IF((BY27-BY26<0), "",BY27-BY26) -> 0 | CB27: =IF((CA27-CA26<0), "",CA27-CA26) -> 0 | CD27: =IF((CC27-CC26<0), "",CC27-CC26) -> 0 | CF27: =IF((CE27-CE26<0), "",CE27-CE26) -> 0 | CH27: =IF((CG27-CG26<0), "",CG27-CG26) -> 0 | CJ27: =IF((CI27-CI26<0), "",CI27-CI26) -> 0 | CL27: =IF((CK27-CK26<0), "",(CK27-CK26)*1000) -> 0 | CM27: =CQ27+CS27 -> 0 | CQ27: =IF((CP27-CP26<0), "",CP27-CP26) -> 0 | CS27: =IF((CR27-CR26<0), "",CR27-CR26) -> 0 | CU27: =IF((CT27-CT26<0), "",CT27-CT26) -> 0 | CW27: =IF((CV27-CV26<0), "",CV27-CV26) -> 0 | CY27: =IF((CX27-CX26<0), "",CX27-CX26) -> 0
A28: 44769 | D28: =IF((C28-C27<0), "0",(C28-C27)*1000000) -> 0 | F28: =IF((E28-E27<0), "0",(E28-E27)*1000000) -> 0 | H28: =IF((G28-G27<0), "0",(G28-G27)*1000000) -> 0 | J28: =IF((I28-I27<0), "0",(I28-I27)*1000000) -> 0 | L28: =IF((K28-K27<0), "0",(K28-K27)*1000000) -> 0 | N28: =IF((M28-M27<0), "",(M28-M27)*1000000) -> 0 | P28: =IF((O28-O27<0), "",O28-O27) -> 0 | R28: =IF((Q28-Q27<0), "",Q28-Q27) -> 0 | T28: =IF((S28-S27<0), "",S28-S27) -> 0 | V28: =IF((U28-U27<0), "",U28-U27) -> 0 | X28: =IF((W28-W27<0), "",(W28-W27)*1000) -> 0 | Z28: =IF((Y28-Y27<0), "",(Y28-Y27)*1000000) -> 0 | AB28: =IF((AA28-AA27<0), "",(AA28-AA27)*1000) -> 0 | AD28: =IF((AC28-AC27<0), "",(AC28-AC27)*1000) -> 0 | AF28: =IF((AE28-AE27<0), "",(AE28-AE27)*1000) -> 0 | AH28: =IF((AG28-AG27<0), "",AG28-AG27) -> 0 | AJ28: =IF((AI28-AI27<0), "",(AI28-AI27)*1000) -> 0 | AL28: =IF((AK28-AK27<0), "",(AK28-AK27)*1000) -> 0 | AN28: =IF((AM28-AM27<0), "",(AM28-AM27)*1000) -> 0 | AP28: =IF((AO28-AO27<0), "",(AO28-AO27)*1000) -> 0 | AR28: =IF((AQ28-AQ27<0), "",(AQ28-AQ27)*1000) -> 0 | AT28: =IF((AS28-AS27<0), "",(AS28-AS27)*1000) -> 0 | AV28: =IF((AU28-AU27<0), "",(AU28-AU27)*1000) -> 0 | AX28: =IF((AW28-AW27<0), "",(AW28-AW27)*1000) -> 0 | AZ28: =IF((AY28-AY27<0), "",(AY28-AY27)*1000) -> 0 | BB28: =IF((BA28-BA27<0), "",(BA28-BA27)*1000) -> 0 | BD28: =IF((BC28-BC27<0), "",(BC28-BC27)*1000) -> 0 | BF28: =IF((BE28-BE27<0), "",BE28-BE27) -> 0 | BH28: =IF((BG28-BG27<0), "",(BG28-BG27)*1000) -> 0 | BJ28: =IF((BI28-BI27<0), "",(BI28-BI27)*1000) -> 0 | BL28: =IF((BK28-BK27<0), "",(BK28-BK27)*1000) -> 0 | BN28: =IF((BM28-BM27<0), "",(BM28-BM27)*1000) -> 0 | BP28: =IF((BO28-BO27<0), "",(BO28-BO27)*1000) -> 0 | BR28: =IF((BQ28-BQ27<0), "",BQ28-BQ27) -> 0 | BT28: =IF((BS28-BS27<0), "",(BS28-BS27)*1000) -> 0 | BV28: =IF((BU28-BU27<0), "",BU28-BU27) -> 0 | BX28: =IF((BW28-BW27<0), "",(BW28-BW27)*1000) -> 0 | BZ28: =IF((BY28-BY27<0), "",BY28-BY27) -> 0 | CB28: =IF((CA28-CA27<0), "",CA28-CA27) -> 0 | CD28: =IF((CC28-CC27<0), "",CC28-CC27) -> 0 | CF28: =IF((CE28-CE27<0), "",CE28-CE27) -> 0 | CH28: =IF((CG28-CG27<0), "",CG28-CG27) -> 0 | CJ28: =IF((CI28-CI27<0), "",CI28-CI27) -> 0 | CL28: =IF((CK28-CK27<0), "",(CK28-CK27)*1000) -> 0 | CM28: =CQ28+CS28 -> 0 | CQ28: =IF((CP28-CP27<0), "",CP28-CP27) -> 0 | CS28: =IF((CR28-CR27<0), "",CR28-CR27) -> 0 | CU28: =IF((CT28-CT27<0), "",CT28-CT27) -> 0 | CW28: =IF((CV28-CV27<0), "",CV28-CV27) -> 0 | CY28: =IF((CX28-CX27<0), "",CX28-CX27) -> 0
A29: 44770 | D29: =IF((C29-C28<0), "0",(C29-C28)*1000000) -> 0 | F29: =IF((E29-E28<0), "0",(E29-E28)*1000000) -> 0 | H29: =IF((G29-G28<0), "0",(G29-G28)*1000000) -> 0 | J29: =IF((I29-I28<0), "0",(I29-I28)*1000000) -> 0 | L29: =IF((K29-K28<0), "0",(K29-K28)*1000000) -> 0 | N29: =IF((M29-M28<0), "",(M29-M28)*1000000) -> 0 | P29: =IF((O29-O28<0), "",O29-O28) -> 0 | R29: =IF((Q29-Q28<0), "",Q29-Q28) -> 0 | T29: =IF((S29-S28<0), "",S29-S28) -> 0 | V29: =IF((U29-U28<0), "",U29-U28) -> 0 | X29: =IF((W29-W28<0), "",(W29-W28)*1000) -> 0 | Z29: =IF((Y29-Y28<0), "",(Y29-Y28)*1000000) -> 0 | AB29: =IF((AA29-AA28<0), "",(AA29-AA28)*1000) -> 0 | AD29: =IF((AC29-AC28<0), "",(AC29-AC28)*1000) -> 0 | AF29: =IF((AE29-AE28<0), "",(AE29-AE28)*1000) -> 0 | AH29: =IF((AG29-AG28<0), "",AG29-AG28) -> 0 | AJ29: =IF((AI29-AI28<0), "",(AI29-AI28)*1000) -> 0 | AL29: =IF((AK29-AK28<0), "",(AK29-AK28)*1000) -> 0 | AN29: =IF((AM29-AM28<0), "",(AM29-AM28)*1000) -> 0 | AP29: =IF((AO29-AO28<0), "",(AO29-AO28)*1000) -> 0 | AR29: =IF((AQ29-AQ28<0), "",(AQ29-AQ28)*1000) -> 0 | AT29: =IF((AS29-AS28<0), "",(AS29-AS28)*1000) -> 0 | AV29: =IF((AU29-AU28<0), "",(AU29-AU28)*1000) -> 0 | AX29: =IF((AW29-AW28<0), "",(AW29-AW28)*1000) -> 0 | AZ29: =IF((AY29-AY28<0), "",(AY29-AY28)*1000) -> 0 | BB29: =IF((BA29-BA28<0), "",(BA29-BA28)*1000) -> 0 | BD29: =IF((BC29-BC28<0), "",(BC29-BC28)*1000) -> 0 | BF29: =IF((BE29-BE28<0), "",BE29-BE28) -> 0 | BH29: =IF((BG29-BG28<0), "",(BG29-BG28)*1000) -> 0 | BJ29: =IF((BI29-BI28<0), "",(BI29-BI28)*1000) -> 0 | BL29: =IF((BK29-BK28<0), "",(BK29-BK28)*1000) -> 0 | BN29: =IF((BM29-BM28<0), "",(BM29-BM28)*1000) -> 0 | BP29: =IF((BO29-BO28<0), "",(BO29-BO28)*1000) -> 0 | BR29: =IF((BQ29-BQ28<0), "",BQ29-BQ28) -> 0 | BT29: =IF((BS29-BS28<0), "",(BS29-BS28)*1000) -> 0 | BV29: =IF((BU29-BU28<0), "",BU29-BU28) -> 0 | BX29: =IF((BW29-BW28<0), "",(BW29-BW28)*1000) -> 0 | BZ29: =IF((BY29-BY28<0), "",BY29-BY28) -> 0 | CB29: =IF((CA29-CA28<0), "",CA29-CA28) -> 0 | CD29: =IF((CC29-CC28<0), "",CC29-CC28) -> 0 | CF29: =IF((CE29-CE28<0), "",CE29-CE28) -> 0 | CH29: =IF((CG29-CG28<0), "",CG29-CG28) -> 0 | CJ29: =IF((CI29-CI28<0), "",CI29-CI28) -> 0 | CL29: =IF((CK29-CK28<0), "",(CK29-CK28)*1000) -> 0 | CM29: =CQ29+CS29 -> 0 | CQ29: =IF((CP29-CP28<0), "",CP29-CP28) -> 0 | CS29: =IF((CR29-CR28<0), "",CR29-CR28) -> 0 | CU29: =IF((CT29-CT28<0), "",CT29-CT28) -> 0 | CW29: =IF((CV29-CV28<0), "",CV29-CV28) -> 0 | CY29: =IF((CX29-CX28<0), "",CX29-CX28) -> 0
A30: 44771 | D30: =IF((C30-C29<0), "0",(C30-C29)*1000000) -> 0 | F30: =IF((E30-E29<0), "0",(E30-E29)*1000000) -> 0 | H30: =IF((G30-G29<0), "0",(G30-G29)*1000000) -> 0 | J30: =IF((I30-I29<0), "0",(I30-I29)*1000000) -> 0 | L30: =IF((K30-K29<0), "0",(K30-K29)*1000000) -> 0 | N30: =IF((M30-M29<0), "",(M30-M29)*1000000) -> 0 | P30: =IF((O30-O29<0), "",O30-O29) -> 0 | R30: =IF((Q30-Q29<0), "",Q30-Q29) -> 0 | T30: =IF((S30-S29<0), "",S30-S29) -> 0 | V30: =IF((U30-U29<0), "",U30-U29) -> 0 | X30: =IF((W30-W29<0), "",(W30-W29)*1000) -> 0 | Z30: =IF((Y30-Y29<0), "",(Y30-Y29)*1000000) -> 0 | AB30: =IF((AA30-AA29<0), "",(AA30-AA29)*1000) -> 0 | AD30: =IF((AC30-AC29<0), "",(AC30-AC29)*1000) -> 0 | AF30: =IF((AE30-AE29<0), "",(AE30-AE29)*1000) -> 0 | AH30: =IF((AG30-AG29<0), "",AG30-AG29) -> 0 | AJ30: =IF((AI30-AI29<0), "",(AI30-AI29)*1000) -> 0 | AL30: =IF((AK30-AK29<0), "",(AK30-AK29)*1000) -> 0 | AN30: =IF((AM30-AM29<0), "",(AM30-AM29)*1000) -> 0 | AP30: =IF((AO30-AO29<0), "",(AO30-AO29)*1000) -> 0 | AR30: =IF((AQ30-AQ29<0), "",(AQ30-AQ29)*1000) -> 0 | AT30: =IF((AS30-AS29<0), "",(AS30-AS29)*1000) -> 0 | AV30: =IF((AU30-AU29<0), "",(AU30-AU29)*1000) -> 0 | AX30: =IF((AW30-AW29<0), "",(AW30-AW29)*1000) -> 0 | AZ30: =IF((AY30-AY29<0), "",(AY30-AY29)*1000) -> 0 | BB30: =IF((BA30-BA29<0), "",(BA30-BA29)*1000) -> 0 | BD30: =IF((BC30-BC29<0), "",(BC30-BC29)*1000) -> 0 | BF30: =IF((BE30-BE29<0), "",BE30-BE29) -> 0 | BH30: =IF((BG30-BG29<0), "",(BG30-BG29)*1000) -> 0 | BJ30: =IF((BI30-BI29<0), "",(BI30-BI29)*1000) -> 0 | BL30: =IF((BK30-BK29<0), "",(BK30-BK29)*1000) -> 0 | BN30: =IF((BM30-BM29<0), "",(BM30-BM29)*1000) -> 0 | BP30: =IF((BO30-BO29<0), "",(BO30-BO29)*1000) -> 0 | BR30: =IF((BQ30-BQ29<0), "",BQ30-BQ29) -> 0 | BT30: =IF((BS30-BS29<0), "",(BS30-BS29)*1000) -> 0 | BV30: =IF((BU30-BU29<0), "",BU30-BU29) -> 0 | BX30: =IF((BW30-BW29<0), "",(BW30-BW29)*1000) -> 0 | BZ30: =IF((BY30-BY29<0), "",BY30-BY29) -> 0 | CB30: =IF((CA30-CA29<0), "",CA30-CA29) -> 0 | CD30: =IF((CC30-CC29<0), "",CC30-CC29) -> 0 | CF30: =IF((CE30-CE29<0), "",CE30-CE29) -> 0 | CH30: =IF((CG30-CG29<0), "",CG30-CG29) -> 0 | CJ30: =IF((CI30-CI29<0), "",CI30-CI29) -> 0 | CL30: =IF((CK30-CK29<0), "",(CK30-CK29)*1000) -> 0 | CM30: =CQ30+CS30 -> 0 | CQ30: =IF((CP30-CP29<0), "",CP30-CP29) -> 0 | CS30: =IF((CR30-CR29<0), "",CR30-CR29) -> 0 | CU30: =IF((CT30-CT29<0), "",CT30-CT29) -> 0 | CW30: =IF((CV30-CV29<0), "",CV30-CV29) -> 0 | CY30: =IF((CX30-CX29<0), "",CX30-CX29) -> 0
A31: 44772 | D31: =IF((C31-C30<0), "0",(C31-C30)*1000000) -> 0 | F31: =IF((E31-E30<0), "0",(E31-E30)*1000000) -> 0 | H31: =IF((G31-G30<0), "0",(G31-G30)*1000000) -> 0 | J31: =IF((I31-I30<0), "0",(I31-I30)*1000000) -> 0 | L31: =IF((K31-K30<0), "0",(K31-K30)*1000000) -> 0 | N31: =IF((M31-M30<0), "",(M31-M30)*1000000) -> 0 | P31: =IF((O31-O30<0), "",O31-O30) -> 0 | R31: =IF((Q31-Q30<0), "",Q31-Q30) -> 0 | T31: =IF((S31-S30<0), "",S31-S30) -> 0 | V31: =IF((U31-U30<0), "",U31-U30) -> 0 | X31: =IF((W31-W30<0), "",(W31-W30)*1000) -> 0 | Z31: =IF((Y31-Y30<0), "",(Y31-Y30)*1000000) -> 0 | AB31: =IF((AA31-AA30<0), "",(AA31-AA30)*1000) -> 0 | AD31: =IF((AC31-AC30<0), "",(AC31-AC30)*1000) -> 0 | AF31: =IF((AE31-AE30<0), "",(AE31-AE30)*1000) -> 0 | AH31: =IF((AG31-AG30<0), "",AG31-AG30) -> 0 | AJ31: =IF((AI31-AI30<0), "",(AI31-AI30)*1000) -> 0 | AL31: =IF((AK31-AK30<0), "",(AK31-AK30)*1000) -> 0 | AN31: =IF((AM31-AM30<0), "",(AM31-AM30)*1000) -> 0 | AP31: =IF((AO31-AO30<0), "",(AO31-AO30)*1000) -> 0 | AR31: =IF((AQ31-AQ30<0), "",(AQ31-AQ30)*1000) -> 0 | AT31: =IF((AS31-AS30<0), "",(AS31-AS30)*1000) -> 0 | AV31: =IF((AU31-AU30<0), "",(AU31-AU30)*1000) -> 0 | AX31: =IF((AW31-AW30<0), "",(AW31-AW30)*1000) -> 0 | AZ31: =IF((AY31-AY30<0), "",(AY31-AY30)*1000) -> 0 | BB31: =IF((BA31-BA30<0), "",(BA31-BA30)*1000) -> 0 | BD31: =IF((BC31-BC30<0), "",(BC31-BC30)*1000) -> 0 | BF31: =IF((BE31-BE30<0), "",BE31-BE30) -> 0 | BH31: =IF((BG31-BG30<0), "",(BG31-BG30)*1000) -> 0 | BJ31: 304.38 | BL31: =IF((BK31-BK30<0), "",(BK31-BK30)*1000) -> 0 | BN31: =IF((BM31-BM30<0), "",(BM31-BM30)*1000) -> 0 | BP31: =IF((BO31-BO30<0), "",(BO31-BO30)*1000) -> 0 | BR31: =IF((BQ31-BQ30<0), "",BQ31-BQ30) -> 0 | BT31: =IF((BS31-BS30<0), "",(BS31-BS30)*1000) -> 0 | BV31: =IF((BU31-BU30<0), "",BU31-BU30) -> 0 | BX31: =IF((BW31-BW30<0), "",(BW31-BW30)*1000) -> 0 | BZ31: =IF((BY31-BY30<0), "",BY31-BY30) -> 0 | CB31: =IF((CA31-CA30<0), "",CA31-CA30) -> 0 | CD31: =IF((CC31-CC30<0), "",CC31-CC30) -> 0 | CF31: =IF((CE31-CE30<0), "",CE31-CE30) -> 0 | CH31: =IF((CG31-CG30<0), "",CG31-CG30) -> 0 | CJ31: =IF((CI31-CI30<0), "",CI31-CI30) -> 0 | CL31: =IF((CK31-CK30<0), "",(CK31-CK30)*1000) -> 0 | CM31: =CQ31+CS31 -> 0 | CQ31: =IF((CP31-CP30<0), "",CP31-CP30) -> 0 | CS31: =IF((CR31-CR30<0), "",CR31-CR30) -> 0 | CU31: =IF((CT31-CT30<0), "",CT31-CT30) -> 0 | CW31: =IF((CV31-CV30<0), "",CV31-CV30) -> 0 | CY31: =IF((CX31-CX30<0), "",CX31-CX30) -> 0
A32: 44773 | D32: =IF((C32-C31<0), "0",(C32-C31)*1000000) -> 0 | F32: =IF((E32-E31<0), "0",(E32-E31)*1000000) -> 0 | H32: =IF((G32-G31<0), "0",(G32-G31)*1000000) -> 0 | J32: =IF((I32-I31<0), "0",(I32-I31)*1000000) -> 0 | L32: =IF((K32-K31<0), "0",(K32-K31)*1000000) -> 0 | N32: =IF((M32-M31<0), "",(M32-M31)*1000000) -> 0 | P32: =IF((O32-O31<0), "",O32-O31) -> 0 | R32: =IF((Q32-Q31<0), "",Q32-Q31) -> 0 | T32: =IF((S32-S31<0), "",S32-S31) -> 0 | V32: =IF((U32-U31<0), "",U32-U31) -> 0 | X32: =IF((W32-W31<0), "",(W32-W31)*1000) -> 0 | Z32: =IF((Y32-Y31<0), "",(Y32-Y31)*1000000) -> 0 | AB32: =IF((AA32-AA31<0), "",(AA32-AA31)*1000) -> 0 | AD32: =IF((AC32-AC31<0), "",(AC32-AC31)*1000) -> 0 | AF32: =IF((AE32-AE31<0), "",(AE32-AE31)*1000) -> 0 | AH32: =IF((AG32-AG31<0), "",AG32-AG31) -> 0 | AJ32: =IF((AI32-AI31<0), "",(AI32-AI31)*1000) -> 0 | AL32: =IF((AK32-AK31<0), "",(AK32-AK31)*1000) -> 0 | AN32: =IF((AM32-AM31<0), "",(AM32-AM31)*1000) -> 0 | AP32: =IF((AO32-AO31<0), "",(AO32-AO31)*1000) -> 0 | AR32: =IF((AQ32-AQ31<0), "",(AQ32-AQ31)*1000) -> 0 | AT32: =IF((AS32-AS31<0), "",(AS32-AS31)*1000) -> 0 | AV32: =IF((AU32-AU31<0), "",(AU32-AU31)*1000) -> 0 | AX32: =IF((AW32-AW31<0), "",(AW32-AW31)*1000) -> 0 | AZ32: =IF((AY32-AY31<0), "",(AY32-AY31)*1000) -> 0 | BB32: =IF((BA32-BA31<0), "",(BA32-BA31)*1000) -> 0 | BD32: =IF((BC32-BC31<0), "",(BC32-BC31)*1000) -> 0 | BF32: =IF((BE32-BE31<0), "",BE32-BE31) -> 0 | BH32: =IF((BG32-BG31<0), "",(BG32-BG31)*1000) -> 0 | BJ32: =IF((BI32-BI31<0), "",(BI32-BI31)*1000) -> 0 | BL32: =IF((BK32-BK31<0), "",(BK32-BK31)*1000) -> 0 | BN32: =IF((BM32-BM31<0), "",(BM32-BM31)*1000) -> 0 | BP32: =IF((BO32-BO31<0), "",(BO32-BO31)*1000) -> 0 | BR32: =IF((BQ32-BQ31<0), "",BQ32-BQ31) -> 0 | BT32: =IF((BS32-BS31<0), "",(BS32-BS31)*1000) -> 0 | BV32: =IF((BU32-BU31<0), "",BU32-BU31) -> 0 | BX32: =IF((BW32-BW31<0), "",(BW32-BW31)*1000) -> 0 | BZ32: =IF((BY32-BY31<0), "",BY32-BY31) -> 0 | CB32: =IF((CA32-CA31<0), "",CA32-CA31) -> 0 | CD32: =IF((CC32-CC31<0), "",CC32-CC31) -> 0 | CF32: =IF((CE32-CE31<0), "",CE32-CE31) -> 0 | CH32: =IF((CG32-CG31<0), "",CG32-CG31) -> 0 | CJ32: =IF((CI32-CI31<0), "",CI32-CI31) -> 0 | CL32: =IF((CK32-CK31<0), "",(CK32-CK31)*1000) -> 0 | CM32: =CQ32+CS32 -> 0 | CQ32: =IF((CP32-CP31<0), "",CP32-CP31) -> 0 | CS32: =IF((CR32-CR31<0), "",CR32-CR31) -> 0 | CU32: =IF((CT32-CT31<0), "",CT32-CT31) -> 0 | CW32: =IF((CV32-CV31<0), "",CV32-CV31) -> 0 | CY32: =IF((CX32-CX31<0), "",CX32-CX31) -> 0
A33: 44774 | D33: =IF((C33-C32<0), "0",(C33-C32)*1000000) -> 0 | F33: =IF((E33-E32<0), "0",(E33-E32)*1000000) -> 0 | H33: =IF((G33-G32<0), "0",(G33-G32)*1000000) -> 0 | J33: =IF((I33-I32<0), "0",(I33-I32)*1000000) -> 0 | L33: =IF((K33-K32<0), "0",(K33-K32)*1000000) -> 0 | N33: =IF((M33-M32<0), "",(M33-M32)*1000000) -> 0 | P33: =IF((O33-O32<0), "",O33-O32) -> 0 | R33: =IF((Q33-Q32<0), "",Q33-Q32) -> 0 | T33: =IF((S33-S32<0), "",S33-S32) -> 0 | V33: =IF((U33-U32<0), "",U33-U32) -> 0 | X33: =IF((W33-W32<0), "",(W33-W32)*1000) -> 0 | Z33: =IF((Y33-Y32<0), "",(Y33-Y32)*1000000) -> 0 | AB33: =IF((AA33-AA32<0), "",(AA33-AA32)*1000) -> 0 | AD33: =IF((AC33-AC32<0), "",(AC33-AC32)*1000) -> 0 | AF33: =IF((AE33-AE32<0), "",(AE33-AE32)*1000) -> 0 | AH33: =IF((AG33-AG32<0), "",AG33-AG32) -> 0 | AJ33: =IF((AI33-AI32<0), "",(AI33-AI32)*1000) -> 0 | AL33: =IF((AK33-AK32<0), "",(AK33-AK32)*1000) -> 0 | AN33: =IF((AM33-AM32<0), "",(AM33-AM32)*1000) -> 0 | AP33: =IF((AO33-AO32<0), "",(AO33-AO32)*1000) -> 0 | AR33: =IF((AQ33-AQ32<0), "",(AQ33-AQ32)*1000) -> 0 | AT33: =IF((AS33-AS32<0), "",(AS33-AS32)*1000) -> 0 | AV33: =IF((AU33-AU32<0), "",(AU33-AU32)*1000) -> 0 | AX33: =IF((AW33-AW32<0), "",(AW33-AW32)*1000) -> 0 | AZ33: =IF((AY33-AY32<0), "",(AY33-AY32)*1000) -> 0 | BB33: =IF((BA33-BA32<0), "",(BA33-BA32)*1000) -> 0 | BD33: =IF((BC33-BC32<0), "",(BC33-BC32)*1000) -> 0 | BF33: =IF((BE33-BE32<0), "",BE33-BE32) -> 0 | BH33: =IF((BG33-BG32<0), "",(BG33-BG32)*1000) -> 0 | BJ33: =IF((BI33-BI32<0), "",(BI33-BI32)*1000) -> 0 | BL33: =IF((BK33-BK32<0), "",(BK33-BK32)*1000) -> 0 | BN33: =IF((BM33-BM32<0), "",(BM33-BM32)*1000) -> 0 | BP33: =IF((BO33-BO32<0), "",(BO33-BO32)*1000) -> 0 | BR33: =IF((BQ33-BQ32<0), "",BQ33-BQ32) -> 0 | BT33: =IF((BS33-BS32<0), "",(BS33-BS32)*1000) -> 0 | BV33: =IF((BU33-BU32<0), "",BU33-BU32) -> 0 | BX33: =IF((BW33-BW32<0), "",(BW33-BW32)*1000) -> 0 | BZ33: =IF((BY33-BY32<0), "",BY33-BY32) -> 0 | CB33: =IF((CA33-CA32<0), "",CA33-CA32) -> 0 | CD33: =IF((CC33-CC32<0), "",CC33-CC32) -> 0 | CF33: =IF((CE33-CE32<0), "",CE33-CE32) -> 0 | CH33: =IF((CG33-CG32<0), "",CG33-CG32) -> 0 | CJ33: =IF((CI33-CI32<0), "",CI33-CI32) -> 0 | CL33: =IF((CK33-CK32<0), "",(CK33-CK32)*1000) -> 0 | CM33: =CQ33+CS33 -> 0 | CQ33: =IF((CP33-CP32<0), "",CP33-CP32) -> 0 | CS33: =IF((CR33-CR32<0), "",CR33-CR32) -> 0 | CU33: =IF((CT33-CT32<0), "",CT33-CT32) -> 0 | CW33: =IF((CV33-CV32<0), "",CV33-CV32) -> 0 | CY33: =IF((CX33-CX32<0), "",CX33-CX32) -> 0
A34: 44743 | D34: =IF((C34-C33<0), "0",(C34-C33)*1000000) -> 0 | F34: =IF((E34-E33<0), "0",(E34-E33)*1000000) -> 0 | H34: =IF((G34-G33<0), "0",(G34-G33)*1000000) -> 0 | J34: =IF((I34-I33<0), "0",(I34-I33)*1000000) -> 0 | L34: =IF((K34-K33<0), "0",(K34-K33)*1000000) -> 0 | N34: =IF((M34-M33<0), "",(M34-M33)*1000000) -> 0 | P34: =IF((O34-O33<0), "",O34-O33) -> 0 | R34: =IF((Q34-Q33<0), "",Q34-Q33) -> 0 | T34: =IF((S34-S33<0), "",S34-S33) -> 0 | V34: =IF((U34-U33<0), "",U34-U33) -> 0 | X34: =IF((W34-W33<0), "",(W34-W33)*1000) -> 0 | Z34: =IF((Y34-Y33<0), "",(Y34-Y33)*1000000) -> 0 | AB34: =IF((AA34-AA33<0), "",(AA34-AA33)*1000) -> 0 | AD34: =IF((AC34-AC33<0), "",(AC34-AC33)*1000) -> 0 | AF34: =IF((AE34-AE33<0), "",(AE34-AE33)*1000) -> 0 | AH34: =IF((AG34-AG33<0), "",AG34-AG33) -> 0 | AJ34: =IF((AI34-AI33<0), "",(AI34-AI33)*1000) -> 0 | AL34: =IF((AK34-AK33<0), "",(AK34-AK33)*1000) -> 0 | AN34: =IF((AM34-AM33<0), "",(AM34-AM33)*1000) -> 0 | AP34: =IF((AO34-AO33<0), "",(AO34-AO33)*1000) -> 0 | AR34: =IF((AQ34-AQ33<0), "",(AQ34-AQ33)*1000) -> 0 | AT34: =IF((AS34-AS33<0), "",(AS34-AS33)*1000) -> 0 | AV34: =IF((AU34-AU33<0), "",(AU34-AU33)*1000) -> 0 | AX34: =IF((AW34-AW33<0), "",(AW34-AW33)*1000) -> 0 | AZ34: =IF((AY34-AY33<0), "",(AY34-AY33)*1000) -> 0 | BB34: =IF((BA34-BA33<0), "",(BA34-BA33)*1000) -> 0 | BD34: =IF((BC34-BC33<0), "",(BC34-BC33)*1000) -> 0 | BF34: =IF((BE34-BE33<0), "",BE34-BE33) -> 0 | BH34: =IF((BG34-BG33<0), "",(BG34-BG33)*1000) -> 0 | BJ34: =IF((BI34-BI33<0), "",(BI34-BI33)*1000) -> 0 | BL34: =IF((BK34-BK33<0), "",(BK34-BK33)*1000) -> 0 | BN34: =IF((BM34-BM33<0), "",(BM34-BM33)*1000) -> 0 | BP34: =IF((BO34-BO33<0), "",(BO34-BO33)*1000) -> 0 | BR34: =IF((BQ34-BQ33<0), "",BQ34-BQ33) -> 0 | BT34: =IF((BS34-BS33<0), "",(BS34-BS33)*1000) -> 0 | BV34: =IF((BU34-BU33<0), "",BU34-BU33) -> 0 | BX34: =IF((BW34-BW33<0), "",(BW34-BW33)*1000) -> 0 | BZ34: =IF((BY34-BY33<0), "",BY34-BY33) -> 0 | CB34: =IF((CA34-CA33<0), "",CA34-CA33) -> 0 | CD34: =IF((CC34-CC33<0), "",CC34-CC33) -> 0 | CF34: =IF((CE34-CE33<0), "",CE34-CE33) -> 0 | CH34: =IF((CG34-CG33<0), "",CG34-CG33) -> 0 | CJ34: =IF((CI34-CI33<0), "",CI34-CI33) -> 0 | CL34: =IF((CK34-CK33<0), "",(CK34-CK33)*1000) -> 0 | CM34: =CQ34+CS34 -> 0 | CQ34: =IF((CP34-CP33<0), "",CP34-CP33) -> 0 | CS34: =IF((CR34-CR33<0), "",CR34-CR33) -> 0 | CU34: =IF((CT34-CT33<0), "",CT34-CT33) -> 0 | CW34: =IF((CV34-CV33<0), "",CV34-CV33) -> 0 | CY34: =IF((CX34-CX33<0), "",CX34-CX33) -> 0
CY35: =SUM(CY23:CY34) -> 0

Sheet LPG
A3: LPG CONSUMPTION | K3: Tank capacity ( L): | N3: 500
A4: Date | B4: Occ % | C4: Occ villas | D4: Num of gst | E4: Main Kitchen | K4: Lighthouse | N4: Canteen | R4: PVILLA
E5: Meter 1 (9598630) | G5: Meter 2 (9598611) | I5: Meter 3 (9249533) | K5: Meter 1 (9598653) | N5: Meter 1 (9249524) | R5: Meter 1 (9249527)
E6: Tk 1% | F6: Mᶾ | G6: Tk2 % | H6: Mᶾ | I6: Tk 3% | J6: Mᶾ | K6: Tk1 % | L6: Tk2 % | M6: Mᶾ | N6: Tk 1% | O6: Tk2 % | P6: Tk 3% | Q6: Mᶾ | R6: Tk1 % | S6: Mᶾ
A7: 44743 | B7: 0 | C7: 24 | D7: 48 | E7: 85 | F7: 6834 | G7: 5 | H7: 2212 | I7: 50 | J7: 751 | K7: 40 | L7: 85 | M7: 1819 | N7: 85 | O7: 0 | P7: 60 | Q7: 5160 | R7: 70 | S7: 227 | T7: =S7-S6 -> #VALUE!
A8: 44744 | B8: 0 | C8: 29 | D8: 63 | E8: 85 | F8: 6834 | G8: 5 | H8: 2212 | I8: 30 | J8: 754 | K8: 40 | L8: 85 | M8: 1821 | N8: 85 | O8: 0 | P8: 60 | Q8: 5162 | R8: 70 | S8: 227 | T8: =S8-S7 -> 0
A9: 44745 | B9: 0 | C9: 29 | D9: 63 | E9: 85 | F9: 6834 | G9: 5 | H9: 2212 | I9: 20 | J9: 757 | K9: 40 | L9: 85 | M9: 1822 | N9: 85 | O9: 0 | P9: 56 | Q9: 5168 | R9: 70 | S9: 227 | T9: =S9-S8 -> 0
A10: 44746 | B10: 0 | C10: 29 | D10: 63 | E10: 85 | F10: 6834 | G10: 5 | H10: 2212 | I10: 15 | J10: 758 | K10: 35 | L10: 85 | M10: 1824 | N10: 85 | O10: 0 | P10: 45 | Q10: 5172 | R10: 70 | S10: 227 | T10: =S10-S9 -> 0
A11: 44747 | E11: 85 | F11: 6834 | G11: 5 | H11: 2212 | I11: 5 | J11: 761 | K11: 35 | L11: 85 | M11: 1824 | N11: 85 | O11: 0 | P11: 45 | Q11: 5172 | R11: 70 | S11: 227 | T11: =S11-S10 -> 0
A12: 44748 | T12: =S12-S11 -> -227
A13: 44749 | T13: =S13-S12 -> 0
A14: 44750 | T14: =S14-S13 -> 0
A15: 44751 | T15: =S15-S14 -> 0
A16: 44752 | T16: =S16-S15 -> 0
A17: 44753 | T17: =S17-S16 -> 0
A18: 44754 | T18: =S18-S17 -> 0
A19: 44755 | T19: =S19-S18 -> 0
A20: 44756 | T20: =S20-S19 -> 0
A21: 44757 | T21: =S21-S20 -> 0
A22: 44758 | T22: =S22-S21 -> 0
A23: 44759 | T23: =S23-S22 -> 0
... A33: 44769 | T33: =S33-S32 -> 0
A34: 44770
A35: 44771 | T35: =S35-S34 -> 0
A36: 44772 | T36: =S36-S35 -> 0
A37: 44773 | T37: =S37-S36 -> 0
A38: 44774 | T38: =S38-S37 -> 0
