Workbook

Sheet TOTAL
A1: Site Name | B1: Day | C1: Month | D1: Year | E1: Total Electricity Kwh | F1: Electricity Tariff ($/Kwh) | G1: Natual Gas (m3) | H1: Natural Gas $/m3 | I1: Water Utility Supply (m3) m3 | J1: Water Utility Supply (m3) $/m3 | K1: Room Nights | L1: Total Guests | M1: Utilities day cost dh
A2: Mumbai | B2: 1 | C2: 6 | D2: 2022 | E2: =(IF('Daily HLP'!H4>0,'Daily HLP'!H4,0)) -> 28059 | F2: 9 | G2: =(IF('Daily HLP'!L4>0,'Daily HLP'!L4,0)) -> 1098 | H2: 75 | I2: =(IF('Daily HLP'!O4>0,'Daily HLP'!O4,0)) -> 316 | J2: 100 | K2: =Occupancy!G2 -> 168 | L2: =Occupancy!F2 -> 401 | M2: =E2*F2+G2*H2+#REF!*#REF!+I2*J2 -> #REF!
A3: Mumbai | B3: =B2+1 -> 2 | C3: 6 | D3: 2022 | E3: =(IF('Daily HLP'!H5>0,'Daily HLP'!H5,0)) -> 28576 | F3: 9 | G3: =(IF('Daily HLP'!L5>0,'Daily HLP'!L5,0)) -> 1043 | H3: 75 | I3: =(IF('Daily HLP'!O5>0,'Daily HLP'!O5,0)) -> 316 | J3: 100 | K3: =Occupancy!G3 -> 164 | L3: =Occupancy!F3 -> 329 | M3: =E3*F3+G3*H3+#REF!*#REF!+I3*J3 -> #REF!
A4: Mumbai | B4: =B3+1 -> 3 | C4: 6 | D4: 2022 | E4: =(IF('Daily HLP'!H6>0,'Daily HLP'!H6,0)) -> 28813 | F4: 9 | G4: =(IF('Daily HLP'!L6>0,'Daily HLP'!L6,0)) -> 1104 | H4: 75 | I4: =(IF('Daily HLP'!O6>0,'Daily HLP'!O6,0)) -> 304 | J4: 100 | K4: =Occupancy!G4 -> 167 | L4: =Occupancy!F4 -> 329 | M4: =E4*F4+G4*H4+#REF!*#REF!+I4*J4 -> #REF!
A5: Mumbai | B5: =B4+1 -> 4 | C5: 6 | D5: 2022 | E5: =(IF('Daily HLP'!H7>0,'Daily HLP'!H7,0)) -> 28412 | F5: 9 | G5: =(IF('Daily HLP'!L7>0,'Daily HLP'!L7,0)) -> 1121 | H5: 75 | I5: =(IF('Daily HLP'!O7>0,'Daily HLP'!O7,0)) -> 314 | J5: 100 | K5: =Occupancy!G5 -> 146 | L5: =Occupancy!F5 -> 366 | M5: =E5*F5+G5*H5+#REF!*#REF!+I5*J5 -> #REF!
A6: Mumbai | B6: =B5+1 -> 5 | C6: 6 | D6: 2022 | E6: =(IF('Daily HLP'!H8>0,'Daily HLP'!H8,0)) -> 27996 | F6: 9 | G6: =(IF('Daily HLP'!L8>0,'Daily HLP'!L8,0)) -> 1118 | H6: 75 | I6: =(IF('Daily HLP'!O8>0,'Daily HLP'!O8,0)) -> 307 | J6: 100 | K6: =Occupancy!G6 -> 90 | L6: =Occupancy!F6 -> 338 | M6: =E6*F6+G6*H6+#REF!*#REF!+I6*J6 -> #REF!
A7: Mumbai | B7: =B6+1 -> 6 | C7: 6 | D7: 2022 | E7: =(IF('Daily HLP'!H9>0,'Daily HLP'!H9,0)) -> 30439 | F7: 9 | G7: =(IF('Daily HLP'!L9>0,'Daily HLP'!L9,0)) -> 1084.6 | H7: 75 | I7: =(IF('Daily HLP'!O9>0,'Daily HLP'!O9,0)) -> 355 | J7: 100 | K7: =Occupancy!G7 -> 154 | L7: =Occupancy!F7 -> 420 | M7: =E7*F7+G7*H7+#REF!*#REF!+I7*J7 -> #REF!
A8: Mumbai | B8: =B7+1 -> 7 | C8: 6 | D8: 2022 | E8: =(IF('Daily HLP'!H10>0,'Daily HLP'!H10,0)) -> 28520 | F8: 9 | G8: =(IF('Daily HLP'!L10>0,'Daily HLP'!L10,0)) -> 1078.6 | H8: 75 | I8: =(IF('Daily HLP'!O10>0,'Daily HLP'!O10,0)) -> 218 | J8: 100 | K8: =Occupancy!G8 -> 158 | L8: =Occupancy!F8 -> 584 | M8: =E8*F8+G8*H8+#REF!*#REF!+I8*J8 -> #REF!
A9: Mumbai | B9: =B8+1 -> 8 | C9: 6 | D9: 2022 | E9: =(IF('Daily HLP'!H11>0,'Daily HLP'!H11,0)) -> 25251.66 | F9: 9 | G9: =(IF('Daily HLP'!L11>0,'Daily HLP'!L11,0)) -> 1052.8 | H9: 75 | I9: =(IF('Daily HLP'!O11>0,'Daily HLP'!O11,0)) -> 195 | J9: 100 | K9: =Occupancy!G9 -> 161 | L9: =Occupancy!F9 -> 681 | M9: =E9*F9+G9*H9+#REF!*#REF!+I9*J9 -> #REF!
A10: Mumbai | B10: =B9+1 -> 9 | C10: 6 | D10: 2022 | E10: =(IF('Daily HLP'!H12>0,'Daily HLP'!H12,0)) -> 30800.44 | F10: 9 | G10: =(IF('Daily HLP'!L12>0,'Daily HLP'!L12,0)) -> 916 | H10: 75 | I10: =(IF('Daily HLP'!O12>0,'Daily HLP'!O12,0)) -> 280 | J10: 100 | K10: =Occupancy!G10 -> 162 | L10: =Occupancy!F10 -> 337 | M10: =E10*F10+G10*H10+#REF!*#REF!+I10*J10 -> #REF!
A11: Mumbai | B11: =B10+1 -> 10 | C11: 6 | D11: 2022 | E11: =(IF('Daily HLP'!H13>0,'Daily HLP'!H13,0)) -> 31010 | F11: 9 | G11: =(IF('Daily HLP'!L13>0,'Daily HLP'!L13,0)) -> 1061.5 | H11: 75 | I11: =(IF('Daily HLP'!O13>0,'Daily HLP'!O13,0)) -> 200 | J11: 100 | K11: =Occupancy!G11 -> 162 | L11: =Occupancy!F11 -> 481 | M11: =E11*F11+G11*H11+#REF!*#REF!+I11*J11 -> #REF!
A12: Mumbai | B12: =B11+1 -> 11 | C12: 6 | D12: 2022 | E12: =(IF('Daily HLP'!H14>0,'Daily HLP'!H14,0)) -> 28751 | F12: 9 | G12: =(IF('Daily HLP'!L14>0,'Daily HLP'!L14,0)) -> 1053.5 | H12: 75 | I12: =(IF('Daily HLP'!O14>0,'Daily HLP'!O14,0)) -> 360 | J12: 100 | K12: =Occupancy!G12 -> 157 | L12: =Occupancy!F12 -> 414 | M12: =E12*F12+G12*H12+#REF!*#REF!+I12*J12 -> #REF!
A13: Mumbai | B13: =B12+1 -> 12 | C13: 6 | D13: 2022 | E13: =(IF('Daily HLP'!H15>0,'Daily HLP'!H15,0)) -> 30076 | F13: 9 | G13: =(IF('Daily HLP'!L15>0,'Daily HLP'!L15,0)) -> 1039 | H13: 75 | I13: =(IF('Daily HLP'!O15>0,'Daily HLP'!O15,0)) -> 270 | J13: 100 | K13: =Occupancy!G13 -> 141 | L13: =Occupancy!F13 -> 346 | M13: =E13*F13+G13*H13+#REF!*#REF!+I13*J13 -> #REF!
A14: Mumbai | B14: =B13+1 -> 13 | C14: 6 | D14: 2022 | E14: =(IF('Daily HLP'!H16>0,'Daily HLP'!H16,0)) -> 28733 | F14: 9 | G14: =(IF('Daily HLP'!L16>0,'Daily HLP'!L16,0)) -> 1055 | H14: 75 | I14: =(IF('Daily HLP'!O16>0,'Daily HLP'!O16,0)) -> 280 | J14: 100 | K14: =Occupancy!G14 -> 158 | L14: =Occupancy!F14 -> 728 | M14: =E14*F14+G14*H14+#REF!*#REF!+I14*J14 -> #REF!
... A31: Mumbai | B31: =B30+1 -> 30 | C31: 6 | D31: 2022 | E31: =(IF('Daily HLP'!H33>0,'Daily HLP'!H33,0)) -> 28500 | F31: 9 | G31: =(IF('Daily HLP'!L33>0,'Daily HLP'!L33,0)) -> 1100 | H31: 75 | I31: =(IF('Daily HLP'!O33>0,'Daily HLP'!O33,0)) -> 285 | J31: 100 | K31: =Occupancy!G31 -> 0 | L31: =Occupancy!F31 -> 0 | M31: =E31*F31+G31*H31+#REF!*#REF!+I31*J31 -> #REF!
A32: Mumbai | B32: =B31+1 -> 31 | C32: 6 | D32: 2022 | E32: =(IF('Daily HLP'!H34>0,'Daily HLP'!H34,0)) -> 28500 | F32: 9 | G32: =(IF('Daily HLP'!L34>0,'Daily HLP'!L34,0)) -> 1100 | H32: 75 | I32: =(IF('Daily HLP'!O34>0,'Daily HLP'!O34,0)) -> 350 | J32: 100 | K32: =Occupancy!G32 -> 0 | L32: =Occupancy!F32 -> 0

Sheet Submetering
A1: Site Name | B1: Day | C1: Month | D1: Year | E1: ='Section Load'!F4 -> HVAC | F1: ='Section Load'!G4 -> Fire & Emergency PP | G1: ='Section Load'!H4 -> Main PP | H1: ='Section Load'!I4 -> Lighting PP | I1: ='Section Load'!J4 -> CH-1+ CH2+CH3+CH4 | J1: ='Section Load'!K4 -> Chilled water Pump | K1: ='Section Load'!L4 -> Ball Room-1 | L1: ='Section Load'!M4 -> Ball Room-2 | ... AL1: ='Section Load'!AM4 -> Cooling Tower | AM1: R.o.plant | AN1: STP Water Prod | AO1: Domestic Zone-1 | AP1: Domestic Zone-2 | AQ1: Domestic Zone-3 | AR1: Flush Zone -1 | AS1: Flush Zone -2 | AT1: Flush Zone -3 | AU1: Swimming pool | AV1: B2 Laundry | AW1: Boiler Feed Water | AX1: cooling tower filling water | AY1: STP flush(new water meter) | AZ1: Garden Water Pump | BA1: Flush Zone 2 pump meter | BB1: Flush Zone 3 Pump Meter (wtp transfer ) | BC1: Flush Tanker-Zone-1 | BD1: Total Domestic Water (Tanker (R.O) +BMC) | BE1: Total Domestic Consumption | BF1: Total STP Consumption | BG1: ='Section Load'!AN4 -> MGL | BH1: ='Section Load'!AO4 -> HWG | BI1: ='Section Load'!AP4 -> Prato | BJ1: ='Section Load'!AQ4 -> BR-1 | BK1: ='Section Load'!AR4 -> SanQi IND | BL1: ='Section Load'!AS4 -> SanQi JPN | BM1: ='Section Load'!AT4 -> Boiler
A2: Mumbai | B2: 1 | C2: 6 | D2: 2022 | E2: =(IF('Section Load'!F5>0,'Section Load'!F5,0)) -> 4475 | F2: =(IF('Section Load'!G5>0,'Section Load'!G5,0)) -> 1714.32 | G2: =(IF('Section Load'!H5>0,'Section Load'!H5,0)) -> 2661.76 | H2: =(IF('Section Load'!I5>0,'Section Load'!I5,0)) -> 3034 | I2: =(IF('Section Load'!J5>0,'Section Load'!J5,0)) -> 8007.66 | J2: =(IF('Section Load'!K5>0,'Section Load'!K5,0)) -> 2589 | K2: =(IF('Section Load'!L5>0,'Section Load'!L5,0)) -> 815 | L2: =(IF('Section Load'!M5>0,'Section Load'!M5,0)) -> 696 | ... AL2: =(IF('Section Load'!AM5>0,'Section Load'!AM5,0)) -> 850 | AM2: =(IF('Water Report'!$D$7>0,'Water Report'!$D$7,0)) -> 190 | AN2: =(IF('Water Report'!$D$8>0,'Water Report'!$D$8,0)) -> 119 | AO2: =(IF('Water Report'!$D$9>0,'Water Report'!$D$9,0)) -> 116 | AP2: =(IF('Water Report'!$D$10>0,'Water Report'!$D$10,0)) -> 18 | AQ2: =(IF('Water Report'!$D$11>0,'Water Report'!$D$11,0)) -> 67 | AR2: =(IF('Water Report'!$D$13>0,'Water Report'!$D$13,0)) -> 15 | AS2: =(IF('Water Report'!$D$14>0,'Water Report'!$D$14,0)) -> 5 | AT2: =(IF('Water Report'!$D$15>0,'Water Report'!$D$15,0)) -> 24 | AU2: =(IF('Water Report'!$D$17>0,'Water Report'!$D$17,0)) -> 1 | AV2: =(IF('Water Report'!$D$18>0,'Water Report'!$D$18,0)) -> 14 | AW2: =(IF('Water Report'!$D$19>0,'Water Report'!$D$19,0)) -> 17 | AX2: =(IF('Water Report'!$D$21>0,'Water Report'!$D$21,0)) -> 103 | AY2: =(IF('Water Report'!$D$22>0,'Water Report'!$D$22,0)) -> 15 | AZ2: =(IF('Water Report'!$D$23>0,'Water Report'!$D$23,0)) -> 20 | BA2: =(IF('Water Report'!$D$14>0,'Water Report'!$D$14,0)) -> 5 | BB2: =(IF('Water Report'!$D$15>0,'Water Report'!$D$15,0)) -> 24 | BC2: =(IF('Water Report'!$D$13>0,'Water Report'!$D$13,0)) -> 15 | BD2: =(IF('Water Report'!$D$24>0,'Water Report'!$D$24,0)) -> 316 | BE2: =(IF('Water Report'!$D$25>0,'Water Report'!$D$25,0)) -> 230 | BF2: =(IF('Water Report'!$D$27>0,'Water Report'!$D$27,0)) -> 138 | BG2: =(IF('Section Load'!AN5>0,'Section Load'!AN5,0)) -> 1098 | BH2: =(IF('Section Load'!AO5>0,'Section Load'!AO5,0)) -> 328 | BI2: =(IF('Section Load'!AP5>0,'Section Load'!AP5,0)) -> 0 | BJ2: =(IF('Section Load'!AQ5>0,'Section Load'!AQ5,0)) -> 105 | BK2: =(IF('Section Load'!AR5>0,'Section Load'!AR5,0)) -> 48 | BL2: =(IF('Section Load'!AS5>0,'Section Load'!AS5,0)) -> 0 | BM2: =(IF('Section Load'!AT5>0,'Section Load'!AT5,0)) -> 617
A3: Mumbai | B3: =B2+1 -> 2 | C3: 6 | D3: 2022 | E3: =(IF('Section Load'!F6>0,'Section Load'!F6,0)) -> 3977 | F3: =(IF('Section Load'!G6>0,'Section Load'!G6,0)) -> 1795 | G3: =(IF('Section Load'!H6>0,'Section Load'!H6,0)) -> 2380 | H3: =(IF('Section Load'!I6>0,'Section Load'!I6,0)) -> 2966 | I3: =(IF('Section Load'!J6>0,'Section Load'!J6,0)) -> 8374 | J3: =(IF('Section Load'!K6>0,'Section Load'!K6,0)) -> 3077 | K3: =(IF('Section Load'!L6>0,'Section Load'!L6,0)) -> 850 | L3: =(IF('Section Load'!M6>0,'Section Load'!M6,0)) -> 984 | ... AL3: =(IF('Section Load'!AM6>0,'Section Load'!AM6,0)) -> 814 | AM3: =(IF('Water Report'!$E$7>0,'Water Report'!$E$7,0)) -> 165 | AN3: =(IF('Water Report'!$E$8>0,'Water Report'!$E$8,0)) -> 136 | AO3: =(IF('Water Report'!$E$9>0,'Water Report'!$E$9,0)) -> 105 | AP3: =(IF('Water Report'!$E$10>0,'Water Report'!$E$10,0)) -> 24 | AQ3: =(IF('Water Report'!$E$11>0,'Water Report'!$E$11,0)) -> 69 | AR3: =(IF('Water Report'!$E$13>0,'Water Report'!$E$13,0)) -> 17 | AS3: =(IF('Water Report'!$E$14>0,'Water Report'!$E$14,0)) -> 10 | AT3: =(IF('Water Report'!$E$15>0,'Water Report'!$E$15,0)) -> 8 | AU3: =(IF('Water Report'!$E$17>0,'Water Report'!$E$17,0)) -> 2 | AV3: =(IF('Water Report'!$E$18>0,'Water Report'!$E$18,0)) -> 14 | AW3: =(IF('Water Report'!$E$19>0,'Water Report'!$E$19,0)) -> 19 | AX3: =(IF('Water Report'!$E$21>0,'Water Report'!$E$21,0)) -> 92 | AY3: =(IF('Water Report'!$E$22>0,'Water Report'!$E$22,0)) -> 0 | AZ3: =(IF('Water Report'!$E$23>0,'Water Report'!$E$23,0)) -> 7 | BA3: =(IF('Water Report'!$E$14>0,'Water Report'!$E$14,0)) -> 10 | BB3: =(IF('Water Report'!$E$15>0,'Water Report'!$E$15,0)) -> 8 | BC3: =(IF('Water Report'!$E$13>0,'Water Report'!$E$13,0)) -> 17 | BD3: =(IF('Water Report'!$E$24>0,'Water Report'!$E$24,0)) -> 316 | BE3: =(IF('Water Report'!$E$25>0,'Water Report'!$E$25,0)) -> 216 | BF3: =(IF('Water Report'!$E$27>0,'Water Report'!$E$27,0)) -> 116 | BG3: =(IF('Section Load'!AN6>0,'Section Load'!AN6,0)) -> 1043 | BH3: =(IF('Section Load'!AO6>0,'Section Load'!AO6,0)) -> 331 | BI3: =(IF('Section Load'!AP6>0,'Section Load'!AP6,0)) -> 0 | BJ3: =(IF('Section Load'!AQ6>0,'Section Load'!AQ6,0)) -> 98 | BK3: =(IF('Section Load'!AR6>0,'Section Load'!AR6,0)) -> 41 | BL3: =(IF('Section Load'!AS6>0,'Section Load'!AS6,0)) -> 0 | BM3: =(IF('Section Load'!AT6>0,'Section Load'!AT6,0)) -> 573
A4: Mumbai | B4: =B3+1 -> 3 | C4: 6 | D4: 2022 | E4: =(IF('Section Load'!F7>0,'Section Load'!F7,0)) -> 3797 | F4: =(IF('Section Load'!G7>0,'Section Load'!G7,0)) -> 1844 | G4: =(IF('Section Load'!H7>0,'Section Load'!H7,0)) -> 2426 | H4: =(IF('Section Load'!I7>0,'Section Load'!I7,0)) -> 2963 | I4: =(IF('Section Load'!J7>0,'Section Load'!J7,0)) -> 8347 | J4: =(IF('Section Load'!K7>0,'Section Load'!K7,0)) -> 3116 | K4: =(IF('Section Load'!L7>0,'Section Load'!L7,0)) -> 1131 | L4: =(IF('Section Load'!M7>0,'Section Load'!M7,0)) -> 836 | ... AL4: =(IF('Section Load'!AM7>0,'Section Load'!AM7,0)) -> 869 | AM4: =(IF('Water Report'!$F$7>0,'Water Report'!$F$7,0)) -> 170 | AN4: =(IF('Water Report'!$F$8>0,'Water Report'!$F$8,0)) -> 132 | AO4: =(IF('Water Report'!$F$9>0,'Water Report'!$G$9,0)) -> 132 | AP4: =(IF('Water Report'!$F$10>0,'Water Report'!$F$10,0)) -> 31 | AQ4: =(IF('Water Report'!$F$11>0,'Water Report'!$F$11,0)) -> 74 | AR4: =(IF('Water Report'!$F$13>0,'Water Report'!$F$13,0)) -> 15 | AS4: =(IF('Water Report'!$F$14>0,'Water Report'!$F$14,0)) -> 6 | AT4: =(IF('Water Report'!$F$15>0,'Water Report'!$F$15,0)) -> 8 | AU4: =(IF('Water Report'!$F$17>0,'Water Report'!$F$17,0)) -> 0 | AV4: =(IF('Water Report'!$F$18>0,'Water Report'!$F$18,0)) -> 14 | AW4: =(IF('Water Report'!$F$19>0,'Water Report'!$F$19,0)) -> 17 | AX4: =(IF('Water Report'!$F$21>0,'Water Report'!$F$21,0)) -> 128 | AY4: =(IF('Water Report'!$F$22>0,'Water Report'!$F$22,0)) -> 0 | AZ4: =(IF('Water Report'!$F$23>0,'Water Report'!$F$23,0)) -> 18 | BA4: =(IF('Water Report'!$F$14>0,'Water Report'!$F$14,0)) -> 6 | BB4: =(IF('Water Report'!$F$15>0,'Water Report'!$F$15,0)) -> 8 | BC4: =(IF('Water Report'!$F$13>0,'Water Report'!$F$13,0)) -> 15 | BD4: =(IF('Water Report'!$F$24>0,'Water Report'!$F$24,0)) -> 304 | BE4: =(IF('Water Report'!$F$25>0,'Water Report'!$F$25,0)) -> 234 | BF4: =(IF('Water Report'!$F$27>0,'Water Report'!$F$27,0)) -> 161 | BG4: =(IF('Section Load'!AN7>0,'Section Load'!AN7,0)) -> 1104 | BH4: =(IF('Section Load'!AO7>0,'Section Load'!AO7,0)) -> 321 | BI4: =(IF('Section Load'!AP7>0,'Section Load'!AP7,0)) -> 0 | BJ4: =(IF('Section Load'!AQ7>0,'Section Load'!AQ7,0)) -> 135 | BK4: =(IF('Section Load'!AR7>0,'Section Load'!AR7,0)) -> 41 | BL4: =(IF('Section Load'!AS7>0,'Section Load'!AS7,0)) -> 0 | BM4: =(IF('Section Load'!AT7>0,'Section Load'!AT7,0)) -> 607
A5: Mumbai | B5: =B4+1 -> 4 | C5: 6 | D5: 2022 | E5: =(IF('Section Load'!F8>0,'Section Load'!F8,0)) -> 3536 | F5: =(IF('Section Load'!G8>0,'Section Load'!G8,0)) -> 1755 | G5: =(IF('Section Load'!H8>0,'Section Load'!H8,0)) -> 2483.99 | H5: =(IF('Section Load'!I8>0,'Section Load'!I8,0)) -> 2991 | I5: =(IF('Section Load'!J8>0,'Section Load'!J8,0)) -> 7679 | J5: =(IF('Section Load'!K8>0,'Section Load'!K8,0)) -> 3137 | K5: =(IF('Section Load'!L8>0,'Section Load'!L8,0)) -> 941 | L5: =(IF('Section Load'!M8>0,'Section Load'!M8,0)) -> 768 | ... AL5: =(IF('Section Load'!AM8>0,'Section Load'!AM8,0)) -> 863 | AM5: =(IF('Water Report'!$G$7>0,'Water Report'!$F$7,0)) -> 170 | AN5: =(IF('Water Report'!$G$8>0,'Water Report'!$F$8,0)) -> 132 | AO5: =(IF('Water Report'!$G$9>0,'Water Report'!$H$9,0)) -> 124 | AP5: =(IF('Water Report'!$G$10>0,'Water Report'!$G$10,0)) -> 31 | AQ5: =(IF('Water Report'!$G$11>0,'Water Report'!$G$11,0)) -> 75 | AR5: =(IF('Water Report'!$G$13>0,'Water Report'!$G$13,0)) -> 29 | AS5: =(IF('Water Report'!$G$14>0,'Water Report'!$G$14,0)) -> 28 | AT5: =(IF('Water Report'!$G$15>0,'Water Report'!$G$15,0)) -> 7 | AU5: =(IF('Water Report'!$G$17>0,'Water Report'!$G$17,0)) -> 0 | AV5: =(IF('Water Report'!$G$18>0,'Water Report'!$G$18,0)) -> 28 | AW5: =(IF('Water Report'!$G$19>0,'Water Report'!$G$19,0)) -> 16 | AX5: =(IF('Water Report'!$G$21>0,'Water Report'!$G$21,0)) -> 71 | AY5: =(IF('Water Report'!$G$22>0,'Water Report'!$G$22,0)) -> 0 | AZ5: =(IF('Water Report'!$G$23>0,'Water Report'!$G$23,0)) -> 18 | BA5: =(IF('Water Report'!$G$14>0,'Water Report'!$G$14,0)) -> 28 | BB5: =(IF('Water Report'!$G$15>0,'Water Report'!$G$15,0)) -> 7 | BC5: =(IF('Water Report'!$G$13>0,'Water Report'!$G$13,0)) -> 29 | BD5: =(IF('Water Report'!$G$24>0,'Water Report'!$G$24,0)) -> 314 | BE5: =(IF('Water Report'!$G$25>0,'Water Report'!$G$25,0)) -> 273 | BF5: =(IF('Water Report'!$G$27>0,'Water Report'!$G$27,0)) -> 118 | BG5: =(IF('Section Load'!AN8>0,'Section Load'!AN8,0)) -> 1121 | BH5: =(IF('Section Load'!AO8>0,'Section Load'!AO8,0)) -> 299 | BI5: =(IF('Section Load'!AP8>0,'Section Load'!AP8,0)) -> 0 | BJ5: =(IF('Section Load'!AQ8>0,'Section Load'!AQ8,0)) -> 116 | BK5: =(IF('Section Load'!AR8>0,'Section Load'!AR8,0)) -> 66 | BL5: =(IF('Section Load'!AS8>0,'Section Load'!AS8,0)) -> 0 | BM5: =(IF('Section Load'!AT8>0,'Section Load'!AT8,0)) -> 640
A6: Mumbai | B6: =B5+1 -> 5 | C6: 6 | D6: 2022 | E6: =(IF('Section Load'!F9>0,'Section Load'!F9,0)) -> 3453 | F6: =(IF('Section Load'!G9>0,'Section Load'!G9,0)) -> 1723.68 | G6: =(IF('Section Load'!H9>0,'Section Load'!H9,0)) -> 2433.01 | H6: =(IF('Section Load'!I9>0,'Section Load'!I9,0)) -> 3013 | I6: =(IF('Section Load'!J9>0,'Section Load'!J9,0)) -> 7126 | J6: =(IF('Section Load'!K9>0,'Section Load'!K9,0)) -> 2981 | K6: =(IF('Section Load'!L9>0,'Section Load'!L9,0)) -> 1674 | L6: =(IF('Section Load'!M9>0,'Section Load'!M9,0)) -> 741 | ... AL6: =(IF('Section Load'!AM9>0,'Section Load'!AM9,0)) -> 867 | AM6: =(IF('Water Report'!$H$7>0,'Water Report'!$H$7,0)) -> 225 | AN6: =(IF('Water Report'!$H$8>0,'Water Report'!$H$8,0)) -> 156 | AO6: =(IF('Water Report'!$H$9>0,'Water Report'!$H$9,0)) -> 124 | AP6: =(IF('Water Report'!$H$10>0,'Water Report'!$H$10,0)) -> 28 | AQ6: =(IF('Water Report'!$H$11>0,'Water Report'!$H$11,0)) -> 60 | AR6: =(IF('Water Report'!$H$13>0,'Water Report'!$H$13,0)) -> 39 | AS6: =(IF('Water Report'!$H$14>0,'Water Report'!$H$14,0)) -> 9 | AT6: =(IF('Water Report'!$H$15>0,'Water Report'!$H$15,0)) -> 6 | AU6: =(IF('Water Report'!$H$17>0,'Water Report'!$H$17,0)) -> 0 | AV6: =(IF('Water Report'!$H$18>0,'Water Report'!$H$18,0)) -> 0 | AW6: =(IF('Water Report'!$H$19>0,'Water Report'!$H$19,0)) -> 15 | AX6: =(IF('Water Report'!$H$21>0,'Water Report'!$H$21,0)) -> 91 | AY6: =(IF('Water Report'!$H$22>0,'Water Report'!$H$22,0)) -> 0 | AZ6: =(IF('Water Report'!$H$23>0,'Water Report'!$H$23,0)) -> 0 | BA6: =(IF('Water Report'!$H$14>0,'Water Report'!$H$14,0)) -> 9 | BB6: =(IF('Water Report'!$H$15>0,'Water Report'!$H$15,0)) -> 6 | BC6: =(IF('Water Report'!$H$13>0,'Water Report'!$H$13,0)) -> 39 | BD6: =(IF('Water Report'!$H$24>0,'Water Report'!$H$24,0)) -> 307 | BE6: =(IF('Water Report'!$H$25>0,'Water Report'!$H$25,0)) -> 227 | BF6: =(IF('Water Report'!$H$27>0,'Water Report'!$H$27,0)) -> 130 | BG6: =(IF('Section Load'!AN9>0,'Section Load'!AN9,0)) -> 1118 | BH6: =(IF('Section Load'!AO9>0,'Section Load'!AO9,0)) -> 323 | BI6: =(IF('Section Load'!AP9>0,'Section Load'!AP9,0)) -> 0 | BJ6: =(IF('Section Load'!AQ9>0,'Section Load'!AQ9,0)) -> 130 | BK6: =(IF('Section Load'!AR9>0,'Section Load'!AR9,0)) -> 46 | BL6: =(IF('Section Load'!AS9>0,'Section Load'!AS9,0)) -> 0.4 | BM6: =(IF('Section Load'!AT9>0,'Section Load'!AT9,0)) -> 618.6
A7: Mumbai | B7: =B6+1 -> 6 | C7: 6 | D7: 2022 | E7: =(IF('Section Load'!F10>0,'Section Load'!F10,0)) -> 3689 | F7: =(IF('Section Load'!G10>0,'Section Load'!G10,0)) -> 1752 | G7: =(IF('Section Load'!H10>0,'Section Load'!H10,0)) -> 2232 | H7: =(IF('Section Load'!I10>0,'Section Load'!I10,0)) -> 2982 | I7: =(IF('Section Load'!J10>0,'Section Load'!J10,0)) -> 9008 | J7: =(IF('Section Load'!K10>0,'Section Load'!K10,0)) -> 3199.58 | K7: =(IF('Section Load'!L10>0,'Section Load'!L10,0)) -> 1586 | L7: =(IF('Section Load'!M10>0,'Section Load'!M10,0)) -> 1086 | ... AL7: =(IF('Section Load'!AM10>0,'Section Load'!AM10,0)) -> 867 | AM7: =(IF('Water Report'!$I$7>0,'Water Report'!$I$7,0)) -> 100 | AN7: =(IF('Water Report'!$I$8>0,'Water Report'!$I$8,0)) -> 153 | AO7: =(IF('Water Report'!$I$9>0,'Water Report'!$I$9,0)) -> 106 | AP7: =(IF('Water Report'!$I$10>0,'Water Report'!$I$10,0)) -> 25 | AQ7: =(IF('Water Report'!$I$11>0,'Water Report'!$I$11,0)) -> 12 | AR7: =(IF('Water Report'!$I$13>0,'Water Report'!$I$13,0)) -> 17 | AS7: =(IF('Water Report'!$I$14>0,'Water Report'!$I$14,0)) -> 12 | AT7: =(IF('Water Report'!$I$15>0,'Water Report'!$I$15,0)) -> 4 | AU7: =(IF('Water Report'!$I$17>0,'Water Report'!$I$17,0)) -> 2 | AV7: =(IF('Water Report'!$I$18>0,'Water Report'!$I$18,0)) -> 13 | AW7: =(IF('Water Report'!$I$19>0,'Water Report'!$I$19,0)) -> 13 | AX7: =(IF('Water Report'!$I$21>0,'Water Report'!$I$21,0)) -> 133.7 | AY7: =(IF('Water Report'!$I$22>0,'Water Report'!$I$22,0)) -> 0 | AZ7: =(IF('Water Report'!$I$23>0,'Water Report'!$I$23,0)) -> 5 | BA7: =(IF('Water Report'!$I$14>0,'Water Report'!$I$14,0)) -> 12 | BB7: =(IF('Water Report'!$I$15>0,'Water Report'!$I$15,0)) -> 4 | BC7: =(IF('Water Report'!$I$13>0,'Water Report'!$I$13,0)) -> 17 | BD7: =(IF('Water Report'!$I$24>0,'Water Report'!$I$24,0)) -> 355 | BE7: =(IF('Water Report'!$I$25>0,'Water Report'!$I$25,0)) -> 159 | BF7: =(IF('Water Report'!$I$27>0,'Water Report'!$I$27,0)) -> 155.7 | BG7: =(IF('Section Load'!AN10>0,'Section Load'!AN10,0)) -> 1084.6 | BH7: =(IF('Section Load'!AO10>0,'Section Load'!AO10,0)) -> 311.43 | BI7: =(IF('Section Load'!AP10>0,'Section Load'!AP10,0)) -> 0 | BJ7: =(IF('Section Load'!AQ10>0,'Section Load'!AQ10,0)) -> 129.1 | BK7: =(IF('Section Load'!AR10>0,'Section Load'!AR10,0)) -> 41.3 | BL7: =(IF('Section Load'!AS10>0,'Section Load'!AS10,0)) -> 0 | BM7: =(IF('Section Load'!AT10>0,'Section Load'!AT10,0)) -> 602.77
A8: Mumbai | B8: =B7+1 -> 7 | C8: 6 | D8: 2022 | E8: =(IF('Section Load'!F11>0,'Section Load'!F11,0)) -> 3639 | F8: =(IF('Section Load'!G11>0,'Section Load'!G11,0)) -> 1684 | G8: =(IF('Section Load'!H11>0,'Section Load'!H11,0)) -> 2322 | H8: =(IF('Section Load'!I11>0,'Section Load'!I11,0)) -> 3002 | I8: =(IF('Section Load'!J11>0,'Section Load'!J11,0)) -> 8056.2 | J8: =(IF('Section Load'!K11>0,'Section Load'!K11,0)) -> 3153.92 | K8: =(IF('Section Load'!L11>0,'Section Load'!L11,0)) -> 1080 | L8: =(IF('Section Load'!M11>0,'Section Load'!M11,0)) -> 1022 | ... AL8: =(IF('Section Load'!AM11>0,'Section Load'!AM11,0)) -> 819 | AM8: =(IF('Water Report'!$J$7>0,'Water Report'!$J$7,0)) -> 172.4 | AN8: =(IF('Water Report'!$J$8>0,'Water Report'!$J$8,0)) -> 145 | AO8: =(IF('Water Report'!$J$9>0,'Water Report'!$J$9,0)) -> 157 | AP8: =(IF('Water Report'!$J$10>0,'Water Report'!$J$10,0)) -> 32 | AQ8: =(IF('Water Report'!$J$11>0,'Water Report'!$J$11,0)) -> 15 | AR8: =(IF('Water Report'!$J$13>0,'Water Report'!$J$13,0)) -> 21 | AS8: =(IF('Water Report'!$J$14>0,'Water Report'!$J$14,0)) -> 25 | AT8: =(IF('Water Report'!$J$15>0,'Water Report'!$J$15,0)) -> 6 | AU8: =(IF('Water Report'!$J$17>0,'Water Report'!$J$17,0)) -> 1 | AV8: =(IF('Water Report'!$J$18>0,'Water Report'!$J$18,0)) -> 15 | AW8: =(IF('Water Report'!$J$19>0,'Water Report'!$J$19,0)) -> 14 | AX8: =(IF('Water Report'!$J$21>0,'Water Report'!$J$21,0)) -> 115.3 | AY8: =(IF('Water Report'!$J$22>0,'Water Report'!$J$22,0)) -> 93 | AZ8: =(IF('Water Report'!$J$23>0,'Water Report'!$J$23,0)) -> 20 | BA8: =(IF('Water Report'!$J$14>0,'Water Report'!$J$14,0)) -> 25 | BB8: =(IF('Water Report'!$J$15>0,'Water Report'!$J$15,0)) -> 6 | BC8: =(IF('Water Report'!$J$13>0,'Water Report'!$J$13,0)) -> 21 | BD8: =(IF('Water Report'!$J$24>0,'Water Report'!$J$24,0)) -> 218 | BE8: =(IF('Water Report'!$J$25>0,'Water Report'!$J$25,0)) -> 235 | BF8: =(IF('Water Report'!$J$27>0,'Water Report'!$J$27,0)) -> 156.3 | BG8: =(IF('Section Load'!AN11>0,'Section Load'!AN11,0)) -> 1078.6 | BH8: =(IF('Section Load'!AO11>0,'Section Load'!AO11,0)) -> 321.13 | BI8: =(IF('Section Load'!AP11>0,'Section Load'!AP11,0)) -> 0 | BJ8: =(IF('Section Load'!AQ11>0,'Section Load'!AQ11,0)) -> 117.9 | BK8: =(IF('Section Load'!AR11>0,'Section Load'!AR11,0)) -> 52.6 | BL8: =(IF('Section Load'!AS11>0,'Section Load'!AS11,0)) -> 0 | BM8: =(IF('Section Load'!AT11>0,'Section Load'!AT11,0)) -> 586.97
A9: Mumbai | B9: =B8+1 -> 8 | C9: 6 | D9: 2022 | E9: =(IF('Section Load'!F12>0,'Section Load'!F12,0)) -> 1259 | F9: =(IF('Section Load'!G12>0,'Section Load'!G12,0)) -> 572 | G9: =(IF('Section Load'!H12>0,'Section Load'!H12,0)) -> 735 | H9: =(IF('Section Load'!I12>0,'Section Load'!I12,0)) -> 939 | I9: =(IF('Section Load'!J12>0,'Section Load'!J12,0)) -> 2008 | J9: =(IF('Section Load'!K12>0,'Section Load'!K12,0)) -> 3336.73 | K9: =(IF('Section Load'!L12>0,'Section Load'!L12,0)) -> 419 | L9: =(IF('Section Load'!M12>0,'Section Load'!M12,0)) -> 301 | ... AL9: =(IF('Section Load'!AM12>0,'Section Load'!AM12,0)) -> 320 | AM9: =(IF('Water Report'!$K$7>0,'Water Report'!$K$7,0)) -> 87.6 | AN9: =(IF('Water Report'!$K$8>0,'Water Report'!$K$8,0)) -> 81 | AO9: =(IF('Water Report'!$K$9>0,'Water Report'!$K$9,0)) -> 92 | AP9: =(IF('Water Report'!$K$10>0,'Water Report'!$K$10,0)) -> 25 | AQ9: =(IF('Water Report'!$K$11>0,'Water Report'!$K$11,0)) -> 13 | AR9: =(IF('Water Report'!$K$13>0,'Water Report'!$K$13,0)) -> 31 | AS9: =(IF('Water Report'!$K$14>0,'Water Report'!$K$14,0)) -> 8 | AT9: =(IF('Water Report'!$K$15>0,'Water Report'!$K$15,0)) -> 6 | AU9: =(IF('Water Report'!$K$17>0,'Water Report'!$K$17,0)) -> 3 | AV9: =(IF('Water Report'!$K$18>0,'Water Report'!$K$18,0)) -> 15 | AW9: =(IF('Water Report'!$K$19>0,'Water Report'!$K$19,0)) -> 13 | AX9: =(IF('Water Report'!$K$21>0,'Water Report'!$K$21,0)) -> 106 | AY9: =(IF('Water Report'!$K$22>0,'Water Report'!$K$22,0)) -> 34 | AZ9: =(IF('Water Report'!$K$23>0,'Water Report'!$K$23,0)) -> 4 | BA9: =(IF('Water Report'!$K$14>0,'Water Report'!$K$14,0)) -> 8 | BB9: =(IF('Water Report'!$K$15>0,'Water Report'!$K$15,0)) -> 6 | BC9: =(IF('Water Report'!$K$13>0,'Water Report'!$K$13,0)) -> 31 | BD9: =(IF('Water Report'!$K$24>0,'Water Report'!$K$24,0)) -> 195 | BE9: =(IF('Water Report'!$K$25>0,'Water Report'!$K$25,0)) -> 144 | BF9: =(IF('Water Report'!$K$27>0,'Water Report'!$K$27,0)) -> 141 | BG9: =(IF('Section Load'!AN12>0,'Section Load'!AN12,0)) -> 1052.8 | BH9: =(IF('Section Load'!AO12>0,'Section Load'!AO12,0)) -> 293.18 | BI9: =(IF('Section Load'!AP12>0,'Section Load'!AP12,0)) -> 0 | BJ9: =(IF('Section Load'!AQ12>0,'Section Load'!AQ12,0)) -> 113 | BK9: =(IF('Section Load'!AR12>0,'Section Load'!AR12,0)) -> 49.1 | BL9: =(IF('Section Load'!AS12>0,'Section Load'!AS12,0)) -> 0 | BM9: =(IF('Section Load'!AT12>0,'Section Load'!AT12,0)) -> 597.92
A10: Mumbai | B10: =B9+1 -> 9 | C10: 6 | D10: 2022 | E10: =(IF('Section Load'!F13>0,'Section Load'!F13,0)) -> 3675.9 | F10: =(IF('Section Load'!G13>0,'Section Load'!G13,0)) -> 3107.32 | G10: =(IF('Section Load'!H13>0,'Section Load'!H13,0)) -> 2250.79 | H10: =(IF('Section Load'!I13>0,'Section Load'!I13,0)) -> 2000 | I10: =(IF('Section Load'!J13>0,'Section Load'!J13,0)) -> 13570.42 | J10: =(IF('Section Load'!K13>0,'Section Load'!K13,0)) -> 3248.63 | K10: =(IF('Section Load'!L13>0,'Section Load'!L13,0)) -> 1886.93 | L10: =(IF('Section Load'!M13>0,'Section Load'!M13,0)) -> 1629 | ... AL10: =(IF('Section Load'!AM13>0,'Section Load'!AM13,0)) -> 1437.25 | AM10: =(IF('Water Report'!$L$7>0,'Water Report'!$L$7,0)) -> 127 | AN10: =(IF('Water Report'!$L$8>0,'Water Report'!$L$8,0)) -> 129 | AO10: =(IF('Water Report'!$L$9>0,'Water Report'!$L$9,0)) -> 119 | AP10: =(IF('Water Report'!$L$10>0,'Water Report'!$L$10,0)) -> 31 | AQ10: =(IF('Water Report'!$L$11>0,'Water Report'!$L$11,0)) -> 15 | AR10: =(IF('Water Report'!$L$13>0,'Water Report'!$L$13,0)) -> 40 | AS10: =(IF('Water Report'!$L$14>0,'Water Report'!$L$14,0)) -> 8 | AT10: =(IF('Water Report'!$L$15>0,'Water Report'!$L$15,0)) -> 9 | AU10: =(IF('Water Report'!$L$17>0,'Water Report'!$L$17,0)) -> 0 | AV10: =(IF('Water Report'!$L$18>0,'Water Report'!$L$18,0)) -> 13 | AW10: =(IF('Water Report'!$L$19>0,'Water Report'!$L$19,0)) -> 13 | AX10: =(IF('Water Report'!$L$21>0,'Water Report'!$L$21,0)) -> 137 | AY10: =(IF('Water Report'!$L$22>0,'Water Report'!$L$22,0)) -> 30 | AZ10: =(IF('Water Report'!$L$23>0,'Water Report'!$L$23,0)) -> 30 | BA10: =(IF('Water Report'!$L$14>0,'Water Report'!$L$14,0)) -> 8 | BB10: =(IF('Water Report'!$L$15>0,'Water Report'!$L$15,0)) -> 9 | BC10: =(IF('Water Report'!$L$13>0,'Water Report'!$L$13,0)) -> 40 | BD10: =(IF('Water Report'!$L$24>0,'Water Report'!$L$24,0)) -> 280 | BE10: =(IF('Water Report'!$L$25>0,'Water Report'!$L$25,0)) -> 182 | BF10: =(IF('Water Report'!$L$27>0,'Water Report'!$L$27,0)) -> 207 | BG10: =(IF('Section Load'!AN13>0,'Section Load'!AN13,0)) -> 916 | BH10: =(IF('Section Load'!AO13>0,'Section Load'!AO13,0)) -> 300.152 | BI10: =(IF('Section Load'!AP13>0,'Section Load'!AP13,0)) -> 0 | BJ10: =(IF('Section Load'!AQ13>0,'Section Load'!AQ13,0)) -> 96 | BK10: =(IF('Section Load'!AR13>0,'Section Load'!AR13,0)) -> 43 | BL10: =(IF('Section Load'!AS13>0,'Section Load'!AS13,0)) -> 0 | BM10: =(IF('Section Load'!AT13>0,'Section Load'!AT13,0)) -> 477.648
A11: Mumbai | B11: =B10+1 -> 10 | C11: 6 | D11: 2022 | E11: =(IF('Section Load'!F14>0,'Section Load'!F14,0)) -> 3797.05 | F11: =(IF('Section Load'!G14>0,'Section Load'!G14,0)) -> 1758.13 | G11: =(IF('Section Load'!H14>0,'Section Load'!H14,0)) -> 2457.45 | H11: =(IF('Section Load'!I14>0,'Section Load'!I14,0)) -> 3079.09 | I11: =(IF('Section Load'!J14>0,'Section Load'!J14,0)) -> 10623.72 | J11: =(IF('Section Load'!K14>0,'Section Load'!K14,0)) -> 3197.04 | K11: =(IF('Section Load'!L14>0,'Section Load'!L14,0)) -> 1407.18 | L11: =(IF('Section Load'!M14>0,'Section Load'!M14,0)) -> 985.8 | ... AL11: =(IF('Section Load'!AM14>0,'Section Load'!AM14,0)) -> 848.5 | AM11: =(IF('Water Report'!$M$7>0,'Water Report'!$M$7,0)) -> 131 | AN11: =(IF('Water Report'!$M$8>0,'Water Report'!$M$8,0)) -> 105 | AO11: =(IF('Water Report'!$M$9>0,'Water Report'!$M$9,0)) -> 116 | AP11: =(IF('Water Report'!$M$10>0,'Water Report'!$M$10,0)) -> 23 | AQ11: =(IF('Water Report'!$M$11>0,'Water Report'!$M$11,0)) -> 2 | AR11: =(IF('Water Report'!$M$13>0,'Water Report'!$M$13,0)) -> 31 | AS11: =(IF('Water Report'!$M$14>0,'Water Report'!$M$14,0)) -> 10 | AT11: =(IF('Water Report'!$M$15>0,'Water Report'!$M$15,0)) -> 15 | AU11: =(IF('Water Report'!$M$17>0,'Water Report'!$M$17,0)) -> 2 | AV11: =(IF('Water Report'!$M$18>0,'Water Report'!$M$18,0)) -> 17 | AW11: =(IF('Water Report'!$M$19>0,'Water Report'!$M$19,0)) -> 13 | AX11: =(IF('Water Report'!$M$21>0,'Water Report'!$M$21,0)) -> 110 | AY11: =(IF('Water Report'!$M$22>0,'Water Report'!$M$22,0)) -> 29 | AZ11: =(IF('Water Report'!$M$23>0,'Water Report'!$M$23,0)) -> 3 | BA11: =(IF('Water Report'!$M$14>0,'Water Report'!$M$14,0)) -> 10 | BB11: =(IF('Water Report'!$M$15>0,'Water Report'!$M$15,0)) -> 15 | BC11: =(IF('Water Report'!$M$13>0,'Water Report'!$M$13,0)) -> 31 | BD11: =(IF('Water Report'!$M$24>0,'Water Report'!$M$24,0)) -> 200 | BE11: =(IF('Water Report'!$M$25>0,'Water Report'!$M$25,0)) -> 166 | BF11: =(IF('Water Report'!$M$27>0,'Water Report'!$M$27,0)) -> 144 | BG11: =(IF('Section Load'!AN14>0,'Section Load'!AN14,0)) -> 1061.5 | BH11: =(IF('Section Load'!AO14>0,'Section Load'!AO14,0)) -> 291.281 | BI11: =(IF('Section Load'!AP14>0,'Section Load'!AP14,0)) -> 0.8 | BJ11: =(IF('Section Load'!AQ14>0,'Section Load'!AQ14,0)) -> 108 | BK11: =(IF('Section Load'!AR14>0,'Section Load'!AR14,0)) -> 58 | BL11: =(IF('Section Load'!AS14>0,'Section Load'!AS14,0)) -> 0 | BM11: =(IF('Section Load'!AT14>0,'Section Load'!AT14,0)) -> 603.419
A12: Mumbai | B12: =B11+1 -> 11 | C12: 6 | D12: 2022 | E12: =(IF('Section Load'!F15>0,'Section Load'!F15,0)) -> 3749.11 | F12: =(IF('Section Load'!G15>0,'Section Load'!G15,0)) -> 1739.12 | G12: =(IF('Section Load'!H15>0,'Section Load'!H15,0)) -> 2491.7 | H12: =(IF('Section Load'!I15>0,'Section Load'!I15,0)) -> 3101.95 | I12: =(IF('Section Load'!J15>0,'Section Load'!J15,0)) -> 9978.85 | J12: =(IF('Section Load'!K15>0,'Section Load'!K15,0)) -> 3247.2 | K12: =(IF('Section Load'!L15>0,'Section Load'!L15,0)) -> 995.78 | L12: =(IF('Section Load'!M15>0,'Section Load'!M15,0)) -> 719.1 | ... AL12: =(IF('Section Load'!AM15>0,'Section Load'!AM15,0)) -> 866.25 | AM12: =(IF('Water Report'!$N$7>0,'Water Report'!$N$7,0)) -> 142 | AN12: =(IF('Water Report'!$N$8>0,'Water Report'!$N$8,0)) -> 121 | AO12: =(IF('Water Report'!$N$9>0,'Water Report'!$N$9,0)) -> 129 | AP12: =(IF('Water Report'!$N$10>0,'Water Report'!$N$10,0)) -> 33 | AQ12: =(IF('Water Report'!$N$11>0,'Water Report'!$N$11,0)) -> 0 | AR12: =(IF('Water Report'!$N$13>0,'Water Report'!$N$13,0)) -> 36 | AS12: =(IF('Water Report'!$N$14>0,'Water Report'!$N$14,0)) -> 8 | AT12: =(IF('Water Report'!$N$15>0,'Water Report'!$N$15,0)) -> 8 | AU12: =(IF('Water Report'!$N$17>0,'Water Report'!$N$17,0)) -> 1 | AV12: =(IF('Water Report'!$N$18>0,'Water Report'!$N$18,0)) -> 16 | AW12: =(IF('Water Report'!$N$19>0,'Water Report'!$N$19,0)) -> 13 | AX12: =(IF('Water Report'!$N$21>0,'Water Report'!$N$21,0)) -> 135 | AY12: =(IF('Water Report'!$N$22>0,'Water Report'!$N$22,0)) -> 1 | AZ12: =(IF('Water Report'!$N$23>0,'Water Report'!$N$23,0)) -> 4 | BA12: =(IF('Water Report'!$N$14>0,'Water Report'!$N$14,0)) -> 8 | BB12: =(IF('Water Report'!$N$15>0,'Water Report'!$N$15,0)) -> 8 | BC12: =(IF('Water Report'!$N$13>0,'Water Report'!$N$13,0)) -> 36 | BD12: =(IF('Water Report'!$N$24>0,'Water Report'!$N$24,0)) -> 360 | BE12: =(IF('Water Report'!$N$25>0,'Water Report'!$N$25,0)) -> 178 | BF12: =(IF('Water Report'!$N$27>0,'Water Report'!$N$27,0)) -> 175 | BG12: =(IF('Section Load'!AN15>0,'Section Load'!AN15,0)) -> 1053.5 | BH12: =(IF('Section Load'!AO15>0,'Section Load'!AO15,0)) -> 278.507 | BI12: =(IF('Section Load'!AP15>0,'Section Load'!AP15,0)) -> 0 | BJ12: =(IF('Section Load'!AQ15>0,'Section Load'!AQ15,0)) -> 105 | BK12: =(IF('Section Load'!AR15>0,'Section Load'!AR15,0)) -> 50 | BL12: =(IF('Section Load'!AS15>0,'Section Load'!AS15,0)) -> 0.4 | BM12: =(IF('Section Load'!AT15>0,'Section Load'!AT15,0)) -> 619.593
A13: Mumbai | B13: =B12+1 -> 12 | C13: 6 | D13: 2022 | E13: =(IF('Section Load'!F16>0,'Section Load'!F16,0)) -> 3949.94 | F13: =(IF('Section Load'!G16>0,'Section Load'!G16,0)) -> 1720.75 | G13: =(IF('Section Load'!H16>0,'Section Load'!H16,0)) -> 2523.3 | H13: =(IF('Section Load'!I16>0,'Section Load'!I16,0)) -> 3189.05 | I13: =(IF('Section Load'!J16>0,'Section Load'!J16,0)) -> 10292.75 | J13: =(IF('Section Load'!K16>0,'Section Load'!K16,0)) -> 3313.9 | K13: =(IF('Section Load'!L16>0,'Section Load'!L16,0)) -> 949.11 | L13: =(IF('Section Load'!M16>0,'Section Load'!M16,0)) -> 955.1 | ... AL13: =(IF('Section Load'!AM16>0,'Section Load'!AM16,0)) -> 908 | AM13: =(IF('Water Report'!$O$7>0,'Water Report'!$O$7,0)) -> 122 | AN13: =(IF('Water Report'!$O$8>0,'Water Report'!$O$8,0)) -> 154 | AO13: =(IF('Water Report'!$O$9>0,'Water Report'!$O$9,0)) -> 109 | AP13: =(IF('Water Report'!$O$10>0,'Water Report'!$O$10,0)) -> 29 | AQ13: =(IF('Water Report'!$O$11>0,'Water Report'!$O$11,0)) -> 0 | AR13: =(IF('Water Report'!$O$13>0,'Water Report'!$O$13,0)) -> 37 | AS13: =(IF('Water Report'!$O$14>0,'Water Report'!$O$14,0)) -> 8 | AT13: =(IF('Water Report'!$O$15>0,'Water Report'!$O$15,0)) -> 7 | AU13: =(IF('Water Report'!$O$17>0,'Water Report'!$O$17,0)) -> 0 | AV13: =(IF('Water Report'!$O$18>0,'Water Report'!$O$18,0)) -> 16 | AW13: =(IF('Water Report'!$O$19>0,'Water Report'!$O$19,0)) -> 14 | AX13: =(IF('Water Report'!$O$21>0,'Water Report'!$O$21,0)) -> 76 | AY13: =(IF('Water Report'!$O$22>0,'Water Report'!$O$22,0)) -> 16 | AZ13: =(IF('Water Report'!$O$23>0,'Water Report'!$O$23,0)) -> 6 | BA13: =(IF('Water Report'!$O$14>0,'Water Report'!$O$14,0)) -> 8 | BB13: =(IF('Water Report'!$O$15>0,'Water Report'!$O$15,0)) -> 7 | BC13: =(IF('Water Report'!$O$13>0,'Water Report'!$O$13,0)) -> 37 | BD13: =(IF('Water Report'!$O$24>0,'Water Report'!$O$24,0)) -> 270 | BE13: =(IF('Water Report'!$O$25>0,'Water Report'!$O$25,0)) -> 153 | BF13: =(IF('Water Report'!$O$27>0,'Water Report'!$O$27,0)) -> 119 | BG13: =(IF('Section Load'!AN16>0,'Section Load'!AN16,0)) -> 1039 | BH13: =(IF('Section Load'!AO16>0,'Section Load'!AO16,0)) -> 320.32 | BI13: =(IF('Section Load'!AP16>0,'Section Load'!AP16,0)) -> 0.2 | BJ13: =(IF('Section Load'!AQ16>0,'Section Load'!AQ16,0)) -> 106 | BK13: =(IF('Section Load'!AR16>0,'Section Load'!AR16,0)) -> 45 | BL13: =(IF('Section Load'!AS16>0,'Section Load'!AS16,0)) -> 0 | BM13: =(IF('Section Load'!AT16>0,'Section Load'!AT16,0)) -> 567.48
A14: Mumbai | B14: =B13+1 -> 13 | C14: 6 | D14: 2022 | E14: =(IF('Section Load'!F17>0,'Section Load'!F17,0)) -> 3857 | F14: =(IF('Section Load'!G17>0,'Section Load'!G17,0)) -> 1681 | G14: =(IF('Section Load'!H17>0,'Section Load'!H17,0)) -> 2350 | H14: =(IF('Section Load'!I17>0,'Section Load'!I17,0)) -> 3101 | I14: =(IF('Section Load'!J17>0,'Section Load'!J17,0)) -> 9751 | J14: =(IF('Section Load'!K17>0,'Section Load'!K17,0)) -> 3231 | K14: =(IF('Section Load'!L17>0,'Section Load'!L17,0)) -> 945 | L14: =(IF('Section Load'!M17>0,'Section Load'!M17,0)) -> 703 | ... AL14: =(IF('Section Load'!AM17>0,'Section Load'!AM17,0)) -> 864 | AM14: =(IF('Water Report'!$P$7>0,'Water Report'!$P$7,0)) -> 133 | AN14: =(IF('Water Report'!$P$8>0,'Water Report'!$P$8,0)) -> 92 | AO14: =(IF('Water Report'!$P$9>0,'Water Report'!$P$9,0)) -> 136 | AP14: =(IF('Water Report'!$P$10>0,'Water Report'!$P$10,0)) -> 23 | AQ14: =(IF('Water Report'!$P$11>0,'Water Report'!$P$11,0)) -> 0 | AR14: =(IF('Water Report'!$P$13>0,'Water Report'!$P$13,0)) -> 38 | AS14: =(IF('Water Report'!$P$14>0,'Water Report'!$P$14,0)) -> 7 | AT14: =(IF('Water Report'!$P$15>0,'Water Report'!$P$15,0)) -> 8 | AU14: =(IF('Water Report'!$P$17>0,'Water Report'!$P$17,0)) -> 0 | AV14: =(IF('Water Report'!$P$18>0,'Water Report'!$P$18,0)) -> 15 | AW14: =(IF('Water Report'!$P$19>0,'Water Report'!$P$19,0)) -> 10 | AX14: =(IF('Water Report'!$P$21>0,'Water Report'!$P$21,0)) -> 78 | AY14: =(IF('Water Report'!$P$22>0,'Water Report'!$P$22,0)) -> 0 | AZ14: =(IF('Water Report'!$P$23>0,'Water Report'!$P$23,0)) -> 0 | BA14: =(IF('Water Report'!$P$14>0,'Water Report'!$P$14,0)) -> 7 | BB14: =(IF('Water Report'!$P$15>0,'Water Report'!$P$15,0)) -> 8 | BC14: =(IF('Water Report'!$P$13>0,'Water Report'!$P$13,0)) -> 38 | BD14: =(IF('Water Report'!$P$24>0,'Water Report'!$P$24,0)) -> 280 | BE14: =(IF('Water Report'!$P$25>0,'Water Report'!$P$25,0)) -> 174 | BF14: =(IF('Water Report'!$P$27>0,'Water Report'!$P$27,0)) -> 116 | BG14: =(IF('Section Load'!AN17>0,'Section Load'!AN17,0)) -> 1055 | BH14: =(IF('Section Load'!AO17>0,'Section Load'!AO17,0)) -> 318 | BI14: =(IF('Section Load'!AP17>0,'Section Load'!AP17,0)) -> 0 | BJ14: =(IF('Section Load'!AQ17>0,'Section Load'!AQ17,0)) -> 113 | BK14: =(IF('Section Load'!AR17>0,'Section Load'!AR17,0)) -> 47 | BL14: =(IF('Section Load'!AS17>0,'Section Load'!AS17,0)) -> 0 | BM14: =(IF('Section Load'!AT17>0,'Section Load'!AT17,0)) -> 577.6
A15: Mumbai | B15: =B14+1 -> 14 | C15: 6 | D15: 2022 | E15: =(IF('Section Load'!F18>0,'Section Load'!F18,0)) -> 3734 | F15: =(IF('Section Load'!G18>0,'Section Load'!G18,0)) -> 1688 | G15: =(IF('Section Load'!H18>0,'Section Load'!H18,0)) -> 2405 | H15: =(IF('Section Load'!I18>0,'Section Load'!I18,0)) -> 2986 | I15: =(IF('Section Load'!J18>0,'Section Load'!J18,0)) -> 9169.4 | J15: =(IF('Section Load'!K18>0,'Section Load'!K18,0)) -> 3212 | K15: =(IF('Section Load'!L18>0,'Section Load'!L18,0)) -> 953 | L15: =(IF('Section Load'!M18>0,'Section Load'!M18,0)) -> 1123 | ... AL15: =(IF('Section Load'!AM18>0,'Section Load'!AM18,0)) -> 754 | AM15: =(IF('Water Report'!$Q$7>0,'Water Report'!$Q$7,0)) -> 135 | AN15: =(IF('Water Report'!$Q$8>0,'Water Report'!$Q$8,0)) -> 152 | AO15: =(IF('Water Report'!$Q$9>0,'Water Report'!$Q$9,0)) -> 128 | AP15: =(IF('Water Report'!$Q$10>0,'Water Report'!$Q$10,0)) -> 30 | AQ15: =(IF('Water Report'!$Q$11>0,'Water Report'!$Q$11,0)) -> 1 | AR15: =(IF('Water Report'!$Q$13>0,'Water Report'!$Q$13,0)) -> 40 | AS15: =(IF('Water Report'!$Q$14>0,'Water Report'!$Q$14,0)) -> 7 | AT15: =(IF('Water Report'!$Q$15>0,'Water Report'!$Q$15,0)) -> 8 | AU15: =(IF('Water Report'!$Q$17>0,'Water Report'!$Q$17,0)) -> 0 | AV15: =(IF('Water Report'!$Q$18>0,'Water Report'!$Q$18,0)) -> 16 | AW15: =(IF('Water Report'!$Q$19>0,'Water Report'!$Q$19,0)) -> 15 | AX15: =(IF('Water Report'!$Q$21>0,'Water Report'!$Q$21,0)) -> 155 | AY15: =(IF('Water Report'!$Q$22>0,'Water Report'!$Q$22,0)) -> 0 | AZ15: =(IF('Water Report'!$Q$23>0,'Water Report'!$Q$23,0)) -> 2 | BA15: =(IF('Water Report'!$Q$14>0,'Water Report'!$Q$14,0)) -> 7 | BB15: =(IF('Water Report'!$Q$15>0,'Water Report'!$Q$15,0)) -> 8 | BC15: =(IF('Water Report'!$Q$13>0,'Water Report'!$Q$13,0)) -> 40 | BD15: =(IF('Water Report'!$Q$24>0,'Water Report'!$Q$24,0)) -> 290 | BE15: =(IF('Water Report'!$Q$25>0,'Water Report'!$Q$25,0)) -> 174 | BF15: =(IF('Water Report'!$Q$27>0,'Water Report'!$Q$27,0)) -> 197 | BG15: =(IF('Section Load'!AN18>0,'Section Load'!AN18,0)) -> 1050 | BH15: =(IF('Section Load'!AO18>0,'Section Load'!AO18,0)) -> 314 | BI15: =(IF('Section Load'!AP18>0,'Section Load'!AP18,0)) -> 0 | BJ15: =(IF('Section Load'!AQ18>0,'Section Load'!AQ18,0)) -> 109 | BK15: =(IF('Section Load'!AR18>0,'Section Load'!AR18,0)) -> 45 | BL15: =(IF('Section Load'!AS18>0,'Section Load'!AS18,0)) -> 0 | BM15: =(IF('Section Load'!AT18>0,'Section Load'!AT18,0)) -> 582
A16: Mumbai | B16: =B15+1 -> 15 | C16: 6 | D16: 2022 | E16: =(IF('Section Load'!F19>0,'Section Load'!F19,0)) -> 3640 | F16: =(IF('Section Load'!G19>0,'Section Load'!G19,0)) -> 1655 | G16: =(IF('Section Load'!H19>0,'Section Load'!H19,0)) -> 2311 | H16: =(IF('Section Load'!I19>0,'Section Load'!I19,0)) -> 3010 | I16: =(IF('Section Load'!J19>0,'Section Load'!J19,0)) -> 9511 | J16: =(IF('Section Load'!K19>0,'Section Load'!K19,0)) -> 3224 | K16: =(IF('Section Load'!L19>0,'Section Load'!L19,0)) -> 977 | L16: =(IF('Section Load'!M19>0,'Section Load'!M19,0)) -> 699 | ... AL16: =(IF('Section Load'!AM19>0,'Section Load'!AM19,0)) -> 725 | AM16: =(IF('Water Report'!$R$7>0,'Water Report'!$R$7,0)) -> 132 | AN16: =(IF('Water Report'!$R$8>0,'Water Report'!$R$8,0)) -> 142 | AO16: =(IF('Water Report'!$R$9>0,'Water Report'!$R$9,0)) -> 107 | AP16: =(IF('Water Report'!$R$10>0,'Water Report'!$R$10,0)) -> 19 | AQ16: =(IF('Water Report'!$R$11>0,'Water Report'!$R$11,0)) -> 0 | AR16: =(IF('Water Report'!$R$13>0,'Water Report'!$R$13,0)) -> 33 | AS16: =(IF('Water Report'!$R$14>0,'Water Report'!$R$14,0)) -> 22 | AT16: =(IF('Water Report'!$R$15>0,'Water Report'!$R$15,0)) -> 5 | AU16: =(IF('Water Report'!$R$17>0,'Water Report'!$R$17,0)) -> 0 | AV16: =(IF('Water Report'!$R$18>0,'Water Report'!$R$18,0)) -> 14 | AW16: =(IF('Water Report'!$R$19>0,'Water Report'!$R$19,0)) -> 14 | AX16: =(IF('Water Report'!$R$21>0,'Water Report'!$R$21,0)) -> 110 | AY16: =(IF('Water Report'!$R$22>0,'Water Report'!$R$22,0)) -> 0 | AZ16: =(IF('Water Report'!$R$23>0,'Water Report'!$R$23,0)) -> 1 | BA16: =(IF('Water Report'!$R$14>0,'Water Report'!$R$14,0)) -> 22 | BB16: =(IF('Water Report'!$R$15>0,'Water Report'!$R$15,0)) -> 5 | BC16: =(IF('Water Report'!$R$13>0,'Water Report'!$R$13,0)) -> 33 | BD16: =(IF('Water Report'!$R$24>0,'Water Report'!$R$24,0)) -> 250 | BE16: =(IF('Water Report'!$R$25>0,'Water Report'!$R$25,0)) -> 153 | BF16: =(IF('Water Report'!$R$27>0,'Water Report'!$R$27,0)) -> 144 | BG16: =(IF('Section Load'!AN19>0,'Section Load'!AN19,0)) -> 1071 | BH16: =(IF('Section Load'!AO19>0,'Section Load'!AO19,0)) -> 312 | BI16: =(IF('Section Load'!AP19>0,'Section Load'!AP19,0)) -> 0 | BJ16: =(IF('Section Load'!AQ19>0,'Section Load'!AQ19,0)) -> 114 | BK16: =(IF('Section Load'!AR19>0,'Section Load'!AR19,0)) -> 52 | BL16: =(IF('Section Load'!AS19>0,'Section Load'!AS19,0)) -> 0 | BM16: =(IF('Section Load'!AT19>0,'Section Load'!AT19,0)) -> 593
A17: Mumbai | B17: =B16+1 -> 16 | C17: 6 | D17: 2022 | E17: =(IF('Section Load'!F20>0,'Section Load'!F20,0)) -> 3360 | F17: =(IF('Section Load'!G20>0,'Section Load'!G20,0)) -> 1666 | G17: =(IF('Section Load'!H20>0,'Section Load'!H20,0)) -> 2366 | H17: =(IF('Section Load'!I20>0,'Section Load'!I20,0)) -> 3099 | I17: =(IF('Section Load'!J20>0,'Section Load'!J20,0)) -> 10363 | J17: =(IF('Section Load'!K20>0,'Section Load'!K20,0)) -> 3266 | K17: =(IF('Section Load'!L20>0,'Section Load'!L20,0)) -> 861 | L17: =(IF('Section Load'!M20>0,'Section Load'!M20,0)) -> 634 | ... AL17: =(IF('Section Load'!AM20>0,'Section Load'!AM20,0)) -> 622 | AM17: =(IF('Water Report'!$S$7>0,'Water Report'!$S$7,0)) -> 123 | AN17: =(IF('Water Report'!$S$8>0,'Water Report'!$S$8,0)) -> 127 | AO17: =(IF('Water Report'!$S$9>0,'Water Report'!$S$9,0)) -> 123 | AP17: =(IF('Water Report'!$S$10>0,'Water Report'!$D$10,0)) -> 18 | AQ17: =(IF('Water Report'!$S$11>0,'Water Report'!$D$11,0)) -> 0 | AR17: =(IF('Water Report'!$S$13>0,'Water Report'!$D$13,0)) -> 15 | AS17: =(IF('Water Report'!$S$14>0,'Water Report'!$D$14,0)) -> 5 | AT17: =(IF('Water Report'!$S$15>0,'Water Report'!$D$15,0)) -> 24 | AU17: =(IF('Water Report'!$S$17>0,'Water Report'!$D$17,0)) -> 0 | AV17: =(IF('Water Report'!$S$18>0,'Water Report'!$D$18,0)) -> 14 | AW17: =(IF('Water Report'!$S$19>0,'Water Report'!$D$19,0)) -> 17 | AX17: =(IF('Water Report'!$S$21>0,'Water Report'!$D$21,0)) -> 103 | AY17: =(IF('Water Report'!$S$22>0,'Water Report'!$D$22,0)) -> 0 | AZ17: =(IF('Water Report'!$S$23>0,'Water Report'!$D$23,0)) -> 20 | BA17: =(IF('Water Report'!$S$14>0,'Water Report'!$D$14,0)) -> 5 | BB17: =(IF('Water Report'!$S$15>0,'Water Report'!$D$15,0)) -> 24 | BC17: =(IF('Water Report'!$S$13>0,'Water Report'!$D$13,0)) -> 15 | BD17: =(IF('Water Report'!$S$24>0,'Water Report'!$D$24,0)) -> 316 | BE17: =(IF('Water Report'!$S$25>0,'Water Report'!$D$25,0)) -> 230 | BF17: =(IF('Water Report'!$S$27>0,'Water Report'!$D$27,0)) -> 138 | BG17: =(IF('Section Load'!AN20>0,'Section Load'!AN20,0)) -> 1026 | BH17: =(IF('Section Load'!AO20>0,'Section Load'!AO20,0)) -> 311 | BI17: =(IF('Section Load'!AP20>0,'Section Load'!AP20,0)) -> 0 | BJ17: =(IF('Section Load'!AQ20>0,'Section Load'!AQ20,0)) -> 63 | BK17: =(IF('Section Load'!AR20>0,'Section Load'!AR20,0)) -> 43 | BL17: =(IF('Section Load'!AS20>0,'Section Load'!AS20,0)) -> 0 | BM17: =(IF('Section Load'!AT20>0,'Section Load'!AT20,0)) -> 609
A18: Mumbai | B18: =B17+1 -> 17 | C18: 6 | D18: 2022 | E18: =(IF('Section Load'!F21>0,'Section Load'!F21,0)) -> 3494 | F18: =(IF('Section Load'!G21>0,'Section Load'!G21,0)) -> 1704 | G18: =(IF('Section Load'!H21>0,'Section Load'!H21,0)) -> 2355 | H18: =(IF('Section Load'!I21>0,'Section Load'!I21,0)) -> 3142 | I18: =(IF('Section Load'!J21>0,'Section Load'!J21,0)) -> 10550 | J18: =(IF('Section Load'!K21>0,'Section Load'!K21,0)) -> 3226 | K18: =(IF('Section Load'!L21>0,'Section Load'!L21,0)) -> 1457 | L18: =(IF('Section Load'!M21>0,'Section Load'!M21,0)) -> 721 | ... AL18: =(IF('Section Load'!AM21>0,'Section Load'!AM21,0)) -> 609 | AM18: =(IF('Water Report'!$T$7>0,'Water Report'!$T$7,0)) -> 117 | AN18: =(IF('Water Report'!$T$8>0,'Water Report'!$T$8,0)) -> 109 | AO18: =(IF('Water Report'!$T$9>0,'Water Report'!$T$9,0)) -> 119 | AP18: =(IF('Water Report'!$T$10>0,'Water Report'!$T$10,0)) -> 20 | AQ18: =(IF('Water Report'!$T$11>0,'Water Report'!$T$11,0)) -> 0 | AR18: =(IF('Water Report'!$T$13>0,'Water Report'!$T$13,0)) -> 66 | AS18: =(IF('Water Report'!$T$14>0,'Water Report'!$T$14,0)) -> 7 | AT18: =(IF('Water Report'!$T$15>0,'Water Report'!$T$15,0)) -> 6 | AU18: =(IF('Water Report'!$T$17>0,'Water Report'!$T$17,0)) -> 0 | AV18: =(IF('Water Report'!$T$18>0,'Water Report'!$T$18,0)) -> 14 | AW18: =(IF('Water Report'!$T$19>0,'Water Report'!$T$19,0)) -> 12 | AX18: =(IF('Water Report'!$T$21>0,'Water Report'!$T$21,0)) -> 64 | AY18: =(IF('Water Report'!$T$22>0,'Water Report'!$T$22,0)) -> 0 | AZ18: =(IF('Water Report'!$T$23>0,'Water Report'!$T$23,0)) -> 2 | BA18: =(IF('Water Report'!$T$14>0,'Water Report'!$T$14,0)) -> 7 | BB18: =(IF('Water Report'!$T$15>0,'Water Report'!$T$15,0)) -> 6 | BC18: =(IF('Water Report'!$T$13>0,'Water Report'!$T$13,0)) -> 66 | BD18: =(IF('Water Report'!$T$24>0,'Water Report'!$T$24,0)) -> 283 | BE18: =(IF('Water Report'!$T$25>0,'Water Report'!$T$25,0)) -> 152 | BF18: =(IF('Water Report'!$T$27>0,'Water Report'!$T$27,0)) -> 132 | BG18: =(IF('Section Load'!AN21>0,'Section Load'!AN21,0)) -> 1015 | BH18: =(IF('Section Load'!AO21>0,'Section Load'!AO21,0)) -> 293.52 | BI18: =(IF('Section Load'!AP21>0,'Section Load'!AP21,0)) -> 0 | BJ18: =(IF('Section Load'!AQ21>0,'Section Load'!AQ21,0)) -> 132 | BK18: =(IF('Section Load'!AR21>0,'Section Load'!AR21,0)) -> 38 | BL18: =(IF('Section Load'!AS21>0,'Section Load'!AS21,0)) -> 0 | BM18: =(IF('Section Load'!AT21>0,'Section Load'!AT21,0)) -> 551.48
A19: Mumbai | B19: =B18+1 -> 18 | C19: 6 | D19: 2022 | E19: =(IF('Section Load'!F22>0,'Section Load'!F22,0)) -> 3488 | F19: =(IF('Section Load'!G22>0,'Section Load'!G22,0)) -> 1729 | G19: =(IF('Section Load'!H22>0,'Section Load'!H22,0)) -> 2397 | H19: =(IF('Section Load'!I22>0,'Section Load'!I22,0)) -> 3158 | I19: =(IF('Section Load'!J22>0,'Section Load'!J22,0)) -> 10831 | J19: =(IF('Section Load'!K22>0,'Section Load'!K22,0)) -> 3098 | K19: =(IF('Section Load'!L22>0,'Section Load'!L22,0)) -> 1503 | L19: =(IF('Section Load'!M22>0,'Section Load'!M22,0)) -> 1045 | ... AL19: =(IF('Section Load'!AM22>0,'Section Load'!AM22,0)) -> 628 | AM19: =(IF('Water Report'!$U$7>0,'Water Report'!$U$7,0)) -> 118 | AN19: =(IF('Water Report'!$U$8>0,'Water Report'!$U$8,0)) -> 168 | AO19: =(IF('Water Report'!$U$9>0,'Water Report'!$U$9,0)) -> 112 | AP19: =(IF('Water Report'!$U$10>0,'Water Report'!$U$10,0)) -> 24 | AQ19: =(IF('Water Report'!$U$11>0,'Water Report'!$U$11,0)) -> 0 | AR19: =(IF('Water Report'!$U$13>0,'Water Report'!$U$13,0)) -> 59 | AS19: =(IF('Water Report'!$U$14>0,'Water Report'!$U$14,0)) -> 9 | AT19: =(IF('Water Report'!$U$15>0,'Water Report'!$U$15,0)) -> 7 | AU19: =(IF('Water Report'!$U$17>0,'Water Report'!$U$17,0)) -> 0 | AV19: =(IF('Water Report'!$U$18>0,'Water Report'!$U$18,0)) -> 15 | AW19: =(IF('Water Report'!$U$19>0,'Water Report'!$U$19,0)) -> 14 | AX19: =(IF('Water Report'!$U$21>0,'Water Report'!$U$21,0)) -> 108 | AY19: =(IF('Water Report'!$U$22>0,'Water Report'!$U$22,0)) -> 0 | AZ19: =(IF('Water Report'!$U$23>0,'Water Report'!$U$23,0)) -> 3 | BA19: =(IF('Water Report'!$U$14>0,'Water Report'!$U$14,0)) -> 9 | BB19: =(IF('Water Report'!$U$15>0,'Water Report'!$U$15,0)) -> 7 | BC19: =(IF('Water Report'!$U$13>0,'Water Report'!$U$13,0)) -> 59 | BD19: =(IF('Water Report'!$U$24>0,'Water Report'!$U$24,0)) -> 232 | BE19: =(IF('Water Report'!$U$25>0,'Water Report'!$U$25,0)) -> 152 | BF19: =(IF('Water Report'!$U$27>0,'Water Report'!$U$27,0)) -> 170 | BG19: =(IF('Section Load'!AN22>0,'Section Load'!AN22,0)) -> 1052 | BH19: =(IF('Section Load'!AO22>0,'Section Load'!AO22,0)) -> 297.48 | BI19: =(IF('Section Load'!AP22>0,'Section Load'!AP22,0)) -> 0 | BJ19: =(IF('Section Load'!AQ22>0,'Section Load'!AQ22,0)) -> 111 | BK19: =(IF('Section Load'!AR22>0,'Section Load'!AR22,0)) -> 50 | BL19: =(IF('Section Load'!AS22>0,'Section Load'!AS22,0)) -> 0 | BM19: =(IF('Section Load'!AT22>0,'Section Load'!AT22,0)) -> 593.52
A20: Mumbai | B20: =B19+1 -> 19 | C20: 6 | D20: 2022 | E20: =(IF('Section Load'!F23>0,'Section Load'!F23,0)) -> 3557 | F20: =(IF('Section Load'!G23>0,'Section Load'!G23,0)) -> 1734 | G20: =(IF('Section Load'!H23>0,'Section Load'!H23,0)) -> 2342 | H20: =(IF('Section Load'!I23>0,'Section Load'!I23,0)) -> 3175 | I20: =(IF('Section Load'!J23>0,'Section Load'!J23,0)) -> 10354 | J20: =(IF('Section Load'!K23>0,'Section Load'!K23,0)) -> 3130 | K20: =(IF('Section Load'!L23>0,'Section Load'!L23,0)) -> 958 | L20: =(IF('Section Load'!M23>0,'Section Load'!M23,0)) -> 1321 | ... AL20: =(IF('Section Load'!AM23>0,'Section Load'!AM23,0)) -> 623 | AM20: =(IF('Water Report'!$V$7>0,'Water Report'!$V$7,0)) -> 116 | AN20: =(IF('Water Report'!$V$8>0,'Water Report'!$V$8,0)) -> 157 | AO20: =(IF('Water Report'!$V$9>0,'Water Report'!$V$9,0)) -> 110 | AP20: =(IF('Water Report'!$V$10>0,'Water Report'!$V$10,0)) -> 23 | AQ20: =(IF('Water Report'!$V$11>0,'Water Report'!$V$11,0)) -> 0 | AR20: =(IF('Water Report'!$V$13>0,'Water Report'!$V$13,0)) -> 45 | AS20: =(IF('Water Report'!$V$14>0,'Water Report'!$V$14,0)) -> 11 | AT20: =(IF('Water Report'!$V$15>0,'Water Report'!$V$15,0)) -> 8 | AU20: =(IF('Water Report'!$V$17>0,'Water Report'!$V$17,0)) -> 0 | AV20: =(IF('Water Report'!$V$18>0,'Water Report'!$V$18,0)) -> 16 | AW20: =(IF('Water Report'!$V$19>0,'Water Report'!$V$19,0)) -> 11 | AX20: =(IF('Water Report'!$V$21>0,'Water Report'!$V$21,0)) -> 111 | AY20: =(IF('Water Report'!$V$22>0,'Water Report'!$V$22,0)) -> 0 | AZ20: =(IF('Water Report'!$V$23>0,'Water Report'!$V$23,0)) -> 2 | BA20: =(IF('Water Report'!$V$14>0,'Water Report'!$V$14,0)) -> 11 | BB20: =(IF('Water Report'!$V$15>0,'Water Report'!$V$15,0)) -> 8 | BC20: =(IF('Water Report'!$V$13>0,'Water Report'!$V$13,0)) -> 45 | BD20: =(IF('Water Report'!$V$24>0,'Water Report'!$V$24,0)) -> 212 | BE20: =(IF('Water Report'!$V$25>0,'Water Report'!$V$25,0)) -> 152 | BF20: =(IF('Water Report'!$V$27>0,'Water Report'!$V$27,0)) -> 158 | BG20: =(IF('Section Load'!AN23>0,'Section Load'!AN23,0)) -> 1047 | BH20: =(IF('Section Load'!AO23>0,'Section Load'!AO23,0)) -> 300 | BI20: =(IF('Section Load'!AP23>0,'Section Load'!AP23,0)) -> 0 | BJ20: =(IF('Section Load'!AQ23>0,'Section Load'!AQ23,0)) -> 118 | BK20: =(IF('Section Load'!AR23>0,'Section Load'!AR23,0)) -> 63 | BL20: =(IF('Section Load'!AS23>0,'Section Load'!AS23,0)) -> 0 | BM20: =(IF('Section Load'!AT23>0,'Section Load'!AT23,0)) -> 566
A21: Mumbai | B21: =B20+1 -> 20 | C21: 6 | D21: 2022 | E21: =(IF('Section Load'!F24>0,'Section Load'!F24,0)) -> 3591 | F21: =(IF('Section Load'!G24>0,'Section Load'!G24,0)) -> 1669 | G21: =(IF('Section Load'!H24>0,'Section Load'!H24,0)) -> 2341 | H21: =(IF('Section Load'!I24>0,'Section Load'!I24,0)) -> 3213 | I21: =(IF('Section Load'!J24>0,'Section Load'!J24,0)) -> 9993 | J21: =(IF('Section Load'!K24>0,'Section Load'!K24,0)) -> 3092 | K21: =(IF('Section Load'!L24>0,'Section Load'!L24,0)) -> 1133 | L21: =(IF('Section Load'!M24>0,'Section Load'!M24,0)) -> 1199 | ... AL21: =(IF('Section Load'!AM24>0,'Section Load'!AM24,0)) -> 619 | AM21: =(IF('Water Report'!$W$7>0,'Water Report'!$W$7,0)) -> 125 | AN21: =(IF('Water Report'!$W$8>0,'Water Report'!$W$8,0)) -> 145 | AO21: =(IF('Water Report'!$W$9>0,'Water Report'!$W$9,0)) -> 117 | AP21: =(IF('Water Report'!$W$10>0,'Water Report'!$W$10,0)) -> 23 | AQ21: =(IF('Water Report'!$W$11>0,'Water Report'!$W$11,0)) -> 0 | AR21: =(IF('Water Report'!$W$13>0,'Water Report'!$W$13,0)) -> 36 | AS21: =(IF('Water Report'!$W$14>0,'Water Report'!$W$14,0)) -> 7 | AT21: =(IF('Water Report'!$W$15>0,'Water Report'!$W$15,0)) -> 20 | AU21: =(IF('Water Report'!$W$17>0,'Water Report'!$W$17,0)) -> 0 | AV21: =(IF('Water Report'!$W$18>0,'Water Report'!$W$18,0)) -> 14 | AW21: =(IF('Water Report'!$W$19>0,'Water Report'!$W$19,0)) -> 11 | AX21: =(IF('Water Report'!$W$21>0,'Water Report'!$W$21,0)) -> 110 | AY21: =(IF('Water Report'!$W$22>0,'Water Report'!$W$22,0)) -> 0 | AZ21: =(IF('Water Report'!$W$23>0,'Water Report'!$W$23,0)) -> 2 | BA21: =(IF('Water Report'!$W$14>0,'Water Report'!$W$14,0)) -> 7 | BB21: =(IF('Water Report'!$W$15>0,'Water Report'!$W$15,0)) -> 20 | BC21: =(IF('Water Report'!$W$13>0,'Water Report'!$W$13,0)) -> 36 | BD21: =(IF('Water Report'!$W$24>0,'Water Report'!$W$24,0)) -> 253 | BE21: =(IF('Water Report'!$W$25>0,'Water Report'!$W$25,0)) -> 167 | BF21: =(IF('Water Report'!$W$27>0,'Water Report'!$W$27,0)) -> 148 | BG21: =(IF('Section Load'!AN24>0,'Section Load'!AN24,0)) -> 1014 | BH21: =(IF('Section Load'!AO24>0,'Section Load'!AO24,0)) -> 296 | BI21: =(IF('Section Load'!AP24>0,'Section Load'!AP24,0)) -> 0 | BJ21: =(IF('Section Load'!AQ24>0,'Section Load'!AQ24,0)) -> 103 | BK21: =(IF('Section Load'!AR24>0,'Section Load'!AR24,0)) -> 42 | BL21: =(IF('Section Load'!AS24>0,'Section Load'!AS24,0)) -> 0 | BM21: =(IF('Section Load'!AT24>0,'Section Load'!AT24,0)) -> 573
A22: Mumbai | B22: =B21+1 -> 21 | C22: 6 | D22: 2022 | E22: =(IF('Section Load'!F25>0,'Section Load'!F25,0)) -> 3632.07 | F22: =(IF('Section Load'!G25>0,'Section Load'!G25,0)) -> 1661.05 | G22: =(IF('Section Load'!H25>0,'Section Load'!H25,0)) -> 2383.15 | H22: =(IF('Section Load'!I25>0,'Section Load'!I25,0)) -> 3123.91 | I22: =(IF('Section Load'!J25>0,'Section Load'!J25,0)) -> 7747.26 | J22: =(IF('Section Load'!K25>0,'Section Load'!K25,0)) -> 3040.23 | K22: =(IF('Section Load'!L25>0,'Section Load'!L25,0)) -> 1132.41 | L22: =(IF('Section Load'!M25>0,'Section Load'!M25,0)) -> 811.33 | ... AL22: =(IF('Section Load'!AM25>0,'Section Load'!AM25,0)) -> 623.91 | AM22: =(IF('Water Report'!$X$7>0,'Water Report'!$X$7,0)) -> 103 | AN22: =(IF('Water Report'!$X$8>0,'Water Report'!$X$8,0)) -> 115 | AO22: =(IF('Water Report'!$X$9>0,'Water Report'!$X$9,0)) -> 102 | AP22: =(IF('Water Report'!$X$10>0,'Water Report'!$X$10,0)) -> 15 | AQ22: =(IF('Water Report'!$X$11>0,'Water Report'!$X$11,0)) -> 0 | AR22: =(IF('Water Report'!$X$13>0,'Water Report'!$X$13,0)) -> 33 | AS22: =(IF('Water Report'!$X$14>0,'Water Report'!$X$14,0)) -> 3 | AT22: =(IF('Water Report'!$X$15>0,'Water Report'!$X$15,0)) -> 5 | AU22: =(IF('Water Report'!$X$17>0,'Water Report'!$X$17,0)) -> 0 | AV22: =(IF('Water Report'!$X$18>0,'Water Report'!$X$18,0)) -> 17 | AW22: =(IF('Water Report'!$X$19>0,'Water Report'!$X$19,0)) -> 13 | AX22: =(IF('Water Report'!$X$21>0,'Water Report'!$X$21,0)) -> 116 | AY22: =(IF('Water Report'!$X$22>0,'Water Report'!$X$22,0)) -> 0 | AZ22: =(IF('Water Report'!$X$23>0,'Water Report'!$X$23,0)) -> 0 | BA22: =(IF('Water Report'!$X$14>0,'Water Report'!$X$14,0)) -> 3 | BB22: =(IF('Water Report'!$X$15>0,'Water Report'!$X$15,0)) -> 5 | BC22: =(IF('Water Report'!$X$13>0,'Water Report'!$X$13,0)) -> 33 | BD22: =(IF('Water Report'!$X$24>0,'Water Report'!$X$24,0)) -> 263 | BE22: =(IF('Water Report'!$X$25>0,'Water Report'!$X$25,0)) -> 125 | BF22: =(IF('Water Report'!$X$27>0,'Water Report'!$X$27,0)) -> 149 | BG22: =(IF('Section Load'!AN25>0,'Section Load'!AN25,0)) -> 1049.42 | BH22: =(IF('Section Load'!AO25>0,'Section Load'!AO25,0)) -> 293.62 | BI22: =(IF('Section Load'!AP25>0,'Section Load'!AP25,0)) -> 0 | BJ22: =(IF('Section Load'!AQ25>0,'Section Load'!AQ25,0)) -> 113.63 | BK22: =(IF('Section Load'!AR25>0,'Section Load'!AR25,0)) -> 45.4 | BL22: =(IF('Section Load'!AS25>0,'Section Load'!AS25,0)) -> 0 | BM22: =(IF('Section Load'!AT25>0,'Section Load'!AT25,0)) -> 596.77
A23: Mumbai | B23: =B22+1 -> 22 | C23: 6 | D23: 2022 | E23: =(IF('Section Load'!F26>0,'Section Load'!F26,0)) -> 3530.44 | F23: =(IF('Section Load'!G26>0,'Section Load'!G26,0)) -> 1658.74 | G23: =(IF('Section Load'!H26>0,'Section Load'!H26,0)) -> 2286.4 | H23: =(IF('Section Load'!I26>0,'Section Load'!I26,0)) -> 3040.24 | I23: =(IF('Section Load'!J26>0,'Section Load'!J26,0)) -> 8692.71 | J23: =(IF('Section Load'!K26>0,'Section Load'!K26,0)) -> 3050.06 | K23: =(IF('Section Load'!L26>0,'Section Load'!L26,0)) -> 1142.5 | L23: =(IF('Section Load'!M26>0,'Section Load'!M26,0)) -> 719.92 | ... AL23: =(IF('Section Load'!AM26>0,'Section Load'!AM26,0)) -> 605.14 | AM23: =(IF('Water Report'!$Y$7>0,'Water Report'!$Y$7,0)) -> 95 | AN23: =(IF('Water Report'!$Y$8>0,'Water Report'!$Y$8,0)) -> 133 | AO23: =(IF('Water Report'!$Y$9>0,'Water Report'!$Y$9,0)) -> 100 | AP23: =(IF('Water Report'!$Y$10>0,'Water Report'!$Y$10,0)) -> 19 | AQ23: =(IF('Water Report'!$Y$11>0,'Water Report'!$Y$11,0)) -> 0 | AR23: =(IF('Water Report'!$Y$13>0,'Water Report'!$Y$13,0)) -> 51 | AS23: =(IF('Water Report'!$Y$14>0,'Water Report'!$Y$14,0)) -> 5 | AT23: =(IF('Water Report'!$Y$15>0,'Water Report'!$Y$15,0)) -> 6 | AU23: =(IF('Water Report'!$Y$17>0,'Water Report'!$Y$17,0)) -> 0 | AV23: =(IF('Water Report'!$Y$18>0,'Water Report'!$Y$18,0)) -> 16 | AW23: =(IF('Water Report'!$Y$19>0,'Water Report'!$Y$19,0)) -> 11 | AX23: =(IF('Water Report'!$Y$21>0,'Water Report'!$Y$21,0)) -> 115 | AY23: =(IF('Water Report'!$Y$22>0,'Water Report'!$Y$22,0)) -> 0 | AZ23: =(IF('Water Report'!$Y$23>0,'Water Report'!$Y$23,0)) -> 3 | BA23: =(IF('Water Report'!$Y$14>0,'Water Report'!$Y$14,0)) -> 5 | BB23: =(IF('Water Report'!$Y$15>0,'Water Report'!$Y$15,0)) -> 6 | BC23: =(IF('Water Report'!$Y$13>0,'Water Report'!$Y$13,0)) -> 51 | BD23: =(IF('Water Report'!$Y$24>0,'Water Report'!$Y$24,0)) -> 243 | BE23: =(IF('Water Report'!$Y$25>0,'Water Report'!$Y$25,0)) -> 130 | BF23: =(IF('Water Report'!$Y$27>0,'Water Report'!$Y$27,0)) -> 169 | BG23: =(IF('Section Load'!AN26>0,'Section Load'!AN26,0)) -> 974.61 | BH23: =(IF('Section Load'!AO26>0,'Section Load'!AO26,0)) -> 299.88 | BI23: =(IF('Section Load'!AP26>0,'Section Load'!AP26,0)) -> 0 | BJ23: =(IF('Section Load'!AQ26>0,'Section Load'!AQ26,0)) -> 97.87 | BK23: =(IF('Section Load'!AR26>0,'Section Load'!AR26,0)) -> 34.8 | BL23: =(IF('Section Load'!AS26>0,'Section Load'!AS26,0)) -> 0 | BM23: =(IF('Section Load'!AT26>0,'Section Load'!AT26,0)) -> 542.06
A24: Mumbai | B24: =B23+1 -> 23 | C24: 6 | D24: 2022 | E24: =(IF('Section Load'!F27>0,'Section Load'!F27,0)) -> 3675.16 | F24: =(IF('Section Load'!G27>0,'Section Load'!G27,0)) -> 1637.11 | G24: =(IF('Section Load'!H27>0,'Section Load'!H27,0)) -> 2279.84 | H24: =(IF('Section Load'!I27>0,'Section Load'!I27,0)) -> 3028.12 | I24: =(IF('Section Load'!J27>0,'Section Load'!J27,0)) -> 7278.67 | J24: =(IF('Section Load'!K27>0,'Section Load'!K27,0)) -> 3016.63 | K24: =(IF('Section Load'!L27>0,'Section Load'!L27,0)) -> 1188.28 | L24: =(IF('Section Load'!M27>0,'Section Load'!M27,0)) -> 775.08 | ... AL24: =(IF('Section Load'!AM27>0,'Section Load'!AM27,0)) -> 607.44 | AM24: =(IF('Water Report'!$Z$7>0,'Water Report'!$Z$7,0)) -> 109 | AN24: =(IF('Water Report'!$Z$8>0,'Water Report'!$Z$8,0)) -> 136 | AO24: =(IF('Water Report'!$Z$9>0,'Water Report'!$Z$9,0)) -> 119 | AP24: =(IF('Water Report'!$Z$10>0,'Water Report'!$Z$10,0)) -> 20 | AQ24: =(IF('Water Report'!$Z$11>0,'Water Report'!$Z$11,0)) -> 0 | AR24: =(IF('Water Report'!$Z$13>0,'Water Report'!$Z$13,0)) -> 32 | AS24: =(IF('Water Report'!$Z$14>0,'Water Report'!$Z$14,0)) -> 5 | AT24: =(IF('Water Report'!$Z$15>0,'Water Report'!$Z$15,0)) -> 10 | AU24: =(IF('Water Report'!$Z$17>0,'Water Report'!$Z$17,0)) -> 0 | AV24: =(IF('Water Report'!$Z$18>0,'Water Report'!$Z$18,0)) -> 16 | AW24: =(IF('Water Report'!$Z$19>0,'Water Report'!$Z$19,0)) -> 13 | AX24: =(IF('Water Report'!$Z$21>0,'Water Report'!$Z$21,0)) -> 13 | AY24: =(IF('Water Report'!$Z$22>0,'Water Report'!$Z$22,0)) -> 0 | AZ24: =(IF('Water Report'!$Z$23>0,'Water Report'!$Z$23,0)) -> 5 | BA24: =(IF('Water Report'!$Z$14>0,'Water Report'!$Z$14,0)) -> 5 | BB24: =(IF('Water Report'!$Z$15>0,'Water Report'!$Z$15,0)) -> 10 | BC24: =(IF('Water Report'!$Z$13>0,'Water Report'!$Z$13,0)) -> 32 | BD24: =(IF('Water Report'!$Z$24>0,'Water Report'!$Z$24,0)) -> 182 | BE24: =(IF('Water Report'!$Z$25>0,'Water Report'!$Z$25,0)) -> 154 | BF24: =(IF('Water Report'!$Z$27>0,'Water Report'!$Z$27,0)) -> 50 | BG24: =(IF('Section Load'!AN27>0,'Section Load'!AN27,0)) -> 974.47 | BH24: =(IF('Section Load'!AO27>0,'Section Load'!AO27,0)) -> 288.39 | BI24: =(IF('Section Load'!AP27>0,'Section Load'!AP27,0)) -> 0 | BJ24: =(IF('Section Load'!AQ27>0,'Section Load'!AQ27,0)) -> 96.27 | BK24: =(IF('Section Load'!AR27>0,'Section Load'!AR27,0)) -> 37.6 | BL24: =(IF('Section Load'!AS27>0,'Section Load'!AS27,0)) -> 0 | BM24: =(IF('Section Load'!AT27>0,'Section Load'!AT27,0)) -> 552.21
A25: Mumbai | B25: =B24+1 -> 24 | C25: 6 | D25: 2022 | E25: =(IF('Section Load'!F28>0,'Section Load'!F28,0)) -> 3671.16 | F25: =(IF('Section Load'!G28>0,'Section Load'!G28,0)) -> 1628.05 | G25: =(IF('Section Load'!H28>0,'Section Load'!H28,0)) -> 2248.52 | H25: =(IF('Section Load'!I28>0,'Section Load'!I28,0)) -> 2993.44 | I25: =(IF('Section Load'!J28>0,'Section Load'!J28,0)) -> 8471.26 | J25: =(IF('Section Load'!K28>0,'Section Load'!K28,0)) -> 3230.14 | K25: =(IF('Section Load'!L28>0,'Section Load'!L28,0)) -> 1022.72 | L25: =(IF('Section Load'!M28>0,'Section Load'!M28,0)) -> 820.62 | ... AL25: =(IF('Section Load'!AM28>0,'Section Load'!AM28,0)) -> 612.46 | AM25: =(IF('Water Report'!$AA$7>0,'Water Report'!$AA$7,0)) -> 103 | AN25: =(IF('Water Report'!$AA$8>0,'Water Report'!$AA$8,0)) -> 66 | AO25: =(IF('Water Report'!$AA$9>0,'Water Report'!$AA$9,0)) -> 97 | AP25: =(IF('Water Report'!$AA$10>0,'Water Report'!$AA$10,0)) -> 19 | AQ25: =(IF('Water Report'!$AA$11>0,'Water Report'!$AA$11,0)) -> 0 | AR25: =(IF('Water Report'!$AA$13>0,'Water Report'!$AA$13,0)) -> 38 | AS25: =(IF('Water Report'!$AA$14>0,'Water Report'!$AA$14,0)) -> 4 | AT25: =(IF('Water Report'!$AA$15>0,'Water Report'!$AA$15,0)) -> 8 | AU25: =(IF('Water Report'!$AA$17>0,'Water Report'!$AA$17,0)) -> 0 | AV25: =(IF('Water Report'!$AA$18>0,'Water Report'!$AA$18,0)) -> 15 | AW25: =(IF('Water Report'!$AA$19>0,'Water Report'!$AA$19,0)) -> 13 | AX25: =(IF('Water Report'!$AA$21>0,'Water Report'!$AA$21,0)) -> 86 | AY25: =(IF('Water Report'!$AA$22>0,'Water Report'!$AA$22,0)) -> 0 | AZ25: =(IF('Water Report'!$AA$23>0,'Water Report'!$AA$23,0)) -> 7 | BA25: =(IF('Water Report'!$AA$14>0,'Water Report'!$AA$14,0)) -> 4 | BB25: =(IF('Water Report'!$AA$15>0,'Water Report'!$AA$15,0)) -> 8 | BC25: =(IF('Water Report'!$AA$13>0,'Water Report'!$AA$13,0)) -> 38 | BD25: =(IF('Water Report'!$AA$24>0,'Water Report'!$AA$24,0)) -> 233 | BE25: =(IF('Water Report'!$AA$25>0,'Water Report'!$AA$25,0)) -> 128 | BF25: =(IF('Water Report'!$AA$27>0,'Water Report'!$AA$27,0)) -> 131 | BG25: =(IF('Section Load'!AN28>0,'Section Load'!AN28,0)) -> 960.95 | BH25: =(IF('Section Load'!AO28>0,'Section Load'!AO28,0)) -> 288.49 | BI25: =(IF('Section Load'!AP28>0,'Section Load'!AP28,0)) -> 0 | BJ25: =(IF('Section Load'!AQ28>0,'Section Load'!AQ28,0)) -> 81.88 | BK25: =(IF('Section Load'!AR28>0,'Section Load'!AR28,0)) -> 42.9 | BL25: =(IF('Section Load'!AS28>0,'Section Load'!AS28,0)) -> 0 | BM25: =(IF('Section Load'!AT28>0,'Section Load'!AT28,0)) -> 547.68
A26: Mumbai | B26: =B25+1 -> 25 | C26: 6 | D26: 2022 | E26: =(IF('Section Load'!F29>0,'Section Load'!F29,0)) -> 3607.77 | F26: =(IF('Section Load'!G29>0,'Section Load'!G29,0)) -> 1600.6 | G26: =(IF('Section Load'!H29>0,'Section Load'!H29,0)) -> 2187.64 | H26: =(IF('Section Load'!I29>0,'Section Load'!I29,0)) -> 2960.16 | I26: =(IF('Section Load'!J29>0,'Section Load'!J29,0)) -> 7947.64 | J26: =(IF('Section Load'!K29>0,'Section Load'!K29,0)) -> 3334.11 | K26: =(IF('Section Load'!L29>0,'Section Load'!L29,0)) -> 1015.56 | L26: =(IF('Section Load'!M29>0,'Section Load'!M29,0)) -> 981.96 | ... AL26: =(IF('Section Load'!AM29>0,'Section Load'!AM29,0)) -> 604.26 | AM26: =(IF('Water Report'!$AB$7>0,'Water Report'!$AB$7,0)) -> 108 | AN26: =(IF('Water Report'!$AB$8>0,'Water Report'!$AB$8,0)) -> 114 | AO26: =(IF('Water Report'!$AB$9>0,'Water Report'!$AB$9,0)) -> 103 | AP26: =(IF('Water Report'!$AB$10>0,'Water Report'!$AB$10,0)) -> 16 | AQ26: =(IF('Water Report'!$AB$11>0,'Water Report'!$AB$11,0)) -> 0 | AR26: =(IF('Water Report'!$AB$13>0,'Water Report'!$AB$13,0)) -> 37 | AS26: =(IF('Water Report'!$AB$14>0,'Water Report'!$AB$14,0)) -> 3 | AT26: =(IF('Water Report'!$AB$15>0,'Water Report'!$AB$15,0)) -> 7 | AU26: =(IF('Water Report'!$AB$17>0,'Water Report'!$AB$17,0)) -> 0 | AV26: =(IF('Water Report'!$AB$18>0,'Water Report'!$AB$18,0)) -> 16 | AW26: =(IF('Water Report'!$AB$19>0,'Water Report'!$AB$19,0)) -> 11 | AX26: =(IF('Water Report'!$AB$21>0,'Water Report'!$AB$21,0)) -> 104 | AY26: =(IF('Water Report'!$AB$22>0,'Water Report'!$AB$22,0)) -> 0 | AZ26: =(IF('Water Report'!$AB$23>0,'Water Report'!$AB$23,0)) -> 8 | BA26: =(IF('Water Report'!$AB$14>0,'Water Report'!$AB$14,0)) -> 3 | BB26: =(IF('Water Report'!$AB$15>0,'Water Report'!$AB$15,0)) -> 7 | BC26: =(IF('Water Report'!$AB$13>0,'Water Report'!$AB$13,0)) -> 37 | BD26: =(IF('Water Report'!$AB$24>0,'Water Report'!$AB$24,0)) -> 210 | BE26: =(IF('Water Report'!$AB$25>0,'Water Report'!$AB$25,0)) -> 128 | BF26: =(IF('Water Report'!$AB$27>0,'Water Report'!$AB$27,0)) -> 149 | BG26: =(IF('Section Load'!AN29>0,'Section Load'!AN29,0)) -> 1006.85 | BH26: =(IF('Section Load'!AO29>0,'Section Load'!AO29,0)) -> 282.32 | BI26: =(IF('Section Load'!AP29>0,'Section Load'!AP29,0)) -> 0 | BJ26: =(IF('Section Load'!AQ29>0,'Section Load'!AQ29,0)) -> 92.35 | BK26: =(IF('Section Load'!AR29>0,'Section Load'!AR29,0)) -> 40.3 | BL26: =(IF('Section Load'!AS29>0,'Section Load'!AS29,0)) -> 0 | BM26: =(IF('Section Load'!AT29>0,'Section Load'!AT29,0)) -> 591.88
A27: Mumbai | B27: =B26+1 -> 26 | C27: 6 | D27: 2022 | E27: =(IF('Section Load'!F30>0,'Section Load'!F30,0)) -> 3670.08 | F27: =(IF('Section Load'!G30>0,'Section Load'!G30,0)) -> 1521.06 | G27: =(IF('Section Load'!H30>0,'Section Load'!H30,0)) -> 2136.88 | H27: =(IF('Section Load'!I30>0,'Section Load'!I30,0)) -> 3027.32 | I27: =(IF('Section Load'!J30>0,'Section Load'!J30,0)) -> 8322.78 | J27: =(IF('Section Load'!K30>0,'Section Load'!K30,0)) -> 3246.99 | K27: =(IF('Section Load'!L30>0,'Section Load'!L30,0)) -> 982.64 | L27: =(IF('Section Load'!M30>0,'Section Load'!M30,0)) -> 727.58 | ... AL27: =(IF('Section Load'!AM30>0,'Section Load'!AM30,0)) -> 610.78 | AM27: =(IF('Water Report'!$AC$7>0,'Water Report'!$AC$7,0)) -> 82 | AN27: =(IF('Water Report'!$AC$8>0,'Water Report'!$AC$8,0)) -> 149 | AO27: =(IF('Water Report'!$AC$9>0,'Water Report'!$AC$9,0)) -> 98 | AP27: =(IF('Water Report'!$AC$10>0,'Water Report'!$AC$10,0)) -> 21 | AQ27: =(IF('Water Report'!$AC$11>0,'Water Report'!$AC$11,0)) -> 0 | AR27: =(IF('Water Report'!$AC$13>0,'Water Report'!$AC$13,0)) -> 55 | AS27: =(IF('Water Report'!$AC$14>0,'Water Report'!$AC$14,0)) -> 6 | AT27: =(IF('Water Report'!$AC$15>0,'Water Report'!$AC$15,0)) -> 5 | AU27: =(IF('Water Report'!$AC$17>0,'Water Report'!$AC$17,0)) -> 0 | AV27: =(IF('Water Report'!$AC$18>0,'Water Report'!$AC$18,0)) -> 13 | AW27: =(IF('Water Report'!$AC$19>0,'Water Report'!$AC$19,0)) -> 11 | AX27: =(IF('Water Report'!$AC$21>0,'Water Report'!$AC$21,0)) -> 77 | AY27: =(IF('Water Report'!$AC$22>0,'Water Report'!$AC$22,0)) -> 0 | AZ27: =(IF('Water Report'!$AC$23>0,'Water Report'!$AC$23,0)) -> 14 | BA27: =(IF('Water Report'!$AC$14>0,'Water Report'!$AC$14,0)) -> 6 | BB27: =(IF('Water Report'!$AC$15>0,'Water Report'!$AC$15,0)) -> 5 | BC27: =(IF('Water Report'!$AC$13>0,'Water Report'!$AC$13,0)) -> 55 | BD27: =(IF('Water Report'!$AC$24>0,'Water Report'!$AC$24,0)) -> 212 | BE27: =(IF('Water Report'!$AC$25>0,'Water Report'!$AC$25,0)) -> 130 | BF27: =(IF('Water Report'!$AC$27>0,'Water Report'!$AC$27,0)) -> 146 | BG27: =(IF('Section Load'!AN30>0,'Section Load'!AN30,0)) -> 1100 | BH27: =(IF('Section Load'!AO30>0,'Section Load'!AO30,0)) -> 289.94 | BI27: =(IF('Section Load'!AP30>0,'Section Load'!AP30,0)) -> 0 | BJ27: =(IF('Section Load'!AQ30>0,'Section Load'!AQ30,0)) -> 107 | BK27: =(IF('Section Load'!AR30>0,'Section Load'!AR30,0)) -> 37 | BL27: =(IF('Section Load'!AS30>0,'Section Load'!AS30,0)) -> 0 | BM27: =(IF('Section Load'!AT30>0,'Section Load'!AT30,0)) -> 666.06
A28: Mumbai | B28: =B27+1 -> 27 | C28: 6 | D28: 2022 | E28: =(IF('Section Load'!F31>0,'Section Load'!F31,0)) -> 3533.56 | F28: =(IF('Section Load'!G31>0,'Section Load'!G31,0)) -> 1542.64 | G28: =(IF('Section Load'!H31>0,'Section Load'!H31,0)) -> 2060.92 | H28: =(IF('Section Load'!I31>0,'Section Load'!I31,0)) -> 2936.48 | I28: =(IF('Section Load'!J31>0,'Section Load'!J31,0)) -> 7334.73 | J28: =(IF('Section Load'!K31>0,'Section Load'!K31,0)) -> 3128.27 | K28: =(IF('Section Load'!L31>0,'Section Load'!L31,0)) -> 977.12 | L28: =(IF('Section Load'!M31>0,'Section Load'!M31,0)) -> 658.64 | ... AL28: =(IF('Section Load'!AM31>0,'Section Load'!AM31,0)) -> 602.26 | AM28: =(IF('Water Report'!$AD$7>0,'Water Report'!$AD$7,0)) -> 87 | AN28: =(IF('Water Report'!$AD$8>0,'Water Report'!$AD$8,0)) -> 131 | AO28: =(IF('Water Report'!$AD$9>0,'Water Report'!$AD$9,0)) -> 77 | AP28: =(IF('Water Report'!$AD$10>0,'Water Report'!AD$10,0)) -> 18 | AQ28: =(IF('Water Report'!$AD$11>0,'Water Report'!AE$11,0)) -> 0 | AR28: =(IF('Water Report'!$AD$13>0,'Water Report'!AF$13,0)) -> -1045 | AS28: =(IF('Water Report'!$AD$14>0,'Water Report'!AG$14,0)) -> 9 | AT28: =(IF('Water Report'!$AD$15>0,'Water Report'!AH$15,0)) -> 23 | AU28: =(IF('Water Report'!$AD$17>0,'Water Report'!AI$17,0)) -> 0 | AV28: =(IF('Water Report'!$AD$18>0,'Water Report'!AJ$18,0)) -> 0 | AW28: =(IF('Water Report'!$AD$19>0,'Water Report'!AK$19,0)) -> 0 | AX28: =(IF('Water Report'!$AD$21>0,'Water Report'!AL$21,0)) -> 0 | AY28: =(IF('Water Report'!$AD$22>0,'Water Report'!AM$22,0)) -> 0 | AZ28: =(IF('Water Report'!$AD$23>0,'Water Report'!AN$23,0)) -> 0 | BA28: =(IF('Water Report'!$AD$14>0,'Water Report'!AO$14,0)) -> 0 | BB28: =(IF('Water Report'!$AD$15>0,'Water Report'!AP$15,0)) -> 0 | BC28: =(IF('Water Report'!$AD$13>0,'Water Report'!AQ$13,0)) -> 0 | BD28: =(IF('Water Report'!$AD$24>0,'Water Report'!AR$24,0)) -> 0 | BE28: =(IF('Water Report'!$AD$25>0,'Water Report'!AS$25,0)) -> 0 | BF28: =(IF('Water Report'!$AD$27>0,'Water Report'!AT$27,0)) -> 0 | BG28: =(IF('Section Load'!AN31>0,'Section Load'!AN31,0)) -> 847.96 | BH28: =(IF('Section Load'!AO31>0,'Section Load'!AO31,0)) -> 285.04 | BI28: =(IF('Section Load'!AP31>0,'Section Load'!AP31,0)) -> 0 | BJ28: =(IF('Section Load'!AQ31>0,'Section Load'!AQ31,0)) -> 85 | BK28: =(IF('Section Load'!AR31>0,'Section Load'!AR31,0)) -> 42 | BL28: =(IF('Section Load'!AS31>0,'Section Load'!AS31,0)) -> 0 | BM28: =(IF('Section Load'!AT31>0,'Section Load'!AT31,0)) -> 437.72
A29: Mumbai | B29: =B28+1 -> 28 | C29: 6 | D29: 2022 | E29: =(IF('Section Load'!F32>0,'Section Load'!F32,0)) -> 3748.16 | F29: =(IF('Section Load'!G32>0,'Section Load'!G32,0)) -> 1587.22 | G29: =(IF('Section Load'!H32>0,'Section Load'!H32,0)) -> 2172.44 | H29: =(IF('Section Load'!I32>0,'Section Load'!I32,0)) -> 2949.12 | I29: =(IF('Section Load'!J32>0,'Section Load'!J32,0)) -> 8796.69 | J29: =(IF('Section Load'!K32>0,'Section Load'!K32,0)) -> 3156.91 | K29: =(IF('Section Load'!L32>0,'Section Load'!L32,0)) -> 1071.88 | L29: =(IF('Section Load'!M32>0,'Section Load'!M32,0)) -> 890.66 | ... AL29: =(IF('Section Load'!AM32>0,'Section Load'!AM32,0)) -> 612.46 | AM29: =(IF('Water Report'!$AE$7>0,'Water Report'!$AE$7,0)) -> 87 | AN29: =(IF('Water Report'!$AE$8>0,'Water Report'!$AE$8,0)) -> 108 | AO29: =(IF('Water Report'!$AE$9>0,'Water Report'!$AE$9,0)) -> 91 | AP29: =(IF('Water Report'!$AE$10>0,'Water Report'!$AE$10,0)) -> 16 | AQ29: =(IF('Water Report'!$AE$11>0,'Water Report'!$AE$11,0)) -> 0 | AR29: =(IF('Water Report'!$AE$13>0,'Water Report'!$AE$13,0)) -> 39 | AS29: =(IF('Water Report'!$AE$14>0,'Water Report'!$AE$14,0)) -> 3 | AT29: =(IF('Water Report'!$AE$15>0,'Water Report'!$AE$15,0)) -> 8 | AU29: =(IF('Water Report'!$AE$17>0,'Water Report'!$AE$17,0)) -> 0 | AV29: =(IF('Water Report'!$AE$18>0,'Water Report'!$AE$18,0)) -> 16 | AW29: =(IF('Water Report'!$AE$19>0,'Water Report'!$AE$19,0)) -> 12 | AX29: =(IF('Water Report'!$AE$21>0,'Water Report'!$AE$21,0)) -> 85 | AY29: =(IF('Water Report'!$AE$22>0,'Water Report'!$AE$22,0)) -> 0 | AZ29: =(IF('Water Report'!$AE$23>0,'Water Report'!$AE$23,0)) -> 13 | BA29: =(IF('Water Report'!$AE$14>0,'Water Report'!$AE$14,0)) -> 3 | BB29: =(IF('Water Report'!$AE$15>0,'Water Report'!$AE$15,0)) -> 8 | BC29: =(IF('Water Report'!$AE$13>0,'Water Report'!$AE$13,0)) -> 39 | BD29: =(IF('Water Report'!$AE$24>0,'Water Report'!$AE$24,0)) -> 188 | BE29: =(IF('Water Report'!$AE$25>0,'Water Report'!$AE$25,0)) -> 118 | BF29: =(IF('Water Report'!$AE$27>0,'Water Report'!$AE$27,0)) -> 137 | BG29: =(IF('Section Load'!AN32>0,'Section Load'!AN32,0)) -> 982.03 | BH29: =(IF('Section Load'!AO32>0,'Section Load'!AO32,0)) -> 283.77 | BI29: =(IF('Section Load'!AP32>0,'Section Load'!AP32,0)) -> 0 | BJ29: =(IF('Section Load'!AQ32>0,'Section Load'!AQ32,0)) -> 98.33 | BK29: =(IF('Section Load'!AR32>0,'Section Load'!AR32,0)) -> 42.8 | BL29: =(IF('Section Load'!AS32>0,'Section Load'!AS32,0)) -> 0 | BM29: =(IF('Section Load'!AT32>0,'Section Load'!AT32,0)) -> 557.13
A30: Mumbai | B30: =B29+1 -> 29 | C30: 6 | D30: 2022 | E30: =(IF('Section Load'!F33>0,'Section Load'!F33,0)) -> 0 | F30: =(IF('Section Load'!G33>0,'Section Load'!G33,0)) -> 0 | G30: =(IF('Section Load'!H33>0,'Section Load'!H33,0)) -> 0 | H30: =(IF('Section Load'!I33>0,'Section Load'!I33,0)) -> 0 | I30: =(IF('Section Load'!J33>0,'Section Load'!J33,0)) -> 0 | J30: =(IF('Section Load'!K33>0,'Section Load'!K33,0)) -> 0 | K30: =(IF('Section Load'!L33>0,'Section Load'!L33,0)) -> 0 | L30: =(IF('Section Load'!M33>0,'Section Load'!M33,0)) -> 0 | ... AL30: =(IF('Section Load'!AM33>0,'Section Load'!AM33,0)) -> 0 | AM30: =(IF('Water Report'!$AF$7>0,'Water Report'!$AF$7,0)) -> 0 | AN30: =(IF('Water Report'!$AF$8>0,'Water Report'!$AF$8,0)) -> 0 | AO30: =(IF('Water Report'!$AF$9>0,'Water Report'!$AF$9,0)) -> 0 | AP30: =(IF('Water Report'!$AF$10>0,'Water Report'!$AF$10,0)) -> 0 | AQ30: =(IF('Water Report'!$AF$11>0,'Water Report'!$AF$11,0)) -> 0 | AR30: =(IF('Water Report'!$AF$13>0,'Water Report'!$AF$13,0)) -> 0 | AS30: =(IF('Water Report'!$AF$14>0,'Water Report'!$AF$14,0)) -> 0 | AT30: =(IF('Water Report'!$AF$15>0,'Water Report'!$AF$15,0)) -> 0 | AU30: =(IF('Water Report'!$AF$17>0,'Water Report'!$AF$17,0)) -> 19 | AV30: =(IF('Water Report'!$AF$18>0,'Water Report'!$AF$18,0)) -> 0 | AW30: =(IF('Water Report'!$AF$19>0,'Water Report'!$AF$19,0)) -> 0 | AX30: =(IF('Water Report'!$AF$21>0,'Water Report'!$AF$21,0)) -> 0 | AY30: =(IF('Water Report'!$AF$22>0,'Water Report'!$AF$22,0)) -> 0 | AZ30: =(IF('Water Report'!$AF$23>0,'Water Report'!$AF$23,0)) -> 0 | BA30: =(IF('Water Report'!$AF$14>0,'Water Report'!$AF$14,0)) -> 0 | BB30: =(IF('Water Report'!$AF$15>0,'Water Report'!$AF$15,0)) -> 0 | BC30: =(IF('Water Report'!$AF$13>0,'Water Report'!$AF$13,0)) -> 0 | BD30: =(IF('Water Report'!$AF$24>0,'Water Report'!$AF$24,0)) -> 0 | BE30: =(IF('Water Report'!$AF$25>0,'Water Report'!$AF$25,0)) -> 0 | BF30: =(IF('Water Report'!$AF$27>0,'Water Report'!$AF$27,0)) -> 0 | BG30: =(IF('Section Load'!AN33>0,'Section Load'!AN33,0)) -> 1100 | BH30: =(IF('Section Load'!AO33>0,'Section Load'!AO33,0)) -> 0 | BI30: =(IF('Section Load'!AP33>0,'Section Load'!AP33,0)) -> 0.8 | BJ30: =(IF('Section Load'!AQ33>0,'Section Load'!AQ33,0)) -> 0 | BK30: =(IF('Section Load'!AR33>0,'Section Load'!AR33,0)) -> 0 | BL30: =(IF('Section Load'!AS33>0,'Section Load'!AS33,0)) -> 0 | BM30: =(IF('Section Load'!AT33>0,'Section Load'!AT33,0)) -> 14804.29
A31: Mumbai | B31: =B30+1 -> 30 | C31: 6 | D31: 2022 | E31: =(IF('Section Load'!F34>0,'Section Load'!F34,0)) -> 4146 | F31: =(IF('Section Load'!G34>0,'Section Load'!G34,0)) -> 1640.68 | G31: =(IF('Section Load'!H34>0,'Section Load'!H34,0)) -> 2258 | H31: =(IF('Section Load'!I34>0,'Section Load'!I34,0)) -> 2936 | I31: =(IF('Section Load'!J34>0,'Section Load'!J34,0)) -> 8492 | J31: =(IF('Section Load'!K34>0,'Section Load'!K34,0)) -> 2519.05 | K31: =(IF('Section Load'!L34>0,'Section Load'!L34,0)) -> 1233 | L31: =(IF('Section Load'!M34>0,'Section Load'!M34,0)) -> 925 | ... AL31: =(IF('Section Load'!AM34>0,'Section Load'!AM34,0)) -> 830 | AM31: =(IF('Water Report'!$AG$7>0,'Water Report'!$AG$7,0)) -> 190 | AN31: =(IF('Water Report'!$AG$8>0,'Water Report'!$AG$8,0)) -> 164 | AO31: =(IF('Water Report'!$AG$9>0,'Water Report'!$AG$9,0)) -> 105 | AP31: =(IF('Water Report'!$AG$10>0,'Water Report'!$DAG$10,0)) -> 0 | AQ31: =(IF('Water Report'!$AG$11>0,'Water Report'!$DAG$11,0)) -> 0 | AR31: =(IF('Water Report'!$AG$13>0,'Water Report'!$DAG$13,0)) -> 0 | AS31: =(IF('Water Report'!$AG$14>0,'Water Report'!$DAG$14,0)) -> 0 | AT31: =(IF('Water Report'!$AG$15>0,'Water Report'!$DAG$15,0)) -> 0 | AU31: =(IF('Water Report'!$AG$17>0,'Water Report'!$DAG$17,0)) -> 0 | AV31: =(IF('Water Report'!$AG$18>0,'Water Report'!$DAG$18,0)) -> 0 | AW31: =(IF('Water Report'!$AG$19>0,'Water Report'!$DAG$19,0)) -> 0 | AX31: =(IF('Water Report'!$AG$21>0,'Water Report'!$DAG$21,0)) -> 0 | AY31: =(IF('Water Report'!$AG$22>0,'Water Report'!$DAG$22,0)) -> 0 | AZ31: =(IF('Water Report'!$AG$23>0,'Water Report'!$DAG$23,0)) -> 0 | BA31: =(IF('Water Report'!$AG$14>0,'Water Report'!$DAG$14,0)) -> 0 | BB31: =(IF('Water Report'!$AG$15>0,'Water Report'!$DAG$15,0)) -> 0 | BC31: =(IF('Water Report'!$AG$13>0,'Water Report'!$DAG$13,0)) -> 0 | BD31: =(IF('Water Report'!$AG$24>0,'Water Report'!$DAG$24,0)) -> 0 | BE31: =(IF('Water Report'!$AG$25>0,'Water Report'!$DAG$25,0)) -> 0 | BF31: =(IF('Water Report'!$AG$27>0,'Water Report'!$DAG$27,0)) -> 0 | BG31: =(IF('Section Load'!AN34>0,'Section Load'!AN34,0)) -> 1100 | BH31: =(IF('Section Load'!AO34>0,'Section Load'!AO34,0)) -> 329 | BI31: =(IF('Section Load'!AP34>0,'Section Load'!AP34,0)) -> 0 | BJ31: =(IF('Section Load'!AQ34>0,'Section Load'!AQ34,0)) -> 108.51 | BK31: =(IF('Section Load'!AR34>0,'Section Load'!AR34,0)) -> 48 | BL31: =(IF('Section Load'!AS34>0,'Section Load'!AS34,0)) -> 0.4 | BM31: =(IF('Section Load'!AT34>0,'Section Load'!AT34,0)) -> 614.09
A32: Mumbai | B32: =B31+1 -> 31 | C32: 6 | D32: 2022 | E32: =(IF('Section Load'!F35>0,'Section Load'!F35,0)) -> 3730 | F32: =(IF('Section Load'!G35>0,'Section Load'!G35,0)) -> 1790 | G32: =(IF('Section Load'!H35>0,'Section Load'!H35,0)) -> 2284 | H32: =(IF('Section Load'!I35>0,'Section Load'!I35,0)) -> 3217 | I32: =(IF('Section Load'!J35>0,'Section Load'!J35,0)) -> 8088 | J32: =(IF('Section Load'!K35>0,'Section Load'!K35,0)) -> 2524 | K32: =(IF('Section Load'!L35>0,'Section Load'!L35,0)) -> 933 | L32: =(IF('Section Load'!M35>0,'Section Load'!M35,0)) -> 797 | ... AL32: =(IF('Section Load'!AM35>0,'Section Load'!AM35,0)) -> 849 | AM32: =(IF('Water Report'!$AH$7>0,'Water Report'!$AH$7,0)) -> 150 | AN32: =(IF('Water Report'!$AH$8>0,'Water Report'!$AH$8,0)) -> 117 | AO32: =(IF('Water Report'!$AH$9>0,'Water Report'!$AH$9,0)) -> 105 | AP32: =(IF('Water Report'!$AH$10>0,'Water Report'!$DAH$10,0)) -> 0 | AQ32: =(IF('Water Report'!$AH$11>0,'Water Report'!$DAH$11,0)) -> 0 | AR32: =(IF('Water Report'!$AH$13>0,'Water Report'!$DAH$13,0)) -> 0 | AS32: =(IF('Water Report'!$AH$14>0,'Water Report'!$DAH$14,0)) -> 0 | AT32: =(IF('Water Report'!$AH$15>0,'Water Report'!$DAH$15,0)) -> 0 | AU32: =(IF('Water Report'!$AH$17>0,'Water Report'!$DAH$17,0)) -> 0 | AV32: =(IF('Water Report'!$AH$18>0,'Water Report'!$DAH$18,0)) -> 0 | AW32: =(IF('Water Report'!$AH$19>0,'Water Report'!$DAH$19,0)) -> 0 | AX32: =(IF('Water Report'!$AH$21>0,'Water Report'!$DAH$21,0)) -> 0 | AY32: =(IF('Water Report'!$AH$22>0,'Water Report'!$DAH$22,0)) -> 0 | AZ32: =(IF('Water Report'!$AH$23>0,'Water Report'!$DAH$23,0)) -> 0 | BA32: =(IF('Water Report'!$AH$14>0,'Water Report'!$DAH$14,0)) -> 0 | BB32: =(IF('Water Report'!$AH$15>0,'Water Report'!$DAH$15,0)) -> 0 | BC32: =(IF('Water Report'!$AH$13>0,'Water Report'!$DAH$13,0)) -> 0 | BD32: =(IF('Water Report'!$AH$24>0,'Water Report'!$DAH$24,0)) -> 0 | BE32: =(IF('Water Report'!$AH$25>0,'Water Report'!$DAH$25,0)) -> 0 | BF32: =(IF('Water Report'!$AH$27>0,'Water Report'!$DAH$27,0)) -> 0 | BG32: =(IF('Section Load'!AN35>0,'Section Load'!AN35,0)) -> 1100 | BH32: =(IF('Section Load'!AO35>0,'Section Load'!AO35,0)) -> 324 | BI32: =(IF('Section Load'!AP35>0,'Section Load'!AP35,0)) -> 0 | BJ32: =(IF('Section Load'!AQ35>0,'Section Load'!AQ35,0)) -> 99 | BK32: =(IF('Section Load'!AR35>0,'Section Load'!AR35,0)) -> 47 | BL32: =(IF('Section Load'!AS35>0,'Section Load'!AS35,0)) -> 0 | BM32: =(IF('Section Load'!AT35>0,'Section Load'!AT35,0)) -> 630.4

Sheet Daily HLP
A2: Date | B2: Date | C2: Min.Tem (Degee) | D2: Avg.Temp (Degree) | E2: Hum % | F2: Occu. | H2: Electricity | L2: Gas | O2: Water | R2: Water per occiped room | S2: Diesel | V2: Water Consumption Zone | Z2: Chiller Running Hrs | AE2: Chiller Total | AF2: Chiller Avg. Laod | AG2: Boiler Running Hrs | AJ2: Total boiler | AK2: Hot Water Generator | AN2: Total HWG RH | AO2: HWG Gas consumption | AP2: Transformer -1 | AZ2: Transformer -2 | BN2: Total HLP Cost | BP2: Chiller lock at 70%
F3: % | G3: KwH | H3: Units (Kvah) | I3: Rate | J3: Total Cost(Rs) | K3: Per room | L3: Total Units(CuM) | M3: Rate | N3: Total Cost(Rs) | O3: Units(KL) | P3: Rate | Q3: Total Cost(Rs) | S3: Ltrs | T3: Rate | U3: Total Cost(Rs) | V3: Zone-1 | W3: Zone-2 | X3: Zone-3 | Z3: CH1 | AA3: CH2 | AB3: CH3 | AC3: CH4 | AD3: Total chiller | AG3: Boiler1 | AH3: Boiler2 | AI3: Boiler3 | AK3: HWG1 | AL3: HWG2 | AP3: HVAC-1 | AQ3: FPP-1 | AR3: MPP | AS3: Lighting-1 | AT3: Cap bank 1100KVAR-1 | AU3: CH-1 | AV3: CH-2 | AW3: Chilled water Pump | AX3: Co Generator | AY3: Ball Room-2 | AZ3: HVAC-2 | BA3: FPP-2 | BB3: MPP | BC3: Lighting-2 | BD3: Cap bank 1200KVAR-2 | BE3: CH-3 | BF3: CH-4 | BG3: Chilled water Pump | BH3: Ball Room-1 | BJ3: Cooling Tower consumption | BK3: HVAC% | BL3: Lighting% | BM3: Power% | BO3: Chiller Plant IKW
A4: 1 | B4: 1 | D4: ='1'!D3 -> 29 | E4: ='1'!D4 -> 0.78 | F4: ='1'!D2 -> 0.88 | G4: ='1'!G7 -> 27016 | H4: ='1'!G8 -> 28059 | I4: 9 | J4: =H4*I4 -> 252531 | K4: =H4/202 -> 138.90594 | L4: ='1'!G15 -> 1098 | M4: 56.2 | N4: =L4*M4 -> 61707.6 | O4: ='1'!G20 -> 316 | P4: 108 | Q4: =O4*P4 -> 34128 | R4: =O4/(F4*202/100) -> 177.76778 | S4: ='1'!G24 -> 0 | T4: 69 | U4: =S4*T4 -> 0 | V4: ='1'!G65 -> 116 | W4: ='1'!G66 -> 18 | X4: ='1'!G67 -> 67 | Y4: =V4+W4+X4 -> 201 | Z4: ='1'!G84 -> 0 | AA4: ='1'!G85 -> 18 | AB4: ='1'!G86 -> 24 | AC4: ='1'!G87 -> 0 | AD4: =Z4+AA4+AB4+AC4 -> 42 | AE4: =AU4+AV4+BE4+BF4 -> 8007.66 | AF4: =AE4/AD4 -> 190.65857 | AG4: ='1'!G88 -> 11.12 | AH4: ='1'!G89 -> 11.59 | AI4: ='1'!G90 -> 0 | AJ4: =AG4+AH4+AI4 -> 22.71 | AK4: ='1'!G91 -> 0 | AL4: ='1'!G92 -> 11.75 | AN4: =AK4+AL4 -> 11.75 | AO4: ='1'!G74 -> 328 | AP4: ='1'!G35 -> 0 | AQ4: ='1'!G37 -> 1714 | AR4: ='1'!G38 -> 2662 | AS4: ='1'!G39 -> 3034 | AT4: ='1'!G40 -> 254 | AU4: ='1'!G41 -> 0 | AV4: ='1'!G42 -> 4596 | AW4: ='1'!G43 -> 0 | AX4: ='1'!G44 -> 0 | AY4: ='1'!G36 -> 696 | AZ4: ='1'!G49 -> 4475 | BA4: ='1'!G51 -> 0.32 | BB4: ='1'!G52 -> -0.24 | BC4: ='1'!G53 -> 0 | BD4: ='1'!G54 -> 460 | BE4: ='1'!G55 -> 3412 | BF4: ='1'!G56 -> -0.34 | BG4: ='1'!G57 -> 2589 | BH4: ='1'!G50 -> 815 | BI4: =SUM(AU4,AV4,BE4,BF4) -> 8007.66 | BJ4: ='1'!G133 -> 850 | BK4: =SUM(AP4,AU4,AV4,AW4,AZ4,BE4,BF4,BG4)/H4% -> 53.714174 | BL4: =SUM(AS4,BC4)/H4% -> 10.81293 | BM4: =(AR4+BB4)/H4 -> 0.094862967 | BN4: =J4+N4+Q4+U4 -> 348366.6 | BO4: =SUM(AU4,AV4,AW4,BE4,BF4,BG4,BJ4) -> 11446.66 | BP4: =BO4/(AD4*280) -> 0.97335544 | BQ4: =SUM(AU4,AV4,BE4,BF4)/(AD4*400) -> 0.47664643
A5: 2 | B5: 2 | D5: ='2'!D3 -> 28 | E5: ='2'!D4 -> 0.79 | F5: ='2'!D2 -> 0.98 | G5: ='2'!G7 -> 27481 | H5: ='2'!G8 -> 28576 | I5: 9 | J5: =H5*I5 -> 257184 | K5: =H5/202 -> 141.46535 | L5: ='2'!G15 -> 1043 | M5: 56.2 | N5: =L5*M5 -> 58616.6 | O5: ='2'!G20 -> 316 | P5: 108 | Q5: =O5*P5 -> 34128 | R5: =O5/(F5*202/100) -> 159.62821 | S5: ='2'!G24 -> 0 | T5: 69 | U5: =S5*T5 -> 0 | V5: ='2'!F65 -> 448248 | W5: ='2'!G66 -> 24 | X5: ='2'!G67 -> 69 | Y5: =V5+W5+X5 -> 448341 | Z5: ='2'!G84 -> 0 | AA5: ='2'!G85 -> 24 | AB5: ='2'!G86 -> 16 | AC5: ='2'!G87 -> 0.06 | AD5: =Z5+AA5+AB5+AC5 -> 40.06 | AE5: =AU5+AV5+BE5+BF5 -> 8374 | AF5: =AE5/AD5 -> 209.03645 | AG5: ='2'!G88 -> 11 | AH5: ='2'!G89 -> 10 | AI5: ='2'!G90 -> 0 | AJ5: =AG5+AH5+AI5 -> 21 | AK5: ='2'!G91 -> 0.35 | AL5: ='2'!G92 -> 11 | AN5: =AK5+AL5 -> 11.35 | AO5: ='2'!G74 -> 331 | AP5: ='2'!G35 -> 0 | AQ5: ='2'!G37 -> 1795 | AR5: ='2'!G38 -> 2380 | AS5: ='2'!G39 -> 2966 | AT5: ='2'!G40 -> 144 | AU5: ='2'!G41 -> 0 | AV5: ='2'!G42 -> 5968 | AW5: ='2'!G43 -> 0 | AX5: ='2'!G44 -> 0 | AY5: ='2'!G36 -> 984 | AZ5: ='2'!G49 -> 3977 | BA5: ='2'!G51 -> 0 | BB5: ='2'!G52 -> 0 | BC5: ='2'!G53 -> 0 | BD5: ='2'!G54 -> 462 | BE5: ='2'!G55 -> 2406 | BF5: ='2'!G56 -> 0 | BG5: ='2'!G57 -> 3077 | BH5: ='2'!G50 -> 850 | BI5: =SUM(AU5,AV5,BE5,BF5) -> 8374 | BJ5: ='2'!G133 -> 814 | BK5: =SUM(AP5,AU5,AV5,AW5,AZ5,BE5,BF5,BG5)/H5% -> 53.989362 | BL5: =SUM(AS5,BC5)/H5% -> 10.379339 | BM5: =(AR5+BB5)/H5 -> 0.083286674 | BN5: =J5+N5+Q5+U5 -> 349928.6 | BO5: =SUM(AU5,AV5,AW5,BE5,BF5,BG5,BJ5) -> 12265 | BP5: =BO5/(AD5*280) -> 1.0934491
A6: 3 | B6: 3 | D6: ='3'!D3 -> 29 | E6: ='3'!D4 -> 0.78 | F6: ='3'!D2 -> 0.98 | G6: ='3'!G7 -> 27665 | H6: ='3'!G8 -> 28813 | I6: 9 | J6: =H6*I6 -> 259317 | K6: =H6/202 -> 142.63861 | L6: ='3'!G15 -> 1104 | M6: 56.2 | N6: =L6*M6 -> 62044.8 | O6: ='3'!G20 -> 304 | P6: 108 | Q6: =O6*P6 -> 32832 | R6: =O6/(F6*202/100) -> 153.56638 | S6: ='3'!G24 -> 0 | T6: 69 | U6: =S6*T6 -> 0 | V6: ='3'!G65 -> 115 | W6: ='3'!G66 -> 31 | X6: ='3'!G67 -> 74 | Y6: =V6+W6+X6 -> 220 | Z6: ='3'!G84 -> 0 | AA6: ='3'!G85 -> 24 | AB6: ='3'!G86 -> 17.4 | AC6: ='3'!G87 -> 0 | AD6: =Z6+AA6+AB6+AC6 -> 41.4 | AE6: =AU6+AV6+BE6+BF6 -> 8347 | AF6: =AE6/AD6 -> 201.61836 | AG6: ='3'!G88 -> 10 | AH6: ='3'!G89 -> 11 | AI6: ='3'!G90 -> -0.12 | AJ6: =AG6+AH6+AI6 -> 20.88 | AK6: ='3'!G91 -> 0 | AL6: ='3'!G92 -> 11 | AN6: =AK6+AL6 -> 11 | AO6: ='3'!G74 -> 321 | AP6: ='3'!G35 -> 0 | AQ6: ='3'!G37 -> 1844 | AR6: ='3'!G38 -> 2426 | AS6: ='3'!G39 -> 2963 | AT6: ='3'!G40 -> 128 | AU6: ='3'!G41 -> 0 | AV6: ='3'!G42 -> 5762 | AW6: ='3'!G43 -> 0 | AX6: ='3'!G44 -> 0 | AY6: ='3'!G36 -> 836 | AZ6: ='3'!G49 -> 3797 | BA6: ='3'!G51 -> 0 | BB6: ='3'!G52 -> 0 | BC6: ='3'!G53 -> 0 | BD6: ='3'!G54 -> 463 | BE6: ='3'!G55 -> 2585 | BF6: ='3'!G56 -> 0 | BG6: ='3'!G57 -> 3116 | BH6: ='3'!G50 -> 1131 | BI6: =SUM(AU6,AV6,BE6,BF6) -> 8347 | BJ6: ='3'!G133 -> 869 | BK6: =SUM(AP6,AU6,AV6,AW6,AZ6,BE6,BF6,BG6)/H6% -> 52.962205 | BL6: =SUM(AS6,BC6)/H6% -> 10.283553 | BM6: =(AR6+BB6)/H6 -> 0.084198105 | BN6: =J6+N6+Q6+U6 -> 354193.8 | BO6: =SUM(AU6,AV6,AW6,BE6,BF6,BG6,BJ6) -> 12332 | BP6: =BO6/(AD6*280) -> 1.0638371
A7: 4 | B7: 4 | D7: ='4'!D3 -> 29 | E7: ='4'!D4 -> 0.78 | F7: ='4'!D2 -> 1 | G7: ='4'!G7 -> 27198 | H7: ='4'!G8 -> 28412 | I7: 9 | J7: =H7*I7 -> 255708 | K7: =H7/202 -> 140.65347 | L7: ='4'!G15 -> 1121 | M7: 56.2 | N7: =L7*M7 -> 63000.2 | O7: ='4'!G20 -> 314 | P7: 108 | Q7: =O7*P7 -> 33912 | R7: =O7/(F7*202/100) -> 155.44554 | S7: ='4'!G24 -> 0 | T7: 69 | U7: =S7*T7 -> 0 | V7: ='4'!G65 -> 132 | W7: ='4'!G66 -> 31 | X7: ='4'!G67 -> 75 | Y7: =V7+W7+X7 -> 238 | Z7: ='4'!G84 -> 0 | AA7: ='4'!G85 -> 18 | AB7: ='4'!G86 -> 23.6 | AC7: ='4'!G87 -> 0 | AD7: =Z7+AA7+AB7+AC7 -> 41.6 | AE7: =AU7+AV7+BE7+BF7 -> 7679 | AF7: =AE7/AD7 -> 184.59135 | AG7: ='4'!G88 -> 7.38 | AH7: ='4'!G89 -> 10 | AI7: ='4'!G90 -> 0 | AJ7: =AG7+AH7+AI7 -> 17.38 | AK7: ='4'!G91 -> 0 | AL7: ='4'!G92 -> 10.42 | AN7: =AK7+AL7 -> 10.42 | AO7: ='4'!G74 -> 299 | AP7: ='4'!G35 -> 0 | AQ7: ='4'!G37 -> 1755 | AR7: ='4'!G38 -> 2484 | AS7: ='4'!G39 -> 2991 | AT7: ='4'!G40 -> 248 | AU7: ='4'!G41 -> 0 | AV7: ='4'!G42 -> 4112 | AW7: ='4'!G43 -> 0 | AX7: ='4'!G44 -> 0 | AY7: ='4'!G36 -> 768 | AZ7: ='4'!G49 -> 3536 | BA7: ='4'!G51 -> 0 | BB7: ='4'!G52 -> -0.01 | BC7: ='4'!G53 -> 0 | BD7: ='4'!G54 -> 459 | BE7: ='4'!G55 -> 3567 | BF7: ='4'!G56 -> 0 | BG7: ='4'!G57 -> 3137 | BH7: ='4'!G50 -> 941 | BI7: =SUM(AU7,AV7,BE7,BF7) -> 7679 | BJ7: ='3'!G133 -> 869 | BK7: =SUM(AP7,AU7,AV7,AW7,AZ7,BE7,BF7,BG7)/H7% -> 50.513867 | BL7: =SUM(AS7,BC7)/H7% -> 10.527242 | BM7: =(AR7+BB7)/H7 -> 0.087427495 | BN7: =J7+N7+Q7+U7 -> 352620.2 | BO7: =SUM(AU7,AV7,AW7,BE7,BF7,BG7,BJ7) -> 11685 | BP7: =BO7/(AD7*280) -> 1.0031765
A8: 5 | B8: 5 | D8: ='5'!D3 -> 29 | E8: ='5'!D4 -> 0.7 | F8: ='5'!D2 -> 0.67 | G8: ='5'!G7 -> 26832 | H8: ='5'!G8 -> 27996 | I8: 9 | J8: =H8*I8 -> 251964 | K8: =H8/202 -> 138.59406 | L8: ='5'!G15 -> 1118 | M8: 56.2 | N8: =L8*M8 -> 62831.6 | O8: ='5'!G20 -> 307 | P8: 108 | Q8: =O8*P8 -> 33156 | R8: =O8/(F8*202/100) -> 226.83612 | S8: ='5'!G24 -> 0 | T8: 69 | U8: =S8*T8 -> 0 | V8: ='5'!G65 -> 124 | W8: ='5'!G66 -> 28 | X8: ='5'!G67 -> 60 | Y8: =V8+W8+X8 -> 212 | Z8: ='5'!G84 -> 0 | AA8: ='5'!G85 -> 18 | AB8: ='5'!G86 -> 24 | AC8: ='5'!G87 -> 0 | AD8: =Z8+AA8+AB8+AC8 -> 42 | AE8: =AU8+AV8+BE8+BF8 -> 7126 | AF8: =AE8/AD8 -> 169.66667 | AG8: ='5'!G88 -> 7.62 | AH8: ='5'!G89 -> 11 | AI8: ='5'!G90 -> 0 | AJ8: =AG8+AH8+AI8 -> 18.62 | AK8: ='5'!G91 -> 0 | AL8: ='5'!G92 -> 11.58 | AN8: =AK8+AL8 -> 11.58 | AO8: ='5'!G74 -> 323 | AP8: ='5'!G35 -> 0 | AQ8: ='5'!G37 -> 1724 | AR8: ='5'!G38 -> 2433 | AS8: ='5'!G39 -> 3013 | AT8: ='5'!G40 -> 193 | AU8: ='5'!G41 -> 0 | AV8: ='5'!G42 -> 3775 | AW8: ='5'!G43 -> 0 | AX8: ='5'!G44 -> 0 | AY8: ='5'!G36 -> 741 | AZ8: ='5'!G49 -> 3453 | BA8: ='5'!G51 -> -0.32 | BB8: ='5'!G52 -> 0.01 | BC8: ='5'!G53 -> 0 | BD8: ='5'!G54 -> 464 | BE8: ='5'!G55 -> 3351 | BF8: ='5'!G56 -> 0 | BG8: ='5'!G57 -> 2981 | BH8: ='5'!G50 -> 1674 | BI8: =SUM(AU8,AV8,BE8,BF8) -> 7126 | BJ8: ='5'!G133 -> 867 | BK8: =SUM(AP8,AU8,AV8,AW8,AZ8,BE8,BF8,BG8)/H8% -> 48.435491 | BL8: =SUM(AS8,BC8)/H8% -> 10.762252 | BM8: =(AR8+BB8)/H8 -> 0.086905629 | BN8: =J8+N8+Q8+U8 -> 347951.6 | BO8: =SUM(AU8,AV8,AW8,BE8,BF8,BG8,BJ8) -> 10974 | BP8: =BO8/(AD8*280) -> 0.93316327
A9: 6 | B9: 6 | D9: ='6'!D3 -> 25 | E9: ='6'!D4 -> 0.78 | F9: ='6'!D2 -> 0.6633 | G9: ='6'!G7 -> 29279 | H9: ='6'!G8 -> 30439 | I9: 9 | J9: =H9*I9 -> 273951 | K9: =H9/202 -> 150.68812 | L9: ='6'!G15 -> 1084.6 | M9: 56.2 | N9: =L9*M9 -> 60954.52 | O9: ='6'!G20 -> 355 | P9: 108 | Q9: =O9*P9 -> 38340 | R9: =O9/(F9*202/100) -> 264.95187 | S9: ='6'!G24 -> 0 | T9: 69 | U9: =S9*T9 -> 0 | V9: ='6'!G65 -> 106 | W9: ='6'!G66 -> 25 | X9: ='6'!G67 -> 12 | Y9: =V9+W9+X9 -> 143 | Z9: ='6'!G84 -> 0 | AA9: ='6'!G85 -> 24.16 | AB9: ='6'!G86 -> 20.19 | AC9: ='6'!G87 -> 0 | AD9: =Z9+AA9+AB9+AC9 -> 44.35 | AE9: =AU9+AV9+BE9+BF9 -> 9008 | AF9: =AE9/AD9 -> 203.11161 | AG9: ='6'!G88 -> 1.95 | AH9: ='6'!G89 -> 8.91 | AI9: ='6'!G90 -> 0.12 | AJ9: =AG9+AH9+AI9 -> 10.98 | AK9: ='6'!G91 -> -0.35 | AL9: ='6'!G92 -> 10.23 | AN9: =AK9+AL9 -> 9.88 | AO9: ='6'!G74 -> 311.43 | AP9: ='6'!G35 -> 0 | AQ9: ='6'!G37 -> 1752 | AR9: ='6'!G38 -> 2232 | AS9: ='6'!G39 -> 2982 | AT9: ='6'!G40 -> 141.9 | AU9: ='6'!G41 -> 0 | AV9: ='6'!G42 -> 5945 | AW9: ='6'!G43 -> 0 | AX9: ='6'!G44 -> 0 | AY9: ='6'!G36 -> 1086 | AZ9: ='6'!G49 -> 3689 | BA9: ='6'!G51 -> 0 | BB9: ='6'!G52 -> 0 | BC9: ='6'!G53 -> 0 | BD9: ='6'!G54 -> 459.6 | BE9: ='6'!G55 -> 3063 | BF9: ='6'!G56 -> 0 | BG9: ='6'!G57 -> 3199.58 | BH9: ='6'!G50 -> 1586 | BI9: =SUM(AU9,AV9,BE9,BF9) -> 9008 | BJ9: ='6'!G133 -> 867 | BK9: =SUM(AP9,AU9,AV9,AW9,AZ9,BE9,BF9,BG9)/H9% -> 52.224383 | BL9: =SUM(AS9,BC9)/H9% -> 9.7966425 | BM9: =(AR9+BB9)/H9 -> 0.073326982 | BN9: =J9+N9+Q9+U9 -> 373245.52 | BO9: =SUM(AU9,AV9,AW9,BE9,BF9,BG9,BJ9) -> 13074.58 | BP9: =BO9/(AD9*280) -> 1.0528732
A10: 7 | B10: 7 | D10: ='7'!D3 -> 32 | E10: ='7'!D4 -> 0.7 | F10: ='7'!D2 -> 0.75 | G10: ='7'!G7 -> 27360 | H10: ='7'!G8 -> 28520 | I10: 9 | J10: =H10*I10 -> 256680 | K10: =H10/202 -> 141.18812 | L10: ='7'!G15 -> 1078.6 | M10: 56.2 | N10: =L10*M10 -> 60617.32 | O10: ='7'!G20 -> 218 | P10: 108 | Q10: =O10*P10 -> 23544 | R10: =O10/(F10*202/100) -> 143.89439 | S10: ='7'!G24 -> 0 | T10: 69 | U10: =S10*T10 -> 0 | V10: ='7'!G65 -> 157 | W10: ='7'!G66 -> 32 | X10: ='7'!G67 -> 15 | Y10: =V10+W10+X10 -> 204 | Z10: ='7'!G84 -> 0 | AA10: ='7'!G85 -> 17.84 | AB10: ='7'!G86 -> 24.11 | AC10: ='7'!G87 -> 0 | AD10: =Z10+AA10+AB10+AC10 -> 41.95 | AE10: =AU10+AV10+BE10+BF10 -> 8056.2 | AF10: =AE10/AD10 -> 192.04291 | AG10: ='7'!G88 -> 0 | AH10: ='7'!G89 -> 10.04 | AI10: ='7'!G90 -> 0 | AJ10: =AG10+AH10+AI10 -> 10.04 | AK10: ='7'!G91 -> 0 | AL10: ='7'!G92 -> 10.77 | AN10: =AK10+AL10 -> 10.77 | AO10: ='7'!G74 -> 321.13 | AP10: ='7'!G35 -> 0 | AQ10: ='7'!G37 -> 1684 | AR10: ='7'!G38 -> 2322 | AS10: ='7'!G39 -> 3002 | AT10: ='7'!G40 -> 471.1 | AU10: ='7'!G41 -> 0 | AV10: ='7'!G42 -> 4189 | AW10: ='7'!G43 -> 0 | AX10: ='7'!G44 -> 0 | AY10: ='7'!G36 -> 1022 | AZ10: ='7'!G49 -> 3639 | BA10: ='7'!G51 -> 0 | BB10: ='7'!G52 -> 0 | BC10: ='7'!G53 -> 0 | BD10: ='7'!G54 -> 461 | BE10: ='7'!G55 -> 3867 | BF10: ='7'!G56 -> 0.2 | BG10: ='7'!G57 -> 3153.92 | BH10: ='7'!G50 -> 1080 | BI10: =SUM(AU10,AV10,BE10,BF10) -> 8056.2 | BJ10: ='7'!G133 -> 819 | BK10: =SUM(AP10,AU10,AV10,AW10,AZ10,BE10,BF10,BG10)/H10% -> 52.065638 | BL10: =SUM(AS10,BC10)/H10% -> 10.525947 | BM10: =(AR10+BB10)/H10 -> 0.08141655 | BN10: =J10+N10+Q10+U10 -> 340841.32 | BO10: =SUM(AU10,AV10,AW10,BE10,BF10,BG10,BJ10) -> 12029.12 | BP10: =BO10/(AD10*280) -> 1.0241035
A11: 8 | B11: 8 | D11: ='8'!D3 -> 32 | E11: ='8'!D4 -> 0.7 | F11: ='8'!D2 -> 0.65 | G11: ='8'!G7 -> 24092 | H11: ='8'!G8 -> 25251.66 | I11: 9 | J11: =H11*I11 -> 227264.94 | K11: =H11/202 -> 125.00822 | L11: ='8'!G15 -> 1052.8 | M11: 56.2 | N11: =L11*M11 -> 59167.36 | O11: ='8'!G20 -> 195 | P11: 108 | Q11: =O11*P11 -> 21060 | R11: =O11/(F11*202/100) -> 148.51485 | S11: ='8'!G24 -> 0 | T11: 69 | U11: =S11*T11 -> 0 | V11: ='8'!G65 -> 92 | W11: ='8'!G66 -> 25 | X11: ='8'!G67 -> 13 | Y11: =V11+W11+X11 -> 130 | Z11: ='8'!G84 -> 0 | AA11: ='8'!G85 -> 19.2 | AB11: ='8'!G86 -> 24.2 | AC11: ='8'!G87 -> 0 | AD11: =Z11+AA11+AB11+AC11 -> 43.4 | AE11: =AU11+AV11+BE11+BF11 -> 2008 | AF11: =AE11/AD11 -> 46.267281 | AG11: ='8'!G88 -> 0.03 | AH11: ='8'!G89 -> 10.33 | AI11: ='8'!G90 -> 0 | AJ11: =AG11+AH11+AI11 -> 10.36 | AK11: ='8'!G91 -> 0 | AL11: ='8'!G92 -> 10.91 | AN11: =AK11+AL11 -> 10.91 | AO11: ='8'!G74 -> 293.18 | AP11: ='8'!G35 -> 0 | AQ11: ='8'!G37 -> 572 | AR11: ='8'!G38 -> 735 | AS11: ='8'!G39 -> 939 | AT11: ='8'!G40 -> 143.5 | AU11: ='8'!G41 -> 0 | AV11: ='8'!G42 -> 777 | AW11: ='8'!G43 -> 0 | AX11: ='8'!G44 -> 0 | AY11: ='8'!G36 -> 301 | AZ11: ='8'!G49 -> 1259 | BA11: ='8'!G51 -> 0 | BB11: ='8'!G52 -> 0 | BC11: ='8'!G53 -> 0 | BD11: ='8'!G54 -> 155.2 | BE11: ='8'!G55 -> 1231 | BF11: ='8'!G56 -> 0 | BG11: ='8'!G57 -> 3336.73 | BH11: ='8'!G50 -> 419 | BI11: =SUM(AU11,AV11,BE11,BF11) -> 2008 | BJ11: ='8'!G133 -> 320 | BK11: =SUM(AP11,AU11,AV11,AW11,AZ11,BE11,BF11,BG11)/H11% -> 26.151667 | BL11: =SUM(AS11,BC11)/H11% -> 3.7185674 | BM11: =(AR11+BB11)/H11 -> 0.029106997 | BN11: =J11+N11+Q11+U11 -> 307492.3 | BO11: =SUM(AU11,AV11,AW11,BE11,BF11,BG11,BJ11) -> 5664.73 | BP11: =BO11/(AD11*280) -> 0.46615619
A12: 9 | B12: 9 | D12: ='9 taken physical reading & Adj'!D3 -> 32 | E12: ='9 taken physical reading & Adj'!D4 -> 0.7 | F12: ='9 taken physical reading & Adj'!D2 -> 0.65 | G12: ='9 taken physical reading & Adj'!G7 -> 29596 | H12: ='9 taken physical reading & Adj'!G8 -> 30800.44 | I12: 9 | J12: =H12*I12 -> 277203.96 | K12: =H12/202 -> 152.47743 | L12: ='9 taken physical reading & Adj'!G15 -> 916 | M12: 56.2 | N12: =L12*M12 -> 51479.2 | O12: ='9 taken physical reading & Adj'!G20 -> 280 | P12: 108 | Q12: =O12*P12 -> 30240 | R12: =O12/(F12*202/100) -> 213.25209 | S12: ='9 taken physical reading & Adj'!G24 -> 0 | T12: 69 | U12: =S12*T12 -> 0 | V12: ='9 taken physical reading & Adj'!G65 -> 119 | W12: ='9 taken physical reading & Adj'!G66 -> 31 | X12: ='9 taken physical reading & Adj'!G67 -> 15 | Y12: =V12+W12+X12 -> 165 | Z12: ='9 taken physical reading & Adj'!G84 -> 11 | AA12: ='9 taken physical reading & Adj'!G85 -> 19.05 | AB12: ='9 taken physical reading & Adj'!G86 -> 14.5 | AC12: ='9 taken physical reading & Adj'!G87 -> 0 | AD12: =Z12+AA12+AB12+AC12 -> 44.55 | AE12: =AU12+AV12+BE12+BF12 -> 13570.42 | AF12: =AE12/AD12 -> 304.611 | AG12: ='9 taken physical reading & Adj'!G88 -> -0.03 | AH12: ='9 taken physical reading & Adj'!G89 -> 10.03 | AI12: ='9 taken physical reading & Adj'!G90 -> 0 | AJ12: =AG12+AH12+AI12 -> 10 | AK12: ='9 taken physical reading & Adj'!G91 -> 0 | AL12: ='9 taken physical reading & Adj'!G92 -> 10.84 | AN12: =AK12+AL12 -> 10.84 | AO12: ='9 taken physical reading & Adj'!G74 -> 300.152 | AP12: ='9 taken physical reading & Adj'!G35 -> -0.95 | AQ12: ='9 taken physical reading & Adj'!G37 -> 3107 | AR12: ='9 taken physical reading & Adj'!G38 -> 2250.55 | AS12: ='9 taken physical reading & Adj'!G39 -> 2000 | AT12: ='9 taken physical reading & Adj'!G40 -> 253.611 | AU12: ='9 taken physical reading & Adj'!G41 -> 2709.28 | AV12: ='9 taken physical reading & Adj'!G42 -> 5892.23 | AW12: ='9 taken physical reading & Adj'!G43 -> 0 | AX12: ='9 taken physical reading & Adj'!G44 -> 0 | AY12: ='9 taken physical reading & Adj'!G36 -> 1629 | AZ12: ='9 taken physical reading & Adj'!G49 -> 3676.85 | BA12: ='9 taken physical reading & Adj'!G51 -> 0.32 | BB12: ='9 taken physical reading & Adj'!G52 -> 0.24 | BC12: ='9 taken physical reading & Adj'!G53 -> 0 | BD12: ='9 taken physical reading & Adj'!G54 -> 767.41 | BE12: ='9 taken physical reading & Adj'!G55 -> 4968.91 | BF12: ='9 taken physical reading & Adj'!G56 -> 0 | BG12: ='9 taken physical reading & Adj'!G57 -> 3248.63 | BH12: ='9 taken physical reading & Adj'!G50 -> 1886.93 | BI12: =SUM(AU12,AV12,BE12,BF12) -> 13570.42 | BJ12: ='8'!G133 -> 320 | BK12: =SUM(AP12,AU12,AV12,AW12,AZ12,BE12,BF12,BG12)/H12% -> 66.541095 | BL12: =SUM(AS12,BC12)/H12% -> 6.4934137 | BM12: =(AR12+BB12)/H12 -> 0.073076553 | BN12: =J12+N12+Q12+U12 -> 358923.16 | BO12: =SUM(AU12,AV12,AW12,BE12,BF12,BG12,BJ12) -> 17139.05 | BP12: =BO12/(AD12*280) -> 1.3739819
A13: 10 | B13: 10 | D13: ='10'!D3 -> 25 | E13: ='10'!D4 -> 0.78 | F13: ='10'!D2 -> 0.91 | G13: ='10'!G7 -> 30002 | H13: ='10'!G8 -> 31010 | I13: 9 | J13: =H13*I13 -> 279090 | K13: =H13/202 -> 153.51485 | L13: ='10'!G15 -> 1061.5 | M13: 56.2 | N13: =L13*M13 -> 59656.3 | O13: ='10'!G20 -> 200 | P13: 108 | Q13: =O13*P13 -> 21600 | R13: =O13/(F13*202/100) -> 108.80209 | S13: ='10'!G24 -> 0 | T13: 69 | U13: =S13*T13 -> 0 | V13: ='10'!G65 -> 116 | W13: ='10'!G66 -> 23 | X13: ='10'!G67 -> 2 | Y13: =V13+W13+X13 -> 141 | Z13: ='10'!G84 -> 18 | AA13: ='10'!G85 -> 23.96 | AB13: ='10'!G86 -> 0 | AC13: ='10'!G87 -> 0 | AD13: =Z13+AA13+AB13+AC13 -> 41.96 | AE13: =AU13+AV13+BE13+BF13 -> 10623.72 | AF13: =AE13/AD13 -> 253.18684 | AG13: ='10'!G88 -> 0 | AH13: ='10'!G89 -> 10.09 | AI13: ='10'!G90 -> 0 | AJ13: =AG13+AH13+AI13 -> 10.09 | AK13: ='10'!G91 -> 0 | AL13: ='10'!G92 -> 10.54 | AN13: =AK13+AL13 -> 10.54 | AO13: ='10'!G74 -> 291.281 | AP13: ='10'!G35 -> 0 | AQ13: ='10'!G37 -> 1758.13 | AR13: ='10'!G38 -> 2457.45 | AS13: ='10'!G39 -> 3079.09 | AT13: ='10'!G40 -> 323.889 | AU13: ='10'!G41 -> 4647.25 | AV13: ='10'!G42 -> 5976.67 | AW13: ='10'!G43 -> 0 | AX13: ='10'!G44 -> 0 | AY13: ='10'!G36 -> 985.8 | AZ13: ='10'!G49 -> 3797.05 | BA13: ='10'!G51 -> 0 | BB13: ='10'!G52 -> 0 | BC13: ='10'!G53 -> 0 | BD13: ='10'!G54 -> 462.09 | BE13: ='10'!G55 -> 0 | BF13: ='10'!G56 -> -0.2 | BG13: ='10'!G57 -> 3197.04 | BH13: ='10'!G50 -> 1407.18 | BI13: =SUM(AU13,AV13,BE13,BF13) -> 10623.72 | BJ13: ='8'!G133 -> 320 | BK13: =SUM(AP13,AU13,AV13,AW13,AZ13,BE13,BF13,BG13)/H13% -> 56.813318 | BL13: =SUM(AS13,BC13)/H13% -> 9.9293454 | BM13: =(AR13+BB13)/H13 -> 0.079247017 | BN13: =J13+N13+Q13+U13 -> 360346.3 | BO13: =SUM(AU13,AV13,AW13,BE13,BF13,BG13,BJ13) -> 14140.76 | BP13: =BO13/(AD13*280) -> 1.2035919
A14: 11 | B14: 11 | D14: ='11'!D3 -> 31 | E14: ='11'!D4 -> 0.78 | F14: ='11'!D2 -> 0.72 | G14: ='11'!G7 -> 27818.3 | H14: ='11'!G8 -> 28751 | I14: 9 | J14: =H14*I14 -> 258759 | K14: =H14/202 -> 142.33168 | L14: ='11'!G15 -> 1053.5 | M14: 56.2 | N14: =L14*M14 -> 59206.7 | O14: ='11'!G20 -> 360 | P14: 108 | Q14: =O14*P14 -> 38880 | R14: =O14/(F14*202/100) -> 247.52475 | S14: ='11'!G24 -> 0 | T14: 69 | U14: =S14*T14 -> 0 | V14: ='11'!G65 -> 129 | W14: ='11'!G66 -> 33 | X14: ='11'!G67 -> 0 | Y14: =V14+W14+X14 -> 162 | Z14: ='11'!G84 -> 24.16 | AA14: ='11'!G85 -> 19.09 | AB14: ='11'!G86 -> 0 | AC14: ='11'!G87 -> 0 | AD14: =Z14+AA14+AB14+AC14 -> 43.25 | AE14: =AU14+AV14+BE14+BF14 -> 9978.85 | AF14: =AE14/AD14 -> 230.72486 | AG14: ='11'!G88 -> 0 | AH14: ='11'!G89 -> 10.49 | AI14: ='11'!G90 -> 6.78 | AJ14: =AG14+AH14+AI14 -> 17.27 | AK14: ='11'!G91 -> 0 | AL14: ='11'!G92 -> 9.86 | AN14: =AK14+AL14 -> 9.86 | AO14: ='11'!G74 -> 278.507 | AP14: ='11'!G35 -> 0 | AQ14: ='11'!G37 -> 1739.12 | AR14: ='11'!G38 -> 2491.7 | AS14: ='11'!G39 -> 3101.95 | AT14: ='11'!G40 -> 197.3 | AU14: ='11'!G41 -> 5293.33 | AV14: ='11'!G42 -> 4321.93 | AW14: ='11'!G43 -> 0 | AX14: ='11'!G44 -> 0 | AY14: ='11'!G36 -> 719.1 | AZ14: ='11'!G49 -> 3749.11 | BA14: ='11'!G51 -> 0 | BB14: ='11'!G52 -> 0 | BC14: ='11'!G53 -> 0 | BD14: ='11'!G54 -> 453.23 | BE14: ='11'!G55 -> 363.59 | BF14: ='11'!G56 -> 0 | BG14: ='11'!G57 -> 3247.2 | BH14: ='11'!G50 -> 995.78 | BI14: =SUM(AU14,AV14,BE14,BF14) -> 9978.85 | BJ14: ='11'!G133 -> 866.25 | BK14: =SUM(AP14,AU14,AV14,AW14,AZ14,BE14,BF14,BG14)/H14% -> 59.041981 | BL14: =SUM(AS14,BC14)/H14% -> 10.789016 | BM14: =(AR14+BB14)/H14 -> 0.086664812 | BN14: =J14+N14+Q14+U14 -> 356845.7 | BO14: =SUM(AU14,AV14,AW14,BE14,BF14,BG14,BJ14) -> 14092.3 | BP14: =BO14/(AD14*280) -> 1.1636912
A15: 12 | B15: 12 | D15: ='12'!D3 -> 30 | E15: ='12'!D4 -> 0.77 | F15: ='12'!D2 -> 0.6 | G15: ='12'!G7 -> 29391.7 | H15: ='12'!G8 -> 30076 | I15: 9 | J15: =H15*I15 -> 270684 | K15: =H15/202 -> 148.89109 | L15: ='12'!G15 -> 1039 | M15: 56.2 | N15: =L15*M15 -> 58391.8 | O15: ='12'!G20 -> 270 | P15: 108 | Q15: =O15*P15 -> 29160 | R15: =O15/(F15*202/100) -> 222.77228 | S15: ='12'!G24 -> 0 | T15: 69 | U15: =S15*T15 -> 0 | V15: ='12'!G65 -> 109 | W15: ='12'!G66 -> 29 | X15: ='12'!G67 -> 0 | Y15: =V15+W15+X15 -> 138 | Z15: ='12'!G84 -> 23.84 | AA15: ='12'!G85 -> 16.7 | AB15: ='12'!G86 -> 0 | AC15: ='12'!G87 -> -0.06 | AD15: =Z15+AA15+AB15+AC15 -> 40.48 | AE15: =AU15+AV15+BE15+BF15 -> 10292.75 | AF15: =AE15/AD15 -> 254.26754 | AG15: ='12'!G88 -> 0 | AH15: ='12'!G89 -> 10.11 | AI15: ='12'!G90 -> 9.1 | AJ15: =AG15+AH15+AI15 -> 19.21 | AK15: ='12'!G91 -> 0 | AL15: ='12'!G92 -> 13.01 | AN15: =AK15+AL15 -> 13.01 | AO15: ='12'!G74 -> 320.32 | AP15: ='12'!G35 -> -0.05 | AQ15: ='12'!G37 -> 1720.75 | AR15: ='12'!G38 -> 2523.3 | AS15: ='12'!G39 -> 3189.05 | AT15: ='12'!G40 -> 376.7 | AU15: ='12'!G41 -> 5653.14 | AV15: ='12'!G42 -> 4639.17 | AW15: ='12'!G43 -> 0 | AX15: ='12'!G44 -> 0 | AY15: ='12'!G36 -> 955.1 | AZ15: ='12'!G49 -> 3949.99 | BA15: ='12'!G51 -> 0 | BB15: ='12'!G52 -> 0 | BC15: ='12'!G53 -> 0 | BD15: ='12'!G54 -> 473.47 | BE15: ='12'!G55 -> 0.5 | BF15: ='12'!G56 -> -0.06 | BG15: ='12'!G57 -> 3313.9 | BH15: ='12'!G50 -> 949.11 | BI15: =SUM(AU15,AV15,BE15,BF15) -> 10292.75 | BJ15: ='12'!G133 -> 908 | BK15: =SUM(AP15,AU15,AV15,AW15,AZ15,BE15,BF15,BG15)/H15% -> 58.374086 | BL15: =SUM(AS15,BC15)/H15% -> 10.603305 | BM15: =(AR15+BB15)/H15 -> 0.08389746 | BN15: =J15+N15+Q15+U15 -> 358235.8 | BO15: =SUM(AU15,AV15,AW15,BE15,BF15,BG15,BJ15) -> 14514.65 | BP15: =BO15/(AD15*280) -> 1.2805839
A16: 13 | B16: 13 | D16: ='13'!D3 -> 30 | E16: ='13'!D4 -> 0.77 | F16: ='13'!D2 -> 0.66 | G16: ='13'!G7 -> 27798 | H16: ='13'!G8 -> 28733 | I16: 9 | J16: =H16*I16 -> 258597 | K16: =H16/202 -> 142.24257 | L16: ='13'!G15 -> 1055 | M16: 56.2 | N16: =L16*M16 -> 59291 | O16: ='13'!G20 -> 280 | P16: 108 | Q16: =O16*P16 -> 30240 | R16: =O16/(F16*202/100) -> 210.021 | S16: ='13'!G24 -> 0 | T16: 69 | U16: =S16*T16 -> 0 | V16: ='13'!G65 -> 136 | W16: ='13'!G66 -> 23 | X16: ='13'!G67 -> 0 | Y16: =V16+W16+X16 -> 159 | Z16: ='13'!G84 -> 24 | AA16: ='13'!G85 -> 18 | AB16: ='13'!G86 -> 0 | AC16: ='13'!G87 -> 0 | AD16: =Z16+AA16+AB16+AC16 -> 42 | AE16: =AU16+AV16+BE16+BF16 -> 9751 | AF16: =AE16/AD16 -> 232.16667 | AG16: ='13'!G88 -> 0 | AH16: ='13'!G89 -> 10.23 | AI16: ='13'!G90 -> 11.48 | AJ16: =AG16+AH16+AI16 -> 21.71 | AK16: ='13'!G91 -> 0.35 | AL16: ='13'!G92 -> 8.84 | AN16: =AK16+AL16 -> 9.19 | AO16: ='13'!G74 -> 318 | AP16: ='13'!G35 -> 0 | AQ16: ='13'!G37 -> 1681 | AR16: ='13'!G38 -> 2350 | AS16: ='13'!G39 -> 3101 | AT16: ='13'!G40 -> 236 | AU16: ='13'!G41 -> 5485 | AV16: ='13'!G42 -> 4266 | AW16: ='13'!G43 -> 0 | AX16: ='13'!G44 -> 0 | AY16: ='13'!G36 -> 703 | AZ16: ='13'!G49 -> 3857 | BA16: ='13'!G51 -> 0 | BB16: ='13'!G52 -> 0 | BC16: ='13'!G53 -> 0 | BD16: ='13'!G54 -> 465 | BE16: ='13'!G55 -> 0 | BF16: ='13'!G56 -> 0 | BG16: ='13'!G57 -> 3231 | BH16: ='13'!G50 -> 945 | BI16: =SUM(AU16,AV16,BE16,BF16) -> 9751 | BJ16: ='13'!G133 -> 864 | BK16: =SUM(AP16,AU16,AV16,AW16,AZ16,BE16,BF16,BG16)/H16% -> 58.605088 | BL16: =SUM(AS16,BC16)/H16% -> 10.792469 | BM16: =(AR16+BB16)/H16 -> 0.081787492 | BN16: =J16+N16+Q16+U16 -> 348128 | BO16: =SUM(AU16,AV16,AW16,BE16,BF16,BG16,BJ16) -> 13846 | BP16: =BO16/(AD16*280) -> 1.177381
A17: 14 | B17: 14 | D17: ='14'!D3 -> 30 | E17: ='14'!D4 -> 0.77 | F17: ='14'!D2 -> 0.57 | G17: ='14'!G7 -> 28180 | H17: ='14'!G8 -> 29251 | I17: 9 | J17: =H17*I17 -> 263259 | K17: =H17/202 -> 144.80693 | L17: ='14'!G15 -> 1050 | M17: 56.2 | N17: =L17*M17 -> 59010 | O17: ='14'!G20 -> 290 | P17: 108 | Q17: =O17*P17 -> 31320 | R17: =O17/(F17*202/100) -> 251.86729 | S17: ='14'!G24 -> 0 | T17: 69 | U17: =S17*T17 -> 0 | V17: ='14'!G65 -> 128 | W17: ='14'!G66 -> 30 | X17: ='14'!G67 -> 1 | Y17: =V17+W17+X17 -> 159 | Z17: ='14'!G84 -> 24 | AA17: ='14'!G85 -> 14 | AB17: ='14'!G86 -> 0 | AC17: ='14'!G87 -> 10 | AD17: =Z17+AA17+AB17+AC17 -> 48 | AE17: =AU17+AV17+BE17+BF17 -> 9169.4 | AF17: =AE17/AD17 -> 191.02917 | AG17: ='14'!G88 -> 0 | AH17: ='14'!G89 -> 9.57 | AI17: ='14'!G90 -> 11.49 | AJ17: =AG17+AH17+AI17 -> 21.06 | AK17: ='14'!G91 -> 0 | AL17: ='14'!G92 -> 11.12 | AN17: =AK17+AL17 -> 11.12 | AO17: ='14'!G44 -> 0 | AP17: ='14'!G35 -> 0 | AQ17: ='14'!G37 -> 1688 | AR17: ='14'!G38 -> 2405 | AS17: ='14'!G39 -> 2986 | AT17: ='14'!G40 -> 426 | AU17: ='14'!G41 -> 5445 | AV17: ='14'!G42 -> 2384 | AW17: ='14'!G43 -> 0 | AX17: ='14'!G44 -> 0 | AY17: ='14'!G36 -> 1123 | AZ17: ='14'!G49 -> 3734 | BA17: ='14'!G51 -> 0 | BB17: ='14'!G52 -> 0 | BC17: ='14'!G53 -> 0 | BD17: ='14'!G54 -> 462 | BE17: ='14'!G55 -> 0 | BF17: ='14'!G56 -> 1340.4 | BG17: ='14'!G57 -> 3212 | BH17: ='14'!G50 -> 953 | BI17: =SUM(AU17,AV17,BE17,BF17) -> 9169.4 | BJ17: ='14'!G133 -> 754 | BK17: =SUM(AP17,AU17,AV17,AW17,AZ17,BE17,BF17,BG17)/H17% -> 55.093501 | BL17: =SUM(AS17,BC17)/H17% -> 10.208198 | BM17: =(AR17+BB17)/H17 -> 0.082219411 | BN17: =J17+N17+Q17+U17 -> 353589 | BO17: =SUM(AU17,AV17,AW17,BE17,BF17,BG17,BJ17) -> 13135.4 | BP17: =BO17/(AD17*280) -> 0.97733631
A18: 15 | B18: 15 | D18: ='15'!D3 -> 30 | E18: ='15'!D4 -> 0.77 | F18: ='15'!D2 -> 0.6 | G18: ='15'!G7 -> 27537 | H18: ='15'!G8 -> 28661 | I18: 9 | J18: =H18*I18 -> 257949 | K18: =H18/202 -> 141.88614 | L18: ='15'!G15 -> 1071 | M18: 56.2 | N18: =L18*M18 -> 60190.2 | O18: ='15'!G20 -> 250 | P18: 108 | Q18: =O18*P18 -> 27000 | R18: =O18/(F18*202/100) -> 206.27063 | S18: ='15'!G24 -> 0 | T18: 69 | U18: =S18*T18 -> 0 | V18: ='15'!G65 -> 107 | W18: ='15'!G66 -> 19 | X18: ='15'!G67 -> 0 | Y18: =V18+W18+X18 -> 126 | Z18: ='15'!G84 -> 19 | AA18: ='15'!G85 -> 18 | AB18: ='15'!G86 -> 0 | AC18: ='15'!G87 -> 6 | AD18: =Z18+AA18+AB18+AC18 -> 43 | AE18: =AU18+AV18+BE18+BF18 -> 9511 | AF18: =AE18/AD18 -> 221.18605 | AG18: ='15'!G88 -> 0 | AH18: ='15'!G89 -> 9.2 | AI18: ='15'!G90 -> 12.03 | AJ18: =AG18+AH18+AI18 -> 21.23 | AK18: ='15'!G91 -> 0 | AL18: ='15'!G92 -> 10.88 | AN18: =AK18+AL18 -> 10.88 | AO18: ='15'!G74 -> 312 | AP18: ='15'!G35 -> 0 | AQ18: ='15'!G37 -> 1655 | AR18: ='15'!G38 -> 2311 | AS18: ='15'!G39 -> 3010 | AT18: ='15'!G40 -> 388 | AU18: ='15'!G41 -> 4462 | AV18: ='15'!G42 -> 4288 | AW18: ='15'!G43 -> 0 | AX18: ='15'!G44 -> 0 | AY18: ='15'!G36 -> 699 | AZ18: ='15'!G49 -> 3640 | BA18: ='15'!G51 -> 0 | BB18: ='15'!G52 -> 0 | BC18: ='15'!G53 -> 0 | BD18: ='15'!G54 -> 466 | BE18: ='15'!G55 -> 0 | BF18: ='15'!G56 -> 761 | BG18: ='15'!G57 -> 3224 | BH18: ='15'!G50 -> 977 | BI18: =SUM(AU18,AV18,BE18,BF18) -> 9511 | BJ18: ='15'!G133 -> 725 | BK18: =SUM(AP18,AU18,AV18,AW18,AZ18,BE18,BF18,BG18)/H18% -> 57.133387 | BL18: =SUM(AS18,BC18)/H18% -> 10.502076 | BM18: =(AR18+BB18)/H18 -> 0.080632218 | BN18: =J18+N18+Q18+U18 -> 345139.2 | BO18: =SUM(AU18,AV18,AW18,BE18,BF18,BG18,BJ18) -> 13460 | BP18: =BO18/(AD18*280) -> 1.1179402
A19: 16 | B19: 16 | D19: ='16'!D3 -> 30 | E19: ='16'!D4 -> 0.77 | F19: ='16'!D2 -> 0.6 | G19: ='16'!G7 -> 27812 | H19: ='16'!G8 -> 28628 | I19: 9 | J19: =H19*I19 -> 257652 | K19: =H19/202 -> 141.72277 | L19: ='16'!G15 -> 1026 | M19: 56.2 | N19: =L19*M19 -> 57661.2 | O19: ='16'!G20 -> 230 | P19: 108 | Q19: =O19*P19 -> 24840 | R19: =O19/(F19*202/100) -> 189.76898 | S19: ='16'!G24 -> 0 | T19: 69 | U19: =S19*T19 -> 0 | V19: ='16'!G65 -> 123 | W19: ='16'!G66 -> 22 | X19: ='16'!G67 -> 0 | Y19: =V19+W19+X19 -> 145 | Z19: ='16'!G84 -> 24 | AA19: ='16'!G85 -> 19 | AB19: ='16'!G86 -> 0 | AC19: ='16'!G87 -> 0 | AD19: =Z19+AA19+AB19+AC19 -> 43 | AE19: =AU19+AV19+BE19+BF19 -> 10363 | AF19: =AE19/AD19 -> 241 | AG19: ='16'!G88 -> 0 | AH19: ='16'!G89 -> 10.89 | AI19: ='16'!G90 -> 11.16 | AJ19: =AG19+AH19+AI19 -> 22.05 | AK19: ='16'!G91 -> 0 | AL19: ='16'!G92 -> 10.61 | AN19: =AK19+AL19 -> 10.61 | AO19: ='16'!G74 -> 311 | AP19: ='16'!G35 -> 0 | AQ19: ='16'!G37 -> 1666 | AR19: ='16'!G38 -> 2366 | AS19: ='16'!G39 -> 3099 | AT19: ='16'!G40 -> 230 | AU19: ='16'!G41 -> 5818 | AV19: ='16'!G42 -> 4545 | AW19: ='16'!G43 -> 0 | AX19: ='16'!G44 -> 0 | AY19: ='16'!G36 -> 634 | AZ19: ='16'!G49 -> 3360 | BA19: ='16'!G51 -> 0 | BB19: ='16'!G52 -> 0 | BC19: ='16'!G53 -> 0 | BD19: ='16'!G54 -> 468 | BE19: ='16'!G55 -> 0 | BF19: ='16'!G56 -> 0 | BG19: ='16'!G57 -> 3266 | BH19: ='16'!G50 -> 861 | BI19: =SUM(AU19,AV19,BE19,BF19) -> 10363 | BJ19: ='16'!G133 -> 622 | BK19: =SUM(AP19,AU19,AV19,AW19,AZ19,BE19,BF19,BG19)/H19% -> 59.343999 | BL19: =SUM(AS19,BC19)/H19% -> 10.825066 | BM19: =(AR19+BB19)/H19 -> 0.08264636 | BN19: =J19+N19+Q19+U19 -> 340153.2 | BO19: =SUM(AU19,AV19,AW19,BE19,BF19,BG19,BJ19) -> 14251 | BP19: =BO19/(AD19*280) -> 1.1836379
A20: 17 | B20: 17 | D20: ='17'!D3 -> 28 | E20: ='17'!D4 -> 0.79 | F20: ='17'!D2 -> 0.91 | G20: ='17'!G7 -> 28799 | H20: ='17'!G8 -> 29392 | I20: 9 | J20: =H20*I20 -> 264528 | K20: =H20/202 -> 145.50495 | L20: ='17'!G15 -> 1015 | M20: 56.2 | N20: =L20*M20 -> 57043 | O20: ='17'!G20 -> 283 | P20: 108 | Q20: =O20*P20 -> 30564 | R20: =O20/(F20*202/100) -> 153.95496 | S20: ='17'!G24 -> 0 | T20: 69 | U20: =S20*T20 -> 0 | V20: ='17'!G65 -> 119 | W20: ='17'!G66 -> 20 | X20: ='17'!G67 -> 0 | Y20: =V20+W20+X20 -> 139 | Z20: ='17'!G84 -> 24.44 | AA20: ='17'!G85 -> 18.39 | AB20: ='17'!G86 -> 0 | AC20: ='17'!G87 -> 0 | AD20: =Z20+AA20+AB20+AC20 -> 42.83 | AE20: =AU20+AV20+BE20+BF20 -> 10550 | AF20: =AE20/AD20 -> 246.32267 | AG20: ='17'!G88 -> 0.05 | AH20: ='17'!G89 -> 10.11 | AI20: ='17'!G90 -> 9.84 | AJ20: =AG20+AH20+AI20 -> 20 | AK20: ='17'!G91 -> 0 | AL20: ='17'!G92 -> 10.39 | AN20: =AK20+AL20 -> 10.39 | AO20: ='17'!G74 -> 293.52 | AP20: ='17'!G35 -> 0 | AQ20: ='17'!G37 -> 1704 | AR20: ='17'!G38 -> 2355 | AS20: ='17'!G39 -> 3142 | AT20: ='17'!G40 -> 461 | AU20: ='17'!G41 -> 6066 | AV20: ='17'!G42 -> 4484 | AW20: ='17'!G43 -> 0 | AX20: ='17'!G44 -> 0 | AY20: ='17'!G36 -> 721 | AZ20: ='17'!G49 -> 3494 | BA20: ='17'!G51 -> 0 | BB20: ='17'!G52 -> 0 | BC20: ='17'!G53 -> 0 | BD20: ='17'!G54 -> 437 | BE20: ='17'!G55 -> 0 | BF20: ='17'!G56 -> 0 | BG20: ='17'!G57 -> 3226 | BH20: ='17'!G50 -> 1457 | BI20: =SUM(AU20,AV20,BE20,BF20) -> 10550 | BJ20: ='17'!G133 -> 609 | BK20: =SUM(AP20,AU20,AV20,AW20,AZ20,BE20,BF20,BG20)/H20% -> 58.757485 | BL20: =SUM(AS20,BC20)/H20% -> 10.689984 | BM20: =(AR20+BB20)/H20 -> 0.080123843 | BN20: =J20+N20+Q20+U20 -> 352135 | BO20: =SUM(AU20,AV20,AW20,BE20,BF20,BG20,BJ20) -> 14385 | BP20: =BO20/(AD20*280) -> 1.1995097
A21: 18 | B21: 18 | D21: ='18 '!D3 -> 28 | E21: ='18 '!D4 -> 0.78 | F21: ='18 '!D2 -> 0.98 | G21: ='18 '!G7 -> 29411 | H21: ='18 '!G8 -> 29753 | I21: 9 | J21: =H21*I21 -> 267777 | K21: =H21/202 -> 147.29208 | L21: ='18 '!G15 -> 1052 | M21: 56.2 | N21: =L21*M21 -> 59122.4 | O21: ='18 '!G20 -> 232 | P21: 108 | Q21: =O21*P21 -> 25056 | R21: =O21/(F21*202/100) -> 117.19539 | S21: ='18 '!G24 -> 0 | T21: 69 | U21: =S21*T21 -> 0 | V21: ='18 '!G65 -> 112 | W21: ='18 '!G66 -> 24 | X21: ='18 '!G67 -> 0 | Y21: =V21+W21+X21 -> 136 | Z21: ='18 '!G84 -> 24.14 | AA21: ='18 '!G85 -> 18.76 | AB21: ='18 '!G86 -> 0 | AC21: ='18 '!G87 -> 0 | AD21: =Z21+AA21+AB21+AC21 -> 42.9 | AE21: =AU21+AV21+BE21+BF21 -> 10831 | AF21: =AE21/AD21 -> 252.47086 | AG21: ='18 '!G88 -> 0 | AH21: ='18 '!G89 -> 10 | AI21: ='18 '!G90 -> 12 | AJ21: =AG21+AH21+AI21 -> 22 | AK21: ='18 '!G91 -> 0 | AL21: ='18 '!G92 -> 10 | AN21: =AK21+AL21 -> 10 | AO21: ='18 '!G74 -> 297.48 | AP21: ='18 '!G35 -> 1 | AQ21: ='18 '!G37 -> 1729 | AR21: ='18 '!G38 -> 2397 | AS21: ='18 '!G39 -> 3158 | AT21: ='18 '!G40 -> 829 | AU21: ='18 '!G41 -> 6250 | AV21: ='18 '!G42 -> 4581 | AW21: ='18 '!G43 -> 0 | AX21: ='18 '!G44 -> 0 | AY21: ='18 '!G36 -> 1045 | AZ21: ='18 '!G49 -> 3487 | BA21: ='18 '!G51 -> 0 | BB21: ='18 '!G52 -> 0 | BC21: ='18 '!G53 -> 0 | BD21: ='18 '!G54 -> 367 | BE21: ='18 '!G55 -> 0 | BF21: ='18 '!G56 -> 0 | BG21: ='18 '!G57 -> 3098 | BH21: ='18 '!G50 -> 1503 | BI21: =SUM(AU21,AV21,BE21,BF21) -> 10831 | BJ21: ='18 '!G133 -> 628 | BK21: =SUM(AP21,AU21,AV21,AW21,AZ21,BE21,BF21,BG21)/H21% -> 58.538635 | BL21: =SUM(AS21,BC21)/H21% -> 10.614056 | BM21: =(AR21+BB21)/H21 -> 0.080563305 | BN21: =J21+N21+Q21+U21 -> 351955.4 | BO21: =SUM(AU21,AV21,AW21,BE21,BF21,BG21,BJ21) -> 14557 | BP21: =BO21/(AD21*280) -> 1.2118715
A22: 19 | B22: 19 | D22: ='19'!D3 -> 27 | E22: ='19'!D4 -> 0.78 | F22: ='19'!D2 -> 0.94 | G22: ='19'!G7 -> 28720 | H22: ='19'!G8 -> 29068 | I22: 9 | J22: =H22*I22 -> 261612 | K22: =H22/202 -> 143.90099 | L22: ='19'!G15 -> 1047 | M22: 56.2 | N22: =L22*M22 -> 58841.4 | O22: ='19'!G20 -> 212 | P22: 108 | Q22: =O22*P22 -> 22896 | R22: =O22/(F22*202/100) -> 111.64946 | S22: ='19'!G24 -> 0 | T22: 69 | U22: =S22*T22 -> 0 | V22: ='19'!G65 -> 110 | W22: ='19'!G66 -> 23 | X22: ='19'!G67 -> 0 | Y22: =V22+W22+X22 -> 133 | Z22: ='19'!G84 -> 23.95 | AA22: ='19'!G85 -> 17.39 | AB22: ='19'!G86 -> 0 | AC22: ='19'!G87 -> 0 | AD22: =Z22+AA22+AB22+AC22 -> 41.34 | AE22: =AU22+AV22+BE22+BF22 -> 10354 | AF22: =AE22/AD22 -> 250.4596 | AG22: ='19'!G88 -> 0 | AH22: ='19'!G89 -> 9.47 | AI22: ='19'!G90 -> 9 | AJ22: =AG22+AH22+AI22 -> 18.47 | AK22: ='19'!G91 -> 0 | AL22: ='19'!G92 -> 10 | AN22: =AK22+AL22 -> 10 | AO22: ='19'!G74 -> 300 | AP22: ='19'!G35 -> 0 | AQ22: ='19'!G37 -> 1734 | AR22: ='19'!G38 -> 2342 | AS22: ='19'!G39 -> 3175 | AT22: ='19'!G40 -> 327 | AU22: ='19'!G41 -> 6017 | AV22: ='19'!G42 -> 4337 | AW22: ='19'!G43 -> 0 | AX22: ='19'!G44 -> 0 | AY22: ='19'!G36 -> 1321 | AZ22: ='19'!G49 -> 3557 | BA22: ='19'!G51 -> 0 | BB22: ='19'!G52 -> 0 | BC22: ='19'!G53 -> 0 | BD22: ='19'!G54 -> 367 | BE22: ='19'!G55 -> 0 | BF22: ='19'!G56 -> 0 | BG22: ='19'!G57 -> 3130 | BH22: ='19'!G50 -> 958 | BI22: =SUM(AU22,AV22,BE22,BF22) -> 10354 | BJ22: ='19'!G133 -> 623 | BK22: =SUM(AP22,AU22,AV22,AW22,AZ22,BE22,BF22,BG22)/H22% -> 58.624604 | BL22: =SUM(AS22,BC22)/H22% -> 10.922664 | BM22: =(AR22+BB22)/H22 -> 0.080569699 | BN22: =J22+N22+Q22+U22 -> 343349.4 | BO22: =SUM(AU22,AV22,AW22,BE22,BF22,BG22,BJ22) -> 14107 | BP22: =BO22/(AD22*280) -> 1.2187262
A23: 20 | B23: 20 | D23: ='20'!D3 -> 28 | E23: ='20'!D4 -> 0.78 | F23: ='20'!D2 -> 0.94 | G23: ='20'!G7 -> 28424 | H23: ='20'!G8 -> 28714 | I23: 9 | J23: =H23*I23 -> 258426 | K23: =H23/202 -> 142.14851 | L23: ='20'!G15 -> 1014 | M23: 56.2 | N23: =L23*M23 -> 56986.8 | O23: ='20'!G20 -> 253 | P23: 108 | Q23: =O23*P23 -> 27324 | R23: =O23/(F23*202/100) -> 133.24205 | S23: ='20'!G24 -> 0 | T23: 69 | U23: =S23*T23 -> 0 | V23: ='20'!G65 -> 117 | W23: ='20'!G66 -> 23 | X23: ='20'!G67 -> 0 | Y23: =V23+W23+X23 -> 140 | Z23: ='20'!G84 -> 17.47 | AA23: ='20'!G85 -> 24.01 | AB23: ='20'!G86 -> 0 | AC23: ='20'!G87 -> 0 | AD23: =Z23+AA23+AB23+AC23 -> 41.48 | AE23: =AU23+AV23+BE23+BF23 -> 9993 | AF23: =AE23/AD23 -> 240.91128 | AG23: ='20'!G88 -> 0 | AH23: ='20'!G89 -> 10.53 | AI23: ='20'!G90 -> 10 | AJ23: =AG23+AH23+AI23 -> 20.53 | AK23: ='20'!G91 -> 0 | AL23: ='20'!G92 -> 11 | AN23: =AK23+AL23 -> 11 | AO23: ='20'!G74 -> 296 | AP23: ='20'!G35 -> 0 | AQ23: ='20'!G37 -> 1669 | AR23: ='20'!G38 -> 2341 | AS23: ='20'!G39 -> 3213 | AT23: ='20'!G40 -> 650 | AU23: ='20'!G41 -> 4189 | AV23: ='20'!G42 -> 5804 | AW23: ='20'!G43 -> 0 | AX23: ='20'!G44 -> 0 | AY23: ='20'!G36 -> 1199 | AZ23: ='20'!G49 -> 3591 | BA23: ='20'!G51 -> 0 | BB23: ='20'!G52 -> 0 | BC23: ='20'!G588 -> 0 | BD23: ='20'!G54 -> 366 | BE23: ='20'!G55 -> 0 | BF23: ='20'!G56 -> 0 | BG23: ='20'!G57 -> 3092 | BH23: ='20'!G50 -> 1133 | BI23: =SUM(AU23,AV23,BE23,BF23) -> 9993 | BJ23: ='20'!G133 -> 619 | BK23: =SUM(AP23,AU23,AV23,AW23,AZ23,BE23,BF23,BG23)/H23% -> 58.0762 | BL23: =SUM(AS23,BC23)/H23% -> 11.189664 | BM23: =(AR23+BB23)/H23 -> 0.081528174 | BN23: =J23+N23+Q23+U23 -> 342736.8 | BO23: =SUM(AU23,AV23,AW23,BE23,BF23,BG23,BJ23) -> 13704 | BP23: =BO23/(AD23*280) -> 1.1799146
A24: 21 | B24: 21 | D24: 21 | E24: ='21'!D4 -> 0.78 | F24: ='21'!D2 -> 0.71 | G24: ='21'!G7 -> 26675.11 | H24: ='21'!G8 -> 27087.11 | I24: 9 | J24: =H24*I24 -> 243783.99 | K24: =H24/202 -> 134.0946 | L24: ='21'!G15 -> 1049.42 | M24: 56.2 | N24: =L24*M24 -> 58977.404 | O24: ='21'!G20 -> 263 | P24: 108 | Q24: =O24*P24 -> 28404 | R24: =O24/(F24*202/100) -> 183.37749 | S24: ='21'!G24 -> 0 | T24: 69 | U24: =S24*T24 -> 0 | V24: ='21'!G65 -> 102 | W24: ='21'!G66 -> 15 | X24: ='21'!G67 -> 0 | Y24: =V24+W24+X24 -> 117 | Z24: ='21'!G84 -> 24.24 | AA24: ='21'!G85 -> 0.01 | AB24: ='21'!G86 -> 2.15 | AC24: ='21'!G87 -> 12.44 | AD24: =Z24+AA24+AB24+AC24 -> 38.84 | AE24: =AU24+AV24+BE24+BF24 -> 7747.26 | AF24: =AE24/AD24 -> 199.46601 | AG24: ='21'!G88 -> -0.05 | AH24: ='21'!G89 -> 9.95 | AI24: ='21'!G90 -> 10.52 | AJ24: =AG24+AH24+AI24 -> 20.42 | AK24: ='21'!G91 -> 0 | AL24: ='21'!G92 -> 9.64 | AN24: =AK24+AL24 -> 9.64 | AO24: ='21'!G74 -> 293.62 | AP24: ='21'!G35 -> 0 | AQ24: ='21'!G37 -> 1661.05 | AR24: ='21'!G38 -> 2383.15 | AS24: ='21'!G39 -> 3123.91 | AT24: ='21'!G40 -> 387.59 | AU24: ='21'!G41 -> 5860.97 | AV24: ='21'!G42 -> 25.03 | AW24: ='21'!G43 -> 0 | AX24: ='21'!G44 -> 0 | AY24: ='21'!G36 -> 811.33 | AZ24: ='21'!G49 -> 3632.07 | BA24: ='21'!G51 -> 0 | BB24: ='21'!G52 -> 0 | BC24: ='21'!G53 -> 0 | BD24: ='21'!G54 -> 358.43 | BE24: ='21'!G55 -> -0.49 | BF24: ='21'!G56 -> 1861.75 | BG24: ='21'!G57 -> 3040.23 | BH24: ='21'!G50 -> 1132.41 | BI24: =SUM(AU24,AV24,BE24,BF24) -> 7747.26 | BJ24: ='21'!G133 -> 623.91 | BK24: =SUM(AP24,AU24,AV24,AW24,AZ24,BE24,BF24,BG24)/H24% -> 53.234029 | BL24: =SUM(AS24,BC24)/H24% -> 11.532829 | BM24: =(AR24+BB24)/H24 -> 0.087980962 | BN24: =J24+N24+Q24+U24 -> 331165.39 | BO24: =SUM(AU24,AV24,AW24,BE24,BF24,BG24,BJ24) -> 11411.4 | BP24: =BO24/(AD24*280) -> 1.0493048
A25: 22 | B25: 22 | D25: ='22'!D3 -> 29 | E25: ='22'!D4 -> 0.79 | F25: ='22'!D2 -> 0.98 | G25: ='22'!G7 -> 27647.58 | H25: ='22'!G8 -> 28127 | I25: 9 | J25: =H25*I25 -> 253143 | K25: =H25/202 -> 139.24257 | L25: ='22'!G15 -> 974.61 | M25: 56.2 | N25: =L25*M25 -> 54773.082 | O25: ='22'!G20 -> 243 | P25: 108 | Q25: =O25*P25 -> 26244 | R25: =O25/(F25*202/100) -> 122.75207 | S25: ='22'!G24 -> 0 | T25: 69 | U25: =S25*T25 -> 0 | V25: ='22'!G65 -> 100 | W25: ='22'!G66 -> 19 | X25: ='22'!G67 -> 0 | Y25: =V25+W25+X25 -> 119 | Z25: ='22'!G84 -> 23.99 | AA25: ='22'!G85 -> -0.41 | AB25: ='22'!G86 -> 16.99 | AC25: ='22'!G87 -> 0.6 | AD25: =Z25+AA25+AB25+AC25 -> 41.17 | AE25: =AU25+AV25+BE25+BF25 -> 8692.71 | AF25: =AE25/AD25 -> 211.14185 | AG25: ='22'!G88 -> 0.19 | AH25: ='22'!G89 -> 8.98 | AI25: ='22'!G90 -> 9.65 | AJ25: =AG25+AH25+AI25 -> 18.82 | AK25: ='22'!G91 -> 0 | AL25: ='22'!G92 -> 10.32 | AN25: =AK25+AL25 -> 10.32 | AO25: ='22'!G74 -> 299.88 | AP25: ='22'!G35 -> 0 | AQ25: ='22'!G37 -> 1658.74 | AR25: ='22'!G38 -> 2286.4 | AS25: ='22'!G39 -> 3040.24 | AT25: ='22'!G40 -> 327.42 | AU25: ='22'!G41 -> 5996.27 | AV25: ='22'!G42 -> 0 | AW25: ='22'!G43 -> 0.03 | AX25: ='22'!G44 -> 0 | AY25: ='22'!G36 -> 719.92 | AZ25: ='22'!G49 -> 3530.44 | BA25: ='22'!G51 -> 0 | BB25: ='22'!G52 -> 0 | BC25: ='22'!G53 -> 0 | BD25: ='22'!G54 -> 352.22 | BE25: ='22'!G55 -> 2663.24 | BF25: ='22'!G56 -> 33.2 | BG25: ='22'!G57 -> 3050.03 | BH25: ='22'!G50 -> 1142.5 | BI25: =SUM(AU25,AV25,BE25,BF25) -> 8692.71 | BJ25: ='22'!G133 -> 605.14 | BK25: =SUM(AP25,AU25,AV25,AW25,AZ25,BE25,BF25,BG25)/H25% -> 54.300885 | BL25: =SUM(AS25,BC25)/H25% -> 10.808974 | BM25: =(AR25+BB25)/H25 -> 0.081288442 | BN25: =J25+N25+Q25+U25 -> 334160.08 | BO25: =SUM(AU25,AV25,AW25,BE25,BF25,BG25,BJ25) -> 12347.91 | BP25: =BO25/(AD25*280) -> 1.0711605
A26: 23 | B26: 23 | D26: ='23'!D3 -> 29 | E26: ='23'!D4 -> 0.79 | F26: ='23'!D2 -> 0.99 | G26: ='23'!G7 -> 27010.54 | H26: ='23'!G8 -> 27477.64 | I26: 9 | J26: =H26*I26 -> 247298.76 | K26: =H26/202 -> 136.02792 | L26: ='23'!G15 -> 974.47 | M26: 56.2 | N26: =L26*M26 -> 54765.214 | O26: ='23'!G20 -> 182 | P26: 108 | Q26: =O26*P26 -> 19656 | R26: =O26/(F26*202/100) -> 91.009101 | S26: ='23'!G24 -> 0 | T26: 69 | U26: =S26*T26 -> 0 | V26: ='23'!G65 -> 119 | W26: ='23'!G66 -> 20 | X26: ='23'!G67 -> 0 | Y26: =V26+W26+X26 -> 139 | Z26: ='23'!G84 -> -0.23 | AA26: ='23'!G85 -> 14.1 | AB26: ='23'!G86 -> 24.07 | AC26: ='23'!G87 -> -0.04 | AD26: =Z26+AA26+AB26+AC26 -> 37.9 | AE26: =AU26+AV26+BE26+BF26 -> 7278.67 | AF26: =AE26/AD26 -> 192.04934 | AG26: ='23'!G88 -> 0 | AH26: ='23'!G89 -> 9.65 | AI26: ='23'!G90 -> 10.38 | AJ26: =AG26+AH26+AI26 -> 20.03 | AK26: ='23'!G91 -> 0 | AL26: ='23'!G92 -> 10.04 | AN26: =AK26+AL26 -> 10.04 | AO26: ='23'!G74 -> 288.39 | AP26: ='23'!G35 -> 0 | AQ26: ='23'!G37 -> 1637.11 | AR26: ='23'!G38 -> 2279.84 | AS26: ='23'!G39 -> 3028.12 | AT26: ='23'!G40 -> 319.03 | AU26: ='23'!G41 -> 91.17 | AV26: ='23'!G42 -> 3240.72 | AW26: ='23'!G43 -> 0 | AX26: ='23'!G44 -> 0 | AY26: ='23'!G36 -> 775.08 | AZ26: ='23'!G49 -> 3675.16 | BA26: ='23'!G51 -> 0 | BB26: ='23'!G52 -> 0 | BC26: ='23'!G53 -> 0 | BD26: ='23'!G54 -> 350.22 | BE26: ='23'!G55 -> 3945.6 | BF26: ='23'!G56 -> 1.18 | BG26: ='23'!G57 -> 3016.63 | BH26: ='23'!G50 -> 1188.28 | BI26: =SUM(AU26,AV26,BE26,BF26) -> 7278.67 | BJ26: ='23'!G133 -> 607.44 | BK26: =SUM(AP26,AU26,AV26,AW26,AZ26,BE26,BF26,BG26)/H26% -> 50.843013 | BL26: =SUM(AS26,BC26)/H26% -> 11.020306 | BM26: =(AR26+BB26)/H26 -> 0.082970735 | BN26: =J26+N26+Q26+U26 -> 321719.97 | BO26: =SUM(AU26,AV26,AW26,BE26,BF26,BG26,BJ26) -> 10902.74 | BP26: =BO26/(AD26*280) -> 1.0273973
A27: 24 | B27: 24 | D27: ='24'!D3 -> 29 | E27: ='24'!D4 -> 0.79 | F27: ='24'!D2 -> 1 | G27: ='24'!G7 -> 27507.16 | H27: ='24'!G8 -> 27996.88 | I27: 9 | J27: =H27*I27 -> 251971.92 | K27: =H27/202 -> 138.59842 | L27: ='24'!G15 -> 960.95 | M27: 56.2 | N27: =L27*M27 -> 54005.39 | O27: ='24'!G20 -> 233 | P27: 108 | Q27: =O27*P27 -> 25164 | R27: =O27/(F27*202/100) -> 115.34653 | S27: ='24'!G24 -> 0 | T27: 69 | U27: =S27*T27 -> 0 | V27: ='24'!G65 -> 97 | W27: ='24'!G66 -> 19 | X27: ='24'!G67 -> 0 | Y27: =V27+W27+X27 -> 116 | Z27: ='24'!G84 -> 0 | AA27: ='24'!G85 -> 24.07 | AB27: ='24'!G86 -> 17.11 | AC27: ='24'!G87 -> 0.05 | AD27: =Z27+AA27+AB27+AC27 -> 41.23 | AE27: =AU27+AV27+BE27+BF27 -> 8471.26 | AF27: =AE27/AD27 -> 205.4635 | AG27: ='24'!G88 -> 0 | AH27: ='24'!G89 -> 9.76 | AI27: ='24'!G90 -> 10.6 | AJ27: =AG27+AH27+AI27 -> 20.36 | AK27: ='24'!G91 -> 0 | AL27: ='24'!G92 -> 10.05 | AN27: =AK27+AL27 -> 10.05 | AO27: ='24'!G74 -> 288.49 | AP27: ='24'!G35 -> 0 | AQ27: ='24'!G37 -> 1628.05 | AR27: ='24'!G38 -> 2248.52 | AS27: ='24'!G39 -> 2993.44 | AT27: ='24'!G40 -> 298.78 | AU27: ='24'!G41 -> 0 | AV27: ='24'!G42 -> 5814.8 | AW27: ='24'!G43 -> 0 | AX27: ='24'!G44 -> 0 | AY27: ='24'!G36 -> 820.62 | AZ27: ='24'!G49 -> 3671.16 | BA27: ='24'!G51 -> 0 | BB27: ='24'!G52 -> 0 | BC27: ='24'!G53 -> 0 | BD27: ='24'!G54 -> 355.61 | BE27: ='24'!G55 -> 2656.46 | BF27: ='24'!G56 -> 0 | BG27: ='24'!G57 -> 3230.14 | BH27: ='24'!G50 -> 1022.72 | BI27: =SUM(AU27,AV27,BE27,BF27) -> 8471.26 | BJ27: ='24'!G133 -> 612.46 | BK27: =SUM(AP27,AU27,AV27,AW27,AZ27,BE27,BF27,BG27)/H27% -> 54.908118 | BL27: =SUM(AS27,BC27)/H27% -> 10.692049 | BM27: =(AR27+BB27)/H27 -> 0.080313235 | BN27: =J27+N27+Q27+U27 -> 331141.31 | BO27: =SUM(AU27,AV27,AW27,BE27,BF27,BG27,BJ27) -> 12313.86 | BP27: =BO27/(AD27*280) -> 1.0666522
A28: 25 | B28: 25 | D28: ='25'!D3 -> 28 | E28: ='25'!D4 -> 0.79 | F28: ='25'!D2 -> 0.98 | G28: ='25'!G7 -> 27558.61 | H28: ='25'!G8 -> 28030.37 | I28: 9 | J28: =H28*I28 -> 252273.33 | K28: =H28/202 -> 138.76421 | L28: ='25'!G15 -> 1006.85 | M28: 56.2 | N28: =L28*M28 -> 56584.97 | O28: ='25'!G20 -> 210 | P28: 108 | Q28: =O28*P28 -> 22680 | R28: =O28/(F28*202/100) -> 106.08204 | S28: ='25'!G24 -> 0 | T28: 69 | U28: =S28*T28 -> 0 | V28: ='25'!G65 -> 103 | W28: ='25'!G66 -> 16 | X28: ='25'!G67 -> -1 | Y28: =V28+W28+X28 -> 118 | Z28: ='25'!G84 -> 0 | AA28: ='25'!G85 -> 16.68 | AB28: ='25'!G86 -> 23.68 | AC28: ='25'!G87 -> 0 | AD28: =Z28+AA28+AB28+AC28 -> 40.36 | AE28: =AU28+AV28+BE28+BF28 -> 3765.12 | AF28: =AE28/AD28 -> 93.288404 | AG28: ='25'!G88 -> 0 | AH28: ='25'!G89 -> 10.06 | AI28: ='25'!G90 -> 10.76 | AJ28: =AG28+AH28+AI28 -> 20.82 | AK28: ='25'!G91 -> 0 | AL28: ='25'!G92 -> 10.95 | AN28: =AK28+AL28 -> 10.95 | AO28: ='25'!G74 -> 282.32 | AP28: ='25'!G35 -> -0.95 | AQ28: ='25'!G37 -> 1600.6 | AR28: ='25'!G38 -> 2187.64 | AS28: ='25'!G39 -> 2960.16 | AT28: ='25'!G40 -> 293.88 | AU28: ='25'!G41 -> 0 | AW28: ='25'!G43 -> 0 | AX28: ='25'!G44 -> 0 | AY28: ='25'!G36 -> 981.96 | AZ28: ='25'!G49 -> 3608.72 | BA28: ='25'!G51 -> 0 | BB28: ='25'!G52 -> 0 | BC28: ='25'!G53 -> 0 | BD28: ='24'!G54 -> 355.61 | BE28: ='25'!G55 -> 3765.12 | BF28: ='25'!G56 -> 0 | BG28: ='25'!G57 -> 3334.11 | BH28: ='25'!G50 -> 1015.56 | BI28: =SUM(AU28,AV28,BE28,BF28) -> 3765.12 | BJ28: ='25'!G133 -> 604.26 | BK28: =SUM(AP28,AU28,AV28,AW28,AZ28,BE28,BF28,BG28)/H28% -> 38.197855 | BL28: =SUM(AS28,BC28)/H28% -> 10.560546 | BM28: =(AR28+BB28)/H28 -> 0.078045349 | BN28: =J28+N28+Q28+U28 -> 331538.3 | BO28: =SUM(AU28,AV28,AW28,BE28,BF28,BG28,BJ28) -> 7703.49 | BP28: =BO28/(AD28*280) -> 0.68167652
A29: 26 | B29: 26 | D29: ='26'!D3 -> 28 | E29: ='26'!D4 -> 0.79 | F29: ='26'!D2 -> 1 | G29: ='26'!G7 -> 26900.4 | H29: ='26'!G8 -> 27370 | I29: 9 | J29: =H29*I29 -> 246330 | K29: =H29/202 -> 135.49505 | L29: ='26'!G15 -> 1100 | M29: 56.2 | N29: =L29*M29 -> 61820 | O29: ='26'!G20 -> 212 | P29: 108 | Q29: =O29*P29 -> 22896 | R29: =O29/(F29*202/100) -> 104.9505 | S29: ='26'!G24 -> 0 | T29: 69 | U29: =S29*T29 -> 0 | V29: ='26'!G65 -> 98 | W29: ='26'!G66 -> 21 | X29: ='26'!G67 -> 0 | Y29: =V29+W29+X29 -> 119 | Z29: ='26'!G84 -> 0 | AA29: ='26'!G85 -> 24.3 | AB29: ='26'!G86 -> 19.4 | AC29: ='26'!G87 -> 0 | AD29: =Z29+AA29+AB29+AC29 -> 43.7 | AE29: =AU29+AV29+BE29+BF29 -> 8322.78 | AF29: =AE29/AD29 -> 190.45263 | AG29: ='26'!G88 -> 0 | AH29: ='26'!G89 -> 9.98 | AI29: ='26'!G90 -> 2.88 | AJ29: =AG29+AH29+AI29 -> 12.86 | AK29: ='26'!G91 -> 0 | AL29: ='26'!G92 -> 8.76 | AN29: =AK29+AL29 -> 8.76 | AO29: ='26'!G74 -> 289.94 | AP29: ='26'!G35 -> 0 | AQ29: ='26'!G37 -> 1521.06 | AR29: ='26'!G38 -> 2136.88 | AS29: ='26'!G39 -> 3027.32 | AT29: ='26'!G40 -> 306.8 | AU29: ='26'!G41 -> 0 | AV29: ='26'!G42 -> 5534 | AW29: ='26'!G43 -> 0 | AX29: ='26'!G44 -> 0 | AY29: ='26'!G36 -> 727.58 | AZ29: ='26'!G49 -> 3670.08 | BA29: ='26'!G51 -> 0 | BB29: ='26'!G52 -> 0 | BC29: ='26'!G53 -> 0 | BD29: ='26'!G54 -> 353.41 | BE29: ='26'!G55 -> 2788.78 | BF29: ='26'!G56 -> 0 | BG29: ='26'!G57 -> 3246.99 | BH29: ='26'!G50 -> 982.64 | BI29: =SUM(AU29,AV29,BE29,BF29) -> 8322.78 | BJ29: ='26'!G133 -> 610.78 | BK29: =SUM(AP29,AU29,AV29,AW29,AZ29,BE29,BF29,BG29)/H29% -> 55.680855 | BL29: =SUM(AS29,BC29)/H29% -> 11.060723 | BM29: =(AR29+BB29)/H29 -> 0.078073803 | BN29: =J29+N29+Q29+U29 -> 331046 | BO29: =SUM(AU29,AV29,AW29,BE29,BF29,BG29,BJ29) -> 12180.55 | BP29: =BO29/(AD29*280) -> 0.99546829
A30: 27 | B30: 27 | D30: ='27'!D3 -> 32 | E30: ='27'!D4 -> 0.76 | F30: ='27'!D2 -> 0.76 | G30: ='27'!G7 -> 26119.5 | H30: ='27'!G8 -> 26539.7 | I30: 9 | J30: =H30*I30 -> 238857.3 | K30: =H30/202 -> 131.38465 | L30: ='27'!G15 -> 847.96 | M30: 56.2 | N30: =L30*M30 -> 47655.352 | O30: ='27'!G20 -> 208 | P30: 108 | Q30: =O30*P30 -> 22464 | R30: =O30/(F30*202/100) -> 135.48723 | S30: ='27'!G24 -> 0 | T30: 69 | U30: =S30*T30 -> 0 | V30: ='27'!G65 -> 77 | W30: ='27'!G66 -> 18 | X30: ='27'!G67 -> 0 | Y30: =V30+W30+X30 -> 95 | Z30: ='27'!G84 -> 0 | AA30: ='27'!G85 -> 14.98 | AB30: ='27'!G86 -> 23.6 | AC30: ='27'!G87 -> 0 | AD30: =Z30+AA30+AB30+AC30 -> 38.58 | AE30: =AU30+AV30+BE30+BF30 -> 7334.73 | AF30: =AE30/AD30 -> 190.11742 | AG30: ='27'!G88 -> 0 | AH30: ='27'!G89 -> 9.17 | AI30: ='27'!G90 -> 10.89 | AJ30: =AG30+AH30+AI30 -> 20.06 | AK30: ='27'!G91 -> 0 | AL30: ='27'!G92 -> 9.74 | AN30: =AK30+AL30 -> 9.74 | AO30: ='27'!G74 -> 285.04 | AP30: ='27'!G35 -> 0 | AQ30: ='27'!G37 -> 1542.64 | AR30: ='27'!G38 -> 2060.92 | AS30: ='27'!G39 -> 2936.48 | AT30: ='27'!G40 -> 349.61 | AU30: ='27'!G41 -> 0 | AV30: ='27'!G42 -> 3519.44 | AW30: ='27'!G43 -> 0 | AX30: ='27'!G44 -> 0 | AY30: ='27'!G36 -> 658.64 | AZ30: ='27'!G49 -> 3533.56 | BA30: ='27'!G51 -> 0 | BB30: ='27'!G52 -> 0 | BC30: ='27'!G53 -> 0 | BD30: ='27'!G54 -> 348.88 | BE30: ='27'!G55 -> 3815.29 | BF30: ='27'!G56 -> 0 | BG30: ='27'!G57 -> 3128.27 | BH30: ='27'!G50 -> 977.12 | BI30: =SUM(AU30,AV30,BE30,BF30) -> 7334.73 | BJ30: ='27'!G133 -> 602.26 | BK30: =SUM(AP30,AU30,AV30,AW30,AZ30,BE30,BF30,BG30)/H30% -> 52.7382 | BL30: =SUM(AS30,BC30)/H30% -> 11.064481 | BM30: =(AR30+BB30)/H30 -> 0.077654231 | BN30: =J30+N30+Q30+U30 -> 308976.65 | BO30: =SUM(AU30,AV30,AW30,BE30,BF30,BG30,BJ30) -> 11065.26 | BP30: =BO30/(AD30*280) -> 1.0243335
A31: 28 | B31: 28 | D31: ='28'!D3 -> 32 | E31: ='28'!D4 -> 0.7 | F31: ='28'!D2 -> 0.8 | G31: ='28'!G7 -> 27825.05 | H31: ='28'!G8 -> 28321.69 | I31: 9 | J31: =H31*I31 -> 254895.21 | K31: =H31/202 -> 140.20639 | L31: ='28'!G15 -> 982.03 | M31: 56.2 | N31: =L31*M31 -> 55190.086 | O31: ='28'!G20 -> 188 | P31: 108 | Q31: =O31*P31 -> 20304 | R31: =O31/(F31*202/100) -> 116.33663 | S31: ='28'!G24 -> 0 | T31: 69 | U31: =S31*T31 -> 0 | V31: ='28'!G65 -> 91 | W31: ='28'!G66 -> 16 | X31: ='28'!G67 -> 0 | Y31: =V31+W31+X31 -> 107 | Z31: ='28'!G84 -> 0 | AA31: ='28'!G85 -> 24.25 | AB31: ='28'!G86 -> 19.56 | AC31: ='28'!G87 -> 0 | AD31: =Z31+AA31+AB31+AC31 -> 43.81 | AE31: =AU31+AV31+BE31+BF31 -> 8796.69 | AF31: =AE31/AD31 -> 200.79183 | AG31: ='28'!G88 -> 0.26 | AH31: ='28'!G89 -> 9.25 | AI31: ='28'!G90 -> 10.63 | AJ31: =AG31+AH31+AI31 -> 20.14 | AK31: ='28'!G91 -> 10.04 | AL31: ='28'!G92 -> 0.29 | AN31: =AK31+AL31 -> 10.33 | AO31: ='28'!G74 -> 283.77 | AP31: ='28'!G35 -> 0 | AQ31: ='28'!G37 -> 1587.22 | AR31: ='28'!G38 -> 2172.44 | AS31: ='28'!G39 -> 2949.12 | AT31: ='28'!G40 -> 394.87 | AU31: ='28'!G41 -> 0 | AV31: ='28'!G42 -> 5879.52 | AW31: ='28'!G43 -> -0.03 | AX31: ='28'!G44 -> 0 | AY31: ='28'!G36 -> 890.66 | AZ31: ='28'!G49 -> 3748.16 | BA31: ='28'!G51 -> 0 | BB31: ='28'!G52 -> 0 | BC31: ='28'!G53 -> 0 | BD31: ='28'!G54 -> 354.2 | BE31: ='28'!G55 -> 2917.17 | BF31: ='28'!G56 -> 0 | BG31: ='28'!G57 -> 3156.94 | BH31: ='28'!G50 -> 1071.88 | BI31: =SUM(AU31,AV31,BE31,BF31) -> 8796.69 | BJ31: ='28'!G133 -> 612.46 | BK31: =SUM(AP31,AU31,AV31,AW31,AZ31,BE31,BF31,BG31)/H31% -> 55.440759 | BL31: =SUM(AS31,BC31)/H31% -> 10.412938 | BM31: =(AR31+BB31)/H31 -> 0.076705875 | BN31: =J31+N31+Q31+U31 -> 330389.3 | BO31: =SUM(AU31,AV31,AW31,BE31,BF31,BG31,BJ31) -> 12566.06 | BP31: =BO31/(AD31*280) -> 1.0243959
A32: 29 | B32: 29 | D32: ='29'!D3 -> 27 | E32: ='29'!D4 -> 0.79 | F32: ='29'!D2 -> 1 | G32: ='29'!G7 -> 28300 | H32: ='29'!G8 -> 28500 | I32: 9 | J32: =H32*I32 -> 256500 | K32: =H32/202 -> 141.08911 | L32: ='29'!G15 -> 1100 | M32: 56.2 | N32: =L32*M32 -> 61820 | O32: ='29'!G20 -> -433 | P32: 108 | Q32: =O32*P32 -> -46764 | R32: =O32/(F32*202/100) -> -214.35644 | S32: ='29'!G24 -> 0 | T32: 69 | U32: =S32*T32 -> 0 | V32: ='29'!G65 -> -3369 | W32: ='29'!G66 -> -701 | X32: ='29'!G67 -> -542 | Y32: =V32+W32+X32 -> -4612 | Z32: ='29'!G84 -> -306 | AA32: ='29'!G85 -> -555.19 | AB32: ='29'!G86 -> -371.1 | AC32: ='29'!G87 -> -29.05 | AD32: =Z32+AA32+AB32+AC32 -> -1261.34 | AE32: =AU32+AV32+BE32+BF32 -> -267765.74 | AF32: =AE32/AD32 -> 212.28673 | AG32: ='29'!G88 -> -59.04 | AH32: ='29'!G89 -> -301.35 | AI32: ='29'!G90 -> -189.86 | AJ32: =AG32+AH32+AI32 -> -550.25 | AK32: ='29'!G91 -> -10.04 | AL32: ='29'!G92 -> -306.95 | AN32: =AK32+AL32 -> -316.99 | AO32: ='29'!G74 -> -9124.45 | AP32: ='29'!G35 -> 0.95 | AQ32: ='29'!G37 -> -50958.47 | AR32: ='29'!G38 -> -70561.79 | AS32: ='29'!G39 -> -91400.79 | AT32: ='29'!G40 -> -9549.68 | AU32: ='29'!G41 -> -73983.41 | AV32: ='29'!G42 -> -132759.03 | AW32: ='29'!G43 -> 0 | AX32: ='29'!G44 -> 0 | AY32: ='29'!G36 -> -26275.79 | AZ32: ='29'!G49 -> -111663.35 | BA32: ='29'!G51 -> 0 | BB32: ='29'!G52 -> 0 | BC32: ='29'!G53 -> 0 | BD32: ='29'!G54 -> -12740.79 | BE32: ='29'!G55 -> -57026.17 | BF32: ='29'!G56 -> -3997.13 | BG32: ='29'!G57 -> -95136.39 | BH32: ='29'!G50 -> -33221.11 | BI32: =SUM(AU32,AV32,BE32,BF32) -> -267765.74 | BJ32: ='29'!G133 -> -22330.71 | BK32: =SUM(AP32,AU32,AV32,AW32,AZ32,BE32,BF32,BG32)/H32% -> -1665.1387 | BL32: =SUM(AS32,BC32)/H32% -> -320.70453 | BM32: =(AR32+BB32)/H32 -> -2.4758523 | BN32: =J32+N32+Q32+U32 -> 271556 | BO32: =SUM(AU32,AV32,AW32,BE32,BF32,BG32,BJ32) -> -385232.84 | BP32: =BO32/(AD32*280) -> 1.0907698
A33: 30 | B33: 30 | D33: ='30'!D3 -> 31 | E33: ='30'!D4 -> 0.78 | F33: ='30'!D2 -> 0.73 | G33: ='30'!G7 -> 28300 | H33: ='30'!G8 -> 28500 | I33: 9 | J33: =H33*I33 -> 256500 | K33: =H33/202 -> 141.08911 | L33: ='30'!G15 -> 1100 | M33: 56.2 | N33: =L33*M33 -> 61820 | O33: ='30'!G20 -> 285 | P33: 108 | Q33: =O33*P33 -> 30780 | R33: =O33/(F33*202/100) -> 193.27275 | S33: ='30'!G24 -> 0 | T33: 69 | U33: =S33*T33 -> 0 | V33: ='30'!G65 -> 105 | W33: ='30'!G66 -> 21 | X33: ='30'!G67 -> 71 | Y33: =V33+W33+X33 -> 197 | Z33: ='30'!G84 -> 0 | AA33: ='30'!G85 -> 23.66 | AB33: ='30'!G86 -> 18.54 | AC33: ='30'!G87 -> 0 | AD33: =Z33+AA33+AB33+AC33 -> 42.2 | AE33: =AU33+AV33+BE33+BF33 -> 8492 | AF33: =AE33/AD33 -> 201.23223 | AG33: ='30'!G88 -> 0 | AH33: ='30'!G89 -> 9.57 | AI33: ='30'!G90 -> 10.67 | AJ33: =AG33+AH33+AI33 -> 20.24 | AK33: ='30'!G91 -> -0.35 | AL33: ='30'!G92 -> 11.26 | AN33: =AK33+AL33 -> 10.91 | AO33: ='30'!G74 -> 329 | AP33: ='30'!G35 -> 0 | AQ33: ='30'!G37 -> 1641 | AR33: ='30'!G38 -> 2258 | AS33: ='30'!G39 -> 2936 | AT33: ='30'!G40 -> 169.7 | AU33: ='30'!G41 -> 0 | AV33: ='30'!G42 -> 5763 | AW33: ='30'!G43 -> 0 | AX33: ='30'!G44 -> 0 | AY33: ='30'!G36 -> 925 | AZ33: ='30'!G49 -> 4146 | BA33: ='30'!G51 -> -0.32 | BB33: ='30'!G52 -> 0 | BC33: ='30'!G53 -> 0 | BD33: ='30'!G54 -> 498.1 | BE33: ='30'!G55 -> 2729 | BF33: ='30'!G56 -> 0 | BG33: ='30'!G57 -> 2519.05 | BH33: ='30'!G50 -> 1233 | BI33: =SUM(AU33,AV33,BE33,BF33) -> 8492 | BJ33: ='30'!G133 -> 830 | BK33: =SUM(AP33,AU33,AV33,AW33,AZ33,BE33,BF33,BG33)/H33% -> 53.182632 | BL33: =SUM(AS33,BC33)/H33% -> 10.301754 | BM33: =(AR33+BB33)/H33 -> 0.07922807 | BN33: =J33+N33+Q33+U33 -> 349100 | BO33: =SUM(AU33,AV33,AW33,BE33,BF33,BG33,BJ33) -> 11841.05 | BP33: =BO33/(AD33*280) -> 1.00212
A34: 31 | B34: 31 | D34: 30 | E34: ='30'!D5 -> Unit | F34: ='30'!D3 -> 31 | G34: ='31'!G7 -> 28300 | H34: ='31'!G8 -> 28500 | I34: 9 | J34: =H34*I34 -> 256500 | K34: =H34/202 -> 141.08911 | L34: ='31'!G15 -> 1100 | M34: 56.2 | N34: =L34*M34 -> 61820 | O34: ='31'!G20 -> 350 | P34: 108 | Q34: =O34*P34 -> 37800 | R34: =O34/(F34*202/100) -> 5.5892686 | S34: ='30'!G25 -> 0 | T34: 70 | U34: =S34*T34 -> 0 | V34: ='31'!G65 -> 105 | W34: ='31'!G66 -> 22 | X34: ='31'!G67 -> 69 | Y34: =V34+W34+X34 -> 196 | Z34: ='31'!G84 -> 0 | AA34: ='31'!G85 -> 24 | AB34: ='31'!G86 -> 18 | AC34: ='31'!G87 -> 0 | AD34: =Z34+AA34+AB34+AC34 -> 42 | AE34: =AU34+AV34+BE34+BF34 -> 8088 | AF34: =AE34/AD34 -> 192.57143 | AG34: ='31'!G88 -> 9.52 | AH34: ='31'!G89 -> 11.39 | AI34: ='31'!G90 -> 0 | AJ34: =AG34+AH34+AI34 -> 20.91 | AK34: ='31'!G91 -> 0 | AL34: ='31'!G92 -> 11.15 | AN34: =AK34+AL34 -> 11.15 | AO34: ='31'!G74 -> 324 | AP34: ='31'!G35 -> 0 | AQ34: ='31'!G37 -> 1790 | AR34: ='31'!G38 -> 2284 | AS34: ='31'!G39 -> 3217 | AT34: ='31'!G40 -> 280 | AU34: ='31'!G41 -> 0 | AV34: ='31'!G42 -> 5157 | AW34: ='31'!G43 -> 0 | AX34: ='31'!G44 -> 0 | AY34: ='31'!G36 -> 797 | AZ34: ='31'!G49 -> 3730 | BA34: ='31'!G51 -> 0 | BB34: ='31'!G52 -> 0 | BC34: ='31'!G53 -> 0 | BD34: ='31'!G54 -> 484.4 | BE34: ='31'!G55 -> 2931 | BF34: ='31'!G56 -> 0 | BG34: ='31'!G57 -> 2524 | BH34: ='31'!G50 -> 933 | BI34: =SUM(AU34,AV34,BE34,BF34) -> 8088 | BJ34: ='31'!G133 -> 849 | BK34: =SUM(AP34,AU34,AV34,AW34,AZ34,BE34,BF34,BG34)/H34% -> 50.322807 | BL34: =SUM(AS34,BC34)/H34% -> 11.287719 | BM34: =(AR34+BB34)/H34 -> 0.080140351 | BN34: =J34+N34+Q34+U34 -> 356120 | BO34: =SUM(AU34,AV34,AW34,BE34,BF34,BG34,BJ34) -> 11461 | BP34: =BO34/(AD34*280) -> 0.97457483
A35: Total | D35: =AVERAGE(D4:D34) -> 28.967742 | F35: =AVERAGE(F4:F34) -> 1.7936548 | G35: =SUM(G4:G34) -> 862555.95 | H35: =SUM(H4:H34) -> 885354.49 | I35: 9 | J35: =SUM(J4:J34) -> 7968190.4 | K35: =SUM(K4:K34) -> 4382.943 | L35: =SUM(L4:L34) -> 32296.29 | M35: =SUM(M4:M34) -> 1742.2 | N35: =SUM(N4:N34) -> 1815051.5 | O35: =SUM(O4:O34) -> 7406 | P35: =SUM(P4:P34) -> 3348 | Q35: =SUM(Q4:Q34) -> 799848 | ... BN35: =SUM(BN4:BN34) -> 10583090 | BO35: =SUM(AU35,AV35,AW35,BE35,BF35,BG35,BJ35) -> -10636.27 | BP35: =BO35/(AD35*280) -> #DIV/0!
B36: =B18-B17 -> 1 | C36: =C18-C17 -> 0 | D36: =D18-D17 -> 0 | E36: =E18-E17 -> 0 | F36: =F18-F17 -> 0.03 | H36: =H18-H17 -> -590 | I36: =I18-I17 -> 0 | J36: =J18-J17 -> -5310 | K36: =K18-K17 -> -2.9207921 | L36: =L18-L17 -> 21 | M36: =M18-M17 -> 0 | N36: =N18-N17 -> 1180.2 | O36: =O18-O17 -> -40 | ... AN36: =AN18-AN17 -> -0.24 | AP36: =AP18-AP17 -> 0 | AQ36: =AQ18-AQ17 -> -33 | AR36: =AR18-AR17 -> -94 | AS36: =AS18-AS17 -> 24 | AT36: =AT18-AT17 -> -38 | AU36: =AU18-AU17 -> -983 | AV36: =AV18-AV17 -> 1904 | AW36: =AW18-AW17 -> 0 | AZ36: =AZ18-AZ17 -> -94 | BA36: =BA18-BA17 -> 0 | BB36: =BB18-BB17 -> 0 | BC36: =BC18-BC17 -> 0 | BD36: =BD18-BD17 -> 4 | BE36: =BE18-BE17 -> 0 | BF36: =BF18-BF17 -> -579.4 | BG36: =BG18-BG17 -> 12 | BK36: =BK18-BK17 -> 2.0398858 | BL36: =BL18-BL17 -> 0.29387798 | BN36: =BN18-BN17 -> -8449.8 | BO36: =BO18-BO17 -> 324.6
F37: =AVERAGE(F4:F35) -> 1.7936548 | H37: =AVERAGE(H4:H35) -> 55334.656
B38: Guest complaint | F38: =AVERAGE(F4:F35) -> 1.7936548
BI41: =(BI31+BJ31)/400 -> 23.522875

Sheet Occupancy
B1: Hotel Paid Occupancy Occ% | C1: Room Nights | D1: Comp Night | E1: Cummulative % | F1: Total Covers Guests | G1: Total Room Nights | H1: Paid occ % | J1: KWH/Room
A2: 1 | B2: =C2/202% -> 78.712871 | C2: 159 | D2: 9 | E2: =(C2+D2)/202% -> 83.168317 | F2: 401 | G2: =C2+D2 -> 168 | H2: =C2/202% -> 78.712871 | J2: ='Section Load'!C5/G2 -> 167.01786 | K2: =10/202 -> 0.04950495
A3: 2 | B3: =C3/202% -> 76.732673 | C3: 155 | D3: 9 | E3: =(C3+D3)/202% -> 81.188119 | F3: 329 | G3: =C3+D3 -> 164 | H3: =C3/202% -> 76.732673 | J3: ='Section Load'!C6/G3 -> 174.2439
A4: 3 | B4: =C4/202% -> 78.712871 | C4: 159 | D4: 8 | E4: =(C4+D4)/202% -> 82.673267 | F4: 329 | G4: =C4+D4 -> 167 | H4: =C4/202% -> 78.712871 | J4: ='Section Load'!C7/G4 -> 172.53293 | Q4: =C2/202 -> 0.78712871
A5: 4 | B5: =C5/202% -> 67.326733 | C5: 136 | D5: 10 | E5: =(C5+D5)/202% -> 72.277228 | F5: 366 | G5: =C5+D5 -> 146 | H5: =C5/202% -> 67.326733 | J5: ='Section Load'!C8/G5 -> 194.60274
A6: 5 | B6: =C6/202% -> 38.118812 | C6: 77 | D6: 13 | E6: =(C6+D6)/202% -> 44.554455 | F6: 338 | G6: =C6+D6 -> 90 | H6: =C6/202% -> 38.118812 | J6: ='Section Load'!C9/G6 -> 311.06667
A7: 6 | B7: =C7/202% -> 71.782178 | C7: 145 | D7: 9 | E7: =(C7+D7)/202% -> 76.237624 | F7: 420 | G7: =C7+D7 -> 154 | H7: =C7/202% -> 71.782178 | J7: ='Section Load'!C10/G7 -> 197.65584
A8: 7 | B8: =C8/202% -> 75.742574 | C8: 153 | D8: 5 | E8: =(C8+D8)/202% -> 78.217822 | F8: 584 | G8: =C8+D8 -> 158 | H8: =C8/202% -> 75.742574 | J8: ='Section Load'!C11/G8 -> 180.50633
A9: 8 | B9: =C9/202% -> 76.732673 | C9: 155 | D9: 6 | E9: =(C9+D9)/202% -> 79.70297 | F9: 681 | G9: =C9+D9 -> 161 | H9: =C9/202% -> 76.732673 | J9: ='Section Load'!C12/G9 -> 156.84261
A10: 9 | B10: =C10/202% -> 77.722772 | C10: 157 | D10: 5 | E10: =(C10+D10)/202% -> 80.19802 | F10: 337 | G10: =C10+D10 -> 162 | H10: =C10/202% -> 77.722772 | J10: ='Section Load'!C13/G10 -> 190.12617 | K10: Water Tanker strike 9thMay-10-11-12 May
A11: 10 | B11: =C11/202% -> 77.722772 | C11: 157 | D11: 5 | E11: =(C11+D11)/202% -> 80.19802 | F11: 481 | G11: =C11+D11 -> 162 | H11: =C11/202% -> 77.722772 | J11: ='Section Load'!C14/G11 -> 191.41975
A12: 11 | B12: =C12/202% -> 74.752475 | C12: 151 | D12: 6 | E12: =(C12+D12)/202% -> 77.722772 | F12: 414 | G12: =C12+D12 -> 157 | H12: =C12/202% -> 74.752475 | J12: ='Section Load'!C15/G12 -> 183.12739
A13: 12 | B13: =C13/202% -> 67.326733 | C13: 136 | D13: 5 | E13: =(C13+D13)/202% -> 69.80198 | F13: 346 | G13: =C13+D13 -> 141 | H13: =C13/202% -> 67.326733 | J13: ='Section Load'!C16/G13 -> 213.30496
A14: 13 | B14: =C14/202% -> 76.237624 | C14: 154 | D14: 4 | E14: =(C14+D14)/202% -> 78.217822 | F14: 728 | G14: =C14+D14 -> 158 | H14: =C14/202% -> 76.237624 | J14: ='Section Load'!C17/G14 -> 181.85443
A15: 14 | B15: =C15/202% -> 74.752475 | C15: 151 | D15: 3 | E15: =(C15+D15)/202% -> 76.237624 | F15: 393 | G15: =C15+D15 -> 154 | H15: =C15/202% -> 74.752475 | J15: ='Section Load'!C18/G15 -> 189.94156
A16: 15 | B16: =C16/202% -> 76.237624 | C16: 154 | D16: 3 | E16: =(C16+D16)/202% -> 77.722772 | F16: 318 | G16: =C16+D16 -> 157 | H16: =C16/202% -> 76.237624 | J16: ='Section Load'!C19/G16 -> 182.55414
A17: 16 | B17: =C17/202% -> 74.257426 | C17: 150 | D17: 3 | E17: =(C17+D17)/202% -> 75.742574 | F17: 549 | G17: =C17+D17 -> 153 | H17: =C17/202% -> 74.257426 | J17: ='Section Load'!C20/G17 -> 187.11111
A18: 17 | B18: =C18/202% -> 71.287129 | C18: 144 | D18: 4 | E18: =(C18+D18)/202% -> 73.267327 | F18: 383 | G18: =C18+D18 -> 148 | H18: =C18/202% -> 71.287129 | J18: ='Section Load'!C21/G18 -> 198.59459
A19: 18 | B19: =C19/202% -> 78.712871 | C19: 159 | D19: 5 | E19: =(C19+D19)/202% -> 81.188119 | F19: 380 | G19: =C19+D19 -> 164 | H19: =C19/202% -> 78.712871 | J19: ='Section Load'!C22/G19 -> 181.42073
A20: 19 | B20: =C20/202% -> 75.247525 | C20: 152 | D20: 4 | E20: =(C20+D20)/202% -> 77.227723 | F20: 642 | G20: =C20+D20 -> 156 | H20: =C20/202% -> 75.247525 | J20: ='Section Load'!C23/G20 -> 186.33333
A21: 20 | B21: =C21/202% -> 55.940594 | C21: 113 | D21: 6 | E21: =(C21+D21)/202% -> 58.910891 | F21: 447 | G21: =C21+D21 -> 119 | H21: =C21/202% -> 55.940594 | J21: ='Section Load'!C24/G21 -> 241.29412
A22: 21 | B22: =C22/202% -> 62.871287 | C22: 127 | D22: 5 | E22: =(C22+D22)/202% -> 65.346535 | F22: 389 | G22: =C22+D22 -> 132 | H22: =C22/202% -> 62.871287 | J22: ='Section Load'!C25/G22 -> 205.20538
A23: 22 | B23: 83 | C23: 135 | D23: 4 | E23: =(C23+D23)/202% -> 68.811881 | F23: 312 | G23: =C23+D23 -> 139 | H23: =C23/202% -> 66.831683 | J23: ='Section Load'!C26/G23 -> 202.35252
A24: 23 | B24: 98 | C24: 127 | D24: 2 | E24: =(C24+D24)/202% -> 63.861386 | F24: 358 | G24: =C24+D24 -> 129 | H24: =C24/202% -> 62.871287 | J24: ='Section Load'!C27/G24 -> 213.00496
A25: 24 | B25: =C25/202% -> 59.405941 | C25: 120 | D25: 2 | E25: =(C25+D25)/202% -> 60.39604 | F25: 351 | G25: =C25+D25 -> 122 | H25: =C25/202% -> 59.405941 | J25: ='Section Load'!C28/G25 -> 229.48262
A26: 25 | B26: =C26/202% -> 59.90099 | C26: 121 | D26: 2 | E26: =(C26+D26)/202% -> 60.891089 | F26: 362 | G26: =C26+D26 -> 123 | H26: =C26/202% -> 59.90099 | J26: ='Section Load'!C29/G26 -> 227.88919
A27: 26 | B27: =C27/202% -> 46.534653 | C27: 94 | D27: 3 | E27: =(C27+D27)/202% -> 48.019802 | F27: 252 | G27: =C27+D27 -> 97 | H27: =C27/202% -> 46.534653 | J27: ='Section Load'!C30/G27 -> 282.16495
A28: 27 | B28: =C28/202% -> 50.990099 | C28: 103 | D28: 2 | E28: =(C28+D28)/202% -> 51.980198 | F28: 325 | G28: =C28+D28 -> 105 | H28: =C28/202% -> 50.990099 | J28: ='Section Load'!C31/G28 -> 252.75905
A29: 28 | B29: =C29/202% -> 62.871287 | C29: 127 | D29: 2 | E29: =(C29+D29)/202% -> 63.861386 | F29: 292 | G29: =C29+D29 -> 129 | H29: =C29/202% -> 62.871287 | J29: ='Section Load'!C32/G29 -> 219.54798
A30: 29 | B30: =C30/202% -> 0 | E30: =(C30+D30)/202% -> 0 | G30: =C30+D30 -> 0 | H30: =C30/202% -> 0 | J30: ='Section Load'!C33/G30 -> #DIV/0!
A31: 30 | B31: =C31/202% -> 0 | E31: =(C31+D31)/202% -> 0 | G31: =C31+D31 -> 0 | H31: =C31/202% -> 0 | J31: ='Section Load'!C34/G31 -> #DIV/0!
A32: 31 | B32: =C32/202% -> 0 | E32: =(C32+D32)/202% -> 0 | H32: =C32/202% -> 0 | J32: ='Section Load'!C35/G32 -> #DIV/0!
A33: Average | B33: =AVERAGE(B2:B31) -> 65.587789 | C33: 154 | D33: =AVERAGE(D2:D31) -> 5.1428571 | E33: =AVERAGE(E2:E31) -> 66.254125 | F33: =AVERAGE(F2:F31) -> 410.96429 | G33: =AVERAGE(G2:G31) -> 133.83333 | H33: =AVERAGE(H2:H31) -> 63.877888

Sheet Water Report
C3: Date | D3: 1 | E3: 2 | F3: 3 | G3: 4 | H3: 5 | I3: 6 | J3: 7 | K3: 8 | L3: 9 | M3: 10 | N3: 11 | O3: 12 | P3: 13 | Q3: 14 | R3: 15 | S3: 16 | T3: 17 | U3: 18 | V3: 19 | W3: 20 | X3: 21 | Y3: 22 | Z3: 23 | AA3: 24 | AB3: 25 | AC3: 26 | AD3: 27 | AE3: 28 | AF3: 29 | AG3: 30 | AH3: 31
C4: occupancy | D4: =Occupancy!B2 -> 78.712871 | E4: =Occupancy!B3 -> 76.732673 | F4: =Occupancy!C3 -> 155 | G4: =Occupancy!D3 -> 9 | H4: =Occupancy!E3 -> 81.188119 | I4: =Occupancy!F3 -> 329 | J4: =Occupancy!G3 -> 164 | K4: =Occupancy!H3 -> 76.732673 | L4: =Occupancy!I3 -> 0 | ... AH4: =Occupancy!AE3 -> 0
C5: Tanker | D5: ='1'!G18 -> 260 | E5: ='2'!G18 -> 260 | F5: ='3'!G18 -> 250 | G5: ='4'!G18 -> 260 | H5: ='5'!G18 -> 260 | I5: ='6'!G18 -> 300 | J5: ='7'!G18 -> 170 | K5: ='8'!G18 -> 140 | L5: ='9 taken physical reading & Adj'!G18 -> 230 | M5: ='10'!G18 -> 150 | N5: ='11'!G18 -> 310 | O5: ='12'!G18 -> 220 | P5: ='13'!G18 -> 230 | Q5: ='14'!G18 -> 240 | R5: ='15'!G18 -> 200 | S5: ='16'!G18 -> 180 | T5: ='17'!G18 -> 230 | U5: ='18 '!G18 -> 180 | V5: ='19'!G18 -> 160 | W5: ='20'!G18 -> 200 | X5: ='21'!G18 -> 210 | Y5: ='22'!G18 -> 190 | Z5: ='23'!G18 -> 130 | AA5: ='24'!G18 -> 180 | AB5: ='25'!G18 -> 210 | AC5: ='26'!G18 -> 160 | AD5: ='27'!G18 -> 160 | AE5: ='28'!G18 -> 140 | AF5: ='29'!G18 -> 300 | AG5: ='30'!G18 -> 230 | AH5: ='31'!G18 -> 300
C6: BMC | D6: ='1'!G19 -> 56 | E6: ='2'!G19 -> 56 | F6: ='3'!G19 -> 54 | G6: ='4'!G19 -> 54 | H6: ='5'!G19 -> 47 | I6: ='6'!G19 -> 55 | J6: ='7'!G19 -> 48 | K6: ='8'!G19 -> 55 | L6: ='9 taken physical reading & Adj'!G19 -> 50 | M6: ='10'!G19 -> 50 | N6: ='11'!G19 -> 50 | O6: ='12'!G19 -> 50 | P6: ='13'!G19 -> 50 | Q6: ='14'!G19 -> 50 | R6: ='15'!G19 -> 50 | S6: ='16'!G19 -> 50 | T6: ='17'!G19 -> 53 | U6: ='18 '!G19 -> 52 | V6: ='19'!G19 -> 52 | W6: ='20'!G19 -> 53 | X6: ='21'!G19 -> 53 | Y6: ='22'!G19 -> 53 | Z6: ='23'!G19 -> 52 | AA6: ='24'!G19 -> 53 | AB6: ='25'!G19 -> 0 | AC6: ='26'!G19 -> 52 | AD6: ='27'!G19 -> 48 | AE6: ='28'!G19 -> 48 | AF6: ='29'!G19 -> -733 | AG6: ='30'!G19 -> 55 | AH6: ='31'!G19 -> 50
C7: R.O. Plant Production | D7: ='1'!G62 -> 190 | E7: ='2'!G62 -> 165 | F7: ='3'!G62 -> 170 | G7: ='4'!G62 -> 200 | H7: ='5'!G62 -> 225 | I7: ='6'!G62 -> 100 | J7: ='7'!G62 -> 172.4 | K7: ='8'!G62 -> 87.6 | L7: ='9 taken physical reading & Adj'!G62 -> 127 | M7: ='10'!G62 -> 131 | N7: ='11'!G62 -> 142 | O7: ='12'!G62 -> 122 | P7: ='13'!G62 -> 133 | Q7: ='14'!G62 -> 135 | R7: ='15'!G62 -> 132 | S7: ='16'!G62 -> 123 | T7: ='17'!G62 -> 117 | U7: ='18 '!G62 -> 118 | V7: ='19'!G62 -> 116 | W7: ='20'!G62 -> 125 | X7: ='21'!G62 -> 103 | Y7: ='22'!G62 -> 95 | Z7: ='23'!G62 -> 109 | AA7: ='24'!G62 -> 103 | AB7: ='25'!G62 -> 108 | AC7: ='26'!G62 -> 82 | AD7: ='27'!G62 -> 87 | AE7: ='28'!G62 -> 87 | AF7: ='29'!G62 -> -3945 | AG7: ='30'!G62 -> 190 | AH7: ='31'!G62 -> 150
C8: STP Production | D8: ='1'!G63 -> 119 | E8: ='2'!G63 -> 136 | F8: ='3'!G63 -> 132 | G8: ='4'!G63 -> 154 | H8: ='5'!G63 -> 156 | I8: ='6'!G63 -> 153 | J8: ='7'!G63 -> 145 | K8: ='8'!G63 -> 81 | L8: ='9 taken physical reading & Adj'!G63 -> 129 | M8: ='10'!G63 -> 105 | N8: ='11'!G63 -> 121 | O8: ='12'!G63 -> 154 | P8: ='13'!G63 -> 92 | Q8: ='14'!G63 -> 152 | R8: ='15'!G63 -> 142 | S8: ='16'!G63 -> 127 | T8: ='17'!G63 -> 109 | U8: ='18 '!G63 -> 168 | V8: ='19'!G63 -> 157 | W8: ='20'!G63 -> 145 | X8: ='21'!G63 -> 115 | Y8: ='22'!G63 -> 133 | Z8: ='23'!G63 -> 136 | AA8: ='24'!G63 -> 66 | AB8: ='25'!G63 -> 114 | AC8: ='26'!G63 -> 149 | AD8: ='27'!G63 -> 131 | AE8: ='28'!G63 -> 108 | AF8: ='29'!G63 -> -3910 | AG8: ='30'!G63 -> 164 | AH8: ='31'!G63 -> 117
B9: Domestic Water | C9: Zone-1 | D9: ='1'!G65 -> 116 | E9: ='2'!G65 -> 105 | F9: ='3'!G65 -> 115 | G9: ='4'!G65 -> 132 | H9: ='5'!G65 -> 124 | I9: ='6'!G65 -> 106 | J9: ='7'!G65 -> 157 | K9: ='8'!G65 -> 92 | L9: ='9 taken physical reading & Adj'!G65 -> 119 | M9: ='10'!G65 -> 116 | N9: ='11'!G65 -> 129 | O9: ='12'!G65 -> 109 | P9: ='13'!G65 -> 136 | Q9: ='14'!G65 -> 128 | R9: ='15'!G65 -> 107 | S9: ='16'!G65 -> 123 | T9: ='17'!G65 -> 119 | U9: ='18 '!G65 -> 112 | V9: ='19'!G65 -> 110 | W9: ='20'!G65 -> 117 | X9: ='21'!G65 -> 102 | Y9: ='22'!G65 -> 100 | Z9: ='23'!G65 -> 119 | AA9: ='24'!G65 -> 97 | AB9: ='25'!G65 -> 103 | AC9: ='26'!G65 -> 98 | AD9: ='27'!G65 -> 77 | AE9: ='28'!G65 -> 91 | AF9: ='29'!G65 -> -3369 | AG9: ='30'!G65 -> 105 | AH9: ='31'!G65 -> 105
C10: Zone-2 | D10: ='1'!G66 -> 18 | E10: ='2'!G66 -> 24 | F10: ='3'!G66 -> 31 | G10: ='4'!G66 -> 31 | H10: ='5'!G66 -> 28 | I10: ='6'!G66 -> 25 | J10: ='7'!G66 -> 32 | K10: ='8'!G66 -> 25 | L10: ='9 taken physical reading & Adj'!G66 -> 31 | M10: ='10'!G66 -> 23 | N10: ='11'!G66 -> 33 | O10: ='12'!G66 -> 29 | P10: ='13'!G66 -> 23 | Q10: ='14'!G66 -> 30 | R10: ='15'!G66 -> 19 | S10: ='16'!G66 -> 22 | T10: ='17'!G66 -> 20 | U10: ='18 '!G66 -> 24 | V10: ='19'!G66 -> 23 | W10: ='20'!G66 -> 23 | X10: ='21'!G66 -> 15 | Y10: ='22'!G66 -> 19 | Z10: ='23'!G66 -> 20 | AA10: ='24'!G66 -> 19 | AB10: ='25'!G66 -> 16 | AC10: ='26'!G66 -> 21 | AD10: ='27'!G66 -> 18 | AE10: ='28'!G66 -> 16 | AF10: ='29'!G66 -> -701 | AG10: ='30'!G66 -> 21 | AH10: ='31'!G66 -> 22
C11: Zone-3 | D11: ='1'!G67 -> 67 | E11: ='2'!G67 -> 69 | F11: ='3'!G67 -> 74 | G11: ='4'!G67 -> 75 | H11: ='5'!G67 -> 60 | I11: ='6'!G67 -> 12 | J11: ='7'!G67 -> 15 | K11: ='8'!G67 -> 13 | L11: ='9 taken physical reading & Adj'!G67 -> 15 | M11: ='10'!G67 -> 2 | N11: ='11'!G67 -> 0 | O11: ='12'!G67 -> 0 | P11: ='13'!G67 -> 0 | Q11: ='14'!G67 -> 1 | R11: ='15'!G67 -> 0 | S11: ='16'!G67 -> 0 | T11: ='17'!G67 -> 0 | U11: ='18 '!G67 -> 0 | V11: ='19'!G67 -> 0 | W11: ='20'!G67 -> 0 | X11: ='21'!G67 -> 0 | Y11: ='22'!G67 -> 0 | Z11: ='23'!G67 -> 0 | AA11: ='24'!G67 -> 0 | AB11: ='25'!G67 -> -1 | AC11: ='26'!G67 -> 0 | AD11: ='27'!G67 -> 0 | AE11: ='28'!G67 -> 0 | AF11: ='29'!G67 -> -542 | AG11: ='30'!G67 -> 71 | AH11: ='31'!G67 -> 69
B13: Flushing Water | C13: Zone-1 | D13: ='1'!G68 -> 15 | E13: ='2'!G68 -> 17 | F13: ='3'!G68 -> 15 | G13: ='4'!G68 -> 29 | H13: ='5'!G68 -> 39 | I13: ='6'!G68 -> 17 | J13: ='7'!G68 -> 21 | K13: ='8'!G68 -> 31 | L13: ='9 taken physical reading & Adj'!G68 -> 40 | M13: ='10'!G68 -> 31 | N13: ='11'!G68 -> 36 | O13: ='12'!G68 -> 37 | P13: ='13'!G68 -> 38 | Q13: ='14'!G68 -> 40 | R13: ='15'!G68 -> 33 | S13: ='16'!G68 -> 24 | T13: ='17'!G68 -> 66 | U13: ='18 '!G68 -> 59 | V13: ='19'!G68 -> 45 | W13: ='20'!G68 -> 36 | X13: ='21'!G68 -> 33 | Y13: ='22'!G68 -> 51 | Z13: ='23'!G68 -> 32 | AA13: ='24'!G68 -> 38 | AB13: ='25'!G68 -> 37 | AC13: ='26'!G68 -> 55 | AD13: ='27'!G68 -> 40 | AE13: ='28'!G68 -> 39 | AF13: ='29'!G68 -> -1045 | AG13: ='30'!G68 -> 22 | AH13: ='31'!G68 -> 29
C14: Zone-2 | D14: ='1'!G69 -> 5 | E14: ='2'!G69 -> 10 | F14: ='3'!G69 -> 6 | G14: ='4'!G69 -> 28 | H14: ='5'!G69 -> 9 | I14: ='6'!G69 -> 12 | J14: ='7'!G69 -> 25 | K14: ='8'!G69 -> 8 | L14: ='9 taken physical reading & Adj'!G69 -> 8 | M14: ='10'!G69 -> 10 | N14: ='11'!G69 -> 8 | O14: ='12'!G69 -> 8 | P14: ='13'!G69 -> 7 | Q14: ='14'!G69 -> 7 | R14: ='15'!G69 -> 22 | S14: ='16'!G69 -> 6 | T14: ='17'!G69 -> 7 | U14: ='18 '!G69 -> 9 | V14: ='19'!G69 -> 11 | W14: ='20'!G69 -> 7 | X14: ='21'!G69 -> 3 | Y14: ='22'!G69 -> 5 | Z14: ='23'!G69 -> 5 | AA14: ='24'!G69 -> 4 | AB14: ='25'!G69 -> 3 | AC14: ='26'!G69 -> 6 | AD14: ='27'!G69 -> 5 | AE14: ='28'!G69 -> 3 | AF14: ='29'!G69 -> -265 | AG14: ='30'!G69 -> 9 | AH14: ='31'!G69 -> 9
C15: Zone-3 | D15: ='1'!G70 -> 24 | E15: ='2'!G70 -> 8 | F15: ='3'!G70 -> 8 | G15: ='4'!G70 -> 7 | H15: ='5'!G70 -> 6 | I15: ='6'!G70 -> 4 | J15: ='7'!G70 -> 6 | K15: ='8'!G70 -> 6 | L15: ='9 taken physical reading & Adj'!G70 -> 9 | M15: ='10'!G70 -> 15 | N15: ='11'!G70 -> 8 | O15: ='12'!G70 -> 7 | P15: ='13'!G70 -> 8 | Q15: ='14'!G70 -> 8 | R15: ='15'!G70 -> 5 | S15: ='16'!G70 -> 6 | T15: ='17'!G70 -> 6 | U15: ='18 '!G70 -> 7 | V15: ='19'!G70 -> 8 | W15: ='20'!G70 -> 20 | X15: ='21'!G70 -> 5 | Y15: ='22'!G70 -> 6 | Z15: ='23'!G70 -> 10 | AA15: ='24'!G70 -> 8 | AB15: ='25'!G70 -> 7 | AC15: ='26'!G70 -> 5 | AD15: ='27'!G70 -> 10 | AE15: ='28'!G70 -> 8 | AF15: ='29'!G70 -> -277 | AG15: ='30'!G70 -> 19 | AH15: ='31'!G70 -> 23
B17: Branches ( Domestic water ) | C17: Pool | D17: ='1'!G173 -> 1 | E17: ='2'!G173 -> 2 | F17: ='3'!G173 -> 0 | G17: ='4'!G173 -> 0 | H17: ='5'!G173 -> 0 | I17: ='6'!G173 -> 2 | J17: ='7'!G173 -> 1 | K17: ='8'!G173 -> 3 | L17: ='9 taken physical reading & Adj'!G173 -> 0 | M17: ='10'!G173 -> 2 | N17: ='11'!G173 -> 1 | O17: ='12'!G173 -> 0 | P17: ='13'!G173 -> 0 | Q17: ='14'!G173 -> 0 | R17: ='15'!G173 -> 0 | S17: ='16'!G173 -> 0 | T17: ='17'!G173 -> 0 | U17: ='18 '!G173 -> 0 | V17: ='19'!G173 -> 0 | W17: ='20'!G173 -> 0 | X17: ='21'!G173 -> 0 | Y17: ='22'!G173 -> 0 | Z17: ='23'!G173 -> 0 | AA17: ='24'!G173 -> 0 | AB17: ='25'!G173 -> 0 | AC17: ='26'!G173 -> 0 | AD17: ='27'!G173 -> 0 | AE17: ='28'!G173 -> 0 | AF17: ='29'!G173 -> 19 | AG17: ='30'!G173 -> 0 | AH17: ='31'!G173 -> 16
C18: B2 Laundry | D18: ='1'!G174 -> 14 | E18: ='2'!G174 -> 14 | F18: ='3'!G174 -> 14 | G18: ='4'!G174 -> 28 | H18: ='5'!G174 -> 0 | I18: ='6'!G174 -> 13 | J18: ='7'!G174 -> 15 | K18: ='8'!G174 -> 15 | L18: ='9 taken physical reading & Adj'!G174 -> 13 | M18: ='10'!G174 -> 17 | N18: ='11'!G174 -> 16 | O18: ='12'!G174 -> 16 | P18: ='13'!G174 -> 15 | Q18: ='14'!G174 -> 16 | R18: ='15'!G174 -> 14 | S18: ='16'!G174 -> 17 | T18: ='17'!G174 -> 14 | U18: ='18 '!G174 -> 15 | V18: ='19'!G174 -> 16 | W18: ='20'!G174 -> 14 | X18: ='21'!G174 -> 17 | Y18: ='22'!G174 -> 16 | Z18: ='23'!G174 -> 16 | AA18: ='24'!G174 -> 15 | AB18: ='25'!G174 -> 16 | AC18: ='26'!G174 -> 13 | AD18: ='27'!G174 -> 14 | AE18: ='28'!G174 -> 16 | AF18: ='29'!G174 -> -448 | AG18: ='30'!G174 -> 15 | AH18: ='31'!G174 -> 14
C19: Boiler Feed Water | D19: ='1'!G175 -> 17 | E19: ='2'!G175 -> 19 | F19: ='3'!G175 -> 17 | G19: ='4'!G175 -> 16 | H19: ='5'!G175 -> 15 | I19: ='6'!G175 -> 13 | J19: ='7'!G175 -> 14 | K19: ='8'!G175 -> 13 | L19: ='9 taken physical reading & Adj'!G175 -> 13 | M19: ='10'!G175 -> 13 | N19: ='11'!G175 -> 13 | O19: ='12'!G175 -> 14 | P19: ='13'!G175 -> 10 | Q19: ='14'!G175 -> 15 | R19: ='15'!G175 -> 14 | S19: ='16'!G175 -> 15 | T19: ='17'!G175 -> 12 | U19: ='18 '!G175 -> 14 | V19: ='19'!G175 -> 11 | W19: ='20'!G175 -> 11 | X19: ='21'!G175 -> 13 | Y19: ='22'!G175 -> 11 | Z19: ='23'!G175 -> 13 | AA19: ='24'!G175 -> 13 | AB19: ='25'!G175 -> 11 | AC19: ='26'!G175 -> 11 | AD19: ='27'!G175 -> 11 | AE19: ='28'!G175 -> 12 | AF19: ='29'!G175 -> -403 | AG19: ='30'!G175 -> 12 | AH19: ='31'!G175 -> 17
B21: Branches ( STP Water ) | C21: CT water | D21: ='1'!G178 -> 103 | E21: ='2'!G178 -> 92 | F21: ='3'!G178 -> 128 | G21: ='4'!G178 -> 71 | H21: ='5'!G178 -> 91 | I21: ='6'!G178 -> 133.7 | J21: ='7'!G178 -> 115.3 | K21: ='8'!G178 -> 106 | L21: ='9 taken physical reading & Adj'!G178 -> 137 | M21: ='10'!G178 -> 110 | N21: ='11'!G178 -> 135 | O21: ='12'!G178 -> 76 | P21: ='13'!G178 -> 78 | Q21: ='14'!G178 -> 155 | R21: ='15'!G178 -> 110 | S21: ='16'!G178 -> 87 | T21: ='17'!G178 -> 64 | U21: ='18 '!G178 -> 108 | V21: ='19'!G178 -> 111 | W21: ='20'!G178 -> 110 | X21: ='21'!G178 -> 116 | Y21: ='22'!G178 -> 115 | Z21: ='23'!G178 -> 13 | AA21: ='24'!G178 -> 86 | AB21: ='25'!G178 -> 104 | AC21: ='26'!G178 -> 77 | AD21: ='27'!G178 -> 67 | AE21: ='28'!G178 -> 85 | AF21: ='29'!G178 -> -2992 | AG21: ='30'!G178 -> 103 | AH21: ='31'!G178 -> 105
C22: STP flush | D22: ='1'!G179 -> 15 | E22: ='2'!G179 -> 0 | F22: ='3'!G179 -> 0 | G22: ='4'!G179 -> 0 | H22: ='5'!G179 -> 0 | I22: ='6'!G179 -> 0 | J22: ='7'!G179 -> 93 | K22: ='8'!G179 -> 34 | L22: ='9 taken physical reading & Adj'!G179 -> 30 | M22: ='10'!G179 -> 29 | N22: ='11'!G179 -> 1 | O22: ='12'!G179 -> 16 | P22: ='13'!G179 -> 0 | Q22: ='14'!G179 -> 0 | R22: ='15'!G179 -> 0 | S22: ='16'!G179 -> 0 | T22: ='17'!G179 -> 0 | U22: ='18 '!G179 -> 0 | V22: ='19'!G179 -> 0 | W22: ='20'!G179 -> 0 | X22: ='21'!G179 -> 0 | Y22: ='22'!G179 -> 0 | Z22: ='23'!G179 -> 0 | AA22: ='24'!G179 -> 0 | AB22: ='25'!G179 -> 0 | AC22: ='26'!G179 -> 0 | AD22: ='27'!G179 -> 0 | AE22: ='28'!G179 -> 0 | AF22: ='29'!G179 -> -227 | AG22: ='30'!G179 -> 0 | AH22: ='31'!G179 -> 9
C23: Garden | D23: ='1'!G180 -> 20 | E23: ='2'!G180 -> 7 | F23: ='3'!G180 -> 18 | G23: ='4'!G180 -> 18 | H23: ='5'!G180 -> 0 | I23: ='6'!G180 -> 5 | J23: ='7'!G180 -> 20 | K23: ='8'!G180 -> 4 | L23: ='9 taken physical reading & Adj'!G180 -> 30 | M23: ='10'!G180 -> 3 | N23: ='11'!G180 -> 4 | O23: ='12'!G180 -> 6 | P23: ='13'!G180 -> 0 | Q23: ='14'!G180 -> 2 | R23: ='15'!G180 -> 1 | S23: ='16'!G180 -> 1 | T23: ='17'!G180 -> 2 | U23: ='18 '!G180 -> 3 | V23: ='19'!G180 -> 2 | W23: ='20'!G180 -> 2 | X23: ='21'!G180 -> 0 | Y23: ='22'!G180 -> 3 | Z23: ='23'!G180 -> 5 | AA23: ='24'!G180 -> 7 | AB23: ='25'!G180 -> 8 | AC23: ='26'!G180 -> 14 | AD23: ='27'!G180 -> 5 | AE23: ='28'!G180 -> 13 | AF23: ='29'!G180 -> -224 | AG23: ='30'!G180 -> 14 | AH23: ='31'!G180 -> 7
B24: Total Tanke(RO) + BMC | D24: =SUM(D5:D6) -> 316 | E24: =SUM(E5:E6) -> 316 | F24: =SUM(F5:F6) -> 304 | G24: =SUM(G5:G6) -> 314 | H24: =SUM(H5:H6) -> 307 | I24: =SUM(I5:I6) -> 355 | J24: =SUM(J5:J6) -> 218 | K24: =SUM(K5:K6) -> 195 | ... AH24: =SUM(AH5:AH6) -> 350
B25: Domestic consumption | D25: =SUM(D9:D11,D14:D15,) -> 230 | E25: =SUM(E9:E11,E14:E15,) -> 216 | F25: =SUM(F9:F11,F14:F15,) -> 234 | G25: =SUM(G9:G11,G14:G15,) -> 273 | H25: =SUM(H9:H11,H14:H15,) -> 227 | I25: =SUM(I9:I11,I14:I15,) -> 159 | J25: =SUM(J9:J11,J14:J15,) -> 235 | K25: =SUM(K9:K11,K14:K15,) -> 144 | ... AI25: =SUM(AI9:AI11,AI14:AI15,) -> 0
B27: STP +Flush Consumption | D27: =SUM(D13,D21,D23) -> 138 | E27: =SUM(E13,E21,E23) -> 116 | F27: =SUM(F13,F21,F23) -> 161 | G27: =SUM(G13,G21,G23) -> 118 | H27: =SUM(H13,H21,H23) -> 130 | I27: =SUM(I13,I21,I23) -> 155.7 | J27: =SUM(J13,J21,J23) -> 156.3 | K27: =SUM(K13,K21,K23) -> 141 | ... AH27: =SUM(AH13,AH21,AH23) -> 141 | AI27: =SUM(AI13) -> 0
B29: BOH | D29: =D9 -> 116 | E29: =E9 -> 105 | F29: =F9 -> 115 | G29: =G9 -> 132 | H29: =H9 -> 124 | I29: =I9 -> 106 | J29: =J9 -> 157 | K29: =K9 -> 92 | ... AH29: =AH9 -> 105
B30: Guest Floor | D30: =SUM(D10:D11,D14:D15) -> 114 | E30: =SUM(E10:E11,E14:E15) -> 111 | F30: =SUM(F10:F11,F14:F15) -> 119 | G30: =SUM(G10:G11,G14:G15) -> 141 | H30: =SUM(H10:H11,H14:H15) -> 103 | I30: =SUM(I10:I11,I14:I15) -> 53 | J30: =SUM(J10:J11,J14:J15) -> 78 | K30: =SUM(K10:K11,K14:K15) -> 52 | ... AH30: =SUM(AH10:AH11,AH14:AH15) -> 123
B31: Guest floor% | D31: =D30/SUM(D29:D30)% -> 49.565217 | E31: =E30/SUM(E29:E30)% -> 51.388889 | F31: =F30/SUM(F29:F30)% -> 50.854701 | G31: =G30/SUM(G29:G30)% -> 51.648352 | H31: =H30/SUM(H29:H30)% -> 45.374449 | I31: =I30/SUM(I29:I30)% -> 33.333333 | J31: =J30/SUM(J29:J30)% -> 33.191489 | K31: =K30/SUM(K29:K30)% -> 36.111111 | ... AH31: =AH30/SUM(AH29:AH30)% -> 53.947368

Sheet Section Load
F2: Transformer -Load | N2: Electrical | AV2: Boiler Running | BB2: diff wrt feeder | BC2: Var%
AN3: Gas consumption | AU3: Boiler Running Hours
A4: Date | B4: HT Kwh | C4: HT Kvah | D4: MGL Gas | E4: Water | F4: HVAC | G4: Fire & Emergency PP | H4: Main PP | I4: Lighting PP | J4: CH-1+ CH2+CH3+CH4 | K4: Chilled water Pump | L4: Ball Room-1 | M4: Ball Room-2 | N4: MK-1 | O4: MK-2 | P4: Prato | Q4: San- Qi Indian | R4: San- Qi Japanese | S4: The club | T4: AER | U4: COLD ROOM'S | V4: Ball Room 1 | W4: Ball Room 2 | X4: B1 Laundry | Y4: B2 Laundry | Z4: STP | AA4: MOCK Up Room | AB4: 27th Floor | AC4: Physic57 | AD4: Pinoor Legal- Power+lighting | AE4: 2nd floor plant room | AF4: 5th Floor SPA | AG4: 5th Floor | AH4: 12th Floor | AI4: 20th Floor | AJ4: 27th Floor | AK4: 34th Floor | AL4: Sanqi | AM4: Cooling Tower | AN4: MGL | AO4: HWG | AP4: Prato | AQ4: BR-1 | AR4: SanQi IND | AS4: SanQi JPN | AT4: Boiler | AU4: HWG | AV4: Boiler1 | AW4: Boiler2 | AX4: Boiler3 (400Kg) | AY4: Total
A5: 1 | B5: ='1'!G7 -> 27016 | C5: ='1'!G8 -> 28059 | D5: ='1'!G15 -> 1098 | E5: ='1'!G20 -> 316 | F5: =SUM('1'!G35,'1'!G49) -> 4475 | G5: =SUM('1'!H37,'1'!H51) -> 1714.32 | H5: =SUM('1'!G38,'1'!G52) -> 2661.76 | I5: =SUM('1'!G39,'1'!G53) -> 3034 | J5: =SUM('1'!G41,'1'!G42,'1'!G55,'1'!G56) -> 8007.66 | K5: =SUM('1'!G43,'1'!G57) -> 2589 | L5: ='1'!G50 -> 815 | M5: ='1'!G36 -> 696 | N5: ='1'!G138 -> 124 | O5: ='1'!G139 -> 149 | P5: ='1'!G140 -> 14 | Q5: ='1'!G141 -> 223 | R5: ='1'!G142 -> 174 | S5: ='1'!$G$145 -> 0 | T5: ='1'!$G$146 -> 97 | U5: ='1'!$G$144 -> 251 | V5: ='1'!$G$147 -> 358 | W5: ='1'!$G$148 -> 254 | X5: ='1'!$G$143 -> 28 | Y5: ='1'!$G$58 -> 239 | Z5: ='1'!$G$151 -> 272 | AA5: ='1'!G161 -> 0 | AB5: ='1'!G162 -> 38 | AD5: ='1'!G163+'1'!G164 -> 206 | AE5: ='1'!$G$116 -> 384 | AF5: ='1'!$G$117 -> 237 | AG5: ='1'!$G$118 -> 596 | AH5: ='1'!$G$119 -> 455 | AI5: ='1'!$G$120 -> 467 | AJ5: ='1'!$G$121 -> 509 | AK5: ='1'!$G$122 -> 328 | AL5: ='1'!$G$123 -> 713 | AM5: ='1'!$G$133 -> 850 | AN5: ='1'!$G$15 -> 1098 | AO5: ='1'!$G$74 -> 328 | AP5: ='1'!$G$75 -> 0 | AQ5: ='1'!$G$76 -> 105 | AR5: ='1'!$G$77 -> 48 | AS5: ='1'!$G$78 -> 0 | AT5: =AN5-SUM(AO5:AS5) -> 617 | AU5: =SUM('1'!G91:G92) -> 11.75 | AV5: ='1'!$G$88 -> 11.12 | AW5: ='1'!$G$89 -> 11.59 | AX5: ='1'!$G$90 -> 0 | AY5: =SUM(AV5:AX5) -> 22.71 | AZ5: =AO5/AU5 -> 27.914894 | BA5: =AT5/AY5 -> 27.168648 | BB5: =C5-SUM(F5:K5,Y5) -> 5338.26 | BC5: =BB5/B5% -> 19.759624
A6: 2 | B6: ='2'!G7 -> 27481 | C6: ='2'!G8 -> 28576 | D6: ='2'!G15 -> 1043 | E6: ='2'!G20 -> 316 | F6: =SUM('2'!G35,'2'!G49) -> 3977 | G6: =SUM('2'!G37,'2'!G51) -> 1795 | H6: =SUM('2'!G38,'2'!G52) -> 2380 | I6: =SUM('2'!G39,'2'!G53) -> 2966 | J6: =SUM('2'!G41,'2'!G42,'2'!G55,'2'!G56) -> 8374 | K6: =SUM('2'!G43,'2'!G57) -> 3077 | L6: ='2'!G50 -> 850 | M6: ='2'!G36 -> 984 | N6: ='2'!G138 -> 142 | O6: ='2'!$G$139 -> 173 | P6: ='2'!$G$140 -> 14 | Q6: ='2'!$G$141 -> 192 | R6: ='2'!$G$142 -> 163 | S6: ='2'!$G$145 -> 0 | T6: ='2'!$G$146 -> 43 | U6: ='2'!$G$144 -> 236 | V6: ='2'!$G$147 -> 347 | W6: ='2'!$G$148 -> 302 | X6: ='2'!$G$143 -> 29 | Y6: ='2'!$G$58 -> 254 | Z6: ='2'!$G$151 -> 244 | AA6: ='2'!G161 -> 0 | AB6: ='2'!G162 -> 38 | AD6: ='2'!G163+'2'!G164 -> 168 | AE6: ='2'!$G$116 -> 375 | AF6: ='2'!$G$117 -> 250 | AG6: ='2'!$G$118 -> 562 | AH6: ='2'!$G$119 -> 397 | AI6: ='2'!$G$120 -> 442 | AJ6: ='2'!$G$121 -> 448 | AK6: ='2'!$G$122 -> 324 | AL6: ='2'!$G$123 -> 320 | AM6: ='2'!$G$133 -> 814 | AN6: ='2'!$G$15 -> 1043 | AO6: ='2'!$G$74 -> 331 | AP6: ='2'!$G$75 -> 0 | AQ6: ='2'!$G$76 -> 98 | AR6: ='2'!$G$77 -> 41 | AS6: ='2'!$G$78 -> 0 | AT6: =AN6-SUM(AO6:AS6) -> 573 | AU6: =SUM('2'!G91:G92) -> 11.35 | AV6: ='2'!$G$88 -> 11 | AW6: ='2'!$G$89 -> 10 | AX6: ='2'!$G$90 -> 0 | AY6: =SUM(AV6:AX6) -> 21 | AZ6: =AO6/AU6 -> 29.162996 | BA6: =AT6/AY6 -> 27.285714 | BB6: =C6-SUM(F6:K6,Y6) -> 5753 | BC6: =BB6/B6% -> 20.934464
A7: 3 | B7: ='3'!G7 -> 27665 | C7: ='3'!G8 -> 28813 | D7: ='3'!G15 -> 1104 | E7: ='3'!G20 -> 304 | F7: =SUM('3'!G35,'3'!G49) -> 3797 | G7: =SUM('3'!G37,'3'!G51) -> 1844 | H7: =SUM('3'!G38,'3'!G52) -> 2426 | I7: =SUM('3'!G39,'3'!G53) -> 2963 | J7: =SUM('3'!G41,'3'!G42,'3'!G55,'3'!G56) -> 8347 | K7: =SUM('3'!G43,'3'!G57) -> 3116 | L7: ='3'!G50 -> 1131 | M7: ='3'!G36 -> 836 | N7: ='3'!G138 -> 129 | O7: ='3'!$G$139 -> 159 | P7: ='3'!$G$140 -> 14 | Q7: ='3'!$G$141 -> 205 | R7: ='3'!$G$142 -> 163 | S7: ='3'!$G$145 -> 0 | T7: ='3'!$G$146 -> 45 | U7: ='3'!$G$144 -> 262 | V7: ='3'!$G$147 -> 390 | W7: ='3'!$G$148 -> 322 | X7: ='3'!$G$143 -> 34 | Y7: ='3'!$G$58 -> 259 | Z7: ='3'!$G$151 -> 326 | AA7: ='3'!G161 -> 0 | AB7: ='3'!G162 -> 42 | AD7: ='3'!G163+'3'!G164 -> 150 | AE7: ='3'!$G$116 -> 384 | AF7: ='3'!$G$117 -> 230 | AG7: ='3'!$G$118 -> 534 | AH7: ='3'!$G$119 -> 410 | AI7: ='3'!$G$120 -> 430 | AJ7: ='3'!$G$121 -> 482 | AK7: ='3'!$G$122 -> 332 | AL7: ='3'!$G$123 -> 327 | AM7: ='3'!$G$133 -> 869 | AN7: ='3'!$G$15 -> 1104 | AO7: ='3'!$G$74 -> 321 | AP7: ='3'!$G$75 -> 0 | AQ7: ='3'!$G$76 -> 135 | AR7: ='3'!$G$77 -> 41 | AS7: ='3'!$G$78 -> 0 | AT7: =AN7-SUM(AO7:AS7) -> 607 | AU7: =SUM('3'!G91:G92) -> 11 | AV7: ='3'!$G$88 -> 10 | AW7: ='3'!$G$89 -> 11 | AX7: ='3'!$G$90 -> -0.12 | AY7: =SUM(AV7:AX7) -> 20.88 | AZ7: =AO7/AU7 -> 29.181818 | BA7: =AT7/AY7 -> 29.070881 | BB7: =C7-SUM(F7:K7,Y7) -> 6061 | BC7: =BB7/B7% -> 21.908549
A8: 4 | B8: ='4'!G7 -> 27198 | C8: ='4'!G8 -> 28412 | D8: ='4'!G15 -> 1121 | E8: ='4'!G20 -> 314 | F8: =SUM('4'!G35,'4'!G49) -> 3536 | G8: =SUM('4'!G37,'4'!G51) -> 1755 | H8: =SUM('4'!G38,'4'!G52) -> 2483.99 | I8: =SUM('4'!G39,'4'!G53) -> 2991 | J8: =SUM('4'!G41,'4'!G42,'4'!G55,'4'!G56) -> 7679 | K8: =SUM('4'!G43,'4'!G57) -> 3137 | L8: ='4'!G50 -> 941 | M8: ='4'!G36 -> 768 | N8: ='4'!G138 -> 128 | O8: ='4'!$G$139 -> 157 | P8: ='4'!$G$140 -> 14 | Q8: ='4'!$G$141 -> 198 | R8: ='4'!$G$142 -> 166 | S8: ='4'!$G$145 -> 0 | T8: ='4'!$G$146 -> 38 | U8: ='4'!$G$144 -> 237 | V8: ='4'!$G$147 -> 399 | W8: ='4'!$G$148 -> 276 | X8: ='4'!$G$143 -> 29 | Y8: ='4'!$G$58 -> 243 | Z8: ='4'!$G$151 -> 304 | AA8: ='4'!G161 -> 0 | AB8: ='4'!G162 -> 40 | AD8: ='4'!G163+'4'!G164 -> 147 | AE8: ='4'!$G$116 -> 436 | AF8: ='4'!$G$117 -> 235 | AG8: ='4'!$G$118 -> 519 | AH8: ='4'!$G$119 -> 423 | AI8: ='4'!$G$120 -> 449 | AJ8: ='4'!$G$121 -> 489 | AK8: ='4'!$G$122 -> 325 | AL8: ='4'!$G$123 -> 326 | AM8: ='4'!$G$133 -> 863 | AN8: ='4'!$G$15 -> 1121 | AO8: ='4'!$G$74 -> 299 | AP8: ='4'!$G$75 -> 0 | AQ8: ='4'!$G$76 -> 116 | AR8: ='4'!$G$77 -> 66 | AS8: ='4'!$G$78 -> 0 | AT8: =AN8-SUM(AO8:AS8) -> 640 | AU8: =SUM('4'!G91:G92) -> 10.42 | AV8: ='4'!$G$88 -> 7.38 | AW8: ='4'!$G$89 -> 10 | AX8: ='4'!$G$90 -> 0 | AY8: =SUM(AV8:AX8) -> 17.38 | AZ8: =AO8/AU8 -> 28.694818 | BA8: =AT8/AY8 -> 36.823936 | BB8: =C8-SUM(F8:K8,Y8) -> 6587.01 | BC8: =BB8/B8% -> 24.218729
A9: 5 | B9: ='5'!G7 -> 26832 | C9: ='5'!G8 -> 27996 | D9: ='5'!G15 -> 1118 | E9: ='5'!G20 -> 307 | F9: =SUM('5'!G35,'5'!G49) -> 3453 | G9: =SUM('5'!G37,'5'!G51) -> 1723.68 | H9: =SUM('5'!G38,'5'!G52) -> 2433.01 | I9: =SUM('5'!G39,'5'!G53) -> 3013 | J9: =SUM('5'!G41,'5'!G42,'5'!G55,'5'!G56) -> 7126 | K9: =SUM('5'!G43,'5'!G57) -> 2981 | L9: ='5'!G50 -> 1674 | M9: ='5'!G36 -> 741 | N9: ='5'!G138 -> 125 | O9: ='5'!$G$139 -> 152 | P9: ='5'!$G$140 -> 12 | Q9: ='5'!$G$141 -> 211 | R9: ='5'!$G$142 -> 169 | S9: ='5'!$G$145 -> 0 | T9: ='5'!$G$146 -> 42 | U9: ='5'!$G$144 -> 248 | V9: ='5'!$G$147 -> 35 | W9: ='5'!$G$148 -> 258 | X9: ='5'!$G$143 -> 26 | Y9: ='5'!$G$58 -> 242 | Z9: ='5'!$G$151 -> 320 | AA9: ='5'!G161 -> 93 | AB9: ='5'!G162 -> 22 | AD9: ='5'!G163+'5'!G164 -> 145 | AE9: ='5'!$G$116 -> 403 | AF9: ='5'!$G$117 -> 237 | AG9: ='5'!$G$118 -> 511 | AH9: ='5'!$G$119 -> 428 | AI9: ='5'!$G$120 -> 401 | AJ9: ='5'!$G$121 -> 558 | AK9: ='5'!$G$122 -> 317 | AL9: ='5'!$G$123 -> 0 | AM9: ='5'!$G$133 -> 867 | AN9: ='5'!$G$15 -> 1118 | AO9: ='5'!$G$74 -> 323 | AP9: ='5'!$G$75 -> 0 | AQ9: ='5'!$G$76 -> 130 | AR9: ='5'!$G$77 -> 46 | AS9: ='5'!$G$78 -> 0.4 | AT9: =AN9-SUM(AO9:AS9) -> 618.6 | AU9: =SUM('5'!G91:G92) -> 11.58 | AV9: ='5'!$G$88 -> 7.62 | AW9: ='5'!$G$89 -> 11 | AX9: ='5'!$G$90 -> 0 | AY9: =SUM(AV9:AX9) -> 18.62 | AZ9: =AO9/AU9 -> 27.892919 | BA9: =AT9/AY9 -> 33.222342 | BB9: =C9-SUM(F9:K9,Y9) -> 7024.31 | BC9: =BB9/B9% -> 26.178854
A10: 6 | B10: ='6'!G7 -> 29279 | C10: ='6'!G8 -> 30439 | D10: ='6'!G15 -> 1084.6 | E10: ='6'!G20 -> 355 | F10: =SUM('6'!G35,'6'!G49) -> 3689 | G10: =SUM('6'!G37,'6'!G51) -> 1752 | H10: =SUM('6'!G38,'6'!G52) -> 2232 | I10: =SUM('6'!G39,'6'!G53) -> 2982 | J10: =SUM('6'!G41,'6'!G42,'6'!G55,'6'!G56) -> 9008 | K10: =SUM('6'!G43,'6'!G57) -> 3199.58 | L10: ='6'!G50 -> 1586 | M10: ='6'!G36 -> 1086 | N10: ='6'!G138 -> 128 | O10: ='6'!$G$139 -> 153 | P10: ='6'!$G$140 -> 15.69 | Q10: ='6'!$G$141 -> 204.9 | R10: ='6'!$G$142 -> 146.5 | S10: ='6'!$G$145 -> 0.41 | T10: ='6'!$G$146 -> 67 | U10: ='6'!$G$144 -> 241 | V10: ='6'!$G$147 -> 791.48 | W10: ='6'!$G$148 -> 300.28 | X10: ='6'!$G$143 -> 29.28 | Y10: ='6'!$G$58 -> 250.7 | Z10: ='6'!$G$151 -> 275 | AA10: ='6'!G161 -> 189.64 | AB10: ='6'!G162 -> 33.7 | AD10: ='6'!G163+'6'!G164 -> 162.4 | AE10: ='6'!$G$116 -> 425.4 | AF10: ='6'!$G$117 -> 212.3 | AG10: ='6'!$G$118 -> 534.7 | AH10: ='6'!$G$119 -> 416.6 | AI10: ='6'!$G$120 -> 493.2 | AJ10: ='6'!$G$121 -> 435.7 | AK10: ='6'!$G$122 -> 298.4 | AL10: ='6'!$G$123 -> 178 | AM10: ='6'!$G$133 -> 867 | AN10: ='6'!$G$15 -> 1084.6 | AO10: ='6'!$G$74 -> 311.43 | AP10: ='6'!$G$75 -> 0 | AQ10: ='6'!$G$76 -> 129.1 | AR10: ='6'!$G$77 -> 41.3 | AS10: ='6'!$G$78 -> 0 | AT10: =AN10-SUM(AO10:AS10) -> 602.77 | AU10: =SUM('6'!G91:G92) -> 9.88 | AV10: ='6'!$G$88 -> 1.95 | AW10: ='6'!$G$89 -> 8.91 | AX10: ='6'!$G$90 -> 0.12 | AY10: =SUM(AV10:AX10) -> 10.98 | AZ10: =AO10/AU10 -> 31.521255 | BA10: =AT10/AY10 -> 54.897086 | BB10: =C10-SUM(F10:K10,Y10) -> 7325.72 | BC10: =BB10/B10% -> 25.02039
A11: 7 | B11: ='7'!G7 -> 27360 | C11: ='7'!G8 -> 28520 | D11: ='7'!G15 -> 1078.6 | E11: ='7'!G20 -> 218 | F11: =SUM('7'!G35,'7'!G49) -> 3639 | G11: =SUM('7'!G37,'7'!G51) -> 1684 | H11: =SUM('7'!G38,'7'!G52) -> 2322 | I11: =SUM('7'!G39,'7'!G53) -> 3002 | J11: =SUM('7'!G41,'7'!G42,'7'!G55,'7'!G56) -> 8056.2 | K11: =SUM('7'!G43,'7'!G57) -> 3153.92 | L11: ='7'!G50 -> 1080 | M11: ='7'!G36 -> 1022 | N11: ='7'!G138 -> 124.6 | O11: ='7'!$G$139 -> 155 | P11: ='7'!$G$140 -> 15.01 | Q11: ='7'!$G$141 -> 189 | R11: ='7'!$G$142 -> 142.4 | S11: ='7'!$G$145 -> 0.03 | T11: ='7'!$G$146 -> 20 | U11: ='7'!$G$144 -> 235 | V11: ='7'!$G$147 -> 340.4 | W11: ='7'!$G$148 -> 293.04 | X11: ='7'!$G$143 -> 28.2 | Y11: ='7'!$G$58 -> 231.8 | Z11: ='7'!$G$151 -> 293 | AA11: ='7'!G161 -> 175.92 | AB11: ='7'!G162 -> 31.3 | AD11: ='7'!G163+'7'!G164 -> 163.2 | AE11: ='7'!$G$116 -> 383.7 | AF11: ='7'!$G$117 -> 213.5 | AG11: ='7'!$G$118 -> 585 | AH11: ='7'!$G$119 -> 404 | AI11: ='7'!$G$120 -> 447.9 | AJ11: ='7'!$G$121 -> 446.8 | AK11: ='7'!$G$122 -> 262.7 | AL11: ='7'!$G$123 -> 302.8 | AM11: ='7'!$G$133 -> 819 | AN11: ='7'!$G$15 -> 1078.6 | AO11: ='7'!$G$74 -> 321.13 | AP11: ='7'!$G$75 -> 0 | AQ11: ='7'!$G$76 -> 117.9 | AR11: ='7'!$G$77 -> 52.6 | AS11: ='7'!$G$78 -> 0 | AT11: =AN11-SUM(AO11:AS11) -> 586.97 | AU11: =SUM('7'!G91:G92) -> 10.77 | AV11: ='7'!$G$88 -> 0 | AW11: ='7'!$G$89 -> 10.04 | AX11: ='7'!$G$90 -> 0 | AY11: =SUM(AV11:AX11) -> 10.04 | AZ11: =AO11/AU11 -> 29.817084 | BA11: =AT11/AY11 -> 58.463147 | BB11: =C11-SUM(F11:K11,Y11) -> 6431.08 | BC11: =BB11/B11% -> 23.505409
A12: 8 | B12: ='8'!G7 -> 24092 | C12: ='8'!G8 -> 25251.66 | D12: ='8'!G15 -> 1052.8 | E12: ='8'!G20 -> 195 | F12: =SUM('8'!G35,'8'!G49) -> 1259 | G12: =SUM('8'!G37,'8'!G51) -> 572 | H12: =SUM('8'!G38,'8'!G52) -> 735 | I12: =SUM('8'!G39,'8'!G53) -> 939 | J12: =SUM('8'!G41,'8'!G42,'8'!G55,'8'!G56) -> 2008 | K12: =SUM('8'!G43,'8'!G57) -> 3336.73 | L12: ='8'!G50 -> 419 | M12: ='8'!G36 -> 301 | N12: ='8'!G138 -> 35.7 | O12: ='8'!$G$139 -> 165 | P12: ='8'!$G$140 -> 4.04 | Q12: ='8'!$G$141 -> 70.3 | R12: ='8'!$G$142 -> 44.1 | S12: ='8'!$G$145 -> -0.44 | T12: ='8'!$G$146 -> 44 | U12: ='8'!$G$144 -> 249 | V12: ='8'!$G$147 -> 389.12 | W12: ='8'!$G$148 -> 324.8 | X12: ='8'!$G$143 -> 2.52 | Y12: ='8'!$G$58 -> 23.7 | Z12: ='8'!$G$151 -> 293 | AA12: ='8'!G161 -> 191.64 | AB12: ='8'!G162 -> 32.8 | AD12: ='8'!G163+'8'!G164 -> 212.2 | AE12: ='8'!$G$116 -> 118.7 | AF12: ='8'!$G$117 -> 59.3 | AG12: ='8'!$G$118 -> 180.1 | AH12: ='8'!$G$119 -> 146.6 | AI12: ='8'!$G$120 -> 130.1 | AJ12: ='8'!$G$121 -> 130.4 | AK12: ='8'!$G$122 -> 73.8 | AL12: ='8'!$G$123 -> 96.7 | AM12: ='8'!$G$133 -> 320 | AN12: ='8'!$G$15 -> 1052.8 | AO12: ='8'!$G$74 -> 293.18 | AP12: ='8'!$G$75 -> 0 | AQ12: ='8'!$G$76 -> 113 | AR12: ='8'!$G$77 -> 49.1 | AS12: ='8'!$G$78 -> -0.4 | AT12: =AN12-SUM(AO12:AS12) -> 597.92 | AU12: =SUM('8'!G91:G92) -> 10.91 | AV12: ='8'!$G$88 -> 0.03 | AW12: ='8'!$G$89 -> 10.33 | AX12: ='8'!$G$90 -> 0 | AY12: =SUM(AV12:AX12) -> 10.36 | AZ12: =AO12/AU12 -> 26.872594 | BA12: =AT12/AY12 -> 57.714286 | BB12: =C12-SUM(F12:K12,Y12) -> 16378.23 | BC12: =BB12/B12% -> 67.982027
A13: 9 | B13: ='9 taken physical reading & Adj'!G7 -> 29596 | C13: ='9 taken physical reading & Adj'!G8 -> 30800.44 | D13: ='9 taken physical reading & Adj'!G15 -> 916 | E13: ='9 taken physical reading & Adj'!G20 -> 280 | F13: =SUM('9 taken physical reading & Adj'!G35,'9 taken physical reading & Adj'!G49) -> 3675.9 | G13: =SUM('9 taken physical reading & Adj'!G37,'9 taken physical reading & Adj'!G51) -> 3107.32 | H13: =SUM('9 taken physical reading & Adj'!G38,'9 taken physical reading & Adj'!G52) -> 2250.79 | I13: =SUM('9 taken physical reading & Adj'!G39,'9 taken physical reading & Adj'!G53) -> 2000 | J13: =SUM('9 taken physical reading & Adj'!G41,'9 taken physical reading & Adj'!G42,'9 taken physical reading & Adj'!G55,'9 taken physical reading & Adj'!G56) -> 13570.42 | K13: =SUM('9 taken physical reading & Adj'!G43,'9 taken physical reading & Adj'!G57) -> 3248.63 | L13: ='9 taken physical reading & Adj'!G50 -> 1886.93 | M13: ='9 taken physical reading & Adj'!G36 -> 1629 | N13: ='9 taken physical reading & Adj'!G138 -> 125 | O13: ='9 taken physical reading & Adj'!$G$139 -> 149 | P13: ='9 taken physical reading & Adj'!$G$140 -> 15 | Q13: ='9 taken physical reading & Adj'!$G$141 -> 342.3 | R13: ='9 taken physical reading & Adj'!$G$142 -> 251.9 | S13: ='9 taken physical reading & Adj'!$G$145 -> 0.5 | T13: ='9 taken physical reading & Adj'!$G$146 -> 41 | U13: ='9 taken physical reading & Adj'!$G$144 -> 226 | V13: ='9 taken physical reading & Adj'!$G$147 -> 382.24 | W13: ='9 taken physical reading & Adj'!$G$148 -> 283.68 | X13: ='9 taken physical reading & Adj'!$G$143 -> 50 | Y13: ='9 taken physical reading & Adj'!$G$58 -> 226.21 | Z13: ='9 taken physical reading & Adj'!$G$151 -> 311 | AA13: ='9 taken physical reading & Adj'!G161 -> 187.24 | AB13: ='9 taken physical reading & Adj'!G162 -> 38.21 | AD13: ='9 taken physical reading & Adj'!G163+'9 taken physical reading & Adj'!G164 -> 174.7 | AE13: ='9 taken physical reading & Adj'!$G$116 -> 517.3 | AF13: ='9 taken physical reading & Adj'!$G$117 -> 395.7 | AG13: ='9 taken physical reading & Adj'!$G$118 -> 1040.8 | AH13: ='9 taken physical reading & Adj'!$G$119 -> 741.2 | AI13: ='9 taken physical reading & Adj'!$G$120 -> 724.8 | AJ13: ='9 taken physical reading & Adj'!$G$121 -> 751.7 | AK13: ='9 taken physical reading & Adj'!$G$122 -> 474.8 | AL13: ='9 taken physical reading & Adj'!$G$123 -> 980.87 | AM13: ='9 taken physical reading & Adj'!$G$133 -> 1437.25 | AN13: ='9 taken physical reading & Adj'!$G$15 -> 916 | AO13: ='9 taken physical reading & Adj'!$G$74 -> 300.152 | AP13: ='9 taken physical reading & Adj'!$G$75 -> -0.8 | AQ13: ='9 taken physical reading & Adj'!$G$76 -> 96 | AR13: ='9 taken physical reading & Adj'!$G$77 -> 43 | AS13: ='9 taken physical reading & Adj'!$G$78 -> 0 | AT13: =AN13-SUM(AO13:AS13) -> 477.648 | AU13: =SUM('9 taken physical reading & Adj'!G91:G92) -> 10.84 | AV13: ='9 taken physical reading & Adj'!$G$88 -> -0.03 | AW13: ='9 taken physical reading & Adj'!$G$89 -> 10.03 | AX13: ='9 taken physical reading & Adj'!$G$90 -> 0 | AY13: =SUM(AV13:AX13) -> 10 | AZ13: =AO13/AU13 -> 27.689299 | BA13: =AT13/AY13 -> 47.7648 | BB13: =C13-SUM(F13:K13,Y13) -> 2721.17 | BC13: =BB13/B13% -> 9.1943844
A14: 10 | B14: ='10'!G7 -> 30002 | C14: ='10'!G8 -> 31010 | D14: ='10'!G15 -> 1061.5 | E14: ='10'!G20 -> 200 | F14: =SUM('10'!G35,'10'!G49) -> 3797.05 | G14: =SUM('10'!G37,'10'!G51) -> 1758.13 | H14: =SUM('10'!G38,'10'!G52) -> 2457.45 | I14: =SUM('10'!G39,'10'!G53) -> 3079.09 | J14: =SUM('10'!G41,'10'!G42,'10'!G55,'10'!G56) -> 10623.72 | K14: =SUM('10'!G43,'10'!G57) -> 3197.04 | L14: ='10'!G50 -> 1407.18 | M14: ='10'!G36 -> 985.8 | N14: ='10'!G138 -> 150 | O14: ='10'!$G$139 -> 150 | P14: ='10'!$G$140 -> 2.5 | Q14: ='10'!$G$141 -> 206.4 | R14: ='10'!$G$142 -> 142 | S14: ='10'!$G$145 -> 0 | T14: ='10'!$G$146 -> 39 | U14: ='10'!$G$144 -> 244 | V14: ='10'!$G$147 -> 357.2 | W14: ='10'!$G$148 -> 252.48 | X14: ='10'!$G$143 -> 22.4 | Y14: ='10'!$G$58 -> 249.59 | Z14: ='10'!$G$151 -> 288 | AA14: ='10'!G161 -> 180.08 | AB14: ='10'!G162 -> 36.99 | AD14: ='10'!G163+'10'!G164 -> 168.8 | AE14: ='10'!$G$116 -> 468.1 | AF14: ='10'!$G$117 -> 169.6 | AG14: ='10'!$G$118 -> 622.3 | AH14: ='10'!$G$119 -> 447.1 | AI14: ='10'!$G$120 -> 431 | AJ14: ='10'!$G$121 -> 434.4 | AK14: ='10'!$G$122 -> 302 | AL14: ='10'!$G$123 -> 309.43 | AM14: ='10'!$G$133 -> 848.5 | AN14: ='10'!$G$15 -> 1061.5 | AO14: ='10'!$G$74 -> 291.281 | AP14: ='10'!$G$75 -> 0.8 | AQ14: ='10'!$G$76 -> 108 | AR14: ='10'!$G$77 -> 58 | AS14: ='10'!$G$78 -> 0 | AT14: =AN14-SUM(AO14:AS14) -> 603.419 | AU14: =SUM('10'!G91:G92) -> 10.54 | AV14: ='10'!$G$88 -> 0 | AW14: ='10'!$G$89 -> 10.09 | AX14: ='10'!$G$90 -> 0 | AY14: =SUM(AV14:AX14) -> 10.09 | AZ14: =AO14/AU14 -> 27.635769 | BA14: =AT14/AY14 -> 59.803667 | BB14: =C14-SUM(F14:K14,Y14) -> 5847.93 | BC14: =BB14/B14% -> 19.491801
A15: 11 | B15: ='11'!G7 -> 27818.3 | C15: ='11'!G8 -> 28751 | D15: ='11'!G15 -> 1053.5 | E15: ='11'!G20 -> 360 | F15: =SUM('11'!G35,'11'!G49) -> 3749.11 | G15: =SUM('11'!G37,'11'!G51) -> 1739.12 | H15: =SUM('11'!G38,'11'!G52) -> 2491.7 | I15: =SUM('11'!G39,'11'!G53) -> 3101.95 | J15: =SUM('11'!G41,'11'!G42,'11'!G55,'11'!G56) -> 9978.85 | K15: =SUM('11'!G43,'11'!G57) -> 3247.2 | L15: ='11'!G50 -> 995.78 | M15: ='11'!G36 -> 719.1 | N15: ='11'!G138 -> 150 | O15: ='11'!$G$139 -> 152 | P15: ='11'!$G$140 -> 3 | Q15: ='11'!$G$141 -> 209.05 | R15: ='11'!$G$142 -> 142.3 | S15: ='11'!$G$145 -> 0.22 | T15: ='11'!$G$146 -> 71 | U15: ='11'!$G$144 -> 241 | V15: ='11'!$G$147 -> 417.96 | W15: ='11'!$G$148 -> 265.52 | X15: ='11'!$G$143 -> 29.56 | Y15: ='11'!$G$58 -> 242.4 | Z15: ='11'!$G$151 -> 299 | AA15: ='11'!G161 -> 144.48 | AB15: ='11'!G162 -> 22.9 | AC15: ='11'!G88 -> 0 | AD15: ='11'!G163+'11'!G164 -> 189.5 | AE15: ='11'!$G$116 -> 475.8 | AF15: ='11'!$G$117 -> 216.8 | AG15: ='11'!$G$118 -> 628.24 | AH15: ='11'!$G$119 -> 449.4 | AI15: ='11'!$G$120 -> 411.6 | AJ15: ='11'!$G$121 -> 448.4 | AK15: ='11'!$G$122 -> 317.3 | AL15: ='11'!$G$123 -> 307.2 | AM15: ='11'!$G$133 -> 866.25 | AN15: ='11'!$G$15 -> 1053.5 | AO15: ='11'!$G$74 -> 278.507 | AP15: ='11'!$G$75 -> 0 | AQ15: ='11'!$G$76 -> 105 | AR15: ='11'!$G$77 -> 50 | AS15: ='11'!$G$78 -> 0.4 | AT15: =AN15-SUM(AO15:AS15) -> 619.593 | AU15: =SUM('11'!G91:G92) -> 9.86 | AV15: ='11'!$G$88 -> 0 | AW15: ='11'!$G$89 -> 10.49 | AX15: ='11'!$G$90 -> 6.78 | AY15: =SUM(AV15:AX15) -> 17.27 | AZ15: =AO15/AU15 -> 28.246146 | BA15: =AT15/AY15 -> 35.876838 | BB15: =C15-SUM(F15:K15,Y15) -> 4200.67 | BC15: =BB15/B15% -> 15.100384
A16: 12 | B16: ='12'!G7 -> 29391.7 | C16: ='12'!G8 -> 30076 | D16: ='12'!G15 -> 1039 | E16: ='12'!G20 -> 270 | F16: =SUM('12'!G35,'12'!G49) -> 3949.94 | G16: =SUM('12'!G37,'12'!G51) -> 1720.75 | H16: =SUM('12'!G38,'12'!G52) -> 2523.3 | I16: =SUM('12'!G39,'12'!G53) -> 3189.05 | J16: =SUM('12'!G41,'12'!G42,'12'!G55,'12'!G56) -> 10292.75 | K16: =SUM('12'!G43,'12'!G57) -> 3313.9 | L16: ='12'!G50 -> 949.11 | M16: ='12'!G36 -> 955.1 | N16: ='12'!G138 -> 179 | O16: ='12'!$G$139 -> 150 | P16: ='12'!$G$140 -> 3 | Q16: ='12'!$G$141 -> 215.05 | R16: ='12'!$G$142 -> 162.8 | S16: ='12'!$G$145 -> 0.28 | T16: ='12'!$G$146 -> 89 | U16: ='12'!$G$144 -> 240 | V16: ='12'!$G$147 -> 230.6 | W16: ='12'!$G$148 -> 288.2 | X16: ='12'!$G$143 -> 22.04 | Y16: ='12'!$G$58 -> 240.6 | Z16: ='12'!$G$151 -> 317 | AA16: ='12'!G161 -> 34.72 | AB16: ='12'!G162 -> 17.1 | AC16: ='12'!G88 -> 0 | AD16: ='12'!G163+'12'!G164 -> 167.2 | AE16: ='12'!$G$116 -> 462 | AF16: ='12'!$G$117 -> 267.8 | AG16: ='12'!$G$118 -> 608.86 | AH16: ='12'!$G$119 -> 448.1 | AI16: ='12'!$G$120 -> 442.4 | AJ16: ='12'!$G$121 -> 498.6 | AK16: ='12'!$G$122 -> 324 | AL16: ='12'!$G$123 -> 316 | AM16: ='12'!$G$133 -> 908 | AN16: ='12'!$G$15 -> 1039 | AO16: ='12'!$G$74 -> 320.32 | AP16: ='12'!$G$75 -> 0.2 | AQ16: ='12'!$G$76 -> 106 | AR16: ='12'!$G$77 -> 45 | AS16: ='12'!$G$78 -> 0 | AT16: =AN16-SUM(AO16:AS16) -> 567.48 | AU16: =SUM('12'!G91:G92) -> 13.01 | AV16: ='12'!$G$88 -> 0 | AW16: ='12'!$G$89 -> 10.11 | AX16: ='12'!$G$90 -> 9.1 | AY16: =SUM(AV16:AX16) -> 19.21 | AZ16: =AO16/AU16 -> 24.621061 | BA16: =AT16/AY16 -> 29.540864 | BB16: =C16-SUM(F16:K16,Y16) -> 4845.71 | BC16: =BB16/B16% -> 16.486661
A17: 13 | B17: ='13'!G7 -> 27798 | C17: ='13'!G8 -> 28733 | D17: ='13'!G15 -> 1055 | E17: ='13'!G20 -> 280 | F17: =SUM('13'!G35,'13'!G49) -> 3857 | G17: =SUM('13'!G37,'13'!G51) -> 1681 | H17: =SUM('13'!G38,'13'!G52) -> 2350 | I17: =SUM('13'!G39,'13'!G53) -> 3101 | J17: =SUM('13'!G41,'13'!G42,'13'!G55,'13'!G56) -> 9751 | K17: =SUM('13'!G43,'13'!G57) -> 3231 | L17: ='13'!G50 -> 945 | M17: ='13'!G36 -> 703 | N17: ='13'!G138 -> 151 | O17: ='13'!$G$139 -> 137 | P17: ='13'!$G$140 -> 16 | Q17: ='13'!$G$141 -> 222 | R17: ='13'!$G$142 -> 149 | S17: ='13'!$G$145 -> 0 | T17: ='13'!$G$146 -> 79 | U17: ='13'!$G$144 -> 232 | V17: ='13'!$G$147 -> 473 | W17: ='13'!$G$148 -> 226 | X17: ='13'!$G$143 -> 33 | Y17: ='13'!$G$58 -> 239 | Z17: ='13'!$G$151 -> 253 | AA17: ='13'!G161 -> 12.28 | AB17: ='13'!G162 -> 35 | AC17: ='13'!G88 -> 0 | AD17: ='13'!G163+'13'!G164 -> 176 | AE17: ='13'!$G$116 -> 422 | AF17: ='13'!$G$117 -> 231 | AG17: ='13'!$G$118 -> 655 | AH17: ='13'!$G$119 -> 443 | AI17: ='13'!$G$120 -> 456 | AJ17: ='13'!$G$121 -> 447 | AK17: ='13'!$G$122 -> 315 | AL17: ='13'!$G$123 -> 317 | AM17: ='13'!$G$133 -> 864 | AN17: ='13'!$G$15 -> 1055 | AO17: ='13'!$G$74 -> 318 | AP17: ='13'!$G$75 -> -0.2 | AQ17: ='13'!$G$76 -> 113 | AR17: ='13'!$G$77 -> 47 | AS17: ='13'!$G$78 -> -0.4 | AT17: =AN17-SUM(AO17:AS17) -> 577.6 | AU17: =SUM('13'!G91:G92) -> 9.19 | AV17: ='13'!$G$88 -> 0 | AW17: ='13'!$G$89 -> 10.23 | AX17: ='13'!$G$90 -> 11.48 | AY17: =SUM(AV17:AX17) -> 21.71 | AZ17: =AO17/AU17 -> 34.602829 | BA17: =AT17/AY17 -> 26.605251 | BB17: =C17-SUM(F17:K17,Y17) -> 4523 | BC17: =BB17/B17% -> 16.270955
A18: 14 | B18: ='14'!G7 -> 28180 | C18: ='14'!G8 -> 29251 | D18: ='14'!G15 -> 1050 | E18: ='14'!G20 -> 290 | F18: =SUM('14'!G35,'14'!G49) -> 3734 | G18: =SUM('14'!G37,'14'!G51) -> 1688 | H18: =SUM('14'!G38,'14'!G52) -> 2405 | I18: =SUM('14'!G39,'14'!G53) -> 2986 | J18: =SUM('14'!G41,'14'!G42,'14'!G55,'14'!G56) -> 9169.4 | K18: =SUM('14'!G43,'14'!G57) -> 3212 | L18: ='14'!G50 -> 953 | M18: ='14'!G36 -> 1123 | N18: ='14'!G138 -> 160 | O18: ='14'!$G$139 -> 133 | P18: ='14'!$G$140 -> 16 | Q18: ='14'!$G$141 -> 171 | R18: ='14'!$G$142 -> 156 | S18: ='14'!$G$145 -> 0 | T18: ='14'!$G$146 -> 10 | U18: ='14'!$G$144 -> 248 | V18: ='14'!$G$147 -> 551 | W18: ='14'!$G$148 -> 357 | X18: ='14'!$G$143 -> 31 | Y18: ='14'!$G$58 -> 245 | Z18: ='14'!$G$151 -> 273 | AA18: ='14'!G161 -> 8 | AB18: ='14'!G162 -> 38 | AC18: ='14'!G88 -> 0 | AD18: ='14'!G163+'14'!G164 -> 207 | AE18: ='14'!$G$116 -> 357 | AF18: ='14'!$G$117 -> 223 | AG18: ='14'!$G$118 -> 673 | AH18: ='14'!$G$119 -> 422 | AI18: ='14'!$G$120 -> 422 | AJ18: ='14'!$G$121 -> 445 | AK18: ='14'!$G$122 -> 284 | AL18: ='14'!$G$123 -> 309 | AM18: ='14'!$G$133 -> 754 | AN18: ='14'!$G$15 -> 1050 | AO18: ='14'!$G$74 -> 314 | AP18: ='14'!$G$75 -> 0 | AQ18: ='14'!$G$76 -> 109 | AR18: ='14'!$G$77 -> 45 | AS18: ='14'!$G$78 -> 0 | AT18: =AN18-SUM(AO18:AS18) -> 582 | AU18: =SUM('14'!G91:G92) -> 11.12 | AV18: ='14'!$G$88 -> 0 | AW18: ='14'!$G$89 -> 9.57 | AX18: ='14'!$G$90 -> 11.49 | AY18: =SUM(AV18:AX18) -> 21.06 | AZ18: =AO18/AU18 -> 28.23741 | BA18: =AT18/AY18 -> 27.635328 | BB18: =C18-SUM(F18:K18,Y18) -> 5811.6 | BC18: =BB18/B18% -> 20.623137
A19: 15 | B19: ='15'!G7 -> 27537 | C19: ='15'!G8 -> 28661 | D19: ='15'!G15 -> 1071 | E19: ='15'!G20 -> 250 | F19: =SUM('15'!G35,'15'!G49) -> 3640 | G19: =SUM('15'!G37,'15'!G51) -> 1655 | H19: =SUM('15'!G38,'15'!G52) -> 2311 | I19: =SUM('15'!G39,'15'!G53) -> 3010 | J19: =SUM('15'!G41,'15'!G42,'15'!G55,'15'!G56) -> 9511 | K19: =SUM('15'!G43,'15'!G57) -> 3224 | L19: ='15'!G50 -> 977 | M19: ='15'!G36 -> 699 | N19: ='15'!G138 -> 154 | O19: ='15'!$G$139 -> 132 | P19: ='15'!$G$140 -> 16 | Q19: ='15'!$G$141 -> 201 | R19: ='15'!$G$142 -> 118 | S19: ='15'!$G$145 -> 0 | T19: ='15'!$G$146 -> 40 | U19: ='15'!$G$144 -> 243 | V19: ='15'!$G$147 -> 371 | W19: ='15'!$G$148 -> 258 | X19: ='15'!$G$143 -> 30 | Y19: ='15'!$G$58 -> 239 | Z19: ='15'!$G$151 -> 272 | AA19: ='15'!G161 -> 7 | AB19: ='15'!G162 -> 43 | AC19: ='15'!G88 -> 0 | AD19: ='15'!G163+'15'!G164 -> 151 | AE19: ='15'!$G$116 -> 396 | AF19: ='15'!$G$117 -> 176 | AG19: ='15'!$G$118 -> 645 | AH19: ='15'!$G$119 -> 426 | AI19: ='15'!$G$120 -> 421 | AJ19: ='15'!$G$121 -> 457 | AK19: ='15'!$G$122 -> 309 | AL19: ='15'!$G$123 -> 323 | AM19: ='15'!$G$133 -> 725 | AN19: ='15'!$G$15 -> 1071 | AO19: ='15'!$G$74 -> 312 | AP19: ='15'!$G$75 -> 0 | AQ19: ='15'!$G$76 -> 114 | AR19: ='15'!$G$77 -> 52 | AS19: ='15'!$G$78 -> 0 | AT19: =AN19-SUM(AO19:AS19) -> 593 | AU19: =SUM('15'!G91:G92) -> 10.88 | AV19: ='15'!$G$88 -> 0 | AW19: ='15'!$G$89 -> 9.2 | AX19: ='15'!$G$90 -> 12.03 | AY19: =SUM(AV19:AX19) -> 21.23 | AZ19: =AO19/AU19 -> 28.676471 | BA19: =AT19/AY19 -> 27.932171 | BB19: =C19-SUM(F19:K19,Y19) -> 5071 | BC19: =BB19/B19% -> 18.415223
A20: 16 | B20: ='16'!G7 -> 27812 | C20: ='16'!G8 -> 28628 | D20: ='16'!G15 -> 1026 | E20: ='16'!G20 -> 230 | F20: =SUM('16'!G35,'16'!G49) -> 3360 | G20: =SUM('16'!G37,'16'!G51) -> 1666 | H20: =SUM('16'!G38,'16'!G52) -> 2366 | I20: =SUM('16'!G39,'16'!G53) -> 3099 | J20: =SUM('16'!G41,'16'!G42,'16'!G55,'16'!G56) -> 10363 | K20: =SUM('16'!G43,'16'!G57) -> 3266 | L20: ='16'!G50 -> 861 | M20: ='16'!G36 -> 634 | N20: ='16'!G138 -> 146 | O20: ='16'!$G$139 -> 124 | P20: ='16'!$G$140 -> 17 | Q20: ='16'!$G$141 -> 206 | R20: ='16'!$G$142 -> 149 | S20: ='16'!$G$145 -> 0 | T20: ='16'!$G$146 -> 45 | U20: ='16'!$G$144 -> 237 | V20: ='16'!$G$147 -> 366 | W20: ='16'!$G$148 -> 240 | X20: ='16'!$G$143 -> 28 | Y20: ='16'!$G$58 -> 248 | Z20: ='16'!$G$151 -> 272 | AA20: ='16'!G161 -> 6 | AB20: ='16'!G162 -> 41 | AC20: ='16'!G88 -> 0 | AD20: ='16'!G163+'16'!G164 -> 197 | AE20: ='16'!$G$116 -> 395 | AF20: ='16'!$G$117 -> 220 | AG20: ='16'!$G$118 -> 667 | AH20: ='16'!$G$119 -> 435 | AI20: ='16'!$G$120 -> 431 | AJ20: ='16'!$G$121 -> 448 | AK20: ='16'!$G$122 -> 302 | AL20: ='16'!$G$123 -> 324 | AM20: ='16'!$G$133 -> 622 | AN20: ='16'!$G$15 -> 1026 | AO20: ='16'!$G$74 -> 311 | AP20: ='16'!$G$75 -> 0 | AQ20: ='16'!$G$76 -> 63 | AR20: ='16'!$G$77 -> 43 | AS20: ='16'!$G$78 -> 0 | AT20: =AN20-SUM(AO20:AS20) -> 609 | AU20: =SUM('16'!G91:G92) -> 10.61 | AV20: ='16'!$G$88 -> 0 | AW20: ='16'!$G$89 -> 10.89 | AX20: ='16'!$G$90 -> 11.16 | AY20: =SUM(AV20:AX20) -> 22.05 | AZ20: =AO20/AU20 -> 29.31197 | BA20: =AT20/AY20 -> 27.619048 | BB20: =C20-SUM(F20:K20,Y20) -> 4260 | BC20: =BB20/B20% -> 15.317129
A21: 17 | B21: ='17'!G7 -> 28799 | C21: ='17'!G8 -> 29392 | D21: ='17'!G15 -> 1015 | E21: ='17'!G20 -> 283 | F21: =SUM('17'!G35,'17'!G49) -> 3494 | G21: =SUM('17'!G37,'17'!G51) -> 1704 | H21: =SUM('17'!G38,'17'!G52) -> 2355 | I21: =SUM('17'!G39,'17'!G53) -> 3142 | J21: =SUM('17'!G41,'17'!G42,'17'!G55,'17'!G56) -> 10550 | K21: =SUM('17'!G43,'17'!G57) -> 3226 | L21: ='17'!G50 -> 1457 | M21: ='17'!G36 -> 721 | N21: ='18 '!G138 -> 134 | O21: ='17'!$G$139 -> 210 | P21: ='17'!$G$140 -> 18 | Q21: ='17'!$G$141 -> 217 | R21: ='17'!$G$142 -> 138 | S21: ='17'!$G$145 -> 0 | T21: ='17'!$G$146 -> 44 | U21: ='17'!$G$144 -> 244 | V21: ='17'!$G$147 -> 411 | W21: ='17'!$G$148 -> 314 | X21: ='17'!$G$143 -> 32 | Y21: ='17'!$G$58 -> 222 | Z21: ='17'!$G$151 -> 262 | AA21: ='17'!G161 -> 15 | AB21: ='17'!G162 -> 39 | AC21: ='17'!G88 -> 0.05 | AD21: ='17'!G163+'17'!G164 -> 184 | AE21: ='17'!$G$116 -> 372 | AF21: ='17'!$G$117 -> 273 | AG21: ='17'!$G$118 -> 669 | AH21: ='17'!$G$119 -> 459 | AI21: ='17'!$G$120 -> 425 | AJ21: ='17'!$G$121 -> 454 | AK21: ='17'!$G$122 -> 314 | AL21: ='17'!$G$123 -> 317 | AM21: ='17'!$G$133 -> 609 | AN21: ='17'!$G$15 -> 1015 | AO21: ='17'!$G$74 -> 293.52 | AP21: ='17'!$G$75 -> 0 | AQ21: ='17'!$G$76 -> 132 | AR21: ='17'!$G$77 -> 38 | AS21: ='17'!$G$78 -> 0 | AT21: =AN21-SUM(AO21:AS21) -> 551.48 | AU21: =SUM('17'!G91:G92) -> 10.39 | AV21: ='17'!$G$88 -> 0.05 | AW21: ='17'!$G$89 -> 10.11 | AX21: ='17'!$G$90 -> 9.84 | AY21: =SUM(AV21:AX21) -> 20 | AZ21: =AO21/AU21 -> 28.250241 | BA21: =AT21/AY21 -> 27.574 | BB21: =C21-SUM(F21:K21,Y21) -> 4699 | BC21: =BB21/B21% -> 16.316539
A22: 18 | B22: ='18 '!G7 -> 29411 | C22: ='18 '!G8 -> 29753 | D22: ='18 '!G15 -> 1052 | E22: ='18 '!G20 -> 232 | F22: =SUM('18 '!G35,'18 '!G49) -> 3488 | G22: =SUM('18 '!G37,'18 '!G51) -> 1729 | H22: =SUM('18 '!G38,'18 '!G52) -> 2397 | I22: =SUM('18 '!G39,'18 '!G53) -> 3158 | J22: =SUM('18 '!G41,'18 '!G42,'18 '!G55,'18 '!G56) -> 10831 | K22: =SUM('18 '!G43,'18 '!G57) -> 3098 | L22: ='18 '!G50 -> 1503 | M22: ='18 '!G36 -> 1045 | N22: ='18 '!G138 -> 134 | O22: ='18 '!$G$139 -> 149 | P22: ='18 '!$G$140 -> 15 | Q22: ='18 '!$G$141 -> 214 | R22: ='18 '!$G$142 -> 145 | S22: ='18 '!$G$145 -> 0 | T22: ='18 '!$G$146 -> 45 | U22: ='18 '!$G$144 -> 231 | V22: ='18 '!$G$147 -> 430 | W22: ='18 '!$G$148 -> 327 | X22: ='18 '!$G$143 -> 27 | Y22: ='18 '!$G$58 -> 244 | Z22: ='18 '!$G$151 -> 287 | AA22: ='18 '!G161 -> 3 | AB22: ='18 '!G162 -> 42 | AC22: ='18 '!G88 -> 0 | AD22: ='18 '!G163+'18 '!G164 -> 172 | AE22: ='18 '!$G$116 -> 409 | AF22: ='18 '!$G$117 -> 280 | AG22: ='18 '!$G$118 -> 650 | AH22: ='18 '!$G$119 -> 447 | AI22: ='18 '!$G$120 -> 435 | AJ22: ='18 '!$G$121 -> 461 | AK22: ='18 '!$G$122 -> 314 | AL22: ='18 '!$G$123 -> 314 | AM22: ='18 '!$G$133 -> 628 | AN22: ='18 '!$G$15 -> 1052 | AO22: ='18 '!$G$74 -> 297.48 | AP22: ='18 '!$G$75 -> 0 | AQ22: ='18 '!$G$76 -> 111 | AR22: ='18 '!$G$77 -> 50 | AS22: ='18 '!$G$78 -> 0 | AT22: =AN22-SUM(AO22:AS22) -> 593.52 | AU22: =SUM('18 '!G91:G92) -> 10 | AV22: ='18 '!$G$88 -> 0 | AW22: ='18 '!$G$89 -> 10 | AX22: ='18 '!$G$90 -> 12 | AY22: =SUM(AV22:AX22) -> 22 | AZ22: =AO22/AU22 -> 29.748 | BA22: =AT22/AY22 -> 26.978182 | BB22: =C22-SUM(F22:K22,Y22) -> 4808 | BC22: =BB22/B22% -> 16.347625
A23: 19 | B23: ='19'!G7 -> 28720 | C23: ='19'!G8 -> 29068 | D23: ='19'!G15 -> 1047 | E23: ='19'!G20 -> 212 | F23: =SUM('19'!G35,'19'!G49) -> 3557 | G23: =SUM('19'!G37,'19'!G51) -> 1734 | H23: =SUM('19'!G38,'19'!G52) -> 2342 | I23: =SUM('19'!G39,'19'!G53) -> 3175 | J23: =SUM('19'!G41,'19'!G42,'19'!G55,'19'!G56) -> 10354 | K23: =SUM('19'!G43,'19'!G57) -> 3130 | L23: ='19'!G50 -> 958 | M23: ='19'!G36 -> 1321 | N23: ='19'!G138 -> 137 | O23: ='19'!$G$139 -> 150 | P23: ='19'!$G$140 -> 14 | Q23: ='19'!$G$141 -> 221 | R23: ='19'!G142 -> 148 | S23: ='19'!$G$145 -> 0 | T23: ='19'!$G$146 -> 38 | U23: ='19'!$G$144 -> 250 | V23: ='19'!$G$147 -> 381 | W23: ='19'!$G$148 -> 517 | X23: ='19'!$G$143 -> 28 | Y23: ='19'!$G$58 -> 216 | Z23: ='19'!$G$151 -> 291 | AA23: ='19'!G161 -> 10 | AB23: ='19'!G162 -> 16 | AC23: ='19'!G88 -> 0 | AD23: ='19'!G163+'19'!G164 -> 164 | AE23: ='19'!$G$116 -> 482 | AF23: ='19'!$G$117 -> 285 | AG23: ='19'!$G$118 -> 643 | AH23: ='19'!$G$119 -> 461 | AI23: ='19'!$G$120 -> 431 | AJ23: ='19'!$G$121 -> 455 | AK23: ='19'!$G$122 -> 277 | AL23: ='19'!$G$123 -> 314 | AM23: ='19'!$G$133 -> 623 | AN23: ='19'!$G$15 -> 1047 | AO23: ='19'!$G$74 -> 300 | AP23: ='19'!$G$75 -> 0 | AQ23: ='19'!$G$76 -> 118 | AR23: ='19'!$G$77 -> 63 | AS23: ='19'!$G$78 -> 0 | AT23: =AN23-SUM(AO23:AS23) -> 566 | AU23: =SUM('19'!G91:G92) -> 10 | AV23: ='19'!$G$88 -> 0 | AW23: ='19'!$G$89 -> 9.47 | AX23: ='19'!$G$90 -> 9 | AY23: =SUM(AV23:AX23) -> 18.47 | AZ23: =AO23/AU23 -> 30 | BA23: =AT23/AY23 -> 30.644288 | BB23: =C23-SUM(F23:K23,Y23) -> 4560 | BC23: =BB23/B23% -> 15.877437
A24: 20 | B24: ='20'!G7 -> 28424 | C24: ='20'!G8 -> 28714 | D24: ='20'!G15 -> 1014 | E24: ='20'!G20 -> 253 | F24: =SUM('20'!G35,'20'!G49) -> 3591 | G24: =SUM('20'!G37,'20'!G51) -> 1669 | H24: =SUM('20'!G38,'20'!G52) -> 2341 | I24: =SUM('20'!G39,'20'!G53) -> 3213 | J24: =SUM('20'!G41,'20'!G42,'20'!G55,'20'!G56) -> 9993 | K24: =SUM('20'!G43,'20'!G57) -> 3092 | L24: ='20'!G50 -> 1133 | M24: ='20'!G36 -> 1199 | N24: ='20'!G138 -> 147 | O24: ='20'!$G$139 -> 152 | P24: ='20'!$G$140 -> 16 | Q24: ='20'!$G$141 -> 203 | R24: ='20'!$G$142 -> 114 | S24: ='20'!$G$145 -> 0 | T24: ='20'!$G$146 -> 47 | U24: ='20'!$G$144 -> 239 | V24: ='20'!$G$147 -> 410 | W24: ='20'!$G$148 -> 560 | X24: ='20'!$G$143 -> 29 | Y24: ='20'!$G$58 -> 254 | Z24: ='20'!$G$151 -> 294 | AA24: ='20'!G161 -> 244 | AB24: ='20'!G162 -> 41 | AC24: ='20'!G88 -> 0 | AD24: ='20'!G163+'20'!G164 -> 174 | AE24: ='20'!$G$116 -> 455 | AF24: ='20'!$G$117 -> 292 | AG24: ='20'!$G$118 -> 639 | AH24: ='20'!$G$119 -> 468 | AI24: ='20'!$G$120 -> 428 | AJ24: ='20'!$G$121 -> 473 | AK24: ='20'!$G$122 -> 280 | AL24: ='20'!$G$123 -> 313 | AM24: ='20'!$G$133 -> 619 | AN24: ='20'!$G$15 -> 1014 | AO24: ='20'!$G$74 -> 296 | AP24: ='20'!$G$75 -> 0 | AQ24: ='20'!$G$76 -> 103 | AR24: ='20'!$G$77 -> 42 | AS24: ='20'!$G$78 -> 0 | AT24: =AN24-SUM(AO24:AS24) -> 573 | AU24: =SUM('20'!G91:G92) -> 11 | AV24: ='20'!$G$88 -> 0 | AW24: ='20'!$G$89 -> 10.53 | AX24: ='20'!$G$90 -> 10 | AY24: =SUM(AV24:AX24) -> 20.53 | AZ24: =AO24/AU24 -> 26.909091 | BA24: =AT24/AY24 -> 27.910375 | BB24: =C24-SUM(F24:K24,Y24) -> 4561 | BC24: =BB24/B24% -> 16.046299
A25: 21 | B25: ='21'!G7 -> 26675.11 | C25: ='21'!G8 -> 27087.11 | D25: ='21'!G15 -> 1049.42 | E25: ='21'!G20 -> 263 | F25: =SUM('21'!G35,'21'!G49) -> 3632.07 | G25: =SUM('21'!G37,'21'!G51) -> 1661.05 | H25: =SUM('21'!G38,'21'!G52) -> 2383.15 | I25: =SUM('21'!G39,'21'!G53) -> 3123.91 | J25: =SUM('21'!G41,'21'!G42,'21'!G55,'21'!G56) -> 7747.26 | K25: =SUM('21'!G43,'21'!G57) -> 3040.23 | L25: ='21'!G50 -> 1132.41 | M25: ='21'!G36 -> 811.33 | N25: ='21'!G138 -> 138 | O25: ='21'!$G$139 -> 170 | P25: ='21'!$G$140 -> 18.09 | Q25: ='21'!$G$141 -> 221.75 | R25: ='21'!$G$142 -> 137.79 | S25: ='21'!$G$145 -> 0 | T25: ='21'!$G$146 -> 45 | U25: ='21'!$G$144 -> 255 | V25: ='21'!$G$147 -> 380.44 | W25: ='21'!$G$148 -> 292.08 | X25: ='21'!$G$143 -> 32.19 | Y25: ='21'!$G$58 -> 240.4 | Z25: ='21'!$G$151 -> 283 | AA25: ='21'!G161 -> 225.24 | AB25: ='21'!G162 -> 40.2 | AC25: ='21'!G88 -> -0.05 | AD25: ='21'!G163+'21'!G164 -> 178.1 | AE25: ='21'!$G$116 -> 419.19 | AF25: ='21'!$G$117 -> 339.56 | AG25: ='21'!$G$118 -> 668.65 | AH25: ='21'!$G$119 -> 392.15 | AI25: ='21'!$G$120 -> 426.56 | AJ25: ='21'!$G$121 -> 461.21 | AK25: ='21'!$G$122 -> 236.02 | AL25: ='21'!$G$123 -> 315.31 | AM25: ='21'!$G$133 -> 623.91 | AN25: ='21'!$G$15 -> 1049.42 | AO25: ='21'!$G$74 -> 293.62 | AP25: ='21'!$G$75 -> 0 | AQ25: ='21'!$G$76 -> 113.63 | AR25: ='21'!$G$77 -> 45.4 | AS25: ='21'!$G$78 -> 0 | AT25: =AN25-SUM(AO25:AS25) -> 596.77 | AU25: =SUM('21'!G91:G92) -> 9.64 | AV25: ='21'!$G$88 -> -0.05 | AW25: ='21'!$G$89 -> 9.95 | AX25: ='21'!$G$90 -> 10.52 | AY25: =SUM(AV25:AX25) -> 20.42 | AZ25: =AO25/AU25 -> 30.458506 | BA25: =AT25/AY25 -> 29.22478 | BB25: =C25-SUM(F25:K25,Y25) -> 5259.04 | BC25: =BB25/B25% -> 19.715158
A26: 22 | B26: ='22'!G7 -> 27647.58 | C26: ='22'!G8 -> 28127 | D26: ='22'!G15 -> 974.61 | E26: ='22'!G20 -> 243 | F26: =SUM('22'!G35,'22'!G49) -> 3530.44 | G26: =SUM('22'!G37,'22'!G51) -> 1658.74 | H26: =SUM('22'!G38,'22'!G52) -> 2286.4 | I26: =SUM('22'!G39,'22'!G53) -> 3040.24 | J26: =SUM('22'!G41,'22'!G42,'22'!G55,'22'!G56) -> 8692.71 | K26: =SUM('22'!G43,'22'!G57) -> 3050.06 | L26: ='22'!G50 -> 1142.5 | M26: ='22'!G36 -> 719.92 | N26: ='22'!G138 -> 129 | O26: ='22'!$G$139 -> 172 | P26: ='22'!$G$140 -> 17.07 | Q26: ='22'!$G$141 -> 200.23 | R26: ='22'!$G$142 -> 102.96 | S26: ='22'!$G$145 -> 0 | T26: ='22'!$G$146 -> 46 | U26: ='22'!$G$144 -> 253 | V26: ='22'!$G$147 -> 365.44 | W26: ='22'!$G$148 -> 315.52 | X26: ='22'!$G$143 -> 28.42 | Y26: ='22'!$G$58 -> 275.13 | Z26: ='22'!$G$151 -> 284 | AA26: ='22'!G161 -> 181.76 | AB26: ='22'!G162 -> 43.3 | AC26: ='22'!G88 -> 0.19 | AD26: ='22'!G163+'22'!G164 -> 163.6 | AE26: ='22'!$G$116 -> 406.8 | AF26: ='22'!$G$117 -> 278.41 | AG26: ='22'!$G$118 -> 658.16 | AH26: ='22'!$G$119 -> 296.63 | AI26: ='22'!$G$120 -> 433.56 | AJ26: ='22'!$G$121 -> 471.6 | AK26: ='22'!$G$122 -> 295.32 | AL26: ='22'!$G$123 -> 312.41 | AM26: ='22'!$G$133 -> 605.14 | AN26: ='22'!$G$15 -> 974.61 | AO26: ='22'!$G$74 -> 299.88 | AP26: ='22'!$G$75 -> 0 | AQ26: ='22'!$G$76 -> 97.87 | AR26: ='22'!$G$77 -> 34.8 | AS26: ='22'!$G$78 -> 0 | AT26: =AN26-SUM(AO26:AS26) -> 542.06 | AU26: =SUM('22'!G91:G92) -> 10.32 | AV26: ='22'!$G$88 -> 0.19 | AW26: ='22'!$G$89 -> 8.98 | AX26: ='22'!$G$90 -> 9.65 | AY26: =SUM(AV26:AX26) -> 18.82 | AZ26: =AO26/AU26 -> 29.05814 | BA26: =AT26/AY26 -> 28.802338 | BB26: =C26-SUM(F26:K26,Y26) -> 5593.28 | BC26: =BB26/B26% -> 20.230631
