Workbook

Sheet TOTAL
A1: Site Name | B1: Day | C1: Month | D1: Year | E1: Total Electricity Kwh | F1: Electricity Tariff ($/Kwh) | G1: Natual Gas (m3) | H1: Natural Gas $/m3 | I1: Water Utility Supply (m3) m3 | J1: Water Utility Supply (m3) $/m3 | K1: Room Nights
A2: Orlando | B2: 1 | C2: 1 | D2: 2022 | E2: =Submetering!F3+Submetering!H3+Submetering!J3+Submetering!L3+Submetering!N3+Submetering!P3+Submetering!R3+Submetering!T3+Submetering!V3+Submetering!X3+Submetering!Z3+Submetering!AB3+Submetering!AC3+Submetering!AD3+Submetering!AE3 -> 105883 | F2: =((((Submetering!E3+Submetering!AD3)*0.13773+(Submetering!E3+Submetering!AD3)*0.02095)*1.09+(2.85/30)*2)+(((Submetering!F3+Submetering!H3+Submetering!J3+Submetering!L3+Submetering!N3+Submetering!P3+Submetering!R3+Submetering!T3+Submetering!V3+Submetering!X3+Submetering!Z3+Submetering!AB3+Submetering!AC3+Submetering!AE3)*0.05155)+((Submetering!F3+Submetering!H3+Submetering!J3+Submetering!L3+Submetering!N3+Submetering!P3+Submetering!R3+Submetering!T3+Submetering!V3+Submetering!X3+Submetering!Z3+Submetering!AB3+Submetering!AC3+Submetering!AE3)*0.02095)+(20/30)*15)*1.1048)/E2 -> 0.080524989 | G2: =Submetering!AK3+Submetering!AL3+Submetering!AU3 -> 1424.8252 | H2: 0.8166 | I2: =Submetering!AF3+Submetering!AG3+Submetering!AV3+Submetering!AY3+Submetering!AZ3 -> 1752.465 | J2: =((Submetering!AG3+Submetering!BA3)*0.8868+(1712.96+1070.52)/30+(Submetering!AF3+Submetering!AY3+Submetering!AV3+Submetering!AZ3)*1.1251+(2076.11+129.67+207.57+207.57)/30+(11680.53+56.61)/30)/I2 -> 1.417625 | K2: =Elect!C5 -> 242.25
A3: Orlando | B3: 3 | C3: 1 | D3: 2022 | E3: =Submetering!F4+Submetering!H4+Submetering!J4+Submetering!L4+Submetering!N4+Submetering!P4+Submetering!R4+Submetering!T4+Submetering!V4+Submetering!X4+Submetering!Z4+Submetering!AB4+Submetering!AC4+Submetering!AD4+Submetering!AE4 -> 280408 | F3: =((((Submetering!E4+Submetering!AD4)*0.13773+(Submetering!E4+Submetering!AD4)*0.02095)*1.09+(2.85/30)*2)+(((Submetering!F4+Submetering!H4+Submetering!J4+Submetering!L4+Submetering!N4+Submetering!P4+Submetering!R4+Submetering!T4+Submetering!V4+Submetering!X4+Submetering!Z4+Submetering!AB4+Submetering!AC4+Submetering!AE4)*0.05155)+((Submetering!F4+Submetering!H4+Submetering!J4+Submetering!L4+Submetering!N4+Submetering!P4+Submetering!R4+Submetering!T4+Submetering!V4+Submetering!X4+Submetering!Z4+Submetering!AB4+Submetering!AC4+Submetering!AE4)*0.02095)+(20/30)*15)*1.1048)/E3 -> 0.080862566 | G3: =Submetering!AK4+Submetering!AL4+Submetering!AU4 -> 6586.654 | H3: 0.8166 | I3: =Submetering!AF4+Submetering!AG4+Submetering!AV4+Submetering!AY4+Submetering!AZ4 -> 5054.4598 | J3: =((Submetering!AG4+Submetering!BA4)*0.8868+(1712.96+1070.52)/30+(Submetering!AF4+Submetering!AY4+Submetering!AV4+Submetering!AZ4)*1.1251+(2076.11+129.67+207.57+207.57)/30+(11680.53+56.61)/30)/I3 -> 1.2130453 | K3: =Elect!C6 -> 1355
A4: Orlando | B4: 10 | C4: 1 | D4: 2022 | E4: =Submetering!F5+Submetering!H5+Submetering!J5+Submetering!L5+Submetering!N5+Submetering!P5+Submetering!R5+Submetering!T5+Submetering!V5+Submetering!X5+Submetering!Z5+Submetering!AB5+Submetering!AC5+Submetering!AD5+Submetering!AE5 -> 286418 | F4: =((((Submetering!E5+Submetering!AD5)*0.13773+(Submetering!E5+Submetering!AD5)*0.02095)*1.09+(2.85/30)*2)+(((Submetering!F5+Submetering!H5+Submetering!J5+Submetering!L5+Submetering!N5+Submetering!P5+Submetering!R5+Submetering!T5+Submetering!V5+Submetering!X5+Submetering!Z5+Submetering!AB5+Submetering!AC5+Submetering!AE5)*0.05155)+((Submetering!F5+Submetering!H5+Submetering!J5+Submetering!L5+Submetering!N5+Submetering!P5+Submetering!R5+Submetering!T5+Submetering!V5+Submetering!X5+Submetering!Z5+Submetering!AB5+Submetering!AC5+Submetering!AE5)*0.02095)+(20/30)*15)*1.1048)/E4 -> 0.080762706 | G4: =Submetering!AK5+Submetering!AL5+Submetering!AU5 -> 8168.8638 | H4: 0.8166 | I4: =Submetering!AF5+Submetering!AG5+Submetering!AV5+Submetering!AY5+Submetering!AZ5 -> 4647.001 | J4: =((Submetering!AG5+Submetering!BA5)*0.8868+(1712.96+1070.52)/30+(Submetering!AF5+Submetering!AY5+Submetering!AV5+Submetering!AZ5)*1.1251+(2076.11+129.67+207.57+207.57)/30+(11680.53+56.61)/30)/I4 -> 1.2293122 | K4: =Elect!C7 -> 1610
A5: Orlando | B5: 17 | C5: 1 | D5: 2022 | E5: =Submetering!F6+Submetering!H6+Submetering!J6+Submetering!L6+Submetering!N6+Submetering!P6+Submetering!R6+Submetering!T6+Submetering!V6+Submetering!X6+Submetering!Z6+Submetering!AB6+Submetering!AC6+Submetering!AD6+Submetering!AE6 -> 279751 | F5: =((((Submetering!E6+Submetering!AD6)*0.13773+(Submetering!E6+Submetering!AD6)*0.02095)*1.09+(2.85/30)*2)+(((Submetering!F6+Submetering!H6+Submetering!J6+Submetering!L6+Submetering!N6+Submetering!P6+Submetering!R6+Submetering!T6+Submetering!V6+Submetering!X6+Submetering!Z6+Submetering!AB6+Submetering!AC6+Submetering!AE6)*0.05155)+((Submetering!F6+Submetering!H6+Submetering!J6+Submetering!L6+Submetering!N6+Submetering!P6+Submetering!R6+Submetering!T6+Submetering!V6+Submetering!X6+Submetering!Z6+Submetering!AB6+Submetering!AC6+Submetering!AE6)*0.02095)+(20/30)*15)*1.1048)/E5 -> 0.08072582 | G5: =Submetering!AK6+Submetering!AL6+Submetering!AU6 -> 8793.7472 | H5: 0.8166 | I5: =Submetering!AF6+Submetering!AG6+Submetering!AV6+Submetering!AY6+Submetering!AZ6 -> 4520.7118 | J5: =((Submetering!AG6+Submetering!BA6)*0.8868+(1712.96+1070.52)/30+(Submetering!AF6+Submetering!AY6+Submetering!AV6+Submetering!AZ6)*1.1251+(2076.11+129.67+207.57+207.57)/30+(11680.53+56.61)/30)/I5 -> 1.2385967 | K5: =Elect!C8 -> 1849
A6: Orlando | B6: 24 | C6: 1 | D6: 2022 | E6: =Submetering!F7+Submetering!H7+Submetering!J7+Submetering!L7+Submetering!N7+Submetering!P7+Submetering!R7+Submetering!T7+Submetering!V7+Submetering!X7+Submetering!Z7+Submetering!AB7+Submetering!AC7+Submetering!AD7+Submetering!AE7 -> 261801 | F6: =((((Submetering!E7+Submetering!AD7)*0.13773+(Submetering!E7+Submetering!AD7)*0.02095)*1.09+(2.85/30)*2)+(((Submetering!F7+Submetering!H7+Submetering!J7+Submetering!L7+Submetering!N7+Submetering!P7+Submetering!R7+Submetering!T7+Submetering!V7+Submetering!X7+Submetering!Z7+Submetering!AB7+Submetering!AC7+Submetering!AE7)*0.05155)+((Submetering!F7+Submetering!H7+Submetering!J7+Submetering!L7+Submetering!N7+Submetering!P7+Submetering!R7+Submetering!T7+Submetering!V7+Submetering!X7+Submetering!Z7+Submetering!AB7+Submetering!AC7+Submetering!AE7)*0.02095)+(20/30)*15)*1.1048)/E6 -> 0.080697066 | G6: =Submetering!AK7+Submetering!AL7+Submetering!AU7 -> 9082.3306 | H6: 0.8166 | I6: =Submetering!AF7+Submetering!AG7+Submetering!AV7+Submetering!AY7+Submetering!AZ7 -> 3812.8896 | J6: =((Submetering!AG7+Submetering!BA7)*0.8868+(1712.96+1070.52)/30+(Submetering!AF7+Submetering!AY7+Submetering!AV7+Submetering!AZ7)*1.1251+(2076.11+129.67+207.57+207.57)/30+(11680.53+56.61)/30)/I6 -> 1.2732171 | K6: =Elect!C9 -> 724
A7: Orlando | B7: 31 | C7: 1 | D7: 2022 | E7: =Submetering!F8+Submetering!H8+Submetering!J8+Submetering!L8+Submetering!N8+Submetering!P8+Submetering!R8+Submetering!T8+Submetering!V8+Submetering!X8+Submetering!Z8+Submetering!AB8+Submetering!AC8+Submetering!AD8+Submetering!AE8 -> 280505 | F7: =((((Submetering!E8+Submetering!AD8)*0.13773+(Submetering!E8+Submetering!AD8)*0.02095)*1.09+(2.85/30)*2)+(((Submetering!F8+Submetering!H8+Submetering!J8+Submetering!L8+Submetering!N8+Submetering!P8+Submetering!R8+Submetering!T8+Submetering!V8+Submetering!X8+Submetering!Z8+Submetering!AB8+Submetering!AC8+Submetering!AE8)*0.05155)+((Submetering!F8+Submetering!H8+Submetering!J8+Submetering!L8+Submetering!N8+Submetering!P8+Submetering!R8+Submetering!T8+Submetering!V8+Submetering!X8+Submetering!Z8+Submetering!AB8+Submetering!AC8+Submetering!AE8)*0.02095)+(20/30)*15)*1.1048)/E7 -> 0.080991603 | G7: =Submetering!AK8+Submetering!AL8+Submetering!AU8 -> 7215.915 | H7: 0.8166 | I7: =Submetering!AF8+Submetering!AG8+Submetering!AV8+Submetering!AY8+Submetering!AZ8 -> 4725.3304 | J7: =((Submetering!AG8+Submetering!BA8)*0.8868+(1712.96+1070.52)/30+(Submetering!AF8+Submetering!AY8+Submetering!AV8+Submetering!AZ8)*1.1251+(2076.11+129.67+207.57+207.57)/30+(11680.53+56.61)/30)/I7 -> 1.2277025 | K7: =Elect!C10 -> 1557
A8: Orlando | B8: 7 | C8: 2 | D8: 2022 | E8: =Submetering!F9+Submetering!H9+Submetering!J9+Submetering!L9+Submetering!N9+Submetering!P9+Submetering!R9+Submetering!T9+Submetering!V9+Submetering!X9+Submetering!Z9+Submetering!AB9+Submetering!AC9+Submetering!AD9+Submetering!AE9 -> 260532 | F8: =((((Submetering!E9+Submetering!AD9)*0.13773+(Submetering!E9+Submetering!AD9)*0.02095)*1.09+(2.85/30)*2)+(((Submetering!F9+Submetering!H9+Submetering!J9+Submetering!L9+Submetering!N9+Submetering!P9+Submetering!R9+Submetering!T9+Submetering!V9+Submetering!X9+Submetering!Z9+Submetering!AB9+Submetering!AC9+Submetering!AE9)*0.05155)+((Submetering!F9+Submetering!H9+Submetering!J9+Submetering!L9+Submetering!N9+Submetering!P9+Submetering!R9+Submetering!T9+Submetering!V9+Submetering!X9+Submetering!Z9+Submetering!AB9+Submetering!AC9+Submetering!AE9)*0.02095)+(20/30)*15)*1.1048)/E8 -> 0.080416304 | G8: =Submetering!AK9+Submetering!AL9+Submetering!AU9 -> 4121.6472 | H8: 0.8166 | I8: =Submetering!AF9+Submetering!AG9+Submetering!AV9+Submetering!AY9+Submetering!AZ9 -> 4498.5388 | J8: =((Submetering!AG9+Submetering!BA9)*0.8868+(1712.96+1070.52)/30+(Submetering!AF9+Submetering!AY9+Submetering!AV9+Submetering!AZ9)*1.1251+(2076.11+129.67+207.57+207.57)/30+(11680.53+56.61)/30)/I8 -> 1.237892 | K8: =Elect!C11 -> 1315
A9: Orlando | B9: 14 | C9: 2 | D9: 2022 | E9: =Submetering!F10+Submetering!H10+Submetering!J10+Submetering!L10+Submetering!N10+Submetering!P10+Submetering!R10+Submetering!T10+Submetering!V10+Submetering!X10+Submetering!Z10+Submetering!AB10+Submetering!AC10+Submetering!AD10+Submetering!AE10 -> 316895 | F9: =((((Submetering!E10+Submetering!AD10)*0.13773+(Submetering!E10+Submetering!AD10)*0.02095)*1.09+(2.85/30)*2)+(((Submetering!F10+Submetering!H10+Submetering!J10+Submetering!L10+Submetering!N10+Submetering!P10+Submetering!R10+Submetering!T10+Submetering!V10+Submetering!X10+Submetering!Z10+Submetering!AB10+Submetering!AC10+Submetering!AE10)*0.05155)+((Submetering!F10+Submetering!H10+Submetering!J10+Submetering!L10+Submetering!N10+Submetering!P10+Submetering!R10+Submetering!T10+Submetering!V10+Submetering!X10+Submetering!Z10+Submetering!AB10+Submetering!AC10+Submetering!AE10)*0.02095)+(20/30)*15)*1.1048)/E9 -> 0.080646166 | G9: =Submetering!AK10+Submetering!AL10+Submetering!AU10 -> 10809.195 | H9: 0.8166 | I9: =Submetering!AF10+Submetering!AG10+Submetering!AV10+Submetering!AY10+Submetering!AZ10 -> 5814.171 | J9: =((Submetering!AG10+Submetering!BA10)*0.8868+(1712.96+1070.52)/30+(Submetering!AF10+Submetering!AY10+Submetering!AV10+Submetering!AZ10)*1.1251+(2076.11+129.67+207.57+207.57)/30+(11680.53+56.61)/30)/I9 -> 1.2057537 | K9: =Elect!C12 -> 2448
A10: Orlando | B10: 21 | C10: 2 | D10: 2022 | E10: =Submetering!F11+Submetering!H11+Submetering!J11+Submetering!L11+Submetering!N11+Submetering!P11+Submetering!R11+Submetering!T11+Submetering!V11+Submetering!X11+Submetering!Z11+Submetering!AB11+Submetering!AC11+Submetering!AD11+Submetering!AE11 -> 344088 | F10: =((((Submetering!E11+Submetering!AD11)*0.13773+(Submetering!E11+Submetering!AD11)*0.02095)*1.09+(2.85/30)*2)+(((Submetering!F11+Submetering!H11+Submetering!J11+Submetering!L11+Submetering!N11+Submetering!P11+Submetering!R11+Submetering!T11+Submetering!V11+Submetering!X11+Submetering!Z11+Submetering!AB11+Submetering!AC11+Submetering!AE11)*0.05155)+((Submetering!F11+Submetering!H11+Submetering!J11+Submetering!L11+Submetering!N11+Submetering!P11+Submetering!R11+Submetering!T11+Submetering!V11+Submetering!X11+Submetering!Z11+Submetering!AB11+Submetering!AC11+Submetering!AE11)*0.02095)+(20/30)*15)*1.1048)/E10 -> 0.080661383 | G10: =Submetering!AK11+Submetering!AL11+Submetering!AU11 -> 4867.116 | H10: 0.8166 | I10: =Submetering!AF11+Submetering!AG11+Submetering!AV11+Submetering!AY11+Submetering!AZ11 -> 6283.1328 | J10: =((Submetering!AG11+Submetering!BA11)*0.8868+(1712.96+1070.52)/30+(Submetering!AF11+Submetering!AY11+Submetering!AV11+Submetering!AZ11)*1.1251+(2076.11+129.67+207.57+207.57)/30+(11680.53+56.61)/30)/I10 -> 1.1954698 | K10: =Elect!C13 -> 2437
A11: Orlando | B11: 28 | C11: 2 | D11: 2022 | E11: =Submetering!F12+Submetering!H12+Submetering!J12+Submetering!L12+Submetering!N12+Submetering!P12+Submetering!R12+Submetering!T12+Submetering!V12+Submetering!X12+Submetering!Z12+Submetering!AB12+Submetering!AC12+Submetering!AD12+Submetering!AE12 -> 296800 | F11: =((((Submetering!E12+Submetering!AD12)*0.13773+(Submetering!E12+Submetering!AD12)*0.02095)*1.09+(2.85/30)*2)+(((Submetering!F12+Submetering!H12+Submetering!J12+Submetering!L12+Submetering!N12+Submetering!P12+Submetering!R12+Submetering!T12+Submetering!V12+Submetering!X12+Submetering!Z12+Submetering!AB12+Submetering!AC12+Submetering!AE12)*0.05155)+((Submetering!F12+Submetering!H12+Submetering!J12+Submetering!L12+Submetering!N12+Submetering!P12+Submetering!R12+Submetering!T12+Submetering!V12+Submetering!X12+Submetering!Z12+Submetering!AB12+Submetering!AC12+Submetering!AE12)*0.02095)+(20/30)*15)*1.1048)/E11 -> 0.080660521 | G11: =Submetering!AK12+Submetering!AL12+Submetering!AU12 -> 5659.7466 | H11: 0.8166 | I11: =Submetering!AF12+Submetering!AG12+Submetering!AV12+Submetering!AY12+Submetering!AZ12 -> 5705.776 | J11: =((Submetering!AG12+Submetering!BA12)*0.8868+(1712.96+1070.52)/30+(Submetering!AF12+Submetering!AY12+Submetering!AV12+Submetering!AZ12)*1.1251+(2076.11+129.67+207.57+207.57)/30+(11680.53+56.61)/30)/I11 -> 1.2029924 | K11: =Elect!C14 -> 2097
A12: Orlando | B12: 7 | C12: 3 | D12: 2022 | E12: =Submetering!F13+Submetering!H13+Submetering!J13+Submetering!L13+Submetering!N13+Submetering!P13+Submetering!R13+Submetering!T13+Submetering!V13+Submetering!X13+Submetering!Z13+Submetering!AB13+Submetering!AC13+Submetering!AD13+Submetering!AE13 -> 348260 | F12: =((((Submetering!E13+Submetering!AD13)*0.13773+(Submetering!E13+Submetering!AD13)*0.02095)*1.09+(2.85/30)*2)+(((Submetering!F13+Submetering!H13+Submetering!J13+Submetering!L13+Submetering!N13+Submetering!P13+Submetering!R13+Submetering!T13+Submetering!V13+Submetering!X13+Submetering!Z13+Submetering!AB13+Submetering!AC13+Submetering!AE13)*0.05155)+((Submetering!F13+Submetering!H13+Submetering!J13+Submetering!L13+Submetering!N13+Submetering!P13+Submetering!R13+Submetering!T13+Submetering!V13+Submetering!X13+Submetering!Z13+Submetering!AB13+Submetering!AC13+Submetering!AE13)*0.02095)+(20/30)*15)*1.1048)/E12 -> 0.080669363 | G12: =Submetering!AK13+Submetering!AL13+Submetering!AU13 -> 4913.8864 | H12: 0.8166 | I12: =Submetering!AF13+Submetering!AG13+Submetering!AV13+Submetering!AY13+Submetering!AZ13 -> 5010.1328 | J12: =((Submetering!AG13+Submetering!BA13)*0.8868+(1712.96+1070.52)/30+(Submetering!AF13+Submetering!AY13+Submetering!AV13+Submetering!AZ13)*1.1251+(2076.11+129.67+207.57+207.57)/30+(11680.53+56.61)/30)/I12 -> 1.2312131 | K12: =Elect!C15 -> 2923
A13: Orlando | B13: 14 | C13: 3 | D13: 2022 | E13: =Submetering!F14+Submetering!H14+Submetering!J14+Submetering!L14+Submetering!N14+Submetering!P14+Submetering!R14+Submetering!T14+Submetering!V14+Submetering!X14+Submetering!Z14+Submetering!AB14+Submetering!AC14+Submetering!AD14+Submetering!AE14 -> 324382 | F13: =((((Submetering!E14+Submetering!AD14)*0.13773+(Submetering!E14+Submetering!AD14)*0.02095)*1.09+(2.85/30)*2)+(((Submetering!F14+Submetering!H14+Submetering!J14+Submetering!L14+Submetering!N14+Submetering!P14+Submetering!R14+Submetering!T14+Submetering!V14+Submetering!X14+Submetering!Z14+Submetering!AB14+Submetering!AC14+Submetering!AE14)*0.05155)+((Submetering!F14+Submetering!H14+Submetering!J14+Submetering!L14+Submetering!N14+Submetering!P14+Submetering!R14+Submetering!T14+Submetering!V14+Submetering!X14+Submetering!Z14+Submetering!AB14+Submetering!AC14+Submetering!AE14)*0.02095)+(20/30)*15)*1.1048)/E13 -> 0.080641548 | G13: =Submetering!AK14+Submetering!AL14+Submetering!AU14 -> 1344.8162 | H13: 0.8166 | I13: =Submetering!AF14+Submetering!AG14+Submetering!AV14+Submetering!AY14+Submetering!AZ14 -> 5668.0002 | J13: =((Submetering!AG14+Submetering!BA14)*0.8868+(1712.96+1070.52)/30+(Submetering!AF14+Submetering!AY14+Submetering!AV14+Submetering!AZ14)*1.1251+(2076.11+129.67+207.57+207.57)/30+(11680.53+56.61)/30)/I13 -> 1.2078636 | K13: =Elect!C16 -> 2919
... A62: Orlando | B62: 31 | C62: 12 | D62: 2022 | E62: =Submetering!F63+Submetering!H63+Submetering!J63+Submetering!L63+Submetering!N63+Submetering!P63+Submetering!R63+Submetering!T63+Submetering!V63+Submetering!X63+Submetering!Z63+Submetering!AB63+Submetering!AC63+Submetering!AD63+Submetering!AE63 -> 0 | F62: =((((Submetering!E63+Submetering!AD63)*0.13773+(Submetering!E63+Submetering!AD63)*0.02095)*1.09+(2.85/30)*2)+(((Submetering!F63+Submetering!H63+Submetering!J63+Submetering!L63+Submetering!N63+Submetering!P63+Submetering!R63+Submetering!T63+Submetering!V63+Submetering!X63+Submetering!Z63+Submetering!AB63+Submetering!AC63+Submetering!AE63)*0.05155)+((Submetering!F63+Submetering!H63+Submetering!J63+Submetering!L63+Submetering!N63+Submetering!P63+Submetering!R63+Submetering!T63+Submetering!V63+Submetering!X63+Submetering!Z63+Submetering!AB63+Submetering!AC63+Submetering!AE63)*0.02095)+(20/30)*15)*1.1048)/E62 -> #DIV/0! | G62: =Submetering!AK63+Submetering!AL63+Submetering!AU63 -> 0 | H62: 2.8166 | I62: =Submetering!AF63+Submetering!AG63+Submetering!AV63+Submetering!AY63+Submetering!AZ63 -> 0 | J62: =((Submetering!AG63+Submetering!BA63)*0.8868+(1712.96+1070.52)/30+(Submetering!AF63+Submetering!AY63+Submetering!AV63+Submetering!AZ63)*1.1251+(2076.11+129.67+207.57+207.57)/30+(11680.53+56.61)/30)/I62 -> #DIV/0! | K62: =Elect!C65 -> 0

Sheet Submetering
A1: Site Name | B1: Day | C1: Month | D1: Year | E1: 90 630 431 (KWh) | F1: 68 425 010 (KWh) | G1: T2392 (KWh) | H1: 68 425 008 (KWh) | I1: T7384 (KWh) | J1: 68 425 060 (KWh) | K1: T7380 (KWh) | L1: 68 425 097 (KWh) | M1: T7281 (KWh) | N1: 68 425 059 (KWh) | O1: T2390 (KWh) | P1: 68 425 077 (KWh) | Q1: T2395 (KWh) | R1: 68 425 078 (KWh) | S1: T2393 (KWh) | T1: 68 425 071 (KWh) | U1: T7285 (KWh) | V1: 68 425 093 (KWh) | W1: T7382 (KWh) | X1: 68 425 094 (KWh) | Y1: T2391 (KWh) | Z1: 90 625 242 (KWh) | AA1: T7283 (KWh) | AB1: 672 73 163 (KWh) | AC1: 676 62 513 (KWh) | AD1: 61 979 920 (KWh) | AE1: 56 253 208 (KWh) | AF1: Domestic Water from RCES 74860172 (m3) | AG1: Re-use Water from RCES 74860173 (m3) | AH1: Building A Fire Sprinkler System Make-up 44553004 (m3) | AI1: Building A Potable Water Feed 70275191 (m3) | AJ1: Steam Boilers Make-up Water 2130521 (m3) | AK1: Resort Natural Gas Meter 12C004186-C1 (m3) | AL1: Out Buildings Natural Gas Meter 93477704 (m3) | AM1: Cooling Tower Make-up Water 79177804 (m3) | AN1: Cooling Tower Blowdown Line Deduct 79305675 (m3) | AO1: Building E Potable Water Meter 79190041 (m3) | AP1: 7919004D | AQ1: Building J Irrigation Water Meter 79190039 (m3) | AR1: Lazy Pool River Make-up Water 79324776 (m3) | AS1: Pool Hydraunic Boiler Water Make-up 112014001775 (m3) | AT1: SPA Jacuzzi Water Make-up 112014001771 (m3) | AU1: Golf Clubhouse Natural Gas Meter 82SJ729151 (m3) | AV1: 73337589 - 1387142 | AW1: Golf Clubhouse Flushing Valve Deduct 65956268 (m3) | AX1: Clubhouse | AY1: Golf Maintenance Facility 1334021 (m3) | AZ1: Golf Course Comfort Stations 63265094 (m3) | BA1: Golf Course Re-use Irrigation 67327447 (m3)
A2: Orlando | B2: 1 | C2: 1 | D2: 2022 | E2: =IF(Elect!AL4<0,"0",Elect!AL4) -> 0 | F2: =IF(Elect!I4<0,"0",Elect!I4) -> 0 | G2: =Elect!H4 -> 2.565 | H2: =IF(Elect!F4<0,"0",Elect!F4) -> 0 | I2: =Elect!E4 -> 1.923 | J2: =IF(Elect!U4<0,"0",Elect!U4) -> 0 | K2: =Elect!T4 -> 2.249 | L2: =IF(Elect!AJ4<0,"0",Elect!AJ4) -> 0 | M2: =Elect!AI4 -> 0.294 | N2: =IF(Elect!X4<0,"0",Elect!X4) -> 0 | O2: =Elect!W4 -> 1.671 | P2: =IF(Elect!O4<0,"0",Elect!O4) -> 0 | Q2: =Elect!N4 -> 2.73 | R2: =IF(Elect!L4<0,"0",Elect!L4) -> 0 | S2: =Elect!K4 -> 3.65 | T2: =IF(Elect!R4<0,"0",Elect!R4) -> 0 | U2: =Elect!Q4 -> 3.73 | V2: =IF(Elect!AA4<0,"0",Elect!AA4) -> 0 | W2: =Elect!Z4 -> 2.75 | X2: =IF(Elect!AD4<0,"0",Elect!AD4) -> 0 | Y2: =Elect!AC4 -> 2.31 | Z2: =IF(Elect!AG4<0,"0",Elect!AG4) -> 0 | AA2: =Elect!AF4 -> 2.166 | AB2: =IF(Elect!AX4<0,"0",Elect!AX4) -> 0 | AC2: =IF(Elect!AV4<0,"0",Elect!AV4) -> 0 | AD2: =IF(Elect!AZ4<0,"0",Elect!AZ4) -> 0 | AE2: =IF(Elect!BB4<0,"0",Elect!BB4) -> 0 | AF2: =IF('Wtr-Gas'!E4<0,"0",('Wtr-Gas'!E4)*0.0038) -> 0 | AG2: =IF('Wtr-Gas'!H4<0,"0",('Wtr-Gas'!H4)*0.0038) -> 0 | AH2: =IF('Wtr-Gas'!K4<0,"0",('Wtr-Gas'!K4)*0.0038) -> 0 | AI2: =IF('Wtr-Gas'!N4<0,"0",('Wtr-Gas'!N4)*0.0038) -> 0 | AJ2: =IF('Wtr-Gas'!Q4<0,"0",('Wtr-Gas'!Q4)*0.0038) -> 0 | AK2: =IF('Wtr-Gas'!U4<0,"0",('Wtr-Gas'!U4)*0.0038) -> 0 | AL2: =IF('Wtr-Gas'!X4<0,"0",('Wtr-Gas'!X4)*0.0038) -> 0 | AM2: =IF('Wtr-Gas'!AB4<0,"0",('Wtr-Gas'!AB4)*0.0038) -> 0 | AN2: =IF('Wtr-Gas'!AD4<0,"0",('Wtr-Gas'!AD4)*0.0038) -> 0 | AO2: =IF('Wtr-Gas'!AH4<0,"0",('Wtr-Gas'!AH4)*0.0038) -> 0 | AP2: =IF('Wtr-Gas'!AJ4<0,"0",('Wtr-Gas'!AJ4)*0.0038) -> 0 | AQ2: =IF('Wtr-Gas'!AL4<0,"0",('Wtr-Gas'!AL4)*0.0038) -> 0 | AR2: =IF('Wtr-Gas'!AN4<0,"0",('Wtr-Gas'!AN4)*0.0038) -> 0 | AS2: =IF('Wtr-Gas'!AP4<0,"0",('Wtr-Gas'!AP4)*0.0038) -> 0 | AT2: =IF('Wtr-Gas'!AR4<0,"0",('Wtr-Gas'!AR4)*0.0038) -> 0 | AU2: =IF('Wtr-Gas'!AV4<0,"0",('Wtr-Gas'!AV4)*0.0038) -> 0 | AV2: =IF('Wtr-Gas'!AY4<0,"0",('Wtr-Gas'!AY4)*0.0038) -> 0 | AW2: =IF('Wtr-Gas'!BA4<0,"0",('Wtr-Gas'!BA4)*0.0038) -> 0 | AX2: =IF('Wtr-Gas'!BB4<0,"0",('Wtr-Gas'!BB4)*0.0038) -> 0 | AY2: =IF('Wtr-Gas'!BD4<0,"0",('Wtr-Gas'!BD4)*0.0038) -> 0 | AZ2: =IF('Wtr-Gas'!BF4<0,"0",('Wtr-Gas'!BF4)*0.0038) -> 0 | BA2: =IF('Wtr-Gas'!BH4<0,"0",('Wtr-Gas'!BH4)*0.0038) -> 0
A3: Orlando | B3: 3 | C3: 1 | D3: 2022 | E3: =IF(Elect!AL5<0,"0",Elect!AL5) -> 23 | F3: =IF(Elect!I5<0,"0",Elect!I5) -> 14560 | G3: =Elect!H5 -> 2.565 | H3: =IF(Elect!F5<0,"0",Elect!F5) -> 19680 | I3: =Elect!E5 -> 1.923 | J3: =IF(Elect!U5<0,"0",Elect!U5) -> 18300 | K3: =Elect!T5 -> 2.249 | L3: =IF(Elect!AJ5<0,"0",Elect!AJ5) -> 400 | M3: =Elect!AI5 -> 0.297 | N3: =IF(Elect!X5<0,"0",Elect!X5) -> 17700 | O3: =Elect!W5 -> 1.838 | P3: =IF(Elect!O5<0,"0",Elect!O5) -> 3200 | Q3: =Elect!N5 -> 3.73 | R3: =IF(Elect!L5<0,"0",Elect!L5) -> 3600 | S3: =Elect!K5 -> 3.65 | T3: =IF(Elect!R5<0,"0",Elect!R5) -> 3200 | U3: =Elect!Q5 -> 3.73 | V3: =IF(Elect!AA5<0,"0",Elect!AA5) -> 1440 | W3: =Elect!Z5 -> 2.75 | X3: =IF(Elect!AD5<0,"0",Elect!AD5) -> 960 | Y3: =Elect!AC5 -> 2.31 | Z3: =IF(Elect!AG5<0,"0",Elect!AG5) -> 15200 | AA3: =Elect!AF5 -> 2.166 | AB3: =IF(Elect!AX5<0,"0",Elect!AX5) -> 600 | AC3: =IF(Elect!AV5<0,"0",Elect!AV5) -> 6200 | AD3: =IF(Elect!AZ5<0,"0",Elect!AZ5) -> 323 | AE3: =IF(Elect!BB5<0,"0",Elect!BB5) -> 520 | AF3: =IF('Wtr-Gas'!E5<0,"0",('Wtr-Gas'!E5)*0.0038) -> 1415.196 | AG3: =IF('Wtr-Gas'!H5<0,"0",('Wtr-Gas'!H5)*0.0038) -> 246.658 | AH3: =IF('Wtr-Gas'!K5<0,"0",('Wtr-Gas'!K5)*0.0038) -> 0.114 | AI3: =IF('Wtr-Gas'!N5<0,"0",('Wtr-Gas'!N5)*0.0038) -> 1064 | AJ3: =IF('Wtr-Gas'!Q5<0,"0",('Wtr-Gas'!Q5)*0.0038) -> 44.84 | AK3: =IF('Wtr-Gas'!U5<0,"0",('Wtr-Gas'!U5)*0.0038) -> 291.46 | AL3: =IF('Wtr-Gas'!X5<0,"0",('Wtr-Gas'!X5)*0.0038) -> 1133.16 | AM3: =IF('Wtr-Gas'!AB5<0,"0",('Wtr-Gas'!AB5)*0.0038) -> 2470 | AN3: =IF('Wtr-Gas'!AD5<0,"0",('Wtr-Gas'!AD5)*0.0038) -> 657.45358 | AO3: =IF('Wtr-Gas'!AH5<0,"0",('Wtr-Gas'!AH5)*0.0038) -> 2.964 | AP3: =IF('Wtr-Gas'!AJ5<0,"0",('Wtr-Gas'!AJ5)*0.0038) -> 43.13 | AQ3: =IF('Wtr-Gas'!AL5<0,"0",('Wtr-Gas'!AL5)*0.0038) -> 10.4766 | AR3: =IF('Wtr-Gas'!AN5<0,"0",('Wtr-Gas'!AN5)*0.0038) -> 193.8 | AS3: =IF('Wtr-Gas'!AP5<0,"0",('Wtr-Gas'!AP5)*0.0038) -> 0.0114 | AT3: =IF('Wtr-Gas'!AR5<0,"0",('Wtr-Gas'!AR5)*0.0038) -> 3.42 | AU3: =IF('Wtr-Gas'!AV5<0,"0",('Wtr-Gas'!AV5)*0.0038) -> 0.2052 | AV3: =IF('Wtr-Gas'!AY5<0,"0",('Wtr-Gas'!AY5)*0.0038) -> 88.331 | AW3: =IF('Wtr-Gas'!BA5<0,"0",('Wtr-Gas'!BA5)*0.0038) -> 64.104936 | AX3: =IF('Wtr-Gas'!BB5<0,"0",('Wtr-Gas'!BB5)*0.0038) -> 24.226064 | AY3: =IF('Wtr-Gas'!BD5<0,"0",('Wtr-Gas'!BD5)*0.0038) -> 1.52 | AZ3: =IF('Wtr-Gas'!BF5<0,"0",('Wtr-Gas'!BF5)*0.0038) -> 0.76 | BA3: =IF('Wtr-Gas'!BH5<0,"0",('Wtr-Gas'!BH5)*0.0038) -> 0.038
A4: Orlando | B4: 10 | C4: 1 | D4: 2022 | E4: =IF(Elect!AL6<0,"0",Elect!AL6) -> 730 | F4: =IF(Elect!I6<0,"0",Elect!I6) -> 51200 | G4: =Elect!H6 -> 2.565 | H4: =IF(Elect!F6<0,"0",Elect!F6) -> 40320 | I4: =Elect!E6 -> 1.923 | J4: =IF(Elect!U6<0,"0",Elect!U6) -> 42000 | K4: =Elect!T6 -> 2.249 | L4: =IF(Elect!AJ6<0,"0",Elect!AJ6) -> 1440 | M4: =Elect!AI6 -> 0.297 | N4: =IF(Elect!X6<0,"0",Elect!X6) -> 33900 | O4: =Elect!W6 -> 1.838 | P4: =IF(Elect!O6<0,"0",Elect!O6) -> 9200 | Q4: =Elect!N6 -> 2.73 | R4: =IF(Elect!L6<0,"0",Elect!L6) -> 10800 | S4: =Elect!K6 -> 3.65 | T4: =IF(Elect!R6<0,"0",Elect!R6) -> 10000 | U4: =Elect!Q6 -> 3.73 | V4: =IF(Elect!AA6<0,"0",Elect!AA6) -> 5440 | W4: =Elect!Z6 -> 3.16 | X4: =IF(Elect!AD6<0,"0",Elect!AD6) -> 3680 | Y4: =Elect!AC6 -> 3.23 | Z4: =IF(Elect!AG6<0,"0",Elect!AG6) -> 54200 | AA4: =Elect!AF6 -> 2.166 | AB4: =IF(Elect!AX6<0,"0",Elect!AX6) -> 1800 | AC4: =IF(Elect!AV6<0,"0",Elect!AV6) -> 13200 | AD4: =IF(Elect!AZ6<0,"0",Elect!AZ6) -> 828 | AE4: =IF(Elect!BB6<0,"0",Elect!BB6) -> 2400 | AF4: =IF('Wtr-Gas'!E6<0,"0",('Wtr-Gas'!E6)*0.0038) -> 4305.134 | AG4: =IF('Wtr-Gas'!H6<0,"0",('Wtr-Gas'!H6)*0.0038) -> 533.026 | AH4: =IF('Wtr-Gas'!K6<0,"0",('Wtr-Gas'!K6)*0.0038) -> 0.798 | AI4: =IF('Wtr-Gas'!N6<0,"0",('Wtr-Gas'!N6)*0.0038) -> 2967.8 | AJ4: =IF('Wtr-Gas'!Q6<0,"0",('Wtr-Gas'!Q6)*0.0038) -> 147.44 | AK4: =IF('Wtr-Gas'!U6<0,"0",('Wtr-Gas'!U6)*0.0038) -> 954.56 | AL4: =IF('Wtr-Gas'!X6<0,"0",('Wtr-Gas'!X6)*0.0038) -> 5631.6 | AM4: =IF('Wtr-Gas'!AB6<0,"0",('Wtr-Gas'!AB6)*0.0038) -> 4864 | AN4: =IF('Wtr-Gas'!AD6<0,"0",('Wtr-Gas'!AD6)*0.0038) -> 1206.006 | AO4: =IF('Wtr-Gas'!AH6<0,"0",('Wtr-Gas'!AH6)*0.0038) -> 10.336 | AP4: =IF('Wtr-Gas'!AJ6<0,"0",('Wtr-Gas'!AJ6)*0.0038) -> 146.908 | AQ4: =IF('Wtr-Gas'!AL6<0,"0",('Wtr-Gas'!AL6)*0.0038) -> 46.607 | AR4: =IF('Wtr-Gas'!AN6<0,"0",('Wtr-Gas'!AN6)*0.0038) -> 752.4 | AS4: =IF('Wtr-Gas'!AP6<0,"0",('Wtr-Gas'!AP6)*0.0038) -> 0.0646 | AT4: =IF('Wtr-Gas'!AR6<0,"0",('Wtr-Gas'!AR6)*0.0038) -> 10.64 | AU4: =IF('Wtr-Gas'!AV6<0,"0",('Wtr-Gas'!AV6)*0.0038) -> 0.494 | AV4: =IF('Wtr-Gas'!AY6<0,"0",('Wtr-Gas'!AY6)*0.0038) -> 195.0198 | AW4: =IF('Wtr-Gas'!BA6<0,"0",('Wtr-Gas'!BA6)*0.0038) -> 150.3109 | AX4: =IF('Wtr-Gas'!BB6<0,"0",('Wtr-Gas'!BB6)*0.0038) -> 44.7089 | AY4: =IF('Wtr-Gas'!BD6<0,"0",('Wtr-Gas'!BD6)*0.0038) -> 20.14 | AZ4: =IF('Wtr-Gas'!BF6<0,"0",('Wtr-Gas'!BF6)*0.0038) -> 1.14 | BA4: =IF('Wtr-Gas'!BH6<0,"0",('Wtr-Gas'!BH6)*0.0038) -> 0.171
A5: Orlando | B5: 17 | C5: 1 | D5: 2022 | E5: =IF(Elect!AL7<0,"0",Elect!AL7) -> 661 | F5: =IF(Elect!I7<0,"0",Elect!I7) -> 53280 | G5: =Elect!H7 -> 2.565 | H5: =IF(Elect!F7<0,"0",Elect!F7) -> 42560 | I5: =Elect!E7 -> 1.961 | J5: =IF(Elect!U7<0,"0",Elect!U7) -> 44400 | K5: =Elect!T7 -> 2.249 | L5: =IF(Elect!AJ7<0,"0",Elect!AJ7) -> 1520 | M5: =Elect!AI7 -> 0.297 | N5: =IF(Elect!X7<0,"0",Elect!X7) -> 30900 | O5: =Elect!W7 -> 1.838 | P5: =IF(Elect!O7<0,"0",Elect!O7) -> 10400 | Q5: =Elect!N7 -> 2.73 | R5: =IF(Elect!L7<0,"0",Elect!L7) -> 11200 | S5: =Elect!K7 -> 3.65 | T5: =IF(Elect!R7<0,"0",Elect!R7) -> 11600 | U5: =Elect!Q7 -> 3.73 | V5: =IF(Elect!AA7<0,"0",Elect!AA7) -> 6080 | W5: =Elect!Z7 -> 3.18 | X5: =IF(Elect!AD7<0,"0",Elect!AD7) -> 3840 | Y5: =Elect!AC7 -> 3.23 | Z5: =IF(Elect!AG7<0,"0",Elect!AG7) -> 55600 | AA5: =Elect!AF7 -> 2.166 | AB5: =IF(Elect!AX7<0,"0",Elect!AX7) -> 1600 | AC5: =IF(Elect!AV7<0,"0",Elect!AV7) -> 10900 | AD5: =IF(Elect!AZ7<0,"0",Elect!AZ7) -> 698 | AE5: =IF(Elect!BB7<0,"0",Elect!BB7) -> 1840 | AF5: =IF('Wtr-Gas'!E7<0,"0",('Wtr-Gas'!E7)*0.0038) -> 4065.468 | AG5: =IF('Wtr-Gas'!H7<0,"0",('Wtr-Gas'!H7)*0.0038) -> 366.738 | AH5: =IF('Wtr-Gas'!K7<0,"0",('Wtr-Gas'!K7)*0.0038) -> 1.52 | AI5: =IF('Wtr-Gas'!N7<0,"0",('Wtr-Gas'!N7)*0.0038) -> 2694.2 | AJ5: =IF('Wtr-Gas'!Q7<0,"0",('Wtr-Gas'!Q7)*0.0038) -> 148.96 | AK5: =IF('Wtr-Gas'!U7<0,"0",('Wtr-Gas'!U7)*0.0038) -> 943.54 | AL5: =IF('Wtr-Gas'!X7<0,"0",('Wtr-Gas'!X7)*0.0038) -> 7224.94 | AM5: =IF('Wtr-Gas'!AB7<0,"0",('Wtr-Gas'!AB7)*0.0038) -> 3724 | AN5: =IF('Wtr-Gas'!AD7<0,"0",('Wtr-Gas'!AD7)*0.0038) -> 992.78724 | AO5: =IF('Wtr-Gas'!AH7<0,"0",('Wtr-Gas'!AH7)*0.0038) -> 9.5 | AP5: =IF('Wtr-Gas'!AJ7<0,"0",('Wtr-Gas'!AJ7)*0.0038) -> 72.504 | AQ5: =IF('Wtr-Gas'!AL7<0,"0",('Wtr-Gas'!AL7)*0.0038) -> 50.7186 | AR5: =IF('Wtr-Gas'!AN7<0,"0",('Wtr-Gas'!AN7)*0.0038) -> 820.8 | AS5: =IF('Wtr-Gas'!AP7<0,"0",('Wtr-Gas'!AP7)*0.0038) -> 0.0722 | AT5: =IF('Wtr-Gas'!AR7<0,"0",('Wtr-Gas'!AR7)*0.0038) -> 12.16 | AU5: =IF('Wtr-Gas'!AV7<0,"0",('Wtr-Gas'!AV7)*0.0038) -> 0.3838 | AV5: =IF('Wtr-Gas'!AY7<0,"0",('Wtr-Gas'!AY7)*0.0038) -> 196.555 | AW5: =IF('Wtr-Gas'!BA7<0,"0",('Wtr-Gas'!BA7)*0.0038) -> 150.14393 | AX5: =IF('Wtr-Gas'!BB7<0,"0",('Wtr-Gas'!BB7)*0.0038) -> 46.411072 | AY5: =IF('Wtr-Gas'!BD7<0,"0",('Wtr-Gas'!BD7)*0.0038) -> 17.1 | AZ5: =IF('Wtr-Gas'!BF7<0,"0",('Wtr-Gas'!BF7)*0.0038) -> 1.14 | BA5: =IF('Wtr-Gas'!BH7<0,"0",('Wtr-Gas'!BH7)*0.0038) -> 0.3192
A6: Orlando | B6: 24 | C6: 1 | D6: 2022 | E6: =IF(Elect!AL8<0,"0",Elect!AL8) -> 558 | F6: =IF(Elect!I8<0,"0",Elect!I8) -> 51680 | G6: =Elect!H8 -> 2.403 | H6: =IF(Elect!F8<0,"0",Elect!F8) -> 41600 | I6: =Elect!E8 -> 1.86 | J6: =IF(Elect!U8<0,"0",Elect!U8) -> 32700 | K6: =Elect!T8 -> 2.249 | L6: =IF(Elect!AJ8<0,"0",Elect!AJ8) -> 1480 | M6: =Elect!AI8 -> 0.292 | N6: =IF(Elect!X8<0,"0",Elect!X8) -> 35700 | O6: =Elect!W8 -> 1.838 | P6: =IF(Elect!O8<0,"0",Elect!O8) -> 12000 | Q6: =Elect!N8 -> 2.85 | R6: =IF(Elect!L8<0,"0",Elect!L8) -> 13600 | S6: =Elect!K8 -> 3.25 | T6: =IF(Elect!R8<0,"0",Elect!R8) -> 13200 | U6: =Elect!Q8 -> 3.1 | V6: =IF(Elect!AA8<0,"0",Elect!AA8) -> 6080 | W6: =Elect!Z8 -> 2.99 | X6: =IF(Elect!AD8<0,"0",Elect!AD8) -> 4480 | Y6: =Elect!AC8 -> 2.45 | Z6: =IF(Elect!AG8<0,"0",Elect!AG8) -> 54000 | AA6: =Elect!AF8 -> 2.111 | AB6: =IF(Elect!AX8<0,"0",Elect!AX8) -> 1800 | AC6: =IF(Elect!AV8<0,"0",Elect!AV8) -> 9500 | AD6: =IF(Elect!AZ8<0,"0",Elect!AZ8) -> 731 | AE6: =IF(Elect!BB8<0,"0",Elect!BB8) -> 1200 | AF6: =IF('Wtr-Gas'!E8<0,"0",('Wtr-Gas'!E8)*0.0038) -> 4070.294 | AG6: =IF('Wtr-Gas'!H8<0,"0",('Wtr-Gas'!H8)*0.0038) -> 244.644 | AH6: =IF('Wtr-Gas'!K8<0,"0",('Wtr-Gas'!K8)*0.0038) -> 1.824 | AI6: =IF('Wtr-Gas'!N8<0,"0",('Wtr-Gas'!N8)*0.0038) -> 2850 | AJ6: =IF('Wtr-Gas'!Q8<0,"0",('Wtr-Gas'!Q8)*0.0038) -> 132.62 | AK6: =IF('Wtr-Gas'!U8<0,"0",('Wtr-Gas'!U8)*0.0038) -> 1027.14 | AL6: =IF('Wtr-Gas'!X8<0,"0",('Wtr-Gas'!X8)*0.0038) -> 7766.06 | AM6: =IF('Wtr-Gas'!AB8<0,"0",('Wtr-Gas'!AB8)*0.0038) -> 2698 | AN6: =IF('Wtr-Gas'!AD8<0,"0",('Wtr-Gas'!AD8)*0.0038) -> 703.15276 | AO6: =IF('Wtr-Gas'!AH8<0,"0",('Wtr-Gas'!AH8)*0.0038) -> 12.654 | AP6: =IF('Wtr-Gas'!AJ8<0,"0",('Wtr-Gas'!AJ8)*0.0038) -> 249.318 | AQ6: =IF('Wtr-Gas'!AL8<0,"0",('Wtr-Gas'!AL8)*0.0038) -> 38.7676 | AR6: =IF('Wtr-Gas'!AN8<0,"0",('Wtr-Gas'!AN8)*0.0038) -> 509.2 | AS6: =IF('Wtr-Gas'!AP8<0,"0",('Wtr-Gas'!AP8)*0.0038) -> 0.076 | AT6: =IF('Wtr-Gas'!AR8<0,"0",('Wtr-Gas'!AR8)*0.0038) -> 10.26 | AU6: =IF('Wtr-Gas'!AV8<0,"0",('Wtr-Gas'!AV8)*0.0038) -> 0.5472 | AV6: =IF('Wtr-Gas'!AY8<0,"0",('Wtr-Gas'!AY8)*0.0038) -> 195.8938 | AW6: =IF('Wtr-Gas'!BA8<0,"0",('Wtr-Gas'!BA8)*0.0038) -> 153.02 | AX6: =IF('Wtr-Gas'!BB8<0,"0",('Wtr-Gas'!BB8)*0.0038) -> 42.873804 | AY6: =IF('Wtr-Gas'!BD8<0,"0",('Wtr-Gas'!BD8)*0.0038) -> 8.74 | AZ6: =IF('Wtr-Gas'!BF8<0,"0",('Wtr-Gas'!BF8)*0.0038) -> 1.14 | BA6: =IF('Wtr-Gas'!BH8<0,"0",('Wtr-Gas'!BH8)*0.0038) -> 0
A7: Orlando | B7: 31 | C7: 1 | D7: 2022 | E7: =IF(Elect!AL9<0,"0",Elect!AL9) -> 401 | F7: =IF(Elect!I9<0,"0",Elect!I9) -> 50720 | G7: =Elect!H9 -> 2.478 | H7: =IF(Elect!F9<0,"0",Elect!F9) -> 41280 | I7: =Elect!E9 -> 1.906 | J7: =IF(Elect!U9<0,"0",Elect!U9) -> 24600 | K7: =Elect!T9 -> 1.359 | L7: =IF(Elect!AJ9<0,"0",Elect!AJ9) -> 1400 | M7: =Elect!AI9 -> 0.292 | N7: =IF(Elect!X9<0,"0",Elect!X9) -> 30600 | O7: =Elect!W9 -> 0.98 | P7: =IF(Elect!O9<0,"0",Elect!O9) -> 11200 | Q7: =Elect!N9 -> 2.96 | R7: =IF(Elect!L9<0,"0",Elect!L9) -> 12400 | S7: =Elect!K9 -> 3.25 | T7: =IF(Elect!R9<0,"0",Elect!R9) -> 11200 | U7: =Elect!Q9 -> 3.1 | V7: =IF(Elect!AA9<0,"0",Elect!AA9) -> 5440 | W7: =Elect!Z9 -> 3.25 | X7: =IF(Elect!AD9<0,"0",Elect!AD9) -> 3200 | Y7: =Elect!AC9 -> 2.85 | Z7: =IF(Elect!AG9<0,"0",Elect!AG9) -> 53200 | AA7: =Elect!AF9 -> 2.186 | AB7: =IF(Elect!AX9<0,"0",Elect!AX9) -> 1600 | AC7: =IF(Elect!AV9<0,"0",Elect!AV9) -> 12700 | AD7: =IF(Elect!AZ9<0,"0",Elect!AZ9) -> 821 | AE7: =IF(Elect!BB9<0,"0",Elect!BB9) -> 1440 | AF7: =IF('Wtr-Gas'!E9<0,"0",('Wtr-Gas'!E9)*0.0038) -> 3572.19 | AG7: =IF('Wtr-Gas'!H9<0,"0",('Wtr-Gas'!H9)*0.0038) -> 30.058 | AH7: =IF('Wtr-Gas'!K9<0,"0",('Wtr-Gas'!K9)*0.0038) -> 0.532 | AI7: =IF('Wtr-Gas'!N9<0,"0",('Wtr-Gas'!N9)*0.0038) -> 2078.6 | AJ7: =IF('Wtr-Gas'!Q9<0,"0",('Wtr-Gas'!Q9)*0.0038) -> 139.08 | AK7: =IF('Wtr-Gas'!U9<0,"0",('Wtr-Gas'!U9)*0.0038) -> 953.42 | AL7: =IF('Wtr-Gas'!X9<0,"0",('Wtr-Gas'!X9)*0.0038) -> 8128.2 | AM7: =IF('Wtr-Gas'!AB9<0,"0",('Wtr-Gas'!AB9)*0.0038) -> 1862 | AN7: =IF('Wtr-Gas'!AD9<0,"0",('Wtr-Gas'!AD9)*0.0038) -> 542.53284 | AO7: =IF('Wtr-Gas'!AH9<0,"0",('Wtr-Gas'!AH9)*0.0038) -> 8.702 | AP7: =IF('Wtr-Gas'!AJ9<0,"0",('Wtr-Gas'!AJ9)*0.0038) -> 194.636 | AQ7: =IF('Wtr-Gas'!AL9<0,"0",('Wtr-Gas'!AL9)*0.0038) -> 45.1402 | AR7: =IF('Wtr-Gas'!AN9<0,"0",('Wtr-Gas'!AN9)*0.0038) -> 805.6 | AS7: =IF('Wtr-Gas'!AP9<0,"0",('Wtr-Gas'!AP9)*0.0038) -> 0.0988 | AT7: =IF('Wtr-Gas'!AR9<0,"0",('Wtr-Gas'!AR9)*0.0038) -> 11.78 | AU7: =IF('Wtr-Gas'!AV9<0,"0",('Wtr-Gas'!AV9)*0.0038) -> 0.7106 | AV7: =IF('Wtr-Gas'!AY9<0,"0",('Wtr-Gas'!AY9)*0.0038) -> 197.3416 | AW7: =IF('Wtr-Gas'!BA9<0,"0",('Wtr-Gas'!BA9)*0.0038) -> 151.64124 | AX7: =IF('Wtr-Gas'!BB9<0,"0",('Wtr-Gas'!BB9)*0.0038) -> 45.700358 | AY7: =IF('Wtr-Gas'!BD9<0,"0",('Wtr-Gas'!BD9)*0.0038) -> 12.16 | AZ7: =IF('Wtr-Gas'!BF9<0,"0",('Wtr-Gas'!BF9)*0.0038) -> 1.14 | BA7: =IF('Wtr-Gas'!BH9<0,"0",('Wtr-Gas'!BH9)*0.0038) -> 0.6004
A8: Orlando | B8: 7 | C8: 2 | D8: 2022 | E8: =IF(Elect!AL10<0,"0",Elect!AL10) -> 995 | F8: =IF(Elect!I10<0,"0",Elect!I10) -> 48800 | G8: =Elect!H10 -> 2.478 | H8: =IF(Elect!F10<0,"0",Elect!F10) -> 40640 | I8: =Elect!E10 -> 1.908 | J8: =IF(Elect!U10<0,"0",Elect!U10) -> 37800 | K8: =Elect!T10 -> 2.01 | L8: =IF(Elect!AJ10<0,"0",Elect!AJ10) -> 1400 | M8: =Elect!AI10 -> 0.301 | N8: =IF(Elect!X10<0,"0",Elect!X10) -> 41400 | O8: =Elect!W10 -> 1.737 | P8: =IF(Elect!O10<0,"0",Elect!O10) -> 10800 | Q8: =Elect!N10 -> 2.96 | R8: =IF(Elect!L10<0,"0",Elect!L10) -> 10800 | S8: =Elect!K10 -> 3.25 | T8: =IF(Elect!R10<0,"0",Elect!R10) -> 10800 | U8: =Elect!Q10 -> 3.1 | V8: =IF(Elect!AA10<0,"0",Elect!AA10) -> 5920 | W8: =Elect!Z10 -> 3.25 | X8: =IF(Elect!AD10<0,"0",Elect!AD10) -> 4160 | Y8: =Elect!AC10 -> 3.15 | Z8: =IF(Elect!AG10<0,"0",Elect!AG10) -> 52000 | AA8: =Elect!AF10 -> 2.186 | AB8: =IF(Elect!AX10<0,"0",Elect!AX10) -> 1400 | AC8: =IF(Elect!AV10<0,"0",Elect!AV10) -> 11500 | AD8: =IF(Elect!AZ10<0,"0",Elect!AZ10) -> 725 | AE8: =IF(Elect!BB10<0,"0",Elect!BB10) -> 2360 | AF8: =IF('Wtr-Gas'!E10<0,"0",('Wtr-Gas'!E10)*0.0038) -> 4160.392 | AG8: =IF('Wtr-Gas'!H10<0,"0",('Wtr-Gas'!H10)*0.0038) -> 363.964 | AH8: =IF('Wtr-Gas'!K10<0,"0",('Wtr-Gas'!K10)*0.0038) -> 1.672 | AI8: =IF('Wtr-Gas'!N10<0,"0",('Wtr-Gas'!N10)*0.0038) -> 2774 | AJ8: =IF('Wtr-Gas'!Q10<0,"0",('Wtr-Gas'!Q10)*0.0038) -> 145.54 | AK8: =IF('Wtr-Gas'!U10<0,"0",('Wtr-Gas'!U10)*0.0038) -> 953.04 | AL8: =IF('Wtr-Gas'!X10<0,"0",('Wtr-Gas'!X10)*0.0038) -> 6262.4 | AM8: =IF('Wtr-Gas'!AB10<0,"0",('Wtr-Gas'!AB10)*0.0038) -> 4636 | AN8: =IF('Wtr-Gas'!AD10<0,"0",('Wtr-Gas'!AD10)*0.0038) -> 1138.2452 | AO8: =IF('Wtr-Gas'!AH10<0,"0",('Wtr-Gas'!AH10)*0.0038) -> 13.3 | AP8: =IF('Wtr-Gas'!AJ10<0,"0",('Wtr-Gas'!AJ10)*0.0038) -> 244.53 | AQ8: =IF('Wtr-Gas'!AL10<0,"0",('Wtr-Gas'!AL10)*0.0038) -> 47.1352 | AR8: =IF('Wtr-Gas'!AN10<0,"0",('Wtr-Gas'!AN10)*0.0038) -> 646 | AS8: =IF('Wtr-Gas'!AP10<0,"0",('Wtr-Gas'!AP10)*0.0038) -> 0.0494 | AT8: =IF('Wtr-Gas'!AR10<0,"0",('Wtr-Gas'!AR10)*0.0038) -> 10.26 | AU8: =IF('Wtr-Gas'!AV10<0,"0",('Wtr-Gas'!AV10)*0.0038) -> 0.475 | AV8: =IF('Wtr-Gas'!AY10<0,"0",('Wtr-Gas'!AY10)*0.0038) -> 190.3344 | AW8: =IF('Wtr-Gas'!BA10<0,"0",('Wtr-Gas'!BA10)*0.0038) -> 148.11743 | AX8: =IF('Wtr-Gas'!BB10<0,"0",('Wtr-Gas'!BB10)*0.0038) -> 42.216974 | AY8: =IF('Wtr-Gas'!BD10<0,"0",('Wtr-Gas'!BD10)*0.0038) -> 9.12 | AZ8: =IF('Wtr-Gas'!BF10<0,"0",('Wtr-Gas'!BF10)*0.0038) -> 1.52 | BA8: =IF('Wtr-Gas'!BH10<0,"0",('Wtr-Gas'!BH10)*0.0038) -> 0.2014
A9: Orlando | B9: 14 | C9: 2 | D9: 2022 | E9: =IF(Elect!AL11<0,"0",Elect!AL11) -> 0 | F9: =IF(Elect!I11<0,"0",Elect!I11) -> 50880 | G9: =Elect!H11 -> 2.478 | H9: =IF(Elect!F11<0,"0",Elect!F11) -> 41280 | I9: =Elect!E11 -> 1.938 | J9: =IF(Elect!U11<0,"0",Elect!U11) -> 42000 | K9: =Elect!T11 -> 2.01 | L9: =IF(Elect!AJ11<0,"0",Elect!AJ11) -> 1440 | M9: =Elect!AI11 -> 0.301 | N9: =IF(Elect!X11<0,"0",Elect!X11) -> 26100 | O9: =Elect!W11 -> 1.737 | P9: =IF(Elect!O11<0,"0",Elect!O11) -> 10000 | Q9: =Elect!N11 -> 2.96 | R9: =IF(Elect!L11<0,"0",Elect!L11) -> 1600 | S9: =Elect!K11 -> 3.25 | T9: =IF(Elect!R11<0,"0",Elect!R11) -> 10000 | U9: =Elect!Q11 -> 3.1 | V9: =IF(Elect!AA11<0,"0",Elect!AA11) -> 5760 | W9: =Elect!Z11 -> 3.25 | X9: =IF(Elect!AD11<0,"0",Elect!AD11) -> 3360 | Y9: =Elect!AC11 -> 3.15 | Z9: =IF(Elect!AG11<0,"0",Elect!AG11) -> 52800 | AA9: =Elect!AF11 -> 2.186 | AB9: =IF(Elect!AX11<0,"0",Elect!AX11) -> 1700 | AC9: =IF(Elect!AV11<0,"0",Elect!AV11) -> 11200 | AD9: =IF(Elect!AZ11<0,"0",Elect!AZ11) -> 772 | AE9: =IF(Elect!BB11<0,"0",Elect!BB11) -> 1640 | AF9: =IF('Wtr-Gas'!E11<0,"0",('Wtr-Gas'!E11)*0.0038) -> 4025.264 | AG9: =IF('Wtr-Gas'!H11<0,"0",('Wtr-Gas'!H11)*0.0038) -> 268.622 | AH9: =IF('Wtr-Gas'!K11<0,"0",('Wtr-Gas'!K11)*0.0038) -> 1.216 | AI9: =IF('Wtr-Gas'!N11<0,"0",('Wtr-Gas'!N11)*0.0038) -> 2606.8 | AJ9: =IF('Wtr-Gas'!Q11<0,"0",('Wtr-Gas'!Q11)*0.0038) -> 144.02 | AK9: =IF('Wtr-Gas'!U11<0,"0",('Wtr-Gas'!U11)*0.0038) -> 929.1 | AL9: =IF('Wtr-Gas'!X11<0,"0",('Wtr-Gas'!X11)*0.0038) -> 3192 | AM9: =IF('Wtr-Gas'!AB11<0,"0",('Wtr-Gas'!AB11)*0.0038) -> 2926 | AN9: =IF('Wtr-Gas'!AD11<0,"0",('Wtr-Gas'!AD11)*0.0038) -> 894.444 | AO9: =IF('Wtr-Gas'!AH11<0,"0",('Wtr-Gas'!AH11)*0.0038) -> 23.522 | AP9: =IF('Wtr-Gas'!AJ11<0,"0",('Wtr-Gas'!AJ11)*0.0038) -> 293.892 | AQ9: =IF('Wtr-Gas'!AL11<0,"0",('Wtr-Gas'!AL11)*0.0038) -> 43.7076 | AR9: =IF('Wtr-Gas'!AN11<0,"0",('Wtr-Gas'!AN11)*0.0038) -> 687.8 | AS9: =IF('Wtr-Gas'!AP11<0,"0",('Wtr-Gas'!AP11)*0.0038) -> 0.076 | AT9: =IF('Wtr-Gas'!AR11<0,"0",('Wtr-Gas'!AR11)*0.0038) -> 7.22 | AU9: =IF('Wtr-Gas'!AV11<0,"0",('Wtr-Gas'!AV11)*0.0038) -> 0.5472 | AV9: =IF('Wtr-Gas'!AY11<0,"0",('Wtr-Gas'!AY11)*0.0038) -> 189.8328 | AW9: =IF('Wtr-Gas'!BA11<0,"0",('Wtr-Gas'!BA11)*0.0038) -> 150.72305 | AX9: =IF('Wtr-Gas'!BB11<0,"0",('Wtr-Gas'!BB11)*0.0038) -> 39.109752 | AY9: =IF('Wtr-Gas'!BD11<0,"0",('Wtr-Gas'!BD11)*0.0038) -> 13.68 | AZ9: =IF('Wtr-Gas'!BF11<0,"0",('Wtr-Gas'!BF11)*0.0038) -> 1.14 | BA9: =IF('Wtr-Gas'!BH11<0,"0",('Wtr-Gas'!BH11)*0.0038) -> 0.0304
A10: Orlando | B10: 21 | C10: 2 | D10: 2022 | E10: =IF(Elect!AL12<0,"0",Elect!AL12) -> 534 | F10: =IF(Elect!I12<0,"0",Elect!I12) -> 52960 | G10: =Elect!H12 -> 2.478 | H10: =IF(Elect!F12<0,"0",Elect!F12) -> 43520 | I10: =Elect!E12 -> 1.938 | J10: =IF(Elect!U12<0,"0",Elect!U12) -> 57000 | K10: =Elect!T12 -> 2.221 | L10: =IF(Elect!AJ12<0,"0",Elect!AJ12) -> 1480 | M10: =Elect!AI12 -> 0.301 | N10: =IF(Elect!X12<0,"0",Elect!X12) -> 34500 | O10: =Elect!W12 -> 1.737 | P10: =IF(Elect!O12<0,"0",Elect!O12) -> 11600 | Q10: =Elect!N12 -> 2.96 | R10: =IF(Elect!L12<0,"0",Elect!L12) -> 22000 | S10: =Elect!K12 -> 3.25 | T10: =IF(Elect!R12<0,"0",Elect!R12) -> 11600 | U10: =Elect!Q12 -> 3.1 | V10: =IF(Elect!AA12<0,"0",Elect!AA12) -> 6080 | W10: =Elect!Z12 -> 3.25 | X10: =IF(Elect!AD12<0,"0",Elect!AD12) -> 3840 | Y10: =Elect!AC12 -> 3.15 | Z10: =IF(Elect!AG12<0,"0",Elect!AG12) -> 55000 | AA10: =Elect!AF12 -> 2.186 | AB10: =IF(Elect!AX12<0,"0",Elect!AX12) -> 1500 | AC10: =IF(Elect!AV12<0,"0",Elect!AV12) -> 12300 | AD10: =IF(Elect!AZ12<0,"0",Elect!AZ12) -> 755 | AE10: =IF(Elect!BB12<0,"0",Elect!BB12) -> 2760 | AF10: =IF('Wtr-Gas'!E12<0,"0",('Wtr-Gas'!E12)*0.0038) -> 5169.9 | AG10: =IF('Wtr-Gas'!H12<0,"0",('Wtr-Gas'!H12)*0.0038) -> 430.388 | AH10: =IF('Wtr-Gas'!K12<0,"0",('Wtr-Gas'!K12)*0.0038) -> 1.178 | AI10: =IF('Wtr-Gas'!N12<0,"0",('Wtr-Gas'!N12)*0.0038) -> 3739.2 | AJ10: =IF('Wtr-Gas'!Q12<0,"0",('Wtr-Gas'!Q12)*0.0038) -> 108.68 | AK10: =IF('Wtr-Gas'!U12<0,"0",('Wtr-Gas'!U12)*0.0038) -> 1008.52 | AL10: =IF('Wtr-Gas'!X12<0,"0",('Wtr-Gas'!X12)*0.0038) -> 9800.2 | AM10: =IF('Wtr-Gas'!AB12<0,"0",('Wtr-Gas'!AB12)*0.0038) -> 5700 | AN10: =IF('Wtr-Gas'!AD12<0,"0",('Wtr-Gas'!AD12)*0.0038) -> 1468.2292 | AO10: =IF('Wtr-Gas'!AH12<0,"0",('Wtr-Gas'!AH12)*0.0038) -> 18.772 | AP10: =IF('Wtr-Gas'!AJ12<0,"0",('Wtr-Gas'!AJ12)*0.0038) -> 333.83 | AQ10: =IF('Wtr-Gas'!AL12<0,"0",('Wtr-Gas'!AL12)*0.0038) -> 42.9628 | AR10: =IF('Wtr-Gas'!AN12<0,"0",('Wtr-Gas'!AN12)*0.0038) -> 516.8 | AS10: =IF('Wtr-Gas'!AP12<0,"0",('Wtr-Gas'!AP12)*0.0038) -> 0.0494 | AT10: =IF('Wtr-Gas'!AR12<0,"0",('Wtr-Gas'!AR12)*0.0038) -> 10.64 | AU10: =IF('Wtr-Gas'!AV12<0,"0",('Wtr-Gas'!AV12)*0.0038) -> 0.475 | AV10: =IF('Wtr-Gas'!AY12<0,"0",('Wtr-Gas'!AY12)*0.0038) -> 200.963 | AW10: =IF('Wtr-Gas'!BA12<0,"0",('Wtr-Gas'!BA12)*0.0038) -> 148.43423 | AX10: =IF('Wtr-Gas'!BB12<0,"0",('Wtr-Gas'!BB12)*0.0038) -> 52.528768 | AY10: =IF('Wtr-Gas'!BD12<0,"0",('Wtr-Gas'!BD12)*0.0038) -> 11.78 | AZ10: =IF('Wtr-Gas'!BF12<0,"0",('Wtr-Gas'!BF12)*0.0038) -> 1.14 | BA10: =IF('Wtr-Gas'!BH12<0,"0",('Wtr-Gas'!BH12)*0.0038) -> 0.1254
A11: Orlando | B11: 28 | C11: 2 | D11: 2022 | E11: =IF(Elect!AL13<0,"0",Elect!AL13) -> 622 | F11: =IF(Elect!I13<0,"0",Elect!I13) -> 52160 | G11: =Elect!H13 -> 2.288 | H11: =IF(Elect!F13<0,"0",Elect!F13) -> 42400 | I11: =Elect!E13 -> 1.894 | J11: =IF(Elect!U13<0,"0",Elect!U13) -> 52200 | K11: =Elect!T13 -> 1.589 | L11: =IF(Elect!AJ13<0,"0",Elect!AJ13) -> 1440 | M11: =Elect!AI13 -> 2.81 | N11: =IF(Elect!X13<0,"0",Elect!X13) -> 72000 | O11: =Elect!W13 -> 1.884 | P11: =IF(Elect!O13<0,"0",Elect!O13) -> 11200 | Q11: =Elect!N13 -> 2.28 | R11: =IF(Elect!L13<0,"0",Elect!L13) -> 12800 | S11: =Elect!K13 -> 2.41 | T11: =IF(Elect!R13<0,"0",Elect!R13) -> 11200 | U11: =Elect!Q13 -> 2.08 | V11: =IF(Elect!AA13<0,"0",Elect!AA13) -> 6560 | W11: =Elect!Z13 -> 3.72 | X11: =IF(Elect!AD13<0,"0",Elect!AD13) -> 4000 | Y11: =Elect!AC13 -> 2.66 | Z11: =IF(Elect!AG13<0,"0",Elect!AG13) -> 57400 | AA11: =Elect!AF13 -> 2.141 | AB11: =IF(Elect!AX13<0,"0",Elect!AX13) -> 1600 | AC11: =IF(Elect!AV13<0,"0",Elect!AV13) -> 14600 | AD11: =IF(Elect!AZ13<0,"0",Elect!AZ13) -> 808 | AE11: =IF(Elect!BB13<0,"0",Elect!BB13) -> 3720 | AF11: =IF('Wtr-Gas'!E13<0,"0",('Wtr-Gas'!E13)*0.0038) -> 5539.602 | AG11: =IF('Wtr-Gas'!H13<0,"0",('Wtr-Gas'!H13)*0.0038) -> 542.716 | AH11: =IF('Wtr-Gas'!K13<0,"0",('Wtr-Gas'!K13)*0.0038) -> 4.37 | AI11: =IF('Wtr-Gas'!N13<0,"0",('Wtr-Gas'!N13)*0.0038) -> 4164.8 | AJ11: =IF('Wtr-Gas'!Q13<0,"0",('Wtr-Gas'!Q13)*0.0038) -> 99.94 | AK11: =IF('Wtr-Gas'!U13<0,"0",('Wtr-Gas'!U13)*0.0038) -> 964.82 | AL11: =IF('Wtr-Gas'!X13<0,"0",('Wtr-Gas'!X13)*0.0038) -> 3901.84 | AM11: =IF('Wtr-Gas'!AB13<0,"0",('Wtr-Gas'!AB13)*0.0038) -> 8816 | AN11: =IF('Wtr-Gas'!AD13<0,"0",('Wtr-Gas'!AD13)*0.0038) -> 2391.5011 | AO11: =IF('Wtr-Gas'!AH13<0,"0",('Wtr-Gas'!AH13)*0.0038) -> 15.01 | AP11: =IF('Wtr-Gas'!AJ13<0,"0",('Wtr-Gas'!AJ13)*0.0038) -> 372.438 | AQ11: =IF('Wtr-Gas'!AL13<0,"0",('Wtr-Gas'!AL13)*0.0038) -> 50.9086 | AR11: =IF('Wtr-Gas'!AN13<0,"0",('Wtr-Gas'!AN13)*0.0038) -> 425.6 | AS11: =IF('Wtr-Gas'!AP13<0,"0",('Wtr-Gas'!AP13)*0.0038) -> 0.0418 | AT11: =IF('Wtr-Gas'!AR13<0,"0",('Wtr-Gas'!AR13)*0.0038) -> 7.6 | AU11: =IF('Wtr-Gas'!AV13<0,"0",('Wtr-Gas'!AV13)*0.0038) -> 0.456 | AV11: =IF('Wtr-Gas'!AY13<0,"0",('Wtr-Gas'!AY13)*0.0038) -> 192.4548 | AW11: =IF('Wtr-Gas'!BA13<0,"0",('Wtr-Gas'!BA13)*0.0038) -> 148.08828 | AX11: =IF('Wtr-Gas'!BB13<0,"0",('Wtr-Gas'!BB13)*0.0038) -> 44.36652 | AY11: =IF('Wtr-Gas'!BD13<0,"0",('Wtr-Gas'!BD13)*0.0038) -> 6.46 | AZ11: =IF('Wtr-Gas'!BF13<0,"0",('Wtr-Gas'!BF13)*0.0038) -> 1.9 | BA11: =IF('Wtr-Gas'!BH13<0,"0",('Wtr-Gas'!BH13)*0.0038) -> 0.0988
A12: Orlando | B12: 7 | C12: 3 | D12: 2022 | E12: =IF(Elect!AL14<0,"0",Elect!AL14) -> 503 | F12: =IF(Elect!I14<0,"0",Elect!I14) -> 49600 | G12: =Elect!H14 -> 2.39 | H12: =IF(Elect!F14<0,"0",Elect!F14) -> 40000 | I12: =Elect!E14 -> 1.969 | J12: =IF(Elect!U14<0,"0",Elect!U14) -> 45900 | K12: =Elect!T14 -> 1.749 | L12: =IF(Elect!AJ14<0,"0",Elect!AJ14) -> 1320 | M12: =Elect!AI14 -> 2.81 | N12: =IF(Elect!X14<0,"0",Elect!X14) -> 45300 | O12: =Elect!W14 -> 1.884 | P12: =IF(Elect!O14<0,"0",Elect!O14) -> 10400 | Q12: =Elect!N14 -> 2.28 | R12: =IF(Elect!L14<0,"0",Elect!L14) -> 11200 | S12: =Elect!K14 -> 2.79 | T12: =IF(Elect!R14<0,"0",Elect!R14) -> 10400 | U12: =Elect!Q14 -> 2.34 | V12: =IF(Elect!AA14<0,"0",Elect!AA14) -> 5920 | W12: =Elect!Z14 -> 3.72 | X12: =IF(Elect!AD14<0,"0",Elect!AD14) -> 4160 | Y12: =Elect!AC14 -> 2.79 | Z12: =IF(Elect!AG14<0,"0",Elect!AG14) -> 54400 | AA12: =Elect!AF14 -> 2.272 | AB12: =IF(Elect!AX14<0,"0",Elect!AX14) -> 1400 | AC12: =IF(Elect!AV14<0,"0",Elect!AV14) -> 13500 | AD12: =IF(Elect!AZ14<0,"0",Elect!AZ14) -> 740 | AE12: =IF(Elect!BB14<0,"0",Elect!BB14) -> 2560 | AF12: =IF('Wtr-Gas'!E14<0,"0",('Wtr-Gas'!E14)*0.0038) -> 4951.02 | AG12: =IF('Wtr-Gas'!H14<0,"0",('Wtr-Gas'!H14)*0.0038) -> 532.836 | AH12: =IF('Wtr-Gas'!K14<0,"0",('Wtr-Gas'!K14)*0.0038) -> 0.988 | AI12: =IF('Wtr-Gas'!N14<0,"0",('Wtr-Gas'!N14)*0.0038) -> 3986.2 | AJ12: =IF('Wtr-Gas'!Q14<0,"0",('Wtr-Gas'!Q14)*0.0038) -> 22.8 | AK12: =IF('Wtr-Gas'!U14<0,"0",('Wtr-Gas'!U14)*0.0038) -> 954.18 | AL12: =IF('Wtr-Gas'!X14<0,"0",('Wtr-Gas'!X14)*0.0038) -> 4705.16 | AM12: =IF('Wtr-Gas'!AB14<0,"0",('Wtr-Gas'!AB14)*0.0038) -> 6042 | AN12: =IF('Wtr-Gas'!AD14<0,"0",('Wtr-Gas'!AD14)*0.0038) -> 1336.1283 | AO12: =IF('Wtr-Gas'!AH14<0,"0",('Wtr-Gas'!AH14)*0.0038) -> 12.502 | AP12: =IF('Wtr-Gas'!AJ14<0,"0",('Wtr-Gas'!AJ14)*0.0038) -> 319.01 | AQ12: =IF('Wtr-Gas'!AL14<0,"0",('Wtr-Gas'!AL14)*0.0038) -> 50.7338 | AR12: =IF('Wtr-Gas'!AN14<0,"0",('Wtr-Gas'!AN14)*0.0038) -> 326.8 | AS12: =IF('Wtr-Gas'!AP14<0,"0",('Wtr-Gas'!AP14)*0.0038) -> 0.0494 | AT12: =IF('Wtr-Gas'!AR14<0,"0",('Wtr-Gas'!AR14)*0.0038) -> 11.02 | AU12: =IF('Wtr-Gas'!AV14<0,"0",('Wtr-Gas'!AV14)*0.0038) -> 0.4066 | AV12: =IF('Wtr-Gas'!AY14<0,"0",('Wtr-Gas'!AY14)*0.0038) -> 206.53 | AW12: =IF('Wtr-Gas'!BA14<0,"0",('Wtr-Gas'!BA14)*0.0038) -> 147.25536 | AX12: =IF('Wtr-Gas'!BB14<0,"0",('Wtr-Gas'!BB14)*0.0038) -> 59.274642 | AY12: =IF('Wtr-Gas'!BD14<0,"0",('Wtr-Gas'!BD14)*0.0038) -> 12.16 | AZ12: =IF('Wtr-Gas'!BF14<0,"0",('Wtr-Gas'!BF14)*0.0038) -> 3.23 | BA12: =IF('Wtr-Gas'!BH14<0,"0",('Wtr-Gas'!BH14)*0.0038) -> 0.0304
A13: Orlando | B13: 14 | C13: 3 | D13: 2022 | E13: =IF(Elect!AL15<0,"0",Elect!AL15) -> 613 | F13: =IF(Elect!I15<0,"0",Elect!I15) -> 52320 | G13: =Elect!H15 -> 2.413 | H13: =IF(Elect!F15<0,"0",Elect!F15) -> 41920 | I13: =Elect!E15 -> 1.961 | J13: =IF(Elect!U15<0,"0",Elect!U15) -> 60900 | K13: =Elect!T15 -> 2.726 | L13: =IF(Elect!AJ15<0,"0",Elect!AJ15) -> 1440 | M13: =Elect!AI15 -> 0.292 | N13: =IF(Elect!X15<0,"0",Elect!X15) -> 67500 | O13: =Elect!W15 -> 1.963 | P13: =IF(Elect!O15<0,"0",Elect!O15) -> 12000 | Q13: =Elect!N15 -> 3.2 | R13: =IF(Elect!L15<0,"0",Elect!L15) -> 13600 | S13: =Elect!K15 -> 3.44 | T13: =IF(Elect!R15<0,"0",Elect!R15) -> 11600 | U13: =Elect!Q15 -> 3.54 | V13: =IF(Elect!AA15<0,"0",Elect!AA15) -> 9120 | W13: =Elect!Z15 -> 0.618 | X13: =IF(Elect!AD15<0,"0",Elect!AD15) -> 4160 | Y13: =Elect!AC15 -> 2.93 | Z13: =IF(Elect!AG15<0,"0",Elect!AG15) -> 54000 | AA13: =Elect!AF15 -> 2.222 | AB13: =IF(Elect!AX15<0,"0",Elect!AX15) -> 1900 | AC13: =IF(Elect!AV15<0,"0",Elect!AV15) -> 15800 | AD13: =IF(Elect!AZ15<0,"0",Elect!AZ15) -> 880 | AE13: =IF(Elect!BB15<0,"0",Elect!BB15) -> 1120 | AF13: =IF('Wtr-Gas'!E15<0,"0",('Wtr-Gas'!E15)*0.0038) -> 4622.358 | AG13: =IF('Wtr-Gas'!H15<0,"0",('Wtr-Gas'!H15)*0.0038) -> 166.782 | AH13: =IF('Wtr-Gas'!K15<0,"0",('Wtr-Gas'!K15)*0.0038) -> 0.912 | AI13: =IF('Wtr-Gas'!N15<0,"0",('Wtr-Gas'!N15)*0.0038) -> 3727.8 | AJ13: =IF('Wtr-Gas'!Q15<0,"0",('Wtr-Gas'!Q15)*0.0038) -> 215.84 | AK13: =IF('Wtr-Gas'!U15<0,"0",('Wtr-Gas'!U15)*0.0038) -> 991.8 | AL13: =IF('Wtr-Gas'!X15<0,"0",('Wtr-Gas'!X15)*0.0038) -> 3921.6 | AM13: =IF('Wtr-Gas'!AB15<0,"0",('Wtr-Gas'!AB15)*0.0038) -> 8056 | AN13: =IF('Wtr-Gas'!AD15<0,"0",('Wtr-Gas'!AD15)*0.0038) -> 2040.1394 | AO13: =IF('Wtr-Gas'!AH15<0,"0",('Wtr-Gas'!AH15)*0.0038) -> 5.738 | AP13: =IF('Wtr-Gas'!AJ15<0,"0",('Wtr-Gas'!AJ15)*0.0038) -> 232.218 | AQ13: =IF('Wtr-Gas'!AL15<0,"0",('Wtr-Gas'!AL15)*0.0038) -> 28.538 | AR13: =IF('Wtr-Gas'!AN15<0,"0",('Wtr-Gas'!AN15)*0.0038) -> 30.4 | AS13: =IF('Wtr-Gas'!AP15<0,"0",('Wtr-Gas'!AP15)*0.0038) -> 0.0456 | AT13: =IF('Wtr-Gas'!AR15<0,"0",('Wtr-Gas'!AR15)*0.0038) -> 10.26 | AU13: =IF('Wtr-Gas'!AV15<0,"0",('Wtr-Gas'!AV15)*0.0038) -> 0.4864 | AV13: =IF('Wtr-Gas'!AY15<0,"0",('Wtr-Gas'!AY15)*0.0038) -> 211.4928 | AW13: =IF('Wtr-Gas'!BA15<0,"0",('Wtr-Gas'!BA15)*0.0038) -> 165.60149 | AX13: =IF('Wtr-Gas'!BB15<0,"0",('Wtr-Gas'!BB15)*0.0038) -> 45.891308 | AY13: =IF('Wtr-Gas'!BD15<0,"0",('Wtr-Gas'!BD15)*0.0038) -> 9.5 | AZ13: =IF('Wtr-Gas'!BF15<0,"0",('Wtr-Gas'!BF15)*0.0038) -> 0 | BA13: =IF('Wtr-Gas'!BH15<0,"0",('Wtr-Gas'!BH15)*0.0038) -> 0
... A62: Orlando | B62: 31 | C62: 12 | D62: 2022 | E62: =IF(Elect!AL64<0,"0",Elect!AL64) -> 0 | F62: =IF(Elect!I64<0,"0",Elect!I64) -> 0 | G62: =Elect!H64 -> 0 | H62: =IF(Elect!F64<0,"0",Elect!F64) -> 0 | I62: =Elect!E64 -> 0 | J62: =IF(Elect!U64<0,"0",Elect!U64) -> 0 | K62: =Elect!T64 -> 0 | L62: =IF(Elect!AJ64<0,"0",Elect!AJ64) -> 0 | M62: =Elect!AI64 -> 0 | N62: =IF(Elect!X64<0,"0",Elect!X64) -> 0 | O62: =Elect!W64 -> 0 | P62: =IF(Elect!O64<0,"0",Elect!O64) -> 0 | Q62: =Elect!N64 -> 0 | R62: =IF(Elect!L64<0,"0",Elect!L64) -> 0 | S62: =Elect!K64 -> 0 | T62: =IF(Elect!R64<0,"0",Elect!R64) -> 0 | U62: =Elect!Q64 -> 0 | V62: =IF(Elect!AA64<0,"0",Elect!AA64) -> 0 | W62: =Elect!Z64 -> 0 | X62: =IF(Elect!AD64<0,"0",Elect!AD64) -> 0 | Y62: =Elect!AC64 -> 0 | Z62: =IF(Elect!AG64<0,"0",Elect!AG64) -> 0 | AA62: =Elect!AF64 -> 0 | AB62: =IF(Elect!AX64<0,"0",Elect!AX64) -> 0 | AC62: =IF(Elect!AV64<0,"0",Elect!AV64) -> 0 | AD62: =IF(Elect!AZ64<0,"0",Elect!AZ64) -> 0 | AE62: =IF(Elect!BB64<0,"0",Elect!BB64) -> 0 | AF62: =IF('Wtr-Gas'!E64<0,"0",('Wtr-Gas'!E64)*0.0038) -> 0 | AG62: =IF('Wtr-Gas'!H64<0,"0",('Wtr-Gas'!H64)*0.0038) -> 0 | AH62: =IF('Wtr-Gas'!K64<0,"0",('Wtr-Gas'!K64)*0.0038) -> 0 | AI62: =IF('Wtr-Gas'!N64<0,"0",('Wtr-Gas'!N64)*0.0038) -> 0 | AJ62: =IF('Wtr-Gas'!Q64<0,"0",('Wtr-Gas'!Q64)*0.0038) -> 0 | AK62: =IF('Wtr-Gas'!U64<0,"0",('Wtr-Gas'!U64)*0.0038) -> 0 | AL62: =IF('Wtr-Gas'!X64<0,"0",('Wtr-Gas'!X64)*0.0038) -> 0 | AM62: =IF('Wtr-Gas'!AB64<0,"0",('Wtr-Gas'!AB64)*0.0038) -> 0 | AN62: =IF('Wtr-Gas'!AD64<0,"0",('Wtr-Gas'!AD64)*0.0038) -> 0 | AO62: =IF('Wtr-Gas'!AH64<0,"0",('Wtr-Gas'!AH64)*0.0038) -> 0 | AP62: =IF('Wtr-Gas'!AJ64<0,"0",('Wtr-Gas'!AJ64)*0.0038) -> 0 | AQ62: =IF('Wtr-Gas'!AL64<0,"0",('Wtr-Gas'!AL64)*0.0038) -> 0 | AR62: =IF('Wtr-Gas'!AN64<0,"0",('Wtr-Gas'!AN64)*0.0038) -> 0 | AS62: =IF('Wtr-Gas'!AP64<0,"0",('Wtr-Gas'!AP64)*0.0038) -> 0 | AT62: =IF('Wtr-Gas'!AR64<0,"0",('Wtr-Gas'!AR64)*0.0038) -> 0 | AU62: =IF('Wtr-Gas'!AV64<0,"0",('Wtr-Gas'!AV64)*0.0038) -> 0 | AV62: =IF('Wtr-Gas'!AY64<0,"0",('Wtr-Gas'!AY64)*0.0038) -> 0 | AW62: =IF('Wtr-Gas'!BA64<0,"0",('Wtr-Gas'!BA64)*0.0038) -> 0 | AX62: =IF('Wtr-Gas'!BB64<0,"0",('Wtr-Gas'!BB64)*0.0038) -> 0 | AY62: =IF('Wtr-Gas'!BD64<0,"0",('Wtr-Gas'!BD64)*0.0038) -> 0 | AZ62: =IF('Wtr-Gas'!BF64<0,"0",('Wtr-Gas'!BF64)*0.0038) -> 0 | BA62: =IF('Wtr-Gas'!BH64<0,"0",('Wtr-Gas'!BH64)*0.0038) -> 0

Sheet Elect
B1: 2021 | D1: CC0913A018 | G1: CC0913A020 | J1: CC0913A060 | M1: CC0913A059 | P1: CC0913A081 | S1: CC0913A054 | V1: CC0913A053 | Y1: CC0913A075 | AB1: CC0913A076 | AE1: CC0912A18 | AH1: CC0913A095 | AK1: CS0212A003 | AP1: Water Pk | AQ1: % of KWH | AU1: CG0612A084 | AW1: CC0612A036 | AY1: CS0210A030 | BA1: IIC0608A03 | BF1: KWH
B2: Date | C2: Occupancy | D2: 68 425 008 | E2: T7384 | F2: KWH Total | G2: 68 425 010 | H2: T2392 | I2: KWH Total | J2: 68 425 078 | K2: T2393 | L2: KWH Total | M2: 68 425 077 | N2: T2395 | O2: KWH Total | P2: 68 425 071 | Q2: T7285 | R2: KWH Total | S2: 68 425 060 | T2: T7380 | U2: KWH Total | V2: 68 425 059 | W2: T2390 | X2: KWH Total | Y2: 68 425 093 | Z2: T7382 | AA2: KWH Total | AB2: 68 425 094 | AC2: T2391 | AD2: KWH Total | AE2: 90 625 242 | AF2: T7283 | AG2: KWH Total | AH2: 68 425 097 | AI2: T7281 | AJ2: KWH Total | AK2: 90 630 431 | AM2: KWH Total | AO2: Total KWH | AP2: KWH | AR2: Total Mnth | AU2: 676 62 513 | AV2: KWH Total | AW2: 672 73 163 | AX2: KWH Total | AY2: 61 979 920 | AZ2: KWH Total | BA2: 56 253 208 | BB2: KWH Total | BD2: Total KWH | BE2: Total Mnth | BF2: Total
C3: Room Nights | D3: KWH | E3: Demand | F3: (x160) | G3: KWH | H3: Demand | I3: (x160) | J3: KWH | K3: Demand | L3: (x400) | M3: KWH | N3: Demand | O3: (x400) | P3: KWH | Q3: Demand | R3: (x400) | S3: KWH | T3: Demand | U3: (x300) | V3: KWH | W3: Demand | X3: (x300) | Y3: KWH | Z3: Demand | AA3: (x160) | AB3: KWH | AC3: Demand | AD3: (x160) | AE3: KWH | AF3: Demand | AG3: (X200) | AH3: KWH | AI3: Demand | AJ3: (x40) | AK3: KWH | AM3: (x1) | AR3: KWH | AU3: KWH | AV3: (x100) | AW3: KWH | AX3: (x100) | AY3: KWH | AZ3: (x1) | BA3: KWH | BB3: (x40) | BD3: Golf | BE3: Golf | BF3: Resort
B4: 44562 | C4: =(Occupancy!K8) -> 298 | D4: 11321 | E4: 1.923 | F4: 0 | G4: 10100 | H4: 2.565 | I4: 0 | J4: 12287 | K4: 3.65 | L4: 0 | M4: 12096 | N4: 2.73 | O4: 0 | P4: 12723 | Q4: 3.73 | R4: 0 | S4: 87171 | T4: 2.249 | U4: 0 | V4: 83846 | W4: 1.671 | X4: 0 | Y4: 19760 | Z4: 2.75 | AA4: 0 | AB4: 12886 | AC4: 2.31 | AD4: 0 | AE4: 6617 | AF4: 2.166 | AG4: 0 | AH4: 19427 | AI4: 0.294 | AJ4: 0 | AK4: 96927 | AL4: 0 | AT4: =B4 -> 44562 | AU4: 70527 | AV4: 0 | AW4: 9004 | AX4: 0 | AY4: 72470 | AZ4: 0 | BA4: 3543 | BB4: 0
B5: 44564 | C5: =(Occupancy!K9+K10) -> 242.25 | D5: 11444 | E5: 1.923 | F5: =SUM(D5-D4)*160 -> 19680 | G5: 10191 | H5: 2.565 | I5: =SUM(G5-G4)*160 -> 14560 | J5: 12296 | K5: 3.65 | L5: =SUM(J5-J4)*400 -> 3600 | M5: 12104 | N5: 3.73 | O5: =SUM(M5-M4)*400 -> 3200 | P5: 12731 | Q5: 3.73 | R5: =SUM(P5-P4)*400 -> 3200 | S5: 87232 | T5: 2.249 | U5: =SUM(S5-S4)*300 -> 18300 | V5: 83905 | W5: 1.838 | X5: =SUM(V5-V4)*300 -> 17700 | Y5: 19769 | Z5: 2.75 | AA5: =SUM(Y5-Y4)*160 -> 1440 | AB5: 12892 | AC5: 2.31 | AD5: =SUM(AB5-AB4)*160 -> 960 | AE5: 6693 | AF5: 2.166 | AG5: =SUM(AE5-AE4)*200 -> 15200 | AH5: 19437 | AI5: 0.297 | AJ5: =SUM(AH5-AH4)*40 -> 400 | AK5: 96950 | AL5: =SUM(AK5-AK4) -> 23 | AO5: =SUM(AG5+AD5+AA5+X5+U5+R5+O5+L5+I5+F5+AJ5+AL5) -> 98263 | AP5: =SUM(AG5+AJ5) -> 15600 | AQ5: =SUM(AP5/AO5) -> 0.15875762 | AT5: =B5 -> 44564 | AU5: 70589 | AV5: =SUM(AU5-AU4)*100 -> 6200 | AW5: 9010 | AX5: =SUM(AW5-AW4)*100 -> 600 | AY5: 72793 | AZ5: =SUM(AY5-AY4) -> 323 | BA5: 3556 | BB5: =SUM(BA5-BA4)*40 -> 520 | BD5: =SUM(AV5+AX5,AZ5,BB5) -> 7643
B6: 44571 | C6: =SUM(Occupancy!K11:K17) -> 1355 | D6: 11696 | E6: 1.923 | F6: =SUM(D6-D5)*160 -> 40320 | G6: 10511 | H6: 2.565 | I6: =SUM(G6-G5)*160 -> 51200 | J6: 12323 | K6: 3.65 | L6: =SUM(J6-J5)*400 -> 10800 | M6: 12127 | N6: 2.73 | O6: =SUM(M6-M5)*400 -> 9200 | P6: 12756 | Q6: 3.73 | R6: =SUM(P6-P5)*400 -> 10000 | S6: 87372 | T6: 2.249 | U6: =SUM(S6-S5)*300 -> 42000 | V6: 84018 | W6: 1.838 | X6: =SUM(V6-V5)*300 -> 33900 | Y6: 19803 | Z6: 3.16 | AA6: =SUM(Y6-Y5)*160 -> 5440 | AB6: 12915 | AC6: 3.23 | AD6: =SUM(AB6-AB5)*160 -> 3680 | AE6: 6964 | AF6: 2.166 | AG6: =SUM(AE6-AE5)*200 -> 54200 | AH6: 19473 | AI6: 0.297 | AJ6: =SUM(AH6-AH5)*40 -> 1440 | AK6: 97680 | AL6: =SUM(AK6-AK5) -> 730 | AO6: =SUM(AG6+AD6+AA6+X6+U6+R6+O6+L6+I6+F6+AJ6+AL6) -> 262910 | AP6: =SUM(AG6+AJ6) -> 55640 | AQ6: =SUM(AP6/AO6) -> 0.21163136 | AT6: =B6 -> 44571 | AU6: 70721 | AV6: =SUM(AU6-AU5)*100 -> 13200 | AW6: 9028 | AX6: =SUM(AW6-AW5)*100 -> 1800 | AY6: 73621 | AZ6: =SUM(AY6-AY5) -> 828 | BA6: 3616 | BB6: =SUM(BA6-BA5)*40 -> 2400 | BD6: =SUM(AV6+AX6,AZ6,BB6) -> 18228
B7: 44578 | C7: =SUM(Occupancy!K18:K24) -> 1610 | D7: 11962 | E7: 1.961 | F7: =SUM(D7-D6)*160 -> 42560 | G7: 10844 | H7: 2.565 | I7: =SUM(G7-G6)*160 -> 53280 | J7: 12351 | K7: 3.65 | L7: =SUM(J7-J6)*400 -> 11200 | M7: 12153 | N7: 2.73 | O7: =SUM(M7-M6)*400 -> 10400 | P7: 12785 | Q7: 3.73 | R7: =SUM(P7-P6)*400 -> 11600 | S7: 87520 | T7: 2.249 | U7: =SUM(S7-S6)*300 -> 44400 | V7: 84121 | W7: 1.838 | X7: =SUM(V7-V6)*300 -> 30900 | Y7: 19841 | Z7: 3.18 | AA7: =SUM(Y7-Y6)*160 -> 6080 | AB7: 12939 | AC7: 3.23 | AD7: =SUM(AB7-AB6)*160 -> 3840 | AE7: 7242 | AF7: 2.166 | AG7: =SUM(AE7-AE6)*200 -> 55600 | AH7: 19511 | AI7: 0.297 | AJ7: =SUM(AH7-AH6)*40 -> 1520 | AK7: 98341 | AL7: =SUM(AK7-AK6) -> 661 | AO7: =SUM(AG7+AD7+AA7+X7+U7+R7+O7+L7+I7+F7+AJ7+AL7) -> 272041 | AP7: =SUM(AG7+AJ7) -> 57120 | AQ7: =SUM(AP7/AO7) -> 0.20996835 | AT7: =B7 -> 44578 | AU7: 70830 | AV7: =SUM(AU7-AU6)*100 -> 10900 | AW7: 9044 | AX7: =SUM(AW7-AW6)*100 -> 1600 | AY7: 74319 | AZ7: =SUM(AY7-AY6) -> 698 | BA7: 3662 | BB7: =SUM(BA7-BA6)*40 -> 1840 | BD7: =SUM(AV7+AX7,AZ7,BB7) -> 15038
B8: 44585 | C8: =SUM(Occupancy!K25:K31) -> 1849 | D8: 12222 | E8: 1.86 | F8: =SUM(D8-D7)*160 -> 41600 | G8: 11167 | H8: 2.403 | I8: =SUM(G8-G7)*160 -> 51680 | J8: 12385 | K8: 3.25 | L8: =SUM(J8-J7)*400 -> 13600 | M8: 12183 | N8: 2.85 | O8: =SUM(M8-M7)*400 -> 12000 | P8: 12818 | Q8: 3.1 | R8: =SUM(P8-P7)*400 -> 13200 | S8: 87629 | T8: 2.249 | U8: =SUM(S8-S7)*300 -> 32700 | V8: 84240 | W8: 1.838 | X8: =SUM(V8-V7)*300 -> 35700 | Y8: 19879 | Z8: 2.99 | AA8: =SUM(Y8-Y7)*160 -> 6080 | AB8: 12967 | AC8: 2.45 | AD8: =SUM(AB8-AB7)*160 -> 4480 | AE8: 7512 | AF8: 2.111 | AG8: =SUM(AE8-AE7)*200 -> 54000 | AH8: 19548 | AI8: 0.292 | AJ8: =SUM(AH8-AH7)*40 -> 1480 | AK8: 98899 | AL8: =SUM(AK8-AK7) -> 558 | AO8: =SUM(AG8+AD8+AA8+X8+U8+R8+O8+L8+I8+F8+AJ8+AL8) -> 267078 | AP8: =SUM(AG8+AJ8) -> 55480 | AQ8: =SUM(AP8/AO8) -> 0.20772958 | AT8: =B8 -> 44585 | AU8: 70925 | AV8: =SUM(AU8-AU7)*100 -> 9500 | AW8: 9062 | AX8: =SUM(AW8-AW7)*100 -> 1800 | AY8: 75050 | AZ8: =SUM(AY8-AY7) -> 731 | BA8: 3692 | BB8: =SUM(BA8-BA7)*40 -> 1200 | BD8: =SUM(AV8+AX8,AZ8,BB8) -> 13231
B9: 44592 | C9: =SUM(Occupancy!K32:K38) -> 724 | D9: 12480 | E9: 1.906 | F9: =SUM(D9-D8)*160 -> 41280 | G9: 11484 | H9: 2.478 | I9: =SUM(G9-G8)*160 -> 50720 | J9: 12416 | K9: 3.25 | L9: =SUM(J9-J8)*400 -> 12400 | M9: 12211 | N9: 2.96 | O9: =SUM(M9-M8)*400 -> 11200 | P9: 12846 | Q9: 3.1 | R9: =SUM(P9-P8)*400 -> 11200 | S9: 87711 | T9: 1.359 | U9: =SUM(S9-S8)*300 -> 24600 | V9: 84342 | W9: 0.98 | X9: =SUM(V9-V8)*300 -> 30600 | Y9: 19913 | Z9: 3.25 | AA9: =SUM(Y9-Y8)*160 -> 5440 | AB9: 12987 | AC9: 2.85 | AD9: =SUM(AB9-AB8)*160 -> 3200 | AE9: 7778 | AF9: 2.186 | AG9: =SUM(AE9-AE8)*200 -> 53200 | AH9: 19583 | AI9: 0.292 | AJ9: =SUM(AH9-AH8)*40 -> 1400 | AK9: 99300 | AL9: =SUM(AK9-AK8) -> 401 | AO9: =SUM(AG9+AD9+AA9+X9+U9+R9+O9+L9+I9+F9+AJ9+AL9) -> 245641 | AP9: =SUM(AG9+AJ9) -> 54600 | AQ9: =SUM(AP9/AO9) -> 0.2222756 | AT9: =B9 -> 44592 | AU9: 71052 | AV9: =SUM(AU9-AU8)*100 -> 12700 | AW9: 9078 | AX9: =SUM(AW9-AW8)*100 -> 1600 | AY9: 75871 | AZ9: =SUM(AY9-AY8) -> 821 | BA9: 3728 | BB9: =SUM(BA9-BA8)*40 -> 1440 | BD9: =SUM(AV9+AX9,AZ9,BB9) -> 16561
B10: 44599 | C10: =SUM(Occupancy!K39:K45) -> 1557 | D10: 12734 | E10: 1.908 | F10: =SUM(D10-D9)*160 -> 40640 | G10: 11789 | H10: 2.478 | I10: =SUM(G10-G9)*160 -> 48800 | J10: 12443 | K10: 3.25 | L10: =SUM(J10-J9)*400 -> 10800 | M10: 12238 | N10: 2.96 | O10: =SUM(M10-M9)*400 -> 10800 | P10: 12873 | Q10: 3.1 | R10: =SUM(P10-P9)*400 -> 10800 | S10: 87837 | T10: 2.01 | U10: =SUM(S10-S9)*300 -> 37800 | V10: 84480 | W10: 1.737 | X10: =SUM(V10-V9)*300 -> 41400 | Y10: 19950 | Z10: 3.25 | AA10: =SUM(Y10-Y9)*160 -> 5920 | AB10: 13013 | AC10: 3.15 | AD10: =SUM(AB10-AB9)*160 -> 4160 | AE10: 8038 | AF10: 2.186 | AG10: =SUM(AE10-AE9)*200 -> 52000 | AH10: 19618 | AI10: 0.301 | AJ10: =SUM(AH10-AH9)*40 -> 1400 | AK10: 100295 | AL10: =SUM(AK10-AK9) -> 995 | AO10: =SUM(AG10+AD10+AA10+X10+U10+R10+O10+L10+I10+F10+AJ10+AL10) -> 265515 | AP10: =SUM(AG10+AJ10) -> 53400 | AQ10: =SUM(AP10/AO10) -> 0.20111858 | AT10: =B10 -> 44599 | AU10: 71167 | AV10: =SUM(AU10-AU9)*100 -> 11500 | AW10: 9092 | AX10: =SUM(AW10-AW9)*100 -> 1400 | AY10: 76596 | AZ10: =SUM(AY10-AY9) -> 725 | BA10: 3787 | BB10: =SUM(BA10-BA9)*40 -> 2360 | BD10: =SUM(AV10+AX10,AZ10,BB10) -> 15985
B11: 44606 | C11: =SUM(Occupancy!K46:K52) -> 1315 | D11: 12992 | E11: 1.938 | F11: =SUM(D11-D10)*160 -> 41280 | G11: 12107 | H11: 2.478 | I11: =SUM(G11-G10)*160 -> 50880 | J11: 12447 | K11: 3.25 | L11: =SUM(J11-J10)*400 -> 1600 | M11: 12263 | N11: 2.96 | O11: =SUM(M11-M10)*400 -> 10000 | P11: 12898 | Q11: 3.1 | R11: =SUM(P11-P10)*400 -> 10000 | S11: 87977 | T11: 2.01 | U11: =SUM(S11-S10)*300 -> 42000 | V11: 84567 | W11: 1.737 | X11: =SUM(V11-V10)*300 -> 26100 | Y11: 19986 | Z11: 3.25 | AA11: =SUM(Y11-Y10)*160 -> 5760 | AB11: 13034 | AC11: 3.15 | AD11: =SUM(AB11-AB10)*160 -> 3360 | AE11: 8302 | AF11: 2.186 | AG11: =SUM(AE11-AE10)*200 -> 52800 | AH11: 19654 | AI11: 0.301 | AJ11: =SUM(AH11-AH10)*40 -> 1440 | AK11: 959 | AL11: =SUM(AK11-AK10) -> -99336 | AO11: =SUM(AG11+AD11+AA11+X11+U11+R11+O11+L11+I11+F11+AJ11+AL11) -> 145884 | AP11: =SUM(AG11+AJ11) -> 54240 | AQ11: =SUM(AP11/AO11) -> 0.37180225 | AT11: =B11 -> 44606 | AU11: 71279 | AV11: =SUM(AU11-AU10)*100 -> 11200 | AW11: 9109 | AX11: =SUM(AW11-AW10)*100 -> 1700 | AY11: 77368 | AZ11: =SUM(AY11-AY10) -> 772 | BA11: 3828 | BB11: =SUM(BA11-BA10)*40 -> 1640 | BD11: =SUM(AV11+AX11,AZ11,BB11) -> 15312
B12: 44613 | C12: =SUM(Occupancy!K53:K59) -> 2448 | D12: 13264 | E12: 1.938 | F12: =SUM(D12-D11)*160 -> 43520 | G12: 12438 | H12: 2.478 | I12: =SUM(G12-G11)*160 -> 52960 | J12: 12502 | K12: 3.25 | L12: =SUM(J12-J11)*400 -> 22000 | M12: 12292 | N12: 2.96 | O12: =SUM(M12-M11)*400 -> 11600 | P12: 12927 | Q12: 3.1 | R12: =SUM(P12-P11)*400 -> 11600 | S12: 88167 | T12: 2.221 | U12: =SUM(S12-S11)*300 -> 57000 | V12: 84682 | W12: 1.737 | X12: =SUM(V12-V11)*300 -> 34500 | Y12: 20024 | Z12: 3.25 | AA12: =SUM(Y12-Y11)*160 -> 6080 | AB12: 13058 | AC12: 3.15 | AD12: =SUM(AB12-AB11)*160 -> 3840 | AE12: 8577 | AF12: 2.186 | AG12: =SUM(AE12-AE11)*200 -> 55000 | AH12: 19691 | AI12: 0.301 | AJ12: =SUM(AH12-AH11)*40 -> 1480 | AK12: 1493 | AL12: =SUM(AK12-AK11) -> 534 | AO12: =SUM(AG12+AD12+AA12+X12+U12+R12+O12+L12+I12+F12+AJ12+AL12) -> 300114 | AP12: =SUM(AG12+AJ12) -> 56480 | AQ12: =SUM(AP12/AO12) -> 0.18819515 | AT12: =B12 -> 44613 | AU12: 71402 | AV12: =SUM(AU12-AU11)*100 -> 12300 | AW12: 9124 | AX12: =SUM(AW12-AW11)*100 -> 1500 | AY12: 78123 | AZ12: =SUM(AY12-AY11) -> 755 | BA12: 3897 | BB12: =SUM(BA12-BA11)*40 -> 2760 | BD12: =SUM(AV12+AX12,AZ12,BB12) -> 17315
B13: 44620 | C13: =SUM(Occupancy!K60:K66) -> 2437 | D13: 13529 | E13: 1.894 | F13: =SUM(D13-D12)*160 -> 42400 | G13: 12764 | H13: 2.288 | I13: =SUM(G13-G12)*160 -> 52160 | J13: 12534 | K13: 2.41 | L13: =SUM(J13-J12)*400 -> 12800 | M13: 12320 | N13: 2.28 | O13: =SUM(M13-M12)*400 -> 11200 | P13: 12955 | Q13: 2.08 | R13: =SUM(P13-P12)*400 -> 11200 | S13: 88341 | T13: 1.589 | U13: =SUM(S13-S12)*300 -> 52200 | V13: 84922 | W13: 1.884 | X13: =SUM(V13-V12)*300 -> 72000 | Y13: 20065 | Z13: 3.72 | AA13: =SUM(Y13-Y12)*160 -> 6560 | AB13: 13083 | AC13: 2.66 | AD13: =SUM(AB13-AB12)*160 -> 4000 | AE13: 8864 | AF13: 2.141 | AG13: =SUM(AE13-AE12)*200 -> 57400 | AH13: 19727 | AI13: 2.81 | AJ13: =SUM(AH13-AH12)*40 -> 1440 | AK13: 2115 | AL13: =SUM(AK13-AK12) -> 622 | AO13: =SUM(AG13+AD13+AA13+X13+U13+R13+O13+L13+I13+F13+AJ13+AL13) -> 323982 | AP13: =SUM(AG13+AJ13) -> 58840 | AQ13: =SUM(AP13/AO13) -> 0.18161503 | AT13: =B13 -> 44620 | AU13: 71548 | AV13: =SUM(AU13-AU12)*100 -> 14600 | AW13: 9140 | AX13: =SUM(AW13-AW12)*100 -> 1600 | AY13: 78931 | AZ13: =SUM(AY13-AY12) -> 808 | BA13: 3990 | BB13: =SUM(BA13-BA12)*40 -> 3720 | BD13: =SUM(AV13+AX13,AZ13,BB13) -> 20728
B14: 44627 | C14: =SUM(Occupancy!K67:K74) -> 2097 | D14: 13779 | E14: 1.969 | F14: =SUM(D14-D13)*160 -> 40000 | G14: 13074 | H14: 2.39 | I14: =SUM(G14-G13)*160 -> 49600 | J14: 12562 | K14: 2.79 | L14: =SUM(J14-J13)*400 -> 11200 | M14: 12346 | N14: 2.28 | O14: =SUM(M14-M13)*400 -> 10400 | P14: 12981 | Q14: 2.34 | R14: =SUM(P14-P13)*400 -> 10400 | S14: 88494 | T14: 1.749 | U14: =SUM(S14-S13)*300 -> 45900 | V14: 85073 | W14: 1.884 | X14: =SUM(V14-V13)*300 -> 45300 | Y14: 20102 | Z14: 3.72 | AA14: =SUM(Y14-Y13)*160 -> 5920 | AB14: 13109 | AC14: 2.79 | AD14: =SUM(AB14-AB13)*160 -> 4160 | AE14: 9136 | AF14: 2.272 | AG14: =SUM(AE14-AE13)*200 -> 54400 | AH14: 19760 | AI14: 2.81 | AJ14: =SUM(AH14-AH13)*40 -> 1320 | AK14: 2618 | AL14: =SUM(AK14-AK13) -> 503 | AO14: =SUM(AG14+AD14+AA14+X14+U14+R14+O14+L14+I14+F14+AJ14+AL14) -> 279103 | AP14: =SUM(AG14+AJ14) -> 55720 | AQ14: =SUM(AP14/AO14) -> 0.19963956 | AT14: =B14 -> 44627 | AU14: 71683 | AV14: =SUM(AU14-AU13)*100 -> 13500 | AW14: 9154 | AX14: =SUM(AW14-AW13)*100 -> 1400 | AY14: 79671 | AZ14: =SUM(AY14-AY13) -> 740 | BA14: 4054 | BB14: =SUM(BA14-BA13)*40 -> 2560 | BD14: =SUM(AV14+AX14,AZ14,BB14) -> 18200
B15: 44634 | C15: =SUM(Occupancy!K75:K82) -> 2923 | D15: 14041 | E15: 1.961 | F15: =SUM(D15-D14)*160 -> 41920 | G15: 13401 | H15: 2.413 | I15: =SUM(G15-G14)*160 -> 52320 | J15: 12596 | K15: 3.44 | L15: =SUM(J15-J14)*400 -> 13600 | M15: 12376 | N15: 3.2 | O15: =SUM(M15-M14)*400 -> 12000 | P15: 13010 | Q15: 3.54 | R15: =SUM(P15-P14)*400 -> 11600 | S15: 88697 | T15: 2.726 | U15: =SUM(S15-S14)*300 -> 60900 | V15: 85298 | W15: 1.963 | X15: =SUM(V15-V14)*300 -> 67500 | Y15: 20159 | Z15: 0.618 | AA15: =SUM(Y15-Y14)*160 -> 9120 | AB15: 13135 | AC15: 2.93 | AD15: =SUM(AB15-AB14)*160 -> 4160 | AE15: 9406 | AF15: 2.222 | AG15: =SUM(AE15-AE14)*200 -> 54000 | AH15: 19796 | AI15: 0.292 | AJ15: =SUM(AH15-AH14)*40 -> 1440 | AK15: 3231 | AL15: =SUM(AK15-AK14) -> 613 | AO15: =SUM(AG15+AD15+AA15+X15+U15+R15+O15+L15+I15+F15+AJ15+AL15) -> 329173 | AP15: =SUM(AG15+AJ15) -> 55440 | AQ15: =SUM(AP15/AO15) -> 0.16842208 | AT15: =B15 -> 44634 | AU15: 71841 | AV15: =SUM(AU15-AU14)*100 -> 15800 | AW15: 9173 | AX15: =SUM(AW15-AW14)*100 -> 1900 | AY15: 80551 | AZ15: =SUM(AY15-AY14) -> 880 | BA15: 4082 | BB15: =SUM(BA15-BA14)*40 -> 1120 | BD15: =SUM(AV15+AX15,AZ15,BB15) -> 19700
B16: 44641 | C16: =SUM(Occupancy!K83:K90) -> 2919 | D16: 14299 | E16: 2.003 | F16: =SUM(D16-D15)*160 -> 41280 | G16: 13723 | H16: 2.413 | I16: =SUM(G16-G15)*160 -> 51520 | J16: 12631 | K16: 3.44 | L16: =SUM(J16-J15)*400 -> 14000 | M16: 12406 | N16: 3.2 | O16: =SUM(M16-M15)*400 -> 12000 | P16: 13039 | Q16: 3.54 | R16: =SUM(P16-P15)*400 -> 11600 | S16: 88874 | T16: 2.726 | U16: =SUM(S16-S15)*300 -> 53100 | V16: 85498 | W16: 1.963 | X16: =SUM(V16-V15)*300 -> 60000 | Y16: 20198 | Z16: 0.618 | AA16: =SUM(Y16-Y15)*160 -> 6240 | AB16: 13161 | AC16: 2.93 | AD16: =SUM(AB16-AB15)*160 -> 4160 | AE16: 9671 | AF16: 2.222 | AG16: =SUM(AE16-AE15)*200 -> 53000 | AH16: 19831 | AI16: 0.292 | AJ16: =SUM(AH16-AH15)*40 -> 1400 | AK16: 3830 | AL16: =SUM(AK16-AK15) -> 599 | AO16: =SUM(AG16+AD16+AA16+X16+U16+R16+O16+L16+I16+F16+AJ16+AL16) -> 308899 | AP16: =SUM(AG16+AJ16) -> 54400 | AQ16: =SUM(AP16/AO16) -> 0.17610934 | AT16: =B16 -> 44641 | AU16: 71965 | AV16: =SUM(AU16-AU15)*100 -> 12400 | AW16: 9186 | AX16: =SUM(AW16-AW15)*100 -> 1300 | AY16: 81213 | AZ16: =SUM(AY16-AY15) -> 662 | BA16: 4125 | BB16: =SUM(BA16-BA15)*40 -> 1720 | BD16: =SUM(AV16+AX16,AZ16,BB16) -> 16082
B17: 44648 | C17: =SUM(Occupancy!K91:K96) -> 2219 | D17: 14553 | E17: 1.819 | F17: =SUM(D17-D16)*160 -> 40640 | G17: 14044 | H17: 2.489 | I17: =SUM(G17-G16)*160 -> 51360 | J17: 12665 | K17: 2.48 | L17: =SUM(J17-J16)*400 -> 13600 | M17: 12434 | N17: 2.23 | O17: =SUM(M17-M16)*400 -> 11200 | P17: 13068 | Q17: 2.56 | R17: =SUM(P17-P16)*400 -> 11600 | S17: 89055 | T17: 2.444 | U17: =SUM(S17-S16)*300 -> 54300 | V17: 85636 | W17: 1.853 | X17: =SUM(V17-V16)*300 -> 41400 | Y17: 20236 | Z17: 3.16 | AA17: =SUM(Y17-Y16)*160 -> 6080 | AB17: 13185 | AC17: 2.77 | AD17: =SUM(AB17-AB16)*160 -> 3840 | AE17: 9947 | AF17: 2.194 | AG17: =SUM(AE17-AE16)*200 -> 55200 | AH17: 19866 | AI17: 0.285 | AJ17: =SUM(AH17-AH16)*40 -> 1400 | AK17: 4402 | AL17: =SUM(AK17-AK16) -> 572 | AO17: =SUM(AG17+AD17+AA17+X17+U17+R17+O17+L17+I17+F17+AJ17+AL17) -> 291192 | AP17: =SUM(AG17+AJ17) -> 56600 | AQ17: =SUM(AP17/AO17) -> 0.19437347 | AT17: =B17 -> 44648 | AU17: 72104 | AV17: =SUM(AU17-AU16)*100 -> 13900 | AW17: 9202 | AX17: =SUM(AW17-AW16)*100 -> 1600 | AY17: 82065 | AZ17: =SUM(AY17-AY16) -> 852 | BA17: 4170 | BB17: =SUM(BA17-BA16)*40 -> 1800 | BD17: =SUM(AV17+AX17,AZ17,BB17) -> 18152
B18: 44651 | C18: =SUM(Occupancy!K97:K98) -> 744 | D18: 14704 | E18: 1.819 | F18: =SUM(D18-D17)*160 -> 24160 | G18: 14236 | H18: 2.489 | I18: =SUM(G18-G17)*160 -> 30720 | J18: 12685 | K18: 2.98 | L18: =SUM(J18-J17)*400 -> 8000 | M18: 12451 | N18: 2.23 | O18: =SUM(M18-M17)*400 -> 6800 | P18: 13085 | Q18: 2.56 | R18: =SUM(P18-P17)*400 -> 6800 | S18: 89164 | T18: 2.444 | U18: =SUM(S18-S17)*300 -> 32700 | V18: 85760 | W18: 2.015 | X18: =SUM(V18-V17)*300 -> 37200 | Y18: 20262 | Z18: 3.85 | AA18: =SUM(Y18-Y17)*160 -> 4160 | AB18: 13202 | AC18: 2.77 | AD18: =SUM(AB18-AB17)*160 -> 2720 | AE18: 10122 | AF18: 2.302 | AG18: =SUM(AE18-AE17)*200 -> 35000 | AH18: 19888 | AI18: 0.285 | AJ18: =SUM(AH18-AH17)*40 -> 880 | AK18: 4850 | AL18: =SUM(AK18-AK17) -> 448 | AO18: =SUM(AG18+AD18+AA18+X18+U18+R18+O18+L18+I18+F18+AJ18+AL18) -> 189588 | AP18: =SUM(AG18+AJ18) -> 35880 | AQ18: =SUM(AP18/AO18) -> 0.18925248 | AT18: =B18 -> 44651 | AU18: 72183 | AV18: =SUM(AU18-AU17)*100 -> 7900 | AW18: 9212 | AX18: =SUM(AW18-AW17)*100 -> 1000 | AY18: 82558 | AZ18: =SUM(AY18-AY17) -> 493 | BA18: 4210 | BB18: =SUM(BA18-BA17)*40 -> 1600 | BD18: =SUM(AV18+AX18,AZ18,BB18) -> 10993
B19: 44655 | C19: =SUM(Occupancy!K99:K102) -> 1353 | D19: 14803 | E19: 1.868 | F19: =SUM(D19-D18)*160 -> 15840 | G19: 14361 | H19: 2.489 | I19: =SUM(G19-G18)*160 -> 20000 | J19: 12698 | K19: 2.98 | L19: =SUM(J19-J18)*400 -> 5200 | M19: 12463 | N19: 2.45 | O19: =SUM(M19-M18)*400 -> 4800 | P19: 13097 | Q19: 2.56 | R19: =SUM(P19-P18)*400 -> 4800 | S19: 89224 | T19: 2.444 | U19: =SUM(S19-S18)*300 -> 18000 | V19: 85857 | W19: 2.015 | X19: =SUM(V19-V18)*300 -> 29100 | Y19: 20276 | Z19: 3.85 | AA19: =SUM(Y19-Y18)*160 -> 2240 | AB19: 13212 | AC19: 2.77 | AD19: =SUM(AB19-AB18)*160 -> 1600 | AE19: 10238 | AF19: 2.302 | AG19: =SUM(AE19-AE18)*200 -> 23200 | AH19: 19902 | AI19: 0.313 | AJ19: =SUM(AH19-AH18)*40 -> 560 | AK19: 4854 | AL19: =SUM(AK19-AK18) -> 4 | AO19: =SUM(AG19+AD19+AA19+X19+U19+R19+O19+L19+I19+F19+AJ19+AL19) -> 125344 | AP19: =SUM(AG19+AJ19) -> 23760 | AQ19: =SUM(AP19/AO19) -> 0.18955834 | AT19: =B19 -> 44655 | AU19: 72239 | AV19: =SUM(AU19-AU18)*100 -> 5600 | AW19: 9219 | AX19: =SUM(AW19-AW18)*100 -> 700 | AY19: 82951 | AZ19: =SUM(AY19-AY18) -> 393 | BA19: 4214 | BB19: =SUM(BA19-BA18)*40 -> 160 | BD19: =SUM(AV19+AX19,AZ19,BB19) -> 6853
B20: 44662 | C20: =SUM(Occupancy!K103:K109) -> 2733 | D20: 15062 | E20: 1.879 | F20: =SUM(D20-D19)*160 -> 41440 | G20: 14679 | H20: 2.489 | I20: =SUM(G20-G19)*160 -> 50880 | J20: 12733 | K20: 2.98 | L20: =SUM(J20-J19)*400 -> 14000 | M20: 12493 | N20: 2.45 | O20: =SUM(M20-M19)*400 -> 12000 | P20: 13128 | Q20: 2.7 | R20: =SUM(P20-P19)*400 -> 12400 | S20: 89385 | T20: 2.444 | U20: =SUM(S20-S19)*300 -> 48300 | V20: 86029 | W20: 2.015 | X20: =SUM(V20-V19)*300 -> 51600 | Y20: 20311 | Z20: 3.85 | AA20: =SUM(Y20-Y19)*160 -> 5600 | AB20: 13233 | AC20: 3.85 | AD20: =SUM(AB20-AB19)*160 -> 3360 | AE20: 10522 | AF20: 2.302 | AG20: =SUM(AE20-AE19)*200 -> 56800 | AH20: 19937 | AI20: 0.313 | AJ20: =SUM(AH20-AH19)*40 -> 1400 | AK20: 5386 | AL20: =SUM(AK20-AK19) -> 532 | AO20: =SUM(AG20+AD20+AA20+X20+U20+R20+O20+L20+I20+F20+AJ20+AL20) -> 298312 | AP20: =SUM(AG20+AJ20) -> 58200 | AQ20: =SUM(AP20/AO20) -> 0.19509775 | AT20: =B20 -> 44662 | AU20: 72364 | AV20: =SUM(AU20-AU19)*100 -> 12500 | AW20: 9235 | AX20: =SUM(AW20-AW19)*100 -> 1600 | AY20: 83835 | AZ20: =SUM(AY20-AY19) -> 884 | BA20: 4255 | BB20: =SUM(BA20-BA19)*40 -> 1640 | BD20: =SUM(AV20+AX20,AZ20,BB20) -> 16624
B21: 44669 | C21: =SUM(Occupancy!K110:K116) -> 2761 | D21: 15326 | E21: 1.92 | F21: =SUM(D21-D20)*160 -> 42240 | G21: 14989 | H21: 2.489 | I21: =SUM(G21-G20)*160 -> 49600 | J21: 12764 | K21: 2.98 | L21: =SUM(J21-J20)*400 -> 12400 | M21: 12522 | N21: 2.45 | O21: =SUM(M21-M20)*400 -> 11600 | P21: 13157 | Q21: 2.7 | R21: =SUM(P21-P20)*400 -> 11600 | S21: 89593 | T21: 2.444 | U21: =SUM(S21-S20)*300 -> 62400 | V21: 86231 | W21: 2.015 | X21: =SUM(V21-V20)*300 -> 60600 | Y21: 20346 | Z21: 3.85 | AA21: =SUM(Y21-Y20)*160 -> 5600 | AB21: 13254 | AC21: 3.85 | AD21: =SUM(AB21-AB20)*160 -> 3360 | AE21: 10811 | AF21: 2.302 | AG21: =SUM(AE21-AE20)*200 -> 57800 | AH21: 19973 | AI21: 0.313 | AJ21: =SUM(AH21-AH20)*40 -> 1440 | AK21: 5894 | AL21: =SUM(AK21-AK20) -> 508 | AO21: =SUM(AG21+AD21+AA21+X21+U21+R21+O21+L21+I21+F21+AJ21+AL21) -> 319148 | AP21: =SUM(AG21+AJ21) -> 59240 | AQ21: =SUM(AP21/AO21) -> 0.18561921 | AT21: =B21 -> 44669 | AU21: 72502 | AV21: =SUM(AU21-AU20)*100 -> 13800 | AW21: 9252 | AX21: =SUM(AW21-AW20)*100 -> 1700 | AY21: 84747 | AZ21: =SUM(AY21-AY20) -> 912 | BA21: 4322 | BB21: =SUM(BA21-BA20)*40 -> 2680 | BD21: =SUM(AV21+AX21,AZ21,BB21) -> 19092
B22: 44676 | C22: =SUM(Occupancy!K117:K123) -> 2525 | D22: 15595 | E22: 1.845 | F22: =SUM(D22-D21)*160 -> 43040 | G22: 15309 | H22: 2.293 | I22: =SUM(G22-G21)*160 -> 51200 | J22: 12796 | K22: 2.5 | L22: =SUM(J22-J21)*400 -> 12800 | M22: 12552 | N22: 2.02 | O22: =SUM(M22-M21)*400 -> 12000 | P22: 13187 | Q22: 2.29 | R22: =SUM(P22-P21)*400 -> 12000 | S22: 89795 | T22: 1.619 | U22: =SUM(S22-S21)*300 -> 60600 | V22: 86411 | W22: 1.809 | X22: =SUM(V22-V21)*300 -> 54000 | Y22: 20384 | Z22: 3.17 | AA22: =SUM(Y22-Y21)*160 -> 6080 | AB22: 13278 | AC22: 2.39 | AD22: =SUM(AB22-AB21)*160 -> 3840 | AE22: 11100 | AF22: 2.162 | AG22: =SUM(AE22-AE21)*200 -> 57800 | AH22: 20011 | AI22: 0.284 | AJ22: =SUM(AH22-AH21)*40 -> 1520 | AK22: 6384 | AL22: =SUM(AK22-AK21) -> 490 | AO22: =SUM(AG22+AD22+AA22+X22+U22+R22+O22+L22+I22+F22+AJ22+AL22) -> 315370 | AP22: =SUM(AG22+AJ22) -> 59320 | AQ22: =SUM(AP22/AO22) -> 0.18809652 | AT22: =B22 -> 44676 | AU22: 72673 | AV22: =SUM(AU22-AU21)*100 -> 17100 | AW22: 9271 | AX22: =SUM(AW22-AW21)*100 -> 1900 | AY22: 85817 | AZ22: =SUM(AY22-AY21) -> 1070 | BA22: 4408 | BB22: =SUM(BA22-BA21)*40 -> 3440 | BD22: =SUM(AV22+AX22,AZ22,BB22) -> 23510
B23: 44681 | C23: =SUM(Occupancy!K124:K128) -> 1600 | D23: 15849 | E23: 1.943 | F23: =SUM(D23-D22)*160 -> 40640 | G23: 15808 | H23: 2.343 | I23: =SUM(G23-G22)*160 -> 79840 | J23: 12830 | K23: 2.55 | L23: =SUM(J23-J22)*400 -> 13600 | M23: 12579 | N23: 2.21 | O23: =SUM(M23-M22)*400 -> 10800 | P23: 13217 | Q23: 2.42 | R23: =SUM(P23-P22)*400 -> 12000 | S23: 89992 | T23: 2.436 | U23: =SUM(S23-S22)*300 -> 59100 | V23: 86653 | W23: 1.901 | X23: =SUM(V23-V22)*300 -> 72600 | Y23: 20422 | Z23: 3.23 | AA23: =SUM(Y23-Y22)*160 -> 6080 | AB23: 13305 | AC23: 3.02 | AD23: =SUM(AB23-AB22)*160 -> 4320 | AE23: 11379 | AF23: 2.205 | AG23: =SUM(AE23-AE22)*200 -> 55800 | AH23: 20046 | AI23: 0.289 | AJ23: =SUM(AH23-AH22)*40 -> 1400 | AK23: 6872 | AL23: =SUM(AK23-AK22) -> 488 | AO23: =SUM(AG23+AD23+AA23+X23+U23+R23+O23+L23+I23+F23+AJ23+AL23) -> 356668 | AP23: =SUM(AG23+AJ23) -> 57200 | AQ23: =SUM(AP23/AO23) -> 0.16037323 | AT23: =B23 -> 44681 | AU23: 72798 | AV23: =SUM(AU23-AU22)*100 -> 12500 | AW23: 9286 | AX23: =SUM(AW23-AW22)*100 -> 1500 | AY23: 86547 | AZ23: =SUM(AY23-AY22) -> 730 | BA23: 4475 | BB23: =SUM(BA23-BA22)*40 -> 2680 | BD23: =SUM(AV23+AX23,AZ23,BB23) -> 17410
B24: 44683 | C24: =SUM(Occupancy!K129:K130) -> 608 | D24: 15849 | E24: 1.943 | F24: =SUM(D24-D23)*160 -> 0 | G24: 15808 | H24: 2.343 | I24: =SUM(G24-G23)*160 -> 0 | J24: 12830 | K24: 2.55 | L24: =SUM(J24-J23)*400 -> 0 | M24: 12579 | N24: 2.21 | O24: =SUM(M24-M23)*400 -> 0 | P24: 13217 | Q24: 2.42 | R24: =SUM(P24-P23)*400 -> 0 | S24: 89992 | T24: 2.436 | U24: =SUM(S24-S23)*300 -> 0 | V24: 86653 | W24: 1.901 | X24: =SUM(V24-V23)*300 -> 0 | Y24: 20422 | Z24: 3.23 | AA24: =SUM(Y24-Y23)*160 -> 0 | AB24: 13305 | AC24: 3.02 | AD24: =SUM(AB24-AB23)*160 -> 0 | AE24: 11379 | AF24: 2.205 | AG24: =SUM(AE24-AE23)*200 -> 0 | AH24: 20046 | AI24: 0.289 | AJ24: =SUM(AH24-AH23)*40 -> 0 | AK24: 6872 | AL24: =SUM(AK24-AK23) -> 0 | AO24: =SUM(AG24+AD24+AA24+X24+U24+R24+O24+L24+I24+F24+AJ24+AL24) -> 0 | AP24: =SUM(AG24+AJ24) -> 0 | AQ24: =SUM(AP24/AO24) -> #DIV/0! | AT24: =B24 -> 44683 | AU24: 72798 | AV24: =SUM(AU24-AU23)*100 -> 0 | AW24: 9286 | AX24: =SUM(AW24-AW23)*100 -> 0 | AY24: 86547 | AZ24: =SUM(AY24-AY23) -> 0 | BA24: 4475 | BB24: =SUM(BA24-BA23)*40 -> 0 | BD24: =SUM(AV24+AX24,AZ24,BB24) -> 0
B25: 44690 | C25: =SUM(Occupancy!K131:K137) -> 2143 | D25: 16113 | E25: 1.943 | F25: =SUM(D25-D24)*160 -> 42240 | G25: 15919 | H25: 2.356 | I25: =SUM(G25-G24)*160 -> 17760 | J25: 12862 | K25: 2.55 | L25: =SUM(J25-J24)*400 -> 12800 | M25: 12606 | N25: 2.21 | O25: =SUM(M25-M24)*400 -> 10800 | P25: 13245 | Q25: 2.42 | R25: =SUM(P25-P24)*400 -> 11200 | S25: 90257 | T25: 2.492 | U25: =SUM(S25-S24)*300 -> 79500 | V25: 86886 | W25: 1.948 | X25: =SUM(V25-V24)*300 -> 69900 | Y25: 20461 | Z25: 3.31 | AA25: =SUM(Y25-Y24)*160 -> 6240 | AB25: 13332 | AC25: 3.02 | AD25: =SUM(AB25-AB24)*160 -> 4320 | AE25: 11666 | AF25: 2.205 | AG25: =SUM(AE25-AE24)*200 -> 57400 | AH25: 20082 | AI25: 0.292 | AJ25: =SUM(AH25-AH24)*40 -> 1440 | AK25: 7351 | AL25: =SUM(AK25-AK24) -> 479 | AO25: =SUM(AG25+AD25+AA25+X25+U25+R25+O25+L25+I25+F25+AJ25+AL25) -> 314079 | AP25: =SUM(AG25+AJ25) -> 58840 | AQ25: =SUM(AP25/AO25) -> 0.1873414 | AT25: =B25 -> 44690 | AU25: 72957 | AV25: =SUM(AU25-AU24)*100 -> 15900 | AW25: 9306 | AX25: =SUM(AW25-AW24)*100 -> 2000 | AY25: 87456 | AZ25: =SUM(AY25-AY24) -> 909 | BA25: 4607 | BB25: =SUM(BA25-BA24)*40 -> 5280 | BD25: =SUM(AV25+AX25,AZ25,BB25) -> 24089
B26: 44697 | C26: =SUM(Occupancy!K138:K144) -> 2341 | D26: 16378 | E26: 1.943 | F26: =SUM(D26-D25)*160 -> 42400 | G26: 16227 | H26: 2.369 | I26: =SUM(G26-G25)*160 -> 49280 | J26: 12894 | K26: 2.55 | L26: =SUM(J26-J25)*400 -> 12800 | M26: 12634 | N26: 2.21 | O26: =SUM(M26-M25)*400 -> 11200 | P26: 13275 | Q26: 2.42 | R26: =SUM(P26-P25)*400 -> 12000 | S26: 90462 | T26: 2.492 | U26: =SUM(S26-S25)*300 -> 61500 | V26: 87093 | W26: 1.955 | X26: =SUM(V26-V25)*300 -> 62100 | Y26: 20503 | Z26: 4.02 | AA26: =SUM(Y26-Y25)*160 -> 6720 | AB26: 13357 | AC26: 3.02 | AD26: =SUM(AB26-AB25)*160 -> 4000 | AE26: 11949 | AF26: 2.205 | AG26: =SUM(AE26-AE25)*200 -> 56600 | AH26: 20118 | AI26: 0.292 | AJ26: =SUM(AH26-AH25)*40 -> 1440 | AK26: 7825 | AL26: =SUM(AK26-AK25) -> 474 | AO26: =SUM(AG26+AD26+AA26+X26+U26+R26+O26+L26+I26+F26+AJ26+AL26) -> 320514 | AP26: =SUM(AG26+AJ26) -> 58040 | AQ26: =SUM(AP26/AO26) -> 0.18108413 | AT26: =B26 -> 44697 | AU26: 73098 | AV26: =SUM(AU26-AU25)*100 -> 14100 | AW26: 9325 | AX26: =SUM(AW26-AW25)*100 -> 1900 | AY26: 88348 | AZ26: =SUM(AY26-AY25) -> 892 | BA26: 4800 | BB26: =SUM(BA26-BA25)*40 -> 7720 | BD26: =SUM(AV26+AX26,AZ26,BB26) -> 24612
B27: 44704 | C27: =SUM(Occupancy!K145:K151) -> 2170 | D27: 16659 | E27: 1.828 | F27: =SUM(D27-D26)*160 -> 44960 | G27: 16547 | H27: 2.146 | I27: =SUM(G27-G26)*160 -> 51200 | J27: 12932 | K27: 2.39 | L27: =SUM(J27-J26)*400 -> 15200 | M27: 12664 | N27: 2.16 | O27: =SUM(M27-M26)*400 -> 12000 | P27: 13306 | Q27: 2.29 | R27: =SUM(P27-P26)*400 -> 12400 | S27: 90759 | T27: 2.325 | U27: =SUM(S27-S26)*300 -> 89100 | V27: 87364 | W27: 2.06 | X27: =SUM(V27-V26)*300 -> 81300 | Y27: 20548 | Z27: 2.8 | AA27: =SUM(Y27-Y26)*160 -> 7200 | AB27: 13389 | AC27: 2.34 | AD27: =SUM(AB27-AB26)*160 -> 5120 | AE27: 12243 | AF27: 2.065 | AG27: =SUM(AE27-AE26)*200 -> 58800 | AH27: 20157 | AI27: 0.281 | AJ27: =SUM(AH27-AH26)*40 -> 1560 | AK27: 8370 | AL27: =SUM(AK27-AK26) -> 545 | AO27: =SUM(AG27+AD27+AA27+X27+U27+R27+O27+L27+I27+F27+AJ27+AL27) -> 379385 | AP27: =SUM(AG27+AJ27) -> 60360 | AQ27: =SUM(AP27/AO27) -> 0.1590996 | AT27: =B27 -> 44704 | AU27: 73267 | AV27: =SUM(AU27-AU26)*100 -> 16900 | AW27: 9345 | AX27: =SUM(AW27-AW26)*100 -> 2000 | AY27: 89234 | AZ27: =SUM(AY27-AY26) -> 886 | BA27: 4877 | BB27: =SUM(BA27-BA26)*40 -> 3080 | BD27: =SUM(AV27+AX27,AZ27,BB27) -> 22866
B28: 44711 | C28: =SUM(Occupancy!K152:K158) -> 2325 | D28: 16929 | E28: 1.964 | F28: =SUM(D28-D27)*160 -> 43200 | G28: 16868 | H28: 2.313 | I28: =SUM(G28-G27)*160 -> 51360 | J28: 12967 | K28: 2.5 | L28: =SUM(J28-J27)*400 -> 14000 | M28: 12693 | N28: 2.16 | O28: =SUM(M28-M27)*400 -> 11600 | P28: 13336 | Q28: 2.29 | R28: =SUM(P28-P27)*400 -> 12000 | S28: 91028 | T28: 2.325 | U28: =SUM(S28-S27)*300 -> 80700 | V28: 87639 | W28: 2.109 | X28: =SUM(V28-V27)*300 -> 82500 | Y28: 20586 | Z28: 3.3 | AA28: =SUM(Y28-Y27)*160 -> 6080 | AB28: 13409 | AC28: 2.67 | AD28: =SUM(AB28-AB27)*160 -> 3200 | AE28: 12530 | AF28: 2.073 | AG28: =SUM(AE28-AE27)*200 -> 57400 | AH28: 20196 | AI28: 0.29 | AJ28: =SUM(AH28-AH27)*40 -> 1560 | AK28: 8837 | AL28: =SUM(AK28-AK27) -> 467 | AO28: =SUM(AG28+AD28+AA28+X28+U28+R28+O28+L28+I28+F28+AJ28+AL28) -> 364067 | AP28: =SUM(AG28+AJ28) -> 58960 | AQ28: =SUM(AP28/AO28) -> 0.16194821 | AT28: =B28 -> 44711 | AU28: 73430 | AV28: =SUM(AU28-AU27)*100 -> 16300 | AW28: 9364 | AX28: =SUM(AW28-AW27)*100 -> 1900 | AY28: 90129 | AZ28: =SUM(AY28-AY27) -> 895 | BA28: 4989 | BB28: =SUM(BA28-BA27)*40 -> 4480 | BD28: =SUM(AV28+AX28,AZ28,BB28) -> 23575
B29: 44712 | C29: =SUM(Occupancy!K159:K159) -> 185 | D29: 16991 | E29: 1.964 | F29: =SUM(D29-D28)*160 -> 9920 | G29: 16940 | H29: 2.313 | I29: =SUM(G29-G28)*160 -> 11520 | J29: 12975 | K29: 2.5 | L29: =SUM(J29-J28)*400 -> 3200 | M29: 12700 | N29: 2.16 | O29: =SUM(M29-M28)*400 -> 2800 | P29: 13343 | Q29: 2.29 | R29: =SUM(P29-P28)*400 -> 2800 | S29: 91078 | T29: 2.325 | U29: =SUM(S29-S28)*300 -> 15000 | V29: 87701 | W29: 2.109 | X29: =SUM(V29-V28)*300 -> 18600 | Y29: 20594 | Z29: 3.3 | AA29: =SUM(Y29-Y28)*160 -> 1280 | AB29: 13414 | AC29: 2.67 | AD29: =SUM(AB29-AB28)*160 -> 800 | AE29: 12593 | AF29: 2.073 | AG29: =SUM(AE29-AE28)*200 -> 12600 | AH29: 20204 | AI29: 0.29 | AJ29: =SUM(AH29-AH28)*40 -> 320 | AK29: 8925 | AL29: =SUM(AK29-AK28) -> 88 | AO29: =SUM(AG29+AD29+AA29+X29+U29+R29+O29+L29+I29+F29+AJ29+AL29) -> 78928 | AP29: =SUM(AG29+AJ29) -> 12920 | AQ29: =SUM(AP29/AO29) -> 0.16369349 | AT29: =B29 -> 44712 | AU29: 73474 | AV29: =SUM(AU29-AU28)*100 -> 4400 | AW29: 9369 | AX29: =SUM(AW29-AW28)*100 -> 500 | AY29: 90371 | AZ29: =SUM(AY29-AY28) -> 242 | BA29: 5020 | BB29: =SUM(BA29-BA28)*40 -> 1240 | BD29: =SUM(AV29+AX29,AZ29,BB29) -> 6382
B30: 44718 | C30: =SUM(Occupancy!K160:K165) -> 1827 | D30: 17188 | E30: 1.964 | F30: =SUM(D30-D29)*160 -> 31520 | G30: 17171 | H30: 2.313 | I30: =SUM(G30-G29)*160 -> 36960 | J30: 13001 | K30: 2.77 | L30: =SUM(J30-J29)*400 -> 10400 | M30: 12722 | N30: 2.16 | O30: =SUM(M30-M29)*400 -> 8800 | P30: 13364 | Q30: 2.29 | R30: =SUM(P30-P29)*400 -> 8400 | S30: 91274 | T30: 2.598 | U30: =SUM(S30-S29)*300 -> 58800 | V30: 87899 | W30: 2.243 | X30: =SUM(V30-V29)*300 -> 59400 | Y30: 20623 | Z30: 3.42 | AA30: =SUM(Y30-Y29)*160 -> 4640 | AB30: 13432 | AC30: 2.67 | AD30: =SUM(AB30-AB29)*160 -> 2880 | AE30: 12801 | AF30: 2.138 | AG30: =SUM(AE30-AE29)*200 -> 41600 | AH30: 20232 | AI30: 0.292 | AJ30: =SUM(AH30-AH29)*40 -> 1120 | AK30: 9425 | AL30: =SUM(AK30-AK29) -> 500 | AO30: =SUM(AG30+AD30+AA30+X30+U30+R30+O30+L30+I30+F30+AJ30+AL30) -> 265020 | AP30: =SUM(AG30+AJ30) -> 42720 | AQ30: =SUM(AP30/AO30) -> 0.16119538 | AT30: =B30 -> 44718 | AU30: 73597 | AV30: =SUM(AU30-AU29)*100 -> 12300 | AW30: 9383 | AX30: =SUM(AW30-AW29)*100 -> 1400 | AY30: 91025 | AZ30: =SUM(AY30-AY29) -> 654 | BA30: 5091 | BB30: =SUM(BA30-BA29)*40 -> 2840 | BD30: =SUM(AV30+AX30,AZ30,BB30) -> 17194
B31: 44725 | C31: =SUM(Occupancy!K166:K172) -> 2298 | D31: 17392 | E31: 1.964 | F31: =SUM(D31-D30)*160 -> 32640 | G31: 17472 | H31: 2.313 | I31: =SUM(G31-G30)*160 -> 48160 | J31: 13036 | K31: 2.73 | L31: =SUM(J31-J30)*400 -> 14000 | M31: 12751 | N31: 2.18 | O31: =SUM(M31-M30)*400 -> 11600 | P31: 13392 | Q31: 2.29 | R31: =SUM(P31-P30)*400 -> 11200 | S31: 91547 | T31: 2.598 | U31: =SUM(S31-S30)*300 -> 81900 | V31: 88169 | W31: 2.243 | X31: =SUM(V31-V30)*300 -> 81000 | Y31: 20659 | Z31: 3.48 | AA31: =SUM(Y31-Y30)*160 -> 5760 | AB31: 13454 | AC31: 2.67 | AD31: =SUM(AB31-AB30)*160 -> 3520 | AE31: 13074 | AF31: 2.138 | AG31: =SUM(AE31-AE30)*200 -> 54600 | AH31: 20269 | AI31: 0.303 | AJ31: =SUM(AH31-AH30)*40 -> 1480 | AK31: 9732 | AL31: =SUM(AK31-AK30) -> 307 | AO31: =SUM(AG31+AD31+AA31+X31+U31+R31+O31+L31+I31+F31+AJ31+AL31) -> 346167 | AP31: =SUM(AG31+AJ31) -> 56080 | AQ31: =SUM(AP31/AO31) -> 0.16200273 | AT31: =B31 -> 44725 | AU31: 73777 | AV31: =SUM(AU31-AU30)*100 -> 18000 | AW31: 9403 | AX31: =SUM(AW31-AW30)*100 -> 2000 | AY31: 91910 | AZ31: =SUM(AY31-AY30) -> 885 | BA31: 5182 | BB31: =SUM(BA31-BA30)*40 -> 3640 | BD31: =SUM(AV31+AX31,AZ31,BB31) -> 24525
B32: 44732 | C32: =SUM(Occupancy!K173:K179) -> 2078 | D32: 17717 | E32: 1.993 | F32: =SUM(D32-D31)*160 -> 52000 | G32: 17789 | H32: 2.416 | I32: =SUM(G32-G31)*160 -> 50720 | J32: 13072 | K32: 2.77 | L32: =SUM(J32-J31)*400 -> 14400 | M32: 12782 | N32: 2.26 | O32: =SUM(M32-M31)*400 -> 12400 | P32: 13421 | Q32: 2.29 | R32: =SUM(P32-P31)*400 -> 11600 | S32: 91843 | T32: 2.598 | U32: =SUM(S32-S31)*300 -> 88800 | V32: 88422 | W32: 2.243 | X32: =SUM(V32-V31)*300 -> 75900 | Y32: 20697 | Z32: 3.48 | AA32: =SUM(Y32-Y31)*160 -> 6080 | AB32: 13477 | AC32: 2.67 | AD32: =SUM(AB32-AB31)*160 -> 3680 | AE32: 13477 | AF32: 2.138 | AG32: =SUM(AE32-AE31)*200 -> 80600 | AH32: 20307 | AI32: 0.303 | AJ32: =SUM(AH32-AH31)*40 -> 1520 | AK32: 10254 | AL32: =SUM(AK32-AK31) -> 522 | AO32: =SUM(AG32+AD32+AA32+X32+U32+R32+O32+L32+I32+F32+AJ32+AL32) -> 398222 | AP32: =SUM(AG32+AJ32) -> 82120 | AQ32: =SUM(AP32/AO32) -> 0.20621663 | AT32: =B32 -> 44732 | AU32: 73967 | AV32: =SUM(AU32-AU31)*100 -> 19000 | AW32: 9423 | AX32: =SUM(AW32-AW31)*100 -> 2000 | AY32: 92818 | AZ32: =SUM(AY32-AY31) -> 908 | BA32: 5294 | BB32: =SUM(BA32-BA31)*40 -> 4480 | BD32: =SUM(AV32+AX32,AZ32,BB32) -> 26388
B33: 44739 | C33: =SUM(Occupancy!K180:K186) -> 2400 | D33: 17982 | E33: 1.956 | F33: =SUM(D33-D32)*160 -> 42400 | G33: 18102 | H33: 2.357 | I33: =SUM(G33-G32)*160 -> 50080 | J33: 13106 | K33: 2.64 | L33: =SUM(J33-J32)*400 -> 13600 | M33: 12815 | N33: 2.39 | O33: =SUM(M33-M32)*400 -> 13200 | P33: 13450 | Q33: 2.2 | R33: =SUM(P33-P32)*400 -> 11600 | S33: 92123 | T33: 2.783 | U33: =SUM(S33-S32)*300 -> 84000 | V33: 88758 | W33: 2.302 | X33: =SUM(V33-V32)*300 -> 100800 | Y33: 20741 | Z33: 5.52 | AA33: =SUM(Y33-Y32)*160 -> 7040 | AB33: 13500 | AC33: 2.52 | AD33: =SUM(AB33-AB32)*160 -> 3680 | AE33: 13635 | AF33: 2.121 | AG33: =SUM(AE33-AE32)*200 -> 31600 | AH33: 20346 | AI33: 0.275 | AJ33: =SUM(AH33-AH32)*40 -> 1560 | AK33: 10737 | AL33: =SUM(AK33-AK32) -> 483 | AO33: =SUM(AG33+AD33+AA33+X33+U33+R33+O33+L33+I33+F33+AJ33+AL33) -> 360043 | AP33: =SUM(AG33+AJ33) -> 33160 | AQ33: =SUM(AP33/AO33) -> 0.09210011 | AT33: =B33 -> 44739 | AU33: 74142 | AV33: =SUM(AU33-AU32)*100 -> 17500 | AW33: 9442 | AX33: =SUM(AW33-AW32)*100 -> 1900 | AY33: 93698 | AZ33: =SUM(AY33-AY32) -> 880 | BA33: 5389 | BB33: =SUM(BA33-BA32)*40 -> 3800 | BD33: =SUM(AV33+AX33,AZ33,BB33) -> 24080
B34: 44742 | C34: =SUM(Occupancy!K187:K189) -> 1293 | D34: 18097 | E34: 1.956 | F34: =SUM(D34-D33)*160 -> 18400 | G34: 18233 | H34: 2.357 | I34: =SUM(G34-G33)*160 -> 20960 | J34: 13122 | K34: 2.74 | L34: =SUM(J34-J33)*400 -> 6400 | M34: 12829 | N34: 2.39 | O34: =SUM(M34-M33)*400 -> 5600 | P34: 13463 | Q34: 2.2 | R34: =SUM(P34-P33)*400 -> 5200 | S34: 92269 | T34: 2.802 | U34: =SUM(S34-S33)*300 -> 43800 | V34: 88896 | W34: 2.302 | X34: =SUM(V34-V33)*300 -> 41400 | Y34: 20771 | Z34: 5.9 | AA34: =SUM(Y34-Y33)*160 -> 4800 | AB34: 13512 | AC34: 2.54 | AD34: =SUM(AB34-AB33)*160 -> 1920 | AE34: 13748 | AF34: 2.121 | AG34: =SUM(AE34-AE33)*200 -> 22600 | AH34: 20362 | AI34: 0.275 | AJ34: =SUM(AH34-AH33)*40 -> 640 | AK34: 10927 | AL34: =SUM(AK34-AK33) -> 190 | AO34: =SUM(AG34+AD34+AA34+X34+U34+R34+O34+L34+I34+F34+AJ34+AL34) -> 171910 | AP34: =SUM(AG34+AJ34) -> 23240 | AQ34: =SUM(AP34/AO34) -> 0.13518702 | AT34: =B34 -> 44742 | AU34: 74251 | AV34: =SUM(AU34-AU33)*100 -> 10900 | AW34: 9455 | AX34: =SUM(AW34-AW33)*100 -> 1300 | AY34: 94238 | AZ34: =SUM(AY34-AY33) -> 540 | BA34: 5450 | BB34: =SUM(BA34-BA33)*40 -> 2440 | BD34: =SUM(AV34+AX34,AZ34,BB34) -> 15180
B35: 44746 | C35: =SUM(Occupancy!K191:K193) -> 1043 | D35: 18241 | E35: 1.956 | F35: =SUM(D35-D34)*160 -> 23040 | G35: 18405 | H35: 2.357 | I35: =SUM(G35-G34)*160 -> 27520 | J35: 13140 | K35: 2.74 | L35: =SUM(J35-J34)*400 -> 7200 | M35: 12845 | N35: 2.39 | O35: =SUM(M35-M34)*400 -> 6400 | P35: 13480 | Q35: 2.2 | R35: =SUM(P35-P34)*400 -> 6800 | S35: 92430 | T35: 2.802 | U35: =SUM(S35-S34)*300 -> 48300 | V35: 89052 | W35: 2.302 | X35: =SUM(V35-V34)*300 -> 46800 | Y35: 20790 | Z35: 5.9 | AA35: =SUM(Y35-Y34)*160 -> 3040 | AB35: 13523 | AC35: 2.54 | AD35: =SUM(AB35-AB34)*160 -> 1760 | AE35: 13901 | AF35: 2.121 | AG35: =SUM(AE35-AE34)*200 -> 30600 | AH35: 20382 | AI35: 0.303 | AJ35: =SUM(AH35-AH34)*40 -> 800 | AK35: 11237 | AL35: =SUM(AK35-AK34) -> 310 | AO35: =SUM(AG35+AD35+AA35+X35+U35+R35+O35+L35+I35+F35+AJ35+AL35) -> 202570 | AP35: =SUM(AG35+AJ35) -> 31400 | AQ35: =SUM(AP35/AO35) -> 0.15500815 | AT35: =B35 -> 44746 | AU35: 74317 | AV35: =SUM(AU35-AU34)*100 -> 6600 | AW35: 9461 | AX35: =SUM(AW35-AW34)*100 -> 600 | AY35: 94593 | AZ35: =SUM(AY35-AY34) -> 355 | BA35: 5463 | BB35: =SUM(BA35-BA34)*40 -> 520 | BD35: =SUM(AV35+AX35,AZ35,BB35) -> 8075
B36: 44753 | C36: =SUM(Occupancy!K194:K200) -> 1820 | D36: 18508 | E36: 1.956 | F36: =SUM(D36-D35)*160 -> 42720 | G36: 18714 | H36: 2.366 | I36: =SUM(G36-G35)*160 -> 49440 | J36: 13173 | K36: 2.74 | L36: =SUM(J36-J35)*400 -> 13200 | M36: 12874 | N36: 2.39 | O36: =SUM(M36-M35)*400 -> 11600 | P36: 13509 | Q36: 2.2 | R36: =SUM(P36-P35)*400 -> 11600 | S36: 92738 | T36: 2.802 | U36: =SUM(S36-S35)*300 -> 92400 | V36: 89343 | W36: 2.302 | X36: =SUM(V36-V35)*300 -> 87300 | Y36: 20826 | Z36: 5.9 | AA36: =SUM(Y36-Y35)*160 -> 5760 | AB36: 13544 | AC36: 2.54 | AD36: =SUM(AB36-AB35)*160 -> 3360 | AE36: 14184 | AF36: 2.121 | AG36: =SUM(AE36-AE35)*200 -> 56600 | AH36: 20422 | AI36: 0.303 | AJ36: =SUM(AH36-AH35)*40 -> 1600 | AK36: 11678 | AL36: =SUM(AK36-AK35) -> 441 | AO36: =SUM(AG36+AD36+AA36+X36+U36+R36+O36+L36+I36+F36+AJ36+AL36) -> 376021 | AP36: =SUM(AG36+AJ36) -> 58200 | AQ36: =SUM(AP36/AO36) -> 0.15477859 | AT36: =B36 -> 44753 | AU36: 74576 | AV36: =SUM(AU36-AU35)*100 -> 25900 | AW36: 9492 | AX36: =SUM(AW36-AW35)*100 -> 3100 | AY36: 95882 | AZ36: =SUM(AY36-AY35) -> 1289 | BA36: 5598 | BB36: =SUM(BA36-BA35)*40 -> 5400 | BD36: =SUM(AV36+AX36,AZ36,BB36) -> 35689
B37: 44760 | C37: =SUM(Occupancy!K201:K207) -> 1865 | D37: 18773 | E37: 2.02 | F37: =SUM(D37-D36)*160 -> 42400 | G37: 19013 | H37: 2.366 | I37: =SUM(G37-G36)*160 -> 47840 | J37: 13206 | K37: 2.74 | L37: =SUM(J37-J36)*400 -> 13200 | M37: 12904 | N37: 2.46 | O37: =SUM(M37-M36)*400 -> 12000 | P37: 13538 | Q37: 2.2 | R37: =SUM(P37-P36)*400 -> 11600 | S37: 93002 | T37: 2.802 | U37: =SUM(S37-S36)*300 -> 79200 | V37: 89633 | W37: 2.302 | X37: =SUM(V37-V36)*300 -> 87000 | Y37: 20863 | Z37: 5.9 | AA37: =SUM(Y37-Y36)*160 -> 5920 | AB37: 13568 | AC37: 2.54 | AD37: =SUM(AB37-AB36)*160 -> 3840 | AE37: 14461 | AF37: 2.2 | AG37: =SUM(AE37-AE36)*200 -> 55400 | AH37: 20463 | AI37: 0.332 | AJ37: =SUM(AH37-AH36)*40 -> 1640 | AK37: 12091 | AL37: =SUM(AK37-AK36) -> 413 | AO37: =SUM(AG37+AD37+AA37+X37+U37+R37+O37+L37+I37+F37+AJ37+AL37) -> 360453 | AP37: =SUM(AG37+AJ37) -> 57040 | AQ37: =SUM(AP37/AO37) -> 0.15824532 | AT37: =B37 -> 44760 | AU37: 74677 | AV37: =SUM(AU37-AU36)*100 -> 10100 | AW37: 9503 | AX37: =SUM(AW37-AW36)*100 -> 1100 | AY37: 96392 | AZ37: =SUM(AY37-AY36) -> 510 | BA37: 5617 | BB37: =SUM(BA37-BA36)*40 -> 760 | BD37: =SUM(AV37+AX37,AZ37,BB37) -> 12470
B38: 44767 | C38: =SUM(Occupancy!K208:K214) -> 2140 | AO38: =SUM(AG38+AD38+AA38+X38+U38+R38+O38+L38+I38+F38+AJ38+AL38) -> 0 | AP38: =SUM(AG38+AJ38) -> 0 | AQ38: =SUM(AP38/AO38) -> #DIV/0! | AT38: =B38 -> 44767 | BD38: =SUM(AV38+AX38,AZ38,BB38) -> 0
B39: 44774 | C39: =SUM(Occupancy!K215:K221) -> 2194 | AO39: =SUM(AG39+AD39+AA39+X39+U39+R39+O39+L39+I39+F39+AJ39+AL39) -> 0 | AP39: =SUM(AG39+AJ39) -> 0 | AQ39: =SUM(AP39/AO39) -> #DIV/0! | AT39: =B39 -> 44774 | BD39: =SUM(AV39+AX39,AZ39,BB39) -> 0
B40: 44781 | AO40: =SUM(AG40+AD40+AA40+X40+U40+R40+O40+L40+I40+F40+AJ40+AL40) -> 0 | AP40: =SUM(AG40+AJ40) -> 0 | AQ40: =SUM(AP40/AO40) -> #DIV/0! | AT40: =B40 -> 44781 | BD40: =SUM(AV40+AX40,AZ40,BB40) -> 0
B41: 44788 | AO41: =SUM(AG41+AD41+AA41+X41+U41+R41+O41+L41+I41+F41+AJ41+AL41) -> 0 | AP41: =SUM(AG41+AJ41) -> 0 | AQ41: =SUM(AP41/AO41) -> #DIV/0! | AT41: =B41 -> 44788 | BD41: =SUM(AV41+AX41,AZ41,BB41) -> 0
B42: 44795 | AO42: =SUM(AG42+AD42+AA42+X42+U42+R42+O42+L42+I42+F42+AJ42+AL42) -> 0 | AP42: =SUM(AG42+AJ42) -> 0 | AQ42: =SUM(AP42/AO42) -> #DIV/0! | AT42: =B42 -> 44795 | BD42: =SUM(AV42+AX42,AZ42,BB42) -> 0
B43: 44802 | AO43: =SUM(AG43+AD43+AA43+X43+U43+R43+O43+L43+I43+F43+AJ43+AL43) -> 0 | AP43: =SUM(AG43+AJ43) -> 0 | AQ43: =SUM(AP43/AO43) -> #DIV/0! | AT43: =B43 -> 44802 | BD43: =SUM(AV43+AX43,AZ43,BB43) -> 0
B44: 44804 | AO44: =SUM(AG44+AD44+AA44+X44+U44+R44+O44+L44+I44+F44+AJ44+AL44) -> 0 | AP44: =SUM(AG44+AJ44) -> 0 | AQ44: =SUM(AP44/AO44) -> #DIV/0! | AT44: =B44 -> 44804 | BD44: =SUM(AV44+AX44,AZ44,BB44) -> 0
B45: 44809 | AO45: =SUM(AG45+AD45+AA45+X45+U45+R45+O45+L45+I45+F45+AJ45+AL45) -> 0 | AP45: =SUM(AG45+AJ45) -> 0 | AQ45: =SUM(AP45/AO45) -> #DIV/0! | AT45: =B45 -> 44809 | BD45: =SUM(AV45+AX45,AZ45,BB45) -> 0
B46: 44816 | AO46: =SUM(AG46+AD46+AA46+X46+U46+R46+O46+L46+I46+F46+AJ46+AL46) -> 0 | AP46: =SUM(AG46+AJ46) -> 0 | AQ46: =SUM(AP46/AO46) -> #DIV/0! | AT46: =B46 -> 44816 | BD46: =SUM(AV46+AX46,AZ46,BB46) -> 0
B47: 44823 | AO47: =SUM(AG47+AD47+AA47+X47+U47+R47+O47+L47+I47+F47+AJ47+AL47) -> 0 | AP47: =SUM(AG47+AJ47) -> 0 | AQ47: =SUM(AP47/AO47) -> #DIV/0! | AT47: =B47 -> 44823 | BD47: =SUM(AV47+AX47,AZ47,BB47) -> 0
B48: 44830 | AO48: =SUM(AG48+AD48+AA48+X48+U48+R48+O48+L48+I48+F48+AJ48+AL48) -> 0 | AP48: =SUM(AG48+AJ48) -> 0 | AQ48: =SUM(AP48/AO48) -> #DIV/0! | AT48: =B48 -> 44830 | BD48: =SUM(AV48+AX48,AZ48,BB48) -> 0
B49: 44834 | AO49: =SUM(AG49+AD49+AA49+X49+U49+R49+O49+L49+I49+F49+AJ49+AL49) -> 0 | AP49: =SUM(AG49+AJ49) -> 0 | AQ49: =SUM(AP49/AO49) -> #DIV/0! | AT49: =B49 -> 44834 | BD49: =SUM(AV49+AX49,AZ49,BB49) -> 0
B50: 44837 | AO50: =SUM(AG50+AD50+AA50+X50+U50+R50+O50+L50+I50+F50+AJ50+AL50) -> 0 | AP50: =SUM(AG50+AJ50) -> 0 | AQ50: =SUM(AP50/AO50) -> #DIV/0! | AT50: =B50 -> 44837 | BD50: =SUM(AV50+AX50,AZ50,BB50) -> 0
B51: 44844 | AO51: =SUM(AG51+AD51+AA51+X51+U51+R51+O51+L51+I51+F51+AJ51+AL51) -> 0 | AP51: =SUM(AG51+AJ51) -> 0 | AQ51: =SUM(AP51/AO51) -> #DIV/0! | AT51: =B51 -> 44844 | BD51: =SUM(AV51+AX51,AZ51,BB51) -> 0
... B64: 44926 | AO64: =SUM(AG64+AD64+AA64+X64+U64+R64+O64+L64+I64+F64+AJ64+AL64) -> 0 | AP64: =SUM(AG64+AJ64) -> 0 | AQ64: =SUM(AP64/AO64) -> #DIV/0! | AT64: =B64 -> 44926 | BD64: =SUM(AV64+AX64,AZ64,BB64) -> 0

Sheet Wtr-Gas
B1: 2022 | C1: 74860172 | F1: 74860173 | I1: 44553004 | L1: 70275191 | O1: 2130521 | S1: 12C004186-C1 | V1: 93477704 | Y1: Total Gas Usage | AA1: 79177804 | AC1: 79305675 | AE1: 19000406 | AG1: 79190041 | AI1: 7919004D | AK1: 79190039 | AM1: 79324776 | AO1: 112014001775 | AQ1: 112014001771 | AU1: 82SJ729151 | AX1: 73337589 - 1387142 | AZ1: 65956268 | BB1: Clubhouse | BC1: 1334021 | BE1: 63265094 | BG1: 67327447 / 80606729
B2: Date | C2: X10 | E2: Total | F2: x10 | H2: Total | L2: x1000 | O2: x100 | Q2: Total | S2: x100 | T2: cfm | V2: x100 | W2: cfm | AA2: Cooling Tower M/U (x10,000) | AC2: Cooling Tower B/D | AE2: Hydraunic Water M/U (x100) | AG2: Bldg E Potable (x10) | AI2: Bldg E Irrigation (x10) | AK2: Bldg J Irrigation | AM2: Lazy River Potable (X1000) | AO2: Bldg E - Pool Hyrdanic | AQ2: Spa Jacuzzi M/U Water | AU2: 46801014 | AY2: Total | AZ2: Deduct | BA2: Total | BB2: Total | BD2: Total | BF2: Total | BH2: Total
C3: Main PW Feed | E3: Gallons | F3: Main RW Feed | H3: Gallons | I3: Fire Prot Water Feed | L3: Potable Water Bldg A | O3: Steam Boiler M/U | Q3: Gallons | S3: Main Gas Meter | V3: Main Gas Meter | AA3: Meter | AB3: Total Gal | AC3: Meter | AD3: Total Gal | AG3: Meter | AH3: Total Gal | AI3: Meter | AJ3: Total Gal | AK3: Meter | AL3: Total Gal | AM3: Meter | AN3: Total Gal | AO3: Meter | AP3: Total Gal | AQ3: Meter | AR3: Total Gal | AU3: Gas Meter | AX3: Water Meter | AY3: Gallons | AZ3: Water Meter | BA3: Gallons | BB3: Gallons | BC3: Water Meter | BD3: Gallons | BE3: Water Meter | BF3: Gallons | BG3: Water Meter | BH3: Gallons
B4: 44562 | C4: 47284050 | E4: 0 | F4: 5735080 | H4: 0 | I4: 18184 | K4: 0 | L4: 343381 | N4: 0 | O4: 21347 | Q4: 0 | S4: 804501 | U4: 0 | V4: 837808 | X4: 0 | Y4: 0 | AA4: 25824 | AB4: 0 | AC4: 699356159 | AD4: 0 | AG4: 120526 | AH4: 0 | AI4: 3721338 | AJ4: 0 | AK4: 4598660 | AL4: 0 | AM4: 25450 | AN4: 0 | AO4: 1292 | AP4: 0 | AQ4: 13368 | AR4: 0 | AT4: =B4 -> 44562 | AU4: 4046 | AV4: 0 | AX4: 2108658 | AY4: 0 | AZ4: 652629730 | BA4: 0 | BB4: 0 | BC4: 7133000 | BD4: 0 | BE4: 3791200 | BF4: 0 | BG4: 1133177 | BH4: 0
B5: 44564 | C5: 47321292 | E5: =SUM(C5-C4)*10 -> 372420 | F5: 5741571 | H5: =SUM(F5-F4)*10 -> 64910 | I5: 18187 | K5: =SUM(I5-I4)*10 -> 30 | L5: 343661 | N5: =SUM(L5-L4)*1000 -> 280000 | O5: 21465 | Q5: =SUM(O5-O4)*100 -> 11800 | S5: 805268 | U5: =SUM(S5-S4)*100 -> 76700 | V5: 840790 | X5: =SUM(V5-V4)*100 -> 298200 | Y5: =SUM(U5+X5) -> 374900 | AA5: 25889 | AB5: =SUM(AA5-AA4)*10000 -> 650000 | AC5: 701086300 | AD5: =SUM(AC5-AC4)*0.1 -> 173014.1 | AG5: 120604 | AH5: =SUM(AG5-AG4)*10 -> 780 | AI5: 3722473 | AJ5: =SUM(AI5-AI4)*10 -> 11350 | AK5: 4601417 | AL5: =SUM(AK5-AK4) -> 2757 | AM5: 25501 | AN5: =SUM(AM5-AM4)*1000 -> 51000 | AO5: 1295 | AP5: =SUM(AO5-AO4) -> 3 | AQ5: 13377 | AR5: =SUM(AQ5-AQ4)*100 -> 900 | AT5: =B5 -> 44564 | AU5: 4100 | AV5: =SUM(AU5-AU4) -> 54 | AX5: 2131903 | AY5: =SUM(AX5-AX4) -> 23245 | AZ5: 654316702 | BA5: =SUM(AZ5-AZ4)/100 -> 16869.72 | BB5: =SUM(AY5-BA5) -> 6375.28 | BC5: 7133400 | BD5: =SUM(BC5-BC4) -> 400 | BE5: 3791400 | BF5: =SUM(BE5-BE4) -> 200 | BG5: 1133187 | BH5: =SUM(BG5-BG4) -> 10
B6: 44571 | C6: 47434585 | E6: =SUM(C6-C5)*10 -> 1132930 | F6: 5755598 | H6: =SUM(F6-F5)*10 -> 140270 | I6: 18208 | K6: =SUM(I6-I5)*10 -> 210 | L6: 344442 | N6: =SUM(L6-L5)*1000 -> 781000 | O6: 21853 | Q6: =SUM(O6-O5)*100 -> 38800 | S6: 807780 | U6: =SUM(S6-S5)*100 -> 251200 | V6: 855610 | X6: =SUM(V6-V5)*100 -> 1482000 | Y6: =SUM(U6+X6) -> 1733200 | AA6: 26017 | AB6: =SUM(AA6-AA5)*10000 -> 1280000 | AC6: 704260000 | AD6: =SUM(AC6-AC5)*0.1 -> 317370 | AG6: 120876 | AH6: =SUM(AG6-AG5)*10 -> 2720 | AI6: 3726339 | AJ6: =SUM(AI6-AI5)*10 -> 38660 | AK6: 4613682 | AL6: =SUM(AK6-AK5) -> 12265 | AM6: 25699 | AN6: =SUM(AM6-AM5)*1000 -> 198000 | AO6: 1312 | AP6: =SUM(AO6-AO5) -> 17 | AQ6: 13405 | AR6: =SUM(AQ6-AQ5)*100 -> 2800 | AT6: =B6 -> 44571 | AU6: 4230 | AV6: =SUM(AU6-AU5) -> 130 | AX6: 2183224 | AY6: =SUM(AX6-AX5) -> 51321 | AZ6: 658272252 | BA6: =SUM(AZ6-AZ5)/100 -> 39555.5 | BB6: =SUM(AY6-BA6) -> 11765.5 | BC6: 7138700 | BD6: =SUM(BC6-BC5) -> 5300 | BE6: 3791700 | BF6: =SUM(BE6-BE5) -> 300 | BG6: 1133232 | BH6: =SUM(BG6-BG5) -> 45
B7: 44578 | C7: 47541571 | E7: =SUM(C7-C6)*10 -> 1069860 | F7: 5765249 | H7: =SUM(F7-F6)*10 -> 96510 | I7: 18248 | K7: =SUM(I7-I6)*10 -> 400 | L7: 345151 | N7: =SUM(L7-L6)*1000 -> 709000 | O7: 22245 | Q7: =SUM(O7-O6)*100 -> 39200 | S7: 810263 | U7: =SUM(S7-S6)*100 -> 248300 | V7: 874623 | X7: =SUM(V7-V6)*100 -> 1901300 | Y7: =SUM(U7+X7) -> 2149600 | AA7: 26115 | AB7: =SUM(AA7-AA6)*10000 -> 980000 | AC7: 706872598 | AD7: =SUM(AC7-AC6)*0.1 -> 261259.8 | AG7: 121126 | AH7: =SUM(AG7-AG6)*10 -> 2500 | AI7: 3728247 | AJ7: =SUM(AI7-AI6)*10 -> 19080 | AK7: 4627029 | AL7: =SUM(AK7-AK6) -> 13347 | AM7: 25915 | AN7: =SUM(AM7-AM6)*1000 -> 216000 | AO7: 1331 | AP7: =SUM(AO7-AO6) -> 19 | AQ7: 13437 | AR7: =SUM(AQ7-AQ6)*100 -> 3200 | AT7: =B7 -> 44578 | AU7: 4331 | AV7: =SUM(AU7-AU6) -> 101 | AX7: 2234949 | AY7: =SUM(AX7-AX6) -> 51725 | AZ7: 662223408 | BA7: =SUM(AZ7-AZ6)/100 -> 39511.56 | BB7: =SUM(AY7-BA7) -> 12213.44 | BC7: 7143200 | BD7: =SUM(BC7-BC6) -> 4500 | BE7: 3792000 | BF7: =SUM(BE7-BE6) -> 300 | BG7: 1133316 | BH7: =SUM(BG7-BG6) -> 84
B8: 44585 | C8: 47648684 | E8: =SUM(C8-C7)*10 -> 1071130 | F8: 5771687 | H8: =SUM(F8-F7)*10 -> 64380 | I8: 18296 | K8: =SUM(I8-I7)*10 -> 480 | L8: 345901 | N8: =SUM(L8-L7)*1000 -> 750000 | O8: 22594 | Q8: =SUM(O8-O7)*100 -> 34900 | S8: 812966 | U8: =SUM(S8-S7)*100 -> 270300 | V8: 895060 | X8: =SUM(V8-V7)*100 -> 2043700 | Y8: =SUM(U8+X8) -> 2314000 | AA8: 26186 | AB8: =SUM(AA8-AA7)*10000 -> 710000 | AC8: 708723000 | AD8: =SUM(AC8-AC7)*0.1 -> 185040.2 | AG8: 121459 | AH8: =SUM(AG8-AG7)*10 -> 3330 | AI8: 3734808 | AJ8: =SUM(AI8-AI7)*10 -> 65610 | AK8: 4637231 | AL8: =SUM(AK8-AK7) -> 10202 | AM8: 26049 | AN8: =SUM(AM8-AM7)*1000 -> 134000 | AO8: 1351 | AP8: =SUM(AO8-AO7) -> 20 | AQ8: 13464 | AR8: =SUM(AQ8-AQ7)*100 -> 2700 | AT8: =B8 -> 44585 | AU8: 4475 | AV8: =SUM(AU8-AU7) -> 144 | AX8: 2286500 | AY8: =SUM(AX8-AX7) -> 51551 | AZ8: 666250250 | BA8: =SUM(AZ8-AZ7)/100 -> 40268.42 | BB8: =SUM(AY8-BA8) -> 11282.58 | BC8: 7145500 | BD8: =SUM(BC8-BC7) -> 2300 | BE8: 3792300 | BF8: =SUM(BE8-BE7) -> 300 | BG8: 1133316 | BH8: =SUM(BG8-BG7) -> 0
B9: 44592 | C9: 47742689 | E9: =SUM(C9-C8)*10 -> 940050 | F9: 5772478 | H9: =SUM(F9-F8)*10 -> 7910 | I9: 18310 | K9: =SUM(I9-I8)*10 -> 140 | L9: 346448 | N9: =SUM(L9-L8)*1000 -> 547000 | O9: 22960 | Q9: =SUM(O9-O8)*100 -> 36600 | S9: 815475 | U9: =SUM(S9-S8)*100 -> 250900 | V9: 916450 | X9: =SUM(V9-V8)*100 -> 2139000 | Y9: =SUM(U9+X9) -> 2389900 | AA9: 26235 | AB9: =SUM(AA9-AA8)*10000 -> 490000 | AC9: 710150718 | AD9: =SUM(AC9-AC8)*0.1 -> 142771.8 | AG9: 121688 | AH9: =SUM(AG9-AG8)*10 -> 2290 | AI9: 3739930 | AJ9: =SUM(AI9-AI8)*10 -> 51220 | AK9: 4649110 | AL9: =SUM(AK9-AK8) -> 11879 | AM9: 26261 | AN9: =SUM(AM9-AM8)*1000 -> 212000 | AO9: 1377 | AP9: =SUM(AO9-AO8) -> 26 | AQ9: 13495 | AR9: =SUM(AQ9-AQ8)*100 -> 3100 | AT9: =B9 -> 44592 | AU9: 4662 | AV9: =SUM(AU9-AU8) -> 187 | AX9: 2338432 | AY9: =SUM(AX9-AX8) -> 51932 | AZ9: 670240809 | BA9: =SUM(AZ9-AZ8)/100 -> 39905.59 | BB9: =SUM(AY9-BA9) -> 12026.41 | BC9: 7148700 | BD9: =SUM(BC9-BC8) -> 3200 | BE9: 3792600 | BF9: =SUM(BE9-BE8) -> 300 | BG9: 1133474 | BH9: =SUM(BG9-BG8) -> 158
B10: 44599 | C10: 47852173 | E10: =SUM(C10-C9)*10 -> 1094840 | F10: 5782056 | H10: =SUM(F10-F9)*10 -> 95780 | I10: 18354 | K10: =SUM(I10-I9)*10 -> 440 | L10: 347178 | N10: =SUM(L10-L9)*1000 -> 730000 | O10: 23343 | Q10: =SUM(O10-O9)*100 -> 38300 | S10: 817983 | U10: =SUM(S10-S9)*100 -> 250800 | V10: 932930 | X10: =SUM(V10-V9)*100 -> 1648000 | Y10: =SUM(U10+X10) -> 1898800 | AA10: 26357 | AB10: =SUM(AA10-AA9)*10000 -> 1220000 | AC10: 713146100 | AD10: =SUM(AC10-AC9)*0.1 -> 299538.2 | AG10: 122038 | AH10: =SUM(AG10-AG9)*10 -> 3500 | AI10: 3746365 | AJ10: =SUM(AI10-AI9)*10 -> 64350 | AK10: 4661514 | AL10: =SUM(AK10-AK9) -> 12404 | AM10: 26431 | AN10: =SUM(AM10-AM9)*1000 -> 170000 | AO10: 1390 | AP10: =SUM(AO10-AO9) -> 13 | AQ10: 13522 | AR10: =SUM(AQ10-AQ9)*100 -> 2700 | AT10: =B10 -> 44599 | AU10: 4787 | AV10: =SUM(AU10-AU9) -> 125 | AX10: 2388520 | AY10: =SUM(AX10-AX9) -> 50088 | AZ10: 674138636 | BA10: =SUM(AZ10-AZ9)/100 -> 38978.27 | BB10: =SUM(AY10-BA10) -> 11109.73 | BC10: 7151100 | BD10: =SUM(BC10-BC9) -> 2400 | BE10: 3793000 | BF10: =SUM(BE10-BE9) -> 400 | BG10: 1133527 | BH10: =SUM(BG10-BG9) -> 53
B11: 44606 | C11: 47958101 | E11: =SUM(C11-C10)*10 -> 1059280 | F11: 5789125 | H11: =SUM(F11-F10)*10 -> 70690 | I11: 18386 | K11: =SUM(I11-I10)*10 -> 320 | L11: 347864 | N11: =SUM(L11-L10)*1000 -> 686000 | O11: 23722 | Q11: =SUM(O11-O10)*100 -> 37900 | S11: 820428 | U11: =SUM(S11-S10)*100 -> 244500 | V11: 941330 | X11: =SUM(V11-V10)*100 -> 840000 | Y11: =SUM(U11+X11) -> 1084500 | AA11: 26434 | AB11: =SUM(AA11-AA10)*10000 -> 770000 | AC11: 715499900 | AD11: =SUM(AC11-AC10)*0.1 -> 235380 | AG11: 122657 | AH11: =SUM(AG11-AG10)*10 -> 6190 | AI11: 3754099 | AJ11: =SUM(AI11-AI10)*10 -> 77340 | AK11: 4673016 | AL11: =SUM(AK11-AK10) -> 11502 | AM11: 26612 | AN11: =SUM(AM11-AM10)*1000 -> 181000 | AO11: 1410 | AP11: =SUM(AO11-AO10) -> 20 | AQ11: 13541 | AR11: =SUM(AQ11-AQ10)*100 -> 1900 | AT11: =B11 -> 44606 | AU11: 4931 | AV11: =SUM(AU11-AU10) -> 144 | AX11: 2438476 | AY11: =SUM(AX11-AX10) -> 49956 | AZ11: 678105032 | BA11: =SUM(AZ11-AZ10)/100 -> 39663.96 | BB11: =SUM(AY11-BA11) -> 10292.04 | BC11: 7154700 | BD11: =SUM(BC11-BC10) -> 3600 | BE11: 3793300 | BF11: =SUM(BE11-BE10) -> 300 | BG11: 1133535 | BH11: =SUM(BG11-BG10) -> 8
B12: 44613 | C12: 48094151 | E12: =SUM(C12-C11)*10 -> 1360500 | F12: 5800451 | H12: =SUM(F12-F11)*10 -> 113260 | I12: 18417 | K12: =SUM(I12-I11)*10 -> 310 | L12: 348848 | N12: =SUM(L12-L11)*1000 -> 984000 | O12: 24008 | Q12: =SUM(O12-O11)*100 -> 28600 | S12: 823082 | U12: =SUM(S12-S11)*100 -> 265400 | V12: 967120 | X12: =SUM(V12-V11)*100 -> 2579000 | Y12: =SUM(U12+X12) -> 2844400 | AA12: 26584 | AB12: =SUM(AA12-AA11)*10000 -> 1500000 | AC12: 719363661 | AD12: =SUM(AC12-AC11)*0.1 -> 386376.1 | AG12: 123151 | AH12: =SUM(AG12-AG11)*10 -> 4940 | AI12: 3762884 | AJ12: =SUM(AI12-AI11)*10 -> 87850 | AK12: 4684322 | AL12: =SUM(AK12-AK11) -> 11306 | AM12: 26748 | AN12: =SUM(AM12-AM11)*1000 -> 136000 | AO12: 1423 | AP12: =SUM(AO12-AO11) -> 13 | AQ12: 13569 | AR12: =SUM(AQ12-AQ11)*100 -> 2800 | AT12: =B12 -> 44613 | AU12: 5056 | AV12: =SUM(AU12-AU11) -> 125 | AX12: 2491361 | AY12: =SUM(AX12-AX11) -> 52885 | AZ12: 682011196 | BA12: =SUM(AZ12-AZ11)/100 -> 39061.64 | BB12: =SUM(AY12-BA12) -> 13823.36 | BC12: 7157800 | BD12: =SUM(BC12-BC11) -> 3100 | BE12: 3793600 | BF12: =SUM(BE12-BE11) -> 300 | BG12: 1133568 | BH12: =SUM(BG12-BG11) -> 33
B13: 44620 | C13: 48239930 | E13: =SUM(C13-C12)*10 -> 1457790 | F13: 5814733 | H13: =SUM(F13-F12)*10 -> 142820 | I13: 18532 | K13: =SUM(I13-I12)*10 -> 1150 | L13: 349944 | N13: =SUM(L13-L12)*1000 -> 1096000 | O13: 24271 | Q13: =SUM(O13-O12)*100 -> 26300 | S13: 825621 | U13: =SUM(S13-S12)*100 -> 253900 | V13: 977388 | X13: =SUM(V13-V12)*100 -> 1026800 | Y13: =SUM(U13+X13) -> 1280700 | AA13: 26816 | AB13: =SUM(AA13-AA12)*10000 -> 2320000 | AC13: 725657085 | AD13: =SUM(AC13-AC12)*0.1 -> 629342.4 | AG13: 123546 | AH13: =SUM(AG13-AG12)*10 -> 3950 | AI13: 3772685 | AJ13: =SUM(AI13-AI12)*10 -> 98010 | AK13: 4697719 | AL13: =SUM(AK13-AK12) -> 13397 | AM13: 26860 | AN13: =SUM(AM13-AM12)*1000 -> 112000 | AO13: 1434 | AP13: =SUM(AO13-AO12) -> 11 | AQ13: 13589 | AR13: =SUM(AQ13-AQ12)*100 -> 2000 | AT13: =B13 -> 44620 | AU13: 5176 | AV13: =SUM(AU13-AU12) -> 120 | AX13: 2542007 | AY13: =SUM(AX13-AX12) -> 50646 | AZ13: 685908256 | BA13: =SUM(AZ13-AZ12)/100 -> 38970.6 | BB13: =SUM(AY13-BA13) -> 11675.4 | BC13: 7159500 | BD13: =SUM(BC13-BC12) -> 1700 | BE13: 3794100 | BF13: =SUM(BE13-BE12) -> 500 | BG13: 1133594 | BH13: =SUM(BG13-BG12) -> 26
B14: 44627 | C14: 48370220 | E14: =SUM(C14-C13)*10 -> 1302900 | F14: 5828755 | H14: =SUM(F14-F13)*10 -> 140220 | I14: 18558 | K14: =SUM(I14-I13)*10 -> 260 | L14: 350993 | N14: =SUM(L14-L13)*1000 -> 1049000 | O14: 24331 | Q14: =SUM(O14-O13)*100 -> 6000 | S14: 828132 | U14: =SUM(S14-S13)*100 -> 251100 | V14: 989770 | X14: =SUM(V14-V13)*100 -> 1238200 | Y14: =SUM(U14+X14) -> 1489300 | AA14: 26975 | AB14: =SUM(AA14-AA13)*10000 -> 1590000 | AC14: 729173212 | AD14: =SUM(AC14-AC13)*0.1 -> 351612.7 | AG14: 123875 | AH14: =SUM(AG14-AG13)*10 -> 3290 | AI14: 3781080 | AJ14: =SUM(AI14-AI13)*10 -> 83950 | AK14: 4711070 | AL14: =SUM(AK14-AK13) -> 13351 | AM14: 26946 | AN14: =SUM(AM14-AM13)*1000 -> 86000 | AO14: 1447 | AP14: =SUM(AO14-AO13) -> 13 | AQ14: 13618 | AR14: =SUM(AQ14-AQ13)*100 -> 2900 | AT14: =B14 -> 44627 | AU14: 5283 | AV14: =SUM(AU14-AU13) -> 107 | AX14: 2596357 | AY14: =SUM(AX14-AX13) -> 54350 | AZ14: 689783397 | BA14: =SUM(AZ14-AZ13)/100 -> 38751.41 | BB14: =SUM(AY14-BA14) -> 15598.59 | BC14: 7162700 | BD14: =SUM(BC14-BC13) -> 3200 | BE14: 3794950 | BF14: =SUM(BE14-BE13) -> 850 | BG14: 1133602 | BH14: =SUM(BG14-BG13) -> 8
B15: 44634 | C15: 48491861 | E15: =SUM(C15-C14)*10 -> 1216410 | F15: 5833144 | H15: =SUM(F15-F14)*10 -> 43890 | I15: 18582 | K15: =SUM(I15-I14)*10 -> 240 | L15: 351974 | N15: =SUM(L15-L14)*1000 -> 981000 | O15: 24899 | Q15: =SUM(O15-O14)*100 -> 56800 | S15: 830742 | U15: =SUM(S15-S14)*100 -> 261000 | V15: 90 | X15: 1032000 | Y15: =SUM(U15+X15) -> 1293000 | AA15: 27187 | AB15: =SUM(AA15-AA14)*10000 -> 2120000 | AC15: 734542000 | AD15: =SUM(AC15-AC14)*0.1 -> 536878.8 | AG15: 124026 | AH15: =SUM(AG15-AG14)*10 -> 1510 | AI15: 3787191 | AJ15: =SUM(AI15-AI14)*10 -> 61110 | AK15: 4718580 | AL15: =SUM(AK15-AK14) -> 7510 | AM15: 26954 | AN15: =SUM(AM15-AM14)*1000 -> 8000 | AO15: 1459 | AP15: =SUM(AO15-AO14) -> 12 | AQ15: 13645 | AR15: =SUM(AQ15-AQ14)*100 -> 2700 | AT15: =B15 -> 44634 | AU15: 5411 | AV15: =SUM(AU15-AU14) -> 128 | AX15: 2652013 | AY15: =SUM(AX15-AX14) -> 55656 | AZ15: 694141331 | BA15: =SUM(AZ15-AZ14)/100 -> 43579.34 | BB15: =SUM(AY15-BA15) -> 12076.66 | BC15: 7165200 | BD15: =SUM(BC15-BC14) -> 2500 | BE15: 3794950 | BF15: =SUM(BE15-BE14) -> 0 | BG15: 1133602 | BH15: =SUM(BG15-BG14) -> 0
B16: 44641 | C16: 48624954 | E16: =SUM(C16-C15)*10 -> 1330930 | F16: 5844439 | H16: =SUM(F16-F15)*10 -> 112950 | I16: 18610 | K16: =SUM(I16-I15)*10 -> 280 | L16: 353062 | N16: =SUM(L16-L15)*1000 -> 1088000 | O16: 25185 | Q16: =SUM(O16-O15)*100 -> 28600 | S16: 833299 | U16: =SUM(S16-S15)*100 -> 255700 | V16: 1071 | X16: =SUM(V16-V15)*100 -> 98100 | Y16: =SUM(U16+X16) -> 353800 | AA16: 27383 | AB16: =SUM(AA16-AA15)*10000 -> 1960000 | AC16: 738919800 | AD16: =SUM(AC16-AC15)*0.1 -> 437780 | AG16: 124149 | AH16: =SUM(AG16-AG15)*10 -> 1230 | AI16: 3795711 | AJ16: =SUM(AI16-AI15)*10 -> 85200 | AK16: 4726417 | AL16: =SUM(AK16-AK15) -> 7837 | AM16: 27007 | AN16: =SUM(AM16-AM15)*1000 -> 53000 | AO16: 1468 | AP16: =SUM(AO16-AO15) -> 9 | AQ16: 13658 | AR16: =SUM(AQ16-AQ15)*100 -> 1300 | AT16: =B16 -> 44641 | AU16: 5510 | AV16: =SUM(AU16-AU15) -> 99 | AX16: 2697562 | AY16: =SUM(AX16-AX15) -> 45549 | AZ16: 697511469 | BA16: =SUM(AZ16-AZ15)/100 -> 33701.38 | BB16: =SUM(AY16-BA16) -> 11847.62 | BC16: 7167100 | BD16: =SUM(BC16-BC15) -> 1900 | BE16: 3795200 | BF16: =SUM(BE16-BE15) -> 250 | BG16: 1133602 | BH16: =SUM(BG16-BG15) -> 0
B17: 44648 | C17: 48755342 | E17: =SUM(C17-C16)*10 -> 1303880 | F17: 5853332 | H17: =SUM(F17-F16)*10 -> 88930 | I17: 18632 | K17: =SUM(I17-I16)*10 -> 220 | L17: 354090 | N17: =SUM(L17-L16)*1000 -> 1028000 | O17: 25487 | Q17: =SUM(O17-O16)*100 -> 30200 | S17: 835892 | U17: =SUM(S17-S16)*100 -> 259300 | V17: 2224 | X17: =SUM(V17-V16)*100 -> 115300 | Y17: =SUM(U17+X17) -> 374600 | AA17: 27554 | AB17: =SUM(AA17-AA16)*10000 -> 1710000 | AC17: 743070400 | AD17: =SUM(AC17-AC16)*0.1 -> 415060 | AG17: 124596 | AH17: =SUM(AG17-AG16)*10 -> 4470 | AI17: 3805365 | AJ17: =SUM(AI17-AI16)*10 -> 96540 | AK17: 4739445 | AL17: =SUM(AK17-AK16) -> 13028 | AM17: 27066 | AN17: =SUM(AM17-AM16)*1000 -> 59000 | AO17: 1482 | AP17: =SUM(AO17-AO16) -> 14 | AQ17: 13684 | AR17: =SUM(AQ17-AQ16)*100 -> 2600 | AT17: =B17 -> 44648 | AU17: 5619 | AV17: =SUM(AU17-AU16) -> 109 | AX17: 2749878 | AY17: =SUM(AX17-AX16) -> 52316 | AZ17: 701421714 | BA17: =SUM(AZ17-AZ16)/100 -> 39102.45 | BB17: =SUM(AY17-BA17) -> 13213.55 | BC17: 7171800 | BD17: =SUM(BC17-BC16) -> 4700 | BE17: 3795500 | BF17: =SUM(BE17-BE16) -> 300 | BG17: 1133603 | BH17: =SUM(BG17-BG16) -> 1
B18: 44651 | C18: 48840516 | E18: =SUM(C18-C17)*10 -> 851740 | F18: 5859771 | H18: =SUM(F18-F17)*10 -> 64390 | I18: 18656 | K18: =SUM(I18-I17)*10 -> 240 | L18: 354733 | N18: =SUM(L18-L17)*1000 -> 643000 | O18: 25689 | Q18: =SUM(O18-O17)*100 -> 20200 | S18: 837470 | U18: =SUM(S18-S17)*100 -> 157800 | V18: 2846 | X18: =SUM(V18-V17)*100 -> 62200 | Y18: =SUM(U18+X18) -> 220000 | AA18: 27677 | AB18: =SUM(AA18-AA17)*10000 -> 1230000 | AC18: 745822300 | AD18: =SUM(AC18-AC17)*0.1 -> 275190 | AG18: 124923 | AH18: =SUM(AG18-AG17)*10 -> 3270 | AI18: 3812934 | AJ18: =SUM(AI18-AI17)*10 -> 75690 | AK18: 4751604 | AL18: =SUM(AK18-AK17) -> 12159 | AM18: 27119 | AN18: =SUM(AM18-AM17)*1000 -> 53000 | AO18: 1490 | AP18: =SUM(AO18-AO17) -> 8 | AQ18: 13699 | AR18: =SUM(AQ18-AQ17)*100 -> 1500 | AT18: =B18 -> 44651 | AU18: 5671 | AV18: =SUM(AU18-AU17) -> 52 | AX18: 2778133 | AY18: =SUM(AX18-AX17) -> 28255 | AZ18: 702580699 | BA18: =SUM(AZ18-AZ17)/100 -> 11589.85 | BB18: =SUM(AY18-BA18) -> 16665.15 | BC18: 7173100 | BD18: =SUM(BC18-BC17) -> 1300 | BE18: 3795800 | BF18: =SUM(BE18-BE17) -> 300 | BG18: 1133605 | BH18: =SUM(BG18-BG17) -> 2
B19: 44655 | C19: 48885087 | E19: =SUM(C19-C18)*10 -> 445710 | F19: 5859771 | H19: =SUM(F19-F18)*10 -> 0 | I19: 18661 | K19: =SUM(I19-I18)*10 -> 50 | L19: 355117 | N19: =SUM(L19-L18)*1000 -> 384000 | O19: 25806 | Q19: =SUM(O19-O18)*100 -> 11700 | S19: 838450 | U19: =SUM(S19-S18)*100 -> 98000 | V19: 3156 | X19: =SUM(V19-V18)*100 -> 31000 | Y19: =SUM(U19+X19) -> 129000 | AA19: 27755 | AB19: =SUM(AA19-AA18)*10000 -> 780000 | AC19: 747699000 | AD19: =SUM(AC19-AC18)*0.1 -> 187670 | AG19: 124953 | AH19: =SUM(AG19-AG18)*10 -> 300 | AI19: 3814469 | AJ19: =SUM(AI19-AI18)*10 -> 15350 | AK19: 4751604 | AL19: =SUM(AK19-AK18) -> 0 | AM19: 27135 | AN19: =SUM(AM19-AM18)*1000 -> 16000 | AO19: 1495 | AP19: =SUM(AO19-AO18) -> 5 | AQ19: 13706 | AR19: =SUM(AQ19-AQ18)*100 -> 700 | AT19: =B19 -> 44655 | AU19: 5721 | AV19: =SUM(AU19-AU18) -> 50 | AX19: 2800029 | AY19: =SUM(AX19-AX18) -> 21896 | AZ19: 705281767 | BA19: =SUM(AZ19-AZ18)/100 -> 27010.68 | BB19: =SUM(AY19-BA19) -> -5114.68 | BC19: 7174300 | BD19: =SUM(BC19-BC18) -> 1200 | BE19: 3795900 | BF19: =SUM(BE19-BE18) -> 100 | BG19: 1133605 | BH19: =SUM(BG19-BG18) -> 0
B20: 44662 | C20: 49013641 | E20: =SUM(C20-C19)*10 -> 1285540 | F20: 5867918 | H20: =SUM(F20-F19)*10 -> 81470 | I20: 18685 | K20: =SUM(I20-I19)*10 -> 240 | L20: 356102 | N20: =SUM(L20-L19)*1000 -> 985000 | O20: 26102 | Q20: =SUM(O20-O19)*100 -> 29600 | S20: 840781 | U20: =SUM(S20-S19)*100 -> 233100 | V20: 4234 | X20: =SUM(V20-V19)*100 -> 107800 | Y20: =SUM(U20+X20) -> 340900 | AA20: 27928 | AB20: =SUM(AA20-AA19)*10000 -> 1730000 | AC20: 751860100 | AD20: =SUM(AC20-AC19)*0.1 -> 416110 | AG20: 125254 | AH20: =SUM(AG20-AG19)*10 -> 3010 | AI20: 3822890 | AJ20: =SUM(AI20-AI19)*10 -> 84210 | AK20: 4765671 | AL20: =SUM(AK20-AK19) -> 14067 | AM20: 27218 | AN20: =SUM(AM20-AM19)*1000 -> 83000 | AO20: 1509 | AP20: =SUM(AO20-AO19) -> 14 | AQ20: 13729 | AR20: =SUM(AQ20-AQ19)*100 -> 2300 | AT20: =B20 -> 44662 | AU20: 5828 | AV20: =SUM(AU20-AU19) -> 107 | AX20: 2852906 | AY20: =SUM(AX20-AX19) -> 52877 | AZ20: 709254196 | BA20: =SUM(AZ20-AZ19)/100 -> 39724.29 | BB20: =SUM(AY20-BA20) -> 13152.71 | BC20: 7176800 | BD20: =SUM(BC20-BC19) -> 2500 | BE20: 3796300 | BF20: =SUM(BE20-BE19) -> 400 | BG20: 1133605 | BH20: =SUM(BG20-BG19) -> 0
B21: 44669 | C21: 49158782 | E21: =SUM(C21-C20)*10 -> 1451410 | F21: 5874428 | H21: =SUM(F21-F20)*10 -> 65100 | I21: 18708 | K21: =SUM(I21-I20)*10 -> 230 | L21: 357196 | N21: =SUM(L21-L20)*1000 -> 1094000 | O21: 26412 | Q21: =SUM(O21-O20)*100 -> 31000 | S21: 843226 | U21: =SUM(S21-S20)*100 -> 244500 | V21: 5073 | X21: =SUM(V21-V20)*100 -> 83900 | Y21: =SUM(U21+X21) -> 328400 | AA21: 28147 | AB21: =SUM(AA21-AA20)*10000 -> 2190000 | AC21: 756277200 | AD21: =SUM(AC21-AC20)*0.1 -> 441710 | AG21: 125724 | AH21: =SUM(AG21-AG20)*10 -> 4700 | AI21: 3832560 | AJ21: =SUM(AI21-AI20)*10 -> 96700 | AK21: 4776476 | AL21: =SUM(AK21-AK20) -> 10805 | AM21: 27339 | AN21: =SUM(AM21-AM20)*1000 -> 121000 | AO21: 1521 | AP21: =SUM(AO21-AO20) -> 12 | AQ21: 13757 | AR21: =SUM(AQ21-AQ20)*100 -> 2800 | AT21: =B21 -> 44669 | AU21: 5937 | AV21: =SUM(AU21-AU20) -> 109 | AX21: 2902803 | AY21: =SUM(AX21-AX20) -> 49897 | AZ21: 712840350 | BA21: =SUM(AZ21-AZ20)/100 -> 35861.54 | BB21: =SUM(AY21-BA21) -> 14035.46 | BC21: 7182400 | BD21: =SUM(BC21-BC20) -> 5600 | BE21: 3796600 | BF21: =SUM(BE21-BE20) -> 300 | BG21: 1133605 | BH21: =SUM(BG21-BG20) -> 0
B22: 44676 | C22: 49297214 | E22: =SUM(C22-C21)*10 -> 1384320 | F22: 5886594 | H22: =SUM(F22-F21)*10 -> 121660 | I22: 18745 | K22: =SUM(I22-I21)*10 -> 370 | L22: 358315 | N22: =SUM(L22-L21)*1000 -> 1119000 | O22: 26762 | Q22: =SUM(O22-O21)*100 -> 35000 | S22: 845742 | U22: =SUM(S22-S21)*100 -> 251600 | V22: 6137 | X22: =SUM(V22-V21)*100 -> 106400 | Y22: =SUM(U22+X22) -> 358000 | AA22: 28364 | AB22: =SUM(AA22-AA21)*10000 -> 2170000 | AC22: 761346100 | AD22: =SUM(AC22-AC21)*0.1 -> 506890 | AG22: 126102 | AH22: =SUM(AG22-AG21)*10 -> 3780 | AI22: 3841916 | AJ22: =SUM(AI22-AI21)*10 -> 93560 | AK22: 4795112 | AL22: =SUM(AK22-AK21) -> 18636 | AM22: 27421 | AN22: =SUM(AM22-AM21)*1000 -> 82000 | AO22: 1532 | AP22: =SUM(AO22-AO21) -> 11 | AQ22: 13773 | AR22: =SUM(AQ22-AQ21)*100 -> 1600 | AT22: =B22 -> 44676 | AU22: 6082 | AV22: =SUM(AU22-AU21) -> 145 | AX22: 2965101 | AY22: =SUM(AX22-AX21) -> 62298 | AZ22: 717324812 | BA22: =SUM(AZ22-AZ21)/100 -> 44844.62 | BB22: =SUM(AY22-BA22) -> 17453.38 | BC22: 7185900 | BD22: =SUM(BC22-BC21) -> 3500 | BE22: 3797100 | BF22: =SUM(BE22-BE21) -> 500 | BG22: 1133605 | BH22: =SUM(BG22-BG21) -> 0
B23: 44681 | C23: 49434673 | E23: =SUM(C23-C22)*10 -> 1374590 | F23: 5898618 | H23: =SUM(F23-F22)*10 -> 120240 | I23: 18752 | K23: =SUM(I23-I22)*10 -> 70 | L23: 359338 | N23: =SUM(L23-L22)*1000 -> 1023000 | O23: 27083 | Q23: =SUM(O23-O22)*100 -> 32100 | S23: 848113 | U23: =SUM(S23-S22)*100 -> 237100 | V23: 6883 | X23: =SUM(V23-V22)*100 -> 74600 | Y23: =SUM(U23+X23) -> 311700 | AA23: 28607 | AB23: =SUM(AA23-AA22)*10000 -> 2430000 | AC23: 766727000 | AD23: =SUM(AC23-AC22)*0.1 -> 538090 | AG23: 126624 | AH23: =SUM(AG23-AG22)*10 -> 5220 | AI23: 3849967 | AJ23: =SUM(AI23-AI22)*10 -> 80510 | AK23: 4808487 | AL23: =SUM(AK23-AK22) -> 13375 | AM23: 27520 | AN23: =SUM(AM23-AM22)*1000 -> 99000 | AO23: 1541 | AP23: =SUM(AO23-AO22) -> 9 | AQ23: 13797 | AR23: =SUM(AQ23-AQ22)*100 -> 2400 | AT23: =B23 -> 44681 | AU23: 6179 | AV23: =SUM(AU23-AU22) -> 97 | AX23: 3010468 | AY23: =SUM(AX23-AX22) -> 45367 | AZ23: 720682350 | BA23: =SUM(AZ23-AZ22)/100 -> 33575.38 | BB23: =SUM(AY23-BA23) -> 11791.62 | BC23: 7188000 | BD23: =SUM(BC23-BC22) -> 2100 | BE23: 3797300 | BF23: =SUM(BE23-BE22) -> 200 | BG23: 1133605 | BH23: =SUM(BG23-BG22) -> 0
B24: 44683 | C24: 49434673 | E24: =SUM(C24-C23)*10 -> 0 | F24: 5898618 | H24: =SUM(F24-F23)*10 -> 0 | I24: 18752 | K24: =SUM(I24-I23)*10 -> 0 | L24: 359338 | N24: =SUM(L24-L23)*1000 -> 0 | O24: 27083 | Q24: =SUM(O24-O23)*100 -> 0 | S24: 848113 | U24: =SUM(S24-S23)*100 -> 0 | V24: 6883 | X24: =SUM(V24-V23)*100 -> 0 | Y24: =SUM(U24+X24) -> 0 | AA24: 28607 | AB24: =SUM(AA24-AA23)*10000 -> 0 | AC24: 766727000 | AD24: =SUM(AC24-AC23)*0.1 -> 0 | AG24: 126624 | AH24: =SUM(AG24-AG23)*10 -> 0 | AI24: 3849967 | AJ24: =SUM(AI24-AI23)*10 -> 0 | AK24: 4808487 | AL24: =SUM(AK24-AK23) -> 0 | AM24: 27520 | AN24: =SUM(AM24-AM23)*1000 -> 0 | AO24: 1541 | AP24: =SUM(AO24-AO23) -> 0 | AQ24: 13797 | AR24: =SUM(AQ24-AQ23)*100 -> 0 | AT24: =B24 -> 44683 | AU24: 6179 | AV24: =SUM(AU24-AU23) -> 0 | AX24: 3010468 | AY24: =SUM(AX24-AX23) -> 0 | AZ24: 720682350 | BA24: =SUM(AZ24-AZ23)/100 -> 0 | BB24: =SUM(AY24-BA24) -> 0 | BC24: 7188000 | BD24: =SUM(BC24-BC23) -> 0 | BE24: 3797300 | BF24: =SUM(BE24-BE23) -> 0 | BG24: 1133605 | BH24: =SUM(BG24-BG23) -> 0
B25: 44690 | C25: 49578490 | E25: =SUM(C25-C24)*10 -> 1438170 | F25: 5907125 | H25: =SUM(F25-F24)*10 -> 85070 | I25: 18779 | K25: =SUM(I25-I24)*10 -> 270 | L25: 360455 | N25: =SUM(L25-L24)*1000 -> 1117000 | O25: 27442 | Q25: =SUM(O25-O24)*100 -> 35900 | S25: 850480 | U25: =SUM(S25-S24)*100 -> 236700 | V25: 7233 | X25: =SUM(V25-V24)*100 -> 35000 | Y25: =SUM(U25+X25) -> 271700 | AA25: 28893 | AB25: =SUM(AA25-AA24)*10000 -> 2860000 | AC25: 773587900 | AD25: =SUM(AC25-AC24)*0.1 -> 686090 | AE25: 0 | AG25: 127236 | AH25: =SUM(AG25-AG24)*10 -> 6120 | AI25: 3859932 | AJ25: =SUM(AI25-AI24)*10 -> 99650 | AK25: 4821994 | AL25: =SUM(AK25-AK24) -> 13507 | AM25: 27598 | AN25: =SUM(AM25-AM24)*1000 -> 78000 | AO25: 1559 | AP25: =SUM(AO25-AO24) -> 18 | AQ25: 13828 | AR25: =SUM(AQ25-AQ24)*100 -> 3100 | AT25: =B25 -> 44690 | AU25: 6275 | AV25: =SUM(AU25-AU24) -> 96 | AX25: 3062921 | AY25: =SUM(AX25-AX24) -> 52453 | AZ25: 724613833 | BA25: =SUM(AZ25-AZ24)/100 -> 39314.83 | BB25: =SUM(AY25-BA25) -> 13138.17 | BC25: 7190600 | BD25: =SUM(BC25-BC24) -> 2600 | BE25: 3797600 | BF25: =SUM(BE25-BE24) -> 300 | BG25: 1133605 | BH25: =SUM(BG25-BG24) -> 0
B26: 44697 | C26: 49717626 | E26: =SUM(C26-C25)*10 -> 1391360 | F26: 5922642 | H26: =SUM(F26-F25)*10 -> 155170 | I26: 18801 | K26: =SUM(I26-I25)*10 -> 220 | L26: 361499 | N26: =SUM(L26-L25)*1000 -> 1044000 | O26: 27763 | Q26: =SUM(O26-O25)*100 -> 32100 | S26: 852778 | U26: =SUM(S26-S25)*100 -> 229800 | V26: 8048 | X26: =SUM(V26-V25)*100 -> 81500 | Y26: =SUM(U26+X26) -> 311300 | AA26: 29126 | AB26: =SUM(AA26-AA25)*10000 -> 2330000 | AC26: 779304000 | AD26: =SUM(AC26-AC25)*0.1 -> 571610 | AE26: 0 | AF26: =SUM(AE26-AE25)*100 -> 0 | AG26: 127689 | AH26: =SUM(AG26-AG25)*10 -> 4530 | AI26: 3870421 | AJ26: =SUM(AI26-AI25)*10 -> 104890 | AK26: 4821994 | AL26: =SUM(AK26-AK25) -> 0 | AM26: 27663 | AN26: =SUM(AM26-AM25)*1000 -> 65000 | AO26: 1577 | AP26: =SUM(AO26-AO25) -> 18 | AQ26: 13851 | AR26: =SUM(AQ26-AQ25)*100 -> 2300 | AT26: =B26 -> 44697 | AU26: 6370 | AV26: =SUM(AU26-AU25) -> 95 | AX26: 3113487 | AY26: =SUM(AX26-AX25) -> 50566 | AZ26: 728552838 | BA26: =SUM(AZ26-AZ25)/100 -> 39390.05 | BB26: =SUM(AY26-BA26) -> 11175.95 | BC26: 7192700 | BD26: =SUM(BC26-BC25) -> 2100 | BE26: 3797800 | BF26: =SUM(BE26-BE25) -> 200 | BG26: 1133605 | BH26: =SUM(BG26-BG25) -> 0
B27: 44704 | C27: 49858368 | E27: =SUM(C27-C26)*10 -> 1407420 | F27: 5941612 | H27: =SUM(F27-F26)*10 -> 189700 | I27: 18830 | K27: =SUM(I27-I26)*10 -> 290 | L27: 362628 | N27: =SUM(L27-L26)*1000 -> 1129000 | O27: 28094 | Q27: =SUM(O27-O26)*100 -> 33100 | S27: 855089 | U27: =SUM(S27-S26)*100 -> 231100 | V27: 8483 | X27: =SUM(V27-V26)*100 -> 43500 | Y27: =SUM(U27+X27) -> 274600 | AA27: 29430 | AB27: =SUM(AA27-AA26)*10000 -> 3040000 | AC27: 786403742 | AD27: =SUM(AC27-AC26)*0.1 -> 709974.2 | AE27: 69 | AF27: =SUM(AE27-AE26)*100 -> 6900 | AG27: 128124 | AH27: =SUM(AG27-AG26)*10 -> 4350 | AI27: 3878006 | AJ27: =SUM(AI27-AI26)*10 -> 75850 | AK27: 4855946 | AL27: =SUM(AK27-AK26) -> 33952 | AM27: 27712 | AN27: =SUM(AM27-AM26)*1000 -> 49000 | AO27: 1593 | AP27: =SUM(AO27-AO26) -> 16 | AQ27: 13886 | AR27: =SUM(AQ27-AQ26)*100 -> 3500 | AT27: =B27 -> 44704 | AU27: 6464 | AV27: =SUM(AU27-AU26) -> 94 | AX27: 3167889 | AY27: =SUM(AX27-AX26) -> 54402 | AZ27: 732522523 | BA27: =SUM(AZ27-AZ26)/100 -> 39696.85 | BB27: =SUM(AY27-BA27) -> 14705.15 | BC27: 7194800 | BD27: =SUM(BC27-BC26) -> 2100 | BE27: 3798000 | BF27: =SUM(BE27-BE26) -> 200 | BG27: 1133605 | BH27: =SUM(BG27-BG26) -> 0
B28: 44711 | C28: 50004722 | E28: =SUM(C28-C27)*10 -> 1463540 | F28: 5960957 | H28: =SUM(F28-F27)*10 -> 193450 | I28: 18910 | K28: =SUM(I28-I27)*10 -> 800 | L28: 363759 | N28: =SUM(L28-L27)*1000 -> 1131000 | O28: 28467 | Q28: =SUM(O28-O27)*100 -> 37300 | S28: 857448 | U28: =SUM(S28-S27)*100 -> 235900 | V28: 8827 | X28: =SUM(V28-V27)*100 -> 34400 | Y28: =SUM(U28+X28) -> 270300 | AA28: 29748 | AB28: =SUM(AA28-AA27)*10000 -> 3180000 | AC28: 793976520 | AD28: =SUM(AC28-AC27)*0.1 -> 757277.8 | AE28: 192 | AF28: =SUM(AE28-AE27)*100 -> 12300 | AG28: 128244 | AH28: =SUM(AG28-AG27)*10 -> 1200 | AI28: 3885258 | AJ28: =SUM(AI28-AI27)*10 -> 72520 | AK28: 4867273 | AL28: =SUM(AK28-AK27) -> 11327 | AM28: 27802 | AN28: =SUM(AM28-AM27)*1000 -> 90000 | AO28: 1602 | AP28: =SUM(AO28-AO27) -> 9 | AQ28: 13906 | AR28: =SUM(AQ28-AQ27)*100 -> 2000 | AT28: =B28 -> 44711 | AU28: 6550 | AV28: =SUM(AU28-AU27) -> 86 | AX28: 3220144 | AY28: =SUM(AX28-AX27) -> 52255 | AZ28: 736442252 | BA28: =SUM(AZ28-AZ27)/100 -> 39197.29 | BB28: =SUM(AY28-BA28) -> 13057.71 | BC28: 7198000 | BD28: =SUM(BC28-BC27) -> 3200 | BE28: 3798300 | BF28: =SUM(BE28-BE27) -> 300 | BG28: 1133605 | BH28: =SUM(BG28-BG27) -> 0
B29: 44712 | C29: 50036144 | E29: =SUM(C29-C28)*10 -> 314220 | F29: 5971709 | H29: =SUM(F29-F28)*10 -> 107520 | I29: 18944 | K29: =SUM(I29-I28)*10 -> 340 | L29: 363995 | N29: =SUM(L29-L28)*1000 -> 236000 | O29: 28565 | Q29: =SUM(O29-O28)*100 -> 9800 | S29: 857967 | U29: =SUM(S29-S28)*100 -> 51900 | V29: 8889 | X29: =SUM(V29-V28)*100 -> 6200 | Y29: =SUM(U29+X29) -> 58100 | AA29: 29814 | AB29: =SUM(AA29-AA28)*10000 -> 660000 | AC29: 795402312 | AD29: =SUM(AC29-AC28)*0.1 -> 142579.2 | AE29: 223 | AF29: =SUM(AE29-AE28)*100 -> 3100 | AG29: 128368 | AH29: =SUM(AG29-AG28)*10 -> 1240 | AI29: 3887553 | AJ29: =SUM(AI29-AI28)*10 -> 22950 | AK29: 4869400 | AL29: =SUM(AK29-AK28) -> 2127 | AM29: 27818 | AN29: =SUM(AM29-AM28)*1000 -> 16000 | AO29: 1604 | AP29: =SUM(AO29-AO28) -> 2 | AQ29: 13912 | AR29: =SUM(AQ29-AQ28)*100 -> 600 | AT29: =B29 -> 44712 | AU29: 6575 | AV29: =SUM(AU29-AU28) -> 25 | AX29: 3235053 | AY29: =SUM(AX29-AX28) -> 14909 | AZ29: 737561631 | BA29: =SUM(AZ29-AZ28)/100 -> 11193.79 | BB29: =SUM(AY29-BA29) -> 3715.21 | BC29: 7198600 | BD29: =SUM(BC29-BC28) -> 600 | BE29: 3798300 | BF29: =SUM(BE29-BE28) -> 0 | BG29: 1133605 | BH29: =SUM(BG29-BG28) -> 0
B30: 44718 | C30: 50141738 | E30: =SUM(C30-C29)*10 -> 1055940 | F30: 5984785 | H30: =SUM(F30-F29)*10 -> 130760 | I30: 19040 | K30: =SUM(I30-I29)*10 -> 960 | L30: 364819 | N30: =SUM(L30-L29)*1000 -> 824000 | O30: 28825 | Q30: =SUM(O30-O29)*100 -> 26000 | S30: 859604 | U30: =SUM(S30-S29)*100 -> 163700 | V30: 9213 | X30: =SUM(V30-V29)*100 -> 32400 | Y30: =SUM(U30+X30) -> 196100 | AA30: 30030 | AB30: =SUM(AA30-AA29)*10000 -> 2160000 | AC30: 800315500 | AD30: =SUM(AC30-AC29)*0.1 -> 491318.8 | AE30: 305 | AF30: =SUM(AE30-AE29)*100 -> 8200 | AG30: 128690 | AH30: =SUM(AG30-AG29)*10 -> 3220 | AI30: 3894756 | AJ30: =SUM(AI30-AI29)*10 -> 72030 | AK30: 4886010 | AL30: =SUM(AK30-AK29) -> 16610 | AM30: 27875 | AN30: =SUM(AM30-AM29)*1000 -> 57000 | AO30: 1613 | AP30: =SUM(AO30-AO29) -> 9 | AQ30: 13926 | AR30: =SUM(AQ30-AQ29)*100 -> 1400 | AT30: =B30 -> 44718 | AU30: 6648 | AV30: =SUM(AU30-AU29) -> 73 | AX30: 3274908 | AY30: =SUM(AX30-AX29) -> 39855 | AZ30: 740379590 | BA30: =SUM(AZ30-AZ29)/100 -> 28179.59 | BB30: =SUM(AY30-BA30) -> 11675.41 | BC30: 7201700 | BD30: =SUM(BC30-BC29) -> 3100 | BE30: 3798500 | BF30: =SUM(BE30-BE29) -> 200 | BG30: 1133605 | BH30: =SUM(BG30-BG29) -> 0
B31: 44725 | C31: 50277523 | E31: =SUM(C31-C30)*10 -> 1357850 | F31: 5994218 | H31: =SUM(F31-F30)*10 -> 94330 | I31: 19103 | K31: =SUM(I31-I30)*10 -> 630 | L31: 365888 | N31: =SUM(L31-L30)*1000 -> 1069000 | O31: 29172 | Q31: =SUM(O31-O30)*100 -> 34700 | S31: 861742 | U31: =SUM(S31-S30)*100 -> 213800 | V31: 9457 | X31: =SUM(V31-V30)*100 -> 24400 | Y31: =SUM(U31+X31) -> 238200 | AA31: 30332 | AB31: =SUM(AA31-AA30)*10000 -> 3020000 | AC31: 807514340 | AD31: =SUM(AC31-AC30)*0.1 -> 719884 | AE31: 417 | AF31: =SUM(AE31-AE30)*100 -> 11200 | AG31: 129079 | AH31: =SUM(AG31-AG30)*10 -> 3890 | AI31: 3903582 | AJ31: =SUM(AI31-AI30)*10 -> 88260 | AK31: 4898019 | AL31: =SUM(AK31-AK30) -> 12009 | AM31: 27949 | AN31: =SUM(AM31-AM30)*1000 -> 74000 | AO31: 1624 | AP31: =SUM(AO31-AO30) -> 11 | AQ31: 13943 | AR31: =SUM(AQ31-AQ30)*100 -> 1700 | AT31: =B31 -> 44725 | AU31: 6755 | AV31: =SUM(AU31-AU30) -> 107 | AX31: 3332398 | AY31: =SUM(AX31-AX30) -> 57490 | AZ31: 744309900 | BA31: =SUM(AZ31-AZ30)/100 -> 39303.1 | BB31: =SUM(AY31-BA31) -> 18186.9 | BC31: 7208100 | BD31: =SUM(BC31-BC30) -> 6400 | BE31: 3798700 | BF31: =SUM(BE31-BE30) -> 200 | BG31: 1133605 | BH31: =SUM(BG31-BG30) -> 0
B32: 44732 | C32: 50423734 | E32: =SUM(C32-C31)*10 -> 1462110 | F32: 6014791 | H32: =SUM(F32-F31)*10 -> 205730 | I32: 19131 | K32: =SUM(I32-I31)*10 -> 280 | L32: 367059 | N32: =SUM(L32-L31)*1000 -> 1171000 | O32: 29584 | Q32: =SUM(O32-O31)*100 -> 41200 | S32: 864087 | U32: =SUM(S32-S31)*100 -> 234500 | V32: 9616 | X32: =SUM(V32-V31)*100 -> 15900 | Y32: =SUM(U32+X32) -> 250400 | AA32: 30673 | AB32: =SUM(AA32-AA31)*10000 -> 3410000 | AC32: 815305035 | AD32: =SUM(AC32-AC31)*0.1 -> 779069.5 | AE32: 532 | AF32: =SUM(AE32-AE31)*100 -> 11500 | AG32: 129546 | AH32: =SUM(AG32-AG31)*10 -> 4670 | AI32: 3913493 | AJ32: =SUM(AI32-AI31)*10 -> 99110 | AK32: 4906689 | AL32: =SUM(AK32-AK31) -> 8670 | AM32: 28010 | AN32: =SUM(AM32-AM31)*1000 -> 61000 | AO32: 1628 | AP32: =SUM(AO32-AO31) -> 4 | AQ32: 13955 | AR32: =SUM(AQ32-AQ31)*100 -> 1200 | AT32: =B32 -> 44732 | AU32: 6877 | AV32: =SUM(AU32-AU31) -> 122 | AX32: 3388329 | AY32: =SUM(AX32-AX31) -> 55931 | AZ32: 748233650 | BA32: =SUM(AZ32-AZ31)/100 -> 39237.5 | BB32: =SUM(AY32-BA32) -> 16693.5 | BC32: 7211900 | BD32: =SUM(BC32-BC31) -> 3800 | BE32: 3799000 | BF32: =SUM(BE32-BE31) -> 300 | BG32: 1133605 | BH32: =SUM(BG32-BG31) -> 0
B33: 44739 | C33: 50562401 | E33: =SUM(C33-C32)*10 -> 1386670 | F33: 6037383 | H33: =SUM(F33-F32)*10 -> 225920 | I33: 19147 | K33: =SUM(I33-I32)*10 -> 160 | L33: 368203 | N33: =SUM(L33-L32)*1000 -> 1144000 | O33: 29904 | Q33: =SUM(O33-O32)*100 -> 32000 | S33: 866300 | U33: =SUM(S33-S32)*100 -> 221300 | V33: 9874 | X33: =SUM(V33-V32)*100 -> 25800 | Y33: =SUM(U33+X33) -> 247100 | AA33: 31000 | AB33: =SUM(AA33-AA32)*10000 -> 3270000 | AC33: 823397400 | AD33: =SUM(AC33-AC32)*0.1 -> 809236.5 | AE33: 651 | AF33: =SUM(AE33-AE32)*100 -> 11900 | AG33: 129813 | AH33: =SUM(AG33-AG32)*10 -> 2670 | AI33: 3921972 | AJ33: =SUM(AI33-AI32)*10 -> 84790 | AK33: 4912960 | AL33: =SUM(AK33-AK32) -> 6271 | AM33: 28044 | AN33: =SUM(AM33-AM32)*1000 -> 34000 | AO33: 1632 | AP33: =SUM(AO33-AO32) -> 4 | AQ33: 13963 | AR33: =SUM(AQ33-AQ32)*100 -> 800 | AT33: =B33 -> 44739 | AU33: 6963 | AV33: =SUM(AU33-AU32) -> 86 | AX33: 3444938 | AY33: =SUM(AX33-AX32) -> 56609 | AZ33: 752195705 | BA33: =SUM(AZ33-AZ32)/100 -> 39620.55 | BB33: =SUM(AY33-BA33) -> 16988.45 | BC33: 7216900 | BD33: =SUM(BC33-BC32) -> 5000 | BE33: 3799300 | BF33: =SUM(BE33-BE32) -> 300 | BG33: 1133605 | BH33: =SUM(BG33-BG32) -> 0
B34: 44742 | C34: 50620610 | E34: =SUM(C34-C33)*10 -> 582090 | F34: 6044180 | H34: =SUM(F34-F33)*10 -> 67970 | I34: 19173 | K34: =SUM(I34-I33)*10 -> 260 | L34: 368666 | N34: =SUM(L34-L33)*1000 -> 463000 | O34: 30013 | Q34: =SUM(O34-O33)*100 -> 10900 | S34: 867145 | U34: =SUM(S34-S33)*100 -> 84500 | V34: 9954 | X34: =SUM(V34-V33)*100 -> 8000 | Y34: =SUM(U34+X34) -> 92500 | AA34: 31163 | AB34: =SUM(AA34-AA33)*10000 -> 1630000 | AC34: 827119000 | AD34: =SUM(AC34-AC33)*0.1 -> 372160 | AE34: 703 | AF34: =SUM(AE34-AE33)*100 -> 5200 | AG34: 129831 | AH34: =SUM(AG34-AG33)*10 -> 180 | AI34: 3925034 | AJ34: =SUM(AI34-AI33)*10 -> 30620 | AK34: 4916699 | AL34: =SUM(AK34-AK33) -> 3739 | AM34: 28072 | AN34: =SUM(AM34-AM33)*1000 -> 28000 | AO34: 1633 | AP34: =SUM(AO34-AO33) -> 1 | AQ34: 13967 | AR34: =SUM(AQ34-AQ33)*100 -> 400 | AT34: =B34 -> 44742 | AU34: 7008 | AV34: =SUM(AU34-AU33) -> 45 | AX34: 3475584 | AY34: =SUM(AX34-AX33) -> 30646 | AZ34: 754400000 | BA34: =SUM(AZ34-AZ33)/100 -> 22042.95 | BB34: =SUM(AY34-BA34) -> 8603.05 | BC34: 7221100 | BD34: =SUM(BC34-BC33) -> 4200 | BE34: 3799500 | BF34: =SUM(BE34-BE33) -> 200 | BG34: 1133605 | BH34: =SUM(BG34-BG33) -> 0
B35: 44746 | C35: 50688559 | E35: =SUM(C35-C34)*10 -> 679490 | F35: 6055102 | H35: =SUM(F35-F34)*10 -> 109220 | I35: 19193 | K35: =SUM(I35-I34)*10 -> 200 | L35: 369229 | N35: =SUM(L35-L34)*1000 -> 563000 | O35: 30154 | Q35: =SUM(O35-O34)*100 -> 14100 | S35: 868278 | U35: =SUM(S35-S34)*100 -> 113300 | V35: 10095 | X35: =SUM(V35-V34)*100 -> 14100 | Y35: =SUM(U35+X35) -> 127400 | AA35: 31334 | AB35: =SUM(AA35-AA34)*10000 -> 1710000 | AC35: 831119500 | AD35: =SUM(AC35-AC34)*0.1 -> 400050 | AE35: 761 | AF35: =SUM(AE35-AE34)*100 -> 5800 | AG35: 129948 | AH35: =SUM(AG35-AG34)*10 -> 1170 | AI35: 3927925 | AJ35: =SUM(AI35-AI34)*10 -> 28910 | AK35: 4919726 | AL35: =SUM(AK35-AK34) -> 3027 | AM35: 28088 | AN35: =SUM(AM35-AM34)*1000 -> 16000 | AO35: 1638 | AP35: =SUM(AO35-AO34) -> 5 | AQ35: 13975 | AR35: =SUM(AQ35-AQ34)*100 -> 800 | AT35: =B35 -> 44746 | AU35: 7043 | AV35: =SUM(AU35-AU34) -> 35 | AX35: 3498422 | AY35: =SUM(AX35-AX34) -> 22838 | AZ35: 756143915 | BA35: =SUM(AZ35-AZ34)/100 -> 17439.15 | BB35: =SUM(AY35-BA35) -> 5398.85 | BC35: 7221800 | BD35: =SUM(BC35-BC34) -> 700 | BE35: 3799500 | BF35: =SUM(BE35-BE34) -> 0 | BG35: 1133605 | BH35: =SUM(BG35-BG34) -> 0
B36: 44753 | C36: 50821739 | E36: =SUM(C36-C35)*10 -> 1331800 | F36: 6075140 | H36: =SUM(F36-F35)*10 -> 200380 | I36: 19247 | K36: =SUM(I36-I35)*10 -> 540 | L36: 370332 | N36: =SUM(L36-L35)*1000 -> 1103000 | O36: 30407 | Q36: =SUM(O36-O35)*100 -> 25300 | S36: 870232 | U36: =SUM(S36-S35)*100 -> 195400 | V36: 10231 | X36: =SUM(V36-V35)*100 -> 13600 | Y36: =SUM(U36+X36) -> 209000 | AA36: 31672 | AB36: =SUM(AA36-AA35)*10000 -> 3380000 | AC36: 839534768 | AD36: =SUM(AC36-AC35)*0.1 -> 841526.8 | AE36: 873 | AF36: =SUM(AE36-AE35)*100 -> 11200 | AG36: 130247 | AH36: =SUM(AG36-AG35)*10 -> 2990 | AI36: 3936195 | AJ36: =SUM(AI36-AI35)*10 -> 82700 | AK36: 4926448 | AL36: =SUM(AK36-AK35) -> 6722 | AM36: 28112 | AN36: =SUM(AM36-AM35)*1000 -> 24000 | AO36: 1649 | AP36: =SUM(AO36-AO35) -> 11 | AQ36: 13980 | AR36: =SUM(AQ36-AQ35)*100 -> 500 | AT36: =B36 -> 44753 | AU36: 7182 | AV36: =SUM(AU36-AU35) -> 139 | AX36: 3610229 | AY36: =SUM(AX36-AX35) -> 111807 | AZ36: 765567123 | BA36: =SUM(AZ36-AZ35)/100 -> 94232.08 | BB36: =SUM(AY36-BA36) -> 17574.92 | BC36: 7229500 | BD36: =SUM(BC36-BC35) -> 7700 | BE36: 3799900 | BF36: =SUM(BE36-BE35) -> 400 | BG36: 1133605 | BH36: =SUM(BG36-BG35) -> 0
B37: 44760 | C37: 50949706 | E37: =SUM(C37-C36)*10 -> 1279670 | F37: 6093194 | H37: =SUM(F37-F36)*10 -> 180540 | I37: 19282 | K37: =SUM(I37-I36)*10 -> 350 | L37: 371443 | N37: =SUM(L37-L36)*1000 -> 1111000 | O37: 30645 | Q37: =SUM(O37-O36)*100 -> 23800 | S37: 872242 | U37: =SUM(S37-S36)*100 -> 201000 | V37: 10344 | X37: =SUM(V37-V36)*100 -> 11300 | Y37: =SUM(U37+X37) -> 212300 | AA37: 31992 | AB37: =SUM(AA37-AA36)*10000 -> 3200000 | AC37: 846935500 | AD37: =SUM(AC37-AC36)*0.1 -> 740073.2 | AE37: 964 | AF37: =SUM(AE37-AE36)*100 -> 9100 | AG37: 130296 | AH37: =SUM(AG37-AG36)*10 -> 490 | AI37: 3942124 | AJ37: =SUM(AI37-AI36)*10 -> 59290 | AK37: 4930370 | AL37: =SUM(AK37-AK36) -> 3922 | AM37: 28119 | AN37: =SUM(AM37-AM36)*1000 -> 7000 | AO37: 1657 | AP37: =SUM(AO37-AO36) -> 8 | AQ37: 13987 | AR37: =SUM(AQ37-AQ36)*100 -> 700 | AT37: =B37 -> 44760 | AU37: 7230 | AV37: =SUM(AU37-AU36) -> 48 | AX37: 3640613 | AY37: =SUM(AX37-AX36) -> 30384 | AZ37: 767800000 | BA37: =SUM(AZ37-AZ36)/100 -> 22328.77 | BB37: =SUM(AY37-BA37) -> 8055.23 | BC37: 7231500 | BD37: =SUM(BC37-BC36) -> 2000 | BE37: 3800000 | BF37: =SUM(BE37-BE36) -> 100 | BG37: 1133605 | BH37: =SUM(BG37-BG36) -> 0
B38: 44767 | E38: =SUM(C38-C37)*10 -> -509497060 | H38: =SUM(F38-F37)*10 -> -60931940 | K38: =SUM(I38-I37)*10 -> -192820 | N38: =SUM(L38-L37)*1000 -> -371443000 | Q38: =SUM(O38-O37)*100 -> -3064500 | U38: =SUM(S38-S37)*100 -> -87224200 | X38: =SUM(V38-V37)*100 -> -1034400 | Y38: =SUM(U38+X38) -> -88258600 | AT38: =B38 -> 44767
B39: 44774 | E39: =SUM(C39-C38)*10 -> 0 | H39: =SUM(F39-F38)*10 -> 0 | K39: =SUM(I39-I38)*10 -> 0 | N39: =SUM(L39-L38)*1000 -> 0 | Q39: =SUM(O39-O38)*100 -> 0 | U39: =SUM(S39-S38)*100 -> 0 | X39: =SUM(V39-V38)*100 -> 0 | Y39: =SUM(U39+X39) -> 0 | AT39: =B39 -> 44774
B40: 44781 | E40: =SUM(C40-C39)*10 -> 0 | H40: =SUM(F40-F39)*10 -> 0 | K40: =SUM(I40-I39)*10 -> 0 | N40: =SUM(L40-L39)*1000 -> 0 | Q40: =SUM(O40-O39)*100 -> 0 | U40: =SUM(S40-S39)*100 -> 0 | X40: =SUM(V40-V39)*100 -> 0 | Y40: =SUM(U40+X40) -> 0 | AT40: =B40 -> 44781
B41: 44788 | E41: =SUM(C41-C40)*10 -> 0 | H41: =SUM(F41-F40)*10 -> 0 | K41: =SUM(I41-I40)*10 -> 0 | N41: =SUM(L41-L40)*1000 -> 0 | Q41: =SUM(O41-O40)*100 -> 0 | U41: =SUM(S41-S40)*100 -> 0 | X41: =SUM(V41-V40)*100 -> 0 | Y41: =SUM(U41+X41) -> 0 | AT41: =B41 -> 44788
B42: 44795 | E42: =SUM(C42-C41)*10 -> 0 | H42: =SUM(F42-F41)*10 -> 0 | K42: =SUM(I42-I41)*10 -> 0 | N42: =SUM(L42-L41)*1000 -> 0 | Q42: =SUM(O42-O41)*100 -> 0 | U42: =SUM(S42-S41)*100 -> 0 | X42: =SUM(V42-V41)*100 -> 0 | Y42: =SUM(U42+X42) -> 0 | AT42: =B42 -> 44795
B43: 44802 | E43: =SUM(C43-C42)*10 -> 0 | H43: =SUM(F43-F42)*10 -> 0 | K43: =SUM(I43-I42)*10 -> 0 | N43: =SUM(L43-L42)*1000 -> 0 | Q43: =SUM(O43-O42)*100 -> 0 | U43: =SUM(S43-S42)*100 -> 0 | X43: =SUM(V43-V42)*100 -> 0 | Y43: =SUM(U43+X43) -> 0 | AT43: =B43 -> 44802
B44: 44804 | E44: =SUM(C44-C43)*10 -> 0 | H44: =SUM(F44-F43)*10 -> 0 | K44: =SUM(I44-I43)*10 -> 0 | N44: =SUM(L44-L43)*1000 -> 0 | Q44: =SUM(O44-O43)*100 -> 0 | U44: =SUM(S44-S43)*100 -> 0 | X44: =SUM(V44-V43)*100 -> 0 | Y44: =SUM(U44+X44) -> 0 | AT44: =B44 -> 44804
B45: 44809 | E45: =SUM(C45-C44)*10 -> 0 | H45: =SUM(F45-F44)*10 -> 0 | K45: =SUM(I45-I44)*10 -> 0 | N45: =SUM(L45-L44)*1000 -> 0 | Q45: =SUM(O45-O44)*100 -> 0 | U45: =SUM(S45-S44)*100 -> 0 | X45: =SUM(V45-V44)*100 -> 0 | Y45: =SUM(U45+X45) -> 0 | AT45: =B45 -> 44809
B46: 44816 | E46: =SUM(C46-C45)*10 -> 0 | H46: =SUM(F46-F45)*10 -> 0 | K46: =SUM(I46-I45)*10 -> 0 | N46: =SUM(L46-L45)*1000 -> 0 | Q46: =SUM(O46-O45)*100 -> 0 | U46: =SUM(S46-S45)*100 -> 0 | X46: =SUM(V46-V45)*100 -> 0 | Y46: =SUM(U46+X46) -> 0 | AT46: =B46 -> 44816
B47: 44823 | E47: =SUM(C47-C46)*10 -> 0 | H47: =SUM(F47-F46)*10 -> 0 | K47: =SUM(I47-I46)*10 -> 0 | N47: =SUM(L47-L46)*1000 -> 0 | Q47: =SUM(O47-O46)*100 -> 0 | U47: =SUM(S47-S46)*100 -> 0 | X47: =SUM(V47-V46)*100 -> 0 | Y47: =SUM(U47+X47) -> 0 | AT47: =B47 -> 44823
B48: 44830 | E48: =SUM(C48-C47)*10 -> 0 | H48: =SUM(F48-F47)*10 -> 0 | K48: =SUM(I48-I47)*10 -> 0 | N48: =SUM(L48-L47)*1000 -> 0 | Q48: =SUM(O48-O47)*100 -> 0 | U48: =SUM(S48-S47)*100 -> 0 | X48: =SUM(V48-V47)*100 -> 0 | Y48: =SUM(U48+X48) -> 0 | AT48: =B48 -> 44830
B49: 44834 | E49: =SUM(C49-C48)*10 -> 0 | H49: =SUM(F49-F48)*10 -> 0 | K49: =SUM(I49-I48)*10 -> 0 | N49: =SUM(L49-L48)*1000 -> 0 | Q49: =SUM(O49-O48)*100 -> 0 | U49: =SUM(S49-S48)*100 -> 0 | X49: =SUM(V49-V48)*100 -> 0 | Y49: =SUM(U49+X49) -> 0 | AT49: =B49 -> 44834
... B64: 44926 | E64: =SUM(C64-C63)*10 -> 0 | H64: =SUM(F64-F63)*10 -> 0 | K64: =SUM(I64-I63)*10 -> 0 | N64: =SUM(L64-L63)*1000 -> 0 | Q64: =SUM(O64-O63)*100 -> 0 | U64: =SUM(S64-S63)*100 -> 0 | X64: =SUM(V64-V63)*100 -> 0 | Y64: =SUM(U64+X64) -> 0 | AT64: =B64 -> 44926

Sheet Occupancy
C1: Total Room Nights | D1: FS Resort Orlando Walt Disney World (Total) | E1: Base Currency | F1: Class | G1: Category
C2: Actual | D2: Actual | E2: Actual | F2: Actual | G2: Actual | H2: Actual | I2: Actual | J2: Actual | K2: Budget
C3: Final | D3: Final | E3: Final | F3: Final | G3: Final | H3: Final | I3: Final | J3: Working | K3: Final
C4: Year: 2014 | D4: Year: 2015 | E4: Year: 2016 | F4: Year: 2017 | G4: Year: 2018 | H4: Year: 2019 | I4: Year: 2020 | J4: Year: 2021 | K4: Year: 2022
C5: Total Rooms | D5: Total Rooms | E5: Total Rooms | F5: Total Rooms | G5: Total Rooms | H5: Total Rooms | I5: Total Rooms | J5: Total Rooms | K5: Total Rooms
C6: Total Occupied | D6: Total Occupied | E6: Total Occupied | F6: Total Occupied | G6: Total Occupied | H6: Total Occupied | I6: Total Occupied | J6: Total Occupied | K6: Total Occupied
A8: Month: January | B8: 01 | C8: 0 | D8: 281 | E8: 359 | F8: 309 | G8: 368 | H8: 410 | I8: 377 | J8: 283 | K8: 298
A9: Month: January | B9: 02 | C9: 0 | D9: 281 | E9: 261 | F9: 232 | G9: 316 | H9: 427 | I9: 379 | J9: 194 | K9: 239
A10: Month: January | B10: 03 | C10: 0 | D10: 243 | E10: 237 | F10: 307 | G10: 382 | H10: 415 | I10: 314 | J10: 109 | K10: 205
A11: Month: January | B11: 04 | C11: 0 | D11: 206 | E11: 341 | F11: 350 | G11: 421 | H11: 388 | I11: 210 | J11: 85 | K11: 178
A12: Month: January | B12: 05 | C12: 0 | D12: 240 | E12: 414 | F12: 337 | G12: 400 | H12: 287 | I12: 157 | J12: 85 | K12: 195
A13: Month: January | B13: 06 | C13: 0 | D13: 296 | E13: 408 | F13: 342 | G13: 341 | H13: 250 | I13: 146 | J13: 87 | K13: 221
A14: Month: January | B14: 07 | C14: 0 | D14: 287 | E14: 428 | F14: 370 | G14: 337 | H14: 300 | I14: 174 | J14: 96 | K14: 283
A15: Month: January | B15: 08 | C15: 0 | D15: 294 | E15: 349 | F15: 302 | G15: 398 | H15: 385 | I15: 219 | J15: 111 | K15: 277
A16: Month: January | B16: 09 | C16: 0 | D16: 234 | E16: 377 | F16: 388 | G16: 413 | H16: 345 | I16: 190 | J16: 93 | K16: 133
A17: Month: January | B17: 10 | C17: 0 | D17: 317 | E17: 392 | F17: 429 | G17: 397 | H17: 340 | I17: 217 | J17: 130 | K17: 68
A18: Month: January | B18: 11 | C18: 0 | D18: 330 | E18: 379 | F18: 370 | G18: 324 | H18: 240 | I18: 232 | J18: 122 | K18: 64
A19: Month: January | B19: 12 | C19: 0 | D19: 346 | E19: 332 | F19: 332 | G19: 427 | H19: 227 | I19: 192 | J19: 53 | K19: 83
... A373: Month: December | B373: 31 | C373: 271 | D373: 414 | E373: 398 | F373: 441 | G373: 441 | H373: 402 | I373: 309 | J373: 320 | K373: 441
