Workbook

Sheet Total Daily 
A1: Site Name | B1: Day | C1: Month | D1: Year | E1: Total Electricity Kwh | F1: Electricity Tariff ($/Kwh) | G1: LPG (Kg) | H1: LPG $/Kg | I1: District Energy Cooling Kwh | J1: District Energy Cooling $/Kwh | K1: Water Utility Supply (m3) m3 | L1: Water Utility Supply (m3) m3 | M1: Water Utility Supply (m3) $/m3 | N1: Room Nights
A2: Dubai DIFC | B2: 1 | C2: 7 | D2: 2022 | E2: ='07 - 2022'!B8-'07 - 2022'!B7+'07 - 2022'!C8-'07 - 2022'!C7 -> 9744 | F2: 0.118 | G2: ='07 - 2022'!D8-'07 - 2022'!D7+'07 - 2022'!E8-'07 - 2022'!E7 -> 24.82 | H2: 0.99 | I2: ='07 - 2022'!J8-'07 - 2022'!J7 -> 37483 | J2: 0.081 | K2: ='07 - 2022'!H8-'07 - 2022'!H7 -> 0 | L2: ='07 - 2022'!I8-'07 - 2022'!I7 -> 110 | M2: 4.3936294 | N2: 68
A3: Dubai DIFC | B3: =B2+1 -> 2 | C3: 7 | D3: 2022 | E3: ='07 - 2022'!B9-'07 - 2022'!B8+'07 - 2022'!C9-'07 - 2022'!C8 -> 9922.3 | F3: 0.118 | G3: ='07 - 2022'!D9-'07 - 2022'!D8+'07 - 2022'!E9-'07 - 2022'!E8 -> 25.16 | H3: 0.99 | I3: ='07 - 2022'!J9-'07 - 2022'!J8 -> 36915 | J3: 0.081 | K3: ='07 - 2022'!H9-'07 - 2022'!H8 -> 0 | L3: ='07 - 2022'!I9-'07 - 2022'!I8 -> 109 | M3: 4.3936294 | N3: 62
A4: Dubai DIFC | B4: =B3+1 -> 3 | C4: 7 | D4: 2022 | E4: ='07 - 2022'!B10-'07 - 2022'!B9+'07 - 2022'!C10-'07 - 2022'!C9 -> 9763.6 | F4: 0.118 | G4: ='07 - 2022'!D10-'07 - 2022'!D9+'07 - 2022'!E10-'07 - 2022'!E9 -> 25.62 | H4: 0.99 | I4: ='07 - 2022'!J10-'07 - 2022'!J9 -> 41776 | J4: 0.081 | K4: ='07 - 2022'!H10-'07 - 2022'!H9 -> 0 | L4: ='07 - 2022'!I10-'07 - 2022'!I9 -> 109 | M4: 4.3936294 | N4: 52
A5: Dubai DIFC | B5: =B4+1 -> 4 | C5: 7 | D5: 2022 | E5: ='07 - 2022'!B11-'07 - 2022'!B10+'07 - 2022'!C11-'07 - 2022'!C10 -> 9646 | F5: 0.118 | G5: ='07 - 2022'!D11-'07 - 2022'!D10+'07 - 2022'!E11-'07 - 2022'!E10 -> 22.29 | H5: 0.99 | I5: ='07 - 2022'!J11-'07 - 2022'!J10 -> 42838 | J5: 0.081 | K5: ='07 - 2022'!H11-'07 - 2022'!H10 -> 0 | L5: ='07 - 2022'!I11-'07 - 2022'!I10 -> 98 | M5: 4.3936294 | N5: 34
A6: Dubai DIFC | B6: =B5+1 -> 5 | C6: 7 | D6: 2022 | E6: ='07 - 2022'!B12-'07 - 2022'!B11+'07 - 2022'!C12-'07 - 2022'!C11 -> 9650 | F6: 0.118 | G6: ='07 - 2022'!D12-'07 - 2022'!D11+'07 - 2022'!E12-'07 - 2022'!E11 -> 19.09 | H6: 0.99 | I6: ='07 - 2022'!J12-'07 - 2022'!J11 -> 42329 | J6: 0.081 | K6: ='07 - 2022'!H12-'07 - 2022'!H11 -> 0 | L6: ='07 - 2022'!I12-'07 - 2022'!I11 -> 95 | M6: 4.3936294 | N6: 27
A7: Dubai DIFC | B7: =B6+1 -> 6 | C7: 7 | D7: 2022 | E7: ='07 - 2022'!B13-'07 - 2022'!B12+'07 - 2022'!C13-'07 - 2022'!C12 -> 9888 | F7: 0.118 | G7: ='07 - 2022'!D13-'07 - 2022'!D12+'07 - 2022'!E13-'07 - 2022'!E12 -> 22.97 | H7: 0.99 | I7: ='07 - 2022'!J13-'07 - 2022'!J12 -> 41480 | J7: 0.081 | K7: ='07 - 2022'!H13-'07 - 2022'!H12 -> 0 | L7: ='07 - 2022'!I13-'07 - 2022'!I12 -> 94 | M7: 4.3936294 | N7: 34
A8: Dubai DIFC | B8: =B7+1 -> 7 | C8: 7 | D8: 2022 | E8: ='07 - 2022'!B14-'07 - 2022'!B13+'07 - 2022'!C14-'07 - 2022'!C13 -> 9215 | F8: 0.118 | G8: ='07 - 2022'!D14-'07 - 2022'!D13+'07 - 2022'!E14-'07 - 2022'!E13 -> 24.02 | H8: 0.99 | I8: ='07 - 2022'!J14-'07 - 2022'!J13 -> 35618 | J8: 0.081 | K8: ='07 - 2022'!H14-'07 - 2022'!H13 -> 0 | L8: ='07 - 2022'!I14-'07 - 2022'!I13 -> 91 | M8: 4.3936294 | N8: 40
A9: Dubai DIFC | B9: =B8+1 -> 8 | C9: 7 | D9: 2022 | E9: ='07 - 2022'!B15-'07 - 2022'!B14+'07 - 2022'!C15-'07 - 2022'!C14 -> 9696 | F9: 0.118 | G9: ='07 - 2022'!D15-'07 - 2022'!D14+'07 - 2022'!E15-'07 - 2022'!E14 -> 22.67 | H9: 0.99 | I9: ='07 - 2022'!J15-'07 - 2022'!J14 -> 34594 | J9: 0.081 | K9: ='07 - 2022'!H15-'07 - 2022'!H14 -> 0 | L9: ='07 - 2022'!I15-'07 - 2022'!I14 -> 95 | M9: 4.3936294 | N9: 36
A10: Dubai DIFC | B10: =B9+1 -> 9 | C10: 7 | D10: 2022 | E10: ='07 - 2022'!B16-'07 - 2022'!B15+'07 - 2022'!C16-'07 - 2022'!C15 -> 9724 | F10: 0.118 | G10: ='07 - 2022'!D16-'07 - 2022'!D15+'07 - 2022'!E16-'07 - 2022'!E15 -> 25.42 | H10: 0.99 | I10: ='07 - 2022'!J16-'07 - 2022'!J15 -> 35238 | J10: 0.081 | K10: ='07 - 2022'!H16-'07 - 2022'!H15 -> 0 | L10: ='07 - 2022'!I16-'07 - 2022'!I15 -> 98 | M10: 4.3936294 | N10: 36
A11: Dubai DIFC | B11: =B10+1 -> 10 | C11: 7 | D11: 2022 | E11: ='07 - 2022'!B17-'07 - 2022'!B16+'07 - 2022'!C17-'07 - 2022'!C16 -> 9482 | F11: 0.118 | G11: ='07 - 2022'!D17-'07 - 2022'!D16+'07 - 2022'!E17-'07 - 2022'!E16 -> 23.3 | H11: 0.99 | I11: ='07 - 2022'!J17-'07 - 2022'!J16 -> 34328 | J11: 0.081 | K11: ='07 - 2022'!H17-'07 - 2022'!H16 -> 0 | L11: ='07 - 2022'!I17-'07 - 2022'!I16 -> 96 | M11: 4.3936294 | N11: 32
A12: Dubai DIFC | B12: =B11+1 -> 11 | C12: 7 | D12: 2022 | E12: ='07 - 2022'!B18-'07 - 2022'!B17+'07 - 2022'!C18-'07 - 2022'!C17 -> 9660 | F12: 0.118 | G12: ='07 - 2022'!D18-'07 - 2022'!D17+'07 - 2022'!E18-'07 - 2022'!E17 -> 24.31 | H12: 0.99 | I12: ='07 - 2022'!J18-'07 - 2022'!J17 -> 37451 | J12: 0.081 | K12: ='07 - 2022'!H18-'07 - 2022'!H17 -> 0 | L12: ='07 - 2022'!I18-'07 - 2022'!I17 -> 107 | M12: 4.3936294 | N12: 38
A13: Dubai DIFC | B13: =B12+1 -> 12 | C13: 7 | D13: 2022 | E13: ='07 - 2022'!B19-'07 - 2022'!B18+'07 - 2022'!C19-'07 - 2022'!C18 -> 9751 | F13: 0.118 | G13: ='07 - 2022'!D19-'07 - 2022'!D18+'07 - 2022'!E19-'07 - 2022'!E18 -> 23.46 | H13: 0.99 | I13: ='07 - 2022'!J19-'07 - 2022'!J18 -> 34938 | J13: 0.081 | K13: ='07 - 2022'!H19-'07 - 2022'!H18 -> 0 | L13: ='07 - 2022'!I19-'07 - 2022'!I18 -> 101 | M13: 4.3936294 | N13: 38
A14: Dubai DIFC | B14: =B13+1 -> 13 | C14: 7 | D14: 2022 | E14: ='07 - 2022'!B20-'07 - 2022'!B19+'07 - 2022'!C20-'07 - 2022'!C19 -> 9654 | F14: 0.118 | G14: ='07 - 2022'!D20-'07 - 2022'!D19+'07 - 2022'!E20-'07 - 2022'!E19 -> 24.61 | H14: 0.99 | I14: ='07 - 2022'!J20-'07 - 2022'!J19 -> 37341 | J14: 0.081 | K14: ='07 - 2022'!H20-'07 - 2022'!H19 -> 0 | L14: ='07 - 2022'!I20-'07 - 2022'!I19 -> 98 | M14: 4.3936294 | N14: 20
... A23: Dubai DIFC | B23: =B22+1 -> 22 | C23: 7 | D23: 2022 | E23: ='07 - 2022'!B29-'07 - 2022'!B28+'07 - 2022'!C29-'07 - 2022'!C28 -> 9634 | F23: 0.118 | G23: ='07 - 2022'!D29-'07 - 2022'!D28+'07 - 2022'!E29-'07 - 2022'!E28 -> 25.21 | H23: 0.99 | I23: ='07 - 2022'!J29-'07 - 2022'!J28 -> 36543 | J23: 0.081 | K23: ='07 - 2022'!H29-'07 - 2022'!H28 -> 0 | L23: ='07 - 2022'!I29-'07 - 2022'!I28 -> 105 | M23: 4.3936294 | N23: 51
A24: Dubai DIFC | B24: =B23+1 -> 23 | C24: 7 | D24: 2022 | E24: 0 | F24: 0.118 | G24: 0 | H24: 0.99 | I24: 0 | J24: 0.081 | K24: 0 | L24: 0 | M24: 4.3936294
A25: Dubai DIFC | B25: =B24+1 -> 24 | C25: 7 | D25: 2022 | E25: ='07 - 2022'!B31-'07 - 2022'!B30+'07 - 2022'!C31-'07 - 2022'!C30 -> 0 | F25: 0.118 | G25: ='07 - 2022'!D31-'07 - 2022'!D30+'07 - 2022'!E31-'07 - 2022'!E30 -> 0 | H25: 0.99 | I25: ='07 - 2022'!J31-'07 - 2022'!J30 -> 0 | J25: 0.081 | K25: ='07 - 2022'!H31-'07 - 2022'!H30 -> 0 | L25: ='07 - 2022'!I31-'07 - 2022'!I30 -> 0 | M25: 4.3936294
A26: Dubai DIFC | B26: =B25+1 -> 25 | C26: 7 | D26: 2022 | E26: ='07 - 2022'!B32-'07 - 2022'!B31+'07 - 2022'!C32-'07 - 2022'!C31 -> 0 | F26: 0.118 | G26: ='07 - 2022'!D32-'07 - 2022'!D31+'07 - 2022'!E32-'07 - 2022'!E31 -> 0 | H26: 0.99 | I26: ='07 - 2022'!J32-'07 - 2022'!J31 -> 0 | J26: 0.081 | K26: ='07 - 2022'!H32-'07 - 2022'!H31 -> 0 | L26: ='07 - 2022'!I32-'07 - 2022'!I31 -> 0 | M26: 4.3936294
A27: Dubai DIFC | B27: =B26+1 -> 26 | C27: 7 | D27: 2022 | E27: ='07 - 2022'!B33-'07 - 2022'!B32+'07 - 2022'!C33-'07 - 2022'!C32 -> 0 | F27: 0.118 | G27: ='07 - 2022'!D33-'07 - 2022'!D32+'07 - 2022'!E33-'07 - 2022'!E32 -> 0 | H27: 0.99 | I27: ='07 - 2022'!J33-'07 - 2022'!J32 -> 0 | J27: 0.081 | K27: ='07 - 2022'!H33-'07 - 2022'!H32 -> 0 | L27: ='07 - 2022'!I33-'07 - 2022'!I32 -> 0 | M27: 4.3936294
A28: Dubai DIFC | B28: =B27+1 -> 27 | C28: 7 | D28: 2022 | E28: ='07 - 2022'!B34-'07 - 2022'!B33+'07 - 2022'!C34-'07 - 2022'!C33 -> 0 | F28: 0.118 | G28: ='07 - 2022'!D34-'07 - 2022'!D33+'07 - 2022'!E34-'07 - 2022'!E33 -> 0 | H28: 0.99 | I28: ='07 - 2022'!J34-'07 - 2022'!J33 -> 0 | J28: 0.081 | K28: ='07 - 2022'!H34-'07 - 2022'!H33 -> 0 | L28: ='07 - 2022'!I34-'07 - 2022'!I33 -> 0 | M28: 4.3936294
A29: Dubai DIFC | B29: =B28+1 -> 28 | C29: 7 | D29: 2022 | E29: ='07 - 2022'!B35-'07 - 2022'!B34+'07 - 2022'!C35-'07 - 2022'!C34 -> 0 | F29: 0.118 | G29: ='07 - 2022'!D35-'07 - 2022'!D34+'07 - 2022'!E35-'07 - 2022'!E34 -> 0 | H29: 0.99 | I29: ='07 - 2022'!J35-'07 - 2022'!J34 -> 0 | J29: 0.081 | K29: ='07 - 2022'!H35-'07 - 2022'!H34 -> 0 | L29: ='07 - 2022'!I35-'07 - 2022'!I34 -> 0 | M29: 4.3936294
A30: Dubai DIFC | B30: =B29+1 -> 29 | C30: 7 | D30: 2022 | E30: ='07 - 2022'!B36-'07 - 2022'!B35+'07 - 2022'!C36-'07 - 2022'!C35 -> 0 | F30: 0.118 | G30: ='07 - 2022'!D36-'07 - 2022'!D35+'07 - 2022'!E36-'07 - 2022'!E35 -> 0 | H30: 0.99 | I30: ='07 - 2022'!J36-'07 - 2022'!J35 -> 0 | J30: 0.081 | K30: ='07 - 2022'!H36-'07 - 2022'!H35 -> 0 | L30: ='07 - 2022'!I36-'07 - 2022'!I35 -> 0 | M30: 4.3936294
A31: Dubai DIFC | B31: =B30+1 -> 30 | C31: 7 | D31: 2022 | E31: ='07 - 2022'!B37-'07 - 2022'!B36+'07 - 2022'!C37-'07 - 2022'!C36 -> 0 | F31: 0.118 | G31: ='07 - 2022'!D37-'07 - 2022'!D36+'07 - 2022'!E37-'07 - 2022'!E36 -> 0 | H31: 0.99 | I31: ='07 - 2022'!J37-'07 - 2022'!J36 -> 0 | J31: 0.081 | K31: ='07 - 2022'!H37-'07 - 2022'!H36 -> 0 | L31: ='07 - 2022'!I37-'07 - 2022'!I36 -> 0 | M31: 4.3936294
A32: Dubai DIFC | B32: =B31+1 -> 31 | C32: 7 | D32: 2022 | E32: ='07 - 2022'!B38-'07 - 2022'!B37+'07 - 2022'!C38-'07 - 2022'!C37 -> 0 | F32: 0.118 | G32: ='07 - 2022'!D38-'07 - 2022'!D37+'07 - 2022'!E38-'07 - 2022'!E37 -> 0 | H32: 0.99 | I32: ='07 - 2022'!J38-'07 - 2022'!J37 -> 0 | J32: 0.081 | K32: ='07 - 2022'!H38-'07 - 2022'!H37 -> 0 | L32: ='07 - 2022'!I38-'07 - 2022'!I37 -> 0 | M32: 4.3936294

Sheet Submetering Daily 
A1: Site Name | B1: Day | C1: Month | D1: Year | E1: Panel LV1 Kwh | F1: Panel LV2 Kwh | G1: Electricity Tariff ($/Kwh) | H1: Main Kitchen LPG (Kg) | I1: Podium Kitchen LPG (Kg) | J1: Boiler LPG (Kg) | K1: LPG $/Kg | L1: Room Nights
A2: Dubai DIFC | B2: 1 | C2: 7 | D2: 2022 | E2: ='07 - 2022'!B8-'07 - 2022'!B7 -> 3930 | F2: ='07 - 2022'!C8-'07 - 2022'!C7 -> 5814 | G2: 0.118 | H2: ='07 - 2022'!E8-'07 - 2022'!E7 -> 24.89 | I2: ='07 - 2022'!F8-'07 - 2022'!F7 -> 5.87 | J2: ='07 - 2022'!G8-'07 - 2022'!G7 -> 32.34 | K2: 0.74 | L2: 68
A3: Dubai DIFC | B3: =B2+1 -> 2 | C3: 7 | D3: 2022 | E3: ='07 - 2022'!B9-'07 - 2022'!B8 -> 3977 | F3: ='07 - 2022'!C9-'07 - 2022'!C8 -> 5945.3 | G3: 0.118 | H3: ='07 - 2022'!E9-'07 - 2022'!E8 -> 25.24 | I3: ='07 - 2022'!F9-'07 - 2022'!F8 -> 6.54 | J3: ='07 - 2022'!G9-'07 - 2022'!G8 -> 33.08 | K3: 0.74 | L3: 62
A4: Dubai DIFC | B4: =B3+1 -> 3 | C4: 7 | D4: 2022 | E4: ='07 - 2022'!B10-'07 - 2022'!B9 -> 3890 | F4: ='07 - 2022'!C10-'07 - 2022'!C9 -> 5873.6 | G4: 0.118 | H4: ='07 - 2022'!E10-'07 - 2022'!E9 -> 25.19 | I4: ='07 - 2022'!F10-'07 - 2022'!F9 -> 6.62 | J4: ='07 - 2022'!G10-'07 - 2022'!G9 -> 31.84 | K4: 0.74 | L4: 52
A5: Dubai DIFC | B5: =B4+1 -> 4 | C5: 7 | D5: 2022 | E5: ='07 - 2022'!B11-'07 - 2022'!B10 -> 3880 | F5: ='07 - 2022'!C11-'07 - 2022'!C10 -> 5766 | G5: 0.118 | H5: ='07 - 2022'!E11-'07 - 2022'!E10 -> 22.35 | I5: ='07 - 2022'!F11-'07 - 2022'!F10 -> 8.39 | J5: ='07 - 2022'!G11-'07 - 2022'!G10 -> 32.85 | K5: 0.74 | L5: 34
A6: Dubai DIFC | B6: =B5+1 -> 5 | C6: 7 | D6: 2022 | E6: ='07 - 2022'!B12-'07 - 2022'!B11 -> 3933 | F6: ='07 - 2022'!C12-'07 - 2022'!C11 -> 5717 | G6: 0.118 | H6: ='07 - 2022'!E12-'07 - 2022'!E11 -> 19.16 | I6: ='07 - 2022'!F12-'07 - 2022'!F11 -> 7.15 | J6: ='07 - 2022'!G12-'07 - 2022'!G11 -> 31.26 | K6: 0.74 | L6: 27
A7: Dubai DIFC | B7: =B6+1 -> 6 | C7: 7 | D7: 2022 | E7: ='07 - 2022'!B13-'07 - 2022'!B12 -> 4055 | F7: ='07 - 2022'!C13-'07 - 2022'!C12 -> 5833 | G7: 0.118 | H7: ='07 - 2022'!E13-'07 - 2022'!E12 -> 23.04 | I7: ='07 - 2022'!F13-'07 - 2022'!F12 -> 7.93 | J7: ='07 - 2022'!G13-'07 - 2022'!G12 -> 28.99 | K7: 0.74 | L7: 34
A8: Dubai DIFC | B8: =B7+1 -> 7 | C8: 7 | D8: 2022 | E8: ='07 - 2022'!B14-'07 - 2022'!B13 -> 3743 | F8: ='07 - 2022'!C14-'07 - 2022'!C13 -> 5472 | G8: 0.118 | H8: ='07 - 2022'!E14-'07 - 2022'!E13 -> 24.09 | I8: ='07 - 2022'!F14-'07 - 2022'!F13 -> 7.48 | J8: ='07 - 2022'!G14-'07 - 2022'!G13 -> 29.52 | K8: 0.74 | L8: 40
A9: Dubai DIFC | B9: =B8+1 -> 8 | C9: 7 | D9: 2022 | E9: ='07 - 2022'!B15-'07 - 2022'!B14 -> 4007 | F9: ='07 - 2022'!C15-'07 - 2022'!C14 -> 5689 | G9: 0.118 | H9: ='07 - 2022'!E15-'07 - 2022'!E14 -> 22.73 | I9: ='07 - 2022'!F15-'07 - 2022'!F14 -> 7.39 | J9: ='07 - 2022'!G15-'07 - 2022'!G14 -> 27.87 | K9: 0.74 | L9: 36
A10: Dubai DIFC | B10: =B9+1 -> 9 | C10: 7 | D10: 2022 | E10: ='07 - 2022'!B16-'07 - 2022'!B15 -> 4088 | F10: ='07 - 2022'!C16-'07 - 2022'!C15 -> 5636 | G10: 0.118 | H10: ='07 - 2022'!E16-'07 - 2022'!E15 -> 25.49 | I10: ='07 - 2022'!F16-'07 - 2022'!F15 -> 7.43 | J10: ='07 - 2022'!G16-'07 - 2022'!G15 -> 27.73 | K10: 0.74 | L10: 36
A11: Dubai DIFC | B11: =B10+1 -> 10 | C11: 7 | D11: 2022 | E11: ='07 - 2022'!B17-'07 - 2022'!B16 -> 3922 | F11: ='07 - 2022'!C17-'07 - 2022'!C16 -> 5560 | G11: 0.118 | H11: ='07 - 2022'!E17-'07 - 2022'!E16 -> 22.88 | I11: ='07 - 2022'!F17-'07 - 2022'!F16 -> 7.48 | J11: ='07 - 2022'!G17-'07 - 2022'!G16 -> 27.28 | K11: 0.74 | L11: 32
A12: Dubai DIFC | B12: =B11+1 -> 11 | C12: 7 | D12: 2022 | E12: ='07 - 2022'!B18-'07 - 2022'!B17 -> 3947 | F12: ='07 - 2022'!C18-'07 - 2022'!C17 -> 5713 | G12: 0.118 | H12: ='07 - 2022'!E18-'07 - 2022'!E17 -> 24.39 | I12: ='07 - 2022'!F18-'07 - 2022'!F17 -> 7.42 | J12: ='07 - 2022'!G18-'07 - 2022'!G17 -> 30.73 | K12: 0.74 | L12: 38
A13: Dubai DIFC | B13: =B12+1 -> 12 | C13: 7 | D13: 2022 | E13: ='07 - 2022'!B19-'07 - 2022'!B18 -> 4169 | F13: ='07 - 2022'!C19-'07 - 2022'!C18 -> 5582 | G13: 0.118 | H13: ='07 - 2022'!E19-'07 - 2022'!E18 -> 23.53 | I13: ='07 - 2022'!F19-'07 - 2022'!F18 -> 7.47 | J13: ='07 - 2022'!G19-'07 - 2022'!G18 -> 28.72 | K13: 0.74 | L13: 38
A14: Dubai DIFC | B14: =B13+1 -> 13 | C14: 7 | D14: 2022 | E14: ='07 - 2022'!B20-'07 - 2022'!B19 -> 4091 | F14: ='07 - 2022'!C20-'07 - 2022'!C19 -> 5563 | G14: 0.118 | H14: ='07 - 2022'!E20-'07 - 2022'!E19 -> 24.69 | I14: ='07 - 2022'!F20-'07 - 2022'!F19 -> 6.8 | J14: ='07 - 2022'!G20-'07 - 2022'!G19 -> 26.7 | K14: 0.74 | L14: 20
... A23: Dubai DIFC | B23: =B22+1 -> 22 | C23: 7 | D23: 2022 | E23: ='07 - 2022'!B29-'07 - 2022'!B28 -> 4110 | F23: ='07 - 2022'!C29-'07 - 2022'!C28 -> 5524 | G23: 0.118 | H23: ='07 - 2022'!E29-'07 - 2022'!E28 -> 25.29 | I23: ='07 - 2022'!F29-'07 - 2022'!F28 -> 7.96 | J23: ='07 - 2022'!G29-'07 - 2022'!G28 -> 26.28 | K23: 0.74 | L23: 51
A24: Dubai DIFC | B24: =B23+1 -> 23 | C24: 7 | D24: 2022 | E24: 0 | F24: 0 | G24: 0.118 | H24: 0 | I24: 0 | J24: 0 | K24: 0.74
A25: Dubai DIFC | B25: =B24+1 -> 24 | C25: 7 | D25: 2022 | E25: ='07 - 2022'!B31-'07 - 2022'!B30 -> 0 | F25: ='07 - 2022'!C31-'07 - 2022'!C30 -> 0 | G25: 0.118 | H25: ='07 - 2022'!E31-'07 - 2022'!E30 -> 0 | I25: ='07 - 2022'!F31-'07 - 2022'!F30 -> 0 | J25: ='07 - 2022'!G31-'07 - 2022'!G30 -> 0 | K25: 0.74
A26: Dubai DIFC | B26: =B25+1 -> 25 | C26: 7 | D26: 2022 | E26: ='07 - 2022'!B32-'07 - 2022'!B31 -> 0 | F26: ='07 - 2022'!C32-'07 - 2022'!C31 -> 0 | G26: 0.118 | H26: ='07 - 2022'!E32-'07 - 2022'!E31 -> 0 | I26: ='07 - 2022'!F32-'07 - 2022'!F31 -> 0 | J26: ='07 - 2022'!G32-'07 - 2022'!G31 -> 0 | K26: 0.74
A27: Dubai DIFC | B27: =B26+1 -> 26 | C27: 7 | D27: 2022 | E27: ='07 - 2022'!B33-'07 - 2022'!B32 -> 0 | F27: ='07 - 2022'!C33-'07 - 2022'!C32 -> 0 | G27: 0.118 | H27: ='07 - 2022'!E33-'07 - 2022'!E32 -> 0 | I27: ='07 - 2022'!F33-'07 - 2022'!F32 -> 0 | J27: ='07 - 2022'!G33-'07 - 2022'!G32 -> 0 | K27: 0.74
A28: Dubai DIFC | B28: =B27+1 -> 27 | C28: 7 | D28: 2022 | E28: ='07 - 2022'!B34-'07 - 2022'!B33 -> 0 | F28: ='07 - 2022'!C34-'07 - 2022'!C33 -> 0 | G28: 0.118 | H28: ='07 - 2022'!E34-'07 - 2022'!E33 -> 0 | I28: ='07 - 2022'!F34-'07 - 2022'!F33 -> 0 | J28: ='07 - 2022'!G34-'07 - 2022'!G33 -> 0 | K28: 0.74
A29: Dubai DIFC | B29: =B28+1 -> 28 | C29: 7 | D29: 2022 | E29: ='07 - 2022'!B35-'07 - 2022'!B34 -> 0 | F29: ='07 - 2022'!C35-'07 - 2022'!C34 -> 0 | G29: 0.118 | H29: ='07 - 2022'!E35-'07 - 2022'!E34 -> 0 | I29: ='07 - 2022'!F35-'07 - 2022'!F34 -> 0 | J29: ='07 - 2022'!G35-'07 - 2022'!G34 -> 0 | K29: 0.74
A30: Dubai DIFC | B30: =B29+1 -> 29 | C30: 7 | D30: 2022 | E30: ='07 - 2022'!B36-'07 - 2022'!B35 -> 0 | F30: ='07 - 2022'!C36-'07 - 2022'!C35 -> 0 | G30: 0.118 | H30: ='07 - 2022'!E36-'07 - 2022'!E35 -> 0 | I30: ='07 - 2022'!F36-'07 - 2022'!F35 -> 0 | J30: ='07 - 2022'!G36-'07 - 2022'!G35 -> 0 | K30: 0.74
A31: Dubai DIFC | B31: =B30+1 -> 30 | C31: 7 | D31: 2022 | E31: ='07 - 2022'!B37-'07 - 2022'!B36 -> 0 | F31: ='07 - 2022'!C37-'07 - 2022'!C36 -> 0 | G31: 0.118 | H31: ='07 - 2022'!E37-'07 - 2022'!E36 -> 0 | I31: ='07 - 2022'!F37-'07 - 2022'!F36 -> 0 | J31: ='07 - 2022'!G37-'07 - 2022'!G36 -> 0 | K31: 0.74
A32: Dubai DIFC | B32: =B31+1 -> 31 | C32: 7 | D32: 2022 | E32: ='07 - 2022'!B38-'07 - 2022'!B37 -> 0 | F32: ='07 - 2022'!C38-'07 - 2022'!C37 -> 0 | G32: 0.118 | H32: ='07 - 2022'!E38-'07 - 2022'!E37 -> 0 | I32: ='07 - 2022'!F38-'07 - 2022'!F37 -> 0 | J32: ='07 - 2022'!G38-'07 - 2022'!G37 -> 0 | K32: 0.74

Sheet 07 - 2022
A3: FOUR SEASONS HOTEL - DIFC
A4: HLP READING MONTH OF JULY' 2022
B5: Electricity | D5: LPG (cu.m) | H5: Water (cu.m) | J5: BTU
A6: Date | B6: LV-01, 2025952759 | C6: LV-2, 2030235407 | D6: Main Meter % | E6: Main Kitchen | F6: Podium Kitchen | G6: Boiler | H6: B-3 Water Meter (DIFC) | I6: MainWater Meter (DEWA) | J6: Chilled Water (KWH) | K6: Gas Received (Litres) | L6: Remark
A7: 44742 | B7: 231743 | C7: 1084089.1 | D7: 0.5 | E7: 2636.11 | F7: 2542.4 | G7: 43450.42 | H7: 14528 | I7: 162394 | J7: 56817595
A8: =A7+1 -> 44743 | B8: 235673 | C8: 1089903.1 | D8: 0.43 | E8: 2661 | F8: 2548.27 | G8: 43482.76 | H8: 14528 | I8: 162504 | J8: 56855078
A9: =A8+1 -> 44744 | B9: 239650 | C9: 1095848.4 | D9: 0.35 | E9: 2686.24 | F9: 2554.81 | G9: 43515.84 | H9: 14528 | I9: 162613 | J9: 56891993
A10: =A9+1 -> 44745 | B10: 243540 | C10: 1101722 | D10: 0.78 | E10: 2711.43 | F10: 2561.43 | G10: 43547.68 | H10: 14528 | I10: 162722 | J10: 56933769 | K10: 3600
A11: =A10+1 -> 44746 | B11: 247420 | C11: 1107488 | D11: 0.72 | E11: 2733.78 | F11: 2569.82 | G11: 43580.53 | H11: 14528 | I11: 162820 | J11: 56976607
A12: =A11+1 -> 44747 | B12: 251353 | C12: 1113205 | D12: 0.65 | E12: 2752.94 | F12: 2576.97 | G12: 43611.79 | H12: 14528 | I12: 162915 | J12: 57018936
A13: =A12+1 -> 44748 | B13: 255408 | C13: 1119038 | D13: 0.58 | E13: 2775.98 | F13: 2584.9 | G13: 43640.78 | H13: 14528 | I13: 163009 | J13: 57060416
A14: =A13+1 -> 44749 | B14: 259151 | C14: 1124510 | D14: 0.51 | E14: 2800.07 | F14: 2592.38 | G14: 43670.3 | H14: 14528 | I14: 163100 | J14: 57096034
A15: =A14+1 -> 44750 | B15: 263158 | C15: 1130199 | D15: 0.45 | E15: 2822.8 | F15: 2599.77 | G15: 43698.17 | H15: 14528 | I15: 163195 | J15: 57130628
A16: =A15+1 -> 44751 | B16: 267246 | C16: 1135835 | D16: 0.38 | E16: 2848.29 | F16: 2607.2 | G16: 43725.9 | H16: 14528 | I16: 163293 | J16: 57165866
A17: =A16+1 -> 44752 | B17: 271168 | C17: 1141395 | D17: 0.8 | E17: 2871.17 | F17: 2614.68 | G17: 43753.18 | H17: 14528 | I17: 163389 | J17: 57200194 | K17: 3300
A18: =A17+1 -> 44753 | B18: 275115 | C18: 1147108 | D18: 0.72 | E18: 2895.56 | F18: 2622.1 | G18: 43783.91 | H18: 14528 | I18: 163496 | J18: 57237645
A19: =A18+1 -> 44754 | B19: 279284 | C19: 1152690 | D19: 0.65 | E19: 2919.09 | F19: 2629.57 | G19: 43812.63 | H19: 14528 | I19: 163597 | J19: 57272583
A20: =A19+1 -> 44755 | B20: 283375 | C20: 1158253 | D20: 0.57 | E20: 2943.78 | F20: 2636.37 | G20: 43839.33 | H20: 14528 | I20: 163695 | J20: 57309924
A21: =A20+1 -> 44756 | B21: 287280 | C21: 1163652 | D21: 0.52 | E21: 2968.3 | F21: 2643.89 | G21: 43868.39 | H21: 14528 | I21: 163793 | J21: 57348168
A22: =A21+1 -> 44757 | B22: 291190 | C22: 1169206 | D22: 0.46 | E22: 2991.1 | F22: 2652.16 | G22: 43898.55 | H22: 14528 | I22: 163903 | J22: 57384564
A23: =A22+1 -> 44758 | B23: 295139 | C23: 1174688 | D23: 0.4 | E23: 3015.06 | F23: 2659.62 | G23: 43926.48 | H23: 14528 | I23: 164000 | J23: 57417865
A24: =A23+1 -> 44759 | B24: 299165 | C24: 1180274 | D24: 0.8 | E24: 3036.45 | F24: 2667.39 | G24: 43956.74 | H24: 14528 | I24: 164095 | J24: 57452020 | K24: 3100
A25: =A24+1 -> 44760 | B25: 303116 | C25: 1185829 | D25: 0.73 | E25: 3058.34 | F25: 2674.66 | G25: 43983.18 | H25: 14528 | I25: 164185 | J25: 57488926
A26: =A25+1 -> 44761 | B26: 306994 | C26: 1191340 | D26: 0.65 | E26: 3083.54 | F26: 2681.16 | G26: 44010.93 | H26: 14528 | I26: 164283 | J26: 57521812
A27: =A26+1 -> 44762 | B27: 311105 | C27: 1196813 | D27: 0.56 | E27: 3108.6 | F27: 2687.57 | G27: 44039.43 | H27: 14528 | I27: 164383 | J27: 57556128
A28: =A27+1 -> 44763 | B28: 315143 | C28: 1202342 | D28: 0.48 | E28: 3133.35 | F28: 2693.79 | G28: 44066 | H28: 14528 | I28: 164481 | J28: 57591288
A29: =A28+1 -> 44764 | B29: 319253 | C29: 1207866 | D29: 0.4 | E29: 3158.64 | F29: 2701.75 | G29: 44092.28 | H29: 14528 | I29: 164586 | J29: 57627831
A30: =A29+1 -> 44765
A31: =A30+1 -> 44766
A32: =A31+1 -> 44767
A33: =A32+1 -> 44768
A34: =A33+1 -> 44769
A35: =A34+1 -> 44770
A36: =A35+1 -> 44771
A37: =A36+1 -> 44772
A38: =A37+1 -> 44773
A39: Readings | B39: =B38-B7 -> -231743 | C39: =C38-C7 -> -1084089.1 | E39: =E38-E7 -> -2636.11 | F39: =F38-F7 -> -2542.4 | G39: =G38-G7 -> -43450.42 | H39: =H38-H7 -> -14528 | I39: =I38-I7 -> -162394 | J39: =J38-J7 -> -56817595 | K39: =SUM(K7:K38) -> 10000
H40: =H39*219.969 -> -3195709.6 | I40: =I39*219.969 -> -35721646
