Workbook

Sheet TOTAL
A1: Site Name | B1: Day | C1: Month | D1: Year | E1: Total Electricity Kwh | F1: Electricity Tariff ($/Kwh) | G1: Natual Gas (Therms) | H1: Natural Gas $/Therms | I1: Water Utility Supply (USG) USG | J1: Water Utility Supply (USG) $/USG | K1: District Energy Heating Steam Mlbs | L1: District Energy Heating $/Steam Mlbs | M1: Room Nights
A2: San Francisco at Embarcadero | B2: 1 | C2: 6 | D2: 2022 | E2: =IF(June!C8>0,June!C8,0) -> 4200 | F2: 0.33 | G2: =IF(June!E8>0,June!E8,0) -> 29.316 | H2: 1.83 | I2: =IF((June!I8+June!O8)>0,(June!I8+June!O8),0) -> 3761 | J2: 0.04 | K2: =IF((June!G8+June!M8)>0,(June!G8+June!M8),0) -> 2.6 | L2: 42.17 | M2: =June!R8 -> 58
A3: San Francisco at Embarcadero | B3: =B2+1 -> 2 | C3: 6 | D3: 2022 | E3: =IF(June!C9>0,June!C9,0) -> 6300 | F3: 0.33 | G3: =IF(June!E9>0,June!E9,0) -> 49.209 | H3: 1.83 | I3: =IF((June!I9+June!O9)>0,(June!I9+June!O9),0) -> 7025 | J3: 0.04 | K3: =IF((June!G9+June!M9)>0,(June!G9+June!M9),0) -> 5.3 | L3: 42.17 | M3: =June!R9 -> 68
A4: San Francisco at Embarcadero | B4: =B3+1 -> 3 | C4: 6 | D4: 2022 | E4: =IF(June!C10>0,June!C10,0) -> 4800 | F4: 0.33 | G4: =IF(June!E10>0,June!E10,0) -> 39.786 | H4: 1.83 | I4: =IF((June!I10+June!O10)>0,(June!I10+June!O10),0) -> 7535 | J4: 0.04 | K4: =IF((June!G10+June!M10)>0,(June!G10+June!M10),0) -> 6.5 | L4: 42.17 | M4: =June!R10 -> 83
A5: San Francisco at Embarcadero | B5: =B4+1 -> 4 | C5: 6 | D5: 2022 | E5: =IF(June!C11>0,June!C11,0) -> 5100 | F5: 0.33 | G5: =IF(June!E11>0,June!E11,0) -> 41.88 | H5: 1.83 | I5: =IF((June!I11+June!O11)>0,(June!I11+June!O11),0) -> 5520 | J5: 0.04 | K5: =IF((June!G11+June!M11)>0,(June!G11+June!M11),0) -> 4.7 | L5: 42.17 | M5: =June!R11 -> 48
A6: San Francisco at Embarcadero | B6: =B5+1 -> 5 | C6: 6 | D6: 2022 | E6: =IF(June!C12>0,June!C12,0) -> 6300 | F6: 0.33 | G6: =IF(June!E12>0,June!E12,0) -> 54.444 | H6: 1.83 | I6: =IF((June!I12+June!O12)>0,(June!I12+June!O12),0) -> 7793 | J6: 0.04 | K6: =IF((June!G12+June!M12)>0,(June!G12+June!M12),0) -> 5.5 | L6: 42.17 | M6: =June!R12 -> 55
A7: San Francisco at Embarcadero | B7: =B6+1 -> 6 | C7: 6 | D7: 2022 | E7: =IF(June!C13>0,June!C13,0) -> 6000 | F7: 0.33 | G7: =IF(June!E13>0,June!E13,0) -> 46.068 | H7: 1.83 | I7: =IF((June!I13+June!O13)>0,(June!I13+June!O13),0) -> 8186 | J7: 0.04 | K7: =IF((June!G13+June!M13)>0,(June!G13+June!M13),0) -> 5.6 | L7: 42.17 | M7: =June!R13 -> 73
A8: San Francisco at Embarcadero | B8: =B7+1 -> 7 | C8: 6 | D8: 2022 | E8: =IF(June!C14>0,June!C14,0) -> 8400 | F8: 0.33 | G8: =IF(June!E14>0,June!E14,0) -> 64.914 | H8: 1.83 | I8: =IF((June!I14+June!O14)>0,(June!I14+June!O14),0) -> 11124 | J8: 0.04 | K8: =IF((June!G14+June!M14)>0,(June!G14+June!M14),0) -> 7.2 | L8: 42.17 | M8: =June!R14 -> 107
A9: San Francisco at Embarcadero | B9: =B8+1 -> 8 | C9: 6 | D9: 2022 | E9: =IF(June!C15>0,June!C15,0) -> 2100 | F9: 0.33 | G9: =IF(June!E15>0,June!E15,0) -> 12.564 | H9: 1.83 | I9: =IF((June!I15+June!O15)>0,(June!I15+June!O15),0) -> 2837 | J9: 0.04 | K9: =IF((June!G15+June!M15)>0,(June!G15+June!M15),0) -> 2.8 | L9: 42.17 | M9: =June!R15 -> 124
A10: San Francisco at Embarcadero | B10: =B9+1 -> 9 | C10: 6 | D10: 2022 | E10: =IF(June!C16>0,June!C16,0) -> 6300 | F10: 0.33 | G10: =IF(June!E16>0,June!E16,0) -> 48.162 | H10: 1.83 | I10: =IF((June!I16+June!O16)>0,(June!I16+June!O16),0) -> 9255 | J10: 0.04 | K10: =IF((June!G16+June!M16)>0,(June!G16+June!M16),0) -> 6.3 | L10: 42.17 | M10: =June!R16 -> 108
A11: San Francisco at Embarcadero | B11: =B10+1 -> 10 | C11: 6 | D11: 2022 | E11: =IF(June!C17>0,June!C17,0) -> 6600 | F11: 0.33 | G11: =IF(June!E17>0,June!E17,0) -> 45.021 | H11: 1.83 | I11: =IF((June!I17+June!O17)>0,(June!I17+June!O17),0) -> 8915 | J11: 0.04 | K11: =IF((June!G17+June!M17)>0,(June!G17+June!M17),0) -> 5.5 | L11: 42.17 | M11: =June!R17 -> 97
A12: San Francisco at Embarcadero | B12: =B11+1 -> 11 | C12: 6 | D12: 2022 | E12: =IF(June!C18>0,June!C18,0) -> 6900 | F12: 0.33 | G12: =IF(June!E18>0,June!E18,0) -> 42.927 | H12: 1.83 | I12: =IF((June!I18+June!O18)>0,(June!I18+June!O18),0) -> 8220 | J12: 0.04 | K12: =IF((June!G18+June!M18)>0,(June!G18+June!M18),0) -> 3.9 | L12: 42.17 | M12: =June!R18 -> 62
A13: San Francisco at Embarcadero | B13: =B12+1 -> 12 | C13: 6 | D13: 2022 | E13: =IF(June!C19>0,June!C19,0) -> 8700 | F13: 0.33 | G13: =IF(June!E19>0,June!E19,0) -> 56.538 | H13: 1.83 | I13: =IF((June!I19+June!O19)>0,(June!I19+June!O19),0) -> 13370 | J13: 0.04 | K13: =IF((June!G19+June!M19)>0,(June!G19+June!M19),0) -> 7.2 | L13: 42.17 | M13: =June!R19 -> 89
A14: San Francisco at Embarcadero | B14: =B13+1 -> 13 | C14: 6 | D14: 2022 | E14: =IF(June!C20>0,June!C20,0) -> 9000 | F14: 0.33 | G14: =IF(June!E20>0,June!E20,0) -> 64.914 | H14: 1.83 | I14: =IF((June!I20+June!O20)>0,(June!I20+June!O20),0) -> 13540 | J14: 0.04 | K14: =IF((June!G20+June!M20)>0,(June!G20+June!M20),0) -> 6.8 | L14: 42.17 | M14: =June!R20 -> 84
... A31: San Francisco at Embarcadero | B31: =B30+1 -> 30 | C31: 6 | D31: 2022 | E31: =IF(June!C37>0,June!C37,0) -> 5700 | F31: 0.33 | G31: =IF(June!E37>0,June!E37,0) -> 49.209 | H31: 1.83 | I31: =IF((June!I37+June!O37)>0,(June!I37+June!O37),0) -> 8232 | J31: 0.04 | K31: =IF((June!G37+June!M37)>0,(June!G37+June!M37),0) -> 6 | L31: 42.17 | M31: =June!R37 -> 64

Sheet June
A2: MONTHLY METER READINGS: June 2022
A6: PREVIOUS Meter Reading | B6: 21272 | D6: 51538 | F6: 31065 | H6: 10978110 | J6: 361992 | L6: 28665 | N6: 30200619 | P6: 6295687
A7: DATE | B7: 1B ELECTRIC (kWh) | C7: Usage (kWh) | D7: 1B GAS (CCF) | E7: Usage (Therms) | F7: 1B STEAM (Mlbs) | G7: Usage (Mlbs) | H7: 1B WATER (Gallons) | I7: Usage (Gallons) | J7: 4TH CT - 5 (Gallons) | K7: Usage (Gallons) | L7: 36TH STEAM (Mlbs) | M7: Usage (Mlbs) | N7: 36TH WATER (Gallons) | O7: Usage (Gallons) | P7: EAST PENT.CT -3 (Gallons) | Q7: Usage (Gallons) | R7: Room Nights | S7: High Temp | T7: Low Temp | U7: Avg Temp | V7: Heating Degree Day (HDD)
A8: 1 | B8: 21286 | C8: =+(B8-B6)*300 -> 4200 | D8: 51566 | E8: =+(D8-D6)*1.047 -> 29.316 | F8: 31070 | G8: =+(F8-F6)*0.1 -> 0.5 | H8: 10979090 | I8: =+H8-H6 -> 980 | J8: 361992 | K8: =+J8-J6 -> 0 | L8: 28686 | M8: =+(L8-L6)*0.1 -> 2.1 | N8: 30203400 | O8: =+N8-N6 -> 2781 | P8: 6295996 | Q8: =+P8-P6 -> 309 | R8: 58 | S8: 66 | T8: 52 | U8: =(S8+T8)/2 -> 59 | V8: =65-U8 -> 6
A9: 2 | B9: 21307 | C9: =+(B9-B8)*300 -> 6300 | D9: 51613 | E9: =+(D9-D8)*1.047 -> 49.209 | F9: 31077 | G9: =+(F9-F8)*0.1 -> 0.7 | H9: 10980845 | I9: =+H9-H8 -> 1755 | J9: 361992 | K9: =+J9-J8 -> 0 | L9: 28732 | M9: =+(L9-L8)*0.1 -> 4.6 | N9: 30208670 | O9: =+N9-N8 -> 5270 | P9: 6296224 | Q9: =+P9-P8 -> 228 | R9: 68 | S9: 65 | T9: 53 | U9: =(S9+T9)/2 -> 59 | V9: =65-U9 -> 6
A10: 3 | B10: 21323 | C10: =+(B10-B9)*300 -> 4800 | D10: 51651 | E10: =+(D10-D9)*1.047 -> 39.786 | F10: 31085 | G10: =+(F10-F9)*0.1 -> 0.8 | H10: 10982300 | I10: =+H10-H9 -> 1455 | J10: 361992 | K10: =+J10-J9 -> 0 | L10: 28789 | M10: =+(L10-L9)*0.1 -> 5.7 | N10: 30214750 | O10: =+N10-N9 -> 6080 | P10: 6296273 | Q10: =+P10-P9 -> 49 | R10: 83 | S10: 64 | T10: 54 | U10: =(S10+T10)/2 -> 59 | V10: =65-U10 -> 6
A11: 4 | B11: 21340 | C11: =+(B11-B10)*300 -> 5100 | D11: 51691 | E11: =+(D11-D10)*1.047 -> 41.88 | F11: 31092 | G11: =+(F11-F10)*0.1 -> 0.7 | H11: 10983860 | I11: =+H11-H10 -> 1560 | J11: 361992 | K11: =+J11-J10 -> 0 | L11: 28829 | M11: =+(L11-L10)*0.1 -> 4 | N11: 30218710 | O11: =+N11-N10 -> 3960 | P11: 6296339 | Q11: =+P11-P10 -> 66 | R11: 48 | S11: 67 | T11: 56 | U11: =(S11+T11)/2 -> 61.5 | V11: =65-U11 -> 3.5
A12: 5 | B12: 21361 | C12: =+(B12-B11)*300 -> 6300 | D12: 51743 | E12: =+(D12-D11)*1.047 -> 54.444 | F12: 31103 | G12: =+(F12-F11)*0.1 -> 1.1 | H12: 10985909 | I12: =+H12-H11 -> 2049 | J12: 361992 | K12: =+J12-J11 -> 0 | L12: 28873 | M12: =+(L12-L11)*0.1 -> 4.4 | N12: 30224454 | O12: =+N12-N11 -> 5744 | P12: 6296457 | Q12: =+P12-P11 -> 118 | R12: 55 | S12: 69 | T12: 55 | U12: =(S12+T12)/2 -> 62 | V12: =65-U12 -> 3
A13: 6 | B13: 21381 | C13: =+(B13-B12)*300 -> 6000 | D13: 51787 | E13: =+(D13-D12)*1.047 -> 46.068 | F13: 31114 | G13: =+(F13-F12)*0.1 -> 1.1 | H13: 10987740 | I13: =+H13-H12 -> 1831 | J13: 361992 | K13: =+J13-J12 -> 0 | L13: 28918 | M13: =+(L13-L12)*0.1 -> 4.5 | N13: 30230809 | O13: =+N13-N12 -> 6355 | P13: 6296897 | Q13: =+P13-P12 -> 440 | R13: 73 | S13: 68 | T13: 52 | U13: =(S13+T13)/2 -> 60 | V13: =65-U13 -> 5
A14: 7 | B14: 21409 | C14: =+(B14-B13)*300 -> 8400 | D14: 51849 | E14: =+(D14-D13)*1.047 -> 64.914 | F14: 31126 | G14: =+(F14-F13)*0.1 -> 1.2 | H14: 10990397 | I14: =+H14-H13 -> 2657 | J14: 361992 | K14: =+J14-J13 -> 0 | L14: 28978 | M14: =+(L14-L13)*0.1 -> 6 | N14: 30239276 | O14: =+N14-N13 -> 8467 | P14: 6297286 | Q14: =+P14-P13 -> 389 | R14: 107 | S14: 65 | T14: 54 | U14: =(S14+T14)/2 -> 59.5 | V14: =65-U14 -> 5.5
A15: 8 | B15: 21416 | C15: =+(B15-B14)*300 -> 2100 | D15: 51861 | E15: =+(D15-D14)*1.047 -> 12.564 | F15: 31131 | G15: =+(F15-F14)*0.1 -> 0.5 | H15: 10990745 | I15: =+H15-H14 -> 348 | J15: 361992 | K15: =+J15-J14 -> 0 | L15: 29001 | M15: =+(L15-L14)*0.1 -> 2.3 | N15: 30241765 | O15: =+N15-N14 -> 2489 | P15: 6297287 | Q15: =+P15-P14 -> 1 | R15: 124 | S15: 69 | T15: 54 | U15: =(S15+T15)/2 -> 61.5 | V15: =65-U15 -> 3.5
A16: 9 | B16: 21437 | C16: =+(B16-B15)*300 -> 6300 | D16: 51907 | E16: =+(D16-D15)*1.047 -> 48.162 | F16: 31140 | G16: =+(F16-F15)*0.1 -> 0.9 | H16: 10992700 | I16: =+H16-H15 -> 1955 | J16: 361992 | K16: =+J16-J15 -> 0 | L16: 29055 | M16: =+(L16-L15)*0.1 -> 5.4 | N16: 30249065 | O16: =+N16-N15 -> 7300 | P16: 6297375 | Q16: =+P16-P15 -> 88 | R16: 108 | S16: 78 | T16: 53 | U16: =(S16+T16)/2 -> 65.5 | V16: =65-U16 -> -0.5
A17: 10 | B17: 21459 | C17: =+(B17-B16)*300 -> 6600 | D17: 51950 | E17: =+(D17-D16)*1.047 -> 45.021 | F17: 31150 | G17: =+(F17-F16)*0.1 -> 1 | H17: 10994510 | I17: =+H17-H16 -> 1810 | J17: 361992 | K17: =+J17-J16 -> 0 | L17: 29100 | M17: =+(L17-L16)*0.1 -> 4.5 | N17: 30256170 | O17: =+N17-N16 -> 7105 | P17: 6298403 | Q17: =+P17-P16 -> 1028 | R17: 97 | S17: 80 | T17: 59 | U17: =(S17+T17)/2 -> 69.5 | V17: =65-U17 -> -4.5
A18: 11 | B18: 21482 | C18: =+(B18-B17)*300 -> 6900 | D18: 51991 | E18: =+(D18-D17)*1.047 -> 42.927 | F18: 31160 | G18: =+(F18-F17)*0.1 -> 1 | H18: 10996400 | I18: =+H18-H17 -> 1890 | J18: 361992 | K18: =+J18-J17 -> 0 | L18: 29129 | M18: =+(L18-L17)*0.1 -> 2.9 | N18: 30262500 | O18: =+N18-N17 -> 6330 | P18: 6299266 | Q18: =+P18-P17 -> 863 | R18: 62 | S18: 75 | T18: 58 | U18: =(S18+T18)/2 -> 66.5 | V18: =65-U18 -> -1.5
A19: 12 | B19: 21511 | C19: =+(B19-B18)*300 -> 8700 | D19: 52045 | E19: =+(D19-D18)*1.047 -> 56.538 | F19: 31173 | G19: =+(F19-F18)*0.1 -> 1.3 | H19: 10998300 | I19: =+H19-H18 -> 1900 | J19: 361992 | K19: =+J19-J18 -> 0 | L19: 29188 | M19: =+(L19-L18)*0.1 -> 5.9 | N19: 30273970 | O19: =+N19-N18 -> 11470 | P19: 6300618 | Q19: =+P19-P18 -> 1352 | R19: 89 | S19: 66 | T19: 54 | U19: =(S19+T19)/2 -> 60 | V19: =65-U19 -> 5
A20: 13 | B20: 21541 | C20: =+(B20-B19)*300 -> 9000 | D20: 52107 | E20: =+(D20-D19)*1.047 -> 64.914 | F20: 31189 | G20: =+(F20-F19)*0.1 -> 1.6 | H20: 11000285 | I20: =+H20-H19 -> 1985 | J20: 361992 | K20: =+J20-J19 -> 0 | L20: 29240 | M20: =+(L20-L19)*0.1 -> 5.2 | N20: 30285525 | O20: =+N20-N19 -> 11555 | P20: 6301867 | Q20: =+P20-P19 -> 1249 | R20: 84 | S20: 71 | T20: 53 | U20: =(S20+T20)/2 -> 62 | V20: =65-U20 -> 3
... A37: 30 | B37: 21884 | C37: =+(B37-B36)*300 -> 5700 | D37: 52820 | E37: =+(D37-D36)*1.047 -> 49.209 | F37: 31335 | G37: =+(F37-F36)*0.1 -> 0.9 | H37: 11030774 | I37: =+H37-H36 -> 2050 | J37: 361992 | K37: =+J37-J36 -> 0 | L37: 29950 | M37: =+(L37-L36)*0.1 -> 5.1 | N37: 30393576 | O37: =+N37-N36 -> 6182 | P37: 6311021 | Q37: =+P37-P36 -> 13 | R37: 64 | S37: 62 | T37: 53 | U37: =(S37+T37)/2 -> 57.5 | V37: =65-U37 -> 7.5
A39: Total | C39: =SUM(C8:C38) -> 183600 | E39: =SUM(E8:E38) -> 1342.254 | G39: =SUM(G8:G38) -> 27 | I39: =SUM(I8:I38) -> 52664 | K39: =SUM(K8:K38) -> 0 | M39: =SUM(M8:M38) -> 128.5 | O39: =SUM(O8:O38) -> 192957 | Q39: =SUM(Q8:Q38) -> 15334 | R39: =SUM(R8:R38) -> 2387
V40: =SUM(V8:V38) -> 101
