Workbook

Sheet Total
A1: Site Name | B1: Day | C1: Month | D1: Year | E1: Total Electricity Kwh | F1: Electricity Tariff ($/Kwh) | G1: Natual Gas (m3) | H1: Natural Gas $/m3 | I1: Water Utility Supply (m3) m3 | J1: Water Utility Supply (m3) $/m3 | K1: Room Nights | L1: Total Guests
A2: Istanbul at the Bosphorus | B2: 1 | C2: 1 | D2: 2022 | E2: ='Electricity '!I4+'Electricity '!O4 -> 24202.44 | F2: 2.06 | G2: ='Gas Water'!M5 -> 2757 | H2: 6.17 | I2: ='Gas Water'!L5 -> 184 | J2: 14.95 | K2: 145 | L2: 294
A3: Istanbul at the Bosphorus | B3: 2 | C3: 1 | D3: 2022 | E3: ='Electricity '!I5+'Electricity '!O5 -> 24239.7 | F3: 2.06 | G3: ='Gas Water'!M6 -> 2787 | H3: 6.17 | I3: ='Gas Water'!L6 -> 202 | J3: 14.95 | K3: 127 | L3: 252
A4: Istanbul at the Bosphorus | B4: 3 | C4: 1 | D4: 2022 | E4: ='Electricity '!I6+'Electricity '!O6 -> 21979.26 | F4: 2.06 | G4: ='Gas Water'!M7 -> 2470 | H4: 6.17 | I4: ='Gas Water'!L7 -> 221 | J4: 14.95 | K4: 143 | L4: 256
A5: Istanbul at the Bosphorus | B5: 4 | C5: 1 | D5: 2022 | E5: ='Electricity '!I7+'Electricity '!O7 -> 21432.78 | F5: 2.06 | G5: ='Gas Water'!M8 -> 2283 | H5: 6.17 | I5: ='Gas Water'!L8 -> 206 | J5: 14.95 | K5: 148 | L5: 255
A6: Istanbul at the Bosphorus | B6: 5 | C6: 1 | D6: 2022 | E6: ='Electricity '!I8+'Electricity '!O8 -> 22736.88 | F6: 2.06 | G6: ='Gas Water'!M9 -> 2077 | H6: 6.17 | I6: ='Gas Water'!L9 -> 183 | J6: 14.95 | K6: 147 | L6: 265
A7: Istanbul at the Bosphorus | B7: 6 | C7: 1 | D7: 2022 | E7: ='Electricity '!I9+'Electricity '!O9 -> 23142.6 | F7: 2.06 | G7: ='Gas Water'!M10 -> 2098 | H7: 6.17 | I7: ='Gas Water'!L10 -> 174 | J7: 14.95 | K7: 152 | L7: 279
A8: Istanbul at the Bosphorus | B8: 7 | C8: 1 | D8: 2022 | E8: ='Electricity '!I10+'Electricity '!O10 -> 23693.22 | F8: 2.06 | G8: ='Gas Water'!M11 -> 2634 | H8: 6.17 | I8: ='Gas Water'!L11 -> 179 | J8: 14.95 | K8: 155 | L8: 296
A9: Istanbul at the Bosphorus | B9: 8 | C9: 1 | D9: 2022 | E9: ='Electricity '!I12+'Electricity '!O11 -> 23763.6 | F9: 2.06 | G9: ='Gas Water'!M12 -> 2711 | H9: 6.17 | I9: ='Gas Water'!L12 -> 190 | J9: 14.95 | K9: 136 | L9: 264
A10: Istanbul at the Bosphorus | B10: 9 | C10: 1 | D10: 2022 | E10: ='Electricity '!I13+'Electricity '!O12 -> 24012 | F10: 2.06 | G10: ='Gas Water'!M13 -> 2672 | H10: 6.17 | I10: ='Gas Water'!L13 -> 223 | J10: 14.95 | K10: 125 | L10: 224
A11: Istanbul at the Bosphorus | B11: 10 | C11: 1 | D11: 2022 | E11: ='Electricity '!I14+'Electricity '!O13 -> 24065.82 | F11: 2.06 | G11: ='Gas Water'!M14 -> 2670 | H11: 6.17 | I11: ='Gas Water'!L14 -> 182 | J11: 14.95 | K11: 98 | L11: 164
A12: Istanbul at the Bosphorus | B12: 11 | C12: 1 | D12: 2022 | E12: ='Electricity '!I14+'Electricity '!O14 -> 24065.82 | F12: 2.06 | G12: ='Gas Water'!M15 -> 3164 | H12: 6.17 | I12: ='Gas Water'!L15 -> 148 | J12: 14.95 | K12: 97 | L12: 159
A13: Istanbul at the Bosphorus | B13: 12 | C13: 1 | D13: 2022 | E13: ='Electricity '!I15+'Electricity '!O15 -> 23991.3 | F13: 2.06 | G13: ='Gas Water'!M16 -> 3991 | H13: 6.17 | I13: ='Gas Water'!L16 -> 175 | J13: 14.95 | K13: 96 | L13: 139
A14: Istanbul at the Bosphorus | B14: 13 | C14: 1 | D14: 2022 | E14: ='Electricity '!I16+'Electricity '!O16 -> 23179.86 | F14: 2.06 | G14: ='Gas Water'!M17 -> 4064 | H14: 6.17 | I14: ='Gas Water'!L17 -> 122 | J14: 14.95 | K14: 102 | L14: 167
A15: Istanbul at the Bosphorus | B15: 14 | C15: 1 | D15: 2022 | E15: ='Electricity '!I17+'Electricity '!O17 -> 23473.8 | F15: 2.06 | G15: ='Gas Water'!M18 -> 3946 | H15: 6.17 | I15: ='Gas Water'!L18 -> 144 | J15: 14.95 | K15: 111 | L15: 186
A16: Istanbul at the Bosphorus | B16: 15 | C16: 1 | D16: 2022 | E16: ='Electricity '!I18+'Electricity '!O18 -> 23560.74 | F16: 2.06 | G16: ='Gas Water'!M19 -> 3639 | H16: 6.17 | I16: ='Gas Water'!L19 -> 161 | J16: 14.95 | K16: 100 | L16: 178
A17: Istanbul at the Bosphorus | B17: 16 | C17: 1 | D17: 2022 | E17: ='Electricity '!I19+'Electricity '!O19 -> 23378.58 | F17: 2.06 | G17: ='Gas Water'!M20 -> 3669 | H17: 6.17 | I17: ='Gas Water'!L20 -> 139 | J17: 14.95 | K17: 67 | L17: 116
A18: Istanbul at the Bosphorus | B18: 17 | C18: 1 | D18: 2022 | E18: 24653 | F18: 2.06 | G18: 3409 | H18: 6.17 | I18: 168 | J18: 14.95 | K18: 46 | L18: 84
A19: Istanbul at the Bosphorus | B19: 18 | C19: 1 | D19: 2022 | E19: 23080 | F19: 2.06 | G19: 3817 | H19: 6.17 | I19: 121 | J19: 14.95 | K19: 57 | L19: 89
A20: Istanbul at the Bosphorus | B20: 19 | C20: 1 | D20: 2022 | E20: 23101 | F20: 2.06 | G20: 4098 | H20: 6.17 | I20: 128 | J20: 14.95 | K20: 67 | L20: 109
A21: Istanbul at the Bosphorus | B21: 20 | C21: 1 | D21: 2022 | E21: 23378 | F21: 2.06 | G21: 3568 | H21: 6.17 | I21: 147 | J21: 14.95 | K21: 91 | L21: 143
A22: Istanbul at the Bosphorus | B22: 21 | C22: 1 | D22: 2022 | E22: 22612 | F22: 2.06 | G22: 2117 | H22: 6.17 | I22: 117 | J22: 14.95 | K22: 87 | L22: 140
A23: Istanbul at the Bosphorus | B23: 22 | C23: 1 | D23: 2022 | E23: 24827 | F23: 2.06 | G23: 1731 | H23: 6.17 | I23: 140 | J23: 14.95 | K23: 104 | L23: 170
A24: Istanbul at the Bosphorus | B24: 23 | C24: 1 | D24: 2022 | E24: ='Electricity '!I26+'Electricity '!O26 -> 22132.44 | F24: 2.06 | G24: ='Gas Water'!M27 -> 4282 | H24: 6.17 | I24: ='Gas Water'!L27 -> 140 | J24: 14.95 | K24: 82 | L24: 118
A25: Istanbul at the Bosphorus | B25: 24 | C25: 1 | D25: 2022 | E25: ='Electricity '!I27+'Electricity '!O27 -> 21047.76 | F25: 2.06 | G25: ='Gas Water'!M28 -> 4328 | H25: 6.17 | I25: ='Gas Water'!L28 -> 110 | J25: 14.95 | K25: 94 | L25: 145
A26: Istanbul at the Bosphorus | B26: 25 | C26: 1 | D26: 2022 | E26: ='Electricity '!I28+'Electricity '!O28 -> 21457.62 | F26: 2.06 | G26: ='Gas Water'!M29 -> 4490 | H26: 6.17 | I26: ='Gas Water'!L29 -> 114 | J26: 14.95 | K26: 70 | L26: 104
A27: Istanbul at the Bosphorus | B27: 26 | C27: 1 | D27: 2022 | E27: ='Electricity '!I29+'Electricity '!O29 -> 22095.18 | F27: 2.06 | G27: ='Gas Water'!M30 -> 4233 | H27: 6.17 | I27: ='Gas Water'!L30 -> 140 | J27: 14.95 | K27: 67 | L27: 101
A28: Istanbul at the Bosphorus | B28: 27 | C28: 1 | D28: 2022 | E28: ='Electricity '!I30+'Electricity '!O30 -> 21913.02 | F28: 2.06 | G28: ='Gas Water'!M31 -> 3868 | H28: 6.17 | I28: ='Gas Water'!L31 -> 127 | J28: 14.95 | K28: 128 | L28: 145
A29: Istanbul at the Bosphorus | B29: 28 | C29: 1 | D29: 2022 | E29: ='Electricity '!I31+'Electricity '!O31 -> 21921.3 | F29: 2.06 | G29: ='Gas Water'!M32 -> 3653 | H29: 6.17 | I29: ='Gas Water'!L32 -> 173 | J29: 14.95 | K29: 88 | L29: 118
A30: Istanbul at the Bosphorus | B30: 29 | C30: 1 | D30: 2022 | E30: ='Electricity '!I32+'Electricity '!O32 -> 20521.98 | F30: 2.06 | G30: ='Gas Water'!M33 -> 3567 | H30: 6.17 | I30: ='Gas Water'!L33 -> 126 | J30: 14.95 | K30: 107 | L30: 111
A31: Istanbul at the Bosphorus | B31: 30 | C31: 1 | D31: 2022 | E31: ='Electricity '!I33+'Electricity '!O33 -> 22351.86 | F31: 2.06 | G31: ='Gas Water'!M34 -> 3523 | H31: 6.17 | I31: ='Gas Water'!L34 -> 127 | J31: 14.95 | K31: 110 | L31: 125
A32: Istanbul at the Bosphorus | B32: 31 | C32: 1 | D32: 2022 | E32: ='Electricity '!I34+'Electricity '!O34 -> 22070.34 | F32: 2.06 | G32: ='Gas Water'!M35 -> 3359 | H32: 6.17 | I32: ='Gas Water'!L35 -> 124 | J32: 14.95 | K32: 83 | L32: 105
A33: Istanbul at the Bosphorus | B33: 1 | C33: 2 | D33: 2022 | E33: ='Electricity '!I35+'Electricity '!O35 -> 22620.96 | F33: 1.7 | G33: ='Gas Water'!M36 -> 3285 | H33: 8.2 | I33: ='Gas Water'!L36 -> 148 | J33: 14.95 | K33: 60 | L33: 83
A34: Istanbul at the Bosphorus | B34: 2 | C34: 2 | D34: 2022 | E34: ='Electricity '!I36+'Electricity '!O36 -> 24016.14 | F34: 1.7 | G34: ='Gas Water'!M37 -> 3411 | H34: 8.2 | I34: ='Gas Water'!L37 -> 109 | J34: 14.95 | K34: 69 | L34: 93
A35: Istanbul at the Bosphorus | B35: 3 | C35: 2 | D35: 2022 | E35: ='Electricity '!I37+'Electricity '!O37 -> 22542.3 | F35: 1.7 | G35: ='Gas Water'!M38 -> 3911 | H35: 8.2 | I35: ='Gas Water'!L38 -> 151 | J35: 14.95 | K35: 71 | L35: 96
... A175: Istanbul at the Bosphorus | B175: 23 | C175: 6 | D175: 2022 | E175: ='Electricity '!I177+'Electricity '!O177 -> 34991.28 | F175: 2.7 | G175: ='Gas Water'!M178 -> 1890 | H175: 13.68 | I175: ='Gas Water'!L178 -> 324 | J175: 22.4 | K175: 144 | L175: 286
A176: Istanbul at the Bosphorus | B176: 24 | C176: 6 | D176: 2022 | E176: 31480 | F176: 2.7 | G176: ='Gas Water'!M179 -> 1760 | H176: 13.68 | I176: ='Gas Water'!L179 -> 286 | J176: 22.4 | K176: 154 | L176: 290
A177: Istanbul at the Bosphorus | B177: 25 | C177: 6 | D177: 2022 | E177: 33020 | F177: 2.7 | G177: ='Gas Water'!M180 -> 1951 | H177: 13.68 | I177: ='Gas Water'!L180 -> 281 | J177: 22.4 | K177: 142 | L177: 255
A178: Istanbul at the Bosphorus | B178: 26 | C178: 6 | D178: 2022 | E178: 30329 | F178: 2.7 | G178: ='Gas Water'!M181 -> 1802 | H178: 13.68 | I178: ='Gas Water'!L181 -> 311 | J178: 22.4 | K178: 133 | L178: 242
A179: Istanbul at the Bosphorus | B179: 27 | C179: 6 | D179: 2022 | E179: 33910 | F179: 2.7 | G179: ='Gas Water'!M182 -> 1826 | H179: 13.68 | I179: ='Gas Water'!L182 -> 324 | J179: 22.4 | K179: 141 | L179: 271
A180: Istanbul at the Bosphorus | B180: 28 | C180: 6 | D180: 2022 | E180: ='Electricity '!I182+'Electricity '!O182 -> 36594.02 | F180: 2.7 | G180: ='Gas Water'!M183 -> 1987 | H180: 13.68 | I180: ='Gas Water'!L183 -> 268 | J180: 22.4 | K180: 140 | L180: 275
A181: Istanbul at the Bosphorus | B181: 29 | C181: 6 | D181: 2022 | E181: ='Electricity '!I183+'Electricity '!O183 -> 35305.92 | F181: 2.7 | G181: ='Gas Water'!M184 -> 1921 | H181: 13.68 | I181: ='Gas Water'!L184 -> 292 | J181: 22.4 | K181: 142 | L181: 294
A182: Istanbul at the Bosphorus | B182: 30 | C182: 6 | D182: 2022 | E182: ='Electricity '!I184+'Electricity '!O184 -> 35185.86 | F182: 2.7 | G182: ='Gas Water'!M185 -> 1749 | H182: 13.68 | I182: ='Gas Water'!L185 -> 281 | J182: 22.4 | K182: 130 | L182: 264
A183: Istanbul at the Bosphorus | B183: 1 | C183: 7 | D183: 2022 | E183: ='Electricity '!I185+'Electricity '!O185 -> 39176.82 | F183: 2.7 | G183: ='Gas Water'!M186 -> 1735 | H183: 13.68 | I183: ='Gas Water'!L186 -> 308 | J183: 22.4 | K183: 133 | L183: 261
A184: Istanbul at the Bosphorus | B184: 2 | C184: 7 | D184: 2022 | E184: ='Electricity '!I186+'Electricity '!O186 -> 38323.98 | F184: 2.7 | G184: ='Gas Water'!M187 -> 1765 | H184: 13.68 | I184: ='Gas Water'!L187 -> 301 | J184: 22.4 | K184: 157 | L184: 295
A185: Istanbul at the Bosphorus | B185: 3 | C185: 7 | D185: 2022 | E185: ='Electricity '!I187+'Electricity '!O187 -> 35185.86 | F185: 2.7 | G185: ='Gas Water'!M188 -> 1955 | H185: 13.68 | I185: ='Gas Water'!L188 -> 323 | J185: 22.4 | K185: 149 | L185: 296
A186: Istanbul at the Bosphorus | B186: 4 | C186: 7 | D186: 2022 | E186: ='Electricity '!I188+'Electricity '!O188 -> 35384.58 | F186: 2.7 | G186: ='Gas Water'!M189 -> 1731 | H186: 13.68 | I186: ='Gas Water'!L189 -> 273 | J186: 22.4 | K186: 157 | L186: 290
A187: Istanbul at the Bosphorus | B187: 5 | C187: 7 | D187: 2022 | E187: ='Electricity '!I189+'Electricity '!O189 -> 38009.34 | F187: 2.7 | G187: ='Gas Water'!M190 -> 1863 | H187: 13.68 | I187: ='Gas Water'!L190 -> 374 | J187: 22.4 | K187: 145 | L187: 255
A188: Istanbul at the Bosphorus | B188: 6 | C188: 7 | D188: 2022 | E188: ='Electricity '!I190+'Electricity '!O190 -> 37479.42 | F188: 2.7 | G188: ='Gas Water'!M191 -> 1805 | H188: 13.68 | I188: ='Gas Water'!L191 -> 415 | J188: 22.4 | K188: 136 | L188: 263
A189: Istanbul at the Bosphorus | B189: 7 | C189: 7 | D189: 2022 | E189: ='Electricity '!I191+'Electricity '!O191 -> 40360.86 | F189: 2.7 | G189: ='Gas Water'!M192 -> 1713 | H189: 13.68 | I189: ='Gas Water'!L192 -> 284 | J189: 22.4 | K189: 166 | L189: 307
A190: Istanbul at the Bosphorus | B190: 8 | C190: 7 | D190: 2022 | E190: ='Electricity '!I192+'Electricity '!O192 -> 33923.16 | F190: 2.7 | G190: ='Gas Water'!M193 -> 1713 | H190: 13.68 | I190: ='Gas Water'!L193 -> 301 | J190: 22.4 | K190: 162 | L190: 278
A191: Istanbul at the Bosphorus | B191: 9 | C191: 7 | D191: 2022 | E191: ='Electricity '!I193+'Electricity '!O193 -> 35811 | F191: 2.7 | G191: ='Gas Water'!M194 -> 1701 | H191: 13.68 | I191: ='Gas Water'!L194 -> 309 | J191: 22.4 | K191: 149 | L191: 255
... A211: Istanbul at the Bosphorus | B211: 29 | C211: 7 | D211: 2022 | E211: ='Electricity '!I213+'Electricity '!O213 -> 39847.5 | F211: 2.7 | G211: ='Gas Water'!M214 -> 1459 | H211: 13.68 | I211: ='Gas Water'!L214 -> 371 | J211: 22.4 | K211: 137 | L211: 271
A212: Istanbul at the Bosphorus | B212: 30 | C212: 7 | D212: 2022 | E212: ='Electricity '!I214+'Electricity '!O214 -> #VALUE! | G212: ='Gas Water'!M215 | I212: ='Gas Water'!L215
A213: Istanbul at the Bosphorus | B213: 31 | C213: 7 | D213: 2022 | E213: ='Electricity '!I215+'Electricity '!O215 -> #VALUE! | G213: ='Gas Water'!M216 | I213: ='Gas Water'!L216
A214: Istanbul at the Bosphorus | B214: 1 | C214: 8 | D214: 2022 | E214: ='Electricity '!I216+'Electricity '!O216 -> #VALUE! | G214: ='Gas Water'!M217 | I214: ='Gas Water'!L217
A215: Istanbul at the Bosphorus | B215: 2 | C215: 8 | D215: 2022 | E215: ='Electricity '!I217+'Electricity '!O217 -> #VALUE! | G215: ='Gas Water'!M218 | I215: ='Gas Water'!L218
A216: Istanbul at the Bosphorus | B216: 3 | C216: 8 | D216: 2022 | E216: ='Electricity '!I218+'Electricity '!O218 -> #VALUE! | G216: ='Gas Water'!M219 | I216: ='Gas Water'!L219
A217: Istanbul at the Bosphorus | B217: 4 | C217: 8 | D217: 2022 | E217: ='Electricity '!I219+'Electricity '!O219 -> #VALUE! | G217: ='Gas Water'!M220 | I217: ='Gas Water'!L220
A218: Istanbul at the Bosphorus | B218: 5 | C218: 8 | D218: 2022 | E218: ='Electricity '!I220+'Electricity '!O220 -> #VALUE! | G218: ='Gas Water'!M221 | I218: ='Gas Water'!L221
A219: Istanbul at the Bosphorus | B219: 6 | C219: 8 | D219: 2022 | E219: ='Electricity '!I221+'Electricity '!O221 -> #VALUE! | G219: ='Gas Water'!M222 | I219: ='Gas Water'!L222
A220: Istanbul at the Bosphorus | B220: 7 | C220: 8 | D220: 2022 | E220: ='Electricity '!I222+'Electricity '!O222 -> #VALUE! | G220: ='Gas Water'!M223 | I220: ='Gas Water'!L223
A221: Istanbul at the Bosphorus | B221: 8 | C221: 8 | D221: 2022 | E221: ='Electricity '!I223+'Electricity '!O223 -> #VALUE! | G221: ='Gas Water'!M224 | I221: ='Gas Water'!L224
A222: Istanbul at the Bosphorus | B222: 9 | C222: 8 | D222: 2022 | E222: ='Electricity '!I224+'Electricity '!O224 -> #VALUE! | G222: ='Gas Water'!M225 | I222: ='Gas Water'!L225
A223: Istanbul at the Bosphorus | B223: 10 | C223: 8 | D223: 2022 | E223: ='Electricity '!I225+'Electricity '!O225 -> #VALUE! | G223: ='Gas Water'!M226 | I223: ='Gas Water'!L226
... A366: Istanbul at the Bosphorus | B366: 31 | C366: 12 | D366: 2022 | E366: ='Electricity '!I368+'Electricity '!O368 -> #VALUE! | G366: ='Gas Water'!M369 -> 0 | I366: ='Gas Water'!L369 -> 0

Sheet Electricity 
A1: Date | B1: TR1 (bilgisayarda) | C1: TR2 (bilgisayardan) | D1: Meter Reading(Active)KWh | E1: Reactive Reading KWh | F1: Capacitive Reading KWh | G1: Şebekeye | H1: Meter Multipier | I1: Şebekeden (kWh) | J1: Endüktif (kVAr) | K1: Reaktif Endüktif Oranı | L1: Kapasitif (kVAr) | M1: Reaktif Kapasitif Oranı | N1: Kojen Değeri | O1: Kojen (kWh)
A2: 43465 | D2: 4926.457 | E2: 220.02 | F2: 169.75 | N2: 66068309
A3: 44561 | D3: 0.142 | E3: 1877.924 | F3: 61.573 | H3: 4140 | I3: 24293 | J3: 260.82 | K3: =IF(J3="","",+(J3/I3)) -> 0.010736426 | L3: 260.82 | M3: =IF(L3="","",(L3/I3)) -> 0.010736426 | N3: 66068309 | O3: 0 | P3: =IF(N3="",0,1) -> 1 | Q3: =IF(N3="",1,0) -> 0
A4: 44562 | D4: 0.142 | E4: 1883.77 | F4: 61.636 | G4: 183.709 | H4: 4140 | I4: =IF(D4="","",+(E4-E3)*4140) -> 24202.44 | J4: =IF(E4="","",+(F4-F3)*4140) -> 260.82 | K4: =IF(J4="","",+(J4/I4)) -> 0.010776599 | L4: =IF(F4="","",+(F4-F3)*4140) -> 260.82 | M4: =IF(L4="","",(L4/I4)) -> 0.010776599 | N4: 66068309 | O4: 0 | P4: =IF(N4="",0,1) -> 1 | Q4: =IF(N4="",1,0) -> 0
A5: 44563 | D5: 0.142 | E5: 1889.625 | F5: 61.733 | G5: 183.741 | H5: 4140 | I5: =IF(D5="","",+(E5-E4)*4140) -> 24239.7 | J5: =IF(E5="","",+(F5-F4)*4140) -> 401.58 | K5: =IF(J5="","",+(J5/I5)) -> 0.016567037 | L5: =IF(F5="","",+(F5-F4)*4140) -> 401.58 | M5: =IF(L5="","",(L5/I5)) -> 0.016567037 | N5: 66068309 | O5: 0 | P5: =IF(N5="",0,1) -> 1 | Q5: =IF(N5="",1,0) -> 0
A6: 44564 | D6: 0.142 | E6: 1894.934 | F6: 61.826 | G6: 183.781 | H6: 4140 | I6: =IF(D6="","",+(E6-E5)*4140) -> 21979.26 | J6: =IF(E6="","",+(F6-F5)*4140) -> 385.02 | K6: =IF(J6="","",+(J6/I6)) -> 0.017517423 | L6: =IF(F6="","",+(F6-F5)*4140) -> 385.02 | M6: =IF(L6="","",(L6/I6)) -> 0.017517423 | N6: 66068309 | O6: 0 | P6: =IF(N6="",0,1) -> 1 | Q6: =IF(N6="",1,0) -> 0
A7: 44565 | D7: 0.142 | E7: 1900.111 | F7: 61.918 | G7: 183.809 | H7: 4140 | I7: =IF(D7="","",+(E7-E6)*4140) -> 21432.78 | J7: =IF(E7="","",+(F7-F6)*4140) -> 380.88 | K7: =IF(J7="","",+(J7/I7)) -> 0.01777091 | L7: =IF(F7="","",+(F7-F6)*4140) -> 380.88 | M7: =IF(L7="","",(L7/I7)) -> 0.01777091 | N7: 66068309 | O7: 0 | P7: =IF(N7="",0,1) -> 1 | Q7: =IF(N7="",1,0) -> 0
A8: 44566 | D8: 0.142 | E8: 1905.603 | F8: 61.968 | G8: 183.832 | H8: 4140 | I8: =IF(D8="","",+(E8-E7)*4140) -> 22736.88 | J8: =IF(E8="","",+(F8-F7)*4140) -> 207 | K8: =IF(J8="","",+(J8/I8)) -> 0.0091041515 | L8: =IF(F8="","",+(F8-F7)*4140) -> 207 | M8: =IF(L8="","",(L8/I8)) -> 0.0091041515 | N8: 66068309 | O8: 0 | R8: =IF(N8="",0,1) -> 1 | S8: =IF(N8="",1,0) -> 0
A9: 44567 | D9: 0.142 | E9: 1911.193 | F9: 62.044 | G9: 183.872 | H9: 4140 | I9: =IF(D9="","",+(E9-E8)*4140) -> 23142.6 | J9: =IF(E9="","",+(F9-F8)*4140) -> 314.64 | K9: =IF(J9="","",+(J9/I9)) -> 0.013595707 | L9: =IF(F9="","",+(F9-F8)*4140) -> 314.64 | M9: =IF(L9="","",(L9/I9)) -> 0.013595707 | N9: 66068309 | O9: 0 | R9: =IF(N9="",0,1) -> 1 | S9: =IF(N9="",1,0) -> 0
A10: 44568 | D10: 0.142 | E10: 1916.916 | F10: 62.166 | G10: 183.909 | H10: 4140 | I10: =IF(D10="","",+(E10-E9)*4140) -> 23693.22 | J10: =IF(E10="","",+(F10-F9)*4140) -> 505.08 | K10: =IF(J10="","",+(J10/I10)) -> 0.021317491 | L10: =IF(F10="","",+(F10-F9)*4140) -> 505.08 | M10: =IF(L10="","",(L10/I10)) -> 0.021317491 | N10: 66068309 | O10: 0 | R10: =IF(N10="",0,1) -> 1 | S10: =IF(N10="",1,0) -> 0
A11: 44569 | D11: 0.142 | E11: 1922.64 | F11: 62.226 | G11: 183.944 | H11: 4140 | I11: =IF(D11="","",+(E11-E10)*4140) -> 23697.36 | J11: =IF(E11="","",+(F11-F10)*4140) -> 248.4 | K11: =IF(J11="","",+(J11/I11)) -> 0.01048218 | L11: =IF(F11="","",+(F11-F10)*4140) -> 248.4 | M11: =IF(L11="","",(L11/I11)) -> 0.01048218 | N11: 66068309 | O11: 0 | R11: =IF(N11="",0,1) -> 1 | S11: =IF(N11="",1,0) -> 0
A12: 44570 | D12: 0.142 | E12: 1928.38 | F12: 62.285 | G12: 183.986 | H12: 4140 | I12: =IF(D12="","",+(E12-E11)*4140) -> 23763.6 | J12: =IF(E12="","",+(F12-F11)*4140) -> 244.26 | K12: =IF(J12="","",+(J12/I12)) -> 0.010278746 | L12: =IF(F12="","",+(F12-F11)*4140) -> 244.26 | M12: =IF(L12="","",(L12/I12)) -> 0.010278746 | N12: 66068309 | O12: 0 | R12: =IF(N12="",0,1) -> 1 | S12: =IF(N12="",1,0) -> 0
A13: 44571 | D13: 0.142 | E13: 1934.18 | F13: 62.383 | G13: 184.028 | H13: 4140 | I13: =IF(D13="","",+(E13-E12)*4140) -> 24012 | J13: =IF(E13="","",+(F13-F12)*4140) -> 405.72 | K13: =IF(J13="","",+(J13/I13)) -> 0.016896552 | L13: =IF(F13="","",+(F13-F12)*4140) -> 405.72 | M13: =IF(L13="","",(L13/I13)) -> 0.016896552 | N13: 66068309 | O13: 0 | R13: =IF(N13="",0,1) -> 1 | S13: =IF(N13="",1,0) -> 0
A14: 44572 | D14: 0.142 | E14: 1939.993 | F14: 62.448 | G14: 184.073 | H14: 4140 | I14: =IF(D14="","",+(E14-E13)*4140) -> 24065.82 | J14: =IF(E14="","",+(F14-F13)*4140) -> 269.1 | K14: =IF(J14="","",+(J14/I14)) -> 0.011181834 | L14: =IF(F14="","",+(F14-F13)*4140) -> 269.1 | M14: =IF(L14="","",(L14/I14)) -> 0.011181834 | N14: 66068309 | O14: 0 | R14: =IF(N14="",0,1) -> 1 | S14: =IF(N14="",1,0) -> 0
A15: 44573 | D15: 0.142 | E15: 1945.788 | F15: 62.552 | G15: 184.107 | H15: 4140 | I15: =IF(D15="","",+(E15-E14)*4140) -> 23991.3 | J15: =IF(E15="","",+(F15-F14)*4140) -> 430.56 | K15: =IF(J15="","",+(J15/I15)) -> 0.017946506 | L15: =IF(F15="","",+(F15-F14)*4140) -> 430.56 | M15: =IF(L15="","",(L15/I15)) -> 0.017946506 | N15: 66068309 | O15: 0 | R15: =IF(N15="",0,1) -> 1 | S15: =IF(N15="",1,0) -> 0
A16: 44574 | D16: 0.142 | E16: 1951.387 | F16: 62.622 | G16: 184.131 | H16: 4140 | I16: =IF(D16="","",+(E16-E15)*4140) -> 23179.86 | J16: =IF(E16="","",+(F16-F15)*4140) -> 289.8 | K16: =IF(J16="","",+(J16/I16)) -> 0.012502233 | L16: =IF(F16="","",+(F16-F15)*4140) -> 289.8 | M16: =IF(L16="","",(L16/I16)) -> 0.012502233 | N16: 66068309 | O16: 0 | R16: =IF(N16="",0,1) -> 1 | S16: =IF(N16="",1,0) -> 0
A17: 44575 | D17: 0.142 | E17: 1957.057 | F17: 62.703 | G17: 184.166 | H17: 4140 | I17: =IF(D17="","",+(E17-E16)*4140) -> 23473.8 | J17: =IF(E17="","",+(F17-F16)*4140) -> 335.34 | K17: =IF(J17="","",+(J17/I17)) -> 0.014285714 | L17: =IF(F17="","",+(F17-F16)*4140) -> 335.34 | M17: =IF(L17="","",(L17/I17)) -> 0.014285714 | N17: 66068309 | O17: 0 | R17: =IF(N17="",0,1) -> 1 | S17: =IF(N17="",1,0) -> 0
A18: 44576 | D18: 0.142 | E18: 1962.748 | F18: 62.829 | G18: 184.206 | H18: 4140 | I18: =IF(D18="","",+(E18-E17)*4140) -> 23560.74 | J18: =IF(E18="","",+(F18-F17)*4140) -> 521.64 | K18: =IF(J18="","",+(J18/I18)) -> 0.022140221 | L18: =IF(F18="","",+(F18-F17)*4140) -> 521.64 | M18: =IF(L18="","",(L18/I18)) -> 0.022140221 | N18: 66068309 | O18: 0 | R18: =IF(N18="",0,1) -> 1 | S18: =IF(N18="",1,0) -> 0
A19: 44577 | D19: 0.142 | E19: 1968.395 | F19: 62.919 | G19: 184.245 | H19: 4140 | I19: =IF(D19="","",+(E19-E18)*4140) -> 23378.58 | J19: =IF(E19="","",+(F19-F18)*4140) -> 372.6 | K19: =IF(J19="","",+(J19/I19)) -> 0.015937666 | L19: =IF(F19="","",+(F19-F18)*4140) -> 372.6 | M19: =IF(L19="","",(L19/I19)) -> 0.015937666 | N19: 66068309 | O19: 0 | R19: =IF(N19="",0,1) -> 1 | S19: =IF(N19="",1,0) -> 0
A20: 44578 | D20: 0.142 | E20: 1974.35 | F20: 63.036 | G20: 184.282 | H20: 4140 | I20: =IF(D20="","",+(E20-E19)*4140) -> 24653.7 | J20: =IF(E20="","",+(F20-F19)*4140) -> 484.38 | K20: =IF(J20="","",+(J20/I20)) -> 0.019647355 | L20: =IF(F20="","",+(F20-F19)*4140) -> 484.38 | M20: =IF(L20="","",(L20/I20)) -> 0.019647355 | N20: 66068309 | O20: 0 | R20: =IF(N20="",0,1) -> 1 | S20: =IF(N20="",1,0) -> 0
A21: 44579 | D21: 0.142 | E21: 1979.925 | F21: 63.126 | G21: 184.312 | H21: 4140 | I21: =IF(D21="","",+(E21-E20)*4140) -> 23080.5 | J21: =IF(E21="","",+(F21-F20)*4140) -> 372.6 | K21: =IF(J21="","",+(J21/I21)) -> 0.016143498 | L21: =IF(F21="","",+(F21-F20)*4140) -> 372.6 | M21: =IF(L21="","",(L21/I21)) -> 0.016143498 | N21: 66068309 | O21: 0 | P21: Ocak / Jan | R21: =IF(N21="",0,1) -> 1 | S21: =IF(N21="",1,0) -> 0
A22: 44580 | D22: 0.142 | E22: 1985.505 | F22: 63.203 | G22: 184.348 | H22: 4140 | I22: =IF(D22="","",+(E22-E21)*4140) -> 23101.2 | J22: =IF(E22="","",+(F22-F21)*4140) -> 318.78 | K22: =IF(J22="","",+(J22/I22)) -> 0.013799283 | L22: =IF(F22="","",+(F22-F21)*4140) -> 318.78 | M22: =IF(L22="","",(L22/I22)) -> 0.013799283 | N22: 66068309 | O22: 0 | R22: =IF(N22="",0,1) -> 1 | S22: =IF(N22="",1,0) -> 0
A23: 44581 | D23: 0.142 | E23: 1991.152 | F23: 63.287 | G23: 184.39 | H23: 4140 | I23: =IF(D23="","",+(E23-E22)*4140) -> 23378.58 | J23: =IF(E23="","",+(F23-F22)*4140) -> 347.76 | K23: =IF(J23="","",+(J23/I23)) -> 0.014875155 | L23: =IF(F23="","",+(F23-F22)*4140) -> 347.76 | M23: =IF(L23="","",(L23/I23)) -> 0.014875155 | N23: 66068309 | O23: 0 | P23: End. | Q23: Kap. | R23: =IF(N23="",0,1) -> 1 | S23: =IF(N23="",1,0) -> 0
A24: 44582 | D24: 0.142 | E24: 1996.614 | F24: 63.38 | G24: 184.438 | H24: 4140 | I24: =IF(D24="","",+(E24-E23)*4140) -> 22612.68 | J24: =IF(E24="","",+(F24-F23)*4140) -> 385.02 | K24: =IF(J24="","",+(J24/I24)) -> 0.01702673 | L24: =IF(F24="","",+(F24-F23)*4140) -> 385.02 | M24: =IF(L24="","",(L24/I24)) -> 0.01702673 | N24: 66068309 | O24: 0 | P24: =IF(J3="",0,+SUM(J3:J33)/SUM(I3:I33)) -> 0.01552924 | Q24: =IF(L3="",0,+SUM(L3:L33)/SUM(I3:I33)) -> 0.01552924 | R24: =IF(N24="",0,1) -> 1 | S24: =IF(N24="",1,0) -> 0
A25: 44583 | D25: 0.142 | E25: 2002.611 | F25: 63.488 | G25: 184.483 | H25: 4140 | I25: =IF(D25="","",+(E25-E24)*4140) -> 24827.58 | J25: =IF(E25="","",+(F25-F24)*4140) -> 447.12 | K25: =IF(J25="","",+(J25/I25)) -> 0.018009005 | L25: =IF(F25="","",+(F25-F24)*4140) -> 447.12 | M25: =IF(L25="","",(L25/I25)) -> 0.018009005 | N25: 66068309 | O25: 0 | P25: =IF(J3="",0,+(+(LOOKUP(9.99999999999999E+307,E3:E33)-E2))/(+(LOOKUP(9.99999999999999E+307,D3:D33)-D2))) -> -0.37035492 | Q25: =IF(L3="",0,+(+(LOOKUP(9.99999999999999E+307,F3:F33)-F2))/(+(LOOKUP(9.99999999999999E+307,D3:D33)-D2))) -> 0.021428187 | R25: =IF(N25="",0,1) -> 1 | S25: =IF(N25="",1,0) -> 0
A26: 44584 | D26: 0.142 | E26: 2007.957 | F26: 63.579 | G26: 184.538 | H26: 4140 | I26: =IF(D26="","",+(E26-E25)*4140) -> 22132.44 | J26: =IF(E26="","",+(F26-F25)*4140) -> 376.74 | K26: =IF(J26="","",+(J26/I26)) -> 0.017022073 | L26: =IF(F26="","",+(F26-F25)*4140) -> 376.74 | M26: =IF(L26="","",(L26/I26)) -> 0.017022073 | N26: 66068309 | O26: 0 | P26: Cat Aylık | Q26: Cat Günlük | R26: =IF(N26="",0,1) -> 1 | S26: =IF(N26="",1,0) -> 0
A27: 44585 | D27: 0.142 | E27: 2013.041 | F27: 63.663 | G27: 184.571 | H27: 4140 | I27: =IF(D27="","",+(E27-E26)*4140) -> 21047.76 | J27: =IF(E27="","",+(F27-F26)*4140) -> 347.76 | K27: =IF(J27="","",+(J27/I27)) -> 0.016522423 | L27: =IF(F27="","",+(F27-F26)*4140) -> 347.76 | M27: =IF(L27="","",(L27/I27)) -> 0.016522423 | N27: 66068309 | O27: 0 | P27: =IF(N2="",0,+(LOOKUP(9.99999999999999E+307,N2:N33)-N2)) -> 0 | Q27: =IF(P27="",0,+P27/SUM(R3:R33)) -> 0 | R27: =IF(N27="",0,1) -> 1 | S27: =IF(N27="",1,0) -> 0
A28: 44586 | D28: 0.142 | E28: 2018.224 | F28: 63.71 | G28: 184.61 | H28: 4140 | I28: =IF(D28="","",+(E28-E27)*4140) -> 21457.62 | J28: =IF(E28="","",+(F28-F27)*4140) -> 194.58 | K28: =IF(J28="","",+(J28/I28)) -> 0.0090681073 | L28: =IF(F28="","",+(F28-F27)*4140) -> 194.58 | M28: =IF(L28="","",(L28/I28)) -> 0.0090681073 | N28: 66068309 | O28: 0 | P28: Bedaş Aylık | Q28: Bedaş Günlük | R28: =IF(N28="",0,1) -> 1 | S28: =IF(N28="",1,0) -> 0
A29: 44587 | D29: 0.142 | E29: 2023.561 | F29: 63.9 | G29: 184.662 | H29: 4140 | I29: =IF(D29="","",+(E29-E28)*4140) -> 22095.18 | J29: =IF(E29="","",+(F29-F28)*4140) -> 786.6 | K29: =IF(J29="","",+(J29/I29)) -> 0.035600525 | L29: =IF(F29="","",+(F29-F28)*4140) -> 786.6 | M29: =IF(L29="","",(L29/I29)) -> 0.035600525 | N29: 66068309 | O29: 0 | P29: =IF(D3="",0,+(LOOKUP(9.99999999999999E+307,D2:D33)-D2))*4140 -> -20394944 | Q29: =IF(P29="",0,+P29/SUM(R3:R33)) -> -784420.93 | R29: =IF(N29="",0,1) -> 1 | S29: =IF(N29="",1,0) -> 0
A30: 44588 | D30: 0.142 | E30: 2028.854 | F30: 63.908 | G30: 184.722 | H30: 4140 | I30: =IF(D30="","",+(E30-E29)*4140) -> 21913.02 | J30: =IF(E30="","",+(F30-F29)*4140) -> 33.12 | K30: =IF(J30="","",+(J30/I30)) -> 0.0015114302 | L30: =IF(F30="","",+(F30-F29)*4140) -> 33.12 | M30: =IF(L30="","",(L30/I30)) -> 0.0015114302 | N30: 66068309 | O30: 0 | P30: Tüketim TL | Q30: Cat Birim TL | R30: =IF(N30="",0,1) -> 1 | S30: =IF(N30="",1,0) -> 0
A31: 44589 | D31: 0.142 | E31: 2034.149 | F31: 63.984 | G31: 184.769 | H31: 4140 | I31: =IF(D31="","",+(E31-E30)*4140) -> 21921.3 | J31: =IF(E31="","",+(F31-F30)*4140) -> 314.64 | K31: =IF(J31="","",+(J31/I31)) -> 0.014353163 | L31: =IF(F31="","",+(F31-F30)*4140) -> 314.64 | M31: =IF(L31="","",(L31/I31)) -> 0.014353163 | N31: 66068309 | O31: 0 | P31: =P29*Q34 -> -11625118 | Q31: =IF(Q34="",0,(SUM('[1]Günlük Tüketim'!H4:H34)*1.62)/SUM(O3:O33)) -> #DIV/0! | R31: =IF(N31="",0,1) -> 1 | S31: =IF(N31="",1,0) -> 0
A32: 44590 | D32: 0.142 | E32: 2039.106 | F32: 64.063 | G32: 184.81 | H32: 4140 | I32: =IF(D32="","",+(E32-E31)*4140) -> 20521.98 | J32: =IF(E32="","",+(F32-F31)*4140) -> 327.06 | K32: =IF(J32="","",+(J32/I32)) -> 0.015937059 | L32: =IF(F32="","",+(F32-F31)*4140) -> 327.06 | M32: =IF(L32="","",(L32/I32)) -> 0.015937059 | N32: 66068309 | O32: 0 | P32: Top. Tüketim TL | Q32: Top. Bedaş kWh | R32: =IF(N32="",0,1) -> 1 | S32: =IF(N32="",1,0) -> 0
A33: 44591 | D33: 0.142 | E33: 2044.505 | F33: 64.188 | G33: 184.857 | H33: 4140 | I33: =IF(D33="","",+(E33-E32)*4140) -> 22351.86 | J33: =IF(E33="","",+(F33-F32)*4140) -> 517.5 | K33: =IF(J33="","",+(J33/I33)) -> 0.023152436 | L33: =IF(F33="","",+(F33-F32)*4140) -> 517.5 | M33: =IF(L33="","",(L33/I33)) -> 0.023152436 | N33: 66068309 | O33: 0 | P33: =(P31+Q29*SUM(S3:S33)*Q34) -> -11625118 | Q33: =Q29*31 -> -24317049 | R33: =IF(N33="",0,1) -> 1 | S33: =IF(N33="",1,0) -> 0
A34: 44592 | D34: 0.142 | E34: 2049.836 | F34: 64.309 | G34: 184.89 | H34: 4140 | I34: =IF(D34="","",+(E34-E33)*4140) -> 22070.34 | J34: =IF(E34="","",+(F34-F33)*4140) -> 500.94 | K34: =IF(J34="","",+(J34/I34)) -> 0.02269743 | L34: =IF(F34="","",+(F34-F33)*4140) -> 500.94 | M34: =IF(L34="","",(L34/I34)) -> 0.02269743 | N34: 66068309 | O34: 0 | P34: Bedaş Birim | Q34: 0.57 | R34: =IF(N34="",0,1) -> 1 | S34: =IF(N34="",1,0) -> 0
A35: 44593 | D35: 0.142 | E35: 2055.3 | F35: 64.446 | G35: 184.919 | H35: 4140 | I35: =IF(D35="","",+(E35-E34)*4140) -> 22620.96 | J35: =IF(E35="","",+(F35-F34)*4140) -> 567.18 | K35: =IF(J35="","",+(J35/I35)) -> 0.025073206 | L35: =IF(F35="","",+(F35-F34)*4140) -> 567.18 | M35: =IF(L35="","",(L35/I35)) -> 0.025073206 | N35: 66068309 | O35: 0 | R35: =IF(N35="",0,1) -> 1 | S35: =IF(N35="",1,0) -> 0
A36: 44594 | D36: 0.142 | E36: 2061.101 | F36: 64.557 | G36: 184.967 | H36: 4140 | I36: =IF(D36="","",+(E36-E35)*4140) -> 24016.14 | J36: =IF(E36="","",+(F36-F35)*4140) -> 459.54 | K36: =IF(J36="","",+(J36/I36)) -> 0.019134632 | L36: =IF(F36="","",+(F36-F35)*4140) -> 459.54 | M36: =IF(L36="","",(L36/I36)) -> 0.019134632 | N36: 66068309 | O36: 0 | R36: =IF(N36="",0,1) -> 1 | S36: =IF(N36="",1,0) -> 0
A37: 44595 | D37: 0.142 | E37: 2066.546 | F37: 64.7 | G37: 185.077 | H37: 4140 | I37: =IF(D37="","",+(E37-E36)*4140) -> 22542.3 | J37: =IF(E37="","",+(F37-F36)*4140) -> 592.02 | K37: =IF(J37="","",+(J37/I37)) -> 0.026262626 | L37: =IF(F37="","",+(F37-F36)*4140) -> 592.02 | M37: =IF(L37="","",(L37/I37)) -> 0.026262626 | N37: 66068309 | O37: 0 | R37: =IF(N37="",0,1) -> 1 | S37: =IF(N37="",1,0) -> 0
A38: 44596 | D38: 0.142 | E38: 2071.964 | F38: 64.815 | G38: 185.119 | H38: 4140 | I38: =IF(D38="","",+(E38-E37)*4140) -> 22430.52 | J38: =IF(E38="","",+(F38-F37)*4140) -> 476.1 | K38: =IF(J38="","",+(J38/I38)) -> 0.021225544 | L38: =IF(F38="","",+(F38-F37)*4140) -> 476.1 | M38: =IF(L38="","",(L38/I38)) -> 0.021225544 | N38: 66068309 | O38: 0 | R38: =IF(N38="",0,1) -> 1 | S38: =IF(N38="",1,0) -> 0
A39: 44597 | D39: 0.142 | E39: 2077.457 | F39: 64.947 | G39: 185.148 | H39: 4140 | I39: =IF(D39="","",+(E39-E38)*4140) -> 22741.02 | J39: =IF(E39="","",+(F39-F38)*4140) -> 546.48 | K39: =IF(J39="","",+(J39/I39)) -> 0.024030584 | L39: =IF(F39="","",+(F39-F38)*4140) -> 546.48 | M39: =IF(L39="","",(L39/I39)) -> 0.024030584 | N39: 66068309 | O39: 0 | R39: =IF(N39="",0,1) -> 1 | S39: =IF(N39="",1,0) -> 0
A40: 44598 | D40: 0.142 | E40: 2082.827 | F40: 65.059 | G40: 185.192 | H40: 4140 | I40: =IF(D40="","",+(E40-E39)*4140) -> 22231.8 | J40: =IF(E40="","",+(F40-F39)*4140) -> 463.68 | K40: =IF(J40="","",+(J40/I40)) -> 0.020856611 | L40: =IF(F40="","",+(F40-F39)*4140) -> 463.68 | M40: =IF(L40="","",(L40/I40)) -> 0.020856611 | N40: 66068309 | O40: 0 | R40: =IF(N40="",0,1) -> 1 | S40: =IF(N40="",1,0) -> 0
A41: 44599 | D41: 0.142 | E41: 2088.316 | F41: 65.193 | G41: 185.263 | H41: 4140 | I41: =IF(D41="","",+(E41-E40)*4140) -> 22724.46 | J41: =IF(E41="","",+(F41-F40)*4140) -> 554.76 | K41: =IF(J41="","",+(J41/I41)) -> 0.024412461 | L41: =IF(F41="","",+(F41-F40)*4140) -> 554.76 | M41: =IF(L41="","",(L41/I41)) -> 0.024412461 | N41: 66068309 | O41: 0 | R41: =IF(N41="",0,1) -> 1 | S41: =IF(N41="",1,0) -> 0
A42: 44600 | D42: 0.142 | E42: 2093.831 | F42: 65.314 | G42: 185.318 | H42: 4140 | I42: =IF(D42="","",+(E42-E41)*4140) -> 22832.1 | J42: =IF(E42="","",+(F42-F41)*4140) -> 500.94 | K42: =IF(J42="","",+(J42/I42)) -> 0.021940163 | L42: =IF(F42="","",+(F42-F41)*4140) -> 500.94 | M42: =IF(L42="","",(L42/I42)) -> 0.021940163 | N42: 66068309 | O42: 0 | R42: =IF(N42="",0,1) -> 1 | S42: =IF(N42="",1,0) -> 0
A43: 44601 | D43: 0.142 | E43: 2099.457 | F43: 65.442 | G43: 185.463 | H43: 4140 | I43: =IF(D43="","",+(E43-E42)*4140) -> 23291.64 | J43: =IF(E43="","",+(F43-F42)*4140) -> 529.92 | K43: =IF(J43="","",+(J43/I43)) -> 0.022751511 | L43: =IF(F43="","",+(F43-F42)*4140) -> 529.92 | M43: =IF(L43="","",(L43/I43)) -> 0.022751511 | N43: 66068309 | O43: 0 | R43: =IF(N43="",0,1) -> 1 | S43: =IF(N43="",1,0) -> 0
A44: 44602 | D44: 0.142 | E44: 2104.985 | F44: 65.581 | G44: 185.536 | H44: 4140 | I44: =IF(D44="","",+(E44-E43)*4140) -> 22885.92 | J44: =IF(E44="","",+(F44-F43)*4140) -> 575.46 | K44: =IF(J44="","",+(J44/I44)) -> 0.025144718 | L44: =IF(F44="","",+(F44-F43)*4140) -> 575.46 | M44: =IF(L44="","",(L44/I44)) -> 0.025144718 | N44: 66068309 | O44: 0 | R44: =IF(N44="",0,1) -> 1 | S44: =IF(N44="",1,0) -> 0
A45: 44603 | D45: 0.142 | E45: 2110.608 | F45: 65.746 | G45: 185.636 | H45: 4140 | I45: =IF(D45="","",+(E45-E44)*4140) -> 23279.22 | J45: =IF(E45="","",+(F45-F44)*4140) -> 683.1 | K45: =IF(J45="","",+(J45/I45)) -> 0.029343767 | L45: =IF(F45="","",+(F45-F44)*4140) -> 683.1 | M45: =IF(L45="","",(L45/I45)) -> 0.029343767 | N45: 66068309 | O45: 0 | R45: =IF(N45="",0,1) -> 1 | S45: =IF(N45="",1,0) -> 0
A46: 44604 | D46: 0.142 | E46: 2116.09 | F46: 65.879 | G46: 185.687 | H46: 4140 | I46: =IF(D46="","",+(E46-E45)*4140) -> 22695.48 | J46: =IF(E46="","",+(F46-F45)*4140) -> 550.62 | K46: =IF(J46="","",+(J46/I46)) -> 0.024261219 | L46: =IF(F46="","",+(F46-F45)*4140) -> 550.62 | M46: =IF(L46="","",(L46/I46)) -> 0.024261219 | N46: 66068309 | O46: 0 | R46: =IF(N46="",0,1) -> 1 | S46: =IF(N46="",1,0) -> 0
... A48: 44606 | D48: 0.142 | E48: 2128.162 | F48: 66.134 | G48: 185.84 | H48: 4140 | I48: =IF(D48="","",+(E48-E47)*4140) -> 24699.24 | J48: =IF(E48="","",+(F48-F47)*4140) -> 621 | K48: =IF(J48="","",+(J48/I48)) -> 0.025142474 | L48: =IF(F48="","",+(F48-F47)*4140) -> 621 | M48: =IF(L48="","",(L48/I48)) -> 0.025142474 | N48: 66068309 | O48: 0 | R48: =IF(N48="",0,1) -> 1 | S48: =IF(N48="",1,0) -> 0
A49: 44607 | D49: 0.142 | E49: 2134.038 | F49: 66.262 | G49: 185.916 | H49: 4140 | I49: =IF(D49="","",+(E49-E48)*4140) -> 24326.64 | J49: =IF(E49="","",+(F49-F48)*4140) -> 529.92 | K49: =IF(J49="","",+(J49/I49)) -> 0.021783526 | L49: =IF(F49="","",+(F49-F48)*4140) -> 529.92 | M49: =IF(L49="","",(L49/I49)) -> 0.021783526 | N49: 66068309 | O49: 0 | P49: Şubat / Feb | R49: =IF(N49="",0,1) -> 1 | S49: =IF(N49="",1,0) -> 0
A50: 44608 | D50: 0.142 | E50: 2139.628 | F50: 66.363 | G50: 185.968 | H50: 4140 | I50: =IF(D50="","",+(E50-E49)*4140) -> 23142.6 | J50: =IF(E50="","",+(F50-F49)*4140) -> 418.14 | K50: =IF(J50="","",+(J50/I50)) -> 0.018067979 | L50: =IF(F50="","",+(F50-F49)*4140) -> 418.14 | M50: =IF(L50="","",(L50/I50)) -> 0.018067979 | N50: 66068309 | O50: 0 | R50: =IF(N50="",0,1) -> 1 | S50: =IF(N50="",1,0) -> 0
A51: 44609 | D51: 0.142 | E51: 2145.304 | F51: 66.446 | G51: 186.031 | H51: 4140 | I51: =IF(D51="","",+(E51-E50)*4140) -> 23498.64 | J51: =IF(E51="","",+(F51-F50)*4140) -> 343.62 | K51: =IF(J51="","",+(J51/I51)) -> 0.014622974 | L51: =IF(F51="","",+(F51-F50)*4140) -> 343.62 | M51: =IF(L51="","",(L51/I51)) -> 0.014622974 | N51: 66068309 | O51: 0 | P51: End. | Q51: Kap. | R51: =IF(N51="",0,1) -> 1 | S51: =IF(N51="",1,0) -> 0
A52: 44610 | D52: 0.142 | E52: 2151.048 | F52: 66.526 | G52: 186.157 | H52: 4140 | I52: =IF(D52="","",+(E52-E51)*4140) -> 23780.16 | J52: =IF(E52="","",+(F52-F51)*4140) -> 331.2 | K52: =IF(J52="","",+(J52/I52)) -> 0.013927577 | L52: =IF(F52="","",+(F52-F51)*4140) -> 331.2 | M52: =IF(L52="","",(L52/I52)) -> 0.013927577 | N52: 66068309 | O52: 0 | P52: =IF(J34="",0,+SUM(J34:J61)/SUM(I34:I61)) -> 0.020175112 | Q52: =IF(L34="",0,+SUM(L34:L61)/SUM(I34:I61)) -> 0.020175112 | R52: =IF(N52="",0,1) -> 1 | S52: =IF(N52="",1,0) -> 0
A53: 44611 | D53: 0.142 | E53: 2156.548 | F53: 66.663 | G53: 186.211 | H53: 4140 | I53: =IF(D53="","",+(E53-E52)*4140) -> 22770 | J53: =IF(E53="","",+(F53-F52)*4140) -> 567.18 | K53: =IF(J53="","",+(J53/I53)) -> 0.024909091 | L53: =IF(F53="","",+(F53-F52)*4140) -> 567.18 | M53: =IF(L53="","",(L53/I53)) -> 0.024909091 | N53: 66068309 | O53: 0 | P53: =IF(J34="",0,+(+(LOOKUP(9.99999999999999E+307,E34:E61)-E33))/(+(LOOKUP(9.99999999999999E+307,D34:D61)-D33))) -> #DIV/0! | Q53: =IF(L34="",0,+(+(LOOKUP(9.99999999999999E+307,F34:F61)-F33))/(+(LOOKUP(9.99999999999999E+307,D34:D61)-D33))) -> #DIV/0! | R53: =IF(N53="",0,1) -> 1 | S53: =IF(N53="",1,0) -> 0
A54: 44612 | D54: 0.142 | E54: 2162.087 | F54: 66.678 | G54: 186.25 | H54: 4140 | I54: =IF(D54="","",+(E54-E53)*4140) -> 22931.46 | J54: =IF(E54="","",+(F54-F53)*4140) -> 62.1 | K54: =IF(J54="","",+(J54/I54)) -> 0.00270807 | L54: =IF(F54="","",+(F54-F53)*4140) -> 62.1 | M54: =IF(L54="","",(L54/I54)) -> 0.00270807 | N54: 66068309 | O54: 0 | P54: Cat Aylık | Q54: Cat Günlük | R54: =IF(N54="",0,1) -> 1 | S54: =IF(N54="",1,0) -> 0
A55: 44613 | D55: 0.142 | E55: 2167.458 | F55: 66.736 | G55: 186.306 | H55: 4140 | I55: =IF(D55="","",+(E55-E54)*4140) -> 22235.94 | J55: =IF(E55="","",+(F55-F54)*4140) -> 240.12 | K55: =IF(J55="","",+(J55/I55)) -> 0.010798734 | L55: =IF(F55="","",+(F55-F54)*4140) -> 240.12 | M55: =IF(L55="","",(L55/I55)) -> 0.010798734 | N55: 66068309 | O55: 0 | P55: =IF(N33="",0,+(LOOKUP(9.99999999999999E+307,N33:N61)-N33)) -> 0 | Q55: =IF(P55="",0,+P55/SUM(R34:R61)) -> 0 | R55: =IF(N55="",0,1) -> 1 | S55: =IF(N55="",1,0) -> 0
A56: 44614 | D56: 0.142 | E56: 2173.124 | F56: 66.807 | G56: 186.366 | H56: 4140 | I56: =IF(D56="","",+(E56-E55)*4140) -> 23457.24 | J56: =IF(E56="","",+(F56-F55)*4140) -> 293.94 | K56: =IF(J56="","",+(J56/I56)) -> 0.012530886 | L56: =IF(F56="","",+(F56-F55)*4140) -> 293.94 | M56: =IF(L56="","",(L56/I56)) -> 0.012530886 | N56: 66068309 | O56: 0 | P56: Bedaş Aylık | Q56: Bedaş Gün | R56: =IF(N56="",0,1) -> 1 | S56: =IF(N56="",1,0) -> 0
A57: 44615 | D57: 0.142 | E57: 2178.846 | F57: 66.958 | G57: 186.435 | H57: 4140 | I57: =IF(D57="","",+(E57-E56)*4140) -> 23689.08 | J57: =IF(E57="","",+(F57-F56)*4140) -> 625.14 | K57: =IF(J57="","",+(J57/I57)) -> 0.026389374 | L57: =IF(F57="","",+(F57-F56)*4140) -> 625.14 | M57: =IF(L57="","",(L57/I57)) -> 0.026389374 | N57: 66068309 | O57: 0 | P57: =IF(D33="",0,+(LOOKUP(9.99999999999999E+307,D33:D62)-D33))*4140 -> 0 | Q57: =IF(P57="",0,+P57/SUM(R34:R62)) -> 0 | R57: =IF(N57="",0,1) -> 1 | S57: =IF(N57="",1,0) -> 0
A58: 44616 | D58: 0.142 | E58: 2184.965 | F58: 67.113 | G58: 186.5 | H58: 4140 | I58: =IF(D58="","",+(E58-E57)*4140) -> 25332.66 | J58: =IF(E58="","",+(F58-F57)*4140) -> 641.7 | K58: =IF(J58="","",+(J58/I58)) -> 0.025330936 | L58: =IF(F58="","",+(F58-F57)*4140) -> 641.7 | M58: =IF(L58="","",(L58/I58)) -> 0.025330936 | N58: 66068309 | O58: 0 | P58: Tüketim TL | Q58: Cat Birim | R58: =IF(N58="",0,1) -> 1 | S58: =IF(N58="",1,0) -> 0
A59: 44617 | D59: 0.142 | E59: 2189.007 | F59: 67.136 | G59: 186.563 | H59: 4140 | I59: =IF(D59="","",+(E59-E58)*4140) -> 16733.88 | J59: =IF(E59="","",+(F59-F58)*4140) -> 95.22 | K59: =IF(J59="","",+(J59/I59)) -> 0.0056902524 | L59: =IF(F59="","",+(F59-F58)*4140) -> 95.22 | M59: =IF(L59="","",(L59/I59)) -> 0.0056902524 | N59: 66068309 | O59: 0 | P59: =P57*Q63 -> 0 | Q59: =IF(Q34="",0,(SUM('[1]Günlük Tüketim'!H35:H62)*1.62)/SUM(O34:O61)) -> #DIV/0! | R59: =IF(N59="",0,1) -> 1 | S59: =IF(N59="",1,0) -> 0
A60: 44618 | D60: 0.142 | E60: 2194.454 | F60: 67.232 | G60: 186.622 | H60: 4140 | I60: =IF(D60="","",+(E60-E59)*4140) -> 22550.58 | J60: =IF(E60="","",+(F60-F59)*4140) -> 397.44 | K60: =IF(J60="","",+(J60/I60)) -> 0.01762438 | L60: =IF(F60="","",+(F60-F59)*4140) -> 397.44 | M60: =IF(L60="","",(L60/I60)) -> 0.01762438 | N60: 66068309 | O60: 0 | P60: Top. Tüketim TL | Q60: Top. Bedaş kWh | R60: =IF(N60="",0,1) -> 1 | S60: =IF(N60="",1,0) -> 0
A61: 44619 | D61: 0.142 | E61: 2200.291 | F61: 67.331 | G61: 186.693 | H61: 4140 | I61: =IF(D61="","",+(E61-E60)*4140) -> 24165.18 | J61: =IF(E61="","",+(F61-F60)*4140) -> 409.86 | K61: =IF(J61="","",+(J61/I61)) -> 0.016960768 | L61: =IF(F61="","",+(F61-F60)*4140) -> 409.86 | M61: =IF(L61="","",(L61/I61)) -> 0.016960768 | N61: 66068309 | O61: 0 | P61: =(P59+Q57*SUM(S34:S61)*Q63) -> 0 | Q61: =Q57*29 -> 0 | R61: =IF(N61="",0,1) -> 1 | S61: =IF(N61="",1,0) -> 0
A62: 44620 | D62: 0.142 | E62: 2206.342 | F62: 67.457 | G62: 186.775 | H62: 4140 | I62: =IF(D62="","",+(E62-E61)*4140) -> 25051.14 | J62: =IF(E62="","",+(F62-F61)*4140) -> 521.64 | K62: =IF(J62="","",+(J62/I62)) -> 0.020823004 | L62: =IF(F62="","",+(F62-F61)*4140) -> 521.64 | M62: =IF(L62="","",(L62/I62)) -> 0.020823004 | N62: 66068309 | O62: =IF(N62="","",N62-N61) -> 0 | R62: =IF(N62="",0,1) -> 1 | S62: =IF(N62="",1,0) -> 0
A63: 44621 | D63: 0.142 | E63: 2212.412 | F63: 67.59 | G63: 186.875 | H63: 4140 | I63: =IF(D63="","",+(E63-E62)*4140) -> 25129.8 | J63: =IF(E63="","",+(F63-F62)*4140) -> 550.62 | K63: =IF(J63="","",+(J63/I63)) -> 0.021911038 | L63: =IF(F63="","",+(F63-F62)*4140) -> 550.62 | M63: =IF(L63="","",(L63/I63)) -> 0.021911038 | N63: 66068309 | O63: =IF(N63="","",N63-N62) -> 0 | P63: Bedaş Birim | Q63: 0.57 | R63: =IF(N63="",0,1) -> 1 | S63: =IF(N63="",1,0) -> 0
A64: 44622 | D64: 0.142 | E64: 2218.167 | F64: 67.766 | G64: 187.013 | H64: 4140 | I64: =IF(D64="","",+(E64-E63)*4140) -> 23825.7 | J64: =IF(E64="","",+(F64-F63)*4140) -> 728.64 | K64: =IF(J64="","",+(J64/I64)) -> 0.030582103 | L64: =IF(F64="","",+(F64-F63)*4140) -> 728.64 | M64: =IF(L64="","",(L64/I64)) -> 0.030582103 | N64: 66068309 | O64: =IF(N64="","",N64-N63) -> 0 | R64: =IF(N64="",0,1) -> 1 | S64: =IF(N64="",1,0) -> 0
A65: 44623 | D65: 0.142 | E65: 2224.083 | F65: 67.905 | G65: 187.118 | H65: 4140 | I65: =IF(D65="","",+(E65-E64)*4140) -> 24492.24 | J65: =IF(E65="","",+(F65-F64)*4140) -> 575.46 | K65: =IF(J65="","",+(J65/I65)) -> 0.023495605 | L65: =IF(F65="","",+(F65-F64)*4140) -> 575.46 | M65: =IF(L65="","",(L65/I65)) -> 0.023495605 | N65: 66068309 | O65: =IF(N65="","",N65-N64) -> 0 | R65: =IF(N65="",0,1) -> 1 | S65: =IF(N65="",1,0) -> 0
A66: 44624 | D66: 0.142 | E66: 2229.683 | F66: 68.031 | G66: 187.225 | H66: 4140 | I66: =IF(D66="","",+(E66-E65)*4140) -> 23184 | J66: =IF(E66="","",+(F66-F65)*4140) -> 521.64 | K66: =IF(J66="","",+(J66/I66)) -> 0.0225 | L66: =IF(F66="","",+(F66-F65)*4140) -> 521.64 | M66: =IF(L66="","",(L66/I66)) -> 0.0225 | N66: 66068309 | O66: =IF(N66="","",N66-N65) -> 0 | R66: =IF(N66="",0,1) -> 1 | S66: =IF(N66="",1,0) -> 0
A67: 44625 | D67: 0.142 | E67: 2234.881 | F67: 68.129 | G67: 187.323 | H67: 4140 | I67: =IF(D67="","",+(E67-E66)*4140) -> 21519.72 | J67: =IF(E67="","",+(F67-F66)*4140) -> 405.72 | K67: =IF(J67="","",+(J67/I67)) -> 0.018853405 | L67: =IF(F67="","",+(F67-F66)*4140) -> 405.72 | M67: =IF(L67="","",(L67/I67)) -> 0.018853405 | N67: 66068309 | O67: =IF(N67="","",N67-N66) -> 0 | R67: =IF(N67="",0,1) -> 1 | S67: =IF(N67="",1,0) -> 0
A68: 44626 | D68: 0.142 | E68: 2240.189 | F68: 68.265 | G68: 187.411 | H68: 4140 | I68: =IF(D68="","",+(E68-E67)*4140) -> 21975.12 | J68: =IF(E68="","",+(F68-F67)*4140) -> 563.04 | K68: =IF(J68="","",+(J68/I68)) -> 0.025621703 | L68: =IF(F68="","",+(F68-F67)*4140) -> 563.04 | M68: =IF(L68="","",(L68/I68)) -> 0.025621703 | N68: 66068309 | O68: =IF(N68="","",N68-N67) -> 0 | R68: =IF(N68="",0,1) -> 1 | S68: =IF(N68="",1,0) -> 0
A69: 44627 | D69: 0.142 | E69: 2245.962 | F69: 68.394 | G69: 187.492 | H69: 4140 | I69: =IF(D69="","",+(E69-E68)*4140) -> 23900.22 | J69: =IF(E69="","",+(F69-F68)*4140) -> 534.06 | K69: =IF(J69="","",+(J69/I69)) -> 0.022345401 | L69: =IF(F69="","",+(F69-F68)*4140) -> 534.06 | M69: =IF(L69="","",(L69/I69)) -> 0.022345401 | N69: 66068309 | O69: =IF(N69="","",N69-N68) -> 0 | R69: =IF(N69="",0,1) -> 1 | S69: =IF(N69="",1,0) -> 0
A70: 44628 | D70: 0.142 | E70: 2251.509 | F70: 68.524 | G70: 187.551 | H70: 4140 | I70: =IF(D70="","",+(E70-E69)*4140) -> 22964.58 | J70: =IF(E70="","",+(F70-F69)*4140) -> 538.2 | K70: =IF(J70="","",+(J70/I70)) -> 0.023436092 | L70: =IF(F70="","",+(F70-F69)*4140) -> 538.2 | M70: =IF(L70="","",(L70/I70)) -> 0.023436092 | N70: 66068309 | O70: =IF(N70="","",N70-N69) -> 0 | R70: =IF(N70="",0,1) -> 1 | S70: =IF(N70="",1,0) -> 0
A71: 44629 | D71: 0.142 | E71: 2256.855 | F71: 68.643 | G71: 187.586 | H71: 4140 | I71: =IF(D71="","",+(E71-E70)*4140) -> 22132.44 | J71: =IF(E71="","",+(F71-F70)*4140) -> 492.66 | K71: =IF(J71="","",+(J71/I71)) -> 0.022259633 | L71: =IF(F71="","",+(F71-F70)*4140) -> 492.66 | M71: =IF(L71="","",(L71/I71)) -> 0.022259633 | N71: 66068309 | O71: =IF(N71="","",N71-N70) -> 0 | R71: =IF(N71="",0,1) -> 1 | S71: =IF(N71="",1,0) -> 0
A72: 44630 | D72: 0.142 | E72: 2262.084 | F72: 68.741 | G72: 187.63 | H72: 4140 | I72: =IF(D72="","",+(E72-E71)*4140) -> 21648.06 | J72: =IF(E72="","",+(F72-F71)*4140) -> 405.72 | K72: =IF(J72="","",+(J72/I72)) -> 0.018741633 | L72: =IF(F72="","",+(F72-F71)*4140) -> 405.72 | M72: =IF(L72="","",(L72/I72)) -> 0.018741633 | N72: 66068309 | O72: =IF(N72="","",N72-N71) -> 0 | R72: =IF(N72="",0,1) -> 1 | S72: =IF(N72="",1,0) -> 0
A73: 44631 | D73: 0.142 | E73: 2267.362 | F73: 68.828 | G73: 187.704 | H73: 4140 | I73: =IF(D73="","",+(E73-E72)*4140) -> 21850.92 | J73: =IF(E73="","",+(F73-F72)*4140) -> 360.18 | K73: =IF(J73="","",+(J73/I73)) -> 0.016483516 | L73: =IF(F73="","",+(F73-F72)*4140) -> 360.18 | M73: =IF(L73="","",(L73/I73)) -> 0.016483516 | N73: 66068309 | O73: =IF(N73="","",N73-N72) -> 0 | R73: =IF(N73="",0,1) -> 1 | S73: =IF(N73="",1,0) -> 0
A74: 44632 | D74: 0.142 | E74: 2271.981 | F74: 68.893 | G74: 187.773 | H74: 4140 | I74: =IF(D74="","",+(E74-E73)*4140) -> 19122.66 | J74: =IF(E74="","",+(F74-F73)*4140) -> 269.1 | K74: =IF(J74="","",+(J74/I74)) -> 0.01407231 | L74: =IF(F74="","",+(F74-F73)*4140) -> 269.1 | M74: =IF(L74="","",(L74/I74)) -> 0.01407231 | N74: 66068309 | O74: =IF(N74="","",N74-N73) -> 0 | R74: =IF(N74="",0,1) -> 1 | S74: =IF(N74="",1,0) -> 0
A75: 44633 | D75: 0.142 | E75: 2277.109 | F75: 68.974 | G75: 187.822 | H75: 4140 | I75: =IF(D75="","",+(E75-E74)*4140) -> 21229.92 | J75: =IF(E75="","",+(F75-F74)*4140) -> 335.34 | K75: =IF(J75="","",+(J75/I75)) -> 0.015795632 | L75: =IF(F75="","",+(F75-F74)*4140) -> 335.34 | M75: =IF(L75="","",(L75/I75)) -> 0.015795632 | N75: 66068309 | O75: =IF(N75="","",N75-N74) -> 0 | R75: =IF(N75="",0,1) -> 1 | S75: =IF(N75="",1,0) -> 0
A76: 44634 | D76: 0.142 | E76: 2282.587 | F76: 69.044 | G76: 187.883 | H76: 4140 | I76: =IF(D76="","",+(E76-E75)*4140) -> 22678.92 | J76: =IF(E76="","",+(F76-F75)*4140) -> 289.8 | K76: =IF(J76="","",+(J76/I76)) -> 0.012778386 | L76: =IF(F76="","",+(F76-F75)*4140) -> 289.8 | M76: =IF(L76="","",(L76/I76)) -> 0.012778386 | N76: 66068309 | O76: =IF(N76="","",N76-N75) -> 0 | R76: =IF(N76="",0,1) -> 1 | S76: =IF(N76="",1,0) -> 0
A77: 44635 | D77: 0.142 | E77: 2287.717 | F77: 69.156 | H77: 4140 | I77: =IF(D77="","",+(E77-E76)*4140) -> 21238.2 | J77: =IF(E77="","",+(F77-F76)*4140) -> 463.68 | K77: =IF(J77="","",+(J77/I77)) -> 0.021832359 | L77: =IF(F77="","",+(F77-F76)*4140) -> 463.68 | M77: =IF(L77="","",(L77/I77)) -> 0.021832359 | N77: 66068309 | O77: =IF(N77="","",N77-N76) -> 0 | R77: =IF(N77="",0,1) -> 1 | S77: =IF(N77="",1,0) -> 0
A78: 44636 | D78: 0.142 | E78: 2293.091 | F78: 69.266 | H78: 4140 | I78: =IF(D78="","",+(E78-E77)*4140) -> 22248.36 | J78: =IF(E78="","",+(F78-F77)*4140) -> 455.4 | K78: =IF(J78="","",+(J78/I78)) -> 0.020468924 | L78: =IF(F78="","",+(F78-F77)*4140) -> 455.4 | M78: =IF(L78="","",(L78/I78)) -> 0.020468924 | N78: 66068309 | O78: =IF(N78="","",N78-N77) -> 0 | R78: =IF(N78="",0,1) -> 1 | S78: =IF(N78="",1,0) -> 0
A79: 44637 | D79: 0.142 | E79: 2298.49 | F79: 69.345 | H79: 4140 | I79: =IF(D79="","",+(E79-E78)*4140) -> 22351.86 | J79: =IF(E79="","",+(F79-F78)*4140) -> 327.06 | K79: =IF(J79="","",+(J79/I79)) -> 0.014632339 | L79: =IF(F79="","",+(F79-F78)*4140) -> 327.06 | M79: =IF(L79="","",(L79/I79)) -> 0.014632339 | N79: 66068309 | O79: =IF(N79="","",N79-N78) -> 0 | R79: =IF(N79="",0,1) -> 1 | S79: =IF(N79="",1,0) -> 0
A80: 44638 | D80: 0.142 | E80: 2304.337 | F80: 69.414 | H80: 4140 | I80: =IF(D80="","",+(E80-E79)*4140) -> 24206.58 | J80: =IF(E80="","",+(F80-F79)*4140) -> 285.66 | K80: =IF(J80="","",+(J80/I80)) -> 0.011800924 | L80: =IF(F80="","",+(F80-F79)*4140) -> 285.66 | M80: =IF(L80="","",(L80/I80)) -> 0.011800924 | N80: 66068309 | O80: =IF(N80="","",N80-N79) -> 0 | R80: =IF(N80="",0,1) -> 1 | S80: =IF(N80="",1,0) -> 0
A81: 44639 | D81: 0.142 | E81: 2310.043 | F81: 69.523 | H81: 4140 | I81: =IF(D81="","",+(E81-E80)*4140) -> 23622.84 | J81: =IF(E81="","",+(F81-F80)*4140) -> 451.26 | K81: =IF(J81="","",+(J81/I81)) -> 0.019102699 | L81: =IF(F81="","",+(F81-F80)*4140) -> 451.26 | M81: =IF(L81="","",(L81/I81)) -> 0.019102699 | N81: 66068309 | O81: =IF(N81="","",N81-N80) -> 0 | P81: Mart / Mar | R81: =IF(N81="",0,1) -> 1 | S81: =IF(N81="",1,0) -> 0
A82: 44640 | D82: 0.142 | E82: 2315.8 | F82: 69.616 | H82: 4140 | I82: =IF(D82="","",+(E82-E81)*4140) -> 23833.98 | J82: =IF(E82="","",+(F82-F81)*4140) -> 385.02 | K82: =IF(J82="","",+(J82/I82)) -> 0.016154247 | L82: =IF(F82="","",+(F82-F81)*4140) -> 385.02 | M82: =IF(L82="","",(L82/I82)) -> 0.016154247 | N82: 66068309 | O82: =IF(N82="","",N82-N81) -> 0 | R82: =IF(N82="",0,1) -> 1 | S82: =IF(N82="",1,0) -> 0
A83: 44641 | D83: 0.142 | E83: 2321.122 | F83: 69.714 | H83: 4140 | I83: =IF(D83="","",+(E83-E82)*4140) -> 22033.08 | J83: =IF(E83="","",+(F83-F82)*4140) -> 405.72 | K83: =IF(J83="","",+(J83/I83)) -> 0.01841413 | L83: =IF(F83="","",+(F83-F82)*4140) -> 405.72 | M83: =IF(L83="","",(L83/I83)) -> 0.01841413 | N83: 66068309 | O83: =IF(N83="","",N83-N82) -> 0 | P83: End. | Q83: Kap. | R83: =IF(N83="",0,1) -> 1 | S83: =IF(N83="",1,0) -> 0
A84: 44642 | D84: 0.142 | E84: 2326.645 | F84: 69.791 | H84: 4140 | I84: =IF(D84="","",+(E84-E83)*4140) -> 22865.22 | J84: =IF(E84="","",+(F84-F83)*4140) -> 318.78 | K84: =IF(J84="","",+(J84/I84)) -> 0.013941698 | L84: =IF(F84="","",+(F84-F83)*4140) -> 318.78 | M84: =IF(L84="","",(L84/I84)) -> 0.013941698 | N84: 66068309 | O84: =IF(N84="","",N84-N83) -> 0 | P84: =IF(J63="",0,+SUM(J63:J93)/SUM(I63:I93)) -> 0.0199498 | Q84: =IF(L63="",0,+SUM(L63:L93)/SUM(I63:I93)) -> 0.0199498 | R84: =IF(N84="",0,1) -> 1 | S84: =IF(N84="",1,0) -> 0
A85: 44643 | D85: 0.142 | E85: 2331.874 | F85: 69.881 | H85: 4140 | I85: =IF(D85="","",+(E85-E84)*4140) -> 21648.06 | J85: =IF(E85="","",+(F85-F84)*4140) -> 372.6 | K85: =IF(J85="","",+(J85/I85)) -> 0.017211704 | L85: =IF(F85="","",+(F85-F84)*4140) -> 372.6 | M85: =IF(L85="","",(L85/I85)) -> 0.017211704 | N85: 66068309 | O85: =IF(N85="","",N85-N84) -> 0 | P85: =IF(J63="",0,+(+(LOOKUP(9.99999999999999E+307,E63:E93)-E61))/(+(LOOKUP(9.99999999999999E+307,D63:D93)-D62))) -> #DIV/0! | Q85: =IF(L63="",0,+(+(LOOKUP(9.99999999999999E+307,F63:F93)-F61))/(+(LOOKUP(9.99999999999999E+307,D63:D93)-D62))) -> #DIV/0! | R85: =IF(N85="",0,1) -> 1 | S85: =IF(N85="",1,0) -> 0
A86: 44644 | D86: 0.142 | E86: 2337.406 | F86: 69.983 | H86: 4140 | I86: =IF(D86="","",+(E86-E85)*4140) -> 22902.48 | J86: =IF(E86="","",+(F86-F85)*4140) -> 422.28 | K86: =IF(J86="","",+(J86/I86)) -> 0.018438178 | L86: =IF(F86="","",+(F86-F85)*4140) -> 422.28 | M86: =IF(L86="","",(L86/I86)) -> 0.018438178 | N86: 66068309 | O86: =IF(N86="","",N86-N85) -> 0 | P86: Cat Aylık | Q86: Cat Günlük | R86: =IF(N86="",0,1) -> 1 | S86: =IF(N86="",1,0) -> 0
A87: 44645 | D87: 0.142 | E87: 2343.017 | F87: 70.118 | H87: 4140 | I87: =IF(D87="","",+(E87-E86)*4140) -> 23229.54 | J87: =IF(E87="","",+(F87-F86)*4140) -> 558.9 | K87: =IF(J87="","",+(J87/I87)) -> 0.024059882 | L87: =IF(F87="","",+(F87-F86)*4140) -> 558.9 | M87: =IF(L87="","",(L87/I87)) -> 0.024059882 | N87: 66068309 | O87: =IF(N87="","",N87-N86) -> 0 | P87: =IF(N61="",0,+(LOOKUP(9.99999999999999E+307,N61:N93)-N61)) -> 0 | Q87: =IF(P87="",0,+P87/SUM(R63:R93)) -> 0 | R87: =IF(N87="",0,1) -> 1 | S87: =IF(N87="",1,0) -> 0
A88: 44646 | D88: 0.142 | E88: 2348.523 | F88: 70.23 | H88: 4140 | I88: =IF(D88="","",+(E88-E87)*4140) -> 22794.84 | J88: =IF(E88="","",+(F88-F87)*4140) -> 463.68 | K88: =IF(J88="","",+(J88/I88)) -> 0.020341446 | L88: =IF(F88="","",+(F88-F87)*4140) -> 463.68 | M88: =IF(L88="","",(L88/I88)) -> 0.020341446 | N88: 66068309 | O88: =IF(N88="","",N88-N87) -> 0 | P88: Bedaş Aylık | Q88: Bedaş Gün | R88: =IF(N88="",0,1) -> 1 | S88: =IF(N88="",1,0) -> 0
A89: 44647 | D89: 0.142 | E89: 2353.68 | F89: 70.333 | H89: 4140 | I89: =IF(D89="","",+(E89-E88)*4140) -> 21349.98 | J89: =IF(E89="","",+(F89-F88)*4140) -> 426.42 | K89: =IF(J89="","",+(J89/I89)) -> 0.019972852 | L89: =IF(F89="","",+(F89-F88)*4140) -> 426.42 | M89: =IF(L89="","",(L89/I89)) -> 0.019972852 | N89: 66068309 | O89: =IF(N89="","",N89-N88) -> 0 | P89: =IF(D61="",0,+(LOOKUP(9.99999999999999E+307,D62:D93)-D62))*4140 -> 0 | Q89: =IF(P89="",0,+P89/SUM(R63:R93)) -> 0 | R89: =IF(N89="",0,1) -> 1 | S89: =IF(N89="",1,0) -> 0
A90: 44648 | D90: 0.142 | E90: 2358.986 | F90: 70.442 | H90: 4140 | I90: =IF(D90="","",+(E90-E89)*4140) -> 21966.84 | J90: =IF(E90="","",+(F90-F89)*4140) -> 451.26 | K90: =IF(J90="","",+(J90/I90)) -> 0.020542782 | L90: =IF(F90="","",+(F90-F89)*4140) -> 451.26 | M90: =IF(L90="","",(L90/I90)) -> 0.020542782 | N90: 66068309 | O90: =IF(N90="","",N90-N89) -> 0 | P90: Tüketim TL | Q90: Cat Birim | R90: =IF(N90="",0,1) -> 1 | S90: =IF(N90="",1,0) -> 0
A91: 44649 | D91: 0.142 | E91: 2364.256 | F91: 70.543 | H91: 4140 | I91: =IF(D91="","",+(E91-E90)*4140) -> 21817.8 | J91: =IF(E91="","",+(F91-F90)*4140) -> 418.14 | K91: =IF(J91="","",+(J91/I91)) -> 0.019165085 | L91: =IF(F91="","",+(F91-F90)*4140) -> 418.14 | M91: =IF(L91="","",(L91/I91)) -> 0.019165085 | N91: 66068309 | O91: =IF(N91="","",N91-N90) -> 0 | P91: =P89*Q94 -> 0 | Q91: =IF(Q34="",0,(SUM('[1]Günlük Tüketim'!H63:H93)*1.62)/SUM(O63:O93)) -> #DIV/0! | R91: =IF(N91="",0,1) -> 1 | S91: =IF(N91="",1,0) -> 0
A92: 44650 | D92: 0.142 | E92: 2369.963 | F92: 70.677 | H92: 4140 | I92: =IF(D92="","",+(E92-E91)*4140) -> 23626.98 | J92: =IF(E92="","",+(F92-F91)*4140) -> 554.76 | K92: =IF(J92="","",+(J92/I92)) -> 0.023479937 | L92: =IF(F92="","",+(F92-F91)*4140) -> 554.76 | M92: =IF(L92="","",(L92/I92)) -> 0.023479937 | N92: 66068309 | O92: =IF(N92="","",N92-N91) -> 0 | P92: Top. Tüketim TL | Q92: Top. Bedaş kWh | R92: =IF(N92="",0,1) -> 1 | S92: =IF(N92="",1,0) -> 0
A93: 44651 | D93: 0.142 | E93: 2375.266 | F93: 70.827 | H93: 4140 | I93: =IF(D93="","",+(E93-E92)*4140) -> 21954.42 | J93: =IF(E93="","",+(F93-F92)*4140) -> 621 | K93: =IF(J93="","",+(J93/I93)) -> 0.028285876 | L93: =IF(F93="","",+(F93-F92)*4140) -> 621 | M93: =IF(L93="","",(L93/I93)) -> 0.028285876 | N93: 66068309 | O93: =IF(N93="","",N93-N92) -> 0 | P93: =(P91+Q89*SUM(S63:S93)*Q94) -> 0 | Q93: =Q89*31 -> 0 | R93: =IF(N93="",0,1) -> 1 | S93: =IF(N93="",1,0) -> 0
A94: 44652 | D94: 0.142 | E94: 2380.561 | F94: 70.957 | H94: 4140 | I94: =IF(D94="","",+(E94-E93)*4140) -> 21921.3 | J94: =IF(E94="","",+(F94-F93)*4140) -> 538.2 | K94: =IF(J94="","",+(J94/I94)) -> 0.024551464 | L94: =IF(F94="","",+(F94-F93)*4140) -> 538.2 | M94: =IF(L94="","",(L94/I94)) -> 0.024551464 | N94: 66068309 | O94: =IF(N94="","",N94-N93) -> 0 | P94: Bedaş Birim | Q94: 0.57 | R94: =IF(N94="",0,1) -> 1 | S94: =IF(N94="",1,0) -> 0
A95: 44653 | D95: 0.142 | E95: 2386.08 | F95: 71.084 | H95: 4140 | I95: =IF(D95="","",+(E95-E94)*4140) -> 22848.66 | J95: =IF(E95="","",+(F95-F94)*4140) -> 525.78 | K95: =IF(J95="","",+(J95/I95)) -> 0.023011415 | L95: =IF(F95="","",+(F95-F94)*4140) -> 525.78 | M95: =IF(L95="","",(L95/I95)) -> 0.023011415 | N95: 66068309 | O95: =IF(N95="","",N95-N94) -> 0 | R95: =IF(N95="",0,1) -> 1 | S95: =IF(N95="",1,0) -> 0
A96: 44654 | D96: 0.142 | E96: 2391.418 | F96: 71.158 | H96: 4140 | I96: =IF(D96="","",+(E96-E95)*4140) -> 22099.32 | J96: =IF(E96="","",+(F96-F95)*4140) -> 306.36 | K96: =IF(J96="","",+(J96/I96)) -> 0.01386287 | L96: =IF(F96="","",+(F96-F95)*4140) -> 306.36 | M96: =IF(L96="","",(L96/I96)) -> 0.01386287 | N96: 66068309 | O96: =IF(N96="","",N96-N95) -> 0 | R96: =IF(N96="",0,1) -> 1 | S96: =IF(N96="",1,0) -> 0
A97: 44655 | D97: 0.142 | E97: 2397.014 | F97: 71.276 | H97: 4140 | I97: =IF(D97="","",+(E97-E96)*4140) -> 23167.44 | J97: =IF(E97="","",+(F97-F96)*4140) -> 488.52 | K97: =IF(J97="","",+(J97/I97)) -> 0.02108649 | L97: =IF(F97="","",+(F97-F96)*4140) -> 488.52 | M97: =IF(L97="","",(L97/I97)) -> 0.02108649 | N97: 66068309 | O97: =IF(N97="","",N97-N96) -> 0 | R97: =IF(N97="",0,1) -> 1 | S97: =IF(N97="",1,0) -> 0
A98: 44656 | D98: 0.142 | E98: 2402.762 | F98: 71.39 | H98: 4140 | I98: =IF(D98="","",+(E98-E97)*4140) -> 23796.72 | J98: =IF(E98="","",+(F98-F97)*4140) -> 471.96 | K98: =IF(J98="","",+(J98/I98)) -> 0.019832985 | L98: =IF(F98="","",+(F98-F97)*4140) -> 471.96 | M98: =IF(L98="","",(L98/I98)) -> 0.019832985 | N98: 66068309 | O98: =IF(N98="","",N98-N97) -> 0 | R98: =IF(N98="",0,1) -> 1 | S98: =IF(N98="",1,0) -> 0
A99: 44657 | D99: 0.142 | E99: 2408.653 | F99: 71.521 | H99: 4140 | I99: =IF(D99="","",+(E99-E98)*4140) -> 24388.74 | J99: =IF(E99="","",+(F99-F98)*4140) -> 542.34 | K99: =IF(J99="","",+(J99/I99)) -> 0.022237311 | L99: =IF(F99="","",+(F99-F98)*4140) -> 542.34 | M99: =IF(L99="","",(L99/I99)) -> 0.022237311 | N99: 66068309 | O99: =IF(N99="","",N99-N98) -> 0 | R99: =IF(N99="",0,1) -> 1 | S99: =IF(N99="",1,0) -> 0
A100: 44658 | D100: 0.142 | E100: 2414.401 | F100: 71.668 | H100: 4140 | I100: =IF(D100="","",+(E100-E99)*4140) -> 23796.72 | J100: =IF(E100="","",+(F100-F99)*4140) -> 608.58 | K100: =IF(J100="","",+(J100/I100)) -> 0.025574113 | L100: =IF(F100="","",+(F100-F99)*4140) -> 608.58 | M100: =IF(L100="","",(L100/I100)) -> 0.025574113 | N100: 66068309 | O100: =IF(N100="","",N100-N99) -> 0 | R100: =IF(N100="",0,1) -> 1 | S100: =IF(N100="",1,0) -> 0
A101: 44659 | D101: 0.142 | E101: 2419.868 | F101: 71.83 | H101: 4140 | I101: =IF(D101="","",+(E101-E100)*4140) -> 22633.38 | J101: =IF(E101="","",+(F101-F100)*4140) -> 670.68 | K101: =IF(J101="","",+(J101/I101)) -> 0.029632339 | L101: =IF(F101="","",+(F101-F100)*4140) -> 670.68 | M101: =IF(L101="","",(L101/I101)) -> 0.029632339 | N101: 66068309 | O101: =IF(N101="","",N101-N100) -> 0 | R101: =IF(N101="",0,1) -> 1 | S101: =IF(N101="",1,0) -> 0
...

Sheet Gas Water
B2: Date | C2: CHP Reading m3 | D2: Boiler Reading m3 | E2: Kitchen Reading m3 | F2: Laundry Reading m3 | G2: Water Supplier Credit m3 | H2: CHP Diffenece m3 | I2: Boiler Difference m3 | J2: Kitchen Difference m3 | K2: Laundry Difference m3 | L2: Water Difference m3 | M2: Total Gas Consumption m3
B3: 43830 | C3: 16228333 | D3: 3990997 | E3: 223696 | F3: 521490 | G3: 5647
B4: 44561 | C4: 16228335 | D4: 5099652 | E4: 243800 | F4: 638972 | G4: 293998 | H4: 0 | I4: 2760 | J4: 190 | K4: 222 | L4: 196 | M4: =IF(H4="","",+(H4+I4+J4+K4)) -> 3172 | O4: =IF(L4="",1,0) -> 0
B5: 44197 | C5: 16228335 | D5: 5101985 | E5: 244004 | F5: 639192 | G5: 294182 | H5: =IF(C5="","",+(C5-C4)) -> 0 | I5: =IF(D5="","",+(D5-D4)) -> 2333 | J5: =IF(E5="","",+(E5-E4)) -> 204 | K5: =IF(F5="","",+(F5-F4)) -> 220 | L5: =IF(G5="","",+(G5-G4)) -> 184 | M5: =IF(H5="","",+(H5+I5+J5+K5)) -> 2757 | Q5: =IF(L5="",1,0) -> 0
B6: 44198 | C6: 16228335 | D6: 5104352 | E6: 244192 | F6: 639424 | G6: 294384 | H6: =IF(C6="","",+(C6-C5)) -> 0 | I6: =IF(D6="","",+(D6-D5)) -> 2367 | J6: =IF(E6="","",+(E6-E5)) -> 188 | K6: =IF(F6="","",+(F6-F5)) -> 232 | L6: =IF(G6="","",+(G6-G5)) -> 202 | M6: =IF(H6="","",+(H6+I6+J6+K6)) -> 2787 | Q6: =IF(L6="",1,0) -> 0
B7: 44199 | C7: 16228335 | D7: 5106445 | E7: 244348 | F7: 639645 | G7: 294605 | H7: =IF(C7="","",+(C7-C6)) -> 0 | I7: =IF(D7="","",+(D7-D6)) -> 2093 | J7: =IF(E7="","",+(E7-E6)) -> 156 | K7: =IF(F7="","",+(F7-F6)) -> 221 | L7: =IF(G7="","",+(G7-G6)) -> 221 | M7: =IF(H7="","",+(H7+I7+J7+K7)) -> 2470 | Q7: =IF(L7="",1,0) -> 0
B8: 44200 | C8: 16228335 | D8: 5108382 | E8: 244496 | F8: 639843 | G8: 294811 | H8: =IF(C8="","",+(C8-C7)) -> 0 | I8: =IF(D8="","",+(D8-D7)) -> 1937 | J8: =IF(E8="","",+(E8-E7)) -> 148 | K8: =IF(F8="","",+(F8-F7)) -> 198 | L8: =IF(G8="","",+(G8-G7)) -> 206 | M8: =IF(H8="","",+(H8+I8+J8+K8)) -> 2283 | Q8: =IF(L8="",1,0) -> 0
B9: 44201 | C9: 16228335 | D9: 5110087 | E9: 244679 | F9: 640032 | G9: 294994 | H9: =IF(C9="","",+(C9-C8)) -> 0 | I9: =IF(D9="","",+(D9-D8)) -> 1705 | J9: =IF(E9="","",+(E9-E8)) -> 183 | K9: =IF(F9="","",+(F9-F8)) -> 189 | L9: =IF(G9="","",+(G9-G8)) -> 183 | M9: =IF(H9="","",+(H9+I9+J9+K9)) -> 2077 | Q9: =IF(L9="",1,0) -> 0
B10: 44202 | C10: 16228335 | D10: 5111788 | E10: 244873 | F10: 640235 | G10: 295168 | H10: =IF(C10="","",+(C10-C9)) -> 0 | I10: =IF(D10="","",+(D10-D9)) -> 1701 | J10: =IF(E10="","",+(E10-E9)) -> 194 | K10: =IF(F10="","",+(F10-F9)) -> 203 | L10: =IF(G10="","",+(G10-G9)) -> 174 | M10: =IF(H10="","",+(H10+I10+J10+K10)) -> 2098 | Q10: =IF(L10="",1,0) -> 0
B11: 44203 | C11: 16228335 | D11: 5114024 | E11: 245070 | F11: 640436 | G11: 295347 | H11: =IF(C11="","",+(C11-C10)) -> 0 | I11: =IF(D11="","",+(D11-D10)) -> 2236 | J11: =IF(E11="","",+(E11-E10)) -> 197 | K11: =IF(F11="","",+(F11-F10)) -> 201 | L11: =IF(G11="","",+(G11-G10)) -> 179 | M11: =IF(H11="","",+(H11+I11+J11+K11)) -> 2634 | Q11: =IF(L11="",1,0) -> 0
B12: 44204 | C12: 16228335 | D12: 5116326 | E12: 245248 | F12: 640667 | G12: 295537 | H12: =IF(C12="","",+(C12-C11)) -> 0 | I12: =IF(D12="","",+(D12-D11)) -> 2302 | J12: =IF(E12="","",+(E12-E11)) -> 178 | K12: =IF(F12="","",+(F12-F11)) -> 231 | L12: =IF(G12="","",+(G12-G11)) -> 190 | M12: =IF(H12="","",+(H12+I12+J12+K12)) -> 2711 | Q12: =IF(L12="",1,0) -> 0
B13: 44205 | C13: 16228335 | D13: 5118633 | E13: 245416 | F13: 640864 | G13: 295760 | H13: =IF(C13="","",+(C13-C12)) -> 0 | I13: =IF(D13="","",+(D13-D12)) -> 2307 | J13: =IF(E13="","",+(E13-E12)) -> 168 | K13: =IF(F13="","",+(F13-F12)) -> 197 | L13: =IF(G13="","",+(G13-G12)) -> 223 | M13: =IF(H13="","",+(H13+I13+J13+K13)) -> 2672 | Q13: =IF(L13="",1,0) -> 0
B14: 44206 | C14: 16228335 | D14: 5120934 | E14: 245586 | F14: 641063 | G14: 295942 | H14: =IF(C14="","",+(C14-C13)) -> 0 | I14: =IF(D14="","",+(D14-D13)) -> 2301 | J14: =IF(E14="","",+(E14-E13)) -> 170 | K14: =IF(F14="","",+(F14-F13)) -> 199 | L14: =IF(G14="","",+(G14-G13)) -> 182 | M14: =IF(H14="","",+(H14+I14+J14+K14)) -> 2670 | Q14: =IF(L14="",1,0) -> 0
B15: 44207 | C15: 16228335 | D15: 5123728 | E15: 245785 | F15: 641234 | G15: 296090 | H15: =IF(C15="","",+(C15-C14)) -> 0 | I15: =IF(D15="","",+(D15-D14)) -> 2794 | J15: =IF(E15="","",+(E15-E14)) -> 199 | K15: =IF(F15="","",+(F15-F14)) -> 171 | L15: =IF(G15="","",+(G15-G14)) -> 148 | M15: =IF(H15="","",+(H15+I15+J15+K15)) -> 3164 | Q15: =IF(L15="",1,0) -> 0
B16: 44208 | C16: 16228335 | D16: 5127388 | E16: 245930 | F16: 641420 | G16: 296265 | H16: =IF(C16="","",+(C16-C15)) -> 0 | I16: =IF(D16="","",+(D16-D15)) -> 3660 | J16: =IF(E16="","",+(E16-E15)) -> 145 | K16: =IF(F16="","",+(F16-F15)) -> 186 | L16: =IF(G16="","",+(G16-G15)) -> 175 | M16: =IF(H16="","",+(H16+I16+J16+K16)) -> 3991 | Q16: =IF(L16="",1,0) -> 0
... B24: 44216 | C24: 16228335 | D24: 5155253 | E24: 247040 | F24: 642655 | G24: 297395 | H24: =IF(C24="","",+(C24-C23)) -> 0 | I24: =IF(D24="","",+(D24-D23)) -> 3273 | J24: =IF(E24="","",+(E24-E23)) -> 154 | K24: =IF(F24="","",+(F24-F23)) -> 141 | L24: =IF(G24="","",+(G24-G23)) -> 147 | M24: =IF(H24="","",+(H24+I24+J24+K24)) -> 3568 | Q24: =IF(L24="",1,0) -> 0
B25: 44217 | C25: 16228335 | D25: 5157034 | E25: 247218 | F25: 642813 | G25: 297512 | H25: =IF(C25="","",+(C25-C24)) -> 0 | I25: =IF(D25="","",+(D25-D24)) -> 1781 | J25: =IF(E25="","",+(E25-E24)) -> 178 | K25: =IF(F25="","",+(F25-F24)) -> 158 | L25: =IF(G25="","",+(G25-G24)) -> 117 | M25: =IF(H25="","",+(H25+I25+J25+K25)) -> 2117 | N25: Total Water m3 | O25: Total Gas m3 | Q25: =IF(L25="",1,0) -> 0
B26: 44218 | C26: 16228335 | D26: 5158429 | E26: 247407 | F26: 642960 | G26: 297652 | H26: =IF(C26="","",+(C26-C25)) -> 0 | I26: =IF(D26="","",+(D26-D25)) -> 1395 | J26: =IF(E26="","",+(E26-E25)) -> 189 | K26: =IF(F26="","",+(F26-F25)) -> 147 | L26: =IF(G26="","",+(G26-G25)) -> 140 | M26: =IF(H26="","",+(H26+I26+J26+K26)) -> 1731 | Q26: =IF(L26="",1,0) -> 0
B27: 44219 | C27: 16228335 | D27: 5162376 | E27: 247548 | F27: 643154 | G27: 297792 | H27: =IF(C27="","",+(C27-C26)) -> 0 | I27: =IF(D27="","",+(D27-D26)) -> 3947 | J27: =IF(E27="","",+(E27-E26)) -> 141 | K27: =IF(F27="","",+(F27-F26)) -> 194 | L27: =IF(G27="","",+(G27-G26)) -> 140 | M27: =IF(H27="","",+(H27+I27+J27+K27)) -> 4282 | Q27: =IF(L27="",1,0) -> 0
B28: 44220 | C28: 16228335 | D28: 5166409 | E28: 247685 | F28: 643312 | G28: 297902 | H28: =IF(C28="","",+(C28-C27)) -> 0 | I28: =IF(D28="","",+(D28-D27)) -> 4033 | J28: =IF(E28="","",+(E28-E27)) -> 137 | K28: =IF(F28="","",+(F28-F27)) -> 158 | L28: =IF(G28="","",+(G28-G27)) -> 110 | M28: =IF(H28="","",+(H28+I28+J28+K28)) -> 4328 | N28: =SUM(L4:L34) -> 4907 | O28: =SUM(M4:M34) -> 101488 | Q28: =IF(L28="",1,0) -> 0
B29: 44221 | C29: 16228335 | D29: 5170609 | E29: 247833 | F29: 643454 | G29: 298016 | H29: =IF(C29="","",+(C29-C28)) -> 0 | I29: =IF(D29="","",+(D29-D28)) -> 4200 | J29: =IF(E29="","",+(E29-E28)) -> 148 | K29: =IF(F29="","",+(F29-F28)) -> 142 | L29: =IF(G29="","",+(G29-G28)) -> 114 | M29: =IF(H29="","",+(H29+I29+J29+K29)) -> 4490 | N29: Daily Average Water Consumption | O29: Daily Average Gas Consumption | Q29: =IF(L29="",1,0) -> 0
B30: 44222 | C30: 16228335 | D30: 5174551 | E30: 247969 | F30: 643609 | G30: 298156 | H30: =IF(C30="","",+(C30-C29)) -> 0 | I30: =IF(D30="","",+(D30-D29)) -> 3942 | J30: =IF(E30="","",+(E30-E29)) -> 136 | K30: =IF(F30="","",+(F30-F29)) -> 155 | L30: =IF(G30="","",+(G30-G29)) -> 140 | M30: =IF(H30="","",+(H30+I30+J30+K30)) -> 4233 | Q30: =IF(L30="",1,0) -> 0
B31: 44223 | C31: 16228335 | D31: 5178140 | E31: 248102 | F31: 643755 | G31: 298283 | H31: =IF(C31="","",+(C31-C30)) -> 0 | I31: =IF(D31="","",+(D31-D30)) -> 3589 | J31: =IF(E31="","",+(E31-E30)) -> 133 | K31: =IF(F31="","",+(F31-F30)) -> 146 | L31: =IF(G31="","",+(G31-G30)) -> 127 | M31: =IF(H31="","",+(H31+I31+J31+K31)) -> 3868 | N31: =AVERAGE(L4:L34) -> 158.29032 | O31: =AVERAGE(M4:M34) -> 3273.8065 | Q31: =IF(L31="",1,0) -> 0
B32: 44224 | C32: 16228335 | D32: 5181505 | E32: 248257 | F32: 643888 | G32: 298456 | H32: =IF(C32="","",+(C32-C31)) -> 0 | I32: =IF(D32="","",+(D32-D31)) -> 3365 | J32: =IF(E32="","",+(E32-E31)) -> 155 | K32: =IF(F32="","",+(F32-F31)) -> 133 | L32: =IF(G32="","",+(G32-G31)) -> 173 | M32: =IF(H32="","",+(H32+I32+J32+K32)) -> 3653 | O32: =IF(L32="",1,0) -> 0
B33: 44225 | C33: 16228335 | D33: 5184790 | E33: 248400 | F33: 644027 | G33: 298582 | H33: =IF(C33="","",+(C33-C32)) -> 0 | I33: =IF(D33="","",+(D33-D32)) -> 3285 | J33: =IF(E33="","",+(E33-E32)) -> 143 | K33: =IF(F33="","",+(F33-F32)) -> 139 | L33: =IF(G33="","",+(G33-G32)) -> 126 | M33: =IF(H33="","",+(H33+I33+J33+K33)) -> 3567 | O33: =IF(L33="",1,0) -> 0
B34: 44226 | C34: 16228335 | D34: 5188004 | E34: 248559 | F34: 644177 | G34: 298709 | H34: =IF(C34="","",+(C34-C33)) -> 0 | I34: =IF(D34="","",+(D34-D33)) -> 3214 | J34: =IF(E34="","",+(E34-E33)) -> 159 | K34: =IF(F34="","",+(F34-F33)) -> 150 | L34: =IF(G34="","",+(G34-G33)) -> 127 | M34: =IF(H34="","",+(H34+I34+J34+K34)) -> 3523 | Q34: =IF(L34="",1,0) -> 0
B35: 44227 | C35: 16228335 | D35: 5191070 | E35: 248709 | F35: 644320 | G35: 298833 | H35: =IF(C35="","",+(C35-C34)) -> 0 | I35: =IF(D35="","",+(D35-D34)) -> 3066 | J35: =IF(E35="","",+(E35-E34)) -> 150 | K35: =IF(F35="","",+(F35-F34)) -> 143 | L35: =IF(G35="","",+(G35-G34)) -> 124 | M35: =IF(H35="","",+(H35+I35+J35+K35)) -> 3359
B36: 44228 | C36: 16228335 | D36: 5194059 | E36: 248868 | F36: 644457 | G36: 298981 | H36: =IF(C36="","",+(C36-C35)) -> 0 | I36: =IF(D36="","",+(D36-D35)) -> 2989 | J36: =IF(E36="","",+(E36-E35)) -> 159 | K36: =IF(F36="","",+(F36-F35)) -> 137 | L36: =IF(G36="","",+(G36-G35)) -> 148 | M36: =IF(H36="","",+(H36+I36+J36+K36)) -> 3285 | Q36: =IF(L36="",1,0) -> 0
B37: 44229 | C37: 16228335 | D37: 5197173 | E37: 249031 | F37: 644591 | G37: 299090 | H37: =IF(C37="","",+(C37-C36)) -> 0 | I37: =IF(D37="","",+(D37-D36)) -> 3114 | J37: =IF(E37="","",+(E37-E36)) -> 163 | K37: =IF(F37="","",+(F37-F36)) -> 134 | L37: =IF(G37="","",+(G37-G36)) -> 109 | M37: =IF(H37="","",+(H37+I37+J37+K37)) -> 3411 | Q37: =IF(L37="",1,0) -> 0
B38: 44230 | C38: 16228335 | D38: 5200795 | E38: 249172 | F38: 644739 | G38: 299241 | H38: =IF(C38="","",+(C38-C37)) -> 0 | I38: =IF(D38="","",+(D38-D37)) -> 3622 | J38: =IF(E38="","",+(E38-E37)) -> 141 | K38: =IF(F38="","",+(F38-F37)) -> 148 | L38: =IF(G38="","",+(G38-G37)) -> 151 | M38: =IF(H38="","",+(H38+I38+J38+K38)) -> 3911 | Q38: =IF(L38="",1,0) -> 0
B39: 44231 | C39: 16228335 | D39: 5204301 | E39: 249325 | F39: 644892 | G39: 299402 | H39: =IF(C39="","",+(C39-C38)) -> 0 | I39: =IF(D39="","",+(D39-D38)) -> 3506 | J39: =IF(E39="","",+(E39-E38)) -> 153 | K39: =IF(F39="","",+(F39-F38)) -> 153 | L39: =IF(G39="","",+(G39-G38)) -> 161 | M39: =IF(H39="","",+(H39+I39+J39+K39)) -> 3812 | Q39: =IF(L39="",1,0) -> 0
B40: 44232 | C40: 16228335 | D40: 5207432 | E40: 249489 | F40: 645038 | G40: 299550 | H40: =IF(C40="","",+(C40-C39)) -> 0 | I40: =IF(D40="","",+(D40-D39)) -> 3131 | J40: =IF(E40="","",+(E40-E39)) -> 164 | K40: =IF(F40="","",+(F40-F39)) -> 146 | L40: =IF(G40="","",+(G40-G39)) -> 148 | M40: =IF(H40="","",+(H40+I40+J40+K40)) -> 3441 | Q40: =IF(L40="",1,0) -> 0
B41: 44233 | C41: 16228335 | D41: 5210303 | E41: 249650 | F41: 645209 | G41: 299690 | H41: =IF(C41="","",+(C41-C40)) -> 0 | I41: =IF(D41="","",+(D41-D40)) -> 2871 | J41: =IF(E41="","",+(E41-E40)) -> 161 | K41: =IF(F41="","",+(F41-F40)) -> 171 | L41: =IF(G41="","",+(G41-G40)) -> 140 | M41: =IF(H41="","",+(H41+I41+J41+K41)) -> 3203 | Q41: =IF(L41="",1,0) -> 0
B42: 44234 | C42: 16228335 | D42: 5212954 | E42: 249794 | F42: 645375 | G42: 299818 | H42: =IF(C42="","",+(C42-C41)) -> 0 | I42: =IF(D42="","",+(D42-D41)) -> 2651 | J42: =IF(E42="","",+(E42-E41)) -> 144 | K42: =IF(F42="","",+(F42-F41)) -> 166 | L42: =IF(G42="","",+(G42-G41)) -> 128 | M42: =IF(H42="","",+(H42+I42+J42+K42)) -> 2961 | Q42: =IF(L42="",1,0) -> 0
B43: 44235 | C43: 16228335 | D43: 5216476 | E43: 249954 | F43: 645507 | G43: 299946 | H43: =IF(C43="","",+(C43-C42)) -> 0 | I43: =IF(D43="","",+(D43-D42)) -> 3522 | J43: =IF(E43="","",+(E43-E42)) -> 160 | K43: =IF(F43="","",+(F43-F42)) -> 132 | L43: =IF(G43="","",+(G43-G42)) -> 128 | M43: =IF(H43="","",+(H43+I43+J43+K43)) -> 3814 | Q43: =IF(L43="",1,0) -> 0
B44: 44236 | C44: 16228335 | D44: 5219875 | E44: 250132 | F44: 645675 | G44: 300111 | H44: =IF(C44="","",+(C44-C43)) -> 0 | I44: =IF(D44="","",+(D44-D43)) -> 3399 | J44: =IF(E44="","",+(E44-E43)) -> 178 | K44: =IF(F44="","",+(F44-F43)) -> 168 | L44: =IF(G44="","",+(G44-G43)) -> 165 | M44: =IF(H44="","",+(H44+I44+J44+K44)) -> 3745 | Q44: =IF(L44="",1,0) -> 0
B45: 44237 | C45: 16228335 | D45: 5223086 | E45: 250333 | F45: 645842 | G45: 300272 | H45: =IF(C45="","",+(C45-C44)) -> 0 | I45: =IF(D45="","",+(D45-D44)) -> 3211 | J45: =IF(E45="","",+(E45-E44)) -> 201 | K45: =IF(F45="","",+(F45-F44)) -> 167 | L45: =IF(G45="","",+(G45-G44)) -> 161 | M45: =IF(H45="","",+(H45+I45+J45+K45)) -> 3579 | Q45: =IF(L45="",1,0) -> 0
B46: 44238 | C46: 16228335 | D46: 5226127 | E46: 250532 | F46: 646045 | G46: 300486 | H46: =IF(C46="","",+(C46-C45)) -> 0 | I46: =IF(D46="","",+(D46-D45)) -> 3041 | J46: =IF(E46="","",+(E46-E45)) -> 199 | K46: =IF(F46="","",+(F46-F45)) -> 203 | L46: =IF(G46="","",+(G46-G45)) -> 214 | M46: =IF(H46="","",+(H46+I46+J46+K46)) -> 3443 | Q46: =IF(L46="",1,0) -> 0
B47: 44239 | C47: 16228335 | D47: 5229020 | E47: 250734 | F47: 646259 | G47: 300676 | H47: =IF(C47="","",+(C47-C46)) -> 0 | I47: =IF(D47="","",+(D47-D46)) -> 2893 | J47: =IF(E47="","",+(E47-E46)) -> 202 | K47: =IF(F47="","",+(F47-F46)) -> 214 | L47: =IF(G47="","",+(G47-G46)) -> 190 | M47: =IF(H47="","",+(H47+I47+J47+K47)) -> 3309 | Q47: =IF(L47="",1,0) -> 0
... B52: 44244 | C52: 16228335 | D52: 5244248 | E52: 251661 | F52: 647234 | G52: 301286 | H52: =IF(C52="","",+(C52-C51)) -> 0 | I52: =IF(D52="","",+(D52-D51)) -> 2586 | J52: =IF(E52="","",+(E52-E51)) -> 169 | K52: =IF(F52="","",+(F52-F51)) -> 168 | L52: =IF(G52="","",+(G52-G51)) -> 125 | M52: =IF(H52="","",+(H52+I52+J52+K52)) -> 2923 | Q52: =IF(L52="",1,0) -> 0
B53: 44245 | C53: 16228335 | D53: 5247251 | E53: 251803 | F53: 647409 | G53: 301796 | H53: =IF(C53="","",+(C53-C52)) -> 0 | I53: =IF(D53="","",+(D53-D52)) -> 3003 | J53: =IF(E53="","",+(E53-E52)) -> 142 | K53: =IF(F53="","",+(F53-F52)) -> 175 | L53: =IF(G53="","",+(G53-G52)) -> 510 | M53: =IF(H53="","",+(H53+I53+J53+K53)) -> 3320 | N53: Total Water m3 | O53: Total Gas m3 | Q53: =IF(L53="",1,0) -> 0
B54: 44246 | C54: 16228335 | D54: 5250106 | E54: 251948 | F54: 647595 | G54: 302019 | H54: =IF(C54="","",+(C54-C53)) -> 0 | I54: =IF(D54="","",+(D54-D53)) -> 2855 | J54: =IF(E54="","",+(E54-E53)) -> 145 | K54: =IF(F54="","",+(F54-F53)) -> 186 | L54: =IF(G54="","",+(G54-G53)) -> 223 | M54: =IF(H54="","",+(H54+I54+J54+K54)) -> 3186 | Q54: =IF(L54="",1,0) -> 0
B55: 44247 | C55: 16228335 | D55: 5252714 | E55: 252135 | F55: 647786 | G55: 302312 | H55: =IF(C55="","",+(C55-C54)) -> 0 | I55: =IF(D55="","",+(D55-D54)) -> 2608 | J55: =IF(E55="","",+(E55-E54)) -> 187 | K55: =IF(F55="","",+(F55-F54)) -> 191 | L55: =IF(G55="","",+(G55-G54)) -> 293 | M55: =IF(H55="","",+(H55+I55+J55+K55)) -> 2986 | Q55: =IF(L55="",1,0) -> 0
B56: 44248 | C56: 16228335 | D56: 5254953 | E56: 252302 | F56: 647984 | G56: 302501 | H56: =IF(C56="","",+(C56-C55)) -> 0 | I56: =IF(D56="","",+(D56-D55)) -> 2239 | J56: =IF(E56="","",+(E56-E55)) -> 167 | K56: =IF(F56="","",+(F56-F55)) -> 198 | L56: =IF(G56="","",+(G56-G55)) -> 189 | M56: =IF(H56="","",+(H56+I56+J56+K56)) -> 2604 | N56: =SUM(L35:L63) -> 5214 | O56: =SUM(M35:M63) -> 95755 | Q56: =IF(L56="",1,0) -> 0
B57: 44249 | C57: 16228335 | D57: 5257060 | E57: 252477 | F57: 648160 | G57: 302661 | H57: =IF(C57="","",+(C57-C56)) -> 0 | I57: =IF(D57="","",+(D57-D56)) -> 2107 | J57: =IF(E57="","",+(E57-E56)) -> 175 | K57: =IF(F57="","",+(F57-F56)) -> 176 | L57: =IF(G57="","",+(G57-G56)) -> 160 | M57: =IF(H57="","",+(H57+I57+J57+K57)) -> 2458 | N57: Daily Average Water Consumption | O57: Daily Average Gas Consumption | Q57: =IF(L57="",1,0) -> 0
B58: 44250 | C58: 16228335 | D58: 5259813 | E58: 252675 | F58: 648320 | G58: 302722 | H58: =IF(C58="","",+(C58-C57)) -> 0 | I58: =IF(D58="","",+(D58-D57)) -> 2753 | J58: =IF(E58="","",+(E58-E57)) -> 198 | K58: =IF(F58="","",+(F58-F57)) -> 160 | L58: =IF(G58="","",+(G58-G57)) -> 61 | M58: =IF(H58="","",+(H58+I58+J58+K58)) -> 3111 | Q58: =IF(L58="",1,0) -> 0
B59: 44251 | C59: 16228335 | D59: 5262832 | E59: 252879 | F59: 648502 | G59: 302977 | H59: =IF(C59="","",+(C59-C58)) -> 0 | I59: =IF(D59="","",+(D59-D58)) -> 3019 | J59: =IF(E59="","",+(E59-E58)) -> 204 | K59: =IF(F59="","",+(F59-F58)) -> 182 | L59: =IF(G59="","",+(G59-G58)) -> 255 | M59: =IF(H59="","",+(H59+I59+J59+K59)) -> 3405 | N59: =AVERAGE(L35:L63) -> 179.7931 | O59: =AVERAGE(M35:M63) -> 3301.8966 | Q59: =IF(L59="",1,0) -> 0
B60: 44252 | C60: 16228335 | D60: 5265336 | E60: 253100 | F60: 648689 | G60: 303350 | H60: =IF(C60="","",+(C60-C59)) -> 0 | I60: =IF(D60="","",+(D60-D59)) -> 2504 | J60: =IF(E60="","",+(E60-E59)) -> 221 | K60: =IF(F60="","",+(F60-F59)) -> 187 | L60: =IF(G60="","",+(G60-G59)) -> 373 | M60: =IF(H60="","",+(H60+I60+J60+K60)) -> 2912 | N60: ISKI Aysonu | O60: Doğalgaz Aysonu | Q60: =IF(L60="",1,0) -> 0
B61: 44253 | C61: 16228335 | D61: 5267877 | E61: 253284 | F61: 648871 | G61: 303538 | H61: =IF(C61="","",+(C61-C60)) -> 0 | I61: =IF(D61="","",+(D61-D60)) -> 2541 | J61: =IF(E61="","",+(E61-E60)) -> 184 | K61: =IF(F61="","",+(F61-F60)) -> 182 | L61: =IF(G61="","",+(G61-G60)) -> 188 | M61: =IF(H61="","",+(H61+I61+J61+K61)) -> 2907 | Q61: =IF(L61="",1,0) -> 0
B62: 44254 | C62: 16228335 | D62: 5270544 | E62: 253486 | F62: 649063 | G62: 303745 | H62: =IF(C62="","",+(C62-C61)) -> 0 | I62: =IF(D62="","",+(D62-D61)) -> 2667 | J62: =IF(E62="","",+(E62-E61)) -> 202 | K62: =IF(F62="","",+(F62-F61)) -> 192 | L62: =IF(G62="","",+(G62-G61)) -> 207 | M62: =IF(H62="","",+(H62+I62+J62+K62)) -> 3061 | N62: =N56+(N59*SUM(Q35:Q63)) -> 5214 | O62: =O56+(O59*SUM(Q35:Q63)) -> 95755 | Q62: =IF(L62="",1,0) -> 0
B63: 44255 | C63: 16228335 | D63: 5273561 | E63: 253663 | F63: 649271 | G63: 303923 | H63: =IF(C63="","",+(C63-C62)) -> 0 | I63: =IF(D63="","",+(D63-D62)) -> 3017 | J63: =IF(E63="","",+(E63-E62)) -> 177 | K63: =IF(F63="","",+(F63-F62)) -> 208 | L63: =IF(G63="","",+(G63-G62)) -> 178 | M63: =IF(H63="","",+(H63+I63+J63+K63)) -> 3402 | Q63: =IF(L63="",1,0) -> 0
B64: 44256 | C64: 16228335 | D64: 5277147 | E64: 253884 | F64: 649471 | G64: 304105 | H64: =IF(C64="","",+(C64-C63)) -> 0 | I64: =IF(D64="","",+(D64-D63)) -> 3586 | J64: =IF(E64="","",+(E64-E63)) -> 221 | K64: =IF(F64="","",+(F64-F63)) -> 200 | L64: =IF(G64="","",+(G64-G63)) -> 182 | M64: =IF(H64="","",+(H64+I64+J64+K64)) -> 4007 | Q64: =IF(L64="",1,0) -> 0
B65: 44257 | C65: 16228335 | D65: 5280549 | E65: 254100 | F65: 649666 | G65: 304303 | H65: =IF(C65="","",+(C65-C64)) -> 0 | I65: =IF(D65="","",+(D65-D64)) -> 3402 | J65: =IF(E65="","",+(E65-E64)) -> 216 | K65: =IF(F65="","",+(F65-F64)) -> 195 | L65: =IF(G65="","",+(G65-G64)) -> 198 | M65: =IF(H65="","",+(H65+I65+J65+K65)) -> 3813 | Q65: =IF(L65="",1,0) -> 0
B66: 44258 | C66: 16228335 | D66: 5283844 | E66: 254290 | F66: 649835 | G66: 304480 | H66: =IF(C66="","",+(C66-C65)) -> 0 | I66: =IF(D66="","",+(D66-D65)) -> 3295 | J66: =IF(E66="","",+(E66-E65)) -> 190 | K66: =IF(F66="","",+(F66-F65)) -> 169 | L66: =IF(G66="","",+(G66-G65)) -> 177 | M66: =IF(H66="","",+(H66+I66+J66+K66)) -> 3654 | Q66: =IF(L66="",1,0) -> 0
B67: 44259 | C67: 16228335 | D67: 5286823 | E67: 254478 | F67: 650024 | G67: 304677 | H67: =IF(C67="","",+(C67-C66)) -> 0 | I67: =IF(D67="","",+(D67-D66)) -> 2979 | J67: =IF(E67="","",+(E67-E66)) -> 188 | K67: =IF(F67="","",+(F67-F66)) -> 189 | L67: =IF(G67="","",+(G67-G66)) -> 197 | M67: =IF(H67="","",+(H67+I67+J67+K67)) -> 3356 | Q67: =IF(L67="",1,0) -> 0
B68: 44260 | C68: 16228335 | D68: 5289470 | E68: 254645 | F68: 650207 | G68: 304851 | H68: =IF(C68="","",+(C68-C67)) -> 0 | I68: =IF(D68="","",+(D68-D67)) -> 2647 | J68: =IF(E68="","",+(E68-E67)) -> 167 | K68: =IF(F68="","",+(F68-F67)) -> 183 | L68: =IF(G68="","",+(G68-G67)) -> 174 | M68: =IF(H68="","",+(H68+I68+J68+K68)) -> 2997 | Q68: =IF(L68="",1,0) -> 0
B69: 44261 | C69: 16228335 | D69: 5292302 | E69: 254823 | F69: 650404 | G69: 305028 | H69: =IF(C69="","",+(C69-C68)) -> 0 | I69: =IF(D69="","",+(D69-D68)) -> 2832 | J69: =IF(E69="","",+(E69-E68)) -> 178 | K69: =IF(F69="","",+(F69-F68)) -> 197 | L69: =IF(G69="","",+(G69-G68)) -> 177 | M69: =IF(H69="","",+(H69+I69+J69+K69)) -> 3207 | Q69: =IF(L69="",1,0) -> 0
B70: 44262 | C70: 16228335 | D70: 5295626 | E70: 255018 | F70: 650604 | G70: 305208 | H70: =IF(C70="","",+(C70-C69)) -> 0 | I70: =IF(D70="","",+(D70-D69)) -> 3324 | J70: =IF(E70="","",+(E70-E69)) -> 195 | K70: =IF(F70="","",+(F70-F69)) -> 200 | L70: =IF(G70="","",+(G70-G69)) -> 180 | M70: =IF(H70="","",+(H70+I70+J70+K70)) -> 3719 | Q70: =IF(L70="",1,0) -> 0
B71: 44263 | C71: 16228335 | D71: 5298256 | E71: 255203 | F71: 650787 | G71: 305398 | H71: =IF(C71="","",+(C71-C70)) -> 0 | I71: =IF(D71="","",+(D71-D70)) -> 2630 | J71: =IF(E71="","",+(E71-E70)) -> 185 | K71: =IF(F71="","",+(F71-F70)) -> 183 | L71: =IF(G71="","",+(G71-G70)) -> 190 | M71: =IF(H71="","",+(H71+I71+J71+K71)) -> 2998 | Q71: =IF(L71="",1,0) -> 0
B72: 44264 | C72: 16228335 | D72: 5302354 | E72: 255404 | F72: 650960 | G72: 305563 | H72: =IF(C72="","",+(C72-C71)) -> 0 | I72: =IF(D72="","",+(D72-D71)) -> 4098 | J72: =IF(E72="","",+(E72-E71)) -> 201 | K72: =IF(F72="","",+(F72-F71)) -> 173 | L72: =IF(G72="","",+(G72-G71)) -> 165 | M72: =IF(H72="","",+(H72+I72+J72+K72)) -> 4472 | Q72: =IF(L72="",1,0) -> 0
B73: 44265 | C73: 16228335 | D73: 5306084 | E73: 255619 | F73: 651148 | G73: 305736 | H73: =IF(C73="","",+(C73-C72)) -> 0 | I73: =IF(D73="","",+(D73-D72)) -> 3730 | J73: =IF(E73="","",+(E73-E72)) -> 215 | K73: =IF(F73="","",+(F73-F72)) -> 188 | L73: =IF(G73="","",+(G73-G72)) -> 173 | M73: =IF(H73="","",+(H73+I73+J73+K73)) -> 4133 | Q73: =IF(L73="",1,0) -> 0
B74: 44266 | C74: 16228335 | D74: 5309836 | E74: 255779 | F74: 651321 | G74: 305910 | H74: =IF(C74="","",+(C74-C73)) -> 0 | I74: =IF(D74="","",+(D74-D73)) -> 3752 | J74: =IF(E74="","",+(E74-E73)) -> 160 | K74: =IF(F74="","",+(F74-F73)) -> 173 | L74: =IF(G74="","",+(G74-G73)) -> 174 | M74: =IF(H74="","",+(H74+I74+J74+K74)) -> 4085 | Q74: =IF(L74="",1,0) -> 0
... B83: 44275 | C83: 16228335 | D83: 5343052 | E83: 257317 | F83: 652958 | G83: 307860 | H83: =IF(C83="","",+(C83-C82)) -> 0 | I83: =IF(D83="","",+(D83-D82)) -> 3677 | J83: =IF(E83="","",+(E83-E82)) -> 176 | K83: =IF(F83="","",+(F83-F82)) -> 194 | L83: =IF(G83="","",+(G83-G82)) -> 237 | M83: =IF(H83="","",+(H83+I83+J83+K83)) -> 4047 | Q83: =IF(L83="",1,0) -> 0
B84: 44276 | C84: 16228335 | D84: 5346143 | E84: 257458 | F84: 653159 | G84: 308065 | H84: =IF(C84="","",+(C84-C83)) -> 0 | I84: =IF(D84="","",+(D84-D83)) -> 3091 | J84: =IF(E84="","",+(E84-E83)) -> 141 | K84: =IF(F84="","",+(F84-F83)) -> 201 | L84: =IF(G84="","",+(G84-G83)) -> 205 | M84: =IF(H84="","",+(H84+I84+J84+K84)) -> 3433 | N84: Total Water m3 | O84: Total Gas m3 | Q84: =IF(L84="",1,0) -> 0
B85: 44277 | C85: 16228335 | D85: 5349401 | E85: 257647 | F85: 653325 | G85: 308293 | H85: =IF(C85="","",+(C85-C84)) -> 0 | I85: =IF(D85="","",+(D85-D84)) -> 3258 | J85: =IF(E85="","",+(E85-E84)) -> 189 | K85: =IF(F85="","",+(F85-F84)) -> 166 | L85: =IF(G85="","",+(G85-G84)) -> 228 | M85: =IF(H85="","",+(H85+I85+J85+K85)) -> 3613 | Q85: =IF(L85="",1,0) -> 0
B86: 44278 | C86: 16228335 | D86: 5352338 | E86: 257811 | F86: 653499 | G86: 308525 | H86: =IF(C86="","",+(C86-C85)) -> 0 | I86: =IF(D86="","",+(D86-D85)) -> 2937 | J86: =IF(E86="","",+(E86-E85)) -> 164 | K86: =IF(F86="","",+(F86-F85)) -> 174 | L86: =IF(G86="","",+(G86-G85)) -> 232 | M86: =IF(H86="","",+(H86+I86+J86+K86)) -> 3275 | Q86: =IF(L86="",1,0) -> 0
B87: 44279 | C87: 16228335 | D87: 5355291 | E87: 257981 | F87: 653695 | G87: 308767 | H87: =IF(C87="","",+(C87-C86)) -> 0 | I87: =IF(D87="","",+(D87-D86)) -> 2953 | J87: =IF(E87="","",+(E87-E86)) -> 170 | K87: =IF(F87="","",+(F87-F86)) -> 196 | L87: =IF(G87="","",+(G87-G86)) -> 242 | M87: =IF(H87="","",+(H87+I87+J87+K87)) -> 3319 | N87: =SUM(L64:L94) -> 6529 | O87: =SUM(M64:M94) -> 109817 | Q87: =IF(L87="",1,0) -> 0
B88: 44280 | C88: 16228335 | D88: 5358181 | E88: 258189 | F88: 653888 | G88: 309032 | H88: =IF(C88="","",+(C88-C87)) -> 0 | I88: =IF(D88="","",+(D88-D87)) -> 2890 | J88: =IF(E88="","",+(E88-E87)) -> 208 | K88: =IF(F88="","",+(F88-F87)) -> 193 | L88: =IF(G88="","",+(G88-G87)) -> 265 | M88: =IF(H88="","",+(H88+I88+J88+K88)) -> 3291 | N88: Daily Average Water Consumption | O88: Daily Average Gas Consumption | Q88: =IF(L88="",1,0) -> 0
B89: 44281 | C89: 16228335 | D89: 5361126 | E89: 258362 | F89: 654080 | G89: 309262 | H89: =IF(C89="","",+(C89-C88)) -> 0 | I89: =IF(D89="","",+(D89-D88)) -> 2945 | J89: =IF(E89="","",+(E89-E88)) -> 173 | K89: =IF(F89="","",+(F89-F88)) -> 192 | L89: =IF(G89="","",+(G89-G88)) -> 230 | M89: =IF(H89="","",+(H89+I89+J89+K89)) -> 3310 | Q89: =IF(L89="",1,0) -> 0
B90: 44282 | C90: 16228335 | D90: 5363693 | E90: 258542 | F90: 654301 | G90: 309506 | H90: =IF(C90="","",+(C90-C89)) -> 0 | I90: =IF(D90="","",+(D90-D89)) -> 2567 | J90: =IF(E90="","",+(E90-E89)) -> 180 | K90: =IF(F90="","",+(F90-F89)) -> 221 | L90: =IF(G90="","",+(G90-G89)) -> 244 | M90: =IF(H90="","",+(H90+I90+J90+K90)) -> 2968 | N90: =AVERAGE(L64:L94) -> 210.6129 | O90: =AVERAGE(M64:M94) -> 3542.4839 | Q90: =IF(L90="",1,0) -> 0
B91: 44283 | C91: 16228335 | D91: 5366025 | E91: 258739 | F91: 654497 | G91: 309748 | H91: =IF(C91="","",+(C91-C90)) -> 0 | I91: =IF(D91="","",+(D91-D90)) -> 2332 | J91: =IF(E91="","",+(E91-E90)) -> 197 | K91: =IF(F91="","",+(F91-F90)) -> 196 | L91: =IF(G91="","",+(G91-G90)) -> 242 | M91: =IF(H91="","",+(H91+I91+J91+K91)) -> 2725 | N91: ISKI Aysonu | O91: Doğalgaz Aysonu | Q91: =IF(L91="",1,0) -> 0
B92: 44284 | C92: 16228335 | D92: 5368074 | E92: 258933 | F92: 654698 | G92: 309975 | H92: =IF(C92="","",+(C92-C91)) -> 0 | I92: =IF(D92="","",+(D92-D91)) -> 2049 | J92: =IF(E92="","",+(E92-E91)) -> 194 | K92: =IF(F92="","",+(F92-F91)) -> 201 | L92: =IF(G92="","",+(G92-G91)) -> 227 | M92: =IF(H92="","",+(H92+I92+J92+K92)) -> 2444 | Q92: =IF(L92="",1,0) -> 0
B93: 44285 | C93: 16228335 | D93: 5369973 | E93: 259154 | F93: 654906 | G93: 310197 | H93: =IF(C93="","",+(C93-C92)) -> 0 | I93: =IF(D93="","",+(D93-D92)) -> 1899 | J93: =IF(E93="","",+(E93-E92)) -> 221 | K93: =IF(F93="","",+(F93-F92)) -> 208 | L93: =IF(G93="","",+(G93-G92)) -> 222 | M93: =IF(H93="","",+(H93+I93+J93+K93)) -> 2328 | N93: =N87+(N90*SUM(Q64:Q94)) -> 6529 | O93: =O87+(O90*SUM(Q64:Q94)) -> 109817 | Q93: =IF(L93="",1,0) -> 0
B94: 44286 | C94: 16228335 | D94: 5371841 | E94: 259360 | F94: 655111 | G94: 310452 | H94: =IF(C94="","",+(C94-C93)) -> 0 | I94: =IF(D94="","",+(D94-D93)) -> 1868 | J94: =IF(E94="","",+(E94-E93)) -> 206 | K94: =IF(F94="","",+(F94-F93)) -> 205 | L94: =IF(G94="","",+(G94-G93)) -> 255 | M94: =IF(H94="","",+(H94+I94+J94+K94)) -> 2279 | Q94: =IF(L94="",1,0) -> 0
B95: 44287 | C95: 16228335 | D95: 5373485 | E95: 259569 | F95: 655322 | G95: 310696 | H95: =IF(C95="","",+(C95-C94)) -> 0 | I95: =IF(D95="","",+(D95-D94)) -> 1644 | J95: =IF(E95="","",+(E95-E94)) -> 209 | K95: =IF(F95="","",+(F95-F94)) -> 211 | L95: =IF(G95="","",+(G95-G94)) -> 244 | M95: =IF(H95="","",+(H95+I95+J95+K95)) -> 2064 | Q95: =IF(L95="",1,0) -> 0
B96: 44288 | C96: 16228335 | D96: 5375067 | E96: 259773 | F96: 655543 | G96: 310962 | H96: =IF(C96="","",+(C96-C95)) -> 0 | I96: =IF(D96="","",+(D96-D95)) -> 1582 | J96: =IF(E96="","",+(E96-E95)) -> 204 | K96: =IF(F96="","",+(F96-F95)) -> 221 | L96: =IF(G96="","",+(G96-G95)) -> 266 | M96: =IF(H96="","",+(H96+I96+J96+K96)) -> 2007 | Q96: =IF(L96="",1,0) -> 0
B97: 44289 | C97: 16228335 | D97: 5376946 | E97: 259987 | F97: 655750 | G97: 311213 | H97: =IF(C97="","",+(C97-C96)) -> 0 | I97: =IF(D97="","",+(D97-D96)) -> 1879 | J97: =IF(E97="","",+(E97-E96)) -> 214 | K97: =IF(F97="","",+(F97-F96)) -> 207 | L97: =IF(G97="","",+(G97-G96)) -> 251 | M97: =IF(H97="","",+(H97+I97+J97+K97)) -> 2300 | Q97: =IF(L97="",1,0) -> 0
B98: 44290 | C98: 16228335 | D98: 5379107 | E98: 260181 | F98: 655963 | G98: 311465 | H98: =IF(C98="","",+(C98-C97)) -> 0 | I98: =IF(D98="","",+(D98-D97)) -> 2161 | J98: =IF(E98="","",+(E98-E97)) -> 194 | K98: =IF(F98="","",+(F98-F97)) -> 213 | L98: =IF(G98="","",+(G98-G97)) -> 252 | M98: =IF(H98="","",+(H98+I98+J98+K98)) -> 2568 | Q98: =IF(L98="",1,0) -> 0
B99: 44291 | C99: 16228335 | D99: 5381968 | E99: 260410 | F99: 656150 | G99: 311695 | H99: =IF(C99="","",+(C99-C98)) -> 0 | I99: =IF(D99="","",+(D99-D98)) -> 2861 | J99: =IF(E99="","",+(E99-E98)) -> 229 | K99: =IF(F99="","",+(F99-F98)) -> 187 | L99: =IF(G99="","",+(G99-G98)) -> 230 | M99: =IF(H99="","",+(H99+I99+J99+K99)) -> 3277 | Q99: =IF(L99="",1,0) -> 0
B100: 44292 | C100: 16228335 | D100: 5384243 | E100: 260628 | F100: 656355 | G100: 311928 | H100: =IF(C100="","",+(C100-C99)) -> 0 | I100: =IF(D100="","",+(D100-D99)) -> 2275 | J100: =IF(E100="","",+(E100-E99)) -> 218 | K100: =IF(F100="","",+(F100-F99)) -> 205 | L100: =IF(G100="","",+(G100-G99)) -> 233 | M100: =IF(H100="","",+(H100+I100+J100+K100)) -> 2698 | Q100: =IF(L100="",1,0) -> 0
B101: 44293 | C101: 16228335 | D101: 5386306 | E101: 260844 | F101: 656561 | G101: 312173 | H101: =IF(C101="","",+(C101-C100)) -> 0 | I101: =IF(D101="","",+(D101-D100)) -> 2063 | J101: =IF(E101="","",+(E101-E100)) -> 216 | K101: =IF(F101="","",+(F101-F100)) -> 206 | L101: =IF(G101="","",+(G101-G100)) -> 245 | M101: =IF(H101="","",+(H101+I101+J101+K101)) -> 2485 | Q101: =IF(L101="",1,0) -> 0
B102: 44294 | C102: 16228335 | D102: 5388328 | E102: 261047 | F102: 656766 | G102: 312434 | H102: =IF(C102="","",+(C102-C101)) -> 0 | I102: =IF(D102="","",+(D102-D101)) -> 2022 | J102: =IF(E102="","",+(E102-E101)) -> 203 | K102: =IF(F102="","",+(F102-F101)) -> 205 | L102: =IF(G102="","",+(G102-G101)) -> 261 | M102: =IF(H102="","",+(H102+I102+J102+K102)) -> 2430 | Q102: =IF(L102="",1,0) -> 0
B103: 44295 | C103: 16228335 | D103: 5389941 | E103: 261255 | F103: 656977 | G103: 312664 | H103: =IF(C103="","",+(C103-C102)) -> 0 | I103: =IF(D103="","",+(D103-D102)) -> 1613 | J103: =IF(E103="","",+(E103-E102)) -> 208 | K103: =IF(F103="","",+(F103-F102)) -> 211 | L103: =IF(G103="","",+(G103-G102)) -> 230 | M103: =IF(H103="","",+(H103+I103+J103+K103)) -> 2032 | Q103: =IF(L103="",1,0) -> 0
B104: 44296 | C104: 16228335 | D104: 5391725 | E104: 261454 | F104: 657164 | G104: 313004 | H104: =IF(C104="","",+(C104-C103)) -> 0 | I104: =IF(D104="","",+(D104-D103)) -> 1784 | J104: =IF(E104="","",+(E104-E103)) -> 199 | K104: =IF(F104="","",+(F104-F103)) -> 187 | L104: =IF(G104="","",+(G104-G103)) -> 340 | M104: =IF(H104="","",+(H104+I104+J104+K104)) -> 2170 | Q104: =IF(L104="",1,0) -> 0
B105: 44297 | C105: 16228335 | D105: 5394159 | E105: 261629 | F105: 657385 | G105: 313256 | H105: =IF(C105="","",+(C105-C104)) -> 0 | I105: =IF(D105="","",+(D105-D104)) -> 2434 | J105: =IF(E105="","",+(E105-E104)) -> 175 | K105: =IF(F105="","",+(F105-F104)) -> 221 | L105: =IF(G105="","",+(G105-G104)) -> 252 | M105: =IF(H105="","",+(H105+I105+J105+K105)) -> 2830 | Q105: =IF(L105="",1,0) -> 0
... B113: 44305 | C113: 16228335 | D113: 5412175 | E113: 263289 | F113: 659191 | G113: 315266 | H113: =IF(C113="","",+(C113-C112)) -> 0 | I113: =IF(D113="","",+(D113-D112)) -> 2784 | J113: =IF(E113="","",+(E113-E112)) -> 203 | K113: =IF(F113="","",+(F113-F112)) -> 184 | L113: =IF(G113="","",+(G113-G112)) -> 214 | M113: =IF(H113="","",+(H113+I113+J113+K113)) -> 3171 | Q113: =IF(L113="",1,0) -> 0
B114: 44306 | C114: 16228335 | D114: 5414432 | E114: 263508 | F114: 659395 | G114: 315490 | H114: =IF(C114="","",+(C114-C113)) -> 0 | I114: =IF(D114="","",+(D114-D113)) -> 2257 | J114: =IF(E114="","",+(E114-E113)) -> 219 | K114: =IF(F114="","",+(F114-F113)) -> 204 | L114: =IF(G114="","",+(G114-G113)) -> 224 | M114: =IF(H114="","",+(H114+I114+J114+K114)) -> 2680 | N114: Total Water m3 | O114: Total Gas m3 | Q114: =IF(L114="",1,0) -> 0
B115: 44307 | C115: 16228335 | D115: 5416594 | E115: 263689 | F115: 659593 | G115: 315722 | H115: =IF(C115="","",+(C115-C114)) -> 0 | I115: =IF(D115="","",+(D115-D114)) -> 2162 | J115: =IF(E115="","",+(E115-E114)) -> 181 | K115: =IF(F115="","",+(F115-F114)) -> 198 | L115: =IF(G115="","",+(G115-G114)) -> 232 | M115: =IF(H115="","",+(H115+I115+J115+K115)) -> 2541 | Q115: =IF(L115="",1,0) -> 0
B116: 44308 | C116: 16228335 | D116: 5418244 | E116: 263889 | F116: 659787 | G116: 316113 | H116: =IF(C116="","",+(C116-C115)) -> 0 | I116: =IF(D116="","",+(D116-D115)) -> 1650 | J116: =IF(E116="","",+(E116-E115)) -> 200 | K116: =IF(F116="","",+(F116-F115)) -> 194 | L116: =IF(G116="","",+(G116-G115)) -> 391 | M116: =IF(H116="","",+(H116+I116+J116+K116)) -> 2044 | Q116: =IF(L116="",1,0) -> 0
B117: 44309 | C117: 16228335 | D117: 5419829 | E117: 264049 | F117: 660016 | G117: 316574 | H117: =IF(C117="","",+(C117-C116)) -> 0 | I117: =IF(D117="","",+(D117-D116)) -> 1585 | J117: =IF(E117="","",+(E117-E116)) -> 160 | K117: =IF(F117="","",+(F117-F116)) -> 229 | L117: =IF(G117="","",+(G117-G116)) -> 461 | M117: =IF(H117="","",+(H117+I117+J117+K117)) -> 1974 | N117: =SUM(L95:L124) -> 8025 | O117: =SUM(M95:M124) -> 71105 | Q117: =IF(L117="",1,0) -> 0
B118: 44310 | C118: 16228335 | D118: 5421218 | E118: 264209 | F118: 660241 | G118: 316820 | H118: =IF(C118="","",+(C118-C117)) -> 0 | I118: =IF(D118="","",+(D118-D117)) -> 1389 | J118: =IF(E118="","",+(E118-E117)) -> 160 | K118: =IF(F118="","",+(F118-F117)) -> 225 | L118: =IF(G118="","",+(G118-G117)) -> 246 | M118: =IF(H118="","",+(H118+I118+J118+K118)) -> 1774 | N118: Daily Average Water Consumption | O118: Daily Average Gas Consumption | Q118: =IF(L118="",1,0) -> 0
B119: 44311 | C119: 16228335 | D119: 5422901 | E119: 264399 | F119: 660457 | G119: 317098 | H119: =IF(C119="","",+(C119-C118)) -> 0 | I119: =IF(D119="","",+(D119-D118)) -> 1683 | J119: =IF(E119="","",+(E119-E118)) -> 190 | K119: =IF(F119="","",+(F119-F118)) -> 216 | L119: =IF(G119="","",+(G119-G118)) -> 278 | M119: =IF(H119="","",+(H119+I119+J119+K119)) -> 2089 | Q119: =IF(L119="",1,0) -> 0
B120: 44312 | C120: 16228335 | D120: 5424420 | E120: 264610 | F120: 660674 | G120: 317366 | H120: =IF(C120="","",+(C120-C119)) -> 0 | I120: =IF(D120="","",+(D120-D119)) -> 1519 | J120: =IF(E120="","",+(E120-E119)) -> 211 | K120: =IF(F120="","",+(F120-F119)) -> 217 | L120: =IF(G120="","",+(G120-G119)) -> 268 | M120: =IF(H120="","",+(H120+I120+J120+K120)) -> 1947 | N120: =AVERAGE(L95:L124) -> 267.5 | O120: =AVERAGE(M95:M124) -> 2370.1667 | Q120: =IF(L120="",1,0) -> 0
B121: 44313 | C121: 16228335 | D121: 5425883 | E121: 264809 | F121: 660893 | G121: 317633 | H121: =IF(C121="","",+(C121-C120)) -> 0 | I121: =IF(D121="","",+(D121-D120)) -> 1463 | J121: =IF(E121="","",+(E121-E120)) -> 199 | K121: =IF(F121="","",+(F121-F120)) -> 219 | L121: =IF(G121="","",+(G121-G120)) -> 267 | M121: =IF(H121="","",+(H121+I121+J121+K121)) -> 1881 | O121: =IF(L121="",1,0) -> 0
B122: 44314 | C122: 16228335 | D122: 5427389 | E122: 264996 | F122: 661109 | G122: 317878 | H122: =IF(C122="","",+(C122-C121)) -> 0 | I122: =IF(D122="","",+(D122-D121)) -> 1506 | J122: =IF(E122="","",+(E122-E121)) -> 187 | K122: =IF(F122="","",+(F122-F121)) -> 216 | L122: =IF(G122="","",+(G122-G121)) -> 245 | M122: =IF(H122="","",+(H122+I122+J122+K122)) -> 1909 | O122: =IF(L122="",1,0) -> 0
B123: 44315 | C123: 16228335 | D123: 5428823 | E123: 265157 | F123: 661333 | G123: 318158 | H123: =IF(C123="","",+(C123-C122)) -> 0 | I123: =IF(D123="","",+(D123-D122)) -> 1434 | J123: =IF(E123="","",+(E123-E122)) -> 161 | K123: =IF(F123="","",+(F123-F122)) -> 224 | L123: =IF(G123="","",+(G123-G122)) -> 280 | M123: =IF(H123="","",+(H123+I123+J123+K123)) -> 1819 | O123: =IF(L123="",1,0) -> 0
B124: 44316 | C124: 16228335 | D124: 5430522 | E124: 265322 | F124: 661573 | G124: 318477 | H124: =IF(C124="","",+(C124-C123)) -> 0 | I124: =IF(D124="","",+(D124-D123)) -> 1699 | J124: =IF(E124="","",+(E124-E123)) -> 165 | K124: =IF(F124="","",+(F124-F123)) -> 240 | L124: =IF(G124="","",+(G124-G123)) -> 319 | M124: =IF(H124="","",+(H124+I124+J124+K124)) -> 2104 | Q124: =IF(L124="",1,0) -> 0
B125: 44317 | C125: 16228335 | D125: 5432077 | E125: 265473 | F125: 661802 | G125: 318751 | H125: =IF(C125="","",+(C125-C124)) -> 0 | I125: =IF(D125="","",+(D125-D124)) -> 1555 | J125: =IF(E125="","",+(E125-E124)) -> 151 | K125: =IF(F125="","",+(F125-F124)) -> 229 | L125: =IF(G125="","",+(G125-G124)) -> 274 | M125: =IF(H125="","",+(H125+I125+J125+K125)) -> 1935 | Q125: =IF(L125="",1,0) -> 0
B126: 44318 | C126: 16228335 | D126: 5433817 | E126: 265593 | F126: 662000 | G126: 318999 | H126: =IF(C126="","",+(C126-C125)) -> 0 | I126: =IF(D126="","",+(D126-D125)) -> 1740 | J126: =IF(E126="","",+(E126-E125)) -> 120 | K126: =IF(F126="","",+(F126-F125)) -> 198 | L126: =IF(G126="","",+(G126-G125)) -> 248 | M126: =IF(H126="","",+(H126+I126+J126+K126)) -> 2058 | Q126: =IF(L126="",1,0) -> 0
B127: 44319 | C127: 16228335 | D127: 5435378 | E127: 265737 | F127: 662222 | G127: 319327 | H127: =IF(C127="","",+(C127-C126)) -> 0 | I127: =IF(D127="","",+(D127-D126)) -> 1561 | J127: =IF(E127="","",+(E127-E126)) -> 144 | K127: =IF(F127="","",+(F127-F126)) -> 222 | L127: =IF(G127="","",+(G127-G126)) -> 328 | M127: =IF(H127="","",+(H127+I127+J127+K127)) -> 1927 | Q127: =IF(L127="",1,0) -> 0
...
