Workbook

Sheet Total Daily 
A1: Site Name | B1: Day | C1: Month | D1: Year | E1: Total Electricity Kwh | F1: Electricity Tariff ($/Kwh) | G1: LPG (Kg) | H1: LPG $/Kg | I1: District Energy Cooling Kwh | J1: District Energy Cooling $/Kwh | K1: Water Utility Supply (m3) m3 | L1: Water Utility Supply (m3) m3 | M1: Water Utility Supply (m3) $/m3 | N1: Room Nights
A2: Dubai DIFC | B2: 1 | C2: 8 | D2: 2022 | E2: ='08 - 2022'!B8-'08 - 2022'!B7+'08 - 2022'!C8-'08 - 2022'!C7 -> 9839 | F2: 0.118 | G2: ='08 - 2022'!D8-'08 - 2022'!D7+'08 - 2022'!E8-'08 - 2022'!E7 -> 24.47 | H2: 0.99 | I2: ='08 - 2022'!J8-'08 - 2022'!J7 -> 33729 | J2: 0.081 | K2: ='08 - 2022'!H8-'08 - 2022'!H7 -> 0 | L2: ='08 - 2022'!I8-'08 - 2022'!I7 -> 100 | M2: 4.3936294 | N2: 44
A3: Dubai DIFC | B3: =B2+1 -> 2 | C3: 8 | D3: 2022 | E3: ='08 - 2022'!B9-'08 - 2022'!B8+'08 - 2022'!C9-'08 - 2022'!C8 -> 9610 | F3: 0.118 | G3: ='08 - 2022'!D9-'08 - 2022'!D8+'08 - 2022'!E9-'08 - 2022'!E8 -> 24.28 | H3: 0.99 | I3: ='08 - 2022'!J9-'08 - 2022'!J8 -> 33335 | J3: 0.081 | K3: ='08 - 2022'!H9-'08 - 2022'!H8 -> 0 | L3: ='08 - 2022'!I9-'08 - 2022'!I8 -> 101 | M3: 4.3936294 | N3: 54
A4: Dubai DIFC | B4: =B3+1 -> 3 | C4: 8 | D4: 2022 | E4: 0 | F4: 0.118 | G4: 0 | H4: 0.99 | I4: 0 | J4: 0.081 | K4: 0 | L4: 0 | M4: 4.3936294
A5: Dubai DIFC | B5: =B4+1 -> 4 | C5: 8 | D5: 2022 | E5: ='08 - 2022'!B11-'08 - 2022'!B10+'08 - 2022'!C11-'08 - 2022'!C10 -> 0 | F5: 0.118 | G5: ='08 - 2022'!D11-'08 - 2022'!D10+'08 - 2022'!E11-'08 - 2022'!E10 -> 0 | H5: 0.99 | I5: ='08 - 2022'!J11-'08 - 2022'!J10 -> 0 | J5: 0.081 | K5: ='08 - 2022'!H11-'08 - 2022'!H10 -> 0 | L5: ='08 - 2022'!I11-'08 - 2022'!I10 -> 0 | M5: 4.3936294
A6: Dubai DIFC | B6: =B5+1 -> 5 | C6: 8 | D6: 2022 | E6: ='08 - 2022'!B12-'08 - 2022'!B11+'08 - 2022'!C12-'08 - 2022'!C11 -> 0 | F6: 0.118 | G6: ='08 - 2022'!D12-'08 - 2022'!D11+'08 - 2022'!E12-'08 - 2022'!E11 -> 0 | H6: 0.99 | I6: ='08 - 2022'!J12-'08 - 2022'!J11 -> 0 | J6: 0.081 | K6: ='08 - 2022'!H12-'08 - 2022'!H11 -> 0 | L6: ='08 - 2022'!I12-'08 - 2022'!I11 -> 0 | M6: 4.3936294
A7: Dubai DIFC | B7: =B6+1 -> 6 | C7: 8 | D7: 2022 | E7: ='08 - 2022'!B13-'08 - 2022'!B12+'08 - 2022'!C13-'08 - 2022'!C12 -> 0 | F7: 0.118 | G7: ='08 - 2022'!D13-'08 - 2022'!D12+'08 - 2022'!E13-'08 - 2022'!E12 -> 0 | H7: 0.99 | I7: ='08 - 2022'!J13-'08 - 2022'!J12 -> 0 | J7: 0.081 | K7: ='08 - 2022'!H13-'08 - 2022'!H12 -> 0 | L7: ='08 - 2022'!I13-'08 - 2022'!I12 -> 0 | M7: 4.3936294
A8: Dubai DIFC | B8: =B7+1 -> 7 | C8: 8 | D8: 2022 | E8: ='08 - 2022'!B14-'08 - 2022'!B13+'08 - 2022'!C14-'08 - 2022'!C13 -> 0 | F8: 0.118 | G8: ='08 - 2022'!D14-'08 - 2022'!D13+'08 - 2022'!E14-'08 - 2022'!E13 -> 0 | H8: 0.99 | I8: ='08 - 2022'!J14-'08 - 2022'!J13 -> 0 | J8: 0.081 | K8: ='08 - 2022'!H14-'08 - 2022'!H13 -> 0 | L8: ='08 - 2022'!I14-'08 - 2022'!I13 -> 0 | M8: 4.3936294
A9: Dubai DIFC | B9: =B8+1 -> 8 | C9: 8 | D9: 2022 | E9: ='08 - 2022'!B15-'08 - 2022'!B14+'08 - 2022'!C15-'08 - 2022'!C14 -> 0 | F9: 0.118 | G9: ='08 - 2022'!D15-'08 - 2022'!D14+'08 - 2022'!E15-'08 - 2022'!E14 -> 0 | H9: 0.99 | I9: ='08 - 2022'!J15-'08 - 2022'!J14 -> 0 | J9: 0.081 | K9: ='08 - 2022'!H15-'08 - 2022'!H14 -> 0 | L9: ='08 - 2022'!I15-'08 - 2022'!I14 -> 0 | M9: 4.3936294
A10: Dubai DIFC | B10: =B9+1 -> 9 | C10: 8 | D10: 2022 | E10: ='08 - 2022'!B16-'08 - 2022'!B15+'08 - 2022'!C16-'08 - 2022'!C15 -> 0 | F10: 0.118 | G10: ='08 - 2022'!D16-'08 - 2022'!D15+'08 - 2022'!E16-'08 - 2022'!E15 -> 0 | H10: 0.99 | I10: ='08 - 2022'!J16-'08 - 2022'!J15 -> 0 | J10: 0.081 | K10: ='08 - 2022'!H16-'08 - 2022'!H15 -> 0 | L10: ='08 - 2022'!I16-'08 - 2022'!I15 -> 0 | M10: 4.3936294
A11: Dubai DIFC | B11: =B10+1 -> 10 | C11: 8 | D11: 2022 | E11: ='08 - 2022'!B17-'08 - 2022'!B16+'08 - 2022'!C17-'08 - 2022'!C16 -> 0 | F11: 0.118 | G11: ='08 - 2022'!D17-'08 - 2022'!D16+'08 - 2022'!E17-'08 - 2022'!E16 -> 0 | H11: 0.99 | I11: ='08 - 2022'!J17-'08 - 2022'!J16 -> 0 | J11: 0.081 | K11: ='08 - 2022'!H17-'08 - 2022'!H16 -> 0 | L11: ='08 - 2022'!I17-'08 - 2022'!I16 -> 0 | M11: 4.3936294
A12: Dubai DIFC | B12: =B11+1 -> 11 | C12: 8 | D12: 2022 | E12: ='08 - 2022'!B18-'08 - 2022'!B17+'08 - 2022'!C18-'08 - 2022'!C17 -> 0 | F12: 0.118 | G12: ='08 - 2022'!D18-'08 - 2022'!D17+'08 - 2022'!E18-'08 - 2022'!E17 -> 0 | H12: 0.99 | I12: ='08 - 2022'!J18-'08 - 2022'!J17 -> 0 | J12: 0.081 | K12: ='08 - 2022'!H18-'08 - 2022'!H17 -> 0 | L12: ='08 - 2022'!I18-'08 - 2022'!I17 -> 0 | M12: 4.3936294
A13: Dubai DIFC | B13: =B12+1 -> 12 | C13: 8 | D13: 2022 | E13: ='08 - 2022'!B19-'08 - 2022'!B18+'08 - 2022'!C19-'08 - 2022'!C18 -> 0 | F13: 0.118 | G13: ='08 - 2022'!D19-'08 - 2022'!D18+'08 - 2022'!E19-'08 - 2022'!E18 -> 0 | H13: 0.99 | I13: ='08 - 2022'!J19-'08 - 2022'!J18 -> 0 | J13: 0.081 | K13: ='08 - 2022'!H19-'08 - 2022'!H18 -> 0 | L13: ='08 - 2022'!I19-'08 - 2022'!I18 -> 0 | M13: 4.3936294
A14: Dubai DIFC | B14: =B13+1 -> 13 | C14: 8 | D14: 2022 | E14: ='08 - 2022'!B20-'08 - 2022'!B19+'08 - 2022'!C20-'08 - 2022'!C19 -> 0 | F14: 0.118 | G14: ='08 - 2022'!D20-'08 - 2022'!D19+'08 - 2022'!E20-'08 - 2022'!E19 -> 0 | H14: 0.99 | I14: ='08 - 2022'!J20-'08 - 2022'!J19 -> 0 | J14: 0.081 | K14: ='08 - 2022'!H20-'08 - 2022'!H19 -> 0 | L14: ='08 - 2022'!I20-'08 - 2022'!I19 -> 0 | M14: 4.3936294
A15: Dubai DIFC | B15: =B14+1 -> 14 | C15: 8 | D15: 2022 | E15: ='08 - 2022'!B21-'08 - 2022'!B20+'08 - 2022'!C21-'08 - 2022'!C20 -> 0 | F15: 0.118 | G15: ='08 - 2022'!D21-'08 - 2022'!D20+'08 - 2022'!E21-'08 - 2022'!E20 -> 0 | H15: 0.99 | I15: ='08 - 2022'!J21-'08 - 2022'!J20 -> 0 | J15: 0.081 | K15: ='08 - 2022'!H21-'08 - 2022'!H20 -> 0 | L15: ='08 - 2022'!I21-'08 - 2022'!I20 -> 0 | M15: 4.3936294
A16: Dubai DIFC | B16: =B15+1 -> 15 | C16: 8 | D16: 2022 | E16: ='08 - 2022'!B22-'08 - 2022'!B21+'08 - 2022'!C22-'08 - 2022'!C21 -> 0 | F16: 0.118 | G16: ='08 - 2022'!D22-'08 - 2022'!D21+'08 - 2022'!E22-'08 - 2022'!E21 -> 0 | H16: 0.99 | I16: ='08 - 2022'!J22-'08 - 2022'!J21 -> 0 | J16: 0.081 | K16: ='08 - 2022'!H22-'08 - 2022'!H21 -> 0 | L16: ='08 - 2022'!I22-'08 - 2022'!I21 -> 0 | M16: 4.3936294
... A32: Dubai DIFC | B32: =B31+1 -> 31 | C32: 8 | D32: 2022 | E32: ='08 - 2022'!B38-'08 - 2022'!B37+'08 - 2022'!C38-'08 - 2022'!C37 -> 0 | F32: 0.118 | G32: ='08 - 2022'!D38-'08 - 2022'!D37+'08 - 2022'!E38-'08 - 2022'!E37 -> 0 | H32: 0.99 | I32: ='08 - 2022'!J38-'08 - 2022'!J37 -> 0 | J32: 0.081 | K32: ='08 - 2022'!H38-'08 - 2022'!H37 -> 0 | L32: ='08 - 2022'!I38-'08 - 2022'!I37 -> 0 | M32: 4.3936294

Sheet Submetering Daily 
A1: Site Name | B1: Day | C1: Month | D1: Year | E1: Panel LV1 Kwh | F1: Panel LV2 Kwh | G1: Electricity Tariff ($/Kwh) | H1: Main Kitchen LPG (Kg) | I1: Podium Kitchen LPG (Kg) | J1: Boiler LPG (Kg) | K1: LPG $/Kg | L1: Room Nights
A2: Dubai DIFC | B2: 1 | C2: 8 | D2: 2022 | E2: ='08 - 2022'!B8-'08 - 2022'!B7 -> 4159 | F2: ='08 - 2022'!C8-'08 - 2022'!C7 -> 5680 | G2: 0.118 | H2: ='08 - 2022'!E8-'08 - 2022'!E7 -> 24.43 | I2: ='08 - 2022'!F8-'08 - 2022'!F7 -> 6.89 | J2: ='08 - 2022'!G8-'08 - 2022'!G7 -> 27.42 | K2: 0.74 | L2: 44
A3: Dubai DIFC | B3: =B2+1 -> 2 | C3: 8 | D3: 2022 | E3: ='08 - 2022'!B9-'08 - 2022'!B8 -> 4112 | F3: ='08 - 2022'!C9-'08 - 2022'!C8 -> 5498 | G3: 0.118 | H3: ='08 - 2022'!E9-'08 - 2022'!E8 -> 24.31 | I3: ='08 - 2022'!F9-'08 - 2022'!F8 -> 8.38 | J3: ='08 - 2022'!G9-'08 - 2022'!G8 -> 26.57 | K3: 0.74 | L3: 54
A4: Dubai DIFC | B4: =B3+1 -> 3 | C4: 8 | D4: 2022 | E4: 0 | F4: 0 | G4: 0.118 | H4: 0 | I4: 0 | J4: 0 | K4: 0.74
A5: Dubai DIFC | B5: =B4+1 -> 4 | C5: 8 | D5: 2022 | E5: ='08 - 2022'!B11-'08 - 2022'!B10 -> 0 | F5: ='08 - 2022'!C11-'08 - 2022'!C10 -> 0 | G5: 0.118 | H5: ='08 - 2022'!E11-'08 - 2022'!E10 -> 0 | I5: ='08 - 2022'!F11-'08 - 2022'!F10 -> 0 | J5: ='08 - 2022'!G11-'08 - 2022'!G10 -> 0 | K5: 0.74
A6: Dubai DIFC | B6: =B5+1 -> 5 | C6: 8 | D6: 2022 | E6: ='08 - 2022'!B12-'08 - 2022'!B11 -> 0 | F6: ='08 - 2022'!C12-'08 - 2022'!C11 -> 0 | G6: 0.118 | H6: ='08 - 2022'!E12-'08 - 2022'!E11 -> 0 | I6: ='08 - 2022'!F12-'08 - 2022'!F11 -> 0 | J6: ='08 - 2022'!G12-'08 - 2022'!G11 -> 0 | K6: 0.74
A7: Dubai DIFC | B7: =B6+1 -> 6 | C7: 8 | D7: 2022 | E7: ='08 - 2022'!B13-'08 - 2022'!B12 -> 0 | F7: ='08 - 2022'!C13-'08 - 2022'!C12 -> 0 | G7: 0.118 | H7: ='08 - 2022'!E13-'08 - 2022'!E12 -> 0 | I7: ='08 - 2022'!F13-'08 - 2022'!F12 -> 0 | J7: ='08 - 2022'!G13-'08 - 2022'!G12 -> 0 | K7: 0.74
A8: Dubai DIFC | B8: =B7+1 -> 7 | C8: 8 | D8: 2022 | E8: ='08 - 2022'!B14-'08 - 2022'!B13 -> 0 | F8: ='08 - 2022'!C14-'08 - 2022'!C13 -> 0 | G8: 0.118 | H8: ='08 - 2022'!E14-'08 - 2022'!E13 -> 0 | I8: ='08 - 2022'!F14-'08 - 2022'!F13 -> 0 | J8: ='08 - 2022'!G14-'08 - 2022'!G13 -> 0 | K8: 0.74
A9: Dubai DIFC | B9: =B8+1 -> 8 | C9: 8 | D9: 2022 | E9: ='08 - 2022'!B15-'08 - 2022'!B14 -> 0 | F9: ='08 - 2022'!C15-'08 - 2022'!C14 -> 0 | G9: 0.118 | H9: ='08 - 2022'!E15-'08 - 2022'!E14 -> 0 | I9: ='08 - 2022'!F15-'08 - 2022'!F14 -> 0 | J9: ='08 - 2022'!G15-'08 - 2022'!G14 -> 0 | K9: 0.74
A10: Dubai DIFC | B10: =B9+1 -> 9 | C10: 8 | D10: 2022 | E10: ='08 - 2022'!B16-'08 - 2022'!B15 -> 0 | F10: ='08 - 2022'!C16-'08 - 2022'!C15 -> 0 | G10: 0.118 | H10: ='08 - 2022'!E16-'08 - 2022'!E15 -> 0 | I10: ='08 - 2022'!F16-'08 - 2022'!F15 -> 0 | J10: ='08 - 2022'!G16-'08 - 2022'!G15 -> 0 | K10: 0.74
A11: Dubai DIFC | B11: =B10+1 -> 10 | C11: 8 | D11: 2022 | E11: ='08 - 2022'!B17-'08 - 2022'!B16 -> 0 | F11: ='08 - 2022'!C17-'08 - 2022'!C16 -> 0 | G11: 0.118 | H11: ='08 - 2022'!E17-'08 - 2022'!E16 -> 0 | I11: ='08 - 2022'!F17-'08 - 2022'!F16 -> 0 | J11: ='08 - 2022'!G17-'08 - 2022'!G16 -> 0 | K11: 0.74
A12: Dubai DIFC | B12: =B11+1 -> 11 | C12: 8 | D12: 2022 | E12: ='08 - 2022'!B18-'08 - 2022'!B17 -> 0 | F12: ='08 - 2022'!C18-'08 - 2022'!C17 -> 0 | G12: 0.118 | H12: ='08 - 2022'!E18-'08 - 2022'!E17 -> 0 | I12: ='08 - 2022'!F18-'08 - 2022'!F17 -> 0 | J12: ='08 - 2022'!G18-'08 - 2022'!G17 -> 0 | K12: 0.74
A13: Dubai DIFC | B13: =B12+1 -> 12 | C13: 8 | D13: 2022 | E13: ='08 - 2022'!B19-'08 - 2022'!B18 -> 0 | F13: ='08 - 2022'!C19-'08 - 2022'!C18 -> 0 | G13: 0.118 | H13: ='08 - 2022'!E19-'08 - 2022'!E18 -> 0 | I13: ='08 - 2022'!F19-'08 - 2022'!F18 -> 0 | J13: ='08 - 2022'!G19-'08 - 2022'!G18 -> 0 | K13: 0.74
A14: Dubai DIFC | B14: =B13+1 -> 13 | C14: 8 | D14: 2022 | E14: ='08 - 2022'!B20-'08 - 2022'!B19 -> 0 | F14: ='08 - 2022'!C20-'08 - 2022'!C19 -> 0 | G14: 0.118 | H14: ='08 - 2022'!E20-'08 - 2022'!E19 -> 0 | I14: ='08 - 2022'!F20-'08 - 2022'!F19 -> 0 | J14: ='08 - 2022'!G20-'08 - 2022'!G19 -> 0 | K14: 0.74
A15: Dubai DIFC | B15: =B14+1 -> 14 | C15: 8 | D15: 2022 | E15: ='08 - 2022'!B21-'08 - 2022'!B20 -> 0 | F15: ='08 - 2022'!C21-'08 - 2022'!C20 -> 0 | G15: 0.118 | H15: ='08 - 2022'!E21-'08 - 2022'!E20 -> 0 | I15: ='08 - 2022'!F21-'08 - 2022'!F20 -> 0 | J15: ='08 - 2022'!G21-'08 - 2022'!G20 -> 0 | K15: 0.74
A16: Dubai DIFC | B16: =B15+1 -> 15 | C16: 8 | D16: 2022 | E16: ='08 - 2022'!B22-'08 - 2022'!B21 -> 0 | F16: ='08 - 2022'!C22-'08 - 2022'!C21 -> 0 | G16: 0.118 | H16: ='08 - 2022'!E22-'08 - 2022'!E21 -> 0 | I16: ='08 - 2022'!F22-'08 - 2022'!F21 -> 0 | J16: ='08 - 2022'!G22-'08 - 2022'!G21 -> 0 | K16: 0.74
... A32: Dubai DIFC | B32: =B31+1 -> 31 | C32: 8 | D32: 2022 | E32: ='08 - 2022'!B38-'08 - 2022'!B37 -> 0 | F32: ='08 - 2022'!C38-'08 - 2022'!C37 -> 0 | G32: 0.118 | H32: ='08 - 2022'!E38-'08 - 2022'!E37 -> 0 | I32: ='08 - 2022'!F38-'08 - 2022'!F37 -> 0 | J32: ='08 - 2022'!G38-'08 - 2022'!G37 -> 0 | K32: 0.74

Sheet 08 - 2022
A3: FOUR SEASONS HOTEL - DIFC
A4: HLP READING MONTH OF AUG' 2022
B5: Electricity | D5: LPG (cu.m) | H5: Water (cu.m) | J5: BTU
A6: Date | B6: LV-01, 2025952759 | C6: LV-2, 2030235407 | D6: Main Meter % | E6: Main Kitchen | F6: Podium Kitchen | G6: Boiler | H6: B-3 Water Meter (DIFC) | I6: MainWater Meter (DEWA) | J6: Chilled Water (KWH) | K6: Gas Received (Litres) | L6: Remark
A7: 44773 | B7: 356339 | C7: 1258900 | D7: 0.54 | E7: 3382.84 | F7: 2768.21 | G7: 44347.11 | H7: 14528 | I7: 165500 | J7: 57947880
A8: =A7+1 -> 44774 | B8: 360498 | C8: 1264580 | D8: 0.58 | E8: 3407.27 | F8: 2775.1 | G8: 44374.53 | H8: 14528 | I8: 165600 | J8: 57981609
A9: =A8+1 -> 44775 | B9: 364610 | C9: 1270078 | D9: 0.55 | E9: 3431.58 | F9: 2783.48 | G9: 44401.1 | H9: 14528 | I9: 165701 | J9: 58014944
A10: =A9+1 -> 44776
A11: =A10+1 -> 44777
A12: =A11+1 -> 44778
A13: =A12+1 -> 44779
A14: =A13+1 -> 44780
A15: =A14+1 -> 44781
A16: =A15+1 -> 44782
A17: =A16+1 -> 44783
A18: =A17+1 -> 44784
A19: =A18+1 -> 44785
A20: =A19+1 -> 44786
A21: =A20+1 -> 44787
... A38: =A37+1 -> 44804
A39: Readings | B39: =B38-B7 -> -356339 | C39: =C38-C7 -> -1258900 | E39: =E38-E7 -> -3382.84 | F39: =F38-F7 -> -2768.21 | G39: =G38-G7 -> -44347.11 | H39: =H38-H7 -> -14528 | I39: =I38-I7 -> -165500 | J39: =J38-J7 -> -57947880 | K39: =SUM(K7:K38) -> 0
H40: =H39*219.969 -> -3195709.6 | I40: =I39*219.969 -> -36404870
