Workbook

Sheet TOTAL
A1: Site Name | B1: Day | C1: Month | D1: Year | E1: Total Electricity Kwh | F1: Electricity Tariff ($/Kwh) | G1: Natual Gas (m3) | H1: Natural Gas $/m3 | I1: Water Utility Supply (m3) m3 | J1: Water Utility Supply (m3) $/m3 | K1: Room Nights | L1: Food Covers
A2: Whistler | B2: 1 | C2: 7 | D2: 2022 | E2: ='FSRW Meter Readings'!I4 -> 21600 | F2: 0.06 | G2: ='FSRW Meter Readings'!F4 -> 1234.18 | H2: 0.4 | I2: ='FSRW Meter Readings'!K4 -> 29 | K2: ='FSRW Meter Readings'!B4 -> 154 | L2: ='FSRW Meter Readings'!C4 -> 0
A3: Whistler | B3: =B2+1 -> 2 | C3: 7 | D3: 2022 | E3: ='FSRW Meter Readings'!I5 -> 22800 | F3: 0.06 | G3: ='FSRW Meter Readings'!F5 -> 1314.67 | H3: 0.4 | I3: ='FSRW Meter Readings'!K5 -> 47 | K3: ='FSRW Meter Readings'!B5 -> 185 | L3: ='FSRW Meter Readings'!C5 -> 0
A4: Whistler | B4: =B3+1 -> 3 | C4: 7 | D4: 2022 | E4: ='FSRW Meter Readings'!I6 -> 19200 | F4: 0.06 | G4: ='FSRW Meter Readings'!F6 -> 1153.69 | H4: 0.4 | I4: ='FSRW Meter Readings'!K6 -> 36 | K4: ='FSRW Meter Readings'!B6 -> 131 | L4: ='FSRW Meter Readings'!C6 -> 0
A5: Whistler | B5: =B4+1 -> 4 | C5: 7 | D5: 2022 | E5: ='FSRW Meter Readings'!I7 -> 21600 | F5: 0.06 | G5: ='FSRW Meter Readings'!F7 -> 1636.63 | H5: 0.4 | I5: ='FSRW Meter Readings'!K7 -> 27 | K5: ='FSRW Meter Readings'!B7 -> 102 | L5: ='FSRW Meter Readings'!C7 -> 0
A6: Whistler | B6: =B5+1 -> 5 | C6: 7 | D6: 2022 | E6: ='FSRW Meter Readings'!I8 -> 21600 | F6: 0.06 | G6: ='FSRW Meter Readings'!F8 -> 1556.14 | H6: 0.4 | I6: ='FSRW Meter Readings'!K8 -> 35 | K6: ='FSRW Meter Readings'!B8 -> 117 | L6: ='FSRW Meter Readings'!C8 -> 0
A7: Whistler | B7: =B6+1 -> 6 | C7: 7 | D7: 2022 | E7: ='FSRW Meter Readings'!I9 -> 18000 | F7: 0.06 | G7: ='FSRW Meter Readings'!F9 -> 1287.84 | H7: 0.4 | I7: ='FSRW Meter Readings'!K9 -> 29 | K7: ='FSRW Meter Readings'!B9 -> 170 | L7: ='FSRW Meter Readings'!C9 -> 0
A8: Whistler | B8: =B7+1 -> 7 | C8: 7 | D8: 2022 | E8: ='FSRW Meter Readings'!I10 -> 20400 | F8: 0.06 | G8: ='FSRW Meter Readings'!F10 -> 1395.16 | H8: 0.4 | I8: ='FSRW Meter Readings'!K10 -> 32 | K8: ='FSRW Meter Readings'!B10 -> 174 | L8: ='FSRW Meter Readings'!C10 -> 0
A9: Whistler | B9: =B8+1 -> 8 | C9: 7 | D9: 2022 | E9: ='FSRW Meter Readings'!I11 -> 20400 | F9: 0.06 | G9: ='FSRW Meter Readings'!F11 -> 1395.16 | H9: 0.4 | I9: ='FSRW Meter Readings'!K11 -> 28 | K9: ='FSRW Meter Readings'!B11 -> 180 | L9: ='FSRW Meter Readings'!C11 -> 0
A10: Whistler | B10: =B9+1 -> 9 | C10: 7 | D10: 2022 | E10: ='FSRW Meter Readings'!I12 -> 22800 | F10: 0.06 | G10: ='FSRW Meter Readings'!F12 -> 1636.63 | H10: 0.4 | I10: ='FSRW Meter Readings'!K12 -> 30 | K10: ='FSRW Meter Readings'!B12 -> 181 | L10: ='FSRW Meter Readings'!C12 -> 0
A11: Whistler | B11: =B10+1 -> 10 | C11: 7 | D11: 2022 | E11: ='FSRW Meter Readings'!I13 -> 20400 | F11: 0.06 | G11: ='FSRW Meter Readings'!F13 -> 1368.33 | H11: 0.4 | I11: ='FSRW Meter Readings'!K13 -> 37 | K11: ='FSRW Meter Readings'!B13 -> 144 | L11: ='FSRW Meter Readings'!C13 -> 0
A12: Whistler | B12: =B11+1 -> 11 | C12: 7 | D12: 2022 | E12: ='FSRW Meter Readings'!I14 -> 20400 | F12: 0.06 | G12: ='FSRW Meter Readings'!F14 -> 1556.14 | H12: 0.4 | I12: ='FSRW Meter Readings'!K14 -> 48 | K12: ='FSRW Meter Readings'!B14 -> 159 | L12: ='FSRW Meter Readings'!C14 -> 0
A13: Whistler | B13: =B12+1 -> 12 | C13: 7 | D13: 2022 | E13: ='FSRW Meter Readings'!I15 -> 26400 | F13: 0.06 | G13: ='FSRW Meter Readings'!F15 -> 1421.99 | H13: 0.4 | I13: ='FSRW Meter Readings'!K15 -> 49 | K13: ='FSRW Meter Readings'!B15 -> 167 | L13: ='FSRW Meter Readings'!C15 -> 0
A14: Whistler | B14: =B13+1 -> 13 | C14: 7 | D14: 2022 | E14: ='FSRW Meter Readings'!I16 -> 19200 | F14: 0.06 | G14: ='FSRW Meter Readings'!F16 -> 1287.84 | H14: 0.4 | I14: ='FSRW Meter Readings'!K16 -> 34 | K14: ='FSRW Meter Readings'!B16 -> 152 | L14: ='FSRW Meter Readings'!C16 -> 0
... A32: Whistler | B32: =B31+1 -> 31 | C32: 7 | D32: 2022 | E32: ='FSRW Meter Readings'!I34 -> 45600 | F32: 0.06 | G32: ='FSRW Meter Readings'!F34 -> 1207.35 | H32: 0.4 | I32: ='FSRW Meter Readings'!K34 -> 49 | K32: ='FSRW Meter Readings'!B34 -> 231 | L32: ='FSRW Meter Readings'!C34 -> 0

Sheet FSRW Meter Readings
A1: Date | B1: Room Night | C1: Food Covers | D1: Natural Gas | G1: Electricity (Hydro) | J1: Water
D2: Gas (GJ) | E2: Daily consumption GJ | F2: Daily consumption m3 | G2: Reading KWh | H2: Hydro (Kw/h) | I2: Kw/h with multiplier | J2: Reading M³ | K2: Daily consumption M³ | L2: Conv x 4.7
A3: 44742 | D3: 188340 | G3: 52018 | J3: 105884
A4: 44743 | B4: 154 | C4: 0 | D4: 188386 | E4: =IF(D4-D3<0,"0",D4-D3) -> 46 | F4: =E4*26.83 -> 1234.18 | G4: 52036 | H4: =IF(G4-G3<0,"0",G4-G3) -> 18 | I4: =H4*1200 -> 21600 | J4: 105913 | K4: =IF(J4-J3<0,"0",J4-J3) -> 29 | L4: =SUM(K4*4.7) -> 136.3
A5: 44744 | B5: 185 | C5: 0 | D5: 188435 | E5: =IF(D5-D4<0,"0",D5-D4) -> 49 | F5: =E5*26.83 -> 1314.67 | G5: 52055 | H5: =IF(G5-G4<0,"0",G5-G4) -> 19 | I5: =H5*1200 -> 22800 | J5: 105960 | K5: =IF(J5-J4<0,"0",J5-J4) -> 47 | L5: =SUM(K5*4.7) -> 220.9
A6: 44745 | B6: 131 | C6: 0 | D6: 188478 | E6: =IF(D6-D5<0,"0",D6-D5) -> 43 | F6: =E6*26.83 -> 1153.69 | G6: 52071 | H6: =IF(G6-G5<0,"0",G6-G5) -> 16 | I6: =H6*1200 -> 19200 | J6: 105996 | K6: =IF(J6-J5<0,"0",J6-J5) -> 36 | L6: =SUM(K6*4.7) -> 169.2
A7: 44746 | B7: 102 | C7: 0 | D7: 188539 | E7: =IF(D7-D6<0,"0",D7-D6) -> 61 | F7: =E7*26.83 -> 1636.63 | G7: 52089 | H7: =IF(G7-G6<0,"0",G7-G6) -> 18 | I7: =H7*1200 -> 21600 | J7: 106023 | K7: =IF(J7-J6<0,"0",J7-J6) -> 27 | L7: =SUM(K7*4.7) -> 126.9
A8: 44747 | B8: 117 | C8: 0 | D8: 188597 | E8: =IF(D8-D7<0,"0",D8-D7) -> 58 | F8: =E8*26.83 -> 1556.14 | G8: 52107 | H8: =IF(G8-G7<0,"0",G8-G7) -> 18 | I8: =H8*1200 -> 21600 | J8: 106058 | K8: =IF(J8-J7<0,"0",J8-J7) -> 35 | L8: =SUM(K8*4.7) -> 164.5
A9: 44748 | B9: 170 | C9: 0 | D9: 188645 | E9: =IF(D9-D8<0,"0",D9-D8) -> 48 | F9: =E9*26.83 -> 1287.84 | G9: 52122 | H9: =IF(G9-G8<0,"0",G9-G8) -> 15 | I9: =H9*1200 -> 18000 | J9: 106087 | K9: =IF(J9-J8<0,"0",J9-J8) -> 29 | L9: =SUM(K9*4.7) -> 136.3
A10: 44749 | B10: 174 | C10: 0 | D10: 188697 | E10: =IF(D10-D9<0,"0",D10-D9) -> 52 | F10: =E10*26.83 -> 1395.16 | G10: 52139 | H10: =IF(G10-G9<0,"0",G10-G9) -> 17 | I10: =H10*1200 -> 20400 | J10: 106119 | K10: =IF(J10-J9<0,"0",J10-J9) -> 32 | L10: =SUM(K10*4.7) -> 150.4
A11: 44750 | B11: 180 | C11: 0 | D11: 188749 | E11: =IF(D11-D10<0,"0",D11-D10) -> 52 | F11: =E11*26.83 -> 1395.16 | G11: 52156 | H11: =IF(G11-G10<0,"0",G11-G10) -> 17 | I11: =H11*1200 -> 20400 | J11: 106147 | K11: =IF(J11-J10<0,"0",J11-J10) -> 28 | L11: =SUM(K11*4.7) -> 131.6
A12: 44751 | B12: 181 | C12: 0 | D12: 188810 | E12: =IF(D12-D11<0,"0",D12-D11) -> 61 | F12: =E12*26.83 -> 1636.63 | G12: 52175 | H12: =IF(G12-G11<0,"0",G12-G11) -> 19 | I12: =H12*1200 -> 22800 | J12: 106177 | K12: =IF(J12-J11<0,"0",J12-J11) -> 30 | L12: =SUM(K12*4.7) -> 141
A13: 44752 | B13: 144 | C13: 0 | D13: 188861 | E13: =IF(D13-D12<0,"0",D13-D12) -> 51 | F13: =E13*26.83 -> 1368.33 | G13: 52192 | H13: =IF(G13-G12<0,"0",G13-G12) -> 17 | I13: =H13*1200 -> 20400 | J13: 106214 | K13: =IF(J13-J12<0,"0",J13-J12) -> 37 | L13: =SUM(K13*4.7) -> 173.9
A14: 44753 | B14: 159 | C14: 0 | D14: 188919 | E14: =IF(D14-D13<0,"0",D14-D13) -> 58 | F14: =E14*26.83 -> 1556.14 | G14: 52209 | H14: =IF(G14-G13<0,"0",G14-G13) -> 17 | I14: =H14*1200 -> 20400 | J14: 106262 | K14: =IF(J14-J13<0,"0",J14-J13) -> 48 | L14: =SUM(K14*4.7) -> 225.6
A15: 44754 | B15: 167 | C15: 0 | D15: 188972 | E15: =IF(D15-D14<0,"0",D15-D14) -> 53 | F15: =E15*26.83 -> 1421.99 | G15: 52231 | H15: =IF(G15-G14<0,"0",G15-G14) -> 22 | I15: =H15*1200 -> 26400 | J15: 106311 | K15: =IF(J15-J14<0,"0",J15-J14) -> 49 | L15: =SUM(K15*4.7) -> 230.3
... A34: 44773 | B34: 231 | C34: 0 | D34: 189921 | E34: =IF(D34-D33<0,"0",D34-D33) -> 45 | F34: =E34*26.83 -> 1207.35 | G34: 52589 | H34: =IF(G34-G33<0,"0",G34-G33) -> 38 | I34: =H34*1200 -> 45600 | J34: 107150 | K34: =IF(J34-J33<0,"0",J34-J33) -> 49 | L34: =SUM(K34*4.7) -> 230.3
B35: =SUM(B4:B34) -> 5490 | F35: =SUM(F4:F34) -> 42418.23 | I35: =SUM(I4:I34) -> 685200 | K35: =SUM(K4:K34) -> 1266 | L35: =SUM(L4:L34) -> 5950.2
