Workbook

Sheet TOTAL
A1: Site Name | B1: Day | C1: Month | D1: Year | E1: Total Electricity Kwh | F1: Electricity Tariff ($/Kwh) | G1: Total Fuel Oil (Liter) | H1: Fuel Oil $/Liter | I1: Water Utility Supply (m3) m3 | J1: Water Utility Supply (m3) $/m3 | K1: Room Nights | L1: Food Covers
A2: Langkawi | B2: 1 | C2: 7 | D2: 2022 | E2: ='B16'!I4+'B16 ext'!I4+'B17'!I4 -> 16913 | F2: =('B16'!J4+'B16 ext'!J4+'B17'!J4)/TOTAL!E2 -> 0.26206303 | G2: ='Diesel Reading July'!H4 -> 363.5 | H2: ='Diesel Reading July'!I4/'Diesel Reading July'!H4 -> 2.84 | I2: ='Water Reading'!H4 -> 951 | J2: ='Water Reading'!I4/'Water Reading'!H4 -> 1.35 | K2: 62
A3: Langkawi | B3: =B2+1 -> 2 | C3: 7 | D3: 2022 | E3: ='B16'!I5+'B16 ext'!I5+'B17'!I5 -> 20363 | F3: =('B16'!J5+'B16 ext'!J5+'B17'!J5)/TOTAL!E3 -> 0.2462067 | G3: ='Diesel Reading July'!H5 -> 398.3 | H3: ='Diesel Reading July'!I5/'Diesel Reading July'!H5 -> 2.84 | I3: ='Water Reading'!H5 -> 991 | J3: ='Water Reading'!I5/'Water Reading'!H5 -> 1.35 | K3: 59
A4: Langkawi | B4: =B3+1 -> 3 | C4: 7 | D4: 2022 | E4: ='B16'!I6+'B16 ext'!I6+'B17'!I6 -> 18672 | F4: =('B16'!J6+'B16 ext'!J6+'B17'!J6)/TOTAL!E4 -> 0.2496446 | G4: ='Diesel Reading July'!H6 -> 417.4 | H4: ='Diesel Reading July'!I6/'Diesel Reading July'!H6 -> 2.84 | I4: ='Water Reading'!H6 -> 973 | J4: ='Water Reading'!I6/'Water Reading'!H6 -> 1.35 | K4: 54
A5: Langkawi | B5: =B4+1 -> 4 | C5: 7 | D5: 2022 | E5: ='B16'!I7+'B16 ext'!I7+'B17'!I7 -> 20633 | F5: =('B16'!J7+'B16 ext'!J7+'B17'!J7)/TOTAL!E5 -> 0.24560234 | G5: ='Diesel Reading July'!H7 -> 378.8 | H5: ='Diesel Reading July'!I7/'Diesel Reading July'!H7 -> 2.84 | I5: ='Water Reading'!H7 -> 1050 | J5: ='Water Reading'!I7/'Water Reading'!H7 -> 1.35 | K5: 74
A6: Langkawi | B6: =B5+1 -> 5 | C6: 7 | D6: 2022 | E6: ='B16'!I8+'B16 ext'!I8+'B17'!I8 -> 20030 | F6: =('B16'!J8+'B16 ext'!J8+'B17'!J8)/TOTAL!E6 -> 0.24894773 | G6: ='Diesel Reading July'!H8 -> 409.5 | H6: ='Diesel Reading July'!I8/'Diesel Reading July'!H8 -> 2.84 | I6: ='Water Reading'!H8 -> 1027 | J6: ='Water Reading'!I8/'Water Reading'!H8 -> 1.35 | K6: 74
A7: Langkawi | B7: =B6+1 -> 6 | C7: 7 | D7: 2022 | E7: ='B16'!I9+'B16 ext'!I9+'B17'!I9 -> 21154 | F7: =('B16'!J9+'B16 ext'!J9+'B17'!J9)/TOTAL!E7 -> 0.24901829 | G7: ='Diesel Reading July'!H9 -> 444 | H7: ='Diesel Reading July'!I9/'Diesel Reading July'!H9 -> 2.84 | I7: ='Water Reading'!H9 -> 996 | J7: ='Water Reading'!I9/'Water Reading'!H9 -> 1.35 | K7: 46
A8: Langkawi | B8: =B7+1 -> 7 | C8: 7 | D8: 2022 | E8: ='B16'!I10+'B16 ext'!I10+'B17'!I10 -> 20158 | F8: =('B16'!J10+'B16 ext'!J10+'B17'!J10)/TOTAL!E8 -> 0.25100184 | G8: ='Diesel Reading July'!H10 -> 392.6 | H8: ='Diesel Reading July'!I10/'Diesel Reading July'!H10 -> 2.84 | I8: ='Water Reading'!H10 -> 965 | J8: ='Water Reading'!I10/'Water Reading'!H10 -> 1.35 | K8: 49
A9: Langkawi | B9: =B8+1 -> 8 | C9: 7 | D9: 2022 | E9: ='B16'!I11+'B16 ext'!I11+'B17'!I11 -> 23947 | F9: =('B16'!J11+'B16 ext'!J11+'B17'!J11)/TOTAL!E9 -> 0.24841508 | G9: ='Diesel Reading July'!H11 -> 406.7 | H9: ='Diesel Reading July'!I11/'Diesel Reading July'!H11 -> 2.84 | I9: ='Water Reading'!H11 -> 995 | J9: ='Water Reading'!I11/'Water Reading'!H11 -> 1.35 | K9: 64
A10: Langkawi | B10: =B9+1 -> 9 | C10: 7 | D10: 2022 | E10: ='B16'!I12+'B16 ext'!I12+'B17'!I12 -> 23095 | F10: =('B16'!J12+'B16 ext'!J12+'B17'!J12)/TOTAL!E10 -> 0.24396527 | G10: ='Diesel Reading July'!H12 -> 341.5 | H10: ='Diesel Reading July'!I12/'Diesel Reading July'!H12 -> 2.84 | I10: ='Water Reading'!H12 -> 1025 | J10: ='Water Reading'!I12/'Water Reading'!H12 -> 1.35 | K10: 65
A11: Langkawi | B11: =B10+1 -> 10 | C11: 7 | D11: 2022 | E11: ='B16'!I13+'B16 ext'!I13+'B17'!I13 -> 22679 | F11: =('B16'!J13+'B16 ext'!J13+'B17'!J13)/TOTAL!E11 -> 0.24539429 | G11: ='Diesel Reading July'!H13 -> 339.1 | H11: ='Diesel Reading July'!I13/'Diesel Reading July'!H13 -> 2.84 | I11: ='Water Reading'!H13 -> 926 | J11: ='Water Reading'!I13/'Water Reading'!H13 -> 1.35 | K11: 65
A12: Langkawi | B12: =B11+1 -> 11 | C12: 7 | D12: 2022 | E12: ='B16'!I14+'B16 ext'!I14+'B17'!I14 -> 19828 | F12: =('B16'!J14+'B16 ext'!J14+'B17'!J14)/TOTAL!E12 -> 0.24958554 | G12: ='Diesel Reading July'!H14 -> 401.4 | H12: ='Diesel Reading July'!I14/'Diesel Reading July'!H14 -> 2.84 | I12: ='Water Reading'!H14 -> 985 | J12: ='Water Reading'!I14/'Water Reading'!H14 -> 1.35 | K12: 55
A13: Langkawi | B13: =B12+1 -> 12 | C13: 7 | D13: 2022 | E13: ='B16'!I15+'B16 ext'!I15+'B17'!I15 -> 20533 | F13: =('B16'!J15+'B16 ext'!J15+'B17'!J15)/TOTAL!E13 -> 0.24718521 | G13: ='Diesel Reading July'!H15 -> 417.3 | H13: ='Diesel Reading July'!I15/'Diesel Reading July'!H15 -> 2.84 | I13: ='Water Reading'!H15 -> 955 | J13: ='Water Reading'!I15/'Water Reading'!H15 -> 1.35 | K13: 47
A14: Langkawi | B14: =B13+1 -> 13 | C14: 7 | D14: 2022 | E14: ='B16'!I16+'B16 ext'!I16+'B17'!I16 -> 20170 | F14: =('B16'!J16+'B16 ext'!J16+'B17'!J16)/TOTAL!E14 -> 0.24722112 | G14: ='Diesel Reading July'!H16 -> 348.7 | H14: ='Diesel Reading July'!I16/'Diesel Reading July'!H16 -> 2.84 | I14: ='Water Reading'!H16 -> 1002 | J14: ='Water Reading'!I16/'Water Reading'!H16 -> 1.35 | K14: 47
... A32: Langkawi | B32: =B31+1 -> 31 | C32: 7 | D32: 2022 | E32: ='B16'!I34+'B16 ext'!I34+'B17'!I34 -> 0 | F32: =('B16'!J34+'B16 ext'!J34+'B17'!J34)/TOTAL!E32 -> #DIV/0! | G32: ='Diesel Reading July'!H34 -> 331.6 | H32: ='Diesel Reading July'!I34/'Diesel Reading July'!H34 -> 0 | I32: ='Water Reading'!H34 -> 0 | J32: ='Water Reading'!I34/'Water Reading'!H34 -> #DIV/0! | K32: 39

Sheet B16
A1: Daily Electricity Consumption
B2: Meter Reading (kWh) | C2: Consumption (kWh) | D2: Meter Reading (kWh) | E2: Consumption (kWh) | F2: MD (kW) | G2: Occupancy | H2: Weather | I2: Total Consumption | J2: Cost
B3: (Peak) | C3: (Peak) | D3: (Off Peak) | E3: (Off Peak) | F3: (Peak) | G3: % | I3: Daily (KWh) | J3: Daily (RM)
A4: 44743 | B4: 6002 | C4: =IF(B5-B4 < 0,0,B5-B4) -> 5981 | D4: 9730 | E4: =IF(D5-D4 < 0,0,D5-D4) -> 0 | F4: 474 | G4: 67 | H4: FAIR | I4: =+E4+C4 -> 5981 | J4: =(C4*0.288)+(E4*0.177) -> 1722.528
A5: 44744 | B5: 11983 | C5: =IF(B6-B5 < 0,0,B6-B5) -> 5819 | D5: 9191 | E5: =IF(D6-D5 < 0,0,D6-D5) -> 3532 | F5: 482 | G5: 64 | H5: FAIR | I5: =+E5+C5 -> 9351 | J5: =(C5*0.288)+(E5*0.177) -> 2301.036
A6: 44745 | B6: 17802 | C6: =IF(B7-B6 < 0,0,B7-B6) -> 5830 | D6: 12723 | E6: =IF(D7-D6 < 0,0,D7-D6) -> 3101 | F6: 482 | G6: 59 | H6: FAIR | I6: =+E6+C6 -> 8931 | J6: =(C6*0.288)+(E6*0.177) -> 2227.917
A7: 44746 | B7: 23632 | C7: =IF(B8-B7 < 0,0,B8-B7) -> 6022 | D7: 15824 | E7: =IF(D8-D7 < 0,0,D8-D7) -> 3990 | F7: 482 | G7: 80 | H7: FAIR | I7: =+E7+C7 -> 10012 | J7: =(C7*0.288)+(E7*0.177) -> 2440.566
A8: 44747 | B8: 29654 | C8: =IF(B9-B8 < 0,0,B9-B8) -> 5837 | D8: 19814 | E8: =IF(D9-D8 < 0,0,D9-D8) -> 2807 | F8: 497 | G8: 80 | H8: FAIR | I8: =+E8+C8 -> 8644 | J8: =(C8*0.288)+(E8*0.177) -> 2177.895
A9: 44748 | B9: 35491 | C9: =IF(B10-B9 < 0,0,B10-B9) -> 6212 | D9: 22621 | E9: =IF(D10-D9 < 0,0,D10-D9) -> 3432 | F9: 497 | G9: 50 | H9: FAIR | I9: =+E9+C9 -> 9644 | J9: =(C9*0.288)+(E9*0.177) -> 2396.52
A10: 44749 | B10: 41703 | C10: =IF(B11-B10 < 0,0,B11-B10) -> 6483 | D10: 26053 | E10: =IF(D11-D10 < 0,0,D11-D10) -> 2466 | F10: 509 | G10: 53 | H10: FAIR | I10: =+E10+C10 -> 8949 | J10: =(C10*0.288)+(E10*0.177) -> 2303.586
A11: 44750 | B11: 48186 | C11: =IF(B12-B11 < 0,0,B12-B11) -> 6310 | D11: 28519 | E11: =IF(D12-D11 < 0,0,D12-D11) -> 4275 | F11: 524 | G11: 70 | H11: FAIR | I11: =+E11+C11 -> 10585 | J11: =(C11*0.288)+(E11*0.177) -> 2573.955
A12: 44751 | B12: 54496 | C12: =IF(B13-B12 < 0,0,B13-B12) -> 5997 | D12: 32794 | E12: =IF(D13-D12 < 0,0,D13-D12) -> 3941 | F12: 524 | G12: 71 | H12: ISOLATED RAIN | I12: =+E12+C12 -> 9938 | J12: =(C12*0.288)+(E12*0.177) -> 2424.693
A13: 44752 | B13: 60493 | C13: =IF(B14-B13 < 0,0,B14-B13) -> 6238 | D13: 36735 | E13: =IF(D14-D13 < 0,0,D14-D13) -> 3902 | F13: 524 | G13: 71 | H13: ISOLATED RAIN | I13: =+E13+C13 -> 10140 | J13: =(C13*0.288)+(E13*0.177) -> 2487.198
A14: 44753 | B14: 66731 | C14: =IF(B15-B14 < 0,0,B15-B14) -> 6043 | D14: 40637 | E14: =IF(D15-D14 < 0,0,D15-D14) -> 3132 | F14: 524 | G14: 60 | H14: ISOLATED RAIN | I14: =+E14+C14 -> 9175 | J14: =(C14*0.288)+(E14*0.177) -> 2294.748
A15: 44754 | B15: 72774 | C15: =IF(B16-B15 < 0,0,B16-B15) -> 5887 | D15: 43769 | E15: =IF(D16-D15 < 0,0,D16-D15) -> 3578 | F15: 524 | G15: 51 | H15: SCATTERED RAIN | I15: =+E15+C15 -> 9465 | J15: =(C15*0.288)+(E15*0.177) -> 2328.762
... A33: 44772 | B33: 189295 | C33: =IF(B34-B33 < 0,0,B34-B33) -> 0 | D33: 110802 | E33: =IF(D34-D33 < 0,0,D34-D33) -> 0 | F33: 582 | G33: 48 | H33: ISOLATED RAIN | I33: =+E33+C33 -> 0 | J33: =(C33*0.288)+(E33*0.177) -> 0
A34: 44773 | B34: 0 | D34: 2338 | F34: 0 | G34: 42 | H34: FAIR | I34: =+E34+C34 -> 0 | J34: =(C34*0.288)+(E34*0.177) -> 0
I35: =+E35+C35 -> 0 | J35: =(C35*0.288)+(E35*0.177) -> 0
A36: Total | C36: =SUM(C4:C34) -> 183293 | E36: =SUM(E4:E34) -> 101611 | I36: =+E36+C36 -> 284904 | J36: =(C36*0.288)+(E36*0.177) -> 70773.531
C37: =COUNTIF(C4:C34,">0") -> 29
A39: PLEASE MAKE SURE TO KEY IN THE OCCUPANCY AND WEATHER FOR THE DAY!

Sheet B16 ext
A1: Daily Electricity Consumption
B2: Meter Reading (kWh) | C2: Consumption (kWh) | D2: Meter Reading (kWh) | E2: Consumption (kWh) | F2: MD (kW) | G2: Occupancy | H2: Weather | I2: Total Consumption | J2: Cost
B3: (Peak) | C3: (Peak) | D3: (Off Peak) | E3: (Off Peak) | F3: (Peak) | G3: % | I3: Daily (KWh) | J3: Daily (RM)
A4: 44743 | B4: 2543 | C4: =IF(B5-B4 < 0,0,B5-B4) -> 2442 | D4: 1944 | E4: =IF(D5-D4 < 0,0,D5-D4) -> 1135 | F4: 213 | G4: 67 | I4: =+E4+C4 -> 3577 | J4: =(C4*0.288)+(E4*0.177) -> 904.191
A5: 44744 | B5: 4985 | C5: =IF(B6-B5 < 0,0,B6-B5) -> 2419 | D5: 3079 | E5: =IF(D6-D5 < 0,0,D6-D5) -> 1117 | F5: 213 | G5: 64 | I5: =+E5+C5 -> 3536 | J5: =(C5*0.288)+(E5*0.177) -> 894.381
A6: 44745 | B6: 7404 | C6: =IF(B7-B6 < 0,0,B7-B6) -> 2211 | D6: 4196 | E6: =IF(D7-D6 < 0,0,D7-D6) -> 937 | F6: 213 | G6: 59 | I6: =+E6+C6 -> 3148 | J6: =(C6*0.288)+(E6*0.177) -> 802.617
A7: 44746 | B7: 9615 | C7: =IF(B8-B7 < 0,0,B8-B7) -> 2222 | D7: 5133 | E7: =IF(D8-D7 < 0,0,D8-D7) -> 1038 | F7: 213 | G7: 80 | I7: =+E7+C7 -> 3260 | J7: =(C7*0.288)+(E7*0.177) -> 823.662
A8: 44747 | B8: 11837 | C8: =IF(B9-B8 < 0,0,B9-B8) -> 2377 | D8: 6171 | E8: =IF(D9-D8 < 0,0,D9-D8) -> 1204 | F8: 213 | G8: 80 | I8: =+E8+C8 -> 3581 | J8: =(C8*0.288)+(E8*0.177) -> 897.684
A9: 44748 | B9: 14214 | C9: =IF(B10-B9 < 0,0,B10-B9) -> 2494 | D9: 7375 | E9: =IF(D10-D9 < 0,0,D10-D9) -> 1170 | F9: 213 | G9: 50 | I9: =+E9+C9 -> 3664 | J9: =(C9*0.288)+(E9*0.177) -> 925.362
A10: 44749 | B10: 16708 | C10: =IF(B11-B10 < 0,0,B11-B10) -> 1479 | D10: 8545 | E10: =IF(D11-D10 < 0,0,D11-D10) -> 1091 | F10: 213 | G10: 53 | I10: =+E10+C10 -> 2570 | J10: =(C10*0.288)+(E10*0.177) -> 619.059
A11: 44750 | B11: 18187 | C11: =IF(B12-B11 < 0,0,B12-B11) -> 3519 | D11: 9636 | E11: =IF(D12-D11 < 0,0,D12-D11) -> 1089 | F11: 213 | G11: 70 | I11: =+E11+C11 -> 4608 | J11: =(C11*0.288)+(E11*0.177) -> 1206.225
A12: 44751 | B12: 21706 | C12: =IF(B13-B12 < 0,0,B13-B12) -> 2467 | D12: 10725 | E12: =IF(D13-D12 < 0,0,D13-D12) -> 1255 | F12: 213 | G12: 71 | I12: =+E12+C12 -> 3722 | J12: =(C12*0.288)+(E12*0.177) -> 932.631
A13: 44752 | B13: 24173 | C13: =IF(B14-B13 < 0,0,B14-B13) -> 2387 | D13: 11980 | E13: =IF(D14-D13 < 0,0,D14-D13) -> 1127 | F13: 213 | G13: 71 | I13: =+E13+C13 -> 3514 | J13: =(C13*0.288)+(E13*0.177) -> 886.935
A14: 44753 | B14: 26560 | C14: =IF(B15-B14 < 0,0,B15-B14) -> 2325 | D14: 13107 | E14: =IF(D15-D14 < 0,0,D15-D14) -> 973 | F14: 213 | G14: 60 | I14: =+E14+C14 -> 3298 | J14: =(C14*0.288)+(E14*0.177) -> 841.821
A15: 44754 | B15: 28885 | C15: =IF(B16-B15 < 0,0,B16-B15) -> 2368 | D15: 14080 | E15: =IF(D16-D15 < 0,0,D16-D15) -> 1176 | F15: 213 | G15: 51 | I15: =+E15+C15 -> 3544 | J15: =(C15*0.288)+(E15*0.177) -> 890.136
... A33: 44772 | B33: 73355 | C33: =IF(B34-B33 < 0,0,B34-B33) -> 0 | D33: 33456 | E33: =IF(D34-D33 < 0,0,D34-D33) -> 0 | F33: 226 | G33: 48 | I33: =+E33+C33 -> 0 | J33: =(C33*0.288)+(E33*0.177) -> 0
A34: 44773 | B34: 0 | D34: 2215 | G34: 42 | I34: =+E34+C34 -> 0 | J34: =(C34*0.288)+(E34*0.177) -> 0
I35: =+E35+C35 -> 0 | J35: =(C35*0.288)+(E35*0.177) -> 0
C36: =SUM(C4:C35) -> 70812 | E36: =SUM(E4:E35) -> 31512 | I36: =+E36+C36 -> 102324 | J36: =(C36*0.288)+(E36*0.177) -> 25971.48
H37: f
H38: Rain
A39: PLEASE MAKE SURE TO KEY IN THE OCCUPANCY AND WEATHER FOR THE DAY! | H39: Hot
H40: Cloudy

Sheet B17
A1: Daily Electricity Consumption
B2: Meter Reading (kWh) | C2: Consumption (kWh) | D2: Meter Reading (kWh) | E2: Consumption (kWh) | F2: MD (kW) | G2: Occupancy | H2: Weather | I2: Total Consumption | J2: Cost
B3: (Peak) | C3: (Peak) | E3: (Off Peak) | F3: (Peak) | G3: % | I3: Daily (KWh) | J3: Daily (RM)
A4: 44743 | B4: 4648 | C4: =IF(B5-B4 < 0,0,B5-B4) -> 4538 | D4: 4559 | E4: =IF(D5-D4 < 0,0,D5-D4) -> 2817 | F4: 383 | G4: 67 | I4: =+E4+C4 -> 7355 | J4: =(C4*0.288)+(E4*0.177) -> 1805.553
A5: 44744 | B5: 9186 | C5: =IF(B6-B5 < 0,0,B6-B5) -> 4458 | D5: 7376 | E5: =IF(D6-D5 < 0,0,D6-D5) -> 3018 | F5: 383 | G5: 64 | I5: =+E5+C5 -> 7476 | J5: =(C5*0.288)+(E5*0.177) -> 1818.09
A6: 44745 | B6: 13644 | C6: =IF(B7-B6 < 0,0,B7-B6) -> 4179 | D6: 10394 | E6: =IF(D7-D6 < 0,0,D7-D6) -> 2414 | F6: 383 | G6: 59 | I6: =+E6+C6 -> 6593 | J6: =(C6*0.288)+(E6*0.177) -> 1630.83
A7: 44746 | B7: 17823 | C7: =IF(B8-B7 < 0,0,B8-B7) -> 4508 | D7: 12808 | E7: =IF(D8-D7 < 0,0,D8-D7) -> 2853 | F7: 383 | G7: 80 | I7: =+E7+C7 -> 7361 | J7: =(C7*0.288)+(E7*0.177) -> 1803.285
A8: 44747 | B8: 22331 | C8: =IF(B9-B8 < 0,0,B9-B8) -> 4769 | D8: 15661 | E8: =IF(D9-D8 < 0,0,D9-D8) -> 3036 | F8: 383 | G8: 80 | I8: =+E8+C8 -> 7805 | J8: =(C8*0.288)+(E8*0.177) -> 1910.844
A9: 44748 | B9: 27100 | C9: =IF(B10-B9 < 0,0,B10-B9) -> 5019 | D9: 18697 | E9: =IF(D10-D9 < 0,0,D10-D9) -> 2827 | F9: 383 | G9: 50 | I9: =+E9+C9 -> 7846 | J9: =(C9*0.288)+(E9*0.177) -> 1945.851
A10: 44749 | B10: 32119 | C10: =IF(B11-B10 < 0,0,B11-B10) -> 5477 | D10: 21524 | E10: =IF(D11-D10 < 0,0,D11-D10) -> 3162 | F10: 423 | G10: 53 | I10: =+E10+C10 -> 8639 | J10: =(C10*0.288)+(E10*0.177) -> 2137.05
A11: 44750 | B11: 37596 | C11: =IF(B12-B11 < 0,0,B12-B11) -> 5578 | D11: 24686 | E11: =IF(D12-D11 < 0,0,D12-D11) -> 3176 | F11: 443 | G11: 70 | I11: =+E11+C11 -> 8754 | J11: =(C11*0.288)+(E11*0.177) -> 2168.616
A12: 44751 | B12: 43174 | C12: =IF(B13-B12 < 0,0,B13-B12) -> 5469 | D12: 27862 | E12: =IF(D13-D12 < 0,0,D13-D12) -> 3966 | F12: 463 | G12: 71 | I12: =+E12+C12 -> 9435 | J12: =(C12*0.288)+(E12*0.177) -> 2277.054
A13: 44752 | B13: 48643 | C13: =IF(B14-B13 < 0,0,B14-B13) -> 5349 | D13: 31828 | E13: =IF(D14-D13 < 0,0,D14-D13) -> 3676 | F13: 464 | G13: 71 | I13: =+E13+C13 -> 9025 | J13: =(C13*0.288)+(E13*0.177) -> 2191.164
A14: 44753 | B14: 53992 | C14: =IF(B15-B14 < 0,0,B15-B14) -> 4598 | D14: 35504 | E14: =IF(D15-D14 < 0,0,D15-D14) -> 2757 | F14: 464 | G14: 60 | I14: =+E14+C14 -> 7355 | J14: =(C14*0.288)+(E14*0.177) -> 1812.213
A15: 44754 | B15: 58590 | C15: =IF(B16-B15 < 0,0,B16-B15) -> 4728 | D15: 38261 | E15: =IF(D16-D15 < 0,0,D16-D15) -> 2796 | F15: 464 | G15: 51 | I15: =+E15+C15 -> 7524 | J15: =(C15*0.288)+(E15*0.177) -> 1856.556
... A34: 44773 | B34: 0 | C34: =IF(B35-B34 < 0,0,B35-B34) -> 0 | D34: 2215 | E34: =IF(D35-D34 < 0,0,D35-D34) -> 0 | F34: 0 | G34: 42 | I34: =+E34+C34 -> 0 | J34: =(C34*0.288)+(E34*0.177) -> 0
I35: =+E35+C35 -> 0 | J35: =(C35*0.288)+(E35*0.177) -> 0
C36: =SUM(C4:C35) -> 145471 | E36: =SUM(E4:E35) -> 88497 | I36: =+E36+C36 -> 233968 | J36: =(C36*0.288)+(E36*0.177) -> 57559.617
A37: =COUNT(A4:A34) -> 31
H38: Rain
A39: PLEASE MAKE SURE TO KEY IN THE OCCUPANCY AND WEATHER FOR THE DAY! | H39: Hot
H40: Cloudy

Sheet Water Reading
A1: Daily Water Consumption
B2: Meter Reading (Main) | C2: Consumption | D2: Meter Reading Landscape | E2: Consumption | F2: Occupancy | G2: Weather | H2: Total Consumption | I2: Cost
B3: (m3) | C3: (m3) | D3: (m3) | E3: (m3) | F3: % | H3: (m3) | I3: Daily (RM)
A4: 44743 | B4: 365230 | C4: =IF(B5-B4<0,0,B5-B4) -> 951 | D4: 3283 | E4: =IF(D5-D4<0,0,D5-D4) -> 0 | F4: 67 | H4: =+E4+C4 -> 951 | I4: =(C4*1.35)+(E4*1.35) -> 1283.85
A5: 44744 | B5: 366181 | C5: =IF(B6-B5<0,0,B6-B5) -> 988 | D5: 3283 | E5: =IF(D6-D5<0,0,D6-D5) -> 3 | F5: 64 | H5: =+E5+C5 -> 991 | I5: =(C5*1.35)+(E5*1.35) -> 1337.85
A6: 44745 | B6: 367169 | C6: =IF(B7-B6<0,0,B7-B6) -> 970 | D6: 3286 | E6: =IF(D7-D6<0,0,D7-D6) -> 3 | F6: 59 | H6: =+E6+C6 -> 973 | I6: =(C6*1.35)+(E6*1.35) -> 1313.55
A7: 44746 | B7: 368139 | C7: =IF(B8-B7<0,0,B8-B7) -> 1049 | D7: 3289 | E7: =IF(D8-D7<0,0,D8-D7) -> 1 | F7: 80 | H7: =+E7+C7 -> 1050 | I7: =(C7*1.35)+(E7*1.35) -> 1417.5
A8: 44747 | B8: 369188 | C8: =IF(B9-B8<0,0,B9-B8) -> 1024 | D8: 3290 | E8: =IF(D9-D8<0,0,D9-D8) -> 3 | F8: 80 | H8: =+E8+C8 -> 1027 | I8: =(C8*1.35)+(E8*1.35) -> 1386.45
A9: 44748 | B9: 370212 | C9: =IF(B10-B9<0,0,B10-B9) -> 992 | D9: 3293 | E9: =IF(D10-D9<0,0,D10-D9) -> 4 | F9: 50 | H9: =+E9+C9 -> 996 | I9: =(C9*1.35)+(E9*1.35) -> 1344.6
A10: 44749 | B10: 371204 | C10: =IF(B11-B10<0,0,B11-B10) -> 964 | D10: 3297 | E10: =IF(D11-D10<0,0,D11-D10) -> 1 | F10: 53 | H10: =+E10+C10 -> 965 | I10: =(C10*1.35)+(E10*1.35) -> 1302.75
A11: 44750 | B11: 372168 | C11: =IF(B12-B11<0,0,B12-B11) -> 994 | D11: 3298 | E11: =IF(D12-D11<0,0,D12-D11) -> 1 | F11: 70 | H11: =+E11+C11 -> 995 | I11: =(C11*1.35)+(E11*1.35) -> 1343.25
A12: 44751 | B12: 373162 | C12: =IF(B13-B12<0,0,B13-B12) -> 1025 | D12: 3299 | E12: =IF(D13-D12<0,0,D13-D12) -> 0 | F12: 71 | H12: =+E12+C12 -> 1025 | I12: =(C12*1.35)+(E12*1.35) -> 1383.75
A13: 44752 | B13: 374187 | C13: =IF(B14-B13<0,0,B14-B13) -> 925 | D13: 3299 | E13: =IF(D14-D13<0,0,D14-D13) -> 1 | F13: 71 | H13: =+E13+C13 -> 926 | I13: =(C13*1.35)+(E13*1.35) -> 1250.1
A14: 44753 | B14: 375112 | C14: =IF(B15-B14<0,0,B15-B14) -> 985 | D14: 3300 | E14: =IF(D15-D14<0,0,D15-D14) -> 0 | F14: 60 | H14: =+E14+C14 -> 985 | I14: =(C14*1.35)+(E14*1.35) -> 1329.75
A15: 44754 | B15: 376097 | C15: =IF(B16-B15<0,0,B16-B15) -> 954 | D15: 3300 | E15: =IF(D16-D15<0,0,D16-D15) -> 1 | F15: 51 | H15: =+E15+C15 -> 955 | I15: =(C15*1.35)+(E15*1.35) -> 1289.25
... A32: 44771 | B32: 394669 | C32: =IF(B33-B32<0,0,B33-B32) -> 1149 | D32: 3346 | E32: =IF(D33-D32<0,0,D33-D32) -> 6 | F32: 48 | H32: =+E32+C32 -> 1155 | I32: =(C32*1.35)+(E32*1.35) -> 1559.25
A33: 44772 | B33: 395818 | C33: =IF(B34-B33<0,0,B34-B33) -> 1235 | D33: 3352 | E33: 0 | F33: 48 | H33: =+E33+C33 -> 1235 | I33: =(C33*1.35)+(E33*1.35) -> 1667.25
A34: 44773 | B34: 397053 | D34: 3359 | E34: 0 | F34: 42 | H34: =+E34+C34 -> 0 | I34: =(C34*1.35)+(E34*1.35) -> 0
C35: =SUM(C4:C34) -> 31823 | E35: =SUM(E4:E34) -> 69 | H35: =SUM(H4:H34) -> 31892 | I35: =SUM(I4:I34) -> 43054.2
A38: PLEASE MAKE SURE TO KEY IN THE OCCUPANCY AND WEATHER FOR THE DAY!

Sheet Diesel Reading July
A1: Daily Diesel Consumption
B2: BOILER | C2: TIME | D2: TIME | E2: TOTAL | F2: Meter Reading | G2: Meter Reading | H2: Consumption | I2: Cost | J2: Lit/hr
B3: NO | C3: START | D3: STOP | E3: HRS | F3: START | G3: STOP | H3: (L) | I3: Daily (RM)
A4: 44743 | B4: 1 | C4: 10 | D4: 21 | E4: =D4-C4 -> 11 | F4: 1675388.6 | G4: 1675752.1 | H4: =G4-F4 -> 363.5 | I4: =(H4*[1]Summary!$C$6) -> 1032.34 | J4: 2954.1 | K4: Carry foward from last month
A5: 44744 | B5: 1 | C5: 8.3 | D5: 21 | E5: =D5-C5 -> 12.7 | F5: 1675752.1 | G5: 1676150.4 | H5: =G5-F5 -> 398.3 | I5: =(H5*[1]Summary!$C$6) -> 1131.172 | J5: 7000 | K5: Diesel In
A6: 44745 | B6: 1 | C6: 9.3 | D6: 22.3 | E6: =D6-C6 -> 13 | F6: 1676150.4 | G6: 1676567.8 | H6: =G6-F6 -> 417.4 | I6: =(H6*[1]Summary!$C$6) -> 1185.416
A7: 44746 | B7: 1 | C7: 7.3 | D7: 20 | E7: =D7-C7 -> 12.7 | F7: 1676567.8 | G7: 1676946.6 | H7: =G7-F7 -> 378.8 | I7: =(H7*[1]Summary!$C$6) -> 1075.792
A8: 44747 | B8: 1 | C8: 8.3 | D8: 21 | E8: =D8-C8 -> 12.7 | F8: 1676946.6 | G8: 1677356.1 | H8: =G8-F8 -> 409.5 | I8: =(H8*[1]Summary!$C$6) -> 1162.98
A9: 44748 | B9: 1 | C9: 8.3 | D9: 21.3 | E9: =D9-C9 -> 13 | F9: 1677356.1 | G9: 1677800.1 | H9: =G9-F9 -> 444 | I9: =(H9*[1]Summary!$C$6) -> 1260.96
A10: 44749 | B10: 1 | C10: 9 | D10: 9.3 | E10: =D10-C10 -> 0.3 | F10: 1677800.1 | G10: 1678192.7 | H10: =G10-F10 -> 392.6 | I10: =(H10*[1]Summary!$C$6) -> 1114.984
A11: 44750 | B11: 1 | C11: 8.3 | D11: 20 | E11: =D11-C11 -> 11.7 | F11: 1678192.7 | G11: 1678599.4 | H11: =G11-F11 -> 406.7 | I11: =(H11*[1]Summary!$C$6) -> 1155.028
A12: 44751 | B12: 1 | C12: 8.3 | D12: 18 | E12: =D12-C12 -> 9.7 | F12: 1678599.4 | G12: 1678940.9 | H12: =G12-F12 -> 341.5 | I12: =(H12*[1]Summary!$C$6) -> 969.86
A13: 44752 | B13: 1 | C13: 8.3 | D13: 18 | E13: =D13-C13 -> 9.7 | F13: 1678940.9 | G13: 1679280 | H13: =G13-F13 -> 339.1 | I13: =(H13*[1]Summary!$C$6) -> 963.044
A14: 44753 | B14: 1 | C14: 8.3 | D14: 21 | E14: =D14-C14 -> 12.7 | F14: 1679280 | G14: 1679681.4 | H14: =G14-F14 -> 401.4 | I14: =(H14*[1]Summary!$C$6) -> 1139.976
A15: 44754 | B15: 1 | C15: 8.3 | D15: 21 | E15: =D15-C15 -> 12.7 | F15: 1679681.4 | G15: 1680098.7 | H15: =G15-F15 -> 417.3 | I15: =(H15*[1]Summary!$C$6) -> 1185.132
A16: 44755 | B16: 1 | C16: 8.3 | D16: 18 | E16: =D16-C16 -> 9.7 | F16: 1680098.7 | G16: 1680447.4 | H16: =G16-F16 -> 348.7 | I16: =(H16*[1]Summary!$C$6) -> 990.308
A17: 44756 | B17: 1 | C17: 8.3 | D17: 21 | E17: =D17-C17 -> 12.7 | F17: 1680447.4 | G17: 1680836.8 | H17: =G17-F17 -> 389.4 | I17: =(H17*[1]Summary!$C$6) -> 1105.896
... A23: 44762 | B23: 1 | C23: 8.3 | D23: 18 | E23: =D23-C23 -> 9.7 | F23: 1682826.8 | G23: 1683152.1 | H23: =G23-F23 -> 325.3 | I23: =(H23*[1]Summary!$C$6) -> 923.852
A24: 44763 | B24: 1 | C24: 8.3 | D24: 18 | E24: =D24-C24 -> 9.7 | F24: 1683152.1 | G24: 1683478.4 | H24: =G24-F24 -> 326.3 | I24: =(H24*[1]Summary!$C$6) -> 926.692 | J24: 4550 | K24: Diesel In
A25: 44764 | B25: 1 | C25: 8.3 | D25: 18 | E25: =D25-C25 -> 9.7 | F25: 1683478.4 | G25: 1683813.6 | H25: =G25-F25 -> 335.2 | I25: =(H25*[1]Summary!$C$6) -> 951.968
A26: 44765 | B26: 1 | C26: 8.3 | D26: 18 | E26: =D26-C26 -> 9.7 | F26: 1683813.6 | G26: 1684154.8 | H26: =G26-F26 -> 341.2 | I26: =(H26*[1]Summary!$C$6) -> 969.008
A27: 44766 | B27: 1 | C27: 8.3 | D27: 18 | E27: =D27-C27 -> 9.7 | F27: 1684154.8 | G27: 1684498 | H27: =G27-F27 -> 343.2 | I27: =(H27*[1]Summary!$C$6) -> 974.688
A28: 44767 | B28: 1 | C28: 8.3 | D28: 20 | E28: =D28-C28 -> 11.7 | F28: 1684498 | G28: 1684897.2 | H28: =G28-F28 -> 399.2 | I28: =(H28*[1]Summary!$C$6) -> 1133.728
A29: 44768 | B29: 1 | C29: 8.3 | D29: 20 | E29: =D29-C29 -> 11.7 | F29: 1684897.2 | G29: 1685287.3 | H29: =G29-F29 -> 390.1 | I29: =(H29*[1]Summary!$C$6) -> 1107.884
A30: 44769 | B30: 1 | C30: 8.3 | D30: 20 | E30: =D30-C30 -> 11.7 | F30: 1685287.3 | G30: 1685708.7 | H30: =G30-F30 -> 421.4 | I30: =(H30*[1]Summary!$C$6) -> 1196.776
A31: 44770 | B31: 1 | C31: 8.3 | D31: 18 | E31: =D31-C31 -> 9.7 | F31: 1685708.7 | G31: 1686077.9 | H31: =G31-F31 -> 369.2 | I31: =(H31*[1]Summary!$C$6) -> 1048.528
A32: 44771 | B32: 1 | C32: 8.3 | D32: 19.5 | E32: =D32-C32 -> 11.2 | F32: 1686077.9 | G32: 1686485.7 | H32: =G32-F32 -> 407.8 | I32: =(H32*[1]Summary!$C$6) -> 1158.152
A33: 44772 | B33: 1 | C33: 8.3 | D33: 18 | E33: =D33-C33 -> 9.7 | F33: 1686485.7 | G33: 1686803.2 | H33: =G33-F33 -> 317.5 | I33: =(H33*[1]Summary!$C$6) -> 901.7
A34: 44773 | B34: 1 | C34: 8.3 | D34: 18 | E34: =D34-C34 -> 9.7 | F34: 1686803.2 | G34: 1687134.8 | H34: =G34-F34 -> 331.6
J35: =SUM(J4:J34)-H36 -> 2757.6
A36: Total | H36: =SUM(H4:H34) -> 11746.5 | I36: =SUM(I4:I34) -> 32418.316
A37: =COUNT(A4:A34) -> 31
A39: PLEASE MAKE SURE TO KEY IN THE OCCUPANCY FOR THE DAY!
