Workbook

Sheet Report current month
A1: Electricity Reading | U1: Year: 2020
A2: Meter: | B2: Main CEB | F2: Laundry | G2: Vacoas | H2: Main CEB - Golf | L2: Lifting | M2: Plantroom DB | N2: MAIN CEB | V2: Laundry | X2: Vacoas | Z2: GOLF CLUB HOUSE (07500232) | AG2: WATER FRONT VILLAGE | AN2: Lifting Station 4 (DC-6331745) | AP2: Plant Room DB (DC-8971990)
A3: Date | B3: KVAH | C3: KWH | D3: KVA | E3: KVA Max | F3: KWH | G3: KWH | H3: KVAH | I3: KWH | J3: KVA | K3: KVA Max | L3: KWH | M3: KWH | N3: KVAH | O3: KVAH Cons | P3: KWH | Q3: KWH Cons | S3: KVA | T3: Max. KVA | U3: Power Factor | V3: KWH | W3: KWH Cons | X3: KWH | Y3: KWH Cons | Z3: KVAH | AA3: KVAH Cons | AB3: KWH | AC3: KWH Cons | AD3: KVA | AE3: Max. KVA | AF3: Power Factor | AG3: KVAH | AH3: KVAH Cons | AI3: KWH | AJ3: KWH Cons | AK3: KVA | AL3: Max. KVA | AM3: Power Factor | AN3: KWH | AO3: KWH Cons | AP3: KWH | AQ3: KWH Cons
A4: ='Current month'!A3 -> 44773 | B4: ='Current month'!B3 -> 4947456 | C4: ='Current month'!D3 -> 3887248 | D4: ='Current month'!G3 -> 1070 | E4: ='Current month'!H3 -> 1110 | F4: ='Current month'!W3 -> 2327276 | G4: ='Current month'!U3 -> 2994789 | N4: =B4 -> 4947456 | P4: =C4 -> 3887248 | S4: =D4 -> 1070 | T4: =E4 -> 1110 | V4: =F4 -> 2327276 | X4: =G4 -> 2994789 | Z4: =H4 -> 0 | AB4: =I4 -> 0 | AD4: =J4 -> 0 | AE4: =K4 -> 0 | AF4: =AC4/AA4 -> #DIV/0! | AN4: =L4 -> 0 | AP4: =M4 -> 0
A5: ='Current month'!A4 -> 44774 | B5: ='Current month'!B4 -> 4969645 | C5: ='Current month'!D4 -> 3909086 | D5: ='Current month'!#REF! -> #REF! | E5: ='Current month'!G4 -> 1070 | F5: ='Current month'!W4 -> 2327780 | G5: ='Current month'!U4 -> 2995354 | N5: =B5 -> 4969645 | O5: =N5-N4 -> 22189 | P5: =C5 -> 3909086 | Q5: =P5-P4 -> 21838 | R5: =D5 -> #REF! | S5: =D5 -> #REF! | T5: =E5 -> 1070 | U5: =Q5/O5 -> 0.98418135 | V5: =F5 -> 2327780 | W5: =V5-V4 -> 504 | X5: =G5 -> 2995354 | Y5: =X5-X4 -> 565 | Z5: =H5 -> 0 | AA5: =Z5-Z4 -> 0 | AB5: =I5 -> 0 | AC5: =AB5-AB4 -> 0 | AD5: =J5 -> 0 | AE5: =K5 -> 0 | AF5: =AC5/AA5 -> #DIV/0! | AN5: =L5 -> 0 | AO5: =AN5-AN4 -> 0 | AP5: =M5 -> 0 | AQ5: =AP5-AP4 -> 0
A6: ='Current month'!A5 -> 44775 | B6: ='Current month'!B5 -> 4992194 | C6: ='Current month'!D5 -> 3930883 | D6: ='Current month'!G6 -> 1070 | E6: ='Current month'!H5 -> 1110 | F6: ='Current month'!W5 -> 2328316 | G6: ='Current month'!U5 -> 2996415 | H6: 2779830 | I6: 2384472 | J6: 96 | K6: 104 | L6: 41146 | M6: 32572 | N6: =B6 -> 4992194 | O6: =N6-N5 -> 22549 | P6: =C6 -> 3930883 | Q6: =P6-P5 -> 21797 | S6: =D6 -> 1070 | T6: =E6 -> 1110 | U6: =Q6/O6 -> 0.96665041 | V6: =F6 -> 2328316 | W6: =V6-V5 -> 536 | X6: =G6 -> 2996415 | Y6: =X6-X5 -> 1061 | Z6: =H6 -> 2779830 | AA6: =Z6-Z5 -> 2779830 | AB6: =I6 -> 2384472 | AC6: =AB6-AB5 -> 2384472 | AD6: =J6 -> 96 | AE6: =K6 -> 104 | AF6: =AC6/AA6 -> 0.85777619 | AN6: =L6 -> 41146 | AO6: =AN6-AN5 -> 41146 | AP6: =M6 -> 32572 | AQ6: =AP6-AP5 -> 32572
A7: ='Current month'!A6 -> 44776 | B7: ='Current month'!B6 -> 5016428 | C7: ='Current month'!D6 -> 3954367 | D7: ='Current month'!#REF! -> #REF! | E7: ='Current month'!H6 -> 1110 | F7: ='Current month'!W6 -> 2328838 | G7: ='Current month'!U6 -> 2998031 | H7: 2781496 | I7: 2385937 | J7: 96 | K7: 107 | L7: 41161 | M7: 32583 | N7: =B7 -> 5016428 | O7: =N7-N6 -> 24234 | P7: =C7 -> 3954367 | Q7: =P7-P6 -> 23484 | S7: =D7 -> #REF! | T7: =E7 -> 1110 | U7: =Q7/O7 -> 0.96905175 | V7: =F7 -> 2328838 | W7: =V7-V6 -> 522 | X7: =G7 -> 2998031 | Y7: =X7-X6 -> 1616 | Z7: =H7 -> 2781496 | AA7: =Z7-Z6 -> 1666 | AB7: =I7 -> 2385937 | AC7: =AB7-AB6 -> 1465 | AD7: =J7 -> 96 | AE7: =K7 -> 107 | AF7: =AC7/AA7 -> 0.87935174 | AN7: =L7 -> 41161 | AO7: =AN7-AN6 -> 15 | AP7: =M7 -> 32583 | AQ7: =AP7-AP6 -> 11
A8: ='Current month'!A7 -> 44777 | B8: ='Current month'!B7 -> 0 | C8: ='Current month'!D7 -> 0 | D8: ='Current month'!G7 -> 0 | E8: ='Current month'!H7 -> 0 | F8: ='Current month'!W7 -> 0 | G8: ='Current month'!U7 -> 0 | H8: 2783367 | I8: 2387576 | J8: 99 | K8: 111 | L8: 41177 | M8: 32595 | N8: =B8 -> 0 | O8: =N8-N7 -> -5016428 | P8: =C8 -> 0 | Q8: =P8-P7 -> -3954367 | S8: =D8 -> 0 | T8: =E8 -> 0 | U8: =Q8/O8 -> 0.78828342 | V8: =F8 -> 0 | W8: =V8-V7 -> -2328838 | X8: =G8 -> 0 | Y8: =X8-X7 -> -2998031 | Z8: =H8 -> 2783367 | AA8: =Z8-Z7 -> 1871 | AB8: =I8 -> 2387576 | AC8: =AB8-AB7 -> 1639 | AD8: =J8 -> 99 | AE8: =K8 -> 111 | AF8: =AC8/AA8 -> 0.87600214 | AN8: =L8 -> 41177 | AO8: =AN8-AN7 -> 16 | AP8: =M8 -> 32595 | AQ8: =AP8-AP7 -> 12
A9: ='Current month'!A8 -> 44778 | B9: ='Current month'!B8 -> 0 | C9: ='Current month'!D8 -> 0 | D9: ='Current month'!G8 -> 0 | E9: ='Current month'!H8 -> 0 | F9: ='Current month'!#REF! -> #REF! | G9: ='Current month'!W8 -> 0 | H9: 2785273 | I9: 2389230 | J9: 111 | K9: 114 | L9: 41193 | M9: 32607 | N9: =B9 -> 0 | O9: =N9-N8 -> 0 | P9: =C9 -> 0 | Q9: =P9-P8 -> 0 | S9: =D9 -> 0 | T9: =E9 -> 0 | U9: =Q9/O9 -> #DIV/0! | V9: =F9 -> #REF! | W9: =V9-V8 -> #REF! | X9: =G9 -> 0 | Y9: =X9-X8 -> 0 | Z9: =H9 -> 2785273 | AA9: =Z9-Z8 -> 1906 | AB9: =I9 -> 2389230 | AC9: =AB9-AB8 -> 1654 | AD9: =J9 -> 111 | AE9: =K9 -> 114 | AF9: =AC9/AA9 -> 0.86778594 | AN9: =L9 -> 41193 | AO9: =AN9-AN8 -> 16 | AP9: =M9 -> 32607 | AQ9: =AP9-AP8 -> 12
A10: ='Current month'!A9 -> 44779 | B10: ='Current month'!B9 -> 0 | C10: ='Current month'!D9 -> 0 | D10: ='Current month'!G9 -> 0 | E10: ='Current month'!H9 -> 0 | F10: ='Current month'!W9 -> 0 | G10: ='Current month'!U9 -> 0 | H10: 2786932 | I10: 2390670 | J10: 99 | K10: 111 | L10: 41208 | M10: 32617 | N10: =B10 -> 0 | O10: =N10-N9 -> 0 | P10: =C10 -> 0 | Q10: =P10-P9 -> 0 | S10: =D10 -> 0 | T10: =E10 -> 0 | U10: =Q10/O10 -> #DIV/0! | V10: =F10 -> 0 | W10: =V10-V9 -> #REF! | X10: =G10 -> 0 | Y10: =X10-X9 -> 0 | Z10: =H10 -> 2786932 | AA10: =Z10-Z9 -> 1659 | AB10: =I10 -> 2390670 | AC10: =AB10-AB9 -> 1440 | AD10: =J10 -> 99 | AE10: =K10 -> 111 | AF10: =AC10/AA10 -> 0.86799277 | AN10: =L10 -> 41208 | AO10: =AN10-AN9 -> 15 | AP10: =M10 -> 32617 | AQ10: =AP10-AP9 -> 10
A11: ='Current month'!A10 -> 44780 | B11: ='Current month'!B10 -> 0 | C11: ='Current month'!D10 -> 0 | D11: ='Current month'!G10 -> 0 | E11: ='Current month'!H10 -> 0 | F11: ='Current month'!W10 -> 0 | G11: ='Current month'!U10 -> 0 | H11: 2788735 | I11: 2392245 | J11: 99 | K11: 104 | L11: 41223 | M11: 32627 | N11: =B11 -> 0 | O11: =N11-N10 -> 0 | P11: =C11 -> 0 | Q11: =P11-P10 -> 0 | S11: =D11 -> 0 | T11: =E11 -> 0 | U11: =Q11/O11 -> #DIV/0! | V11: =F11 -> 0 | W11: =V11-V10 -> 0 | X11: =G11 -> 0 | Y11: =X11-X10 -> 0 | Z11: =H11 -> 2788735 | AA11: =Z11-Z10 -> 1803 | AB11: =I11 -> 2392245 | AC11: =AB11-AB10 -> 1575 | AD11: =J11 -> 99 | AE11: =K11 -> 104 | AF11: =AC11/AA11 -> 0.87354409 | AN11: =L11 -> 41223 | AO11: =AN11-AN10 -> 15 | AP11: =M11 -> 32627 | AQ11: =AP11-AP10 -> 10
A12: ='Current month'!A11 -> 44781 | B12: ='Current month'!B11 -> 0 | C12: ='Current month'!D11 -> 0 | D12: ='Current month'!G11 -> 0 | E12: ='Current month'!H11 -> 0 | F12: ='Current month'!W11 -> 0 | G12: ='Current month'!U11 -> 0 | H12: 2789392 | I12: 2392821 | J12: 99 | K12: 111 | L12: 41227 | M12: 32631 | N12: =B12 -> 0 | O12: =N12-N11 -> 0 | P12: =C12 -> 0 | Q12: =P12-P11 -> 0 | S12: =D12 -> 0 | T12: =E12 -> 0 | U12: =Q12/O12 -> #DIV/0! | V12: =F12 -> 0 | W12: =V12-V11 -> 0 | X12: =G12 -> 0 | Y12: =X12-X11 -> 0 | Z12: =H12 -> 2789392 | AA12: =Z12-Z11 -> 657 | AB12: =I12 -> 2392821 | AC12: =AB12-AB11 -> 576 | AD12: =J12 -> 99 | AE12: =K12 -> 111 | AF12: =AC12/AA12 -> 0.87671233 | AN12: =L12 -> 41227 | AO12: =AN12-AN11 -> 4 | AP12: =M12 -> 32631 | AQ12: =AP12-AP11 -> 4
A13: ='Current month'!A12 -> 44782 | B13: ='Current month'!B12 -> 0 | C13: ='Current month'!D12 -> 0 | D13: ='Current month'!G12 -> 0 | E13: ='Current month'!H12 -> 0 | F13: ='Current month'!W12 -> 0 | G13: ='Current month'!U12 -> 0 | N13: =B13 -> 0 | O13: =N13-N12 -> 0 | P13: =C13 -> 0 | Q13: =P13-P12 -> 0 | S13: =D13 -> 0 | T13: =E13 -> 0 | U13: =Q13/O13 -> #DIV/0! | V13: =F13 -> 0 | W13: =V13-V12 -> 0 | X13: =G13 -> 0 | Y13: =X13-X12 -> 0 | Z13: =H13 -> 0 | AB13: =I13 -> 0 | AD13: =J13 -> 0 | AE13: =K13 -> 0 | AF13: =AC13/AA13 -> #DIV/0! | AN13: =L13 -> 0 | AP13: =M13 -> 0
A14: ='Current month'!A13 -> 44783 | B14: ='Current month'!B13 -> 0 | C14: ='Current month'!D13 -> 0 | D14: ='Current month'!G13 -> 0 | E14: ='Current month'!H13 -> 0 | F14: ='Current month'!W13 -> 0 | G14: ='Current month'!U13 -> 0 | N14: =B14 -> 0 | O14: =N14-N13 -> 0 | P14: =C14 -> 0 | Q14: =P14-P13 -> 0 | S14: =D14 -> 0 | T14: =E14 -> 0 | U14: =Q14/O14 -> #DIV/0! | V14: =F14 -> 0 | W14: =V14-V13 -> 0 | X14: =G14 -> 0 | Y14: =X14-X13 -> 0 | Z14: =H14 -> 0 | AA14: =Z14-Z13 -> 0 | AB14: =I14 -> 0 | AC14: =AB14-AB13 -> 0 | AD14: =J14 -> 0 | AE14: =K14 -> 0 | AF14: =AC14/AA14 -> #DIV/0! | AN14: =L14 -> 0 | AO14: =AN14-AN13 -> 0 | AP14: =M14 -> 0 | AQ14: =AP14-AP13 -> 0
A15: ='Current month'!A14 -> 44784 | B15: ='Current month'!B14 -> 0 | C15: ='Current month'!D14 -> 0 | D15: ='Current month'!G14 -> 0 | E15: ='Current month'!H14 -> 0 | F15: ='Current month'!W14 -> 0 | G15: ='Current month'!U14 -> 0 | N15: =B15 -> 0 | O15: =N15-N14 -> 0 | P15: =C15 -> 0 | Q15: =P15-P14 -> 0 | S15: =D15 -> 0 | T15: =E15 -> 0 | U15: =Q15/O15 -> #DIV/0! | V15: =F15 -> 0 | W15: =V15-V14 -> 0 | X15: =G15 -> 0 | Y15: =X15-X14 -> 0 | Z15: =H15 -> 0 | AA15: =Z15-Z14 -> 0 | AB15: =I15 -> 0 | AC15: =AB15-AB14 -> 0 | AD15: =J15 -> 0 | AE15: =K15 -> 0 | AF15: =AC15/AA15 -> #DIV/0! | AN15: =L15 -> 0 | AO15: =AN15-AN14 -> 0 | AP15: =M15 -> 0 | AQ15: =AP15-AP14 -> 0
A16: ='Current month'!A15 -> 44785 | B16: ='Current month'!B15 -> 0 | C16: ='Current month'!D15 -> 0 | D16: ='Current month'!G15 -> 0 | E16: ='Current month'!H15 -> 0 | F16: ='Current month'!W15 -> 0 | G16: ='Current month'!U15 -> 0 | N16: =B16 -> 0 | O16: =N16-N15 -> 0 | P16: =C16 -> 0 | Q16: =P16-P15 -> 0 | S16: =D16 -> 0 | T16: =E16 -> 0 | U16: =Q16/O16 -> #DIV/0! | V16: =F16 -> 0 | W16: =V16-V15 -> 0 | X16: =G16 -> 0 | Y16: =X16-X15 -> 0 | Z16: =H16 -> 0 | AA16: =Z16-Z15 -> 0 | AB16: =I16 -> 0 | AC16: =AB16-AB15 -> 0 | AD16: =J16 -> 0 | AE16: =K16 -> 0 | AF16: =AC16/AA16 -> #DIV/0! | AN16: =L16 -> 0 | AO16: =AN16-AN15 -> 0 | AP16: =M16 -> 0 | AQ16: =AP16-AP15 -> 0
A17: ='Current month'!A16 -> 44786 | B17: ='Current month'!B16 -> 0 | C17: ='Current month'!D16 -> 0 | D17: ='Current month'!G16 -> 0 | E17: ='Current month'!H16 -> 0 | F17: ='Current month'!W16 -> 0 | G17: ='Current month'!U16 -> 0 | N17: =B17 -> 0 | O17: =N17-N16 -> 0 | P17: =C17 -> 0 | Q17: =P17-P16 -> 0 | S17: =D17 -> 0 | T17: =E17 -> 0 | U17: =Q17/O17 -> #DIV/0! | V17: =F17 -> 0 | W17: =V17-V16 -> 0 | X17: =G17 -> 0 | Y17: =X17-X16 -> 0 | Z17: =H17 -> 0 | AA17: =Z17-Z16 -> 0 | AB17: =I17 -> 0 | AC17: =AB17-AB16 -> 0 | AD17: =J17 -> 0 | AE17: =K17 -> 0 | AF17: =AC17/AA17 -> #DIV/0! | AN17: =L17 -> 0 | AO17: =AN17-AN16 -> 0 | AP17: =M17 -> 0 | AQ17: =AP17-AP16 -> 0
A18: ='Current month'!A17 -> 44787 | B18: ='Current month'!B17 -> 0 | C18: ='Current month'!D17 -> 0 | D18: ='Current month'!G17 -> 0 | E18: ='Current month'!H17 -> 0 | F18: ='Current month'!W17 -> 0 | G18: ='Current month'!U17 -> 0 | N18: =B18 -> 0 | O18: =N18-N17 -> 0 | P18: =C18 -> 0 | Q18: =P18-P17 -> 0 | S18: =D18 -> 0 | T18: =E18 -> 0 | U18: =Q18/O18 -> #DIV/0! | V18: =F18 -> 0 | W18: =V18-V17 -> 0 | X18: =G18 -> 0 | Y18: =X18-X17 -> 0 | Z18: =H18 -> 0 | AA18: =Z18-Z17 -> 0 | AB18: =I18 -> 0 | AC18: =AB18-AB17 -> 0 | AD18: =J18 -> 0 | AE18: =K18 -> 0 | AF18: =AC18/AA18 -> #DIV/0! | AN18: =L18 -> 0 | AO18: =AN18-AN17 -> 0 | AP18: =M18 -> 0 | AQ18: =AP18-AP17 -> 0
A19: ='Current month'!A18 -> 44788 | B19: ='Current month'!B18 -> 0 | C19: ='Current month'!D18 -> 0 | D19: ='Current month'!G18 -> 0 | E19: ='Current month'!H18 -> 0 | F19: ='Current month'!W18 -> 0 | G19: ='Current month'!U18 -> 0 | N19: =B19 -> 0 | O19: =N19-N18 -> 0 | P19: =C19 -> 0 | Q19: =P19-P18 -> 0 | S19: =D19 -> 0 | T19: =E19 -> 0 | U19: =Q19/O19 -> #DIV/0! | V19: =F19 -> 0 | W19: =V19-V18 -> 0 | X19: =G19 -> 0 | Y19: =X19-X18 -> 0 | Z19: =H19 -> 0 | AA19: =Z19-Z18 -> 0 | AB19: =I19 -> 0 | AC19: =AB19-AB18 -> 0 | AD19: =J19 -> 0 | AE19: =K19 -> 0 | AF19: =AC19/AA19 -> #DIV/0! | AN19: =L19 -> 0 | AO19: =AN19-AN18 -> 0 | AP19: =M19 -> 0 | AQ19: =AP19-AP18 -> 0
A20: ='Current month'!A19 -> 44789 | B20: ='Current month'!B19 -> 0 | C20: ='Current month'!D19 -> 0 | D20: ='Current month'!G19 -> 0 | E20: ='Current month'!H19 -> 0 | F20: ='Current month'!W19 -> 0 | G20: ='Current month'!U19 -> 0 | N20: =B20 -> 0 | O20: =N20-N19 -> 0 | P20: =C20 -> 0 | Q20: =P20-P19 -> 0 | S20: =D20 -> 0 | T20: =E20 -> 0 | U20: =Q20/O20 -> #DIV/0! | V20: =F20 -> 0 | W20: =V20-V19 -> 0 | X20: =G20 -> 0 | Y20: =X20-X19 -> 0 | Z20: =H20 -> 0 | AA20: =Z20-Z19 -> 0 | AB20: =I20 -> 0 | AC20: =AB20-AB19 -> 0 | AD20: =J20 -> 0 | AE20: =K20 -> 0 | AF20: =AC20/AA20 -> #DIV/0! | AN20: =L20 -> 0 | AO20: =AN20-AN19 -> 0 | AP20: =M20 -> 0 | AQ20: =AP20-AP19 -> 0
A21: ='Current month'!A20 -> 44790 | B21: ='Current month'!B20 -> 0 | C21: ='Current month'!D20 -> 0 | D21: ='Current month'!G20 -> 0 | E21: ='Current month'!H20 -> 0 | F21: ='Current month'!W20 -> 0 | G21: ='Current month'!U20 -> 0 | N21: =B21 -> 0 | O21: =N21-N20 -> 0 | P21: =C21 -> 0 | Q21: =P21-P20 -> 0 | S21: =D21 -> 0 | T21: =E21 -> 0 | U21: =Q21/O21 -> #DIV/0! | V21: =F21 -> 0 | W21: =V21-V20 -> 0 | X21: =G21 -> 0 | Y21: =X21-X20 -> 0 | Z21: =H21 -> 0 | AA21: =Z21-Z20 -> 0 | AB21: =I21 -> 0 | AC21: =AB21-AB20 -> 0 | AD21: =J21 -> 0 | AE21: =K21 -> 0 | AF21: =AC21/AA21 -> #DIV/0! | AN21: =L21 -> 0 | AO21: =AN21-AN20 -> 0 | AP21: =M21 -> 0 | AQ21: =AP21-AP20 -> 0
A22: ='Current month'!A21 -> 44791 | B22: ='Current month'!B21 -> 0 | C22: ='Current month'!D21 -> 0 | D22: ='Current month'!G21 -> 0 | E22: ='Current month'!H21 -> 0 | F22: ='Current month'!W21 -> 0 | G22: ='Current month'!U21 -> 0 | N22: =B22 -> 0 | O22: =N22-N21 -> 0 | P22: =C22 -> 0 | Q22: =P22-P21 -> 0 | S22: =D22 -> 0 | T22: =E22 -> 0 | U22: =Q22/O22 -> #DIV/0! | V22: =F22 -> 0 | W22: =V22-V21 -> 0 | X22: =G22 -> 0 | Y22: =X22-X21 -> 0 | Z22: =H22 -> 0 | AA22: =Z22-Z21 -> 0 | AB22: =I22 -> 0 | AC22: =AB22-AB21 -> 0 | AD22: =J22 -> 0 | AE22: =K22 -> 0 | AF22: =AC22/AA22 -> #DIV/0! | AN22: =L22 -> 0 | AO22: =AN22-AN21 -> 0 | AP22: =M22 -> 0 | AQ22: =AP22-AP21 -> 0
A23: ='Current month'!A22 -> 44792 | B23: ='Current month'!B22 -> 0 | C23: ='Current month'!D22 -> 0 | D23: ='Current month'!G22 -> 0 | E23: ='Current month'!H22 -> 0 | F23: ='Current month'!W22 -> 0 | G23: ='Current month'!U22 -> 0 | N23: =B23 -> 0 | O23: =N23-N22 -> 0 | P23: =C23 -> 0 | Q23: =P23-P22 -> 0 | S23: =D23 -> 0 | T23: =E23 -> 0 | U23: =Q23/O23 -> #DIV/0! | V23: =F23 -> 0 | W23: =V23-V22 -> 0 | X23: =G23 -> 0 | Y23: =X23-X22 -> 0 | Z23: =H23 -> 0 | AA23: =Z23-Z22 -> 0 | AB23: =I23 -> 0 | AC23: =AB23-AB22 -> 0 | AD23: =J23 -> 0 | AE23: =K23 -> 0 | AF23: =AC23/AA23 -> #DIV/0! | AN23: =L23 -> 0 | AO23: =AN23-AN22 -> 0 | AP23: =M23 -> 0 | AQ23: =AP23-AP22 -> 0
A24: ='Current month'!A23 -> 44793 | B24: ='Current month'!B23 -> 0 | C24: ='Current month'!D23 -> 0 | D24: ='Current month'!G23 -> 0 | E24: ='Current month'!H23 -> 0 | F24: ='Current month'!W23 -> 0 | G24: ='Current month'!U23 -> 0 | N24: =B24 -> 0 | O24: =N24-N23 -> 0 | P24: =C24 -> 0 | Q24: =P24-P23 -> 0 | S24: =D24 -> 0 | T24: =E24 -> 0 | U24: =Q24/O24 -> #DIV/0! | V24: =F24 -> 0 | W24: =V24-V23 -> 0 | X24: =G24 -> 0 | Y24: =X24-X23 -> 0 | Z24: =H24 -> 0 | AA24: =Z24-Z23 -> 0 | AB24: =I24 -> 0 | AC24: =AB24-AB23 -> 0 | AD24: =J24 -> 0 | AE24: =K24 -> 0 | AF24: =AC24/AA24 -> #DIV/0! | AN24: =L24 -> 0 | AO24: =AN24-AN23 -> 0 | AP24: =M24 -> 0 | AQ24: =AP24-AP23 -> 0
A25: ='Current month'!A24 -> 44794 | B25: ='Current month'!B24 -> 0 | C25: ='Current month'!D24 -> 0 | D25: ='Current month'!G24 -> 0 | E25: ='Current month'!H24 -> 0 | F25: ='Current month'!W24 -> 0 | G25: ='Current month'!U24 -> 0 | N25: =B25 -> 0 | O25: =N25-N24 -> 0 | P25: =C25 -> 0 | Q25: =P25-P24 -> 0 | S25: =D25 -> 0 | T25: =E25 -> 0 | U25: =Q25/O25 -> #DIV/0! | V25: =F25 -> 0 | W25: =V25-V24 -> 0 | X25: =G25 -> 0 | Y25: =X25-X24 -> 0 | Z25: =H25 -> 0 | AA25: =Z25-Z24 -> 0 | AB25: =I25 -> 0 | AC25: =AB25-AB24 -> 0 | AD25: =J25 -> 0 | AE25: =K25 -> 0 | AF25: =AC25/AA25 -> #DIV/0! | AN25: =L25 -> 0 | AO25: =AN25-AN24 -> 0 | AP25: =M25 -> 0 | AQ25: =AP25-AP24 -> 0
... A34: ='Current month'!A33 -> 44803 | B34: ='Current month'!B33 -> 0 | C34: ='Current month'!D33 -> 0 | D34: ='Current month'!G33 -> 0 | E34: ='Current month'!H33 -> 0 | F34: ='Current month'!W33 -> 0 | G34: ='Current month'!U33 -> 0 | N34: =B34 -> 0 | O34: =N34-N33 -> 0 | P34: =C34 -> 0 | Q34: =P34-P33 -> 0 | S34: =D34 -> 0 | T34: =E34 -> 0 | U34: =Q34/O34 -> #DIV/0! | V34: =F34 -> 0 | W34: =V34-V33 -> 0 | X34: =G34 -> 0 | Y34: =X34-X33 -> 0 | Z34: =H34 -> 0 | AA34: =Z34-Z33 -> 0 | AB34: =I34 -> 0 | AC34: =AB34-AB33 -> 0 | AD34: =J34 -> 0 | AE34: =K34 -> 0 | AF34: =AC34/AA34 -> #DIV/0! | AN34: =L34 -> 0 | AO34: =AN34-AN33 -> 0 | AP34: =M34 -> 0 | AQ34: =AP34-AP33 -> 0
A35: ='Current month'!#REF! -> #REF! | B35: ='Current month'!#REF! -> #REF! | C35: ='Current month'!#REF! -> #REF! | D35: ='Current month'!#REF! -> #REF! | E35: ='Current month'!#REF! -> #REF! | F35: ='Current month'!#REF! -> #REF! | G35: ='Current month'!#REF! -> #REF! | N35: =B35 -> #REF! | O35: =N35-N34 -> #REF! | P35: =C35 -> #REF! | Q35: =P35-P34 -> #REF! | S35: =D35 -> #REF! | T35: =E35 -> #REF! | U35: =Q35/O35 -> #REF! | V35: =F35 -> #REF! | W35: =V35-V34 -> #REF! | X35: =G35 -> #REF! | Y35: =X35-X34 -> #REF! | Z35: =H35 -> 0 | AA35: =Z35-Z34 -> 0 | AB35: =I35 -> 0 | AC35: =AB35-AB34 -> 0 | AD35: =J35 -> 0 | AE35: =K35 -> 0 | AF35: =AC35/AA35 -> #DIV/0! | AN35: =L35 -> 0 | AO35: =AN35-AN34 -> 0 | AP35: =M35 -> 0 | AQ35: =AP35-AP34 -> 0
R36: =D36 -> 0 | Z36: =H36 -> 0 | AB36: =I36 -> 0 | AD36: =J36 -> 0 | AE36: =K36 -> 0 | AM36: =L36 -> 0 | AN36: =L36 -> 0 | AP36: =M36 -> 0
O37: =SUM(O5:O36) -> #REF! | Q37: =SUM(Q5:Q36) -> #REF! | S37: =MAX(S4:S36) -> #REF! | T37: =MAX(T4:T36) -> #REF! | W37: =SUM(W5:W36) -> #REF! | Y37: =SUM(Y5:Y36) -> #REF! | AA37: =SUM(AA4:AA36) -> 2789392 | AC37: =SUM(AC4:AC36) -> 2392821 | AD37: =MAX(AD4:AD36) -> 111 | AE37: =MAX(AE4:AE36) -> 114 | AF37: =AC37/AA37 -> 0.85782887 | AO37: =SUM(AO4:AO36) -> 41227 | AQ37: =SUM(AQ4:AQ36) -> 32631
A39: CEB | B39: KVAH | C39: =O37 -> #REF!
B40: KWH | C40: =Q37 -> #REF!
B41: KVA | C41: 1222
B42: Max. KVA | C42: =MAX(E4:E35) -> #REF!
A43: Laundry | B43: KWH | C43: =W37 -> #REF!
A44: Vacoas | B44: KWH | C44: =Y37 -> #REF!
A45: Golf | B45: KVAH | C45: =AA37 -> 2789392
B46: KWH | C46: =AC37 -> 2392821
B47: KVA | C47: =MAX(J4:J35) -> 111
B48: Max. KVA | C48: =MAX(K4:K35) -> 114
A49: Lifting | B49: KWH | C49: =AO37 -> 41227
A50: Plantroom | B50: KWH | C50: =AQ37 -> 32631

Sheet Daily report
L1: 0
C2: Date: | D2: =TODAY()-1 -> 44776 | O2: Signature: | P2: Michael
B4: ENERGY | L4: MAIN EQUIPMENT | V4: CHILLED WATER
B6: ELECTRICITY | D6: =D2 -> 44776 | F6: =D2-1 -> 44775 | H6: =F6-1 -> 44774 | J6: Average | L6: HOT WATER | W6: Chillers status(1,2): | X6: OK | Z6: OFF | AA6: set point 10
B8: Yester | C8: Consumption kWH: | D8: =VLOOKUP($D$2,'Current month'!$A$3:$EE$33,3,FALSE) -> 24234 | F8: =VLOOKUP($F$6,'Current month'!$A$3:$EE$33,3,FALSE) -> 22549 | H8: =VLOOKUP($H$6,'Current month'!$A$3:$EE$33,3,FALSE) -> 22189 | J8: 22k to 25K | M8: Yesterday's consumption: | N8: =VLOOKUP($D$2,'Current month'!$A$3:$EE$33,73,FALSE) -> 661100 | R8: Boiler tank Tem | W8: Temperature IN: | X8: 15.9 | Y8: 12.5
N9: 84 | X9: 7.5 | Z9: 0
C10: Back-up genset 1: | D10: OK | L10: Pantry A | M10: Boiler 1,2 | P10: OFF | R10: 0 | S10: 72 | W10: Temperature OUT: | X10: 13
L11: Pantry A | M11: Boiler 1,3 | N11: OK | P11: OK | Z11: 11
C12: Back-up genset 2: | D12: OK | L12: Pantry B | M12: Boiler 1,2 | N12: OFF | P12: OFF | R12: 0 | S12: 0 | V12: ∆T | X12: =+X8-X10 -> 2.9 | Z12: =+Z8-Z10 -> 0
L13: Pantry A | M13: Boiler 1,5 | N13: OK | P13: OK
C14: Diesel in stock: | D14: =VLOOKUP($D$2,'Current month'!A3:EE33,77,FALSE) -> 854250 | F14: Litres | L14: Pantry C | M14: Boiler 1,2 | N14: OFF | P14: OFF | R14: 0 | S14: 0 | V14: OTHER EQUIPMENT
H15: 22948 | L15: Pantry A | M15: Boiler 1,2 | N15: OK | P15: OK
L16: Pantry D | M16: Boiler 1,2 | N16: OFF | P16: OFF | R16: 0 | S16: 0 | V16: POSITIVE COLD ROOMS | Z16: Average +2 to +7
L17: Pantry D | M17: Boiler 1,2 | N17: OK | P17: OK | R17: 0
B18: WATER | F18: =D2-1 -> 44775 | H18: =F18-1 -> 44774 | L18: Pantry E | M18: Boiler 1,2 | N18: OFF | P18: OK | R18: 0 | S18: 70 | V18: Staff Kitchen | X18: OK
D19: 658 | L19: Pantry D | M19: Boiler 1,2 | N19: OK | P19: OK
C20: Yesterday's consumption m3: | D20: =VLOOKUP($D$2,'Current month'!A3:EE33,72,FALSE) -> 211 | F20: =VLOOKUP(F18,'Current month'!$A$3:$EE$33,72,FALSE) -> 156 | H20: =VLOOKUP(H18,'Current month'!$A$3:$EE$33,72,FALSE) -> 204 | L20: Pantry F | M20: Boiler 1,2 | N20: OFF | P20: OK | R20: 0 | S20: 70 | V20: Beau Champ | X20: OK
L21: Pantry D | M21: Boiler 1,2 | N21: OK | P21: OK
C22: CWA delivery | D22: =VLOOKUP($D$2,'Current month'!$A3:EE33,22,FALSE) -> 1616 | F22: =VLOOKUP($F$18,'Current month'!$A3:EG33,22,FALSE) -> 1061 | H22: =VLOOKUP($H$18,'Current month'!$A3:EI33,22,FALSE) -> 565 | L22: Pantry G | M22: Boiler 1,2 | N22: OFF | P22: OFF | R22: 0 | S22: 0 | V22: Pastry | X22: OK
M23: Boiler 1,2 | N23: OK | P23: OK | R23: 65
C24: North | D24: =VLOOKUP($D$2,'Current month'!$A$3:EE33,64,FALSE) -> 7 | F24: =VLOOKUP($F$18,'Current month'!$A$3:$EE$33,64,FALSE) -> 4 | H24: =VLOOKUP($H$18,'Current month'!$A$3:$EE$33,64,FALSE) -> 6 | L24: Main Building | M24: Boiler 1,2 | N24: OFF | P24: OK | R24: 0 | S24: 65 | V24: Breakfast | X24: OK
C26: South | D26: =VLOOKUP($D$2,'Current month'!$A$3:$EE$33,71,FALSE) -> 19 | F26: =VLOOKUP($F$18,'Current month'!$A$3:$EE$33,71,FALSE) -> 24 | H26: =VLOOKUP($H$18,'Current month'!$A$3:$EE$33,71,FALSE) -> 26 | L26: Set point | M26: 55 | V26: Larder | X26: OK
C27: Island | N27: 11.8
C28: Island | D28: =VLOOKUP($D$2,'Current month'!$A$3:$EE$33,34,FALSE) -> 470 | F28: =VLOOKUP($F$18,'Current month'!$A$3:$EE$33,34,FALSE) -> 470 | H28: =VLOOKUP($H$18,'Current month'!$A$3:$EE$33,34,FALSE) -> 470 | L28: FIRE FIGHTING SYSTEM | V28: Dairy | X28: OK
C30: Booster pump status(1,2,3): | D30: O.O.O | F30: OK | H30: OK | M30: Fire pump system: | N30: Operational | V30: Juice | X30: OK
C32: Water in stock: | D32: =VLOOKUP($D$2,'Current month'!$A$3:$EE$33,23,FALSE) -> 2328838 | F32: =D32%*400 -> 9315352 | H32: m3 | I32: 240 to 300 m3 | M32: Pressure: | N32: 3.8 | P32: Bars | R32: 5.5 to 6.5 | V32: Fish | X32: OK
B34: GAS | F34: =D2-1 -> 44775 | H34: =D2-2 -> 44774 | M34: Date of last test: | V34: Meat | X34: OK
N35: 40693
C36: Yesterday's consumption kg: | D36: =VLOOKUP($D$2,'Current month'!$A$3:$EE$33,81,FALSE) -> -230 | F36: =VLOOKUP($F$34,'Current month'!$A$3:$EE$33,81,FALSE) -> -180 | H36: =VLOOKUP($H$34,'Current month'!$A$3:$EE$33,81,FALSE) -> -230 | M36: Jockey pump running Hours: | N36: 1 | V36: Aquapazza | X36: OK
D37: 700
C38: Steam Boiler: | D38: =VLOOKUP($D$2,'Current month'!$A$3:$EE$33,103,FALSE) -> 36012 | F38: =VLOOKUP($F$34,'Current month'!$A$3:$EE$33,103,FALSE) -> 36003 | H38: =VLOOKUP($H$34,'Current month'!$A$3:$EE$33,103,FALSE) -> 35995 | L38: LIFTING PUMP | V38: Bamboo | X38: OK
C40: Gas tank status 1: | D40: OK | F40: =VLOOKUP($D$2,'Current month'!$A$3:$EE$33,83,FALSE) -> 69 | H40: % | L40: Main Building | M40: Pump 1 | N40: 2nd | P40: Pump 2 | R40: 2nd | V40: Wine Chill | X40: OK
C42: Gas tank status 2: | D42: OK | F42: =VLOOKUP($D$2,'Current month'!$A$3:$EE$33,85,FALSE) -> 19718.481 | H42: % | L42: Hobbit Village | M42: Pump 1 | N42: Low | P42: Pump 2 | R42: O.O.O | V42: NEGATIVE COLD ROOMS | Z42: Average -15 to -20
C44: Gas tank status 3: | D44: OK | F44: =VLOOKUP($D$2,'Current month'!$A$3:$EE$33,87,FALSE) -> 0 | H44: % | L44: Boundary | M44: Pump 1 | N44: Low | P44: Pump 2 | R44: Low
L45: Pantry B VR302 | M45: Pump 1 | N45: Low | P45: Pump 2 | R45: Low | V45: Pastry 1 | X45: OK
C46: Gas in hotel: | D46: =VLOOKUP($D$2,'Current month'!$A$3:$EE$33,89,FALSE) -> 3925 | F46: Kg | H46: 12500 kg | I46: to 27400 kg | L46: Pantry C Acqua | M46: Pump 1 | N46: Low | P46: Pump 2 | R46: Low | V46: Pastry 2 | X46: OK
L47: Spa | M47: Pump 1 | N47: Low | P47: Pump 2 | R47: O.O.O | V47: Bamboo Basement | X47: OK
C48: Pool temperature | D48: California | F48: Infiniti | H48: Fitness | L48: Pantry E GS183 | M48: Pump 1 | N48: Low | P48: Pump 2 | R48: O.O.O | V48: Vegetables: | X48: OK
D49: =VLOOKUP($D$2,'Current month'!$A$3:$ES$33,139,FALSE) -> 0 | F49: =VLOOKUP($D$2,'Current month'!$A$3:$ES$33,140,FALSE) -> 0 | H49: =VLOOKUP($D$2,'Current month'!$A$3:$ES$33,141,FALSE) -> 0 | L49: Pantry F GS110 | M49: Pump 1 | N49: Low | P49: Pump 2 | R49: Low | V49: Fish | X49: OK
L50: Pantry G VS215 | M50: Pump 1 | N50: Low | P50: Pump 2 | R50: Low | V50: Meat | X50: OK
C51: Steam Boiler | L51: Luxury south | M51: Pump 1 | N51: Low | P51: Pump 2 | R51: O.O.O
B53: COMMENTS | L53: COMMENTS | V53: COMMENTS
B54: Laundry was open these last 2 days. Impact: Electricity consumption. Gas: Steam boiler on last 2 days. Beau Champ kitchen ovens on test following servicing. Water: Bambou pool backwash was done yesterday and cleaning by HK on island and public areas. | V54: One compressor out of order on chiller 2

Sheet Impact  
A1: PREVIOUS MONTH
A2: Date | B2: Units | K2: Cost - MUR | N2: CDD | O2: Total Daily Utilities Cost | Q2: Bed Nights | R2: % OCC | Y2: Date | Z2: Vacoas - Electricity | AC2: Laundry - Gas | AE2: Pantry F | AH2: Saving - MUR | AK2: Total Daily Saving
B3: Electricity | C3: Gas | D3: Water | K3: Electricity | L3: Gas | M3: Water | Z3: Units | AA3: % on Total | AB3: Cost | AC3: Units | AD3: Cost | AE3: Units | AF3: Cost | AH3: Electricity | AI3: Gas | AJ3: Water
A4: 43831 | B4: 21899 | C4: 943.75 | D4: 310 | K4: =B4*6.21 -> 135992.79 | L4: =C4*55.95 -> 52802.812 | M4: =D4*68.44 -> 21216.4 | N4: 27.6 | O4: =K4+L4+M4 -> 210012 | Q4: 248 | R4: 0.6 | Y4: 43831 | Z4: 1160 | AA4: =Z4/B4 -> 0.052970455 | AB4: =Z4*6.21 -> 7203.6 | AC4: 43.75 | AD4: =AC4*55.95 -> 2447.8125 | AE4: 25 | AF4: =AE4*55.95 -> 1398.75 | AH4: =$K$40-K4 -> 40422.292 | AI4: =$L$40-L4 -> 1996.6028 | AJ4: =$M$40-M4 -> 1611.6516 | AK4: =AH4+AI4+AJ4 -> 44030.547
A5: 43832 | B5: 25743 | C5: 975 | D5: 340 | K5: =B5*6.21 -> 159864.03 | L5: =C5*55.95 -> 54551.25 | M5: =D5*68.44 -> 23269.6 | N5: 26.9 | O5: =K5+L5+M5 -> 237684.88 | Q5: 228 | R5: 0.59 | Y5: 43832 | Z5: 665 | AA5: =Z5/B5 -> 0.025832265 | AB5: =Z5*6.21 -> 4129.65 | AC5: 37.5 | AD5: =AC5*55.95 -> 2098.125 | AE5: 31.25 | AF5: =AE5*55.95 -> 1748.4375 | AH5: =$K$40-K5 -> 16551.052 | AI5: =$L$40-L5 -> 248.16532 | AJ5: =$M$40-M5 -> -441.54839 | AK5: =AH5+AI5+AJ5 -> 16357.669
A6: 43833 | B6: 28432 | C6: 1093.75 | D6: 350 | K6: =B6*6.21 -> 176562.72 | L6: =C6*55.95 -> 61195.312 | M6: =D6*68.44 -> 23954 | N6: 26 | O6: =K6+L6+M6 -> 261712.03 | Q6: 238 | R6: 0.64 | Y6: 43833 | Z6: 771 | AA6: =Z6/B6 -> 0.027117333 | AB6: =Z6*6.21 -> 4787.91 | AC6: 31.25 | AD6: =AC6*55.95 -> 1748.4375 | AE6: 25 | AF6: =AE6*55.95 -> 1398.75 | AH6: =$K$40-K6 -> -147.63774 | AI6: =$L$40-L6 -> -6395.8972 | AJ6: =$M$40-M6 -> -1125.9484 | AK6: =AH6+AI6+AJ6 -> -7669.4833
A7: 43834 | B7: 28412 | C7: 906.25 | D7: 390 | K7: =B7*6.21 -> 176438.52 | L7: =C7*55.95 -> 50704.688 | M7: =D7*68.44 -> 26691.6 | N7: 25.4 | O7: =K7+L7+M7 -> 253834.81 | Q7: 236 | R7: 0.62 | Y7: 43834 | Z7: 1020 | AA7: =Z7/B7 -> 0.035900324 | AB7: =Z7*6.21 -> 6334.2 | AC7: 37.5 | AD7: =AC7*55.95 -> 2098.125 | AE7: 43.75 | AF7: =AE7*55.95 -> 2447.8125 | AH7: =$K$40-K7 -> -23.437742 | AI7: =$L$40-L7 -> 4094.7278 | AJ7: =$M$40-M7 -> -3863.5484 | AK7: =AH7+AI7+AJ7 -> 207.74169
A8: 43835 | B8: 25504 | C8: 1112.5 | D8: 300 | K8: =B8*6.21 -> 158379.84 | L8: =C8*55.95 -> 62244.375 | M8: =D8*68.44 -> 20532 | N8: 25 | O8: =K8+L8+M8 -> 241156.21 | Q8: 200 | R8: 0.55 | Y8: 43835 | Z8: 784 | AA8: =Z8/B8 -> 0.030740276 | AB8: =Z8*6.21 -> 4868.64 | AC8: 37.5 | AD8: =AC8*55.95 -> 2098.125 | AE8: 31.25 | AF8: =AE8*55.95 -> 1748.4375 | AH8: =$K$40-K8 -> 18035.242 | AI8: =$L$40-L8 -> -7444.9597 | AJ8: =$M$40-M8 -> 2296.0516 | AK8: =AH8+AI8+AJ8 -> 12886.334
A9: 43836 | B9: 28181 | C9: 681.25 | D9: 340 | K9: =B9*6.21 -> 175004.01 | L9: =C9*55.95 -> 38115.938 | M9: =D9*68.44 -> 23269.6 | N9: 26.3 | O9: =K9+L9+M9 -> 236389.55 | Q9: 177 | R9: 0.47 | Y9: 43836 | Z9: 898 | AA9: =Z9/B9 -> 0.031865441 | AB9: =Z9*6.21 -> 5576.58 | AC9: 31.25 | AD9: =AC9*55.95 -> 1748.4375 | AE9: 50 | AF9: =AE9*55.95 -> 2797.5 | AH9: =$K$40-K9 -> 1411.0723 | AI9: =$L$40-L9 -> 16683.478 | AJ9: =$M$40-M9 -> -441.54839 | AK9: =AH9+AI9+AJ9 -> 17653.002
A10: 43837 | B10: 28155 | C10: 1250 | D10: 340 | K10: =B10*6.21 -> 174842.55 | L10: =C10*55.95 -> 69937.5 | M10: =D10*68.44 -> 23269.6 | N10: 27.5 | O10: =K10+L10+M10 -> 268049.65 | Q10: 189 | R10: 0.51 | Y10: 43837 | Z10: 971 | AA10: =Z10/B10 -> 0.034487658 | AB10: =Z10*6.21 -> 6029.91 | AC10: 56.25 | AD10: =AC10*55.95 -> 3147.1875 | AE10: 37.5 | AF10: =AE10*55.95 -> 2098.125 | AH10: =$K$40-K10 -> 1572.5323 | AI10: =$L$40-L10 -> -15138.085 | AJ10: =$M$40-M10 -> -441.54839 | AK10: =AH10+AI10+AJ10 -> -14007.101
A11: 43838 | B11: 29552 | C11: 962.5 | D11: 330 | K11: =B11*6.21 -> 183517.92 | L11: =C11*55.95 -> 53851.875 | M11: =D11*68.44 -> 22585.2 | N11: 26.9 | O11: =K11+L11+M11 -> 259955 | Q11: 245 | R11: 0.67 | Y11: 43838 | Z11: 791 | AA11: =Z11/B11 -> 0.026766378 | AB11: =Z11*6.21 -> 4912.11 | AC11: 37.5 | AD11: =AC11*55.95 -> 2098.125 | AE11: 50 | AF11: =AE11*55.95 -> 2797.5 | AH11: =$K$40-K11 -> -7102.8377 | AI11: =$L$40-L11 -> 947.54032 | AJ11: =$M$40-M11 -> 242.85161 | AK11: =AH11+AI11+AJ11 -> -5912.4458
A12: 43839 | B12: 24412 | C12: 893.75 | D12: 330 | K12: =B12*6.21 -> 151598.52 | L12: =C12*55.95 -> 50005.312 | M12: =D12*68.44 -> 22585.2 | N12: 26.3 | O12: =K12+L12+M12 -> 224189.03 | Q12: 295 | R12: 0.79 | Y12: 43839 | Z12: 805 | AA12: =Z12/B12 -> 0.032975586 | AB12: =Z12*6.21 -> 4999.05 | AC12: 31.25 | AD12: =AC12*55.95 -> 1748.4375 | AE12: 43.75 | AF12: =AE12*55.95 -> 2447.8125 | AH12: =$K$40-K12 -> 24816.562 | AI12: =$L$40-L12 -> 4794.1028 | AJ12: =$M$40-M12 -> 242.85161 | AK12: =AH12+AI12+AJ12 -> 29853.517
A13: 43840 | B13: 28640 | C13: 1312.5 | D13: 370 | K13: =B13*6.21 -> 177854.4 | L13: =C13*55.95 -> 73434.375 | M13: =D13*68.44 -> 25322.8 | N13: 26 | O13: =K13+L13+M13 -> 276611.58 | Q13: 333 | R13: 0.89 | Y13: 43840 | Z13: 866 | AA13: =Z13/B13 -> 0.03023743 | AB13: =Z13*6.21 -> 5377.86 | AC13: 56.25 | AD13: =AC13*55.95 -> 3147.1875 | AE13: 56.25 | AF13: =AE13*55.95 -> 3147.1875 | AH13: =$K$40-K13 -> -1439.3177 | AI13: =$L$40-L13 -> -18634.96 | AJ13: =$M$40-M13 -> -2494.7484 | AK13: =AH13+AI13+AJ13 -> -22569.026
A14: 43841 | B14: 29594 | C14: 925 | D14: 330 | K14: =B14*6.21 -> 183778.74 | L14: =C14*55.95 -> 51753.75 | M14: =D14*68.44 -> 22585.2 | N14: 26 | O14: =K14+L14+M14 -> 258117.69 | Q14: 248 | R14: 0.87 | Y14: 43841 | Z14: 920 | AA14: =Z14/B14 -> 0.031087383 | AB14: =Z14*6.21 -> 5713.2 | AC14: 37.5 | AD14: =AC14*55.95 -> 2098.125 | AE14: 50 | AF14: =AE14*55.95 -> 2797.5 | AH14: =$K$40-K14 -> -7363.6577 | AI14: =$L$40-L14 -> 3045.6653 | AJ14: =$M$40-M14 -> 242.85161 | AK14: =AH14+AI14+AJ14 -> -4075.1408
A15: 43842 | B15: 30793 | C15: 1131.25 | D15: 410 | K15: =B15*6.21 -> 191224.53 | L15: =C15*55.95 -> 63293.438 | M15: =D15*68.44 -> 28060.4 | N15: 27.6 | O15: =K15+L15+M15 -> 282578.37 | Q15: 333 | R15: 0.84 | Y15: 43842 | Z15: 1147 | AA15: =Z15/B15 -> 0.037248725 | AB15: =Z15*6.21 -> 7122.87 | AC15: 31.25 | AD15: =AC15*55.95 -> 1748.4375 | AE15: 68.75 | AF15: =AE15*55.95 -> 3846.5625 | AH15: =$K$40-K15 -> -14809.448 | AI15: =$L$40-L15 -> -8494.0222 | AJ15: =$M$40-M15 -> -5232.3484 | AK15: =AH15+AI15+AJ15 -> -28535.818
... A28: 43855 | B28: 26788 | C28: 931.25 | D28: 350 | K28: =B28*6.21 -> 166353.48 | L28: =C28*55.95 -> 52103.438 | M28: =D28*68.44 -> 23954 | N28: 26.3 | O28: =K28+L28+M28 -> 242410.92 | Q28: 303 | R28: 0.79 | Y28: 43855 | Z28: 809 | AA28: =Z28/B28 -> 0.03020009 | AB28: =Z28*6.21 -> 5023.89 | AC28: 31.25 | AD28: =AC28*55.95 -> 1748.4375 | AE28: 62.5 | AF28: =AE28*55.95 -> 3496.875 | AH28: =$K$40-K28 -> 10061.602 | AI28: =$L$40-L28 -> 2695.9778 | AJ28: =$M$40-M28 -> -1125.9484 | AK28: =AH28+AI28+AJ28 -> 11631.632
A29: 43856 | B29: 24415 | C29: 950 | D29: 320 | K29: =B29*6.21 -> 151617.15 | L29: =C29*55.95 -> 53152.5 | M29: =D29*68.44 -> 21900.8 | N29: 26 | O29: =K29+L29+M29 -> 226670.45 | Q29: 283 | R29: 0.74 | Y29: 43856 | Z29: 550 | AA29: =Z29/B29 -> 0.022527135 | AB29: =Z29*6.21 -> 3415.5 | AC29: 31.25 | AD29: =AC29*55.95 -> 1748.4375 | AE29: 43.75 | AF29: =AE29*55.95 -> 2447.8125 | AH29: =$K$40-K29 -> 24797.932 | AI29: =$L$40-L29 -> 1646.9153 | AK29: =AH29+AI29+AJ29 -> 26444.848
A30: 43857 | B30: 25231 | C30: 943.75 | D30: 330 | K30: =B30*6.21 -> 156684.51 | L30: =C30*55.95 -> 52802.812 | M30: =D30*68.44 -> 22585.2 | N30: 25.2 | O30: =K30+L30+M30 -> 232072.52 | Q30: 276 | R30: 0.74 | Y30: 43857 | Z30: 2096 | AA30: =Z30/B30 -> 0.083072411 | AB30: =Z30*6.21 -> 13016.16 | AC30: 37.5 | AD30: =AC30*55.95 -> 2098.125 | AE30: 50 | AF30: =AE30*55.95 -> 2797.5 | AH30: =$K$40-K30 -> 19730.572 | AI30: =$L$40-L30 -> 1996.6028 | AK30: =AH30+AI30+AJ30 -> 21727.175
A31: 43858 | B31: 24760 | C31: 962.5 | D31: 310 | K31: =B31*6.21 -> 153759.6 | L31: =C31*55.95 -> 53851.875 | M31: =D31*68.44 -> 21216.4 | N31: 25 | O31: =K31+L31+M31 -> 228827.88 | Q31: 258 | R31: 0.72 | Y31: 43858 | Z31: 830 | AA31: =Z31/B31 -> 0.033521809 | AB31: =Z31*6.21 -> 5154.3 | AC31: 37.5 | AD31: =AC31*55.95 -> 2098.125 | AE31: 50 | AF31: =AE31*55.95 -> 2797.5 | AH31: =$K$40-K31 -> 22655.482 | AI31: =$L$40-L31 -> 947.54032 | AK31: =AH31+AI31+AJ31 -> 23603.023
A32: 43859 | B32: 25450 | C32: 912.5 | D32: 330 | K32: =B32*6.21 -> 158044.5 | L32: =C32*55.95 -> 51054.375 | M32: =D32*68.44 -> 22585.2 | N32: 24.7 | O32: =K32+L32+M32 -> 231684.08 | Q32: 255 | R32: 0.72 | Y32: 43859 | Z32: 648 | AA32: =Z32/B32 -> 0.02546169 | AB32: =Z32*6.21 -> 4024.08 | AC32: 31.25 | AD32: =AC32*55.95 -> 1748.4375 | AE32: 37.5 | AF32: =AE32*55.95 -> 2098.125 | AH32: =$K$40-K32 -> 18370.582 | AI32: =$L$40-L32 -> 3745.0403 | AK32: =AH32+AI32+AJ32 -> 22115.623
A33: 43860 | B33: 26859 | C33: 875 | D33: 320 | K33: =B33*6.21 -> 166794.39 | L33: =C33*55.95 -> 48956.25 | M33: =D33*68.44 -> 21900.8 | N33: 26 | O33: =K33+L33+M33 -> 237651.44 | Q33: 231 | R33: 0.63 | Y33: 43860 | Z33: 1349 | AA33: =Z33/B33 -> 0.05022525 | AB33: =Z33*6.21 -> 8377.29 | AC33: 87.5 | AD33: =AC33*55.95 -> 4895.625 | AE33: 43.75 | AF33: =AE33*55.95 -> 2447.8125 | AH33: =SUM(AH4:AH32) -> -10460.445 | AI33: =SUM(AI4:AI32) -> -12036.018 | AJ33: =SUM(AJ4:AJ32) -> -8301.1097 | AK33: =SUM(AK4:AK32) -> -30797.572
A34: 43861 | B34: 28273 | C34: 868.75 | D34: 270 | K34: =B34*6.21 -> 175575.33 | L34: =C34*55.95 -> 48606.562 | M34: =D34*68.44 -> 18478.8 | N34: 26 | O34: =K34+L34+M34 -> 242660.69 | Q34: 195 | R34: 0.65 | Y34: 43861 | Z34: 1136 | AA34: =Z34/B34 -> 0.040179677 | AB34: =Z34*6.21 -> 7054.56 | AC34: 31.25 | AD34: =AC34*55.95 -> 1748.4375 | AE34: 43.75 | AF34: =AE34*55.95 -> 2447.8125
A35: Total | B35: =SUM(B4:B34) -> 880655 | C35: =SUM(C4:C34) -> 30362.5 | D35: =SUM(D4:D34) -> 10340 | K35: =SUM(K4:K34) -> 5468867.5 | L35: =SUM(L4:L34) -> 1698781.9 | M35: =SUM(M4:M34) -> 707669.6 | O35: =SUM(O4:O34) -> 7875319 | Y35: Total | Z35: =SUM(Z4:Z34) -> 38462 | AB35: =SUM(AB4:AB34) -> 238849.02 | AC35: =SUM(AC4:AC34) -> 1200 | AD35: =SUM(AD4:AD34) -> 67140 | AE35: =SUM(AE4:AE34) -> 1406.25 | AF35: =SUM(AF4:AF34) -> 78679.688
B38: Units | K38: Cost - MUR | N38: CDD | O38: Daily Utilities Cost | Q38: Bed Nights | R38: % OCC | Z38: Vacoas - Electricity | AC38: Laundry - Gas | AE38: Pantry F
B39: Electricity | C39: Gas | D39: Water | K39: Electricity | L39: Gas | M39: Water | Z39: Units | AB39: Cost | AC39: Units | AD39: Cost | AE39: Units | AF39: Cost
A40: Ave/Day | B40: =B35/31 -> 28408.226 | C40: =C35/31 -> 979.43548 | D40: =D35/31 -> 333.54839 | K40: =K35/31 -> 176415.08 | L40: =L35/31 -> 54799.415 | M40: =M35/31 -> 22828.052 | N40: =AVERAGE(N4:N34) -> 26.706452 | O40: =O35/31 -> 254042.55 | Q40: =AVERAGE(Q4:Q34) -> 259.35484 | R40: =AVERAGE(R4:R34) -> 0.71645161 | Y40: Ave/Day | Z40: =Z35/31 -> 1240.7097 | AB40: =AB35/31 -> 7704.8071 | AC40: =AC35/31 -> 38.709677 | AD40: =AD35/31 -> 2165.8065 | AE40: =AE35/31 -> 45.362903 | AF40: =AF35/31 -> 2538.0544
A43: Date | B43: Units | K43: Cost - MUR | N43: CDD | O43: Total Daily Utilities Cost | Q43: Bed Nights | R43: % OCC | Y43: Date | Z43: Vacoas - Electricity | AC43: Laundry - Gas | AE43: Pantry F | AH43: Saving - MUR | AK43: Total Daily Saving
B44: Electricity | C44: Gas | D44: Water | K44: Electricity | L44: Gas | M44: Water | Z44: Units | AA44: % on Total | AB44: Cost | AC44: Units | AD44: Cost | AE44: Units | AF44: Cost | AH44: Electricity | AI44: Gas | AJ44: Water
A45: 43862 | B45: 27980 | C45: 975 | D45: 270 | K45: =B45*6.21 -> 173755.8 | L45: =C45*55.95 -> 54551.25 | M45: =D45*68.44 -> 18478.8 | N45: 27.3 | O45: =K45+L45+M45 -> 246785.85 | Q45: 209 | R45: 0.65 | Y45: 43862 | Z45: 704 | AA45: =Z45/B45 -> 0.025160829 | AB45: =Z45*6.21 -> 4371.84 | AC45: 31.25 | AD45: =AC45*55.95 -> 1748.4375 | AE45: 43.75 | AF45: =AE45*55.95 -> 2447.8125 | AH45: =$K$40-K45 -> 2659.2823 | AI45: =$L$40-L45 -> 248.16532 | AJ45: =$M$40-M45 -> 4349.2516 | AK45: =AH45+AI45+AJ45 -> 7256.6992
A46: 43863 | B46: 28575 | C46: 825 | D46: 290 | K46: =B46*6.21 -> 177450.75 | L46: =C46*55.95 -> 46158.75 | M46: =D46*68.44 -> 19847.6 | N46: 27 | O46: =K46+L46+M46 -> 243457.1 | Q46: 169 | R46: 0.56 | Y46: 43863 | Z46: 816 | AA46: =Z46/B46 -> 0.02855643 | AB46: =Z46*6.21 -> 5067.36 | AC46: 25 | AD46: =AC46*55.95 -> 1398.75 | AE46: 43.75 | AF46: =AE46*55.95 -> 2447.8125 | AH46: =$K$40-K46 -> -1035.6677 | AI46: =$L$40-L46 -> 8640.6653 | AJ46: =$M$40-M46 -> 2980.4516 | AK46: =AH46+AI46+AJ46 -> 10585.449
A47: 43864 | B47: 29882 | C47: 787.5 | D47: 270 | K47: =B47*6.21 -> 185567.22 | L47: =C47*55.95 -> 44060.625 | M47: =D47*68.44 -> 18478.8 | N47: 27.7 | O47: =K47+L47+M47 -> 248106.64 | Q47: 181 | R47: 0.59 | Y47: 43864 | Z47: 2059 | AA47: =Z47/B47 -> 0.068904357 | AB47: =Z47*6.21 -> 12786.39 | AC47: 25 | AD47: =AC47*55.95 -> 1398.75 | AE47: 50 | AF47: =AE47*55.95 -> 2797.5 | AH47: =$K$40-K47 -> -9152.1377 | AI47: =$L$40-L47 -> 10738.79 | AJ47: =$M$40-M47 -> 4349.2516 | AK47: =AH47+AI47+AJ47 -> 5935.9042
A48: 43865 | B48: 28520 | C48: 781.25 | D48: 300 | K48: =B48*6.21 -> 177109.2 | L48: =C48*55.95 -> 43710.938 | M48: =D48*68.44 -> 20532 | N48: 26.2 | O48: =K48+L48+M48 -> 241352.14 | Q48: 199 | R48: 0.64 | Y48: 43865 | Z48: 1922 | AA48: =Z48/B48 -> 0.067391304 | AB48: =Z48*6.21 -> 11935.62 | AC48: 25 | AD48: =AC48*55.95 -> 1398.75 | AE48: 43.75 | AF48: =AE48*55.95 -> 2447.8125 | AH48: =$K$40-K48 -> -694.11774 | AI48: =$L$40-L48 -> 11088.478 | AJ48: =$M$40-M48 -> 2296.0516 | AK48: =AH48+AI48+AJ48 -> 12690.412
A49: 43866 | B49: 27431 | C49: 818.75 | D49: 350 | K49: =B49*6.21 -> 170346.51 | L49: =C49*55.95 -> 45809.062 | M49: =D49*68.44 -> 23954 | N49: 27.4 | O49: =K49+L49+M49 -> 240109.57 | Q49: 182 | R49: 0.58 | Y49: 43866 | Z49: 2009 | AA49: =Z49/B49 -> 0.073238307 | AB49: =Z49*6.21 -> 12475.89 | AC49: 25 | AD49: =AC49*55.95 -> 1398.75 | AE49: 43.75 | AF49: =AE49*55.95 -> 2447.8125 | AH49: =$K$40-K49 -> 6068.5723 | AI49: =$L$40-L49 -> 8990.3528 | AJ49: =$M$40-M49 -> -1125.9484 | AK49: =AH49+AI49+AJ49 -> 13932.977
A50: 43867 | B50: 27753 | C50: 856.25 | D50: 310 | K50: =B50*6.21 -> 172346.13 | L50: =C50*55.95 -> 47907.188 | M50: =D50*68.44 -> 21216.4 | N50: 27.4 | O50: =K50+L50+M50 -> 241469.72 | Q50: 189 | R50: 0.59 | Y50: 43867 | Z50: 587 | AA50: =Z50/B50 -> 0.021150867 | AB50: =Z50*6.21 -> 3645.27 | AC50: 25 | AD50: =AC50*55.95 -> 1398.75 | AE50: 43.75 | AF50: =AE50*55.95 -> 2447.8125 | AH50: =$K$40-K50 -> 4068.9523 | AI50: =$L$40-L50 -> 6892.2278 | AJ50: =$M$40-M50 -> 1611.6516 | AK50: =AH50+AI50+AJ50 -> 12572.832
A51: 43868 | B51: 26949 | C51: 893.75 | D51: 290 | K51: =B51*6.21 -> 167353.29 | L51: =C51*55.95 -> 50005.312 | M51: =D51*68.44 -> 19847.6 | N51: 26.9 | O51: =K51+L51+M51 -> 237206.2 | Q51: 177 | R51: 0.56 | Y51: 43868 | Z51: 611 | AA51: =Z51/B51 -> 0.022672455 | AB51: =Z51*6.21 -> 3794.31 | AC51: 31.25 | AD51: =AC51*55.95 -> 1748.4375 | AE51: 37.5 | AF51: =AE51*55.95 -> 2098.125 | AH51: =$K$40-K51 -> 9061.7923 | AI51: =$L$40-L51 -> 4794.1028 | AJ51: =$M$40-M51 -> 2980.4516 | AK51: =AH51+AI51+AJ51 -> 16836.347
A52: 43869 | B52: 27034 | C52: 768.75 | D52: 320 | K52: =B52*6.21 -> 167881.14 | L52: =C52*55.95 -> 43011.562 | M52: =D52*68.44 -> 21900.8 | N52: 26.9 | O52: =K52+L52+M52 -> 232793.5 | Q52: 170 | R52: 0.52 | Y52: 43869 | Z52: 635 | AA52: =Z52/B52 -> 0.02348894 | AB52: =Z52*6.21 -> 3943.35 | AC52: 25 | AD52: =AC52*55.95 -> 1398.75 | AE52: 31.25 | AF52: =AE52*55.95 -> 1748.4375 | AH52: =$K$40-K52 -> 8533.9423 | AI52: =$L$40-L52 -> 11787.853 | AJ52: =$M$40-M52 -> 927.25161 | AK52: =AH52+AI52+AJ52 -> 21249.047
A53: 43870 | B53: 24570 | C53: 775 | D53: 300 | K53: =B53*6.21 -> 152579.7 | L53: =C53*55.95 -> 43361.25 | M53: =D53*68.44 -> 20532 | N53: 26.7 | O53: =K53+L53+M53 -> 216472.95 | Q53: 171 | R53: 0.51 | Y53: 43870 | Z53: 611 | AA53: =Z53/B53 -> 0.024867725 | AB53: =Z53*6.21 -> 3794.31 | AC53: 31.25 | AD53: =AC53*55.95 -> 1748.4375 | AE53: 31.25 | AF53: =AE53*55.95 -> 1748.4375 | AH53: =$K$40-K53 -> 23835.382 | AI53: =$L$40-L53 -> 11438.165 | AJ53: =$M$40-M53 -> 2296.0516 | AK53: =AH53+AI53+AJ53 -> 37569.599
A54: 43871 | B54: 25702 | C54: 743.75 | D54: 270 | K54: =B54*6.21 -> 159609.42 | L54: =C54*55.95 -> 41612.812 | M54: =D54*68.44 -> 18478.8 | N54: 26.1 | O54: =K54+L54+M54 -> 219701.03 | Q54: 150 | R54: 0.47 | Y54: 43871 | Z54: 508 | AA54: =Z54/B54 -> 0.019764999 | AB54: =Z54*6.21 -> 3154.68 | AC54: 25 | AD54: =AC54*55.95 -> 1398.75 | AE54: 25 | AF54: =AE54*55.95 -> 1398.75 | AH54: =$K$40-K54 -> 16805.662 | AI54: =$L$40-L54 -> 13186.603 | AJ54: =$M$40-M54 -> 4349.2516 | AK54: =AH54+AI54+AJ54 -> 34341.517
A55: 43872 | B55: 25512 | C55: 787.5 | D55: 300 | K55: =B55*6.21 -> 158429.52 | L55: =C55*55.95 -> 44060.625 | M55: =D55*68.44 -> 20532 | N55: 26.9 | O55: =K55+L55+M55 -> 223022.14 | Q55: 145 | R55: 0.47 | Y55: 43872 | Z55: 722 | AA55: =Z55/B55 -> 0.028300408 | AB55: =Z55*6.21 -> 4483.62 | AC55: 25 | AD55: =AC55*55.95 -> 1398.75 | AE55: 0 | AF55: =AE55*55.95 -> 0 | AH55: =$K$40-K55 -> 17985.562 | AI55: =$L$40-L55 -> 10738.79 | AJ55: =$M$40-M55 -> 2296.0516 | AK55: =AH55+AI55+AJ55 -> 31020.404
A56: 43873 | B56: 27320 | C56: 800 | D56: 260 | K56: =B56*6.21 -> 169657.2 | L56: =C56*55.95 -> 44760 | M56: =D56*68.44 -> 17794.4 | N56: 27.6 | O56: =K56+L56+M56 -> 232211.6 | Q56: 160 | R56: 0.5 | Y56: 43873 | Z56: 1305 | AA56: =Z56/B56 -> 0.047767204 | AB56: =Z56*6.21 -> 8104.05 | AC56: 31.25 | AD56: =AC56*55.95 -> 1748.4375 | AE56: 0 | AF56: =AE56*55.95 -> 0 | AH56: =$K$40-K56 -> 6757.8823 | AI56: =$L$40-L56 -> 10039.415 | AJ56: =$M$40-M56 -> 5033.6516 | AK56: =AH56+AI56+AJ56 -> 21830.949
... A69: 43886 | B69: 28350 | C69: 956.25 | D69: 370 | K69: =B69*6.21 -> 176053.5 | L69: =C69*55.95 -> 53502.188 | M69: =D69*68.44 -> 25322.8 | N69: 27 | O69: =K69+L69+M69 -> 254878.49 | Q69: 203 | R69: 0.63 | Y69: 43886 | Z69: 702 | AA69: =Z69/B69 -> 0.024761905 | AB69: =Z69*6.21 -> 4359.42 | AC69: 31.25 | AD69: =AC69*55.95 -> 1748.4375 | AE69: 31.25 | AF69: =AE69*55.95 -> 1748.4375 | AH69: =$K$40-K69 -> 361.58226 | AI69: =$L$40-L69 -> 1297.2278 | AJ69: =$M$40-M69 -> -2494.7484 | AK69: =AH69+AI69+AJ69 -> -835.93831
A70: 43887 | B70: 27097 | C70: 743.75 | D70: 300 | K70: =B70*6.21 -> 168272.37 | L70: =C70*55.95 -> 41612.812 | M70: =D70*68.44 -> 20532 | N70: 25.5 | O70: =K70+L70+M70 -> 230417.18 | Q70: 197 | R70: 0.61 | Y70: 43887 | Z70: 935 | AA70: =Z70/B70 -> 0.034505665 | AB70: =Z70*6.21 -> 5806.35 | AC70: 31.25 | AD70: =AC70*55.95 -> 1748.4375 | AE70: 31.25 | AF70: =AE70*55.95 -> 1748.4375 | AH70: =$K$40-K70 -> 8142.7123 | AI70: =$L$40-L70 -> 13186.603 | AK70: =AH70+AI70+AJ70 -> 21329.315
A71: 43888 | B71: 25523 | C71: 993.75 | D71: 310 | K71: =B71*6.21 -> 158497.83 | L71: =C71*55.95 -> 55600.312 | M71: =D71*68.44 -> 21216.4 | N71: 25.5 | O71: =K71+L71+M71 -> 235314.54 | Q71: 171 | R71: 0.53 | Y71: 43888 | Z71: 576 | AA71: =Z71/B71 -> 0.02256788 | AB71: =Z71*6.21 -> 3576.96 | AC71: 37.5 | AD71: =AC71*55.95 -> 2098.125 | AE71: 37.5 | AF71: =AE71*55.95 -> 2098.125 | AH71: =$K$40-K71 -> 17917.252 | AI71: =$L$40-L71 -> -800.89718 | AK71: =AH71+AI71+AJ71 -> 17116.355
A72: 43889 | B72: 27164 | C72: 862.5 | D72: 270 | K72: =B72*6.21 -> 168688.44 | L72: =C72*55.95 -> 48256.875 | M72: =D72*68.44 -> 18478.8 | N72: 28 | O72: =K72+L72+M72 -> 235424.11 | Q72: 162 | R72: 0.47 | Y72: 43889 | Z72: 1006 | AA72: =Z72/B72 -> 0.03703431 | AB72: =Z72*6.21 -> 6247.26 | AC72: 31.25 | AD72: =AC72*55.95 -> 1748.4375 | AE72: 25 | AF72: =AE72*55.95 -> 1398.75 | AH72: =$K$40-K72 -> 7726.6423 | AI72: =$L$40-L72 -> 6542.5403 | AK72: =AH72+AI72+AJ72 -> 14269.183
A73: 43890 | B73: 24304 | C73: 1006.25 | D73: 290 | K73: =B73*6.21 -> 150927.84 | L73: =C73*55.95 -> 56299.688 | M73: =D73*68.44 -> 19847.6 | N73: 28 | O73: =K73+L73+M73 -> 227075.13 | Q73: 158 | R73: 0.46 | Y73: 43890 | Z73: 639 | AA73: =Z73/B73 -> 0.026291968 | AB73: =Z73*6.21 -> 3968.19 | AC73: 31.25 | AD73: =AC73*55.95 -> 1748.4375 | AE73: 37.5 | AF73: =AE73*55.95 -> 2098.125 | AH73: =$K$40-K73 -> 25487.242 | AI73: =$L$40-L73 -> -1500.2722 | AK73: =AH73+AI73+AJ73 -> 23986.97
A74: Total | B74: =SUM(B45:B73) -> 798100 | C74: =SUM(C43:C73) -> 24575 | D74: =SUM(D45:D73) -> 8770 | K74: =SUM(K45:K73) -> 4956201 | L74: =SUM(L45:L73) -> 1374971.2 | M74: =SUM(M45:M73) -> 600218.8 | O74: =SUM(O43:O73) -> 6931391.1 | Y74: Total | Z74: =SUM(Z45:Z73) -> 23902 | AB74: =SUM(AB45:AB73) -> 148431.42 | AC74: =SUM(AC45:AC73) -> 856.25 | AD74: =SUM(AD45:AD73) -> 47907.188 | AE74: =SUM(AE45:AE73) -> 906.25 | AF74: =SUM(AF45:AF73) -> 50704.688 | AH74: =SUM(AH45:AH73) -> 159836.39 | AI74: =SUM(AI45:AI73) -> 214211.79 | AJ74: =SUM(AJ45:AJ73) -> 50557.29 | AK74: =SUM(AK45:AK73) -> 424605.47 | AL74: SAVING ACHIEVED
B77: Units | K77: Cost - MUR | N77: CDD | O77: Daily Utilities Cost | Q77: Bed Nights | R77: % OCC | Z77: Vacoas - Electricity | AC77: Laundry - Gas | AE77: Pantry F
B78: Electricity | C78: Gas | D78: Water | K78: Electricity | L78: Gas | M78: Water | Z78: Units | AB78: Cost | AC78: Units | AD78: Cost | AE78: Units | AF78: Cost
A79: Ave/Day | B79: =B74/29 -> 27520.69 | C79: =C74/29 -> 847.41379 | D79: =D74/29 -> 302.41379 | K79: =K74/29 -> 170903.48 | L79: =L74/29 -> 47412.802 | M79: =M74/29 -> 20697.2 | N79: =AVERAGE(N43:N73) -> 26.92069 | O79: =O74/29 -> 239013.48 | Q79: =AVERAGE(Q43:Q73) -> 203 | R79: =AVERAGE(R43:R73) -> 0.59034483 | Y79: Ave/Day | Z79: =Z74/31 -> 771.03226 | AB79: =AB74/31 -> 4788.1103 | AC79: =AC74/31 -> 27.620968 | AD79: =AD74/31 -> 1545.3931 | AE79: =AE74/31 -> 29.233871 | AF79: =AF74/31 -> 1635.6351
A82: Date | B82: Units | K82: Cost - MUR | N82: CDD | O82: Total Daily Utilities Cost | Q82: Bed Nights | R82: % OCC | S82: Water Trucks | Y82: Date | Z82: Vacoas - Electricity | AC82: Laundry - Gas | AE82: Pantry F | AH82: Saving - MUR | AK82: Total Daily Saving | AL82: Lorry
B83: Electricity | C83: Gas | D83: Water | K83: Electricity | L83: Gas | M83: Water | Z83: Units | AA83: % on Total | AB83: Cost | AC83: Units | AD83: Cost | AE83: Units | AF83: Cost | AH83: Electricity | AI83: Gas | AJ83: Water
A84: 43891 | B84: 27611 | C84: 912.5 | D84: 270 | K84: =B84*6.21 -> 171464.31 | L84: =C84*55.95 -> 51054.375 | M84: =(D84-(S84*25))*34+S84*2500 -> 19080 | N84: 26.5 | O84: =K84+L84+M84 -> 241598.68 | Q84: 145 | R84: 0.4135 | S84: 6 | Y84: 43891 | Z84: 735 | AA84: =Z84/B84 -> 0.026619825 | AB84: =Z84*6.21 -> 4564.35 | AC84: 87.5 | AD84: =AC84*55.95 -> 4895.625 | AE84: 31.25 | AF84: =AE84*55.95 -> 1748.4375 | AH84: =$K$40-K84 -> 4950.7723 | AI84: =$L$40-L84 -> 3745.0403 | AJ84: =$M$40-M84 -> 3748.0516 | AK84: =AH84+AI84+AJ84 -> 12443.864 | AL84: 0
A85: 43892 | B85: 27589 | C85: 937.5 | D85: 260 | K85: =B85*6.21 -> 171327.69 | L85: =C85*55.95 -> 52453.125 | M85: =(D85-(S85*25))*34+S85*2500 -> 18740 | N85: 27.5 | O85: =K85+L85+M85 -> 242520.82 | Q85: 139 | R85: 0.4135 | S85: 6 | Y85: 43892 | Z85: 879 | AA85: =Z85/B85 -> 0.031860524 | AB85: =Z85*6.21 -> 5458.59 | AC85: 68.75 | AD85: =AC85*55.95 -> 3846.5625 | AE85: 37.5 | AF85: =AE85*55.95 -> 2098.125 | AH85: =$K$40-K85 -> 5087.3923 | AI85: =$L$40-L85 -> 2346.2903 | AJ85: =$M$40-M85 -> 4088.0516 | AK85: =AH85+AI85+AJ85 -> 11521.734 | AL85: 10
A86: 43893 | B86: 25508 | C86: 675 | D86: 250 | K86: =B86*6.21 -> 158404.68 | L86: =C86*55.95 -> 37766.25 | M86: =(D86-(S86*25))*34+S86*2500 -> 18400 | N86: 27.5 | O86: =K86+L86+M86 -> 214570.93 | Q86: 147 | R86: 0.4361 | S86: 6 | Y86: 43893 | Z86: 574 | AA86: =Z86/B86 -> 0.022502744 | AB86: =Z86*6.21 -> 3564.54 | AC86: 62.5 | AD86: =AC86*55.95 -> 3496.875 | AE86: 31.25 | AF86: =AE86*55.95 -> 1748.4375 | AH86: =$K$40-K86 -> 18010.402 | AI86: =$L$40-L86 -> 17033.165 | AJ86: =$M$40-M86 -> 4428.0516 | AK86: =AH86+AI86+AJ86 -> 39471.619 | AL86: 6
A87: 43894 | B87: 27693 | C87: 800 | D87: 270 | K87: =B87*6.21 -> 171973.53 | L87: =C87*55.95 -> 44760 | M87: =(D87-(S87*25))*34+S87*2500 -> 15780 | N87: 27.5 | O87: =K87+L87+M87 -> 232513.53 | Q87: 159 | R87: 0.4737 | S87: 4 | Y87: 43894 | Z87: 589 | AA87: =Z87/B87 -> 0.021268913 | AB87: =Z87*6.21 -> 3657.69 | AC87: 56.25 | AD87: =AC87*55.95 -> 3147.1875 | AE87: 31.25 | AF87: =AE87*55.95 -> 1748.4375 | AH87: =$K$40-K87 -> 4441.5523 | AI87: =$L$40-L87 -> 10039.415 | AJ87: =$M$40-M87 -> 7048.0516 | AK87: =AH87+AI87+AJ87 -> 21529.019 | AL87: 5
A88: 43895 | B88: 27619 | C88: 781.25 | D88: 260 | K88: =B88*6.21 -> 171513.99 | L88: =C88*55.95 -> 43710.938 | M88: =(D88-(S88*25))*34+S88*2500 -> 10490 | N88: 28 | O88: =K88+L88+M88 -> 225714.93 | Q88: 152 | R88: 0.4662 | S88: 1 | Y88: 43895 | Z88: 659 | AA88: =Z88/B88 -> 0.023860386 | AB88: =Z88*6.21 -> 4092.39 | AC88: 62.5 | AD88: =AC88*55.95 -> 3496.875 | AE88: 31.25 | AF88: =AE88*55.95 -> 1748.4375 | AH88: =$K$40-K88 -> 4901.0923 | AI88: =$L$40-L88 -> 11088.478 | AJ88: =$M$40-M88 -> 12338.052 | AK88: =AH88+AI88+AJ88 -> 28327.622 | AL88: 0
A89: 43896 | B89: 27538 | C89: 731.25 | D89: 260 | K89: =B89*6.21 -> 171010.98 | L89: =C89*55.95 -> 40913.438 | M89: =(D89-(S89*25))*34+S89*2500 -> 22040 | N89: 27.5 | O89: =K89+L89+M89 -> 233964.42 | Q89: 132 | R89: 0.4135 | S89: 8 | Y89: 43896 | Z89: 665 | AA89: =Z89/B89 -> 0.024148449 | AB89: =Z89*6.21 -> 4129.65 | AC89: 56.25 | AD89: =AC89*55.95 -> 3147.1875 | AE89: 31.25 | AF89: =AE89*55.95 -> 1748.4375 | AH89: =$K$40-K89 -> 5404.1023 | AI89: =$L$40-L89 -> 13885.978 | AJ89: =$M$40-M89 -> 788.05161 | AK89: =AH89+AI89+AJ89 -> 20078.132 | AL89: 12
A90: 43897 | B90: 25344 | C90: 750 | D90: 230 | K90: =B90*6.21 -> 157386.24 | L90: =C90*55.95 -> 41962.5 | M90: =(D90-(S90*25))*34+S90*2500 -> 14420 | N90: 27 | O90: =K90+L90+M90 -> 213768.74 | Q90: 114 | R90: 0.3459 | S90: 4 | Y90: 43897 | Z90: 527 | AA90: =Z90/B90 -> 0.020793876 | AB90: =Z90*6.21 -> 3272.67 | AC90: 50 | AD90: =AC90*55.95 -> 2797.5 | AE90: 18.75 | AF90: =AE90*55.95 -> 1049.0625 | AH90: =$K$40-K90 -> 19028.842 | AI90: =$L$40-L90 -> 12836.915 | AJ90: =$M$40-M90 -> 8408.0516 | AK90: =AH90+AI90+AJ90 -> 40273.809 | AL90: 0
A91: 43898 | B91: 22854 | C91: 787.5 | D91: 210 | K91: =B91*6.21 -> 141923.34 | L91: =C91*55.95 -> 44060.625 | M91: =(D91-(S91*25))*34+S91*2500 -> 7140 | N91: 25.5 | O91: =K91+L91+M91 -> 193123.96 | Q91: 116 | R91: 0.3308 | S91: 0 | Y91: 43898 | Z91: 575 | AA91: =Z91/B91 -> 0.025159709 | AB91: =Z91*6.21 -> 3570.75 | AC91: 50 | AD91: =AC91*55.95 -> 2797.5 | AE91: 37.5 | AF91: =AE91*55.95 -> 2098.125 | AH91: =$K$40-K91 -> 34491.742 | AI91: =$L$40-L91 -> 10738.79 | AJ91: =$M$40-M91 -> 15688.052 | AK91: =AH91+AI91+AJ91 -> 60918.584 | AL91: 0
A92: 43899 | B92: 22501 | C92: 775 | D92: 240 | K92: =B92*6.21 -> 139731.21 | L92: =C92*55.95 -> 43361.25 | M92: =(D92-(S92*25))*34+S92*2500 -> 13110 | N92: 27 | O92: =K92+L92+M92 -> 196202.46 | Q92: 113 | R92: 0.3083 | S92: 3 | Y92: 43899 | Z92: 532 | AA92: =Z92/B92 -> 0.023643394 | AB92: =Z92*6.21 -> 3303.72 | AC92: 62.5 | AD92: =AC92*55.95 -> 3496.875 | AE92: 37.5 | AF92: =AE92*55.95 -> 2098.125 | AH92: =$K$40-K92 -> 36683.872 | AI92: =$L$40-L92 -> 11438.165 | AJ92: =$M$40-M92 -> 9718.0516 | AK92: =AH92+AI92+AJ92 -> 57840.089 | AL92: 5
A93: 43900 | B93: 22947 | C93: 743.75 | D93: 290 | K93: =B93*6.21 -> 142500.87 | L93: =C93*55.95 -> 41612.812 | M93: =(D93-(S93*25))*34+S93*2500 -> 19760 | N93: 27.5 | O93: =K93+L93+M93 -> 203873.68 | Q93: 107 | R93: 0.3083 | S93: 6 | Y93: 43900 | Z93: 526 | AA93: =Z93/B93 -> 0.022922386 | AB93: =Z93*6.21 -> 3266.46 | AC93: 62.5 | AD93: =AC93*55.95 -> 3496.875 | AE93: 31.25 | AF93: =AE93*55.95 -> 1748.4375 | AH93: =$K$40-K93 -> 33914.212 | AI93: =$L$40-L93 -> 13186.603 | AJ93: =$M$40-M93 -> 3068.0516 | AK93: =AH93+AI93+AJ93 -> 50168.867 | AL93: 5
A94: 43901 | B94: 23588 | C94: 737.5 | D94: 260 | K94: =B94*6.21 -> 146481.48 | L94: =C94*55.95 -> 41263.125 | M94: =(D94-(S94*25))*34+S94*2500 -> 15440 | N94: 27 | O94: =K94+L94+M94 -> 203184.61 | Q94: 104 | R94: 0.2932 | S94: 4 | Y94: 43901 | Z94: 690 | AA94: =Z94/B94 -> 0.029252162 | AB94: =Z94*6.21 -> 4284.9 | AC94: 43.75 | AD94: =AC94*55.95 -> 2447.8125 | AE94: 37.5 | AF94: =AE94*55.95 -> 2098.125 | AH94: =$K$40-K94 -> 29933.602 | AI94: =$L$40-L94 -> 13536.29 | AJ94: =$M$40-M94 -> 7388.0516 | AK94: =AH94+AI94+AJ94 -> 50857.944 | AL94: 9
A95: 43902 | B95: 22972 | C95: 750 | D95: 200 | K95: =B95*6.21 -> 142656.12 | L95: =C95*55.95 -> 41962.5 | M95: =(D95-(S95*25))*34+S95*2500 -> 13400 | N95: 25.5 | O95: =K95+L95+M95 -> 198018.62 | Q95: 114 | R95: 0.3308 | S95: 4 | Y95: 43902 | Z95: 482 | AA95: =Z95/B95 -> 0.020982065 | AB95: =Z95*6.21 -> 2993.22 | AC95: 56.25 | AD95: =AC95*55.95 -> 3147.1875 | AE95: 25 | AF95: =AE95*55.95 -> 1398.75 | AH95: =$K$40-K95 -> 33758.962 | AI95: =$L$40-L95 -> 12836.915 | AJ95: =$M$40-M95 -> 9428.0516 | AK95: =AH95+AI95+AJ95 -> 56023.929 | AL95: 0
A96: 43903 | B96: 20096 | C96: 787.5 | D96: 200 | K96: =B96*6.21 -> 124796.16 | L96: =C96*55.95 -> 44060.625 | M96: =(D96-(S96*25))*34+S96*2500 -> 8450 | O96: =K96+L96+M96 -> 177306.79 | Q96: 96 | R96: 0.2782 | S96: 1 | Y96: 43903 | Z96: 474 | AA96: =Z96/B96 -> 0.023586783 | AB96: =Z96*6.21 -> 2943.54 | AC96: 56.25 | AD96: =AC96*55.95 -> 3147.1875 | AE96: 43.75 | AF96: =AE96*55.95 -> 2447.8125 | AH96: =$K$40-K96 -> 51618.922 | AI96: =$L$40-L96 -> 10738.79 | AJ96: =$M$40-M96 -> 14378.052 | AK96: =AH96+AI96+AJ96 -> 76735.764 | AL96: 0
A97: 43904 | B97: 20405 | C97: 812.5 | D97: 220 | K97: =B97*6.21 -> 126715.05 | L97: =C97*55.95 -> 45459.375 | M97: =(D97-(S97*25))*34+S97*2500 -> 7480 | O97: =K97+L97+M97 -> 179654.42 | Q97: 78 | R97: 0.203 | S97: 0 | Y97: 43904 | Z97: 558 | AA97: =Z97/B97 -> 0.027346239 | AB97: =Z97*6.21 -> 3465.18 | AC97: 68.75 | AD97: =AC97*55.95 -> 3846.5625 | AE97: 31.25 | AF97: =AE97*55.95 -> 1748.4375 | AH97: =$K$40-K97 -> 49700.032 | AI97: =$L$40-L97 -> 9340.0403 | AJ97: =$M$40-M97 -> 15348.052 | AK97: =AH97+AI97+AJ97 -> 74388.124 | AL97: 0
A98: 43905 | B98: 21058 | C98: 712.5 | D98: 200 | K98: =B98*6.21 -> 130770.18 | L98: =C98*55.95 -> 39864.375 | M98: =(D98-(S98*25))*34+S98*2500 -> 20000 | O98: =K98+L98+M98 -> 190634.55 | Q98: 63 | R98: 0.1654 | S98: 8 | Y98: 43905 | Z98: 510 | AA98: =Z98/B98 -> 0.024218824 | AB98: =Z98*6.21 -> 3167.1 | AC98: 50 | AD98: =AC98*55.95 -> 2797.5 | AE98: 37.5 | AF98: =AE98*55.95 -> 2098.125 | AH98: =$K$40-K98 -> 45644.902 | AI98: =$L$40-L98 -> 14935.04 | AJ98: =$M$40-M98 -> 2828.0516 | AK98: =AH98+AI98+AJ98 -> 63407.994 | AL98: 8
A99: 43906 | B99: 19521 | C99: 612.5 | D99: 220 | K99: =B99*6.21 -> 121225.41 | L99: =C99*55.95 -> 34269.375 | M99: =(D99-(S99*25))*34+S99*2500 -> 12430 | O99: =K99+L99+M99 -> 167924.79 | Q99: 57 | R99: 0.1429 | S99: 3 | Y99: 43906 | Z99: 531 | AA99: =Z99/B99 -> 0.027201475 | AB99: =Z99*6.21 -> 3297.51 | AC99: 43.75 | AD99: =AC99*55.95 -> 2447.8125 | AE99: 31.25 | AF99: =AE99*55.95 -> 1748.4375 | AH99: =$K$40-K99 -> 55189.672 | AI99: =$L$40-L99 -> 20530.04 | AJ99: =$M$40-M99 -> 10398.052 | AK99: =AH99+AI99+AJ99 -> 86117.764 | AL99: 5
A100: 43907 | B100: 17042 | C100: 643.75 | D100: 230 | K100: =B100*6.21 -> 105830.82 | L100: =C100*55.95 -> 36017.812 | M100: =(D100-(S100*25))*34+S100*2500 -> 11120 | O100: =K100+L100+M100 -> 152968.63 | Q100: 45 | R100: 0.1128 | S100: 2 | Y100: 43907 | Z100: 310 | AA100: =Z100/B100 -> 0.018190353 | AB100: =Z100*6.21 -> 1925.1 | AC100: 50 | AD100: =AC100*55.95 -> 2797.5 | AE100: 31.25 | AF100: =AE100*55.95 -> 1748.4375 | AH100: =$K$40-K100 -> 70584.262 | AI100: =$L$40-L100 -> 18781.603 | AJ100: =$M$40-M100 -> 11708.052 | AK100: =AH100+AI100+AJ100 -> 101073.92 | AL100: 0
A101: 43908 | B101: 15784 | C101: 556.25 | D101: 210 | K101: =B101*6.21 -> 98018.64 | L101: =C101*55.95 -> 31122.188 | M101: =(D101-(S101*25))*34+S101*2500 -> 7140 | O101: =K101+L101+M101 -> 136280.83 | Q101: 53 | R101: 0.1504 | S101: 0 | Y101: 43908 | Z101: 395 | AA101: =Z101/B101 -> 0.025025342 | AB101: =Z101*6.21 -> 2452.95 | AC101: 25 | AD101: =AC101*55.95 -> 1398.75 | AE101: 25 | AF101: =AE101*55.95 -> 1398.75 | AH101: =$K$40-K101 -> 78396.442 | AI101: =$L$40-L101 -> 23677.228 | AJ101: =$M$40-M101 -> 15688.052 | AK101: =AH101+AI101+AJ101 -> 117761.72
A102: 43909 | B102: 15382 | C102: 450 | D102: 120 | K102: =B102*6.21 -> 95522.22 | L102: =C102*55.95 -> 25177.5 | M102: =(D102-(S102*25))*34+S102*2500 -> 4080 | O102: =K102+L102+M102 -> 124779.72 | Q102: 49 | R102: 0.1429 | S102: 0 | Y102: 43909 | Z102: 461 | AA102: =Z102/B102 -> 0.029970095 | AB102: =Z102*6.21 -> 2862.81 | AC102: 25 | AD102: =AC102*55.95 -> 1398.75 | AF102: =AE102*55.95 -> 0 | AH102: =$K$40-K102 -> 80892.862 | AI102: =$L$40-L102 -> 29621.915 | AJ102: =$M$40-M102 -> 18748.052 | AK102: =AH102+AI102+AJ102 -> 129262.83
A103: 43910 | B103: 14092 | C103: 393.75 | D103: 190 | K103: =B103*6.21 -> 87511.32 | L103: =C103*55.95 -> 22030.312 | M103: =(D103-(S103*25))*34+S103*2500 -> 6460 | O103: =K103+L103+M103 -> 116001.63 | Q103: 38 | R103: 0.1128 | S103: 0 | Y103: 43910 | Z103: 256 | AA103: =Z103/B103 -> 0.018166336 | AB103: =Z103*6.21 -> 1589.76 | AC103: 43.75 | AD103: =AC103*55.95 -> 2447.8125 | AF103: =AE103*55.95 -> 0 | AH103: =$K$40-K103 -> 88903.762 | AI103: =$L$40-L103 -> 32769.103 | AJ103: =$M$40-M103 -> 16368.052 | AK103: =AH103+AI103+AJ103 -> 138040.92
A104: 43911 | B104: 13020 | C104: 412.5 | D104: 160 | K104: =B104*6.21 -> 80854.2 | L104: =C104*55.95 -> 23079.375 | M104: =(D104-(S104*25))*34+S104*2500 -> 5440 | O104: =K104+L104+M104 -> 109373.57 | Q104: 50 | R104: 0.218 | S104: 0 | Y104: 43911 | Z104: 150 | AA104: =Z104/B104 -> 0.011520737 | AB104: =Z104*6.21 -> 931.5 | AC104: 18.75 | AD104: =AC104*55.95 -> 1049.0625 | AF104: =AE104*55.95 -> 0 | AH104: =$K$40-K104 -> 95560.882 | AI104: =$L$40-L104 -> 31720.04 | AJ104: =$M$40-M104 -> 17388.052 | AK104: =AH104+AI104+AJ104 -> 144668.97
A105: 43912 | B105: 12650 | C105: 212.5 | D105: 120 | K105: =B105*6.21 -> 78556.5 | L105: =C105*55.95 -> 11889.375 | M105: =(D105-(S105*25))*34+S105*2500 -> 4080 | O105: =K105+L105+M105 -> 94525.875 | Q105: 39 | R105: 0.188 | S105: 0 | Y105: 43912 | Z105: 211 | AA105: =Z105/B105 -> 0.016679842 | AB105: =Z105*6.21 -> 1310.31 | AC105: 25 | AD105: =AC105*55.95 -> 1398.75 | AF105: =AE105*55.95 -> 0 | AH105: =$K$40-K105 -> 97858.582 | AI105: =$L$40-L105 -> 42910.04 | AJ105: =$M$40-M105 -> 18748.052 | AK105: =AH105+AI105+AJ105 -> 159516.67
A106: 43913 | B106: 10312 | C106: 131.25 | D106: 330 | K106: =B106*6.21 -> 64037.52 | L106: =C106*55.95 -> 7343.4375 | M106: =(D106-(S106*25))*34+S106*2500 -> 11220 | O106: =K106+L106+M106 -> 82600.957 | Q106: 38 | R106: 0.1805 | S106: 0 | Y106: 43913 | Z106: 103 | AA106: =Z106/B106 -> 0.0099883631 | AB106: =Z106*6.21 -> 639.63 | AC106: 12.5 | AD106: =AC106*55.95 -> 699.375 | AF106: =AE106*55.95 -> 0 | AH106: =$K$40-K106 -> 112377.56 | AI106: =$L$40-L106 -> 47455.978 | AJ106: =$M$40-M106 -> 11608.052 | AK106: =AH106+AI106+AJ106 -> 171441.59
A107: 43914 | B107: 9360 | C107: 81.25 | D107: 280 | K107: =B107*6.21 -> 58125.6 | L107: =C107*55.95 -> 4545.9375 | M107: =(D107-(S107*25))*34+S107*2500 -> 9520 | O107: =K107+L107+M107 -> 72191.538 | Q107: 38 | R107: 0.1805 | S107: 0 | Y107: 43914 | Z107: 169 | AA107: =Z107/B107 -> 0.018055556 | AB107: =Z107*6.21 -> 1049.49 | AC107: 0 | AD107: =AC107*55.95 -> 0 | AF107: =AE107*55.95 -> 0 | AH107: =$K$40-K107 -> 118289.48 | AI107: =$L$40-L107 -> 50253.478 | AJ107: =$M$40-M107 -> 13308.052 | AK107: =AH107+AI107+AJ107 -> 181851.01
A108: 43915 | B108: 8838 | C108: 68.75 | D108: 40 | K108: =B108*6.21 -> 54883.98 | L108: =C108*55.95 -> 3846.5625 | M108: =(D108-(S108*25))*34+S108*2500 -> 1360 | O108: =K108+L108+M108 -> 60090.543 | Q108: 38 | R108: 0.1805 | S108: 0 | Y108: 43915 | Z108: 0 | AA108: =Z108/B108 -> 0 | AB108: =Z108*6.21 -> 0 | AC108: 0 | AD108: =AC108*55.95 -> 0 | AF108: =AE108*55.95 -> 0 | AH108: =$K$40-K108 -> 121531.1 | AI108: =$L$40-L108 -> 50952.853 | AJ108: =$M$40-M108 -> 21468.052 | AK108: =AH108+AI108+AJ108 -> 193952.01
A109: 43916 | B109: 9354 | C109: 87.5 | D109: 20 | K109: =B109*6.21 -> 58088.34 | L109: =C109*55.95 -> 4895.625 | M109: =(D109-(S109*25))*34+S109*2500 -> 680 | O109: =K109+L109+M109 -> 63663.965 | Q109: 38 | R109: 0.1805 | S109: 0 | Y109: 43916 | Z109: 265 | AA109: =Z109/B109 -> 0.028330126 | AB109: =Z109*6.21 -> 1645.65 | AC109: 0 | AD109: =AC109*55.95 -> 0 | AF109: =AE109*55.95 -> 0 | AH109: =$K$40-K109 -> 118326.74 | AI109: =$L$40-L109 -> 49903.79 | AJ109: =$M$40-M109 -> 22148.052 | AK109: =AH109+AI109+AJ109 -> 190378.58
A110: 43917 | B110: 9634 | C110: 87.5 | D110: 60 | K110: =B110*6.21 -> 59827.14 | L110: =C110*55.95 -> 4895.625 | M110: =(D110-(S110*25))*34+S110*2500 -> 2040 | O110: =K110+L110+M110 -> 66762.765 | Q110: 38 | R110: 0.1805 | S110: 0 | Y110: 43917 | Z110: 153 | AA110: =Z110/B110 -> 0.015881254 | AB110: =Z110*6.21 -> 950.13 | AC110: 0 | AD110: =AC110*55.95 -> 0 | AF110: =AE110*55.95 -> 0 | AH110: =$K$40-K110 -> 116587.94 | AI110: =$L$40-L110 -> 49903.79 | AJ110: =$M$40-M110 -> 20788.052 | AK110: =AH110+AI110+AJ110 -> 187279.78
A111: 43918 | B111: 8230 | C111: 87.5 | D111: 30 | K111: =B111*6.21 -> 51108.3 | L111: =C111*55.95 -> 4895.625 | M111: =(D111-(S111*25))*34+S111*2500 -> 1020 | O111: =K111+L111+M111 -> 57023.925 | Q111: 38 | R111: 0.1805 | S111: 0 | Y111: 43918 | Z111: 131 | AA111: =Z111/B111 -> 0.015917375 | AB111: =Z111*6.21 -> 813.51 | AC111: 0 | AD111: =AC111*55.95 -> 0 | AF111: =AE111*55.95 -> 0 | AH111: =$K$40-K111 -> 125306.78 | AI111: =$L$40-L111 -> 49903.79 | AJ111: =$M$40-M111 -> 21808.052 | AK111: =AH111+AI111+AJ111 -> 197018.62
A112: 43919 | B112: 9230 | C112: 143.75 | D112: 50 | K112: =B112*6.21 -> 57318.3 | L112: =C112*55.95 -> 8042.8125 | M112: =(D112-(S112*25))*34+S112*2500 -> 1700 | O112: =K112+L112+M112 -> 67061.113 | Q112: 38 | R112: 0.1805 | S112: 0 | Y112: 43919 | Z112: 191 | AA112: =Z112/B112 -> 0.020693391 | AB112: =Z112*6.21 -> 1186.11 | AC112: 25 | AD112: =AC112*55.95 -> 1398.75 | AF112: =AE112*55.95 -> 0 | AH112: =$K$40-K112 -> 119096.78 | AI112: =$L$40-L112 -> 46756.603 | AJ112: =$M$40-M112 -> 21128.052 | AK112: =AH112+AI112+AJ112 -> 186981.44
A113: 43920 | B113: 9752 | C113: 56 | D113: 30 | K113: =B113*6.21 -> 60559.92 | L113: =C113*55.95 -> 3133.2 | M113: =(D113-(S113*25))*34+S113*2500 -> 1020 | O113: =K113+L113+M113 -> 64713.12 | Q113: 38 | R113: 0.1805 | S113: 0 | Y113: 43920 | Z113: 80 | AA113: =Z113/B113 -> 0.0082034454 | AB113: =Z113*6.21 -> 496.8 | AC113: 0 | AD113: =AC113*55.95 -> 0 | AF113: =AE113*55.95 -> 0 | AH113: =$K$40-K113 -> 115855.16 | AI113: =$L$40-L113 -> 51666.215 | AJ113: =$M$40-M113 -> 21808.052 | AK113: =AH113+AI113+AJ113 -> 189329.43
A114: 43921 | B114: 8984 | C114: 37.5 | D114: 30 | K114: =B114*6.21 -> 55790.64 | L114: =C114*55.95 -> 2098.125 | M114: =(D114-(S114*25))*34+S114*2500 -> 1020 | O114: =K114+L114+M114 -> 58908.765 | Q114: 38 | R114: 0.1805 | S114: 0 | Y114: 43921 | Z114: 118 | AA114: =Z114/B114 -> 0.013134461 | AB114: =Z114*6.21 -> 732.78 | AC114: 0 | AH114: =$K$40-K114 -> 120624.44 | AI114: =$L$40-L114 -> 52701.29 | AJ114: =$M$40-M114 -> 21808.052 | AK114: =AH114+AI114+AJ114 -> 195133.78
A115: Total | B115: =SUM(B84:B114) -> 556508 | C115: =SUM(C84:C114) -> 15756 | D115: =SUM(D84:D114) -> 5740 | K115: =SUM(K84:K114) -> 3455914.7 | L115: =SUM(L84:L114) -> 881548.2 | M115: =SUM(M84:M114) -> 304060 | O115: =SUM(O84:O113) -> 4582614.1 | Y115: Total | Z115: =SUM(Z84:Z114) -> 12499 | AA115: =SUM(AA84:AA114) -> 0.64512443 | AB115: =SUM(AB84:AB114) -> 77618.79 | AC115: =SUM(AC84:AC114) -> 1162.5 | AD115: =SUM(AD84:AD114) -> 65041.875 | AE115: =SUM(AE84:AE114) -> 581.25 | AF115: =SUM(AF84:AF114) -> 32520.938 | AH115: =SUM(AH84:AH111) -> 1657376.5 | AI115: =SUM(AI84:AI111) -> 666109.57 | AJ115: =SUM(AJ84:AJ111) -> 338865.45 | AK115: =SUM(AK84:AK111) -> 2662351.5
B118: Units | K118: Cost - MUR | N118: CDD | O118: Daily Utilities Cost | Q118: Bed Nights | R118: % OCC | Z118: Vacoas - Electricity | AC118: Laundry - Gas | AE118: Pantry F
B119: Electricity | C119: Gas | D119: Water | K119: Electricity | L119: Gas | M119: Water | Z119: Units | AB119: Cost | AC119: Units | AD119: Cost | AE119: Units | AF119: Cost
A120: Ave/Day | B120: =AVERAGE(B84:B113) -> 18250.8 | C120: =AVERAGE(C84:C113) -> 523.95 | D120: =AVERAGE(D84:D113) -> 190.33333 | K120: =B120*6.21 -> 113337.47 | L120: =C120*55.95 -> 29315.003 | M120: =D120*68.44 -> 13026.413 | N120: =AVERAGE(N84:N113) -> 27 | O120: =K120+L120+M120 -> 155678.88 | Q120: =AVERAGE(Q84:Q113) -> 80.466667 | R120: =AVERAGE(R84:R113) -> 0.25640667 | Y120: Ave/Day | Z120: =AVERAGE(Z84:Z113) -> 412.7 | AB120: =Z120*6.21 -> 2562.867 | AC120: =AVERAGE(AC84:AC113) -> 38.75 | AD120: =AC120*55.95 -> 2168.0625 | AE120: =AVERAGE(AE84:AE113) -> 32.291667 | AF120: =AE120*55.95 -> 1806.7188
B124: April | C124: May | D124: June | K124: July | L124: August | M124: September
A125: Days | B125: 30 | C125: 31 | D125: 30 | K125: 31 | L125: 31 | M125: 30
A126: Electricity | B126: =B125*$K$114 -> 1673719.2 | C126: =C125*$K$114 -> 1729509.8 | D126: =D125*$K$114 -> 1673719.2 | K126: =K125*$K$114 -> 1729509.8 | L126: =L125*$K$114 -> 1729509.8 | M126: =M125*$K$114 -> 1673719.2
A127: Water | B127: =B125*$M$114 -> 30600 | C127: =C125*$M$114 -> 31620 | D127: =D125*$M$114 -> 30600 | K127: =K125*$M$114 -> 31620 | L127: =L125*$M$114 -> 31620 | M127: =M125*$M$114 -> 30600
A128: Gas | B128: =B125*$L$114 -> 62943.75 | C128: =C125*$L$114 -> 65041.875 | D128: =D125*$L$114 -> 62943.75 | K128: =K125*$L$114 -> 65041.875 | L128: =L125*$L$114 -> 65041.875 | M128: =M125*$L$114 -> 62943.75
A132: Date | B132: Units | K132: Cost - MUR | N132: CDD | O132: Total Daily Utilities Cost | P132: PF | Q132: Bed Nights | R132: % OCC | S132: Water Trucks | W132: Comments | Y132: Date | Z132: Vacoas - Electricity | AC132: Laundry - Gas | AH132: Saving - MUR | AK132: Total Daily Saving | AL132: Lorry
B133: Electricity | C133: Gas | D133: Water | K133: Electricity | L133: Gas | M133: Water | Z133: Units | AA133: % on Total | AB133: Cost | AC133: Units | AD133: Cost | AE133: Units | AF133: Cost | AH133: Electricity | AI133: Gas | AJ133: Water
A134: 43922 | B134: 8405 | C134: 50 | D134: 50 | K134: 52195.05 | L134: 2797.5 | M134: 1700 | N134: 26.5 | O134: 56692.55 | P134: 0.9426873 | Q134: 24 | R134: 0.1805 | S134: 0 | W134: Close Island Valve - Leakage | Y134: =A134 -> 43922 | Z134: 132 | AA134: 0.015704938 | AB134: 819.72 | AC134: 0 | AD134: 0 | AF134: 0 | AH134: =$K$40-K134 -> 124220.03 | AI134: =$L$40-L134 -> 52001.915 | AJ134: =$M$40-M134 -> 21128.052 | AK134: =AH134+AI134+AJ134 -> 197350 | AL134: 0
A135: 43923 | B135: 7738 | C135: 56.25 | D135: 5 | K135: 48052.98 | L135: 3147.1875 | M135: 170 | N135: 27.5 | O135: 51370.168 | P135: 0.9387359 | Q135: 24 | R135: 0.1805 | S135: 0 | Y135: =A135 -> 43923 | Z135: 0 | AA135: 0 | AB135: 0 | AC135: 0 | AD135: 0 | AF135: 0 | AH135: =$K$40-K135 -> 128362.1 | AI135: =$L$40-L135 -> 51652.228 | AJ135: =$M$40-M135 -> 22658.052 | AK135: =AH135+AI135+AJ135 -> 202672.38 | AL135: 10
A136: 43924 | B136: 7942 | C136: 62.5 | D136: 35 | K136: 49319.82 | L136: 3496.875 | M136: 1190 | N136: 28.5 | O136: 54006.695 | P136: 0.92758701 | Q136: 24 | R136: 0.1805 | S136: 0 | W136: Minor Power Cut from CEB | Y136: =A136 -> 43924 | Z136: 0 | AA136: 0 | AB136: 0 | AC136: 0 | AD136: 0 | AF136: 0 | AH136: =$K$40-K136 -> 127095.26 | AI136: =$L$40-L136 -> 51302.54 | AJ136: =$M$40-M136 -> 21638.052 | AK136: =AH136+AI136+AJ136 -> 200035.85 | AL136: 6
A137: 43925 | B137: 7504 | C137: 56.25 | D137: 30 | K137: 46599.84 | L137: 3147.1875 | M137: 1020 | N137: 29.5 | O137: 50767.027 | P137: 0.93519442 | Q137: 23 | R137: 0.1805 | S137: 0 | Y137: =A137 -> 43925 | Z137: 0 | AA137: 0 | AB137: 0 | AC137: 0 | AD137: 0 | AF137: 0 | AH137: =$K$40-K137 -> 129815.24 | AI137: =$L$40-L137 -> 51652.228 | AJ137: =$M$40-M137 -> 21808.052 | AK137: =AH137+AI137+AJ137 -> 203275.52 | AL137: 5
A138: 43926 | B138: 7434 | C138: 75 | D138: 140 | K138: 46165.14 | L138: 4196.25 | M138: 4760 | N138: 30.5 | O138: 55121.39 | P138: 0.93863636 | Q138: 23 | R138: 0.1805 | S138: 0 | W138: Open Island Valve to refill Bambou Pool | Y138: =A138 -> 43926 | Z138: 0 | AA138: 0 | AB138: 0 | AC138: 0 | AD138: 0 | AF138: 0 | AH138: =$K$40-K138 -> 130249.94 | AI138: =$L$40-L138 -> 50603.165 | AJ138: =$M$40-M138 -> 18068.052 | AK138: =AH138+AI138+AJ138 -> 198921.16 | AL138: 0
A139: 43927 | B139: 7718 | C139: 237.5 | D139: 30 | K139: 47928.78 | L139: 13288.125 | M139: 1020 | N139: 31.5 | O139: 62236.905 | P139: 0.93325272 | Q139: 21 | R139: 0.1805 | S139: 0 | W139: Laundry was operational. | Y139: =A139 -> 43927 | Z139: 0 | AA139: 0 | AB139: 0 | AC139: 37.5 | AD139: 2098.125 | AF139: 0 | AH139: =$K$40-K139 -> 128486.3 | AI139: =$L$40-L139 -> 41511.29 | AJ139: =$M$40-M139 -> 21808.052 | AK139: =AH139+AI139+AJ139 -> 191805.64 | AL139: 12
A140: 43928 | B140: 5783 | C140: 55.625 | D140: 320 | K140: 35912.43 | L140: 3112.2187 | M140: 10880 | N140: 32.5 | O140: 49904.649 | P140: 0.89853947 | Q140: 21 | R140: 0.1805 | S140: 0 | W140: Chiller broke down - Repaired but is OFF Water Leakage in Bambou Pool - Repaired | Y140: =A140 -> 43928 | Z140: 0 | AA140: 0 | AB140: 0 | AC140: 0 | AD140: 0 | AF140: 0 | AH140: =$K$40-K140 -> 140502.65 | AI140: =$L$40-L140 -> 51687.197 | AJ140: =$M$40-M140 -> 11948.052 | AK140: =AH140+AI140+AJ140 -> 204137.9 | AL140: 0
...

Sheet Current month
B1: Hotel Electricity | I1: Gen 01 | M1: Gen 02 | Q1: MB & Island | R1: CONS | S1: North & South | T1: CONS | U1: Vacoas KW | V1: CONS | W1: Laundry (KWh) | X1: CONS | Y1: Hotel | AB1: % Water Available | AC1: Water reservoir, 400 m3 | AD1: water truck | AI1: Water Softener | AK1: bamboo pool | AM1: CWA (FS) | AN1: CONS | AP1: CONS | AQ1: Island | AS1: Island Sub | AU1: Main Building | AW1: Pantry A | AY1: Pantry B | BA1: Pantry C | BC1: Pantry D | BE1: Pantry E | BG1: Pantry F | BI1: Pantry G | BU1: North | BW1: North Sub | BY1: South | CA1: South Sub | CF1: Diesel | CJ1: Gas | DE1: Steam Boiler( Laundry) | DH1: Main Building ( boiler) | DK1: Pantry A | DN1: Pantry B | DQ1: Pantry C | DT1: Pantry D | DW1: Pantry E | DZ1: Pantry F | EC1: Pantry G | EQ1: Pool Temperature | ET1: BEVERAGE STORE
A2: Date | B2: KVAH | C2: CONS | D2: KWH | E2: CONS | F2: PF | G2: KVA | H2: KVA max | I2: KWH | J2: CONS | K2: Hrs | L2: CONS | M2: KWH | N2: CONS | O2: Hrs | P2: CONS | Q2: KWH | R2: CONS | S2: KWH | T2: CONS | U2: KWH | V2: CONS | W2: KWH | X2: CONS | Y2: CWA23 | Z2: CONS | AD2: 38 | AE2: Truck Meter | AF2: Cons | AG2: UV reading | AI2: chiller | AJ2: CONS | AL2: CONS | AQ2: island | AR2: cons | AU2: M.Buil | AV2: Cons | AW2: Pantry A | AX2: Cons | AY2: Pantry B | AZ2: Cons | BA2: Pantry C | BB2: cons | BC2: Pantry D | BD2: cons | BE2: Pantry E | BF2: cons | BG2: Pantry F | BH2: cons | BI2: Pantry G | BJ2: Cons | BK2: Main Kitchen | BL2: Cons | BM2: Bamboo C | BN2: Cons | BO2: Bamboo H | BP2: Cons | BQ2: cyclon bridge | BR2: cons | BS2: Island - Hot | BT2: Island Cold | BU2: north | BV2: cons | BY2: south | BZ2: cons | CC2: south | CD2: Total water consump | CE2: Total HW consump | CF2: DIESEL( cm) | CG2: stock | CH2: Del | CI2: CONS | CJ2: Meter | CK2: cons | CL2: Kg | CM2: LPG 1 | CN2: stock | CO2: LPG 2 | CP2: stock | CQ2: LPG 3 | CR2: stock | CS2: total stock | CT2: cons | CU2: del | CV2: Beau champ ( Main kit) | CW2: cons(Litres) | CX2: Cons(Kg) | CY2: Acquapazza | CZ2: cons(Litres) | DA2: Cons(Kg) | DB2: Bamboo | DC2: cons(Litres) | DD2: Cons(Kg) | DF2: cons(Litres) | DG2: Cons(Kg) | DI2: cons(Litres) | DJ2: Cons(Kg) | DL2: cons(Litres) | DM2: Cons(Kg) | DO2: cons(Litres) | DP2: Cons(Kg) | DR2: cons(Litres) | DS2: Cons(Kg) | DU2: cons(Litres) | DV2: Cons(Kg) | DX2: cons(Litres) | DY2: Cons(Kg) | EA2: cons(Litres) | EB2: Cons(Kg) | ED2: cons(Litres) | EE2: Cons(Kg) | EF2: 145 | EG2: CONS | EH2: 146 | EI2: CONS | EJ2: Villa 111 | EK2: CONS | EL2: Villa 128 | EM2: CONS | EN2: Room Nights | EO2: Bed Nights | EP2: % OCC | EQ2: California | ER2: Infiniti | ES2: Fitness | ET2: 0.75 | EU2: 0 | EV2: 0.25
A3: 44773 | B3: 4947456 | C3: 24271 | D3: 3887248 | E3: 23114 | F3: 0.95232994 | G3: 1070 | H3: 1110 | I3: 292000 | J3: 0 | K3: 803 | L3: 0 | M3: 644837 | N3: 0 | O3: 1033 | P3: 0 | Q3: 3453800 | R3: 3453800 | S3: 3315500 | T3: 3315500 | U3: 2994789 | V3: 534 | W3: 2327276 | X3: 513 | Y3: 319524 | Z3: 279 | AB3: 0.72222222 | AC3: 288.88889 | AE3: 1340 | AF3: 0 | AG3: 549830 | AH3: 490 | AI3: 1180 | AJ3: 0 | AK3: 6029 | AL3: 3 | AM3: 58271 | AN3: 351 | AP3: 0 | AQ3: 640810 | AR3: 220 | AS3: 5172 | AT3: 32 | AU3: 58009 | AV3: 20 | AW3: 9445 | AX3: 4 | AY3: 11189 | AZ3: 4 | BA3: 19913 | BB3: 10 | BC3: 21369 | BD3: 7 | BE3: 21334 | BF3: 0 | BG3: 14700 | BH3: 6 | BI3: 6836 | BJ3: 1 | BK3: 28292 | BL3: 4 | BM3: 5951 | BN3: 3 | BO3: 33371 | BP3: 66 | BQ3: 3641 | BR3: 0 | BS3: 16 | BT3: 204 | BU3: 660530 | BV3: 190 | BX3: 0 | BY3: 854250 | BZ3: 0 | CA3: 28696 | CB3: 33 | CC3: -220 | CD3: 190 | CE3: 55 | CF3: 152 | CG3: 19718.481 | CJ3: 2694183 | CK3: 2425073 | CL3: 13847167 | CM3: 64 | CN3: 6896 | CO3: 65 | CP3: 7003.75 | CQ3: 65 | CR3: 7003.75 | CS3: 20903.5 | CT3: 1508.5 | CV3: 46855 | CW3: 43 | CX3: 245.53 | CY3: 35987 | CZ3: 9 | DA3: 51.39 | DB3: 15312 | DC3: 17 | DD3: 97.07 | DE3: 855886 | DF3: 127 | DG3: 725.17 | DH3: 11369 | DI3: 16 | DJ3: 91.36 | DK3: 10879 | DL3: 12 | DM3: 68.52 | DN3: 6636 | DO3: 15 | DP3: 85.65 | DQ3: 2309 | DR3: 2 | DS3: 11.42 | DT3: 8084 | DU3: 14 | DV3: 79.94 | DW3: 7482 | DX3: 9 | DY3: 51.39 | DZ3: 8072 | EA3: 11 | EB3: 62.81 | EC3: 7995 | ED3: 12 | EE3: 68.52 | EG3: 0 | EI3: 0 | EK3: 0 | EM3: 0 | EN3: 97 | EO3: 300 | EP3: 0.7582
A4: 44774 | B4: 4969645 | C4: =IF((B4-B3)<0,"0",(B4-B3)) -> 22189 | D4: 3909086 | E4: =IF((D4-D3)<0,"0",(D4-D3)) -> 21838 | F4: =E4/C4 -> 0.98418135 | G4: 1070 | H4: 1110 | I4: 292000 | J4: 0 | K4: 803 | L4: 1 | M4: 644807 | N4: 1 | O4: 1033 | P4: 1 | Q4: 3466300 | R4: =IF((Q4-Q3)<0,"0",(Q4-Q3)) -> 12500 | S4: 3366300 | T4: =IF((S4-S3)<0,"0",(S4-S3)) -> 50800 | U4: 2995354 | V4: =IF((U4-U3)<0,"0",(U4-U3)) -> 565 | W4: 2327780 | X4: =IF((W4-W3)<0,"0",(W4-W3)) -> 504 | Y4: 319839 | Z4: =Y4-Y3 -> 315 | AB4: =8.5/9 -> 0.94444444 | AC4: =AB4*400 -> 377.77778 | AE4: 1340 | AF4: =IF((AE4-AE3)<0,"0",(AE4-AE3)) -> 0 | AG4: 550300 | AH4: =IF((AG4-AG3)<0,"0",(AG4-AG3)) -> 470 | AI4: 1180 | AJ4: =IF((AI4-AI3)<0,"0",(AI4-AI3)) -> 0 | AK4: 6030 | AL4: =IF((AK4-AK3)<0,"0",(AK4-AK3)) -> 1 | AM4: 58658 | AN4: =IF((AM4-AM3)<0,"0",(AM4-AM3)) -> 387 | AP4: =IF((AO4-AO3)<0,"0",(AO4-AO3)) -> 0 | AQ4: 641040 | AR4: =IF((AQ4-AQ3)<0,"0",(AQ4-AQ3)) -> 230 | AS4: 5205 | AT4: =IF((AS4-AS3)<0,"0",(AS4-AS3)) -> 33 | AU4: 58030 | AV4: =IF((AU4-AU3)<0,"0",(AU4-AU3)) -> 21 | AW4: 9448 | AX4: =IF((AW4-AW3)<0,"0",(AW4-AW3)) -> 3 | AY4: 11191 | AZ4: =IF((AY4-AY3)<0,"0",(AY4-AY3)) -> 2 | BA4: 19921 | BB4: =IF((BA4-BA3)<0,"0",(BA4-BA3)) -> 8 | BC4: 21370 | BD4: =IF((BC4-BC3)<0,"0",(BC4-BC3)) -> 1 | BE4: 21346 | BF4: =IF((BE4-BE3)<0,"0",(BE4-BE3)) -> 12 | BG4: 14706 | BH4: =IF((BG4-BG3)<0,"0",(BG4-BG3)) -> 6 | BI4: 6837 | BJ4: =IF((BI4-BI3)<0,"0",(BI4-BI3)) -> 1 | BK4: 28298 | BL4: =IF((BK4-BK3)<0,"0",(BK4-BK3)) -> 6 | BM4: 5960 | BN4: =IF((BM4-BM3)<0,"0",(BM4-BM3)) -> 9 | BO4: 33434 | BP4: =IF((BO4-BO3)<0,"0",(BO4-BO3)) -> 63 | BQ4: 3641 | BR4: =IF((BQ4-BQ3)<0,"0",(BQ4-BQ3)) -> 0 | BS4: =BH4+BF4+BB4 -> 26 | BT4: =AR4-BS4 -> 204 | BU4: 660720 | BV4: =IF((BU4-BU3)<0,"0",(BU4-BU3)) -> 190 | BX4: =IF((BW4-BW3)<0,"0",(BW4-BW3)) -> 0 | BY4: 854250 | BZ4: =IF((BY4-BY3)<0,"0",(BY4-BY3)) -> 0 | CA4: 28725 | CB4: =IF((CA4-CA3)<0,"0",(CA4-CA3)) -> 29 | CC4: =BZ4-AR4 -> -230 | CD4: =SUM(BV4, BZ4) -> 190 | CE4: =SUM(AV4,AX4,AZ4,BB4,BD4,BF4,BH4,BJ4,BN4) -> 63 | CF4: 152 | CG4: =(IF(CF4<=116.4,((116.4*116.4*ACOS((116.4-CF4)/116.4))-((116.4-CF4)*SQRT(2*116.4*CF4-CF4*CF4)))*669.8,((3.1416*116.4*116.4)-((116.4*116.4*ACOS((116.4-(2*116.4-CF4))/116.4))-((116.4-(2*116.4-CF4))*SQRT(2*116.4*(2*116.4-CF4)-((2*116.4-CF4)*(2*116.4-CF4))))))*669.8))/1000 -> 19718.481 | CI4: =CG3-CG4+CH4 -> 0 | CJ4: 2697143 | CK4: =IF((CJ4-CJ3)<0,"0",(CJ4-CJ3)) -> 2960 | CL4: =CK4*5.71 -> 16901.6 | CM4: 59 | CO4: 60 | CP4: =(CO4*10775)/100 -> 6465 | CQ4: 60 | CR4: =(CQ4*10775)/100 -> 6465 | CS4: =CN4+CP4+CR4 -> 12930 | CT4: =IF((CS3-CS4+CU3)=CS3,"0",(CS3-CS4+CU3)) -> 7973.5 | CV4: 46893 | CW4: =IF((CV4-CV3)<0,"0",(CV4-CV3)) -> 38 | CX4: =CW4*5.71 -> 216.98 | CY4: 35995 | CZ4: =IF((CY4-CY3)<0,"0",(CY4-CY3)) -> 8 | DA4: =CZ4*5.71 -> 45.68 | DB4: 15328 | DC4: =IF((DB4-DB3)<0,"0",(DB4-DB3)) -> 16 | DD4: =DC4*5.71 -> 91.36 | DE4: 856017 | DF4: =IF((DE4-DE3)<0,"0",(DE4-DE3)) -> 131 | DG4: =DF4*5.71 -> 748.01 | DH4: 11385 | DI4: =IF((DH4-DH3)<0,"0",(DH4-DH3)) -> 16 | DJ4: =DI4*5.71 -> 91.36 | DK4: 10890 | DL4: =IF((DK4-DK3)<0,"0",(DK4-DK3)) -> 11 | DM4: =DL4*5.71 -> 62.81 | DN4: 6645 | DO4: =IF((DN4-DN3)<0,"0",(DN4-DN3)) -> 9 | DP4: =DO4*5.71 -> 51.39 | DQ4: 2310 | DR4: =IF((DQ4-DQ3)<0,"0",(DQ4-DQ3)) -> 1 | DS4: =DR4*5.71 -> 5.71 | DT4: 8098 | DU4: =IF((DT4-DT3)<0,"0",(DT4-DT3)) -> 14 | DV4: =DU4*5.71 -> 79.94 | DW4: 7492 | DX4: =IF((DW4-DW3)<0,"0",(DW4-DW3)) -> 10 | DY4: =DX4*5.71 -> 57.1 | DZ4: 8082 | EA4: =IF((DZ4-DZ3)<0,"0",(DZ4-DZ3)) -> 10 | EB4: =EA4*5.71 -> 57.1 | EC4: 8000 | ED4: =IF((EC4-EC3)<0,"0",(EC4-EC3)) -> 5 | EE4: =ED4*5.71 -> 28.55 | EG4: =(EF4-EF3) -> 0 | EI4: =(EH4-EH3) -> 0 | EK4: =(EJ4-EJ3) -> 0 | EM4: =(EL4-EL3) -> 0 | EN4: 100 | EO4: 271 | EP4: 0.748
A5: 44775 | B5: 4992194 | C5: =IF((B5-B4)<0,"0",(B5-B4)) -> 22549 | D5: 3930883 | E5: =IF((D5-D4)<0,"0",(D5-D4)) -> 21797 | F5: =E5/C5 -> 0.96665041 | G5: 1070 | H5: 1110 | I5: 292000 | J5: =IF((I5-I4)<0,"0",(I5-I4)) -> 0 | K5: 803 | L5: =IF((K5-K4)<0,"0",(K5-K4)) -> 0 | M5: 644837 | N5: =IF((M5-M4)<0,"0",(M5-M4)) -> 30 | O5: 1033 | P5: =IF((O5-O4)<0,"0",(O5-O4)) -> 0 | Q5: 3478700 | R5: =IF((Q5-Q4)<0,"0",(Q5-Q4)) -> 12400 | S5: 3369300 | T5: =IF((S5-S4)<0,"0",(S5-S4)) -> 3000 | U5: 2996415 | V5: =IF((U5-U4)<0,"0",(U5-U4)) -> 1061 | W5: 2328316 | X5: =IF((W5-W4)<0,"0",(W5-W4)) -> 536 | Y5: 320108 | Z5: =Y5-Y4 -> 269 | AB5: =6.75/9 -> 0.75 | AC5: =AB5*400 -> 300 | AE5: 1340 | AF5: =IF((AE5-AE4)<0,"0",(AE5-AE4)) -> 0 | AG5: 550770 | AH5: =IF((AG5-AG4)<0,"0",(AG5-AG4)) -> 470 | AI5: 1180 | AJ5: =IF((AI5-AI4)<0,"0",(AI5-AI4)) -> 0 | AK5: 6030 | AL5: =IF((AK5-AK4)<0,"0",(AK5-AK4)) -> 0 | AM5: 58997 | AN5: =IF((AM5-AM4)<0,"0",(AM5-AM4)) -> 339 | AP5: =IF((AO5-AO4)<0,"0",(AO5-AO4)) -> 0 | AQ5: 641220 | AR5: =IF((AQ5-AQ4)<0,"0",(AQ5-AQ4)) -> 180 | AS5: 5240 | AT5: =IF((AS5-AS4)<0,"0",(AS5-AS4)) -> 35 | AU5: 58055 | AV5: =IF((AU5-AU4)<0,"0",(AU5-AU4)) -> 25 | AW5: 9449 | AX5: =IF((AW5-AW4)<0,"0",(AW5-AW4)) -> 1 | AY5: 11194 | AZ5: =IF((AY5-AY4)<0,"0",(AY5-AY4)) -> 3 | BA5: 19939 | BB5: =IF((BA5-BA4)<0,"0",(BA5-BA4)) -> 18 | BC5: 21385 | BD5: =IF((BC5-BC4)<0,"0",(BC5-BC4)) -> 15 | BE5: 21347 | BF5: =IF((BE5-BE4)<0,"0",(BE5-BE4)) -> 1 | BG5: 14711 | BH5: =IF((BG5-BG4)<0,"0",(BG5-BG4)) -> 5 | BI5: 6839 | BJ5: =IF((BI5-BI4)<0,"0",(BI5-BI4)) -> 2 | BK5: 28302 | BL5: =IF((BK5-BK4)<0,"0",(BK5-BK4)) -> 4 | BM5: 5967 | BN5: =IF((BM5-BM4)<0,"0",(BM5-BM4)) -> 7 | BO5: 33502 | BP5: =IF((BO5-BO4)<0,"0",(BO5-BO4)) -> 68 | BQ5: 3641 | BR5: =IF((BQ5-BQ4)<0,"0",(BQ5-BQ4)) -> 0 | BS5: =BH5+BF5+BB5 -> 24 | BT5: =AR5-BS5 -> 156 | BU5: 660920 | BV5: =IF((BU5-BU4)<0,"0",(BU5-BU4)) -> 200 | BX5: =IF((BW5-BW4)<0,"0",(BW5-BW4)) -> 0 | BY5: 854250 | BZ5: =IF((BY5-BY4)<0,"0",(BY5-BY4)) -> 0 | CA5: 28748 | CB5: =IF((CA5-CA4)<0,"0",(CA5-CA4)) -> 23 | CC5: =BZ5-AR5 -> -180 | CD5: =SUM(BV5, BZ5) -> 200 | CE5: =SUM(AV5,AX5,AZ5,BB5,BD5,BF5,BH5,BJ5,BN5) -> 77 | CF5: 152 | CG5: =(IF(CF5<=116.4,((116.4*116.4*ACOS((116.4-CF5)/116.4))-((116.4-CF5)*SQRT(2*116.4*CF5-CF5*CF5)))*669.8,((3.1416*116.4*116.4)-((116.4*116.4*ACOS((116.4-(2*116.4-CF5))/116.4))-((116.4-(2*116.4-CF5))*SQRT(2*116.4*(2*116.4-CF5)-((2*116.4-CF5)*(2*116.4-CF5))))))*669.8))/1000 -> 19718.481 | CI5: =CG4-CG5+CH5 -> 0 | CJ5: 2700335 | CK5: =IF((CJ5-CJ4)<0,"0",(CJ5-CJ4)) -> 3192 | CL5: =CK5*5.71 -> 18226.32 | CM5: 55 | CN5: =(CM5*10775)/100 -> 5926.25 | CO5: 55 | CP5: =(CO5*10775)/100 -> 5926.25 | CQ5: 55 | CR5: =(CQ5*10775)/100 -> 5926.25 | CS5: =CN5+CP5+CR5 -> 17778.75 | CT5: =IF((CS4-CS5+CU4)=CS4,"0",(CS4-CS5+CU4)) -> -4848.75 | CV5: 46936 | CW5: =IF((CV5-CV4)<0,"0",(CV5-CV4)) -> 43 | CX5: =CW5*5.71 -> 245.53 | CY5: 36003 | CZ5: =IF((CY5-CY4)<0,"0",(CY5-CY4)) -> 8 | DA5: =CZ5*5.71 -> 45.68 | DB5: 15346 | DC5: =IF((DB5-DB4)<0,"0",(DB5-DB4)) -> 18 | DD5: =DC5*5.71 -> 102.78 | DE5: 856145 | DF5: =IF((DE5-DE4)<0,"0",(DE5-DE4)) -> 128 | DG5: =DF5*5.71 -> 730.88 | DH5: 11403 | DI5: =IF((DH5-DH4)<0,"0",(DH5-DH4)) -> 18 | DJ5: =DI5*5.71 -> 102.78 | DK5: 10904 | DL5: =IF((DK5-DK4)<0,"0",(DK5-DK4)) -> 14 | DM5: =DL5*5.71 -> 79.94 | DN5: 6655 | DO5: =IF((DN5-DN4)<0,"0",(DN5-DN4)) -> 10 | DP5: =DO5*5.71 -> 57.1 | DQ5: 2312 | DR5: =IF((DQ5-DQ4)<0,"0",(DQ5-DQ4)) -> 2 | DS5: =DR5*5.71 -> 11.42 | DT5: 8115 | DU5: =IF((DT5-DT4)<0,"0",(DT5-DT4)) -> 17 | DV5: =DU5*5.71 -> 97.07 | DW5: 7503 | DX5: =IF((DW5-DW4)<0,"0",(DW5-DW4)) -> 11 | DY5: =DX5*5.71 -> 62.81 | DZ5: 8092 | EA5: =IF((DZ5-DZ4)<0,"0",(DZ5-DZ4)) -> 10 | EB5: =EA5*5.71 -> 57.1 | EC5: 8019 | ED5: =IF((EC5-EC4)<0,"0",(EC5-EC4)) -> 19 | EE5: =ED5*5.71 -> 108.49 | EG5: =(EF5-EF4) -> 0 | EI5: =(EH5-EH4) -> 0 | EK5: =(EJ5-EJ4) -> 0 | EM5: =(EL5-EL4) -> 0 | EN5: 105 | EO5: 332 | EP5: 0.791
A6: 44776 | B6: 5016428 | C6: =IF((B6-B5)<0,"0",(B6-B5)) -> 24234 | D6: 3954367 | E6: =IF((D6-D5)<0,"0",(D6-D5)) -> 23484 | F6: =E6/C6 -> 0.96905175 | G6: 1070 | H6: 1110 | I6: 292000 | J6: =IF((I6-I5)<0,"0",(I6-I5)) -> 0 | K6: 803 | L6: =IF((K6-K5)<0,"0",(K6-K5)) -> 0 | M6: 644837 | N6: =IF((M6-M5)<0,"0",(M6-M5)) -> 0 | O6: 1033 | P6: =IF((O6-O5)<0,"0",(O6-O5)) -> 0 | R6: =IF((Q6-Q5)<0,"0",(Q6-Q5)) -> 0 | T6: =IF((S6-S5)<0,"0",(S6-S5)) -> 0 | U6: 2998031 | V6: =IF((U6-U5)<0,"0",(U6-U5)) -> 1616 | W6: 2328838 | X6: =IF((W6-W5)<0,"0",(W6-W5)) -> 522 | Y6: 320384 | Z6: =Y6-Y5 -> 276 | AB6: =5.5/9 -> 0.61111111 | AC6: =AB6*400 -> 244.44444 | AE6: 1340 | AF6: =IF((AE6-AE5)<0,"0",(AE6-AE5)) -> 0 | AG6: 551240 | AH6: =IF((AG6-AG5)<0,"0",(AG6-AG5)) -> 470 | AJ6: =IF((AI6-AI5)<0,"0",(AI6-AI5)) -> 0 | AK6: 6033 | AL6: =IF((AK6-AK5)<0,"0",(AK6-AK5)) -> 3 | AM6: 59372 | AN6: =IF((AM6-AM5)<0,"0",(AM6-AM5)) -> 375 | AP6: =IF((AO6-AO5)<0,"0",(AO6-AO5)) -> 0 | AQ6: 641450 | AR6: =IF((AQ6-AQ5)<0,"0",(AQ6-AQ5)) -> 230 | AS6: 5272 | AT6: =IF((AS6-AS5)<0,"0",(AS6-AS5)) -> 32 | AU6: 58075 | AV6: =IF((AU6-AU5)<0,"0",(AU6-AU5)) -> 20 | AW6: 9451 | AX6: =IF((AW6-AW5)<0,"0",(AW6-AW5)) -> 2 | AY6: 11197 | AZ6: =IF((AY6-AY5)<0,"0",(AY6-AY5)) -> 3 | BA6: 19950 | BB6: =IF((BA6-BA5)<0,"0",(BA6-BA5)) -> 11 | BC6: 21393 | BD6: =IF((BC6-BC5)<0,"0",(BC6-BC5)) -> 8 | BE6: 21348 | BF6: =IF((BE6-BE5)<0,"0",(BE6-BE5)) -> 1 | BG6: 14718 | BH6: =IF((BG6-BG5)<0,"0",(BG6-BG5)) -> 7 | BI6: 6844 | BJ6: =IF((BI6-BI5)<0,"0",(BI6-BI5)) -> 5 | BK6: 28309 | BL6: =IF((BK6-BK5)<0,"0",(BK6-BK5)) -> 7 | BM6: 5979 | BN6: =IF((BM6-BM5)<0,"0",(BM6-BM5)) -> 12 | BO6: 33579 | BP6: =IF((BO6-BO5)<0,"0",(BO6-BO5)) -> 77 | BQ6: 3641 | BR6: =IF((BQ6-BQ5)<0,"0",(BQ6-BQ5)) -> 0 | BS6: =BH6+BF6+BB6 -> 19 | BT6: =AR6-BS6 -> 211 | BU6: 661100 | BV6: =IF((BU6-BU5)<0,"0",(BU6-BU5)) -> 180 | BX6: =IF((BW6-BW5)<0,"0",(BW6-BW5)) -> 0 | BY6: 854250 | BZ6: =IF((BY6-BY5)<0,"0",(BY6-BY5)) -> 0 | CA6: 28786 | CB6: =IF((CA6-CA5)<0,"0",(CA6-CA5)) -> 38 | CC6: =BZ6-AR6 -> -230 | CD6: =SUM(BV6, BZ6) -> 180 | CE6: =SUM(AV6,AX6,AZ6,BB6,BD6,BF6,BH6,BJ6,BN6) -> 69 | CF6: 152 | CG6: =(IF(CF6<=116.4,((116.4*116.4*ACOS((116.4-CF6)/116.4))-((116.4-CF6)*SQRT(2*116.4*CF6-CF6*CF6)))*669.8,((3.1416*116.4*116.4)-((116.4*116.4*ACOS((116.4-(2*116.4-CF6))/116.4))-((116.4-(2*116.4-CF6))*SQRT(2*116.4*(2*116.4-CF6)-((2*116.4-CF6)*(2*116.4-CF6))))))*669.8))/1000 -> 19718.481 | CI6: =CG5-CG6+CH6 -> 0 | CJ6: 2704260 | CK6: =IF((CJ6-CJ5)<0,"0",(CJ6-CJ5)) -> 3925 | CL6: =CK6*5.71 -> 22411.75 | CM6: 48 | CN6: =(CM6*10775)/100 -> 5172 | CO6: 50 | CP6: =(CO6*10775)/100 -> 5387.5 | CQ6: 48 | CR6: =(CQ6*10775)/100 -> 5172 | CS6: =CN6+CP6+CR6 -> 15731.5 | CT6: =IF((CS5-CS6+CU5)=CS5,"0",(CS5-CS6+CU5)) -> 2047.25 | CV6: 46983 | CW6: =IF((CV6-CV5)<0,"0",(CV6-CV5)) -> 47 | CX6: =CW6*5.71 -> 268.37 | CY6: 36012 | CZ6: =IF((CY6-CY5)<0,"0",(CY6-CY5)) -> 9 | DA6: =CZ6*5.71 -> 51.39 | DB6: 15363 | DC6: =IF((DB6-DB5)<0,"0",(DB6-DB5)) -> 17 | DD6: =DC6*5.71 -> 97.07 | DE6: 856335 | DF6: =IF((DE6-DE5)<0,"0",(DE6-DE5)) -> 190 | DG6: =DF6*5.71 -> 1084.9 | DH6: 11421 | DI6: =IF((DH6-DH5)<0,"0",(DH6-DH5)) -> 18 | DJ6: =DI6*5.71 -> 102.78 | DK6: 10919 | DL6: =IF((DK6-DK5)<0,"0",(DK6-DK5)) -> 15 | DM6: =DL6*5.71 -> 85.65 | DN6: 6668 | DO6: =IF((DN6-DN5)<0,"0",(DN6-DN5)) -> 13 | DP6: =DO6*5.71 -> 74.23 | DQ6: 2314 | DR6: =IF((DQ6-DQ5)<0,"0",(DQ6-DQ5)) -> 2 | DS6: =DR6*5.71 -> 11.42 | DT6: 8134 | DU6: =IF((DT6-DT5)<0,"0",(DT6-DT5)) -> 19 | DV6: =DU6*5.71 -> 108.49 | DW6: 7516 | DX6: =IF((DW6-DW5)<0,"0",(DW6-DW5)) -> 13 | DY6: =DX6*5.71 -> 74.23 | DZ6: 8105 | EA6: =IF((DZ6-DZ5)<0,"0",(DZ6-DZ5)) -> 13 | EB6: =EA6*5.71 -> 74.23 | EC6: 8036 | ED6: =IF((EC6-EC5)<0,"0",(EC6-EC5)) -> 17 | EE6: =ED6*5.71 -> 97.07 | EG6: =(EF6-EF5) -> 0 | EI6: =(EH6-EH5) -> 0 | EK6: =(EJ6-EJ5) -> 0 | EM6: =(EL6-EL5) -> 0 | EP6: 0.74
A7: 44777 | C7: =IF((B7-B6)<0,"0",(B7-B6)) -> 0 | E7: =IF((D7-D6)<0,"0",(D7-D6)) -> 0 | F7: =E7/C7 -> #DIV/0! | J7: =IF((I7-I6)<0,"0",(I7-I6)) -> 0 | L7: =IF((K7-K6)<0,"0",(K7-K6)) -> 0 | N7: =IF((M7-M6)<0,"0",(M7-M6)) -> 0 | P7: =IF((O7-O6)<0,"0",(O7-O6)) -> 0 | R7: =IF((Q7-Q6)<0,"0",(Q7-Q6)) -> 0 | T7: =IF((S7-S6)<0,"0",(S7-S6)) -> 0 | V7: =IF((U7-U6)<0,"0",(U7-U6)) -> 0 | X7: =IF((W7-W6)<0,"0",(W7-W6)) -> 0 | Z7: =Y7-Y6 -> -320384 | AC7: =AB7*400 -> 0 | AF7: =IF((AE7-AE6)<0,"0",(AE7-AE6)) -> 0 | AH7: =IF((AG7-AG6)<0,"0",(AG7-AG6)) -> 0 | AJ7: =IF((AI7-AI6)<0,"0",(AI7-AI6)) -> 0 | AL7: =IF((AK7-AK6)<0,"0",(AK7-AK6)) -> 0 | AN7: =IF((AM7-AM6)<0,"0",(AM7-AM6)) -> 0 | AP7: =IF((AO7-AO6)<0,"0",(AO7-AO6)) -> 0 | AR7: =IF((AQ7-AQ6)<0,"0",(AQ7-AQ6)) -> 0 | AT7: =IF((AS7-AS6)<0,"0",(AS7-AS6)) -> 0 | AV7: =IF((AU7-AU6)<0,"0",(AU7-AU6)) -> 0 | AX7: =IF((AW7-AW6)<0,"0",(AW7-AW6)) -> 0 | AZ7: =IF((AY7-AY6)<0,"0",(AY7-AY6)) -> 0 | BB7: =IF((BA7-BA6)<0,"0",(BA7-BA6)) -> 0 | BD7: =IF((BC7-BC6)<0,"0",(BC7-BC6)) -> 0 | BF7: =IF((BE7-BE6)<0,"0",(BE7-BE6)) -> 0 | BH7: =IF((BG7-BG6)<0,"0",(BG7-BG6)) -> 0 | BJ7: =IF((BI7-BI6)<0,"0",(BI7-BI6)) -> 0 | BL7: =IF((BK7-BK6)<0,"0",(BK7-BK6)) -> 0 | BN7: =IF((BM7-BM6)<0,"0",(BM7-BM6)) -> 0 | BP7: =IF((BO7-BO6)<0,"0",(BO7-BO6)) -> 0 | BR7: =IF((BQ7-BQ6)<0,"0",(BQ7-BQ6)) -> 0 | BS7: =BH7+BF7+BB7 -> 0 | BT7: =AR7-BS7 -> 0 | BV7: =IF((BU7-BU6)<0,"0",(BU7-BU6)) -> 0 | BX7: =IF((BW7-BW6)<0,"0",(BW7-BW6)) -> 0 | BZ7: =IF((BY7-BY6)<0,"0",(BY7-BY6)) -> 0 | CB7: =IF((CA7-CA6)<0,"0",(CA7-CA6)) -> 0 | CC7: =BZ7-AR7 -> 0 | CD7: =SUM(BV7, BZ7) -> 0 | CE7: =SUM(AV7,AX7,AZ7,BB7,BD7,BF7,BH7,BJ7,BN7) -> 0 | CG7: =(IF(CF7<=116.4,((116.4*116.4*ACOS((116.4-CF7)/116.4))-((116.4-CF7)*SQRT(2*116.4*CF7-CF7*CF7)))*669.8,((3.1416*116.4*116.4)-((116.4*116.4*ACOS((116.4-(2*116.4-CF7))/116.4))-((116.4-(2*116.4-CF7))*SQRT(2*116.4*(2*116.4-CF7)-((2*116.4-CF7)*(2*116.4-CF7))))))*669.8))/1000 -> 0 | CI7: =CG6-CG7+CH7 -> 19718.481 | CK7: =IF((CJ7-CJ6)<0,"0",(CJ7-CJ6)) -> 0 | CL7: =CK7*5.71 -> 0 | CN7: =(CM7*10775)/100 -> 0 | CP7: =(CO7*10775)/100 -> 0 | CR7: =(CQ7*10775)/100 -> 0 | CS7: =CN7+CP7+CR7 -> 0 | CT7: =IF((CS6-CS7+CU6)=CS6,"0",(CS6-CS7+CU6)) -> 0 | CW7: =IF((CV7-CV6)<0,"0",(CV7-CV6)) -> 0 | CX7: =CW7*5.71 -> 0 | CZ7: =IF((CY7-CY6)<0,"0",(CY7-CY6)) -> 0 | DA7: =CZ7*5.71 -> 0 | DC7: =IF((DB7-DB6)<0,"0",(DB7-DB6)) -> 0 | DD7: =DC7*5.71 -> 0 | DF7: =IF((DE7-DE6)<0,"0",(DE7-DE6)) -> 0 | DG7: =DF7*5.71 -> 0 | DI7: =IF((DH7-DH6)<0,"0",(DH7-DH6)) -> 0 | DJ7: =DI7*5.71 -> 0 | DL7: =IF((DK7-DK6)<0,"0",(DK7-DK6)) -> 0 | DM7: =DL7*5.71 -> 0 | DO7: =IF((DN7-DN6)<0,"0",(DN7-DN6)) -> 0 | DP7: =DO7*5.71 -> 0 | DR7: =IF((DQ7-DQ6)<0,"0",(DQ7-DQ6)) -> 0 | DS7: =DR7*5.71 -> 0 | DU7: =IF((DT7-DT6)<0,"0",(DT7-DT6)) -> 0 | DV7: =DU7*5.71 -> 0 | DX7: =IF((DW7-DW6)<0,"0",(DW7-DW6)) -> 0 | DY7: =DX7*5.71 -> 0 | EA7: =IF((DZ7-DZ6)<0,"0",(DZ7-DZ6)) -> 0 | EB7: =EA7*5.71 -> 0 | ED7: =IF((EC7-EC6)<0,"0",(EC7-EC6)) -> 0 | EE7: =ED7*5.71 -> 0 | EG7: =(EF7-EF6) -> 0 | EI7: =(EH7-EH6) -> 0 | EK7: =(EJ7-EJ6) -> 0 | EM7: =(EL7-EL6) -> 0
A8: 44778 | C8: =IF((B8-B7)<0,"0",(B8-B7)) -> 0 | E8: =IF((D8-D7)<0,"0",(D8-D7)) -> 0 | F8: =E8/C8 -> #DIV/0! | J8: =IF((I8-I7)<0,"0",(I8-I7)) -> 0 | L8: =IF((K8-K7)<0,"0",(K8-K7)) -> 0 | N8: =IF((M8-M7)<0,"0",(M8-M7)) -> 0 | P8: =IF((O8-O7)<0,"0",(O8-O7)) -> 0 | R8: =IF((Q8-Q7)<0,"0",(Q8-Q7)) -> 0 | T8: =IF((S8-S7)<0,"0",(S8-S7)) -> 0 | V8: =IF((U8-U7)<0,"0",(U8-U7)) -> 0 | X8: =IF((W8-W7)<0,"0",(W8-W7)) -> 0 | Z8: =Y8-Y7 -> 0 | AC8: =AB8*400 -> 0 | AF8: =IF((AE8-AE7)<0,"0",(AE8-AE7)) -> 0 | AH8: =IF((AG8-AG7)<0,"0",(AG8-AG7)) -> 0 | AJ8: =IF((AI8-AI7)<0,"0",(AI8-AI7)) -> 0 | AL8: =IF((AK8-AK7)<0,"0",(AK8-AK7)) -> 0 | AN8: =IF((AM8-AM7)<0,"0",(AM8-AM7)) -> 0 | AP8: =IF((AO8-AO7)<0,"0",(AO8-AO7)) -> 0 | AR8: =IF((AQ8-AQ7)<0,"0",(AQ8-AQ7)) -> 0 | AT8: =IF((AS8-AS7)<0,"0",(AS8-AS7)) -> 0 | AV8: =IF((AU8-AU7)<0,"0",(AU8-AU7)) -> 0 | AX8: =IF((AW8-AW7)<0,"0",(AW8-AW7)) -> 0 | AZ8: =IF((AY8-AY7)<0,"0",(AY8-AY7)) -> 0 | BB8: =IF((BA8-BA7)<0,"0",(BA8-BA7)) -> 0 | BD8: =IF((BC8-BC7)<0,"0",(BC8-BC7)) -> 0 | BF8: =IF((BE8-BE7)<0,"0",(BE8-BE7)) -> 0 | BH8: =IF((BG8-BG7)<0,"0",(BG8-BG7)) -> 0 | BJ8: =IF((BI8-BI7)<0,"0",(BI8-BI7)) -> 0 | BL8: =IF((BK8-BK7)<0,"0",(BK8-BK7)) -> 0 | BN8: =IF((BM8-BM7)<0,"0",(BM8-BM7)) -> 0 | BP8: =IF((BO8-BO7)<0,"0",(BO8-BO7)) -> 0 | BR8: =IF((BQ8-BQ7)<0,"0",(BQ8-BQ7)) -> 0 | BS8: =BH8+BF8+BB8 -> 0 | BT8: =AR8-BS8 -> 0 | BV8: =IF((BU8-BU7)<0,"0",(BU8-BU7)) -> 0 | BX8: =IF((BW8-BW7)<0,"0",(BW8-BW7)) -> 0 | BZ8: =IF((BY8-BY7)<0,"0",(BY8-BY7)) -> 0 | CB8: =IF((CA8-CA7)<0,"0",(CA8-CA7)) -> 0 | CC8: =BZ8-AR8 -> 0 | CD8: =SUM(BV8, BZ8) -> 0 | CE8: =SUM(AV8,AX8,AZ8,BB8,BD8,BF8,BH8,BJ8,BN8) -> 0 | CG8: =(IF(CF8<=116.4,((116.4*116.4*ACOS((116.4-CF8)/116.4))-((116.4-CF8)*SQRT(2*116.4*CF8-CF8*CF8)))*669.8,((3.1416*116.4*116.4)-((116.4*116.4*ACOS((116.4-(2*116.4-CF8))/116.4))-((116.4-(2*116.4-CF8))*SQRT(2*116.4*(2*116.4-CF8)-((2*116.4-CF8)*(2*116.4-CF8))))))*669.8))/1000 -> 0 | CI8: =CG7-CG8+CH8 -> 0 | CK8: =IF((CJ8-CJ7)<0,"0",(CJ8-CJ7)) -> 0 | CL8: =CK8*5.71 -> 0 | CN8: =(CM8*10775)/100 -> 0 | CP8: =(CO8*10775)/100 -> 0 | CR8: =(CQ8*10775)/100 -> 0 | CS8: =CN8+CP8+CR8 -> 0 | CT8: =IF((CS7-CS8+CU7)=CS7,"0",(CS7-CS8+CU7)) -> 0 | CW8: =IF((CV8-CV7)<0,"0",(CV8-CV7)) -> 0 | CX8: =CW8*5.71 -> 0 | CZ8: =IF((CY8-CY7)<0,"0",(CY8-CY7)) -> 0 | DA8: =CZ8*5.71 -> 0 | DC8: =IF((DB8-DB7)<0,"0",(DB8-DB7)) -> 0 | DD8: =DC8*5.71 -> 0 | DF8: =IF((DE8-DE7)<0,"0",(DE8-DE7)) -> 0 | DG8: =DF8*5.71 -> 0 | DI8: =IF((DH8-DH7)<0,"0",(DH8-DH7)) -> 0 | DJ8: =DI8*5.71 -> 0 | DL8: =IF((DK8-DK7)<0,"0",(DK8-DK7)) -> 0 | DM8: =DL8*5.71 -> 0 | DO8: =IF((DN8-DN7)<0,"0",(DN8-DN7)) -> 0 | DP8: =DO8*5.71 -> 0 | DR8: =IF((DQ8-DQ7)<0,"0",(DQ8-DQ7)) -> 0 | DS8: =DR8*5.71 -> 0 | DU8: =IF((DT8-DT7)<0,"0",(DT8-DT7)) -> 0 | DV8: =DU8*5.71 -> 0 | DX8: =IF((DW8-DW7)<0,"0",(DW8-DW7)) -> 0 | DY8: =DX8*5.71 -> 0 | EA8: =IF((DZ8-DZ7)<0,"0",(DZ8-DZ7)) -> 0 | EB8: =EA8*5.71 -> 0 | ED8: =IF((EC8-EC7)<0,"0",(EC8-EC7)) -> 0 | EE8: =ED8*5.71 -> 0 | EG8: =(EF8-EF7) -> 0 | EI8: =(EH8-EH7) -> 0 | EK8: =(EJ8-EJ7) -> 0 | EM8: =(EL8-EL7) -> 0
A9: 44779 | C9: =IF((B9-B8)<0,"0",(B9-B8)) -> 0 | E9: =IF((D9-D8)<0,"0",(D9-D8)) -> 0 | F9: =E9/C9 -> #DIV/0! | J9: =IF((I9-I8)<0,"0",(I9-I8)) -> 0 | L9: =IF((K9-K8)<0,"0",(K9-K8)) -> 0 | N9: =IF((M9-M8)<0,"0",(M9-M8)) -> 0 | P9: =IF((O9-O8)<0,"0",(O9-O8)) -> 0 | R9: =IF((Q9-Q8)<0,"0",(Q9-Q8)) -> 0 | T9: =IF((S9-S8)<0,"0",(S9-S8)) -> 0 | V9: =IF((U9-U8)<0,"0",(U9-U8)) -> 0 | X9: =IF((W9-W8)<0,"0",(W9-W8)) -> 0 | Z9: =Y9-Y8 -> 0 | AC9: =AB9*400 -> 0 | AF9: =IF((AE9-AE8)<0,"0",(AE9-AE8)) -> 0 | AH9: =IF((AG9-AG8)<0,"0",(AG9-AG8)) -> 0 | AJ9: =IF((AI9-AI8)<0,"0",(AI9-AI8)) -> 0 | AL9: =IF((AK9-AK8)<0,"0",(AK9-AK8)) -> 0 | AN9: =IF((AM9-AM8)<0,"0",(AM9-AM8)) -> 0 | AP9: =IF((AO9-AO8)<0,"0",(AO9-AO8)) -> 0 | AR9: =IF((AQ9-AQ8)<0,"0",(AQ9-AQ8)) -> 0 | AT9: =IF((AS9-AS8)<0,"0",(AS9-AS8)) -> 0 | AV9: =IF((AU9-AU8)<0,"0",(AU9-AU8)) -> 0 | AX9: =IF((AW9-AW8)<0,"0",(AW9-AW8)) -> 0 | AZ9: =IF((AY9-AY8)<0,"0",(AY9-AY8)) -> 0 | BB9: =IF((BA9-BA8)<0,"0",(BA9-BA8)) -> 0 | BD9: =IF((BC9-BC8)<0,"0",(BC9-BC8)) -> 0 | BF9: =IF((BE9-BE8)<0,"0",(BE9-BE8)) -> 0 | BH9: =IF((BG9-BG8)<0,"0",(BG9-BG8)) -> 0 | BJ9: =IF((BI9-BI8)<0,"0",(BI9-BI8)) -> 0 | BL9: =IF((BK9-BK8)<0,"0",(BK9-BK8)) -> 0 | BN9: =IF((BM9-BM8)<0,"0",(BM9-BM8)) -> 0 | BP9: =IF((BO9-BO8)<0,"0",(BO9-BO8)) -> 0 | BR9: =IF((BQ9-BQ8)<0,"0",(BQ9-BQ8)) -> 0 | BS9: =BH9+BF9+BB9 -> 0 | BT9: =AR9-BS9 -> 0 | BV9: =IF((BU9-BU8)<0,"0",(BU9-BU8)) -> 0 | BX9: =IF((BW9-BW8)<0,"0",(BW9-BW8)) -> 0 | BZ9: =IF((BY9-BY8)<0,"0",(BY9-BY8)) -> 0 | CB9: =IF((CA9-CA8)<0,"0",(CA9-CA8)) -> 0 | CC9: =BZ9-AR9 -> 0 | CD9: =SUM(BV9, BZ9) -> 0 | CE9: =SUM(AV9,AX9,AZ9,BB9,BD9,BF9,BH9,BJ9,BN9) -> 0 | CG9: =(IF(CF9<=116.4,((116.4*116.4*ACOS((116.4-CF9)/116.4))-((116.4-CF9)*SQRT(2*116.4*CF9-CF9*CF9)))*669.8,((3.1416*116.4*116.4)-((116.4*116.4*ACOS((116.4-(2*116.4-CF9))/116.4))-((116.4-(2*116.4-CF9))*SQRT(2*116.4*(2*116.4-CF9)-((2*116.4-CF9)*(2*116.4-CF9))))))*669.8))/1000 -> 0 | CI9: =CG8-CG9+CH9 -> 0 | CK9: =IF((CJ9-CJ8)<0,"0",(CJ9-CJ8)) -> 0 | CL9: =CK9*5.71 -> 0 | CN9: =(CM9*10775)/100 -> 0 | CP9: =(CO9*10775)/100 -> 0 | CR9: =(CQ9*10775)/100 -> 0 | CS9: =CN9+CP9+CR9 -> 0 | CT9: =IF((CS8-CS9+CU8)=CS8,"0",(CS8-CS9+CU8)) -> 0 | CW9: =IF((CV9-CV8)<0,"0",(CV9-CV8)) -> 0 | CX9: =CW9*5.71 -> 0 | CZ9: =IF((CY9-CY8)<0,"0",(CY9-CY8)) -> 0 | DA9: =CZ9*5.71 -> 0 | DC9: =IF((DB9-DB8)<0,"0",(DB9-DB8)) -> 0 | DD9: =DC9*5.71 -> 0 | DF9: =IF((DE9-DE8)<0,"0",(DE9-DE8)) -> 0 | DG9: =DF9*5.71 -> 0 | DI9: =IF((DH9-DH8)<0,"0",(DH9-DH8)) -> 0 | DJ9: =DI9*5.71 -> 0 | DL9: =IF((DK9-DK8)<0,"0",(DK9-DK8)) -> 0 | DM9: =DL9*5.71 -> 0 | DO9: =IF((DN9-DN8)<0,"0",(DN9-DN8)) -> 0 | DP9: =DO9*5.71 -> 0 | DR9: =IF((DQ9-DQ8)<0,"0",(DQ9-DQ8)) -> 0 | DS9: =DR9*5.71 -> 0 | DU9: =IF((DT9-DT8)<0,"0",(DT9-DT8)) -> 0 | DV9: =DU9*5.71 -> 0 | DX9: =IF((DW9-DW8)<0,"0",(DW9-DW8)) -> 0 | DY9: =DX9*5.71 -> 0 | EA9: =IF((DZ9-DZ8)<0,"0",(DZ9-DZ8)) -> 0 | EB9: =EA9*5.71 -> 0 | ED9: =IF((EC9-EC8)<0,"0",(EC9-EC8)) -> 0 | EE9: =ED9*5.71 -> 0 | EG9: =(EF9-EF8) -> 0 | EI9: =(EH9-EH8) -> 0 | EK9: =(EJ9-EJ8) -> 0 | EM9: =(EL9-EL8) -> 0
A10: 44780 | C10: =IF((B10-B9)<0,"0",(B10-B9)) -> 0 | E10: =IF((D10-D9)<0,"0",(D10-D9)) -> 0 | F10: =E10/C10 -> #DIV/0! | J10: =IF((I10-I9)<0,"0",(I10-I9)) -> 0 | L10: =IF((K10-K9)<0,"0",(K10-K9)) -> 0 | N10: =IF((M10-M9)<0,"0",(M10-M9)) -> 0 | P10: =IF((O10-O9)<0,"0",(O10-O9)) -> 0 | R10: =IF((Q10-Q9)<0,"0",(Q10-Q9)) -> 0 | T10: =IF((S10-S9)<0,"0",(S10-S9)) -> 0 | V10: =IF((U10-U9)<0,"0",(U10-U9)) -> 0 | X10: =IF((W10-W9)<0,"0",(W10-W9)) -> 0 | Z10: =Y10-Y9 -> 0 | AC10: =AB10*400 -> 0 | AF10: =IF((AE10-AE9)<0,"0",(AE10-AE9)) -> 0 | AH10: =IF((AG10-AG9)<0,"0",(AG10-AG9)) -> 0 | AJ10: =IF((AI10-AI9)<0,"0",(AI10-AI9)) -> 0 | AL10: =IF((AK10-AK9)<0,"0",(AK10-AK9)) -> 0 | AN10: =IF((AM10-AM9)<0,"0",(AM10-AM9)) -> 0 | AP10: =IF((AO10-AO9)<0,"0",(AO10-AO9)) -> 0 | AR10: =IF((AQ10-AQ9)<0,"0",(AQ10-AQ9)) -> 0 | AT10: =IF((AS10-AS9)<0,"0",(AS10-AS9)) -> 0 | AV10: =IF((AU10-AU9)<0,"0",(AU10-AU9)) -> 0 | AX10: =IF((AW10-AW9)<0,"0",(AW10-AW9)) -> 0 | AZ10: =IF((AY10-AY9)<0,"0",(AY10-AY9)) -> 0 | BB10: =IF((BA10-BA9)<0,"0",(BA10-BA9)) -> 0 | BD10: =IF((BC10-BC9)<0,"0",(BC10-BC9)) -> 0 | BF10: =IF((BE10-BE9)<0,"0",(BE10-BE9)) -> 0 | BH10: =IF((BG10-BG9)<0,"0",(BG10-BG9)) -> 0 | BJ10: =IF((BI10-BI9)<0,"0",(BI10-BI9)) -> 0 | BL10: =IF((BK10-BK9)<0,"0",(BK10-BK9)) -> 0 | BN10: =IF((BM10-BM9)<0,"0",(BM10-BM9)) -> 0 | BP10: =IF((BO10-BO9)<0,"0",(BO10-BO9)) -> 0 | BR10: =IF((BQ10-BQ9)<0,"0",(BQ10-BQ9)) -> 0 | BS10: =BH10+BF10+BB10 -> 0 | BT10: =AR10-BS10 -> 0 | BV10: =IF((BU10-BU9)<0,"0",(BU10-BU9)) -> 0 | BX10: =IF((BW10-BW9)<0,"0",(BW10-BW9)) -> 0 | BZ10: =IF((BY10-BY9)<0,"0",(BY10-BY9)) -> 0 | CB10: =IF((CA10-CA9)<0,"0",(CA10-CA9)) -> 0 | CC10: =BZ10-AR10 -> 0 | CD10: =SUM(BV10, BZ10) -> 0 | CE10: =SUM(AV10,AX10,AZ10,BB10,BD10,BF10,BH10,BJ10,BN10) -> 0 | CG10: =(IF(CF10<=116.4,((116.4*116.4*ACOS((116.4-CF10)/116.4))-((116.4-CF10)*SQRT(2*116.4*CF10-CF10*CF10)))*669.8,((3.1416*116.4*116.4)-((116.4*116.4*ACOS((116.4-(2*116.4-CF10))/116.4))-((116.4-(2*116.4-CF10))*SQRT(2*116.4*(2*116.4-CF10)-((2*116.4-CF10)*(2*116.4-CF10))))))*669.8))/1000 -> 0 | CI10: =CG9-CG10+CH10 -> 0 | CK10: =IF((CJ10-CJ9)<0,"0",(CJ10-CJ9)) -> 0 | CL10: =CK10*5.71 -> 0 | CN10: =(CM10*10775)/100 -> 0 | CP10: =(CO10*10775)/100 -> 0 | CR10: =(CQ10*10775)/100 -> 0 | CS10: =CN10+CP10+CR10 -> 0 | CT10: =IF((CS9-CS10+CU9)=CS9,"0",(CS9-CS10+CU9)) -> 0 | CW10: =IF((CV10-CV9)<0,"0",(CV10-CV9)) -> 0 | CX10: =CW10*5.71 -> 0 | CZ10: =IF((CY10-CY9)<0,"0",(CY10-CY9)) -> 0 | DA10: =CZ10*5.71 -> 0 | DC10: =IF((DB10-DB9)<0,"0",(DB10-DB9)) -> 0 | DD10: =DC10*5.71 -> 0 | DF10: =IF((DE10-DE9)<0,"0",(DE10-DE9)) -> 0 | DG10: =DF10*5.71 -> 0 | DI10: =IF((DH10-DH9)<0,"0",(DH10-DH9)) -> 0 | DJ10: =DI10*5.71 -> 0 | DL10: =IF((DK10-DK9)<0,"0",(DK10-DK9)) -> 0 | DM10: =DL10*5.71 -> 0 | DO10: =IF((DN10-DN9)<0,"0",(DN10-DN9)) -> 0 | DP10: =DO10*5.71 -> 0 | DR10: =IF((DQ10-DQ9)<0,"0",(DQ10-DQ9)) -> 0 | DS10: =DR10*5.71 -> 0 | DU10: =IF((DT10-DT9)<0,"0",(DT10-DT9)) -> 0 | DV10: =DU10*5.71 -> 0 | DX10: =IF((DW10-DW9)<0,"0",(DW10-DW9)) -> 0 | DY10: =DX10*5.71 -> 0 | EA10: =IF((DZ10-DZ9)<0,"0",(DZ10-DZ9)) -> 0 | EB10: =EA10*5.71 -> 0 | ED10: =IF((EC10-EC9)<0,"0",(EC10-EC9)) -> 0 | EE10: =ED10*5.71 -> 0 | EG10: =(EF10-EF9) -> 0 | EI10: =(EH10-EH9) -> 0 | EK10: =(EJ10-EJ9) -> 0 | EM10: =(EL10-EL9) -> 0
A11: 44781 | C11: =IF((B11-B10)<0,"0",(B11-B10)) -> 0 | E11: =IF((D11-D10)<0,"0",(D11-D10)) -> 0 | F11: =E11/C11 -> #DIV/0! | J11: =IF((I11-I10)<0,"0",(I11-I10)) -> 0 | L11: =IF((K11-K10)<0,"0",(K11-K10)) -> 0 | N11: =IF((M11-M10)<0,"0",(M11-M10)) -> 0 | P11: =IF((O11-O10)<0,"0",(O11-O10)) -> 0 | R11: =IF((Q11-Q10)<0,"0",(Q11-Q10)) -> 0 | T11: =IF((S11-S10)<0,"0",(S11-S10)) -> 0 | V11: =IF((U11-U10)<0,"0",(U11-U10)) -> 0 | X11: =IF((W11-W10)<0,"0",(W11-W10)) -> 0 | Z11: =Y11-Y10 -> 0 | AC11: =AB11*400 -> 0 | AF11: =IF((AE11-AE10)<0,"0",(AE11-AE10)) -> 0 | AH11: =IF((AG11-AG10)<0,"0",(AG11-AG10)) -> 0 | AJ11: =IF((AI11-AI10)<0,"0",(AI11-AI10)) -> 0 | AL11: =IF((AK11-AK10)<0,"0",(AK11-AK10)) -> 0 | AN11: =IF((AM11-AM10)<0,"0",(AM11-AM10)) -> 0 | AP11: =IF((AO11-AO10)<0,"0",(AO11-AO10)) -> 0 | AR11: =IF((AQ11-AQ10)<0,"0",(AQ11-AQ10)) -> 0 | AT11: =IF((AS11-AS10)<0,"0",(AS11-AS10)) -> 0 | AV11: =IF((AU11-AU10)<0,"0",(AU11-AU10)) -> 0 | AX11: =IF((AW11-AW10)<0,"0",(AW11-AW10)) -> 0 | AZ11: =IF((AY11-AY10)<0,"0",(AY11-AY10)) -> 0 | BB11: =IF((BA11-BA10)<0,"0",(BA11-BA10)) -> 0 | BD11: =IF((BC11-BC10)<0,"0",(BC11-BC10)) -> 0 | BF11: =IF((BE11-BE10)<0,"0",(BE11-BE10)) -> 0 | BH11: =IF((BG11-BG10)<0,"0",(BG11-BG10)) -> 0 | BJ11: =IF((BI11-BI10)<0,"0",(BI11-BI10)) -> 0 | BL11: =IF((BK11-BK10)<0,"0",(BK11-BK10)) -> 0 | BN11: =IF((BM11-BM10)<0,"0",(BM11-BM10)) -> 0 | BP11: =IF((BO11-BO10)<0,"0",(BO11-BO10)) -> 0 | BR11: =IF((BQ11-BQ10)<0,"0",(BQ11-BQ10)) -> 0 | BS11: =BH11+BF11+BB11 -> 0 | BT11: =AR11-BS11 -> 0 | BV11: =IF((BU11-BU10)<0,"0",(BU11-BU10)) -> 0 | BX11: =IF((BW11-BW10)<0,"0",(BW11-BW10)) -> 0 | BZ11: =IF((BY11-BY10)<0,"0",(BY11-BY10)) -> 0 | CB11: =IF((CA11-CA10)<0,"0",(CA11-CA10)) -> 0 | CC11: =BZ11-AR11 -> 0 | CD11: =SUM(BV11, BZ11) -> 0 | CE11: =SUM(AV11,AX11,AZ11,BB11,BD11,BF11,BH11,BJ11,BN11) -> 0 | CG11: =(IF(CF11<=116.4,((116.4*116.4*ACOS((116.4-CF11)/116.4))-((116.4-CF11)*SQRT(2*116.4*CF11-CF11*CF11)))*669.8,((3.1416*116.4*116.4)-((116.4*116.4*ACOS((116.4-(2*116.4-CF11))/116.4))-((116.4-(2*116.4-CF11))*SQRT(2*116.4*(2*116.4-CF11)-((2*116.4-CF11)*(2*116.4-CF11))))))*669.8))/1000 -> 0 | CI11: =CG10-CG11+CH11 -> 0 | CK11: =IF((CJ11-CJ10)<0,"0",(CJ11-CJ10)) -> 0 | CL11: =CK11*5.71 -> 0 | CN11: =(CM11*10775)/100 -> 0 | CP11: =(CO11*10775)/100 -> 0 | CR11: =(CQ11*10775)/100 -> 0 | CS11: =CN11+CP11+CR11 -> 0 | CT11: =IF((CS10-CS11+CU10)=CS10,"0",(CS10-CS11+CU10)) -> 0 | CW11: =IF((CV11-CV10)<0,"0",(CV11-CV10)) -> 0 | CX11: =CW11*5.71 -> 0 | CZ11: =IF((CY11-CY10)<0,"0",(CY11-CY10)) -> 0 | DA11: =CZ11*5.71 -> 0 | DC11: =IF((DB11-DB10)<0,"0",(DB11-DB10)) -> 0 | DD11: =DC11*5.71 -> 0 | DF11: =IF((DE11-DE10)<0,"0",(DE11-DE10)) -> 0 | DG11: =DF11*5.71 -> 0 | DI11: =IF((DH11-DH10)<0,"0",(DH11-DH10)) -> 0 | DJ11: =DI11*5.71 -> 0 | DL11: =IF((DK11-DK10)<0,"0",(DK11-DK10)) -> 0 | DM11: =DL11*5.71 -> 0 | DO11: =IF((DN11-DN10)<0,"0",(DN11-DN10)) -> 0 | DP11: =DO11*5.71 -> 0 | DR11: =IF((DQ11-DQ10)<0,"0",(DQ11-DQ10)) -> 0 | DS11: =DR11*5.71 -> 0 | DU11: =IF((DT11-DT10)<0,"0",(DT11-DT10)) -> 0 | DV11: =DU11*5.71 -> 0 | DX11: =IF((DW11-DW10)<0,"0",(DW11-DW10)) -> 0 | DY11: =DX11*5.71 -> 0 | EA11: =IF((DZ11-DZ10)<0,"0",(DZ11-DZ10)) -> 0 | EB11: =EA11*5.71 -> 0 | ED11: =IF((EC11-EC10)<0,"0",(EC11-EC10)) -> 0 | EE11: =ED11*5.71 -> 0 | EG11: =(EF11-EF10) -> 0 | EI11: =(EH11-EH10) -> 0 | EK11: =(EJ11-EJ10) -> 0 | EM11: =(EL11-EL10) -> 0
A12: 44782 | C12: =IF((B12-B11)<0,"0",(B12-B11)) -> 0 | E12: =IF((D12-D11)<0,"0",(D12-D11)) -> 0 | F12: =E12/C12 -> #DIV/0! | J12: =IF((I12-I11)<0,"0",(I12-I11)) -> 0 | L12: =IF((K12-K11)<0,"0",(K12-K11)) -> 0 | N12: =IF((M12-M11)<0,"0",(M12-M11)) -> 0 | P12: =IF((O12-O11)<0,"0",(O12-O11)) -> 0 | R12: =IF((Q12-Q11)<0,"0",(Q12-Q11)) -> 0 | T12: =IF((S12-S11)<0,"0",(S12-S11)) -> 0 | V12: =IF((U12-U11)<0,"0",(U12-U11)) -> 0 | X12: =IF((W12-W11)<0,"0",(W12-W11)) -> 0 | Z12: =Y12-Y11 -> 0 | AC12: =AB12*400 -> 0 | AF12: =IF((AE12-AE11)<0,"0",(AE12-AE11)) -> 0 | AH12: =IF((AG12-AG11)<0,"0",(AG12-AG11)) -> 0 | AJ12: =IF((AI12-AI11)<0,"0",(AI12-AI11)) -> 0 | AL12: =IF((AK12-AK11)<0,"0",(AK12-AK11)) -> 0 | AN12: =IF((AM12-AM11)<0,"0",(AM12-AM11)) -> 0 | AP12: =IF((AO12-AO11)<0,"0",(AO12-AO11)) -> 0 | AR12: =IF((AQ12-AQ11)<0,"0",(AQ12-AQ11)) -> 0 | AT12: =IF((AS12-AS11)<0,"0",(AS12-AS11)) -> 0 | AV12: =IF((AU12-AU11)<0,"0",(AU12-AU11)) -> 0 | AX12: =IF((AW12-AW11)<0,"0",(AW12-AW11)) -> 0 | AZ12: =IF((AY12-AY11)<0,"0",(AY12-AY11)) -> 0 | BB12: =IF((BA12-BA11)<0,"0",(BA12-BA11)) -> 0 | BD12: =IF((BC12-BC11)<0,"0",(BC12-BC11)) -> 0 | BF12: =IF((BE12-BE11)<0,"0",(BE12-BE11)) -> 0 | BH12: =IF((BG12-BG11)<0,"0",(BG12-BG11)) -> 0 | BJ12: =IF((BI12-BI11)<0,"0",(BI12-BI11)) -> 0 | BL12: =IF((BK12-BK11)<0,"0",(BK12-BK11)) -> 0 | BN12: =IF((BM12-BM11)<0,"0",(BM12-BM11)) -> 0 | BP12: =IF((BO12-BO11)<0,"0",(BO12-BO11)) -> 0 | BR12: =IF((BQ12-BQ11)<0,"0",(BQ12-BQ11)) -> 0 | BS12: =BH12+BF12+BB12 -> 0 | BT12: =AR12-BS12 -> 0 | BV12: =IF((BU12-BU11)<0,"0",(BU12-BU11)) -> 0 | BX12: =IF((BW12-BW11)<0,"0",(BW12-BW11)) -> 0 | BZ12: =IF((BY12-BY11)<0,"0",(BY12-BY11)) -> 0 | CB12: =IF((CA12-CA11)<0,"0",(CA12-CA11)) -> 0 | CC12: =BZ12-AR12 -> 0 | CD12: =SUM(BV12, BZ12) -> 0 | CE12: =SUM(AV12,AX12,AZ12,BB12,BD12,BF12,BH12,BJ12,BN12) -> 0 | CG12: =(IF(CF12<=116.4,((116.4*116.4*ACOS((116.4-CF12)/116.4))-((116.4-CF12)*SQRT(2*116.4*CF12-CF12*CF12)))*669.8,((3.1416*116.4*116.4)-((116.4*116.4*ACOS((116.4-(2*116.4-CF12))/116.4))-((116.4-(2*116.4-CF12))*SQRT(2*116.4*(2*116.4-CF12)-((2*116.4-CF12)*(2*116.4-CF12))))))*669.8))/1000 -> 0 | CI12: =CG11-CG12+CH12 -> 0 | CK12: =IF((CJ12-CJ11)<0,"0",(CJ12-CJ11)) -> 0 | CL12: =CK12*5.71 -> 0 | CN12: =(CM12*10775)/100 -> 0 | CP12: =(CO12*10775)/100 -> 0 | CR12: =(CQ12*10775)/100 -> 0 | CS12: =CN12+CP12+CR12 -> 0 | CT12: =IF((CS11-CS12+CU11)=CS11,"0",(CS11-CS12+CU11)) -> 0 | CW12: =IF((CV12-CV11)<0,"0",(CV12-CV11)) -> 0 | CX12: =CW12*5.71 -> 0 | CZ12: =IF((CY12-CY11)<0,"0",(CY12-CY11)) -> 0 | DA12: =CZ12*5.71 -> 0 | DC12: =IF((DB12-DB11)<0,"0",(DB12-DB11)) -> 0 | DD12: =DC12*5.71 -> 0 | DF12: =IF((DE12-DE11)<0,"0",(DE12-DE11)) -> 0 | DG12: =DF12*5.71 -> 0 | DI12: =IF((DH12-DH11)<0,"0",(DH12-DH11)) -> 0 | DJ12: =DI12*5.71 -> 0 | DL12: =IF((DK12-DK11)<0,"0",(DK12-DK11)) -> 0 | DM12: =DL12*5.71 -> 0 | DO12: =IF((DN12-DN11)<0,"0",(DN12-DN11)) -> 0 | DP12: =DO12*5.71 -> 0 | DR12: =IF((DQ12-DQ11)<0,"0",(DQ12-DQ11)) -> 0 | DS12: =DR12*5.71 -> 0 | DU12: =IF((DT12-DT11)<0,"0",(DT12-DT11)) -> 0 | DV12: =DU12*5.71 -> 0 | DX12: =IF((DW12-DW11)<0,"0",(DW12-DW11)) -> 0 | DY12: =DX12*5.71 -> 0 | EA12: =IF((DZ12-DZ11)<0,"0",(DZ12-DZ11)) -> 0 | EB12: =EA12*5.71 -> 0 | ED12: =IF((EC12-EC11)<0,"0",(EC12-EC11)) -> 0 | EE12: =ED12*5.71 -> 0 | EG12: =(EF12-EF11) -> 0 | EI12: =(EH12-EH11) -> 0 | EK12: =(EJ12-EJ11) -> 0 | EM12: =(EL12-EL11) -> 0
A13: 44783 | C13: =IF((B13-B12)<0,"0",(B13-B12)) -> 0 | E13: =IF((D13-D12)<0,"0",(D13-D12)) -> 0 | F13: =E13/C13 -> #DIV/0! | J13: =IF((I13-I12)<0,"0",(I13-I12)) -> 0 | L13: =IF((K13-K12)<0,"0",(K13-K12)) -> 0 | N13: =IF((M13-M12)<0,"0",(M13-M12)) -> 0 | P13: =IF((O13-O12)<0,"0",(O13-O12)) -> 0 | R13: =IF((Q13-Q12)<0,"0",(Q13-Q12)) -> 0 | T13: =IF((S13-S12)<0,"0",(S13-S12)) -> 0 | V13: =IF((U13-U12)<0,"0",(U13-U12)) -> 0 | X13: =IF((W13-W12)<0,"0",(W13-W12)) -> 0 | Z13: =Y13-Y12 -> 0 | AC13: =AB13*400 -> 0 | AF13: =IF((AE13-AE12)<0,"0",(AE13-AE12)) -> 0 | AH13: =IF((AG13-AG12)<0,"0",(AG13-AG12)) -> 0 | AJ13: =IF((AI13-AI12)<0,"0",(AI13-AI12)) -> 0 | AL13: =IF((AK13-AK12)<0,"0",(AK13-AK12)) -> 0 | AN13: =IF((AM13-AM12)<0,"0",(AM13-AM12)) -> 0 | AP13: =IF((AO13-AO12)<0,"0",(AO13-AO12)) -> 0 | AR13: =IF((AQ13-AQ12)<0,"0",(AQ13-AQ12)) -> 0 | AT13: =IF((AS13-AS12)<0,"0",(AS13-AS12)) -> 0 | AV13: =IF((AU13-AU12)<0,"0",(AU13-AU12)) -> 0 | AX13: =IF((AW13-AW12)<0,"0",(AW13-AW12)) -> 0 | AZ13: =IF((AY13-AY12)<0,"0",(AY13-AY12)) -> 0 | BB13: =IF((BA13-BA12)<0,"0",(BA13-BA12)) -> 0 | BD13: =IF((BC13-BC12)<0,"0",(BC13-BC12)) -> 0 | BF13: =IF((BE13-BE12)<0,"0",(BE13-BE12)) -> 0 | BH13: =IF((BG13-BG12)<0,"0",(BG13-BG12)) -> 0 | BJ13: =IF((BI13-BI12)<0,"0",(BI13-BI12)) -> 0 | BL13: =IF((BK13-BK12)<0,"0",(BK13-BK12)) -> 0 | BN13: =IF((BM13-BM12)<0,"0",(BM13-BM12)) -> 0 | BP13: =IF((BO13-BO12)<0,"0",(BO13-BO12)) -> 0 | BR13: =IF((BQ13-BQ12)<0,"0",(BQ13-BQ12)) -> 0 | BS13: =BH13+BF13+BB13 -> 0 | BT13: =AR13-BS13 -> 0 | BV13: =IF((BU13-BU12)<0,"0",(BU13-BU12)) -> 0 | BX13: =IF((BW13-BW12)<0,"0",(BW13-BW12)) -> 0 | BZ13: =IF((BY13-BY12)<0,"0",(BY13-BY12)) -> 0 | CB13: =IF((CA13-CA12)<0,"0",(CA13-CA12)) -> 0 | CC13: =BZ13-AR13 -> 0 | CD13: =SUM(BV13, BZ13) -> 0 | CE13: =SUM(AV13,AX13,AZ13,BB13,BD13,BF13,BH13,BJ13,BN13) -> 0 | CG13: =(IF(CF13<=116.4,((116.4*116.4*ACOS((116.4-CF13)/116.4))-((116.4-CF13)*SQRT(2*116.4*CF13-CF13*CF13)))*669.8,((3.1416*116.4*116.4)-((116.4*116.4*ACOS((116.4-(2*116.4-CF13))/116.4))-((116.4-(2*116.4-CF13))*SQRT(2*116.4*(2*116.4-CF13)-((2*116.4-CF13)*(2*116.4-CF13))))))*669.8))/1000 -> 0 | CI13: =CG12-CG13+CH13 -> 0 | CK13: =IF((CJ13-CJ12)<0,"0",(CJ13-CJ12)) -> 0 | CL13: =CK13*5.71 -> 0 | CN13: =(CM13*10775)/100 -> 0 | CP13: =(CO13*10775)/100 -> 0 | CR13: =(CQ13*10775)/100 -> 0 | CS13: =CN13+CP13+CR13 -> 0 | CT13: =IF((CS12-CS13+CU12)=CS12,"0",(CS12-CS13+CU12)) -> 0 | CW13: =IF((CV13-CV12)<0,"0",(CV13-CV12)) -> 0 | CX13: =CW13*5.71 -> 0 | CZ13: =IF((CY13-CY12)<0,"0",(CY13-CY12)) -> 0 | DA13: =CZ13*5.71 -> 0 | DC13: =IF((DB13-DB12)<0,"0",(DB13-DB12)) -> 0 | DD13: =DC13*5.71 -> 0 | DF13: =IF((DE13-DE12)<0,"0",(DE13-DE12)) -> 0 | DG13: =DF13*5.71 -> 0 | DI13: =IF((DH13-DH12)<0,"0",(DH13-DH12)) -> 0 | DJ13: =DI13*5.71 -> 0 | DL13: =IF((DK13-DK12)<0,"0",(DK13-DK12)) -> 0 | DM13: =DL13*5.71 -> 0 | DO13: =IF((DN13-DN12)<0,"0",(DN13-DN12)) -> 0 | DP13: =DO13*5.71 -> 0 | DR13: =IF((DQ13-DQ12)<0,"0",(DQ13-DQ12)) -> 0 | DS13: =DR13*5.71 -> 0 | DU13: =IF((DT13-DT12)<0,"0",(DT13-DT12)) -> 0 | DV13: =DU13*5.71 -> 0 | DX13: =IF((DW13-DW12)<0,"0",(DW13-DW12)) -> 0 | DY13: =DX13*5.71 -> 0 | EA13: =IF((DZ13-DZ12)<0,"0",(DZ13-DZ12)) -> 0 | EB13: =EA13*5.71 -> 0 | ED13: =IF((EC13-EC12)<0,"0",(EC13-EC12)) -> 0 | EE13: =ED13*5.71 -> 0 | EG13: =(EF13-EF12) -> 0 | EI13: =(EH13-EH12) -> 0 | EK13: =(EJ13-EJ12) -> 0 | EM13: =(EL13-EL12) -> 0
A14: 44784 | C14: =IF((B14-B13)<0,"0",(B14-B13)) -> 0 | E14: =IF((D14-D13)<0,"0",(D14-D13)) -> 0 | F14: =E14/C14 -> #DIV/0! | J14: =IF((I14-I13)<0,"0",(I14-I13)) -> 0 | L14: =IF((K14-K13)<0,"0",(K14-K13)) -> 0 | N14: =IF((M14-M13)<0,"0",(M14-M13)) -> 0 | P14: =IF((O14-O13)<0,"0",(O14-O13)) -> 0 | R14: =IF((Q14-Q13)<0,"0",(Q14-Q13)) -> 0 | T14: =IF((S14-S13)<0,"0",(S14-S13)) -> 0 | V14: =IF((U14-U13)<0,"0",(U14-U13)) -> 0 | X14: =IF((W14-W13)<0,"0",(W14-W13)) -> 0 | Z14: =Y14-Y13 -> 0 | AC14: =AB14*400 -> 0 | AF14: =IF((AE14-AE13)<0,"0",(AE14-AE13)) -> 0 | AH14: =IF((AG14-AG13)<0,"0",(AG14-AG13)) -> 0 | AJ14: =IF((AI14-AI13)<0,"0",(AI14-AI13)) -> 0 | AL14: =IF((AK14-AK13)<0,"0",(AK14-AK13)) -> 0 | AN14: =IF((AM14-AM13)<0,"0",(AM14-AM13)) -> 0 | AP14: =IF((AO14-AO13)<0,"0",(AO14-AO13)) -> 0 | AR14: =IF((AQ14-AQ13)<0,"0",(AQ14-AQ13)) -> 0 | AT14: =IF((AS14-AS13)<0,"0",(AS14-AS13)) -> 0 | AV14: =IF((AU14-AU13)<0,"0",(AU14-AU13)) -> 0 | AX14: =IF((AW14-AW13)<0,"0",(AW14-AW13)) -> 0 | AZ14: =IF((AY14-AY13)<0,"0",(AY14-AY13)) -> 0 | BB14: =IF((BA14-BA13)<0,"0",(BA14-BA13)) -> 0 | BD14: =IF((BC14-BC13)<0,"0",(BC14-BC13)) -> 0 | BF14: =IF((BE14-BE13)<0,"0",(BE14-BE13)) -> 0 | BH14: =IF((BG14-BG13)<0,"0",(BG14-BG13)) -> 0 | BJ14: =IF((BI14-BI13)<0,"0",(BI14-BI13)) -> 0 | BL14: =IF((BK14-BK13)<0,"0",(BK14-BK13)) -> 0 | BN14: =IF((BM14-BM13)<0,"0",(BM14-BM13)) -> 0 | BP14: =IF((BO14-BO13)<0,"0",(BO14-BO13)) -> 0 | BR14: =IF((BQ14-BQ13)<0,"0",(BQ14-BQ13)) -> 0 | BS14: =BH14+BF14+BB14 -> 0 | BT14: =AR14-BS14 -> 0 | BV14: =IF((BU14-BU13)<0,"0",(BU14-BU13)) -> 0 | BX14: =IF((BW14-BW13)<0,"0",(BW14-BW13)) -> 0 | BZ14: =IF((BY14-BY13)<0,"0",(BY14-BY13)) -> 0 | CB14: =IF((CA14-CA13)<0,"0",(CA14-CA13)) -> 0 | CC14: =BZ14-AR14 -> 0 | CD14: =SUM(BV14, BZ14) -> 0 | CE14: =SUM(AV14,AX14,AZ14,BB14,BD14,BF14,BH14,BJ14,BN14) -> 0 | CG14: =(IF(CF14<=116.4,((116.4*116.4*ACOS((116.4-CF14)/116.4))-((116.4-CF14)*SQRT(2*116.4*CF14-CF14*CF14)))*669.8,((3.1416*116.4*116.4)-((116.4*116.4*ACOS((116.4-(2*116.4-CF14))/116.4))-((116.4-(2*116.4-CF14))*SQRT(2*116.4*(2*116.4-CF14)-((2*116.4-CF14)*(2*116.4-CF14))))))*669.8))/1000 -> 0 | CI14: =CG13-CG14+CH14 -> 0 | CK14: =IF((CJ14-CJ13)<0,"0",(CJ14-CJ13)) -> 0 | CL14: =CK14*5.71 -> 0 | CN14: =(CM14*10775)/100 -> 0 | CP14: =(CO14*10775)/100 -> 0 | CR14: =(CQ14*10775)/100 -> 0 | CS14: =CN14+CP14+CR14 -> 0 | CT14: =IF((CS13-CS14+CU13)=CS13,"0",(CS13-CS14+CU13)) -> 0 | CW14: =IF((CV14-CV13)<0,"0",(CV14-CV13)) -> 0 | CX14: =CW14*5.71 -> 0 | CZ14: =IF((CY14-CY13)<0,"0",(CY14-CY13)) -> 0 | DA14: =CZ14*5.71 -> 0 | DC14: =IF((DB14-DB13)<0,"0",(DB14-DB13)) -> 0 | DD14: =DC14*5.71 -> 0 | DF14: =IF((DE14-DE13)<0,"0",(DE14-DE13)) -> 0 | DG14: =DF14*5.71 -> 0 | DI14: =IF((DH14-DH13)<0,"0",(DH14-DH13)) -> 0 | DJ14: =DI14*5.71 -> 0 | DL14: =IF((DK14-DK13)<0,"0",(DK14-DK13)) -> 0 | DM14: =DL14*5.71 -> 0 | DO14: =IF((DN14-DN13)<0,"0",(DN14-DN13)) -> 0 | DP14: =DO14*5.71 -> 0 | DR14: =IF((DQ14-DQ13)<0,"0",(DQ14-DQ13)) -> 0 | DS14: =DR14*5.71 -> 0 | DU14: =IF((DT14-DT13)<0,"0",(DT14-DT13)) -> 0 | DV14: =DU14*5.71 -> 0 | DX14: =IF((DW14-DW13)<0,"0",(DW14-DW13)) -> 0 | DY14: =DX14*5.71 -> 0 | EA14: =IF((DZ14-DZ13)<0,"0",(DZ14-DZ13)) -> 0 | EB14: =EA14*5.71 -> 0 | ED14: =IF((EC14-EC13)<0,"0",(EC14-EC13)) -> 0 | EE14: =ED14*5.71 -> 0
A15: 44785 | C15: =IF((B15-B14)<0,"0",(B15-B14)) -> 0 | E15: =IF((D15-D14)<0,"0",(D15-D14)) -> 0 | F15: =E15/C15 -> #DIV/0! | J15: =IF((I15-I14)<0,"0",(I15-I14)) -> 0 | L15: =IF((K15-K14)<0,"0",(K15-K14)) -> 0 | N15: =IF((M15-M14)<0,"0",(M15-M14)) -> 0 | P15: =IF((O15-O14)<0,"0",(O15-O14)) -> 0 | R15: =IF((Q15-Q14)<0,"0",(Q15-Q14)) -> 0 | T15: =IF((S15-S14)<0,"0",(S15-S14)) -> 0 | V15: =IF((U15-U14)<0,"0",(U15-U14)) -> 0 | X15: =IF((W15-W14)<0,"0",(W15-W14)) -> 0 | Z15: =Y15-Y14 -> 0 | AC15: =AB15*400 -> 0 | AF15: =IF((AE15-AE14)<0,"0",(AE15-AE14)) -> 0 | AH15: =IF((AG15-AG14)<0,"0",(AG15-AG14)) -> 0 | AJ15: =IF((AI15-AI14)<0,"0",(AI15-AI14)) -> 0 | AL15: =IF((AK15-AK14)<0,"0",(AK15-AK14)) -> 0 | AN15: =IF((AM15-AM14)<0,"0",(AM15-AM14)) -> 0 | AP15: =IF((AO15-AO14)<0,"0",(AO15-AO14)) -> 0 | AR15: =IF((AQ15-AQ14)<0,"0",(AQ15-AQ14)) -> 0 | AT15: =IF((AS15-AS14)<0,"0",(AS15-AS14)) -> 0 | AV15: =IF((AU15-AU14)<0,"0",(AU15-AU14)) -> 0 | AX15: =IF((AW15-AW14)<0,"0",(AW15-AW14)) -> 0 | AZ15: =IF((AY15-AY14)<0,"0",(AY15-AY14)) -> 0 | BB15: =IF((BA15-BA14)<0,"0",(BA15-BA14)) -> 0 | BD15: =IF((BC15-BC14)<0,"0",(BC15-BC14)) -> 0 | BF15: =IF((BE15-BE14)<0,"0",(BE15-BE14)) -> 0 | BH15: =IF((BG15-BG14)<0,"0",(BG15-BG14)) -> 0 | BJ15: =IF((BI15-BI14)<0,"0",(BI15-BI14)) -> 0 | BL15: =IF((BK15-BK14)<0,"0",(BK15-BK14)) -> 0 | BN15: =IF((BM15-BM14)<0,"0",(BM15-BM14)) -> 0 | BP15: =IF((BO15-BO14)<0,"0",(BO15-BO14)) -> 0 | BR15: =IF((BQ15-BQ14)<0,"0",(BQ15-BQ14)) -> 0 | BS15: =BH15+BF15+BB15 -> 0 | BT15: =AR15-BS15 -> 0 | BV15: =IF((BU15-BU14)<0,"0",(BU15-BU14)) -> 0 | BX15: =IF((BW15-BW14)<0,"0",(BW15-BW14)) -> 0 | BZ15: =IF((BY15-BY14)<0,"0",(BY15-BY14)) -> 0 | CB15: =IF((CA15-CA14)<0,"0",(CA15-CA14)) -> 0 | CC15: =BZ15-AR15 -> 0 | CD15: =SUM(BV15, BZ15) -> 0 | CE15: =SUM(AV15,AX15,AZ15,BB15,BD15,BF15,BH15,BJ15,BN15) -> 0 | CG15: =(IF(CF15<=116.4,((116.4*116.4*ACOS((116.4-CF15)/116.4))-((116.4-CF15)*SQRT(2*116.4*CF15-CF15*CF15)))*669.8,((3.1416*116.4*116.4)-((116.4*116.4*ACOS((116.4-(2*116.4-CF15))/116.4))-((116.4-(2*116.4-CF15))*SQRT(2*116.4*(2*116.4-CF15)-((2*116.4-CF15)*(2*116.4-CF15))))))*669.8))/1000 -> 0 | CI15: =CG14-CG15+CH15 -> 0 | CK15: =IF((CJ15-CJ14)<0,"0",(CJ15-CJ14)) -> 0 | CL15: =CK15*5.71 -> 0 | CN15: =(CM15*10775)/100 -> 0 | CP15: =(CO15*10775)/100 -> 0 | CR15: =(CQ15*10775)/100 -> 0 | CS15: =CN15+CP15+CR15 -> 0 | CT15: =IF((CS14-CS15+CU14)=CS14,"0",(CS14-CS15+CU14)) -> 0 | CW15: =IF((CV15-CV14)<0,"0",(CV15-CV14)) -> 0 | CX15: =CW15*5.71 -> 0 | CZ15: =IF((CY15-CY14)<0,"0",(CY15-CY14)) -> 0 | DA15: =CZ15*5.71 -> 0 | DC15: =IF((DB15-DB14)<0,"0",(DB15-DB14)) -> 0 | DD15: =DC15*5.71 -> 0 | DF15: =IF((DE15-DE14)<0,"0",(DE15-DE14)) -> 0 | DG15: =DF15*5.71 -> 0 | DI15: =IF((DH15-DH14)<0,"0",(DH15-DH14)) -> 0 | DJ15: =DI15*5.71 -> 0 | DL15: =IF((DK15-DK14)<0,"0",(DK15-DK14)) -> 0 | DM15: =DL15*5.71 -> 0 | DO15: =IF((DN15-DN14)<0,"0",(DN15-DN14)) -> 0 | DP15: =DO15*5.71 -> 0 | DR15: =IF((DQ15-DQ14)<0,"0",(DQ15-DQ14)) -> 0 | DS15: =DR15*5.71 -> 0 | DU15: =IF((DT15-DT14)<0,"0",(DT15-DT14)) -> 0 | DV15: =DU15*5.71 -> 0 | DX15: =IF((DW15-DW14)<0,"0",(DW15-DW14)) -> 0 | DY15: =DX15*5.71 -> 0 | EA15: =IF((DZ15-DZ14)<0,"0",(DZ15-DZ14)) -> 0 | EB15: =EA15*5.71 -> 0 | ED15: =IF((EC15-EC14)<0,"0",(EC15-EC14)) -> 0 | EE15: =ED15*5.71 -> 0 | EG15: =(EF15-EF14) -> 0 | EI15: =(EH15-EH14) -> 0 | EK15: =(EJ15-EJ14) -> 0 | EM15: =(EL15-EL14) -> 0
A16: 44786 | C16: =IF((B16-B15)<0,"0",(B16-B15)) -> 0 | E16: =IF((D16-D15)<0,"0",(D16-D15)) -> 0 | F16: =E16/C16 -> #DIV/0! | J16: =IF((I16-I15)<0,"0",(I16-I15)) -> 0 | L16: =IF((K16-K15)<0,"0",(K16-K15)) -> 0 | N16: =IF((M16-M15)<0,"0",(M16-M15)) -> 0 | P16: =IF((O16-O15)<0,"0",(O16-O15)) -> 0 | R16: =IF((Q16-Q15)<0,"0",(Q16-Q15)) -> 0 | T16: =IF((S16-S15)<0,"0",(S16-S15)) -> 0 | V16: =IF((U16-U15)<0,"0",(U16-U15)) -> 0 | X16: =IF((W16-W15)<0,"0",(W16-W15)) -> 0 | Z16: =Y16-Y15 -> 0 | AC16: =AB16*400 -> 0 | AF16: =IF((AE16-AE15)<0,"0",(AE16-AE15)) -> 0 | AH16: =IF((AG16-AG15)<0,"0",(AG16-AG15)) -> 0 | AJ16: =IF((AI16-AI15)<0,"0",(AI16-AI15)) -> 0 | AL16: =IF((AK16-AK15)<0,"0",(AK16-AK15)) -> 0 | AN16: =IF((AM16-AM15)<0,"0",(AM16-AM15)) -> 0 | AP16: =IF((AO16-AO15)<0,"0",(AO16-AO15)) -> 0 | AR16: =IF((AQ16-AQ15)<0,"0",(AQ16-AQ15)) -> 0 | AT16: =IF((AS16-AS15)<0,"0",(AS16-AS15)) -> 0 | AV16: =IF((AU16-AU15)<0,"0",(AU16-AU15)) -> 0 | AX16: =IF((AW16-AW15)<0,"0",(AW16-AW15)) -> 0 | AZ16: =IF((AY16-AY15)<0,"0",(AY16-AY15)) -> 0 | BB16: =IF((BA16-BA15)<0,"0",(BA16-BA15)) -> 0 | BD16: =IF((BC16-BC15)<0,"0",(BC16-BC15)) -> 0 | BF16: =IF((BE16-BE15)<0,"0",(BE16-BE15)) -> 0 | BH16: =IF((BG16-BG15)<0,"0",(BG16-BG15)) -> 0 | BJ16: =IF((BI16-BI15)<0,"0",(BI16-BI15)) -> 0 | BL16: =IF((BK16-BK15)<0,"0",(BK16-BK15)) -> 0 | BN16: =IF((BM16-BM15)<0,"0",(BM16-BM15)) -> 0 | BP16: =IF((BO16-BO15)<0,"0",(BO16-BO15)) -> 0 | BR16: =IF((BQ16-BQ15)<0,"0",(BQ16-BQ15)) -> 0 | BS16: =BH16+BF16+BB16 -> 0 | BT16: =AR16-BS16 -> 0 | BV16: =IF((BU16-BU15)<0,"0",(BU16-BU15)) -> 0 | BX16: =IF((BW16-BW15)<0,"0",(BW16-BW15)) -> 0 | BZ16: =IF((BY16-BY15)<0,"0",(BY16-BY15)) -> 0 | CB16: =IF((CA16-CA15)<0,"0",(CA16-CA15)) -> 0 | CC16: =BZ16-AR16 -> 0 | CD16: =SUM(BV16, BZ16) -> 0 | CE16: =SUM(AV16,AX16,AZ16,BB16,BD16,BF16,BH16,BJ16,BN16) -> 0 | CG16: =(IF(CF16<=116.4,((116.4*116.4*ACOS((116.4-CF16)/116.4))-((116.4-CF16)*SQRT(2*116.4*CF16-CF16*CF16)))*669.8,((3.1416*116.4*116.4)-((116.4*116.4*ACOS((116.4-(2*116.4-CF16))/116.4))-((116.4-(2*116.4-CF16))*SQRT(2*116.4*(2*116.4-CF16)-((2*116.4-CF16)*(2*116.4-CF16))))))*669.8))/1000 -> 0 | CI16: =CG15-CG16+CH16 -> 0 | CK16: =IF((CJ16-CJ15)<0,"0",(CJ16-CJ15)) -> 0 | CL16: =CK16*5.71 -> 0 | CN16: =(CM16*10775)/100 -> 0 | CP16: =(CO16*10775)/100 -> 0 | CR16: =(CQ16*10775)/100 -> 0 | CS16: =CN16+CP16+CR16 -> 0 | CT16: =IF((CS15-CS16+CU15)=CS15,"0",(CS15-CS16+CU15)) -> 0 | CW16: =IF((CV16-CV15)<0,"0",(CV16-CV15)) -> 0 | CX16: =CW16*5.71 -> 0 | CZ16: =IF((CY16-CY15)<0,"0",(CY16-CY15)) -> 0 | DA16: =CZ16*5.71 -> 0 | DC16: =IF((DB16-DB15)<0,"0",(DB16-DB15)) -> 0 | DD16: =DC16*5.71 -> 0 | DF16: =IF((DE16-DE15)<0,"0",(DE16-DE15)) -> 0 | DG16: =DF16*5.71 -> 0 | DI16: =IF((DH16-DH15)<0,"0",(DH16-DH15)) -> 0 | DJ16: =DI16*5.71 -> 0 | DL16: =IF((DK16-DK15)<0,"0",(DK16-DK15)) -> 0 | DM16: =DL16*5.71 -> 0 | DO16: =IF((DN16-DN15)<0,"0",(DN16-DN15)) -> 0 | DP16: =DO16*5.71 -> 0 | DR16: =IF((DQ16-DQ15)<0,"0",(DQ16-DQ15)) -> 0 | DS16: =DR16*5.71 -> 0 | DU16: =IF((DT16-DT15)<0,"0",(DT16-DT15)) -> 0 | DV16: =DU16*5.71 -> 0 | DX16: =IF((DW16-DW15)<0,"0",(DW16-DW15)) -> 0 | DY16: =DX16*5.71 -> 0 | EA16: =IF((DZ16-DZ15)<0,"0",(DZ16-DZ15)) -> 0 | EB16: =EA16*5.71 -> 0 | ED16: =IF((EC16-EC15)<0,"0",(EC16-EC15)) -> 0 | EE16: =ED16*5.71 -> 0 | EG16: =(EF16-EF15) -> 0 | EI16: =(EH16-EH15) -> 0 | EK16: =(EJ16-EJ15) -> 0 | EM16: =(EL16-EL15) -> 0
A17: 44787 | C17: =IF((B17-B16)<0,"0",(B17-B16)) -> 0 | E17: =IF((D17-D16)<0,"0",(D17-D16)) -> 0 | F17: =E17/C17 -> #DIV/0! | J17: =IF((I17-I16)<0,"0",(I17-I16)) -> 0 | L17: =IF((K17-K16)<0,"0",(K17-K16)) -> 0 | N17: =IF((M17-M16)<0,"0",(M17-M16)) -> 0 | P17: =IF((O17-O16)<0,"0",(O17-O16)) -> 0 | R17: =IF((Q17-Q16)<0,"0",(Q17-Q16)) -> 0 | T17: =IF((S17-S16)<0,"0",(S17-S16)) -> 0 | V17: =IF((U17-U16)<0,"0",(U17-U16)) -> 0 | X17: =IF((W17-W16)<0,"0",(W17-W16)) -> 0 | Z17: =Y17-Y16 -> 0 | AC17: =AB17*400 -> 0 | AF17: =IF((AE17-AE16)<0,"0",(AE17-AE16)) -> 0 | AH17: =IF((AG17-AG16)<0,"0",(AG17-AG16)) -> 0 | AJ17: =IF((AI17-AI16)<0,"0",(AI17-AI16)) -> 0 | AL17: =IF((AK17-AK16)<0,"0",(AK17-AK16)) -> 0 | AN17: =IF((AM17-AM16)<0,"0",(AM17-AM16)) -> 0 | AP17: =IF((AO17-AO16)<0,"0",(AO17-AO16)) -> 0 | AR17: =IF((AQ17-AQ16)<0,"0",(AQ17-AQ16)) -> 0 | AT17: =IF((AS17-AS16)<0,"0",(AS17-AS16)) -> 0 | AV17: =IF((AU17-AU16)<0,"0",(AU17-AU16)) -> 0 | AX17: =IF((AW17-AW16)<0,"0",(AW17-AW16)) -> 0 | AZ17: =IF((AY17-AY16)<0,"0",(AY17-AY16)) -> 0 | BB17: =IF((BA17-BA16)<0,"0",(BA17-BA16)) -> 0 | BD17: =IF((BC17-BC16)<0,"0",(BC17-BC16)) -> 0 | BF17: =IF((BE17-BE16)<0,"0",(BE17-BE16)) -> 0 | BH17: =IF((BG17-BG16)<0,"0",(BG17-BG16)) -> 0 | BJ17: =IF((BI17-BI16)<0,"0",(BI17-BI16)) -> 0 | BL17: =IF((BK17-BK16)<0,"0",(BK17-BK16)) -> 0 | BN17: =IF((BM17-BM16)<0,"0",(BM17-BM16)) -> 0 | BP17: =IF((BO17-BO16)<0,"0",(BO17-BO16)) -> 0 | BR17: =IF((BQ17-BQ16)<0,"0",(BQ17-BQ16)) -> 0 | BS17: =BH17+BF17+BB17 -> 0 | BT17: =AR17-BS17 -> 0 | BV17: =IF((BU17-BU16)<0,"0",(BU17-BU16)) -> 0 | BX17: =IF((BW17-BW16)<0,"0",(BW17-BW16)) -> 0 | BZ17: =IF((BY17-BY16)<0,"0",(BY17-BY16)) -> 0 | CB17: =IF((CA17-CA16)<0,"0",(CA17-CA16)) -> 0 | CC17: =BZ17-AR17 -> 0 | CD17: =SUM(BV17, BZ17) -> 0 | CE17: =SUM(AV17,AX17,AZ17,BB17,BD17,BF17,BH17,BJ17,BN17) -> 0 | CG17: =(IF(CF17<=116.4,((116.4*116.4*ACOS((116.4-CF17)/116.4))-((116.4-CF17)*SQRT(2*116.4*CF17-CF17*CF17)))*669.8,((3.1416*116.4*116.4)-((116.4*116.4*ACOS((116.4-(2*116.4-CF17))/116.4))-((116.4-(2*116.4-CF17))*SQRT(2*116.4*(2*116.4-CF17)-((2*116.4-CF17)*(2*116.4-CF17))))))*669.8))/1000 -> 0 | CI17: =CG16-CG17+CH17 -> 0 | CK17: =IF((CJ17-CJ16)<0,"0",(CJ17-CJ16)) -> 0 | CL17: =CK17*5.71 -> 0 | CN17: =(CM17*10775)/100 -> 0 | CP17: =(CO17*10775)/100 -> 0 | CR17: =(CQ17*10775)/100 -> 0 | CS17: =CN17+CP17+CR17 -> 0 | CT17: =IF((CS16-CS17+CU16)=CS16,"0",(CS16-CS17+CU16)) -> 0 | CW17: =IF((CV17-CV16)<0,"0",(CV17-CV16)) -> 0 | CX17: =CW17*5.71 -> 0 | CZ17: =IF((CY17-CY16)<0,"0",(CY17-CY16)) -> 0 | DA17: =CZ17*5.71 -> 0 | DC17: =IF((DB17-DB16)<0,"0",(DB17-DB16)) -> 0 | DD17: =DC17*5.71 -> 0 | DF17: =IF((DE17-DE16)<0,"0",(DE17-DE16)) -> 0 | DG17: =DF17*5.71 -> 0 | DI17: =IF((DH17-DH16)<0,"0",(DH17-DH16)) -> 0 | DJ17: =DI17*5.71 -> 0 | DL17: =IF((DK17-DK16)<0,"0",(DK17-DK16)) -> 0 | DM17: =DL17*5.71 -> 0 | DO17: =IF((DN17-DN16)<0,"0",(DN17-DN16)) -> 0 | DP17: =DO17*5.71 -> 0 | DR17: =IF((DQ17-DQ16)<0,"0",(DQ17-DQ16)) -> 0 | DS17: =DR17*5.71 -> 0 | DU17: =IF((DT17-DT16)<0,"0",(DT17-DT16)) -> 0 | DV17: =DU17*5.71 -> 0 | DX17: =IF((DW17-DW16)<0,"0",(DW17-DW16)) -> 0 | DY17: =DX17*5.71 -> 0 | EA17: =IF((DZ17-DZ16)<0,"0",(DZ17-DZ16)) -> 0 | EB17: =EA17*5.71 -> 0 | ED17: =IF((EC17-EC16)<0,"0",(EC17-EC16)) -> 0 | EE17: =ED17*5.71 -> 0 | EG17: =(EF17-EF16) -> 0 | EI17: =(EH17-EH16) -> 0 | EK17: =(EJ17-EJ16) -> 0 | EM17: =(EL17-EL16) -> 0
A18: 44788 | C18: =IF((B18-B17)<0,"0",(B18-B17)) -> 0 | E18: =IF((D18-D17)<0,"0",(D18-D17)) -> 0 | F18: =E18/C18 -> #DIV/0! | J18: =IF((I18-I17)<0,"0",(I18-I17)) -> 0 | L18: =IF((K18-K17)<0,"0",(K18-K17)) -> 0 | N18: =IF((M18-M17)<0,"0",(M18-M17)) -> 0 | P18: =IF((O18-O17)<0,"0",(O18-O17)) -> 0 | R18: =IF((Q18-Q17)<0,"0",(Q18-Q17)) -> 0 | T18: =IF((S18-S17)<0,"0",(S18-S17)) -> 0 | V18: =IF((U18-U17)<0,"0",(U18-U17)) -> 0 | X18: =IF((W18-W17)<0,"0",(W18-W17)) -> 0 | Z18: =Y18-Y17 -> 0 | AC18: =AB18*400 -> 0 | AF18: =IF((AE18-AE17)<0,"0",(AE18-AE17)) -> 0 | AH18: =IF((AG18-AG17)<0,"0",(AG18-AG17)) -> 0 | AJ18: =IF((AI18-AI17)<0,"0",(AI18-AI17)) -> 0 | AL18: =IF((AK18-AK17)<0,"0",(AK18-AK17)) -> 0 | AN18: =IF((AM18-AM17)<0,"0",(AM18-AM17)) -> 0 | AP18: =IF((AO18-AO17)<0,"0",(AO18-AO17)) -> 0 | AR18: =IF((AQ18-AQ17)<0,"0",(AQ18-AQ17)) -> 0 | AT18: =IF((AS18-AS17)<0,"0",(AS18-AS17)) -> 0 | AV18: =IF((AU18-AU17)<0,"0",(AU18-AU17)) -> 0 | AX18: =IF((AW18-AW17)<0,"0",(AW18-AW17)) -> 0 | AZ18: =IF((AY18-AY17)<0,"0",(AY18-AY17)) -> 0 | BB18: =IF((BA18-BA17)<0,"0",(BA18-BA17)) -> 0 | BD18: =IF((BC18-BC17)<0,"0",(BC18-BC17)) -> 0 | BF18: =IF((BE18-BE17)<0,"0",(BE18-BE17)) -> 0 | BH18: =IF((BG18-BG17)<0,"0",(BG18-BG17)) -> 0 | BJ18: =IF((BI18-BI17)<0,"0",(BI18-BI17)) -> 0 | BL18: =IF((BK18-BK17)<0,"0",(BK18-BK17)) -> 0 | BN18: =IF((BM18-BM17)<0,"0",(BM18-BM17)) -> 0 | BP18: =IF((BO18-BO17)<0,"0",(BO18-BO17)) -> 0 | BR18: =IF((BQ18-BQ17)<0,"0",(BQ18-BQ17)) -> 0 | BS18: =BH18+BF18+BB18 -> 0 | BT18: =AR18-BS18 -> 0 | BV18: =IF((BU18-BU17)<0,"0",(BU18-BU17)) -> 0 | BX18: =IF((BW18-BW17)<0,"0",(BW18-BW17)) -> 0 | BZ18: =IF((BY18-BY17)<0,"0",(BY18-BY17)) -> 0 | CB18: =IF((CA18-CA17)<0,"0",(CA18-CA17)) -> 0 | CC18: =BZ18-AR18 -> 0 | CD18: =SUM(BV18, BZ18) -> 0 | CE18: =SUM(AV18,AX18,AZ18,BB18,BD18,BF18,BH18,BJ18,BN18) -> 0 | CG18: =(IF(CF18<=116.4,((116.4*116.4*ACOS((116.4-CF18)/116.4))-((116.4-CF18)*SQRT(2*116.4*CF18-CF18*CF18)))*669.8,((3.1416*116.4*116.4)-((116.4*116.4*ACOS((116.4-(2*116.4-CF18))/116.4))-((116.4-(2*116.4-CF18))*SQRT(2*116.4*(2*116.4-CF18)-((2*116.4-CF18)*(2*116.4-CF18))))))*669.8))/1000 -> 0 | CI18: =CG17-CG18+CH18 -> 0 | CK18: =IF((CJ18-CJ17)<0,"0",(CJ18-CJ17)) -> 0 | CL18: =CK18*5.71 -> 0 | CN18: =(CM18*10775)/100 -> 0 | CP18: =(CO18*10775)/100 -> 0 | CR18: =(CQ18*10775)/100 -> 0 | CS18: =CN18+CP18+CR18 -> 0 | CT18: =IF((CS17-CS18+CU17)=CS17,"0",(CS17-CS18+CU17)) -> 0 | CW18: =IF((CV18-CV17)<0,"0",(CV18-CV17)) -> 0 | CX18: =CW18*5.71 -> 0 | CZ18: =IF((CY18-CY17)<0,"0",(CY18-CY17)) -> 0 | DA18: =CZ18*5.71 -> 0 | DC18: =IF((DB18-DB17)<0,"0",(DB18-DB17)) -> 0 | DD18: =DC18*5.71 -> 0 | DF18: =IF((DE18-DE17)<0,"0",(DE18-DE17)) -> 0 | DG18: =DF18*5.71 -> 0 | DI18: =IF((DH18-DH17)<0,"0",(DH18-DH17)) -> 0 | DJ18: =DI18*5.71 -> 0 | DL18: =IF((DK18-DK17)<0,"0",(DK18-DK17)) -> 0 | DM18: =DL18*5.71 -> 0 | DO18: =IF((DN18-DN17)<0,"0",(DN18-DN17)) -> 0 | DP18: =DO18*5.71 -> 0 | DR18: =IF((DQ18-DQ17)<0,"0",(DQ18-DQ17)) -> 0 | DS18: =DR18*5.71 -> 0 | DU18: =IF((DT18-DT17)<0,"0",(DT18-DT17)) -> 0 | DV18: =DU18*5.71 -> 0 | DX18: =IF((DW18-DW17)<0,"0",(DW18-DW17)) -> 0 | DY18: =DX18*5.71 -> 0 | EA18: =IF((DZ18-DZ17)<0,"0",(DZ18-DZ17)) -> 0 | EB18: =EA18*5.71 -> 0 | ED18: =IF((EC18-EC17)<0,"0",(EC18-EC17)) -> 0 | EE18: =ED18*5.71 -> 0 | EG18: =(EF18-EF17) -> 0 | EI18: =(EH18-EH17) -> 0 | EK18: =(EJ18-EJ17) -> 0 | EM18: =(EL18-EL17) -> 0
A19: 44789 | C19: =IF((B19-B18)<0,"0",(B19-B18)) -> 0 | E19: =IF((D19-D18)<0,"0",(D19-D18)) -> 0 | F19: =E19/C19 -> #DIV/0! | J19: =IF((I19-I18)<0,"0",(I19-I18)) -> 0 | L19: =IF((K19-K18)<0,"0",(K19-K18)) -> 0 | N19: =IF((M19-M18)<0,"0",(M19-M18)) -> 0 | P19: =IF((O19-O18)<0,"0",(O19-O18)) -> 0 | R19: =IF((Q19-Q18)<0,"0",(Q19-Q18)) -> 0 | T19: =IF((S19-S18)<0,"0",(S19-S18)) -> 0 | V19: =IF((U19-U18)<0,"0",(U19-U18)) -> 0 | X19: =IF((W19-W18)<0,"0",(W19-W18)) -> 0 | Z19: =Y19-Y18 -> 0 | AC19: =AB19*400 -> 0 | AF19: =IF((AE19-AE18)<0,"0",(AE19-AE18)) -> 0 | AH19: =IF((AG19-AG18)<0,"0",(AG19-AG18)) -> 0 | AJ19: =IF((AI19-AI18)<0,"0",(AI19-AI18)) -> 0 | AL19: =IF((AK19-AK18)<0,"0",(AK19-AK18)) -> 0 | AN19: =IF((AM19-AM18)<0,"0",(AM19-AM18)) -> 0 | AP19: =IF((AO19-AO18)<0,"0",(AO19-AO18)) -> 0 | AR19: =IF((AQ19-AQ18)<0,"0",(AQ19-AQ18)) -> 0 | AT19: =IF((AS19-AS18)<0,"0",(AS19-AS18)) -> 0 | AV19: =IF((AU19-AU18)<0,"0",(AU19-AU18)) -> 0 | AX19: =IF((AW19-AW18)<0,"0",(AW19-AW18)) -> 0 | AZ19: =IF((AY19-AY18)<0,"0",(AY19-AY18)) -> 0 | BB19: =IF((BA19-BA18)<0,"0",(BA19-BA18)) -> 0 | BD19: =IF((BC19-BC18)<0,"0",(BC19-BC18)) -> 0 | BF19: =IF((BE19-BE18)<0,"0",(BE19-BE18)) -> 0 | BH19: =IF((BG19-BG18)<0,"0",(BG19-BG18)) -> 0 | BJ19: =IF((BI19-BI18)<0,"0",(BI19-BI18)) -> 0 | BL19: =IF((BK19-BK18)<0,"0",(BK19-BK18)) -> 0 | BN19: =IF((BM19-BM18)<0,"0",(BM19-BM18)) -> 0 | BP19: =IF((BO19-BO18)<0,"0",(BO19-BO18)) -> 0 | BR19: =IF((BQ19-BQ18)<0,"0",(BQ19-BQ18)) -> 0 | BS19: =BH19+BF19+BB19 -> 0 | BT19: =AR19-BS19 -> 0 | BV19: =IF((BU19-BU18)<0,"0",(BU19-BU18)) -> 0 | BX19: =IF((BW19-BW18)<0,"0",(BW19-BW18)) -> 0 | BZ19: =IF((BY19-BY18)<0,"0",(BY19-BY18)) -> 0 | CB19: =IF((CA19-CA18)<0,"0",(CA19-CA18)) -> 0 | CC19: =BZ19-AR19 -> 0 | CD19: =SUM(BV19, BZ19) -> 0 | CE19: =SUM(AV19,AX19,AZ19,BB19,BD19,BF19,BH19,BJ19,BN19) -> 0 | CG19: =(IF(CF19<=116.4,((116.4*116.4*ACOS((116.4-CF19)/116.4))-((116.4-CF19)*SQRT(2*116.4*CF19-CF19*CF19)))*669.8,((3.1416*116.4*116.4)-((116.4*116.4*ACOS((116.4-(2*116.4-CF19))/116.4))-((116.4-(2*116.4-CF19))*SQRT(2*116.4*(2*116.4-CF19)-((2*116.4-CF19)*(2*116.4-CF19))))))*669.8))/1000 -> 0 | CI19: =CG18-CG19+CH19 -> 0 | CK19: =IF((CJ19-CJ18)<0,"0",(CJ19-CJ18)) -> 0 | CL19: =CK19*5.71 -> 0 | CN19: =(CM19*10775)/100 -> 0 | CP19: =(CO19*10775)/100 -> 0 | CR19: =(CQ19*10775)/100 -> 0 | CS19: =CN19+CP19+CR19 -> 0 | CT19: =IF((CS18-CS19+CU18)=CS18,"0",(CS18-CS19+CU18)) -> 0 | CW19: =IF((CV19-CV18)<0,"0",(CV19-CV18)) -> 0 | CX19: =CW19*5.71 -> 0 | CZ19: =IF((CY19-CY18)<0,"0",(CY19-CY18)) -> 0 | DA19: =CZ19*5.71 -> 0 | DC19: =IF((DB19-DB18)<0,"0",(DB19-DB18)) -> 0 | DD19: =DC19*5.71 -> 0 | DF19: =IF((DE19-DE18)<0,"0",(DE19-DE18)) -> 0 | DG19: =DF19*5.71 -> 0 | DI19: =IF((DH19-DH18)<0,"0",(DH19-DH18)) -> 0 | DJ19: =DI19*5.71 -> 0 | DL19: =IF((DK19-DK18)<0,"0",(DK19-DK18)) -> 0 | DM19: =DL19*5.71 -> 0 | DO19: =IF((DN19-DN18)<0,"0",(DN19-DN18)) -> 0 | DP19: =DO19*5.71 -> 0 | DR19: =IF((DQ19-DQ18)<0,"0",(DQ19-DQ18)) -> 0 | DS19: =DR19*5.71 -> 0 | DU19: =IF((DT19-DT18)<0,"0",(DT19-DT18)) -> 0 | DV19: =DU19*5.71 -> 0 | DX19: =IF((DW19-DW18)<0,"0",(DW19-DW18)) -> 0 | DY19: =DX19*5.71 -> 0 | EA19: =IF((DZ19-DZ18)<0,"0",(DZ19-DZ18)) -> 0 | EB19: =EA19*5.71 -> 0 | ED19: =IF((EC19-EC18)<0,"0",(EC19-EC18)) -> 0 | EE19: =ED19*5.71 -> 0 | EG19: =(EF19-EF18) -> 0 | EI19: =(EH19-EH18) -> 0 | EK19: =(EJ19-EJ18) -> 0 | EM19: =(EL19-EL18) -> 0
A20: 44790 | C20: =IF((B20-B19)<0,"0",(B20-B19)) -> 0 | E20: =IF((D20-D19)<0,"0",(D20-D19)) -> 0 | F20: =E20/C20 -> #DIV/0! | J20: =IF((I20-I19)<0,"0",(I20-I19)) -> 0 | L20: =IF((K20-K19)<0,"0",(K20-K19)) -> 0 | N20: =IF((M20-M19)<0,"0",(M20-M19)) -> 0 | P20: =IF((O20-O19)<0,"0",(O20-O19)) -> 0 | R20: =IF((Q20-Q19)<0,"0",(Q20-Q19)) -> 0 | T20: =IF((S20-S19)<0,"0",(S20-S19)) -> 0 | V20: =IF((U20-U19)<0,"0",(U20-U19)) -> 0 | X20: =IF((W20-W19)<0,"0",(W20-W19)) -> 0 | Z20: =Y20-Y19 -> 0 | AC20: =AB20*400 -> 0 | AF20: =IF((AE20-AE19)<0,"0",(AE20-AE19)) -> 0 | AH20: =IF((AG20-AG19)<0,"0",(AG20-AG19)) -> 0 | AJ20: =IF((AI20-AI19)<0,"0",(AI20-AI19)) -> 0 | AL20: =IF((AK20-AK19)<0,"0",(AK20-AK19)) -> 0 | AN20: =IF((AM20-AM19)<0,"0",(AM20-AM19)) -> 0 | AP20: =IF((AO20-AO19)<0,"0",(AO20-AO19)) -> 0 | AR20: =IF((AQ20-AQ19)<0,"0",(AQ20-AQ19)) -> 0 | AT20: =IF((AS20-AS19)<0,"0",(AS20-AS19)) -> 0 | AV20: =IF((AU20-AU19)<0,"0",(AU20-AU19)) -> 0 | AX20: =IF((AW20-AW19)<0,"0",(AW20-AW19)) -> 0 | AZ20: =IF((AY20-AY19)<0,"0",(AY20-AY19)) -> 0 | BB20: =IF((BA20-BA19)<0,"0",(BA20-BA19)) -> 0 | BD20: =IF((BC20-BC19)<0,"0",(BC20-BC19)) -> 0 | BF20: =IF((BE20-BE19)<0,"0",(BE20-BE19)) -> 0 | BH20: =IF((BG20-BG19)<0,"0",(BG20-BG19)) -> 0 | BJ20: =IF((BI20-BI19)<0,"0",(BI20-BI19)) -> 0 | BL20: =IF((BK20-BK19)<0,"0",(BK20-BK19)) -> 0 | BN20: =IF((BM20-BM19)<0,"0",(BM20-BM19)) -> 0 | BP20: =IF((BO20-BO19)<0,"0",(BO20-BO19)) -> 0 | BR20: =IF((BQ20-BQ19)<0,"0",(BQ20-BQ19)) -> 0 | BS20: =BH20+BF20+BB20 -> 0 | BT20: =AR20-BS20 -> 0 | BV20: =IF((BU20-BU19)<0,"0",(BU20-BU19)) -> 0 | BX20: =IF((BW20-BW19)<0,"0",(BW20-BW19)) -> 0 | BZ20: =IF((BY20-BY19)<0,"0",(BY20-BY19)) -> 0 | CB20: =IF((CA20-CA19)<0,"0",(CA20-CA19)) -> 0 | CC20: =BZ20-AR20 -> 0 | CD20: =SUM(BV20, BZ20) -> 0 | CE20: =SUM(AV20,AX20,AZ20,BB20,BD20,BF20,BH20,BJ20,BN20) -> 0 | CG20: =(IF(CF20<=116.4,((116.4*116.4*ACOS((116.4-CF20)/116.4))-((116.4-CF20)*SQRT(2*116.4*CF20-CF20*CF20)))*669.8,((3.1416*116.4*116.4)-((116.4*116.4*ACOS((116.4-(2*116.4-CF20))/116.4))-((116.4-(2*116.4-CF20))*SQRT(2*116.4*(2*116.4-CF20)-((2*116.4-CF20)*(2*116.4-CF20))))))*669.8))/1000 -> 0 | CI20: =CG19-CG20+CH20 -> 0 | CK20: =IF((CJ20-CJ19)<0,"0",(CJ20-CJ19)) -> 0 | CL20: =CK20*5.71 -> 0 | CN20: =(CM20*10775)/100 -> 0 | CP20: =(CO20*10775)/100 -> 0 | CR20: =(CQ20*10775)/100 -> 0 | CS20: =CN20+CP20+CR20 -> 0 | CT20: =IF((CS19-CS20+CU19)=CS19,"0",(CS19-CS20+CU19)) -> 0 | CW20: =IF((CV20-CV19)<0,"0",(CV20-CV19)) -> 0 | CX20: =CW20*5.71 -> 0 | CZ20: =IF((CY20-CY19)<0,"0",(CY20-CY19)) -> 0 | DA20: =CZ20*5.71 -> 0 | DC20: =IF((DB20-DB19)<0,"0",(DB20-DB19)) -> 0 | DD20: =DC20*5.71 -> 0 | DF20: =IF((DE20-DE19)<0,"0",(DE20-DE19)) -> 0 | DG20: =DF20*5.71 -> 0 | DI20: =IF((DH20-DH19)<0,"0",(DH20-DH19)) -> 0 | DJ20: =DI20*5.71 -> 0 | DL20: =IF((DK20-DK19)<0,"0",(DK20-DK19)) -> 0 | DM20: =DL20*5.71 -> 0 | DO20: =IF((DN20-DN19)<0,"0",(DN20-DN19)) -> 0 | DP20: =DO20*5.71 -> 0 | DR20: =IF((DQ20-DQ19)<0,"0",(DQ20-DQ19)) -> 0 | DS20: =DR20*5.71 -> 0 | DU20: =IF((DT20-DT19)<0,"0",(DT20-DT19)) -> 0 | DV20: =DU20*5.71 -> 0 | DX20: =IF((DW20-DW19)<0,"0",(DW20-DW19)) -> 0 | DY20: =DX20*5.71 -> 0 | EA20: =IF((DZ20-DZ19)<0,"0",(DZ20-DZ19)) -> 0 | EB20: =EA20*5.71 -> 0 | ED20: =IF((EC20-EC19)<0,"0",(EC20-EC19)) -> 0 | EE20: =ED20*5.71 -> 0 | EG20: =(EF20-EF19) -> 0 | EI20: =(EH20-EH19) -> 0 | EK20: =(EJ20-EJ19) -> 0 | EM20: =(EL20-EL19) -> 0
A21: 44791 | C21: =IF((B21-B20)<0,"0",(B21-B20)) -> 0 | E21: =IF((D21-D20)<0,"0",(D21-D20)) -> 0 | F21: =E21/C21 -> #DIV/0! | J21: =IF((I21-I20)<0,"0",(I21-I20)) -> 0 | L21: =IF((K21-K20)<0,"0",(K21-K20)) -> 0 | N21: =IF((M21-M20)<0,"0",(M21-M20)) -> 0 | P21: =IF((O21-O20)<0,"0",(O21-O20)) -> 0 | R21: =IF((Q21-Q20)<0,"0",(Q21-Q20)) -> 0 | T21: =IF((S21-S20)<0,"0",(S21-S20)) -> 0 | V21: =IF((U21-U20)<0,"0",(U21-U20)) -> 0 | X21: =IF((W21-W20)<0,"0",(W21-W20)) -> 0 | Z21: =Y21-Y20 -> 0 | AC21: =AB21*400 -> 0 | AF21: =IF((AE21-AE20)<0,"0",(AE21-AE20)) -> 0 | AH21: =IF((AG21-AG20)<0,"0",(AG21-AG20)) -> 0 | AJ21: =IF((AI21-AI20)<0,"0",(AI21-AI20)) -> 0 | AL21: =IF((AK21-AK20)<0,"0",(AK21-AK20)) -> 0 | AN21: =IF((AM21-AM20)<0,"0",(AM21-AM20)) -> 0 | AP21: =IF((AO21-AO20)<0,"0",(AO21-AO20)) -> 0 | AR21: =IF((AQ21-AQ20)<0,"0",(AQ21-AQ20)) -> 0 | AT21: =IF((AS21-AS20)<0,"0",(AS21-AS20)) -> 0 | AV21: =IF((AU21-AU20)<0,"0",(AU21-AU20)) -> 0 | AX21: =IF((AW21-AW20)<0,"0",(AW21-AW20)) -> 0 | AZ21: =IF((AY21-AY20)<0,"0",(AY21-AY20)) -> 0 | BB21: =IF((BA21-BA20)<0,"0",(BA21-BA20)) -> 0 | BD21: =IF((BC21-BC20)<0,"0",(BC21-BC20)) -> 0 | BF21: =IF((BE21-BE20)<0,"0",(BE21-BE20)) -> 0 | BH21: =IF((BG21-BG20)<0,"0",(BG21-BG20)) -> 0 | BJ21: =IF((BI21-BI20)<0,"0",(BI21-BI20)) -> 0 | BL21: =IF((BK21-BK20)<0,"0",(BK21-BK20)) -> 0 | BN21: =IF((BM21-BM20)<0,"0",(BM21-BM20)) -> 0 | BP21: =IF((BO21-BO20)<0,"0",(BO21-BO20)) -> 0 | BR21: =IF((BQ21-BQ20)<0,"0",(BQ21-BQ20)) -> 0 | BS21: =BH21+BF21+BB21 -> 0 | BT21: =AR21-BS21 -> 0 | BV21: =IF((BU21-BU20)<0,"0",(BU21-BU20)) -> 0 | BX21: =IF((BW21-BW20)<0,"0",(BW21-BW20)) -> 0 | BZ21: =IF((BY21-BY20)<0,"0",(BY21-BY20)) -> 0 | CB21: =IF((CA21-CA20)<0,"0",(CA21-CA20)) -> 0 | CC21: =BZ21-AR21 -> 0 | CD21: =SUM(BV21, BZ21) -> 0 | CE21: =SUM(AV21,AX21,AZ21,BB21,BD21,BF21,BH21,BJ21,BN21) -> 0 | CG21: =(IF(CF21<=116.4,((116.4*116.4*ACOS((116.4-CF21)/116.4))-((116.4-CF21)*SQRT(2*116.4*CF21-CF21*CF21)))*669.8,((3.1416*116.4*116.4)-((116.4*116.4*ACOS((116.4-(2*116.4-CF21))/116.4))-((116.4-(2*116.4-CF21))*SQRT(2*116.4*(2*116.4-CF21)-((2*116.4-CF21)*(2*116.4-CF21))))))*669.8))/1000 -> 0 | CI21: =CG20-CG21+CH21 -> 0 | CK21: =IF((CJ21-CJ20)<0,"0",(CJ21-CJ20)) -> 0 | CL21: =CK21*5.71 -> 0 | CN21: =(CM21*10775)/100 -> 0 | CP21: =(CO21*10775)/100 -> 0 | CR21: =(CQ21*10775)/100 -> 0 | CS21: =CN21+CP21+CR21 -> 0 | CT21: =IF((CS20-CS21+CU20)=CS20,"0",(CS20-CS21+CU20)) -> 0 | CW21: =IF((CV21-CV20)<0,"0",(CV21-CV20)) -> 0 | CX21: =CW21*5.71 -> 0 | CZ21: =IF((CY21-CY20)<0,"0",(CY21-CY20)) -> 0 | DA21: =CZ21*5.71 -> 0 | DC21: =IF((DB21-DB20)<0,"0",(DB21-DB20)) -> 0 | DD21: =DC21*5.71 -> 0 | DF21: =IF((DE21-DE20)<0,"0",(DE21-DE20)) -> 0 | DG21: =DF21*5.71 -> 0 | DI21: =IF((DH21-DH20)<0,"0",(DH21-DH20)) -> 0 | DJ21: =DI21*5.71 -> 0 | DL21: =IF((DK21-DK20)<0,"0",(DK21-DK20)) -> 0 | DM21: =DL21*5.71 -> 0 | DO21: =IF((DN21-DN20)<0,"0",(DN21-DN20)) -> 0 | DP21: =DO21*5.71 -> 0 | DR21: =IF((DQ21-DQ20)<0,"0",(DQ21-DQ20)) -> 0 | DS21: =DR21*5.71 -> 0 | DU21: =IF((DT21-DT20)<0,"0",(DT21-DT20)) -> 0 | DV21: =DU21*5.71 -> 0 | DX21: =IF((DW21-DW20)<0,"0",(DW21-DW20)) -> 0 | DY21: =DX21*5.71 -> 0 | EA21: =IF((DZ21-DZ20)<0,"0",(DZ21-DZ20)) -> 0 | EB21: =EA21*5.71 -> 0 | ED21: =IF((EC21-EC20)<0,"0",(EC21-EC20)) -> 0 | EE21: =ED21*5.71 -> 0 | EG21: =(EF21-EF20) -> 0 | EI21: =(EH21-EH20) -> 0 | EK21: =(EJ21-EJ20) -> 0 | EM21: =(EL21-EL20) -> 0
A22: 44792 | C22: =IF((B22-B21)<0,"0",(B22-B21)) -> 0 | E22: =IF((D22-D21)<0,"0",(D22-D21)) -> 0 | F22: =E22/C22 -> #DIV/0! | J22: =IF((I22-I21)<0,"0",(I22-I21)) -> 0 | L22: =IF((K22-K21)<0,"0",(K22-K21)) -> 0 | N22: =IF((M22-M21)<0,"0",(M22-M21)) -> 0 | P22: =IF((O22-O21)<0,"0",(O22-O21)) -> 0 | R22: =IF((Q22-Q21)<0,"0",(Q22-Q21)) -> 0 | T22: =IF((S22-S21)<0,"0",(S22-S21)) -> 0 | V22: =IF((U22-U21)<0,"0",(U22-U21)) -> 0 | X22: =IF((W22-W21)<0,"0",(W22-W21)) -> 0 | Z22: =Y22-Y21 -> 0 | AC22: =AB22*400 -> 0 | AF22: =IF((AE22-AE21)<0,"0",(AE22-AE21)) -> 0 | AH22: =IF((AG22-AG21)<0,"0",(AG22-AG21)) -> 0 | AJ22: =IF((AI22-AI21)<0,"0",(AI22-AI21)) -> 0 | AL22: =IF((AK22-AK21)<0,"0",(AK22-AK21)) -> 0 | AN22: =IF((AM22-AM21)<0,"0",(AM22-AM21)) -> 0 | AP22: =IF((AO22-AO21)<0,"0",(AO22-AO21)) -> 0 | AR22: =IF((AQ22-AQ21)<0,"0",(AQ22-AQ21)) -> 0 | AT22: =IF((AS22-AS21)<0,"0",(AS22-AS21)) -> 0 | AV22: =IF((AU22-AU21)<0,"0",(AU22-AU21)) -> 0 | AX22: =IF((AW22-AW21)<0,"0",(AW22-AW21)) -> 0 | AZ22: =IF((AY22-AY21)<0,"0",(AY22-AY21)) -> 0 | BB22: =IF((BA22-BA21)<0,"0",(BA22-BA21)) -> 0 | BD22: =IF((BC22-BC21)<0,"0",(BC22-BC21)) -> 0 | BF22: =IF((BE22-BE21)<0,"0",(BE22-BE21)) -> 0 | BH22: =IF((BG22-BG21)<0,"0",(BG22-BG21)) -> 0 | BJ22: =IF((BI22-BI21)<0,"0",(BI22-BI21)) -> 0 | BL22: =IF((BK22-BK21)<0,"0",(BK22-BK21)) -> 0 | BN22: =IF((BM22-BM21)<0,"0",(BM22-BM21)) -> 0 | BP22: =IF((BO22-BO21)<0,"0",(BO22-BO21)) -> 0 | BR22: =IF((BQ22-BQ21)<0,"0",(BQ22-BQ21)) -> 0 | BS22: =BH22+BF22+BB22 -> 0 | BT22: =AR22-BS22 -> 0 | BV22: =IF((BU22-BU21)<0,"0",(BU22-BU21)) -> 0 | BX22: =IF((BW22-BW21)<0,"0",(BW22-BW21)) -> 0 | BZ22: =IF((BY22-BY21)<0,"0",(BY22-BY21)) -> 0 | CB22: =IF((CA22-CA21)<0,"0",(CA22-CA21)) -> 0 | CC22: =BZ22-AR22 -> 0 | CD22: =SUM(BV22, BZ22) -> 0 | CE22: =SUM(AV22,AX22,AZ22,BB22,BD22,BF22,BH22,BJ22,BN22) -> 0 | CG22: =(IF(CF22<=116.4,((116.4*116.4*ACOS((116.4-CF22)/116.4))-((116.4-CF22)*SQRT(2*116.4*CF22-CF22*CF22)))*669.8,((3.1416*116.4*116.4)-((116.4*116.4*ACOS((116.4-(2*116.4-CF22))/116.4))-((116.4-(2*116.4-CF22))*SQRT(2*116.4*(2*116.4-CF22)-((2*116.4-CF22)*(2*116.4-CF22))))))*669.8))/1000 -> 0 | CI22: =CG21-CG22+CH22 -> 0 | CK22: =IF((CJ22-CJ21)<0,"0",(CJ22-CJ21)) -> 0 | CL22: =CK22*5.71 -> 0 | CN22: =(CM22*10775)/100 -> 0 | CP22: =(CO22*10775)/100 -> 0 | CR22: =(CQ22*10775)/100 -> 0 | CS22: =CN22+CP22+CR22 -> 0 | CT22: =IF((CS21-CS22+CU21)=CS21,"0",(CS21-CS22+CU21)) -> 0 | CW22: =IF((CV22-CV21)<0,"0",(CV22-CV21)) -> 0 | CX22: =CW22*5.71 -> 0 | CZ22: =IF((CY22-CY21)<0,"0",(CY22-CY21)) -> 0 | DA22: =CZ22*5.71 -> 0 | DC22: =IF((DB22-DB21)<0,"0",(DB22-DB21)) -> 0 | DD22: =DC22*5.71 -> 0 | DF22: =IF((DE22-DE21)<0,"0",(DE22-DE21)) -> 0 | DG22: =DF22*5.71 -> 0 | DI22: =IF((DH22-DH21)<0,"0",(DH22-DH21)) -> 0 | DJ22: =DI22*5.71 -> 0 | DL22: =IF((DK22-DK21)<0,"0",(DK22-DK21)) -> 0 | DM22: =DL22*5.71 -> 0 | DO22: =IF((DN22-DN21)<0,"0",(DN22-DN21)) -> 0 | DP22: =DO22*5.71 -> 0 | DR22: =IF((DQ22-DQ21)<0,"0",(DQ22-DQ21)) -> 0 | DS22: =DR22*5.71 -> 0 | DU22: =IF((DT22-DT21)<0,"0",(DT22-DT21)) -> 0 | DV22: =DU22*5.71 -> 0 | DX22: =IF((DW22-DW21)<0,"0",(DW22-DW21)) -> 0 | DY22: =DX22*5.71 -> 0 | EA22: =IF((DZ22-DZ21)<0,"0",(DZ22-DZ21)) -> 0 | EB22: =EA22*5.71 -> 0 | ED22: =IF((EC22-EC21)<0,"0",(EC22-EC21)) -> 0 | EE22: =ED22*5.71 -> 0 | EG22: =(EF22-EF21) -> 0 | EI22: =(EH22-EH21) -> 0 | EK22: =(EJ22-EJ21) -> 0 | EM22: =(EL22-EL21) -> 0
A23: 44793 | C23: =IF((B23-B22)<0,"0",(B23-B22)) -> 0 | E23: =IF((D23-D22)<0,"0",(D23-D22)) -> 0 | F23: =E23/C23 -> #DIV/0! | J23: =IF((I23-I22)<0,"0",(I23-I22)) -> 0 | L23: =IF((K23-K22)<0,"0",(K23-K22)) -> 0 | N23: =IF((M23-M22)<0,"0",(M23-M22)) -> 0 | P23: =IF((O23-O22)<0,"0",(O23-O22)) -> 0 | R23: =IF((Q23-Q22)<0,"0",(Q23-Q22)) -> 0 | T23: =IF((S23-S22)<0,"0",(S23-S22)) -> 0 | V23: =IF((U23-U22)<0,"0",(U23-U22)) -> 0 | X23: =IF((W23-W22)<0,"0",(W23-W22)) -> 0 | Z23: =Y23-Y22 -> 0 | AC23: =AB23*400 -> 0 | AF23: =IF((AE23-AE22)<0,"0",(AE23-AE22)) -> 0 | AH23: =IF((AG23-AG22)<0,"0",(AG23-AG22)) -> 0 | AJ23: =IF((AI23-AI22)<0,"0",(AI23-AI22)) -> 0 | AL23: =IF((AK23-AK22)<0,"0",(AK23-AK22)) -> 0 | AN23: =IF((AM23-AM22)<0,"0",(AM23-AM22)) -> 0 | AP23: =IF((AO23-AO22)<0,"0",(AO23-AO22)) -> 0 | AR23: =IF((AQ23-AQ22)<0,"0",(AQ23-AQ22)) -> 0 | AT23: =IF((AS23-AS22)<0,"0",(AS23-AS22)) -> 0 | AV23: =IF((AU23-AU22)<0,"0",(AU23-AU22)) -> 0 | AX23: =IF((AW23-AW22)<0,"0",(AW23-AW22)) -> 0 | AZ23: =IF((AY23-AY22)<0,"0",(AY23-AY22)) -> 0 | BB23: =IF((BA23-BA22)<0,"0",(BA23-BA22)) -> 0 | BD23: =IF((BC23-BC22)<0,"0",(BC23-BC22)) -> 0 | BF23: =IF((BE23-BE22)<0,"0",(BE23-BE22)) -> 0 | BH23: =IF((BG23-BG22)<0,"0",(BG23-BG22)) -> 0 | BJ23: =IF((BI23-BI22)<0,"0",(BI23-BI22)) -> 0 | BL23: =IF((BK23-BK22)<0,"0",(BK23-BK22)) -> 0 | BN23: =IF((BM23-BM22)<0,"0",(BM23-BM22)) -> 0 | BP23: =IF((BO23-BO22)<0,"0",(BO23-BO22)) -> 0 | BR23: =IF((BQ23-BQ22)<0,"0",(BQ23-BQ22)) -> 0 | BS23: =BH23+BF23+BB23 -> 0 | BT23: =AR23-BS23 -> 0 | BV23: =IF((BU23-BU22)<0,"0",(BU23-BU22)) -> 0 | BX23: =IF((BW23-BW22)<0,"0",(BW23-BW22)) -> 0 | BZ23: =IF((BY23-BY22)<0,"0",(BY23-BY22)) -> 0 | CB23: =IF((CA23-CA22)<0,"0",(CA23-CA22)) -> 0 | CC23: =BZ23-AR23 -> 0 | CD23: =SUM(BV23, BZ23) -> 0 | CE23: =SUM(AV23,AX23,AZ23,BB23,BD23,BF23,BH23,BJ23,BN23) -> 0 | CG23: =(IF(CF23<=116.4,((116.4*116.4*ACOS((116.4-CF23)/116.4))-((116.4-CF23)*SQRT(2*116.4*CF23-CF23*CF23)))*669.8,((3.1416*116.4*116.4)-((116.4*116.4*ACOS((116.4-(2*116.4-CF23))/116.4))-((116.4-(2*116.4-CF23))*SQRT(2*116.4*(2*116.4-CF23)-((2*116.4-CF23)*(2*116.4-CF23))))))*669.8))/1000 -> 0 | CI23: =CG22-CG23+CH23 -> 0 | CK23: =IF((CJ23-CJ22)<0,"0",(CJ23-CJ22)) -> 0 | CL23: =CK23*5.71 -> 0 | CN23: =(CM23*10775)/100 -> 0 | CP23: =(CO23*10775)/100 -> 0 | CR23: =(CQ23*10775)/100 -> 0 | CS23: =CN23+CP23+CR23 -> 0 | CT23: =IF((CS22-CS23+CU22)=CS22,"0",(CS22-CS23+CU22)) -> 0 | CW23: =IF((CV23-CV22)<0,"0",(CV23-CV22)) -> 0 | CX23: =CW23*5.71 -> 0 | CZ23: =IF((CY23-CY22)<0,"0",(CY23-CY22)) -> 0 | DA23: =CZ23*5.71 -> 0 | DC23: =IF((DB23-DB22)<0,"0",(DB23-DB22)) -> 0 | DD23: =DC23*5.71 -> 0 | DF23: =IF((DE23-DE22)<0,"0",(DE23-DE22)) -> 0 | DG23: =DF23*5.71 -> 0 | DI23: =IF((DH23-DH22)<0,"0",(DH23-DH22)) -> 0 | DJ23: =DI23*5.71 -> 0 | DL23: =IF((DK23-DK22)<0,"0",(DK23-DK22)) -> 0 | DM23: =DL23*5.71 -> 0 | DO23: =IF((DN23-DN22)<0,"0",(DN23-DN22)) -> 0 | DP23: =DO23*5.71 -> 0 | DR23: =IF((DQ23-DQ22)<0,"0",(DQ23-DQ22)) -> 0 | DS23: =DR23*5.71 -> 0 | DU23: =IF((DT23-DT22)<0,"0",(DT23-DT22)) -> 0 | DV23: =DU23*5.71 -> 0 | DX23: =IF((DW23-DW22)<0,"0",(DW23-DW22)) -> 0 | DY23: =DX23*5.71 -> 0 | EA23: =IF((DZ23-DZ22)<0,"0",(DZ23-DZ22)) -> 0 | EB23: =EA23*5.71 -> 0 | ED23: =IF((EC23-EC22)<0,"0",(EC23-EC22)) -> 0 | EE23: =ED23*5.71 -> 0 | EG23: =(EF23-EF22) -> 0 | EI23: =(EH23-EH22) -> 0 | EK23: =(EJ23-EJ22) -> 0 | EM23: =(EL23-EL22) -> 0
A24: 44794 | C24: =IF((B24-B23)<0,"0",(B24-B23)) -> 0 | E24: =IF((D24-D23)<0,"0",(D24-D23)) -> 0 | F24: =E24/C24 -> #DIV/0! | J24: =IF((I24-I23)<0,"0",(I24-I23)) -> 0 | L24: =IF((K24-K23)<0,"0",(K24-K23)) -> 0 | N24: =IF((M24-M23)<0,"0",(M24-M23)) -> 0 | P24: =IF((O24-O23)<0,"0",(O24-O23)) -> 0 | R24: =IF((Q24-Q23)<0,"0",(Q24-Q23)) -> 0 | T24: =IF((S24-S23)<0,"0",(S24-S23)) -> 0 | V24: =IF((U24-U23)<0,"0",(U24-U23)) -> 0 | X24: =IF((W24-W23)<0,"0",(W24-W23)) -> 0 | Z24: =Y24-Y23 -> 0 | AC24: =AB24*400 -> 0 | AF24: =IF((AE24-AE23)<0,"0",(AE24-AE23)) -> 0 | AH24: =IF((AG24-AG23)<0,"0",(AG24-AG23)) -> 0 | AJ24: =IF((AI24-AI23)<0,"0",(AI24-AI23)) -> 0 | AL24: =IF((AK24-AK23)<0,"0",(AK24-AK23)) -> 0 | AN24: =IF((AM24-AM23)<0,"0",(AM24-AM23)) -> 0 | AP24: =IF((AO24-AO23)<0,"0",(AO24-AO23)) -> 0 | AR24: =IF((AQ24-AQ23)<0,"0",(AQ24-AQ23)) -> 0 | AT24: =IF((AS24-AS23)<0,"0",(AS24-AS23)) -> 0 | AV24: =IF((AU24-AU23)<0,"0",(AU24-AU23)) -> 0 | AX24: =IF((AW24-AW23)<0,"0",(AW24-AW23)) -> 0 | AZ24: =IF((AY24-AY23)<0,"0",(AY24-AY23)) -> 0 | BB24: =IF((BA24-BA23)<0,"0",(BA24-BA23)) -> 0 | BD24: =IF((BC24-BC23)<0,"0",(BC24-BC23)) -> 0 | BF24: =IF((BE24-BE23)<0,"0",(BE24-BE23)) -> 0 | BH24: =IF((BG24-BG23)<0,"0",(BG24-BG23)) -> 0 | BJ24: =IF((BI24-BI23)<0,"0",(BI24-BI23)) -> 0 | BL24: =IF((BK24-BK23)<0,"0",(BK24-BK23)) -> 0 | BN24: =IF((BM24-BM23)<0,"0",(BM24-BM23)) -> 0 | BP24: =IF((BO24-BO23)<0,"0",(BO24-BO23)) -> 0 | BR24: =IF((BQ24-BQ23)<0,"0",(BQ24-BQ23)) -> 0 | BS24: =BH24+BF24+BB24 -> 0 | BT24: =AR24-BS24 -> 0 | BV24: =IF((BU24-BU23)<0,"0",(BU24-BU23)) -> 0 | BX24: =IF((BW24-BW23)<0,"0",(BW24-BW23)) -> 0 | BZ24: =IF((BY24-BY23)<0,"0",(BY24-BY23)) -> 0 | CB24: =IF((CA24-CA23)<0,"0",(CA24-CA23)) -> 0 | CC24: =BZ24-AR24 -> 0 | CD24: =SUM(BV24, BZ24) -> 0 | CE24: =SUM(AV24,AX24,AZ24,BB24,BD24,BF24,BH24,BJ24,BN24) -> 0 | CG24: =(IF(CF24<=116.4,((116.4*116.4*ACOS((116.4-CF24)/116.4))-((116.4-CF24)*SQRT(2*116.4*CF24-CF24*CF24)))*669.8,((3.1416*116.4*116.4)-((116.4*116.4*ACOS((116.4-(2*116.4-CF24))/116.4))-((116.4-(2*116.4-CF24))*SQRT(2*116.4*(2*116.4-CF24)-((2*116.4-CF24)*(2*116.4-CF24))))))*669.8))/1000 -> 0 | CI24: =CG23-CG24+CH24 -> 0 | CK24: =IF((CJ24-CJ23)<0,"0",(CJ24-CJ23)) -> 0 | CL24: =CK24*5.71 -> 0 | CN24: =(CM24*10775)/100 -> 0 | CP24: =(CO24*10775)/100 -> 0 | CR24: =(CQ24*10775)/100 -> 0 | CS24: =CN24+CP24+CR24 -> 0 | CT24: =IF((CS23-CS24+CU23)=CS23,"0",(CS23-CS24+CU23)) -> 0 | CW24: =IF((CV24-CV23)<0,"0",(CV24-CV23)) -> 0 | CX24: =CW24*5.71 -> 0 | CZ24: =IF((CY24-CY23)<0,"0",(CY24-CY23)) -> 0 | DA24: =CZ24*5.71 -> 0 | DC24: =IF((DB24-DB23)<0,"0",(DB24-DB23)) -> 0 | DD24: =DC24*5.71 -> 0 | DF24: =IF((DE24-DE23)<0,"0",(DE24-DE23)) -> 0 | DG24: =DF24*5.71 -> 0 | DI24: =IF((DH24-DH23)<0,"0",(DH24-DH23)) -> 0 | DJ24: =DI24*5.71 -> 0 | DL24: =IF((DK24-DK23)<0,"0",(DK24-DK23)) -> 0 | DM24: =DL24*5.71 -> 0 | DO24: =IF((DN24-DN23)<0,"0",(DN24-DN23)) -> 0 | DP24: =DO24*5.71 -> 0 | DR24: =IF((DQ24-DQ23)<0,"0",(DQ24-DQ23)) -> 0 | DS24: =DR24*5.71 -> 0 | DU24: =IF((DT24-DT23)<0,"0",(DT24-DT23)) -> 0 | DV24: =DU24*5.71 -> 0 | DX24: =IF((DW24-DW23)<0,"0",(DW24-DW23)) -> 0 | DY24: =DX24*5.71 -> 0 | EA24: =IF((DZ24-DZ23)<0,"0",(DZ24-DZ23)) -> 0 | EB24: =EA24*5.71 -> 0 | ED24: =IF((EC24-EC23)<0,"0",(EC24-EC23)) -> 0 | EE24: =ED24*5.71 -> 0 | EG24: =(EF24-EF23) -> 0 | EI24: =(EH24-EH23) -> 0 | EK24: =(EJ24-EJ23) -> 0 | EM24: =(EL24-EL23) -> 0
A25: 44795 | C25: =IF((B25-B24)<0,"0",(B25-B24)) -> 0 | E25: =IF((D25-D24)<0,"0",(D25-D24)) -> 0 | F25: =E25/C25 -> #DIV/0! | J25: =IF((I25-I24)<0,"0",(I25-I24)) -> 0 | L25: =IF((K25-K24)<0,"0",(K25-K24)) -> 0 | N25: =IF((M25-M24)<0,"0",(M25-M24)) -> 0 | P25: =IF((O25-O24)<0,"0",(O25-O24)) -> 0 | R25: =IF((Q25-Q24)<0,"0",(Q25-Q24)) -> 0 | T25: =IF((S25-S24)<0,"0",(S25-S24)) -> 0 | V25: =IF((U25-U24)<0,"0",(U25-U24)) -> 0 | X25: =IF((W25-W24)<0,"0",(W25-W24)) -> 0 | Z25: =Y25-Y24 -> 0 | AC25: =AB25*400 -> 0 | AF25: =IF((AE25-AE24)<0,"0",(AE25-AE24)) -> 0 | AH25: =IF((AG25-AG24)<0,"0",(AG25-AG24)) -> 0 | AJ25: =IF((AI25-AI24)<0,"0",(AI25-AI24)) -> 0 | AL25: =IF((AK25-AK24)<0,"0",(AK25-AK24)) -> 0 | AN25: =IF((AM25-AM24)<0,"0",(AM25-AM24)) -> 0 | AP25: =IF((AO25-AO24)<0,"0",(AO25-AO24)) -> 0 | AR25: =IF((AQ25-AQ24)<0,"0",(AQ25-AQ24)) -> 0 | AT25: =IF((AS25-AS24)<0,"0",(AS25-AS24)) -> 0 | AV25: =IF((AU25-AU24)<0,"0",(AU25-AU24)) -> 0 | AX25: =IF((AW25-AW24)<0,"0",(AW25-AW24)) -> 0 | AZ25: =IF((AY25-AY24)<0,"0",(AY25-AY24)) -> 0 | BB25: =IF((BA25-BA24)<0,"0",(BA25-BA24)) -> 0 | BD25: =IF((BC25-BC24)<0,"0",(BC25-BC24)) -> 0 | BF25: =IF((BE25-BE24)<0,"0",(BE25-BE24)) -> 0 | BH25: =IF((BG25-BG24)<0,"0",(BG25-BG24)) -> 0 | BJ25: =IF((BI25-BI24)<0,"0",(BI25-BI24)) -> 0 | BL25: =IF((BK25-BK24)<0,"0",(BK25-BK24)) -> 0 | BN25: =IF((BM25-BM24)<0,"0",(BM25-BM24)) -> 0 | BP25: =IF((BO25-BO24)<0,"0",(BO25-BO24)) -> 0 | BR25: =IF((BQ25-BQ24)<0,"0",(BQ25-BQ24)) -> 0 | BS25: =BH25+BF25+BB25 -> 0 | BT25: =AR25-BS25 -> 0 | BV25: =IF((BU25-BU24)<0,"0",(BU25-BU24)) -> 0 | BX25: =IF((BW25-BW24)<0,"0",(BW25-BW24)) -> 0 | BZ25: =IF((BY25-BY24)<0,"0",(BY25-BY24)) -> 0 | CB25: =IF((CA25-CA24)<0,"0",(CA25-CA24)) -> 0 | CC25: =BZ25-AR25 -> 0 | CD25: =SUM(BV25, BZ25) -> 0 | CE25: =SUM(AV25,AX25,AZ25,BB25,BD25,BF25,BH25,BJ25,BN25) -> 0 | CG25: =(IF(CF25<=116.4,((116.4*116.4*ACOS((116.4-CF25)/116.4))-((116.4-CF25)*SQRT(2*116.4*CF25-CF25*CF25)))*669.8,((3.1416*116.4*116.4)-((116.4*116.4*ACOS((116.4-(2*116.4-CF25))/116.4))-((116.4-(2*116.4-CF25))*SQRT(2*116.4*(2*116.4-CF25)-((2*116.4-CF25)*(2*116.4-CF25))))))*669.8))/1000 -> 0 | CI25: =CG24-CG25+CH25 -> 0 | CK25: =IF((CJ25-CJ24)<0,"0",(CJ25-CJ24)) -> 0 | CL25: =CK25*5.71 -> 0 | CN25: =(CM25*10775)/100 -> 0 | CP25: =(CO25*10775)/100 -> 0 | CR25: =(CQ25*10775)/100 -> 0 | CS25: =CN25+CP25+CR25 -> 0 | CT25: =IF((CS24-CS25+CU24)=CS24,"0",(CS24-CS25+CU24)) -> 0 | CW25: =IF((CV25-CV24)<0,"0",(CV25-CV24)) -> 0 | CX25: =CW25*5.71 -> 0 | CZ25: =IF((CY25-CY24)<0,"0",(CY25-CY24)) -> 0 | DA25: =CZ25*5.71 -> 0 | DC25: =IF((DB25-DB24)<0,"0",(DB25-DB24)) -> 0 | DD25: =DC25*5.71 -> 0 | DF25: =IF((DE25-DE24)<0,"0",(DE25-DE24)) -> 0 | DG25: =DF25*5.71 -> 0 | DI25: =IF((DH25-DH24)<0,"0",(DH25-DH24)) -> 0 | DJ25: =DI25*5.71 -> 0 | DL25: =IF((DK25-DK24)<0,"0",(DK25-DK24)) -> 0 | DM25: =DL25*5.71 -> 0 | DO25: =IF((DN25-DN24)<0,"0",(DN25-DN24)) -> 0 | DP25: =DO25*5.71 -> 0 | DR25: =IF((DQ25-DQ24)<0,"0",(DQ25-DQ24)) -> 0 | DS25: =DR25*5.71 -> 0 | DU25: =IF((DT25-DT24)<0,"0",(DT25-DT24)) -> 0 | DV25: =DU25*5.71 -> 0 | DX25: =IF((DW25-DW24)<0,"0",(DW25-DW24)) -> 0 | DY25: =DX25*5.71 -> 0 | EA25: =IF((DZ25-DZ24)<0,"0",(DZ25-DZ24)) -> 0 | EB25: =EA25*5.71 -> 0 | ED25: =IF((EC25-EC24)<0,"0",(EC25-EC24)) -> 0 | EE25: =ED25*5.71 -> 0 | EG25: =(EF25-EF24) -> 0 | EI25: =(EH25-EH24) -> 0 | EK25: =(EJ25-EJ24) -> 0 | EM25: =(EL25-EL24) -> 0
A26: 44796 | C26: =IF((B26-B25)<0,"0",(B26-B25)) -> 0 | E26: =IF((D26-D25)<0,"0",(D26-D25)) -> 0 | F26: =E26/C26 -> #DIV/0! | J26: =IF((I26-I25)<0,"0",(I26-I25)) -> 0 | L26: =IF((K26-K25)<0,"0",(K26-K25)) -> 0 | N26: =IF((M26-M25)<0,"0",(M26-M25)) -> 0 | P26: =IF((O26-O25)<0,"0",(O26-O25)) -> 0 | R26: =IF((Q26-Q25)<0,"0",(Q26-Q25)) -> 0 | T26: =IF((S26-S25)<0,"0",(S26-S25)) -> 0 | V26: =IF((U26-U25)<0,"0",(U26-U25)) -> 0 | X26: =IF((W26-W25)<0,"0",(W26-W25)) -> 0 | Z26: =Y26-Y25 -> 0 | AC26: =AB26*400 -> 0 | AF26: =IF((AE26-AE25)<0,"0",(AE26-AE25)) -> 0 | AH26: =IF((AG26-AG25)<0,"0",(AG26-AG25)) -> 0 | AJ26: =IF((AI26-AI25)<0,"0",(AI26-AI25)) -> 0 | AL26: =IF((AK26-AK25)<0,"0",(AK26-AK25)) -> 0 | AN26: =IF((AM26-AM25)<0,"0",(AM26-AM25)) -> 0 | AP26: =IF((AO26-AO25)<0,"0",(AO26-AO25)) -> 0 | AR26: =IF((AQ26-AQ25)<0,"0",(AQ26-AQ25)) -> 0 | AT26: =IF((AS26-AS25)<0,"0",(AS26-AS25)) -> 0 | AV26: =IF((AU26-AU25)<0,"0",(AU26-AU25)) -> 0 | AX26: =IF((AW26-AW25)<0,"0",(AW26-AW25)) -> 0 | AZ26: =IF((AY26-AY25)<0,"0",(AY26-AY25)) -> 0 | BB26: =IF((BA26-BA25)<0,"0",(BA26-BA25)) -> 0 | BD26: =IF((BC26-BC25)<0,"0",(BC26-BC25)) -> 0 | BF26: =IF((BE26-BE25)<0,"0",(BE26-BE25)) -> 0 | BH26: =IF((BG26-BG25)<0,"0",(BG26-BG25)) -> 0 | BJ26: =IF((BI26-BI25)<0,"0",(BI26-BI25)) -> 0 | BL26: =IF((BK26-BK25)<0,"0",(BK26-BK25)) -> 0 | BN26: =IF((BM26-BM25)<0,"0",(BM26-BM25)) -> 0 | BP26: =IF((BO26-BO25)<0,"0",(BO26-BO25)) -> 0 | BR26: =IF((BQ26-BQ25)<0,"0",(BQ26-BQ25)) -> 0 | BS26: =BH26+BF26+BB26 -> 0 | BT26: =AR26-BS26 -> 0 | BV26: =IF((BU26-BU25)<0,"0",(BU26-BU25)) -> 0 | BX26: =IF((BW26-BW25)<0,"0",(BW26-BW25)) -> 0 | BZ26: =IF((BY26-BY25)<0,"0",(BY26-BY25)) -> 0 | CB26: =IF((CA26-CA25)<0,"0",(CA26-CA25)) -> 0 | CC26: =BZ26-AR26 -> 0 | CD26: =SUM(BV26, BZ26) -> 0 | CE26: =SUM(AV26,AX26,AZ26,BB26,BD26,BF26,BH26,BJ26,BN26) -> 0 | CG26: =(IF(CF26<=116.4,((116.4*116.4*ACOS((116.4-CF26)/116.4))-((116.4-CF26)*SQRT(2*116.4*CF26-CF26*CF26)))*669.8,((3.1416*116.4*116.4)-((116.4*116.4*ACOS((116.4-(2*116.4-CF26))/116.4))-((116.4-(2*116.4-CF26))*SQRT(2*116.4*(2*116.4-CF26)-((2*116.4-CF26)*(2*116.4-CF26))))))*669.8))/1000 -> 0 | CI26: =CG25-CG26+CH26 -> 0 | CK26: =IF((CJ26-CJ25)<0,"0",(CJ26-CJ25)) -> 0 | CL26: =CK26*5.71 -> 0 | CN26: =(CM26*10775)/100 -> 0 | CP26: =(CO26*10775)/100 -> 0 | CR26: =(CQ26*10775)/100 -> 0 | CS26: =CN26+CP26+CR26 -> 0 | CT26: =IF((CS25-CS26+CU25)=CS25,"0",(CS25-CS26+CU25)) -> 0 | CW26: =IF((CV26-CV25)<0,"0",(CV26-CV25)) -> 0 | CX26: =CW26*5.71 -> 0 | CZ26: =IF((CY26-CY25)<0,"0",(CY26-CY25)) -> 0 | DA26: =CZ26*5.71 -> 0 | DC26: =IF((DB26-DB25)<0,"0",(DB26-DB25)) -> 0 | DD26: =DC26*5.71 -> 0 | DF26: =IF((DE26-DE25)<0,"0",(DE26-DE25)) -> 0 | DG26: =DF26*5.71 -> 0 | DI26: =IF((DH26-DH25)<0,"0",(DH26-DH25)) -> 0 | DJ26: =DI26*5.71 -> 0 | DL26: =IF((DK26-DK25)<0,"0",(DK26-DK25)) -> 0 | DM26: =DL26*5.71 -> 0 | DO26: =IF((DN26-DN25)<0,"0",(DN26-DN25)) -> 0 | DP26: =DO26*5.71 -> 0 | DR26: =IF((DQ26-DQ25)<0,"0",(DQ26-DQ25)) -> 0 | DS26: =DR26*5.71 -> 0 | DU26: =IF((DT26-DT25)<0,"0",(DT26-DT25)) -> 0 | DV26: =DU26*5.71 -> 0 | DX26: =IF((DW26-DW25)<0,"0",(DW26-DW25)) -> 0 | DY26: =DX26*5.71 -> 0 | EA26: =IF((DZ26-DZ25)<0,"0",(DZ26-DZ25)) -> 0 | EB26: =EA26*5.71 -> 0 | ED26: =IF((EC26-EC25)<0,"0",(EC26-EC25)) -> 0 | EE26: =ED26*5.71 -> 0 | EG26: =(EF26-EF25) -> 0 | EI26: =(EH26-EH25) -> 0 | EK26: =(EJ26-EJ25) -> 0 | EM26: =(EL26-EL25) -> 0
... A32: 44802 | C32: =IF((B32-B31)<0,"0",(B32-B31)) -> 0 | E32: =IF((D32-D31)<0,"0",(D32-D31)) -> 0 | F32: =E32/C32 -> #DIV/0! | J32: =IF((I32-I31)<0,"0",(I32-I31)) -> 0 | L32: =IF((K32-K31)<0,"0",(K32-K31)) -> 0 | N32: =IF((M32-M31)<0,"0",(M32-M31)) -> 0 | P32: =IF((O32-O31)<0,"0",(O32-O31)) -> 0 | R32: =IF((Q32-Q31)<0,"0",(Q32-Q31)) -> 0 | T32: =IF((S32-S31)<0,"0",(S32-S31)) -> 0 | V32: =IF((U32-U31)<0,"0",(U32-U31)) -> 0 | X32: =IF((W32-W31)<0,"0",(W32-W31)) -> 0 | Z32: =Y32-Y31 -> 0 | AC32: =AB32*400 -> 0 | AF32: =IF((AE32-AE31)<0,"0",(AE32-AE31)) -> 0 | AH32: =IF((AG32-AG31)<0,"0",(AG32-AG31)) -> 0 | AJ32: =IF((AI32-AI31)<0,"0",(AI32-AI31)) -> 0 | AL32: =IF((AK32-AK31)<0,"0",(AK32-AK31)) -> 0 | AN32: =IF((AM32-AM31)<0,"0",(AM32-AM31)) -> 0 | AP32: =IF((AO32-AO31)<0,"0",(AO32-AO31)) -> 0 | AR32: =IF((AQ32-AQ31)<0,"0",(AQ32-AQ31)) -> 0 | AT32: =IF((AS32-AS31)<0,"0",(AS32-AS31)) -> 0 | AV32: =IF((AU32-AU31)<0,"0",(AU32-AU31)) -> 0 | AX32: =IF((AW32-AW31)<0,"0",(AW32-AW31)) -> 0 | AZ32: =IF((AY32-AY31)<0,"0",(AY32-AY31)) -> 0 | BB32: =IF((BA32-BA31)<0,"0",(BA32-BA31)) -> 0 | BD32: =IF((BC32-BC31)<0,"0",(BC32-BC31)) -> 0 | BF32: =IF((BE32-BE31)<0,"0",(BE32-BE31)) -> 0 | BH32: =IF((BG32-BG31)<0,"0",(BG32-BG31)) -> 0 | BJ32: =IF((BI32-BI31)<0,"0",(BI32-BI31)) -> 0 | BL32: =IF((BK32-BK31)<0,"0",(BK32-BK31)) -> 0 | BN32: =IF((BM32-BM31)<0,"0",(BM32-BM31)) -> 0 | BP32: =IF((BO32-BO31)<0,"0",(BO32-BO31)) -> 0 | BR32: =IF((BQ32-BQ31)<0,"0",(BQ32-BQ31)) -> 0 | BS32: =BH32+BF32+BB32 -> 0 | BT32: =AR32-BS32 -> 0 | BV32: =IF((BU32-BU31)<0,"0",(BU32-BU31)) -> 0 | BX32: =IF((BW32-BW31)<0,"0",(BW32-BW31)) -> 0 | BZ32: =IF((BY32-BY31)<0,"0",(BY32-BY31)) -> 0 | CB32: =IF((CA32-CA31)<0,"0",(CA32-CA31)) -> 0 | CC32: =BZ32-AR32 -> 0 | CD32: =SUM(BV32, BZ32) -> 0 | CE32: =SUM(AV32,AX32,AZ32,BB32,BD32,BF32,BH32,BJ32,BN32) -> 0 | CG32: =(IF(CF32<=116.4,((116.4*116.4*ACOS((116.4-CF32)/116.4))-((116.4-CF32)*SQRT(2*116.4*CF32-CF32*CF32)))*669.8,((3.1416*116.4*116.4)-((116.4*116.4*ACOS((116.4-(2*116.4-CF32))/116.4))-((116.4-(2*116.4-CF32))*SQRT(2*116.4*(2*116.4-CF32)-((2*116.4-CF32)*(2*116.4-CF32))))))*669.8))/1000 -> 0 | CI32: =CG31-CG32+CH32 -> 0 | CK32: =IF((CJ32-CJ31)<0,"0",(CJ32-CJ31)) -> 0 | CL32: =CK32*5.71 -> 0 | CN32: =(CM32*10775)/100 -> 0 | CP32: =(CO32*10775)/100 -> 0 | CR32: =(CQ32*10775)/100 -> 0 | CS32: =CN32+CP32+CR32 -> 0 | CT32: =IF((CS31-CS32+CU31)=CS31,"0",(CS31-CS32+CU31)) -> 0 | CW32: =IF((CV32-CV31)<0,"0",(CV32-CV31)) -> 0 | CX32: =CW32*5.71 -> 0 | CZ32: =IF((CY32-CY31)<0,"0",(CY32-CY31)) -> 0 | DA32: =CZ32*5.71 -> 0 | DC32: =IF((DB32-DB31)<0,"0",(DB32-DB31)) -> 0 | DD32: =DC32*5.71 -> 0 | DF32: =IF((DE32-DE31)<0,"0",(DE32-DE31)) -> 0 | DG32: =DF32*5.71 -> 0 | DI32: =IF((DH32-DH31)<0,"0",(DH32-DH31)) -> 0 | DJ32: =DI32*5.71 -> 0 | DL32: =IF((DK32-DK31)<0,"0",(DK32-DK31)) -> 0 | DM32: =DL32*5.71 -> 0 | DO32: =IF((DN32-DN31)<0,"0",(DN32-DN31)) -> 0 | DP32: =DO32*5.71 -> 0 | DR32: =IF((DQ32-DQ31)<0,"0",(DQ32-DQ31)) -> 0 | DS32: =DR32*5.71 -> 0 | DU32: =IF((DT32-DT31)<0,"0",(DT32-DT31)) -> 0 | DV32: =DU32*5.71 -> 0 | DX32: =IF((DW32-DW31)<0,"0",(DW32-DW31)) -> 0 | DY32: =DX32*5.71 -> 0 | EA32: =IF((DZ32-DZ31)<0,"0",(DZ32-DZ31)) -> 0 | EB32: =EA32*5.71 -> 0 | ED32: =IF((EC32-EC31)<0,"0",(EC32-EC31)) -> 0 | EE32: =ED32*5.71 -> 0 | EG32: =(EF32-EF31) -> 0 | EI32: =(EH32-EH31) -> 0 | EK32: =(EJ32-EJ31) -> 0 | EM32: =(EL32-EL31) -> 0
A33: 44803 | C33: =IF((B33-B32)<0,"0",(B33-B32)) -> 0 | E33: =IF((D33-D32)<0,"0",(D33-D32)) -> 0 | F33: =E33/C33 -> #DIV/0! | J33: =IF((I33-I32)<0,"0",(I33-I32)) -> 0 | L33: =IF((K33-K32)<0,"0",(K33-K32)) -> 0 | N33: =IF((M33-M32)<0,"0",(M33-M32)) -> 0 | P33: =IF((O33-O32)<0,"0",(O33-O32)) -> 0 | R33: =IF((Q33-Q32)<0,"0",(Q33-Q32)) -> 0 | T33: =IF((S33-S32)<0,"0",(S33-S32)) -> 0 | V33: =IF((U33-U32)<0,"0",(U33-U32)) -> 0 | X33: =IF((W33-W32)<0,"0",(W33-W32)) -> 0 | Z33: =Y33-Y32 -> 0 | AC33: =AB33*400 -> 0 | AF33: =IF((AE33-AE32)<0,"0",(AE33-AE32)) -> 0 | AH33: =IF((AG33-AG32)<0,"0",(AG33-AG32)) -> 0 | AJ33: =IF((AI33-AI32)<0,"0",(AI33-AI32)) -> 0 | AK33: 6026 | AL33: =IF((AK33-AK32)<0,"0",(AK33-AK32)) -> 6026 | AN33: =IF((AM33-AM32)<0,"0",(AM33-AM32)) -> 0 | AP33: =IF((AO33-AO32)<0,"0",(AO33-AO32)) -> 0 | AR33: =IF((AQ33-AQ32)<0,"0",(AQ33-AQ32)) -> 0 | AT33: =IF((AS33-AS32)<0,"0",(AS33-AS32)) -> 0 | AU33: 57989 | AV33: =IF((AU33-AU32)<0,"0",(AU33-AU32)) -> 57989 | AX33: =IF((AW33-AW32)<0,"0",(AW33-AW32)) -> 0 | AZ33: =IF((AY33-AY32)<0,"0",(AY33-AY32)) -> 0 | BB33: =IF((BA33-BA32)<0,"0",(BA33-BA32)) -> 0 | BD33: =IF((BC33-BC32)<0,"0",(BC33-BC32)) -> 0 | BF33: =IF((BE33-BE32)<0,"0",(BE33-BE32)) -> 0 | BH33: =IF((BG33-BG32)<0,"0",(BG33-BG32)) -> 0 | BJ33: =IF((BI33-BI32)<0,"0",(BI33-BI32)) -> 0 | BL33: =IF((BK33-BK32)<0,"0",(BK33-BK32)) -> 0 | BN33: =IF((BM33-BM32)<0,"0",(BM33-BM32)) -> 0 | BP33: =IF((BO33-BO32)<0,"0",(BO33-BO32)) -> 0 | BR33: =IF((BQ33-BQ32)<0,"0",(BQ33-BQ32)) -> 0 | BS33: =BH33+BF33+BB33 -> 0 | BT33: =AR33-BS33 -> 0 | BV33: =IF((BU33-BU32)<0,"0",(BU33-BU32)) -> 0 | BX33: =IF((BW33-BW32)<0,"0",(BW33-BW32)) -> 0 | BZ33: =IF((BY33-BY32)<0,"0",(BY33-BY32)) -> 0 | CB33: =IF((CA33-CA32)<0,"0",(CA33-CA32)) -> 0 | CC33: =BZ33-AR33 -> 0 | CD33: =SUM(BV33, BZ33) -> 0 | CE33: =SUM(AV33,AX33,AZ33,BB33,BD33,BF33,BH33,BJ33,BN33) -> 57989 | CG33: =(IF(CF33<=116.4,((116.4*116.4*ACOS((116.4-CF33)/116.4))-((116.4-CF33)*SQRT(2*116.4*CF33-CF33*CF33)))*669.8,((3.1416*116.4*116.4)-((116.4*116.4*ACOS((116.4-(2*116.4-CF33))/116.4))-((116.4-(2*116.4-CF33))*SQRT(2*116.4*(2*116.4-CF33)-((2*116.4-CF33)*(2*116.4-CF33))))))*669.8))/1000 -> 0 | CI33: =CG32-CG33+CH33 -> 0 | CK33: =IF((CJ33-CJ32)<0,"0",(CJ33-CJ32)) -> 0 | CL33: =CK33*5.71 -> 0 | CN33: =(CM33*10775)/100 -> 0 | CP33: =(CO33*10775)/100 -> 0 | CR33: =(CQ33*10775)/100 -> 0 | CS33: =CN33+CP33+CR33 -> 0 | CT33: =IF((CS32-CS33+CU32)=CS32,"0",(CS32-CS33+CU32)) -> 0 | CW33: =IF((CV33-CV32)<0,"0",(CV33-CV32)) -> 0 | CX33: =CW33*5.71 -> 0 | CZ33: =IF((CY33-CY32)<0,"0",(CY33-CY32)) -> 0 | DA33: =CZ33*5.71 -> 0 | DC33: =IF((DB33-DB32)<0,"0",(DB33-DB32)) -> 0 | DD33: =DC33*5.71 -> 0 | DF33: =IF((DE33-DE32)<0,"0",(DE33-DE32)) -> 0 | DG33: =DF33*5.71 -> 0 | DI33: =IF((DH33-DH32)<0,"0",(DH33-DH32)) -> 0 | DJ33: =DI33*5.71 -> 0 | DL33: =IF((DK33-DK32)<0,"0",(DK33-DK32)) -> 0 | DM33: =DL33*5.71 -> 0 | DO33: =IF((DN33-DN32)<0,"0",(DN33-DN32)) -> 0 | DP33: =DO33*5.71 -> 0 | DR33: =IF((DQ33-DQ32)<0,"0",(DQ33-DQ32)) -> 0 | DS33: =DR33*5.71 -> 0 | DU33: =IF((DT33-DT32)<0,"0",(DT33-DT32)) -> 0 | DV33: =DU33*5.71 -> 0 | DX33: =IF((DW33-DW32)<0,"0",(DW33-DW32)) -> 0 | DY33: =DX33*5.71 -> 0 | EA33: =IF((DZ33-DZ32)<0,"0",(DZ33-DZ32)) -> 0 | EB33: =EA33*5.71 -> 0 | ED33: =IF((EC33-EC32)<0,"0",(EC33-EC32)) -> 0 | EE33: =ED33*5.71 -> 0 | EG33: =(EF33-EF32) -> 0 | EI33: =(EH33-EH32) -> 0 | EK33: =(EJ33-EJ32) -> 0 | EM33: =(EL33-EL32) -> 0
A34: 44804 | C34: =IF((B34-B33)<0,"0",(B34-B33)) -> 0 | E34: =IF((D34-D33)<0,"0",(D34-D33)) -> 0 | F34: =E34/C34 -> #DIV/0! | J34: =IF((I34-I33)<0,"0",(I34-I33)) -> 0 | L34: =IF((K34-K33)<0,"0",(K34-K33)) -> 0 | N34: =IF((M34-M33)<0,"0",(M34-M33)) -> 0 | P34: =IF((O34-O33)<0,"0",(O34-O33)) -> 0 | R34: =IF((Q34-Q33)<0,"0",(Q34-Q33)) -> 0 | T34: =IF((S34-S33)<0,"0",(S34-S33)) -> 0 | U34: 2994789 | V34: =IF((U34-U33)<0,"0",(U34-U33)) -> 2994789 | X34: =IF((W34-W33)<0,"0",(W34-W33)) -> 0 | Z34: =Y34-Y33 -> 0 | AC34: =AB34*400 -> 0 | AF34: =IF((AE34-AE33)<0,"0",(AE34-AE33)) -> 0 | AH34: =IF((AG34-AG33)<0,"0",(AG34-AG33)) -> 0 | AJ34: =IF((AI34-AI33)<0,"0",(AI34-AI33)) -> 0 | AK34: 6029 | AL34: =IF((AK34-AK33)<0,"0",(AK34-AK33)) -> 3 | AN34: =IF((AM34-AM33)<0,"0",(AM34-AM33)) -> 0 | AP34: =IF((AO34-AO33)<0,"0",(AO34-AO33)) -> 0 | AQ34: 640810 | AR34: =IF((AQ34-AQ33)<0,"0",(AQ34-AQ33)) -> 640810 | AT34: =IF((AS34-AS33)<0,"0",(AS34-AS33)) -> 0 | AU34: 58009 | AV34: =IF((AU34-AU33)<0,"0",(AU34-AU33)) -> 20 | AW34: 9445 | AX34: =IF((AW34-AW33)<0,"0",(AW34-AW33)) -> 9445 | AY34: 11189 | AZ34: =IF((AY34-AY33)<0,"0",(AY34-AY33)) -> 11189 | BB34: =IF((BA34-BA33)<0,"0",(BA34-BA33)) -> 0 | BC34: 21369 | BD34: =IF((BC34-BC33)<0,"0",(BC34-BC33)) -> 21369 | BF34: =IF((BE34-BE33)<0,"0",(BE34-BE33)) -> 0 | BH34: =IF((BG34-BG33)<0,"0",(BG34-BG33)) -> 0 | BJ34: =IF((BI34-BI33)<0,"0",(BI34-BI33)) -> 0 | BL34: =IF((BK34-BK33)<0,"0",(BK34-BK33)) -> 0 | BM34: 5951 | BN34: =IF((BM34-BM33)<0,"0",(BM34-BM33)) -> 5951 | BP34: =IF((BO34-BO33)<0,"0",(BO34-BO33)) -> 0 | BQ34: 3641 | BR34: =IF((BQ34-BQ33)<0,"0",(BQ34-BQ33)) -> 3641 | BS34: =BH34+BF34+BB34 -> 0 | BT34: =AR34-BS34 -> 640810 | BV34: =IF((BU34-BU33)<0,"0",(BU34-BU33)) -> 0 | BX34: =IF((BW34-BW33)<0,"0",(BW34-BW33)) -> 0 | BZ34: =IF((BY34-BY33)<0,"0",(BY34-BY33)) -> 0 | CB34: =IF((CA34-CA33)<0,"0",(CA34-CA33)) -> 0 | CC34: =BZ34-AR34 -> -640810 | CD34: =SUM(BV34, BZ34) -> 0 | CE34: =SUM(AV34,AX34,AZ34,BB34,BD34,BF34,BH34,BJ34,BN34) -> 47974 | CG34: =(IF(CF34<=116.4,((116.4*116.4*ACOS((116.4-CF34)/116.4))-((116.4-CF34)*SQRT(2*116.4*CF34-CF34*CF34)))*669.8,((3.1416*116.4*116.4)-((116.4*116.4*ACOS((116.4-(2*116.4-CF34))/116.4))-((116.4-(2*116.4-CF34))*SQRT(2*116.4*(2*116.4-CF34)-((2*116.4-CF34)*(2*116.4-CF34))))))*669.8))/1000 -> 0 | CK34: =IF((CJ34-CJ33)<0,"0",(CJ34-CJ33)) -> 0 | CL34: =CK34*5.71 -> 0 | CN34: =(CM34*10775)/100 -> 0 | CP34: =(CO34*10775)/100 -> 0 | CR34: =(CQ34*10775)/100 -> 0 | CS34: =CN34+CP34+CR34 -> 0 | CT34: =IF((CS33-CS34+CU33)=CS33,"0",(CS33-CS34+CU33)) -> 0 | CW34: =IF((CV34-CV33)<0,"0",(CV34-CV33)) -> 0 | CX34: =CW34*5.71 -> 0 | CZ34: =IF((CY34-CY33)<0,"0",(CY34-CY33)) -> 0 | DA34: =CZ34*5.71 -> 0 | DC34: =IF((DB34-DB33)<0,"0",(DB34-DB33)) -> 0 | DD34: =DC34*5.71 -> 0 | DF34: =IF((DE34-DE33)<0,"0",(DE34-DE33)) -> 0 | DG34: =DF34*5.71 -> 0 | DI34: =IF((DH34-DH33)<0,"0",(DH34-DH33)) -> 0 | DJ34: =DI34*5.71 -> 0 | DL34: =IF((DK34-DK33)<0,"0",(DK34-DK33)) -> 0 | DM34: =DL34*5.71 -> 0 | DO34: =IF((DN34-DN33)<0,"0",(DN34-DN33)) -> 0 | DP34: =DO34*5.71 -> 0 | DQ34: 2309 | DR34: =IF((DQ34-DQ33)<0,"0",(DQ34-DQ33)) -> 2309 | DS34: =DR34*5.71 -> 13184.39 | DU34: =IF((DT34-DT33)<0,"0",(DT34-DT33)) -> 0 | DV34: =DU34*5.71 -> 0 | DX34: =IF((DW34-DW33)<0,"0",(DW34-DW33)) -> 0 | DY34: =DX34*5.71 -> 0 | EA34: =IF((DZ34-DZ33)<0,"0",(DZ34-DZ33)) -> 0 | EB34: =EA34*5.71 -> 0 | ED34: =IF((EC34-EC33)<0,"0",(EC34-EC33)) -> 0 | EE34: =ED34*5.71 -> 0 | EG34: =(EF34-EF33) -> 0 | EI34: =(EH34-EH33) -> 0 | EK34: =(EJ34-EJ33) -> 0 | EM34: =(EL34-EL33) -> 0
C35: =SUM(C4:C34) -> 68972 | E35: =SUM(E4:E34) -> 67119 | J35: =SUM(J4:J34) -> 0 | L35: =SUM(L4:L34) -> 1 | N35: =SUM(N4:N34) -> 31 | P35: =SUM(P4:P34) -> 1 | R35: =SUM(R4:R34) -> 24900 | T35: =SUM(T4:T34) -> 53800 | V35: =SUM(V4:V34) -> 2998031 | X35: =SUM(X4:X34) -> 1562 | Z35: =SUM(Z4:Z34) -> -319524 | AD35: =SUM(AD4:AD34) -> 0 | AF35: =SUM(AF4:AF34) -> 0 | AH35: =SUM(AH4:AH34) -> 1410 | AJ35: =SUM(AJ4:AJ34) -> 0 | AL35: =SUM(AL4:AL34) -> 6033 | AR35: =SUM(AR4:AR34) -> 641450 | AT35: =SUM(AT4:AT34) -> 100 | AV35: =SUM(AV4:AV34) -> 58075 | AX35: =SUM(AX4:AX34) -> 9451 | AZ35: =SUM(AZ4:AZ34) -> 11197 | BB35: =SUM(BB4:BB34) -> 37 | BD35: =SUM(BD4:BD34) -> 21393 | BF35: =SUM(BF4:BF34) -> 14 | BH35: =SUM(BH4:BH34) -> 18 | BJ35: =SUM(BJ4:BJ34) -> 8 | BL35: =SUM(BL4:BL34) -> 17 | BN35: =SUM(BN4:BN34) -> 5979 | BP35: =SUM(BP4:BP34) -> 208 | BR35: =SUM(BR4:BR34) -> 3641 | BS35: =SUM(BS4:BS34) -> 69 | BT35: =SUM(BT4:BT34) -> 641381 | BV35: =SUM(BV4:BV34) -> 570 | BX35: =SUM(BX4:BX34) -> 0 | BZ35: =SUM(BZ4:BZ34) -> 0 | CB35: =SUM(CB4:CB34) -> 90 | CC35: =SUM(CC4:CC34) -> -641450 | CD35: =SUM(CD4:CD34) -> 570 | CE35: =SUM(CE4:CE34) -> 106172 | CG35: =SUM(CG4:CG34) -> 59155.442 | CI35: =SUM(CI4:CI34) -> 19718.481 | CK35: =SUM(CK4:CK34) -> 10077 | CL35: =SUM(CL4:CL34) -> 57539.67 | CN35: =SUM(CN4:CN34) -> 11098.25 | CP35: =SUM(CP4:CP34) -> 17778.75 | CR35: =SUM(CR4:CR34) -> 17563.25 | CS35: =SUM(CS4:CS34) -> 46440.25 | CT35: =SUM(CT4:CT34) -> 5172 | CU35: =SUM(CU3:CU34) -> 0 | CW35: =SUM(CW4:CW34) -> 128 | CX35: =SUM(CX4:CX34) -> 730.88 | CZ35: =SUM(CZ4:CZ34) -> 25 | DA35: =SUM(DA4:DA34) -> 142.75 | DC35: =SUM(DC4:DC34) -> 51 | DD35: =SUM(DD4:DD34) -> 291.21 | DF35: =SUM(DF4:DF34) -> 449 | DG35: =SUM(DG4:DG34) -> 2563.79 | DI35: =SUM(DI4:DI34) -> 52 | DJ35: =SUM(DJ4:DJ34) -> 296.92 | DL35: =SUM(DL4:DL34) -> 40 | DM35: =SUM(DM4:DM34) -> 228.4 | DO35: =SUM(DO4:DO34) -> 32 | DP35: =SUM(DP4:DP34) -> 182.72 | DR35: =SUM(DR4:DR34) -> 2314 | DS35: =SUM(DS4:DS34) -> 13212.94 | DU35: =SUM(DU4:DU34) -> 50 | DV35: =SUM(DV4:DV34) -> 285.5 | DX35: =SUM(DX4:DX34) -> 34 | DY35: =SUM(DY4:DY34) -> 194.14 | EA35: =SUM(EA4:EA34) -> 33 | EB35: =SUM(EB4:EB34) -> 188.43 | ED35: =SUM(ED4:ED34) -> 41 | EE35: =SUM(EE4:EE34) -> 234.11 | EG35: =SUM(EG4:EG34) -> 0 | EI35: =SUM(EI4:EI34) -> 0 | EK35: =SUM(EK4:EK34) -> 0 | EM35: =SUM(EM4:EM34) -> 0 | EN35: =SUM(EN4:EN34) -> 205 | EO35: =SUM(EO4:EO34) -> 603
A37: 1 | B37: 2 | C37: 3 | D37: 4 | E37: 5 | F37: 6 | G37: 7 | H37: 8 | I37: 9 | J37: 10 | K37: 11 | L37: 12 | M37: 13 | N37: 14 | O37: 15 | P37: 16 | Q37: 17 | R37: 18 | S37: 19 | T37: 20 | U37: 21 | V37: 22 | W37: 23 | X37: 24 | Y37: 25 | Z37: 26 | AA37: 27 | AB37: 28 | AC37: 29 | AD37: 30 | AE37: 31 | AF37: 32 | AG37: 33 | AH37: 34 | AI37: 35 | AJ37: 36 | AK37: 37 | AL37: 38 | AM37: 39 | AN37: 40 | AO37: 41 | AP37: 42 | AQ37: 43 | AR37: 44 | AS37: 45 | AT37: 46 | AU37: 47 | AV37: 48 | AW37: 49 | AX37: 50 | AY37: 51 | AZ37: 52 | BA37: 53 | BB37: 54 | BC37: 55 | BD37: 56 | BE37: 57 | BF37: 58 | BG37: 59 | BH37: 60 | BI37: 61 | BJ37: 62 | BK37: 63 | BL37: 64 | BM37: 65 | BN37: 66 | BO37: 67 | BP37: 68 | BQ37: 69 | BR37: 70 | BS37: 71 | BT37: 72 | BU37: 73 | BV37: 74 | BW37: 75 | BX37: 76 | BY37: 77 | BZ37: 78 | CA37: 79 | CB37: 80 | CC37: 81 | CD37: 82 | CE37: 83 | CF37: 84 | CG37: 85 | CH37: 86 | CI37: 87 | CJ37: 88 | CK37: 89 | CL37: 90 | CM37: 91 | CN37: 92 | CO37: 93 | CP37: 94 | CQ37: 95 | CR37: 96 | CS37: 97 | CT37: 98 | CU37: 99 | CV37: 100 | CW37: 101 | CX37: 102 | CY37: 103 | CZ37: 104 | DA37: 105 | DB37: 106 | DC37: 107 | DD37: 108 | DE37: 109 | DF37: 110 | DG37: 111 | DH37: 112 | DI37: 113 | DJ37: 114 | DK37: 115 | DL37: 116 | DM37: 117 | DN37: 118 | DO37: 119 | DP37: 120 | DQ37: 121 | DR37: 122 | DS37: 123 | DT37: 124 | DU37: 125 | DV37: 126 | DW37: 127 | DX37: 128 | DY37: 129 | DZ37: 130 | EA37: 131 | EB37: 132 | EC37: 133 | ED37: 134 | EE37: 135 | EF37: 136 | EG37: 137 | EH37: 138 | EI37: 139 | EJ37: 140 | EK37: 141 | EL37: 142 | EM37: 143 | EN37: 144 | EO37: 145 | EP37: 146 | EQ37: 147 | ER37: 148 | ES37: 149
EF38: =EF23-EF20 -> 0
CK45: Q @ T- 25 deg | CL45: P
CJ46: Main | CK46: =2.383*(288/298)*(((CL46/1000)+1.013)/1.013) -> 5.7132511 | CL46: 1500
CJ47: Main Kitchen | CK47: =2.383*(288/298)*(((CL47/1000)+1.013)/1.013) -> 2.4167075 | CL47: 50
CJ48: Beau Champ | CK48: =2.383*(288/298)*(((CL48/1000)+1.013)/1.013) -> 2.4167075 | CL48: 50
CJ49: Aquapazza | CK49: =2.383*(288/298)*(((CL49/1000)+1.013)/1.013) -> 2.3030336
CJ50: Bambou | CK50: =2.383*(288/298)*(((CL50/1000)+1.013)/1.013) -> 2.3030336
CJ51: Pantry | CK51: =2.383*(288/298)*(((CL51/1000)+1.013)/1.013) -> 2.3416827 | CL51: 17
CJ52: LV 4xx | CK52: =2.383*(288/298)*(((CL52/1000)+1.013)/1.013) -> 2.3030336
CJ53: LV5xx | CK53: =2.383*(288/298)*(((CL53/1000)+1.013)/1.013) -> 2.3030336
CJ54: Porte Coshere | CK54: =2.383*(288/298)*(((CL54/1000)+1.013)/1.013) -> 2.3030336
CJ55: Steam Boiler | CK55: =2.383*(288/298)*(((CL55/1000)+1.013)/1.013) -> 2.3712379 | CL55: 30

Sheet Genset Report
A1: Diesel Reading
B2: Generator 1 | G2: Generator 2 | L2: Diesel Tank
A3: Date | B3: Voltage | C3: KWh Meter | D3: KWh | E3: Run Hrs | F3: Run Hrs | G3: Voltage | H3: KWh Meter | I3: KWh | J3: Run Hrs | K3: Run Hrs | L3: Level (cm) | M3: Total Stock | N3: Refill | O3: Consumption
A4: ='Current month'!A3 -> 44773 | C4: ='Current month'!I3 -> 292000 | E4: ='Current month'!K3 -> 803 | H4: ='Current month'!M3 -> 644837 | J4: ='Current month'!O3 -> 1033 | L4: ='Current month'!CF3 -> 152 | M4: =(IF(L4<=116.4,((116.4*116.4*ACOS((116.4-L4)/116.4))-((116.4-L4)*SQRT(2*116.4*L4-L4*L4)))*669.8,((3.1416*116.4*116.4)-((116.4*116.4*ACOS((116.4-(2*116.4-L4))/116.4))-((116.4-(2*116.4-L4))*SQRT(2*116.4*(2*116.4-L4)-((2*116.4-L4)*(2*116.4-L4))))))*669.8))/1000+N4 -> 19718.481
A5: ='Current month'!A4 -> 44774 | B5: 43221 | C5: ='Current month'!I4 -> 292000 | D5: =C5-C4 -> 0 | E5: ='Current month'!K4 -> 803 | F5: =E5-E4 -> 0 | H5: ='Current month'!M4 -> 644807 | I5: =H5-H4 -> -30 | J5: ='Current month'!O4 -> 1033 | K5: =J5-J4 -> 0 | L5: ='Current month'!CF4 -> 152 | M5: =(IF(L5<=116.4,((116.4*116.4*ACOS((116.4-L5)/116.4))-((116.4-L5)*SQRT(2*116.4*L5-L5*L5)))*669.8,((3.1416*116.4*116.4)-((116.4*116.4*ACOS((116.4-(2*116.4-L5))/116.4))-((116.4-(2*116.4-L5))*SQRT(2*116.4*(2*116.4-L5)-((2*116.4-L5)*(2*116.4-L5))))))*669.8))/1000+N5 -> 19718.481 | O5: =M4-M5+N5 -> 0
A6: ='Current month'!A5 -> 44775 | B6: 43222 | C6: ='Current month'!I5 -> 292000 | D6: =C6-C5 -> 0 | E6: ='Current month'!K5 -> 803 | F6: =E6-E5 -> 0 | H6: ='Current month'!M5 -> 644837 | I6: =H6-H5 -> 30 | J6: ='Current month'!O5 -> 1033 | K6: =J6-J5 -> 0 | L6: ='Current month'!CF5 -> 152 | M6: =(IF(L6<=116.4,((116.4*116.4*ACOS((116.4-L6)/116.4))-((116.4-L6)*SQRT(2*116.4*L6-L6*L6)))*669.8,((3.1416*116.4*116.4)-((116.4*116.4*ACOS((116.4-(2*116.4-L6))/116.4))-((116.4-(2*116.4-L6))*SQRT(2*116.4*(2*116.4-L6)-((2*116.4-L6)*(2*116.4-L6))))))*669.8))/1000+N6 -> 19718.481 | O6: =M5-M6+N6 -> 0
A7: ='Current month'!A6 -> 44776 | B7: 43223 | C7: ='Current month'!I6 -> 292000 | D7: =C7-C6 -> 0 | E7: ='Current month'!K6 -> 803 | F7: =E7-E6 -> 0 | H7: ='Current month'!M6 -> 644837 | I7: =H7-H6 -> 0 | J7: ='Current month'!O6 -> 1033 | K7: =J7-J6 -> 0 | L7: ='Current month'!CF6 -> 152 | M7: =(IF(L7<=116.4,((116.4*116.4*ACOS((116.4-L7)/116.4))-((116.4-L7)*SQRT(2*116.4*L7-L7*L7)))*669.8,((3.1416*116.4*116.4)-((116.4*116.4*ACOS((116.4-(2*116.4-L7))/116.4))-((116.4-(2*116.4-L7))*SQRT(2*116.4*(2*116.4-L7)-((2*116.4-L7)*(2*116.4-L7))))))*669.8))/1000+N7 -> 19718.481 | O7: =M6-M7+N7 -> 0
A8: ='Current month'!A7 -> 44777 | B8: 43224 | C8: ='Current month'!I7 -> 0 | D8: =C8-C7 -> -292000 | E8: ='Current month'!K7 -> 0 | F8: =E8-E7 -> -803 | H8: ='Current month'!M7 -> 0 | I8: =H8-H7 -> -644837 | J8: ='Current month'!O7 -> 0 | K8: =J8-J7 -> -1033 | L8: ='Current month'!CF7 -> 0 | M8: =(IF(L8<=116.4,((116.4*116.4*ACOS((116.4-L8)/116.4))-((116.4-L8)*SQRT(2*116.4*L8-L8*L8)))*669.8,((3.1416*116.4*116.4)-((116.4*116.4*ACOS((116.4-(2*116.4-L8))/116.4))-((116.4-(2*116.4-L8))*SQRT(2*116.4*(2*116.4-L8)-((2*116.4-L8)*(2*116.4-L8))))))*669.8))/1000+N8 -> 0 | O8: =M7-M8+N8 -> 19718.481
A9: ='Current month'!A8 -> 44778 | B9: 43225 | C9: ='Current month'!I8 -> 0 | D9: =C9-C8 -> 0 | E9: ='Current month'!K8 -> 0 | F9: =E9-E8 -> 0 | H9: ='Current month'!M8 -> 0 | I9: =H9-H8 -> 0 | J9: ='Current month'!O8 -> 0 | K9: =J9-J8 -> 0 | L9: ='Current month'!CF8 -> 0 | M9: =(IF(L9<=116.4,((116.4*116.4*ACOS((116.4-L9)/116.4))-((116.4-L9)*SQRT(2*116.4*L9-L9*L9)))*669.8,((3.1416*116.4*116.4)-((116.4*116.4*ACOS((116.4-(2*116.4-L9))/116.4))-((116.4-(2*116.4-L9))*SQRT(2*116.4*(2*116.4-L9)-((2*116.4-L9)*(2*116.4-L9))))))*669.8))/1000+N9 -> 0 | O9: =M8-M9+N9 -> 0
A10: ='Current month'!A9 -> 44779 | B10: 43226 | C10: ='Current month'!I9 -> 0 | D10: =C10-C9 -> 0 | E10: ='Current month'!K9 -> 0 | F10: =E10-E9 -> 0 | H10: ='Current month'!M9 -> 0 | I10: =H10-H9 -> 0 | J10: ='Current month'!O9 -> 0 | K10: =J10-J9 -> 0 | L10: ='Current month'!CF9 -> 0 | M10: =(IF(L10<=116.4,((116.4*116.4*ACOS((116.4-L10)/116.4))-((116.4-L10)*SQRT(2*116.4*L10-L10*L10)))*669.8,((3.1416*116.4*116.4)-((116.4*116.4*ACOS((116.4-(2*116.4-L10))/116.4))-((116.4-(2*116.4-L10))*SQRT(2*116.4*(2*116.4-L10)-((2*116.4-L10)*(2*116.4-L10))))))*669.8))/1000+N10 -> 0 | O10: =M9-M10+N10 -> 0
A11: ='Current month'!A10 -> 44780 | B11: 43227 | C11: ='Current month'!M10 -> 0 | D11: =C11-C10 -> 0 | E11: ='Current month'!K10 -> 0 | F11: =E11-E10 -> 0 | H11: ='Current month'!#REF! -> #REF! | I11: =H11-H10 -> #REF! | J11: ='Current month'!O10 -> 0 | K11: =J11-J10 -> 0 | L11: ='Current month'!CF10 -> 0 | M11: =(IF(L11<=116.4,((116.4*116.4*ACOS((116.4-L11)/116.4))-((116.4-L11)*SQRT(2*116.4*L11-L11*L11)))*669.8,((3.1416*116.4*116.4)-((116.4*116.4*ACOS((116.4-(2*116.4-L11))/116.4))-((116.4-(2*116.4-L11))*SQRT(2*116.4*(2*116.4-L11)-((2*116.4-L11)*(2*116.4-L11))))))*669.8))/1000+N11 -> 0 | O11: =M10-M11+N11 -> 0
A12: ='Current month'!A11 -> 44781 | B12: 43228 | C12: ='Current month'!I11 -> 0 | D12: =C12-C11 -> 0 | E12: ='Current month'!K11 -> 0 | F12: =E12-E11 -> 0 | H12: ='Current month'!M11 -> 0 | I12: =H12-H11 -> #REF! | J12: ='Current month'!O11 -> 0 | K12: =J12-J11 -> 0 | L12: ='Current month'!CF11 -> 0 | M12: =(IF(L12<=116.4,((116.4*116.4*ACOS((116.4-L12)/116.4))-((116.4-L12)*SQRT(2*116.4*L12-L12*L12)))*669.8,((3.1416*116.4*116.4)-((116.4*116.4*ACOS((116.4-(2*116.4-L12))/116.4))-((116.4-(2*116.4-L12))*SQRT(2*116.4*(2*116.4-L12)-((2*116.4-L12)*(2*116.4-L12))))))*669.8))/1000+N12 -> 0 | O12: =M11-M12+N12 -> 0
A13: ='Current month'!A12 -> 44782 | B13: 43229 | C13: ='Current month'!I12 -> 0 | D13: =C13-C12 -> 0 | E13: ='Current month'!K12 -> 0 | F13: =E13-E12 -> 0 | H13: ='Current month'!M12 -> 0 | I13: =H13-H12 -> 0 | J13: ='Current month'!O13 -> 0 | K13: =J13-J12 -> 0 | L13: ='Current month'!CF12 -> 0 | M13: =(IF(L13<=116.4,((116.4*116.4*ACOS((116.4-L13)/116.4))-((116.4-L13)*SQRT(2*116.4*L13-L13*L13)))*669.8,((3.1416*116.4*116.4)-((116.4*116.4*ACOS((116.4-(2*116.4-L13))/116.4))-((116.4-(2*116.4-L13))*SQRT(2*116.4*(2*116.4-L13)-((2*116.4-L13)*(2*116.4-L13))))))*669.8))/1000+N13 -> 0 | O13: =M12-M13+N13 -> 0
A14: ='Current month'!A13 -> 44783 | B14: 43230 | C14: ='Current month'!I13 -> 0 | D14: =C14-C13 -> 0 | E14: ='Current month'!K13 -> 0 | F14: =E14-E13 -> 0 | H14: ='Current month'!M13 -> 0 | I14: =H14-H13 -> 0 | J14: ='Current month'!#REF! -> #REF! | K14: =J14-J13 -> #REF! | L14: ='Current month'!CF13 -> 0 | M14: =(IF(L14<=116.4,((116.4*116.4*ACOS((116.4-L14)/116.4))-((116.4-L14)*SQRT(2*116.4*L14-L14*L14)))*669.8,((3.1416*116.4*116.4)-((116.4*116.4*ACOS((116.4-(2*116.4-L14))/116.4))-((116.4-(2*116.4-L14))*SQRT(2*116.4*(2*116.4-L14)-((2*116.4-L14)*(2*116.4-L14))))))*669.8))/1000+N14 -> 0 | O14: =M13-M14+N14 -> 0
A15: ='Current month'!A14 -> 44784 | B15: 43231 | C15: ='Current month'!I14 -> 0 | D15: =C15-C14 -> 0 | E15: ='Current month'!K14 -> 0 | F15: =E15-E14 -> 0 | H15: ='Current month'!M14 -> 0 | I15: =H15-H14 -> 0 | J15: ='Current month'!O14 -> 0 | K15: =J15-J14 -> #REF! | L15: ='Current month'!CF14 -> 0 | M15: =(IF(L15<=116.4,((116.4*116.4*ACOS((116.4-L15)/116.4))-((116.4-L15)*SQRT(2*116.4*L15-L15*L15)))*669.8,((3.1416*116.4*116.4)-((116.4*116.4*ACOS((116.4-(2*116.4-L15))/116.4))-((116.4-(2*116.4-L15))*SQRT(2*116.4*(2*116.4-L15)-((2*116.4-L15)*(2*116.4-L15))))))*669.8))/1000+N15 -> 0 | O15: =M14-M15+N15 -> 0
A16: ='Current month'!A15 -> 44785 | B16: 43232 | C16: ='Current month'!I15 -> 0 | D16: =C16-C15 -> 0 | E16: ='Current month'!K15 -> 0 | F16: =E16-E15 -> 0 | H16: ='Current month'!M15 -> 0 | I16: =H16-H15 -> 0 | J16: ='Current month'!O15 -> 0 | K16: =J16-J15 -> 0 | L16: ='Current month'!CF15 -> 0 | M16: =(IF(L16<=116.4,((116.4*116.4*ACOS((116.4-L16)/116.4))-((116.4-L16)*SQRT(2*116.4*L16-L16*L16)))*669.8,((3.1416*116.4*116.4)-((116.4*116.4*ACOS((116.4-(2*116.4-L16))/116.4))-((116.4-(2*116.4-L16))*SQRT(2*116.4*(2*116.4-L16)-((2*116.4-L16)*(2*116.4-L16))))))*669.8))/1000+N16 -> 0 | O16: =M15-M16+N16 -> 0
A17: ='Current month'!A16 -> 44786 | B17: 43233 | C17: ='Current month'!I16 -> 0 | D17: =C17-C16 -> 0 | E17: ='Current month'!K16 -> 0 | F17: =E17-E16 -> 0 | H17: ='Current month'!M16 -> 0 | I17: =H17-H16 -> 0 | J17: ='Current month'!O16 -> 0 | K17: =J17-J16 -> 0 | L17: ='Current month'!CF16 -> 0 | M17: =(IF(L17<=116.4,((116.4*116.4*ACOS((116.4-L17)/116.4))-((116.4-L17)*SQRT(2*116.4*L17-L17*L17)))*669.8,((3.1416*116.4*116.4)-((116.4*116.4*ACOS((116.4-(2*116.4-L17))/116.4))-((116.4-(2*116.4-L17))*SQRT(2*116.4*(2*116.4-L17)-((2*116.4-L17)*(2*116.4-L17))))))*669.8))/1000+N17 -> 0 | O17: =M16-M17+N17 -> 0
A18: ='Current month'!A17 -> 44787 | B18: 43234 | C18: ='Current month'!I17 -> 0 | D18: =C18-C17 -> 0 | E18: ='Current month'!K17 -> 0 | F18: =E18-E17 -> 0 | H18: ='Current month'!M17 -> 0 | I18: =H18-H17 -> 0 | J18: ='Current month'!O17 -> 0 | K18: =J18-J17 -> 0 | L18: ='Current month'!CF17 -> 0 | M18: =(IF(L18<=116.4,((116.4*116.4*ACOS((116.4-L18)/116.4))-((116.4-L18)*SQRT(2*116.4*L18-L18*L18)))*669.8,((3.1416*116.4*116.4)-((116.4*116.4*ACOS((116.4-(2*116.4-L18))/116.4))-((116.4-(2*116.4-L18))*SQRT(2*116.4*(2*116.4-L18)-((2*116.4-L18)*(2*116.4-L18))))))*669.8))/1000+N18 -> 0 | O18: =M17-M18+N18 -> 0
A19: ='Current month'!A18 -> 44788 | B19: 43235 | C19: ='Current month'!I18 -> 0 | D19: =C19-C18 -> 0 | E19: ='Current month'!K18 -> 0 | F19: =E19-E18 -> 0 | H19: ='Current month'!M18 -> 0 | I19: =H19-H18 -> 0 | J19: ='Current month'!O18 -> 0 | K19: =J19-J18 -> 0 | L19: ='Current month'!CF18 -> 0 | M19: =(IF(L19<=116.4,((116.4*116.4*ACOS((116.4-L19)/116.4))-((116.4-L19)*SQRT(2*116.4*L19-L19*L19)))*669.8,((3.1416*116.4*116.4)-((116.4*116.4*ACOS((116.4-(2*116.4-L19))/116.4))-((116.4-(2*116.4-L19))*SQRT(2*116.4*(2*116.4-L19)-((2*116.4-L19)*(2*116.4-L19))))))*669.8))/1000+N19 -> 0 | O19: =M18-M19+N19 -> 0
A20: ='Current month'!A19 -> 44789 | B20: 43236 | C20: ='Current month'!I19 -> 0 | D20: =C20-C19 -> 0 | E20: ='Current month'!K19 -> 0 | F20: =E20-E19 -> 0 | H20: ='Current month'!M19 -> 0 | I20: =H20-H19 -> 0 | J20: ='Current month'!O20 -> 0 | K20: =J20-J19 -> 0 | L20: ='Current month'!CF19 -> 0 | M20: =(IF(L20<=116.4,((116.4*116.4*ACOS((116.4-L20)/116.4))-((116.4-L20)*SQRT(2*116.4*L20-L20*L20)))*669.8,((3.1416*116.4*116.4)-((116.4*116.4*ACOS((116.4-(2*116.4-L20))/116.4))-((116.4-(2*116.4-L20))*SQRT(2*116.4*(2*116.4-L20)-((2*116.4-L20)*(2*116.4-L20))))))*669.8))/1000+N20 -> 0 | O20: =M19-M20+N20 -> 0
A21: ='Current month'!A20 -> 44790 | B21: 43237 | C21: ='Current month'!I20 -> 0 | D21: =C21-C20 -> 0 | E21: ='Current month'!K20 -> 0 | F21: =E21-E20 -> 0 | H21: ='Current month'!M20 -> 0 | I21: =H21-H20 -> 0 | J21: ='Current month'!#REF! -> #REF! | K21: =J21-J20 -> #REF! | L21: ='Current month'!CF20 -> 0 | M21: =(IF(L21<=116.4,((116.4*116.4*ACOS((116.4-L21)/116.4))-((116.4-L21)*SQRT(2*116.4*L21-L21*L21)))*669.8,((3.1416*116.4*116.4)-((116.4*116.4*ACOS((116.4-(2*116.4-L21))/116.4))-((116.4-(2*116.4-L21))*SQRT(2*116.4*(2*116.4-L21)-((2*116.4-L21)*(2*116.4-L21))))))*669.8))/1000+N21 -> 0 | O21: =M20-M21+N21 -> 0
A22: ='Current month'!A21 -> 44791 | B22: 43238 | C22: ='Current month'!I21 -> 0 | D22: =C22-C21 -> 0 | E22: ='Current month'!K21 -> 0 | F22: =E22-E21 -> 0 | H22: ='Current month'!M21 -> 0 | I22: =H22-H21 -> 0 | J22: ='Current month'!O21 -> 0 | K22: =J22-J21 -> #REF! | L22: ='Current month'!CF21 -> 0 | M22: =(IF(L22<=116.4,((116.4*116.4*ACOS((116.4-L22)/116.4))-((116.4-L22)*SQRT(2*116.4*L22-L22*L22)))*669.8,((3.1416*116.4*116.4)-((116.4*116.4*ACOS((116.4-(2*116.4-L22))/116.4))-((116.4-(2*116.4-L22))*SQRT(2*116.4*(2*116.4-L22)-((2*116.4-L22)*(2*116.4-L22))))))*669.8))/1000+N22 -> 0 | O22: =M21-M22+N22 -> 0
A23: ='Current month'!A22 -> 44792 | B23: 43239 | C23: ='Current month'!I22 -> 0 | D23: =C23-C22 -> 0 | E23: ='Current month'!K22 -> 0 | F23: =E23-E22 -> 0 | H23: ='Current month'!M22 -> 0 | I23: =H23-H22 -> 0 | J23: ='Current month'!O22 -> 0 | K23: =J23-J22 -> 0 | L23: ='Current month'!CF22 -> 0 | M23: =(IF(L23<=116.4,((116.4*116.4*ACOS((116.4-L23)/116.4))-((116.4-L23)*SQRT(2*116.4*L23-L23*L23)))*669.8,((3.1416*116.4*116.4)-((116.4*116.4*ACOS((116.4-(2*116.4-L23))/116.4))-((116.4-(2*116.4-L23))*SQRT(2*116.4*(2*116.4-L23)-((2*116.4-L23)*(2*116.4-L23))))))*669.8))/1000+N23 -> 0 | O23: =M22-M23+N23 -> 0
A24: ='Current month'!A23 -> 44793 | B24: 43240 | C24: ='Current month'!I23 -> 0 | D24: =C24-C23 -> 0 | E24: ='Current month'!K23 -> 0 | F24: =E24-E23 -> 0 | H24: ='Current month'!M23 -> 0 | I24: =H24-H23 -> 0 | J24: ='Current month'!O23 -> 0 | K24: =J24-J23 -> 0 | L24: ='Current month'!CF23 -> 0 | M24: =(IF(L24<=116.4,((116.4*116.4*ACOS((116.4-L24)/116.4))-((116.4-L24)*SQRT(2*116.4*L24-L24*L24)))*669.8,((3.1416*116.4*116.4)-((116.4*116.4*ACOS((116.4-(2*116.4-L24))/116.4))-((116.4-(2*116.4-L24))*SQRT(2*116.4*(2*116.4-L24)-((2*116.4-L24)*(2*116.4-L24))))))*669.8))/1000+N24 -> 0 | O24: =M23-M24+N24 -> 0
A25: ='Current month'!A24 -> 44794 | B25: 43241 | C25: ='Current month'!I24 -> 0 | D25: =C25-C24 -> 0 | E25: ='Current month'!K25 -> 0 | F25: =E25-E24 -> 0 | H25: ='Current month'!M24 -> 0 | I25: =H25-H24 -> 0 | J25: ='Current month'!O24 -> 0 | K25: =J25-J24 -> 0 | L25: ='Current month'!CF24 -> 0 | M25: =(IF(L25<=116.4,((116.4*116.4*ACOS((116.4-L25)/116.4))-((116.4-L25)*SQRT(2*116.4*L25-L25*L25)))*669.8,((3.1416*116.4*116.4)-((116.4*116.4*ACOS((116.4-(2*116.4-L25))/116.4))-((116.4-(2*116.4-L25))*SQRT(2*116.4*(2*116.4-L25)-((2*116.4-L25)*(2*116.4-L25))))))*669.8))/1000+N25 -> 0 | O25: =M24-M25+N25 -> 0
A26: ='Current month'!A25 -> 44795 | B26: 43242 | C26: ='Current month'!I25 -> 0 | D26: =C26-C25 -> 0 | E26: ='Current month'!#REF! -> #REF! | F26: =E26-E25 -> #REF! | H26: ='Current month'!M25 -> 0 | I26: =H26-H25 -> 0 | J26: ='Current month'!O25 -> 0 | K26: =J26-J25 -> 0 | L26: ='Current month'!CF25 -> 0 | M26: =(IF(L26<=116.4,((116.4*116.4*ACOS((116.4-L26)/116.4))-((116.4-L26)*SQRT(2*116.4*L26-L26*L26)))*669.8,((3.1416*116.4*116.4)-((116.4*116.4*ACOS((116.4-(2*116.4-L26))/116.4))-((116.4-(2*116.4-L26))*SQRT(2*116.4*(2*116.4-L26)-((2*116.4-L26)*(2*116.4-L26))))))*669.8))/1000+N26 -> 0 | O26: =M25-M26+N26 -> 0
A27: ='Current month'!A26 -> 44796 | B27: 43243 | C27: ='Current month'!I26 -> 0 | D27: =C27-C26 -> 0 | E27: ='Current month'!K26 -> 0 | F27: =E27-E26 -> #REF! | H27: ='Current month'!M26 -> 0 | I27: =H27-H26 -> 0 | J27: ='Current month'!O26 -> 0 | K27: =J27-J26 -> 0 | L27: ='Current month'!CF26 -> 0 | M27: =(IF(L27<=116.4,((116.4*116.4*ACOS((116.4-L27)/116.4))-((116.4-L27)*SQRT(2*116.4*L27-L27*L27)))*669.8,((3.1416*116.4*116.4)-((116.4*116.4*ACOS((116.4-(2*116.4-L27))/116.4))-((116.4-(2*116.4-L27))*SQRT(2*116.4*(2*116.4-L27)-((2*116.4-L27)*(2*116.4-L27))))))*669.8))/1000+N27 -> 0 | O27: =M26-M27+N27 -> 0
A28: ='Current month'!A27 -> 44797 | B28: 43244 | C28: ='Current month'!I27 -> 0 | D28: =C28-C27 -> 0 | E28: ='Current month'!K28 -> 0 | F28: =E28-E27 -> 0 | H28: ='Current month'!M27 -> 0 | I28: =H28-H27 -> 0 | J28: ='Current month'!O27 -> 0 | K28: =J28-J27 -> 0 | L28: ='Current month'!CF27 -> 0 | M28: =(IF(L28<=116.4,((116.4*116.4*ACOS((116.4-L28)/116.4))-((116.4-L28)*SQRT(2*116.4*L28-L28*L28)))*669.8,((3.1416*116.4*116.4)-((116.4*116.4*ACOS((116.4-(2*116.4-L28))/116.4))-((116.4-(2*116.4-L28))*SQRT(2*116.4*(2*116.4-L28)-((2*116.4-L28)*(2*116.4-L28))))))*669.8))/1000+N28 -> 0 | O28: =M27-M28+N28 -> 0
A29: ='Current month'!A28 -> 44798 | B29: 43245 | C29: ='Current month'!I28 -> 0 | D29: =C29-C28 -> 0 | E29: ='Current month'!#REF! -> #REF! | F29: =E29-E28 -> #REF! | H29: ='Current month'!M28 -> 0 | I29: =H29-H28 -> 0 | J29: ='Current month'!O28 -> 0 | K29: =J29-J28 -> 0 | L29: ='Current month'!CF28 -> 0 | M29: =(IF(L29<=116.4,((116.4*116.4*ACOS((116.4-L29)/116.4))-((116.4-L29)*SQRT(2*116.4*L29-L29*L29)))*669.8,((3.1416*116.4*116.4)-((116.4*116.4*ACOS((116.4-(2*116.4-L29))/116.4))-((116.4-(2*116.4-L29))*SQRT(2*116.4*(2*116.4-L29)-((2*116.4-L29)*(2*116.4-L29))))))*669.8))/1000+N29 -> 0 | O29: =M28-M29+N29 -> 0
A30: ='Current month'!A29 -> 44799 | B30: 43246 | C30: ='Current month'!I29 -> 0 | D30: =C30-C29 -> 0 | E30: ='Current month'!K30 -> 0 | F30: =E30-E29 -> #REF! | H30: ='Current month'!M29 -> 0 | I30: =H30-H29 -> 0 | J30: ='Current month'!O29 -> 0 | K30: =J30-J29 -> 0 | L30: ='Current month'!CF29 -> 0 | M30: =(IF(L30<=116.4,((116.4*116.4*ACOS((116.4-L30)/116.4))-((116.4-L30)*SQRT(2*116.4*L30-L30*L30)))*669.8,((3.1416*116.4*116.4)-((116.4*116.4*ACOS((116.4-(2*116.4-L30))/116.4))-((116.4-(2*116.4-L30))*SQRT(2*116.4*(2*116.4-L30)-((2*116.4-L30)*(2*116.4-L30))))))*669.8))/1000+N30 -> 0 | O30: =M29-M30+N30 -> 0
A31: ='Current month'!A30 -> 44800 | B31: 43247 | C31: ='Current month'!I30 -> 0 | D31: =C31-C30 -> 0 | E31: ='Current month'!#REF! -> #REF! | F31: =E31-E30 -> #REF! | H31: ='Current month'!M30 -> 0 | I31: =H31-H30 -> 0 | J31: ='Current month'!O30 -> 0 | K31: =J31-J30 -> 0 | L31: ='Current month'!CF30 -> 0 | M31: =(IF(L31<=116.4,((116.4*116.4*ACOS((116.4-L31)/116.4))-((116.4-L31)*SQRT(2*116.4*L31-L31*L31)))*669.8,((3.1416*116.4*116.4)-((116.4*116.4*ACOS((116.4-(2*116.4-L31))/116.4))-((116.4-(2*116.4-L31))*SQRT(2*116.4*(2*116.4-L31)-((2*116.4-L31)*(2*116.4-L31))))))*669.8))/1000+N31 -> 0 | O31: =M30-M31+N31 -> 0
A32: ='Current month'!A31 -> 44801 | B32: 43248 | C32: ='Current month'!I31 -> 0 | D32: =C32-C31 -> 0 | E32: ='Current month'!K31 -> 0 | F32: =E32-E31 -> #REF! | H32: ='Current month'!M31 -> 0 | I32: =H32-H31 -> 0 | J32: ='Current month'!O31 -> 0 | K32: =J32-J31 -> 0 | L32: ='Current month'!CF31 -> 0 | M32: =(IF(L32<=116.4,((116.4*116.4*ACOS((116.4-L32)/116.4))-((116.4-L32)*SQRT(2*116.4*L32-L32*L32)))*669.8,((3.1416*116.4*116.4)-((116.4*116.4*ACOS((116.4-(2*116.4-L32))/116.4))-((116.4-(2*116.4-L32))*SQRT(2*116.4*(2*116.4-L32)-((2*116.4-L32)*(2*116.4-L32))))))*669.8))/1000+N32 -> 0 | O32: =M31-M32+N32 -> 0
A33: ='Current month'!A32 -> 44802 | B33: 43249 | C33: ='Current month'!I32 -> 0 | D33: =C33-C32 -> 0 | E33: ='Current month'!K32 -> 0 | F33: =E33-E32 -> 0 | H33: ='Current month'!M32 -> 0 | I33: =H33-H32 -> 0 | J33: ='Current month'!O32 -> 0 | K33: =J33-J32 -> 0 | L33: ='Current month'!CF32 -> 0 | M33: =(IF(L33<=116.4,((116.4*116.4*ACOS((116.4-L33)/116.4))-((116.4-L33)*SQRT(2*116.4*L33-L33*L33)))*669.8,((3.1416*116.4*116.4)-((116.4*116.4*ACOS((116.4-(2*116.4-L33))/116.4))-((116.4-(2*116.4-L33))*SQRT(2*116.4*(2*116.4-L33)-((2*116.4-L33)*(2*116.4-L33))))))*669.8))/1000+N33 -> 0 | O33: =M32-M33+N33 -> 0
A34: ='Current month'!A33 -> 44803 | B34: 43250 | C34: ='Current month'!I33 -> 0 | D34: =C34-C33 -> 0 | E34: ='Current month'!K33 -> 0 | F34: =E34-E33 -> 0 | H34: ='Current month'!M33 -> 0 | I34: =H34-H33 -> 0 | J34: ='Current month'!O33 -> 0 | K34: =J34-J33 -> 0 | L34: ='Current month'!CF33 -> 0 | M34: =(IF(L34<=116.4,((116.4*116.4*ACOS((116.4-L34)/116.4))-((116.4-L34)*SQRT(2*116.4*L34-L34*L34)))*669.8,((3.1416*116.4*116.4)-((116.4*116.4*ACOS((116.4-(2*116.4-L34))/116.4))-((116.4-(2*116.4-L34))*SQRT(2*116.4*(2*116.4-L34)-((2*116.4-L34)*(2*116.4-L34))))))*669.8))/1000+N34 -> 0 | O34: =M33-M34+N34 -> 0
A35: ='Current month'!#REF! -> #REF! | C35: ='Current month'!#REF! -> #REF! | D35: =C35-C34 -> #REF! | E35: ='Current month'!#REF! -> #REF! | F35: =E35-E34 -> #REF! | H35: ='Current month'!#REF! -> #REF! | I35: =H35-H34 -> #REF! | J35: ='Current month'!#REF! -> #REF! | K35: =J35-J34 -> #REF! | L35: ='Current month'!#REF! -> #REF! | M35: =(IF(L35<=116.4,((116.4*116.4*ACOS((116.4-L35)/116.4))-((116.4-L35)*SQRT(2*116.4*L35-L35*L35)))*669.8,((3.1416*116.4*116.4)-((116.4*116.4*ACOS((116.4-(2*116.4-L35))/116.4))-((116.4-(2*116.4-L35))*SQRT(2*116.4*(2*116.4-L35)-((2*116.4-L35)*(2*116.4-L35))))))*669.8))/1000+N35 -> #REF! | O35: =M34-M35+N35 -> #REF!
A36: Total | D36: =SUM(D5:D35) -> #REF! | F36: =SUM(F5:F35) -> #REF! | H36: ='Current month'!M35 -> 0 | I36: =SUM(I5:I35) -> #REF! | K36: =SUM(K5:K35) -> #REF! | O36: =M36-M37+N37 -> 0
O38: =SUM(O5:O36) -> #REF!

Sheet Monthly Report 
A1: Month: | B1: ='Current month'!A4 -> 44774
A2: Resort Utilities
A3: Electricity | B3: Unit | C3: Unit Price | D3: MRU | E3: Gas | F3: Kg | G3: Unit Price | H3: MRU | CP3: 82301
A4: KVAH | B4: ='Current month'!C35 -> 68972 | C4: 0 | E4: Total Gas Delivered | F4: ='Current month'!CU35 -> 0 | G4: 69.3 | H4: =F4*G4 -> 0 | X4: 117499 | Z4: 966 | AB4: 2616 | AF4: 543800 | AH4: 49062 | AJ4: 8346 | AL4: 9872 | AN4: 13707 | AP4: 18116 | AR4: 1894.8 | AT4: 13193 | AV4: 5790 | AX4: 24527 | AZ4: 295 | BB4: 2803 | BD4: 3636 | BH4: 566580 | BJ4: 733030 | BO4: 21485 | BQ4: 160.5 | BU4: 178838 | BX4: 70 | BZ4: 75 | CB4: 70 | CG4: 24873 | CJ4: 33059 | CM4: 7092 | CP4: 82307 | CS4: 4517 | CV4: 5424 | CY4: 2513 | DB4: 1692 | DE4: 3696 | DH4: 3560 | DK4: 3971 | DN4: 3265 | EA4: 0.83
A5: KWH | B5: ='Current month'!E35 -> 67119 | C5: 5.83 | D5: =C5*B5 -> 391303.77 | E5: Total Gas Cons | F5: ='Current month'!CT35 -> 5172 | G5: =G4 -> 69.3 | H5: =F5*G5 -> 358419.6
A6: KVA | B6: 1256 | D6: =C6*B6 -> 0 | E6: Main Kitchen | F6: ='Current month'!CX35 -> 730.88 | G6: =G5 -> 69.3 | H6: =F6*G6 -> 50649.984
A7: Max. KVA - Previous | B7: ='Current month'!G4 -> 1070 | C7: 186 | D7: =C7*B7 -> 199020 | E7: Bamboo | F7: ='Current month'!DD35 -> 291.21 | G7: =G6 -> 69.3 | H7: =F7*G7 -> 20180.853
A8: Meter Rent | D8: 430 | E8: Aquapazza | F8: ='Current month'!DA35 -> 142.75 | G8: =G7 -> 69.3 | H8: =F8*G8 -> 9892.575
A9: Total Cost | D9: =SUM(D4:D8) -> 590753.77 | E9: Hot water Pantry A | F9: ='Current month'!DM35 -> 228.4 | G9: =G8 -> 69.3 | H9: =F9*G9 -> 15828.12
A10: Laundry - KWH | B10: ='Current month'!X35 -> 1562 | C10: 6.25 | D10: =C10*B10 -> 9762.5 | E10: Hot water Pantry B | F10: ='Current month'!DP35 -> 182.72 | G10: =G9 -> 69.3 | H10: =F10*G10 -> 12662.496
A11: Vacoa - KWH | B11: ='Current month'!V35 -> 2998031 | C11: 6.25 | D11: =C11*B11 -> 18737694 | E11: Hot water Pantry C | F11: ='Current month'!DS35 -> 13212.94 | G11: =G10 -> 69.3 | H11: =F11*G11 -> 915656.74
A12: Water | B12: Cu M | C12: Unit Price | D12: MRU | E12: Hot water Pantry D | F12: ='Current month'!DV35 -> 285.5 | G12: =G11 -> 69.3 | H12: =F12*G12 -> 19785.15
A13: Water Tank | C13: 4000 | D13: =C13*B13 -> 0 | E13: Hot water Pantry E | F13: ='Current month'!DY35 -> 194.14 | G13: =G12 -> 69.3 | H13: =F13*G13 -> 13453.902
A14: CWA | B14: ='Current month'!Z35 -> -319524 | C14: 34 | D14: =(C14*B14) -> -10863816 | E14: Hot water Pantry F | F14: ='Current month'!EB35 -> 188.43 | G14: =G13 -> 69.3 | H14: =F14*G14 -> 13058.199
A15: Sub: Softener | B15: 0 | C15: 34 | D15: =C15*B15 -> 0 | E15: Hot water Pantry G | F15: ='Current month'!EE35 -> 234.11 | G15: =G14 -> 69.3 | H15: =F15*G15 -> 16223.823
A16: Sub: North Parcel | B16: ='Current month'!BV35 -> 570 | C16: 34 | D16: =C16*B16 -> 19380 | E16: Hot water Main Building | F16: ='Current month'!DJ35 -> 296.92 | G16: =G15 -> 69.3 | H16: =F16*G16 -> 20576.556
A17: Sub: South Parcel | B17: ='Current month'!CC35 -> -641450 | C17: 34 | D17: =C17*B17 -> -21809300 | E17: Total Luxury Villas | F17: 182 | G17: =G16 -> 69.3 | H17: =F17*G17 -> 12612.6
A18: Sub: Island | B18: ='Current month'!AR35 -> 641450 | C18: 34 | D18: =C18*B18 -> 21809300 | E18: Miscellanous & Laundry | F18: =F5-SUM(F6:F17) -> -10998 | G18: =G17 -> 69.3 | H18: =F18*G18 -> -762161.4
A19: Sub: Main Kitchen Cold | B19: ='Current month'!BL35 -> 17 | C19: 34 | D19: =C19*B19 -> 578 | E19: ChargeBacks
A20: Sub: Chiller | B20: ='Current month'!AJ35 -> 0 | C20: 34 | D20: =C20*B20 -> 0 | F20: Unit | G20: Unit Price | H20: MRU
A21: Sub: Bamboo (Cold) | B21: ='Current month'!BP35 -> 208 | C21: 34 | D21: =C21*B21 -> 7072 | E21: Res: Electricity - KWH | F21: =H21/G21 -> 160727 | G21: 6.25 | H21: 1004543.8
A22: Sub: Bamboo (Hot) | B22: ='Current month'!BN35 -> 5979 | C22: 34 | D22: =C22*B22 -> 203286 | E22: Res: Gas - Kg | F22: =H22/G22 -> 4299.3557 | G22: =G17 -> 69.3 | H22: 297945.35
A23: Hot water Pantry A | B23: ='Current month'!AX35 -> 9451 | C23: 34 | D23: =C23*B23 -> 321334 | E23: Res: Water - Cu M | F23: =H23/G23 -> 4817 | G23: 66.88 | H23: 322160.96
A24: Hot water Pantry B | B24: ='Current month'!AZ35 -> 11197 | C24: 34 | D24: =C24*B24 -> 380698 | E24: ADAMAS - KWH | F24: 462 | G24: 6.25 | H24: =G24*F24 -> 2887.5
A25: Hot water Pantry C | B25: ='Current month'!BB35 -> 37 | C25: 34 | D25: =C25*B25 -> 1258 | E25: KASHMIR - KWH | F25: 55 | G25: 6.25 | H25: =G25*F25 -> 343.75
A26: Hot water Pantry D | B26: ='Current month'!BD35 -> 21393 | C26: 34 | D26: =C26*B26 -> 727362 | E26: LUDOTEX - KWH | G26: 6.25 | H26: =G26*F26 -> 0
A27: Hot water Pantry E | B27: ='Current month'!BF35 -> 14 | C27: 34 | D27: =C27*B27 -> 476 | E27: Summary
A28: Hot water Pantry F | B28: ='Current month'!BH35 -> 18 | C28: 34 | D28: =C28*B28 -> 612 | F28: Bill | G28: Chargeback | H28: Actual
A29: Hot water Pantry G | B29: ='Current month'!BJ35 -> 8 | C29: 34 | D29: =C29*B29 -> 272 | E29: Electricity | F29: =D9 -> 590753.77 | G29: =H21 -> 1004543.8 | H29: =F29-G29 -> -413789.98
A30: Hot water Main Building | B30: ='Current month'!AV35 -> 58075 | C30: 34 | D30: =C30*B30 -> 1974550 | E30: Gas | F30: =H5 -> 358419.6 | G30: =H22 -> 297945.35 | H30: =F30-G30 -> 60474.247
A31: Diesel | C31: Unit Price | D31: MRU | E31: Water | F31: =D13+D14 -> -10863816 | G31: =H23 -> 322160.96 | H31: =F31-G31 -> -11185977
A32: Diesel (L) - Cons | B32: ='Current month'!CI35 -> 19718.481 | C32: 28.94 | D32: =B32*C32 -> 570652.83 | E32: Diesel | F32: =D33 -> 0 | G32: 0 | H32: =F32-G32 -> 0
A33: Diesel (L) - Del | C33: 28.94 | D33: =C33*B33 -> 0 | E33: Total | F33: =SUM(F29:F32) -> -9914642.6 | G33: =SUM(G29:G32) -> 1624650.1 | H33: =F33-G33 -> -11539293
A34: Golf Utilities
A35: Electricity | B35: Unit | C35: Unit Price | D35: MRU
A36: KVAH | B36: 12954 | C36: 0 | D36: =C36*B36 -> 0
A37: KWH | B37: 11325 | C37: 5.83 | D37: =C37*B37 -> 66024.75 | E37: Water | F37: Cu M | G37: Unit Price | H37: MRU
A38: KVA | B38: 99 | D38: =C38*B38 -> 0 | E38: Anahita: MFB | F38: 64 | G38: 34 | H38: =G38*F38 -> 2176
A39: Max. KVA | B39: 111 | C39: 186 | D39: =C39*B39 -> 20646 | E39: Anahita: Golf Academy | F39: 0 | G39: 34 | H39: =G39*F39 -> 0
A40: Meter Rent | D40: 430 | E40: Anahita: Le Club | F40: 102 | G40: 34 | H40: =G40*F40 -> 3468
A41: Total Cost | D41: =SUM(D36:D40) -> 87100.75 | E41: Electricity | F41: Unit | G41: KWH | H41: 6.2
A42: Domestic meters | E42: Gas | F42: Unit | G42: Kg | H42: 54.4
A43: Lifting Station 4 (KWH) | B43: 110 | C43: 6.25 | D43: =C43*B43 -> 687.5 | E43: Water | F43: Unit | G43: Cu M | H43: 23
A44: Plant Room DB (KWH) | B44: 84 | C44: 6.25 | D44: =C44*B44 -> 525 | E44: Diesel | F44: Unit | G44: L | H44: 34.33
A45: Gas | C45: Unit Price | D45: MRU
A46: Gas(Kg) - Le Club | B46: 318.75 | C46: 50.25 | D46: =B46*C46 -> 16017.188
A47: Golf Torch | B47: 0 | C47: 50.25 | D47: =B47*C47 -> 0
A48: Golf Canteen | B48: 6.25 | C48: 50.25 | D48: =B48*C48 -> 314.0625
A50: Stock Reading
A51: Item | B51: Start | C51: End | D51: Max. Capacity
A52: Gas - Kg | B52: ='Current month'!CS3 -> 20903.5 | C52: 20904 | D52: =18320/2*3 -> 27480
A54: Diesel - L | B54: 20014 | C54: 19718 | D54: 25000

Sheet Water consumption
A1: Water Reading
B2: CWA | C2: Lorry Meter | D2: UV Meter | E2: North | F2: South | G2: Island | H2: Main Kitchen (Cold) | I2: Chiller | J2: Bamboo (Cold) | K2: Bamboo (Hot) | L2: MFB | M2: Golf Academy | N2: IL Forno | O2: HW Pantry A | P2: HW Pantry B | Q2: HW Pantry C | R2: HW Pantry D | S2: HW Pantry E | T2: HW Pantry F | U2: HW Pantry G | V2: HW Pantry Main Building | W2: CWA | Y2: UV Meter | AA2: =C2 -> Lorry Meter | AC2: Island | AE2: North | AG2: South | AI2: Kitchen (Cold) | AK2: Chiller | AM2: Bamboo Resto (Cold) | AO2: Bamboo Resto (Hot) | AQ2: MFB | AS2: Golf Academy | AU2: IL Forno | AW2: Pantry A- Hot Water | AY2: Pantry B - Hot Water | BA2: Pantry C - Hot Water | BC2: Pantry D - Hot Water | BE2: Pantry E - Hot Water | BG2: Pantry F- Hot Water | BI2: Pantry G - Hot Water | BK2: Main Building- Hot Water | BM2: Total Hot water consumption | BN2: Total Cold water consumption
A3: Date | W3: Reading | X3: Cons | Y3: Reading | Z3: Cons | AA3: Reading | AB3: Cons | AC3: Reading | AD3: Cons | AE3: Reading | AF3: Cons | AG3: Reading | AH3: Cons | AI3: Reading | AJ3: Cons | AK3: Reading | AL3: Cons | AM3: Reading | AN3: Cons | AO3: Reading | AP3: Cons | AQ3: Reading | AR3: Cons | AS3: Reading | AT3: Cons | AU3: Reading | AV3: Cons | AW3: Reading | AX3: Cons | AY3: Reading | AZ3: Cons | BA3: Reading | BB3: Cons | BC3: Reading | BD3: Cons | BE3: Reading | BF3: Cons | BG3: Reading | BH3: Cons | BI3: Reading | BJ3: Cons | BK3: Reading | BL3: Cons
A4: ='Current month'!A3 -> 44773 | B4: ='Current month'!Y3 -> 319524 | C4: ='Current month'!AE3 -> 1340 | D4: ='Current month'!AG3 -> 549830 | E4: ='Current month'!BU3 -> 660530 | F4: ='Current month'!BY3 -> 854250 | G4: ='Current month'!AQ3 -> 640810 | H4: ='Current month'!BK3 -> 28292 | I4: ='Current month'!AI3 -> 1180 | J4: ='Current month'!BO17 -> 0 | K4: ='Current month'!BM3 -> 5951 | O4: ='Current month'!AW3 -> 9445 | P4: ='Current month'!AY3 -> 11189 | Q4: ='Current month'!BA3 -> 19913 | R4: ='Current month'!BC3 -> 21369 | S4: ='Current month'!BE3 -> 21334 | T4: ='Current month'!BG4 -> 14706 | U4: ='Current month'!BI3 -> 6836 | V4: ='Current month'!BK3 -> 28292 | W4: =B4 -> 319524 | Y4: =D4 -> 549830 | AA4: =C4 -> 1340 | AC4: =G4 -> 640810 | AE4: =E4 -> 660530 | AG4: =F4 -> 854250 | AI4: =H4 -> 28292 | AK4: =I4 -> 1180 | AM4: =J4 -> 0 | AO4: =K4 -> 5951 | AQ4: =L4 -> 0 | AS4: =M4 -> 0 | AU4: =N4 -> 0 | AW4: =O4 -> 9445 | AY4: =P4 -> 11189 | BA4: =Q4 -> 19913 | BC4: =R4 -> 21369 | BE4: =S4 -> 21334 | BG4: =T4 -> 14706 | BI4: =U4 -> 6836 | BK4: =V4 -> 28292
A5: ='Current month'!A4 -> 44774 | B5: ='Current month'!Y4 -> 319839 | C5: ='Current month'!AE4 -> 1340 | D5: ='Current month'!AG4 -> 550300 | E5: ='Current month'!BU4 -> 660720 | F5: ='Current month'!BY4 -> 854250 | G5: ='Current month'!AQ4 -> 641040 | H5: ='Current month'!BK4 -> 28298 | I5: ='Current month'!AI4 -> 1180 | J5: ='Current month'!BO4 -> 33434 | K5: ='Current month'!BM4 -> 5960 | O5: ='Current month'!AW4 -> 9448 | P5: ='Current month'!AY4 -> 11191 | Q5: ='Current month'!BA4 -> 19921 | R5: ='Current month'!BC4 -> 21370 | S5: ='Current month'!BE4 -> 21346 | T5: ='Current month'!#REF! -> #REF! | U5: ='Current month'!BI4 -> 6837 | V5: ='Current month'!BK4 -> 28298 | W5: =B5 -> 319839 | X5: =W5-W4 -> 315 | Y5: =D5 -> 550300 | Z5: =Y5-Y4 -> 470 | AA5: =C5 -> 1340 | AB5: =AA5-AA4 -> 0 | AC5: =G5 -> 641040 | AD5: =AC5-AC4 -> 230 | AE5: =E5 -> 660720 | AF5: =AE5-AE4 -> 190 | AG5: =F5 -> 854250 | AH5: =AG5-AG4-AD5 -> -230 | AI5: =H5 -> 28298 | AJ5: =AI5-AI4 -> 6 | AK5: =I5 -> 1180 | AL5: =AK5-AK4 -> 0 | AM5: 2538 | AN5: =AM5-AM4 -> 2538 | AO5: =K5 -> 5960 | AP5: =AO5-AO4 -> 9 | AQ5: =L5 -> 0 | AR5: =AQ5-AQ4 -> 0 | AS5: =M5 -> 0 | AT5: =AS5-AS4 -> 0 | AU5: =N5 -> 0 | AV5: =AU5-AU4 -> 0 | AW5: =O5 -> 9448 | AX5: =AW5-AW4 -> 3 | AY5: =P5 -> 11191 | AZ5: =AY5-AY4 -> 2 | BA5: =Q5 -> 19921 | BB5: =BA5-BA4 -> 8 | BC5: =R5 -> 21370 | BD5: =BC5-BC4 -> 1 | BE5: =S5 -> 21346 | BF5: =BE5-BE4 -> 12 | BG5: =T5 -> #REF! | BH5: =BG5-BG4 -> #REF! | BI5: =U5 -> 6837 | BJ5: =BI5-BI4 -> 1 | BK5: =V5 -> 28298 | BL5: =BK5-BK4 -> 6 | BM5: =SUM(BL5,BJ5,BH5,BF5,BD5,BB5,AZ5,AX5,AP5) -> #REF! | BN5: =SUM(AD5,AF5,AH5,AJ5,AL5,AN5) -> 2734
