Workbook

Sheet TOTAL
A1: Site Name | B1: Day | C1: Month | D1: Year | E1: Total Electricity Kwh | F1: Electricity Tariff ($/Kwh) | G1: Natual Gas (m3) | H1: Natural Gas $/m3 | I1: Water Utility Supply (m3) m3 | J1: Water Utility Supply (m3) $/m3 | K1: Room Nights | L1: Total Guests | M1: Utilities day cost dh
A2: Mumbai | B2: 1 | C2: 8 | D2: 2022 | E2: =(IF('Daily HLP'!H4>0,'Daily HLP'!H4,0)) -> 25783 | F2: 9 | G2: =(IF('Daily HLP'!L4>0,'Daily HLP'!L4,0)) -> 1063.6 | H2: 75 | I2: =(IF('Daily HLP'!O4>0,'Daily HLP'!O4,0)) -> 182 | J2: 100 | K2: =Occupancy!G2 -> 119 | L2: =Occupancy!F2 -> 306 | M2: =E2*F2+G2*H2+#REF!*#REF!+I2*J2 -> #REF!
A3: Mumbai | B3: =B2+1 -> 2 | C3: 8 | D3: 2022 | E3: =(IF('Daily HLP'!H5>0,'Daily HLP'!H5,0)) -> 25845 | F3: 9 | G3: =(IF('Daily HLP'!L5>0,'Daily HLP'!L5,0)) -> 1000.7 | H3: 75 | I3: =(IF('Daily HLP'!O5>0,'Daily HLP'!O5,0)) -> 231 | J3: 100 | K3: =Occupancy!G3 -> 130 | L3: =Occupancy!F3 -> 406 | M3: =E3*F3+G3*H3+#REF!*#REF!+I3*J3 -> #REF!
A4: Mumbai | B4: =B3+1 -> 3 | C4: 8 | D4: 2022 | E4: =(IF('Daily HLP'!H6>0,'Daily HLP'!H6,0)) -> 28055 | F4: 9 | G4: =(IF('Daily HLP'!L6>0,'Daily HLP'!L6,0)) -> 979.2 | H4: 75 | I4: =(IF('Daily HLP'!O6>0,'Daily HLP'!O6,0)) -> 155 | J4: 100 | K4: =Occupancy!G4 -> 140 | L4: =Occupancy!F4 -> 744 | M4: =E4*F4+G4*H4+#REF!*#REF!+I4*J4 -> #REF!
A5: Mumbai | B5: =B4+1 -> 4 | C5: 8 | D5: 2022 | E5: =(IF('Daily HLP'!H7>0,'Daily HLP'!H7,0)) -> 25892 | F5: 9 | G5: =(IF('Daily HLP'!L7>0,'Daily HLP'!L7,0)) -> 1002.3 | H5: 75 | I5: =(IF('Daily HLP'!O7>0,'Daily HLP'!O7,0)) -> 183 | J5: 100 | K5: =Occupancy!G5 -> 147 | L5: =Occupancy!F5 -> 534 | M5: =E5*F5+G5*H5+#REF!*#REF!+I5*J5 -> #REF!
A6: Mumbai | B6: =B5+1 -> 5 | C6: 8 | D6: 2022 | E6: =(IF('Daily HLP'!H8>0,'Daily HLP'!H8,0)) -> 27118 | F6: 9 | G6: =(IF('Daily HLP'!L8>0,'Daily HLP'!L8,0)) -> 1047.2 | H6: 75 | I6: =(IF('Daily HLP'!O8>0,'Daily HLP'!O8,0)) -> 192 | J6: 100 | K6: =Occupancy!G6 -> 143 | L6: =Occupancy!F6 -> 428 | M6: =E6*F6+G6*H6+#REF!*#REF!+I6*J6 -> #REF!
A7: Mumbai | B7: =B6+1 -> 6 | C7: 8 | D7: 2022 | E7: =(IF('Daily HLP'!H9>0,'Daily HLP'!H9,0)) -> 26156 | F7: 9 | G7: =(IF('Daily HLP'!L9>0,'Daily HLP'!L9,0)) -> 981 | H7: 75 | I7: =(IF('Daily HLP'!O9>0,'Daily HLP'!O9,0)) -> 247 | J7: 100 | K7: =Occupancy!G7 -> 138 | L7: =Occupancy!F7 -> 596 | M7: =E7*F7+G7*H7+#REF!*#REF!+I7*J7 -> #REF!
A8: Mumbai | B8: =B7+1 -> 7 | C8: 8 | D8: 2022 | E8: =(IF('Daily HLP'!H10>0,'Daily HLP'!H10,0)) -> 25917 | F8: 9 | G8: =(IF('Daily HLP'!L10>0,'Daily HLP'!L10,0)) -> 1066 | H8: 75 | I8: =(IF('Daily HLP'!O10>0,'Daily HLP'!O10,0)) -> 287 | J8: 100 | K8: =Occupancy!G8 -> 125 | L8: =Occupancy!F8 -> 315 | M8: =E8*F8+G8*H8+#REF!*#REF!+I8*J8 -> #REF!
A9: Mumbai | B9: =B8+1 -> 8 | C9: 8 | D9: 2022 | E9: =(IF('Daily HLP'!H11>0,'Daily HLP'!H11,0)) -> 26500 | F9: 9 | G9: =(IF('Daily HLP'!L11>0,'Daily HLP'!L11,0)) -> 1000 | H9: 75 | I9: =(IF('Daily HLP'!O11>0,'Daily HLP'!O11,0)) -> 0 | J9: 100 | K9: =Occupancy!G9 -> 0 | L9: =Occupancy!F9 -> 0 | M9: =E9*F9+G9*H9+#REF!*#REF!+I9*J9 -> #REF!
A10: Mumbai | B10: =B9+1 -> 9 | C10: 8 | D10: 2022 | E10: =(IF('Daily HLP'!H12>0,'Daily HLP'!H12,0)) -> 26500 | F10: 9 | G10: =(IF('Daily HLP'!L12>0,'Daily HLP'!L12,0)) -> 1000 | H10: 75 | I10: =(IF('Daily HLP'!O12>0,'Daily HLP'!O12,0)) -> 270 | J10: 100 | K10: =Occupancy!G10 -> 0 | L10: =Occupancy!F10 -> 0 | M10: =E10*F10+G10*H10+#REF!*#REF!+I10*J10 -> #REF!
A11: Mumbai | B11: =B10+1 -> 10 | C11: 8 | D11: 2022 | E11: =(IF('Daily HLP'!H13>0,'Daily HLP'!H13,0)) -> 26500 | F11: 9 | G11: =(IF('Daily HLP'!L13>0,'Daily HLP'!L13,0)) -> 1000 | H11: 75 | I11: =(IF('Daily HLP'!O13>0,'Daily HLP'!O13,0)) -> 270 | J11: 100 | K11: =Occupancy!G11 -> 0 | L11: =Occupancy!F11 -> 0 | M11: =E11*F11+G11*H11+#REF!*#REF!+I11*J11 -> #REF!
A12: Mumbai | B12: =B11+1 -> 11 | C12: 8 | D12: 2022 | E12: =(IF('Daily HLP'!H14>0,'Daily HLP'!H14,0)) -> 26500 | F12: 9 | G12: =(IF('Daily HLP'!L14>0,'Daily HLP'!L14,0)) -> 1000 | H12: 75 | I12: =(IF('Daily HLP'!O14>0,'Daily HLP'!O14,0)) -> 221 | J12: 100 | K12: =Occupancy!G12 -> 0 | L12: =Occupancy!F12 -> 0 | M12: =E12*F12+G12*H12+#REF!*#REF!+I12*J12 -> #REF!
A13: Mumbai | B13: =B12+1 -> 12 | C13: 8 | D13: 2022 | E13: =(IF('Daily HLP'!H15>0,'Daily HLP'!H15,0)) -> 26500 | F13: 9 | G13: =(IF('Daily HLP'!L15>0,'Daily HLP'!L15,0)) -> 1000 | H13: 75 | I13: =(IF('Daily HLP'!O15>0,'Daily HLP'!O15,0)) -> 254 | J13: 100 | K13: =Occupancy!G13 -> 0 | L13: =Occupancy!F13 -> 0 | M13: =E13*F13+G13*H13+#REF!*#REF!+I13*J13 -> #REF!
A14: Mumbai | B14: =B13+1 -> 13 | C14: 8 | D14: 2022 | E14: =(IF('Daily HLP'!H16>0,'Daily HLP'!H16,0)) -> 26500 | F14: 9 | G14: =(IF('Daily HLP'!L16>0,'Daily HLP'!L16,0)) -> 1000 | H14: 75 | I14: =(IF('Daily HLP'!O16>0,'Daily HLP'!O16,0)) -> 170 | J14: 100 | K14: =Occupancy!G14 -> 0 | L14: =Occupancy!F14 -> 0 | M14: =E14*F14+G14*H14+#REF!*#REF!+I14*J14 -> #REF!
... A31: Mumbai | B31: =B30+1 -> 30 | C31: 8 | D31: 2022 | E31: =(IF('Daily HLP'!H33>0,'Daily HLP'!H33,0)) -> 26500 | F31: 9 | G31: =(IF('Daily HLP'!L33>0,'Daily HLP'!L33,0)) -> 1000 | H31: 75 | I31: =(IF('Daily HLP'!O33>0,'Daily HLP'!O33,0)) -> 181 | J31: 100 | K31: =Occupancy!G31 -> 0 | L31: =Occupancy!F31 -> 0 | M31: =E31*F31+G31*H31+#REF!*#REF!+I31*J31 -> #REF!
A32: Mumbai | B32: =B31+1 -> 31 | C32: 8 | D32: 2022 | E32: =(IF('Daily HLP'!H34>0,'Daily HLP'!H34,0)) -> 26500 | F32: 9 | G32: =(IF('Daily HLP'!L34>0,'Daily HLP'!L34,0)) -> 1000 | H32: 75 | I32: =(IF('Daily HLP'!O34>0,'Daily HLP'!O34,0)) -> 321 | J32: 100 | K32: =Occupancy!G32 -> 0 | L32: =Occupancy!F32 -> 0

Sheet Submetering
A1: Site Name | B1: Day | C1: Month | D1: Year | E1: ='Section Load'!F4 -> HVAC | F1: ='Section Load'!G4 -> Fire & Emergency PP | G1: ='Section Load'!H4 -> Main PP | H1: ='Section Load'!I4 -> Lighting PP | I1: ='Section Load'!J4 -> CH-1+ CH2+CH3+CH4 | J1: ='Section Load'!K4 -> Chilled water Pump | K1: ='Section Load'!L4 -> Ball Room-1 | L1: ='Section Load'!M4 -> Ball Room-2 | ... AL1: ='Section Load'!AM4 -> Cooling Tower | AM1: R.o.plant | AN1: STP Water Prod | AO1: Domestic Zone-1 | AP1: Domestic Zone-2 | AQ1: Domestic Zone-3 | AR1: Flush Zone -1 | AS1: Flush Zone -2 | AT1: Flush Zone -3 | AU1: Swimming pool | AV1: B2 Laundry | AW1: Boiler Feed Water | AX1: cooling tower filling water | AY1: STP flush(new water meter) | AZ1: Garden Water Pump | BA1: Flush Zone 2 pump meter | BB1: Flush Zone 3 Pump Meter (wtp transfer ) | BC1: Flush Tanker-Zone-1 | BD1: Total Domestic Water (Tanker (R.O) +BMC) | BE1: Total Domestic Consumption | BF1: Total STP Consumption | BG1: ='Section Load'!AN4 -> MGL | BH1: ='Section Load'!AO4 -> HWG | BI1: ='Section Load'!AP4 -> Prato | BJ1: ='Section Load'!AQ4 -> BR-1 | BK1: ='Section Load'!AR4 -> SanQi IND | BL1: ='Section Load'!AS4 -> SanQi JPN | BM1: ='Section Load'!AT4 -> Boiler
A2: Mumbai | B2: 1 | C2: 8 | D2: 2022 | E2: =(IF('Section Load'!F5>0,'Section Load'!F5,0)) -> 4229.35 | F2: =(IF('Section Load'!G5>0,'Section Load'!G5,0)) -> 1127.2 | G2: =(IF('Section Load'!H5>0,'Section Load'!H5,0)) -> 2260.06 | H2: =(IF('Section Load'!I5>0,'Section Load'!I5,0)) -> 4348.86 | I2: =(IF('Section Load'!J5>0,'Section Load'!J5,0)) -> 6923.3 | J2: =(IF('Section Load'!K5>0,'Section Load'!K5,0)) -> 3125.45 | K2: =(IF('Section Load'!L5>0,'Section Load'!L5,0)) -> 1020.39 | L2: =(IF('Section Load'!M5>0,'Section Load'!M5,0)) -> 620.19 | ... AL2: =(IF('Section Load'!AM5>0,'Section Load'!AM5,0)) -> 0 | AM2: =(IF('Water Report'!$D$7>0,'Water Report'!$D$7,0)) -> 97 | AN2: =(IF('Water Report'!$D$8>0,'Water Report'!$D$8,0)) -> 177 | AO2: =(IF('Water Report'!$D$9>0,'Water Report'!$D$9,0)) -> 92 | AP2: =(IF('Water Report'!$D$10>0,'Water Report'!$D$10,0)) -> 25 | AQ2: =(IF('Water Report'!$D$11>0,'Water Report'!$D$11,0)) -> 0 | AR2: =(IF('Water Report'!$D$13>0,'Water Report'!$D$13,0)) -> 18 | AS2: =(IF('Water Report'!$D$14>0,'Water Report'!$D$14,0)) -> 10 | AT2: =(IF('Water Report'!$D$15>0,'Water Report'!$D$15,0)) -> 6 | AU2: =(IF('Water Report'!$D$17>0,'Water Report'!$D$17,0)) -> 0 | AV2: =(IF('Water Report'!$D$18>0,'Water Report'!$D$18,0)) -> 13 | AW2: =(IF('Water Report'!$D$19>0,'Water Report'!$D$19,0)) -> 11 | AX2: =(IF('Water Report'!$D$21>0,'Water Report'!$D$21,0)) -> 109 | AY2: =(IF('Water Report'!$D$22>0,'Water Report'!$D$22,0)) -> 0 | AZ2: =(IF('Water Report'!$D$23>0,'Water Report'!$D$23,0)) -> 7 | BA2: =(IF('Water Report'!$D$14>0,'Water Report'!$D$14,0)) -> 10 | BB2: =(IF('Water Report'!$D$15>0,'Water Report'!$D$15,0)) -> 6 | BC2: =(IF('Water Report'!$D$13>0,'Water Report'!$D$13,0)) -> 18 | BD2: =(IF('Water Report'!$D$24>0,'Water Report'!$D$24,0)) -> 182 | BE2: =(IF('Water Report'!$D$25>0,'Water Report'!$D$25,0)) -> 133 | BF2: =(IF('Water Report'!$D$27>0,'Water Report'!$D$27,0)) -> 134 | BG2: =(IF('Section Load'!AN5>0,'Section Load'!AN5,0)) -> 1063.6 | BH2: =(IF('Section Load'!AO5>0,'Section Load'!AO5,0)) -> 308.04 | BI2: =(IF('Section Load'!AP5>0,'Section Load'!AP5,0)) -> 0 | BJ2: =(IF('Section Load'!AQ5>0,'Section Load'!AQ5,0)) -> 116.7 | BK2: =(IF('Section Load'!AR5>0,'Section Load'!AR5,0)) -> 43 | BL2: =(IF('Section Load'!AS5>0,'Section Load'!AS5,0)) -> 0 | BM2: =(IF('Section Load'!AT5>0,'Section Load'!AT5,0)) -> 596.66
A3: Mumbai | B3: =B2+1 -> 2 | C3: 8 | D3: 2022 | E3: =(IF('Section Load'!F6>0,'Section Load'!F6,0)) -> 4402.7 | F3: =(IF('Section Load'!G6>0,'Section Load'!G6,0)) -> 1083.31 | G3: =(IF('Section Load'!H6>0,'Section Load'!H6,0)) -> 2221.05 | H3: =(IF('Section Load'!I6>0,'Section Load'!I6,0)) -> 4423.63 | I3: =(IF('Section Load'!J6>0,'Section Load'!J6,0)) -> 6103.42 | J3: =(IF('Section Load'!K6>0,'Section Load'!K6,0)) -> 2942.62 | K3: =(IF('Section Load'!L6>0,'Section Load'!L6,0)) -> 1053.84 | L3: =(IF('Section Load'!M6>0,'Section Load'!M6,0)) -> 775.66 | ... AL3: =(IF('Section Load'!AM6>0,'Section Load'!AM6,0)) -> 0 | AM3: =(IF('Water Report'!$E$7>0,'Water Report'!$E$7,0)) -> 97 | AN3: =(IF('Water Report'!$E$8>0,'Water Report'!$E$8,0)) -> 147 | AO3: =(IF('Water Report'!$E$9>0,'Water Report'!$E$9,0)) -> 103 | AP3: =(IF('Water Report'!$E$10>0,'Water Report'!$E$10,0)) -> 17 | AQ3: =(IF('Water Report'!$E$11>0,'Water Report'!$E$11,0)) -> 0 | AR3: =(IF('Water Report'!$E$13>0,'Water Report'!$E$13,0)) -> 34 | AS3: =(IF('Water Report'!$E$14>0,'Water Report'!$E$14,0)) -> 3 | AT3: =(IF('Water Report'!$E$15>0,'Water Report'!$E$15,0)) -> 11 | AU3: =(IF('Water Report'!$E$17>0,'Water Report'!$E$17,0)) -> 5 | AV3: =(IF('Water Report'!$E$18>0,'Water Report'!$E$18,0)) -> 13 | AW3: =(IF('Water Report'!$E$19>0,'Water Report'!$E$19,0)) -> 12 | AX3: =(IF('Water Report'!$E$21>0,'Water Report'!$E$21,0)) -> 85 | AY3: =(IF('Water Report'!$E$22>0,'Water Report'!$E$22,0)) -> 0 | AZ3: =(IF('Water Report'!$E$23>0,'Water Report'!$E$23,0)) -> 0 | BA3: =(IF('Water Report'!$E$14>0,'Water Report'!$E$14,0)) -> 3 | BB3: =(IF('Water Report'!$E$15>0,'Water Report'!$E$15,0)) -> 11 | BC3: =(IF('Water Report'!$E$13>0,'Water Report'!$E$13,0)) -> 34 | BD3: =(IF('Water Report'!$E$24>0,'Water Report'!$E$24,0)) -> 231 | BE3: =(IF('Water Report'!$E$25>0,'Water Report'!$E$25,0)) -> 134 | BF3: =(IF('Water Report'!$E$27>0,'Water Report'!$E$27,0)) -> 119 | BG3: =(IF('Section Load'!AN6>0,'Section Load'!AN6,0)) -> 1000.7 | BH3: =(IF('Section Load'!AO6>0,'Section Load'!AO6,0)) -> 286.33 | BI3: =(IF('Section Load'!AP6>0,'Section Load'!AP6,0)) -> 0.8 | BJ3: =(IF('Section Load'!AQ6>0,'Section Load'!AQ6,0)) -> 112.3 | BK3: =(IF('Section Load'!AR6>0,'Section Load'!AR6,0)) -> 50.8 | BL3: =(IF('Section Load'!AS6>0,'Section Load'!AS6,0)) -> 0 | BM3: =(IF('Section Load'!AT6>0,'Section Load'!AT6,0)) -> 550.47
A4: Mumbai | B4: =B3+1 -> 3 | C4: 8 | D4: 2022 | E4: =(IF('Section Load'!F7>0,'Section Load'!F7,0)) -> 4074.19 | F4: =(IF('Section Load'!G7>0,'Section Load'!G7,0)) -> 1091.69 | G4: =(IF('Section Load'!H7>0,'Section Load'!H7,0)) -> 2247.12 | H4: =(IF('Section Load'!I7>0,'Section Load'!I7,0)) -> 4283.96 | I4: =(IF('Section Load'!J7>0,'Section Load'!J7,0)) -> 7359.41 | J4: =(IF('Section Load'!K7>0,'Section Load'!K7,0)) -> 3175.12 | K4: =(IF('Section Load'!L7>0,'Section Load'!L7,0)) -> 1586.54 | L4: =(IF('Section Load'!M7>0,'Section Load'!M7,0)) -> 1174.12 | ... AL4: =(IF('Section Load'!AM7>0,'Section Load'!AM7,0)) -> 0 | AM4: =(IF('Water Report'!$F$7>0,'Water Report'!$F$7,0)) -> 101 | AN4: =(IF('Water Report'!$F$8>0,'Water Report'!$F$8,0)) -> 116 | AO4: =(IF('Water Report'!$F$9>0,'Water Report'!$G$9,0)) -> 108 | AP4: =(IF('Water Report'!$F$10>0,'Water Report'!$F$10,0)) -> 20 | AQ4: =(IF('Water Report'!$F$11>0,'Water Report'!$F$11,0)) -> 0 | AR4: =(IF('Water Report'!$F$13>0,'Water Report'!$F$13,0)) -> 17 | AS4: =(IF('Water Report'!$F$14>0,'Water Report'!$F$14,0)) -> 3 | AT4: =(IF('Water Report'!$F$15>0,'Water Report'!$F$15,0)) -> 6 | AU4: =(IF('Water Report'!$F$17>0,'Water Report'!$F$17,0)) -> 0 | AV4: =(IF('Water Report'!$F$18>0,'Water Report'!$F$18,0)) -> 13 | AW4: =(IF('Water Report'!$F$19>0,'Water Report'!$F$19,0)) -> 12 | AX4: =(IF('Water Report'!$F$21>0,'Water Report'!$F$21,0)) -> 110 | AY4: =(IF('Water Report'!$F$22>0,'Water Report'!$F$22,0)) -> 0 | AZ4: =(IF('Water Report'!$F$23>0,'Water Report'!$F$23,0)) -> 0 | BA4: =(IF('Water Report'!$F$14>0,'Water Report'!$F$14,0)) -> 3 | BB4: =(IF('Water Report'!$F$15>0,'Water Report'!$F$15,0)) -> 6 | BC4: =(IF('Water Report'!$F$13>0,'Water Report'!$F$13,0)) -> 17 | BD4: =(IF('Water Report'!$F$24>0,'Water Report'!$F$24,0)) -> 155 | BE4: =(IF('Water Report'!$F$25>0,'Water Report'!$F$25,0)) -> 133 | BF4: =(IF('Water Report'!$F$27>0,'Water Report'!$F$27,0)) -> 127 | BG4: =(IF('Section Load'!AN7>0,'Section Load'!AN7,0)) -> 979.2 | BH4: =(IF('Section Load'!AO7>0,'Section Load'!AO7,0)) -> 281.28 | BI4: =(IF('Section Load'!AP7>0,'Section Load'!AP7,0)) -> 0 | BJ4: =(IF('Section Load'!AQ7>0,'Section Load'!AQ7,0)) -> 108 | BK4: =(IF('Section Load'!AR7>0,'Section Load'!AR7,0)) -> 48.2 | BL4: =(IF('Section Load'!AS7>0,'Section Load'!AS7,0)) -> 0 | BM4: =(IF('Section Load'!AT7>0,'Section Load'!AT7,0)) -> 542.52
A5: Mumbai | B5: =B4+1 -> 4 | C5: 8 | D5: 2022 | E5: =(IF('Section Load'!F8>0,'Section Load'!F8,0)) -> 4185.75 | F5: =(IF('Section Load'!G8>0,'Section Load'!G8,0)) -> 1113.08 | G5: =(IF('Section Load'!H8>0,'Section Load'!H8,0)) -> 2254.15 | H5: =(IF('Section Load'!I8>0,'Section Load'!I8,0)) -> 4351.13 | I5: =(IF('Section Load'!J8>0,'Section Load'!J8,0)) -> 6053.68 | J5: =(IF('Section Load'!K8>0,'Section Load'!K8,0)) -> 3159 | K5: =(IF('Section Load'!L8>0,'Section Load'!L8,0)) -> 1123.22 | L5: =(IF('Section Load'!M8>0,'Section Load'!M8,0)) -> 810.58 | ... AL5: =(IF('Section Load'!AM8>0,'Section Load'!AM8,0)) -> 0 | AM5: =(IF('Water Report'!$G$7>0,'Water Report'!$F$7,0)) -> 101 | AN5: =(IF('Water Report'!$G$8>0,'Water Report'!$F$8,0)) -> 116 | AO5: =(IF('Water Report'!$G$9>0,'Water Report'!$H$9,0)) -> 102 | AP5: =(IF('Water Report'!$G$10>0,'Water Report'!$G$10,0)) -> 22 | AQ5: =(IF('Water Report'!$G$11>0,'Water Report'!$G$11,0)) -> 0 | AR5: =(IF('Water Report'!$G$13>0,'Water Report'!$G$13,0)) -> 19 | AS5: =(IF('Water Report'!$G$14>0,'Water Report'!$G$14,0)) -> 2 | AT5: =(IF('Water Report'!$G$15>0,'Water Report'!$G$15,0)) -> 14 | AU5: =(IF('Water Report'!$G$17>0,'Water Report'!$G$17,0)) -> 5 | AV5: =(IF('Water Report'!$G$18>0,'Water Report'!$G$18,0)) -> 15 | AW5: =(IF('Water Report'!$G$19>0,'Water Report'!$G$19,0)) -> 12 | AX5: =(IF('Water Report'!$G$21>0,'Water Report'!$G$21,0)) -> 65 | AY5: =(IF('Water Report'!$G$22>0,'Water Report'!$G$22,0)) -> 0 | AZ5: =(IF('Water Report'!$G$23>0,'Water Report'!$G$23,0)) -> 0 | BA5: =(IF('Water Report'!$G$14>0,'Water Report'!$G$14,0)) -> 2 | BB5: =(IF('Water Report'!$G$15>0,'Water Report'!$G$15,0)) -> 14 | BC5: =(IF('Water Report'!$G$13>0,'Water Report'!$G$13,0)) -> 19 | BD5: =(IF('Water Report'!$G$24>0,'Water Report'!$G$24,0)) -> 183 | BE5: =(IF('Water Report'!$G$25>0,'Water Report'!$G$25,0)) -> 146 | BF5: =(IF('Water Report'!$G$27>0,'Water Report'!$G$27,0)) -> 84 | BG5: =(IF('Section Load'!AN8>0,'Section Load'!AN8,0)) -> 1002.3 | BH5: =(IF('Section Load'!AO8>0,'Section Load'!AO8,0)) -> 292.35 | BI5: =(IF('Section Load'!AP8>0,'Section Load'!AP8,0)) -> 0 | BJ5: =(IF('Section Load'!AQ8>0,'Section Load'!AQ8,0)) -> 106 | BK5: =(IF('Section Load'!AR8>0,'Section Load'!AR8,0)) -> 44 | BL5: =(IF('Section Load'!AS8>0,'Section Load'!AS8,0)) -> 0 | BM5: =(IF('Section Load'!AT8>0,'Section Load'!AT8,0)) -> 559.95
A6: Mumbai | B6: =B5+1 -> 5 | C6: 8 | D6: 2022 | E6: =(IF('Section Load'!F9>0,'Section Load'!F9,0)) -> 4350.01 | F6: =(IF('Section Load'!G9>0,'Section Load'!G9,0)) -> 1100.41 | G6: =(IF('Section Load'!H9>0,'Section Load'!H9,0)) -> 2239.38 | H6: =(IF('Section Load'!I9>0,'Section Load'!I9,0)) -> 4215.42 | I6: =(IF('Section Load'!J9>0,'Section Load'!J9,0)) -> 6662.02 | J6: =(IF('Section Load'!K9>0,'Section Load'!K9,0)) -> 3388.81 | K6: =(IF('Section Load'!L9>0,'Section Load'!L9,0)) -> 1030.01 | L6: =(IF('Section Load'!M9>0,'Section Load'!M9,0)) -> 1153.45 | ... AL6: =(IF('Section Load'!AM9>0,'Section Load'!AM9,0)) -> 0 | AM6: =(IF('Water Report'!$H$7>0,'Water Report'!$H$7,0)) -> 106 | AN6: =(IF('Water Report'!$H$8>0,'Water Report'!$H$8,0)) -> 137 | AO6: =(IF('Water Report'!$H$9>0,'Water Report'!$H$9,0)) -> 102 | AP6: =(IF('Water Report'!$H$10>0,'Water Report'!$H$10,0)) -> 25 | AQ6: =(IF('Water Report'!$H$11>0,'Water Report'!$H$11,0)) -> 0 | AR6: =(IF('Water Report'!$H$13>0,'Water Report'!$H$13,0)) -> 17 | AS6: =(IF('Water Report'!$H$14>0,'Water Report'!$H$14,0)) -> 12 | AT6: =(IF('Water Report'!$H$15>0,'Water Report'!$H$15,0)) -> 11 | AU6: =(IF('Water Report'!$H$17>0,'Water Report'!$H$17,0)) -> 0 | AV6: =(IF('Water Report'!$H$18>0,'Water Report'!$H$18,0)) -> 14 | AW6: =(IF('Water Report'!$H$19>0,'Water Report'!$H$19,0)) -> 11 | AX6: =(IF('Water Report'!$H$21>0,'Water Report'!$H$21,0)) -> 94 | AY6: =(IF('Water Report'!$H$22>0,'Water Report'!$H$22,0)) -> 0 | AZ6: =(IF('Water Report'!$H$23>0,'Water Report'!$H$23,0)) -> 0 | BA6: =(IF('Water Report'!$H$14>0,'Water Report'!$H$14,0)) -> 12 | BB6: =(IF('Water Report'!$H$15>0,'Water Report'!$H$15,0)) -> 11 | BC6: =(IF('Water Report'!$H$13>0,'Water Report'!$H$13,0)) -> 17 | BD6: =(IF('Water Report'!$H$24>0,'Water Report'!$H$24,0)) -> 192 | BE6: =(IF('Water Report'!$H$25>0,'Water Report'!$H$25,0)) -> 150 | BF6: =(IF('Water Report'!$H$27>0,'Water Report'!$H$27,0)) -> 111 | BG6: =(IF('Section Load'!AN9>0,'Section Load'!AN9,0)) -> 1047.2 | BH6: =(IF('Section Load'!AO9>0,'Section Load'!AO9,0)) -> 286.14 | BI6: =(IF('Section Load'!AP9>0,'Section Load'!AP9,0)) -> 0 | BJ6: =(IF('Section Load'!AQ9>0,'Section Load'!AQ9,0)) -> 116 | BK6: =(IF('Section Load'!AR9>0,'Section Load'!AR9,0)) -> 93 | BL6: =(IF('Section Load'!AS9>0,'Section Load'!AS9,0)) -> 0 | BM6: =(IF('Section Load'!AT9>0,'Section Load'!AT9,0)) -> 552.06
A7: Mumbai | B7: =B6+1 -> 6 | C7: 8 | D7: 2022 | E7: =(IF('Section Load'!F10>0,'Section Load'!F10,0)) -> 4273 | F7: =(IF('Section Load'!G10>0,'Section Load'!G10,0)) -> 1116 | G7: =(IF('Section Load'!H10>0,'Section Load'!H10,0)) -> 2225 | H7: =(IF('Section Load'!I10>0,'Section Load'!I10,0)) -> 4247 | I7: =(IF('Section Load'!J10>0,'Section Load'!J10,0)) -> 6391.17 | J7: =(IF('Section Load'!K10>0,'Section Load'!K10,0)) -> 3116 | K7: =(IF('Section Load'!L10>0,'Section Load'!L10,0)) -> 993 | L7: =(IF('Section Load'!M10>0,'Section Load'!M10,0)) -> 879 | ... AL7: =(IF('Section Load'!AM10>0,'Section Load'!AM10,0)) -> 0.41 | AM7: =(IF('Water Report'!$I$7>0,'Water Report'!$I$7,0)) -> 130 | AN7: =(IF('Water Report'!$I$8>0,'Water Report'!$I$8,0)) -> 98 | AO7: =(IF('Water Report'!$I$9>0,'Water Report'!$I$9,0)) -> 104 | AP7: =(IF('Water Report'!$I$10>0,'Water Report'!$I$10,0)) -> 23 | AQ7: =(IF('Water Report'!$I$11>0,'Water Report'!$I$11,0)) -> 0 | AR7: =(IF('Water Report'!$I$13>0,'Water Report'!$I$13,0)) -> 19 | AS7: =(IF('Water Report'!$I$14>0,'Water Report'!$I$14,0)) -> 6 | AT7: =(IF('Water Report'!$I$15>0,'Water Report'!$I$15,0)) -> 8 | AU7: =(IF('Water Report'!$I$17>0,'Water Report'!$I$17,0)) -> 2 | AV7: =(IF('Water Report'!$I$18>0,'Water Report'!$I$18,0)) -> 14 | AW7: =(IF('Water Report'!$I$19>0,'Water Report'!$I$19,0)) -> 14 | AX7: =(IF('Water Report'!$I$21>0,'Water Report'!$I$21,0)) -> 54 | AY7: =(IF('Water Report'!$I$22>0,'Water Report'!$I$22,0)) -> 0 | AZ7: =(IF('Water Report'!$I$23>0,'Water Report'!$I$23,0)) -> 2 | BA7: =(IF('Water Report'!$I$14>0,'Water Report'!$I$14,0)) -> 6 | BB7: =(IF('Water Report'!$I$15>0,'Water Report'!$I$15,0)) -> 8 | BC7: =(IF('Water Report'!$I$13>0,'Water Report'!$I$13,0)) -> 19 | BD7: =(IF('Water Report'!$I$24>0,'Water Report'!$I$24,0)) -> 247 | BE7: =(IF('Water Report'!$I$25>0,'Water Report'!$I$25,0)) -> 141 | BF7: =(IF('Water Report'!$I$27>0,'Water Report'!$I$27,0)) -> 75 | BG7: =(IF('Section Load'!AN10>0,'Section Load'!AN10,0)) -> 981 | BH7: =(IF('Section Load'!AO10>0,'Section Load'!AO10,0)) -> 312 | BI7: =(IF('Section Load'!AP10>0,'Section Load'!AP10,0)) -> 0 | BJ7: =(IF('Section Load'!AQ10>0,'Section Load'!AQ10,0)) -> 114 | BK7: =(IF('Section Load'!AR10>0,'Section Load'!AR10,0)) -> 3 | BL7: =(IF('Section Load'!AS10>0,'Section Load'!AS10,0)) -> 0.4 | BM7: =(IF('Section Load'!AT10>0,'Section Load'!AT10,0)) -> 551.6
A8: Mumbai | B8: =B7+1 -> 7 | C8: 8 | D8: 2022 | E8: =(IF('Section Load'!F11>0,'Section Load'!F11,0)) -> 4335 | F8: =(IF('Section Load'!G11>0,'Section Load'!G11,0)) -> 1065 | G8: =(IF('Section Load'!H11>0,'Section Load'!H11,0)) -> 2257 | H8: =(IF('Section Load'!I11>0,'Section Load'!I11,0)) -> 4343 | I8: =(IF('Section Load'!J11>0,'Section Load'!J11,0)) -> 6173 | J8: =(IF('Section Load'!K11>0,'Section Load'!K11,0)) -> 3091 | K8: =(IF('Section Load'!L11>0,'Section Load'!L11,0)) -> 1137 | L8: =(IF('Section Load'!M11>0,'Section Load'!M11,0)) -> 801 | ... AL8: =(IF('Section Load'!AM11>0,'Section Load'!AM11,0)) -> 0 | AM8: =(IF('Water Report'!$J$7>0,'Water Report'!$J$7,0)) -> 144 | AN8: =(IF('Water Report'!$J$8>0,'Water Report'!$J$8,0)) -> 106 | AO8: =(IF('Water Report'!$J$9>0,'Water Report'!$J$9,0)) -> 101 | AP8: =(IF('Water Report'!$J$10>0,'Water Report'!$J$10,0)) -> 31 | AQ8: =(IF('Water Report'!$J$11>0,'Water Report'!$J$11,0)) -> 0 | AR8: =(IF('Water Report'!$J$13>0,'Water Report'!$J$13,0)) -> 35 | AS8: =(IF('Water Report'!$J$14>0,'Water Report'!$J$14,0)) -> 6 | AT8: =(IF('Water Report'!$J$15>0,'Water Report'!$J$15,0)) -> 8 | AU8: =(IF('Water Report'!$J$17>0,'Water Report'!$J$17,0)) -> 0 | AV8: =(IF('Water Report'!$J$18>0,'Water Report'!$J$18,0)) -> 12 | AW8: =(IF('Water Report'!$J$19>0,'Water Report'!$J$19,0)) -> 12 | AX8: =(IF('Water Report'!$J$21>0,'Water Report'!$J$21,0)) -> 66 | AY8: =(IF('Water Report'!$J$22>0,'Water Report'!$J$22,0)) -> 0 | AZ8: =(IF('Water Report'!$J$23>0,'Water Report'!$J$23,0)) -> 5 | BA8: =(IF('Water Report'!$J$14>0,'Water Report'!$J$14,0)) -> 6 | BB8: =(IF('Water Report'!$J$15>0,'Water Report'!$J$15,0)) -> 8 | BC8: =(IF('Water Report'!$J$13>0,'Water Report'!$J$13,0)) -> 35 | BD8: =(IF('Water Report'!$J$24>0,'Water Report'!$J$24,0)) -> 287 | BE8: =(IF('Water Report'!$J$25>0,'Water Report'!$J$25,0)) -> 146 | BF8: =(IF('Water Report'!$J$27>0,'Water Report'!$J$27,0)) -> 106 | BG8: =(IF('Section Load'!AN11>0,'Section Load'!AN11,0)) -> 1066 | BH8: =(IF('Section Load'!AO11>0,'Section Load'!AO11,0)) -> 359 | BI8: =(IF('Section Load'!AP11>0,'Section Load'!AP11,0)) -> 0 | BJ8: =(IF('Section Load'!AQ11>0,'Section Load'!AQ11,0)) -> 111 | BK8: =(IF('Section Load'!AR11>0,'Section Load'!AR11,0)) -> 47 | BL8: =(IF('Section Load'!AS11>0,'Section Load'!AS11,0)) -> 0 | BM8: =(IF('Section Load'!AT11>0,'Section Load'!AT11,0)) -> 549
A9: Mumbai | B9: =B8+1 -> 8 | C9: 8 | D9: 2022 | E9: =(IF('Section Load'!F12>0,'Section Load'!F12,0)) -> 0 | F9: =(IF('Section Load'!G12>0,'Section Load'!G12,0)) -> 0 | G9: =(IF('Section Load'!H12>0,'Section Load'!H12,0)) -> 0 | H9: =(IF('Section Load'!I12>0,'Section Load'!I12,0)) -> 0 | I9: =(IF('Section Load'!J12>0,'Section Load'!J12,0)) -> 0 | J9: =(IF('Section Load'!K12>0,'Section Load'!K12,0)) -> 0 | K9: =(IF('Section Load'!L12>0,'Section Load'!L12,0)) -> 0 | L9: =(IF('Section Load'!M12>0,'Section Load'!M12,0)) -> 0 | ... AL9: =(IF('Section Load'!AM12>0,'Section Load'!AM12,0)) -> 567211 | AM9: =(IF('Water Report'!$K$7>0,'Water Report'!$K$7,0)) -> 0 | AN9: =(IF('Water Report'!$K$8>0,'Water Report'!$K$8,0)) -> 0 | AO9: =(IF('Water Report'!$K$9>0,'Water Report'!$K$9,0)) -> 0 | AP9: =(IF('Water Report'!$K$10>0,'Water Report'!$K$10,0)) -> 0 | AQ9: =(IF('Water Report'!$K$11>0,'Water Report'!$K$11,0)) -> 0 | AR9: =(IF('Water Report'!$K$13>0,'Water Report'!$K$13,0)) -> 0 | AS9: =(IF('Water Report'!$K$14>0,'Water Report'!$K$14,0)) -> 0 | AT9: =(IF('Water Report'!$K$15>0,'Water Report'!$K$15,0)) -> 0 | AU9: =(IF('Water Report'!$K$17>0,'Water Report'!$K$17,0)) -> 20 | AV9: =(IF('Water Report'!$K$18>0,'Water Report'!$K$18,0)) -> 0 | AW9: =(IF('Water Report'!$K$19>0,'Water Report'!$K$19,0)) -> 0 | AX9: =(IF('Water Report'!$K$21>0,'Water Report'!$K$21,0)) -> 0 | AY9: =(IF('Water Report'!$K$22>0,'Water Report'!$K$22,0)) -> 0 | AZ9: =(IF('Water Report'!$K$23>0,'Water Report'!$K$23,0)) -> 0 | BA9: =(IF('Water Report'!$K$14>0,'Water Report'!$K$14,0)) -> 0 | BB9: =(IF('Water Report'!$K$15>0,'Water Report'!$K$15,0)) -> 0 | BC9: =(IF('Water Report'!$K$13>0,'Water Report'!$K$13,0)) -> 0 | BD9: =(IF('Water Report'!$K$24>0,'Water Report'!$K$24,0)) -> 0 | BE9: =(IF('Water Report'!$K$25>0,'Water Report'!$K$25,0)) -> 0 | BF9: =(IF('Water Report'!$K$27>0,'Water Report'!$K$27,0)) -> 0 | BG9: =(IF('Section Load'!AN12>0,'Section Load'!AN12,0)) -> 1000 | BH9: =(IF('Section Load'!AO12>0,'Section Load'!AO12,0)) -> 0 | BI9: =(IF('Section Load'!AP12>0,'Section Load'!AP12,0)) -> 0.8 | BJ9: =(IF('Section Load'!AQ12>0,'Section Load'!AQ12,0)) -> 0 | BK9: =(IF('Section Load'!AR12>0,'Section Load'!AR12,0)) -> 0 | BL9: =(IF('Section Load'!AS12>0,'Section Load'!AS12,0)) -> 0 | BM9: =(IF('Section Load'!AT12>0,'Section Load'!AT12,0)) -> 15421.2
A10: Mumbai | B10: =B9+1 -> 9 | C10: 8 | D10: 2022 | E10: =(IF('Section Load'!F13>0,'Section Load'!F13,0)) -> 759.8 | F10: =(IF('Section Load'!G13>0,'Section Load'!G13,0)) -> 1573.75 | G10: =(IF('Section Load'!H13>0,'Section Load'!H13,0)) -> 2332.11 | H10: =(IF('Section Load'!I13>0,'Section Load'!I13,0)) -> 3026.15 | I10: =(IF('Section Load'!J13>0,'Section Load'!J13,0)) -> 8124.63 | J10: =(IF('Section Load'!K13>0,'Section Load'!K13,0)) -> 3152.45 | K10: =(IF('Section Load'!L13>0,'Section Load'!L13,0)) -> 1278.67 | L10: =(IF('Section Load'!M13>0,'Section Load'!M13,0)) -> 1130.17 | ... AL10: =(IF('Section Load'!AM13>0,'Section Load'!AM13,0)) -> 0 | AM10: =(IF('Water Report'!$L$7>0,'Water Report'!$L$7,0)) -> 121 | AN10: =(IF('Water Report'!$L$8>0,'Water Report'!$L$8,0)) -> 129 | AO10: =(IF('Water Report'!$L$9>0,'Water Report'!$L$9,0)) -> 101 | AP10: =(IF('Water Report'!$L$10>0,'Water Report'!$L$10,0)) -> 27 | AQ10: =(IF('Water Report'!$L$11>0,'Water Report'!$L$11,0)) -> 0 | AR10: =(IF('Water Report'!$L$13>0,'Water Report'!$L$13,0)) -> 40 | AS10: =(IF('Water Report'!$L$14>0,'Water Report'!$L$14,0)) -> 5 | AT10: =(IF('Water Report'!$L$15>0,'Water Report'!$L$15,0)) -> 6 | AU10: =(IF('Water Report'!$L$17>0,'Water Report'!$L$17,0)) -> 0 | AV10: =(IF('Water Report'!$L$18>0,'Water Report'!$L$18,0)) -> 14 | AW10: =(IF('Water Report'!$L$19>0,'Water Report'!$L$19,0)) -> 13 | AX10: =(IF('Water Report'!$L$21>0,'Water Report'!$L$21,0)) -> 110 | AY10: =(IF('Water Report'!$L$22>0,'Water Report'!$L$22,0)) -> 0 | AZ10: =(IF('Water Report'!$L$23>0,'Water Report'!$L$23,0)) -> 8 | BA10: =(IF('Water Report'!$L$14>0,'Water Report'!$L$14,0)) -> 5 | BB10: =(IF('Water Report'!$L$15>0,'Water Report'!$L$15,0)) -> 6 | BC10: =(IF('Water Report'!$L$13>0,'Water Report'!$L$13,0)) -> 40 | BD10: =(IF('Water Report'!$L$24>0,'Water Report'!$L$24,0)) -> 270 | BE10: =(IF('Water Report'!$L$25>0,'Water Report'!$L$25,0)) -> 139 | BF10: =(IF('Water Report'!$L$27>0,'Water Report'!$L$27,0)) -> 158 | BG10: =(IF('Section Load'!AN13>0,'Section Load'!AN13,0)) -> 1000 | BH10: =(IF('Section Load'!AO13>0,'Section Load'!AO13,0)) -> 328.45 | BI10: =(IF('Section Load'!AP13>0,'Section Load'!AP13,0)) -> 0 | BJ10: =(IF('Section Load'!AQ13>0,'Section Load'!AQ13,0)) -> 107.5 | BK10: =(IF('Section Load'!AR13>0,'Section Load'!AR13,0)) -> 122 | BL10: =(IF('Section Load'!AS13>0,'Section Load'!AS13,0)) -> 0 | BM10: =(IF('Section Load'!AT13>0,'Section Load'!AT13,0)) -> 442.45
A11: Mumbai | B11: =B10+1 -> 10 | C11: 8 | D11: 2022 | E11: =(IF('Section Load'!F14>0,'Section Load'!F14,0)) -> 3679.12 | F11: =(IF('Section Load'!G14>0,'Section Load'!G14,0)) -> 1524.5 | G11: =(IF('Section Load'!H14>0,'Section Load'!H14,0)) -> 2285.28 | H11: =(IF('Section Load'!I14>0,'Section Load'!I14,0)) -> 2907.96 | I11: =(IF('Section Load'!J14>0,'Section Load'!J14,0)) -> 5749.19 | J11: =(IF('Section Load'!K14>0,'Section Load'!K14,0)) -> 3210.36 | K11: =(IF('Section Load'!L14>0,'Section Load'!L14,0)) -> 1219.34 | L11: =(IF('Section Load'!M14>0,'Section Load'!M14,0)) -> 928.54 | ... AL11: =(IF('Section Load'!AM14>0,'Section Load'!AM14,0)) -> 782 | AM11: =(IF('Water Report'!$M$7>0,'Water Report'!$M$7,0)) -> 113 | AN11: =(IF('Water Report'!$M$8>0,'Water Report'!$M$8,0)) -> 105 | AO11: =(IF('Water Report'!$M$9>0,'Water Report'!$M$9,0)) -> 102 | AP11: =(IF('Water Report'!$M$10>0,'Water Report'!$M$10,0)) -> 25 | AQ11: =(IF('Water Report'!$M$11>0,'Water Report'!$M$11,0)) -> 0 | AR11: =(IF('Water Report'!$M$13>0,'Water Report'!$M$13,0)) -> 42 | AS11: =(IF('Water Report'!$M$14>0,'Water Report'!$M$14,0)) -> 6 | AT11: =(IF('Water Report'!$M$15>0,'Water Report'!$M$15,0)) -> 9 | AU11: =(IF('Water Report'!$M$17>0,'Water Report'!$M$17,0)) -> 0 | AV11: =(IF('Water Report'!$M$18>0,'Water Report'!$M$18,0)) -> 14 | AW11: =(IF('Water Report'!$M$19>0,'Water Report'!$M$19,0)) -> 12 | AX11: =(IF('Water Report'!$M$21>0,'Water Report'!$M$21,0)) -> 86 | AY11: =(IF('Water Report'!$M$22>0,'Water Report'!$M$22,0)) -> 0 | AZ11: =(IF('Water Report'!$M$23>0,'Water Report'!$M$23,0)) -> 11 | BA11: =(IF('Water Report'!$M$14>0,'Water Report'!$M$14,0)) -> 6 | BB11: =(IF('Water Report'!$M$15>0,'Water Report'!$M$15,0)) -> 9 | BC11: =(IF('Water Report'!$M$13>0,'Water Report'!$M$13,0)) -> 42 | BD11: =(IF('Water Report'!$M$24>0,'Water Report'!$M$24,0)) -> 270 | BE11: =(IF('Water Report'!$M$25>0,'Water Report'!$M$25,0)) -> 142 | BF11: =(IF('Water Report'!$M$27>0,'Water Report'!$M$27,0)) -> 139 | BG11: =(IF('Section Load'!AN14>0,'Section Load'!AN14,0)) -> 1000 | BH11: =(IF('Section Load'!AO14>0,'Section Load'!AO14,0)) -> 265.84 | BI11: =(IF('Section Load'!AP14>0,'Section Load'!AP14,0)) -> 0 | BJ11: =(IF('Section Load'!AQ14>0,'Section Load'!AQ14,0)) -> 98.5 | BK11: =(IF('Section Load'!AR14>0,'Section Load'!AR14,0)) -> 42 | BL11: =(IF('Section Load'!AS14>0,'Section Load'!AS14,0)) -> 0 | BM11: =(IF('Section Load'!AT14>0,'Section Load'!AT14,0)) -> 593.66
A12: Mumbai | B12: =B11+1 -> 11 | C12: 8 | D12: 2022 | E12: =(IF('Section Load'!F15>0,'Section Load'!F15,0)) -> 3790.72 | F12: =(IF('Section Load'!G15>0,'Section Load'!G15,0)) -> 1487.46 | G12: =(IF('Section Load'!H15>0,'Section Load'!H15,0)) -> 2304.16 | H12: =(IF('Section Load'!I15>0,'Section Load'!I15,0)) -> 2848.8 | I12: =(IF('Section Load'!J15>0,'Section Load'!J15,0)) -> 6949.27 | J12: =(IF('Section Load'!K15>0,'Section Load'!K15,0)) -> 2943.32 | K12: =(IF('Section Load'!L15>0,'Section Load'!L15,0)) -> 1058 | L12: =(IF('Section Load'!M15>0,'Section Load'!M15,0)) -> 696.84 | ... AL12: =(IF('Section Load'!AM15>0,'Section Load'!AM15,0)) -> 824 | AM12: =(IF('Water Report'!$N$7>0,'Water Report'!$N$7,0)) -> 122 | AN12: =(IF('Water Report'!$N$8>0,'Water Report'!$N$8,0)) -> 94 | AO12: =(IF('Water Report'!$N$9>0,'Water Report'!$N$9,0)) -> 102 | AP12: =(IF('Water Report'!$N$10>0,'Water Report'!$N$10,0)) -> 19 | AQ12: =(IF('Water Report'!$N$11>0,'Water Report'!$N$11,0)) -> 0 | AR12: =(IF('Water Report'!$N$13>0,'Water Report'!$N$13,0)) -> 25 | AS12: =(IF('Water Report'!$N$14>0,'Water Report'!$N$14,0)) -> 3 | AT12: =(IF('Water Report'!$N$15>0,'Water Report'!$N$15,0)) -> 14 | AU12: =(IF('Water Report'!$N$17>0,'Water Report'!$N$17,0)) -> 9 | AV12: =(IF('Water Report'!$N$18>0,'Water Report'!$N$18,0)) -> 16 | AW12: =(IF('Water Report'!$N$19>0,'Water Report'!$N$19,0)) -> 11 | AX12: =(IF('Water Report'!$N$21>0,'Water Report'!$N$21,0)) -> 108 | AY12: =(IF('Water Report'!$N$22>0,'Water Report'!$N$22,0)) -> 0 | AZ12: =(IF('Water Report'!$N$23>0,'Water Report'!$N$23,0)) -> 7 | BA12: =(IF('Water Report'!$N$14>0,'Water Report'!$N$14,0)) -> 3 | BB12: =(IF('Water Report'!$N$15>0,'Water Report'!$N$15,0)) -> 14 | BC12: =(IF('Water Report'!$N$13>0,'Water Report'!$N$13,0)) -> 25 | BD12: =(IF('Water Report'!$N$24>0,'Water Report'!$N$24,0)) -> 221 | BE12: =(IF('Water Report'!$N$25>0,'Water Report'!$N$25,0)) -> 138 | BF12: =(IF('Water Report'!$N$27>0,'Water Report'!$N$27,0)) -> 140 | BG12: =(IF('Section Load'!AN15>0,'Section Load'!AN15,0)) -> 1000 | BH12: =(IF('Section Load'!AO15>0,'Section Load'!AO15,0)) -> 270.44 | BI12: =(IF('Section Load'!AP15>0,'Section Load'!AP15,0)) -> 0 | BJ12: =(IF('Section Load'!AQ15>0,'Section Load'!AQ15,0)) -> 98 | BK12: =(IF('Section Load'!AR15>0,'Section Load'!AR15,0)) -> 35 | BL12: =(IF('Section Load'!AS15>0,'Section Load'!AS15,0)) -> 0 | BM12: =(IF('Section Load'!AT15>0,'Section Load'!AT15,0)) -> 596.56
A13: Mumbai | B13: =B12+1 -> 12 | C13: 8 | D13: 2022 | E13: =(IF('Section Load'!F16>0,'Section Load'!F16,0)) -> 3619.63 | F13: =(IF('Section Load'!G16>0,'Section Load'!G16,0)) -> 1552.32 | G13: =(IF('Section Load'!H16>0,'Section Load'!H16,0)) -> 2246.32 | H13: =(IF('Section Load'!I16>0,'Section Load'!I16,0)) -> 2839.8 | I13: =(IF('Section Load'!J16>0,'Section Load'!J16,0)) -> 6974.6 | J13: =(IF('Section Load'!K16>0,'Section Load'!K16,0)) -> 3131.1 | K13: =(IF('Section Load'!L16>0,'Section Load'!L16,0)) -> 1060.52 | L13: =(IF('Section Load'!M16>0,'Section Load'!M16,0)) -> 704.22 | ... AL13: =(IF('Section Load'!AM16>0,'Section Load'!AM16,0)) -> 785 | AM13: =(IF('Water Report'!$O$7>0,'Water Report'!$O$7,0)) -> 97 | AN13: =(IF('Water Report'!$O$8>0,'Water Report'!$O$8,0)) -> 87 | AO13: =(IF('Water Report'!$O$9>0,'Water Report'!$O$9,0)) -> 104 | AP13: =(IF('Water Report'!$O$10>0,'Water Report'!$O$10,0)) -> 24 | AQ13: =(IF('Water Report'!$O$11>0,'Water Report'!$O$11,0)) -> 0 | AR13: =(IF('Water Report'!$O$13>0,'Water Report'!$O$13,0)) -> 41 | AS13: =(IF('Water Report'!$O$14>0,'Water Report'!$O$14,0)) -> 4 | AT13: =(IF('Water Report'!$O$15>0,'Water Report'!$O$15,0)) -> 8 | AU13: =(IF('Water Report'!$O$17>0,'Water Report'!$O$17,0)) -> 0 | AV13: =(IF('Water Report'!$O$18>0,'Water Report'!$O$18,0)) -> 11 | AW13: =(IF('Water Report'!$O$19>0,'Water Report'!$O$19,0)) -> 12 | AX13: =(IF('Water Report'!$O$21>0,'Water Report'!$O$21,0)) -> 107 | AY13: =(IF('Water Report'!$O$22>0,'Water Report'!$O$22,0)) -> 0 | AZ13: =(IF('Water Report'!$O$23>0,'Water Report'!$O$23,0)) -> 5 | BA13: =(IF('Water Report'!$O$14>0,'Water Report'!$O$14,0)) -> 4 | BB13: =(IF('Water Report'!$O$15>0,'Water Report'!$O$15,0)) -> 8 | BC13: =(IF('Water Report'!$O$13>0,'Water Report'!$O$13,0)) -> 41 | BD13: =(IF('Water Report'!$O$24>0,'Water Report'!$O$24,0)) -> 254 | BE13: =(IF('Water Report'!$O$25>0,'Water Report'!$O$25,0)) -> 140 | BF13: =(IF('Water Report'!$O$27>0,'Water Report'!$O$27,0)) -> 153 | BG13: =(IF('Section Load'!AN16>0,'Section Load'!AN16,0)) -> 1000 | BH13: =(IF('Section Load'!AO16>0,'Section Load'!AO16,0)) -> 339.29 | BI13: =(IF('Section Load'!AP16>0,'Section Load'!AP16,0)) -> 0 | BJ13: =(IF('Section Load'!AQ16>0,'Section Load'!AQ16,0)) -> 88 | BK13: =(IF('Section Load'!AR16>0,'Section Load'!AR16,0)) -> 41 | BL13: =(IF('Section Load'!AS16>0,'Section Load'!AS16,0)) -> 0.4 | BM13: =(IF('Section Load'!AT16>0,'Section Load'!AT16,0)) -> 531.31
A14: Mumbai | B14: =B13+1 -> 13 | C14: 8 | D14: 2022 | E14: =(IF('Section Load'!F17>0,'Section Load'!F17,0)) -> 3392.04 | F14: =(IF('Section Load'!G17>0,'Section Load'!G17,0)) -> 1540.14 | G14: =(IF('Section Load'!H17>0,'Section Load'!H17,0)) -> 2289.24 | H14: =(IF('Section Load'!I17>0,'Section Load'!I17,0)) -> 2983.36 | I14: =(IF('Section Load'!J17>0,'Section Load'!J17,0)) -> 7606.62 | J14: =(IF('Section Load'!K17>0,'Section Load'!K17,0)) -> 2999.54 | K14: =(IF('Section Load'!L17>0,'Section Load'!L17,0)) -> 1455.08 | L14: =(IF('Section Load'!M17>0,'Section Load'!M17,0)) -> 743.06 | ... AL14: =(IF('Section Load'!AM17>0,'Section Load'!AM17,0)) -> 686.68 | AM14: =(IF('Water Report'!$P$7>0,'Water Report'!$P$7,0)) -> 97 | AN14: =(IF('Water Report'!$P$8>0,'Water Report'!$P$8,0)) -> 155 | AO14: =(IF('Water Report'!$P$9>0,'Water Report'!$P$9,0)) -> 99 | AP14: =(IF('Water Report'!$P$10>0,'Water Report'!$P$10,0)) -> 23 | AQ14: =(IF('Water Report'!$P$11>0,'Water Report'!$P$11,0)) -> 0 | AR14: =(IF('Water Report'!$P$13>0,'Water Report'!$P$13,0)) -> 24 | AS14: =(IF('Water Report'!$P$14>0,'Water Report'!$P$14,0)) -> 3 | AT14: =(IF('Water Report'!$P$15>0,'Water Report'!$P$15,0)) -> 9 | AU14: =(IF('Water Report'!$P$17>0,'Water Report'!$P$17,0)) -> 0 | AV14: =(IF('Water Report'!$P$18>0,'Water Report'!$P$18,0)) -> 10 | AW14: =(IF('Water Report'!$P$19>0,'Water Report'!$P$19,0)) -> 10 | AX14: =(IF('Water Report'!$P$21>0,'Water Report'!$P$21,0)) -> 109 | AY14: =(IF('Water Report'!$P$22>0,'Water Report'!$P$22,0)) -> 0 | AZ14: =(IF('Water Report'!$P$23>0,'Water Report'!$P$23,0)) -> 17 | BA14: =(IF('Water Report'!$P$14>0,'Water Report'!$P$14,0)) -> 3 | BB14: =(IF('Water Report'!$P$15>0,'Water Report'!$P$15,0)) -> 9 | BC14: =(IF('Water Report'!$P$13>0,'Water Report'!$P$13,0)) -> 24 | BD14: =(IF('Water Report'!$P$24>0,'Water Report'!$P$24,0)) -> 170 | BE14: =(IF('Water Report'!$P$25>0,'Water Report'!$P$25,0)) -> 134 | BF14: =(IF('Water Report'!$P$27>0,'Water Report'!$P$27,0)) -> 150 | BG14: =(IF('Section Load'!AN17>0,'Section Load'!AN17,0)) -> 1000 | BH14: =(IF('Section Load'!AO17>0,'Section Load'!AO17,0)) -> 375.91 | BI14: =(IF('Section Load'!AP17>0,'Section Load'!AP17,0)) -> 0 | BJ14: =(IF('Section Load'!AQ17>0,'Section Load'!AQ17,0)) -> 116.94 | BK14: =(IF('Section Load'!AR17>0,'Section Load'!AR17,0)) -> 57.5 | BL14: =(IF('Section Load'!AS17>0,'Section Load'!AS17,0)) -> 0 | BM14: =(IF('Section Load'!AT17>0,'Section Load'!AT17,0)) -> 450.05
A15: Mumbai | B15: =B14+1 -> 14 | C15: 8 | D15: 2022 | E15: =(IF('Section Load'!F18>0,'Section Load'!F18,0)) -> 3084.52 | F15: =(IF('Section Load'!G18>0,'Section Load'!G18,0)) -> 1526.88 | G15: =(IF('Section Load'!H18>0,'Section Load'!H18,0)) -> 2266.6 | H15: =(IF('Section Load'!I18>0,'Section Load'!I18,0)) -> 2924.2 | I15: =(IF('Section Load'!J18>0,'Section Load'!J18,0)) -> 7562.225 | J15: =(IF('Section Load'!K18>0,'Section Load'!K18,0)) -> 3165 | K15: =(IF('Section Load'!L18>0,'Section Load'!L18,0)) -> 1325.98 | L15: =(IF('Section Load'!M18>0,'Section Load'!M18,0)) -> 881.9 | ... AL15: =(IF('Section Load'!AM18>0,'Section Load'!AM18,0)) -> 607.56 | AM15: =(IF('Water Report'!$Q$7>0,'Water Report'!$Q$7,0)) -> 103 | AN15: =(IF('Water Report'!$Q$8>0,'Water Report'!$Q$8,0)) -> 133 | AO15: =(IF('Water Report'!$Q$9>0,'Water Report'!$Q$9,0)) -> 106 | AP15: =(IF('Water Report'!$Q$10>0,'Water Report'!$Q$10,0)) -> 27 | AQ15: =(IF('Water Report'!$Q$11>0,'Water Report'!$Q$11,0)) -> 0 | AR15: =(IF('Water Report'!$Q$13>0,'Water Report'!$Q$13,0)) -> 40 | AS15: =(IF('Water Report'!$Q$14>0,'Water Report'!$Q$14,0)) -> 5 | AT15: =(IF('Water Report'!$Q$15>0,'Water Report'!$Q$15,0)) -> 7 | AU15: =(IF('Water Report'!$Q$17>0,'Water Report'!$Q$17,0)) -> 0 | AV15: =(IF('Water Report'!$Q$18>0,'Water Report'!$Q$18,0)) -> 15 | AW15: =(IF('Water Report'!$Q$19>0,'Water Report'!$Q$19,0)) -> 11 | AX15: =(IF('Water Report'!$Q$21>0,'Water Report'!$Q$21,0)) -> 132 | AY15: =(IF('Water Report'!$Q$22>0,'Water Report'!$Q$22,0)) -> 0 | AZ15: =(IF('Water Report'!$Q$23>0,'Water Report'!$Q$23,0)) -> 28 | BA15: =(IF('Water Report'!$Q$14>0,'Water Report'!$Q$14,0)) -> 5 | BB15: =(IF('Water Report'!$Q$15>0,'Water Report'!$Q$15,0)) -> 7 | BC15: =(IF('Water Report'!$Q$13>0,'Water Report'!$Q$13,0)) -> 40 | BD15: =(IF('Water Report'!$Q$24>0,'Water Report'!$Q$24,0)) -> 192 | BE15: =(IF('Water Report'!$Q$25>0,'Water Report'!$Q$25,0)) -> 145 | BF15: =(IF('Water Report'!$Q$27>0,'Water Report'!$Q$27,0)) -> 200 | BG15: =(IF('Section Load'!AN18>0,'Section Load'!AN18,0)) -> 1000 | BH15: =(IF('Section Load'!AO18>0,'Section Load'!AO18,0)) -> 364.15 | BI15: =(IF('Section Load'!AP18>0,'Section Load'!AP18,0)) -> 0 | BJ15: =(IF('Section Load'!AQ18>0,'Section Load'!AQ18,0)) -> 116.06 | BK15: =(IF('Section Load'!AR18>0,'Section Load'!AR18,0)) -> 50.5 | BL15: =(IF('Section Load'!AS18>0,'Section Load'!AS18,0)) -> 0 | BM15: =(IF('Section Load'!AT18>0,'Section Load'!AT18,0)) -> 470.29
A16: Mumbai | B16: =B15+1 -> 15 | C16: 8 | D16: 2022 | E16: =(IF('Section Load'!F19>0,'Section Load'!F19,0)) -> 3477.09 | F16: =(IF('Section Load'!G19>0,'Section Load'!G19,0)) -> 1566.4 | G16: =(IF('Section Load'!H19>0,'Section Load'!H19,0)) -> 2416.64 | H16: =(IF('Section Load'!I19>0,'Section Load'!I19,0)) -> 2885.72 | I16: =(IF('Section Load'!J19>0,'Section Load'!J19,0)) -> 7325.475 | J16: =(IF('Section Load'!K19>0,'Section Load'!K19,0)) -> 3004.88 | K16: =(IF('Section Load'!L19>0,'Section Load'!L19,0)) -> 1019.7 | L16: =(IF('Section Load'!M19>0,'Section Load'!M19,0)) -> 1122.92 | ... AL16: =(IF('Section Load'!AM19>0,'Section Load'!AM19,0)) -> 337.78 | AM16: =(IF('Water Report'!$R$7>0,'Water Report'!$R$7,0)) -> 157 | AN16: =(IF('Water Report'!$R$8>0,'Water Report'!$R$8,0)) -> 145 | AO16: =(IF('Water Report'!$R$9>0,'Water Report'!$R$9,0)) -> 139 | AP16: =(IF('Water Report'!$R$10>0,'Water Report'!$R$10,0)) -> 34 | AQ16: =(IF('Water Report'!$R$11>0,'Water Report'!$R$11,0)) -> 0 | AR16: =(IF('Water Report'!$R$13>0,'Water Report'!$R$13,0)) -> 38 | AS16: =(IF('Water Report'!$R$14>0,'Water Report'!$R$14,0)) -> 5 | AT16: =(IF('Water Report'!$R$15>0,'Water Report'!$R$15,0)) -> 14 | AU16: =(IF('Water Report'!$R$17>0,'Water Report'!$R$17,0)) -> 0 | AV16: =(IF('Water Report'!$R$18>0,'Water Report'!$R$18,0)) -> 13 | AW16: =(IF('Water Report'!$R$19>0,'Water Report'!$R$19,0)) -> 12 | AX16: =(IF('Water Report'!$R$21>0,'Water Report'!$R$21,0)) -> 108 | AY16: =(IF('Water Report'!$R$22>0,'Water Report'!$R$22,0)) -> 0 | AZ16: =(IF('Water Report'!$R$23>0,'Water Report'!$R$23,0)) -> 5 | BA16: =(IF('Water Report'!$R$14>0,'Water Report'!$R$14,0)) -> 5 | BB16: =(IF('Water Report'!$R$15>0,'Water Report'!$R$15,0)) -> 14 | BC16: =(IF('Water Report'!$R$13>0,'Water Report'!$R$13,0)) -> 38 | BD16: =(IF('Water Report'!$R$24>0,'Water Report'!$R$24,0)) -> 243 | BE16: =(IF('Water Report'!$R$25>0,'Water Report'!$R$25,0)) -> 192 | BF16: =(IF('Water Report'!$R$27>0,'Water Report'!$R$27,0)) -> 151 | BG16: =(IF('Section Load'!AN19>0,'Section Load'!AN19,0)) -> 1000 | BH16: =(IF('Section Load'!AO19>0,'Section Load'!AO19,0)) -> 328.42 | BI16: =(IF('Section Load'!AP19>0,'Section Load'!AP19,0)) -> 0 | BJ16: =(IF('Section Load'!AQ19>0,'Section Load'!AQ19,0)) -> 114 | BK16: =(IF('Section Load'!AR19>0,'Section Load'!AR19,0)) -> 51 | BL16: =(IF('Section Load'!AS19>0,'Section Load'!AS19,0)) -> 1 | BM16: =(IF('Section Load'!AT19>0,'Section Load'!AT19,0)) -> 505.58
A17: Mumbai | B17: =B16+1 -> 16 | C17: 8 | D17: 2022 | E17: =(IF('Section Load'!F20>0,'Section Load'!F20,0)) -> 3597 | F17: =(IF('Section Load'!G20>0,'Section Load'!G20,0)) -> 1601.58 | G17: =(IF('Section Load'!H20>0,'Section Load'!H20,0)) -> 2437.48 | H17: =(IF('Section Load'!I20>0,'Section Load'!I20,0)) -> 2960.68 | I17: =(IF('Section Load'!J20>0,'Section Load'!J20,0)) -> 7993.48 | J17: =(IF('Section Load'!K20>0,'Section Load'!K20,0)) -> 3083.66 | K17: =(IF('Section Load'!L20>0,'Section Load'!L20,0)) -> 1357.71 | L17: =(IF('Section Load'!M20>0,'Section Load'!M20,0)) -> 901.56 | ... AL17: =(IF('Section Load'!AM20>0,'Section Load'!AM20,0)) -> 0 | AM17: =(IF('Water Report'!$S$7>0,'Water Report'!$S$7,0)) -> 137 | AN17: =(IF('Water Report'!$S$8>0,'Water Report'!$S$8,0)) -> 120 | AO17: =(IF('Water Report'!$S$9>0,'Water Report'!$S$9,0)) -> 109 | AP17: =(IF('Water Report'!$S$10>0,'Water Report'!$D$10,0)) -> 25 | AQ17: =(IF('Water Report'!$S$11>0,'Water Report'!$D$11,0)) -> 0 | AR17: =(IF('Water Report'!$S$13>0,'Water Report'!$D$13,0)) -> 18 | AS17: =(IF('Water Report'!$S$14>0,'Water Report'!$D$14,0)) -> 10 | AT17: =(IF('Water Report'!$S$15>0,'Water Report'!$D$15,0)) -> 6 | AU17: =(IF('Water Report'!$S$17>0,'Water Report'!$D$17,0)) -> 0 | AV17: =(IF('Water Report'!$S$18>0,'Water Report'!$D$18,0)) -> 13 | AW17: =(IF('Water Report'!$S$19>0,'Water Report'!$D$19,0)) -> 11 | AX17: =(IF('Water Report'!$S$21>0,'Water Report'!$D$21,0)) -> 109 | AY17: =(IF('Water Report'!$S$22>0,'Water Report'!$D$22,0)) -> 0 | AZ17: =(IF('Water Report'!$S$23>0,'Water Report'!$D$23,0)) -> 7 | BA17: =(IF('Water Report'!$S$14>0,'Water Report'!$D$14,0)) -> 10 | BB17: =(IF('Water Report'!$S$15>0,'Water Report'!$D$15,0)) -> 6 | BC17: =(IF('Water Report'!$S$13>0,'Water Report'!$D$13,0)) -> 18 | BD17: =(IF('Water Report'!$S$24>0,'Water Report'!$D$24,0)) -> 182 | BE17: =(IF('Water Report'!$S$25>0,'Water Report'!$D$25,0)) -> 133 | BF17: =(IF('Water Report'!$S$27>0,'Water Report'!$D$27,0)) -> 134 | BG17: =(IF('Section Load'!AN20>0,'Section Load'!AN20,0)) -> 1000 | BH17: =(IF('Section Load'!AO20>0,'Section Load'!AO20,0)) -> 309.15 | BI17: =(IF('Section Load'!AP20>0,'Section Load'!AP20,0)) -> 0 | BJ17: =(IF('Section Load'!AQ20>0,'Section Load'!AQ20,0)) -> 104 | BK17: =(IF('Section Load'!AR20>0,'Section Load'!AR20,0)) -> 57 | BL17: =(IF('Section Load'!AS20>0,'Section Load'!AS20,0)) -> 0 | BM17: =(IF('Section Load'!AT20>0,'Section Load'!AT20,0)) -> 529.85
A18: Mumbai | B18: =B17+1 -> 17 | C18: 8 | D18: 2022 | E18: =(IF('Section Load'!F21>0,'Section Load'!F21,0)) -> 3485.33 | F18: =(IF('Section Load'!G21>0,'Section Load'!G21,0)) -> 1544.6 | G18: =(IF('Section Load'!H21>0,'Section Load'!H21,0)) -> 2458.88 | H18: =(IF('Section Load'!I21>0,'Section Load'!I21,0)) -> 2887.64 | I18: =(IF('Section Load'!J21>0,'Section Load'!J21,0)) -> 7072.22 | J18: =(IF('Section Load'!K21>0,'Section Load'!K21,0)) -> 2989.2 | K18: =(IF('Section Load'!L21>0,'Section Load'!L21,0)) -> 1077.65 | L18: =(IF('Section Load'!M21>0,'Section Load'!M21,0)) -> 765.32 | ... AL18: =(IF('Section Load'!AM21>0,'Section Load'!AM21,0)) -> 0 | AM18: =(IF('Water Report'!$T$7>0,'Water Report'!$T$7,0)) -> 166 | AN18: =(IF('Water Report'!$T$8>0,'Water Report'!$T$8,0)) -> 137 | AO18: =(IF('Water Report'!$T$9>0,'Water Report'!$T$9,0)) -> 136 | AP18: =(IF('Water Report'!$T$10>0,'Water Report'!$T$10,0)) -> 28 | AQ18: =(IF('Water Report'!$T$11>0,'Water Report'!$T$11,0)) -> 1 | AR18: =(IF('Water Report'!$T$13>0,'Water Report'!$T$13,0)) -> 47 | AS18: =(IF('Water Report'!$T$14>0,'Water Report'!$T$14,0)) -> 5 | AT18: =(IF('Water Report'!$T$15>0,'Water Report'!$T$15,0)) -> 19 | AU18: =(IF('Water Report'!$T$17>0,'Water Report'!$T$17,0)) -> 0 | AV18: =(IF('Water Report'!$T$18>0,'Water Report'!$T$18,0)) -> 15 | AW18: =(IF('Water Report'!$T$19>0,'Water Report'!$T$19,0)) -> 12 | AX18: =(IF('Water Report'!$T$21>0,'Water Report'!$T$21,0)) -> 84 | AY18: =(IF('Water Report'!$T$22>0,'Water Report'!$T$22,0)) -> 0 | AZ18: =(IF('Water Report'!$T$23>0,'Water Report'!$T$23,0)) -> 15 | BA18: =(IF('Water Report'!$T$14>0,'Water Report'!$T$14,0)) -> 5 | BB18: =(IF('Water Report'!$T$15>0,'Water Report'!$T$15,0)) -> 19 | BC18: =(IF('Water Report'!$T$13>0,'Water Report'!$T$13,0)) -> 47 | BD18: =(IF('Water Report'!$T$24>0,'Water Report'!$T$24,0)) -> 320 | BE18: =(IF('Water Report'!$T$25>0,'Water Report'!$T$25,0)) -> 189 | BF18: =(IF('Water Report'!$T$27>0,'Water Report'!$T$27,0)) -> 146 | BG18: =(IF('Section Load'!AN21>0,'Section Load'!AN21,0)) -> 1000 | BH18: =(IF('Section Load'!AO21>0,'Section Load'!AO21,0)) -> 335.58 | BI18: =(IF('Section Load'!AP21>0,'Section Load'!AP21,0)) -> 0 | BJ18: =(IF('Section Load'!AQ21>0,'Section Load'!AQ21,0)) -> 114 | BK18: =(IF('Section Load'!AR21>0,'Section Load'!AR21,0)) -> 59.3 | BL18: =(IF('Section Load'!AS21>0,'Section Load'!AS21,0)) -> 0 | BM18: =(IF('Section Load'!AT21>0,'Section Load'!AT21,0)) -> 491.12
A19: Mumbai | B19: =B18+1 -> 18 | C19: 8 | D19: 2022 | E19: =(IF('Section Load'!F22>0,'Section Load'!F22,0)) -> 3521.96 | F19: =(IF('Section Load'!G22>0,'Section Load'!G22,0)) -> 1599.06 | G19: =(IF('Section Load'!H22>0,'Section Load'!H22,0)) -> 2493.71 | H19: =(IF('Section Load'!I22>0,'Section Load'!I22,0)) -> 2965.04 | I19: =(IF('Section Load'!J22>0,'Section Load'!J22,0)) -> 6799.23 | J19: =(IF('Section Load'!K22>0,'Section Load'!K22,0)) -> 2881.88 | K19: =(IF('Section Load'!L22>0,'Section Load'!L22,0)) -> 1162.14 | L19: =(IF('Section Load'!M22>0,'Section Load'!M22,0)) -> 1106.68 | ... AL19: =(IF('Section Load'!AM22>0,'Section Load'!AM22,0)) -> 0 | AM19: =(IF('Water Report'!$U$7>0,'Water Report'!$U$7,0)) -> 150 | AN19: =(IF('Water Report'!$U$8>0,'Water Report'!$U$8,0)) -> 134 | AO19: =(IF('Water Report'!$U$9>0,'Water Report'!$U$9,0)) -> 131 | AP19: =(IF('Water Report'!$U$10>0,'Water Report'!$U$10,0)) -> 24 | AQ19: =(IF('Water Report'!$U$11>0,'Water Report'!$U$11,0)) -> 0 | AR19: =(IF('Water Report'!$U$13>0,'Water Report'!$U$13,0)) -> 59 | AS19: =(IF('Water Report'!$U$14>0,'Water Report'!$U$14,0)) -> 6 | AT19: =(IF('Water Report'!$U$15>0,'Water Report'!$U$15,0)) -> 9 | AU19: =(IF('Water Report'!$U$17>0,'Water Report'!$U$17,0)) -> 0 | AV19: =(IF('Water Report'!$U$18>0,'Water Report'!$U$18,0)) -> 0 | AW19: =(IF('Water Report'!$U$19>0,'Water Report'!$U$19,0)) -> 12 | AX19: =(IF('Water Report'!$U$21>0,'Water Report'!$U$21,0)) -> 130 | AY19: =(IF('Water Report'!$U$22>0,'Water Report'!$U$22,0)) -> 0 | AZ19: =(IF('Water Report'!$U$23>0,'Water Report'!$U$23,0)) -> 8 | BA19: =(IF('Water Report'!$U$14>0,'Water Report'!$U$14,0)) -> 6 | BB19: =(IF('Water Report'!$U$15>0,'Water Report'!$U$15,0)) -> 9 | BC19: =(IF('Water Report'!$U$13>0,'Water Report'!$U$13,0)) -> 59 | BD19: =(IF('Water Report'!$U$24>0,'Water Report'!$U$24,0)) -> 274 | BE19: =(IF('Water Report'!$U$25>0,'Water Report'!$U$25,0)) -> 170 | BF19: =(IF('Water Report'!$U$27>0,'Water Report'!$U$27,0)) -> 197 | BG19: =(IF('Section Load'!AN22>0,'Section Load'!AN22,0)) -> 1000 | BH19: =(IF('Section Load'!AO22>0,'Section Load'!AO22,0)) -> 352.71 | BI19: =(IF('Section Load'!AP22>0,'Section Load'!AP22,0)) -> 0 | BJ19: =(IF('Section Load'!AQ22>0,'Section Load'!AQ22,0)) -> 85.41 | BK19: =(IF('Section Load'!AR22>0,'Section Load'!AR22,0)) -> 54.3 | BL19: =(IF('Section Load'!AS22>0,'Section Load'!AS22,0)) -> 0 | BM19: =(IF('Section Load'!AT22>0,'Section Load'!AT22,0)) -> 507.58
A20: Mumbai | B20: =B19+1 -> 19 | C20: 8 | D20: 2022 | E20: =(IF('Section Load'!F23>0,'Section Load'!F23,0)) -> 3706.03 | F20: =(IF('Section Load'!G23>0,'Section Load'!G23,0)) -> 1536.12 | G20: =(IF('Section Load'!H23>0,'Section Load'!H23,0)) -> 2304.21 | H20: =(IF('Section Load'!I23>0,'Section Load'!I23,0)) -> 2902.76 | I20: =(IF('Section Load'!J23>0,'Section Load'!J23,0)) -> 8734.11 | J20: =(IF('Section Load'!K23>0,'Section Load'!K23,0)) -> 3069.38 | K20: =(IF('Section Load'!L23>0,'Section Load'!L23,0)) -> 1786.38 | L20: =(IF('Section Load'!M23>0,'Section Load'!M23,0)) -> 1238.16 | ... AL20: =(IF('Section Load'!AM23>0,'Section Load'!AM23,0)) -> 0 | AM20: =(IF('Water Report'!$V$7>0,'Water Report'!$V$7,0)) -> 125 | AN20: =(IF('Water Report'!$V$8>0,'Water Report'!$V$8,0)) -> 111 | AO20: =(IF('Water Report'!$V$9>0,'Water Report'!$V$9,0)) -> 136 | AP20: =(IF('Water Report'!$V$10>0,'Water Report'!$V$10,0)) -> 19 | AQ20: =(IF('Water Report'!$V$11>0,'Water Report'!$V$11,0)) -> 0 | AR20: =(IF('Water Report'!$V$13>0,'Water Report'!$V$13,0)) -> 52 | AS20: =(IF('Water Report'!$V$14>0,'Water Report'!$V$14,0)) -> 4 | AT20: =(IF('Water Report'!$V$15>0,'Water Report'!$V$15,0)) -> 6 | AU20: =(IF('Water Report'!$V$17>0,'Water Report'!$V$17,0)) -> 0 | AV20: =(IF('Water Report'!$V$18>0,'Water Report'!$V$18,0)) -> 27 | AW20: =(IF('Water Report'!$V$19>0,'Water Report'!$V$19,0)) -> 12 | AX20: =(IF('Water Report'!$V$21>0,'Water Report'!$V$21,0)) -> 85 | AY20: =(IF('Water Report'!$V$22>0,'Water Report'!$V$22,0)) -> 0 | AZ20: =(IF('Water Report'!$V$23>0,'Water Report'!$V$23,0)) -> 10 | BA20: =(IF('Water Report'!$V$14>0,'Water Report'!$V$14,0)) -> 4 | BB20: =(IF('Water Report'!$V$15>0,'Water Report'!$V$15,0)) -> 6 | BC20: =(IF('Water Report'!$V$13>0,'Water Report'!$V$13,0)) -> 52 | BD20: =(IF('Water Report'!$V$24>0,'Water Report'!$V$24,0)) -> 226 | BE20: =(IF('Water Report'!$V$25>0,'Water Report'!$V$25,0)) -> 165 | BF20: =(IF('Water Report'!$V$27>0,'Water Report'!$V$27,0)) -> 147 | BG20: =(IF('Section Load'!AN23>0,'Section Load'!AN23,0)) -> 1000 | BH20: =(IF('Section Load'!AO23>0,'Section Load'!AO23,0)) -> 343.56 | BI20: =(IF('Section Load'!AP23>0,'Section Load'!AP23,0)) -> 0 | BJ20: =(IF('Section Load'!AQ23>0,'Section Load'!AQ23,0)) -> 96.99 | BK20: =(IF('Section Load'!AR23>0,'Section Load'!AR23,0)) -> 42.3 | BL20: =(IF('Section Load'!AS23>0,'Section Load'!AS23,0)) -> 0 | BM20: =(IF('Section Load'!AT23>0,'Section Load'!AT23,0)) -> 517.15
A21: Mumbai | B21: =B20+1 -> 20 | C21: 8 | D21: 2022 | E21: =(IF('Section Load'!F24>0,'Section Load'!F24,0)) -> 3725.81 | F21: =(IF('Section Load'!G24>0,'Section Load'!G24,0)) -> 1550.51 | G21: =(IF('Section Load'!H24>0,'Section Load'!H24,0)) -> 2246.61 | H21: =(IF('Section Load'!I24>0,'Section Load'!I24,0)) -> 2951.89 | I21: =(IF('Section Load'!J24>0,'Section Load'!J24,0)) -> 7199.17 | J21: =(IF('Section Load'!K24>0,'Section Load'!K24,0)) -> 2990.23 | K21: =(IF('Section Load'!L24>0,'Section Load'!L24,0)) -> 1834.83 | L21: =(IF('Section Load'!M24>0,'Section Load'!M24,0)) -> 1180.63 | ... AL21: =(IF('Section Load'!AM24>0,'Section Load'!AM24,0)) -> 0 | AM21: =(IF('Water Report'!$W$7>0,'Water Report'!$W$7,0)) -> 124 | AN21: =(IF('Water Report'!$W$8>0,'Water Report'!$W$8,0)) -> 128 | AO21: =(IF('Water Report'!$W$9>0,'Water Report'!$W$9,0)) -> 112 | AP21: =(IF('Water Report'!$W$10>0,'Water Report'!$W$10,0)) -> 22 | AQ21: =(IF('Water Report'!$W$11>0,'Water Report'!$W$11,0)) -> 0 | AR21: =(IF('Water Report'!$W$13>0,'Water Report'!$W$13,0)) -> 54 | AS21: =(IF('Water Report'!$W$14>0,'Water Report'!$W$14,0)) -> 3 | AT21: =(IF('Water Report'!$W$15>0,'Water Report'!$W$15,0)) -> 7 | AU21: =(IF('Water Report'!$W$17>0,'Water Report'!$W$17,0)) -> 0 | AV21: =(IF('Water Report'!$W$18>0,'Water Report'!$W$18,0)) -> 14 | AW21: =(IF('Water Report'!$W$19>0,'Water Report'!$W$19,0)) -> 12 | AX21: =(IF('Water Report'!$W$21>0,'Water Report'!$W$21,0)) -> 62 | AY21: =(IF('Water Report'!$W$22>0,'Water Report'!$W$22,0)) -> 0 | AZ21: =(IF('Water Report'!$W$23>0,'Water Report'!$W$23,0)) -> 0 | BA21: =(IF('Water Report'!$W$14>0,'Water Report'!$W$14,0)) -> 3 | BB21: =(IF('Water Report'!$W$15>0,'Water Report'!$W$15,0)) -> 7 | BC21: =(IF('Water Report'!$W$13>0,'Water Report'!$W$13,0)) -> 54 | BD21: =(IF('Water Report'!$W$24>0,'Water Report'!$W$24,0)) -> 273 | BE21: =(IF('Water Report'!$W$25>0,'Water Report'!$W$25,0)) -> 144 | BF21: =(IF('Water Report'!$W$27>0,'Water Report'!$W$27,0)) -> 116 | BG21: =(IF('Section Load'!AN24>0,'Section Load'!AN24,0)) -> 1000 | BH21: =(IF('Section Load'!AO24>0,'Section Load'!AO24,0)) -> 346.5 | BI21: =(IF('Section Load'!AP24>0,'Section Load'!AP24,0)) -> 0 | BJ21: =(IF('Section Load'!AQ24>0,'Section Load'!AQ24,0)) -> 114.6 | BK21: =(IF('Section Load'!AR24>0,'Section Load'!AR24,0)) -> 48.1 | BL21: =(IF('Section Load'!AS24>0,'Section Load'!AS24,0)) -> 0 | BM21: =(IF('Section Load'!AT24>0,'Section Load'!AT24,0)) -> 490.8
A22: Mumbai | B22: =B21+1 -> 21 | C22: 8 | D22: 2022 | E22: =(IF('Section Load'!F25>0,'Section Load'!F25,0)) -> 3627.95 | F22: =(IF('Section Load'!G25>0,'Section Load'!G25,0)) -> 1563 | G22: =(IF('Section Load'!H25>0,'Section Load'!H25,0)) -> 2209 | H22: =(IF('Section Load'!I25>0,'Section Load'!I25,0)) -> 2860 | I22: =(IF('Section Load'!J25>0,'Section Load'!J25,0)) -> 6568.78 | J22: =(IF('Section Load'!K25>0,'Section Load'!K25,0)) -> 3140 | K22: =(IF('Section Load'!L25>0,'Section Load'!L25,0)) -> 1434 | L22: =(IF('Section Load'!M25>0,'Section Load'!M25,0)) -> 726 | ... AL22: =(IF('Section Load'!AM25>0,'Section Load'!AM25,0)) -> 0.41 | AM22: =(IF('Water Report'!$X$7>0,'Water Report'!$X$7,0)) -> 105 | AN22: =(IF('Water Report'!$X$8>0,'Water Report'!$X$8,0)) -> 143 | AO22: =(IF('Water Report'!$X$9>0,'Water Report'!$X$9,0)) -> 99 | AP22: =(IF('Water Report'!$X$10>0,'Water Report'!$X$10,0)) -> 21 | AQ22: =(IF('Water Report'!$X$11>0,'Water Report'!$X$11,0)) -> 0 | AR22: =(IF('Water Report'!$X$13>0,'Water Report'!$X$13,0)) -> 56 | AS22: =(IF('Water Report'!$X$14>0,'Water Report'!$X$14,0)) -> 5 | AT22: =(IF('Water Report'!$X$15>0,'Water Report'!$X$15,0)) -> 21 | AU22: =(IF('Water Report'!$X$17>0,'Water Report'!$X$17,0)) -> 0 | AV22: =(IF('Water Report'!$X$18>0,'Water Report'!$X$18,0)) -> 14 | AW22: =(IF('Water Report'!$X$19>0,'Water Report'!$X$19,0)) -> 10 | AX22: =(IF('Water Report'!$X$21>0,'Water Report'!$X$21,0)) -> 61 | AY22: =(IF('Water Report'!$X$22>0,'Water Report'!$X$22,0)) -> 0 | AZ22: =(IF('Water Report'!$X$23>0,'Water Report'!$X$23,0)) -> 9 | BA22: =(IF('Water Report'!$X$14>0,'Water Report'!$X$14,0)) -> 5 | BB22: =(IF('Water Report'!$X$15>0,'Water Report'!$X$15,0)) -> 21 | BC22: =(IF('Water Report'!$X$13>0,'Water Report'!$X$13,0)) -> 56 | BD22: =(IF('Water Report'!$X$24>0,'Water Report'!$X$24,0)) -> 220 | BE22: =(IF('Water Report'!$X$25>0,'Water Report'!$X$25,0)) -> 146 | BF22: =(IF('Water Report'!$X$27>0,'Water Report'!$X$27,0)) -> 126 | BG22: =(IF('Section Load'!AN25>0,'Section Load'!AN25,0)) -> 1000 | BH22: =(IF('Section Load'!AO25>0,'Section Load'!AO25,0)) -> 337 | BI22: =(IF('Section Load'!AP25>0,'Section Load'!AP25,0)) -> 0 | BJ22: =(IF('Section Load'!AQ25>0,'Section Load'!AQ25,0)) -> 107 | BK22: =(IF('Section Load'!AR25>0,'Section Load'!AR25,0)) -> 49 | BL22: =(IF('Section Load'!AS25>0,'Section Load'!AS25,0)) -> 0 | BM22: =(IF('Section Load'!AT25>0,'Section Load'!AT25,0)) -> 507
A23: Mumbai | B23: =B22+1 -> 22 | C23: 8 | D23: 2022 | E23: =(IF('Section Load'!F26>0,'Section Load'!F26,0)) -> 3430 | F23: =(IF('Section Load'!G26>0,'Section Load'!G26,0)) -> 1495 | G23: =(IF('Section Load'!H26>0,'Section Load'!H26,0)) -> 2195 | H23: =(IF('Section Load'!I26>0,'Section Load'!I26,0)) -> 2882 | I23: =(IF('Section Load'!J26>0,'Section Load'!J26,0)) -> 6343 | J23: =(IF('Section Load'!K26>0,'Section Load'!K26,0)) -> 2737.03 | K23: =(IF('Section Load'!L26>0,'Section Load'!L26,0)) -> 1163 | L23: =(IF('Section Load'!M26>0,'Section Load'!M26,0)) -> 787 | ... AL23: =(IF('Section Load'!AM26>0,'Section Load'!AM26,0)) -> 0 | AM23: =(IF('Water Report'!$Y$7>0,'Water Report'!$Y$7,0)) -> 99 | AN23: =(IF('Water Report'!$Y$8>0,'Water Report'!$Y$8,0)) -> 153 | AO23: =(IF('Water Report'!$Y$9>0,'Water Report'!$Y$9,0)) -> 105 | AP23: =(IF('Water Report'!$Y$10>0,'Water Report'!$Y$10,0)) -> 22 | AQ23: =(IF('Water Report'!$Y$11>0,'Water Report'!$Y$11,0)) -> 0 | AR23: =(IF('Water Report'!$Y$13>0,'Water Report'!$Y$13,0)) -> 26 | AS23: =(IF('Water Report'!$Y$14>0,'Water Report'!$Y$14,0)) -> 3 | AT23: =(IF('Water Report'!$Y$15>0,'Water Report'!$Y$15,0)) -> 6 | AU23: =(IF('Water Report'!$Y$17>0,'Water Report'!$Y$17,0)) -> 0 | AV23: =(IF('Water Report'!$Y$18>0,'Water Report'!$Y$18,0)) -> 14 | AW23: =(IF('Water Report'!$Y$19>0,'Water Report'!$Y$19,0)) -> 12 | AX23: =(IF('Water Report'!$Y$21>0,'Water Report'!$Y$21,0)) -> 63 | AY23: =(IF('Water Report'!$Y$22>0,'Water Report'!$Y$22,0)) -> 0 | AZ23: =(IF('Water Report'!$Y$23>0,'Water Report'!$Y$23,0)) -> 6 | BA23: =(IF('Water Report'!$Y$14>0,'Water Report'!$Y$14,0)) -> 3 | BB23: =(IF('Water Report'!$Y$15>0,'Water Report'!$Y$15,0)) -> 6 | BC23: =(IF('Water Report'!$Y$13>0,'Water Report'!$Y$13,0)) -> 26 | BD23: =(IF('Water Report'!$Y$24>0,'Water Report'!$Y$24,0)) -> 269 | BE23: =(IF('Water Report'!$Y$25>0,'Water Report'!$Y$25,0)) -> 136 | BF23: =(IF('Water Report'!$Y$27>0,'Water Report'!$Y$27,0)) -> 95 | BG23: =(IF('Section Load'!AN26>0,'Section Load'!AN26,0)) -> 1000 | BH23: =(IF('Section Load'!AO26>0,'Section Load'!AO26,0)) -> 329 | BI23: =(IF('Section Load'!AP26>0,'Section Load'!AP26,0)) -> 0 | BJ23: =(IF('Section Load'!AQ26>0,'Section Load'!AQ26,0)) -> 125 | BK23: =(IF('Section Load'!AR26>0,'Section Load'!AR26,0)) -> 51 | BL23: =(IF('Section Load'!AS26>0,'Section Load'!AS26,0)) -> 0 | BM23: =(IF('Section Load'!AT26>0,'Section Load'!AT26,0)) -> 495
A24: Mumbai | B24: =B23+1 -> 23 | C24: 8 | D24: 2022 | E24: =(IF('Section Load'!F27>0,'Section Load'!F27,0)) -> 3520 | F24: =(IF('Section Load'!G27>0,'Section Load'!G27,0)) -> 1496 | G24: =(IF('Section Load'!H27>0,'Section Load'!H27,0)) -> 2289 | H24: =(IF('Section Load'!I27>0,'Section Load'!I27,0)) -> 2934 | I24: =(IF('Section Load'!J27>0,'Section Load'!J27,0)) -> 7155 | J24: =(IF('Section Load'!K27>0,'Section Load'!K27,0)) -> 3141 | K24: =(IF('Section Load'!L27>0,'Section Load'!L27,0)) -> 1332 | L24: =(IF('Section Load'!M27>0,'Section Load'!M27,0)) -> 1016 | ... AL24: =(IF('Section Load'!AM27>0,'Section Load'!AM27,0)) -> 0 | AM24: =(IF('Water Report'!$Z$7>0,'Water Report'!$Z$7,0)) -> 108 | AN24: =(IF('Water Report'!$Z$8>0,'Water Report'!$Z$8,0)) -> 196 | AO24: =(IF('Water Report'!$Z$9>0,'Water Report'!$Z$9,0)) -> 98 | AP24: =(IF('Water Report'!$Z$10>0,'Water Report'!$Z$10,0)) -> 20 | AQ24: =(IF('Water Report'!$Z$11>0,'Water Report'!$Z$11,0)) -> 0 | AR24: =(IF('Water Report'!$Z$13>0,'Water Report'!$Z$13,0)) -> 48 | AS24: =(IF('Water Report'!$Z$14>0,'Water Report'!$Z$14,0)) -> 4 | AT24: =(IF('Water Report'!$Z$15>0,'Water Report'!$Z$15,0)) -> 17 | AU24: =(IF('Water Report'!$Z$17>0,'Water Report'!$Z$17,0)) -> 0 | AV24: =(IF('Water Report'!$Z$18>0,'Water Report'!$Z$18,0)) -> 14 | AW24: =(IF('Water Report'!$Z$19>0,'Water Report'!$Z$19,0)) -> 10 | AX24: =(IF('Water Report'!$Z$21>0,'Water Report'!$Z$21,0)) -> 160 | AY24: =(IF('Water Report'!$Z$22>0,'Water Report'!$Z$22,0)) -> 0 | AZ24: =(IF('Water Report'!$Z$23>0,'Water Report'!$Z$23,0)) -> 16 | BA24: =(IF('Water Report'!$Z$14>0,'Water Report'!$Z$14,0)) -> 4 | BB24: =(IF('Water Report'!$Z$15>0,'Water Report'!$Z$15,0)) -> 17 | BC24: =(IF('Water Report'!$Z$13>0,'Water Report'!$Z$13,0)) -> 48 | BD24: =(IF('Water Report'!$Z$24>0,'Water Report'!$Z$24,0)) -> 231 | BE24: =(IF('Water Report'!$Z$25>0,'Water Report'!$Z$25,0)) -> 139 | BF24: =(IF('Water Report'!$Z$27>0,'Water Report'!$Z$27,0)) -> 224 | BG24: =(IF('Section Load'!AN27>0,'Section Load'!AN27,0)) -> 1000 | BH24: =(IF('Section Load'!AO27>0,'Section Load'!AO27,0)) -> 338 | BI24: =(IF('Section Load'!AP27>0,'Section Load'!AP27,0)) -> 0 | BJ24: =(IF('Section Load'!AQ27>0,'Section Load'!AQ27,0)) -> 99 | BK24: =(IF('Section Load'!AR27>0,'Section Load'!AR27,0)) -> 76 | BL24: =(IF('Section Load'!AS27>0,'Section Load'!AS27,0)) -> 0 | BM24: =(IF('Section Load'!AT27>0,'Section Load'!AT27,0)) -> 487
A25: Mumbai | B25: =B24+1 -> 24 | C25: 8 | D25: 2022 | E25: =(IF('Section Load'!F28>0,'Section Load'!F28,0)) -> 3778.35 | F25: =(IF('Section Load'!G28>0,'Section Load'!G28,0)) -> 1122.57 | G25: =(IF('Section Load'!H28>0,'Section Load'!H28,0)) -> 2180.31 | H25: =(IF('Section Load'!I28>0,'Section Load'!I28,0)) -> 4036.58 | I25: =(IF('Section Load'!J28>0,'Section Load'!J28,0)) -> 6692.94 | J25: =(IF('Section Load'!K28>0,'Section Load'!K28,0)) -> 3087.11 | K25: =(IF('Section Load'!L28>0,'Section Load'!L28,0)) -> 1774.13 | L25: =(IF('Section Load'!M28>0,'Section Load'!M28,0)) -> 949.37 | ... AL25: =(IF('Section Load'!AM28>0,'Section Load'!AM28,0)) -> 0 | AM25: =(IF('Water Report'!$AA$7>0,'Water Report'!$AA$7,0)) -> 114 | AN25: =(IF('Water Report'!$AA$8>0,'Water Report'!$AA$8,0)) -> 185 | AO25: =(IF('Water Report'!$AA$9>0,'Water Report'!$AA$9,0)) -> 108 | AP25: =(IF('Water Report'!$AA$10>0,'Water Report'!$AA$10,0)) -> 27 | AQ25: =(IF('Water Report'!$AA$11>0,'Water Report'!$AA$11,0)) -> 0 | AR25: =(IF('Water Report'!$AA$13>0,'Water Report'!$AA$13,0)) -> 40 | AS25: =(IF('Water Report'!$AA$14>0,'Water Report'!$AA$14,0)) -> 4 | AT25: =(IF('Water Report'!$AA$15>0,'Water Report'!$AA$15,0)) -> 9 | AU25: =(IF('Water Report'!$AA$17>0,'Water Report'!$AA$17,0)) -> 0 | AV25: =(IF('Water Report'!$AA$18>0,'Water Report'!$AA$18,0)) -> 12 | AW25: =(IF('Water Report'!$AA$19>0,'Water Report'!$AA$19,0)) -> 10 | AX25: =(IF('Water Report'!$AA$21>0,'Water Report'!$AA$21,0)) -> 110 | AY25: =(IF('Water Report'!$AA$22>0,'Water Report'!$AA$22,0)) -> 0 | AZ25: =(IF('Water Report'!$AA$23>0,'Water Report'!$AA$23,0)) -> 10 | BA25: =(IF('Water Report'!$AA$14>0,'Water Report'!$AA$14,0)) -> 4 | BB25: =(IF('Water Report'!$AA$15>0,'Water Report'!$AA$15,0)) -> 9 | BC25: =(IF('Water Report'!$AA$13>0,'Water Report'!$AA$13,0)) -> 40 | BD25: =(IF('Water Report'!$AA$24>0,'Water Report'!$AA$24,0)) -> 197 | BE25: =(IF('Water Report'!$AA$25>0,'Water Report'!$AA$25,0)) -> 148 | BF25: =(IF('Water Report'!$AA$27>0,'Water Report'!$AA$27,0)) -> 160 | BG25: =(IF('Section Load'!AN28>0,'Section Load'!AN28,0)) -> 1000 | BH25: =(IF('Section Load'!AO28>0,'Section Load'!AO28,0)) -> 331.49 | BI25: =(IF('Section Load'!AP28>0,'Section Load'!AP28,0)) -> 0 | BJ25: =(IF('Section Load'!AQ28>0,'Section Load'!AQ28,0)) -> 97 | BK25: =(IF('Section Load'!AR28>0,'Section Load'!AR28,0)) -> 57.8 | BL25: =(IF('Section Load'!AS28>0,'Section Load'!AS28,0)) -> 0 | BM25: =(IF('Section Load'!AT28>0,'Section Load'!AT28,0)) -> 513.71
A26: Mumbai | B26: =B25+1 -> 25 | C26: 8 | D26: 2022 | E26: =(IF('Section Load'!F29>0,'Section Load'!F29,0)) -> 3700.09 | F26: =(IF('Section Load'!G29>0,'Section Load'!G29,0)) -> 1084.49 | G26: =(IF('Section Load'!H29>0,'Section Load'!H29,0)) -> 2167.16 | H26: =(IF('Section Load'!I29>0,'Section Load'!I29,0)) -> 4235.25 | I26: =(IF('Section Load'!J29>0,'Section Load'!J29,0)) -> 6807.72 | J26: =(IF('Section Load'!K29>0,'Section Load'!K29,0)) -> 2956.38 | K26: =(IF('Section Load'!L29>0,'Section Load'!L29,0)) -> 1584.78 | L26: =(IF('Section Load'!M29>0,'Section Load'!M29,0)) -> 787.9 | ... AL26: =(IF('Section Load'!AM29>0,'Section Load'!AM29,0)) -> 0 | AM26: =(IF('Water Report'!$AB$7>0,'Water Report'!$AB$7,0)) -> 98 | AN26: =(IF('Water Report'!$AB$8>0,'Water Report'!$AB$8,0)) -> 136 | AO26: =(IF('Water Report'!$AB$9>0,'Water Report'!$AB$9,0)) -> 96 | AP26: =(IF('Water Report'!$AB$10>0,'Water Report'!$AB$10,0)) -> 22 | AQ26: =(IF('Water Report'!$AB$11>0,'Water Report'!$AB$11,0)) -> 0 | AR26: =(IF('Water Report'!$AB$13>0,'Water Report'!$AB$13,0)) -> 17 | AS26: =(IF('Water Report'!$AB$14>0,'Water Report'!$AB$14,0)) -> 4 | AT26: =(IF('Water Report'!$AB$15>0,'Water Report'!$AB$15,0)) -> 7 | AU26: =(IF('Water Report'!$AB$17>0,'Water Report'!$AB$17,0)) -> 0 | AV26: =(IF('Water Report'!$AB$18>0,'Water Report'!$AB$18,0)) -> 14 | AW26: =(IF('Water Report'!$AB$19>0,'Water Report'!$AB$19,0)) -> 11 | AX26: =(IF('Water Report'!$AB$21>0,'Water Report'!$AB$21,0)) -> 88 | AY26: =(IF('Water Report'!$AB$22>0,'Water Report'!$AB$22,0)) -> 0 | AZ26: =(IF('Water Report'!$AB$23>0,'Water Report'!$AB$23,0)) -> 14 | BA26: =(IF('Water Report'!$AB$14>0,'Water Report'!$AB$14,0)) -> 4 | BB26: =(IF('Water Report'!$AB$15>0,'Water Report'!$AB$15,0)) -> 7 | BC26: =(IF('Water Report'!$AB$13>0,'Water Report'!$AB$13,0)) -> 17 | BD26: =(IF('Water Report'!$AB$24>0,'Water Report'!$AB$24,0)) -> 201 | BE26: =(IF('Water Report'!$AB$25>0,'Water Report'!$AB$25,0)) -> 129 | BF26: =(IF('Water Report'!$AB$27>0,'Water Report'!$AB$27,0)) -> 119 | BG26: =(IF('Section Load'!AN29>0,'Section Load'!AN29,0)) -> 1000 | BH26: =(IF('Section Load'!AO29>0,'Section Load'!AO29,0)) -> 340.29 | BI26: =(IF('Section Load'!AP29>0,'Section Load'!AP29,0)) -> 0 | BJ26: =(IF('Section Load'!AQ29>0,'Section Load'!AQ29,0)) -> 95 | BK26: =(IF('Section Load'!AR29>0,'Section Load'!AR29,0)) -> 43.6 | BL26: =(IF('Section Load'!AS29>0,'Section Load'!AS29,0)) -> 0 | BM26: =(IF('Section Load'!AT29>0,'Section Load'!AT29,0)) -> 521.11
A27: Mumbai | B27: =B26+1 -> 26 | C27: 8 | D27: 2022 | E27: =(IF('Section Load'!F30>0,'Section Load'!F30,0)) -> 3963.44 | F27: =(IF('Section Load'!G30>0,'Section Load'!G30,0)) -> 1084.97 | G27: =(IF('Section Load'!H30>0,'Section Load'!H30,0)) -> 2304.96 | H27: =(IF('Section Load'!I30>0,'Section Load'!I30,0)) -> 4264.32 | I27: =(IF('Section Load'!J30>0,'Section Load'!J30,0)) -> 5676.34 | J27: =(IF('Section Load'!K30>0,'Section Load'!K30,0)) -> 2656.96 | K27: =(IF('Section Load'!L30>0,'Section Load'!L30,0)) -> 1217.36 | L27: =(IF('Section Load'!M30>0,'Section Load'!M30,0)) -> 828.9 | ... AL27: =(IF('Section Load'!AM30>0,'Section Load'!AM30,0)) -> 0 | AM27: =(IF('Water Report'!$AC$7>0,'Water Report'!$AC$7,0)) -> 130 | AN27: =(IF('Water Report'!$AC$8>0,'Water Report'!$AC$8,0)) -> 165 | AO27: =(IF('Water Report'!$AC$9>0,'Water Report'!$AC$9,0)) -> 98 | AP27: =(IF('Water Report'!$AC$10>0,'Water Report'!$AC$10,0)) -> 25 | AQ27: =(IF('Water Report'!$AC$11>0,'Water Report'!$AC$11,0)) -> 0 | AR27: =(IF('Water Report'!$AC$13>0,'Water Report'!$AC$13,0)) -> 17 | AS27: =(IF('Water Report'!$AC$14>0,'Water Report'!$AC$14,0)) -> 7 | AT27: =(IF('Water Report'!$AC$15>0,'Water Report'!$AC$15,0)) -> 15 | AU27: =(IF('Water Report'!$AC$17>0,'Water Report'!$AC$17,0)) -> 0 | AV27: =(IF('Water Report'!$AC$18>0,'Water Report'!$AC$18,0)) -> 14 | AW27: =(IF('Water Report'!$AC$19>0,'Water Report'!$AC$19,0)) -> 13 | AX27: =(IF('Water Report'!$AC$21>0,'Water Report'!$AC$21,0)) -> 87 | AY27: =(IF('Water Report'!$AC$22>0,'Water Report'!$AC$22,0)) -> 0 | AZ27: =(IF('Water Report'!$AC$23>0,'Water Report'!$AC$23,0)) -> 9 | BA27: =(IF('Water Report'!$AC$14>0,'Water Report'!$AC$14,0)) -> 7 | BB27: =(IF('Water Report'!$AC$15>0,'Water Report'!$AC$15,0)) -> 15 | BC27: =(IF('Water Report'!$AC$13>0,'Water Report'!$AC$13,0)) -> 17 | BD27: =(IF('Water Report'!$AC$24>0,'Water Report'!$AC$24,0)) -> 231 | BE27: =(IF('Water Report'!$AC$25>0,'Water Report'!$AC$25,0)) -> 145 | BF27: =(IF('Water Report'!$AC$27>0,'Water Report'!$AC$27,0)) -> 113 | BG27: =(IF('Section Load'!AN30>0,'Section Load'!AN30,0)) -> 1000 | BH27: =(IF('Section Load'!AO30>0,'Section Load'!AO30,0)) -> 303.22 | BI27: =(IF('Section Load'!AP30>0,'Section Load'!AP30,0)) -> 0 | BJ27: =(IF('Section Load'!AQ30>0,'Section Load'!AQ30,0)) -> 96.73 | BK27: =(IF('Section Load'!AR30>0,'Section Load'!AR30,0)) -> 47.8 | BL27: =(IF('Section Load'!AS30>0,'Section Load'!AS30,0)) -> 0 | BM27: =(IF('Section Load'!AT30>0,'Section Load'!AT30,0)) -> 552.25
A28: Mumbai | B28: =B27+1 -> 27 | C28: 8 | D28: 2022 | E28: =(IF('Section Load'!F31>0,'Section Load'!F31,0)) -> 3526.76 | F28: =(IF('Section Load'!G31>0,'Section Load'!G31,0)) -> 1102.32 | G28: =(IF('Section Load'!H31>0,'Section Load'!H31,0)) -> 2277.8 | H28: =(IF('Section Load'!I31>0,'Section Load'!I31,0)) -> 4078.93 | I28: =(IF('Section Load'!J31>0,'Section Load'!J31,0)) -> 6053.5 | J28: =(IF('Section Load'!K31>0,'Section Load'!K31,0)) -> 2809.82 | K28: =(IF('Section Load'!L31>0,'Section Load'!L31,0)) -> 1118.38 | L28: =(IF('Section Load'!M31>0,'Section Load'!M31,0)) -> 1191 | ... AL28: =(IF('Section Load'!AM31>0,'Section Load'!AM31,0)) -> 0 | AM28: =(IF('Water Report'!$AD$7>0,'Water Report'!$AD$7,0)) -> 135 | AN28: =(IF('Water Report'!$AD$8>0,'Water Report'!$AD$8,0)) -> 137 | AO28: =(IF('Water Report'!$AD$9>0,'Water Report'!$AD$9,0)) -> 121 | AP28: =(IF('Water Report'!$AD$10>0,'Water Report'!AD$10,0)) -> 32 | AQ28: =(IF('Water Report'!$AD$11>0,'Water Report'!AE$11,0)) -> 0 | AR28: =(IF('Water Report'!$AD$13>0,'Water Report'!AF$13,0)) -> 14 | AS28: =(IF('Water Report'!$AD$14>0,'Water Report'!AG$14,0)) -> 3 | AT28: =(IF('Water Report'!$AD$15>0,'Water Report'!AH$15,0)) -> 17 | AU28: =(IF('Water Report'!$AD$17>0,'Water Report'!AI$17,0)) -> 0 | AV28: =(IF('Water Report'!$AD$18>0,'Water Report'!AJ$18,0)) -> 0 | AW28: =(IF('Water Report'!$AD$19>0,'Water Report'!AK$19,0)) -> 0 | AX28: =(IF('Water Report'!$AD$21>0,'Water Report'!AL$21,0)) -> 0 | AY28: =(IF('Water Report'!$AD$22>0,'Water Report'!AM$22,0)) -> 0 | AZ28: =(IF('Water Report'!$AD$23>0,'Water Report'!AN$23,0)) -> 0 | BA28: =(IF('Water Report'!$AD$14>0,'Water Report'!AO$14,0)) -> 0 | BB28: =(IF('Water Report'!$AD$15>0,'Water Report'!AP$15,0)) -> 0 | BC28: =(IF('Water Report'!$AD$13>0,'Water Report'!AQ$13,0)) -> 0 | BD28: =(IF('Water Report'!$AD$24>0,'Water Report'!AR$24,0)) -> 0 | BE28: =(IF('Water Report'!$AD$25>0,'Water Report'!AS$25,0)) -> 0 | BF28: =(IF('Water Report'!$AD$27>0,'Water Report'!AT$27,0)) -> 0 | BG28: =(IF('Section Load'!AN31>0,'Section Load'!AN31,0)) -> 1000 | BH28: =(IF('Section Load'!AO31>0,'Section Load'!AO31,0)) -> 306.55 | BI28: =(IF('Section Load'!AP31>0,'Section Load'!AP31,0)) -> 0 | BJ28: =(IF('Section Load'!AQ31>0,'Section Load'!AQ31,0)) -> 122.66 | BK28: =(IF('Section Load'!AR31>0,'Section Load'!AR31,0)) -> 51.1 | BL28: =(IF('Section Load'!AS31>0,'Section Load'!AS31,0)) -> 0 | BM28: =(IF('Section Load'!AT31>0,'Section Load'!AT31,0)) -> 519.69
A29: Mumbai | B29: =B28+1 -> 28 | C29: 8 | D29: 2022 | E29: =(IF('Section Load'!F32>0,'Section Load'!F32,0)) -> 4198.78 | F29: =(IF('Section Load'!G32>0,'Section Load'!G32,0)) -> 1104.02 | G29: =(IF('Section Load'!H32>0,'Section Load'!H32,0)) -> 2243.28 | H29: =(IF('Section Load'!I32>0,'Section Load'!I32,0)) -> 4464.32 | I29: =(IF('Section Load'!J32>0,'Section Load'!J32,0)) -> 5371.1 | J29: =(IF('Section Load'!K32>0,'Section Load'!K32,0)) -> 3110.55 | K29: =(IF('Section Load'!L32>0,'Section Load'!L32,0)) -> 1330.33 | L29: =(IF('Section Load'!M32>0,'Section Load'!M32,0)) -> 893.38 | ... AL29: =(IF('Section Load'!AM32>0,'Section Load'!AM32,0)) -> 0 | AM29: =(IF('Water Report'!$AE$7>0,'Water Report'!$AE$7,0)) -> 115 | AN29: =(IF('Water Report'!$AE$8>0,'Water Report'!$AE$8,0)) -> 145 | AO29: =(IF('Water Report'!$AE$9>0,'Water Report'!$AE$9,0)) -> 102 | AP29: =(IF('Water Report'!$AE$10>0,'Water Report'!$AE$10,0)) -> 20 | AQ29: =(IF('Water Report'!$AE$11>0,'Water Report'!$AE$11,0)) -> 0 | AR29: =(IF('Water Report'!$AE$13>0,'Water Report'!$AE$13,0)) -> 12 | AS29: =(IF('Water Report'!$AE$14>0,'Water Report'!$AE$14,0)) -> 6 | AT29: =(IF('Water Report'!$AE$15>0,'Water Report'!$AE$15,0)) -> 12 | AU29: =(IF('Water Report'!$AE$17>0,'Water Report'!$AE$17,0)) -> 0 | AV29: =(IF('Water Report'!$AE$18>0,'Water Report'!$AE$18,0)) -> 14 | AW29: =(IF('Water Report'!$AE$19>0,'Water Report'!$AE$19,0)) -> 11 | AX29: =(IF('Water Report'!$AE$21>0,'Water Report'!$AE$21,0)) -> 107 | AY29: =(IF('Water Report'!$AE$22>0,'Water Report'!$AE$22,0)) -> 0 | AZ29: =(IF('Water Report'!$AE$23>0,'Water Report'!$AE$23,0)) -> 28 | BA29: =(IF('Water Report'!$AE$14>0,'Water Report'!$AE$14,0)) -> 6 | BB29: =(IF('Water Report'!$AE$15>0,'Water Report'!$AE$15,0)) -> 12 | BC29: =(IF('Water Report'!$AE$13>0,'Water Report'!$AE$13,0)) -> 12 | BD29: =(IF('Water Report'!$AE$24>0,'Water Report'!$AE$24,0)) -> 190 | BE29: =(IF('Water Report'!$AE$25>0,'Water Report'!$AE$25,0)) -> 139 | BF29: =(IF('Water Report'!$AE$27>0,'Water Report'!$AE$27,0)) -> 147 | BG29: =(IF('Section Load'!AN32>0,'Section Load'!AN32,0)) -> 1000 | BH29: =(IF('Section Load'!AO32>0,'Section Load'!AO32,0)) -> 312.09 | BI29: =(IF('Section Load'!AP32>0,'Section Load'!AP32,0)) -> 0 | BJ29: =(IF('Section Load'!AQ32>0,'Section Load'!AQ32,0)) -> 101.61 | BK29: =(IF('Section Load'!AR32>0,'Section Load'!AR32,0)) -> 45.7 | BL29: =(IF('Section Load'!AS32>0,'Section Load'!AS32,0)) -> 0 | BM29: =(IF('Section Load'!AT32>0,'Section Load'!AT32,0)) -> 541.4
A30: Mumbai | B30: =B29+1 -> 29 | C30: 8 | D30: 2022 | E30: =(IF('Section Load'!F33>0,'Section Load'!F33,0)) -> 4229.46 | F30: =(IF('Section Load'!G33>0,'Section Load'!G33,0)) -> 1102.38 | G30: =(IF('Section Load'!H33>0,'Section Load'!H33,0)) -> 2265.56 | H30: =(IF('Section Load'!I33>0,'Section Load'!I33,0)) -> 4413.23 | I30: =(IF('Section Load'!J33>0,'Section Load'!J33,0)) -> 5456.45 | J30: =(IF('Section Load'!K33>0,'Section Load'!K33,0)) -> 3053.14 | K30: =(IF('Section Load'!L33>0,'Section Load'!L33,0)) -> 1186.19 | L30: =(IF('Section Load'!M33>0,'Section Load'!M33,0)) -> 742.22 | ... AL30: =(IF('Section Load'!AM33>0,'Section Load'!AM33,0)) -> 0 | AM30: =(IF('Water Report'!$AF$7>0,'Water Report'!$AF$7,0)) -> 128 | AN30: =(IF('Water Report'!$AF$8>0,'Water Report'!$AF$8,0)) -> 157 | AO30: =(IF('Water Report'!$AF$9>0,'Water Report'!$AF$9,0)) -> 117 | AP30: =(IF('Water Report'!$AF$10>0,'Water Report'!$AF$10,0)) -> 29 | AQ30: =(IF('Water Report'!$AF$11>0,'Water Report'!$AF$11,0)) -> 0 | AR30: =(IF('Water Report'!$AF$13>0,'Water Report'!$AF$13,0)) -> 14 | AS30: =(IF('Water Report'!$AF$14>0,'Water Report'!$AF$14,0)) -> 4 | AT30: =(IF('Water Report'!$AF$15>0,'Water Report'!$AF$15,0)) -> 14 | AU30: =(IF('Water Report'!$AF$17>0,'Water Report'!$AF$17,0)) -> 0 | AV30: =(IF('Water Report'!$AF$18>0,'Water Report'!$AF$18,0)) -> 16 | AW30: =(IF('Water Report'!$AF$19>0,'Water Report'!$AF$19,0)) -> 13 | AX30: =(IF('Water Report'!$AF$21>0,'Water Report'!$AF$21,0)) -> 64 | AY30: =(IF('Water Report'!$AF$22>0,'Water Report'!$AF$22,0)) -> 0 | AZ30: =(IF('Water Report'!$AF$23>0,'Water Report'!$AF$23,0)) -> 3 | BA30: =(IF('Water Report'!$AF$14>0,'Water Report'!$AF$14,0)) -> 4 | BB30: =(IF('Water Report'!$AF$15>0,'Water Report'!$AF$15,0)) -> 14 | BC30: =(IF('Water Report'!$AF$13>0,'Water Report'!$AF$13,0)) -> 14 | BD30: =(IF('Water Report'!$AF$24>0,'Water Report'!$AF$24,0)) -> 231 | BE30: =(IF('Water Report'!$AF$25>0,'Water Report'!$AF$25,0)) -> 164 | BF30: =(IF('Water Report'!$AF$27>0,'Water Report'!$AF$27,0)) -> 81 | BG30: =(IF('Section Load'!AN33>0,'Section Load'!AN33,0)) -> 1000 | BH30: =(IF('Section Load'!AO33>0,'Section Load'!AO33,0)) -> 308.06 | BI30: =(IF('Section Load'!AP33>0,'Section Load'!AP33,0)) -> 0 | BJ30: =(IF('Section Load'!AQ33>0,'Section Load'!AQ33,0)) -> 108 | BK30: =(IF('Section Load'!AR33>0,'Section Load'!AR33,0)) -> 63 | BL30: =(IF('Section Load'!AS33>0,'Section Load'!AS33,0)) -> 0.4 | BM30: =(IF('Section Load'!AT33>0,'Section Load'!AT33,0)) -> 520.54
A31: Mumbai | B31: =B30+1 -> 30 | C31: 8 | D31: 2022 | E31: =(IF('Section Load'!F34>0,'Section Load'!F34,0)) -> 4258.4 | F31: =(IF('Section Load'!G34>0,'Section Load'!G34,0)) -> 1071.44 | G31: =(IF('Section Load'!H34>0,'Section Load'!H34,0)) -> 2291.6 | H31: =(IF('Section Load'!I34>0,'Section Load'!I34,0)) -> 4606.56 | I31: =(IF('Section Load'!J34>0,'Section Load'!J34,0)) -> 6490.01 | J31: =(IF('Section Load'!K34>0,'Section Load'!K34,0)) -> 3084.14 | K31: =(IF('Section Load'!L34>0,'Section Load'!L34,0)) -> 1094.1 | L31: =(IF('Section Load'!M34>0,'Section Load'!M34,0)) -> 1023.83 | ... AL31: =(IF('Section Load'!AM34>0,'Section Load'!AM34,0)) -> 0 | AM31: =(IF('Water Report'!$AG$7>0,'Water Report'!$AG$7,0)) -> 116 | AN31: =(IF('Water Report'!$AG$8>0,'Water Report'!$AG$8,0)) -> 130 | AO31: =(IF('Water Report'!$AG$9>0,'Water Report'!$AG$9,0)) -> 108 | AP31: =(IF('Water Report'!$AG$10>0,'Water Report'!$DAG$10,0)) -> 0 | AQ31: =(IF('Water Report'!$AG$11>0,'Water Report'!$DAG$11,0)) -> 0 | AR31: =(IF('Water Report'!$AG$13>0,'Water Report'!$DAG$13,0)) -> 0 | AS31: =(IF('Water Report'!$AG$14>0,'Water Report'!$DAG$14,0)) -> 0 | AT31: =(IF('Water Report'!$AG$15>0,'Water Report'!$DAG$15,0)) -> 0 | AU31: =(IF('Water Report'!$AG$17>0,'Water Report'!$DAG$17,0)) -> 0 | AV31: =(IF('Water Report'!$AG$18>0,'Water Report'!$DAG$18,0)) -> 0 | AW31: =(IF('Water Report'!$AG$19>0,'Water Report'!$DAG$19,0)) -> 0 | AX31: =(IF('Water Report'!$AG$21>0,'Water Report'!$DAG$21,0)) -> 0 | AY31: =(IF('Water Report'!$AG$22>0,'Water Report'!$DAG$22,0)) -> 0 | AZ31: =(IF('Water Report'!$AG$23>0,'Water Report'!$DAG$23,0)) -> 0 | BA31: =(IF('Water Report'!$AG$14>0,'Water Report'!$DAG$14,0)) -> 0 | BB31: =(IF('Water Report'!$AG$15>0,'Water Report'!$DAG$15,0)) -> 0 | BC31: =(IF('Water Report'!$AG$13>0,'Water Report'!$DAG$13,0)) -> 0 | BD31: =(IF('Water Report'!$AG$24>0,'Water Report'!$DAG$24,0)) -> 0 | BE31: =(IF('Water Report'!$AG$25>0,'Water Report'!$DAG$25,0)) -> 0 | BF31: =(IF('Water Report'!$AG$27>0,'Water Report'!$DAG$27,0)) -> 0 | BG31: =(IF('Section Load'!AN34>0,'Section Load'!AN34,0)) -> 1000 | BH31: =(IF('Section Load'!AO34>0,'Section Load'!AO34,0)) -> 322.63 | BI31: =(IF('Section Load'!AP34>0,'Section Load'!AP34,0)) -> 0 | BJ31: =(IF('Section Load'!AQ34>0,'Section Load'!AQ34,0)) -> 108 | BK31: =(IF('Section Load'!AR34>0,'Section Load'!AR34,0)) -> 50 | BL31: =(IF('Section Load'!AS34>0,'Section Load'!AS34,0)) -> 0 | BM31: =(IF('Section Load'!AT34>0,'Section Load'!AT34,0)) -> 519.77
A32: Mumbai | B32: =B31+1 -> 31 | C32: 8 | D32: 2022 | E32: =(IF('Section Load'!F35>0,'Section Load'!F35,0)) -> 4304.72 | F32: =(IF('Section Load'!G35>0,'Section Load'!G35,0)) -> 1033.81 | G32: =(IF('Section Load'!H35>0,'Section Load'!H35,0)) -> 2270.33 | H32: =(IF('Section Load'!I35>0,'Section Load'!I35,0)) -> 4358.81 | I32: =(IF('Section Load'!J35>0,'Section Load'!J35,0)) -> 6404.94 | J32: =(IF('Section Load'!K35>0,'Section Load'!K35,0)) -> 2986.87 | K32: =(IF('Section Load'!L35>0,'Section Load'!L35,0)) -> 982.73 | L32: =(IF('Section Load'!M35>0,'Section Load'!M35,0)) -> 847.4 | ... AL32: =(IF('Section Load'!AM35>0,'Section Load'!AM35,0)) -> 0 | AM32: =(IF('Water Report'!$AH$7>0,'Water Report'!$AH$7,0)) -> 123 | AN32: =(IF('Water Report'!$AH$8>0,'Water Report'!$AH$8,0)) -> 171 | AO32: =(IF('Water Report'!$AH$9>0,'Water Report'!$AH$9,0)) -> 111 | AP32: =(IF('Water Report'!$AH$10>0,'Water Report'!$DAH$10,0)) -> 0 | AQ32: =(IF('Water Report'!$AH$11>0,'Water Report'!$DAH$11,0)) -> 0 | AR32: =(IF('Water Report'!$AH$13>0,'Water Report'!$DAH$13,0)) -> 0 | AS32: =(IF('Water Report'!$AH$14>0,'Water Report'!$DAH$14,0)) -> 0 | AT32: =(IF('Water Report'!$AH$15>0,'Water Report'!$DAH$15,0)) -> 0 | AU32: =(IF('Water Report'!$AH$17>0,'Water Report'!$DAH$17,0)) -> 0 | AV32: =(IF('Water Report'!$AH$18>0,'Water Report'!$DAH$18,0)) -> 0 | AW32: =(IF('Water Report'!$AH$19>0,'Water Report'!$DAH$19,0)) -> 0 | AX32: =(IF('Water Report'!$AH$21>0,'Water Report'!$DAH$21,0)) -> 0 | AY32: =(IF('Water Report'!$AH$22>0,'Water Report'!$DAH$22,0)) -> 0 | AZ32: =(IF('Water Report'!$AH$23>0,'Water Report'!$DAH$23,0)) -> 0 | BA32: =(IF('Water Report'!$AH$14>0,'Water Report'!$DAH$14,0)) -> 0 | BB32: =(IF('Water Report'!$AH$15>0,'Water Report'!$DAH$15,0)) -> 0 | BC32: =(IF('Water Report'!$AH$13>0,'Water Report'!$DAH$13,0)) -> 0 | BD32: =(IF('Water Report'!$AH$24>0,'Water Report'!$DAH$24,0)) -> 0 | BE32: =(IF('Water Report'!$AH$25>0,'Water Report'!$DAH$25,0)) -> 0 | BF32: =(IF('Water Report'!$AH$27>0,'Water Report'!$DAH$27,0)) -> 0 | BG32: =(IF('Section Load'!AN35>0,'Section Load'!AN35,0)) -> 1000 | BH32: =(IF('Section Load'!AO35>0,'Section Load'!AO35,0)) -> 329.53 | BI32: =(IF('Section Load'!AP35>0,'Section Load'!AP35,0)) -> 0.8 | BJ32: =(IF('Section Load'!AQ35>0,'Section Load'!AQ35,0)) -> 107 | BK32: =(IF('Section Load'!AR35>0,'Section Load'!AR35,0)) -> 50 | BL32: =(IF('Section Load'!AS35>0,'Section Load'!AS35,0)) -> 0 | BM32: =(IF('Section Load'!AT35>0,'Section Load'!AT35,0)) -> 512.67

Sheet Daily HLP
A2: Date | B2: Date | C2: Min.Tem (Degee) | D2: Avg.Temp (Degree) | E2: Hum % | F2: Occu. | H2: Electricity | L2: Gas | O2: Water | R2: Water per occiped room | S2: Diesel | V2: Water Consumption Zone | Z2: Chiller Running Hrs | AE2: Chiller Total | AF2: Chiller Avg. Laod | AG2: Boiler Running Hrs | AJ2: Total boiler | AK2: Hot Water Generator | AN2: Total HWG RH | AO2: HWG Gas consumption | AP2: Transformer -1 | AZ2: Transformer -2 | BN2: Total HLP Cost | BP2: Chiller lock at 70%
F3: % | G3: KwH | H3: Units (Kvah) | I3: Rate | J3: Total Cost(Rs) | K3: Per room | L3: Total Units(CuM) | M3: Rate | N3: Total Cost(Rs) | O3: Units(KL) | P3: Rate | Q3: Total Cost(Rs) | S3: Ltrs | T3: Rate | U3: Total Cost(Rs) | V3: Zone-1 | W3: Zone-2 | X3: Zone-3 | Z3: CH1 | AA3: CH2 | AB3: CH3 | AC3: CH4 | AD3: Total chiller | AG3: Boiler1 | AH3: Boiler2 | AI3: Boiler3 | AK3: HWG1 | AL3: HWG2 | AP3: HVAC-1 | AQ3: FPP-1 | AR3: MPP | AS3: Lighting-1 | AT3: Cap bank 1100KVAR-1 | AU3: CH-1 | AV3: CH-2 | AW3: Chilled water Pump | AX3: Co Generator | AY3: Ball Room-2 | AZ3: HVAC-2 | BA3: FPP-2 | BB3: MPP | BC3: Lighting-2 | BD3: Cap bank 1200KVAR-2 | BE3: CH-3 | BF3: CH-4 | BG3: Chilled water Pump | BH3: Ball Room-1 | BJ3: Cooling Tower consumption | BK3: HVAC% | BL3: Lighting% | BM3: Power% | BO3: Chiller Plant IKW
A4: 1 | B4: 1 | D4: ='1'!D3 -> 29 | E4: ='1'!D4 -> 0.78 | F4: ='1'!D2 -> 0.88 | G4: ='1'!G7 -> 25437 | H4: ='1'!G8 -> 25783 | I4: 9 | J4: =H4*I4 -> 232047 | K4: =H4/202 -> 127.63861 | L4: ='1'!G15 -> 1063.6 | M4: 56.2 | N4: =L4*M4 -> 59774.32 | O4: ='1'!G20 -> 182 | P4: 108 | Q4: =O4*P4 -> 19656 | R4: =O4/(F4*202/100) -> 102.38524 | S4: ='1'!G24 -> 0 | T4: 69 | U4: =S4*T4 -> 0 | V4: ='1'!G65 -> 92 | W4: ='1'!G66 -> 25 | X4: ='1'!G67 -> 0 | Y4: =V4+W4+X4 -> 117 | Z4: ='1'!G84 -> 22.44 | AA4: ='1'!G85 -> 0 | AB4: ='1'!G86 -> 15.01 | AC4: ='1'!G87 -> 0 | AD4: =Z4+AA4+AB4+AC4 -> 37.45 | AE4: =AU4+AV4+BE4+BF4 -> 6923.3 | AF4: =AE4/AD4 -> 184.86782 | AG4: ='1'!G88 -> 0 | AH4: ='1'!G89 -> 9.64 | AI4: ='1'!G90 -> 11.75 | AJ4: =AG4+AH4+AI4 -> 21.39 | AK4: ='1'!G91 -> 0 | AL4: ='1'!G92 -> 10.86 | AN4: =AK4+AL4 -> 10.86 | AO4: ='1'!G74 -> 308.04 | AP4: ='1'!G35 -> 0 | AQ4: ='1'!G37 -> 0 | AR4: ='1'!G38 -> 2260.3 | AS4: ='1'!G39 -> 0.19 | AT4: ='1'!G40 -> 837.71 | AU4: ='1'!G41 -> 4943.21 | AV4: ='1'!G42 -> 0.07 | AW4: ='1'!G43 -> 0 | AX4: ='1'!G44 -> 0 | AY4: ='1'!G36 -> 620.19 | AZ4: ='1'!G49 -> 4229.35 | BA4: ='1'!G51 -> 1127.2 | BB4: ='1'!G52 -> -0.24 | BC4: ='1'!G53 -> 4348.67 | BD4: ='1'!G54 -> 341.79 | BE4: ='1'!G55 -> 1979.63 | BF4: ='1'!G56 -> 0.39 | BG4: ='1'!G57 -> 3125.45 | BH4: ='1'!G50 -> 1020.39 | BI4: =SUM(AU4,AV4,BE4,BF4) -> 6923.3 | BJ4: ='1'!G133 -> 0 | BK4: =SUM(AP4,AU4,AV4,AW4,AZ4,BE4,BF4,BG4)/H4% -> 55.377962 | BL4: =SUM(AS4,BC4)/H4% -> 16.867161 | BM4: =(AR4+BB4)/H4 -> 0.087656983 | BN4: =J4+N4+Q4+U4 -> 311477.32 | BO4: =SUM(AU4,AV4,AW4,BE4,BF4,BG4,BJ4) -> 10048.75 | BP4: =BO4/(AD4*280) -> 0.95830154 | BQ4: =SUM(AU4,AV4,BE4,BF4)/(AD4*400) -> 0.46216956
A5: 2 | B5: 2 | D5: ='2'!D3 -> 28 | E5: ='2'!D4 -> 0.79 | F5: ='2'!D2 -> 0.98 | G5: ='2'!G7 -> 25517 | H5: ='2'!G8 -> 25845 | I5: 9 | J5: =H5*I5 -> 232605 | K5: =H5/202 -> 127.94554 | L5: ='2'!G15 -> 1000.7 | M5: 56.2 | N5: =L5*M5 -> 56239.34 | O5: ='2'!G20 -> 231 | P5: 108 | Q5: =O5*P5 -> 24948 | R5: =O5/(F5*202/100) -> 116.69024 | S5: ='2'!G24 -> 0 | T5: 69 | U5: =S5*T5 -> 0 | V5: ='2'!F65 -> 454905 | W5: ='2'!G66 -> 17 | X5: ='2'!G67 -> 0 | Y5: =V5+W5+X5 -> 454922 | Z5: ='2'!G84 -> 11.68 | AA5: ='2'!G85 -> 0 | AB5: ='2'!G86 -> 23.99 | AC5: ='2'!G87 -> 0 | AD5: =Z5+AA5+AB5+AC5 -> 35.67 | AE5: =AU5+AV5+BE5+BF5 -> 6103.42 | AF5: =AE5/AD5 -> 171.10793 | AG5: ='2'!G88 -> 0 | AH5: ='2'!G89 -> 9.34 | AI5: ='2'!G90 -> 10.09 | AJ5: =AG5+AH5+AI5 -> 19.43 | AK5: ='2'!G91 -> 0 | AL5: ='2'!G92 -> 10.29 | AN5: =AK5+AL5 -> 10.29 | AO5: ='2'!G74 -> 286.33 | AP5: ='2'!G35 -> 0.05 | AQ5: ='2'!G37 -> -0.31 | AR5: ='2'!G38 -> 2221.05 | AS5: ='2'!G39 -> 0 | AT5: ='2'!G40 -> 856.23 | AU5: ='2'!G41 -> 2451.14 | AV5: ='2'!G42 -> 0 | AW5: ='2'!G43 -> 0 | AX5: ='2'!G44 -> 0 | AY5: ='2'!G36 -> 775.66 | AZ5: ='2'!G49 -> 4402.65 | BA5: ='2'!G51 -> 1083.62 | BB5: ='2'!G52 -> 0 | BC5: ='2'!G53 -> 4423.63 | BD5: ='2'!G54 -> 345.28 | BE5: ='2'!G55 -> 3652.28 | BF5: ='2'!G56 -> 0 | BG5: ='2'!G57 -> 2942.62 | BH5: ='2'!G50 -> 1053.84 | BI5: =SUM(AU5,AV5,BE5,BF5) -> 6103.42 | BJ5: ='2'!G133 -> 0 | BK5: =SUM(AP5,AU5,AV5,AW5,AZ5,BE5,BF5,BG5)/H5% -> 52.036139 | BL5: =SUM(AS5,BC5)/H5% -> 17.115999 | BM5: =(AR5+BB5)/H5 -> 0.085937319 | BN5: =J5+N5+Q5+U5 -> 313792.34 | BO5: =SUM(AU5,AV5,AW5,BE5,BF5,BG5,BJ5) -> 9046.04 | BP5: =BO5/(AD5*280) -> 0.9057271
A6: 3 | B6: 3 | D6: ='3'!D3 -> 29 | E6: ='3'!D4 -> 0.78 | F6: ='3'!D2 -> 0.98 | G6: ='3'!G7 -> 27628.19 | H6: ='3'!G8 -> 28055 | I6: 9 | J6: =H6*I6 -> 252495 | K6: =H6/202 -> 138.88614 | L6: ='3'!G15 -> 979.2 | M6: 56.2 | N6: =L6*M6 -> 55031.04 | O6: ='3'!G20 -> 155 | P6: 108 | Q6: =O6*P6 -> 16740 | R6: =O6/(F6*202/100) -> 78.298646 | S6: ='3'!G24 -> 0 | T6: 69 | U6: =S6*T6 -> 0 | V6: ='3'!G65 -> 104 | W6: ='3'!G66 -> 20 | X6: ='3'!G67 -> 0 | Y6: =V6+W6+X6 -> 124 | Z6: ='3'!G84 -> 0 | AA6: ='3'!G85 -> 16.29 | AB6: ='3'!G86 -> 24.24 | AC6: ='3'!G87 -> 0 | AD6: =Z6+AA6+AB6+AC6 -> 40.53 | AE6: =AU6+AV6+BE6+BF6 -> 7359.41 | AF6: =AE6/AD6 -> 181.57932 | AG6: ='3'!G88 -> 0 | AH6: ='3'!G89 -> 8.55 | AI6: ='3'!G90 -> 10.73 | AJ6: =AG6+AH6+AI6 -> 19.28 | AK6: ='3'!G91 -> 0.02 | AL6: ='3'!G92 -> 10.08 | AN6: =AK6+AL6 -> 10.1 | AO6: ='3'!G74 -> 281.28 | AP6: ='3'!G35 -> 0 | AQ6: ='3'!G37 -> 0 | AR6: ='3'!G38 -> 2247.12 | AS6: ='3'!G39 -> 0 | AT6: ='3'!G40 -> 844 | AU6: ='3'!G41 -> 0 | AV6: ='3'!G42 -> 3841.76 | AW6: ='3'!G43 -> 0 | AX6: ='3'!G44 -> 0 | AY6: ='3'!G36 -> 1174.12 | AZ6: ='3'!G49 -> 4074.19 | BA6: ='3'!G51 -> 1091.69 | BB6: ='3'!G52 -> 0 | BC6: ='3'!G53 -> 4283.96 | BD6: ='3'!G54 -> 341.3 | BE6: ='3'!G55 -> 3517.65 | BF6: ='3'!G56 -> 0 | BG6: ='3'!G57 -> 3175.12 | BH6: ='3'!G50 -> 1586.54 | BI6: =SUM(AU6,AV6,BE6,BF6) -> 7359.41 | BJ6: ='3'!G133 -> 0 | BK6: =SUM(AP6,AU6,AV6,AW6,AZ6,BE6,BF6,BG6)/H6% -> 52.071716 | BL6: =SUM(AS6,BC6)/H6% -> 15.269863 | BM6: =(AR6+BB6)/H6 -> 0.080096952 | BN6: =J6+N6+Q6+U6 -> 324266.04 | BO6: =SUM(AU6,AV6,AW6,BE6,BF6,BG6,BJ6) -> 10534.53 | BP6: =BO6/(AD6*280) -> 0.92828328
A7: 4 | B7: 4 | D7: ='4'!D3 -> 27 | E7: ='4'!D4 -> 0.93 | F7: ='4'!D2 -> 0.53 | G7: ='4'!G7 -> 25466 | H7: ='4'!G8 -> 25892 | I7: 9 | J7: =H7*I7 -> 233028 | K7: =H7/202 -> 128.17822 | L7: ='4'!G15 -> 1002.3 | M7: 56.2 | N7: =L7*M7 -> 56329.26 | O7: ='4'!G20 -> 183 | P7: 108 | Q7: =O7*P7 -> 19764 | R7: =O7/(F7*202/100) -> 170.93219 | S7: ='4'!G24 -> 0 | T7: 69 | U7: =S7*T7 -> 0 | V7: ='4'!G65 -> 108 | W7: ='4'!G66 -> 22 | X7: ='4'!G67 -> 0 | Y7: =V7+W7+X7 -> 130 | Z7: ='4'!G84 -> 12.47 | AA7: ='4'!G85 -> 0 | AB7: ='4'!G86 -> 24.33 | AC7: ='4'!G87 -> 0 | AD7: =Z7+AA7+AB7+AC7 -> 36.8 | AE7: =AU7+AV7+BE7+BF7 -> 6053.68 | AF7: =AE7/AD7 -> 164.50217 | AG7: ='4'!G88 -> 0.2 | AH7: ='4'!G89 -> 9.15 | AI7: ='4'!G90 -> 11.31 | AJ7: =AG7+AH7+AI7 -> 20.66 | AK7: ='4'!G91 -> 0 | AL7: ='4'!G92 -> 10.52 | AN7: =AK7+AL7 -> 10.52 | AO7: ='4'!G74 -> 292.35 | AP7: ='4'!G35 -> -0.05 | AQ7: ='4'!G37 -> 0 | AR7: ='4'!G38 -> 2254.16 | AS7: ='4'!G39 -> 0 | AT7: ='4'!G40 -> 881.06 | AU7: ='4'!G41 -> 2428.44 | AV7: ='4'!G42 -> 0 | AW7: ='4'!G43 -> 0 | AX7: ='4'!G44 -> 0 | AY7: ='4'!G36 -> 810.58 | AZ7: ='4'!G49 -> 4185.8 | BA7: ='4'!G51 -> 1113.08 | BB7: ='4'!G52 -> -0.01 | BC7: ='4'!G53 -> 4351.13 | BD7: ='4'!G54 -> 260.61 | BE7: ='4'!G55 -> 3625.24 | BF7: ='4'!G56 -> 0 | BG7: ='4'!G57 -> 3159 | BH7: ='4'!G50 -> 1123.22 | BI7: =SUM(AU7,AV7,BE7,BF7) -> 6053.68 | BJ7: ='3'!G133 -> 0 | BK7: =SUM(AP7,AU7,AV7,AW7,AZ7,BE7,BF7,BG7)/H7% -> 51.747374 | BL7: =SUM(AS7,BC7)/H7% -> 16.80492 | BM7: =(AR7+BB7)/H7 -> 0.08705971 | BN7: =J7+N7+Q7+U7 -> 309121.26 | BO7: =SUM(AU7,AV7,AW7,BE7,BF7,BG7,BJ7) -> 9212.68 | BP7: =BO7/(AD7*280) -> 0.89408773
A8: 5 | B8: 5 | D8: ='5'!D3 -> 27 | E8: ='5'!D4 -> 0.78 | F8: ='5'!D2 -> 0.63 | G8: ='5'!G7 -> 26773.81 | H8: ='5'!G8 -> 27118 | I8: 9 | J8: =H8*I8 -> 244062 | K8: =H8/202 -> 134.24752 | L8: ='5'!G15 -> 1047.2 | M8: 56.2 | N8: =L8*M8 -> 58852.64 | O8: ='5'!G20 -> 192 | P8: 108 | Q8: =O8*P8 -> 20736 | R8: =O8/(F8*202/100) -> 150.87223 | S8: ='5'!G24 -> 0 | T8: 69 | U8: =S8*T8 -> 0 | V8: ='5'!G65 -> 102 | W8: ='5'!G66 -> 25 | X8: ='5'!G67 -> 0 | Y8: =V8+W8+X8 -> 127 | Z8: ='5'!G84 -> 13.96 | AA8: ='5'!G85 -> 0 | AB8: ='5'!G86 -> 24.43 | AC8: ='5'!G87 -> 0 | AD8: =Z8+AA8+AB8+AC8 -> 38.39 | AE8: =AU8+AV8+BE8+BF8 -> 6662.02 | AF8: =AE8/AD8 -> 173.5353 | AG8: ='5'!G88 -> -0.2 | AH8: ='5'!G89 -> 9.06 | AI8: ='5'!G90 -> 12.54 | AJ8: =AG8+AH8+AI8 -> 21.4 | AK8: ='5'!G91 -> 0 | AL8: ='5'!G92 -> 10.25 | AN8: =AK8+AL8 -> 10.25 | AO8: ='5'!G74 -> 286.14 | AP8: ='5'!G35 -> 0 | AQ8: ='5'!G37 -> 0 | AR8: ='5'!G38 -> 2239.37 | AS8: ='5'!G39 -> -0.19 | AT8: ='5'!G40 -> 861 | AU8: ='5'!G41 -> 3130.21 | AV8: ='5'!G42 -> 0 | AW8: ='5'!G43 -> 0 | AX8: ='5'!G44 -> 0 | AY8: ='5'!G36 -> 1153.45 | AZ8: ='5'!G49 -> 4350.01 | BA8: ='5'!G51 -> 1100.41 | BB8: ='5'!G52 -> 0.01 | BC8: ='5'!G53 -> 4215.61 | BD8: ='5'!G54 -> 432.02 | BE8: ='5'!G55 -> 3532.2 | BF8: ='5'!G56 -> -0.39 | BG8: ='5'!G57 -> 3388.81 | BH8: ='5'!G50 -> 1030.01 | BI8: =SUM(AU8,AV8,BE8,BF8) -> 6662.02 | BJ8: ='5'!G133 -> 0 | BK8: =SUM(AP8,AU8,AV8,AW8,AZ8,BE8,BF8,BG8)/H8% -> 53.104359 | BL8: =SUM(AS8,BC8)/H8% -> 15.54473 | BM8: =(AR8+BB8)/H8 -> 0.082579099 | BN8: =J8+N8+Q8+U8 -> 323650.64 | BO8: =SUM(AU8,AV8,AW8,BE8,BF8,BG8,BJ8) -> 10050.83 | BP8: =BO8/(AD8*280) -> 0.93503051
A9: 6 | B9: 6 | D9: ='6'!D3 -> 27 | E9: ='6'!D4 -> 0.79 | F9: ='6'!D2 -> 0.81 | G9: ='6'!G7 -> 25778 | H9: ='6'!G8 -> 26156 | I9: 9 | J9: =H9*I9 -> 235404 | K9: =H9/202 -> 129.48515 | L9: ='6'!G15 -> 981 | M9: 56.2 | N9: =L9*M9 -> 55132.2 | O9: ='6'!G20 -> 247 | P9: 108 | Q9: =O9*P9 -> 26676 | R9: =O9/(F9*202/100) -> 150.95954 | S9: ='6'!G24 -> 0 | T9: 69 | U9: =S9*T9 -> 0 | V9: ='6'!G65 -> 104 | W9: ='6'!G66 -> 23 | X9: ='6'!G67 -> 0 | Y9: =V9+W9+X9 -> 127 | Z9: ='6'!G84 -> 13.45 | AA9: ='6'!G85 -> 0 | AB9: ='6'!G86 -> 24 | AC9: ='6'!G87 -> 0 | AD9: =Z9+AA9+AB9+AC9 -> 37.45 | AE9: =AU9+AV9+BE9+BF9 -> 6391.17 | AF9: =AE9/AD9 -> 170.65874 | AG9: ='6'!G88 -> 10.54 | AH9: ='6'!G89 -> 0 | AI9: ='6'!G90 -> 11.03 | AJ9: =AG9+AH9+AI9 -> 21.57 | AK9: ='6'!G91 -> 0 | AL9: ='6'!G92 -> 11.23 | AN9: =AK9+AL9 -> 11.23 | AO9: ='6'!G74 -> 312 | AP9: ='6'!G35 -> 0 | AQ9: ='6'!G37 -> 0 | AR9: ='6'!G38 -> 2225 | AS9: ='6'!G39 -> 0 | AT9: ='6'!G40 -> 851.67 | AU9: ='6'!G41 -> 2883 | AV9: ='6'!G42 -> 0.17 | AW9: ='6'!G43 -> 0 | AX9: ='6'!G44 -> 0 | AY9: ='6'!G36 -> 879 | AZ9: ='6'!G49 -> 4273 | BA9: ='6'!G51 -> 1116 | BB9: ='6'!G52 -> 0 | BC9: ='6'!G53 -> 4247 | BD9: ='6'!G54 -> 345 | BE9: ='6'!G55 -> 3508 | BF9: ='6'!G56 -> 0 | BG9: ='6'!G57 -> 3116 | BH9: ='6'!G50 -> 993 | BI9: =SUM(AU9,AV9,BE9,BF9) -> 6391.17 | BJ9: ='6'!G133 -> 0.41 | BK9: =SUM(AP9,AU9,AV9,AW9,AZ9,BE9,BF9,BG9)/H9% -> 52.684547 | BL9: =SUM(AS9,BC9)/H9% -> 16.237192 | BM9: =(AR9+BB9)/H9 -> 0.085066524 | BN9: =J9+N9+Q9+U9 -> 317212.2 | BO9: =SUM(AU9,AV9,AW9,BE9,BF9,BG9,BJ9) -> 9507.58 | BP9: =BO9/(AD9*280) -> 0.90669273
A10: 7 | B10: 7 | D10: ='7'!D3 -> 28 | E10: ='7'!D4 -> 0.78 | F10: ='7'!D2 -> 0.82 | G10: ='7'!G7 -> 25498 | H10: ='7'!G8 -> 25917 | I10: 9 | J10: =H10*I10 -> 233253 | K10: =H10/202 -> 128.30198 | L10: ='7'!G15 -> 1066 | M10: 56.2 | N10: =L10*M10 -> 59909.2 | O10: ='7'!G20 -> 287 | P10: 108 | Q10: =O10*P10 -> 30996 | R10: =O10/(F10*202/100) -> 173.26733 | S10: ='7'!G24 -> 0 | T10: 69 | U10: =S10*T10 -> 0 | V10: ='7'!G65 -> 101 | W10: ='7'!G66 -> 31 | X10: ='7'!G67 -> 0 | Y10: =V10+W10+X10 -> 132 | Z10: ='7'!G84 -> 14 | AA10: ='7'!G85 -> 0 | AB10: ='7'!G86 -> 24 | AC10: ='7'!G87 -> -0.43 | AD10: =Z10+AA10+AB10+AC10 -> 37.57 | AE10: =AU10+AV10+BE10+BF10 -> 6173 | AF10: =AE10/AD10 -> 164.30663 | AG10: ='7'!G88 -> 4.96 | AH10: ='7'!G89 -> 4.65 | AI10: ='7'!G90 -> 11 | AJ10: =AG10+AH10+AI10 -> 20.61 | AK10: ='7'!G91 -> 0 | AL10: ='7'!G92 -> 12.89 | AN10: =AK10+AL10 -> 12.89 | AO10: ='7'!G74 -> 359 | AP10: ='7'!G35 -> 0 | AQ10: ='7'!G37 -> 0 | AR10: ='7'!G38 -> 2257 | AS10: ='7'!G39 -> 0 | AT10: ='7'!G40 -> 871.33 | AU10: ='7'!G41 -> 2682 | AV10: ='7'!G42 -> 0 | AW10: ='7'!G43 -> 0 | AX10: ='7'!G44 -> 0 | AY10: ='7'!G36 -> 801 | AZ10: ='7'!G49 -> 4335 | BA10: ='7'!G51 -> 1065 | BB10: ='7'!G52 -> 0 | BC10: ='7'!G53 -> 4343 | BD10: ='7'!G54 -> 350 | BE10: ='7'!G55 -> 3491 | BF10: ='7'!G56 -> 0 | BG10: ='7'!G57 -> 3091 | BH10: ='7'!G50 -> 1137 | BI10: =SUM(AU10,AV10,BE10,BF10) -> 6173 | BJ10: ='7'!G133 -> 0 | BK10: =SUM(AP10,AU10,AV10,AW10,AZ10,BE10,BF10,BG10)/H10% -> 52.471351 | BL10: =SUM(AS10,BC10)/H10% -> 16.757341 | BM10: =(AR10+BB10)/H10 -> 0.087085697 | BN10: =J10+N10+Q10+U10 -> 324158.2 | BO10: =SUM(AU10,AV10,AW10,BE10,BF10,BG10,BJ10) -> 9264 | BP10: =BO10/(AD10*280) -> 0.88064185
A11: 8 | B11: 8 | D11: ='8'!D3 -> 28 | E11: ='8'!D4 -> 0.78 | F11: ='8'!D2 -> 0.98 | G11: ='8'!G7 -> 26200 | H11: ='8'!G8 -> 26500 | I11: 9 | J11: =H11*I11 -> 238500 | K11: =H11/202 -> 131.18812 | L11: ='8'!G15 -> 1000 | M11: 56.2 | N11: =L11*M11 -> 56200 | O11: ='8'!G20 -> -1308 | P11: 108 | Q11: =O11*P11 -> -141264 | R11: =O11/(F11*202/100) -> -660.73954 | S11: ='8'!G24 -> 0 | T11: 69 | U11: =S11*T11 -> 0 | V11: ='8'!G65 -> -3254 | W11: ='8'!G66 -> -725 | X11: ='8'!G67 -> 0 | Y11: =V11+W11+X11 -> -3979 | Z11: ='8'!G84 -> -361 | AA11: ='8'!G85 -> -137.48 | AB11: ='8'!G86 -> -604 | AC11: ='8'!G87 -> -36 | AD11: =Z11+AA11+AB11+AC11 -> -1138.48 | AE11: =AU11+AV11+BE11+BF11 -> -202776 | AF11: =AE11/AD11 -> 178.11117 | AG11: ='8'!G88 -> -33.96 | AH11: ='8'!G89 -> -253.43 | AI11: ='8'!G90 -> -322.01 | AJ11: =AG11+AH11+AI11 -> -609.4 | AK11: ='8'!G91 -> -102.56 | AL11: ='8'!G92 -> -239.45 | AN11: =AK11+AL11 -> -342.01 | AO11: ='8'!G74 -> -9643 | AP11: ='8'!G35 -> 0 | AQ11: ='8'!G37 -> -23430.69 | AR11: ='8'!G38 -> -68479 | AS11: ='8'!G39 -> -44357 | AT11: ='8'!G40 -> -24353 | AU11: ='8'!G41 -> -77527 | AV11: ='8'!G42 -> -31008 | AW11: ='8'!G43 -> 0 | AX11: ='8'!G44 -> 0 | AY11: ='8'!G36 -> -27407 | AZ11: ='8'!G49 -> -115227 | BA11: ='8'!G51 -> -16129.32 | BB11: ='8'!G52 -> 0 | BC11: ='8'!G53 -> -64074 | BD11: ='8'!G54 -> -10512 | BE11: ='8'!G55 -> -89156 | BF11: ='8'!G56 -> -5085 | BG11: ='8'!G57 -> -91382 | BH11: ='8'!G50 -> -37797 | BI11: =SUM(AU11,AV11,BE11,BF11) -> -202776 | BJ11: ='8'!G133 -> 567211 | BK11: =SUM(AP11,AU11,AV11,AW11,AZ11,BE11,BF11,BG11)/H11% -> -1544.8491 | BL11: =SUM(AS11,BC11)/H11% -> -409.17358 | BM11: =(AR11+BB11)/H11 -> -2.5841132 | BN11: =J11+N11+Q11+U11 -> 153436 | BO11: =SUM(AU11,AV11,AW11,BE11,BF11,BG11,BJ11) -> 273053 | BP11: =BO11/(AD11*280) -> -0.85657129
A12: 9 | B12: 9 | D12: ='9'!D3 -> 32 | E12: ='9'!D4 -> 0.7 | F12: ='9'!D2 -> 0.65 | G12: ='9'!G7 -> 26200 | H12: ='9'!G8 -> 26500 | I12: 9 | J12: =H12*I12 -> 238500 | K12: =H12/202 -> 131.18812 | L12: ='9'!G15 -> 1000 | M12: 56.2 | N12: =L12*M12 -> 56200 | O12: ='9'!G20 -> 270 | P12: 108 | Q12: =O12*P12 -> 29160 | R12: =O12/(F12*202/100) -> 205.63595 | S12: ='9'!G24 -> 0 | T12: 69 | U12: =S12*T12 -> 0 | V12: ='9'!G65 -> 101 | W12: ='9'!G66 -> 27 | X12: ='9'!G67 -> 0 | Y12: =V12+W12+X12 -> 128 | Z12: ='9'!G84 -> 23.41 | AA12: ='9'!G85 -> 0.47 | AB12: ='9'!G86 -> 16.4 | AC12: ='9'!G87 -> 0 | AD12: =Z12+AA12+AB12+AC12 -> 40.28 | AE12: =AU12+AV12+BE12+BF12 -> 8124.63 | AF12: =AE12/AD12 -> 201.70382 | AG12: ='9'!G88 -> 8.88 | AH12: ='9'!G89 -> 1.34 | AI12: ='9'!G90 -> 10.38 | AJ12: =AG12+AH12+AI12 -> 20.6 | AK12: ='9'!G91 -> 0 | AL12: ='9'!G92 -> 11.49 | AN12: =AK12+AL12 -> 11.49 | AO12: ='9'!G74 -> 328.45 | AP12: ='9'!G35 -> 0.05 | AQ12: ='9'!G37 -> 1573.75 | AR12: ='9'!G38 -> 2332.11 | AS12: ='9'!G39 -> 3026.15 | AT12: ='9'!G40 -> 728.43 | AU12: ='9'!G41 -> 5644.77 | AV12: ='9'!G42 -> 0 | AW12: ='9'!G43 -> 0 | AX12: ='9'!G44 -> 0 | AY12: ='9'!G36 -> 1130.17 | AZ12: ='9'!G49 -> 759.75 | BA12: ='9'!G51 -> 0 | BB12: ='9'!G52 -> 0 | BC12: ='9'!G53 -> 0 | BD12: ='9'!G54 -> 357.35 | BE12: ='9'!G55 -> 2479.63 | BF12: ='9'!G56 -> 0.23 | BG12: ='9'!G57 -> 3152.45 | BH12: ='9'!G50 -> 1278.67 | BI12: =SUM(AU12,AV12,BE12,BF12) -> 8124.63 | BJ12: ='8'!G133 -> 567211 | BK12: =SUM(AP12,AU12,AV12,AW12,AZ12,BE12,BF12,BG12)/H12% -> 45.422189 | BL12: =SUM(AS12,BC12)/H12% -> 11.419434 | BM12: =(AR12+BB12)/H12 -> 0.088004151 | BN12: =J12+N12+Q12+U12 -> 323860 | BO12: =SUM(AU12,AV12,AW12,BE12,BF12,BG12,BJ12) -> 578488.08 | BP12: =BO12/(AD12*280) -> 51.29168
A13: 10 | B13: 10 | D13: ='10'!D3 -> 25 | E13: ='10'!D4 -> 0.78 | F13: ='10'!D2 -> 0.91 | G13: ='10'!G7 -> 26200 | H13: ='10'!G8 -> 26500 | I13: 9 | J13: =H13*I13 -> 238500 | K13: =H13/202 -> 131.18812 | L13: ='10'!G15 -> 1000 | M13: 56.2 | N13: =L13*M13 -> 56200 | O13: ='10'!G20 -> 270 | P13: 108 | Q13: =O13*P13 -> 29160 | R13: =O13/(F13*202/100) -> 146.88282 | S13: ='10'!G24 -> 0 | T13: 69 | U13: =S13*T13 -> 0 | V13: ='10'!G65 -> 102 | W13: ='10'!G66 -> 25 | X13: ='10'!G67 -> 0 | Y13: =V13+W13+X13 -> 127 | Z13: ='10'!G84 -> 0.64 | AA13: ='10'!G85 -> 0 | AB13: ='10'!G86 -> 24.45 | AC13: ='10'!G87 -> 12.01 | AD13: =Z13+AA13+AB13+AC13 -> 37.1 | AE13: =AU13+AV13+BE13+BF13 -> 5749.19 | AF13: =AE13/AD13 -> 154.96469 | AG13: ='10'!G88 -> 0 | AH13: ='10'!G89 -> 9.69 | AI13: ='10'!G90 -> 10.9 | AJ13: =AG13+AH13+AI13 -> 20.59 | AK13: ='10'!G91 -> 0.57 | AL13: ='10'!G92 -> 9.26 | AN13: =AK13+AL13 -> 9.83 | AO13: ='10'!G74 -> 265.84 | AP13: ='10'!G35 -> 0 | AQ13: ='10'!G37 -> 1524.5 | AR13: ='10'!G38 -> 2285.28 | AS13: ='10'!G39 -> 2907.96 | AT13: ='10'!G40 -> 729.083 | AU13: ='10'!G41 -> 0 | AV13: ='10'!G42 -> 0 | AW13: ='10'!G43 -> 0 | AX13: ='10'!G44 -> 0 | AY13: ='10'!G36 -> 928.54 | AZ13: ='10'!G49 -> 3679.12 | BA13: ='10'!G51 -> 0 | BB13: ='10'!G52 -> 0 | BC13: ='10'!G53 -> 0 | BD13: ='10'!G54 -> 347.01 | BE13: ='10'!G55 -> 3666.28 | BF13: ='10'!G56 -> 2082.91 | BG13: ='10'!G57 -> 3210.36 | BH13: ='10'!G50 -> 1219.34 | BI13: =SUM(AU13,AV13,BE13,BF13) -> 5749.19 | BJ13: ='8'!G133 -> 567211 | BK13: =SUM(AP13,AU13,AV13,AW13,AZ13,BE13,BF13,BG13)/H13% -> 47.693094 | BL13: =SUM(AS13,BC13)/H13% -> 10.973434 | BM13: =(AR13+BB13)/H13 -> 0.086236981 | BN13: =J13+N13+Q13+U13 -> 323860 | BO13: =SUM(AU13,AV13,AW13,BE13,BF13,BG13,BJ13) -> 576170.55 | BP13: =BO13/(AD13*280) -> 55.465013
A14: 11 | B14: 11 | D14: ='11'!D3 -> 31 | E14: ='11'!D4 -> 0.78 | F14: ='11'!D2 -> 0.72 | G14: ='11'!G7 -> 26200 | H14: ='11'!G8 -> 26500 | I14: 9 | J14: =H14*I14 -> 238500 | K14: =H14/202 -> 131.18812 | L14: ='11'!G15 -> 1000 | M14: 56.2 | N14: =L14*M14 -> 56200 | O14: ='11'!G20 -> 221 | P14: 108 | Q14: =O14*P14 -> 23868 | R14: =O14/(F14*202/100) -> 151.9527 | S14: ='11'!G24 -> 0 | T14: 69 | U14: =S14*T14 -> 0 | V14: ='11'!G65 -> 102 | W14: ='11'!G66 -> 19 | X14: ='11'!G67 -> 0 | Y14: =V14+W14+X14 -> 121 | Z14: ='11'!G84 -> 0 | AA14: ='11'!G85 -> 14.75 | AB14: ='11'!G86 -> 24.47 | AC14: ='11'!G87 -> 0 | AD14: =Z14+AA14+AB14+AC14 -> 39.22 | AE14: =AU14+AV14+BE14+BF14 -> 6949.27 | AF14: =AE14/AD14 -> 177.18689 | AG14: ='11'!G88 -> 0 | AH14: ='11'!G89 -> 9.43 | AI14: ='11'!G90 -> 10.22 | AJ14: =AG14+AH14+AI14 -> 19.65 | AK14: ='11'!G91 -> 6.58 | AL14: ='11'!G92 -> 3.12 | AN14: =AK14+AL14 -> 9.7 | AO14: ='11'!G74 -> 270.44 | AP14: ='11'!G35 -> 0 | AQ14: ='11'!G37 -> 1487.14 | AR14: ='11'!G38 -> 2304.16 | AS14: ='11'!G39 -> 2848.8 | AT14: ='11'!G40 -> 717.997 | AU14: ='11'!G41 -> 0 | AV14: ='11'!G42 -> 3243.83 | AW14: ='11'!G43 -> 0 | AX14: ='11'!G44 -> 0 | AY14: ='11'!G36 -> 696.84 | AZ14: ='11'!G49 -> 3790.72 | BA14: ='11'!G51 -> 0.32 | BB14: ='11'!G52 -> 0 | BC14: ='11'!G53 -> 0 | BD14: ='11'!G54 -> 353.16 | BE14: ='11'!G55 -> 3705.44 | BF14: ='11'!G56 -> 0 | BG14: ='11'!G57 -> 2943.32 | BH14: ='11'!G50 -> 1058 | BI14: =SUM(AU14,AV14,BE14,BF14) -> 6949.27 | BJ14: ='11'!G133 -> 824 | BK14: =SUM(AP14,AU14,AV14,AW14,AZ14,BE14,BF14,BG14)/H14% -> 51.635132 | BL14: =SUM(AS14,BC14)/H14% -> 10.750189 | BM14: =(AR14+BB14)/H14 -> 0.086949434 | BN14: =J14+N14+Q14+U14 -> 318568 | BO14: =SUM(AU14,AV14,AW14,BE14,BF14,BG14,BJ14) -> 10716.59 | BP14: =BO14/(AD14*280) -> 0.97586782
A15: 12 | B15: 12 | D15: ='12'!D3 -> 30 | E15: ='12'!D4 -> 0.77 | F15: ='12'!D2 -> 0.6 | G15: ='12'!G7 -> 26200 | H15: ='12'!G8 -> 26500 | I15: 9 | J15: =H15*I15 -> 238500 | K15: =H15/202 -> 131.18812 | L15: ='12'!G15 -> 1000 | M15: 56.2 | N15: =L15*M15 -> 56200 | O15: ='12'!G20 -> 254 | P15: 108 | Q15: =O15*P15 -> 27432 | R15: =O15/(F15*202/100) -> 209.57096 | S15: ='12'!G24 -> 0 | T15: 69 | U15: =S15*T15 -> 0 | V15: ='12'!G65 -> 104 | W15: ='12'!G66 -> 24 | X15: ='12'!G67 -> 0 | Y15: =V15+W15+X15 -> 128 | Z15: ='12'!G84 -> 15.36 | AA15: ='12'!G85 -> 0 | AB15: ='12'!G86 -> 24.1 | AC15: ='12'!G87 -> 0 | AD15: =Z15+AA15+AB15+AC15 -> 39.46 | AE15: =AU15+AV15+BE15+BF15 -> 6974.6 | AF15: =AE15/AD15 -> 176.75114 | AG15: ='12'!G88 -> -0.05 | AH15: ='12'!G89 -> 8.81 | AI15: ='12'!G90 -> 10.99 | AJ15: =AG15+AH15+AI15 -> 19.75 | AK15: ='12'!G91 -> 12.47 | AL15: ='12'!G92 -> 0 | AN15: =AK15+AL15 -> 12.47 | AO15: ='12'!G74 -> 339.29 | AP15: ='12'!G35 -> -0.05 | AQ15: ='12'!G37 -> 1552.64 | AR15: ='12'!G38 -> 2246.32 | AS15: ='12'!G39 -> 2839.8 | AT15: ='12'!G40 -> 721.86 | AU15: ='12'!G41 -> 3320.62 | AV15: ='12'!G42 -> 0 | AW15: ='12'!G43 -> 0 | AX15: ='12'!G44 -> 0 | AY15: ='12'!G36 -> 704.22 | AZ15: ='12'!G49 -> 3619.68 | BA15: ='12'!G51 -> -0.32 | BB15: ='12'!G52 -> 0 | BC15: ='12'!G53 -> 0 | BD15: ='12'!G54 -> 349.96 | BE15: ='12'!G55 -> 3653.98 | BF15: ='12'!G56 -> 0 | BG15: ='12'!G57 -> 3131.1 | BH15: ='12'!G50 -> 1060.52 | BI15: =SUM(AU15,AV15,BE15,BF15) -> 6974.6 | BJ15: ='12'!G133 -> 785 | BK15: =SUM(AP15,AU15,AV15,AW15,AZ15,BE15,BF15,BG15)/H15% -> 51.793698 | BL15: =SUM(AS15,BC15)/H15% -> 10.716226 | BM15: =(AR15+BB15)/H15 -> 0.084766792 | BN15: =J15+N15+Q15+U15 -> 322132 | BO15: =SUM(AU15,AV15,AW15,BE15,BF15,BG15,BJ15) -> 10890.7 | BP15: =BO15/(AD15*280) -> 0.98569075
A16: 13 | B16: 13 | D16: ='13'!D3 -> 30 | E16: ='13'!D4 -> 0.77 | F16: ='13'!D2 -> 0.66 | G16: ='13'!G7 -> 26200 | H16: ='13'!G8 -> 26500 | I16: 9 | J16: =H16*I16 -> 238500 | K16: =H16/202 -> 131.18812 | L16: ='13'!G15 -> 1000 | M16: 56.2 | N16: =L16*M16 -> 56200 | O16: ='13'!G20 -> 170 | P16: 108 | Q16: =O16*P16 -> 18360 | R16: =O16/(F16*202/100) -> 127.51275 | S16: ='13'!G24 -> 0 | T16: 69 | U16: =S16*T16 -> 0 | V16: ='13'!G65 -> 99 | W16: ='13'!G66 -> 23 | X16: ='13'!G67 -> 0 | Y16: =V16+W16+X16 -> 122 | Z16: ='13'!G84 -> 0 | AA16: ='13'!G85 -> 15.33 | AB16: ='13'!G86 -> 24.02 | AC16: ='13'!G87 -> 0 | AD16: =Z16+AA16+AB16+AC16 -> 39.35 | AE16: =AU16+AV16+BE16+BF16 -> 7606.62 | AF16: =AE16/AD16 -> 193.30673 | AG16: ='13'!G88 -> 0.05 | AH16: ='13'!G89 -> 9.58 | AI16: ='13'!G90 -> 10.41 | AJ16: =AG16+AH16+AI16 -> 20.04 | AK16: ='13'!G91 -> 13.42 | AL16: ='13'!G92 -> 0 | AN16: =AK16+AL16 -> 13.42 | AO16: ='13'!G74 -> 375.91 | AP16: ='13'!G35 -> 0 | AQ16: ='13'!G37 -> 1540.14 | AR16: ='13'!G38 -> 2289.24 | AS16: ='13'!G39 -> 2983.36 | AT16: ='13'!G40 -> 754.06 | AU16: ='13'!G41 -> 0 | AV16: ='13'!G42 -> 3672.16 | AW16: ='13'!G43 -> 0 | AX16: ='13'!G44 -> 0 | AY16: ='13'!G36 -> 743.06 | AZ16: ='13'!G49 -> 3392.04 | BA16: ='13'!G51 -> 0 | BB16: ='13'!G52 -> 0 | BC16: ='13'!G53 -> 0 | BD16: ='13'!G54 -> 353.59 | BE16: ='13'!G55 -> 3934.46 | BF16: ='13'!G56 -> 0 | BG16: ='13'!G57 -> 2999.54 | BH16: ='13'!G50 -> 1455.08 | BI16: =SUM(AU16,AV16,BE16,BF16) -> 7606.62 | BJ16: ='13'!G133 -> 686.68 | BK16: =SUM(AP16,AU16,AV16,AW16,AZ16,BE16,BF16,BG16)/H16% -> 52.823396 | BL16: =SUM(AS16,BC16)/H16% -> 11.257962 | BM16: =(AR16+BB16)/H16 -> 0.086386415 | BN16: =J16+N16+Q16+U16 -> 313060 | BO16: =SUM(AU16,AV16,AW16,BE16,BF16,BG16,BJ16) -> 11292.84 | BP16: =BO16/(AD16*280) -> 1.0249446
A17: 14 | B17: 14 | D17: ='14'!D3 -> 30 | E17: ='14'!D4 -> 0.77 | F17: ='14'!D2 -> 0.57 | G17: ='14'!G7 -> 26200 | H17: ='14'!G8 -> 26500 | I17: 9 | J17: =H17*I17 -> 238500 | K17: =H17/202 -> 131.18812 | L17: ='14'!G15 -> 1000 | M17: 56.2 | N17: =L17*M17 -> 56200 | O17: ='14'!G20 -> 192 | P17: 108 | Q17: =O17*P17 -> 20736 | R17: =O17/(F17*202/100) -> 166.75352 | S17: ='14'!G24 -> 0 | T17: 69 | U17: =S17*T17 -> 0 | V17: ='14'!G65 -> 106 | W17: ='14'!G66 -> 27 | X17: ='14'!G67 -> 0 | Y17: =V17+W17+X17 -> 133 | Z17: ='14'!G84 -> 15.75 | AA17: ='14'!G85 -> -0.05 | AB17: ='14'!G86 -> 23.56 | AC17: ='14'!G87 -> 0 | AD17: =Z17+AA17+AB17+AC17 -> 39.26 | AE17: =AU17+AV17+BE17+BF17 -> 7562.225 | AF17: =AE17/AD17 -> 192.61908 | AG17: ='14'!G88 -> 0 | AH17: ='14'!G89 -> 9.11 | AI17: ='14'!G90 -> 9.71 | AJ17: =AG17+AH17+AI17 -> 18.82 | AK17: ='14'!G91 -> 13.59 | AL17: ='14'!G92 -> 0 | AN17: =AK17+AL17 -> 13.59 | AO17: ='14'!G44 -> 0 | AP17: ='14'!G35 -> 0 | AQ17: ='14'!G37 -> 1526.56 | AR17: ='14'!G38 -> 2266.36 | AS17: ='14'!G39 -> 2924.2 | AT17: ='14'!G40 -> 742.37 | AU17: ='14'!G41 -> 3705.86 | AV17: ='14'!G42 -> 0 | AW17: ='14'!G43 -> 0 | AX17: ='14'!G44 -> 0 | AY17: ='14'!G36 -> 881.9 | AZ17: ='14'!G49 -> 3084.52 | BA17: ='14'!G51 -> 0.32 | BB17: ='14'!G52 -> 0.24 | BC17: ='14'!G53 -> 0 | BD17: ='14'!G54 -> 347.92 | BE17: ='14'!G55 -> 3856.36 | BF17: ='14'!G56 -> 0.005 | BG17: ='14'!G57 -> 3165 | BH17: ='14'!G50 -> 1325.98 | BI17: =SUM(AU17,AV17,BE17,BF17) -> 7562.225 | BJ17: ='14'!G133 -> 607.56 | BK17: =SUM(AP17,AU17,AV17,AW17,AZ17,BE17,BF17,BG17)/H17% -> 52.119792 | BL17: =SUM(AS17,BC17)/H17% -> 11.034717 | BM17: =(AR17+BB17)/H17 -> 0.085532075 | BN17: =J17+N17+Q17+U17 -> 315436 | BO17: =SUM(AU17,AV17,AW17,BE17,BF17,BG17,BJ17) -> 11334.785 | BP17: =BO17/(AD17*280) -> 1.0311099
A18: 15 | B18: 15 | D18: ='15'!D3 -> 30 | E18: ='15'!D4 -> 0.77 | F18: ='15'!D2 -> 0.6 | G18: ='15'!G7 -> 26200 | H18: ='15'!G8 -> 26500 | I18: 9 | J18: =H18*I18 -> 238500 | K18: =H18/202 -> 131.18812 | L18: ='15'!G15 -> 1000 | M18: 56.2 | N18: =L18*M18 -> 56200 | O18: ='15'!G20 -> 243 | P18: 108 | Q18: =O18*P18 -> 26244 | R18: =O18/(F18*202/100) -> 200.49505 | S18: ='15'!G24 -> 0 | T18: 69 | U18: =S18*T18 -> 0 | V18: ='15'!G65 -> 139 | W18: ='15'!G66 -> 34 | X18: ='15'!G67 -> 0 | Y18: =V18+W18+X18 -> 173 | Z18: ='15'!G84 -> 16.28 | AA18: ='15'!G85 -> 0 | AB18: ='15'!G86 -> 24.05 | AC18: ='15'!G87 -> 0 | AD18: =Z18+AA18+AB18+AC18 -> 40.33 | AE18: =AU18+AV18+BE18+BF18 -> 7325.475 | AF18: =AE18/AD18 -> 181.63836 | AG18: ='15'!G88 -> 1.59 | AH18: ='15'!G89 -> 8.42 | AI18: ='15'!G90 -> 10.96 | AJ18: =AG18+AH18+AI18 -> 20.97 | AK18: ='15'!G91 -> 11.97 | AL18: ='15'!G92 -> 0 | AN18: =AK18+AL18 -> 11.97 | AO18: ='15'!G74 -> 328.42 | AP18: ='15'!G35 -> 0.05 | AQ18: ='15'!G37 -> 1566.4 | AR18: ='15'!G38 -> 2416.64 | AS18: ='15'!G39 -> 2885.72 | AT18: ='15'!G40 -> 745.59 | AU18: ='15'!G41 -> 3626.9 | AV18: ='15'!G42 -> 0 | AW18: ='15'!G43 -> 0 | AX18: ='15'!G44 -> 0 | AY18: ='15'!G36 -> 1122.92 | AZ18: ='15'!G49 -> 3477.04 | BA18: ='15'!G51 -> 0 | BB18: ='15'!G52 -> 0 | BC18: ='15'!G53 -> 0 | BD18: ='15'!G54 -> 348.38 | BE18: ='15'!G55 -> 3698.58 | BF18: ='15'!G56 -> -0.005 | BG18: ='15'!G57 -> 3004.88 | BH18: ='15'!G50 -> 1019.7 | BI18: =SUM(AU18,AV18,BE18,BF18) -> 7325.475 | BJ18: ='15'!G133 -> 337.78 | BK18: =SUM(AP18,AU18,AV18,AW18,AZ18,BE18,BF18,BG18)/H18% -> 52.103566 | BL18: =SUM(AS18,BC18)/H18% -> 10.889509 | BM18: =(AR18+BB18)/H18 -> 0.091193962 | BN18: =J18+N18+Q18+U18 -> 320944 | BO18: =SUM(AU18,AV18,AW18,BE18,BF18,BG18,BJ18) -> 10668.135 | BP18: =BO18/(AD18*280) -> 0.94471813
A19: 16 | B19: 16 | D19: ='16'!D3 -> 30 | E19: ='16'!D4 -> 0.77 | F19: ='16'!D2 -> 0.6 | G19: ='16'!G7 -> 26200 | H19: ='16'!G8 -> 26500 | I19: 9 | J19: =H19*I19 -> 238500 | K19: =H19/202 -> 131.18812 | L19: ='16'!G15 -> 1000 | M19: 56.2 | N19: =L19*M19 -> 56200 | O19: ='16'!G20 -> 272 | P19: 108 | Q19: =O19*P19 -> 29376 | R19: =O19/(F19*202/100) -> 224.42244 | S19: ='16'!G24 -> 0 | T19: 69 | U19: =S19*T19 -> 0 | V19: ='16'!G65 -> 109 | W19: ='16'!G66 -> 26 | X19: ='16'!G67 -> 0 | Y19: =V19+W19+X19 -> 135 | Z19: ='16'!G84 -> 24.06 | AA19: ='16'!G85 -> 0 | AB19: ='16'!G86 -> 15.51 | AC19: ='16'!G87 -> 0 | AD19: =Z19+AA19+AB19+AC19 -> 39.57 | AE19: =AU19+AV19+BE19+BF19 -> 7993.48 | AF19: =AE19/AD19 -> 202.00859 | AG19: ='16'!G88 -> 1.95 | AH19: ='16'!G89 -> 8.62 | AI19: ='16'!G90 -> 10.65 | AJ19: =AG19+AH19+AI19 -> 21.22 | AK19: ='16'!G91 -> 11.32 | AL19: ='16'!G92 -> 0 | AN19: =AK19+AL19 -> 11.32 | AO19: ='16'!G74 -> 309.15 | AP19: ='16'!G35 -> 0 | AQ19: ='16'!G37 -> 1601.58 | AR19: ='16'!G38 -> 2437.48 | AS19: ='16'!G39 -> 2960.68 | AT19: ='16'!G40 -> 824.61 | AU19: ='16'!G41 -> 5665.04 | AV19: ='16'!G42 -> 0 | AW19: ='16'!G43 -> 0 | AX19: ='16'!G44 -> 0 | AY19: ='16'!G36 -> 901.56 | AZ19: ='16'!G49 -> 3597 | BA19: ='16'!G51 -> 0 | BB19: ='16'!G52 -> 0 | BC19: ='16'!G53 -> 0 | BD19: ='16'!G54 -> 359.18 | BE19: ='16'!G55 -> 2328.44 | BF19: ='16'!G56 -> 0 | BG19: ='16'!G57 -> 3083.66 | BH19: ='16'!G50 -> 1357.71 | BI19: =SUM(AU19,AV19,BE19,BF19) -> 7993.48 | BJ19: ='16'!G133 -> -0.69 | BK19: =SUM(AP19,AU19,AV19,AW19,AZ19,BE19,BF19,BG19)/H19% -> 55.374113 | BL19: =SUM(AS19,BC19)/H19% -> 11.172377 | BM19: =(AR19+BB19)/H19 -> 0.091980377 | BN19: =J19+N19+Q19+U19 -> 324076 | BO19: =SUM(AU19,AV19,AW19,BE19,BF19,BG19,BJ19) -> 11076.45 | BP19: =BO19/(AD19*280) -> 0.99971569
A20: 17 | B20: 17 | D20: ='17'!D3 -> 28 | E20: ='17'!D4 -> 0.79 | F20: ='17'!D2 -> 0.91 | G20: ='17'!G7 -> 26200 | H20: ='17'!G8 -> 26500 | I20: 9 | J20: =H20*I20 -> 238500 | K20: =H20/202 -> 131.18812 | L20: ='17'!G15 -> 1000 | M20: 56.2 | N20: =L20*M20 -> 56200 | O20: ='17'!G20 -> 320 | P20: 108 | Q20: =O20*P20 -> 34560 | R20: =O20/(F20*202/100) -> 174.08334 | S20: ='17'!G24 -> 0 | T20: 69 | U20: =S20*T20 -> 0 | V20: ='17'!G65 -> 136 | W20: ='17'!G66 -> 28 | X20: ='17'!G67 -> 1 | Y20: =V20+W20+X20 -> 165 | Z20: ='17'!G84 -> 18.5 | AA20: ='17'!G85 -> 0 | AB20: ='17'!G86 -> 21.79 | AC20: ='17'!G87 -> 0 | AD20: =Z20+AA20+AB20+AC20 -> 40.29 | AE20: =AU20+AV20+BE20+BF20 -> 7072.22 | AF20: =AE20/AD20 -> 175.53289 | AG20: ='17'!G88 -> 0.01 | AH20: ='17'!G89 -> 9.44 | AI20: ='17'!G90 -> 9.836 | AJ20: =AG20+AH20+AI20 -> 19.286 | AK20: ='17'!G91 -> 12.32 | AL20: ='17'!G92 -> 0 | AN20: =AK20+AL20 -> 12.32 | AO20: ='17'!G74 -> 335.58 | AP20: ='17'!G35 -> 0 | AQ20: ='17'!G37 -> 1544.6 | AR20: ='17'!G38 -> 2458.88 | AS20: ='17'!G39 -> 2887.64 | AT20: ='17'!G40 -> 758.3 | AU20: ='17'!G41 -> 3809.48 | AV20: ='17'!G42 -> 0 | AW20: ='17'!G43 -> 0 | AX20: ='17'!G44 -> 0 | AY20: ='17'!G36 -> 765.32 | AZ20: ='17'!G49 -> 3485.33 | BA20: ='17'!G51 -> 0 | BB20: ='17'!G52 -> 0 | BC20: ='17'!G53 -> 0 | BD20: ='17'!G54 -> 357.49 | BE20: ='17'!G55 -> 3262.74 | BF20: ='17'!G56 -> 0 | BG20: ='17'!G57 -> 2989.2 | BH20: ='17'!G50 -> 1077.65 | BI20: =SUM(AU20,AV20,BE20,BF20) -> 7072.22 | BJ20: ='17'!G133 -> -0.31 | BK20: =SUM(AP20,AU20,AV20,AW20,AZ20,BE20,BF20,BG20)/H20% -> 51.119811 | BL20: =SUM(AS20,BC20)/H20% -> 10.896755 | BM20: =(AR20+BB20)/H20 -> 0.092787925 | BN20: =J20+N20+Q20+U20 -> 329260 | BO20: =SUM(AU20,AV20,AW20,BE20,BF20,BG20,BJ20) -> 10061.11 | BP20: =BO20/(AD20*280) -> 0.8918475
A21: 18 | B21: 18 | D21: ='18 '!D3 -> 28 | E21: ='18 '!D4 -> 0.78 | F21: ='18 '!D2 -> 0.98 | G21: ='18 '!G7 -> 25260.9 | H21: ='18 '!G8 -> 26500 | I21: 9 | J21: =H21*I21 -> 238500 | K21: =H21/202 -> 131.18812 | L21: ='18 '!G15 -> 1000 | M21: 56.2 | N21: =L21*M21 -> 56200 | O21: ='18 '!G20 -> 274 | P21: 108 | Q21: =O21*P21 -> 29592 | R21: =O21/(F21*202/100) -> 138.4118 | S21: ='18 '!G24 -> 0 | T21: 69 | U21: =S21*T21 -> 0 | V21: ='18 '!G65 -> 131 | W21: ='18 '!G66 -> 24 | X21: ='18 '!G67 -> 0 | Y21: =V21+W21+X21 -> 155 | Z21: ='18 '!G84 -> 24 | AA21: ='18 '!G85 -> 0 | AB21: ='18 '!G86 -> 14.85 | AC21: ='18 '!G87 -> 0 | AD21: =Z21+AA21+AB21+AC21 -> 38.85 | AE21: =AU21+AV21+BE21+BF21 -> 6799.23 | AF21: =AE21/AD21 -> 175.01236 | AG21: ='18 '!G88 -> 0.04 | AH21: ='18 '!G89 -> 8.93 | AI21: ='18 '!G90 -> 12.624 | AJ21: =AG21+AH21+AI21 -> 21.594 | AK21: ='18 '!G91 -> 12.92 | AL21: ='18 '!G92 -> 0 | AN21: =AK21+AL21 -> 12.92 | AO21: ='18 '!G74 -> 352.71 | AP21: ='18 '!G35 -> 0.95 | AQ21: ='18 '!G37 -> 1599.06 | AR21: ='18 '!G38 -> 2493.71 | AS21: ='18 '!G39 -> 2965.04 | AT21: ='18 '!G40 -> 782.9 | AU21: ='18 '!G41 -> 4892.14 | AV21: ='18 '!G42 -> 0 | AW21: ='18 '!G43 -> 0 | AX21: ='18 '!G44 -> 0 | AY21: ='18 '!G36 -> 1106.68 | AZ21: ='18 '!G49 -> 3521.01 | BA21: ='18 '!G51 -> 0 | BB21: ='18 '!G52 -> 0 | BC21: ='18 '!G53 -> 0 | BD21: ='18 '!G54 -> 363.52 | BE21: ='18 '!G55 -> 1907.09 | BF21: ='18 '!G56 -> 0 | BG21: ='18 '!G57 -> 2881.88 | BH21: ='18 '!G50 -> 1162.14 | BI21: =SUM(AU21,AV21,BE21,BF21) -> 6799.23 | BJ21: ='18 '!G133 -> 0 | BK21: =SUM(AP21,AU21,AV21,AW21,AZ21,BE21,BF21,BG21)/H21% -> 49.822906 | BL21: =SUM(AS21,BC21)/H21% -> 11.18883 | BM21: =(AR21+BB21)/H21 -> 0.094102264 | BN21: =J21+N21+Q21+U21 -> 324292 | BO21: =SUM(AU21,AV21,AW21,BE21,BF21,BG21,BJ21) -> 9681.11 | BP21: =BO21/(AD21*280) -> 0.8899715
A22: 19 | B22: 19 | D22: ='19'!D3 -> 27 | E22: ='19'!D4 -> 0.78 | F22: ='19'!D2 -> 0.94 | G22: ='19'!G7 -> 26200 | H22: ='19'!G8 -> 26500 | I22: 9 | J22: =H22*I22 -> 238500 | K22: =H22/202 -> 131.18812 | L22: ='19'!G15 -> 1000 | M22: 56.2 | N22: =L22*M22 -> 56200 | O22: ='19'!G20 -> 226 | P22: 108 | Q22: =O22*P22 -> 24408 | R22: =O22/(F22*202/100) -> 119.02254 | S22: ='19'!G24 -> 0 | T22: 69 | U22: =S22*T22 -> 0 | V22: ='19'!G65 -> 136 | W22: ='19'!G66 -> 19 | X22: ='19'!G67 -> 0 | Y22: =V22+W22+X22 -> 155 | Z22: ='19'!G84 -> 22 | AA22: ='19'!G85 -> 17.52 | AB22: ='19'!G86 -> 1.99 | AC22: ='19'!G87 -> 0 | AD22: =Z22+AA22+AB22+AC22 -> 41.51 | AE22: =AU22+AV22+BE22+BF22 -> 8734.11 | AF22: =AE22/AD22 -> 210.40978 | AG22: ='19'!G88 -> 0 | AH22: ='19'!G89 -> 9.19 | AI22: ='19'!G90 -> 10.93 | AJ22: =AG22+AH22+AI22 -> 20.12 | AK22: ='19'!G91 -> 10 | AL22: ='19'!G92 -> 4.92 | AN22: =AK22+AL22 -> 14.92 | AO22: ='19'!G74 -> 343.56 | AP22: ='19'!G35 -> -0.95 | AQ22: ='19'!G37 -> 1536.12 | AR22: ='19'!G38 -> 2304.21 | AS22: ='19'!G39 -> 2902.76 | AT22: ='19'!G40 -> 725.9 | AU22: ='19'!G41 -> 4645.9 | AV22: ='19'!G42 -> 3844.64 | AW22: ='19'!G43 -> 0 | AX22: ='19'!G44 -> 0 | AY22: ='19'!G36 -> 1238.16 | AZ22: ='19'!G49 -> 3706.98 | BA22: ='19'!G51 -> 0 | BB22: ='19'!G52 -> 0 | BC22: ='19'!G53 -> 0 | BD22: ='19'!G54 -> 347.89 | BE22: ='19'!G55 -> 243.57 | BF22: ='19'!G56 -> 0 | BG22: ='19'!G57 -> 3069.38 | BH22: ='19'!G50 -> 1786.38 | BI22: =SUM(AU22,AV22,BE22,BF22) -> 8734.11 | BJ22: ='19'!G133 -> 0 | BK22: =SUM(AP22,AU22,AV22,AW22,AZ22,BE22,BF22,BG22)/H22% -> 58.526491 | BL22: =SUM(AS22,BC22)/H22% -> 10.953811 | BM22: =(AR22+BB22)/H22 -> 0.086951321 | BN22: =J22+N22+Q22+U22 -> 319108 | BO22: =SUM(AU22,AV22,AW22,BE22,BF22,BG22,BJ22) -> 11803.49 | BP22: =BO22/(AD22*280) -> 1.0155462
A23: 20 | B23: 20 | D23: ='20'!D3 -> 27 | E23: ='20'!D4 -> 0.78 | F23: ='20'!D2 -> 0.81 | G23: ='20'!G7 -> 26200 | H23: ='20'!G8 -> 26500 | I23: 9 | J23: =H23*I23 -> 238500 | K23: =H23/202 -> 131.18812 | L23: ='20'!G15 -> 1000 | M23: 56.2 | N23: =L23*M23 -> 56200 | O23: ='20'!G20 -> 273 | P23: 108 | Q23: =O23*P23 -> 29484 | R23: =O23/(F23*202/100) -> 166.85002 | S23: ='20'!G24 -> 0 | T23: 69 | U23: =S23*T23 -> 0 | V23: ='20'!G65 -> 112 | W23: ='20'!G66 -> 22 | X23: ='20'!G67 -> 0 | Y23: =V23+W23+X23 -> 134 | Z23: ='20'!G84 -> 0 | AA23: ='20'!G85 -> 23.98 | AB23: ='20'!G86 -> -0.19 | AC23: ='20'!G87 -> 13.56 | AD23: =Z23+AA23+AB23+AC23 -> 37.35 | AE23: =AU23+AV23+BE23+BF23 -> 7199.17 | AF23: =AE23/AD23 -> 192.74886 | AG23: ='20'!G88 -> -0.47 | AH23: ='20'!G89 -> 8.87 | AI23: ='20'!G90 -> 10.4 | AJ23: =AG23+AH23+AI23 -> 18.8 | AK23: ='20'!G91 -> 0 | AL23: ='20'!G92 -> 12.11 | AN23: =AK23+AL23 -> 12.11 | AO23: ='20'!G74 -> 346.5 | AP23: ='20'!G35 -> 0 | AQ23: ='20'!G37 -> 1550.51 | AR23: ='20'!G38 -> 2246.61 | AS23: ='20'!G39 -> 2951.89 | AT23: ='20'!G40 -> 838.9 | AU23: ='20'!G41 -> 0 | AV23: ='20'!G42 -> 5518.37 | AW23: ='20'!G43 -> 0 | AX23: ='20'!G44 -> 0 | AY23: ='20'!G36 -> 1180.63 | AZ23: ='20'!G49 -> 3725.81 | BA23: ='20'!G51 -> 0 | BB23: ='20'!G52 -> 0 | BC23: ='20'!G588 -> 0 | BD23: ='20'!G54 -> 355.55 | BE23: ='20'!G55 -> -0.06 | BF23: ='20'!G56 -> 1680.86 | BG23: ='20'!G57 -> 2990.23 | BH23: ='20'!G50 -> 1834.83 | BI23: =SUM(AU23,AV23,BE23,BF23) -> 7199.17 | BJ23: ='20'!G133 -> 0 | BK23: =SUM(AP23,AU23,AV23,AW23,AZ23,BE23,BF23,BG23)/H23% -> 52.510226 | BL23: =SUM(AS23,BC23)/H23% -> 11.139208 | BM23: =(AR23+BB23)/H23 -> 0.084777736 | BN23: =J23+N23+Q23+U23 -> 324184 | BO23: =SUM(AU23,AV23,AW23,BE23,BF23,BG23,BJ23) -> 10189.4 | BP23: =BO23/(AD23*280) -> 0.97431631
A24: 21 | B24: 21 | D24: 21 | E24: ='21'!D4 -> 0.78 | F24: ='21'!D2 -> 0.95 | G24: ='21'!G7 -> 26200 | H24: ='21'!G8 -> 26500 | I24: 9 | J24: =H24*I24 -> 238500 | K24: =H24/202 -> 131.18812 | L24: ='21'!G15 -> 1000 | M24: 56.2 | N24: =L24*M24 -> 56200 | O24: ='21'!G20 -> 220 | P24: 108 | Q24: =O24*P24 -> 23760 | R24: =O24/(F24*202/100) -> 114.64304 | S24: ='21'!G24 -> 0 | T24: 69 | U24: =S24*T24 -> 0 | V24: ='21'!G65 -> 99 | W24: ='21'!G66 -> 21 | X24: ='21'!G67 -> 0 | Y24: =V24+W24+X24 -> 120 | Z24: ='21'!G84 -> 0 | AA24: ='21'!G85 -> 21 | AB24: ='21'!G86 -> 15.48 | AC24: ='21'!G87 -> 0 | AD24: =Z24+AA24+AB24+AC24 -> 36.48 | AE24: =AU24+AV24+BE24+BF24 -> 6568.78 | AF24: =AE24/AD24 -> 180.06524 | AG24: ='21'!G88 -> 0 | AH24: ='21'!G89 -> 9 | AI24: ='21'!G90 -> 10 | AJ24: =AG24+AH24+AI24 -> 19 | AK24: ='21'!G91 -> 0 | AL24: ='21'!G92 -> 11.1 | AN24: =AK24+AL24 -> 11.1 | AO24: ='21'!G74 -> 337 | AP24: ='21'!G35 -> -0.05 | AQ24: ='21'!G37 -> 1563 | AR24: ='21'!G38 -> 2209 | AS24: ='21'!G39 -> 2860 | AT24: ='21'!G40 -> 838 | AU24: ='21'!G41 -> 0.29 | AV24: ='21'!G42 -> 4511 | AW24: ='21'!G43 -> 0 | AX24: ='21'!G44 -> 0 | AY24: ='21'!G36 -> 726 | AZ24: ='21'!G49 -> 3628 | BA24: ='21'!G51 -> 0 | BB24: ='21'!G52 -> 0 | BC24: ='21'!G53 -> 0 | BD24: ='21'!G54 -> 355 | BE24: ='21'!G55 -> 2057.49 | BF24: ='21'!G56 -> 0 | BG24: ='21'!G57 -> 3140 | BH24: ='21'!G50 -> 1434 | BI24: =SUM(AU24,AV24,BE24,BF24) -> 6568.78 | BJ24: ='21'!G133 -> 0.41 | BK24: =SUM(AP24,AU24,AV24,AW24,AZ24,BE24,BF24,BG24)/H24% -> 50.327283 | BL24: =SUM(AS24,BC24)/H24% -> 10.792453 | BM24: =(AR24+BB24)/H24 -> 0.083358491 | BN24: =J24+N24+Q24+U24 -> 318460 | BO24: =SUM(AU24,AV24,AW24,BE24,BF24,BG24,BJ24) -> 9709.19 | BP24: =BO24/(AD24*280) -> 0.95053943
A25: 22 | B25: 22 | D25: ='22'!D3 -> 28 | E25: ='22'!D4 -> 0.79 | F25: ='22'!D2 -> 0.87 | G25: ='22'!G7 -> 26200 | H25: ='22'!G8 -> 26500 | I25: 9 | J25: =H25*I25 -> 238500 | K25: =H25/202 -> 131.18812 | L25: ='22'!G15 -> 1000 | M25: 56.2 | N25: =L25*M25 -> 56200 | O25: ='22'!G20 -> 269 | P25: 108 | Q25: =O25*P25 -> 29052 | R25: =O25/(F25*202/100) -> 153.06703 | S25: ='22'!G24 -> 0 | T25: 69 | U25: =S25*T25 -> 0 | V25: ='22'!G65 -> 105 | W25: ='22'!G66 -> 22 | X25: ='22'!G67 -> 0 | Y25: =V25+W25+X25 -> 127 | Z25: ='22'!G84 -> 14 | AA25: ='22'!G85 -> 0 | AB25: ='22'!G86 -> 20.52 | AC25: ='22'!G87 -> 0 | AD25: =Z25+AA25+AB25+AC25 -> 34.52 | AE25: =AU25+AV25+BE25+BF25 -> 6343 | AF25: =AE25/AD25 -> 183.74855 | AG25: ='22'!G88 -> 0 | AH25: ='22'!G89 -> 10 | AI25: ='22'!G90 -> 11 | AJ25: =AG25+AH25+AI25 -> 21 | AK25: ='22'!G91 -> 0 | AL25: ='22'!G92 -> 12 | AN25: =AK25+AL25 -> 12 | AO25: ='22'!G74 -> 329 | AP25: ='22'!G35 -> 0 | AQ25: ='22'!G37 -> 1495 | AR25: ='22'!G38 -> 2195 | AS25: ='22'!G39 -> 2882 | AT25: ='22'!G40 -> 829 | AU25: ='22'!G41 -> 3232 | AV25: ='22'!G42 -> 0 | AW25: ='22'!G43 -> 0.03 | AX25: ='22'!G44 -> 0 | AY25: ='22'!G36 -> 787 | AZ25: ='22'!G49 -> 3430 | BA25: ='22'!G51 -> 0 | BB25: ='22'!G52 -> 0 | BC25: ='22'!G53 -> 0 | BD25: ='22'!G54 -> 352 | BE25: ='22'!G55 -> 3111 | BF25: ='22'!G56 -> 0 | BG25: ='22'!G57 -> 2737 | BH25: ='22'!G50 -> 1163 | BI25: =SUM(AU25,AV25,BE25,BF25) -> 6343 | BJ25: ='22'!G133 -> 0 | BK25: =SUM(AP25,AU25,AV25,AW25,AZ25,BE25,BF25,BG25)/H25% -> 47.20766 | BL25: =SUM(AS25,BC25)/H25% -> 10.875472 | BM25: =(AR25+BB25)/H25 -> 0.082830189 | BN25: =J25+N25+Q25+U25 -> 323752 | BO25: =SUM(AU25,AV25,AW25,BE25,BF25,BG25,BJ25) -> 9080.03 | BP25: =BO25/(AD25*280) -> 0.93941711
A26: 23 | B26: 23 | D26: ='23'!D3 -> 27 | E26: ='23'!D4 -> 0.79 | F26: ='23'!D2 -> 0.91 | G26: ='23'!G7 -> 26200 | H26: ='23'!G8 -> 26500 | I26: 9 | J26: =H26*I26 -> 238500 | K26: =H26/202 -> 131.18812 | L26: ='23'!G15 -> 1000 | M26: 56.2 | N26: =L26*M26 -> 56200 | O26: ='23'!G20 -> 231 | P26: 108 | Q26: =O26*P26 -> 24948 | R26: =O26/(F26*202/100) -> 125.66641 | S26: ='23'!G24 -> 0 | T26: 69 | U26: =S26*T26 -> 0 | V26: ='23'!G65 -> 98 | W26: ='23'!G66 -> 20 | X26: ='23'!G67 -> 0 | Y26: =V26+W26+X26 -> 118 | Z26: ='23'!G84 -> 24 | AA26: ='23'!G85 -> 0 | AB26: ='23'!G86 -> 15 | AC26: ='23'!G87 -> 0 | AD26: =Z26+AA26+AB26+AC26 -> 39 | AE26: =AU26+AV26+BE26+BF26 -> 7155 | AF26: =AE26/AD26 -> 183.46154 | AG26: ='23'!G88 -> 0 | AH26: ='23'!G89 -> 9 | AI26: ='23'!G90 -> 9.73 | AJ26: =AG26+AH26+AI26 -> 18.73 | AK26: ='23'!G91 -> 0 | AL26: ='23'!G92 -> 11 | AN26: =AK26+AL26 -> 11 | AO26: ='23'!G74 -> 338 | AP26: ='23'!G35 -> 0 | AQ26: ='23'!G37 -> 1496 | AR26: ='23'!G38 -> 2289 | AS26: ='23'!G39 -> 2934 | AT26: ='23'!G40 -> 845 | AU26: ='23'!G41 -> 5144 | AV26: ='23'!G42 -> 0 | AW26: ='23'!G43 -> 0 | AX26: ='23'!G44 -> 0 | AY26: ='23'!G36 -> 1016 | AZ26: ='23'!G49 -> 3520 | BA26: ='23'!G51 -> 0 | BB26: ='23'!G52 -> 0 | BC26: ='23'!G53 -> 0 | BD26: ='23'!G54 -> 352 | BE26: ='23'!G55 -> 2011 | BF26: ='23'!G56 -> 0 | BG26: ='23'!G57 -> 3141 | BH26: ='23'!G50 -> 1332 | BI26: =SUM(AU26,AV26,BE26,BF26) -> 7155 | BJ26: ='23'!G133 -> 0 | BK26: =SUM(AP26,AU26,AV26,AW26,AZ26,BE26,BF26,BG26)/H26% -> 52.135849 | BL26: =SUM(AS26,BC26)/H26% -> 11.071698 | BM26: =(AR26+BB26)/H26 -> 0.086377358 | BN26: =J26+N26+Q26+U26 -> 319648 | BO26: =SUM(AU26,AV26,AW26,BE26,BF26,BG26,BJ26) -> 10296 | BP26: =BO26/(AD26*280) -> 0.94285714
A27: 24 | B27: 24 | D27: ='24'!D3 -> 29 | E27: ='24'!D4 -> 0.79 | F27: ='24'!D2 -> 0.43 | G27: ='24'!G7 -> 26200 | H27: ='24'!G8 -> 26500 | I27: 9 | J27: =H27*I27 -> 238500 | K27: =H27/202 -> 131.18812 | L27: ='24'!G15 -> 1000 | M27: 56.2 | N27: =L27*M27 -> 56200 | O27: ='24'!G20 -> 197 | P27: 108 | Q27: =O27*P27 -> 21276 | R27: =O27/(F27*202/100) -> 226.80175 | S27: ='24'!G24 -> 0 | T27: 69 | U27: =S27*T27 -> 0 | V27: ='24'!G65 -> 108 | W27: ='24'!G66 -> 27 | X27: ='24'!G67 -> 0 | Y27: =V27+W27+X27 -> 135 | Z27: ='24'!G84 -> 0 | AA27: ='24'!G85 -> 13.36 | AB27: ='24'!G86 -> 24.31 | AC27: ='24'!G87 -> 0 | AD27: =Z27+AA27+AB27+AC27 -> 37.67 | AE27: =AU27+AV27+BE27+BF27 -> 6692.94 | AF27: =AE27/AD27 -> 177.67295 | AG27: ='24'!G88 -> 0 | AH27: ='24'!G89 -> 8.64 | AI27: ='24'!G90 -> 9.54 | AJ27: =AG27+AH27+AI27 -> 18.18 | AK27: ='24'!G91 -> 0 | AL27: ='24'!G92 -> 11.68 | AN27: =AK27+AL27 -> 11.68 | AO27: ='24'!G74 -> 331.49 | AP27: ='24'!G35 -> 0 | AQ27: ='24'!G37 -> 273.69 | AR27: ='24'!G38 -> 2180.31 | AS27: ='24'!G39 -> 597.19 | AT27: ='24'!G40 -> 868.21 | AU27: ='24'!G41 -> 0.17 | AV27: ='24'!G42 -> 3080.63 | AW27: ='24'!G43 -> 0 | AX27: ='24'!G44 -> 0 | AY27: ='24'!G36 -> 949.37 | AZ27: ='24'!G49 -> 3778.35 | BA27: ='24'!G51 -> 848.88 | BB27: ='24'!G52 -> 0 | BC27: ='24'!G53 -> 3439.39 | BD27: ='24'!G54 -> 360.9 | BE27: ='24'!G55 -> 3611.87 | BF27: ='24'!G56 -> 0.27 | BG27: ='24'!G57 -> 3087.11 | BH27: ='24'!G50 -> 1774.13 | BI27: =SUM(AU27,AV27,BE27,BF27) -> 6692.94 | BJ27: ='24'!G133 -> -0.41 | BK27: =SUM(AP27,AU27,AV27,AW27,AZ27,BE27,BF27,BG27)/H27% -> 51.163774 | BL27: =SUM(AS27,BC27)/H27% -> 15.232377 | BM27: =(AR27+BB27)/H27 -> 0.082275849 | BN27: =J27+N27+Q27+U27 -> 315976 | BO27: =SUM(AU27,AV27,AW27,BE27,BF27,BG27,BJ27) -> 9779.64 | BP27: =BO27/(AD27*280) -> 0.92719102
A28: 25 | B28: 25 | D28: ='25'!D3 -> 28 | E28: ='25'!D4 -> 0.79 | F28: ='25'!D2 -> 0.98 | G28: ='25'!G7 -> 26200 | H28: ='25'!G8 -> 26500 | I28: 9 | J28: =H28*I28 -> 238500 | K28: =H28/202 -> 131.18812 | L28: ='25'!G15 -> 1000 | M28: 56.2 | N28: =L28*M28 -> 56200 | O28: ='25'!G20 -> 201 | P28: 108 | Q28: =O28*P28 -> 21708 | R28: =O28/(F28*202/100) -> 101.53566 | S28: ='25'!G24 -> 0 | T28: 69 | U28: =S28*T28 -> 0 | V28: ='25'!G65 -> 96 | W28: ='25'!G66 -> 22 | X28: ='25'!G67 -> 0 | Y28: =V28+W28+X28 -> 118 | Z28: ='25'!G84 -> -0.43 | AA28: ='25'!G85 -> 14.83 | AB28: ='25'!G86 -> 24.15 | AC28: ='25'!G87 -> 0 | AD28: =Z28+AA28+AB28+AC28 -> 38.55 | AE28: =AU28+AV28+BE28+BF28 -> 3512.28 | AF28: =AE28/AD28 -> 91.109728 | AG28: ='25'!G88 -> 0 | AH28: ='25'!G89 -> 9.27 | AI28: ='25'!G90 -> 11.14 | AJ28: =AG28+AH28+AI28 -> 20.41 | AK28: ='25'!G91 -> 0 | AL28: ='25'!G92 -> 11.75 | AN28: =AK28+AL28 -> 11.75 | AO28: ='25'!G74 -> 340.29 | AP28: ='25'!G35 -> 0.05 | AQ28: ='25'!G37 -> 0 | AR28: ='25'!G38 -> 2167.16 | AS28: ='25'!G39 -> 0 | AT28: ='25'!G40 -> 856.81 | AU28: ='25'!G41 -> 0 | AW28: ='25'!G43 -> 0 | AX28: ='25'!G44 -> 0 | AY28: ='25'!G36 -> 787.9 | AZ28: ='25'!G49 -> 3700.04 | BA28: ='25'!G51 -> 1084.49 | BB28: ='25'!G52 -> 0 | BC28: ='25'!G53 -> 4235.25 | BD28: ='24'!G54 -> 360.9 | BE28: ='25'!G55 -> 3512.28 | BF28: ='25'!G56 -> 0 | BG28: ='25'!G57 -> 2956.38 | BH28: ='25'!G50 -> 1584.78 | BI28: =SUM(AU28,AV28,BE28,BF28) -> 3512.28 | BJ28: ='25'!G133 -> 0 | BK28: =SUM(AP28,AU28,AV28,AW28,AZ28,BE28,BF28,BG28)/H28% -> 38.372642 | BL28: =SUM(AS28,BC28)/H28% -> 15.982075 | BM28: =(AR28+BB28)/H28 -> 0.081779623 | BN28: =J28+N28+Q28+U28 -> 316408 | BO28: =SUM(AU28,AV28,AW28,BE28,BF28,BG28,BJ28) -> 6468.66 | BP28: =BO28/(AD28*280) -> 0.59928293
A29: 26 | B29: 26 | D29: ='26'!D3 -> 28 | E29: ='26'!D4 -> 0.79 | F29: ='26'!D2 -> 0.5445 | G29: ='26'!G7 -> 26200 | H29: ='26'!G8 -> 26500 | I29: 9 | J29: =H29*I29 -> 238500 | K29: =H29/202 -> 131.18812 | L29: ='26'!G15 -> 1000 | M29: 56.2 | N29: =L29*M29 -> 56200 | O29: ='26'!G20 -> 231 | P29: 108 | Q29: =O29*P29 -> 24948 | R29: =O29/(F29*202/100) -> 210.021 | S29: ='26'!G24 -> 0 | T29: 69 | U29: =S29*T29 -> 0 | V29: ='26'!G65 -> 98 | W29: ='26'!G66 -> 25 | X29: ='26'!G67 -> 0 | Y29: =V29+W29+X29 -> 123 | Z29: ='26'!G84 -> 13.97 | AA29: ='26'!G85 -> 0 | AB29: ='26'!G86 -> 19.82 | AC29: ='26'!G87 -> 0 | AD29: =Z29+AA29+AB29+AC29 -> 33.79 | AE29: =AU29+AV29+BE29+BF29 -> 5676.34 | AF29: =AE29/AD29 -> 167.98875 | AG29: ='26'!G88 -> 0 | AH29: ='26'!G89 -> 10.05 | AI29: ='26'!G90 -> 13.22 | AJ29: =AG29+AH29+AI29 -> 23.27 | AK29: ='26'!G91 -> 0 | AL29: ='26'!G92 -> 10.53 | AN29: =AK29+AL29 -> 10.53 | AO29: ='26'!G74 -> 303.22 | AP29: ='26'!G35 -> 0 | AQ29: ='26'!G37 -> 0 | AR29: ='26'!G38 -> 2304.96 | AS29: ='26'!G39 -> 0 | AT29: ='26'!G40 -> 835.68 | AU29: ='26'!G41 -> 2759.62 | AV29: ='26'!G42 -> 0 | AW29: ='26'!G43 -> 0 | AX29: ='26'!G44 -> 0 | AY29: ='26'!G36 -> 828.9 | AZ29: ='26'!G49 -> 3963.44 | BA29: ='26'!G51 -> 1084.97 | BB29: ='26'!G52 -> 0 | BC29: ='26'!G53 -> 4264.32 | BD29: ='26'!G54 -> 350.87 | BE29: ='26'!G55 -> 2916.72 | BF29: ='26'!G56 -> 0 | BG29: ='26'!G57 -> 2656.96 | BH29: ='26'!G50 -> 1217.36 | BI29: =SUM(AU29,AV29,BE29,BF29) -> 5676.34 | BJ29: ='26'!G133 -> 0 | BK29: =SUM(AP29,AU29,AV29,AW29,AZ29,BE29,BF29,BG29)/H29% -> 46.402792 | BL29: =SUM(AS29,BC29)/H29% -> 16.091774 | BM29: =(AR29+BB29)/H29 -> 0.086979623 | BN29: =J29+N29+Q29+U29 -> 319648 | BO29: =SUM(AU29,AV29,AW29,BE29,BF29,BG29,BJ29) -> 8333.3 | BP29: =BO29/(AD29*280) -> 0.88078679
A30: 27 | B30: 27 | D30: ='27'!D3 -> 32 | E30: ='27'!D4 -> 0.76 | F30: ='27'!D2 -> 0.76 | G30: ='27'!G7 -> 26200 | H30: ='27'!G8 -> 26500 | I30: 9 | J30: =H30*I30 -> 238500 | K30: =H30/202 -> 131.18812 | L30: ='27'!G15 -> 1000 | M30: 56.2 | N30: =L30*M30 -> 56200 | O30: ='27'!G20 -> 260 | P30: 108 | Q30: =O30*P30 -> 28080 | R30: =O30/(F30*202/100) -> 169.35904 | S30: ='27'!G24 -> 0 | T30: 69 | U30: =S30*T30 -> 0 | V30: ='27'!G65 -> 121 | W30: ='27'!G66 -> 32 | X30: ='27'!G67 -> 0 | Y30: =V30+W30+X30 -> 153 | Z30: ='27'!G84 -> 20.91 | AA30: ='27'!G85 -> 0 | AB30: ='27'!G86 -> 15.21 | AC30: ='27'!G87 -> 0 | AD30: =Z30+AA30+AB30+AC30 -> 36.12 | AE30: =AU30+AV30+BE30+BF30 -> 6053.5 | AF30: =AE30/AD30 -> 167.59413 | AG30: ='27'!G88 -> 2.02 | AH30: ='27'!G89 -> 9.19 | AI30: ='27'!G90 -> 8.57 | AJ30: =AG30+AH30+AI30 -> 19.78 | AK30: ='27'!G91 -> 0 | AL30: ='27'!G92 -> 10.54 | AN30: =AK30+AL30 -> 10.54 | AO30: ='27'!G74 -> 306.55 | AP30: ='27'!G35 -> 0 | AQ30: ='27'!G37 -> 0 | AR30: ='27'!G38 -> 2277.8 | AS30: ='27'!G39 -> 0 | AT30: ='27'!G40 -> 819.12 | AU30: ='27'!G41 -> 4069.14 | AV30: ='27'!G42 -> 0 | AW30: ='27'!G43 -> 0 | AX30: ='27'!G44 -> 0 | AY30: ='27'!G36 -> 1191 | AZ30: ='27'!G49 -> 3526.76 | BA30: ='27'!G51 -> 1102.32 | BB30: ='27'!G52 -> 0 | BC30: ='27'!G53 -> 4078.93 | BD30: ='27'!G54 -> 350.89 | BE30: ='27'!G55 -> 1984.36 | BF30: ='27'!G56 -> 0 | BG30: ='27'!G57 -> 2809.82 | BH30: ='27'!G50 -> 1118.38 | BI30: =SUM(AU30,AV30,BE30,BF30) -> 6053.5 | BJ30: ='27'!G133 -> 0 | BK30: =SUM(AP30,AU30,AV30,AW30,AZ30,BE30,BF30,BG30)/H30% -> 46.755019 | BL30: =SUM(AS30,BC30)/H30% -> 15.392189 | BM30: =(AR30+BB30)/H30 -> 0.085954717 | BN30: =J30+N30+Q30+U30 -> 322780 | BO30: =SUM(AU30,AV30,AW30,BE30,BF30,BG30,BJ30) -> 8863.32 | BP30: =BO30/(AD30*280) -> 0.87637636
A31: 28 | B31: 28 | D31: ='28'!D3 -> 32 | E31: ='28'!D4 -> 0.7 | F31: ='28'!D2 -> 0.8 | G31: ='28'!G7 -> 26200 | H31: ='28'!G8 -> 26500 | I31: 9 | J31: =H31*I31 -> 238500 | K31: =H31/202 -> 131.18812 | L31: ='28'!G15 -> 1000 | M31: 56.2 | N31: =L31*M31 -> 56200 | O31: ='28'!G20 -> 190 | P31: 108 | Q31: =O31*P31 -> 20520 | R31: =O31/(F31*202/100) -> 117.57426 | S31: ='28'!G24 -> 0 | T31: 69 | U31: =S31*T31 -> 0 | V31: ='28'!G65 -> 102 | W31: ='28'!G66 -> 20 | X31: ='28'!G67 -> -1 | Y31: =V31+W31+X31 -> 121 | Z31: ='28'!G84 -> 0 | AA31: ='28'!G85 -> 0 | AB31: ='28'!G86 -> 24.54 | AC31: ='28'!G87 -> 10.86 | AD31: =Z31+AA31+AB31+AC31 -> 35.4 | AE31: =AU31+AV31+BE31+BF31 -> 5371.1 | AF31: =AE31/AD31 -> 151.72599 | AG31: ='28'!G88 -> 0 | AH31: ='28'!G89 -> 9.46 | AI31: ='28'!G90 -> 10.64 | AJ31: =AG31+AH31+AI31 -> 20.1 | AK31: ='28'!G91 -> 0 | AL31: ='28'!G92 -> 10.78 | AN31: =AK31+AL31 -> 10.78 | AO31: ='28'!G74 -> 312.09 | AP31: ='28'!G35 -> 0 | AQ31: ='28'!G37 -> 0 | AR31: ='28'!G38 -> 2243.28 | AS31: ='28'!G39 -> 0 | AT31: ='28'!G40 -> 841.88 | AU31: ='28'!G41 -> 657.26 | AV31: ='28'!G42 -> 0 | AW31: ='28'!G43 -> -0.03 | AX31: ='28'!G44 -> 0 | AY31: ='28'!G36 -> 893.38 | AZ31: ='28'!G49 -> 4198.78 | BA31: ='28'!G51 -> 1104.02 | BB31: ='28'!G52 -> 0 | BC31: ='28'!G53 -> 4464.32 | BD31: ='28'!G54 -> 345.13 | BE31: ='28'!G55 -> 3392.72 | BF31: ='28'!G56 -> 1321.12 | BG31: ='28'!G57 -> 3110.58 | BH31: ='28'!G50 -> 1330.33 | BI31: =SUM(AU31,AV31,BE31,BF31) -> 5371.1 | BJ31: ='28'!G133 -> 0 | BK31: =SUM(AP31,AU31,AV31,AW31,AZ31,BE31,BF31,BG31)/H31% -> 47.850679 | BL31: =SUM(AS31,BC31)/H31% -> 16.846491 | BM31: =(AR31+BB31)/H31 -> 0.084652075 | BN31: =J31+N31+Q31+U31 -> 315220 | BO31: =SUM(AU31,AV31,AW31,BE31,BF31,BG31,BJ31) -> 8481.65 | BP31: =BO31/(AD31*280) -> 0.85569512
A32: 29 | B32: 29 | D32: ='29'!D3 -> 27 | E32: ='29'!D4 -> 0.79 | F32: ='29'!D2 -> 1 | G32: ='29'!G7 -> 26200 | H32: ='29'!G8 -> 26500 | I32: 9 | J32: =H32*I32 -> 238500 | K32: =H32/202 -> 131.18812 | L32: ='29'!G15 -> 1000 | M32: 56.2 | N32: =L32*M32 -> 56200 | O32: ='29'!G20 -> 231 | P32: 108 | Q32: =O32*P32 -> 24948 | R32: =O32/(F32*202/100) -> 114.35644 | S32: ='29'!G24 -> 0 | T32: 69 | U32: =S32*T32 -> 0 | V32: ='29'!G65 -> 117 | W32: ='29'!G66 -> 29 | X32: ='29'!G67 -> 0 | Y32: =V32+W32+X32 -> 146 | Z32: ='29'!G84 -> 0 | AA32: ='29'!G85 -> 0 | AB32: ='29'!G86 -> 23.97 | AC32: ='29'!G87 -> 0 | AD32: =Z32+AA32+AB32+AC32 -> 23.97 | AE32: =AU32+AV32+BE32+BF32 -> 5456.45 | AF32: =AE32/AD32 -> 227.63663 | AG32: ='29'!G88 -> 2.1 | AH32: ='29'!G89 -> 9.08 | AI32: ='29'!G90 -> 7.46 | AJ32: =AG32+AH32+AI32 -> 18.64 | AK32: ='29'!G91 -> 0 | AL32: ='29'!G92 -> 10.66 | AN32: =AK32+AL32 -> 10.66 | AO32: ='29'!G74 -> 308.06 | AP32: ='29'!G35 -> 0 | AQ32: ='29'!G37 -> 0 | AR32: ='29'!G38 -> 2265.56 | AS32: ='29'!G39 -> 3 | AT32: ='29'!G40 -> 839.76 | AU32: ='29'!G41 -> 1753.9 | AV32: ='29'!G42 -> 0 | AW32: ='29'!G43 -> 0 | AX32: ='29'!G44 -> 0 | AY32: ='29'!G36 -> 742.22 | AZ32: ='29'!G49 -> 4229.46 | BA32: ='29'!G51 -> 1102.38 | BB32: ='29'!G52 -> 0 | BC32: ='29'!G53 -> 4410.23 | BD32: ='29'!G54 -> 343.75 | BE32: ='29'!G55 -> 3702.55 | BF32: ='29'!G56 -> 0 | BG32: ='29'!G57 -> 3053.14 | BH32: ='29'!G50 -> 1186.19 | BI32: =SUM(AU32,AV32,BE32,BF32) -> 5456.45 | BJ32: ='29'!G133 -> 0 | BK32: =SUM(AP32,AU32,AV32,AW32,AZ32,BE32,BF32,BG32)/H32% -> 48.071887 | BL32: =SUM(AS32,BC32)/H32% -> 16.653698 | BM32: =(AR32+BB32)/H32 -> 0.08549283 | BN32: =J32+N32+Q32+U32 -> 319648 | BO32: =SUM(AU32,AV32,AW32,BE32,BF32,BG32,BJ32) -> 8509.59 | BP32: =BO32/(AD32*280) -> 1.2678929
A33: 30 | B33: 30 | D33: ='30'!D3 -> 31 | E33: ='30'!D4 -> 0.78 | F33: ='30'!D2 -> 0.73 | G33: ='30'!G7 -> 26200 | H33: ='30'!G8 -> 26500 | I33: 9 | J33: =H33*I33 -> 238500 | K33: =H33/202 -> 131.18812 | L33: ='30'!G15 -> 1000 | M33: 56.2 | N33: =L33*M33 -> 56200 | O33: ='30'!G20 -> 181 | P33: 108 | Q33: =O33*P33 -> 19548 | R33: =O33/(F33*202/100) -> 122.74515 | S33: ='30'!G24 -> 0 | T33: 69 | U33: =S33*T33 -> 0 | V33: ='30'!G65 -> 108 | W33: ='30'!G66 -> 26 | X33: ='30'!G67 -> 0 | Y33: =V33+W33+X33 -> 134 | Z33: ='30'!G84 -> 23.55 | AA33: ='30'!G85 -> 0 | AB33: ='30'!G86 -> 24.3 | AC33: ='30'!G87 -> 0 | AD33: =Z33+AA33+AB33+AC33 -> 47.85 | AE33: =AU33+AV33+BE33+BF33 -> 6490.01 | AF33: =AE33/AD33 -> 135.63239 | AG33: ='30'!G88 -> 2.34 | AH33: ='30'!G89 -> 7.72 | AI33: ='30'!G90 -> 12.1 | AJ33: =AG33+AH33+AI33 -> 22.16 | AK33: ='30'!G91 -> 0 | AL33: ='30'!G92 -> 11.08 | AN33: =AK33+AL33 -> 11.08 | AO33: ='30'!G74 -> 322.63 | AP33: ='30'!G35 -> 0 | AQ33: ='30'!G37 -> 0 | AR33: ='30'!G38 -> 2291.6 | AS33: ='30'!G39 -> -3 | AT33: ='30'!G40 -> 856.1 | AU33: ='30'!G41 -> 2843.56 | AV33: ='30'!G42 -> 0 | AW33: ='30'!G43 -> 0 | AX33: ='30'!G44 -> 0 | AY33: ='30'!G36 -> 1023.83 | AZ33: ='30'!G49 -> 4258.4 | BA33: ='30'!G51 -> 1071.44 | BB33: ='30'!G52 -> 0 | BC33: ='30'!G53 -> 4609.56 | BD33: ='30'!G54 -> 349.1 | BE33: ='30'!G55 -> 3646.45 | BF33: ='30'!G56 -> 0 | BG33: ='30'!G57 -> 3084.14 | BH33: ='30'!G50 -> 1094.1 | BI33: =SUM(AU33,AV33,BE33,BF33) -> 6490.01 | BJ33: ='30'!G133 -> 0 | BK33: =SUM(AP33,AU33,AV33,AW33,AZ33,BE33,BF33,BG33)/H33% -> 52.198302 | BL33: =SUM(AS33,BC33)/H33% -> 17.383245 | BM33: =(AR33+BB33)/H33 -> 0.086475472 | BN33: =J33+N33+Q33+U33 -> 314248 | BO33: =SUM(AU33,AV33,AW33,BE33,BF33,BG33,BJ33) -> 9574.15 | BP33: =BO33/(AD33*280) -> 0.71459546
A34: 31 | B34: 31 | D34: 30 | E34: ='30'!D5 -> Unit | F34: ='30'!D3 -> 31 | G34: ='31'!G7 -> 26200 | H34: ='31'!G8 -> 26500 | I34: 9 | J34: =H34*I34 -> 238500 | K34: =H34/202 -> 131.18812 | L34: ='31'!G15 -> 1000 | M34: 56.2 | N34: =L34*M34 -> 56200 | O34: ='31'!G20 -> 321 | P34: 108 | Q34: =O34*P34 -> 34668 | R34: =O34/(F34*202/100) -> 5.1261578 | S34: ='30'!G25 -> 0 | T34: 70 | U34: =S34*T34 -> 0 | V34: ='31'!G65 -> 111 | W34: ='31'!G66 -> 20 | X34: ='31'!G67 -> 0 | Y34: =V34+W34+X34 -> 131 | Z34: ='31'!G84 -> 17 | AA34: ='31'!G85 -> 0 | AB34: ='31'!G86 -> 21.7 | AC34: ='31'!G87 -> 0 | AD34: =Z34+AA34+AB34+AC34 -> 38.7 | AE34: =AU34+AV34+BE34+BF34 -> 6404.94 | AF34: =AE34/AD34 -> 165.50233 | AG34: ='31'!G88 -> 0 | AH34: ='31'!G89 -> 10.2 | AI34: ='31'!G90 -> 12.15 | AJ34: =AG34+AH34+AI34 -> 22.35 | AK34: ='31'!G91 -> 0 | AL34: ='31'!G92 -> 11.31 | AN34: =AK34+AL34 -> 11.31 | AO34: ='31'!G74 -> 329.53 | AP34: ='31'!G35 -> -0.05 | AQ34: ='31'!G37 -> 0.31 | AR34: ='31'!G38 -> 2270.33 | AS34: ='31'!G39 -> -0.19 | AT34: ='31'!G40 -> 850.44 | AU34: ='31'!G41 -> 3238.35 | AV34: ='31'!G42 -> -0.07 | AW34: ='31'!G43 -> 0 | AX34: ='31'!G44 -> 0 | AY34: ='31'!G36 -> 847.4 | AZ34: ='31'!G49 -> 4304.77 | BA34: ='31'!G51 -> 1033.5 | BB34: ='31'!G52 -> 0 | BC34: ='31'!G53 -> 4359 | BD34: ='31'!G54 -> 344.45 | BE34: ='31'!G55 -> 3167.05 | BF34: ='31'!G56 -> -0.39 | BG34: ='31'!G57 -> 2986.87 | BH34: ='31'!G50 -> 982.73 | BI34: =SUM(AU34,AV34,BE34,BF34) -> 6404.94 | BJ34: ='31'!G133 -> 0 | BK34: =SUM(AP34,AU34,AV34,AW34,AZ34,BE34,BF34,BG34)/H34% -> 51.685019 | BL34: =SUM(AS34,BC34)/H34% -> 16.44834 | BM34: =(AR34+BB34)/H34 -> 0.08567283 | BN34: =J34+N34+Q34+U34 -> 329368 | BO34: =SUM(AU34,AV34,AW34,BE34,BF34,BG34,BJ34) -> 9391.81 | BP34: =BO34/(AD34*280) -> 0.86672296
A35: Total | D35: =AVERAGE(D4:D34) -> 28.516129 | F35: =AVERAGE(F4:F34) -> 1.7591774 | G35: =SUM(G4:G34) -> 809958.9 | H35: =SUM(H4:H34) -> 820766 | I35: 9 | J35: =SUM(J4:J34) -> 7386894 | K35: =SUM(K4:K34) -> 4063.198 | L35: =SUM(L4:L34) -> 31140 | M35: =SUM(M4:M34) -> 1742.2 | N35: =SUM(N4:N34) -> 1750068 | O35: =SUM(O4:O34) -> 5686 | P35: =SUM(P4:P34) -> 3348 | Q35: =SUM(Q4:Q34) -> 614088 | ... BN35: =SUM(BN4:BN34) -> 9751050 | BO35: =SUM(AU35,AV35,AW35,BE35,BF35,BG35,BJ35) -> 1701578 | BP35: =BO35/(AD35*280) -> #DIV/0!
B36: =B18-B17 -> 1 | C36: =C18-C17 -> 0 | D36: =D18-D17 -> 0 | E36: =E18-E17 -> 0 | F36: =F18-F17 -> 0.03 | H36: =H18-H17 -> 0 | I36: =I18-I17 -> 0 | J36: =J18-J17 -> 0 | K36: =K18-K17 -> 0 | L36: =L18-L17 -> 0 | M36: =M18-M17 -> 0 | N36: =N18-N17 -> 0 | O36: =O18-O17 -> 51 | ... AN36: =AN18-AN17 -> -1.62 | AP36: =AP18-AP17 -> 0.05 | AQ36: =AQ18-AQ17 -> 39.84 | AR36: =AR18-AR17 -> 150.28 | AS36: =AS18-AS17 -> -38.48 | AT36: =AT18-AT17 -> 3.22 | AU36: =AU18-AU17 -> -78.96 | AV36: =AV18-AV17 -> 0 | AW36: =AW18-AW17 -> 0 | AZ36: =AZ18-AZ17 -> 392.52 | BA36: =BA18-BA17 -> -0.32 | BB36: =BB18-BB17 -> -0.24 | BC36: =BC18-BC17 -> 0 | BD36: =BD18-BD17 -> 0.46 | BE36: =BE18-BE17 -> -157.78 | BF36: =BF18-BF17 -> -0.01 | BG36: =BG18-BG17 -> -160.12 | BK36: =BK18-BK17 -> -0.016226415 | BL36: =BL18-BL17 -> -0.14520755 | BN36: =BN18-BN17 -> 5508 | BO36: =BO18-BO17 -> -666.65
F37: =AVERAGE(F4:F35) -> 1.7591774 | H37: =AVERAGE(H4:H35) -> 51297.875
B38: Guest complaint | F38: =AVERAGE(F4:F35) -> 1.7591774
BI41: =(BI31+BJ31)/400 -> 13.42775

Sheet Occupancy
B1: Hotel Paid Occupancy Occ% | C1: Room Nights | D1: Comp Night | E1: Cummulative % | F1: Total Covers Guests | G1: Total Room Nights | H1: Paid occ % | J1: KWH/Room
A2: 1 | B2: =C2/202% -> 57.920792 | C2: 117 | D2: 2 | E2: =(C2+D2)/202% -> 58.910891 | F2: 306 | G2: =C2+D2 -> 119 | H2: =C2/202% -> 57.920792 | J2: ='Section Load'!C5/G2 -> 216.66387 | K2: =10/202 -> 0.04950495
A3: 2 | B3: =C3/202% -> 63.366337 | C3: 128 | D3: 2 | E3: =(C3+D3)/202% -> 64.356436 | F3: 406 | G3: =C3+D3 -> 130 | H3: =C3/202% -> 63.366337 | J3: ='Section Load'!C6/G3 -> 198.80769
A4: 3 | B4: =C4/202% -> 67.821782 | C4: 137 | D4: 3 | E4: =(C4+D4)/202% -> 69.306931 | F4: 744 | G4: =C4+D4 -> 140 | H4: =C4/202% -> 67.821782 | J4: ='Section Load'!C7/G4 -> 200.39286 | Q4: =C2/202 -> 0.57920792
A5: 4 | B5: =C5/202% -> 70.792079 | C5: 143 | D5: 4 | E5: =(C5+D5)/202% -> 72.772277 | F5: 534 | G5: =C5+D5 -> 147 | H5: =C5/202% -> 70.792079 | J5: ='Section Load'!C8/G5 -> 176.13605
A6: 5 | B6: =C6/202% -> 68.316832 | C6: 138 | D6: 5 | E6: =(C6+D6)/202% -> 70.792079 | F6: 428 | G6: =C6+D6 -> 143 | H6: =C6/202% -> 68.316832 | J6: ='Section Load'!C9/G6 -> 189.63636
A7: 6 | B7: =C7/202% -> 67.326733 | C7: 136 | D7: 2 | E7: =(C7+D7)/202% -> 68.316832 | F7: 596 | G7: =C7+D7 -> 138 | H7: =C7/202% -> 67.326733 | J7: ='Section Load'!C10/G7 -> 189.53623
A8: 7 | B8: =C8/202% -> 60.39604 | C8: 122 | D8: 3 | E8: =(C8+D8)/202% -> 61.881188 | F8: 315 | G8: =C8+D8 -> 125 | H8: =C8/202% -> 60.39604 | J8: ='Section Load'!C11/G8 -> 207.336
A9: 8 | B9: =C9/202% -> 0 | E9: =(C9+D9)/202% -> 0 | G9: =C9+D9 -> 0 | H9: =C9/202% -> 0 | J9: ='Section Load'!C12/G9 -> #DIV/0!
A10: 9 | B10: =C10/202% -> 0 | E10: =(C10+D10)/202% -> 0 | G10: =C10+D10 -> 0 | H10: =C10/202% -> 0 | J10: ='Section Load'!C13/G10 -> #DIV/0!
A11: 10 | B11: =C11/202% -> 0 | E11: =(C11+D11)/202% -> 0 | G11: =C11+D11 -> 0 | H11: =C11/202% -> 0 | J11: ='Section Load'!C14/G11 -> #DIV/0!
A12: 11 | B12: =C12/202% -> 0 | E12: =(C12+D12)/202% -> 0 | G12: =C12+D12 -> 0 | H12: =C12/202% -> 0 | J12: ='Section Load'!C15/G12 -> #DIV/0!
A13: 12 | B13: =C13/202% -> 0 | E13: =(C13+D13)/202% -> 0 | G13: =C13+D13 -> 0 | H13: =C13/202% -> 0 | J13: ='Section Load'!C16/G13 -> #DIV/0!
A14: 13 | B14: =C14/202% -> 0 | E14: =(C14+D14)/202% -> 0 | G14: =C14+D14 -> 0 | H14: =C14/202% -> 0 | J14: ='Section Load'!C17/G14 -> #DIV/0!
A15: 14 | B15: =C15/202% -> 0 | E15: =(C15+D15)/202% -> 0 | G15: =C15+D15 -> 0 | H15: =C15/202% -> 0 | J15: ='Section Load'!C18/G15 -> #DIV/0!
A16: 15 | B16: =C16/202% -> 0 | E16: =(C16+D16)/202% -> 0 | G16: =C16+D16 -> 0 | H16: =C16/202% -> 0 | J16: ='Section Load'!C19/G16 -> #DIV/0!
A17: 16 | B17: =C17/202% -> 0 | E17: =(C17+D17)/202% -> 0 | G17: =C17+D17 -> 0 | H17: =C17/202% -> 0 | J17: ='Section Load'!C20/G17 -> #DIV/0!
A18: 17 | B18: =C18/202% -> 0 | E18: =(C18+D18)/202% -> 0 | G18: =C18+D18 -> 0 | H18: =C18/202% -> 0 | J18: ='Section Load'!C21/G18 -> #DIV/0!
A19: 18 | B19: =C19/202% -> 0 | E19: =(C19+D19)/202% -> 0 | G19: =C19+D19 -> 0 | H19: =C19/202% -> 0 | J19: ='Section Load'!C22/G19 -> #DIV/0!
A20: 19 | B20: =C20/202% -> 0 | E20: =(C20+D20)/202% -> 0 | G20: =C20+D20 -> 0 | H20: =C20/202% -> 0 | J20: ='Section Load'!C23/G20 -> #DIV/0!
... A22: 21 | B22: =C22/202% -> 0 | E22: =(C22+D22)/202% -> 0 | G22: =C22+D22 -> 0 | H22: =C22/202% -> 0 | J22: ='Section Load'!C25/G22 -> #DIV/0!
A23: 22 | B23: 83 | E23: =(C23+D23)/202% -> 0 | G23: =C23+D23 -> 0 | H23: =C23/202% -> 0 | J23: ='Section Load'!C26/G23 -> #DIV/0!
A24: 23 | B24: 98 | E24: =(C24+D24)/202% -> 0 | G24: =C24+D24 -> 0 | H24: =C24/202% -> 0 | J24: ='Section Load'!C27/G24 -> #DIV/0!
A25: 24 | B25: =C25/202% -> 0 | E25: =(C25+D25)/202% -> 0 | G25: =C25+D25 -> 0 | H25: =C25/202% -> 0 | J25: ='Section Load'!C28/G25 -> #DIV/0!
A26: 25 | B26: =C26/202% -> 0 | E26: =(C26+D26)/202% -> 0 | G26: =C26+D26 -> 0 | H26: =C26/202% -> 0 | J26: ='Section Load'!C29/G26 -> #DIV/0!
A27: 26 | B27: =C27/202% -> 0 | E27: =(C27+D27)/202% -> 0 | G27: =C27+D27 -> 0 | H27: =C27/202% -> 0 | J27: ='Section Load'!C30/G27 -> #DIV/0!
A28: 27 | B28: =C28/202% -> 0 | E28: =(C28+D28)/202% -> 0 | G28: =C28+D28 -> 0 | H28: =C28/202% -> 0 | J28: ='Section Load'!C31/G28 -> #DIV/0!
A29: 28 | B29: =C29/202% -> 0 | E29: =(C29+D29)/202% -> 0 | G29: =C29+D29 -> 0 | H29: =C29/202% -> 0 | J29: ='Section Load'!C32/G29 -> #DIV/0!
A30: 29 | B30: =C30/202% -> 0 | E30: =(C30+D30)/202% -> 0 | G30: =C30+D30 -> 0 | H30: =C30/202% -> 0 | J30: ='Section Load'!C33/G30 -> #DIV/0!
A31: 30 | B31: =C31/202% -> 0 | E31: =(C31+D31)/202% -> 0 | G31: =C31+D31 -> 0 | H31: =C31/202% -> 0 | J31: ='Section Load'!C34/G31 -> #DIV/0!
A32: 31 | B32: =C32/202% -> 0 | E32: =(C32+D32)/202% -> 0 | H32: =C32/202% -> 0 | J32: ='Section Load'!C35/G32 -> #DIV/0!
A33: Average | B33: =AVERAGE(B2:B31) -> 21.231353 | C33: 154 | D33: =AVERAGE(D2:D31) -> 3 | E33: =AVERAGE(E2:E31) -> 15.544554 | F33: =AVERAGE(F2:F31) -> 475.57143 | G33: =AVERAGE(G2:G31) -> 31.4 | H33: =AVERAGE(H2:H31) -> 15.19802

Sheet Water Report
C3: Date | D3: 1 | E3: 2 | F3: 3 | G3: 4 | H3: 5 | I3: 6 | J3: 7 | K3: 8 | L3: 9 | M3: 10 | N3: 11 | O3: 12 | P3: 13 | Q3: 14 | R3: 15 | S3: 16 | T3: 17 | U3: 18 | V3: 19 | W3: 20 | X3: 21 | Y3: 22 | Z3: 23 | AA3: 24 | AB3: 25 | AC3: 26 | AD3: 27 | AE3: 28 | AF3: 29 | AG3: 30 | AH3: 31
C4: occupancy | D4: =Occupancy!B2 -> 57.920792 | E4: =Occupancy!B3 -> 63.366337 | F4: =Occupancy!C3 -> 128 | G4: =Occupancy!D3 -> 2 | H4: =Occupancy!E3 -> 64.356436 | I4: =Occupancy!F3 -> 406 | J4: =Occupancy!G3 -> 130 | K4: =Occupancy!H3 -> 63.366337 | L4: =Occupancy!I3 -> 0 | ... AH4: =Occupancy!AE3 -> 0
C5: Tanker | D5: ='1'!G18 -> 130 | E5: ='2'!G18 -> 180 | F5: ='3'!G18 -> 100 | G5: ='4'!G18 -> 130 | H5: ='5'!G18 -> 140 | I5: ='6'!G18 -> 200 | J5: ='7'!G18 -> 240 | K5: ='8'!G18 -> 170 | L5: ='9'!G18 -> 220 | M5: ='10'!G18 -> 220 | N5: ='11'!G18 -> 170 | O5: ='12'!G18 -> 200 | P5: ='13'!G18 -> 120 | Q5: ='14'!G18 -> 140 | R5: ='15'!G18 -> 200 | S5: ='16'!G18 -> 220 | T5: ='17'!G18 -> 270 | U5: ='18 '!G18 -> 230 | V5: ='19'!G18 -> 180 | W5: ='20'!G18 -> 230 | X5: ='21'!G18 -> 170 | Y5: ='22'!G18 -> 220 | Z5: ='23'!G18 -> 190 | AA5: ='24'!G18 -> 150 | AB5: ='25'!G18 -> 150 | AC5: ='26'!G18 -> 180 | AD5: ='27'!G18 -> 210 | AE5: ='28'!G18 -> 140 | AF5: ='29'!G18 -> 180 | AG5: ='30'!G18 -> 130 | AH5: ='31'!G18 -> 270
C6: BMC | D6: ='1'!G19 -> 52 | E6: ='2'!G19 -> 51 | F6: ='3'!G19 -> 55 | G6: ='4'!G19 -> 53 | H6: ='5'!G19 -> 52 | I6: ='6'!G19 -> 47 | J6: ='7'!G19 -> 47 | K6: ='8'!G19 -> -1478 | L6: ='9'!G19 -> 50 | M6: ='10'!G19 -> 50 | N6: ='11'!G19 -> 51 | O6: ='12'!G19 -> 54 | P6: ='13'!G19 -> 50 | Q6: ='14'!G19 -> 52 | R6: ='15'!G19 -> 43 | S6: ='16'!G19 -> 52 | T6: ='17'!G19 -> 50 | U6: ='18 '!G19 -> 44 | V6: ='19'!G19 -> 46 | W6: ='20'!G19 -> 43 | X6: ='21'!G19 -> 50 | Y6: ='22'!G19 -> 49 | Z6: ='23'!G19 -> 41 | AA6: ='24'!G19 -> 47 | AB6: ='25'!G19 -> 51 | AC6: ='26'!G19 -> 51 | AD6: ='27'!G19 -> 50 | AE6: ='28'!G19 -> 50 | AF6: ='29'!G19 -> 51 | AG6: ='30'!G19 -> 51 | AH6: ='31'!G19 -> 51
C7: R.O. Plant Production | D7: ='1'!G62 -> 97 | E7: ='2'!G62 -> 97 | F7: ='3'!G62 -> 101 | G7: ='4'!G62 -> 95 | H7: ='5'!G62 -> 106 | I7: ='6'!G62 -> 130 | J7: ='7'!G62 -> 144 | K7: ='8'!G62 -> -3553 | L7: ='9'!G62 -> 121 | M7: ='10'!G62 -> 113 | N7: ='11'!G62 -> 122 | O7: ='12'!G62 -> 97 | P7: ='13'!G62 -> 97 | Q7: ='14'!G62 -> 103 | R7: ='15'!G62 -> 157 | S7: ='16'!G62 -> 137 | T7: ='17'!G62 -> 166 | U7: ='18 '!G62 -> 150 | V7: ='19'!G62 -> 125 | W7: ='20'!G62 -> 124 | X7: ='21'!G62 -> 105 | Y7: ='22'!G62 -> 99 | Z7: ='23'!G62 -> 108 | AA7: ='24'!G62 -> 114 | AB7: ='25'!G62 -> 98 | AC7: ='26'!G62 -> 130 | AD7: ='27'!G62 -> 135 | AE7: ='28'!G62 -> 115 | AF7: ='29'!G62 -> 128 | AG7: ='30'!G62 -> 116 | AH7: ='31'!G62 -> 123
C8: STP Production | D8: ='1'!G63 -> 177 | E8: ='2'!G63 -> 147 | F8: ='3'!G63 -> 116 | G8: ='4'!G63 -> 144 | H8: ='5'!G63 -> 137 | I8: ='6'!G63 -> 98 | J8: ='7'!G63 -> 106 | K8: ='8'!G63 -> -4121 | L8: ='9'!G63 -> 129 | M8: ='10'!G63 -> 105 | N8: ='11'!G63 -> 94 | O8: ='12'!G63 -> 87 | P8: ='13'!G63 -> 155 | Q8: ='14'!G63 -> 133 | R8: ='15'!G63 -> 145 | S8: ='16'!G63 -> 120 | T8: ='17'!G63 -> 137 | U8: ='18 '!G63 -> 134 | V8: ='19'!G63 -> 111 | W8: ='20'!G63 -> 128 | X8: ='21'!G63 -> 143 | Y8: ='22'!G63 -> 153 | Z8: ='23'!G63 -> 196 | AA8: ='24'!G63 -> 185 | AB8: ='25'!G63 -> 136 | AC8: ='26'!G63 -> 165 | AD8: ='27'!G63 -> 137 | AE8: ='28'!G63 -> 145 | AF8: ='29'!G63 -> 157 | AG8: ='30'!G63 -> 130 | AH8: ='31'!G63 -> 171
B9: Domestic Water | C9: Zone-1 | D9: ='1'!G65 -> 92 | E9: ='2'!G65 -> 103 | F9: ='3'!G65 -> 104 | G9: ='4'!G65 -> 108 | H9: ='5'!G65 -> 102 | I9: ='6'!G65 -> 104 | J9: ='7'!G65 -> 101 | K9: ='8'!G65 -> -3254 | L9: ='9'!G65 -> 101 | M9: ='10'!G65 -> 102 | N9: ='11'!G65 -> 102 | O9: ='12'!G65 -> 104 | P9: ='13'!G65 -> 99 | Q9: ='14'!G65 -> 106 | R9: ='15'!G65 -> 139 | S9: ='16'!G65 -> 109 | T9: ='17'!G65 -> 136 | U9: ='18 '!G65 -> 131 | V9: ='19'!G65 -> 136 | W9: ='20'!G65 -> 112 | X9: ='21'!G65 -> 99 | Y9: ='22'!G65 -> 105 | Z9: ='23'!G65 -> 98 | AA9: ='24'!G65 -> 108 | AB9: ='25'!G65 -> 96 | AC9: ='26'!G65 -> 98 | AD9: ='27'!G65 -> 121 | AE9: ='28'!G65 -> 102 | AF9: ='29'!G65 -> 117 | AG9: ='30'!G65 -> 108 | AH9: ='31'!G65 -> 111
C10: Zone-2 | D10: ='1'!G66 -> 25 | E10: ='2'!G66 -> 17 | F10: ='3'!G66 -> 20 | G10: ='4'!G66 -> 22 | H10: ='5'!G66 -> 25 | I10: ='6'!G66 -> 23 | J10: ='7'!G66 -> 31 | K10: ='8'!G66 -> -725 | L10: ='9'!G66 -> 27 | M10: ='10'!G66 -> 25 | N10: ='11'!G66 -> 19 | O10: ='12'!G66 -> 24 | P10: ='13'!G66 -> 23 | Q10: ='14'!G66 -> 27 | R10: ='15'!G66 -> 34 | S10: ='16'!G66 -> 26 | T10: ='17'!G66 -> 28 | U10: ='18 '!G66 -> 24 | V10: ='19'!G66 -> 19 | W10: ='20'!G66 -> 22 | X10: ='21'!G66 -> 21 | Y10: ='22'!G66 -> 22 | Z10: ='23'!G66 -> 20 | AA10: ='24'!G66 -> 27 | AB10: ='25'!G66 -> 22 | AC10: ='26'!G66 -> 25 | AD10: ='27'!G66 -> 32 | AE10: ='28'!G66 -> 20 | AF10: ='29'!G66 -> 29 | AG10: ='30'!G66 -> 26 | AH10: ='31'!G66 -> 20
C11: Zone-3 | D11: ='1'!G67 -> 0 | E11: ='2'!G67 -> 0 | F11: ='3'!G67 -> 0 | G11: ='4'!G67 -> 0 | H11: ='5'!G67 -> 0 | I11: ='6'!G67 -> 0 | J11: ='7'!G67 -> 0 | K11: ='8'!G67 -> 0 | L11: ='9'!G67 -> 0 | M11: ='10'!G67 -> 0 | N11: ='11'!G67 -> 0 | O11: ='12'!G67 -> 0 | P11: ='13'!G67 -> 0 | Q11: ='14'!G67 -> 0 | R11: ='15'!G67 -> 0 | S11: ='16'!G67 -> 0 | T11: ='17'!G67 -> 1 | U11: ='18 '!G67 -> 0 | V11: ='19'!G67 -> 0 | W11: ='20'!G67 -> 0 | X11: ='21'!G67 -> 0 | Y11: ='22'!G67 -> 0 | Z11: ='23'!G67 -> 0 | AA11: ='24'!G67 -> 0 | AB11: ='25'!G67 -> 0 | AC11: ='26'!G67 -> 0 | AD11: ='27'!G67 -> 0 | AE11: ='28'!G67 -> -1 | AF11: ='29'!G67 -> 0 | AG11: ='30'!G67 -> 0 | AH11: ='31'!G67 -> 0
B13: Flushing Water | C13: Zone-1 | D13: ='1'!G68 -> 18 | E13: ='2'!G68 -> 34 | F13: ='3'!G68 -> 17 | G13: ='4'!G68 -> 19 | H13: ='5'!G68 -> 17 | I13: ='6'!G68 -> 19 | J13: ='7'!G68 -> 35 | K13: ='8'!G68 -> -937 | L13: ='9'!G68 -> 40 | M13: ='10'!G68 -> 42 | N13: ='11'!G68 -> 25 | O13: ='12'!G68 -> 41 | P13: ='13'!G68 -> 24 | Q13: ='14'!G68 -> 40 | R13: ='15'!G68 -> 38 | S13: ='16'!G68 -> 38 | T13: ='17'!G68 -> 47 | U13: ='18 '!G68 -> 59 | V13: ='19'!G68 -> 52 | W13: ='20'!G68 -> 54 | X13: ='21'!G68 -> 56 | Y13: ='22'!G68 -> 26 | Z13: ='23'!G68 -> 48 | AA13: ='24'!G68 -> 40 | AB13: ='25'!G68 -> 17 | AC13: ='26'!G68 -> 17 | AD13: ='27'!G68 -> 14 | AE13: ='28'!G68 -> 12 | AF13: ='29'!G68 -> 14 | AG13: ='30'!G68 -> 17 | AH13: ='31'!G68 -> 17
C14: Zone-2 | D14: ='1'!G69 -> 10 | E14: ='2'!G69 -> 3 | F14: ='3'!G69 -> 3 | G14: ='4'!G69 -> 2 | H14: ='5'!G69 -> 12 | I14: ='6'!G69 -> 6 | J14: ='7'!G69 -> 6 | K14: ='8'!G69 -> -150 | L14: ='9'!G69 -> 5 | M14: ='10'!G69 -> 6 | N14: ='11'!G69 -> 3 | O14: ='12'!G69 -> 4 | P14: ='13'!G69 -> 3 | Q14: ='14'!G69 -> 5 | R14: ='15'!G69 -> 5 | S14: ='16'!G69 -> 6 | T14: ='17'!G69 -> 5 | U14: ='18 '!G69 -> 6 | V14: ='19'!G69 -> 4 | W14: ='20'!G69 -> 3 | X14: ='21'!G69 -> 5 | Y14: ='22'!G69 -> 3 | Z14: ='23'!G69 -> 4 | AA14: ='24'!G69 -> 4 | AB14: ='25'!G69 -> 4 | AC14: ='26'!G69 -> 7 | AD14: ='27'!G69 -> 7 | AE14: ='28'!G69 -> 6 | AF14: ='29'!G69 -> 4 | AG14: ='30'!G69 -> 3 | AH14: ='31'!G69 -> 6
C15: Zone-3 | D15: ='1'!G70 -> 6 | E15: ='2'!G70 -> 11 | F15: ='3'!G70 -> 6 | G15: ='4'!G70 -> 14 | H15: ='5'!G70 -> 11 | I15: ='6'!G70 -> 8 | J15: ='7'!G70 -> 8 | K15: ='8'!G70 -> -318 | L15: ='9'!G70 -> 6 | M15: ='10'!G70 -> 9 | N15: ='11'!G70 -> 14 | O15: ='12'!G70 -> 8 | P15: ='13'!G70 -> 9 | Q15: ='14'!G70 -> 7 | R15: ='15'!G70 -> 14 | S15: ='16'!G70 -> 13 | T15: ='17'!G70 -> 19 | U15: ='18 '!G70 -> 9 | V15: ='19'!G70 -> 6 | W15: ='20'!G70 -> 7 | X15: ='21'!G70 -> 21 | Y15: ='22'!G70 -> 6 | Z15: ='23'!G70 -> 17 | AA15: ='24'!G70 -> 9 | AB15: ='25'!G70 -> 7 | AC15: ='26'!G70 -> 15 | AD15: ='27'!G70 -> 12 | AE15: ='28'!G70 -> 12 | AF15: ='29'!G70 -> 14 | AG15: ='30'!G70 -> 3 | AH15: ='31'!G70 -> 17
B17: Branches ( Domestic water ) | C17: Pool | D17: ='1'!G173 -> 0 | E17: ='2'!G173 -> 5 | F17: ='3'!G173 -> 0 | G17: ='4'!G173 -> 5 | H17: ='5'!G173 -> 0 | I17: ='6'!G173 -> 2 | J17: ='7'!G173 -> 0 | K17: ='8'!G173 -> 20 | L17: ='9'!G173 -> 0 | M17: ='10'!G173 -> 0 | N17: ='11'!G173 -> 9 | O17: ='12'!G173 -> 0 | P17: ='13'!G173 -> 0 | Q17: ='14'!G173 -> 0 | R17: ='15'!G173 -> 0 | S17: ='16'!G173 -> 0 | T17: ='17'!G173 -> 0 | U17: ='18 '!G173 -> 0 | V17: ='19'!G173 -> 0 | W17: ='20'!G173 -> 0 | X17: ='21'!G173 -> 0 | Y17: ='22'!G173 -> 0 | Z17: ='23'!G173 -> 0 | AA17: ='24'!G173 -> 0 | AB17: ='25'!G173 -> 0 | AC17: ='26'!G173 -> 0 | AD17: ='27'!G173 -> 0 | AE17: ='28'!G173 -> 0 | AF17: ='29'!G173 -> 0 | AG17: ='30'!G173 -> 6 | AH17: ='31'!G173 -> 0
C18: B2 Laundry | D18: ='1'!G174 -> 13 | E18: ='2'!G174 -> 13 | F18: ='3'!G174 -> 13 | G18: ='4'!G174 -> 15 | H18: ='5'!G174 -> 14 | I18: ='6'!G174 -> 14 | J18: ='7'!G174 -> 12 | K18: ='8'!G174 -> -410 | L18: ='9'!G174 -> 14 | M18: ='10'!G174 -> 14 | N18: ='11'!G174 -> 16 | O18: ='12'!G174 -> 11 | P18: ='13'!G174 -> 10 | Q18: ='14'!G174 -> 15 | R18: ='15'!G174 -> 13 | S18: ='16'!G174 -> 13 | T18: ='17'!G174 -> 15 | U18: ='18 '!G174 -> 0 | V18: ='19'!G174 -> 27 | W18: ='20'!G174 -> 14 | X18: ='21'!G174 -> 14 | Y18: ='22'!G174 -> 14 | Z18: ='23'!G174 -> 14 | AA18: ='24'!G174 -> 12 | AB18: ='25'!G174 -> 14 | AC18: ='26'!G174 -> 14 | AD18: ='27'!G174 -> 13 | AE18: ='28'!G174 -> 14 | AF18: ='29'!G174 -> 16 | AG18: ='30'!G174 -> 13 | AH18: ='31'!G174 -> 16
C19: Boiler Feed Water | D19: ='1'!G175 -> 11 | E19: ='2'!G175 -> 12 | F19: ='3'!G175 -> 12 | G19: ='4'!G175 -> 12 | H19: ='5'!G175 -> 11 | I19: ='6'!G175 -> 14 | J19: ='7'!G175 -> 12 | K19: ='8'!G175 -> -357 | L19: ='9'!G175 -> 13 | M19: ='10'!G175 -> 12 | N19: ='11'!G175 -> 11 | O19: ='12'!G175 -> 12 | P19: ='13'!G175 -> 10 | Q19: ='14'!G175 -> 11 | R19: ='15'!G175 -> 12 | S19: ='16'!G175 -> 19 | T19: ='17'!G175 -> 12 | U19: ='18 '!G175 -> 12 | V19: ='19'!G175 -> 12 | W19: ='20'!G175 -> 12 | X19: ='21'!G175 -> 10 | Y19: ='22'!G175 -> 12 | Z19: ='23'!G175 -> 10 | AA19: ='24'!G175 -> 10 | AB19: ='25'!G175 -> 11 | AC19: ='26'!G175 -> 13 | AD19: ='27'!G175 -> 11 | AE19: ='28'!G175 -> 11 | AF19: ='29'!G175 -> 13 | AG19: ='30'!G175 -> 12 | AH19: ='31'!G175 -> 12
B21: Branches ( STP Water ) | C21: CT water | D21: ='1'!G178 -> 109 | E21: ='2'!G178 -> 85 | F21: ='3'!G178 -> 110 | G21: ='4'!G178 -> 65 | H21: ='5'!G178 -> 94 | I21: ='6'!G178 -> 54 | J21: ='7'!G178 -> 66 | K21: ='8'!G178 -> -2853 | L21: ='9'!G178 -> 110 | M21: ='10'!G178 -> 86 | N21: ='11'!G178 -> 108 | O21: ='12'!G178 -> 107 | P21: ='13'!G178 -> 109 | Q21: ='14'!G178 -> 132 | R21: ='15'!G178 -> 108 | S21: ='16'!G178 -> 110 | T21: ='17'!G178 -> 84 | U21: ='18 '!G178 -> 130 | V21: ='19'!G178 -> 85 | W21: ='20'!G178 -> 62 | X21: ='21'!G178 -> 61 | Y21: ='22'!G178 -> 63 | Z21: ='23'!G178 -> 160 | AA21: ='24'!G178 -> 110 | AB21: ='25'!G178 -> 88 | AC21: ='26'!G178 -> 87 | AD21: ='27'!G178 -> 86 | AE21: ='28'!G178 -> 107 | AF21: ='29'!G178 -> 64 | AG21: ='30'!G178 -> 104 | AH21: ='31'!G178 -> 109
C22: STP flush | D22: ='1'!G179 -> 0 | E22: ='2'!G179 -> 0 | F22: ='3'!G179 -> 0 | G22: ='4'!G179 -> 0 | H22: ='5'!G179 -> 0 | I22: ='6'!G179 -> 0 | J22: ='7'!G179 -> 0 | K22: ='8'!G179 -> 0 | L22: ='9'!G179 -> 0 | M22: ='10'!G179 -> 0 | N22: ='11'!G179 -> 0 | O22: ='12'!G179 -> 0 | P22: ='13'!G179 -> 0 | Q22: ='14'!G179 -> 0 | R22: ='15'!G179 -> 0 | S22: ='16'!G179 -> 0 | T22: ='17'!G179 -> 0 | U22: ='18 '!G179 -> 0 | V22: ='19'!G179 -> 0 | W22: ='20'!G179 -> 0 | X22: ='21'!G179 -> 0 | Y22: ='22'!G179 -> 0 | Z22: ='23'!G179 -> 0 | AA22: ='24'!G179 -> 0 | AB22: ='25'!G179 -> 0 | AC22: ='26'!G179 -> 0 | AD22: ='27'!G179 -> 0 | AE22: ='28'!G179 -> 0 | AF22: ='29'!G179 -> 0 | AG22: ='30'!G179 -> 0 | AH22: ='31'!G179 -> 0
C23: Garden | D23: ='1'!G180 -> 7 | E23: ='2'!G180 -> 0 | F23: ='3'!G180 -> 0 | G23: ='4'!G180 -> 0 | H23: ='5'!G180 -> 0 | I23: ='6'!G180 -> 2 | J23: ='7'!G180 -> 5 | K23: ='8'!G180 -> -249 | L23: ='9'!G180 -> 8 | M23: ='10'!G180 -> 11 | N23: ='11'!G180 -> 7 | O23: ='12'!G180 -> 5 | P23: ='13'!G180 -> 17 | Q23: ='14'!G180 -> 28 | R23: ='15'!G180 -> 5 | S23: ='16'!G180 -> 8 | T23: ='17'!G180 -> 15 | U23: ='18 '!G180 -> 8 | V23: ='19'!G180 -> 10 | W23: ='20'!G180 -> 0 | X23: ='21'!G180 -> 9 | Y23: ='22'!G180 -> 6 | Z23: ='23'!G180 -> 16 | AA23: ='24'!G180 -> 10 | AB23: ='25'!G180 -> 14 | AC23: ='26'!G180 -> 9 | AD23: ='27'!G180 -> 18 | AE23: ='28'!G180 -> 28 | AF23: ='29'!G180 -> 3 | AG23: ='30'!G180 -> 0 | AH23: ='31'!G180 -> 0
B24: Total Tanke(RO) + BMC | D24: =SUM(D5:D6) -> 182 | E24: =SUM(E5:E6) -> 231 | F24: =SUM(F5:F6) -> 155 | G24: =SUM(G5:G6) -> 183 | H24: =SUM(H5:H6) -> 192 | I24: =SUM(I5:I6) -> 247 | J24: =SUM(J5:J6) -> 287 | K24: =SUM(K5:K6) -> -1308 | ... AH24: =SUM(AH5:AH6) -> 321
B25: Domestic consumption | D25: =SUM(D9:D11,D14:D15,) -> 133 | E25: =SUM(E9:E11,E14:E15,) -> 134 | F25: =SUM(F9:F11,F14:F15,) -> 133 | G25: =SUM(G9:G11,G14:G15,) -> 146 | H25: =SUM(H9:H11,H14:H15,) -> 150 | I25: =SUM(I9:I11,I14:I15,) -> 141 | J25: =SUM(J9:J11,J14:J15,) -> 146 | K25: =SUM(K9:K11,K14:K15,) -> -4447 | ... AI25: =SUM(AI9:AI11,AI14:AI15,) -> 0
B27: STP +Flush Consumption | D27: =SUM(D13,D21,D23) -> 134 | E27: =SUM(E13,E21,E23) -> 119 | F27: =SUM(F13,F21,F23) -> 127 | G27: =SUM(G13,G21,G23) -> 84 | H27: =SUM(H13,H21,H23) -> 111 | I27: =SUM(I13,I21,I23) -> 75 | J27: =SUM(J13,J21,J23) -> 106 | K27: =SUM(K13,K21,K23) -> -4039 | ... AH27: =SUM(AH13,AH21,AH23) -> 126 | AI27: =SUM(AI13) -> 0
B29: BOH | D29: =D9 -> 92 | E29: =E9 -> 103 | F29: =F9 -> 104 | G29: =G9 -> 108 | H29: =H9 -> 102 | I29: =I9 -> 104 | J29: =J9 -> 101 | K29: =K9 -> -3254 | ... AH29: =AH9 -> 111
B30: Guest Floor | D30: =SUM(D10:D11,D14:D15) -> 41 | E30: =SUM(E10:E11,E14:E15) -> 31 | F30: =SUM(F10:F11,F14:F15) -> 29 | G30: =SUM(G10:G11,G14:G15) -> 38 | H30: =SUM(H10:H11,H14:H15) -> 48 | I30: =SUM(I10:I11,I14:I15) -> 37 | J30: =SUM(J10:J11,J14:J15) -> 45 | K30: =SUM(K10:K11,K14:K15) -> -1193 | ... AH30: =SUM(AH10:AH11,AH14:AH15) -> 43
B31: Guest floor% | D31: =D30/SUM(D29:D30)% -> 30.827068 | E31: =E30/SUM(E29:E30)% -> 23.134328 | F31: =F30/SUM(F29:F30)% -> 21.804511 | G31: =G30/SUM(G29:G30)% -> 26.027397 | H31: =H30/SUM(H29:H30)% -> 32 | I31: =I30/SUM(I29:I30)% -> 26.241135 | J31: =J30/SUM(J29:J30)% -> 30.821918 | K31: =K30/SUM(K29:K30)% -> 26.827074 | ... AH31: =AH30/SUM(AH29:AH30)% -> 27.922078

Sheet Section Load
F2: Transformer -Load | N2: Electrical | AV2: Boiler Running | BB2: diff wrt feeder | BC2: Var%
AN3: Gas consumption | AU3: Boiler Running Hours
A4: Date | B4: HT Kwh | C4: HT Kvah | D4: MGL Gas | E4: Water | F4: HVAC | G4: Fire & Emergency PP | H4: Main PP | I4: Lighting PP | J4: CH-1+ CH2+CH3+CH4 | K4: Chilled water Pump | L4: Ball Room-1 | M4: Ball Room-2 | N4: MK-1 | O4: MK-2 | P4: Prato | Q4: San- Qi Indian | R4: San- Qi Japanese | S4: The club | T4: AER | U4: COLD ROOM'S | V4: Ball Room 1 | W4: Ball Room 2 | X4: B1 Laundry | Y4: B2 Laundry | Z4: STP | AA4: MOCK Up Room | AB4: 27th Floor | AC4: Physic57 | AD4: Pinoor Legal- Power+lighting | AE4: 2nd floor plant room | AF4: 5th Floor SPA | AG4: 5th Floor | AH4: 12th Floor | AI4: 20th Floor | AJ4: 27th Floor | AK4: 34th Floor | AL4: Sanqi | AM4: Cooling Tower | AN4: MGL | AO4: HWG | AP4: Prato | AQ4: BR-1 | AR4: SanQi IND | AS4: SanQi JPN | AT4: Boiler | AU4: HWG | AV4: Boiler1 | AW4: Boiler2 | AX4: Boiler3 (400Kg) | AY4: Total
A5: 1 | B5: ='1'!G7 -> 25437 | C5: ='1'!G8 -> 25783 | D5: ='1'!G15 -> 1063.6 | E5: ='1'!G20 -> 182 | F5: =SUM('1'!G35,'1'!G49) -> 4229.35 | G5: =SUM('1'!H37,'1'!H51) -> 1127.2 | H5: =SUM('1'!G38,'1'!G52) -> 2260.06 | I5: =SUM('1'!G39,'1'!G53) -> 4348.86 | J5: =SUM('1'!G41,'1'!G42,'1'!G55,'1'!G56) -> 6923.3 | K5: =SUM('1'!G43,'1'!G57) -> 3125.45 | L5: ='1'!G50 -> 1020.39 | M5: ='1'!G36 -> 620.19 | N5: ='1'!G138 -> 168 | O5: ='1'!G139 -> 139 | P5: ='1'!G140 -> 15 | Q5: ='1'!G141 -> 185.56 | R5: ='1'!G142 -> 63.4 | S5: ='1'!$G$145 -> 32 | T5: ='1'!$G$146 -> 139 | U5: ='1'!$G$144 -> 207 | V5: ='1'!$G$147 -> 365.32 | W5: ='1'!$G$148 -> 323.44 | X5: ='1'!$G$143 -> 24.88 | Y5: ='1'!$G$58 -> 277.27 | Z5: ='1'!$G$151 -> 337 | AA5: ='1'!G161 -> 17.64 | AB5: ='1'!G162 -> 41.3 | AD5: ='1'!G163+'1'!G164 -> 161.1 | AE5: ='1'!$G$116 -> 418.74 | AF5: ='1'!$G$117 -> 225.519 | AG5: ='1'!$G$118 -> 632.99 | AH5: ='1'!$G$119 -> 224.4 | AI5: ='1'!$G$120 -> 412.9 | AJ5: ='1'!$G$121 -> 477.12 | AK5: ='1'!$G$122 -> 270 | AL5: ='1'!$G$123 -> 315.9 | AM5: ='1'!$G$133 -> 0 | AN5: ='1'!$G$15 -> 1063.6 | AO5: ='1'!$G$74 -> 308.04 | AP5: ='1'!$G$75 -> -0.8 | AQ5: ='1'!$G$76 -> 116.7 | AR5: ='1'!$G$77 -> 43 | AS5: ='1'!$G$78 -> 0 | AT5: =AN5-SUM(AO5:AS5) -> 596.66 | AU5: =SUM('1'!G91:G92) -> 10.86 | AV5: ='1'!$G$88 -> 0 | AW5: ='1'!$G$89 -> 9.64 | AX5: ='1'!$G$90 -> 11.75 | AY5: =SUM(AV5:AX5) -> 21.39 | AZ5: =AO5/AU5 -> 28.364641 | BA5: =AT5/AY5 -> 27.894343 | BB5: =C5-SUM(F5:K5,Y5) -> 3491.51 | BC5: =BB5/B5% -> 13.726108
A6: 2 | B6: ='2'!G7 -> 25517 | C6: ='2'!G8 -> 25845 | D6: ='2'!G15 -> 1000.7 | E6: ='2'!G20 -> 231 | F6: =SUM('2'!G35,'2'!G49) -> 4402.7 | G6: =SUM('2'!G37,'2'!G51) -> 1083.31 | H6: =SUM('2'!G38,'2'!G52) -> 2221.05 | I6: =SUM('2'!G39,'2'!G53) -> 4423.63 | J6: =SUM('2'!G41,'2'!G42,'2'!G55,'2'!G56) -> 6103.42 | K6: =SUM('2'!G43,'2'!G57) -> 2942.62 | L6: ='2'!G50 -> 1053.84 | M6: ='2'!G36 -> 775.66 | N6: ='2'!G138 -> 141 | O6: ='2'!$G$139 -> 140 | P6: ='2'!$G$140 -> 15.2 | Q6: ='2'!$G$141 -> 190.6 | R6: ='2'!$G$142 -> 64.13 | S6: ='2'!$G$145 -> 36.74 | T6: ='2'!$G$146 -> 80 | U6: ='2'!$G$144 -> 213 | V6: ='2'!$G$147 -> 364.68 | W6: ='2'!$G$148 -> 249.52 | X6: ='2'!$G$143 -> 29.02 | Y6: ='2'!$G$58 -> 251.67 | Z6: ='2'!$G$151 -> 331 | AA6: ='2'!G161 -> 39.08 | AB6: ='2'!G162 -> 46 | AD6: ='2'!G163+'2'!G164 -> 146.4 | AE6: ='2'!$G$116 -> 406.84 | AF6: ='2'!$G$117 -> 262.651 | AG6: ='2'!$G$118 -> 630 | AH6: ='2'!$G$119 -> 232.16 | AI6: ='2'!$G$120 -> 395.47 | AJ6: ='2'!$G$121 -> 481.5 | AK6: ='2'!$G$122 -> 278.86 | AL6: ='2'!$G$123 -> 319.93 | AM6: ='2'!$G$133 -> 0 | AN6: ='2'!$G$15 -> 1000.7 | AO6: ='2'!$G$74 -> 286.33 | AP6: ='2'!$G$75 -> 0.8 | AQ6: ='2'!$G$76 -> 112.3 | AR6: ='2'!$G$77 -> 50.8 | AS6: ='2'!$G$78 -> 0 | AT6: =AN6-SUM(AO6:AS6) -> 550.47 | AU6: =SUM('2'!G91:G92) -> 10.29 | AV6: ='2'!$G$88 -> 0 | AW6: ='2'!$G$89 -> 9.34 | AX6: ='2'!$G$90 -> 10.09 | AY6: =SUM(AV6:AX6) -> 19.43 | AZ6: =AO6/AU6 -> 27.826045 | BA6: =AT6/AY6 -> 28.330932 | BB6: =C6-SUM(F6:K6,Y6) -> 4416.6 | BC6: =BB6/B6% -> 17.308461
A7: 3 | B7: ='3'!G7 -> 27628.19 | C7: ='3'!G8 -> 28055 | D7: ='3'!G15 -> 979.2 | E7: ='3'!G20 -> 155 | F7: =SUM('3'!G35,'3'!G49) -> 4074.19 | G7: =SUM('3'!G37,'3'!G51) -> 1091.69 | H7: =SUM('3'!G38,'3'!G52) -> 2247.12 | I7: =SUM('3'!G39,'3'!G53) -> 4283.96 | J7: =SUM('3'!G41,'3'!G42,'3'!G55,'3'!G56) -> 7359.41 | K7: =SUM('3'!G43,'3'!G57) -> 3175.12 | L7: ='3'!G50 -> 1586.54 | M7: ='3'!G36 -> 1174.12 | N7: ='3'!G138 -> 145 | O7: ='3'!$G$139 -> 184 | P7: ='3'!$G$140 -> 13.8 | Q7: ='3'!$G$141 -> 196.27 | R7: ='3'!$G$142 -> 70.17 | S7: ='3'!$G$145 -> 36.26 | T7: ='3'!$G$146 -> 72 | U7: ='3'!$G$144 -> 213 | V7: ='3'!$G$147 -> 395.64 | W7: ='3'!$G$148 -> 292.32 | X7: ='3'!$G$143 -> 24.53 | Y7: ='3'!$G$58 -> 233.46 | Z7: ='3'!$G$151 -> 319 | AA7: ='3'!G161 -> 30.92 | AB7: ='3'!G162 -> 46.7 | AD7: ='3'!G163+'3'!G164 -> 109.9 | AE7: ='3'!$G$116 -> 410.02 | AF7: ='3'!$G$117 -> 177.12 | AG7: ='3'!$G$118 -> 591.16 | AH7: ='3'!$G$119 -> 227.64 | AI7: ='3'!$G$120 -> 412.16 | AJ7: ='3'!$G$121 -> 478.71 | AK7: ='3'!$G$122 -> 288.03 | AL7: ='3'!$G$123 -> 367.17 | AM7: ='3'!$G$133 -> 0 | AN7: ='3'!$G$15 -> 979.2 | AO7: ='3'!$G$74 -> 281.28 | AP7: ='3'!$G$75 -> -0.8 | AQ7: ='3'!$G$76 -> 108 | AR7: ='3'!$G$77 -> 48.2 | AS7: ='3'!$G$78 -> 0 | AT7: =AN7-SUM(AO7:AS7) -> 542.52 | AU7: =SUM('3'!G91:G92) -> 10.1 | AV7: ='3'!$G$88 -> 0 | AW7: ='3'!$G$89 -> 8.55 | AX7: ='3'!$G$90 -> 10.73 | AY7: =SUM(AV7:AX7) -> 19.28 | AZ7: =AO7/AU7 -> 27.849505 | BA7: =AT7/AY7 -> 28.139004 | BB7: =C7-SUM(F7:K7,Y7) -> 5590.05 | BC7: =BB7/B7% -> 20.233139
A8: 4 | B8: ='4'!G7 -> 25466 | C8: ='4'!G8 -> 25892 | D8: ='4'!G15 -> 1002.3 | E8: ='4'!G20 -> 183 | F8: =SUM('4'!G35,'4'!G49) -> 4185.75 | G8: =SUM('4'!G37,'4'!G51) -> 1113.08 | H8: =SUM('4'!G38,'4'!G52) -> 2254.15 | I8: =SUM('4'!G39,'4'!G53) -> 4351.13 | J8: =SUM('4'!G41,'4'!G42,'4'!G55,'4'!G56) -> 6053.68 | K8: =SUM('4'!G43,'4'!G57) -> 3159 | L8: ='4'!G50 -> 1123.22 | M8: ='4'!G36 -> 810.58 | N8: ='4'!G138 -> 142 | O8: ='4'!$G$139 -> 152 | P8: ='4'!$G$140 -> 16.7 | Q8: ='4'!$G$141 -> 199.08 | R8: ='4'!$G$142 -> 86.55 | S8: ='4'!$G$145 -> 39.82 | T8: ='4'!$G$146 -> 73 | U8: ='4'!$G$144 -> 221 | V8: ='4'!$G$147 -> 374.8 | W8: ='4'!$G$148 -> 245.76 | X8: ='4'!$G$143 -> 24.53 | Y8: ='4'!$G$58 -> 261.17 | Z8: ='4'!$G$151 -> 250 | AA8: ='4'!G161 -> 25.8 | AB8: ='4'!G162 -> 43.9 | AD8: ='4'!G163+'4'!G164 -> 109.8 | AE8: ='4'!$G$116 -> 387.19 | AF8: ='4'!$G$117 -> 238.84 | AG8: ='4'!$G$118 -> 0.38 | AH8: ='4'!$G$119 -> 230.14 | AI8: ='4'!$G$120 -> 413.6 | AJ8: ='4'!$G$121 -> 474.82 | AK8: ='4'!$G$122 -> 276.2 | AL8: ='4'!$G$123 -> 285.15 | AM8: ='4'!$G$133 -> 0 | AN8: ='4'!$G$15 -> 1002.3 | AO8: ='4'!$G$74 -> 292.35 | AP8: ='4'!$G$75 -> 0 | AQ8: ='4'!$G$76 -> 106 | AR8: ='4'!$G$77 -> 44 | AS8: ='4'!$G$78 -> 0 | AT8: =AN8-SUM(AO8:AS8) -> 559.95 | AU8: =SUM('4'!G91:G92) -> 10.52 | AV8: ='4'!$G$88 -> 0.2 | AW8: ='4'!$G$89 -> 9.15 | AX8: ='4'!$G$90 -> 11.31 | AY8: =SUM(AV8:AX8) -> 20.66 | AZ8: =AO8/AU8 -> 27.789924 | BA8: =AT8/AY8 -> 27.103098 | BB8: =C8-SUM(F8:K8,Y8) -> 4514.04 | BC8: =BB8/B8% -> 17.725752
A9: 5 | B9: ='5'!G7 -> 26773.81 | C9: ='5'!G8 -> 27118 | D9: ='5'!G15 -> 1047.2 | E9: ='5'!G20 -> 192 | F9: =SUM('5'!G35,'5'!G49) -> 4350.01 | G9: =SUM('5'!G37,'5'!G51) -> 1100.41 | H9: =SUM('5'!G38,'5'!G52) -> 2239.38 | I9: =SUM('5'!G39,'5'!G53) -> 4215.42 | J9: =SUM('5'!G41,'5'!G42,'5'!G55,'5'!G56) -> 6662.02 | K9: =SUM('5'!G43,'5'!G57) -> 3388.81 | L9: ='5'!G50 -> 1030.01 | M9: ='5'!G36 -> 1153.45 | N9: ='5'!G138 -> 150 | O9: ='5'!$G$139 -> 150 | P9: ='5'!$G$140 -> 15.3 | Q9: ='5'!$G$141 -> 190.49 | R9: ='5'!$G$142 -> 87.75 | S9: ='5'!$G$145 -> 29.18 | T9: ='5'!$G$146 -> 78 | U9: ='5'!$G$144 -> 217 | V9: ='5'!$G$147 -> 378.56 | W9: ='5'!$G$148 -> 350.96 | X9: ='5'!$G$143 -> 26.04 | Y9: ='5'!$G$58 -> 257.43 | Z9: ='5'!$G$151 -> 263 | AA9: ='5'!G161 -> 24.56 | AB9: ='5'!G162 -> 51.1 | AD9: ='5'!G163+'5'!G164 -> 92.8 | AE9: ='5'!$G$116 -> 286.21 | AF9: ='5'!$G$117 -> 239.87 | AG9: ='5'!$G$118 -> 1158.47 | AH9: ='5'!$G$119 -> 232.66 | AI9: ='5'!$G$120 -> 416.87 | AJ9: ='5'!$G$121 -> 467.85 | AK9: ='5'!$G$122 -> 280.91 | AL9: ='5'!$G$123 -> 321.85 | AM9: ='5'!$G$133 -> 0 | AN9: ='5'!$G$15 -> 1047.2 | AO9: ='5'!$G$74 -> 286.14 | AP9: ='5'!$G$75 -> 0 | AQ9: ='5'!$G$76 -> 116 | AR9: ='5'!$G$77 -> 93 | AS9: ='5'!$G$78 -> 0 | AT9: =AN9-SUM(AO9:AS9) -> 552.06 | AU9: =SUM('5'!G91:G92) -> 10.25 | AV9: ='5'!$G$88 -> -0.2 | AW9: ='5'!$G$89 -> 9.06 | AX9: ='5'!$G$90 -> 12.54 | AY9: =SUM(AV9:AX9) -> 21.4 | AZ9: =AO9/AU9 -> 27.916098 | BA9: =AT9/AY9 -> 25.797196 | BB9: =C9-SUM(F9:K9,Y9) -> 4904.52 | BC9: =BB9/B9% -> 18.318349
A10: 6 | B10: ='6'!G7 -> 25778 | C10: ='6'!G8 -> 26156 | D10: ='6'!G15 -> 981 | E10: ='6'!G20 -> 247 | F10: =SUM('6'!G35,'6'!G49) -> 4273 | G10: =SUM('6'!G37,'6'!G51) -> 1116 | H10: =SUM('6'!G38,'6'!G52) -> 2225 | I10: =SUM('6'!G39,'6'!G53) -> 4247 | J10: =SUM('6'!G41,'6'!G42,'6'!G55,'6'!G56) -> 6391.17 | K10: =SUM('6'!G43,'6'!G57) -> 3116 | L10: ='6'!G50 -> 993 | M10: ='6'!G36 -> 879 | N10: ='6'!G138 -> 147 | O10: ='6'!$G$139 -> 157 | P10: ='6'!$G$140 -> 14 | Q10: ='6'!$G$141 -> 195 | R10: ='6'!$G$142 -> 89 | S10: ='6'!$G$145 -> 27 | T10: ='6'!$G$146 -> 72 | U10: ='6'!$G$144 -> 226 | V10: ='6'!$G$147 -> 379 | W10: ='6'!$G$148 -> 300 | X10: ='6'!$G$143 -> 25 | Y10: ='6'!$G$58 -> 283 | Z10: ='6'!$G$151 -> 247 | AA10: ='6'!G161 -> 30 | AB10: ='6'!G162 -> 44 | AD10: ='6'!G163+'6'!G164 -> 58 | AE10: ='6'!$G$116 -> 319 | AF10: ='6'!$G$117 -> 216 | AG10: ='6'!$G$118 -> 540 | AH10: ='6'!$G$119 -> 248 | AI10: ='6'!$G$120 -> 424 | AJ10: ='6'!$G$121 -> 470 | AK10: ='6'!$G$122 -> 328 | AL10: ='6'!$G$123 -> 331 | AM10: ='6'!$G$133 -> 0.41 | AN10: ='6'!$G$15 -> 981 | AO10: ='6'!$G$74 -> 312 | AP10: ='6'!$G$75 -> 0 | AQ10: ='6'!$G$76 -> 114 | AR10: ='6'!$G$77 -> 3 | AS10: ='6'!$G$78 -> 0.4 | AT10: =AN10-SUM(AO10:AS10) -> 551.6 | AU10: =SUM('6'!G91:G92) -> 11.23 | AV10: ='6'!$G$88 -> 10.54 | AW10: ='6'!$G$89 -> 0 | AX10: ='6'!$G$90 -> 11.03 | AY10: =SUM(AV10:AX10) -> 21.57 | AZ10: =AO10/AU10 -> 27.782725 | BA10: =AT10/AY10 -> 25.572554 | BB10: =C10-SUM(F10:K10,Y10) -> 4504.83 | BC10: =BB10/B10% -> 17.475483
A11: 7 | B11: ='7'!G7 -> 25498 | C11: ='7'!G8 -> 25917 | D11: ='7'!G15 -> 1066 | E11: ='7'!G20 -> 287 | F11: =SUM('7'!G35,'7'!G49) -> 4335 | G11: =SUM('7'!G37,'7'!G51) -> 1065 | H11: =SUM('7'!G38,'7'!G52) -> 2257 | I11: =SUM('7'!G39,'7'!G53) -> 4343 | J11: =SUM('7'!G41,'7'!G42,'7'!G55,'7'!G56) -> 6173 | K11: =SUM('7'!G43,'7'!G57) -> 3091 | L11: ='7'!G50 -> 1137 | M11: ='7'!G36 -> 801 | N11: ='7'!G138 -> 134 | O11: ='7'!$G$139 -> 133 | P11: ='7'!$G$140 -> 14 | Q11: ='7'!$G$141 -> 206 | R11: ='7'!$G$142 -> 81 | S11: ='7'!$G$145 -> 25 | T11: ='7'!$G$146 -> 75 | U11: ='7'!$G$144 -> 226 | V11: ='7'!$G$147 -> 374 | W11: ='7'!$G$148 -> 294 | X11: ='7'!$G$143 -> 25 | Y11: ='7'!$G$58 -> 264 | Z11: ='7'!$G$151 -> 245 | AA11: ='7'!G161 -> 28 | AB11: ='7'!G162 -> 26 | AD11: ='7'!G163+'7'!G164 -> 80 | AE11: ='7'!$G$116 -> 390 | AF11: ='7'!$G$117 -> 187 | AG11: ='7'!$G$118 -> 550 | AH11: ='7'!$G$119 -> 254 | AI11: ='7'!$G$120 -> 431 | AJ11: ='7'!$G$121 -> 474 | AK11: ='7'!$G$122 -> 330 | AL11: ='7'!$G$123 -> 331 | AM11: ='7'!$G$133 -> 0 | AN11: ='7'!$G$15 -> 1066 | AO11: ='7'!$G$74 -> 359 | AP11: ='7'!$G$75 -> 0 | AQ11: ='7'!$G$76 -> 111 | AR11: ='7'!$G$77 -> 47 | AS11: ='7'!$G$78 -> 0 | AT11: =AN11-SUM(AO11:AS11) -> 549 | AU11: =SUM('7'!G91:G92) -> 12.89 | AV11: ='7'!$G$88 -> 4.96 | AW11: ='7'!$G$89 -> 4.65 | AX11: ='7'!$G$90 -> 11 | AY11: =SUM(AV11:AX11) -> 20.61 | AZ11: =AO11/AU11 -> 27.851047 | BA11: =AT11/AY11 -> 26.637555 | BB11: =C11-SUM(F11:K11,Y11) -> 4389 | BC11: =BB11/B11% -> 17.213115
A12: 8 | B12: ='8'!G7 -> 26200 | C12: ='8'!G8 -> 26500 | D12: ='8'!G15 -> 1000 | E12: ='8'!G20 -> -1308 | F12: =SUM('8'!G35,'8'!G49) -> -115227 | G12: =SUM('8'!G37,'8'!G51) -> -39560.01 | H12: =SUM('8'!G38,'8'!G52) -> -68479 | I12: =SUM('8'!G39,'8'!G53) -> -108431 | J12: =SUM('8'!G41,'8'!G42,'8'!G55,'8'!G56) -> -202776 | K12: =SUM('8'!G43,'8'!G57) -> -91382 | L12: ='8'!G50 -> -37797 | M12: ='8'!G36 -> -27407 | N12: ='8'!G138 -> -3843 | O12: ='8'!$G$139 -> -4580 | P12: ='8'!$G$140 -> -452 | Q12: ='8'!$G$141 -> -6056 | R12: ='8'!$G$142 -> -2232 | S12: ='8'!$G$145 -> -366 | T12: ='8'!$G$146 -> -1689 | U12: ='8'!$G$144 -> -7074 | V12: ='8'!$G$147 -> -11787 | W12: ='8'!$G$148 -> -9213 | X12: ='8'!$G$143 -> -830 | Y12: ='8'!$G$58 -> -8286 | Z12: ='8'!$G$151 -> -8769 | AA12: ='8'!G161 -> -1842 | AB12: ='8'!G162 -> -1115 | AD12: ='8'!G163+'8'!G164 -> -4329 | AE12: ='8'!$G$116 -> -11065 | AF12: ='8'!$G$117 -> -7368 | AG12: ='8'!$G$118 -> -18696 | AH12: ='8'!$G$119 -> -6894 | AI12: ='8'!$G$120 -> -12630 | AJ12: ='8'!$G$121 -> -13650 | AK12: ='8'!$G$122 -> -8378 | AL12: ='8'!$G$123 -> -9595 | AM12: ='8'!$G$133 -> 567211 | AN12: ='8'!$G$15 -> 1000 | AO12: ='8'!$G$74 -> -9643 | AP12: ='8'!$G$75 -> 0.8 | AQ12: ='8'!$G$76 -> -3205 | AR12: ='8'!$G$77 -> -1574 | AS12: ='8'!$G$78 -> 0 | AT12: =AN12-SUM(AO12:AS12) -> 15421.2 | AU12: =SUM('8'!G91:G92) -> -342.01 | AV12: ='8'!$G$88 -> -33.96 | AW12: ='8'!$G$89 -> -253.43 | AX12: ='8'!$G$90 -> -322.01 | AY12: =SUM(AV12:AX12) -> -609.4 | AZ12: =AO12/AU12 -> 28.195082 | BA12: =AT12/AY12 -> -25.305546 | BB12: =C12-SUM(F12:K12,Y12) -> 660641.01 | BC12: =BB12/B12% -> 2521.5306
A13: 9 | B13: ='9'!G7 -> 26200 | C13: ='9'!G8 -> 26500 | D13: ='9'!G15 -> 1000 | E13: ='9'!G20 -> 270 | F13: =SUM('9'!G35,'9'!G49) -> 759.8 | G13: =SUM('9'!G37,'9'!G51) -> 1573.75 | H13: =SUM('9'!G38,'9'!G52) -> 2332.11 | I13: =SUM('9'!G39,'9'!G53) -> 3026.15 | J13: =SUM('9'!G41,'9'!G42,'9'!G55,'9'!G56) -> 8124.63 | K13: =SUM('9'!G43,'9'!G57) -> 3152.45 | L13: ='9'!G50 -> 1278.67 | M13: ='9'!G36 -> 1130.17 | N13: ='9'!G138 -> 125 | O13: ='9'!$G$139 -> 155 | P13: ='9'!$G$140 -> 84 | Q13: ='9'!$G$141 -> 211.79 | R13: ='9'!$G$142 -> 77.8 | S13: ='9'!$G$145 -> 0 | T13: ='9'!$G$146 -> 42 | U13: ='9'!$G$144 -> 254 | V13: ='9'!$G$147 -> 399 | W13: ='9'!$G$148 -> 422 | X13: ='9'!$G$143 -> 27.32 | Y13: ='9'!$G$58 -> 290.17 | Z13: ='9'!$G$151 -> 291 | AA13: ='9'!G161 -> 173.2 | AB13: ='9'!G162 -> 24 | AD13: ='9'!G163+'9'!G164 -> 150.6 | AE13: ='9'!$G$116 -> 434.24 | AF13: ='9'!$G$117 -> 303.41 | AG13: ='9'!$G$118 -> 642.46 | AH13: ='9'!$G$119 -> 245 | AI13: ='9'!$G$120 -> 444.94 | AJ13: ='9'!$G$121 -> 439.21 | AK13: ='9'!$G$122 -> 275.39 | AL13: ='9'!$G$123 -> 324.86 | AM13: ='9'!$G$133 -> 0 | AN13: ='9'!$G$15 -> 1000 | AO13: ='9'!$G$74 -> 328.45 | AP13: ='9'!$G$75 -> 0 | AQ13: ='9'!$G$76 -> 107.5 | AR13: ='9'!$G$77 -> 122 | AS13: ='9'!$G$78 -> -0.4 | AT13: =AN13-SUM(AO13:AS13) -> 442.45 | AU13: =SUM('9'!G91:G92) -> 11.49 | AV13: ='9'!$G$88 -> 8.88 | AW13: ='9'!$G$89 -> 1.34 | AX13: ='9'!$G$90 -> 10.38 | AY13: =SUM(AV13:AX13) -> 20.6 | AZ13: =AO13/AU13 -> 28.585727 | BA13: =AT13/AY13 -> 21.478155 | BB13: =C13-SUM(F13:K13,Y13) -> 7240.94 | BC13: =BB13/B13% -> 27.637176
A14: 10 | B14: ='10'!G7 -> 26200 | C14: ='10'!G8 -> 26500 | D14: ='10'!G15 -> 1000 | E14: ='10'!G20 -> 270 | F14: =SUM('10'!G35,'10'!G49) -> 3679.12 | G14: =SUM('10'!G37,'10'!G51) -> 1524.5 | H14: =SUM('10'!G38,'10'!G52) -> 2285.28 | I14: =SUM('10'!G39,'10'!G53) -> 2907.96 | J14: =SUM('10'!G41,'10'!G42,'10'!G55,'10'!G56) -> 5749.19 | K14: =SUM('10'!G43,'10'!G57) -> 3210.36 | L14: ='10'!G50 -> 1219.34 | M14: ='10'!G36 -> 928.54 | N14: ='10'!G138 -> 135 | O14: ='10'!$G$139 -> 149 | P14: ='10'!$G$140 -> 83.4 | Q14: ='10'!$G$141 -> 205.56 | R14: ='10'!$G$142 -> 70.1 | S14: ='10'!$G$145 -> 0 | T14: ='10'!$G$146 -> 39 | U14: ='10'!$G$144 -> 230 | V14: ='10'!$G$147 -> 378 | W14: ='10'!$G$148 -> 302.68 | X14: ='10'!$G$143 -> 29.14 | Y14: ='10'!$G$58 -> 293.06 | Z14: ='10'!$G$151 -> 263 | AA14: ='10'!G161 -> 151.04 | AB14: ='10'!G162 -> 14.3 | AD14: ='10'!G163+'10'!G164 -> 150.7 | AE14: ='10'!$G$116 -> 479.88 | AF14: ='10'!$G$117 -> 214.34 | AG14: ='10'!$G$118 -> 617.2 | AH14: ='10'!$G$119 -> 236.35 | AI14: ='10'!$G$120 -> 433.3 | AJ14: ='10'!$G$121 -> 423.76 | AK14: ='10'!$G$122 -> 252.89 | AL14: ='10'!$G$123 -> 320.38 | AM14: ='10'!$G$133 -> 782 | AN14: ='10'!$G$15 -> 1000 | AO14: ='10'!$G$74 -> 265.84 | AP14: ='10'!$G$75 -> 0 | AQ14: ='10'!$G$76 -> 98.5 | AR14: ='10'!$G$77 -> 42 | AS14: ='10'!$G$78 -> 0 | AT14: =AN14-SUM(AO14:AS14) -> 593.66 | AU14: =SUM('10'!G91:G92) -> 9.83 | AV14: ='10'!$G$88 -> 0 | AW14: ='10'!$G$89 -> 9.69 | AX14: ='10'!$G$90 -> 10.9 | AY14: =SUM(AV14:AX14) -> 20.59 | AZ14: =AO14/AU14 -> 27.043744 | BA14: =AT14/AY14 -> 28.832443 | BB14: =C14-SUM(F14:K14,Y14) -> 6850.53 | BC14: =BB14/B14% -> 26.147061
A15: 11 | B15: ='11'!G7 -> 26200 | C15: ='11'!G8 -> 26500 | D15: ='11'!G15 -> 1000 | E15: ='11'!G20 -> 221 | F15: =SUM('11'!G35,'11'!G49) -> 3790.72 | G15: =SUM('11'!G37,'11'!G51) -> 1487.46 | H15: =SUM('11'!G38,'11'!G52) -> 2304.16 | I15: =SUM('11'!G39,'11'!G53) -> 2848.8 | J15: =SUM('11'!G41,'11'!G42,'11'!G55,'11'!G56) -> 6949.27 | K15: =SUM('11'!G43,'11'!G57) -> 2943.32 | L15: ='11'!G50 -> 1058 | M15: ='11'!G36 -> 696.84 | N15: ='11'!G138 -> 109 | O15: ='11'!$G$139 -> 172 | P15: ='11'!$G$140 -> 216 | Q15: ='11'!$G$141 -> 191.32 | R15: ='11'!$G$142 -> 71.32 | S15: ='11'!$G$145 -> 0 | T15: ='11'!$G$146 -> 38 | U15: ='11'!$G$144 -> 254 | V15: ='11'!$G$147 -> 377.24 | W15: ='11'!$G$148 -> 258.72 | X15: ='11'!$G$143 -> 28.54 | Y15: ='11'!$G$58 -> 278.22 | Z15: ='11'!$G$151 -> 270 | AA15: ='11'!G161 -> 137.92 | AB15: ='11'!G162 -> 38.4 | AC15: ='11'!G88 -> 0 | AD15: ='11'!G163+'11'!G164 -> 153.6 | AE15: ='11'!$G$116 -> 386.67 | AF15: ='11'!$G$117 -> 213.84 | AG15: ='11'!$G$118 -> 631.74 | AH15: ='11'!$G$119 -> 225.19 | AI15: ='11'!$G$120 -> 427.15 | AJ15: ='11'!$G$121 -> 463.99 | AK15: ='11'!$G$122 -> 286.85 | AL15: ='11'!$G$123 -> 338.16 | AM15: ='11'!$G$133 -> 824 | AN15: ='11'!$G$15 -> 1000 | AO15: ='11'!$G$74 -> 270.44 | AP15: ='11'!$G$75 -> 0 | AQ15: ='11'!$G$76 -> 98 | AR15: ='11'!$G$77 -> 35 | AS15: ='11'!$G$78 -> 0 | AT15: =AN15-SUM(AO15:AS15) -> 596.56 | AU15: =SUM('11'!G91:G92) -> 9.7 | AV15: ='11'!$G$88 -> 0 | AW15: ='11'!$G$89 -> 9.43 | AX15: ='11'!$G$90 -> 10.22 | AY15: =SUM(AV15:AX15) -> 19.65 | AZ15: =AO15/AU15 -> 27.880412 | BA15: =AT15/AY15 -> 30.359288 | BB15: =C15-SUM(F15:K15,Y15) -> 5898.05 | BC15: =BB15/B15% -> 22.511641
A16: 12 | B16: ='12'!G7 -> 26200 | C16: ='12'!G8 -> 26500 | D16: ='12'!G15 -> 1000 | E16: ='12'!G20 -> 254 | F16: =SUM('12'!G35,'12'!G49) -> 3619.63 | G16: =SUM('12'!G37,'12'!G51) -> 1552.32 | H16: =SUM('12'!G38,'12'!G52) -> 2246.32 | I16: =SUM('12'!G39,'12'!G53) -> 2839.8 | J16: =SUM('12'!G41,'12'!G42,'12'!G55,'12'!G56) -> 6974.6 | K16: =SUM('12'!G43,'12'!G57) -> 3131.1 | L16: ='12'!G50 -> 1060.52 | M16: ='12'!G36 -> 704.22 | N16: ='12'!G138 -> 114 | O16: ='12'!$G$139 -> 154 | P16: ='12'!$G$140 -> 214 | Q16: ='12'!$G$141 -> 206.33 | R16: ='12'!$G$142 -> 74.05 | S16: ='12'!$G$145 -> 0 | T16: ='12'!$G$146 -> 37 | U16: ='12'!$G$144 -> 238 | V16: ='12'!$G$147 -> 377.92 | W16: ='12'!$G$148 -> 284.08 | X16: ='12'!$G$143 -> 22.48 | Y16: ='12'!$G$58 -> 273.27 | Z16: ='12'!$G$151 -> 257 | AA16: ='12'!G161 -> 66.68 | AB16: ='12'!G162 -> 39.5 | AC16: ='12'!G88 -> -0.05 | AD16: ='12'!G163+'12'!G164 -> 164.2 | AE16: ='12'!$G$116 -> 378.7 | AF16: ='12'!$G$117 -> 213.12 | AG16: ='12'!$G$118 -> 628.26 | AH16: ='12'!$G$119 -> 224.59 | AI16: ='12'!$G$120 -> 427.9 | AJ16: ='12'!$G$121 -> 438.04 | AK16: ='12'!$G$122 -> 306.04 | AL16: ='12'!$G$123 -> 293.52 | AM16: ='12'!$G$133 -> 785 | AN16: ='12'!$G$15 -> 1000 | AO16: ='12'!$G$74 -> 339.29 | AP16: ='12'!$G$75 -> 0 | AQ16: ='12'!$G$76 -> 88 | AR16: ='12'!$G$77 -> 41 | AS16: ='12'!$G$78 -> 0.4 | AT16: =AN16-SUM(AO16:AS16) -> 531.31 | AU16: =SUM('12'!G91:G92) -> 12.47 | AV16: ='12'!$G$88 -> -0.05 | AW16: ='12'!$G$89 -> 8.81 | AX16: ='12'!$G$90 -> 10.99 | AY16: =SUM(AV16:AX16) -> 19.75 | AZ16: =AO16/AU16 -> 27.2085 | BA16: =AT16/AY16 -> 26.901772 | BB16: =C16-SUM(F16:K16,Y16) -> 5862.96 | BC16: =BB16/B16% -> 22.37771
A17: 13 | B17: ='13'!G7 -> 26200 | C17: ='13'!G8 -> 26500 | D17: ='13'!G15 -> 1000 | E17: ='13'!G20 -> 170 | F17: =SUM('13'!G35,'13'!G49) -> 3392.04 | G17: =SUM('13'!G37,'13'!G51) -> 1540.14 | H17: =SUM('13'!G38,'13'!G52) -> 2289.24 | I17: =SUM('13'!G39,'13'!G53) -> 2983.36 | J17: =SUM('13'!G41,'13'!G42,'13'!G55,'13'!G56) -> 7606.62 | K17: =SUM('13'!G43,'13'!G57) -> 2999.54 | L17: ='13'!G50 -> 1455.08 | M17: ='13'!G36 -> 743.06 | N17: ='13'!G138 -> 84 | O17: ='13'!$G$139 -> 162 | P17: ='13'!$G$140 -> 90 | Q17: ='13'!$G$141 -> 205.35 | R17: ='13'!$G$142 -> 72.52 | S17: ='13'!$G$145 -> -2 | T17: ='13'!$G$146 -> 32 | U17: ='13'!$G$144 -> 285 | V17: ='13'!$G$147 -> 388.84 | W17: ='13'!$G$148 -> 255.52 | X17: ='13'!$G$143 -> 25.4 | Y17: ='13'!$G$58 -> 274.92 | Z17: ='13'!$G$151 -> 313 | AA17: ='13'!G161 -> 96.12 | AB17: ='13'!G162 -> 37.8 | AC17: ='13'!G88 -> 0.05 | AD17: ='13'!G163+'13'!G164 -> 165.7 | AE17: ='13'!$G$116 -> 411.12 | AF17: ='13'!$G$117 -> 282.41 | AG17: ='13'!$G$118 -> 641.85 | AH17: ='13'!$G$119 -> 227.86 | AI17: ='13'!$G$120 -> 452.04 | AJ17: ='13'!$G$121 -> 450 | AK17: ='13'!$G$122 -> 279.05 | AL17: ='13'!$G$123 -> 314.12 | AM17: ='13'!$G$133 -> 686.68 | AN17: ='13'!$G$15 -> 1000 | AO17: ='13'!$G$74 -> 375.91 | AP17: ='13'!$G$75 -> 0 | AQ17: ='13'!$G$76 -> 116.94 | AR17: ='13'!$G$77 -> 57.5 | AS17: ='13'!$G$78 -> -0.4 | AT17: =AN17-SUM(AO17:AS17) -> 450.05 | AU17: =SUM('13'!G91:G92) -> 13.42 | AV17: ='13'!$G$88 -> 0.05 | AW17: ='13'!$G$89 -> 9.58 | AX17: ='13'!$G$90 -> 10.41 | AY17: =SUM(AV17:AX17) -> 20.04 | AZ17: =AO17/AU17 -> 28.011177 | BA17: =AT17/AY17 -> 22.457585 | BB17: =C17-SUM(F17:K17,Y17) -> 5414.14 | BC17: =BB17/B17% -> 20.664656
A18: 14 | B18: ='14'!G7 -> 26200 | C18: ='14'!G8 -> 26500 | D18: ='14'!G15 -> 1000 | E18: ='14'!G20 -> 192 | F18: =SUM('14'!G35,'14'!G49) -> 3084.52 | G18: =SUM('14'!G37,'14'!G51) -> 1526.88 | H18: =SUM('14'!G38,'14'!G52) -> 2266.6 | I18: =SUM('14'!G39,'14'!G53) -> 2924.2 | J18: =SUM('14'!G41,'14'!G42,'14'!G55,'14'!G56) -> 7562.225 | K18: =SUM('14'!G43,'14'!G57) -> 3165 | L18: ='14'!G50 -> 1325.98 | M18: ='14'!G36 -> 881.9 | N18: ='14'!G138 -> 102 | O18: ='14'!$G$139 -> 171 | P18: ='14'!$G$140 -> 0 | Q18: ='14'!$G$141 -> 194.41 | R18: ='14'!$G$142 -> 75.2 | S18: ='14'!$G$145 -> 0 | T18: ='14'!$G$146 -> 36 | U18: ='14'!$G$144 -> 260 | V18: ='14'!$G$147 -> 417.8 | W18: ='14'!$G$148 -> 289.28 | X18: ='14'!$G$143 -> 22.66 | Y18: ='14'!$G$58 -> 265.71 | Z18: ='14'!$G$151 -> 305 | AA18: ='14'!G161 -> 52.08 | AB18: ='14'!G162 -> 45 | AC18: ='14'!G88 -> 0 | AD18: ='14'!G163+'14'!G164 -> 166.3 | AE18: ='14'!$G$116 -> 331.98 | AF18: ='14'!$G$117 -> 298.8 | AG18: ='14'!$G$118 -> 634.45 | AH18: ='14'!$G$119 -> 226.91 | AI18: ='14'!$G$120 -> 433.88 | AJ18: ='14'!$G$121 -> 438.13 | AK18: ='14'!$G$122 -> 276.38 | AL18: ='14'!$G$123 -> 316.94 | AM18: ='14'!$G$133 -> 607.56 | AN18: ='14'!$G$15 -> 1000 | AO18: ='14'!$G$74 -> 364.15 | AP18: ='14'!$G$75 -> 0 | AQ18: ='14'!$G$76 -> 116.06 | AR18: ='14'!$G$77 -> 50.5 | AS18: ='14'!$G$78 -> -1 | AT18: =AN18-SUM(AO18:AS18) -> 470.29 | AU18: =SUM('14'!G91:G92) -> 13.59 | AV18: ='14'!$G$88 -> 0 | AW18: ='14'!$G$89 -> 9.11 | AX18: ='14'!$G$90 -> 9.71 | AY18: =SUM(AV18:AX18) -> 18.82 | AZ18: =AO18/AU18 -> 26.795438 | BA18: =AT18/AY18 -> 24.988842 | BB18: =C18-SUM(F18:K18,Y18) -> 5704.865 | BC18: =BB18/B18% -> 21.774294
A19: 15 | B19: ='15'!G7 -> 26200 | C19: ='15'!G8 -> 26500 | D19: ='15'!G15 -> 1000 | E19: ='15'!G20 -> 243 | F19: =SUM('15'!G35,'15'!G49) -> 3477.09 | G19: =SUM('15'!G37,'15'!G51) -> 1566.4 | H19: =SUM('15'!G38,'15'!G52) -> 2416.64 | I19: =SUM('15'!G39,'15'!G53) -> 2885.72 | J19: =SUM('15'!G41,'15'!G42,'15'!G55,'15'!G56) -> 7325.475 | K19: =SUM('15'!G43,'15'!G57) -> 3004.88 | L19: ='15'!G50 -> 1019.7 | M19: ='15'!G36 -> 1122.92 | N19: ='15'!G138 -> 76 | O19: ='15'!$G$139 -> 150 | P19: ='15'!$G$140 -> 0 | Q19: ='15'!$G$141 -> 211.24 | R19: ='15'!$G$142 -> 76.05 | S19: ='15'!$G$145 -> 13.5 | T19: ='15'!$G$146 -> 41 | U19: ='15'!$G$144 -> 244 | V19: ='15'!$G$147 -> 419.2 | W19: ='15'!$G$148 -> 328.16 | X19: ='15'!$G$143 -> 29.91 | Y19: ='15'!$G$58 -> 296.64 | Z19: ='15'!$G$151 -> 280 | AA19: ='15'!G161 -> 23.4 | AB19: ='15'!G162 -> 48 | AC19: ='15'!G88 -> 1.59 | AD19: ='15'!G163+'15'!G164 -> 151.6 | AE19: ='15'!$G$116 -> 188.14 | AF19: ='15'!$G$117 -> 311.55 | AG19: ='15'!$G$118 -> 627.89 | AH19: ='15'!$G$119 -> 226.3 | AI19: ='15'!$G$120 -> 455.59 | AJ19: ='15'!$G$121 -> 452.87 | AK19: ='15'!$G$122 -> 273.3 | AL19: ='15'!$G$123 -> 317.175 | AM19: ='15'!$G$133 -> 337.78 | AN19: ='15'!$G$15 -> 1000 | AO19: ='15'!$G$74 -> 328.42 | AP19: ='15'!$G$75 -> 0 | AQ19: ='15'!$G$76 -> 114 | AR19: ='15'!$G$77 -> 51 | AS19: ='15'!$G$78 -> 1 | AT19: =AN19-SUM(AO19:AS19) -> 505.58 | AU19: =SUM('15'!G91:G92) -> 11.97 | AV19: ='15'!$G$88 -> 1.59 | AW19: ='15'!$G$89 -> 8.42 | AX19: ='15'!$G$90 -> 10.96 | AY19: =SUM(AV19:AX19) -> 20.97 | AZ19: =AO19/AU19 -> 27.436926 | BA19: =AT19/AY19 -> 24.10968 | BB19: =C19-SUM(F19:K19,Y19) -> 5527.155 | BC19: =BB19/B19% -> 21.096011
A20: 16 | B20: ='16'!G7 -> 26200 | C20: ='16'!G8 -> 26500 | D20: ='16'!G15 -> 1000 | E20: ='16'!G20 -> 272 | F20: =SUM('16'!G35,'16'!G49) -> 3597 | G20: =SUM('16'!G37,'16'!G51) -> 1601.58 | H20: =SUM('16'!G38,'16'!G52) -> 2437.48 | I20: =SUM('16'!G39,'16'!G53) -> 2960.68 | J20: =SUM('16'!G41,'16'!G42,'16'!G55,'16'!G56) -> 7993.48 | K20: =SUM('16'!G43,'16'!G57) -> 3083.66 | L20: ='16'!G50 -> 1357.71 | M20: ='16'!G36 -> 901.56 | N20: ='16'!G138 -> 105 | O20: ='16'!$G$139 -> 166 | P20: ='16'!$G$140 -> 29.37 | Q20: ='16'!$G$141 -> 210 | R20: ='16'!$G$142 -> 81.12 | S20: ='16'!$G$145 -> 9.09 | T20: ='16'!$G$146 -> 40 | U20: ='16'!$G$144 -> 236 | V20: ='16'!$G$147 -> 399.76 | W20: ='16'!$G$148 -> 333.04 | X20: ='16'!$G$143 -> 31.13 | Y20: ='16'!$G$58 -> 282.8 | Z20: ='16'!$G$151 -> 301 | AA20: ='16'!G161 -> 35.96 | AB20: ='16'!G162 -> 31 | AC20: ='16'!G88 -> 1.95 | AD20: ='16'!G163+'16'!G164 -> 153.9 | AE20: ='16'!$G$116 -> 272.07 | AF20: ='16'!$G$117 -> 301.03 | AG20: ='16'!$G$118 -> 646.24 | AH20: ='16'!$G$119 -> 233.7 | AI20: ='16'!$G$120 -> 470.68 | AJ20: ='16'!$G$121 -> 459.2 | AK20: ='16'!$G$122 -> 257.6 | AL20: ='16'!$G$123 -> 326.805 | AM20: ='16'!$G$133 -> -0.69 | AN20: ='16'!$G$15 -> 1000 | AO20: ='16'!$G$74 -> 309.15 | AP20: ='16'!$G$75 -> 0 | AQ20: ='16'!$G$76 -> 104 | AR20: ='16'!$G$77 -> 57 | AS20: ='16'!$G$78 -> 0 | AT20: =AN20-SUM(AO20:AS20) -> 529.85 | AU20: =SUM('16'!G91:G92) -> 11.32 | AV20: ='16'!$G$88 -> 1.95 | AW20: ='16'!$G$89 -> 8.62 | AX20: ='16'!$G$90 -> 10.65 | AY20: =SUM(AV20:AX20) -> 21.22 | AZ20: =AO20/AU20 -> 27.310071 | BA20: =AT20/AY20 -> 24.969369 | BB20: =C20-SUM(F20:K20,Y20) -> 4543.32 | BC20: =BB20/B20% -> 17.340916
A21: 17 | B21: ='17'!G7 -> 26200 | C21: ='17'!G8 -> 26500 | D21: ='17'!G15 -> 1000 | E21: ='17'!G20 -> 320 | F21: =SUM('17'!G35,'17'!G49) -> 3485.33 | G21: =SUM('17'!G37,'17'!G51) -> 1544.6 | H21: =SUM('17'!G38,'17'!G52) -> 2458.88 | I21: =SUM('17'!G39,'17'!G53) -> 2887.64 | J21: =SUM('17'!G41,'17'!G42,'17'!G55,'17'!G56) -> 7072.22 | K21: =SUM('17'!G43,'17'!G57) -> 2989.2 | L21: ='17'!G50 -> 1077.65 | M21: ='17'!G36 -> 765.32 | N21: ='18 '!G138 -> 136 | O21: ='17'!$G$139 -> 153 | P21: ='17'!$G$140 -> 15.2 | Q21: ='17'!$G$141 -> 219 | R21: ='17'!$G$142 -> 81.9 | S21: ='17'!$G$145 -> 8.11 | T21: ='17'!$G$146 -> 50 | U21: ='17'!$G$144 -> 245 | V21: ='17'!$G$147 -> 415.84 | W21: ='17'!$G$148 -> 310.08 | X21: ='17'!$G$143 -> 30.02 | Y21: ='17'!$G$58 -> 270.76 | Z21: ='17'!$G$151 -> 296 | AA21: ='17'!G161 -> 38.88 | AB21: ='17'!G162 -> 26.2 | AC21: ='17'!G88 -> 0.01 | AD21: ='17'!G163+'17'!G164 -> 162.2 | AE21: ='17'!$G$116 -> 322.1 | AF21: ='17'!$G$117 -> 248.2 | AG21: ='17'!$G$118 -> 637.41 | AH21: ='17'!$G$119 -> 232 | AI21: ='17'!$G$120 -> 434.72 | AJ21: ='17'!$G$121 -> 435.2 | AK21: ='17'!$G$122 -> 276.2 | AL21: ='17'!$G$123 -> 324.54 | AM21: ='17'!$G$133 -> -0.31 | AN21: ='17'!$G$15 -> 1000 | AO21: ='17'!$G$74 -> 335.58 | AP21: ='17'!$G$75 -> 0 | AQ21: ='17'!$G$76 -> 114 | AR21: ='17'!$G$77 -> 59.3 | AS21: ='17'!$G$78 -> 0 | AT21: =AN21-SUM(AO21:AS21) -> 491.12 | AU21: =SUM('17'!G91:G92) -> 12.32 | AV21: ='17'!$G$88 -> 0.01 | AW21: ='17'!$G$89 -> 9.44 | AX21: ='17'!$G$90 -> 9.836 | AY21: =SUM(AV21:AX21) -> 19.286 | AZ21: =AO21/AU21 -> 27.238636 | BA21: =AT21/AY21 -> 25.465104 | BB21: =C21-SUM(F21:K21,Y21) -> 5791.37 | BC21: =BB21/B21% -> 22.104466
A22: 18 | B22: ='18 '!G7 -> 25260.9 | C22: ='18 '!G8 -> 26500 | D22: ='18 '!G15 -> 1000 | E22: ='18 '!G20 -> 274 | F22: =SUM('18 '!G35,'18 '!G49) -> 3521.96 | G22: =SUM('18 '!G37,'18 '!G51) -> 1599.06 | H22: =SUM('18 '!G38,'18 '!G52) -> 2493.71 | I22: =SUM('18 '!G39,'18 '!G53) -> 2965.04 | J22: =SUM('18 '!G41,'18 '!G42,'18 '!G55,'18 '!G56) -> 6799.23 | K22: =SUM('18 '!G43,'18 '!G57) -> 2881.88 | L22: ='18 '!G50 -> 1162.14 | M22: ='18 '!G36 -> 1106.68 | N22: ='18 '!G138 -> 136 | O22: ='18 '!$G$139 -> 149 | P22: ='18 '!$G$140 -> 16.01 | Q22: ='18 '!$G$141 -> 203.56 | R22: ='18 '!$G$142 -> 77.04 | S22: ='18 '!$G$145 -> 20.49 | T22: ='18 '!$G$146 -> 22 | U22: ='18 '!$G$144 -> 230 | V22: ='18 '!$G$147 -> 415.2 | W22: ='18 '!$G$148 -> 276.32 | X22: ='18 '!$G$143 -> 28.6 | Y22: ='18 '!$G$58 -> 280.05 | Z22: ='18 '!$G$151 -> 303 | AA22: ='18 '!G161 -> 37.44 | AB22: ='18 '!G162 -> 39.8 | AC22: ='18 '!G88 -> 0.04 | AD22: ='18 '!G163+'18 '!G164 -> 186.2 | AE22: ='18 '!$G$116 -> 300.9 | AF22: ='18 '!$G$117 -> 245.89 | AG22: ='18 '!$G$118 -> 755.7 | AH22: ='18 '!$G$119 -> 236.233 | AI22: ='18 '!$G$120 -> 448.2 | AJ22: ='18 '!$G$121 -> 450.5 | AK22: ='18 '!$G$122 -> 298.54 | AL22: ='18 '!$G$123 -> 328 | AM22: ='18 '!$G$133 -> 0 | AN22: ='18 '!$G$15 -> 1000 | AO22: ='18 '!$G$74 -> 352.71 | AP22: ='18 '!$G$75 -> 0 | AQ22: ='18 '!$G$76 -> 85.41 | AR22: ='18 '!$G$77 -> 54.3 | AS22: ='18 '!$G$78 -> 0 | AT22: =AN22-SUM(AO22:AS22) -> 507.58 | AU22: =SUM('18 '!G91:G92) -> 12.92 | AV22: ='18 '!$G$88 -> 0.04 | AW22: ='18 '!$G$89 -> 8.93 | AX22: ='18 '!$G$90 -> 12.624 | AY22: =SUM(AV22:AX22) -> 21.594 | AZ22: =AO22/AU22 -> 27.299536 | BA22: =AT22/AY22 -> 23.505603 | BB22: =C22-SUM(F22:K22,Y22) -> 5959.07 | BC22: =BB22/B22% -> 23.590094
A23: 19 | B23: ='19'!G7 -> 26200 | C23: ='19'!G8 -> 26500 | D23: ='19'!G15 -> 1000 | E23: ='19'!G20 -> 226 | F23: =SUM('19'!G35,'19'!G49) -> 3706.03 | G23: =SUM('19'!G37,'19'!G51) -> 1536.12 | H23: =SUM('19'!G38,'19'!G52) -> 2304.21 | I23: =SUM('19'!G39,'19'!G53) -> 2902.76 | J23: =SUM('19'!G41,'19'!G42,'19'!G55,'19'!G56) -> 8734.11 | K23: =SUM('19'!G43,'19'!G57) -> 3069.38 | L23: ='19'!G50 -> 1786.38 | M23: ='19'!G36 -> 1238.16 | N23: ='19'!G138 -> 131 | O23: ='19'!$G$139 -> 146 | P23: ='19'!$G$140 -> 15.17 | Q23: ='19'!$G$141 -> 194.64 | R23: ='19'!G142 -> 34.9 | S23: ='19'!$G$145 -> 15.79 | T23: ='19'!$G$146 -> 30 | U23: ='19'!$G$144 -> 238 | V23: ='19'!$G$147 -> 417.84 | W23: ='19'!$G$148 -> 291.12 | X23: ='19'!$G$143 -> 32.22 | Y23: ='19'!$G$58 -> 290.87 | Z23: ='19'!$G$151 -> 276 | AA23: ='19'!G161 -> 60.92 | AB23: ='19'!G162 -> 37.1 | AC23: ='19'!G88 -> 0 | AD23: ='19'!G163+'19'!G164 -> 161.8 | AE23: ='19'!$G$116 -> 299.2 | AF23: ='19'!$G$117 -> 278.69 | AG23: ='19'!$G$118 -> 537.7 | AH23: ='19'!$G$119 -> 217.957 | AI23: ='19'!$G$120 -> 404.59 | AJ23: ='19'!$G$121 -> 397.59 | AK23: ='19'!$G$122 -> 283.76 | AL23: ='19'!$G$123 -> 312.42 | AM23: ='19'!$G$133 -> 0 | AN23: ='19'!$G$15 -> 1000 | AO23: ='19'!$G$74 -> 343.56 | AP23: ='19'!$G$75 -> 0 | AQ23: ='19'!$G$76 -> 96.99 | AR23: ='19'!$G$77 -> 42.3 | AS23: ='19'!$G$78 -> 0 | AT23: =AN23-SUM(AO23:AS23) -> 517.15 | AU23: =SUM('19'!G91:G92) -> 14.92 | AV23: ='19'!$G$88 -> 0 | AW23: ='19'!$G$89 -> 9.19 | AX23: ='19'!$G$90 -> 10.93 | AY23: =SUM(AV23:AX23) -> 20.12 | AZ23: =AO23/AU23 -> 23.02681 | BA23: =AT23/AY23 -> 25.70328 | BB23: =C23-SUM(F23:K23,Y23) -> 3956.52 | BC23: =BB23/B23% -> 15.101221
A24: 20 | B24: ='20'!G7 -> 26200 | C24: ='20'!G8 -> 26500 | D24: ='20'!G15 -> 1000 | E24: ='20'!G20 -> 273 | F24: =SUM('20'!G35,'20'!G49) -> 3725.81 | G24: =SUM('20'!G37,'20'!G51) -> 1550.51 | H24: =SUM('20'!G38,'20'!G52) -> 2246.61 | I24: =SUM('20'!G39,'20'!G53) -> 2951.89 | J24: =SUM('20'!G41,'20'!G42,'20'!G55,'20'!G56) -> 7199.17 | K24: =SUM('20'!G43,'20'!G57) -> 2990.23 | L24: ='20'!G50 -> 1834.83 | M24: ='20'!G36 -> 1180.63 | N24: ='20'!G138 -> 110 | O24: ='20'!$G$139 -> 177 | P24: ='20'!$G$140 -> 15.62 | Q24: ='20'!$G$141 -> 190.8 | R24: ='20'!$G$142 -> 92 | S24: ='20'!$G$145 -> 14.02 | T24: ='20'!$G$146 -> 37 | U24: ='20'!$G$144 -> 258 | V24: ='20'!$G$147 -> 414.36 | W24: ='20'!$G$148 -> 304 | X24: ='20'!$G$143 -> 28.58 | Y24: ='20'!$G$58 -> 288.53 | Z24: ='20'!$G$151 -> 281 | AA24: ='20'!G161 -> 103.36 | AB24: ='20'!G162 -> 39.9 | AC24: ='20'!G88 -> -0.47 | AD24: ='20'!G163+'20'!G164 -> 176.2 | AE24: ='20'!$G$116 -> 555 | AF24: ='20'!$G$117 -> 213.72 | AG24: ='20'!$G$118 -> 670.1 | AH24: ='20'!$G$119 -> 221.91 | AI24: ='20'!$G$120 -> 412.01 | AJ24: ='20'!$G$121 -> 419.51 | AK24: ='20'!$G$122 -> 285 | AL24: ='20'!$G$123 -> 321.08 | AM24: ='20'!$G$133 -> 0 | AN24: ='20'!$G$15 -> 1000 | AO24: ='20'!$G$74 -> 346.5 | AP24: ='20'!$G$75 -> 0 | AQ24: ='20'!$G$76 -> 114.6 | AR24: ='20'!$G$77 -> 48.1 | AS24: ='20'!$G$78 -> 0 | AT24: =AN24-SUM(AO24:AS24) -> 490.8 | AU24: =SUM('20'!G91:G92) -> 12.11 | AV24: ='20'!$G$88 -> -0.47 | AW24: ='20'!$G$89 -> 8.87 | AX24: ='20'!$G$90 -> 10.4 | AY24: =SUM(AV24:AX24) -> 18.8 | AZ24: =AO24/AU24 -> 28.612717 | BA24: =AT24/AY24 -> 26.106383 | BB24: =C24-SUM(F24:K24,Y24) -> 5547.25 | BC24: =BB24/B24% -> 21.17271
A25: 21 | B25: ='21'!G7 -> 26200 | C25: ='21'!G8 -> 26500 | D25: ='21'!G15 -> 1000 | E25: ='21'!G20 -> 220 | F25: =SUM('21'!G35,'21'!G49) -> 3627.95 | G25: =SUM('21'!G37,'21'!G51) -> 1563 | H25: =SUM('21'!G38,'21'!G52) -> 2209 | I25: =SUM('21'!G39,'21'!G53) -> 2860 | J25: =SUM('21'!G41,'21'!G42,'21'!G55,'21'!G56) -> 6568.78 | K25: =SUM('21'!G43,'21'!G57) -> 3140 | L25: ='21'!G50 -> 1434 | M25: ='21'!G36 -> 726 | N25: ='21'!G138 -> 91 | O25: ='21'!$G$139 -> 155 | P25: ='21'!$G$140 -> 16 | Q25: ='21'!$G$141 -> 187 | R25: ='21'!$G$142 -> 59 | S25: ='21'!$G$145 -> 21 | T25: ='21'!$G$146 -> 34 | U25: ='21'!$G$144 -> 245 | V25: ='21'!$G$147 -> 403 | W25: ='21'!$G$148 -> 273 | X25: ='21'!$G$143 -> 27 | Y25: ='21'!$G$58 -> 286 | Z25: ='21'!$G$151 -> 293 | AA25: ='21'!G161 -> 117 | AB25: ='21'!G162 -> 39 | AC25: ='21'!G88 -> 0 | AD25: ='21'!G163+'21'!G164 -> 147 | AE25: ='21'!$G$116 -> 345 | AF25: ='21'!$G$117 -> 206 | AG25: ='21'!$G$118 -> 645 | AH25: ='21'!$G$119 -> 216 | AI25: ='21'!$G$120 -> 410 | AJ25: ='21'!$G$121 -> 429 | AK25: ='21'!$G$122 -> 286 | AL25: ='21'!$G$123 -> 317 | AM25: ='21'!$G$133 -> 0.41 | AN25: ='21'!$G$15 -> 1000 | AO25: ='21'!$G$74 -> 337 | AP25: ='21'!$G$75 -> 0 | AQ25: ='21'!$G$76 -> 107 | AR25: ='21'!$G$77 -> 49 | AS25: ='21'!$G$78 -> 0 | AT25: =AN25-SUM(AO25:AS25) -> 507 | AU25: =SUM('21'!G91:G92) -> 11.1 | AV25: ='21'!$G$88 -> 0 | AW25: ='21'!$G$89 -> 9 | AX25: ='21'!$G$90 -> 10 | AY25: =SUM(AV25:AX25) -> 19 | AZ25: =AO25/AU25 -> 30.36036 | BA25: =AT25/AY25 -> 26.684211 | BB25: =C25-SUM(F25:K25,Y25) -> 6245.27 | BC25: =BB25/B25% -> 23.836908
A26: 22 | B26: ='22'!G7 -> 26200 | C26: ='22'!G8 -> 26500 | D26: ='22'!G15 -> 1000 | E26: ='22'!G20 -> 269 | F26: =SUM('22'!G35,'22'!G49) -> 3430 | G26: =SUM('22'!G37,'22'!G51) -> 1495 | H26: =SUM('22'!G38,'22'!G52) -> 2195 | I26: =SUM('22'!G39,'22'!G53) -> 2882 | J26: =SUM('22'!G41,'22'!G42,'22'!G55,'22'!G56) -> 6343 | K26: =SUM('22'!G43,'22'!G57) -> 2737.03 | L26: ='22'!G50 -> 1163 | M26: ='22'!G36 -> 787 | N26: ='22'!G138 -> 125 | O26: ='22'!$G$139 -> 151 | P26: ='22'!$G$140 -> 16 | Q26: ='22'!$G$141 -> 198 | R26: ='22'!$G$142 -> 67 | S26: ='22'!$G$145 -> 12 | T26: ='22'!$G$146 -> 34 | U26: ='22'!$G$144 -> 247 | V26: ='22'!$G$147 -> 394 | W26: ='22'!$G$148 -> 285 | X26: ='22'!$G$143 -> 33 | Y26: ='22'!$G$58 -> 288 | Z26: ='22'!$G$151 -> 301 | AA26: ='22'!G161 -> 131 | AB26: ='22'!G162 -> 40 | AC26: ='22'!G88 -> 0 | AD26: ='22'!G163+'22'!G164 -> 161 | AE26: ='22'!$G$116 -> 339 | AF26: ='22'!$G$117 -> 199 | AG26: ='22'!$G$118 -> 694 | AH26: ='22'!$G$119 -> 224 | AI26: ='22'!$G$120 -> 414 | AJ26: ='22'!$G$121 -> 437 | AK26: ='22'!$G$122 -> 296 | AL26: ='22'!$G$123 -> 312 | AM26: ='22'!$G$133 -> 0 | AN26: ='22'!$G$15 -> 1000 | AO26: ='22'!$G$74 -> 329 | AP26: ='22'!$G$75 -> 0 | AQ26: ='22'!$G$76 -> 125 | AR26: ='22'!$G$77 -> 51 | AS26: ='22'!$G$78 -> 0 | AT26: =AN26-SUM(AO26:AS26) -> 495 | AU26: =SUM('22'!G91:G92) -> 12 | AV26: ='22'!$G$88 -> 0 | AW26: ='22'!$G$89 -> 10 | AX26: ='22'!$G$90 -> 11 | AY26: =SUM(AV26:AX26) -> 21 | AZ26: =AO26/AU26 -> 27.416667 | BA26: =AT26/AY26 -> 23.571429 | BB26: =C26-SUM(F26:K26,Y26) -> 7129.97 | BC26: =BB26/B26% -> 27.213626
A27: 23 | B27: ='23'!G7 -> 26200 | C27: ='23'!G8 -> 26500 | D27: ='23'!G15 -> 1000 | E27: ='23'!G20 -> 231 | F27: =SUM('23'!G35,'23'!G49) -> 3520 | G27: =SUM('23'!G37,'23'!G51) -> 1496 | H27: =SUM('23'!G38,'23'!G52) -> 2289 | I27: =SUM('23'!G39,'23'!G53) -> 2934 | J27: =SUM('23'!G41,'23'!G42,'23'!G55,'23'!G56) -> 7155 | K27: =SUM('23'!G43,'23'!G57) -> 3141 | L27: ='23'!G50 -> 1332 | M27: ='23'!G36 -> 1016 | N27: ='23'!G138 -> 105 | O27: ='23'!G139 -> 144 | P27: ='23'!$G$140 -> 16 | Q27: ='23'!$G$141 -> 216 | R27: ='23'!$G$142 -> 72 | S27: ='23'!$G$145 -> 12 | T27: ='23'!$G$146 -> 34 | U27: ='23'!$G$144 -> 249 | V27: ='23'!$G$147 -> 357 | W27: ='23'!$G$148 -> 323 | X27: ='23'!$G$143 -> 27 | Y27: ='23'!$G$58 -> 261 | Z27: ='23'!$G$151 -> 315 | AA27: ='23'!$G$161 -> 70 | AB27: ='23'!G162 -> 31 | AC27: ='23'!G88 -> 0 | AD27: ='23'!G163+'23'!G164 -> 152 | AE27: ='23'!$G$116 -> 383 | AF27: ='23'!$G$117 -> 209 | AG27: ='23'!$G$118 -> 603 | AH27: ='23'!$G$119 -> 233 | AI27: ='23'!$G$120 -> 426 | AJ27: ='23'!$G$121 -> 441 | AK27: ='23'!$G$122 -> 281 | AL27: ='23'!$G$123 -> 319 | AM27: ='23'!$G$133 -> 0 | AN27: ='23'!$G$15 -> 1000 | AO27: ='23'!$G$74 -> 338 | AP27: ='23'!$G$75 -> 0 | AQ27: ='23'!$G$76 -> 99 | AR27: ='23'!$G$77 -> 76 | AS27: ='23'!$G$78 -> 0 | AT27: =AN27-SUM(AO27:AS27) -> 487 | AU27: =SUM('23'!G91:G92) -> 11 | AV27: ='23'!$G$88 -> 0 | AW27: ='23'!$G$89 -> 9 | AX27: ='23'!$G$90 -> 9.73 | AY27: =SUM(AV27:AX27) -> 18.73 | AZ27: =AO27/AU27 -> 30.727273 | BA27: =AT27/AY27 -> 26.001068 | BB27: =C27-SUM(F27:K27,Y27) -> 5704 | BC27: =BB27/B27% -> 21.770992
A28: 24 | B28: ='24'!G7 -> 26200 | C28: ='24'!G8 -> 26500 | D28: ='24'!G15 -> 1000 | E28: ='24'!G20 -> 197 | F28: =SUM('24'!G35,'24'!G49) -> 3778.35 | G28: =SUM('24'!G37,'24'!G51) -> 1122.57 | H28: =SUM('24'!G38,'24'!G52) -> 2180.31 | I28: =SUM('24'!G39,'24'!G53) -> 4036.58 | J28: =SUM('24'!G41,'24'!G42,'24'!G55,'24'!G56) -> 6692.94 | K28: =SUM('24'!G43,'24'!G57) -> 3087.11 | L28: ='24'!G50 -> 1774.13 | M28: ='24'!G36 -> 949.37 | N28: ='24'!G138 -> 139 | O28: ='24'!G139 -> 151 | P28: ='24'!$G$140 -> 14.22 | Q28: ='24'!$G$141 -> 211.93 | R28: ='24'!$G$142 -> 71.19 | S28: ='24'!$G$145 -> 7.39 | T28: ='24'!$G$146 -> 49 | U28: ='24'!$G$144 -> 244 | V28: ='24'!$G$147 -> 344 | W28: ='24'!$G$148 -> 405.48 | X28: ='24'!$G$143 -> 28.28 | Y28: ='24'!$G$58 -> 257.71 | Z28: ='24'!$G$151 -> 292 | AA28: ='24'!G161 -> 46.76 | AB28: ='24'!G162 -> 26.9 | AC28: ='24'!G88 -> 0 | AD28: ='24'!G163+'24'!G164 -> 156.2 | AE28: ='24'!$G$116 -> 344.31 | AF28: ='24'!$G$117 -> 277.35 | AG28: ='24'!$G$118 -> 634.29 | AH28: ='24'!$G$119 -> 238.14 | AI28: ='24'!$G$120 -> 411.54 | AJ28: ='24'!$G$121 -> 446.86 | AK28: ='24'!$G$122 -> 254.93 | AL28: ='24'!$G$123 -> 321.74 | AM28: ='24'!$G$133 -> -0.41 | AN28: ='24'!$G$15 -> 1000 | AO28: ='24'!$G$74 -> 331.49 | AP28: ='24'!$G$75 -> 0 | AQ28: ='24'!$G$76 -> 97 | AR28: ='24'!$G$77 -> 57.8 | AS28: ='24'!$G$78 -> 0 | AT28: =AN28-SUM(AO28:AS28) -> 513.71 | AU28: =SUM('24'!G91:G92) -> 11.68 | AV28: ='24'!$G$88 -> 0 | AW28: ='24'!$G$89 -> 8.64 | AX28: ='24'!$G$90 -> 9.54 | AY28: =SUM(AV28:AX28) -> 18.18 | AZ28: =AO28/AU28 -> 28.380993 | BA28: =AT28/AY28 -> 28.256876 | BB28: =C28-SUM(F28:K28,Y28) -> 5344.43 | BC28: =BB28/B28% -> 20.398588
