Workbook

Sheet TOTAL
A1: Site Name | B1: Day | C1: Month | D1: Year | E1: Total Electricity Kwh | F1: Electricity Tariff ($/Kwh) | G1: LPG (Kg) | H1: LPG $/Kg | I1: Water Utility Supply (m3) m3 | J1: Water Utility Supply (m3) $/m3 | K1: Room Nights
A2: Seychelles at Desroches Island | B2: 1 | C2: 8 | D2: 2022 | E2: =Submetering!E2+Submetering!F2+Submetering!G2+Submetering!H2+Submetering!J2-Submetering!AV2 -> 10900 | F2: 0.5876503 | G2: =(Submetering!AX2+Submetering!AY2+Submetering!AZ2+Submetering!BA2+Submetering!BB2) -> 10.989 | H2: 0.99 | I2: ='FS Desroches Daily'!CM4 -> 120.4 | J2: 10.487298 | K2: ='FS Desroches Daily'!CN4 -> 42
A3: Seychelles at Desroches Island | B3: 2 | C3: 8 | D3: 2022 | E3: =Submetering!E3+Submetering!F3+Submetering!G3+Submetering!H3+Submetering!J3-Submetering!AV3 -> 10500 | F3: =F2 -> 0.5876503 | G3: =(Submetering!AX3+Submetering!AY3+Submetering!AZ3+Submetering!BA3+Submetering!BB3) -> 18.315 | H3: =H2 -> 0.99 | I3: ='FS Desroches Daily'!CM5 -> 128 | J3: =J2 -> 10.487298 | K3: ='FS Desroches Daily'!CN5 -> 42
A4: Seychelles at Desroches Island | B4: 3 | C4: 8 | D4: 2022 | E4: =Submetering!E4+Submetering!F4+Submetering!G4+Submetering!H4+Submetering!J4-Submetering!AV4 -> 10900 | F4: =F3 -> 0.5876503 | G4: =(Submetering!AX4+Submetering!AY4+Submetering!AZ4+Submetering!BA4+Submetering!BB4) -> 27.4725 | H4: =H3 -> 0.99 | I4: ='FS Desroches Daily'!CM6 -> 121.9 | J4: =J3 -> 10.487298 | K4: ='FS Desroches Daily'!CN6 -> 42
A5: Seychelles at Desroches Island | B5: 4 | C5: 8 | D5: 2022 | E5: =Submetering!E5+Submetering!F5+Submetering!G5+Submetering!H5+Submetering!J5-Submetering!AV5 -> 10700 | F5: =F4 -> 0.5876503 | G5: =(Submetering!AX5+Submetering!AY5+Submetering!AZ5+Submetering!BA5+Submetering!BB5) -> 10.989 | H5: =H4 -> 0.99 | I5: ='FS Desroches Daily'!CM7 -> 122.3 | J5: =J4 -> 10.487298 | K5: ='FS Desroches Daily'!CN7 -> 42
A6: Seychelles at Desroches Island | B6: 5 | C6: 8 | D6: 2022 | E6: =Submetering!E6+Submetering!F6+Submetering!G6+Submetering!H6+Submetering!J6-Submetering!AV6 -> 10700 | F6: =F5 -> 0.5876503 | G6: =(Submetering!AX6+Submetering!AY6+Submetering!AZ6+Submetering!BA6+Submetering!BB6) -> 10.989 | H6: =H5 -> 0.99 | I6: ='FS Desroches Daily'!CM8 -> 126.9 | J6: =J5 -> 10.487298 | K6: ='FS Desroches Daily'!CN8 -> 46
A7: Seychelles at Desroches Island | B7: 6 | C7: 8 | D7: 2022 | E7: =Submetering!E7+Submetering!F7+Submetering!G7+Submetering!H7+Submetering!J7-Submetering!AV7 -> 11500 | F7: =F6 -> 0.5876503 | G7: =(Submetering!AX7+Submetering!AY7+Submetering!AZ7+Submetering!BA7+Submetering!BB7) -> 7.326 | H7: =H6 -> 0.99 | I7: ='FS Desroches Daily'!CM9 -> 131.5 | J7: =J6 -> 10.487298 | K7: ='FS Desroches Daily'!CN9 -> 54
A8: Seychelles at Desroches Island | B8: 7 | C8: 8 | D8: 2022 | E8: =Submetering!E8+Submetering!F8+Submetering!G8+Submetering!H8+Submetering!J8-Submetering!AV8 -> 11800 | F8: =F7 -> 0.5876503 | G8: =(Submetering!AX8+Submetering!AY8+Submetering!AZ8+Submetering!BA8+Submetering!BB8) -> 25.641 | H8: =H7 -> 0.99 | I8: ='FS Desroches Daily'!CM10 -> 127.2 | J8: =J7 -> 10.487298 | K8: ='FS Desroches Daily'!CN10 -> 54
A9: Seychelles at Desroches Island | B9: 8 | C9: 8 | D9: 2022 | E9: =Submetering!E9+Submetering!F9+Submetering!G9+Submetering!H9+Submetering!J9-Submetering!AV9 -> 11200 | F9: =F8 -> 0.5876503 | G9: =(Submetering!AX9+Submetering!AY9+Submetering!AZ9+Submetering!BA9+Submetering!BB9) -> 20.1465 | H9: =H8 -> 0.99 | I9: ='FS Desroches Daily'!CM11 -> 126.8 | J9: =J8 -> 10.487298 | K9: ='FS Desroches Daily'!CN11 -> 54
A10: Seychelles at Desroches Island | B10: 9 | C10: 8 | D10: 2022 | E10: =Submetering!E10+Submetering!F10+Submetering!G10+Submetering!H10+Submetering!J10-Submetering!AV10 -> 11300 | F10: =F9 -> 0.5876503 | G10: =(Submetering!AX10+Submetering!AY10+Submetering!AZ10+Submetering!BA10+Submetering!BB10) -> 21.978 | H10: =H9 -> 0.99 | I10: ='FS Desroches Daily'!CM12 -> 123 | J10: =J9 -> 10.487298 | K10: ='FS Desroches Daily'!CN12 -> 52
A11: Seychelles at Desroches Island | B11: 10 | C11: 8 | D11: 2022 | E11: =Submetering!E11+Submetering!F11+Submetering!G11+Submetering!H11+Submetering!J11-Submetering!AV11 -> 10100 | F11: =F10 -> 0.5876503 | G11: =(Submetering!AX11+Submetering!AY11+Submetering!AZ11+Submetering!BA11+Submetering!BB11) -> 18.315 | H11: =H10 -> 0.99 | I11: ='FS Desroches Daily'!CM13 -> 127 | J11: =J10 -> 10.487298 | K11: ='FS Desroches Daily'!CN13 -> 51
A12: Seychelles at Desroches Island | B12: 11 | C12: 8 | D12: 2022 | E12: =Submetering!E12+Submetering!F12+Submetering!G12+Submetering!H12+Submetering!J12-Submetering!AV12 -> 11100 | F12: =F11 -> 0.5876503 | G12: =(Submetering!AX12+Submetering!AY12+Submetering!AZ12+Submetering!BA12+Submetering!BB12) -> 14.652 | H12: =H11 -> 0.99 | I12: ='FS Desroches Daily'!CM14 -> 114 | J12: =J11 -> 10.487298 | K12: ='FS Desroches Daily'!CN14 -> 41
A13: Seychelles at Desroches Island | B13: 12 | C13: 8 | D13: 2022 | E13: =Submetering!E13+Submetering!F13+Submetering!G13+Submetering!H13+Submetering!J13-Submetering!AV13 -> 10800 | F13: =F12 -> 0.5876503 | G13: =(Submetering!AX13+Submetering!AY13+Submetering!AZ13+Submetering!BA13+Submetering!BB13) -> 16.4835 | H13: =H12 -> 0.99 | I13: ='FS Desroches Daily'!CM15 -> 126 | J13: =J12 -> 10.487298 | K13: ='FS Desroches Daily'!CN15 -> 42
A14: Seychelles at Desroches Island | B14: 13 | C14: 8 | D14: 2022 | E14: =Submetering!E14+Submetering!F14+Submetering!G14+Submetering!H14+Submetering!J14-Submetering!AV14 -> 11600 | F14: =F13 -> 0.5876503 | G14: =(Submetering!AX14+Submetering!AY14+Submetering!AZ14+Submetering!BA14+Submetering!BB14) -> 16.4835 | H14: =H13 -> 0.99 | I14: ='FS Desroches Daily'!CM16 -> 100 | J14: =J13 -> 10.487298 | K14: ='FS Desroches Daily'!CN16 -> 41
... A32: Seychelles at Desroches Island | B32: 31 | C32: 8 | D32: 2022 | E32: =Submetering!E32+Submetering!F32+Submetering!G32+Submetering!H32+Submetering!J32-Submetering!AV32 -> 0 | F32: =F31 -> 0.5876503 | G32: =(Submetering!AX32+Submetering!AY32+Submetering!AZ32+Submetering!BA32+Submetering!BB32) -> 0 | H32: =H31 -> 0.99 | I32: ='FS Desroches Daily'!CM34 -> 0 | J32: =J31 -> 10.487298 | K32: ='FS Desroches Daily'!CN34 -> 0
E33: =SUM(E2:E32) -> #VALUE! | G33: =SUM(G2:G32) -> 336.996 | I33: =SUM(I2:I32) -> #VALUE! | K33: =SUM(K2:K32) -> 940

Sheet Submetering
A1: Site Name | B1: Day | C1: Month | D1: Year | E1: TRF CQ6 -KWh | F1: TRF FQ7 -KWh | G1: MSB BOH Q8 -KWh | H1: EX MAIN Q3 -KWh | I1: TRF DQ2 -KWh | J1: TRF B Q1 -KWh | K1: CANCAN shop -KWh | L1: CANCAN store -KWh | M1: Laundry EQU P D.B -KWh | N1: Laundry lighting -KWh | O1: PANTRY 1 -KWh | P1: PANTRY 2 -KWh | Q1: SPA LIGHT HOUSE -KWh | R1: PANTRY 3 -KWh | S1: PANTRY 4 -KWh | T1: VMC -KWh | U1: VILLA 100/157 -KWh | V1: VILLA 101/158 -KWh | W1: VILLA 102/159 -KWh | X1: VILLA 103/160 -KWh | Y1: VILLA 104/161 -KWh | Z1: VILLA 105/162 -KWh | AA1: VILLA 106/163 -KWh | AB1: VILLA 107/164 -KWh | AC1: VILLA 108/165 -KWh | AD1: VILLA 109/166 -KWh | AE1: VILLA 110 -KWh | AF1: KUMAR&KUMAR -KWh | AG1: BLOCK 15 -KWh | AH1: BLOCK 16 -KWh | AI1: BLOCK 17 -KWh | AJ1: BLOCK 18 -KWh | AK1: BLOCK 19 -KWh | AL1: BLOCK 20 -KWh | AM1: BLOCK 21 -KWh | AN1: BLOCK 22 -KWh | AO1: BLOCK 23 -KWh | AP1: BLOCK 24 -KWh | AQ1: Exhaust Kitchen (Main) -KWh | AR1: Exhaust Kitchen (Breakfast) -KWh | AS1: Exhaust Lighthouse -KWh | AT1: Exhaust Canteen -KWh | AU1: Cold Store -KWh | AV1: RO Plant -KWh | AW1: Water (m3) | AX1: Main kitchen M1 (9598630) - Kg | AY1: Main kitchen M2 (9598611) -Kg | AZ1: Main kitchen M3 (9249533) -Kg | BA1: Lighthouse -Kg | BB1: Canteen -Kg | BC1: Room Nights
A2: Seychelles at Desroches Island | B2: 1 | C2: 8 | D2: 2022 | E2: ='FS Desroches Daily'!D4 -> 2200 | F2: ='FS Desroches Daily'!F4 -> 3100 | G2: ='FS Desroches Daily'!H4 -> 3600 | H2: ='FS Desroches Daily'!J4 -> 1400 | I2: ='FS Desroches Daily'!L4 -> 1900 | J2: ='FS Desroches Daily'!N4 -> 1500 | K2: ='FS Desroches Daily'!P4 -> 18 | L2: ='FS Desroches Daily'!R4 -> 0 | M2: ='FS Desroches Daily'!T4 -> 1.6 | N2: ='FS Desroches Daily'!V4 -> 519.4 | O2: ='FS Desroches Daily'!X4 -> 290 | P2: ='FS Desroches Daily'!Z4 -> 2700 | Q2: ='FS Desroches Daily'!AB4 -> 390 | R2: ='FS Desroches Daily'!AD4 -> 340 | S2: ='FS Desroches Daily'!AF4 -> 700 | T2: ='FS Desroches Daily'!AH4 -> 34 | U2: ='FS Desroches Daily'!AJ4 -> 560 | V2: ='FS Desroches Daily'!AL4 -> 240 | W2: ='FS Desroches Daily'!AN4 -> 120 | X2: ='FS Desroches Daily'!AP4 -> 180 | Y2: ='FS Desroches Daily'!AR4 -> 160 | Z2: ='FS Desroches Daily'!AT4 -> 130 | AA2: ='FS Desroches Daily'!AT4 -> 130 | AB2: ='FS Desroches Daily'!AV4 -> 90 | AC2: ='FS Desroches Daily'!AZ4 -> 160 | AD2: ='FS Desroches Daily'!BB4 -> 130 | AE2: ='FS Desroches Daily'!BD4 -> 20 | AF2: ='FS Desroches Daily'!BF4 -> 26 | AG2: ='FS Desroches Daily'!BH4 -> 30 | AH2: ='FS Desroches Daily'!BJ4 -> 40 | AI2: ='FS Desroches Daily'!BL4 -> 40 | AJ2: ='FS Desroches Daily'!BN4 -> 30 | AK2: ='FS Desroches Daily'!BP4 -> 30 | AL2: ='FS Desroches Daily'!BR4 -> 32 | AM2: ='FS Desroches Daily'!BT4 -> 40 | AN2: ='FS Desroches Daily'!BV4 -> 17 | AO2: ='FS Desroches Daily'!BX4 -> 40 | AP2: ='FS Desroches Daily'!BZ4 -> 34 | AQ2: ='FS Desroches Daily'!CB4 -> 57.4 | AR2: ='FS Desroches Daily'!CD4 -> 8.7 | AS2: ='FS Desroches Daily'!CF4 -> 1.4 | AT2: ='FS Desroches Daily'!CH4 -> 56.5 | AU2: ='FS Desroches Daily'!CJ4 -> 294 | AV2: ='FS Desroches Daily'!CL4 -> 900 | AW2: ='FS Desroches Daily'!CM4 -> 120.4 | AX2: =IF(LPG!F9-LPG!F8<0,"0",(LPG!F9-LPG!F8)*1.8315) -> 0 | AY2: =IF(LPG!H9-LPG!H8<0,"0",(LPG!H9-LPG!H8)*1.8315) -> 0 | AZ2: =IF(LPG!J9-LPG!J8<0,"0",(LPG!J9-LPG!J8)*1.8315) -> 5.4945 | BA2: =IF(LPG!M9-LPG!M8<0,"0",(LPG!M9-LPG!M8)*1.8315) -> 0 | BB2: =IF(LPG!Q9-LPG!Q8<0,"0",(LPG!Q9-LPG!Q8)*1.8315) -> 5.4945 | BC2: ='FS Desroches Daily'!CN4 -> 42
A3: Seychelles at Desroches Island | B3: 2 | C3: 8 | D3: 2022 | E3: ='FS Desroches Daily'!D5 -> 2100 | F3: ='FS Desroches Daily'!F5 -> 2900 | G3: ='FS Desroches Daily'!H5 -> 3300 | H3: ='FS Desroches Daily'!J5 -> 1500 | I3: ='FS Desroches Daily'!L5 -> 2000 | J3: ='FS Desroches Daily'!N5 -> 1500 | K3: ='FS Desroches Daily'!P5 -> 22 | L3: ='FS Desroches Daily'!R5 -> 4 | M3: ='FS Desroches Daily'!T5 -> 1.5 | N3: ='FS Desroches Daily'!V5 -> 433 | O3: ='FS Desroches Daily'!X6 -> 310 | P3: ='FS Desroches Daily'!Z5 -> 2800 | Q3: ='FS Desroches Daily'!AB5 -> 280 | R3: ='FS Desroches Daily'!AD5 -> 360 | S3: ='FS Desroches Daily'!AF5 -> 770 | T3: ='FS Desroches Daily'!AH5 -> 34 | U3: ='FS Desroches Daily'!AJ5 -> 570 | V3: ='FS Desroches Daily'!AL5 -> 210 | W3: ='FS Desroches Daily'!AN5 -> 140 | X3: ='FS Desroches Daily'!AP5 -> 190 | Y3: ='FS Desroches Daily'!AR5 -> 170 | Z3: ='FS Desroches Daily'!AT5 -> 160 | AA3: ='FS Desroches Daily'!AT5 -> 160 | AB3: ='FS Desroches Daily'!AV5 -> 110 | AC3: ='FS Desroches Daily'!AZ5 -> 190 | AD3: ='FS Desroches Daily'!BB5 -> 130 | AE3: ='FS Desroches Daily'!BD5 -> 40 | AF3: ='FS Desroches Daily'!BF5 -> 30 | AG3: ='FS Desroches Daily'!BH5 -> 30 | AH3: ='FS Desroches Daily'!BJ5 -> 20 | AI3: ='FS Desroches Daily'!BL5 -> 50 | AJ3: ='FS Desroches Daily'!BN5 -> 30 | AK3: ='FS Desroches Daily'!BP5 -> 40 | AL3: ='FS Desroches Daily'!BR5 -> 34 | AM3: ='FS Desroches Daily'!BT5 -> 30 | AN3: ='FS Desroches Daily'!BV5 -> 51 | AO3: ='FS Desroches Daily'!BX5 -> 30 | AP3: ='FS Desroches Daily'!BZ5 -> 39 | AQ3: ='FS Desroches Daily'!CB5 -> 52 | AR3: ='FS Desroches Daily'!CD5 -> 10.3 | AS3: ='FS Desroches Daily'!CF5 -> 7.3 | AT3: ='FS Desroches Daily'!CH5 -> 54.2 | AU3: ='FS Desroches Daily'!CJ5 -> 289 | AV3: ='FS Desroches Daily'!CL5 -> 800 | AW3: ='FS Desroches Daily'!CM5 -> 128 | AX3: =IF(LPG!F10-LPG!F9<0,"0",(LPG!F10-LPG!F9)*1.8315) -> 0 | AY3: =IF(LPG!H10-LPG!H9<0,"0",(LPG!H10-LPG!H9)*1.8315) -> 0 | AZ3: =IF(LPG!J10-LPG!J9<0,"0",(LPG!J10-LPG!J9)*1.8315) -> 5.4945 | BA3: =IF(LPG!M10-LPG!M9<0,"0",(LPG!M10-LPG!M9)*1.8315) -> 5.4945 | BB3: =IF(LPG!Q10-LPG!Q9<0,"0",(LPG!Q10-LPG!Q9)*1.8315) -> 7.326 | BC3: ='FS Desroches Daily'!CN5 -> 42
A4: Seychelles at Desroches Island | B4: 3 | C4: 8 | D4: 2022 | E4: ='FS Desroches Daily'!D6 -> 2200 | F4: ='FS Desroches Daily'!F6 -> 3000 | G4: ='FS Desroches Daily'!H6 -> 3500 | H4: ='FS Desroches Daily'!J6 -> 1400 | I4: ='FS Desroches Daily'!L6 -> 2000 | J4: ='FS Desroches Daily'!N6 -> 1700 | K4: ='FS Desroches Daily'!P6 -> 18 | L4: ='FS Desroches Daily'!R6 -> 2 | M4: ='FS Desroches Daily'!T6 -> 1.5 | N4: ='FS Desroches Daily'!V6 -> 354.2 | O4: ='FS Desroches Daily'!X7 -> 300 | P4: ='FS Desroches Daily'!Z6 -> 2600 | Q4: ='FS Desroches Daily'!AB6 -> 390 | R4: ='FS Desroches Daily'!AD6 -> 380 | S4: ='FS Desroches Daily'!AF6 -> 800 | T4: ='FS Desroches Daily'!AH6 -> 30 | U4: ='FS Desroches Daily'!AJ6 -> 550 | V4: ='FS Desroches Daily'!AL6 -> 190 | W4: ='FS Desroches Daily'!AN6 -> 170 | X4: ='FS Desroches Daily'!AP6 -> 170 | Y4: ='FS Desroches Daily'!AR6 -> 140 | Z4: ='FS Desroches Daily'!AT6 -> 160 | AA4: ='FS Desroches Daily'!AT6 -> 160 | AB4: ='FS Desroches Daily'!AV6 -> 110 | AC4: ='FS Desroches Daily'!AZ6 -> 160 | AD4: ='FS Desroches Daily'!BB6 -> 130 | AE4: ='FS Desroches Daily'!BD6 -> 40 | AF4: ='FS Desroches Daily'!BF6 -> 52 | AG4: ='FS Desroches Daily'!BH6 -> 30 | AH4: ='FS Desroches Daily'!BJ6 -> 30 | AI4: ='FS Desroches Daily'!BL6 -> 30 | AJ4: ='FS Desroches Daily'!BN6 -> 30 | AK4: ='FS Desroches Daily'!BP6 -> 30 | AL4: ='FS Desroches Daily'!BR6 -> 26 | AM4: ='FS Desroches Daily'!BT6 -> 40 | AN4: ='FS Desroches Daily'!BV6 -> 28 | AO4: ='FS Desroches Daily'!BX6 -> 30 | AP4: ='FS Desroches Daily'!BZ6 -> 31 | AQ4: ='FS Desroches Daily'!CB6 -> 63 | AR4: ='FS Desroches Daily'!CD6 -> 10.2 | AS4: ='FS Desroches Daily'!CF6 -> 1 | AT4: ='FS Desroches Daily'!CH6 -> 65 | AU4: ='FS Desroches Daily'!CJ6 -> 293 | AV4: ='FS Desroches Daily'!CL6 -> 900 | AW4: ='FS Desroches Daily'!CM6 -> 121.9 | AX4: =IF(LPG!F11-LPG!F10<0,"0",(LPG!F11-LPG!F10)*1.8315) -> 0 | AY4: =IF(LPG!H11-LPG!H10<0,"0",(LPG!H11-LPG!H10)*1.8315) -> 0 | AZ4: =IF(LPG!J13-LPG!J10<0,"0",(LPG!J13-LPG!J10)*1.8315) -> 21.978 | BA4: =IF(LPG!M11-LPG!M10<0,"0",(LPG!M11-LPG!M10)*1.8315) -> 0 | BB4: =IF(LPG!Q11-LPG!Q10<0,"0",(LPG!Q11-LPG!Q10)*1.8315) -> 5.4945 | BC4: ='FS Desroches Daily'!CN6 -> 42
A5: Seychelles at Desroches Island | B5: 4 | C5: 8 | D5: 2022 | E5: ='FS Desroches Daily'!D7 -> 2100 | F5: ='FS Desroches Daily'!F7 -> 3100 | G5: ='FS Desroches Daily'!H7 -> 3700 | H5: ='FS Desroches Daily'!J7 -> 1400 | I5: ='FS Desroches Daily'!L7 -> 2000 | J5: ='FS Desroches Daily'!N7 -> 1400 | K5: ='FS Desroches Daily'!P7 -> 24 | L5: ='FS Desroches Daily'!R7 -> 3 | M5: ='FS Desroches Daily'!T7 -> 1.6 | N5: ='FS Desroches Daily'!V7 -> 421.7 | O5: ='FS Desroches Daily'!X8 -> 310 | P5: ='FS Desroches Daily'!Z7 -> 2900 | Q5: ='FS Desroches Daily'!AB7 -> 230 | R5: ='FS Desroches Daily'!AD7 -> 280 | S5: ='FS Desroches Daily'!AF7 -> 820 | T5: ='FS Desroches Daily'!AH7 -> 29 | U5: ='FS Desroches Daily'!AJ7 -> 540 | V5: ='FS Desroches Daily'!AL7 -> 180 | W5: ='FS Desroches Daily'!AN7 -> 210 | X5: ='FS Desroches Daily'!AP7 -> 180 | Y5: ='FS Desroches Daily'!AR7 -> 140 | Z5: ='FS Desroches Daily'!AT7 -> 130 | AA5: ='FS Desroches Daily'!AT7 -> 130 | AB5: ='FS Desroches Daily'!AV7 -> 130 | AC5: ='FS Desroches Daily'!AZ7 -> 170 | AD5: ='FS Desroches Daily'!BB7 -> 140 | AE5: ='FS Desroches Daily'!BD7 -> 30 | AF5: ='FS Desroches Daily'!BF7 -> 28 | AG5: ='FS Desroches Daily'!BH7 -> 30 | AH5: ='FS Desroches Daily'!BJ7 -> 20 | AI5: ='FS Desroches Daily'!BL7 -> 50 | AJ5: ='FS Desroches Daily'!BN7 -> 30 | AK5: ='FS Desroches Daily'!BP7 -> 40 | AL5: ='FS Desroches Daily'!BR7 -> 27 | AM5: ='FS Desroches Daily'!BT7 -> 40 | AN5: ='FS Desroches Daily'!BV7 -> 30 | AO5: ='FS Desroches Daily'!BX7 -> 30 | AP5: ='FS Desroches Daily'!BZ7 -> 35 | AQ5: ='FS Desroches Daily'!CB7 -> 63.4 | AR5: ='FS Desroches Daily'!CD7 -> 10.4 | AS5: ='FS Desroches Daily'!CF7 -> 1 | AT5: ='FS Desroches Daily'!CH7 -> 58.3 | AU5: ='FS Desroches Daily'!CJ7 -> 280 | AV5: ='FS Desroches Daily'!CL7 -> 1000 | AW5: ='FS Desroches Daily'!CM7 -> 122.3 | AX5: =IF(LPG!F12-LPG!F11<0,"0",(LPG!F12-LPG!F11)*1.8315) -> 0 | AY5: =IF(LPG!H12-LPG!H11<0,"0",(LPG!H12-LPG!H11)*1.8315) -> 0 | AZ5: =IF(LPG!J12-LPG!J13<0,"0",(LPG!J12-LPG!J13)*1.8315) -> 0 | BA5: =IF(LPG!M12-LPG!M11<0,"0",(LPG!M12-LPG!M11)*1.8315) -> 5.4945 | BB5: =IF(LPG!Q12-LPG!Q11<0,"0",(LPG!Q12-LPG!Q11)*1.8315) -> 5.4945 | BC5: ='FS Desroches Daily'!CN7 -> 42
A6: Seychelles at Desroches Island | B6: 5 | C6: 8 | D6: 2022 | E6: ='FS Desroches Daily'!D8 -> 2100 | F6: ='FS Desroches Daily'!F8 -> 3000 | G6: ='FS Desroches Daily'!H8 -> 3500 | H6: ='FS Desroches Daily'!J8 -> 1400 | I6: ='FS Desroches Daily'!L8 -> 2000 | J6: ='FS Desroches Daily'!N8 -> 1700 | K6: ='FS Desroches Daily'!P8 -> 20 | L6: ='FS Desroches Daily'!R8 -> 2 | M6: ='FS Desroches Daily'!T8 -> 1.4 | N6: ='FS Desroches Daily'!V8 -> 386.3 | O6: ='FS Desroches Daily'!X8 -> 310 | P6: ='FS Desroches Daily'!Z8 -> 2600 | Q6: ='FS Desroches Daily'!AB8 -> 410 | R6: ='FS Desroches Daily'!AD8 -> 300 | S6: ='FS Desroches Daily'!AF8 -> 880 | T6: ='FS Desroches Daily'!AH8 -> 32 | U6: ='FS Desroches Daily'!AJ8 -> 520 | V6: ='FS Desroches Daily'!AL8 -> 180 | W6: ='FS Desroches Daily'!AN8 -> 150 | X6: ='FS Desroches Daily'!AP8 -> 190 | Y6: ='FS Desroches Daily'!AR8 -> 130 | Z6: ='FS Desroches Daily'!AT8 -> 130 | AA6: ='FS Desroches Daily'!AT8 -> 130 | AB6: ='FS Desroches Daily'!AV8 -> 120 | AC6: ='FS Desroches Daily'!AZ8 -> 150 | AD6: ='FS Desroches Daily'!BB8 -> 140 | AE6: ='FS Desroches Daily'!BD8 -> 30 | AF6: ='FS Desroches Daily'!BF8 -> 45 | AG6: ='FS Desroches Daily'!BH8 -> 30 | AH6: ='FS Desroches Daily'!BJ8 -> 30 | AI6: ='FS Desroches Daily'!BL8 -> 50 | AJ6: ='FS Desroches Daily'!BN8 -> 20 | AK6: ='FS Desroches Daily'!BP8 -> 30 | AL6: ='FS Desroches Daily'!BR8 -> 26 | AM6: ='FS Desroches Daily'!BT8 -> 30 | AN6: ='FS Desroches Daily'!BV8 -> 31 | AO6: ='FS Desroches Daily'!BX8 -> 30 | AP6: ='FS Desroches Daily'!BZ8 -> 34 | AQ6: ='FS Desroches Daily'!CB8 -> 56.5 | AR6: ='FS Desroches Daily'!CD8 -> 9.2 | AS6: ='FS Desroches Daily'!CF8 -> 7 | AT6: ='FS Desroches Daily'!CH8 -> 62.1 | AU6: ='FS Desroches Daily'!CJ8 -> 286 | AV6: ='FS Desroches Daily'!CL8 -> 1000 | AW6: ='FS Desroches Daily'!CM8 -> 126.9 | AX6: =IF(LPG!F13-LPG!F12<0,"0",(LPG!F13-LPG!F12)*1.8315) -> 0 | AY6: =IF(LPG!H13-LPG!H12<0,"0",(LPG!H13-LPG!H12)*1.8315) -> 0 | AZ6: 0 | BA6: =IF(LPG!M13-LPG!M12<0,"0",(LPG!M13-LPG!M12)*1.8315) -> 1.8315 | BB6: =IF(LPG!Q13-LPG!Q12<0,"0",(LPG!Q13-LPG!Q12)*1.8315) -> 9.1575 | BC6: ='FS Desroches Daily'!CN8 -> 46
A7: Seychelles at Desroches Island | B7: 6 | C7: 8 | D7: 2022 | E7: ='FS Desroches Daily'!D9 -> 2400 | F7: ='FS Desroches Daily'!F9 -> 3100 | G7: ='FS Desroches Daily'!H9 -> 3600 | H7: ='FS Desroches Daily'!J9 -> 1500 | I7: ='FS Desroches Daily'!L9 -> 2100 | J7: ='FS Desroches Daily'!N9 -> 1800 | K7: ='FS Desroches Daily'!P9 -> 21 | L7: ='FS Desroches Daily'!R9 -> 3 | M7: ='FS Desroches Daily'!T9 -> 1.6 | N7: ='FS Desroches Daily'!V9 -> 429.6 | O7: ='FS Desroches Daily'!X9 -> 330 | P7: ='FS Desroches Daily'!Z9 -> 3100 | Q7: ='FS Desroches Daily'!AB9 -> 390 | R7: ='FS Desroches Daily'!AD9 -> 360 | S7: ='FS Desroches Daily'!AF9 -> 970 | T7: ='FS Desroches Daily'!AH9 -> 38 | U7: ='FS Desroches Daily'!AJ9 -> 180 | V7: ='FS Desroches Daily'!AL9 -> 240 | W7: ='FS Desroches Daily'!AN9 -> 180 | X7: ='FS Desroches Daily'!AP9 -> 210 | Y7: ='FS Desroches Daily'!AR9 -> 190 | Z7: ='FS Desroches Daily'!AT9 -> 170 | AA7: ='FS Desroches Daily'!AT9 -> 170 | AB7: ='FS Desroches Daily'!AV9 -> 120 | AC7: ='FS Desroches Daily'!AZ9 -> 170 | AD7: ='FS Desroches Daily'!BB9 -> 170 | AE7: ='FS Desroches Daily'!BD9 -> 30 | AF7: ='FS Desroches Daily'!BF9 -> 24 | AG7: ='FS Desroches Daily'!BH9 -> 30 | AH7: ='FS Desroches Daily'!BJ9 -> 20 | AI7: ='FS Desroches Daily'!BL9 -> 50 | AJ7: ='FS Desroches Daily'!BN9 -> 30 | AK7: ='FS Desroches Daily'!BP9 -> 40 | AL7: ='FS Desroches Daily'!BR9 -> 29 | AM7: ='FS Desroches Daily'!BT9 -> 30 | AN7: ='FS Desroches Daily'!BV9 -> 29 | AO7: ='FS Desroches Daily'!BX9 -> 40 | AP7: ='FS Desroches Daily'!BZ9 -> 36 | AQ7: ='FS Desroches Daily'!CB9 -> 58.8 | AR7: ='FS Desroches Daily'!CD9 -> 14.2 | AS7: ='FS Desroches Daily'!CF9 -> 9.2 | AT7: ='FS Desroches Daily'!CH9 -> 56.4 | AU7: ='FS Desroches Daily'!CJ9 -> 276 | AV7: ='FS Desroches Daily'!CL9 -> 900 | AW7: ='FS Desroches Daily'!CM9 -> 131.5 | AX7: =IF(LPG!F14-LPG!F13<0,"0",(LPG!F14-LPG!F13)*1.8315) -> 0 | AY7: =IF(LPG!H14-LPG!H13<0,"0",(LPG!H14-LPG!H13)*1.8315) -> 0 | AZ7: 0 | BA7: =IF(LPG!M14-LPG!M13<0,"0",(LPG!M14-LPG!M13)*1.8315) -> 3.663 | BB7: =IF(LPG!Q14-LPG!Q13<0,"0",(LPG!Q14-LPG!Q13)*1.8315) -> 3.663 | BC7: ='FS Desroches Daily'!CN9 -> 54
A8: Seychelles at Desroches Island | B8: 7 | C8: 8 | D8: 2022 | E8: ='FS Desroches Daily'!D10 -> 2400 | F8: ='FS Desroches Daily'!F10 -> 3300 | G8: ='FS Desroches Daily'!H10 -> 3800 | H8: ='FS Desroches Daily'!J10 -> 1500 | I8: ='FS Desroches Daily'!L10 -> 1900 | J8: ='FS Desroches Daily'!N10 -> 1700 | K8: ='FS Desroches Daily'!P10 -> 18 | L8: ='FS Desroches Daily'!R10 -> 2 | M8: ='FS Desroches Daily'!T10 -> 2.1 | N8: ='FS Desroches Daily'!V10 -> 491.2 | O8: ='FS Desroches Daily'!X10 -> 240 | P8: ='FS Desroches Daily'!Z10 -> 2800 | Q8: ='FS Desroches Daily'!AB10 -> 350 | R8: ='FS Desroches Daily'!AD10 -> 370 | S8: ='FS Desroches Daily'!AF10 -> 830 | T8: ='FS Desroches Daily'!AH10 -> 33 | U8: ='FS Desroches Daily'!AJ10 -> 1230 | V8: ='FS Desroches Daily'!AL10 -> 160 | W8: ='FS Desroches Daily'!AN10 -> 140 | X8: ='FS Desroches Daily'!AP10 -> 120 | Y8: ='FS Desroches Daily'!AR10 -> 170 | Z8: ='FS Desroches Daily'!AT10 -> 180 | AA8: ='FS Desroches Daily'!AT10 -> 180 | AB8: ='FS Desroches Daily'!AV10 -> 120 | AC8: ='FS Desroches Daily'!AZ10 -> 180 | AD8: ='FS Desroches Daily'!BB10 -> 130 | AE8: ='FS Desroches Daily'!BD10 -> 30 | AF8: ='FS Desroches Daily'!BF10 -> 35 | AG8: ='FS Desroches Daily'!BH10 -> 40 | AH8: ='FS Desroches Daily'!BJ10 -> 30 | AI8: ='FS Desroches Daily'!BL10 -> 50 | AJ8: ='FS Desroches Daily'!BN10 -> 40 | AK8: ='FS Desroches Daily'!BP10 -> 30 | AL8: ='FS Desroches Daily'!BR10 -> 38 | AM8: ='FS Desroches Daily'!BT10 -> 40 | AN8: ='FS Desroches Daily'!BV10 -> 33 | AO8: ='FS Desroches Daily'!BX10 -> 40 | AP8: ='FS Desroches Daily'!BZ10 -> 44 | AQ8: ='FS Desroches Daily'!CB10 -> 53.8 | AR8: ='FS Desroches Daily'!CD10 -> 9.3 | AS8: ='FS Desroches Daily'!CF10 -> 3.8 | AT8: ='FS Desroches Daily'!CH10 -> 66.2 | AU8: ='FS Desroches Daily'!CJ10 -> 291 | AV8: ='FS Desroches Daily'!CL10 -> 900 | AW8: ='FS Desroches Daily'!CM10 -> 127.2 | AX8: =IF(LPG!F16-LPG!F14<0,"0",(LPG!F16-LPG!F14)*1.8315) -> 0 | AY8: =IF(LPG!H16-LPG!H14<0,"0",(LPG!H16-LPG!H14)*1.8315) -> 0 | AZ8: =IF(LPG!J16-LPG!J14<0,"0",(LPG!J16-LPG!J14)*1.8315) -> 12.8205 | BA8: =IF(LPG!M16-LPG!M14<0,"0",(LPG!M16-LPG!M14)*1.8315) -> 5.4945 | BB8: =IF(LPG!Q15-LPG!Q14<0,"0",(LPG!Q15-LPG!Q14)*1.8315) -> 7.326 | BC8: ='FS Desroches Daily'!CN10 -> 54
A9: Seychelles at Desroches Island | B9: 8 | C9: 8 | D9: 2022 | E9: ='FS Desroches Daily'!D11 -> 2200 | F9: ='FS Desroches Daily'!F11 -> 3100 | G9: ='FS Desroches Daily'!H11 -> 3600 | H9: ='FS Desroches Daily'!J11 -> 1500 | I9: ='FS Desroches Daily'!L11 -> 2000 | J9: ='FS Desroches Daily'!N11 -> 1600 | K9: ='FS Desroches Daily'!P11 -> 18 | L9: ='FS Desroches Daily'!R11 -> 1 | M9: ='FS Desroches Daily'!T11 -> 1.4 | N9: ='FS Desroches Daily'!V11 -> 543.9 | O9: ='FS Desroches Daily'!X11 -> 260 | P9: ='FS Desroches Daily'!Z11 -> 3200 | Q9: ='FS Desroches Daily'!AB11 -> 410 | R9: ='FS Desroches Daily'!AD11 -> 310 | S9: ='FS Desroches Daily'!AF11 -> 770 | T9: ='FS Desroches Daily'!AH11 -> 38 | U9: ='FS Desroches Daily'!AJ11 -> 710 | V9: ='FS Desroches Daily'!AL11 -> 190 | W9: ='FS Desroches Daily'!AN11 -> 150 | X9: ='FS Desroches Daily'!AP11 -> 130 | Y9: ='FS Desroches Daily'!AR11 -> 190 | Z9: ='FS Desroches Daily'!AT11 -> 180 | AA9: ='FS Desroches Daily'!AT11 -> 180 | AB9: ='FS Desroches Daily'!AV11 -> 130 | AC9: ='FS Desroches Daily'!AZ11 -> 170 | AD9: ='FS Desroches Daily'!BB11 -> 100 | AE9: ='FS Desroches Daily'!BD11 -> 20 | AF9: ='FS Desroches Daily'!BF11 -> 65 | AG9: ='FS Desroches Daily'!BH11 -> 20 | AH9: ='FS Desroches Daily'!BJ11 -> 30 | AI9: ='FS Desroches Daily'!BL11 -> 40 | AJ9: ='FS Desroches Daily'!BN11 -> 30 | AK9: ='FS Desroches Daily'!BP11 -> 20 | AL9: ='FS Desroches Daily'!BR11 -> 25 | AM9: ='FS Desroches Daily'!BT11 -> 30 | AN9: ='FS Desroches Daily'!BV11 -> 27 | AO9: ='FS Desroches Daily'!BX11 -> 30 | AP9: ='FS Desroches Daily'!BZ11 -> 36 | AQ9: ='FS Desroches Daily'!CB11 -> 65.6 | AR9: ='FS Desroches Daily'!CD11 -> 11.9 | AS9: ='FS Desroches Daily'!CF11 -> 8.3 | AT9: ='FS Desroches Daily'!CH11 -> 54.6 | AU9: ='FS Desroches Daily'!CJ11 -> 308 | AV9: ='FS Desroches Daily'!CL11 -> 800 | AW9: ='FS Desroches Daily'!CM11 -> 126.8 | AX9: =IF(LPG!F17-LPG!F15<0,"0",(LPG!F17-LPG!F15)*1.8315) -> 0 | AY9: =IF(LPG!H17-LPG!H15<0,"0",(LPG!H17-LPG!H15)*1.8315) -> 0 | AZ9: =IF(LPG!J17-LPG!J15<0,"0",(LPG!J17-LPG!J15)*1.8315) -> 9.1575 | BA9: =IF(LPG!M17-LPG!M15<0,"0",(LPG!M17-LPG!M15)*1.8315) -> 5.4945 | BB9: =IF(LPG!Q16-LPG!Q15<0,"0",(LPG!Q16-LPG!Q15)*1.8315) -> 5.4945 | BC9: ='FS Desroches Daily'!CN11 -> 54
A10: Seychelles at Desroches Island | B10: 9 | C10: 8 | D10: 2022 | E10: ='FS Desroches Daily'!D12 -> 2200 | F10: ='FS Desroches Daily'!F12 -> 3200 | G10: ='FS Desroches Daily'!H12 -> 3700 | H10: ='FS Desroches Daily'!J12 -> 1500 | I10: ='FS Desroches Daily'!L12 -> 2000 | J10: ='FS Desroches Daily'!N12 -> 1600 | K10: ='FS Desroches Daily'!P12 -> 26 | L10: ='FS Desroches Daily'!R12 -> 4 | M10: ='FS Desroches Daily'!T12 -> 1.6 | N10: ='FS Desroches Daily'!V12 -> 408.3 | O10: ='FS Desroches Daily'!X12 -> 230 | P10: ='FS Desroches Daily'!Z12 -> 2900 | Q10: ='FS Desroches Daily'!AB12 -> 400 | R10: ='FS Desroches Daily'!AD12 -> 320 | S10: ='FS Desroches Daily'!AF12 -> 740 | T10: ='FS Desroches Daily'!AH12 -> 32 | U10: ='FS Desroches Daily'!AJ12 -> 610 | V10: ='FS Desroches Daily'!AL12 -> 210 | W10: ='FS Desroches Daily'!AN12 -> 150 | X10: ='FS Desroches Daily'!AP12 -> 100 | Y10: ='FS Desroches Daily'!AR12 -> 140 | Z10: ='FS Desroches Daily'!AT12 -> 180 | AA10: ='FS Desroches Daily'!AT12 -> 180 | AB10: ='FS Desroches Daily'!AV12 -> 120 | AC10: ='FS Desroches Daily'!AZ12 -> 140 | AD10: ='FS Desroches Daily'!BB12 -> 110 | AE10: ='FS Desroches Daily'!BD12 -> 30 | AF10: ='FS Desroches Daily'!BF12 -> 38 | AG10: ='FS Desroches Daily'!BH12 -> 30 | AH10: ='FS Desroches Daily'!BJ12 -> 30 | AI10: ='FS Desroches Daily'!BL12 -> 50 | AJ10: ='FS Desroches Daily'!BN12 -> 30 | AK10: ='FS Desroches Daily'!BP12 -> 40 | AL10: ='FS Desroches Daily'!BR12 -> 34 | AM10: ='FS Desroches Daily'!BT12 -> 30 | AN10: ='FS Desroches Daily'!BV12 -> 34 | AO10: ='FS Desroches Daily'!BX12 -> 30 | AP10: ='FS Desroches Daily'!BZ12 -> 37 | AQ10: ='FS Desroches Daily'!CB12 -> 56.4 | AR10: ='FS Desroches Daily'!CD12 -> 9.1 | AS10: ='FS Desroches Daily'!CF12 -> 5.2 | AT10: ='FS Desroches Daily'!CH12 -> 58.9 | AU10: ='FS Desroches Daily'!CJ12 -> 278 | AV10: ='FS Desroches Daily'!CL12 -> 900 | AW10: ='FS Desroches Daily'!CM12 -> 123 | AX10: =IF(LPG!F18-LPG!F16<0,"0",(LPG!F18-LPG!F16)*1.8315) -> 0 | AY10: =IF(LPG!H18-LPG!H16<0,"0",(LPG!H18-LPG!H16)*1.8315) -> 0 | AZ10: =IF(LPG!J18-LPG!J16<0,"0",(LPG!J18-LPG!J16)*1.8315) -> 10.989 | BA10: =IF(LPG!M18-LPG!M16<0,"0",(LPG!M18-LPG!M16)*1.8315) -> 3.663 | BB10: =IF(LPG!Q17-LPG!Q16<0,"0",(LPG!Q17-LPG!Q16)*1.8315) -> 7.326 | BC10: ='FS Desroches Daily'!CN12 -> 52
A11: Seychelles at Desroches Island | B11: 10 | C11: 8 | D11: 2022 | E11: ='FS Desroches Daily'!D13 -> 2000 | F11: ='FS Desroches Daily'!F13 -> 2800 | G11: ='FS Desroches Daily'!H13 -> 3500 | H11: ='FS Desroches Daily'!J13 -> 1400 | I11: ='FS Desroches Daily'!L13 -> 2000 | J11: ='FS Desroches Daily'!N13 -> 1400 | K11: ='FS Desroches Daily'!P13 -> 19 | L11: ='FS Desroches Daily'!R13 -> 1 | M11: ='FS Desroches Daily'!T13 -> 1.5 | N11: ='FS Desroches Daily'!V13 -> 333 | O11: ='FS Desroches Daily'!X13 -> 250 | P11: ='FS Desroches Daily'!Z13 -> 2500 | Q11: ='FS Desroches Daily'!AB13 -> 380 | R11: ='FS Desroches Daily'!AD13 -> 280 | S11: ='FS Desroches Daily'!AF13 -> 730 | T11: ='FS Desroches Daily'!AH13 -> 28 | U11: ='FS Desroches Daily'!AJ13 -> 540 | V11: ='FS Desroches Daily'!AL13 -> 180 | W11: ='FS Desroches Daily'!AN13 -> 150 | X11: ='FS Desroches Daily'!AP13 -> 100 | Y11: ='FS Desroches Daily'!AR13 -> 130 | Z11: ='FS Desroches Daily'!AT13 -> 170 | AA11: ='FS Desroches Daily'!AT13 -> 170 | AB11: ='FS Desroches Daily'!AV13 -> 90 | AC11: ='FS Desroches Daily'!AZ13 -> 130 | AD11: ='FS Desroches Daily'!BB13 -> 90 | AE11: ='FS Desroches Daily'!BD13 -> 40 | AF11: ='FS Desroches Daily'!BF13 -> 43 | AG11: ='FS Desroches Daily'!BH13 -> 20 | AH11: ='FS Desroches Daily'!BJ13 -> 20 | AI11: ='FS Desroches Daily'!BL13 -> 40 | AJ11: ='FS Desroches Daily'!BN13 -> 30 | AK11: ='FS Desroches Daily'!BP13 -> 20 | AL11: ='FS Desroches Daily'!BR13 -> 27 | AM11: ='FS Desroches Daily'!BT13 -> 20 | AN11: ='FS Desroches Daily'!BV13 -> 32 | AO11: ='FS Desroches Daily'!BX13 -> 30 | AP11: ='FS Desroches Daily'!BZ13 -> 34 | AQ11: ='FS Desroches Daily'!CB13 -> 44.1 | AR11: ='FS Desroches Daily'!CD13 -> 8.2 | AS11: ='FS Desroches Daily'!CF13 -> 3.7 | AT11: ='FS Desroches Daily'!CH13 -> 45.4 | AU11: ='FS Desroches Daily'!CJ13 -> 288 | AV11: ='FS Desroches Daily'!CL13 -> 1000 | AW11: ='FS Desroches Daily'!CM13 -> 127 | AX11: =IF(LPG!F18-LPG!F17<0,"0",(LPG!F18-LPG!F17)*1.8315) -> 0 | AY11: =IF(LPG!H18-LPG!H17<0,"0",(LPG!H18-LPG!H17)*1.8315) -> 0 | AZ11: =IF(LPG!J18-LPG!J17<0,"0",(LPG!J18-LPG!J17)*1.8315) -> 7.326 | BA11: =IF(LPG!M19-LPG!M17<0,"0",(LPG!M19-LPG!M17)*1.8315) -> 0 | BB11: =IF(LPG!Q18-LPG!Q17<0,"0",(LPG!Q18-LPG!Q17)*1.8315) -> 10.989 | BC11: ='FS Desroches Daily'!CN13 -> 51
A12: Seychelles at Desroches Island | B12: 11 | C12: 8 | D12: 2022 | E12: ='FS Desroches Daily'!D14 -> 2100 | F12: ='FS Desroches Daily'!F14 -> 3300 | G12: ='FS Desroches Daily'!H14 -> 3800 | H12: ='FS Desroches Daily'!J14 -> 1400 | I12: ='FS Desroches Daily'!L14 -> 2000 | J12: ='FS Desroches Daily'!N14 -> 1400 | K12: ='FS Desroches Daily'!P14 -> 19 | L12: ='FS Desroches Daily'!R14 -> 2 | M12: ='FS Desroches Daily'!T14 -> 1.8 | N12: ='FS Desroches Daily'!V14 -> 439.6 | O12: ='FS Desroches Daily'!X14 -> 350 | P12: ='FS Desroches Daily'!Z14 -> 3100 | Q12: ='FS Desroches Daily'!AB14 -> 260 | R12: ='FS Desroches Daily'!AD14 -> 300 | S12: ='FS Desroches Daily'!AF14 -> 730 | T12: ='FS Desroches Daily'!AH14 -> 31 | U12: ='FS Desroches Daily'!AJ14 -> 630 | V12: ='FS Desroches Daily'!AL14 -> 210 | W12: ='FS Desroches Daily'!AN14 -> 180 | X12: ='FS Desroches Daily'!AP14 -> 130 | Y12: ='FS Desroches Daily'!AR14 -> 180 | Z12: ='FS Desroches Daily'!AT14 -> 190 | AA12: ='FS Desroches Daily'!AT14 -> 190 | AB12: ='FS Desroches Daily'!AV14 -> 90 | AC12: ='FS Desroches Daily'!AZ14 -> 110 | AD12: ='FS Desroches Daily'!BB14 -> 80 | AE12: ='FS Desroches Daily'!BD14 -> 40 | AF12: ='FS Desroches Daily'!BF14 -> 37 | AG12: ='FS Desroches Daily'!BH14 -> 30 | AH12: ='FS Desroches Daily'!BJ14 -> 30 | AI12: ='FS Desroches Daily'!BL14 -> 40 | AJ12: ='FS Desroches Daily'!BN14 -> 30 | AK12: ='FS Desroches Daily'!BP14 -> 40 | AL12: ='FS Desroches Daily'!BR14 -> 34 | AM12: ='FS Desroches Daily'!BT14 -> 30 | AN12: ='FS Desroches Daily'!BV14 -> 32 | AO12: ='FS Desroches Daily'!BX14 -> 30 | AP12: ='FS Desroches Daily'!BZ14 -> 38 | AQ12: ='FS Desroches Daily'!CB14 -> 60.3 | AR12: ='FS Desroches Daily'!CD14 -> 20.6 | AS12: ='FS Desroches Daily'!CF14 -> 3.4 | AT12: ='FS Desroches Daily'!CH14 -> 45.7 | AU12: ='FS Desroches Daily'!CJ14 -> 294 | AV12: ='FS Desroches Daily'!CL14 -> 900 | AW12: ='FS Desroches Daily'!CM14 -> 114 | AX12: =IF(LPG!F19-LPG!F18<0,"0",(LPG!F19-LPG!F18)*1.8315) -> 0 | AY12: =IF(LPG!H19-LPG!H18<0,"0",(LPG!H19-LPG!H18)*1.8315) -> 0 | AZ12: =IF(LPG!J19-LPG!J18<0,"0",(LPG!J19-LPG!J18)*1.8315) -> 5.4945 | BA12: =IF(LPG!M19-LPG!M18<0,"0",(LPG!M19-LPG!M18)*1.8315) -> 0 | BB12: =IF(LPG!Q20-LPG!Q18<0,"0",(LPG!Q20-LPG!Q18)*1.8315) -> 9.1575 | BC12: ='FS Desroches Daily'!CN14 -> 41
A13: Seychelles at Desroches Island | B13: 12 | C13: 8 | D13: 2022 | E13: ='FS Desroches Daily'!D15 -> 2100 | F13: ='FS Desroches Daily'!F15 -> 3200 | G13: ='FS Desroches Daily'!H15 -> 3500 | H13: ='FS Desroches Daily'!J15 -> 1500 | I13: ='FS Desroches Daily'!L15 -> 2000 | J13: ='FS Desroches Daily'!N15 -> 1500 | K13: ='FS Desroches Daily'!P15 -> 30 | L13: ='FS Desroches Daily'!R15 -> 3 | M13: ='FS Desroches Daily'!T15 -> 1.3 | N13: ='FS Desroches Daily'!V15 -> 383.8 | O13: ='FS Desroches Daily'!X15 -> 290 | P13: ='FS Desroches Daily'!Z15 -> 1100 | Q13: ='FS Desroches Daily'!AB15 -> 400 | R13: ='FS Desroches Daily'!AD15 -> 320 | S13: ='FS Desroches Daily'!AF15 -> 710 | T13: ='FS Desroches Daily'!AH15 -> 34 | U13: ='FS Desroches Daily'!AJ15 -> 650 | V13: ='FS Desroches Daily'!AL15 -> 190 | W13: ='FS Desroches Daily'!AN15 -> 180 | X13: ='FS Desroches Daily'!AP15 -> 110 | Y13: ='FS Desroches Daily'!AR15 -> 100 | Z13: ='FS Desroches Daily'!AT15 -> 180 | AA13: ='FS Desroches Daily'!AT15 -> 180 | AB13: ='FS Desroches Daily'!AV15 -> 110 | AC13: ='FS Desroches Daily'!AZ15 -> 90 | AD13: ='FS Desroches Daily'!BB15 -> 130 | AE13: ='FS Desroches Daily'!BD15 -> 20 | AF13: ='FS Desroches Daily'!BF15 -> 42 | AG13: ='FS Desroches Daily'!BH15 -> 20 | AH13: ='FS Desroches Daily'!BJ15 -> 30 | AI13: ='FS Desroches Daily'!BL15 -> 40 | AJ13: ='FS Desroches Daily'!BN15 -> 40 | AK13: ='FS Desroches Daily'!BP15 -> 30 | AL13: ='FS Desroches Daily'!BR15 -> 30 | AM13: ='FS Desroches Daily'!BT15 -> 30 | AN13: ='FS Desroches Daily'!BV15 -> 39 | AO13: ='FS Desroches Daily'!BX15 -> 40 | AP13: ='FS Desroches Daily'!BZ15 -> 39 | AQ13: ='FS Desroches Daily'!CB15 -> 46.8 | AR13: ='FS Desroches Daily'!CD15 -> 10 | AS13: ='FS Desroches Daily'!CF15 -> 4.3 | AT13: ='FS Desroches Daily'!CH15 -> 46.9 | AU13: ='FS Desroches Daily'!CJ15 -> 294 | AV13: ='FS Desroches Daily'!CL15 -> 1000 | AW13: ='FS Desroches Daily'!CM15 -> 126 | AX13: =IF(LPG!F20-LPG!F19<0,"0",(LPG!F20-LPG!F19)*1.8315) -> 0 | AY13: =IF(LPG!H20-LPG!H19<0,"0",(LPG!H20-LPG!H19)*1.8315) -> 0 | AZ13: =IF(LPG!J20-LPG!J19<0,"0",(LPG!J20-LPG!J19)*1.8315) -> 5.4945 | BA13: =IF(LPG!M20-LPG!M19<0,"0",(LPG!M20-LPG!M19)*1.8315) -> 5.4945 | BB13: =IF(LPG!Q20-LPG!Q19<0,"0",(LPG!Q20-LPG!Q19)*1.8315) -> 5.4945 | BC13: ='FS Desroches Daily'!CN15 -> 42
A14: Seychelles at Desroches Island | B14: 13 | C14: 8 | D14: 2022 | E14: ='FS Desroches Daily'!D16 -> 2600 | F14: ='FS Desroches Daily'!F16 -> 3300 | G14: ='FS Desroches Daily'!H16 -> 3500 | H14: ='FS Desroches Daily'!J16 -> 1500 | I14: ='FS Desroches Daily'!L16 -> 2300 | J14: ='FS Desroches Daily'!N16 -> 1600 | K14: ='FS Desroches Daily'!P16 -> 22 | L14: ='FS Desroches Daily'!R16 -> 6 | M14: ='FS Desroches Daily'!T16 -> 1.5 | N14: ='FS Desroches Daily'!V16 -> 392.8 | O14: ='FS Desroches Daily'!X16 -> 390 | P14: ='FS Desroches Daily'!Z16 -> 5000 | Q14: ='FS Desroches Daily'!AB16 -> 380 | R14: ='FS Desroches Daily'!AD16 -> 300 | S14: ='FS Desroches Daily'!AF16 -> 730 | T14: ='FS Desroches Daily'!AH16 -> 33 | U14: ='FS Desroches Daily'!AJ16 -> 780 | V14: ='FS Desroches Daily'!AL16 -> 210 | W14: ='FS Desroches Daily'!AN16 -> 180 | X14: ='FS Desroches Daily'!AP16 -> 140 | Y14: ='FS Desroches Daily'!AR16 -> 220 | Z14: ='FS Desroches Daily'!AT16 -> 240 | AA14: ='FS Desroches Daily'!AT16 -> 240 | AB14: ='FS Desroches Daily'!AV16 -> 170 | AC14: ='FS Desroches Daily'!AZ16 -> 150 | AD14: ='FS Desroches Daily'!BB16 -> 130 | AE14: ='FS Desroches Daily'!BD16 -> 20 | AF14: ='FS Desroches Daily'!BF16 -> 34 | AG14: ='FS Desroches Daily'!BH16 -> 30 | AH14: ='FS Desroches Daily'!BJ16 -> 20 | AI14: ='FS Desroches Daily'!BL16 -> 40 | AJ14: ='FS Desroches Daily'!BN16 -> 30 | AK14: ='FS Desroches Daily'!BP16 -> 40 | AL14: ='FS Desroches Daily'!BR16 -> 31 | AM14: ='FS Desroches Daily'!BT16 -> 30 | AN14: ='FS Desroches Daily'!BV16 -> 30 | AO14: ='FS Desroches Daily'!BX16 -> 30 | AP14: ='FS Desroches Daily'!BZ16 -> 39 | AQ14: ='FS Desroches Daily'!CB16 -> 56.8 | AR14: ='FS Desroches Daily'!CD16 -> 12.4 | AS14: ='FS Desroches Daily'!CF16 -> 2.2 | AT14: ='FS Desroches Daily'!CH16 -> 46.7 | AU14: ='FS Desroches Daily'!CJ16 -> 291 | AV14: ='FS Desroches Daily'!CL16 -> 900 | AW14: ='FS Desroches Daily'!CM16 -> 100 | AX14: =IF(LPG!F21-LPG!F20<0,"0",(LPG!F21-LPG!F20)*1.8315) -> 0 | AY14: =IF(LPG!H21-LPG!H20<0,"0",(LPG!H21-LPG!H20)*1.8315) -> 0 | AZ14: =IF(LPG!J21-LPG!J20<0,"0",(LPG!J21-LPG!J20)*1.8315) -> 5.4945 | BA14: =IF(LPG!M21-LPG!M20<0,"0",(LPG!M21-LPG!M20)*1.8315) -> 3.663 | BB14: =IF(LPG!Q21-LPG!Q20<0,"0",(LPG!Q21-LPG!Q20)*1.8315) -> 7.326 | BC14: ='FS Desroches Daily'!CN16 -> 41
A15: Seychelles at Desroches Island | B15: 14 | C15: 8 | D15: 2022 | E15: ='FS Desroches Daily'!D17 -> 2400 | F15: ='FS Desroches Daily'!F17 -> 3200 | G15: ='FS Desroches Daily'!H17 -> 3600 | H15: ='FS Desroches Daily'!J17 -> 1400 | I15: ='FS Desroches Daily'!L17 -> 2100 | J15: ='FS Desroches Daily'!N17 -> 1500 | K15: ='FS Desroches Daily'!P17 -> 23 | L15: ='FS Desroches Daily'!R17 -> 0 | M15: ='FS Desroches Daily'!T17 -> 1.4 | N15: ='FS Desroches Daily'!V17 -> 382.5 | O15: ='FS Desroches Daily'!X17 -> 260 | P15: ='FS Desroches Daily'!Z17 -> 2400 | Q15: ='FS Desroches Daily'!AB17 -> 360 | R15: ='FS Desroches Daily'!AD17 -> 280 | S15: ='FS Desroches Daily'!AF17 -> 750 | T15: ='FS Desroches Daily'!AH17 -> 30 | U15: ='FS Desroches Daily'!AJ17 -> 630 | V15: ='FS Desroches Daily'!AL17 -> 180 | W15: ='FS Desroches Daily'!AN17 -> 140 | X15: ='FS Desroches Daily'!AP17 -> 150 | Y15: ='FS Desroches Daily'!AR17 -> 200 | Z15: ='FS Desroches Daily'!AT17 -> 190 | AA15: ='FS Desroches Daily'!AT17 -> 190 | AB15: ='FS Desroches Daily'!AV17 -> 170 | AC15: ='FS Desroches Daily'!AZ17 -> 90 | AD15: ='FS Desroches Daily'!BB17 -> 120 | AE15: ='FS Desroches Daily'!BD17 -> 20 | AF15: ='FS Desroches Daily'!BF17 -> 29 | AG15: ='FS Desroches Daily'!BH17 -> 30 | AH15: ='FS Desroches Daily'!BJ17 -> 30 | AI15: ='FS Desroches Daily'!BL17 -> 30 | AJ15: ='FS Desroches Daily'!BN17 -> 40 | AK15: ='FS Desroches Daily'!BP17 -> 30 | AL15: ='FS Desroches Daily'!BR17 -> 28 | AM15: ='FS Desroches Daily'!BT17 -> 30 | AN15: ='FS Desroches Daily'!BV17 -> 35 | AO15: ='FS Desroches Daily'!BX17 -> 30 | AP15: ='FS Desroches Daily'!BZ17 -> 44 | AQ15: ='FS Desroches Daily'!CB17 -> 54.4 | AR15: ='FS Desroches Daily'!CD17 -> 7.4 | AS15: ='FS Desroches Daily'!CF17 -> 1.9 | AT15: ='FS Desroches Daily'!CH17 -> 42.8 | AU15: ='FS Desroches Daily'!CJ17 -> 296 | AV15: ='FS Desroches Daily'!CL17 -> 1100 | AW15: ='FS Desroches Daily'!CM17 -> 121.5 | AX15: =IF(LPG!F22-LPG!F21<0,"0",(LPG!F22-LPG!F21)*1.8315) -> 0 | AY15: =IF(LPG!H22-LPG!H21<0,"0",(LPG!H22-LPG!H21)*1.8315) -> 0 | AZ15: =IF(LPG!J22-LPG!J21<0,"0",(LPG!J22-LPG!J21)*1.8315) -> 9.1575 | BA15: =IF(LPG!M22-LPG!M21<0,"0",(LPG!M22-LPG!M21)*1.8315) -> 1.8315 | BB15: =IF(LPG!Q22-LPG!Q21<0,"0",(LPG!Q22-LPG!Q21)*1.8315) -> 7.326 | BC15: ='FS Desroches Daily'!CN17 -> 54
A16: Seychelles at Desroches Island | B16: 15 | C16: 8 | D16: 2022 | E16: ='FS Desroches Daily'!D18 -> 2300 | F16: ='FS Desroches Daily'!F18 -> 3000 | G16: ='FS Desroches Daily'!H18 -> 3000 | H16: ='FS Desroches Daily'!J18 -> 1500 | I16: ='FS Desroches Daily'!L18 -> 2100 | J16: ='FS Desroches Daily'!N18 -> 1500 | K16: ='FS Desroches Daily'!P18 -> 25 | L16: ='FS Desroches Daily'!R18 -> 3 | M16: ='FS Desroches Daily'!T18 -> 1.3 | N16: ='FS Desroches Daily'!V18 -> 360.2 | O16: ='FS Desroches Daily'!X18 -> 280 | P16: ='FS Desroches Daily'!Z18 -> 2800 | Q16: ='FS Desroches Daily'!AB18 -> 390 | R16: ='FS Desroches Daily'!AD18 -> 370 | S16: ='FS Desroches Daily'!AF18 -> 690 | T16: ='FS Desroches Daily'!AH18 -> 31 | U16: ='FS Desroches Daily'!AJ18 -> 670 | V16: ='FS Desroches Daily'!AL18 -> 180 | W16: ='FS Desroches Daily'!AN18 -> 150 | X16: ='FS Desroches Daily'!AP18 -> 160 | Y16: ='FS Desroches Daily'!AR18 -> 180 | Z16: ='FS Desroches Daily'!AT18 -> 210 | AA16: ='FS Desroches Daily'!AT18 -> 210 | AB16: ='FS Desroches Daily'!AV18 -> 170 | AC16: ='FS Desroches Daily'!AZ18 -> 170 | AD16: ='FS Desroches Daily'!BB18 -> 120 | AE16: ='FS Desroches Daily'!BD18 -> 40 | AF16: ='FS Desroches Daily'!BF18 -> 38 | AG16: ='FS Desroches Daily'!BH18 -> 30 | AH16: ='FS Desroches Daily'!BJ18 -> 30 | AI16: ='FS Desroches Daily'!BL18 -> 40 | AJ16: ='FS Desroches Daily'!BN18 -> 30 | AK16: ='FS Desroches Daily'!BP18 -> 40 | AL16: ='FS Desroches Daily'!BR18 -> 30 | AM16: ='FS Desroches Daily'!BT18 -> 40 | AN16: ='FS Desroches Daily'!BV18 -> 35 | AO16: ='FS Desroches Daily'!BX18 -> 40 | AP16: ='FS Desroches Daily'!BZ18 -> 42 | AQ16: ='FS Desroches Daily'!CB18 -> 56.9 | AR16: ='FS Desroches Daily'!CD18 -> 18.7 | AS16: ='FS Desroches Daily'!CF18 -> 3.6 | AT16: ='FS Desroches Daily'!CH18 -> 49.3 | AU16: ='FS Desroches Daily'!CJ18 -> 307 | AV16: ='FS Desroches Daily'!CL18 -> 700 | AW16: ='FS Desroches Daily'!CM18 -> 120.2 | AX16: =IF(LPG!F23-LPG!F22<0,"0",(LPG!F23-LPG!F22)*1.8315) -> 0 | AY16: =IF(LPG!H23-LPG!H22<0,"0",(LPG!H23-LPG!H22)*1.8315) -> 0 | AZ16: =IF(LPG!J23-LPG!J22<0,"0",(LPG!J23-LPG!J22)*1.8315) -> 5.4945 | BA16: =IF(LPG!M23-LPG!M22<0,"0",(LPG!M23-LPG!M22)*1.8315) -> 0 | BB16: =IF(LPG!Q23-LPG!Q22<0,"0",(LPG!Q23-LPG!Q22)*1.8315) -> 3.663 | BC16: ='FS Desroches Daily'!CN18 -> 32
A17: Seychelles at Desroches Island | B17: 16 | C17: 8 | D17: 2022 | E17: ='FS Desroches Daily'!D19 -> 2400 | F17: ='FS Desroches Daily'!F19 -> 3400 | G17: ='FS Desroches Daily'!H19 -> 3200 | H17: ='FS Desroches Daily'!J19 -> 1500 | I17: ='FS Desroches Daily'!L19 -> 2100 | J17: ='FS Desroches Daily'!N19 -> 1400 | K17: ='FS Desroches Daily'!P19 -> 24 | L17: ='FS Desroches Daily'!R19 -> 4 | M17: ='FS Desroches Daily'!T19 -> 1.4 | N17: ='FS Desroches Daily'!V19 -> 374.5 | O17: ='FS Desroches Daily'!X19 -> 290 | P17: ='FS Desroches Daily'!Z19 -> 3200 | Q17: ='FS Desroches Daily'!AB19 -> 250 | R17: ='FS Desroches Daily'!AD19 -> 310 | S17: ='FS Desroches Daily'!AF19 -> 740 | T17: ='FS Desroches Daily'!AH19 -> 34 | U17: ='FS Desroches Daily'!AJ19 -> 670 | V17: ='FS Desroches Daily'!AL19 -> 180 | W17: ='FS Desroches Daily'!AN19 -> 180 | X17: ='FS Desroches Daily'!AP19 -> 160 | Y17: ='FS Desroches Daily'!AR19 -> 150 | Z17: ='FS Desroches Daily'!AU20 -> 359.52 | AA17: ='FS Desroches Daily'!AU20 -> 359.52 | AB17: ='FS Desroches Daily'!AV19 -> 230 | AC17: ='FS Desroches Daily'!AZ19 -> 210 | AD17: ='FS Desroches Daily'!BB19 -> 110 | AE17: ='FS Desroches Daily'!BD19 -> 40 | AF17: ='FS Desroches Daily'!BF19 -> 44 | AG17: ='FS Desroches Daily'!BH19 -> 30 | AH17: ='FS Desroches Daily'!BJ19 -> 30 | AI17: ='FS Desroches Daily'!BL19 -> 40 | AJ17: ='FS Desroches Daily'!BN19 -> 30 | AK17: ='FS Desroches Daily'!BP19 -> 40 | AL17: ='FS Desroches Daily'!BR19 -> 34 | AM17: ='FS Desroches Daily'!BT19 -> 30 | AN17: ='FS Desroches Daily'!BV19 -> 37 | AO17: ='FS Desroches Daily'!BX19 -> 30 | AP17: ='FS Desroches Daily'!BZ19 -> 39 | AQ17: ='FS Desroches Daily'!CB19 -> 66 | AR17: ='FS Desroches Daily'!CD19 -> 10.6 | AS17: ='FS Desroches Daily'!CF19 -> 5.9 | AT17: ='FS Desroches Daily'!CH19 -> 47.3 | AU17: ='FS Desroches Daily'!CJ19 -> 294 | AV17: ='FS Desroches Daily'!CL19 -> 700 | AW17: ='FS Desroches Daily'!CM19 -> 125.6 | AX17: =IF(LPG!F24-LPG!F23<0,"0",(LPG!F24-LPG!F23)*1.8315) -> 0 | AY17: =IF(LPG!H24-LPG!H23<0,"0",(LPG!H24-LPG!H23)*1.8315) -> 0 | AZ17: =IF(LPG!J24-LPG!J23<0,"0",(LPG!J24-LPG!J23)*1.8315) -> 5.4945 | BA17: =IF(LPG!M24-LPG!M23<0,"0",(LPG!M24-LPG!M23)*1.8315) -> 3.663 | BB17: =IF(LPG!Q24-LPG!Q23<0,"0",(LPG!Q24-LPG!Q23)*1.8315) -> 7.326 | BC17: ='FS Desroches Daily'!CN19 -> 32
A18: Seychelles at Desroches Island | B18: 17 | C18: 8 | D18: 2022 | E18: ='FS Desroches Daily'!D20 -> 2500 | F18: ='FS Desroches Daily'!F20 -> 3000 | G18: ='FS Desroches Daily'!H20 -> 3600 | H18: ='FS Desroches Daily'!J20 -> 1600 | I18: ='FS Desroches Daily'!L20 -> 2100 | J18: ='FS Desroches Daily'!N20 -> 1500 | K18: ='FS Desroches Daily'!P20 -> 22 | L18: ='FS Desroches Daily'!R20 -> 2 | M18: ='FS Desroches Daily'!T20 -> 1.5 | N18: ='FS Desroches Daily'!V20 -> 423.9 | O18: ='FS Desroches Daily'!X20 -> 280 | P18: ='FS Desroches Daily'!Z20 -> 2700 | Q18: ='FS Desroches Daily'!AB20 -> 380 | R18: ='FS Desroches Daily'!AD20 -> 300 | S18: ='FS Desroches Daily'!AF20 -> 680 | T18: ='FS Desroches Daily'!AH20 -> 36 | U18: ='FS Desroches Daily'!AJ20 -> 720 | V18: ='FS Desroches Daily'!AL20 -> 200 | W18: ='FS Desroches Daily'!AN20 -> 170 | X18: ='FS Desroches Daily'!AP20 -> 160 | Y18: ='FS Desroches Daily'!AR20 -> 140 | Z18: ='FS Desroches Daily'!AT20 -> 250 | AA18: ='FS Desroches Daily'!AT20 -> 250 | AB18: ='FS Desroches Daily'!AV20 -> 240 | AC18: ='FS Desroches Daily'!AZ20 -> 160 | AD18: ='FS Desroches Daily'!BB20 -> 120 | AE18: ='FS Desroches Daily'!BD20 -> 20 | AF18: ='FS Desroches Daily'!BF20 -> 48 | AG18: ='FS Desroches Daily'!BH20 -> 30 | AH18: ='FS Desroches Daily'!BJ20 -> 30 | AI18: ='FS Desroches Daily'!BL20 -> 50 | AJ18: ='FS Desroches Daily'!BN20 -> 50 | AK18: ='FS Desroches Daily'!BP20 -> 40 | AL18: ='FS Desroches Daily'!BR20 -> 36 | AM18: ='FS Desroches Daily'!BT20 -> 40 | AN18: ='FS Desroches Daily'!BV20 -> 33 | AO18: ='FS Desroches Daily'!BX20 -> 30 | AP18: ='FS Desroches Daily'!BZ20 -> 41 | AQ18: ='FS Desroches Daily'!CB20 -> 58.5 | AR18: ='FS Desroches Daily'!CD20 -> 9.9 | AS18: ='FS Desroches Daily'!CF20 -> 0.9 | AT18: ='FS Desroches Daily'!CH20 -> 47.6 | AU18: ='FS Desroches Daily'!CJ20 -> 300 | AV18: ='FS Desroches Daily'!CL20 -> 800 | AW18: ='FS Desroches Daily'!CM20 -> 121 | AX18: =IF(LPG!F25-LPG!F24<0,"0",(LPG!F25-LPG!F24)*1.8315) -> 0 | AY18: =IF(LPG!H25-LPG!H24<0,"0",(LPG!H25-LPG!H24)*1.8315) -> 0 | AZ18: =IF(LPG!J25-LPG!J24<0,"0",(LPG!J25-LPG!J24)*1.8315) -> 7.326 | BA18: =IF(LPG!M25-LPG!M24<0,"0",(LPG!M25-LPG!M24)*1.8315) -> 0 | BB18: =IF(LPG!Q25-LPG!Q24<0,"0",(LPG!Q25-LPG!Q24)*1.8315) -> 5.4945 | BC18: ='FS Desroches Daily'!CN20 -> 32
A19: Seychelles at Desroches Island | B19: 18 | C19: 8 | D19: 2022 | E19: ='FS Desroches Daily'!D21 -> 2500 | F19: ='FS Desroches Daily'!F21 -> 3100 | G19: ='FS Desroches Daily'!H21 -> 3400 | H19: ='FS Desroches Daily'!J21 -> 1400 | I19: ='FS Desroches Daily'!L21 -> 1900 | J19: ='FS Desroches Daily'!N21 -> 1400 | K19: ='FS Desroches Daily'!P21 -> 25 | L19: ='FS Desroches Daily'!R21 -> 2 | M19: ='FS Desroches Daily'!T21 -> 1.3 | N19: ='FS Desroches Daily'!V21 -> 375.9 | O19: ='FS Desroches Daily'!X21 -> 280 | P19: ='FS Desroches Daily'!Z21 -> 2800 | Q19: ='FS Desroches Daily'!AB21 -> 240 | R19: ='FS Desroches Daily'!AD21 -> 310 | S19: ='FS Desroches Daily'!AF21 -> 780 | T19: ='FS Desroches Daily'!AH21 -> 37 | U19: ='FS Desroches Daily'!AJ21 -> 760 | V19: ='FS Desroches Daily'!AL21 -> 180 | W19: ='FS Desroches Daily'!AN21 -> 220 | X19: ='FS Desroches Daily'!AP21 -> 130 | Y19: ='FS Desroches Daily'!AR21 -> 130 | Z19: ='FS Desroches Daily'!AT21 -> 200 | AA19: ='FS Desroches Daily'!AT21 -> 200 | AB19: ='FS Desroches Daily'!AV21 -> 180 | AC19: ='FS Desroches Daily'!AZ21 -> 170 | AD19: ='FS Desroches Daily'!BB21 -> 100 | AE19: ='FS Desroches Daily'!BD21 -> 40 | AF19: ='FS Desroches Daily'!BF21 -> 37 | AG19: ='FS Desroches Daily'!BH21 -> 30 | AH19: ='FS Desroches Daily'!BJ21 -> 30 | AI19: ='FS Desroches Daily'!BL21 -> 50 | AJ19: ='FS Desroches Daily'!BN21 -> 30 | AK19: ='FS Desroches Daily'!BP21 -> 40 | AL19: ='FS Desroches Daily'!BR21 -> 32 | AM19: ='FS Desroches Daily'!BT21 -> 30 | AN19: ='FS Desroches Daily'!BV21 -> 31 | AO19: ='FS Desroches Daily'!BX21 -> 30 | AP19: ='FS Desroches Daily'!BZ21 -> 39 | AQ19: ='FS Desroches Daily'!CB21 -> 50.9 | AR19: ='FS Desroches Daily'!CD21 -> 8.6 | AS19: ='FS Desroches Daily'!CF21 -> 6.1 | AT19: ='FS Desroches Daily'!CH21 -> 49 | AU19: ='FS Desroches Daily'!CJ21 -> 276 | AV19: ='FS Desroches Daily'!CL21 -> 1000 | AW19: ='FS Desroches Daily'!CM21 -> 120.7 | AX19: =IF(LPG!F26-LPG!F25<0,"0",(LPG!F26-LPG!F25)*1.8315) -> 0 | AY19: =IF(LPG!H26-LPG!H25<0,"0",(LPG!H26-LPG!H25)*1.8315) -> 0 | AZ19: =IF(LPG!J26-LPG!J25<0,"0",(LPG!J26-LPG!J25)*1.8315) -> 5.4945 | BA19: =IF(LPG!M26-LPG!M25<0,"0",(LPG!M26-LPG!M25)*1.8315) -> 3.663 | BB19: =IF(LPG!Q26-LPG!Q25<0,"0",(LPG!Q26-LPG!Q25)*1.8315) -> 7.326 | BC19: ='FS Desroches Daily'!CN21 -> 32
A20: Seychelles at Desroches Island | B20: 19 | C20: 8 | D20: 2022 | E20: ='FS Desroches Daily'!D22 -> 2500 | F20: ='FS Desroches Daily'!F22 -> 2900 | G20: ='FS Desroches Daily'!H22 -> 3200 | H20: ='FS Desroches Daily'!J22 -> 1500 | I20: ='FS Desroches Daily'!L22 -> 2000 | J20: ='FS Desroches Daily'!N22 -> 1600 | K20: ='FS Desroches Daily'!P22 -> 20 | L20: ='FS Desroches Daily'!R22 -> 3 | M20: ='FS Desroches Daily'!T22 -> 1.1 | N20: ='FS Desroches Daily'!V22 -> 321.5 | O20: ='FS Desroches Daily'!X22 -> 290 | P20: ='FS Desroches Daily'!Z22 -> 2700 | Q20: ='FS Desroches Daily'!AB22 -> 390 | R20: ='FS Desroches Daily'!AD22 -> 320 | S20: ='FS Desroches Daily'!AF22 -> 760 | T20: ='FS Desroches Daily'!AH22 -> 33 | U20: ='FS Desroches Daily'!AJ22 -> 650 | V20: ='FS Desroches Daily'!AL22 -> 200 | W20: ='FS Desroches Daily'!AN22 -> 220 | X20: ='FS Desroches Daily'!AP22 -> 170 | Y20: ='FS Desroches Daily'!AR22 -> 130 | Z20: ='FS Desroches Daily'!AT22 -> 120 | AA20: ='FS Desroches Daily'!AT22 -> 120 | AB20: ='FS Desroches Daily'!AV22 -> 190 | AC20: ='FS Desroches Daily'!AZ22 -> 160 | AD20: ='FS Desroches Daily'!BB22 -> 120 | AE20: ='FS Desroches Daily'!BD22 -> 90 | AF20: ='FS Desroches Daily'!BF22 -> 58 | AG20: ='FS Desroches Daily'!BH22 -> 30 | AH20: ='FS Desroches Daily'!BJ22 -> 30 | AI20: ='FS Desroches Daily'!BL22 -> 30 | AJ20: ='FS Desroches Daily'!BN22 -> 30 | AK20: ='FS Desroches Daily'!BP22 -> 40 | AL20: ='FS Desroches Daily'!BR22 -> 29 | AM20: ='FS Desroches Daily'!BT22 -> 40 | AN20: ='FS Desroches Daily'!BV22 -> 36 | AO20: ='FS Desroches Daily'!BX22 -> 40 | AP20: ='FS Desroches Daily'!BZ22 -> 40 | AQ20: ='FS Desroches Daily'!CB22 -> 48.9 | AR20: ='FS Desroches Daily'!CD22 -> 8.5 | AS20: ='FS Desroches Daily'!CF22 -> 4.3 | AT20: ='FS Desroches Daily'!CH22 -> 51 | AU20: ='FS Desroches Daily'!CJ22 -> 281 | AV20: ='FS Desroches Daily'!CL22 -> 1000 | AW20: ='FS Desroches Daily'!CM22 -> 130.5 | AX20: =IF(LPG!F27-LPG!F26<0,"0",(LPG!F27-LPG!F26)*1.8315) -> 0 | AY20: =IF(LPG!H27-LPG!H26<0,"0",(LPG!H27-LPG!H26)*1.8315) -> 0 | AZ20: =IF(LPG!J27-LPG!J26<0,"0",(LPG!J27-LPG!J26)*1.8315) -> 5.4945 | BA20: =IF(LPG!M27-LPG!M26<0,"0",(LPG!M27-LPG!M26)*1.8315) -> 3.663 | BB20: =IF(LPG!Q27-LPG!Q26<0,"0",(LPG!Q27-LPG!Q26)*1.8315) -> 7.326 | BC20: ='FS Desroches Daily'!CN22 -> 33
A21: Seychelles at Desroches Island | B21: 20 | C21: 8 | D21: 2022 | E21: ='FS Desroches Daily'!D23 -> 2200 | F21: ='FS Desroches Daily'!F23 -> 3200 | G21: ='FS Desroches Daily'!H23 -> 3400 | H21: ='FS Desroches Daily'!J23 -> 1400 | I21: ='FS Desroches Daily'!L23 -> 2400 | J21: ='FS Desroches Daily'!N23 -> 1700 | K21: ='FS Desroches Daily'!P23 -> 12 | L21: ='FS Desroches Daily'!R23 -> 4 | M21: ='FS Desroches Daily'!T23 -> 1.5 | N21: ='FS Desroches Daily'!V23 -> 463.9 | O21: ='FS Desroches Daily'!X23 -> 330 | P21: ='FS Desroches Daily'!Z23 -> 3000 | Q21: ='FS Desroches Daily'!AB23 -> 380 | R21: ='FS Desroches Daily'!AD23 -> 320 | S21: ='FS Desroches Daily'!AF23 -> 890 | T21: ='FS Desroches Daily'!AH23 -> 42 | U21: ='FS Desroches Daily'!AJ23 -> 640 | V21: ='FS Desroches Daily'!AL23 -> 230 | W21: ='FS Desroches Daily'!AN23 -> 250 | X21: ='FS Desroches Daily'!AP23 -> 210 | Y21: ='FS Desroches Daily'!AR23 -> 150 | Z21: ='FS Desroches Daily'!AT23 -> 140 | AA21: ='FS Desroches Daily'!AT23 -> 140 | AB21: ='FS Desroches Daily'!AV23 -> 150 | AC21: ='FS Desroches Daily'!AZ23 -> 180 | AD21: ='FS Desroches Daily'!BB23 -> 210 | AE21: ='FS Desroches Daily'!BD23 -> 100 | AF21: ='FS Desroches Daily'!BF23 -> 30 | AG21: ='FS Desroches Daily'!BH23 -> 20 | AH21: ='FS Desroches Daily'!BJ23 -> 30 | AI21: ='FS Desroches Daily'!BL23 -> 40 | AJ21: ='FS Desroches Daily'!BN23 -> 30 | AK21: ='FS Desroches Daily'!BP23 -> 40 | AL21: ='FS Desroches Daily'!BR23 -> 28 | AM21: ='FS Desroches Daily'!BT23 -> 30 | AN21: ='FS Desroches Daily'!BV23 -> 33 | AO21: ='FS Desroches Daily'!BX23 -> 40 | AP21: ='FS Desroches Daily'!BZ23 -> 39 | AQ21: ='FS Desroches Daily'!CB23 -> 56.4 | AR21: ='FS Desroches Daily'!CD23 -> 11.5 | AS21: ='FS Desroches Daily'!CF23 -> 5.9 | AT21: ='FS Desroches Daily'!CH23 -> 49.2 | AU21: ='FS Desroches Daily'!CJ23 -> 281 | AV21: ='FS Desroches Daily'!CL23 -> 1000 | AW21: ='FS Desroches Daily'!CM23 -> 101.5 | AX21: =IF(LPG!F28-LPG!F27<0,"0",(LPG!F28-LPG!F27)*1.8315) -> 0 | AY21: =IF(LPG!H28-LPG!H27<0,"0",(LPG!H28-LPG!H27)*1.8315) -> 0 | AZ21: =IF(LPG!J28-LPG!J27<0,"0",(LPG!J28-LPG!J27)*1.8315) -> 5.4945 | BA21: =IF(LPG!M28-LPG!M27<0,"0",(LPG!M28-LPG!M27)*1.8315) -> 3.663 | BB21: =IF(LPG!Q28-LPG!Q27<0,"0",(LPG!Q28-LPG!Q27)*1.8315) -> 5.4945 | BC21: ='FS Desroches Daily'!CN23 -> 30
A22: Seychelles at Desroches Island | B22: 21 | C22: 8 | D22: 2022 | E22: ='FS Desroches Daily'!D24 -> 3000 | F22: ='FS Desroches Daily'!F24 -> 3200 | G22: ='FS Desroches Daily'!H24 -> 3300 | H22: ='FS Desroches Daily'!J24 -> 1400 | I22: ='FS Desroches Daily'!L24 -> 2000 | J22: ='FS Desroches Daily'!N24 -> 1600 | K22: ='FS Desroches Daily'!P24 -> 31 | L22: ='FS Desroches Daily'!R24 -> 2 | M22: ='FS Desroches Daily'!T24 -> 1.3 | N22: ='FS Desroches Daily'!V24 -> 337.2 | O22: ='FS Desroches Daily'!X24 -> 270 | P22: ='FS Desroches Daily'!Z24 -> 2700 | Q22: ='FS Desroches Daily'!AB24 -> 330 | R22: ='FS Desroches Daily'!AD24 -> 290 | S22: ='FS Desroches Daily'!AF24 -> 870 | T22: ='FS Desroches Daily'!AH24 -> 36 | U22: ='FS Desroches Daily'!AJ24 -> 510 | V22: ='FS Desroches Daily'!AL24 -> 180 | W22: ='FS Desroches Daily'!AN24 -> 180 | X22: ='FS Desroches Daily'!AP24 -> 180 | Y22: ='FS Desroches Daily'!AR24 -> 130 | Z22: ='FS Desroches Daily'!AT24 -> 120 | AA22: ='FS Desroches Daily'!AT24 -> 120 | AB22: ='FS Desroches Daily'!AV24 -> 120 | AC22: ='FS Desroches Daily'!AZ24 -> 140 | AD22: ='FS Desroches Daily'!BB24 -> 150 | AE22: ='FS Desroches Daily'!BD24 -> 90 | AF22: ='FS Desroches Daily'!BF24 -> 17 | AG22: ='FS Desroches Daily'!BH24 -> 40 | AH22: ='FS Desroches Daily'!BJ24 -> 30 | AI22: ='FS Desroches Daily'!BL24 -> 30 | AJ22: ='FS Desroches Daily'!BN24 -> 40 | AK22: ='FS Desroches Daily'!BP24 -> 50 | AL22: ='FS Desroches Daily'!BR24 -> 36 | AM22: ='FS Desroches Daily'!BT24 -> 50 | AN22: ='FS Desroches Daily'!BV24 -> 35 | AO22: ='FS Desroches Daily'!BX24 -> 40 | AP22: ='FS Desroches Daily'!BZ24 -> 43 | AQ22: ='FS Desroches Daily'!CB24 -> 53.5 | AR22: ='FS Desroches Daily'!CD24 -> 6.9 | AS22: ='FS Desroches Daily'!CF24 -> 2.9 | AT22: ='FS Desroches Daily'!CH24 -> 52.8 | AU22: ='FS Desroches Daily'!CJ24 -> 281 | AV22: ='FS Desroches Daily'!CL24 -> 1000 | AW22: ='FS Desroches Daily'!CM24 -> 108.2 | AX22: =IF(LPG!F29-LPG!F28<0,"0",(LPG!F29-LPG!F28)*1.8315) -> 0 | AY22: =IF(LPG!H29-LPG!H28<0,"0",(LPG!H29-LPG!H28)*1.8315) -> 0 | AZ22: =IF(LPG!J29-LPG!J28<0,"0",(LPG!J29-LPG!J28)*1.8315) -> 5.4945 | BA22: =IF(LPG!M29-LPG!M28<0,"0",(LPG!M29-LPG!M28)*1.8315) -> 1.8315 | BB22: =IF(LPG!Q29-LPG!Q28<0,"0",(LPG!Q29-LPG!Q28)*1.8315) -> 5.4945 | BC22: ='FS Desroches Daily'!CN24 -> 30
A23: Seychelles at Desroches Island | B23: 22 | C23: 8 | D23: 2022 | E23: ='FS Desroches Daily'!D25 -> 2000 | F23: ='FS Desroches Daily'!F25 -> 3000 | G23: ='FS Desroches Daily'!H25 -> 2900 | H23: ='FS Desroches Daily'!J25 -> 1500 | I23: ='FS Desroches Daily'!L25 -> 2000 | J23: ='FS Desroches Daily'!N25 -> 1600 | K23: ='FS Desroches Daily'!P25 -> 36 | L23: ='FS Desroches Daily'!R25 -> 4 | M23: ='FS Desroches Daily'!T25 -> 1.2 | N23: ='FS Desroches Daily'!V25 -> 434.6 | O23: ='FS Desroches Daily'!X25 -> 350 | P23: ='FS Desroches Daily'!Z25 -> 2900 | Q23: ='FS Desroches Daily'!AB25 -> 370 | R23: ='FS Desroches Daily'!AD25 -> 330 | S23: ='FS Desroches Daily'!AF25 -> 880 | T23: ='FS Desroches Daily'!AH25 -> 42 | U23: ='FS Desroches Daily'!AJ25 -> 640 | V23: ='FS Desroches Daily'!AL25 -> 200 | W23: ='FS Desroches Daily'!AN25 -> 170 | X23: ='FS Desroches Daily'!AP25 -> 210 | Y23: ='FS Desroches Daily'!AR25 -> 160 | Z23: ='FS Desroches Daily'!AT25 -> 140 | AA23: ='FS Desroches Daily'!AT25 -> 140 | AB23: ='FS Desroches Daily'!AV25 -> 120 | AC23: ='FS Desroches Daily'!AZ25 -> 230 | AD23: ='FS Desroches Daily'!BB25 -> 160 | AE23: ='FS Desroches Daily'!BD25 -> 90 | AF23: ='FS Desroches Daily'!BF25 -> 76 | AG23: ='FS Desroches Daily'!BH25 -> 30 | AH23: ='FS Desroches Daily'!BJ25 -> 30 | AI23: ='FS Desroches Daily'!BL25 -> 40 | AJ23: ='FS Desroches Daily'!BN25 -> 30 | AK23: ='FS Desroches Daily'!BP25 -> 40 | AL23: ='FS Desroches Daily'!BR25 -> 32 | AM23: ='FS Desroches Daily'!BT25 -> 40 | AN23: ='FS Desroches Daily'!BV25 -> 32 | AO23: ='FS Desroches Daily'!BX25 -> 40 | AP23: ='FS Desroches Daily'!BZ25 -> 37 | AQ23: ='FS Desroches Daily'!CB25 -> 69.5 | AR23: ='FS Desroches Daily'!CD25 -> 11.1 | AS23: ='FS Desroches Daily'!CF25 -> 2 | AT23: ='FS Desroches Daily'!CH25 -> 47.3 | AU23: ='FS Desroches Daily'!CJ25 -> 295 | AV23: ='FS Desroches Daily'!CL25 -> 1000 | AW23: ='FS Desroches Daily'!CM25 -> 128.8 | AX23: =IF(LPG!F30-LPG!F29<0,"0",(LPG!F30-LPG!F29)*1.8315) -> 0 | AY23: =IF(LPG!H30-LPG!H29<0,"0",(LPG!H30-LPG!H29)*1.8315) -> 0 | AZ23: =IF(LPG!J30-LPG!J29<0,"0",(LPG!J30-LPG!J29)*1.8315) -> 0 | BA23: =IF(LPG!M30-LPG!M29<0,"0",(LPG!M30-LPG!M29)*1.8315) -> 0 | BB23: =IF(LPG!Q30-LPG!Q29<0,"0",(LPG!Q30-LPG!Q29)*1.8315) -> 0 | BC23: ='FS Desroches Daily'!CN25 -> 30
A24: Seychelles at Desroches Island | B24: 23 | C24: 8 | D24: 2022 | E24: ='FS Desroches Daily'!D26 -> 0 | F24: ='FS Desroches Daily'!F26 -> 0 | G24: ='FS Desroches Daily'!H26 -> 0 | H24: ='FS Desroches Daily'!J26 -> 0 | I24: ='FS Desroches Daily'!L26 -> 0 | J24: ='FS Desroches Daily'!N26 | K24: ='FS Desroches Daily'!P26 | L24: ='FS Desroches Daily'!R26 | M24: ='FS Desroches Daily'!T26 | N24: ='FS Desroches Daily'!V26 | O24: ='FS Desroches Daily'!X26 | P24: ='FS Desroches Daily'!Z26 | Q24: ='FS Desroches Daily'!AB26 | R24: ='FS Desroches Daily'!AD26 | S24: ='FS Desroches Daily'!AF26 | T24: ='FS Desroches Daily'!AH26 | U24: ='FS Desroches Daily'!AJ26 | V24: ='FS Desroches Daily'!AL26 | W24: ='FS Desroches Daily'!AN26 | X24: ='FS Desroches Daily'!AP26 | Y24: ='FS Desroches Daily'!AR26 | Z24: ='FS Desroches Daily'!AT26 | AA24: ='FS Desroches Daily'!AT26 | AB24: ='FS Desroches Daily'!AV26 | AC24: ='FS Desroches Daily'!AZ26 | AD24: ='FS Desroches Daily'!BB26 | AE24: ='FS Desroches Daily'!BD26 | AF24: ='FS Desroches Daily'!BF26 | AG24: ='FS Desroches Daily'!BH26 | AH24: ='FS Desroches Daily'!BJ26 | AI24: ='FS Desroches Daily'!BL26 | AJ24: ='FS Desroches Daily'!BN26 | AK24: ='FS Desroches Daily'!BP26 | AL24: ='FS Desroches Daily'!BR26 | AM24: ='FS Desroches Daily'!BT26 | AN24: ='FS Desroches Daily'!BV26 | AO24: ='FS Desroches Daily'!BX26 | AP24: ='FS Desroches Daily'!BZ26 | AQ24: ='FS Desroches Daily'!CB26 | AR24: ='FS Desroches Daily'!CD26 | AS24: ='FS Desroches Daily'!CF26 | AT24: ='FS Desroches Daily'!CH26 | AU24: ='FS Desroches Daily'!CJ26 | AV24: ='FS Desroches Daily'!CL26 | AW24: ='FS Desroches Daily'!CM26 -> #VALUE! | AX24: =IF(LPG!F31-LPG!F30<0,"0",(LPG!F31-LPG!F30)*1.8315) -> 0 | AY24: =IF(LPG!H31-LPG!H30<0,"0",(LPG!H31-LPG!H30)*1.8315) -> 0 | AZ24: =IF(LPG!J31-LPG!J30<0,"0",(LPG!J31-LPG!J30)*1.8315) -> 0 | BA24: =IF(LPG!M31-LPG!M30<0,"0",(LPG!M31-LPG!M30)*1.8315) -> 0 | BB24: =IF(LPG!Q31-LPG!Q30<0,"0",(LPG!Q31-LPG!Q30)*1.8315) -> 0 | BC24: ='FS Desroches Daily'!CN26 -> 32
A25: Seychelles at Desroches Island | B25: 24 | C25: 8 | D25: 2022 | E25: ='FS Desroches Daily'!D27 -> 0 | F25: ='FS Desroches Daily'!F27 -> 0 | G25: ='FS Desroches Daily'!H27 -> 0 | H25: ='FS Desroches Daily'!J27 -> 0 | I25: ='FS Desroches Daily'!L27 -> 0 | J25: ='FS Desroches Daily'!N27 -> 0 | K25: ='FS Desroches Daily'!P27 -> 0 | L25: ='FS Desroches Daily'!R27 -> 0 | M25: ='FS Desroches Daily'!T27 -> 0 | N25: ='FS Desroches Daily'!V27 -> 0 | O25: ='FS Desroches Daily'!X27 -> 0 | P25: ='FS Desroches Daily'!Z27 -> 0 | Q25: ='FS Desroches Daily'!AB27 -> 0 | R25: ='FS Desroches Daily'!AD27 -> 0 | S25: ='FS Desroches Daily'!AF27 -> 0 | T25: ='FS Desroches Daily'!AH27 -> 0 | U25: ='FS Desroches Daily'!AJ27 -> 0 | V25: ='FS Desroches Daily'!AL27 -> 0 | W25: ='FS Desroches Daily'!AN27 -> 0 | X25: ='FS Desroches Daily'!AP27 -> 0 | Y25: ='FS Desroches Daily'!AR27 -> 0 | Z25: ='FS Desroches Daily'!AT27 -> 0 | AA25: ='FS Desroches Daily'!AT27 -> 0 | AB25: ='FS Desroches Daily'!AV27 -> 0 | AC25: ='FS Desroches Daily'!AZ27 -> 0 | AD25: ='FS Desroches Daily'!BB27 -> 0 | AE25: ='FS Desroches Daily'!BD27 -> 0 | AF25: ='FS Desroches Daily'!BF27 -> 0 | AG25: ='FS Desroches Daily'!BH27 -> 0 | AH25: ='FS Desroches Daily'!BJ27 -> 0 | AI25: ='FS Desroches Daily'!BL27 -> 0 | AJ25: ='FS Desroches Daily'!BN27 -> 0 | AK25: ='FS Desroches Daily'!BP27 -> 0 | AL25: ='FS Desroches Daily'!BR27 -> 0 | AM25: ='FS Desroches Daily'!BT27 -> 0 | AN25: ='FS Desroches Daily'!BV27 -> 0 | AO25: ='FS Desroches Daily'!BX27 -> 0 | AP25: ='FS Desroches Daily'!BZ27 -> 0 | AQ25: ='FS Desroches Daily'!CB27 -> 0 | AR25: ='FS Desroches Daily'!CD27 -> 0 | AS25: ='FS Desroches Daily'!CF27 -> 0 | AT25: ='FS Desroches Daily'!CH27 -> 0 | AU25: ='FS Desroches Daily'!CJ27 -> 0 | AV25: ='FS Desroches Daily'!CL27 -> 0 | AW25: ='FS Desroches Daily'!CM27 -> 0 | AX25: =IF(LPG!F32-LPG!F31<0,"0",(LPG!F32-LPG!F31)*1.8315) -> 0 | AY25: =IF(LPG!H32-LPG!H31<0,"0",(LPG!H32-LPG!H31)*1.8315) -> 0 | AZ25: =IF(LPG!J32-LPG!J31<0,"0",(LPG!J32-LPG!J31)*1.8315) -> 0 | BA25: =IF(LPG!M32-LPG!M31<0,"0",(LPG!M32-LPG!M31)*1.8315) -> 0 | BB25: =IF(LPG!Q32-LPG!Q31<0,"0",(LPG!Q32-LPG!Q31)*1.8315) -> 0 | BC25: ='FS Desroches Daily'!CN27 -> 0
A26: Seychelles at Desroches Island | B26: 25 | C26: 8 | D26: 2022 | E26: ='FS Desroches Daily'!D28 -> 0 | F26: ='FS Desroches Daily'!F28 -> 0 | G26: ='FS Desroches Daily'!H28 -> 0 | H26: ='FS Desroches Daily'!J28 -> 0 | I26: ='FS Desroches Daily'!L28 -> 0 | J26: ='FS Desroches Daily'!N28 -> 0 | K26: ='FS Desroches Daily'!P28 -> 0 | L26: ='FS Desroches Daily'!R28 -> 0 | M26: ='FS Desroches Daily'!T28 -> 0 | N26: ='FS Desroches Daily'!V28 -> 0 | O26: ='FS Desroches Daily'!X28 -> 0 | P26: ='FS Desroches Daily'!Z28 -> 0 | Q26: ='FS Desroches Daily'!AB28 -> 0 | R26: ='FS Desroches Daily'!AD28 -> 0 | S26: ='FS Desroches Daily'!AF28 -> 0 | T26: ='FS Desroches Daily'!AH28 -> 0 | U26: ='FS Desroches Daily'!AJ28 -> 0 | V26: ='FS Desroches Daily'!AL28 -> 0 | W26: ='FS Desroches Daily'!AN28 -> 0 | X26: ='FS Desroches Daily'!AP28 -> 0 | Y26: ='FS Desroches Daily'!AR28 -> 0 | Z26: ='FS Desroches Daily'!AT28 -> 0 | AA26: ='FS Desroches Daily'!AT28 -> 0 | AB26: ='FS Desroches Daily'!AV28 -> 0 | AC26: ='FS Desroches Daily'!AZ28 -> 0 | AD26: ='FS Desroches Daily'!BB28 -> 0 | AE26: ='FS Desroches Daily'!BD28 -> 0 | AF26: ='FS Desroches Daily'!BF28 -> 0 | AG26: ='FS Desroches Daily'!BH28 -> 0 | AH26: ='FS Desroches Daily'!BJ28 -> 0 | AI26: ='FS Desroches Daily'!BL28 -> 0 | AJ26: ='FS Desroches Daily'!BN28 -> 0 | AK26: ='FS Desroches Daily'!BP28 -> 0 | AL26: ='FS Desroches Daily'!BR28 -> 0 | AM26: ='FS Desroches Daily'!BT28 -> 0 | AN26: ='FS Desroches Daily'!BV28 -> 0 | AO26: ='FS Desroches Daily'!BX28 -> 0 | AP26: ='FS Desroches Daily'!BZ28 -> 0 | AQ26: ='FS Desroches Daily'!CB28 -> 0 | AR26: ='FS Desroches Daily'!CD28 -> 0 | AS26: ='FS Desroches Daily'!CF28 -> 0 | AT26: ='FS Desroches Daily'!CH28 -> 0 | AU26: ='FS Desroches Daily'!CJ28 -> 0 | AV26: ='FS Desroches Daily'!CL28 -> 0 | AW26: ='FS Desroches Daily'!CM28 -> 0 | AX26: =IF(LPG!F33-LPG!F32<0,"0",(LPG!F33-LPG!F32)*1.8315) -> 0 | AY26: =IF(LPG!H33-LPG!H32<0,"0",(LPG!H33-LPG!H32)*1.8315) -> 0 | AZ26: =IF(LPG!J33-LPG!J32<0,"0",(LPG!J33-LPG!J32)*1.8315) -> 0 | BA26: =IF(LPG!M33-LPG!M32<0,"0",(LPG!M33-LPG!M32)*1.8315) -> 0 | BB26: =IF(LPG!Q33-LPG!Q32<0,"0",(LPG!Q33-LPG!Q32)*1.8315) -> 0 | BC26: ='FS Desroches Daily'!CN28 -> 0
A27: Seychelles at Desroches Island | B27: 26 | C27: 8 | D27: 2022 | E27: ='FS Desroches Daily'!D29 -> 0 | F27: ='FS Desroches Daily'!F29 -> 0 | G27: ='FS Desroches Daily'!H29 -> 0 | H27: ='FS Desroches Daily'!J29 -> 0 | I27: ='FS Desroches Daily'!L29 -> 0 | J27: ='FS Desroches Daily'!N29 -> 0 | K27: ='FS Desroches Daily'!P29 -> 0 | L27: ='FS Desroches Daily'!R29 -> 0 | M27: ='FS Desroches Daily'!T29 -> 0 | N27: ='FS Desroches Daily'!V29 -> 0 | O27: ='FS Desroches Daily'!X29 -> 0 | P27: ='FS Desroches Daily'!Z29 -> 0 | Q27: ='FS Desroches Daily'!AB29 -> 0 | R27: ='FS Desroches Daily'!AD29 -> 0 | S27: ='FS Desroches Daily'!AF29 -> 0 | T27: ='FS Desroches Daily'!AH29 -> 0 | U27: ='FS Desroches Daily'!AJ29 -> 0 | V27: ='FS Desroches Daily'!AL29 -> 0 | W27: ='FS Desroches Daily'!AN29 -> 0 | X27: ='FS Desroches Daily'!AP29 -> 0 | Y27: ='FS Desroches Daily'!AR29 -> 0 | Z27: ='FS Desroches Daily'!AT29 -> 0 | AA27: ='FS Desroches Daily'!AT29 -> 0 | AB27: ='FS Desroches Daily'!AV29 -> 0 | AC27: ='FS Desroches Daily'!AZ29 -> 0 | AD27: ='FS Desroches Daily'!BB29 -> 0 | AE27: ='FS Desroches Daily'!BD29 -> 0 | AF27: ='FS Desroches Daily'!BF29 -> 0 | AG27: ='FS Desroches Daily'!BH29 -> 0 | AH27: ='FS Desroches Daily'!BJ29 -> 0 | AI27: ='FS Desroches Daily'!BL29 -> 0 | AJ27: ='FS Desroches Daily'!BN29 -> 0 | AK27: ='FS Desroches Daily'!BP29 -> 0 | AL27: ='FS Desroches Daily'!BR29 -> 0 | AM27: ='FS Desroches Daily'!BT29 -> 0 | AN27: ='FS Desroches Daily'!BV29 -> 0 | AO27: ='FS Desroches Daily'!BX29 -> 0 | AP27: ='FS Desroches Daily'!BZ29 -> 0 | AQ27: ='FS Desroches Daily'!CB29 -> 0 | AR27: ='FS Desroches Daily'!CD29 -> 0 | AS27: ='FS Desroches Daily'!CF29 -> 0 | AT27: ='FS Desroches Daily'!CH29 -> 0 | AU27: ='FS Desroches Daily'!CJ29 -> 0 | AV27: ='FS Desroches Daily'!CL29 -> 0 | AW27: ='FS Desroches Daily'!CM29 -> 0 | AX27: =IF(LPG!F35-LPG!F33<0,"0",(LPG!F35-LPG!F33)*1.8315) -> 0 | AY27: =IF(LPG!H35-LPG!H33<0,"0",(LPG!H35-LPG!H33)*1.8315) -> 0 | AZ27: =IF(LPG!J35-LPG!J33<0,"0",(LPG!J35-LPG!J33)*1.8315) -> 0 | BA27: =IF(LPG!M35-LPG!M33<0,"0",(LPG!M35-LPG!M33)*1.8315) -> 0 | BB27: =IF(LPG!Q34-LPG!Q33<0,"0",(LPG!Q34-LPG!Q33)*1.8315) -> 0 | BC27: ='FS Desroches Daily'!CN29 -> 0
A28: Seychelles at Desroches Island | B28: 27 | C28: 8 | D28: 2022 | E28: ='FS Desroches Daily'!D30 -> 0 | F28: ='FS Desroches Daily'!F30 -> 0 | G28: ='FS Desroches Daily'!H30 -> 0 | H28: ='FS Desroches Daily'!J30 -> 0 | I28: ='FS Desroches Daily'!L30 -> 0 | J28: ='FS Desroches Daily'!N30 -> 0 | K28: ='FS Desroches Daily'!P30 -> 0 | L28: ='FS Desroches Daily'!R30 -> 0 | M28: ='FS Desroches Daily'!T30 -> 0 | N28: ='FS Desroches Daily'!V30 -> 0 | O28: ='FS Desroches Daily'!X30 -> 0 | P28: ='FS Desroches Daily'!Z30 -> 0 | Q28: ='FS Desroches Daily'!AB30 -> 0 | R28: ='FS Desroches Daily'!AD30 -> 0 | S28: ='FS Desroches Daily'!AF30 -> 0 | T28: ='FS Desroches Daily'!AH30 -> 0 | U28: ='FS Desroches Daily'!AJ30 -> 0 | V28: ='FS Desroches Daily'!AL30 -> 0 | W28: ='FS Desroches Daily'!AN30 -> 0 | X28: ='FS Desroches Daily'!AP30 -> 0 | Y28: ='FS Desroches Daily'!AR30 -> 0 | Z28: ='FS Desroches Daily'!AT30 -> 0 | AA28: ='FS Desroches Daily'!AT30 -> 0 | AB28: ='FS Desroches Daily'!AV30 -> 0 | AC28: ='FS Desroches Daily'!AZ30 -> 0 | AD28: ='FS Desroches Daily'!BB30 -> 0 | AE28: ='FS Desroches Daily'!BD30 -> 0 | AF28: ='FS Desroches Daily'!BF30 -> 0 | AG28: ='FS Desroches Daily'!BH30 -> 0 | AH28: ='FS Desroches Daily'!BJ30 -> 0 | AI28: ='FS Desroches Daily'!BL30 -> 0 | AJ28: ='FS Desroches Daily'!BN30 -> 0 | AK28: ='FS Desroches Daily'!BP30 -> 0 | AL28: ='FS Desroches Daily'!BR30 -> 0 | AM28: ='FS Desroches Daily'!BT30 -> 0 | AN28: ='FS Desroches Daily'!BV30 -> 0 | AO28: ='FS Desroches Daily'!BX30 -> 0 | AP28: ='FS Desroches Daily'!BZ30 -> 0 | AQ28: ='FS Desroches Daily'!CB30 -> 0 | AR28: ='FS Desroches Daily'!CD30 -> 0 | AS28: ='FS Desroches Daily'!CF30 -> 0 | AT28: ='FS Desroches Daily'!CH30 -> 0 | AU28: ='FS Desroches Daily'!CJ30 -> 0 | AV28: ='FS Desroches Daily'!CL30 -> 0 | AW28: ='FS Desroches Daily'!CM30 -> 0 | AX28: =IF(LPG!F36-LPG!F34<0,"0",(LPG!F36-LPG!F34)*1.8315) -> 0 | AY28: =IF(LPG!H36-LPG!H34<0,"0",(LPG!H36-LPG!H34)*1.8315) -> 0 | AZ28: =IF(LPG!J36-LPG!J34<0,"0",(LPG!J36-LPG!J34)*1.8315) -> 0 | BA28: =IF(LPG!M36-LPG!M34<0,"0",(LPG!M36-LPG!M34)*1.8315) -> 0 | BB28: =IF(LPG!Q35-LPG!Q34<0,"0",(LPG!Q35-LPG!Q34)*1.8315) -> 0 | BC28: ='FS Desroches Daily'!CN30 -> 0
A29: Seychelles at Desroches Island | B29: 28 | C29: 8 | D29: 2022 | E29: ='FS Desroches Daily'!D31 -> 0 | F29: ='FS Desroches Daily'!F31 -> 0 | G29: ='FS Desroches Daily'!H31 -> 0 | H29: ='FS Desroches Daily'!J31 -> 0 | I29: ='FS Desroches Daily'!L31 -> 0 | J29: ='FS Desroches Daily'!N31 -> 0 | K29: ='FS Desroches Daily'!P31 -> 0 | L29: ='FS Desroches Daily'!R31 -> 0 | M29: ='FS Desroches Daily'!T31 -> 0 | N29: ='FS Desroches Daily'!V31 -> 0 | O29: ='FS Desroches Daily'!X31 -> 0 | P29: ='FS Desroches Daily'!Z31 -> 0 | Q29: ='FS Desroches Daily'!AB31 -> 0 | R29: ='FS Desroches Daily'!AD31 -> 0 | S29: ='FS Desroches Daily'!AF31 -> 0 | T29: ='FS Desroches Daily'!AH31 -> 0 | U29: ='FS Desroches Daily'!AJ31 -> 0 | V29: ='FS Desroches Daily'!AL31 -> 0 | W29: ='FS Desroches Daily'!AN31 -> 0 | X29: ='FS Desroches Daily'!AP31 -> 0 | Y29: ='FS Desroches Daily'!AR31 -> 0 | Z29: ='FS Desroches Daily'!AT31 -> 0 | AA29: ='FS Desroches Daily'!AT31 -> 0 | AB29: ='FS Desroches Daily'!AV31 -> 0 | AC29: ='FS Desroches Daily'!AZ31 -> 0 | AD29: ='FS Desroches Daily'!BB31 -> 0 | AE29: ='FS Desroches Daily'!BD31 -> 0 | AF29: ='FS Desroches Daily'!BF31 -> 0 | AG29: ='FS Desroches Daily'!BH31 -> 0 | AH29: ='FS Desroches Daily'!BJ31 -> 0 | AI29: ='FS Desroches Daily'!BL31 -> 0 | AJ29: ='FS Desroches Daily'!BN31 -> 0 | AK29: ='FS Desroches Daily'!BP31 -> 0 | AL29: ='FS Desroches Daily'!BR31 -> 0 | AM29: ='FS Desroches Daily'!BT31 -> 0 | AN29: ='FS Desroches Daily'!BV31 -> 0 | AO29: ='FS Desroches Daily'!BX31 -> 0 | AP29: ='FS Desroches Daily'!BZ31 -> 0 | AQ29: ='FS Desroches Daily'!CB31 -> 0 | AR29: ='FS Desroches Daily'!CD31 -> 0 | AS29: ='FS Desroches Daily'!CF31 -> 0 | AT29: ='FS Desroches Daily'!CH31 -> 0 | AU29: ='FS Desroches Daily'!CJ31 -> 0 | AV29: ='FS Desroches Daily'!CL31 -> 0 | AW29: ='FS Desroches Daily'!CM31 -> 0 | AX29: =IF(LPG!F37-LPG!F35<0,"0",(LPG!F37-LPG!F35)*1.8315) -> 0 | AY29: =IF(LPG!H37-LPG!H35<0,"0",(LPG!H37-LPG!H35)*1.8315) -> 0 | AZ29: =IF(LPG!J37-LPG!J35<0,"0",(LPG!J37-LPG!J35)*1.8315) -> 0 | BA29: =IF(LPG!M37-LPG!M35<0,"0",(LPG!M37-LPG!M35)*1.8315) -> 0 | BB29: =IF(LPG!Q36-LPG!Q35<0,"0",(LPG!Q36-LPG!Q35)*1.8315) -> 0 | BC29: ='FS Desroches Daily'!CN31 -> 0
A30: Seychelles at Desroches Island | B30: 29 | C30: 8 | D30: 2022 | E30: ='FS Desroches Daily'!D32 -> 0 | F30: ='FS Desroches Daily'!F32 -> 0 | G30: ='FS Desroches Daily'!H32 -> 0 | H30: ='FS Desroches Daily'!J32 -> 0 | I30: ='FS Desroches Daily'!L32 -> 0 | J30: ='FS Desroches Daily'!N32 -> 0 | K30: ='FS Desroches Daily'!P32 -> 0 | L30: ='FS Desroches Daily'!R32 -> 0 | M30: ='FS Desroches Daily'!T32 -> 0 | N30: ='FS Desroches Daily'!V32 -> 0 | O30: ='FS Desroches Daily'!X32 -> 0 | P30: ='FS Desroches Daily'!Z32 -> 0 | Q30: ='FS Desroches Daily'!AB32 -> 0 | R30: ='FS Desroches Daily'!AD32 -> 0 | S30: ='FS Desroches Daily'!AF32 -> 0 | T30: ='FS Desroches Daily'!AH32 -> 0 | U30: ='FS Desroches Daily'!AJ32 -> 0 | V30: ='FS Desroches Daily'!AL32 -> 0 | W30: ='FS Desroches Daily'!AN32 -> 0 | X30: ='FS Desroches Daily'!AP32 -> 0 | Y30: ='FS Desroches Daily'!AR32 -> 0 | Z30: ='FS Desroches Daily'!AT32 -> 0 | AA30: ='FS Desroches Daily'!AT32 -> 0 | AB30: ='FS Desroches Daily'!AV32 -> 0 | AC30: ='FS Desroches Daily'!AZ32 -> 0 | AD30: ='FS Desroches Daily'!BB32 -> 0 | AE30: ='FS Desroches Daily'!BD32 -> 0 | AF30: ='FS Desroches Daily'!BF32 -> 0 | AG30: ='FS Desroches Daily'!BH32 -> 0 | AH30: ='FS Desroches Daily'!BJ32 -> 0 | AI30: ='FS Desroches Daily'!BL32 -> 0 | AJ30: ='FS Desroches Daily'!BN32 -> 0 | AK30: ='FS Desroches Daily'!BP32 -> 0 | AL30: ='FS Desroches Daily'!BR32 -> 0 | AM30: ='FS Desroches Daily'!BT32 -> 0 | AN30: ='FS Desroches Daily'!BV32 -> 0 | AO30: ='FS Desroches Daily'!BX32 -> 0 | AP30: ='FS Desroches Daily'!BZ32 -> 0 | AQ30: ='FS Desroches Daily'!CB32 -> 0 | AR30: ='FS Desroches Daily'!CD32 -> 0 | AS30: ='FS Desroches Daily'!CF32 -> 0 | AT30: ='FS Desroches Daily'!CH32 -> 0 | AU30: ='FS Desroches Daily'!CJ32 -> 0 | AV30: ='FS Desroches Daily'!CL32 -> 0 | AW30: ='FS Desroches Daily'!CM32 -> 0 | AX30: =IF(LPG!F38-LPG!F36<0,"0",(LPG!F38-LPG!F36)*1.8315) -> 0 | AY30: =IF(LPG!H38-LPG!H36<0,"0",(LPG!H38-LPG!H36)*1.8315) -> 0 | AZ30: =IF(LPG!J38-LPG!J36<0,"0",(LPG!J38-LPG!J36)*1.8315) -> 0 | BA30: =IF(LPG!M38-LPG!M36<0,"0",(LPG!M38-LPG!M36)*1.8315) -> 0 | BB30: =IF(LPG!Q37-LPG!Q36<0,"0",(LPG!Q37-LPG!Q36)*1.8315) -> 0 | BC30: ='FS Desroches Daily'!CN32 -> 0
A31: Seychelles at Desroches Island | B31: 30 | C31: 8 | D31: 2022 | E31: ='FS Desroches Daily'!D33 -> 0 | F31: ='FS Desroches Daily'!F33 -> 0 | G31: ='FS Desroches Daily'!H33 -> 0 | H31: ='FS Desroches Daily'!J33 -> 0 | I31: ='FS Desroches Daily'!L33 -> 0 | J31: ='FS Desroches Daily'!N33 -> 0 | K31: ='FS Desroches Daily'!P33 -> 0 | L31: ='FS Desroches Daily'!R33 -> 0 | M31: ='FS Desroches Daily'!T33 -> 0 | N31: ='FS Desroches Daily'!V33 -> 0 | O31: ='FS Desroches Daily'!X33 -> 0 | P31: ='FS Desroches Daily'!Z33 -> 0 | Q31: ='FS Desroches Daily'!AB33 -> 0 | R31: ='FS Desroches Daily'!AD33 -> 0 | S31: ='FS Desroches Daily'!AF33 -> 0 | T31: ='FS Desroches Daily'!AH33 -> 0 | U31: ='FS Desroches Daily'!AJ33 -> 0 | V31: ='FS Desroches Daily'!AL33 -> 0 | W31: ='FS Desroches Daily'!AN33 -> 0 | X31: ='FS Desroches Daily'!AP33 -> 0 | Y31: ='FS Desroches Daily'!AR33 -> 0 | Z31: ='FS Desroches Daily'!AT33 -> 0 | AA31: ='FS Desroches Daily'!AT33 -> 0 | AB31: ='FS Desroches Daily'!AV33 -> 0 | AC31: ='FS Desroches Daily'!AZ33 -> 0 | AD31: ='FS Desroches Daily'!BB33 -> 0 | AE31: ='FS Desroches Daily'!BD33 -> 0 | AF31: ='FS Desroches Daily'!BF33 -> 0 | AG31: ='FS Desroches Daily'!BH33 -> 0 | AH31: ='FS Desroches Daily'!BJ33 -> 0 | AI31: ='FS Desroches Daily'!BL33 -> 0 | AJ31: ='FS Desroches Daily'!BN33 -> 0 | AK31: ='FS Desroches Daily'!BP33 -> 0 | AL31: ='FS Desroches Daily'!BR33 -> 0 | AM31: ='FS Desroches Daily'!BT33 -> 0 | AN31: ='FS Desroches Daily'!BV33 -> 0 | AO31: ='FS Desroches Daily'!BX33 -> 0 | AP31: ='FS Desroches Daily'!BZ33 -> 0 | AQ31: ='FS Desroches Daily'!CB33 -> 0 | AR31: ='FS Desroches Daily'!CD33 -> 0 | AS31: ='FS Desroches Daily'!CF33 -> 0 | AT31: ='FS Desroches Daily'!CH33 -> 0 | AU31: ='FS Desroches Daily'!CJ33 -> 0 | AV31: ='FS Desroches Daily'!CL33 -> 0 | AW31: ='FS Desroches Daily'!CM33 -> 0 | AX31: =IF(LPG!F39-LPG!F37<0,"0",(LPG!F39-LPG!F37)*1.8315) -> 0 | AY31: =IF(LPG!H39-LPG!H37<0,"0",(LPG!H39-LPG!H37)*1.8315) -> 0 | AZ31: =IF(LPG!J39-LPG!J37<0,"0",(LPG!J39-LPG!J37)*1.8315) -> 0 | BA31: =IF(LPG!M39-LPG!M37<0,"0",(LPG!M39-LPG!M37)*1.8315) -> 0 | BB31: =IF(LPG!Q38-LPG!Q37<0,"0",(LPG!Q38-LPG!Q37)*1.8315) -> 0 | BC31: ='FS Desroches Daily'!CN33 -> 0
A32: Seychelles at Desroches Island | B32: 31 | C32: 8 | D32: 2022 | E32: ='FS Desroches Daily'!D34 -> 0 | F32: ='FS Desroches Daily'!F34 -> 0 | G32: ='FS Desroches Daily'!H34 -> 0 | H32: ='FS Desroches Daily'!J34 -> 0 | I32: ='FS Desroches Daily'!L34 -> 0 | J32: ='FS Desroches Daily'!N34 -> 0 | K32: ='FS Desroches Daily'!P34 -> 0 | L32: ='FS Desroches Daily'!R34 -> 0 | M32: ='FS Desroches Daily'!T34 -> 0 | N32: ='FS Desroches Daily'!V34 -> 0 | O32: ='FS Desroches Daily'!X34 -> 0 | P32: ='FS Desroches Daily'!Z34 -> 0 | Q32: ='FS Desroches Daily'!AB34 -> 0 | R32: ='FS Desroches Daily'!AD34 -> 0 | S32: ='FS Desroches Daily'!AF34 -> 0 | T32: ='FS Desroches Daily'!AH34 -> 0 | U32: ='FS Desroches Daily'!AJ34 -> 0 | V32: ='FS Desroches Daily'!AL34 -> 0 | W32: ='FS Desroches Daily'!AN34 -> 0 | X32: ='FS Desroches Daily'!AP34 -> 0 | Y32: ='FS Desroches Daily'!AR34 -> 0 | Z32: ='FS Desroches Daily'!AT34 -> 0 | AA32: ='FS Desroches Daily'!AT34 -> 0 | AB32: ='FS Desroches Daily'!AV34 -> 0 | AC32: ='FS Desroches Daily'!AZ34 -> 0 | AD32: ='FS Desroches Daily'!BB34 -> 0 | AE32: ='FS Desroches Daily'!BD34 -> 0 | AF32: ='FS Desroches Daily'!BF34 -> 0 | AG32: ='FS Desroches Daily'!BH34 -> 0 | AH32: ='FS Desroches Daily'!BJ34 -> 0 | AI32: ='FS Desroches Daily'!BL34 -> 0 | AJ32: ='FS Desroches Daily'!BN34 -> 0 | AK32: ='FS Desroches Daily'!BP34 -> 0 | AL32: ='FS Desroches Daily'!BR34 -> 0 | AM32: ='FS Desroches Daily'!BT34 -> 0 | AN32: ='FS Desroches Daily'!BV34 -> 0 | AO32: ='FS Desroches Daily'!BX34 -> 0 | AP32: ='FS Desroches Daily'!BZ34 -> 0 | AQ32: ='FS Desroches Daily'!CB34 -> 0 | AR32: ='FS Desroches Daily'!CD34 -> 0 | AS32: ='FS Desroches Daily'!CF34 -> 0 | AT32: ='FS Desroches Daily'!CH34 -> 0 | AU32: ='FS Desroches Daily'!CJ34 -> 0 | AV32: ='FS Desroches Daily'!CL34 -> 0 | AW32: ='FS Desroches Daily'!CM34 -> 0 | AX32: =IF(LPG!F40-LPG!F38<0,"0",(LPG!F40-LPG!F38)*1.8315) -> 0 | AY32: =IF(LPG!H40-LPG!H38<0,"0",(LPG!H40-LPG!H38)*1.8315) -> 0 | AZ32: =IF(LPG!J40-LPG!J38<0,"0",(LPG!J40-LPG!J38)*1.8315) -> 0 | BA32: =IF(LPG!M40-LPG!M38<0,"0",(LPG!M40-LPG!M38)*1.8315) -> 0 | BB32: =IF(LPG!Q39-LPG!Q38<0,"0",(LPG!Q39-LPG!Q38)*1.8315) -> 0 | BC32: ='FS Desroches Daily'!CN34 -> 0
E33: =SUM(E2:E32) -> 50500 | F33: =SUM(F2:F32) -> 68400 | G33: =SUM(G2:G32) -> 76200 | H33: =SUM(H2:H32) -> 32100 | I33: =SUM(I2:I32) -> 44900 | J33: =SUM(J2:J32) -> 34200 | K33: =SUM(K2:K32) -> 493 | L33: =SUM(L2:L32) -> 57 | ... AW33: =SUM(AW2:AW32) -> #VALUE! | AX33: =IF(LPG!F41-LPG!F39<0,"0",(LPG!F41-LPG!F39)*1.8315) -> 0 | AY33: =IF(LPG!H41-LPG!H39<0,"0",(LPG!H41-LPG!H39)*1.8315) -> 0 | AZ33: =IF(LPG!J41-LPG!J39<0,"0",(LPG!J41-LPG!J39)*1.8315) -> 0 | BA33: =IF(LPG!M41-LPG!M39<0,"0",(LPG!M41-LPG!M39)*1.8315) -> 0 | BB33: =SUM(BB2:BB32) -> 139.194 | BC33: =SUM(BC2:BC32) -> 940
E35: =E33/E37 -> 0.19996991 | G35: =G33-M36 -> 67156.6 | AE35: =SUM(U33:AE33) -> 47129.04 | AG35: =SUM(AG33:AP33) -> 7418
G36: =G35-633*14 -> 58294.6 | M36: =M33+N33 -> 9043.4
E37: =E33+F33+G33+H33+J33-633*14 -> 252538 | G37: =M36/E37 -> 0.035810056 | M37: =AE35 -> 47129.04
L38: =M38/E37 -> 0.029373797 | M38: =AG35 -> 7418
E39: =19000/30 -> 633.33333

Sheet FS Desroches Daily
A1: Days | C1: TRF CQ6 (GWH) | E1: TRF FQ7 (GWH) | G1: MSB BOH Q8 (GWH) | I1: EX MAIN Q3 (GWH) | K1: TRF DQ2 (GWH) | M1: TRF B Q1 (GWH) | O1: CANCAN shop (KWH) | Q1: CANCAN store (KWH) | S1: laundry EQU P D.B (KWH) | U1: laundry lighting (KWH) | W1: PANTRY 1 MSB-F (MWH) | Y1: PANTRY 2 MSB-E M-kitchen (GWH) | AA1: SPA LIGHT HOUSE MSB-A1 (MWH) | AC1: PANTRY 3 MSB-A near v 22 (MWH) | AE1: PANTRY 4 MSB-B near v 33 (MWH) | AG1: VMC (KWH) | AI1: VILLA 100 (MWH) | AK1: VILLA 101 (MWH) | AM1: VILLA 102 (MWH) | AO1: VILLA 103 (MWH) | AQ1: VILLA 104 (MWH) | AS1: VILLA 105 (MWH) | AU1: VILLA 106 (MWH) | AW1: VILLA 107 (MWH) | AY1: VILLA 108 (MWH) | BA1: VILLA 109 (MWH) | BC1: VILLA 110 (MWH) | BE1: KUMAR& KUMAR | BG1: BLOCK 15 | BI1: BLOCK 16 | BK1: BLOCK 17 | BM1: BLOCK 18 | BO1: BLOCK 19 | BQ1: BLOCK 20 | BS1: BLOCK 21 | BU1: BLOCK 22 | BW1: BLOCK 23 | BY1: BLOCK 24 | CA1: Exhaust Kitchen (Main) | CC1: Exhaust Kitchen (Breakfast) | CE1: Exhaust Lighthouse | CG1: Exhaust Canteen | CI1: Cold Store | CK1: RO Plant | CM1: Water | CP1: Water HOTEL | CR1: Water RES | CT1: PVILLA E-HOUSE LEFT | CV1: PVILLA E-HOUSE RIGHT | CX1: Total Renewable Energy Production (KWH) (KWH)
A2: Date | C2: Reading GWH | D2: Difference KWH | E2: Reading GWH | F2: Difference KWH | G2: Reading GWH | H2: Difference KWH | I2: Reading GWH | J2: Difference KWH | K2: Reading GWH | L2: Difference KWH | M2: Reading MWH | N2: Difference KWH | O2: Reading KWH | P2: Difference KWH | Q2: Reading KWH | R2: Difference KWH | S2: Reading KWH | T2: Difference KWH | U2: Reading KWH | V2: Difference KWH | W2: Reading MWH | X2: Difference KWH | Y2: Reading GWH | Z2: Difference KWH | AA2: Reading MWH | AB2: Difference KWH | AC2: Reading MWH | AD2: Difference KWH | AE2: Reading MWH | AF2: Difference KWH | AG2: Reading KWH | AH2: Difference KWH | AI2: Reading MWH | AJ2: Difference KWH | AK2: Reading KWH | AL2: Difference KWH | AM2: Reading KWH | AN2: Difference KWH | AO2: Reading KWH | AP2: Difference KWH | AQ2: Reading MWH | AR2: Difference KWH | AS2: Reading MWH | AT2: Difference KWH | AU2: Reading MWH | AV2: Difference KWH | AW2: Reading MWH | AX2: Difference KWH | AY2: Reading MWH | AZ2: Difference KWH | BA2: Reading MWH | BB2: Difference KWH | BC2: Reading MWH | BD2: Difference KWH | BE2: Reading KWH | BF2: Difference KWH | BG2: Reading MWH | BH2: Difference KWH | BI2: Reading MWH | BJ2: Difference KWH | BK2: Reading MWH | BL2: Difference KWH | BM2: Reading MWH | BN2: Difference KWH | BO2: Reading MWH | BP2: Difference KWH | BQ2: Reading KWH | BR2: Difference KWH | BS2: Reading MWH | BT2: Difference KWH | BU2: Reading KWH | BV2: Difference KWH | BW2: Reading MWH | BX2: Difference KWH | BY2: Reading KWH | BZ2: Difference KWH | CA2: Reading KWH | CB2: Difference KWH | CC2: Reading KWH | CD2: Difference KWH | CE2: Reading KWH | CF2: Difference KWH | CG2: Reading KWH | CH2: Difference KWH | CI2: Reading KWH | CJ2: Difference KWH | CK2: Reading MWH | CL2: Difference KWH | CM2: m3 | CN2: ROOM NIGHTS | CO2: TOTAL GUESTS | CP2: Reading m3 | CQ2: Difference | CR2: Reading m3 | CS2: Difference | CT2: Reading KWH | CU2: Difference KWH | CV2: Reading KWH | CW2: Difference KWH | CX2: Reading KWH | CY2: Difference KWH
A3: 44773 | C3: 3.3855 | E3: 4.5298 | G3: 4.5014 | I3: 2.2527 | K3: 3.4931 | M3: 2.0446 | O3: 22636 | Q3: 2776 | S3: 1431.5 | U3: 577533.5 | W3: 531.97 | Y3: 3.9874 | AA3: 538.33 | AC3: 532.05 | AE3: 808.45 | AG3: 19589 | AI3: 901.53 | AK3: 300.24 | AM3: 279.15 | AO3: 268.99 | AQ3: 323.53 | AS3: 448.86 | AU3: 357.2 | AW3: 386.86 | AY3: 420.83 | BA3: 439.06 | BC3: 282.29 | BE3: 53299 | BG3: 250.65 | BI3: 305.23 | BK3: 254.86 | BM3: 240.43 | BO3: 308.85 | BQ3: 58687 | BS3: 218.41 | BU3: 56702 | BW3: 246.49 | BY3: 76648 | CA3: 51979.9 | CC3: 16524.8 | CE3: 8426.5 | CG3: 77930.1 | CI3: 1066753 | CK3: 1054.8 | CN3: 43 | CO3: 98 | CP3: 36583 | CR3: 22949 | CT3: 10984 | CV3: 26016 | CX3: 3778.4
A4: 44774 | C4: 3.3877 | D4: =IF((C4-C3<0), "0",(C4-C3)*1000000) -> 2200 | E4: 4.5329 | F4: =IF((E4-E3<0), "0",(E4-E3)*1000000) -> 3100 | G4: 4.505 | H4: =IF((G4-G3<0), "0",(G4-G3)*1000000) -> 3600 | I4: 2.2541 | J4: =IF((I4-I3<0), "0",(I4-I3)*1000000) -> 1400 | K4: 3.495 | L4: =IF((K4-K3<0), "0",(K4-K3)*1000000) -> 1900 | M4: 2.0461 | N4: =IF((M4-M3<0), "",(M4-M3)*1000000) -> 1500 | O4: 22654 | P4: =IF((O4-O3<0), "",O4-O3) -> 18 | Q4: 2776 | R4: =IF((Q4-Q3<0), "",Q4-Q3) -> 0 | S4: 1433.1 | T4: =IF((S4-S3<0), "",S4-S3) -> 1.6 | U4: 578052.9 | V4: =IF((U4-U3<0), "",U4-U3) -> 519.4 | W4: 532.26 | X4: =IF((W4-W3<0), "",(W4-W3)*1000) -> 290 | Y4: 3.9901 | Z4: =IF((Y4-Y3<0), "",(Y4-Y3)*1000000) -> 2700 | AA4: 538.72 | AB4: =IF((AA4-AA3<0), "",(AA4-AA3)*1000) -> 390 | AC4: 532.39 | AD4: =IF((AC4-AC3<0), "",(AC4-AC3)*1000) -> 340 | AE4: 809.15 | AF4: =IF((AE4-AE3<0), "",(AE4-AE3)*1000) -> 700 | AG4: 19623 | AH4: =IF((AG4-AG3<0), "",AG4-AG3) -> 34 | AI4: 902.09 | AJ4: =IF((AI4-AI3<0), "",(AI4-AI3)*1000) -> 560 | AK4: 300.48 | AL4: =IF((AK4-AK3<0), "",(AK4-AK3)*1000) -> 240 | AM4: 279.27 | AN4: =IF((AM4-AM3<0), "",(AM4-AM3)*1000) -> 120 | AO4: 269.17 | AP4: =IF((AO4-AO3<0), "",(AO4-AO3)*1000) -> 180 | AQ4: 323.69 | AR4: =IF((AQ4-AQ3<0), "",(AQ4-AQ3)*1000) -> 160 | AS4: 448.99 | AT4: =IF((AS4-AS3<0), "",(AS4-AS3)*1000) -> 130 | AU4: 357.29 | AV4: =IF((AU4-AU3<0), "",(AU4-AU3)*1000) -> 90 | AW4: 386.95 | AX4: =IF((AW4-AW3<0), "",(AW4-AW3)*1000) -> 90 | AY4: 420.99 | AZ4: =IF((AY4-AY3<0), "",(AY4-AY3)*1000) -> 160 | BA4: 439.19 | BB4: =IF((BA4-BA3<0), "",(BA4-BA3)*1000) -> 130 | BC4: 282.31 | BD4: =IF((BC4-BC3<0), "",(BC4-BC3)*1000) -> 20 | BE4: 53325 | BF4: =IF((BE4-BE3<0), "",BE4-BE3) -> 26 | BG4: 250.68 | BH4: =IF((BG4-BG3<0), "",(BG4-BG3)*1000) -> 30 | BI4: 305.27 | BJ4: =IF((BI4-BI3<0), "",(BI4-BI3)*1000) -> 40 | BK4: 254.9 | BL4: =IF((BK4-BK3<0), "",(BK4-BK3)*1000) -> 40 | BM4: 240.46 | BN4: =IF((BM4-BM3<0), "",(BM4-BM3)*1000) -> 30 | BO4: 308.88 | BP4: =IF((BO4-BO3<0), "",(BO4-BO3)*1000) -> 30 | BQ4: 58719 | BR4: =IF((BQ4-BQ3<0), "",BQ4-BQ3) -> 32 | BS4: 218.45 | BT4: =IF((BS4-BS3<0), "",(BS4-BS3)*1000) -> 40 | BU4: 56719 | BV4: =IF((BU4-BU3<0), "",BU4-BU3) -> 17 | BW4: 246.53 | BX4: =IF((BW4-BW3<0), "",(BW4-BW3)*1000) -> 40 | BY4: 76682 | BZ4: =IF((BY4-BY3<0), "",BY4-BY3) -> 34 | CA4: 52037.3 | CB4: =IF((CA4-CA3<0), "",CA4-CA3) -> 57.4 | CC4: 16533.5 | CD4: =IF((CC4-CC3<0), "",CC4-CC3) -> 8.7 | CE4: 8427.9 | CF4: =IF((CE4-CE3<0), "",CE4-CE3) -> 1.4 | CG4: 77986.6 | CH4: =IF((CG4-CG3<0), "",CG4-CG3) -> 56.5 | CI4: 1067047 | CJ4: =IF((CI4-CI3<0), "",CI4-CI3) -> 294 | CK4: 1055.7 | CL4: =IF((CK4-CK3<0), "",(CK4-CK3)*1000) -> 900 | CM4: =CQ4+CS4 -> 120.4 | CN4: 42 | CO4: 98 | CP4: 36680 | CQ4: =IF((CP4-CP3<0), "",CP4-CP3) -> 97 | CR4: 22972.4 | CS4: =IF((CR4-CR3<0), "",CR4-CR3) -> 23.4 | CT4: 10992 | CU4: =IF((CT4-CT3<0), "",CT4-CT3) -> 8 | CV4: 26031 | CW4: =IF((CV4-CV3<0), "",CV4-CV3) -> 15 | CX4: 3789.7 | CY4: =IF((CX4-CX3<0), "",CX4-CX3) -> 11.3
A5: 44775 | C5: 3.3898 | D5: =IF((C5-C4<0), "0",(C5-C4)*1000000) -> 2100 | E5: 4.5358 | F5: =IF((E5-E4<0), "0",(E5-E4)*1000000) -> 2900 | G5: 4.5083 | H5: =IF((G5-G4<0), "0",(G5-G4)*1000000) -> 3300 | I5: 2.2556 | J5: =IF((I5-I4<0), "0",(I5-I4)*1000000) -> 1500 | K5: 3.497 | L5: =IF((K5-K4<0), "0",(K5-K4)*1000000) -> 2000 | M5: 2.0476 | N5: =IF((M5-M4<0), "",(M5-M4)*1000000) -> 1500 | O5: 22676 | P5: =IF((O5-O4<0), "",O5-O4) -> 22 | Q5: 2780 | R5: =IF((Q5-Q4<0), "",Q5-Q4) -> 4 | S5: 1434.6 | T5: =IF((S5-S4<0), "",S5-S4) -> 1.5 | U5: 578485.9 | V5: =IF((U5-U4<0), "",U5-U4) -> 433 | W5: 532.54 | X5: =IF((W5-W4<0), "",(W5-W4)*1000) -> 280 | Y5: 3.9929 | Z5: =IF((Y5-Y4<0), "",(Y5-Y4)*1000000) -> 2800 | AA5: 539 | AB5: =IF((AA5-AA4<0), "",(AA5-AA4)*1000) -> 280 | AC5: 532.75 | AD5: =IF((AC5-AC4<0), "",(AC5-AC4)*1000) -> 360 | AE5: 809.92 | AF5: =IF((AE5-AE4<0), "",(AE5-AE4)*1000) -> 770 | AG5: 19657 | AH5: =IF((AG5-AG4<0), "",AG5-AG4) -> 34 | AI5: 902.66 | AJ5: =IF((AI5-AI4<0), "",(AI5-AI4)*1000) -> 570 | AK5: 300.69 | AL5: =IF((AK5-AK4<0), "",(AK5-AK4)*1000) -> 210 | AM5: 279.41 | AN5: =IF((AM5-AM4<0), "",(AM5-AM4)*1000) -> 140 | AO5: 269.36 | AP5: =IF((AO5-AO4<0), "",(AO5-AO4)*1000) -> 190 | AQ5: 323.86 | AR5: =IF((AQ5-AQ4<0), "",(AQ5-AQ4)*1000) -> 170 | AS5: 449.15 | AT5: =IF((AS5-AS4<0), "",(AS5-AS4)*1000) -> 160 | AU5: 357.4 | AV5: =IF((AU5-AU4<0), "",(AU5-AU4)*1000) -> 110 | AW5: 387.03 | AX5: =IF((AW5-AW4<0), "",(AW5-AW4)*1000) -> 80 | AY5: 421.18 | AZ5: =IF((AY5-AY4<0), "",(AY5-AY4)*1000) -> 190 | BA5: 439.32 | BB5: =IF((BA5-BA4<0), "",(BA5-BA4)*1000) -> 130 | BC5: 282.35 | BD5: =IF((BC5-BC4<0), "",(BC5-BC4)*1000) -> 40 | BE5: 53355 | BF5: =IF((BE5-BE4<0), "",BE5-BE4) -> 30 | BG5: 250.71 | BH5: =IF((BG5-BG4<0), "",(BG5-BG4)*1000) -> 30 | BI5: 305.29 | BJ5: =IF((BI5-BI4<0), "",(BI5-BI4)*1000) -> 20 | BK5: 254.95 | BL5: =IF((BK5-BK4<0), "",(BK5-BK4)*1000) -> 50 | BM5: 240.49 | BN5: =IF((BM5-BM4<0), "",(BM5-BM4)*1000) -> 30 | BO5: 308.92 | BP5: =IF((BO5-BO4<0), "",(BO5-BO4)*1000) -> 40 | BQ5: 58753 | BR5: =IF((BQ5-BQ4<0), "",BQ5-BQ4) -> 34 | BS5: 218.48 | BT5: =IF((BS5-BS4<0), "",(BS5-BS4)*1000) -> 30 | BU5: 56770 | BV5: =IF((BU5-BU4<0), "",BU5-BU4) -> 51 | BW5: 246.56 | BX5: =IF((BW5-BW4<0), "",(BW5-BW4)*1000) -> 30 | BY5: 76721 | BZ5: =IF((BY5-BY4<0), "",BY5-BY4) -> 39 | CA5: 52089.3 | CB5: =IF((CA5-CA4<0), "",CA5-CA4) -> 52 | CC5: 16543.8 | CD5: =IF((CC5-CC4<0), "",CC5-CC4) -> 10.3 | CE5: 8435.2 | CF5: =IF((CE5-CE4<0), "",CE5-CE4) -> 7.3 | CG5: 78040.8 | CH5: =IF((CG5-CG4<0), "",CG5-CG4) -> 54.2 | CI5: 1067336 | CJ5: =IF((CI5-CI4<0), "",CI5-CI4) -> 289 | CK5: 1056.5 | CL5: =IF((CK5-CK4<0), "",(CK5-CK4)*1000) -> 800 | CM5: =CQ5+CS5 -> 128 | CN5: 42 | CO5: 98 | CP5: 36786 | CQ5: =IF((CP5-CP4<0), "",CP5-CP4) -> 106 | CR5: 22994.4 | CS5: =IF((CR5-CR4<0), "",CR5-CR4) -> 22 | CT5: 11001 | CU5: =IF((CT5-CT4<0), "",CT5-CT4) -> 9 | CV5: 26046 | CW5: =IF((CV5-CV4<0), "",CV5-CV4) -> 15 | CX5: 3801 | CY5: =IF((CX5-CX4<0), "",CX5-CX4) -> 11.3
A6: 44776 | C6: 3.392 | D6: =IF((C6-C5<0), "0",(C6-C5)*1000000) -> 2200 | E6: 4.5388 | F6: =IF((E6-E5<0), "0",(E6-E5)*1000000) -> 3000 | G6: 4.5118 | H6: =IF((G6-G5<0), "0",(G6-G5)*1000000) -> 3500 | I6: 2.257 | J6: =IF((I6-I5<0), "0",(I6-I5)*1000000) -> 1400 | K6: 3.499 | L6: =IF((K6-K5<0), "0",(K6-K5)*1000000) -> 2000 | M6: 2.0493 | N6: =IF((M6-M5<0), "",(M6-M5)*1000000) -> 1700 | O6: 22694 | P6: =IF((O6-O5<0), "",O6-O5) -> 18 | Q6: 2782 | R6: =IF((Q6-Q5<0), "",Q6-Q5) -> 2 | S6: 1436.1 | T6: =IF((S6-S5<0), "",S6-S5) -> 1.5 | U6: 578840.1 | V6: =IF((U6-U5<0), "",U6-U5) -> 354.2 | W6: 532.85 | X6: =IF((W6-W5<0), "",(W6-W5)*1000) -> 310 | Y6: 3.9955 | Z6: =IF((Y6-Y5<0), "",(Y6-Y5)*1000000) -> 2600 | AA6: 539.39 | AB6: =IF((AA6-AA5<0), "",(AA6-AA5)*1000) -> 390 | AC6: 533.13 | AD6: =IF((AC6-AC5<0), "",(AC6-AC5)*1000) -> 380 | AE6: 810.72 | AF6: =IF((AE6-AE5<0), "",(AE6-AE5)*1000) -> 800 | AG6: 19687 | AH6: =IF((AG6-AG5<0), "",AG6-AG5) -> 30 | AI6: 903.21 | AJ6: =IF((AI6-AI5<0), "",(AI6-AI5)*1000) -> 550 | AK6: 300.88 | AL6: =IF((AK6-AK5<0), "",(AK6-AK5)*1000) -> 190 | AM6: 279.58 | AN6: =IF((AM6-AM5<0), "",(AM6-AM5)*1000) -> 170 | AO6: 269.53 | AP6: =IF((AO6-AO5<0), "",(AO6-AO5)*1000) -> 170 | AQ6: 324 | AR6: =IF((AQ6-AQ5<0), "",(AQ6-AQ5)*1000) -> 140 | AS6: 449.31 | AT6: =IF((AS6-AS5<0), "",(AS6-AS5)*1000) -> 160 | AU6: 357.51 | AV6: =IF((AU6-AU5<0), "",(AU6-AU5)*1000) -> 110 | AW6: 387.09 | AX6: =IF((AW6-AW5<0), "",(AW6-AW5)*1000) -> 60 | AY6: 421.34 | AZ6: =IF((AY6-AY5<0), "",(AY6-AY5)*1000) -> 160 | BA6: 439.45 | BB6: =IF((BA6-BA5<0), "",(BA6-BA5)*1000) -> 130 | BC6: 282.39 | BD6: =IF((BC6-BC5<0), "",(BC6-BC5)*1000) -> 40 | BE6: 53407 | BF6: =IF((BE6-BE5<0), "",BE6-BE5) -> 52 | BG6: 250.74 | BH6: =IF((BG6-BG5<0), "",(BG6-BG5)*1000) -> 30 | BI6: 305.32 | BJ6: =IF((BI6-BI5<0), "",(BI6-BI5)*1000) -> 30 | BK6: 254.98 | BL6: =IF((BK6-BK5<0), "",(BK6-BK5)*1000) -> 30 | BM6: 240.52 | BN6: =IF((BM6-BM5<0), "",(BM6-BM5)*1000) -> 30 | BO6: 308.95 | BP6: =IF((BO6-BO5<0), "",(BO6-BO5)*1000) -> 30 | BQ6: 58779 | BR6: =IF((BQ6-BQ5<0), "",BQ6-BQ5) -> 26 | BS6: 218.52 | BT6: =IF((BS6-BS5<0), "",(BS6-BS5)*1000) -> 40 | BU6: 56798 | BV6: =IF((BU6-BU5<0), "",BU6-BU5) -> 28 | BW6: 246.59 | BX6: =IF((BW6-BW5<0), "",(BW6-BW5)*1000) -> 30 | BY6: 76752 | BZ6: =IF((BY6-BY5<0), "",BY6-BY5) -> 31 | CA6: 52152.3 | CB6: =IF((CA6-CA5<0), "",CA6-CA5) -> 63 | CC6: 16554 | CD6: =IF((CC6-CC5<0), "",CC6-CC5) -> 10.2 | CE6: 8436.2 | CF6: =IF((CE6-CE5<0), "",CE6-CE5) -> 1 | CG6: 78105.8 | CH6: =IF((CG6-CG5<0), "",CG6-CG5) -> 65 | CI6: 1067629 | CJ6: =IF((CI6-CI5<0), "",CI6-CI5) -> 293 | CK6: 1057.4 | CL6: =IF((CK6-CK5<0), "",(CK6-CK5)*1000) -> 900 | CM6: =CQ6+CS6 -> 121.9 | CN6: 42 | CO6: 98 | CP6: 36888 | CQ6: =IF((CP6-CP5<0), "",CP6-CP5) -> 102 | CR6: 23014.3 | CS6: =IF((CR6-CR5<0), "",CR6-CR5) -> 19.9 | CT6: 11009 | CU6: =IF((CT6-CT5<0), "",CT6-CT5) -> 8 | CV6: 26061 | CW6: =IF((CV6-CV5<0), "",CV6-CV5) -> 15 | CX6: 3812.5 | CY6: =IF((CX6-CX5<0), "",CX6-CX5) -> 11.5
A7: 44777 | C7: 3.3941 | D7: =IF((C7-C6<0), "0",(C7-C6)*1000000) -> 2100 | E7: 4.5419 | F7: =IF((E7-E6<0), "0",(E7-E6)*1000000) -> 3100 | G7: 4.5155 | H7: =IF((G7-G6<0), "0",(G7-G6)*1000000) -> 3700 | I7: 2.2584 | J7: =IF((I7-I6<0), "0",(I7-I6)*1000000) -> 1400 | K7: 3.501 | L7: =IF((K7-K6<0), "0",(K7-K6)*1000000) -> 2000 | M7: 2.0507 | N7: =IF((M7-M6<0), "",(M7-M6)*1000000) -> 1400 | O7: 22718 | P7: =IF((O7-O6<0), "",O7-O6) -> 24 | Q7: 2785 | R7: =IF((Q7-Q6<0), "",Q7-Q6) -> 3 | S7: 1437.7 | T7: =IF((S7-S6<0), "",S7-S6) -> 1.6 | U7: 579261.8 | V7: =IF((U7-U6<0), "",U7-U6) -> 421.7 | W7: 533.15 | X7: =IF((W7-W6<0), "",(W7-W6)*1000) -> 300 | Y7: 3.9984 | Z7: =IF((Y7-Y6<0), "",(Y7-Y6)*1000000) -> 2900 | AA7: 539.62 | AB7: =IF((AA7-AA6<0), "",(AA7-AA6)*1000) -> 230 | AC7: 533.41 | AD7: =IF((AC7-AC6<0), "",(AC7-AC6)*1000) -> 280 | AE7: 811.54 | AF7: =IF((AE7-AE6<0), "",(AE7-AE6)*1000) -> 820 | AG7: 19716 | AH7: =IF((AG7-AG6<0), "",AG7-AG6) -> 29 | AI7: 903.75 | AJ7: =IF((AI7-AI6<0), "",(AI7-AI6)*1000) -> 540 | AK7: 301.06 | AL7: =IF((AK7-AK6<0), "",(AK7-AK6)*1000) -> 180 | AM7: 279.79 | AN7: =IF((AM7-AM6<0), "",(AM7-AM6)*1000) -> 210 | AO7: 269.71 | AP7: =IF((AO7-AO6<0), "",(AO7-AO6)*1000) -> 180 | AQ7: 324.14 | AR7: =IF((AQ7-AQ6<0), "",(AQ7-AQ6)*1000) -> 140 | AS7: 449.44 | AT7: =IF((AS7-AS6<0), "",(AS7-AS6)*1000) -> 130 | AU7: 357.64 | AV7: =IF((AU7-AU6<0), "",(AU7-AU6)*1000) -> 130 | AW7: 387.18 | AX7: =IF((AW7-AW6<0), "",(AW7-AW6)*1000) -> 90 | AY7: 421.51 | AZ7: =IF((AY7-AY6<0), "",(AY7-AY6)*1000) -> 170 | BA7: 439.59 | BB7: =IF((BA7-BA6<0), "",(BA7-BA6)*1000) -> 140 | BC7: 282.42 | BD7: =IF((BC7-BC6<0), "",(BC7-BC6)*1000) -> 30 | BE7: 53435 | BF7: =IF((BE7-BE6<0), "",BE7-BE6) -> 28 | BG7: 250.77 | BH7: =IF((BG7-BG6<0), "",(BG7-BG6)*1000) -> 30 | BI7: 305.34 | BJ7: =IF((BI7-BI6<0), "",(BI7-BI6)*1000) -> 20 | BK7: 255.03 | BL7: =IF((BK7-BK6<0), "",(BK7-BK6)*1000) -> 50 | BM7: 240.55 | BN7: =IF((BM7-BM6<0), "",(BM7-BM6)*1000) -> 30 | BO7: 308.99 | BP7: =IF((BO7-BO6<0), "",(BO7-BO6)*1000) -> 40 | BQ7: 58806 | BR7: =IF((BQ7-BQ6<0), "",BQ7-BQ6) -> 27 | BS7: 218.56 | BT7: =IF((BS7-BS6<0), "",(BS7-BS6)*1000) -> 40 | BU7: 56828 | BV7: =IF((BU7-BU6<0), "",BU7-BU6) -> 30 | BW7: 246.62 | BX7: =IF((BW7-BW6<0), "",(BW7-BW6)*1000) -> 30 | BY7: 76787 | BZ7: =IF((BY7-BY6<0), "",BY7-BY6) -> 35 | CA7: 52215.7 | CB7: =IF((CA7-CA6<0), "",CA7-CA6) -> 63.4 | CC7: 16564.4 | CD7: =IF((CC7-CC6<0), "",CC7-CC6) -> 10.4 | CE7: 8437.2 | CF7: =IF((CE7-CE6<0), "",CE7-CE6) -> 1 | CG7: 78164.1 | CH7: =IF((CG7-CG6<0), "",CG7-CG6) -> 58.3 | CI7: 1067909 | CJ7: =IF((CI7-CI6<0), "",CI7-CI6) -> 280 | CK7: 1058.4 | CL7: =IF((CK7-CK6<0), "",(CK7-CK6)*1000) -> 1000 | CM7: =CQ7+CS7 -> 122.3 | CN7: 42 | CO7: 98 | CP7: 36990 | CQ7: =IF((CP7-CP6<0), "",CP7-CP6) -> 102 | CR7: 23034.6 | CS7: =IF((CR7-CR6<0), "",CR7-CR6) -> 20.3 | CT7: 11018 | CU7: =IF((CT7-CT6<0), "",CT7-CT6) -> 9 | CV7: 26077 | CW7: =IF((CV7-CV6<0), "",CV7-CV6) -> 16 | CX7: 3824 | CY7: =IF((CX7-CX6<0), "",CX7-CX6) -> 11.5
A8: 44778 | C8: 3.3962 | D8: =IF((C8-C7<0), "0",(C8-C7)*1000000) -> 2100 | E8: 4.5449 | F8: =IF((E8-E7<0), "0",(E8-E7)*1000000) -> 3000 | G8: 4.519 | H8: =IF((G8-G7<0), "0",(G8-G7)*1000000) -> 3500 | I8: 2.2598 | J8: =IF((I8-I7<0), "0",(I8-I7)*1000000) -> 1400 | K8: 3.503 | L8: =IF((K8-K7<0), "0",(K8-K7)*1000000) -> 2000 | M8: 2.0524 | N8: =IF((M8-M7<0), "",(M8-M7)*1000000) -> 1700 | O8: 22738 | P8: =IF((O8-O7<0), "",O8-O7) -> 20 | Q8: 2787 | R8: =IF((Q8-Q7<0), "",Q8-Q7) -> 2 | S8: 1439.1 | T8: =IF((S8-S7<0), "",S8-S7) -> 1.4 | U8: 579648.1 | V8: =IF((U8-U7<0), "",U8-U7) -> 386.3 | W8: 533.46 | X8: =IF((W8-W7<0), "",(W8-W7)*1000) -> 310 | Y8: 4.001 | Z8: =IF((Y8-Y7<0), "",(Y8-Y7)*1000000) -> 2600 | AA8: 540.03 | AB8: =IF((AA8-AA7<0), "",(AA8-AA7)*1000) -> 410 | AC8: 533.71 | AD8: =IF((AC8-AC7<0), "",(AC8-AC7)*1000) -> 300 | AE8: 812.42 | AF8: =IF((AE8-AE7<0), "",(AE8-AE7)*1000) -> 880 | AG8: 19748 | AH8: =IF((AG8-AG7<0), "",AG8-AG7) -> 32 | AI8: 904.27 | AJ8: =IF((AI8-AI7<0), "",(AI8-AI7)*1000) -> 520 | AK8: 301.24 | AL8: =IF((AK8-AK7<0), "",(AK8-AK7)*1000) -> 180 | AM8: 279.94 | AN8: =IF((AM8-AM7<0), "",(AM8-AM7)*1000) -> 150 | AO8: 269.9 | AP8: =IF((AO8-AO7<0), "",(AO8-AO7)*1000) -> 190 | AQ8: 324.27 | AR8: =IF((AQ8-AQ7<0), "",(AQ8-AQ7)*1000) -> 130 | AS8: 449.57 | AT8: =IF((AS8-AS7<0), "",(AS8-AS7)*1000) -> 130 | AU8: 357.76 | AV8: =IF((AU8-AU7<0), "",(AU8-AU7)*1000) -> 120 | AW8: 387.31 | AX8: =IF((AW8-AW7<0), "",(AW8-AW7)*1000) -> 130 | AY8: 421.66 | AZ8: =IF((AY8-AY7<0), "",(AY8-AY7)*1000) -> 150 | BA8: 439.73 | BB8: =IF((BA8-BA7<0), "",(BA8-BA7)*1000) -> 140 | BC8: 282.45 | BD8: =IF((BC8-BC7<0), "",(BC8-BC7)*1000) -> 30 | BE8: 53480 | BF8: =IF((BE8-BE7<0), "",BE8-BE7) -> 45 | BG8: 250.8 | BH8: =IF((BG8-BG7<0), "",(BG8-BG7)*1000) -> 30 | BI8: 305.37 | BJ8: =IF((BI8-BI7<0), "",(BI8-BI7)*1000) -> 30 | BK8: 255.08 | BL8: =IF((BK8-BK7<0), "",(BK8-BK7)*1000) -> 50 | BM8: 240.57 | BN8: =IF((BM8-BM7<0), "",(BM8-BM7)*1000) -> 20 | BO8: 309.02 | BP8: =IF((BO8-BO7<0), "",(BO8-BO7)*1000) -> 30 | BQ8: 58832 | BR8: =IF((BQ8-BQ7<0), "",BQ8-BQ7) -> 26 | BS8: 218.59 | BT8: =IF((BS8-BS7<0), "",(BS8-BS7)*1000) -> 30 | BU8: 56859 | BV8: =IF((BU8-BU7<0), "",BU8-BU7) -> 31 | BW8: 246.65 | BX8: =IF((BW8-BW7<0), "",(BW8-BW7)*1000) -> 30 | BY8: 76821 | BZ8: =IF((BY8-BY7<0), "",BY8-BY7) -> 34 | CA8: 52272.2 | CB8: =IF((CA8-CA7<0), "",CA8-CA7) -> 56.5 | CC8: 16573.6 | CD8: =IF((CC8-CC7<0), "",CC8-CC7) -> 9.2 | CE8: 8444.2 | CF8: =IF((CE8-CE7<0), "",CE8-CE7) -> 7 | CG8: 78226.2 | CH8: =IF((CG8-CG7<0), "",CG8-CG7) -> 62.1 | CI8: 1068195 | CJ8: =IF((CI8-CI7<0), "",CI8-CI7) -> 286 | CK8: 1059.4 | CL8: =IF((CK8-CK7<0), "",(CK8-CK7)*1000) -> 1000 | CM8: =CQ8+CS8 -> 126.9 | CN8: 46 | CO8: 85 | CP8: 37096 | CQ8: =IF((CP8-CP7<0), "",CP8-CP7) -> 106 | CR8: 23055.5 | CS8: =IF((CR8-CR7<0), "",CR8-CR7) -> 20.9 | CT8: 11025 | CU8: =IF((CT8-CT7<0), "",CT8-CT7) -> 7 | CV8: 26093 | CW8: =IF((CV8-CV7<0), "",CV8-CV7) -> 16 | CX8: 3835.3 | CY8: =IF((CX8-CX7<0), "",CX8-CX7) -> 11.3
A9: 44779 | C9: 3.3986 | D9: =IF((C9-C8<0), "0",(C9-C8)*1000000) -> 2400 | E9: 4.548 | F9: =IF((E9-E8<0), "0",(E9-E8)*1000000) -> 3100 | G9: 4.5226 | H9: =IF((G9-G8<0), "0",(G9-G8)*1000000) -> 3600 | I9: 2.2613 | J9: =IF((I9-I8<0), "0",(I9-I8)*1000000) -> 1500 | K9: 3.5051 | L9: =IF((K9-K8<0), "0",(K9-K8)*1000000) -> 2100 | M9: 2.0542 | N9: =IF((M9-M8<0), "",(M9-M8)*1000000) -> 1800 | O9: 22759 | P9: =IF((O9-O8<0), "",O9-O8) -> 21 | Q9: 2790 | R9: =IF((Q9-Q8<0), "",Q9-Q8) -> 3 | S9: 1440.7 | T9: =IF((S9-S8<0), "",S9-S8) -> 1.6 | U9: 580077.7 | V9: =IF((U9-U8<0), "",U9-U8) -> 429.6 | W9: 533.79 | X9: =IF((W9-W8<0), "",(W9-W8)*1000) -> 330 | Y9: 4.0041 | Z9: =IF((Y9-Y8<0), "",(Y9-Y8)*1000000) -> 3100 | AA9: 540.42 | AB9: =IF((AA9-AA8<0), "",(AA9-AA8)*1000) -> 390 | AC9: 534.07 | AD9: =IF((AC9-AC8<0), "",(AC9-AC8)*1000) -> 360 | AE9: 813.39 | AF9: =IF((AE9-AE8<0), "",(AE9-AE8)*1000) -> 970 | AG9: 19786 | AH9: =IF((AG9-AG8<0), "",AG9-AG8) -> 38 | AI9: 904.45 | AJ9: =IF((AI9-AI8<0), "",(AI9-AI8)*1000) -> 180 | AK9: 301.48 | AL9: =IF((AK9-AK8<0), "",(AK9-AK8)*1000) -> 240 | AM9: 280.12 | AN9: =IF((AM9-AM8<0), "",(AM9-AM8)*1000) -> 180 | AO9: 270.11 | AP9: =IF((AO9-AO8<0), "",(AO9-AO8)*1000) -> 210 | AQ9: 324.46 | AR9: =IF((AQ9-AQ8<0), "",(AQ9-AQ8)*1000) -> 190 | AS9: 449.74 | AT9: =IF((AS9-AS8<0), "",(AS9-AS8)*1000) -> 170 | AU9: 357.88 | AV9: =IF((AU9-AU8<0), "",(AU9-AU8)*1000) -> 120 | AW9: 387.47 | AX9: =IF((AW9-AW8<0), "",(AW9-AW8)*1000) -> 160 | AY9: 421.83 | AZ9: =IF((AY9-AY8<0), "",(AY9-AY8)*1000) -> 170 | BA9: 439.9 | BB9: =IF((BA9-BA8<0), "",(BA9-BA8)*1000) -> 170 | BC9: 282.48 | BD9: =IF((BC9-BC8<0), "",(BC9-BC8)*1000) -> 30 | BE9: 53504 | BF9: =IF((BE9-BE8<0), "",BE9-BE8) -> 24 | BG9: 250.83 | BH9: =IF((BG9-BG8<0), "",(BG9-BG8)*1000) -> 30 | BI9: 305.39 | BJ9: =IF((BI9-BI8<0), "",(BI9-BI8)*1000) -> 20 | BK9: 255.13 | BL9: =IF((BK9-BK8<0), "",(BK9-BK8)*1000) -> 50 | BM9: 240.6 | BN9: =IF((BM9-BM8<0), "",(BM9-BM8)*1000) -> 30 | BO9: 309.06 | BP9: =IF((BO9-BO8<0), "",(BO9-BO8)*1000) -> 40 | BQ9: 58861 | BR9: =IF((BQ9-BQ8<0), "",BQ9-BQ8) -> 29 | BS9: 218.62 | BT9: =IF((BS9-BS8<0), "",(BS9-BS8)*1000) -> 30 | BU9: 56888 | BV9: =IF((BU9-BU8<0), "",BU9-BU8) -> 29 | BW9: 246.69 | BX9: =IF((BW9-BW8<0), "",(BW9-BW8)*1000) -> 40 | BY9: 76857 | BZ9: =IF((BY9-BY8<0), "",BY9-BY8) -> 36 | CA9: 52331 | CB9: =IF((CA9-CA8<0), "",CA9-CA8) -> 58.8 | CC9: 16587.8 | CD9: =IF((CC9-CC8<0), "",CC9-CC8) -> 14.2 | CE9: 8453.4 | CF9: =IF((CE9-CE8<0), "",CE9-CE8) -> 9.2 | CG9: 78282.6 | CH9: =IF((CG9-CG8<0), "",CG9-CG8) -> 56.4 | CI9: 1068471 | CJ9: =IF((CI9-CI8<0), "",CI9-CI8) -> 276 | CK9: 1060.3 | CL9: =IF((CK9-CK8<0), "",(CK9-CK8)*1000) -> 900 | CM9: =CQ9+CS9 -> 131.5 | CN9: 54 | CO9: 99 | CP9: 37199 | CQ9: =IF((CP9-CP8<0), "",CP9-CP8) -> 103 | CR9: 23084 | CS9: =IF((CR9-CR8<0), "",CR9-CR8) -> 28.5 | CT9: 11033 | CU9: =IF((CT9-CT8<0), "",CT9-CT8) -> 8 | CV9: 26109 | CW9: =IF((CV9-CV8<0), "",CV9-CV8) -> 16 | CX9: 3847.1 | CY9: =IF((CX9-CX8<0), "",CX9-CX8) -> 11.8
A10: 44780 | C10: 3.401 | D10: =IF((C10-C9<0), "0",(C10-C9)*1000000) -> 2400 | E10: 4.5513 | F10: =IF((E10-E9<0), "0",(E10-E9)*1000000) -> 3300 | G10: 4.5264 | H10: =IF((G10-G9<0), "0",(G10-G9)*1000000) -> 3800 | I10: 2.2628 | J10: =IF((I10-I9<0), "0",(I10-I9)*1000000) -> 1500 | K10: 3.507 | L10: =IF((K10-K9<0), "0",(K10-K9)*1000000) -> 1900 | M10: 2.0559 | N10: =IF((M10-M9<0), "",(M10-M9)*1000000) -> 1700 | O10: 22777 | P10: =IF((O10-O9<0), "",O10-O9) -> 18 | Q10: 2792 | R10: =IF((Q10-Q9<0), "",Q10-Q9) -> 2 | S10: 1442.8 | T10: =IF((S10-S9<0), "",S10-S9) -> 2.1 | U10: 580568.9 | V10: =IF((U10-U9<0), "",U10-U9) -> 491.2 | W10: 534.03 | X10: =IF((W10-W9<0), "",(W10-W9)*1000) -> 240 | Y10: 4.0069 | Z10: =IF((Y10-Y9<0), "",(Y10-Y9)*1000000) -> 2800 | AA10: 540.77 | AB10: =IF((AA10-AA9<0), "",(AA10-AA9)*1000) -> 350 | AC10: 534.44 | AD10: =IF((AC10-AC9<0), "",(AC10-AC9)*1000) -> 370 | AE10: 814.22 | AF10: =IF((AE10-AE9<0), "",(AE10-AE9)*1000) -> 830 | AG10: 19819 | AH10: =IF((AG10-AG9<0), "",AG10-AG9) -> 33 | AI10: 905.68 | AJ10: =IF((AI10-AI9<0), "",(AI10-AI9)*1000) -> 1230 | AK10: 301.64 | AL10: =IF((AK10-AK9<0), "",(AK10-AK9)*1000) -> 160 | AM10: 280.26 | AN10: =IF((AM10-AM9<0), "",(AM10-AM9)*1000) -> 140 | AO10: 270.23 | AP10: =IF((AO10-AO9<0), "",(AO10-AO9)*1000) -> 120 | AQ10: 324.63 | AR10: =IF((AQ10-AQ9<0), "",(AQ10-AQ9)*1000) -> 170 | AS10: 449.92 | AT10: =IF((AS10-AS9<0), "",(AS10-AS9)*1000) -> 180 | AU10: 358 | AV10: =IF((AU10-AU9<0), "",(AU10-AU9)*1000) -> 120 | AW10: 387.58 | AX10: =IF((AW10-AW9<0), "",(AW10-AW9)*1000) -> 110 | AY10: 422.01 | AZ10: =IF((AY10-AY9<0), "",(AY10-AY9)*1000) -> 180 | BA10: 440.03 | BB10: =IF((BA10-BA9<0), "",(BA10-BA9)*1000) -> 130 | BC10: 282.51 | BD10: =IF((BC10-BC9<0), "",(BC10-BC9)*1000) -> 30 | BE10: 53539 | BF10: =IF((BE10-BE9<0), "",BE10-BE9) -> 35 | BG10: 250.87 | BH10: =IF((BG10-BG9<0), "",(BG10-BG9)*1000) -> 40 | BI10: 305.42 | BJ10: =IF((BI10-BI9<0), "",(BI10-BI9)*1000) -> 30 | BK10: 255.18 | BL10: =IF((BK10-BK9<0), "",(BK10-BK9)*1000) -> 50 | BM10: 240.64 | BN10: =IF((BM10-BM9<0), "",(BM10-BM9)*1000) -> 40 | BO10: 309.09 | BP10: =IF((BO10-BO9<0), "",(BO10-BO9)*1000) -> 30 | BQ10: 58899 | BR10: =IF((BQ10-BQ9<0), "",BQ10-BQ9) -> 38 | BS10: 218.66 | BT10: =IF((BS10-BS9<0), "",(BS10-BS9)*1000) -> 40 | BU10: 56921 | BV10: =IF((BU10-BU9<0), "",BU10-BU9) -> 33 | BW10: 246.73 | BX10: =IF((BW10-BW9<0), "",(BW10-BW9)*1000) -> 40 | BY10: 76901 | BZ10: =IF((BY10-BY9<0), "",BY10-BY9) -> 44 | CA10: 52384.8 | CB10: =IF((CA10-CA9<0), "",CA10-CA9) -> 53.8 | CC10: 16597.1 | CD10: =IF((CC10-CC9<0), "",CC10-CC9) -> 9.3 | CE10: 8457.2 | CF10: =IF((CE10-CE9<0), "",CE10-CE9) -> 3.8 | CG10: 78348.8 | CH10: =IF((CG10-CG9<0), "",CG10-CG9) -> 66.2 | CI10: 1068762 | CJ10: =IF((CI10-CI9<0), "",CI10-CI9) -> 291 | CK10: 1061.2 | CL10: =IF((CK10-CK9<0), "",(CK10-CK9)*1000) -> 900 | CM10: =CQ10+CS10 -> 127.2 | CN10: 54 | CO10: 101 | CP10: 37309 | CQ10: =IF((CP10-CP9<0), "",CP10-CP9) -> 110 | CR10: 23101.2 | CS10: =IF((CR10-CR9<0), "",CR10-CR9) -> 17.2 | CT10: 11040 | CU10: =IF((CT10-CT9<0), "",CT10-CT9) -> 7 | CV10: 26127 | CW10: =IF((CV10-CV9<0), "",CV10-CV9) -> 18 | CX10: 3858.5 | CY10: =IF((CX10-CX9<0), "",CX10-CX9) -> 11.4
A11: 44781 | C11: 3.4032 | D11: =IF((C11-C10<0), "0",(C11-C10)*1000000) -> 2200 | E11: 4.5544 | F11: =IF((E11-E10<0), "0",(E11-E10)*1000000) -> 3100 | G11: 4.53 | H11: =IF((G11-G10<0), "0",(G11-G10)*1000000) -> 3600 | I11: 2.2643 | J11: =IF((I11-I10<0), "0",(I11-I10)*1000000) -> 1500 | K11: 3.509 | L11: =IF((K11-K10<0), "0",(K11-K10)*1000000) -> 2000 | M11: 2.0575 | N11: =IF((M11-M10<0), "",(M11-M10)*1000000) -> 1600 | O11: 22795 | P11: =IF((O11-O10<0), "",O11-O10) -> 18 | Q11: 2793 | R11: =IF((Q11-Q10<0), "",Q11-Q10) -> 1 | S11: 1444.2 | T11: =IF((S11-S10<0), "",S11-S10) -> 1.4 | U11: 581112.8 | V11: =IF((U11-U10<0), "",U11-U10) -> 543.9 | W11: 534.29 | X11: =IF((W11-W10<0), "",(W11-W10)*1000) -> 260 | Y11: 4.0101 | Z11: =IF((Y11-Y10<0), "",(Y11-Y10)*1000000) -> 3200 | AA11: 541.18 | AB11: =IF((AA11-AA10<0), "",(AA11-AA10)*1000) -> 410 | AC11: 534.75 | AD11: =IF((AC11-AC10<0), "",(AC11-AC10)*1000) -> 310 | AE11: 814.99 | AF11: =IF((AE11-AE10<0), "",(AE11-AE10)*1000) -> 770 | AG11: 19857 | AH11: =IF((AG11-AG10<0), "",AG11-AG10) -> 38 | AI11: 906.39 | AJ11: =IF((AI11-AI10<0), "",(AI11-AI10)*1000) -> 710 | AK11: 301.83 | AL11: =IF((AK11-AK10<0), "",(AK11-AK10)*1000) -> 190 | AM11: 280.41 | AN11: =IF((AM11-AM10<0), "",(AM11-AM10)*1000) -> 150 | AO11: 270.36 | AP11: =IF((AO11-AO10<0), "",(AO11-AO10)*1000) -> 130 | AQ11: 324.82 | AR11: =IF((AQ11-AQ10<0), "",(AQ11-AQ10)*1000) -> 190 | AS11: 450.1 | AT11: =IF((AS11-AS10<0), "",(AS11-AS10)*1000) -> 180 | AU11: 358.13 | AV11: =IF((AU11-AU10<0), "",(AU11-AU10)*1000) -> 130 | AW11: 387.7 | AX11: =IF((AW11-AW10<0), "",(AW11-AW10)*1000) -> 120 | AY11: 422.18 | AZ11: =IF((AY11-AY10<0), "",(AY11-AY10)*1000) -> 170 | BA11: 440.13 | BB11: =IF((BA11-BA10<0), "",(BA11-BA10)*1000) -> 100 | BC11: 282.53 | BD11: =IF((BC11-BC10<0), "",(BC11-BC10)*1000) -> 20 | BE11: 53604 | BF11: =IF((BE11-BE10<0), "",BE11-BE10) -> 65 | BG11: 250.89 | BH11: =IF((BG11-BG10<0), "",(BG11-BG10)*1000) -> 20 | BI11: 305.45 | BJ11: =IF((BI11-BI10<0), "",(BI11-BI10)*1000) -> 30 | BK11: 255.22 | BL11: =IF((BK11-BK10<0), "",(BK11-BK10)*1000) -> 40 | BM11: 240.67 | BN11: =IF((BM11-BM10<0), "",(BM11-BM10)*1000) -> 30 | BO11: 309.11 | BP11: =IF((BO11-BO10<0), "",(BO11-BO10)*1000) -> 20 | BQ11: 58924 | BR11: =IF((BQ11-BQ10<0), "",BQ11-BQ10) -> 25 | BS11: 218.69 | BT11: =IF((BS11-BS10<0), "",(BS11-BS10)*1000) -> 30 | BU11: 56948 | BV11: =IF((BU11-BU10<0), "",BU11-BU10) -> 27 | BW11: 246.76 | BX11: =IF((BW11-BW10<0), "",(BW11-BW10)*1000) -> 30 | BY11: 76937 | BZ11: =IF((BY11-BY10<0), "",BY11-BY10) -> 36 | CA11: 52450.4 | CB11: =IF((CA11-CA10<0), "",CA11-CA10) -> 65.6 | CC11: 16609 | CD11: =IF((CC11-CC10<0), "",CC11-CC10) -> 11.9 | CE11: 8465.5 | CF11: =IF((CE11-CE10<0), "",CE11-CE10) -> 8.3 | CG11: 78403.4 | CH11: =IF((CG11-CG10<0), "",CG11-CG10) -> 54.6 | CI11: 1069070 | CJ11: =IF((CI11-CI10<0), "",CI11-CI10) -> 308 | CK11: 1062 | CL11: =IF((CK11-CK10<0), "",(CK11-CK10)*1000) -> 800 | CM11: =CQ11+CS11 -> 126.8 | CN11: 54 | CO11: 124 | CP11: 37407 | CQ11: =IF((CP11-CP10<0), "",CP11-CP10) -> 98 | CR11: 23130 | CS11: =IF((CR11-CR10<0), "",CR11-CR10) -> 28.8 | CT11: 11048 | CU11: =IF((CT11-CT10<0), "",CT11-CT10) -> 8 | CV11: 26151 | CW11: =IF((CV11-CV10<0), "",CV11-CV10) -> 24 | CX11: 3865.5 | CY11: =IF((CX11-CX10<0), "",CX11-CX10) -> 7
A12: 44782 | C12: 3.4054 | D12: =IF((C12-C11<0), "0",(C12-C11)*1000000) -> 2200 | E12: 4.5576 | F12: =IF((E12-E11<0), "0",(E12-E11)*1000000) -> 3200 | G12: 4.5337 | H12: =IF((G12-G11<0), "0",(G12-G11)*1000000) -> 3700 | I12: 2.2658 | J12: =IF((I12-I11<0), "0",(I12-I11)*1000000) -> 1500 | K12: 3.511 | L12: =IF((K12-K11<0), "0",(K12-K11)*1000000) -> 2000 | M12: 2.0591 | N12: =IF((M12-M11<0), "",(M12-M11)*1000000) -> 1600 | O12: 22821 | P12: =IF((O12-O11<0), "",O12-O11) -> 26 | Q12: 2797 | R12: =IF((Q12-Q11<0), "",Q12-Q11) -> 4 | S12: 1445.8 | T12: =IF((S12-S11<0), "",S12-S11) -> 1.6 | U12: 581521.1 | V12: =IF((U12-U11<0), "",U12-U11) -> 408.3 | W12: 534.52 | X12: =IF((W12-W11<0), "",(W12-W11)*1000) -> 230 | Y12: 4.013 | Z12: =IF((Y12-Y11<0), "",(Y12-Y11)*1000000) -> 2900 | AA12: 541.58 | AB12: =IF((AA12-AA11<0), "",(AA12-AA11)*1000) -> 400 | AC12: 535.07 | AD12: =IF((AC12-AC11<0), "",(AC12-AC11)*1000) -> 320 | AE12: 815.73 | AF12: =IF((AE12-AE11<0), "",(AE12-AE11)*1000) -> 740 | AG12: 19889 | AH12: =IF((AG12-AG11<0), "",AG12-AG11) -> 32 | AI12: 907 | AJ12: =IF((AI12-AI11<0), "",(AI12-AI11)*1000) -> 610 | AK12: 302.04 | AL12: =IF((AK12-AK11<0), "",(AK12-AK11)*1000) -> 210 | AM12: 280.56 | AN12: =IF((AM12-AM11<0), "",(AM12-AM11)*1000) -> 150 | AO12: 270.46 | AP12: =IF((AO12-AO11<0), "",(AO12-AO11)*1000) -> 100 | AQ12: 324.96 | AR12: =IF((AQ12-AQ11<0), "",(AQ12-AQ11)*1000) -> 140 | AS12: 450.28 | AT12: =IF((AS12-AS11<0), "",(AS12-AS11)*1000) -> 180 | AU12: 358.25 | AV12: =IF((AU12-AU11<0), "",(AU12-AU11)*1000) -> 120 | AW12: 387.81 | AX12: =IF((AW12-AW11<0), "",(AW12-AW11)*1000) -> 110 | AY12: 422.32 | AZ12: =IF((AY12-AY11<0), "",(AY12-AY11)*1000) -> 140 | BA12: 440.24 | BB12: =IF((BA12-BA11<0), "",(BA12-BA11)*1000) -> 110 | BC12: 282.56 | BD12: =IF((BC12-BC11<0), "",(BC12-BC11)*1000) -> 30 | BE12: 53642 | BF12: =IF((BE12-BE11<0), "",BE12-BE11) -> 38 | BG12: 250.92 | BH12: =IF((BG12-BG11<0), "",(BG12-BG11)*1000) -> 30 | BI12: 305.48 | BJ12: =IF((BI12-BI11<0), "",(BI12-BI11)*1000) -> 30 | BK12: 255.27 | BL12: =IF((BK12-BK11<0), "",(BK12-BK11)*1000) -> 50 | BM12: 240.7 | BN12: =IF((BM12-BM11<0), "",(BM12-BM11)*1000) -> 30 | BO12: 309.15 | BP12: =IF((BO12-BO11<0), "",(BO12-BO11)*1000) -> 40 | BQ12: 58958 | BR12: =IF((BQ12-BQ11<0), "",BQ12-BQ11) -> 34 | BS12: 218.72 | BT12: =IF((BS12-BS11<0), "",(BS12-BS11)*1000) -> 30 | BU12: 56982 | BV12: =IF((BU12-BU11<0), "",BU12-BU11) -> 34 | BW12: 246.79 | BX12: =IF((BW12-BW11<0), "",(BW12-BW11)*1000) -> 30 | BY12: 76974 | BZ12: =IF((BY12-BY11<0), "",BY12-BY11) -> 37 | CA12: 52506.8 | CB12: =IF((CA12-CA11<0), "",CA12-CA11) -> 56.4 | CC12: 16618.1 | CD12: =IF((CC12-CC11<0), "",CC12-CC11) -> 9.1 | CE12: 8470.7 | CF12: =IF((CE12-CE11<0), "",CE12-CE11) -> 5.2 | CG12: 78462.3 | CH12: =IF((CG12-CG11<0), "",CG12-CG11) -> 58.9 | CI12: 1069348 | CJ12: =IF((CI12-CI11<0), "",CI12-CI11) -> 278 | CK12: 1062.9 | CL12: =IF((CK12-CK11<0), "",(CK12-CK11)*1000) -> 900 | CM12: =CQ12+CS12 -> 123 | CN12: 52 | CO12: 120 | CP12: 37511 | CQ12: =IF((CP12-CP11<0), "",CP12-CP11) -> 104 | CR12: 23149 | CS12: =IF((CR12-CR11<0), "",CR12-CR11) -> 19 | CT12: 11058 | CU12: =IF((CT12-CT11<0), "",CT12-CT11) -> 10 | CV12: 26173 | CW12: =IF((CV12-CV11<0), "",CV12-CV11) -> 22 | CX12: 3876.5 | CY12: =IF((CX12-CX11<0), "",CX12-CX11) -> 11
A13: 44783 | C13: 3.4074 | D13: =IF((C13-C12<0), "0",(C13-C12)*1000000) -> 2000 | E13: 4.5604 | F13: =IF((E13-E12<0), "0",(E13-E12)*1000000) -> 2800 | G13: 4.5372 | H13: =IF((G13-G12<0), "0",(G13-G12)*1000000) -> 3500 | I13: 2.2672 | J13: =IF((I13-I12<0), "0",(I13-I12)*1000000) -> 1400 | K13: 3.513 | L13: =IF((K13-K12<0), "0",(K13-K12)*1000000) -> 2000 | M13: 2.0605 | N13: =IF((M13-M12<0), "",(M13-M12)*1000000) -> 1400 | O13: 22840 | P13: =IF((O13-O12<0), "",O13-O12) -> 19 | Q13: 2798 | R13: =IF((Q13-Q12<0), "",Q13-Q12) -> 1 | S13: 1447.3 | T13: =IF((S13-S12<0), "",S13-S12) -> 1.5 | U13: 581854.1 | V13: =IF((U13-U12<0), "",U13-U12) -> 333 | W13: 534.77 | X13: =IF((W13-W12<0), "",(W13-W12)*1000) -> 250 | Y13: 4.0155 | Z13: =IF((Y13-Y12<0), "",(Y13-Y12)*1000000) -> 2500 | AA13: 541.96 | AB13: =IF((AA13-AA12<0), "",(AA13-AA12)*1000) -> 380 | AC13: 535.35 | AD13: =IF((AC13-AC12<0), "",(AC13-AC12)*1000) -> 280 | AE13: 816.46 | AF13: =IF((AE13-AE12<0), "",(AE13-AE12)*1000) -> 730 | AG13: 19917 | AH13: =IF((AG13-AG12<0), "",AG13-AG12) -> 28 | AI13: 907.54 | AJ13: =IF((AI13-AI12<0), "",(AI13-AI12)*1000) -> 540 | AK13: 302.22 | AL13: =IF((AK13-AK12<0), "",(AK13-AK12)*1000) -> 180 | AM13: 280.71 | AN13: =IF((AM13-AM12<0), "",(AM13-AM12)*1000) -> 150 | AO13: 270.56 | AP13: =IF((AO13-AO12<0), "",(AO13-AO12)*1000) -> 100 | AQ13: 325.09 | AR13: =IF((AQ13-AQ12<0), "",(AQ13-AQ12)*1000) -> 130 | AS13: 450.45 | AT13: =IF((AS13-AS12<0), "",(AS13-AS12)*1000) -> 170 | AU13: 358.34 | AV13: =IF((AU13-AU12<0), "",(AU13-AU12)*1000) -> 90 | AW13: 387.91 | AX13: =IF((AW13-AW12<0), "",(AW13-AW12)*1000) -> 100 | AY13: 422.45 | AZ13: =IF((AY13-AY12<0), "",(AY13-AY12)*1000) -> 130 | BA13: 440.33 | BB13: =IF((BA13-BA12<0), "",(BA13-BA12)*1000) -> 90 | BC13: 282.6 | BD13: =IF((BC13-BC12<0), "",(BC13-BC12)*1000) -> 40 | BE13: 53685 | BF13: =IF((BE13-BE12<0), "",BE13-BE12) -> 43 | BG13: 250.94 | BH13: =IF((BG13-BG12<0), "",(BG13-BG12)*1000) -> 20 | BI13: 305.5 | BJ13: =IF((BI13-BI12<0), "",(BI13-BI12)*1000) -> 20 | BK13: 255.31 | BL13: =IF((BK13-BK12<0), "",(BK13-BK12)*1000) -> 40 | BM13: 240.73 | BN13: =IF((BM13-BM12<0), "",(BM13-BM12)*1000) -> 30 | BO13: 309.17 | BP13: =IF((BO13-BO12<0), "",(BO13-BO12)*1000) -> 20 | BQ13: 58985 | BR13: =IF((BQ13-BQ12<0), "",BQ13-BQ12) -> 27 | BS13: 218.74 | BT13: =IF((BS13-BS12<0), "",(BS13-BS12)*1000) -> 20 | BU13: 57014 | BV13: =IF((BU13-BU12<0), "",BU13-BU12) -> 32 | BW13: 246.82 | BX13: =IF((BW13-BW12<0), "",(BW13-BW12)*1000) -> 30 | BY13: 77008 | BZ13: =IF((BY13-BY12<0), "",BY13-BY12) -> 34 | CA13: 52550.9 | CB13: =IF((CA13-CA12<0), "",CA13-CA12) -> 44.1 | CC13: 16626.3 | CD13: =IF((CC13-CC12<0), "",CC13-CC12) -> 8.2 | CE13: 8474.4 | CF13: =IF((CE13-CE12<0), "",CE13-CE12) -> 3.7 | CG13: 78507.7 | CH13: =IF((CG13-CG12<0), "",CG13-CG12) -> 45.4 | CI13: 1069636 | CJ13: =IF((CI13-CI12<0), "",CI13-CI12) -> 288 | CK13: 1063.9 | CL13: =IF((CK13-CK12<0), "",(CK13-CK12)*1000) -> 1000 | CM13: =CQ13+CS13 -> 127 | CN13: 51 | CO13: 119 | CP13: 37610 | CQ13: =IF((CP13-CP12<0), "",CP13-CP12) -> 99 | CR13: 23177 | CS13: =IF((CR13-CR12<0), "",CR13-CR12) -> 28 | CT13: 11067 | CU13: =IF((CT13-CT12<0), "",CT13-CT12) -> 9 | CV13: 26195 | CW13: =IF((CV13-CV12<0), "",CV13-CV12) -> 22 | CX13: 3887.2 | CY13: =IF((CX13-CX12<0), "",CX13-CX12) -> 10.7
A14: 44784 | C14: 3.4095 | D14: =IF((C14-C13<0), "0",(C14-C13)*1000000) -> 2100 | E14: 4.5637 | F14: =IF((E14-E13<0), "0",(E14-E13)*1000000) -> 3300 | G14: 4.541 | H14: =IF((G14-G13<0), "0",(G14-G13)*1000000) -> 3800 | I14: 2.2686 | J14: =IF((I14-I13<0), "0",(I14-I13)*1000000) -> 1400 | K14: 3.515 | L14: =IF((K14-K13<0), "0",(K14-K13)*1000000) -> 2000 | M14: 2.0619 | N14: =IF((M14-M13<0), "",(M14-M13)*1000000) -> 1400 | O14: 22859 | P14: =IF((O14-O13<0), "",O14-O13) -> 19 | Q14: 2800 | R14: =IF((Q14-Q13<0), "",Q14-Q13) -> 2 | S14: 1449.1 | T14: =IF((S14-S13<0), "",S14-S13) -> 1.8 | U14: 582293.7 | V14: =IF((U14-U13<0), "",U14-U13) -> 439.6 | W14: 535.12 | X14: =IF((W14-W13<0), "",(W14-W13)*1000) -> 350 | Y14: 4.0186 | Z14: =IF((Y14-Y13<0), "",(Y14-Y13)*1000000) -> 3100 | AA14: 542.22 | AB14: =IF((AA14-AA13<0), "",(AA14-AA13)*1000) -> 260 | AC14: 535.65 | AD14: =IF((AC14-AC13<0), "",(AC14-AC13)*1000) -> 300 | AE14: 817.19 | AF14: =IF((AE14-AE13<0), "",(AE14-AE13)*1000) -> 730 | AG14: 19948 | AH14: =IF((AG14-AG13<0), "",AG14-AG13) -> 31 | AI14: 908.17 | AJ14: =IF((AI14-AI13<0), "",(AI14-AI13)*1000) -> 630 | AK14: 302.43 | AL14: =IF((AK14-AK13<0), "",(AK14-AK13)*1000) -> 210 | AM14: 280.89 | AN14: =IF((AM14-AM13<0), "",(AM14-AM13)*1000) -> 180 | AO14: 270.69 | AP14: =IF((AO14-AO13<0), "",(AO14-AO13)*1000) -> 130 | AQ14: 325.27 | AR14: =IF((AQ14-AQ13<0), "",(AQ14-AQ13)*1000) -> 180 | AS14: 450.64 | AT14: =IF((AS14-AS13<0), "",(AS14-AS13)*1000) -> 190 | AU14: 358.43 | AV14: =IF((AU14-AU13<0), "",(AU14-AU13)*1000) -> 90 | AW14: 388.02 | AX14: =IF((AW14-AW13<0), "",(AW14-AW13)*1000) -> 110 | AY14: 422.56 | AZ14: =IF((AY14-AY13<0), "",(AY14-AY13)*1000) -> 110 | BA14: 440.41 | BB14: =IF((BA14-BA13<0), "",(BA14-BA13)*1000) -> 80 | BC14: 282.64 | BD14: =IF((BC14-BC13<0), "",(BC14-BC13)*1000) -> 40 | BE14: 53722 | BF14: =IF((BE14-BE13<0), "",BE14-BE13) -> 37 | BG14: 250.97 | BH14: =IF((BG14-BG13<0), "",(BG14-BG13)*1000) -> 30 | BI14: 305.53 | BJ14: =IF((BI14-BI13<0), "",(BI14-BI13)*1000) -> 30 | BK14: 255.35 | BL14: =IF((BK14-BK13<0), "",(BK14-BK13)*1000) -> 40 | BM14: 240.76 | BN14: =IF((BM14-BM13<0), "",(BM14-BM13)*1000) -> 30 | BO14: 309.21 | BP14: =IF((BO14-BO13<0), "",(BO14-BO13)*1000) -> 40 | BQ14: 59019 | BR14: =IF((BQ14-BQ13<0), "",BQ14-BQ13) -> 34 | BS14: 218.77 | BT14: =IF((BS14-BS13<0), "",(BS14-BS13)*1000) -> 30 | BU14: 57046 | BV14: =IF((BU14-BU13<0), "",BU14-BU13) -> 32 | BW14: 246.85 | BX14: =IF((BW14-BW13<0), "",(BW14-BW13)*1000) -> 30 | BY14: 77046 | BZ14: =IF((BY14-BY13<0), "",BY14-BY13) -> 38 | CA14: 52611.2 | CB14: =IF((CA14-CA13<0), "",CA14-CA13) -> 60.3 | CC14: 16646.9 | CD14: =IF((CC14-CC13<0), "",CC14-CC13) -> 20.6 | CE14: 8477.8 | CF14: =IF((CE14-CE13<0), "",CE14-CE13) -> 3.4 | CG14: 78553.4 | CH14: =IF((CG14-CG13<0), "",CG14-CG13) -> 45.7 | CI14: 1069930 | CJ14: =IF((CI14-CI13<0), "",CI14-CI13) -> 294 | CK14: 1064.8 | CL14: =IF((CK14-CK13<0), "",(CK14-CK13)*1000) -> 900 | CM14: =CQ14+CS14 -> 114 | CN14: 41 | CO14: 91 | CP14: 37705 | CQ14: =IF((CP14-CP13<0), "",CP14-CP13) -> 95 | CR14: 23196 | CS14: =IF((CR14-CR13<0), "",CR14-CR13) -> 19 | CT14: 11077 | CU14: =IF((CT14-CT13<0), "",CT14-CT13) -> 10 | CV14: 26216 | CW14: =IF((CV14-CV13<0), "",CV14-CV13) -> 21 | CX14: 3898.5 | CY14: =IF((CX14-CX13<0), "",CX14-CX13) -> 11.3
A15: 44785 | C15: 3.4116 | D15: =IF((C15-C14<0), "0",(C15-C14)*1000000) -> 2100 | E15: 4.5669 | F15: =IF((E15-E14<0), "0",(E15-E14)*1000000) -> 3200 | G15: 4.5445 | H15: =IF((G15-G14<0), "0",(G15-G14)*1000000) -> 3500 | I15: 2.2701 | J15: =IF((I15-I14<0), "0",(I15-I14)*1000000) -> 1500 | K15: 3.517 | L15: =IF((K15-K14<0), "0",(K15-K14)*1000000) -> 2000 | M15: 2.0634 | N15: =IF((M15-M14<0), "",(M15-M14)*1000000) -> 1500 | O15: 22889 | P15: =IF((O15-O14<0), "",O15-O14) -> 30 | Q15: 2803 | R15: =IF((Q15-Q14<0), "",Q15-Q14) -> 3 | S15: 1450.4 | T15: =IF((S15-S14<0), "",S15-S14) -> 1.3 | U15: 582677.5 | V15: =IF((U15-U14<0), "",U15-U14) -> 383.8 | W15: 535.41 | X15: =IF((W15-W14<0), "",(W15-W14)*1000) -> 290 | Y15: 4.0197 | Z15: =IF((Y15-Y14<0), "",(Y15-Y14)*1000000) -> 1100 | AA15: 542.62 | AB15: =IF((AA15-AA14<0), "",(AA15-AA14)*1000) -> 400 | AC15: 535.97 | AD15: =IF((AC15-AC14<0), "",(AC15-AC14)*1000) -> 320 | AE15: 817.9 | AF15: =IF((AE15-AE14<0), "",(AE15-AE14)*1000) -> 710 | AG15: 19982 | AH15: =IF((AG15-AG14<0), "",AG15-AG14) -> 34 | AI15: 908.82 | AJ15: =IF((AI15-AI14<0), "",(AI15-AI14)*1000) -> 650 | AK15: 302.62 | AL15: =IF((AK15-AK14<0), "",(AK15-AK14)*1000) -> 190 | AM15: 281.07 | AN15: =IF((AM15-AM14<0), "",(AM15-AM14)*1000) -> 180 | AO15: 270.8 | AP15: =IF((AO15-AO14<0), "",(AO15-AO14)*1000) -> 110 | AQ15: 325.37 | AR15: =IF((AQ15-AQ14<0), "",(AQ15-AQ14)*1000) -> 100 | AS15: 450.82 | AT15: =IF((AS15-AS14<0), "",(AS15-AS14)*1000) -> 180 | AU15: 358.54 | AV15: =IF((AU15-AU14<0), "",(AU15-AU14)*1000) -> 110 | AW15: 388.13 | AX15: =IF((AW15-AW14<0), "",(AW15-AW14)*1000) -> 110 | AY15: 422.65 | AZ15: =IF((AY15-AY14<0), "",(AY15-AY14)*1000) -> 90 | BA15: 440.54 | BB15: =IF((BA15-BA14<0), "",(BA15-BA14)*1000) -> 130 | BC15: 282.66 | BD15: =IF((BC15-BC14<0), "",(BC15-BC14)*1000) -> 20 | BE15: 53764 | BF15: =IF((BE15-BE14<0), "",BE15-BE14) -> 42 | BG15: 250.99 | BH15: =IF((BG15-BG14<0), "",(BG15-BG14)*1000) -> 20 | BI15: 305.56 | BJ15: =IF((BI15-BI14<0), "",(BI15-BI14)*1000) -> 30 | BK15: 255.39 | BL15: =IF((BK15-BK14<0), "",(BK15-BK14)*1000) -> 40 | BM15: 240.8 | BN15: =IF((BM15-BM14<0), "",(BM15-BM14)*1000) -> 40 | BO15: 309.24 | BP15: =IF((BO15-BO14<0), "",(BO15-BO14)*1000) -> 30 | BQ15: 59049 | BR15: =IF((BQ15-BQ14<0), "",BQ15-BQ14) -> 30 | BS15: 218.8 | BT15: =IF((BS15-BS14<0), "",(BS15-BS14)*1000) -> 30 | BU15: 57085 | BV15: =IF((BU15-BU14<0), "",BU15-BU14) -> 39 | BW15: 246.89 | BX15: =IF((BW15-BW14<0), "",(BW15-BW14)*1000) -> 40 | BY15: 77085 | BZ15: =IF((BY15-BY14<0), "",BY15-BY14) -> 39 | CA15: 52658 | CB15: =IF((CA15-CA14<0), "",CA15-CA14) -> 46.8 | CC15: 16656.9 | CD15: =IF((CC15-CC14<0), "",CC15-CC14) -> 10 | CE15: 8482.1 | CF15: =IF((CE15-CE14<0), "",CE15-CE14) -> 4.3 | CG15: 78600.3 | CH15: =IF((CG15-CG14<0), "",CG15-CG14) -> 46.9 | CI15: 1070224 | CJ15: =IF((CI15-CI14<0), "",CI15-CI14) -> 294 | CK15: 1065.8 | CL15: =IF((CK15-CK14<0), "",(CK15-CK14)*1000) -> 1000 | CM15: =CQ15+CS15 -> 126 | CN15: 42 | CO15: 94 | CP15: 37808 | CQ15: =IF((CP15-CP14<0), "",CP15-CP14) -> 103 | CR15: 23219 | CS15: =IF((CR15-CR14<0), "",CR15-CR14) -> 23 | CT15: 11086 | CU15: =IF((CT15-CT14<0), "",CT15-CT14) -> 9 | CV15: 26237 | CW15: =IF((CV15-CV14<0), "",CV15-CV14) -> 21 | CX15: 3908.8 | CY15: =IF((CX15-CX14<0), "",CX15-CX14) -> 10.3
... A25: 44795 | C25: 3.436 | D25: =IF((C25-C24<0), "0",(C25-C24)*1000000) -> 2000 | E25: 4.5982 | F25: =IF((E25-E24<0), "0",(E25-E24)*1000000) -> 3000 | G25: 4.5776 | H25: =IF((G25-G24<0), "0",(G25-G24)*1000000) -> 2900 | I25: 2.2848 | J25: =IF((I25-I24<0), "0",(I25-I24)*1000000) -> 1500 | K25: 3.538 | L25: =IF((K25-K24<0), "0",(K25-K24)*1000000) -> 2000 | M25: 2.0788 | N25: =IF((M25-M24<0), "",(M25-M24)*1000000) -> 1600 | O25: 23129 | P25: =IF((O25-O24<0), "",O25-O24) -> 36 | Q25: 2833 | R25: =IF((Q25-Q24<0), "",Q25-Q24) -> 4 | S25: 1463.9 | T25: =IF((S25-S24<0), "",S25-S24) -> 1.2 | U25: 586544.5 | V25: =IF((U25-U24<0), "",U25-U24) -> 434.6 | W25: 538.43 | X25: =IF((W25-W24<0), "",(W25-W24)*1000) -> 350 | Y25: 4.0499 | Z25: =IF((Y25-Y24<0), "",(Y25-Y24)*1000000) -> 2900 | AA25: 546.09 | AB25: =IF((AA25-AA24<0), "",(AA25-AA24)*1000) -> 370 | AC25: 539.1 | AD25: =IF((AC25-AC24<0), "",(AC25-AC24)*1000) -> 330 | AE25: 825.67 | AF25: =IF((AE25-AE24<0), "",(AE25-AE24)*1000) -> 880 | AG25: 20336 | AH25: =IF((AG25-AG24<0), "",AG25-AG24) -> 42 | AI25: 915.49 | AJ25: =IF((AI25-AI24<0), "",(AI25-AI24)*1000) -> 640 | AK25: 304.56 | AL25: =IF((AK25-AK24<0), "",(AK25-AK24)*1000) -> 200 | AM25: 282.93 | AN25: =IF((AM25-AM24<0), "",(AM25-AM24)*1000) -> 170 | AO25: 272.47 | AP25: =IF((AO25-AO24<0), "",(AO25-AO24)*1000) -> 210 | AQ25: 326.96 | AR25: =IF((AQ25-AQ24<0), "",(AQ25-AQ24)*1000) -> 160 | AS25: 452.64 | AT25: =IF((AS25-AS24<0), "",(AS25-AS24)*1000) -> 140 | AU25: 360.28 | AV25: =IF((AU25-AU24<0), "",(AU25-AU24)*1000) -> 120 | AW25: 389.23 | AX25: =IF((AW25-AW24<0), "",(AW25-AW24)*1000) -> 100 | AY25: 424.31 | AZ25: =IF((AY25-AY24<0), "",(AY25-AY24)*1000) -> 230 | BA25: 441.88 | BB25: =IF((BA25-BA24<0), "",(BA25-BA24)*1000) -> 160 | BC25: 283.21 | BD25: =IF((BC25-BC24<0), "",(BC25-BC24)*1000) -> 90 | BE25: 54175 | BF25: =IF((BE25-BE24<0), "",BE25-BE24) -> 76 | BG25: 251.29 | BH25: =IF((BG25-BG24<0), "",(BG25-BG24)*1000) -> 30 | BI25: 305.85 | BJ25: =IF((BI25-BI24<0), "",(BI25-BI24)*1000) -> 30 | BK25: 255.78 | BL25: =IF((BK25-BK24<0), "",(BK25-BK24)*1000) -> 40 | BM25: 241.14 | BN25: =IF((BM25-BM24<0), "",(BM25-BM24)*1000) -> 30 | BO25: 309.64 | BP25: =IF((BO25-BO24<0), "",(BO25-BO24)*1000) -> 40 | BQ25: 59365 | BR25: =IF((BQ25-BQ24<0), "",BQ25-BQ24) -> 32 | BS25: 219.16 | BT25: =IF((BS25-BS24<0), "",(BS25-BS24)*1000) -> 40 | BU25: 57422 | BV25: =IF((BU25-BU24<0), "",BU25-BU24) -> 32 | BW25: 247.24 | BX25: =IF((BW25-BW24<0), "",(BW25-BW24)*1000) -> 40 | BY25: 77488 | BZ25: =IF((BY25-BY24<0), "",BY25-BY24) -> 37 | CA25: 53229.8 | CB25: =IF((CA25-CA24<0), "",CA25-CA24) -> 69.5 | CC25: 16762.5 | CD25: =IF((CC25-CC24<0), "",CC25-CC24) -> 11.1 | CE25: 8517.8 | CF25: =IF((CE25-CE24<0), "",CE25-CE24) -> 2 | CG25: 79083.3 | CH25: =IF((CG25-CG24<0), "",CG25-CG24) -> 47.3 | CI25: 1073126 | CJ25: =IF((CI25-CI24<0), "",CI25-CI24) -> 295 | CK25: 1075 | CL25: =IF((CK25-CK24<0), "",(CK25-CK24)*1000) -> 1000 | CM25: =CQ25+CS25 -> 128.8 | CN25: 30 | CO25: 57 | CP25: 38755 | CQ25: =IF((CP25-CP24<0), "",CP25-CP24) -> 105 | CR25: 23450 | CS25: =IF((CR25-CR24<0), "",CR25-CR24) -> 23.8 | CT25: 11180 | CU25: =IF((CT25-CT24<0), "",CT25-CT24) -> 12 | CV25: 26464 | CW25: =IF((CV25-CV24<0), "",CV25-CV24) -> 30 | CX25: 4021.5 | CY25: =IF((CX25-CX24<0), "",CX25-CX24) -> 11.7
A26: 44796 | D26: =IF((C26-C25<0), "0",(C26-C25)*1000000) -> 0 | F26: =IF((E26-E25<0), "0",(E26-E25)*1000000) -> 0 | H26: =IF((G26-G25<0), "0",(G26-G25)*1000000) -> 0 | J26: =IF((I26-I25<0), "0",(I26-I25)*1000000) -> 0 | L26: =IF((K26-K25<0), "0",(K26-K25)*1000000) -> 0 | N26: =IF((M26-M25<0), "",(M26-M25)*1000000) | P26: =IF((O26-O25<0), "",O26-O25) | R26: =IF((Q26-Q25<0), "",Q26-Q25) | T26: =IF((S26-S25<0), "",S26-S25) | V26: =IF((U26-U25<0), "",U26-U25) | X26: =IF((W26-W25<0), "",(W26-W25)*1000) | Z26: =IF((Y26-Y25<0), "",(Y26-Y25)*1000000) | AB26: =IF((AA26-AA25<0), "",(AA26-AA25)*1000) | AD26: =IF((AC26-AC25<0), "",(AC26-AC25)*1000) | AF26: =IF((AE26-AE25<0), "",(AE26-AE25)*1000) | AH26: =IF((AG26-AG25<0), "",AG26-AG25) | AJ26: =IF((AI26-AI25<0), "",(AI26-AI25)*1000) | AL26: =IF((AK26-AK25<0), "",(AK26-AK25)*1000) | AN26: =IF((AM26-AM25<0), "",(AM26-AM25)*1000) | AP26: =IF((AO26-AO25<0), "",(AO26-AO25)*1000) | AR26: =IF((AQ26-AQ25<0), "",(AQ26-AQ25)*1000) | AT26: =IF((AS26-AS25<0), "",(AS26-AS25)*1000) | AV26: =IF((AU26-AU25<0), "",(AU26-AU25)*1000) | AX26: =IF((AW26-AW25<0), "",(AW26-AW25)*1000) | AZ26: =IF((AY26-AY25<0), "",(AY26-AY25)*1000) | BB26: =IF((BA26-BA25<0), "",(BA26-BA25)*1000) | BD26: =IF((BC26-BC25<0), "",(BC26-BC25)*1000) | BF26: =IF((BE26-BE25<0), "",BE26-BE25) | BH26: =IF((BG26-BG25<0), "",(BG26-BG25)*1000) | BJ26: =IF((BI26-BI25<0), "",(BI26-BI25)*1000) | BL26: =IF((BK26-BK25<0), "",(BK26-BK25)*1000) | BN26: =IF((BM26-BM25<0), "",(BM26-BM25)*1000) | BP26: =IF((BO26-BO25<0), "",(BO26-BO25)*1000) | BR26: =IF((BQ26-BQ25<0), "",BQ26-BQ25) | BT26: =IF((BS26-BS25<0), "",(BS26-BS25)*1000) | BV26: =IF((BU26-BU25<0), "",BU26-BU25) | BX26: =IF((BW26-BW25<0), "",(BW26-BW25)*1000) | BZ26: =IF((BY26-BY25<0), "",BY26-BY25) | CB26: =IF((CA26-CA25<0), "",CA26-CA25) | CD26: =IF((CC26-CC25<0), "",CC26-CC25) | CF26: =IF((CE26-CE25<0), "",CE26-CE25) | CH26: =IF((CG26-CG25<0), "",CG26-CG25) | CJ26: =IF((CI26-CI25<0), "",CI26-CI25) | CL26: =IF((CK26-CK25<0), "",(CK26-CK25)*1000) | CM26: =CQ26+CS26 -> #VALUE! | CN26: 32 | CO26: 81 | CQ26: =IF((CP26-CP25<0), "",CP26-CP25) | CS26: =IF((CR26-CR25<0), "",CR26-CR25) | CU26: =IF((CT26-CT25<0), "",CT26-CT25) | CW26: =IF((CV26-CV25<0), "",CV26-CV25) | CY26: =IF((CX26-CX25<0), "",CX26-CX25)
A27: 44797 | D27: =IF((C27-C26<0), "0",(C27-C26)*1000000) -> 0 | F27: =IF((E27-E26<0), "0",(E27-E26)*1000000) -> 0 | H27: =IF((G27-G26<0), "0",(G27-G26)*1000000) -> 0 | J27: =IF((I27-I26<0), "0",(I27-I26)*1000000) -> 0 | L27: =IF((K27-K26<0), "0",(K27-K26)*1000000) -> 0 | N27: =IF((M27-M26<0), "",(M27-M26)*1000000) -> 0 | P27: =IF((O27-O26<0), "",O27-O26) -> 0 | R27: =IF((Q27-Q26<0), "",Q27-Q26) -> 0 | T27: =IF((S27-S26<0), "",S27-S26) -> 0 | V27: =IF((U27-U26<0), "",U27-U26) -> 0 | X27: =IF((W27-W26<0), "",(W27-W26)*1000) -> 0 | Z27: =IF((Y27-Y26<0), "",(Y27-Y26)*1000000) -> 0 | AB27: =IF((AA27-AA26<0), "",(AA27-AA26)*1000) -> 0 | AD27: =IF((AC27-AC26<0), "",(AC27-AC26)*1000) -> 0 | AF27: =IF((AE27-AE26<0), "",(AE27-AE26)*1000) -> 0 | AH27: =IF((AG27-AG26<0), "",AG27-AG26) -> 0 | AJ27: =IF((AI27-AI26<0), "",(AI27-AI26)*1000) -> 0 | AL27: =IF((AK27-AK26<0), "",(AK27-AK26)*1000) -> 0 | AN27: =IF((AM27-AM26<0), "",(AM27-AM26)*1000) -> 0 | AP27: =IF((AO27-AO26<0), "",(AO27-AO26)*1000) -> 0 | AR27: =IF((AQ27-AQ26<0), "",(AQ27-AQ26)*1000) -> 0 | AT27: =IF((AS27-AS26<0), "",(AS27-AS26)*1000) -> 0 | AV27: =IF((AU27-AU26<0), "",(AU27-AU26)*1000) -> 0 | AX27: =IF((AW27-AW26<0), "",(AW27-AW26)*1000) -> 0 | AZ27: =IF((AY27-AY26<0), "",(AY27-AY26)*1000) -> 0 | BB27: =IF((BA27-BA26<0), "",(BA27-BA26)*1000) -> 0 | BD27: =IF((BC27-BC26<0), "",(BC27-BC26)*1000) -> 0 | BF27: =IF((BE27-BE26<0), "",BE27-BE26) -> 0 | BH27: =IF((BG27-BG26<0), "",(BG27-BG26)*1000) -> 0 | BJ27: =IF((BI27-BI26<0), "",(BI27-BI26)*1000) -> 0 | BL27: =IF((BK27-BK26<0), "",(BK27-BK26)*1000) -> 0 | BN27: =IF((BM27-BM26<0), "",(BM27-BM26)*1000) -> 0 | BP27: =IF((BO27-BO26<0), "",(BO27-BO26)*1000) -> 0 | BR27: =IF((BQ27-BQ26<0), "",BQ27-BQ26) -> 0 | BT27: =IF((BS27-BS26<0), "",(BS27-BS26)*1000) -> 0 | BV27: =IF((BU27-BU26<0), "",BU27-BU26) -> 0 | BX27: =IF((BW27-BW26<0), "",(BW27-BW26)*1000) -> 0 | BZ27: =IF((BY27-BY26<0), "",BY27-BY26) -> 0 | CB27: =IF((CA27-CA26<0), "",CA27-CA26) -> 0 | CD27: =IF((CC27-CC26<0), "",CC27-CC26) -> 0 | CF27: =IF((CE27-CE26<0), "",CE27-CE26) -> 0 | CH27: =IF((CG27-CG26<0), "",CG27-CG26) -> 0 | CJ27: =IF((CI27-CI26<0), "",CI27-CI26) -> 0 | CL27: =IF((CK27-CK26<0), "",(CK27-CK26)*1000) -> 0 | CM27: =CQ27+CS27 -> 0 | CQ27: =IF((CP27-CP26<0), "",CP27-CP26) -> 0 | CS27: =IF((CR27-CR26<0), "",CR27-CR26) -> 0 | CU27: =IF((CT27-CT26<0), "",CT27-CT26) -> 0 | CW27: =IF((CV27-CV26<0), "",CV27-CV26) -> 0 | CY27: =IF((CX27-CX26<0), "",CX27-CX26) -> 0
A28: 44798 | D28: =IF((C28-C27<0), "0",(C28-C27)*1000000) -> 0 | F28: =IF((E28-E27<0), "0",(E28-E27)*1000000) -> 0 | H28: =IF((G28-G27<0), "0",(G28-G27)*1000000) -> 0 | J28: =IF((I28-I27<0), "0",(I28-I27)*1000000) -> 0 | L28: =IF((K28-K27<0), "0",(K28-K27)*1000000) -> 0 | N28: =IF((M28-M27<0), "",(M28-M27)*1000000) -> 0 | P28: =IF((O28-O27<0), "",O28-O27) -> 0 | R28: =IF((Q28-Q27<0), "",Q28-Q27) -> 0 | T28: =IF((S28-S27<0), "",S28-S27) -> 0 | V28: =IF((U28-U27<0), "",U28-U27) -> 0 | X28: =IF((W28-W27<0), "",(W28-W27)*1000) -> 0 | Z28: =IF((Y28-Y27<0), "",(Y28-Y27)*1000000) -> 0 | AB28: =IF((AA28-AA27<0), "",(AA28-AA27)*1000) -> 0 | AD28: =IF((AC28-AC27<0), "",(AC28-AC27)*1000) -> 0 | AF28: =IF((AE28-AE27<0), "",(AE28-AE27)*1000) -> 0 | AH28: =IF((AG28-AG27<0), "",AG28-AG27) -> 0 | AJ28: =IF((AI28-AI27<0), "",(AI28-AI27)*1000) -> 0 | AL28: =IF((AK28-AK27<0), "",(AK28-AK27)*1000) -> 0 | AN28: =IF((AM28-AM27<0), "",(AM28-AM27)*1000) -> 0 | AP28: =IF((AO28-AO27<0), "",(AO28-AO27)*1000) -> 0 | AR28: =IF((AQ28-AQ27<0), "",(AQ28-AQ27)*1000) -> 0 | AT28: =IF((AS28-AS27<0), "",(AS28-AS27)*1000) -> 0 | AV28: =IF((AU28-AU27<0), "",(AU28-AU27)*1000) -> 0 | AX28: =IF((AW28-AW27<0), "",(AW28-AW27)*1000) -> 0 | AZ28: =IF((AY28-AY27<0), "",(AY28-AY27)*1000) -> 0 | BB28: =IF((BA28-BA27<0), "",(BA28-BA27)*1000) -> 0 | BD28: =IF((BC28-BC27<0), "",(BC28-BC27)*1000) -> 0 | BF28: =IF((BE28-BE27<0), "",BE28-BE27) -> 0 | BH28: =IF((BG28-BG27<0), "",(BG28-BG27)*1000) -> 0 | BJ28: =IF((BI28-BI27<0), "",(BI28-BI27)*1000) -> 0 | BL28: =IF((BK28-BK27<0), "",(BK28-BK27)*1000) -> 0 | BN28: =IF((BM28-BM27<0), "",(BM28-BM27)*1000) -> 0 | BP28: =IF((BO28-BO27<0), "",(BO28-BO27)*1000) -> 0 | BR28: =IF((BQ28-BQ27<0), "",BQ28-BQ27) -> 0 | BT28: =IF((BS28-BS27<0), "",(BS28-BS27)*1000) -> 0 | BV28: =IF((BU28-BU27<0), "",BU28-BU27) -> 0 | BX28: =IF((BW28-BW27<0), "",(BW28-BW27)*1000) -> 0 | BZ28: =IF((BY28-BY27<0), "",BY28-BY27) -> 0 | CB28: =IF((CA28-CA27<0), "",CA28-CA27) -> 0 | CD28: =IF((CC28-CC27<0), "",CC28-CC27) -> 0 | CF28: =IF((CE28-CE27<0), "",CE28-CE27) -> 0 | CH28: =IF((CG28-CG27<0), "",CG28-CG27) -> 0 | CJ28: =IF((CI28-CI27<0), "",CI28-CI27) -> 0 | CL28: =IF((CK28-CK27<0), "",(CK28-CK27)*1000) -> 0 | CM28: =CQ28+CS28 -> 0 | CQ28: =IF((CP28-CP27<0), "",CP28-CP27) -> 0 | CS28: =IF((CR28-CR27<0), "",CR28-CR27) -> 0 | CU28: =IF((CT28-CT27<0), "",CT28-CT27) -> 0 | CW28: =IF((CV28-CV27<0), "",CV28-CV27) -> 0 | CY28: =IF((CX28-CX27<0), "",CX28-CX27) -> 0
A29: 44799 | D29: =IF((C29-C28<0), "0",(C29-C28)*1000000) -> 0 | F29: =IF((E29-E28<0), "0",(E29-E28)*1000000) -> 0 | H29: =IF((G29-G28<0), "0",(G29-G28)*1000000) -> 0 | J29: =IF((I29-I28<0), "0",(I29-I28)*1000000) -> 0 | L29: =IF((K29-K28<0), "0",(K29-K28)*1000000) -> 0 | N29: =IF((M29-M28<0), "",(M29-M28)*1000000) -> 0 | P29: =IF((O29-O28<0), "",O29-O28) -> 0 | R29: =IF((Q29-Q28<0), "",Q29-Q28) -> 0 | T29: =IF((S29-S28<0), "",S29-S28) -> 0 | V29: =IF((U29-U28<0), "",U29-U28) -> 0 | X29: =IF((W29-W28<0), "",(W29-W28)*1000) -> 0 | Z29: =IF((Y29-Y28<0), "",(Y29-Y28)*1000000) -> 0 | AB29: =IF((AA29-AA28<0), "",(AA29-AA28)*1000) -> 0 | AD29: =IF((AC29-AC28<0), "",(AC29-AC28)*1000) -> 0 | AF29: =IF((AE29-AE28<0), "",(AE29-AE28)*1000) -> 0 | AH29: =IF((AG29-AG28<0), "",AG29-AG28) -> 0 | AJ29: =IF((AI29-AI28<0), "",(AI29-AI28)*1000) -> 0 | AL29: =IF((AK29-AK28<0), "",(AK29-AK28)*1000) -> 0 | AN29: =IF((AM29-AM28<0), "",(AM29-AM28)*1000) -> 0 | AP29: =IF((AO29-AO28<0), "",(AO29-AO28)*1000) -> 0 | AR29: =IF((AQ29-AQ28<0), "",(AQ29-AQ28)*1000) -> 0 | AT29: =IF((AS29-AS28<0), "",(AS29-AS28)*1000) -> 0 | AV29: =IF((AU29-AU28<0), "",(AU29-AU28)*1000) -> 0 | AX29: =IF((AW29-AW28<0), "",(AW29-AW28)*1000) -> 0 | AZ29: =IF((AY29-AY28<0), "",(AY29-AY28)*1000) -> 0 | BB29: =IF((BA29-BA28<0), "",(BA29-BA28)*1000) -> 0 | BD29: =IF((BC29-BC28<0), "",(BC29-BC28)*1000) -> 0 | BF29: =IF((BE29-BE28<0), "",BE29-BE28) -> 0 | BH29: =IF((BG29-BG28<0), "",(BG29-BG28)*1000) -> 0 | BJ29: =IF((BI29-BI28<0), "",(BI29-BI28)*1000) -> 0 | BL29: =IF((BK29-BK28<0), "",(BK29-BK28)*1000) -> 0 | BN29: =IF((BM29-BM28<0), "",(BM29-BM28)*1000) -> 0 | BP29: =IF((BO29-BO28<0), "",(BO29-BO28)*1000) -> 0 | BR29: =IF((BQ29-BQ28<0), "",BQ29-BQ28) -> 0 | BT29: =IF((BS29-BS28<0), "",(BS29-BS28)*1000) -> 0 | BV29: =IF((BU29-BU28<0), "",BU29-BU28) -> 0 | BX29: =IF((BW29-BW28<0), "",(BW29-BW28)*1000) -> 0 | BZ29: =IF((BY29-BY28<0), "",BY29-BY28) -> 0 | CB29: =IF((CA29-CA28<0), "",CA29-CA28) -> 0 | CD29: =IF((CC29-CC28<0), "",CC29-CC28) -> 0 | CF29: =IF((CE29-CE28<0), "",CE29-CE28) -> 0 | CH29: =IF((CG29-CG28<0), "",CG29-CG28) -> 0 | CJ29: =IF((CI29-CI28<0), "",CI29-CI28) -> 0 | CL29: =IF((CK29-CK28<0), "",(CK29-CK28)*1000) -> 0 | CM29: =CQ29+CS29 -> 0 | CQ29: =IF((CP29-CP28<0), "",CP29-CP28) -> 0 | CS29: =IF((CR29-CR28<0), "",CR29-CR28) -> 0 | CU29: =IF((CT29-CT28<0), "",CT29-CT28) -> 0 | CW29: =IF((CV29-CV28<0), "",CV29-CV28) -> 0 | CY29: =IF((CX29-CX28<0), "",CX29-CX28) -> 0
A30: 44800 | D30: =IF((C30-C29<0), "0",(C30-C29)*1000000) -> 0 | F30: =IF((E30-E29<0), "0",(E30-E29)*1000000) -> 0 | H30: =IF((G30-G29<0), "0",(G30-G29)*1000000) -> 0 | J30: =IF((I30-I29<0), "0",(I30-I29)*1000000) -> 0 | L30: =IF((K30-K29<0), "0",(K30-K29)*1000000) -> 0 | N30: =IF((M30-M29<0), "",(M30-M29)*1000000) -> 0 | P30: =IF((O30-O29<0), "",O30-O29) -> 0 | R30: =IF((Q30-Q29<0), "",Q30-Q29) -> 0 | T30: =IF((S30-S29<0), "",S30-S29) -> 0 | V30: =IF((U30-U29<0), "",U30-U29) -> 0 | X30: =IF((W30-W29<0), "",(W30-W29)*1000) -> 0 | Z30: =IF((Y30-Y29<0), "",(Y30-Y29)*1000000) -> 0 | AB30: =IF((AA30-AA29<0), "",(AA30-AA29)*1000) -> 0 | AD30: =IF((AC30-AC29<0), "",(AC30-AC29)*1000) -> 0 | AF30: =IF((AE30-AE29<0), "",(AE30-AE29)*1000) -> 0 | AH30: =IF((AG30-AG29<0), "",AG30-AG29) -> 0 | AJ30: =IF((AI30-AI29<0), "",(AI30-AI29)*1000) -> 0 | AL30: =IF((AK30-AK29<0), "",(AK30-AK29)*1000) -> 0 | AN30: =IF((AM30-AM29<0), "",(AM30-AM29)*1000) -> 0 | AP30: =IF((AO30-AO29<0), "",(AO30-AO29)*1000) -> 0 | AR30: =IF((AQ30-AQ29<0), "",(AQ30-AQ29)*1000) -> 0 | AT30: =IF((AS30-AS29<0), "",(AS30-AS29)*1000) -> 0 | AV30: =IF((AU30-AU29<0), "",(AU30-AU29)*1000) -> 0 | AX30: =IF((AW30-AW29<0), "",(AW30-AW29)*1000) -> 0 | AZ30: =IF((AY30-AY29<0), "",(AY30-AY29)*1000) -> 0 | BB30: =IF((BA30-BA29<0), "",(BA30-BA29)*1000) -> 0 | BD30: =IF((BC30-BC29<0), "",(BC30-BC29)*1000) -> 0 | BF30: =IF((BE30-BE29<0), "",BE30-BE29) -> 0 | BH30: =IF((BG30-BG29<0), "",(BG30-BG29)*1000) -> 0 | BJ30: =IF((BI30-BI29<0), "",(BI30-BI29)*1000) -> 0 | BL30: =IF((BK30-BK29<0), "",(BK30-BK29)*1000) -> 0 | BN30: =IF((BM30-BM29<0), "",(BM30-BM29)*1000) -> 0 | BP30: =IF((BO30-BO29<0), "",(BO30-BO29)*1000) -> 0 | BR30: =IF((BQ30-BQ29<0), "",BQ30-BQ29) -> 0 | BT30: =IF((BS30-BS29<0), "",(BS30-BS29)*1000) -> 0 | BV30: =IF((BU30-BU29<0), "",BU30-BU29) -> 0 | BX30: =IF((BW30-BW29<0), "",(BW30-BW29)*1000) -> 0 | BZ30: =IF((BY30-BY29<0), "",BY30-BY29) -> 0 | CB30: =IF((CA30-CA29<0), "",CA30-CA29) -> 0 | CD30: =IF((CC30-CC29<0), "",CC30-CC29) -> 0 | CF30: =IF((CE30-CE29<0), "",CE30-CE29) -> 0 | CH30: =IF((CG30-CG29<0), "",CG30-CG29) -> 0 | CJ30: =IF((CI30-CI29<0), "",CI30-CI29) -> 0 | CL30: =IF((CK30-CK29<0), "",(CK30-CK29)*1000) -> 0 | CM30: =CQ30+CS30 -> 0 | CQ30: =IF((CP30-CP29<0), "",CP30-CP29) -> 0 | CS30: =IF((CR30-CR29<0), "",CR30-CR29) -> 0 | CU30: =IF((CT30-CT29<0), "",CT30-CT29) -> 0 | CW30: =IF((CV30-CV29<0), "",CV30-CV29) -> 0 | CY30: =IF((CX30-CX29<0), "",CX30-CX29) -> 0
A31: 44801 | D31: =IF((C31-C30<0), "0",(C31-C30)*1000000) -> 0 | F31: =IF((E31-E30<0), "0",(E31-E30)*1000000) -> 0 | H31: =IF((G31-G30<0), "0",(G31-G30)*1000000) -> 0 | J31: =IF((I31-I30<0), "0",(I31-I30)*1000000) -> 0 | L31: =IF((K31-K30<0), "0",(K31-K30)*1000000) -> 0 | N31: =IF((M31-M30<0), "",(M31-M30)*1000000) -> 0 | P31: =IF((O31-O30<0), "",O31-O30) -> 0 | R31: =IF((Q31-Q30<0), "",Q31-Q30) -> 0 | T31: =IF((S31-S30<0), "",S31-S30) -> 0 | V31: =IF((U31-U30<0), "",U31-U30) -> 0 | X31: =IF((W31-W30<0), "",(W31-W30)*1000) -> 0 | Z31: =IF((Y31-Y30<0), "",(Y31-Y30)*1000000) -> 0 | AB31: =IF((AA31-AA30<0), "",(AA31-AA30)*1000) -> 0 | AD31: =IF((AC31-AC30<0), "",(AC31-AC30)*1000) -> 0 | AF31: =IF((AE31-AE30<0), "",(AE31-AE30)*1000) -> 0 | AH31: =IF((AG31-AG30<0), "",AG31-AG30) -> 0 | AJ31: =IF((AI31-AI30<0), "",(AI31-AI30)*1000) -> 0 | AL31: =IF((AK31-AK30<0), "",(AK31-AK30)*1000) -> 0 | AN31: =IF((AM31-AM30<0), "",(AM31-AM30)*1000) -> 0 | AP31: =IF((AO31-AO30<0), "",(AO31-AO30)*1000) -> 0 | AR31: =IF((AQ31-AQ30<0), "",(AQ31-AQ30)*1000) -> 0 | AT31: =IF((AS31-AS30<0), "",(AS31-AS30)*1000) -> 0 | AV31: =IF((AU31-AU30<0), "",(AU31-AU30)*1000) -> 0 | AX31: =IF((AW31-AW30<0), "",(AW31-AW30)*1000) -> 0 | AZ31: =IF((AY31-AY30<0), "",(AY31-AY30)*1000) -> 0 | BB31: =IF((BA31-BA30<0), "",(BA31-BA30)*1000) -> 0 | BD31: =IF((BC31-BC30<0), "",(BC31-BC30)*1000) -> 0 | BF31: =IF((BE31-BE30<0), "",BE31-BE30) -> 0 | BH31: =IF((BG31-BG30<0), "",(BG31-BG30)*1000) -> 0 | BJ31: =IF((BI31-BI30<0), "",(BI31-BI30)*1000) -> 0 | BL31: =IF((BK31-BK30<0), "",(BK31-BK30)*1000) -> 0 | BN31: =IF((BM31-BM30<0), "",(BM31-BM30)*1000) -> 0 | BP31: =IF((BO31-BO30<0), "",(BO31-BO30)*1000) -> 0 | BR31: =IF((BQ31-BQ30<0), "",BQ31-BQ30) -> 0 | BT31: =IF((BS31-BS30<0), "",(BS31-BS30)*1000) -> 0 | BV31: =IF((BU31-BU30<0), "",BU31-BU30) -> 0 | BX31: =IF((BW31-BW30<0), "",(BW31-BW30)*1000) -> 0 | BZ31: =IF((BY31-BY30<0), "",BY31-BY30) -> 0 | CB31: =IF((CA31-CA30<0), "",CA31-CA30) -> 0 | CD31: =IF((CC31-CC30<0), "",CC31-CC30) -> 0 | CF31: =IF((CE31-CE30<0), "",CE31-CE30) -> 0 | CH31: =IF((CG31-CG30<0), "",CG31-CG30) -> 0 | CJ31: =IF((CI31-CI30<0), "",CI31-CI30) -> 0 | CL31: =IF((CK31-CK30<0), "",(CK31-CK30)*1000) -> 0 | CM31: =CQ31+CS31 -> 0 | CQ31: =IF((CP31-CP30<0), "",CP31-CP30) -> 0 | CS31: =IF((CR31-CR30<0), "",CR31-CR30) -> 0 | CU31: =IF((CT31-CT30<0), "",CT31-CT30) -> 0 | CW31: =IF((CV31-CV30<0), "",CV31-CV30) -> 0 | CY31: =IF((CX31-CX30<0), "",CX31-CX30) -> 0
A32: 44802 | D32: =IF((C32-C31<0), "0",(C32-C31)*1000000) -> 0 | F32: =IF((E32-E31<0), "0",(E32-E31)*1000000) -> 0 | H32: =IF((G32-G31<0), "0",(G32-G31)*1000000) -> 0 | J32: =IF((I32-I31<0), "0",(I32-I31)*1000000) -> 0 | L32: =IF((K32-K31<0), "0",(K32-K31)*1000000) -> 0 | N32: =IF((M32-M31<0), "",(M32-M31)*1000000) -> 0 | P32: =IF((O32-O31<0), "",O32-O31) -> 0 | R32: =IF((Q32-Q31<0), "",Q32-Q31) -> 0 | T32: =IF((S32-S31<0), "",S32-S31) -> 0 | V32: =IF((U32-U31<0), "",U32-U31) -> 0 | X32: =IF((W32-W31<0), "",(W32-W31)*1000) -> 0 | Z32: =IF((Y32-Y31<0), "",(Y32-Y31)*1000000) -> 0 | AB32: =IF((AA32-AA31<0), "",(AA32-AA31)*1000) -> 0 | AD32: =IF((AC32-AC31<0), "",(AC32-AC31)*1000) -> 0 | AF32: =IF((AE32-AE31<0), "",(AE32-AE31)*1000) -> 0 | AH32: =IF((AG32-AG31<0), "",AG32-AG31) -> 0 | AJ32: =IF((AI32-AI31<0), "",(AI32-AI31)*1000) -> 0 | AL32: =IF((AK32-AK31<0), "",(AK32-AK31)*1000) -> 0 | AN32: =IF((AM32-AM31<0), "",(AM32-AM31)*1000) -> 0 | AP32: =IF((AO32-AO31<0), "",(AO32-AO31)*1000) -> 0 | AR32: =IF((AQ32-AQ31<0), "",(AQ32-AQ31)*1000) -> 0 | AT32: =IF((AS32-AS31<0), "",(AS32-AS31)*1000) -> 0 | AV32: =IF((AU32-AU31<0), "",(AU32-AU31)*1000) -> 0 | AX32: =IF((AW32-AW31<0), "",(AW32-AW31)*1000) -> 0 | AZ32: =IF((AY32-AY31<0), "",(AY32-AY31)*1000) -> 0 | BB32: =IF((BA32-BA31<0), "",(BA32-BA31)*1000) -> 0 | BD32: =IF((BC32-BC31<0), "",(BC32-BC31)*1000) -> 0 | BF32: =IF((BE32-BE31<0), "",BE32-BE31) -> 0 | BH32: =IF((BG32-BG31<0), "",(BG32-BG31)*1000) -> 0 | BJ32: =IF((BI32-BI31<0), "",(BI32-BI31)*1000) -> 0 | BL32: =IF((BK32-BK31<0), "",(BK32-BK31)*1000) -> 0 | BN32: =IF((BM32-BM31<0), "",(BM32-BM31)*1000) -> 0 | BP32: =IF((BO32-BO31<0), "",(BO32-BO31)*1000) -> 0 | BR32: =IF((BQ32-BQ31<0), "",BQ32-BQ31) -> 0 | BT32: =IF((BS32-BS31<0), "",(BS32-BS31)*1000) -> 0 | BV32: =IF((BU32-BU31<0), "",BU32-BU31) -> 0 | BX32: =IF((BW32-BW31<0), "",(BW32-BW31)*1000) -> 0 | BZ32: =IF((BY32-BY31<0), "",BY32-BY31) -> 0 | CB32: =IF((CA32-CA31<0), "",CA32-CA31) -> 0 | CD32: =IF((CC32-CC31<0), "",CC32-CC31) -> 0 | CF32: =IF((CE32-CE31<0), "",CE32-CE31) -> 0 | CH32: =IF((CG32-CG31<0), "",CG32-CG31) -> 0 | CJ32: =IF((CI32-CI31<0), "",CI32-CI31) -> 0 | CL32: =IF((CK32-CK31<0), "",(CK32-CK31)*1000) -> 0 | CM32: =CQ32+CS32 -> 0 | CQ32: =IF((CP32-CP31<0), "",CP32-CP31) -> 0 | CS32: =IF((CR32-CR31<0), "",CR32-CR31) -> 0 | CU32: =IF((CT32-CT31<0), "",CT32-CT31) -> 0 | CW32: =IF((CV32-CV31<0), "",CV32-CV31) -> 0 | CY32: =IF((CX32-CX31<0), "",CX32-CX31) -> 0
A33: 44803 | D33: =IF((C33-C32<0), "0",(C33-C32)*1000000) -> 0 | F33: =IF((E33-E32<0), "0",(E33-E32)*1000000) -> 0 | H33: =IF((G33-G32<0), "0",(G33-G32)*1000000) -> 0 | J33: =IF((I33-I32<0), "0",(I33-I32)*1000000) -> 0 | L33: =IF((K33-K32<0), "0",(K33-K32)*1000000) -> 0 | N33: =IF((M33-M32<0), "",(M33-M32)*1000000) -> 0 | P33: =IF((O33-O32<0), "",O33-O32) -> 0 | R33: =IF((Q33-Q32<0), "",Q33-Q32) -> 0 | T33: =IF((S33-S32<0), "",S33-S32) -> 0 | V33: =IF((U33-U32<0), "",U33-U32) -> 0 | X33: =IF((W33-W32<0), "",(W33-W32)*1000) -> 0 | Z33: =IF((Y33-Y32<0), "",(Y33-Y32)*1000000) -> 0 | AB33: =IF((AA33-AA32<0), "",(AA33-AA32)*1000) -> 0 | AD33: =IF((AC33-AC32<0), "",(AC33-AC32)*1000) -> 0 | AF33: =IF((AE33-AE32<0), "",(AE33-AE32)*1000) -> 0 | AH33: =IF((AG33-AG32<0), "",AG33-AG32) -> 0 | AJ33: =IF((AI33-AI32<0), "",(AI33-AI32)*1000) -> 0 | AL33: =IF((AK33-AK32<0), "",(AK33-AK32)*1000) -> 0 | AN33: =IF((AM33-AM32<0), "",(AM33-AM32)*1000) -> 0 | AP33: =IF((AO33-AO32<0), "",(AO33-AO32)*1000) -> 0 | AR33: =IF((AQ33-AQ32<0), "",(AQ33-AQ32)*1000) -> 0 | AT33: =IF((AS33-AS32<0), "",(AS33-AS32)*1000) -> 0 | AV33: =IF((AU33-AU32<0), "",(AU33-AU32)*1000) -> 0 | AX33: =IF((AW33-AW32<0), "",(AW33-AW32)*1000) -> 0 | AZ33: =IF((AY33-AY32<0), "",(AY33-AY32)*1000) -> 0 | BB33: =IF((BA33-BA32<0), "",(BA33-BA32)*1000) -> 0 | BD33: =IF((BC33-BC32<0), "",(BC33-BC32)*1000) -> 0 | BF33: =IF((BE33-BE32<0), "",BE33-BE32) -> 0 | BH33: =IF((BG33-BG32<0), "",(BG33-BG32)*1000) -> 0 | BJ33: =IF((BI33-BI32<0), "",(BI33-BI32)*1000) -> 0 | BL33: =IF((BK33-BK32<0), "",(BK33-BK32)*1000) -> 0 | BN33: =IF((BM33-BM32<0), "",(BM33-BM32)*1000) -> 0 | BP33: =IF((BO33-BO32<0), "",(BO33-BO32)*1000) -> 0 | BR33: =IF((BQ33-BQ32<0), "",BQ33-BQ32) -> 0 | BT33: =IF((BS33-BS32<0), "",(BS33-BS32)*1000) -> 0 | BV33: =IF((BU33-BU32<0), "",BU33-BU32) -> 0 | BX33: =IF((BW33-BW32<0), "",(BW33-BW32)*1000) -> 0 | BZ33: =IF((BY33-BY32<0), "",BY33-BY32) -> 0 | CB33: =IF((CA33-CA32<0), "",CA33-CA32) -> 0 | CD33: =IF((CC33-CC32<0), "",CC33-CC32) -> 0 | CF33: =IF((CE33-CE32<0), "",CE33-CE32) -> 0 | CH33: =IF((CG33-CG32<0), "",CG33-CG32) -> 0 | CJ33: =IF((CI33-CI32<0), "",CI33-CI32) -> 0 | CL33: =IF((CK33-CK32<0), "",(CK33-CK32)*1000) -> 0 | CM33: =CQ33+CS33 -> 0 | CQ33: =IF((CP33-CP32<0), "",CP33-CP32) -> 0 | CS33: =IF((CR33-CR32<0), "",CR33-CR32) -> 0 | CU33: =IF((CT33-CT32<0), "",CT33-CT32) -> 0 | CW33: =IF((CV33-CV32<0), "",CV33-CV32) -> 0 | CY33: =IF((CX33-CX32<0), "",CX33-CX32) -> 0
A34: 44804 | D34: =IF((C34-C33<0), "0",(C34-C33)*1000000) -> 0 | F34: =IF((E34-E33<0), "0",(E34-E33)*1000000) -> 0 | H34: =IF((G34-G33<0), "0",(G34-G33)*1000000) -> 0 | J34: =IF((I34-I33<0), "0",(I34-I33)*1000000) -> 0 | L34: =IF((K34-K33<0), "0",(K34-K33)*1000000) -> 0 | N34: =IF((M34-M33<0), "",(M34-M33)*1000000) -> 0 | P34: =IF((O34-O33<0), "",O34-O33) -> 0 | R34: =IF((Q34-Q33<0), "",Q34-Q33) -> 0 | T34: =IF((S34-S33<0), "",S34-S33) -> 0 | V34: =IF((U34-U33<0), "",U34-U33) -> 0 | X34: =IF((W34-W33<0), "",(W34-W33)*1000) -> 0 | Z34: =IF((Y34-Y33<0), "",(Y34-Y33)*1000000) -> 0 | AB34: =IF((AA34-AA33<0), "",(AA34-AA33)*1000) -> 0 | AD34: =IF((AC34-AC33<0), "",(AC34-AC33)*1000) -> 0 | AF34: =IF((AE34-AE33<0), "",(AE34-AE33)*1000) -> 0 | AH34: =IF((AG34-AG33<0), "",AG34-AG33) -> 0 | AJ34: =IF((AI34-AI33<0), "",(AI34-AI33)*1000) -> 0 | AL34: =IF((AK34-AK33<0), "",(AK34-AK33)*1000) -> 0 | AN34: =IF((AM34-AM33<0), "",(AM34-AM33)*1000) -> 0 | AP34: =IF((AO34-AO33<0), "",(AO34-AO33)*1000) -> 0 | AR34: =IF((AQ34-AQ33<0), "",(AQ34-AQ33)*1000) -> 0 | AT34: =IF((AS34-AS33<0), "",(AS34-AS33)*1000) -> 0 | AV34: =IF((AU34-AU33<0), "",(AU34-AU33)*1000) -> 0 | AX34: =IF((AW34-AW33<0), "",(AW34-AW33)*1000) -> 0 | AZ34: =IF((AY34-AY33<0), "",(AY34-AY33)*1000) -> 0 | BB34: =IF((BA34-BA33<0), "",(BA34-BA33)*1000) -> 0 | BD34: =IF((BC34-BC33<0), "",(BC34-BC33)*1000) -> 0 | BF34: =IF((BE34-BE33<0), "",BE34-BE33) -> 0 | BH34: =IF((BG34-BG33<0), "",(BG34-BG33)*1000) -> 0 | BJ34: =IF((BI34-BI33<0), "",(BI34-BI33)*1000) -> 0 | BL34: =IF((BK34-BK33<0), "",(BK34-BK33)*1000) -> 0 | BN34: =IF((BM34-BM33<0), "",(BM34-BM33)*1000) -> 0 | BP34: =IF((BO34-BO33<0), "",(BO34-BO33)*1000) -> 0 | BR34: =IF((BQ34-BQ33<0), "",BQ34-BQ33) -> 0 | BT34: =IF((BS34-BS33<0), "",(BS34-BS33)*1000) -> 0 | BV34: =IF((BU34-BU33<0), "",BU34-BU33) -> 0 | BX34: =IF((BW34-BW33<0), "",(BW34-BW33)*1000) -> 0 | BZ34: =IF((BY34-BY33<0), "",BY34-BY33) -> 0 | CB34: =IF((CA34-CA33<0), "",CA34-CA33) -> 0 | CD34: =IF((CC34-CC33<0), "",CC34-CC33) -> 0 | CF34: =IF((CE34-CE33<0), "",CE34-CE33) -> 0 | CH34: =IF((CG34-CG33<0), "",CG34-CG33) -> 0 | CJ34: =IF((CI34-CI33<0), "",CI34-CI33) -> 0 | CL34: =IF((CK34-CK33<0), "",(CK34-CK33)*1000) -> 0 | CM34: =CQ34+CS34 -> 0 | CQ34: =IF((CP34-CP33<0), "",CP34-CP33) -> 0 | CS34: =IF((CR34-CR33<0), "",CR34-CR33) -> 0 | CU34: =IF((CT34-CT33<0), "",CT34-CT33) -> 0 | CW34: =IF((CV34-CV33<0), "",CV34-CV33) -> 0 | CY34: =IF((CX34-CX33<0), "",CX34-CX33) -> 0

Sheet LPG
A3: LPG CONSUMPTION | K3: Tank capacity ( L): | N3: 500
A4: Date | B4: Occ % | C4: Occ villas | D4: Num of gst | E4: Main Kitchen | K4: Lighthouse | N4: Canteen | R4: PVILLA
E5: Meter 1 (9598630) | G5: Meter 2 (9598611) | I5: Meter 3 (9249533) | K5: Meter 1 (9598653) | N5: Meter 1 (9249524) | R5: Meter 1 (9249527)
E6: Tk 1% | F6: Mᶾ | G6: Tk2 % | H6: Mᶾ | I6: Tk 3% | J6: Mᶾ | K6: Tk1 % | L6: Tk2 % | M6: Mᶾ | N6: Tk 1% | O6: Tk2 % | P6: Tk 3% | Q6: Mᶾ | R6: Tk1 % | S6: Mᶾ
A7: 44773 | B7: 0 | C7: 43 | D7: 98 | E7: 83 | F7: 6834 | G7: 35 | H7: 2212 | I7: 0 | J7: 846 | K7: 0 | L7: 81 | M7: 1859 | N7: 45 | O7: 80 | P7: 80 | Q7: 5260 | R7: 65 | S7: 231 | T7: =S7-S6 -> #VALUE!
A8: 44774 | B8: 0 | C8: 42 | D8: 98 | E8: 83 | F8: 6834 | G8: 20 | H8: 2212 | I8: 0 | J8: 849 | K8: 0 | L8: 81 | M8: 1861 | N8: 40 | O8: 80 | P8: 80 | Q8: 5263 | R8: 65 | S8: 231 | T8: =S8-S7 -> 0
A9: 44775 | B9: 0 | C9: 42 | D9: 98 | E9: 83 | F9: 6834 | G9: 10 | H9: 2212 | I9: 0 | J9: 852 | K9: 0 | L9: 81 | M9: 1861 | N9: 35 | O9: 80 | P9: 80 | Q9: 5266 | R9: 65 | S9: 231 | T9: =S9-S8 -> 0
A10: 44776 | B10: 0 | C10: 42 | D10: 98 | E10: 83 | F10: 6834 | G10: 0 | H10: 2212 | I10: 0 | J10: 855 | K10: 0 | L10: 80 | M10: 1864 | N10: 30 | O10: 80 | P10: 80 | Q10: 5270 | R10: 65 | S10: 231 | T10: =S10-S9 -> 0
A11: 44777 | B11: 0 | C11: 42 | D11: 98 | E11: 70 | F11: 6834 | G11: 0 | H11: 2212 | I11: 0 | J11: 859 | K11: 0 | L11: 80 | M11: 1864 | N11: 30 | O11: 80 | P11: 80 | Q11: 5273 | R11: 65 | S11: 231 | T11: =S11-S10 -> 0
A12: 44778 | B12: 0 | C12: 46 | D12: 85 | E12: 55 | F12: 6834 | G12: 0 | H12: 2212 | I12: 0 | J12: 862 | K12: 0 | L12: 75 | M12: 1867 | N12: 25 | O12: 80 | P12: 80 | Q12: 5276 | R12: 65 | S12: 231 | T12: =S12-S11 -> 0
A13: 44779 | B13: 0 | C13: 54 | D13: 99 | E13: 70 | F13: 6834 | G13: 85 | H13: 2212 | I13: 84 | J13: 867 | K13: 0 | L13: 70 | M13: 1868 | N13: 80 | O13: 80 | P13: 80 | Q13: 5281 | R13: 65 | S13: 231 | T13: =S13-S12 -> 0
A14: 44780 | B14: 0 | C14: 54 | D14: 101 | E14: 60 | F14: 6834 | G14: 85 | H14: 2212 | I14: 84 | J14: 869 | K14: 0 | L14: 70 | M14: 1870 | N14: 79 | O14: 80 | P14: 80 | Q14: 5283 | R14: 65 | S14: 231 | T14: =S14-S13 -> 0
A15: 44781 | B15: 0 | C15: 54 | D15: 124 | E15: 40 | F15: 6834 | G15: 85 | H15: 2212 | I15: 84 | J15: 873 | K15: 0 | L15: 70 | M15: 1872 | N15: 70 | O15: 80 | P15: 80 | Q15: 5287 | R15: 65 | S15: 231 | T15: =S15-S14 -> 0
A16: 44782 | B16: 0 | C16: 52 | D16: 120 | E16: 30 | F16: 6834 | G16: 85 | H16: 2212 | I16: 84 | J16: 876 | K16: 0 | L16: 65 | M16: 1873 | N16: 65 | O16: 80 | P16: 80 | Q16: 5290 | R16: 65 | S16: 231 | T16: =S16-S15 -> 0
A17: 44783 | B17: 0 | C17: 51 | D17: 119 | E17: 18 | F17: 6834 | G17: 85 | H17: 2212 | I17: 84 | J17: 878 | K17: 0 | L17: 65 | M17: 1875 | N17: 60 | O17: 80 | P17: 80 | Q17: 5294 | R17: 65 | S17: 231 | T17: =S17-S16 -> 0
A18: 44784 | B18: 0 | C18: 41 | D18: 91 | E18: 5 | F18: 6834 | G18: 85 | H18: 2212 | I18: 84 | J18: 882 | K18: 0 | L18: 65 | M18: 1875 | N18: 55 | O18: 80 | P18: 80 | Q18: 5300 | R18: 65 | S18: 231 | T18: =S18-S17 -> 0
... A29: 44795 | B29: 0 | C29: 30 | D29: 57 | E29: 0 | F29: 6834 | G29: 0 | H29: 2212 | I29: 25 | J29: 918 | K29: 0 | L29: 40 | M29: 1890 | N29: 15 | O29: 80 | P29: 80 | Q29: 5336 | R29: 65 | S29: 231 | T29: =S29-S28 -> 0
A30: 44796 | C30: 32 | D30: 81 | T30: =S30-S29 -> -231
A31: 44797 | T31: =S31-S30 -> 0
A32: 44798 | T32: =S32-S31 -> 0
A33: 44799 | T33: =S33-S32 -> 0
A34: 44800 | T34: =S34-S33 -> 0
A35: 44801 | T35: =S35-S34 -> 0
A36: 44802 | T36: =S36-S35 -> 0
A37: 44803 | T37: =S37-S36 -> 0
A38: 44804 | T38: =S38-S37 -> 0
A39: 44805 | T39: =S39-S38 -> 0
