Workbook

Sheet Sheet1
A1: Site Name | B1: Month | C1: Year | D1: Total (per Unit) bottles cans | E1: Total cost bottles cans | F1: Total (per Unit) cardboard | G1: Total cost cardboard | H1: Total (per Unit) paper | I1: Total cost paper | J1: Total (per Unit) mixed glass | K1: Total cost mixed glass | L1: Total (per Unit) aluminum | M1: Total cost aluminum | N1: Total (per Unit) other plastics | O1: Total cost other plastics | P1: Total (per Unit) soap bars | Q1: Total cost soap bars | R1: Total (per Unit) e waste | S1: Total cost e waste | T1: Total (per Unit) durable goods | U1: Total cost durable goods | V1: Total (per Unit) solid food waste | W1: Total cost solid food waste | X1: Total (per Unit) leftover food | Y1: Total cost leftover food | Z1: Total (per Unit) inedible parts | AA1: Total cost inedible parts | AB1: Total (per Unit) liquid food waste | AC1: Total cost liquid food waste | AD1: Total (per Unit) kitchen grease | AE1: Total cost kitchen grease | AF1: Total (per Unit) liquid hazardous waste | AG1: Total cost liquid hazardous waste | AH1: Total (per Unit) other hazardous waste | AI1: Total cost other hazardous waste | AJ1: Total (per Unit) batteries | AK1: Total cost batteries | AL1: Total (per Unit) light bulbs | AM1: Total cost light bulbs | AN1: Total (per Unit) textiles | AO1: Total cost textiles | AP1: Total (per Unit) paint | AQ1: Total cost paint | AR1: Total (per Unit) recyclable | AS1: Total cost recyclable | AT1: Total (per Unit) commingled recyclables | AU1: Total cost commingled recyclables | AV1: Total (per Unit) paper cardboard | AW1: Total cost paper cardboard | AX1: Total (per Unit) mixed metals | AY1: Total cost mixed metals | AZ1: Total (per Unit) plastics | BA1: Total cost plastics | BB1: Total (per Unit) biodegradable | BC1: Total cost biodegradable | BD1: Total (per Unit) food waste | BE1: Total cost food waste | BF1: Total (per Unit) hazardous waste | BG1: Total cost hazardous waste | BH1: Total (per Unit) universal waste | BI1: Total cost universal waste | BJ1: Total (per Unit) hazardous and universal waste | BK1: Total cost hazardous and universal waste | BL1: Total (per Unit) medical waste | BM1: Total cost medical waste | BN1: Total (per Unit) tin | BO1: Total cost tin
A2: Bali Jimbaran | B2: 1 | C2: 2022 | D2: 784 | E2: 0 | F2: 123.1 | G2: 0 | H2: 136.5 | I2: 0 | J2: 784 | K2: 0 | L2: 16 | M2: 0 | N2: 58.7 | O2: 0 | P2: 0 | Q2: 0 | R2: 0 | S2: 0 | T2: 0 | U2: 0 | V2: 5420 | W2: 11555278 | X2: 0 | Y2: 0 | Z2: 0 | AA2: 0 | AB2: 0 | AC2: 0 | AD2: 0 | AE2: 0 | AF2: 0 | AG2: 0 | AH2: 0 | AI2: 0 | AJ2: 0 | AK2: 0 | AL2: 0 | AM2: 0 | AN2: 0 | AO2: 0 | AP2: 0 | AQ2: 0 | AR2: 0 | AS2: 0 | AT2: 0 | AU2: 0 | AV2: 123.1 | AW2: 0 | AX2: 0 | AY2: 0 | AZ2: 0 | BA2: 0 | BB2: 11508.5 | BC2: 0 | BD2: 0 | BE2: 0 | BF2: 0 | BG2: 0 | BH2: 0 | BI2: 0 | BJ2: 0 | BK2: 0 | BL2: 6.65 | BM2: 437500 | BN2: 24.6 | BO2: 0
A3: Bali Jimbaran | B3: 2 | C3: 2022 | D3: 412 | E3: 0 | F3: 7.5 | G3: 0 | H3: 172.9 | I3: 0 | J3: 581 | K3: 0 | L3: 13 | M3: 0 | N3: 53.5 | O3: 0 | P3: 0 | Q3: 0 | R3: 0 | S3: 0 | T3: 0 | U3: 0 | V3: 6183 | W3: 11555278 | X3: 0 | Y3: 0 | Z3: 0 | AA3: 0 | AB3: 0 | AC3: 0 | AD3: 0 | AE3: 0 | AF3: 0 | AG3: 0 | AH3: 0 | AI3: 0 | AJ3: 0 | AK3: 0 | AL3: 0 | AM3: 0 | AN3: 0 | AO3: 0 | AP3: 0 | AQ3: 0 | AR3: 0 | AS3: 0 | AT3: 0 | AU3: 0 | AV3: 109.5 | AW3: 0 | AX3: 0 | AY3: 0 | AZ3: 0 | BA3: 0 | BB3: 10212 | BC3: 0 | BD3: 65.5 | BE3: 0 | BF3: 0 | BG3: 0 | BH3: 0 | BI3: 0 | BJ3: 0 | BK3: 0 | BL3: 6.65 | BM3: 437500 | BN3: 18.7 | BO3: 0
A4: Bali Jimbaran | B4: 3 | C4: 2022 | D4: 479 | E4: 0 | F4: 9.9 | G4: 0 | H4: 95.6 | I4: 0 | J4: 479 | K4: 0 | L4: 16 | M4: 0 | N4: 58.7 | O4: 0 | P4: 0 | Q4: 0 | R4: 0 | S4: 0 | T4: 0 | U4: 0 | V4: 4020 | W4: 11555278 | X4: 0 | Y4: 0 | Z4: 0 | AA4: 0 | AB4: 0 | AC4: 0 | AD4: 0 | AE4: 0 | AF4: 0 | AG4: 0 | AH4: 0 | AI4: 0 | AJ4: 0 | AK4: 0 | AL4: 0 | AM4: 0 | AN4: 0 | AO4: 0 | AP4: 0 | AQ4: 0 | AR4: 0 | AS4: 0 | AT4: 0 | AU4: 0 | AV4: 81.2 | AW4: 0 | AX4: 0 | AY4: 0 | AZ4: 0 | BA4: 0 | BB4: 11523 | BC4: 0 | BD4: 76.2 | BE4: 0 | BF4: 0 | BG4: 0 | BH4: 0 | BI4: 0 | BJ4: 0 | BK4: 0 | BL4: 6.65 | BM4: 437500 | BN4: 24.6 | BO4: 0
A5: Bali Jimbaran | B5: 4 | C5: 2022 | D5: 200.6 | E5: 0 | F5: 110.6 | G5: 0 | H5: 215 | I5: 0 | J5: 64.1 | K5: 0 | L5: 0 | M5: 0 | N5: 78.5 | O5: 0 | P5: 0 | Q5: 0 | R5: 0 | S5: 0 | T5: 0 | U5: 0 | V5: 5116 | W5: 11555278 | X5: 0 | Y5: 0 | Z5: 0 | AA5: 0 | AB5: 0 | AC5: 0 | AD5: 0 | AE5: 0 | AF5: 0 | AG5: 0 | AH5: 0 | AI5: 0 | AJ5: 0 | AK5: 0 | AL5: 0 | AM5: 0 | AN5: 0 | AO5: 0 | AP5: 0 | AQ5: 0 | AR5: 0 | AS5: 0 | AT5: 0 | AU5: 0 | AV5: 0 | AW5: 0 | AX5: 0 | AY5: 0 | AZ5: 0 | BA5: 0 | BB5: 13278.06 | BC5: 0 | BD5: 0 | BE5: 0 | BF5: 0 | BG5: 0 | BH5: 0 | BI5: 0 | BJ5: 0 | BK5: 0 | BL5: 0 | BM5: 0 | BN5: 0 | BO5: 0
A6: Bali Jimbaran | B6: 5 | C6: 2022 | D6: 198.3 | E6: 0 | F6: 118.2 | G6: 0 | H6: 260.8 | I6: 0 | J6: 106.7 | K6: 0 | L6: 0 | M6: 0 | N6: 58.6 | O6: 0 | P6: 0 | Q6: 0 | R6: 0 | S6: 0 | T6: 0 | U6: 0 | V6: 7190 | W6: 11555278 | X6: 0 | Y6: 0 | Z6: 0 | AA6: 0 | AB6: 0 | AC6: 0 | AD6: 0 | AE6: 0 | AF6: 0 | AG6: 0 | AH6: 0 | AI6: 0 | AJ6: 0 | AK6: 0 | AL6: 0 | AM6: 0 | AN6: 0 | AO6: 0 | AP6: 0 | AQ6: 0 | AR6: 0 | AS6: 0 | AT6: 0 | AU6: 0 | AV6: 0 | AW6: 0 | AX6: 0 | AY6: 0 | AZ6: 0 | BA6: 0 | BB6: 16080 | BC6: 0 | BD6: 0 | BE6: 0 | BF6: 0 | BG6: 0 | BH6: 0 | BI6: 0 | BJ6: 0 | BK6: 0 | BL6: 0 | BM6: 0 | BN6: 0 | BO6: 0
A7: Bali Jimbaran | B7: 6 | C7: 2022 | D7: 489.2 | E7: 0 | F7: 367.6 | G7: 0 | H7: 140.9 | I7: 0 | J7: 121.7 | K7: 0 | L7: 121.7 | M7: 0 | N7: 297.7 | O7: 0 | P7: 0 | Q7: 0 | R7: 0 | S7: 0 | T7: 0 | U7: 0 | V7: 8278 | W7: 11555278 | X7: 0 | Y7: 0 | Z7: 0 | AA7: 0 | AB7: 0 | AC7: 0 | AD7: 0 | AE7: 0 | AF7: 0 | AG7: 0 | AH7: 0 | AI7: 0 | AJ7: 0 | AK7: 0 | AL7: 0 | AM7: 0 | AN7: 0 | AO7: 0 | AP7: 0 | AQ7: 0 | AR7: 0 | AS7: 0 | AT7: 0 | AU7: 0 | AV7: 0 | AW7: 0 | AX7: 0 | AY7: 0 | AZ7: 0 | BA7: 0 | BB7: 13981.4 | BC7: 0 | BD7: 0 | BE7: 0 | BF7: 0 | BG7: 0 | BH7: 0 | BI7: 0 | BJ7: 0 | BK7: 0 | BL7: 0 | BM7: 0 | BN7: 0 | BO7: 0
A8: Bali Jimbaran | B8: 7 | C8: 2022 | D8: 664 | E8: 0 | F8: 29.9 | G8: 0 | H8: 142.7 | I8: 0 | J8: 664 | K8: 0 | L8: 16 | M8: 0 | N8: 102.3 | O8: 0 | P8: 0 | Q8: 0 | R8: 0 | S8: 0 | T8: 0 | U8: 0 | V8: 6960 | W8: 11555278 | X8: 76.2 | Y8: 0 | Z8: 31.9 | AA8: 0 | AB8: 0 | AC8: 0 | AD8: 0 | AE8: 0 | AF8: 0 | AG8: 0 | AH8: 0 | AI8: 0 | AJ8: 0 | AK8: 0 | AL8: 0 | AM8: 0 | AN8: 0 | AO8: 0 | AP8: 0 | AQ8: 0 | AR8: 0 | AS8: 0 | AT8: 0 | AU8: 0 | AV8: 137.2 | AW8: 0 | AX8: 0 | AY8: 0 | AZ8: 0 | BA8: 0 | BB8: 11523 | BC8: 0 | BD8: 76.2 | BE8: 0 | BF8: 0 | BG8: 0 | BH8: 0 | BI8: 0 | BJ8: 0 | BK8: 0 | BL8: 6.65 | BM8: 437500 | BN8: 95.3 | BO8: 0
A9: Bali Jimbaran | B9: 8 | C9: 2022
A10: Bali Jimbaran | B10: 9 | C10: 2022
A11: Bali Jimbaran | B11: 10 | C11: 2022
A12: Bali Jimbaran | B12: 11 | C12: 2022
A13: Bali Jimbaran | B13: 12 | C13: 2022

Sheet TOTAL
A1: Site Name | B1: Day | C1: Month | D1: Year | E1: Total (per Unit) bottles cans | F1: Total cost bottles cans | G1: Total (per Unit) cardboard | H1: Total cost cardboard | I1: Total (per Unit) paper | J1: Total cost paper | K1: Total (per Unit) mixed glass | L1: Total cost mixed glass | M1: Total (per Unit) aluminum | N1: Total cost aluminum | O1: Total (per Unit) other plastics | P1: Total cost other plastics | Q1: Total (per Unit) soap bars | R1: Total cost soap bars | S1: Total (per Unit) e waste | T1: Total cost e waste | U1: Total (per Unit) durable goods | V1: Total cost durable goods | W1: Total (per Unit) solid food waste | X1: Total cost solid food waste | Y1: Total (per Unit) leftover food | Z1: Total cost leftover food | AA1: Total (per Unit) inedible parts | AB1: Total cost inedible parts | AC1: Total (per Unit) liquid food waste | AD1: Total cost liquid food waste | AE1: Total (per Unit) kitchen grease | AF1: Total cost kitchen grease | AG1: Total (per Unit) liquid hazardous waste | AH1: Total cost liquid hazardous waste | AI1: Total (per Unit) other hazardous waste | AJ1: Total cost other hazardous waste | AK1: Total (per Unit) batteries | AL1: Total cost batteries | AM1: Total (per Unit) light bulbs | AN1: Total cost light bulbs | AO1: Total (per Unit) textiles | AP1: Total cost textiles | AQ1: Total (per Unit) paint | AR1: Total cost paint | AS1: Total (per Unit) recyclable | AT1: Total cost recyclable | AU1: Total (per Unit) commingled recyclables | AV1: Total cost commingled recyclables | AW1: Total (per Unit) paper cardboard | AX1: Total cost paper cardboard | AY1: Total (per Unit) mixed metals | AZ1: Total cost mixed metals | BA1: Total (per Unit) plastics | BB1: Total cost plastics | BC1: Total (per Unit) biodegradable | BD1: Total cost biodegradable | BE1: Total (per Unit) food waste | BF1: Total cost food waste | BG1: Total (per Unit) hazardous waste | BH1: Total cost hazardous waste | BI1: Total (per Unit) universal waste | BJ1: Total cost universal waste | BK1: Total (per Unit) hazardous and universal waste | BL1: Total cost hazardous and universal waste | BM1: Total (per Unit) medical waste | BN1: Total cost medical waste | BO1: Total (per Unit) tin | BP1: Total cost tin
A2: Bali Jimbaran | B2: 1 | C2: 7 | D2: 2022 | E2: ='FS Jimbaran July 2022'!K12 -> 25 | F2: ='FS Jimbaran July 2022'!N12 -> 0 | G2: ='FS Jimbaran July 2022'!G12 -> 5 | H2: ='FS Jimbaran July 2022'!H12 -> 0 | I2: ='FS Jimbaran July 2022'!I12 -> 10.3 | J2: ='FS Jimbaran July 2022'!J12 -> 0 | K2: ='FS Jimbaran July 2022'!K12 -> 25 | L2: ='FS Jimbaran July 2022'!L12 -> 0 | M2: ='FS Jimbaran July 2022'!S12 -> 1 | N2: ='FS Jimbaran July 2022'!T12 -> 0 | O2: ='FS Jimbaran July 2022'!U12 -> 2.3 | P2: ='FS Jimbaran July 2022'!V12 -> 0 | Q2: ='FS Jimbaran July 2022'!BE12 -> 0 | R2: ='FS Jimbaran July 2022'!BF12 -> 0 | S2: ='FS Jimbaran July 2022'!BH12 -> 0 | T2: ='FS Jimbaran July 2022'!BH12 -> 0 | U2: ='FS Jimbaran July 2022'!BI12 -> 0 | V2: ='FS Jimbaran July 2022'!BJ12 -> 0 | W2: ='FS Jimbaran July 2022'!Y12 -> 247 | X2: ='FS Jimbaran July 2022'!Z12 -> 11555278 | Y2: ='FS Jimbaran July 2022'!AA12 -> 4.2 | Z2: ='FS Jimbaran July 2022'!AB12 -> 0 | AA2: ='FS Jimbaran July 2022'!AC12 -> 1.5 | AB2: ='FS Jimbaran July 2022'!AD12 -> 0 | AC2: ='FS Jimbaran July 2022'!AE12 -> 0 | AD2: ='FS Jimbaran July 2022'!AF12 -> 0 | ... AF2: ='FS Jimbaran July 2022'!AH12 -> 0 | AG2: ='FS Jimbaran July 2022'!AM12 -> 0 | AH2: ='FS Jimbaran July 2022'!AR12 -> 0 | AI2: ='FS Jimbaran July 2022'!AQ12 -> 0 | AJ2: ='FS Jimbaran July 2022'!AR12 -> 0 | AK2: ='FS Jimbaran July 2022'!AY12 -> 0 | AL2: ='FS Jimbaran July 2022'!AZ12 -> 0 | AM2: ='FS Jimbaran July 2022'!BB12 -> 0 | AN2: ='FS Jimbaran July 2022'!BB12 -> 0 | AO2: ='FS Jimbaran July 2022'!BK12 -> 0 | AP2: ='FS Jimbaran July 2022'!BL12 -> 0 | AQ2: ='FS Jimbaran July 2022'!BC12 -> 0 | AR2: ='FS Jimbaran July 2022'!BD12 -> 0 | AS2: ='FS Jimbaran July 2022'!BM12 -> 0 | AT2: ='FS Jimbaran July 2022'!BN12 -> 0 | AU2: ='FS Jimbaran July 2022'!BO12 -> 0 | AV2: ='FS Jimbaran July 2022'!BP12 -> 0 | AW2: ='FS Jimbaran July 2022'!E12 -> 5.3 | AX2: ='FS Jimbaran July 2022'!F12 -> 0 | AY2: ='FS Jimbaran July 2022'!O12 -> 0 | AZ2: ='FS Jimbaran July 2022'!P12 -> 0 | BA2: ='FS Jimbaran July 2022'!W12 -> 0 | BB2: ='FS Jimbaran July 2022'!X12 -> 0 | BC2: ='FS Jimbaran July 2022'!AI12 -> 402.5 | BD2: ='FS Jimbaran July 2022'!AJ12 -> 0 | BE2: ='FS Jimbaran July 2022'!AK12 -> 4.2 | BF2: ='FS Jimbaran July 2022'!AL12 -> 0 | BG2: ='FS Jimbaran July 2022'!AM12 -> 0 | BH2: ='FS Jimbaran July 2022'!AN12 -> 0 | BI2: ='FS Jimbaran July 2022'!AO12 -> 0 | BJ2: ='FS Jimbaran July 2022'!AO12 -> 0 | BK2: ='FS Jimbaran July 2022'!AQ12 -> 0 | BL2: ='FS Jimbaran July 2022'!AR12 -> 0 | BM2: 6.65 | BN2: 437500 | BO2: ='FS Jimbaran July 2022'!Q12 -> 10 | BP2: ='FS Jimbaran July 2022'!R12 -> 0
A3: Bali Jimbaran | B3: =B2+1 -> 2 | C3: 7 | D3: 2022 | E3: ='FS Jimbaran July 2022'!K13 -> 26 | F3: ='FS Jimbaran July 2022'!N13 -> 0 | G3: ='FS Jimbaran July 2022'!G13 -> 0 | H3: ='FS Jimbaran July 2022'!H13 -> 0 | I3: ='FS Jimbaran July 2022'!I13 -> 2 | J3: ='FS Jimbaran July 2022'!J13 -> 0 | K3: ='FS Jimbaran July 2022'!K13 -> 26 | L3: ='FS Jimbaran July 2022'!L13 -> 0 | M3: ='FS Jimbaran July 2022'!S13 -> 0 | N3: ='FS Jimbaran July 2022'!T13 -> 0 | O3: ='FS Jimbaran July 2022'!U13 -> 2.5 | P3: ='FS Jimbaran July 2022'!V13 -> 0 | Q3: ='FS Jimbaran July 2022'!BE13 -> 0 | R3: ='FS Jimbaran July 2022'!BF13 -> 0 | S3: ='FS Jimbaran July 2022'!BH13 -> 0 | T3: ='FS Jimbaran July 2022'!BH13 -> 0 | U3: ='FS Jimbaran July 2022'!BI13 -> 0 | V3: ='FS Jimbaran July 2022'!BJ13 -> 0 | W3: ='FS Jimbaran July 2022'!Y13 -> 247 | X3: ='FS Jimbaran July 2022'!Z13 -> 0 | Y3: ='FS Jimbaran July 2022'!AA13 -> 0 | Z3: ='FS Jimbaran July 2022'!AB13 -> 0 | AA3: ='FS Jimbaran July 2022'!AC13 -> 0 | AB3: ='FS Jimbaran July 2022'!AD13 -> 0 | AC3: ='FS Jimbaran July 2022'!AE13 -> 0 | AD3: ='FS Jimbaran July 2022'!AF13 -> 0 | ... AF3: ='FS Jimbaran July 2022'!AH13 -> 0 | AG3: ='FS Jimbaran July 2022'!AM13 -> 0 | AH3: ='FS Jimbaran July 2022'!AR13 -> 0 | AI3: ='FS Jimbaran July 2022'!AQ13 -> 0 | AJ3: ='FS Jimbaran July 2022'!AR13 -> 0 | AK3: ='FS Jimbaran July 2022'!AY13 -> 0 | AL3: ='FS Jimbaran July 2022'!AZ13 -> 0 | AM3: ='FS Jimbaran July 2022'!BB13 -> 0 | AN3: ='FS Jimbaran July 2022'!BB13 -> 0 | AO3: ='FS Jimbaran July 2022'!BK13 -> 0 | AP3: ='FS Jimbaran July 2022'!BL13 -> 0 | AQ3: ='FS Jimbaran July 2022'!BC13 -> 0 | AR3: ='FS Jimbaran July 2022'!BD13 -> 0 | AS3: ='FS Jimbaran July 2022'!BM13 -> 0 | AT3: ='FS Jimbaran July 2022'!BN13 -> 0 | AU3: ='FS Jimbaran July 2022'!BO13 -> 0 | AV3: ='FS Jimbaran July 2022'!BP13 -> 0 | AW3: ='FS Jimbaran July 2022'!E13 -> 8 | AX3: ='FS Jimbaran July 2022'!F13 -> 0 | AY3: ='FS Jimbaran July 2022'!O13 -> 0 | AZ3: ='FS Jimbaran July 2022'!P13 -> 0 | BA3: ='FS Jimbaran July 2022'!W13 -> 0 | BB3: ='FS Jimbaran July 2022'!X13 -> 0 | BC3: ='FS Jimbaran July 2022'!AI13 -> 414 | BD3: ='FS Jimbaran July 2022'!AJ13 -> 0 | BE3: ='FS Jimbaran July 2022'!AK13 -> 0 | BF3: ='FS Jimbaran July 2022'!AL13 -> 0 | BG3: ='FS Jimbaran July 2022'!AM13 -> 0 | BH3: ='FS Jimbaran July 2022'!AN13 -> 0 | BI3: ='FS Jimbaran July 2022'!AO13 -> 0 | BJ3: ='FS Jimbaran July 2022'!AO13 -> 0 | BK3: ='FS Jimbaran July 2022'!AQ13 -> 0 | BL3: ='FS Jimbaran July 2022'!AR13 -> 0 | BM3: 0 | BN3: 0 | BO3: ='FS Jimbaran July 2022'!Q13 -> 15 | BP3: ='FS Jimbaran July 2022'!R13 -> 0
A4: Bali Jimbaran | B4: =B3+1 -> 3 | C4: 7 | D4: 2022 | E4: ='FS Jimbaran July 2022'!K14 -> 30 | F4: ='FS Jimbaran July 2022'!N14 -> 0 | G4: ='FS Jimbaran July 2022'!G14 -> 6 | H4: ='FS Jimbaran July 2022'!H14 -> 0 | I4: ='FS Jimbaran July 2022'!I14 -> 5.2 | J4: ='FS Jimbaran July 2022'!J14 -> 0 | K4: ='FS Jimbaran July 2022'!K14 -> 30 | L4: ='FS Jimbaran July 2022'!L14 -> 0 | M4: ='FS Jimbaran July 2022'!S14 -> 2 | N4: ='FS Jimbaran July 2022'!T14 -> 0 | O4: ='FS Jimbaran July 2022'!U14 -> 1.6 | P4: ='FS Jimbaran July 2022'!V14 -> 0 | Q4: ='FS Jimbaran July 2022'!BE14 -> 0 | R4: ='FS Jimbaran July 2022'!BF14 -> 0 | S4: ='FS Jimbaran July 2022'!BH14 -> 0 | T4: ='FS Jimbaran July 2022'!BH14 -> 0 | U4: ='FS Jimbaran July 2022'!BI14 -> 0 | V4: ='FS Jimbaran July 2022'!BJ14 -> 0 | W4: ='FS Jimbaran July 2022'!Y14 -> 155 | X4: ='FS Jimbaran July 2022'!Z14 -> 0 | Y4: ='FS Jimbaran July 2022'!AA14 -> 5.2 | Z4: ='FS Jimbaran July 2022'!AB14 -> 0 | AA4: ='FS Jimbaran July 2022'!AC14 -> 2.3 | AB4: ='FS Jimbaran July 2022'!AD14 -> 0 | AC4: ='FS Jimbaran July 2022'!AE14 -> 0 | AD4: ='FS Jimbaran July 2022'!AF14 -> 0 | ... AF4: ='FS Jimbaran July 2022'!AH14 -> 0 | AG4: ='FS Jimbaran July 2022'!AM14 -> 0 | AH4: ='FS Jimbaran July 2022'!AR14 -> 0 | AI4: ='FS Jimbaran July 2022'!AQ14 -> 0 | AJ4: ='FS Jimbaran July 2022'!AR14 -> 0 | AK4: ='FS Jimbaran July 2022'!AY14 -> 0 | AL4: ='FS Jimbaran July 2022'!AZ14 -> 0 | AM4: ='FS Jimbaran July 2022'!BB14 -> 0 | AN4: ='FS Jimbaran July 2022'!BB14 -> 0 | AO4: ='FS Jimbaran July 2022'!BK14 -> 0 | AP4: ='FS Jimbaran July 2022'!BL14 -> 0 | AQ4: ='FS Jimbaran July 2022'!BC14 -> 0 | AR4: ='FS Jimbaran July 2022'!BD14 -> 0 | AS4: ='FS Jimbaran July 2022'!BM14 -> 0 | AT4: ='FS Jimbaran July 2022'!BN14 -> 0 | AU4: ='FS Jimbaran July 2022'!BO14 -> 0 | AV4: ='FS Jimbaran July 2022'!BP14 -> 0 | AW4: ='FS Jimbaran July 2022'!E14 -> 4.1 | AX4: ='FS Jimbaran July 2022'!F14 -> 0 | AY4: ='FS Jimbaran July 2022'!O14 -> 0 | AZ4: ='FS Jimbaran July 2022'!P14 -> 0 | BA4: ='FS Jimbaran July 2022'!W14 -> 0 | BB4: ='FS Jimbaran July 2022'!X14 -> 0 | BC4: ='FS Jimbaran July 2022'!AI14 -> 276 | BD4: ='FS Jimbaran July 2022'!AJ14 -> 0 | BE4: ='FS Jimbaran July 2022'!AK14 -> 5.2 | BF4: ='FS Jimbaran July 2022'!AL14 -> 0 | BG4: ='FS Jimbaran July 2022'!AM14 -> 0 | BH4: ='FS Jimbaran July 2022'!AN14 -> 0 | BI4: ='FS Jimbaran July 2022'!AO14 -> 0 | BJ4: ='FS Jimbaran July 2022'!AO14 -> 0 | BK4: ='FS Jimbaran July 2022'!AQ14 -> 0 | BL4: ='FS Jimbaran July 2022'!AR14 -> 0 | BM4: 0 | BN4: 0 | BO4: ='FS Jimbaran July 2022'!Q14 -> 16 | BP4: ='FS Jimbaran July 2022'!R14 -> 0
A5: Bali Jimbaran | B5: =B4+1 -> 4 | C5: 7 | D5: 2022 | E5: ='FS Jimbaran July 2022'!K15 -> 30 | F5: ='FS Jimbaran July 2022'!N15 -> 0 | G5: ='FS Jimbaran July 2022'!G15 -> 0 | H5: ='FS Jimbaran July 2022'!H15 -> 0 | I5: ='FS Jimbaran July 2022'!I15 -> 2.3 | J5: ='FS Jimbaran July 2022'!J15 -> 0 | K5: ='FS Jimbaran July 2022'!K15 -> 30 | L5: ='FS Jimbaran July 2022'!L15 -> 0 | M5: ='FS Jimbaran July 2022'!S15 -> 0 | N5: ='FS Jimbaran July 2022'!T15 -> 0 | O5: ='FS Jimbaran July 2022'!U15 -> 2.5 | P5: ='FS Jimbaran July 2022'!V15 -> 0 | Q5: ='FS Jimbaran July 2022'!BE15 -> 0 | R5: ='FS Jimbaran July 2022'!BF15 -> 0 | S5: ='FS Jimbaran July 2022'!BH15 -> 0 | T5: ='FS Jimbaran July 2022'!BH15 -> 0 | U5: ='FS Jimbaran July 2022'!BI15 -> 0 | V5: ='FS Jimbaran July 2022'!BJ15 -> 0 | W5: ='FS Jimbaran July 2022'!Y15 -> 160 | X5: ='FS Jimbaran July 2022'!Z15 -> 0 | Y5: ='FS Jimbaran July 2022'!AA15 -> 0 | Z5: ='FS Jimbaran July 2022'!AB15 -> 0 | AA5: ='FS Jimbaran July 2022'!AC15 -> 0 | AB5: ='FS Jimbaran July 2022'!AD15 -> 0 | AC5: ='FS Jimbaran July 2022'!AE15 -> 0 | AD5: ='FS Jimbaran July 2022'!AF15 -> 0 | ... AF5: ='FS Jimbaran July 2022'!AH15 -> 0 | AG5: ='FS Jimbaran July 2022'!AM15 -> 0 | AH5: ='FS Jimbaran July 2022'!AR15 -> 0 | AI5: ='FS Jimbaran July 2022'!AQ15 -> 0 | AJ5: ='FS Jimbaran July 2022'!AR15 -> 0 | AK5: ='FS Jimbaran July 2022'!AY15 -> 0 | AL5: ='FS Jimbaran July 2022'!AZ15 -> 0 | AM5: ='FS Jimbaran July 2022'!BB15 -> 0 | AN5: ='FS Jimbaran July 2022'!BB15 -> 0 | AO5: ='FS Jimbaran July 2022'!BK15 -> 0 | AP5: ='FS Jimbaran July 2022'!BL15 -> 0 | AQ5: ='FS Jimbaran July 2022'!BC15 -> 0 | AR5: ='FS Jimbaran July 2022'!BD15 -> 0 | AS5: ='FS Jimbaran July 2022'!BM15 -> 0 | AT5: ='FS Jimbaran July 2022'!BN15 -> 0 | AU5: ='FS Jimbaran July 2022'!BO15 -> 0 | AV5: ='FS Jimbaran July 2022'!BP15 -> 0 | AW5: ='FS Jimbaran July 2022'!E15 -> 10 | AX5: ='FS Jimbaran July 2022'!F15 -> 0 | AY5: ='FS Jimbaran July 2022'!O15 -> 0 | AZ5: ='FS Jimbaran July 2022'!P15 -> 0 | BA5: ='FS Jimbaran July 2022'!W15 -> 0 | BB5: ='FS Jimbaran July 2022'!X15 -> 0 | BC5: ='FS Jimbaran July 2022'!AI15 -> 379.5 | BD5: ='FS Jimbaran July 2022'!AJ15 -> 0 | BE5: ='FS Jimbaran July 2022'!AK15 -> 0 | BF5: ='FS Jimbaran July 2022'!AL15 -> 0 | BG5: ='FS Jimbaran July 2022'!AM15 -> 0 | BH5: ='FS Jimbaran July 2022'!AN15 -> 0 | BI5: ='FS Jimbaran July 2022'!AO15 -> 0 | BJ5: ='FS Jimbaran July 2022'!AO15 -> 0 | BK5: ='FS Jimbaran July 2022'!AQ15 -> 0 | BL5: ='FS Jimbaran July 2022'!AR15 -> 0 | BM5: 0 | BN5: 0 | BO5: ='FS Jimbaran July 2022'!Q15 -> 7 | BP5: ='FS Jimbaran July 2022'!R15 -> 0
A6: Bali Jimbaran | B6: =B5+1 -> 5 | C6: 7 | D6: 2022 | E6: ='FS Jimbaran July 2022'!K16 -> 28 | F6: ='FS Jimbaran July 2022'!N16 -> 0 | G6: ='FS Jimbaran July 2022'!G16 -> 1.3 | H6: ='FS Jimbaran July 2022'!H16 -> 0 | I6: ='FS Jimbaran July 2022'!I16 -> 6.3 | J6: ='FS Jimbaran July 2022'!J16 -> 0 | K6: ='FS Jimbaran July 2022'!K16 -> 28 | L6: ='FS Jimbaran July 2022'!L16 -> 0 | M6: ='FS Jimbaran July 2022'!S16 -> 1 | N6: ='FS Jimbaran July 2022'!T16 -> 0 | O6: ='FS Jimbaran July 2022'!U16 -> 2.4 | P6: ='FS Jimbaran July 2022'!V16 -> 0 | Q6: ='FS Jimbaran July 2022'!BE16 -> 0 | R6: ='FS Jimbaran July 2022'!BF16 -> 0 | S6: ='FS Jimbaran July 2022'!BH16 -> 0 | T6: ='FS Jimbaran July 2022'!BH16 -> 0 | U6: ='FS Jimbaran July 2022'!BI16 -> 0 | V6: ='FS Jimbaran July 2022'!BJ16 -> 0 | W6: ='FS Jimbaran July 2022'!Y16 -> 237 | X6: ='FS Jimbaran July 2022'!Z16 -> 0 | Y6: ='FS Jimbaran July 2022'!AA16 -> 4.1 | Z6: ='FS Jimbaran July 2022'!AB16 -> 0 | AA6: ='FS Jimbaran July 2022'!AC16 -> 1.6 | AB6: ='FS Jimbaran July 2022'!AD16 -> 0 | AC6: ='FS Jimbaran July 2022'!AE16 -> 0 | AD6: ='FS Jimbaran July 2022'!AF16 -> 0 | ... AF6: ='FS Jimbaran July 2022'!AH16 -> 0 | AG6: ='FS Jimbaran July 2022'!AM16 -> 0 | AH6: ='FS Jimbaran July 2022'!AR16 -> 0 | AI6: ='FS Jimbaran July 2022'!AQ16 -> 0 | AJ6: ='FS Jimbaran July 2022'!AR16 -> 0 | AK6: ='FS Jimbaran July 2022'!AY16 -> 0 | AL6: ='FS Jimbaran July 2022'!AZ16 -> 0 | AM6: ='FS Jimbaran July 2022'!BB16 -> 0 | AN6: ='FS Jimbaran July 2022'!BB16 -> 0 | AO6: ='FS Jimbaran July 2022'!BK16 -> 0 | AP6: ='FS Jimbaran July 2022'!BL16 -> 0 | AQ6: ='FS Jimbaran July 2022'!BC16 -> 0 | AR6: ='FS Jimbaran July 2022'!BD16 -> 0 | AS6: ='FS Jimbaran July 2022'!BM16 -> 0 | AT6: ='FS Jimbaran July 2022'!BN16 -> 0 | AU6: ='FS Jimbaran July 2022'!BO16 -> 0 | AV6: ='FS Jimbaran July 2022'!BP16 -> 0 | AW6: ='FS Jimbaran July 2022'!E16 -> 7.2 | AX6: ='FS Jimbaran July 2022'!F16 -> 0 | AY6: ='FS Jimbaran July 2022'!O16 -> 0 | AZ6: ='FS Jimbaran July 2022'!P16 -> 0 | BA6: ='FS Jimbaran July 2022'!W16 -> 0 | BB6: ='FS Jimbaran July 2022'!X16 -> 0 | BC6: ='FS Jimbaran July 2022'!AI16 -> 471.5 | BD6: ='FS Jimbaran July 2022'!AJ16 -> 0 | BE6: ='FS Jimbaran July 2022'!AK16 -> 4.1 | BF6: ='FS Jimbaran July 2022'!AL16 -> 0 | BG6: ='FS Jimbaran July 2022'!AM16 -> 0 | BH6: ='FS Jimbaran July 2022'!AN16 -> 0 | BI6: ='FS Jimbaran July 2022'!AO16 -> 0 | BJ6: ='FS Jimbaran July 2022'!AO16 -> 0 | BK6: ='FS Jimbaran July 2022'!AQ16 -> 0 | BL6: ='FS Jimbaran July 2022'!AR16 -> 0 | BM6: 0 | BN6: 0 | BO6: ='FS Jimbaran July 2022'!Q16 -> 1.5 | BP6: ='FS Jimbaran July 2022'!R16 -> 0
A7: Bali Jimbaran | B7: =B6+1 -> 6 | C7: 7 | D7: 2022 | E7: ='FS Jimbaran July 2022'!K17 -> 25 | F7: ='FS Jimbaran July 2022'!N17 -> 0 | G7: ='FS Jimbaran July 2022'!G17 -> 0 | H7: ='FS Jimbaran July 2022'!H17 -> 0 | I7: ='FS Jimbaran July 2022'!I17 -> 8 | J7: ='FS Jimbaran July 2022'!J17 -> 0 | K7: ='FS Jimbaran July 2022'!K17 -> 25 | L7: ='FS Jimbaran July 2022'!L17 -> 0 | M7: ='FS Jimbaran July 2022'!S17 -> 0 | N7: ='FS Jimbaran July 2022'!T17 -> 0 | O7: ='FS Jimbaran July 2022'!U17 -> 2.6 | P7: ='FS Jimbaran July 2022'!V17 -> 0 | Q7: ='FS Jimbaran July 2022'!BE17 -> 0 | R7: ='FS Jimbaran July 2022'!BF17 -> 0 | S7: ='FS Jimbaran July 2022'!BH17 -> 0 | T7: ='FS Jimbaran July 2022'!BH17 -> 0 | U7: ='FS Jimbaran July 2022'!BI17 -> 0 | V7: ='FS Jimbaran July 2022'!BJ17 -> 0 | W7: ='FS Jimbaran July 2022'!Y17 -> 239 | X7: ='FS Jimbaran July 2022'!Z17 -> 0 | Y7: ='FS Jimbaran July 2022'!AA17 -> 0 | Z7: ='FS Jimbaran July 2022'!AB17 -> 0 | AA7: ='FS Jimbaran July 2022'!AC17 -> 0 | AB7: ='FS Jimbaran July 2022'!AD17 -> 0 | AC7: ='FS Jimbaran July 2022'!AE17 -> 0 | AD7: ='FS Jimbaran July 2022'!AF17 -> 0 | ... AF7: ='FS Jimbaran July 2022'!AH17 -> 0 | AG7: ='FS Jimbaran July 2022'!AM17 -> 0 | AH7: ='FS Jimbaran July 2022'!AR17 -> 0 | AI7: ='FS Jimbaran July 2022'!AQ17 -> 0 | AJ7: ='FS Jimbaran July 2022'!AR17 -> 0 | AK7: ='FS Jimbaran July 2022'!AY17 -> 0 | AL7: ='FS Jimbaran July 2022'!AZ17 -> 0 | AM7: ='FS Jimbaran July 2022'!BB17 -> 0 | AN7: ='FS Jimbaran July 2022'!BB17 -> 0 | AO7: ='FS Jimbaran July 2022'!BK17 -> 0 | AP7: ='FS Jimbaran July 2022'!BL17 -> 0 | AQ7: ='FS Jimbaran July 2022'!BC17 -> 0 | AR7: ='FS Jimbaran July 2022'!BD17 -> 0 | AS7: ='FS Jimbaran July 2022'!BM17 -> 0 | AT7: ='FS Jimbaran July 2022'!BN17 -> 0 | AU7: ='FS Jimbaran July 2022'!BO17 -> 0 | AV7: ='FS Jimbaran July 2022'!BP17 -> 0 | AW7: ='FS Jimbaran July 2022'!E17 -> 8 | AX7: ='FS Jimbaran July 2022'!F17 -> 0 | AY7: ='FS Jimbaran July 2022'!O17 -> 0 | AZ7: ='FS Jimbaran July 2022'!P17 -> 0 | BA7: ='FS Jimbaran July 2022'!W17 -> 0 | BB7: ='FS Jimbaran July 2022'!X17 -> 0 | BC7: ='FS Jimbaran July 2022'!AI17 -> 264.5 | BD7: ='FS Jimbaran July 2022'!AJ17 -> 0 | BE7: ='FS Jimbaran July 2022'!AK17 -> 0 | BF7: ='FS Jimbaran July 2022'!AL17 -> 0 | BG7: ='FS Jimbaran July 2022'!AM17 -> 0 | BH7: ='FS Jimbaran July 2022'!AN17 -> 0 | BI7: ='FS Jimbaran July 2022'!AO17 -> 0 | BJ7: ='FS Jimbaran July 2022'!AO17 -> 0 | BK7: ='FS Jimbaran July 2022'!AQ17 -> 0 | BL7: ='FS Jimbaran July 2022'!AR17 -> 0 | BM7: 0 | BN7: 0 | BO7: ='FS Jimbaran July 2022'!Q17 -> 2.3 | BP7: ='FS Jimbaran July 2022'!R17 -> 0
A8: Bali Jimbaran | B8: =B7+1 -> 7 | C8: 7 | D8: 2022 | E8: ='FS Jimbaran July 2022'!K18 -> 24 | F8: ='FS Jimbaran July 2022'!N18 -> 0 | G8: ='FS Jimbaran July 2022'!G18 -> 1.5 | H8: ='FS Jimbaran July 2022'!H18 -> 0 | I8: ='FS Jimbaran July 2022'!I18 -> 8.4 | J8: ='FS Jimbaran July 2022'!J18 -> 0 | K8: ='FS Jimbaran July 2022'!K18 -> 24 | L8: ='FS Jimbaran July 2022'!L18 -> 0 | M8: ='FS Jimbaran July 2022'!S18 -> 1 | N8: ='FS Jimbaran July 2022'!T18 -> 0 | O8: ='FS Jimbaran July 2022'!U18 -> 1.7 | P8: ='FS Jimbaran July 2022'!V18 -> 0 | Q8: ='FS Jimbaran July 2022'!BE18 -> 0 | R8: ='FS Jimbaran July 2022'!BF18 -> 0 | S8: ='FS Jimbaran July 2022'!BH18 -> 0 | T8: ='FS Jimbaran July 2022'!BH18 -> 0 | U8: ='FS Jimbaran July 2022'!BI18 -> 0 | V8: ='FS Jimbaran July 2022'!BJ18 -> 0 | W8: ='FS Jimbaran July 2022'!Y18 -> 275 | X8: ='FS Jimbaran July 2022'!Z18 -> 0 | Y8: ='FS Jimbaran July 2022'!AA18 -> 6.1 | Z8: ='FS Jimbaran July 2022'!AB18 -> 0 | AA8: ='FS Jimbaran July 2022'!AC18 -> 1.3 | AB8: ='FS Jimbaran July 2022'!AD18 -> 0 | AC8: ='FS Jimbaran July 2022'!AE18 -> 0 | AD8: ='FS Jimbaran July 2022'!AF18 -> 0 | ... AF8: ='FS Jimbaran July 2022'!AH18 -> 0 | AG8: ='FS Jimbaran July 2022'!AM18 -> 0 | AH8: ='FS Jimbaran July 2022'!AR18 -> 0 | AI8: ='FS Jimbaran July 2022'!AQ18 -> 0 | AJ8: ='FS Jimbaran July 2022'!AR18 -> 0 | AK8: ='FS Jimbaran July 2022'!AY18 -> 0 | AL8: ='FS Jimbaran July 2022'!AZ18 -> 0 | AM8: ='FS Jimbaran July 2022'!BB18 -> 0 | AN8: ='FS Jimbaran July 2022'!BB18 -> 0 | AO8: ='FS Jimbaran July 2022'!BK18 -> 0 | AP8: ='FS Jimbaran July 2022'!BL18 -> 0 | AQ8: ='FS Jimbaran July 2022'!BC18 -> 0 | AR8: ='FS Jimbaran July 2022'!BD18 -> 0 | AS8: ='FS Jimbaran July 2022'!BM18 -> 0 | AT8: ='FS Jimbaran July 2022'!BN18 -> 0 | AU8: ='FS Jimbaran July 2022'!BO18 -> 0 | AV8: ='FS Jimbaran July 2022'!BP18 -> 0 | AW8: ='FS Jimbaran July 2022'!E18 -> 5.1 | AX8: ='FS Jimbaran July 2022'!F18 -> 0 | AY8: ='FS Jimbaran July 2022'!O18 -> 0 | AZ8: ='FS Jimbaran July 2022'!P18 -> 0 | BA8: ='FS Jimbaran July 2022'!W18 -> 0 | BB8: ='FS Jimbaran July 2022'!X18 -> 0 | BC8: ='FS Jimbaran July 2022'!AI18 -> 356.5 | BD8: ='FS Jimbaran July 2022'!AJ18 -> 0 | BE8: ='FS Jimbaran July 2022'!AK18 -> 6.1 | BF8: ='FS Jimbaran July 2022'!AL18 -> 0 | BG8: ='FS Jimbaran July 2022'!AM18 -> 0 | BH8: ='FS Jimbaran July 2022'!AN18 -> 0 | BI8: ='FS Jimbaran July 2022'!AO18 -> 0 | BJ8: ='FS Jimbaran July 2022'!AO18 -> 0 | BK8: ='FS Jimbaran July 2022'!AQ18 -> 0 | BL8: ='FS Jimbaran July 2022'!AR18 -> 0 | BM8: 0 | BN8: 0 | BO8: ='FS Jimbaran July 2022'!Q18 -> 1 | BP8: ='FS Jimbaran July 2022'!R18 -> 0
A9: Bali Jimbaran | B9: =B8+1 -> 8 | C9: 7 | D9: 2022 | E9: ='FS Jimbaran July 2022'!K19 -> 0 | F9: ='FS Jimbaran July 2022'!N19 -> 0 | G9: ='FS Jimbaran July 2022'!G19 -> 0 | H9: ='FS Jimbaran July 2022'!H19 -> 0 | I9: ='FS Jimbaran July 2022'!I19 -> 0 | J9: ='FS Jimbaran July 2022'!J19 -> 0 | K9: ='FS Jimbaran July 2022'!K19 -> 0 | L9: ='FS Jimbaran July 2022'!L19 -> 0 | M9: ='FS Jimbaran July 2022'!S19 -> 0 | N9: ='FS Jimbaran July 2022'!T19 -> 0 | O9: ='FS Jimbaran July 2022'!U19 -> 1.8 | P9: ='FS Jimbaran July 2022'!V19 -> 0 | Q9: ='FS Jimbaran July 2022'!BE19 -> 0 | R9: ='FS Jimbaran July 2022'!BF19 -> 0 | S9: ='FS Jimbaran July 2022'!BH19 -> 0 | T9: ='FS Jimbaran July 2022'!BH19 -> 0 | U9: ='FS Jimbaran July 2022'!BI19 -> 0 | V9: ='FS Jimbaran July 2022'!BJ19 -> 0 | W9: ='FS Jimbaran July 2022'!Y19 -> 200 | X9: ='FS Jimbaran July 2022'!Z19 -> 0 | Y9: ='FS Jimbaran July 2022'!AA19 -> 0 | Z9: ='FS Jimbaran July 2022'!AB19 -> 0 | AA9: ='FS Jimbaran July 2022'!AC19 -> 0 | AB9: ='FS Jimbaran July 2022'!AD19 -> 0 | AC9: ='FS Jimbaran July 2022'!AE19 -> 0 | AD9: ='FS Jimbaran July 2022'!AF19 -> 0 | ... AF9: ='FS Jimbaran July 2022'!AH19 -> 0 | AG9: ='FS Jimbaran July 2022'!AM19 -> 0 | AH9: ='FS Jimbaran July 2022'!AR19 -> 0 | AI9: ='FS Jimbaran July 2022'!AQ19 -> 0 | AJ9: ='FS Jimbaran July 2022'!AR19 -> 0 | AK9: ='FS Jimbaran July 2022'!AY19 -> 0 | AL9: ='FS Jimbaran July 2022'!AZ19 -> 0 | AM9: ='FS Jimbaran July 2022'!BB19 -> 0 | AN9: ='FS Jimbaran July 2022'!BB19 -> 0 | AO9: ='FS Jimbaran July 2022'!BK19 -> 0 | AP9: ='FS Jimbaran July 2022'!BL19 -> 0 | AQ9: ='FS Jimbaran July 2022'!BC19 -> 0 | AR9: ='FS Jimbaran July 2022'!BD19 -> 0 | AS9: ='FS Jimbaran July 2022'!BM19 -> 0 | AT9: ='FS Jimbaran July 2022'!BN19 -> 0 | AU9: ='FS Jimbaran July 2022'!BO19 -> 0 | AV9: ='FS Jimbaran July 2022'!BP19 -> 0 | AW9: ='FS Jimbaran July 2022'!E19 -> 0 | AX9: ='FS Jimbaran July 2022'!F19 -> 0 | AY9: ='FS Jimbaran July 2022'!O19 -> 0 | AZ9: ='FS Jimbaran July 2022'!P19 -> 0 | BA9: ='FS Jimbaran July 2022'!W19 -> 0 | BB9: ='FS Jimbaran July 2022'!X19 -> 0 | BC9: ='FS Jimbaran July 2022'!AI19 -> 483 | BD9: ='FS Jimbaran July 2022'!AJ19 -> 0 | BE9: ='FS Jimbaran July 2022'!AK19 -> 0 | BF9: ='FS Jimbaran July 2022'!AL19 -> 0 | BG9: ='FS Jimbaran July 2022'!AM19 -> 0 | BH9: ='FS Jimbaran July 2022'!AN19 -> 0 | BI9: ='FS Jimbaran July 2022'!AO19 -> 0 | BJ9: ='FS Jimbaran July 2022'!AO19 -> 0 | BK9: ='FS Jimbaran July 2022'!AQ19 -> 0 | BL9: ='FS Jimbaran July 2022'!AR19 -> 0 | BM9: 0 | BN9: 0 | BO9: ='FS Jimbaran July 2022'!Q19 -> 0 | BP9: ='FS Jimbaran July 2022'!R19 -> 0
A10: Bali Jimbaran | B10: =B9+1 -> 9 | C10: 7 | D10: 2022 | E10: ='FS Jimbaran July 2022'!K20 -> 25 | F10: ='FS Jimbaran July 2022'!N20 -> 0 | G10: ='FS Jimbaran July 2022'!G20 -> 7.5 | H10: ='FS Jimbaran July 2022'!H20 -> 0 | I10: ='FS Jimbaran July 2022'!I20 -> 10.1 | J10: ='FS Jimbaran July 2022'!J20 -> 0 | K10: ='FS Jimbaran July 2022'!K20 -> 25 | L10: ='FS Jimbaran July 2022'!L20 -> 0 | M10: ='FS Jimbaran July 2022'!S20 -> 2 | N10: ='FS Jimbaran July 2022'!T20 -> 0 | O10: ='FS Jimbaran July 2022'!U20 -> 6.2 | P10: ='FS Jimbaran July 2022'!V20 -> 0 | Q10: ='FS Jimbaran July 2022'!BE20 -> 0 | R10: ='FS Jimbaran July 2022'!BF20 -> 0 | S10: ='FS Jimbaran July 2022'!BH20 -> 0 | T10: ='FS Jimbaran July 2022'!BH20 -> 0 | U10: ='FS Jimbaran July 2022'!BI20 -> 0 | V10: ='FS Jimbaran July 2022'!BJ20 -> 0 | W10: ='FS Jimbaran July 2022'!Y20 -> 262 | X10: ='FS Jimbaran July 2022'!Z20 -> 0 | Y10: ='FS Jimbaran July 2022'!AA20 -> 4.2 | Z10: ='FS Jimbaran July 2022'!AB20 -> 0 | AA10: ='FS Jimbaran July 2022'!AC20 -> 2.5 | AB10: ='FS Jimbaran July 2022'!AD20 -> 0 | AC10: ='FS Jimbaran July 2022'!AE20 -> 0 | AD10: ='FS Jimbaran July 2022'!AF20 -> 0 | ... AF10: ='FS Jimbaran July 2022'!AH20 -> 0 | AG10: ='FS Jimbaran July 2022'!AM20 -> 0 | AH10: ='FS Jimbaran July 2022'!AR20 -> 0 | AI10: ='FS Jimbaran July 2022'!AQ20 -> 0 | AJ10: ='FS Jimbaran July 2022'!AR20 -> 0 | AK10: ='FS Jimbaran July 2022'!AY20 -> 0 | AL10: ='FS Jimbaran July 2022'!AZ20 -> 0 | AM10: ='FS Jimbaran July 2022'!BB20 -> 0 | AN10: ='FS Jimbaran July 2022'!BB20 -> 0 | AO10: ='FS Jimbaran July 2022'!BK20 -> 0 | AP10: ='FS Jimbaran July 2022'!BL20 -> 0 | AQ10: ='FS Jimbaran July 2022'!BC20 -> 0 | AR10: ='FS Jimbaran July 2022'!BD20 -> 0 | AS10: ='FS Jimbaran July 2022'!BM20 -> 0 | AT10: ='FS Jimbaran July 2022'!BN20 -> 0 | AU10: ='FS Jimbaran July 2022'!BO20 -> 0 | AV10: ='FS Jimbaran July 2022'!BP20 -> 0 | AW10: ='FS Jimbaran July 2022'!E20 -> 5.4 | AX10: ='FS Jimbaran July 2022'!F20 -> 0 | AY10: ='FS Jimbaran July 2022'!O20 -> 0 | AZ10: ='FS Jimbaran July 2022'!P20 -> 0 | BA10: ='FS Jimbaran July 2022'!W20 -> 0 | BB10: ='FS Jimbaran July 2022'!X20 -> 0 | BC10: ='FS Jimbaran July 2022'!AI20 -> 437 | BD10: ='FS Jimbaran July 2022'!AJ20 -> 0 | BE10: ='FS Jimbaran July 2022'!AK20 -> 4.2 | BF10: ='FS Jimbaran July 2022'!AL20 -> 0 | BG10: ='FS Jimbaran July 2022'!AM20 -> 0 | BH10: ='FS Jimbaran July 2022'!AN20 -> 0 | BI10: ='FS Jimbaran July 2022'!AO20 -> 0 | BJ10: ='FS Jimbaran July 2022'!AO20 -> 0 | BK10: ='FS Jimbaran July 2022'!AQ20 -> 0 | BL10: ='FS Jimbaran July 2022'!AR20 -> 0 | BM10: 0 | BN10: 0 | BO10: ='FS Jimbaran July 2022'!Q20 -> 0 | BP10: ='FS Jimbaran July 2022'!R20 -> 0
A11: Bali Jimbaran | B11: =B10+1 -> 10 | C11: 7 | D11: 2022 | E11: ='FS Jimbaran July 2022'!K21 -> 0 | F11: ='FS Jimbaran July 2022'!N21 -> 0 | G11: ='FS Jimbaran July 2022'!G21 -> 0 | H11: ='FS Jimbaran July 2022'!H21 -> 0 | I11: ='FS Jimbaran July 2022'!I21 -> 15 | J11: ='FS Jimbaran July 2022'!J21 -> 0 | K11: ='FS Jimbaran July 2022'!K21 -> 0 | L11: ='FS Jimbaran July 2022'!L21 -> 0 | M11: ='FS Jimbaran July 2022'!S21 -> 0 | N11: ='FS Jimbaran July 2022'!T21 -> 0 | O11: ='FS Jimbaran July 2022'!U21 -> 8 | P11: ='FS Jimbaran July 2022'!V21 -> 0 | Q11: ='FS Jimbaran July 2022'!BE21 -> 0 | R11: ='FS Jimbaran July 2022'!BF21 -> 0 | S11: ='FS Jimbaran July 2022'!BH21 -> 0 | T11: ='FS Jimbaran July 2022'!BH21 -> 0 | U11: ='FS Jimbaran July 2022'!BI21 -> 0 | V11: ='FS Jimbaran July 2022'!BJ21 -> 0 | W11: ='FS Jimbaran July 2022'!Y21 -> 200 | X11: ='FS Jimbaran July 2022'!Z21 -> 0 | Y11: ='FS Jimbaran July 2022'!AA21 -> 0 | Z11: ='FS Jimbaran July 2022'!AB21 -> 0 | AA11: ='FS Jimbaran July 2022'!AC21 -> 0 | AB11: ='FS Jimbaran July 2022'!AD21 -> 0 | AC11: ='FS Jimbaran July 2022'!AE21 -> 0 | AD11: ='FS Jimbaran July 2022'!AF21 -> 0 | ... AF11: ='FS Jimbaran July 2022'!AH21 -> 0 | AG11: ='FS Jimbaran July 2022'!AM21 -> 0 | AH11: ='FS Jimbaran July 2022'!AR21 -> 0 | AI11: ='FS Jimbaran July 2022'!AQ21 -> 0 | AJ11: ='FS Jimbaran July 2022'!AR21 -> 0 | AK11: ='FS Jimbaran July 2022'!AY21 -> 0 | AL11: ='FS Jimbaran July 2022'!AZ21 -> 0 | AM11: ='FS Jimbaran July 2022'!BB21 -> 0 | AN11: ='FS Jimbaran July 2022'!BB21 -> 0 | AO11: ='FS Jimbaran July 2022'!BK21 -> 0 | AP11: ='FS Jimbaran July 2022'!BL21 -> 0 | AQ11: ='FS Jimbaran July 2022'!BC21 -> 0 | AR11: ='FS Jimbaran July 2022'!BD21 -> 0 | AS11: ='FS Jimbaran July 2022'!BM21 -> 0 | AT11: ='FS Jimbaran July 2022'!BN21 -> 0 | AU11: ='FS Jimbaran July 2022'!BO21 -> 0 | AV11: ='FS Jimbaran July 2022'!BP21 -> 0 | AW11: ='FS Jimbaran July 2022'!E21 -> 0 | AX11: ='FS Jimbaran July 2022'!F21 -> 0 | AY11: ='FS Jimbaran July 2022'!O21 -> 0 | AZ11: ='FS Jimbaran July 2022'!P21 -> 0 | BA11: ='FS Jimbaran July 2022'!W21 -> 0 | BB11: ='FS Jimbaran July 2022'!X21 -> 0 | BC11: ='FS Jimbaran July 2022'!AI21 -> 402.5 | BD11: ='FS Jimbaran July 2022'!AJ21 -> 0 | BE11: ='FS Jimbaran July 2022'!AK21 -> 0 | BF11: ='FS Jimbaran July 2022'!AL21 -> 0 | BG11: ='FS Jimbaran July 2022'!AM21 -> 0 | BH11: ='FS Jimbaran July 2022'!AN21 -> 0 | BI11: ='FS Jimbaran July 2022'!AO21 -> 0 | BJ11: ='FS Jimbaran July 2022'!AO21 -> 0 | BK11: ='FS Jimbaran July 2022'!AQ21 -> 0 | BL11: ='FS Jimbaran July 2022'!AR21 -> 0 | BM11: 0 | BN11: 0 | BO11: ='FS Jimbaran July 2022'!Q21 -> 5.6 | BP11: ='FS Jimbaran July 2022'!R21 -> 0
A12: Bali Jimbaran | B12: =B11+1 -> 11 | C12: 7 | D12: 2022 | E12: ='FS Jimbaran July 2022'!K22 -> 15 | F12: ='FS Jimbaran July 2022'!N22 -> 0 | G12: ='FS Jimbaran July 2022'!G22 -> 2.3 | H12: ='FS Jimbaran July 2022'!H22 -> 0 | I12: ='FS Jimbaran July 2022'!I22 -> 15.2 | J12: ='FS Jimbaran July 2022'!J22 -> 0 | K12: ='FS Jimbaran July 2022'!K22 -> 15 | L12: ='FS Jimbaran July 2022'!L22 -> 0 | M12: ='FS Jimbaran July 2022'!S22 -> 1 | N12: ='FS Jimbaran July 2022'!T22 -> 0 | O12: ='FS Jimbaran July 2022'!U22 -> 5.6 | P12: ='FS Jimbaran July 2022'!V22 -> 0 | Q12: ='FS Jimbaran July 2022'!BE22 -> 0 | R12: ='FS Jimbaran July 2022'!BF22 -> 0 | S12: ='FS Jimbaran July 2022'!BH22 -> 0 | T12: ='FS Jimbaran July 2022'!BH22 -> 0 | U12: ='FS Jimbaran July 2022'!BI22 -> 0 | V12: ='FS Jimbaran July 2022'!BJ22 -> 0 | W12: ='FS Jimbaran July 2022'!Y22 -> 254 | X12: ='FS Jimbaran July 2022'!Z22 -> 0 | Y12: ='FS Jimbaran July 2022'!AA22 -> 3.1 | Z12: ='FS Jimbaran July 2022'!AB22 -> 0 | AA12: ='FS Jimbaran July 2022'!AC22 -> 1.5 | AB12: ='FS Jimbaran July 2022'!AD22 -> 0 | AC12: ='FS Jimbaran July 2022'!AE22 -> 0 | AD12: ='FS Jimbaran July 2022'!AF22 -> 0 | ... AF12: ='FS Jimbaran July 2022'!AH22 -> 0 | AG12: ='FS Jimbaran July 2022'!AM22 -> 0 | AH12: ='FS Jimbaran July 2022'!AR22 -> 0 | AI12: ='FS Jimbaran July 2022'!AQ22 -> 0 | AJ12: ='FS Jimbaran July 2022'!AR22 -> 0 | AK12: ='FS Jimbaran July 2022'!AY22 -> 0 | AL12: ='FS Jimbaran July 2022'!AZ22 -> 0 | AM12: ='FS Jimbaran July 2022'!BB22 -> 0 | AN12: ='FS Jimbaran July 2022'!BB22 -> 0 | AO12: ='FS Jimbaran July 2022'!BK22 -> 0 | AP12: ='FS Jimbaran July 2022'!BL22 -> 0 | AQ12: ='FS Jimbaran July 2022'!BC22 -> 0 | AR12: ='FS Jimbaran July 2022'!BD22 -> 0 | AS12: ='FS Jimbaran July 2022'!BM22 -> 0 | AT12: ='FS Jimbaran July 2022'!BN22 -> 0 | AU12: ='FS Jimbaran July 2022'!BO22 -> 0 | AV12: ='FS Jimbaran July 2022'!BP22 -> 0 | AW12: ='FS Jimbaran July 2022'!E22 -> 2.2 | AX12: ='FS Jimbaran July 2022'!F22 -> 0 | AY12: ='FS Jimbaran July 2022'!O22 -> 0 | AZ12: ='FS Jimbaran July 2022'!P22 -> 0 | BA12: ='FS Jimbaran July 2022'!W22 -> 0 | BB12: ='FS Jimbaran July 2022'!X22 -> 0 | BC12: ='FS Jimbaran July 2022'!AI22 -> 276 | BD12: ='FS Jimbaran July 2022'!AJ22 -> 0 | BE12: ='FS Jimbaran July 2022'!AK22 -> 3.1 | BF12: ='FS Jimbaran July 2022'!AL22 -> 0 | BG12: ='FS Jimbaran July 2022'!AM22 -> 0 | BH12: ='FS Jimbaran July 2022'!AN22 -> 0 | BI12: ='FS Jimbaran July 2022'!AO22 -> 0 | BJ12: ='FS Jimbaran July 2022'!AO22 -> 0 | BK12: ='FS Jimbaran July 2022'!AQ22 -> 0 | BL12: ='FS Jimbaran July 2022'!AR22 -> 0 | BM12: 0 | BN12: 0 | BO12: ='FS Jimbaran July 2022'!Q22 -> 3.6 | BP12: ='FS Jimbaran July 2022'!R22 -> 0
A13: Bali Jimbaran | B13: =B12+1 -> 12 | C13: 7 | D13: 2022 | E13: ='FS Jimbaran July 2022'!K23 -> 12 | F13: ='FS Jimbaran July 2022'!N23 -> 0 | G13: ='FS Jimbaran July 2022'!G23 -> 0 | H13: ='FS Jimbaran July 2022'!H23 -> 0 | I13: ='FS Jimbaran July 2022'!I23 -> 0 | J13: ='FS Jimbaran July 2022'!J23 -> 0 | K13: ='FS Jimbaran July 2022'!K23 -> 12 | L13: ='FS Jimbaran July 2022'!L23 -> 0 | M13: ='FS Jimbaran July 2022'!S23 -> 0 | N13: ='FS Jimbaran July 2022'!T23 -> 0 | O13: ='FS Jimbaran July 2022'!U23 -> 6 | P13: ='FS Jimbaran July 2022'!V23 -> 0 | Q13: ='FS Jimbaran July 2022'!BE23 -> 0 | R13: ='FS Jimbaran July 2022'!BF23 -> 0 | S13: ='FS Jimbaran July 2022'!BH23 -> 0 | T13: ='FS Jimbaran July 2022'!BH23 -> 0 | U13: ='FS Jimbaran July 2022'!BI23 -> 0 | V13: ='FS Jimbaran July 2022'!BJ23 -> 0 | W13: ='FS Jimbaran July 2022'!Y23 -> 205 | X13: ='FS Jimbaran July 2022'!Z23 -> 0 | Y13: ='FS Jimbaran July 2022'!AA23 -> 0 | Z13: ='FS Jimbaran July 2022'!AB23 -> 0 | AA13: ='FS Jimbaran July 2022'!AC23 -> 0 | AB13: ='FS Jimbaran July 2022'!AD23 -> 0 | AC13: ='FS Jimbaran July 2022'!AE23 -> 0 | AD13: ='FS Jimbaran July 2022'!AF23 -> 0 | ... AF13: ='FS Jimbaran July 2022'!AH23 -> 0 | AG13: ='FS Jimbaran July 2022'!AM23 -> 0 | AH13: ='FS Jimbaran July 2022'!AR23 -> 0 | AI13: ='FS Jimbaran July 2022'!AQ23 -> 0 | AJ13: ='FS Jimbaran July 2022'!AR23 -> 0 | AK13: ='FS Jimbaran July 2022'!AY23 -> 0 | AL13: ='FS Jimbaran July 2022'!AZ23 -> 0 | AM13: ='FS Jimbaran July 2022'!BB23 -> 0 | AN13: ='FS Jimbaran July 2022'!BB23 -> 0 | AO13: ='FS Jimbaran July 2022'!BK23 -> 0 | AP13: ='FS Jimbaran July 2022'!BL23 -> 0 | AQ13: ='FS Jimbaran July 2022'!BC23 -> 0 | AR13: ='FS Jimbaran July 2022'!BD23 -> 0 | AS13: ='FS Jimbaran July 2022'!BM23 -> 0 | AT13: ='FS Jimbaran July 2022'!BN23 -> 0 | AU13: ='FS Jimbaran July 2022'!BO23 -> 0 | AV13: ='FS Jimbaran July 2022'!BP23 -> 0 | AW13: ='FS Jimbaran July 2022'!E23 -> 0 | AX13: ='FS Jimbaran July 2022'!F23 -> 0 | AY13: ='FS Jimbaran July 2022'!O23 -> 0 | AZ13: ='FS Jimbaran July 2022'!P23 -> 0 | BA13: ='FS Jimbaran July 2022'!W23 -> 0 | BB13: ='FS Jimbaran July 2022'!X23 -> 0 | BC13: ='FS Jimbaran July 2022'!AI23 -> 356.5 | BD13: ='FS Jimbaran July 2022'!AJ23 -> 0 | BE13: ='FS Jimbaran July 2022'!AK23 -> 0 | BF13: ='FS Jimbaran July 2022'!AL23 -> 0 | BG13: ='FS Jimbaran July 2022'!AM23 -> 0 | BH13: ='FS Jimbaran July 2022'!AN23 -> 0 | BI13: ='FS Jimbaran July 2022'!AO23 -> 0 | BJ13: ='FS Jimbaran July 2022'!AO23 -> 0 | BK13: ='FS Jimbaran July 2022'!AQ23 -> 0 | BL13: ='FS Jimbaran July 2022'!AR23 -> 0 | BM13: 0 | BN13: 0 | BO13: ='FS Jimbaran July 2022'!Q23 -> 0 | BP13: ='FS Jimbaran July 2022'!R23 -> 0
A14: Bali Jimbaran | B14: =B13+1 -> 13 | C14: 7 | D14: 2022 | E14: ='FS Jimbaran July 2022'!K24 -> 11 | F14: ='FS Jimbaran July 2022'!N24 -> 0 | G14: ='FS Jimbaran July 2022'!G24 -> 0 | H14: ='FS Jimbaran July 2022'!H24 -> 0 | I14: ='FS Jimbaran July 2022'!I24 -> 4.1 | J14: ='FS Jimbaran July 2022'!J24 -> 0 | K14: ='FS Jimbaran July 2022'!K24 -> 11 | L14: ='FS Jimbaran July 2022'!L24 -> 0 | M14: ='FS Jimbaran July 2022'!S24 -> 1 | N14: ='FS Jimbaran July 2022'!T24 -> 0 | O14: ='FS Jimbaran July 2022'!U24 -> 6.2 | P14: ='FS Jimbaran July 2022'!V24 -> 0 | Q14: ='FS Jimbaran July 2022'!BE24 -> 0 | R14: ='FS Jimbaran July 2022'!BF24 -> 0 | S14: ='FS Jimbaran July 2022'!BH24 -> 0 | T14: ='FS Jimbaran July 2022'!BH24 -> 0 | U14: ='FS Jimbaran July 2022'!BI24 -> 0 | V14: ='FS Jimbaran July 2022'!BJ24 -> 0 | W14: ='FS Jimbaran July 2022'!Y24 -> 260 | X14: ='FS Jimbaran July 2022'!Z24 -> 0 | Y14: ='FS Jimbaran July 2022'!AA24 -> 4.1 | Z14: ='FS Jimbaran July 2022'!AB24 -> 0 | AA14: ='FS Jimbaran July 2022'!AC24 -> 1.6 | AB14: ='FS Jimbaran July 2022'!AD24 -> 0 | AC14: ='FS Jimbaran July 2022'!AE24 -> 0 | AD14: ='FS Jimbaran July 2022'!AF24 -> 0 | ... AF14: ='FS Jimbaran July 2022'!AH24 -> 0 | AG14: ='FS Jimbaran July 2022'!AM24 -> 0 | AH14: ='FS Jimbaran July 2022'!AR24 -> 0 | AI14: ='FS Jimbaran July 2022'!AQ24 -> 0 | AJ14: ='FS Jimbaran July 2022'!AR24 -> 0 | AK14: ='FS Jimbaran July 2022'!AY24 -> 0 | AL14: ='FS Jimbaran July 2022'!AZ24 -> 0 | AM14: ='FS Jimbaran July 2022'!BB24 -> 0 | AN14: ='FS Jimbaran July 2022'!BB24 -> 0 | AO14: ='FS Jimbaran July 2022'!BK24 -> 0 | AP14: ='FS Jimbaran July 2022'!BL24 -> 0 | AQ14: ='FS Jimbaran July 2022'!BC24 -> 0 | AR14: ='FS Jimbaran July 2022'!BD24 -> 0 | AS14: ='FS Jimbaran July 2022'!BM24 -> 0 | AT14: ='FS Jimbaran July 2022'!BN24 -> 0 | AU14: ='FS Jimbaran July 2022'!BO24 -> 0 | AV14: ='FS Jimbaran July 2022'!BP24 -> 0 | AW14: ='FS Jimbaran July 2022'!E24 -> 2.5 | AX14: ='FS Jimbaran July 2022'!F24 -> 0 | AY14: ='FS Jimbaran July 2022'!O24 -> 0 | AZ14: ='FS Jimbaran July 2022'!P24 -> 0 | BA14: ='FS Jimbaran July 2022'!W24 -> 0 | BB14: ='FS Jimbaran July 2022'!X24 -> 0 | BC14: ='FS Jimbaran July 2022'!AI24 -> 333.5 | BD14: ='FS Jimbaran July 2022'!AJ24 -> 0 | BE14: ='FS Jimbaran July 2022'!AK24 -> 4.1 | BF14: ='FS Jimbaran July 2022'!AL24 -> 0 | BG14: ='FS Jimbaran July 2022'!AM24 -> 0 | BH14: ='FS Jimbaran July 2022'!AN24 -> 0 | BI14: ='FS Jimbaran July 2022'!AO24 -> 0 | BJ14: ='FS Jimbaran July 2022'!AO24 -> 0 | BK14: ='FS Jimbaran July 2022'!AQ24 -> 0 | BL14: ='FS Jimbaran July 2022'!AR24 -> 0 | BM14: 0 | BN14: 0 | BO14: ='FS Jimbaran July 2022'!Q24 -> 0 | BP14: ='FS Jimbaran July 2022'!R24 -> 0
... A32: Bali Jimbaran | B32: =B31+1 -> 31 | C32: 7 | D32: 2022 | E32: ='FS Jimbaran July 2022'!K42 -> 30 | F32: ='FS Jimbaran July 2022'!N42 -> 0 | G32: ='FS Jimbaran July 2022'!G42 -> 2.4 | H32: ='FS Jimbaran July 2022'!H42 -> 0 | I32: ='FS Jimbaran July 2022'!I42 -> 3.7 | J32: ='FS Jimbaran July 2022'!J42 -> 0 | K32: ='FS Jimbaran July 2022'!K42 -> 30 | L32: ='FS Jimbaran July 2022'!L42 -> 0 | M32: ='FS Jimbaran July 2022'!S42 -> 1 | N32: ='FS Jimbaran July 2022'!T42 -> 0 | O32: ='FS Jimbaran July 2022'!U42 -> 2.7 | P32: ='FS Jimbaran July 2022'!V42 -> 0 | Q32: ='FS Jimbaran July 2022'!BE42 -> 0 | R32: ='FS Jimbaran July 2022'!BF42 -> 0 | S32: ='FS Jimbaran July 2022'!BH42 -> 0 | T32: ='FS Jimbaran July 2022'!BH42 -> 0 | U32: ='FS Jimbaran July 2022'!BI42 -> 0 | V32: ='FS Jimbaran July 2022'!BJ42 -> 0 | W32: ='FS Jimbaran July 2022'!Y42 -> 240 | X32: ='FS Jimbaran July 2022'!Z42 -> 0 | Y32: ='FS Jimbaran July 2022'!AA42 -> 6.6 | Z32: ='FS Jimbaran July 2022'!AB42 -> 0 | AA32: ='FS Jimbaran July 2022'!AC42 -> 2.3 | AB32: ='FS Jimbaran July 2022'!AD42 -> 0 | AC32: ='FS Jimbaran July 2022'!AE42 -> 0 | AD32: ='FS Jimbaran July 2022'!AF42 -> 0 | ... AF32: ='FS Jimbaran July 2022'!AH42 -> 0 | AG32: ='FS Jimbaran July 2022'!AM42 -> 0 | AH32: ='FS Jimbaran July 2022'!AR42 -> 0 | AI32: ='FS Jimbaran July 2022'!AQ42 -> 0 | AJ32: ='FS Jimbaran July 2022'!AR42 -> 0 | AK32: ='FS Jimbaran July 2022'!AY42 -> 0 | AL32: ='FS Jimbaran July 2022'!AZ42 -> 0 | AM32: ='FS Jimbaran July 2022'!BB42 -> 0 | AN32: ='FS Jimbaran July 2022'!BB42 -> 0 | AO32: ='FS Jimbaran July 2022'!BK42 -> 0 | AP32: ='FS Jimbaran July 2022'!BL42 -> 0 | AQ32: ='FS Jimbaran July 2022'!BC42 -> 0 | AR32: ='FS Jimbaran July 2022'!BD42 -> 0 | AS32: ='FS Jimbaran July 2022'!BM42 -> 0 | AT32: ='FS Jimbaran July 2022'!BN42 -> 0 | AU32: ='FS Jimbaran July 2022'!BO42 -> 0 | AV32: ='FS Jimbaran July 2022'!BP42 -> 0 | AW32: ='FS Jimbaran July 2022'!E42 -> 4.1 | AX32: ='FS Jimbaran July 2022'!F42 -> 0 | AY32: ='FS Jimbaran July 2022'!O42 -> 0 | AZ32: ='FS Jimbaran July 2022'!P42 -> 0 | BA32: ='FS Jimbaran July 2022'!W42 -> 0 | BB32: ='FS Jimbaran July 2022'!X42 -> 0 | BC32: ='FS Jimbaran July 2022'!AI42 -> 471.5 | BD32: ='FS Jimbaran July 2022'!AJ42 -> 0 | BE32: ='FS Jimbaran July 2022'!AK42 -> 6.6 | BF32: ='FS Jimbaran July 2022'!AL42 -> 0 | BG32: ='FS Jimbaran July 2022'!AM42 -> 0 | BH32: ='FS Jimbaran July 2022'!AN42 -> 0 | BI32: ='FS Jimbaran July 2022'!AO42 -> 0 | BJ32: ='FS Jimbaran July 2022'!AO42 -> 0 | BK32: ='FS Jimbaran July 2022'!AQ42 -> 0 | BL32: ='FS Jimbaran July 2022'!AR42 -> 0 | BM32: 0 | BN32: 0 | BO32: ='FS Jimbaran July 2022'!Q42 -> 3.1 | BP32: ='FS Jimbaran July 2022'!R42 -> 0
E33: =SUM(E2:E32) -> 664 | F33: =SUM(F2:F32) -> 0 | G33: =SUM(G2:G32) -> 29.9 | H33: =SUM(H2:H32) -> 0 | I33: =SUM(I2:I32) -> 142.7 | J33: =SUM(J2:J32) -> 0 | K33: =SUM(K2:K32) -> 664 | L33: =SUM(L2:L32) -> 0 | ... BP33: =SUM(BP2:BP32) -> 0

Sheet FS Jimbaran July 2022
B6: Four Seasons Resort Bali at Jimbaran Bay
B7: July 2022
B8: Date | C8: Room Nights | D8: Food Covers | E8: Paper Waste | K8: Glass Waste | M8: Metal Waste | U8: Plastic Waste | Y8: Organic Waste | AM8: Hazardous Waste | BE8: Recycleable
E10: Total (per Unit) paper cardboard | F10: Total cost paper cardboard | G10: Total (per Unit) cardboard | H10: Total cost cardboard | I10: Total (per Unit) paper | J10: Total cost paper | K10: Total (per Unit) mixed glass | L10: Total cost mixed glass | M10: Total (per Unit) bottles cans | N10: Total cost bottles cans | O10: Total (per Unit) mixed metals | P10: Total cost mixed metals | Q10: Total (per Unit) tin | R10: Total cost tin | S10: Total (per Unit) aluminum | T10: Total cost aluminum | U10: Total (per Unit) plastics | V10: Total cost plastics | W10: Total (per Unit) other plastics | X10: Total cost other plastics | Y10: Total (per Unit) solid food waste | Z10: Total cost solid food waste | AA10: Total (per Unit) leftover food | AB10: Total cost leftover food | AC10: Total (per Unit) inedible parts | AD10: Total cost inedible parts | AE10: Total (per Unit) liquid food waste | AF10: Total cost liquid food waste | AG10: Total (per Unit) kitchen grease | AH10: Total cost kitchen grease | AI10: Total (per Unit) biodegradable | AJ10: Total cost biodegradable | AK10: Total (per Unit) food waste | AL10: Total cost food waste | AM10: Total (per Unit) hazardous waste | AN10: Total cost hazardous waste | AO10: Total (per Unit) universal waste | AP10: Total cost universal waste | AQ10: Total (per Unit) hazardous and universal waste | AR10: Total cost hazardous and universal waste | AS10: Total (per Unit) medical waste | AT10: Total cost medical waste | AU10: Total (per Unit) liquid hazardous waste | AV10: Total cost liquid hazardous waste | AW10: Total (per Unit) other hazardous waste | AX10: Total cost other hazardous waste | AY10: Total (per Unit) batteries | AZ10: Total cost batteries | BA10: Total (per Unit) light bulbs | BB10: Total cost light bulbs | BC10: Total (per Unit) paint | BD10: Total cost paint | BE10: Total (per Unit) soap bars | BF10: Total cost soap bars | BG10: Total (per Unit) e waste | BH10: Total cost e waste | BI10: Total (per Unit) durable goods | BJ10: Total cost durable goods | BK10: Total (per Unit) textiles | BL10: Total cost textiles | BM10: Total (per Unit) recyclable | BN10: Total cost recyclable | BO10: Total (per Unit) commingled recyclables | BP10: Total cost commingled recyclables
B12: 1 | C12: 49 | D12: 583 | E12: 5.3 | F12: 0 | G12: 5 | H12: 0 | I12: 10.3 | J12: 0 | K12: 25 | L12: 0 | M12: 0 | N12: 0 | O12: 0 | P12: 0 | Q12: 10 | R12: 0 | S12: 1 | T12: 0 | U12: 2.3 | V12: 0 | W12: 0 | X12: 0 | Y12: 247 | Z12: 11555278 | AA12: 4.2 | AB12: 0 | AC12: 1.5 | AD12: 0 | AE12: 0 | AF12: 0 | AG12: 0 | AH12: 0 | AI12: 402.5 | AJ12: 0 | AK12: 4.2 | AL12: 0 | AM12: 0 | AN12: 0 | AO12: 0 | AP12: 0 | AQ12: 0 | AR12: 0 | AS12: 6.65 | AT12: 437500 | AU12: 0 | AV12: 0 | AW12: 0 | AX12: 0 | AY12: 0 | AZ12: 0 | BA12: 0 | BB12: 0 | BC12: 0 | BD12: 0 | BE12: 0 | BF12: 0 | BG12: 0 | BH12: 0 | BI12: 0 | BJ12: 0 | BK12: 0 | BL12: 0 | BM12: 0 | BN12: 0 | BO12: 0 | BP12: 0
B13: 2 | C13: 53 | D13: 563 | E13: 8 | F13: 0 | G13: 0 | H13: 0 | I13: 2 | J13: 0 | K13: 26 | L13: 0 | M13: 0 | N13: 0 | O13: 0 | P13: 0 | Q13: 15 | R13: 0 | S13: 0 | T13: 0 | U13: 2.5 | V13: 0 | W13: 0 | X13: 0 | Y13: 247 | Z13: 0 | AA13: 0 | AB13: 0 | AC13: 0 | AD13: 0 | AE13: 0 | AF13: 0 | AG13: 0 | AH13: 0 | AI13: 414 | AJ13: 0 | AK13: 0 | AL13: 0 | AM13: 0 | AN13: 0 | AO13: 0 | AP13: 0 | AQ13: 0 | AR13: 0 | AS13: 0 | AT13: 0 | AU13: 0 | AV13: 0 | AW13: 0 | AX13: 0 | AY13: 0 | AZ13: 0 | BA13: 0 | BB13: 0 | BC13: 0 | BD13: 0 | BE13: 0 | BF13: 0 | BG13: 0 | BH13: 0 | BI13: 0 | BJ13: 0 | BK13: 0 | BL13: 0 | BM13: 0 | BN13: 0 | BO13: 0 | BP13: 0
B14: 3 | C14: 59 | D14: 593 | E14: 4.1 | F14: 0 | G14: 6 | H14: 0 | I14: 5.2 | J14: 0 | K14: 30 | L14: 0 | M14: 0 | N14: 0 | O14: 0 | P14: 0 | Q14: 16 | R14: 0 | S14: 2 | T14: 0 | U14: 1.6 | V14: 0 | W14: 0 | X14: 0 | Y14: 155 | Z14: 0 | AA14: 5.2 | AB14: 0 | AC14: 2.3 | AD14: 0 | AE14: 0 | AF14: 0 | AG14: 0 | AH14: 0 | AI14: 276 | AJ14: 0 | AK14: 5.2 | AL14: 0 | AM14: 0 | AN14: 0 | AO14: 0 | AP14: 0 | AQ14: 0 | AR14: 0 | AS14: 0 | AT14: 0 | AU14: 0 | AV14: 0 | AW14: 0 | AX14: 0 | AY14: 0 | AZ14: 0 | BA14: 0 | BB14: 0 | BC14: 0 | BD14: 0 | BE14: 0 | BF14: 0 | BG14: 0 | BH14: 0 | BI14: 0 | BJ14: 0 | BK14: 0 | BL14: 0 | BM14: 0 | BN14: 0 | BO14: 0 | BP14: 0
B15: 4 | C15: 67 | D15: 619 | E15: 10 | F15: 0 | G15: 0 | H15: 0 | I15: 2.3 | J15: 0 | K15: 30 | L15: 0 | M15: 0 | N15: 0 | O15: 0 | P15: 0 | Q15: 7 | R15: 0 | S15: 0 | T15: 0 | U15: 2.5 | V15: 0 | W15: 0 | X15: 0 | Y15: 160 | Z15: 0 | AA15: 0 | AB15: 0 | AC15: 0 | AD15: 0 | AE15: 0 | AF15: 0 | AG15: 0 | AH15: 0 | AI15: 379.5 | AJ15: 0 | AK15: 0 | AL15: 0 | AM15: 0 | AN15: 0 | AO15: 0 | AP15: 0 | AQ15: 0 | AR15: 0 | AS15: 0 | AT15: 0 | AU15: 0 | AV15: 0 | AW15: 0 | AX15: 0 | AY15: 0 | AZ15: 0 | BA15: 0 | BB15: 0 | BC15: 0 | BD15: 0 | BE15: 0 | BF15: 0 | BG15: 0 | BH15: 0 | BI15: 0 | BJ15: 0 | BK15: 0 | BL15: 0 | BM15: 0 | BN15: 0 | BO15: 0 | BP15: 0
B16: 5 | C16: 74 | D16: 681 | E16: 7.2 | F16: 0 | G16: 1.3 | H16: 0 | I16: 6.3 | J16: 0 | K16: 28 | L16: 0 | M16: 0 | N16: 0 | O16: 0 | P16: 0 | Q16: 1.5 | R16: 0 | S16: 1 | T16: 0 | U16: 2.4 | V16: 0 | W16: 0 | X16: 0 | Y16: 237 | Z16: 0 | AA16: 4.1 | AB16: 0 | AC16: 1.6 | AD16: 0 | AE16: 0 | AF16: 0 | AG16: 0 | AH16: 0 | AI16: 471.5 | AJ16: 0 | AK16: 4.1 | AL16: 0 | AM16: 0 | AN16: 0 | AO16: 0 | AP16: 0 | AQ16: 0 | AR16: 0 | AS16: 0 | AT16: 0 | AU16: 0 | AV16: 0 | AW16: 0 | AX16: 0 | AY16: 0 | AZ16: 0 | BA16: 0 | BB16: 0 | BC16: 0 | BD16: 0 | BE16: 0 | BF16: 0 | BG16: 0 | BH16: 0 | BI16: 0 | BJ16: 0 | BK16: 0 | BL16: 0 | BM16: 0 | BN16: 0 | BO16: 0 | BP16: 0
B17: 6 | C17: 77 | D17: 609 | E17: 8 | F17: 0 | G17: 0 | H17: 0 | I17: 8 | J17: 0 | K17: 25 | L17: 0 | M17: 0 | N17: 0 | O17: 0 | P17: 0 | Q17: 2.3 | R17: 0 | S17: 0 | T17: 0 | U17: 2.6 | V17: 0 | W17: 0 | X17: 0 | Y17: 239 | Z17: 0 | AA17: 0 | AB17: 0 | AC17: 0 | AD17: 0 | AE17: 0 | AF17: 0 | AG17: 0 | AH17: 0 | AI17: 264.5 | AJ17: 0 | AK17: 0 | AL17: 0 | AM17: 0 | AN17: 0 | AO17: 0 | AP17: 0 | AQ17: 0 | AR17: 0 | AS17: 0 | AT17: 0 | AU17: 0 | AV17: 0 | AW17: 0 | AX17: 0 | AY17: 0 | AZ17: 0 | BA17: 0 | BB17: 0 | BC17: 0 | BD17: 0 | BE17: 0 | BF17: 0 | BG17: 0 | BH17: 0 | BI17: 0 | BJ17: 0 | BK17: 0 | BL17: 0 | BM17: 0 | BN17: 0 | BO17: 0 | BP17: 0
B18: 7 | C18: 72 | D18: 616 | E18: 5.1 | F18: 0 | G18: 1.5 | H18: 0 | I18: 8.4 | J18: 0 | K18: 24 | L18: 0 | M18: 0 | N18: 0 | O18: 0 | P18: 0 | Q18: 1 | R18: 0 | S18: 1 | T18: 0 | U18: 1.7 | V18: 0 | W18: 0 | X18: 0 | Y18: 275 | Z18: 0 | AA18: 6.1 | AB18: 0 | AC18: 1.3 | AD18: 0 | AE18: 0 | AF18: 0 | AG18: 0 | AH18: 0 | AI18: 356.5 | AJ18: 0 | AK18: 6.1 | AL18: 0 | AM18: 0 | AN18: 0 | AO18: 0 | AP18: 0 | AQ18: 0 | AR18: 0 | AS18: 0 | AT18: 0 | AU18: 0 | AV18: 0 | AW18: 0 | AX18: 0 | AY18: 0 | AZ18: 0 | BA18: 0 | BB18: 0 | BC18: 0 | BD18: 0 | BE18: 0 | BF18: 0 | BG18: 0 | BH18: 0 | BI18: 0 | BJ18: 0 | BK18: 0 | BL18: 0 | BM18: 0 | BN18: 0 | BO18: 0 | BP18: 0
B19: 8 | C19: 92 | D19: 648 | E19: 0 | F19: 0 | G19: 0 | H19: 0 | I19: 0 | J19: 0 | K19: 0 | L19: 0 | M19: 0 | N19: 0 | O19: 0 | P19: 0 | Q19: 0 | R19: 0 | S19: 0 | T19: 0 | U19: 1.8 | V19: 0 | W19: 0 | X19: 0 | Y19: 200 | Z19: 0 | AA19: 0 | AB19: 0 | AC19: 0 | AD19: 0 | AE19: 0 | AF19: 0 | AG19: 0 | AH19: 0 | AI19: 483 | AJ19: 0 | AK19: 0 | AL19: 0 | AM19: 0 | AN19: 0 | AO19: 0 | AP19: 0 | AQ19: 0 | AR19: 0 | AS19: 0 | AT19: 0 | AU19: 0 | AV19: 0 | AW19: 0 | AX19: 0 | AY19: 0 | AZ19: 0 | BA19: 0 | BB19: 0 | BC19: 0 | BD19: 0 | BE19: 0 | BF19: 0 | BG19: 0 | BH19: 0 | BI19: 0 | BJ19: 0 | BK19: 0 | BL19: 0 | BM19: 0 | BN19: 0 | BO19: 0 | BP19: 0
B20: 9 | C20: 92 | D20: 727 | E20: 5.4 | F20: 0 | G20: 7.5 | H20: 0 | I20: 10.1 | J20: 0 | K20: 25 | L20: 0 | M20: 0 | N20: 0 | O20: 0 | P20: 0 | Q20: 0 | R20: 0 | S20: 2 | T20: 0 | U20: 6.2 | V20: 0 | W20: 0 | X20: 0 | Y20: 262 | Z20: 0 | AA20: 4.2 | AB20: 0 | AC20: 2.5 | AD20: 0 | AE20: 0 | AF20: 0 | AG20: 0 | AH20: 0 | AI20: 437 | AJ20: 0 | AK20: 4.2 | AL20: 0 | AM20: 0 | AN20: 0 | AO20: 0 | AP20: 0 | AQ20: 0 | AR20: 0 | AS20: 0 | AT20: 0 | AU20: 0 | AV20: 0 | AW20: 0 | AX20: 0 | AY20: 0 | AZ20: 0 | BA20: 0 | BB20: 0 | BC20: 0 | BD20: 0 | BE20: 0 | BF20: 0 | BG20: 0 | BH20: 0 | BI20: 0 | BJ20: 0 | BK20: 0 | BL20: 0 | BM20: 0 | BN20: 0 | BO20: 0 | BP20: 0
B21: 10 | C21: 69 | D21: 670 | E21: 0 | F21: 0 | G21: 0 | H21: 0 | I21: 15 | J21: 0 | K21: 0 | L21: 0 | M21: 0 | N21: 0 | O21: 0 | P21: 0 | Q21: 5.6 | R21: 0 | S21: 0 | T21: 0 | U21: 8 | V21: 0 | W21: 0 | X21: 0 | Y21: 200 | Z21: 0 | AA21: 0 | AB21: 0 | AC21: 0 | AD21: 0 | AE21: 0 | AF21: 0 | AG21: 0 | AH21: 0 | AI21: 402.5 | AJ21: 0 | AK21: 0 | AL21: 0 | AM21: 0 | AN21: 0 | AO21: 0 | AP21: 0 | AQ21: 0 | AR21: 0 | AS21: 0 | AT21: 0 | AU21: 0 | AV21: 0 | AW21: 0 | AX21: 0 | AY21: 0 | AZ21: 0 | BA21: 0 | BB21: 0 | BC21: 0 | BD21: 0 | BE21: 0 | BF21: 0 | BG21: 0 | BH21: 0 | BI21: 0 | BJ21: 0 | BK21: 0 | BL21: 0 | BM21: 0 | BN21: 0 | BO21: 0 | BP21: 0
B22: 11 | C22: 62 | D22: 616 | E22: 2.2 | F22: 0 | G22: 2.3 | H22: 0 | I22: 15.2 | J22: 0 | K22: 15 | L22: 0 | M22: 0 | N22: 0 | O22: 0 | P22: 0 | Q22: 3.6 | R22: 0 | S22: 1 | T22: 0 | U22: 5.6 | V22: 0 | W22: 0 | X22: 0 | Y22: 254 | Z22: 0 | AA22: 3.1 | AB22: 0 | AC22: 1.5 | AD22: 0 | AE22: 0 | AF22: 0 | AG22: 0 | AH22: 0 | AI22: 276 | AJ22: 0 | AK22: 3.1 | AL22: 0 | AM22: 0 | AN22: 0 | AO22: 0 | AP22: 0 | AQ22: 0 | AR22: 0 | AS22: 0 | AT22: 0 | AU22: 0 | AV22: 0 | AW22: 0 | AX22: 0 | AY22: 0 | AZ22: 0 | BA22: 0 | BB22: 0 | BC22: 0 | BD22: 0 | BE22: 0 | BF22: 0 | BG22: 0 | BH22: 0 | BI22: 0 | BJ22: 0 | BK22: 0 | BL22: 0 | BM22: 0 | BN22: 0 | BO22: 0 | BP22: 0
B23: 12 | C23: 62 | D23: 585 | E23: 0 | F23: 0 | G23: 0 | H23: 0 | I23: 0 | J23: 0 | K23: 12 | L23: 0 | M23: 0 | N23: 0 | O23: 0 | P23: 0 | Q23: 0 | R23: 0 | S23: 0 | T23: 0 | U23: 6 | V23: 0 | W23: 0 | X23: 0 | Y23: 205 | Z23: 0 | AA23: 0 | AB23: 0 | AC23: 0 | AD23: 0 | AE23: 0 | AF23: 0 | AG23: 0 | AH23: 0 | AI23: 356.5 | AJ23: 0 | AK23: 0 | AL23: 0 | AM23: 0 | AN23: 0 | AO23: 0 | AP23: 0 | AQ23: 0 | AR23: 0 | AS23: 0 | AT23: 0 | AU23: 0 | AV23: 0 | AW23: 0 | AX23: 0 | AY23: 0 | AZ23: 0 | BA23: 0 | BB23: 0 | BC23: 0 | BD23: 0 | BE23: 0 | BF23: 0 | BG23: 0 | BH23: 0 | BI23: 0 | BJ23: 0 | BK23: 0 | BL23: 0 | BM23: 0 | BN23: 0 | BO23: 0 | BP23: 0
... B42: 31 | C42: 58 | D42: 558 | E42: 4.1 | F42: 0 | G42: 2.4 | H42: 0 | I42: 3.7 | J42: 0 | K42: 30 | L42: 0 | M42: 0 | N42: 0 | O42: 0 | P42: 0 | Q42: 3.1 | R42: 0 | S42: 1 | T42: 0 | U42: 2.7 | V42: 0 | W42: 0 | X42: 0 | Y42: 240 | Z42: 0 | AA42: 6.6 | AB42: 0 | AC42: 2.3 | AD42: 0 | AE42: 0 | AF42: 0 | AG42: 0 | AH42: 0 | AI42: 471.5 | AJ42: 0 | AK42: 6.6 | AL42: 0 | AM42: 0 | AN42: 0 | AO42: 0 | AP42: 0 | AQ42: 0 | AR42: 0 | AS42: 0 | AT42: 0 | AU42: 0 | AV42: 0 | AW42: 0 | AX42: 0 | AY42: 0 | AZ42: 0 | BA42: 0 | BB42: 0 | BC42: 0 | BD42: 0 | BE42: 0 | BF42: 0 | BG42: 0 | BH42: 0 | BI42: 0 | BJ42: 0 | BK42: 0 | BL42: 0 | BM42: 0 | BN42: 0 | BO42: 0 | BP42: 0
C45: =SUM(C12:C42) -> 1922 | D45: =SUM(D12:D42) -> 18078 | E45: =SUM(E12:E42) -> 137.2 | F45: 0 | G45: =SUM(G12:G42) -> 29.9 | H45: 0 | I45: =SUM(I12:I42) -> 142.7 | J45: 0 | K45: =SUM(K12:K42) -> 664 | Q45: =SUM(Q12:Q42) -> 95.3 | S45: =SUM(S12:S42) -> 16 | U45: =SUM(U12:U42) -> 102.3 | Y45: =SUM(Y12:Y42) -> 6960 | Z45: =SUM(Z12:Z42) -> 11555278 | AA45: 76.2 | AC45: =SUM(AC12:AC42) -> 31.9 | AI45: =SUM(AI12:AI42) -> 11523 | AK45: =SUM(AK12:AK42) -> 76.2 | AS45: =SUM(AS12:AS42) -> 6.65 | AT45: =SUM(AT12:AT42) -> 437500

Sheet RNs & Covers July 2022
A1: Four Seasons Resort Bali at Jimbaran Bay
A2: 44743
A3: Date | B3: Room Nights | C3: Food Covers
A6: 1 | B6: 49 | C6: 583
A7: 2 | B7: 53 | C7: 563
A8: 3 | B8: 59 | C8: 593
A9: 4 | B9: 67 | C9: 619
A10: 5 | B10: 74 | C10: 681
A11: 6 | B11: 77 | C11: 609
A12: 7 | B12: 72 | C12: 616
A13: 8 | B13: 92 | C13: 648
A14: 9 | B14: 92 | C14: 727
A15: 10 | B15: 69 | C15: 670
A16: 11 | B16: 62 | C16: 616
A17: 12 | B17: 62 | C17: 585
... A36: 31 | B36: 58 | C36: 558
B37: =SUM(B6:B36) -> 1922 | C37: =SUM(C6:C36) -> 18078
