Workbook

Sheet TOTAL
A1: Site Name | B1: Day | C1: Month | D1: Year | E1: Total Electricity Kwh | F1: Electricity Tariff ($/Kwh) | G1: LPG (Kg) | H1: LPG $/Kg | I1: Total Fuel Oil (Liter) | J1: Fuel Oil $/Liter | K1: Water Utility Supply (m3) m3 | L1: Water Utility Supply (m3) $/m3 | M1: Room Nights | N1: Food Covers
A2: Bali at Sayan | B2: 1 | C2: 8 | D2: 2022 | E2: =Electricity!F8+Electricity!I8 -> 10440 | F2: =Electricity!L8/TOTAL!E2 -> 1236.1529 | G2: =Gas!F9+Gas!I9+Gas!L9+Gas!O9 -> 114.71744 | H2: =Gas!Q9/TOTAL!G2 -> 15840 | I2: ='Fuel Diesel'!F9 -> 28 | J2: 10700 | K2: =Water!E9+Water!G9+Water!I9 -> 204 | L2: =Water!K9/TOTAL!K2 -> 4000 | M2: 38 | N2: 199
A3: Bali at Sayan | B3: =B2+1 -> 2 | C3: 8 | D3: 2022 | E3: =Electricity!F9+Electricity!I9 -> 10580 | F3: =Electricity!L9/TOTAL!E3 -> 1241.3276 | G3: =Gas!F10+Gas!I10+Gas!L10+Gas!O10 -> 146.51088 | H3: =Gas!Q10/TOTAL!G3 -> 15840 | I3: ='Fuel Diesel'!F10 -> 0 | J3: 10700 | K3: =Water!E10+Water!G10+Water!I10 -> 176 | L3: =Water!K10/TOTAL!K3 -> 4000 | M3: 39 | N3: 214
A4: Bali at Sayan | B4: =B3+1 -> 3 | C4: 8 | D4: 2022 | E4: =Electricity!F10+Electricity!I10 -> 10560 | F4: =Electricity!L10/TOTAL!E4 -> 1237.2068 | G4: =Gas!F11+Gas!I11+Gas!L11+Gas!O11 -> 105.21136 | H4: =Gas!Q11/TOTAL!G4 -> 15840 | I4: ='Fuel Diesel'!F11 -> 46 | J4: 10700 | K4: =Water!E11+Water!G11+Water!I11 -> 207 | L4: =Water!K11/TOTAL!K4 -> 4000 | M4: 35 | N4: 243
A5: Bali at Sayan | B5: =B4+1 -> 4 | C5: 8 | D5: 2022 | E5: =Electricity!F11+Electricity!I11 -> 10380 | F5: =Electricity!L11/TOTAL!E5 -> 1238.9089 | G5: =Gas!F12+Gas!I12+Gas!L12+Gas!O12 -> 119.4302 | H5: =Gas!Q12/TOTAL!G5 -> 15840 | I5: ='Fuel Diesel'!F12 -> 0 | J5: 10700 | K5: =Water!E12+Water!G12+Water!I12 -> 216 | L5: =Water!K12/TOTAL!K5 -> 4000 | M5: 42 | N5: 257
A6: Bali at Sayan | B6: =B5+1 -> 5 | C6: 8 | D6: 2022 | E6: =Electricity!F12+Electricity!I12 -> 10600 | F6: =Electricity!L12/TOTAL!E6 -> 1240.0601 | G6: =Gas!F13+Gas!I13+Gas!L13+Gas!O13 -> 108.47404 | H6: =Gas!Q13/TOTAL!G6 -> 15840 | I6: ='Fuel Diesel'!F13 -> 0 | J6: 10700 | K6: =Water!E13+Water!G13+Water!I13 -> 249 | L6: =Water!K13/TOTAL!K6 -> 4000 | M6: 37 | N6: 277
A7: Bali at Sayan | B7: =B6+1 -> 6 | C7: 8 | D7: 2022 | E7: =Electricity!F13+Electricity!I13 -> 10380 | F7: =Electricity!L13/TOTAL!E7 -> 1235.6169 | G7: =Gas!F14+Gas!I14+Gas!L14+Gas!O14 -> 151.9084 | H7: =Gas!Q14/TOTAL!G7 -> 15840 | I7: ='Fuel Diesel'!F14 -> 0 | J7: 10700 | K7: =Water!E14+Water!G14+Water!I14 -> 209 | L7: =Water!K14/TOTAL!K7 -> 4000 | M7: 41 | N7: 246
A8: Bali at Sayan | B8: =B7+1 -> 7 | C8: 8 | D8: 2022 | E8: =Electricity!F14+Electricity!I14 -> 9920 | F8: =Electricity!L14/TOTAL!E8 -> 1241.243 | G8: =Gas!F15+Gas!I15+Gas!L15+Gas!O15 -> 162.94512 | H8: =Gas!Q15/TOTAL!G8 -> 15840 | I8: ='Fuel Diesel'!F15 -> 0 | J8: 10700 | K8: =Water!E15+Water!G15+Water!I15 -> 157 | L8: =Water!K15/TOTAL!K8 -> 4000 | M8: 35 | N8: 220
A9: Bali at Sayan | B9: =B8+1 -> 8 | C9: 8 | D9: 2022 | E9: =Electricity!F15+Electricity!I15 -> 10560 | F9: =Electricity!L15/TOTAL!E9 -> 1236.1281 | G9: =Gas!F16+Gas!I16+Gas!L16+Gas!O16 -> 107.58788 | H9: =Gas!Q16/TOTAL!G9 -> 15840 | I9: ='Fuel Diesel'!F16 -> 0 | J9: 10700 | K9: =Water!E16+Water!G16+Water!I16 -> 199 | L9: =Water!K16/TOTAL!K9 -> 4000 | M9: 45 | N9: 257
A10: Bali at Sayan | B10: =B9+1 -> 9 | C10: 8 | D10: 2022 | E10: =Electricity!F16+Electricity!I16 -> 10300 | F10: =Electricity!L16/TOTAL!E10 -> 1240.7904 | G10: =Gas!F17+Gas!I17+Gas!L17+Gas!O17 -> 105.25164 | H10: =Gas!Q17/TOTAL!G10 -> 15840 | I10: ='Fuel Diesel'!F17 -> 0 | J10: 10700 | K10: =Water!E17+Water!G17+Water!I17 -> 199 | L10: =Water!K17/TOTAL!K10 -> 4000 | M10: 43 | N10: 214
A11: Bali at Sayan | B11: =B10+1 -> 10 | C11: 8 | D11: 2022 | E11: =Electricity!F17+Electricity!I17 -> 9960 | F11: =Electricity!L17/TOTAL!E11 -> 1238.5453 | G11: =Gas!F18+Gas!I18+Gas!L18+Gas!O18 -> 109.88384 | H11: =Gas!Q18/TOTAL!G11 -> 15840 | I11: ='Fuel Diesel'!F18 -> 46 | J11: 10700 | K11: =Water!E18+Water!G18+Water!I18 -> 172 | L11: =Water!K18/TOTAL!K11 -> 4000 | M11: 39 | N11: 251
A12: Bali at Sayan | B12: =B11+1 -> 11 | C12: 8 | D12: 2022 | E12: =Electricity!F18+Electricity!I18 -> 9860 | F12: =Electricity!L18/TOTAL!E12 -> 1236.0887 | G12: =Gas!F19+Gas!I19+Gas!L19+Gas!O19 -> 101.707 | H12: =Gas!Q19/TOTAL!G12 -> 15840 | I12: ='Fuel Diesel'!F19 -> 0 | J12: 10700 | K12: =Water!E19+Water!G19+Water!I19 -> 191 | L12: =Water!K19/TOTAL!K12 -> 4000 | M12: 45 | N12: 266
A13: Bali at Sayan | B13: =B12+1 -> 12 | C13: 8 | D13: 2022 | E13: =Electricity!F19+Electricity!I19 -> 10280 | F13: =Electricity!L19/TOTAL!E13 -> 1238.7723 | G13: =Gas!F20+Gas!I20+Gas!L20+Gas!O20 -> 109.763 | H13: =Gas!Q20/TOTAL!G13 -> 15840 | I13: ='Fuel Diesel'!F20 -> 0 | J13: 10700 | K13: =Water!E20+Water!G20+Water!I20 -> 173 | L13: =Water!K20/TOTAL!K13 -> 4000 | M13: 45 | N13: 251
A14: Bali at Sayan | B14: =B13+1 -> 13 | C14: 8 | D14: 2022 | E14: =Electricity!F20+Electricity!I20 -> 10140 | F14: =Electricity!L20/TOTAL!E14 -> 1243.5191 | G14: =Gas!F21+Gas!I21+Gas!L21+Gas!O21 -> 97.0748 | H14: =Gas!Q21/TOTAL!G14 -> 15840 | I14: ='Fuel Diesel'!F21 -> 0 | J14: 10700 | K14: =Water!E21+Water!G21+Water!I21 -> 193 | L14: =Water!K21/TOTAL!K14 -> 4148.943 | M14: 49 | N14: 233
... A30: Bali at Sayan | B30: =B29+1 -> 29 | C30: 8 | D30: 2022 | E30: =Electricity!F36+Electricity!I36 -> 10220 | F30: =Electricity!L36/TOTAL!E30 -> 1236.0141 | G30: =Gas!F37+Gas!I37+Gas!L37+Gas!O37 -> 75.76668 | H30: =Gas!Q37/TOTAL!G30 -> 15840 | I30: ='Fuel Diesel'!F37 -> 0 | J30: 10700 | K30: =Water!E37+Water!G37+Water!I37 -> 190 | L30: =Water!K37/TOTAL!K30 -> 4000 | M30: 38 | N30: 191
A31: Bali at Sayan | B31: 30 | C31: 8 | D31: 2022 | E31: =Electricity!F37+Electricity!I37 -> 9960 | F31: =Electricity!L37/TOTAL!E31 -> 1233.9708 | G31: =Gas!F38+Gas!I38+Gas!L38+Gas!O38 -> 154.2724 | H31: =Gas!Q38/TOTAL!G31 -> 15840 | I31: ='Fuel Diesel'!F38 -> 35 | J31: 10700 | K31: =Water!E38+Water!G38+Water!I38 -> 177 | L31: =Water!K38/TOTAL!K31 -> 4000 | M31: 35 | N31: 183
A32: Bali at Sayan | B32: 31 | C32: 8 | D32: 2022 | E32: =Electricity!F38+Electricity!I38 -> 9560 | F32: =Electricity!L38/TOTAL!E32 -> 1235.5595 | G32: =Gas!F39+Gas!I39+Gas!L39+Gas!O39 -> 92.64 | H32: =Gas!Q39/TOTAL!G32 -> 15840 | I32: ='Fuel Diesel'!F39 -> 0 | J32: 10700 | K32: =Water!E39+Water!G39+Water!I39 -> 187 | L32: =Water!K39/TOTAL!K32 -> 4000 | M32: 26 | N32: 152
E33: =SUM(E2:E32) -> 315440 | F33: =SUM(F2:F32)/31 -> 1237.5546 | G33: =SUM(G2:G32) -> 3645.5042 | H33: =SUM(H2:H32)/31 -> 15840 | I33: =SUM(I2:I32) -> 260 | J33: 10700 | K33: =SUM(K2:K32) -> 6371 | L33: =SUM(L2:L32)/31 -> 4197.1663 | M33: =SUM(M2:M32) -> 1291 | N33: =SUM(N2:N32) -> 7413

Sheet Electricity
B1: Daily Electricity Consumption
B2: Engineering Department
B4: 44743
B5: Date | C5: Room Nights | D5: Food Covers | E5: BASED LOAD (from 10 pm - 6 pm) | H5: PEAK LOAD (from 6 pm - 10 pm) | K5: Sub-Total Cost (Based + Peak cost) | L5: TOTAL COST include 10% TAX (sub total cost X 1.1) | M5: USD
E6: Used (reading) | F6: kWh (Used x2000) | G6: IDR Cost (kWh x IDR 1035.5) | H6: Used (reading) | I6: kWh (Used x2000) | J6: Cost (kWh x IDR 1553.25)
B8: 1 | C8: 38 | D8: 199 | E8: 4.33 | F8: =E8*2000 -> 8660 | G8: =F8*1035.5 -> 8967430 | H8: 0.89 | I8: =H8*2000 -> 1780 | J8: =I8*1553.25 -> 2764785 | K8: =G8+J8 -> 11732215 | L8: =K8*1.1 -> 12905436 | M8: =L8/14381 -> 897.39493
B9: 2 | C9: 39 | D9: 214 | E9: 4.34 | F9: =E9*2000 -> 8680 | G9: =F9*1035.5 -> 8988140 | H9: 0.95 | I9: =H9*2000 -> 1900 | J9: =I9*1553.25 -> 2951175 | K9: =G9+J9 -> 11939315 | L9: =K9*1.1 -> 13133247 | M9: =L9/14381 -> 913.23597
B10: 3 | C10: 35 | D10: 243 | E10: 4.37 | F10: =E10*2000 -> 8740 | G10: =F10*1035.5 -> 9050270 | H10: 0.91 | I10: =H10*2000 -> 1820 | J10: =I10*1553.25 -> 2826915 | K10: =G10+J10 -> 11877185 | L10: =K10*1.1 -> 13064903 | M10: =L10/14381 -> 908.48366
B11: 4 | C11: 42 | D11: 257 | E11: 4.28 | F11: =E11*2000 -> 8560 | G11: =F11*1035.5 -> 8863880 | H11: 0.91 | I11: =H11*2000 -> 1820 | J11: =I11*1553.25 -> 2826915 | K11: =G11+J11 -> 11690795 | L11: =K11*1.1 -> 12859875 | M11: =L11/14381 -> 894.22672
B12: 5 | C12: 37 | D12: 277 | E12: 4.36 | F12: =E12*2000 -> 8720 | G12: =F12*1035.5 -> 9029560 | H12: 0.94 | I12: =H12*2000 -> 1880 | J12: =I12*1553.25 -> 2920110 | K12: =G12+J12 -> 11949670 | L12: =K12*1.1 -> 13144637 | M12: =L12/14381 -> 914.02802
B13: 6 | C13: 41 | D13: 246 | E13: 4.31 | F13: =E13*2000 -> 8620 | G13: =F13*1035.5 -> 8926010 | H13: 0.88 | I13: =H13*2000 -> 1760 | J13: =I13*1553.25 -> 2733720 | K13: =G13+J13 -> 11659730 | L13: =K13*1.1 -> 12825703 | M13: =L13/14381 -> 891.85057
B14: 7 | C14: 35 | D14: 220 | E14: 4.07 | F14: =E14*2000 -> 8140 | G14: =F14*1035.5 -> 8428970 | H14: 0.89 | I14: =H14*2000 -> 1780 | J14: =I14*1553.25 -> 2764785 | K14: =G14+J14 -> 11193755 | L14: =K14*1.1 -> 12313130 | M14: =L14/14381 -> 856.20823
B15: 8 | C15: 45 | D15: 257 | E15: 4.38 | F15: =E15*2000 -> 8760 | G15: =F15*1035.5 -> 9070980 | H15: 0.9 | I15: =H15*2000 -> 1800 | J15: =I15*1553.25 -> 2795850 | K15: =G15+J15 -> 11866830 | L15: =K15*1.1 -> 13053513 | M15: =L15/14381 -> 907.69161
B16: 9 | C16: 43 | D16: 214 | E16: 4.23 | F16: =E16*2000 -> 8460 | G16: =F16*1035.5 -> 8760330 | H16: 0.92 | I16: =H16*2000 -> 1840 | J16: =I16*1553.25 -> 2857980 | K16: =G16+J16 -> 11618310 | L16: =K16*1.1 -> 12780141 | M16: =L16/14381 -> 888.68236
B17: 10 | C17: 39 | D17: 251 | E17: 4.11 | F17: =E17*2000 -> 8220 | G17: =F17*1035.5 -> 8511810 | H17: 0.87 | I17: =H17*2000 -> 1740 | J17: =I17*1553.25 -> 2702655 | K17: =G17+J17 -> 11214465 | L17: =K17*1.1 -> 12335912 | M17: =L17/14381 -> 857.79233
B18: 11 | C18: 45 | D18: 266 | E18: 4.09 | F18: =E18*2000 -> 8180 | G18: =F18*1035.5 -> 8470390 | H18: 0.84 | I18: =H18*2000 -> 1680 | J18: =I18*1553.25 -> 2609460 | K18: =G18+J18 -> 11079850 | L18: =K18*1.1 -> 12187835 | M18: =L18/14381 -> 847.49565
B19: 12 | C19: 45 | D19: 251 | E19: 4.24 | F19: =E19*2000 -> 8480 | G19: =F19*1035.5 -> 8781040 | H19: 0.9 | I19: =H19*2000 -> 1800 | J19: =I19*1553.25 -> 2795850 | K19: =G19+J19 -> 11576890 | L19: =K19*1.1 -> 12734579 | M19: =L19/14381 -> 885.51415
... B38: 31 | C38: 26 | D38: 152 | E38: 3.97 | F38: =E38*2000 -> 7940 | G38: =F38*1035.5 -> 8221870 | H38: 0.81 | I38: =H38*2000 -> 1620 | J38: =I38*1553.25 -> 2516265 | K38: =G38+J38 -> 10738135 | L38: =K38*1.1 -> 11811949 | M38: =L38/14381 -> 821.35794
C39: =SUM(C8:C38) -> 1291 | D39: =SUM(D8:D38) -> 7413 | E39: 3.28 | F39: =SUM(F8:F38) -> 260880 | I39: =SUM(I8:I38) -> 54560 | L39: =SUM(L8:L38) -> 3.9037522e+08 | M39: =SUM(M8:M38) -> 27145.207
G41: Total KWh | I41: =F39+I39 -> 315440

Sheet Gas
B1: Daily Gas Consumption
B2: Engineering Department
B4: 44743
B5: Date | C5: Room Nights | D5: Food Covers | E5: LPG Tube 50kg | Q5: TOTAL Cost (include Tax)
E6: Ayung Terrace | H6: Riverside | K6: Sokasi - Cooking class | N6: Porte Cochere bonfire
E7: METER READING | F7: Used (kg) | G7: IDR Cost kg x rate IDR | H7: METER READING (tube installed) | I7: Used (kg) | J7: IDR Cost kg x rate IDR | K7: METER READING | L7: Used (kg) | M7: IDR Cost m3 x rate IDR | N7: Tube installed | O7: Used (kg) | P7: IDR Cost m3 x rate IDR
G8: 15840 | J8: =G8 -> 15840 | M8: =J8 -> 15840 | P8: =J8 -> 15840 | Q8: IDR | R8: USD | U8: =792000/50 -> 15840
B9: 1 | C9: =Electricity!C8 -> 38 | D9: =Electricity!D8 -> 199 | E9: 11257.5 | F9: 91.07308 | G9: =F9*$G$8 -> 1442597.6 | H9: 1237.84 | I9: 23.64436 | J9: =I9*$J$8 -> 374526.66 | L9: 0 | M9: =L9*$M$8 -> 0 | O9: 0 | P9: =O9*$P$8 -> 0 | Q9: =P9+G9+J9+M9 -> 1817124.2 | R9: =Q9/14381 -> 126.3559
B10: 2 | C10: =Electricity!C9 -> 39 | D10: =Electricity!D9 -> 214 | E10: 11276.35 | F10: 75.9278 | G10: =F10*$G$8 -> 1202696.4 | H10: 1242.95 | I10: 20.58308 | J10: =I10*$J$8 -> 326035.99 | L10: 0 | M10: =L10*$M$8 -> 0 | O10: 50 | P10: =O10*$P$8 -> 792000 | Q10: =J10+M10+G10+P10 -> 2320732.3 | R10: =Q10/14381 -> 161.37489
B11: 3 | C11: =Electricity!C10 -> 35 | D11: =Electricity!D10 -> 243 | E11: 11297.77 | F11: 86.27976 | G11: =F11*$G$8 -> 1366671.4 | H11: 1247.65 | I11: 18.9316 | J11: =I11*$J$8 -> 299876.54 | L11: 0 | M11: =L11*$M$8 -> 0 | O11: 0 | P11: =O11*$P$8 -> 0 | Q11: =J11+M11+G11+P11 -> 1666547.9 | R11: =Q11/14381 -> 115.8854
B12: 4 | C12: =Electricity!C11 -> 42 | D12: =Electricity!D11 -> 257 | E12: 11320.81 | F12: 92.80512 | G12: =F12*$G$8 -> 1470033.1 | H12: 1254.26 | I12: 26.62508 | J12: =I12*$J$8 -> 421741.27 | L12: 0 | M12: =L12*$M$8 -> 0 | O12: 0 | P12: =O12*$P$8 -> 0 | Q12: =J12+M12+G12+P12 -> 1891774.4 | R12: =Q12/14381 -> 131.54679
B13: 5 | C13: =Electricity!C12 -> 37 | D13: =Electricity!D12 -> 277 | E13: 11341.14 | F13: 81.88924 | G13: =F13*$G$8 -> 1297125.6 | H13: 1260.86 | I13: 26.5848 | J13: =I13*$J$8 -> 421103.23 | L13: 0 | M13: =L13*$M$8 -> 0 | O13: 0 | P13: =O13*$P$8 -> 0 | Q13: =J13+M13+G13+P13 -> 1718228.8 | R13: =Q13/14381 -> 119.47909
B14: 6 | C14: =Electricity!C13 -> 41 | D14: =Electricity!D13 -> 246 | E14: 11360.74 | F14: 78.9488 | G14: =F14*$G$8 -> 1250549 | H14: 1266.56 | I14: 22.9596 | J14: =I14*$J$8 -> 363680.06 | L14: 0 | M14: =L14*$M$8 -> 0 | O14: 50 | P14: =O14*$P$8 -> 792000 | Q14: =J14+M14+G14+P14 -> 2406229.1 | R14: =Q14/14381 -> 167.32001
B15: 7 | C15: =Electricity!C14 -> 35 | D15: =Electricity!D14 -> 220 | E15: 11382.74 | F15: 88.616 | G15: =F15*$G$8 -> 1403677.4 | H15: 1272.6 | I15: 24.32912 | J15: =I15*$J$8 -> 385373.26 | L15: 50 | M15: =L15*$M$8 -> 792000 | O15: 0 | P15: =O15*$P$8 -> 0 | Q15: =J15+M15+G15+P15 -> 2581050.7 | R15: =Q15/14381 -> 179.47644
B16: 8 | C16: =Electricity!C15 -> 45 | D16: =Electricity!D15 -> 257 | E16: 11403.38 | F16: 83.13792 | G16: =F16*$G$8 -> 1316904.7 | H16: 1278.67 | I16: 24.44996 | J16: =I16*$J$8 -> 387287.37 | L16: 0 | M16: =L16*$M$8 -> 0 | O16: 0 | P16: =O16*$P$8 -> 0 | Q16: =J16+M16+G16+P16 -> 1704192 | R16: =Q16/14381 -> 118.50303
B17: 9 | C17: =Electricity!C16 -> 43 | D17: =Electricity!D16 -> 214 | E17: 11423.97 | F17: 82.93652 | G17: =F17*$G$8 -> 1313714.5 | H17: 1284.21 | I17: 22.31512 | J17: =I17*$J$8 -> 353471.5 | L17: 0 | M17: =L17*$M$8 -> 0 | O17: 0 | P17: =O17*$P$8 -> 0 | Q17: =J17+M17+G17+P17 -> 1667186 | R17: =Q17/14381 -> 115.92977
B18: 10 | C18: =Electricity!C17 -> 39 | D18: =Electricity!D17 -> 251 | E18: 11444.52 | F18: 82.7754 | G18: =F18*$G$8 -> 1311162.3 | H18: 1290.94 | I18: 27.10844 | J18: =I18*$J$8 -> 429397.69 | L18: 0 | M18: =L18*$M$8 -> 0 | O18: 0 | P18: =O18*$P$8 -> 0 | Q18: =J18+M18+G18+P18 -> 1740560 | R18: =Q18/14381 -> 121.03192
B19: 11 | C19: =Electricity!C18 -> 45 | D19: =Electricity!D18 -> 266 | E19: 11463.93 | F19: 78.18348 | G19: =F19*$G$8 -> 1238426.3 | H19: 1296.78 | I19: 23.52352 | J19: =I19*$J$8 -> 372612.56 | L19: 0 | M19: =L19*$M$8 -> 0 | O19: 0 | P19: =O19*$P$8 -> 0 | Q19: =J19+M19+G19+P19 -> 1611038.9 | R19: =Q19/14381 -> 112.02551
B20: 12 | C20: =Electricity!C19 -> 45 | D20: =Electricity!D19 -> 251 | E20: 11485.27 | F20: 85.95752 | G20: =F20*$G$8 -> 1361567.1 | H20: 1302.69 | I20: 23.80548 | J20: =I20*$J$8 -> 377078.8 | L20: 0 | M20: =L20*$M$8 -> 0 | O20: 0 | P20: =O20*$P$8 -> 0 | Q20: =J20+M20+G20+P20 -> 1738645.9 | R20: =Q20/14381 -> 120.89882
B21: 13 | C21: =Electricity!C20 -> 49 | D21: =Electricity!D20 -> 233 | E21: 11503.47 | F21: 73.3096 | G21: =F21*$G$8 -> 1161224.1 | H21: 1308.59 | I21: 23.7652 | J21: =I21*$J$8 -> 376440.77 | L21: 0 | M21: =L21*$M$8 -> 0 | O21: 0 | P21: =O21*$P$8 -> 0 | Q21: =J21+M21+G21+P21 -> 1537664.8 | R21: =Q21/14381 -> 106.92336
... B39: 31 | C39: =Electricity!C38 -> 26 | D39: =Electricity!D38 -> 152 | E39: 11873.9 | F39: 77.66 | G39: =F39*$G$8 -> 1230134.4 | H39: 1411.11 | I39: 14.98 | J39: =I39*$J$8 -> 237283.2 | L39: 0 | M39: =L39*$M$8 -> 0 | O39: 0 | P39: =O39*$P$8 -> 0 | Q39: =J39+M39+G39+P39 -> 1467417.6 | R39: =Q39/14381 -> 102.03863
C40: =SUM(C9:C39) -> 1291 | D40: =SUM(D9:D39) -> 7413 | F40: =SUM(F9:F39) -> 2573.9324 | I40: =SUM(I9:I39) -> 721.57176 | L40: =SUM(L9:L39) -> 100 | O40: =SUM(O9:O39) -> 250 | R40: =SUM(R9:R39) -> 4015.3527
N41: Total kg | O41: =F40+I40+L40+O40 -> 3645.5042

Sheet Fuel Diesel
B1: Daily Fuel Consumption
B2: Engineering Department
B4: 44743
B5: , | C5: Room Nights | D5: Food Covers | E5: Diesel | H5: USD
E7: METER READING | F7: Used (ltrs) | G7: IDR Cost m3 x rate IDR
E8: 5162 | G8: 10700
B9: 1 | C9: =Gas!C9 -> 38 | D9: =Gas!D9 -> 199 | E9: 5190 | F9: =E9-E8 -> 28 | G9: =F9*$G$8 -> 299600 | H9: =G9/14381 -> 20.833044
B10: 2 | C10: =Gas!C10 -> 39 | D10: =Gas!D10 -> 214 | E10: 5190 | F10: =E10-E9 -> 0 | G10: =F10*$G$8 -> 0 | H10: =G10/14381 -> 0
B11: 3 | C11: =Gas!C11 -> 35 | D11: =Gas!D11 -> 243 | E11: 5236 | F11: =E11-E10 -> 46 | G11: =F11*$G$8 -> 492200 | H11: =G11/14381 -> 34.225714
B12: 4 | C12: =Gas!C12 -> 42 | D12: =Gas!D12 -> 257 | E12: 5236 | F12: =E12-E11 -> 0 | G12: =F12*$G$8 -> 0 | H12: =G12/14381 -> 0
B13: 5 | C13: =Gas!C13 -> 37 | D13: =Gas!D13 -> 277 | E13: 5236 | F13: =E13-E12 -> 0 | G13: =F13*$G$8 -> 0 | H13: =G13/14381 -> 0
B14: 6 | C14: =Gas!C14 -> 41 | D14: =Gas!D14 -> 246 | E14: 5236 | F14: =E14-E13 -> 0 | G14: =F14*$G$8 -> 0 | H14: =G14/14381 -> 0
B15: 7 | C15: =Gas!C15 -> 35 | D15: =Gas!D15 -> 220 | E15: 5236 | F15: =E15-E14 -> 0 | G15: =F15*$G$8 -> 0 | H15: =G15/14381 -> 0
B16: 8 | C16: =Gas!C16 -> 45 | D16: =Gas!D16 -> 257 | E16: 5236 | F16: =E16-E15 -> 0 | G16: =F16*$G$8 -> 0 | H16: =G16/14381 -> 0
B17: 9 | C17: =Gas!C17 -> 43 | D17: =Gas!D17 -> 214 | E17: 5236 | F17: =E17-E16 -> 0 | G17: =F17*$G$8 -> 0 | H17: =G17/14381 -> 0
B18: 10 | C18: =Gas!C18 -> 39 | D18: =Gas!D18 -> 251 | E18: 5282 | F18: =E18-E17 -> 46 | G18: =F18*$G$8 -> 492200 | H18: =G18/14381 -> 34.225714
B19: 11 | C19: =Gas!C19 -> 45 | D19: =Gas!D19 -> 266 | E19: 5282 | F19: =E19-E18 -> 0 | G19: =F19*$G$8 -> 0 | H19: =G19/14381 -> 0
B20: 12 | C20: =Gas!C20 -> 45 | D20: =Gas!D20 -> 251 | E20: 5282 | F20: =E20-E19 -> 0 | G20: =F20*$G$8 -> 0 | H20: =G20/14381 -> 0
... B31: 23 | C31: =Gas!C31 -> 40 | D31: =Gas!D31 -> 255 | E31: 5282 | F31: =E31-E30 -> 0 | G31: =F31*$G$8 -> 0 | H31: =G31/14381 -> 0
B32: 24 | C32: =Gas!C32 -> 44 | D32: =Gas!D32 -> 273 | E32: 5294 | F32: =E32-E31 -> 12 | H32: =G32/14381 -> 0
B33: 25 | C33: =Gas!C33 -> 39 | D33: =Gas!D33 -> 207 | E33: 5295 | F33: =E33-E32 -> 1 | G33: =F33*$G$8 -> 10700 | H33: =G33/14381 -> 0.74403727
B34: 26 | C34: =Gas!C34 -> 48 | D34: =Gas!D34 -> 253 | E34: 5387 | F34: =E34-E33 -> 92 | G34: =F34*$G$8 -> 984400 | H34: =G34/14381 -> 68.451429
B35: 27 | C35: =Gas!C35 -> 43 | D35: =Gas!D35 -> 254 | E35: 5387 | F35: =E35-E34 -> 0 | G35: =F35*$G$8 -> 0 | H35: =G35/14381 -> 0
B36: 28 | C36: =Gas!C36 -> 43 | D36: =Gas!D36 -> 224 | E36: 5387 | F36: =E36-E35 -> 0 | G36: =F36*$G$8 -> 0 | H36: =G36/14381 -> 0
B37: 29 | C37: =Gas!C37 -> 38 | D37: =Gas!D37 -> 191 | E37: 5387 | F37: =E37-E36 -> 0 | G37: =F37*$G$8 -> 0 | H37: =G37/14381 -> 0
B38: 30 | C38: =Gas!C38 -> 35 | D38: =Gas!D38 -> 183 | E38: 5422 | F38: =E38-E37 -> 35 | G38: =F38*$G$8 -> 374500 | H38: =G38/14381 -> 26.041304
B39: 31 | C39: =Gas!C39 -> 26 | D39: =Gas!D39 -> 152 | E39: 5422 | F39: =E39-E38 -> 0 | G39: =F39*$G$8 -> 0 | H39: =G39/14381 -> 0
C40: =SUM(C9:C39) -> 1291 | D40: =SUM(D9:D39) -> 7413 | F40: =SUM(F9:F39) -> 260 | H40: =SUM(H9:H39) -> 184.52124

Sheet Water
B2: Daily Water Consumption
B3: Engineering Department
B5: 44743
B6: 3 | C6: RN | D6: Food Covers | E6: MUNICIPAL WATER | G6: DEEP WELL | K6: Total Cost (Municipal + DW1 + DW2 cost) | L6: USD (Total Cost / exchange rate IDR)
E7: Used | F7: Water Cost (M3 x IDR 13,582) | G7: Used | H7: DW 1 Cost (M3 x IDR 4,000) | I7: Used | J7: DW 2 Cost (M3 x IDR 4,000)
B9: 1 | C9: ='Fuel Diesel'!C9 -> 38 | D9: ='Fuel Diesel'!D9 -> 199 | E9: 0 | F9: =E9*13582 -> 0 | G9: 76 | H9: =G9*4000 -> 304000 | I9: 128 | J9: =I9*4000 -> 512000 | K9: =F9+H9+J9 -> 816000 | L9: =K9/14381 -> 56.741534
B10: 2 | C10: ='Fuel Diesel'!C10 -> 39 | D10: ='Fuel Diesel'!D10 -> 214 | E10: 0 | F10: =E10*13582 -> 0 | G10: 66 | H10: =G10*4000 -> 264000 | I10: 110 | J10: =I10*4000 -> 440000 | K10: =F10+H10+J10 -> 704000 | L10: =K10/14381 -> 48.95348
B11: 3 | C11: ='Fuel Diesel'!C11 -> 35 | D11: ='Fuel Diesel'!D11 -> 243 | E11: 0 | F11: =E11*13582 -> 0 | G11: 76 | H11: =G11*4000 -> 304000 | I11: 131 | J11: =I11*4000 -> 524000 | K11: =F11+H11+J11 -> 828000 | L11: =K11/14381 -> 57.575968
B12: 4 | C12: ='Fuel Diesel'!C12 -> 42 | D12: ='Fuel Diesel'!D12 -> 257 | E12: 0 | F12: =E12*13582 -> 0 | G12: 79 | H12: =G12*4000 -> 316000 | I12: 137 | J12: =I12*4000 -> 548000 | K12: =F12+H12+J12 -> 864000 | L12: =K12/14381 -> 60.079271
B13: 5 | C13: ='Fuel Diesel'!C13 -> 37 | D13: ='Fuel Diesel'!D13 -> 277 | E13: 0 | F13: =E13*13582 -> 0 | G13: 95 | H13: =G13*4000 -> 380000 | I13: 154 | J13: =I13*4000 -> 616000 | K13: =F13+H13+J13 -> 996000 | L13: =K13/14381 -> 69.258049
B14: 6 | C14: ='Fuel Diesel'!C14 -> 41 | D14: ='Fuel Diesel'!D14 -> 246 | E14: 0 | F14: =E14*13582 -> 0 | G14: 76 | H14: =G14*4000 -> 304000 | I14: 133 | J14: =I14*4000 -> 532000 | K14: =F14+H14+J14 -> 836000 | L14: =K14/14381 -> 58.132258
B15: 7 | C15: ='Fuel Diesel'!C15 -> 35 | D15: ='Fuel Diesel'!D15 -> 220 | E15: 0 | F15: =E15*13582 -> 0 | G15: 59 | H15: =G15*4000 -> 236000 | I15: 98 | J15: =I15*4000 -> 392000 | K15: =F15+H15+J15 -> 628000 | L15: =K15/14381 -> 43.66873
B16: 8 | C16: ='Fuel Diesel'!C16 -> 45 | D16: ='Fuel Diesel'!D16 -> 257 | E16: 0 | F16: =E16*13582 -> 0 | G16: 75 | H16: =G16*4000 -> 300000 | I16: 124 | J16: =I16*4000 -> 496000 | K16: =F16+H16+J16 -> 796000 | L16: =K16/14381 -> 55.35081
B17: 9 | C17: ='Fuel Diesel'!C17 -> 43 | D17: ='Fuel Diesel'!D17 -> 214 | E17: 0 | F17: =E17*13582 -> 0 | G17: 74 | H17: =G17*4000 -> 296000 | I17: 125 | J17: =I17*4000 -> 500000 | K17: =F17+H17+J17 -> 796000 | L17: =K17/14381 -> 55.35081
B18: 10 | C18: ='Fuel Diesel'!C18 -> 39 | D18: ='Fuel Diesel'!D18 -> 251 | E18: 0 | F18: =E18*13582 -> 0 | G18: 64 | H18: =G18*4000 -> 256000 | I18: 108 | J18: =I18*4000 -> 432000 | K18: =F18+H18+J18 -> 688000 | L18: =K18/14381 -> 47.840901
B19: 11 | C19: ='Fuel Diesel'!C19 -> 45 | D19: ='Fuel Diesel'!D19 -> 266 | E19: 0 | F19: =E19*13582 -> 0 | G19: 71 | H19: =G19*4000 -> 284000 | I19: 120 | J19: =I19*4000 -> 480000 | K19: =F19+H19+J19 -> 764000 | L19: =K19/14381 -> 53.125652
B20: 12 | C20: ='Fuel Diesel'!C20 -> 45 | D20: ='Fuel Diesel'!D20 -> 251 | E20: 0 | F20: =E20*13582 -> 0 | G20: 64 | H20: =G20*4000 -> 256000 | I20: 109 | J20: =I20*4000 -> 436000 | K20: =F20+H20+J20 -> 692000 | L20: =K20/14381 -> 48.119046
... B39: 31 | C39: ='Fuel Diesel'!C39 -> 26 | D39: ='Fuel Diesel'!D39 -> 152 | E39: 0 | F39: =E39*13582 -> 0 | G39: 68 | H39: =G39*4000 -> 272000 | I39: 119 | J39: =I39*4000 -> 476000 | K39: =F39+H39+J39 -> 748000 | L39: =K39/14381 -> 52.013073
C40: =SUM(C9:C39) -> 1291 | D40: =SUM(D9:D39) -> 7413 | E40: 0 | G40: =SUM(G9:G39) -> 2319 | I40: =SUM(I9:I39) -> 3915 | J40: =G40+I40 -> 6234 | L40: =SUM(L9:L39) -> 1863.3429
H41: TOTAL Used | I41: =G40+I40 -> 6234
