Workbook

Sheet TOTAL
A1: Site Name | B1: Day | C1: Month | D1: Year | E1: Total Electricity Kwh | F1: Electricity Tariff ($/Kwh) | G1: LPG (Kg) | H1: LPG $/Kg | I1: Total Fuel Oil (Liter) | J1: Fuel Oil $/Liter | K1: Water Utility Supply (m3) m3 | L1: Water Utility Supply (m3) $/m3 | M1: Room Nights | N1: Food Covers
A2: Bali Jimbaran | B2: 1 | C2: 8 | D2: 2022 | E2: ='FS Jimbaran Aug 2022'!P12 -> 12520 | F2: ='FS Jimbaran Aug 2022'!O12/'FS Jimbaran Aug 2022'!P12 -> 1208.6858 | G2: ='FS Jimbaran Aug 2022'!AG12 -> 184.99572 | H2: ='FS Jimbaran Aug 2022'!AH12/'FS Jimbaran Aug 2022'!AG12 -> 13836.788 | I2: ='FS Jimbaran Aug 2022'!AJ12 -> 787.73 | J2: ='FS Jimbaran Aug 2022'!AK12/'FS Jimbaran Aug 2022'!AJ12 -> 19600 | K2: ='FS Jimbaran Aug 2022'!V12 -> 1080.46 | L2: ='FS Jimbaran Aug 2022'!AA12/'FS Jimbaran Aug 2022'!V12 -> 5782.7776 | M2: ='RNs & Covers Aug 2022'!B6 -> 66 | N2: ='RNs & Covers Aug 2022'!C6 -> 516
A3: Bali Jimbaran | B3: =B2+1 -> 2 | C3: 8 | D3: 2022 | E3: ='FS Jimbaran Aug 2022'!P13 -> 21300 | F3: ='FS Jimbaran Aug 2022'!O13/'FS Jimbaran Aug 2022'!P13 -> 1134.0089 | G3: ='FS Jimbaran Aug 2022'!AG13 -> 138.64376 | H3: ='FS Jimbaran Aug 2022'!AH13/'FS Jimbaran Aug 2022'!AG13 -> 21788.934 | I3: ='FS Jimbaran Aug 2022'!AJ13 -> 466.3 | J3: ='FS Jimbaran Aug 2022'!AK13/'FS Jimbaran Aug 2022'!AJ13 -> 19600 | K3: ='FS Jimbaran Aug 2022'!V13 -> 958.53 | L3: ='FS Jimbaran Aug 2022'!AA13/'FS Jimbaran Aug 2022'!V13 -> 5048.0539 | M3: ='RNs & Covers Aug 2022'!B7 -> 65 | N3: ='RNs & Covers Aug 2022'!C7 -> 538
A4: Bali Jimbaran | B4: =B3+1 -> 3 | C4: 8 | D4: 2022 | E4: ='FS Jimbaran Aug 2022'!P14 -> 21120 | F4: ='FS Jimbaran Aug 2022'!O14/'FS Jimbaran Aug 2022'!P14 -> 1135.3365 | G4: ='FS Jimbaran Aug 2022'!AG14 -> 187.49308 | H4: ='FS Jimbaran Aug 2022'!AH14/'FS Jimbaran Aug 2022'!AG14 -> 17289.444 | I4: ='FS Jimbaran Aug 2022'!AJ14 -> 494.41 | J4: ='FS Jimbaran Aug 2022'!AK14/'FS Jimbaran Aug 2022'!AJ14 -> 19600 | K4: ='FS Jimbaran Aug 2022'!V14 -> 875.76 | L4: ='FS Jimbaran Aug 2022'!AA14/'FS Jimbaran Aug 2022'!V14 -> 5835.3085 | M4: ='RNs & Covers Aug 2022'!B8 -> 65 | N4: ='RNs & Covers Aug 2022'!C8 -> 561
A5: Bali Jimbaran | B5: =B4+1 -> 4 | C5: 8 | D5: 2022 | E5: ='FS Jimbaran Aug 2022'!P15 -> 21360 | F5: ='FS Jimbaran Aug 2022'!O15/'FS Jimbaran Aug 2022'!P15 -> 1137.1274 | G5: ='FS Jimbaran Aug 2022'!AG15 -> 252.78696 | H5: ='FS Jimbaran Aug 2022'!AH15/'FS Jimbaran Aug 2022'!AG15 -> 17261.175 | I5: ='FS Jimbaran Aug 2022'!AJ15 -> 488.53 | J5: ='FS Jimbaran Aug 2022'!AK15/'FS Jimbaran Aug 2022'!AJ15 -> 19600 | K5: ='FS Jimbaran Aug 2022'!V15 -> 772.52 | L5: ='FS Jimbaran Aug 2022'!AA15/'FS Jimbaran Aug 2022'!V15 -> 6348.2532 | M5: ='RNs & Covers Aug 2022'!B9 -> 61 | N5: ='RNs & Covers Aug 2022'!C9 -> 555
A6: Bali Jimbaran | B6: =B5+1 -> 5 | C6: 8 | D6: 2022 | E6: ='FS Jimbaran Aug 2022'!P16 -> 20728 | F6: ='FS Jimbaran Aug 2022'!O16/'FS Jimbaran Aug 2022'!P16 -> 1137.4192 | G6: ='FS Jimbaran Aug 2022'!AG16 -> 324.43044 | H6: ='FS Jimbaran Aug 2022'!AH16/'FS Jimbaran Aug 2022'!AG16 -> 15297.075 | I6: ='FS Jimbaran Aug 2022'!AJ16 -> 471.46 | J6: ='FS Jimbaran Aug 2022'!AK16/'FS Jimbaran Aug 2022'!AJ16 -> 19600 | K6: ='FS Jimbaran Aug 2022'!V16 -> 745.82 | L6: ='FS Jimbaran Aug 2022'!AA16/'FS Jimbaran Aug 2022'!V16 -> 5653.7451 | M6: ='RNs & Covers Aug 2022'!B10 -> 84 | N6: ='RNs & Covers Aug 2022'!C10 -> 649
A7: Bali Jimbaran | B7: =B6+1 -> 6 | C7: 8 | D7: 2022 | E7: ='FS Jimbaran Aug 2022'!P17 -> 21652 | F7: ='FS Jimbaran Aug 2022'!O17/'FS Jimbaran Aug 2022'!P17 -> 1142.2665 | G7: ='FS Jimbaran Aug 2022'!AG17 -> 506.27932 | H7: ='FS Jimbaran Aug 2022'!AH17/'FS Jimbaran Aug 2022'!AG17 -> 16854.434 | I7: ='FS Jimbaran Aug 2022'!AJ17 -> 110.93 | J7: ='FS Jimbaran Aug 2022'!AK17/'FS Jimbaran Aug 2022'!AJ17 -> 19600 | K7: ='FS Jimbaran Aug 2022'!V17 -> 880.21 | L7: ='FS Jimbaran Aug 2022'!AA17/'FS Jimbaran Aug 2022'!V17 -> 5480.32 | M7: ='RNs & Covers Aug 2022'!B11 -> 87 | N7: ='RNs & Covers Aug 2022'!C11 -> 771
A8: Bali Jimbaran | B8: =B7+1 -> 7 | C8: 8 | D8: 2022 | E8: ='FS Jimbaran Aug 2022'!P18 -> 20540 | F8: ='FS Jimbaran Aug 2022'!O18/'FS Jimbaran Aug 2022'!P18 -> 1137.6435 | G8: ='FS Jimbaran Aug 2022'!AG18 -> 501.76452 | H8: ='FS Jimbaran Aug 2022'!AH18/'FS Jimbaran Aug 2022'!AG18 -> 16511.848 | I8: ='FS Jimbaran Aug 2022'!AJ18 -> 48.72 | J8: ='FS Jimbaran Aug 2022'!AK18/'FS Jimbaran Aug 2022'!AJ18 -> 19600 | K8: ='FS Jimbaran Aug 2022'!V18 -> 808.12 | L8: ='FS Jimbaran Aug 2022'!AA18/'FS Jimbaran Aug 2022'!V18 -> 4245.18 | M8: ='RNs & Covers Aug 2022'!B12 -> 74 | N8: ='RNs & Covers Aug 2022'!C12 -> 664
A9: Bali Jimbaran | B9: =B8+1 -> 8 | C9: 8 | D9: 2022 | E9: ='FS Jimbaran Aug 2022'!P19 -> 19780 | F9: ='FS Jimbaran Aug 2022'!O19/'FS Jimbaran Aug 2022'!P19 -> 1136.3208 | G9: ='FS Jimbaran Aug 2022'!AG19 -> 662.64284 | H9: ='FS Jimbaran Aug 2022'!AH19/'FS Jimbaran Aug 2022'!AG19 -> 16752.375 | I9: ='FS Jimbaran Aug 2022'!AJ19 -> 67.53 | J9: ='FS Jimbaran Aug 2022'!AK19/'FS Jimbaran Aug 2022'!AJ19 -> 19600 | K9: ='FS Jimbaran Aug 2022'!V19 -> 896.23 | L9: ='FS Jimbaran Aug 2022'!AA19/'FS Jimbaran Aug 2022'!V19 -> 5676.3206 | M9: ='RNs & Covers Aug 2022'!B13 -> 81 | N9: ='RNs & Covers Aug 2022'!C13 -> 643
A10: Bali Jimbaran | B10: =B9+1 -> 9 | C10: 8 | D10: 2022 | E10: ='FS Jimbaran Aug 2022'!P20 -> 20340 | F10: ='FS Jimbaran Aug 2022'!O20/'FS Jimbaran Aug 2022'!P20 -> 1136.0989 | G10: ='FS Jimbaran Aug 2022'!AG20 -> 382.97536 | H10: ='FS Jimbaran Aug 2022'!AH20/'FS Jimbaran Aug 2022'!AG20 -> 16143.939 | I10: ='FS Jimbaran Aug 2022'!AJ20 -> 528.63 | J10: ='FS Jimbaran Aug 2022'!AK20/'FS Jimbaran Aug 2022'!AJ20 -> 19600 | K10: ='FS Jimbaran Aug 2022'!V20 -> 931.83 | L10: ='FS Jimbaran Aug 2022'!AA20/'FS Jimbaran Aug 2022'!V20 -> 5411.8977 | M10: ='RNs & Covers Aug 2022'!B14 -> 99 | N10: ='RNs & Covers Aug 2022'!C14 -> 679
A11: Bali Jimbaran | B11: =B10+1 -> 10 | C11: 8 | D11: 2022 | E11: ='FS Jimbaran Aug 2022'!P21 -> 20780 | F11: ='FS Jimbaran Aug 2022'!O21/'FS Jimbaran Aug 2022'!P21 -> 1134.9716 | G11: ='FS Jimbaran Aug 2022'!AG21 -> 204.5384 | H11: ='FS Jimbaran Aug 2022'!AH21/'FS Jimbaran Aug 2022'!AG21 -> 16172.072 | I11: ='FS Jimbaran Aug 2022'!AJ21 -> 421.16 | J11: ='FS Jimbaran Aug 2022'!AK21/'FS Jimbaran Aug 2022'!AJ21 -> 19600 | K11: ='FS Jimbaran Aug 2022'!V21 -> 937.17 | L11: ='FS Jimbaran Aug 2022'!AA21/'FS Jimbaran Aug 2022'!V21 -> 5692.0086 | M11: ='RNs & Covers Aug 2022'!B15 -> 93 | N11: ='RNs & Covers Aug 2022'!C15 -> 621
A12: Bali Jimbaran | B12: =B11+1 -> 11 | C12: 8 | D12: 2022 | E12: ='FS Jimbaran Aug 2022'!P22 -> 22300 | F12: ='FS Jimbaran Aug 2022'!O22/'FS Jimbaran Aug 2022'!P22 -> 1142.1449 | G12: ='FS Jimbaran Aug 2022'!AG22 -> 216.14248 | H12: ='FS Jimbaran Aug 2022'!AH22/'FS Jimbaran Aug 2022'!AG22 -> 17180 | I12: ='FS Jimbaran Aug 2022'!AJ22 -> 643.63 | J12: ='FS Jimbaran Aug 2022'!AK22/'FS Jimbaran Aug 2022'!AJ22 -> 19600 | K12: ='FS Jimbaran Aug 2022'!V22 -> 916.7 | L12: ='FS Jimbaran Aug 2022'!AA22/'FS Jimbaran Aug 2022'!V22 -> 6004.153 | M12: ='RNs & Covers Aug 2022'!B16 -> 92 | N12: ='RNs & Covers Aug 2022'!C16 -> 854
A13: Bali Jimbaran | B13: =B12+1 -> 12 | C13: 8 | D13: 2022 | E13: ='FS Jimbaran Aug 2022'!P23 -> 23820 | F13: ='FS Jimbaran Aug 2022'!O23/'FS Jimbaran Aug 2022'!P23 -> 1143.6194 | G13: ='FS Jimbaran Aug 2022'!AG23 -> 188.22844 | H13: ='FS Jimbaran Aug 2022'!AH23/'FS Jimbaran Aug 2022'!AG23 -> 19443.207 | I13: ='FS Jimbaran Aug 2022'!AJ23 -> 451.46 | J13: ='FS Jimbaran Aug 2022'!AK23/'FS Jimbaran Aug 2022'!AJ23 -> 19600 | K13: ='FS Jimbaran Aug 2022'!V23 -> 962.09 | L13: ='FS Jimbaran Aug 2022'!AA23/'FS Jimbaran Aug 2022'!V23 -> 5921.1673 | M13: ='RNs & Covers Aug 2022'!B17 -> 94 | N13: ='RNs & Covers Aug 2022'!C17 -> 907
A14: Bali Jimbaran | B14: =B13+1 -> 13 | C14: 8 | D14: 2022 | E14: ='FS Jimbaran Aug 2022'!P24 -> 23220 | F14: ='FS Jimbaran Aug 2022'!O24/'FS Jimbaran Aug 2022'!P24 -> 1133.4698 | G14: ='FS Jimbaran Aug 2022'!AG24 -> 269.6004 | H14: ='FS Jimbaran Aug 2022'!AH24/'FS Jimbaran Aug 2022'!AG24 -> 18837.278 | I14: ='FS Jimbaran Aug 2022'!AJ24 -> 434.39 | J14: ='FS Jimbaran Aug 2022'!AK24/'FS Jimbaran Aug 2022'!AJ24 -> 19600 | K14: ='FS Jimbaran Aug 2022'!V24 -> 936.28 | L14: ='FS Jimbaran Aug 2022'!AA24/'FS Jimbaran Aug 2022'!V24 -> 5210.6493 | M14: ='RNs & Covers Aug 2022'!B18 -> 96 | N14: ='RNs & Covers Aug 2022'!C18 -> 642
... A32: Bali Jimbaran | B32: =B31+1 -> 31 | C32: 8 | D32: 2022 | E32: ='FS Jimbaran Aug 2022'!P42 -> 30100 | F32: ='FS Jimbaran Aug 2022'!O42/'FS Jimbaran Aug 2022'!P42 -> 1119.0553 | G32: ='FS Jimbaran Aug 2022'!AG42 -> 163.8556 | H32: ='FS Jimbaran Aug 2022'!AH42/'FS Jimbaran Aug 2022'!AG42 -> 17221.744 | I32: ='FS Jimbaran Aug 2022'!AJ42 -> 497.86 | J32: ='FS Jimbaran Aug 2022'!AK42/'FS Jimbaran Aug 2022'!AJ42 -> 19600 | K32: ='FS Jimbaran Aug 2022'!V42 -> 905.13 | L32: ='FS Jimbaran Aug 2022'!AA42/'FS Jimbaran Aug 2022'!V42 -> 6040.1334 | M32: ='RNs & Covers Aug 2022'!B36 -> 133 | N32: ='RNs & Covers Aug 2022'!C36 -> 671

Sheet FS Jimbaran Aug 2022
B6: Four Seasons Resort Bali at Jimbaran Bay
B7: AUGUST 2022
B8: Date | C8: Room Nights | D8: Food Covers | E8: ELECTRICITY Resort & Sundara | V8: WATER | AC8: GAS
E9: Electricity Resort | J9: Electricity - Sundara | O9: Sub Total (Resort & Sundara) Cost (IDR) | P9: Sub Total (Resort & Sundara), KWh | Q9: Residences- Electricity KWh | R9: Residences- Electricity cost (IDR) | S9: TOTAL Electricity consumption (KWh) | T9: TOTAL Electricity cost | W9: Water (m3) | AA9: Total Water Cost | AC9: LPG | AJ9: Diesel
E10: BASED LOAD KWh (from 10 pm - 6 pm) | F10: Cost (IDR) | G10: PEAK LOAD KWh (from 6 pm - 10 pm) | H10: Cost (IDR) | I10: Resort Cost (IDR) | J10: BASED LOAD KWh (from 10 pm - 6 pm) | K10: Cost (IDR) | L10: PEAK LOAD KWh (from 6 pm - 10 pm) | M10: Cost (IDR) | N10: Sundara Cost (IDR) | T10: IDR | U10: USD | V10: Water consumption (m3) | W10: Municipal Water (m3) | X10: Municipal Water cost (IDR) | Y10: Deepwell Consumption (m3) | Z10: Deepwell water Cost (IDR) | AA10: IDR | AB10: USD | AC10: LPG Bulk (m3) | AD10: 50 Kg (tube) IVD & TW | AE10: Sundara 50 kg (tube) | AF10: 12 Kg (tube) | AG10: Total kg | AH10: IDR | AI10: USD | AJ10: Used (liters) | AK10: IDR | AL10: USD
AB11: 14522 | AC11: 16068.36 | AD11: 859000 | AE11: 859000 | AF11: 213000
B12: 1 | C12: 66 | D12: 516 | E12: 7440 | F12: 7706203.2 | G12: 3600 | H12: 5593212 | I12: =F12+H12 -> 13299415 | J12: 900 | K12: 932202 | L12: 580 | M12: 901128.6 | N12: =K12+M12 -> 1833330.6 | O12: =I12+N12 -> 15132746 | P12: =E12+G12+J12+L12 -> 12520 | U12: 0 | V12: =W12+Y12 -> 1080.46 | W12: 121.04 | X12: 2175149.3 | Y12: 959.42 | Z12: 4072910.6 | AA12: =X12+Z12 -> 6248059.9 | AB12: =AA12/$AB$11 -> 430.24789 | AC12: 0 | AD12: 90.14664 | AE12: 58.84908 | AF12: 36 | AG12: =AC12+AD12+AE12+AF12 -> 184.99572 | AH12: 2559746.5 | AI12: =AH12/14522 -> 176.2668 | AJ12: 787.73 | AK12: 15439508 | AL12: =AK12/14522 -> 1063.1806
B13: 2 | C13: 65 | D13: 538 | E13: 15480 | F13: 16033874 | G13: 3560 | H13: 5531065.2 | I13: =F13+H13 -> 21564940 | J13: 1780 | K13: 1843688.4 | L13: 480 | M13: 745761.6 | N13: =K13+M13 -> 2589450 | O13: =I13+N13 -> 24154390 | P13: =E13+G13+J13+L13 -> 21300 | U13: 0 | V13: =W13+Y13 -> 958.53 | W13: 56.07 | X13: 1007605.9 | Y13: 902.46 | Z13: 3831105.1 | AA13: =X13+Z13 -> 4838711.1 | AB13: =AA13/$AB$11 -> 333.19867 | AC13: 0 | AD13: 85.7964 | AE13: 52.84736 | AF13: 0 | AG13: =AC13+AD13+AE13+AF13 -> 138.64376 | AH13: 3020899.8 | AI13: =AH13/14522 -> 208.0223 | AJ13: 466.3 | AK13: 9139480 | AL13: =AK13/14522 -> 629.35408
B14: 3 | C14: 65 | D14: 561 | E14: 15320 | F14: 15868150 | G14: 3600 | H14: 5593212 | I14: =F14+H14 -> 21461362 | J14: 1740 | K14: 1802257.2 | L14: 460 | M14: 714688.2 | N14: =K14+M14 -> 2516945.4 | O14: =I14+N14 -> 23978307 | P14: =E14+G14+J14+L14 -> 21120 | U14: 0 | V14: =W14+Y14 -> 875.76 | W14: 101.46 | X14: 1823286.9 | Y14: 774.3 | Z14: 3287042.9 | AA14: =X14+Z14 -> 5110329.8 | AB14: =AA14/$AB$11 -> 351.90262 | AC14: 0 | AD14: 101.9084 | AE14: 49.58468 | AF14: 36 | AG14: =AC14+AD14+AE14+AF14 -> 187.49308 | AH14: 3241651.1 | AI14: =AH14/14522 -> 223.22346 | AJ14: 494.41 | AK14: 9690436 | AL14: =AK14/14522 -> 667.29349
B15: 4 | C15: 61 | D15: 555 | E15: 15280 | F15: 15826718 | G15: 3680 | H15: 5717505.6 | I15: =F15+H15 -> 21544224 | J15: 1900 | K15: 1967982 | L15: 500 | M15: 776835 | N15: =K15+M15 -> 2744817 | O15: =I15+N15 -> 24289041 | P15: =E15+G15+J15+L15 -> 21360 | U15: 0 | V15: =W15+Y15 -> 772.52 | W15: 118.37 | X15: 2127168.1 | Y15: 654.15 | Z15: 2776984.5 | AA15: =X15+Z15 -> 4904152.6 | AB15: =AA15/$AB$11 -> 337.70504 | AC15: 0 | AD15: 139.81188 | AE15: 76.97508 | AF15: 36 | AG15: =AC15+AD15+AE15+AF15 -> 252.78696 | AH15: 4363400 | AI15: =AH15/14522 -> 300.46825 | AJ15: 488.53 | AK15: 9575188 | AL15: =AK15/14522 -> 659.35739
B16: 5 | C16: 84 | D16: 649 | E16: 14960 | F16: 15495269 | G16: 3600 | H16: 5593212 | I16: =F16+H16 -> 21088481 | J16: 1700 | K16: 1760826 | L16: 468 | M16: 727117.56 | N16: =K16+M16 -> 2487943.6 | O16: =I16+N16 -> 23576424 | P16: =E16+G16+J16+L16 -> 20728 | U16: 0 | V16: =W16+Y16 -> 745.82 | W16: 76.54 | X16: 1375462.1 | Y16: 669.28 | Z16: 2841214.1 | AA16: =X16+Z16 -> 4216676.1 | AB16: =AA16/$AB$11 -> 290.3647 | AC16: 0 | AD16: 215 | AE16: 73.43044 | AF16: 36 | AG16: =AC16+AD16+AE16+AF16 -> 324.43044 | AH16: 4962836.8 | AI16: =AH16/14522 -> 341.74609 | AJ16: 471.46 | AK16: 9240616 | AL16: =AK16/14522 -> 636.31841
B17: 6 | C17: 87 | D17: 771 | E17: 15400 | F17: 15951012 | G17: 3960 | H17: 6152533.2 | I17: =F17+H17 -> 22103545 | J17: 1800 | K17: 1864404 | L17: 492 | M17: 764405.64 | N17: =K17+M17 -> 2628809.6 | O17: =I17+N17 -> 24732355 | P17: =E17+G17+J17+L17 -> 21652 | U17: 0 | V17: =W17+Y17 -> 880.21 | W17: 79.21 | X17: 1423443.3 | Y17: 801 | Z17: 3400389.2 | AA17: =X17+Z17 -> 4823832.5 | AB17: =AA17/$AB$11 -> 332.17411 | AC17: 339.88264 | AD17: 89.09936 | AE17: 77.29732 | AF17: 0 | AG17: =AC17+AD17+AE17+AF17 -> 506.27932 | AH17: 8533051.6 | AI17: =AH17/14522 -> 587.59479 | AJ17: 110.93 | AK17: 2174228 | AL17: =AK17/14522 -> 149.7196
B18: 7 | C18: 74 | D18: 664 | E18: 14720 | F18: 15246682 | G18: 3560 | H18: 5531065.2 | I18: =F18+H18 -> 20777747 | J18: 1780 | K18: 1843688.4 | L18: 480 | M18: 745761.6 | N18: =K18+M18 -> 2589450 | O18: =I18+N18 -> 23367197 | P18: =E18+G18+J18+L18 -> 20540 | U18: 0 | V18: =W18+Y18 -> 808.12 | W18: 0 | X18: 0 | Y18: 808.12 | Z18: 3430614.9 | AA18: =X18+Z18 -> 3430614.9 | AB18: =AA18/$AB$11 -> 236.2357 | AC18: 307.7392 | AD18: 107.30592 | AE18: 74.7194 | AF18: 12 | AG18: =AC18+AD18+AE18+AF18 -> 501.76452 | AH18: 8285059.2 | AI18: =AH18/14522 -> 570.51778 | AJ18: 48.72 | AK18: 954912 | AL18: =AK18/14522 -> 65.756232
B19: 8 | C19: 81 | D19: 643 | E19: 14400 | F19: 14915232 | G19: 3400 | H19: 5282478 | I19: =F19+H19 -> 20197710 | J19: 1540 | K19: 1595101.2 | L19: 440 | M19: 683614.8 | N19: =K19+M19 -> 2278716 | O19: =I19+N19 -> 22476426 | P19: =E19+G19+J19+L19 -> 19780 | U19: 0 | V19: =W19+Y19 -> 896.23 | W19: 93.45 | X19: 1679343.2 | Y19: 802.78 | Z19: 3407945.6 | AA19: =X19+Z19 -> 5087288.8 | AB19: =AA19/$AB$11 -> 350.31599 | AC19: 452.66664 | AD19: 119.4302 | AE19: 78.546 | AF19: 12 | AG19: =AC19+AD19+AE19+AF19 -> 662.64284 | AH19: 11100842 | AI19: =AH19/14522 -> 764.41548 | AJ19: 67.53 | AK19: 1323588 | AL19: =AK19/14522 -> 91.143644
B20: 9 | C20: 99 | D20: 679 | E20: 14680 | F20: 15205250 | G20: 3480 | H20: 5406771.6 | I20: =F20+H20 -> 20612022 | J20: 1720 | K20: 1781541.6 | L20: 460 | M20: 714688.2 | N20: =K20+M20 -> 2496229.8 | O20: =I20+N20 -> 23108252 | P20: =E20+G20+J20+L20 -> 20340 | U20: 0 | V20: =W20+Y20 -> 931.83 | W20: 79.21 | X20: 1423443.3 | Y20: 852.62 | Z20: 3619525.4 | AA20: =X20+Z20 -> 5042968.7 | AB20: =AA20/$AB$11 -> 347.26406 | AC20: 177.6348 | AD20: 112.5826 | AE20: 68.75796 | AF20: 24 | AG20: =AC20+AD20+AE20+AF20 -> 382.97536 | AH20: 6182730.7 | AI20: =AH20/14522 -> 425.74926 | AJ20: 528.63 | AK20: 10361148 | AL20: =AK20/14522 -> 713.47941
B21: 10 | C21: 93 | D21: 621 | E21: 14920 | F21: 15453838 | G21: 3520 | H21: 5468918.4 | I21: =F21+H21 -> 20922756 | J21: 1880 | K21: 1947266.4 | L21: 460 | M21: 714688.2 | N21: =K21+M21 -> 2661954.6 | O21: =I21+N21 -> 23584711 | P21: =E21+G21+J21+L21 -> 20780 | U21: 0 | V21: =W21+Y21 -> 937.17 | W21: 98.79 | X21: 1775305.7 | Y21: 838.38 | Z21: 3559074 | AA21: =X21+Z21 -> 5334379.7 | AB21: =AA21/$AB$11 -> 367.33093 | AC21: 0 | AD21: 123.82072 | AE21: 68.71768 | AF21: 12 | AG21: =AC21+AD21+AE21+AF21 -> 204.5384 | AH21: 3307809.7 | AI21: =AH21/14522 -> 227.77921 | AJ21: 421.16 | AK21: 8254736 | AL21: =AK21/14522 -> 568.42969
B22: 11 | C22: 92 | D22: 854 | E22: 15920 | F22: 16489618 | G22: 4080 | H22: 6338973.6 | I22: =F22+H22 -> 22828591 | J22: 1800 | K22: 1864404 | L22: 500 | M22: 776835 | N22: =K22+M22 -> 2641239 | O22: =I22+N22 -> 25469830 | P22: =E22+G22+J22+L22 -> 22300 | U22: 0 | V22: =W22+Y22 -> 916.7 | W22: 117.48 | X22: 2111174.3 | Y22: 799.22 | Z22: 3392832.8 | AA22: =X22+Z22 -> 5504007.1 | AB22: =AA22/$AB$11 -> 379.01164 | AC22: 0 | AD22: 146.29696 | AE22: 69.84552 | AF22: 0 | AG22: =AC22+AD22+AE22+AF22 -> 216.14248 | AH22: 3713327.8 | AI22: =AH22/14522 -> 255.70361 | AJ22: 643.63 | AK22: 12615148 | AL22: =AK22/14522 -> 868.69219
B23: 12 | C23: 94 | D23: 907 | E23: 16960 | F23: 17566829 | G23: 4360 | H23: 6774001.2 | I23: =F23+H23 -> 24340830 | J23: 1900 | K23: 1967982 | L23: 600 | M23: 932202 | N23: =K23+M23 -> 2900184 | O23: =I23+N23 -> 27241014 | P23: =E23+G23+J23+L23 -> 23820 | U23: 0 | V23: =W23+Y23 -> 962.09 | W23: 117.48 | X23: 2111174.3 | Y23: 844.61 | Z23: 3585521.5 | AA23: =X23+Z23 -> 5696695.8 | AB23: =AA23/$AB$11 -> 392.28039 | AC23: 0 | AD23: 119.51076 | AE23: 68.71768 | AF23: 0 | AG23: =AC23+AD23+AE23+AF23 -> 188.22844 | AH23: 3659764.6 | AI23: =AH23/14522 -> 252.01519 | AJ23: 451.46 | AK23: 8848616 | AL23: =AK23/14522 -> 609.32489
... B41: 30 | C41: 117 | D41: 395 | E41: 15120 | F41: 15660994 | G41: 3640 | H41: 5655358.8 | I41: =F41+H41 -> 21316352 | J41: 1640 | K41: 1698679.2 | L41: 480 | M41: 745761.6 | N41: =K41+M41 -> 2444440.8 | O41: =I41+N41 -> 23760793 | P41: =E41+G41+J41+L41 -> 20880 | U41: 0 | V41: =W41+Y41 -> 709.33 | W41: 84.55 | X41: 1519405.8 | Y41: 624.78 | Z41: 2652303.6 | AA41: =X41+Z41 -> 4171709.3 | AB41: =AA41/$AB$11 -> 287.26824 | AC41: 0 | AD41: 85.1922 | AE41: 61.427 | AF41: 0 | AG41: =AC41+AD41+AE41+AF41 -> 146.6192 | AH41: 2731917.9 | AI41: =AH41/14522 -> 188.1227 | AJ41: 530.29 | AK41: 10393684 | AL41: =AK41/14522 -> 715.71987
B42: 31 | C42: 133 | D42: 671 | E42: 22560 | F42: 23367197 | G42: 3800 | H42: 5903946 | I42: =F42+H42 -> 29271143 | J42: 2700 | K42: 2796606 | L42: 1040 | M42: 1615816.8 | N42: =K42+M42 -> 4412422.8 | O42: =I42+N42 -> 33683566 | P42: =E42+G42+J42+L42 -> 30100 | V42: =W42+Y42 -> 905.13 | W42: 118.37 | X42: 2127168.1 | Y42: 786.76 | Z42: 3339937.8 | AA42: =X42+Z42 -> 5467105.9 | AB42: =AA42/$AB$11 -> 376.47059 | AC42: 0 | AD42: 98.8874 | AE42: 52.9682 | AF42: 12 | AG42: =AC42+AD42+AE42+AF42 -> 163.8556 | AH42: 2821879.2 | AI42: =AH42/14522 -> 194.31753 | AJ42: 497.86 | AK42: 9758056 | AL42: =AK42/14522 -> 671.94987
AF43: 12
C46: =SUM(C12:C42) -> 2925 | D46: =SUM(D12:D42) -> 19272 | E46: =SUM(E12:E42) -> 470600 | F46: =SUM(F12:F42) -> 4.8743807e+08 | G46: =SUM(G12:G42) -> 114000 | H46: =SUM(H12:H42) -> 177118380 | I46: =SUM(I12:I42) -> 6.6455645e+08 | J46: =SUM(J12:J42) -> 53000 | ... P46: =SUM(P12:P42) -> 652580 | V46: =SUM(V12:V42) -> 25381.02 | W46: =SUM(W12:W42) -> 2842.66 | X46: =SUM(X12:X42) -> 51084022 | Y46: =SUM(Y12:Y42) -> 22538.36 | Z46: =SUM(Z12:Z42) -> 95679395 | AA46: =SUM(AA12:AA42) -> 1.4676342e+08 | AB46: =SUM(AB12:AB42) -> 10106.281 | AC46: =SUM(AC12:AC41) -> 1277.9233 | AD46: =SUM(AD12:AD41) -> 3518.032 | AE46: =SUM(AE12:AE42) -> 2053.6355 | AF46: =SUM(AF12:AF42) -> 636 | AG46: =SUM(AG12:AG42) -> 7584.4782 | AH46: =SUM(AH12:AH42) -> 1.2883556e+08 | AI46: =AH46/$AL$47 -> 9928.689 | AJ46: =SUM(AJ12:AJ42) -> 14383.99 | AK46: =SUM(AK12:AK42) -> 2.819262e+08 | AL46: =AK46/AL47 -> 21726.591
T47: kWh rate | U47: =U46/S46 -> #DIV/0! | V47: m3/RNs | AL47: 12976.09
P48: =O46/P46 -> 1138.139 | AA48: =AA46/V46 -> 5782.4081 | AH48: =AH46/AG46 -> 16986.74 | AK48: =AK46/AJ46 -> 19600

Sheet RNs & Covers Aug 2022
A1: Four Seasons Resort Bali at Jimbaran Bay
A2: 44774
A3: Date | B3: Room Nights | C3: Food Covers
A6: 1 | B6: 66 | C6: 516
A7: 2 | B7: 65 | C7: 538
A8: =A7+1 -> 3 | B8: 65 | C8: 561
A9: =A8+1 -> 4 | B9: 61 | C9: 555
A10: =A9+1 -> 5 | B10: 84 | C10: 649
A11: =A10+1 -> 6 | B11: 87 | C11: 771
A12: =A11+1 -> 7 | B12: 74 | C12: 664
A13: =A12+1 -> 8 | B13: 81 | C13: 643
A14: =A13+1 -> 9 | B14: 99 | C14: 679
A15: =A14+1 -> 10 | B15: 93 | C15: 621
A16: =A15+1 -> 11 | B16: 92 | C16: 854
A17: =A16+1 -> 12 | B17: 94 | C17: 907
A18: =A17+1 -> 13 | B18: 96 | C18: 642
A19: =A18+1 -> 14 | B19: 81 | C19: 647
... A36: =A35+1 -> 31 | B36: 133 | C36: 671
B37: =SUM(B6:B36) -> 2925 | C37: =SUM(C6:C36) -> 19272
