Workbook

Sheet TOTAL
A1: Site Name | B1: Day | C1: Month | D1: Year | E1: Total Electricity Kwh | F1: Electricity Tariff ($/Kwh) | G1: Natual Gas (m3) | H1: Natural Gas $/m3 | I1: Water Utility Supply (m3) m3 | J1: Water Utility Supply (m3) $/m3 | K1: Room Nights | L1: Total Guests | M1: Utilities day cost dh
A2: Mumbai | B2: 1 | C2: 8 | D2: 2022 | E2: =(IF('Daily HLP'!H4>0,'Daily HLP'!H4,0)) -> 25783 | F2: 9 | G2: =(IF('Daily HLP'!L4>0,'Daily HLP'!L4,0)) -> 1063.6 | H2: 75 | I2: =(IF('Daily HLP'!O4>0,'Daily HLP'!O4,0)) -> 182 | J2: 100 | K2: =Occupancy!G2 -> 119 | L2: =Occupancy!F2 -> 306 | M2: =E2*F2+G2*H2+#REF!*#REF!+I2*J2 -> #REF!
A3: Mumbai | B3: =B2+1 -> 2 | C3: 8 | D3: 2022 | E3: =(IF('Daily HLP'!H5>0,'Daily HLP'!H5,0)) -> 25845 | F3: 9 | G3: =(IF('Daily HLP'!L5>0,'Daily HLP'!L5,0)) -> 1000.7 | H3: 75 | I3: =(IF('Daily HLP'!O5>0,'Daily HLP'!O5,0)) -> 231 | J3: 100 | K3: =Occupancy!G3 -> 130 | L3: =Occupancy!F3 -> 406 | M3: =E3*F3+G3*H3+#REF!*#REF!+I3*J3 -> #REF!
A4: Mumbai | B4: =B3+1 -> 3 | C4: 8 | D4: 2022 | E4: =(IF('Daily HLP'!H6>0,'Daily HLP'!H6,0)) -> 28055 | F4: 9 | G4: =(IF('Daily HLP'!L6>0,'Daily HLP'!L6,0)) -> 979.2 | H4: 75 | I4: =(IF('Daily HLP'!O6>0,'Daily HLP'!O6,0)) -> 155 | J4: 100 | K4: =Occupancy!G4 -> 140 | L4: =Occupancy!F4 -> 744 | M4: =E4*F4+G4*H4+#REF!*#REF!+I4*J4 -> #REF!
A5: Mumbai | B5: =B4+1 -> 4 | C5: 8 | D5: 2022 | E5: =(IF('Daily HLP'!H7>0,'Daily HLP'!H7,0)) -> 25892 | F5: 9 | G5: =(IF('Daily HLP'!L7>0,'Daily HLP'!L7,0)) -> 1002.3 | H5: 75 | I5: =(IF('Daily HLP'!O7>0,'Daily HLP'!O7,0)) -> 183 | J5: 100 | K5: =Occupancy!G5 -> 147 | L5: =Occupancy!F5 -> 534 | M5: =E5*F5+G5*H5+#REF!*#REF!+I5*J5 -> #REF!
A6: Mumbai | B6: =B5+1 -> 5 | C6: 8 | D6: 2022 | E6: =(IF('Daily HLP'!H8>0,'Daily HLP'!H8,0)) -> 27118 | F6: 9 | G6: =(IF('Daily HLP'!L8>0,'Daily HLP'!L8,0)) -> 1047.2 | H6: 75 | I6: =(IF('Daily HLP'!O8>0,'Daily HLP'!O8,0)) -> 192 | J6: 100 | K6: =Occupancy!G6 -> 143 | L6: =Occupancy!F6 -> 428 | M6: =E6*F6+G6*H6+#REF!*#REF!+I6*J6 -> #REF!
A7: Mumbai | B7: =B6+1 -> 6 | C7: 8 | D7: 2022 | E7: =(IF('Daily HLP'!H9>0,'Daily HLP'!H9,0)) -> 26156 | F7: 9 | G7: =(IF('Daily HLP'!L9>0,'Daily HLP'!L9,0)) -> 981 | H7: 75 | I7: =(IF('Daily HLP'!O9>0,'Daily HLP'!O9,0)) -> 247 | J7: 100 | K7: =Occupancy!G7 -> 138 | L7: =Occupancy!F7 -> 596 | M7: =E7*F7+G7*H7+#REF!*#REF!+I7*J7 -> #REF!
A8: Mumbai | B8: =B7+1 -> 7 | C8: 8 | D8: 2022 | E8: =(IF('Daily HLP'!H10>0,'Daily HLP'!H10,0)) -> 25917 | F8: 9 | G8: =(IF('Daily HLP'!L10>0,'Daily HLP'!L10,0)) -> 1066 | H8: 75 | I8: =(IF('Daily HLP'!O10>0,'Daily HLP'!O10,0)) -> 287 | J8: 100 | K8: =Occupancy!G8 -> 125 | L8: =Occupancy!F8 -> 315 | M8: =E8*F8+G8*H8+#REF!*#REF!+I8*J8 -> #REF!
A9: Mumbai | B9: =B8+1 -> 8 | C9: 8 | D9: 2022 | E9: =(IF('Daily HLP'!H11>0,'Daily HLP'!H11,0)) -> 27220.03 | F9: 9 | G9: =(IF('Daily HLP'!L11>0,'Daily HLP'!L11,0)) -> 1037 | H9: 75 | I9: =(IF('Daily HLP'!O11>0,'Daily HLP'!O11,0)) -> 212 | J9: 100 | K9: =Occupancy!G9 -> 140 | L9: =Occupancy!F9 -> 361 | M9: =E9*F9+G9*H9+#REF!*#REF!+I9*J9 -> #REF!
A10: Mumbai | B10: =B9+1 -> 9 | C10: 8 | D10: 2022 | E10: =(IF('Daily HLP'!H12>0,'Daily HLP'!H12,0)) -> 27199.28 | F10: 9 | G10: =(IF('Daily HLP'!L12>0,'Daily HLP'!L12,0)) -> 1078.74 | H10: 75 | I10: =(IF('Daily HLP'!O12>0,'Daily HLP'!O12,0)) -> 84 | J10: 100 | K10: =Occupancy!G10 -> 125 | L10: =Occupancy!F10 -> 667 | M10: =E10*F10+G10*H10+#REF!*#REF!+I10*J10 -> #REF!
A11: Mumbai | B11: =B10+1 -> 10 | C11: 8 | D11: 2022 | E11: =(IF('Daily HLP'!H13>0,'Daily HLP'!H13,0)) -> 27516.88 | F11: 9 | G11: =(IF('Daily HLP'!L13>0,'Daily HLP'!L13,0)) -> 1150.34 | H11: 75 | I11: =(IF('Daily HLP'!O13>0,'Daily HLP'!O13,0)) -> 220 | J11: 100 | K11: =Occupancy!G11 -> 102 | L11: =Occupancy!F11 -> 795 | M11: =E11*F11+G11*H11+#REF!*#REF!+I11*J11 -> #REF!
A12: Mumbai | B12: =B11+1 -> 11 | C12: 8 | D12: 2022 | E12: =(IF('Daily HLP'!H14>0,'Daily HLP'!H14,0)) -> 25770.81 | F12: 9 | G12: =(IF('Daily HLP'!L14>0,'Daily HLP'!L14,0)) -> 1023.92 | H12: 75 | I12: =(IF('Daily HLP'!O14>0,'Daily HLP'!O14,0)) -> 180 | J12: 100 | K12: =Occupancy!G12 -> 96 | L12: =Occupancy!F12 -> 363 | M12: =E12*F12+G12*H12+#REF!*#REF!+I12*J12 -> #REF!
A13: Mumbai | B13: =B12+1 -> 12 | C13: 8 | D13: 2022 | E13: =(IF('Daily HLP'!H15>0,'Daily HLP'!H15,0)) -> 26500 | F13: 9 | G13: =(IF('Daily HLP'!L15>0,'Daily HLP'!L15,0)) -> 1049 | H13: 75 | I13: =(IF('Daily HLP'!O15>0,'Daily HLP'!O15,0)) -> 205 | J13: 100 | K13: =Occupancy!G13 -> 123 | L13: =Occupancy!F13 -> 0 | M13: =E13*F13+G13*H13+#REF!*#REF!+I13*J13 -> #REF!
A14: Mumbai | B14: =B13+1 -> 13 | C14: 8 | D14: 2022 | E14: =(IF('Daily HLP'!H16>0,'Daily HLP'!H16,0)) -> 26500 | F14: 9 | G14: =(IF('Daily HLP'!L16>0,'Daily HLP'!L16,0)) -> 1094.079 | H14: 75 | I14: =(IF('Daily HLP'!O16>0,'Daily HLP'!O16,0)) -> 210 | J14: 100 | K14: =Occupancy!G14 -> 124 | L14: =Occupancy!F14 -> 575 | M14: =E14*F14+G14*H14+#REF!*#REF!+I14*J14 -> #REF!
... A31: Mumbai | B31: =B30+1 -> 30 | C31: 8 | D31: 2022 | E31: =(IF('Daily HLP'!H33>0,'Daily HLP'!H33,0)) -> 24007 | F31: 9 | G31: =(IF('Daily HLP'!L33>0,'Daily HLP'!L33,0)) -> 905 | H31: 75 | I31: =(IF('Daily HLP'!O33>0,'Daily HLP'!O33,0)) -> 200 | J31: 100 | K31: =Occupancy!G31 -> 78 | L31: =Occupancy!F31 -> 291 | M31: =E31*F31+G31*H31+#REF!*#REF!+I31*J31 -> #REF!
A32: Mumbai | B32: =B31+1 -> 31 | C32: 8 | D32: 2022 | E32: =(IF('Daily HLP'!H34>0,'Daily HLP'!H34,0)) -> 24915 | F32: 9 | G32: =(IF('Daily HLP'!L34>0,'Daily HLP'!L34,0)) -> 874.6 | H32: 75 | I32: =(IF('Daily HLP'!O34>0,'Daily HLP'!O34,0)) -> 181 | J32: 100 | K32: =Occupancy!G32 -> 0 | L32: =Occupancy!F32 -> 0

Sheet Submetering
A1: Site Name | B1: Day | C1: Month | D1: Year | E1: ='Section Load'!F4 -> HVAC | F1: ='Section Load'!G4 -> Fire & Emergency PP | G1: ='Section Load'!H4 -> Main PP | H1: ='Section Load'!I4 -> Lighting PP | I1: ='Section Load'!J4 -> CH-1+ CH2+CH3+CH4 | J1: ='Section Load'!K4 -> Chilled water Pump | K1: ='Section Load'!L4 -> Ball Room-1 | L1: ='Section Load'!M4 -> Ball Room-2 | ... AL1: ='Section Load'!AM4 -> Cooling Tower | AM1: R.o.plant | AN1: STP Water Prod | AO1: Domestic Zone-1 | AP1: Domestic Zone-2 | AQ1: Domestic Zone-3 | AR1: Flush Zone -1 | AS1: Flush Zone -2 | AT1: Flush Zone -3 | AU1: Swimming pool | AV1: B2 Laundry | AW1: Boiler Feed Water | AX1: cooling tower filling water | AY1: STP flush(new water meter) | AZ1: Garden Water Pump | BA1: Flush Zone 2 pump meter | BB1: Flush Zone 3 Pump Meter (wtp transfer ) | BC1: Flush Tanker-Zone-1 | BD1: Total Domestic Water (Tanker (R.O) +BMC) | BE1: Total Domestic Consumption | BF1: Total STP Consumption | BG1: ='Section Load'!AN4 -> MGL | BH1: ='Section Load'!AO4 -> HWG | BI1: ='Section Load'!AP4 -> Prato | BJ1: ='Section Load'!AQ4 -> BR-1 | BK1: ='Section Load'!AR4 -> SanQi IND | BL1: ='Section Load'!AS4 -> SanQi JPN | BM1: ='Section Load'!AT4 -> Boiler
A2: Mumbai | B2: 1 | C2: 8 | D2: 2022 | E2: =(IF('Section Load'!F5>0,'Section Load'!F5,0)) -> 4229.35 | F2: =(IF('Section Load'!G5>0,'Section Load'!G5,0)) -> 1127.2 | G2: =(IF('Section Load'!H5>0,'Section Load'!H5,0)) -> 2260.06 | H2: =(IF('Section Load'!I5>0,'Section Load'!I5,0)) -> 4348.86 | I2: =(IF('Section Load'!J5>0,'Section Load'!J5,0)) -> 6923.3 | J2: =(IF('Section Load'!K5>0,'Section Load'!K5,0)) -> 3125.45 | K2: =(IF('Section Load'!L5>0,'Section Load'!L5,0)) -> 1020.39 | L2: =(IF('Section Load'!M5>0,'Section Load'!M5,0)) -> 620.19 | ... AL2: =(IF('Section Load'!AM5>0,'Section Load'!AM5,0)) -> 0 | AM2: =(IF('Water Report'!$D$7>0,'Water Report'!$D$7,0)) -> 97 | AN2: =(IF('Water Report'!$D$8>0,'Water Report'!$D$8,0)) -> 177 | AO2: =(IF('Water Report'!$D$9>0,'Water Report'!$D$9,0)) -> 92 | AP2: =(IF('Water Report'!$D$10>0,'Water Report'!$D$10,0)) -> 25 | AQ2: =(IF('Water Report'!$D$11>0,'Water Report'!$D$11,0)) -> 0 | AR2: =(IF('Water Report'!$D$13>0,'Water Report'!$D$13,0)) -> 18 | AS2: =(IF('Water Report'!$D$14>0,'Water Report'!$D$14,0)) -> 10 | AT2: =(IF('Water Report'!$D$15>0,'Water Report'!$D$15,0)) -> 6 | AU2: =(IF('Water Report'!$D$17>0,'Water Report'!$D$17,0)) -> 0 | AV2: =(IF('Water Report'!$D$18>0,'Water Report'!$D$18,0)) -> 13 | AW2: =(IF('Water Report'!$D$19>0,'Water Report'!$D$19,0)) -> 11 | AX2: =(IF('Water Report'!$D$21>0,'Water Report'!$D$21,0)) -> 109 | AY2: =(IF('Water Report'!$D$22>0,'Water Report'!$D$22,0)) -> 0 | AZ2: =(IF('Water Report'!$D$23>0,'Water Report'!$D$23,0)) -> 7 | BA2: =(IF('Water Report'!$D$14>0,'Water Report'!$D$14,0)) -> 10 | BB2: =(IF('Water Report'!$D$15>0,'Water Report'!$D$15,0)) -> 6 | BC2: =(IF('Water Report'!$D$13>0,'Water Report'!$D$13,0)) -> 18 | BD2: =(IF('Water Report'!$D$24>0,'Water Report'!$D$24,0)) -> 182 | BE2: =(IF('Water Report'!$D$25>0,'Water Report'!$D$25,0)) -> 133 | BF2: =(IF('Water Report'!$D$27>0,'Water Report'!$D$27,0)) -> 134 | BG2: =(IF('Section Load'!AN5>0,'Section Load'!AN5,0)) -> 1063.6 | BH2: =(IF('Section Load'!AO5>0,'Section Load'!AO5,0)) -> 308.04 | BI2: =(IF('Section Load'!AP5>0,'Section Load'!AP5,0)) -> 0 | BJ2: =(IF('Section Load'!AQ5>0,'Section Load'!AQ5,0)) -> 116.7 | BK2: =(IF('Section Load'!AR5>0,'Section Load'!AR5,0)) -> 43 | BL2: =(IF('Section Load'!AS5>0,'Section Load'!AS5,0)) -> 0 | BM2: =(IF('Section Load'!AT5>0,'Section Load'!AT5,0)) -> 596.66
A3: Mumbai | B3: =B2+1 -> 2 | C3: 8 | D3: 2022 | E3: =(IF('Section Load'!F6>0,'Section Load'!F6,0)) -> 4402.7 | F3: =(IF('Section Load'!G6>0,'Section Load'!G6,0)) -> 1083.31 | G3: =(IF('Section Load'!H6>0,'Section Load'!H6,0)) -> 2221.05 | H3: =(IF('Section Load'!I6>0,'Section Load'!I6,0)) -> 4423.63 | I3: =(IF('Section Load'!J6>0,'Section Load'!J6,0)) -> 6103.42 | J3: =(IF('Section Load'!K6>0,'Section Load'!K6,0)) -> 2942.62 | K3: =(IF('Section Load'!L6>0,'Section Load'!L6,0)) -> 1053.84 | L3: =(IF('Section Load'!M6>0,'Section Load'!M6,0)) -> 775.66 | ... AL3: =(IF('Section Load'!AM6>0,'Section Load'!AM6,0)) -> 0 | AM3: =(IF('Water Report'!$E$7>0,'Water Report'!$E$7,0)) -> 97 | AN3: =(IF('Water Report'!$E$8>0,'Water Report'!$E$8,0)) -> 147 | AO3: =(IF('Water Report'!$E$9>0,'Water Report'!$E$9,0)) -> 103 | AP3: =(IF('Water Report'!$E$10>0,'Water Report'!$E$10,0)) -> 17 | AQ3: =(IF('Water Report'!$E$11>0,'Water Report'!$E$11,0)) -> 0 | AR3: =(IF('Water Report'!$E$13>0,'Water Report'!$E$13,0)) -> 34 | AS3: =(IF('Water Report'!$E$14>0,'Water Report'!$E$14,0)) -> 3 | AT3: =(IF('Water Report'!$E$15>0,'Water Report'!$E$15,0)) -> 11 | AU3: =(IF('Water Report'!$E$17>0,'Water Report'!$E$17,0)) -> 5 | AV3: =(IF('Water Report'!$E$18>0,'Water Report'!$E$18,0)) -> 13 | AW3: =(IF('Water Report'!$E$19>0,'Water Report'!$E$19,0)) -> 12 | AX3: =(IF('Water Report'!$E$21>0,'Water Report'!$E$21,0)) -> 85 | AY3: =(IF('Water Report'!$E$22>0,'Water Report'!$E$22,0)) -> 0 | AZ3: =(IF('Water Report'!$E$23>0,'Water Report'!$E$23,0)) -> 0 | BA3: =(IF('Water Report'!$E$14>0,'Water Report'!$E$14,0)) -> 3 | BB3: =(IF('Water Report'!$E$15>0,'Water Report'!$E$15,0)) -> 11 | BC3: =(IF('Water Report'!$E$13>0,'Water Report'!$E$13,0)) -> 34 | BD3: =(IF('Water Report'!$E$24>0,'Water Report'!$E$24,0)) -> 231 | BE3: =(IF('Water Report'!$E$25>0,'Water Report'!$E$25,0)) -> 134 | BF3: =(IF('Water Report'!$E$27>0,'Water Report'!$E$27,0)) -> 119 | BG3: =(IF('Section Load'!AN6>0,'Section Load'!AN6,0)) -> 1000.7 | BH3: =(IF('Section Load'!AO6>0,'Section Load'!AO6,0)) -> 286.33 | BI3: =(IF('Section Load'!AP6>0,'Section Load'!AP6,0)) -> 0.8 | BJ3: =(IF('Section Load'!AQ6>0,'Section Load'!AQ6,0)) -> 112.3 | BK3: =(IF('Section Load'!AR6>0,'Section Load'!AR6,0)) -> 50.8 | BL3: =(IF('Section Load'!AS6>0,'Section Load'!AS6,0)) -> 0 | BM3: =(IF('Section Load'!AT6>0,'Section Load'!AT6,0)) -> 550.47
A4: Mumbai | B4: =B3+1 -> 3 | C4: 8 | D4: 2022 | E4: =(IF('Section Load'!F7>0,'Section Load'!F7,0)) -> 4074.19 | F4: =(IF('Section Load'!G7>0,'Section Load'!G7,0)) -> 1091.69 | G4: =(IF('Section Load'!H7>0,'Section Load'!H7,0)) -> 2247.12 | H4: =(IF('Section Load'!I7>0,'Section Load'!I7,0)) -> 4283.96 | I4: =(IF('Section Load'!J7>0,'Section Load'!J7,0)) -> 7359.41 | J4: =(IF('Section Load'!K7>0,'Section Load'!K7,0)) -> 3175.12 | K4: =(IF('Section Load'!L7>0,'Section Load'!L7,0)) -> 1586.54 | L4: =(IF('Section Load'!M7>0,'Section Load'!M7,0)) -> 1174.12 | ... AL4: =(IF('Section Load'!AM7>0,'Section Load'!AM7,0)) -> 0 | AM4: =(IF('Water Report'!$F$7>0,'Water Report'!$F$7,0)) -> 101 | AN4: =(IF('Water Report'!$F$8>0,'Water Report'!$F$8,0)) -> 116 | AO4: =(IF('Water Report'!$F$9>0,'Water Report'!$G$9,0)) -> 108 | AP4: =(IF('Water Report'!$F$10>0,'Water Report'!$F$10,0)) -> 20 | AQ4: =(IF('Water Report'!$F$11>0,'Water Report'!$F$11,0)) -> 0 | AR4: =(IF('Water Report'!$F$13>0,'Water Report'!$F$13,0)) -> 17 | AS4: =(IF('Water Report'!$F$14>0,'Water Report'!$F$14,0)) -> 3 | AT4: =(IF('Water Report'!$F$15>0,'Water Report'!$F$15,0)) -> 6 | AU4: =(IF('Water Report'!$F$17>0,'Water Report'!$F$17,0)) -> 0 | AV4: =(IF('Water Report'!$F$18>0,'Water Report'!$F$18,0)) -> 13 | AW4: =(IF('Water Report'!$F$19>0,'Water Report'!$F$19,0)) -> 12 | AX4: =(IF('Water Report'!$F$21>0,'Water Report'!$F$21,0)) -> 110 | AY4: =(IF('Water Report'!$F$22>0,'Water Report'!$F$22,0)) -> 0 | AZ4: =(IF('Water Report'!$F$23>0,'Water Report'!$F$23,0)) -> 0 | BA4: =(IF('Water Report'!$F$14>0,'Water Report'!$F$14,0)) -> 3 | BB4: =(IF('Water Report'!$F$15>0,'Water Report'!$F$15,0)) -> 6 | BC4: =(IF('Water Report'!$F$13>0,'Water Report'!$F$13,0)) -> 17 | BD4: =(IF('Water Report'!$F$24>0,'Water Report'!$F$24,0)) -> 155 | BE4: =(IF('Water Report'!$F$25>0,'Water Report'!$F$25,0)) -> 133 | BF4: =(IF('Water Report'!$F$27>0,'Water Report'!$F$27,0)) -> 127 | BG4: =(IF('Section Load'!AN7>0,'Section Load'!AN7,0)) -> 979.2 | BH4: =(IF('Section Load'!AO7>0,'Section Load'!AO7,0)) -> 281.28 | BI4: =(IF('Section Load'!AP7>0,'Section Load'!AP7,0)) -> 0 | BJ4: =(IF('Section Load'!AQ7>0,'Section Load'!AQ7,0)) -> 108 | BK4: =(IF('Section Load'!AR7>0,'Section Load'!AR7,0)) -> 48.2 | BL4: =(IF('Section Load'!AS7>0,'Section Load'!AS7,0)) -> 0 | BM4: =(IF('Section Load'!AT7>0,'Section Load'!AT7,0)) -> 542.52
A5: Mumbai | B5: =B4+1 -> 4 | C5: 8 | D5: 2022 | E5: =(IF('Section Load'!F8>0,'Section Load'!F8,0)) -> 4185.75 | F5: =(IF('Section Load'!G8>0,'Section Load'!G8,0)) -> 1113.08 | G5: =(IF('Section Load'!H8>0,'Section Load'!H8,0)) -> 2254.15 | H5: =(IF('Section Load'!I8>0,'Section Load'!I8,0)) -> 4351.13 | I5: =(IF('Section Load'!J8>0,'Section Load'!J8,0)) -> 6053.68 | J5: =(IF('Section Load'!K8>0,'Section Load'!K8,0)) -> 3159 | K5: =(IF('Section Load'!L8>0,'Section Load'!L8,0)) -> 1123.22 | L5: =(IF('Section Load'!M8>0,'Section Load'!M8,0)) -> 810.58 | ... AL5: =(IF('Section Load'!AM8>0,'Section Load'!AM8,0)) -> 0 | AM5: =(IF('Water Report'!$G$7>0,'Water Report'!$F$7,0)) -> 101 | AN5: =(IF('Water Report'!$G$8>0,'Water Report'!$F$8,0)) -> 116 | AO5: =(IF('Water Report'!$G$9>0,'Water Report'!$H$9,0)) -> 102 | AP5: =(IF('Water Report'!$G$10>0,'Water Report'!$G$10,0)) -> 22 | AQ5: =(IF('Water Report'!$G$11>0,'Water Report'!$G$11,0)) -> 0 | AR5: =(IF('Water Report'!$G$13>0,'Water Report'!$G$13,0)) -> 19 | AS5: =(IF('Water Report'!$G$14>0,'Water Report'!$G$14,0)) -> 2 | AT5: =(IF('Water Report'!$G$15>0,'Water Report'!$G$15,0)) -> 14 | AU5: =(IF('Water Report'!$G$17>0,'Water Report'!$G$17,0)) -> 5 | AV5: =(IF('Water Report'!$G$18>0,'Water Report'!$G$18,0)) -> 15 | AW5: =(IF('Water Report'!$G$19>0,'Water Report'!$G$19,0)) -> 12 | AX5: =(IF('Water Report'!$G$21>0,'Water Report'!$G$21,0)) -> 65 | AY5: =(IF('Water Report'!$G$22>0,'Water Report'!$G$22,0)) -> 0 | AZ5: =(IF('Water Report'!$G$23>0,'Water Report'!$G$23,0)) -> 0 | BA5: =(IF('Water Report'!$G$14>0,'Water Report'!$G$14,0)) -> 2 | BB5: =(IF('Water Report'!$G$15>0,'Water Report'!$G$15,0)) -> 14 | BC5: =(IF('Water Report'!$G$13>0,'Water Report'!$G$13,0)) -> 19 | BD5: =(IF('Water Report'!$G$24>0,'Water Report'!$G$24,0)) -> 183 | BE5: =(IF('Water Report'!$G$25>0,'Water Report'!$G$25,0)) -> 146 | BF5: =(IF('Water Report'!$G$27>0,'Water Report'!$G$27,0)) -> 84 | BG5: =(IF('Section Load'!AN8>0,'Section Load'!AN8,0)) -> 1002.3 | BH5: =(IF('Section Load'!AO8>0,'Section Load'!AO8,0)) -> 292.35 | BI5: =(IF('Section Load'!AP8>0,'Section Load'!AP8,0)) -> 0 | BJ5: =(IF('Section Load'!AQ8>0,'Section Load'!AQ8,0)) -> 106 | BK5: =(IF('Section Load'!AR8>0,'Section Load'!AR8,0)) -> 44 | BL5: =(IF('Section Load'!AS8>0,'Section Load'!AS8,0)) -> 0 | BM5: =(IF('Section Load'!AT8>0,'Section Load'!AT8,0)) -> 559.95
A6: Mumbai | B6: =B5+1 -> 5 | C6: 8 | D6: 2022 | E6: =(IF('Section Load'!F9>0,'Section Load'!F9,0)) -> 4350.01 | F6: =(IF('Section Load'!G9>0,'Section Load'!G9,0)) -> 1100.41 | G6: =(IF('Section Load'!H9>0,'Section Load'!H9,0)) -> 2239.38 | H6: =(IF('Section Load'!I9>0,'Section Load'!I9,0)) -> 4215.42 | I6: =(IF('Section Load'!J9>0,'Section Load'!J9,0)) -> 6662.02 | J6: =(IF('Section Load'!K9>0,'Section Load'!K9,0)) -> 3388.81 | K6: =(IF('Section Load'!L9>0,'Section Load'!L9,0)) -> 1030.01 | L6: =(IF('Section Load'!M9>0,'Section Load'!M9,0)) -> 1153.45 | ... AL6: =(IF('Section Load'!AM9>0,'Section Load'!AM9,0)) -> 0 | AM6: =(IF('Water Report'!$H$7>0,'Water Report'!$H$7,0)) -> 106 | AN6: =(IF('Water Report'!$H$8>0,'Water Report'!$H$8,0)) -> 137 | AO6: =(IF('Water Report'!$H$9>0,'Water Report'!$H$9,0)) -> 102 | AP6: =(IF('Water Report'!$H$10>0,'Water Report'!$H$10,0)) -> 25 | AQ6: =(IF('Water Report'!$H$11>0,'Water Report'!$H$11,0)) -> 0 | AR6: =(IF('Water Report'!$H$13>0,'Water Report'!$H$13,0)) -> 17 | AS6: =(IF('Water Report'!$H$14>0,'Water Report'!$H$14,0)) -> 12 | AT6: =(IF('Water Report'!$H$15>0,'Water Report'!$H$15,0)) -> 11 | AU6: =(IF('Water Report'!$H$17>0,'Water Report'!$H$17,0)) -> 0 | AV6: =(IF('Water Report'!$H$18>0,'Water Report'!$H$18,0)) -> 14 | AW6: =(IF('Water Report'!$H$19>0,'Water Report'!$H$19,0)) -> 11 | AX6: =(IF('Water Report'!$H$21>0,'Water Report'!$H$21,0)) -> 94 | AY6: =(IF('Water Report'!$H$22>0,'Water Report'!$H$22,0)) -> 0 | AZ6: =(IF('Water Report'!$H$23>0,'Water Report'!$H$23,0)) -> 0 | BA6: =(IF('Water Report'!$H$14>0,'Water Report'!$H$14,0)) -> 12 | BB6: =(IF('Water Report'!$H$15>0,'Water Report'!$H$15,0)) -> 11 | BC6: =(IF('Water Report'!$H$13>0,'Water Report'!$H$13,0)) -> 17 | BD6: =(IF('Water Report'!$H$24>0,'Water Report'!$H$24,0)) -> 192 | BE6: =(IF('Water Report'!$H$25>0,'Water Report'!$H$25,0)) -> 150 | BF6: =(IF('Water Report'!$H$27>0,'Water Report'!$H$27,0)) -> 111 | BG6: =(IF('Section Load'!AN9>0,'Section Load'!AN9,0)) -> 1047.2 | BH6: =(IF('Section Load'!AO9>0,'Section Load'!AO9,0)) -> 286.14 | BI6: =(IF('Section Load'!AP9>0,'Section Load'!AP9,0)) -> 0 | BJ6: =(IF('Section Load'!AQ9>0,'Section Load'!AQ9,0)) -> 116 | BK6: =(IF('Section Load'!AR9>0,'Section Load'!AR9,0)) -> 93 | BL6: =(IF('Section Load'!AS9>0,'Section Load'!AS9,0)) -> 0 | BM6: =(IF('Section Load'!AT9>0,'Section Load'!AT9,0)) -> 552.06
A7: Mumbai | B7: =B6+1 -> 6 | C7: 8 | D7: 2022 | E7: =(IF('Section Load'!F10>0,'Section Load'!F10,0)) -> 4273 | F7: =(IF('Section Load'!G10>0,'Section Load'!G10,0)) -> 1116 | G7: =(IF('Section Load'!H10>0,'Section Load'!H10,0)) -> 2225 | H7: =(IF('Section Load'!I10>0,'Section Load'!I10,0)) -> 4247 | I7: =(IF('Section Load'!J10>0,'Section Load'!J10,0)) -> 6391.17 | J7: =(IF('Section Load'!K10>0,'Section Load'!K10,0)) -> 3116 | K7: =(IF('Section Load'!L10>0,'Section Load'!L10,0)) -> 993 | L7: =(IF('Section Load'!M10>0,'Section Load'!M10,0)) -> 879 | ... AL7: =(IF('Section Load'!AM10>0,'Section Load'!AM10,0)) -> 0.41 | AM7: =(IF('Water Report'!$I$7>0,'Water Report'!$I$7,0)) -> 130 | AN7: =(IF('Water Report'!$I$8>0,'Water Report'!$I$8,0)) -> 98 | AO7: =(IF('Water Report'!$I$9>0,'Water Report'!$I$9,0)) -> 104 | AP7: =(IF('Water Report'!$I$10>0,'Water Report'!$I$10,0)) -> 23 | AQ7: =(IF('Water Report'!$I$11>0,'Water Report'!$I$11,0)) -> 0 | AR7: =(IF('Water Report'!$I$13>0,'Water Report'!$I$13,0)) -> 19 | AS7: =(IF('Water Report'!$I$14>0,'Water Report'!$I$14,0)) -> 6 | AT7: =(IF('Water Report'!$I$15>0,'Water Report'!$I$15,0)) -> 8 | AU7: =(IF('Water Report'!$I$17>0,'Water Report'!$I$17,0)) -> 2 | AV7: =(IF('Water Report'!$I$18>0,'Water Report'!$I$18,0)) -> 14 | AW7: =(IF('Water Report'!$I$19>0,'Water Report'!$I$19,0)) -> 14 | AX7: =(IF('Water Report'!$I$21>0,'Water Report'!$I$21,0)) -> 54 | AY7: =(IF('Water Report'!$I$22>0,'Water Report'!$I$22,0)) -> 0 | AZ7: =(IF('Water Report'!$I$23>0,'Water Report'!$I$23,0)) -> 2 | BA7: =(IF('Water Report'!$I$14>0,'Water Report'!$I$14,0)) -> 6 | BB7: =(IF('Water Report'!$I$15>0,'Water Report'!$I$15,0)) -> 8 | BC7: =(IF('Water Report'!$I$13>0,'Water Report'!$I$13,0)) -> 19 | BD7: =(IF('Water Report'!$I$24>0,'Water Report'!$I$24,0)) -> 247 | BE7: =(IF('Water Report'!$I$25>0,'Water Report'!$I$25,0)) -> 141 | BF7: =(IF('Water Report'!$I$27>0,'Water Report'!$I$27,0)) -> 75 | BG7: =(IF('Section Load'!AN10>0,'Section Load'!AN10,0)) -> 981 | BH7: =(IF('Section Load'!AO10>0,'Section Load'!AO10,0)) -> 312 | BI7: =(IF('Section Load'!AP10>0,'Section Load'!AP10,0)) -> 0 | BJ7: =(IF('Section Load'!AQ10>0,'Section Load'!AQ10,0)) -> 114 | BK7: =(IF('Section Load'!AR10>0,'Section Load'!AR10,0)) -> 3 | BL7: =(IF('Section Load'!AS10>0,'Section Load'!AS10,0)) -> 0.4 | BM7: =(IF('Section Load'!AT10>0,'Section Load'!AT10,0)) -> 551.6
A8: Mumbai | B8: =B7+1 -> 7 | C8: 8 | D8: 2022 | E8: =(IF('Section Load'!F11>0,'Section Load'!F11,0)) -> 4335 | F8: =(IF('Section Load'!G11>0,'Section Load'!G11,0)) -> 1065 | G8: =(IF('Section Load'!H11>0,'Section Load'!H11,0)) -> 2257 | H8: =(IF('Section Load'!I11>0,'Section Load'!I11,0)) -> 4343 | I8: =(IF('Section Load'!J11>0,'Section Load'!J11,0)) -> 6173 | J8: =(IF('Section Load'!K11>0,'Section Load'!K11,0)) -> 3091 | K8: =(IF('Section Load'!L11>0,'Section Load'!L11,0)) -> 1137 | L8: =(IF('Section Load'!M11>0,'Section Load'!M11,0)) -> 801 | ... AL8: =(IF('Section Load'!AM11>0,'Section Load'!AM11,0)) -> 0 | AM8: =(IF('Water Report'!$J$7>0,'Water Report'!$J$7,0)) -> 144 | AN8: =(IF('Water Report'!$J$8>0,'Water Report'!$J$8,0)) -> 106 | AO8: =(IF('Water Report'!$J$9>0,'Water Report'!$J$9,0)) -> 101 | AP8: =(IF('Water Report'!$J$10>0,'Water Report'!$J$10,0)) -> 31 | AQ8: =(IF('Water Report'!$J$11>0,'Water Report'!$J$11,0)) -> 0 | AR8: =(IF('Water Report'!$J$13>0,'Water Report'!$J$13,0)) -> 35 | AS8: =(IF('Water Report'!$J$14>0,'Water Report'!$J$14,0)) -> 6 | AT8: =(IF('Water Report'!$J$15>0,'Water Report'!$J$15,0)) -> 8 | AU8: =(IF('Water Report'!$J$17>0,'Water Report'!$J$17,0)) -> 0 | AV8: =(IF('Water Report'!$J$18>0,'Water Report'!$J$18,0)) -> 12 | AW8: =(IF('Water Report'!$J$19>0,'Water Report'!$J$19,0)) -> 12 | AX8: =(IF('Water Report'!$J$21>0,'Water Report'!$J$21,0)) -> 66 | AY8: =(IF('Water Report'!$J$22>0,'Water Report'!$J$22,0)) -> 0 | AZ8: =(IF('Water Report'!$J$23>0,'Water Report'!$J$23,0)) -> 5 | BA8: =(IF('Water Report'!$J$14>0,'Water Report'!$J$14,0)) -> 6 | BB8: =(IF('Water Report'!$J$15>0,'Water Report'!$J$15,0)) -> 8 | BC8: =(IF('Water Report'!$J$13>0,'Water Report'!$J$13,0)) -> 35 | BD8: =(IF('Water Report'!$J$24>0,'Water Report'!$J$24,0)) -> 287 | BE8: =(IF('Water Report'!$J$25>0,'Water Report'!$J$25,0)) -> 146 | BF8: =(IF('Water Report'!$J$27>0,'Water Report'!$J$27,0)) -> 106 | BG8: =(IF('Section Load'!AN11>0,'Section Load'!AN11,0)) -> 1066 | BH8: =(IF('Section Load'!AO11>0,'Section Load'!AO11,0)) -> 359 | BI8: =(IF('Section Load'!AP11>0,'Section Load'!AP11,0)) -> 0 | BJ8: =(IF('Section Load'!AQ11>0,'Section Load'!AQ11,0)) -> 111 | BK8: =(IF('Section Load'!AR11>0,'Section Load'!AR11,0)) -> 47 | BL8: =(IF('Section Load'!AS11>0,'Section Load'!AS11,0)) -> 0 | BM8: =(IF('Section Load'!AT11>0,'Section Load'!AT11,0)) -> 549
A9: Mumbai | B9: =B8+1 -> 8 | C9: 8 | D9: 2022 | E9: =(IF('Section Load'!F12>0,'Section Load'!F12,0)) -> 4326.48 | F9: =(IF('Section Load'!G12>0,'Section Load'!G12,0)) -> 1092.15 | G9: =(IF('Section Load'!H12>0,'Section Load'!H12,0)) -> 2306.35 | H9: =(IF('Section Load'!I12>0,'Section Load'!I12,0)) -> 4722.13 | I9: =(IF('Section Load'!J12>0,'Section Load'!J12,0)) -> 6736.28 | J9: =(IF('Section Load'!K12>0,'Section Load'!K12,0)) -> 2997.81 | K9: =(IF('Section Load'!L12>0,'Section Load'!L12,0)) -> 1390.33 | L9: =(IF('Section Load'!M12>0,'Section Load'!M12,0)) -> 861.95 | ... AL9: =(IF('Section Load'!AM12>0,'Section Load'!AM12,0)) -> 0 | AM9: =(IF('Water Report'!$K$7>0,'Water Report'!$K$7,0)) -> 125 | AN9: =(IF('Water Report'!$K$8>0,'Water Report'!$K$8,0)) -> 78 | AO9: =(IF('Water Report'!$K$9>0,'Water Report'!$K$9,0)) -> 105 | AP9: =(IF('Water Report'!$K$10>0,'Water Report'!$K$10,0)) -> 31 | AQ9: =(IF('Water Report'!$K$11>0,'Water Report'!$K$11,0)) -> 0 | AR9: =(IF('Water Report'!$K$13>0,'Water Report'!$K$13,0)) -> 39 | AS9: =(IF('Water Report'!$K$14>0,'Water Report'!$K$14,0)) -> 8 | AT9: =(IF('Water Report'!$K$15>0,'Water Report'!$K$15,0)) -> 8 | AU9: =(IF('Water Report'!$K$17>0,'Water Report'!$K$17,0)) -> 0 | AV9: =(IF('Water Report'!$K$18>0,'Water Report'!$K$18,0)) -> 14 | AW9: =(IF('Water Report'!$K$19>0,'Water Report'!$K$19,0)) -> 11 | AX9: =(IF('Water Report'!$K$21>0,'Water Report'!$K$21,0)) -> 62 | AY9: =(IF('Water Report'!$K$22>0,'Water Report'!$K$22,0)) -> 0 | AZ9: =(IF('Water Report'!$K$23>0,'Water Report'!$K$23,0)) -> 0 | BA9: =(IF('Water Report'!$K$14>0,'Water Report'!$K$14,0)) -> 8 | BB9: =(IF('Water Report'!$K$15>0,'Water Report'!$K$15,0)) -> 8 | BC9: =(IF('Water Report'!$K$13>0,'Water Report'!$K$13,0)) -> 39 | BD9: =(IF('Water Report'!$K$24>0,'Water Report'!$K$24,0)) -> 212 | BE9: =(IF('Water Report'!$K$25>0,'Water Report'!$K$25,0)) -> 152 | BF9: =(IF('Water Report'!$K$27>0,'Water Report'!$K$27,0)) -> 101 | BG9: =(IF('Section Load'!AN12>0,'Section Load'!AN12,0)) -> 1037 | BH9: =(IF('Section Load'!AO12>0,'Section Load'!AO12,0)) -> 302.82 | BI9: =(IF('Section Load'!AP12>0,'Section Load'!AP12,0)) -> 0.8 | BJ9: =(IF('Section Load'!AQ12>0,'Section Load'!AQ12,0)) -> 104.37 | BK9: =(IF('Section Load'!AR12>0,'Section Load'!AR12,0)) -> 49 | BL9: =(IF('Section Load'!AS12>0,'Section Load'!AS12,0)) -> 0 | BM9: =(IF('Section Load'!AT12>0,'Section Load'!AT12,0)) -> 580.01
A10: Mumbai | B10: =B9+1 -> 9 | C10: 8 | D10: 2022 | E10: =(IF('Section Load'!F13>0,'Section Load'!F13,0)) -> 1206.72 | F10: =(IF('Section Load'!G13>0,'Section Load'!G13,0)) -> 1077.55 | G10: =(IF('Section Load'!H13>0,'Section Load'!H13,0)) -> 2242.88 | H10: =(IF('Section Load'!I13>0,'Section Load'!I13,0)) -> 4573.73 | I10: =(IF('Section Load'!J13>0,'Section Load'!J13,0)) -> 6983.9 | J10: =(IF('Section Load'!K13>0,'Section Load'!K13,0)) -> 3015.04 | K10: =(IF('Section Load'!L13>0,'Section Load'!L13,0)) -> 1277.2 | L10: =(IF('Section Load'!M13>0,'Section Load'!M13,0)) -> 776.76 | ... AL10: =(IF('Section Load'!AM13>0,'Section Load'!AM13,0)) -> 0 | AM10: =(IF('Water Report'!$L$7>0,'Water Report'!$L$7,0)) -> 118 | AN10: =(IF('Water Report'!$L$8>0,'Water Report'!$L$8,0)) -> 86 | AO10: =(IF('Water Report'!$L$9>0,'Water Report'!$L$9,0)) -> 114 | AP10: =(IF('Water Report'!$L$10>0,'Water Report'!$L$10,0)) -> 21 | AQ10: =(IF('Water Report'!$L$11>0,'Water Report'!$L$11,0)) -> 0 | AR10: =(IF('Water Report'!$L$13>0,'Water Report'!$L$13,0)) -> 35 | AS10: =(IF('Water Report'!$L$14>0,'Water Report'!$L$14,0)) -> 13 | AT10: =(IF('Water Report'!$L$15>0,'Water Report'!$L$15,0)) -> 11 | AU10: =(IF('Water Report'!$L$17>0,'Water Report'!$L$17,0)) -> 0 | AV10: =(IF('Water Report'!$L$18>0,'Water Report'!$L$18,0)) -> 16 | AW10: =(IF('Water Report'!$L$19>0,'Water Report'!$L$19,0)) -> 11 | AX10: =(IF('Water Report'!$L$21>0,'Water Report'!$L$21,0)) -> 67 | AY10: =(IF('Water Report'!$L$22>0,'Water Report'!$L$22,0)) -> 0 | AZ10: =(IF('Water Report'!$L$23>0,'Water Report'!$L$23,0)) -> 0 | BA10: =(IF('Water Report'!$L$14>0,'Water Report'!$L$14,0)) -> 13 | BB10: =(IF('Water Report'!$L$15>0,'Water Report'!$L$15,0)) -> 11 | BC10: =(IF('Water Report'!$L$13>0,'Water Report'!$L$13,0)) -> 35 | BD10: =(IF('Water Report'!$L$24>0,'Water Report'!$L$24,0)) -> 84 | BE10: =(IF('Water Report'!$L$25>0,'Water Report'!$L$25,0)) -> 159 | BF10: =(IF('Water Report'!$L$27>0,'Water Report'!$L$27,0)) -> 102 | BG10: =(IF('Section Load'!AN13>0,'Section Load'!AN13,0)) -> 1078.74 | BH10: =(IF('Section Load'!AO13>0,'Section Load'!AO13,0)) -> 332.11 | BI10: =(IF('Section Load'!AP13>0,'Section Load'!AP13,0)) -> 0 | BJ10: =(IF('Section Load'!AQ13>0,'Section Load'!AQ13,0)) -> 115.83 | BK10: =(IF('Section Load'!AR13>0,'Section Load'!AR13,0)) -> 51.8 | BL10: =(IF('Section Load'!AS13>0,'Section Load'!AS13,0)) -> 0 | BM10: =(IF('Section Load'!AT13>0,'Section Load'!AT13,0)) -> 579
A11: Mumbai | B11: =B10+1 -> 10 | C11: 8 | D11: 2022 | E11: =(IF('Section Load'!F14>0,'Section Load'!F14,0)) -> 4132.24 | F11: =(IF('Section Load'!G14>0,'Section Load'!G14,0)) -> 1046.08 | G11: =(IF('Section Load'!H14>0,'Section Load'!H14,0)) -> 2211.92 | H11: =(IF('Section Load'!I14>0,'Section Load'!I14,0)) -> 4486.55 | I11: =(IF('Section Load'!J14>0,'Section Load'!J14,0)) -> 7326.28 | J11: =(IF('Section Load'!K14>0,'Section Load'!K14,0)) -> 2954.72 | K11: =(IF('Section Load'!L14>0,'Section Load'!L14,0)) -> 1240.8 | L11: =(IF('Section Load'!M14>0,'Section Load'!M14,0)) -> 1042.66 | ... AL11: =(IF('Section Load'!AM14>0,'Section Load'!AM14,0)) -> 0 | AM11: =(IF('Water Report'!$M$7>0,'Water Report'!$M$7,0)) -> 113 | AN11: =(IF('Water Report'!$M$8>0,'Water Report'!$M$8,0)) -> 165 | AO11: =(IF('Water Report'!$M$9>0,'Water Report'!$M$9,0)) -> 111 | AP11: =(IF('Water Report'!$M$10>0,'Water Report'!$M$10,0)) -> 20 | AQ11: =(IF('Water Report'!$M$11>0,'Water Report'!$M$11,0)) -> 0 | AR11: =(IF('Water Report'!$M$13>0,'Water Report'!$M$13,0)) -> 32 | AS11: =(IF('Water Report'!$M$14>0,'Water Report'!$M$14,0)) -> 8 | AT11: =(IF('Water Report'!$M$15>0,'Water Report'!$M$15,0)) -> 5 | AU11: =(IF('Water Report'!$M$17>0,'Water Report'!$M$17,0)) -> 0 | AV11: =(IF('Water Report'!$M$18>0,'Water Report'!$M$18,0)) -> 16 | AW11: =(IF('Water Report'!$M$19>0,'Water Report'!$M$19,0)) -> 12 | AX11: =(IF('Water Report'!$M$21>0,'Water Report'!$M$21,0)) -> 111 | AY11: =(IF('Water Report'!$M$22>0,'Water Report'!$M$22,0)) -> 0 | AZ11: =(IF('Water Report'!$M$23>0,'Water Report'!$M$23,0)) -> 1 | BA11: =(IF('Water Report'!$M$14>0,'Water Report'!$M$14,0)) -> 8 | BB11: =(IF('Water Report'!$M$15>0,'Water Report'!$M$15,0)) -> 5 | BC11: =(IF('Water Report'!$M$13>0,'Water Report'!$M$13,0)) -> 32 | BD11: =(IF('Water Report'!$M$24>0,'Water Report'!$M$24,0)) -> 220 | BE11: =(IF('Water Report'!$M$25>0,'Water Report'!$M$25,0)) -> 144 | BF11: =(IF('Water Report'!$M$27>0,'Water Report'!$M$27,0)) -> 144 | BG11: =(IF('Section Load'!AN14>0,'Section Load'!AN14,0)) -> 1150.34 | BH11: =(IF('Section Load'!AO14>0,'Section Load'!AO14,0)) -> 365.82 | BI11: =(IF('Section Load'!AP14>0,'Section Load'!AP14,0)) -> 0 | BJ11: =(IF('Section Load'!AQ14>0,'Section Load'!AQ14,0)) -> 129.51 | BK11: =(IF('Section Load'!AR14>0,'Section Load'!AR14,0)) -> 48.6 | BL11: =(IF('Section Load'!AS14>0,'Section Load'!AS14,0)) -> 0 | BM11: =(IF('Section Load'!AT14>0,'Section Load'!AT14,0)) -> 606.41
A12: Mumbai | B12: =B11+1 -> 11 | C12: 8 | D12: 2022 | E12: =(IF('Section Load'!F15>0,'Section Load'!F15,0)) -> 4136.61 | F12: =(IF('Section Load'!G15>0,'Section Load'!G15,0)) -> 1048.22 | G12: =(IF('Section Load'!H15>0,'Section Load'!H15,0)) -> 2252.85 | H12: =(IF('Section Load'!I15>0,'Section Load'!I15,0)) -> 4435.59 | I12: =(IF('Section Load'!J15>0,'Section Load'!J15,0)) -> 6495.54 | J12: =(IF('Section Load'!K15>0,'Section Load'!K15,0)) -> 2857.43 | K12: =(IF('Section Load'!L15>0,'Section Load'!L15,0)) -> 1073.67 | L12: =(IF('Section Load'!M15>0,'Section Load'!M15,0)) -> 787.63 | ... AL12: =(IF('Section Load'!AM15>0,'Section Load'!AM15,0)) -> 0 | AM12: =(IF('Water Report'!$N$7>0,'Water Report'!$N$7,0)) -> 96 | AN12: =(IF('Water Report'!$N$8>0,'Water Report'!$N$8,0)) -> 123 | AO12: =(IF('Water Report'!$N$9>0,'Water Report'!$N$9,0)) -> 141 | AP12: =(IF('Water Report'!$N$10>0,'Water Report'!$N$10,0)) -> 18 | AQ12: =(IF('Water Report'!$N$11>0,'Water Report'!$N$11,0)) -> 0 | AR12: =(IF('Water Report'!$N$13>0,'Water Report'!$N$13,0)) -> 32 | AS12: =(IF('Water Report'!$N$14>0,'Water Report'!$N$14,0)) -> 2 | AT12: =(IF('Water Report'!$N$15>0,'Water Report'!$N$15,0)) -> 6 | AU12: =(IF('Water Report'!$N$17>0,'Water Report'!$N$17,0)) -> 0 | AV12: =(IF('Water Report'!$N$18>0,'Water Report'!$N$18,0)) -> 13 | AW12: =(IF('Water Report'!$N$19>0,'Water Report'!$N$19,0)) -> 10 | AX12: =(IF('Water Report'!$N$21>0,'Water Report'!$N$21,0)) -> 96 | AY12: =(IF('Water Report'!$N$22>0,'Water Report'!$N$22,0)) -> 0 | AZ12: =(IF('Water Report'!$N$23>0,'Water Report'!$N$23,0)) -> 0 | BA12: =(IF('Water Report'!$N$14>0,'Water Report'!$N$14,0)) -> 2 | BB12: =(IF('Water Report'!$N$15>0,'Water Report'!$N$15,0)) -> 6 | BC12: =(IF('Water Report'!$N$13>0,'Water Report'!$N$13,0)) -> 32 | BD12: =(IF('Water Report'!$N$24>0,'Water Report'!$N$24,0)) -> 180 | BE12: =(IF('Water Report'!$N$25>0,'Water Report'!$N$25,0)) -> 167 | BF12: =(IF('Water Report'!$N$27>0,'Water Report'!$N$27,0)) -> 128 | BG12: =(IF('Section Load'!AN15>0,'Section Load'!AN15,0)) -> 1023.92 | BH12: =(IF('Section Load'!AO15>0,'Section Load'!AO15,0)) -> 311.25 | BI12: =(IF('Section Load'!AP15>0,'Section Load'!AP15,0)) -> 0 | BJ12: =(IF('Section Load'!AQ15>0,'Section Load'!AQ15,0)) -> 98.29 | BK12: =(IF('Section Load'!AR15>0,'Section Load'!AR15,0)) -> 54.6 | BL12: =(IF('Section Load'!AS15>0,'Section Load'!AS15,0)) -> 0 | BM12: =(IF('Section Load'!AT15>0,'Section Load'!AT15,0)) -> 560.18
A13: Mumbai | B13: =B12+1 -> 12 | C13: 8 | D13: 2022 | E13: =(IF('Section Load'!F16>0,'Section Load'!F16,0)) -> 4164.95 | F13: =(IF('Section Load'!G16>0,'Section Load'!G16,0)) -> 1061.31 | G13: =(IF('Section Load'!H16>0,'Section Load'!H16,0)) -> 2208 | H13: =(IF('Section Load'!I16>0,'Section Load'!I16,0)) -> 4490 | I13: =(IF('Section Load'!J16>0,'Section Load'!J16,0)) -> 8888 | J13: =(IF('Section Load'!K16>0,'Section Load'!K16,0)) -> 3298.12 | K13: =(IF('Section Load'!L16>0,'Section Load'!L16,0)) -> 1389.35 | L13: =(IF('Section Load'!M16>0,'Section Load'!M16,0)) -> 993 | ... AL13: =(IF('Section Load'!AM16>0,'Section Load'!AM16,0)) -> 0 | AM13: =(IF('Water Report'!$O$7>0,'Water Report'!$O$7,0)) -> 106 | AN13: =(IF('Water Report'!$O$8>0,'Water Report'!$O$8,0)) -> 120 | AO13: =(IF('Water Report'!$O$9>0,'Water Report'!$O$9,0)) -> 63 | AP13: =(IF('Water Report'!$O$10>0,'Water Report'!$O$10,0)) -> 18 | AQ13: =(IF('Water Report'!$O$11>0,'Water Report'!$O$11,0)) -> 0 | AR13: =(IF('Water Report'!$O$13>0,'Water Report'!$O$13,0)) -> 33 | AS13: =(IF('Water Report'!$O$14>0,'Water Report'!$O$14,0)) -> 5 | AT13: =(IF('Water Report'!$O$15>0,'Water Report'!$O$15,0)) -> 0 | AU13: =(IF('Water Report'!$O$17>0,'Water Report'!$O$17,0)) -> 29 | AV13: =(IF('Water Report'!$O$18>0,'Water Report'!$O$18,0)) -> 13 | AW13: =(IF('Water Report'!$O$19>0,'Water Report'!$O$19,0)) -> 10 | AX13: =(IF('Water Report'!$O$21>0,'Water Report'!$O$21,0)) -> 96 | AY13: =(IF('Water Report'!$O$22>0,'Water Report'!$O$22,0)) -> 0 | AZ13: =(IF('Water Report'!$O$23>0,'Water Report'!$O$23,0)) -> 0 | BA13: =(IF('Water Report'!$O$14>0,'Water Report'!$O$14,0)) -> 5 | BB13: =(IF('Water Report'!$O$15>0,'Water Report'!$O$15,0)) -> 0 | BC13: =(IF('Water Report'!$O$13>0,'Water Report'!$O$13,0)) -> 33 | BD13: =(IF('Water Report'!$O$24>0,'Water Report'!$O$24,0)) -> 205 | BE13: =(IF('Water Report'!$O$25>0,'Water Report'!$O$25,0)) -> 0 | BF13: =(IF('Water Report'!$O$27>0,'Water Report'!$O$27,0)) -> 129 | BG13: =(IF('Section Load'!AN16>0,'Section Load'!AN16,0)) -> 1049 | BH13: =(IF('Section Load'!AO16>0,'Section Load'!AO16,0)) -> 313.25 | BI13: =(IF('Section Load'!AP16>0,'Section Load'!AP16,0)) -> 0 | BJ13: =(IF('Section Load'!AQ16>0,'Section Load'!AQ16,0)) -> 102.29 | BK13: =(IF('Section Load'!AR16>0,'Section Load'!AR16,0)) -> 59.6 | BL13: =(IF('Section Load'!AS16>0,'Section Load'!AS16,0)) -> 0 | BM13: =(IF('Section Load'!AT16>0,'Section Load'!AT16,0)) -> 574.16
A14: Mumbai | B14: =B13+1 -> 13 | C14: 8 | D14: 2022 | E14: =(IF('Section Load'!F17>0,'Section Load'!F17,0)) -> 4175.76 | F14: =(IF('Section Load'!G17>0,'Section Load'!G17,0)) -> 1045.923 | G14: =(IF('Section Load'!H17>0,'Section Load'!H17,0)) -> 2296.99 | H14: =(IF('Section Load'!I17>0,'Section Load'!I17,0)) -> 4623.94 | I14: =(IF('Section Load'!J17>0,'Section Load'!J17,0)) -> 7829.5 | J14: =(IF('Section Load'!K17>0,'Section Load'!K17,0)) -> 3254.25 | K14: =(IF('Section Load'!L17>0,'Section Load'!L17,0)) -> 1081.38 | L14: =(IF('Section Load'!M17>0,'Section Load'!M17,0)) -> 747.13 | ... AL14: =(IF('Section Load'!AM17>0,'Section Load'!AM17,0)) -> 2509.08 | AM14: =(IF('Water Report'!$P$7>0,'Water Report'!$P$7,0)) -> 117 | AN14: =(IF('Water Report'!$P$8>0,'Water Report'!$P$8,0)) -> 135 | AO14: =(IF('Water Report'!$P$9>0,'Water Report'!$P$9,0)) -> 117 | AP14: =(IF('Water Report'!$P$10>0,'Water Report'!$P$10,0)) -> 29 | AQ14: =(IF('Water Report'!$P$11>0,'Water Report'!$P$11,0)) -> 172 | AR14: =(IF('Water Report'!$P$13>0,'Water Report'!$P$13,0)) -> 29 | AS14: =(IF('Water Report'!$P$14>0,'Water Report'!$P$14,0)) -> 6 | AT14: =(IF('Water Report'!$P$15>0,'Water Report'!$P$15,0)) -> 331 | AU14: =(IF('Water Report'!$P$17>0,'Water Report'!$P$17,0)) -> 0 | AV14: =(IF('Water Report'!$P$18>0,'Water Report'!$P$18,0)) -> 13 | AW14: =(IF('Water Report'!$P$19>0,'Water Report'!$P$19,0)) -> 10 | AX14: =(IF('Water Report'!$P$21>0,'Water Report'!$P$21,0)) -> 53 | AY14: =(IF('Water Report'!$P$22>0,'Water Report'!$P$22,0)) -> 0 | AZ14: =(IF('Water Report'!$P$23>0,'Water Report'!$P$23,0)) -> 0 | BA14: =(IF('Water Report'!$P$14>0,'Water Report'!$P$14,0)) -> 6 | BB14: =(IF('Water Report'!$P$15>0,'Water Report'!$P$15,0)) -> 331 | BC14: =(IF('Water Report'!$P$13>0,'Water Report'!$P$13,0)) -> 29 | BD14: =(IF('Water Report'!$P$24>0,'Water Report'!$P$24,0)) -> 210 | BE14: =(IF('Water Report'!$P$25>0,'Water Report'!$P$25,0)) -> 655 | BF14: =(IF('Water Report'!$P$27>0,'Water Report'!$P$27,0)) -> 82 | BG14: =(IF('Section Load'!AN17>0,'Section Load'!AN17,0)) -> 1094.079 | BH14: =(IF('Section Load'!AO17>0,'Section Load'!AO17,0)) -> 339.75 | BI14: =(IF('Section Load'!AP17>0,'Section Load'!AP17,0)) -> 0.3 | BJ14: =(IF('Section Load'!AQ17>0,'Section Load'!AQ17,0)) -> 150.73 | BK14: =(IF('Section Load'!AR17>0,'Section Load'!AR17,0)) -> 49.7 | BL14: =(IF('Section Load'!AS17>0,'Section Load'!AS17,0)) -> 0 | BM14: =(IF('Section Load'!AT17>0,'Section Load'!AT17,0)) -> 553.599
A15: Mumbai | B15: =B14+1 -> 14 | C15: 8 | D15: 2022 | E15: =(IF('Section Load'!F18>0,'Section Load'!F18,0)) -> 4182.24 | F15: =(IF('Section Load'!G18>0,'Section Load'!G18,0)) -> 989.767 | G15: =(IF('Section Load'!H18>0,'Section Load'!H18,0)) -> 2243.25 | H15: =(IF('Section Load'!I18>0,'Section Load'!I18,0)) -> 4402.06 | I15: =(IF('Section Load'!J18>0,'Section Load'!J18,0)) -> 7121.35 | J15: =(IF('Section Load'!K18>0,'Section Load'!K18,0)) -> 3090.63 | K15: =(IF('Section Load'!L18>0,'Section Load'!L18,0)) -> 1137.27 | L15: =(IF('Section Load'!M18>0,'Section Load'!M18,0)) -> 666.87 | ... AL15: =(IF('Section Load'!AM18>0,'Section Load'!AM18,0)) -> 1018.35 | AM15: =(IF('Water Report'!$Q$7>0,'Water Report'!$Q$7,0)) -> 125 | AN15: =(IF('Water Report'!$Q$8>0,'Water Report'!$Q$8,0)) -> 139 | AO15: =(IF('Water Report'!$Q$9>0,'Water Report'!$Q$9,0)) -> 97 | AP15: =(IF('Water Report'!$Q$10>0,'Water Report'!$Q$10,0)) -> 24 | AQ15: =(IF('Water Report'!$Q$11>0,'Water Report'!$Q$11,0)) -> 0 | AR15: =(IF('Water Report'!$Q$13>0,'Water Report'!$Q$13,0)) -> 37 | AS15: =(IF('Water Report'!$Q$14>0,'Water Report'!$Q$14,0)) -> 5 | AT15: =(IF('Water Report'!$Q$15>0,'Water Report'!$Q$15,0)) -> 8 | AU15: =(IF('Water Report'!$Q$17>0,'Water Report'!$Q$17,0)) -> 0 | AV15: =(IF('Water Report'!$Q$18>0,'Water Report'!$Q$18,0)) -> 12 | AW15: =(IF('Water Report'!$Q$19>0,'Water Report'!$Q$19,0)) -> 14 | AX15: =(IF('Water Report'!$Q$21>0,'Water Report'!$Q$21,0)) -> 76 | AY15: =(IF('Water Report'!$Q$22>0,'Water Report'!$Q$22,0)) -> 0 | AZ15: =(IF('Water Report'!$Q$23>0,'Water Report'!$Q$23,0)) -> 0 | BA15: =(IF('Water Report'!$Q$14>0,'Water Report'!$Q$14,0)) -> 5 | BB15: =(IF('Water Report'!$Q$15>0,'Water Report'!$Q$15,0)) -> 8 | BC15: =(IF('Water Report'!$Q$13>0,'Water Report'!$Q$13,0)) -> 37 | BD15: =(IF('Water Report'!$Q$24>0,'Water Report'!$Q$24,0)) -> 248 | BE15: =(IF('Water Report'!$Q$25>0,'Water Report'!$Q$25,0)) -> 134 | BF15: =(IF('Water Report'!$Q$27>0,'Water Report'!$Q$27,0)) -> 113 | BG15: =(IF('Section Load'!AN18>0,'Section Load'!AN18,0)) -> 1061.921 | BH15: =(IF('Section Load'!AO18>0,'Section Load'!AO18,0)) -> 329 | BI15: =(IF('Section Load'!AP18>0,'Section Load'!AP18,0)) -> 0 | BJ15: =(IF('Section Load'!AQ18>0,'Section Load'!AQ18,0)) -> 119.98 | BK15: =(IF('Section Load'!AR18>0,'Section Load'!AR18,0)) -> 54.7 | BL15: =(IF('Section Load'!AS18>0,'Section Load'!AS18,0)) -> 0 | BM15: =(IF('Section Load'!AT18>0,'Section Load'!AT18,0)) -> 558.241
A16: Mumbai | B16: =B15+1 -> 15 | C16: 8 | D16: 2022 | E16: =(IF('Section Load'!F19>0,'Section Load'!F19,0)) -> 3876.05 | F16: =(IF('Section Load'!G19>0,'Section Load'!G19,0)) -> 963.31 | G16: =(IF('Section Load'!H19>0,'Section Load'!H19,0)) -> 2238 | H16: =(IF('Section Load'!I19>0,'Section Load'!I19,0)) -> 4430 | I16: =(IF('Section Load'!J19>0,'Section Load'!J19,0)) -> 4094.15 | J16: =(IF('Section Load'!K19>0,'Section Load'!K19,0)) -> 3052 | K16: =(IF('Section Load'!L19>0,'Section Load'!L19,0)) -> 1089 | L16: =(IF('Section Load'!M19>0,'Section Load'!M19,0)) -> 671 | ... AL16: =(IF('Section Load'!AM19>0,'Section Load'!AM19,0)) -> 938 | AM16: =(IF('Water Report'!$R$7>0,'Water Report'!$R$7,0)) -> 111 | AN16: =(IF('Water Report'!$R$8>0,'Water Report'!$R$8,0)) -> 108 | AO16: =(IF('Water Report'!$R$9>0,'Water Report'!$R$9,0)) -> 83 | AP16: =(IF('Water Report'!$R$10>0,'Water Report'!$R$10,0)) -> 25 | AQ16: =(IF('Water Report'!$R$11>0,'Water Report'!$R$11,0)) -> 0 | AR16: =(IF('Water Report'!$R$13>0,'Water Report'!$R$13,0)) -> 29 | AS16: =(IF('Water Report'!$R$14>0,'Water Report'!$R$14,0)) -> 6 | AT16: =(IF('Water Report'!$R$15>0,'Water Report'!$R$15,0)) -> 20 | AU16: =(IF('Water Report'!$R$17>0,'Water Report'!$R$17,0)) -> 0 | AV16: =(IF('Water Report'!$R$18>0,'Water Report'!$R$18,0)) -> 13 | AW16: =(IF('Water Report'!$R$19>0,'Water Report'!$R$19,0)) -> 11 | AX16: =(IF('Water Report'!$R$21>0,'Water Report'!$R$21,0)) -> 58 | AY16: =(IF('Water Report'!$R$22>0,'Water Report'!$R$22,0)) -> 0 | AZ16: =(IF('Water Report'!$R$23>0,'Water Report'!$R$23,0)) -> 3 | BA16: =(IF('Water Report'!$R$14>0,'Water Report'!$R$14,0)) -> 6 | BB16: =(IF('Water Report'!$R$15>0,'Water Report'!$R$15,0)) -> 20 | BC16: =(IF('Water Report'!$R$13>0,'Water Report'!$R$13,0)) -> 29 | BD16: =(IF('Water Report'!$R$24>0,'Water Report'!$R$24,0)) -> 300 | BE16: =(IF('Water Report'!$R$25>0,'Water Report'!$R$25,0)) -> 134 | BF16: =(IF('Water Report'!$R$27>0,'Water Report'!$R$27,0)) -> 90 | BG16: =(IF('Section Load'!AN19>0,'Section Load'!AN19,0)) -> 1067 | BH16: =(IF('Section Load'!AO19>0,'Section Load'!AO19,0)) -> 331 | BI16: =(IF('Section Load'!AP19>0,'Section Load'!AP19,0)) -> 0 | BJ16: =(IF('Section Load'!AQ19>0,'Section Load'!AQ19,0)) -> 104 | BK16: =(IF('Section Load'!AR19>0,'Section Load'!AR19,0)) -> 54 | BL16: =(IF('Section Load'!AS19>0,'Section Load'!AS19,0)) -> 0 | BM16: =(IF('Section Load'!AT19>0,'Section Load'!AT19,0)) -> 578
A17: Mumbai | B17: =B16+1 -> 16 | C17: 8 | D17: 2022 | E17: =(IF('Section Load'!F20>0,'Section Load'!F20,0)) -> 3791 | F17: =(IF('Section Load'!G20>0,'Section Load'!G20,0)) -> 1026 | G17: =(IF('Section Load'!H20>0,'Section Load'!H20,0)) -> 2245 | H17: =(IF('Section Load'!I20>0,'Section Load'!I20,0)) -> 4282 | I17: =(IF('Section Load'!J20>0,'Section Load'!J20,0)) -> 7177 | J17: =(IF('Section Load'!K20>0,'Section Load'!K20,0)) -> 3335 | K17: =(IF('Section Load'!L20>0,'Section Load'!L20,0)) -> 1867 | L17: =(IF('Section Load'!M20>0,'Section Load'!M20,0)) -> 1151 | ... AL17: =(IF('Section Load'!AM20>0,'Section Load'!AM20,0)) -> 870 | AM17: =(IF('Water Report'!$S$7>0,'Water Report'!$S$7,0)) -> 92 | AN17: =(IF('Water Report'!$S$8>0,'Water Report'!$S$8,0)) -> 135 | AO17: =(IF('Water Report'!$S$9>0,'Water Report'!$S$9,0)) -> 98 | AP17: =(IF('Water Report'!$S$10>0,'Water Report'!$D$10,0)) -> 0 | AQ17: =(IF('Water Report'!$S$11>0,'Water Report'!$D$11,0)) -> 0 | AR17: =(IF('Water Report'!$S$13>0,'Water Report'!$D$13,0)) -> 18 | AS17: =(IF('Water Report'!$S$14>0,'Water Report'!$D$14,0)) -> 10 | AT17: =(IF('Water Report'!$S$15>0,'Water Report'!$D$15,0)) -> 6 | AU17: =(IF('Water Report'!$S$17>0,'Water Report'!$D$17,0)) -> 0 | AV17: =(IF('Water Report'!$S$18>0,'Water Report'!$D$18,0)) -> 13 | AW17: =(IF('Water Report'!$S$19>0,'Water Report'!$D$19,0)) -> 11 | AX17: =(IF('Water Report'!$S$21>0,'Water Report'!$D$21,0)) -> 109 | AY17: =(IF('Water Report'!$S$22>0,'Water Report'!$D$22,0)) -> 0 | AZ17: =(IF('Water Report'!$S$23>0,'Water Report'!$D$23,0)) -> 7 | BA17: =(IF('Water Report'!$S$14>0,'Water Report'!$D$14,0)) -> 10 | BB17: =(IF('Water Report'!$S$15>0,'Water Report'!$D$15,0)) -> 6 | BC17: =(IF('Water Report'!$S$13>0,'Water Report'!$D$13,0)) -> 18 | BD17: =(IF('Water Report'!$S$24>0,'Water Report'!$D$24,0)) -> 182 | BE17: =(IF('Water Report'!$S$25>0,'Water Report'!$D$25,0)) -> 133 | BF17: =(IF('Water Report'!$S$27>0,'Water Report'!$D$27,0)) -> 134 | BG17: =(IF('Section Load'!AN20>0,'Section Load'!AN20,0)) -> 1000 | BH17: =(IF('Section Load'!AO20>0,'Section Load'!AO20,0)) -> 314 | BI17: =(IF('Section Load'!AP20>0,'Section Load'!AP20,0)) -> 0 | BJ17: =(IF('Section Load'!AQ20>0,'Section Load'!AQ20,0)) -> 105 | BK17: =(IF('Section Load'!AR20>0,'Section Load'!AR20,0)) -> 45 | BL17: =(IF('Section Load'!AS20>0,'Section Load'!AS20,0)) -> 0 | BM17: =(IF('Section Load'!AT20>0,'Section Load'!AT20,0)) -> 536
A18: Mumbai | B18: =B17+1 -> 17 | C18: 8 | D18: 2022 | E18: =(IF('Section Load'!F21>0,'Section Load'!F21,0)) -> 3836 | F18: =(IF('Section Load'!G21>0,'Section Load'!G21,0)) -> 989 | G18: =(IF('Section Load'!H21>0,'Section Load'!H21,0)) -> 2272 | H18: =(IF('Section Load'!I21>0,'Section Load'!I21,0)) -> 4339 | I18: =(IF('Section Load'!J21>0,'Section Load'!J21,0)) -> 7321 | J18: =(IF('Section Load'!K21>0,'Section Load'!K21,0)) -> 3232 | K18: =(IF('Section Load'!L21>0,'Section Load'!L21,0)) -> 1862 | L18: =(IF('Section Load'!M21>0,'Section Load'!M21,0)) -> 750 | ... AL18: =(IF('Section Load'!AM21>0,'Section Load'!AM21,0)) -> 860 | AM18: =(IF('Water Report'!$T$7>0,'Water Report'!$T$7,0)) -> 95 | AN18: =(IF('Water Report'!$T$8>0,'Water Report'!$T$8,0)) -> 108 | AO18: =(IF('Water Report'!$T$9>0,'Water Report'!$T$9,0)) -> 101 | AP18: =(IF('Water Report'!$T$10>0,'Water Report'!$T$10,0)) -> 37 | AQ18: =(IF('Water Report'!$T$11>0,'Water Report'!$T$11,0)) -> 0 | AR18: =(IF('Water Report'!$T$13>0,'Water Report'!$T$13,0)) -> 31 | AS18: =(IF('Water Report'!$T$14>0,'Water Report'!$T$14,0)) -> 3 | AT18: =(IF('Water Report'!$T$15>0,'Water Report'!$T$15,0)) -> 10 | AU18: =(IF('Water Report'!$T$17>0,'Water Report'!$T$17,0)) -> 0 | AV18: =(IF('Water Report'!$T$18>0,'Water Report'!$T$18,0)) -> 17 | AW18: =(IF('Water Report'!$T$19>0,'Water Report'!$T$19,0)) -> 10 | AX18: =(IF('Water Report'!$T$21>0,'Water Report'!$T$21,0)) -> 90 | AY18: =(IF('Water Report'!$T$22>0,'Water Report'!$T$22,0)) -> 0 | AZ18: =(IF('Water Report'!$T$23>0,'Water Report'!$T$23,0)) -> 50 | BA18: =(IF('Water Report'!$T$14>0,'Water Report'!$T$14,0)) -> 3 | BB18: =(IF('Water Report'!$T$15>0,'Water Report'!$T$15,0)) -> 10 | BC18: =(IF('Water Report'!$T$13>0,'Water Report'!$T$13,0)) -> 31 | BD18: =(IF('Water Report'!$T$24>0,'Water Report'!$T$24,0)) -> 289 | BE18: =(IF('Water Report'!$T$25>0,'Water Report'!$T$25,0)) -> 151 | BF18: =(IF('Water Report'!$T$27>0,'Water Report'!$T$27,0)) -> 171 | BG18: =(IF('Section Load'!AN21>0,'Section Load'!AN21,0)) -> 1001 | BH18: =(IF('Section Load'!AO21>0,'Section Load'!AO21,0)) -> 311 | BI18: =(IF('Section Load'!AP21>0,'Section Load'!AP21,0)) -> 0 | BJ18: =(IF('Section Load'!AQ21>0,'Section Load'!AQ21,0)) -> 102 | BK18: =(IF('Section Load'!AR21>0,'Section Load'!AR21,0)) -> 56 | BL18: =(IF('Section Load'!AS21>0,'Section Load'!AS21,0)) -> 0 | BM18: =(IF('Section Load'!AT21>0,'Section Load'!AT21,0)) -> 532
A19: Mumbai | B19: =B18+1 -> 18 | C19: 8 | D19: 2022 | E19: =(IF('Section Load'!F22>0,'Section Load'!F22,0)) -> 3797.87 | F19: =(IF('Section Load'!G22>0,'Section Load'!G22,0)) -> 984.89 | G19: =(IF('Section Load'!H22>0,'Section Load'!H22,0)) -> 2135.31 | H19: =(IF('Section Load'!I22>0,'Section Load'!I22,0)) -> 4169.29 | I19: =(IF('Section Load'!J22>0,'Section Load'!J22,0)) -> 6000.94 | J19: =(IF('Section Load'!K22>0,'Section Load'!K22,0)) -> 3086.91 | K19: =(IF('Section Load'!L22>0,'Section Load'!L22,0)) -> 1227.1 | L19: =(IF('Section Load'!M22>0,'Section Load'!M22,0)) -> 795.17 | ... AL19: =(IF('Section Load'!AM22>0,'Section Load'!AM22,0)) -> 830 | AM19: =(IF('Water Report'!$U$7>0,'Water Report'!$U$7,0)) -> 95 | AN19: =(IF('Water Report'!$U$8>0,'Water Report'!$U$8,0)) -> 95 | AO19: =(IF('Water Report'!$U$9>0,'Water Report'!$U$9,0)) -> 94 | AP19: =(IF('Water Report'!$U$10>0,'Water Report'!$U$10,0)) -> 16 | AQ19: =(IF('Water Report'!$U$11>0,'Water Report'!$U$11,0)) -> 110 | AR19: =(IF('Water Report'!$U$13>0,'Water Report'!$U$13,0)) -> 20 | AS19: =(IF('Water Report'!$U$14>0,'Water Report'!$U$14,0)) -> 3 | AT19: =(IF('Water Report'!$U$15>0,'Water Report'!$U$15,0)) -> 10 | AU19: =(IF('Water Report'!$U$17>0,'Water Report'!$U$17,0)) -> 0 | AV19: =(IF('Water Report'!$U$18>0,'Water Report'!$U$18,0)) -> 11 | AW19: =(IF('Water Report'!$U$19>0,'Water Report'!$U$19,0)) -> 10 | AX19: =(IF('Water Report'!$U$21>0,'Water Report'!$U$21,0)) -> 45 | AY19: =(IF('Water Report'!$U$22>0,'Water Report'!$U$22,0)) -> 0 | AZ19: =(IF('Water Report'!$U$23>0,'Water Report'!$U$23,0)) -> 13 | BA19: =(IF('Water Report'!$U$14>0,'Water Report'!$U$14,0)) -> 3 | BB19: =(IF('Water Report'!$U$15>0,'Water Report'!$U$15,0)) -> 10 | BC19: =(IF('Water Report'!$U$13>0,'Water Report'!$U$13,0)) -> 20 | BD19: =(IF('Water Report'!$U$24>0,'Water Report'!$U$24,0)) -> 199 | BE19: =(IF('Water Report'!$U$25>0,'Water Report'!$U$25,0)) -> 233 | BF19: =(IF('Water Report'!$U$27>0,'Water Report'!$U$27,0)) -> 78 | BG19: =(IF('Section Load'!AN22>0,'Section Load'!AN22,0)) -> 980.5 | BH19: =(IF('Section Load'!AO22>0,'Section Load'!AO22,0)) -> 306.3 | BI19: =(IF('Section Load'!AP22>0,'Section Load'!AP22,0)) -> 0 | BJ19: =(IF('Section Load'!AQ22>0,'Section Load'!AQ22,0)) -> 95 | BK19: =(IF('Section Load'!AR22>0,'Section Load'!AR22,0)) -> 43 | BL19: =(IF('Section Load'!AS22>0,'Section Load'!AS22,0)) -> 0 | BM19: =(IF('Section Load'!AT22>0,'Section Load'!AT22,0)) -> 537
A20: Mumbai | B20: =B19+1 -> 19 | C20: 8 | D20: 2022 | E20: =(IF('Section Load'!F23>0,'Section Load'!F23,0)) -> 3973.96 | F20: =(IF('Section Load'!G23>0,'Section Load'!G23,0)) -> 991.05 | G20: =(IF('Section Load'!H23>0,'Section Load'!H23,0)) -> 2170.96 | H20: =(IF('Section Load'!I23>0,'Section Load'!I23,0)) -> 4284.65 | I20: =(IF('Section Load'!J23>0,'Section Load'!J23,0)) -> 6754.2 | J20: =(IF('Section Load'!K23>0,'Section Load'!K23,0)) -> 3216.92 | K20: =(IF('Section Load'!L23>0,'Section Load'!L23,0)) -> 1659.15 | L20: =(IF('Section Load'!M23>0,'Section Load'!M23,0)) -> 813.76 | ... AL20: =(IF('Section Load'!AM23>0,'Section Load'!AM23,0)) -> 911.67 | AM20: =(IF('Water Report'!$V$7>0,'Water Report'!$V$7,0)) -> 98 | AN20: =(IF('Water Report'!$V$8>0,'Water Report'!$V$8,0)) -> 102 | AO20: =(IF('Water Report'!$V$9>0,'Water Report'!$V$9,0)) -> 99 | AP20: =(IF('Water Report'!$V$10>0,'Water Report'!$V$10,0)) -> 23 | AQ20: =(IF('Water Report'!$V$11>0,'Water Report'!$V$11,0)) -> 21 | AR20: =(IF('Water Report'!$V$13>0,'Water Report'!$V$13,0)) -> 15 | AS20: =(IF('Water Report'!$V$14>0,'Water Report'!$V$14,0)) -> 5 | AT20: =(IF('Water Report'!$V$15>0,'Water Report'!$V$15,0)) -> 15 | AU20: =(IF('Water Report'!$V$17>0,'Water Report'!$V$17,0)) -> 0 | AV20: =(IF('Water Report'!$V$18>0,'Water Report'!$V$18,0)) -> 10 | AW20: =(IF('Water Report'!$V$19>0,'Water Report'!$V$19,0)) -> 11 | AX20: =(IF('Water Report'!$V$21>0,'Water Report'!$V$21,0)) -> 67 | AY20: =(IF('Water Report'!$V$22>0,'Water Report'!$V$22,0)) -> 0 | AZ20: =(IF('Water Report'!$V$23>0,'Water Report'!$V$23,0)) -> 22 | BA20: =(IF('Water Report'!$V$14>0,'Water Report'!$V$14,0)) -> 5 | BB20: =(IF('Water Report'!$V$15>0,'Water Report'!$V$15,0)) -> 15 | BC20: =(IF('Water Report'!$V$13>0,'Water Report'!$V$13,0)) -> 15 | BD20: =(IF('Water Report'!$V$24>0,'Water Report'!$V$24,0)) -> 151 | BE20: =(IF('Water Report'!$V$25>0,'Water Report'!$V$25,0)) -> 163 | BF20: =(IF('Water Report'!$V$27>0,'Water Report'!$V$27,0)) -> 104 | BG20: =(IF('Section Load'!AN23>0,'Section Load'!AN23,0)) -> 945.5 | BH20: =(IF('Section Load'!AO23>0,'Section Load'!AO23,0)) -> 315.2 | BI20: =(IF('Section Load'!AP23>0,'Section Load'!AP23,0)) -> 0.8 | BJ20: =(IF('Section Load'!AQ23>0,'Section Load'!AQ23,0)) -> 90 | BK20: =(IF('Section Load'!AR23>0,'Section Load'!AR23,0)) -> 51.3 | BL20: =(IF('Section Load'!AS23>0,'Section Load'!AS23,0)) -> 0 | BM20: =(IF('Section Load'!AT23>0,'Section Load'!AT23,0)) -> 488.2
A21: Mumbai | B21: =B20+1 -> 20 | C21: 8 | D21: 2022 | E21: =(IF('Section Load'!F24>0,'Section Load'!F24,0)) -> 3879.28 | F21: =(IF('Section Load'!G24>0,'Section Load'!G24,0)) -> 1010.14 | G21: =(IF('Section Load'!H24>0,'Section Load'!H24,0)) -> 2151.6 | H21: =(IF('Section Load'!I24>0,'Section Load'!I24,0)) -> 4205.51 | I21: =(IF('Section Load'!J24>0,'Section Load'!J24,0)) -> 7521.41 | J21: =(IF('Section Load'!K24>0,'Section Load'!K24,0)) -> 3222.28 | K21: =(IF('Section Load'!L24>0,'Section Load'!L24,0)) -> 1214.32 | L21: =(IF('Section Load'!M24>0,'Section Load'!M24,0)) -> 964.07 | ... AL21: =(IF('Section Load'!AM24>0,'Section Load'!AM24,0)) -> 883.12 | AM21: =(IF('Water Report'!$W$7>0,'Water Report'!$W$7,0)) -> 105 | AN21: =(IF('Water Report'!$W$8>0,'Water Report'!$W$8,0)) -> 112 | AO21: =(IF('Water Report'!$W$9>0,'Water Report'!$W$9,0)) -> 110 | AP21: =(IF('Water Report'!$W$10>0,'Water Report'!$W$10,0)) -> 15 | AQ21: =(IF('Water Report'!$W$11>0,'Water Report'!$W$11,0)) -> 23 | AR21: =(IF('Water Report'!$W$13>0,'Water Report'!$W$13,0)) -> 35 | AS21: =(IF('Water Report'!$W$14>0,'Water Report'!$W$14,0)) -> 3 | AT21: =(IF('Water Report'!$W$15>0,'Water Report'!$W$15,0)) -> 6 | AU21: =(IF('Water Report'!$W$17>0,'Water Report'!$W$17,0)) -> 0 | AV21: =(IF('Water Report'!$W$18>0,'Water Report'!$W$18,0)) -> 14 | AW21: =(IF('Water Report'!$W$19>0,'Water Report'!$W$19,0)) -> 12 | AX21: =(IF('Water Report'!$W$21>0,'Water Report'!$W$21,0)) -> 68 | AY21: =(IF('Water Report'!$W$22>0,'Water Report'!$W$22,0)) -> 0 | AZ21: =(IF('Water Report'!$W$23>0,'Water Report'!$W$23,0)) -> 48 | BA21: =(IF('Water Report'!$W$14>0,'Water Report'!$W$14,0)) -> 3 | BB21: =(IF('Water Report'!$W$15>0,'Water Report'!$W$15,0)) -> 6 | BC21: =(IF('Water Report'!$W$13>0,'Water Report'!$W$13,0)) -> 35 | BD21: =(IF('Water Report'!$W$24>0,'Water Report'!$W$24,0)) -> 241 | BE21: =(IF('Water Report'!$W$25>0,'Water Report'!$W$25,0)) -> 157 | BF21: =(IF('Water Report'!$W$27>0,'Water Report'!$W$27,0)) -> 151 | BG21: =(IF('Section Load'!AN24>0,'Section Load'!AN24,0)) -> 983 | BH21: =(IF('Section Load'!AO24>0,'Section Load'!AO24,0)) -> 308.63 | BI21: =(IF('Section Load'!AP24>0,'Section Load'!AP24,0)) -> 0 | BJ21: =(IF('Section Load'!AQ24>0,'Section Load'!AQ24,0)) -> 109 | BK21: =(IF('Section Load'!AR24>0,'Section Load'!AR24,0)) -> 53.7 | BL21: =(IF('Section Load'!AS24>0,'Section Load'!AS24,0)) -> 0 | BM21: =(IF('Section Load'!AT24>0,'Section Load'!AT24,0)) -> 511.67
A22: Mumbai | B22: =B21+1 -> 21 | C22: 8 | D22: 2022 | E22: =(IF('Section Load'!F25>0,'Section Load'!F25,0)) -> 3878.84 | F22: =(IF('Section Load'!G25>0,'Section Load'!G25,0)) -> 1018.61 | G22: =(IF('Section Load'!H25>0,'Section Load'!H25,0)) -> 2166.13 | H22: =(IF('Section Load'!I25>0,'Section Load'!I25,0)) -> 4378.55 | I22: =(IF('Section Load'!J25>0,'Section Load'!J25,0)) -> 4508.45 | J22: =(IF('Section Load'!K25>0,'Section Load'!K25,0)) -> 3160.89 | K22: =(IF('Section Load'!L25>0,'Section Load'!L25,0)) -> 1353.43 | L22: =(IF('Section Load'!M25>0,'Section Load'!M25,0)) -> 791 | ... AL22: =(IF('Section Load'!AM25>0,'Section Load'!AM25,0)) -> 885.21 | AM22: =(IF('Water Report'!$X$7>0,'Water Report'!$X$7,0)) -> 90 | AN22: =(IF('Water Report'!$X$8>0,'Water Report'!$X$8,0)) -> 57 | AO22: =(IF('Water Report'!$X$9>0,'Water Report'!$X$9,0)) -> 102 | AP22: =(IF('Water Report'!$X$10>0,'Water Report'!$X$10,0)) -> 21 | AQ22: =(IF('Water Report'!$X$11>0,'Water Report'!$X$11,0)) -> 20 | AR22: =(IF('Water Report'!$X$13>0,'Water Report'!$X$13,0)) -> 48 | AS22: =(IF('Water Report'!$X$14>0,'Water Report'!$X$14,0)) -> 4 | AT22: =(IF('Water Report'!$X$15>0,'Water Report'!$X$15,0)) -> 8 | AU22: =(IF('Water Report'!$X$17>0,'Water Report'!$X$17,0)) -> 0 | AV22: =(IF('Water Report'!$X$18>0,'Water Report'!$X$18,0)) -> 11 | AW22: =(IF('Water Report'!$X$19>0,'Water Report'!$X$19,0)) -> 9 | AX22: =(IF('Water Report'!$X$21>0,'Water Report'!$X$21,0)) -> 68 | AY22: =(IF('Water Report'!$X$22>0,'Water Report'!$X$22,0)) -> 0 | AZ22: =(IF('Water Report'!$X$23>0,'Water Report'!$X$23,0)) -> 24 | BA22: =(IF('Water Report'!$X$14>0,'Water Report'!$X$14,0)) -> 4 | BB22: =(IF('Water Report'!$X$15>0,'Water Report'!$X$15,0)) -> 8 | BC22: =(IF('Water Report'!$X$13>0,'Water Report'!$X$13,0)) -> 48 | BD22: =(IF('Water Report'!$X$24>0,'Water Report'!$X$24,0)) -> 191 | BE22: =(IF('Water Report'!$X$25>0,'Water Report'!$X$25,0)) -> 155 | BF22: =(IF('Water Report'!$X$27>0,'Water Report'!$X$27,0)) -> 140 | BG22: =(IF('Section Load'!AN25>0,'Section Load'!AN25,0)) -> 959 | BH22: =(IF('Section Load'!AO25>0,'Section Load'!AO25,0)) -> 317.87 | BI22: =(IF('Section Load'!AP25>0,'Section Load'!AP25,0)) -> 0 | BJ22: =(IF('Section Load'!AQ25>0,'Section Load'!AQ25,0)) -> 95 | BK22: =(IF('Section Load'!AR25>0,'Section Load'!AR25,0)) -> 47 | BL22: =(IF('Section Load'!AS25>0,'Section Load'!AS25,0)) -> 0 | BM22: =(IF('Section Load'!AT25>0,'Section Load'!AT25,0)) -> 499.13
A23: Mumbai | B23: =B22+1 -> 22 | C23: 8 | D23: 2022 | E23: =(IF('Section Load'!F26>0,'Section Load'!F26,0)) -> 3797 | F23: =(IF('Section Load'!G26>0,'Section Load'!G26,0)) -> 1022.31 | G23: =(IF('Section Load'!H26>0,'Section Load'!H26,0)) -> 2121 | H23: =(IF('Section Load'!I26>0,'Section Load'!I26,0)) -> 4205 | I23: =(IF('Section Load'!J26>0,'Section Load'!J26,0)) -> 5132 | J23: =(IF('Section Load'!K26>0,'Section Load'!K26,0)) -> 3122 | K23: =(IF('Section Load'!L26>0,'Section Load'!L26,0)) -> 545 | L23: =(IF('Section Load'!M26>0,'Section Load'!M26,0)) -> 691 | ... AL23: =(IF('Section Load'!AM26>0,'Section Load'!AM26,0)) -> 880 | AM23: =(IF('Water Report'!$Y$7>0,'Water Report'!$Y$7,0)) -> 104 | AN23: =(IF('Water Report'!$Y$8>0,'Water Report'!$Y$8,0)) -> 101 | AO23: =(IF('Water Report'!$Y$9>0,'Water Report'!$Y$9,0)) -> 98 | AP23: =(IF('Water Report'!$Y$10>0,'Water Report'!$Y$10,0)) -> 18 | AQ23: =(IF('Water Report'!$Y$11>0,'Water Report'!$Y$11,0)) -> 15 | AR23: =(IF('Water Report'!$Y$13>0,'Water Report'!$Y$13,0)) -> 16 | AS23: =(IF('Water Report'!$Y$14>0,'Water Report'!$Y$14,0)) -> 7 | AT23: =(IF('Water Report'!$Y$15>0,'Water Report'!$Y$15,0)) -> 6 | AU23: =(IF('Water Report'!$Y$17>0,'Water Report'!$Y$17,0)) -> 4 | AV23: =(IF('Water Report'!$Y$18>0,'Water Report'!$Y$18,0)) -> 14 | AW23: =(IF('Water Report'!$Y$19>0,'Water Report'!$Y$19,0)) -> 11 | AX23: =(IF('Water Report'!$Y$21>0,'Water Report'!$Y$21,0)) -> 47 | AY23: =(IF('Water Report'!$Y$22>0,'Water Report'!$Y$22,0)) -> 0 | AZ23: =(IF('Water Report'!$Y$23>0,'Water Report'!$Y$23,0)) -> 0 | BA23: =(IF('Water Report'!$Y$14>0,'Water Report'!$Y$14,0)) -> 7 | BB23: =(IF('Water Report'!$Y$15>0,'Water Report'!$Y$15,0)) -> 6 | BC23: =(IF('Water Report'!$Y$13>0,'Water Report'!$Y$13,0)) -> 16 | BD23: =(IF('Water Report'!$Y$24>0,'Water Report'!$Y$24,0)) -> 181 | BE23: =(IF('Water Report'!$Y$25>0,'Water Report'!$Y$25,0)) -> 144 | BF23: =(IF('Water Report'!$Y$27>0,'Water Report'!$Y$27,0)) -> 63 | BG23: =(IF('Section Load'!AN26>0,'Section Load'!AN26,0)) -> 927 | BH23: =(IF('Section Load'!AO26>0,'Section Load'!AO26,0)) -> 316 | BI23: =(IF('Section Load'!AP26>0,'Section Load'!AP26,0)) -> 0 | BJ23: =(IF('Section Load'!AQ26>0,'Section Load'!AQ26,0)) -> 85 | BK23: =(IF('Section Load'!AR26>0,'Section Load'!AR26,0)) -> 56 | BL23: =(IF('Section Load'!AS26>0,'Section Load'!AS26,0)) -> 0 | BM23: =(IF('Section Load'!AT26>0,'Section Load'!AT26,0)) -> 470
A24: Mumbai | B24: =B23+1 -> 23 | C24: 8 | D24: 2022 | E24: =(IF('Section Load'!F27>0,'Section Load'!F27,0)) -> 3711 | F24: =(IF('Section Load'!G27>0,'Section Load'!G27,0)) -> 985 | G24: =(IF('Section Load'!H27>0,'Section Load'!H27,0)) -> 2132 | H24: =(IF('Section Load'!I27>0,'Section Load'!I27,0)) -> 3942 | I24: =(IF('Section Load'!J27>0,'Section Load'!J27,0)) -> 6427 | J24: =(IF('Section Load'!K27>0,'Section Load'!K27,0)) -> 3100.03 | K24: =(IF('Section Load'!L27>0,'Section Load'!L27,0)) -> 1411 | L24: =(IF('Section Load'!M27>0,'Section Load'!M27,0)) -> 711 | ... AL24: =(IF('Section Load'!AM27>0,'Section Load'!AM27,0)) -> 879 | AM24: =(IF('Water Report'!$Z$7>0,'Water Report'!$Z$7,0)) -> 116 | AN24: =(IF('Water Report'!$Z$8>0,'Water Report'!$Z$8,0)) -> 86 | AO24: =(IF('Water Report'!$Z$9>0,'Water Report'!$Z$9,0)) -> 90 | AP24: =(IF('Water Report'!$Z$10>0,'Water Report'!$Z$10,0)) -> 16 | AQ24: =(IF('Water Report'!$Z$11>0,'Water Report'!$Z$11,0)) -> 17 | AR24: =(IF('Water Report'!$Z$13>0,'Water Report'!$Z$13,0)) -> 8 | AS24: =(IF('Water Report'!$Z$14>0,'Water Report'!$Z$14,0)) -> 5 | AT24: =(IF('Water Report'!$Z$15>0,'Water Report'!$Z$15,0)) -> 7 | AU24: =(IF('Water Report'!$Z$17>0,'Water Report'!$Z$17,0)) -> 2 | AV24: =(IF('Water Report'!$Z$18>0,'Water Report'!$Z$18,0)) -> 11 | AW24: =(IF('Water Report'!$Z$19>0,'Water Report'!$Z$19,0)) -> 12 | AX24: =(IF('Water Report'!$Z$21>0,'Water Report'!$Z$21,0)) -> 71 | AY24: =(IF('Water Report'!$Z$22>0,'Water Report'!$Z$22,0)) -> 0 | AZ24: =(IF('Water Report'!$Z$23>0,'Water Report'!$Z$23,0)) -> 18 | BA24: =(IF('Water Report'!$Z$14>0,'Water Report'!$Z$14,0)) -> 5 | BB24: =(IF('Water Report'!$Z$15>0,'Water Report'!$Z$15,0)) -> 7 | BC24: =(IF('Water Report'!$Z$13>0,'Water Report'!$Z$13,0)) -> 8 | BD24: =(IF('Water Report'!$Z$24>0,'Water Report'!$Z$24,0)) -> 209 | BE24: =(IF('Water Report'!$Z$25>0,'Water Report'!$Z$25,0)) -> 135 | BF24: =(IF('Water Report'!$Z$27>0,'Water Report'!$Z$27,0)) -> 97 | BG24: =(IF('Section Load'!AN27>0,'Section Load'!AN27,0)) -> 951 | BH24: =(IF('Section Load'!AO27>0,'Section Load'!AO27,0)) -> 306 | BI24: =(IF('Section Load'!AP27>0,'Section Load'!AP27,0)) -> 0 | BJ24: =(IF('Section Load'!AQ27>0,'Section Load'!AQ27,0)) -> 89 | BK24: =(IF('Section Load'!AR27>0,'Section Load'!AR27,0)) -> 40 | BL24: =(IF('Section Load'!AS27>0,'Section Load'!AS27,0)) -> 0 | BM24: =(IF('Section Load'!AT27>0,'Section Load'!AT27,0)) -> 516
A25: Mumbai | B25: =B24+1 -> 24 | C25: 8 | D25: 2022 | E25: =(IF('Section Load'!F28>0,'Section Load'!F28,0)) -> 3810.36 | F25: =(IF('Section Load'!G28>0,'Section Load'!G28,0)) -> 1054.52 | G25: =(IF('Section Load'!H28>0,'Section Load'!H28,0)) -> 2229.15 | H25: =(IF('Section Load'!I28>0,'Section Load'!I28,0)) -> 4084.69 | I25: =(IF('Section Load'!J28>0,'Section Load'!J28,0)) -> 5457.78 | J25: =(IF('Section Load'!K28>0,'Section Load'!K28,0)) -> 2906.21 | K25: =(IF('Section Load'!L28>0,'Section Load'!L28,0)) -> 1136.53 | L25: =(IF('Section Load'!M28>0,'Section Load'!M28,0)) -> 776.39 | ... AL25: =(IF('Section Load'!AM28>0,'Section Load'!AM28,0)) -> 893.23 | AM25: =(IF('Water Report'!$AA$7>0,'Water Report'!$AA$7,0)) -> 132 | AN25: =(IF('Water Report'!$AA$8>0,'Water Report'!$AA$8,0)) -> 52 | AO25: =(IF('Water Report'!$AA$9>0,'Water Report'!$AA$9,0)) -> 105 | AP25: =(IF('Water Report'!$AA$10>0,'Water Report'!$AA$10,0)) -> 15 | AQ25: =(IF('Water Report'!$AA$11>0,'Water Report'!$AA$11,0)) -> 19 | AR25: =(IF('Water Report'!$AA$13>0,'Water Report'!$AA$13,0)) -> 20 | AS25: =(IF('Water Report'!$AA$14>0,'Water Report'!$AA$14,0)) -> 2 | AT25: =(IF('Water Report'!$AA$15>0,'Water Report'!$AA$15,0)) -> 8 | AU25: =(IF('Water Report'!$AA$17>0,'Water Report'!$AA$17,0)) -> 0 | AV25: =(IF('Water Report'!$AA$18>0,'Water Report'!$AA$18,0)) -> 12 | AW25: =(IF('Water Report'!$AA$19>0,'Water Report'!$AA$19,0)) -> 10 | AX25: =(IF('Water Report'!$AA$21>0,'Water Report'!$AA$21,0)) -> 75 | AY25: =(IF('Water Report'!$AA$22>0,'Water Report'!$AA$22,0)) -> 67 | AZ25: =(IF('Water Report'!$AA$23>0,'Water Report'!$AA$23,0)) -> 0 | BA25: =(IF('Water Report'!$AA$14>0,'Water Report'!$AA$14,0)) -> 2 | BB25: =(IF('Water Report'!$AA$15>0,'Water Report'!$AA$15,0)) -> 8 | BC25: =(IF('Water Report'!$AA$13>0,'Water Report'!$AA$13,0)) -> 20 | BD25: =(IF('Water Report'!$AA$24>0,'Water Report'!$AA$24,0)) -> 297 | BE25: =(IF('Water Report'!$AA$25>0,'Water Report'!$AA$25,0)) -> 149 | BF25: =(IF('Water Report'!$AA$27>0,'Water Report'!$AA$27,0)) -> 95 | BG25: =(IF('Section Load'!AN28>0,'Section Load'!AN28,0)) -> 919.82 | BH25: =(IF('Section Load'!AO28>0,'Section Load'!AO28,0)) -> 252.5 | BI25: =(IF('Section Load'!AP28>0,'Section Load'!AP28,0)) -> 0 | BJ25: =(IF('Section Load'!AQ28>0,'Section Load'!AQ28,0)) -> 100.11 | BK25: =(IF('Section Load'!AR28>0,'Section Load'!AR28,0)) -> 39.9 | BL25: =(IF('Section Load'!AS28>0,'Section Load'!AS28,0)) -> 0 | BM25: =(IF('Section Load'!AT28>0,'Section Load'!AT28,0)) -> 527.31
A26: Mumbai | B26: =B25+1 -> 25 | C26: 8 | D26: 2022 | E26: =(IF('Section Load'!F29>0,'Section Load'!F29,0)) -> 3825.28 | F26: =(IF('Section Load'!G29>0,'Section Load'!G29,0)) -> 1085.39 | G26: =(IF('Section Load'!H29>0,'Section Load'!H29,0)) -> 2198.6 | H26: =(IF('Section Load'!I29>0,'Section Load'!I29,0)) -> 4181.69 | I26: =(IF('Section Load'!J29>0,'Section Load'!J29,0)) -> 7479.92 | J26: =(IF('Section Load'!K29>0,'Section Load'!K29,0)) -> 3225.3 | K26: =(IF('Section Load'!L29>0,'Section Load'!L29,0)) -> 1672.44 | L26: =(IF('Section Load'!M29>0,'Section Load'!M29,0)) -> 1070.4 | ... AL26: =(IF('Section Load'!AM29>0,'Section Load'!AM29,0)) -> 878.12 | AM26: =(IF('Water Report'!$AB$7>0,'Water Report'!$AB$7,0)) -> 88 | AN26: =(IF('Water Report'!$AB$8>0,'Water Report'!$AB$8,0)) -> 112 | AO26: =(IF('Water Report'!$AB$9>0,'Water Report'!$AB$9,0)) -> 102 | AP26: =(IF('Water Report'!$AB$10>0,'Water Report'!$AB$10,0)) -> 7 | AQ26: =(IF('Water Report'!$AB$11>0,'Water Report'!$AB$11,0)) -> 15 | AR26: =(IF('Water Report'!$AB$13>0,'Water Report'!$AB$13,0)) -> 23 | AS26: =(IF('Water Report'!$AB$14>0,'Water Report'!$AB$14,0)) -> 3 | AT26: =(IF('Water Report'!$AB$15>0,'Water Report'!$AB$15,0)) -> 10 | AU26: =(IF('Water Report'!$AB$17>0,'Water Report'!$AB$17,0)) -> 4 | AV26: =(IF('Water Report'!$AB$18>0,'Water Report'!$AB$18,0)) -> 13 | AW26: =(IF('Water Report'!$AB$19>0,'Water Report'!$AB$19,0)) -> 10 | AX26: =(IF('Water Report'!$AB$21>0,'Water Report'!$AB$21,0)) -> 63 | AY26: =(IF('Water Report'!$AB$22>0,'Water Report'!$AB$22,0)) -> 0 | AZ26: =(IF('Water Report'!$AB$23>0,'Water Report'!$AB$23,0)) -> 0 | BA26: =(IF('Water Report'!$AB$14>0,'Water Report'!$AB$14,0)) -> 3 | BB26: =(IF('Water Report'!$AB$15>0,'Water Report'!$AB$15,0)) -> 10 | BC26: =(IF('Water Report'!$AB$13>0,'Water Report'!$AB$13,0)) -> 23 | BD26: =(IF('Water Report'!$AB$24>0,'Water Report'!$AB$24,0)) -> 129 | BE26: =(IF('Water Report'!$AB$25>0,'Water Report'!$AB$25,0)) -> 137 | BF26: =(IF('Water Report'!$AB$27>0,'Water Report'!$AB$27,0)) -> 86 | BG26: =(IF('Section Load'!AN29>0,'Section Load'!AN29,0)) -> 944.38 | BH26: =(IF('Section Load'!AO29>0,'Section Load'!AO29,0)) -> 312.74 | BI26: =(IF('Section Load'!AP29>0,'Section Load'!AP29,0)) -> 0 | BJ26: =(IF('Section Load'!AQ29>0,'Section Load'!AQ29,0)) -> 99.44 | BK26: =(IF('Section Load'!AR29>0,'Section Load'!AR29,0)) -> 44.1 | BL26: =(IF('Section Load'!AS29>0,'Section Load'!AS29,0)) -> 0 | BM26: =(IF('Section Load'!AT29>0,'Section Load'!AT29,0)) -> 488.1
A27: Mumbai | B27: =B26+1 -> 26 | C27: 8 | D27: 2022 | E27: =(IF('Section Load'!F30>0,'Section Load'!F30,0)) -> 3883.76 | F27: =(IF('Section Load'!G30>0,'Section Load'!G30,0)) -> 1081.62 | G27: =(IF('Section Load'!H30>0,'Section Load'!H30,0)) -> 2171.2 | H27: =(IF('Section Load'!I30>0,'Section Load'!I30,0)) -> 4291.34 | I27: =(IF('Section Load'!J30>0,'Section Load'!J30,0)) -> 6455.4 | J27: =(IF('Section Load'!K30>0,'Section Load'!K30,0)) -> 2854.82 | K27: =(IF('Section Load'!L30>0,'Section Load'!L30,0)) -> 1123.48 | L27: =(IF('Section Load'!M30>0,'Section Load'!M30,0)) -> 1045.7 | ... AL27: =(IF('Section Load'!AM30>0,'Section Load'!AM30,0)) -> 893.3 | AM27: =(IF('Water Report'!$AC$7>0,'Water Report'!$AC$7,0)) -> 105 | AN27: =(IF('Water Report'!$AC$8>0,'Water Report'!$AC$8,0)) -> 115 | AO27: =(IF('Water Report'!$AC$9>0,'Water Report'!$AC$9,0)) -> 110 | AP27: =(IF('Water Report'!$AC$10>0,'Water Report'!$AC$10,0)) -> 10 | AQ27: =(IF('Water Report'!$AC$11>0,'Water Report'!$AC$11,0)) -> 21 | AR27: =(IF('Water Report'!$AC$13>0,'Water Report'!$AC$13,0)) -> 32 | AS27: =(IF('Water Report'!$AC$14>0,'Water Report'!$AC$14,0)) -> 6 | AT27: =(IF('Water Report'!$AC$15>0,'Water Report'!$AC$15,0)) -> 7 | AU27: =(IF('Water Report'!$AC$17>0,'Water Report'!$AC$17,0)) -> 0 | AV27: =(IF('Water Report'!$AC$18>0,'Water Report'!$AC$18,0)) -> 15 | AW27: =(IF('Water Report'!$AC$19>0,'Water Report'!$AC$19,0)) -> 10 | AX27: =(IF('Water Report'!$AC$21>0,'Water Report'!$AC$21,0)) -> 132 | AY27: =(IF('Water Report'!$AC$22>0,'Water Report'!$AC$22,0)) -> 0 | AZ27: =(IF('Water Report'!$AC$23>0,'Water Report'!$AC$23,0)) -> 0 | BA27: =(IF('Water Report'!$AC$14>0,'Water Report'!$AC$14,0)) -> 6 | BB27: =(IF('Water Report'!$AC$15>0,'Water Report'!$AC$15,0)) -> 7 | BC27: =(IF('Water Report'!$AC$13>0,'Water Report'!$AC$13,0)) -> 32 | BD27: =(IF('Water Report'!$AC$24>0,'Water Report'!$AC$24,0)) -> 270 | BE27: =(IF('Water Report'!$AC$25>0,'Water Report'!$AC$25,0)) -> 154 | BF27: =(IF('Water Report'!$AC$27>0,'Water Report'!$AC$27,0)) -> 164 | BG27: =(IF('Section Load'!AN30>0,'Section Load'!AN30,0)) -> 978.13 | BH27: =(IF('Section Load'!AO30>0,'Section Load'!AO30,0)) -> 284.52 | BI27: =(IF('Section Load'!AP30>0,'Section Load'!AP30,0)) -> 0 | BJ27: =(IF('Section Load'!AQ30>0,'Section Load'!AQ30,0)) -> 104.45 | BK27: =(IF('Section Load'!AR30>0,'Section Load'!AR30,0)) -> 52 | BL27: =(IF('Section Load'!AS30>0,'Section Load'!AS30,0)) -> 0 | BM27: =(IF('Section Load'!AT30>0,'Section Load'!AT30,0)) -> 537.16
A28: Mumbai | B28: =B27+1 -> 27 | C28: 8 | D28: 2022 | E28: =(IF('Section Load'!F31>0,'Section Load'!F31,0)) -> 3954 | F28: =(IF('Section Load'!G31>0,'Section Load'!G31,0)) -> 1050.5 | G28: =(IF('Section Load'!H31>0,'Section Load'!H31,0)) -> 2075.96 | H28: =(IF('Section Load'!I31>0,'Section Load'!I31,0)) -> 4254.22 | I28: =(IF('Section Load'!J31>0,'Section Load'!J31,0)) -> 6128.54 | J28: =(IF('Section Load'!K31>0,'Section Load'!K31,0)) -> 2857.48 | K28: =(IF('Section Load'!L31>0,'Section Load'!L31,0)) -> 988.94 | L28: =(IF('Section Load'!M31>0,'Section Load'!M31,0)) -> 960.36 | ... AL28: =(IF('Section Load'!AM31>0,'Section Load'!AM31,0)) -> 871.08 | AM28: =(IF('Water Report'!$AD$7>0,'Water Report'!$AD$7,0)) -> 97 | AN28: =(IF('Water Report'!$AD$8>0,'Water Report'!$AD$8,0)) -> 95 | AO28: =(IF('Water Report'!$AD$9>0,'Water Report'!$AD$9,0)) -> 105 | AP28: =(IF('Water Report'!$AD$10>0,'Water Report'!AD$10,0)) -> 15 | AQ28: =(IF('Water Report'!$AD$11>0,'Water Report'!AE$11,0)) -> 22 | AR28: =(IF('Water Report'!$AD$13>0,'Water Report'!AF$13,0)) -> 22 | AS28: =(IF('Water Report'!$AD$14>0,'Water Report'!AG$14,0)) -> 0 | AT28: =(IF('Water Report'!$AD$15>0,'Water Report'!AH$15,0)) -> 4 | AU28: =(IF('Water Report'!$AD$17>0,'Water Report'!AI$17,0)) -> 0 | AV28: =(IF('Water Report'!$AD$18>0,'Water Report'!AJ$18,0)) -> 0 | AW28: =(IF('Water Report'!$AD$19>0,'Water Report'!AK$19,0)) -> 0 | AX28: =(IF('Water Report'!$AD$21>0,'Water Report'!AL$21,0)) -> 0 | AY28: =(IF('Water Report'!$AD$22>0,'Water Report'!AM$22,0)) -> 0 | AZ28: =(IF('Water Report'!$AD$23>0,'Water Report'!AN$23,0)) -> 0 | BA28: =(IF('Water Report'!$AD$14>0,'Water Report'!AO$14,0)) -> 0 | BB28: =(IF('Water Report'!$AD$15>0,'Water Report'!AP$15,0)) -> 0 | BC28: =(IF('Water Report'!$AD$13>0,'Water Report'!AQ$13,0)) -> 0 | BD28: =(IF('Water Report'!$AD$24>0,'Water Report'!AR$24,0)) -> 0 | BE28: =(IF('Water Report'!$AD$25>0,'Water Report'!AS$25,0)) -> 0 | BF28: =(IF('Water Report'!$AD$27>0,'Water Report'!AT$27,0)) -> 0 | BG28: =(IF('Section Load'!AN31>0,'Section Load'!AN31,0)) -> 972.77 | BH28: =(IF('Section Load'!AO31>0,'Section Load'!AO31,0)) -> 281.48 | BI28: =(IF('Section Load'!AP31>0,'Section Load'!AP31,0)) -> 0 | BJ28: =(IF('Section Load'!AQ31>0,'Section Load'!AQ31,0)) -> 93 | BK28: =(IF('Section Load'!AR31>0,'Section Load'!AR31,0)) -> 53.6 | BL28: =(IF('Section Load'!AS31>0,'Section Load'!AS31,0)) -> 0 | BM28: =(IF('Section Load'!AT31>0,'Section Load'!AT31,0)) -> 545.09
A29: Mumbai | B29: =B28+1 -> 28 | C29: 8 | D29: 2022 | E29: =(IF('Section Load'!F32>0,'Section Load'!F32,0)) -> 3778.04 | F29: =(IF('Section Load'!G32>0,'Section Load'!G32,0)) -> 960.28 | G29: =(IF('Section Load'!H32>0,'Section Load'!H32,0)) -> 2059.32 | H29: =(IF('Section Load'!I32>0,'Section Load'!I32,0)) -> 3998.05 | I29: =(IF('Section Load'!J32>0,'Section Load'!J32,0)) -> 5701.88 | J29: =(IF('Section Load'!K32>0,'Section Load'!K32,0)) -> 3060.43 | K29: =(IF('Section Load'!L32>0,'Section Load'!L32,0)) -> 970.4 | L29: =(IF('Section Load'!M32>0,'Section Load'!M32,0)) -> 786.15 | ... AL29: =(IF('Section Load'!AM32>0,'Section Load'!AM32,0)) -> 889.18 | AM29: =(IF('Water Report'!$AE$7>0,'Water Report'!$AE$7,0)) -> 89 | AN29: =(IF('Water Report'!$AE$8>0,'Water Report'!$AE$8,0)) -> 105 | AO29: =(IF('Water Report'!$AE$9>0,'Water Report'!$AE$9,0)) -> 96 | AP29: =(IF('Water Report'!$AE$10>0,'Water Report'!$AE$10,0)) -> 14 | AQ29: =(IF('Water Report'!$AE$11>0,'Water Report'!$AE$11,0)) -> 22 | AR29: =(IF('Water Report'!$AE$13>0,'Water Report'!$AE$13,0)) -> 30 | AS29: =(IF('Water Report'!$AE$14>0,'Water Report'!$AE$14,0)) -> 2 | AT29: =(IF('Water Report'!$AE$15>0,'Water Report'!$AE$15,0)) -> 6 | AU29: =(IF('Water Report'!$AE$17>0,'Water Report'!$AE$17,0)) -> 0 | AV29: =(IF('Water Report'!$AE$18>0,'Water Report'!$AE$18,0)) -> 12 | AW29: =(IF('Water Report'!$AE$19>0,'Water Report'!$AE$19,0)) -> 9 | AX29: =(IF('Water Report'!$AE$21>0,'Water Report'!$AE$21,0)) -> 74 | AY29: =(IF('Water Report'!$AE$22>0,'Water Report'!$AE$22,0)) -> 0 | AZ29: =(IF('Water Report'!$AE$23>0,'Water Report'!$AE$23,0)) -> 3 | BA29: =(IF('Water Report'!$AE$14>0,'Water Report'!$AE$14,0)) -> 2 | BB29: =(IF('Water Report'!$AE$15>0,'Water Report'!$AE$15,0)) -> 6 | BC29: =(IF('Water Report'!$AE$13>0,'Water Report'!$AE$13,0)) -> 30 | BD29: =(IF('Water Report'!$AE$24>0,'Water Report'!$AE$24,0)) -> 240 | BE29: =(IF('Water Report'!$AE$25>0,'Water Report'!$AE$25,0)) -> 140 | BF29: =(IF('Water Report'!$AE$27>0,'Water Report'!$AE$27,0)) -> 107 | BG29: =(IF('Section Load'!AN32>0,'Section Load'!AN32,0)) -> 967.4 | BH29: =(IF('Section Load'!AO32>0,'Section Load'!AO32,0)) -> 291.66 | BI29: =(IF('Section Load'!AP32>0,'Section Load'!AP32,0)) -> 0 | BJ29: =(IF('Section Load'!AQ32>0,'Section Load'!AQ32,0)) -> 111 | BK29: =(IF('Section Load'!AR32>0,'Section Load'!AR32,0)) -> 54.4 | BL29: =(IF('Section Load'!AS32>0,'Section Load'!AS32,0)) -> 0 | BM29: =(IF('Section Load'!AT32>0,'Section Load'!AT32,0)) -> 511.14
A30: Mumbai | B30: =B29+1 -> 29 | C30: 8 | D30: 2022 | E30: =(IF('Section Load'!F33>0,'Section Load'!F33,0)) -> 3848.61 | F30: =(IF('Section Load'!G33>0,'Section Load'!G33,0)) -> 1021.38 | G30: =(IF('Section Load'!H33>0,'Section Load'!H33,0)) -> 2101.77 | H30: =(IF('Section Load'!I33>0,'Section Load'!I33,0)) -> 4216.01 | I30: =(IF('Section Load'!J33>0,'Section Load'!J33,0)) -> 6087.86 | J30: =(IF('Section Load'!K33>0,'Section Load'!K33,0)) -> 3270.73 | K30: =(IF('Section Load'!L33>0,'Section Load'!L33,0)) -> 1084.21 | L30: =(IF('Section Load'!M33>0,'Section Load'!M33,0)) -> 734 | ... AL30: =(IF('Section Load'!AM33>0,'Section Load'!AM33,0)) -> 882.09 | AM30: =(IF('Water Report'!$AF$7>0,'Water Report'!$AF$7,0)) -> 73 | AN30: =(IF('Water Report'!$AF$8>0,'Water Report'!$AF$8,0)) -> 105 | AO30: =(IF('Water Report'!$AF$9>0,'Water Report'!$AF$9,0)) -> 89 | AP30: =(IF('Water Report'!$AF$10>0,'Water Report'!$AF$10,0)) -> 9 | AQ30: =(IF('Water Report'!$AF$11>0,'Water Report'!$AF$11,0)) -> 14 | AR30: =(IF('Water Report'!$AF$13>0,'Water Report'!$AF$13,0)) -> 22 | AS30: =(IF('Water Report'!$AF$14>0,'Water Report'!$AF$14,0)) -> 3 | AT30: =(IF('Water Report'!$AF$15>0,'Water Report'!$AF$15,0)) -> 8 | AU30: =(IF('Water Report'!$AF$17>0,'Water Report'!$AF$17,0)) -> 2 | AV30: =(IF('Water Report'!$AF$18>0,'Water Report'!$AF$18,0)) -> 12 | AW30: =(IF('Water Report'!$AF$19>0,'Water Report'!$AF$19,0)) -> 11 | AX30: =(IF('Water Report'!$AF$21>0,'Water Report'!$AF$21,0)) -> 40 | AY30: =(IF('Water Report'!$AF$22>0,'Water Report'!$AF$22,0)) -> 14 | AZ30: =(IF('Water Report'!$AF$23>0,'Water Report'!$AF$23,0)) -> 0 | BA30: =(IF('Water Report'!$AF$14>0,'Water Report'!$AF$14,0)) -> 3 | BB30: =(IF('Water Report'!$AF$15>0,'Water Report'!$AF$15,0)) -> 8 | BC30: =(IF('Water Report'!$AF$13>0,'Water Report'!$AF$13,0)) -> 22 | BD30: =(IF('Water Report'!$AF$24>0,'Water Report'!$AF$24,0)) -> 220 | BE30: =(IF('Water Report'!$AF$25>0,'Water Report'!$AF$25,0)) -> 123 | BF30: =(IF('Water Report'!$AF$27>0,'Water Report'!$AF$27,0)) -> 62 | BG30: =(IF('Section Load'!AN33>0,'Section Load'!AN33,0)) -> 954.5 | BH30: =(IF('Section Load'!AO33>0,'Section Load'!AO33,0)) -> 290.1 | BI30: =(IF('Section Load'!AP33>0,'Section Load'!AP33,0)) -> 0 | BJ30: =(IF('Section Load'!AQ33>0,'Section Load'!AQ33,0)) -> 86 | BK30: =(IF('Section Load'!AR33>0,'Section Load'!AR33,0)) -> 50 | BL30: =(IF('Section Load'!AS33>0,'Section Load'!AS33,0)) -> 0.4 | BM30: =(IF('Section Load'!AT33>0,'Section Load'!AT33,0)) -> 528
A31: Mumbai | B31: =B30+1 -> 30 | C31: 8 | D31: 2022 | E31: =(IF('Section Load'!F34>0,'Section Load'!F34,0)) -> 3850.43 | F31: =(IF('Section Load'!G34>0,'Section Load'!G34,0)) -> 837.73 | G31: =(IF('Section Load'!H34>0,'Section Load'!H34,0)) -> 2201.71 | H31: =(IF('Section Load'!I34>0,'Section Load'!I34,0)) -> 4098.38 | I31: =(IF('Section Load'!J34>0,'Section Load'!J34,0)) -> 6423.54 | J31: =(IF('Section Load'!K34>0,'Section Load'!K34,0)) -> 2922.61 | K31: =(IF('Section Load'!L34>0,'Section Load'!L34,0)) -> 1066.23 | L31: =(IF('Section Load'!M34>0,'Section Load'!M34,0)) -> 794.49 | ... AL31: =(IF('Section Load'!AM34>0,'Section Load'!AM34,0)) -> 866.35 | AM31: =(IF('Water Report'!$AG$7>0,'Water Report'!$AG$7,0)) -> 74 | AN31: =(IF('Water Report'!$AG$8>0,'Water Report'!$AG$8,0)) -> 95 | AO31: =(IF('Water Report'!$AG$9>0,'Water Report'!$AG$9,0)) -> 89 | AP31: =(IF('Water Report'!$AG$10>0,'Water Report'!$DAG$10,0)) -> 0 | AQ31: =(IF('Water Report'!$AG$11>0,'Water Report'!$DAG$11,0)) -> 0 | AR31: =(IF('Water Report'!$AG$13>0,'Water Report'!$DAG$13,0)) -> 0 | AS31: =(IF('Water Report'!$AG$14>0,'Water Report'!$DAG$14,0)) -> 0 | AT31: =(IF('Water Report'!$AG$15>0,'Water Report'!$DAG$15,0)) -> 0 | AU31: =(IF('Water Report'!$AG$17>0,'Water Report'!$DAG$17,0)) -> 0 | AV31: =(IF('Water Report'!$AG$18>0,'Water Report'!$DAG$18,0)) -> 0 | AW31: =(IF('Water Report'!$AG$19>0,'Water Report'!$DAG$19,0)) -> 0 | AX31: =(IF('Water Report'!$AG$21>0,'Water Report'!$DAG$21,0)) -> 0 | AY31: =(IF('Water Report'!$AG$22>0,'Water Report'!$DAG$22,0)) -> 0 | AZ31: =(IF('Water Report'!$AG$23>0,'Water Report'!$DAG$23,0)) -> 0 | BA31: =(IF('Water Report'!$AG$14>0,'Water Report'!$DAG$14,0)) -> 0 | BB31: =(IF('Water Report'!$AG$15>0,'Water Report'!$DAG$15,0)) -> 0 | BC31: =(IF('Water Report'!$AG$13>0,'Water Report'!$DAG$13,0)) -> 0 | BD31: =(IF('Water Report'!$AG$24>0,'Water Report'!$DAG$24,0)) -> 0 | BE31: =(IF('Water Report'!$AG$25>0,'Water Report'!$DAG$25,0)) -> 0 | BF31: =(IF('Water Report'!$AG$27>0,'Water Report'!$DAG$27,0)) -> 0 | BG31: =(IF('Section Load'!AN34>0,'Section Load'!AN34,0)) -> 905 | BH31: =(IF('Section Load'!AO34>0,'Section Load'!AO34,0)) -> 281.75 | BI31: =(IF('Section Load'!AP34>0,'Section Load'!AP34,0)) -> 0 | BJ31: =(IF('Section Load'!AQ34>0,'Section Load'!AQ34,0)) -> 91.7 | BK31: =(IF('Section Load'!AR34>0,'Section Load'!AR34,0)) -> 48 | BL31: =(IF('Section Load'!AS34>0,'Section Load'!AS34,0)) -> 0 | BM31: =(IF('Section Load'!AT34>0,'Section Load'!AT34,0)) -> 483.55
A32: Mumbai | B32: =B31+1 -> 31 | C32: 8 | D32: 2022 | E32: =(IF('Section Load'!F35>0,'Section Load'!F35,0)) -> 3897.16 | F32: =(IF('Section Load'!G35>0,'Section Load'!G35,0)) -> 1213.53 | G32: =(IF('Section Load'!H35>0,'Section Load'!H35,0)) -> 2258.79 | H32: =(IF('Section Load'!I35>0,'Section Load'!I35,0)) -> 4106.5 | I32: =(IF('Section Load'!J35>0,'Section Load'!J35,0)) -> 8005.14 | J32: =(IF('Section Load'!K35>0,'Section Load'!K35,0)) -> 2989.32 | K32: =(IF('Section Load'!L35>0,'Section Load'!L35,0)) -> 1178.66 | L32: =(IF('Section Load'!M35>0,'Section Load'!M35,0)) -> 691.56 | ... AL32: =(IF('Section Load'!AM35>0,'Section Load'!AM35,0)) -> 877.65 | AM32: =(IF('Water Report'!$AH$7>0,'Water Report'!$AH$7,0)) -> 64 | AN32: =(IF('Water Report'!$AH$8>0,'Water Report'!$AH$8,0)) -> 105 | AO32: =(IF('Water Report'!$AH$9>0,'Water Report'!$AH$9,0)) -> 83 | AP32: =(IF('Water Report'!$AH$10>0,'Water Report'!$DAH$10,0)) -> 0 | AQ32: =(IF('Water Report'!$AH$11>0,'Water Report'!$DAH$11,0)) -> 0 | AR32: =(IF('Water Report'!$AH$13>0,'Water Report'!$DAH$13,0)) -> 0 | AS32: =(IF('Water Report'!$AH$14>0,'Water Report'!$DAH$14,0)) -> 0 | AT32: =(IF('Water Report'!$AH$15>0,'Water Report'!$DAH$15,0)) -> 0 | AU32: =(IF('Water Report'!$AH$17>0,'Water Report'!$DAH$17,0)) -> 0 | AV32: =(IF('Water Report'!$AH$18>0,'Water Report'!$DAH$18,0)) -> 0 | AW32: =(IF('Water Report'!$AH$19>0,'Water Report'!$DAH$19,0)) -> 0 | AX32: =(IF('Water Report'!$AH$21>0,'Water Report'!$DAH$21,0)) -> 0 | AY32: =(IF('Water Report'!$AH$22>0,'Water Report'!$DAH$22,0)) -> 0 | AZ32: =(IF('Water Report'!$AH$23>0,'Water Report'!$DAH$23,0)) -> 0 | BA32: =(IF('Water Report'!$AH$14>0,'Water Report'!$DAH$14,0)) -> 0 | BB32: =(IF('Water Report'!$AH$15>0,'Water Report'!$DAH$15,0)) -> 0 | BC32: =(IF('Water Report'!$AH$13>0,'Water Report'!$DAH$13,0)) -> 0 | BD32: =(IF('Water Report'!$AH$24>0,'Water Report'!$DAH$24,0)) -> 0 | BE32: =(IF('Water Report'!$AH$25>0,'Water Report'!$DAH$25,0)) -> 0 | BF32: =(IF('Water Report'!$AH$27>0,'Water Report'!$DAH$27,0)) -> 0 | BG32: =(IF('Section Load'!AN35>0,'Section Load'!AN35,0)) -> 874.6 | BH32: =(IF('Section Load'!AO35>0,'Section Load'!AO35,0)) -> 285.03 | BI32: =(IF('Section Load'!AP35>0,'Section Load'!AP35,0)) -> 0.8 | BJ32: =(IF('Section Load'!AQ35>0,'Section Load'!AQ35,0)) -> 84.8 | BK32: =(IF('Section Load'!AR35>0,'Section Load'!AR35,0)) -> 42 | BL32: =(IF('Section Load'!AS35>0,'Section Load'!AS35,0)) -> 0 | BM32: =(IF('Section Load'!AT35>0,'Section Load'!AT35,0)) -> 462.37

Sheet Daily HLP
A2: Date | B2: Date | C2: Min.Tem (Degee) | D2: Avg.Temp (Degree) | E2: Hum % | F2: Occu. | H2: Electricity | L2: Gas | O2: Water | R2: Water per occiped room | S2: Diesel | V2: Water Consumption Zone | Z2: Chiller Running Hrs | AE2: Chiller Total | AF2: Chiller Avg. Laod | AG2: Boiler Running Hrs | AJ2: Total boiler | AK2: Hot Water Generator | AN2: Total HWG RH | AO2: HWG Gas consumption | AP2: Transformer -1 | AZ2: Transformer -2 | BN2: Total HLP Cost | BP2: Chiller lock at 70%
F3: % | G3: KwH | H3: Units (Kvah) | I3: Rate | J3: Total Cost(Rs) | K3: Per room | L3: Total Units(CuM) | M3: Rate | N3: Total Cost(Rs) | O3: Units(KL) | P3: Rate | Q3: Total Cost(Rs) | S3: Ltrs | T3: Rate | U3: Total Cost(Rs) | V3: Zone-1 | W3: Zone-2 | X3: Zone-3 | Z3: CH1 | AA3: CH2 | AB3: CH3 | AC3: CH4 | AD3: Total chiller | AG3: Boiler1 | AH3: Boiler2 | AI3: Boiler3 | AK3: HWG1 | AL3: HWG2 | AP3: HVAC-1 | AQ3: FPP-1 | AR3: MPP | AS3: Lighting-1 | AT3: Cap bank 1100KVAR-1 | AU3: CH-1 | AV3: CH-2 | AW3: Chilled water Pump | AX3: Co Generator | AY3: Ball Room-2 | AZ3: HVAC-2 | BA3: FPP-2 | BB3: MPP | BC3: Lighting-2 | BD3: Cap bank 1200KVAR-2 | BE3: CH-3 | BF3: CH-4 | BG3: Chilled water Pump | BH3: Ball Room-1 | BJ3: Cooling Tower consumption | BK3: HVAC% | BL3: Lighting% | BM3: Power% | BO3: Chiller Plant IKW
A4: 1 | B4: 1 | D4: ='1'!D3 -> 29 | E4: ='1'!D4 -> 0.78 | F4: ='1'!D2 -> 0.88 | G4: ='1'!G7 -> 25437 | H4: ='1'!G8 -> 25783 | I4: 9 | J4: =H4*I4 -> 232047 | K4: =H4/202 -> 127.63861 | L4: ='1'!G15 -> 1063.6 | M4: 56.2 | N4: =L4*M4 -> 59774.32 | O4: ='1'!G20 -> 182 | P4: 108 | Q4: =O4*P4 -> 19656 | R4: =O4/(F4*202/100) -> 102.38524 | S4: ='1'!G24 -> 0 | T4: 69 | U4: =S4*T4 -> 0 | V4: ='1'!G65 -> 92 | W4: ='1'!G66 -> 25 | X4: ='1'!G67 -> 0 | Y4: =V4+W4+X4 -> 117 | Z4: ='1'!G84 -> 22.44 | AA4: ='1'!G85 -> 0 | AB4: ='1'!G86 -> 15.01 | AC4: ='1'!G87 -> 0 | AD4: =Z4+AA4+AB4+AC4 -> 37.45 | AE4: =AU4+AV4+BE4+BF4 -> 6923.3 | AF4: =AE4/AD4 -> 184.86782 | AG4: ='1'!G88 -> 0 | AH4: ='1'!G89 -> 9.64 | AI4: ='1'!G90 -> 11.75 | AJ4: =AG4+AH4+AI4 -> 21.39 | AK4: ='1'!G91 -> 0 | AL4: ='1'!G92 -> 10.86 | AN4: =AK4+AL4 -> 10.86 | AO4: ='1'!G74 -> 308.04 | AP4: ='1'!G35 -> 0 | AQ4: ='1'!G37 -> 0 | AR4: ='1'!G38 -> 2260.3 | AS4: ='1'!G39 -> 0.19 | AT4: ='1'!G40 -> 837.71 | AU4: ='1'!G41 -> 4943.21 | AV4: ='1'!G42 -> 0.07 | AW4: ='1'!G43 -> 0 | AX4: ='1'!G44 -> 0 | AY4: ='1'!G36 -> 620.19 | AZ4: ='1'!G49 -> 4229.35 | BA4: ='1'!G51 -> 1127.2 | BB4: ='1'!G52 -> -0.24 | BC4: ='1'!G53 -> 4348.67 | BD4: ='1'!G54 -> 341.79 | BE4: ='1'!G55 -> 1979.63 | BF4: ='1'!G56 -> 0.39 | BG4: ='1'!G57 -> 3125.45 | BH4: ='1'!G50 -> 1020.39 | BI4: =SUM(AU4,AV4,BE4,BF4) -> 6923.3 | BJ4: ='1'!G133 -> 0 | BK4: =SUM(AP4,AU4,AV4,AW4,AZ4,BE4,BF4,BG4)/H4% -> 55.377962 | BL4: =SUM(AS4,BC4)/H4% -> 16.867161 | BM4: =(AR4+BB4)/H4 -> 0.087656983 | BN4: =J4+N4+Q4+U4 -> 311477.32 | BO4: =SUM(AU4,AV4,AW4,BE4,BF4,BG4,BJ4) -> 10048.75 | BP4: =BO4/(AD4*280) -> 0.95830154 | BQ4: =SUM(AU4,AV4,BE4,BF4)/(AD4*400) -> 0.46216956
A5: 2 | B5: 2 | D5: ='2'!D3 -> 28 | E5: ='2'!D4 -> 0.79 | F5: ='2'!D2 -> 0.98 | G5: ='2'!G7 -> 25517 | H5: ='2'!G8 -> 25845 | I5: 9 | J5: =H5*I5 -> 232605 | K5: =H5/202 -> 127.94554 | L5: ='2'!G15 -> 1000.7 | M5: 56.2 | N5: =L5*M5 -> 56239.34 | O5: ='2'!G20 -> 231 | P5: 108 | Q5: =O5*P5 -> 24948 | R5: =O5/(F5*202/100) -> 116.69024 | S5: ='2'!G24 -> 0 | T5: 69 | U5: =S5*T5 -> 0 | V5: ='2'!F65 -> 454905 | W5: ='2'!G66 -> 17 | X5: ='2'!G67 -> 0 | Y5: =V5+W5+X5 -> 454922 | Z5: ='2'!G84 -> 11.68 | AA5: ='2'!G85 -> 0 | AB5: ='2'!G86 -> 23.99 | AC5: ='2'!G87 -> 0 | AD5: =Z5+AA5+AB5+AC5 -> 35.67 | AE5: =AU5+AV5+BE5+BF5 -> 6103.42 | AF5: =AE5/AD5 -> 171.10793 | AG5: ='2'!G88 -> 0 | AH5: ='2'!G89 -> 9.34 | AI5: ='2'!G90 -> 10.09 | AJ5: =AG5+AH5+AI5 -> 19.43 | AK5: ='2'!G91 -> 0 | AL5: ='2'!G92 -> 10.29 | AN5: =AK5+AL5 -> 10.29 | AO5: ='2'!G74 -> 286.33 | AP5: ='2'!G35 -> 0.05 | AQ5: ='2'!G37 -> -0.31 | AR5: ='2'!G38 -> 2221.05 | AS5: ='2'!G39 -> 0 | AT5: ='2'!G40 -> 856.23 | AU5: ='2'!G41 -> 2451.14 | AV5: ='2'!G42 -> 0 | AW5: ='2'!G43 -> 0 | AX5: ='2'!G44 -> 0 | AY5: ='2'!G36 -> 775.66 | AZ5: ='2'!G49 -> 4402.65 | BA5: ='2'!G51 -> 1083.62 | BB5: ='2'!G52 -> 0 | BC5: ='2'!G53 -> 4423.63 | BD5: ='2'!G54 -> 345.28 | BE5: ='2'!G55 -> 3652.28 | BF5: ='2'!G56 -> 0 | BG5: ='2'!G57 -> 2942.62 | BH5: ='2'!G50 -> 1053.84 | BI5: =SUM(AU5,AV5,BE5,BF5) -> 6103.42 | BJ5: ='2'!G133 -> 0 | BK5: =SUM(AP5,AU5,AV5,AW5,AZ5,BE5,BF5,BG5)/H5% -> 52.036139 | BL5: =SUM(AS5,BC5)/H5% -> 17.115999 | BM5: =(AR5+BB5)/H5 -> 0.085937319 | BN5: =J5+N5+Q5+U5 -> 313792.34 | BO5: =SUM(AU5,AV5,AW5,BE5,BF5,BG5,BJ5) -> 9046.04 | BP5: =BO5/(AD5*280) -> 0.9057271
A6: 3 | B6: 3 | D6: ='3'!D3 -> 29 | E6: ='3'!D4 -> 0.78 | F6: ='3'!D2 -> 0.98 | G6: ='3'!G7 -> 27628.19 | H6: ='3'!G8 -> 28055 | I6: 9 | J6: =H6*I6 -> 252495 | K6: =H6/202 -> 138.88614 | L6: ='3'!G15 -> 979.2 | M6: 56.2 | N6: =L6*M6 -> 55031.04 | O6: ='3'!G20 -> 155 | P6: 108 | Q6: =O6*P6 -> 16740 | R6: =O6/(F6*202/100) -> 78.298646 | S6: ='3'!G24 -> 0 | T6: 69 | U6: =S6*T6 -> 0 | V6: ='3'!G65 -> 104 | W6: ='3'!G66 -> 20 | X6: ='3'!G67 -> 0 | Y6: =V6+W6+X6 -> 124 | Z6: ='3'!G84 -> 0 | AA6: ='3'!G85 -> 16.29 | AB6: ='3'!G86 -> 24.24 | AC6: ='3'!G87 -> 0 | AD6: =Z6+AA6+AB6+AC6 -> 40.53 | AE6: =AU6+AV6+BE6+BF6 -> 7359.41 | AF6: =AE6/AD6 -> 181.57932 | AG6: ='3'!G88 -> 0 | AH6: ='3'!G89 -> 8.55 | AI6: ='3'!G90 -> 10.73 | AJ6: =AG6+AH6+AI6 -> 19.28 | AK6: ='3'!G91 -> 0.02 | AL6: ='3'!G92 -> 10.08 | AN6: =AK6+AL6 -> 10.1 | AO6: ='3'!G74 -> 281.28 | AP6: ='3'!G35 -> 0 | AQ6: ='3'!G37 -> 0 | AR6: ='3'!G38 -> 2247.12 | AS6: ='3'!G39 -> 0 | AT6: ='3'!G40 -> 844 | AU6: ='3'!G41 -> 0 | AV6: ='3'!G42 -> 3841.76 | AW6: ='3'!G43 -> 0 | AX6: ='3'!G44 -> 0 | AY6: ='3'!G36 -> 1174.12 | AZ6: ='3'!G49 -> 4074.19 | BA6: ='3'!G51 -> 1091.69 | BB6: ='3'!G52 -> 0 | BC6: ='3'!G53 -> 4283.96 | BD6: ='3'!G54 -> 341.3 | BE6: ='3'!G55 -> 3517.65 | BF6: ='3'!G56 -> 0 | BG6: ='3'!G57 -> 3175.12 | BH6: ='3'!G50 -> 1586.54 | BI6: =SUM(AU6,AV6,BE6,BF6) -> 7359.41 | BJ6: ='3'!G133 -> 0 | BK6: =SUM(AP6,AU6,AV6,AW6,AZ6,BE6,BF6,BG6)/H6% -> 52.071716 | BL6: =SUM(AS6,BC6)/H6% -> 15.269863 | BM6: =(AR6+BB6)/H6 -> 0.080096952 | BN6: =J6+N6+Q6+U6 -> 324266.04 | BO6: =SUM(AU6,AV6,AW6,BE6,BF6,BG6,BJ6) -> 10534.53 | BP6: =BO6/(AD6*280) -> 0.92828328
A7: 4 | B7: 4 | D7: ='4'!D3 -> 27 | E7: ='4'!D4 -> 0.93 | F7: ='4'!D2 -> 0.53 | G7: ='4'!G7 -> 25466 | H7: ='4'!G8 -> 25892 | I7: 9 | J7: =H7*I7 -> 233028 | K7: =H7/202 -> 128.17822 | L7: ='4'!G15 -> 1002.3 | M7: 56.2 | N7: =L7*M7 -> 56329.26 | O7: ='4'!G20 -> 183 | P7: 108 | Q7: =O7*P7 -> 19764 | R7: =O7/(F7*202/100) -> 170.93219 | S7: ='4'!G24 -> 0 | T7: 69 | U7: =S7*T7 -> 0 | V7: ='4'!G65 -> 108 | W7: ='4'!G66 -> 22 | X7: ='4'!G67 -> 0 | Y7: =V7+W7+X7 -> 130 | Z7: ='4'!G84 -> 12.47 | AA7: ='4'!G85 -> 0 | AB7: ='4'!G86 -> 24.33 | AC7: ='4'!G87 -> 0 | AD7: =Z7+AA7+AB7+AC7 -> 36.8 | AE7: =AU7+AV7+BE7+BF7 -> 6053.68 | AF7: =AE7/AD7 -> 164.50217 | AG7: ='4'!G88 -> 0.2 | AH7: ='4'!G89 -> 9.15 | AI7: ='4'!G90 -> 11.31 | AJ7: =AG7+AH7+AI7 -> 20.66 | AK7: ='4'!G91 -> 0 | AL7: ='4'!G92 -> 10.52 | AN7: =AK7+AL7 -> 10.52 | AO7: ='4'!G74 -> 292.35 | AP7: ='4'!G35 -> -0.05 | AQ7: ='4'!G37 -> 0 | AR7: ='4'!G38 -> 2254.16 | AS7: ='4'!G39 -> 0 | AT7: ='4'!G40 -> 881.06 | AU7: ='4'!G41 -> 2428.44 | AV7: ='4'!G42 -> 0 | AW7: ='4'!G43 -> 0 | AX7: ='4'!G44 -> 0 | AY7: ='4'!G36 -> 810.58 | AZ7: ='4'!G49 -> 4185.8 | BA7: ='4'!G51 -> 1113.08 | BB7: ='4'!G52 -> -0.01 | BC7: ='4'!G53 -> 4351.13 | BD7: ='4'!G54 -> 260.61 | BE7: ='4'!G55 -> 3625.24 | BF7: ='4'!G56 -> 0 | BG7: ='4'!G57 -> 3159 | BH7: ='4'!G50 -> 1123.22 | BI7: =SUM(AU7,AV7,BE7,BF7) -> 6053.68 | BJ7: ='3'!G133 -> 0 | BK7: =SUM(AP7,AU7,AV7,AW7,AZ7,BE7,BF7,BG7)/H7% -> 51.747374 | BL7: =SUM(AS7,BC7)/H7% -> 16.80492 | BM7: =(AR7+BB7)/H7 -> 0.08705971 | BN7: =J7+N7+Q7+U7 -> 309121.26 | BO7: =SUM(AU7,AV7,AW7,BE7,BF7,BG7,BJ7) -> 9212.68 | BP7: =BO7/(AD7*280) -> 0.89408773
A8: 5 | B8: 5 | D8: ='5'!D3 -> 27 | E8: ='5'!D4 -> 0.78 | F8: ='5'!D2 -> 0.63 | G8: ='5'!G7 -> 26773.81 | H8: ='5'!G8 -> 27118 | I8: 9 | J8: =H8*I8 -> 244062 | K8: =H8/202 -> 134.24752 | L8: ='5'!G15 -> 1047.2 | M8: 56.2 | N8: =L8*M8 -> 58852.64 | O8: ='5'!G20 -> 192 | P8: 108 | Q8: =O8*P8 -> 20736 | R8: =O8/(F8*202/100) -> 150.87223 | S8: ='5'!G24 -> 0 | T8: 69 | U8: =S8*T8 -> 0 | V8: ='5'!G65 -> 102 | W8: ='5'!G66 -> 25 | X8: ='5'!G67 -> 0 | Y8: =V8+W8+X8 -> 127 | Z8: ='5'!G84 -> 13.96 | AA8: ='5'!G85 -> 0 | AB8: ='5'!G86 -> 24.43 | AC8: ='5'!G87 -> 0 | AD8: =Z8+AA8+AB8+AC8 -> 38.39 | AE8: =AU8+AV8+BE8+BF8 -> 6662.02 | AF8: =AE8/AD8 -> 173.5353 | AG8: ='5'!G88 -> -0.2 | AH8: ='5'!G89 -> 9.06 | AI8: ='5'!G90 -> 12.54 | AJ8: =AG8+AH8+AI8 -> 21.4 | AK8: ='5'!G91 -> 0 | AL8: ='5'!G92 -> 10.25 | AN8: =AK8+AL8 -> 10.25 | AO8: ='5'!G74 -> 286.14 | AP8: ='5'!G35 -> 0 | AQ8: ='5'!G37 -> 0 | AR8: ='5'!G38 -> 2239.37 | AS8: ='5'!G39 -> -0.19 | AT8: ='5'!G40 -> 861 | AU8: ='5'!G41 -> 3130.21 | AV8: ='5'!G42 -> 0 | AW8: ='5'!G43 -> 0 | AX8: ='5'!G44 -> 0 | AY8: ='5'!G36 -> 1153.45 | AZ8: ='5'!G49 -> 4350.01 | BA8: ='5'!G51 -> 1100.41 | BB8: ='5'!G52 -> 0.01 | BC8: ='5'!G53 -> 4215.61 | BD8: ='5'!G54 -> 432.02 | BE8: ='5'!G55 -> 3532.2 | BF8: ='5'!G56 -> -0.39 | BG8: ='5'!G57 -> 3388.81 | BH8: ='5'!G50 -> 1030.01 | BI8: =SUM(AU8,AV8,BE8,BF8) -> 6662.02 | BJ8: ='5'!G133 -> 0 | BK8: =SUM(AP8,AU8,AV8,AW8,AZ8,BE8,BF8,BG8)/H8% -> 53.104359 | BL8: =SUM(AS8,BC8)/H8% -> 15.54473 | BM8: =(AR8+BB8)/H8 -> 0.082579099 | BN8: =J8+N8+Q8+U8 -> 323650.64 | BO8: =SUM(AU8,AV8,AW8,BE8,BF8,BG8,BJ8) -> 10050.83 | BP8: =BO8/(AD8*280) -> 0.93503051
A9: 6 | B9: 6 | D9: ='6'!D3 -> 27 | E9: ='6'!D4 -> 0.79 | F9: ='6'!D2 -> 0.81 | G9: ='6'!G7 -> 25778 | H9: ='6'!G8 -> 26156 | I9: 9 | J9: =H9*I9 -> 235404 | K9: =H9/202 -> 129.48515 | L9: ='6'!G15 -> 981 | M9: 56.2 | N9: =L9*M9 -> 55132.2 | O9: ='6'!G20 -> 247 | P9: 108 | Q9: =O9*P9 -> 26676 | R9: =O9/(F9*202/100) -> 150.95954 | S9: ='6'!G24 -> 0 | T9: 69 | U9: =S9*T9 -> 0 | V9: ='6'!G65 -> 104 | W9: ='6'!G66 -> 23 | X9: ='6'!G67 -> 0 | Y9: =V9+W9+X9 -> 127 | Z9: ='6'!G84 -> 13.45 | AA9: ='6'!G85 -> 0 | AB9: ='6'!G86 -> 24 | AC9: ='6'!G87 -> 0 | AD9: =Z9+AA9+AB9+AC9 -> 37.45 | AE9: =AU9+AV9+BE9+BF9 -> 6391.17 | AF9: =AE9/AD9 -> 170.65874 | AG9: ='6'!G88 -> 10.54 | AH9: ='6'!G89 -> 0 | AI9: ='6'!G90 -> 11.03 | AJ9: =AG9+AH9+AI9 -> 21.57 | AK9: ='6'!G91 -> 0 | AL9: ='6'!G92 -> 11.23 | AN9: =AK9+AL9 -> 11.23 | AO9: ='6'!G74 -> 312 | AP9: ='6'!G35 -> 0 | AQ9: ='6'!G37 -> 0 | AR9: ='6'!G38 -> 2225 | AS9: ='6'!G39 -> 0 | AT9: ='6'!G40 -> 851.67 | AU9: ='6'!G41 -> 2883 | AV9: ='6'!G42 -> 0.17 | AW9: ='6'!G43 -> 0 | AX9: ='6'!G44 -> 0 | AY9: ='6'!G36 -> 879 | AZ9: ='6'!G49 -> 4273 | BA9: ='6'!G51 -> 1116 | BB9: ='6'!G52 -> 0 | BC9: ='6'!G53 -> 4247 | BD9: ='6'!G54 -> 345 | BE9: ='6'!G55 -> 3508 | BF9: ='6'!G56 -> 0 | BG9: ='6'!G57 -> 3116 | BH9: ='6'!G50 -> 993 | BI9: =SUM(AU9,AV9,BE9,BF9) -> 6391.17 | BJ9: ='6'!G133 -> 0.41 | BK9: =SUM(AP9,AU9,AV9,AW9,AZ9,BE9,BF9,BG9)/H9% -> 52.684547 | BL9: =SUM(AS9,BC9)/H9% -> 16.237192 | BM9: =(AR9+BB9)/H9 -> 0.085066524 | BN9: =J9+N9+Q9+U9 -> 317212.2 | BO9: =SUM(AU9,AV9,AW9,BE9,BF9,BG9,BJ9) -> 9507.58 | BP9: =BO9/(AD9*280) -> 0.90669273
A10: 7 | B10: 7 | D10: ='7'!D3 -> 28 | E10: ='7'!D4 -> 0.78 | F10: ='7'!D2 -> 0.82 | G10: ='7'!G7 -> 25498 | H10: ='7'!G8 -> 25917 | I10: 9 | J10: =H10*I10 -> 233253 | K10: =H10/202 -> 128.30198 | L10: ='7'!G15 -> 1066 | M10: 56.2 | N10: =L10*M10 -> 59909.2 | O10: ='7'!G20 -> 287 | P10: 108 | Q10: =O10*P10 -> 30996 | R10: =O10/(F10*202/100) -> 173.26733 | S10: ='7'!G24 -> 0 | T10: 69 | U10: =S10*T10 -> 0 | V10: ='7'!G65 -> 101 | W10: ='7'!G66 -> 31 | X10: ='7'!G67 -> 0 | Y10: =V10+W10+X10 -> 132 | Z10: ='7'!G84 -> 14 | AA10: ='7'!G85 -> 0 | AB10: ='7'!G86 -> 24 | AC10: ='7'!G87 -> -0.43 | AD10: =Z10+AA10+AB10+AC10 -> 37.57 | AE10: =AU10+AV10+BE10+BF10 -> 6173 | AF10: =AE10/AD10 -> 164.30663 | AG10: ='7'!G88 -> 4.96 | AH10: ='7'!G89 -> 4.65 | AI10: ='7'!G90 -> 11 | AJ10: =AG10+AH10+AI10 -> 20.61 | AK10: ='7'!G91 -> 0 | AL10: ='7'!G92 -> 12.89 | AN10: =AK10+AL10 -> 12.89 | AO10: ='7'!G74 -> 359 | AP10: ='7'!G35 -> 0 | AQ10: ='7'!G37 -> 0 | AR10: ='7'!G38 -> 2257 | AS10: ='7'!G39 -> 0 | AT10: ='7'!G40 -> 871.33 | AU10: ='7'!G41 -> 2682 | AV10: ='7'!G42 -> 0 | AW10: ='7'!G43 -> 0 | AX10: ='7'!G44 -> 0 | AY10: ='7'!G36 -> 801 | AZ10: ='7'!G49 -> 4335 | BA10: ='7'!G51 -> 1065 | BB10: ='7'!G52 -> 0 | BC10: ='7'!G53 -> 4343 | BD10: ='7'!G54 -> 350 | BE10: ='7'!G55 -> 3491 | BF10: ='7'!G56 -> 0 | BG10: ='7'!G57 -> 3091 | BH10: ='7'!G50 -> 1137 | BI10: =SUM(AU10,AV10,BE10,BF10) -> 6173 | BJ10: ='7'!G133 -> 0 | BK10: =SUM(AP10,AU10,AV10,AW10,AZ10,BE10,BF10,BG10)/H10% -> 52.471351 | BL10: =SUM(AS10,BC10)/H10% -> 16.757341 | BM10: =(AR10+BB10)/H10 -> 0.087085697 | BN10: =J10+N10+Q10+U10 -> 324158.2 | BO10: =SUM(AU10,AV10,AW10,BE10,BF10,BG10,BJ10) -> 9264 | BP10: =BO10/(AD10*280) -> 0.88064185
A11: 8 | B11: 8 | D11: ='8'!D3 -> 28 | E11: ='8'!D4 -> 0.78 | F11: ='8'!D2 -> 0.98 | G11: ='8'!G7 -> 26827.15 | H11: ='8'!G8 -> 27220.03 | I11: 9 | J11: =H11*I11 -> 244980.27 | K11: =H11/202 -> 134.75262 | L11: ='8'!G15 -> 1037 | M11: 56.2 | N11: =L11*M11 -> 58279.4 | O11: ='8'!G20 -> 212 | P11: 108 | Q11: =O11*P11 -> 22896 | R11: =O11/(F11*202/100) -> 107.09234 | S11: ='8'!G24 -> 0 | T11: 69 | U11: =S11*T11 -> 0 | V11: ='8'!G65 -> 105 | W11: ='8'!G66 -> 31 | X11: ='8'!G67 -> 0 | Y11: =V11+W11+X11 -> 136 | Z11: ='8'!G84 -> 0 | AA11: ='8'!G85 -> 14.96 | AB11: ='8'!G86 -> 24 | AC11: ='8'!G87 -> 0 | AD11: =Z11+AA11+AB11+AC11 -> 38.96 | AE11: =AU11+AV11+BE11+BF11 -> 6736.28 | AF11: =AE11/AD11 -> 172.90246 | AG11: ='8'!G88 -> 0 | AH11: ='8'!G89 -> 8.48 | AI11: ='8'!G90 -> 11.46 | AJ11: =AG11+AH11+AI11 -> 19.94 | AK11: ='8'!G91 -> 0 | AL11: ='8'!G92 -> 10.45 | AN11: =AK11+AL11 -> 10.45 | AO11: ='8'!G74 -> 302.82 | AP11: ='8'!G35 -> 0.05 | AQ11: ='8'!G37 -> 0 | AR11: ='8'!G38 -> 2306.35 | AS11: ='8'!G39 -> 0.19 | AT11: ='8'!G40 -> 861.97 | AU11: ='8'!G41 -> 0.15 | AV11: ='8'!G42 -> 3257.51 | AW11: ='8'!G43 -> 0 | AX11: ='8'!G44 -> 0 | AY11: ='8'!G36 -> 861.95 | AZ11: ='8'!G49 -> 4326.43 | BA11: ='8'!G51 -> 1092.15 | BB11: ='8'!G52 -> 0 | BC11: ='8'!G53 -> 4721.94 | BD11: ='8'!G54 -> 383.99 | BE11: ='8'!G55 -> 3478.23 | BF11: ='8'!G56 -> 0.39 | BG11: ='8'!G57 -> 2997.81 | BH11: ='8'!G50 -> 1390.33 | BI11: =SUM(AU11,AV11,BE11,BF11) -> 6736.28 | BJ11: ='8'!G133 -> -0.41 | BK11: =SUM(AP11,AU11,AV11,AW11,AZ11,BE11,BF11,BG11)/H11% -> 51.655233 | BL11: =SUM(AS11,BC11)/H11% -> 17.347997 | BM11: =(AR11+BB11)/H11 -> 0.084729885 | BN11: =J11+N11+Q11+U11 -> 326155.67 | BO11: =SUM(AU11,AV11,AW11,BE11,BF11,BG11,BJ11) -> 9733.68 | BP11: =BO11/(AD11*280) -> 0.89227779
A12: 9 | B12: 9 | D12: ='9'!D3 -> 32 | E12: ='9'!D4 -> 0.7 | F12: ='9'!D2 -> 0.65 | G12: ='9'!G7 -> 26749.24 | H12: ='9'!G8 -> 27199.28 | I12: 9 | J12: =H12*I12 -> 244793.52 | K12: =H12/202 -> 134.6499 | L12: ='9'!G15 -> 1078.74 | M12: 56.2 | N12: =L12*M12 -> 60625.188 | O12: ='9'!G20 -> 84 | P12: 108 | Q12: =O12*P12 -> 9072 | R12: =O12/(F12*202/100) -> 63.975628 | S12: ='9'!G24 -> 0 | T12: 69 | U12: =S12*T12 -> 0 | V12: ='9'!G65 -> 114 | W12: ='9'!G66 -> 21 | X12: ='9'!G67 -> 0 | Y12: =V12+W12+X12 -> 135 | Z12: ='9'!G84 -> 15.01 | AA12: ='9'!G85 -> 0 | AB12: ='9'!G86 -> 24.18 | AC12: ='9'!G87 -> 0 | AD12: =Z12+AA12+AB12+AC12 -> 39.19 | AE12: =AU12+AV12+BE12+BF12 -> 6983.9 | AF12: =AE12/AD12 -> 178.20618 | AG12: ='9'!G88 -> 0 | AH12: ='9'!G89 -> 9.53 | AI12: ='9'!G90 -> 11.05 | AJ12: =AG12+AH12+AI12 -> 20.58 | AK12: ='9'!G91 -> 0 | AL12: ='9'!G92 -> 11.64 | AN12: =AK12+AL12 -> 11.64 | AO12: ='9'!G74 -> 332.11 | AP12: ='9'!G35 -> 0 | AQ12: ='9'!G37 -> 0 | AR12: ='9'!G38 -> 2242.88 | AS12: ='9'!G39 -> 0 | AT12: ='9'!G40 -> 833.71 | AU12: ='9'!G41 -> 3328.14 | AV12: ='9'!G42 -> 0 | AW12: ='9'!G43 -> 0 | AX12: ='9'!G44 -> 0 | AY12: ='9'!G36 -> 776.76 | AZ12: ='9'!G49 -> 1206.72 | BA12: ='9'!G51 -> 1077.55 | BB12: ='9'!G52 -> 0 | BC12: ='9'!G53 -> 4573.73 | BD12: ='9'!G54 -> 429.96 | BE12: ='9'!G55 -> 3655.76 | BF12: ='9'!G56 -> 0 | BG12: ='9'!G57 -> 3015.04 | BH12: ='9'!G50 -> 1277.2 | BI12: =SUM(AU12,AV12,BE12,BF12) -> 6983.9 | BJ12: ='8'!G133 -> -0.41 | BK12: =SUM(AP12,AU12,AV12,AW12,AZ12,BE12,BF12,BG12)/H12% -> 41.19837 | BL12: =SUM(AS12,BC12)/H12% -> 16.815629 | BM12: =(AR12+BB12)/H12 -> 0.082461006 | BN12: =J12+N12+Q12+U12 -> 314490.71 | BO12: =SUM(AU12,AV12,AW12,BE12,BF12,BG12,BJ12) -> 9998.53 | BP12: =BO12/(AD12*280) -> 0.91117723
A13: 10 | B13: 10 | D13: ='10'!D3 -> 25 | E13: ='10'!D4 -> 0.78 | F13: ='10'!D2 -> 0.91 | G13: ='10'!G7 -> 27026.32 | H13: ='10'!G8 -> 27516.88 | I13: 9 | J13: =H13*I13 -> 247651.92 | K13: =H13/202 -> 136.22218 | L13: ='10'!G15 -> 1150.34 | M13: 56.2 | N13: =L13*M13 -> 64649.108 | O13: ='10'!G20 -> 220 | P13: 108 | Q13: =O13*P13 -> 23760 | R13: =O13/(F13*202/100) -> 119.6823 | S13: ='10'!G24 -> 0 | T13: 69 | U13: =S13*T13 -> 0 | V13: ='10'!G65 -> 111 | W13: ='10'!G66 -> 20 | X13: ='10'!G67 -> 0 | Y13: =V13+W13+X13 -> 131 | Z13: ='10'!G84 -> 0 | AA13: ='10'!G85 -> 16.58 | AB13: ='10'!G86 -> 24.23 | AC13: ='10'!G87 -> 0 | AD13: =Z13+AA13+AB13+AC13 -> 40.81 | AE13: =AU13+AV13+BE13+BF13 -> 7326.28 | AF13: =AE13/AD13 -> 179.52169 | AG13: ='10'!G88 -> 0 | AH13: ='10'!G89 -> 9.76 | AI13: ='10'!G90 -> 11.19 | AJ13: =AG13+AH13+AI13 -> 20.95 | AK13: ='10'!G91 -> 0 | AL13: ='10'!G92 -> 12.54 | AN13: =AK13+AL13 -> 12.54 | AO13: ='10'!G74 -> 365.82 | AP13: ='10'!G35 -> 0 | AQ13: ='10'!G37 -> 0 | AR13: ='10'!G38 -> 2211.92 | AS13: ='10'!G39 -> 0 | AT13: ='10'!G40 -> 813.94 | AU13: ='10'!G41 -> 0 | AV13: ='10'!G42 -> 3700.96 | AW13: ='10'!G43 -> 0 | AX13: ='10'!G44 -> 0 | AY13: ='10'!G36 -> 1042.66 | AZ13: ='10'!G49 -> 4132.24 | BA13: ='10'!G51 -> 1046.08 | BB13: ='10'!G52 -> 0 | BC13: ='10'!G53 -> 4486.55 | BD13: ='10'!G54 -> 428.49 | BE13: ='10'!G55 -> 3625.32 | BF13: ='10'!G56 -> 0 | BG13: ='10'!G57 -> 2954.72 | BH13: ='10'!G50 -> 1240.8 | BI13: =SUM(AU13,AV13,BE13,BF13) -> 7326.28 | BJ13: ='8'!G133 -> -0.41 | BK13: =SUM(AP13,AU13,AV13,AW13,AZ13,BE13,BF13,BG13)/H13% -> 52.37963 | BL13: =SUM(AS13,BC13)/H13% -> 16.304719 | BM13: =(AR13+BB13)/H13 -> 0.080384113 | BN13: =J13+N13+Q13+U13 -> 336061.03 | BO13: =SUM(AU13,AV13,AW13,BE13,BF13,BG13,BJ13) -> 10280.59 | BP13: =BO13/(AD13*280) -> 0.89969108
A14: 11 | B14: 11 | D14: ='11'!D3 -> 26 | E14: ='11'!D4 -> 0.95 | F14: ='11'!D2 -> 0.4 | G14: ='11'!G7 -> 25363.29 | H14: ='11'!G8 -> 25770.81 | I14: 9 | J14: =H14*I14 -> 231937.29 | K14: =H14/202 -> 127.57827 | L14: ='11'!G15 -> 1023.92 | M14: 56.2 | N14: =L14*M14 -> 57544.304 | O14: ='11'!G20 -> 180 | P14: 108 | Q14: =O14*P14 -> 19440 | R14: =O14/(F14*202/100) -> 222.77228 | S14: ='11'!G24 -> 0 | T14: 69 | U14: =S14*T14 -> 0 | V14: ='11'!G65 -> 141 | W14: ='11'!G66 -> 18 | X14: ='11'!G67 -> 0 | Y14: =V14+W14+X14 -> 159 | Z14: ='11'!G84 -> 14.99 | AA14: ='11'!G85 -> 0 | AB14: ='11'!G86 -> 20.59 | AC14: ='11'!G87 -> 0 | AD14: =Z14+AA14+AB14+AC14 -> 35.58 | AE14: =AU14+AV14+BE14+BF14 -> 6495.54 | AF14: =AE14/AD14 -> 182.56155 | AG14: ='11'!G88 -> -0.01 | AH14: ='11'!G89 -> 8.47 | AI14: ='11'!G90 -> 10.65 | AJ14: =AG14+AH14+AI14 -> 19.11 | AK14: ='11'!G91 -> 0 | AL14: ='11'!G92 -> 10.66 | AN14: =AK14+AL14 -> 10.66 | AO14: ='11'!G74 -> 311.25 | AP14: ='11'!G35 -> 0 | AQ14: ='11'!G37 -> 0 | AR14: ='11'!G38 -> 2252.85 | AS14: ='11'!G39 -> -0.19 | AT14: ='11'!G40 -> 849.38 | AU14: ='11'!G41 -> 3255.71 | AV14: ='11'!G42 -> 19.53 | AW14: ='11'!G43 -> 0 | AX14: ='11'!G44 -> 0 | AY14: ='11'!G36 -> 787.63 | AZ14: ='11'!G49 -> 4136.61 | BA14: ='11'!G51 -> 1048.22 | BB14: ='11'!G52 -> 0 | BC14: ='11'!G53 -> 4435.78 | BD14: ='11'!G54 -> 383.56 | BE14: ='11'!G55 -> 3220.69 | BF14: ='11'!G56 -> -0.39 | BG14: ='11'!G57 -> 2857.43 | BH14: ='11'!G50 -> 1073.67 | BI14: =SUM(AU14,AV14,BE14,BF14) -> 6495.54 | BJ14: ='11'!G133 -> 0 | BK14: =SUM(AP14,AU14,AV14,AW14,AZ14,BE14,BF14,BG14)/H14% -> 52.344416 | BL14: =SUM(AS14,BC14)/H14% -> 17.211683 | BM14: =(AR14+BB14)/H14 -> 0.087418673 | BN14: =J14+N14+Q14+U14 -> 308921.59 | BO14: =SUM(AU14,AV14,AW14,BE14,BF14,BG14,BJ14) -> 9352.97 | BP14: =BO14/(AD14*280) -> 0.93882699
A15: 12 | B15: 12 | D15: ='12'!D3 -> 30 | E15: ='12'!D4 -> 0.77 | F15: ='12'!D2 -> 0.6 | G15: ='12'!G7 -> 26200 | H15: ='12'!G8 -> 26500 | I15: 9 | J15: =H15*I15 -> 238500 | K15: =H15/202 -> 131.18812 | L15: ='12'!G15 -> 1049 | M15: 56.2 | N15: =L15*M15 -> 58953.8 | O15: ='12'!G20 -> 205 | P15: 108 | Q15: =O15*P15 -> 22140 | R15: =O15/(F15*202/100) -> 169.14191 | S15: ='12'!G24 -> 0 | T15: 69 | U15: =S15*T15 -> 0 | V15: ='12'!G65 -> 63 | W15: ='12'!G66 -> 18 | X15: ='12'!G67 -> 0 | Y15: =V15+W15+X15 -> 81 | Z15: ='12'!G84 -> 24 | AA15: ='12'!G85 -> 7.98 | AB15: ='12'!G86 -> 0 | AC15: ='12'!G87 -> 0 | AD15: =Z15+AA15+AB15+AC15 -> 31.98 | AE15: =AU15+AV15+BE15+BF15 -> 8888 | AF15: =AE15/AD15 -> 277.9237 | AG15: ='12'!G88 -> 0.01 | AH15: ='12'!G89 -> 7.79 | AI15: ='12'!G90 -> 14.65 | AJ15: =AG15+AH15+AI15 -> 22.45 | AK15: ='12'!G91 -> 0 | AL15: ='12'!G92 -> 11.27 | AN15: =AK15+AL15 -> 11.27 | AO15: ='12'!G74 -> 313.25 | AP15: ='12'!G35 -> -0.05 | AQ15: ='12'!G37 -> -0.69 | AR15: ='12'!G38 -> 2208 | AS15: ='12'!G39 -> 0 | AT15: ='12'!G40 -> 1235 | AU15: ='12'!G41 -> 5255 | AV15: ='12'!G42 -> 3633 | AW15: ='12'!G43 -> 0 | AX15: ='12'!G44 -> 0 | AY15: ='12'!G36 -> 993 | AZ15: ='12'!G49 -> 4165 | BA15: ='12'!G51 -> 1062 | BB15: ='12'!G52 -> 0 | BC15: ='12'!G53 -> 4490 | BD15: ='12'!G54 -> 234 | BE15: ='12'!G55 -> 0 | BF15: ='12'!G56 -> 0 | BG15: ='12'!G57 -> 3298.12 | BH15: ='12'!G50 -> 1389.35 | BI15: =SUM(AU15,AV15,BE15,BF15) -> 8888 | BJ15: ='12'!G133 -> 0 | BK15: =SUM(AP15,AU15,AV15,AW15,AZ15,BE15,BF15,BG15)/H15% -> 61.702151 | BL15: =SUM(AS15,BC15)/H15% -> 16.943396 | BM15: =(AR15+BB15)/H15 -> 0.083320755 | BN15: =J15+N15+Q15+U15 -> 319593.8 | BO15: =SUM(AU15,AV15,AW15,BE15,BF15,BG15,BJ15) -> 12186.12 | BP15: =BO15/(AD15*280) -> 1.3609086
A16: 13 | B16: 13 | D16: ='13'!D3 -> 30 | E16: ='13'!D4 -> 0.77 | F16: ='13'!D2 -> 0.66 | G16: ='13'!G7 -> 26200 | H16: ='13'!G8 -> 26500 | I16: 9 | J16: =H16*I16 -> 238500 | K16: =H16/202 -> 131.18812 | L16: ='13'!G15 -> 1094.079 | M16: 56.2 | N16: =L16*M16 -> 61487.24 | O16: ='13'!G20 -> 210 | P16: 108 | Q16: =O16*P16 -> 22680 | R16: =O16/(F16*202/100) -> 157.51575 | S16: ='13'!G24 -> 0 | T16: 69 | U16: =S16*T16 -> 0 | V16: ='13'!G65 -> 117 | W16: ='13'!G66 -> 29 | X16: ='13'!G67 -> 172 | Y16: =V16+W16+X16 -> 318 | Z16: ='13'!G84 -> -24 | AA16: ='13'!G85 -> 24.48 | AB16: ='13'!G86 -> 1.4 | AC16: ='13'!G87 -> 0 | AD16: =Z16+AA16+AB16+AC16 -> 1.88 | AE16: =AU16+AV16+BE16+BF16 -> 7829.5 | AF16: =AE16/AD16 -> 4164.6277 | AG16: ='13'!G88 -> 0 | AH16: ='13'!G89 -> 8.53 | AI16: ='13'!G90 -> 7.57 | AJ16: =AG16+AH16+AI16 -> 16.1 | AK16: ='13'!G91 -> -0.06 | AL16: ='13'!G92 -> 11.23 | AN16: =AK16+AL16 -> 11.17 | AO16: ='13'!G74 -> 339.75 | AP16: ='13'!G35 -> 0.05 | AQ16: ='13'!G37 -> 0.69 | AR16: ='13'!G38 -> 2296.99 | AS16: ='13'!G39 -> 0.19 | AT16: ='13'!G40 -> 809.23 | AU16: ='13'!G41 -> 4116.85 | AV16: ='13'!G42 -> 3577.71 | AW16: ='13'!G43 -> 0 | AX16: ='13'!G44 -> 0 | AY16: ='13'!G36 -> 747.13 | AZ16: ='13'!G49 -> 4175.71 | BA16: ='13'!G51 -> 1045.233 | BB16: ='13'!G52 -> 0 | BC16: ='13'!G53 -> 4623.75 | BD16: ='13'!G54 -> 197.55 | BE16: ='13'!G55 -> 134.55 | BF16: ='13'!G56 -> 0.39 | BG16: ='13'!G57 -> 3254.25 | BH16: ='13'!G50 -> 1081.38 | BI16: =SUM(AU16,AV16,BE16,BF16) -> 7829.5 | BJ16: ='13'!G133 -> 2509.08 | BK16: =SUM(AP16,AU16,AV16,AW16,AZ16,BE16,BF16,BG16)/H16% -> 57.583057 | BL16: =SUM(AS16,BC16)/H16% -> 17.44883 | BM16: =(AR16+BB16)/H16 -> 0.086678868 | BN16: =J16+N16+Q16+U16 -> 322667.24 | BO16: =SUM(AU16,AV16,AW16,BE16,BF16,BG16,BJ16) -> 13592.83 | BP16: =BO16/(AD16*280) -> 25.822245
A17: 14 | B17: 14 | D17: ='14'!D3 -> 23 | E17: ='14'!D4 -> 0.95 | F17: ='14'!D2 -> 0.6 | G17: ='14'!G7 -> 26041 | H17: ='14'!G8 -> 26500 | I17: 9 | J17: =H17*I17 -> 238500 | K17: =H17/202 -> 131.18812 | L17: ='14'!G15 -> 1061.921 | M17: 56.2 | N17: =L17*M17 -> 59679.96 | O17: ='14'!G20 -> 248 | P17: 108 | Q17: =O17*P17 -> 26784 | R17: =O17/(F17*202/100) -> 204.62046 | S17: ='14'!G24 -> 0 | T17: 69 | U17: =S17*T17 -> 0 | V17: ='14'!G65 -> 97 | W17: ='14'!G66 -> 24 | X17: ='14'!G67 -> 0 | Y17: =V17+W17+X17 -> 121 | Z17: ='14'!G84 -> 0 | AA17: ='14'!G85 -> 20.52 | AB17: ='14'!G86 -> 17.6 | AC17: ='14'!G87 -> 24 | AD17: =Z17+AA17+AB17+AC17 -> 62.12 | AE17: =AU17+AV17+BE17+BF17 -> 7121.35 | AF17: =AE17/AD17 -> 114.6386 | AG17: ='14'!G88 -> 0 | AH17: ='14'!G89 -> 7.44 | AI17: ='14'!G90 -> 10.63 | AJ17: =AG17+AH17+AI17 -> 18.07 | AK17: ='14'!G91 -> 0 | AL17: ='14'!G92 -> 11.29 | AN17: =AK17+AL17 -> 11.29 | AO17: ='14'!G44 -> 0 | AP17: ='14'!G35 -> -0.05 | AQ17: ='14'!G37 -> 0 | AR17: ='14'!G38 -> 2243.01 | AS17: ='14'!G39 -> -0.19 | AT17: ='14'!G40 -> 827.77 | AU17: ='14'!G41 -> 0 | AV17: ='14'!G42 -> 4612.29 | AW17: ='14'!G43 -> 0 | AX17: ='14'!G44 -> 0 | AY17: ='14'!G36 -> 666.87 | AZ17: ='14'!G49 -> 4182.29 | BA17: ='14'!G51 -> 989.767 | BB17: ='14'!G52 -> 0.24 | BC17: ='14'!G53 -> 4402.25 | BD17: ='14'!G54 -> 180.45 | BE17: ='14'!G55 -> 2509.45 | BF17: ='14'!G56 -> -0.39 | BG17: ='14'!G57 -> 3090.63 | BH17: ='14'!G50 -> 1137.27 | BI17: =SUM(AU17,AV17,BE17,BF17) -> 7121.35 | BJ17: ='14'!G133 -> 1018.35 | BK17: =SUM(AP17,AU17,AV17,AW17,AZ17,BE17,BF17,BG17)/H17% -> 54.317811 | BL17: =SUM(AS17,BC17)/H17% -> 16.611547 | BM17: =(AR17+BB17)/H17 -> 0.084650943 | BN17: =J17+N17+Q17+U17 -> 324963.96 | BO17: =SUM(AU17,AV17,AW17,BE17,BF17,BG17,BJ17) -> 11230.33 | BP17: =BO17/(AD17*280) -> 0.64565875
A18: 15 | B18: 15 | D18: ='15'!D3 -> 26 | E18: ='15'!D4 -> 0.95 | F18: ='15'!D2 -> 0.41 | G18: ='15'!G7 -> 23168 | H18: ='15'!G8 -> 22866 | I18: 9 | J18: =H18*I18 -> 205794 | K18: =H18/202 -> 113.19802 | L18: ='15'!G15 -> 1067 | M18: 56.2 | N18: =L18*M18 -> 59965.4 | O18: ='15'!G20 -> 300 | P18: 108 | Q18: =O18*P18 -> 32400 | R18: =O18/(F18*202/100) -> 362.23135 | S18: ='15'!G24 -> 0 | T18: 69 | U18: =S18*T18 -> 0 | V18: ='15'!G65 -> 83 | W18: ='15'!G66 -> 25 | X18: ='15'!G67 -> 0 | Y18: =V18+W18+X18 -> 108 | Z18: ='15'!G84 -> 0 | AA18: ='15'!G85 -> 0 | AB18: ='15'!G86 -> 24 | AC18: ='15'!G87 -> 0 | AD18: =Z18+AA18+AB18+AC18 -> 24 | AE18: =AU18+AV18+BE18+BF18 -> 4094.15 | AF18: =AE18/AD18 -> 170.58958 | AG18: ='15'!G88 -> 0 | AH18: ='15'!G89 -> 9.11 | AI18: ='15'!G90 -> 11.44 | AJ18: =AG18+AH18+AI18 -> 20.55 | AK18: ='15'!G91 -> 0 | AL18: ='15'!G92 -> 11.39 | AN18: =AK18+AL18 -> 11.39 | AO18: ='15'!G74 -> 331 | AP18: ='15'!G35 -> 0.05 | AQ18: ='15'!G37 -> 0.31 | AR18: ='15'!G38 -> 2238 | AS18: ='15'!G39 -> 0 | AT18: ='15'!G40 -> 863 | AU18: ='15'!G41 -> 0.15 | AV18: ='15'!G42 -> 0 | AW18: ='15'!G43 -> 0 | AX18: ='15'!G44 -> 0 | AY18: ='15'!G36 -> 671 | AZ18: ='15'!G49 -> 3876 | BA18: ='15'!G51 -> 963 | BB18: ='15'!G52 -> 0 | BC18: ='15'!G53 -> 4430 | BD18: ='15'!G54 -> 184 | BE18: ='15'!G55 -> 4094 | BF18: ='15'!G56 -> 0 | BG18: ='15'!G57 -> 3052 | BH18: ='15'!G50 -> 1089 | BI18: =SUM(AU18,AV18,BE18,BF18) -> 4094.15 | BJ18: ='15'!G133 -> 938 | BK18: =SUM(AP18,AU18,AV18,AW18,AZ18,BE18,BF18,BG18)/H18% -> 48.203446 | BL18: =SUM(AS18,BC18)/H18% -> 19.373743 | BM18: =(AR18+BB18)/H18 -> 0.097874574 | BN18: =J18+N18+Q18+U18 -> 298159.4 | BO18: =SUM(AU18,AV18,AW18,BE18,BF18,BG18,BJ18) -> 8084.15 | BP18: =BO18/(AD18*280) -> 1.2029985
A19: 16 | B19: 16 | D19: ='16'!D3 -> 26 | E19: ='16'!D4 -> 0.95 | F19: ='16'!D2 -> 0.5 | G19: ='16'!G7 -> 27310 | H19: ='16'!G8 -> 27629 | I19: 9 | J19: =H19*I19 -> 248661 | K19: =H19/202 -> 136.77723 | L19: ='16'!G15 -> 1000 | M19: 56.2 | N19: =L19*M19 -> 56200 | O19: ='16'!G20 -> 142 | P19: 108 | Q19: =O19*P19 -> 15336 | R19: =O19/(F19*202/100) -> 140.59406 | S19: ='16'!G24 -> 0 | T19: 69 | U19: =S19*T19 -> 0 | V19: ='16'!G65 -> 98 | W19: ='16'!G66 -> 0 | X19: ='16'!G67 -> 0 | Y19: =V19+W19+X19 -> 98 | Z19: ='16'!G84 -> 20 | AA19: ='16'!G85 -> 0 | AB19: ='16'!G86 -> 23 | AC19: ='16'!G87 -> 0 | AD19: =Z19+AA19+AB19+AC19 -> 43 | AE19: =AU19+AV19+BE19+BF19 -> 7177 | AF19: =AE19/AD19 -> 166.90698 | AG19: ='16'!G88 -> 0 | AH19: ='16'!G89 -> 8.63 | AI19: ='16'!G90 -> 10.51 | AJ19: =AG19+AH19+AI19 -> 19.14 | AK19: ='16'!G91 -> 0 | AL19: ='16'!G92 -> 11.13 | AN19: =AK19+AL19 -> 11.13 | AO19: ='16'!G74 -> 314 | AP19: ='16'!G35 -> 0 | AQ19: ='16'!G37 -> 0 | AR19: ='16'!G38 -> 2245 | AS19: ='16'!G39 -> 0 | AT19: ='16'!G40 -> 843 | AU19: ='16'!G41 -> 3750 | AV19: ='16'!G42 -> 0 | AW19: ='16'!G43 -> 0 | AX19: ='16'!G44 -> 0 | AY19: ='16'!G36 -> 1151 | AZ19: ='16'!G49 -> 3791 | BA19: ='16'!G51 -> 1026 | BB19: ='16'!G52 -> 0 | BC19: ='16'!G53 -> 4282 | BD19: ='16'!G54 -> 181 | BE19: ='16'!G55 -> 3427 | BF19: ='16'!G56 -> 0 | BG19: ='16'!G57 -> 3335 | BH19: ='16'!G50 -> 1867 | BI19: =SUM(AU19,AV19,BE19,BF19) -> 7177 | BJ19: ='16'!G133 -> 870 | BK19: =SUM(AP19,AU19,AV19,AW19,AZ19,BE19,BF19,BG19)/H19% -> 51.76807 | BL19: =SUM(AS19,BC19)/H19% -> 15.498208 | BM19: =(AR19+BB19)/H19 -> 0.081255203 | BN19: =J19+N19+Q19+U19 -> 320197 | BO19: =SUM(AU19,AV19,AW19,BE19,BF19,BG19,BJ19) -> 11382 | BP19: =BO19/(AD19*280) -> 0.94534884
A20: 17 | B20: 17 | D20: ='17'!D3 -> 26 | E20: ='17'!D4 -> 0.95 | F20: ='17'!D2 -> 0.5 | G20: ='17'!G7 -> 26491 | H20: ='17'!G8 -> 26748 | I20: 9 | J20: =H20*I20 -> 240732 | K20: =H20/202 -> 132.41584 | L20: ='17'!G15 -> 1001 | M20: 56.2 | N20: =L20*M20 -> 56256.2 | O20: ='17'!G20 -> 289 | P20: 108 | Q20: =O20*P20 -> 31212 | R20: =O20/(F20*202/100) -> 286.13861 | S20: ='17'!G24 -> 0 | T20: 69 | U20: =S20*T20 -> 0 | V20: ='17'!G65 -> 101 | W20: ='17'!G66 -> 37 | X20: ='17'!G67 -> 0 | Y20: =V20+W20+X20 -> 138 | Z20: ='17'!G84 -> 22 | AA20: ='17'!G85 -> 0 | AB20: ='17'!G86 -> 17 | AC20: ='17'!G87 -> 0 | AD20: =Z20+AA20+AB20+AC20 -> 39 | AE20: =AU20+AV20+BE20+BF20 -> 7321 | AF20: =AE20/AD20 -> 187.71795 | AG20: ='17'!G88 -> 0 | AH20: ='17'!G89 -> 8.46 | AI20: ='17'!G90 -> 9.74 | AJ20: =AG20+AH20+AI20 -> 18.2 | AK20: ='17'!G91 -> 0 | AL20: ='17'!G92 -> 11.27 | AN20: =AK20+AL20 -> 11.27 | AO20: ='17'!G74 -> 311 | AP20: ='17'!G35 -> 0 | AQ20: ='17'!G37 -> 0 | AR20: ='17'!G38 -> 2272 | AS20: ='17'!G39 -> 0 | AT20: ='17'!G40 -> 841 | AU20: ='17'!G41 -> 4988 | AV20: ='17'!G42 -> 0 | AW20: ='17'!G43 -> 0 | AX20: ='17'!G44 -> 0 | AY20: ='17'!G36 -> 750 | AZ20: ='17'!G49 -> 3836 | BA20: ='17'!G51 -> 989 | BB20: ='17'!G52 -> 0 | BC20: ='17'!G53 -> 4339 | BD20: ='17'!G54 -> 182 | BE20: ='17'!G55 -> 2333 | BF20: ='17'!G56 -> 0 | BG20: ='17'!G57 -> 3232 | BH20: ='17'!G50 -> 1862 | BI20: =SUM(AU20,AV20,BE20,BF20) -> 7321 | BJ20: ='17'!G133 -> 860 | BK20: =SUM(AP20,AU20,AV20,AW20,AZ20,BE20,BF20,BG20)/H20% -> 53.794676 | BL20: =SUM(AS20,BC20)/H20% -> 16.221774 | BM20: =(AR20+BB20)/H20 -> 0.08494093 | BN20: =J20+N20+Q20+U20 -> 328200.2 | BO20: =SUM(AU20,AV20,AW20,BE20,BF20,BG20,BJ20) -> 11413 | BP20: =BO20/(AD20*280) -> 1.0451465
A21: 18 | B21: 18 | D21: ='18 '!D3 -> 28 | E21: ='18 '!D4 -> 0.78 | F21: ='18 '!D2 -> 0.98 | G21: ='18 '!G7 -> 25260.9 | H21: ='18 '!G8 -> 24766 | I21: 9 | J21: =H21*I21 -> 222894 | K21: =H21/202 -> 122.60396 | L21: ='18 '!G15 -> 980.5 | M21: 56.2 | N21: =L21*M21 -> 55104.1 | O21: ='18 '!G20 -> 199 | P21: 108 | Q21: =O21*P21 -> 21492 | R21: =O21/(F21*202/100) -> 100.52536 | S21: ='18 '!G24 -> 0 | T21: 69 | U21: =S21*T21 -> 0 | V21: ='18 '!G65 -> 94 | W21: ='18 '!G66 -> 16 | X21: ='18 '!G67 -> 110 | Y21: =V21+W21+X21 -> 220 | Z21: ='18 '!G84 -> 12.34 | AA21: ='18 '!G85 -> 0.05 | AB21: ='18 '!G86 -> 23.02 | AC21: ='18 '!G87 -> 0 | AD21: =Z21+AA21+AB21+AC21 -> 35.41 | AE21: =AU21+AV21+BE21+BF21 -> 6000.94 | AF21: =AE21/AD21 -> 169.47021 | AG21: ='18 '!G88 -> 0 | AH21: ='18 '!G89 -> 9.06 | AI21: ='18 '!G90 -> 9.19 | AJ21: =AG21+AH21+AI21 -> 18.25 | AK21: ='18 '!G91 -> 0 | AL21: ='18 '!G92 -> 11.02 | AN21: =AK21+AL21 -> 11.02 | AO21: ='18 '!G74 -> 306.3 | AP21: ='18 '!G35 -> 0 | AQ21: ='18 '!G37 -> -0.31 | AR21: ='18 '!G38 -> 2135.31 | AS21: ='18 '!G39 -> 0.19 | AT21: ='18 '!G40 -> 831.29 | AU21: ='18 '!G41 -> 2506.37 | AV21: ='18 '!G42 -> 0.03 | AW21: ='18 '!G43 -> 0 | AX21: ='18 '!G44 -> 0 | AY21: ='18 '!G36 -> 795.17 | AZ21: ='18 '!G49 -> 3797.87 | BA21: ='18 '!G51 -> 985.2 | BB21: ='18 '!G52 -> 0 | BC21: ='18 '!G53 -> 4169.1 | BD21: ='18 '!G54 -> 179 | BE21: ='18 '!G55 -> 3494.15 | BF21: ='18 '!G56 -> 0.39 | BG21: ='18 '!G57 -> 3086.91 | BH21: ='18 '!G50 -> 1227.1 | BI21: =SUM(AU21,AV21,BE21,BF21) -> 6000.94 | BJ21: ='18 '!G133 -> 830 | BK21: =SUM(AP21,AU21,AV21,AW21,AZ21,BE21,BF21,BG21)/H21% -> 52.02988 | BL21: =SUM(AS21,BC21)/H21% -> 16.834733 | BM21: =(AR21+BB21)/H21 -> 0.086219414 | BN21: =J21+N21+Q21+U21 -> 299490.1 | BO21: =SUM(AU21,AV21,AW21,BE21,BF21,BG21,BJ21) -> 9917.85 | BP21: =BO21/(AD21*280) -> 1.0003076
A22: 19 | B22: 19 | D22: ='19'!D3 -> 27 | E22: ='19'!D4 -> 0.78 | F22: ='19'!D2 -> 0.94 | G22: ='19'!G7 -> 26393.85 | H22: ='19'!G8 -> 26615.7 | I22: 9 | J22: =H22*I22 -> 239541.3 | K22: =H22/202 -> 131.76089 | L22: ='19'!G15 -> 945.5 | M22: 56.2 | N22: =L22*M22 -> 53137.1 | O22: ='19'!G20 -> 151 | P22: 108 | Q22: =O22*P22 -> 16308 | R22: =O22/(F22*202/100) -> 79.52391 | S22: ='19'!G24 -> 0 | T22: 69 | U22: =S22*T22 -> 0 | V22: ='19'!G65 -> 99 | W22: ='19'!G66 -> 23 | X22: ='19'!G67 -> 21 | Y22: =V22+W22+X22 -> 143 | Z22: ='19'!G84 -> 0 | AA22: ='19'!G85 -> 13.08 | AB22: ='19'!G86 -> 24.54 | AC22: ='19'!G87 -> 0 | AD22: =Z22+AA22+AB22+AC22 -> 37.62 | AE22: =AU22+AV22+BE22+BF22 -> 6754.2 | AF22: =AE22/AD22 -> 179.53748 | AG22: ='19'!G88 -> 0 | AH22: ='19'!G89 -> 6.76 | AI22: ='19'!G90 -> 10.57 | AJ22: =AG22+AH22+AI22 -> 17.33 | AK22: ='19'!G91 -> 0 | AL22: ='19'!G92 -> 11.37 | AN22: =AK22+AL22 -> 11.37 | AO22: ='19'!G74 -> 315.2 | AP22: ='19'!G35 -> 0 | AQ22: ='19'!G37 -> 0 | AR22: ='19'!G38 -> 2170.96 | AS22: ='19'!G39 -> 0 | AT22: ='19'!G40 -> 846.79 | AU22: ='19'!G41 -> 0 | AV22: ='19'!G42 -> 3061.44 | AW22: ='19'!G43 -> 0 | AX22: ='19'!G44 -> 0 | AY22: ='19'!G36 -> 813.76 | AZ22: ='19'!G49 -> 3973.96 | BA22: ='19'!G51 -> 991.05 | BB22: ='19'!G52 -> 0 | BC22: ='19'!G53 -> 4284.65 | BD22: ='19'!G54 -> 181.9 | BE22: ='19'!G55 -> 3692.76 | BF22: ='19'!G56 -> 0 | BG22: ='19'!G57 -> 3216.92 | BH22: ='19'!G50 -> 1659.15 | BI22: =SUM(AU22,AV22,BE22,BF22) -> 6754.2 | BJ22: ='19'!G133 -> 911.67 | BK22: =SUM(AP22,AU22,AV22,AW22,AZ22,BE22,BF22,BG22)/H22% -> 52.394188 | BL22: =SUM(AS22,BC22)/H22% -> 16.098205 | BM22: =(AR22+BB22)/H22 -> 0.081566895 | BN22: =J22+N22+Q22+U22 -> 308986.4 | BO22: =SUM(AU22,AV22,AW22,BE22,BF22,BG22,BJ22) -> 10882.79 | BP22: =BO22/(AD22*280) -> 1.0331501
A23: 20 | B23: 20 | D23: ='20'!D3 -> 27 | E23: ='20'!D4 -> 0.78 | F23: ='20'!D2 -> 0.81 | G23: ='20'!G7 -> 25757 | H23: ='20'!G8 -> 25977 | I23: 9 | J23: =H23*I23 -> 233793 | K23: =H23/202 -> 128.59901 | L23: ='20'!G15 -> 983 | M23: 56.2 | N23: =L23*M23 -> 55244.6 | O23: ='20'!G20 -> 241 | P23: 108 | Q23: =O23*P23 -> 26028 | R23: =O23/(F23*202/100) -> 147.29251 | S23: ='20'!G24 -> 0 | T23: 69 | U23: =S23*T23 -> 0 | V23: ='20'!G65 -> 110 | W23: ='20'!G66 -> 15 | X23: ='20'!G67 -> 23 | Y23: =V23+W23+X23 -> 148 | Z23: ='20'!G84 -> 0 | AA23: ='20'!G85 -> 23.98 | AB23: ='20'!G86 -> 14.96 | AC23: ='20'!G87 -> 0 | AD23: =Z23+AA23+AB23+AC23 -> 38.94 | AE23: =AU23+AV23+BE23+BF23 -> 7521.41 | AF23: =AE23/AD23 -> 193.15383 | AG23: ='20'!G88 -> 1.27 | AH23: ='20'!G89 -> 6.97 | AI23: ='20'!G90 -> 9.9 | AJ23: =AG23+AH23+AI23 -> 18.14 | AK23: ='20'!G91 -> 0 | AL23: ='20'!G92 -> 11.12 | AN23: =AK23+AL23 -> 11.12 | AO23: ='20'!G74 -> 308.63 | AP23: ='20'!G35 -> 0 | AQ23: ='20'!G37 -> 0 | AR23: ='20'!G38 -> 2151.6 | AS23: ='20'!G39 -> 0 | AT23: ='20'!G40 -> 840.01 | AU23: ='20'!G41 -> 0 | AV23: ='20'!G42 -> 5533.53 | AW23: ='20'!G43 -> 0 | AX23: ='20'!G44 -> 0 | AY23: ='20'!G36 -> 964.07 | AZ23: ='20'!G49 -> 3879.28 | BA23: ='20'!G51 -> 1010.14 | BB23: ='20'!G52 -> 0 | BC23: ='20'!G588 -> 0 | BD23: ='20'!G54 -> 183.37 | BE23: ='20'!G55 -> 1987.88 | BF23: ='20'!G56 -> 0 | BG23: ='20'!G57 -> 3222.28 | BH23: ='20'!G50 -> 1214.32 | BI23: =SUM(AU23,AV23,BE23,BF23) -> 7521.41 | BJ23: ='20'!G133 -> 883.12 | BK23: =SUM(AP23,AU23,AV23,AW23,AZ23,BE23,BF23,BG23)/H23% -> 56.291989 | BL23: =SUM(AS23,BC23)/H23% -> 0 | BM23: =(AR23+BB23)/H23 -> 0.082827116 | BN23: =J23+N23+Q23+U23 -> 315065.6 | BO23: =SUM(AU23,AV23,AW23,BE23,BF23,BG23,BJ23) -> 11626.81 | BP23: =BO23/(AD23*280) -> 1.0663668
A24: 21 | B24: 21 | D24: 21 | E24: ='21'!D4 -> 0.78 | F24: ='21'!D2 -> 0.95 | G24: ='21'!G7 -> 24167 | H24: ='21'!G8 -> 24430 | I24: 9 | J24: =H24*I24 -> 219870 | K24: =H24/202 -> 120.94059 | L24: ='21'!G15 -> 959 | M24: 56.2 | N24: =L24*M24 -> 53895.8 | O24: ='21'!G20 -> 191 | P24: 108 | Q24: =O24*P24 -> 20628 | R24: =O24/(F24*202/100) -> 99.531006 | S24: ='21'!G24 -> 0 | T24: 69 | U24: =S24*T24 -> 0 | V24: ='21'!G65 -> 102 | W24: ='21'!G66 -> 21 | X24: ='21'!G67 -> 20 | Y24: =V24+W24+X24 -> 143 | Z24: ='21'!G84 -> 0.02 | AA24: ='21'!G85 -> 2.1 | AB24: ='21'!G86 -> 24.48 | AC24: ='21'!G87 -> 0 | AD24: =Z24+AA24+AB24+AC24 -> 26.6 | AE24: =AU24+AV24+BE24+BF24 -> 4508.45 | AF24: =AE24/AD24 -> 169.4906 | AG24: ='21'!G88 -> -0.23 | AH24: ='21'!G89 -> 7.9 | AI24: ='21'!G90 -> 10.11 | AJ24: =AG24+AH24+AI24 -> 17.78 | AK24: ='21'!G91 -> 0.04 | AL24: ='21'!G92 -> 11.17 | AN24: =AK24+AL24 -> 11.21 | AO24: ='21'!G74 -> 317.87 | AP24: ='21'!G35 -> -0.05 | AQ24: ='21'!G37 -> 0 | AR24: ='21'!G38 -> 2166.13 | AS24: ='21'!G39 -> -0.19 | AT24: ='21'!G40 -> 862.91 | AU24: ='21'!G41 -> -0.37 | AV24: ='21'!G42 -> 450 | AW24: ='21'!G43 -> 0 | AX24: ='21'!G44 -> 0 | AY24: ='21'!G36 -> 791 | AZ24: ='21'!G49 -> 3878.89 | BA24: ='21'!G51 -> 1018.61 | BB24: ='21'!G52 -> 0 | BC24: ='21'!G53 -> 4378.74 | BD24: ='21'!G54 -> 185.73 | BE24: ='21'!G55 -> 4059.21 | BF24: ='21'!G56 -> -0.39 | BG24: ='21'!G57 -> 3160.89 | BH24: ='21'!G50 -> 1353.43 | BI24: =SUM(AU24,AV24,BE24,BF24) -> 4508.45 | BJ24: ='21'!G133 -> 885.21 | BK24: =SUM(AP24,AU24,AV24,AW24,AZ24,BE24,BF24,BG24)/H24% -> 47.270487 | BL24: =SUM(AS24,BC24)/H24% -> 17.922841 | BM24: =(AR24+BB24)/H24 -> 0.088666803 | BN24: =J24+N24+Q24+U24 -> 294393.8 | BO24: =SUM(AU24,AV24,AW24,BE24,BF24,BG24,BJ24) -> 8554.55 | BP24: =BO24/(AD24*280) -> 1.1485701
A25: 22 | B25: 22 | D25: ='22'!D3 -> 27 | E25: ='22'!D4 -> 0.78 | F25: ='22'!D2 -> 0.55 | G25: ='22'!G7 -> 23473 | H25: ='22'!G8 -> 23577 | I25: 9 | J25: =H25*I25 -> 212193 | K25: =H25/202 -> 116.71782 | L25: ='22'!G15 -> 927 | M25: 56.2 | N25: =L25*M25 -> 52097.4 | O25: ='22'!G20 -> 181 | P25: 108 | Q25: =O25*P25 -> 19548 | R25: =O25/(F25*202/100) -> 162.91629 | S25: ='22'!G24 -> 0 | T25: 69 | U25: =S25*T25 -> 0 | V25: ='22'!G65 -> 98 | W25: ='22'!G66 -> 18 | X25: ='22'!G67 -> 15 | Y25: =V25+W25+X25 -> 131 | Z25: ='22'!G84 -> -0.36 | AA25: ='22'!G85 -> 8.79 | AB25: ='22'!G86 -> 21.58 | AC25: ='22'!G87 -> 0 | AD25: =Z25+AA25+AB25+AC25 -> 30.01 | AE25: =AU25+AV25+BE25+BF25 -> 5132 | AF25: =AE25/AD25 -> 171.00966 | AG25: ='22'!G88 -> 9.5 | AH25: ='22'!G89 -> 0 | AI25: ='22'!G90 -> 10.25 | AJ25: =AG25+AH25+AI25 -> 19.75 | AK25: ='22'!G91 -> 0 | AL25: ='22'!G92 -> 11.49 | AN25: =AK25+AL25 -> 11.49 | AO25: ='22'!G74 -> 316 | AP25: ='22'!G35 -> 0 | AQ25: ='22'!G37 -> 0.31 | AR25: ='22'!G38 -> 2121 | AS25: ='22'!G39 -> 0 | AT25: ='22'!G40 -> 838 | AU25: ='22'!G41 -> 0 | AV25: ='22'!G42 -> 1885 | AW25: ='22'!G43 -> 0 | AX25: ='22'!G44 -> 0 | AY25: ='22'!G36 -> 691 | AZ25: ='22'!G49 -> 3797 | BA25: ='22'!G51 -> 1022 | BB25: ='22'!G52 -> 0 | BC25: ='22'!G53 -> 4205 | BD25: ='22'!G54 -> 183 | BE25: ='22'!G55 -> 3247 | BF25: ='22'!G56 -> 0 | BG25: ='22'!G57 -> 3122 | BH25: ='22'!G50 -> 545 | BI25: =SUM(AU25,AV25,BE25,BF25) -> 5132 | BJ25: ='22'!G133 -> 880 | BK25: =SUM(AP25,AU25,AV25,AW25,AZ25,BE25,BF25,BG25)/H25% -> 51.113373 | BL25: =SUM(AS25,BC25)/H25% -> 17.835178 | BM25: =(AR25+BB25)/H25 -> 0.089960555 | BN25: =J25+N25+Q25+U25 -> 283838.4 | BO25: =SUM(AU25,AV25,AW25,BE25,BF25,BG25,BJ25) -> 9134 | BP25: =BO25/(AD25*280) -> 1.0870186
A26: 23 | B26: 23 | D26: ='23'!D3 -> 27 | E26: ='23'!D4 -> 0.79 | F26: ='23'!D2 -> 0.48 | G26: ='23'!G7 -> 23609 | H26: ='23'!G8 -> 23759 | I26: 9 | J26: =H26*I26 -> 213831 | K26: =H26/202 -> 117.61881 | L26: ='23'!G15 -> 951 | M26: 56.2 | N26: =L26*M26 -> 53446.2 | O26: ='23'!G20 -> 209 | P26: 108 | Q26: =O26*P26 -> 22572 | R26: =O26/(F26*202/100) -> 215.55281 | S26: ='23'!G24 -> 0 | T26: 69 | U26: =S26*T26 -> 0 | V26: ='23'!G65 -> 90 | W26: ='23'!G66 -> 16 | X26: ='23'!G67 -> 17 | Y26: =V26+W26+X26 -> 123 | Z26: ='23'!G84 -> 0 | AA26: ='23'!G85 -> 21 | AB26: ='23'!G86 -> 15 | AC26: ='23'!G87 -> 0 | AD26: =Z26+AA26+AB26+AC26 -> 36 | AE26: =AU26+AV26+BE26+BF26 -> 6427 | AF26: =AE26/AD26 -> 178.52778 | AG26: ='23'!G88 -> 5.5 | AH26: ='23'!G89 -> 3.11 | AI26: ='23'!G90 -> 10.09 | AJ26: =AG26+AH26+AI26 -> 18.7 | AK26: ='23'!G91 -> 0 | AL26: ='23'!G92 -> 10.96 | AN26: =AK26+AL26 -> 10.96 | AO26: ='23'!G74 -> 306 | AP26: ='23'!G35 -> 0 | AQ26: ='23'!G37 -> 0 | AR26: ='23'!G38 -> 2132 | AS26: ='23'!G39 -> 0 | AT26: ='23'!G40 -> 829 | AU26: ='23'!G41 -> 0 | AV26: ='23'!G42 -> 4477 | AW26: ='23'!G43 -> 0.03 | AX26: ='23'!G44 -> 0 | AY26: ='23'!G36 -> 711 | AZ26: ='23'!G49 -> 3711 | BA26: ='23'!G51 -> 985 | BB26: ='23'!G52 -> 0 | BC26: ='23'!G53 -> 3942 | BD26: ='23'!G54 -> 184 | BE26: ='23'!G55 -> 1950 | BF26: ='23'!G56 -> 0 | BG26: ='23'!G57 -> 3100 | BH26: ='23'!G50 -> 1411 | BI26: =SUM(AU26,AV26,BE26,BF26) -> 6427 | BJ26: ='23'!G133 -> 879 | BK26: =SUM(AP26,AU26,AV26,AW26,AZ26,BE26,BF26,BG26)/H26% -> 55.71796 | BL26: =SUM(AS26,BC26)/H26% -> 16.591607 | BM26: =(AR26+BB26)/H26 -> 0.089734416 | BN26: =J26+N26+Q26+U26 -> 289849.2 | BO26: =SUM(AU26,AV26,AW26,BE26,BF26,BG26,BJ26) -> 10406.03 | BP26: =BO26/(AD26*280) -> 1.0323442
A27: 24 | B27: 24 | D27: ='24'!D3 -> 29 | E27: ='24'!D4 -> 0.79 | F27: ='24'!D2 -> 0.43 | G27: ='24'!G7 -> 23696.11 | H27: ='24'!G8 -> 23812.02 | I27: 9 | J27: =H27*I27 -> 214308.18 | K27: =H27/202 -> 117.88129 | L27: ='24'!G15 -> 919.82 | M27: 56.2 | N27: =L27*M27 -> 51693.884 | O27: ='24'!G20 -> 297 | P27: 108 | Q27: =O27*P27 -> 32076 | R27: =O27/(F27*202/100) -> 341.92954 | S27: ='24'!G24 -> 0 | T27: 69 | U27: =S27*T27 -> 0 | V27: ='24'!G65 -> 105 | W27: ='24'!G66 -> 15 | X27: ='24'!G67 -> 19 | Y27: =V27+W27+X27 -> 139 | Z27: ='24'!G84 -> 0.36 | AA27: ='24'!G85 -> 10.46 | AB27: ='24'!G86 -> 19.9 | AC27: ='24'!G87 -> 0 | AD27: =Z27+AA27+AB27+AC27 -> 30.72 | AE27: =AU27+AV27+BE27+BF27 -> 5457.78 | AF27: =AE27/AD27 -> 177.66211 | AG27: ='24'!G88 -> 0.16 | AH27: ='24'!G89 -> 8.5 | AI27: ='24'!G90 -> 9.94 | AJ27: =AG27+AH27+AI27 -> 18.6 | AK27: ='24'!G91 -> 0 | AL27: ='24'!G92 -> 9.63 | AN27: =AK27+AL27 -> 9.63 | AO27: ='24'!G74 -> 252.5 | AP27: ='24'!G35 -> 0.05 | AQ27: ='24'!G37 -> -0.31 | AR27: ='24'!G38 -> 2229.15 | AS27: ='24'!G39 -> 0.19 | AT27: ='24'!G40 -> 829.58 | AU27: ='24'!G41 -> 0.37 | AV27: ='24'!G42 -> 2461.83 | AW27: ='24'!G43 -> 0 | AX27: ='24'!G44 -> 0 | AY27: ='24'!G36 -> 776.39 | AZ27: ='24'!G49 -> 3810.31 | BA27: ='24'!G51 -> 1054.83 | BB27: ='24'!G52 -> 0 | BC27: ='24'!G53 -> 4084.5 | BD27: ='24'!G54 -> 186.5 | BE27: ='24'!G55 -> 2995.19 | BF27: ='24'!G56 -> 0.39 | BG27: ='24'!G57 -> 2906.21 | BH27: ='24'!G50 -> 1136.53 | BI27: =SUM(AU27,AV27,BE27,BF27) -> 5457.78 | BJ27: ='24'!G133 -> 893.23 | BK27: =SUM(AP27,AU27,AV27,AW27,AZ27,BE27,BF27,BG27)/H27% -> 51.12691 | BL27: =SUM(AS27,BC27)/H27% -> 17.1539 | BM27: =(AR27+BB27)/H27 -> 0.093614485 | BN27: =J27+N27+Q27+U27 -> 298078.06 | BO27: =SUM(AU27,AV27,AW27,BE27,BF27,BG27,BJ27) -> 9257.22 | BP27: =BO27/(AD27*280) -> 1.0762207
A28: 25 | B28: 25 | D28: ='25'!D3 -> 28 | E28: ='25'!D4 -> 0.79 | F28: ='25'!D2 -> 0.98 | G28: ='25'!G7 -> 26848.96 | H28: ='25'!G8 -> 27100.75 | I28: 9 | J28: =H28*I28 -> 243906.75 | K28: =H28/202 -> 134.16213 | L28: ='25'!G15 -> 944.38 | M28: 56.2 | N28: =L28*M28 -> 53074.156 | O28: ='25'!G20 -> 129 | P28: 108 | Q28: =O28*P28 -> 13932 | R28: =O28/(F28*202/100) -> 65.16468 | S28: ='25'!G24 -> 0 | T28: 69 | U28: =S28*T28 -> 0 | V28: ='25'!G65 -> 102 | W28: ='25'!G66 -> 7 | X28: ='25'!G67 -> 15 | Y28: =V28+W28+X28 -> 124 | Z28: ='25'!G84 -> 0 | AA28: ='25'!G85 -> 21.56 | AB28: ='25'!G86 -> 17.01 | AC28: ='25'!G87 -> 0 | AD28: =Z28+AA28+AB28+AC28 -> 38.57 | AE28: =AU28+AV28+BE28+BF28 -> 2528.8 | AF28: =AE28/AD28 -> 65.56391 | AG28: ='25'!G88 -> 0 | AH28: ='25'!G89 -> 8.22 | AI28: ='25'!G90 -> 10.32 | AJ28: =AG28+AH28+AI28 -> 18.54 | AK28: ='25'!G91 -> 0 | AL28: ='25'!G92 -> 10.56 | AN28: =AK28+AL28 -> 10.56 | AO28: ='25'!G74 -> 312.74 | AP28: ='25'!G35 -> 0 | AQ28: ='25'!G37 -> 0 | AR28: ='25'!G38 -> 2198.6 | AS28: ='25'!G39 -> 0 | AT28: ='25'!G40 -> 820.37 | AU28: ='25'!G41 -> 0 | AW28: ='25'!G43 -> 0 | AX28: ='25'!G44 -> 0 | AY28: ='25'!G36 -> 1070.4 | AZ28: ='25'!G49 -> 3825.28 | BA28: ='25'!G51 -> 1085.39 | BB28: ='25'!G52 -> 0 | BC28: ='25'!G53 -> 4181.69 | BD28: ='24'!G54 -> 186.5 | BE28: ='25'!G55 -> 2528.8 | BF28: ='25'!G56 -> 0 | BG28: ='25'!G57 -> 3225.3 | BH28: ='25'!G50 -> 1672.44 | BI28: =SUM(AU28,AV28,BE28,BF28) -> 2528.8 | BJ28: ='25'!G133 -> 878.12 | BK28: =SUM(AP28,AU28,AV28,AW28,AZ28,BE28,BF28,BG28)/H28% -> 35.347287 | BL28: =SUM(AS28,BC28)/H28% -> 15.430163 | BM28: =(AR28+BB28)/H28 -> 0.081126906 | BN28: =J28+N28+Q28+U28 -> 310912.91 | BO28: =SUM(AU28,AV28,AW28,BE28,BF28,BG28,BJ28) -> 6632.22 | BP28: =BO28/(AD28*280) -> 0.61411719
A29: 26 | B29: 26 | D29: ='26'!D3 -> 28 | E29: ='26'!D4 -> 0.79 | F29: ='26'!D2 -> 0.5445 | G29: ='26'!G7 -> 25390.68 | H29: ='26'!G8 -> 25581.16 | I29: 9 | J29: =H29*I29 -> 230230.44 | K29: =H29/202 -> 126.63941 | L29: ='26'!G15 -> 978.13 | M29: 56.2 | N29: =L29*M29 -> 54970.906 | O29: ='26'!G20 -> 270 | P29: 108 | Q29: =O29*P29 -> 29160 | R29: =O29/(F29*202/100) -> 245.47909 | S29: ='26'!G24 -> 0 | T29: 69 | U29: =S29*T29 -> 0 | V29: ='26'!G65 -> 110 | W29: ='26'!G66 -> 10 | X29: ='26'!G67 -> 21 | Y29: =V29+W29+X29 -> 141 | Z29: ='26'!G84 -> 0 | AA29: ='26'!G85 -> 12.39 | AB29: ='26'!G86 -> 24.04 | AC29: ='26'!G87 -> 0 | AD29: =Z29+AA29+AB29+AC29 -> 36.43 | AE29: =AU29+AV29+BE29+BF29 -> 6455.4 | AF29: =AE29/AD29 -> 177.20011 | AG29: ='26'!G88 -> 0 | AH29: ='26'!G89 -> 8.43 | AI29: ='26'!G90 -> 10.4 | AJ29: =AG29+AH29+AI29 -> 18.83 | AK29: ='26'!G91 -> 3.88 | AL29: ='26'!G92 -> 6.59 | AN29: =AK29+AL29 -> 10.47 | AO29: ='26'!G74 -> 284.52 | AP29: ='26'!G35 -> 0 | AQ29: ='26'!G37 -> 0 | AR29: ='26'!G38 -> 2171.2 | AS29: ='26'!G39 -> 0 | AT29: ='26'!G40 -> 811.82 | AU29: ='26'!G41 -> 0 | AV29: ='26'!G42 -> 2921.68 | AW29: ='26'!G43 -> 0 | AX29: ='26'!G44 -> 0 | AY29: ='26'!G36 -> 1045.7 | AZ29: ='26'!G49 -> 3883.76 | BA29: ='26'!G51 -> 1081.62 | BB29: ='26'!G52 -> 0 | BC29: ='26'!G53 -> 4291.34 | BD29: ='26'!G54 -> 182.54 | BE29: ='26'!G55 -> 3533.72 | BF29: ='26'!G56 -> 0 | BG29: ='26'!G57 -> 2854.82 | BH29: ='26'!G50 -> 1123.48 | BI29: =SUM(AU29,AV29,BE29,BF29) -> 6455.4 | BJ29: ='26'!G133 -> 893.3 | BK29: =SUM(AP29,AU29,AV29,AW29,AZ29,BE29,BF29,BG29)/H29% -> 51.576942 | BL29: =SUM(AS29,BC29)/H29% -> 16.775393 | BM29: =(AR29+BB29)/H29 -> 0.084874963 | BN29: =J29+N29+Q29+U29 -> 314361.35 | BO29: =SUM(AU29,AV29,AW29,BE29,BF29,BG29,BJ29) -> 10203.52 | BP29: =BO29/(AD29*280) -> 1.0003059
A30: 27 | B30: 27 | D30: ='27'!D3 -> 32 | E30: ='27'!D4 -> 0.76 | F30: ='27'!D2 -> 0.76 | G30: ='27'!G7 -> 24527.5 | H30: ='27'!G8 -> 24717.07 | I30: 9 | J30: =H30*I30 -> 222453.63 | K30: =H30/202 -> 122.36173 | L30: ='27'!G15 -> 972.77 | M30: 56.2 | N30: =L30*M30 -> 54669.674 | O30: ='27'!G20 -> 270 | P30: 108 | Q30: =O30*P30 -> 29160 | R30: =O30/(F30*202/100) -> 175.87285 | S30: ='27'!G24 -> 0 | T30: 69 | U30: =S30*T30 -> 0 | V30: ='27'!G65 -> 105 | W30: ='27'!G66 -> 15 | X30: ='27'!G67 -> 17 | Y30: =V30+W30+X30 -> 137 | Z30: ='27'!G84 -> 15.08 | AA30: ='27'!G85 -> 0 | AB30: ='27'!G86 -> 21.84 | AC30: ='27'!G87 -> 0 | AD30: =Z30+AA30+AB30+AC30 -> 36.92 | AE30: =AU30+AV30+BE30+BF30 -> 6128.54 | AF30: =AE30/AD30 -> 165.99512 | AG30: ='27'!G88 -> 0 | AH30: ='27'!G89 -> 8.77 | AI30: ='27'!G90 -> 10 | AJ30: =AG30+AH30+AI30 -> 18.77 | AK30: ='27'!G91 -> 10.81 | AL30: ='27'!G92 -> 0 | AN30: =AK30+AL30 -> 10.81 | AO30: ='27'!G74 -> 281.48 | AP30: ='27'!G35 -> 0 | AQ30: ='27'!G37 -> 0 | AR30: ='27'!G38 -> 2075.96 | AS30: ='27'!G39 -> 0 | AT30: ='27'!G40 -> 815.12 | AU30: ='27'!G41 -> 3008.5 | AV30: ='27'!G42 -> 0 | AW30: ='27'!G43 -> 0 | AX30: ='27'!G44 -> 0 | AY30: ='27'!G36 -> 960.36 | AZ30: ='27'!G49 -> 3954 | BA30: ='27'!G51 -> 1050.5 | BB30: ='27'!G52 -> 0 | BC30: ='27'!G53 -> 4254.22 | BD30: ='27'!G54 -> 183.46 | BE30: ='27'!G55 -> 3120.04 | BF30: ='27'!G56 -> 0 | BG30: ='27'!G57 -> 2857.48 | BH30: ='27'!G50 -> 988.94 | BI30: =SUM(AU30,AV30,BE30,BF30) -> 6128.54 | BJ30: ='27'!G133 -> 871.08 | BK30: =SUM(AP30,AU30,AV30,AW30,AZ30,BE30,BF30,BG30)/H30% -> 52.352564 | BL30: =SUM(AS30,BC30)/H30% -> 17.211668 | BM30: =(AR30+BB30)/H30 -> 0.083988919 | BN30: =J30+N30+Q30+U30 -> 306283.3 | BO30: =SUM(AU30,AV30,AW30,BE30,BF30,BG30,BJ30) -> 9857.1 | BP30: =BO30/(AD30*280) -> 0.95351919
A31: 28 | B31: 28 | D31: ='28'!D3 -> 32 | E31: ='28'!D4 -> 0.7 | F31: ='28'!D2 -> 0.8 | G31: ='28'!G7 -> 21897 | H31: ='28'!G8 -> 21951 | I31: 9 | J31: =H31*I31 -> 197559 | K31: =H31/202 -> 108.66832 | L31: ='28'!G15 -> 967.4 | M31: 56.2 | N31: =L31*M31 -> 54367.88 | O31: ='28'!G20 -> 240 | P31: 108 | Q31: =O31*P31 -> 25920 | R31: =O31/(F31*202/100) -> 148.51485 | S31: ='28'!G24 -> 0 | T31: 69 | U31: =S31*T31 -> 0 | V31: ='28'!G65 -> 96 | W31: ='28'!G66 -> 14 | X31: ='28'!G67 -> 22 | Y31: =V31+W31+X31 -> 132 | Z31: ='28'!G84 -> 23.56 | AA31: ='28'!G85 -> -0.41 | AB31: ='28'!G86 -> 0 | AC31: ='28'!G87 -> 0 | AD31: =Z31+AA31+AB31+AC31 -> 23.15 | AE31: =AU31+AV31+BE31+BF31 -> 5701.88 | AF31: =AE31/AD31 -> 246.30151 | AG31: ='28'!G88 -> 0 | AH31: ='28'!G89 -> 7.75 | AI31: ='28'!G90 -> 9.06 | AJ31: =AG31+AH31+AI31 -> 16.81 | AK31: ='28'!G91 -> 11.17 | AL31: ='28'!G92 -> 0 | AN31: =AK31+AL31 -> 11.17 | AO31: ='28'!G74 -> 291.66 | AP31: ='28'!G35 -> 0 | AQ31: ='28'!G37 -> 0 | AR31: ='28'!G38 -> 2059.32 | AS31: ='28'!G39 -> 0 | AT31: ='28'!G40 -> 833.68 | AU31: ='28'!G41 -> 5701.88 | AV31: ='28'!G42 -> 0 | AW31: ='28'!G43 -> -0.03 | AX31: ='28'!G44 -> 0 | AY31: ='28'!G36 -> 786.15 | AZ31: ='28'!G49 -> 3778.04 | BA31: ='28'!G51 -> 960.28 | BB31: ='28'!G52 -> 0 | BC31: ='28'!G53 -> 3998.05 | BD31: ='28'!G54 -> 191.24 | BE31: ='28'!G55 -> 0 | BF31: ='28'!G56 -> 0 | BG31: ='28'!G57 -> 3060.46 | BH31: ='28'!G50 -> 970.4 | BI31: =SUM(AU31,AV31,BE31,BF31) -> 5701.88 | BJ31: ='28'!G133 -> 889.18 | BK31: =SUM(AP31,AU31,AV31,AW31,AZ31,BE31,BF31,BG31)/H31% -> 57.128832 | BL31: =SUM(AS31,BC31)/H31% -> 18.213521 | BM31: =(AR31+BB31)/H31 -> 0.093814405 | BN31: =J31+N31+Q31+U31 -> 277846.88 | BO31: =SUM(AU31,AV31,AW31,BE31,BF31,BG31,BJ31) -> 9651.49 | BP31: =BO31/(AD31*280) -> 1.4889679
A32: 29 | B32: 29 | D32: ='29'!D3 -> 27 | E32: ='29'!D4 -> 0.79 | F32: ='29'!D2 -> 0.75 | G32: ='29'!G7 -> 23592.5 | H32: ='29'!G8 -> 23725 | I32: 9 | J32: =H32*I32 -> 213525 | K32: =H32/202 -> 117.4505 | L32: ='29'!G15 -> 954.5 | M32: 56.2 | N32: =L32*M32 -> 53642.9 | O32: ='29'!G20 -> 220 | P32: 108 | Q32: =O32*P32 -> 23760 | R32: =O32/(F32*202/100) -> 145.21452 | S32: ='29'!G24 -> 0 | T32: 69 | U32: =S32*T32 -> 0 | V32: ='29'!G65 -> 89 | W32: ='29'!G66 -> 9 | X32: ='29'!G67 -> 14 | Y32: =V32+W32+X32 -> 112 | Z32: ='29'!G84 -> 24 | AA32: ='29'!G85 -> 0 | AB32: ='29'!G86 -> -0.37 | AC32: ='29'!G87 -> 6.51 | AD32: =Z32+AA32+AB32+AC32 -> 30.14 | AE32: =AU32+AV32+BE32+BF32 -> 6087.86 | AF32: =AE32/AD32 -> 201.98607 | AG32: ='29'!G88 -> -0.16 | AH32: ='29'!G89 -> 8.33 | AI32: ='29'!G90 -> 10.28 | AJ32: =AG32+AH32+AI32 -> 18.45 | AK32: ='29'!G91 -> 11.09 | AL32: ='29'!G92 -> -0.23 | AN32: =AK32+AL32 -> 10.86 | AO32: ='29'!G74 -> 290.1 | AP32: ='29'!G35 -> 0 | AQ32: ='29'!G37 -> 0 | AR32: ='29'!G38 -> 2101.77 | AS32: ='29'!G39 -> -0.19 | AT32: ='29'!G40 -> 822.43 | AU32: ='29'!G41 -> 5243.25 | AV32: ='29'!G42 -> 0 | AW32: ='29'!G43 -> 0 | AX32: ='29'!G44 -> 0 | AY32: ='29'!G36 -> 734 | AZ32: ='29'!G49 -> 3848.61 | BA32: ='29'!G51 -> 1021.38 | BB32: ='29'!G52 -> 0 | BC32: ='29'!G53 -> 4216.2 | BD32: ='29'!G54 -> 182.87 | BE32: ='29'!G55 -> 0 | BF32: ='29'!G56 -> 844.61 | BG32: ='29'!G57 -> 3270.73 | BH32: ='29'!G50 -> 1084.21 | BI32: =SUM(AU32,AV32,BE32,BF32) -> 6087.86 | BJ32: ='29'!G133 -> 882.09 | BK32: =SUM(AP32,AU32,AV32,AW32,AZ32,BE32,BF32,BG32)/H32% -> 55.667861 | BL32: =SUM(AS32,BC32)/H32% -> 17.770327 | BM32: =(AR32+BB32)/H32 -> 0.08858883 | BN32: =J32+N32+Q32+U32 -> 290927.9 | BO32: =SUM(AU32,AV32,AW32,BE32,BF32,BG32,BJ32) -> 10240.68 | BP32: =BO32/(AD32*280) -> 1.2134657
A33: 30 | B33: 30 | D33: ='30'!D3 -> 31 | E33: ='30'!D4 -> 0.78 | F33: ='30'!D2 -> 0.73 | G33: ='30'!G7 -> 23836 | H33: ='30'!G8 -> 24007 | I33: 9 | J33: =H33*I33 -> 216063 | K33: =H33/202 -> 118.84653 | L33: ='30'!G15 -> 905 | M33: 56.2 | N33: =L33*M33 -> 50861 | O33: ='30'!G20 -> 200 | P33: 108 | Q33: =O33*P33 -> 21600 | R33: =O33/(F33*202/100) -> 135.63 | S33: ='30'!G24 -> 0 | T33: 69 | U33: =S33*T33 -> 0 | V33: ='30'!G65 -> 89 | W33: ='30'!G66 -> 4 | X33: ='30'!G67 -> 17 | Y33: =V33+W33+X33 -> 110 | Z33: ='30'!G84 -> 24.21 | AA33: ='30'!G85 -> 0.4 | AB33: ='30'!G86 -> 0.37 | AC33: ='30'!G87 -> 11 | AD33: =Z33+AA33+AB33+AC33 -> 35.98 | AE33: =AU33+AV33+BE33+BF33 -> 6423.54 | AF33: =AE33/AD33 -> 178.53085 | AG33: ='30'!G88 -> 0.16 | AH33: ='30'!G89 -> 8.46 | AI33: ='30'!G90 -> 7.55 | AJ33: =AG33+AH33+AI33 -> 16.17 | AK33: ='30'!G91 -> 10.77 | AL33: ='30'!G92 -> 0 | AN33: =AK33+AL33 -> 10.77 | AO33: ='30'!G74 -> 281.75 | AP33: ='30'!G35 -> 0 | AQ33: ='30'!G37 -> 0 | AR33: ='30'!G38 -> 2201.71 | AS33: ='30'!G39 -> 0.19 | AT33: ='30'!G40 -> 806.38 | AU33: ='30'!G41 -> 5103.15 | AV33: ='30'!G42 -> 0 | AW33: ='30'!G43 -> 0 | AX33: ='30'!G44 -> 0 | AY33: ='30'!G36 -> 794.49 | AZ33: ='30'!G49 -> 3850.43 | BA33: ='30'!G51 -> 837.73 | BB33: ='30'!G52 -> 0 | BC33: ='30'!G53 -> 4098.19 | BD33: ='30'!G54 -> 182.6 | BE33: ='30'!G55 -> -0.3 | BF33: ='30'!G56 -> 1320.69 | BG33: ='30'!G57 -> 2922.61 | BH33: ='30'!G50 -> 1066.23 | BI33: =SUM(AU33,AV33,BE33,BF33) -> 6423.54 | BJ33: ='30'!G133 -> 866.35 | BK33: =SUM(AP33,AU33,AV33,AW33,AZ33,BE33,BF33,BG33)/H33% -> 54.969717 | BL33: =SUM(AS33,BC33)/H33% -> 17.071604 | BM33: =(AR33+BB33)/H33 -> 0.091711168 | BN33: =J33+N33+Q33+U33 -> 288524 | BO33: =SUM(AU33,AV33,AW33,BE33,BF33,BG33,BJ33) -> 10212.5 | BP33: =BO33/(AD33*280) -> 1.013708
A34: 31 | B34: 31 | D34: 30 | E34: ='30'!D5 -> Unit | F34: ='30'!D3 -> 31 | G34: ='31'!G7 -> 24836 | H34: ='31'!G8 -> 24915 | I34: 9 | J34: =H34*I34 -> 224235 | K34: =H34/202 -> 123.34158 | L34: ='31'!G15 -> 874.6 | M34: 56.2 | N34: =L34*M34 -> 49152.52 | O34: ='31'!G20 -> 181 | P34: 108 | Q34: =O34*P34 -> 19548 | R34: =O34/(F34*202/100) -> 2.8904503 | S34: ='30'!G25 -> 0 | T34: 70 | U34: =S34*T34 -> 0 | V34: ='31'!G65 -> 83 | W34: ='31'!G66 -> 6 | X34: ='31'!G67 -> 15 | Y34: =V34+W34+X34 -> 104 | Z34: ='31'!G84 -> 24.34 | AA34: ='31'!G85 -> 9.6 | AB34: ='31'!G86 -> 0 | AC34: ='31'!G87 -> -0.2 | AD34: =Z34+AA34+AB34+AC34 -> 33.74 | AE34: =AU34+AV34+BE34+BF34 -> 8005.14 | AF34: =AE34/AD34 -> 237.25963 | AG34: ='31'!G88 -> 0 | AH34: ='31'!G89 -> 6.56 | AI34: ='31'!G90 -> 9.17 | AJ34: =AG34+AH34+AI34 -> 15.73 | AK34: ='31'!G91 -> 10.89 | AL34: ='31'!G92 -> 0 | AN34: =AK34+AL34 -> 10.89 | AO34: ='31'!G74 -> 285.03 | AP34: ='31'!G35 -> 0 | AQ34: ='31'!G37 -> 0 | AR34: ='31'!G38 -> 2258.79 | AS34: ='31'!G39 -> 0 | AT34: ='31'!G40 -> 926.85 | AU34: ='31'!G41 -> 5734.92 | AV34: ='31'!G42 -> 2269.92 | AW34: ='31'!G43 -> 0 | AX34: ='31'!G44 -> 0 | AY34: ='31'!G36 -> 691.56 | AZ34: ='31'!G49 -> 3897.16 | BA34: ='31'!G51 -> 1213.53 | BB34: ='31'!G52 -> 0 | BC34: ='31'!G53 -> 4106.5 | BD34: ='31'!G54 -> 191.49 | BE34: ='31'!G55 -> 0.3 | BF34: ='31'!G56 -> 0 | BG34: ='31'!G57 -> 2989.32 | BH34: ='31'!G50 -> 1178.66 | BI34: =SUM(AU34,AV34,BE34,BF34) -> 8005.14 | BJ34: ='31'!G133 -> 877.65 | BK34: =SUM(AP34,AU34,AV34,AW34,AZ34,BE34,BF34,BG34)/H34% -> 59.769697 | BL34: =SUM(AS34,BC34)/H34% -> 16.482039 | BM34: =(AR34+BB34)/H34 -> 0.090659843 | BN34: =J34+N34+Q34+U34 -> 292935.52 | BO34: =SUM(AU34,AV34,AW34,BE34,BF34,BG34,BJ34) -> 11872.11 | BP34: =BO34/(AD34*280) -> 1.2566803
A35: Total | D35: =AVERAGE(D4:D34) -> 27.774194 | F35: =AVERAGE(F4:F34) -> 1.6949839 | G35: =SUM(G4:G34) -> 786759.5 | H35: =SUM(H4:H34) -> 794149.7 | I35: 9 | J35: =SUM(J4:J34) -> 7147347.3 | K35: =SUM(K4:K34) -> 3931.4342 | L35: =SUM(L4:L34) -> 30965.6 | M35: =SUM(M4:M34) -> 1742.2 | N35: =SUM(N4:N34) -> 1740266.7 | O35: =SUM(O4:O34) -> 6546 | P35: =SUM(P4:P34) -> 3348 | Q35: =SUM(Q4:Q34) -> 706968 | ... BN35: =SUM(BN4:BN34) -> 9594582 | BO35: =SUM(AU35,AV35,AW35,BE35,BF35,BG35,BJ35) -> 313367.48 | BP35: =BO35/(AD35*280) -> 1.0261868
B36: =B18-B17 -> 1 | C36: =C18-C17 -> 0 | D36: =D18-D17 -> 3 | E36: =E18-E17 -> 0 | F36: =F18-F17 -> -0.19 | H36: =H18-H17 -> -3634 | I36: =I18-I17 -> 0 | J36: =J18-J17 -> -32706 | K36: =K18-K17 -> -17.990099 | L36: =L18-L17 -> 5.079 | M36: =M18-M17 -> 0 | N36: =N18-N17 -> 285.4398 | O36: =O18-O17 -> 52 | ... AN36: =AN18-AN17 -> 0.1 | AP36: =AP18-AP17 -> 0.1 | AQ36: =AQ18-AQ17 -> 0.31 | AR36: =AR18-AR17 -> -5.01 | AS36: =AS18-AS17 -> 0.19 | AT36: =AT18-AT17 -> 35.23 | AU36: =AU18-AU17 -> 0.15 | AV36: =AV18-AV17 -> -4612.29 | AW36: =AW18-AW17 -> 0 | AZ36: =AZ18-AZ17 -> -306.29 | BA36: =BA18-BA17 -> -26.767 | BB36: =BB18-BB17 -> -0.24 | BC36: =BC18-BC17 -> 27.75 | BD36: =BD18-BD17 -> 3.55 | BE36: =BE18-BE17 -> 1584.55 | BF36: =BF18-BF17 -> 0.39 | BG36: =BG18-BG17 -> -38.63 | BK36: =BK18-BK17 -> -6.1143652 | BL36: =BL18-BL17 -> 2.7621955 | BN36: =BN18-BN17 -> -26804.56 | BO36: =BO18-BO17 -> -3146.18
F37: =AVERAGE(F4:F35) -> 1.6949839 | H37: =AVERAGE(H4:H35) -> 49634.356
B38: Guest complaint | F38: =AVERAGE(F4:F35) -> 1.6949839
BI41: =(BI31+BJ31)/400 -> 16.47765

Sheet Occupancy
B1: Hotel Paid Occupancy Occ% | C1: Room Nights | D1: Comp Night | E1: Cummulative % | F1: Total Covers Guests | G1: Total Room Nights | H1: Paid occ % | J1: KWH/Room
A2: 1 | B2: =C2/202% -> 57.920792 | C2: 117 | D2: 2 | E2: =(C2+D2)/202% -> 58.910891 | F2: 306 | G2: =C2+D2 -> 119 | H2: =C2/202% -> 57.920792 | J2: ='Section Load'!C5/G2 -> 216.66387 | K2: =10/202 -> 0.04950495
A3: 2 | B3: =C3/202% -> 63.366337 | C3: 128 | D3: 2 | E3: =(C3+D3)/202% -> 64.356436 | F3: 406 | G3: =C3+D3 -> 130 | H3: =C3/202% -> 63.366337 | J3: ='Section Load'!C6/G3 -> 198.80769
A4: 3 | B4: =C4/202% -> 67.821782 | C4: 137 | D4: 3 | E4: =(C4+D4)/202% -> 69.306931 | F4: 744 | G4: =C4+D4 -> 140 | H4: =C4/202% -> 67.821782 | J4: ='Section Load'!C7/G4 -> 200.39286 | Q4: =C2/202 -> 0.57920792
A5: 4 | B5: =C5/202% -> 70.792079 | C5: 143 | D5: 4 | E5: =(C5+D5)/202% -> 72.772277 | F5: 534 | G5: =C5+D5 -> 147 | H5: =C5/202% -> 70.792079 | J5: ='Section Load'!C8/G5 -> 176.13605
A6: 5 | B6: =C6/202% -> 68.316832 | C6: 138 | D6: 5 | E6: =(C6+D6)/202% -> 70.792079 | F6: 428 | G6: =C6+D6 -> 143 | H6: =C6/202% -> 68.316832 | J6: ='Section Load'!C9/G6 -> 189.63636
A7: 6 | B7: =C7/202% -> 67.326733 | C7: 136 | D7: 2 | E7: =(C7+D7)/202% -> 68.316832 | F7: 596 | G7: =C7+D7 -> 138 | H7: =C7/202% -> 67.326733 | J7: ='Section Load'!C10/G7 -> 189.53623
A8: 7 | B8: =C8/202% -> 60.39604 | C8: 122 | D8: 3 | E8: =(C8+D8)/202% -> 61.881188 | F8: 315 | G8: =C8+D8 -> 125 | H8: =C8/202% -> 60.39604 | J8: ='Section Load'!C11/G8 -> 207.336
A9: 8 | B9: =C9/202% -> 66.336634 | C9: 134 | D9: 6 | E9: =(C9+D9)/202% -> 69.306931 | F9: 361 | G9: =C9+D9 -> 140 | H9: =C9/202% -> 66.336634 | J9: ='Section Load'!C12/G9 -> 194.42879
A10: 9 | B10: =C10/202% -> 58.910891 | C10: 119 | D10: 6 | E10: =(C10+D10)/202% -> 61.881188 | F10: 667 | G10: =C10+D10 -> 125 | H10: =C10/202% -> 58.910891 | J10: ='Section Load'!C13/G10 -> 217.59424
A11: 10 | B11: =C11/202% -> 48.019802 | C11: 97 | D11: 5 | E11: =(C11+D11)/202% -> 50.49505 | F11: 795 | G11: =C11+D11 -> 102 | H11: =C11/202% -> 48.019802 | J11: ='Section Load'!C14/G11 -> 269.77333
A12: 11 | B12: =C12/202% -> 46.039604 | C12: 93 | D12: 3 | E12: =(C12+D12)/202% -> 47.524752 | F12: 363 | G12: =C12+D12 -> 96 | H12: =C12/202% -> 46.039604 | J12: ='Section Load'!C15/G12 -> 268.44594
A13: 12 | B13: =C14/202% -> 60.891089 | E13: =(C14+D13)/202% -> 60.891089 | G13: =C14+D13 -> 123 | H13: =C14/202% -> 60.891089 | J13: ='Section Load'!C16/G13 -> 215.44715
A14: 13 | B14: =C15/202% -> 59.405941 | C14: 123 | D14: 4 | E14: =(C15+D14)/202% -> 61.386139 | F14: 575 | G14: =C15+D14 -> 124 | H14: =C15/202% -> 59.405941 | J14: ='Section Load'!C17/G14 -> 213.70968
A15: 14 | B15: =C16/202% -> 48.019802 | C15: 120 | D15: 3 | E15: =(C16+D15)/202% -> 49.50495 | F15: 390 | G15: =C16+D15 -> 100 | H15: =C16/202% -> 48.019802 | J15: ='Section Load'!C18/G15 -> 265
A16: 15 | B16: =C17/202% -> 53.960396 | C16: 97 | D16: 3 | E16: =(C17+D16)/202% -> 55.445545 | F16: 326 | G16: =C17+D16 -> 112 | H16: =#REF!/202% -> #REF! | J16: ='Section Load'!C19/G16 -> 204.16071
A17: 16 | B17: =C17/202% -> 53.960396 | C17: 109 | D17: 3 | E17: =(C17+D17)/202% -> 55.445545 | F17: 561 | G17: =C17+D17 -> 112 | H17: =C17/202% -> 53.960396 | J17: ='Section Load'!C20/G17 -> 246.6875
A18: 17 | B18: =C18/202% -> 55.445545 | C18: 112 | D18: 3 | E18: =(C18+D18)/202% -> 56.930693 | F18: 555 | G18: =C18+D18 -> 115 | H18: =C18/202% -> 55.445545 | J18: ='Section Load'!C21/G18 -> 232.5913
A19: 18 | B19: =C19/202% -> 51.485149 | C19: 104 | D19: 5 | E19: =(C19+D19)/202% -> 53.960396 | F19: 450 | G19: =C19+D19 -> 109 | H19: =C19/202% -> 51.485149 | J19: ='Section Load'!C22/G19 -> 227.21101
A20: 19 | B20: =C20/202% -> 0 | E20: =(C20+D20)/202% -> 0 | G20: =C20+D20 -> 0 | H20: =C20/202% -> 0 | J20: ='Section Load'!C23/G20 -> #DIV/0!
A21: 20 | B21: =C21/202% -> 54.950495 | C21: 111 | D21: 3 | E21: =(C21+D21)/202% -> 56.435644 | F21: 408 | G21: =C21+D21 -> 114 | H21: =C21/202% -> 54.950495 | J21: ='Section Load'!C24/G21 -> 227.86842
A22: 21 | B22: =C22/202% -> 45.544554 | C22: 92 | D22: 2 | E22: =(C22+D22)/202% -> 46.534653 | F22: 238 | G22: =C22+D22 -> 94 | H22: =C22/202% -> 45.544554 | J22: ='Section Load'!C25/G22 -> 259.89362
A23: 22 | B23: 83 | C23: 108 | D23: 2 | E23: =(C23+D23)/202% -> 54.455446 | F23: 325 | G23: =C23+D23 -> 110 | H23: =C23/202% -> 53.465347 | J23: ='Section Load'!C26/G23 -> 214.33636
A24: 23 | B24: 98 | C24: 109 | D24: 2 | E24: =(C24+D24)/202% -> 54.950495 | F24: 329 | G24: =C24+D24 -> 111 | H24: =C24/202% -> 53.960396 | J24: ='Section Load'!C27/G24 -> 214.04505
A25: 24 | B25: =C25/202% -> 50.49505 | C25: 102 | D25: 1 | E25: =(C25+D25)/202% -> 50.990099 | F25: 297 | G25: =C25+D25 -> 103 | H25: =C25/202% -> 50.49505 | J25: ='Section Load'!C28/G25 -> 231.18466
A26: 25 | B26: =C26/202% -> 52.475248 | C26: 106 | D26: 5 | E26: =(C26+D26)/202% -> 54.950495 | F26: 382 | G26: =C26+D26 -> 111 | H26: =C26/202% -> 52.475248 | J26: ='Section Load'!C29/G26 -> 244.1509
A27: 26 | B27: =C27/202% -> 0 | E27: =(C27+D27)/202% -> 0 | G27: =C27+D27 -> 0 | H27: =C27/202% -> 0 | J27: ='Section Load'!C30/G27 -> #DIV/0!
A28: 27 | B28: =C28/202% -> 43.564356 | C28: 88 | D28: 6 | E28: =(C28+D28)/202% -> 46.534653 | F28: 337 | G28: =C28+D28 -> 94 | H28: =C28/202% -> 43.564356 | J28: ='Section Load'!C31/G28 -> 262.94755
A29: 28 | B29: =C29/202% -> 34.653465 | C29: 70 | D29: 5 | E29: =(C29+D29)/202% -> 37.128713 | F29: 254 | G29: =C29+D29 -> 75 | H29: =C29/202% -> 34.653465 | J29: ='Section Load'!C32/G29 -> 292.68
A30: 29 | B30: =C30/202% -> 41.089109 | C30: 83 | D30: 8 | E30: =(C30+D30)/202% -> 45.049505 | F30: 301 | G30: =C30+D30 -> 91 | H30: =C30/202% -> 41.089109 | J30: ='Section Load'!C33/G30 -> 260.71429
A31: 30 | B31: =C31/202% -> 33.663366 | C31: 68 | D31: 10 | E31: =(C31+D31)/202% -> 38.613861 | F31: 291 | G31: =C31+D31 -> 78 | H31: =C31/202% -> 33.663366 | J31: ='Section Load'!C34/G31 -> 307.78205
A32: 31 | B32: =C32/202% -> 0 | E32: =(C32+D32)/202% -> 0 | H32: =C32/202% -> 0 | J32: ='Section Load'!C35/G32 -> #DIV/0!
A33: Average | B33: =AVERAGE(B2:B31) -> 53.19505 | C33: 154 | D33: =AVERAGE(D2:D31) -> 3.9259259 | E33: =AVERAGE(E2:E31) -> 52.491749 | F33: =AVERAGE(F2:F31) -> 427.18519 | G33: =AVERAGE(G2:G31) -> 106.03333 | H33: =AVERAGE(H2:H31) -> #REF!

Sheet Water Report
C3: Date | D3: 1 | E3: 2 | F3: 3 | G3: 4 | H3: 5 | I3: 6 | J3: 7 | K3: 8 | L3: 9 | M3: 10 | N3: 11 | O3: 12 | P3: 13 | Q3: 14 | R3: 15 | S3: 16 | T3: 17 | U3: 18 | V3: 19 | W3: 20 | X3: 21 | Y3: 22 | Z3: 23 | AA3: 24 | AB3: 25 | AC3: 26 | AD3: 27 | AE3: 28 | AF3: 29 | AG3: 30 | AH3: 31
C4: occupancy | D4: =Occupancy!B2 -> 57.920792 | E4: =Occupancy!B3 -> 63.366337 | F4: =Occupancy!C3 -> 128 | G4: =Occupancy!D3 -> 2 | H4: =Occupancy!E3 -> 64.356436 | I4: =Occupancy!F3 -> 406 | J4: =Occupancy!G3 -> 130 | K4: =Occupancy!H3 -> 63.366337 | L4: =Occupancy!I3 -> 0 | ... AH4: =Occupancy!AE3 -> 0
C5: Tanker | D5: ='1'!G18 -> 130 | E5: ='2'!G18 -> 180 | F5: ='3'!G18 -> 100 | G5: ='4'!G18 -> 130 | H5: ='5'!G18 -> 140 | I5: ='6'!G18 -> 200 | J5: ='7'!G18 -> 240 | K5: ='8'!G18 -> 160 | L5: ='9'!G18 -> 30 | M5: ='10'!G18 -> 170 | N5: ='11'!G18 -> 130 | O5: ='12'!G18 -> 160 | P5: ='13'!G18 -> 160 | Q5: ='14'!G18 -> 200 | R5: ='15'!G18 -> 250 | S5: ='16'!G18 -> 90 | T5: ='17'!G18 -> 240 | U5: ='18 '!G18 -> 150 | V5: ='19'!G18 -> 100 | W5: ='20'!G18 -> 190 | X5: ='21'!G18 -> 140 | Y5: ='22'!G18 -> 130 | Z5: ='23'!G18 -> 160 | AA5: ='24'!G18 -> 250 | AB5: ='25'!G18 -> 80 | AC5: ='26'!G18 -> 220 | AD5: ='27'!G18 -> 220 | AE5: ='28'!G18 -> 190 | AF5: ='29'!G18 -> 170 | AG5: ='30'!G18 -> 150 | AH5: ='31'!G18 -> 130
C6: BMC | D6: ='1'!G19 -> 52 | E6: ='2'!G19 -> 51 | F6: ='3'!G19 -> 55 | G6: ='4'!G19 -> 53 | H6: ='5'!G19 -> 52 | I6: ='6'!G19 -> 47 | J6: ='7'!G19 -> 47 | K6: ='8'!G19 -> 52 | L6: ='9'!G19 -> 54 | M6: ='10'!G19 -> 50 | N6: ='11'!G19 -> 50 | O6: ='12'!G19 -> 45 | P6: ='13'!G19 -> 50 | Q6: ='14'!G19 -> 48 | R6: ='15'!G19 -> 50 | S6: ='16'!G19 -> 52 | T6: ='17'!G19 -> 49 | U6: ='18 '!G19 -> 49 | V6: ='19'!G19 -> 51 | W6: ='20'!G19 -> 51 | X6: ='21'!G19 -> 51 | Y6: ='22'!G19 -> 51 | Z6: ='23'!G19 -> 49 | AA6: ='24'!G19 -> 47 | AB6: ='25'!G19 -> 49 | AC6: ='26'!G19 -> 50 | AD6: ='27'!G19 -> 50 | AE6: ='28'!G19 -> 50 | AF6: ='29'!G19 -> 50 | AG6: ='30'!G19 -> 50 | AH6: ='31'!G19 -> 51
C7: R.O. Plant Production | D7: ='1'!G62 -> 97 | E7: ='2'!G62 -> 97 | F7: ='3'!G62 -> 101 | G7: ='4'!G62 -> 95 | H7: ='5'!G62 -> 106 | I7: ='6'!G62 -> 130 | J7: ='7'!G62 -> 144 | K7: ='8'!G62 -> 125 | L7: ='9'!G62 -> 118 | M7: ='10'!G62 -> 113 | N7: ='11'!G62 -> 96 | O7: ='12'!G62 -> 106 | P7: ='13'!G62 -> 117 | Q7: ='14'!G62 -> 125 | R7: ='15'!G62 -> 111 | S7: ='16'!G62 -> 92 | T7: ='17'!G62 -> 95 | U7: ='18 '!G62 -> 95 | V7: ='19'!G62 -> 98 | W7: ='20'!G62 -> 105 | X7: ='21'!G62 -> 90 | Y7: ='22'!G62 -> 104 | Z7: ='23'!G62 -> 116 | AA7: ='24'!G62 -> 132 | AB7: ='25'!G62 -> 88 | AC7: ='26'!G62 -> 105 | AD7: ='27'!G62 -> 97 | AE7: ='28'!G62 -> 89 | AF7: ='29'!G62 -> 73 | AG7: ='30'!G62 -> 74 | AH7: ='31'!G62 -> 64
C8: STP Production | D8: ='1'!G63 -> 177 | E8: ='2'!G63 -> 147 | F8: ='3'!G63 -> 116 | G8: ='4'!G63 -> 144 | H8: ='5'!G63 -> 137 | I8: ='6'!G63 -> 98 | J8: ='7'!G63 -> 106 | K8: ='8'!G63 -> 78 | L8: ='9'!G63 -> 86 | M8: ='10'!G63 -> 165 | N8: ='11'!G63 -> 123 | O8: ='12'!G63 -> 120 | P8: ='13'!G63 -> 135 | Q8: ='14'!G63 -> 139 | R8: ='15'!G63 -> 108 | S8: ='16'!G63 -> 135 | T8: ='17'!G63 -> 108 | U8: ='18 '!G63 -> 95 | V8: ='19'!G63 -> 102 | W8: ='20'!G63 -> 112 | X8: ='21'!G63 -> 57 | Y8: ='22'!G63 -> 101 | Z8: ='23'!G63 -> 86 | AA8: ='24'!G63 -> 52 | AB8: ='25'!G63 -> 112 | AC8: ='26'!G63 -> 115 | AD8: ='27'!G63 -> 95 | AE8: ='28'!G63 -> 105 | AF8: ='29'!G63 -> 105 | AG8: ='30'!G63 -> 95 | AH8: ='31'!G63 -> 105
B9: Domestic Water | C9: Zone-1 | D9: ='1'!G65 -> 92 | E9: ='2'!G65 -> 103 | F9: ='3'!G65 -> 104 | G9: ='4'!G65 -> 108 | H9: ='5'!G65 -> 102 | I9: ='6'!G65 -> 104 | J9: ='7'!G65 -> 101 | K9: ='8'!G65 -> 105 | L9: ='9'!G65 -> 114 | M9: ='10'!G65 -> 111 | N9: ='11'!G65 -> 141 | O9: ='12'!G65 -> 63 | P9: ='13'!G65 -> 117 | Q9: ='14'!G65 -> 97 | R9: ='15'!G65 -> 83 | S9: ='16'!G65 -> 98 | T9: ='17'!G65 -> 101 | U9: ='18 '!G65 -> 94 | V9: ='19'!G65 -> 99 | W9: ='20'!G65 -> 110 | X9: ='21'!G65 -> 102 | Y9: ='22'!G65 -> 98 | Z9: ='23'!G65 -> 90 | AA9: ='24'!G65 -> 105 | AB9: ='25'!G65 -> 102 | AC9: ='26'!G65 -> 110 | AD9: ='27'!G65 -> 105 | AE9: ='28'!G65 -> 96 | AF9: ='29'!G65 -> 89 | AG9: ='30'!G65 -> 89 | AH9: ='31'!G65 -> 83
C10: Zone-2 | D10: ='1'!G66 -> 25 | E10: ='2'!G66 -> 17 | F10: ='3'!G66 -> 20 | G10: ='4'!G66 -> 22 | H10: ='5'!G66 -> 25 | I10: ='6'!G66 -> 23 | J10: ='7'!G66 -> 31 | K10: ='8'!G66 -> 31 | L10: ='9'!G66 -> 21 | M10: ='10'!G66 -> 20 | N10: ='11'!G66 -> 18 | O10: ='12'!G66 -> 18 | P10: ='13'!G66 -> 29 | Q10: ='14'!G66 -> 24 | R10: ='15'!G66 -> 25 | S10: ='16'!G66 -> 0 | T10: ='17'!G66 -> 37 | U10: ='18 '!G66 -> 16 | V10: ='19'!G66 -> 23 | W10: ='20'!G66 -> 15 | X10: ='21'!G66 -> 21 | Y10: ='22'!G66 -> 18 | Z10: ='23'!G66 -> 16 | AA10: ='24'!G66 -> 15 | AB10: ='25'!G66 -> 7 | AC10: ='26'!G66 -> 10 | AD10: ='27'!G66 -> 15 | AE10: ='28'!G66 -> 14 | AF10: ='29'!G66 -> 9 | AG10: ='30'!G66 -> 4 | AH10: ='31'!G66 -> 6
C11: Zone-3 | D11: ='1'!G67 -> 0 | E11: ='2'!G67 -> 0 | F11: ='3'!G67 -> 0 | G11: ='4'!G67 -> 0 | H11: ='5'!G67 -> 0 | I11: ='6'!G67 -> 0 | J11: ='7'!G67 -> 0 | K11: ='8'!G67 -> 0 | L11: ='9'!G67 -> 0 | M11: ='10'!G67 -> 0 | N11: ='11'!G67 -> 0 | O11: ='12'!G67 -> 0 | P11: ='13'!G67 -> 172 | Q11: ='14'!G67 -> 0 | R11: ='15'!G67 -> 0 | S11: ='16'!G67 -> 0 | T11: ='17'!G67 -> 0 | U11: ='18 '!G67 -> 110 | V11: ='19'!G67 -> 21 | W11: ='20'!G67 -> 23 | X11: ='21'!G67 -> 20 | Y11: ='22'!G67 -> 15 | Z11: ='23'!G67 -> 17 | AA11: ='24'!G67 -> 19 | AB11: ='25'!G67 -> 15 | AC11: ='26'!G67 -> 21 | AD11: ='27'!G67 -> 17 | AE11: ='28'!G67 -> 22 | AF11: ='29'!G67 -> 14 | AG11: ='30'!G67 -> 17 | AH11: ='31'!G67 -> 15
B13: Flushing Water | C13: Zone-1 | D13: ='1'!G68 -> 18 | E13: ='2'!G68 -> 34 | F13: ='3'!G68 -> 17 | G13: ='4'!G68 -> 19 | H13: ='5'!G68 -> 17 | I13: ='6'!G68 -> 19 | J13: ='7'!G68 -> 35 | K13: ='8'!G68 -> 39 | L13: ='9'!G68 -> 35 | M13: ='10'!G68 -> 32 | N13: ='11'!G68 -> 32 | O13: ='12'!G68 -> 33 | P13: ='13'!G68 -> 29 | Q13: ='14'!G68 -> 37 | R13: ='15'!G68 -> 29 | S13: ='16'!G68 -> 34 | T13: ='17'!G68 -> 31 | U13: ='18 '!G68 -> 20 | V13: ='19'!G68 -> 15 | W13: ='20'!G68 -> 35 | X13: ='21'!G68 -> 48 | Y13: ='22'!G68 -> 16 | Z13: ='23'!G68 -> 8 | AA13: ='24'!G68 -> 20 | AB13: ='25'!G68 -> 23 | AC13: ='26'!G68 -> 32 | AD13: ='27'!G68 -> 47 | AE13: ='28'!G68 -> 30 | AF13: ='29'!G68 -> 22 | AG13: ='30'!G68 -> 42 | AH13: ='31'!G68 -> 46
C14: Zone-2 | D14: ='1'!G69 -> 10 | E14: ='2'!G69 -> 3 | F14: ='3'!G69 -> 3 | G14: ='4'!G69 -> 2 | H14: ='5'!G69 -> 12 | I14: ='6'!G69 -> 6 | J14: ='7'!G69 -> 6 | K14: ='8'!G69 -> 8 | L14: ='9'!G69 -> 13 | M14: ='10'!G69 -> 8 | N14: ='11'!G69 -> 2 | O14: ='12'!G69 -> 5 | P14: ='13'!G69 -> 6 | Q14: ='14'!G69 -> 5 | R14: ='15'!G69 -> 6 | S14: ='16'!G69 -> 6 | T14: ='17'!G69 -> 3 | U14: ='18 '!G69 -> 3 | V14: ='19'!G69 -> 5 | W14: ='20'!G69 -> 3 | X14: ='21'!G69 -> 4 | Y14: ='22'!G69 -> 7 | Z14: ='23'!G69 -> 5 | AA14: ='24'!G69 -> 2 | AB14: ='25'!G69 -> 3 | AC14: ='26'!G69 -> 6 | AD14: ='27'!G69 -> 7 | AE14: ='28'!G69 -> 2 | AF14: ='29'!G69 -> 3 | AG14: ='30'!G69 -> 0 | AH14: ='31'!G69 -> 9
C15: Zone-3 | D15: ='1'!G70 -> 6 | E15: ='2'!G70 -> 11 | F15: ='3'!G70 -> 6 | G15: ='4'!G70 -> 14 | H15: ='5'!G70 -> 11 | I15: ='6'!G70 -> 8 | J15: ='7'!G70 -> 8 | K15: ='8'!G70 -> 8 | L15: ='9'!G70 -> 11 | M15: ='10'!G70 -> 5 | N15: ='11'!G70 -> 6 | O15: ='12'!G70 -> -311 | P15: ='13'!G70 -> 331 | Q15: ='14'!G70 -> 8 | R15: ='15'!G70 -> 20 | S15: ='16'!G70 -> 9 | T15: ='17'!G70 -> 10 | U15: ='18 '!G70 -> 10 | V15: ='19'!G70 -> 15 | W15: ='20'!G70 -> 6 | X15: ='21'!G70 -> 8 | Y15: ='22'!G70 -> 6 | Z15: ='23'!G70 -> 7 | AA15: ='24'!G70 -> 8 | AB15: ='25'!G70 -> 10 | AC15: ='26'!G70 -> 7 | AD15: ='27'!G70 -> 8 | AE15: ='28'!G70 -> 6 | AF15: ='29'!G70 -> 8 | AG15: ='30'!G70 -> 5 | AH15: ='31'!G70 -> 4
B17: Branches ( Domestic water ) | C17: Pool | D17: ='1'!G173 -> 0 | E17: ='2'!G173 -> 5 | F17: ='3'!G173 -> 0 | G17: ='4'!G173 -> 5 | H17: ='5'!G173 -> 0 | I17: ='6'!G173 -> 2 | J17: ='7'!G173 -> 0 | K17: ='8'!G173 -> 0 | L17: ='9'!G173 -> 0 | M17: ='10'!G173 -> 0 | N17: ='11'!G173 -> 0 | O17: ='12'!G173 -> 29 | P17: ='13'!G173 -> 0 | Q17: ='14'!G173 -> 0 | R17: ='15'!G173 -> 0 | S17: ='16'!G173 -> 0 | T17: ='17'!G173 -> 0 | U17: ='18 '!G173 -> 0 | V17: ='19'!G173 -> 0 | W17: ='20'!G173 -> 0 | X17: ='21'!G173 -> 0 | Y17: ='22'!G173 -> 4 | Z17: ='23'!G173 -> 2 | AA17: ='24'!G173 -> 0 | AB17: ='25'!G173 -> 4 | AC17: ='26'!G173 -> 0 | AD17: ='27'!G173 -> 2 | AE17: ='28'!G173 -> 0 | AF17: ='29'!G173 -> 2 | AG17: ='30'!G173 -> 1 | AH17: ='31'!G173 -> 5
C18: B2 Laundry | D18: ='1'!G174 -> 13 | E18: ='2'!G174 -> 13 | F18: ='3'!G174 -> 13 | G18: ='4'!G174 -> 15 | H18: ='5'!G174 -> 14 | I18: ='6'!G174 -> 14 | J18: ='7'!G174 -> 12 | K18: ='8'!G174 -> 14 | L18: ='9'!G174 -> 16 | M18: ='10'!G174 -> 16 | N18: ='11'!G174 -> 13 | O18: ='12'!G174 -> 13 | P18: ='13'!G174 -> 13 | Q18: ='14'!G174 -> 12 | R18: ='15'!G174 -> 13 | S18: ='16'!G174 -> 12 | T18: ='17'!G174 -> 17 | U18: ='18 '!G174 -> 11 | V18: ='19'!G174 -> 10 | W18: ='20'!G174 -> 14 | X18: ='21'!G174 -> 11 | Y18: ='22'!G174 -> 14 | Z18: ='23'!G174 -> 11 | AA18: ='24'!G174 -> 12 | AB18: ='25'!G174 -> 13 | AC18: ='26'!G174 -> 15 | AD18: ='27'!G174 -> 13 | AE18: ='28'!G174 -> 12 | AF18: ='29'!G174 -> 12 | AG18: ='30'!G174 -> 11 | AH18: ='31'!G174 -> 10
C19: Boiler Feed Water | D19: ='1'!G175 -> 11 | E19: ='2'!G175 -> 12 | F19: ='3'!G175 -> 12 | G19: ='4'!G175 -> 12 | H19: ='5'!G175 -> 11 | I19: ='6'!G175 -> 14 | J19: ='7'!G175 -> 12 | K19: ='8'!G175 -> 11 | L19: ='9'!G175 -> 11 | M19: ='10'!G175 -> 12 | N19: ='11'!G175 -> 10 | O19: ='12'!G175 -> 10 | P19: ='13'!G175 -> 10 | Q19: ='14'!G175 -> 14 | R19: ='15'!G175 -> 11 | S19: ='16'!G175 -> 10 | T19: ='17'!G175 -> 10 | U19: ='18 '!G175 -> 10 | V19: ='19'!G175 -> 11 | W19: ='20'!G175 -> 12 | X19: ='21'!G175 -> 9 | Y19: ='22'!G175 -> 11 | Z19: ='23'!G175 -> 12 | AA19: ='24'!G175 -> 10 | AB19: ='25'!G175 -> 10 | AC19: ='26'!G175 -> 10 | AD19: ='27'!G175 -> 10 | AE19: ='28'!G175 -> 9 | AF19: ='29'!G175 -> 11 | AG19: ='30'!G175 -> 8 | AH19: ='31'!G175 -> 10
B21: Branches ( STP Water ) | C21: CT water | D21: ='1'!G178 -> 109 | E21: ='2'!G178 -> 85 | F21: ='3'!G178 -> 110 | G21: ='4'!G178 -> 65 | H21: ='5'!G178 -> 94 | I21: ='6'!G178 -> 54 | J21: ='7'!G178 -> 66 | K21: ='8'!G178 -> 62 | L21: ='9'!G178 -> 67 | M21: ='10'!G178 -> 111 | N21: ='11'!G178 -> 96 | O21: ='12'!G178 -> 96 | P21: ='13'!G178 -> 53 | Q21: ='14'!G178 -> 76 | R21: ='15'!G178 -> 58 | S21: ='16'!G178 -> 90 | T21: ='17'!G178 -> 90 | U21: ='18 '!G178 -> 45 | V21: ='19'!G178 -> 67 | W21: ='20'!G178 -> 68 | X21: ='21'!G178 -> 68 | Y21: ='22'!G178 -> 47 | Z21: ='23'!G178 -> 71 | AA21: ='24'!G178 -> 75 | AB21: ='25'!G178 -> 63 | AC21: ='26'!G178 -> 132 | AD21: ='27'!G178 -> 54 | AE21: ='28'!G178 -> 74 | AF21: ='29'!G178 -> 40 | AG21: ='30'!G178 -> 100 | AH21: ='31'!G178 -> 85
C22: STP flush | D22: ='1'!G179 -> 0 | E22: ='2'!G179 -> 0 | F22: ='3'!G179 -> 0 | G22: ='4'!G179 -> 0 | H22: ='5'!G179 -> 0 | I22: ='6'!G179 -> 0 | J22: ='7'!G179 -> 0 | K22: ='8'!G179 -> 0 | L22: ='9'!G179 -> 0 | M22: ='10'!G179 -> 0 | N22: ='11'!G179 -> 0 | O22: ='12'!G179 -> 0 | P22: ='13'!G179 -> 0 | Q22: ='14'!G179 -> 0 | R22: ='15'!G179 -> 0 | S22: ='16'!G179 -> 0 | T22: ='17'!G179 -> 0 | U22: ='18 '!G179 -> 0 | V22: ='19'!G179 -> 0 | W22: ='20'!G179 -> 0 | X22: ='21'!G179 -> 0 | Y22: ='22'!G179 -> 0 | Z22: ='23'!G179 -> 0 | AA22: ='24'!G179 -> 67 | AB22: ='25'!G179 -> 0 | AC22: ='26'!G179 -> 0 | AD22: ='27'!G179 -> 0 | AE22: ='28'!G179 -> 0 | AF22: ='29'!G179 -> 14 | AG22: ='30'!G179 -> 2 | AH22: ='31'!G179 -> 0
C23: Garden | D23: ='1'!G180 -> 7 | E23: ='2'!G180 -> 0 | F23: ='3'!G180 -> 0 | G23: ='4'!G180 -> 0 | H23: ='5'!G180 -> 0 | I23: ='6'!G180 -> 2 | J23: ='7'!G180 -> 5 | K23: ='8'!G180 -> 0 | L23: ='9'!G180 -> 0 | M23: ='10'!G180 -> 1 | N23: ='11'!G180 -> 0 | O23: ='12'!G180 -> 0 | P23: ='13'!G180 -> 0 | Q23: ='14'!G180 -> 0 | R23: ='15'!G180 -> 3 | S23: ='16'!G180 -> 1 | T23: ='17'!G180 -> 50 | U23: ='18 '!G180 -> 13 | V23: ='19'!G180 -> 22 | W23: ='20'!G180 -> 48 | X23: ='21'!G180 -> 24 | Y23: ='22'!G180 -> 0 | Z23: ='23'!G180 -> 18 | AA23: ='24'!G180 -> 0 | AB23: ='25'!G180 -> 0 | AC23: ='26'!G180 -> 0 | AD23: ='27'!G180 -> 1 | AE23: ='28'!G180 -> 3 | AF23: ='29'!G180 -> 0 | AG23: ='30'!G180 -> 2 | AH23: ='31'!G180 -> 2
B24: Total Tanke(RO) + BMC | D24: =SUM(D5:D6) -> 182 | E24: =SUM(E5:E6) -> 231 | F24: =SUM(F5:F6) -> 155 | G24: =SUM(G5:G6) -> 183 | H24: =SUM(H5:H6) -> 192 | I24: =SUM(I5:I6) -> 247 | J24: =SUM(J5:J6) -> 287 | K24: =SUM(K5:K6) -> 212 | ... AH24: =SUM(AH5:AH6) -> 181
B25: Domestic consumption | D25: =SUM(D9:D11,D14:D15,) -> 133 | E25: =SUM(E9:E11,E14:E15,) -> 134 | F25: =SUM(F9:F11,F14:F15,) -> 133 | G25: =SUM(G9:G11,G14:G15,) -> 146 | H25: =SUM(H9:H11,H14:H15,) -> 150 | I25: =SUM(I9:I11,I14:I15,) -> 141 | J25: =SUM(J9:J11,J14:J15,) -> 146 | K25: =SUM(K9:K11,K14:K15,) -> 152 | ... AI25: =SUM(AI9:AI11,AI14:AI15,) -> 0
B27: STP +Flush Consumption | D27: =SUM(D13,D21,D23) -> 134 | E27: =SUM(E13,E21,E23) -> 119 | F27: =SUM(F13,F21,F23) -> 127 | G27: =SUM(G13,G21,G23) -> 84 | H27: =SUM(H13,H21,H23) -> 111 | I27: =SUM(I13,I21,I23) -> 75 | J27: =SUM(J13,J21,J23) -> 106 | K27: =SUM(K13,K21,K23) -> 101 | ... AH27: =SUM(AH13,AH21,AH23) -> 133 | AI27: =SUM(AI13) -> 0
B29: BOH | D29: =D9 -> 92 | E29: =E9 -> 103 | F29: =F9 -> 104 | G29: =G9 -> 108 | H29: =H9 -> 102 | I29: =I9 -> 104 | J29: =J9 -> 101 | K29: =K9 -> 105 | ... AH29: =AH9 -> 83
B30: Guest Floor | D30: =SUM(D10:D11,D14:D15) -> 41 | E30: =SUM(E10:E11,E14:E15) -> 31 | F30: =SUM(F10:F11,F14:F15) -> 29 | G30: =SUM(G10:G11,G14:G15) -> 38 | H30: =SUM(H10:H11,H14:H15) -> 48 | I30: =SUM(I10:I11,I14:I15) -> 37 | J30: =SUM(J10:J11,J14:J15) -> 45 | K30: =SUM(K10:K11,K14:K15) -> 47 | ... AH30: =SUM(AH10:AH11,AH14:AH15) -> 34
B31: Guest floor% | D31: =D30/SUM(D29:D30)% -> 30.827068 | E31: =E30/SUM(E29:E30)% -> 23.134328 | F31: =F30/SUM(F29:F30)% -> 21.804511 | G31: =G30/SUM(G29:G30)% -> 26.027397 | H31: =H30/SUM(H29:H30)% -> 32 | I31: =I30/SUM(I29:I30)% -> 26.241135 | J31: =J30/SUM(J29:J30)% -> 30.821918 | K31: =K30/SUM(K29:K30)% -> 30.921053 | ... AH31: =AH30/SUM(AH29:AH30)% -> 29.059829

Sheet Section Load
F2: Transformer -Load | N2: Electrical | AV2: Boiler Running | BB2: diff wrt feeder | BC2: Var%
AN3: Gas consumption | AU3: Boiler Running Hours
A4: Date | B4: HT Kwh | C4: HT Kvah | D4: MGL Gas | E4: Water | F4: HVAC | G4: Fire & Emergency PP | H4: Main PP | I4: Lighting PP | J4: CH-1+ CH2+CH3+CH4 | K4: Chilled water Pump | L4: Ball Room-1 | M4: Ball Room-2 | N4: MK-1 | O4: MK-2 | P4: Prato | Q4: San- Qi Indian | R4: San- Qi Japanese | S4: The club | T4: AER | U4: COLD ROOM'S | V4: Ball Room 1 | W4: Ball Room 2 | X4: B1 Laundry | Y4: B2 Laundry | Z4: STP | AA4: MOCK Up Room | AB4: 27th Floor | AC4: Physic57 | AD4: Pinoor Legal- Power+lighting | AE4: 2nd floor plant room | AF4: 5th Floor SPA | AG4: 5th Floor | AH4: 12th Floor | AI4: 20th Floor | AJ4: 27th Floor | AK4: 34th Floor | AL4: Sanqi | AM4: Cooling Tower | AN4: MGL | AO4: HWG | AP4: Prato | AQ4: BR-1 | AR4: SanQi IND | AS4: SanQi JPN | AT4: Boiler | AU4: HWG | AV4: Boiler1 | AW4: Boiler2 | AX4: Boiler3 (400Kg) | AY4: Total
A5: 1 | B5: ='1'!G7 -> 25437 | C5: ='1'!G8 -> 25783 | D5: ='1'!G15 -> 1063.6 | E5: ='1'!G20 -> 182 | F5: =SUM('1'!G35,'1'!G49) -> 4229.35 | G5: =SUM('1'!H37,'1'!H51) -> 1127.2 | H5: =SUM('1'!G38,'1'!G52) -> 2260.06 | I5: =SUM('1'!G39,'1'!G53) -> 4348.86 | J5: =SUM('1'!G41,'1'!G42,'1'!G55,'1'!G56) -> 6923.3 | K5: =SUM('1'!G43,'1'!G57) -> 3125.45 | L5: ='1'!G50 -> 1020.39 | M5: ='1'!G36 -> 620.19 | N5: ='1'!G138 -> 168 | O5: ='1'!G139 -> 139 | P5: ='1'!G140 -> 15 | Q5: ='1'!G141 -> 185.56 | R5: ='1'!G142 -> 63.4 | S5: ='1'!$G$145 -> 32 | T5: ='1'!$G$146 -> 139 | U5: ='1'!$G$144 -> 207 | V5: ='1'!$G$147 -> 365.32 | W5: ='1'!$G$148 -> 323.44 | X5: ='1'!$G$143 -> 24.88 | Y5: ='1'!$G$58 -> 277.27 | Z5: ='1'!$G$151 -> 337 | AA5: ='1'!G161 -> 17.64 | AB5: ='1'!G162 -> 41.3 | AD5: ='1'!G163+'1'!G164 -> 161.1 | AE5: ='1'!$G$116 -> 418.74 | AF5: ='1'!$G$117 -> 225.519 | AG5: ='1'!$G$118 -> 632.99 | AH5: ='1'!$G$119 -> 224.4 | AI5: ='1'!$G$120 -> 412.9 | AJ5: ='1'!$G$121 -> 477.12 | AK5: ='1'!$G$122 -> 270 | AL5: ='1'!$G$123 -> 315.9 | AM5: ='1'!$G$133 -> 0 | AN5: ='1'!$G$15 -> 1063.6 | AO5: ='1'!$G$74 -> 308.04 | AP5: ='1'!$G$75 -> -0.8 | AQ5: ='1'!$G$76 -> 116.7 | AR5: ='1'!$G$77 -> 43 | AS5: ='1'!$G$78 -> 0 | AT5: =AN5-SUM(AO5:AS5) -> 596.66 | AU5: =SUM('1'!G91:G92) -> 10.86 | AV5: ='1'!$G$88 -> 0 | AW5: ='1'!$G$89 -> 9.64 | AX5: ='1'!$G$90 -> 11.75 | AY5: =SUM(AV5:AX5) -> 21.39 | AZ5: =AO5/AU5 -> 28.364641 | BA5: =AT5/AY5 -> 27.894343 | BB5: =C5-SUM(F5:K5,Y5) -> 3491.51 | BC5: =BB5/B5% -> 13.726108
A6: 2 | B6: ='2'!G7 -> 25517 | C6: ='2'!G8 -> 25845 | D6: ='2'!G15 -> 1000.7 | E6: ='2'!G20 -> 231 | F6: =SUM('2'!G35,'2'!G49) -> 4402.7 | G6: =SUM('2'!G37,'2'!G51) -> 1083.31 | H6: =SUM('2'!G38,'2'!G52) -> 2221.05 | I6: =SUM('2'!G39,'2'!G53) -> 4423.63 | J6: =SUM('2'!G41,'2'!G42,'2'!G55,'2'!G56) -> 6103.42 | K6: =SUM('2'!G43,'2'!G57) -> 2942.62 | L6: ='2'!G50 -> 1053.84 | M6: ='2'!G36 -> 775.66 | N6: ='2'!G138 -> 141 | O6: ='2'!$G$139 -> 140 | P6: ='2'!$G$140 -> 15.2 | Q6: ='2'!$G$141 -> 190.6 | R6: ='2'!$G$142 -> 64.13 | S6: ='2'!$G$145 -> 36.74 | T6: ='2'!$G$146 -> 80 | U6: ='2'!$G$144 -> 213 | V6: ='2'!$G$147 -> 364.68 | W6: ='2'!$G$148 -> 249.52 | X6: ='2'!$G$143 -> 29.02 | Y6: ='2'!$G$58 -> 251.67 | Z6: ='2'!$G$151 -> 331 | AA6: ='2'!G161 -> 39.08 | AB6: ='2'!G162 -> 46 | AD6: ='2'!G163+'2'!G164 -> 146.4 | AE6: ='2'!$G$116 -> 406.84 | AF6: ='2'!$G$117 -> 262.651 | AG6: ='2'!$G$118 -> 630 | AH6: ='2'!$G$119 -> 232.16 | AI6: ='2'!$G$120 -> 395.47 | AJ6: ='2'!$G$121 -> 481.5 | AK6: ='2'!$G$122 -> 278.86 | AL6: ='2'!$G$123 -> 319.93 | AM6: ='2'!$G$133 -> 0 | AN6: ='2'!$G$15 -> 1000.7 | AO6: ='2'!$G$74 -> 286.33 | AP6: ='2'!$G$75 -> 0.8 | AQ6: ='2'!$G$76 -> 112.3 | AR6: ='2'!$G$77 -> 50.8 | AS6: ='2'!$G$78 -> 0 | AT6: =AN6-SUM(AO6:AS6) -> 550.47 | AU6: =SUM('2'!G91:G92) -> 10.29 | AV6: ='2'!$G$88 -> 0 | AW6: ='2'!$G$89 -> 9.34 | AX6: ='2'!$G$90 -> 10.09 | AY6: =SUM(AV6:AX6) -> 19.43 | AZ6: =AO6/AU6 -> 27.826045 | BA6: =AT6/AY6 -> 28.330932 | BB6: =C6-SUM(F6:K6,Y6) -> 4416.6 | BC6: =BB6/B6% -> 17.308461
A7: 3 | B7: ='3'!G7 -> 27628.19 | C7: ='3'!G8 -> 28055 | D7: ='3'!G15 -> 979.2 | E7: ='3'!G20 -> 155 | F7: =SUM('3'!G35,'3'!G49) -> 4074.19 | G7: =SUM('3'!G37,'3'!G51) -> 1091.69 | H7: =SUM('3'!G38,'3'!G52) -> 2247.12 | I7: =SUM('3'!G39,'3'!G53) -> 4283.96 | J7: =SUM('3'!G41,'3'!G42,'3'!G55,'3'!G56) -> 7359.41 | K7: =SUM('3'!G43,'3'!G57) -> 3175.12 | L7: ='3'!G50 -> 1586.54 | M7: ='3'!G36 -> 1174.12 | N7: ='3'!G138 -> 145 | O7: ='3'!$G$139 -> 184 | P7: ='3'!$G$140 -> 13.8 | Q7: ='3'!$G$141 -> 196.27 | R7: ='3'!$G$142 -> 70.17 | S7: ='3'!$G$145 -> 36.26 | T7: ='3'!$G$146 -> 72 | U7: ='3'!$G$144 -> 213 | V7: ='3'!$G$147 -> 395.64 | W7: ='3'!$G$148 -> 292.32 | X7: ='3'!$G$143 -> 24.53 | Y7: ='3'!$G$58 -> 233.46 | Z7: ='3'!$G$151 -> 319 | AA7: ='3'!G161 -> 30.92 | AB7: ='3'!G162 -> 46.7 | AD7: ='3'!G163+'3'!G164 -> 109.9 | AE7: ='3'!$G$116 -> 410.02 | AF7: ='3'!$G$117 -> 177.12 | AG7: ='3'!$G$118 -> 591.16 | AH7: ='3'!$G$119 -> 227.64 | AI7: ='3'!$G$120 -> 412.16 | AJ7: ='3'!$G$121 -> 478.71 | AK7: ='3'!$G$122 -> 288.03 | AL7: ='3'!$G$123 -> 367.17 | AM7: ='3'!$G$133 -> 0 | AN7: ='3'!$G$15 -> 979.2 | AO7: ='3'!$G$74 -> 281.28 | AP7: ='3'!$G$75 -> -0.8 | AQ7: ='3'!$G$76 -> 108 | AR7: ='3'!$G$77 -> 48.2 | AS7: ='3'!$G$78 -> 0 | AT7: =AN7-SUM(AO7:AS7) -> 542.52 | AU7: =SUM('3'!G91:G92) -> 10.1 | AV7: ='3'!$G$88 -> 0 | AW7: ='3'!$G$89 -> 8.55 | AX7: ='3'!$G$90 -> 10.73 | AY7: =SUM(AV7:AX7) -> 19.28 | AZ7: =AO7/AU7 -> 27.849505 | BA7: =AT7/AY7 -> 28.139004 | BB7: =C7-SUM(F7:K7,Y7) -> 5590.05 | BC7: =BB7/B7% -> 20.233139
A8: 4 | B8: ='4'!G7 -> 25466 | C8: ='4'!G8 -> 25892 | D8: ='4'!G15 -> 1002.3 | E8: ='4'!G20 -> 183 | F8: =SUM('4'!G35,'4'!G49) -> 4185.75 | G8: =SUM('4'!G37,'4'!G51) -> 1113.08 | H8: =SUM('4'!G38,'4'!G52) -> 2254.15 | I8: =SUM('4'!G39,'4'!G53) -> 4351.13 | J8: =SUM('4'!G41,'4'!G42,'4'!G55,'4'!G56) -> 6053.68 | K8: =SUM('4'!G43,'4'!G57) -> 3159 | L8: ='4'!G50 -> 1123.22 | M8: ='4'!G36 -> 810.58 | N8: ='4'!G138 -> 142 | O8: ='4'!$G$139 -> 152 | P8: ='4'!$G$140 -> 16.7 | Q8: ='4'!$G$141 -> 199.08 | R8: ='4'!$G$142 -> 86.55 | S8: ='4'!$G$145 -> 39.82 | T8: ='4'!$G$146 -> 73 | U8: ='4'!$G$144 -> 221 | V8: ='4'!$G$147 -> 374.8 | W8: ='4'!$G$148 -> 245.76 | X8: ='4'!$G$143 -> 24.53 | Y8: ='4'!$G$58 -> 261.17 | Z8: ='4'!$G$151 -> 250 | AA8: ='4'!G161 -> 25.8 | AB8: ='4'!G162 -> 43.9 | AD8: ='4'!G163+'4'!G164 -> 109.8 | AE8: ='4'!$G$116 -> 387.19 | AF8: ='4'!$G$117 -> 238.84 | AG8: ='4'!$G$118 -> 0.38 | AH8: ='4'!$G$119 -> 230.14 | AI8: ='4'!$G$120 -> 413.6 | AJ8: ='4'!$G$121 -> 474.82 | AK8: ='4'!$G$122 -> 276.2 | AL8: ='4'!$G$123 -> 285.15 | AM8: ='4'!$G$133 -> 0 | AN8: ='4'!$G$15 -> 1002.3 | AO8: ='4'!$G$74 -> 292.35 | AP8: ='4'!$G$75 -> 0 | AQ8: ='4'!$G$76 -> 106 | AR8: ='4'!$G$77 -> 44 | AS8: ='4'!$G$78 -> 0 | AT8: =AN8-SUM(AO8:AS8) -> 559.95 | AU8: =SUM('4'!G91:G92) -> 10.52 | AV8: ='4'!$G$88 -> 0.2 | AW8: ='4'!$G$89 -> 9.15 | AX8: ='4'!$G$90 -> 11.31 | AY8: =SUM(AV8:AX8) -> 20.66 | AZ8: =AO8/AU8 -> 27.789924 | BA8: =AT8/AY8 -> 27.103098 | BB8: =C8-SUM(F8:K8,Y8) -> 4514.04 | BC8: =BB8/B8% -> 17.725752
A9: 5 | B9: ='5'!G7 -> 26773.81 | C9: ='5'!G8 -> 27118 | D9: ='5'!G15 -> 1047.2 | E9: ='5'!G20 -> 192 | F9: =SUM('5'!G35,'5'!G49) -> 4350.01 | G9: =SUM('5'!G37,'5'!G51) -> 1100.41 | H9: =SUM('5'!G38,'5'!G52) -> 2239.38 | I9: =SUM('5'!G39,'5'!G53) -> 4215.42 | J9: =SUM('5'!G41,'5'!G42,'5'!G55,'5'!G56) -> 6662.02 | K9: =SUM('5'!G43,'5'!G57) -> 3388.81 | L9: ='5'!G50 -> 1030.01 | M9: ='5'!G36 -> 1153.45 | N9: ='5'!G138 -> 150 | O9: ='5'!$G$139 -> 150 | P9: ='5'!$G$140 -> 15.3 | Q9: ='5'!$G$141 -> 190.49 | R9: ='5'!$G$142 -> 87.75 | S9: ='5'!$G$145 -> 29.18 | T9: ='5'!$G$146 -> 78 | U9: ='5'!$G$144 -> 217 | V9: ='5'!$G$147 -> 378.56 | W9: ='5'!$G$148 -> 350.96 | X9: ='5'!$G$143 -> 26.04 | Y9: ='5'!$G$58 -> 257.43 | Z9: ='5'!$G$151 -> 263 | AA9: ='5'!G161 -> 24.56 | AB9: ='5'!G162 -> 51.1 | AD9: ='5'!G163+'5'!G164 -> 92.8 | AE9: ='5'!$G$116 -> 286.21 | AF9: ='5'!$G$117 -> 239.87 | AG9: ='5'!$G$118 -> 1158.47 | AH9: ='5'!$G$119 -> 232.66 | AI9: ='5'!$G$120 -> 416.87 | AJ9: ='5'!$G$121 -> 467.85 | AK9: ='5'!$G$122 -> 280.91 | AL9: ='5'!$G$123 -> 321.85 | AM9: ='5'!$G$133 -> 0 | AN9: ='5'!$G$15 -> 1047.2 | AO9: ='5'!$G$74 -> 286.14 | AP9: ='5'!$G$75 -> 0 | AQ9: ='5'!$G$76 -> 116 | AR9: ='5'!$G$77 -> 93 | AS9: ='5'!$G$78 -> 0 | AT9: =AN9-SUM(AO9:AS9) -> 552.06 | AU9: =SUM('5'!G91:G92) -> 10.25 | AV9: ='5'!$G$88 -> -0.2 | AW9: ='5'!$G$89 -> 9.06 | AX9: ='5'!$G$90 -> 12.54 | AY9: =SUM(AV9:AX9) -> 21.4 | AZ9: =AO9/AU9 -> 27.916098 | BA9: =AT9/AY9 -> 25.797196 | BB9: =C9-SUM(F9:K9,Y9) -> 4904.52 | BC9: =BB9/B9% -> 18.318349
A10: 6 | B10: ='6'!G7 -> 25778 | C10: ='6'!G8 -> 26156 | D10: ='6'!G15 -> 981 | E10: ='6'!G20 -> 247 | F10: =SUM('6'!G35,'6'!G49) -> 4273 | G10: =SUM('6'!G37,'6'!G51) -> 1116 | H10: =SUM('6'!G38,'6'!G52) -> 2225 | I10: =SUM('6'!G39,'6'!G53) -> 4247 | J10: =SUM('6'!G41,'6'!G42,'6'!G55,'6'!G56) -> 6391.17 | K10: =SUM('6'!G43,'6'!G57) -> 3116 | L10: ='6'!G50 -> 993 | M10: ='6'!G36 -> 879 | N10: ='6'!G138 -> 147 | O10: ='6'!$G$139 -> 157 | P10: ='6'!$G$140 -> 14 | Q10: ='6'!$G$141 -> 195 | R10: ='6'!$G$142 -> 89 | S10: ='6'!$G$145 -> 27 | T10: ='6'!$G$146 -> 72 | U10: ='6'!$G$144 -> 226 | V10: ='6'!$G$147 -> 379 | W10: ='6'!$G$148 -> 300 | X10: ='6'!$G$143 -> 25 | Y10: ='6'!$G$58 -> 283 | Z10: ='6'!$G$151 -> 247 | AA10: ='6'!G161 -> 30 | AB10: ='6'!G162 -> 44 | AD10: ='6'!G163+'6'!G164 -> 58 | AE10: ='6'!$G$116 -> 319 | AF10: ='6'!$G$117 -> 216 | AG10: ='6'!$G$118 -> 540 | AH10: ='6'!$G$119 -> 248 | AI10: ='6'!$G$120 -> 424 | AJ10: ='6'!$G$121 -> 470 | AK10: ='6'!$G$122 -> 328 | AL10: ='6'!$G$123 -> 331 | AM10: ='6'!$G$133 -> 0.41 | AN10: ='6'!$G$15 -> 981 | AO10: ='6'!$G$74 -> 312 | AP10: ='6'!$G$75 -> 0 | AQ10: ='6'!$G$76 -> 114 | AR10: ='6'!$G$77 -> 3 | AS10: ='6'!$G$78 -> 0.4 | AT10: =AN10-SUM(AO10:AS10) -> 551.6 | AU10: =SUM('6'!G91:G92) -> 11.23 | AV10: ='6'!$G$88 -> 10.54 | AW10: ='6'!$G$89 -> 0 | AX10: ='6'!$G$90 -> 11.03 | AY10: =SUM(AV10:AX10) -> 21.57 | AZ10: =AO10/AU10 -> 27.782725 | BA10: =AT10/AY10 -> 25.572554 | BB10: =C10-SUM(F10:K10,Y10) -> 4504.83 | BC10: =BB10/B10% -> 17.475483
A11: 7 | B11: ='7'!G7 -> 25498 | C11: ='7'!G8 -> 25917 | D11: ='7'!G15 -> 1066 | E11: ='7'!G20 -> 287 | F11: =SUM('7'!G35,'7'!G49) -> 4335 | G11: =SUM('7'!G37,'7'!G51) -> 1065 | H11: =SUM('7'!G38,'7'!G52) -> 2257 | I11: =SUM('7'!G39,'7'!G53) -> 4343 | J11: =SUM('7'!G41,'7'!G42,'7'!G55,'7'!G56) -> 6173 | K11: =SUM('7'!G43,'7'!G57) -> 3091 | L11: ='7'!G50 -> 1137 | M11: ='7'!G36 -> 801 | N11: ='7'!G138 -> 134 | O11: ='7'!$G$139 -> 133 | P11: ='7'!$G$140 -> 14 | Q11: ='7'!$G$141 -> 206 | R11: ='7'!$G$142 -> 81 | S11: ='7'!$G$145 -> 25 | T11: ='7'!$G$146 -> 75 | U11: ='7'!$G$144 -> 226 | V11: ='7'!$G$147 -> 374 | W11: ='7'!$G$148 -> 294 | X11: ='7'!$G$143 -> 25 | Y11: ='7'!$G$58 -> 264 | Z11: ='7'!$G$151 -> 245 | AA11: ='7'!G161 -> 28 | AB11: ='7'!G162 -> 26 | AD11: ='7'!G163+'7'!G164 -> 80 | AE11: ='7'!$G$116 -> 390 | AF11: ='7'!$G$117 -> 187 | AG11: ='7'!$G$118 -> 550 | AH11: ='7'!$G$119 -> 254 | AI11: ='7'!$G$120 -> 431 | AJ11: ='7'!$G$121 -> 474 | AK11: ='7'!$G$122 -> 330 | AL11: ='7'!$G$123 -> 331 | AM11: ='7'!$G$133 -> 0 | AN11: ='7'!$G$15 -> 1066 | AO11: ='7'!$G$74 -> 359 | AP11: ='7'!$G$75 -> 0 | AQ11: ='7'!$G$76 -> 111 | AR11: ='7'!$G$77 -> 47 | AS11: ='7'!$G$78 -> 0 | AT11: =AN11-SUM(AO11:AS11) -> 549 | AU11: =SUM('7'!G91:G92) -> 12.89 | AV11: ='7'!$G$88 -> 4.96 | AW11: ='7'!$G$89 -> 4.65 | AX11: ='7'!$G$90 -> 11 | AY11: =SUM(AV11:AX11) -> 20.61 | AZ11: =AO11/AU11 -> 27.851047 | BA11: =AT11/AY11 -> 26.637555 | BB11: =C11-SUM(F11:K11,Y11) -> 4389 | BC11: =BB11/B11% -> 17.213115
A12: 8 | B12: ='8'!G7 -> 26827.15 | C12: ='8'!G8 -> 27220.03 | D12: ='8'!G15 -> 1037 | E12: ='8'!G20 -> 212 | F12: =SUM('8'!G35,'8'!G49) -> 4326.48 | G12: =SUM('8'!G37,'8'!G51) -> 1092.15 | H12: =SUM('8'!G38,'8'!G52) -> 2306.35 | I12: =SUM('8'!G39,'8'!G53) -> 4722.13 | J12: =SUM('8'!G41,'8'!G42,'8'!G55,'8'!G56) -> 6736.28 | K12: =SUM('8'!G43,'8'!G57) -> 2997.81 | L12: ='8'!G50 -> 1390.33 | M12: ='8'!G36 -> 861.95 | N12: ='8'!G138 -> 152 | O12: ='8'!$G$139 -> 166 | P12: ='8'!$G$140 -> 15.89 | Q12: ='8'!$G$141 -> 203.04 | R12: ='8'!$G$142 -> 98.9 | S12: ='8'!$G$145 -> 26.79 | T12: ='8'!$G$146 -> 73 | U12: ='8'!$G$144 -> 216 | V12: ='8'!$G$147 -> 396.68 | W12: ='8'!$G$148 -> 297.92 | X12: ='8'!$G$143 -> 27.19 | Y12: ='8'!$G$58 -> 257.89 | Z12: ='8'!$G$151 -> 232 | AA12: ='8'!G161 -> 29.04 | AB12: ='8'!G162 -> 41.5 | AD12: ='8'!G163+'8'!G164 -> 161.1 | AE12: ='8'!$G$116 -> 483.27 | AF12: ='8'!$G$117 -> 266.31 | AG12: ='8'!$G$118 -> 666.86 | AH12: ='8'!$G$119 -> 245.79 | AI12: ='8'!$G$120 -> 432.45 | AJ12: ='8'!$G$121 -> 482.84 | AK12: ='8'!$G$122 -> 359.45 | AL12: ='8'!$G$123 -> 340.16 | AM12: ='8'!$G$133 -> -0.41 | AN12: ='8'!$G$15 -> 1037 | AO12: ='8'!$G$74 -> 302.82 | AP12: ='8'!$G$75 -> 0.8 | AQ12: ='8'!$G$76 -> 104.37 | AR12: ='8'!$G$77 -> 49 | AS12: ='8'!$G$78 -> 0 | AT12: =AN12-SUM(AO12:AS12) -> 580.01 | AU12: =SUM('8'!G91:G92) -> 10.45 | AV12: ='8'!$G$88 -> 0 | AW12: ='8'!$G$89 -> 8.48 | AX12: ='8'!$G$90 -> 11.46 | AY12: =SUM(AV12:AX12) -> 19.94 | AZ12: =AO12/AU12 -> 28.97799 | BA12: =AT12/AY12 -> 29.087763 | BB12: =C12-SUM(F12:K12,Y12) -> 4780.94 | BC12: =BB12/B12% -> 17.821274
A13: 9 | B13: ='9'!G7 -> 26749.24 | C13: ='9'!G8 -> 27199.28 | D13: ='9'!G15 -> 1078.74 | E13: ='9'!G20 -> 84 | F13: =SUM('9'!G35,'9'!G49) -> 1206.72 | G13: =SUM('9'!G37,'9'!G51) -> 1077.55 | H13: =SUM('9'!G38,'9'!G52) -> 2242.88 | I13: =SUM('9'!G39,'9'!G53) -> 4573.73 | J13: =SUM('9'!G41,'9'!G42,'9'!G55,'9'!G56) -> 6983.9 | K13: =SUM('9'!G43,'9'!G57) -> 3015.04 | L13: ='9'!G50 -> 1277.2 | M13: ='9'!G36 -> 776.76 | N13: ='9'!G138 -> 125 | O13: ='9'!$G$139 -> 157 | P13: ='9'!$G$140 -> 13.14 | Q13: ='9'!$G$141 -> 194.04 | R13: ='9'!$G$142 -> 83.07 | S13: ='9'!$G$145 -> 24.93 | T13: ='9'!$G$146 -> 77 | U13: ='9'!$G$144 -> 225 | V13: ='9'!$G$147 -> 400.64 | W13: ='9'!$G$148 -> 355.04 | X13: ='9'!$G$143 -> 27.74 | Y13: ='9'!$G$58 -> 269.47 | Z13: ='9'!$G$151 -> 231 | AA13: ='9'!G161 -> 26.16 | AB13: ='9'!G162 -> 52.9 | AD13: ='9'!G163+'9'!G164 -> 152.6 | AE13: ='9'!$G$116 -> 445.19 | AF13: ='9'!$G$117 -> 246.02 | AG13: ='9'!$G$118 -> 653.19 | AH13: ='9'!$G$119 -> 235.46 | AI13: ='9'!$G$120 -> 404.38 | AJ13: ='9'!$G$121 -> 475.26 | AK13: ='9'!$G$122 -> 325.81 | AL13: ='9'!$G$123 -> 328.27 | AM13: ='9'!$G$133 -> 0 | AN13: ='9'!$G$15 -> 1078.74 | AO13: ='9'!$G$74 -> 332.11 | AP13: ='9'!$G$75 -> 0 | AQ13: ='9'!$G$76 -> 115.83 | AR13: ='9'!$G$77 -> 51.8 | AS13: ='9'!$G$78 -> 0 | AT13: =AN13-SUM(AO13:AS13) -> 579 | AU13: =SUM('9'!G91:G92) -> 11.64 | AV13: ='9'!$G$88 -> 0 | AW13: ='9'!$G$89 -> 9.53 | AX13: ='9'!$G$90 -> 11.05 | AY13: =SUM(AV13:AX13) -> 20.58 | AZ13: =AO13/AU13 -> 28.531787 | BA13: =AT13/AY13 -> 28.134111 | BB13: =C13-SUM(F13:K13,Y13) -> 7829.99 | BC13: =BB13/B13% -> 29.271822
A14: 10 | B14: ='10'!G7 -> 27026.32 | C14: ='10'!G8 -> 27516.88 | D14: ='10'!G15 -> 1150.34 | E14: ='10'!G20 -> 220 | F14: =SUM('10'!G35,'10'!G49) -> 4132.24 | G14: =SUM('10'!G37,'10'!G51) -> 1046.08 | H14: =SUM('10'!G38,'10'!G52) -> 2211.92 | I14: =SUM('10'!G39,'10'!G53) -> 4486.55 | J14: =SUM('10'!G41,'10'!G42,'10'!G55,'10'!G56) -> 7326.28 | K14: =SUM('10'!G43,'10'!G57) -> 2954.72 | L14: ='10'!G50 -> 1240.8 | M14: ='10'!G36 -> 1042.66 | N14: ='10'!G138 -> 116 | O14: ='10'!$G$139 -> 156 | P14: ='10'!$G$140 -> 12.61 | Q14: ='10'!$G$141 -> 192.39 | R14: ='10'!$G$142 -> 90.01 | S14: ='10'!$G$145 -> 30.14 | T14: ='10'!$G$146 -> 73 | U14: ='10'!$G$144 -> 223 | V14: ='10'!$G$147 -> 402.08 | W14: ='10'!$G$148 -> 356.48 | X14: ='10'!$G$143 -> 27.63 | Y14: ='10'!$G$58 -> 308.96 | Z14: ='10'!$G$151 -> 298 | AA14: ='10'!G161 -> 28.72 | AB14: ='10'!G162 -> 51.6 | AD14: ='10'!G163+'10'!G164 -> 153.3 | AE14: ='10'!$G$116 -> 452.71 | AF14: ='10'!$G$117 -> 216.56 | AG14: ='10'!$G$118 -> 646.99 | AH14: ='10'!$G$119 -> 231.72 | AI14: ='10'!$G$120 -> 417.53 | AJ14: ='10'!$G$121 -> 485.36 | AK14: ='10'!$G$122 -> 328.48 | AL14: ='10'!$G$123 -> 331.93 | AM14: ='10'!$G$133 -> 0 | AN14: ='10'!$G$15 -> 1150.34 | AO14: ='10'!$G$74 -> 365.82 | AP14: ='10'!$G$75 -> 0 | AQ14: ='10'!$G$76 -> 129.51 | AR14: ='10'!$G$77 -> 48.6 | AS14: ='10'!$G$78 -> 0 | AT14: =AN14-SUM(AO14:AS14) -> 606.41 | AU14: =SUM('10'!G91:G92) -> 12.54 | AV14: ='10'!$G$88 -> 0 | AW14: ='10'!$G$89 -> 9.76 | AX14: ='10'!$G$90 -> 11.19 | AY14: =SUM(AV14:AX14) -> 20.95 | AZ14: =AO14/AU14 -> 29.172249 | BA14: =AT14/AY14 -> 28.945585 | BB14: =C14-SUM(F14:K14,Y14) -> 5050.13 | BC14: =BB14/B14% -> 18.68597
A15: 11 | B15: ='11'!G7 -> 25363.29 | C15: ='11'!G8 -> 25770.81 | D15: ='11'!G15 -> 1023.92 | E15: ='11'!G20 -> 180 | F15: =SUM('11'!G35,'11'!G49) -> 4136.61 | G15: =SUM('11'!G37,'11'!G51) -> 1048.22 | H15: =SUM('11'!G38,'11'!G52) -> 2252.85 | I15: =SUM('11'!G39,'11'!G53) -> 4435.59 | J15: =SUM('11'!G41,'11'!G42,'11'!G55,'11'!G56) -> 6495.54 | K15: =SUM('11'!G43,'11'!G57) -> 2857.43 | L15: ='11'!G50 -> 1073.67 | M15: ='11'!G36 -> 787.63 | N15: ='11'!G138 -> 99 | O15: ='11'!$G$139 -> 170 | P15: ='11'!$G$140 -> 13.36 | Q15: ='11'!$G$141 -> 199.53 | R15: ='11'!$G$142 -> 86.02 | S15: ='11'!$G$145 -> 32.14 | T15: ='11'!$G$146 -> 73 | U15: ='11'!$G$144 -> 230 | V15: ='11'!$G$147 -> 403.6 | W15: ='11'!$G$148 -> 316.56 | X15: ='11'!$G$143 -> 28.44 | Y15: ='11'!$G$58 -> 297.68 | Z15: ='11'!$G$151 -> 328 | AA15: ='11'!G161 -> 32.08 | AB15: ='11'!G162 -> 41 | AC15: ='11'!G88 -> -0.01 | AD15: ='11'!G163+'11'!G164 -> 84 | AE15: ='11'!$G$116 -> 419.83 | AF15: ='11'!$G$117 -> 249.11 | AG15: ='11'!$G$118 -> 549.96 | AH15: ='11'!$G$119 -> 235.03 | AI15: ='11'!$G$120 -> 395.64 | AJ15: ='11'!$G$121 -> 477.54 | AK15: ='11'!$G$122 -> 323.26 | AL15: ='11'!$G$123 -> 329.64 | AM15: ='11'!$G$133 -> 0 | AN15: ='11'!$G$15 -> 1023.92 | AO15: ='11'!$G$74 -> 311.25 | AP15: ='11'!$G$75 -> 0 | AQ15: ='11'!$G$76 -> 98.29 | AR15: ='11'!$G$77 -> 54.6 | AS15: ='11'!$G$78 -> -0.4 | AT15: =AN15-SUM(AO15:AS15) -> 560.18 | AU15: =SUM('11'!G91:G92) -> 10.66 | AV15: ='11'!$G$88 -> -0.01 | AW15: ='11'!$G$89 -> 8.47 | AX15: ='11'!$G$90 -> 10.65 | AY15: =SUM(AV15:AX15) -> 19.11 | AZ15: =AO15/AU15 -> 29.197936 | BA15: =AT15/AY15 -> 29.313448 | BB15: =C15-SUM(F15:K15,Y15) -> 4246.89 | BC15: =BB15/B15% -> 16.744239
A16: 12 | B16: ='12'!G7 -> 26200 | C16: ='12'!G8 -> 26500 | D16: ='12'!G15 -> 1049 | E16: ='12'!G20 -> 205 | F16: =SUM('12'!G35,'12'!G49) -> 4164.95 | G16: =SUM('12'!G37,'12'!G51) -> 1061.31 | H16: =SUM('12'!G38,'12'!G52) -> 2208 | I16: =SUM('12'!G39,'12'!G53) -> 4490 | J16: =SUM('12'!G41,'12'!G42,'12'!G55,'12'!G56) -> 8888 | K16: =SUM('12'!G43,'12'!G57) -> 3298.12 | L16: ='12'!G50 -> 1389.35 | M16: ='12'!G36 -> 993 | N16: ='12'!G138 -> 101 | O16: ='12'!$G$139 -> 172 | P16: ='12'!$G$140 -> 15.36 | Q16: ='12'!$G$141 -> 201.53 | R16: ='12'!$G$142 -> 88.02 | S16: ='12'!$G$145 -> 34.14 | T16: ='12'!$G$146 -> 75 | U16: ='12'!$G$144 -> 232 | V16: ='12'!$G$147 -> 405.6 | W16: ='12'!$G$148 -> 318.56 | X16: ='12'!$G$143 -> 30.44 | Y16: ='12'!$G$58 -> 233 | Z16: ='12'!$G$151 -> 330 | AA16: ='12'!G161 -> 35.08 | AB16: ='12'!G162 -> 44 | AC16: ='12'!G88 -> 0.01 | AD16: ='12'!G163+'12'!G164 -> 90 | AE16: ='12'!$G$116 -> 460 | AF16: ='12'!$G$117 -> 223 | AG16: ='12'!$G$118 -> 623 | AH16: ='12'!$G$119 -> 229 | AI16: ='12'!$G$120 -> 416 | AJ16: ='12'!$G$121 -> 476 | AK16: ='12'!$G$122 -> 327 | AL16: ='12'!$G$123 -> 330 | AM16: ='12'!$G$133 -> 0 | AN16: ='12'!$G$15 -> 1049 | AO16: ='12'!$G$74 -> 313.25 | AP16: ='12'!$G$75 -> -0.3 | AQ16: ='12'!$G$76 -> 102.29 | AR16: ='12'!$G$77 -> 59.6 | AS16: ='12'!$G$78 -> 0 | AT16: =AN16-SUM(AO16:AS16) -> 574.16 | AU16: =SUM('12'!G91:G92) -> 11.27 | AV16: ='12'!$G$88 -> 0.01 | AW16: ='12'!$G$89 -> 7.79 | AX16: ='12'!$G$90 -> 14.65 | AY16: =SUM(AV16:AX16) -> 22.45 | AZ16: =AO16/AU16 -> 27.795031 | BA16: =AT16/AY16 -> 25.575056 | BB16: =C16-SUM(F16:K16,Y16) -> 2156.62 | BC16: =BB16/B16% -> 8.231374
A17: 13 | B17: ='13'!G7 -> 26200 | C17: ='13'!G8 -> 26500 | D17: ='13'!G15 -> 1094.079 | E17: ='13'!G20 -> 210 | F17: =SUM('13'!G35,'13'!G49) -> 4175.76 | G17: =SUM('13'!G37,'13'!G51) -> 1045.923 | H17: =SUM('13'!G38,'13'!G52) -> 2296.99 | I17: =SUM('13'!G39,'13'!G53) -> 4623.94 | J17: =SUM('13'!G41,'13'!G42,'13'!G55,'13'!G56) -> 7829.5 | K17: =SUM('13'!G43,'13'!G57) -> 3254.25 | L17: ='13'!G50 -> 1081.38 | M17: ='13'!G36 -> 747.13 | N17: ='13'!G138 -> 187 | O17: ='13'!$G$139 -> 120 | P17: ='13'!$G$140 -> 15.29 | Q17: ='13'!$G$141 -> 212.22 | R17: ='13'!$G$142 -> 68.66 | S17: ='13'!$G$145 -> 22.26 | T17: ='13'!$G$146 -> 85 | U17: ='13'!$G$144 -> 215 | V17: ='13'!$G$147 -> 369.52 | W17: ='13'!$G$148 -> 286.08 | X17: ='13'!$G$143 -> 20.95 | Y17: ='13'!$G$58 -> 235.35 | Z17: ='13'!$G$151 -> 330 | AA17: ='13'!G161 -> 46.6 | AB17: ='13'!G162 -> 11.6 | AC17: ='13'!G88 -> 0 | AD17: ='13'!G163+'13'!G164 -> 189.7 | AE17: ='13'!$G$116 -> 497.9 | AF17: ='13'!$G$117 -> 291.16 | AG17: ='13'!$G$118 -> 620 | AH17: ='13'!$G$119 -> 241.5 | AI17: ='13'!$G$120 -> 435.3 | AJ17: ='13'!$G$121 -> 474.5 | AK17: ='13'!$G$122 -> 342.12 | AL17: ='13'!$G$123 -> 331.11 | AM17: ='13'!$G$133 -> 2509.08 | AN17: ='13'!$G$15 -> 1094.079 | AO17: ='13'!$G$74 -> 339.75 | AP17: ='13'!$G$75 -> 0.3 | AQ17: ='13'!$G$76 -> 150.73 | AR17: ='13'!$G$77 -> 49.7 | AS17: ='13'!$G$78 -> 0 | AT17: =AN17-SUM(AO17:AS17) -> 553.599 | AU17: =SUM('13'!G91:G92) -> 11.17 | AV17: ='13'!$G$88 -> 0 | AW17: ='13'!$G$89 -> 8.53 | AX17: ='13'!$G$90 -> 7.57 | AY17: =SUM(AV17:AX17) -> 16.1 | AZ17: =AO17/AU17 -> 30.416294 | BA17: =AT17/AY17 -> 34.385031 | BB17: =C17-SUM(F17:K17,Y17) -> 3038.287 | BC17: =BB17/B17% -> 11.596515
A18: 14 | B18: ='14'!G7 -> 26041 | C18: ='14'!G8 -> 26500 | D18: ='14'!G15 -> 1061.921 | E18: ='14'!G20 -> 248 | F18: =SUM('14'!G35,'14'!G49) -> 4182.24 | G18: =SUM('14'!G37,'14'!G51) -> 989.767 | H18: =SUM('14'!G38,'14'!G52) -> 2243.25 | I18: =SUM('14'!G39,'14'!G53) -> 4402.06 | J18: =SUM('14'!G41,'14'!G42,'14'!G55,'14'!G56) -> 7121.35 | K18: =SUM('14'!G43,'14'!G57) -> 3090.63 | L18: ='14'!G50 -> 1137.27 | M18: ='14'!G36 -> 666.87 | N18: ='14'!G138 -> 172 | O18: ='14'!$G$139 -> 140 | P18: ='14'!$G$140 -> 13.35 | Q18: ='14'!$G$141 -> 195.25 | R18: ='14'!$G$142 -> 90.32 | S18: ='14'!$G$145 -> 28.6 | T18: ='14'!$G$146 -> 81 | U18: ='14'!$G$144 -> 212 | V18: ='14'!$G$147 -> 412.88 | W18: ='14'!$G$148 -> 259.36 | X18: ='14'!$G$143 -> 22.61 | Y18: ='14'!$G$58 -> 244.65 | Z18: ='14'!$G$151 -> 119 | AA18: ='14'!G161 -> 49.32 | AB18: ='14'!G162 -> 17.4 | AC18: ='14'!G88 -> 0 | AD18: ='14'!G163+'14'!G164 -> 100.3 | AE18: ='14'!$G$116 -> 593.1 | AF18: ='14'!$G$117 -> 259.84 | AG18: ='14'!$G$118 -> 526 | AH18: ='14'!$G$119 -> 224.5 | AI18: ='14'!$G$120 -> 409.7 | AJ18: ='14'!$G$121 -> 462.5 | AK18: ='14'!$G$122 -> 313.88 | AL18: ='14'!$G$123 -> 294.89 | AM18: ='14'!$G$133 -> 1018.35 | AN18: ='14'!$G$15 -> 1061.921 | AO18: ='14'!$G$74 -> 329 | AP18: ='14'!$G$75 -> 0 | AQ18: ='14'!$G$76 -> 119.98 | AR18: ='14'!$G$77 -> 54.7 | AS18: ='14'!$G$78 -> 0 | AT18: =AN18-SUM(AO18:AS18) -> 558.241 | AU18: =SUM('14'!G91:G92) -> 11.29 | AV18: ='14'!$G$88 -> 0 | AW18: ='14'!$G$89 -> 7.44 | AX18: ='14'!$G$90 -> 10.63 | AY18: =SUM(AV18:AX18) -> 18.07 | AZ18: =AO18/AU18 -> 29.140833 | BA18: =AT18/AY18 -> 30.893248 | BB18: =C18-SUM(F18:K18,Y18) -> 4226.053 | BC18: =BB18/B18% -> 16.228459
A19: 15 | B19: ='15'!G7 -> 23168 | C19: ='15'!G8 -> 22866 | D19: ='15'!G15 -> 1067 | E19: ='15'!G20 -> 300 | F19: =SUM('15'!G35,'15'!G49) -> 3876.05 | G19: =SUM('15'!G37,'15'!G51) -> 963.31 | H19: =SUM('15'!G38,'15'!G52) -> 2238 | I19: =SUM('15'!G39,'15'!G53) -> 4430 | J19: =SUM('15'!G41,'15'!G42,'15'!G55,'15'!G56) -> 4094.15 | K19: =SUM('15'!G43,'15'!G57) -> 3052 | L19: ='15'!G50 -> 1089 | M19: ='15'!G36 -> 671 | N19: ='15'!G138 -> 133 | O19: ='15'!$G$139 -> 139 | P19: ='15'!$G$140 -> 8 | Q19: ='15'!$G$141 -> 203 | R19: ='15'!$G$142 -> 89 | S19: ='15'!$G$145 -> 29 | T19: ='15'!$G$146 -> 0 | U19: ='15'!$G$144 -> 230 | V19: ='15'!$G$147 -> 360 | W19: ='15'!$G$148 -> 244 | X19: ='15'!$G$143 -> 22 | Y19: ='15'!$G$58 -> 285 | Z19: ='15'!$G$151 -> 223 | AA19: ='15'!G161 -> 25 | AB19: ='15'!G162 -> 18 | AC19: ='15'!G88 -> 0 | AD19: ='15'!G163+'15'!G164 -> 102 | AE19: ='15'!$G$116 -> 523 | AF19: ='15'!$G$117 -> 276 | AG19: ='15'!$G$118 -> 532 | AH19: ='15'!$G$119 -> 228 | AI19: ='15'!$G$120 -> 412 | AJ19: ='15'!$G$121 -> 463 | AK19: ='15'!$G$122 -> 335 | AL19: ='15'!$G$123 -> 329 | AM19: ='15'!$G$133 -> 938 | AN19: ='15'!$G$15 -> 1067 | AO19: ='15'!$G$74 -> 331 | AP19: ='15'!$G$75 -> 0 | AQ19: ='15'!$G$76 -> 104 | AR19: ='15'!$G$77 -> 54 | AS19: ='15'!$G$78 -> 0 | AT19: =AN19-SUM(AO19:AS19) -> 578 | AU19: =SUM('15'!G91:G92) -> 11.39 | AV19: ='15'!$G$88 -> 0 | AW19: ='15'!$G$89 -> 9.11 | AX19: ='15'!$G$90 -> 11.44 | AY19: =SUM(AV19:AX19) -> 20.55 | AZ19: =AO19/AU19 -> 29.060579 | BA19: =AT19/AY19 -> 28.126521 | BB19: =C19-SUM(F19:K19,Y19) -> 3927.49 | BC19: =BB19/B19% -> 16.952219
A20: 16 | B20: ='16'!G7 -> 27310 | C20: ='16'!G8 -> 27629 | D20: ='16'!G15 -> 1000 | E20: ='16'!G20 -> 142 | F20: =SUM('16'!G35,'16'!G49) -> 3791 | G20: =SUM('16'!G37,'16'!G51) -> 1026 | H20: =SUM('16'!G38,'16'!G52) -> 2245 | I20: =SUM('16'!G39,'16'!G53) -> 4282 | J20: =SUM('16'!G41,'16'!G42,'16'!G55,'16'!G56) -> 7177 | K20: =SUM('16'!G43,'16'!G57) -> 3335 | L20: ='16'!G50 -> 1867 | M20: ='16'!G36 -> 1151 | N20: ='16'!G138 -> 139 | O20: ='16'!$G$139 -> 167 | P20: ='16'!$G$140 -> 15 | Q20: ='16'!$G$141 -> 220 | R20: ='16'!$G$142 -> 86 | S20: ='16'!$G$145 -> 34 | T20: ='16'!$G$146 -> 147 | U20: ='16'!$G$144 -> 219 | V20: ='16'!$G$147 -> 388 | W20: ='16'!$G$148 -> 373 | X20: ='16'!$G$143 -> 26 | Y20: ='16'!$G$58 -> 276 | Z20: ='16'!$G$151 -> 258 | AA20: ='16'!G161 -> 263 | AB20: ='16'!G162 -> 40 | AC20: ='16'!G88 -> 0 | AD20: ='16'!G163+'16'!G164 -> 82 | AE20: ='16'!$G$116 -> 353 | AF20: ='16'!$G$117 -> 218 | AG20: ='16'!$G$118 -> 527 | AH20: ='16'!$G$119 -> 243 | AI20: ='16'!$G$120 -> 412 | AJ20: ='16'!$G$121 -> 460 | AK20: ='16'!$G$122 -> 332 | AL20: ='16'!$G$123 -> 329 | AM20: ='16'!$G$133 -> 870 | AN20: ='16'!$G$15 -> 1000 | AO20: ='16'!$G$74 -> 314 | AP20: ='16'!$G$75 -> 0 | AQ20: ='16'!$G$76 -> 105 | AR20: ='16'!$G$77 -> 45 | AS20: ='16'!$G$78 -> 0 | AT20: =AN20-SUM(AO20:AS20) -> 536 | AU20: =SUM('16'!G91:G92) -> 11.13 | AV20: ='16'!$G$88 -> 0 | AW20: ='16'!$G$89 -> 8.63 | AX20: ='16'!$G$90 -> 10.51 | AY20: =SUM(AV20:AX20) -> 19.14 | AZ20: =AO20/AU20 -> 28.21204 | BA20: =AT20/AY20 -> 28.00418 | BB20: =C20-SUM(F20:K20,Y20) -> 5497 | BC20: =BB20/B20% -> 20.128158
A21: 17 | B21: ='17'!G7 -> 26491 | C21: ='17'!G8 -> 26748 | D21: ='17'!G15 -> 1001 | E21: ='17'!G20 -> 289 | F21: =SUM('17'!G35,'17'!G49) -> 3836 | G21: =SUM('17'!G37,'17'!G51) -> 989 | H21: =SUM('17'!G38,'17'!G52) -> 2272 | I21: =SUM('17'!G39,'17'!G53) -> 4339 | J21: =SUM('17'!G41,'17'!G42,'17'!G55,'17'!G56) -> 7321 | K21: =SUM('17'!G43,'17'!G57) -> 3232 | L21: ='17'!G50 -> 1862 | M21: ='17'!G36 -> 750 | N21: ='18 '!G138 -> 144 | O21: ='17'!$G$139 -> 174 | P21: ='17'!$G$140 -> 14 | Q21: ='17'!$G$141 -> 215 | R21: ='17'!$G$142 -> 80 | S21: ='17'!$G$145 -> 36 | T21: ='17'!$G$146 -> 52 | U21: ='17'!$G$144 -> 234 | V21: ='17'!$G$147 -> 387 | W21: ='17'!$G$148 -> 284 | X21: ='17'!$G$143 -> 28 | Y21: ='17'!$G$58 -> 259 | Z21: ='17'!$G$151 -> 271 | AA21: ='17'!G161 -> 263 | AB21: ='17'!G162 -> 55 | AC21: ='17'!G88 -> 0 | AD21: ='17'!G163+'17'!G164 -> 121 | AE21: ='17'!$G$116 -> 391 | AF21: ='17'!$G$117 -> 202 | AG21: ='17'!$G$118 -> 599 | AH21: ='17'!$G$119 -> 232 | AI21: ='17'!$G$120 -> 400 | AJ21: ='17'!$G$121 -> 457 | AK21: ='17'!$G$122 -> 332 | AL21: ='17'!$G$123 -> 326 | AM21: ='17'!$G$133 -> 860 | AN21: ='17'!$G$15 -> 1001 | AO21: ='17'!$G$74 -> 311 | AP21: ='17'!$G$75 -> 0 | AQ21: ='17'!$G$76 -> 102 | AR21: ='17'!$G$77 -> 56 | AS21: ='17'!$G$78 -> 0 | AT21: =AN21-SUM(AO21:AS21) -> 532 | AU21: =SUM('17'!G91:G92) -> 11.27 | AV21: ='17'!$G$88 -> 0 | AW21: ='17'!$G$89 -> 8.46 | AX21: ='17'!$G$90 -> 9.74 | AY21: =SUM(AV21:AX21) -> 18.2 | AZ21: =AO21/AU21 -> 27.595386 | BA21: =AT21/AY21 -> 29.230769 | BB21: =C21-SUM(F21:K21,Y21) -> 4500 | BC21: =BB21/B21% -> 16.986901
A22: 18 | B22: ='18 '!G7 -> 25260.9 | C22: ='18 '!G8 -> 24766 | D22: ='18 '!G15 -> 980.5 | E22: ='18 '!G20 -> 199 | F22: =SUM('18 '!G35,'18 '!G49) -> 3797.87 | G22: =SUM('18 '!G37,'18 '!G51) -> 984.89 | H22: =SUM('18 '!G38,'18 '!G52) -> 2135.31 | I22: =SUM('18 '!G39,'18 '!G53) -> 4169.29 | J22: =SUM('18 '!G41,'18 '!G42,'18 '!G55,'18 '!G56) -> 6000.94 | K22: =SUM('18 '!G43,'18 '!G57) -> 3086.91 | L22: ='18 '!G50 -> 1227.1 | M22: ='18 '!G36 -> 795.17 | N22: ='18 '!G138 -> 144 | O22: ='18 '!$G$139 -> 174 | P22: ='18 '!$G$140 -> 16 | Q22: ='18 '!$G$141 -> 200.3 | R22: ='18 '!$G$142 -> 79.13 | S22: ='18 '!$G$145 -> 38.43 | T22: ='18 '!$G$146 -> 50 | U22: ='18 '!$G$144 -> 226 | V22: ='18 '!$G$147 -> 377.48 | W22: ='18 '!$G$148 -> 302.5 | X22: ='18 '!$G$143 -> 27.83 | Y22: ='18 '!$G$58 -> 228.7 | Z22: ='18 '!$G$151 -> 229 | AA22: ='18 '!G161 -> 59.6 | AB22: ='18 '!G162 -> 51.2 | AC22: ='18 '!G88 -> 0 | AD22: ='18 '!G163+'18 '!G164 -> 114.8 | AE22: ='18 '!$G$116 -> 340.2 | AF22: ='18 '!$G$117 -> 246.2 | AG22: ='18 '!$G$118 -> 591.7 | AH22: ='18 '!$G$119 -> 139.2 | AI22: ='18 '!$G$120 -> 396.6 | AJ22: ='18 '!$G$121 -> 448.69 | AK22: ='18 '!$G$122 -> 365.09 | AL22: ='18 '!$G$123 -> 311.7 | AM22: ='18 '!$G$133 -> 830 | AN22: ='18 '!$G$15 -> 980.5 | AO22: ='18 '!$G$74 -> 306.3 | AP22: ='18 '!$G$75 -> -0.8 | AQ22: ='18 '!$G$76 -> 95 | AR22: ='18 '!$G$77 -> 43 | AS22: ='18 '!$G$78 -> 0 | AT22: =AN22-SUM(AO22:AS22) -> 537 | AU22: =SUM('18 '!G91:G92) -> 11.02 | AV22: ='18 '!$G$88 -> 0 | AW22: ='18 '!$G$89 -> 9.06 | AX22: ='18 '!$G$90 -> 9.19 | AY22: =SUM(AV22:AX22) -> 18.25 | AZ22: =AO22/AU22 -> 27.794918 | BA22: =AT22/AY22 -> 29.424658 | BB22: =C22-SUM(F22:K22,Y22) -> 4362.09 | BC22: =BB22/B22% -> 17.26815
A23: 19 | B23: ='19'!G7 -> 26393.85 | C23: ='19'!G8 -> 26615.7 | D23: ='19'!G15 -> 945.5 | E23: ='19'!G20 -> 151 | F23: =SUM('19'!G35,'19'!G49) -> 3973.96 | G23: =SUM('19'!G37,'19'!G51) -> 991.05 | H23: =SUM('19'!G38,'19'!G52) -> 2170.96 | I23: =SUM('19'!G39,'19'!G53) -> 4284.65 | J23: =SUM('19'!G41,'19'!G42,'19'!G55,'19'!G56) -> 6754.2 | K23: =SUM('19'!G43,'19'!G57) -> 3216.92 | L23: ='19'!G50 -> 1659.15 | M23: ='19'!G36 -> 813.76 | N23: ='19'!G138 -> 134 | O23: ='19'!$G$139 -> 124 | P23: ='19'!$G$140 -> 18.4 | Q23: ='19'!$G$141 -> 216.26 | R23: ='19'!G142 -> 86.62 | S23: ='19'!$G$145 -> 32.92 | T23: ='19'!$G$146 -> 48 | U23: ='19'!$G$144 -> 216 | V23: ='19'!$G$147 -> 384.4 | W23: ='19'!$G$148 -> 258.66 | X23: ='19'!$G$143 -> 28 | Y23: ='19'!$G$58 -> 194.51 | Z23: ='19'!$G$151 -> 231 | AA23: ='19'!G161 -> 71.52 | AB23: ='19'!G162 -> 44.3 | AC23: ='19'!G88 -> 0 | AD23: ='19'!G163+'19'!G164 -> 107 | AE23: ='19'!$G$116 -> 449.6 | AF23: ='19'!$G$117 -> 265.1 | AG23: ='19'!$G$118 -> 599.2 | AH23: ='19'!$G$119 -> 86.9 | AI23: ='19'!$G$120 -> 404.4 | AJ23: ='19'!$G$121 -> 452.51 | AK23: ='19'!$G$122 -> 359.71 | AL23: ='19'!$G$123 -> 321.57 | AM23: ='19'!$G$133 -> 911.67 | AN23: ='19'!$G$15 -> 945.5 | AO23: ='19'!$G$74 -> 315.2 | AP23: ='19'!$G$75 -> 0.8 | AQ23: ='19'!$G$76 -> 90 | AR23: ='19'!$G$77 -> 51.3 | AS23: ='19'!$G$78 -> 0 | AT23: =AN23-SUM(AO23:AS23) -> 488.2 | AU23: =SUM('19'!G91:G92) -> 11.37 | AV23: ='19'!$G$88 -> 0 | AW23: ='19'!$G$89 -> 6.76 | AX23: ='19'!$G$90 -> 10.57 | AY23: =SUM(AV23:AX23) -> 17.33 | AZ23: =AO23/AU23 -> 27.722076 | BA23: =AT23/AY23 -> 28.170802 | BB23: =C23-SUM(F23:K23,Y23) -> 5029.45 | BC23: =BB23/B23% -> 19.055386
A24: 20 | B24: ='20'!G7 -> 25757 | C24: ='20'!G8 -> 25977 | D24: ='20'!G15 -> 983 | E24: ='20'!G20 -> 241 | F24: =SUM('20'!G35,'20'!G49) -> 3879.28 | G24: =SUM('20'!G37,'20'!G51) -> 1010.14 | H24: =SUM('20'!G38,'20'!G52) -> 2151.6 | I24: =SUM('20'!G39,'20'!G53) -> 4205.51 | J24: =SUM('20'!G41,'20'!G42,'20'!G55,'20'!G56) -> 7521.41 | K24: =SUM('20'!G43,'20'!G57) -> 3222.28 | L24: ='20'!G50 -> 1214.32 | M24: ='20'!G36 -> 964.07 | N24: ='20'!G138 -> 122 | O24: ='20'!$G$139 -> 150 | P24: ='20'!$G$140 -> 20.14 | Q24: ='20'!$G$141 -> 206.57 | R24: ='20'!$G$142 -> 84.4 | S24: ='20'!$G$145 -> 30.03 | T24: ='20'!$G$146 -> 44 | U24: ='20'!$G$144 -> 226 | V24: ='20'!$G$147 -> 378.88 | W24: ='20'!$G$148 -> 356.99 | X24: ='20'!$G$143 -> 23.38 | Y24: ='20'!$G$58 -> 236.33 | Z24: ='20'!$G$151 -> 261 | AA24: ='20'!G161 -> 53.08 | AB24: ='20'!G162 -> 43.8 | AC24: ='20'!G88 -> 1.27 | AD24: ='20'!G163+'20'!G164 -> 105.1 | AE24: ='20'!$G$116 -> 402 | AF24: ='20'!$G$117 -> 247.9 | AG24: ='20'!$G$118 -> 589.76 | AH24: ='20'!$G$119 -> 81.07 | AI24: ='20'!$G$120 -> 413.5 | AJ24: ='20'!$G$121 -> 442.7 | AK24: ='20'!$G$122 -> 359.5 | AL24: ='20'!$G$123 -> 330.13 | AM24: ='20'!$G$133 -> 883.12 | AN24: ='20'!$G$15 -> 983 | AO24: ='20'!$G$74 -> 308.63 | AP24: ='20'!$G$75 -> 0 | AQ24: ='20'!$G$76 -> 109 | AR24: ='20'!$G$77 -> 53.7 | AS24: ='20'!$G$78 -> 0 | AT24: =AN24-SUM(AO24:AS24) -> 511.67 | AU24: =SUM('20'!G91:G92) -> 11.12 | AV24: ='20'!$G$88 -> 1.27 | AW24: ='20'!$G$89 -> 6.97 | AX24: ='20'!$G$90 -> 9.9 | AY24: =SUM(AV24:AX24) -> 18.14 | AZ24: =AO24/AU24 -> 27.754496 | BA24: =AT24/AY24 -> 28.206725 | BB24: =C24-SUM(F24:K24,Y24) -> 3750.45 | BC24: =BB24/B24% -> 14.560896
A25: 21 | B25: ='21'!G7 -> 24167 | C25: ='21'!G8 -> 24430 | D25: ='21'!G15 -> 959 | E25: ='21'!G20 -> 191 | F25: =SUM('21'!G35,'21'!G49) -> 3878.84 | G25: =SUM('21'!G37,'21'!G51) -> 1018.61 | H25: =SUM('21'!G38,'21'!G52) -> 2166.13 | I25: =SUM('21'!G39,'21'!G53) -> 4378.55 | J25: =SUM('21'!G41,'21'!G42,'21'!G55,'21'!G56) -> 4508.45 | K25: =SUM('21'!G43,'21'!G57) -> 3160.89 | L25: ='21'!G50 -> 1353.43 | M25: ='21'!G36 -> 791 | N25: ='21'!G138 -> 137 | O25: ='21'!$G$139 -> 137 | P25: ='21'!$G$140 -> 14.46 | Q25: ='21'!$G$141 -> 205.87 | R25: ='21'!$G$142 -> 93.85 | S25: ='21'!$G$145 -> 33.62 | T25: ='21'!$G$146 -> 48 | U25: ='21'!$G$144 -> 210 | V25: ='21'!$G$147 -> 418.24 | W25: ='21'!$G$148 -> 316.85 | X25: ='21'!$G$143 -> 30.79 | Y25: ='21'!$G$58 -> 217.46 | Z25: ='21'!$G$151 -> 232 | AA25: ='21'!G161 -> 67.8 | AB25: ='21'!G162 -> 34.7 | AC25: ='21'!G88 -> -0.23 | AD25: ='21'!G163+'21'!G164 -> 136.1 | AE25: ='21'!$G$116 -> 498.2 | AF25: ='21'!$G$117 -> 276.8 | AG25: ='21'!$G$118 -> 603.34 | AH25: ='21'!$G$119 -> 73.83 | AI25: ='21'!$G$120 -> 413.5 | AJ25: ='21'!$G$121 -> 436.1 | AK25: ='21'!$G$122 -> 353.7 | AL25: ='21'!$G$123 -> 332.6 | AM25: ='21'!$G$133 -> 885.21 | AN25: ='21'!$G$15 -> 959 | AO25: ='21'!$G$74 -> 317.87 | AP25: ='21'!$G$75 -> 0 | AQ25: ='21'!$G$76 -> 95 | AR25: ='21'!$G$77 -> 47 | AS25: ='21'!$G$78 -> 0 | AT25: =AN25-SUM(AO25:AS25) -> 499.13 | AU25: =SUM('21'!G91:G92) -> 11.21 | AV25: ='21'!$G$88 -> -0.23 | AW25: ='21'!$G$89 -> 7.9 | AX25: ='21'!$G$90 -> 10.11 | AY25: =SUM(AV25:AX25) -> 17.78 | AZ25: =AO25/AU25 -> 28.355932 | BA25: =AT25/AY25 -> 28.072553 | BB25: =C25-SUM(F25:K25,Y25) -> 5101.07 | BC25: =BB25/B25% -> 21.107585
A26: 22 | B26: ='22'!G7 -> 23473 | C26: ='22'!G8 -> 23577 | D26: ='22'!G15 -> 927 | E26: ='22'!G20 -> 181 | F26: =SUM('22'!G35,'22'!G49) -> 3797 | G26: =SUM('22'!G37,'22'!G51) -> 1022.31 | H26: =SUM('22'!G38,'22'!G52) -> 2121 | I26: =SUM('22'!G39,'22'!G53) -> 4205 | J26: =SUM('22'!G41,'22'!G42,'22'!G55,'22'!G56) -> 5132 | K26: =SUM('22'!G43,'22'!G57) -> 3122 | L26: ='22'!G50 -> 545 | M26: ='22'!G36 -> 691 | N26: ='22'!G138 -> 109 | O26: ='22'!$G$139 -> 155 | P26: ='22'!$G$140 -> 14 | Q26: ='22'!$G$141 -> 228 | R26: ='22'!$G$142 -> 80 | S26: ='22'!$G$145 -> 46 | T26: ='22'!$G$146 -> 44 | U26: ='22'!$G$144 -> 215 | V26: ='22'!$G$147 -> 364 | W26: ='22'!$G$148 -> 271 | X26: ='22'!$G$143 -> 25 | Y26: ='22'!$G$58 -> 251 | Z26: ='22'!$G$151 -> 222 | AA26: ='22'!G161 -> 83 | AB26: ='22'!G162 -> 36 | AC26: ='22'!G88 -> 9.5 | AD26: ='22'!G163+'22'!G164 -> 149 | AE26: ='22'!$G$116 -> 445 | AF26: ='22'!$G$117 -> 261 | AG26: ='22'!$G$118 -> 635 | AH26: ='22'!$G$119 -> 52 | AI26: ='22'!$G$120 -> 414 | AJ26: ='22'!$G$121 -> 442 | AK26: ='22'!$G$122 -> 347 | AL26: ='22'!$G$123 -> 328 | AM26: ='22'!$G$133 -> 880 | AN26: ='22'!$G$15 -> 927 | AO26: ='22'!$G$74 -> 316 | AP26: ='22'!$G$75 -> 0 | AQ26: ='22'!$G$76 -> 85 | AR26: ='22'!$G$77 -> 56 | AS26: ='22'!$G$78 -> 0 | AT26: =AN26-SUM(AO26:AS26) -> 470 | AU26: =SUM('22'!G91:G92) -> 11.49 | AV26: ='22'!$G$88 -> 9.5 | AW26: ='22'!$G$89 -> 0 | AX26: ='22'!$G$90 -> 10.25 | AY26: =SUM(AV26:AX26) -> 19.75 | AZ26: =AO26/AU26 -> 27.502176 | BA26: =AT26/AY26 -> 23.797468 | BB26: =C26-SUM(F26:K26,Y26) -> 3926.69 | BC26: =BB26/B26% -> 16.728539
A27: 23 | B27: ='23'!G7 -> 23609 | C27: ='23'!G8 -> 23759 | D27: ='23'!G15 -> 951 | E27: ='23'!G20 -> 209 | F27: =SUM('23'!G35,'23'!G49) -> 3711 | G27: =SUM('23'!G37,'23'!G51) -> 985 | H27: =SUM('23'!G38,'23'!G52) -> 2132 | I27: =SUM('23'!G39,'23'!G53) -> 3942 | J27: =SUM('23'!G41,'23'!G42,'23'!G55,'23'!G56) -> 6427 | K27: =SUM('23'!G43,'23'!G57) -> 3100.03 | L27: ='23'!G50 -> 1411 | M27: ='23'!G36 -> 711 | N27: ='23'!G138 -> 78 | O27: ='23'!G139 -> 141 | P27: ='23'!$G$140 -> 15 | Q27: ='23'!$G$141 -> 222 | R27: ='23'!$G$142 -> 66 | S27: ='23'!$G$145 -> 58 | T27: ='23'!$G$146 -> 48 | U27: ='23'!$G$144 -> 215 | V27: ='23'!$G$147 -> 360 | W27: ='23'!$G$148 -> 293 | X27: ='23'!$G$143 -> 28 | Y27: ='23'!$G$58 -> 241 | Z27: ='23'!$G$151 -> 239 | AA27: ='23'!$G$161 -> 88 | AB27: ='23'!G162 -> 35 | AC27: ='23'!G88 -> 5.5 | AD27: ='23'!G163+'23'!G164 -> 91 | AE27: ='23'!$G$116 -> 258 | AF27: ='23'!$G$117 -> 277 | AG27: ='23'!$G$118 -> 584 | AH27: ='23'!$G$119 -> 31 | AI27: ='23'!$G$120 -> 405 | AJ27: ='23'!$G$121 -> 446 | AK27: ='23'!$G$122 -> 328 | AL27: ='23'!$G$123 -> 331 | AM27: ='23'!$G$133 -> 879 | AN27: ='23'!$G$15 -> 951 | AO27: ='23'!$G$74 -> 306 | AP27: ='23'!$G$75 -> 0 | AQ27: ='23'!$G$76 -> 89 | AR27: ='23'!$G$77 -> 40 | AS27: ='23'!$G$78 -> 0 | AT27: =AN27-SUM(AO27:AS27) -> 516 | AU27: =SUM('23'!G91:G92) -> 10.96 | AV27: ='23'!$G$88 -> 5.5 | AW27: ='23'!$G$89 -> 3.11 | AX27: ='23'!$G$90 -> 10.09 | AY27: =SUM(AV27:AX27) -> 18.7 | AZ27: =AO27/AU27 -> 27.919708 | BA27: =AT27/AY27 -> 27.593583 | BB27: =C27-SUM(F27:K27,Y27) -> 3220.97 | BC27: =BB27/B27% -> 13.642975
