Workbook

Sheet TOTAL
A1: Site Name | B1: Day | C1: Month | D1: Year | E1: Total Electricity Kwh | F1: Electricity Tariff ($/Kwh) | G1: Natual Gas (m3) | H1: Natural Gas $/m3 | I1: Water Utility Supply (m3) m3 | J1: Water Utility Supply (m3) $/m3 | K1: Room Nights
A2: Alexandria at San Stefano | B2: 1 | C2: 8 | D2: 2022 | E2: =ELECT.!D6+ELECT.!F6+ELECT.!H6 -> 20278 | F2: 1.56 | G2: =Submetering!L2+Submetering!M2+Submetering!N2+Submetering!O2+Submetering!P2+Submetering!Q2+Submetering!R2+Submetering!S2+Submetering!T2+Submetering!U2+Submetering!V2+Submetering!W2+Submetering!X2+Submetering!Y2+Submetering!Z2+Submetering!AA2 -> 1645 | H2: 3.6 | I2: =Submetering!E2+Water!E5 -> 698 | J2: 9.1 | K2: =ELECT.!B6 -> 134
A3: Alexandria at San Stefano | B3: =B2+1 -> 2 | C3: 8 | D3: 2022 | E3: =ELECT.!D7+ELECT.!F7+ELECT.!H7 -> 22643 | F3: 1.56 | G3: =Submetering!L3+Submetering!M3+Submetering!N3+Submetering!O3+Submetering!P3+Submetering!Q3+Submetering!R3+Submetering!S3+Submetering!T3+Submetering!U3+Submetering!V3+Submetering!W3+Submetering!X3+Submetering!Y3+Submetering!Z3+Submetering!AA3 -> 1920 | H3: 3.6 | I3: =Submetering!E3+Water!E6 -> 761 | J3: 9.1 | K3: =ELECT.!B7 -> 134
A4: Alexandria at San Stefano | B4: =B3+1 -> 3 | C4: 8 | D4: 2022 | E4: =ELECT.!D8+ELECT.!F8+ELECT.!H8 -> 20916 | F4: 1.56 | G4: =Submetering!L4+Submetering!M4+Submetering!N4+Submetering!O4+Submetering!P4+Submetering!Q4+Submetering!R4+Submetering!S4+Submetering!T4+Submetering!U4+Submetering!V4+Submetering!W4+Submetering!X4+Submetering!Y4+Submetering!Z4+Submetering!AA4 -> 1713 | H4: 3.6 | I4: =Submetering!E4+Water!E7 -> 711 | J4: 9.1 | K4: =ELECT.!B8 -> 128
A5: Alexandria at San Stefano | B5: =B4+1 -> 4 | C5: 8 | D5: 2022 | E5: =ELECT.!D9+ELECT.!F9+ELECT.!H9 -> 21233 | F5: 1.56 | G5: =Submetering!L5+Submetering!M5+Submetering!N5+Submetering!O5+Submetering!P5+Submetering!Q5+Submetering!R5+Submetering!S5+Submetering!T5+Submetering!U5+Submetering!V5+Submetering!W5+Submetering!X5+Submetering!Y5+Submetering!Z5+Submetering!AA5 -> 1840 | H5: 3.6 | I5: =Submetering!E5+Water!E8 -> 658 | J5: 9.1 | K5: =ELECT.!B9 -> 130
A6: Alexandria at San Stefano | B6: =B5+1 -> 5 | C6: 8 | D6: 2022 | E6: =ELECT.!D10+ELECT.!F10+ELECT.!H10 -> 24037 | F6: 1.56 | G6: =Submetering!L6+Submetering!M6+Submetering!N6+Submetering!O6+Submetering!P6+Submetering!Q6+Submetering!R6+Submetering!S6+Submetering!T6+Submetering!U6+Submetering!V6+Submetering!W6+Submetering!X6+Submetering!Y6+Submetering!Z6+Submetering!AA6 -> 1891 | H6: 3.6 | I6: =Submetering!E6+Water!E9 -> 443 | J6: 9.1 | K6: =ELECT.!B10 -> 136
A7: Alexandria at San Stefano | B7: =B6+1 -> 6 | C7: 8 | D7: 2022 | E7: =ELECT.!D11+ELECT.!F11+ELECT.!H11 -> 17432 | F7: 1.56 | G7: =Submetering!L7+Submetering!M7+Submetering!N7+Submetering!O7+Submetering!P7+Submetering!Q7+Submetering!R7+Submetering!S7+Submetering!T7+Submetering!U7+Submetering!V7+Submetering!W7+Submetering!X7+Submetering!Y7+Submetering!Z7+Submetering!AA7 -> 1919 | H7: 3.6 | I7: =Submetering!E7+Water!E10 -> 995 | J7: 9.1 | K7: =ELECT.!B11 -> 127
A8: Alexandria at San Stefano | B8: =B7+1 -> 7 | C8: 8 | D8: 2022 | E8: =ELECT.!D12+ELECT.!F12+ELECT.!H12 -> 21832 | F8: 1.56 | G8: =Submetering!L8+Submetering!M8+Submetering!N8+Submetering!O8+Submetering!P8+Submetering!Q8+Submetering!R8+Submetering!S8+Submetering!T8+Submetering!U8+Submetering!V8+Submetering!W8+Submetering!X8+Submetering!Y8+Submetering!Z8+Submetering!AA8 -> 1777 | H8: 3.6 | I8: =Submetering!E8+Water!E11 -> 693 | J8: 9.1 | K8: =ELECT.!B12 -> 113
A9: Alexandria at San Stefano | B9: =B8+1 -> 8 | C9: 8 | D9: 2022 | E9: =ELECT.!D13+ELECT.!F13+ELECT.!H13 -> 21317 | F9: 1.56 | G9: =Submetering!L9+Submetering!M9+Submetering!N9+Submetering!O9+Submetering!P9+Submetering!Q9+Submetering!R9+Submetering!S9+Submetering!T9+Submetering!U9+Submetering!V9+Submetering!W9+Submetering!X9+Submetering!Y9+Submetering!Z9+Submetering!AA9 -> 2076 | H9: 3.6 | I9: =Submetering!E9+Water!E12 -> 754 | J9: 9.1 | K9: =ELECT.!B13 -> 122
A10: Alexandria at San Stefano | B10: =B9+1 -> 9 | C10: 8 | D10: 2022 | E10: =ELECT.!D14+ELECT.!F14+ELECT.!H14 -> 19777 | F10: 1.56 | G10: =Submetering!L10+Submetering!M10+Submetering!N10+Submetering!O10+Submetering!P10+Submetering!Q10+Submetering!R10+Submetering!S10+Submetering!T10+Submetering!U10+Submetering!V10+Submetering!W10+Submetering!X10+Submetering!Y10+Submetering!Z10+Submetering!AA10 -> 1843 | H10: 3.6 | I10: =Submetering!E10+Water!E13 -> 652 | J10: 9.1 | K10: =ELECT.!B14 -> 117
A11: Alexandria at San Stefano | B11: =B10+1 -> 10 | C11: 8 | D11: 2022 | E11: =ELECT.!D15+ELECT.!F15+ELECT.!H15 -> 19841 | F11: 1.56 | G11: =Submetering!L11+Submetering!M11+Submetering!N11+Submetering!O11+Submetering!P11+Submetering!Q11+Submetering!R11+Submetering!S11+Submetering!T11+Submetering!U11+Submetering!V11+Submetering!W11+Submetering!X11+Submetering!Y11+Submetering!Z11+Submetering!AA11 -> 1893 | H11: 3.6 | I11: =Submetering!E11+Water!E14 -> 685 | J11: 9.1 | K11: =ELECT.!B15 -> 107
A12: Alexandria at San Stefano | B12: =B11+1 -> 11 | C12: 8 | D12: 2022 | E12: =ELECT.!D16+ELECT.!F16+ELECT.!H16 -> 21161 | F12: 1.56 | G12: =Submetering!L12+Submetering!M12+Submetering!N12+Submetering!O12+Submetering!P12+Submetering!Q12+Submetering!R12+Submetering!S12+Submetering!T12+Submetering!U12+Submetering!V12+Submetering!W12+Submetering!X12+Submetering!Y12+Submetering!Z12+Submetering!AA12 -> 1474 | H12: 3.6 | I12: =Submetering!E12+Water!E15 -> 669 | J12: 9.1 | K12: =ELECT.!B16 -> 108
A13: Alexandria at San Stefano | B13: =B12+1 -> 12 | C13: 8 | D13: 2022 | E13: =ELECT.!D17+ELECT.!F17+ELECT.!H17 -> 19283 | F13: 1.56 | G13: =Submetering!L13+Submetering!M13+Submetering!N13+Submetering!O13+Submetering!P13+Submetering!Q13+Submetering!R13+Submetering!S13+Submetering!T13+Submetering!U13+Submetering!V13+Submetering!W13+Submetering!X13+Submetering!Y13+Submetering!Z13+Submetering!AA13 -> 1986 | H13: 3.6 | I13: =Submetering!E13+Water!E16 -> 708 | J13: 9.1 | K13: =ELECT.!B17 -> 126
A14: Alexandria at San Stefano | B14: =B13+1 -> 13 | C14: 8 | D14: 2022 | E14: =ELECT.!D18+ELECT.!F18+ELECT.!H18 -> 23504 | F14: 1.56 | G14: =Submetering!L14+Submetering!M14+Submetering!N14+Submetering!O14+Submetering!P14+Submetering!Q14+Submetering!R14+Submetering!S14+Submetering!T14+Submetering!U14+Submetering!V14+Submetering!W14+Submetering!X14+Submetering!Y14+Submetering!Z14+Submetering!AA14 -> 1741 | H14: 3.6 | I14: =Submetering!E14+Water!E17 -> 614 | J14: 9.1 | K14: =ELECT.!B18 -> 100
... A32: Alexandria at San Stefano | B32: =B31+1 -> 31 | C32: 8 | D32: 2022 | E32: =ELECT.!D36+ELECT.!F36+ELECT.!H36 -> 21944 | F32: 1.56 | G32: =Submetering!L32+Submetering!M32+Submetering!N32+Submetering!O32+Submetering!P32+Submetering!Q32+Submetering!R32+Submetering!S32+Submetering!T32+Submetering!U32+Submetering!V32+Submetering!W32+Submetering!X32+Submetering!Y32+Submetering!Z32+Submetering!AA32 -> 1819 | H32: 3.6 | I32: =Submetering!E32+Water!E35 -> 740 | J32: 9.1 | K32: =ELECT.!B36 -> 132

Sheet Submetering
A1: Site Name | B1: Day | C1: Month | D1: Year | E1: Main- m3 | F1: Beach Water - m3 | G1: Hotel Trans-1 - KWh | H1: Hotel Trans-2 - KWh | I1: Hotel Trans-3 - KWh | J1: Marina 1 - KWh | K1: Marina 2 - KWh | L1: st. gas - m3 | M1: H.Water boiler - m3 | N1: Kala Kit. - m3 | O1: Pastry Kit. - m3 | P1: Italian Kit. - m3 | Q1: Byblos kit - m3 | R1: Banquet Kit. - m3 | S1: Pool Kit. - m3 | T1: Laundry - m3 | U1: Dining - m3 | V1: Fressca - m3 | W1: jacuzzi Heater - m3 | X1: s.Pool Heater - m3 | Y1: Lobby Lou. Heater - m3 | Z1: Beach Kitchen - m3 | AA1: Beach Laundry - m3 | AB1: Room Night
A2: Alexandria at San Stefano | B2: 1 | C2: 8 | D2: 2022 | E2: =Water!C5 -> 290 | F2: =Water!E5 -> 408 | G2: =ELECT.!D6 -> 4694 | H2: =ELECT.!F6 -> 9676 | I2: =ELECT.!H6 -> 5908 | J2: =ELECT.!K6 -> 740 | K2: =ELECT.!M6 -> 162 | L2: =Gas!C4 -> 176 | M2: =Gas!E4 -> 731 | N2: =Gas!G4 -> 118 | O2: =Gas!I4 -> 15 | P2: =Gas!K4 -> 1 | Q2: =Gas!M4 -> 53 | R2: =Gas!O4 -> 76 | S2: =Gas!Q4 -> 0 | T2: =Gas!S4 -> 168 | U2: =Gas!U4 -> 23 | V2: =Gas!W4 -> 0 | W2: =Gas!Y4 -> 32 | X2: =Gas!AA4 -> 85 | Y2: =Gas!AC4 -> 0 | Z2: =Gas!AE4 -> 151 | AA2: =Gas!AG4 -> 16 | AB2: =ELECT.!B6 -> 134
A3: Alexandria at San Stefano | B3: =B2+1 -> 2 | C3: 8 | D3: 2022 | E3: =Water!C6 -> 310 | F3: =Water!E6 -> 451 | G3: =ELECT.!D7 -> 4909 | H3: =ELECT.!F7 -> 10290 | I3: =ELECT.!H7 -> 7444 | J3: =ELECT.!K7 -> 770 | K3: =ELECT.!M7 -> 185 | L3: =Gas!C5 -> 210 | M3: =Gas!E5 -> 594 | N3: =Gas!G5 -> 134 | O3: =Gas!I5 -> 18 | P3: =Gas!K5 -> 1 | Q3: =Gas!M5 -> 50 | R3: =Gas!O5 -> 78 | S3: =Gas!Q5 -> 0 | T3: =Gas!S5 -> 410 | U3: =Gas!U5 -> 37 | V3: =Gas!W5 -> 0 | W3: =Gas!Y5 -> 25 | X3: =Gas!AA5 -> 51 | Y3: =Gas!AC5 -> 0 | Z3: =Gas!AE5 -> 292 | AA3: =Gas!AG5 -> 20 | AB3: =ELECT.!B7 -> 134
A4: Alexandria at San Stefano | B4: =B3+1 -> 3 | C4: 8 | D4: 2022 | E4: =Water!C7 -> 260 | F4: =Water!E7 -> 451 | G4: =ELECT.!D8 -> 5129 | H4: =ELECT.!F8 -> 9643 | I4: =ELECT.!H8 -> 6144 | J4: =ELECT.!K8 -> 740 | K4: =ELECT.!M8 -> 171 | L4: =Gas!C6 -> 165 | M4: =Gas!E6 -> 699 | N4: =Gas!G6 -> 142 | O4: =Gas!I6 -> 24 | P4: =Gas!K6 -> 1 | Q4: =Gas!M6 -> 72 | R4: =Gas!O6 -> 86 | S4: =Gas!Q6 -> 0 | T4: =Gas!S6 -> 266 | U4: =Gas!U6 -> 27 | V4: =Gas!W6 -> 0 | W4: =Gas!Y6 -> 34 | X4: =Gas!AA6 -> 77 | Y4: =Gas!AC6 -> 0 | Z4: =Gas!AE6 -> 100 | AA4: =Gas!AG6 -> 20 | AB4: =ELECT.!B8 -> 128
A5: Alexandria at San Stefano | B5: =B4+1 -> 4 | C5: 8 | D5: 2022 | E5: =Water!C8 -> 250 | F5: =Water!E8 -> 408 | G5: =ELECT.!D9 -> 5246 | H5: =ELECT.!F9 -> 9758 | I5: =ELECT.!H9 -> 6229 | J5: =ELECT.!K9 -> 740 | K5: =ELECT.!M9 -> 168 | L5: =Gas!C7 -> 215 | M5: =Gas!E7 -> 663 | N5: =Gas!G7 -> 132 | O5: =Gas!I7 -> 22 | P5: =Gas!K7 -> 0 | Q5: =Gas!M7 -> 55 | R5: =Gas!O7 -> 135 | S5: =Gas!Q7 -> 0 | T5: =Gas!S7 -> 273 | U5: =Gas!U7 -> 23 | V5: =Gas!W7 -> 0 | W5: =Gas!Y7 -> 32 | X5: =Gas!AA7 -> 55 | Y5: =Gas!AC7 -> 0 | Z5: =Gas!AE7 -> 220 | AA5: =Gas!AG7 -> 15 | AB5: =ELECT.!B9 -> 130
A6: Alexandria at San Stefano | B6: =B5+1 -> 5 | C6: 8 | D6: 2022 | E6: =Water!C9 -> 260 | F6: =Water!E9 -> 183 | G6: =ELECT.!D10 -> 6130 | H6: =ELECT.!F10 -> 10978 | I6: =ELECT.!H10 -> 6929 | J6: =ELECT.!K10 -> 720 | K6: =ELECT.!M10 -> 165 | L6: =Gas!C8 -> 200 | M6: =Gas!E8 -> 760 | N6: =Gas!G8 -> 131 | O6: =Gas!I8 -> 28 | P6: =Gas!K8 -> 2 | Q6: =Gas!M8 -> 56 | R6: =Gas!O8 -> 85 | S6: =Gas!Q8 -> 0 | T6: =Gas!S8 -> 256 | U6: =Gas!U8 -> 24 | V6: =Gas!W8 -> 0 | W6: =Gas!Y8 -> 28 | X6: =Gas!AA8 -> 79 | Y6: =Gas!AC8 -> 0 | Z6: =Gas!AE8 -> 224 | AA6: =Gas!AG8 -> 18 | AB6: =ELECT.!B10 -> 136
A7: Alexandria at San Stefano | B7: =B6+1 -> 6 | C7: 8 | D7: 2022 | E7: =Water!C10 -> 250 | F7: =Water!E10 -> 745 | G7: =ELECT.!D11 -> 4458 | H7: =ELECT.!F11 -> 7867 | I7: =ELECT.!H11 -> 5107 | J7: =ELECT.!K11 -> 740 | K7: =ELECT.!M11 -> 178 | L7: =Gas!C9 -> 217 | M7: =Gas!E9 -> 715 | N7: =Gas!G9 -> 149 | O7: =Gas!I9 -> 27 | P7: =Gas!K9 -> 1 | Q7: =Gas!M9 -> 46 | R7: =Gas!O9 -> 55 | S7: =Gas!Q9 -> 0 | T7: =Gas!S9 -> 327 | U7: =Gas!U9 -> 25 | V7: =Gas!W9 -> 0 | W7: =Gas!Y9 -> 29 | X7: =Gas!AA9 -> 93 | Y7: =Gas!AC9 -> 0 | Z7: =Gas!AE9 -> 206 | AA7: =Gas!AG9 -> 29 | AB7: =ELECT.!B11 -> 127
A8: Alexandria at San Stefano | B8: =B7+1 -> 7 | C8: 8 | D8: 2022 | E8: =Water!C11 -> 250 | F8: =Water!E11 -> 443 | G8: =ELECT.!D12 -> 5344 | H8: =ELECT.!F12 -> 10235 | I8: =ELECT.!H12 -> 6253 | J8: =ELECT.!K12 -> 630 | K8: =ELECT.!M12 -> 149 | L8: =Gas!C10 -> 196 | M8: =Gas!E10 -> 732 | N8: =Gas!G10 -> 139 | O8: =Gas!I10 -> 30 | P8: =Gas!K10 -> 1 | Q8: =Gas!M10 -> 51 | R8: =Gas!O10 -> 49 | S8: =Gas!Q10 -> 0 | T8: =Gas!S10 -> 275 | U8: =Gas!U10 -> 26 | V8: =Gas!W10 -> 0 | W8: =Gas!Y10 -> 17 | X8: =Gas!AA10 -> 57 | Y8: =Gas!AC10 -> 0 | Z8: =Gas!AE10 -> 180 | AA8: =Gas!AG10 -> 24 | AB8: =ELECT.!B12 -> 113
A9: Alexandria at San Stefano | B9: =B8+1 -> 8 | C9: 8 | D9: 2022 | E9: =Water!C12 -> 290 | F9: =Water!E12 -> 464 | G9: =ELECT.!D13 -> 4968 | H9: =ELECT.!F13 -> 9847 | I9: =ELECT.!H13 -> 6502 | J9: =ELECT.!K13 -> 760 | K9: =ELECT.!M13 -> 160 | L9: =Gas!C11 -> 184 | M9: =Gas!E11 -> 883 | N9: =Gas!G11 -> 133 | O9: =Gas!I11 -> 28 | P9: =Gas!K11 -> 0 | Q9: =Gas!M11 -> 57 | R9: =Gas!O11 -> 98 | S9: =Gas!Q11 -> 0 | T9: =Gas!S11 -> 325 | U9: =Gas!U11 -> 24 | V9: =Gas!W11 -> 0 | W9: =Gas!Y11 -> 37 | X9: =Gas!AA11 -> 87 | Y9: =Gas!AC11 -> 0 | Z9: =Gas!AE11 -> 199 | AA9: =Gas!AG11 -> 21 | AB9: =ELECT.!B13 -> 122
A10: Alexandria at San Stefano | B10: =B9+1 -> 9 | C10: 8 | D10: 2022 | E10: =Water!C13 -> 240 | F10: =Water!E13 -> 412 | G10: =ELECT.!D14 -> 4647 | H10: =ELECT.!F14 -> 9212 | I10: =ELECT.!H14 -> 5918 | J10: =ELECT.!K14 -> 730 | K10: =ELECT.!M14 -> 164 | L10: =Gas!C12 -> 194 | M10: =Gas!E12 -> 701 | N10: =Gas!G12 -> 129 | O10: =Gas!I12 -> 23 | P10: =Gas!K12 -> 0 | Q10: =Gas!M12 -> 67 | R10: =Gas!O12 -> 94 | S10: =Gas!Q12 -> 0 | T10: =Gas!S12 -> 280 | U10: =Gas!U12 -> 31 | V10: =Gas!W12 -> 0 | W10: =Gas!Y12 -> 20 | X10: =Gas!AA12 -> 72 | Y10: =Gas!AC12 -> 0 | Z10: =Gas!AE12 -> 209 | AA10: =Gas!AG12 -> 23 | AB10: =ELECT.!B14 -> 117
A11: Alexandria at San Stefano | B11: =B10+1 -> 10 | C11: 8 | D11: 2022 | E11: =Water!C14 -> 220 | F11: =Water!E14 -> 465 | G11: =ELECT.!D15 -> 4740 | H11: =ELECT.!F15 -> 9231 | I11: =ELECT.!H15 -> 5870 | J11: =ELECT.!K15 -> 730 | K11: =ELECT.!M15 -> 163 | L11: =Gas!C13 -> 247 | M11: =Gas!E13 -> 676 | N11: =Gas!G13 -> 151 | O11: =Gas!I13 -> 30 | P11: =Gas!K13 -> 0 | Q11: =Gas!M13 -> 55 | R11: =Gas!O13 -> 93 | S11: =Gas!Q13 -> 0 | T11: =Gas!S13 -> 299 | U11: =Gas!U13 -> 33 | V11: =Gas!W13 -> 0 | W11: =Gas!Y13 -> 21 | X11: =Gas!AA13 -> 77 | Y11: =Gas!AC13 -> 0 | Z11: =Gas!AE13 -> 193 | AA11: =Gas!AG13 -> 18 | AB11: =ELECT.!B15 -> 107
A12: Alexandria at San Stefano | B12: =B11+1 -> 11 | C12: 8 | D12: 2022 | E12: =Water!C15 -> 230 | F12: =Water!E15 -> 439 | G12: =ELECT.!D16 -> 5030 | H12: =ELECT.!F16 -> 9320 | I12: =ELECT.!H16 -> 6811 | J12: =ELECT.!K16 -> 810 | K12: =ELECT.!M16 -> 137 | L12: =Gas!C14 -> 149 | M12: =Gas!E14 -> 503 | N12: =Gas!G14 -> 95 | O12: =Gas!I14 -> 19 | P12: =Gas!K14 -> 0 | Q12: =Gas!M14 -> 54 | R12: =Gas!O14 -> 52 | S12: =Gas!Q14 -> 0 | T12: =Gas!S14 -> 268 | U12: =Gas!U14 -> 18 | V12: =Gas!W14 -> 0 | W12: =Gas!Y14 -> 30 | X12: =Gas!AA14 -> 76 | Y12: =Gas!AC14 -> 0 | Z12: =Gas!AE14 -> 193 | AA12: =Gas!AG14 -> 17 | AB12: =ELECT.!B16 -> 108
A13: Alexandria at San Stefano | B13: =B12+1 -> 12 | C13: 8 | D13: 2022 | E13: =Water!C16 -> 260 | F13: =Water!E16 -> 448 | G13: =ELECT.!D17 -> 5030 | H13: =ELECT.!F17 -> 8606 | I13: =ELECT.!H17 -> 5647 | J13: =ELECT.!K17 -> 640 | K13: =ELECT.!M17 -> 160 | L13: =Gas!C15 -> 191 | M13: =Gas!E15 -> 851 | N13: =Gas!G15 -> 139 | O13: =Gas!I15 -> 26 | P13: =Gas!K15 -> 0 | Q13: =Gas!M15 -> 58 | R13: =Gas!O15 -> 60 | S13: =Gas!Q15 -> 0 | T13: =Gas!S15 -> 315 | U13: =Gas!U15 -> 23 | V13: =Gas!W15 -> 0 | W13: =Gas!Y15 -> 26 | X13: =Gas!AA15 -> 64 | Y13: =Gas!AC15 -> 0 | Z13: =Gas!AE15 -> 219 | AA13: =Gas!AG15 -> 14 | AB13: =ELECT.!B17 -> 126
A14: Alexandria at San Stefano | B14: =B13+1 -> 13 | C14: 8 | D14: 2022 | E14: =Water!C17 -> 220 | F14: =Water!E17 -> 394 | G14: =ELECT.!D18 -> 5935 | H14: =ELECT.!F18 -> 10460 | I14: =ELECT.!H18 -> 7109 | J14: =ELECT.!K18 -> 760 | K14: =ELECT.!M18 -> 171 | L14: =Gas!C16 -> 230 | M14: =Gas!E16 -> 754 | N14: =Gas!G16 -> 151 | O14: =Gas!I16 -> 24 | P14: =Gas!K16 -> 0 | Q14: =Gas!M16 -> 44 | R14: =Gas!O16 -> 91 | S14: =Gas!Q16 -> 0 | T14: =Gas!S16 -> 303 | U14: =Gas!U16 -> 17 | V14: =Gas!W16 -> 0 | W14: =Gas!Y16 -> 27 | X14: =Gas!AA16 -> 71 | Y14: =Gas!AC16 -> 0 | Z14: =Gas!AE16 -> 0 | AA14: =Gas!AG16 -> 29 | AB14: =ELECT.!B18 -> 100
... A32: Alexandria at San Stefano | B32: =B31+1 -> 31 | C32: 8 | D32: 2022 | E32: =Water!C35 -> 270 | F32: =Water!E35 -> 470 | G32: =ELECT.!D36 -> 5236 | H32: =ELECT.!F36 -> 9974 | I32: =ELECT.!H36 -> 6734 | J32: =ELECT.!K36 -> 740 | K32: =ELECT.!M36 -> 155 | L32: =Gas!C34 -> 162 | M32: =Gas!E34 -> 657 | N32: =Gas!G34 -> 125 | O32: =Gas!I34 -> 30 | P32: =Gas!K34 -> 3 | Q32: =Gas!M34 -> 52 | R32: =Gas!O34 -> 142 | S32: =Gas!Q34 -> 0 | T32: =Gas!S34 -> 255 | U32: =Gas!U34 -> 28 | V32: =Gas!W34 -> 0 | W32: =Gas!Y34 -> 30 | X32: =Gas!AA34 -> 126 | Y32: =Gas!AC34 -> 0 | Z32: =Gas!AE34 -> 209 | AA32: =Gas!AG34 -> 0 | AB32: =ELECT.!B36 -> 132

Sheet Water
A1: Hotel AUGUST 2022
A2: Day
B3: Main Reading | C3: Cons. | D3: Beach Water | E3: Cons.
A4: Last | B4: 69485 | C4: 0 | D4: 691714 | E4: 0
A5: 44774 | B5: 69514 | C5: =(IF((B5-B4)<0,"0",(B5-B4)))*10 -> 290 | D5: 692183 | E5: =E8 -> 408
A6: 44775 | B6: 69545 | C6: =(IF((B6-B5)<0,"0",(B6-B5)))*10 -> 310 | D6: 692656 | E6: =E7 -> 451
A7: 44776 | B7: 69571 | C7: =(IF((B7-B6)<0,"0",(B7-B6)))*10 -> 260 | D7: 693107 | E7: =(IF((D7-D6)<0,"0",(D7-D6))) -> 451
A8: 44777 | B8: 69596 | C8: =(IF((B8-B7)<0,"0",(B8-B7)))*10 -> 250 | D8: 693515 | E8: =(IF((D8-D7)<0,"0",(D8-D7))) -> 408
A9: 44778 | B9: 69622 | C9: =(IF((B9-B8)<0,"0",(B9-B8)))*10 -> 260 | D9: 693698 | E9: =(IF((D9-D8)<0,"0",(D9-D8))) -> 183
A10: 44779 | B10: 69647 | C10: =(IF((B10-B9)<0,"0",(B10-B9)))*10 -> 250 | D10: 694443 | E10: =(IF((D10-D9)<0,"0",(D10-D9))) -> 745
A11: 44780 | B11: 69672 | C11: =(IF((B11-B10)<0,"0",(B11-B10)))*10 -> 250 | D11: 694886 | E11: =(IF((D11-D10)<0,"0",(D11-D10))) -> 443
A12: 44781 | B12: 69701 | C12: =(IF((B12-B11)<0,"0",(B12-B11)))*10 -> 290 | D12: 695350 | E12: =(IF((D12-D11)<0,"0",(D12-D11))) -> 464
A13: 44782 | B13: 69725 | C13: =(IF((B13-B12)<0,"0",(B13-B12)))*10 -> 240 | D13: 695762 | E13: =(IF((D13-D12)<0,"0",(D13-D12))) -> 412
A14: 44783 | B14: 69747 | C14: =(IF((B14-B13)<0,"0",(B14-B13)))*10 -> 220 | D14: 696227 | E14: =(IF((D14-D13)<0,"0",(D14-D13))) -> 465
A15: 44784 | B15: 69770 | C15: =(IF((B15-B14)<0,"0",(B15-B14)))*10 -> 230 | D15: 696666 | E15: =(IF((D15-D14)<0,"0",(D15-D14))) -> 439
A16: 44785 | B16: 69796 | C16: =(IF((B16-B15)<0,"0",(B16-B15)))*10 -> 260 | D16: 697114 | E16: =(IF((D16-D15)<0,"0",(D16-D15))) -> 448
A17: 44786 | B17: 69818 | C17: =(IF((B17-B16)<0,"0",(B17-B16)))*10 -> 220 | D17: 697508 | E17: =(IF((D17-D16)<0,"0",(D17-D16))) -> 394
A18: 44787 | B18: 69841 | C18: =(IF((B18-B17)<0,"0",(B18-B17)))*10 -> 230 | D18: 697968 | E18: =(IF((D18-D17)<0,"0",(D18-D17))) -> 460
... A35: 44804 | B35: 70268 | C35: =(IF((B35-B34)<0,"0",(B35-B34)))*10 -> 270 | D35: 702973 | E35: =(IF((D35-D34)<0,"0",(D35-D34))) -> 470
A36: Total | C36: =SUM(C5:C34) -> 7560 | E36: =SUM(E5:E34) -> 10706

Sheet ELECT.
A1: Feeders and transformers Electrity cons. AUGUST 22
A2: Hotel
A3: Day | B3: Room Sold | C3: Trans-1 | D3: Cons. | E3: Trans-2 | F3: Cons. | G3: Trans-3 | H3: Cons. | I3: Total | J3: Marina 1 | L3: Marina 2
C4: Readings | D4: Cons. | E4: Readings | F4: Cons. | G4: Readings | H4: Cons. | I4: Readings | J4: Reading | K4: Cons | L4: Reading | M4: Cons
A5: Last | B5: 115 | C5: 50427920 | D5: 0 | E5: 50637739 | F5: 0 | G5: 38203994 | H5: 0 | J5: 243800 | L5: 74058
A6: 44774 | B6: 134 | C6: 50432614 | D6: =IF((C6-C5)<0,"0",(C6-C5)) -> 4694 | E6: 50647415 | F6: =IF((E6-E5)<0,"0",(E6-E5)) -> 9676 | G6: 38209902 | H6: =IF((G6-G5)<0,"0",(G6-G5)) -> 5908 | I6: =D6+F6+H6 -> 20278 | J6: 244540 | K6: =IF(J6-J5<0,0,J6-J5) -> 740 | L6: 74220 | M6: =IF(L6-L5<0,0,L6-L5) -> 162
A7: 44775 | B7: 134 | C7: 50437523 | D7: =IF((C7-C6)<0,"0",(C7-C6)) -> 4909 | E7: 50657705 | F7: =IF((E7-E6)<0,"0",(E7-E6)) -> 10290 | G7: 38217346 | H7: =IF((G7-G6)<0,"0",(G7-G6)) -> 7444 | I7: =D7+F7+H7 -> 22643 | J7: 245310 | K7: =IF(J7-J6<0,0,J7-J6) -> 770 | L7: 74405 | M7: =IF(L7-L6<0,0,L7-L6) -> 185
A8: 44776 | B8: 128 | C8: 50442652 | D8: =IF((C8-C7)<0,"0",(C8-C7)) -> 5129 | E8: 50667348 | F8: =IF((E8-E7)<0,"0",(E8-E7)) -> 9643 | G8: 38223490 | H8: =IF((G8-G7)<0,"0",(G8-G7)) -> 6144 | I8: =D8+F8+H8 -> 20916 | J8: 246050 | K8: =IF(J8-J7<0,0,J8-J7) -> 740 | L8: 74576 | M8: =IF(L8-L7<0,0,L8-L7) -> 171
A9: 44777 | B9: 130 | C9: 50447898 | D9: =IF((C9-C8)<0,"0",(C9-C8)) -> 5246 | E9: 50677106 | F9: =IF((E9-E8)<0,"0",(E9-E8)) -> 9758 | G9: 38229719 | H9: =IF((G9-G8)<0,"0",(G9-G8)) -> 6229 | I9: =D9+F9+H9 -> 21233 | J9: 246790 | K9: =IF(J9-J8<0,0,J9-J8) -> 740 | L9: 74744 | M9: =IF(L9-L8<0,0,L9-L8) -> 168
A10: 44778 | B10: 136 | C10: 50454028 | D10: =IF((C10-C9)<0,"0",(C10-C9)) -> 6130 | E10: 50688084 | F10: =IF((E10-E9)<0,"0",(E10-E9)) -> 10978 | G10: 38236648 | H10: =IF((G10-G9)<0,"0",(G10-G9)) -> 6929 | I10: =D10+F10+H10 -> 24037 | J10: 247510 | K10: =IF(J10-J9<0,0,J10-J9) -> 720 | L10: 74909 | M10: =IF(L10-L9<0,0,L10-L9) -> 165
A11: 44779 | B11: 127 | C11: 50458486 | D11: =IF((C11-C10)<0,"0",(C11-C10)) -> 4458 | E11: 50695951 | F11: =IF((E11-E10)<0,"0",(E11-E10)) -> 7867 | G11: 38241755 | H11: =IF((G11-G10)<0,"0",(G11-G10)) -> 5107 | I11: =D11+F11+H11 -> 17432 | J11: 248250 | K11: =IF(J11-J10<0,0,J11-J10) -> 740 | L11: 75087 | M11: =IF(L11-L10<0,0,L11-L10) -> 178
A12: 44780 | B12: 113 | C12: 50463830 | D12: =IF((C12-C11)<0,"0",(C12-C11)) -> 5344 | E12: 50706186 | F12: =IF((E12-E11)<0,"0",(E12-E11)) -> 10235 | G12: 38248008 | H12: =IF((G12-G11)<0,"0",(G12-G11)) -> 6253 | I12: =D12+F12+H12 -> 21832 | J12: 248880 | K12: =IF(J12-J11<0,0,J12-J11) -> 630 | L12: 75236 | M12: =IF(L12-L11<0,0,L12-L11) -> 149
A13: 44781 | B13: 122 | C13: 50468798 | D13: =IF((C13-C12)<0,"0",(C13-C12)) -> 4968 | E13: 50716033 | F13: =IF((E13-E12)<0,"0",(E13-E12)) -> 9847 | G13: 38254510 | H13: =IF((G13-G12)<0,"0",(G13-G12)) -> 6502 | I13: =D13+F13+H13 -> 21317 | J13: 249640 | K13: =IF(J13-J12<0,0,J13-J12) -> 760 | L13: 75396 | M13: =IF(L13-L12<0,0,L13-L12) -> 160
A14: 44782 | B14: 117 | C14: 50473445 | D14: =IF((C14-C13)<0,"0",(C14-C13)) -> 4647 | E14: 50725245 | F14: =IF((E14-E13)<0,"0",(E14-E13)) -> 9212 | G14: 38260428 | H14: =IF((G14-G13)<0,"0",(G14-G13)) -> 5918 | I14: =D14+F14+H14 -> 19777 | J14: 250370 | K14: =IF(J14-J13<0,0,J14-J13) -> 730 | L14: 75560 | M14: =IF(L14-L13<0,0,L14-L13) -> 164
A15: 44783 | B15: 107 | C15: 50478185 | D15: =IF((C15-C14)<0,"0",(C15-C14)) -> 4740 | E15: 50734476 | F15: =IF((E15-E14)<0,"0",(E15-E14)) -> 9231 | G15: 38266298 | H15: =IF((G15-G14)<0,"0",(G15-G14)) -> 5870 | I15: =D15+F15+H15 -> 19841 | J15: 251100 | K15: =IF(J15-J14<0,0,J15-J14) -> 730 | L15: 75723 | M15: =IF(L15-L14<0,0,L15-L14) -> 163
A16: 44784 | B16: 108 | C16: 50483215 | D16: =IF((C16-C15)<0,"0",(C16-C15)) -> 5030 | E16: 50743796 | F16: =IF((E16-E15)<0,"0",(E16-E15)) -> 9320 | G16: 38273109 | H16: =IF((G16-G15)<0,"0",(G16-G15)) -> 6811 | I16: =D16+F16+H16 -> 21161 | J16: 251910 | K16: =IF(J16-J15<0,0,J16-J15) -> 810 | L16: 75860 | M16: =IF(L16-L15<0,0,L16-L15) -> 137
A17: 44785 | B17: 126 | C17: 50488245 | D17: =IF((C17-C16)<0,"0",(C17-C16)) -> 5030 | E17: 50752402 | F17: =IF((E17-E16)<0,"0",(E17-E16)) -> 8606 | G17: 38278756 | H17: =IF((G17-G16)<0,"0",(G17-G16)) -> 5647 | I17: =D17+F17+H17 -> 19283 | J17: 252550 | K17: =IF(J17-J16<0,0,J17-J16) -> 640 | L17: 76020 | M17: =IF(L17-L16<0,0,L17-L16) -> 160
... A32: 44800 | B32: 101 | C32: 50563050 | D32: =IF((C32-C31)<0,"0",(C32-C31)) -> 5115 | E32: 50887528 | F32: =IF((E32-E31)<0,"0",(E32-E31)) -> 9185 | G32: 38369402 | H32: =IF((G32-G31)<0,"0",(G32-G31)) -> 6174 | I32: =D32+F32+H32 -> 20474 | J32: 263750 | K32: =IF(J32-J31<0,0,J32-J31) -> 720 | L32: 78583 | M32: =IF(L32-L31<0,0,L32-L31) -> 170
A33: 44801 | B33: 108 | C33: 50567848 | D33: =C33-C32 -> 4798 | E33: 50896991 | F33: =IF((E33-E31)<0,"0",(E33-E31)) -> 18648 | G33: 38375811 | H33: =G33-G32 -> 6409 | I33: =D33+F33+H33 -> 29855 | J33: 264470 | K33: =IF(J33-J32<0,0,J33-J32) -> 720 | L33: 78752 | M33: =IF(L33-L32<0,0,L33-L32) -> 169
A34: 44802 | B34: 111 | C34: 50572835 | D34: =C34-C33 -> 4987 | E34: 50906816 | F34: =IF((E34-E32)<0,"0",(E34-E32)) -> 19288 | G34: 38382270 | H34: =G34-G33 -> 6459 | I34: =D34+F34+H34 -> 30734 | J34: 265330 | K34: =IF(J34-J33<0,0,J34-J33) -> 860 | L34: 78931 | M34: =IF(L34-L33<0,0,L34-L33) -> 179
A35: 44803 | B35: 106 | C35: 50577870 | D35: =C35-C34 -> 5035 | E35: 50916227 | F35: =IF((E35-E33)<0,"0",(E35-E33)) -> 19236 | G35: 38388274 | H35: =G35-G34 -> 6004 | I35: =D35+F35+H35 -> 30275 | J35: 265950 | K35: =IF(J35-J34<0,0,J35-J34) -> 620 | L35: 79090 | M35: =IF(L35-L34<0,0,L35-L34) -> 159
A36: 44804 | B36: 132 | C36: 50583106 | D36: =IF(C36-C35<0,0,C36-C35) -> 5236 | E36: 50926201 | F36: =IF(E36-E35<0,0,E36-E35) -> 9974 | G36: 38395008 | H36: =IF(G36-G35<0,0,G36-G35) -> 6734 | I36: =D36+F36+H36 -> 21944 | J36: 266690 | K36: =IF(J36-J35<0,0,J36-J35) -> 740 | L36: 79245 | M36: =IF(L36-L35<0,0,L36-L35) -> 155
A37: Total | D37: =SUM(D5:D35) -> 149950 | F37: =SUM(F5:F34) -> 287725 | H37: =SUM(H5:H35) -> 184280 | I37: =D37+F37+H37 -> 621955 | K37: =SUM(K5:K34) -> 21530 | M37: =SUM(M5:M34) -> 4873

Sheet Gas
A1: Gas Con. AUGUST 2022
A2: Day | B2: st. gas | C2: Cons. | D2: H.Water boiler | E2: Cons. | F2: Kala Kit. | G2: Cons. | H2: Pastery Kit. | I2: Cons. | J2: Italian Kit. | K2: Cons. | L2: Byblos kit | M2: Cons. | N2: Banquet Kit. | O2: Cons. | P2: Pool Kit. | Q2: Cons. | R2: Laundry | S2: Cons. | T2: Dinning | U2: Cons. | V2: Fresca | W2: Cons. | X2: jacuuzi Heater | Y2: Cons. | Z2: s.Pool Heater | AA2: Cons. | AB2: Lobby Lou. Heater | AC2: Cons. | AD2: Beach Kitchen | AE2: Cons. | AF2: Beach Laundry | AH2: Total Cons | AI2: Boiler 26 | AJ2: Cons.
A3: Last | B3: 1586451 | D3: 33642742 | F3: 72454 | H3: 98475 | J3: 184129 | L3: 112855 | N3: 649116 | P3: 167763 | R3: 983125 | T3: 81369 | V3: 305810 | X3: 31269 | Z3: 728050 | AB3: 1410 | AD3: 107186 | AF3: 1591
A4: 44774 | B4: 1586627 | C4: =IF((B4-B3)<0,"0",(B4-B3)) -> 176 | D4: 33643473 | E4: =IF((D4-D3)<0,"0",(D4-D3)) -> 731 | F4: 72572 | G4: =IF((F4-F3)<0,"0",(F4-F3)) -> 118 | H4: 98490 | I4: =IF((H4-H3)<0,"0",(H4-H3)) -> 15 | J4: 184130 | K4: =IF((J4-J3)<0,"0",(J4-J3)) -> 1 | L4: 112908 | M4: =IF((L4-L3)<0,"0",(L4-L3)) -> 53 | N4: 649192 | O4: =IF((N4-N3)<0,"0",(N4-N3)) -> 76 | P4: 167763 | Q4: =IF((P4-P3)<0,"0",(P4-P3)) -> 0 | R4: 983293 | S4: =IF((R4-R3)<0,"0",(R4-R3)) -> 168 | T4: 81392 | U4: =IF((T4-T3)<0,"0",(T4-T3)) -> 23 | V4: 305810 | W4: =IF((V4-V3)<0,"0",(V4-V3)) -> 0 | X4: 31301 | Y4: =IF((X4-X3)<0,"0",(X4-X3)) -> 32 | Z4: 728135 | AA4: =IF((Z4-Z3)<0,"0",(Z4-Z3)) -> 85 | AB4: 1410 | AC4: =IF((AB4-AB3)<0,"0",(AB4-AB3)) -> 0 | AD4: 107337 | AE4: =IF((AD4-AD3)<0,"0",(AD4-AD3)) -> 151 | AF4: 1607 | AG4: =IF((AF4-AF3)<0,"0",(AF4-AF3)) -> 16 | AH4: =C4+E4+G4+I4+K4+M4+O4+Q4+S4+U4+W4+Y4+AA4+AC4+AE4+AG4 -> 1645 | AI4: 0 | AJ4: =IF((AI4-AI3)<0,"0",(AI4-AI3)) -> 0
A5: 44775 | B5: 1586837 | C5: =IF((B5-B4)<0,"0",(B5-B4)) -> 210 | D5: 33644067 | E5: =IF((D5-D4)<0,"0",(D5-D4)) -> 594 | F5: 72706 | G5: =IF((F5-F4)<0,"0",(F5-F4)) -> 134 | H5: 98508 | I5: =IF((H5-H4)<0,"0",(H5-H4)) -> 18 | J5: 184131 | K5: =IF((J5-J4)<0,"0",(J5-J4)) -> 1 | L5: 112958 | M5: =IF((L5-L4)<0,"0",(L5-L4)) -> 50 | N5: 649270 | O5: =IF((N5-N4)<0,"0",(N5-N4)) -> 78 | P5: 167763 | Q5: =IF((P5-P4)<0,"0",(P5-P4)) -> 0 | R5: 983703 | S5: =IF((R5-R4)<0,"0",(R5-R4)) -> 410 | T5: 81429 | U5: =IF((T5-T4)<0,"0",(T5-T4)) -> 37 | V5: 305810 | W5: =IF((V5-V4)<0,"0",(V5-V4)) -> 0 | X5: 31326 | Y5: =IF((X5-X4)<0,"0",(X5-X4)) -> 25 | Z5: 728186 | AA5: =IF((Z5-Z4)<0,"0",(Z5-Z4)) -> 51 | AB5: 1410 | AC5: =IF((AB5-AB4)<0,"0",(AB5-AB4)) -> 0 | AD5: 107629 | AE5: =IF((AD5-AD4)<0,"0",(AD5-AD4)) -> 292 | AF5: 1627 | AG5: =IF((AF5-AF4)<0,"0",(AF5-AF4)) -> 20 | AH5: =C5+E5+G5+I5+K5+M5+O5+Q5+S5+U5+W5+Y5+AA5+AC5+AE5+AG5 -> 1920 | AI5: 0 | AJ5: =IF((AI5-AI4)<0,"0",(AI5-AI4)) -> 0
A6: 44776 | B6: 1587002 | C6: =IF((B6-B5)<0,"0",(B6-B5)) -> 165 | D6: 33644766 | E6: =IF((D6-D5)<0,"0",(D6-D5)) -> 699 | F6: 72848 | G6: =IF((F6-F5)<0,"0",(F6-F5)) -> 142 | H6: 98532 | I6: =IF((H6-H5)<0,"0",(H6-H5)) -> 24 | J6: 184132 | K6: =IF((J6-J5)<0,"0",(J6-J5)) -> 1 | L6: 113030 | M6: =IF((L6-L5)<0,"0",(L6-L5)) -> 72 | N6: 649356 | O6: =IF((N6-N5)<0,"0",(N6-N5)) -> 86 | P6: 167763 | Q6: =IF((P6-P5)<0,"0",(P6-P5)) -> 0 | R6: 983969 | S6: =IF((R6-R5)<0,"0",(R6-R5)) -> 266 | T6: 81456 | U6: =IF((T6-T5)<0,"0",(T6-T5)) -> 27 | V6: 305810 | W6: =IF((V6-V5)<0,"0",(V6-V5)) -> 0 | X6: 31360 | Y6: =IF((X6-X5)<0,"0",(X6-X5)) -> 34 | Z6: 728263 | AA6: =IF((Z6-Z5)<0,"0",(Z6-Z5)) -> 77 | AB6: 1410 | AC6: =IF((AB6-AB5)<0,"0",(AB6-AB5)) -> 0 | AD6: 107729 | AE6: =IF((AD6-AD5)<0,"0",(AD6-AD5)) -> 100 | AF6: 1647 | AG6: =IF((AF6-AF5)<0,"0",(AF6-AF5)) -> 20 | AH6: =C6+E6+G6+I6+K6+M6+O6+Q6+S6+U6+W6+Y6+AA6+AC6+AE6+AG6 -> 1713 | AI6: 0 | AJ6: =IF((AI6-AI5)<0,"0",(AI6-AI5)) -> 0
A7: 44777 | B7: 1587217 | C7: =IF((B7-B6)<0,"0",(B7-B6)) -> 215 | D7: 33645429 | E7: =IF((D7-D6)<0,"0",(D7-D6)) -> 663 | F7: 72980 | G7: =IF((F7-F6)<0,"0",(F7-F6)) -> 132 | H7: 98554 | I7: =IF((H7-H6)<0,"0",(H7-H6)) -> 22 | J7: 184132 | K7: =IF((J7-J6)<0,"0",(J7-J6)) -> 0 | L7: 113085 | M7: =IF((L7-L6)<0,"0",(L7-L6)) -> 55 | N7: 649491 | O7: =IF((N7-N6)<0,"0",(N7-N6)) -> 135 | P7: 167763 | Q7: =IF((P7-P6)<0,"0",(P7-P6)) -> 0 | R7: 984242 | S7: =IF((R7-R6)<0,"0",(R7-R6)) -> 273 | T7: 81479 | U7: =IF((T7-T6)<0,"0",(T7-T6)) -> 23 | V7: 305810 | W7: =IF((V7-V6)<0,"0",(V7-V6)) -> 0 | X7: 31392 | Y7: =IF((X7-X6)<0,"0",(X7-X6)) -> 32 | Z7: 728318 | AA7: =IF((Z7-Z6)<0,"0",(Z7-Z6)) -> 55 | AB7: 1410 | AC7: =IF((AB7-AB6)<0,"0",(AB7-AB6)) -> 0 | AD7: 107949 | AE7: =IF((AD7-AD6)<0,"0",(AD7-AD6)) -> 220 | AF7: 1662 | AG7: =IF((AF7-AF6)<0,"0",(AF7-AF6)) -> 15 | AH7: =C7+E7+G7+I7+K7+M7+O7+Q7+S7+U7+W7+Y7+AA7+AC7+AE7+AG7 -> 1840 | AI7: 0 | AJ7: =IF((AI7-AI6)<0,"0",(AI7-AI6)) -> 0
A8: 44778 | B8: 1587417 | C8: =IF((B8-B7)<0,"0",(B8-B7)) -> 200 | D8: 33646189 | E8: =IF((D8-D7)<0,"0",(D8-D7)) -> 760 | F8: 73111 | G8: =IF((F8-F7)<0,"0",(F8-F7)) -> 131 | H8: 98582 | I8: =IF((H8-H7)<0,"0",(H8-H7)) -> 28 | J8: 184134 | K8: =IF((J8-J7)<0,"0",(J8-J7)) -> 2 | L8: 113141 | M8: =IF((L8-L7)<0,"0",(L8-L7)) -> 56 | N8: 649576 | O8: =IF((N8-N7)<0,"0",(N8-N7)) -> 85 | P8: 167763 | Q8: =IF((P8-P7)<0,"0",(P8-P7)) -> 0 | R8: 984498 | S8: =IF((R8-R7)<0,"0",(R8-R7)) -> 256 | T8: 81503 | U8: =IF((T8-T7)<0,"0",(T8-T7)) -> 24 | V8: 305810 | W8: =IF((V8-V7)<0,"0",(V8-V7)) -> 0 | X8: 31420 | Y8: =IF((X8-X7)<0,"0",(X8-X7)) -> 28 | Z8: 728397 | AA8: =IF((Z8-Z7)<0,"0",(Z8-Z7)) -> 79 | AB8: 1410 | AC8: =IF((AB8-AB7)<0,"0",(AB8-AB7)) -> 0 | AD8: 108173 | AE8: =IF((AD8-AD7)<0,"0",(AD8-AD7)) -> 224 | AF8: 1680 | AG8: =IF((AF8-AF7)<0,"0",(AF8-AF7)) -> 18 | AH8: =C8+E8+G8+I8+K8+M8+O8+Q8+S8+U8+W8+Y8+AA8+AC8+AE8+AG8 -> 1891 | AI8: 0 | AJ8: =IF((AI8-AI7)<0,"0",(AI8-AI7)) -> 0
A9: 44779 | B9: 1587634 | C9: =IF((B9-B8)<0,"0",(B9-B8)) -> 217 | D9: 33646904 | E9: =IF((D9-D8)<0,"0",(D9-D8)) -> 715 | F9: 73260 | G9: =IF((F9-F8)<0,"0",(F9-F8)) -> 149 | H9: 98609 | I9: =IF((H9-H8)<0,"0",(H9-H8)) -> 27 | J9: 184135 | K9: =IF((J9-J8)<0,"0",(J9-J8)) -> 1 | L9: 113187 | M9: =IF((L9-L8)<0,"0",(L9-L8)) -> 46 | N9: 649631 | O9: =IF((N9-N8)<0,"0",(N9-N8)) -> 55 | P9: 167763 | Q9: =IF((P9-P8)<0,"0",(P9-P8)) -> 0 | R9: 984825 | S9: =IF((R9-R8)<0,"0",(R9-R8)) -> 327 | T9: 81528 | U9: =IF((T9-T8)<0,"0",(T9-T8)) -> 25 | V9: 305810 | W9: =IF((V9-V8)<0,"0",(V9-V8)) -> 0 | X9: 31449 | Y9: =IF((X9-X8)<0,"0",(X9-X8)) -> 29 | Z9: 728490 | AA9: =IF((Z9-Z8)<0,"0",(Z9-Z8)) -> 93 | AB9: 1410 | AC9: =IF((AB9-AB8)<0,"0",(AB9-AB8)) -> 0 | AD9: 108379 | AE9: =IF((AD9-AD8)<0,"0",(AD9-AD8)) -> 206 | AF9: 1709 | AG9: =IF((AF9-AF8)<0,"0",(AF9-AF8)) -> 29 | AH9: =C9+E9+G9+I9+K9+M9+O9+Q9+S9+U9+W9+Y9+AA9+AC9+AE9+AG9 -> 1919 | AI9: 0 | AJ9: =IF((AI9-AI8)<0,"0",(AI9-AI8)) -> 0
A10: 44780 | B10: 1587830 | C10: =IF((B10-B9)<0,"0",(B10-B9)) -> 196 | D10: 33647636 | E10: =IF((D10-D9)<0,"0",(D10-D9)) -> 732 | F10: 73399 | G10: =IF((F10-F9)<0,"0",(F10-F9)) -> 139 | H10: 98639 | I10: =IF((H10-H9)<0,"0",(H10-H9)) -> 30 | J10: 184136 | K10: =IF((J10-J9)<0,"0",(J10-J9)) -> 1 | L10: 113238 | M10: =IF((L10-L9)<0,"0",(L10-L9)) -> 51 | N10: 649680 | O10: =IF((N10-N9)<0,"0",(N10-N9)) -> 49 | P10: 167763 | Q10: =IF((P10-P9)<0,"0",(P10-P9)) -> 0 | R10: 985100 | S10: =IF((R10-R9)<0,"0",(R10-R9)) -> 275 | T10: 81554 | U10: =IF((T10-T9)<0,"0",(T10-T9)) -> 26 | V10: 305810 | W10: =IF((V10-V9)<0,"0",(V10-V9)) -> 0 | X10: 31466 | Y10: =IF((X10-X9)<0,"0",(X10-X9)) -> 17 | Z10: 728547 | AA10: =IF((Z10-Z9)<0,"0",(Z10-Z9)) -> 57 | AB10: 1410 | AC10: =IF((AB10-AB9)<0,"0",(AB10-AB9)) -> 0 | AD10: 108559 | AE10: =IF((AD10-AD9)<0,"0",(AD10-AD9)) -> 180 | AF10: 1733 | AG10: =IF((AF10-AF9)<0,"0",(AF10-AF9)) -> 24 | AH10: =C10+E10+G10+I10+K10+M10+O10+Q10+S10+U10+W10+Y10+AA10+AC10+AE10+AG10 -> 1777 | AI10: 0 | AJ10: =IF((AI10-AI9)<0,"0",(AI10-AI9)) -> 0
A11: 44781 | B11: 1588014 | C11: =IF((B11-B10)<0,"0",(B11-B10)) -> 184 | D11: 33648519 | E11: =IF((D11-D10)<0,"0",(D11-D10)) -> 883 | F11: 73532 | G11: =IF((F11-F10)<0,"0",(F11-F10)) -> 133 | H11: 98667 | I11: =IF((H11-H10)<0,"0",(H11-H10)) -> 28 | J11: 184136 | K11: =IF((J11-J10)<0,"0",(J11-J10)) -> 0 | L11: 113295 | M11: =IF((L11-L10)<0,"0",(L11-L10)) -> 57 | N11: 649778 | O11: =IF((N11-N10)<0,"0",(N11-N10)) -> 98 | P11: 167763 | Q11: =IF((P11-P10)<0,"0",(P11-P10)) -> 0 | R11: 985425 | S11: =IF((R11-R10)<0,"0",(R11-R10)) -> 325 | T11: 81578 | U11: =IF((T11-T10)<0,"0",(T11-T10)) -> 24 | V11: 305810 | W11: =IF((V11-V10)<0,"0",(V11-V10)) -> 0 | X11: 31503 | Y11: =IF((X11-X10)<0,"0",(X11-X10)) -> 37 | Z11: 728634 | AA11: =IF((Z11-Z10)<0,"0",(Z11-Z10)) -> 87 | AB11: 1410 | AC11: =IF((AB11-AB10)<0,"0",(AB11-AB10)) -> 0 | AD11: 108758 | AE11: =IF((AD11-AD10)<0,"0",(AD11-AD10)) -> 199 | AF11: 1754 | AG11: =IF((AF11-AF10)<0,"0",(AF11-AF10)) -> 21 | AH11: =C11+E11+G11+I11+K11+M11+O11+Q11+S11+U11+W11+Y11+AA11+AC11+AE11+AG11 -> 2076 | AI11: 0 | AJ11: =IF((AI11-AI10)<0,"0",(AI11-AI10)) -> 0
A12: 44782 | B12: 1588208 | C12: =IF((B12-B11)<0,"0",(B12-B11)) -> 194 | D12: 33649220 | E12: =IF((D12-D11)<0,"0",(D12-D11)) -> 701 | F12: 73661 | G12: =IF((F12-F11)<0,"0",(F12-F11)) -> 129 | H12: 98690 | I12: =IF((H12-H11)<0,"0",(H12-H11)) -> 23 | J12: 184136 | K12: =IF((J12-J11)<0,"0",(J12-J11)) -> 0 | L12: 113362 | M12: =IF((L12-L11)<0,"0",(L12-L11)) -> 67 | N12: 649872 | O12: =IF((N12-N11)<0,"0",(N12-N11)) -> 94 | P12: 167763 | Q12: =IF((P12-P11)<0,"0",(P12-P11)) -> 0 | R12: 985705 | S12: =IF((R12-R11)<0,"0",(R12-R11)) -> 280 | T12: 81609 | U12: =IF((T12-T11)<0,"0",(T12-T11)) -> 31 | V12: 305810 | W12: =IF((V12-V11)<0,"0",(V12-V11)) -> 0 | X12: 31523 | Y12: =IF((X12-X11)<0,"0",(X12-X11)) -> 20 | Z12: 728706 | AA12: =IF((Z12-Z11)<0,"0",(Z12-Z11)) -> 72 | AB12: 1410 | AC12: =IF((AB12-AB11)<0,"0",(AB12-AB11)) -> 0 | AD12: 108967 | AE12: =IF((AD12-AD11)<0,"0",(AD12-AD11)) -> 209 | AF12: 1777 | AG12: =IF((AF12-AF11)<0,"0",(AF12-AF11)) -> 23 | AH12: =C12+E12+G12+I12+K12+M12+O12+Q12+S12+U12+W12+Y12+AA12+AC12+AE12+AG12 -> 1843 | AI12: 0 | AJ12: =IF((AI12-AI11)<0,"0",(AI12-AI11)) -> 0
A13: 44783 | B13: 1588455 | C13: =IF((B13-B12)<0,"0",(B13-B12)) -> 247 | D13: 33649896 | E13: =IF((D13-D12)<0,"0",(D13-D12)) -> 676 | F13: 73812 | G13: =IF((F13-F12)<0,"0",(F13-F12)) -> 151 | H13: 98720 | I13: =IF((H13-H12)<0,"0",(H13-H12)) -> 30 | J13: 184136 | K13: =IF((J13-J12)<0,"0",(J13-J12)) -> 0 | L13: 113417 | M13: =IF((L13-L12)<0,"0",(L13-L12)) -> 55 | N13: 649965 | O13: =IF((N13-N12)<0,"0",(N13-N12)) -> 93 | P13: 167763 | Q13: =IF((P13-P12)<0,"0",(P13-P12)) -> 0 | R13: 986004 | S13: =IF((R13-R12)<0,"0",(R13-R12)) -> 299 | T13: 81642 | U13: =IF((T13-T12)<0,"0",(T13-T12)) -> 33 | V13: 305810 | W13: =IF((V13-V12)<0,"0",(V13-V12)) -> 0 | X13: 31544 | Y13: =IF((X13-X12)<0,"0",(X13-X12)) -> 21 | Z13: 728783 | AA13: =IF((Z13-Z12)<0,"0",(Z13-Z12)) -> 77 | AB13: 1410 | AC13: =IF((AB13-AB12)<0,"0",(AB13-AB12)) -> 0 | AD13: 109160 | AE13: =IF((AD13-AD12)<0,"0",(AD13-AD12)) -> 193 | AF13: 1795 | AG13: =IF((AF13-AF12)<0,"0",(AF13-AF12)) -> 18 | AH13: =C13+E13+G13+I13+K13+M13+O13+Q13+S13+U13+W13+Y13+AA13+AC13+AE13+AG13 -> 1893 | AI13: 0 | AJ13: =IF((AI13-AI12)<0,"0",(AI13-AI12)) -> 0
A14: 44784 | B14: 1588604 | C14: =IF((B14-B13)<0,"0",(B14-B13)) -> 149 | D14: 33650399 | E14: =IF((D14-D13)<0,"0",(D14-D13)) -> 503 | F14: 73907 | G14: =IF((F14-F13)<0,"0",(F14-F13)) -> 95 | H14: 98739 | I14: =IF((H14-H13)<0,"0",(H14-H13)) -> 19 | J14: 184136 | K14: =IF((J14-J13)<0,"0",(J14-J13)) -> 0 | L14: 113471 | M14: =IF((L14-L13)<0,"0",(L14-L13)) -> 54 | N14: 650017 | O14: =IF((N14-N13)<0,"0",(N14-N13)) -> 52 | P14: 167763 | Q14: =IF((P14-P13)<0,"0",(P14-P13)) -> 0 | R14: 986272 | S14: =IF((R14-R13)<0,"0",(R14-R13)) -> 268 | T14: 81660 | U14: =IF((T14-T13)<0,"0",(T14-T13)) -> 18 | V14: 305810 | W14: =IF((V14-V13)<0,"0",(V14-V13)) -> 0 | X14: 31574 | Y14: =IF((X14-X13)<0,"0",(X14-X13)) -> 30 | Z14: 728859 | AA14: =IF((Z14-Z13)<0,"0",(Z14-Z13)) -> 76 | AB14: 1410 | AC14: =IF((AB14-AB13)<0,"0",(AB14-AB13)) -> 0 | AD14: 109353 | AE14: =IF((AD14-AD13)<0,"0",(AD14-AD13)) -> 193 | AF14: 1812 | AG14: =IF((AF14-AF13)<0,"0",(AF14-AF13)) -> 17 | AH14: =C14+E14+G14+I14+K14+M14+O14+Q14+S14+U14+W14+Y14+AA14+AC14+AE14+AG14 -> 1474 | AI14: 0 | AJ14: =IF((AI14-AI13)<0,"0",(AI14-AI13)) -> 0
A15: 44785 | B15: 1588795 | C15: =IF((B15-B14)<0,"0",(B15-B14)) -> 191 | D15: 33651250 | E15: =IF((D15-D14)<0,"0",(D15-D14)) -> 851 | F15: 74046 | G15: =IF((F15-F14)<0,"0",(F15-F14)) -> 139 | H15: 98765 | I15: =IF((H15-H14)<0,"0",(H15-H14)) -> 26 | J15: 184136 | K15: =IF((J15-J14)<0,"0",(J15-J14)) -> 0 | L15: 113529 | M15: =IF((L15-L14)<0,"0",(L15-L14)) -> 58 | N15: 650077 | O15: =IF((N15-N14)<0,"0",(N15-N14)) -> 60 | P15: 167763 | Q15: =IF((P15-P14)<0,"0",(P15-P14)) -> 0 | R15: 986587 | S15: =IF((R15-R14)<0,"0",(R15-R14)) -> 315 | T15: 81683 | U15: =IF((T15-T14)<0,"0",(T15-T14)) -> 23 | V15: 305810 | W15: =IF((V15-V14)<0,"0",(V15-V14)) -> 0 | X15: 31600 | Y15: =IF((X15-X14)<0,"0",(X15-X14)) -> 26 | Z15: 728923 | AA15: =IF((Z15-Z14)<0,"0",(Z15-Z14)) -> 64 | AB15: 1410 | AC15: =IF((AB15-AB14)<0,"0",(AB15-AB14)) -> 0 | AD15: 109572 | AE15: =IF((AD15-AD14)<0,"0",(AD15-AD14)) -> 219 | AF15: 1826 | AG15: =IF((AF15-AF14)<0,"0",(AF15-AF14)) -> 14 | AH15: =C15+E15+G15+I15+K15+M15+O15+Q15+S15+U15+W15+Y15+AA15+AC15+AE15+AG15 -> 1986 | AI15: 0 | AJ15: =IF((AI15-AI14)<0,"0",(AI15-AI14)) -> 0
... A34: 44804 | B34: 1593101 | C34: =IF((B34-B33)<0,"0",(B34-B33)) -> 162 | D34: 33664439 | E34: =IF((D34-D33)<0,"0",(D34-D33)) -> 657 | F34: 76651 | G34: =IF((F34-F33)<0,"0",(F34-F33)) -> 125 | H34: 99261 | I34: =IF((H34-H33)<0,"0",(H34-H33)) -> 30 | J34: 184168 | K34: =IF((J34-J33)<0,"0",(J34-J33)) -> 3 | L34: 114484 | M34: =IF((L34-L33)<0,"0",(L34-L33)) -> 52 | N34: 651939 | O34: =IF((N34-N33)<0,"0",(N34-N33)) -> 142 | P34: 167764 | Q34: =IF((P34-P33)<0,"0",(P34-P33)) -> 0 | R34: 992108 | S34: =IF((R34-R33)<0,"0",(R34-R33)) -> 255 | T34: 82252 | U34: =IF((T34-T33)<0,"0",(T34-T33)) -> 28 | V34: 305810 | W34: =IF((V34-V33)<0,"0",(V34-V33)) -> 0 | X34: 32183 | Y34: =IF((X34-X33)<0,"0",(X34-X33)) -> 30 | Z34: 731138 | AA34: =IF((Z34-Z33)<0,"0",(Z34-Z33)) -> 126 | AB34: 1410 | AC34: =IF((AB34-AB33)<0,"0",(AB34-AB33)) -> 0 | AD34: 113400 | AE34: =IF((AD34-AD33)<0,"0",(AD34-AD33)) -> 209 | AF34: 1982 | AG34: =IF((AF34-AF33)<0,"0",(AF34-AF33)) -> 0 | AH34: =C34+E34+G34+I34+K34+M34+O34+Q34+S34+U34+W34+Y34+AA34+AC34+AE34+AG34 -> 1819 | AI34: 0 | AJ34: =IF((AI34-AI33)<0,"0",(AI34-AI33)) -> 0
