Workbook

Sheet TOTAL
A1: Site Name | B1: Day | C1: Month | D1: Year | E1: Total Electricity Kwh | F1: Electricity Tariff ($/Kwh) | G1: Natual Gas (m3) | H1: Natural Gas $/m3 | I1: Water Utility Supply (m3) m3 | J1: Water Utility Supply (m3) $/m3 | K1: Room Nights
A2: Cairo at Nile Plaza | B2: 1 | C2: 8 | D2: 2022 | E2: =(((Submetering!O2+Submetering!P2)*0.842284+Submetering!Q2+(Submetering!M2+Submetering!N2+Submetering!Y2)*0.7362)+(Submetering!O2+Submetering!P2+Submetering!Q2)*0.1488+(Submetering!M2+Submetering!N2+Submetering!Y2)*0.1167+(Submetering!K2+Submetering!L2-Submetering!Z2-Submetering!AA2-Submetering!AB2-Submetering!AC2-Submetering!Q2)+(Submetering!M2+Submetering!N2+Submetering!Y2)*0.1139) -> 84560.416 | F2: 1.27 | G2: =Gas!C3*0.9147 -> 1906.2348 | H2: 3.65 | I2: =Submetering!H2+Submetering!AD2+Submetering!AE2 -> 1036 | J2: 10.03 | K2: =ELECT.!B3 -> 0
A3: Cairo at Nile Plaza | B3: =B2+1 -> 2 | C3: 8 | D3: 2022 | E3: =(((Submetering!O3+Submetering!P3)*0.842284+Submetering!Q3+(Submetering!M3+Submetering!N3+Submetering!Y3)*0.7362)+(Submetering!O3+Submetering!P3+Submetering!Q3)*0.1488+(Submetering!M3+Submetering!N3+Submetering!Y3)*0.1167+(Submetering!K3+Submetering!L3-Submetering!Z3-Submetering!AA3-Submetering!AB3-Submetering!AC3-Submetering!Q3)+(Submetering!M3+Submetering!N3+Submetering!Y3)*0.1139) -> 64846.019 | F3: 1.27 | G3: =Gas!C4*0.9147 -> 1973.0079 | H3: 3.65 | I3: =Submetering!H3+Submetering!AD3+Submetering!AE3 -> 796 | J3: 10.03 | K3: =ELECT.!B4 -> 195
A4: Cairo at Nile Plaza | B4: =B3+1 -> 3 | C4: 8 | D4: 2022 | E4: =(((Submetering!O4+Submetering!P4)*0.842284+Submetering!Q4+(Submetering!M4+Submetering!N4+Submetering!Y4)*0.7362)+(Submetering!O4+Submetering!P4+Submetering!Q4)*0.1488+(Submetering!M4+Submetering!N4+Submetering!Y4)*0.1167+(Submetering!K4+Submetering!L4-Submetering!Z4-Submetering!AA4-Submetering!AB4-Submetering!AC4-Submetering!Q4)+(Submetering!M4+Submetering!N4+Submetering!Y4)*0.1139) -> 78015.971 | F4: 1.27 | G4: =Gas!C5*0.9147 -> 1877.8791 | H4: 3.65 | I4: =Submetering!H4+Submetering!AD4+Submetering!AE4 -> 1016 | J4: 10.03 | K4: =ELECT.!B5 -> 180
A5: Cairo at Nile Plaza | B5: =B4+1 -> 4 | C5: 8 | D5: 2022 | E5: =(((Submetering!O5+Submetering!P5)*0.842284+Submetering!Q5+(Submetering!M5+Submetering!N5+Submetering!Y5)*0.7362)+(Submetering!O5+Submetering!P5+Submetering!Q5)*0.1488+(Submetering!M5+Submetering!N5+Submetering!Y5)*0.1167+(Submetering!K5+Submetering!L5-Submetering!Z5-Submetering!AA5-Submetering!AB5-Submetering!AC5-Submetering!Q5)+(Submetering!M5+Submetering!N5+Submetering!Y5)*0.1139) -> 91948.48 | F5: 1.27 | G5: =Gas!C6*0.9147 -> 2274.8589 | H5: 3.65 | I5: =Submetering!H5+Submetering!AD5+Submetering!AE5 -> 1686 | J5: 10.03 | K5: =ELECT.!B6 -> 201
A6: Cairo at Nile Plaza | B6: =B5+1 -> 5 | C6: 8 | D6: 2022 | E6: =(((Submetering!O6+Submetering!P6)*0.842284+Submetering!Q6+(Submetering!M6+Submetering!N6+Submetering!Y6)*0.7362)+(Submetering!O6+Submetering!P6+Submetering!Q6)*0.1488+(Submetering!M6+Submetering!N6+Submetering!Y6)*0.1167+(Submetering!K6+Submetering!L6-Submetering!Z6-Submetering!AA6-Submetering!AB6-Submetering!AC6-Submetering!Q6)+(Submetering!M6+Submetering!N6+Submetering!Y6)*0.1139) -> 81554.591 | F6: 1.27 | G6: =Gas!C7*0.9147 -> 1224.7833 | H6: 3.65 | I6: =Submetering!H6+Submetering!AD6+Submetering!AE6 -> 626 | J6: 10.03 | K6: =ELECT.!B7 -> 198
A7: Cairo at Nile Plaza | B7: =B6+1 -> 6 | C7: 8 | D7: 2022 | E7: =(((Submetering!O7+Submetering!P7)*0.842284+Submetering!Q7+(Submetering!M7+Submetering!N7+Submetering!Y7)*0.7362)+(Submetering!O7+Submetering!P7+Submetering!Q7)*0.1488+(Submetering!M7+Submetering!N7+Submetering!Y7)*0.1167+(Submetering!K7+Submetering!L7-Submetering!Z7-Submetering!AA7-Submetering!AB7-Submetering!AC7-Submetering!Q7)+(Submetering!M7+Submetering!N7+Submetering!Y7)*0.1139) -> 57165.184 | F7: 1.27 | G7: =Gas!C8*0.9147 -> 1317.168 | H7: 3.65 | I7: =Submetering!H7+Submetering!AD7+Submetering!AE7 -> -104 | J7: 10.03 | K7: =ELECT.!B8 -> 195
A8: Cairo at Nile Plaza | B8: =B7+1 -> 7 | C8: 8 | D8: 2022 | E8: =(((Submetering!O8+Submetering!P8)*0.842284+Submetering!Q8+(Submetering!M8+Submetering!N8+Submetering!Y8)*0.7362)+(Submetering!O8+Submetering!P8+Submetering!Q8)*0.1488+(Submetering!M8+Submetering!N8+Submetering!Y8)*0.1167+(Submetering!K8+Submetering!L8-Submetering!Z8-Submetering!AA8-Submetering!AB8-Submetering!AC8-Submetering!Q8)+(Submetering!M8+Submetering!N8+Submetering!Y8)*0.1139) -> 83503.326 | F8: 1.27 | G8: =Gas!C9*0.9147 -> 1249.4802 | H8: 3.65 | I8: =Submetering!H8+Submetering!AD8+Submetering!AE8 -> 636 | J8: 10.03 | K8: =ELECT.!B9 -> 185
A9: Cairo at Nile Plaza | B9: =B8+1 -> 8 | C9: 8 | D9: 2022 | E9: =(((Submetering!O9+Submetering!P9)*0.842284+Submetering!Q9+(Submetering!M9+Submetering!N9+Submetering!Y9)*0.7362)+(Submetering!O9+Submetering!P9+Submetering!Q9)*0.1488+(Submetering!M9+Submetering!N9+Submetering!Y9)*0.1167+(Submetering!K9+Submetering!L9-Submetering!Z9-Submetering!AA9-Submetering!AB9-Submetering!AC9-Submetering!Q9)+(Submetering!M9+Submetering!N9+Submetering!Y9)*0.1139) -> 86978.515 | F9: 1.27 | G9: =Gas!C10*0.9147 -> 1887.0261 | H9: 3.65 | I9: =Submetering!H9+Submetering!AD9+Submetering!AE9 -> 836 | J9: 10.03 | K9: =ELECT.!B10 -> 245
A10: Cairo at Nile Plaza | B10: =B9+1 -> 9 | C10: 8 | D10: 2022 | E10: =(((Submetering!O10+Submetering!P10)*0.842284+Submetering!Q10+(Submetering!M10+Submetering!N10+Submetering!Y10)*0.7362)+(Submetering!O10+Submetering!P10+Submetering!Q10)*0.1488+(Submetering!M10+Submetering!N10+Submetering!Y10)*0.1167+(Submetering!K10+Submetering!L10-Submetering!Z10-Submetering!AA10-Submetering!AB10-Submetering!AC10-Submetering!Q10)+(Submetering!M10+Submetering!N10+Submetering!Y10)*0.1139) -> 68027.62 | F10: 1.27 | G10: =Gas!C11*0.9147 -> 1801.0443 | H10: 3.65 | I10: =Submetering!H10+Submetering!AD10+Submetering!AE10 -> 806 | J10: 10.03 | K10: =ELECT.!B11 -> 203
A11: Cairo at Nile Plaza | B11: =B10+1 -> 10 | C11: 8 | D11: 2022 | E11: =(((Submetering!O11+Submetering!P11)*0.842284+Submetering!Q11+(Submetering!M11+Submetering!N11+Submetering!Y11)*0.7362)+(Submetering!O11+Submetering!P11+Submetering!Q11)*0.1488+(Submetering!M11+Submetering!N11+Submetering!Y11)*0.1167+(Submetering!K11+Submetering!L11-Submetering!Z11-Submetering!AA11-Submetering!AB11-Submetering!AC11-Submetering!Q11)+(Submetering!M11+Submetering!N11+Submetering!Y11)*0.1139) -> 66002.122 | F11: 1.27 | G11: =Gas!C12*0.9147 -> 1670.2422 | H11: 3.65 | I11: =Submetering!H11+Submetering!AD11+Submetering!AE11 -> 786 | J11: 10.03 | K11: =ELECT.!B12 -> 234
A12: Cairo at Nile Plaza | B12: =B11+1 -> 11 | C12: 8 | D12: 2022 | E12: =(((Submetering!O12+Submetering!P12)*0.842284+Submetering!Q12+(Submetering!M12+Submetering!N12+Submetering!Y12)*0.7362)+(Submetering!O12+Submetering!P12+Submetering!Q12)*0.1488+(Submetering!M12+Submetering!N12+Submetering!Y12)*0.1167+(Submetering!K12+Submetering!L12-Submetering!Z12-Submetering!AA12-Submetering!AB12-Submetering!AC12-Submetering!Q12)+(Submetering!M12+Submetering!N12+Submetering!Y12)*0.1139) -> 104692.76 | F12: 1.27 | G12: =Gas!C13*0.9147 -> 1706.8302 | H12: 3.65 | I12: =Submetering!H12+Submetering!AD12+Submetering!AE12 -> 1006 | J12: 10.03 | K12: =ELECT.!B13 -> 222
A13: Cairo at Nile Plaza | B13: =B12+1 -> 12 | C13: 8 | D13: 2022 | E13: =(((Submetering!O13+Submetering!P13)*0.842284+Submetering!Q13+(Submetering!M13+Submetering!N13+Submetering!Y13)*0.7362)+(Submetering!O13+Submetering!P13+Submetering!Q13)*0.1488+(Submetering!M13+Submetering!N13+Submetering!Y13)*0.1167+(Submetering!K13+Submetering!L13-Submetering!Z13-Submetering!AA13-Submetering!AB13-Submetering!AC13-Submetering!Q13)+(Submetering!M13+Submetering!N13+Submetering!Y13)*0.1139) -> 66811.583 | F13: 1.27 | G13: =Gas!C14*0.9147 -> 1511.0844 | H13: 3.65 | I13: =Submetering!H13+Submetering!AD13+Submetering!AE13 -> 906 | J13: 10.03 | K13: =ELECT.!B14 -> 245
A14: Cairo at Nile Plaza | B14: =B13+1 -> 13 | C14: 8 | D14: 2022 | E14: =(((Submetering!O14+Submetering!P14)*0.842284+Submetering!Q14+(Submetering!M14+Submetering!N14+Submetering!Y14)*0.7362)+(Submetering!O14+Submetering!P14+Submetering!Q14)*0.1488+(Submetering!M14+Submetering!N14+Submetering!Y14)*0.1167+(Submetering!K14+Submetering!L14-Submetering!Z14-Submetering!AA14-Submetering!AB14-Submetering!AC14-Submetering!Q14)+(Submetering!M14+Submetering!N14+Submetering!Y14)*0.1139) -> 75219.952 | F14: 1.27 | G14: =Gas!C15*0.9147 -> 2232.7827 | H14: 3.65 | I14: =Submetering!H14+Submetering!AD14+Submetering!AE14 -> 866 | J14: 10.03 | K14: =ELECT.!B15 -> 218
... A17: Cairo at Nile Plaza | B17: =B16+1 -> 16 | C17: 8 | D17: 2022 | E17: =(((Submetering!O17+Submetering!P17)*0.842284+Submetering!Q17+(Submetering!M17+Submetering!N17+Submetering!Y17)*0.7362)+(Submetering!O17+Submetering!P17+Submetering!Q17)*0.1488+(Submetering!M17+Submetering!N17+Submetering!Y17)*0.1167+(Submetering!K17+Submetering!L17-Submetering!Z17-Submetering!AA17-Submetering!AB17-Submetering!AC17-Submetering!Q17)+(Submetering!M17+Submetering!N17+Submetering!Y17)*0.1139) -> 62741.829 | F17: 1.27 | G17: =Gas!C18*0.9147 -> 1648.2894 | H17: 3.65 | I17: =Submetering!H17+Submetering!AD17+Submetering!AE17 -> 906 | J17: 10.03 | K17: =ELECT.!B18 -> 107
A18: Cairo at Nile Plaza | B18: =B17+1 -> 17 | C18: 8 | D18: 2022 | E18: =(((Submetering!O18+Submetering!P18)*0.842284+Submetering!Q18+(Submetering!M18+Submetering!N18+Submetering!Y18)*0.7362)+(Submetering!O18+Submetering!P18+Submetering!Q18)*0.1488+(Submetering!M18+Submetering!N18+Submetering!Y18)*0.1167+(Submetering!K18+Submetering!L18-Submetering!Z18-Submetering!AA18-Submetering!AB18-Submetering!AC18-Submetering!Q18)+(Submetering!M18+Submetering!N18+Submetering!Y18)*0.1139) -> 88313.335 | F18: 1.27 | G18: =Gas!C19*0.9147 -> 1632.7395 | H18: 3.65 | I18: =Submetering!H18+Submetering!AD18+Submetering!AE18 -> 996 | J18: 10.03 | K18: 231
A19: Cairo at Nile Plaza | B19: =B18+1 -> 18 | C19: 8 | D19: 2022 | E19: =(((Submetering!O19+Submetering!P19)*0.842284+Submetering!Q19+(Submetering!M19+Submetering!N19+Submetering!Y19)*0.7362)+(Submetering!O19+Submetering!P19+Submetering!Q19)*0.1488+(Submetering!M19+Submetering!N19+Submetering!Y19)*0.1167+(Submetering!K19+Submetering!L19-Submetering!Z19-Submetering!AA19-Submetering!AB19-Submetering!AC19-Submetering!Q19)+(Submetering!M19+Submetering!N19+Submetering!Y19)*0.1139) -> 63465.578 | F19: 1.27 | G19: =Gas!C20*0.9147 -> 1684.8774 | H19: 3.65 | I19: =Submetering!H19+Submetering!AD19+Submetering!AE19 -> 896 | J19: 10.03 | K19: =ELECT.!B20 -> 155
A20: Cairo at Nile Plaza | B20: =B19+1 -> 19 | C20: 8 | D20: 2022 | E20: =(((Submetering!O20+Submetering!P20)*0.842284+Submetering!Q20+(Submetering!M20+Submetering!N20+Submetering!Y20)*0.7362)+(Submetering!O20+Submetering!P20+Submetering!Q20)*0.1488+(Submetering!M20+Submetering!N20+Submetering!Y20)*0.1167+(Submetering!K20+Submetering!L20-Submetering!Z20-Submetering!AA20-Submetering!AB20-Submetering!AC20-Submetering!Q20)+(Submetering!M20+Submetering!N20+Submetering!Y20)*0.1139) -> 82897.442 | F20: 1.27 | G20: =Gas!C21*0.9147 -> 1448.8848 | H20: 3.65 | I20: =Submetering!H20+Submetering!AD20+Submetering!AE20 -> 976 | J20: 10.03 | K20: =ELECT.!B21 -> 160
A21: Cairo at Nile Plaza | B21: =B20+1 -> 20 | C21: 8 | D21: 2022 | E21: =(((Submetering!O21+Submetering!P21)*0.842284+Submetering!Q21+(Submetering!M21+Submetering!N21+Submetering!Y21)*0.7362)+(Submetering!O21+Submetering!P21+Submetering!Q21)*0.1488+(Submetering!M21+Submetering!N21+Submetering!Y21)*0.1167+(Submetering!K21+Submetering!L21-Submetering!Z21-Submetering!AA21-Submetering!AB21-Submetering!AC21-Submetering!Q21)+(Submetering!M21+Submetering!N21+Submetering!Y21)*0.1139) -> 73111.027 | F21: 1.27 | G21: =Gas!C22*0.9147 -> 2018.7429 | H21: 3.65 | I21: =Submetering!H21+Submetering!AD21+Submetering!AE21 -> 1086 | J21: 10.03 | K21: =ELECT.!B22 -> 152
A22: Cairo at Nile Plaza | B22: =B21+1 -> 21 | C22: 8 | D22: 2022 | E22: =(((Submetering!O22+Submetering!P22)*0.842284+Submetering!Q22+(Submetering!M22+Submetering!N22+Submetering!Y22)*0.7362)+(Submetering!O22+Submetering!P22+Submetering!Q22)*0.1488+(Submetering!M22+Submetering!N22+Submetering!Y22)*0.1167+(Submetering!K22+Submetering!L22-Submetering!Z22-Submetering!AA22-Submetering!AB22-Submetering!AC22-Submetering!Q22)+(Submetering!M22+Submetering!N22+Submetering!Y22)*0.1139) -> 88830.94 | F22: 1.27 | G22: =Gas!C23*0.9147 -> 1798.3002 | H22: 3.65 | I22: =Submetering!H22+Submetering!AD22+Submetering!AE22 -> 1016 | J22: 10.03 | K22: =ELECT.!B23 -> 226
A23: Cairo at Nile Plaza | B23: =B22+1 -> 22 | C23: 8 | D23: 2022 | E23: =(((Submetering!O23+Submetering!P23)*0.842284+Submetering!Q23+(Submetering!M23+Submetering!N23+Submetering!Y23)*0.7362)+(Submetering!O23+Submetering!P23+Submetering!Q23)*0.1488+(Submetering!M23+Submetering!N23+Submetering!Y23)*0.1167+(Submetering!K23+Submetering!L23-Submetering!Z23-Submetering!AA23-Submetering!AB23-Submetering!AC23-Submetering!Q23)+(Submetering!M23+Submetering!N23+Submetering!Y23)*0.1139) -> 73378.36 | F23: 1.27 | G23: =Gas!C24*0.9147 -> 2784.3468 | H23: 3.65 | I23: =Submetering!H23+Submetering!AD23+Submetering!AE23 -> 826 | J23: 10.03 | K23: =ELECT.!B24 -> 225
A24: Cairo at Nile Plaza | B24: =B23+1 -> 23 | C24: 8 | D24: 2022 | E24: =(((Submetering!O24+Submetering!P24)*0.842284+Submetering!Q24+(Submetering!M24+Submetering!N24+Submetering!Y24)*0.7362)+(Submetering!O24+Submetering!P24+Submetering!Q24)*0.1488+(Submetering!M24+Submetering!N24+Submetering!Y24)*0.1167+(Submetering!K24+Submetering!L24-Submetering!Z24-Submetering!AA24-Submetering!AB24-Submetering!AC24-Submetering!Q24)+(Submetering!M24+Submetering!N24+Submetering!Y24)*0.1139) -> 62335.986 | F24: 1.27 | G24: =Gas!C25*0.9147 -> 1434.2496 | H24: 3.65 | I24: =Submetering!H24+Submetering!AD24+Submetering!AE24 -> 1106 | J24: 10.03 | K24: =ELECT.!B25 -> 175
A25: Cairo at Nile Plaza | B25: =B24+1 -> 24 | C25: 8 | D25: 2022 | E25: =(((Submetering!O25+Submetering!P25)*0.842284+Submetering!Q25+(Submetering!M25+Submetering!N25+Submetering!Y25)*0.7362)+(Submetering!O25+Submetering!P25+Submetering!Q25)*0.1488+(Submetering!M25+Submetering!N25+Submetering!Y25)*0.1167+(Submetering!K25+Submetering!L25-Submetering!Z25-Submetering!AA25-Submetering!AB25-Submetering!AC25-Submetering!Q25)+(Submetering!M25+Submetering!N25+Submetering!Y25)*0.1139) -> 82134.847 | F25: 1.27 | G25: =Gas!C26*0.9147 -> 1477.2405 | H25: 3.65 | I25: =Submetering!H25+Submetering!AD25+Submetering!AE25 -> 816 | J25: 10.03 | K25: =ELECT.!B26 -> 177
A26: Cairo at Nile Plaza | B26: =B25+1 -> 25 | C26: 8 | D26: 2022 | E26: =(((Submetering!O26+Submetering!P26)*0.842284+Submetering!Q26+(Submetering!M26+Submetering!N26+Submetering!Y26)*0.7362)+(Submetering!O26+Submetering!P26+Submetering!Q26)*0.1488+(Submetering!M26+Submetering!N26+Submetering!Y26)*0.1167+(Submetering!K26+Submetering!L26-Submetering!Z26-Submetering!AA26-Submetering!AB26-Submetering!AC26-Submetering!Q26)+(Submetering!M26+Submetering!N26+Submetering!Y26)*0.1139) -> 75821.706 | F26: 1.27 | G26: =Gas!C27*0.9147 -> 2541.0366 | H26: 3.65 | I26: =Submetering!H26+Submetering!AD26+Submetering!AE26 -> 866 | J26: 10.03 | K26: =ELECT.!B27 -> 180
A27: Cairo at Nile Plaza | B27: =B26+1 -> 26 | C27: 8 | D27: 2022 | E27: =(((Submetering!O27+Submetering!P27)*0.842284+Submetering!Q27+(Submetering!M27+Submetering!N27+Submetering!Y27)*0.7362)+(Submetering!O27+Submetering!P27+Submetering!Q27)*0.1488+(Submetering!M27+Submetering!N27+Submetering!Y27)*0.1167+(Submetering!K27+Submetering!L27-Submetering!Z27-Submetering!AA27-Submetering!AB27-Submetering!AC27-Submetering!Q27)+(Submetering!M27+Submetering!N27+Submetering!Y27)*0.1139) -> 88873.032 | F27: 1.27 | G27: =Gas!C28*0.9147 -> 1826.6559 | H27: 3.65 | I27: =Submetering!H27+Submetering!AD27+Submetering!AE27 -> 746 | J27: 10.03 | K27: =ELECT.!B28 -> 188
A28: Cairo at Nile Plaza | B28: =B27+1 -> 27 | C28: 8 | D28: 2022 | E28: =(((Submetering!O28+Submetering!P28)*0.842284+Submetering!Q28+(Submetering!M28+Submetering!N28+Submetering!Y28)*0.7362)+(Submetering!O28+Submetering!P28+Submetering!Q28)*0.1488+(Submetering!M28+Submetering!N28+Submetering!Y28)*0.1167+(Submetering!K28+Submetering!L28-Submetering!Z28-Submetering!AA28-Submetering!AB28-Submetering!AC28-Submetering!Q28)+(Submetering!M28+Submetering!N28+Submetering!Y28)*0.1139) -> 66711.951 | F28: 1.27 | G28: =Gas!C29*0.9147 -> 1727.8683 | H28: 3.65 | I28: =Submetering!H28+Submetering!AD28+Submetering!AE28 -> 866 | J28: 10.03 | K28: =ELECT.!B29 -> 154
A29: Cairo at Nile Plaza | B29: =B28+1 -> 28 | C29: 8 | D29: 2022 | E29: =(((Submetering!O29+Submetering!P29)*0.842284+Submetering!Q29+(Submetering!M29+Submetering!N29+Submetering!Y29)*0.7362)+(Submetering!O29+Submetering!P29+Submetering!Q29)*0.1488+(Submetering!M29+Submetering!N29+Submetering!Y29)*0.1167+(Submetering!K29+Submetering!L29-Submetering!Z29-Submetering!AA29-Submetering!AB29-Submetering!AC29-Submetering!Q29)+(Submetering!M29+Submetering!N29+Submetering!Y29)*0.1139) -> 81168.071 | F29: 1.27 | G29: =Gas!C30*0.9147 -> 648.5223 | H29: 3.65 | I29: =Submetering!H29+Submetering!AD29+Submetering!AE29 -> 806 | J29: 10.03 | K29: =ELECT.!B30 -> 212
A30: Cairo at Nile Plaza | B30: =B29+1 -> 29 | C30: 8 | D30: 2022 | E30: =(((Submetering!O30+Submetering!P30)*0.842284+Submetering!Q30+(Submetering!M30+Submetering!N30+Submetering!Y30)*0.7362)+(Submetering!O30+Submetering!P30+Submetering!Q30)*0.1488+(Submetering!M30+Submetering!N30+Submetering!Y30)*0.1167+(Submetering!K30+Submetering!L30-Submetering!Z30-Submetering!AA30-Submetering!AB30-Submetering!AC30-Submetering!Q30)+(Submetering!M30+Submetering!N30+Submetering!Y30)*0.1139) -> 87558.192 | F30: 1.27 | G30: =Gas!C31*0.9147 -> 1765.371 | H30: 3.65 | I30: =Submetering!H30+Submetering!AD30+Submetering!AE30 -> 786 | J30: 10.03 | K30: =ELECT.!B31 -> 197
... A32: Cairo at Nile Plaza | B32: =B31+1 -> 31 | C32: 8 | D32: 2022 | E32: =(((Submetering!O32+Submetering!P32)*0.842284+Submetering!Q32+(Submetering!M32+Submetering!N32+Submetering!Y32)*0.7362)+(Submetering!O32+Submetering!P32+Submetering!Q32)*0.1488+(Submetering!M32+Submetering!N32+Submetering!Y32)*0.1167+(Submetering!K32+Submetering!L32-Submetering!Z32-Submetering!AA32-Submetering!AB32-Submetering!AC32-Submetering!Q32)+(Submetering!M32+Submetering!N32+Submetering!Y32)*0.1139) -> 92503.112 | F32: 1.27 | G32: =Gas!C33*0.9147 -> 1603.4691 | H32: 3.65 | I32: =Submetering!H32+Submetering!AD32+Submetering!AE32 -> 906 | J32: 10.03 | K32: =ELECT.!B33 -> 230

Sheet Submetering
A1: Site Name | B1: Day | C1: Month | D1: Year | E1: Main (m3) | F1: Podium (m3) | G1: Hotel (m3) | H1: Large (m3) | I1: Feeder 1 (KWh) | J1: Feeder 2 (KWh) | K1: T1 (KWh) | L1: T2 (KWh) | M1: T3 (KWh) | N1: T4 (KWh) | O1: T5 (KWh) | P1: T7 (KWh) | Q1: New Chiller (KWh) | R1: Hotel (BTU) | S1: B.S (BTU) | T1: LS (BTU) | U1: Mall (BTU) | V1: AHU#25 (BTU) | W1: AHU#9 (BTU) | X1: Room Nights | Y1: Loss (KWH) | Z1: Mall (KWH) | AA1: Citadel (KWH) | AB1: Rotana (KWH) | AC1: CIB (KWH) | AD1: Plaza suits water consumption (M3) | AE1: Hotel water consumption (M3)
A2: Cairo at Nile Plaza | B2: 1 | C2: 8 | D2: 2022 | E2: =Water!C3 -> 1230 | F2: =Water!E3 -> 480 | G2: =Water!G3 -> 639.9 | H2: =Water!I3 -> 3.456 | I2: =ELECT.!F3 -> 27470 | J2: =ELECT.!H3 -> 59901 | K2: =ELECT.!K3 -> 13974 | L2: =ELECT.!M3 -> 7313 | M2: =ELECT.!O3 -> 20004 | N2: =ELECT.!Q3 -> 15489 | O2: =ELECT.!S3 -> 11486 | P2: =ELECT.!W3*2 -> 25516 | Q2: =ELECT.!D3 -> 960 | R2: =BTU!C3 -> 15.762 | S2: =BTU!F3 -> 3.746 | T2: =BTU!I3 -> 8 | U2: =BTU!O3 -> 1.944 | V2: =BTU!L3 -> 2.78 | W2: =BTU!R3 -> 0 | X2: =ELECT.!B3 -> 0 | Y2: =I2+J2-(K2+L2+M2+N2+O2+P2) -> -6411 | Z2: ='Mall, Citadel, Rotana'!C3+'Mall, Citadel, Rotana'!E3+'Mall, Citadel, Rotana'!G3+'Mall, Citadel, Rotana'!I3 -> 1017 | AA2: ='Mall, Citadel, Rotana'!K3+'Mall, Citadel, Rotana'!M3 -> 414 | AB2: ='Mall, Citadel, Rotana'!O3 -> 3 | AC2: ='Mall, Citadel, Rotana'!Q3+'Mall, Citadel, Rotana'!S3 -> 224 | AD2: =(E2-H2-194)*0.1318 -> 136.0893 | AE2: =E2-H2-AD2-194 -> 896.4547
A3: Cairo at Nile Plaza | B3: =B2+1 -> 2 | C3: 8 | D3: 2022 | E3: =Water!C4 -> 990 | F3: =Water!E4 -> 320 | G3: =Water!G4 -> 588.6 | H3: =Water!I4 -> 3.132 | I3: =ELECT.!F4 -> 20689 | J3: =ELECT.!H4 -> 47057 | K3: =ELECT.!K4 -> 9950 | L3: =ELECT.!M4 -> 5657 | M3: =ELECT.!O4 -> 14832 | N3: =ELECT.!Q4 -> 11860 | O3: =ELECT.!S4 -> 8818 | P3: =ELECT.!W4*2 -> 20370 | Q3: =ELECT.!D4 -> 640 | R3: =BTU!C4 -> 13.223 | S3: =BTU!F4 -> 2.708 | T3: =BTU!I4 -> 7 | U3: =BTU!O4 -> 1.966 | V3: =BTU!L4 -> 2.2 | W3: =BTU!R4 -> 1.83 | X3: =ELECT.!B4 -> 195 | Y3: =I3+J3-(K3+L3+M3+N3+O3+P3) -> -3741 | Z3: ='Mall, Citadel, Rotana'!C4+'Mall, Citadel, Rotana'!E4+'Mall, Citadel, Rotana'!G4+'Mall, Citadel, Rotana'!I4 -> 1412 | AA3: ='Mall, Citadel, Rotana'!K4+'Mall, Citadel, Rotana'!M4 -> 422 | AB3: ='Mall, Citadel, Rotana'!O4 -> 4 | AC3: ='Mall, Citadel, Rotana'!Q4+'Mall, Citadel, Rotana'!S4 -> 135 | AD3: =(E3-H3-194)*0.1318 -> 104.5 | AE3: =E3-H3-AD3-194 -> 688.368
A4: Cairo at Nile Plaza | B4: =B3+1 -> 3 | C4: 8 | D4: 2022 | E4: =Water!C5 -> 1210 | F4: =Water!E5 -> 440 | G4: =Water!G5 -> 669.6 | H4: =Water!I5 -> 3.861 | I4: =ELECT.!F5 -> 24437 | J4: =ELECT.!H5 -> 56297 | K4: =ELECT.!K5 -> 11578 | L4: =ELECT.!M5 -> 6850 | M4: =ELECT.!O5 -> 17382 | N4: =ELECT.!Q5 -> 13976 | O4: =ELECT.!S5 -> 10651 | P4: =ELECT.!W5*2 -> 24652 | Q4: =ELECT.!D5 -> 640 | R4: =BTU!C5 -> 14.973 | S4: =BTU!F5 -> 3.925 | T4: =BTU!I5 -> 9 | U4: =BTU!O5 -> 2.042 | V4: =BTU!L5 -> 2.67 | W4: =BTU!R5 -> 1.2 | X4: =ELECT.!B5 -> 180 | Y4: =I4+J4-(K4+L4+M4+N4+O4+P4) -> -4355 | Z4: ='Mall, Citadel, Rotana'!C5+'Mall, Citadel, Rotana'!E5+'Mall, Citadel, Rotana'!G5+'Mall, Citadel, Rotana'!I5 -> 1250 | AA4: ='Mall, Citadel, Rotana'!K5+'Mall, Citadel, Rotana'!M5 -> 349 | AB4: ='Mall, Citadel, Rotana'!O5 -> 3 | AC4: ='Mall, Citadel, Rotana'!Q5+'Mall, Citadel, Rotana'!S5 -> 0 | AD4: =(E4-H4-194)*0.1318 -> 133.39992 | AE4: =E4-H4-AD4-194 -> 878.73908
A5: Cairo at Nile Plaza | B5: =B4+1 -> 4 | C5: 8 | D5: 2022 | E5: =Water!C6 -> 1880 | F5: =Water!E6 -> 450 | G5: =Water!G6 -> 580.5 | H5: =Water!I6 -> 3.618 | I5: =ELECT.!F6 -> 29027 | J5: =ELECT.!H6 -> 66155 | K5: =ELECT.!K6 -> 13402 | L5: =ELECT.!M6 -> 8076 | M5: =ELECT.!O6 -> 20722 | N5: =ELECT.!Q6 -> 16273 | O5: =ELECT.!S6 -> 12875 | P5: =ELECT.!W6*2 -> 28890 | Q5: =ELECT.!D6 -> 640 | R5: =BTU!C6 -> 15.926 | S5: =BTU!F6 -> 4.111 | T5: =BTU!I6 -> 10 | U5: =BTU!O6 -> 1.991 | V5: =BTU!L6 -> 2.63 | W5: =BTU!R6 -> 3.74 | X5: =ELECT.!B6 -> 201 | Y5: =I5+J5-(K5+L5+M5+N5+O5+P5) -> -5056 | Z5: ='Mall, Citadel, Rotana'!C6+'Mall, Citadel, Rotana'!E6+'Mall, Citadel, Rotana'!G6+'Mall, Citadel, Rotana'!I6 -> 1549 | AA5: ='Mall, Citadel, Rotana'!K6+'Mall, Citadel, Rotana'!M6 -> 344 | AB5: ='Mall, Citadel, Rotana'!O6 -> 3 | AC5: ='Mall, Citadel, Rotana'!Q6+'Mall, Citadel, Rotana'!S6 -> 0 | AD5: =(E5-H5-194)*0.1318 -> 221.73795 | AE5: =E5-H5-AD5-194 -> 1460.6441
A6: Cairo at Nile Plaza | B6: =B5+1 -> 5 | C6: 8 | D6: 2022 | E6: =Water!C7 -> 820 | F6: =Water!E7 -> 360 | G6: =Water!G7 -> 469.8 | H6: =Water!I7 -> 2.754 | I6: =ELECT.!F7 -> 25690 | J6: =ELECT.!H7 -> 59175 | K6: =ELECT.!K7 -> 10828 | L6: =ELECT.!M7 -> 6766 | M6: =ELECT.!O7 -> 12478 | N6: =ELECT.!Q7 -> 14631 | O6: =ELECT.!S7 -> 11797 | P6: =ELECT.!W7*2 -> 26078 | Q6: =ELECT.!D7 -> 640 | R6: =BTU!C7 -> 15.108 | S6: =BTU!F7 -> 1.921 | T6: =BTU!I7 -> 7 | U6: =BTU!O7 -> 2.015 | V6: =BTU!L7 -> 3.19 | W6: =BTU!R7 -> 2.21 | X6: =ELECT.!B7 -> 198 | Y6: =I6+J6-(K6+L6+M6+N6+O6+P6) -> 2287 | Z6: ='Mall, Citadel, Rotana'!C7+'Mall, Citadel, Rotana'!E7+'Mall, Citadel, Rotana'!G7+'Mall, Citadel, Rotana'!I7 -> 1091 | AA6: ='Mall, Citadel, Rotana'!K7+'Mall, Citadel, Rotana'!M7 -> 226 | AB6: ='Mall, Citadel, Rotana'!O7 -> 3 | AC6: ='Mall, Citadel, Rotana'!Q7+'Mall, Citadel, Rotana'!S7 -> 772 | AD6: =(E6-H6-194)*0.1318 -> 82.143823 | AE6: =E6-H6-AD6-194 -> 541.10218
A7: Cairo at Nile Plaza | B7: =B6+1 -> 6 | C7: 8 | D7: 2022 | E7: =Water!C8 -> 90 | F7: =Water!E8 -> 410 | G7: =Water!G8 -> 567 | H7: =Water!I8 -> 3.078 | I7: =ELECT.!F8 -> 18172 | J7: =ELECT.!H8 -> 41433 | K7: =ELECT.!K8 -> 7782 | L7: =ELECT.!M8 -> 4903 | M7: =ELECT.!O8 -> 19312 | N7: =ELECT.!Q8 -> 10346 | O7: =ELECT.!S8 -> 7981 | P7: =ELECT.!W8*2 -> 18328 | Q7: =ELECT.!D8 -> 800 | R7: =BTU!C8 -> 12.821 | S7: =BTU!F8 -> 2.228 | T7: =BTU!I8 -> 8 | U7: =BTU!O8 -> 1.951 | V7: =BTU!L8 -> 2.78 | W7: =BTU!R8 -> 2.37 | X7: =ELECT.!B8 -> 195 | Y7: =I7+J7-(K7+L7+M7+N7+O7+P7) -> -9047 | Z7: ='Mall, Citadel, Rotana'!C8+'Mall, Citadel, Rotana'!E8+'Mall, Citadel, Rotana'!G8+'Mall, Citadel, Rotana'!I8 -> 1234 | AA7: ='Mall, Citadel, Rotana'!K8+'Mall, Citadel, Rotana'!M8 -> 267 | AB7: ='Mall, Citadel, Rotana'!O8 -> 3 | AC7: ='Mall, Citadel, Rotana'!Q8+'Mall, Citadel, Rotana'!S8 -> 136 | AD7: =(E7-H7-194)*0.1318 -> -14.11288 | AE7: =E7-H7-AD7-194 -> -92.96512
A8: Cairo at Nile Plaza | B8: =B7+1 -> 7 | C8: 8 | D8: 2022 | E8: =Water!C9 -> 830 | F8: =Water!E9 -> 440 | G8: =Water!G9 -> 604.8 | H8: =Water!I9 -> 3.78 | I8: =ELECT.!F9 -> 26520 | J8: =ELECT.!H9 -> 60112 | K8: =ELECT.!K9 -> 11822 | L8: =ELECT.!M9 -> 7208 | M8: =ELECT.!O9 -> 19084 | N8: =ELECT.!Q9 -> 15008 | O8: =ELECT.!S9 -> 11496 | P8: =ELECT.!W9*2 -> 26450 | Q8: =ELECT.!D9 -> 640 | R8: =BTU!C9 -> 18.333 | S8: =BTU!F9 -> 3.715 | T8: =BTU!I9 -> 10 | U8: =BTU!O9 -> 2.701 | V8: =BTU!L9 -> 3.73 | W8: =BTU!R9 -> 2.28 | X8: =ELECT.!B9 -> 185 | Y8: =I8+J8-(K8+L8+M8+N8+O8+P8) -> -4436 | Z8: ='Mall, Citadel, Rotana'!C9+'Mall, Citadel, Rotana'!E9+'Mall, Citadel, Rotana'!G9+'Mall, Citadel, Rotana'!I9 -> 1379 | AA8: ='Mall, Citadel, Rotana'!K9+'Mall, Citadel, Rotana'!M9 -> 402 | AB8: ='Mall, Citadel, Rotana'!O9 -> 4 | AC8: ='Mall, Citadel, Rotana'!Q9+'Mall, Citadel, Rotana'!S9 -> 116 | AD8: =(E8-H8-194)*0.1318 -> 83.326596 | AE8: =E8-H8-AD8-194 -> 548.8934
A9: Cairo at Nile Plaza | B9: =B8+1 -> 8 | C9: 8 | D9: 2022 | E9: =Water!C10 -> 1030 | F9: =Water!E10 -> 410 | G9: =Water!G10 -> 531.9 | H9: =Water!I10 -> 3.186 | I9: =ELECT.!F10 -> 27207 | J9: =ELECT.!H10 -> 62879 | K9: =ELECT.!K10 -> 12734 | L9: =ELECT.!M10 -> 7330 | M9: =ELECT.!O10 -> 19670 | N9: =ELECT.!Q10 -> 15531 | O9: =ELECT.!S10 -> 12065 | P9: =ELECT.!W10*2 -> 27558 | Q9: =ELECT.!D10 -> 800 | R9: =BTU!C10 -> 12.494 | S9: =BTU!F10 -> 2.116 | T9: =BTU!I10 -> 7 | U9: =BTU!O10 -> 1.589 | V9: =BTU!L10 -> 1.48 | W9: =BTU!R10 -> 0.54 | X9: =ELECT.!B10 -> 245 | Y9: =I9+J9-(K9+L9+M9+N9+O9+P9) -> -4802 | Z9: ='Mall, Citadel, Rotana'!C10+'Mall, Citadel, Rotana'!E10+'Mall, Citadel, Rotana'!G10+'Mall, Citadel, Rotana'!I10 -> 1387 | AA9: ='Mall, Citadel, Rotana'!K10+'Mall, Citadel, Rotana'!M10 -> 353 | AB9: ='Mall, Citadel, Rotana'!O10 -> 3 | AC9: ='Mall, Citadel, Rotana'!Q10+'Mall, Citadel, Rotana'!S10 -> 121 | AD9: =(E9-H9-194)*0.1318 -> 109.76489 | AE9: =E9-H9-AD9-194 -> 723.04911
A10: Cairo at Nile Plaza | B10: =B9+1 -> 9 | C10: 8 | D10: 2022 | E10: =Water!C11 -> 1000 | F10: =Water!E11 -> 450 | G10: =Water!G11 -> 591.3 | H10: =Water!I11 -> 3.483 | I10: =ELECT.!F11 -> 21948 | J10: =ELECT.!H11 -> 48774 | K10: =ELECT.!K11 -> 10282 | L10: =ELECT.!M11 -> 5872 | M10: =ELECT.!O11 -> 15870 | N10: =ELECT.!Q11 -> 12499 | O10: =ELECT.!S11 -> 9506 | P10: =ELECT.!W11*2 -> 20598 | Q10: =ELECT.!D11 -> 640 | R10: =BTU!C11 -> 10.02 | S10: =BTU!F11 -> 3.3 | T10: =BTU!I11 -> 7 | U10: =BTU!O11 -> 1.3 | V10: =BTU!L11 -> 1.9 | W10: =BTU!R11 -> 1 | X10: =ELECT.!B11 -> 203 | Y10: =I10+J10-(K10+L10+M10+N10+O10+P10) -> -3905 | Z10: ='Mall, Citadel, Rotana'!C11+'Mall, Citadel, Rotana'!E11+'Mall, Citadel, Rotana'!G11+'Mall, Citadel, Rotana'!I11 -> 1241 | AA10: ='Mall, Citadel, Rotana'!K11+'Mall, Citadel, Rotana'!M11 -> 350 | AB10: ='Mall, Citadel, Rotana'!O11 -> 3 | AC10: ='Mall, Citadel, Rotana'!Q11+'Mall, Citadel, Rotana'!S11 -> 115 | AD10: =(E10-H10-194)*0.1318 -> 105.77174 | AE10: =E10-H10-AD10-194 -> 696.74526
A11: Cairo at Nile Plaza | B11: =B10+1 -> 10 | C11: 8 | D11: 2022 | E11: =Water!C12 -> 980 | F11: =Water!E12 -> 410 | G11: =Water!G12 -> 569.7 | H11: =Water!I12 -> 3.672 | I11: =ELECT.!F12 -> 21596 | J11: =ELECT.!H12 -> 48029 | K11: =ELECT.!K12 -> 10088 | L11: =ELECT.!M12 -> 5571 | M11: =ELECT.!O12 -> 15848 | N11: =ELECT.!Q12 -> 12350 | O11: =ELECT.!S12 -> 9269 | P11: =ELECT.!W12*2 -> 20370 | Q11: =ELECT.!D12 -> 800 | R11: =BTU!C12 -> 14.849 | S11: =BTU!F12 -> 3.767 | T11: =BTU!I12 -> 9 | U11: =BTU!O12 -> 1.66 | V11: =BTU!L12 -> 2.74 | W11: =BTU!R12 -> 1.05 | X11: =ELECT.!B12 -> 234 | Y11: =I11+J11-(K11+L11+M11+N11+O11+P11) -> -3871 | Z11: ='Mall, Citadel, Rotana'!C12+'Mall, Citadel, Rotana'!E12+'Mall, Citadel, Rotana'!G12+'Mall, Citadel, Rotana'!I12 -> 1837 | AA11: ='Mall, Citadel, Rotana'!K12+'Mall, Citadel, Rotana'!M12 -> 706 | AB11: ='Mall, Citadel, Rotana'!O12 -> 6 | AC11: ='Mall, Citadel, Rotana'!Q12+'Mall, Citadel, Rotana'!S12 -> 121 | AD11: =(E11-H11-194)*0.1318 -> 103.11083 | AE11: =E11-H11-AD11-194 -> 679.21717
A12: Cairo at Nile Plaza | B12: =B11+1 -> 11 | C12: 8 | D12: 2022 | E12: =Water!C13 -> 1200 | F12: =Water!E13 -> 480 | G12: =Water!G13 -> 602.1 | H12: =Water!I13 -> 3.456 | I12: =ELECT.!F13 -> 32407 | J12: =ELECT.!H13 -> 73860 | K12: =ELECT.!K13 -> 14956 | L12: =ELECT.!M13 -> 8187 | M12: =ELECT.!O13 -> 23962 | N12: =ELECT.!Q13 -> 18974 | O12: =ELECT.!S13 -> 14756 | P12: =ELECT.!W13*2 -> 31120 | Q12: =ELECT.!D13 -> 480 | R12: =BTU!C13 -> 15.455 | S12: =BTU!F13 -> 3.46 | T12: =BTU!I13 -> 8 | U12: =BTU!O13 -> 2.062 | V12: =BTU!L13 -> 2.55 | W12: =BTU!R13 -> 1.12 | X12: =ELECT.!B13 -> 222 | Y12: =I12+J12-(K12+L12+M12+N12+O12+P12) -> -5688 | Z12: ='Mall, Citadel, Rotana'!C13+'Mall, Citadel, Rotana'!E13+'Mall, Citadel, Rotana'!G13+'Mall, Citadel, Rotana'!I13 -> 0 | AA12: ='Mall, Citadel, Rotana'!K13+'Mall, Citadel, Rotana'!M13 -> 0 | AB12: ='Mall, Citadel, Rotana'!O13 -> 0 | AC12: ='Mall, Citadel, Rotana'!Q13+'Mall, Citadel, Rotana'!S13 -> 0 | AD12: =(E12-H12-194)*0.1318 -> 132.1353 | AE12: =E12-H12-AD12-194 -> 870.4087
A13: Cairo at Nile Plaza | B13: =B12+1 -> 12 | C13: 8 | D13: 2022 | E13: =Water!C14 -> 1100 | F13: =Water!E14 -> 430 | G13: =Water!G14 -> 569.7 | H13: =Water!I14 -> 3.456 | I13: =ELECT.!F14 -> 21145 | J13: =ELECT.!H14 -> 48912 | K13: =ELECT.!K14 -> 9378 | L13: =ELECT.!M14 -> 5450 | M13: =ELECT.!O14 -> 15486 | N13: =ELECT.!Q14 -> 12299 | O13: =ELECT.!S14 -> 9947 | P13: =ELECT.!W14*2 -> 21018 | Q13: =ELECT.!D14 -> 640 | R13: =BTU!C14 -> 14.021 | S13: =BTU!F14 -> 1.731 | T13: =BTU!I14 -> 7 | U13: =BTU!O14 -> 1.799 | V13: =BTU!L14 -> 2.58 | W13: =BTU!R14 -> 0.93 | X13: =ELECT.!B14 -> 245 | Y13: =I13+J13-(K13+L13+M13+N13+O13+P13) -> -3521 | Z13: ='Mall, Citadel, Rotana'!C14+'Mall, Citadel, Rotana'!E14+'Mall, Citadel, Rotana'!G14+'Mall, Citadel, Rotana'!I14 -> 2016 | AA13: ='Mall, Citadel, Rotana'!K14+'Mall, Citadel, Rotana'!M14 -> 239 | AB13: ='Mall, Citadel, Rotana'!O14 -> 4 | AC13: ='Mall, Citadel, Rotana'!Q14+'Mall, Citadel, Rotana'!S14 -> 0 | AD13: =(E13-H13-194)*0.1318 -> 118.9553 | AE13: =E13-H13-AD13-194 -> 783.5887
A14: Cairo at Nile Plaza | B14: =B13+1 -> 13 | C14: 8 | D14: 2022 | E14: =Water!C15 -> 1060 | F14: =Water!E15 -> 440 | G14: =Water!G15 -> 588.6 | H14: =Water!I15 -> 2.835 | I14: =ELECT.!F15 -> 23240 | J14: =ELECT.!H15 -> 54688 | K14: =ELECT.!K15 -> 10760 | L14: =ELECT.!M15 -> 5944 | M14: =ELECT.!O15 -> 17104 | N14: =ELECT.!Q15 -> 13562 | O14: =ELECT.!S15 -> 13214 | P14: =ELECT.!W15*2 -> 23368 | Q14: =ELECT.!D15 -> 640 | R14: =BTU!C15 -> 18.18 | S14: =BTU!F15 -> 2.426 | T14: =BTU!I15 -> 9 | U14: =BTU!O15 -> 3.08 | V14: =BTU!L15 -> 3.33 | W14: =BTU!R15 -> 1.18 | X14: =ELECT.!B15 -> 218 | Y14: =I14+J14-(K14+L14+M14+N14+O14+P14) -> -6024 | Z14: ='Mall, Citadel, Rotana'!C15+'Mall, Citadel, Rotana'!E15+'Mall, Citadel, Rotana'!G15+'Mall, Citadel, Rotana'!I15 -> 1398 | AA14: ='Mall, Citadel, Rotana'!K15+'Mall, Citadel, Rotana'!M15 -> 258 | AB14: ='Mall, Citadel, Rotana'!O15 -> 3 | AC14: ='Mall, Citadel, Rotana'!Q15+'Mall, Citadel, Rotana'!S15 -> 0 | AD14: =(E14-H14-194)*0.1318 -> 113.76515 | AE14: =E14-H14-AD14-194 -> 749.39985
... A32: Cairo at Nile Plaza | B32: =B31+1 -> 31 | C32: 8 | D32: 2022 | E32: =Water!C33 -> 1100 | F32: =Water!E33 -> 560 | G32: =Water!G33 -> 577.8 | H32: =Water!I33 -> 4.509 | I32: =ELECT.!F33 -> 28430 | J32: =ELECT.!H33 -> 67452 | K32: =ELECT.!K33 -> 13306 | L32: =ELECT.!M33 -> 7785 | M32: =ELECT.!O33 -> 20406 | N32: =ELECT.!Q33 -> 17051 | O32: =ELECT.!S33 -> 13271 | P32: =ELECT.!W33*2 -> 28606 | Q32: =ELECT.!D33 -> 640 | R32: =BTU!C33 -> 13.594 | S32: =BTU!F33 -> 2.926 | T32: =BTU!I33 -> 8 | U32: =BTU!O33 -> 1.9 | V32: =BTU!L33 -> 2.185 | W32: =BTU!R33 -> 1.7 | X32: =ELECT.!B33 -> 230 | Y32: =I32+J32-(K32+L32+M32+N32+O32+P32) -> -4543 | Z32: ='Mall, Citadel, Rotana'!C33+'Mall, Citadel, Rotana'!E33+'Mall, Citadel, Rotana'!G33+'Mall, Citadel, Rotana'!I33 -> 1423 | AA32: ='Mall, Citadel, Rotana'!K33+'Mall, Citadel, Rotana'!M33 -> 355 | AB32: ='Mall, Citadel, Rotana'!O33 -> 4 | AC32: ='Mall, Citadel, Rotana'!Q33+'Mall, Citadel, Rotana'!S33 -> 226 | AD32: =(E32-H32-194)*0.1318 -> 118.81651 | AE32: =E32-H32-AD32-194 -> 782.67449

Sheet Mall, Citadel, Rotana
A1: Day | B1: R1 | C1: Cons | D1: R2 | E1: Cons | F1: R3 | G1: Cons | H1: R4 | I1: Cons | J1: RO1 | K1: Cons | L1: RO2 | M1: Cons | N1: ROE | O1: Cons | P1: CIB. 1 | Q1: Cons | R1: CIB. E | S1: Cons | T1: Co | U1: Cons
A2: 44773 | B2: 47370 | D2: 40832 | F2: 21902 | H2: 257036 | J2: 325715 | L2: 26354 | N2: 226230 | P2: 162611 | R2: 55047 | T2: 4029
A3: 44774 | B3: 47374 | C3: =(B3-B2)*800/5 -> 640 | D3: 40834 | E3: =(D3-D2)*800/5 -> 320 | F3: 21903 | G3: =(F3-F2)*100/5 -> 20 | H3: 257073 | I3: =(H3-H2) -> 37 | J3: 325889 | K3: =(J3-J2) -> 174 | L3: 26358 | M3: =(L3-L2)*300/5 -> 240 | N3: 226233 | O3: =N3-N2 -> 3 | P3: 162835 | Q3: =P3-P2 -> 224 | R3: 55047 | S3: 0 | T3: 4030 | U3: =(T3-T2)*800/5 -> 160
A4: 44775 | B4: 47379 | C4: =(B4-B3)*800/5 -> 800 | D4: 40837 | E4: =(D4-D3)*800/5 -> 480 | F4: 21908 | G4: =(F4-F3)*100/5 -> 100 | H4: 257105 | I4: =(H4-H3) -> 32 | J4: 326071 | K4: =(J4-J3) -> 182 | L4: 26362 | M4: =(L4-L3)*300/5 -> 240 | N4: 226237 | O4: =N4-N3 -> 4 | P4: 162970 | Q4: =P4-P3 -> 135 | R4: 55047 | S4: 0 | T4: 4030 | U4: =(T4-T3)*800/5 -> 0
A5: 44776 | B5: 47383 | C5: =(B5-B4)*800/5 -> 640 | D5: 40840 | E5: =(D5-D4)*800/5 -> 480 | F5: 21913 | G5: =(F5-F4)*100/5 -> 100 | H5: 257135 | I5: =(H5-H4) -> 30 | J5: 326240 | K5: =(J5-J4) -> 169 | L5: 26365 | M5: =(L5-L4)*300/5 -> 180 | N5: 226240 | O5: =N5-N4 -> 3 | P5: =P4 -> 162970 | Q5: =P5-P4 -> 0 | R5: =R4 -> 55047 | S5: =R5-R4 -> 0 | T5: =T4 -> 4030 | U5: =(T5-T4)*800/5 -> 0
A6: 44777 | B6: 47388 | C6: =(B6-B5)*800/5 -> 800 | D6: 40844 | E6: =(D6-D5)*800/5 -> 640 | F6: 21917 | G6: =(F6-F5)*100/5 -> 80 | H6: 257164 | I6: =(H6-H5) -> 29 | J6: 326404 | K6: =(J6-J5) -> 164 | L6: 26368 | M6: =(L6-L5)*300/5 -> 180 | N6: 226243 | O6: =N6-N5 -> 3 | P6: =P5 -> 162970 | Q6: =P6-P5 -> 0 | R6: =R5 -> 55047 | S6: 0 | T6: 4031 | U6: =(T6-T5)*800/5 -> 160
A7: 44778 | B7: 47392 | C7: =(B7-B6)*800/5 -> 640 | D7: 40846 | E7: =(D7-D6)*800/5 -> 320 | F7: 21921 | G7: =(F7-F6)*100/5 -> 80 | H7: 257215 | I7: =(H7-H6) -> 51 | J7: 326510 | K7: =(J7-J6) -> 106 | L7: 26370 | M7: =(L7-L6)*300/5 -> 120 | N7: 226246 | O7: =N7-N6 -> 3 | P7: 163742 | Q7: =P7-P6 -> 772 | R7: =R6 -> 55047 | S7: 0 | T7: =T6 -> 4031 | U7: =(T7-T6)*800/5 -> 0
A8: 44779 | B8: 47396 | C8: =(B8-B7)*800/5 -> 640 | D8: 40849 | E8: =(D8-D7)*800/5 -> 480 | F8: 21925 | G8: =(F8-F7)*100/5 -> 80 | H8: 257249 | I8: =(H8-H7) -> 34 | J8: 326657 | K8: =(J8-J7) -> 147 | L8: 26372 | M8: =(L8-L7)*300/5 -> 120 | N8: 226249 | O8: =N8-N7 -> 3 | P8: 163878 | Q8: =P8-P7 -> 136 | R8: =R7 -> 55047 | S8: =R8-R7 -> 0 | T8: =T7 -> 4031 | U8: =(T8-T7)*800/5 -> 0
A9: 44780 | B9: 47401 | C9: =(B9-B8)*800/5 -> 800 | D9: 40852 | E9: =(D9-D8)*800/5 -> 480 | F9: 21928 | G9: =(F9-F8)*100/5 -> 60 | H9: 257288 | I9: =(H9-H8) -> 39 | J9: 326879 | K9: =(J9-J8) -> 222 | L9: 26375 | M9: =(L9-L8)*300/5 -> 180 | N9: 226253 | O9: =N9-N8 -> 4 | P9: 163994 | Q9: =P9-P8 -> 116 | R9: =R8 -> 55047 | S9: =R9-R8 -> 0 | T9: 4031 | U9: =(T9-T8)*800/5 -> 0
A10: 44781 | B10: 47406 | C10: =(B10-B9)*800/5 -> 800 | D10: 40855 | E10: =(D10-D9)*800/5 -> 480 | F10: 21931 | G10: =(F10-F9)*100/5 -> 60 | H10: 257335 | I10: =(H10-H9) -> 47 | J10: 326992 | K10: =(J10-J9) -> 113 | L10: 26379 | M10: =(L10-L9)*300/5 -> 240 | N10: 226256 | O10: =N10-N9 -> 3 | P10: 164115 | Q10: =P10-P9 -> 121 | R10: =R9 -> 55047 | S10: =R10-R9 -> 0 | T10: 4032 | U10: =(T10-T9)*800/5 -> 160
A11: 44782 | B11: 47410 | C11: =(B11-B10)*800/5 -> 640 | D11: 40858 | E11: =(D11-D10)*800/5 -> 480 | F11: 21935 | G11: =(F11-F10)*100/5 -> 80 | H11: 257376 | I11: =(H11-H10) -> 41 | J11: 327162 | K11: =(J11-J10) -> 170 | L11: 26382 | M11: =(L11-L10)*300/5 -> 180 | N11: 226259 | O11: =N11-N10 -> 3 | P11: 164230 | Q11: =P11-P10 -> 115 | R11: =R10 -> 55047 | S11: =R11-R10 -> 0 | T11: 4032 | U11: =(T11-T10)*800/5 -> 0
A12: 44783 | B12: 47414 | C12: =(B12-B11)*800/5 -> 640 | D12: 40864 | E12: =(D12-D11)*800/5 -> 960 | F12: 21943 | G12: =(F12-F11)*100/5 -> 160 | H12: 257453 | I12: =(H12-H11) -> 77 | J12: 327508 | K12: =(J12-J11) -> 346 | L12: 26388 | M12: =(L12-L11)*300/5 -> 360 | N12: 226265 | O12: =N12-N11 -> 6 | P12: 164351 | Q12: =P12-P11 -> 121 | R12: =R11 -> 55047 | S12: =R12-R11 -> 0 | T12: 4033 | U12: =(T12-T11)*800/5 -> 160
A13: 44784 | B13: =B12 -> 47414 | C13: =(B13-B12)*800/5 -> 0 | D13: =D12 -> 40864 | E13: =(D13-D12)*800/5 -> 0 | F13: =F12 -> 21943 | G13: =(F13-F12)*100/5 -> 0 | H13: =H12 -> 257453 | I13: =(H13-H12) -> 0 | J13: =J12 -> 327508 | K13: =(J13-J12) -> 0 | L13: =L12 -> 26388 | M13: =(L13-L12)*300/5 -> 0 | N13: =N12 -> 226265 | O13: =N13-N12 -> 0 | P13: =P12 -> 164351 | Q13: =P13-P12 -> 0 | R13: =R12 -> 55047 | S13: =R13-R12 -> 0 | T13: =T12 -> 4033 | U13: =(T13-T12)*800/5 -> 0
A14: 44785 | B14: 47423 | C14: =(B14-B13)*800/5 -> 1440 | D14: 40867 | E14: =(D14-D13)*800/5 -> 480 | F14: 21947 | G14: =(F14-F13)*100/5 -> 80 | H14: 257469 | I14: =(H14-H13) -> 16 | J14: 327627 | K14: =(J14-J13) -> 119 | L14: 26390 | M14: =(L14-L13)*300/5 -> 120 | N14: 226269 | O14: =N14-N13 -> 4 | P14: =P13 -> 164351 | Q14: =P14-P13 -> 0 | R14: =R13 -> 55047 | S14: 0 | T14: 4034 | U14: =(T14-T13)*800/5 -> 160
A15: 44786 | B15: 47428 | C15: =(B15-B14)*800/5 -> 800 | D15: 40870 | E15: =(D15-D14)*800/5 -> 480 | F15: 21951 | G15: =(F15-F14)*100/5 -> 80 | H15: 257507 | I15: =(H15-H14) -> 38 | J15: 327765 | K15: =(J15-J14) -> 138 | L15: 26392 | M15: =(L15-L14)*300/5 -> 120 | N15: 226272 | O15: =N15-N14 -> 3 | P15: =P14 -> 164351 | Q15: =P15-P14 -> 0 | R15: =R14 -> 55047 | S15: 0 | T15: 4034 | U15: =(T15-T14)*800/5 -> 0
A16: 44787 | B16: =B15 -> 47428 | C16: =(B16-B15)*800/5 -> 0 | D16: =D15 -> 40870 | E16: =(D16-D15)*800/5 -> 0 | F16: =F15 -> 21951 | G16: =(F16-F15)*100/5 -> 0 | H16: =H15 -> 257507 | I16: =(H16-H15) -> 0 | J16: =J15 -> 327765 | K16: =(J16-J15) -> 0 | L16: =L15 -> 26392 | M16: =(L16-L15)*300/5 -> 0 | N16: =N15 -> 226272 | O16: =N16-N15 -> 0 | P16: =P15 -> 164351 | Q16: =P16-P15 -> 0 | R16: =R15 -> 55047 | S16: =R16-R15 -> 0 | T16: =T15 -> 4034 | U16: =(T16-T15)*800/5 -> 0
A17: 44788 | B17: 47437 | C17: =(B17-B16)*800/5 -> 1440 | D17: 40876 | E17: =(D17-D16)*800/5 -> 960 | F17: 21958 | G17: =(F17-F16)*100/5 -> 140 | H17: 257568 | I17: =(H17-H16) -> 61 | J17: 328098 | K17: =(J17-J16) -> 333 | L17: 26399 | M17: =(L17-L16)*300/5 -> 420 | N17: 226278 | O17: =N17-N16 -> 6 | P17: =P16 -> 164351 | Q17: =P17-P16 -> 0 | R17: =R16 -> 55047 | S17: =S16 -> 0 | T17: 4035 | U17: =(T17-T16)*800/5 -> 160
A18: 44789 | B18: 47442 | C18: =(B18-B17)*800/5 -> 800 | D18: 40879 | E18: =(D18-D17)*800/5 -> 480 | F18: 21961 | G18: =(F18-F17)*100/5 -> 60 | H18: 257610 | I18: =(H18-H17) -> 42 | J18: 328266 | K18: =(J18-J17) -> 168 | L18: 26403 | M18: =(L18-L17)*300/5 -> 240 | N18: 226282 | O18: =N18-N17 -> 4 | P18: =P17 -> 164351 | Q18: =P18-P17 -> 0 | R18: =R17 -> 55047 | S18: =R18-R17 -> 0 | T18: 4036 | U18: =(T18-T17)*800/5 -> 160
A19: 44790 | B19: 47447 | C19: =(B19-B18)*800/5 -> 800 | D19: 40882 | E19: =(D19-D18)*800/5 -> 480 | F19: 21964 | G19: =(F19-F18)*100/5 -> 60 | H19: 257645 | I19: =(H19-H18) -> 35 | J19: 328434 | K19: =(J19-J18) -> 168 | L19: 26406 | M19: =(L19-L18)*300/5 -> 180 | N19: 226285 | O19: =N19-N18 -> 3 | P19: =P18 -> 164351 | Q19: 0 | R19: =R18 -> 55047 | S19: =R19-R18 -> 0 | T19: 4037 | U19: =(T19-T18)*800/5 -> 160
A20: 44791 | B20: 47451 | C20: =(B20-B19)*800/5 -> 640 | D20: 40885 | E20: =(D20-D19)*800/5 -> 480 | F20: 21968 | G20: =(F20-F19)*100/5 -> 80 | H20: 257668 | I20: =(H20-H19) -> 23 | J20: 328593 | K20: =(J20-J19) -> 159 | L20: 26409 | M20: =(L20-L19)*300/5 -> 180 | N20: 226288 | O20: =N20-N19 -> 3 | P20: 165777 | Q20: =P20-P19 -> 1426 | R20: 55047 | S20: =R20-R19 -> 0 | T20: 4037 | U20: =(T20-T19)*800/5 -> 0
A21: 44792 | B21: 47456 | C21: =(B21-B20)*800/5 -> 800 | D21: 40888 | E21: =(D21-D20)*800/5 -> 480 | F21: 21973 | G21: =(F21-F20)*100/5 -> 100 | H21: 257708 | I21: =(H21-H20) -> 40 | J21: 328700 | K21: =(J21-J20) -> 107 | L21: 26411 | M21: =(L21-L20)*300/5 -> 120 | N21: 226291 | O21: =N21-N20 -> 3 | P21: 165891 | Q21: =P21-P20 -> 114 | R21: =R20 -> 55047 | S21: =R21-R20 -> 0 | T21: 4038 | U21: =(T21-T20)*800/5 -> 160
A22: 44793 | B22: 47461 | C22: =(B22-B21)*800/5 -> 800 | D22: 40891 | E22: =(D22-D21)*800/5 -> 480 | F22: 21977 | G22: =(F22-F21)*100/5 -> 80 | H22: 257758 | I22: =(H22-H21) -> 50 | J22: 328801 | K22: =(J22-J21) -> 101 | L22: 26414 | M22: =(L22-L21)*300/5 -> 180 | N22: 226294 | O22: =N22-N21 -> 3 | P22: 165998 | Q22: =P22-P21 -> 107 | R22: =R21 -> 55047 | S22: =R22-R21 -> 0 | T22: =T21 -> 4038 | U22: =(T22-T21)*800/5 -> 0
A23: 44794 | B23: 47465 | C23: =(B23-B22)*800/5 -> 640 | D23: 40893 | E23: =(D23-D22)*800/5 -> 320 | F23: 21981 | G23: =(F23-F22)*100/5 -> 80 | H23: 257810 | I23: =(H23-H22) -> 52 | J23: 328898 | K23: =(J23-J22) -> 97 | L23: 26416 | M23: =(L23-L22)*300/5 -> 120 | N23: 226296 | O23: =N23-N22 -> 2 | P23: =P22 -> 165998 | Q23: =P23-P22 -> 0 | R23: =R22 -> 55047 | S23: =R23-R22 -> 0 | T23: 4039 | U23: =(T23-T22)*800/5 -> 160
A24: 44795 | B24: 47467 | C24: =(B24-B23)*800/5 -> 320 | D24: 40897 | E24: =(D24-D23)*800/5 -> 640 | F24: 21984 | G24: =(F24-F23)*100/5 -> 60 | H24: 257820 | I24: =(H24-H23) -> 10 | J24: 329172 | K24: =(J24-J23) -> 274 | L24: 26420 | M24: =(L24-L23)*300/5 -> 240 | N24: 226301 | O24: =N24-N23 -> 5 | P24: 166363 | Q24: =P24-P23 -> 365 | R24: =R23 -> 55047 | S24: =R24-R23 -> 0 | T24: 4039 | U24: =(T24-T23)*800/5 -> 0
A25: 44796 | B25: 47469 | C25: =(B25-B24)*800/5 -> 320 | D25: 40900 | E25: =(D25-D24)*800/5 -> 480 | F25: 21989 | G25: =(F25-F24)*100/5 -> 100 | H25: 257830 | I25: =(H25-H24) -> 10 | J25: 329347 | K25: =(J25-J24) -> 175 | L25: 26424 | M25: =(L25-L24)*300/5 -> 240 | N25: 226301 | O25: =N25-N24 -> 0 | P25: =P24 -> 166363 | Q25: =P25-P24 -> 0 | R25: =R24 -> 55047 | S25: =R25-R24 -> 0 | T25: 4040 | U25: =(T25-T24)*800/5 -> 160
A26: 44797 | B26: 47472 | C26: =(B26-B25)*800/5 -> 480 | D26: 40903 | E26: =(D26-D25)*800/5 -> 480 | F26: 21992 | G26: =(F26-F25)*100/5 -> 60 | H26: 257840 | I26: =(H26-H25) -> 10 | J26: 329521 | K26: =(J26-J25) -> 174 | L26: 26427 | M26: =(L26-L25)*300/5 -> 180 | N26: 226307 | O26: =N26-N25 -> 6 | P26: 166701 | Q26: =P26-P25 -> 338 | R26: =R25 -> 55047 | S26: =R26-R25 -> 0 | T26: 4041 | U26: =(T26-T25)*800/5 -> 160
A27: 44798 | B27: 47475 | C27: =(B27-B26)*800/5 -> 480 | D27: 40906 | E27: =(D27-D26)*800/5 -> 480 | F27: 21995 | G27: =(F27-F26)*100/5 -> 60 | H27: 257851 | I27: =(H27-H26) -> 11 | J27: 329692 | K27: =(J27-J26) -> 171 | L27: 26431 | M27: =(L27-L26)*300/5 -> 240 | N27: 226310 | O27: =N27-N26 -> 3 | P27: 166821 | Q27: =P27-P26 -> 120 | R27: =R26 -> 55047 | S27: =R27-R26 -> 0 | T27: 4042 | U27: =(T27-T26)*800/5 -> 160
A28: 44799 | B28: 47487 | C28: =(B28-B27)*800/5 -> 1920 | D28: 40909 | E28: =(D28-D27)*800/5 -> 480 | F28: 22000 | G28: =(F28-F27)*100/5 -> 100 | H28: 257857 | I28: =(H28-H27) -> 6 | J28: 329806 | K28: =(J28-J27) -> 114 | L28: 26433 | M28: =(L28-L27)*300/5 -> 120 | N28: 226314 | O28: =N28-N27 -> 4 | P28: =P27 -> 166821 | Q28: =P28-P27 -> 0 | R28: =R27 -> 55047 | S28: =R28-R27 -> 0 | T28: 4042 | U28: =(T28-T27)*800/5 -> 0
A29: 44800 | B29: 47491 | C29: =(B29-B28)*800/5 -> 640 | D29: 40912 | E29: =(D29-D28)*800/5 -> 480 | F29: 22003 | G29: =(F29-F28)*100/5 -> 60 | H29: 257878 | I29: =(H29-H28) -> 21 | J29: 329941 | K29: =(J29-J28) -> 135 | L29: 26435 | M29: =(L29-L28)*300/5 -> 120 | N29: 226317 | O29: =N29-N28 -> 3 | P29: =P28 -> 166821 | Q29: =P29-P28 -> 0 | R29: =R28 -> 55047 | S29: =R29-R28 -> 0 | T29: 4043 | U29: =(T29-T28)*800/5 -> 160
A30: 44801 | B30: 47495 | C30: =(B30-B29)*800/5 -> 640 | D30: 40914 | E30: =(D30-D29)*800/5 -> 320 | F30: 22006 | G30: =(F30-F29)*100/5 -> 60 | H30: 257897 | I30: =(H30-H29) -> 19 | J30: 330094 | K30: =(J30-J29) -> 153 | L30: 26438 | M30: =(L30-L29)*300/5 -> 180 | N30: 226320 | O30: =N30-N29 -> 3 | P30: =P29 -> 166821 | Q30: =P30-P29 -> 0 | R30: =R29 -> 55047 | S30: =R30-R29 -> 0 | T30: 4043 | U30: =(T30-T29)*800/5 -> 0
A31: 44802 | B31: 47500 | C31: =(B31-B30)*800/5 -> 800 | D31: 40918 | E31: =(D31-D30)*800/5 -> 640 | F31: 22011 | G31: =(F31-F30)*100/5 -> 100 | H31: 257912 | I31: =(H31-H30) -> 15 | J31: 330262 | K31: =(J31-J30) -> 168 | L31: 26442 | M31: =(L31-L30)*300/5 -> 240 | N31: 226323 | O31: =N31-N30 -> 3 | P31: 167475 | Q31: =P31-P30 -> 654 | R31: 55047 | S31: 0 | T31: 4044 | U31: =(T31-T30)*800/5 -> 160
A32: 44803 | B32: 47504 | C32: =(B32-B31)*800/5 -> 640 | D32: 40921 | E32: =(D32-D31)*800/5 -> 480 | F32: 22014 | G32: =(F32-F31)*100/5 -> 60 | H32: 257927 | I32: =(H32-H31) -> 15 | J32: 330432 | K32: =(J32-J31) -> 170 | L32: 26446 | M32: =(L32-L31)*300/5 -> 240 | N32: 226326 | O32: =N32-N31 -> 3 | P32: 167475 | Q32: =P32-P31 -> 0 | R32: =R31 -> 55047 | S32: =R32-R31 -> 0 | T32: 4045 | U32: =(T32-T31)*800/5 -> 160
A33: 44804 | B33: 47509 | C33: =(B33-B32)*800/5 -> 800 | D33: 40924 | E33: =(D33-D32)*800/5 -> 480 | F33: 22019 | G33: =(F33-F32)*100/5 -> 100 | H33: 257970 | I33: =(H33-H32) -> 43 | J33: 330607 | K33: =(J33-J32) -> 175 | L33: 26449 | M33: =(L33-L32)*300/5 -> 180 | N33: 226330 | O33: =N33-N32 -> 4 | P33: 167701 | Q33: =P33-P32 -> 226 | R33: =R32 -> 55047 | S33: =SUM(S3:S32) -> 0 | T33: 4046 | U33: =(T33-T32)*800/5 -> 160
A34: Total | C34: =SUM(C3:C33) -> 22240 | E34: =SUM(E3:E33) -> 14720 | G34: =SUM(G3:G33) -> 2340 | I34: =SUM(I3:I33) -> 934 | K34: =SUM(K3:K33) -> 4892 | M34: =SUM(M3:M33) -> 5700 | O34: =SUM(O3:O33) -> 100 | Q34: =SUM(Q3:Q33) -> 5090 | S34: =SUM(S3:S33) -> 0 | U34: =SUM(U3:U33) -> 2720

Sheet ELECT.
A1: Day | B1: Rooms Sold | C1: New Chillers | D1: Cons | E1: F-1 | F1: Cons. | G1: F-2 | H1: Cons. | I1: Total | J1: T-1 | K1: Cons. | L1: T-2 | M1: Cons. | N1: T-3 | O1: Cons. | P1: T-4 | Q1: Cons. | R1: T-5 | S1: Cons. | T1: T-6 | U1: Cons. | V1: T-7 | W1: Cons. | X1: Total | Y1: Diff | Z1: Daily Money Value | AA1: MTD Total Money
A2: 44773 | B2: 170 | C2: 19927 | E2: 32445770 | G2: 2929341 | I2: =F2+H2 -> 0 | J2: 245034 | L2: 497687 | N2: 7113857 | P2: 7467951 | R2: 21870756 | T2: 0 | V2: 9866667 | X2: =K2+M2+O2+Q2+S2+U2+W2 -> 0 | Y2: =I2-X2 -> 0 | Z2: =(0.93352*(W2+S2)+0.5568*(Q2+O2))*0.26 -> 0
A3: 44774 | C3: 19933 | D3: =IF((C3-C2)<0,"0",(C3-C2))*160 -> 960 | E3: 32473240 | F3: =IF((E3-E2)<0,"0",(E3-E2)) -> 27470 | G3: 2989242 | H3: =IF((G3-G2)<0,"0",(G3-G2)) -> 59901 | I3: =F3+H3 -> 87371 | J3: 252021 | K3: =(IF((J3-J2)<L90,"0",(J3-J2)))*2 -> 13974 | L3: 505000 | M3: =IF((L3-L2)<0,"0",(L3-L2)) -> 7313 | N3: 7123859 | O3: =(IF((N3-N2)<P90,"0",(N3-N2)))*2 -> 20004 | P3: 7483440 | Q3: =IF((P3-P2)<0,"0",(P3-P2)) -> 15489 | R3: 21882242 | S3: =IF((R3-R2)<0,"0",(R3-R2)) -> 11486 | T3: 0 | V3: 9879425 | W3: =IF((V3-V2)<0,"0",(V3-V2)) -> 12758 | X3: =K3+M3+O3+Q3+S3+U3+W3 -> 81024 | Y3: =I3-X3 -> 6347 | Z3: =(0.93352*(W3+S3)+0.5568*(Q3+O3))*0.26 -> 11022.638 | AA3: =SUM(Z1:Z3) -> 11022.638
A4: 44775 | B4: 195 | C4: 19937 | D4: =IF((C4-C3)<0,"0",(C4-C3))*160 -> 640 | E4: 32493929 | F4: =IF((E4-E3)<0,"0",(E4-E3)) -> 20689 | G4: 3036299 | H4: =IF((G4-G3)<0,"0",(G4-G3)) -> 47057 | I4: =F4+H4 -> 67746 | J4: 256996 | K4: =(IF((J4-J3)<L92,"0",(J4-J3)))*2 -> 9950 | L4: 510657 | M4: =IF((L4-L3)<0,"0",(L4-L3)) -> 5657 | N4: 7131275 | O4: =(IF((N4-N3)<P92,"0",(N4-N3)))*2 -> 14832 | P4: 7495300 | Q4: =IF((P4-P3)<0,"0",(P4-P3)) -> 11860 | R4: 21891060 | S4: =IF((R4-R3)<0,"0",(R4-R3)) -> 8818 | T4: 0 | V4: 9889610 | W4: =IF((V4-V3)<0,"0",(V4-V3)) -> 10185 | X4: =K4+M4+O4+Q4+S4+U4+W4 -> 61302 | Y4: =I4-X4 -> 6444 | Z4: =(0.93352*(W4+S4)+0.5568*(Q4+O4))*0.26 -> 8476.4644 | AA4: =SUM(Z1:Z4) -> 19499.102
A5: 44776 | B5: 180 | C5: 19941 | D5: =IF((C5-C4)<0,"0",(C5-C4))*160 -> 640 | E5: 32518366 | F5: =IF((E5-E4)<0,"0",(E5-E4)) -> 24437 | G5: 3092596 | H5: =IF((G5-G4)<0,"0",(G5-G4)) -> 56297 | I5: =F5+H5 -> 80734 | J5: 262785 | K5: =(IF((J5-J4)<0,"0",(J5-J4)))*2 -> 11578 | L5: 517507 | M5: =IF((L5-L4)<0,"0",(L5-L4)) -> 6850 | N5: 7139966 | O5: =(IF((N5-N4)<0,"0",(N5-N4)))*2 -> 17382 | P5: 7509276 | Q5: =IF((P5-P4)<0,"0",(P5-P4)) -> 13976 | R5: 21901711 | S5: =IF((R5-R4)<0,"0",(R5-R4)) -> 10651 | T5: 0 | V5: 9901936 | W5: =IF((V5-V4)<0,"0",(V5-V4)) -> 12326 | X5: =K5+M5+O5+Q5+S5+U5+W5 -> 72763 | Y5: =I5-X5 -> 7971 | Z5: =(0.93352*(W5+S5)+0.5568*(Q5+O5))*0.26 -> 10116.502 | AA5: =SUM(Z1:Z5) -> 29615.604
A6: 44777 | B6: 201 | C6: 19945 | D6: =IF((C6-C5)<0,"0",(C6-C5))*160 -> 640 | E6: 32547393 | F6: =IF((E6-E5)<0,"0",(E6-E5)) -> 29027 | G6: 3158751 | H6: =IF((G6-G5)<0,"0",(G6-G5)) -> 66155 | I6: =F6+H6 -> 95182 | J6: 269486 | K6: =(IF((J6-J5)<0,"0",(J6-J5)))*2 -> 13402 | L6: 525583 | M6: =IF((L6-L5)<0,"0",(L6-L5)) -> 8076 | N6: 7150327 | O6: =(IF((N6-N5)<0,"0",(N6-N5)))*2 -> 20722 | P6: 7525549 | Q6: =IF((P6-P5)<0,"0",(P6-P5)) -> 16273 | R6: 21914586 | S6: =IF((R6-R5)<0,"0",(R6-R5)) -> 12875 | T6: 0 | V6: 9916381 | W6: =IF((V6-V5)<0,"0",(V6-V5)) -> 14445 | X6: =K6+M6+O6+Q6+S6+U6+W6 -> 85793 | Y6: =I6-X6 -> 9389 | Z6: =(0.93352*(W6+S6)+0.5568*(Q6+O6))*0.26 -> 11986.671 | AA6: =SUM(Z1:Z6) -> 41602.276
A7: 44778 | B7: 198 | C7: 19949 | D7: =IF((C7-C6)<0,"0",(C7-C6))*160 -> 640 | E7: 32573083 | F7: =IF((E7-E6)<0,"0",(E7-E6)) -> 25690 | G7: 3217926 | H7: =IF((G7-G6)<0,"0",(G7-G6)) -> 59175 | I7: =F7+H7 -> 84865 | J7: 274900 | K7: =(IF((J7-J6)<0,"0",(J7-J6)))*2 -> 10828 | L7: 532349 | M7: =IF((L7-L6)<0,"0",(L7-L6)) -> 6766 | N7: 7156566 | O7: =(IF((N7-N6)<0,"0",(N7-N6)))*2 -> 12478 | P7: 7540180 | Q7: =IF((P7-P6)<0,"0",(P7-P6)) -> 14631 | R7: 21926383 | S7: =IF((R7-R6)<0,"0",(R7-R6)) -> 11797 | T7: 0 | V7: 9929420 | W7: =IF((V7-V6)<0,"0",(V7-V6)) -> 13039 | X7: =K7+M7+O7+Q7+S7+U7+W7 -> 69539 | Y7: =I7-X7 -> 15326 | Z7: =(0.93352*(W7+S7)+0.5568*(Q7+O7))*0.26 -> 9952.5904 | AA7: =SUM(Z1:Z7) -> 51554.866
A8: 44779 | B8: 195 | C8: 19954 | D8: =IF((C8-C7)<0,"0",(C8-C7))*160 -> 800 | E8: 32591255 | F8: =IF((E8-E7)<0,"0",(E8-E7)) -> 18172 | G8: 3259359 | H8: =IF((G8-G7)<0,"0",(G8-G7)) -> 41433 | I8: =F8+H8 -> 59605 | J8: 278791 | K8: =(IF((J8-J7)<0,"0",(J8-J7)))*2 -> 7782 | L8: 537252 | M8: =IF((L8-L7)<0,"0",(L8-L7)) -> 4903 | N8: 7166222 | O8: =(IF((N8-N7)<0,"0",(N8-N7)))*2 -> 19312 | P8: 7550526 | Q8: =IF((P8-P7)<0,"0",(P8-P7)) -> 10346 | R8: 21934364 | S8: =IF((R8-R7)<0,"0",(R8-R7)) -> 7981 | T8: 0 | V8: 9938584 | W8: =IF((V8-V7)<0,"0",(V8-V7)) -> 9164 | X8: =K8+M8+O8+Q8+S8+U8+W8 -> 59488 | Y8: =I8-X8 -> 117 | Z8: =(0.93352*(W8+S8)+0.5568*(Q8+O8))*0.26 -> 8454.8814 | AA8: =SUM(Z1:Z8) -> 60009.748
A9: 44780 | B9: 185 | C9: 19958 | D9: =IF((C9-C8)<0,"0",(C9-C8))*160 -> 640 | E9: 32617775 | F9: =IF((E9-E8)<0,"0",(E9-E8)) -> 26520 | G9: 3319471 | H9: =IF((G9-G8)<0,"0",(G9-G8)) -> 60112 | I9: =F9+H9 -> 86632 | J9: 284702 | K9: =(IF((J9-J8)<0,"0",(J9-J8)))*2 -> 11822 | L9: 544460 | M9: =IF((L9-L8)<0,"0",(L9-L8)) -> 7208 | N9: 7175764 | O9: =(IF((N9-N8)<0,"0",(N9-N8)))*2 -> 19084 | P9: 7565534 | Q9: =IF((P9-P8)<0,"0",(P9-P8)) -> 15008 | R9: 21945860 | S9: =IF((R9-R8)<0,"0",(R9-R8)) -> 11496 | T9: 0 | V9: 9951809 | W9: =IF((V9-V8)<0,"0",(V9-V8)) -> 13225 | X9: =K9+M9+O9+Q9+S9+U9+W9 -> 77843 | Y9: =I9-X9 -> 8789 | Z9: =(0.93352*(W9+S9)+0.5568*(Q9+O9))*0.26 -> 10935.593 | AA9: =SUM(Z1:Z9) -> 70945.341
A10: 44781 | B10: 245 | C10: 19963 | D10: =IF((C10-C9)<0,"0",(C10-C9))*160 -> 800 | E10: 32644982 | F10: =IF((E10-E9)<0,"0",(E10-E9)) -> 27207 | G10: 3382350 | H10: =IF((G10-G9)<0,"0",(G10-G9)) -> 62879 | I10: =F10+H10 -> 90086 | J10: 291069 | K10: =(IF((J10-J9)<0,"0",(J10-J9)))*2 -> 12734 | L10: 551790 | M10: =IF((L10-L9)<0,"0",(L10-L9)) -> 7330 | N10: 7185599 | O10: =(IF((N10-N9)<0,"0",(N10-N9)))*2 -> 19670 | P10: 7581065 | Q10: =IF((P10-P9)<0,"0",(P10-P9)) -> 15531 | R10: 21957925 | S10: =IF((R10-R9)<0,"0",(R10-R9)) -> 12065 | T10: 0 | V10: 9965588 | W10: =IF((V10-V9)<0,"0",(V10-V9)) -> 13779 | X10: =K10+M10+O10+Q10+S10+U10+W10 -> 81109 | Y10: =I10-X10 -> 8977 | Z10: =(0.93352*(W10+S10)+0.5568*(Q10+O10))*0.26 -> 11368.71 | AA10: =SUM(Z1:Z10) -> 82314.051
A11: 44782 | B11: 203 | C11: 19967 | D11: =IF((C11-C10)<0,"0",(C11-C10))*160 -> 640 | E11: 32666930 | F11: =IF((E11-E10)<0,"0",(E11-E10)) -> 21948 | G11: 3431124 | H11: =IF((G11-G10)<0,"0",(G11-G10)) -> 48774 | I11: =F11+H11 -> 70722 | J11: 296210 | K11: =(IF((J11-J10)<0,"0",(J11-J10)))*2 -> 10282 | L11: 557662 | M11: =IF((L11-L10)<0,"0",(L11-L10)) -> 5872 | N11: 7193534 | O11: =(IF((N11-N10)<0,"0",(N11-N10)))*2 -> 15870 | P11: 7593564 | Q11: =IF((P11-P10)<0,"0",(P11-P10)) -> 12499 | R11: 21967431 | S11: =IF((R11-R10)<0,"0",(R11-R10)) -> 9506 | T11: 0 | V11: 9975887 | W11: =IF((V11-V10)<0,"0",(V11-V10)) -> 10299 | X11: =K11+M11+O11+Q11+S11+U11+W11 -> 64328 | Y11: =I11-X11 -> 6394 | Z11: =(0.93352*(W11+S11)+0.5568*(Q11+O11))*0.26 -> 8913.8979 | AA11: =SUM(Z1:Z11) -> 91227.949
A12: 44783 | B12: 234 | C12: 19972 | D12: =IF((C12-C11)<0,"0",(C12-C11))*160 -> 800 | E12: 32688526 | F12: =IF((E12-E11)<0,"0",(E12-E11)) -> 21596 | G12: 3479153 | H12: =IF((G12-G11)<0,"0",(G12-G11)) -> 48029 | I12: =F12+H12 -> 69625 | J12: 301254 | K12: =(IF((J12-J11)<0,"0",(J12-J11)))*2 -> 10088 | L12: 563233 | M12: =IF((L12-L11)<0,"0",(L12-L11)) -> 5571 | N12: 7201458 | O12: =(IF((N12-N11)<0,"0",(N12-N11)))*2 -> 15848 | P12: 7605914 | Q12: =IF((P12-P11)<0,"0",(P12-P11)) -> 12350 | R12: 21976700 | S12: =IF((R12-R11)<0,"0",(R12-R11)) -> 9269 | T12: 0 | V12: 9986072 | W12: =IF((V12-V11)<0,"0",(V12-V11)) -> 10185 | X12: =K12+M12+O12+Q12+S12+U12+W12 -> 63311 | Y12: =I12-X12 -> 6314 | Z12: =(0.93352*(W12+S12)+0.5568*(Q12+O12))*0.26 -> 8803.9496 | AA12: =SUM(Z1:Z12) -> 100031.9
A13: 44784 | B13: 222 | C13: 19975 | D13: =IF((C13-C12)<0,"0",(C13-C12))*160 -> 480 | E13: 32720933 | F13: =IF((E13-E12)<0,"0",(E13-E12)) -> 32407 | G13: 3553013 | H13: =IF((G13-G12)<0,"0",(G13-G12)) -> 73860 | I13: =F13+H13 -> 106267 | J13: 308732 | K13: =(IF((J13-J12)<0,"0",(J13-J12)))*2 -> 14956 | L13: 571420 | M13: =IF((L13-L12)<0,"0",(L13-L12)) -> 8187 | N13: 7213439 | O13: =(IF((N13-N12)<0,"0",(N13-N12)))*2 -> 23962 | P13: 7624888 | Q13: =IF((P13-P12)<0,"0",(P13-P12)) -> 18974 | R13: 21991456 | S13: =IF((R13-R12)<0,"0",(R13-R12)) -> 14756 | T13: 0 | V13: 1633 | W13: =(V13-V12)+9999999 -> 15560 | X13: =K13+M13+O13+Q13+S13+U13+W13 -> 96395 | Y13: =I13-X13 -> 9872 | Z13: =(0.93352*(W13+S13)+0.5568*(Q13+O13))*0.26 -> 13573.913 | AA13: =SUM(Z1:Z13) -> 113605.81
A14: 44785 | B14: 245 | C14: 19979 | D14: =IF((C14-C13)<0,"0",(C14-C13))*160 -> 640 | E14: 32742078 | F14: =IF((E14-E13)<0,"0",(E14-E13)) -> 21145 | G14: 3601925 | H14: =IF((G14-G13)<0,"0",(G14-G13)) -> 48912 | I14: =F14+H14 -> 70057 | J14: 313421 | K14: =(IF((J14-J13)<0,"0",(J14-J13)))*2 -> 9378 | L14: 576870 | M14: =IF((L14-L13)<0,"0",(L14-L13)) -> 5450 | N14: 7221182 | O14: =(IF((N14-N13)<0,"0",(N14-N13)))*2 -> 15486 | P14: 7637187 | Q14: =IF((P14-P13)<0,"0",(P14-P13)) -> 12299 | R14: 22001403 | S14: =IF((R14-R13)<0,"0",(R14-R13)) -> 9947 | T14: 0 | V14: 12142 | W14: =IF((V14-V13)<0,"0",(V14-V13)) -> 10509 | X14: =K14+M14+O14+Q14+S14+U14+W14 -> 63069 | Y14: =I14-X14 -> 6988 | Z14: =(0.93352*(W14+S14)+0.5568*(Q14+O14))*0.26 -> 8987.361 | AA14: =SUM(Z1:Z14) -> 122593.17
A15: 44786 | B15: 218 | C15: 19983 | D15: =IF((C15-C14)<0,"0",(C15-C14))*160 -> 640 | E15: 32765318 | F15: =IF((E15-E14)<0,"0",(E15-E14)) -> 23240 | G15: 3656613 | H15: =IF((G15-G14)<0,"0",(G15-G14)) -> 54688 | I15: =F15+H15 -> 77928 | J15: 318801 | K15: =(IF((J15-J14)<0,"0",(J15-J14)))*2 -> 10760 | L15: 582814 | M15: =IF((L15-L14)<0,"0",(L15-L14)) -> 5944 | N15: 7229734 | O15: =(IF((N15-N14)<0,"0",(N15-N14)))*2 -> 17104 | P15: 7650749 | Q15: =IF((P15-P14)<0,"0",(P15-P14)) -> 13562 | R15: 22014617 | S15: =IF((R15-R14)<0,"0",(R15-R14)) -> 13214 | T15: 0 | V15: 23826 | W15: =IF((V15-V14)<0,"0",(V15-V14)) -> 11684 | X15: =K15+M15+O15+Q15+S15+U15+W15 -> 72268 | Y15: =I15-X15 -> 5660 | Z15: =(0.93352*(W15+S15)+0.5568*(Q15+O15))*0.26 -> 10482.579 | AA15: =SUM(Z1:Z15) -> 133075.75
A16: 44787 | B16: 224 | C16: 19987 | D16: =IF((C16-C15)<0,"0",(C16-C15))*160 -> 640 | E16: 32788519 | F16: =IF((E16-E15)<0,"0",(E16-E15)) -> 23201 | G16: 3709452 | H16: =IF((G16-G15)<0,"0",(G16-G15)) -> 52839 | I16: =F16+H16 -> 76040 | J16: 324286 | K16: =(IF((J16-J15)<0,"0",(J16-J15)))*2 -> 10970 | L16: 588852 | M16: =IF((L16-L15)<0,"0",(L16-L15)) -> 6038 | N16: 7238217 | O16: =(IF((N16-N15)<0,"0",(N16-N15)))*2 -> 16966 | P16: 7664316 | Q16: =IF((P16-P15)<0,"0",(P16-P15)) -> 13567 | R16: 22022034 | S16: =IF((R16-R15)<0,"0",(R16-R15)) -> 7417 | T16: 0 | V16: 34920 | W16: =IF((V16-V15)<0,"0",(V16-V15)) -> 11094 | X16: =K16+M16+O16+Q16+S16+U16+W16 -> 66052 | Y16: =I16-X16 -> 9988 | Z16: =(0.93352*(W16+S16)+0.5568*(Q16+O16))*0.26 -> 8913.1024 | AA16: =SUM(Z1:Z16) -> 141988.85
A17: 44788 | B17: 223 | C17: 19992 | D17: =IF((C17-C16)<0,"0",(C17-C16))*160 -> 800 | E17: 32818535 | F17: =IF((E17-E16)<0,"0",(E17-E16)) -> 30016 | G17: 3775700 | H17: =IF((G17-G16)<0,"0",(G17-G16)) -> 66248 | I17: =F17+H17 -> 96264 | J17: 331269 | K17: =(IF((J17-J16)<0,"0",(J17-J16)))*2 -> 13966 | L17: 597119 | M17: =IF((L17-L16)<0,"0",(L17-L16)) -> 8267 | N17: 7248972 | O17: =(IF((N17-N16)<0,"0",(N17-N16)))*2 -> 21510 | P17: 7681491 | Q17: =IF((P17-P16)<0,"0",(P17-P16)) -> 17175 | R17: 22035856 | S17: =IF((R17-R16)<0,"0",(R17-R16)) -> 13822 | T17: 0 | V17: 48859 | W17: =IF((V17-V16)<0,"0",(V17-V16)) -> 13939 | X17: =K17+M17+O17+Q17+S17+U17+W17 -> 88679 | Y17: =I17-X17 -> 7585 | Z17: =(0.93352*(W17+S17)+0.5568*(Q17+O17))*0.26 -> 12338.367 | AA17: =SUM(Z1:Z17) -> 154327.22
A18: 44789 | B18: 107 | C18: 19997 | D18: =IF((C18-C17)<0,"0",(C18-C17))*160 -> 800 | E18: 32838116 | F18: =IF((E18-E17)<0,"0",(E18-E17)) -> 19581 | G18: 3821509 | H18: =IF((G18-G17)<0,"0",(G18-G17)) -> 45809 | I18: =F18+H18 -> 65390 | J18: 336244 | K18: =(IF((J18-J17)<0,"0",(J18-J17)))*2 -> 9950 | L18: 602920 | M18: =IF((L18-L17)<0,"0",(L18-L17)) -> 5801 | N18: 7255764 | O18: =(IF((N18-N17)<0,"0",(N18-N17)))*2 -> 13584 | P18: 7693545 | Q18: =IF((P18-P17)<0,"0",(P18-P17)) -> 12054 | R18: 22044846 | S18: =IF((R18-R17)<0,"0",(R18-R17)) -> 8990 | T18: 0 | V18: 58258 | W18: =IF((V18-V17)<0,"0",(V18-V17)) -> 9399 | X18: =K18+M18+O18+Q18+S18+U18+W18 -> 59778 | Y18: =I18-X18 -> 5612 | Z18: =(0.93352*(W18+S18)+0.5568*(Q18+O18))*0.26 -> 8174.8518 | AA18: =SUM(Z1:Z18) -> 162502.07
A19: 44790 | B19: 150 | C19: 20001 | D19: =IF((C19-C18)<0,"0",(C19-C18))*160 -> 640 | E19: 32866411 | F19: =IF((E19-E18)<0,"0",(E19-E18)) -> 28295 | G19: 3884530 | H19: =IF((G19-G18)<0,"0",(G19-G18)) -> 63021 | I19: =F19+H19 -> 91316 | J19: 342982 | K19: =(IF((J19-J18)<0,"0",(J19-J18)))*2 -> 13476 | L19: 610869 | M19: =IF((L19-L18)<0,"0",(L19-L18)) -> 7949 | N19: 7265827 | O19: =(IF((N19-N18)<0,"0",(N19-N18)))*2 -> 20126 | P19: 7709448 | Q19: =IF((P19-P18)<0,"0",(P19-P18)) -> 15903 | R19: 22057106 | S19: =IF((R19-R18)<0,"0",(R19-R18)) -> 12260 | T19: 0 | V19: 71657 | W19: =IF((V19-V18)<0,"0",(V19-V18)) -> 13399 | X19: =K19+M19+O19+Q19+S19+U19+W19 -> 83113 | Y19: =I19-X19 -> 8203 | Z19: =(0.93352*(W19+S19)+0.5568*(Q19+O19))*0.26 -> 11443.676 | AA19: =SUM(Z1:Z19) -> 173945.75
A20: 44791 | B20: 155 | C20: 20006 | D20: =IF((C20-C19)<0,"0",(C20-C19))*160 -> 800 | E20: 32887125 | F20: =IF((E20-E19)<0,"0",(E20-E19)) -> 20714 | G20: 3931174 | H20: =IF((G20-G19)<0,"0",(G20-G19)) -> 46644 | I20: =F20+H20 -> 67358 | J20: 347842 | K20: =(IF((J20-J19)<0,"0",(J20-J19)))*2 -> 9720 | L20: 616589 | M20: =IF((L20-L19)<0,"0",(L20-L19)) -> 5720 | N20: 7273222 | O20: =(IF((N20-N19)<0,"0",(N20-N19)))*2 -> 14790 | P20: 7721269 | Q20: =IF((P20-P19)<0,"0",(P20-P19)) -> 11821 | R20: 22066176 | S20: =IF((R20-R19)<0,"0",(R20-R19)) -> 9070 | T20: 0 | V20: 81601 | W20: =IF((V20-V19)<0,"0",(V20-V19)) -> 9944 | X20: =K20+M20+O20+Q20+S20+U20+W20 -> 61065 | Y20: =I20-X20 -> 6293 | Z20: =(0.93352*(W20+S20)+0.5568*(Q20+O20))*0.26 -> 8467.4081 | AA20: =SUM(Z1:Z20) -> 182413.16
A21: 44792 | B21: 160 | C21: 20010 | D21: =IF((C21-C20)<0,"0",(C21-C20))*160 -> 640 | E21: 32913428 | F21: =IF((E21-E20)<0,"0",(E21-E20)) -> 26303 | G21: 3990782 | H21: =IF((G21-G20)<0,"0",(G21-G20)) -> 59608 | I21: =F21+H21 -> 85911 | J21: 353432 | K21: =(IF((J21-J20)<0,"0",(J21-J20)))*2 -> 11180 | L21: 623693 | M21: =IF((L21-L20)<0,"0",(L21-L20)) -> 7104 | N21: 7282686 | O21: =(IF((N21-N20)<0,"0",(N21-N20)))*2 -> 18928 | P21: 7736828 | Q21: =IF((P21-P20)<0,"0",(P21-P20)) -> 15559 | R21: 22077909 | S21: =IF((R21-R20)<0,"0",(R21-R20)) -> 11733 | T21: 0 | V21: 94274 | W21: =IF((V21-V20)<0,"0",(V21-V20)) -> 12673 | X21: =K21+M21+O21+Q21+S21+U21+W21 -> 77177 | Y21: =I21-X21 -> 8734 | Z21: =(0.93352*(W21+S21)+0.5568*(Q21+O21))*0.26 -> 10916.321 | AA21: =SUM(Z1:Z21) -> 193329.48
A22: 44793 | B22: 152 | C22: 20014 | D22: =IF((C22-C21)<0,"0",(C22-C21))*160 -> 640 | E22: 32936446 | F22: =IF((E22-E21)<0,"0",(E22-E21)) -> 23018 | G22: 4043774 | H22: =IF((G22-G21)<0,"0",(G22-G21)) -> 52992 | I22: =F22+H22 -> 76010 | J22: 358666 | K22: =(IF((J22-J21)<0,"0",(J22-J21)))*2 -> 10468 | L22: 629646 | M22: =IF((L22-L21)<0,"0",(L22-L21)) -> 5953 | N22: 7291145 | O22: =(IF((N22-N21)<0,"0",(N22-N21)))*2 -> 16918 | P22: 7751259 | Q22: =IF((P22-P21)<0,"0",(P22-P21)) -> 14431 | R22: 22088241 | S22: =IF((R22-R21)<0,"0",(R22-R21)) -> 10332 | T22: 0 | V22: 105274 | W22: =IF((V22-V21)<0,"0",(V22-V21)) -> 11000 | X22: =K22+M22+O22+Q22+S22+U22+W22 -> 69102 | Y22: =I22-X22 -> 6908 | Z22: =(0.93352*(W22+S22)+0.5568*(Q22+O22))*0.26 -> 9715.9327 | AA22: =SUM(Z1:Z22) -> 203045.41
A23: 44794 | B23: 226 | C23: 20017 | D23: =IF((C23-C22)<0,"0",(C23-C22))*160 -> 480 | E23: 32963402 | F23: =IF((E23-E22)<0,"0",(E23-E22)) -> 26956 | G23: 4108267 | H23: =IF((G23-G22)<0,"0",(G23-G22)) -> 64493 | I23: =F23+H23 -> 91449 | J23: 365412 | K23: =(IF((J23-J22)<0,"0",(J23-J22)))*2 -> 13492 | L23: 636935 | M23: =IF((L23-L22)<0,"0",(L23-L22)) -> 7289 | N23: 7300860 | O23: =(IF((N23-N22)<0,"0",(N23-N22)))*2 -> 19430 | P23: 7767862 | Q23: =IF((P23-P22)<0,"0",(P23-P22)) -> 16603 | R23: 22100950 | S23: =IF((R23-R22)<0,"0",(R23-R22)) -> 12709 | T23: 0 | V23: 118844 | W23: =IF((V23-V22)<0,"0",(V23-V22)) -> 13570 | X23: =K23+M23+O23+Q23+S23+U23+W23 -> 83093 | Y23: =I23-X23 -> 8356 | Z23: =(0.93352*(W23+S23)+0.5568*(Q23+O23))*0.26 -> 11594.738 | AA23: =SUM(Z1:Z23) -> 214640.15
A24: 44795 | B24: 225 | C24: 20022 | D24: =IF((C24-C23)<0,"0",(C24-C23))*160 -> 800 | E24: 32986397 | F24: =IF((E24-E23)<0,"0",(E24-E23)) -> 22995 | G24: 4161602 | H24: =IF((G24-G23)<0,"0",(G24-G23)) -> 53335 | I24: =F24+H24 -> 76330 | J24: 371170 | K24: =(IF((J24-J23)<0,"0",(J24-J23)))*2 -> 11516 | L24: 643236 | M24: =IF((L24-L23)<0,"0",(L24-L23)) -> 6301 | N24: 7309121 | O24: =(IF((N24-N23)<0,"0",(N24-N23)))*2 -> 16522 | P24: 7781917 | Q24: =IF((P24-P23)<0,"0",(P24-P23)) -> 14055 | R24: 22111199 | S24: =IF((R24-R23)<0,"0",(R24-R23)) -> 10249 | T24: 0 | V24: 129902 | W24: =IF((V24-V23)<0,"0",(V24-V23)) -> 11058 | X24: =K24+M24+O24+Q24+S24+U24+W24 -> 69701 | Y24: =I24-X24 -> 6629 | Z24: =(0.93352*(W24+S24)+0.5568*(Q24+O24))*0.26 -> 9598.1039 | AA24: =SUM(Z1:Z24) -> 224238.25
A25: 44796 | B25: 175 | C25: 20026 | D25: =IF((C25-C24)<0,"0",(C25-C24))*160 -> 640 | E25: 33005699 | F25: =IF((E25-E24)<0,"0",(E25-E24)) -> 19302 | G25: 4206838 | H25: =IF((G25-G24)<0,"0",(G25-G24)) -> 45236 | I25: =F25+H25 -> 64538 | J25: 376000 | K25: =(IF((J25-J24)<0,"0",(J25-J24)))*2 -> 9660 | L25: 648654 | M25: =IF((L25-L24)<0,"0",(L25-L24)) -> 5418 | N25: 7315969 | O25: =(IF((N25-N24)<0,"0",(N25-N24)))*2 -> 13696 | P25: 7793658 | Q25: =IF((P25-P24)<0,"0",(P25-P24)) -> 11741 | R25: 22119960 | S25: =IF((R25-R24)<0,"0",(R25-R24)) -> 8761 | T25: 0 | V25: 139313 | W25: =IF((V25-V24)<0,"0",(V25-V24)) -> 9411 | X25: =K25+M25+O25+Q25+S25+U25+W25 -> 58687 | Y25: =I25-X25 -> 5851 | Z25: =(0.93352*(W25+S25)+0.5568*(Q25+O25))*0.26 -> 8093.0842 | AA25: =SUM(Z1:Z25) -> 232331.34
A26: 44797 | B26: 177 | C26: 20031 | D26: =IF((C26-C25)<0,"0",(C26-C25))*160 -> 800 | E26: 33030316 | F26: =IF((E26-E25)<0,"0",(E26-E25)) -> 24617 | G26: 4267232 | H26: =IF((G26-G25)<0,"0",(G26-G25)) -> 60394 | I26: =F26+H26 -> 85011 | J26: 382034 | K26: =(IF((J26-J25)<0,"0",(J26-J25)))*2 -> 12068 | L26: 655736 | M26: =IF((L26-L25)<0,"0",(L26-L25)) -> 7082 | N26: 7324632 | O26: =(IF((N26-N25)<0,"0",(N26-N25)))*2 -> 17326 | P26: 7808300 | Q26: =IF((P26-P25)<0,"0",(P26-P25)) -> 14642 | R26: 22132016 | S26: =IF((R26-R25)<0,"0",(R26-R25)) -> 12056 | T26: 0 | V26: 152215 | W26: =IF((V26-V25)<0,"0",(V26-V25)) -> 12902 | X26: =K26+M26+O26+Q26+S26+U26+W26 -> 76076 | Y26: =I26-X26 -> 8935 | Z26: =(0.93352*(W26+S26)+0.5568*(Q26+O26))*0.26 -> 10685.629 | AA26: =SUM(Z1:Z26) -> 243016.96
A27: 44798 | B27: 180 | C27: 20035 | D27: =IF((C27-C26)<0,"0",(C27-C26))*160 -> 640 | E27: 33053879 | F27: =IF((E27-E26)<0,"0",(E27-E26)) -> 23563 | G27: 4322179 | H27: =IF((G27-G26)<0,"0",(G27-G26)) -> 54947 | I27: =F27+H27 -> 78510 | J27: 387556 | K27: =(IF((J27-J26)<0,"0",(J27-J26)))*2 -> 11044 | L27: 662015 | M27: =IF((L27-L26)<0,"0",(L27-L26)) -> 6279 | N27: 7333176 | O27: =(IF((N27-N26)<0,"0",(N27-N26)))*2 -> 17088 | P27: 7822686 | Q27: =IF((P27-P26)<0,"0",(P27-P26)) -> 14386 | R27: 22142728 | S27: =IF((R27-R26)<0,"0",(R27-R26)) -> 10712 | T27: 0 | V27: 163596 | W27: =IF((V27-V26)<0,"0",(V27-V26)) -> 11381 | X27: =K27+M27+O27+Q27+S27+U27+W27 -> 70890 | Y27: =I27-X27 -> 7620 | Z27: =(0.93352*(W27+S27)+0.5568*(Q27+O27))*0.26 -> 9918.7349 | AA27: =SUM(Z1:Z27) -> 252935.7
A28: 44799 | B28: 188 | C28: 20039 | D28: =IF((C28-C27)<0,"0",(C28-C27))*160 -> 640 | E28: 33081304 | F28: =IF((E28-E27)<0,"0",(E28-E27)) -> 27425 | G28: 4387716 | H28: =IF((G28-G27)<0,"0",(G28-G27)) -> 65537 | I28: =F28+H28 -> 92962 | J28: 393698 | K28: =(IF((J28-J27)<0,"0",(J28-J27)))*2 -> 12284 | L28: 669224 | M28: =IF((L28-L27)<0,"0",(L28-L27)) -> 7209 | N28: 7343017 | O28: =(IF((N28-N27)<0,"0",(N28-N27)))*2 -> 19682 | P28: 7839091 | Q28: =IF((P28-P27)<0,"0",(P28-P27)) -> 16405 | R28: 22156359 | S28: =IF((R28-R27)<0,"0",(R28-R27)) -> 13631 | T28: 0 | V28: 177349 | W28: =IF((V28-V27)<0,"0",(V28-V27)) -> 13753 | X28: =K28+M28+O28+Q28+S28+U28+W28 -> 82964 | Y28: =I28-X28 -> 9998 | Z28: =(0.93352*(W28+S28)+0.5568*(Q28+O28))*0.26 -> 11870.756 | AA28: =SUM(Z1:Z28) -> 264806.46
A29: 44800 | B29: 154 | C29: 20043 | D29: =IF((C29-C28)<0,"0",(C29-C28))*160 -> 640 | E29: 33101199 | F29: =IF((E29-E28)<0,"0",(E29-E28)) -> 19895 | G29: 4436944 | H29: =IF((G29-G28)<0,"0",(G29-G28)) -> 49228 | I29: =F29+H29 -> 69123 | J29: 398672 | K29: =(IF((J29-J28)<0,"0",(J29-J28)))*2 -> 9948 | L29: 674448 | M29: =IF((L29-L28)<0,"0",(L29-L28)) -> 5224 | N29: 7350367 | O29: =(IF((N29-N28)<0,"0",(N29-N28)))*2 -> 14700 | P29: 7851312 | Q29: =IF((P29-P28)<0,"0",(P29-P28)) -> 12221 | R29: 22166366 | S29: =IF((R29-R28)<0,"0",(R29-R28)) -> 10007 | T29: 0 | V29: 187662 | W29: =IF((V29-V28)<0,"0",(V29-V28)) -> 10313 | X29: =K29+M29+O29+Q29+S29+U29+W29 -> 62413 | Y29: =I29-X29 -> 6710 | Z29: =(0.93352*(W29+S29)+0.5568*(Q29+O29))*0.26 -> 8829.2722 | AA29: =SUM(Z1:Z29) -> 273635.73
A30: 44801 | B30: 212 | C30: 20046 | D30: =IF((C30-C29)<0,"0",(C30-C29))*160 -> 480 | E30: 33126213 | F30: =IF((E30-E29)<0,"0",(E30-E29)) -> 25014 | G30: 4495654 | H30: =IF((G30-G29)<0,"0",(G30-G29)) -> 58710 | I30: =F30+H30 -> 83724 | J30: 404974 | K30: =(IF((J30-J29)<0,"0",(J30-J29)))*2 -> 12604 | L30: 681257 | M30: =IF((L30-L29)<0,"0",(L30-L29)) -> 6809 | N30: 7359409 | O30: =(IF((N30-N29)<0,"0",(N30-N29)))*2 -> 18084 | P30: 7866590 | Q30: =IF((P30-P29)<0,"0",(P30-P29)) -> 15278 | R30: 22178152 | S30: =IF((R30-R29)<0,"0",(R30-R29)) -> 11786 | T30: 0 | V30: 199945 | W30: =IF((V30-V29)<0,"0",(V30-V29)) -> 12283 | X30: =K30+M30+O30+Q30+S30+U30+W30 -> 76844 | Y30: =I30-X30 -> 6880 | Z30: =(0.93352*(W30+S30)+0.5568*(Q30+O30))*0.26 -> 10671.662 | AA30: =SUM(Z1:Z30) -> 284307.39
A31: 44802 | B31: 197 | C31: 20051 | D31: =IF((C31-C30)<0,"0",(C31-C30))*160 -> 800 | E31: 33153571 | F31: =IF((E31-E30)<0,"0",(E31-E30)) -> 27358 | G31: 4559754 | H31: =IF((G31-G30)<0,"0",(G31-G30)) -> 64100 | I31: =F31+H31 -> 91458 | J31: 411566 | K31: =(IF((J31-J30)<0,"0",(J31-J30)))*2 -> 13184 | L31: 688886 | M31: =IF((L31-L30)<0,"0",(L31-L30)) -> 7629 | N31: 7369172 | O31: =(IF((N31-N30)<0,"0",(N31-N30)))*2 -> 19526 | P31: 7882473 | Q31: =IF((P31-P30)<0,"0",(P31-P30)) -> 15883 | R31: 22190931 | S31: =IF((R31-R30)<0,"0",(R31-R30)) -> 12779 | T31: 0 | V31: 213045 | W31: =IF((V31-V30)<0,"0",(V31-V30)) -> 13100 | X31: =K31+M31+O31+Q31+S31+U31+W31 -> 82101 | Y31: =I31-X31 -> 9357 | Z31: =(0.93352*(W31+S31)+0.5568*(Q31+O31))*0.26 -> 11407.317 | AA31: =SUM(Z1:Z31) -> 295714.71
A32: 44803 | B32: 155 | C32: 20056 | D32: =IF((C32-C31)<0,"0",(C32-C31))*160 -> 800 | E32: 33172712 | F32: =IF((E32-E31)<0,"0",(E32-E31)) -> 19141 | G32: 4604460 | H32: =IF((G32-G31)<0,"0",(G32-G31)) -> 44706 | I32: =F32+H32 -> 63847 | J32: 416185 | K32: =(IF((J32-J31)<0,"0",(J32-J31)))*2 -> 9238 | L32: 694124 | M32: =IF((L32-L31)<0,"0",(L32-L31)) -> 5238 | N32: 7376027 | O32: =(IF((N32-N31)<0,"0",(N32-N31)))*2 -> 13710 | P32: 7893717 | Q32: =IF((P32-P31)<0,"0",(P32-P31)) -> 11244 | R32: 22200187 | S32: =IF((R32-R31)<0,"0",(R32-R31)) -> 9256 | T32: 0 | V32: 222228 | W32: =IF((V32-V31)<0,"0",(V32-V31)) -> 9183 | X32: =K32+M32+O32+Q32+S32+U32+W32 -> 57869 | Y32: =I32-X32 -> 5978 | Z32: =(0.93352*(W32+S32)+0.5568*(Q32+O32))*0.26 -> 8087.9662 | AA32: =SUM(Z1:Z32) -> 303802.67
A33: 44804 | B33: 230 | C33: 20060 | D33: =IF((C33-C32)<0,"0",(C33-C32))*160 -> 640 | E33: 33201142 | F33: =IF((E33-E32)<0,"0",(E33-E32)) -> 28430 | G33: 4671912 | H33: =IF((G33-G32)<0,"0",(G33-G32)) -> 67452 | I33: =F33+H33 -> 95882 | J33: 422838 | K33: =(IF((J33-J32)<0,"0",(J33-J32)))*2 -> 13306 | L33: 701909 | M33: =IF((L33-L32)<0,"0",(L33-L32)) -> 7785 | N33: 7386230 | O33: =(IF((N33-N32)<0,"0",(N33-N32)))*2 -> 20406 | P33: 7910768 | Q33: =IF((P33-P32)<0,"0",(P33-P32)) -> 17051 | R33: 22213458 | S33: =IF((R33-R32)<0,"0",(R33-R32)) -> 13271 | T33: 0 | V33: 236531 | W33: =IF((V33-V32)<0,"0",(V33-V32)) -> 14303 | X33: =K33+M33+O33+Q33+S33+U33+W33 -> 86122 | Y33: =I33-X33 -> 9760 | Z33: =(0.93352*(W33+S33)+0.5568*(Q33+O33))*0.26 -> 12115.204 | AA33: =SUM(Z2:Z33) -> 315917.88
A34: Total | B34: =SUM(B3:B33) -> 5811 | C34: 0 | D34: =SUM(D3:D33) -> 21280 | E34: 0 | F34: =SUM(F3:F33) -> 755372 | G34: 0 | H34: =SUM(H3:H33) -> 1742571 | I34: 92693 | J34: 0 | K34: =SUM(K3:K33) -> 355608 | L34: 0 | M34: =SUM(M3:M33) -> 204222 | N34: 0 | O34: =SUM(O3:O33) -> 544746 | P34: 0 | Q34: =SUM(Q3:Q33) -> 442817 | R34: 0 | S34: =SUM(S3:S33) -> 342702 | T34: =SUM(T4:T33) -> 0 | U34: =SUM(U4:U33) -> 0 | V34: 0 | W34: =SUM(W3:W33) -> 369863 | X34: =SUM(X3:X33) -> 2259958 | Y34: =SUM(Y2:Y33) -> 237985 | Z34: =SUM(Z2:Z33) -> 315917.88 | AA34: =SUM(AA3:AA33) -> 5043997.4

Sheet Water
A1: Day | B1: Main Reading | C1: Cons. | D1: Podium | E1: Cons. | F1: Hotel | G1: Cons. | H1: Large | I1: Cons. | J1: Total | K1: cost.LE
A2: 44773 | B2: 456526 | D2: 11606 | F2: 10527500 | H2: 804064 | J2: =C2+E2+G2+I2 -> 0 | K2: =J2*5.86 -> 0
A3: 44774 | B3: 456649 | C3: =(IF((B3-B2)<0,"0",(B3-B2)))*10 -> 1230 | D3: 11654 | E3: =(IF((D3-D2)<0,"0",(D3-D2)))*10 -> 480 | F3: 10551200 | G3: =(IF((F3-F2)<0,"0",(F3-F2)))*0.027 -> 639.9 | H3: 804192 | I3: =(IF((H3-H2)<0,"0",(H3-H2)))*0.027 -> 3.456 | J3: =C3+E3+G3+I3 -> 2353.356 | K3: =J3*5.86 -> 13790.666
A4: 44775 | B4: 456748 | C4: =(IF((B4-B3)<0,"0",(B4-B3)))*10 -> 990 | D4: 11686 | E4: =(IF((D4-D3)<0,"0",(D4-D3)))*10 -> 320 | F4: 10573000 | G4: =(IF((F4-F3)<0,"0",(F4-F3)))*0.027 -> 588.6 | H4: 804308 | I4: =(IF((H4-H3)<0,"0",(H4-H3)))*0.027 -> 3.132 | J4: =C4+E4+G4+I4 -> 1901.732 | K4: =J4*5.86 -> 11144.15
A5: 44776 | B5: 456869 | C5: =(IF((B5-B4)<0,"0",(B5-B4)))*10 -> 1210 | D5: 11730 | E5: =(IF((D5-D4)<0,"0",(D5-D4)))*10 -> 440 | F5: 10597800 | G5: =(IF((F5-F4)<0,"0",(F5-F4)))*0.027 -> 669.6 | H5: 804451 | I5: =(IF((H5-H4)<0,"0",(H5-H4)))*0.027 -> 3.861 | J5: =C5+E5+G5+I5 -> 2323.461 | K5: =J5*5.86 -> 13615.481
A6: 44777 | B6: 457057 | C6: =(IF((B6-B5)<0,"0",(B6-B5)))*10 -> 1880 | D6: 11775 | E6: =(IF((D6-D5)<0,"0",(D6-D5)))*10 -> 450 | F6: 10619300 | G6: =(IF((F6-F5)<0,"0",(F6-F5)))*0.027 -> 580.5 | H6: 804585 | I6: =(IF((H6-H5)<0,"0",(H6-H5)))*0.027 -> 3.618 | J6: =C6+E6+G6+I6 -> 2914.118 | K6: =J6*5.86 -> 17076.731
A7: 44778 | B7: 457139 | C7: =(IF((B7-B6)<0,"0",(B7-B6)))*10 -> 820 | D7: 11811 | E7: =(IF((D7-D6)<0,"0",(D7-D6)))*10 -> 360 | F7: 10636700 | G7: =(IF((F7-F6)<0,"0",(F7-F6)))*0.027 -> 469.8 | H7: 804687 | I7: =(IF((H7-H6)<0,"0",(H7-H6)))*0.027 -> 2.754 | J7: =C7+E7+G7+I7 -> 1652.554 | K7: =J7*5.86 -> 9683.9664
A8: 44779 | B8: 457148 | C8: =(IF((B8-B7)<0,"0",(B8-B7)))*10 -> 90 | D8: 11852 | E8: =(IF((D8-D7)<0,"0",(D8-D7)))*10 -> 410 | F8: 10657700 | G8: =(IF((F8-F7)<0,"0",(F8-F7)))*0.027 -> 567 | H8: 804801 | I8: =(IF((H8-H7)<0,"0",(H8-H7)))*0.027 -> 3.078 | J8: =C8+E8+G8+I8 -> 1070.078 | K8: =J8*5.86 -> 6270.6571
A9: 44780 | B9: 457231 | C9: =(IF((B9-B8)<0,"0",(B9-B8)))*10 -> 830 | D9: 11896 | E9: =(IF((D9-D8)<0,"0",(D9-D8)))*10 -> 440 | F9: 10680100 | G9: =(IF((F9-F8)<0,"0",(F9-F8)))*0.027 -> 604.8 | H9: 804941 | I9: =(IF((H9-H8)<0,"0",(H9-H8)))*0.027 -> 3.78 | J9: =C9+E9+G9+I9 -> 1878.58 | K9: =J9*5.86 -> 11008.479
A10: 44781 | B10: 457334 | C10: =(IF((B10-B9)<0,"0",(B10-B9)))*10 -> 1030 | D10: 11937 | E10: =(IF((D10-D9)<0,"0",(D10-D9)))*10 -> 410 | F10: 10699800 | G10: =(IF((F10-F9)<0,"0",(F10-F9)))*0.027 -> 531.9 | H10: 805059 | I10: =(IF((H10-H9)<0,"0",(H10-H9)))*0.027 -> 3.186 | J10: =C10+E10+G10+I10 -> 1975.086 | K10: =J10*5.86 -> 11574.004
A11: 44782 | B11: 457434 | C11: =(IF((B11-B10)<0,"0",(B11-B10)))*10 -> 1000 | D11: 11982 | E11: =(IF((D11-D10)<0,"0",(D11-D10)))*10 -> 450 | F11: 10721700 | G11: =(IF((F11-F10)<0,"0",(F11-F10)))*0.027 -> 591.3 | H11: 805188 | I11: =(IF((H11-H10)<0,"0",(H11-H10)))*0.027 -> 3.483 | J11: =C11+E11+G11+I11 -> 2044.783 | K11: =J11*5.86 -> 11982.428
A12: 44783 | B12: 457532 | C12: =(IF((B12-B11)<0,"0",(B12-B11)))*10 -> 980 | D12: 12023 | E12: =(IF((D12-D11)<0,"0",(D12-D11)))*10 -> 410 | F12: 10742800 | G12: =(IF((F12-F11)<0,"0",(F12-F11)))*0.027 -> 569.7 | H12: 805324 | I12: =(IF((H12-H11)<0,"0",(H12-H11)))*0.027 -> 3.672 | J12: =C12+E12+G12+I12 -> 1963.372 | K12: =J12*5.86 -> 11505.36
A13: 44784 | B13: 457652 | C13: =(IF((B13-B12)<0,"0",(B13-B12)))*10 -> 1200 | D13: 12071 | E13: =(IF((D13-D12)<0,"0",(D13-D12)))*10 -> 480 | F13: 10765100 | G13: =(IF((F13-F12)<0,"0",(F13-F12)))*0.027 -> 602.1 | H13: 805452 | I13: =(IF((H13-H12)<0,"0",(H13-H12)))*0.027 -> 3.456 | J13: =C13+E13+G13+I13 -> 2285.556 | K13: =J13*5.86 -> 13393.358
A14: 44785 | B14: 457762 | C14: =(IF((B14-B13)<0,"0",(B14-B13)))*10 -> 1100 | D14: 12114 | E14: =(IF((D14-D13)<0,"0",(D14-D13)))*10 -> 430 | F14: 10786200 | G14: =(IF((F14-F13)<0,"0",(F14-F13)))*0.027 -> 569.7 | H14: 805580 | I14: =(IF((H14-H13)<0,"0",(H14-H13)))*0.027 -> 3.456 | J14: =C14+E14+G14+I14 -> 2103.156 | K14: =J14*5.86 -> 12324.494
... A17: 44788 | B17: 458045 | C17: =(IF((B17-B16)<0,"0",(B17-B16)))*10 -> 720 | D17: 12244 | E17: =(IF((D17-D16)<0,"0",(D17-D16)))*10 -> 420 | F17: 10850200 | G17: =(IF((F17-F16)<0,"0",(F17-F16)))*0.027 -> 567 | H17: 805945 | I17: =(IF((H17-H16)<0,"0",(H17-H16)))*0.027 -> 3.429 | J17: =C17+E17+G17+I17 -> 1710.429 | K17: =J17*5.86 -> 10023.114
A18: 44789 | B18: 458155 | C18: =(IF((B18-B17)<0,"0",(B18-B17)))*10 -> 1100 | D18: 12287 | E18: =(IF((D18-D17)<0,"0",(D18-D17)))*10 -> 430 | F18: 10873600 | G18: =(IF((F18-F17)<0,"0",(F18-F17)))*0.027 -> 631.8 | H18: 806077 | I18: =(IF((H18-H17)<0,"0",(H18-H17)))*0.027 -> 3.564 | J18: =C18+E18+G18+I18 -> 2165.364 | K18: =J18*5.86 -> 12689.033 | Q18: `
A19: 44790 | B19: 458274 | C19: =(IF((B19-B18)<0,"0",(B19-B18)))*10 -> 1190 | D19: 12339 | E19: =(IF((D19-D18)<0,"0",(D19-D18)))*10 -> 520 | F19: 10895300 | G19: =(IF((F19-F18)<0,"0",(F19-F18)))*0.027 -> 585.9 | H19: 806235 | I19: =(IF((H19-H18)<0,"0",(H19-H18)))*0.027 -> 4.266 | J19: =C19+E19+G19+I19 -> 2300.166 | K19: =J19*5.86 -> 13478.973
A20: 44791 | B20: 458383 | C20: =(IF((B20-B19)<0,"0",(B20-B19)))*10 -> 1090 | D20: 12371 | E20: =(IF((D20-D19)<0,"0",(D20-D19)))*10 -> 320 | F20: 10917000 | G20: =(IF((F20-F19)<0,"0",(F20-F19)))*0.027 -> 585.9 | H20: 806380 | I20: =(IF((H20-H19)<0,"0",(H20-H19)))*0.027 -> 3.915 | J20: =C20+E20+G20+I20 -> 1999.815 | K20: =J20*5.86 -> 11718.916
A21: 44792 | B21: 458500 | C21: =(IF((B21-B20)<0,"0",(B21-B20)))*10 -> 1170 | D21: 12428 | E21: =(IF((D21-D20)<0,"0",(D21-D20)))*10 -> 570 | F21: 10939600 | G21: =(IF((F21-F20)<0,"0",(F21-F20)))*0.027 -> 610.2 | H21: 806487 | I21: =(IF((H21-H20)<0,"0",(H21-H20)))*0.027 -> 2.889 | J21: =C21+E21+G21+I21 -> 2353.089 | K21: =J21*5.86 -> 13789.102
A22: 44793 | B22: 458628 | C22: =(IF((B22-B21)<0,"0",(B22-B21)))*10 -> 1280 | D22: 12492 | E22: =(IF((D22-D21)<0,"0",(D22-D21)))*10 -> 640 | F22: 10963800 | G22: =(IF((F22-F21)<0,"0",(F22-F21)))*0.027 -> 653.4 | H22: 806618 | I22: =(IF((H22-H21)<0,"0",(H22-H21)))*0.027 -> 3.537 | J22: =C22+E22+G22+I22 -> 2576.937 | K22: =J22*5.86 -> 15100.851
A23: 44794 | B23: 458749 | C23: =(IF((B23-B22)<0,"0",(B23-B22)))*10 -> 1210 | D23: 12545 | E23: =(IF((D23-D22)<0,"0",(D23-D22)))*10 -> 530 | F23: 10986200 | G23: =(IF((F23-F22)<0,"0",(F23-F22)))*0.027 -> 604.8 | H23: 806755 | I23: =(IF((H23-H22)<0,"0",(H23-H22)))*0.027 -> 3.699 | J23: =C23+E23+G23+I23 -> 2348.499 | K23: =J23*5.86 -> 13762.204
A24: 44795 | B24: 458851 | C24: =(IF((B24-B23)<0,"0",(B24-B23)))*10 -> 1020 | D24: 12585 | E24: =(IF((D24-D23)<0,"0",(D24-D23)))*10 -> 400 | F24: 11010000 | G24: =(IF((F24-F23)<0,"0",(F24-F23)))*0.027 -> 642.6 | H24: 806898 | I24: =(IF((H24-H23)<0,"0",(H24-H23)))*0.027 -> 3.861 | J24: =C24+E24+G24+I24 -> 2066.461 | K24: =J24*5.86 -> 12109.461
A25: 44796 | B25: 458981 | C25: =(IF((B25-B24)<0,"0",(B25-B24)))*10 -> 1300 | D25: 12634 | E25: =(IF((D25-D24)<0,"0",(D25-D24)))*10 -> 490 | F25: 11034800 | G25: =(IF((F25-F24)<0,"0",(F25-F24)))*0.027 -> 669.6 | H25: 807056 | I25: =(IF((H25-H24)<0,"0",(H25-H24)))*0.027 -> 4.266 | J25: =C25+E25+G25+I25 -> 2463.866 | K25: =J25*5.86 -> 14438.255
A26: 44797 | B26: 459082 | C26: =(IF((B26-B25)<0,"0",(B26-B25)))*10 -> 1010 | D26: 12676 | E26: =(IF((D26-D25)<0,"0",(D26-D25)))*10 -> 420 | F26: 11059200 | G26: =(IF((F26-F25)<0,"0",(F26-F25)))*0.027 -> 658.8 | H26: 807180 | I26: =(IF((H26-H25)<0,"0",(H26-H25)))*0.027 -> 3.348 | J26: =C26+E26+G26+I26 -> 2092.148 | K26: =J26*5.86 -> 12259.987
A27: 44798 | B27: 459188 | C27: =(IF((B27-B26)<0,"0",(B27-B26)))*10 -> 1060 | D27: 12720 | E27: =(IF((D27-D26)<0,"0",(D27-D26)))*10 -> 440 | F27: 11083400 | G27: =(IF((F27-F26)<0,"0",(F27-F26)))*0.027 -> 653.4 | H27: 807311 | I27: =(IF((H27-H26)<0,"0",(H27-H26)))*0.027 -> 3.537 | J27: =C27+E27+G27+I27 -> 2156.937 | K27: =J27*5.86 -> 12639.651
A28: 44799 | B28: 459282 | C28: =(IF((B28-B27)<0,"0",(B28-B27)))*10 -> 940 | D28: 12761 | E28: =(IF((D28-D27)<0,"0",(D28-D27)))*10 -> 410 | F28: 11105800 | G28: =(IF((F28-F27)<0,"0",(F28-F27)))*0.027 -> 604.8 | H28: 807446 | I28: =(IF((H28-H27)<0,"0",(H28-H27)))*0.027 -> 3.645 | J28: =C28+E28+G28+I28 -> 1958.445 | K28: =J28*5.86 -> 11476.488
A29: 44800 | B29: 459388 | C29: =(IF((B29-B28)<0,"0",(B29-B28)))*10 -> 1060 | D29: 12804 | E29: =(IF((D29-D28)<0,"0",(D29-D28)))*10 -> 430 | F29: 11131400 | G29: =(IF((F29-F28)<0,"0",(F29-F28)))*0.027 -> 691.2 | H29: 807606 | I29: =(IF((H29-H28)<0,"0",(H29-H28)))*0.027 -> 4.32 | J29: =C29+E29+G29+I29 -> 2185.52 | K29: =J29*5.86 -> 12807.147
A30: 44801 | B30: 459488 | C30: =(IF((B30-B29)<0,"0",(B30-B29)))*10 -> 1000 | D30: 12845 | E30: =(IF((D30-D29)<0,"0",(D30-D29)))*10 -> 410 | F30: 11155000 | G30: =(IF((F30-F29)<0,"0",(F30-F29)))*0.027 -> 637.2 | H30: 807768 | I30: =(IF((H30-H29)<0,"0",(H30-H29)))*0.027 -> 4.374 | J30: =C30+E30+G30+I30 -> 2051.574 | K30: =J30*5.86 -> 12022.224
... A33: 44804 | B33: 459795 | C33: =(IF((B33-B32)<0,"0",(B33-B32)))*10 -> 1100 | D33: 12991 | E33: =(IF((D33-D32)<0,"0",(D33-D32)))*10 -> 560 | F33: 11222500 | G33: =(IF((F33-F32)<0,"0",(F33-F32)))*0.027 -> 577.8 | H33: 808267 | I33: =(IF((H33-H32)<0,"0",(H33-H32)))*0.027 -> 4.509 | J33: =C33+E33+G33+I33 -> 2242.309 | K33: =J33*5.86 -> 13139.931
A34: Total | C34: =SUM(C3:C33) -> 32690 | E34: =SUM(E3:E33) -> 13850 | G34: =SUM(G3:G33) -> 18765 | I34: =SUM(I3:I33) -> 113.481 | J34: 0 | K34: =SUM(K4:K33) -> 369561.63

Sheet Gas
A1: Day | B1: Main | C1: Cons.
A2: 44773 | B2: 18421000
A3: 44774 | B3: 18423084 | C3: =IF((B3-B2)<0,"0",(B3-B2)) -> 2084
A4: 44775 | B4: 18425241 | C4: =IF((B4-B3)<0,"0",(B4-B3)) -> 2157
A5: 44776 | B5: 18427294 | C5: =IF((B5-B4)<0,"0",(B5-B4)) -> 2053
A6: 44777 | B6: 18429781 | C6: =IF((B6-B5)<0,"0",(B6-B5)) -> 2487
A7: 44778 | B7: 18431120 | C7: =IF((B7-B6)<0,"0",(B7-B6)) -> 1339
A8: 44779 | B8: 18432560 | C8: =IF((B8-B7)<0,"0",(B8-B7)) -> 1440
A9: 44780 | B9: 18433926 | C9: =IF((B9-B8)<0,"0",(B9-B8)) -> 1366
A10: 44781 | B10: 18435989 | C10: =IF((B10-B9)<0,"0",(B10-B9)) -> 2063
A11: 44782 | B11: 18437958 | C11: =IF((B11-B10)<0,"0",(B11-B10)) -> 1969
A12: 44783 | B12: 18439784 | C12: =IF((B12-B11)<0,"0",(B12-B11)) -> 1826
A13: 44784 | B13: 18441650 | C13: =IF((B13-B12)<0,"0",(B13-B12)) -> 1866
A14: 44785 | B14: 18443302 | C14: =IF((B14-B13)<0,"0",(B14-B13)) -> 1652
... A33: 44804 | B33: 18479856 | C33: =IF((B33-B32)<0,"0",(B33-B32)) -> 1753
A34: Total | C34: =SUM(C4:C33) -> 56772

Sheet BTU
A1: Day | B1: Hotel | C1: Cons. Mwh | D1: Cost (LE) | E1: B.S | F1: Cons. Mwh | G1: Cost (LE) | H1: LS | I1: Cons.Mwh | J1: Cost (LE) | K1: AHU # 25 | L1: Cons.Mwh | M1: Cost (LE) | N1: Mall | O1: Cons.Mwh | P1: Cost (LE) | Q1: AHU # 9 | R1: Cons.Mwh | S1: Cost (LE) | T1: Total Cons. | U1: Total Cost (LE) | W1: Water consumption for cooling towers | AB1: Chilled Water | AD1: Oil Boiler | AF1: B2 Cooling tower
A2: 44773 | B2: 24297.015 | D2: =C2*1.9*1000 -> 0 | E2: 4401.546 | G2: =F2*1.9*1000 -> 0 | H2: 5734 | J2: =I2*1.9*1000 -> 0 | K2: 14118.72 | M2: =L2*1.9*1000 -> 0 | N2: 3656.79 | P2: =O2*1.9*1000 -> 0 | Q2: 5472.25 | S2: =R2*1.9*1000 -> 0 | T2: =C2+F2+I2+L2+O2+R2 -> 0 | U2: =T2*1.9*1000 -> 0 | W2: 44773 | X2: 193600 | Z2: 9656 | AB2: 31 | AD2: 650 | AF2: 8426
A3: 44774 | B3: 24312.777 | C3: =IF((B3-B2)<0,"0",(B3-B2)) -> 15.762 | D3: =C3*1.9*1000 -> 29947.8 | E3: 4405.292 | F3: =IF((E3-E2)<0,"0",(E3-E2)) -> 3.746 | G3: =F3*1.9*1000 -> 7117.4 | H3: 5742 | I3: =IF((H3-H2)<0,"0",(H3-H2)) -> 8 | J3: =I3*1.9*1000 -> 15200 | K3: 14121.5 | L3: =IF((K3-K2)<0,"0",(K3-K2)) -> 2.78 | M3: =L3*1.9*1000 -> 5282 | N3: 3658.734 | O3: =IF((N3-N2)<0,"0",(N3-N2)) -> 1.944 | P3: =O3*1.9*1000 -> 3693.6 | Q3: 5471.07 | R3: =IF((Q3-Q2)<0,"0",(Q3-Q2)) -> 0 | S3: =R3*1.9*1000 -> 0 | T3: =C3+F3+I3+L3+O3+R3 -> 32.232 | U3: =T3*1.9*1000 -> 61240.8 | W3: 44774 | X3: 193953 | Y3: =IF((X3-X2)<0,"0",(X3-X2)) -> 353 | Z3: 9664 | AA3: =IF((Z3-Z2)<0,"0",(Z3-Z2)) -> 8 | AB3: 31 | AC3: =IF((AB3-AB2)<0,"0",(AB3-AB2)) -> 0 | AD3: 650 | AE3: =IF((AD3-AD2)<0,"0",(AD3-AD2)) -> 0 | AF3: 8439 | AG3: =IF((AF3-AF2)<0,"0",(AF3-AF2)) -> 13
A4: 44775 | B4: 24326 | C4: =IF((B4-B3)<0,"0",(B4-B3)) -> 13.223 | D4: =C4*1.9*1000 -> 25123.7 | E4: 4408 | F4: =IF((E4-E3)<0,"0",(E4-E3)) -> 2.708 | G4: =F4*1.9*1000 -> 5145.2 | H4: 5749 | I4: =IF((H4-H3)<0,"0",(H4-H3)) -> 7 | J4: =I4*1.9*1000 -> 13300 | K4: 14123.7 | L4: =IF((K4-K3)<0,"0",(K4-K3)) -> 2.2 | M4: =L4*1.9*1000 -> 4180 | N4: 3660.7 | O4: =IF((N4-N3)<0,"0",(N4-N3)) -> 1.966 | P4: =O4*1.9*1000 -> 3735.4 | Q4: 5472.9 | R4: =IF((Q4-Q3)<0,"0",(Q4-Q3)) -> 1.83 | S4: =R4*1.9*1000 -> 3477 | T4: =C4+F4+I4+L4+O4+R4 -> 28.927 | U4: =T4*1.9*1000 -> 54961.3 | W4: 44775 | X4: 194278 | Y4: =IF((X4-X3)<0,"0",(X4-X3)) -> 325 | Z4: 9677 | AA4: =IF((Z4-Z3)<0,"0",(Z4-Z3)) -> 13 | AB4: 31 | AC4: =IF((AB4-AB3)<0,"0",(AB4-AB3)) -> 0 | AD4: 650 | AE4: =IF((AD4-AD3)<0,"0",(AD4-AD3)) -> 0 | AF4: 8456 | AG4: =IF((AF4-AF3)<0,"0",(AF4-AF3)) -> 17
A5: 44776 | B5: 24340.973 | C5: =IF((B5-B4)<0,"0",(B5-B4)) -> 14.973 | D5: =C5*1.9*1000 -> 28448.7 | E5: 4411.925 | F5: =IF((E5-E4)<0,"0",(E5-E4)) -> 3.925 | G5: =F5*1.9*1000 -> 7457.5 | H5: 5758 | I5: =IF((H5-H4)<0,"0",(H5-H4)) -> 9 | J5: =I5*1.9*1000 -> 17100 | K5: 14126.37 | L5: =IF((K5-K4)<0,"0",(K5-K4)) -> 2.67 | M5: =L5*1.9*1000 -> 5073 | N5: 3662.742 | O5: =IF((N5-N4)<0,"0",(N5-N4)) -> 2.042 | P5: =O5*1.9*1000 -> 3879.8 | Q5: 5474.1 | R5: =IF((Q5-Q4)<0,"0",(Q5-Q4)) -> 1.2 | S5: =R5*1.9*1000 -> 2280 | T5: =C5+F5+I5+L5+O5+R5 -> 33.81 | U5: =T5*1.9*1000 -> 64239 | W5: 44776 | X5: 194727 | Y5: =IF((X5-X4)<0,"0",(X5-X4)) -> 449 | Z5: 9689 | AA5: =IF((Z5-Z4)<0,"0",(Z5-Z4)) -> 12 | AB5: 31 | AC5: =IF((AB5-AB4)<0,"0",(AB5-AB4)) -> 0 | AD5: 650 | AE5: =IF((AD5-AD4)<0,"0",(AD5-AD4)) -> 0 | AF5: 8468 | AG5: =IF((AF5-AF4)<0,"0",(AF5-AF4)) -> 12
A6: 44777 | B6: 24356.899 | C6: =IF((B6-B5)<0,"0",(B6-B5)) -> 15.926 | D6: =C6*1.9*1000 -> 30259.4 | E6: 4416.036 | F6: =IF((E6-E5)<0,"0",(E6-E5)) -> 4.111 | G6: =F6*1.9*1000 -> 7810.9 | H6: 5768 | I6: =IF((H6-H5)<0,"0",(H6-H5)) -> 10 | J6: =I6*1.9*1000 -> 19000 | K6: 14129 | L6: =IF((K6-K5)<0,"0",(K6-K5)) -> 2.63 | M6: =L6*1.9*1000 -> 4997 | N6: 3664.733 | O6: =IF((N6-N5)<0,"0",(N6-N5)) -> 1.991 | P6: =O6*1.9*1000 -> 3782.9 | Q6: 5477.84 | R6: =IF((Q6-Q5)<0,"0",(Q6-Q5)) -> 3.74 | S6: =R6*1.9*1000 -> 7106 | T6: =C6+F6+I6+L6+O6+R6 -> 38.398 | U6: =T6*1.9*1000 -> 72956.2 | W6: 44777 | X6: 194973 | Y6: =IF((X6-X5)<0,"0",(X6-X5)) -> 246 | Z6: 9695 | AA6: =IF((Z6-Z5)<0,"0",(Z6-Z5)) -> 6 | AB6: 31 | AC6: =IF((AB6-AB5)<0,"0",(AB6-AB5)) -> 0 | AD6: 650 | AE6: =IF((AD6-AD5)<0,"0",(AD6-AD5)) -> 0 | AF6: 8468 | AG6: =IF((AF6-AF5)<0,"0",(AF6-AF5)) -> 0
A7: 44778 | B7: 24372.007 | C7: =IF((B7-B6)<0,"0",(B7-B6)) -> 15.108 | D7: =C7*1.9*1000 -> 28705.2 | E7: 4417.957 | F7: =IF((E7-E6)<0,"0",(E7-E6)) -> 1.921 | G7: =F7*1.9*1000 -> 3649.9 | H7: 5775 | I7: =IF((H7-H6)<0,"0",(H7-H6)) -> 7 | J7: =I7*1.9*1000 -> 13300 | K7: 14132.19 | L7: =IF((K7-K6)<0,"0",(K7-K6)) -> 3.19 | M7: =L7*1.9*1000 -> 6061 | N7: 3666.748 | O7: =IF((N7-N6)<0,"0",(N7-N6)) -> 2.015 | P7: =O7*1.9*1000 -> 3828.5 | Q7: 5480.05 | R7: =IF((Q7-Q6)<0,"0",(Q7-Q6)) -> 2.21 | S7: =R7*1.9*1000 -> 4199 | T7: =C7+F7+I7+L7+O7+R7 -> 31.444 | U7: =T7*1.9*1000 -> 59743.6 | W7: 44778 | X7: 195273 | Y7: =IF((X7-X6)<0,"0",(X7-X6)) -> 300 | Z7: 9699 | AA7: =IF((Z7-Z6)<0,"0",(Z7-Z6)) -> 4 | AB7: 31 | AC7: =IF((AB7-AB6)<0,"0",(AB7-AB6)) -> 0 | AD7: 650 | AE7: =IF((AD7-AD6)<0,"0",(AD7-AD6)) -> 0 | AF7: 8498 | AG7: =IF((AF7-AF6)<0,"0",(AF7-AF6)) -> 30
A8: 44779 | B8: 24384.828 | C8: =IF((B8-B7)<0,"0",(B8-B7)) -> 12.821 | D8: =C8*1.9*1000 -> 24359.9 | E8: 4420.185 | F8: =IF((E8-E7)<0,"0",(E8-E7)) -> 2.228 | G8: =F8*1.9*1000 -> 4233.2 | H8: 5783 | I8: =IF((H8-H7)<0,"0",(H8-H7)) -> 8 | J8: =I8*1.9*1000 -> 15200 | K8: 14134.97 | L8: =IF((K8-K7)<0,"0",(K8-K7)) -> 2.78 | M8: =L8*1.9*1000 -> 5282 | N8: 3668.699 | O8: =IF((N8-N7)<0,"0",(N8-N7)) -> 1.951 | P8: =O8*1.9*1000 -> 3706.9 | Q8: 5482.42 | R8: =IF((Q8-Q7)<0,"0",(Q8-Q7)) -> 2.37 | S8: =R8*1.9*1000 -> 4503 | T8: =C8+F8+I8+L8+O8+R8 -> 30.15 | U8: =T8*1.9*1000 -> 57285 | W8: 44779 | X8: 195567 | Y8: =IF((X8-X7)<0,"0",(X8-X7)) -> 294 | Z8: 9704 | AA8: =IF((Z8-Z7)<0,"0",(Z8-Z7)) -> 5 | AB8: 31 | AC8: =IF((AB8-AB7)<0,"0",(AB8-AB7)) -> 0 | AD8: 650 | AE8: =IF((AD8-AD7)<0,"0",(AD8-AD7)) -> 0 | AF8: 8498 | AG8: =IF((AF8-AF7)<0,"0",(AF8-AF7)) -> 0
A9: 44780 | B9: 24403.161 | C9: =IF((B9-B8)<0,"0",(B9-B8)) -> 18.333 | D9: =C9*1.9*1000 -> 34832.7 | E9: 4423.9 | F9: =IF((E9-E8)<0,"0",(E9-E8)) -> 3.715 | G9: =F9*1.9*1000 -> 7058.5 | H9: 5793 | I9: =IF((H9-H8)<0,"0",(H9-H8)) -> 10 | J9: =I9*1.9*1000 -> 19000 | K9: 14138.7 | L9: =IF((K9-K8)<0,"0",(K9-K8)) -> 3.73 | M9: =L9*1.9*1000 -> 7087 | N9: 3671.4 | O9: =IF((N9-N8)<0,"0",(N9-N8)) -> 2.701 | P9: =O9*1.9*1000 -> 5131.9 | Q9: 5484.7 | R9: =IF((Q9-Q8)<0,"0",(Q9-Q8)) -> 2.28 | S9: =R9*1.9*1000 -> 4332 | T9: =C9+F9+I9+L9+O9+R9 -> 40.759 | U9: =T9*1.9*1000 -> 77442.1 | W9: 44780 | X9: 195993 | Y9: =IF((X9-X8)<0,"0",(X9-X8)) -> 426 | Z9: 9710 | AA9: =IF((Z9-Z8)<0,"0",(Z9-Z8)) -> 6 | AB9: 31 | AC9: =IF((AB9-AB8)<0,"0",(AB9-AB8)) -> 0 | AD9: 650 | AE9: =IF((AD9-AD8)<0,"0",(AD9-AD8)) -> 0 | AF9: 8529 | AG9: =IF((AF9-AF8)<0,"0",(AF9-AF8)) -> 31
A10: 44781 | B10: 24415.655 | C10: =IF((B10-B9)<0,"0",(B10-B9)) -> 12.494 | D10: =C10*1.9*1000 -> 23738.6 | E10: 4426.016 | F10: =IF((E10-E9)<0,"0",(E10-E9)) -> 2.116 | G10: =F10*1.9*1000 -> 4020.4 | H10: 5800 | I10: =IF((H10-H9)<0,"0",(H10-H9)) -> 7 | J10: =I10*1.9*1000 -> 13300 | K10: 14140.18 | L10: =IF((K10-K9)<0,"0",(K10-K9)) -> 1.48 | M10: =L10*1.9*1000 -> 2812 | N10: 3672.989 | O10: =IF((N10-N9)<0,"0",(N10-N9)) -> 1.589 | P10: =O10*1.9*1000 -> 3019.1 | Q10: 5485.24 | R10: =IF((Q10-Q9)<0,"0",(Q10-Q9)) -> 0.54 | S10: =R10*1.9*1000 -> 1026 | T10: =C10+F10+I10+L10+O10+R10 -> 25.219 | U10: =T10*1.9*1000 -> 47916.1 | W10: 44781 | X10: 196229 | Y10: =IF((X10-X9)<0,"0",(X10-X9)) -> 236 | Z10: 9715 | AA10: =IF((Z10-Z9)<0,"0",(Z10-Z9)) -> 5 | AB10: 31 | AC10: =IF((AB10-AB9)<0,"0",(AB10-AB9)) -> 0 | AD10: 650 | AE10: =IF((AD10-AD9)<0,"0",(AD10-AD9)) -> 0 | AF10: 8541 | AG10: =IF((AF10-AF9)<0,"0",(AF10-AF9)) -> 12
A11: 44782 | B11: 24425.675 | C11: =IF((B11-B10)<0,"0",(B11-B10)) -> 10.02 | D11: =C11*1.9*1000 -> 19038 | E11: 4429.316 | F11: =IF((E11-E10)<0,"0",(E11-E10)) -> 3.3 | G11: =F11*1.9*1000 -> 6270 | H11: 5807 | I11: =IF((H11-H10)<0,"0",(H11-H10)) -> 7 | J11: =I11*1.9*1000 -> 13300 | K11: 14142.08 | L11: =IF((K11-K10)<0,"0",(K11-K10)) -> 1.9 | M11: =L11*1.9*1000 -> 3610 | N11: 3674.289 | O11: =IF((N11-N10)<0,"0",(N11-N10)) -> 1.3 | P11: =O11*1.9*1000 -> 2470 | Q11: 5486.24 | R11: =IF((Q11-Q10)<0,"0",(Q11-Q10)) -> 1 | S11: =R11*1.9*1000 -> 1900 | T11: =C11+F11+I11+L11+O11+R11 -> 24.52 | U11: =T11*1.9*1000 -> 46588 | W11: 44782 | X11: 196529 | Y11: =IF((X11-X10)<0,"0",(X11-X10)) -> 300 | Z11: 9720 | AA11: =IF((Z11-Z10)<0,"0",(Z11-Z10)) -> 5 | AB11: 31 | AC11: =IF((AB11-AB10)<0,"0",(AB11-AB10)) -> 0 | AD11: 650 | AE11: =IF((AD11-AD10)<0,"0",(AD11-AD10)) -> 0 | AF11: 8551 | AG11: =IF((AF11-AF10)<0,"0",(AF11-AF10)) -> 10
A12: 44783 | B12: 24440.524 | C12: =IF((B12-B11)<0,"0",(B12-B11)) -> 14.849 | D12: =C12*1.9*1000 -> 28213.1 | E12: 4433.083 | F12: =IF((E12-E11)<0,"0",(E12-E11)) -> 3.767 | G12: =F12*1.9*1000 -> 7157.3 | H12: 5816 | I12: =IF((H12-H11)<0,"0",(H12-H11)) -> 9 | J12: =I12*1.9*1000 -> 17100 | K12: 14144.82 | L12: =IF((K12-K11)<0,"0",(K12-K11)) -> 2.74 | M12: =L12*1.9*1000 -> 5206 | N12: 3675.949 | O12: =IF((N12-N11)<0,"0",(N12-N11)) -> 1.66 | P12: =O12*1.9*1000 -> 3154 | Q12: 5487.29 | R12: =IF((Q12-Q11)<0,"0",(Q12-Q11)) -> 1.05 | S12: =R12*1.9*1000 -> 1995 | T12: =C12+F12+I12+L12+O12+R12 -> 33.066 | U12: =T12*1.9*1000 -> 62825.4 | W12: 44783 | X12: 196857 | Y12: =IF((X12-X11)<0,"0",(X12-X11)) -> 328 | Z12: 9725 | AA12: =IF((Z12-Z11)<0,"0",(Z12-Z11)) -> 5 | AB12: 31 | AC12: =IF((AB12-AB11)<0,"0",(AB12-AB11)) -> 0 | AD12: 650 | AE12: =IF((AD12-AD11)<0,"0",(AD12-AD11)) -> 0 | AF12: 8565 | AG12: =IF((AF12-AF11)<0,"0",(AF12-AF11)) -> 14
A13: 44784 | B13: 24455.979 | C13: =IF((B13-B12)<0,"0",(B13-B12)) -> 15.455 | D13: =C13*1.9*1000 -> 29364.5 | E13: 4436.543 | F13: =IF((E13-E12)<0,"0",(E13-E12)) -> 3.46 | G13: =F13*1.9*1000 -> 6574 | H13: 5824 | I13: =IF((H13-H12)<0,"0",(H13-H12)) -> 8 | J13: =I13*1.9*1000 -> 15200 | K13: 14147.37 | L13: =IF((K13-K12)<0,"0",(K13-K12)) -> 2.55 | M13: =L13*1.9*1000 -> 4845 | N13: 3678.011 | O13: =IF((N13-N12)<0,"0",(N13-N12)) -> 2.062 | P13: =O13*1.9*1000 -> 3917.8 | Q13: 5488.41 | R13: =IF((Q13-Q12)<0,"0",(Q13-Q12)) -> 1.12 | S13: =R13*1.9*1000 -> 2128 | T13: =C13+F13+I13+L13+O13+R13 -> 32.647 | U13: =T13*1.9*1000 -> 62029.3 | W13: 44784 | X13: 197206 | Y13: =IF((X13-X12)<0,"0",(X13-X12)) -> 349 | Z13: 9730 | AA13: =IF((Z13-Z12)<0,"0",(Z13-Z12)) -> 5 | AB13: 31 | AC13: =IF((AB13-AB12)<0,"0",(AB13-AB12)) -> 0 | AD13: 650 | AE13: =IF((AD13-AD12)<0,"0",(AD13-AD12)) -> 0 | AF13: 8574 | AG13: =IF((AF13-AF12)<0,"0",(AF13-AF12)) -> 9
A14: 44785 | B14: 24470 | C14: =IF((B14-B13)<0,"0",(B14-B13)) -> 14.021 | D14: =C14*1.9*1000 -> 26639.9 | E14: 4438.274 | F14: =IF((E14-E13)<0,"0",(E14-E13)) -> 1.731 | G14: =F14*1.9*1000 -> 3288.9 | H14: 5831 | I14: =IF((H14-H13)<0,"0",(H14-H13)) -> 7 | J14: =I14*1.9*1000 -> 13300 | K14: 14149.95 | L14: =IF((K14-K13)<0,"0",(K14-K13)) -> 2.58 | M14: =L14*1.9*1000 -> 4902 | N14: 3679.81 | O14: =IF((N14-N13)<0,"0",(N14-N13)) -> 1.799 | P14: =O14*1.9*1000 -> 3418.1 | Q14: 5489.34 | R14: =IF((Q14-Q13)<0,"0",(Q14-Q13)) -> 0.93 | S14: =R14*1.9*1000 -> 1767 | T14: =C14+F14+I14+L14+O14+R14 -> 28.061 | U14: =T14*1.9*1000 -> 53315.9 | W14: 44785 | X14: 197488 | Y14: =IF((X14-X13)<0,"0",(X14-X13)) -> 282 | Z14: 9734 | AA14: =IF((Z14-Z13)<0,"0",(Z14-Z13)) -> 4 | AB14: 31.5 | AC14: =IF((AB14-AB13)<0,"0",(AB14-AB13)) -> 0.5 | AD14: 650 | AE14: =IF((AD14-AD13)<0,"0",(AD14-AD13)) -> 0 | AF14: 8584 | AG14: =IF((AF14-AF13)<0,"0",(AF14-AF13)) -> 10
... A33: 44804 | B33: 24738.928 | C33: =IF((B33-B32)<0,"0",(B33-B32)) -> 13.594 | D33: =C33*1.9*1000 -> 25828.6 | E33: 4495.045 | F33: =IF((E33-E32)<0,"0",(E33-E32)) -> 2.926 | G33: =F33*1.9*1000 -> 5559.4 | H33: 5991 | I33: =IF((H33-H32)<0,"0",(H33-H32)) -> 8 | J33: =I33*1.9*1000 -> 15200 | K33: 14198.43 | L33: =IF((K33-K32)<0,"0",(K33-K32)) -> 2.185 | M33: =L33*1.9*1000 -> 4151.5 | N33: 3722.139 | O33: =IF((N33-N32)<0,"0",(N33-N32)) -> 1.9 | P33: =O33*1.9*1000 -> 3610 | Q33: 5508.88 | R33: =IF((Q33-Q32)<0,"0",(Q33-Q32)) -> 1.7 | S33: =R33*1.9*1000 -> 3230 | T33: =C33+F33+I33+L33+O33+R33 -> 30.305 | U33: =T33*1.9*1000 -> 57579.5 | W33: 44804 | X33: 203898 | Y33: =IF((X33-X32)<0,"0",(X33-X32)) -> 263 | Z33: 9873 | AA33: =IF((Z33-Z32)<0,"0",(Z33-Z32)) -> 3 | AB33: 33.6 | AC33: =IF((AB33-AB32)<0,"0",(AB33-AB32)) -> 0.6 | AD33: 655 | AE33: =IF((AD33-AD32)<0,"0",(AD33-AD32)) -> 3 | AF33: 8847 | AG33: =IF((AF33-AF32)<0,"0",(AF33-AF32)) -> 15
A34: Total | C34: =SUM(C3:C33) -> 441.913 | D34: =SUM(D4:D33) -> 809686.9 | F34: =SUM(F3:F33) -> 93.499 | G34: =SUM(G4:G33) -> 170530.7 | I34: =SUM(I3:I33) -> 257 | J34: =SUM(J4:J33) -> 473100 | L34: =SUM(L3:L33) -> 79.71 | M34: =SUM(M4:M33) -> 146167 | O34: =SUM(O3:O33) -> 65.349 | P34: =SUM(P4:P33) -> 120469.5 | R34: 2.21 | S34: =SUM(S4:S33) -> 71839 | T34: 22.455 | U34: =SUM(U4:U33) -> 1791793.1 | W34: Total cons. | Y34: =SUM(Y3:Y33) -> 10298 | AA34: =SUM(AA3:AA33) -> 217 | AC34: =SUM(AC3:AC33) -> 2.6 | AE34: =SUM(AE3:AE33) -> 5 | AF34: 0 | AG34: =SUM(AG3:AG33) -> 422

Sheet Plaza and residential
B1: Floor | C1: Type | D1: Acutal till May. 2022 | E1: Acutal till Jun. 2022 | F1: Consumption | G1: Note | I1: Floor | J1: Type | K1: Acutal till June. 2022 | L1: Acutal till July. 2022 | M1: Consumption | N1: Note | P1: Floor | Q1: Type | R1: Acutal till July. 2022 | S1: Acutal till Aug. 2022 | T1: Consumption | U1: Note
B2: 6 | C2: Jade | D2: 287938 | E2: 288742 | F2: =IF((E2-D2)<0,"0",(E2-D2)) -> 804 | I2: 6 | J2: Jade | K2: 288742 | L2: 289312 | M2: =IF((L2-K2)<0,"0",(L2-K2)) -> 570 | P2: 6 | Q2: Jade | R2: 289312 | S2: 289776 | T2: =IF((S2-R2)<0,"0",(S2-R2)) -> 464
C3: Pearl | D3: 250637 | E3: 250971 | F3: =IF((E3-D3)<0,"0",(E3-D3)) -> 334 | J3: Pearl | K3: 250971 | L3: 251243 | M3: =IF((L3-K3)<0,"0",(L3-K3)) -> 272 | Q3: Pearl | R3: 251243 | S3: 251578 | T3: =IF((S3-R3)<0,"0",(S3-R3)) -> 335
C4: Topaz | D4: 196128 | E4: 169541 | F4: 413 | J4: Topaz | K4: 196541 | L4: 196864 | M4: =IF((L4-K4)<0,"0",(L4-K4)) -> 323 | Q4: Topaz | R4: 196864 | S4: 197120 | T4: =IF((S4-R4)<0,"0",(S4-R4)) -> 256
B5: 7 | C5: Jade | D5: 253773 | E5: 255027 | F5: =IF((E5-D5)<0,"0",(E5-D5)) -> 1254 | I5: 7 | J5: Jade | K5: 255027 | L5: 256336 | M5: =IF((L5-K5)<0,"0",(L5-K5)) -> 1309 | P5: 7 | Q5: Jade | R5: 256336 | S5: 257058 | T5: =IF((S5-R5)<0,"0",(S5-R5)) -> 722
C6: Pearl | D6: 156465 | E6: 156602 | F6: =IF((E6-D6)<0,"0",(E6-D6)) -> 137 | J6: Pearl | K6: 156602 | L6: 157464 | M6: =IF((L6-K6)<0,"0",(L6-K6)) -> 862 | Q6: Pearl | R6: 157464 | S6: 158012 | T6: =IF((S6-R6)<0,"0",(S6-R6)) -> 548
C7: Topaz | D7: 130529 | E7: 130857 | F7: =IF((E7-D7)<0,"0",(E7-D7)) -> 328 | J7: Topaz | K7: 130857 | L7: 131769 | M7: =IF((L7-K7)<0,"0",(L7-K7)) -> 912 | Q7: Topaz | R7: 131769 | S7: 132401 | T7: =IF((S7-R7)<0,"0",(S7-R7)) -> 632
B8: 8 | C8: Jade | D8: 78348 | E8: 78755 | F8: =IF((E8-D8)<0,"0",(E8-D8)) -> 407 | I8: 8 | J8: Jade | K8: 78755 | L8: 80321 | M8: =IF((L8-K8)<0,"0",(L8-K8)) -> 1566 | P8: 8 | Q8: Jade | R8: 80321 | S8: 81272 | T8: =IF((S8-R8)<0,"0",(S8-R8)) -> 951
C9: Pearl | D9: 158 | E9: 158 | F9: =IF((E9-D9)<0,"0",(E9-D9)) -> 0 | J9: Pearl | K9: 158 | L9: 158 | M9: =IF((L9-K9)<0,"0",(L9-K9)) -> 0 | Q9: Pearl | R9: 158 | S9: 158 | T9: =IF((S9-R9)<0,"0",(S9-R9)) -> 0
C10: Topaz | D10: 104361 | E10: 105117 | F10: =IF((E10-D10)<0,"0",(E10-D10)) -> 756 | J10: Topaz | K10: 105117 | L10: 105926 | M10: =IF((L10-K10)<0,"0",(L10-K10)) -> 809 | Q10: Topaz | R10: 105926 | S10: 106513 | T10: =IF((S10-R10)<0,"0",(S10-R10)) -> 587
B11: 9 | C11: Jade | D11: 35075 | E11: 35141 | F11: =IF((E11-D11)<0,"0",(E11-D11)) -> 66 | I11: 9 | J11: Jade | K11: 35141 | L11: 35175 | M11: =IF((L11-K11)<0,"0",(L11-K11)) -> 34 | P11: 9 | Q11: Jade | R11: 35175 | S11: 35206 | T11: =IF((S11-R11)<0,"0",(S11-R11)) -> 31
C12: Pearl | D12: 0 | E12: 0 | F12: =IF((E12-D12)<0,"0",(E12-D12)) -> 0 | J12: Pearl | K12: 0 | L12: 0 | M12: =IF((L12-K12)<0,"0",(L12-K12)) -> 0 | Q12: Pearl | R12: 0 | S12: 0 | T12: =IF((S12-R12)<0,"0",(S12-R12)) -> 0
C13: Topaz | D13: 29487 | E13: 29599 | F13: =IF((E13-D13)<0,"0",(E13-D13)) -> 112 | J13: Topaz | K13: 29599 | L13: 29718 | M13: =IF((L13-K13)<0,"0",(L13-K13)) -> 119 | Q13: Topaz | R13: 29718 | S13: 29802 | T13: =IF((S13-R13)<0,"0",(S13-R13)) -> 84
B14: 10 | C14: Jade | D14: 217872 | E14: 219754 | F14: =IF((E14-D14)<0,"0",(E14-D14)) -> 1882 | I14: 10 | J14: Jade | K14: 219754 | L14: 221706 | M14: =IF((L14-K14)<0,"0",(L14-K14)) -> 1952 | P14: 10 | Q14: Jade | R14: 221706 | S14: 223186 | T14: =IF((S14-R14)<0,"0",(S14-R14)) -> 1480
C15: Pearl | D15: 8006 | E15: 8006 | F15: =IF((E15-D15)<0,"0",(E15-D15)) -> 0 | J15: Pearl | K15: 8006 | L15: 8006 | M15: =IF((L15-K15)<0,"0",(L15-K15)) -> 0 | Q15: Pearl | R15: 8006 | S15: 8011 | T15: =IF((S15-R15)<0,"0",(S15-R15)) -> 5
C16: Topaz | D16: 198936 | E16: 199984 | F16: =IF((E16-D16)<0,"0",(E16-D16)) -> 1048 | J16: Topaz | K16: 199984 | L16: 200541 | M16: =IF((L16-K16)<0,"0",(L16-K16)) -> 557 | Q16: Topaz | R16: 200541 | S16: 201131 | T16: =IF((S16-R16)<0,"0",(S16-R16)) -> 590
B17: 11 | C17: Jade | D17: 68064 | E17: 68249 | F17: =IF((E17-D17)<0,"0",(E17-D17)) -> 185 | I17: 11 | J17: Jade | K17: 68249 | L17: 68535 | M17: =IF((L17-K17)<0,"0",(L17-K17)) -> 286 | P17: 11 | Q17: Jade | R17: 68535 | S17: 68732 | T17: =IF((S17-R17)<0,"0",(S17-R17)) -> 197
C18: Pearl | D18: 225269 | E18: 226416 | F18: =IF((E18-D18)<0,"0",(E18-D18)) -> 1147 | J18: Pearl | K18: 226416 | L18: 227507 | M18: =IF((L18-K18)<0,"0",(L18-K18)) -> 1091 | Q18: Pearl | R18: 227507 | S18: 228067 | T18: =IF((S18-R18)<0,"0",(S18-R18)) -> 560
C19: Topaz | D19: 31314 | E19: 31368 | F19: =IF((E19-D19)<0,"0",(E19-D19)) -> 54 | J19: Topaz | K19: 31368 | L19: 31435 | M19: =IF((L19-K19)<0,"0",(L19-K19)) -> 67 | Q19: Topaz | R19: 31435 | S19: 31466 | T19: =IF((S19-R19)<0,"0",(S19-R19)) -> 31
B20: 12 | C20: Jade | D20: 147148 | E20: 147275 | F20: =IF((E20-D20)<0,"0",(E20-D20)) -> 127 | I20: 12 | J20: Jade | K20: 147275 | L20: 147413 | M20: =IF((L20-K20)<0,"0",(L20-K20)) -> 138 | P20: 12 | Q20: Jade | R20: 147413 | S20: 147570 | T20: =IF((S20-R20)<0,"0",(S20-R20)) -> 157
C21: Pearl | D21: 23301 | E21: 23351 | F21: =IF((E21-D21)<0,"0",(E21-D21)) -> 50 | J21: Pearl | K21: 23351 | L21: 23406 | M21: =IF((L21-K21)<0,"0",(L21-K21)) -> 55 | Q21: Pearl | R21: 23406 | S21: 23440 | T21: =IF((S21-R21)<0,"0",(S21-R21)) -> 34
C22: Topaz | D22: 256806 | E22: 257916 | F22: =IF((E22-D22)<0,"0",(E22-D22)) -> 1110 | J22: Topaz | K22: 257916 | L22: 258383 | M22: =IF((L22-K22)<0,"0",(L22-K22)) -> 467 | Q22: Topaz | R22: 258383 | S22: 258660 | T22: =IF((S22-R22)<0,"0",(S22-R22)) -> 277
B23: 14 | C23: Jade | D23: 119046 | E23: 119408 | F23: =IF((E23-D23)<0,"0",(E23-D23)) -> 362 | I23: 14 | J23: Jade | K23: 119408 | L23: 119720 | M23: =IF((L23-K23)<0,"0",(L23-K23)) -> 312 | P23: 14 | Q23: Jade | R23: 119720 | S23: 120021 | T23: =IF((S23-R23)<0,"0",(S23-R23)) -> 301
C24: Pearl | D24: 35994 | E24: 36899 | F24: =IF((E24-D24)<0,"0",(E24-D24)) -> 905 | J24: Pearl | K24: 36899 | L24: 37456 | M24: =IF((L24-K24)<0,"0",(L24-K24)) -> 557 | Q24: Pearl | R24: 37456 | S24: 37881 | T24: =IF((S24-R24)<0,"0",(S24-R24)) -> 425
C25: Topaz | D25: 1968 | E25: 1984 | F25: =IF((E25-D25)<0,"0",(E25-D25)) -> 16 | J25: Topaz | K25: 1984 | L25: 1991 | M25: =IF((L25-K25)<0,"0",(L25-K25)) -> 7 | Q25: Topaz | R25: 1991 | S25: 2001 | T25: =IF((S25-R25)<0,"0",(S25-R25)) -> 10
B26: 15 | C26: Jade | D26: 39357 | E26: 39357 | F26: =IF((E26-D26)<0,"0",(E26-D26)) -> 0 | I26: 15 | J26: Jade | K26: 39357 | L26: 39357 | M26: =IF((L26-K26)<0,"0",(L26-K26)) -> 0 | P26: 15 | Q26: Jade | R26: 39357 | S26: 39357 | T26: =IF((S26-R26)<0,"0",(S26-R26)) -> 0
C27: Pearl | D27: 85079 | E27: 85452 | F27: =IF((E27-D27)<0,"0",(E27-D27)) -> 373 | J27: Pearl | K27: 85452 | L27: 85836 | M27: =IF((L27-K27)<0,"0",(L27-K27)) -> 384 | Q27: Pearl | R27: 85836 | S27: 86104 | T27: =IF((S27-R27)<0,"0",(S27-R27)) -> 268
C28: Topaz | D28: 164130 | E28: 165029 | F28: =IF((E28-D28)<0,"0",(E28-D28)) -> 899 | J28: Topaz | K28: 165029 | L28: 166031 | M28: =IF((L28-K28)<0,"0",(L28-K28)) -> 1002 | Q28: Topaz | R28: 166031 | S28: 166733 | T28: =IF((S28-R28)<0,"0",(S28-R28)) -> 702
B29: 16 | C29: Jade | D29: 97793 | E29: 97792 | F29: =IF((E29-D29)<0,"0",(E29-D29)) -> 0 | I29: 16 | J29: Jade | K29: 97792 | L29: 97793 | M29: =IF((L29-K29)<0,"0",(L29-K29)) -> 1 | P29: 16 | Q29: Jade | R29: 97793 | S29: 97792 | T29: =IF((S29-R29)<0,"0",(S29-R29)) -> 0
C30: Pearl | D30: 64290 | E30: 64550 | F30: =IF((E30-D30)<0,"0",(E30-D30)) -> 260 | J30: Pearl | K30: 64550 | L30: 64740 | M30: =IF((L30-K30)<0,"0",(L30-K30)) -> 190 | Q30: Pearl | R30: 64740 | S30: 65075 | T30: =IF((S30-R30)<0,"0",(S30-R30)) -> 335
C31: Topaz | D31: 69310 | E31: 69432 | F31: =IF((E31-D31)<0,"0",(E31-D31)) -> 122 | J31: Topaz | K31: 69432 | L31: 69433 | M31: =IF((L31-K31)<0,"0",(L31-K31)) -> 1 | Q31: Topaz | R31: 69433 | S31: 69432 | T31: =IF((S31-R31)<0,"0",(S31-R31)) -> 0
B32: 17 | C32: Jade | D32: 36565 | E32: 36877 | F32: =IF((E32-D32)<0,"0",(E32-D32)) -> 312 | I32: 17 | J32: Jade | K32: 36877 | L32: 37039 | M32: =IF((L32-K32)<0,"0",(L32-K32)) -> 162 | P32: 17 | Q32: Jade | R32: 37039 | S32: 37164 | T32: =IF((S32-R32)<0,"0",(S32-R32)) -> 125
C33: Pearl | D33: 64124 | E33: 64124 | F33: =IF((E33-D33)<0,"0",(E33-D33)) -> 0 | J33: Pearl | K33: 64124 | L33: 64124 | M33: =IF((L33-K33)<0,"0",(L33-K33)) -> 0 | Q33: Pearl | R33: 64124 | S33: 64125 | T33: =IF((S33-R33)<0,"0",(S33-R33)) -> 1
C34: Topaz | D34: 12130 | E34: 12228 | F34: =IF((E34-D34)<0,"0",(E34-D34)) -> 98 | J34: Topaz | K34: 12228 | L34: 12314 | M34: =IF((L34-K34)<0,"0",(L34-K34)) -> 86 | Q34: Topaz | R34: 12314 | S34: 12449 | T34: =IF((S34-R34)<0,"0",(S34-R34)) -> 135
B35: 18 | C35: Jade | D35: 253723 | E35: 255204 | F35: =IF((E35-D35)<0,"0",(E35-D35)) -> 1481 | I35: 18 | J35: Jade | K35: 255204 | L35: 257184 | M35: =IF((L35-K35)<0,"0",(L35-K35)) -> 1980 | P35: 18 | Q35: Jade | R35: 257184 | S35: 258487 | T35: =IF((S35-R35)<0,"0",(S35-R35)) -> 1303
C36: Pearl | D36: 19334 | E36: 19865 | F36: =IF((E36-D36)<0,"0",(E36-D36)) -> 531 | J36: Pearl | K36: 19865 | L36: 20089 | M36: =IF((L36-K36)<0,"0",(L36-K36)) -> 224 | Q36: Pearl | R36: 20089 | S36: 20089 | T36: =IF((S36-R36)<0,"0",(S36-R36)) -> 0
C37: Topaz | D37: 93299 | E37: 95011 | F37: =IF((E37-D37)<0,"0",(E37-D37)) -> 1712 | J37: Topaz | K37: 95011 | L37: 96328 | M37: =IF((L37-K37)<0,"0",(L37-K37)) -> 1317 | Q37: Topaz | R37: 96328 | S37: 97626 | T37: =IF((S37-R37)<0,"0",(S37-R37)) -> 1298
B38: 19 | C38: Jade | D38: 23840 | E38: 24416 | F38: =IF((E38-D38)<0,"0",(E38-D38)) -> 576 | I38: 19 | J38: Jade | K38: 24416 | L38: 24874 | M38: =IF((L38-K38)<0,"0",(L38-K38)) -> 458 | P38: 19 | Q38: Jade | R38: 24874 | S38: 25260 | T38: =IF((S38-R38)<0,"0",(S38-R38)) -> 386
C39: Pearl | D39: 84843 | E39: 85048 | F39: =IF((E39-D39)<0,"0",(E39-D39)) -> 205 | J39: Pearl | K39: 85048 | L39: 85379 | M39: =IF((L39-K39)<0,"0",(L39-K39)) -> 331 | Q39: Pearl | R39: 85379 | S39: 85529 | T39: =IF((S39-R39)<0,"0",(S39-R39)) -> 150
C40: Topaz | D40: 53053 | E40: 53052 | F40: =IF((E40-D40)<0,"0",(E40-D40)) -> 0 | J40: Topaz | K40: 53053 | L40: 53053 | M40: =IF((L40-K40)<0,"0",(L40-K40)) -> 0 | Q40: Topaz | R40: 53053 | S40: 53053 | T40: =IF((S40-R40)<0,"0",(S40-R40)) -> 0
B41: 20 | C41: Jade | D41: 121869 | E41: 122106 | F41: =IF((E41-D41)<0,"0",(E41-D41)) -> 237 | I41: 20 | J41: Jade | K41: 122106 | L41: 122354 | M41: =IF((L41-K41)<0,"0",(L41-K41)) -> 248 | P41: 20 | Q41: Jade | R41: 122354 | S41: 122525 | T41: =IF((S41-R41)<0,"0",(S41-R41)) -> 171
C42: Pearl | D42: 71994 | E42: 72822 | F42: =IF((E42-D42)<0,"0",(E42-D42)) -> 828 | J42: Pearl | K42: 72822 | L42: 74576 | M42: =IF((L42-K42)<0,"0",(L42-K42)) -> 1754 | Q42: Pearl | R42: 74576 | S42: 75660 | T42: =IF((S42-R42)<0,"0",(S42-R42)) -> 1084
C43: Topaz | D43: 3456 | E43: 3469 | F43: =IF((E43-D43)<0,"0",(E43-D43)) -> 13 | J43: Topaz | K43: 3469 | L43: 3482 | M43: =IF((L43-K43)<0,"0",(L43-K43)) -> 13 | Q43: Topaz | R43: 3482 | S43: 3523 | T43: =IF((S43-R43)<0,"0",(S43-R43)) -> 41
B45: 21 | C45: Emerald | D45: 3794 | E45: 3820 | F45: =IF((E45-D45)<0,"0",(E45-D45)) -> 26 | I45: 21 | J45: Emerald | K45: 3820 | L45: 3848 | M45: =IF((L45-K45)<0,"0",(L45-K45)) -> 28 | P45: 21 | Q45: Emerald | R45: 3848 | S45: 3911 | T45: =IF((S45-R45)<0,"0",(S45-R45)) -> 63
C46: Topaz | D46: 45855 | E46: 45860 | F46: =IF((E46-D46)<0,"0",(E46-D46)) -> 5 | J46: Topaz | K46: 45860 | L46: 45860 | M46: =IF((L46-K46)<0,"0",(L46-K46)) -> 0 | Q46: Topaz | R46: 45860 | S46: 45863 | T46: =IF((S46-R46)<0,"0",(S46-R46)) -> 3
B47: 22 | C47: Emerald | D47: 13770 | E47: 13771 | F47: =IF((E47-D47)<0,"0",(E47-D47)) -> 1 | I47: 22 | J47: Emerald | K47: 13771 | L47: 13771 | M47: =IF((L47-K47)<0,"0",(L47-K47)) -> 0 | P47: 22 | Q47: Emerald | R47: 13771 | S47: 13771 | T47: =IF((S47-R47)<0,"0",(S47-R47)) -> 0
C48: Topaz | D48: 21207 | E48: 21341 | F48: =IF((E48-D48)<0,"0",(E48-D48)) -> 134 | J48: Topaz | K48: 21341 | L48: 21494 | M48: =IF((L48-K48)<0,"0",(L48-K48)) -> 153 | Q48: Topaz | R48: 21494 | S48: 21596 | T48: =IF((S48-R48)<0,"0",(S48-R48)) -> 102
B49: 23 | C49: Emerald | F49: =IF((E49-D49)<0,"0",(E49-D49)) -> 0 | I49: 23 | J49: Emerald | M49: =IF((L49-K49)<0,"0",(L49-K49)) -> 0 | P49: 23 | Q49: Emerald | T49: =IF((S49-R49)<0,"0",(S49-R49)) -> 0
C50: Topaz | F50: =IF((E50-D50)<0,"0",(E50-D50)) -> 0 | J50: Topaz | M50: =IF((L50-K50)<0,"0",(L50-K50)) -> 0 | Q50: Topaz | T50: =IF((S50-R50)<0,"0",(S50-R50)) -> 0
F51: =IF((E51-D51)<0,"0",(E51-D51)) -> 0 | M51: =IF((L51-K51)<0,"0",(L51-K51)) -> 0 | T51: =IF((S51-R51)<0,"0",(S51-R51)) -> 0
B52: 24 | C52: Sapphire | D52: 254504 | E52: 255854 | F52: =IF((E52-D52)<0,"0",(E52-D52)) -> 1350 | I52: 24 | J52: Sapphire | K52: 255854 | L52: 256606 | M52: =IF((L52-K52)<0,"0",(L52-K52)) -> 752 | P52: 24 | Q52: Sapphire | R52: 256606 | S52: 257417 | T52: =IF((S52-R52)<0,"0",(S52-R52)) -> 811
C53: Ruby | D53: 540901 | E53: 541352 | F53: =IF((E53-D53)<0,"0",(E53-D53)) -> 451 | J53: Ruby | K53: 541352 | L53: 541849 | M53: =IF((L53-K53)<0,"0",(L53-K53)) -> 497 | Q53: Ruby | R53: 541849 | S53: 542198 | T53: =IF((S53-R53)<0,"0",(S53-R53)) -> 349
C54: Sapphire | D54: 34567 | E54: 34557 | F54: =IF((E54-D54)<0,"0",(E54-D54)) -> 0 | J54: Sapphire | K54: 34557 | L54: 34567 | M54: =IF((L54-K54)<0,"0",(L54-K54)) -> 10 | Q54: Sapphire | R54: 34567 | S54: 34567 | T54: =IF((S54-R54)<0,"0",(S54-R54)) -> 0
B55: 25 | C55: Sapphire | D55: 330 | E55: 330 | F55: =IF((E55-D55)<0,"0",(E55-D55)) -> 0 | I55: 25 | J55: Sapphire | K55: 330 | L55: 330 | M55: =IF((L55-K55)<0,"0",(L55-K55)) -> 0 | P55: 25 | Q55: Sapphire | R55: 330 | S55: 330 | T55: =IF((S55-R55)<0,"0",(S55-R55)) -> 0
C56: Ruby | D56: 3 | E56: 3 | F56: =IF((E56-D56)<0,"0",(E56-D56)) -> 0 | J56: Ruby | K56: 3 | L56: 3 | M56: =IF((L56-K56)<0,"0",(L56-K56)) -> 0 | Q56: Ruby | R56: 3 | S56: 3 | T56: =IF((S56-R56)<0,"0",(S56-R56)) -> 0
B57: 26 | C57: Sapphire | D57: 740310 | E57: 743691 | F57: =IF((E57-D57)<0,"0",(E57-D57)) -> 3381 | I57: 26 | J57: Sapphire | K57: 743691 | L57: 746414 | M57: =IF((L57-K57)<0,"0",(L57-K57)) -> 2723 | P57: 26 | Q57: Sapphire | R57: 746414 | S57: 748380 | T57: =IF((S57-R57)<0,"0",(S57-R57)) -> 1966
C58: Ruby | D58: 816379 | E58: 820373 | F58: =IF((E58-D58)<0,"0",(E58-D58)) -> 3994 | J58: Ruby | K58: 820373 | L58: 823930 | M58: =IF((L58-K58)<0,"0",(L58-K58)) -> 3557 | Q58: Ruby | R58: 823930 | S58: 826607 | T58: =IF((S58-R58)<0,"0",(S58-R58)) -> 2677
B59: 27 | C59: Sapphire | D59: 251124 | E59: 252317 | F59: =IF((E59-D59)<0,"0",(E59-D59)) -> 1193 | I59: 27 | J59: Sapphire | K59: 252317 | L59: 253313 | M59: =IF((L59-K59)<0,"0",(L59-K59)) -> 996 | P59: 27 | Q59: Sapphire | R59: 253313 | S59: 254074 | T59: =IF((S59-R59)<0,"0",(S59-R59)) -> 761
C60: Ruby | D60: 106703 | E60: 107034 | F60: =IF((E60-D60)<0,"0",(E60-D60)) -> 331 | J60: Ruby | K60: 107034 | L60: 107404 | M60: =IF((L60-K60)<0,"0",(L60-K60)) -> 370 | Q60: Ruby | R60: 107404 | S60: 108101 | T60: =IF((S60-R60)<0,"0",(S60-R60)) -> 697
F61: =IF((E61-D61)<0,"0",(E61-D61)) -> 0 | M61: =IF((L61-K61)<0,"0",(L61-K61)) -> 0 | T61: =IF((S61-R61)<0,"0",(S61-R61)) -> 0
B62: 28 | C62: Diamond | F62: =IF((E62-D62)<0,"0",(E62-D62)) -> 0 | G62: without | I62: 28 | J62: Diamond | M62: =IF((L62-K62)<0,"0",(L62-K62)) -> 0 | N62: without | P62: 28 | Q62: Diamond | T62: =IF((S62-R62)<0,"0",(S62-R62)) -> 0 | U62: without
F63: =IF((E63-D63)<0,"0",(E63-D63)) -> 0 | M63: =IF((L63-K63)<0,"0",(L63-K63)) -> 0 | T63: =IF((S63-R63)<0,"0",(S63-R63)) -> 0
B64: Total Electricity Consumption KW | F64: =SUM(F2:F63) -> 30010 | I64: Total Electricity Consumption KW | M64: =SUM(M2:M63) -> 29502 | P64: Total Electricity Consumption KW | T64: =SUM(T2:T63) -> 22105
A69: 44743 | F69: 44774 | K69: Cons.
A70: . | B70: 30 | C70: 35,40 | D70: 45,50 | F70: . | G70: 30 | H70: 35,40 | I70: 45,50 | K70: Floor | L70: 30 | M70: 35,40 | N70: 45,50
A71: 6 | B71: 99883 | C71: 60994 | D71: 78942 | F71: 6 | G71: 100280 | H71: 61362 | I71: 78970 | K71: 6 | L71: =G71-B71 -> 397 | M71: =H71-C71 -> 368 | N71: =I71-D71 -> 28
A72: 7 | B72: 102548 | C72: 106467 | D72: 68233 | F72: 7 | G72: 102687 | H72: 106619 | I72: 68308 | K72: 7 | L72: =G72-B72 -> 139 | M72: =H72-C72 -> 152 | N72: =I72-D72 -> 75
A73: 8 | B73: 122999 | C73: 270860 | D73: 114125 | F73: 8 | G73: 123456 | H73: 272139 | I73: 114347 | K73: 8 | L73: =G73-B73 -> 457 | M73: =H73-C73 -> 1279 | N73: =I73-D73 -> 222
A74: 9 | B74: 69792 | C74: 157459 | D74: 168287 | F74: 9 | G74: 69861 | H74: 157615 | I74: 169360 | K74: 9 | L74: =G74-B74 -> 69 | M74: =H74-C74 -> 156 | N74: =I74-D74 -> 1073
A75: 10 | B75: 78103 | C75: 128489 | D75: 159121 | F75: 10 | G75: 78103 | H75: 129344 | I75: 160742 | K75: 10 | L75: =G75-B75 -> 0 | M75: =H75-C75 -> 855 | N75: =I75-D75 -> 1621
A76: 11 | B76: 163743 | C76: 190828 | D76: 215091 | F76: 11 | G76: 164711 | H76: 191132 | I76: 215179 | K76: 11 | L76: =G76-B76 -> 968 | M76: =H76-C76 -> 304 | N76: =I76-D76 -> 88
A77: 12 | B77: 158150 | C77: 101293 | D77: 102186 | F77: 12 | G77: 158348 | H77: 101911 | I77: 102737 | K77: 12 | L77: =G77-B77 -> 198 | M77: =H77-C77 -> 618 | N77: =I77-D77 -> 551
A78: 14 | B78: 124003 | C78: 49838 | D78: 52206 | F78: 14 | G78: 124280 | H78: 49876 | I78: 52303 | K78: 14 | L78: =G78-B78 -> 277 | M78: =H78-C78 -> 38 | N78: =I78-D78 -> 97
A79: 15 | B79: 178020 | C79: 157903 | D79: 166133 | F79: 15 | G79: 178966 | H79: 159122 | I79: 166419 | K79: 15 | L79: =G79-B79 -> 946 | M79: =H79-C79 -> 1219 | N79: =I79-D79 -> 286
A80: 16 | B80: 131579 | C80: 159522 | D80: 221347 | F80: 16 | G80: 131922 | H80: 159821 | I80: 221459 | K80: 16 | L80: =G80-B80 -> 343 | M80: =H80-C80 -> 299 | N80: =I80-D80 -> 112
A81: 17 | B81: 38476 | C81: 89267 | D81: 204293 | F81: 17 | G81: 38476 | H81: 89273 | I81: 204397 | K81: 17 | L81: =G81-B81 -> 0 | M81: =H81-C81 -> 6 | N81: =I81-D81 -> 104
A82: 18 | B82: 143081 | C82: 75846 | D82: 167496 | F82: 18 | G82: 143344 | H82: 75883 | I82: 167774 | K82: 18 | L82: =G82-B82 -> 263 | M82: =H82-C82 -> 37 | N82: =I82-D82 -> 278
... A92: 28 | B92: 204409 | C92: 103540 | D92: 115215 | F92: 28 | G92: 204538 | H92: 103660 | I92: 115873 | K92: 28 | L92: =G92-B92 -> 129 | M92: =H92-C92 -> 120 | N92: =I92-D92 -> 658
A93: 29 | F93: 29 | H93: 0 | K93: 29 | L93: =G93-B93 -> 0 | M93: 0
A94: 30 | F94: 30 | H94: 0 | K94: 30 | L94: =G94-B94 -> 0 | M94: 0

Sheet Energy Monthly Statement
A1: Energy Monthly Statement Aug 2022
B2: Plant room | C2: =K8+K9+K14 -> 1033489 | D2: =C2*1.27 -> 1312531 | H2: Electric
H3: Feeder 1 | I3: =ELECT.!E2 -> 32445770 | J3: =ELECT.!E33 -> 33201142 | K3: =J3-I3 -> 755372
B4: With out Plant room | C4: Kwh | D4: LE | H4: Feeder 2 | I4: =ELECT.!G2 -> 2929341 | J4: =ELECT.!G33 -> 4671912 | K4: =J4-I4 -> 1742571
B5: Hotel | C5: =(K10+K12)*0.842284+K26 -> 932991.79 | D5: =C5*1.27 -> 1184899.6 | H5: Total | K5: =K3+K4 -> 2497943
B6: Plaza | C6: =(K10+K12+K26)*0.1488 -> 164231.75 | D6: =C6*1.27 -> 208574.32 | H6: Tr1 | I6: =ELECT.!J2 -> 245034 | J6: =ELECT.!J33 -> 422838 | K6: =J6-I6 -> 177804
B7: Large s. | C7: =(K6+K7)-(C8+C9+C10+C11+K26) -> 298070 | D7: =C7*1.27 -> 378548.9 | H7: Tr2 | I7: =ELECT.!L2 -> 497687 | J7: =ELECT.!L33 -> 701909 | K7: =J7-I7 -> 204222
B8: Mall | C8: =K21+K22+K23+K24 -> 34674 | D8: =C8*1.27 -> 44035.98 | H8: Tr3 | I8: =ELECT.!N2 -> 7113857 | J8: =ELECT.!N33 -> 7386230 | K8: =(J8-I8)*2 -> 544746
B9: EZZ | C9: =K25+K16+K17 -> 7712 | D9: =C9*1.27 -> 9794.24 | H9: Tr4 | I9: =ELECT.!P2 -> 7467951 | J9: =ELECT.!P33 -> 7910768 | K9: =J9-I9 -> 442817
B10: Citadle | C10: =K18 -> 15200 | D10: =C10*1.27 -> 19304 | H10: Tr5 | I10: =ELECT.!R2 -> 21870756 | J10: =ELECT.!R33 -> 22213458 | K10: =J10-I10 -> 342702
B11: CIB Bank | C11: =K19+K20 -> 5090 | D11: =C11*1.27 -> 6464.3 | H11: Tr6 | I11: 0 | J11: =ELECT.!G40 -> 0 | K11: =J11-I11 -> 0
H12: Tr7 | I12: =ELECT.!V2 -> 9866667 | J12: =ELECT.!V33+9999999 -> 10236530 | K12: =(J12-I12)*2 -> 739726
B13: Water | C13: M3 | D13: LE | H13: Total | K13: =SUM(K6:K12) -> 2452017
B14: Main | C14: =K29 -> 32690 | D14: =C14*10.03 -> 327880.7 | H14: loss | K14: =K5-K13 -> 45926
B15: Large suite | C15: =K30 -> 113.481 | D15: =C15*10.03 -> 1138.2144
B16: Plaza | C16: =(C14-C15-C17-C18-C19-C20-C21)*0.1318 -> 3526.5092 | D16: =C16*10.03 -> 35370.887 | H16: CO | I16: ='Mall, Citadel, Rotana'!T2 -> 4029 | J16: ='Mall, Citadel, Rotana'!T33 -> 4046 | K16: =(J16-I16)*160 -> 2720
B17: Mall | C17: 1420 | D17: =C17*10.03 -> 14242.6 | H17: RO1 | I17: ='Mall, Citadel, Rotana'!J2 -> 325715 | J17: ='Mall, Citadel, Rotana'!J33 -> 330607 | K17: =(J17-I17) -> 4892
B18: CIB Bank | C18: 200 | D18: =C18*10.03 -> 2006 | H18: RO2 | I18: ='Mall, Citadel, Rotana'!L2 -> 26354 | J18: ='Mall, Citadel, Rotana'!L33 -> 26449 | K18: =(J18-I18)*160 -> 15200
B19: EZZ | C19: 600 | D19: =C19*10.03 -> 6018 | E19: Estimated value as there is no water Flow meter | H19: CIB 1 | I19: ='Mall, Citadel, Rotana'!P2 -> 162611 | J19: ='Mall, Citadel, Rotana'!P33 -> 167701 | K19: =J19-I19 -> 5090
B20: Citadle | C20: 600 | D20: =C20*10.03 -> 6018 | H20: CIB E | I20: ='Mall, Citadel, Rotana'!R2 -> 55047 | J20: ='Mall, Citadel, Rotana'!R33 -> 55047 | K20: =J20-I20 -> 0
B21: Plant room | C21: 3000 | D21: =C21*10.03 -> 30090 | H21: R1 | I21: ='Mall, Citadel, Rotana'!B2 -> 47370 | J21: ='Mall, Citadel, Rotana'!B33 -> 47509 | K21: =(J21-I21)*120 -> 16680
B22: Hotel | C22: =C14-(C15+C16+C17+C18+C19+C20+C21) -> 23230.01 | D22: =C22*10.03 -> 232997 | H22: R2 | I22: ='Mall, Citadel, Rotana'!D2 -> 40832 | J22: ='Mall, Citadel, Rotana'!D33 -> 40924 | K22: =(J22-I22)*160 -> 14720
H23: R3 | I23: ='Mall, Citadel, Rotana'!F2 -> 21902 | J23: ='Mall, Citadel, Rotana'!F33 -> 22019 | K23: =(J23-I23)*20 -> 2340
B24: Gas | H24: R4 | I24: ='Mall, Citadel, Rotana'!H2 -> 257036 | J24: ='Mall, Citadel, Rotana'!H33 -> 257970 | K24: =J24-I24 -> 934
C25: M3 | D25: L.E | H25: RO.E | I25: ='Mall, Citadel, Rotana'!N2 -> 226230 | J25: ='Mall, Citadel, Rotana'!N33 -> 226330 | K25: =J25-I25 -> 100
B26: Main | C26: =K35 -> 58856 | D26: =C26*3.65 -> 214824.4 | H26: New chiller | I26: =ELECT.!C2 -> 19927 | J26: =ELECT.!C33 -> 20060 | K26: =(J26-I26)*160 -> 21280
B27: Plant Room | C27: =C26 -> 58856 | D27: =C27*3.65 -> 214824.4
H28: Water
H29: Main Reading | I29: =Water!B2 -> 456526 | J29: =Water!B33 -> 459795 | K29: =(J29-I29)*10 -> 32690
H30: Large Reading | I30: =Water!H2 -> 804064 | J30: =Water!H33 -> 808267 | K30: =(J30-I30)*0.027 -> 113.481
H31: Pdium Reading | I31: =Water!D2 -> 11606 | J31: =Water!D33 -> 12991 | K31: =(J31-I31)*0.027 -> 37.395
B32: Electricity Consumption(KWh) | D32: 1693845 | H32: Hotel reading | I32: =Water!F2 -> 10527500 | J32: =Water!F33 -> 11222500 | K32: =(J32-I32)*0.027 -> 18765
B34: Water Consumption(M3) | D34: 23230 | H34: Gas
H35: Main | I35: =Gas!B2 -> 18421000 | J35: =Gas!B33 -> 18479856 | K35: =J35-I35 -> 58856
B36: Gas Consumption(M3) | D36: 58856
