Workbook

Sheet TOTAL
A1: Site Name | B1: Day | C1: Month | D1: Year | E1: Total Electricity Kwh | F1: Electricity Tariff ($/Kwh) | G1: Natual Gas (m3) | H1: Natural Gas $/m3 | I1: Water Utility Supply (m3) m3 | J1: Water Utility Supply (m3) $/m3 | K1: District Energy Cooling Kwh | L1: District Energy Cooling $/Kwh | M1: Room Nights | N1: Total Guests | O1: Utilities day cost dh
A2: Guangzhou | B2: 1 | C2: 8 | D2: 2022 | E2: =总计!O5 -> 51639 | F2: 0.6963 | G2: =总计!H5 -> 1806 | H2: 4 | I2: =总计!S5 -> 707.5 | J2: 4.7592 | K2: =总计!M5*1000 -> 25000 | L2: 0.42 | M2: =(总计!D5/100)*344 -> 300.0024 | N2: ='[1]Consommation mensuel énergie'!E10 -> 0 | O2: =E2*F2+G2*H2+#REF!*#REF!+I2*J2 -> #REF!
A3: Guangzhou | B3: =B2+1 -> 2 | C3: 8 | D3: 2022 | E3: =总计!O6 -> 51439 | F3: =F2 -> 0.6963 | G3: =总计!H6 -> 1732 | H3: =H2 -> 4 | I3: =总计!S6 -> 688.5 | J3: =J2 -> 4.7592 | K3: =总计!M6*1000 -> 27000 | L3: 0.42 | M3: =(总计!D6/100)*344 -> 315.0008 | N3: ='[1]Consommation mensuel énergie'!E11 -> 0 | O3: =E3*F3+G3*H3+#REF!*#REF!+I3*J3 -> #REF!
A4: Guangzhou | B4: =B3+1 -> 3 | C4: 8 | D4: 2022 | E4: =总计!O7 -> 48939 | F4: =F3 -> 0.6963 | G4: =总计!H7 -> 1787 | H4: =H3 -> 4 | I4: =总计!S7 -> 651.5 | J4: =J3 -> 4.7592 | K4: =总计!M7*1000 -> 26000 | L4: 0.42 | M4: =(总计!D7/100)*344 -> 301 | N4: ='[1]Consommation mensuel énergie'!E12 -> 0 | O4: =E4*F4+G4*H4+#REF!*#REF!+I4*J4 -> #REF!
A5: Guangzhou | B5: =B4+1 -> 4 | C5: 8 | D5: 2022 | E5: =总计!O8 -> 48139 | F5: =F4 -> 0.6963 | G5: =总计!H8 -> 1803 | H5: =H4 -> 4 | I5: =总计!S8 -> 746.5 | J5: =J4 -> 4.7592 | K5: =总计!M8*1000 -> 24000 | L5: 0.42 | M5: =(总计!D8/100)*344 -> 312.008 | N5: ='[1]Consommation mensuel énergie'!E13 -> 0 | O5: =E5*F5+G5*H5+#REF!*#REF!+I5*J5 -> #REF!
A6: Guangzhou | B6: =B5+1 -> 5 | C6: 8 | D6: 2022 | E6: =总计!O9 -> 49439 | F6: =F5 -> 0.6963 | G6: =总计!H9 -> 1873 | H6: =H5 -> 4 | I6: =总计!S9 -> 722.5 | J6: =J5 -> 4.7592 | K6: =总计!M9*1000 -> 28000 | L6: 0.42 | M6: =(总计!D9/100)*344 -> 288.9944 | N6: ='[1]Consommation mensuel énergie'!E14 -> 0 | O6: =E6*F6+G6*H6+#REF!*#REF!+I6*J6 -> #REF!
A7: Guangzhou | B7: =B6+1 -> 6 | C7: 8 | D7: 2022 | E7: =总计!O10 -> 49939 | F7: =F6 -> 0.6963 | G7: =总计!H10 -> 1831 | H7: =H6 -> 4 | I7: =总计!S10 -> 723.5 | J7: =J6 -> 4.7592 | K7: =总计!M10*1000 -> 24000 | L7: 0.42 | M7: =(总计!D10/100)*344 -> 318.9912 | N7: ='[1]Consommation mensuel énergie'!E15 -> 0 | O7: =E7*F7+G7*H7+#REF!*#REF!+I7*J7 -> #REF!
A8: Guangzhou | B8: =B7+1 -> 7 | C8: 8 | D8: 2022 | E8: =总计!O11 -> 50339 | F8: =F7 -> 0.6963 | G8: =总计!H11 -> 1803 | H8: =H7 -> 4 | I8: =总计!S11 -> 733.5 | J8: =J7 -> 4.7592 | K8: =总计!M11*1000 -> 24000 | L8: 0.42 | M8: =(总计!D11/100)*344 -> 270.384 | N8: ='[1]Consommation mensuel énergie'!E16 -> 0 | O8: =E8*F8+G8*H8+#REF!*#REF!+I8*J8 -> #REF!
A9: Guangzhou | B9: =B8+1 -> 8 | C9: 8 | D9: 2022 | E9: =总计!O12 -> 50439 | F9: =F8 -> 0.6963 | G9: =总计!H12 -> 1764 | H9: =H8 -> 4 | I9: =总计!S12 -> 739.5 | J9: =J8 -> 4.7592 | K9: =总计!M12*1000 -> 24000 | L9: 0.42 | M9: =(总计!D12/100)*344 -> 313.0056 | N9: ='[1]Consommation mensuel énergie'!E17 -> 0 | O9: =E9*F9+G9*H9+#REF!*#REF!+I9*J9 -> #REF!
A10: Guangzhou | B10: =B9+1 -> 9 | C10: 8 | D10: 2022 | E10: =总计!O13 -> 50539 | F10: =F9 -> 0.6963 | G10: =总计!H13 -> 1750 | H10: =H9 -> 4 | I10: =总计!S13 -> 720.5 | J10: =J9 -> 4.7592 | K10: =总计!M13*1000 -> 26000 | L10: 0.42 | M10: =(总计!D13/100)*344 -> 305.988 | N10: ='[1]Consommation mensuel énergie'!E18 -> 0 | O10: =E10*F10+G10*H10+#REF!*#REF!+I10*J10 -> #REF!
A11: Guangzhou | B11: =B10+1 -> 10 | C11: 8 | D11: 2022 | E11: =总计!O14 -> 46639 | F11: =F10 -> 0.6963 | G11: =总计!H14 -> 1754 | H11: =H10 -> 4 | I11: =总计!S14 -> 691.5 | J11: =J10 -> 4.7592 | K11: =总计!M14*1000 -> 24000 | L11: 0.42 | M11: =(总计!D14/100)*344 -> 295.0144 | N11: ='[1]Consommation mensuel énergie'!E19 -> 0 | O11: =E11*F11+G11*H11+#REF!*#REF!+I11*J11 -> #REF!
A12: Guangzhou | B12: =B11+1 -> 11 | C12: 8 | D12: 2022 | E12: =总计!O15 -> 48839 | F12: =F11 -> 0.6963 | G12: =总计!H15 -> 1831 | H12: =H11 -> 4 | I12: =总计!S15 -> 712.5 | J12: =J11 -> 4.7592 | K12: =总计!M15*1000 -> 26000 | L12: 0.42 | M12: =(总计!D15/100)*344 -> 285.004 | N12: ='[1]Consommation mensuel énergie'!E20 -> 0 | O12: =E12*F12+G12*H12+#REF!*#REF!+I12*J12 -> #REF!
A13: Guangzhou | B13: =B12+1 -> 12 | C13: 8 | D13: 2022 | E13: =总计!O16 -> 47239 | F13: =F12 -> 0.6963 | G13: =总计!H16 -> 1759 | H13: =H12 -> 4 | I13: =总计!S16 -> 768.5 | J13: =J12 -> 4.7592 | K13: =总计!M16*1000 -> 26000 | L13: 0.42 | M13: =(总计!D16/100)*344 -> 256.28 | N13: ='[1]Consommation mensuel énergie'!E21 -> 0 | O13: =E13*F13+G13*H13+#REF!*#REF!+I13*J13 -> #REF!
A14: Guangzhou | B14: =B13+1 -> 13 | C14: 8 | D14: 2022 | E14: =总计!O17 -> 49939 | F14: =F13 -> 0.6963 | G14: =总计!H17 -> 1815 | H14: =H13 -> 4 | I14: =总计!S17 -> 754.5 | J14: =J13 -> 4.7592 | K14: =总计!M17*1000 -> 27000 | L14: 0.42 | M14: =(总计!D17/100)*344 -> 324.0136 | N14: ='[1]Consommation mensuel énergie'!E22 -> 0 | O14: =E14*F14+G14*H14+#REF!*#REF!+I14*J14 -> #REF!
... A29: Guangzhou | B29: =B28+1 -> 28 | C29: 8 | D29: 2022 | E29: =总计!O32 -> 50239 | F29: =F28 -> 0.6963 | G29: =总计!H32 -> 1746 | H29: =H28 -> 4 | I29: =总计!S32 -> 674.5 | J29: =J28 -> 4.7592 | K29: =总计!M32*1000 -> 28000 | L29: 0.42 | M29: =(总计!D32/100)*344 -> 246.992 | N29: ='[1]Consommation mensuel énergie'!E37 -> 0 | O29: =E29*F29+G29*H29+#REF!*#REF!+I29*J29 -> #REF!
A30: Guangzhou | B30: =B29+1 -> 29 | C30: 8 | D30: 2022 | E30: =总计!O33 -> 49539 | F30: =F29 -> 0.6963 | G30: =总计!H33 -> 1715 | H30: =H29 -> 4 | I30: =总计!S33 -> 749.5 | J30: =J29 -> 4.7592 | K30: =总计!M33*1000 -> 27000 | L30: 0.42 | M30: =(总计!D33/100)*344 -> 276.9888 | N30: 0
A31: Guangzhou | B31: =B30+1 -> 30 | C31: 8 | D31: 2022 | E31: =总计!O34 -> 49939 | F31: =F30 -> 0.6963 | G31: =总计!H34 -> 1929 | H31: =H30 -> 4 | I31: =总计!S34 -> 654.5 | J31: =J30 -> 4.7592 | K31: =总计!M34*1000 -> 28000 | L31: 0.42 | M31: =(总计!D34/100)*344 -> 239.0112 | N31: 0
A32: Guangzhou | B32: =B31+1 -> 31 | C32: 8 | D32: 2022 | E32: =总计!O35 -> 50839 | F32: =F31 -> 0.6963 | G32: =总计!H35 -> 1747 | H32: =H31 -> 4 | I32: =总计!S35 -> 809.5 | J32: =J31 -> 4.7592 | K32: =总计!M35*1000 -> 26000 | L32: 0.42 | M32: =(总计!D35/100)*344 -> 255.0072 | N32: 0

Sheet 总计
A1: UTILITIES CONSUMPTION REPORT(2022-8) 电费从2022年8月1号开始改为0.6963/Kwh，天然气从2022年8月1号开始改为4.00/m³
A2: DATE 日期 | B2: Out door Temp℃ 户外温度 | C2: Event Cover 宴会 人数 | D2: RoomOcc.% 客房率 | E2: Kitchen Gas厨房燃气 | F2: Boiler Gas 蒸汽锅炉燃气 | G2: Boiler Gas热水锅炉燃气 | H2: General Gas 总天然气 (RMB4.00/m³) | J2: Chiller Electricity 制冷主机用电 | K2: 裙楼用电（每月10.30号抄表） | L2: Tower electricity 主塔用电 | M2: Podium AC Consumption 裙楼空调用量 （RMB275.066/Mw/h+每日人工费等1655/日） | O2: General electricity总电量 (RMB0.6963/Kwh) | Q2: 主塔用水 | R2: 裙楼用水 （每月10.30日抄表） | S2: 总用水 RMB*4.7592 | U2: Daily Total Utility Expense(RMB) 每日能耗总费用
E4: Totalgas(m³) | F4: Totalgas(m³) | G4: Totalgas(m³) | H4: Totalgas(m³) | I4: Total RMB | J4: (KWH) | K4: (KWH) | L4: (KWH) | M4: Total (Mw/h0 | N4: Total RMB | O4: Total electric (KWH) | P4: Total RMB | Q4: Water (m3) | R4: Water(m3) | S4: Total Water(m3) | T4: Total RMB
A5: 1 | B5: 25/37 | C5: 55 | D5: 87.21 | E5: =SUM([2]厨房燃气!BH7) -> 502 | F5: =SUM('[2]B1 & 102F 锅炉房'!C7) -> 1304 | G5: =SUM('[2]B1 & 102F 锅炉房'!H7) -> 0 | H5: =SUM(G5+F5+E5) -> 1806 | I5: =IF(H5>0,H5*4,0) -> 7224 | J5: =SUM([2]主塔楼空调用电量!V4) -> 13455 | K5: 12639 | L5: =SUM('[2]68F 高压F13&F30'!F7) -> 39000 | M5: =SUM([2]裙楼空调用量!L4) -> 25 | N5: =IF(M5*417>0,M5*275.066+1655) -> 8531.65 | O5: =K5+L5 -> 51639 | P5: =O5*0.6963 -> 35956.236 | Q5: =SUM('[2]B4 水表'!C7) -> 660 | R5: 47.5 | S5: =Q5+R5 -> 707.5 | T5: =S5*4.7592 -> 3367.134 | U5: =SUM(I5+N5+P5+T5) -> 55079.02
A6: 2 | B6: 25/31 | C6: 25 | D6: 91.57 | E6: =SUM([2]厨房燃气!BH8) -> 455 | F6: =SUM('[2]B1 & 102F 锅炉房'!C8) -> 1277 | G6: =SUM('[2]B1 & 102F 锅炉房'!H8) -> 0 | H6: =SUM(G6+F6+E6) -> 1732 | I6: =IF(H6>0,H6*4,0) -> 6928 | J6: =SUM([2]主塔楼空调用电量!V5) -> 12627 | K6: 12639 | L6: =SUM('[2]68F 高压F13&F30'!F8) -> 38800 | M6: =SUM([2]裙楼空调用量!L5) -> 27 | N6: =IF(M6*417>0,M6*275.066+1655) -> 9081.782 | O6: =K6+L6 -> 51439 | P6: =O6*0.6963 -> 35816.976 | Q6: =SUM('[2]B4 水表'!C8) -> 641 | R6: 47.5 | S6: =Q6+R6 -> 688.5 | T6: =S6*4.7592 -> 3276.7092 | U6: =SUM(I6+N6+P6+T6) -> 55103.467
A7: 3 | B7: 25/30 | C7: 30 | D7: 87.5 | E7: =SUM([2]厨房燃气!BH9) -> 544 | F7: =SUM('[2]B1 & 102F 锅炉房'!C9) -> 1243 | G7: =SUM('[2]B1 & 102F 锅炉房'!H9) -> 0 | H7: =SUM(G7+F7+E7) -> 1787 | I7: =IF(H7>0,H7*4,0) -> 7148 | J7: =SUM([2]主塔楼空调用电量!V6) -> 11778 | K7: 12639 | L7: =SUM('[2]68F 高压F13&F30'!F9) -> 36300 | M7: =SUM([2]裙楼空调用量!L6) -> 26 | N7: =IF(M7*417>0,M7*275.066+1655) -> 8806.716 | O7: =K7+L7 -> 48939 | P7: =O7*0.6963 -> 34076.226 | Q7: =SUM('[2]B4 水表'!C9) -> 604 | R7: 47.5 | S7: =Q7+R7 -> 651.5 | T7: =S7*4.7592 -> 3100.6188 | U7: =SUM(I7+N7+P7+T7) -> 53131.561
A8: 4 | B8: 26/29 | C8: 35 | D8: 90.7 | E8: =SUM([2]厨房燃气!BH10) -> 525 | F8: =SUM('[2]B1 & 102F 锅炉房'!C10) -> 1278 | G8: =SUM('[2]B1 & 102F 锅炉房'!H10) -> 0 | H8: =SUM(G8+F8+E8) -> 1803 | I8: =IF(H8>0,H8*4,0) -> 7212 | J8: =SUM([2]主塔楼空调用电量!V7) -> 9951 | K8: 12639 | L8: =SUM('[2]68F 高压F13&F30'!F10) -> 35500 | M8: =SUM([2]裙楼空调用量!L7) -> 24 | N8: =IF(M8*417>0,M8*275.066+1655) -> 8256.584 | O8: =K8+L8 -> 48139 | P8: =O8*0.6963 -> 33519.186 | Q8: =SUM('[2]B4 水表'!C10) -> 699 | R8: 47.5 | S8: =Q8+R8 -> 746.5 | T8: =S8*4.7592 -> 3552.7428 | U8: =SUM(I8+N8+P8+T8) -> 52540.512
A9: 5 | B9: 25/32 | C9: 134 | D9: 84.01 | E9: =SUM([2]厨房燃气!BH11) -> 559 | F9: =SUM('[2]B1 & 102F 锅炉房'!C11) -> 1314 | G9: =SUM('[2]B1 & 102F 锅炉房'!H11) -> 0 | H9: =SUM(G9+F9+E9) -> 1873 | I9: =IF(H9>0,H9*4,0) -> 7492 | J9: =SUM([2]主塔楼空调用电量!V8) -> 11170 | K9: 12639 | L9: =SUM('[2]68F 高压F13&F30'!F11) -> 36800 | M9: =SUM([2]裙楼空调用量!L8) -> 28 | N9: =IF(M9*417>0,M9*275.066+1655) -> 9356.848 | O9: =K9+L9 -> 49439 | P9: =O9*0.6963 -> 34424.376 | Q9: =SUM('[2]B4 水表'!C11) -> 675 | R9: 47.5 | S9: =Q9+R9 -> 722.5 | T9: =S9*4.7592 -> 3438.522 | U9: =SUM(I9+N9+P9+T9) -> 54711.746
A10: 6 | B10: 26/34 | C10: 85 | D10: 92.73 | E10: =SUM([2]厨房燃气!BH12) -> 524 | F10: =SUM('[2]B1 & 102F 锅炉房'!C12) -> 1307 | G10: =SUM('[2]B1 & 102F 锅炉房'!H12) -> 0 | H10: =SUM(G10+F10+E10) -> 1831 | I10: =IF(H10>0,H10*4,0) -> 7324 | J10: =SUM([2]主塔楼空调用电量!V9) -> 11492 | K10: 12639 | L10: =SUM('[2]68F 高压F13&F30'!F12) -> 37300 | M10: =SUM([2]裙楼空调用量!L9) -> 24 | N10: =IF(M10*417>0,M10*275.066+1655) -> 8256.584 | O10: =K10+L10 -> 49939 | P10: =O10*0.6963 -> 34772.526 | Q10: =SUM('[2]B4 水表'!C12) -> 676 | R10: 47.5 | S10: =Q10+R10 -> 723.5 | T10: =S10*4.7592 -> 3443.2812 | U10: =SUM(I10+N10+P10+T10) -> 53796.391
A11: 7 | B11: 25/34 | C11: 14 | D11: 78.6 | E11: =SUM([2]厨房燃气!BH13) -> 530 | F11: =SUM('[2]B1 & 102F 锅炉房'!C13) -> 1273 | G11: =SUM('[2]B1 & 102F 锅炉房'!H13) -> 0 | H11: =SUM(G11+F11+E11) -> 1803 | I11: =IF(H11>0,H11*4,0) -> 7212 | J11: =SUM([2]主塔楼空调用电量!V10) -> 11738 | K11: 12639 | L11: =SUM('[2]68F 高压F13&F30'!F13) -> 37700 | M11: =SUM([2]裙楼空调用量!L10) -> 24 | N11: =IF(M11*417>0,M11*275.066+1655) -> 8256.584 | O11: =K11+L11 -> 50339 | P11: =O11*0.6963 -> 35051.046 | Q11: =SUM('[2]B4 水表'!C13) -> 686 | R11: 47.5 | S11: =Q11+R11 -> 733.5 | T11: =S11*4.7592 -> 3490.8732 | U11: =SUM(I11+N11+P11+T11) -> 54010.503
A12: 8 | B12: 24/31 | C12: 96 | D12: 90.99 | E12: =SUM([2]厨房燃气!BH14) -> 477 | F12: =SUM('[2]B1 & 102F 锅炉房'!C14) -> 1287 | G12: =SUM('[2]B1 & 102F 锅炉房'!H14) -> 0 | H12: =SUM(G12+F12+E12) -> 1764 | I12: =IF(H12>0,H12*4,0) -> 7056 | J12: =SUM([2]主塔楼空调用电量!V11) -> 11986 | K12: 12639 | L12: =SUM('[2]68F 高压F13&F30'!F14) -> 37800 | M12: =SUM([2]裙楼空调用量!L11) -> 24 | N12: =IF(M12*417>0,M12*275.066+1655) -> 8256.584 | O12: =K12+L12 -> 50439 | P12: =O12*0.6963 -> 35120.676 | Q12: =SUM('[2]B4 水表'!C14) -> 692 | R12: 47.5 | S12: =Q12+R12 -> 739.5 | T12: =S12*4.7592 -> 3519.4284 | U12: =SUM(I12+N12+P12+T12) -> 53952.688
A13: 9 | B13: 25/29 | C13: 105 | D13: 88.95 | E13: =SUM([2]厨房燃气!BH15) -> 475 | F13: =SUM('[2]B1 & 102F 锅炉房'!C15) -> 1275 | G13: =SUM('[2]B1 & 102F 锅炉房'!H15) -> 0 | H13: =SUM(G13+F13+E13) -> 1750 | I13: =IF(H13>0,H13*4,0) -> 7000 | J13: =SUM([2]主塔楼空调用电量!V12) -> 11059 | K13: 12639 | L13: =SUM('[2]68F 高压F13&F30'!F15) -> 37900 | M13: =SUM([2]裙楼空调用量!L12) -> 26 | N13: =IF(M13*417>0,M13*275.066+1655) -> 8806.716 | O13: =K13+L13 -> 50539 | P13: =O13*0.6963 -> 35190.306 | Q13: =SUM('[2]B4 水表'!C15) -> 673 | R13: 47.5 | S13: =Q13+R13 -> 720.5 | T13: =S13*4.7592 -> 3429.0036 | U13: =SUM(I13+N13+P13+T13) -> 54426.025
A14: 10 | B14: 25/29 | C14: 180 | D14: 85.76 | E14: =SUM([2]厨房燃气!BH16) -> 510 | F14: =SUM('[2]B1 & 102F 锅炉房'!C16) -> 1244 | G14: =SUM('[2]B1 & 102F 锅炉房'!H16) -> 0 | H14: =SUM(G14+F14+E14) -> 1754 | I14: =IF(H14>0,H14*4,0) -> 7016 | J14: =SUM([2]主塔楼空调用电量!V13) -> 9467 | K14: 12639 | L14: =SUM('[2]68F 高压F13&F30'!F16) -> 34000 | M14: =SUM([2]裙楼空调用量!L13) -> 24 | N14: =IF(M14*417>0,M14*275.066+1655) -> 8256.584 | O14: =K14+L14 -> 46639 | P14: =O14*0.6963 -> 32474.736 | Q14: =SUM('[2]B4 水表'!C16) -> 644 | R14: 47.5 | S14: =Q14+R14 -> 691.5 | T14: =S14*4.7592 -> 3290.9868 | U14: =SUM(I14+N14+P14+T14) -> 51038.306
A15: 11 | B15: 25/30 | C15: 100 | D15: 82.85 | E15: =SUM([2]厨房燃气!BH17) -> 568 | F15: =SUM('[2]B1 & 102F 锅炉房'!C17) -> 1263 | G15: =SUM('[2]B1 & 102F 锅炉房'!H17) -> 0 | H15: =SUM(G15+F15+E15) -> 1831 | I15: =IF(H15>0,H15*4,0) -> 7324 | J15: =SUM([2]主塔楼空调用电量!V14) -> 10521 | K15: 12639 | L15: =SUM('[2]68F 高压F13&F30'!F17) -> 36200 | M15: =SUM([2]裙楼空调用量!L14) -> 26 | N15: =IF(M15*417>0,M15*275.066+1655) -> 8806.716 | O15: =K15+L15 -> 48839 | P15: =O15*0.6963 -> 34006.596 | Q15: =SUM('[2]B4 水表'!C17) -> 665 | R15: 47.5 | S15: =Q15+R15 -> 712.5 | T15: =S15*4.7592 -> 3390.93 | U15: =SUM(I15+N15+P15+T15) -> 53528.242
A16: 12 | B16: 24/29 | C16: 390 | D16: 74.5 | E16: =SUM([2]厨房燃气!BH18) -> 513 | F16: =SUM('[2]B1 & 102F 锅炉房'!C18) -> 1246 | G16: =SUM('[2]B1 & 102F 锅炉房'!H18) -> 0 | H16: =SUM(G16+F16+E16) -> 1759 | I16: =IF(H16>0,H16*4,0) -> 7036 | J16: =SUM([2]主塔楼空调用电量!V15) -> 9767 | K16: 12639 | L16: =SUM('[2]68F 高压F13&F30'!F18) -> 34600 | M16: =SUM([2]裙楼空调用量!L15) -> 26 | N16: =IF(M16*417>0,M16*275.066+1655) -> 8806.716 | O16: =K16+L16 -> 47239 | P16: =O16*0.6963 -> 32892.516 | Q16: =SUM('[2]B4 水表'!C18) -> 721 | R16: 47.5 | S16: =Q16+R16 -> 768.5 | T16: =S16*4.7592 -> 3657.4452 | U16: =SUM(I16+N16+P16+T16) -> 52392.677
... A20: 16 | B20: 25/35 | C20: 100 | D20: 93.02 | E20: =SUM([2]厨房燃气!BH22) -> 566 | F20: =SUM('[2]B1 & 102F 锅炉房'!C22) -> 1383 | G20: =SUM('[2]B1 & 102F 锅炉房'!H22) -> 0 | H20: =SUM(G20+F20+E20) -> 1949 | I20: =IF(H20>0,H20*4,0) -> 7796 | J20: =SUM([2]主塔楼空调用电量!V19) -> 11684 | K20: 12639 | L20: =SUM('[2]68F 高压F13&F30'!F22) -> 37300 | M20: =SUM([2]裙楼空调用量!L19) -> 33 | N20: =IF(M20*417>0,M20*275.066+1655) -> 10732.178 | O20: =K20+L20 -> 49939 | P20: =O20*0.6963 -> 34772.526 | Q20: =SUM('[2]B4 水表'!C22) -> 750 | R20: 47.5 | S20: =Q20+R20 -> 797.5 | T20: =S20*4.7592 -> 3795.462 | U20: =SUM(I20+N20+P20+T20) -> 57096.166
A21: 17 | B21: 25/33 | C21: 754 | D21: 88.66 | E21: =SUM([2]厨房燃气!BH23) -> 538 | F21: =SUM('[2]B1 & 102F 锅炉房'!C23) -> 1351 | G21: =SUM('[2]B1 & 102F 锅炉房'!H23) -> 0 | H21: =SUM(E21+F21+G21) -> 1889 | I21: =IF(H21>0,H21*4,0) -> 7556 | J21: =SUM([2]主塔楼空调用电量!V20) -> 9867 | K21: 12639 | L21: =SUM('[2]68F 高压F13&F30'!F23) -> 35500 | M21: =SUM([2]裙楼空调用量!L20) -> 27 | N21: =IF(M21*417>0,M21*275.066+1655) -> 9081.782 | O21: =K21+L21 -> 48139 | P21: =O21*0.6963 -> 33519.186 | Q21: =SUM('[2]B4 水表'!C23) -> 640 | R21: 47.5 | S21: =Q21+R21 -> 687.5 | T21: =S21*4.7592 -> 3271.95 | U21: =SUM(I21+N21+P21+T21) -> 53428.918
A22: 18 | B22: 25/33 | C22: 620 | D22: 90.12 | E22: =SUM([2]厨房燃气!BH24) -> 633 | F22: =SUM('[2]B1 & 102F 锅炉房'!C24) -> 1279 | G22: =SUM('[2]B1 & 102F 锅炉房'!H24) -> 0 | H22: =SUM(G22+F22+E22) -> 1912 | I22: =IF(H22>0,H22*4,0) -> 7648 | J22: =SUM([2]主塔楼空调用电量!V21) -> 11252 | K22: 12639 | L22: =SUM('[2]68F 高压F13&F30'!F24) -> 36800 | M22: =SUM([2]裙楼空调用量!L21) -> 31 | N22: =IF(M22*417>0,M22*275.066+1655) -> 10182.046 | O22: =K22+L22 -> 49439 | P22: =O22*0.6963 -> 34424.376 | Q22: =SUM('[2]B4 水表'!C24) -> 718 | R22: 47.5 | S22: =Q22+R22 -> 765.5 | T22: =S22*4.7592 -> 3643.1676 | U22: =SUM(I22+N22+P22+T22) -> 55897.589
A23: 19 | B23: 25/32 | C23: 238 | D23: 92.44 | E23: =SUM([2]厨房燃气!BH25) -> 642 | F23: =SUM('[2]B1 & 102F 锅炉房'!C25) -> 1287 | G23: =SUM('[2]B1 & 102F 锅炉房'!H25) -> 0 | H23: =SUM(G23+F23+E23) -> 1929 | I23: =IF(H23>0,H23*4,0) -> 7716 | J23: =SUM([2]主塔楼空调用电量!V22) -> 10806 | K23: 12639 | L23: =SUM('[2]68F 高压F13&F30'!F25) -> 37400 | M23: =SUM([2]裙楼空调用量!L22) -> 33 | N23: =IF(M23*417>0,M23*275.066+1655) -> 10732.178 | O23: =K23+L23 -> 50039 | P23: =O23*0.6963 -> 34842.156 | Q23: =SUM('[2]B4 水表'!C25) -> 620 | R23: 47.5 | S23: =Q23+R23 -> 667.5 | T23: =S23*4.7592 -> 3176.766 | U23: =SUM(I23+N23+P23+T23) -> 56467.1
A24: 20 | B24: 25/33 | C24: 138 | D24: 86.63 | E24: =SUM([2]厨房燃气!BH26) -> 537 | F24: =SUM('[2]B1 & 102F 锅炉房'!C26) -> 1301 | G24: =SUM('[2]B1 & 102F 锅炉房'!H26) -> 0 | H24: =SUM(G24+F24+E24) -> 1838 | I24: =IF(H24>0,H24*4,0) -> 7352 | J24: =SUM([2]主塔楼空调用电量!V23) -> 10026 | K24: 12639 | L24: =SUM('[2]68F 高压F13&F30'!F26) -> 35300 | M24: =SUM([2]裙楼空调用量!L23) -> 24 | N24: =IF(M24*417>0,M24*275.066+1655) -> 8256.584 | O24: =K24+L24 -> 47939 | P24: =O24*0.6963 -> 33379.926 | Q24: =SUM('[2]B4 水表'!C26) -> 594 | R24: 47.5 | S24: =Q24+R24 -> 641.5 | T24: =S24*4.7592 -> 3053.0268 | U24: =SUM(I24+N24+P24+T24) -> 52041.536
A25: 21 | B25: 27/34 | C25: 128 | D25: 84.3 | E25: =SUM([2]厨房燃气!BH27) -> 517 | F25: =SUM('[2]B1 & 102F 锅炉房'!C27) -> 1326 | G25: =SUM('[2]B1 & 102F 锅炉房'!H27) -> 0 | H25: =SUM(G25+F25+E25) -> 1843 | I25: =IF(H25>0,H25*4,0) -> 7372 | J25: =SUM([2]主塔楼空调用电量!V24) -> 10908 | K25: 12639 | L25: =SUM('[2]68F 高压F13&F30'!F27) -> 36800 | M25: =SUM([2]裙楼空调用量!L24) -> 28 | N25: =IF(M25*417>0,M25*275.066+1655) -> 9356.848 | O25: =K25+L25 -> 49439 | P25: =O25*0.6963 -> 34424.376 | Q25: =SUM('[2]B4 水表'!C27) -> 718 | R25: 47.5 | S25: =Q25+R25 -> 765.5 | T25: =S25*4.7592 -> 3643.1676 | U25: =SUM(I25+N25+P25+T25) -> 54796.391
A26: 22 | B26: 26/35 | C26: 300 | D26: 79.94 | E26: =SUM([2]厨房燃气!BH28) -> 537 | F26: =SUM('[2]B1 & 102F 锅炉房'!C28) -> 1271 | G26: =SUM('[2]B1 & 102F 锅炉房'!H28) -> 0 | H26: =SUM(G26+F26+E26) -> 1808 | I26: =IF(H26>0,H26*4,0) -> 7232 | J26: =SUM([2]主塔楼空调用电量!V25) -> 11424 | K26: 12639 | L26: =SUM('[2]68F 高压F13&F30'!F28) -> 38400 | M26: =SUM([2]裙楼空调用量!L25) -> 29 | N26: =IF(M26*417>0,M26*275.066+1655) -> 9631.914 | O26: =K26+L26 -> 51039 | P26: =O26*0.6963 -> 35538.456 | Q26: =SUM('[2]B4 水表'!C28) -> 776 | R26: 47.5 | S26: =Q26+R26 -> 823.5 | T26: =S26*4.7592 -> 3919.2012 | U26: =SUM(I26+N26+P26+T26) -> 56321.571
A27: 23 | B27: 25/35 | C27: 110 | D27: 88.37 | E27: =SUM([2]厨房燃气!BH29) -> 550 | F27: =SUM('[2]B1 & 102F 锅炉房'!C29) -> 1301 | G27: =SUM('[2]B1 & 102F 锅炉房'!H29) -> 0 | H27: =SUM(G27+F27+E27) -> 1851 | I27: =IF(H27>0,H27*4,0) -> 7404 | J27: =SUM([2]主塔楼空调用电量!V26) -> 11465 | K27: 12639 | L27: =SUM('[2]68F 高压F13&F30'!F29) -> 38100 | M27: =SUM([2]裙楼空调用量!L26) -> 30 | N27: =IF(M27*417>0,M27*275.066+1655) -> 9906.98 | O27: =K27+L27 -> 50739 | P27: =O27*0.6963 -> 35329.566 | Q27: =SUM('[2]B4 水表'!C29) -> 606 | R27: 47.5 | S27: =Q27+R27 -> 653.5 | T27: =S27*4.7592 -> 3110.1372 | U27: =SUM(I27+N27+P27+T27) -> 55750.683
A28: 24 | B28: 25/31 | C28: 210 | D28: 89.83 | E28: =SUM([2]厨房燃气!BH30) -> 557 | F28: =SUM('[2]B1 & 102F 锅炉房'!C30) -> 1319 | G28: =SUM('[2]B1 & 102F 锅炉房'!H30) -> 0 | H28: =SUM(G28+F28+E28) -> 1876 | I28: =IF(H28>0,H28*4,0) -> 7504 | J28: =SUM([2]主塔楼空调用电量!V27) -> 12170 | K28: 12639 | L28: =SUM('[2]68F 高压F13&F30'!F30) -> 38100 | M28: =SUM([2]裙楼空调用量!L27) -> 27 | N28: =IF(M28*417>0,M28*275.066+1655) -> 9081.782 | O28: =K28+L28 -> 50739 | P28: =O28*0.6963 -> 35329.566 | Q28: =SUM('[2]B4 水表'!C30) -> 645 | R28: 47.5 | S28: =Q28+R28 -> 692.5 | T28: =S28*4.7592 -> 3295.746 | U28: =SUM(I28+N28+P28+T28) -> 55211.094
A29: 25 | B29: 26/32 | C29: 272 | D29: 85.47 | E29: =SUM([2]厨房燃气!BH31) -> 565 | F29: =SUM('[2]B1 & 102F 锅炉房'!C31) -> 1277 | G29: =SUM('[2]B1 & 102F 锅炉房'!H31) -> 0 | H29: =SUM(G29+F29+E29) -> 1842 | I29: =IF(H29>0,H29*4,0) -> 7368 | J29: =SUM([2]主塔楼空调用电量!V28) -> 9859 | K29: 12639 | L29: =SUM('[2]68F 高压F13&F30'!F31) -> 35800 | M29: =SUM([2]裙楼空调用量!L28) -> 27 | N29: =IF(M29*417>0,M29*275.066+1655) -> 9081.782 | O29: =K29+L29 -> 48439 | P29: =O29*0.6963 -> 33728.076 | Q29: =SUM('[2]B4 水表'!C31) -> 654 | R29: 47.5 | S29: =Q29+R29 -> 701.5 | T29: =S29*4.7592 -> 3338.5788 | U29: =SUM(I29+N29+P29+T29) -> 53516.436
A30: 26 | B30: 26/32 | C30: 156 | D30: 78.49 | E30: =SUM([2]厨房燃气!BH32) -> 606 | F30: =SUM('[2]B1 & 102F 锅炉房'!C32) -> 1287 | G30: =SUM('[2]B1 & 102F 锅炉房'!H32) -> 0 | H30: =SUM(G30+F30+E30) -> 1893 | I30: =IF(H30>0,H30*4,0) -> 7572 | J30: =SUM([2]主塔楼空调用电量!V29) -> 10208 | K30: 12639 | L30: =SUM('[2]68F 高压F13&F30'!F32) -> 35600 | M30: =SUM([2]裙楼空调用量!L29) -> 29 | N30: =IF(M30*417>0,M30*275.066+1655) -> 9631.914 | O30: =K30+L30 -> 48239 | P30: =O30*0.6963 -> 33588.816 | Q30: =SUM('[2]B4 水表'!C32) -> 637 | R30: 47.5 | S30: =Q30+R30 -> 684.5 | T30: =S30*4.7592 -> 3257.6724 | U30: =SUM(I30+N30+P30+T30) -> 54050.402
A31: 27 | B31: 27/35 | C31: 200 | D31: 90.12 | E31: =SUM([2]厨房燃气!BH33) -> 505 | F31: =SUM('[2]B1 & 102F 锅炉房'!C33) -> 1273 | G31: =SUM('[2]B1 & 102F 锅炉房'!H33) -> 0 | H31: =SUM(G31+F31+E31) -> 1778 | I31: =IF(H31>0,H31*4,0) -> 7112 | J31: =SUM([2]主塔楼空调用电量!V30) -> 11239 | K31: 12639 | L31: =SUM('[2]68F 高压F13&F30'!F33) -> 37100 | M31: =SUM([2]裙楼空调用量!L30) -> 24 | N31: =IF(M31*417>0,M31*275.066+1655) -> 8256.584 | O31: =K31+L31 -> 49739 | P31: =O31*0.6963 -> 34633.266 | Q31: =SUM('[2]B4 水表'!C33) -> 668 | R31: 47.5 | S31: =Q31+R31 -> 715.5 | T31: =S31*4.7592 -> 3405.2076 | U31: =SUM(I31+N31+P31+T31) -> 53407.057
A32: 28 | B32: 28/33 | C32: 0 | D32: 71.8 | E32: =SUM([2]厨房燃气!BH34) -> 471 | F32: =SUM('[2]B1 & 102F 锅炉房'!C34) -> 1275 | G32: =SUM('[2]B1 & 102F 锅炉房'!H34) -> 0 | H32: =SUM(G32+F32+E32) -> 1746 | I32: =IF(H32>0,H32*4,0) -> 6984 | J32: =SUM([2]主塔楼空调用电量!V31) -> 11251 | K32: 12639 | L32: =SUM('[2]68F 高压F13&F30'!F34) -> 37600 | M32: =SUM([2]裙楼空调用量!L31) -> 28 | N32: =IF(M32*417>0,M32*275.066+1655) -> 9356.848 | O32: =K32+L32 -> 50239 | P32: =O32*0.6963 -> 34981.416 | Q32: =SUM('[2]B4 水表'!C34) -> 627 | R32: 47.5 | S32: =Q32+R32 -> 674.5 | T32: =S32*4.7592 -> 3210.0804 | U32: =SUM(I32+N32+P32+T32) -> 54532.344
A33: 29 | B33: 27/33 | C33: 760 | D33: 80.52 | E33: =SUM([2]厨房燃气!BH35) -> 489 | F33: =SUM('[2]B1 & 102F 锅炉房'!C35) -> 1226 | G33: =SUM('[2]B1 & 102F 锅炉房'!H35) -> 0 | H33: =SUM(G33+F33+E33) -> 1715 | I33: =IF(H33>0,H33*4,0) -> 6860 | J33: =SUM([2]主塔楼空调用电量!V32) -> 11318 | K33: 12639 | L33: =SUM('[2]68F 高压F13&F30'!F35) -> 36900 | M33: =SUM([2]裙楼空调用量!L32) -> 27 | N33: =IF(M33*417>0,M33*275.066+1655) -> 9081.782 | O33: =K33+L33 -> 49539 | P33: =O33*0.6963 -> 34494.006 | Q33: =SUM('[2]B4 水表'!C35) -> 702 | R33: 47.5 | S33: =Q33+R33 -> 749.5 | T33: =S33*4.7592 -> 3567.0204 | U33: =SUM(I33+N33+P33+T33) -> 54002.808
... A35: 31 | B35: 25/34 | C35: 254 | D35: 74.13 | E35: =SUM([2]厨房燃气!BH37) -> 513 | F35: =SUM('[2]B1 & 102F 锅炉房'!C37) -> 1234 | G35: =SUM('[2]B1 & 102F 锅炉房'!H37) -> 0 | H35: =SUM(G35+F35+E35) -> 1747 | I35: =IF(H35>0,H35*4,0) -> 6988 | J35: =SUM([2]主塔楼空调用电量!V34) -> 15574 | K35: 12639 | L35: =SUM('[2]68F 高压F13&F30'!F37) -> 38200 | M35: =SUM([2]裙楼空调用量!L34) -> 26 | N35: =IF(M35*417>0,M35*275.066+1655) -> 8806.716 | O35: =K35+L35 -> 50839 | P35: =O35*0.6963 -> 35399.196 | Q35: =SUM('[2]B4 水表'!C37) -> 762 | R35: 47.5 | S35: =Q35+R35 -> 809.5 | T35: =S35*4.7592 -> 3852.5724 | U35: =SUM(I35+N35+P35+T35) -> 55046.484
A36: Aver.
A37: Total | E37: =SUM(E5:E34) -> 16117 | F37: =SUM(F5:F34) -> 38430 | G37: =SUM(G5:G34) -> 0 | H37: =SUM(H5:H35) -> 56294 | I37: =SUM(I5:I34) -> 218188 | J37: =SUM(J3:J34) -> 335638 | K37: =SUM(K5:K35) -> 391809 | L37: =SUM(L3:L35) -> 1146800 | M37: =SUM(M3:M35) -> 834 | N37: =SUM(N5:N34) -> 271903.33 | O37: =SUM(O5:O35) -> 1538609 | P37: =SUM(P5:P34) -> 1035934.3 | Q37: =SUM(Q5:Q34) -> 20085 | R37: =SUM(R5:R35) -> 1472.5 | S37: =SUM(S5:S35) -> 22319.5 | T37: =SUM(T5:T34) -> 102370.39 | U37: =SUM(U5:U34) -> 1628396
