Workbook

Sheet Total Daily 
A1: Site Name | B1: Day | C1: Month | D1: Year | E1: Total Electricity Kwh | F1: Electricity Tariff ($/Kwh) | G1: LPG (Kg) | H1: LPG $/Kg | I1: District Energy Cooling Kwh | J1: District Energy Cooling $/Kwh | K1: Water Utility Supply (m3) m3 | L1: Water Utility Supply (m3) m3 | M1: Water Utility Supply (m3) $/m3 | N1: Room Nights
A2: Dubai DIFC | B2: 1 | C2: 9 | D2: 2022 | E2: ='09 - 2022'!B8-'09 - 2022'!B7+'09 - 2022'!C8-'09 - 2022'!C7 -> 9785 | F2: 0.118 | G2: ='09 - 2022'!D8-'09 - 2022'!D7+'09 - 2022'!E8-'09 - 2022'!E7 -> 23.24 | H2: 0.99 | I2: ='09 - 2022'!J8-'09 - 2022'!J7 -> 35362 | J2: 0.081 | K2: ='09 - 2022'!H8-'09 - 2022'!H7 -> 0 | L2: ='09 - 2022'!I8-'09 - 2022'!I7 -> 120 | M2: 4.3936294 | N2: 61
A3: Dubai DIFC | B3: =B2+1 -> 2 | C3: 9 | D3: 2022 | E3: ='09 - 2022'!B9-'09 - 2022'!B8+'09 - 2022'!C9-'09 - 2022'!C8 -> 10276 | F3: 0.118 | G3: ='09 - 2022'!D9-'09 - 2022'!D8+'09 - 2022'!E9-'09 - 2022'!E8 -> 27.93 | H3: 0.99 | I3: ='09 - 2022'!J9-'09 - 2022'!J8 -> 39016 | J3: 0.081 | K3: ='09 - 2022'!H9-'09 - 2022'!H8 -> 0 | L3: ='09 - 2022'!I9-'09 - 2022'!I8 -> 112 | M3: 4.3936294 | N3: 64
A4: Dubai DIFC | B4: =B3+1 -> 3 | C4: 9 | D4: 2022 | E4: ='09 - 2022'!B10-'09 - 2022'!B9+'09 - 2022'!C10-'09 - 2022'!C9 -> 9906 | F4: 0.118 | G4: ='09 - 2022'!D10-'09 - 2022'!D9+'09 - 2022'!E10-'09 - 2022'!E9 -> 25.46 | H4: 0.99 | I4: ='09 - 2022'!J10-'09 - 2022'!J9 -> 38710 | J4: 0.081 | K4: ='09 - 2022'!H10-'09 - 2022'!H9 -> 0 | L4: ='09 - 2022'!I10-'09 - 2022'!I9 -> 113 | M4: 4.3936294 | N4: 67
A5: Dubai DIFC | B5: =B4+1 -> 4 | C5: 9 | D5: 2022 | E5: ='09 - 2022'!B11-'09 - 2022'!B10+'09 - 2022'!C11-'09 - 2022'!C10 -> 9896 | F5: 0.118 | G5: ='09 - 2022'!D11-'09 - 2022'!D10+'09 - 2022'!E11-'09 - 2022'!E10 -> 23.46 | H5: 0.99 | I5: ='09 - 2022'!J11-'09 - 2022'!J10 -> 36419 | J5: 0.081 | K5: ='09 - 2022'!H11-'09 - 2022'!H10 -> 0 | L5: ='09 - 2022'!I11-'09 - 2022'!I10 -> 111 | M5: 4.3936294 | N5: 60
A6: Dubai DIFC | B6: =B5+1 -> 5 | C6: 9 | D6: 2022 | E6: ='09 - 2022'!B12-'09 - 2022'!B11+'09 - 2022'!C12-'09 - 2022'!C11 -> 10075 | F6: 0.118 | G6: ='09 - 2022'!D12-'09 - 2022'!D11+'09 - 2022'!E12-'09 - 2022'!E11 -> 23.93 | H6: 0.99 | I6: ='09 - 2022'!J12-'09 - 2022'!J11 -> 36283 | J6: 0.081 | K6: ='09 - 2022'!H12-'09 - 2022'!H11 -> 0 | L6: ='09 - 2022'!I12-'09 - 2022'!I11 -> 113 | M6: 4.3936294 | N6: 52
A7: Dubai DIFC | B7: =B6+1 -> 6 | C7: 9 | D7: 2022 | E7: ='09 - 2022'!B13-'09 - 2022'!B12+'09 - 2022'!C13-'09 - 2022'!C12 -> 9557 | F7: 0.118 | G7: ='09 - 2022'!D13-'09 - 2022'!D12+'09 - 2022'!E13-'09 - 2022'!E12 -> 22.66 | H7: 0.99 | I7: ='09 - 2022'!J13-'09 - 2022'!J12 -> 34824 | J7: 0.081 | K7: ='09 - 2022'!H13-'09 - 2022'!H12 -> 0 | L7: ='09 - 2022'!I13-'09 - 2022'!I12 -> 110 | M7: 4.3936294 | N7: 65
A8: Dubai DIFC | B8: =B7+1 -> 7 | C8: 9 | D8: 2022 | E8: 0 | F8: 0.118 | G8: 0 | H8: 0.99 | I8: 0 | J8: 0.081 | K8: 0 | L8: 0 | M8: 4.3936294
A9: Dubai DIFC | B9: =B8+1 -> 8 | C9: 9 | D9: 2022 | E9: ='09 - 2022'!B15-'09 - 2022'!B14+'09 - 2022'!C15-'09 - 2022'!C14 -> 0 | F9: 0.118 | G9: ='09 - 2022'!D15-'09 - 2022'!D14+'09 - 2022'!E15-'09 - 2022'!E14 -> 0 | H9: 0.99 | I9: ='09 - 2022'!J15-'09 - 2022'!J14 -> 0 | J9: 0.081 | K9: ='09 - 2022'!H15-'09 - 2022'!H14 -> 0 | L9: ='09 - 2022'!I15-'09 - 2022'!I14 -> 0 | M9: 4.3936294
A10: Dubai DIFC | B10: =B9+1 -> 9 | C10: 9 | D10: 2022 | E10: ='09 - 2022'!B16-'09 - 2022'!B15+'09 - 2022'!C16-'09 - 2022'!C15 -> 0 | F10: 0.118 | G10: ='09 - 2022'!D16-'09 - 2022'!D15+'09 - 2022'!E16-'09 - 2022'!E15 -> 0 | H10: 0.99 | I10: ='09 - 2022'!J16-'09 - 2022'!J15 -> 0 | J10: 0.081 | K10: ='09 - 2022'!H16-'09 - 2022'!H15 -> 0 | L10: ='09 - 2022'!I16-'09 - 2022'!I15 -> 0 | M10: 4.3936294
A11: Dubai DIFC | B11: =B10+1 -> 10 | C11: 9 | D11: 2022 | E11: ='09 - 2022'!B17-'09 - 2022'!B16+'09 - 2022'!C17-'09 - 2022'!C16 -> 0 | F11: 0.118 | G11: ='09 - 2022'!D17-'09 - 2022'!D16+'09 - 2022'!E17-'09 - 2022'!E16 -> 0 | H11: 0.99 | I11: ='09 - 2022'!J17-'09 - 2022'!J16 -> 0 | J11: 0.081 | K11: ='09 - 2022'!H17-'09 - 2022'!H16 -> 0 | L11: ='09 - 2022'!I17-'09 - 2022'!I16 -> 0 | M11: 4.3936294
A12: Dubai DIFC | B12: =B11+1 -> 11 | C12: 9 | D12: 2022 | E12: ='09 - 2022'!B18-'09 - 2022'!B17+'09 - 2022'!C18-'09 - 2022'!C17 -> 0 | F12: 0.118 | G12: ='09 - 2022'!D18-'09 - 2022'!D17+'09 - 2022'!E18-'09 - 2022'!E17 -> 0 | H12: 0.99 | I12: ='09 - 2022'!J18-'09 - 2022'!J17 -> 0 | J12: 0.081 | K12: ='09 - 2022'!H18-'09 - 2022'!H17 -> 0 | L12: ='09 - 2022'!I18-'09 - 2022'!I17 -> 0 | M12: 4.3936294
A13: Dubai DIFC | B13: =B12+1 -> 12 | C13: 9 | D13: 2022 | E13: ='09 - 2022'!B19-'09 - 2022'!B18+'09 - 2022'!C19-'09 - 2022'!C18 -> 0 | F13: 0.118 | G13: ='09 - 2022'!D19-'09 - 2022'!D18+'09 - 2022'!E19-'09 - 2022'!E18 -> 0 | H13: 0.99 | I13: ='09 - 2022'!J19-'09 - 2022'!J18 -> 0 | J13: 0.081 | K13: ='09 - 2022'!H19-'09 - 2022'!H18 -> 0 | L13: ='09 - 2022'!I19-'09 - 2022'!I18 -> 0 | M13: 4.3936294
A14: Dubai DIFC | B14: =B13+1 -> 13 | C14: 9 | D14: 2022 | E14: ='09 - 2022'!B20-'09 - 2022'!B19+'09 - 2022'!C20-'09 - 2022'!C19 -> 0 | F14: 0.118 | G14: ='09 - 2022'!D20-'09 - 2022'!D19+'09 - 2022'!E20-'09 - 2022'!E19 -> 0 | H14: 0.99 | I14: ='09 - 2022'!J20-'09 - 2022'!J19 -> 0 | J14: 0.081 | K14: ='09 - 2022'!H20-'09 - 2022'!H19 -> 0 | L14: ='09 - 2022'!I20-'09 - 2022'!I19 -> 0 | M14: 4.3936294
A15: Dubai DIFC | B15: =B14+1 -> 14 | C15: 9 | D15: 2022 | E15: ='09 - 2022'!B21-'09 - 2022'!B20+'09 - 2022'!C21-'09 - 2022'!C20 -> 0 | F15: 0.118 | G15: ='09 - 2022'!D21-'09 - 2022'!D20+'09 - 2022'!E21-'09 - 2022'!E20 -> 0 | H15: 0.99 | I15: ='09 - 2022'!J21-'09 - 2022'!J20 -> 0 | J15: 0.081 | K15: ='09 - 2022'!H21-'09 - 2022'!H20 -> 0 | L15: ='09 - 2022'!I21-'09 - 2022'!I20 -> 0 | M15: 4.3936294
A16: Dubai DIFC | B16: =B15+1 -> 15 | C16: 9 | D16: 2022 | E16: ='09 - 2022'!B22-'09 - 2022'!B21+'09 - 2022'!C22-'09 - 2022'!C21 -> 0 | F16: 0.118 | G16: ='09 - 2022'!D22-'09 - 2022'!D21+'09 - 2022'!E22-'09 - 2022'!E21 -> 0 | H16: 0.99 | I16: ='09 - 2022'!J22-'09 - 2022'!J21 -> 0 | J16: 0.081 | K16: ='09 - 2022'!H22-'09 - 2022'!H21 -> 0 | L16: ='09 - 2022'!I22-'09 - 2022'!I21 -> 0 | M16: 4.3936294
A17: Dubai DIFC | B17: =B16+1 -> 16 | C17: 9 | D17: 2022 | E17: ='09 - 2022'!B23-'09 - 2022'!B22+'09 - 2022'!C23-'09 - 2022'!C22 -> 0 | F17: 0.118 | G17: ='09 - 2022'!D23-'09 - 2022'!D22+'09 - 2022'!E23-'09 - 2022'!E22 -> 0 | H17: 0.99 | I17: ='09 - 2022'!J23-'09 - 2022'!J22 -> 0 | J17: 0.081 | K17: ='09 - 2022'!H23-'09 - 2022'!H22 -> 0 | L17: ='09 - 2022'!I23-'09 - 2022'!I22 -> 0 | M17: 4.3936294
A18: Dubai DIFC | B18: =B17+1 -> 17 | C18: 9 | D18: 2022 | E18: ='09 - 2022'!B24-'09 - 2022'!B23+'09 - 2022'!C24-'09 - 2022'!C23 -> 0 | F18: 0.118 | G18: ='09 - 2022'!D24-'09 - 2022'!D23+'09 - 2022'!E24-'09 - 2022'!E23 -> 0 | H18: 0.99 | I18: ='09 - 2022'!J24-'09 - 2022'!J23 -> 0 | J18: 0.081 | K18: ='09 - 2022'!H24-'09 - 2022'!H23 -> 0 | L18: ='09 - 2022'!I24-'09 - 2022'!I23 -> 0 | M18: 4.3936294
A19: Dubai DIFC | B19: =B18+1 -> 18 | C19: 9 | D19: 2022 | E19: ='09 - 2022'!B25-'09 - 2022'!B24+'09 - 2022'!C25-'09 - 2022'!C24 -> 0 | F19: 0.118 | G19: ='09 - 2022'!D25-'09 - 2022'!D24+'09 - 2022'!E25-'09 - 2022'!E24 -> 0 | H19: 0.99 | I19: ='09 - 2022'!J25-'09 - 2022'!J24 -> 0 | J19: 0.081 | K19: ='09 - 2022'!H25-'09 - 2022'!H24 -> 0 | L19: ='09 - 2022'!I25-'09 - 2022'!I24 -> 0 | M19: 4.3936294
A20: Dubai DIFC | B20: =B19+1 -> 19 | C20: 9 | D20: 2022 | E20: ='09 - 2022'!B26-'09 - 2022'!B25+'09 - 2022'!C26-'09 - 2022'!C25 -> 0 | F20: 0.118 | G20: ='09 - 2022'!D26-'09 - 2022'!D25+'09 - 2022'!E26-'09 - 2022'!E25 -> 0 | H20: 0.99 | I20: ='09 - 2022'!J26-'09 - 2022'!J25 -> 0 | J20: 0.081 | K20: ='09 - 2022'!H26-'09 - 2022'!H25 -> 0 | L20: ='09 - 2022'!I26-'09 - 2022'!I25 -> 0 | M20: 4.3936294
... A31: Dubai DIFC | B31: =B30+1 -> 30 | C31: 9 | D31: 2022 | E31: ='09 - 2022'!B37-'09 - 2022'!B36+'09 - 2022'!C37-'09 - 2022'!C36 -> 0 | F31: 0.118 | G31: ='09 - 2022'!D37-'09 - 2022'!D36+'09 - 2022'!E37-'09 - 2022'!E36 -> 0 | H31: 0.99 | I31: ='09 - 2022'!J37-'09 - 2022'!J36 -> 0 | J31: 0.081 | K31: ='09 - 2022'!H37-'09 - 2022'!H36 -> 0 | L31: ='09 - 2022'!I37-'09 - 2022'!I36 -> 0 | M31: 4.3936294

Sheet Submetering Daily 
A1: Site Name | B1: Day | C1: Month | D1: Year | E1: Panel LV1 Kwh | F1: Panel LV2 Kwh | G1: Electricity Tariff ($/Kwh) | H1: Main Kitchen LPG (Kg) | I1: Podium Kitchen LPG (Kg) | J1: Boiler LPG (Kg) | K1: LPG $/Kg | L1: Room Nights
A2: Dubai DIFC | B2: 1 | C2: 9 | D2: 2022 | E2: ='09 - 2022'!B8-'09 - 2022'!B7 -> 3940 | F2: ='09 - 2022'!C8-'09 - 2022'!C7 -> 5845 | G2: 0.118 | H2: ='09 - 2022'!E8-'09 - 2022'!E7 -> 23.32 | I2: ='09 - 2022'!F8-'09 - 2022'!F7 -> 9.91 | J2: ='09 - 2022'!G8-'09 - 2022'!G7 -> 29.55 | K2: 0.74 | L2: 61
A3: Dubai DIFC | B3: =B2+1 -> 2 | C3: 9 | D3: 2022 | E3: ='09 - 2022'!B9-'09 - 2022'!B8 -> 4142 | F3: ='09 - 2022'!C9-'09 - 2022'!C8 -> 6134 | G3: 0.118 | H3: ='09 - 2022'!E9-'09 - 2022'!E8 -> 28.01 | I3: ='09 - 2022'!F9-'09 - 2022'!F8 -> 4.89 | J3: ='09 - 2022'!G9-'09 - 2022'!G8 -> 28.58 | K3: 0.74 | L3: 64
A4: Dubai DIFC | B4: =B3+1 -> 3 | C4: 9 | D4: 2022 | E4: ='09 - 2022'!B10-'09 - 2022'!B9 -> 4064 | F4: ='09 - 2022'!C10-'09 - 2022'!C9 -> 5842 | G4: 0.118 | H4: ='09 - 2022'!E10-'09 - 2022'!E9 -> 25.52 | I4: ='09 - 2022'!F10-'09 - 2022'!F9 -> 15.95 | J4: ='09 - 2022'!G10-'09 - 2022'!G9 -> 27.55 | K4: 0.74 | L4: 67
A5: Dubai DIFC | B5: =B4+1 -> 4 | C5: 9 | D5: 2022 | E5: ='09 - 2022'!B11-'09 - 2022'!B10 -> 4035 | F5: ='09 - 2022'!C11-'09 - 2022'!C10 -> 5861 | G5: 0.118 | H5: ='09 - 2022'!E11-'09 - 2022'!E10 -> 23.02 | I5: ='09 - 2022'!F11-'09 - 2022'!F10 -> 9.78 | J5: ='09 - 2022'!G11-'09 - 2022'!G10 -> 30.54 | K5: 0.74 | L5: 60
A6: Dubai DIFC | B6: =B5+1 -> 5 | C6: 9 | D6: 2022 | E6: ='09 - 2022'!B12-'09 - 2022'!B11 -> 3989 | F6: ='09 - 2022'!C12-'09 - 2022'!C11 -> 6086 | G6: 0.118 | H6: ='09 - 2022'!E12-'09 - 2022'!E11 -> 24 | I6: ='09 - 2022'!F12-'09 - 2022'!F11 -> 10.1 | J6: ='09 - 2022'!G12-'09 - 2022'!G11 -> 25.26 | K6: 0.74 | L6: 52
A7: Dubai DIFC | B7: =B6+1 -> 6 | C7: 9 | D7: 2022 | E7: ='09 - 2022'!B13-'09 - 2022'!B12 -> 3933 | F7: ='09 - 2022'!C13-'09 - 2022'!C12 -> 5624 | G7: 0.118 | H7: ='09 - 2022'!E13-'09 - 2022'!E12 -> 22.74 | I7: ='09 - 2022'!F13-'09 - 2022'!F12 -> 9.04 | J7: ='09 - 2022'!G13-'09 - 2022'!G12 -> 21.4 | K7: 0.74 | L7: 65
A8: Dubai DIFC | B8: =B7+1 -> 7 | C8: 9 | D8: 2022 | E8: 0 | F8: 0 | G8: 0.118 | H8: 0 | I8: 0 | J8: 0 | K8: 0.74
A9: Dubai DIFC | B9: =B8+1 -> 8 | C9: 9 | D9: 2022 | E9: ='09 - 2022'!B15-'09 - 2022'!B14 -> 0 | F9: ='09 - 2022'!C15-'09 - 2022'!C14 -> 0 | G9: 0.118 | H9: ='09 - 2022'!E15-'09 - 2022'!E14 -> 0 | I9: ='09 - 2022'!F15-'09 - 2022'!F14 -> 0 | J9: ='09 - 2022'!G15-'09 - 2022'!G14 -> 0 | K9: 0.74
A10: Dubai DIFC | B10: =B9+1 -> 9 | C10: 9 | D10: 2022 | E10: ='09 - 2022'!B16-'09 - 2022'!B15 -> 0 | F10: ='09 - 2022'!C16-'09 - 2022'!C15 -> 0 | G10: 0.118 | H10: ='09 - 2022'!E16-'09 - 2022'!E15 -> 0 | I10: ='09 - 2022'!F16-'09 - 2022'!F15 -> 0 | J10: ='09 - 2022'!G16-'09 - 2022'!G15 -> 0 | K10: 0.74
A11: Dubai DIFC | B11: =B10+1 -> 10 | C11: 9 | D11: 2022 | E11: ='09 - 2022'!B17-'09 - 2022'!B16 -> 0 | F11: ='09 - 2022'!C17-'09 - 2022'!C16 -> 0 | G11: 0.118 | H11: ='09 - 2022'!E17-'09 - 2022'!E16 -> 0 | I11: ='09 - 2022'!F17-'09 - 2022'!F16 -> 0 | J11: ='09 - 2022'!G17-'09 - 2022'!G16 -> 0 | K11: 0.74
A12: Dubai DIFC | B12: =B11+1 -> 11 | C12: 9 | D12: 2022 | E12: ='09 - 2022'!B18-'09 - 2022'!B17 -> 0 | F12: ='09 - 2022'!C18-'09 - 2022'!C17 -> 0 | G12: 0.118 | H12: ='09 - 2022'!E18-'09 - 2022'!E17 -> 0 | I12: ='09 - 2022'!F18-'09 - 2022'!F17 -> 0 | J12: ='09 - 2022'!G18-'09 - 2022'!G17 -> 0 | K12: 0.74
A13: Dubai DIFC | B13: =B12+1 -> 12 | C13: 9 | D13: 2022 | E13: ='09 - 2022'!B19-'09 - 2022'!B18 -> 0 | F13: ='09 - 2022'!C19-'09 - 2022'!C18 -> 0 | G13: 0.118 | H13: ='09 - 2022'!E19-'09 - 2022'!E18 -> 0 | I13: ='09 - 2022'!F19-'09 - 2022'!F18 -> 0 | J13: ='09 - 2022'!G19-'09 - 2022'!G18 -> 0 | K13: 0.74
A14: Dubai DIFC | B14: =B13+1 -> 13 | C14: 9 | D14: 2022 | E14: ='09 - 2022'!B20-'09 - 2022'!B19 -> 0 | F14: ='09 - 2022'!C20-'09 - 2022'!C19 -> 0 | G14: 0.118 | H14: ='09 - 2022'!E20-'09 - 2022'!E19 -> 0 | I14: ='09 - 2022'!F20-'09 - 2022'!F19 -> 0 | J14: ='09 - 2022'!G20-'09 - 2022'!G19 -> 0 | K14: 0.74
A15: Dubai DIFC | B15: =B14+1 -> 14 | C15: 9 | D15: 2022 | E15: ='09 - 2022'!B21-'09 - 2022'!B20 -> 0 | F15: ='09 - 2022'!C21-'09 - 2022'!C20 -> 0 | G15: 0.118 | H15: ='09 - 2022'!E21-'09 - 2022'!E20 -> 0 | I15: ='09 - 2022'!F21-'09 - 2022'!F20 -> 0 | J15: ='09 - 2022'!G21-'09 - 2022'!G20 -> 0 | K15: 0.74
A16: Dubai DIFC | B16: =B15+1 -> 15 | C16: 9 | D16: 2022 | E16: ='09 - 2022'!B22-'09 - 2022'!B21 -> 0 | F16: ='09 - 2022'!C22-'09 - 2022'!C21 -> 0 | G16: 0.118 | H16: ='09 - 2022'!E22-'09 - 2022'!E21 -> 0 | I16: ='09 - 2022'!F22-'09 - 2022'!F21 -> 0 | J16: ='09 - 2022'!G22-'09 - 2022'!G21 -> 0 | K16: 0.74
A17: Dubai DIFC | B17: =B16+1 -> 16 | C17: 9 | D17: 2022 | E17: ='09 - 2022'!B23-'09 - 2022'!B22 -> 0 | F17: ='09 - 2022'!C23-'09 - 2022'!C22 -> 0 | G17: 0.118 | H17: ='09 - 2022'!E23-'09 - 2022'!E22 -> 0 | I17: ='09 - 2022'!F23-'09 - 2022'!F22 -> 0 | J17: ='09 - 2022'!G23-'09 - 2022'!G22 -> 0 | K17: 0.74
A18: Dubai DIFC | B18: =B17+1 -> 17 | C18: 9 | D18: 2022 | E18: ='09 - 2022'!B24-'09 - 2022'!B23 -> 0 | F18: ='09 - 2022'!C24-'09 - 2022'!C23 -> 0 | G18: 0.118 | H18: ='09 - 2022'!E24-'09 - 2022'!E23 -> 0 | I18: ='09 - 2022'!F24-'09 - 2022'!F23 -> 0 | J18: ='09 - 2022'!G24-'09 - 2022'!G23 -> 0 | K18: 0.74
A19: Dubai DIFC | B19: =B18+1 -> 18 | C19: 9 | D19: 2022 | E19: ='09 - 2022'!B25-'09 - 2022'!B24 -> 0 | F19: ='09 - 2022'!C25-'09 - 2022'!C24 -> 0 | G19: 0.118 | H19: ='09 - 2022'!E25-'09 - 2022'!E24 -> 0 | I19: ='09 - 2022'!F25-'09 - 2022'!F24 -> 0 | J19: ='09 - 2022'!G25-'09 - 2022'!G24 -> 0 | K19: 0.74
A20: Dubai DIFC | B20: =B19+1 -> 19 | C20: 9 | D20: 2022 | E20: ='09 - 2022'!B26-'09 - 2022'!B25 -> 0 | F20: ='09 - 2022'!C26-'09 - 2022'!C25 -> 0 | G20: 0.118 | H20: ='09 - 2022'!E26-'09 - 2022'!E25 -> 0 | I20: ='09 - 2022'!F26-'09 - 2022'!F25 -> 0 | J20: ='09 - 2022'!G26-'09 - 2022'!G25 -> 0 | K20: 0.74
... A31: Dubai DIFC | B31: =B30+1 -> 30 | C31: 9 | D31: 2022 | E31: ='09 - 2022'!B37-'09 - 2022'!B36 -> 0 | F31: ='09 - 2022'!C37-'09 - 2022'!C36 -> 0 | G31: 0.118 | H31: ='09 - 2022'!E37-'09 - 2022'!E36 -> 0 | I31: ='09 - 2022'!F37-'09 - 2022'!F36 -> 0 | J31: ='09 - 2022'!G37-'09 - 2022'!G36 -> 0 | K31: 0.74

Sheet 09 - 2022
A3: FOUR SEASONS HOTEL - DIFC
A4: HLP READING MONTH OF SEP' 2022
B5: Electricity | D5: LPG (cu.m) | H5: Water (cu.m) | J5: BTU
A6: Date | B6: LV-01, 2025952759 | C6: LV-2, 2030235407 | D6: Main Meter % | E6: Main Kitchen | F6: Podium Kitchen | G6: Boiler | H6: B-3 Water Meter (DIFC) | I6: MainWater Meter (DEWA) | J6: Chilled Water (KWH) | K6: Gas Received (Litres) | L6: Remark
A7: 44804 | B7: 482971 | C7: 1440624 | D7: 0.58 | E7: 4142.63 | F7: 3056.18 | G7: 45214.05 | H7: 14528 | I7: 168957 | J7: 59057187
A8: =A7+1 -> 44805 | B8: 486911 | C8: 1446469 | D8: 0.5 | E8: 4165.95 | F8: 3066.09 | G8: 45243.6 | H8: 14528 | I8: 169077 | J8: 59092549
A9: =A8+1 -> 44806 | B9: 491053 | C9: 1452603 | D9: 0.42 | E9: 4193.96 | F9: 3070.98 | G9: 45272.18 | H9: 14528 | I9: 169189 | J9: 59131565
A10: =A9+1 -> 44807 | B10: 495117 | C10: 1458445 | D10: 0.36 | E10: 4219.48 | F10: 3086.93 | G10: 45299.73 | H10: 14528 | I10: 169302 | J10: 59170275 | K10: 3500
A11: =A10+1 -> 44808 | B11: 499152 | C11: 1464306 | D11: 0.8 | E11: 4242.5 | F11: 3096.71 | G11: 45330.27 | H11: 14528 | I11: 169413 | J11: 59206694
A12: =A11+1 -> 44809 | B12: 503141 | C12: 1470392 | D12: 0.73 | E12: 4266.5 | F12: 3106.81 | G12: 45355.53 | H12: 14528 | I12: 169526 | J12: 59242977
A13: =A12+1 -> 44810 | B13: 507074 | C13: 1476016 | D13: 0.65 | E13: 4289.24 | F13: 3115.85 | G13: 45376.93 | H13: 14528 | I13: 169636 | J13: 59277801
A14: =A13+1 -> 44811
A15: =A14+1 -> 44812
A16: =A15+1 -> 44813
A17: =A16+1 -> 44814
A18: =A17+1 -> 44815
A19: =A18+1 -> 44816
A20: =A19+1 -> 44817
A21: =A20+1 -> 44818
A22: =A21+1 -> 44819
A23: =A22+1 -> 44820
A24: =A23+1 -> 44821
A25: =A24+1 -> 44822
... A37: =A36+1 -> 44834
A38: Readings | B38: =B37-B7 -> -482971 | C38: =C37-C7 -> -1440624 | E38: =E37-E7 -> -4142.63 | F38: =F37-F7 -> -3056.18 | G38: =G37-G7 -> -45214.05 | H38: =H37-H7 -> -14528 | I38: =I37-I7 -> -168957 | J38: =J37-J7 -> -59057187 | K38: =K37-K7 -> 0
H39: =H38*219.969 -> -3195709.6 | I39: =I38*219.969 -> -37165302
