Workbook

Sheet TOTAL
A1: Site Name | B1: Day | C1: Month | D1: Year | E1: Total Electricity KWh | F1: Electricity Tariff ($/KWh) | G1: Natual Gas (m3) | H1: Natural Gas $/m3 | I1: District Energy Cooling KWh | J1: District Energy Cooling $/KWh | K1: District Energy Heating KWh | L1: District Energy Heating $/KWh | M1: Water Utility Supply (m3) m3 | N1: Water Utility Supply (m3) $/m3 | O1: Room Nights | P1: Total Guests
A2: Tokyo at Otemachi | B2: 1 | C2: 9 | D2: 2022 | E2: ='Otemachi Daily'!D5 -> 16143 | F2: =[1]見込!$G$3 -> 31.5 | G2: ='Otemachi Daily'!F5 -> 153.6 | H2: =[1]見込!$M$23 -> 153.9339 | I2: ='Otemachi Daily'!H5 -> 29081.215 | J2: 10.79 | K2: ='Otemachi Daily'!J5 -> 87.507 | L2: 7.22 | M2: ='Otemachi Daily'!L5 -> 141 | N2: 741 | O2: ='Otemachi Daily'!M5 -> 107 | P2: ='Otemachi Daily'!N5 -> 173
A3: Tokyo at Otemachi | B3: =B2+1 -> 2 | C3: 9 | D3: 2022 | E3: ='Otemachi Daily'!D6 -> 16181 | F3: =[1]見込!$G$3 -> 31.5 | G3: ='Otemachi Daily'!F6 -> 184.4 | H3: =[1]見込!$M$23 -> 153.9339 | I3: ='Otemachi Daily'!H6 -> 16926.354 | J3: 10.79 | K3: ='Otemachi Daily'!J6 -> 892.8492 | L3: 7.22 | M3: ='Otemachi Daily'!L6 -> 138 | N3: 741 | O3: ='Otemachi Daily'!M6 -> 92 | P3: ='Otemachi Daily'!N6 -> 171
A4: Tokyo at Otemachi | B4: =B3+1 -> 3 | C4: 9 | D4: 2022 | E4: ='Otemachi Daily'!D7 -> 16469 | F4: =[1]見込!$G$3 -> 31.5 | G4: ='Otemachi Daily'!F7 -> 202.1 | H4: =[1]見込!$M$23 -> 153.9339 | I4: ='Otemachi Daily'!H7 -> 18049.777 | J4: 10.79 | K4: ='Otemachi Daily'!J7 -> 472.5378 | L4: 7.22 | M4: ='Otemachi Daily'!L7 -> 166 | N4: 741 | O4: ='Otemachi Daily'!M7 -> 134 | P4: ='Otemachi Daily'!N7 -> 270
A5: Tokyo at Otemachi | B5: =B4+1 -> 4 | C5: 9 | D5: 2022 | E5: ='Otemachi Daily'!D8 -> 16608 | F5: =[1]見込!$G$3 -> 31.5 | G5: ='Otemachi Daily'!F8 -> 177.2 | H5: =[1]見込!$M$23 -> 153.9339 | I5: ='Otemachi Daily'!H8 -> 22365.678 | J5: 10.79 | K5: ='Otemachi Daily'!J8 -> 250.02 | L5: 7.22 | M5: ='Otemachi Daily'!L8 -> 181 | N5: 741 | O5: ='Otemachi Daily'!M8 -> 101 | P5: ='Otemachi Daily'!N8 -> 170
A6: Tokyo at Otemachi | B6: =B5+1 -> 5 | C6: 9 | D6: 2022 | E6: ='Otemachi Daily'!D9 -> 16419 | F6: =[1]見込!$G$3 -> 31.5 | G6: ='Otemachi Daily'!F9 -> 189.5 | H6: =[1]見込!$M$23 -> 153.9339 | I6: ='Otemachi Daily'!H9 -> 23403.261 | J6: 10.79 | K6: ='Otemachi Daily'!J9 -> 222.24 | L6: 7.22 | M6: ='Otemachi Daily'!L9 -> 152 | N6: 741 | O6: ='Otemachi Daily'!M9 -> 91 | P6: ='Otemachi Daily'!N9 -> 144
A7: Tokyo at Otemachi | B7: =B6+1 -> 6 | C7: 9 | D7: 2022 | E7: ='Otemachi Daily'!D10 -> 16350 | F7: =[1]見込!$G$3 -> 31.5 | G7: ='Otemachi Daily'!F10 -> 180.5 | H7: =[1]見込!$M$23 -> 153.9339 | I7: ='Otemachi Daily'!H10 -> 28574.23 | J7: 10.79 | K7: ='Otemachi Daily'!J10 -> 1.6668 | L7: 7.22 | M7: ='Otemachi Daily'!L10 -> 131 | N7: 741 | O7: ='Otemachi Daily'!M10 -> 101 | P7: ='Otemachi Daily'!N10 -> 153
A8: Tokyo at Otemachi | B8: =B7+1 -> 7 | C8: 9 | D8: 2022 | E8: ='Otemachi Daily'!D11 -> 15874 | F8: =[1]見込!$G$3 -> 31.5 | G8: ='Otemachi Daily'!F11 -> 161.4 | H8: =[1]見込!$M$23 -> 153.9339 | I8: ='Otemachi Daily'!H11 -> 27865.562 | J8: 10.79 | K8: ='Otemachi Daily'!J11 -> 43.8924 | L8: 7.22 | M8: ='Otemachi Daily'!L11 -> 129 | N8: 741 | O8: ='Otemachi Daily'!M11 -> 92 | P8: ='Otemachi Daily'!N11 -> 136
A9: Tokyo at Otemachi | B9: =B8+1 -> 8 | C9: 9 | D9: 2022 | E9: ='Otemachi Daily'!D12 -> 16109 | F9: =[1]見込!$G$3 -> 31.5 | G9: ='Otemachi Daily'!F12 -> 172.1 | H9: =[1]見込!$M$23 -> 153.9339 | I9: ='Otemachi Daily'!H12 -> 17551.126 | J9: 10.79 | K9: ='Otemachi Daily'!J12 -> 474.2046 | L9: 7.22 | M9: ='Otemachi Daily'!L12 -> 144 | N9: 741 | O9: ='Otemachi Daily'!M12 -> 110 | P9: ='Otemachi Daily'!N12 -> 180
A10: Tokyo at Otemachi | B10: =B9+1 -> 9 | C10: 9 | D10: 2022 | E10: ='Otemachi Daily'!D13 -> 16427 | F10: =[1]見込!$G$3 -> 31.5 | G10: ='Otemachi Daily'!F13 -> 185.8 | H10: =[1]見込!$M$23 -> 153.9339 | I10: ='Otemachi Daily'!H13 -> 20018.824 | J10: 10.79 | K10: ='Otemachi Daily'!J13 -> 312.525 | L10: 7.22 | M10: ='Otemachi Daily'!L13 -> 151 | N10: 741 | O10: ='Otemachi Daily'!M13 -> 164 | P10: ='Otemachi Daily'!N13 -> 316
A11: Tokyo at Otemachi | B11: =B10+1 -> 10 | C11: 9 | D11: 2022 | E11: ='Otemachi Daily'!D14 -> 16703 | F11: =[1]見込!$G$3 -> 31.5 | G11: ='Otemachi Daily'!F14 -> 200 | H11: =[1]見込!$M$23 -> 153.9339 | I11: ='Otemachi Daily'!H14 -> 19479.892 | J11: 10.79 | K11: ='Otemachi Daily'!J14 -> 555.6 | L11: 7.22 | M11: ='Otemachi Daily'!L14 -> 196 | N11: 741 | O11: ='Otemachi Daily'!M14 -> 168 | P11: ='Otemachi Daily'!N14 -> 325
A12: Tokyo at Otemachi | B12: =B11+1 -> 11 | C12: 9 | D12: 2022 | E12: ='Otemachi Daily'!D15 -> 16713 | F12: =[1]見込!$G$3 -> 31.5 | G12: ='Otemachi Daily'!F15 -> 185.4 | H12: =[1]見込!$M$23 -> 153.9339 | I12: ='Otemachi Daily'!H15 -> 16242.133 | J12: 10.79 | K12: ='Otemachi Daily'!J15 -> 500.04 | L12: 7.22 | M12: ='Otemachi Daily'!L15 -> 187 | N12: 741 | O12: ='Otemachi Daily'!M15 -> 138 | P12: ='Otemachi Daily'!N15 -> 231
A13: Tokyo at Otemachi | B13: =B12+1 -> 12 | C13: 9 | D13: 2022 | E13: ='Otemachi Daily'!D16 -> 16383 | F13: =[1]見込!$G$3 -> 31.5 | G13: ='Otemachi Daily'!F16 -> 178.9 | H13: =[1]見込!$M$23 -> 153.9339 | I13: ='Otemachi Daily'!H16 -> 19844.643 | J13: 10.79 | K13: ='Otemachi Daily'!J16 -> 111.12 | L13: 7.22 | M13: ='Otemachi Daily'!L16 -> 154 | N13: 741 | O13: ='Otemachi Daily'!M16 -> 131 | P13: ='Otemachi Daily'!N16 -> 206
A14: Tokyo at Otemachi | B14: =B13+1 -> 13 | C14: 9 | D14: 2022 | E14: ='Otemachi Daily'!D17 -> 16437 | F14: =[1]見込!$G$3 -> 31.5 | G14: ='Otemachi Daily'!F17 -> 176.4 | H14: =[1]見込!$M$23 -> 153.9339 | I14: ='Otemachi Daily'!H17 -> 24568.91 | J14: 10.79 | K14: ='Otemachi Daily'!J17 -> 171.9582 | L14: 7.22 | M14: ='Otemachi Daily'!L17 -> 160 | N14: 741 | O14: ='Otemachi Daily'!M17 -> 151 | P14: ='Otemachi Daily'!N17 -> 222
... A32: Tokyo at Otemachi | B32: =B31+1 -> 31 | C32: 9 | D32: 2022 | E32: ='Otemachi Daily'!D35 -> 0 | F32: =[1]見込!$G$3 -> 31.5 | G32: ='Otemachi Daily'!F35 -> 0 | H32: =[1]見込!$M$23 -> 153.9339 | I32: ='Otemachi Daily'!H35 -> 0 | J32: 10.79 | K32: ='Otemachi Daily'!J35 -> 0 | L32: 7.22 | M32: ='Otemachi Daily'!L35 -> 0 | N32: 741 | O32: ='Otemachi Daily'!M35 -> 0 | P32: ='Otemachi Daily'!N35 -> 0

Sheet Otemachi Daily
A2: Days | C2: Electricity Meter (KWh) | E2: Gas m3 | G2: District Cooling (KWh) | I2: District Heating (KWh) | K2: Water m3
A3: Date | C3: Reading KWH | D3: Difference KWH | E3: Reading m3 | F3: Difference KWH | G3: Reading KWh | H3: Difference KWH | I3: Reading KWh | J3: Difference KWH | K3: Reading m³ | L3: Daily Consumption m³ | M3: ROOM NIGHTS | N3: TOTAL GUESTS
A5: 44805 | C5: =[1]コスト!$G$147 -> 16143 | D5: =C5 -> 16143 | E5: =[1]コスト!$G$23 -> 153.6 | F5: =E5 -> 153.6 | G5: =[1]コスト!$G$115 -> 29081.215 | H5: =G5 -> 29081.215 | I5: =[1]コスト!$G$91 -> 87.507 | J5: =I5 -> 87.507 | K5: =[1]コスト!$G$41 -> 141 | L5: =K5 -> 141 | M5: =[1]使用量!$G$387 -> 107 | N5: =[1]使用量!$G$388 -> 173
A6: 44806 | C6: =[1]コスト!$H$147 -> 16181 | D6: =C6 -> 16181 | E6: =[1]コスト!$H$23 -> 184.4 | F6: =E6 -> 184.4 | G6: =[1]コスト!$H$115 -> 16926.354 | H6: =G6 -> 16926.354 | I6: =[1]コスト!$H$91 -> 892.8492 | J6: =I6 -> 892.8492 | K6: =[1]コスト!$H$41 -> 138 | L6: =K6 -> 138 | M6: =[1]使用量!$H$387 -> 92 | N6: =[1]使用量!$H$388 -> 171
A7: 44807 | C7: =[1]コスト!$I$147 -> 16469 | D7: =C7 -> 16469 | E7: =[1]コスト!$I$23 -> 202.1 | F7: =E7 -> 202.1 | G7: =[1]コスト!$I$115 -> 18049.777 | H7: =G7 -> 18049.777 | I7: =[1]コスト!$I$91 -> 472.5378 | J7: =I7 -> 472.5378 | K7: =[1]コスト!$I$41 -> 166 | L7: =K7 -> 166 | M7: =[1]使用量!$I$387 -> 134 | N7: =[1]使用量!$I$388 -> 270
A8: 44808 | C8: =[1]コスト!$J$147 -> 16608 | D8: =C8 -> 16608 | E8: =[1]コスト!$J$23 -> 177.2 | F8: =E8 -> 177.2 | G8: =[1]コスト!$J$115 -> 22365.678 | H8: =G8 -> 22365.678 | I8: =[1]コスト!$J$91 -> 250.02 | J8: =I8 -> 250.02 | K8: =[1]コスト!$J$41 -> 181 | L8: =K8 -> 181 | M8: =[1]使用量!$J$387 -> 101 | N8: =[1]使用量!$J$388 -> 170
A9: 44809 | C9: =[1]コスト!$K$147 -> 16419 | D9: =C9 -> 16419 | E9: =[1]コスト!$K$23 -> 189.5 | F9: =E9 -> 189.5 | G9: =[1]コスト!$K$115 -> 23403.261 | H9: =G9 -> 23403.261 | I9: =[1]コスト!$K$91 -> 222.24 | J9: =I9 -> 222.24 | K9: =[1]コスト!$K$41 -> 152 | L9: =K9 -> 152 | M9: =[1]使用量!$K$387 -> 91 | N9: =[1]使用量!$K$388 -> 144
A10: 44810 | C10: =[1]コスト!$L$147 -> 16350 | D10: =C10 -> 16350 | E10: =[1]コスト!$L$23 -> 180.5 | F10: =E10 -> 180.5 | G10: =[1]コスト!$L$115 -> 28574.23 | H10: =G10 -> 28574.23 | I10: =[1]コスト!$L$91 -> 1.6668 | J10: =I10 -> 1.6668 | K10: =[1]コスト!$L$41 -> 131 | L10: =K10 -> 131 | M10: =[1]使用量!$L$387 -> 101 | N10: =[1]使用量!$L$388 -> 153
A11: 44811 | C11: =[1]コスト!$M$147 -> 15874 | D11: =C11 -> 15874 | E11: =[1]コスト!$M$23 -> 161.4 | F11: =E11 -> 161.4 | G11: =[1]コスト!$M$115 -> 27865.562 | H11: =G11 -> 27865.562 | I11: =[1]コスト!$M$91 -> 43.8924 | J11: =I11 -> 43.8924 | K11: =[1]コスト!$M$41 -> 129 | L11: =K11 -> 129 | M11: =[1]使用量!$M$387 -> 92 | N11: =[1]使用量!$M$388 -> 136
A12: 44812 | C12: =[1]コスト!$N$147 -> 16109 | D12: =C12 -> 16109 | E12: =[1]コスト!$N$23 -> 172.1 | F12: =E12 -> 172.1 | G12: =[1]コスト!$N$115 -> 17551.126 | H12: =G12 -> 17551.126 | I12: =[1]コスト!$N$91 -> 474.2046 | J12: =I12 -> 474.2046 | K12: =[1]コスト!$N$41 -> 144 | L12: =K12 -> 144 | M12: =[1]使用量!$N$387 -> 110 | N12: =[1]使用量!$N$388 -> 180
A13: 44813 | C13: =[1]コスト!$O$147 -> 16427 | D13: =C13 -> 16427 | E13: =[1]コスト!$O$23 -> 185.8 | F13: =E13 -> 185.8 | G13: =[1]コスト!$O$115 -> 20018.824 | H13: =G13 -> 20018.824 | I13: =[1]コスト!$O$91 -> 312.525 | J13: =I13 -> 312.525 | K13: =[1]コスト!$O$41 -> 151 | L13: =K13 -> 151 | M13: =[1]使用量!$O$387 -> 164 | N13: =[1]使用量!$O$388 -> 316
A14: 44814 | C14: =[1]コスト!$P$147 -> 16703 | D14: =C14 -> 16703 | E14: =[1]コスト!$P$23 -> 200 | F14: =E14 -> 200 | G14: =[1]コスト!$P$115 -> 19479.892 | H14: =G14 -> 19479.892 | I14: =[1]コスト!$P$91 -> 555.6 | J14: =I14 -> 555.6 | K14: =[1]コスト!$P$41 -> 196 | L14: =K14 -> 196 | M14: =[1]使用量!$P$387 -> 168 | N14: =[1]使用量!$P$388 -> 325
A15: 44815 | C15: =[1]コスト!$Q$147 -> 16713 | D15: =C15 -> 16713 | E15: =[1]コスト!$Q$23 -> 185.4 | F15: =E15 -> 185.4 | G15: =[1]コスト!$Q$115 -> 16242.133 | H15: =G15 -> 16242.133 | I15: =[1]コスト!$Q$91 -> 500.04 | J15: =I15 -> 500.04 | K15: =[1]コスト!$Q$41 -> 187 | L15: =K15 -> 187 | M15: =[1]使用量!$Q$387 -> 138 | N15: =[1]使用量!$Q$388 -> 231
A16: 44816 | C16: =[1]コスト!$R$147 -> 16383 | D16: =C16 -> 16383 | E16: =[1]コスト!$R$23 -> 178.9 | F16: =E16 -> 178.9 | G16: =[1]コスト!$R$115 -> 19844.643 | H16: =G16 -> 19844.643 | I16: =[1]コスト!$R$91 -> 111.12 | J16: =I16 -> 111.12 | K16: =[1]コスト!$R$41 -> 154 | L16: =K16 -> 154 | M16: =[1]使用量!$R$387 -> 131 | N16: =[1]使用量!$R$388 -> 206
A17: 44817 | C17: =[1]コスト!$S$147 -> 16437 | D17: =C17 -> 16437 | E17: =[1]コスト!$S$23 -> 176.4 | F17: =E17 -> 176.4 | G17: =[1]コスト!$S$115 -> 24568.91 | H17: =G17 -> 24568.91 | I17: =[1]コスト!$S$91 -> 171.9582 | J17: =I17 -> 171.9582 | K17: =[1]コスト!$S$41 -> 160 | L17: =K17 -> 160 | M17: =[1]使用量!$S$387 -> 151 | N17: =[1]使用量!$S$388 -> 222
A18: 44818 | C18: =[1]コスト!$T$147 -> 0 | D18: =C18 -> 0 | E18: =[1]コスト!$T$23 -> 0 | F18: =E18 -> 0 | G18: =[1]コスト!$T$115 -> 0 | H18: =G18 -> 0 | I18: =[1]コスト!$T$91 -> 0 | J18: =I18 -> 0 | K18: =[1]コスト!$T$41 -> 0 | L18: =K18 -> 0 | M18: =[1]使用量!$T$387 -> 0 | N18: =[1]使用量!$T$388 -> 0
A19: 44819 | C19: =[1]コスト!$U$147 -> 0 | D19: =C19 -> 0 | E19: =[1]コスト!$U$23 -> 0 | F19: =E19 -> 0 | G19: =[1]コスト!$U$115 -> 0 | H19: =G19 -> 0 | I19: =[1]コスト!$U$91 -> 0 | J19: =I19 -> 0 | K19: =[1]コスト!$U$41 -> 0 | L19: =K19 -> 0 | M19: =[1]使用量!$U$387 -> 0 | N19: =[1]使用量!$U$388 -> 0
A20: 44820 | C20: =[1]コスト!$V$147 -> 0 | D20: =C20 -> 0 | E20: =[1]コスト!$V$23 -> 0 | F20: =E20 -> 0 | G20: =[1]コスト!$V$115 -> 0 | H20: =G20 -> 0 | I20: =[1]コスト!$V$91 -> 0 | J20: =I20 -> 0 | K20: =[1]コスト!$V$41 -> 0 | L20: =K20 -> 0 | M20: =[1]使用量!$V$387 -> 0 | N20: =[1]使用量!$V$388 -> 0
A21: 44821 | C21: =[1]コスト!$W$147 -> 0 | D21: =C21 -> 0 | E21: =[1]コスト!$W$23 -> 0 | F21: =E21 -> 0 | G21: =[1]コスト!$W$115 -> 0 | H21: =G21 -> 0 | I21: =[1]コスト!$W$91 -> 0 | J21: =I21 -> 0 | K21: =[1]コスト!$W$41 -> 0 | L21: =K21 -> 0 | M21: =[1]使用量!$W$387 -> 0 | N21: =[1]使用量!$W$388 -> 0
A22: 44822 | C22: =[1]コスト!$X$147 -> 0 | D22: =C22 -> 0 | E22: =[1]コスト!$X$23 -> 0 | F22: =E22 -> 0 | G22: =[1]コスト!$X$115 -> 0 | H22: =G22 -> 0 | I22: =[1]コスト!$X$91 -> 0 | J22: =I22 -> 0 | K22: =[1]コスト!$X$41 -> 0 | L22: =K22 -> 0 | M22: =[1]使用量!$X$387 -> 0 | N22: =[1]使用量!$X$388 -> 0
A23: 44823 | C23: =[1]コスト!$Y$147 -> 0 | D23: =C23 -> 0 | E23: =[1]コスト!$Y$23 -> 0 | F23: =E23 -> 0 | G23: =[1]コスト!$Y$115 -> 0 | H23: =G23 -> 0 | I23: =[1]コスト!$Y$91 -> 0 | J23: =I23 -> 0 | K23: =[1]コスト!$Y$41 -> 0 | L23: =K23 -> 0 | M23: =[1]使用量!$Y$387 -> 0 | N23: =[1]使用量!$Y$388 -> 0
A24: 44824 | C24: =[1]コスト!$Z$147 -> 0 | D24: =C24 -> 0 | E24: =[1]コスト!$Z$23 -> 0 | F24: =E24 -> 0 | G24: =[1]コスト!$Z$115 -> 0 | H24: =G24 -> 0 | I24: =[1]コスト!$Z$91 -> 0 | J24: =I24 -> 0 | K24: =[1]コスト!$Z$41 -> 0 | L24: =K24 -> 0 | M24: =[1]使用量!$Z$387 -> 0 | N24: =[1]使用量!$Z$388 -> 0
A25: 44825 | C25: =[1]コスト!$AA$147 -> 0 | D25: =C25 -> 0 | E25: =[1]コスト!$AA$23 -> 0 | F25: =E25 -> 0 | G25: =[1]コスト!$AA$115 -> 0 | H25: =G25 -> 0 | I25: =[1]コスト!$AA$91 -> 0 | J25: =I25 -> 0 | K25: =[1]コスト!$AA$41 -> 0 | L25: =K25 -> 0 | M25: =[1]使用量!$AA$387 -> 0 | N25: =[1]使用量!$AA$388 -> 0
A26: 44826 | C26: =[1]コスト!$AB$147 -> 0 | D26: =C26 -> 0 | E26: =[1]コスト!$AB$23 -> 0 | F26: =E26 -> 0 | G26: =[1]コスト!$AB$115 -> 0 | H26: =G26 -> 0 | I26: =[1]コスト!$AB$91 -> 0 | J26: =I26 -> 0 | K26: =[1]コスト!$AB$41 -> 0 | L26: =K26 -> 0 | M26: =[1]使用量!$AB$387 -> 0 | N26: =[1]使用量!$AB$388 -> 0
A27: 44827 | C27: =[1]コスト!$AC$147 -> 0 | D27: =C27 -> 0 | E27: =[1]コスト!$AC$23 -> 0 | F27: =E27 -> 0 | G27: =[1]コスト!$AC$115 -> 0 | H27: =G27 -> 0 | I27: =[1]コスト!$AC$91 -> 0 | J27: =I27 -> 0 | K27: =[1]コスト!$AC$41 -> 0 | L27: =K27 -> 0 | M27: =[1]使用量!$AC$387 -> 0 | N27: =[1]使用量!$AC$388 -> 0
A28: 44828 | C28: =[1]コスト!$AD$147 -> 0 | D28: =C28 -> 0 | E28: =[1]コスト!$AD$23 -> 0 | F28: =E28 -> 0 | G28: =[1]コスト!$AD$115 -> 0 | H28: =G28 -> 0 | I28: =[1]コスト!$AD$91 -> 0 | J28: =I28 -> 0 | K28: =[1]コスト!$AD$41 -> 0 | L28: =K28 -> 0 | M28: =[1]使用量!$AD$387 -> 0 | N28: =[1]使用量!$AD$388 -> 0
A29: 44829 | C29: =[1]コスト!$AE$147 -> 0 | D29: =C29 -> 0 | E29: =[1]コスト!$AE$23 -> 0 | F29: =E29 -> 0 | G29: =[1]コスト!$AE$115 -> 0 | H29: =G29 -> 0 | I29: =[1]コスト!$AE$91 -> 0 | J29: =I29 -> 0 | K29: =[1]コスト!$AE$41 -> 0 | L29: =K29 -> 0 | M29: =[1]使用量!$AE$387 -> 0 | N29: =[1]使用量!$AE$388 -> 0
A30: 44830 | C30: =[1]コスト!$AF$147 -> 0 | D30: =C30 -> 0 | E30: =[1]コスト!$AF$23 -> 0 | F30: =E30 -> 0 | G30: =[1]コスト!$AF$115 -> 0 | H30: =G30 -> 0 | I30: =[1]コスト!$AF$91 -> 0 | J30: =I30 -> 0 | K30: =[1]コスト!$AF$41 -> 0 | L30: =K30 -> 0 | M30: =[1]使用量!$AF$387 -> 0 | N30: =[1]使用量!$AF$388 -> 0
A31: 44831 | C31: =[1]コスト!$AG$147 -> 0 | D31: =C31 -> 0 | E31: =[1]コスト!$AG$23 -> 0 | F31: =E31 -> 0 | G31: =[1]コスト!$AG$115 -> 0 | H31: =G31 -> 0 | I31: =[1]コスト!$AG$91 -> 0 | J31: =I31 -> 0 | K31: =[1]コスト!$AG$41 -> 0 | L31: =K31 -> 0 | M31: =[1]使用量!$AG$387 -> 0 | N31: =[1]使用量!$AG$388 -> 0
A32: 44832 | C32: =[1]コスト!$AH$147 -> 0 | D32: =C32 -> 0 | E32: =[1]コスト!$AH$23 -> 0 | F32: =E32 -> 0 | G32: =[1]コスト!$AH$115 -> 0 | H32: =G32 -> 0 | I32: =[1]コスト!$AH$91 -> 0 | J32: =I32 -> 0 | K32: =[1]コスト!$AH$41 -> 0 | L32: =K32 -> 0 | M32: =[1]使用量!$AH$387 -> 0 | N32: =[1]使用量!$AH$388 -> 0
A33: 44833 | C33: =[1]コスト!$AI$147 -> 0 | D33: =C33 -> 0 | E33: =[1]コスト!$AI$23 -> 0 | F33: =E33 -> 0 | G33: =[1]コスト!$AI$115 -> 0 | H33: =G33 -> 0 | I33: =[1]コスト!$AI$91 -> 0 | J33: =I33 -> 0 | K33: =[1]コスト!$AI$41 -> 0 | L33: =K33 -> 0 | M33: =[1]使用量!$AI$387 -> 0 | N33: =[1]使用量!$AI$388 -> 0
A34: 44834 | C34: =[1]コスト!$AJ$147 -> 0 | D34: =C34 -> 0 | E34: =[1]コスト!$AJ$23 -> 0 | F34: =E34 -> 0 | G34: =[1]コスト!$AJ$115 -> 0 | H34: =G34 -> 0 | I34: =[1]コスト!$AJ$91 -> 0 | J34: =I34 -> 0 | K34: =[1]コスト!$AJ$41 -> 0 | L34: =K34 -> 0 | M34: =[1]使用量!$AJ$387 -> 0 | N34: =[1]使用量!$AJ$388 -> 0
C35: =[1]コスト!$AK$147 -> 0 | D35: =C35 -> 0 | E35: =[1]コスト!$AK$23 -> 0 | F35: =E35 -> 0 | G35: =[1]コスト!$AK$115 -> 0 | H35: =G35 -> 0 | I35: =[1]コスト!$AK$91 -> 0 | J35: =I35 -> 0 | K35: =[1]コスト!$AK$41 -> 0 | L35: =K35 -> 0 | M35: =[1]使用量!$AK$387 -> 0 | N35: =[1]使用量!$AK$388 -> 0
