Workbook

Sheet TOTAL
A1: Site Name | B1: Day | C1: Month | D1: Year | E1: Total Electricity Kwh | F1: Electricity Tariff ($/Kwh) | G1: Natual Gas (Therms) | H1: Natural Gas $/Therms | I1: Water Utility Supply (USG) USG | J1: Water Utility Supply (USG) $/USG | K1: District Energy Heating Steam Mlbs | L1: District Energy Heating $/Steam Mlbs | M1: Room Nights
A2: San Francisco at Embarcadero | B2: 1 | C2: 8 | D2: 2022 | E2: =IF(August!C8>0,August!C8,0) -> 7200 | F2: 0.34 | G2: =IF(August!E8>0,August!E8,0) -> 51.303 | H2: 1.79 | I2: =IF((August!I8+August!O8)>0,(August!I8+August!O8),0) -> 9523 | J2: 0.04 | K2: =IF((August!G8+August!M8)>0,(August!G8+August!M8),0) -> 8.6 | L2: 42.06 | M2: =August!R8 -> 85
A3: San Francisco at Embarcadero | B3: =B2+1 -> 2 | C3: 8 | D3: 2022 | E3: =IF(August!C9>0,August!C9,0) -> 6300 | F3: 0.34 | G3: =IF(August!E9>0,August!E9,0) -> 40.833 | H3: 1.79 | I3: =IF((August!I9+August!O9)>0,(August!I9+August!O9),0) -> 7977 | J3: 0.04 | K3: =IF((August!G9+August!M9)>0,(August!G9+August!M9),0) -> 7.4 | L3: 42.06 | M3: =August!R9 -> 110
A4: San Francisco at Embarcadero | B4: =B3+1 -> 3 | C4: 8 | D4: 2022 | E4: =IF(August!C10>0,August!C10,0) -> 7200 | F4: 0.34 | G4: =IF(August!E10>0,August!E10,0) -> 49.209 | H4: 1.79 | I4: =IF((August!I10+August!O10)>0,(August!I10+August!O10),0) -> 10198 | J4: 0.04 | K4: =IF((August!G10+August!M10)>0,(August!G10+August!M10),0) -> 8.3 | L4: 42.06 | M4: =August!R10 -> 109
A5: San Francisco at Embarcadero | B5: =B4+1 -> 4 | C5: 8 | D5: 2022 | E5: =IF(August!C11>0,August!C11,0) -> 7500 | F5: 0.34 | G5: =IF(August!E11>0,August!E11,0) -> 56.538 | H5: 1.79 | I5: =IF((August!I11+August!O11)>0,(August!I11+August!O11),0) -> 12982 | J5: 0.04 | K5: =IF((August!G11+August!M11)>0,(August!G11+August!M11),0) -> 9.5 | L5: 42.06 | M5: =August!R11 -> 115
A6: San Francisco at Embarcadero | B6: =B5+1 -> 5 | C6: 8 | D6: 2022 | E6: =IF(August!C12>0,August!C12,0) -> 10500 | F6: 0.34 | G6: =IF(August!E12>0,August!E12,0) -> 68.055 | H6: 1.79 | I6: =IF((August!I12+August!O12)>0,(August!I12+August!O12),0) -> 15851 | J6: 0.04 | K6: =IF((August!G12+August!M12)>0,(August!G12+August!M12),0) -> 10.7 | L6: 42.06 | M6: =August!R12 -> 115
A7: San Francisco at Embarcadero | B7: =B6+1 -> 6 | C7: 8 | D7: 2022 | E7: =IF(August!C13>0,August!C13,0) -> 5400 | F7: 0.34 | G7: =IF(August!E13>0,August!E13,0) -> 36.645 | H7: 1.79 | I7: =IF((August!I13+August!O13)>0,(August!I13+August!O13),0) -> 7369 | J7: 0.04 | K7: =IF((August!G13+August!M13)>0,(August!G13+August!M13),0) -> 6.4 | L7: 42.06 | M7: =August!R13 -> 124
A8: San Francisco at Embarcadero | B8: =B7+1 -> 7 | C8: 8 | D8: 2022 | E8: =IF(August!C14>0,August!C14,0) -> 6000 | F8: 0.34 | G8: =IF(August!E14>0,August!E14,0) -> 45.021 | H8: 1.79 | I8: =IF((August!I14+August!O14)>0,(August!I14+August!O14),0) -> 11191 | J8: 0.04 | K8: =IF((August!G14+August!M14)>0,(August!G14+August!M14),0) -> 7.2 | L8: 42.06 | M8: =August!R14 -> 130
A9: San Francisco at Embarcadero | B9: =B8+1 -> 8 | C9: 8 | D9: 2022 | E9: =IF(August!C15>0,August!C15,0) -> 6900 | F9: 0.34 | G9: =IF(August!E15>0,August!E15,0) -> 53.397 | H9: 1.79 | I9: =IF((August!I15+August!O15)>0,(August!I15+August!O15),0) -> 11366 | J9: 0.04 | K9: =IF((August!G15+August!M15)>0,(August!G15+August!M15),0) -> 7.4 | L9: 42.06 | M9: =August!R15 -> 95
A10: San Francisco at Embarcadero | B10: =B9+1 -> 9 | C10: 8 | D10: 2022 | E10: =IF(August!C16>0,August!C16,0) -> 6900 | F10: 0.34 | G10: =IF(August!E16>0,August!E16,0) -> 50.256 | H10: 1.79 | I10: =IF((August!I16+August!O16)>0,(August!I16+August!O16),0) -> 9306 | J10: 0.04 | K10: =IF((August!G16+August!M16)>0,(August!G16+August!M16),0) -> 6.8 | L10: 42.06 | M10: =August!R16 -> 78
A11: San Francisco at Embarcadero | B11: =B10+1 -> 10 | C11: 8 | D11: 2022 | E11: =IF(August!C17>0,August!C17,0) -> 6900 | F11: 0.34 | G11: =IF(August!E17>0,August!E17,0) -> 47.115 | H11: 1.79 | I11: =IF((August!I17+August!O17)>0,(August!I17+August!O17),0) -> 8003 | J11: 0.04 | K11: =IF((August!G17+August!M17)>0,(August!G17+August!M17),0) -> 7 | L11: 42.06 | M11: =August!R17 -> 86
A12: San Francisco at Embarcadero | B12: =B11+1 -> 11 | C12: 8 | D12: 2022 | E12: =IF(August!C18>0,August!C18,0) -> 8100 | F12: 0.34 | G12: =IF(August!E18>0,August!E18,0) -> 50.256 | H12: 1.79 | I12: =IF((August!I18+August!O18)>0,(August!I18+August!O18),0) -> 10409 | J12: 0.04 | K12: =IF((August!G18+August!M18)>0,(August!G18+August!M18),0) -> 6.3 | L12: 42.06 | M12: =August!R18 -> 114
A13: San Francisco at Embarcadero | B13: =B12+1 -> 12 | C13: 8 | D13: 2022 | E13: =IF(August!C19>0,August!C19,0) -> 6900 | F13: 0.34 | G13: =IF(August!E19>0,August!E19,0) -> 48.162 | H13: 1.79 | I13: =IF((August!I19+August!O19)>0,(August!I19+August!O19),0) -> 11400 | J13: 0.04 | K13: =IF((August!G19+August!M19)>0,(August!G19+August!M19),0) -> 8.3 | L13: 42.06 | M13: =August!R19 -> 97
A14: San Francisco at Embarcadero | B14: =B13+1 -> 13 | C14: 8 | D14: 2022 | E14: =IF(August!C20>0,August!C20,0) -> 8700 | F14: 0.34 | G14: =IF(August!E20>0,August!E20,0) -> 61.773 | H14: 1.79 | I14: =IF((August!I20+August!O20)>0,(August!I20+August!O20),0) -> 14490 | J14: 0.04 | K14: =IF((August!G20+August!M20)>0,(August!G20+August!M20),0) -> 6.8 | L14: 42.06 | M14: =August!R20 -> 107
... A32: San Francisco at Embarcadero | B32: =B31+1 -> 31 | C32: 8 | D32: 2022 | E32: =IF(August!C38>0,August!C38,0) -> 6600 | F32: 0.34 | G32: =IF(August!E38>0,August!E38,0) -> 41.88 | H32: 1.79 | I32: =IF((August!I38+August!O38)>0,(August!I38+August!O38),0) -> 9075 | J32: 0.04 | K32: =IF((August!G38+August!M38)>0,(August!G38+August!M38),0) -> 10.9 | L32: 42.06 | M32: =August!R38 -> 114

Sheet August
A2: MONTHLY METER READINGS: August 2022
A6: PREVIOUS Meter Reading | B6: =[1]JULY!B38 -> 22529 | D6: =[1]JULY!D38 -> 54300 | F6: =[1]JULY!F38 -> 31617 | H6: =[1]JULY!H38 -> 11092336 | J6: =[1]JULY!J38 -> 368669 | L6: =[1]JULY!L38 -> 32045 | N6: =[1]JULY!N38 -> 30589649 | P6: =[1]JULY!P38 -> 6317948
A7: DATE | B7: 1B ELECTRIC (kWh) | C7: Usage (kWh) | D7: 1B GAS (CCF) | E7: Usage (Therms) | F7: 1B STEAM (Mlbs) | G7: Usage (Mlbs) | H7: 1B WATER (Gallons) | I7: Usage (Gallons) | J7: 4TH CT - 5 (Gallons) | K7: Usage (Gallons) | L7: 36TH STEAM (Mlbs) | M7: Usage (Mlbs) | N7: 36TH WATER (Gallons) | O7: Usage (Gallons) | P7: EAST PENT.CT -3 (Gallons) | Q7: Usage (Gallons) | R7: Room Nights | S7: High Temp | T7: Low Temp | U7: Avg Temp | V7: Heating Degree Day (HDD) | W7: Cooling Degree Day (CDD)
A8: 1 | B8: 22553 | C8: =+(B8-B6)*300 -> 7200 | D8: 54349 | E8: =+(D8-D6)*1.047 -> 51.303 | F8: 31626 | G8: =+(F8-F6)*0.1 -> 0.9 | H8: 11093981 | I8: =+H8-H6 -> 1645 | J8: 368936 | K8: =+J8-J6 -> 267 | L8: 32122 | M8: =+(L8-L6)*0.1 -> 7.7 | N8: 30597527 | O8: =+N8-N6 -> 7878 | P8: 6318257 | Q8: =+P8-P6 -> 309 | R8: 85 | S8: 69 | T8: 57 | U8: =(S8+T8)/2 -> 63 | V8: =65-U8 -> 2 | W8: 0
A9: 2 | B9: 22574 | C9: =+(B9-B8)*300 -> 6300 | D9: 54388 | E9: =+(D9-D8)*1.047 -> 40.833 | F9: 31635 | G9: =+(F9-F8)*0.1 -> 0.9 | H9: 11096011 | I9: =+H9-H8 -> 2030 | J9: 369507 | K9: =+J9-J8 -> 571 | L9: 32187 | M9: =+(L9-L8)*0.1 -> 6.5 | N9: 30603474 | O9: =+N9-N8 -> 5947 | P9: 6318897 | Q9: =+P9-P8 -> 640 | R9: 110 | S9: 70 | T9: 56 | U9: =(S9+T9)/2 -> 63 | V9: =65-U9 -> 2 | W9: 0
A10: 3 | B10: 22598 | C10: =+(B10-B9)*300 -> 7200 | D10: 54435 | E10: =+(D10-D9)*1.047 -> 49.209 | F10: 31644 | G10: =+(F10-F9)*0.1 -> 0.9 | H10: 11098272 | I10: =+H10-H9 -> 2261 | J10: 370083 | K10: =+J10-J9 -> 576 | L10: 32261 | M10: =+(L10-L9)*0.1 -> 7.4 | N10: 30611411 | O10: =+N10-N9 -> 7937 | P10: 6319193 | Q10: =+P10-P9 -> 296 | R10: 109 | S10: 67 | T10: 55 | U10: =(S10+T10)/2 -> 61 | V10: =65-U10 -> 4 | W10: 0
A11: 4 | B11: 22623 | C11: =+(B11-B10)*300 -> 7500 | D11: 54489 | E11: =+(D11-D10)*1.047 -> 56.538 | F11: 31653 | G11: =+(F11-F10)*0.1 -> 0.9 | H11: 11101015 | I11: =+H11-H10 -> 2743 | J11: 371005 | K11: =+J11-J10 -> 922 | L11: 32347 | M11: =+(L11-L10)*0.1 -> 8.6 | N11: 30621650 | O11: =+N11-N10 -> 10239 | P11: 6320000 | Q11: =+P11-P10 -> 807 | R11: 115 | S11: 69 | T11: 59 | U11: =(S11+T11)/2 -> 64 | V11: =65-U11 -> 1 | W11: 0
A12: 5 | B12: 22658 | C12: =+(B12-B11)*300 -> 10500 | D12: 54554 | E12: =+(D12-D11)*1.047 -> 68.055 | F12: 31666 | G12: =+(F12-F11)*0.1 -> 1.3 | H12: 11105175 | I12: =+H12-H11 -> 4160 | J12: 371070 | K12: =+J12-J11 -> 65 | L12: 32441 | M12: =+(L12-L11)*0.1 -> 9.4 | N12: 30633341 | O12: =+N12-N11 -> 11691 | P12: 6320840 | Q12: =+P12-P11 -> 840 | R12: 115 | S12: 74 | T12: 60 | U12: =(S12+T12)/2 -> 67 | V12: 0 | W12: =U12-65 -> 2
A13: 6 | B13: 22676 | C13: =+(B13-B12)*300 -> 5400 | D13: 54589 | E13: =+(D13-D12)*1.047 -> 36.645 | F13: 31676 | G13: =+(F13-F12)*0.1 -> 1 | H13: 11106673 | I13: =+H13-H12 -> 1498 | J13: 372020 | K13: =+J13-J12 -> 950 | L13: 32495 | M13: =+(L13-L12)*0.1 -> 5.4 | N13: 30639212 | O13: =+N13-N12 -> 5871 | P13: 6321812 | Q13: =+P13-P12 -> 972 | R13: 124 | S13: 74 | T13: 60 | U13: =(S13+T13)/2 -> 67 | V13: 0 | W13: =U13-65 -> 2
A14: 7 | B14: 22696 | C14: =+(B14-B13)*300 -> 6000 | D14: 54632 | E14: =+(D14-D13)*1.047 -> 45.021 | F14: 31687 | G14: =+(F14-F13)*0.1 -> 1.1 | H14: 11108702 | I14: =+H14-H13 -> 2029 | J14: 372215 | K14: =+J14-J13 -> 195 | L14: 32556 | M14: =+(L14-L13)*0.1 -> 6.1 | N14: 30648374 | O14: =+N14-N13 -> 9162 | P14: 6322381 | Q14: =+P14-P13 -> 569 | R14: 130 | S14: 69 | T14: 58 | U14: =(S14+T14)/2 -> 63.5 | V14: =65-U14 -> 1.5 | W14: 0
A15: 8 | B15: 22719 | C15: =+(B15-B14)*300 -> 6900 | D15: 54683 | E15: =+(D15-D14)*1.047 -> 53.397 | F15: 31698 | G15: =+(F15-F14)*0.1 -> 1.1 | H15: 11110759 | I15: =+H15-H14 -> 2057 | J15: 372567 | K15: =+J15-J14 -> 352 | L15: 32619 | M15: =+(L15-L14)*0.1 -> 6.3 | N15: 30657683 | O15: =+N15-N14 -> 9309 | P15: 6323106 | Q15: =+P15-P14 -> 725 | R15: 95 | S15: 71 | T15: 59 | U15: =(S15+T15)/2 -> 65 | V15: =65-U15 -> 0 | W15: =U15-65 -> 0
A16: 9 | B16: 22742 | C16: =+(B16-B15)*300 -> 6900 | D16: 54731 | E16: =+(D16-D15)*1.047 -> 50.256 | F16: 31707 | G16: =+(F16-F15)*0.1 -> 0.9 | H16: 11113096 | I16: =+H16-H15 -> 2337 | J16: 373168 | K16: =+J16-J15 -> 601 | L16: 32678 | M16: =+(L16-L15)*0.1 -> 5.9 | N16: 30664652 | O16: =+N16-N15 -> 6969 | P16: 6323918 | Q16: =+P16-P15 -> 812 | R16: 78 | S16: 69 | T16: 60 | U16: =(S16+T16)/2 -> 64.5 | V16: =65-U16 -> 0.5 | W16: 0
A17: 10 | B17: 22765 | C17: =+(B17-B16)*300 -> 6900 | D17: 54776 | E17: =+(D17-D16)*1.047 -> 47.115 | F17: 31719 | G17: =+(F17-F16)*0.1 -> 1.2 | H17: 11115118 | I17: =+H17-H16 -> 2022 | J17: 374005 | K17: =+J17-J16 -> 837 | L17: 32736 | M17: =+(L17-L16)*0.1 -> 5.8 | N17: 30670633 | O17: =+N17-N16 -> 5981 | P17: 6324679 | Q17: =+P17-P16 -> 761 | R17: 86 | S17: 73 | T17: 59 | U17: =(S17+T17)/2 -> 66 | V17: 0 | W17: =U17-65 -> 1
A18: 11 | B18: 22792 | C18: =+(B18-B17)*300 -> 8100 | D18: 54824 | E18: =+(D18-D17)*1.047 -> 50.256 | F18: 31720 | G18: =+(F18-F17)*0.1 -> 0.1 | H18: 11117550 | I18: =+H18-H17 -> 2432 | J18: 375032 | K18: =+J18-J17 -> 1027 | L18: 32798 | M18: =+(L18-L17)*0.1 -> 6.2 | N18: 30678610 | O18: =+N18-N17 -> 7977 | P18: 6325661 | Q18: =+P18-P17 -> 982 | R18: 114 | S18: 72 | T18: 58 | U18: =(S18+T18)/2 -> 65 | V18: =65-U18 -> 0 | W18: =U18-65 -> 0
A19: 12 | B19: 22815 | C19: =+(B19-B18)*300 -> 6900 | D19: 54870 | E19: =+(D19-D18)*1.047 -> 48.162 | F19: 31740 | G19: =+(F19-F18)*0.1 -> 2 | H19: 11120100 | I19: =+H19-H18 -> 2550 | J19: 375974 | K19: =+J19-J18 -> 942 | L19: 32861 | M19: =+(L19-L18)*0.1 -> 6.3 | N19: 30687460 | O19: =+N19-N18 -> 8850 | P19: 6326457 | Q19: =+P19-P18 -> 796 | R19: 97 | S19: 71 | T19: 57 | U19: =(S19+T19)/2 -> 64 | V19: =65-U19 -> 1 | W19: 0
A20: 13 | B20: 22844 | C20: =+(B20-B19)*300 -> 8700 | D20: 54929 | E20: =+(D20-D19)*1.047 -> 61.773 | F20: 31752 | G20: =+(F20-F19)*0.1 -> 1.2 | H20: 11123350 | I20: =+H20-H19 -> 3250 | J20: 376987 | K20: =+J20-J19 -> 1013 | L20: 32917 | M20: =+(L20-L19)*0.1 -> 5.6 | N20: 30698700 | O20: =+N20-N19 -> 11240 | P20: 6327334 | Q20: =+P20-P19 -> 877 | R20: 107 | S20: 71 | T20: 57 | U20: =(S20+T20)/2 -> 64 | V20: =65-U20 -> 1 | W20: 0
A21: 14 | B21: 22865 | C21: =+(B21-B20)*300 -> 6300 | D21: 54972 | E21: =+(D21-D20)*1.047 -> 45.021 | F21: 31762 | G21: =+(F21-F20)*0.1 -> 1 | H21: 11125307 | I21: =+H21-H20 -> 1957 | J21: 377505 | K21: =+J21-J20 -> 518 | L21: 32988 | M21: =+(L21-L20)*0.1 -> 7.1 | N21: 30706090 | O21: =+N21-N20 -> 7390 | P21: 6327740 | Q21: =+P21-P20 -> 406 | R21: 91 | S21: 73 | T21: 57 | U21: =(S21+T21)/2 -> 65 | V21: =65-U21 -> 0 | W21: =U21-65 -> 0
A22: 15 | B22: 22884 | C22: =+(B22-B21)*300 -> 5700 | D22: 55009 | E22: =+(D22-D21)*1.047 -> 38.739 | F22: 31772 | G22: =+(F22-F21)*0.1 -> 1 | H22: 11127192 | I22: =+H22-H21 -> 1885 | J22: 377850 | K22: =+J22-J21 -> 345 | L22: 33032 | M22: =+(L22-L21)*0.1 -> 4.4 | N22: 30711133 | O22: =+N22-N21 -> 5043 | P22: 6328298 | Q22: =+P22-P21 -> 558 | R22: 66 | S22: 73 | T22: 56 | U22: =(S22+T22)/2 -> 64.5 | V22: =65-U22 -> 0.5 | W22: 0
A23: 16 | B23: 22907 | C23: =+(B23-B22)*300 -> 6900 | D23: 55056 | E23: =+(D23-D22)*1.047 -> 49.209 | F23: 31784 | G23: =+(F23-F22)*0.1 -> 1.2 | H23: 11129696 | I23: =+H23-H22 -> 2504 | J23: 378764 | K23: =+J23-J22 -> 914 | L23: 33085 | M23: =+(L23-L22)*0.1 -> 5.3 | N23: 30717717 | O23: =+N23-N22 -> 6584 | P23: 6329134 | Q23: =+P23-P22 -> 836 | R23: 98 | S23: 75 | T23: 56 | U23: =(S23+T23)/2 -> 65.5 | V23: 0 | W23: =U23-65 -> 0.5
A24: 17 | B24: 22932 | C24: =+(B24-B23)*300 -> 7500 | D24: 55103 | E24: =+(D24-D23)*1.047 -> 49.209 | F24: 31794 | G24: =+(F24-F23)*0.1 -> 1 | H24: 11132085 | I24: =+H24-H23 -> 2389 | J24: 379666 | K24: =+J24-J23 -> 902 | L24: 33140 | M24: =+(L24-L23)*0.1 -> 5.5 | N24: 30725731 | O24: =+N24-N23 -> 8014 | P24: 6330323 | Q24: =+P24-P23 -> 1189 | R24: 112 | S24: 70 | T24: 55 | U24: =(S24+T24)/2 -> 62.5 | V24: =65-U24 -> 2.5 | W24: 0
A25: 18 | B25: 22955 | C25: =+(B25-B24)*300 -> 6900 | D25: 55152 | E25: =+(D25-D24)*1.047 -> 51.303 | F25: 31803 | G25: =+(F25-F24)*0.1 -> 0.9 | H25: 11134410 | I25: =+H25-H24 -> 2325 | J25: 380659 | K25: =+J25-J24 -> 993 | L25: 33197 | M25: =+(L25-L24)*0.1 -> 5.7 | N25: 30733460 | O25: =+N25-N24 -> 7729 | P25: 6330659 | Q25: =+P25-P24 -> 336 | R25: 109 | S25: 68 | T25: 56 | U25: =(S25+T25)/2 -> 62 | V25: =65-U25 -> 3 | W25: 0
A26: 19 | B26: 22976 | C26: =+(B26-B25)*300 -> 6300 | D26: 55197 | E26: =+(D26-D25)*1.047 -> 47.115 | F26: 31812 | G26: =+(F26-F25)*0.1 -> 0.9 | H26: 11136680 | I26: =+H26-H25 -> 2270 | J26: 380712 | K26: =+J26-J25 -> 53 | L26: 33260 | M26: =+(L26-L25)*0.1 -> 6.3 | N26: 30741340 | O26: =+N26-N25 -> 7880 | P26: 6330857 | Q26: =+P26-P25 -> 198 | R26: 88 | S26: 70 | T26: 56 | U26: =(S26+T26)/2 -> 63 | V26: =65-U26 -> 2 | W26: 0
A27: 20 | B27: 23003 | C27: =+(B27-B26)*300 -> 8100 | D27: 55254 | E27: =+(D27-D26)*1.047 -> 59.679 | F27: 31824 | G27: =+(F27-F26)*0.1 -> 1.2 | H27: 11139312 | I27: =+H27-H26 -> 2632 | J27: 381384 | K27: =+J27-J26 -> 672 | L27: 33333 | M27: =+(L27-L26)*0.1 -> 7.3 | N27: 30750590 | O27: =+N27-N26 -> 9250 | P27: 6330921 | Q27: =+P27-P26 -> 64 | R27: 86 | S27: 70 | T27: 56 | U27: =(S27+T27)/2 -> 63 | V27: =65-U27 -> 2 | W27: 0
A28: 21 | B28: 23022 | C28: =+(B28-B27)*300 -> 5700 | D28: 55292 | E28: =+(D28-D27)*1.047 -> 39.786 | F28: 31831 | G28: =+(F28-F27)*0.1 -> 0.7 | H28: 11141997 | I28: =+H28-H27 -> 2685 | J28: 381664 | K28: =+J28-J27 -> 280 | L28: 33386 | M28: =+(L28-L27)*0.1 -> 5.3 | N28: 30756588 | O28: =+N28-N27 -> 5998 | P28: 6331864 | Q28: =+P28-P27 -> 943 | R28: 91 | S28: 68 | T28: 56 | U28: =(S28+T28)/2 -> 62 | V28: =65-U28 -> 3 | W28: 0
A29: 22 | B29: 23043 | C29: =+(B29-B28)*300 -> 6300 | D29: 55338 | E29: =+(D29-D28)*1.047 -> 48.162 | F29: 31841 | G29: =+(F29-F28)*0.1 -> 1 | H29: 11142948 | I29: =+H29-H28 -> 951 | J29: 381940 | K29: =+J29-J28 -> 276 | L29: 33444 | M29: =+(L29-L28)*0.1 -> 5.8 | N29: 30762784 | O29: =+N29-N28 -> 6196 | P29: 6332307 | Q29: =+P29-P28 -> 443 | R29: 60 | S29: 76 | T29: 57 | U29: =(S29+T29)/2 -> 66.5 | V29: 0 | W29: =U29-65 -> 1.5
A30: 23 | B30: 23066 | C30: =+(B30-B29)*300 -> 6900 | D30: 55383 | E30: =+(D30-D29)*1.047 -> 47.115 | F30: 31851 | G30: =+(F30-F29)*0.1 -> 1 | H30: 11145149 | I30: =+H30-H29 -> 2201 | J30: 382664 | K30: =+J30-J29 -> 724 | L30: 33503 | M30: =+(L30-L29)*0.1 -> 5.9 | N30: 30768511 | O30: =+N30-N29 -> 5727 | P30: 6333032 | Q30: =+P30-P29 -> 725 | R30: 65 | S30: 72 | T30: 56 | U30: =(S30+T30)/2 -> 64 | V30: =65-U30 -> 1 | W30: 0
A31: 24 | B31: 23089 | C31: =+(B31-B30)*300 -> 6900 | D31: 55429 | E31: =+(D31-D30)*1.047 -> 48.162 | F31: 31881 | G31: =+(F31-F30)*0.1 -> 3 | H31: 11147570 | I31: =+H31-H30 -> 2421 | J31: 383333 | K31: =+J31-J30 -> 669 | L31: 33563 | M31: =+(L31-L30)*0.1 -> 6 | N31: 30774528 | O31: =+N31-N30 -> 6017 | P31: 6333723 | Q31: =+P31-P30 -> 691 | R31: 79 | S31: 67 | T31: 57 | U31: =(S31+T31)/2 -> 62 | V31: =65-U31 -> 3 | W31: 0
A32: 25 | B32: 23119 | C32: =+(B32-B31)*300 -> 9000 | D32: 55496 | E32: =+(D32-D31)*1.047 -> 70.149 | F32: 31929 | G32: =+(F32-F31)*0.1 -> 4.8 | H32: 11150775 | I32: =+H32-H31 -> 3205 | J32: 384132 | K32: =+J32-J31 -> 799 | L32: 33651 | M32: =+(L32-L31)*0.1 -> 8.8 | N32: 30784230 | O32: =+N32-N31 -> 9702 | P32: 6334228 | Q32: =+P32-P31 -> 505 | R32: 75 | S32: 68 | T32: 58 | U32: =(S32+T32)/2 -> 63 | V32: =65-U32 -> 2 | W32: 0
A33: 26 | B33: 23133 | C33: =+(B33-B32)*300 -> 4200 | D33: 55523 | E33: =+(D33-D32)*1.047 -> 28.269 | F33: 31964 | G33: =+(F33-F32)*0.1 -> 3.5 | H33: 11151521 | I33: =+H33-H32 -> 746 | J33: 384265 | K33: =+J33-J32 -> 133 | L33: 33682 | M33: =+(L33-L32)*0.1 -> 3.1 | N33: 30786639 | O33: =+N33-N32 -> 2409 | P33: 6334230 | Q33: =+P33-P32 -> 2 | R33: 79 | S33: 68 | T33: 56 | U33: =(S33+T33)/2 -> 62 | V33: =65-U33 -> 3 | W33: 0
A34: 27 | B34: 23154 | C34: =+(B34-B33)*300 -> 6300 | D34: 55569 | E34: =+(D34-D33)*1.047 -> 48.162 | F34: 32020 | G34: =+(F34-F33)*0.1 -> 5.6 | H34: 11154010 | I34: =+H34-H33 -> 2489 | J34: 384643 | K34: =+J34-J33 -> 378 | L34: 33744 | M34: =+(L34-L33)*0.1 -> 6.2 | N34: 30794377 | O34: =+N34-N33 -> 7738 | P34: 6334576 | Q34: =+P34-P33 -> 346 | R34: 90 | S34: 65 | T34: 56 | U34: =(S34+T34)/2 -> 60.5 | V34: =65-U34 -> 4.5 | W34: 0
A35: 28 | B35: 23176 | C35: =+(B35-B34)*300 -> 6600 | D35: 55615 | E35: =+(D35-D34)*1.047 -> 48.162 | F35: 32076 | G35: =+(F35-F34)*0.1 -> 5.6 | H35: 11156058 | I35: =+H35-H34 -> 2048 | J35: 385020 | K35: =+J35-J34 -> 377 | L35: 33802 | M35: =+(L35-L34)*0.1 -> 5.8 | N35: 30802594 | O35: =+N35-N34 -> 8217 | P35: 6334843 | Q35: =+P35-P34 -> 267 | R35: 94 | S35: 69 | T35: 57 | U35: =(S35+T35)/2 -> 63 | V35: =65-U35 -> 2 | W35: 0
A36: 29 | B36: 23196 | C36: =+(B36-B35)*300 -> 6000 | D36: 55656 | E36: =+(D36-D35)*1.047 -> 42.927 | F36: 32128 | G36: =+(F36-F35)*0.1 -> 5.2 | H36: 11157849 | I36: =+H36-H35 -> 1791 | J36: 385135 | K36: =+J36-J35 -> 115 | L36: 33855 | M36: =+(L36-L35)*0.1 -> 5.3 | N36: 30808801 | O36: =+N36-N35 -> 6207 | P36: 6335242 | Q36: =+P36-P35 -> 399 | R36: 63 | S36: 68 | T36: 56 | U36: =(S36+T36)/2 -> 62 | V36: =65-U36 -> 3 | W36: 0
A37: 30 | B37: 23220 | C37: =+(B37-B36)*300 -> 7200 | D37: 55704 | E37: =+(D37-D36)*1.047 -> 50.256 | F37: 32190 | G37: =+(F37-F36)*0.1 -> 6.2 | H37: 11160341 | I37: =+H37-H36 -> 2492 | J37: 385672 | K37: =+J37-J36 -> 537 | L37: 33915 | M37: =+(L37-L36)*0.1 -> 6 | N37: 30815805 | O37: =+N37-N36 -> 7004 | P37: 6335632 | Q37: =+P37-P36 -> 390 | R37: 99 | S37: 67 | T37: 56 | U37: =(S37+T37)/2 -> 61.5 | V37: =65-U37 -> 3.5 | W37: 0
A38: 31 | B38: 23242 | C38: =+(B38-B37)*300 -> 6600 | D38: 55744 | E38: =+(D38-D37)*1.047 -> 41.88 | F38: 32241 | G38: =+(F38-F37)*0.1 -> 5.1 | H38: 11162380 | I38: =+H38-H37 -> 2039 | J38: 386184 | K38: =+J38-J37 -> 512 | L38: 33973 | M38: =+(L38-L37)*0.1 -> 5.8 | N38: 30822841 | O38: =+N38-N37 -> 7036 | P38: 6336229 | Q38: =+P38-P37 -> 597 | R38: 114 | S38: 68 | T38: 56 | U38: =(S38+T38)/2 -> 62 | V38: =65-U38 -> 3 | W38: 0
A40: Total | C40: =SUM(C8:C39) -> 213900 | E40: =SUM(E8:E39) -> 1511.868 | G40: =SUM(G8:G39) -> 62.4 | I40: =SUM(I8:I39) -> 70044 | K40: =SUM(K8:K39) -> 17515 | M40: =SUM(M8:M39) -> 192.8 | O40: =SUM(O8:O39) -> 233192 | Q40: =SUM(Q8:Q39) -> 18281 | R40: =SUM(R8:R39) -> 2924 | V40: =SUM(V8:V38) -> 51 | W40: =SUM(W8:W39) -> 7
