Workbook

Sheet Sheet1
A1: Site Name | B1: Month | C1: Year | D1: Total (per Unit) mixed glass | E1: Total cost mixed glass | F1: Total (per Unit) liquid food waste | G1: Total cost liquid food waste | H1: Total (per Unit) kitchen grease | I1: Total cost kitchen grease | J1: Total (per Unit) liquid hazardous waste | K1: Total cost liquid hazardous waste | L1: Total (per Unit) batteries | M1: Total cost batteries | N1: Total (per Unit) mixed metals | O1: Total cost mixed metals | P1: Total (per Unit) food waste | Q1: Total cost food waste | R1: Total (per Unit) general municipal solid waste | S1: Total cost general municipal solid waste
A2: Seychelles | B2: 1 | C2: 2022 | D2: 0 | E2: 0 | F2: ='Insert in SCR'!F5 -> 0 | G2: ='Insert in SCR'!G5 -> 0 | H2: ='Insert in SCR'!H5 -> 28070 | I2: ='Insert in SCR'!I5/13.68 -> 302.81433 | J2: ='Insert in SCR'!J5 -> 0 | K2: ='Insert in SCR'!K5/13.68 -> 0 | L2: 0 | M2: 0 | N2: 0 | O2: 0 | P2: ='Insert in SCR'!P5 -> 26692.8 | Q2: ='Insert in SCR'!Q5/13.68 -> 186.57018 | R2: ='Insert in SCR'!R5 -> 5410 | S2: ='Insert in SCR'!S5/13.68 -> 39.546784
A3: Seychelles | B3: 2 | C3: 2022 | D3: 0 | E3: 0 | F3: ='Insert in SCR'!F6 -> 0 | G3: ='Insert in SCR'!G6 -> 0 | H3: ='Insert in SCR'!H6 -> 35820 | I3: ='Insert in SCR'!I6/13.68 -> 261.84211 | J3: ='Insert in SCR'!J6 -> 1966 | K3: ='Insert in SCR'!K6/13.68 -> 1031.144 | L3: 31 | M3: 0 | N3: 0 | O3: 0 | P3: ='Insert in SCR'!P6 -> 23677.8 | Q3: ='Insert in SCR'!Q6/13.68 -> 173.07602 | R3: ='Insert in SCR'!R6 -> 6530 | S3: ='Insert in SCR'!S6/13.68 -> 47.733918
A4: Seychelles | B4: 3 | C4: 2022 | D4: 0 | E4: 0 | F4: ='Insert in SCR'!F7 -> 0 | G4: ='Insert in SCR'!G7 -> 0 | H4: ='Insert in SCR'!H7 -> 26600 | I4: ='Insert in SCR'!I7/13.68 -> 183.51608 | J4: ='Insert in SCR'!J7 -> 0 | K4: ='Insert in SCR'!K7/13.68 -> 0 | L4: 20 | M4: 0 | N4: 0 | O4: 0 | P4: ='Insert in SCR'!P7 -> 26840.2 | Q4: ='Insert in SCR'!Q7/13.68 -> 196.20029 | R4: ='Insert in SCR'!R7 -> 8370 | S4: ='Insert in SCR'!S7/13.68 -> 61.184211
A5: Seychelles | B5: 4 | C5: 2022 | D5: 0 | E5: 0 | F5: ='Insert in SCR'!F8 -> 0 | G5: ='Insert in SCR'!G8 -> 0 | H5: ='Insert in SCR'!H8 -> 19560 | I5: ='Insert in SCR'!I8/13.68 -> 203.25292 | J5: ='Insert in SCR'!J8 -> 1966 | K5: ='Insert in SCR'!K8/13.68 -> 1318.5709 | L5: 50 | M5: 0 | N5: 0 | O5: 0 | P5: ='Insert in SCR'!P8 -> 21553.9 | Q5: ='Insert in SCR'!Q8/13.68 -> 236.33699 | R5: ='Insert in SCR'!R8 -> 7650 | S5: ='Insert in SCR'!S8/13.68 -> 83.881579
A6: Seychelles | B6: 5 | C6: 2022 | D6: 0 | E6: 0 | F6: ='Insert in SCR'!F9 -> 594 | G6: ='Insert in SCR'!G9 -> 0 | H6: ='Insert in SCR'!H9 -> 12920 | I6: ='Insert in SCR'!I9/13.68 -> 133.99123 | J6: ='Insert in SCR'!J9 -> 0 | K6: ='Insert in SCR'!K9/13.68 -> 0 | L6: 66 | M6: 0 | N6: 0 | O6: 0 | P6: ='Insert in SCR'!P9 -> 26599 | Q6: ='Insert in SCR'!Q9/13.68 -> 291.6557 | R6: ='Insert in SCR'!R9 -> 11330 | S6: ='Insert in SCR'!S9/13.68 -> 124.19591
A7: Seychelles | B7: 6 | C7: 2022 | D7: 0 | E7: 0 | F7: ='Insert in SCR'!F10 -> 0 | G7: ='Insert in SCR'!G10 -> 0 | H7: ='Insert in SCR'!H10 -> 20380 | I7: ='Insert in SCR'!I10/13.68 -> 216.94079 | J7: ='Insert in SCR'!J10 -> 0 | K7: ='Insert in SCR'!K10/13.68 -> 0 | L7: =64+35+35 -> 134 | M7: 0 | N7: 0 | O7: 0 | P7: ='Insert in SCR'!P10 -> 26183.6 | Q7: ='Insert in SCR'!Q10/13.68 -> 287.10819 | R7: ='Insert in SCR'!R10 -> 8490 | S7: ='Insert in SCR'!S10/13.68 -> 93.092105
A8: Seychelles | B8: 7 | C8: 2022 | D8: 0 | E8: 0 | F8: ='Insert in SCR'!F11 -> 342 | G8: ='Insert in SCR'!G11 -> 0 | H8: ='Insert in SCR'!H11 -> 16870 | I8: ='Insert in SCR'!I11/13.68 -> 221.60088 | J8: ='Insert in SCR'!J11 -> 0 | K8: ='Insert in SCR'!K11/13.68 -> 0 | L8: 44 | M8: 0 | N8: 0 | O8: 0 | P8: ='Insert in SCR'!P11 -> 19859 | Q8: ='Insert in SCR'!Q11/13.68 -> 217.75 | R8: ='Insert in SCR'!R11 -> 10980 | S8: ='Insert in SCR'!S11/13.68 -> 120.39474
A9: Seychelles | B9: 8 | C9: 2022 | D9: 0 | E9: 0 | F9: ='Insert in SCR'!F12 -> 342 | G9: ='Insert in SCR'!G12 -> 0 | H9: ='Insert in SCR'!H12 -> 8910 | I9: ='Insert in SCR'!I12/13.68 -> 136.65936 | J9: ='Insert in SCR'!J12 -> 0 | K9: ='Insert in SCR'!K12/13.68 -> 0 | L9: 40 | M9: 0 | N9: 0 | O9: 0 | P9: ='Insert in SCR'!P12 -> 34297.3 | Q9: ='Insert in SCR'!Q12/13.68 -> 376.06725 | R9: ='Insert in SCR'!R12 -> 7690 | S9: ='Insert in SCR'!S12/13.68 -> 84.320175
A10: Seychelles | B10: 9 | C10: 2022 | D10: 0 | E10: 0 | F10: ='Insert in SCR'!F13 -> 612 | G10: ='Insert in SCR'!G13 -> 0 | L10: 0 | M10: 0 | N10: 0 | O10: 0 | Y10: Jan | AA10: Feb | AC10: Mar | AE10: Apr | AG10: May | AI10: June | AK10: July | AM10: Aug
A11: Seychelles | B11: 10 | C11: 2022 | Y11: 0.98 | Z11: 96 | AA11: 1.08 | AB11: 108 | AC11: 5.43 | AD11: 543 | AE11: 1.03 | AF11: 154.5 | AG11: 1.05 | AH11: 157.5 | AI11: 1.05 | AJ11: 159 | AK11: 1 | AL11: 750 | AM11: 0.98 | AN11: 73.5
A12: Seychelles | B12: 11 | C12: 2022 | Y12: 1.02 | Z12: 102 | AA12: 1.07 | AB12: 107 | AC12: 1.5 | AD12: 150 | AE12: 1.07 | AF12: 160.5 | AG12: 5.89 | AH12: 883.5 | AI12: 1 | AJ12: 150 | AK12: 0.99 | AL12: 49.5 | AM12: 1.04 | AN12: 156
A13: Seychelles | B13: 12 | C13: 2022 | Y13: 1.58 | Z13: 158 | AA13: 1.8 | AB13: 180 | AC13: 1.06 | AD13: 106 | AE13: 0.74 | AF13: 55.5 | AG13: 0.14 | AH13: 10.5 | AI13: 1.01 | AJ13: 151.5 | AK13: 1.13 | AL13: 169.5 | AM13: 1.1 | AN13: 165
Y14: =#REF!*1000 -> #REF! | AA14: =#REF!*1000 -> #REF! | AC14: =#REF!*1000 -> #REF! | AE14: =#REF!*1000 -> #REF! | AG14: =#REF!*1000 -> #REF! | AI14: =#REF!*1000 -> #REF! | AK14: =#REF!*1000 -> #REF! | AM14: =#REF!*1000 -> #REF!

Sheet Insert in SCR
Y1: 0.86 | Z1: 86 | AA1: 8.21 | AB1: 821 | AC1: 7.48 | AD1: 748 | AE1: 5.39 | AF1: 808.5 | AG1: 1.06 | AH1: 159 | AI1: 1.03 | AJ1: 154.5 | AK1: 1.88 | AL1: 282 | AM1: 1.25 | AN1: 187.5
D2: IN SEYCHELLES RUPEE | Y2: 0.55 | Z2: 550 | AA2: 1.03 | AB2: 103 | AC2: 6.08 | AD2: 608 | AE2: 6.07 | AF2: 910.5 | AG2: 0.37 | AH2: 27.75 | AI2: 0.42 | AJ2: 31.5 | AK2: 1.03 | AL2: 154.5 | AM2: 1.26 | AN2: 189
Y3: 1.1 | Z3: 1100 | AA3: 7.81 | AB3: 781 | AC3: 0.29 | AD3: 14.5 | AE3: 1.03 | AF3: 154.5 | AG3: 1.03 | AH3: 154.5 | AI3: 1 | AJ3: 150 | AK3: 5.11 | AL3: 766.5 | AM3: 0.98 | AN3: 73.5
A4: Site Name | B4: Month | C4: Year | D4: Total (per Unit) mixed glass | E4: Total cost mixed glass | F4: Total (per Unit) liquid food waste | G4: Total cost liquid food waste | H4: Total (per Unit) kitchen grease | I4: Total cost kitchen grease | J4: Total (per Unit) liquid hazardous waste | K4: Total cost liquid hazardous waste | L4: Total (per Unit) batteries | M4: Total cost batteries | N4: Total (per Unit) mixed metals | O4: Total cost mixed metals | P4: Total (per Unit) food waste | Q4: Total cost food waste | R4: Total (per Unit) general municipal solid waste | S4: Total cost general municipal solid waste | Y4: 0.95 | Z4: 47.5 | AA4: 0.92 | AB4: 92 | AC4: 0.91 | AD4: 45 | AE4: 1.23 | AF4: 184.5 | AG4: 1.07 | AH4: 160.5 | AI4: 0.79 | AJ4: 59.25 | AK4: 5.73 | AL4: 859.5 | AM4: 1.3 | AN4: 195
A5: Seychelles | B5: 1 | C5: 2022 | F5: 0 | G5: 0 | H5: 28070 | I5: 4142.5 | J5: 0 | K5: 0 | P5: 26692.8 | Q5: 2552.28 | R5: 5410 | S5: 541 | Y5: 1.32 | Z5: 132 | AA5: 1.06 | AB5: 106 | AC5: 0.82 | AD5: 41 | AE5: 1.02 | AF5: 153 | AG5: 1.42 | AH5: 213 | AI5: 1.1 | AJ5: 165 | AM5: 1 | AN5: 830
A6: Seychelles | B6: 2 | C6: 2022 | F6: 0 | G6: 0 | H6: 35820 | I6: 3582 | J6: 1966 | K6: 14106.05 | P6: 23677.8 | Q6: 2367.68 | R6: 6530 | S6: 653 | Y6: 6.54 | Z6: 554 | AA6: 6.23 | AB6: 623 | AC6: 1.02 | AD6: 102 | AE6: 0.98 | AF6: 49 | AG6: 0.89 | AH6: 66.75 | AI6: 6.42 | AJ6: 963
A7: Seychelles | B7: 3 | C7: 2022 | F7: 0 | G7: 0 | H7: 26600 | I7: 2510.5 | J7: 0 | K7: 0 | P7: 26840.2 | Q7: 2684.02 | R7: 8370 | S7: 837 | Y7: 1.02 | Z7: 102 | AA7: 1.02 | AB7: 102 | AC7: 1.05 | AD7: 105 | AE7: 1 | AF7: 150 | AI7: 6.56 | AJ7: 984
A8: Seychelles | B8: 4 | C8: 2022 | F8: 0 | G8: 0 | H8: 19560 | I8: 2780.5 | J8: 1966 | K8: 18038.05 | P8: 21553.9 | Q8: 3233.09 | R8: 7650 | S8: 1147.5 | Y8: 1 | Z8: 100 | AA8: 1.03 | AB8: 103 | AC8: 0.96 | AD8: 48
A9: Seychelles | B9: 5 | C9: 2022 | F9: 594 | G9: 0 | H9: 12920 | I9: 1833 | J9: 0 | K9: 0 | P9: 26599 | Q9: 3989.85 | R9: 11330 | S9: 1699 | Y9: 3.64 | Z9: 364 | AA9: 4.56 | AB9: 456
A10: Seychelles | B10: 6 | C10: 2022 | F10: 0 | G10: 0 | H10: 20380 | I10: 2967.75 | J10: 0 | K10: 0 | P10: 26183.6 | Q10: 3927.64 | R10: 8490 | S10: 1273.5 | Y10: 1.72 | Z10: 172
A11: Seychelles | B11: 7 | C11: 2022 | F11: 342 | G11: 0 | H11: 16870 | I11: 3031.5 | J11: 0 | K11: 0 | P11: 19859 | Q11: 2978.82 | R11: 10980 | S11: 1647 | Y11: 5.79 | Z11: 579
A12: Seychelles | B12: 8 | C12: 2022 | F12: 342 | G12: 0 | H12: 8910 | I12: 1869.5 | P12: 34297.3 | Q12: 5144.6 | R12: 7690 | S12: 1153.5
A13: Seychelles | B13: 9 | C13: 2022 | F13: 612 | G13: 0
A14: Seychelles | B14: 10 | C14: 2022 | Y14: =Y15*1000 -> 39840 | Z14: =Z15*1000 -> 3984000 | AA14: =AA15*1000 -> 35340 | AB14: =AB15*1000 -> 3534000 | AC14: =AC15*1000 -> 40060 | AD14: =AD15*1000 -> 4006000 | AE14: =AE15*1000 -> 32170 | AF14: =AF15*1000 -> 4825500 | ... AN14: =AN15*1000 -> 7678500
A15: Seychelles | B15: 11 | C15: 2022 | X15: compactor | Y15: 39.84 | Z15: 3984 | AA15: 35.34 | AB15: 3534 | AC15: 40.06 | AD15: 4006 | AE15: 32.17 | AF15: 4825.5 | AG15: 39.7 | AH15: 5955 | AI15: 39.08 | AJ15: 5862.15 | AK15: 29.64 | AL15: 4446 | AM15: 51.19 | AN15: 7678.5
A16: Seychelles | B16: 12 | C16: 2022 | X16: Skip Gen | Y16: 5.41 | Z16: 541 | AA16: 6.53 | AB16: 653 | AC16: 8.37 | AD16: 837 | AE16: 7.65 | AF16: 1147.5 | AG16: 11.33 | AH16: 1699 | AI16: 8.49 | AJ16: 1273.5 | AK16: 10.98 | AL16: 1647 | AM16: 7.69 | AN16: 1153.5
Y17: =Y16*1000 -> 5410 | AA17: =AA16*1000 -> 6530 | AC17: =AC16*1000 -> 8370 | AE17: =AE16*1000 -> 7650 | AG17: =AG16*1000 -> 11330 | AI17: =AI16*1000 -> 8490 | AK17: =AK16*1000 -> 10980 | AM17: =AM16*1000 -> 7690

Sheet Calculation Foodwaste
C3: Outlet | D3: Bin per day | F3: % | H3: Jan | J3: Feb | L3: Mar | N3: Apr | P3: May | R3: Jun | T3: Jul | V3: Aug | X3: Sep | Y3: Oct | Z3: Nov | AA3: Dec
B4: 1 | C4: Kannel | D4: 5 | E4: =D4*100/D11 -> #DIV/0! | F4: 0.17 | H4: =D21*F4 -> 677.28 | I4: =F21*E21 -> 6772.8 | J4: =D22*E21 -> 600.78 | K4: =F22*E21 -> 6007.8 | L4: =D23*E21 -> 681.02 | M4: =F23*E21 -> 6810.2 | N4: =D24*E21 -> 820.335 | O4: =F24*E21 -> 5468.9 | P4: =D25*E21 -> 1012.35 | Q4: =F25*E21 -> 6749 | R4: =D26*E21 -> 996.5655 | S4: =F26*E21 -> 6643.6 | T4: =D27*F4 -> 5.0388 | U4: =T4*1000 -> 5038.8 | V4: =D28*F4 -> 8.7023 | W4: =V4*1000 -> 8702.3
B5: 2 | C5: Zez | D5: 4 | E5: =D5*100/D11 -> #DIV/0! | F5: 0.13 | H5: =D22*F5 -> 459.42 | I5: =F21*E22 -> 5179.2 | J5: =D22*E22 -> 459.42 | K5: =F22*E22 -> 4594.2 | L5: =D23*E22 -> 520.78 | M5: =F23*E22 -> 5207.8 | N5: =D24*E22 -> 627.315 | O5: =F24*E22 -> 4182.1 | P5: =D25*E22 -> 774.15 | Q5: =F25*E22 -> 5161 | R5: =D26*E22 -> 762.0795 | S5: =F26*E22 -> 5080.4 | T5: =D27*F5 -> 3.8532 | U5: =T5*1000 -> 3853.2 | V5: =D28*F5 -> 6.6547 | W5: =V5*1000 -> 6654.7
B6: 3 | C6: IVD | D6: 5 | E6: =D6*100/D11 -> #DIV/0! | F6: 0.17 | H6: 677.28 | I6: =F21*E23 -> 6772.8 | J6: =D22*E23 -> 600.78 | K6: =F22*E23 -> 6007.8 | L6: =D23*E23 -> 681.02 | M6: =F23*E23 -> 6810.2 | N6: =D24*E23 -> 820.335 | O6: =F24*E23 -> 5468.9 | P6: =D25*E23 -> 1012.35 | Q6: =F25*E23 -> 6749 | R6: =D26*E23 -> 996.5655 | S6: =F26*E23 -> 6643.6 | T6: 5.0388 | U6: =T6*1000 -> 5038.8 | V6: =D28*F6 -> 8.7023 | W6: =V6*1000 -> 8702.3
B7: 4 | C7: Buther | D7: 2 | E7: =D7*100/D11 -> #DIV/0! | F7: 0.07 | H7: =D21*F7 -> 278.88 | I7: =F21*E24 -> 2788.8 | J7: =D22*E24 -> 247.38 | K7: =F22*E24 -> 2473.8 | L7: =D23*E24 -> 280.42 | M7: =F23*E24 -> 2804.2 | N7: =D24*E24 -> 337.785 | O7: =F24*E24 -> 2251.9 | P7: =D25*E24 -> 416.85 | Q7: =F25*E24 -> 2779 | R7: =D26*E24 -> 410.3505 | S7: =F26*E24 -> 2735.6 | T7: =D27*F7 -> 2.0748 | U7: =T7*1000 -> 2074.8 | V7: =D28*F7 -> 3.5833 | W7: =V7*1000 -> 3583.3
B8: 5 | C8: Sitronel | D8: 4 | E8: =D8*100/D11 -> #DIV/0! | F8: 0.13 | H8: 459.42 | I8: =F21*E25 -> 5179.2 | J8: =D22*E25 -> 459.42 | K8: =F22*E25 -> 4594.2 | L8: =D23*E25 -> 520.78 | M8: =F23*E25 -> 5207.8 | N8: =D24*E25 -> 627.315 | O8: =F24*E25 -> 4182.1 | P8: =D25*E25 -> 774.15 | Q8: =F25*E25 -> 5161 | R8: =D26*E25 -> 762.0795 | S8: =F26*E25 -> 5080.4 | T8: =D27*F8 -> 3.8532 | U8: =T8*1000 -> 3853.2 | V8: =D28*F8 -> 6.6547 | W8: =V8*1000 -> 6654.7
B9: 6 | C9: E-housing | D9: 10 | E9: =D9*100/D11 -> #DIV/0! | F9: 0.33 | H9: =SUM(H4:H8) -> 2552.28 | I9: =SUM(I4:I8) -> 26692.8 | J9: =SUM(J4:J8) -> 2367.78 | K9: =SUM(K4:K8) -> 23677.8 | L9: =SUM(L4:L8) -> 2684.02 | M9: =SUM(M4:M8) -> 26840.2 | N9: =SUM(N4:N8) -> 3233.085 | O9: =SUM(O4:O8) -> 21553.9 | ... U9: =SUM(U4:U8) -> 19858.8
B10: 7 | C10: Residence | D10: 0 | E10: =D10*100/D11 -> #DIV/0!
C11: KG | G11: jan | H11: 2552.28 | I11: 26692.8 | J11: 28070 | K11: 4142.5 | T11: =SUM(T4:T10) -> 39.7176 | U11: =SUM(U4:U10) -> 39717.6 | V11: =SUM(V4:V10) -> 34.2973 | W11: =SUM(W4:W10) -> 34297.3
B12: 1 | C12: Kannel | G12: feb | H12: 2367.68 | I12: 23677.8 | J12: 35820 | K12: 3582 | T12: =E27*F4 -> 755.82 | V12: =E28*F4 -> 1305.345
B13: 2 | C13: Zez | G13: mar | H13: 2684.02 | I13: 26840.2 | J13: 26600 | K13: 2510.5 | T13: =E27*F5 -> 577.98 | V13: =E28*F5 -> 998.205
B14: 3 | C14: IVD | G14: apr | H14: 3233.09 | I14: 21553.9 | J14: 19560 | K14: 2780.5 | T14: =E27*F6 -> 755.82 | V14: =E28*F6 -> 1305.345
B15: 4 | C15: Buther | G15: may | H15: 3989.85 | I15: 26599 | J15: 12920 | K15: 1833 | T15: =E27*F7 -> 311.22 | V15: =E28*F7 -> 537.495
B16: 5 | C16: Sitronel | G16: jun | H16: 3927.64 | I16: 26183.6 | J16: 20380 | K16: 2967.75 | T16: =E27*F8 -> 577.98 | V16: =E28*F8 -> 998.205
B17: 6 | C17: E-housing | G17: jul | I17: 19852.8 | J17: 16870 | K17: 3031.5
B18: 7 | C18: Residence | G18: aug | J18: 8910 | K18: 1869.5
H19: =SUM(H12:H16) -> 16202.28 | J19: =SUM(J12:J16) -> 115280 | L19: =SUM(L12:L16) -> 0 | N19: =SUM(N12:N16) -> 0 | P19: =SUM(P12:P16) -> 0 | R19: =SUM(R12:R16) -> 0 | T19: =SUM(T12:T16) -> 2978.82 | U19: =SUM(U12:U16) -> 0 | V19: =SUM(V12:V16) -> 5144.595
B21: 2022 | C21: January | D21: 3984 | E21: 0.17 | F21: 39840 | H21: Jan | J21: Feb | L21: Mar | N21: Apr | P21: May | R21: June | T21: July | V21: Aug
B22: 2022 | C22: February | D22: 3534 | E22: 0.13 | F22: 35340 | H22: 0.98 | I22: 96 | J22: 1.08 | K22: 108 | L22: 5.43 | M22: 543 | N22: 1.03 | O22: 154.5 | P22: 1.05 | Q22: 157.5 | R22: 1.05 | S22: 159 | T22: 1 | U22: 750 | V22: 0.98 | W22: 73.5
B23: 2022 | C23: March | D23: 4006 | E23: 0.17 | F23: 40060 | H23: 1.02 | I23: 102 | J23: 1.07 | K23: 107 | L23: 1.5 | M23: 150 | N23: 1.07 | O23: 160.5 | P23: 5.89 | Q23: 883.5 | R23: 1 | S23: 150 | T23: 0.99 | U23: 49.5 | V23: 1.04 | W23: 156
B24: 2022 | C24: April | D24: 4825.5 | E24: 0.07 | F24: 32170 | H24: 1.58 | I24: 158 | J24: 1.8 | K24: 180 | L24: 1.06 | M24: 106 | N24: 0.74 | O24: 55.5 | P24: 0.14 | Q24: 10.5 | R24: 1.01 | S24: 151.5 | T24: 1.13 | U24: 169.5 | V24: 1.1 | W24: 165
B25: 2022 | C25: May | D25: 5955 | E25: 0.13 | F25: 39700 | H25: 0.86 | I25: 86 | J25: 8.21 | K25: 821 | L25: 7.48 | M25: 748 | N25: 5.39 | O25: 808.5 | P25: 1.06 | Q25: 159 | R25: 1.03 | S25: 154.5 | T25: 1.88 | U25: 282 | V25: 1.25 | W25: 187.5
B26: 2022 | C26: June | D26: 5862.15 | F26: 39080 | H26: 0.55 | I26: 550 | J26: 1.03 | K26: 103 | L26: 6.08 | M26: 608 | N26: 6.07 | O26: 910.5 | P26: 0.37 | Q26: 27.75 | R26: 0.42 | S26: 31.5 | T26: 1.03 | U26: 154.5 | V26: 1.26 | W26: 189
B27: 2022 | C27: July | D27: 29.64 | E27: 4446 | H27: 1.1 | I27: 1100 | J27: 7.81 | K27: 781 | L27: 0.29 | M27: 14.5 | N27: 1.03 | O27: 154.5 | P27: 1.03 | Q27: 154.5 | R27: 1 | S27: 150 | T27: 5.11 | U27: 766.5 | V27: 0.98 | W27: 73.5
B28: 2022 | C28: August | D28: 51.19 | E28: 7678.5 | H28: 0.95 | I28: 47.5 | J28: 0.92 | K28: 92 | L28: 0.91 | M28: 45 | N28: 1.23 | O28: 184.5 | P28: 1.07 | Q28: 160.5 | R28: 0.79 | S28: 59.25 | T28: 5.73 | U28: 859.5 | V28: 1.3 | W28: 195
B29: 2022 | C29: September | H29: 1.32 | I29: 132 | J29: 1.06 | K29: 106 | L29: 0.82 | M29: 41 | N29: 1.02 | O29: 153 | P29: 1.42 | Q29: 213 | R29: 1.1 | S29: 165 | V29: 1 | W29: 830
B30: 2022 | C30: October | H30: 6.54 | I30: 554 | J30: 6.23 | K30: 623 | L30: 1.02 | M30: 102 | N30: 0.98 | O30: 49 | P30: 0.89 | Q30: 66.75 | R30: 6.42 | S30: 963
B31: 2022 | C31: November | H31: 1.02 | I31: 102 | J31: 1.02 | K31: 102 | L31: 1.05 | M31: 105 | N31: 1 | O31: 150 | R31: 6.56 | S31: 984
B32: 2022 | C32: December | H32: 1 | I32: 100 | J32: 1.03 | K32: 103 | L32: 0.96 | M32: 48
H33: 3.64 | I33: 364 | J33: 4.56 | K33: 456
H34: 1.72 | I34: 172
H35: 5.79 | I35: 579
G36: sum grease | H36: =SUM(H22:H35) -> 28.07 | I36: =SUM(I22:I35) -> 4142.5 | J36: =SUM(J22:J35) -> 35.82 | K36: =SUM(K22:K35) -> 3582 | L36: =SUM(L22:L35) -> 26.6 | M36: =SUM(M22:M35) -> 2510.5 | N36: =SUM(N22:N35) -> 19.56 | O36: =SUM(O22:O35) -> 2780.5 | ... W36: =SUM(W22:W35) -> 1869.5
H37: =H36*1000 -> 28070 | J37: =J36*1000 -> 35820 | L37: =L36*1000 -> 26600 | N37: =N36*1000 -> 19560 | P37: =P36*1000 -> 12920 | R37: =R36*1000 -> 20380 | T37: =T36*1000 -> 16870 | V37: =V36*1000 -> 8910
G38: comp | H38: 39.84 | I38: 3984 | J38: 35.34 | K38: 3534 | L38: 40.06 | M38: 4006 | N38: 32.17 | O38: 4825.5 | P38: 39.7 | Q38: 5955 | R38: 39.08 | S38: 5862.15 | T38: 29.64 | U38: 4446 | V38: 51.19 | W38: 7678.5
G39: skip | H39: 5.41 | I39: 541 | J39: 6.53 | K39: 653 | L39: 8.37 | M39: 837 | N39: 7.65 | O39: 1147.5 | P39: 11.33 | Q39: 1699 | R39: 8.49 | S39: 1273.5 | T39: 10.98 | U39: 1647 | V39: 7.69 | W39: 1153.5
H40: =H39*1000 -> 5410 | J40: =J39*1000 -> 6530 | L40: =L39*1000 -> 8370 | N40: =N39*1000 -> 7650 | P40: =P39*1000 -> 11330 | R40: =R39*1000 -> 8490 | T40: =T39*1000 -> 10980 | V40: =V39*1000 -> 7690
