Workbook

Sheet TOTAL
A1: Site Name | B1: Day | C1: Month | D1: Year | E1: Total Electricity Kwh | F1: Electricity Tariff ($/Kwh) | G1: Natual Gas (m3) | H1: Natural Gas $/m3 | I1: Water Utility Supply (m3) m3 | J1: Water Utility Supply (m3) $/m3 | K1: Room Nights | L1: Total Guests
A2: Hampshire | B2: 1 | C2: 9 | D2: 2022 | E2: =(Submetering!E2+Submetering!F2) -> 10539 | F2: 0.35 | G2: =Submetering!M2 -> 963 | H2: 0.6 | I2: =Submetering!N2 -> 149 | J2: 2.06 | K2: ='Hampshire Daily'!B5 -> 43 | L2: ='Hampshire Daily'!C5 -> 100
A3: Hampshire | B3: =B2+1 -> 2 | C3: 9 | D3: 2022 | E3: =Submetering!E3+Submetering!F3 -> 11008 | F3: 0.35 | G3: =Submetering!M3 -> 956 | H3: 0.6 | I3: =Submetering!N3 -> 140 | J3: 2.06 | K3: ='Hampshire Daily'!B6 -> 85 | L3: ='Hampshire Daily'!C6 -> 189
A4: Hampshire | B4: =B3+1 -> 3 | C4: 9 | D4: 2022 | E4: =Submetering!E4+Submetering!F4 -> 11232 | F4: 0.35 | G4: =Submetering!M4 -> 1051 | H4: 0.6 | I4: =Submetering!N4 -> 179 | J4: 2.06 | K4: ='Hampshire Daily'!B7 -> 101 | L4: ='Hampshire Daily'!C7 -> 213
A5: Hampshire | B5: =B4+1 -> 4 | C5: 9 | D5: 2022 | E5: =Submetering!E5+Submetering!F5 -> 12268 | F5: 0.35 | G5: =Submetering!M5 -> 928 | H5: 0.6 | I5: =Submetering!N5 -> 146 | J5: 2.06 | K5: ='Hampshire Daily'!B8 -> 52 | L5: ='Hampshire Daily'!C8 -> 107
A6: Hampshire | B6: =B5+1 -> 5 | C6: 9 | D6: 2022 | E6: =Submetering!E6+Submetering!F6 -> 12000 | F6: 0.35 | G6: =Submetering!M6 -> 927 | H6: 0.6 | I6: =Submetering!N6 -> 363 | J6: 2.06 | K6: ='Hampshire Daily'!B9 -> 47 | L6: ='Hampshire Daily'!C9 -> 72
A7: Hampshire | B7: =B6+1 -> 6 | C7: 9 | D7: 2022 | E7: =Submetering!E7+Submetering!F7 -> 11438 | F7: 0.35 | G7: =Submetering!M7 -> 816 | H7: 0.6 | I7: =Submetering!N7 -> 53 | J7: 2.06 | K7: ='Hampshire Daily'!B10 -> 29 | L7: ='Hampshire Daily'!C10 -> 46
A8: Hampshire | B8: =B7+1 -> 7 | C8: 9 | D8: 2022 | E8: =Submetering!E8+Submetering!F8 -> 11314 | F8: 0.35 | G8: =Submetering!M8 -> 831 | H8: 0.6 | I8: =Submetering!N8 -> 53 | J8: 2.06 | K8: ='Hampshire Daily'!B11 -> 34 | L8: ='Hampshire Daily'!C11 -> 55
A9: Hampshire | B9: =B8+1 -> 8 | C9: 9 | D9: 2022 | E9: =Submetering!E9+Submetering!F9 -> 9011 | F9: 0.35 | G9: =Submetering!M9 -> 1388 | H9: 0.6 | I9: =Submetering!N9 -> 109 | J9: 2.06 | K9: ='Hampshire Daily'!B12 -> 38 | L9: ='Hampshire Daily'!C12 -> 70
A10: Hampshire | B10: =B9+1 -> 9 | C10: 9 | D10: 2022 | E10: =Submetering!E10+Submetering!F10 -> 8153 | F10: 0.35 | G10: =Submetering!M10 -> 1599 | H10: 0.6 | I10: =Submetering!N10 -> 173 | J10: 2.06 | K10: ='Hampshire Daily'!B13 -> 46 | L10: ='Hampshire Daily'!C13 -> 91
A11: Hampshire | B11: =B10+1 -> 10 | C11: 9 | D11: 2022 | E11: =Submetering!E11+Submetering!F11 -> 9518 | F11: 0.35 | G11: =Submetering!M11 -> 1569 | H11: 0.6 | I11: =Submetering!N11 -> 154 | J11: 2.06 | K11: ='Hampshire Daily'!B14 -> 63 | L11: ='Hampshire Daily'!C14 -> 139
A12: Hampshire | B12: =B11+1 -> 11 | C12: 9 | D12: 2022 | E12: =Submetering!E12+Submetering!F12 -> 7865 | F12: 0.35 | G12: =Submetering!M12 -> 1542 | H12: 0.6 | I12: =Submetering!N12 -> 171 | J12: 2.06 | K12: ='Hampshire Daily'!B15 -> 79 | L12: ='Hampshire Daily'!C15 -> 142
A13: Hampshire | B13: =B12+1 -> 12 | C13: 9 | D13: 2022 | E13: =Submetering!E13+Submetering!F13 -> 8576 | F13: 0.35 | G13: =Submetering!M13 -> 1468 | H13: 0.6 | I13: =Submetering!N13 -> 114 | J13: 2.06 | K13: ='Hampshire Daily'!B16 -> 46 | L13: ='Hampshire Daily'!C16 -> 78
A14: Hampshire | B14: =B13+1 -> 13 | C14: 9 | D14: 2022 | E14: =Submetering!E14+Submetering!F14 -> 9511 | F14: 0.35 | G14: =Submetering!M14 -> 1478 | H14: 0.6 | I14: =Submetering!N14 -> 116 | J14: 2.06 | K14: ='Hampshire Daily'!B17 -> 42 | L14: ='Hampshire Daily'!C17 -> 62
... A31: Hampshire | B31: =B30+1 -> 30 | C31: 9 | D31: 2022 | E31: =Submetering!E31+Submetering!F31 -> 6002 | F31: 0.35 | G31: =Submetering!M31 -> 2416 | H31: 0.6 | I31: =Submetering!N31 -> 149 | J31: 2.06 | K31: ='Hampshire Daily'!B34 -> 51 | L31: ='Hampshire Daily'!C34 -> 99

Sheet Submetering
A1: Site Name | B1: Day | C1: Month | D1: Year | E1: Meter 1- KWh | F1: Meter 2- KWh | G1: East MCC- KWh | H1: South MCC 1- KWh | I1: South MCC 2- KWh | J1: West MCC- KWh | K1: Kitchen - KWh | L1: SPA - KWh | M1: Gas- KWh | N1: Main Site Water Meter - m3 | O1: Hard Water Supply- m3 | P1: Pool Supply- m3 | Q1: Kids Pool | R1: Room Nights | S1: Total Guests
A2: Hampshire | B2: 1 | C2: 9 | D2: 2022 | E2: ='Hampshire Daily'!D5-'Hampshire Daily'!D4 -> 6711 | F2: ='Hampshire Daily'!E5-'Hampshire Daily'!E4 -> 3828 | G2: ='Hampshire Daily'!F5-'Hampshire Daily'!F4 -> 398 | H2: ='Hampshire Daily'!G5-'Hampshire Daily'!G4 -> 1876 | I2: ='Hampshire Daily'!H5-'Hampshire Daily'!H4 -> 0 | J2: ='Hampshire Daily'!I5-'Hampshire Daily'!I4 -> 2595 | K2: ='Hampshire Daily'!J5-'Hampshire Daily'!J4 -> 1137 | L2: ='Hampshire Daily'!K5-'Hampshire Daily'!K4 -> 657 | M2: ='Hampshire Daily'!N5-'Hampshire Daily'!N4 -> 963 | N2: ='Hampshire Daily'!Q5-'Hampshire Daily'!Q4 -> 149 | O2: ='Hampshire Daily'!U5-'Hampshire Daily'!U4 -> 108 | P2: ='Hampshire Daily'!V5-'Hampshire Daily'!V4 -> 109 | Q2: ='Hampshire Daily'!Y5-'Hampshire Daily'!Y4 -> 7 | R2: ='Hampshire Daily'!B5 -> 43 | S2: ='Hampshire Daily'!C5 -> 100
A3: Hampshire | B3: =B2+1 -> 2 | C3: 9 | D3: 2022 | E3: ='Hampshire Daily'!D6-'Hampshire Daily'!D5 -> 6908 | F3: ='Hampshire Daily'!E6-'Hampshire Daily'!E5 -> 4100 | G3: ='Hampshire Daily'!F6-'Hampshire Daily'!F5 -> 572 | H3: ='Hampshire Daily'!G6-'Hampshire Daily'!G5 -> 2212 | I3: ='Hampshire Daily'!H6-'Hampshire Daily'!H5 -> 0 | J3: ='Hampshire Daily'!I6-'Hampshire Daily'!I5 -> 2466 | K3: ='Hampshire Daily'!J6-'Hampshire Daily'!J5 -> 1068 | L3: ='Hampshire Daily'!K6-'Hampshire Daily'!K5 -> 599 | M3: ='Hampshire Daily'!N6-'Hampshire Daily'!N5 -> 956 | N3: ='Hampshire Daily'!Q6-'Hampshire Daily'!Q5 -> 140 | O3: ='Hampshire Daily'!U6-'Hampshire Daily'!U5 -> 96 | P3: ='Hampshire Daily'!V6-'Hampshire Daily'!V5 -> 96 | Q3: ='Hampshire Daily'!Y6-'Hampshire Daily'!Y5 -> 4 | R3: ='Hampshire Daily'!B6 -> 85 | S3: ='Hampshire Daily'!C6 -> 189
A4: Hampshire | B4: =B3+1 -> 3 | C4: 9 | D4: 2022 | E4: ='Hampshire Daily'!D7-'Hampshire Daily'!D6 -> 7351 | F4: ='Hampshire Daily'!E7-'Hampshire Daily'!E6 -> 3881 | G4: ='Hampshire Daily'!F7-'Hampshire Daily'!F6 -> 539 | H4: ='Hampshire Daily'!G7-'Hampshire Daily'!G6 -> 1835 | I4: ='Hampshire Daily'!H7-'Hampshire Daily'!H6 -> 0 | J4: ='Hampshire Daily'!I7-'Hampshire Daily'!I6 -> 2585 | K4: ='Hampshire Daily'!J7-'Hampshire Daily'!J6 -> 1184 | L4: ='Hampshire Daily'!K7-'Hampshire Daily'!K6 -> 615 | M4: ='Hampshire Daily'!N7-'Hampshire Daily'!N6 -> 1051 | N4: ='Hampshire Daily'!Q7-'Hampshire Daily'!Q6 -> 179 | O4: ='Hampshire Daily'!U7-'Hampshire Daily'!U6 -> 114 | P4: ='Hampshire Daily'!V7-'Hampshire Daily'!V6 -> 116 | Q4: ='Hampshire Daily'!Y7-'Hampshire Daily'!Y6 -> 4 | R4: ='Hampshire Daily'!B7 -> 101 | S4: ='Hampshire Daily'!C7 -> 213
A5: Hampshire | B5: =B4+1 -> 4 | C5: 9 | D5: 2022 | E5: ='Hampshire Daily'!D8-'Hampshire Daily'!D7 -> 7520 | F5: ='Hampshire Daily'!E8-'Hampshire Daily'!E7 -> 4748 | G5: ='Hampshire Daily'!F8-'Hampshire Daily'!F7 -> 726 | H5: ='Hampshire Daily'!G8-'Hampshire Daily'!G7 -> 2246 | I5: ='Hampshire Daily'!H8-'Hampshire Daily'!H7 -> 0 | J5: ='Hampshire Daily'!I8-'Hampshire Daily'!I7 -> 2752 | K5: ='Hampshire Daily'!J8-'Hampshire Daily'!J7 -> 1240 | L5: ='Hampshire Daily'!K8-'Hampshire Daily'!K7 -> 633 | M5: ='Hampshire Daily'!N8-'Hampshire Daily'!N7 -> 928 | N5: ='Hampshire Daily'!Q8-'Hampshire Daily'!Q7 -> 146 | O5: ='Hampshire Daily'!U8-'Hampshire Daily'!U7 -> 113 | P5: ='Hampshire Daily'!V8-'Hampshire Daily'!V7 -> 115 | Q5: ='Hampshire Daily'!Y8-'Hampshire Daily'!Y7 -> 7 | R5: ='Hampshire Daily'!B8 -> 52 | S5: ='Hampshire Daily'!C8 -> 107
A6: Hampshire | B6: =B5+1 -> 5 | C6: 9 | D6: 2022 | E6: ='Hampshire Daily'!D9-'Hampshire Daily'!D8 -> 7529 | F6: ='Hampshire Daily'!E9-'Hampshire Daily'!E8 -> 4471 | G6: ='Hampshire Daily'!F9-'Hampshire Daily'!F8 -> 598 | H6: ='Hampshire Daily'!G9-'Hampshire Daily'!G8 -> 1900 | I6: ='Hampshire Daily'!H9-'Hampshire Daily'!H8 -> 0 | J6: ='Hampshire Daily'!I9-'Hampshire Daily'!I8 -> 2277 | K6: ='Hampshire Daily'!J9-'Hampshire Daily'!J8 -> 968 | L6: ='Hampshire Daily'!K9-'Hampshire Daily'!K8 -> 592 | M6: ='Hampshire Daily'!N9-'Hampshire Daily'!N8 -> 927 | N6: ='Hampshire Daily'!Q9-'Hampshire Daily'!Q8 -> 363 | O6: ='Hampshire Daily'!U9-'Hampshire Daily'!U8 -> 114 | P6: ='Hampshire Daily'!V9-'Hampshire Daily'!V8 -> 115 | Q6: ='Hampshire Daily'!Y9-'Hampshire Daily'!Y8 -> 8 | R6: ='Hampshire Daily'!B9 -> 47 | S6: ='Hampshire Daily'!C9 -> 72
A7: Hampshire | B7: =B6+1 -> 6 | C7: 9 | D7: 2022 | E7: ='Hampshire Daily'!D10-'Hampshire Daily'!D9 -> 7265 | F7: ='Hampshire Daily'!E10-'Hampshire Daily'!E9 -> 4173 | G7: ='Hampshire Daily'!F10-'Hampshire Daily'!F9 -> 543 | H7: ='Hampshire Daily'!G10-'Hampshire Daily'!G9 -> 2006 | I7: ='Hampshire Daily'!H10-'Hampshire Daily'!H9 -> 0 | J7: ='Hampshire Daily'!I10-'Hampshire Daily'!I9 -> 2403 | K7: ='Hampshire Daily'!J10-'Hampshire Daily'!J9 -> 990 | L7: ='Hampshire Daily'!K10-'Hampshire Daily'!K9 -> 632 | M7: ='Hampshire Daily'!N10-'Hampshire Daily'!N9 -> 816 | N7: ='Hampshire Daily'!Q10-'Hampshire Daily'!Q9 -> 53 | O7: ='Hampshire Daily'!U10-'Hampshire Daily'!U9 -> 104 | P7: ='Hampshire Daily'!V10-'Hampshire Daily'!V9 -> 105 | Q7: ='Hampshire Daily'!Y10-'Hampshire Daily'!Y9 -> 4 | R7: ='Hampshire Daily'!B10 -> 29 | S7: ='Hampshire Daily'!C10 -> 46
A8: Hampshire | B8: =B7+1 -> 7 | C8: 9 | D8: 2022 | E8: ='Hampshire Daily'!D11-'Hampshire Daily'!D10 -> 6819 | F8: ='Hampshire Daily'!E11-'Hampshire Daily'!E10 -> 4495 | G8: ='Hampshire Daily'!F11-'Hampshire Daily'!F10 -> 665 | H8: ='Hampshire Daily'!G11-'Hampshire Daily'!G10 -> 1886 | I8: ='Hampshire Daily'!H11-'Hampshire Daily'!H10 -> 0 | J8: ='Hampshire Daily'!I11-'Hampshire Daily'!I10 -> 2295 | K8: ='Hampshire Daily'!J11-'Hampshire Daily'!J10 -> 915 | L8: ='Hampshire Daily'!K11-'Hampshire Daily'!K10 -> 600 | M8: ='Hampshire Daily'!N11-'Hampshire Daily'!N10 -> 831 | N8: ='Hampshire Daily'!Q11-'Hampshire Daily'!Q10 -> 53 | O8: ='Hampshire Daily'!U11-'Hampshire Daily'!U10 -> 92 | P8: ='Hampshire Daily'!V11-'Hampshire Daily'!V10 -> 93 | Q8: ='Hampshire Daily'!Y11-'Hampshire Daily'!Y10 -> 4 | R8: ='Hampshire Daily'!B11 -> 34 | S8: ='Hampshire Daily'!C11 -> 55
A9: Hampshire | B9: =B8+1 -> 8 | C9: 9 | D9: 2022 | E9: ='Hampshire Daily'!D12-'Hampshire Daily'!D11 -> 7083 | F9: ='Hampshire Daily'!E12-'Hampshire Daily'!E11 -> 1928 | G9: ='Hampshire Daily'!F12-'Hampshire Daily'!F11 -> 155 | H9: ='Hampshire Daily'!G12-'Hampshire Daily'!G11 -> 1842 | I9: ='Hampshire Daily'!H12-'Hampshire Daily'!H11 -> 0 | J9: ='Hampshire Daily'!I12-'Hampshire Daily'!I11 -> 2367 | K9: ='Hampshire Daily'!J12-'Hampshire Daily'!J11 -> 1000 | L9: ='Hampshire Daily'!K12-'Hampshire Daily'!K11 -> 665 | M9: ='Hampshire Daily'!N12-'Hampshire Daily'!N11 -> 1388 | N9: ='Hampshire Daily'!Q12-'Hampshire Daily'!Q11 -> 109 | O9: ='Hampshire Daily'!U12-'Hampshire Daily'!U11 -> 101 | P9: ='Hampshire Daily'!V12-'Hampshire Daily'!V11 -> 102 | Q9: ='Hampshire Daily'!Y12-'Hampshire Daily'!Y11 -> 5 | R9: ='Hampshire Daily'!B12 -> 38 | S9: ='Hampshire Daily'!C12 -> 70
A10: Hampshire | B10: =B9+1 -> 9 | C10: 9 | D10: 2022 | E10: ='Hampshire Daily'!D13-'Hampshire Daily'!D12 -> 6763 | F10: ='Hampshire Daily'!E13-'Hampshire Daily'!E12 -> 1390 | G10: ='Hampshire Daily'!F13-'Hampshire Daily'!F12 -> 0 | H10: ='Hampshire Daily'!G13-'Hampshire Daily'!G12 -> 1833 | I10: ='Hampshire Daily'!H13-'Hampshire Daily'!H12 -> 0 | J10: ='Hampshire Daily'!I13-'Hampshire Daily'!I12 -> 2380 | K10: ='Hampshire Daily'!J13-'Hampshire Daily'!J12 -> 1051 | L10: ='Hampshire Daily'!K13-'Hampshire Daily'!K12 -> 697 | M10: ='Hampshire Daily'!N13-'Hampshire Daily'!N12 -> 1599 | N10: ='Hampshire Daily'!Q13-'Hampshire Daily'!Q12 -> 173 | O10: ='Hampshire Daily'!U13-'Hampshire Daily'!U12 -> 98 | P10: ='Hampshire Daily'!V13-'Hampshire Daily'!V12 -> 100 | Q10: ='Hampshire Daily'!Y13-'Hampshire Daily'!Y12 -> 5 | R10: ='Hampshire Daily'!B13 -> 46 | S10: ='Hampshire Daily'!C13 -> 91
A11: Hampshire | B11: =B10+1 -> 10 | C11: 9 | D11: 2022 | E11: ='Hampshire Daily'!D14-'Hampshire Daily'!D13 -> 7961 | F11: ='Hampshire Daily'!E14-'Hampshire Daily'!E13 -> 1557 | G11: ='Hampshire Daily'!F14-'Hampshire Daily'!F13 -> 0 | H11: ='Hampshire Daily'!G14-'Hampshire Daily'!G13 -> 1917 | I11: ='Hampshire Daily'!H14-'Hampshire Daily'!H13 -> 0 | J11: ='Hampshire Daily'!I14-'Hampshire Daily'!I13 -> 2530 | K11: ='Hampshire Daily'!J14-'Hampshire Daily'!J13 -> 1108 | L11: ='Hampshire Daily'!K14-'Hampshire Daily'!K13 -> 743 | M11: ='Hampshire Daily'!N14-'Hampshire Daily'!N13 -> 1569 | N11: ='Hampshire Daily'!Q14-'Hampshire Daily'!Q13 -> 154 | O11: ='Hampshire Daily'!U14-'Hampshire Daily'!U13 -> 101 | P11: ='Hampshire Daily'!V14-'Hampshire Daily'!V13 -> 101 | Q11: ='Hampshire Daily'!Y14-'Hampshire Daily'!Y13 -> 10 | R11: ='Hampshire Daily'!B14 -> 63 | S11: ='Hampshire Daily'!C14 -> 139
A12: Hampshire | B12: =B11+1 -> 11 | C12: 9 | D12: 2022 | E12: ='Hampshire Daily'!D15-'Hampshire Daily'!D14 -> 6248 | F12: ='Hampshire Daily'!E15-'Hampshire Daily'!E14 -> 1617 | G12: ='Hampshire Daily'!F15-'Hampshire Daily'!F14 -> 0 | H12: ='Hampshire Daily'!G15-'Hampshire Daily'!G14 -> 1853 | I12: ='Hampshire Daily'!H15-'Hampshire Daily'!H14 -> 0 | J12: ='Hampshire Daily'!I15-'Hampshire Daily'!I14 -> 2466 | K12: ='Hampshire Daily'!J15-'Hampshire Daily'!J14 -> 1066 | L12: ='Hampshire Daily'!K15-'Hampshire Daily'!K14 -> 710 | M12: ='Hampshire Daily'!N15-'Hampshire Daily'!N14 -> 1542 | N12: ='Hampshire Daily'!Q15-'Hampshire Daily'!Q14 -> 171 | O12: ='Hampshire Daily'!U15-'Hampshire Daily'!U14 -> 104 | P12: ='Hampshire Daily'!V15-'Hampshire Daily'!V14 -> 106 | Q12: ='Hampshire Daily'!Y15-'Hampshire Daily'!Y14 -> 6 | R12: ='Hampshire Daily'!B15 -> 79 | S12: ='Hampshire Daily'!C15 -> 142
A13: Hampshire | B13: =B12+1 -> 12 | C13: 9 | D13: 2022 | E13: ='Hampshire Daily'!D16-'Hampshire Daily'!D15 -> 7182 | F13: ='Hampshire Daily'!E16-'Hampshire Daily'!E15 -> 1394 | G13: ='Hampshire Daily'!F16-'Hampshire Daily'!F15 -> 0 | H13: ='Hampshire Daily'!G16-'Hampshire Daily'!G15 -> 2023 | I13: ='Hampshire Daily'!H16-'Hampshire Daily'!H15 -> 0 | J13: ='Hampshire Daily'!I16-'Hampshire Daily'!I15 -> 2517 | K13: ='Hampshire Daily'!J16-'Hampshire Daily'!J15 -> 1031 | L13: ='Hampshire Daily'!K16-'Hampshire Daily'!K15 -> 648 | M13: ='Hampshire Daily'!N16-'Hampshire Daily'!N15 -> 1468 | N13: ='Hampshire Daily'!Q16-'Hampshire Daily'!Q15 -> 114 | O13: ='Hampshire Daily'!U16-'Hampshire Daily'!U15 -> 93 | P13: ='Hampshire Daily'!V16-'Hampshire Daily'!V15 -> 95 | Q13: ='Hampshire Daily'!Y16-'Hampshire Daily'!Y15 -> 8 | R13: ='Hampshire Daily'!B16 -> 46 | S13: ='Hampshire Daily'!C16 -> 78
A14: Hampshire | B14: =B13+1 -> 13 | C14: 9 | D14: 2022 | E14: ='Hampshire Daily'!D17-'Hampshire Daily'!D16 -> 8015 | F14: ='Hampshire Daily'!E17-'Hampshire Daily'!E16 -> 1496 | G14: ='Hampshire Daily'!F17-'Hampshire Daily'!F16 -> 55 | H14: ='Hampshire Daily'!G17-'Hampshire Daily'!G16 -> 1859 | I14: ='Hampshire Daily'!H17-'Hampshire Daily'!H16 -> 0 | J14: ='Hampshire Daily'!I17-'Hampshire Daily'!I16 -> 2159 | K14: ='Hampshire Daily'!J17-'Hampshire Daily'!J16 -> 902 | L14: ='Hampshire Daily'!K17-'Hampshire Daily'!K16 -> 715 | M14: ='Hampshire Daily'!N17-'Hampshire Daily'!N16 -> 1478 | N14: ='Hampshire Daily'!Q17-'Hampshire Daily'!Q16 -> 116 | O14: ='Hampshire Daily'!U17-'Hampshire Daily'!U16 -> 68 | P14: ='Hampshire Daily'!V17-'Hampshire Daily'!V16 -> 71 | Q14: ='Hampshire Daily'!Y17-'Hampshire Daily'!Y16 -> 5 | R14: ='Hampshire Daily'!B17 -> 42 | S14: ='Hampshire Daily'!C17 -> 62
... A31: Hampshire | B31: =B30+1 -> 30 | C31: 9 | D31: 2022 | E31: ='Hampshire Daily'!D34-'Hampshire Daily'!D33 -> 4177 | F31: ='Hampshire Daily'!E34-'Hampshire Daily'!E33 -> 1825 | G31: ='Hampshire Daily'!F34-'Hampshire Daily'!F33 -> 0 | H31: ='Hampshire Daily'!G34-'Hampshire Daily'!G33 -> 2376 | I31: ='Hampshire Daily'!H34-'Hampshire Daily'!H33 -> 0 | J31: ='Hampshire Daily'!I34-'Hampshire Daily'!I33 -> 2399 | K31: ='Hampshire Daily'!J34-'Hampshire Daily'!J33 -> 966 | L31: ='Hampshire Daily'!K34-'Hampshire Daily'!K33 -> 2 | M31: ='Hampshire Daily'!N34-'Hampshire Daily'!N33 -> 2416 | N31: ='Hampshire Daily'!Q34-'Hampshire Daily'!Q33 -> 149 | O31: ='Hampshire Daily'!U34-'Hampshire Daily'!U33 -> 97 | P31: ='Hampshire Daily'!V34-'Hampshire Daily'!V33 -> 98 | Q31: ='Hampshire Daily'!Y34-'Hampshire Daily'!Y33 -> 9 | R31: ='Hampshire Daily'!B34 -> 51 | S31: ='Hampshire Daily'!C34 -> 99

Sheet Hampshire Daily
D1: Electrical | N1: Main Site Gas Meter | O1: Banquet Gas Meter | P1: WC Kitchen Gas Meter | Q1: Main Site Water Meter | R1: EAST LTHW Sub Meter | S1: SPA LTHW Sub Meter | T1: CHW Sub Meter | U1: Water Softener Sub Meter | W1: Hard Water Supply Sub Meter | X1: Pool Supply Sub Meter | Y1: Kids pool Sub Meter
B2: Room Night | C2: Guest | D2: Main Site Electric Meter 1 | E2: Main Site Electric Meter 2 | F2: East MCC Sub Meter | G2: South MCC 1 Sub Meter | H2: South MCC 2 Sub Meter | I2: West MCC Sub Meter | J2: Kitchen sub meter | K2: Spa electric Sub Meter | L2: East CHP 41 Electric generated | M2: Spa CHP 42 Electric generated
A4: 44804 | B4: 42 | C4: 91 | D4: 1935110 | E4: 2028914 | F4: 337998 | G4: 7973422 | H4: 34705 | I4: 6191531 | J4: 206468 | K4: 2678499 | L4: 951 | M4: 0 | N4: 2027352 | O4: 50176.175 | P4: 352611.69 | Q4: 406781 | R4: 1093.5 | S4: 490.333 | T4: 3894 | U4: 361642 | V4: 65749 | W4: 55095 | X4: 31623 | Y4: 4295
A5: =A4+1 -> 44805 | B5: 43 | C5: 100 | D5: 1941821 | E5: 2032742 | F5: 338396 | G5: 7975298 | H5: 34705 | I5: 6194126 | J5: 207605 | K5: 2679156 | L5: 353 | M5: 0 | N5: 2028315 | Q5: 406930 | R5: 1093.5 | S5: 490.333 | T5: 3894 | U5: 361750 | V5: 65858 | W5: 55102 | X5: 31633 | Y5: 4302
A6: =A5+1 -> 44806 | B6: 85 | C6: 189 | D6: 1948729 | E6: 2036842 | F6: 338968 | G6: 7977510 | H6: 34705 | I6: 6196592 | J6: 208673 | K6: 2679755 | L6: 333 | M6: 0 | N6: 2029271 | Q6: 407070 | R6: 1093.511 | S6: 490.333 | T6: 3894.299 | U6: 361846 | V6: 65954 | W6: 55109 | X6: 31633 | Y6: 4306
A7: =A6+1 -> 44807 | B7: 101 | C7: 213 | D7: 1956080 | E7: 2040723 | F7: 339507 | G7: 7979345 | H7: 34705 | I7: 6199177 | J7: 209857 | K7: 2680370 | L7: 859 | M7: 0 | N7: 2030322 | Q7: 407249 | R7: 1093.766 | S7: 490.333 | T7: 3894.299 | U7: 361960 | V7: 66070 | W7: 55117 | X7: 31634 | Y7: 4310
A8: =A7+1 -> 44808 | B8: 52 | C8: 107 | D8: 1963600 | E8: 2045471 | F8: 340233 | G8: 7981591 | H8: 34705 | I8: 6201929 | J8: 211097 | K8: 2681003 | L8: 427 | M8: 0 | N8: 2031250 | Q8: 407395 | R8: 1093.768 | S8: 490.333 | T8: 3894.299 | U8: 362073 | V8: 66185 | W8: 55124 | X8: 31635 | Y8: 4317
A9: =A8+1 -> 44809 | B9: 47 | C9: 72 | D9: 1971129 | E9: 2049942 | F9: 340831 | G9: 7983491 | H9: 34705 | I9: 6204206 | J9: 212065 | K9: 2681595 | L9: 599 | M9: 0 | N9: 2032177 | Q9: 407758 | R9: 1093.78 | S9: 490.333 | T9: 3894.299 | U9: 362187 | V9: 66300 | W9: 55132 | X9: 31642 | Y9: 4325
A10: =A9+1 -> 44810 | B10: 29 | C10: 46 | D10: 1978394 | E10: 2054115 | F10: 341374 | G10: 7985497 | H10: 34705 | I10: 6206609 | J10: 213055 | K10: 2682227 | L10: 103 | M10: 0 | N10: 2032993 | Q10: 407811 | R10: =(R11+R9)/2 -> 1094.6165 | S10: 490.333 | T10: 3894.299 | U10: 362291 | V10: 66405 | W10: 55140 | X10: 31642 | Y10: 4329
A11: =A10+1 -> 44811 | B11: 34 | C11: 55 | D11: 1985213 | E11: 2058610 | F11: 342039 | G11: 7987383 | H11: 34705 | I11: 6208904 | J11: 213970 | K11: 2682827 | L11: 1710 | M11: 0 | N11: 2033824 | Q11: 407864 | R11: 1095.453 | S11: 490.333 | T11: 3894.299 | U11: 362383 | V11: 66498 | W11: 55147 | X11: 31643 | Y11: 4333
A12: =A11+1 -> 44812 | B12: 38 | C12: 70 | D12: 1992296 | E12: 2060538 | F12: 342194 | G12: 7989225 | H12: 34705 | I12: 6211271 | J12: 214970 | K12: 2683492 | L12: 3510 | M12: 0 | N12: 2035212 | Q12: 407973 | R12: 1095.508 | S12: 490.333 | T12: 3894.299 | U12: 362484 | V12: 66600 | W12: 55160 | X12: 31646 | Y12: 4338
A13: =A12+1 -> 44813 | B13: 46 | C13: 91 | D13: 1999059 | E13: 2061928 | F13: 342194 | G13: 7991058 | H13: 34705 | I13: 6213651 | J13: 216021 | K13: 2684189 | L13: 3515 | M13: 0 | N13: 2036811 | Q13: 408146 | R13: 1095.92 | S13: 490.333 | T13: 3894.299 | U13: 362582 | V13: 66700 | W13: 55167 | X13: 31647 | Y13: 4343
A14: =A13+1 -> 44814 | B14: 63 | C14: 139 | D14: 2007020 | E14: 2063485 | F14: 342194 | G14: 7992975 | H14: 34705 | I14: 6216181 | J14: 217129 | K14: 2684932 | L14: 3542 | M14: 0 | N14: 2038380 | Q14: 408300 | R14: 1095.929 | S14: 490.333 | T14: 3894.299 | U14: 362683 | V14: 66801 | W14: 55174 | X14: 31648 | Y14: 4353
A15: =A14+1 -> 44815 | B15: 79 | C15: 142 | D15: 2013268 | E15: 2065102 | F15: 342194 | G15: 7994828 | H15: 34705 | I15: 6218647 | J15: 218195 | K15: 2685642 | L15: 3547 | M15: 0 | N15: 2039922 | Q15: 408471 | R15: 1095.935 | S15: 490.333 | T15: 3894.299 | U15: 362787 | V15: 66907 | W15: 55182 | X15: 31649 | Y15: 4359
A16: =A15+1 -> 44816 | B16: 46 | C16: 78 | D16: 2020450 | E16: 2066496 | F16: 342194 | G16: 7996851 | H16: 34705 | I16: 6221164 | J16: 219226 | K16: 2686290 | L16: 3257 | M16: 0 | N16: 2041390 | Q16: 408585 | R16: 1097.191 | S16: 490.39 | T16: 3894.628 | U16: 362880 | V16: 67002 | W16: 55190 | X16: 31650 | Y16: 4367
A17: =A16+1 -> 44817 | B17: 42 | C17: 62 | D17: 2028465 | E17: 2067992 | F17: 342249 | G17: 7998710 | H17: 34705 | I17: 6223323 | J17: 220128 | K17: 2687005 | L17: 3139 | M17: 1035 | N17: 2042868 | Q17: 408701 | R17: 1097.318 | S17: 490.397 | T17: 3894.699 | U17: 362948 | V17: 67073 | W17: 55197 | X17: 31650 | Y17: 4372
A18: =A17+1 -> 44818 | B18: 46 | C18: 69 | D18: 2033837 | E18: 2069915 | F18: 342533 | G18: 8000690 | H18: 34705 | I18: 6225640 | J18: 221079 | K18: 2687203 | L18: 2278 | M18: 2919 | N18: 2044851 | Q18: 408805 | R18: 1097.373 | S18: 409.4 | T18: 3894.746 | U18: 363009 | V18: 67135 | W18: 55204 | X18: 31651 | Y18: 4377
A19: =A18+1 -> 44819 | B19: 69 | C19: 99 | D19: 2038477 | E19: 2073154 | F19: 342816 | G19: 8002669 | H19: 34705 | I19: 6227950 | J19: 222032 | K19: 2687203 | L19: 2238 | M19: 2538 | N19: 2046721 | Q19: 408910 | R19: 1097.386 | S19: 409.4 | T19: 3894.812 | U19: 363082 | V19: 67210 | W19: 55212 | X19: 31657 | Y19: 4380
A20: =A19+1 -> 44820 | B20: 78 | C20: 134 | D20: 2043121 | E20: 2074724 | F20: 342864 | G20: 8004735 | H20: 34705 | I20: 6230290 | J20: 223007 | K20: 2687204 | L20: 2382 | M20: 2924 | N20: 2048992 | Q20: 409015 | R20: 1097.408 | S20: 409.4 | T20: 3894.812 | U20: 363155 | V20: 67287 | W20: 55221 | X20: 31657 | Y20: 4390
A21: =A20+1 -> 44821 | B21: 121 | C21: 202 | D21: 2047187 | E21: 2078665 | F21: 343373 | G21: 8006799 | H21: 34705 | I21: 6232911 | J21: 224217 | K21: 2687205 | L21: 2276 | M21: 2923 | N21: 2050941 | Q21: 409192 | R21: 1097.775 | S21: 409.4 | T21: 3894.812 | U21: 363228 | V21: 67362 | W21: 55228 | X21: 31658 | Y21: 4396
A22: =A21+1 -> 44822 | B22: 134 | C22: 177 | D22: 2051155 | E22: 2080510 | F22: 343415 | G22: 8008695 | H22: 34705 | I22: 6235765 | J22: 225549 | K22: 2687205 | L22: 2991 | M22: 2925 | N22: 2053202 | Q22: 409316 | R22: 1097.793 | S22: 409.4 | T22: 3894.835 | U22: 363310 | V22: 67445 | W22: 55235 | X22: 31660 | Y22: 4403
... A33: =A32+1 -> 44833 | B33: 124 | C33: 152 | D33: 2114834 | E33: 2105745 | F33: 344937 | G33: 8032218 | H33: 34816 | I33: 6263159 | J33: 237379 | K33: 2691888 | L33: 3523 | M33: 2924 | N33: 2073289 | Q33: 410739 | R33: 1100.519 | S33: 490.454 | T33: 3895.536 | U33: 364221 | V33: 68382 | W33: 55322 | X33: 31683 | Y33: 4483
A34: =A33+1 -> 44834 | B34: 51 | C34: 99 | D34: 2119011 | E34: 2107570 | F34: 344937 | G34: 8034594 | H34: 34816 | I34: 6265558 | J34: 238345 | K34: 2691890 | L34: 2785 | M34: 2923 | N34: 2075705 | O34: 50520 | P34: 354865 | Q34: 410888 | R34: 1101.517 | S34: 490.454 | T34: 3895.536 | U34: 364318 | V34: 68480 | W34: 55333 | X34: 31684 | Y34: 4492
N36: =SUM(N34-N4) -> 48353 | O36: =SUM(O34-O4) -> 343.825 | P36: =SUM(P34-P4) -> 2253.31 | Q36: =SUM(Q34-Q4) -> 4107
