Workbook

Sheet Total Daily 
A1: Site Name | B1: Day | C1: Month | D1: Year | E1: Total Electricity Kwh | F1: Electricity Tariff ($/Kwh) | G1: LPG (Kg) | H1: LPG $/Kg | I1: District Energy Cooling Kwh | J1: District Energy Cooling $/Kwh | K1: Water Utility Supply (m3) m3 | L1: Water Utility Supply (m3) m3 | M1: Water Utility Supply (m3) $/m3 | N1: Room Nights
A2: Dubai DIFC | B2: 1 | C2: 10 | D2: 2022 | E2: ='10 - 2022'!B8-'10 - 2022'!B7+'10 - 2022'!C8-'10 - 2022'!C7 -> 10457 | F2: 0.118 | G2: ='10 - 2022'!D8-'10 - 2022'!D7+'10 - 2022'!E8-'10 - 2022'!E7 -> 26.45 | H2: 0.99 | I2: ='10 - 2022'!J8-'10 - 2022'!J7 -> 36706 | J2: 0.081 | K2: ='10 - 2022'!H8-'10 - 2022'!H7 -> 0 | L2: ='10 - 2022'!I8-'10 - 2022'!I7 -> 114 | M2: 4.3936294 | N2: 71
A3: Dubai DIFC | B3: =B2+1 -> 2 | C3: 10 | D3: 2022 | E3: ='10 - 2022'!B9-'10 - 2022'!B8+'10 - 2022'!C9-'10 - 2022'!C8 -> 10011 | F3: 0.118 | G3: ='10 - 2022'!D9-'10 - 2022'!D8+'10 - 2022'!E9-'10 - 2022'!E8 -> 24.93 | H3: 0.99 | I3: ='10 - 2022'!J9-'10 - 2022'!J8 -> 36658 | J3: 0.081 | K3: ='10 - 2022'!H9-'10 - 2022'!H8 -> 0 | L3: ='10 - 2022'!I9-'10 - 2022'!I8 -> 124 | M3: 4.3936294 | N3: 51
A4: Dubai DIFC | B4: =B3+1 -> 3 | C4: 10 | D4: 2022 | E4: ='10 - 2022'!B10-'10 - 2022'!B9+'10 - 2022'!C10-'10 - 2022'!C9 -> 10082 | F4: 0.118 | G4: ='10 - 2022'!D10-'10 - 2022'!D9+'10 - 2022'!E10-'10 - 2022'!E9 -> 22.79 | H4: 0.99 | I4: ='10 - 2022'!J10-'10 - 2022'!J9 -> 36816 | J4: 0.081 | K4: ='10 - 2022'!H10-'10 - 2022'!H9 -> 0 | L4: ='10 - 2022'!I10-'10 - 2022'!I9 -> 113 | M4: 4.3936294 | N4: 55
A5: Dubai DIFC | B5: =B4+1 -> 4 | C5: 10 | D5: 2022 | E5: ='10 - 2022'!B11-'10 - 2022'!B10+'10 - 2022'!C11-'10 - 2022'!C10 -> 10097 | F5: 0.118 | G5: ='10 - 2022'!D11-'10 - 2022'!D10+'10 - 2022'!E11-'10 - 2022'!E10 -> 26.17 | H5: 0.99 | I5: ='10 - 2022'!J11-'10 - 2022'!J10 -> 36661 | J5: 0.081 | K5: ='10 - 2022'!H11-'10 - 2022'!H10 -> 0 | L5: ='10 - 2022'!I11-'10 - 2022'!I10 -> 104 | M5: 4.3936294 | N5: 68
A6: Dubai DIFC | B6: =B5+1 -> 5 | C6: 10 | D6: 2022 | E6: ='10 - 2022'!B12-'10 - 2022'!B11+'10 - 2022'!C12-'10 - 2022'!C11 -> 10078 | F6: 0.118 | G6: ='10 - 2022'!D12-'10 - 2022'!D11+'10 - 2022'!E12-'10 - 2022'!E11 -> 25.59 | H6: 0.99 | I6: ='10 - 2022'!J12-'10 - 2022'!J11 -> 31980 | J6: 0.081 | K6: ='10 - 2022'!H12-'10 - 2022'!H11 -> 0 | L6: ='10 - 2022'!I12-'10 - 2022'!I11 -> 113 | M6: 4.3936294 | N6: 83
A7: Dubai DIFC | B7: =B6+1 -> 6 | C7: 10 | D7: 2022 | E7: ='10 - 2022'!B13-'10 - 2022'!B12+'10 - 2022'!C13-'10 - 2022'!C12 -> 10408 | F7: 0.118 | G7: ='10 - 2022'!D13-'10 - 2022'!D12+'10 - 2022'!E13-'10 - 2022'!E12 -> 24.71 | H7: 0.99 | I7: ='10 - 2022'!J13-'10 - 2022'!J12 -> 35946 | J7: 0.081 | K7: ='10 - 2022'!H13-'10 - 2022'!H12 -> 0 | L7: ='10 - 2022'!I13-'10 - 2022'!I12 -> 101 | M7: 4.3936294 | N7: 86
A8: Dubai DIFC | B8: =B7+1 -> 7 | C8: 10 | D8: 2022 | E8: ='10 - 2022'!B14-'10 - 2022'!B13+'10 - 2022'!C14-'10 - 2022'!C13 -> 10329 | F8: 0.118 | G8: ='10 - 2022'!D14-'10 - 2022'!D13+'10 - 2022'!E14-'10 - 2022'!E13 -> 28.07 | H8: 0.99 | I8: ='10 - 2022'!J14-'10 - 2022'!J13 -> 38376 | J8: 0.081 | K8: ='10 - 2022'!H14-'10 - 2022'!H13 -> 0 | L8: ='10 - 2022'!I14-'10 - 2022'!I13 -> 118 | M8: 4.3936294 | N8: 93
A9: Dubai DIFC | B9: =B8+1 -> 8 | C9: 10 | D9: 2022 | E9: ='10 - 2022'!B15-'10 - 2022'!B14+'10 - 2022'!C15-'10 - 2022'!C14 -> 10341 | F9: 0.118 | G9: ='10 - 2022'!D15-'10 - 2022'!D14+'10 - 2022'!E15-'10 - 2022'!E14 -> 27.07 | H9: 0.99 | I9: ='10 - 2022'!J15-'10 - 2022'!J14 -> 30779 | J9: 0.081 | K9: ='10 - 2022'!H15-'10 - 2022'!H14 -> 0 | L9: ='10 - 2022'!I15-'10 - 2022'!I14 -> 114 | M9: 4.3936294 | N9: 75
A10: Dubai DIFC | B10: =B9+1 -> 9 | C10: 10 | D10: 2022 | E10: ='10 - 2022'!B16-'10 - 2022'!B15+'10 - 2022'!C16-'10 - 2022'!C15 -> 10133 | F10: 0.118 | G10: ='10 - 2022'!D16-'10 - 2022'!D15+'10 - 2022'!E16-'10 - 2022'!E15 -> 26.88 | H10: 0.99 | I10: ='10 - 2022'!J16-'10 - 2022'!J15 -> 28242 | J10: 0.081 | K10: ='10 - 2022'!H16-'10 - 2022'!H15 -> 0 | L10: ='10 - 2022'!I16-'10 - 2022'!I15 -> 125 | M10: 4.3936294 | N10: 76
A11: Dubai DIFC | B11: =B10+1 -> 10 | C11: 10 | D11: 2022 | E11: ='10 - 2022'!B17-'10 - 2022'!B16+'10 - 2022'!C17-'10 - 2022'!C16 -> 10009 | F11: 0.118 | G11: ='10 - 2022'!D17-'10 - 2022'!D16+'10 - 2022'!E17-'10 - 2022'!E16 -> 25.19 | H11: 0.99 | I11: ='10 - 2022'!J17-'10 - 2022'!J16 -> 29193 | J11: 0.081 | K11: ='10 - 2022'!H17-'10 - 2022'!H16 -> 0 | L11: ='10 - 2022'!I17-'10 - 2022'!I16 -> 112 | M11: 4.3936294 | N11: 84
A12: Dubai DIFC | B12: =B11+1 -> 11 | C12: 10 | D12: 2022 | E12: ='10 - 2022'!B18-'10 - 2022'!B17+'10 - 2022'!C18-'10 - 2022'!C17 -> 10195 | F12: 0.118 | G12: ='10 - 2022'!D18-'10 - 2022'!D17+'10 - 2022'!E18-'10 - 2022'!E17 -> 28.09 | H12: 0.99 | I12: ='10 - 2022'!J18-'10 - 2022'!J17 -> 30500 | J12: 0.081 | K12: ='10 - 2022'!H18-'10 - 2022'!H17 -> 0 | L12: ='10 - 2022'!I18-'10 - 2022'!I17 -> 123 | M12: 4.3936294 | N12: 96
A13: Dubai DIFC | B13: =B12+1 -> 12 | C13: 10 | D13: 2022 | E13: 0 | F13: 0.118 | G13: 0 | H13: 0.99 | I13: 0 | J13: 0.081 | K13: ='10 - 2022'!H19-'10 - 2022'!H18 -> 0 | L13: 0 | M13: 4.3936294
A14: Dubai DIFC | B14: =B13+1 -> 13 | C14: 10 | D14: 2022 | E14: ='10 - 2022'!B20-'10 - 2022'!B19+'10 - 2022'!C20-'10 - 2022'!C19 -> 0 | F14: 0.118 | G14: ='10 - 2022'!D20-'10 - 2022'!D19+'10 - 2022'!E20-'10 - 2022'!E19 -> 0 | H14: 0.99 | I14: ='10 - 2022'!J20-'10 - 2022'!J19 -> 0 | J14: 0.081 | K14: ='10 - 2022'!H20-'10 - 2022'!H19 -> 0 | L14: ='10 - 2022'!I20-'10 - 2022'!I19 -> 0 | M14: 4.3936294
A15: Dubai DIFC | B15: =B14+1 -> 14 | C15: 10 | D15: 2022 | E15: ='10 - 2022'!B21-'10 - 2022'!B20+'10 - 2022'!C21-'10 - 2022'!C20 -> 0 | F15: 0.118 | G15: ='10 - 2022'!D21-'10 - 2022'!D20+'10 - 2022'!E21-'10 - 2022'!E20 -> 0 | H15: 0.99 | I15: ='10 - 2022'!J21-'10 - 2022'!J20 -> 0 | J15: 0.081 | K15: ='10 - 2022'!H21-'10 - 2022'!H20 -> 0 | L15: ='10 - 2022'!I21-'10 - 2022'!I20 -> 0 | M15: 4.3936294
A16: Dubai DIFC | B16: =B15+1 -> 15 | C16: 10 | D16: 2022 | E16: ='10 - 2022'!B22-'10 - 2022'!B21+'10 - 2022'!C22-'10 - 2022'!C21 -> 0 | F16: 0.118 | G16: ='10 - 2022'!D22-'10 - 2022'!D21+'10 - 2022'!E22-'10 - 2022'!E21 -> 0 | H16: 0.99 | I16: ='10 - 2022'!J22-'10 - 2022'!J21 -> 0 | J16: 0.081 | K16: ='10 - 2022'!H22-'10 - 2022'!H21 -> 0 | L16: ='10 - 2022'!I22-'10 - 2022'!I21 -> 0 | M16: 4.3936294
A17: Dubai DIFC | B17: =B16+1 -> 16 | C17: 10 | D17: 2022 | E17: ='10 - 2022'!B23-'10 - 2022'!B22+'10 - 2022'!C23-'10 - 2022'!C22 -> 0 | F17: 0.118 | G17: ='10 - 2022'!D23-'10 - 2022'!D22+'10 - 2022'!E23-'10 - 2022'!E22 -> 0 | H17: 0.99 | I17: ='10 - 2022'!J23-'10 - 2022'!J22 -> 0 | J17: 0.081 | K17: ='10 - 2022'!H23-'10 - 2022'!H22 -> 0 | L17: ='10 - 2022'!I23-'10 - 2022'!I22 -> 0 | M17: 4.3936294
A18: Dubai DIFC | B18: =B17+1 -> 17 | C18: 10 | D18: 2022 | E18: ='10 - 2022'!B24-'10 - 2022'!B23+'10 - 2022'!C24-'10 - 2022'!C23 -> 0 | F18: 0.118 | G18: ='10 - 2022'!D24-'10 - 2022'!D23+'10 - 2022'!E24-'10 - 2022'!E23 -> 0 | H18: 0.99 | I18: ='10 - 2022'!J24-'10 - 2022'!J23 -> 0 | J18: 0.081 | K18: ='10 - 2022'!H24-'10 - 2022'!H23 -> 0 | L18: ='10 - 2022'!I24-'10 - 2022'!I23 -> 0 | M18: 4.3936294
A19: Dubai DIFC | B19: =B18+1 -> 18 | C19: 10 | D19: 2022 | E19: ='10 - 2022'!B25-'10 - 2022'!B24+'10 - 2022'!C25-'10 - 2022'!C24 -> 0 | F19: 0.118 | G19: ='10 - 2022'!D25-'10 - 2022'!D24+'10 - 2022'!E25-'10 - 2022'!E24 -> 0 | H19: 0.99 | I19: ='10 - 2022'!J25-'10 - 2022'!J24 -> 0 | J19: 0.081 | K19: ='10 - 2022'!H25-'10 - 2022'!H24 -> 0 | L19: ='10 - 2022'!I25-'10 - 2022'!I24 -> 0 | M19: 4.3936294
A20: Dubai DIFC | B20: =B19+1 -> 19 | C20: 10 | D20: 2022 | E20: ='10 - 2022'!B26-'10 - 2022'!B25+'10 - 2022'!C26-'10 - 2022'!C25 -> 0 | F20: 0.118 | G20: ='10 - 2022'!D26-'10 - 2022'!D25+'10 - 2022'!E26-'10 - 2022'!E25 -> 0 | H20: 0.99 | I20: ='10 - 2022'!J26-'10 - 2022'!J25 -> 0 | J20: 0.081 | K20: ='10 - 2022'!H26-'10 - 2022'!H25 -> 0 | L20: ='10 - 2022'!I26-'10 - 2022'!I25 -> 0 | M20: 4.3936294
A21: Dubai DIFC | B21: =B20+1 -> 20 | C21: 10 | D21: 2022 | E21: ='10 - 2022'!B27-'10 - 2022'!B26+'10 - 2022'!C27-'10 - 2022'!C26 -> 0 | F21: 0.118 | G21: ='10 - 2022'!D27-'10 - 2022'!D26+'10 - 2022'!E27-'10 - 2022'!E26 -> 0 | H21: 0.99 | I21: ='10 - 2022'!J27-'10 - 2022'!J26 -> 0 | J21: 0.081 | K21: ='10 - 2022'!H27-'10 - 2022'!H26 -> 0 | L21: ='10 - 2022'!I27-'10 - 2022'!I26 -> 0 | M21: 4.3936294
A22: Dubai DIFC | B22: =B21+1 -> 21 | C22: 10 | D22: 2022 | E22: ='10 - 2022'!B28-'10 - 2022'!B27+'10 - 2022'!C28-'10 - 2022'!C27 -> 0 | F22: 0.118 | G22: ='10 - 2022'!D28-'10 - 2022'!D27+'10 - 2022'!E28-'10 - 2022'!E27 -> 0 | H22: 0.99 | I22: ='10 - 2022'!J28-'10 - 2022'!J27 -> 0 | J22: 0.081 | K22: ='10 - 2022'!H28-'10 - 2022'!H27 -> 0 | L22: ='10 - 2022'!I28-'10 - 2022'!I27 -> 0 | M22: 4.3936294
A23: Dubai DIFC | B23: =B22+1 -> 22 | C23: 10 | D23: 2022 | E23: ='10 - 2022'!B29-'10 - 2022'!B28+'10 - 2022'!C29-'10 - 2022'!C28 -> 0 | F23: 0.118 | G23: ='10 - 2022'!D29-'10 - 2022'!D28+'10 - 2022'!E29-'10 - 2022'!E28 -> 0 | H23: 0.99 | I23: ='10 - 2022'!J29-'10 - 2022'!J28 -> 0 | J23: 0.081 | K23: ='10 - 2022'!H29-'10 - 2022'!H28 -> 0 | L23: ='10 - 2022'!I29-'10 - 2022'!I28 -> 0 | M23: 4.3936294
A24: Dubai DIFC | B24: =B23+1 -> 23 | C24: 10 | D24: 2022 | E24: ='10 - 2022'!B30-'10 - 2022'!B29+'10 - 2022'!C30-'10 - 2022'!C29 -> 0 | F24: 0.118 | G24: ='10 - 2022'!D30-'10 - 2022'!D29+'10 - 2022'!E30-'10 - 2022'!E29 -> 0 | H24: 0.99 | I24: ='10 - 2022'!J30-'10 - 2022'!J29 -> 0 | J24: 0.081 | K24: ='10 - 2022'!H30-'10 - 2022'!H29 -> 0 | L24: ='10 - 2022'!I30-'10 - 2022'!I29 -> 0 | M24: 4.3936294
A25: Dubai DIFC | B25: =B24+1 -> 24 | C25: 10 | D25: 2022 | E25: ='10 - 2022'!B31-'10 - 2022'!B30+'10 - 2022'!C31-'10 - 2022'!C30 -> 0 | F25: 0.118 | G25: ='10 - 2022'!D31-'10 - 2022'!D30+'10 - 2022'!E31-'10 - 2022'!E30 -> 0 | H25: 0.99 | I25: ='10 - 2022'!J31-'10 - 2022'!J30 -> 0 | J25: 0.081 | K25: ='10 - 2022'!H31-'10 - 2022'!H30 -> 0 | L25: ='10 - 2022'!I31-'10 - 2022'!I30 -> 0 | M25: 4.3936294
... A32: Dubai DIFC | B32: =B31+1 -> 31 | C32: 10 | D32: 2022 | E32: ='10 - 2022'!B38-'10 - 2022'!B37+'10 - 2022'!C38-'10 - 2022'!C37 -> 0 | F32: 0.118 | G32: ='10 - 2022'!D38-'10 - 2022'!D37+'10 - 2022'!E38-'10 - 2022'!E37 -> 0 | H32: 0.99 | I32: ='10 - 2022'!J38-'10 - 2022'!J37 -> 0 | J32: 0.081 | K32: ='10 - 2022'!H38-'10 - 2022'!H37 -> 0 | L32: ='10 - 2022'!I38-'10 - 2022'!I37 -> 0 | M32: 4.3936294

Sheet Submetering Daily 
A1: Site Name | B1: Day | C1: Month | D1: Year | E1: Panel LV1 Kwh | F1: Panel LV2 Kwh | G1: Electricity Tariff ($/Kwh) | H1: Main Kitchen LPG (Kg) | I1: Podium Kitchen LPG (Kg) | J1: Boiler LPG (Kg) | K1: LPG $/Kg | L1: Room Nights
A2: Dubai DIFC | B2: 1 | C2: 10 | D2: 2022 | E2: ='10 - 2022'!B8-'10 - 2022'!B7 -> 4191 | F2: ='10 - 2022'!C8-'10 - 2022'!C7 -> 6266 | G2: 0.118 | H2: ='10 - 2022'!E8-'10 - 2022'!E7 -> 26.51 | I2: ='10 - 2022'!F8-'10 - 2022'!F7 -> 10.79 | J2: ='10 - 2022'!G8-'10 - 2022'!G7 -> 33.32 | K2: 0.74 | L2: 71
A3: Dubai DIFC | B3: =B2+1 -> 2 | C3: 10 | D3: 2022 | E3: ='10 - 2022'!B9-'10 - 2022'!B8 -> 3981 | F3: ='10 - 2022'!C9-'10 - 2022'!C8 -> 6030 | G3: 0.118 | H3: ='10 - 2022'!E9-'10 - 2022'!E8 -> 25.01 | I3: ='10 - 2022'!F9-'10 - 2022'!F8 -> 9.07 | J3: ='10 - 2022'!G9-'10 - 2022'!G8 -> 26.86 | K3: 0.74 | L3: 51
A4: Dubai DIFC | B4: =B3+1 -> 3 | C4: 10 | D4: 2022 | E4: ='10 - 2022'!B10-'10 - 2022'!B9 -> 4030 | F4: ='10 - 2022'!C10-'10 - 2022'!C9 -> 6052 | G4: 0.118 | H4: ='10 - 2022'!E10-'10 - 2022'!E9 -> 22.87 | I4: ='10 - 2022'!F10-'10 - 2022'!F9 -> 10.31 | J4: ='10 - 2022'!G10-'10 - 2022'!G9 -> 27.93 | K4: 0.74 | L4: 55
A5: Dubai DIFC | B5: =B4+1 -> 4 | C5: 10 | D5: 2022 | E5: ='10 - 2022'!B11-'10 - 2022'!B10 -> 4118 | F5: ='10 - 2022'!C11-'10 - 2022'!C10 -> 5979 | G5: 0.118 | H5: ='10 - 2022'!E11-'10 - 2022'!E10 -> 25.73 | I5: ='10 - 2022'!F11-'10 - 2022'!F10 -> 9.54 | J5: ='10 - 2022'!G11-'10 - 2022'!G10 -> 28.08 | K5: 0.74 | L5: 68
A6: Dubai DIFC | B6: =B5+1 -> 5 | C6: 10 | D6: 2022 | E6: ='10 - 2022'!B12-'10 - 2022'!B11 -> 4166 | F6: ='10 - 2022'!C12-'10 - 2022'!C11 -> 5912 | G6: 0.118 | H6: ='10 - 2022'!E12-'10 - 2022'!E11 -> 25.66 | I6: ='10 - 2022'!F12-'10 - 2022'!F11 -> 11.55 | J6: ='10 - 2022'!G12-'10 - 2022'!G11 -> 31.57 | K6: 0.74 | L6: 83
A7: Dubai DIFC | B7: =B6+1 -> 6 | C7: 10 | D7: 2022 | E7: ='10 - 2022'!B13-'10 - 2022'!B12 -> 4299 | F7: ='10 - 2022'!C13-'10 - 2022'!C12 -> 6109 | G7: 0.118 | H7: ='10 - 2022'!E13-'10 - 2022'!E12 -> 24.78 | I7: ='10 - 2022'!F13-'10 - 2022'!F12 -> 11.44 | J7: ='10 - 2022'!G13-'10 - 2022'!G12 -> 29.6 | K7: 0.74 | L7: 86
A8: Dubai DIFC | B8: =B7+1 -> 7 | C8: 10 | D8: 2022 | E8: ='10 - 2022'!B14-'10 - 2022'!B13 -> 4194 | F8: ='10 - 2022'!C14-'10 - 2022'!C13 -> 6135 | G8: 0.118 | H8: ='10 - 2022'!E14-'10 - 2022'!E13 -> 28.16 | I8: ='10 - 2022'!F14-'10 - 2022'!F13 -> 10.61 | J8: ='10 - 2022'!G14-'10 - 2022'!G13 -> 31.05 | K8: 0.74 | L8: 93
A9: Dubai DIFC | B9: =B8+1 -> 8 | C9: 10 | D9: 2022 | E9: ='10 - 2022'!B15-'10 - 2022'!B14 -> 4226 | F9: ='10 - 2022'!C15-'10 - 2022'!C14 -> 6115 | G9: 0.118 | H9: ='10 - 2022'!E15-'10 - 2022'!E14 -> 27.15 | I9: ='10 - 2022'!F15-'10 - 2022'!F14 -> 10.94 | J9: ='10 - 2022'!G15-'10 - 2022'!G14 -> 30.88 | K9: 0.74 | L9: 75
A10: Dubai DIFC | B10: =B9+1 -> 9 | C10: 10 | D10: 2022 | E10: ='10 - 2022'!B16-'10 - 2022'!B15 -> 4145 | F10: ='10 - 2022'!C16-'10 - 2022'!C15 -> 5988 | G10: 0.118 | H10: ='10 - 2022'!E16-'10 - 2022'!E15 -> 26.96 | I10: ='10 - 2022'!F16-'10 - 2022'!F15 -> 10.51 | J10: ='10 - 2022'!G16-'10 - 2022'!G15 -> 29.87 | K10: 0.74 | L10: 76
A11: Dubai DIFC | B11: =B10+1 -> 10 | C11: 10 | D11: 2022 | E11: ='10 - 2022'!B17-'10 - 2022'!B16 -> 4156 | F11: ='10 - 2022'!C17-'10 - 2022'!C16 -> 5853 | G11: 0.118 | H11: ='10 - 2022'!E17-'10 - 2022'!E16 -> 25.26 | I11: ='10 - 2022'!F17-'10 - 2022'!F16 -> 10.7 | J11: ='10 - 2022'!G17-'10 - 2022'!G16 -> 29.58 | K11: 0.74 | L11: 84
A12: Dubai DIFC | B12: =B11+1 -> 11 | C12: 10 | D12: 2022 | E12: ='10 - 2022'!B18-'10 - 2022'!B17 -> 4168 | F12: ='10 - 2022'!C18-'10 - 2022'!C17 -> 6027 | G12: 0.118 | H12: ='10 - 2022'!E18-'10 - 2022'!E17 -> 27.49 | I12: ='10 - 2022'!F18-'10 - 2022'!F17 -> 10.79 | J12: ='10 - 2022'!G18-'10 - 2022'!G17 -> 30.87 | K12: 0.74 | L12: 96
A13: Dubai DIFC | B13: =B12+1 -> 12 | C13: 10 | D13: 2022 | E13: 0 | F13: 0 | G13: 0.118 | H13: 0 | I13: 0 | J13: 0 | K13: 0.74
A14: Dubai DIFC | B14: =B13+1 -> 13 | C14: 10 | D14: 2022 | E14: ='10 - 2022'!B20-'10 - 2022'!B19 -> 0 | F14: ='10 - 2022'!C20-'10 - 2022'!C19 -> 0 | G14: 0.118 | H14: ='10 - 2022'!E20-'10 - 2022'!E19 -> 0 | I14: ='10 - 2022'!F20-'10 - 2022'!F19 -> 0 | J14: ='10 - 2022'!G20-'10 - 2022'!G19 -> 0 | K14: 0.74
A15: Dubai DIFC | B15: =B14+1 -> 14 | C15: 10 | D15: 2022 | E15: ='10 - 2022'!B21-'10 - 2022'!B20 -> 0 | F15: ='10 - 2022'!C21-'10 - 2022'!C20 -> 0 | G15: 0.118 | H15: ='10 - 2022'!E21-'10 - 2022'!E20 -> 0 | I15: ='10 - 2022'!F21-'10 - 2022'!F20 -> 0 | J15: ='10 - 2022'!G21-'10 - 2022'!G20 -> 0 | K15: 0.74
A16: Dubai DIFC | B16: =B15+1 -> 15 | C16: 10 | D16: 2022 | E16: ='10 - 2022'!B22-'10 - 2022'!B21 -> 0 | F16: ='10 - 2022'!C22-'10 - 2022'!C21 -> 0 | G16: 0.118 | H16: ='10 - 2022'!E22-'10 - 2022'!E21 -> 0 | I16: ='10 - 2022'!F22-'10 - 2022'!F21 -> 0 | J16: ='10 - 2022'!G22-'10 - 2022'!G21 -> 0 | K16: 0.74
A17: Dubai DIFC | B17: =B16+1 -> 16 | C17: 10 | D17: 2022 | E17: ='10 - 2022'!B23-'10 - 2022'!B22 -> 0 | F17: ='10 - 2022'!C23-'10 - 2022'!C22 -> 0 | G17: 0.118 | H17: ='10 - 2022'!E23-'10 - 2022'!E22 -> 0 | I17: ='10 - 2022'!F23-'10 - 2022'!F22 -> 0 | J17: ='10 - 2022'!G23-'10 - 2022'!G22 -> 0 | K17: 0.74
A18: Dubai DIFC | B18: =B17+1 -> 17 | C18: 10 | D18: 2022 | E18: ='10 - 2022'!B24-'10 - 2022'!B23 -> 0 | F18: ='10 - 2022'!C24-'10 - 2022'!C23 -> 0 | G18: 0.118 | H18: ='10 - 2022'!E24-'10 - 2022'!E23 -> 0 | I18: ='10 - 2022'!F24-'10 - 2022'!F23 -> 0 | J18: ='10 - 2022'!G24-'10 - 2022'!G23 -> 0 | K18: 0.74
A19: Dubai DIFC | B19: =B18+1 -> 18 | C19: 10 | D19: 2022 | E19: ='10 - 2022'!B25-'10 - 2022'!B24 -> 0 | F19: ='10 - 2022'!C25-'10 - 2022'!C24 -> 0 | G19: 0.118 | H19: ='10 - 2022'!E25-'10 - 2022'!E24 -> 0 | I19: ='10 - 2022'!F25-'10 - 2022'!F24 -> 0 | J19: ='10 - 2022'!G25-'10 - 2022'!G24 -> 0 | K19: 0.74
A20: Dubai DIFC | B20: =B19+1 -> 19 | C20: 10 | D20: 2022 | E20: ='10 - 2022'!B26-'10 - 2022'!B25 -> 0 | F20: ='10 - 2022'!C26-'10 - 2022'!C25 -> 0 | G20: 0.118 | H20: ='10 - 2022'!E26-'10 - 2022'!E25 -> 0 | I20: ='10 - 2022'!F26-'10 - 2022'!F25 -> 0 | J20: ='10 - 2022'!G26-'10 - 2022'!G25 -> 0 | K20: 0.74
A21: Dubai DIFC | B21: =B20+1 -> 20 | C21: 10 | D21: 2022 | E21: ='10 - 2022'!B27-'10 - 2022'!B26 -> 0 | F21: ='10 - 2022'!C27-'10 - 2022'!C26 -> 0 | G21: 0.118 | H21: ='10 - 2022'!E27-'10 - 2022'!E26 -> 0 | I21: ='10 - 2022'!F27-'10 - 2022'!F26 -> 0 | J21: ='10 - 2022'!G27-'10 - 2022'!G26 -> 0 | K21: 0.74
A22: Dubai DIFC | B22: =B21+1 -> 21 | C22: 10 | D22: 2022 | E22: ='10 - 2022'!B28-'10 - 2022'!B27 -> 0 | F22: ='10 - 2022'!C28-'10 - 2022'!C27 -> 0 | G22: 0.118 | H22: ='10 - 2022'!E28-'10 - 2022'!E27 -> 0 | I22: ='10 - 2022'!F28-'10 - 2022'!F27 -> 0 | J22: ='10 - 2022'!G28-'10 - 2022'!G27 -> 0 | K22: 0.74
A23: Dubai DIFC | B23: =B22+1 -> 22 | C23: 10 | D23: 2022 | E23: ='10 - 2022'!B29-'10 - 2022'!B28 -> 0 | F23: ='10 - 2022'!C29-'10 - 2022'!C28 -> 0 | G23: 0.118 | H23: ='10 - 2022'!E29-'10 - 2022'!E28 -> 0 | I23: ='10 - 2022'!F29-'10 - 2022'!F28 -> 0 | J23: ='10 - 2022'!G29-'10 - 2022'!G28 -> 0 | K23: 0.74
A24: Dubai DIFC | B24: =B23+1 -> 23 | C24: 10 | D24: 2022 | E24: ='10 - 2022'!B30-'10 - 2022'!B29 -> 0 | F24: ='10 - 2022'!C30-'10 - 2022'!C29 -> 0 | G24: 0.118 | H24: ='10 - 2022'!E30-'10 - 2022'!E29 -> 0 | I24: ='10 - 2022'!F30-'10 - 2022'!F29 -> 0 | J24: ='10 - 2022'!G30-'10 - 2022'!G29 -> 0 | K24: 0.74
A25: Dubai DIFC | B25: =B24+1 -> 24 | C25: 10 | D25: 2022 | E25: ='10 - 2022'!B31-'10 - 2022'!B30 -> 0 | F25: ='10 - 2022'!C31-'10 - 2022'!C30 -> 0 | G25: 0.118 | H25: ='10 - 2022'!E31-'10 - 2022'!E30 -> 0 | I25: ='10 - 2022'!F31-'10 - 2022'!F30 -> 0 | J25: ='10 - 2022'!G31-'10 - 2022'!G30 -> 0 | K25: 0.74
... A32: Dubai DIFC | B32: =B31+1 -> 31 | C32: 10 | D32: 2022 | E32: ='10 - 2022'!B38-'10 - 2022'!B37 -> 0 | F32: ='10 - 2022'!C38-'10 - 2022'!C37 -> 0 | G32: 0.118 | H32: ='10 - 2022'!E38-'10 - 2022'!E37 -> 0 | I32: ='10 - 2022'!F38-'10 - 2022'!F37 -> 0 | J32: ='10 - 2022'!G38-'10 - 2022'!G37 -> 0 | K32: 0.74

Sheet 10 - 2022
A3: FOUR SEASONS HOTEL - DIFC
A4: HLP READING MONTH OF OCTOBER' 2022
B5: Electricity | D5: LPG (cu.m) | H5: Water (cu.m) | J5: BTU
A6: Date | B6: LV-01, 2025952759 | C6: LV-2, 2030235407 | D6: Main Meter % | E6: Main Kitchen | F6: Podium Kitchen | G6: Boiler | H6: B-3 Water Meter (DIFC) | I6: MainWater Meter (DEWA) | J6: Chilled Water (KWH) | K6: Gas Received (Litres) | L6: Remark
A7: 44469 | B7: 607535 | C7: 619102 | D7: 0.43 | E7: 4899.52 | F7: 3353.46 | G7: 46094 | H7: 14528 | I7: 172426 | J7: 60150987
A8: =A7+1 -> 44470 | B8: 611726 | C8: 625368 | D8: 0.37 | E8: 4926.03 | F8: 3364.25 | G8: 46127.32 | H8: 14528 | I8: 172540 | J8: 60187693
A9: =A8+1 -> 44471 | B9: 615707 | C9: 631398 | D9: 0.29 | E9: 4951.04 | F9: 3373.32 | G9: 46154.18 | H9: 14528 | I9: 172664 | J9: 60224351
A10: =A9+1 -> 44472 | B10: 619737 | C10: 637450 | D10: 0.21 | E10: 4973.91 | F10: 3383.63 | G10: 46182.11 | H10: 14528 | I10: 172777 | J10: 60261167
A11: =A10+1 -> 44473 | B11: 623855 | C11: 643429 | D11: 0.65 | E11: 4999.64 | F11: 3393.17 | G11: 46210.19 | H11: 14528 | I11: 172881 | J11: 60297828
A12: =A11+1 -> 44474 | B12: 628021 | C12: 649341 | D12: 0.58 | E12: 5025.3 | F12: 3404.72 | G12: 46241.76 | H12: 14528 | I12: 172994 | J12: 60329808
A13: =A12+1 -> 44475 | B13: 632320 | C13: 655450 | D13: 0.51 | E13: 5050.08 | F13: 3416.16 | G13: 46271.36 | H13: 14528 | I13: 173095 | J13: 60365754
A14: =A13+1 -> 44476 | B14: 636514 | C14: 661585 | D14: 0.42 | E14: 5078.24 | F14: 3426.77 | G14: 46302.41 | H14: 14528 | I14: 173213 | J14: 60404130
A15: =A14+1 -> 44477 | B15: 640740 | C15: 667700 | D15: 0.34 | E15: 5105.39 | F15: 3437.71 | G15: 46333.29 | H15: 14528 | I15: 173327 | J15: 60434909
A16: =A15+1 -> 44478 | B16: 644885 | C16: 673688 | D16: 0.26 | E16: 5132.35 | F16: 3448.22 | G16: 46363.16 | H16: 14528 | I16: 173452 | J16: 60463151
A17: =A16+1 -> 44479 | B17: 649041 | C17: 679541 | D17: 0.19 | E17: 5157.61 | F17: 3458.92 | G17: 46392.74 | H17: 14528 | I17: 173564 | J17: 60492344
A18: =A17+1 -> 44480 | B18: 653209 | C18: 685568 | D18: 0.79 | E18: 5185.1 | F18: 3469.71 | G18: 46423.61 | H18: 14528 | I18: 173687 | J18: 60522844
A19: =A18+1 -> 44481 | H19: 14528
A20: =A19+1 -> 44482 | H20: 14528
A21: =A20+1 -> 44483 | H21: 14528
A22: =A21+1 -> 44484 | H22: 14528
A23: =A22+1 -> 44485 | H23: 14528
A24: =A23+1 -> 44486 | H24: 14528
A25: =A24+1 -> 44487 | H25: 14528
A26: =A25+1 -> 44488 | H26: 14528
A27: =A26+1 -> 44489 | H27: 14528
A28: =A27+1 -> 44490 | H28: 14528
A29: =A28+1 -> 44491 | H29: 14528
A30: =A29+1 -> 44492 | H30: 14528
... A38: =A37+1 -> 44500 | H38: 14528
A39: Readings | B39: =B38-B7 -> -607535 | C39: =C38-C7 -> -619102 | E39: =E38-E7 -> -4899.52 | F39: =F38-F7 -> -3353.46 | G39: =G38-G7 -> -46094 | H39: =H38-H7 -> 0 | I39: =I38-I7 -> -172426 | J39: =J38-J7 -> -60150987 | K39: =SUM(K7:K38) -> 0
H40: =H39*219.969 -> 0 | I40: =I39*219.969 -> -37928375
H41: for IG unit
B42: =B32-B10 -> -619737 | C42: =C32-C10 -> -637450 | E42: =E32-#REF! -> #REF! | F42: =F32-F10 -> -3383.63 | G42: =G32-G10 -> -46182.11 | H42: =H32-H10 -> 0 | I42: =I32-I10 -> -172777 | J42: =J32-J10 -> -60261167
I43: =I42*219.969 -> -38005584 | J43: 768611
C44: =C42+B42 -> -1257187 | I44: 450276.54
