Workbook

Sheet TOTAL
A1: Site Name | B1: Day | C1: Month | D1: Year | E1: Total Electricity Kwh | F1: Electricity Tariff ($/Kwh) | G1: Natual Gas (m3) | H1: Natural Gas $/m3 | I1: Water Utility Supply (m3) m3 | J1: Water Utility Supply (m3) $/m3 | K1: Room Nights | L1: Total Guests
A2: London at Park Lane | B2: 1 | C2: 10 | D2: 2022 | E2: =Submetering!E2+Submetering!F2+Submetering!G2 -> 3586 | F2: =((Submetering!E2+Submetering!F2)*0.11+Submetering!G2*0.0302)/TOTAL!E2 -> 0.0302 | G2: =Submetering!AC2 -> 1492 | H2: 0.255129 | I2: =Submetering!Y2+Submetering!Z2 -> 0 | J2: 2.3196173 | K2: =Submetering!AE2 -> 149 | L2: =Submetering!AF2 -> 230
A3: London at Park Lane | B3: =B2+1 -> 2 | C3: 10 | D3: 2022 | E3: =Submetering!E3+Submetering!F3+Submetering!G3 -> 3298 | F3: =((Submetering!E3+Submetering!F3)*0.11+Submetering!G3*0.0302)/TOTAL!E3 -> 0.0302 | G3: =Submetering!AC3 -> 1340 | H3: 0.255129 | I3: =Submetering!Y3+Submetering!Z3 -> 0 | J3: 2.3196173 | K3: =Submetering!AE3 -> 158 | L3: =Submetering!AF3 -> 243
A4: London at Park Lane | B4: =B3+1 -> 3 | C4: 10 | D4: 2022 | E4: =Submetering!E4+Submetering!F4+Submetering!G4 -> 4148 | F4: =((Submetering!E4+Submetering!F4)*0.11+Submetering!G4*0.0302)/TOTAL!E4 -> 0.0302 | G4: =Submetering!AC4 -> 1773 | H4: 0.255129 | I4: =Submetering!Y4+Submetering!Z4 -> 0 | J4: 2.3196173 | K4: =Submetering!AE4 -> 165 | L4: =Submetering!AF4 -> 233
A5: London at Park Lane | B5: =B4+1 -> 4 | C5: 10 | D5: 2022 | E5: =Submetering!E5+Submetering!F5+Submetering!G5 -> 4005 | F5: =((Submetering!E5+Submetering!F5)*0.11+Submetering!G5*0.0302)/TOTAL!E5 -> 0.0302 | G5: =Submetering!AC5 -> 1667 | H5: 0.255129 | I5: =Submetering!Y5+Submetering!Z5 -> 0 | J5: 2.3196173 | K5: =Submetering!AE5 -> 180 | L5: =Submetering!AF5 -> 254
A6: London at Park Lane | B6: =B5+1 -> 5 | C6: 10 | D6: 2022 | E6: =Submetering!E6+Submetering!F6+Submetering!G6 -> 3646 | F6: =((Submetering!E6+Submetering!F6)*0.11+Submetering!G6*0.0302)/TOTAL!E6 -> 0.0302 | G6: =Submetering!AC6 -> 1654 | H6: 0.255129 | I6: =Submetering!Y6+Submetering!Z6 -> 0 | J6: 2.3196173 | K6: =Submetering!AE6 -> 156 | L6: =Submetering!AF6 -> 226
A7: London at Park Lane | B7: =B6+1 -> 6 | C7: 10 | D7: 2022 | E7: =Submetering!E7+Submetering!F7+Submetering!G7 -> 3720 | F7: =((Submetering!E7+Submetering!F7)*0.11+Submetering!G7*0.0302)/TOTAL!E7 -> 0.0302 | G7: =Submetering!AC7 -> 1274 | H7: 0.255129 | I7: =Submetering!Y7+Submetering!Z7 -> 0 | J7: 2.3196173 | K7: =Submetering!AE7 -> 157 | L7: =Submetering!AF7 -> 241
A8: London at Park Lane | B8: =B7+1 -> 7 | C8: 10 | D8: 2022 | E8: =Submetering!E8+Submetering!F8+Submetering!G8 -> 3809 | F8: =((Submetering!E8+Submetering!F8)*0.11+Submetering!G8*0.0302)/TOTAL!E8 -> 0.0302 | G8: =Submetering!AC8 -> 2041 | H8: 0.255129 | I8: =Submetering!Y8+Submetering!Z8 -> 0 | J8: 2.3196173 | K8: =Submetering!AE8 -> 162 | L8: =Submetering!AF8 -> 262
A9: London at Park Lane | B9: =B8+1 -> 8 | C9: 10 | D9: 2022 | E9: =Submetering!E9+Submetering!F9+Submetering!G9 -> 3533 | F9: =((Submetering!E9+Submetering!F9)*0.11+Submetering!G9*0.0302)/TOTAL!E9 -> 0.0302 | G9: =Submetering!AC9 -> 1720 | H9: 0.255129 | I9: =Submetering!Y9+Submetering!Z9 -> 0 | J9: 2.3196173 | K9: =Submetering!AE9 -> 179 | L9: =Submetering!AF9 -> 307
A10: London at Park Lane | B10: =B9+1 -> 9 | C10: 10 | D10: 2022 | E10: =Submetering!E10+Submetering!F10+Submetering!G10 -> 3747 | F10: =((Submetering!E10+Submetering!F10)*0.11+Submetering!G10*0.0302)/TOTAL!E10 -> 0.0302 | G10: =Submetering!AC10 -> 1606 | H10: 0.255129 | I10: =Submetering!Y10+Submetering!Z10 -> 0 | J10: 2.3196173 | K10: =Submetering!AE10 -> 169 | L10: =Submetering!AF10 -> 294
A11: London at Park Lane | B11: =B10+1 -> 10 | C11: 10 | D11: 2022 | E11: =Submetering!E11+Submetering!F11+Submetering!G11 -> 3859 | F11: =((Submetering!E11+Submetering!F11)*0.11+Submetering!G11*0.0302)/TOTAL!E11 -> 0.0302 | G11: =Submetering!AC11 -> 1665 | H11: 0.255129 | I11: =Submetering!Y11+Submetering!Z11 -> 0 | J11: 2.3196173 | K11: =Submetering!AE11 -> 157 | L11: =Submetering!AF11 -> 252
A12: London at Park Lane | B12: =B11+1 -> 11 | C12: 10 | D12: 2022 | E12: =Submetering!E12+Submetering!F12+Submetering!G12 -> 4096 | F12: =((Submetering!E12+Submetering!F12)*0.11+Submetering!G12*0.0302)/TOTAL!E12 -> 0.0302 | G12: =Submetering!AC12 -> 1928 | H12: 0.255129 | I12: =Submetering!Y12+Submetering!Z12 -> 0 | J12: 2.3196173 | K12: =Submetering!AE12 -> 145 | L12: =Submetering!AF12 -> 230
A13: London at Park Lane | B13: =B12+1 -> 12 | C13: 10 | D13: 2022 | E13: =Submetering!E13+Submetering!F13+Submetering!G13 -> 7551 | F13: =((Submetering!E13+Submetering!F13)*0.11+Submetering!G13*0.0302)/TOTAL!E13 -> 0.0302 | G13: =Submetering!AC13 -> 3378 | H13: 0.255129 | I13: =Submetering!Y13+Submetering!Z13 -> 0 | J13: 2.3196173 | K13: =Submetering!AE13 -> 161 | L13: =Submetering!AF13 -> 246
A14: London at Park Lane | B14: =B13+1 -> 13 | C14: 10 | D14: 2022 | E14: =Submetering!E14+Submetering!F14+Submetering!G14 -> 3548 | F14: =((Submetering!E14+Submetering!F14)*0.11+Submetering!G14*0.0302)/TOTAL!E14 -> 0.0302 | G14: =Submetering!AC14 -> 1624 | H14: 0.255129 | I14: =Submetering!Y14+Submetering!Z14 -> 0 | J14: 2.3196173 | K14: =Submetering!AE14 -> 156 | L14: =Submetering!AF14 -> 229
... A32: London at Park Lane | B32: =B31+1 -> 31 | C32: 10 | D32: 2022 | E32: =Submetering!E32+Submetering!F32+Submetering!G32 -> 0 | F32: =((Submetering!E32+Submetering!F32)*0.11+Submetering!G32*0.0302)/TOTAL!E32 -> #DIV/0! | G32: =Submetering!AC32 -> 0 | H32: 0.255129 | I32: =Submetering!Y32+Submetering!Z32 -> 0 | J32: 2.3196173 | K32: =Submetering!AE32 -> 0 | L32: =Submetering!AF32 -> 0

Sheet Submetering
A1: Site Name | B1: Day | C1: Month | D1: Year | E1: LV Panel 1 KWh | F1: LV Panel 2 KWh | G1: CHP KWh | H1: MCC9 KWh | I1: GF Panel KWh | J1: Kitchen Switch. KWh | K1: Kitchen Panel KWh | L1: MCC3 (AHU) KWh | M1: MCC8 KWh | N1: 1st Floor Plan (KWh) | O1: MCC6(1st floor AHU) KWh | P1: Chiller 1 KWh | Q1: Chiller 2 KWh | R1: MCC 10 (Mechanical Services) KWh | S1: MCC2 CHW KWh | T1: MCC7 (Kitchen) KWh | U1: MCC 5 (Mechanical services) KWh | V1: MCC 4 (Water Services) KWh | W1: MCC1 (KWh) | X1: Laundry db KWh | Y1: City Water 1 m3 | Z1: City Water 2 m3 | AA1: Laundry CW m3 | AB1: Laundry HW m3 | AC1: Natural Gas m3 | AD1: CHP Natural Gas m3 | AE1: Room Nights | AF1: Total Guests
A2: London at Park Lane | B2: 1 | C2: 10 | D2: 2022 | E2: =IF(('FSLPL Daily '!C4-'FSLPL Daily '!C3<0), "0",'FSLPL Daily '!C4-'FSLPL Daily '!C3) -> 0 | F2: =IF(('FSLPL Daily '!E4-'FSLPL Daily '!E3<0), "0",'FSLPL Daily '!E4-'FSLPL Daily '!E3) -> 0 | G2: =IF(('FSLPL Daily '!G4-'FSLPL Daily '!G3<0), "0",'FSLPL Daily '!G4-'FSLPL Daily '!G3) -> 3586 | H2: =IF(('FSLPL Daily '!I4-'FSLPL Daily '!I3<0), "0",'FSLPL Daily '!I4-'FSLPL Daily '!I3) -> 0 | I2: =IF(('FSLPL Daily '!K4-'FSLPL Daily '!K3<0), "0",'FSLPL Daily '!K4-'FSLPL Daily '!K3) -> 0 | J2: =IF(('FSLPL Daily '!M4-'FSLPL Daily '!M3<0), "0",'FSLPL Daily '!M4-'FSLPL Daily '!M3) -> 0 | K2: =IF(('FSLPL Daily '!O4-'FSLPL Daily '!O3<0), "0",'FSLPL Daily '!O4-'FSLPL Daily '!O3) -> 0 | L2: =IF(('FSLPL Daily '!Q4-'FSLPL Daily '!Q3<0), "0",'FSLPL Daily '!Q4-'FSLPL Daily '!Q3) -> 0 | M2: =IF(('FSLPL Daily '!S4-'FSLPL Daily '!S3<0), "0",'FSLPL Daily '!S4-'FSLPL Daily '!S3) -> 0 | N2: =IF(('FSLPL Daily '!U4-'FSLPL Daily '!U3<0), "0",'FSLPL Daily '!U4-'FSLPL Daily '!U3) -> 0 | O2: =IF(('FSLPL Daily '!W4-'FSLPL Daily '!W3<0), "0",'FSLPL Daily '!W4-'FSLPL Daily '!W3) -> 0 | P2: =IF(('FSLPL Daily '!Y4-'FSLPL Daily '!Y3<0), "0",'FSLPL Daily '!Y4-'FSLPL Daily '!Y3) -> 0 | Q2: =IF(('FSLPL Daily '!AA4-'FSLPL Daily '!AA3<0), "0",'FSLPL Daily '!AA4-'FSLPL Daily '!AA3) -> 0 | R2: =IF(('FSLPL Daily '!AC4-'FSLPL Daily '!AC3<0), "0",'FSLPL Daily '!AC4-'FSLPL Daily '!AC3) -> 0 | S2: =IF(('FSLPL Daily '!AE4-'FSLPL Daily '!AE3<0), "0",'FSLPL Daily '!AE4-'FSLPL Daily '!AE3) -> 0 | T2: =IF(('FSLPL Daily '!AG4-'FSLPL Daily '!AG3<0), "0",'FSLPL Daily '!AG4-'FSLPL Daily '!AG3) -> 0 | U2: =IF(('FSLPL Daily '!AI4-'FSLPL Daily '!AI3<0), "0",'FSLPL Daily '!AI4-'FSLPL Daily '!AI3) -> 0 | V2: =IF(('FSLPL Daily '!AK4-'FSLPL Daily '!AK3<0), "0",'FSLPL Daily '!AK4-'FSLPL Daily '!AK3) -> 0 | W2: =IF(('FSLPL Daily '!AM4-'FSLPL Daily '!AM3<0), "0",'FSLPL Daily '!AM4-'FSLPL Daily '!AM3) -> 0 | X2: =IF(('FSLPL Daily '!AO4-'FSLPL Daily '!AO3<0), "0",'FSLPL Daily '!AO4-'FSLPL Daily '!AO3) -> 0 | Y2: ='FSLPL Daily '!AS4 -> 0 | Z2: ='FSLPL Daily '!AU4 -> 0 | AA2: =IF(('FSLPL Daily '!AV4-'FSLPL Daily '!AV3<0), "0",'FSLPL Daily '!AV4-'FSLPL Daily '!AV3) -> #VALUE! | AB2: =IF(('FSLPL Daily '!AX4-'FSLPL Daily '!AX3<0), "0",'FSLPL Daily '!AX4-'FSLPL Daily '!AX3) -> #VALUE! | AC2: =IF(('FSLPL Daily '!AZ4-'FSLPL Daily '!AZ3<0), "0",'FSLPL Daily '!AZ4-'FSLPL Daily '!AZ3) -> 1492 | AD2: =IF(('FSLPL Daily '!BB4-'FSLPL Daily '!BB3<0), "0",'FSLPL Daily '!BB4-'FSLPL Daily '!BB3) -> 1147 | AE2: ='FSLPL Daily '!BD4 -> 149 | AF2: ='FSLPL Daily '!BE4 -> 230
A3: London at Park Lane | B3: =B2+1 -> 2 | C3: 10 | D3: 2022 | E3: =IF(('FSLPL Daily '!C5-'FSLPL Daily '!C4<0), "0",'FSLPL Daily '!C5-'FSLPL Daily '!C4) -> 0 | F3: =IF(('FSLPL Daily '!E5-'FSLPL Daily '!E4<0), "0",'FSLPL Daily '!E5-'FSLPL Daily '!E4) -> 0 | G3: =IF(('FSLPL Daily '!G5-'FSLPL Daily '!G4<0), "0",'FSLPL Daily '!G5-'FSLPL Daily '!G4) -> 3298 | H3: =IF(('FSLPL Daily '!I5-'FSLPL Daily '!I4<0), "0",'FSLPL Daily '!I5-'FSLPL Daily '!I4) -> 0 | I3: =IF(('FSLPL Daily '!K5-'FSLPL Daily '!K4<0), "0",'FSLPL Daily '!K5-'FSLPL Daily '!K4) -> 0 | J3: =IF(('FSLPL Daily '!M5-'FSLPL Daily '!M4<0), "0",'FSLPL Daily '!M5-'FSLPL Daily '!M4) -> 0 | K3: =IF(('FSLPL Daily '!O5-'FSLPL Daily '!O4<0), "0",'FSLPL Daily '!O5-'FSLPL Daily '!O4) -> 0 | L3: =IF(('FSLPL Daily '!Q5-'FSLPL Daily '!Q4<0), "0",'FSLPL Daily '!Q5-'FSLPL Daily '!Q4) -> 0 | M3: =IF(('FSLPL Daily '!S5-'FSLPL Daily '!S4<0), "0",'FSLPL Daily '!S5-'FSLPL Daily '!S4) -> 0 | N3: =IF(('FSLPL Daily '!U5-'FSLPL Daily '!U4<0), "0",'FSLPL Daily '!U5-'FSLPL Daily '!U4) -> 0 | O3: =IF(('FSLPL Daily '!W5-'FSLPL Daily '!W4<0), "0",'FSLPL Daily '!W5-'FSLPL Daily '!W4) -> 0 | P3: =IF(('FSLPL Daily '!Y5-'FSLPL Daily '!Y4<0), "0",'FSLPL Daily '!Y5-'FSLPL Daily '!Y4) -> 0 | Q3: =IF(('FSLPL Daily '!AA5-'FSLPL Daily '!AA4<0), "0",'FSLPL Daily '!AA5-'FSLPL Daily '!AA4) -> 0 | R3: =IF(('FSLPL Daily '!AC5-'FSLPL Daily '!AC4<0), "0",'FSLPL Daily '!AC5-'FSLPL Daily '!AC4) -> 0 | S3: =IF(('FSLPL Daily '!AE5-'FSLPL Daily '!AE4<0), "0",'FSLPL Daily '!AE5-'FSLPL Daily '!AE4) -> 0 | T3: =IF(('FSLPL Daily '!AG5-'FSLPL Daily '!AG4<0), "0",'FSLPL Daily '!AG5-'FSLPL Daily '!AG4) -> 0 | U3: =IF(('FSLPL Daily '!AI5-'FSLPL Daily '!AI4<0), "0",'FSLPL Daily '!AI5-'FSLPL Daily '!AI4) -> 0 | V3: =IF(('FSLPL Daily '!AK5-'FSLPL Daily '!AK4<0), "0",'FSLPL Daily '!AK5-'FSLPL Daily '!AK4) -> 0 | W3: =IF(('FSLPL Daily '!AM5-'FSLPL Daily '!AM4<0), "0",'FSLPL Daily '!AM5-'FSLPL Daily '!AM4) -> 0 | X3: =IF(('FSLPL Daily '!AO5-'FSLPL Daily '!AO4<0), "0",'FSLPL Daily '!AO5-'FSLPL Daily '!AO4) -> 0 | Y3: ='FSLPL Daily '!AS5 -> 0 | Z3: ='FSLPL Daily '!AU5 -> 0 | AA3: =IF(('FSLPL Daily '!AV5-'FSLPL Daily '!AV4<0), "0",'FSLPL Daily '!AV5-'FSLPL Daily '!AV4) -> 14 | AB3: =IF(('FSLPL Daily '!AX5-'FSLPL Daily '!AX4<0), "0",'FSLPL Daily '!AX5-'FSLPL Daily '!AX4) -> 2 | AC3: =IF(('FSLPL Daily '!AZ5-'FSLPL Daily '!AZ4<0), "0",'FSLPL Daily '!AZ5-'FSLPL Daily '!AZ4) -> 1340 | AD3: =IF(('FSLPL Daily '!BB5-'FSLPL Daily '!BB4<0), "0",'FSLPL Daily '!BB5-'FSLPL Daily '!BB4) -> 1051 | AE3: ='FSLPL Daily '!BD5 -> 158 | AF3: ='FSLPL Daily '!BE5 -> 243
A4: London at Park Lane | B4: =B3+1 -> 3 | C4: 10 | D4: 2022 | E4: =IF(('FSLPL Daily '!C6-'FSLPL Daily '!C5<0), "0",'FSLPL Daily '!C6-'FSLPL Daily '!C5) -> 0 | F4: =IF(('FSLPL Daily '!E6-'FSLPL Daily '!E5<0), "0",'FSLPL Daily '!E6-'FSLPL Daily '!E5) -> 0 | G4: =IF(('FSLPL Daily '!G6-'FSLPL Daily '!G5<0), "0",'FSLPL Daily '!G6-'FSLPL Daily '!G5) -> 4148 | H4: =IF(('FSLPL Daily '!I6-'FSLPL Daily '!I5<0), "0",'FSLPL Daily '!I6-'FSLPL Daily '!I5) -> 0 | I4: =IF(('FSLPL Daily '!K6-'FSLPL Daily '!K5<0), "0",'FSLPL Daily '!K6-'FSLPL Daily '!K5) -> 0 | J4: =IF(('FSLPL Daily '!M6-'FSLPL Daily '!M5<0), "0",'FSLPL Daily '!M6-'FSLPL Daily '!M5) -> 0 | K4: =IF(('FSLPL Daily '!O6-'FSLPL Daily '!O5<0), "0",'FSLPL Daily '!O6-'FSLPL Daily '!O5) -> 0 | L4: =IF(('FSLPL Daily '!Q6-'FSLPL Daily '!Q5<0), "0",'FSLPL Daily '!Q6-'FSLPL Daily '!Q5) -> 0 | M4: =IF(('FSLPL Daily '!S6-'FSLPL Daily '!S5<0), "0",'FSLPL Daily '!S6-'FSLPL Daily '!S5) -> 0 | N4: =IF(('FSLPL Daily '!U6-'FSLPL Daily '!U5<0), "0",'FSLPL Daily '!U6-'FSLPL Daily '!U5) -> 0 | O4: =IF(('FSLPL Daily '!W6-'FSLPL Daily '!W5<0), "0",'FSLPL Daily '!W6-'FSLPL Daily '!W5) -> 0 | P4: =IF(('FSLPL Daily '!Y6-'FSLPL Daily '!Y5<0), "0",'FSLPL Daily '!Y6-'FSLPL Daily '!Y5) -> 0 | Q4: =IF(('FSLPL Daily '!AA6-'FSLPL Daily '!AA5<0), "0",'FSLPL Daily '!AA6-'FSLPL Daily '!AA5) -> 0 | R4: =IF(('FSLPL Daily '!AC6-'FSLPL Daily '!AC5<0), "0",'FSLPL Daily '!AC6-'FSLPL Daily '!AC5) -> 0 | S4: =IF(('FSLPL Daily '!AE6-'FSLPL Daily '!AE5<0), "0",'FSLPL Daily '!AE6-'FSLPL Daily '!AE5) -> 0 | T4: =IF(('FSLPL Daily '!AG6-'FSLPL Daily '!AG5<0), "0",'FSLPL Daily '!AG6-'FSLPL Daily '!AG5) -> 0 | U4: =IF(('FSLPL Daily '!AI6-'FSLPL Daily '!AI5<0), "0",'FSLPL Daily '!AI6-'FSLPL Daily '!AI5) -> 0 | V4: =IF(('FSLPL Daily '!AK6-'FSLPL Daily '!AK5<0), "0",'FSLPL Daily '!AK6-'FSLPL Daily '!AK5) -> 0 | W4: =IF(('FSLPL Daily '!AM6-'FSLPL Daily '!AM5<0), "0",'FSLPL Daily '!AM6-'FSLPL Daily '!AM5) -> 0 | X4: =IF(('FSLPL Daily '!AO6-'FSLPL Daily '!AO5<0), "0",'FSLPL Daily '!AO6-'FSLPL Daily '!AO5) -> 0 | Y4: ='FSLPL Daily '!AS6 -> 0 | Z4: ='FSLPL Daily '!AU6 -> 0 | AA4: =IF(('FSLPL Daily '!AV6-'FSLPL Daily '!AV5<0), "0",'FSLPL Daily '!AV6-'FSLPL Daily '!AV5) -> 21 | AB4: =IF(('FSLPL Daily '!AX6-'FSLPL Daily '!AX5<0), "0",'FSLPL Daily '!AX6-'FSLPL Daily '!AX5) -> 3 | AC4: =IF(('FSLPL Daily '!AZ6-'FSLPL Daily '!AZ5<0), "0",'FSLPL Daily '!AZ6-'FSLPL Daily '!AZ5) -> 1773 | AD4: =IF(('FSLPL Daily '!BB6-'FSLPL Daily '!BB5<0), "0",'FSLPL Daily '!BB6-'FSLPL Daily '!BB5) -> 1311 | AE4: ='FSLPL Daily '!BD6 -> 165 | AF4: ='FSLPL Daily '!BE6 -> 233
A5: London at Park Lane | B5: =B4+1 -> 4 | C5: 10 | D5: 2022 | E5: =IF(('FSLPL Daily '!C7-'FSLPL Daily '!C6<0), "0",'FSLPL Daily '!C7-'FSLPL Daily '!C6) -> 0 | F5: =IF(('FSLPL Daily '!E7-'FSLPL Daily '!E6<0), "0",'FSLPL Daily '!E7-'FSLPL Daily '!E6) -> 0 | G5: =IF(('FSLPL Daily '!G7-'FSLPL Daily '!G6<0), "0",'FSLPL Daily '!G7-'FSLPL Daily '!G6) -> 4005 | H5: =IF(('FSLPL Daily '!I7-'FSLPL Daily '!I6<0), "0",'FSLPL Daily '!I7-'FSLPL Daily '!I6) -> 0 | I5: =IF(('FSLPL Daily '!K7-'FSLPL Daily '!K6<0), "0",'FSLPL Daily '!K7-'FSLPL Daily '!K6) -> 0 | J5: =IF(('FSLPL Daily '!M7-'FSLPL Daily '!M6<0), "0",'FSLPL Daily '!M7-'FSLPL Daily '!M6) -> 0 | K5: =IF(('FSLPL Daily '!O7-'FSLPL Daily '!O6<0), "0",'FSLPL Daily '!O7-'FSLPL Daily '!O6) -> 0 | L5: =IF(('FSLPL Daily '!Q7-'FSLPL Daily '!Q6<0), "0",'FSLPL Daily '!Q7-'FSLPL Daily '!Q6) -> 0 | M5: =IF(('FSLPL Daily '!S7-'FSLPL Daily '!S6<0), "0",'FSLPL Daily '!S7-'FSLPL Daily '!S6) -> 0 | N5: =IF(('FSLPL Daily '!U7-'FSLPL Daily '!U6<0), "0",'FSLPL Daily '!U7-'FSLPL Daily '!U6) -> 0 | O5: =IF(('FSLPL Daily '!W7-'FSLPL Daily '!W6<0), "0",'FSLPL Daily '!W7-'FSLPL Daily '!W6) -> 0 | P5: =IF(('FSLPL Daily '!Y7-'FSLPL Daily '!Y6<0), "0",'FSLPL Daily '!Y7-'FSLPL Daily '!Y6) -> 0 | Q5: =IF(('FSLPL Daily '!AA7-'FSLPL Daily '!AA6<0), "0",'FSLPL Daily '!AA7-'FSLPL Daily '!AA6) -> 0 | R5: =IF(('FSLPL Daily '!AC7-'FSLPL Daily '!AC6<0), "0",'FSLPL Daily '!AC7-'FSLPL Daily '!AC6) -> 0 | S5: =IF(('FSLPL Daily '!AE7-'FSLPL Daily '!AE6<0), "0",'FSLPL Daily '!AE7-'FSLPL Daily '!AE6) -> 0 | T5: =IF(('FSLPL Daily '!AG7-'FSLPL Daily '!AG6<0), "0",'FSLPL Daily '!AG7-'FSLPL Daily '!AG6) -> 0 | U5: =IF(('FSLPL Daily '!AI7-'FSLPL Daily '!AI6<0), "0",'FSLPL Daily '!AI7-'FSLPL Daily '!AI6) -> 0 | V5: =IF(('FSLPL Daily '!AK7-'FSLPL Daily '!AK6<0), "0",'FSLPL Daily '!AK7-'FSLPL Daily '!AK6) -> 0 | W5: =IF(('FSLPL Daily '!AM7-'FSLPL Daily '!AM6<0), "0",'FSLPL Daily '!AM7-'FSLPL Daily '!AM6) -> 0 | X5: =IF(('FSLPL Daily '!AO7-'FSLPL Daily '!AO6<0), "0",'FSLPL Daily '!AO7-'FSLPL Daily '!AO6) -> 0 | Y5: ='FSLPL Daily '!AS7 -> 0 | Z5: ='FSLPL Daily '!AU7 -> 0 | AA5: =IF(('FSLPL Daily '!AV7-'FSLPL Daily '!AV6<0), "0",'FSLPL Daily '!AV7-'FSLPL Daily '!AV6) -> 18 | AB5: =IF(('FSLPL Daily '!AX7-'FSLPL Daily '!AX6<0), "0",'FSLPL Daily '!AX7-'FSLPL Daily '!AX6) -> 2 | AC5: =IF(('FSLPL Daily '!AZ7-'FSLPL Daily '!AZ6<0), "0",'FSLPL Daily '!AZ7-'FSLPL Daily '!AZ6) -> 1667 | AD5: =IF(('FSLPL Daily '!BB7-'FSLPL Daily '!BB6<0), "0",'FSLPL Daily '!BB7-'FSLPL Daily '!BB6) -> 1293 | AE5: ='FSLPL Daily '!BD7 -> 180 | AF5: ='FSLPL Daily '!BE7 -> 254
A6: London at Park Lane | B6: =B5+1 -> 5 | C6: 10 | D6: 2022 | E6: =IF(('FSLPL Daily '!C8-'FSLPL Daily '!C7<0), "0",'FSLPL Daily '!C8-'FSLPL Daily '!C7) -> 0 | F6: =IF(('FSLPL Daily '!E8-'FSLPL Daily '!E7<0), "0",'FSLPL Daily '!E8-'FSLPL Daily '!E7) -> 0 | G6: =IF(('FSLPL Daily '!G8-'FSLPL Daily '!G7<0), "0",'FSLPL Daily '!G8-'FSLPL Daily '!G7) -> 3646 | H6: =IF(('FSLPL Daily '!I8-'FSLPL Daily '!I7<0), "0",'FSLPL Daily '!I8-'FSLPL Daily '!I7) -> 0 | I6: =IF(('FSLPL Daily '!K8-'FSLPL Daily '!K7<0), "0",'FSLPL Daily '!K8-'FSLPL Daily '!K7) -> 0 | J6: =IF(('FSLPL Daily '!M8-'FSLPL Daily '!M7<0), "0",'FSLPL Daily '!M8-'FSLPL Daily '!M7) -> 0 | K6: =IF(('FSLPL Daily '!O8-'FSLPL Daily '!O7<0), "0",'FSLPL Daily '!O8-'FSLPL Daily '!O7) -> 0 | L6: =IF(('FSLPL Daily '!Q8-'FSLPL Daily '!Q7<0), "0",'FSLPL Daily '!Q8-'FSLPL Daily '!Q7) -> 0 | M6: =IF(('FSLPL Daily '!S8-'FSLPL Daily '!S7<0), "0",'FSLPL Daily '!S8-'FSLPL Daily '!S7) -> 0 | N6: =IF(('FSLPL Daily '!U8-'FSLPL Daily '!U7<0), "0",'FSLPL Daily '!U8-'FSLPL Daily '!U7) -> 0 | O6: =IF(('FSLPL Daily '!W8-'FSLPL Daily '!W7<0), "0",'FSLPL Daily '!W8-'FSLPL Daily '!W7) -> 0 | P6: =IF(('FSLPL Daily '!Y8-'FSLPL Daily '!Y7<0), "0",'FSLPL Daily '!Y8-'FSLPL Daily '!Y7) -> 0 | Q6: =IF(('FSLPL Daily '!AA8-'FSLPL Daily '!AA7<0), "0",'FSLPL Daily '!AA8-'FSLPL Daily '!AA7) -> 0 | R6: =IF(('FSLPL Daily '!AC8-'FSLPL Daily '!AC7<0), "0",'FSLPL Daily '!AC8-'FSLPL Daily '!AC7) -> 0 | S6: =IF(('FSLPL Daily '!AE8-'FSLPL Daily '!AE7<0), "0",'FSLPL Daily '!AE8-'FSLPL Daily '!AE7) -> 0 | T6: =IF(('FSLPL Daily '!AG8-'FSLPL Daily '!AG7<0), "0",'FSLPL Daily '!AG8-'FSLPL Daily '!AG7) -> 0 | U6: =IF(('FSLPL Daily '!AI8-'FSLPL Daily '!AI7<0), "0",'FSLPL Daily '!AI8-'FSLPL Daily '!AI7) -> 0 | V6: =IF(('FSLPL Daily '!AK8-'FSLPL Daily '!AK7<0), "0",'FSLPL Daily '!AK8-'FSLPL Daily '!AK7) -> 0 | W6: =IF(('FSLPL Daily '!AM8-'FSLPL Daily '!AM7<0), "0",'FSLPL Daily '!AM8-'FSLPL Daily '!AM7) -> 0 | X6: =IF(('FSLPL Daily '!AO8-'FSLPL Daily '!AO7<0), "0",'FSLPL Daily '!AO8-'FSLPL Daily '!AO7) -> 0 | Y6: ='FSLPL Daily '!AS8 -> 0 | Z6: ='FSLPL Daily '!AU8 -> 0 | AA6: =IF(('FSLPL Daily '!AV8-'FSLPL Daily '!AV7<0), "0",'FSLPL Daily '!AV8-'FSLPL Daily '!AV7) -> 17 | AB6: =IF(('FSLPL Daily '!AX8-'FSLPL Daily '!AX7<0), "0",'FSLPL Daily '!AX8-'FSLPL Daily '!AX7) -> 1 | AC6: =IF(('FSLPL Daily '!AZ8-'FSLPL Daily '!AZ7<0), "0",'FSLPL Daily '!AZ8-'FSLPL Daily '!AZ7) -> 1654 | AD6: =IF(('FSLPL Daily '!BB8-'FSLPL Daily '!BB7<0), "0",'FSLPL Daily '!BB8-'FSLPL Daily '!BB7) -> 1187 | AE6: ='FSLPL Daily '!BD8 -> 156 | AF6: ='FSLPL Daily '!BE8 -> 226
A7: London at Park Lane | B7: =B6+1 -> 6 | C7: 10 | D7: 2022 | E7: =IF(('FSLPL Daily '!C9-'FSLPL Daily '!C8<0), "0",'FSLPL Daily '!C9-'FSLPL Daily '!C8) -> 0 | F7: =IF(('FSLPL Daily '!E9-'FSLPL Daily '!E8<0), "0",'FSLPL Daily '!E9-'FSLPL Daily '!E8) -> 0 | G7: =IF(('FSLPL Daily '!G9-'FSLPL Daily '!G8<0), "0",'FSLPL Daily '!G9-'FSLPL Daily '!G8) -> 3720 | H7: =IF(('FSLPL Daily '!I9-'FSLPL Daily '!I8<0), "0",'FSLPL Daily '!I9-'FSLPL Daily '!I8) -> 0 | I7: =IF(('FSLPL Daily '!K9-'FSLPL Daily '!K8<0), "0",'FSLPL Daily '!K9-'FSLPL Daily '!K8) -> 0 | J7: =IF(('FSLPL Daily '!M9-'FSLPL Daily '!M8<0), "0",'FSLPL Daily '!M9-'FSLPL Daily '!M8) -> 0 | K7: =IF(('FSLPL Daily '!O9-'FSLPL Daily '!O8<0), "0",'FSLPL Daily '!O9-'FSLPL Daily '!O8) -> 0 | L7: =IF(('FSLPL Daily '!Q9-'FSLPL Daily '!Q8<0), "0",'FSLPL Daily '!Q9-'FSLPL Daily '!Q8) -> 0 | M7: =IF(('FSLPL Daily '!S9-'FSLPL Daily '!S8<0), "0",'FSLPL Daily '!S9-'FSLPL Daily '!S8) -> 0 | N7: =IF(('FSLPL Daily '!U9-'FSLPL Daily '!U8<0), "0",'FSLPL Daily '!U9-'FSLPL Daily '!U8) -> 0 | O7: =IF(('FSLPL Daily '!W9-'FSLPL Daily '!W8<0), "0",'FSLPL Daily '!W9-'FSLPL Daily '!W8) -> 0 | P7: =IF(('FSLPL Daily '!Y9-'FSLPL Daily '!Y8<0), "0",'FSLPL Daily '!Y9-'FSLPL Daily '!Y8) -> 0 | Q7: =IF(('FSLPL Daily '!AA9-'FSLPL Daily '!AA8<0), "0",'FSLPL Daily '!AA9-'FSLPL Daily '!AA8) -> 0 | R7: =IF(('FSLPL Daily '!AC9-'FSLPL Daily '!AC8<0), "0",'FSLPL Daily '!AC9-'FSLPL Daily '!AC8) -> 0 | S7: =IF(('FSLPL Daily '!AE9-'FSLPL Daily '!AE8<0), "0",'FSLPL Daily '!AE9-'FSLPL Daily '!AE8) -> 0 | T7: =IF(('FSLPL Daily '!AG9-'FSLPL Daily '!AG8<0), "0",'FSLPL Daily '!AG9-'FSLPL Daily '!AG8) -> 0 | U7: =IF(('FSLPL Daily '!AI9-'FSLPL Daily '!AI8<0), "0",'FSLPL Daily '!AI9-'FSLPL Daily '!AI8) -> 0 | V7: =IF(('FSLPL Daily '!AK9-'FSLPL Daily '!AK8<0), "0",'FSLPL Daily '!AK9-'FSLPL Daily '!AK8) -> 0 | W7: =IF(('FSLPL Daily '!AM9-'FSLPL Daily '!AM8<0), "0",'FSLPL Daily '!AM9-'FSLPL Daily '!AM8) -> 0 | X7: =IF(('FSLPL Daily '!AO9-'FSLPL Daily '!AO8<0), "0",'FSLPL Daily '!AO9-'FSLPL Daily '!AO8) -> 0 | Y7: ='FSLPL Daily '!AS9 -> 0 | Z7: ='FSLPL Daily '!AU9 -> 0 | AA7: =IF(('FSLPL Daily '!AV9-'FSLPL Daily '!AV8<0), "0",'FSLPL Daily '!AV9-'FSLPL Daily '!AV8) -> 14 | AB7: =IF(('FSLPL Daily '!AX9-'FSLPL Daily '!AX8<0), "0",'FSLPL Daily '!AX9-'FSLPL Daily '!AX8) -> 3 | AC7: =IF(('FSLPL Daily '!AZ9-'FSLPL Daily '!AZ8<0), "0",'FSLPL Daily '!AZ9-'FSLPL Daily '!AZ8) -> 1274 | AD7: =IF(('FSLPL Daily '!BB9-'FSLPL Daily '!BB8<0), "0",'FSLPL Daily '!BB9-'FSLPL Daily '!BB8) -> 1242 | AE7: ='FSLPL Daily '!BD9 -> 157 | AF7: ='FSLPL Daily '!BE9 -> 241
A8: London at Park Lane | B8: =B7+1 -> 7 | C8: 10 | D8: 2022 | E8: =IF(('FSLPL Daily '!C10-'FSLPL Daily '!C9<0), "0",'FSLPL Daily '!C10-'FSLPL Daily '!C9) -> 0 | F8: =IF(('FSLPL Daily '!E10-'FSLPL Daily '!E9<0), "0",'FSLPL Daily '!E10-'FSLPL Daily '!E9) -> 0 | G8: =IF(('FSLPL Daily '!G10-'FSLPL Daily '!G9<0), "0",'FSLPL Daily '!G10-'FSLPL Daily '!G9) -> 3809 | H8: =IF(('FSLPL Daily '!I10-'FSLPL Daily '!I9<0), "0",'FSLPL Daily '!I10-'FSLPL Daily '!I9) -> 0 | I8: =IF(('FSLPL Daily '!K10-'FSLPL Daily '!K9<0), "0",'FSLPL Daily '!K10-'FSLPL Daily '!K9) -> 0 | J8: =IF(('FSLPL Daily '!M10-'FSLPL Daily '!M9<0), "0",'FSLPL Daily '!M10-'FSLPL Daily '!M9) -> 0 | K8: =IF(('FSLPL Daily '!O10-'FSLPL Daily '!O9<0), "0",'FSLPL Daily '!O10-'FSLPL Daily '!O9) -> 0 | L8: =IF(('FSLPL Daily '!Q10-'FSLPL Daily '!Q9<0), "0",'FSLPL Daily '!Q10-'FSLPL Daily '!Q9) -> 0 | M8: =IF(('FSLPL Daily '!S10-'FSLPL Daily '!S9<0), "0",'FSLPL Daily '!S10-'FSLPL Daily '!S9) -> 0 | N8: =IF(('FSLPL Daily '!U10-'FSLPL Daily '!U9<0), "0",'FSLPL Daily '!U10-'FSLPL Daily '!U9) -> 0 | O8: =IF(('FSLPL Daily '!W10-'FSLPL Daily '!W9<0), "0",'FSLPL Daily '!W10-'FSLPL Daily '!W9) -> 0 | P8: =IF(('FSLPL Daily '!Y10-'FSLPL Daily '!Y9<0), "0",'FSLPL Daily '!Y10-'FSLPL Daily '!Y9) -> 0 | Q8: =IF(('FSLPL Daily '!AA10-'FSLPL Daily '!AA9<0), "0",'FSLPL Daily '!AA10-'FSLPL Daily '!AA9) -> 0 | R8: =IF(('FSLPL Daily '!AC10-'FSLPL Daily '!AC9<0), "0",'FSLPL Daily '!AC10-'FSLPL Daily '!AC9) -> 0 | S8: =IF(('FSLPL Daily '!AE10-'FSLPL Daily '!AE9<0), "0",'FSLPL Daily '!AE10-'FSLPL Daily '!AE9) -> 0 | T8: =IF(('FSLPL Daily '!AG10-'FSLPL Daily '!AG9<0), "0",'FSLPL Daily '!AG10-'FSLPL Daily '!AG9) -> 0 | U8: =IF(('FSLPL Daily '!AI10-'FSLPL Daily '!AI9<0), "0",'FSLPL Daily '!AI10-'FSLPL Daily '!AI9) -> 0 | V8: =IF(('FSLPL Daily '!AK10-'FSLPL Daily '!AK9<0), "0",'FSLPL Daily '!AK10-'FSLPL Daily '!AK9) -> 0 | W8: =IF(('FSLPL Daily '!AM10-'FSLPL Daily '!AM9<0), "0",'FSLPL Daily '!AM10-'FSLPL Daily '!AM9) -> 0 | X8: =IF(('FSLPL Daily '!AO10-'FSLPL Daily '!AO9<0), "0",'FSLPL Daily '!AO10-'FSLPL Daily '!AO9) -> 0 | Y8: ='FSLPL Daily '!AS10 -> 0 | Z8: ='FSLPL Daily '!AU10 -> 0 | AA8: =IF(('FSLPL Daily '!AV10-'FSLPL Daily '!AV9<0), "0",'FSLPL Daily '!AV10-'FSLPL Daily '!AV9) -> 16 | AB8: =IF(('FSLPL Daily '!AX10-'FSLPL Daily '!AX9<0), "0",'FSLPL Daily '!AX10-'FSLPL Daily '!AX9) -> 2 | AC8: =IF(('FSLPL Daily '!AZ10-'FSLPL Daily '!AZ9<0), "0",'FSLPL Daily '!AZ10-'FSLPL Daily '!AZ9) -> 2041 | AD8: =IF(('FSLPL Daily '!BB10-'FSLPL Daily '!BB9<0), "0",'FSLPL Daily '!BB10-'FSLPL Daily '!BB9) -> 1177 | AE8: ='FSLPL Daily '!BD10 -> 162 | AF8: ='FSLPL Daily '!BE10 -> 262
A9: London at Park Lane | B9: =B8+1 -> 8 | C9: 10 | D9: 2022 | E9: =IF(('FSLPL Daily '!C11-'FSLPL Daily '!C10<0), "0",'FSLPL Daily '!C11-'FSLPL Daily '!C10) -> 0 | F9: =IF(('FSLPL Daily '!E11-'FSLPL Daily '!E10<0), "0",'FSLPL Daily '!E11-'FSLPL Daily '!E10) -> 0 | G9: =IF(('FSLPL Daily '!G11-'FSLPL Daily '!G10<0), "0",'FSLPL Daily '!G11-'FSLPL Daily '!G10) -> 3533 | H9: =IF(('FSLPL Daily '!I11-'FSLPL Daily '!I10<0), "0",'FSLPL Daily '!I11-'FSLPL Daily '!I10) -> 0 | I9: =IF(('FSLPL Daily '!K11-'FSLPL Daily '!K10<0), "0",'FSLPL Daily '!K11-'FSLPL Daily '!K10) -> 0 | J9: =IF(('FSLPL Daily '!M11-'FSLPL Daily '!M10<0), "0",'FSLPL Daily '!M11-'FSLPL Daily '!M10) -> 0 | K9: =IF(('FSLPL Daily '!O11-'FSLPL Daily '!O10<0), "0",'FSLPL Daily '!O11-'FSLPL Daily '!O10) -> 0 | L9: =IF(('FSLPL Daily '!Q11-'FSLPL Daily '!Q10<0), "0",'FSLPL Daily '!Q11-'FSLPL Daily '!Q10) -> 0 | M9: =IF(('FSLPL Daily '!S11-'FSLPL Daily '!S10<0), "0",'FSLPL Daily '!S11-'FSLPL Daily '!S10) -> 0 | N9: =IF(('FSLPL Daily '!U11-'FSLPL Daily '!U10<0), "0",'FSLPL Daily '!U11-'FSLPL Daily '!U10) -> 0 | O9: =IF(('FSLPL Daily '!W11-'FSLPL Daily '!W10<0), "0",'FSLPL Daily '!W11-'FSLPL Daily '!W10) -> 0 | P9: =IF(('FSLPL Daily '!Y11-'FSLPL Daily '!Y10<0), "0",'FSLPL Daily '!Y11-'FSLPL Daily '!Y10) -> 0 | Q9: =IF(('FSLPL Daily '!AA11-'FSLPL Daily '!AA10<0), "0",'FSLPL Daily '!AA11-'FSLPL Daily '!AA10) -> 0 | R9: =IF(('FSLPL Daily '!AC11-'FSLPL Daily '!AC10<0), "0",'FSLPL Daily '!AC11-'FSLPL Daily '!AC10) -> 0 | S9: =IF(('FSLPL Daily '!AE11-'FSLPL Daily '!AE10<0), "0",'FSLPL Daily '!AE11-'FSLPL Daily '!AE10) -> 0 | T9: =IF(('FSLPL Daily '!AG11-'FSLPL Daily '!AG10<0), "0",'FSLPL Daily '!AG11-'FSLPL Daily '!AG10) -> 0 | U9: =IF(('FSLPL Daily '!AI11-'FSLPL Daily '!AI10<0), "0",'FSLPL Daily '!AI11-'FSLPL Daily '!AI10) -> 0 | V9: =IF(('FSLPL Daily '!AK11-'FSLPL Daily '!AK10<0), "0",'FSLPL Daily '!AK11-'FSLPL Daily '!AK10) -> 0 | W9: =IF(('FSLPL Daily '!AM11-'FSLPL Daily '!AM10<0), "0",'FSLPL Daily '!AM11-'FSLPL Daily '!AM10) -> 0 | X9: =IF(('FSLPL Daily '!AO11-'FSLPL Daily '!AO10<0), "0",'FSLPL Daily '!AO11-'FSLPL Daily '!AO10) -> 0 | Y9: ='FSLPL Daily '!AS11 -> 0 | Z9: ='FSLPL Daily '!AU11 -> 0 | AA9: =IF(('FSLPL Daily '!AV11-'FSLPL Daily '!AV10<0), "0",'FSLPL Daily '!AV11-'FSLPL Daily '!AV10) -> 18 | AB9: =IF(('FSLPL Daily '!AX11-'FSLPL Daily '!AX10<0), "0",'FSLPL Daily '!AX11-'FSLPL Daily '!AX10) -> 2 | AC9: =IF(('FSLPL Daily '!AZ11-'FSLPL Daily '!AZ10<0), "0",'FSLPL Daily '!AZ11-'FSLPL Daily '!AZ10) -> 1720 | AD9: =IF(('FSLPL Daily '!BB11-'FSLPL Daily '!BB10<0), "0",'FSLPL Daily '!BB11-'FSLPL Daily '!BB10) -> 1130 | AE9: ='FSLPL Daily '!BD11 -> 179 | AF9: ='FSLPL Daily '!BE11 -> 307
A10: London at Park Lane | B10: =B9+1 -> 9 | C10: 10 | D10: 2022 | E10: =IF(('FSLPL Daily '!C12-'FSLPL Daily '!C11<0), "0",'FSLPL Daily '!C12-'FSLPL Daily '!C11) -> 0 | F10: =IF(('FSLPL Daily '!E12-'FSLPL Daily '!E11<0), "0",'FSLPL Daily '!E12-'FSLPL Daily '!E11) -> 0 | G10: =IF(('FSLPL Daily '!G12-'FSLPL Daily '!G11<0), "0",'FSLPL Daily '!G12-'FSLPL Daily '!G11) -> 3747 | H10: =IF(('FSLPL Daily '!I12-'FSLPL Daily '!I11<0), "0",'FSLPL Daily '!I12-'FSLPL Daily '!I11) -> 0 | I10: =IF(('FSLPL Daily '!K12-'FSLPL Daily '!K11<0), "0",'FSLPL Daily '!K12-'FSLPL Daily '!K11) -> 0 | J10: =IF(('FSLPL Daily '!M12-'FSLPL Daily '!M11<0), "0",'FSLPL Daily '!M12-'FSLPL Daily '!M11) -> 0 | K10: =IF(('FSLPL Daily '!O12-'FSLPL Daily '!O11<0), "0",'FSLPL Daily '!O12-'FSLPL Daily '!O11) -> 0 | L10: =IF(('FSLPL Daily '!Q12-'FSLPL Daily '!Q11<0), "0",'FSLPL Daily '!Q12-'FSLPL Daily '!Q11) -> 0 | M10: =IF(('FSLPL Daily '!S12-'FSLPL Daily '!S11<0), "0",'FSLPL Daily '!S12-'FSLPL Daily '!S11) -> 0 | N10: =IF(('FSLPL Daily '!U12-'FSLPL Daily '!U11<0), "0",'FSLPL Daily '!U12-'FSLPL Daily '!U11) -> 0 | O10: =IF(('FSLPL Daily '!W12-'FSLPL Daily '!W11<0), "0",'FSLPL Daily '!W12-'FSLPL Daily '!W11) -> 0 | P10: =IF(('FSLPL Daily '!Y12-'FSLPL Daily '!Y11<0), "0",'FSLPL Daily '!Y12-'FSLPL Daily '!Y11) -> 0 | Q10: =IF(('FSLPL Daily '!AA12-'FSLPL Daily '!AA11<0), "0",'FSLPL Daily '!AA12-'FSLPL Daily '!AA11) -> 0 | R10: =IF(('FSLPL Daily '!AC12-'FSLPL Daily '!AC11<0), "0",'FSLPL Daily '!AC12-'FSLPL Daily '!AC11) -> 0 | S10: =IF(('FSLPL Daily '!AE12-'FSLPL Daily '!AE11<0), "0",'FSLPL Daily '!AE12-'FSLPL Daily '!AE11) -> 0 | T10: =IF(('FSLPL Daily '!AG12-'FSLPL Daily '!AG11<0), "0",'FSLPL Daily '!AG12-'FSLPL Daily '!AG11) -> 0 | U10: =IF(('FSLPL Daily '!AI12-'FSLPL Daily '!AI11<0), "0",'FSLPL Daily '!AI12-'FSLPL Daily '!AI11) -> 0 | V10: =IF(('FSLPL Daily '!AK12-'FSLPL Daily '!AK11<0), "0",'FSLPL Daily '!AK12-'FSLPL Daily '!AK11) -> 0 | W10: =IF(('FSLPL Daily '!AM12-'FSLPL Daily '!AM11<0), "0",'FSLPL Daily '!AM12-'FSLPL Daily '!AM11) -> 0 | X10: =IF(('FSLPL Daily '!AO12-'FSLPL Daily '!AO11<0), "0",'FSLPL Daily '!AO12-'FSLPL Daily '!AO11) -> 0 | Y10: ='FSLPL Daily '!AS12 -> 0 | Z10: ='FSLPL Daily '!AU12 -> 0 | AA10: =IF(('FSLPL Daily '!AV12-'FSLPL Daily '!AV11<0), "0",'FSLPL Daily '!AV12-'FSLPL Daily '!AV11) -> 18 | AB10: =IF(('FSLPL Daily '!AX12-'FSLPL Daily '!AX11<0), "0",'FSLPL Daily '!AX12-'FSLPL Daily '!AX11) -> 2 | AC10: =IF(('FSLPL Daily '!AZ12-'FSLPL Daily '!AZ11<0), "0",'FSLPL Daily '!AZ12-'FSLPL Daily '!AZ11) -> 1606 | AD10: =IF(('FSLPL Daily '!BB12-'FSLPL Daily '!BB11<0), "0",'FSLPL Daily '!BB12-'FSLPL Daily '!BB11) -> 1205 | AE10: ='FSLPL Daily '!BD12 -> 169 | AF10: ='FSLPL Daily '!BE12 -> 294
A11: London at Park Lane | B11: =B10+1 -> 10 | C11: 10 | D11: 2022 | E11: =IF(('FSLPL Daily '!C13-'FSLPL Daily '!C12<0), "0",'FSLPL Daily '!C13-'FSLPL Daily '!C12) -> 0 | F11: =IF(('FSLPL Daily '!E13-'FSLPL Daily '!E12<0), "0",'FSLPL Daily '!E13-'FSLPL Daily '!E12) -> 0 | G11: =IF(('FSLPL Daily '!G13-'FSLPL Daily '!G12<0), "0",'FSLPL Daily '!G13-'FSLPL Daily '!G12) -> 3859 | H11: =IF(('FSLPL Daily '!I13-'FSLPL Daily '!I12<0), "0",'FSLPL Daily '!I13-'FSLPL Daily '!I12) -> 0 | I11: =IF(('FSLPL Daily '!K13-'FSLPL Daily '!K12<0), "0",'FSLPL Daily '!K13-'FSLPL Daily '!K12) -> 0 | J11: =IF(('FSLPL Daily '!M13-'FSLPL Daily '!M12<0), "0",'FSLPL Daily '!M13-'FSLPL Daily '!M12) -> 0 | K11: =IF(('FSLPL Daily '!O13-'FSLPL Daily '!O12<0), "0",'FSLPL Daily '!O13-'FSLPL Daily '!O12) -> 0 | L11: =IF(('FSLPL Daily '!Q13-'FSLPL Daily '!Q12<0), "0",'FSLPL Daily '!Q13-'FSLPL Daily '!Q12) -> 0 | M11: =IF(('FSLPL Daily '!S13-'FSLPL Daily '!S12<0), "0",'FSLPL Daily '!S13-'FSLPL Daily '!S12) -> 0 | N11: =IF(('FSLPL Daily '!U13-'FSLPL Daily '!U12<0), "0",'FSLPL Daily '!U13-'FSLPL Daily '!U12) -> 0 | O11: =IF(('FSLPL Daily '!W13-'FSLPL Daily '!W12<0), "0",'FSLPL Daily '!W13-'FSLPL Daily '!W12) -> 0 | P11: =IF(('FSLPL Daily '!Y13-'FSLPL Daily '!Y12<0), "0",'FSLPL Daily '!Y13-'FSLPL Daily '!Y12) -> 0 | Q11: =IF(('FSLPL Daily '!AA13-'FSLPL Daily '!AA12<0), "0",'FSLPL Daily '!AA13-'FSLPL Daily '!AA12) -> 0 | R11: =IF(('FSLPL Daily '!AC13-'FSLPL Daily '!AC12<0), "0",'FSLPL Daily '!AC13-'FSLPL Daily '!AC12) -> 0 | S11: =IF(('FSLPL Daily '!AE13-'FSLPL Daily '!AE12<0), "0",'FSLPL Daily '!AE13-'FSLPL Daily '!AE12) -> 0 | T11: =IF(('FSLPL Daily '!AG13-'FSLPL Daily '!AG12<0), "0",'FSLPL Daily '!AG13-'FSLPL Daily '!AG12) -> 0 | U11: =IF(('FSLPL Daily '!AI13-'FSLPL Daily '!AI12<0), "0",'FSLPL Daily '!AI13-'FSLPL Daily '!AI12) -> 0 | V11: =IF(('FSLPL Daily '!AK13-'FSLPL Daily '!AK12<0), "0",'FSLPL Daily '!AK13-'FSLPL Daily '!AK12) -> 0 | W11: =IF(('FSLPL Daily '!AM13-'FSLPL Daily '!AM12<0), "0",'FSLPL Daily '!AM13-'FSLPL Daily '!AM12) -> 0 | X11: =IF(('FSLPL Daily '!AO13-'FSLPL Daily '!AO12<0), "0",'FSLPL Daily '!AO13-'FSLPL Daily '!AO12) -> 0 | Y11: ='FSLPL Daily '!AS13 -> 0 | Z11: ='FSLPL Daily '!AU13 -> 0 | AA11: =IF(('FSLPL Daily '!AV13-'FSLPL Daily '!AV12<0), "0",'FSLPL Daily '!AV13-'FSLPL Daily '!AV12) -> 15 | AB11: =IF(('FSLPL Daily '!AX13-'FSLPL Daily '!AX12<0), "0",'FSLPL Daily '!AX13-'FSLPL Daily '!AX12) -> 2 | AC11: =IF(('FSLPL Daily '!AZ13-'FSLPL Daily '!AZ12<0), "0",'FSLPL Daily '!AZ13-'FSLPL Daily '!AZ12) -> 1665 | AD11: =IF(('FSLPL Daily '!BB13-'FSLPL Daily '!BB12<0), "0",'FSLPL Daily '!BB13-'FSLPL Daily '!BB12) -> 1226 | AE11: ='FSLPL Daily '!BD13 -> 157 | AF11: ='FSLPL Daily '!BE13 -> 252
A12: London at Park Lane | B12: =B11+1 -> 11 | C12: 10 | D12: 2022 | E12: =IF(('FSLPL Daily '!C14-'FSLPL Daily '!C13<0), "0",'FSLPL Daily '!C14-'FSLPL Daily '!C13) -> 0 | F12: =IF(('FSLPL Daily '!E14-'FSLPL Daily '!E13<0), "0",'FSLPL Daily '!E14-'FSLPL Daily '!E13) -> 0 | G12: =IF(('FSLPL Daily '!G14-'FSLPL Daily '!G13<0), "0",'FSLPL Daily '!G14-'FSLPL Daily '!G13) -> 4096 | H12: =IF(('FSLPL Daily '!I14-'FSLPL Daily '!I13<0), "0",'FSLPL Daily '!I14-'FSLPL Daily '!I13) -> 0 | I12: =IF(('FSLPL Daily '!K14-'FSLPL Daily '!K13<0), "0",'FSLPL Daily '!K14-'FSLPL Daily '!K13) -> 0 | J12: =IF(('FSLPL Daily '!M14-'FSLPL Daily '!M13<0), "0",'FSLPL Daily '!M14-'FSLPL Daily '!M13) -> 0 | K12: =IF(('FSLPL Daily '!O14-'FSLPL Daily '!O13<0), "0",'FSLPL Daily '!O14-'FSLPL Daily '!O13) -> 0 | L12: =IF(('FSLPL Daily '!Q14-'FSLPL Daily '!Q13<0), "0",'FSLPL Daily '!Q14-'FSLPL Daily '!Q13) -> 0 | M12: =IF(('FSLPL Daily '!S14-'FSLPL Daily '!S13<0), "0",'FSLPL Daily '!S14-'FSLPL Daily '!S13) -> 0 | N12: =IF(('FSLPL Daily '!U14-'FSLPL Daily '!U13<0), "0",'FSLPL Daily '!U14-'FSLPL Daily '!U13) -> 0 | O12: =IF(('FSLPL Daily '!W14-'FSLPL Daily '!W13<0), "0",'FSLPL Daily '!W14-'FSLPL Daily '!W13) -> 0 | P12: =IF(('FSLPL Daily '!Y14-'FSLPL Daily '!Y13<0), "0",'FSLPL Daily '!Y14-'FSLPL Daily '!Y13) -> 0 | Q12: =IF(('FSLPL Daily '!AA14-'FSLPL Daily '!AA13<0), "0",'FSLPL Daily '!AA14-'FSLPL Daily '!AA13) -> 0 | R12: =IF(('FSLPL Daily '!AC14-'FSLPL Daily '!AC13<0), "0",'FSLPL Daily '!AC14-'FSLPL Daily '!AC13) -> 0 | S12: =IF(('FSLPL Daily '!AE14-'FSLPL Daily '!AE13<0), "0",'FSLPL Daily '!AE14-'FSLPL Daily '!AE13) -> 0 | T12: =IF(('FSLPL Daily '!AG14-'FSLPL Daily '!AG13<0), "0",'FSLPL Daily '!AG14-'FSLPL Daily '!AG13) -> 0 | U12: =IF(('FSLPL Daily '!AI14-'FSLPL Daily '!AI13<0), "0",'FSLPL Daily '!AI14-'FSLPL Daily '!AI13) -> 0 | V12: =IF(('FSLPL Daily '!AK14-'FSLPL Daily '!AK13<0), "0",'FSLPL Daily '!AK14-'FSLPL Daily '!AK13) -> 0 | W12: =IF(('FSLPL Daily '!AM14-'FSLPL Daily '!AM13<0), "0",'FSLPL Daily '!AM14-'FSLPL Daily '!AM13) -> 0 | X12: =IF(('FSLPL Daily '!AO14-'FSLPL Daily '!AO13<0), "0",'FSLPL Daily '!AO14-'FSLPL Daily '!AO13) -> 0 | Y12: ='FSLPL Daily '!AS14 -> 0 | Z12: ='FSLPL Daily '!AU14 -> 0 | AA12: =IF(('FSLPL Daily '!AV14-'FSLPL Daily '!AV13<0), "0",'FSLPL Daily '!AV14-'FSLPL Daily '!AV13) -> 15 | AB12: =IF(('FSLPL Daily '!AX14-'FSLPL Daily '!AX13<0), "0",'FSLPL Daily '!AX14-'FSLPL Daily '!AX13) -> 2 | AC12: =IF(('FSLPL Daily '!AZ14-'FSLPL Daily '!AZ13<0), "0",'FSLPL Daily '!AZ14-'FSLPL Daily '!AZ13) -> 1928 | AD12: =IF(('FSLPL Daily '!BB14-'FSLPL Daily '!BB13<0), "0",'FSLPL Daily '!BB14-'FSLPL Daily '!BB13) -> 1289 | AE12: ='FSLPL Daily '!BD14 -> 145 | AF12: ='FSLPL Daily '!BE14 -> 230
A13: London at Park Lane | B13: =B12+1 -> 12 | C13: 10 | D13: 2022 | E13: =IF(('FSLPL Daily '!C15-'FSLPL Daily '!C14<0), "0",'FSLPL Daily '!C15-'FSLPL Daily '!C14) -> 0 | F13: =IF(('FSLPL Daily '!E15-'FSLPL Daily '!E14<0), "0",'FSLPL Daily '!E15-'FSLPL Daily '!E14) -> 0 | G13: =IF(('FSLPL Daily '!G15-'FSLPL Daily '!G14<0), "0",'FSLPL Daily '!G15-'FSLPL Daily '!G14) -> 7551 | H13: =IF(('FSLPL Daily '!I15-'FSLPL Daily '!I14<0), "0",'FSLPL Daily '!I15-'FSLPL Daily '!I14) -> 0 | I13: =IF(('FSLPL Daily '!K15-'FSLPL Daily '!K14<0), "0",'FSLPL Daily '!K15-'FSLPL Daily '!K14) -> 0 | J13: =IF(('FSLPL Daily '!M15-'FSLPL Daily '!M14<0), "0",'FSLPL Daily '!M15-'FSLPL Daily '!M14) -> 0 | K13: =IF(('FSLPL Daily '!O15-'FSLPL Daily '!O14<0), "0",'FSLPL Daily '!O15-'FSLPL Daily '!O14) -> 0 | L13: =IF(('FSLPL Daily '!Q15-'FSLPL Daily '!Q14<0), "0",'FSLPL Daily '!Q15-'FSLPL Daily '!Q14) -> 0 | M13: =IF(('FSLPL Daily '!S15-'FSLPL Daily '!S14<0), "0",'FSLPL Daily '!S15-'FSLPL Daily '!S14) -> 0 | N13: =IF(('FSLPL Daily '!U15-'FSLPL Daily '!U14<0), "0",'FSLPL Daily '!U15-'FSLPL Daily '!U14) -> 0 | O13: =IF(('FSLPL Daily '!W15-'FSLPL Daily '!W14<0), "0",'FSLPL Daily '!W15-'FSLPL Daily '!W14) -> 0 | P13: =IF(('FSLPL Daily '!Y15-'FSLPL Daily '!Y14<0), "0",'FSLPL Daily '!Y15-'FSLPL Daily '!Y14) -> 0 | Q13: =IF(('FSLPL Daily '!AA15-'FSLPL Daily '!AA14<0), "0",'FSLPL Daily '!AA15-'FSLPL Daily '!AA14) -> 0 | R13: =IF(('FSLPL Daily '!AC15-'FSLPL Daily '!AC14<0), "0",'FSLPL Daily '!AC15-'FSLPL Daily '!AC14) -> 0 | S13: =IF(('FSLPL Daily '!AE15-'FSLPL Daily '!AE14<0), "0",'FSLPL Daily '!AE15-'FSLPL Daily '!AE14) -> 0 | T13: =IF(('FSLPL Daily '!AG15-'FSLPL Daily '!AG14<0), "0",'FSLPL Daily '!AG15-'FSLPL Daily '!AG14) -> 0 | U13: =IF(('FSLPL Daily '!AI15-'FSLPL Daily '!AI14<0), "0",'FSLPL Daily '!AI15-'FSLPL Daily '!AI14) -> 0 | V13: =IF(('FSLPL Daily '!AK15-'FSLPL Daily '!AK14<0), "0",'FSLPL Daily '!AK15-'FSLPL Daily '!AK14) -> 0 | W13: =IF(('FSLPL Daily '!AM15-'FSLPL Daily '!AM14<0), "0",'FSLPL Daily '!AM15-'FSLPL Daily '!AM14) -> 0 | X13: =IF(('FSLPL Daily '!AO15-'FSLPL Daily '!AO14<0), "0",'FSLPL Daily '!AO15-'FSLPL Daily '!AO14) -> 0 | Y13: ='FSLPL Daily '!AS15 -> 0 | Z13: ='FSLPL Daily '!AU15 -> 0 | AA13: =IF(('FSLPL Daily '!AV15-'FSLPL Daily '!AV14<0), "0",'FSLPL Daily '!AV15-'FSLPL Daily '!AV14) -> 35 | AB13: =IF(('FSLPL Daily '!AX15-'FSLPL Daily '!AX14<0), "0",'FSLPL Daily '!AX15-'FSLPL Daily '!AX14) -> 4 | AC13: =IF(('FSLPL Daily '!AZ15-'FSLPL Daily '!AZ14<0), "0",'FSLPL Daily '!AZ15-'FSLPL Daily '!AZ14) -> 3378 | AD13: =IF(('FSLPL Daily '!BB15-'FSLPL Daily '!BB14<0), "0",'FSLPL Daily '!BB15-'FSLPL Daily '!BB14) -> 2394 | AE13: ='FSLPL Daily '!BD15 -> 161 | AF13: ='FSLPL Daily '!BE15 -> 246
A14: London at Park Lane | B14: =B13+1 -> 13 | C14: 10 | D14: 2022 | E14: =IF(('FSLPL Daily '!C16-'FSLPL Daily '!C15<0), "0",'FSLPL Daily '!C16-'FSLPL Daily '!C15) -> 0 | F14: =IF(('FSLPL Daily '!E16-'FSLPL Daily '!E15<0), "0",'FSLPL Daily '!E16-'FSLPL Daily '!E15) -> 0 | G14: =IF(('FSLPL Daily '!G16-'FSLPL Daily '!G15<0), "0",'FSLPL Daily '!G16-'FSLPL Daily '!G15) -> 3548 | H14: =IF(('FSLPL Daily '!I16-'FSLPL Daily '!I15<0), "0",'FSLPL Daily '!I16-'FSLPL Daily '!I15) -> 0 | I14: =IF(('FSLPL Daily '!K16-'FSLPL Daily '!K15<0), "0",'FSLPL Daily '!K16-'FSLPL Daily '!K15) -> 0 | J14: =IF(('FSLPL Daily '!M16-'FSLPL Daily '!M15<0), "0",'FSLPL Daily '!M16-'FSLPL Daily '!M15) -> 0 | K14: =IF(('FSLPL Daily '!O16-'FSLPL Daily '!O15<0), "0",'FSLPL Daily '!O16-'FSLPL Daily '!O15) -> 0 | L14: =IF(('FSLPL Daily '!Q16-'FSLPL Daily '!Q15<0), "0",'FSLPL Daily '!Q16-'FSLPL Daily '!Q15) -> 0 | M14: =IF(('FSLPL Daily '!S16-'FSLPL Daily '!S15<0), "0",'FSLPL Daily '!S16-'FSLPL Daily '!S15) -> 0 | N14: =IF(('FSLPL Daily '!U16-'FSLPL Daily '!U15<0), "0",'FSLPL Daily '!U16-'FSLPL Daily '!U15) -> 0 | O14: =IF(('FSLPL Daily '!W16-'FSLPL Daily '!W15<0), "0",'FSLPL Daily '!W16-'FSLPL Daily '!W15) -> 0 | P14: =IF(('FSLPL Daily '!Y16-'FSLPL Daily '!Y15<0), "0",'FSLPL Daily '!Y16-'FSLPL Daily '!Y15) -> 0 | Q14: =IF(('FSLPL Daily '!AA16-'FSLPL Daily '!AA15<0), "0",'FSLPL Daily '!AA16-'FSLPL Daily '!AA15) -> 0 | R14: =IF(('FSLPL Daily '!AC16-'FSLPL Daily '!AC15<0), "0",'FSLPL Daily '!AC16-'FSLPL Daily '!AC15) -> 0 | S14: =IF(('FSLPL Daily '!AE16-'FSLPL Daily '!AE15<0), "0",'FSLPL Daily '!AE16-'FSLPL Daily '!AE15) -> 0 | T14: =IF(('FSLPL Daily '!AG16-'FSLPL Daily '!AG15<0), "0",'FSLPL Daily '!AG16-'FSLPL Daily '!AG15) -> 0 | U14: =IF(('FSLPL Daily '!AI16-'FSLPL Daily '!AI15<0), "0",'FSLPL Daily '!AI16-'FSLPL Daily '!AI15) -> 0 | V14: =IF(('FSLPL Daily '!AK16-'FSLPL Daily '!AK15<0), "0",'FSLPL Daily '!AK16-'FSLPL Daily '!AK15) -> 0 | W14: =IF(('FSLPL Daily '!AM16-'FSLPL Daily '!AM15<0), "0",'FSLPL Daily '!AM16-'FSLPL Daily '!AM15) -> 0 | X14: =IF(('FSLPL Daily '!AO16-'FSLPL Daily '!AO15<0), "0",'FSLPL Daily '!AO16-'FSLPL Daily '!AO15) -> 0 | Y14: ='FSLPL Daily '!AS16 -> 0 | Z14: ='FSLPL Daily '!AU16 -> 0 | AA14: =IF(('FSLPL Daily '!AV16-'FSLPL Daily '!AV15<0), "0",'FSLPL Daily '!AV16-'FSLPL Daily '!AV15) -> 17 | AB14: =IF(('FSLPL Daily '!AX16-'FSLPL Daily '!AX15<0), "0",'FSLPL Daily '!AX16-'FSLPL Daily '!AX15) -> 2 | AC14: =IF(('FSLPL Daily '!AZ16-'FSLPL Daily '!AZ15<0), "0",'FSLPL Daily '!AZ16-'FSLPL Daily '!AZ15) -> 1624 | AD14: =IF(('FSLPL Daily '!BB16-'FSLPL Daily '!BB15<0), "0",'FSLPL Daily '!BB16-'FSLPL Daily '!BB15) -> 1135 | AE14: ='FSLPL Daily '!BD16 -> 156 | AF14: ='FSLPL Daily '!BE16 -> 229
... A30: London at Park Lane | B30: =B29+1 -> 29 | C30: 10 | D30: 2022 | E30: =IF(('FSLPL Daily '!C32-'FSLPL Daily '!C31<0), "0",'FSLPL Daily '!C32-'FSLPL Daily '!C31) -> 0 | F30: =IF(('FSLPL Daily '!E32-'FSLPL Daily '!E31<0), "0",'FSLPL Daily '!E32-'FSLPL Daily '!E31) -> 0 | G30: =IF(('FSLPL Daily '!G32-'FSLPL Daily '!G31<0), "0",'FSLPL Daily '!G32-'FSLPL Daily '!G31) -> 0 | H30: =IF(('FSLPL Daily '!I32-'FSLPL Daily '!I31<0), "0",'FSLPL Daily '!I32-'FSLPL Daily '!I31) -> 0 | I30: =IF(('FSLPL Daily '!K32-'FSLPL Daily '!K31<0), "0",'FSLPL Daily '!K32-'FSLPL Daily '!K31) -> 0 | J30: =IF(('FSLPL Daily '!M32-'FSLPL Daily '!M31<0), "0",'FSLPL Daily '!M32-'FSLPL Daily '!M31) -> 0 | K30: =IF(('FSLPL Daily '!O32-'FSLPL Daily '!O31<0), "0",'FSLPL Daily '!O32-'FSLPL Daily '!O31) -> 0 | L30: =IF(('FSLPL Daily '!Q32-'FSLPL Daily '!Q31<0), "0",'FSLPL Daily '!Q32-'FSLPL Daily '!Q31) -> 0 | M30: =IF(('FSLPL Daily '!S32-'FSLPL Daily '!S31<0), "0",'FSLPL Daily '!S32-'FSLPL Daily '!S31) -> 0 | N30: =IF(('FSLPL Daily '!U32-'FSLPL Daily '!U31<0), "0",'FSLPL Daily '!U32-'FSLPL Daily '!U31) -> 0 | O30: =IF(('FSLPL Daily '!W32-'FSLPL Daily '!W31<0), "0",'FSLPL Daily '!W32-'FSLPL Daily '!W31) -> 0 | P30: =IF(('FSLPL Daily '!Y32-'FSLPL Daily '!Y31<0), "0",'FSLPL Daily '!Y32-'FSLPL Daily '!Y31) -> 0 | Q30: =IF(('FSLPL Daily '!AA32-'FSLPL Daily '!AA31<0), "0",'FSLPL Daily '!AA32-'FSLPL Daily '!AA31) -> 0 | R30: =IF(('FSLPL Daily '!AC32-'FSLPL Daily '!AC31<0), "0",'FSLPL Daily '!AC32-'FSLPL Daily '!AC31) -> 0 | S30: =IF(('FSLPL Daily '!AE32-'FSLPL Daily '!AE31<0), "0",'FSLPL Daily '!AE32-'FSLPL Daily '!AE31) -> 0 | T30: =IF(('FSLPL Daily '!AG32-'FSLPL Daily '!AG31<0), "0",'FSLPL Daily '!AG32-'FSLPL Daily '!AG31) -> 0 | U30: =IF(('FSLPL Daily '!AI32-'FSLPL Daily '!AI31<0), "0",'FSLPL Daily '!AI32-'FSLPL Daily '!AI31) -> 0 | V30: =IF(('FSLPL Daily '!AK32-'FSLPL Daily '!AK31<0), "0",'FSLPL Daily '!AK32-'FSLPL Daily '!AK31) -> 0 | W30: =IF(('FSLPL Daily '!AM32-'FSLPL Daily '!AM31<0), "0",'FSLPL Daily '!AM32-'FSLPL Daily '!AM31) -> 0 | X30: =IF(('FSLPL Daily '!AO32-'FSLPL Daily '!AO31<0), "0",'FSLPL Daily '!AO32-'FSLPL Daily '!AO31) -> 0 | Y30: ='FSLPL Daily '!AS32 -> 0 | Z30: ='FSLPL Daily '!AU32 -> 0 | AA30: =IF(('FSLPL Daily '!AV32-'FSLPL Daily '!AV31<0), "0",'FSLPL Daily '!AV32-'FSLPL Daily '!AV31) -> 0 | AB30: =IF(('FSLPL Daily '!AX32-'FSLPL Daily '!AX31<0), "0",'FSLPL Daily '!AX32-'FSLPL Daily '!AX31) -> 0 | AC30: =IF(('FSLPL Daily '!AZ32-'FSLPL Daily '!AZ31<0), "0",'FSLPL Daily '!AZ32-'FSLPL Daily '!AZ31) -> 0 | AD30: =IF(('FSLPL Daily '!BB32-'FSLPL Daily '!BB31<0), "0",'FSLPL Daily '!BB32-'FSLPL Daily '!BB31) -> 0 | AE30: ='FSLPL Daily '!BD32 -> 0 | AF30: ='FSLPL Daily '!BE32 -> 0
A31: London at Park Lane | B31: 30 | C31: 10 | D31: 2022 | E31: =IF(('FSLPL Daily '!C33-'FSLPL Daily '!C32<0), "0",'FSLPL Daily '!C33-'FSLPL Daily '!C32) -> 0 | F31: =IF(('FSLPL Daily '!E33-'FSLPL Daily '!E32<0), "0",'FSLPL Daily '!E33-'FSLPL Daily '!E32) -> 0 | G31: =IF(('FSLPL Daily '!G33-'FSLPL Daily '!G32<0), "0",'FSLPL Daily '!G33-'FSLPL Daily '!G32) -> 0 | H31: =IF(('FSLPL Daily '!I33-'FSLPL Daily '!I32<0), "0",'FSLPL Daily '!I33-'FSLPL Daily '!I32) -> 0 | I31: =IF(('FSLPL Daily '!K33-'FSLPL Daily '!K32<0), "0",'FSLPL Daily '!K33-'FSLPL Daily '!K32) -> 0 | J31: =IF(('FSLPL Daily '!M33-'FSLPL Daily '!M32<0), "0",'FSLPL Daily '!M33-'FSLPL Daily '!M32) -> 0 | K31: =IF(('FSLPL Daily '!O33-'FSLPL Daily '!O32<0), "0",'FSLPL Daily '!O33-'FSLPL Daily '!O32) -> 0 | L31: =IF(('FSLPL Daily '!Q33-'FSLPL Daily '!Q32<0), "0",'FSLPL Daily '!Q33-'FSLPL Daily '!Q32) -> 0 | M31: =IF(('FSLPL Daily '!S33-'FSLPL Daily '!S32<0), "0",'FSLPL Daily '!S33-'FSLPL Daily '!S32) -> 0 | N31: =IF(('FSLPL Daily '!U33-'FSLPL Daily '!U32<0), "0",'FSLPL Daily '!U33-'FSLPL Daily '!U32) -> 0 | O31: =IF(('FSLPL Daily '!W33-'FSLPL Daily '!W32<0), "0",'FSLPL Daily '!W33-'FSLPL Daily '!W32) -> 0 | P31: =IF(('FSLPL Daily '!Y33-'FSLPL Daily '!Y32<0), "0",'FSLPL Daily '!Y33-'FSLPL Daily '!Y32) -> 0 | Q31: =IF(('FSLPL Daily '!AA33-'FSLPL Daily '!AA32<0), "0",'FSLPL Daily '!AA33-'FSLPL Daily '!AA32) -> 0 | R31: =IF(('FSLPL Daily '!AC33-'FSLPL Daily '!AC32<0), "0",'FSLPL Daily '!AC33-'FSLPL Daily '!AC32) -> 0 | S31: =IF(('FSLPL Daily '!AE33-'FSLPL Daily '!AE32<0), "0",'FSLPL Daily '!AE33-'FSLPL Daily '!AE32) -> 0 | T31: =IF(('FSLPL Daily '!AG33-'FSLPL Daily '!AG32<0), "0",'FSLPL Daily '!AG33-'FSLPL Daily '!AG32) -> 0 | U31: =IF(('FSLPL Daily '!AI33-'FSLPL Daily '!AI32<0), "0",'FSLPL Daily '!AI33-'FSLPL Daily '!AI32) -> 0 | V31: =IF(('FSLPL Daily '!AK33-'FSLPL Daily '!AK32<0), "0",'FSLPL Daily '!AK33-'FSLPL Daily '!AK32) -> 0 | W31: =IF(('FSLPL Daily '!AM33-'FSLPL Daily '!AM32<0), "0",'FSLPL Daily '!AM33-'FSLPL Daily '!AM32) -> 0 | X31: =IF(('FSLPL Daily '!AO33-'FSLPL Daily '!AO32<0), "0",'FSLPL Daily '!AO33-'FSLPL Daily '!AO32) -> 0 | Y31: ='FSLPL Daily '!AS33 -> 0 | Z31: ='FSLPL Daily '!AU33 -> 0 | AA31: =IF(('FSLPL Daily '!AV33-'FSLPL Daily '!AV32<0), "0",'FSLPL Daily '!AV33-'FSLPL Daily '!AV32) -> 0 | AB31: =IF(('FSLPL Daily '!AX33-'FSLPL Daily '!AX32<0), "0",'FSLPL Daily '!AX33-'FSLPL Daily '!AX32) -> 0 | AC31: =IF(('FSLPL Daily '!AZ33-'FSLPL Daily '!AZ32<0), "0",'FSLPL Daily '!AZ33-'FSLPL Daily '!AZ32) -> 0 | AD31: =IF(('FSLPL Daily '!BB33-'FSLPL Daily '!BB32<0), "0",'FSLPL Daily '!BB33-'FSLPL Daily '!BB32) -> 0 | AE31: ='FSLPL Daily '!BD33 -> 0 | AF31: ='FSLPL Daily '!BE33 -> 0
A32: London at Park Lane | B32: 31 | C32: 10 | D32: 2022 | E32: =IF(('FSLPL Daily '!C34-'FSLPL Daily '!C33<0), "0",'FSLPL Daily '!C34-'FSLPL Daily '!C33) -> 0 | F32: =IF(('FSLPL Daily '!E34-'FSLPL Daily '!E33<0), "0",'FSLPL Daily '!E34-'FSLPL Daily '!E33) -> 0 | G32: =IF(('FSLPL Daily '!G34-'FSLPL Daily '!G33<0), "0",'FSLPL Daily '!G34-'FSLPL Daily '!G33) -> 0 | H32: =IF(('FSLPL Daily '!I34-'FSLPL Daily '!I33<0), "0",'FSLPL Daily '!I34-'FSLPL Daily '!I33) -> 0 | I32: =IF(('FSLPL Daily '!K34-'FSLPL Daily '!K33<0), "0",'FSLPL Daily '!K34-'FSLPL Daily '!K33) -> 0 | J32: =IF(('FSLPL Daily '!M34-'FSLPL Daily '!M33<0), "0",'FSLPL Daily '!M34-'FSLPL Daily '!M33) -> 0 | K32: =IF(('FSLPL Daily '!O34-'FSLPL Daily '!O33<0), "0",'FSLPL Daily '!O34-'FSLPL Daily '!O33) -> 0 | L32: =IF(('FSLPL Daily '!Q34-'FSLPL Daily '!Q33<0), "0",'FSLPL Daily '!Q34-'FSLPL Daily '!Q33) -> 0 | M32: =IF(('FSLPL Daily '!S34-'FSLPL Daily '!S33<0), "0",'FSLPL Daily '!S34-'FSLPL Daily '!S33) -> 0 | N32: =IF(('FSLPL Daily '!U34-'FSLPL Daily '!U33<0), "0",'FSLPL Daily '!U34-'FSLPL Daily '!U33) -> 0 | O32: =IF(('FSLPL Daily '!W34-'FSLPL Daily '!W33<0), "0",'FSLPL Daily '!W34-'FSLPL Daily '!W33) -> 0 | P32: =IF(('FSLPL Daily '!Y34-'FSLPL Daily '!Y33<0), "0",'FSLPL Daily '!Y34-'FSLPL Daily '!Y33) -> 0 | Q32: =IF(('FSLPL Daily '!AA34-'FSLPL Daily '!AA33<0), "0",'FSLPL Daily '!AA34-'FSLPL Daily '!AA33) -> 0 | R32: =IF(('FSLPL Daily '!AC34-'FSLPL Daily '!AC33<0), "0",'FSLPL Daily '!AC34-'FSLPL Daily '!AC33) -> 0 | S32: =IF(('FSLPL Daily '!AE34-'FSLPL Daily '!AE33<0), "0",'FSLPL Daily '!AE34-'FSLPL Daily '!AE33) -> 0 | T32: =IF(('FSLPL Daily '!AG34-'FSLPL Daily '!AG33<0), "0",'FSLPL Daily '!AG34-'FSLPL Daily '!AG33) -> 0 | U32: =IF(('FSLPL Daily '!AI34-'FSLPL Daily '!AI33<0), "0",'FSLPL Daily '!AI34-'FSLPL Daily '!AI33) -> 0 | V32: =IF(('FSLPL Daily '!AK34-'FSLPL Daily '!AK33<0), "0",'FSLPL Daily '!AK34-'FSLPL Daily '!AK33) -> 0 | W32: =IF(('FSLPL Daily '!AM34-'FSLPL Daily '!AM33<0), "0",'FSLPL Daily '!AM34-'FSLPL Daily '!AM33) -> 0 | X32: =IF(('FSLPL Daily '!AO34-'FSLPL Daily '!AO33<0), "0",'FSLPL Daily '!AO34-'FSLPL Daily '!AO33) -> 0 | Y32: ='FSLPL Daily '!AS34 -> 0 | Z32: ='FSLPL Daily '!AU34 -> 0 | AA32: =IF(('FSLPL Daily '!AV34-'FSLPL Daily '!AV33<0), "0",'FSLPL Daily '!AV34-'FSLPL Daily '!AV33) -> 0 | AB32: =IF(('FSLPL Daily '!AX34-'FSLPL Daily '!AX33<0), "0",'FSLPL Daily '!AX34-'FSLPL Daily '!AX33) -> 0 | AC32: =IF(('FSLPL Daily '!AZ34-'FSLPL Daily '!AZ33<0), "0",'FSLPL Daily '!AZ34-'FSLPL Daily '!AZ33) -> 0 | AD32: =IF(('FSLPL Daily '!BB34-'FSLPL Daily '!BB33<0), "0",'FSLPL Daily '!BB34-'FSLPL Daily '!BB33) -> 0 | AE32: ='FSLPL Daily '!BD34 -> 0 | AF32: ='FSLPL Daily '!BE34 -> 0

Sheet FSLPL Daily 
A1: Days | C1: LV Panel 1 KWh | E1: LV Panel 2 KWh | G1: CHP KWh | I1: MCC9 KWh | K1: GF Panel KWh | M1: Kitchen Switchboard | O1: Kitchen Panel | Q1: MCC3 (AHU) KWh | S1: MCC8 KWh | U1: 1st Floor Panel (KWh) | W1: MCC6(1st floor AHU) KWh | Y1: Chiller 1 KWh | AA1: Chiller 2 KWh | AC1: MCC 10 (Mechanical Services) KWh | AE1: MCC2 CHW KWh | AG1: MCC7 (Kitchen) KWh | AI1: MCC 5 (Mechanical services) KWh | AK1: MCC 4 (Water Services) KWh | AM1: MCC1 (KWh) | AO1: Laundry db KWh | AR1: Hamilton Place Water 1 m3 | AT1: Old Parklane Water 2 m3 | AV1: Laundry: Cold Water m3 | AX1: Laundry: Hot Water m3 | AZ1: Natural Gas m3 | BB1: CHP Natural Gas m3
A2: Date | C2: Reading KWH | D2: Difference KWH | E2: Reading KWH | F2: Difference KWH | G2: Reading KWH | H2: Difference KWH | I2: Reading KWH | J2: Difference KWH | K2: Reading KWH | L2: Difference KWH | M2: Reading KWH | N2: Difference KWH | O2: Reading KWH | P2: Difference KWH | Q2: Reading KWH | R2: Difference KWH | S2: Reading KWH | T2: Difference KWH | U2: Reading KWH | V2: Difference KWH | W2: Reading KWH | X2: Difference KWH | Y2: Reading KWH | Z2: Difference KWH | AA2: Reading KWH | AB2: Difference KWH | AC2: Reading KWH | AD2: Difference KWH | AE2: Reading KWH | AF2: Difference KWH | AG2: Reading KWH | AH2: Difference KWH | AI2: Reading KWH | AJ2: Difference KWH | AK2: Reading KWH | AL2: Difference KWH | AM2: Reading KWH | AN2: Difference KWH | AO2: Reading KWH | AP2: Difference KWH | AR2: Reading m³ | AS2: Daily Consumption m³ | AT2: Reading m³ | AU2: Daily Consumption m³ | AV2: Reading m³ | AW2: Daily Consumption m³ | AX2: Reading m³ | AY2: Daily Consumption m³ | AZ2: Reading Liters | BA2: Daily Consumption L | BB2: Reading Liters | BC2: Daily Consumption L | BD2: ROOM NIGHTS | BE2: TOTAL GUESTS
A3: 44834 | D3: =IF((C3-C2<0), "0",C3-C2) -> #VALUE! | G3: 13406571 | J3: =IF((I4-I3<0), "",I4-I3) -> 0 | L3: =IF((K4-K3<0), "",K4-K3) -> 0 | N3: =IF((M4-M3<0), "",M4-M3) -> 0 | P3: =IF((O4-O3<0), "",O4-O3) -> 0 | R3: =IF((Q4-Q3<0), "",Q4-Q3) -> 0 | T3: =IF((S4-S3<0), "",S4-S3) -> 0 | V3: =IF((U4-U3<0), "",U4-U3) -> 0 | X3: =IF((W4-W3<0), "",W4-W3) -> 0 | Z3: =IF((Y4-Y3<0), "",Y4-Y3) -> 0 | AB3: =IF((AA4-AA3<0), "",AA4-AA3) -> 0 | AD3: =IF((AC4-AC3<0), "",AC4-AC3) -> 0 | AF3: =IF((AE4-AE3<0), "",AE4-AE3) -> 0 | AH3: =IF((AG4-AG3<0), "",AG4-AG3) -> 0 | AJ3: =IF((AI4-AI3<0), "",AI4-AI3) -> 0 | AL3: =IF((AK4-AK3<0), "",AK4-AK3) -> 0 | AN3: =IF((AM4-AM3<0), "",AM4-AM3) -> 0 | AP3: =IF((AO4-AO3<0), "",AO4-AO3) -> 0 | AS3: 0 | AU3: 0 | AV3: No reading | AX3: No reading | AY3: =IF((AX3-AX2<0), "",AX3-AX2) -> #VALUE! | AZ3: 8192135 | BA3: =IF((AZ3-AZ2<0), "",AZ3-AZ2) -> #VALUE! | BB3: 1875767 | BC3: =IF((BB3-BB2<0), "",BB3-BB2) -> #VALUE! | BF3: 12.24 | BH3: =193*(BF3/100) -> 23.6232
A4: 44835 | D4: =IF((C4-C3<0), "0",C4-C3) -> 0 | G4: 13410157 | H4: =IF((G5-G4<0), "0",G5-G4) -> 3298 | AS4: 0 | AU4: 0 | AV4: 96318 | AX4: 1346 | AY4: =IF((AX4-AX3<0), "",AX4-AX3) -> #VALUE! | AZ4: 8193627 | BA4: =IF((AZ4-AZ3<0), "",AZ4-AZ3) -> 1492 | BB4: 1876914 | BC4: =IF((BB4-BB3<0), "",BB4-BB3) -> 1147 | BD4: 149 | BE4: 230 | BF4: 20.92 | BH4: =193*(BF4/100) -> 40.3756
A5: 44836 | D5: =IF((C5-C4<0), "0",C5-C4) -> 0 | F5: =IF((E5-E4<0), "0",E5-E4) -> 0 | G5: 13413455 | J5: =IF((I5-I4<0), "0",I5-I4) -> 0 | L5: =IF((K5-K4<0), "0",K5-K4) -> 0 | N5: =IF((M5-M4<0), "0",M5-M4) -> 0 | P5: =IF((O5-O4<0), "0",O5-O4) -> 0 | R5: =IF((Q5-Q4<0), "0",Q5-Q4) -> 0 | T5: =IF((S5-S4<0), "0",S5-S4) -> 0 | V5: =IF((U5-U4<0), "",U5-U4) -> 0 | X5: =IF((W5-W4<0), "",W5-W4) -> 0 | Z5: =IF((Y5-Y4<0), "",Y5-Y4) -> 0 | AB5: =IF((AA5-AA4<0), "",AA5-AA4) -> 0 | AD5: =IF((AC5-AC4<0), "",AC5-AC4) -> 0 | AF5: =IF((AE5-AE4<0), "",AE5-AE4) -> 0 | AH5: =IF((AG5-AG4<0), "",AG5-AG4) -> 0 | AJ5: =IF((AI5-AI4<0), "",AI5-AI4) -> 0 | AL5: =IF((AK5-AK4<0), "",AK5-AK4) -> 0 | AN5: =IF((AM5-AM4<0), "",AM5-AM4) -> 0 | AP5: =IF((AO5-AO4<0), "",AO5-AO4) -> 0 | AS5: 0 | AU5: 0 | AV5: 96332 | AW5: =IF((AV5-AV4<0), "",AV5-AV4) -> 14 | AX5: 1348 | AY5: =IF((AX5-AX4<0), "",AX5-AX4) -> 2 | AZ5: 8194967 | BA5: =IF((AZ5-AZ4<0), "",AZ5-AZ4) -> 1340 | BB5: 1877965 | BC5: =IF((BB5-BB4<0), "",BB5-BB4) -> 1051 | BD5: 158 | BE5: 243 | BF5: 18.95 | BH5: =193*(BF5/100) -> 36.5735
A6: 44837 | D6: =IF((C6-C5<0), "0",C6-C5) -> 0 | F6: =IF((E6-E5<0), "0",E6-E5) -> 0 | G6: 13417603 | H6: =IF((G6-G5<0), "0",G6-G5) -> 4148 | J6: =IF((I6-I5<0), "0",I6-I5) -> 0 | L6: =IF((K6-K5<0), "0",K6-K5) -> 0 | N6: =IF((M6-M5<0), "0",M6-M5) -> 0 | P6: =IF((O6-O5<0), "0",O6-O5) -> 0 | R6: =IF((Q6-Q5<0), "0",Q6-Q5) -> 0 | T6: =IF((S6-S5<0), "0",S6-S5) -> 0 | V6: =IF((U6-U5<0), "",U6-U5) -> 0 | X6: =IF((W6-W5<0), "",W6-W5) -> 0 | Z6: =IF((Y6-Y5<0), "",Y6-Y5) -> 0 | AB6: =IF((AA6-AA5<0), "",AA6-AA5) -> 0 | AD6: =IF((AC6-AC5<0), "",AC6-AC5) -> 0 | AF6: =IF((AE6-AE5<0), "",AE6-AE5) -> 0 | AH6: =IF((AG6-AG5<0), "",AG6-AG5) -> 0 | AJ6: =IF((AI6-AI5<0), "",AI6-AI5) -> 0 | AL6: =IF((AK6-AK5<0), "",AK6-AK5) -> 0 | AN6: =IF((AM6-AM5<0), "",AM6-AM5) -> 0 | AP6: =IF((AO6-AO5<0), "",AO6-AO5) -> 0 | AS6: 0 | AU6: 0 | AV6: 96353 | AW6: =IF((AV6-AV5<0), "",AV6-AV5) -> 21 | AX6: 1351 | AY6: =IF((AX6-AX5<0), "",AX6-AX5) -> 3 | AZ6: 8196740 | BA6: =IF((AZ6-AZ5<0), "",AZ6-AZ5) -> 1773 | BB6: 1879276 | BC6: =IF((BB6-BB5<0), "",BB6-BB5) -> 1311 | BD6: 165 | BE6: 233 | BF6: 22.37 | BH6: =193*(BF6/100) -> 43.1741
A7: 44838 | D7: =IF((C7-C6<0), "0",C7-C6) -> 0 | F7: =IF((E7-E6<0), "0",E7-E6) -> 0 | G7: 13421608 | H7: =IF((G7-G6<0), "0",G7-G6) -> 4005 | J7: =IF((I7-I6<0), "0",I7-I6) -> 0 | L7: =IF((K7-K6<0), "0",K7-K6) -> 0 | N7: =IF((M7-M6<0), "0",M7-M6) -> 0 | P7: =IF((O7-O6<0), "0",O7-O6) -> 0 | R7: =IF((Q7-Q6<0), "0",Q7-Q6) -> 0 | T7: =IF((S7-S6<0), "0",S7-S6) -> 0 | V7: =IF((U7-U6<0), "",U7-U6) -> 0 | X7: =IF((W7-W6<0), "",W7-W6) -> 0 | Z7: =IF((Y7-Y6<0), "",Y7-Y6) -> 0 | AB7: =IF((AA7-AA6<0), "",AA7-AA6) -> 0 | AD7: =IF((AC7-AC6<0), "",AC7-AC6) -> 0 | AF7: =IF((AE7-AE6<0), "",AE7-AE6) -> 0 | AH7: =IF((AG7-AG6<0), "",AG7-AG6) -> 0 | AJ7: =IF((AI7-AI6<0), "",AI7-AI6) -> 0 | AL7: =IF((AK7-AK6<0), "",AK7-AK6) -> 0 | AN7: =IF((AM7-AM6<0), "",AM7-AM6) -> 0 | AP7: =IF((AO7-AO6<0), "",AO7-AO6) -> 0 | AS7: 0 | AU7: 0 | AV7: 96371 | AW7: =IF((AV7-AV6<0), "",AV7-AV6) -> 18 | AX7: 1353 | AY7: =IF((AX7-AX6<0), "",AX7-AX6) -> 2 | AZ7: 8198407 | BA7: =IF((AZ7-AZ6<0), "",AZ7-AZ6) -> 1667 | BB7: 1880569 | BC7: =IF((BB7-BB6<0), "",BB7-BB6) -> 1293 | BD7: 180 | BE7: 254 | BF7: 27.63 | BH7: =193*(BF7/100) -> 53.3259
A8: 44839 | D8: =IF((C8-C7<0), "0",C8-C7) -> 0 | F8: =IF((E8-E7<0), "0",E8-E7) -> 0 | G8: 13425254 | H8: =IF((G8-G7<0), "0",G8-G7) -> 3646 | J8: =IF((I8-I7<0), "0",I8-I7) -> 0 | L8: =IF((K8-K7<0), "0",K8-K7) -> 0 | N8: =IF((M8-M7<0), "0",M8-M7) -> 0 | P8: =IF((O8-O7<0), "0",O8-O7) -> 0 | R8: =IF((Q8-Q7<0), "0",Q8-Q7) -> 0 | T8: =IF((S8-S7<0), "0",S8-S7) -> 0 | V8: =IF((U8-U7<0), "",U8-U7) -> 0 | X8: =IF((W8-W7<0), "",W8-W7) -> 0 | Z8: =IF((Y8-Y7<0), "",Y8-Y7) -> 0 | AB8: =IF((AA8-AA7<0), "",AA8-AA7) -> 0 | AD8: =IF((AC8-AC7<0), "",AC8-AC7) -> 0 | AF8: =IF((AE8-AE7<0), "",AE8-AE7) -> 0 | AH8: =IF((AG8-AG7<0), "",AG8-AG7) -> 0 | AJ8: =IF((AI8-AI7<0), "",AI8-AI7) -> 0 | AL8: =IF((AK8-AK7<0), "",AK8-AK7) -> 0 | AN8: =IF((AM8-AM7<0), "",AM8-AM7) -> 0 | AP8: =IF((AO8-AO7<0), "",AO8-AO7) -> 0 | AS8: 0 | AU8: 0 | AV8: 96388 | AW8: =IF((AV8-AV7<0), "",AV8-AV7) -> 17 | AX8: 1354 | AY8: =IF((AX8-AX7<0), "",AX8-AX7) -> 1 | AZ8: 8200061 | BA8: =IF((AZ8-AZ7<0), "",AZ8-AZ7) -> 1654 | BB8: 1881756 | BC8: =IF((BB8-BB7<0), "",BB8-BB7) -> 1187 | BD8: 156 | BE8: 226 | BF8: 26.97 | BH8: =193*(BF8/100) -> 52.0521
A9: 44840 | D9: =IF((C9-C8<0), "0",C9-C8) -> 0 | F9: =IF((E9-E8<0), "0",E9-E8) -> 0 | G9: 13428974 | H9: =IF((G9-G8<0), "0",G9-G8) -> 3720 | J9: =IF((I9-I8<0), "0",I9-I8) -> 0 | L9: =IF((K9-K8<0), "0",K9-K8) -> 0 | N9: =IF((M9-M8<0), "0",M9-M8) -> 0 | P9: =IF((O9-O8<0), "0",O9-O8) -> 0 | R9: =IF((Q9-Q8<0), "0",Q9-Q8) -> 0 | T9: =IF((S9-S8<0), "0",S9-S8) -> 0 | V9: =IF((U9-U8<0), "",U9-U8) -> 0 | X9: =IF((W9-W8<0), "",W9-W8) -> 0 | Z9: =IF((Y9-Y8<0), "",Y9-Y8) -> 0 | AB9: =IF((AA9-AA8<0), "",AA9-AA8) -> 0 | AD9: =IF((AC9-AC8<0), "",AC9-AC8) -> 0 | AF9: =IF((AE9-AE8<0), "",AE9-AE8) -> 0 | AH9: =IF((AG9-AG8<0), "",AG9-AG8) -> 0 | AJ9: =IF((AI9-AI8<0), "",AI9-AI8) -> 0 | AL9: =IF((AK9-AK8<0), "",AK9-AK8) -> 0 | AN9: =IF((AM9-AM8<0), "",AM9-AM8) -> 0 | AP9: =IF((AO9-AO8<0), "",AO9-AO8) -> 0 | AS9: 0 | AU9: 0 | AV9: 96402 | AW9: =IF((AV9-AV8<0), "",AV9-AV8) -> 14 | AX9: 1357 | AY9: =IF((AX9-AX8<0), "",AX9-AX8) -> 3 | AZ9: 8201335 | BA9: =IF((AZ9-AZ8<0), "",AZ9-AZ8) -> 1274 | BB9: 1882998 | BC9: =IF((BB9-BB8<0), "",BB9-BB8) -> 1242 | BD9: 157 | BE9: 241 | BF9: 22.52 | BH9: =193*(BF9/100) -> 43.4636
A10: 44841 | D10: =IF((C10-C9<0), "0",C10-C9) -> 0 | F10: =IF((E10-E9<0), "0",E10-E9) -> 0 | G10: 13432783 | H10: =IF((G10-G9<0), "0",G10-G9) -> 3809 | J10: =IF((I10-I9<0), "0",I10-I9) -> 0 | L10: =IF((K10-K9<0), "0",K10-K9) -> 0 | N10: =IF((M10-M9<0), "0",M10-M9) -> 0 | P10: =IF((O10-O9<0), "0",O10-O9) -> 0 | R10: =IF((Q10-Q9<0), "0",Q10-Q9) -> 0 | T10: =IF((S10-S9<0), "0",S10-S9) -> 0 | V10: =IF((U10-U9<0), "",U10-U9) -> 0 | X10: =IF((W10-W9<0), "",W10-W9) -> 0 | Z10: =IF((Y10-Y9<0), "",Y10-Y9) -> 0 | AB10: =IF((AA10-AA9<0), "",AA10-AA9) -> 0 | AD10: =IF((AC10-AC9<0), "",AC10-AC9) -> 0 | AF10: =IF((AE10-AE9<0), "",AE10-AE9) -> 0 | AH10: =IF((AG10-AG9<0), "",AG10-AG9) -> 0 | AJ10: =IF((AI10-AI9<0), "",AI10-AI9) -> 0 | AL10: =IF((AK10-AK9<0), "",AK10-AK9) -> 0 | AN10: =IF((AM10-AM9<0), "",AM10-AM9) -> 0 | AP10: =IF((AO10-AO9<0), "",AO10-AO9) -> 0 | AS10: 0 | AU10: 0 | AV10: 96418 | AW10: =IF((AV10-AV9<0), "",AV10-AV9) -> 16 | AX10: 1359 | AY10: =IF((AX10-AX9<0), "",AX10-AX9) -> 2 | AZ10: 8203376 | BA10: =IF((AZ10-AZ9<0), "",AZ10-AZ9) -> 2041 | BB10: 1884175 | BC10: =IF((BB10-BB9<0), "",BB10-BB9) -> 1177 | BD10: 162 | BE10: 262 | BF10: 21.19 | BH10: =193*(BF10/100) -> 40.8967
A11: 44842 | D11: =IF((C11-C10<0), "0",C11-C10) -> 0 | F11: =IF((E11-E10<0), "0",E11-E10) -> 0 | G11: 13436316 | H11: =IF((G11-G10<0), "0",G11-G10) -> 3533 | J11: =IF((I11-I10<0), "0",I11-I10) -> 0 | L11: =IF((K11-K10<0), "0",K11-K10) -> 0 | N11: =IF((M11-M10<0), "0",M11-M10) -> 0 | P11: =IF((O11-O10<0), "0",O11-O10) -> 0 | R11: =IF((Q11-Q10<0), "0",Q11-Q10) -> 0 | T11: =IF((S11-S10<0), "0",S11-S10) -> 0 | V11: =IF((U11-U10<0), "",U11-U10) -> 0 | X11: =IF((W11-W10<0), "",W11-W10) -> 0 | Z11: =IF((Y11-Y10<0), "",Y11-Y10) -> 0 | AB11: =IF((AA11-AA10<0), "",AA11-AA10) -> 0 | AD11: =IF((AC11-AC10<0), "",AC11-AC10) -> 0 | AF11: =IF((AE11-AE10<0), "",AE11-AE10) -> 0 | AH11: =IF((AG11-AG10<0), "",AG11-AG10) -> 0 | AJ11: =IF((AI11-AI10<0), "",AI11-AI10) -> 0 | AL11: =IF((AK11-AK10<0), "",AK11-AK10) -> 0 | AN11: =IF((AM11-AM10<0), "",AM11-AM10) -> 0 | AP11: =IF((AO11-AO10<0), "",AO11-AO10) -> 0 | AS11: 0 | AU11: 0 | AV11: 96436 | AW11: =IF((AV11-AV10<0), "",AV11-AV10) -> 18 | AX11: 1361 | AY11: =IF((AX11-AX10<0), "",AX11-AX10) -> 2 | AZ11: 8205096 | BA11: =IF((AZ11-AZ10<0), "",AZ11-AZ10) -> 1720 | BB11: 1885305 | BC11: =IF((BB11-BB10<0), "",BB11-BB10) -> 1130 | BD11: 179 | BE11: 307 | BF11: 22 | BH11: =193*(BF11/100) -> 42.46
A12: 44843 | D12: =IF((C12-C11<0), "0",C12-C11) -> 0 | F12: =IF((E12-E11<0), "0",E12-E11) -> 0 | G12: 13440063 | H12: =IF((G12-G11<0), "0",G12-G11) -> 3747 | J12: =IF((I12-I11<0), "0",I12-I11) -> 0 | L12: =IF((K12-K11<0), "0",K12-K11) -> 0 | N12: =IF((M12-M11<0), "0",M12-M11) -> 0 | P12: =IF((O12-O11<0), "0",O12-O11) -> 0 | R12: =IF((Q12-Q11<0), "0",Q12-Q11) -> 0 | T12: =IF((S12-S11<0), "0",S12-S11) -> 0 | V12: =IF((U12-U11<0), "",U12-U11) -> 0 | X12: =IF((W12-W11<0), "",W12-W11) -> 0 | Z12: =IF((Y12-Y11<0), "",Y12-Y11) -> 0 | AB12: =IF((AA12-AA11<0), "",AA12-AA11) -> 0 | AD12: =IF((AC12-AC11<0), "",AC12-AC11) -> 0 | AF12: =IF((AE12-AE11<0), "",AE12-AE11) -> 0 | AH12: =IF((AG12-AG11<0), "",AG12-AG11) -> 0 | AJ12: =IF((AI12-AI11<0), "",AI12-AI11) -> 0 | AL12: =IF((AK12-AK11<0), "",AK12-AK11) -> 0 | AN12: =IF((AM12-AM11<0), "",AM12-AM11) -> 0 | AP12: =IF((AO12-AO11<0), "",AO12-AO11) -> 0 | AV12: 96454 | AW12: =IF((AV12-AV11<0), "",AV12-AV11) -> 18 | AX12: 1363 | AY12: =IF((AX12-AX11<0), "",AX12-AX11) -> 2 | AZ12: 8206702 | BA12: =IF((AZ12-AZ11<0), "",AZ12-AZ11) -> 1606 | BB12: 1886510 | BC12: =IF((BB12-BB11<0), "",BB12-BB11) -> 1205 | BD12: 169 | BE12: 294 | BF12: 26 | BH12: =193*(BF12/100) -> 50.18
A13: 44844 | D13: =IF((C13-C12<0), "0",C13-C12) -> 0 | F13: =IF((E13-E12<0), "0",E13-E12) -> 0 | G13: 13443922 | H13: =IF((G13-G12<0), "0",G13-G12) -> 3859 | J13: =IF((I13-I12<0), "0",I13-I12) -> 0 | L13: =IF((K13-K12<0), "0",K13-K12) -> 0 | N13: =IF((M13-M12<0), "0",M13-M12) -> 0 | P13: =IF((O13-O12<0), "0",O13-O12) -> 0 | R13: =IF((Q13-Q12<0), "0",Q13-Q12) -> 0 | T13: =IF((S13-S12<0), "0",S13-S12) -> 0 | V13: =IF((U13-U12<0), "",U13-U12) -> 0 | X13: =IF((W13-W12<0), "",W13-W12) -> 0 | Z13: =IF((Y13-Y12<0), "",Y13-Y12) -> 0 | AB13: =IF((AA13-AA12<0), "",AA13-AA12) -> 0 | AD13: =IF((AC13-AC12<0), "",AC13-AC12) -> 0 | AF13: =IF((AE13-AE12<0), "",AE13-AE12) -> 0 | AH13: =IF((AG13-AG12<0), "",AG13-AG12) -> 0 | AJ13: =IF((AI13-AI12<0), "",AI13-AI12) -> 0 | AL13: =IF((AK13-AK12<0), "",AK13-AK12) -> 0 | AN13: =IF((AM13-AM12<0), "",AM13-AM12) -> 0 | AP13: =IF((AO13-AO12<0), "",AO13-AO12) -> 0 | AS13: =AR13-AR3 -> 0 | AU13: =AT13-AT3 -> 0 | AV13: 96469 | AW13: =IF((AV13-AV12<0), "",AV13-AV12) -> 15 | AX13: 1365 | AY13: =IF((AX13-AX12<0), "",AX13-AX12) -> 2 | AZ13: 8208367 | BA13: =IF((AZ13-AZ12<0), "",AZ13-AZ12) -> 1665 | BB13: 1887736 | BC13: =IF((BB13-BB12<0), "",BB13-BB12) -> 1226 | BD13: 157 | BE13: 252 | BF13: 27.81 | BH13: =193*(BF13/100) -> 53.6733
A14: 44845 | D14: =IF((C14-C13<0), "0",C14-C13) -> 0 | F14: =IF((E14-E13<0), "0",E14-E13) -> 0 | G14: 13448018 | H14: =IF((G14-G13<0), "0",G14-G13) -> 4096 | J14: =IF((I14-I13<0), "0",I14-I13) -> 0 | L14: =IF((K14-K13<0), "0",K14-K13) -> 0 | N14: =IF((M14-M13<0), "0",M14-M13) -> 0 | P14: =IF((O14-O13<0), "0",O14-O13) -> 0 | R14: =IF((Q14-Q13<0), "0",Q14-Q13) -> 0 | T14: =IF((S14-S13<0), "0",S14-S13) -> 0 | V14: =IF((U14-U13<0), "",U14-U13) -> 0 | X14: =IF((W14-W13<0), "",W14-W13) -> 0 | Z14: =IF((Y14-Y13<0), "",Y14-Y13) -> 0 | AB14: =IF((AA14-AA13<0), "",AA14-AA13) -> 0 | AD14: =IF((AC14-AC13<0), "",AC14-AC13) -> 0 | AF14: =IF((AE14-AE13<0), "",AE14-AE13) -> 0 | AH14: =IF((AG14-AG13<0), "",AG14-AG13) -> 0 | AJ14: =IF((AI14-AI13<0), "",AI14-AI13) -> 0 | AL14: =IF((AK14-AK13<0), "",AK14-AK13) -> 0 | AN14: =IF((AM14-AM13<0), "",AM14-AM13) -> 0 | AP14: =IF((AO14-AO13<0), "",AO14-AO13) -> 0 | AV14: 96484 | AW14: =IF((AV14-AV13<0), "",AV14-AV13) -> 15 | AX14: 1367 | AY14: =IF((AX14-AX13<0), "",AX14-AX13) -> 2 | AZ14: 8210295 | BA14: =IF((AZ14-AZ13<0), "",AZ14-AZ13) -> 1928 | BB14: 1889025 | BC14: =IF((BB14-BB13<0), "",BB14-BB13) -> 1289 | BD14: 145 | BE14: 230 | BF14: 25.83 | BH14: =193*(BF14/100) -> 49.8519
A15: 44846 | D15: =IF((C15-C14<0), "0",C15-C14) -> 0 | F15: =IF((E15-E14<0), "0",E15-E14) -> 0 | G15: 13455569 | H15: =IF((G15-G14<0), "0",G15-G14) -> 7551 | J15: =IF((I15-I14<0), "0",I15-I14) -> 0 | L15: =IF((K15-K14<0), "0",K15-K14) -> 0 | N15: =IF((M15-M14<0), "0",M15-M14) -> 0 | P15: =IF((O15-O14<0), "0",O15-O14) -> 0 | R15: =IF((Q15-Q14<0), "0",Q15-Q14) -> 0 | T15: =IF((S15-S14<0), "0",S15-S14) -> 0 | V15: =IF((U15-U14<0), "",U15-U14) -> 0 | X15: =IF((W15-W14<0), "",W15-W14) -> 0 | Z15: =IF((Y15-Y14<0), "",Y15-Y14) -> 0 | AB15: =IF((AA15-AA14<0), "",AA15-AA14) -> 0 | AD15: =IF((AC15-AC14<0), "",AC15-AC14) -> 0 | AF15: =IF((AE15-AE14<0), "",AE15-AE14) -> 0 | AH15: =IF((AG15-AG14<0), "",AG15-AG14) -> 0 | AJ15: =IF((AI15-AI14<0), "",AI15-AI14) -> 0 | AL15: =IF((AK15-AK14<0), "",AK15-AK14) -> 0 | AN15: =IF((AM15-AM14<0), "",AM15-AM14) -> 0 | AP15: =IF((AO15-AO14<0), "",AO15-AO14) -> 0 | AS15: 0 | AU15: 0 | AV15: 96519 | AW15: =IF((AV15-AV14<0), "",AV15-AV14) -> 35 | AX15: 1371 | AY15: =IF((AX15-AX14<0), "",AX15-AX14) -> 4 | AZ15: 8213673 | BA15: =IF((AZ15-AZ14<0), "",AZ15-AZ14) -> 3378 | BB15: 1891419 | BC15: =IF((BB15-BB14<0), "",BB15-BB14) -> 2394 | BD15: 161 | BE15: 246 | BF15: 23.18 | BH15: =193*(BF15/100) -> 44.7374
A16: 44847 | D16: =IF((C16-C15<0), "0",C16-C15) -> 0 | F16: =IF((E16-E15<0), "0",E16-E15) -> 0 | G16: 13459117 | H16: =IF((G16-G15<0), "0",G16-G15) -> 3548 | J16: =IF((I16-I15<0), "0",I16-I15) -> 0 | L16: =IF((K16-K15<0), "0",K16-K15) -> 0 | N16: =IF((M16-M15<0), "0",M16-M15) -> 0 | P16: =IF((O16-O15<0), "0",O16-O15) -> 0 | R16: =IF((Q16-Q15<0), "0",Q16-Q15) -> 0 | T16: =IF((S16-S15<0), "0",S16-S15) -> 0 | V16: =IF((U16-U15<0), "",U16-U15) -> 0 | X16: =IF((W16-W15<0), "",W16-W15) -> 0 | Z16: =IF((Y16-Y15<0), "",Y16-Y15) -> 0 | AB16: =IF((AA16-AA15<0), "",AA16-AA15) -> 0 | AD16: =IF((AC16-AC15<0), "",AC16-AC15) -> 0 | AF16: =IF((AE16-AE15<0), "",AE16-AE15) -> 0 | AH16: =IF((AG16-AG15<0), "",AG16-AG15) -> 0 | AJ16: =IF((AI16-AI15<0), "",AI16-AI15) -> 0 | AL16: =IF((AK16-AK15<0), "",AK16-AK15) -> 0 | AN16: =IF((AM16-AM15<0), "",AM16-AM15) -> 0 | AP16: =IF((AO16-AO15<0), "",AO16-AO15) -> 0 | AS16: 0 | AU16: 0 | AV16: 96536 | AW16: =IF((AV16-AV15<0), "",AV16-AV15) -> 17 | AX16: 1373 | AY16: =IF((AX16-AX15<0), "",AX16-AX15) -> 2 | AZ16: 8215297 | BA16: =IF((AZ16-AZ15<0), "",AZ16-AZ15) -> 1624 | BB16: 1892554 | BC16: =IF((BB16-BB15<0), "",BB16-BB15) -> 1135 | BD16: 156 | BE16: 229 | BF16: 16.56 | BH16: =193*(BF16/100) -> 31.9608
A17: 44848 | D17: =IF((C17-C16<0), "0",C17-C16) -> 0 | F17: =IF((E17-E16<0), "0",E17-E16) -> 0 | G17: 13463287 | H17: =IF((G17-G16<0), "0",G17-G16) -> 4170 | J17: =IF((I17-I16<0), "0",I17-I16) -> 0 | L17: =IF((K17-K16<0), "0",K17-K16) -> 0 | N17: =IF((M17-M16<0), "0",M17-M16) -> 0 | P17: =IF((O17-O16<0), "0",O17-O16) -> 0 | R17: =IF((Q17-Q16<0), "0",Q17-Q16) -> 0 | T17: =IF((S17-S16<0), "0",S17-S16) -> 0 | V17: =IF((U17-U16<0), "",U17-U16) -> 0 | X17: =IF((W17-W16<0), "",W17-W16) -> 0 | Z17: =IF((Y17-Y16<0), "",Y17-Y16) -> 0 | AB17: =IF((AA17-AA16<0), "",AA17-AA16) -> 0 | AD17: =IF((AC17-AC16<0), "",AC17-AC16) -> 0 | AF17: =IF((AE17-AE16<0), "",AE17-AE16) -> 0 | AH17: =IF((AG17-AG16<0), "",AG17-AG16) -> 0 | AJ17: =IF((AI17-AI16<0), "",AI17-AI16) -> 0 | AL17: =IF((AK17-AK16<0), "",AK17-AK16) -> 0 | AN17: =IF((AM17-AM16<0), "",AM17-AM16) -> 0 | AP17: =IF((AO17-AO16<0), "",AO17-AO16) -> 0 | AS17: 0 | AU17: 0 | AV17: 96554 | AW17: =IF((AV17-AV16<0), "",AV17-AV16) -> 18 | AX17: 1375 | AY17: 4 | AZ17: 8217101 | BA17: =IF((AZ17-AZ16<0), "",AZ17-AZ16) -> 1804 | BB17: 1893891 | BC17: =IF((BB17-BB16<0), "",BB17-BB16) -> 1337 | BD17: 154 | BE17: 257 | BF17: 22.88 | BH17: =193*(BF17/100) -> 44.1584
A18: 44849 | D18: =IF((C18-C17<0), "0",C18-C17) -> 0 | F18: =IF((E18-E17<0), "0",E18-E17) -> 0 | G18: No reading | H18: =IF((G18-G17<0), "0",G18-G17) -> #VALUE! | J18: =IF((I18-I17<0), "0",I18-I17) -> 0 | L18: =IF((K18-K17<0), "0",K18-K17) -> 0 | N18: =IF((M18-M17<0), "0",M18-M17) -> 0 | P18: =IF((O18-O17<0), "0",O18-O17) -> 0 | R18: =IF((Q18-Q17<0), "0",Q18-Q17) -> 0 | T18: =IF((S18-S17<0), "0",S18-S17) -> 0 | V18: =IF((U18-U17<0), "",U18-U17) -> 0 | X18: =IF((W18-W17<0), "",W18-W17) -> 0 | Z18: =IF((Y18-Y17<0), "",Y18-Y17) -> 0 | AB18: =IF((AA18-AA17<0), "",AA18-AA17) -> 0 | AD18: =IF((AC18-AC17<0), "",AC18-AC17) -> 0 | AF18: =IF((AE18-AE17<0), "",AE18-AE17) -> 0 | AH18: =IF((AG18-AG17<0), "",AG18-AG17) -> 0 | AJ18: =IF((AI18-AI17<0), "",AI18-AI17) -> 0 | AL18: =IF((AK18-AK17<0), "",AK18-AK17) -> 0 | AN18: =IF((AM18-AM17<0), "",AM18-AM17) -> 0 | AP18: =IF((AO18-AO17<0), "",AO18-AO17) -> 0 | AS18: 0 | AU18: 0 | AV18: No reading | AW18: =IF((AV18-AV17<0), "",AV18-AV17) -> #VALUE! | AX18: No reading | AY18: =IF((AX18-AX17<0), "",AX18-AX17) -> #VALUE! | AZ18: No reading | BA18: =IF((AZ18-AZ17<0), "",AZ18-AZ17) -> #VALUE! | BB18: No reading | BC18: =IF((BB18-BB17<0), "",BB18-BB17) -> #VALUE! | BD18: 155 | BE18: 262 | BF18: 25.49 | BH18: =193*(BF18/100) -> 49.1957
A19: 44850 | D19: =IF((C19-C18<0), "0",C19-C18) -> 0 | F19: =IF((E19-E18<0), "0",E19-E18) -> 0 | G19: 13466738 | H19: =IF((G19-G18<0), "0",G19-G18) -> #VALUE! | J19: =IF((I19-I18<0), "0",I19-I18) -> 0 | L19: =IF((K19-K18<0), "0",K19-K18) -> 0 | N19: =IF((M19-M18<0), "0",M19-M18) -> 0 | P19: =IF((O19-O18<0), "0",O19-O18) -> 0 | R19: =IF((Q19-Q18<0), "0",Q19-Q18) -> 0 | T19: =IF((S19-S18<0), "0",S19-S18) -> 0 | V19: =IF((U19-U18<0), "",U19-U18) -> 0 | X19: =IF((W19-W18<0), "",W19-W18) -> 0 | Z19: =IF((Y19-Y18<0), "",Y19-Y18) -> 0 | AB19: =IF((AA19-AA18<0), "",AA19-AA18) -> 0 | AD19: =IF((AC19-AC18<0), "",AC19-AC18) -> 0 | AF19: =IF((AE19-AE18<0), "",AE19-AE18) -> 0 | AH19: =IF((AG19-AG18<0), "",AG19-AG18) -> 0 | AJ19: =IF((AI19-AI18<0), "",AI19-AI18) -> 0 | AL19: =IF((AK19-AK18<0), "",AK19-AK18) -> 0 | AN19: =IF((AM19-AM18<0), "",AM19-AM18) -> 0 | AP19: =IF((AO19-AO18<0), "",AO19-AO18) -> 0 | AS19: 0 | AU19: 0 | AV19: 96571 | AW19: =IF((AV19-AV18<0), "",AV19-AV18) -> #VALUE! | AX19: 1377 | AY19: =IF((AX19-AX18<0), "",AX19-AX18) -> #VALUE! | AZ19: 8218588 | BA19: =IF((AZ19-AZ18<0), "",AZ19-AZ18) -> #VALUE! | BB19: 1895001 | BC19: =IF((BB19-BB18<0), "",BB19-BB18) -> #VALUE! | BD19: 127 | BE19: 203 | BF19: 25.32 | BH19: =193*(BF19/100) -> 48.8676
A20: 44851 | C20: 31549729 | D20: =IF((C20-C19<0), "0",C20-C19) -> 31549729 | E20: 32071676 | F20: =IF((E20-E19<0), "0",E20-E19) -> 32071676 | G20: 13470251 | H20: =IF((G20-G19<0), "0",G20-G19) -> 3513 | I20: 1886822 | J20: =IF((I20-I19<0), "0",I20-I19) -> 1886822 | K20: 3884574 | L20: =IF((K20-K19<0), "0",K20-K19) -> 3884574 | M20: 5060480 | N20: =IF((M20-M19<0), "0",M20-M19) -> 5060480 | O20: 2630105 | P20: =IF((O20-O19<0), "0",O20-O19) -> 2630105 | Q20: 1546401 | R20: =IF((Q20-Q19<0), "0",Q20-Q19) -> 1546401 | S20: 568384 | T20: =IF((S20-S19<0), "0",S20-S19) -> 568384 | U20: 4848293 | V20: =IF((U20-U19<0), "",U20-U19) -> 4848293 | W20: 1101338 | X20: =IF((W20-W19<0), "",W20-W19) -> 1101338 | Y20: 5001458 | Z20: =IF((Y20-Y19<0), "",Y20-Y19) -> 5001458 | AA20: 2258227 | AB20: =IF((AA20-AA19<0), "",AA20-AA19) -> 2258227 | AC20: 6283543 | AD20: =IF((AC20-AC19<0), "",AC20-AC19) -> 6283543 | AE20: 9054217 | AF20: =IF((AE20-AE19<0), "",AE20-AE19) -> 9054217 | AG20: 1501163 | AH20: =IF((AG20-AG19<0), "",AG20-AG19) -> 1501163 | AI20: 282404 | AJ20: =IF((AI20-AI19<0), "",AI20-AI19) -> 282404 | AK20: 1184064 | AL20: =IF((AK20-AK19<0), "",AK20-AK19) -> 1184064 | AM20: 2241986 | AN20: =IF((AM20-AM19<0), "",AM20-AM19) -> 2241986 | AO20: 2162482 | AP20: =IF((AO20-AO19<0), "",AO20-AO19) -> 2162482 | AS20: 0 | AU20: 0 | AV20: 96588 | AW20: =IF((AV20-AV19<0), "",AV20-AV19) -> 17 | AX20: 1380 | AY20: =IF((AX20-AX19<0), "",AX20-AX19) -> 3 | AZ20: 8220061 | BA20: =IF((AZ20-AZ19<0), "",AZ20-AZ19) -> 1473 | BB20: 1896139 | BC20: =IF((BB20-BB19<0), "",BB20-BB19) -> 1138 | BD20: 130 | BE20: 198 | BF20: 23.38 | BH20: =193*(BF20/100) -> 45.1234
A21: 44852 | C21: 31556473 | D21: =IF((C21-C20<0), "0",C21-C20) -> 6744 | E21: 32078085 | F21: =IF((E21-E20<0), "0",E21-E20) -> 6409 | G21: 13473953 | H21: =IF((G21-G20<0), "0",G21-G20) -> 3702 | I21: 1887327 | J21: =IF((I21-I20<0), "0",I21-I20) -> 505 | K21: 3885331 | L21: =IF((K21-K20<0), "0",K21-K20) -> 757 | M21: 5061376 | N21: =IF((M21-M20<0), "0",M21-M20) -> 896 | O21: 2630725 | P21: =IF((O21-O20<0), "0",O21-O20) -> 620 | Q21: 1546749 | R21: =IF((Q21-Q20<0), "0",Q21-Q20) -> 348 | S21: 568504 | T21: =IF((S21-S20<0), "0",S21-S20) -> 120 | U21: 4849106 | V21: =IF((U21-U20<0), "",U21-U20) -> 813 | W21: 1101616 | X21: =IF((W21-W20<0), "",W21-W20) -> 278 | Y21: 5002117 | Z21: =IF((Y21-Y20<0), "",Y21-Y20) -> 659 | AA21: 2258874 | AB21: =IF((AA21-AA20<0), "",AA21-AA20) -> 647 | AC21: 6284897 | AD21: =IF((AC21-AC20<0), "",AC21-AC20) -> 1354 | AE21: 9056232 | AF21: =IF((AE21-AE20<0), "",AE21-AE20) -> 2015 | AG21: 1501581 | AH21: =IF((AG21-AG20<0), "",AG21-AG20) -> 418 | AI21: 282477 | AJ21: =IF((AI21-AI20<0), "",AI21-AI20) -> 73 | AK21: 1184299 | AL21: =IF((AK21-AK20<0), "",AK21-AK20) -> 235 | AM21: 2242475 | AN21: =IF((AM21-AM20<0), "",AM21-AM20) -> 489 | AO21: 2162941 | AP21: =IF((AO21-AO20<0), "",AO21-AO20) -> 459 | AS21: =AR21-AR4 -> 0 | AU21: =AT21-AT4 -> 0 | AV21: 96601 | AW21: =IF((AV21-AV20<0), "",AV21-AV20) -> 13 | AX21: 1381 | AY21: =IF((AX21-AX20<0), "",AX21-AX20) -> 1 | AZ21: 8221631 | BA21: =IF((AZ21-AZ20<0), "",AZ21-AZ20) -> 1570 | BB21: 1897311 | BC21: =IF((BB21-BB20<0), "",BB21-BB20) -> 1172 | BD21: 141 | BE21: 213 | BF21: 25.49 | BH21: =193*(BF21/100) -> 49.1957
A22: 44853 | C22: 31563254 | D22: =IF((C22-C21<0), "0",C22-C21) -> 6781 | E22: 32084704 | F22: =IF((E22-E21<0), "0",E22-E21) -> 6619 | G22: 13477594 | H22: =IF((G22-G21<0), "0",G22-G21) -> 3641 | I22: 1887856 | J22: =IF((I22-I21<0), "0",I22-I21) -> 529 | K22: 3886111 | L22: =IF((K22-K21<0), "0",K22-K21) -> 780 | M22: 5062131 | N22: =IF((M22-M21<0), "0",M22-M21) -> 755 | O22: 2631329 | P22: =IF((O22-O21<0), "0",O22-O21) -> 604 | Q22: 1547044 | R22: =IF((Q22-Q21<0), "0",Q22-Q21) -> 295 | S22: 568571 | T22: =IF((S22-S21<0), "0",S22-S21) -> 67 | U22: 4849958 | V22: =IF((U22-U21<0), "",U22-U21) -> 852 | W22: 1101898 | X22: =IF((W22-W21<0), "",W22-W21) -> 282 | Y22: 5002958 | Z22: =IF((Y22-Y21<0), "",Y22-Y21) -> 841 | AA22: 2259521 | AB22: =IF((AA22-AA21<0), "",AA22-AA21) -> 647 | AC22: 6286325 | AD22: =IF((AC22-AC21<0), "",AC22-AC21) -> 1428 | AE22: 9058122 | AF22: =IF((AE22-AE21<0), "",AE22-AE21) -> 1890 | AG22: 1502021 | AH22: =IF((AG22-AG21<0), "",AG22-AG21) -> 440 | AI22: 282547 | AJ22: =IF((AI22-AI21<0), "",AI22-AI21) -> 70 | AK22: 1184551 | AL22: =IF((AK22-AK21<0), "",AK22-AK21) -> 252 | AM22: 2242976 | AN22: =IF((AM22-AM21<0), "",AM22-AM21) -> 501 | AO22: 2163521 | AP22: =IF((AO22-AO21<0), "",AO22-AO21) -> 580 | AS22: 0 | AU22: 0 | AV22: 96619 | AW22: =IF((AV22-AV21<0), "",AV22-AV21) -> 18 | AX22: 1384 | AY22: =IF((AX22-AX21<0), "",AX22-AX21) -> 3 | AZ22: 8223157 | BA22: =IF((AZ22-AZ21<0), "",AZ22-AZ21) -> 1526 | BB22: 1898488 | BC22: =IF((BB22-BB21<0), "",BB22-BB21) -> 1177 | BD22: 125 | BE22: 185 | BF22: 21.94 | BH22: =193*(BF22/100) -> 42.3442
A23: 44854 | C23: 31570127 | D23: =IF((C23-C22<0), "0",C23-C22) -> 6873 | E23: 32091436 | F23: =IF((E23-E22<0), "0",E23-E22) -> 6732 | G23: 13480987 | H23: =IF((G23-G22<0), "0",G23-G22) -> 3393 | I23: 1888388 | J23: =IF((I23-I22<0), "0",I23-I22) -> 532 | K23: 3886865 | L23: =IF((K23-K22<0), "0",K23-K22) -> 754 | M23: 5062942 | N23: =IF((M23-M22<0), "0",M23-M22) -> 811 | O23: 2631927 | P23: =IF((O23-O22<0), "0",O23-O22) -> 598 | Q23: 1547338 | R23: =IF((Q23-Q22<0), "0",Q23-Q22) -> 294 | S23: 568713 | T23: =IF((S23-S22<0), "0",S23-S22) -> 142 | U23: 4850769 | V23: =IF((U23-U22<0), "",U23-U22) -> 811 | W23: 1102249 | X23: =IF((W23-W22<0), "",W23-W22) -> 351 | Y23: 5003832 | Z23: =IF((Y23-Y22<0), "",Y23-Y22) -> 874 | AA23: 2260186 | AB23: =IF((AA23-AA22<0), "",AA23-AA22) -> 665 | AC23: 6287694 | AD23: =IF((AC23-AC22<0), "",AC23-AC22) -> 1369 | AE23: 9060097 | AF23: =IF((AE23-AE22<0), "",AE23-AE22) -> 1975 | AG23: 1502441 | AH23: =IF((AG23-AG22<0), "",AG23-AG22) -> 420 | AI23: 282610 | AJ23: =IF((AI23-AI22<0), "",AI23-AI22) -> 63 | AK23: 1184785 | AL23: =IF((AK23-AK22<0), "",AK23-AK22) -> 234 | AM23: 2243491 | AN23: =IF((AM23-AM22<0), "",AM23-AM22) -> 515 | AO23: 2164064 | AP23: =IF((AO23-AO22<0), "",AO23-AO22) -> 543 | AS23: 0 | AU23: 0 | AV23: 96632 | AW23: =IF((AV23-AV22<0), "",AV23-AV22) -> 13 | AX23: 1385 | AY23: =IF((AX23-AX22<0), "",AX23-AX22) -> 1 | AZ23: 8224625 | BA23: =IF((AZ23-AZ22<0), "",AZ23-AZ22) -> 1468 | BB23: 1899607 | BC23: =IF((BB23-BB22<0), "",BB23-BB22) -> 1119 | BD23: 132 | BE23: 193 | BF23: 18.18 | BH23: =193*(BF23/100) -> 35.0874
A24: 44855 | C24: 31576493 | D24: =IF((C24-C23<0), "0",C24-C23) -> 6366 | E24: 32098874 | F24: =IF((E24-E23<0), "0",E24-E23) -> 7438 | G24: 13484618 | H24: =IF((G24-G23<0), "0",G24-G23) -> 3631 | I24: 1888909 | J24: =IF((I24-I23<0), "0",I24-I23) -> 521 | K24: 3887646 | L24: =IF((K24-K23<0), "0",K24-K23) -> 781 | M24: 5063764 | N24: =IF((M24-M23<0), "0",M24-M23) -> 822 | O24: 2632542 | P24: =IF((O24-O23<0), "0",O24-O23) -> 615 | Q24: 1547656 | R24: =IF((Q24-Q23<0), "0",Q24-Q23) -> 318 | S24: 568886 | T24: =IF((S24-S23<0), "0",S24-S23) -> 173 | U24: 4851547 | V24: =IF((U24-U23<0), "",U24-U23) -> 778 | W24: 1102376 | X24: =IF((W24-W23<0), "",W24-W23) -> 127 | Y24: 5004220 | Z24: =IF((Y24-Y23<0), "",Y24-Y23) -> 388 | AA24: 2261209 | AB24: =IF((AA24-AA23<0), "",AA24-AA23) -> 1023 | AC24: 6289108 | AD24: =IF((AC24-AC23<0), "",AC24-AC23) -> 1414 | AE24: 9062155 | AF24: =IF((AE24-AE23<0), "",AE24-AE23) -> 2058 | AG24: 1502873 | AH24: =IF((AG24-AG23<0), "",AG24-AG23) -> 432 | AI24: 282683 | AJ24: =IF((AI24-AI23<0), "",AI24-AI23) -> 73 | AK24: 1185034 | AL24: =IF((AK24-AK23<0), "",AK24-AK23) -> 249 | AM24: 2244027 | AN24: =IF((AM24-AM23<0), "",AM24-AM23) -> 536 | AO24: 2164587 | AP24: =IF((AO24-AO23<0), "",AO24-AO23) -> 523 | AS24: 0 | AU24: 0 | AV24: 96647 | AW24: =IF((AV24-AV23<0), "",AV24-AV23) -> 15 | AX24: 1387 | AY24: =IF((AX24-AX23<0), "",AX24-AX23) -> 2 | AZ24: 8226189 | BA24: =IF((AZ24-AZ23<0), "",AZ24-AZ23) -> 1564 | BB24: 1900801 | BC24: =IF((BB24-BB23<0), "",BB24-BB23) -> 1194 | BD24: 149 | BE24: 230 | BF24: 21.33 | BH24: =193*(BF24/100) -> 41.1669
A25: 44856 | C25: 31582743 | D25: =IF((C25-C24<0), "0",C25-C24) -> 6250 | E25: 32105211 | F25: =IF((E25-E24<0), "0",E25-E24) -> 6337 | G25: 13488268 | H25: =IF((G25-G24<0), "0",G25-G24) -> 3650 | I25: 1889437 | J25: =IF((I25-I24<0), "0",I25-I24) -> 528 | K25: 3888405 | L25: =IF((K25-K24<0), "0",K25-K24) -> 759 | M25: 5064479 | N25: =IF((M25-M24<0), "0",M25-M24) -> 715 | O25: 2633169 | P25: =IF((O25-O24<0), "0",O25-O24) -> 627 | Q25: 1547977 | R25: =IF((Q25-Q24<0), "0",Q25-Q24) -> 321 | S25: 569057 | T25: =IF((S25-S24<0), "0",S25-S24) -> 171 | U25: 4852181 | V25: =IF((U25-U24<0), "",U25-U24) -> 634 | W25: 1102453 | X25: =IF((W25-W24<0), "",W25-W24) -> 77 | Y25: 5004820 | Z25: =IF((Y25-Y24<0), "",Y25-Y24) -> 600 | AA25: 2262007 | AB25: =IF((AA25-AA24<0), "",AA25-AA24) -> 798 | AC25: 6290526 | AD25: =IF((AC25-AC24<0), "",AC25-AC24) -> 1418 | AE25: 9064235 | AF25: =IF((AE25-AE24<0), "",AE25-AE24) -> 2080 | AG25: 1503303 | AH25: =IF((AG25-AG24<0), "",AG25-AG24) -> 430 | AI25: 282752 | AJ25: =IF((AI25-AI24<0), "",AI25-AI24) -> 69 | AK25: 1185177 | AL25: =IF((AK25-AK24<0), "",AK25-AK24) -> 143 | AM25: 2244525 | AN25: =IF((AM25-AM24<0), "",AM25-AM24) -> 498 | AO25: 2165148 | AP25: =IF((AO25-AO24<0), "",AO25-AO24) -> 561 | AS25: 0 | AU25: 0 | AV25: 96664 | AW25: =IF((AV25-AV24<0), "",AV25-AV24) -> 17 | AX25: 1389 | AY25: =IF((AX25-AX24<0), "",AX25-AX24) -> 2 | AZ25: 8227754 | BA25: =IF((AZ25-AZ24<0), "",AZ25-AZ24) -> 1565 | BB25: 1901983 | BC25: =IF((BB25-BB24<0), "",BB25-BB24) -> 1182 | BD25: 154 | BE25: 230 | BF25: 22.52 | BH25: =193*(BF25/100) -> 43.4636
A26: 44857 | C26: 31588344 | D26: =IF((C26-C25<0), "0",C26-C25) -> 5601 | E26: 32113132 | F26: =IF((E26-E25<0), "0",E26-E25) -> 7921 | G26: 13491906 | H26: =IF((G26-G25<0), "0",G26-G25) -> 3638 | I26: 1889465 | J26: =IF((I26-I25<0), "0",I26-I25) -> 28 | K26: 3889168 | L26: =IF((K26-K25<0), "0",K26-K25) -> 763 | M26: 5065013 | N26: =IF((M26-M25<0), "0",M26-M25) -> 534 | O26: 2633797 | P26: =IF((O26-O25<0), "0",O26-O25) -> 628 | Q26: 1548298 | R26: =IF((Q26-Q25<0), "0",Q26-Q25) -> 321 | S26: 569228 | T26: =IF((S26-S25<0), "0",S26-S25) -> 171 | U26: 4852800 | V26: =IF((U26-U25<0), "",U26-U25) -> 619 | W26: 1102493 | X26: =IF((W26-W25<0), "",W26-W25) -> 40 | Y26: 5005014 | Z26: =IF((Y26-Y25<0), "",Y26-Y25) -> 194 | AA26: 2263143 | AB26: =IF((AA26-AA25<0), "",AA26-AA25) -> 1136 | AC26: 6291946 | AD26: =IF((AC26-AC25<0), "",AC26-AC25) -> 1420 | AE26: 9066310 | AF26: =IF((AE26-AE25<0), "",AE26-AE25) -> 2075 | AG26: 1503740 | AH26: =IF((AG26-AG25<0), "",AG26-AG25) -> 437 | AI26: 282831 | AJ26: =IF((AI26-AI25<0), "",AI26-AI25) -> 79 | AK26: 1185518 | AL26: =IF((AK26-AK25<0), "",AK26-AK25) -> 341 | AM26: 2245063 | AN26: =IF((AM26-AM25<0), "",AM26-AM25) -> 538 | AO26: 2165696 | AP26: =IF((AO26-AO25<0), "",AO26-AO25) -> 548 | AS26: 0 | AU26: 0 | AV26: 96687 | AW26: =IF((AV26-AV25<0), "",AV26-AV25) -> 23 | AX26: 1392 | AY26: =IF((AX26-AX25<0), "",AX26-AX25) -> 3 | AZ26: 8229264 | BA26: =IF((AZ26-AZ25<0), "",AZ26-AZ25) -> 1510 | BB26: 1903173 | BC26: =IF((BB26-BB25<0), "",BB26-BB25) -> 1190 | BD26: 123 | BE26: 182 | BF26: 20.92 | BH26: =193*(BF26/100) -> 40.3756
A27: 44858 | C27: 31593285 | D27: =IF((C27-C26<0), "0",C27-C26) -> 4941 | E27: 32119042 | F27: =IF((E27-E26<0), "0",E27-E26) -> 5910 | G27: 13494863 | H27: =IF((G27-G26<0), "0",G27-G26) -> 2957 | I27: 1890419 | J27: =IF((I27-I26<0), "0",I27-I26) -> 954 | K27: 3881810 | L27: =IF((K27-K26<0), "0",K27-K26) -> 0 | M27: 5065606 | N27: =IF((M27-M26<0), "0",M27-M26) -> 593 | O27: 2634276 | P27: =IF((O27-O26<0), "0",O27-O26) -> 479 | Q27: 1548565 | R27: =IF((Q27-Q26<0), "0",Q27-Q26) -> 267 | S27: 569367 | T27: =IF((S27-S26<0), "0",S27-S26) -> 139 | U27: 4853382 | V27: =IF((U27-U26<0), "",U27-U26) -> 582 | W27: 1102607 | X27: =IF((W27-W26<0), "",W27-W26) -> 114 | Y27: 5005155 | Z27: =IF((Y27-Y26<0), "",Y27-Y26) -> 141 | AA27: 2263976 | AB27: =IF((AA27-AA26<0), "",AA27-AA26) -> 833 | AC27: 6293101 | AD27: =IF((AC27-AC26<0), "",AC27-AC26) -> 1155 | AE27: 9068007 | AF27: =IF((AE27-AE26<0), "",AE27-AE26) -> 1697 | AG27: 1504093 | AH27: =IF((AG27-AG26<0), "",AG27-AG26) -> 353 | AI27: 282891 | AJ27: =IF((AI27-AI26<0), "",AI27-AI26) -> 60 | AK27: 1185714 | AL27: =IF((AK27-AK26<0), "",AK27-AK26) -> 196 | AM27: 2245477 | AN27: =IF((AM27-AM26<0), "",AM27-AM26) -> 414 | AO27: 2166146 | AP27: =IF((AO27-AO26<0), "",AO27-AO26) -> 450 | AS27: 0 | AU27: 0 | AV27: 96695 | AW27: =IF((AV27-AV26<0), "",AV27-AV26) -> 8 | AX27: 1394 | AY27: =IF((AX27-AX26<0), "",AX27-AX26) -> 2 | AZ27: 8230518 | BA27: =IF((AZ27-AZ26<0), "",AZ27-AZ26) -> 1254 | BB27: 1904133 | BC27: =IF((BB27-BB26<0), "",BB27-BB26) -> 960 | BD27: 127 | BE27: 181 | BF27: 17.65 | BH27: =193*(BF27/100) -> 34.0645
A28: 44099 | C28: 31599735 | D28: =IF((C28-C27<0), "0",C28-C27) -> 6450 | E28: 32125719 | F28: =IF((E28-E27<0), "0",E28-E27) -> 6677 | G28: 13498589 | H28: =IF((G28-G27<0), "0",G28-G27) -> 3726 | I28: 1890944 | J28: =IF((I28-I27<0), "0",I28-I27) -> 525 | K28: 3890565 | L28: =IF((K28-K27<0), "0",K28-K27) -> 8755 | M28: 5066413 | N28: =IF((M28-M27<0), "0",M28-M27) -> 807 | O28: 2634903 | P28: =IF((O28-O27<0), "0",O28-O27) -> 627 | Q28: 1548907 | R28: =IF((Q28-Q27<0), "0",Q28-Q27) -> 342 | S28: 569539 | T28: =IF((S28-S27<0), "0",S28-S27) -> 172 | U28: 4854175 | V28: =IF((U28-U27<0), "",U28-U27) -> 793 | W28: 1102867 | X28: =IF((W28-W27<0), "",W28-W27) -> 260 | Y28: 5005510 | Z28: =IF((Y28-Y27<0), "",Y28-Y27) -> 355 | AA28: 2264810 | AB28: =IF((AA28-AA27<0), "",AA28-AA27) -> 834 | AC28: 6294524 | AD28: =IF((AC28-AC27<0), "",AC28-AC27) -> 1423 | AE28: 9069976 | AF28: =IF((AE28-AE27<0), "",AE28-AE27) -> 1969 | AG28: 1504528 | AH28: =IF((AG28-AG27<0), "",AG28-AG27) -> 435 | AI28: 282965 | AJ28: =IF((AI28-AI27<0), "",AI28-AI27) -> 74 | AK28: 1185946 | AL28: =IF((AK28-AK27<0), "",AK28-AK27) -> 232 | AM28: 2246000 | AN28: =IF((AM28-AM27<0), "",AM28-AM27) -> 523 | AO28: 2166667 | AP28: =IF((AO28-AO27<0), "",AO28-AO27) -> 521 | AS28: 0 | AU28: 0 | AV28: 96709 | AW28: =IF((AV28-AV27<0), "",AV28-AV27) -> 14 | AX28: 1395 | AY28: =IF((AX28-AX27<0), "",AX28-AX27) -> 1 | AZ28: 8232106 | BA28: =IF((AZ28-AZ27<0), "",AZ28-AZ27) -> 1588 | BB28: 1905326 | BC28: =IF((BB28-BB27<0), "",BB28-BB27) -> 1193 | BD28: 79 | BE28: 115 | BF28: 25.83 | BH28: =193*(BF28/100) -> 49.8519
A29: 44860 | C29: 31606208 | D29: =IF((C29-C28<0), "0",C29-C28) -> 6473 | E29: 32132995 | F29: =IF((E29-E28<0), "0",E29-E28) -> 7276 | G29: 13502100 | H29: =IF((G29-G28<0), "0",G29-G28) -> 3511 | I29: 1891459 | J29: =IF((I29-I28<0), "0",I29-I28) -> 515 | K29: 3891344 | L29: =IF((K29-K28<0), "0",K29-K28) -> 779 | M29: 5067095 | N29: =IF((M29-M28<0), "0",M29-M28) -> 682 | O29: 2635474 | P29: =IF((O29-O28<0), "0",O29-O28) -> 571 | Q29: 1549238 | R29: =IF((Q29-Q28<0), "0",Q29-Q28) -> 331 | S29: 569711 | T29: =IF((S29-S28<0), "0",S29-S28) -> 172 | U29: 4855015 | V29: =IF((U29-U28<0), "",U29-U28) -> 840 | W29: 1103240 | X29: =IF((W29-W28<0), "",W29-W28) -> 373 | Y29: 5005933 | Z29: =IF((Y29-Y28<0), "",Y29-Y28) -> 423 | AA29: 2265846 | AB29: =IF((AA29-AA28<0), "",AA29-AA28) -> 1036 | AC29: 6295941 | AD29: =IF((AC29-AC28<0), "",AC29-AC28) -> 1417 | AE29: 9072042 | AF29: =IF((AE29-AE28<0), "",AE29-AE28) -> 2066 | AG29: 1504961 | AH29: =IF((AG29-AG28<0), "",AG29-AG28) -> 433 | AI29: 283039 | AJ29: =IF((AI29-AI28<0), "",AI29-AI28) -> 74 | AK29: 1186183 | AL29: =IF((AK29-AK28<0), "",AK29-AK28) -> 237 | AM29: 2246544 | AN29: =IF((AM29-AM28<0), "",AM29-AM28) -> 544 | AO29: 2167132 | AP29: =IF((AO29-AO28<0), "",AO29-AO28) -> 465 | AS29: 0 | AU29: 0 | AV29: 96722 | AW29: =IF((AV29-AV28<0), "",AV29-AV28) -> 13 | AX29: 1397 | AY29: =IF((AX29-AX28<0), "",AX29-AX28) -> 2 | AZ29: 8233559 | BA29: =IF((AZ29-AZ28<0), "",AZ29-AZ28) -> 1453 | BB29: 1906472 | BC29: =IF((BB29-BB28<0), "",BB29-BB28) -> 1146 | BD29: 109 | BE29: 165 | BF29: 26.32 | BH29: =193*(BF29/100) -> 50.7976
A30: 44861 | C30: 31614605 | D30: =IF((C30-C29<0), "0",C30-C29) -> 8397 | E30: 32141136 | F30: =IF((E30-E29<0), "0",E30-E29) -> 8141 | G30: 13506073 | H30: =IF((G30-G29<0), "0",G30-G29) -> 3973 | I30: 1892026 | J30: =IF((I30-I29<0), "0",I30-I29) -> 567 | K30: 3892223 | L30: =IF((K30-K29<0), "0",K30-K29) -> 879 | M30: 5067888 | N30: =IF((M30-M29<0), "0",M30-M29) -> 793 | O30: 2636204 | P30: =IF((O30-O29<0), "0",O30-O29) -> 730 | Q30: 1549607 | R30: =IF((Q30-Q29<0), "0",Q30-Q29) -> 369 | S30: 569902 | T30: =IF((S30-S29<0), "0",S30-S29) -> 191 | U30: 4855886 | V30: =IF((U30-U29<0), "",U30-U29) -> 871 | W30: 1103740 | X30: =IF((W30-W29<0), "",W30-W29) -> 500 | Y30: 5007423 | Z30: =IF((Y30-Y29<0), "",Y30-Y29) -> 1490 | AA30: 2266969 | AB30: =IF((AA30-AA29<0), "",AA30-AA29) -> 1123 | AC30: 6297535 | AD30: =IF((AC30-AC29<0), "",AC30-AC29) -> 1594 | AE30: 9074376 | AF30: =IF((AE30-AE29<0), "",AE30-AE29) -> 2334 | AG30: 1505446 | AH30: =IF((AG30-AG29<0), "",AG30-AG29) -> 485 | AI30: 283122 | AJ30: =IF((AI30-AI29<0), "",AI30-AI29) -> 83 | AK30: 1186450 | AL30: =IF((AK30-AK29<0), "",AK30-AK29) -> 267 | AM30: 2247108 | AN30: =IF((AM30-AM29<0), "",AM30-AM29) -> 564 | AO30: 2167727 | AP30: =IF((AO30-AO29<0), "",AO30-AO29) -> 595 | AS30: 0 | AU30: 0 | AV30: 96739 | AW30: =IF((AV30-AV29<0), "",AV30-AV29) -> 17 | AX30: 1398 | AY30: =IF((AX30-AX29<0), "",AX30-AX29) -> 1 | AZ30: 8235194 | BA30: =IF((AZ30-AZ29<0), "",AZ30-AZ29) -> 1635 | BB30: 1907761 | BC30: =IF((BB30-BB29<0), "",BB30-BB29) -> 1289 | BD30: 133 | BE30: 212 | BF30: 18.79 | BH30: =193*(BF30/100) -> 36.2647
A31: 44862 | D31: =IF((C31-C30<0), "0",C31-C30) -> 0 | F31: =IF((E31-E30<0), "0",E31-E30) -> 0 | H31: =IF((G31-G30<0), "0",G31-G30) -> 0 | J31: =IF((I31-I30<0), "0",I31-I30) -> 0 | L31: =IF((K31-K30<0), "0",K31-K30) -> 0 | N31: =IF((M31-M30<0), "0",M31-M30) -> 0 | P31: =IF((O31-O30<0), "0",O31-O30) -> 0 | R31: =IF((Q31-Q30<0), "0",Q31-Q30) -> 0 | T31: =IF((S31-S30<0), "0",S31-S30) -> 0 | V31: =IF((U31-U30<0), "",U31-U30) | X31: =IF((W31-W30<0), "",W31-W30) | Z31: =IF((Y31-Y30<0), "",Y31-Y30) | AB31: =IF((AA31-AA30<0), "",AA31-AA30) | AD31: =IF((AC31-AC30<0), "",AC31-AC30) | AF31: =IF((AE31-AE30<0), "",AE31-AE30) | AH31: =IF((AG31-AG30<0), "",AG31-AG30) | AJ31: =IF((AI31-AI30<0), "",AI31-AI30) | AL31: =IF((AK31-AK30<0), "",AK31-AK30) | AN31: =IF((AM31-AM30<0), "",AM31-AM30) | AP31: =IF((AO31-AO30<0), "",AO31-AO30) | AS31: 0 | AU31: 0 | AW31: =IF((AV31-AV30<0), "",AV31-AV30) | AY31: =IF((AX31-AX30<0), "",AX31-AX30) | BA31: =IF((AZ31-AZ30<0), "",AZ31-AZ30) | BC31: =IF((BB31-BB30<0), "",BB31-BB30) | BF31: 23.49 | BH31: =193*(BF31/100) -> 45.3357
A32: 44863 | D32: =IF((C32-C31<0), "0",C32-C31) -> 0 | F32: =IF((E32-E31<0), "0",E32-E31) -> 0 | H32: 3992 | J32: =IF((I32-I31<0), "0",I32-I31) -> 0 | L32: =IF((K32-K31<0), "0",K32-K31) -> 0 | N32: =IF((M32-M31<0), "0",M32-M31) -> 0 | P32: =IF((O32-O31<0), "0",O32-O31) -> 0 | R32: =IF((Q32-Q31<0), "0",Q32-Q31) -> 0 | T32: =IF((S32-S31<0), "0",S32-S31) -> 0 | V32: =IF((U32-U31<0), "",U32-U31) -> 0 | X32: =IF((W32-W31<0), "",W32-W31) -> 0 | Z32: =IF((Y32-Y31<0), "",Y32-Y31) -> 0 | AB32: =IF((AA32-AA31<0), "",AA32-AA31) -> 0 | AD32: =IF((AC32-AC31<0), "",AC32-AC31) -> 0 | AF32: =IF((AE32-AE31<0), "",AE32-AE31) -> 0 | AH32: =IF((AG32-AG31<0), "",AG32-AG31) -> 0 | AJ32: =IF((AI32-AI31<0), "",AI32-AI31) -> 0 | AL32: =IF((AK32-AK31<0), "",AK32-AK31) -> 0 | AN32: =IF((AM32-AM31<0), "",AM32-AM31) -> 0 | AP32: =IF((AO32-AO31<0), "",AO32-AO31) -> 0 | AW32: =IF((AV32-AV31<0), "",AV32-AV31) -> 0 | AY32: =IF((AX32-AX31<0), "",AX32-AX31) -> 0 | BA32: =IF((AZ32-AZ31<0), "",AZ32-AZ31) -> 0 | BC32: 0 | BF32: 20.67 | BH32: =193*(BF32/100) -> 39.8931
A33: 44864 | D33: =IF((C33-C32<0), "0",C33-C32) -> 0 | F33: =IF((E33-E32<0), "0",E33-E32) -> 0 | H33: 3992 | J33: =IF((I33-I32<0), "0",I33-I32) -> 0 | L33: =IF((K33-K32<0), "0",K33-K32) -> 0 | N33: =IF((M33-M32<0), "0",M33-M32) -> 0 | P33: =IF((O33-O32<0), "0",O33-O32) -> 0 | R33: =IF((Q33-Q32<0), "0",Q33-Q32) -> 0 | T33: =IF((S33-S32<0), "0",S33-S32) -> 0 | V33: =IF((U33-U32<0), "",U33-U32) -> 0 | X33: =IF((W33-W32<0), "",W33-W32) -> 0 | Z33: =IF((Y33-Y32<0), "",Y33-Y32) -> 0 | AB33: =IF((AA33-AA32<0), "",AA33-AA32) -> 0 | AD33: =IF((AC33-AC32<0), "",AC33-AC32) -> 0 | AF33: =IF((AE33-AE32<0), "",AE33-AE32) -> 0 | AH33: =IF((AG33-AG32<0), "",AG33-AG32) -> 0 | AJ33: =IF((AI33-AI32<0), "",AI33-AI32) -> 0 | AL33: =IF((AK33-AK32<0), "",AK33-AK32) -> 0 | AN33: =IF((AM33-AM32<0), "",AM33-AM32) -> 0 | AP33: =IF((AO33-AO32<0), "",AO33-AO32) -> 0 | AW33: =IF((AV33-AV32<0), "",AV33-AV32) -> 0 | AY33: =IF((AX33-AX32<0), "",AX33-AX32) -> 0 | BA33: =IF((AZ33-AZ32<0), "",AZ33-AZ32) -> 0 | BC33: 0 | BF33: 13.25 | BH33: =193*(BF33/100) -> 25.5725
A34: 44864 | D34: =IF((C34-C33<0), "0",C34-C33) -> 0 | F34: =IF((E34-E33<0), "0",E34-E33) -> 0 | H34: =IF((G34-G33<0), "0",G34-G33) -> 0 | J34: =IF((I34-I33<0), "0",I34-I33) -> 0 | L34: =IF((K34-K33<0), "0",K34-K33) -> 0 | N34: =IF((M34-M33<0), "0",M34-M33) -> 0 | P34: =IF((O34-O33<0), "0",O34-O33) -> 0 | R34: =IF((Q34-Q33<0), "0",Q34-Q33) -> 0 | T34: =IF((S34-S33<0), "0",S34-S33) -> 0 | V34: =IF((U34-U33<0), "",U34-U33) -> 0 | X34: =IF((W34-W33<0), "",W34-W33) -> 0 | Z34: =IF((Y34-Y33<0), "",Y34-Y33) -> 0 | AB34: =IF((AA34-AA33<0), "",AA34-AA33) -> 0 | AD34: =IF((AC34-AC33<0), "",AC34-AC33) -> 0 | AF34: =IF((AE34-AE33<0), "",AE34-AE33) -> 0 | AH34: =IF((AG34-AG33<0), "",AG34-AG33) -> 0 | AJ34: =IF((AI34-AI33<0), "",AI34-AI33) -> 0 | AL34: =IF((AK34-AK33<0), "",AK34-AK33) -> 0 | AN34: =IF((AM34-AM33<0), "",AM34-AM33) -> 0 | AP34: =IF((AO34-AO33<0), "",AO34-AO33) -> 0 | AW34: =IF((AV34-AV33<0), "",AV34-AV33) -> 0 | AY34: =IF((AX34-AX33<0), "",AX34-AX33) -> 0 | BA34: =IF((AZ34-AZ33<0), "",AZ34-AZ33) -> 0 | BC34: =IF((BB34-BB33<0), "",BB34-BB33) -> 0
