Workbook

Sheet Total Daily 
A1: Site Name | B1: Day | C1: Month | D1: Year | E1: Total Electricity Kwh | F1: Electricity Tariff ($/Kwh) | G1: LPG (Kg) | H1: LPG $/Kg | I1: District Energy Cooling Kwh | J1: District Energy Cooling $/Kwh | K1: Water Utility Supply (m3) m3 | L1: Water Utility Supply (m3) m3 | M1: Water Utility Supply (m3) $/m3 | N1: Room Nights
A2: Dubai DIFC | B2: 1 | C2: 11 | D2: 2022 | E2: ='11 - 2022'!B8-'11 - 2022'!B7+'11 - 2022'!C8-'11 - 2022'!C7 -> 10190 | F2: 0.118 | G2: ='11 - 2022'!D8-'11 - 2022'!D7+'11 - 2022'!E8-'11 - 2022'!E7 -> 22.38 | H2: 0.99 | I2: ='11 - 2022'!J8-'11 - 2022'!J7 -> 29211 | J2: 0.081 | K2: ='11 - 2022'!H8-'11 - 2022'!H7 -> 0 | L2: ='11 - 2022'!I8-'11 - 2022'!I7 -> 572 | M2: 4.3936294 | N2: 97
A3: Dubai DIFC | B3: =B2+1 -> 2 | C3: 11 | D3: 2022 | E3: 0 | F3: 0.118 | G3: 0 | H3: 0.99 | I3: 0 | J3: 0.081 | K3: 0 | L3: 0 | M3: 4.3936294
A4: Dubai DIFC | B4: =B3+1 -> 3 | C4: 11 | D4: 2022 | E4: ='11 - 2022'!B10-'11 - 2022'!B9+'11 - 2022'!C10-'11 - 2022'!C9 -> 0 | F4: 0.118 | G4: ='11 - 2022'!D10-'11 - 2022'!D9+'11 - 2022'!E10-'11 - 2022'!E9 -> 0 | H4: 0.99 | I4: ='11 - 2022'!J10-'11 - 2022'!J9 -> 0 | J4: 0.081 | K4: ='11 - 2022'!H10-'11 - 2022'!H9 -> 0 | L4: ='11 - 2022'!I10-'11 - 2022'!I9 -> 0 | M4: 4.3936294
A5: Dubai DIFC | B5: =B4+1 -> 4 | C5: 11 | D5: 2022 | E5: ='11 - 2022'!B11-'11 - 2022'!B10+'11 - 2022'!C11-'11 - 2022'!C10 -> 0 | F5: 0.118 | G5: ='11 - 2022'!D11-'11 - 2022'!D10+'11 - 2022'!E11-'11 - 2022'!E10 -> 0 | H5: 0.99 | I5: ='11 - 2022'!J11-'11 - 2022'!J10 -> 0 | J5: 0.081 | K5: ='11 - 2022'!H11-'11 - 2022'!H10 -> 0 | L5: ='11 - 2022'!I11-'11 - 2022'!I10 -> 0 | M5: 4.3936294
A6: Dubai DIFC | B6: =B5+1 -> 5 | C6: 11 | D6: 2022 | E6: ='11 - 2022'!B12-'11 - 2022'!B11+'11 - 2022'!C12-'11 - 2022'!C11 -> 0 | F6: 0.118 | G6: ='11 - 2022'!D12-'11 - 2022'!D11+'11 - 2022'!E12-'11 - 2022'!E11 -> 0 | H6: 0.99 | I6: ='11 - 2022'!J12-'11 - 2022'!J11 -> 0 | J6: 0.081 | K6: ='11 - 2022'!H12-'11 - 2022'!H11 -> 0 | L6: ='11 - 2022'!I12-'11 - 2022'!I11 -> 0 | M6: 4.3936294
A7: Dubai DIFC | B7: =B6+1 -> 6 | C7: 11 | D7: 2022 | E7: ='11 - 2022'!B13-'11 - 2022'!B12+'11 - 2022'!C13-'11 - 2022'!C12 -> 0 | F7: 0.118 | G7: ='11 - 2022'!D13-'11 - 2022'!D12+'11 - 2022'!E13-'11 - 2022'!E12 -> 0 | H7: 0.99 | I7: ='11 - 2022'!J13-'11 - 2022'!J12 -> 0 | J7: 0.081 | K7: ='11 - 2022'!H13-'11 - 2022'!H12 -> 0 | L7: ='11 - 2022'!I13-'11 - 2022'!I12 -> 0 | M7: 4.3936294
A8: Dubai DIFC | B8: =B7+1 -> 7 | C8: 11 | D8: 2022 | E8: ='11 - 2022'!B14-'11 - 2022'!B13+'11 - 2022'!C14-'11 - 2022'!C13 -> 0 | F8: 0.118 | G8: ='11 - 2022'!D14-'11 - 2022'!D13+'11 - 2022'!E14-'11 - 2022'!E13 -> 0 | H8: 0.99 | I8: ='11 - 2022'!J14-'11 - 2022'!J13 -> 0 | J8: 0.081 | K8: ='11 - 2022'!H14-'11 - 2022'!H13 -> 0 | L8: ='11 - 2022'!I14-'11 - 2022'!I13 -> 0 | M8: 4.3936294
A9: Dubai DIFC | B9: =B8+1 -> 8 | C9: 11 | D9: 2022 | E9: ='11 - 2022'!B15-'11 - 2022'!B14+'11 - 2022'!C15-'11 - 2022'!C14 -> 0 | F9: 0.118 | G9: ='11 - 2022'!D15-'11 - 2022'!D14+'11 - 2022'!E15-'11 - 2022'!E14 -> 0 | H9: 0.99 | I9: ='11 - 2022'!J15-'11 - 2022'!J14 -> 0 | J9: 0.081 | K9: ='11 - 2022'!H15-'11 - 2022'!H14 -> 0 | L9: ='11 - 2022'!I15-'11 - 2022'!I14 -> 0 | M9: 4.3936294
A10: Dubai DIFC | B10: =B9+1 -> 9 | C10: 11 | D10: 2022 | E10: ='11 - 2022'!B16-'11 - 2022'!B15+'11 - 2022'!C16-'11 - 2022'!C15 -> 0 | F10: 0.118 | G10: ='11 - 2022'!D16-'11 - 2022'!D15+'11 - 2022'!E16-'11 - 2022'!E15 -> 0 | H10: 0.99 | I10: ='11 - 2022'!J16-'11 - 2022'!J15 -> 0 | J10: 0.081 | K10: ='11 - 2022'!H16-'11 - 2022'!H15 -> 0 | L10: ='11 - 2022'!I16-'11 - 2022'!I15 -> 0 | M10: 4.3936294
A11: Dubai DIFC | B11: =B10+1 -> 10 | C11: 11 | D11: 2022 | E11: ='11 - 2022'!B17-'11 - 2022'!B16+'11 - 2022'!C17-'11 - 2022'!C16 -> 0 | F11: 0.118 | G11: ='11 - 2022'!D17-'11 - 2022'!D16+'11 - 2022'!E17-'11 - 2022'!E16 -> 0 | H11: 0.99 | I11: ='11 - 2022'!J17-'11 - 2022'!J16 -> 0 | J11: 0.081 | K11: ='11 - 2022'!H17-'11 - 2022'!H16 -> 0 | L11: ='11 - 2022'!I17-'11 - 2022'!I16 -> 0 | M11: 4.3936294
A12: Dubai DIFC | B12: =B11+1 -> 11 | C12: 11 | D12: 2022 | E12: ='11 - 2022'!B18-'11 - 2022'!B17+'11 - 2022'!C18-'11 - 2022'!C17 -> 0 | F12: 0.118 | G12: ='11 - 2022'!D18-'11 - 2022'!D17+'11 - 2022'!E18-'11 - 2022'!E17 -> 0 | H12: 0.99 | I12: ='11 - 2022'!J18-'11 - 2022'!J17 -> 0 | J12: 0.081 | K12: ='11 - 2022'!H18-'11 - 2022'!H17 -> 0 | L12: ='11 - 2022'!I18-'11 - 2022'!I17 -> 0 | M12: 4.3936294
A13: Dubai DIFC | B13: =B12+1 -> 12 | C13: 11 | D13: 2022 | E13: ='11 - 2022'!B19-'11 - 2022'!B18+'11 - 2022'!C19-'11 - 2022'!C18 -> 0 | F13: 0.118 | G13: ='11 - 2022'!D19-'11 - 2022'!D18+'11 - 2022'!E19-'11 - 2022'!E18 -> 0 | H13: 0.99 | I13: ='11 - 2022'!J19-'11 - 2022'!J18 -> 0 | J13: 0.081 | K13: ='11 - 2022'!H19-'11 - 2022'!H18 -> 0 | L13: ='11 - 2022'!I19-'11 - 2022'!I18 -> 0 | M13: 4.3936294
A14: Dubai DIFC | B14: =B13+1 -> 13 | C14: 11 | D14: 2022 | E14: ='11 - 2022'!B20-'11 - 2022'!B19+'11 - 2022'!C20-'11 - 2022'!C19 -> 0 | F14: 0.118 | G14: ='11 - 2022'!D20-'11 - 2022'!D19+'11 - 2022'!E20-'11 - 2022'!E19 -> 0 | H14: 0.99 | I14: ='11 - 2022'!J20-'11 - 2022'!J19 -> 0 | J14: 0.081 | K14: ='11 - 2022'!H20-'11 - 2022'!H19 -> 0 | L14: ='11 - 2022'!I20-'11 - 2022'!I19 -> 0 | M14: 4.3936294
A15: Dubai DIFC | B15: =B14+1 -> 14 | C15: 11 | D15: 2022 | E15: ='11 - 2022'!B21-'11 - 2022'!B20+'11 - 2022'!C21-'11 - 2022'!C20 -> 0 | F15: 0.118 | G15: ='11 - 2022'!D21-'11 - 2022'!D20+'11 - 2022'!E21-'11 - 2022'!E20 -> 0 | H15: 0.99 | I15: ='11 - 2022'!J21-'11 - 2022'!J20 -> 0 | J15: 0.081 | K15: ='11 - 2022'!H21-'11 - 2022'!H20 -> 0 | L15: ='11 - 2022'!I21-'11 - 2022'!I20 -> 0 | M15: 4.3936294
... A31: Dubai DIFC | B31: =B30+1 -> 30 | C31: 11 | D31: 2022 | E31: ='11 - 2022'!B37-'11 - 2022'!B36+'11 - 2022'!C37-'11 - 2022'!C36 -> 0 | F31: 0.118 | G31: ='11 - 2022'!D37-'11 - 2022'!D36+'11 - 2022'!E37-'11 - 2022'!E36 -> 0 | H31: 0.99 | I31: ='11 - 2022'!J37-'11 - 2022'!J36 -> 0 | J31: 0.081 | K31: ='11 - 2022'!H37-'11 - 2022'!H36 -> 0 | L31: ='11 - 2022'!I37-'11 - 2022'!I36 -> 0 | M31: 4.3936294

Sheet Submetering Daily 
A1: Site Name | B1: Day | C1: Month | D1: Year | E1: Panel LV1 Kwh | F1: Panel LV2 Kwh | G1: Electricity Tariff ($/Kwh) | H1: Main Kitchen LPG (Kg) | I1: Podium Kitchen LPG (Kg) | J1: Boiler LPG (Kg) | K1: LPG $/Kg | L1: Room Nights
A2: Dubai DIFC | B2: 1 | C2: 11 | D2: 2022 | E2: ='11 - 2022'!B8-'11 - 2022'!B7 -> 4095 | F2: ='11 - 2022'!C8-'11 - 2022'!C7 -> 6095 | G2: 0.118 | H2: ='11 - 2022'!E8-'11 - 2022'!E7 -> 22.8 | I2: ='11 - 2022'!F8-'11 - 2022'!F7 -> 10.76 | J2: ='11 - 2022'!G8-'11 - 2022'!G7 -> 29.69 | K2: 0.74 | L2: 97
A3: Dubai DIFC | B3: =B2+1 -> 2 | C3: 11 | D3: 2022 | E3: 0 | F3: 0 | G3: 0.118 | H3: 0 | I3: 0 | J3: 0 | K3: 0.74
A4: Dubai DIFC | B4: =B3+1 -> 3 | C4: 11 | D4: 2022 | E4: ='11 - 2022'!B10-'11 - 2022'!B9 -> 0 | F4: ='11 - 2022'!C10-'11 - 2022'!C9 -> 0 | G4: 0.118 | H4: ='11 - 2022'!E10-'11 - 2022'!E9 -> 0 | I4: ='11 - 2022'!F10-'11 - 2022'!F9 -> 0 | J4: ='11 - 2022'!G10-'11 - 2022'!G9 -> 0 | K4: 0.74
A5: Dubai DIFC | B5: =B4+1 -> 4 | C5: 11 | D5: 2022 | E5: ='11 - 2022'!B11-'11 - 2022'!B10 -> 0 | F5: ='11 - 2022'!C11-'11 - 2022'!C10 -> 0 | G5: 0.118 | H5: ='11 - 2022'!E11-'11 - 2022'!E10 -> 0 | I5: ='11 - 2022'!F11-'11 - 2022'!F10 -> 0 | J5: ='11 - 2022'!G11-'11 - 2022'!G10 -> 0 | K5: 0.74
A6: Dubai DIFC | B6: =B5+1 -> 5 | C6: 11 | D6: 2022 | E6: ='11 - 2022'!B12-'11 - 2022'!B11 -> 0 | F6: ='11 - 2022'!C12-'11 - 2022'!C11 -> 0 | G6: 0.118 | H6: ='11 - 2022'!E12-'11 - 2022'!E11 -> 0 | I6: ='11 - 2022'!F12-'11 - 2022'!F11 -> 0 | J6: ='11 - 2022'!G12-'11 - 2022'!G11 -> 0 | K6: 0.74
A7: Dubai DIFC | B7: =B6+1 -> 6 | C7: 11 | D7: 2022 | E7: ='11 - 2022'!B13-'11 - 2022'!B12 -> 0 | F7: ='11 - 2022'!C13-'11 - 2022'!C12 -> 0 | G7: 0.118 | H7: ='11 - 2022'!E13-'11 - 2022'!E12 -> 0 | I7: ='11 - 2022'!F13-'11 - 2022'!F12 -> 0 | J7: ='11 - 2022'!G13-'11 - 2022'!G12 -> 0 | K7: 0.74
A8: Dubai DIFC | B8: =B7+1 -> 7 | C8: 11 | D8: 2022 | E8: ='11 - 2022'!B14-'11 - 2022'!B13 -> 0 | F8: ='11 - 2022'!C14-'11 - 2022'!C13 -> 0 | G8: 0.118 | H8: ='11 - 2022'!E14-'11 - 2022'!E13 -> 0 | I8: ='11 - 2022'!F14-'11 - 2022'!F13 -> 0 | J8: ='11 - 2022'!G14-'11 - 2022'!G13 -> 0 | K8: 0.74
A9: Dubai DIFC | B9: =B8+1 -> 8 | C9: 11 | D9: 2022 | E9: ='11 - 2022'!B15-'11 - 2022'!B14 -> 0 | F9: ='11 - 2022'!C15-'11 - 2022'!C14 -> 0 | G9: 0.118 | H9: ='11 - 2022'!E15-'11 - 2022'!E14 -> 0 | I9: ='11 - 2022'!F15-'11 - 2022'!F14 -> 0 | J9: ='11 - 2022'!G15-'11 - 2022'!G14 -> 0 | K9: 0.74
A10: Dubai DIFC | B10: =B9+1 -> 9 | C10: 11 | D10: 2022 | E10: ='11 - 2022'!B16-'11 - 2022'!B15 -> 0 | F10: ='11 - 2022'!C16-'11 - 2022'!C15 -> 0 | G10: 0.118 | H10: ='11 - 2022'!E16-'11 - 2022'!E15 -> 0 | I10: ='11 - 2022'!F16-'11 - 2022'!F15 -> 0 | J10: ='11 - 2022'!G16-'11 - 2022'!G15 -> 0 | K10: 0.74
A11: Dubai DIFC | B11: =B10+1 -> 10 | C11: 11 | D11: 2022 | E11: ='11 - 2022'!B17-'11 - 2022'!B16 -> 0 | F11: ='11 - 2022'!C17-'11 - 2022'!C16 -> 0 | G11: 0.118 | H11: ='11 - 2022'!E17-'11 - 2022'!E16 -> 0 | I11: ='11 - 2022'!F17-'11 - 2022'!F16 -> 0 | J11: ='11 - 2022'!G17-'11 - 2022'!G16 -> 0 | K11: 0.74
A12: Dubai DIFC | B12: =B11+1 -> 11 | C12: 11 | D12: 2022 | E12: ='11 - 2022'!B18-'11 - 2022'!B17 -> 0 | F12: ='11 - 2022'!C18-'11 - 2022'!C17 -> 0 | G12: 0.118 | H12: ='11 - 2022'!E18-'11 - 2022'!E17 -> 0 | I12: ='11 - 2022'!F18-'11 - 2022'!F17 -> 0 | J12: ='11 - 2022'!G18-'11 - 2022'!G17 -> 0 | K12: 0.74
A13: Dubai DIFC | B13: =B12+1 -> 12 | C13: 11 | D13: 2022 | E13: ='11 - 2022'!B19-'11 - 2022'!B18 -> 0 | F13: ='11 - 2022'!C19-'11 - 2022'!C18 -> 0 | G13: 0.118 | H13: ='11 - 2022'!E19-'11 - 2022'!E18 -> 0 | I13: ='11 - 2022'!F19-'11 - 2022'!F18 -> 0 | J13: ='11 - 2022'!G19-'11 - 2022'!G18 -> 0 | K13: 0.74
A14: Dubai DIFC | B14: =B13+1 -> 13 | C14: 11 | D14: 2022 | E14: ='11 - 2022'!B20-'11 - 2022'!B19 -> 0 | F14: ='11 - 2022'!C20-'11 - 2022'!C19 -> 0 | G14: 0.118 | H14: ='11 - 2022'!E20-'11 - 2022'!E19 -> 0 | I14: ='11 - 2022'!F20-'11 - 2022'!F19 -> 0 | J14: ='11 - 2022'!G20-'11 - 2022'!G19 -> 0 | K14: 0.74
A15: Dubai DIFC | B15: =B14+1 -> 14 | C15: 11 | D15: 2022 | E15: ='11 - 2022'!B21-'11 - 2022'!B20 -> 0 | F15: ='11 - 2022'!C21-'11 - 2022'!C20 -> 0 | G15: 0.118 | H15: ='11 - 2022'!E21-'11 - 2022'!E20 -> 0 | I15: ='11 - 2022'!F21-'11 - 2022'!F20 -> 0 | J15: ='11 - 2022'!G21-'11 - 2022'!G20 -> 0 | K15: 0.74
... A31: Dubai DIFC | B31: =B30+1 -> 30 | C31: 11 | D31: 2022 | E31: ='11 - 2022'!B37-'11 - 2022'!B36 -> 0 | F31: ='11 - 2022'!C37-'11 - 2022'!C36 -> 0 | G31: 0.118 | H31: ='11 - 2022'!E37-'11 - 2022'!E36 -> 0 | I31: ='11 - 2022'!F37-'11 - 2022'!F36 -> 0 | J31: ='11 - 2022'!G37-'11 - 2022'!G36 -> 0 | K31: 0.74

Sheet 11 - 2022
A3: FOUR SEASONS HOTEL - DIFC
A4: HLP READING MONTH OF NOVEMBER' 2022
B5: Electricity | D5: LPG (cu.m) | H5: Water (cu.m) | J5: BTU
A6: Date | B6: LV-01, 2025952759 | C6: LV-2, 2030235407 | D6: Main Meter % | E6: Main Kitchen | F6: Podium Kitchen | G6: Boiler | H6: B-3 Water Meter (DIFC) | I6: MainWater Meter (DEWA) | J6: Chilled Water (KWH) | K6: Gas Received (Litres) | L6: Remark
A7: 44865 | B7: 733438 | C7: 805563 | D7: 0.42 | E7: 5686.06 | F7: 3685.88 | G7: 47050.26 | H7: 14528 | I7: 176040 | J7: 61124038
A8: =A7+1 -> 44866 | B8: 737533 | C8: 811658 | E8: 5708.86 | F8: 3696.64 | G8: 47079.95 | H8: 14528 | I8: 176612 | J8: 61153249
A9: =A8+1 -> 44867
A10: =A9+1 -> 44868
A11: =A10+1 -> 44869
A12: =A11+1 -> 44870
A13: =A12+1 -> 44871
A14: =A13+1 -> 44872
A15: =A14+1 -> 44873
A16: =A15+1 -> 44874
A17: =A16+1 -> 44875
A18: =A17+1 -> 44876
A19: =A18+1 -> 44877
A20: =A19+1 -> 44878
... A37: =A36+1 -> 44895
A38: Readings | B38: =B37-B7 -> -733438 | C38: =C37-C7 -> -805563 | E38: =E37-E7 -> -5686.06 | F38: =F37-F7 -> -3685.88 | G38: =G37-G7 -> -47050.26 | H38: =H37-H7 -> -14528 | I38: =I37-I7 -> -176040 | J38: =J37-J7 -> -61124038 | K38: =SUM(K7:K37) -> 0
H39: =H38*219.969 -> -3195709.6 | I39: =I38*219.969 -> -38723343
H40: for IG unit
B41: =B32-B10 -> 0 | C41: =C32-C10 -> 0 | E41: =E32-#REF! -> #REF! | F41: =F32-F10 -> 0 | G41: =G32-G10 -> 0 | H41: =H32-H10 -> 0 | I41: =I32-I10 -> 0 | J41: =J32-J10 -> 0
I42: =I41*219.969 -> 0 | J42: 768611
C43: =C41+B41 -> 0 | I43: 450276.54
C44: 178662 | J44: =SUM(J42-J41)/J41 -> #DIV/0!
C45: =SUM(C44-C43)/C43 -> #DIV/0! | I45: =SUM(I43-I42)/I42 -> #DIV/0!
