Workbook

Sheet TOTAL
A1: Site Name | B1: Day | C1: Month | D1: Year | E1: Total Electricity Kwh | F1: Electricity Tariff ($/Kwh) | G1: Natual Gas (m3) | H1: Natural Gas $/m3 | I1: Water Utility Supply (m3) m3 | J1: Water Utility Supply (m3) $/m3 | K1: Total Guests | L1: Room Nights
A2: Prague | B2: 1 | C2: 9 | D2: 2022 | E2: =September!B4 -> 12432 | F2: 0.099 | G2: =September!C4 -> 536 | H2: 0.28 | I2: =September!D4 -> 84 | J2: 3.272 | K2: =September!J4 -> 103 | L2: =September!K4 -> 57
A3: Prague | B3: =B2+1 -> 2 | C3: 9 | D3: 2022 | E3: =September!B5 -> 11652 | F3: 0.099 | G3: =September!C5 -> 553 | H3: 0.28 | I3: =September!D5 -> 86 | J3: 3.272 | K3: =September!J5 -> 134 | L3: =September!K5 -> 75
A4: Prague | B4: =B3+1 -> 3 | C4: 9 | D4: 2022 | E4: =September!B6 -> 11922 | F4: 0.099 | G4: =September!C6 -> 535 | H4: 0.28 | I4: =September!D6 -> 87 | J4: 3.272 | K4: =September!J6 -> 152 | L4: =September!K6 -> 85
A5: Prague | B5: =B4+1 -> 4 | C5: 9 | D5: 2022 | E5: =September!B7 -> 13179 | F5: 0.099 | G5: =September!C7 -> 521 | H5: 0.28 | I5: =September!D7 -> 90 | J5: 3.272 | K5: =September!J7 -> 129 | L5: =September!K7 -> 83
A6: Prague | B6: =B5+1 -> 5 | C6: 9 | D6: 2022 | E6: =September!B8 -> 14156 | F6: 0.099 | G6: =September!C8 -> 510 | H6: 0.28 | I6: =September!D8 -> 89 | J6: 3.272 | K6: =September!J8 -> 139 | L6: =September!K8 -> 102
A7: Prague | B7: =B6+1 -> 6 | C7: 9 | D7: 2022 | E7: =September!B9 -> 14898 | F7: 0.099 | G7: =September!C9 -> 548 | H7: 0.28 | I7: =September!D9 -> 90 | J7: 3.272 | K7: =September!J9 -> 166 | L7: =September!K9 -> 120
A8: Prague | B8: =B7+1 -> 7 | C8: 9 | D8: 2022 | E8: =September!B10 -> 15195 | F8: 0.099 | G8: =September!C10 -> 511 | H8: 0.28 | I8: =September!D10 -> 103 | J8: 3.272 | K8: =September!J10 -> 145 | L8: =September!K10 -> 94
A9: Prague | B9: =B8+1 -> 8 | C9: 9 | D9: 2022 | E9: =September!B11 -> 12308 | F9: 0.099 | G9: =September!C11 -> 500 | H9: 0.28 | I9: =September!D11 -> 86 | J9: 3.272 | K9: =September!J11 -> 128 | L9: =September!K11 -> 78
A10: Prague | B10: =B9+1 -> 9 | C10: 9 | D10: 2022 | E10: =September!B12 -> 12492 | F10: 0.099 | G10: =September!C12 -> 480 | H10: 0.28 | I10: =September!D12 -> 85 | J10: 3.272 | K10: =September!J12 -> 131 | L10: =September!K12 -> 75
A11: Prague | B11: =B10+1 -> 10 | C11: 9 | D11: 2022 | E11: =September!B13 -> 12176 | F11: 0.099 | G11: =September!C13 -> 435 | H11: 0.28 | I11: =September!D13 -> 86 | J11: 3.272 | K11: =September!J13 -> 147 | L11: =September!K13 -> 74
A12: Prague | B12: =B11+1 -> 11 | C12: 9 | D12: 2022 | E12: =September!B14 -> 11855 | F12: 0.099 | G12: =September!C14 -> 630 | H12: 0.28 | I12: =September!D14 -> 87 | J12: 3.272 | K12: =September!J14 -> 141 | L12: =September!K14 -> 73
A13: Prague | B13: =B12+1 -> 12 | C13: 9 | D13: 2022 | E13: =September!B15 -> 11592 | F13: 0.099 | G13: =September!C15 -> 540 | H13: 0.28 | I13: =September!D15 -> 92 | J13: 3.272 | K13: =September!J15 -> 156 | L13: =September!K15 -> 84
A14: Prague | B14: =B13+1 -> 13 | C14: 9 | D14: 2022 | E14: =September!B16 -> 12378 | F14: 0.099 | G14: =September!C16 -> 559 | H14: 0.28 | I14: =September!D16 -> 92 | J14: 3.272 | K14: =September!J16 -> 167 | L14: =September!K16 -> 107
... A32: Prague | B32: =B31+1 -> 31 | C32: 9 | D32: 2022 | E32: =September!B34 -> 0 | F32: 1.099 | G32: =September!C34 -> 0 | H32: 1.28 | I32: =September!D34 -> 0 | J32: 4.272 | K32: =September!J34 -> 0 | L32: =September!K34 -> 0

Sheet September
A1: Four Seasons Hotel Prague - Utilities Daily Consumption - JUNE 2021
A2: DATE | B2: Electricity | C2: Gas | D2: Water | F2: Temperature °C | J2: Guests | K2: Room Night | L2: MTG
B3: [kWh] | C3: [m3] | D3: [m3] | F3: min. ČR | G3: max. ČR | H3: FSHP-max | J3: in house | K3: rooms | L3: rooms
A4: 1 | B4: 12432 | C4: 536 | D4: 84 | F4: 13 | G4: 21 | H4: 21 | J4: 103 | K4: 57 | L4: 1
A5: 2 | B5: 11652 | C5: 553 | D5: 86 | F5: 9 | G5: 21 | H5: 22 | J5: 134 | K5: 75 | L5: 0
A6: 3 | B6: 11922 | C6: 535 | D6: 87 | F6: 8 | G6: 23 | H6: 23 | J6: 152 | K6: 85 | L6: 0
A7: 4 | B7: 13179 | C7: 521 | D7: 90 | F7: 15 | G7: 25 | H7: 25 | J7: 129 | K7: 83 | L7: 0
A8: 5 | B8: 14156 | C8: 510 | D8: 89 | F8: 13 | G8: 25 | H8: 25 | J8: 139 | K8: 102 | L8: 0
A9: 6 | B9: 14898 | C9: 548 | D9: 90 | F9: 14 | G9: 26 | H9: 25 | J9: 166 | K9: 120 | L9: 2
A10: 7 | B10: 15195 | C10: 511 | D10: 103 | F10: 13 | G10: 27 | H10: 26 | J10: 145 | K10: 94 | L10: 1
A11: 8 | B11: 12308 | C11: 500 | D11: 86 | F11: 14 | G11: 20 | H11: 19 | J11: 128 | K11: 78 | L11: 0
A12: 9 | B12: 12492 | C12: 480 | D12: 85 | F12: 13 | G12: 23 | H12: 24 | J12: 131 | K12: 75 | L12: 4
A13: 10 | B13: 12176 | C13: 435 | D13: 86 | F13: 12 | G13: 20 | H13: 20 | J13: 147 | K13: 74 | L13: 1
A14: 11 | B14: 11855 | C14: 630 | D14: 87 | F14: 12 | G14: 20 | H14: 19 | J14: 141 | K14: 73 | L14: 1
A15: 12 | B15: 11592 | C15: 540 | D15: 92 | F15: 10 | G15: 21 | H15: 21 | J15: 156 | K15: 84 | L15: 2
... A33: 30 | B33: 11381 | C33: 700 | D33: 96 | F33: 7 | G33: 16 | H33: 17 | J33: 186 | K33: 114 | L33: 0
A35: TOTAL | B35: =SUM(B4:B34) -> 365656 | C35: =SUM(C4:C34) -> 19682 | D35: =SUM(D4:D34) -> 2801 | F35: =AVERAGE(F4:F34) -> 9.3 | G35: =AVERAGE(G4:G34) -> 18.866667 | H35: =AVERAGE(H4:H34) -> 19 | J35: =SUM(J4:J34) -> 4910 | K35: =SUM(K4:K34) -> 3152 | L35: =SUM(L4:L34) -> 62
A36: AVG | B36: =AVERAGE(B4:B34) -> 12188.533 | C36: =AVERAGE(C4:C34) -> 656.06667 | D36: =AVERAGE(D4:D34) -> 93.366667
B37: Average consumption per guest
B38: =B35/J35 -> 74.47169 | C38: =C35/J35 -> 4.008554 | D38: =D35/J35 -> 0.57046843
A41: OpticLab | B41: 77295
A42: Stefano Ricci | B42: 8277
