Workbook

Sheet TOTAL
A1: Site Name | B1: Day | C1: Month | D1: Year | E1: Total Electricity Kwh | F1: Electricity Tariff ($/Kwh) | G1: Natual Gas (m3) | H1: Natural Gas $/m3 | I1: Water Utility Supply (m3) m3 | J1: Water Utility Supply (m3) $/m3 | K1: Room Nights | L1: Food Covers
A2: Whistler | B2: 1 | C2: 10 | D2: 2022 | E2: ='FSRW Meter Readings'!I5 -> 19200 | F2: 0.06 | G2: ='FSRW Meter Readings'!F5 -> 1475.65 | H2: 0.4 | I2: ='FSRW Meter Readings'!L5 -> 112.8 | K2: ='FSRW Meter Readings'!B5 -> 218 | L2: ='FSRW Meter Readings'!C5 -> 0
A3: Whistler | B3: =B2+1 -> 2 | C3: 10 | D3: 2022 | E3: ='FSRW Meter Readings'!I6 -> 24000 | F3: 0.06 | G3: ='FSRW Meter Readings'!F6 -> 1475.65 | H3: 0.4 | I3: ='FSRW Meter Readings'!L6 -> 94 | K3: ='FSRW Meter Readings'!B6 -> 77 | L3: ='FSRW Meter Readings'!C6 -> 0
A4: Whistler | B4: =B3+1 -> 3 | C4: 10 | D4: 2022 | E4: ='FSRW Meter Readings'!I7 -> 18000 | F4: 0.06 | G4: ='FSRW Meter Readings'!F7 -> 1234.18 | H4: 0.4 | I4: ='FSRW Meter Readings'!K7 -> 100 | K4: ='FSRW Meter Readings'!B7 -> 106 | L4: ='FSRW Meter Readings'!C7 -> 0
A5: Whistler | B5: =B4+1 -> 4 | C5: 10 | D5: 2022 | E5: ='FSRW Meter Readings'!I8 -> 20400 | F5: 0.06 | G5: ='FSRW Meter Readings'!F8 -> 1287.84 | H5: 0.4 | I5: ='FSRW Meter Readings'!K8 -> 148.445 | K5: ='FSRW Meter Readings'!B8 -> 126 | L5: ='FSRW Meter Readings'!C8 -> 0
A6: Whistler | B6: =B5+1 -> 5 | C6: 10 | D6: 2022 | E6: ='FSRW Meter Readings'!I9 -> 20400 | F6: 0.06 | G6: ='FSRW Meter Readings'!F9 -> 1287.84 | H6: 0.4 | I6: ='FSRW Meter Readings'!K9 -> 192.795 | K6: ='FSRW Meter Readings'!B9 -> 129 | L6: ='FSRW Meter Readings'!C9 -> 0
A7: Whistler | B7: =B6+1 -> 6 | C7: 10 | D7: 2022 | E7: ='FSRW Meter Readings'!I10 -> 21600 | F7: 0.06 | G7: ='FSRW Meter Readings'!F10 -> 1368.33 | H7: 0.4 | I7: ='FSRW Meter Readings'!K10 -> 157.9 | K7: ='FSRW Meter Readings'!B10 -> 72 | L7: ='FSRW Meter Readings'!C10 -> 0
A8: Whistler | B8: =B7+1 -> 7 | C8: 10 | D8: 2022 | E8: ='FSRW Meter Readings'!I11 -> 19200 | F8: 0.06 | G8: ='FSRW Meter Readings'!F11 -> 885.39 | H8: 0.4 | I8: ='FSRW Meter Readings'!K11 -> 134.7 | K8: ='FSRW Meter Readings'!B11 -> 174 | L8: ='FSRW Meter Readings'!C11 -> 0
A9: Whistler | B9: =B8+1 -> 8 | C9: 10 | D9: 2022 | E9: ='FSRW Meter Readings'!I12 -> 21600 | F9: 0.06 | G9: ='FSRW Meter Readings'!F12 -> 1475.65 | H9: 0.4 | I9: ='FSRW Meter Readings'!K12 -> 191.8 | K9: ='FSRW Meter Readings'!B12 -> 234 | L9: ='FSRW Meter Readings'!C12 -> 0
A10: Whistler | B10: =B9+1 -> 9 | C10: 10 | D10: 2022 | E10: ='FSRW Meter Readings'!I13 -> 21600 | F10: 0.06 | G10: ='FSRW Meter Readings'!F13 -> 1582.97 | H10: 0.4 | I10: ='FSRW Meter Readings'!K13 -> 171.9 | K10: ='FSRW Meter Readings'!B13 -> 190 | L10: ='FSRW Meter Readings'!C13 -> 0
A11: Whistler | B11: =B10+1 -> 10 | C11: 10 | D11: 2022 | E11: ='FSRW Meter Readings'!I14 -> 20400 | F11: 0.06 | G11: ='FSRW Meter Readings'!F14 -> 1609.8 | H11: 0.4 | I11: ='FSRW Meter Readings'!K14 -> 188 | K11: ='FSRW Meter Readings'!B14 -> 63 | L11: ='FSRW Meter Readings'!C14 -> 0
A12: Whistler | B12: =B11+1 -> 11 | C12: 10 | D12: 2022 | E12: ='FSRW Meter Readings'!I15 -> 20400 | F12: 0.06 | G12: ='FSRW Meter Readings'!F15 -> 1421.99 | H12: 0.4 | I12: ='FSRW Meter Readings'!K15 -> 122.3 | K12: ='FSRW Meter Readings'!B15 -> 63 | L12: ='FSRW Meter Readings'!C15 -> 0
A13: Whistler | B13: =B12+1 -> 12 | C13: 10 | D13: 2022 | E13: ='FSRW Meter Readings'!I16 -> 16800 | F13: 0.06 | G13: ='FSRW Meter Readings'!F16 -> 1153.69 | H13: 0.4 | I13: ='FSRW Meter Readings'!K16 -> 41.2 | K13: ='FSRW Meter Readings'!B16 -> 63 | L13: ='FSRW Meter Readings'!C16 -> 0
A14: Whistler | B14: =B13+1 -> 13 | C14: 10 | D14: 2022 | E14: ='FSRW Meter Readings'!I17 -> 22800 | F14: 0.06 | G14: ='FSRW Meter Readings'!F17 -> 1234.18 | H14: 0.4 | I14: ='FSRW Meter Readings'!K17 -> 92.9 | K14: ='FSRW Meter Readings'!B17 -> 79 | L14: ='FSRW Meter Readings'!C17 -> 0
A15: Whistler | B15: =B14+1 -> 14 | C15: 10 | D15: 2022 | E15: ='FSRW Meter Readings'!I18 -> 20400 | F15: 0.06 | G15: ='FSRW Meter Readings'!F18 -> 1368.33 | H15: 0.4 | I15: ='FSRW Meter Readings'!K18 -> 97.8 | K15: ='FSRW Meter Readings'!B18 -> 160 | L15: ='FSRW Meter Readings'!C18 -> 0
... A32: Whistler | B32: =B31+1 -> 31 | C32: 10 | D32: 2022 | E32: ='FSRW Meter Readings'!I35 -> 20400 | F32: 0.06 | G32: ='FSRW Meter Readings'!F35 -> 1663.46 | H32: 0.4 | I32: ='FSRW Meter Readings'!K35 -> 112.6 | K32: ='FSRW Meter Readings'!B35 -> 29 | L32: ='FSRW Meter Readings'!C35 -> 0

Sheet FSRW Meter Readings
A1: Date | B1: Room Night | C1: Food Covers | D1: Hotel | M1: Residence
D2: Natural Gas | G2: Electricity (Hydro) | J2: Water | M2: Natural Gas | P2: Electricity (Hydro) | S2: Water
D3: Reading | E3: Daily Usage (GJ) | F3: Daily Usage (M³) | G3: Reading | H3: Usage | I3: Kw/h with multiplier (1200) | J3: Reading | K3: Daily Usage (M³) | L3: Conv x 4.7 | M3: Reading | N3: Daily Usage (GJ) | O3: Daily Usage (M³) | P3: Reading | Q3: Usage | R3: Kw/h with multiplier (900) | S3: Reading | T3: Daily Usage (M³)
A4: 44834 | D4: 193035 | G4: 53656 | J4: 109198 | M4: 57823 | P4: 23964 | S4: 984.3
A5: 44835 | B5: 218 | C5: 0 | D5: 193090 | E5: =IF(D5-D4<0,"0",D5-D4) -> 55 | F5: =E5*26.83 -> 1475.65 | G5: 53672 | H5: =IF(G5-G4<0,"0",G5-G4) -> 16 | I5: =H5*1200 -> 19200 | J5: 109222 | K5: =IF(J5-J4<0,"0",J5-J4) -> 24 | L5: =SUM(K5*4.7) -> 112.8 | M5: 57835 | N5: =IF(M5-M4<0,"0",M5-M4) -> 12 | O5: =N5*26.83 -> 321.96 | P5: 23970 | Q5: =IF(P5-P4<0,"0",P5-P4) -> 6 | R5: =Q5*900 -> 5400 | S5: 1039.9 | T5: =IF(S5-S4<0,"0",S5-S4) -> 55.6
A6: 44836 | B6: 77 | C6: 0 | D6: 193145 | E6: =IF(D6-D5<0,"0",D6-D5) -> 55 | F6: =E6*26.83 -> 1475.65 | G6: 53692 | H6: =IF(G6-G5<0,"0",G6-G5) -> 20 | I6: =H6*1200 -> 24000 | J6: 109242 | K6: =IF(J6-J5<0,"0",J6-J5) -> 20 | L6: =SUM(K6*4.7) -> 94 | M6: 57847 | N6: =IF(M6-M5<0,"0",M6-M5) -> 12 | O6: =N6*26.83 -> 321.96 | P6: 23975 | Q6: =IF(P6-P5<0,"0",P6-P5) -> 5 | R6: =Q6*900 -> 4500 | S6: 1095.7 | T6: =IF(S6-S5<0,"0",S6-S5) -> 55.8
A7: 44837 | B7: 106 | C7: 0 | D7: 193191 | E7: =IF(D7-D6<0,"0",D7-D6) -> 46 | F7: =E7*26.83 -> 1234.18 | G7: 53707 | H7: =IF(G7-G6<0,"0",G7-G6) -> 15 | I7: =H7*1200 -> 18000 | J7: 5.16 | K7: 100 | M7: 57859 | N7: =IF(M7-M6<0,"0",M7-M6) -> 12 | O7: =N7*26.83 -> 321.96 | P7: 23981 | Q7: =IF(P7-P6<0,"0",P7-P6) -> 6 | R7: =Q7*900 -> 5400 | S7: 1157.7 | T7: =IF(S7-S6<0,"0",S7-S6) -> 62
A8: 44838 | B8: 126 | C8: 0 | D8: 193239 | E8: =IF(D8-D7<0,"0",D8-D7) -> 48 | F8: =E8*26.83 -> 1287.84 | G8: 53724 | H8: =IF(G8-G7<0,"0",G8-G7) -> 17 | I8: =H8*1200 -> 20400 | J8: 153.605 | K8: =IF(J8-J7<0,"0",J8-J7) -> 148.445 | M8: 57873 | N8: =IF(M8-M7<0,"0",M8-M7) -> 14 | O8: =N8*26.83 -> 375.62 | P8: 23987 | Q8: =IF(P8-P7<0,"0",P8-P7) -> 6 | R8: =Q8*900 -> 5400 | S8: 1220.2 | T8: =IF(S8-S7<0,"0",S8-S7) -> 62.5
A9: 44839 | B9: 129 | C9: 0 | D9: 193287 | E9: =IF(D9-D8<0,"0",D9-D8) -> 48 | F9: =E9*26.83 -> 1287.84 | G9: 53741 | H9: =IF(G9-G8<0,"0",G9-G8) -> 17 | I9: =H9*1200 -> 20400 | J9: 346.4 | K9: =IF(J9-J8<0,"0",J9-J8) -> 192.795 | M9: 57885 | N9: =IF(M9-M8<0,"0",M9-M8) -> 12 | O9: =N9*26.83 -> 321.96 | P9: 23992 | Q9: =IF(P9-P8<0,"0",P9-P8) -> 5 | R9: =Q9*900 -> 4500 | S9: 1286.8 | T9: =IF(S9-S8<0,"0",S9-S8) -> 66.6
A10: 44840 | B10: 72 | C10: 0 | D10: 193338 | E10: =IF(D10-D9<0,"0",D10-D9) -> 51 | F10: =E10*26.83 -> 1368.33 | G10: 53759 | H10: =IF(G10-G9<0,"0",G10-G9) -> 18 | I10: =H10*1200 -> 21600 | J10: 504.3 | K10: =IF(J10-J9<0,"0",J10-J9) -> 157.9 | M10: 57898 | N10: =IF(M10-M9<0,"0",M10-M9) -> 13 | O10: =N10*26.83 -> 348.79 | P10: 23998 | Q10: =IF(P10-P9<0,"0",P10-P9) -> 6 | R10: =Q10*900 -> 5400 | S10: 1348.5 | T10: =IF(S10-S9<0,"0",S10-S9) -> 61.7
A11: 44841 | B11: 174 | C11: 0 | D11: 193371 | E11: =IF(D11-D10<0,"0",D11-D10) -> 33 | F11: =E11*26.83 -> 885.39 | G11: 53775 | H11: =IF(G11-G10<0,"0",G11-G10) -> 16 | I11: =H11*1200 -> 19200 | J11: 639 | K11: =IF(J11-J10<0,"0",J11-J10) -> 134.7 | M11: 57907 | N11: =IF(M11-M10<0,"0",M11-M10) -> 9 | O11: =N11*26.83 -> 241.47 | P11: 24003 | Q11: =IF(P11-P10<0,"0",P11-P10) -> 5 | R11: =Q11*900 -> 4500 | S11: 1404.5 | T11: =IF(S11-S10<0,"0",S11-S10) -> 56
A12: 44842 | B12: 234 | C12: 0 | D12: 193426 | E12: =IF(D12-D11<0,"0",D12-D11) -> 55 | F12: =E12*26.83 -> 1475.65 | G12: 53793 | H12: =IF(G12-G11<0,"0",G12-G11) -> 18 | I12: =H12*1200 -> 21600 | J12: 830.8 | K12: =IF(J12-J11<0,"0",J12-J11) -> 191.8 | M12: 57921 | N12: =IF(M12-M11<0,"0",M12-M11) -> 14 | O12: =N12*26.83 -> 375.62 | P12: 24009 | Q12: =IF(P12-P11<0,"0",P12-P11) -> 6 | R12: =Q12*900 -> 5400 | S12: 1466 | T12: =IF(S12-S11<0,"0",S12-S11) -> 61.5
A13: 44843 | B13: 190 | C13: 0 | D13: 193485 | E13: =IF(D13-D12<0,"0",D13-D12) -> 59 | F13: =E13*26.83 -> 1582.97 | G13: 53811 | H13: =IF(G13-G12<0,"0",G13-G12) -> 18 | I13: =H13*1200 -> 21600 | J13: 1002.7 | K13: =IF(J13-J12<0,"0",J13-J12) -> 171.9 | M13: 57935 | N13: =IF(M13-M12<0,"0",M13-M12) -> 14 | O13: =N13*26.83 -> 375.62 | P13: 24014 | Q13: =IF(P13-P12<0,"0",P13-P12) -> 5 | R13: =Q13*900 -> 4500 | S13: 1552.4 | T13: =IF(S13-S12<0,"0",S13-S12) -> 86.4
A14: 44844 | B14: 63 | C14: 0 | D14: 193545 | E14: =IF(D14-D13<0,"0",D14-D13) -> 60 | F14: =E14*26.83 -> 1609.8 | G14: 53828 | H14: =IF(G14-G13<0,"0",G14-G13) -> 17 | I14: =H14*1200 -> 20400 | J14: 1190.7 | K14: =IF(J14-J13<0,"0",J14-J13) -> 188 | M14: 57946 | N14: =IF(M14-M13<0,"0",M14-M13) -> 11 | O14: =N14*26.83 -> 295.13 | P14: 24020 | Q14: =IF(P14-P13<0,"0",P14-P13) -> 6 | R14: =Q14*900 -> 5400 | S14: 1634.3 | T14: =IF(S14-S13<0,"0",S14-S13) -> 81.9
A15: 44845 | B15: 63 | C15: 0 | D15: 193598 | E15: =IF(D15-D14<0,"0",D15-D14) -> 53 | F15: =E15*26.83 -> 1421.99 | G15: 53845 | H15: =IF(G15-G14<0,"0",G15-G14) -> 17 | I15: =H15*1200 -> 20400 | J15: 1313 | K15: =IF(J15-J14<0,"0",J15-J14) -> 122.3 | M15: 57964 | N15: =IF(M15-M14<0,"0",M15-M14) -> 18 | O15: =N15*26.83 -> 482.94 | P15: 24025 | Q15: =IF(P15-P14<0,"0",P15-P14) -> 5 | R15: =Q15*900 -> 4500 | S15: 1701 | T15: =IF(S15-S14<0,"0",S15-S14) -> 66.7
A16: 44846 | B16: 63 | C16: 0 | D16: 193641 | E16: =IF(D16-D15<0,"0",D16-D15) -> 43 | F16: =E16*26.83 -> 1153.69 | G16: 53859 | H16: =IF(G16-G15<0,"0",G16-G15) -> 14 | I16: =H16*1200 -> 16800 | J16: 1354.2 | K16: =IF(J16-J15<0,"0",J16-J15) -> 41.2 | M16: 57979 | N16: =IF(M16-M15<0,"0",M16-M15) -> 15 | O16: =N16*26.83 -> 402.45 | P16: 24029 | Q16: =IF(P16-P15<0,"0",P16-P15) -> 4 | R16: =Q16*900 -> 3600 | S16: 1747 | T16: =IF(S16-S15<0,"0",S16-S15) -> 46
A17: 44847 | B17: 79 | C17: 0 | D17: 193687 | E17: =IF(D17-D16<0,"0",D17-D16) -> 46 | F17: =E17*26.83 -> 1234.18 | G17: 53878 | H17: =IF(G17-G16<0,"0",G17-G16) -> 19 | I17: =H17*1200 -> 22800 | J17: 1447.1 | K17: =IF(J17-J16<0,"0",J17-J16) -> 92.9 | M17: 57994 | N17: =IF(M17-M16<0,"0",M17-M16) -> 15 | O17: =N17*26.83 -> 402.45 | P17: 24034 | Q17: =IF(P17-P16<0,"0",P17-P16) -> 5 | R17: =Q17*900 -> 4500 | S17: 1802.5 | T17: =IF(S17-S16<0,"0",S17-S16) -> 55.5
A18: 44848 | B18: 160 | C18: 0 | D18: 193738 | E18: =IF(D18-D17<0,"0",D18-D17) -> 51 | F18: =E18*26.83 -> 1368.33 | G18: 53895 | H18: =IF(G18-G17<0,"0",G18-G17) -> 17 | I18: =H18*1200 -> 20400 | J18: 1544.9 | K18: =IF(J18-J17<0,"0",J18-J17) -> 97.8 | M18: 58009 | N18: =IF(M18-M17<0,"0",M18-M17) -> 15 | O18: =N18*26.83 -> 402.45 | P18: 24040 | Q18: =IF(P18-P17<0,"0",P18-P17) -> 6 | R18: =Q18*900 -> 5400 | S18: 1861 | T18: =IF(S18-S17<0,"0",S18-S17) -> 58.5
A19: 44849 | B19: 194 | C19: 0 | D19: 193798 | E19: =IF(D19-D18<0,"0",D19-D18) -> 60 | F19: =E19*26.83 -> 1609.8 | G19: 53914 | H19: =IF(G19-G18<0,"0",G19-G18) -> 19 | I19: =H19*1200 -> 22800 | J19: 1705.2 | K19: =IF(J19-J18<0,"0",J19-J18) -> 160.3 | M19: 58024 | N19: =IF(M19-M18<0,"0",M19-M18) -> 15 | O19: =N19*26.83 -> 402.45 | P19: 24045 | Q19: =IF(P19-P18<0,"0",P19-P18) -> 5 | R19: =Q19*900 -> 4500 | S19: 1888.5 | T19: =IF(S19-S18<0,"0",S19-S18) -> 27.5
... A35: 44865 | B35: 29 | C35: 0 | D35: 194842 | E35: =IF(D35-D34<0,"0",D35-D34) -> 62 | F35: =E35*26.83 -> 1663.46 | G35: 54188 | H35: =IF(G35-G34<0,"0",G35-G34) -> 17 | I35: =H35*1200 -> 20400 | J35: 3362.7 | K35: =IF(J35-J34<0,"0",J35-J34) -> 112.6 | M35: 58369 | N35: =IF(M35-M34<0,"0",M35-M34) -> 23 | O35: =N35*26.83 -> 617.09 | P35: 24123 | Q35: =IF(P35-P34<0,"0",P35-P34) -> 4 | R35: =Q35*900 -> 3600 | S35: 2032.3 | T35: =IF(S35-S34<0,"0",S35-S34) -> 3
B36: =SUM(B5:B35) -> 3358 | F36: =SUM(F5:F35) -> 48481.81 | I36: =SUM(I5:I35) -> 638400 | K36: =SUM(K5:K35) -> 3501.54 | L36: =SUM(L5:L35) -> 206.8 | O36: =SUM(O5:O35) -> 14649.18 | R36: =SUM(R5:R35) -> 143100 | T36: =SUM(T5:T35) -> 1048
