Workbook

Sheet TOTAL
A1: Site Name | B1: Day | C1: Month | D1: Year | E1: Total Electricity Kwh | F1: Electricity Tariff ($/Kwh) | G1: Natual Gas (m3) | H1: Natural Gas $/m3 | I1: Water Utility Supply (m3) m3 | J1: Water Utility Supply (m3) $/m3 | K1: Room Nights | L1: Total Guests | M1: Utilities day cost dh
A2: Mumbai | B2: 1 | C2: 10 | D2: 2022 | E2: =(IF('Daily HLP'!H4>0,'Daily HLP'!H4,0)) -> 25669 | F2: 9.97 | G2: =(IF('Daily HLP'!L4>0,'Daily HLP'!L4,0)) -> 967 | H2: 75 | I2: =(IF('Daily HLP'!O4>0,'Daily HLP'!O4,0)) -> 304 | J2: 100 | K2: =Occupancy!G2 -> 119 | L2: =Occupancy!F2 -> 306 | M2: =E2*F2+G2*H2+#REF!*#REF!+I2*J2 -> #REF!
A3: Mumbai | B3: =B2+1 -> 2 | C3: 10 | D3: 2022 | E3: =(IF('Daily HLP'!H5>0,'Daily HLP'!H5,0)) -> 25669 | F3: 9.97 | G3: =(IF('Daily HLP'!L5>0,'Daily HLP'!L5,0)) -> 1045 | H3: 75 | I3: =(IF('Daily HLP'!O5>0,'Daily HLP'!O5,0)) -> 238 | J3: 100 | K3: =Occupancy!G3 -> 130 | L3: =Occupancy!F3 -> 406 | M3: =E3*F3+G3*H3+#REF!*#REF!+I3*J3 -> #REF!
A4: Mumbai | B4: =B3+1 -> 3 | C4: 10 | D4: 2022 | E4: =(IF('Daily HLP'!H6>0,'Daily HLP'!H6,0)) -> 23596 | F4: 9.97 | G4: =(IF('Daily HLP'!L6>0,'Daily HLP'!L6,0)) -> 981 | H4: 75 | I4: =(IF('Daily HLP'!O6>0,'Daily HLP'!O6,0)) -> 344 | J4: 100 | K4: =Occupancy!G4 -> 140 | L4: =Occupancy!F4 -> 744 | M4: =E4*F4+G4*H4+#REF!*#REF!+I4*J4 -> #REF!
A5: Mumbai | B5: =B4+1 -> 4 | C5: 10 | D5: 2022 | E5: =(IF('Daily HLP'!H7>0,'Daily HLP'!H7,0)) -> 25639 | F5: 9.97 | G5: =(IF('Daily HLP'!L7>0,'Daily HLP'!L7,0)) -> 977 | H5: 75 | I5: =(IF('Daily HLP'!O7>0,'Daily HLP'!O7,0)) -> 291 | J5: 100 | K5: =Occupancy!G5 -> 147 | L5: =Occupancy!F5 -> 534 | M5: =E5*F5+G5*H5+#REF!*#REF!+I5*J5 -> #REF!
A6: Mumbai | B6: =B5+1 -> 5 | C6: 10 | D6: 2022 | E6: =(IF('Daily HLP'!H8>0,'Daily HLP'!H8,0)) -> 24834 | F6: 9.97 | G6: =(IF('Daily HLP'!L8>0,'Daily HLP'!L8,0)) -> 953 | H6: 75 | I6: =(IF('Daily HLP'!O8>0,'Daily HLP'!O8,0)) -> 251 | J6: 100 | K6: =Occupancy!G6 -> 143 | L6: =Occupancy!F6 -> 428 | M6: =E6*F6+G6*H6+#REF!*#REF!+I6*J6 -> #REF!
A7: Mumbai | B7: =B6+1 -> 6 | C7: 10 | D7: 2022 | E7: =(IF('Daily HLP'!H9>0,'Daily HLP'!H9,0)) -> 25510 | F7: 9.97 | G7: =(IF('Daily HLP'!L9>0,'Daily HLP'!L9,0)) -> 1040 | H7: 75 | I7: =(IF('Daily HLP'!O9>0,'Daily HLP'!O9,0)) -> 290 | J7: 100 | K7: =Occupancy!G7 -> 138 | L7: =Occupancy!F7 -> 596 | M7: =E7*F7+G7*H7+#REF!*#REF!+I7*J7 -> #REF!
A8: Mumbai | B8: =B7+1 -> 7 | C8: 10 | D8: 2022 | E8: =(IF('Daily HLP'!H10>0,'Daily HLP'!H10,0)) -> 25534 | F8: 9.97 | G8: =(IF('Daily HLP'!L10>0,'Daily HLP'!L10,0)) -> 1021 | H8: 75 | I8: =(IF('Daily HLP'!O10>0,'Daily HLP'!O10,0)) -> 295 | J8: 100 | K8: =Occupancy!G8 -> 125 | L8: =Occupancy!F8 -> 315 | M8: =E8*F8+G8*H8+#REF!*#REF!+I8*J8 -> #REF!
A9: Mumbai | B9: =B8+1 -> 8 | C9: 10 | D9: 2022 | E9: =(IF('Daily HLP'!H11>0,'Daily HLP'!H11,0)) -> 25069 | F9: 9.97 | G9: =(IF('Daily HLP'!L11>0,'Daily HLP'!L11,0)) -> 1021 | H9: 75 | I9: =(IF('Daily HLP'!O11>0,'Daily HLP'!O11,0)) -> 297 | J9: 100 | K9: =Occupancy!G9 -> 140 | L9: =Occupancy!F9 -> 361 | M9: =E9*F9+G9*H9+#REF!*#REF!+I9*J9 -> #REF!
A10: Mumbai | B10: =B9+1 -> 9 | C10: 10 | D10: 2022 | E10: =(IF('Daily HLP'!H12>0,'Daily HLP'!H12,0)) -> 25853.95 | F10: 9.97 | G10: =(IF('Daily HLP'!L12>0,'Daily HLP'!L12,0)) -> 1093 | H10: 75 | I10: =(IF('Daily HLP'!O12>0,'Daily HLP'!O12,0)) -> 332 | J10: 100 | K10: =Occupancy!G10 -> 125 | L10: =Occupancy!F10 -> 667 | M10: =E10*F10+G10*H10+#REF!*#REF!+I10*J10 -> #REF!
A11: Mumbai | B11: =B10+1 -> 10 | C11: 10 | D11: 2022 | E11: =(IF('Daily HLP'!H13>0,'Daily HLP'!H13,0)) -> 25692.02 | F11: 9.97 | G11: =(IF('Daily HLP'!L13>0,'Daily HLP'!L13,0)) -> 1003.92 | H11: 75 | I11: =(IF('Daily HLP'!O13>0,'Daily HLP'!O13,0)) -> 230 | J11: 100 | K11: =Occupancy!G11 -> 102 | L11: =Occupancy!F11 -> 795 | M11: =E11*F11+G11*H11+#REF!*#REF!+I11*J11 -> #REF!
A12: Mumbai | B12: =B11+1 -> 11 | C12: 10 | D12: 2022 | E12: =(IF('Daily HLP'!H14>0,'Daily HLP'!H14,0)) -> 25252.9 | F12: 9.97 | G12: =(IF('Daily HLP'!L14>0,'Daily HLP'!L14,0)) -> 1018.7 | H12: 75 | I12: =(IF('Daily HLP'!O14>0,'Daily HLP'!O14,0)) -> 335 | J12: 100 | K12: =Occupancy!G12 -> 96 | L12: =Occupancy!F12 -> 363 | M12: =E12*F12+G12*H12+#REF!*#REF!+I12*J12 -> #REF!
A13: Mumbai | B13: =B12+1 -> 12 | C13: 10 | D13: 2022 | E13: =(IF('Daily HLP'!H15>0,'Daily HLP'!H15,0)) -> 24898.2 | F13: 9.97 | G13: =(IF('Daily HLP'!L15>0,'Daily HLP'!L15,0)) -> 1030.01 | H13: 75 | I13: =(IF('Daily HLP'!O15>0,'Daily HLP'!O15,0)) -> 307 | J13: 100 | K13: =Occupancy!G13 -> 123 | L13: =Occupancy!F13 -> 0 | M13: =E13*F13+G13*H13+#REF!*#REF!+I13*J13 -> #REF!
A14: Mumbai | B14: =B13+1 -> 13 | C14: 10 | D14: 2022 | E14: =(IF('Daily HLP'!H16>0,'Daily HLP'!H16,0)) -> 24813.93 | F14: 9.97 | G14: =(IF('Daily HLP'!L16>0,'Daily HLP'!L16,0)) -> 1072.37 | H14: 75 | I14: =(IF('Daily HLP'!O16>0,'Daily HLP'!O16,0)) -> 309 | J14: 100 | K14: =Occupancy!G14 -> 124 | L14: =Occupancy!F14 -> 575 | M14: =E14*F14+G14*H14+#REF!*#REF!+I14*J14 -> #REF!
... A31: Mumbai | B31: =B30+1 -> 30 | C31: 10 | D31: 2022 | E31: =(IF('Daily HLP'!H33>0,'Daily HLP'!H33,0)) -> 26551 | F31: 9.97 | G31: =(IF('Daily HLP'!L33>0,'Daily HLP'!L33,0)) -> 1020.7 | H31: 75 | I31: =(IF('Daily HLP'!O33>0,'Daily HLP'!O33,0)) -> 320 | J31: 100 | K31: =Occupancy!G31 -> 0 | L31: =Occupancy!F31 -> 0 | M31: =E31*F31+G31*H31+#REF!*#REF!+I31*J31 -> #REF!
A32: Mumbai | B32: =B31+1 -> 31 | C32: 10 | D32: 2022 | E32: =(IF('Daily HLP'!H34>0,'Daily HLP'!H34,0)) -> 233466 | F32: 9.97 | G32: =(IF('Daily HLP'!L34>0,'Daily HLP'!L34,0)) -> 967 | H32: 75 | I32: =(IF('Daily HLP'!O34>0,'Daily HLP'!O34,0)) -> 0 | J32: 100 | K32: =Occupancy!G32 -> 0 | L32: =Occupancy!F32 -> 0

Sheet Submetering
A1: Site Name | B1: Day | C1: Month | D1: Year | E1: ='Section Load'!F4 -> HVAC | F1: ='Section Load'!G4 -> Fire & Emergency PP | G1: ='Section Load'!H4 -> Main PP | H1: ='Section Load'!I4 -> Lighting PP | I1: ='Section Load'!J4 -> CH-1+ CH2+CH3+CH4 | J1: ='Section Load'!K4 -> Chilled water Pump | K1: ='Section Load'!L4 -> Ball Room-1 | L1: ='Section Load'!M4 -> Ball Room-2 | ... AL1: ='Section Load'!AM4 -> Cooling Tower | AM1: R.o.plant | AN1: STP Water Prod | AO1: Domestic Zone-1 | AP1: Domestic Zone-2 | AQ1: Domestic Zone-3 | AR1: Flush Zone -1 | AS1: Flush Zone -2 | AT1: Flush Zone -3 | AU1: Swimming pool | AV1: B2 Laundry | AW1: Boiler Feed Water | AX1: cooling tower filling water | AY1: STP flush(new water meter) | AZ1: Garden Water Pump | BA1: Flush Zone 2 pump meter | BB1: Flush Zone 3 Pump Meter (wtp transfer ) | BC1: Flush Tanker-Zone-1 | BD1: Total Domestic Water (Tanker (R.O) +BMC) | BE1: Total Domestic Consumption | BF1: Total STP Consumption | BG1: ='Section Load'!AN4 -> MGL | BH1: ='Section Load'!AO4 -> HWG | BI1: ='Section Load'!AP4 -> Prato | BJ1: ='Section Load'!AQ4 -> BR-1 | BK1: ='Section Load'!AR4 -> SanQi IND | BL1: ='Section Load'!AS4 -> SanQi JPN | BM1: ='Section Load'!AT4 -> Boiler
A2: Mumbai | B2: 1 | C2: 10 | D2: 2022 | E2: =(IF('Section Load'!F5>0,'Section Load'!F5,0)) -> 3617 | F2: =(IF('Section Load'!G5>0,'Section Load'!G5,0)) -> 1067 | G2: =(IF('Section Load'!H5>0,'Section Load'!H5,0)) -> 2230.76 | H2: =(IF('Section Load'!I5>0,'Section Load'!I5,0)) -> 4405 | I2: =(IF('Section Load'!J5>0,'Section Load'!J5,0)) -> 7106 | J2: =(IF('Section Load'!K5>0,'Section Load'!K5,0)) -> 2965 | K2: =(IF('Section Load'!L5>0,'Section Load'!L5,0)) -> 1611 | L2: =(IF('Section Load'!M5>0,'Section Load'!M5,0)) -> 694 | ... AL2: =(IF('Section Load'!AM5>0,'Section Load'!AM5,0)) -> 847 | AM2: =(IF('Water Report'!$D$7>0,'Water Report'!$D$7,0)) -> 98 | AN2: =(IF('Water Report'!$D$8>0,'Water Report'!$D$8,0)) -> 0 | AO2: =(IF('Water Report'!$D$9>0,'Water Report'!$D$9,0)) -> 103 | AP2: =(IF('Water Report'!$D$10>0,'Water Report'!$D$10,0)) -> 9 | AQ2: =(IF('Water Report'!$D$11>0,'Water Report'!$D$11,0)) -> 40 | AR2: =(IF('Water Report'!$D$13>0,'Water Report'!$D$13,0)) -> 26 | AS2: =(IF('Water Report'!$D$14>0,'Water Report'!$D$14,0)) -> 5 | AT2: =(IF('Water Report'!$D$15>0,'Water Report'!$D$15,0)) -> 14 | AU2: =(IF('Water Report'!$D$17>0,'Water Report'!$D$17,0)) -> 1 | AV2: =(IF('Water Report'!$D$18>0,'Water Report'!$D$18,0)) -> 13 | AW2: =(IF('Water Report'!$D$19>0,'Water Report'!$D$19,0)) -> 11 | AX2: =(IF('Water Report'!$D$21>0,'Water Report'!$D$21,0)) -> 0 | AY2: =(IF('Water Report'!$D$22>0,'Water Report'!$D$22,0)) -> 0 | AZ2: =(IF('Water Report'!$D$23>0,'Water Report'!$D$23,0)) -> 0 | BA2: =(IF('Water Report'!$D$14>0,'Water Report'!$D$14,0)) -> 5 | BB2: =(IF('Water Report'!$D$15>0,'Water Report'!$D$15,0)) -> 14 | BC2: =(IF('Water Report'!$D$13>0,'Water Report'!$D$13,0)) -> 26 | BD2: =(IF('Water Report'!$D$24>0,'Water Report'!$D$24,0)) -> 304 | BE2: =(IF('Water Report'!$D$25>0,'Water Report'!$D$25,0)) -> 171 | BF2: =(IF('Water Report'!$D$27>0,'Water Report'!$D$27,0)) -> 26 | BG2: =(IF('Section Load'!AN5>0,'Section Load'!AN5,0)) -> 967 | BH2: =(IF('Section Load'!AO5>0,'Section Load'!AO5,0)) -> 279 | BI2: =(IF('Section Load'!AP5>0,'Section Load'!AP5,0)) -> 0 | BJ2: =(IF('Section Load'!AQ5>0,'Section Load'!AQ5,0)) -> 118 | BK2: =(IF('Section Load'!AR5>0,'Section Load'!AR5,0)) -> 28 | BL2: =(IF('Section Load'!AS5>0,'Section Load'!AS5,0)) -> 0 | BM2: =(IF('Section Load'!AT5>0,'Section Load'!AT5,0)) -> 542
A3: Mumbai | B3: =B2+1 -> 2 | C3: 10 | D3: 2022 | E3: =(IF('Section Load'!F6>0,'Section Load'!F6,0)) -> 3529.1 | F3: =(IF('Section Load'!G6>0,'Section Load'!G6,0)) -> 959.04 | G3: =(IF('Section Load'!H6>0,'Section Load'!H6,0)) -> 2199.71 | H3: =(IF('Section Load'!I6>0,'Section Load'!I6,0)) -> 4057 | I3: =(IF('Section Load'!J6>0,'Section Load'!J6,0)) -> 6160.8 | J3: =(IF('Section Load'!K6>0,'Section Load'!K6,0)) -> 2991.7 | K3: =(IF('Section Load'!L6>0,'Section Load'!L6,0)) -> 1483.4 | L3: =(IF('Section Load'!M6>0,'Section Load'!M6,0)) -> 964.21 | ... AL3: =(IF('Section Load'!AM6>0,'Section Load'!AM6,0)) -> 839.5 | AM3: =(IF('Water Report'!$E$7>0,'Water Report'!$E$7,0)) -> 94 | AN3: =(IF('Water Report'!$E$8>0,'Water Report'!$E$8,0)) -> 0 | AO3: =(IF('Water Report'!$E$9>0,'Water Report'!$E$9,0)) -> 103 | AP3: =(IF('Water Report'!$E$10>0,'Water Report'!$E$10,0)) -> 12 | AQ3: =(IF('Water Report'!$E$11>0,'Water Report'!$E$11,0)) -> 27 | AR3: =(IF('Water Report'!$E$13>0,'Water Report'!$E$13,0)) -> 15 | AS3: =(IF('Water Report'!$E$14>0,'Water Report'!$E$14,0)) -> 4 | AT3: =(IF('Water Report'!$E$15>0,'Water Report'!$E$15,0)) -> 8 | AU3: =(IF('Water Report'!$E$17>0,'Water Report'!$E$17,0)) -> 4 | AV3: =(IF('Water Report'!$E$18>0,'Water Report'!$E$18,0)) -> 12 | AW3: =(IF('Water Report'!$E$19>0,'Water Report'!$E$19,0)) -> 13 | AX3: =(IF('Water Report'!$E$21>0,'Water Report'!$E$21,0)) -> 0 | AY3: =(IF('Water Report'!$E$22>0,'Water Report'!$E$22,0)) -> 0 | AZ3: =(IF('Water Report'!$E$23>0,'Water Report'!$E$23,0)) -> 0 | BA3: =(IF('Water Report'!$E$14>0,'Water Report'!$E$14,0)) -> 4 | BB3: =(IF('Water Report'!$E$15>0,'Water Report'!$E$15,0)) -> 8 | BC3: =(IF('Water Report'!$E$13>0,'Water Report'!$E$13,0)) -> 15 | BD3: =(IF('Water Report'!$E$24>0,'Water Report'!$E$24,0)) -> 238 | BE3: =(IF('Water Report'!$E$25>0,'Water Report'!$E$25,0)) -> 154 | BF3: =(IF('Water Report'!$E$27>0,'Water Report'!$E$27,0)) -> 15 | BG3: =(IF('Section Load'!AN6>0,'Section Load'!AN6,0)) -> 1045 | BH3: =(IF('Section Load'!AO6>0,'Section Load'!AO6,0)) -> 283.21 | BI3: =(IF('Section Load'!AP6>0,'Section Load'!AP6,0)) -> 0.8 | BJ3: =(IF('Section Load'!AQ6>0,'Section Load'!AQ6,0)) -> 110 | BK3: =(IF('Section Load'!AR6>0,'Section Load'!AR6,0)) -> 46 | BL3: =(IF('Section Load'!AS6>0,'Section Load'!AS6,0)) -> 0 | BM3: =(IF('Section Load'!AT6>0,'Section Load'!AT6,0)) -> 605.39
A4: Mumbai | B4: =B3+1 -> 3 | C4: 10 | D4: 2022 | E4: =(IF('Section Load'!F7>0,'Section Load'!F7,0)) -> 3700.57 | F4: =(IF('Section Load'!G7>0,'Section Load'!G7,0)) -> 1017.46 | G4: =(IF('Section Load'!H7>0,'Section Load'!H7,0)) -> 2275.44 | H4: =(IF('Section Load'!I7>0,'Section Load'!I7,0)) -> 4163.9 | I4: =(IF('Section Load'!J7>0,'Section Load'!J7,0)) -> 6605.88 | J4: =(IF('Section Load'!K7>0,'Section Load'!K7,0)) -> 3078.01 | K4: =(IF('Section Load'!L7>0,'Section Load'!L7,0)) -> 1436.43 | L4: =(IF('Section Load'!M7>0,'Section Load'!M7,0)) -> 664.79 | ... AL4: =(IF('Section Load'!AM7>0,'Section Load'!AM7,0)) -> 826.27 | AM4: =(IF('Water Report'!$F$7>0,'Water Report'!$F$7,0)) -> 86 | AN4: =(IF('Water Report'!$F$8>0,'Water Report'!$F$8,0)) -> 0 | AO4: =(IF('Water Report'!$F$9>0,'Water Report'!$G$9,0)) -> 89 | AP4: =(IF('Water Report'!$F$10>0,'Water Report'!$F$10,0)) -> 4 | AQ4: =(IF('Water Report'!$F$11>0,'Water Report'!$F$11,0)) -> 15 | AR4: =(IF('Water Report'!$F$13>0,'Water Report'!$F$13,0)) -> 24 | AS4: =(IF('Water Report'!$F$14>0,'Water Report'!$F$14,0)) -> 1 | AT4: =(IF('Water Report'!$F$15>0,'Water Report'!$F$15,0)) -> 13 | AU4: =(IF('Water Report'!$F$17>0,'Water Report'!$F$17,0)) -> 0 | AV4: =(IF('Water Report'!$F$18>0,'Water Report'!$F$18,0)) -> 12 | AW4: =(IF('Water Report'!$F$19>0,'Water Report'!$F$19,0)) -> 12 | AX4: =(IF('Water Report'!$F$21>0,'Water Report'!$F$21,0)) -> 0 | AY4: =(IF('Water Report'!$F$22>0,'Water Report'!$F$22,0)) -> 0 | AZ4: =(IF('Water Report'!$F$23>0,'Water Report'!$F$23,0)) -> 0 | BA4: =(IF('Water Report'!$F$14>0,'Water Report'!$F$14,0)) -> 1 | BB4: =(IF('Water Report'!$F$15>0,'Water Report'!$F$15,0)) -> 13 | BC4: =(IF('Water Report'!$F$13>0,'Water Report'!$F$13,0)) -> 24 | BD4: =(IF('Water Report'!$F$24>0,'Water Report'!$F$24,0)) -> 344 | BE4: =(IF('Water Report'!$F$25>0,'Water Report'!$F$25,0)) -> 141 | BF4: =(IF('Water Report'!$F$27>0,'Water Report'!$F$27,0)) -> 24 | BG4: =(IF('Section Load'!AN7>0,'Section Load'!AN7,0)) -> 981 | BH4: =(IF('Section Load'!AO7>0,'Section Load'!AO7,0)) -> 288.49 | BI4: =(IF('Section Load'!AP7>0,'Section Load'!AP7,0)) -> 0.2 | BJ4: =(IF('Section Load'!AQ7>0,'Section Load'!AQ7,0)) -> 103 | BK4: =(IF('Section Load'!AR7>0,'Section Load'!AR7,0)) -> 36 | BL4: =(IF('Section Load'!AS7>0,'Section Load'!AS7,0)) -> 0 | BM4: =(IF('Section Load'!AT7>0,'Section Load'!AT7,0)) -> 553.31
A5: Mumbai | B5: =B4+1 -> 4 | C5: 10 | D5: 2022 | E5: =(IF('Section Load'!F8>0,'Section Load'!F8,0)) -> 3962.99 | F5: =(IF('Section Load'!G8>0,'Section Load'!G8,0)) -> 1024.92 | G5: =(IF('Section Load'!H8>0,'Section Load'!H8,0)) -> 2197.64 | H5: =(IF('Section Load'!I8>0,'Section Load'!I8,0)) -> 4052.85 | I5: =(IF('Section Load'!J8>0,'Section Load'!J8,0)) -> 7399.45 | J5: =(IF('Section Load'!K8>0,'Section Load'!K8,0)) -> 3033.32 | K5: =(IF('Section Load'!L8>0,'Section Load'!L8,0)) -> 1415 | L5: =(IF('Section Load'!M8>0,'Section Load'!M8,0)) -> 691.59 | ... AL5: =(IF('Section Load'!AM8>0,'Section Load'!AM8,0)) -> 867.08 | AM5: =(IF('Water Report'!$G$7>0,'Water Report'!$F$7,0)) -> 86 | AN5: =(IF('Water Report'!$G$8>0,'Water Report'!$F$8,0)) -> 0 | AO5: =(IF('Water Report'!$G$9>0,'Water Report'!$H$9,0)) -> 101 | AP5: =(IF('Water Report'!$G$10>0,'Water Report'!$G$10,0)) -> 8 | AQ5: =(IF('Water Report'!$G$11>0,'Water Report'!$G$11,0)) -> 17 | AR5: =(IF('Water Report'!$G$13>0,'Water Report'!$G$13,0)) -> 38 | AS5: =(IF('Water Report'!$G$14>0,'Water Report'!$G$14,0)) -> 3 | AT5: =(IF('Water Report'!$G$15>0,'Water Report'!$G$15,0)) -> 8 | AU5: =(IF('Water Report'!$G$17>0,'Water Report'!$G$17,0)) -> 3 | AV5: =(IF('Water Report'!$G$18>0,'Water Report'!$G$18,0)) -> 12 | AW5: =(IF('Water Report'!$G$19>0,'Water Report'!$G$19,0)) -> 10 | AX5: =(IF('Water Report'!$G$21>0,'Water Report'!$G$21,0)) -> 0 | AY5: =(IF('Water Report'!$G$22>0,'Water Report'!$G$22,0)) -> 0 | AZ5: =(IF('Water Report'!$G$23>0,'Water Report'!$G$23,0)) -> 0 | BA5: =(IF('Water Report'!$G$14>0,'Water Report'!$G$14,0)) -> 3 | BB5: =(IF('Water Report'!$G$15>0,'Water Report'!$G$15,0)) -> 8 | BC5: =(IF('Water Report'!$G$13>0,'Water Report'!$G$13,0)) -> 38 | BD5: =(IF('Water Report'!$G$24>0,'Water Report'!$G$24,0)) -> 291 | BE5: =(IF('Water Report'!$G$25>0,'Water Report'!$G$25,0)) -> 125 | BF5: =(IF('Water Report'!$G$27>0,'Water Report'!$G$27,0)) -> 38 | BG5: =(IF('Section Load'!AN8>0,'Section Load'!AN8,0)) -> 977 | BH5: =(IF('Section Load'!AO8>0,'Section Load'!AO8,0)) -> 281.18 | BI5: =(IF('Section Load'!AP8>0,'Section Load'!AP8,0)) -> 0 | BJ5: =(IF('Section Load'!AQ8>0,'Section Load'!AQ8,0)) -> 84.8 | BK5: =(IF('Section Load'!AR8>0,'Section Load'!AR8,0)) -> 46.8 | BL5: =(IF('Section Load'!AS8>0,'Section Load'!AS8,0)) -> 0 | BM5: =(IF('Section Load'!AT8>0,'Section Load'!AT8,0)) -> 564.42
A6: Mumbai | B6: =B5+1 -> 5 | C6: 10 | D6: 2022 | E6: =(IF('Section Load'!F9>0,'Section Load'!F9,0)) -> 3963.52 | F6: =(IF('Section Load'!G9>0,'Section Load'!G9,0)) -> 1015.43 | G6: =(IF('Section Load'!H9>0,'Section Load'!H9,0)) -> 2219.48 | H6: =(IF('Section Load'!I9>0,'Section Load'!I9,0)) -> 4140.44 | I6: =(IF('Section Load'!J9>0,'Section Load'!J9,0)) -> 6958.74 | J6: =(IF('Section Load'!K9>0,'Section Load'!K9,0)) -> 2755.6 | K6: =(IF('Section Load'!L9>0,'Section Load'!L9,0)) -> 1359.32 | L6: =(IF('Section Load'!M9>0,'Section Load'!M9,0)) -> 638.52 | ... AL6: =(IF('Section Load'!AM9>0,'Section Load'!AM9,0)) -> 866.88 | AM6: =(IF('Water Report'!$H$7>0,'Water Report'!$H$7,0)) -> 80 | AN6: =(IF('Water Report'!$H$8>0,'Water Report'!$H$8,0)) -> 0 | AO6: =(IF('Water Report'!$H$9>0,'Water Report'!$H$9,0)) -> 101 | AP6: =(IF('Water Report'!$H$10>0,'Water Report'!$H$10,0)) -> 6 | AQ6: =(IF('Water Report'!$H$11>0,'Water Report'!$H$11,0)) -> 18 | AR6: =(IF('Water Report'!$H$13>0,'Water Report'!$H$13,0)) -> 44 | AS6: =(IF('Water Report'!$H$14>0,'Water Report'!$H$14,0)) -> 2 | AT6: =(IF('Water Report'!$H$15>0,'Water Report'!$H$15,0)) -> 8 | AU6: =(IF('Water Report'!$H$17>0,'Water Report'!$H$17,0)) -> 1 | AV6: =(IF('Water Report'!$H$18>0,'Water Report'!$H$18,0)) -> 9 | AW6: =(IF('Water Report'!$H$19>0,'Water Report'!$H$19,0)) -> 9 | AX6: =(IF('Water Report'!$H$21>0,'Water Report'!$H$21,0)) -> 0 | AY6: =(IF('Water Report'!$H$22>0,'Water Report'!$H$22,0)) -> 0 | AZ6: =(IF('Water Report'!$H$23>0,'Water Report'!$H$23,0)) -> 0 | BA6: =(IF('Water Report'!$H$14>0,'Water Report'!$H$14,0)) -> 2 | BB6: =(IF('Water Report'!$H$15>0,'Water Report'!$H$15,0)) -> 8 | BC6: =(IF('Water Report'!$H$13>0,'Water Report'!$H$13,0)) -> 44 | BD6: =(IF('Water Report'!$H$24>0,'Water Report'!$H$24,0)) -> 251 | BE6: =(IF('Water Report'!$H$25>0,'Water Report'!$H$25,0)) -> 135 | BF6: =(IF('Water Report'!$H$27>0,'Water Report'!$H$27,0)) -> 44 | BG6: =(IF('Section Load'!AN9>0,'Section Load'!AN9,0)) -> 953 | BH6: =(IF('Section Load'!AO9>0,'Section Load'!AO9,0)) -> 308.72 | BI6: =(IF('Section Load'!AP9>0,'Section Load'!AP9,0)) -> 0 | BJ6: =(IF('Section Load'!AQ9>0,'Section Load'!AQ9,0)) -> 108.2 | BK6: =(IF('Section Load'!AR9>0,'Section Load'!AR9,0)) -> 46.2 | BL6: =(IF('Section Load'!AS9>0,'Section Load'!AS9,0)) -> 0 | BM6: =(IF('Section Load'!AT9>0,'Section Load'!AT9,0)) -> 490.68
A7: Mumbai | B7: =B6+1 -> 6 | C7: 10 | D7: 2022 | E7: =(IF('Section Load'!F10>0,'Section Load'!F10,0)) -> 3669.77 | F7: =(IF('Section Load'!G10>0,'Section Load'!G10,0)) -> 997.15 | G7: =(IF('Section Load'!H10>0,'Section Load'!H10,0)) -> 2197.73 | H7: =(IF('Section Load'!I10>0,'Section Load'!I10,0)) -> 4226.62 | I7: =(IF('Section Load'!J10>0,'Section Load'!J10,0)) -> 5349.13 | J7: =(IF('Section Load'!K10>0,'Section Load'!K10,0)) -> 2958.37 | K7: =(IF('Section Load'!L10>0,'Section Load'!L10,0)) -> 1554.85 | L7: =(IF('Section Load'!M10>0,'Section Load'!M10,0)) -> 638.89 | ... AL7: =(IF('Section Load'!AM10>0,'Section Load'!AM10,0)) -> 844.27 | AM7: =(IF('Water Report'!$I$7>0,'Water Report'!$I$7,0)) -> 76 | AN7: =(IF('Water Report'!$I$8>0,'Water Report'!$I$8,0)) -> 0 | AO7: =(IF('Water Report'!$I$9>0,'Water Report'!$I$9,0)) -> 89 | AP7: =(IF('Water Report'!$I$10>0,'Water Report'!$I$10,0)) -> 11 | AQ7: =(IF('Water Report'!$I$11>0,'Water Report'!$I$11,0)) -> 18 | AR7: =(IF('Water Report'!$I$13>0,'Water Report'!$I$13,0)) -> 37 | AS7: =(IF('Water Report'!$I$14>0,'Water Report'!$I$14,0)) -> 4 | AT7: =(IF('Water Report'!$I$15>0,'Water Report'!$I$15,0)) -> 7 | AU7: =(IF('Water Report'!$I$17>0,'Water Report'!$I$17,0)) -> 1 | AV7: =(IF('Water Report'!$I$18>0,'Water Report'!$I$18,0)) -> 14 | AW7: =(IF('Water Report'!$I$19>0,'Water Report'!$I$19,0)) -> 12 | AX7: =(IF('Water Report'!$I$21>0,'Water Report'!$I$21,0)) -> 0 | AY7: =(IF('Water Report'!$I$22>0,'Water Report'!$I$22,0)) -> 0 | AZ7: =(IF('Water Report'!$I$23>0,'Water Report'!$I$23,0)) -> 0 | BA7: =(IF('Water Report'!$I$14>0,'Water Report'!$I$14,0)) -> 4 | BB7: =(IF('Water Report'!$I$15>0,'Water Report'!$I$15,0)) -> 7 | BC7: =(IF('Water Report'!$I$13>0,'Water Report'!$I$13,0)) -> 37 | BD7: =(IF('Water Report'!$I$24>0,'Water Report'!$I$24,0)) -> 290 | BE7: =(IF('Water Report'!$I$25>0,'Water Report'!$I$25,0)) -> 129 | BF7: =(IF('Water Report'!$I$27>0,'Water Report'!$I$27,0)) -> 37 | BG7: =(IF('Section Load'!AN10>0,'Section Load'!AN10,0)) -> 1040 | BH7: =(IF('Section Load'!AO10>0,'Section Load'!AO10,0)) -> 298.4 | BI7: =(IF('Section Load'!AP10>0,'Section Load'!AP10,0)) -> 0 | BJ7: =(IF('Section Load'!AQ10>0,'Section Load'!AQ10,0)) -> 112 | BK7: =(IF('Section Load'!AR10>0,'Section Load'!AR10,0)) -> 49 | BL7: =(IF('Section Load'!AS10>0,'Section Load'!AS10,0)) -> 0.4 | BM7: =(IF('Section Load'!AT10>0,'Section Load'!AT10,0)) -> 580.2
A8: Mumbai | B8: =B7+1 -> 7 | C8: 10 | D8: 2022 | E8: =(IF('Section Load'!F11>0,'Section Load'!F11,0)) -> 3706 | F8: =(IF('Section Load'!G11>0,'Section Load'!G11,0)) -> 1011 | G8: =(IF('Section Load'!H11>0,'Section Load'!H11,0)) -> 2277 | H8: =(IF('Section Load'!I11>0,'Section Load'!I11,0)) -> 4329 | I8: =(IF('Section Load'!J11>0,'Section Load'!J11,0)) -> 5136 | J8: =(IF('Section Load'!K11>0,'Section Load'!K11,0)) -> 2960 | K8: =(IF('Section Load'!L11>0,'Section Load'!L11,0)) -> 1624 | L8: =(IF('Section Load'!M11>0,'Section Load'!M11,0)) -> 855 | ... AL8: =(IF('Section Load'!AM11>0,'Section Load'!AM11,0)) -> 841 | AM8: =(IF('Water Report'!$J$7>0,'Water Report'!$J$7,0)) -> 96 | AN8: =(IF('Water Report'!$J$8>0,'Water Report'!$J$8,0)) -> 0 | AO8: =(IF('Water Report'!$J$9>0,'Water Report'!$J$9,0)) -> 103 | AP8: =(IF('Water Report'!$J$10>0,'Water Report'!$J$10,0)) -> 17 | AQ8: =(IF('Water Report'!$J$11>0,'Water Report'!$J$11,0)) -> 20 | AR8: =(IF('Water Report'!$J$13>0,'Water Report'!$J$13,0)) -> 16 | AS8: =(IF('Water Report'!$J$14>0,'Water Report'!$J$14,0)) -> 1 | AT8: =(IF('Water Report'!$J$15>0,'Water Report'!$J$15,0)) -> 8 | AU8: =(IF('Water Report'!$J$17>0,'Water Report'!$J$17,0)) -> 0 | AV8: =(IF('Water Report'!$J$18>0,'Water Report'!$J$18,0)) -> 12 | AW8: =(IF('Water Report'!$J$19>0,'Water Report'!$J$19,0)) -> 9 | AX8: =(IF('Water Report'!$J$21>0,'Water Report'!$J$21,0)) -> 0 | AY8: =(IF('Water Report'!$J$22>0,'Water Report'!$J$22,0)) -> 0 | AZ8: =(IF('Water Report'!$J$23>0,'Water Report'!$J$23,0)) -> 0 | BA8: =(IF('Water Report'!$J$14>0,'Water Report'!$J$14,0)) -> 1 | BB8: =(IF('Water Report'!$J$15>0,'Water Report'!$J$15,0)) -> 8 | BC8: =(IF('Water Report'!$J$13>0,'Water Report'!$J$13,0)) -> 16 | BD8: =(IF('Water Report'!$J$24>0,'Water Report'!$J$24,0)) -> 295 | BE8: =(IF('Water Report'!$J$25>0,'Water Report'!$J$25,0)) -> 149 | BF8: =(IF('Water Report'!$J$27>0,'Water Report'!$J$27,0)) -> 16 | BG8: =(IF('Section Load'!AN11>0,'Section Load'!AN11,0)) -> 1021 | BH8: =(IF('Section Load'!AO11>0,'Section Load'!AO11,0)) -> 301 | BI8: =(IF('Section Load'!AP11>0,'Section Load'!AP11,0)) -> 0 | BJ8: =(IF('Section Load'!AQ11>0,'Section Load'!AQ11,0)) -> 116 | BK8: =(IF('Section Load'!AR11>0,'Section Load'!AR11,0)) -> 51 | BL8: =(IF('Section Load'!AS11>0,'Section Load'!AS11,0)) -> 0 | BM8: =(IF('Section Load'!AT11>0,'Section Load'!AT11,0)) -> 553
A9: Mumbai | B9: =B8+1 -> 8 | C9: 10 | D9: 2022 | E9: =(IF('Section Load'!F12>0,'Section Load'!F12,0)) -> 3651.05 | F9: =(IF('Section Load'!G12>0,'Section Load'!G12,0)) -> 1068 | G9: =(IF('Section Load'!H12>0,'Section Load'!H12,0)) -> 2310 | H9: =(IF('Section Load'!I12>0,'Section Load'!I12,0)) -> 4330.19 | I9: =(IF('Section Load'!J12>0,'Section Load'!J12,0)) -> 7147.63 | J9: =(IF('Section Load'!K12>0,'Section Load'!K12,0)) -> 3052 | K9: =(IF('Section Load'!L12>0,'Section Load'!L12,0)) -> 1247 | L9: =(IF('Section Load'!M12>0,'Section Load'!M12,0)) -> 863 | ... AL9: =(IF('Section Load'!AM12>0,'Section Load'!AM12,0)) -> 775 | AM9: =(IF('Water Report'!$K$7>0,'Water Report'!$K$7,0)) -> 102 | AN9: =(IF('Water Report'!$K$8>0,'Water Report'!$K$8,0)) -> 0 | AO9: =(IF('Water Report'!$K$9>0,'Water Report'!$K$9,0)) -> 108 | AP9: =(IF('Water Report'!$K$10>0,'Water Report'!$K$10,0)) -> 26 | AQ9: =(IF('Water Report'!$K$11>0,'Water Report'!$K$11,0)) -> 29 | AR9: =(IF('Water Report'!$K$13>0,'Water Report'!$K$13,0)) -> 25 | AS9: =(IF('Water Report'!$K$14>0,'Water Report'!$K$14,0)) -> 4 | AT9: =(IF('Water Report'!$K$15>0,'Water Report'!$K$15,0)) -> 9 | AU9: =(IF('Water Report'!$K$17>0,'Water Report'!$K$17,0)) -> 0 | AV9: =(IF('Water Report'!$K$18>0,'Water Report'!$K$18,0)) -> 16 | AW9: =(IF('Water Report'!$K$19>0,'Water Report'!$K$19,0)) -> 10 | AX9: =(IF('Water Report'!$K$21>0,'Water Report'!$K$21,0)) -> 0 | AY9: =(IF('Water Report'!$K$22>0,'Water Report'!$K$22,0)) -> 0 | AZ9: =(IF('Water Report'!$K$23>0,'Water Report'!$K$23,0)) -> 0 | BA9: =(IF('Water Report'!$K$14>0,'Water Report'!$K$14,0)) -> 4 | BB9: =(IF('Water Report'!$K$15>0,'Water Report'!$K$15,0)) -> 9 | BC9: =(IF('Water Report'!$K$13>0,'Water Report'!$K$13,0)) -> 25 | BD9: =(IF('Water Report'!$K$24>0,'Water Report'!$K$24,0)) -> 297 | BE9: =(IF('Water Report'!$K$25>0,'Water Report'!$K$25,0)) -> 176 | BF9: =(IF('Water Report'!$K$27>0,'Water Report'!$K$27,0)) -> 25 | BG9: =(IF('Section Load'!AN12>0,'Section Load'!AN12,0)) -> 1021 | BH9: =(IF('Section Load'!AO12>0,'Section Load'!AO12,0)) -> 302 | BI9: =(IF('Section Load'!AP12>0,'Section Load'!AP12,0)) -> 0 | BJ9: =(IF('Section Load'!AQ12>0,'Section Load'!AQ12,0)) -> 110 | BK9: =(IF('Section Load'!AR12>0,'Section Load'!AR12,0)) -> 52 | BL9: =(IF('Section Load'!AS12>0,'Section Load'!AS12,0)) -> 0 | BM9: =(IF('Section Load'!AT12>0,'Section Load'!AT12,0)) -> 557
A10: Mumbai | B10: =B9+1 -> 9 | C10: 10 | D10: 2022 | E10: =(IF('Section Load'!F13>0,'Section Load'!F13,0)) -> 3585.73 | F10: =(IF('Section Load'!G13>0,'Section Load'!G13,0)) -> 1033.59 | G10: =(IF('Section Load'!H13>0,'Section Load'!H13,0)) -> 2271.71 | H10: =(IF('Section Load'!I13>0,'Section Load'!I13,0)) -> 4016.23 | I10: =(IF('Section Load'!J13>0,'Section Load'!J13,0)) -> 6669.65 | J10: =(IF('Section Load'!K13>0,'Section Load'!K13,0)) -> 3267.03 | K10: =(IF('Section Load'!L13>0,'Section Load'!L13,0)) -> 1563.15 | L10: =(IF('Section Load'!M13>0,'Section Load'!M13,0)) -> 858.43 | ... AL10: =(IF('Section Load'!AM13>0,'Section Load'!AM13,0)) -> 876.19 | AM10: =(IF('Water Report'!$L$7>0,'Water Report'!$L$7,0)) -> 106 | AN10: =(IF('Water Report'!$L$8>0,'Water Report'!$L$8,0)) -> 0 | AO10: =(IF('Water Report'!$L$9>0,'Water Report'!$L$9,0)) -> 105 | AP10: =(IF('Water Report'!$L$10>0,'Water Report'!$L$10,0)) -> 12 | AQ10: =(IF('Water Report'!$L$11>0,'Water Report'!$L$11,0)) -> 17 | AR10: =(IF('Water Report'!$L$13>0,'Water Report'!$L$13,0)) -> 32 | AS10: =(IF('Water Report'!$L$14>0,'Water Report'!$L$14,0)) -> 6 | AT10: =(IF('Water Report'!$L$15>0,'Water Report'!$L$15,0)) -> 6 | AU10: =(IF('Water Report'!$L$17>0,'Water Report'!$L$17,0)) -> 0 | AV10: =(IF('Water Report'!$L$18>0,'Water Report'!$L$18,0)) -> 15 | AW10: =(IF('Water Report'!$L$19>0,'Water Report'!$L$19,0)) -> 13 | AX10: =(IF('Water Report'!$L$21>0,'Water Report'!$L$21,0)) -> 0 | AY10: =(IF('Water Report'!$L$22>0,'Water Report'!$L$22,0)) -> 0 | AZ10: =(IF('Water Report'!$L$23>0,'Water Report'!$L$23,0)) -> 0 | BA10: =(IF('Water Report'!$L$14>0,'Water Report'!$L$14,0)) -> 6 | BB10: =(IF('Water Report'!$L$15>0,'Water Report'!$L$15,0)) -> 6 | BC10: =(IF('Water Report'!$L$13>0,'Water Report'!$L$13,0)) -> 32 | BD10: =(IF('Water Report'!$L$24>0,'Water Report'!$L$24,0)) -> 332 | BE10: =(IF('Water Report'!$L$25>0,'Water Report'!$L$25,0)) -> 146 | BF10: =(IF('Water Report'!$L$27>0,'Water Report'!$L$27,0)) -> 32 | BG10: =(IF('Section Load'!AN13>0,'Section Load'!AN13,0)) -> 1093 | BH10: =(IF('Section Load'!AO13>0,'Section Load'!AO13,0)) -> 313.02 | BI10: =(IF('Section Load'!AP13>0,'Section Load'!AP13,0)) -> 0 | BJ10: =(IF('Section Load'!AQ13>0,'Section Load'!AQ13,0)) -> 107.64 | BK10: =(IF('Section Load'!AR13>0,'Section Load'!AR13,0)) -> 53 | BL10: =(IF('Section Load'!AS13>0,'Section Load'!AS13,0)) -> 0 | BM10: =(IF('Section Load'!AT13>0,'Section Load'!AT13,0)) -> 619.34
A11: Mumbai | B11: =B10+1 -> 10 | C11: 10 | D11: 2022 | E11: =(IF('Section Load'!F14>0,'Section Load'!F14,0)) -> 3508.68 | F11: =(IF('Section Load'!G14>0,'Section Load'!G14,0)) -> 1043.56 | G11: =(IF('Section Load'!H14>0,'Section Load'!H14,0)) -> 2128.32 | H11: =(IF('Section Load'!I14>0,'Section Load'!I14,0)) -> 4009.12 | I11: =(IF('Section Load'!J14>0,'Section Load'!J14,0)) -> 5322.59 | J11: =(IF('Section Load'!K14>0,'Section Load'!K14,0)) -> 3088.44 | K11: =(IF('Section Load'!L14>0,'Section Load'!L14,0)) -> 1987.32 | L11: =(IF('Section Load'!M14>0,'Section Load'!M14,0)) -> 777.18 | ... AL11: =(IF('Section Load'!AM14>0,'Section Load'!AM14,0)) -> 860.08 | AM11: =(IF('Water Report'!$M$7>0,'Water Report'!$M$7,0)) -> 75 | AN11: =(IF('Water Report'!$M$8>0,'Water Report'!$M$8,0)) -> 0 | AO11: =(IF('Water Report'!$M$9>0,'Water Report'!$M$9,0)) -> 98 | AP11: =(IF('Water Report'!$M$10>0,'Water Report'!$M$10,0)) -> 11 | AQ11: =(IF('Water Report'!$M$11>0,'Water Report'!$M$11,0)) -> 23 | AR11: =(IF('Water Report'!$M$13>0,'Water Report'!$M$13,0)) -> 49 | AS11: =(IF('Water Report'!$M$14>0,'Water Report'!$M$14,0)) -> 3 | AT11: =(IF('Water Report'!$M$15>0,'Water Report'!$M$15,0)) -> 7 | AU11: =(IF('Water Report'!$M$17>0,'Water Report'!$M$17,0)) -> 2 | AV11: =(IF('Water Report'!$M$18>0,'Water Report'!$M$18,0)) -> 12 | AW11: =(IF('Water Report'!$M$19>0,'Water Report'!$M$19,0)) -> 9 | AX11: =(IF('Water Report'!$M$21>0,'Water Report'!$M$21,0)) -> 0 | AY11: =(IF('Water Report'!$M$22>0,'Water Report'!$M$22,0)) -> 0 | AZ11: =(IF('Water Report'!$M$23>0,'Water Report'!$M$23,0)) -> 0 | BA11: =(IF('Water Report'!$M$14>0,'Water Report'!$M$14,0)) -> 3 | BB11: =(IF('Water Report'!$M$15>0,'Water Report'!$M$15,0)) -> 7 | BC11: =(IF('Water Report'!$M$13>0,'Water Report'!$M$13,0)) -> 49 | BD11: =(IF('Water Report'!$M$24>0,'Water Report'!$M$24,0)) -> 230 | BE11: =(IF('Water Report'!$M$25>0,'Water Report'!$M$25,0)) -> 142 | BF11: =(IF('Water Report'!$M$27>0,'Water Report'!$M$27,0)) -> 49 | BG11: =(IF('Section Load'!AN14>0,'Section Load'!AN14,0)) -> 1003.92 | BH11: =(IF('Section Load'!AO14>0,'Section Load'!AO14,0)) -> 320.62 | BI11: =(IF('Section Load'!AP14>0,'Section Load'!AP14,0)) -> 0 | BJ11: =(IF('Section Load'!AQ14>0,'Section Load'!AQ14,0)) -> 94.79 | BK11: =(IF('Section Load'!AR14>0,'Section Load'!AR14,0)) -> 62.5 | BL11: =(IF('Section Load'!AS14>0,'Section Load'!AS14,0)) -> 0 | BM11: =(IF('Section Load'!AT14>0,'Section Load'!AT14,0)) -> 526.01
A12: Mumbai | B12: =B11+1 -> 11 | C12: 10 | D12: 2022 | E12: =(IF('Section Load'!F15>0,'Section Load'!F15,0)) -> 3486.6 | F12: =(IF('Section Load'!G15>0,'Section Load'!G15,0)) -> 1017.09 | G12: =(IF('Section Load'!H15>0,'Section Load'!H15,0)) -> 2187.64 | H12: =(IF('Section Load'!I15>0,'Section Load'!I15,0)) -> 4276.32 | I12: =(IF('Section Load'!J15>0,'Section Load'!J15,0)) -> 5153.37 | J12: =(IF('Section Load'!K15>0,'Section Load'!K15,0)) -> 2778 | K12: =(IF('Section Load'!L15>0,'Section Load'!L15,0)) -> 1539.8 | L12: =(IF('Section Load'!M15>0,'Section Load'!M15,0)) -> 1047.3 | ... AL12: =(IF('Section Load'!AM15>0,'Section Load'!AM15,0)) -> 879.74 | AM12: =(IF('Water Report'!$N$7>0,'Water Report'!$N$7,0)) -> 107 | AN12: =(IF('Water Report'!$N$8>0,'Water Report'!$N$8,0)) -> 0 | AO12: =(IF('Water Report'!$N$9>0,'Water Report'!$N$9,0)) -> 95 | AP12: =(IF('Water Report'!$N$10>0,'Water Report'!$N$10,0)) -> 11 | AQ12: =(IF('Water Report'!$N$11>0,'Water Report'!$N$11,0)) -> 22 | AR12: =(IF('Water Report'!$N$13>0,'Water Report'!$N$13,0)) -> 25 | AS12: =(IF('Water Report'!$N$14>0,'Water Report'!$N$14,0)) -> 4 | AT12: =(IF('Water Report'!$N$15>0,'Water Report'!$N$15,0)) -> 13 | AU12: =(IF('Water Report'!$N$17>0,'Water Report'!$N$17,0)) -> 2 | AV12: =(IF('Water Report'!$N$18>0,'Water Report'!$N$18,0)) -> 15 | AW12: =(IF('Water Report'!$N$19>0,'Water Report'!$N$19,0)) -> 10 | AX12: =(IF('Water Report'!$N$21>0,'Water Report'!$N$21,0)) -> 3 | AY12: =(IF('Water Report'!$N$22>0,'Water Report'!$N$22,0)) -> 0 | AZ12: =(IF('Water Report'!$N$23>0,'Water Report'!$N$23,0)) -> 0 | BA12: =(IF('Water Report'!$N$14>0,'Water Report'!$N$14,0)) -> 4 | BB12: =(IF('Water Report'!$N$15>0,'Water Report'!$N$15,0)) -> 13 | BC12: =(IF('Water Report'!$N$13>0,'Water Report'!$N$13,0)) -> 25 | BD12: =(IF('Water Report'!$N$24>0,'Water Report'!$N$24,0)) -> 335 | BE12: =(IF('Water Report'!$N$25>0,'Water Report'!$N$25,0)) -> 145 | BF12: =(IF('Water Report'!$N$27>0,'Water Report'!$N$27,0)) -> 28 | BG12: =(IF('Section Load'!AN15>0,'Section Load'!AN15,0)) -> 1018.7 | BH12: =(IF('Section Load'!AO15>0,'Section Load'!AO15,0)) -> 297.17 | BI12: =(IF('Section Load'!AP15>0,'Section Load'!AP15,0)) -> 0 | BJ12: =(IF('Section Load'!AQ15>0,'Section Load'!AQ15,0)) -> 120.74 | BK12: =(IF('Section Load'!AR15>0,'Section Load'!AR15,0)) -> 58.5 | BL12: =(IF('Section Load'!AS15>0,'Section Load'!AS15,0)) -> 0 | BM12: =(IF('Section Load'!AT15>0,'Section Load'!AT15,0)) -> 542.29
A13: Mumbai | B13: =B12+1 -> 12 | C13: 10 | D13: 2022 | E13: =(IF('Section Load'!F16>0,'Section Load'!F16,0)) -> 3468.92 | F13: =(IF('Section Load'!G16>0,'Section Load'!G16,0)) -> 1007.6 | G13: =(IF('Section Load'!H16>0,'Section Load'!H16,0)) -> 2223.4 | H13: =(IF('Section Load'!I16>0,'Section Load'!I16,0)) -> 4336.16 | I13: =(IF('Section Load'!J16>0,'Section Load'!J16,0)) -> 4875.71 | J13: =(IF('Section Load'!K16>0,'Section Load'!K16,0)) -> 2783.44 | K13: =(IF('Section Load'!L16>0,'Section Load'!L16,0)) -> 1507.88 | L13: =(IF('Section Load'!M16>0,'Section Load'!M16,0)) -> 1019.64 | ... AL13: =(IF('Section Load'!AM16>0,'Section Load'!AM16,0)) -> 952.8 | AM13: =(IF('Water Report'!$O$7>0,'Water Report'!$O$7,0)) -> 107 | AN13: =(IF('Water Report'!$O$8>0,'Water Report'!$O$8,0)) -> 0 | AO13: =(IF('Water Report'!$O$9>0,'Water Report'!$O$9,0)) -> 123 | AP13: =(IF('Water Report'!$O$10>0,'Water Report'!$O$10,0)) -> 9 | AQ13: =(IF('Water Report'!$O$11>0,'Water Report'!$O$11,0)) -> 14 | AR13: =(IF('Water Report'!$O$13>0,'Water Report'!$O$13,0)) -> 43 | AS13: =(IF('Water Report'!$O$14>0,'Water Report'!$O$14,0)) -> 6 | AT13: =(IF('Water Report'!$O$15>0,'Water Report'!$O$15,0)) -> 7 | AU13: =(IF('Water Report'!$O$17>0,'Water Report'!$O$17,0)) -> 9 | AV13: =(IF('Water Report'!$O$18>0,'Water Report'!$O$18,0)) -> 15 | AW13: =(IF('Water Report'!$O$19>0,'Water Report'!$O$19,0)) -> 10 | AX13: =(IF('Water Report'!$O$21>0,'Water Report'!$O$21,0)) -> 0 | AY13: =(IF('Water Report'!$O$22>0,'Water Report'!$O$22,0)) -> 0 | AZ13: =(IF('Water Report'!$O$23>0,'Water Report'!$O$23,0)) -> 0 | BA13: =(IF('Water Report'!$O$14>0,'Water Report'!$O$14,0)) -> 6 | BB13: =(IF('Water Report'!$O$15>0,'Water Report'!$O$15,0)) -> 7 | BC13: =(IF('Water Report'!$O$13>0,'Water Report'!$O$13,0)) -> 43 | BD13: =(IF('Water Report'!$O$24>0,'Water Report'!$O$24,0)) -> 307 | BE13: =(IF('Water Report'!$O$25>0,'Water Report'!$O$25,0)) -> 159 | BF13: =(IF('Water Report'!$O$27>0,'Water Report'!$O$27,0)) -> 43 | BG13: =(IF('Section Load'!AN16>0,'Section Load'!AN16,0)) -> 1030.01 | BH13: =(IF('Section Load'!AO16>0,'Section Load'!AO16,0)) -> 292.22 | BI13: =(IF('Section Load'!AP16>0,'Section Load'!AP16,0)) -> 0 | BJ13: =(IF('Section Load'!AQ16>0,'Section Load'!AQ16,0)) -> 128.84 | BK13: =(IF('Section Load'!AR16>0,'Section Load'!AR16,0)) -> 56.5 | BL13: =(IF('Section Load'!AS16>0,'Section Load'!AS16,0)) -> 0 | BM13: =(IF('Section Load'!AT16>0,'Section Load'!AT16,0)) -> 552.85
A14: Mumbai | B14: =B13+1 -> 13 | C14: 10 | D14: 2022 | E14: =(IF('Section Load'!F17>0,'Section Load'!F17,0)) -> 3683.02 | F14: =(IF('Section Load'!G17>0,'Section Load'!G17,0)) -> 989.47 | G14: =(IF('Section Load'!H17>0,'Section Load'!H17,0)) -> 2231.93 | H14: =(IF('Section Load'!I17>0,'Section Load'!I17,0)) -> 4038.17 | I14: =(IF('Section Load'!J17>0,'Section Load'!J17,0)) -> 4786.96 | J14: =(IF('Section Load'!K17>0,'Section Load'!K17,0)) -> 2808.09 | K14: =(IF('Section Load'!L17>0,'Section Load'!L17,0)) -> 2066.85 | L14: =(IF('Section Load'!M17>0,'Section Load'!M17,0)) -> 870.45 | ... AL14: =(IF('Section Load'!AM17>0,'Section Load'!AM17,0)) -> 1033.19 | AM14: =(IF('Water Report'!$P$7>0,'Water Report'!$P$7,0)) -> 100 | AN14: =(IF('Water Report'!$P$8>0,'Water Report'!$P$8,0)) -> 0 | AO14: =(IF('Water Report'!$P$9>0,'Water Report'!$P$9,0)) -> 113 | AP14: =(IF('Water Report'!$P$10>0,'Water Report'!$P$10,0)) -> 9 | AQ14: =(IF('Water Report'!$P$11>0,'Water Report'!$P$11,0)) -> 19 | AR14: =(IF('Water Report'!$P$13>0,'Water Report'!$P$13,0)) -> 30 | AS14: =(IF('Water Report'!$P$14>0,'Water Report'!$P$14,0)) -> 2 | AT14: =(IF('Water Report'!$P$15>0,'Water Report'!$P$15,0)) -> 12 | AU14: =(IF('Water Report'!$P$17>0,'Water Report'!$P$17,0)) -> 0 | AV14: =(IF('Water Report'!$P$18>0,'Water Report'!$P$18,0)) -> 15 | AW14: =(IF('Water Report'!$P$19>0,'Water Report'!$P$19,0)) -> 10 | AX14: =(IF('Water Report'!$P$21>0,'Water Report'!$P$21,0)) -> 0 | AY14: =(IF('Water Report'!$P$22>0,'Water Report'!$P$22,0)) -> 0 | AZ14: =(IF('Water Report'!$P$23>0,'Water Report'!$P$23,0)) -> 0 | BA14: =(IF('Water Report'!$P$14>0,'Water Report'!$P$14,0)) -> 2 | BB14: =(IF('Water Report'!$P$15>0,'Water Report'!$P$15,0)) -> 12 | BC14: =(IF('Water Report'!$P$13>0,'Water Report'!$P$13,0)) -> 30 | BD14: =(IF('Water Report'!$P$24>0,'Water Report'!$P$24,0)) -> 309 | BE14: =(IF('Water Report'!$P$25>0,'Water Report'!$P$25,0)) -> 155 | BF14: =(IF('Water Report'!$P$27>0,'Water Report'!$P$27,0)) -> 30 | BG14: =(IF('Section Load'!AN17>0,'Section Load'!AN17,0)) -> 1072.37 | BH14: =(IF('Section Load'!AO17>0,'Section Load'!AO17,0)) -> 289.97 | BI14: =(IF('Section Load'!AP17>0,'Section Load'!AP17,0)) -> 0 | BJ14: =(IF('Section Load'!AQ17>0,'Section Load'!AQ17,0)) -> 118.99 | BK14: =(IF('Section Load'!AR17>0,'Section Load'!AR17,0)) -> 60.5 | BL14: =(IF('Section Load'!AS17>0,'Section Load'!AS17,0)) -> 0 | BM14: =(IF('Section Load'!AT17>0,'Section Load'!AT17,0)) -> 602.91
A15: Mumbai | B15: =B14+1 -> 14 | C15: 10 | D15: 2022 | E15: =(IF('Section Load'!F18>0,'Section Load'!F18,0)) -> 3733 | F15: =(IF('Section Load'!G18>0,'Section Load'!G18,0)) -> 1049 | G15: =(IF('Section Load'!H18>0,'Section Load'!H18,0)) -> 2349.24 | H15: =(IF('Section Load'!I18>0,'Section Load'!I18,0)) -> 4081.81 | I15: =(IF('Section Load'!J18>0,'Section Load'!J18,0)) -> 5095.09 | J15: =(IF('Section Load'!K18>0,'Section Load'!K18,0)) -> 2926 | K15: =(IF('Section Load'!L18>0,'Section Load'!L18,0)) -> 1895 | L15: =(IF('Section Load'!M18>0,'Section Load'!M18,0)) -> 1103 | ... AL15: =(IF('Section Load'!AM18>0,'Section Load'!AM18,0)) -> 1037 | AM15: =(IF('Water Report'!$Q$7>0,'Water Report'!$Q$7,0)) -> 110 | AN15: =(IF('Water Report'!$Q$8>0,'Water Report'!$Q$8,0)) -> 0 | AO15: =(IF('Water Report'!$Q$9>0,'Water Report'!$Q$9,0)) -> 118 | AP15: =(IF('Water Report'!$Q$10>0,'Water Report'!$Q$10,0)) -> 18 | AQ15: =(IF('Water Report'!$Q$11>0,'Water Report'!$Q$11,0)) -> 16 | AR15: =(IF('Water Report'!$Q$13>0,'Water Report'!$Q$13,0)) -> 38 | AS15: =(IF('Water Report'!$Q$14>0,'Water Report'!$Q$14,0)) -> 2 | AT15: =(IF('Water Report'!$Q$15>0,'Water Report'!$Q$15,0)) -> 6 | AU15: =(IF('Water Report'!$Q$17>0,'Water Report'!$Q$17,0)) -> 0 | AV15: =(IF('Water Report'!$Q$18>0,'Water Report'!$Q$18,0)) -> 12 | AW15: =(IF('Water Report'!$Q$19>0,'Water Report'!$Q$19,0)) -> 12 | AX15: =(IF('Water Report'!$Q$21>0,'Water Report'!$Q$21,0)) -> 0 | AY15: =(IF('Water Report'!$Q$22>0,'Water Report'!$Q$22,0)) -> 0 | AZ15: =(IF('Water Report'!$Q$23>0,'Water Report'!$Q$23,0)) -> 0 | BA15: =(IF('Water Report'!$Q$14>0,'Water Report'!$Q$14,0)) -> 2 | BB15: =(IF('Water Report'!$Q$15>0,'Water Report'!$Q$15,0)) -> 6 | BC15: =(IF('Water Report'!$Q$13>0,'Water Report'!$Q$13,0)) -> 38 | BD15: =(IF('Water Report'!$Q$24>0,'Water Report'!$Q$24,0)) -> 267 | BE15: =(IF('Water Report'!$Q$25>0,'Water Report'!$Q$25,0)) -> 160 | BF15: =(IF('Water Report'!$Q$27>0,'Water Report'!$Q$27,0)) -> 38 | BG15: =(IF('Section Load'!AN18>0,'Section Load'!AN18,0)) -> 1198 | BH15: =(IF('Section Load'!AO18>0,'Section Load'!AO18,0)) -> 297 | BI15: =(IF('Section Load'!AP18>0,'Section Load'!AP18,0)) -> 0 | BJ15: =(IF('Section Load'!AQ18>0,'Section Load'!AQ18,0)) -> 125 | BK15: =(IF('Section Load'!AR18>0,'Section Load'!AR18,0)) -> 53 | BL15: =(IF('Section Load'!AS18>0,'Section Load'!AS18,0)) -> 0 | BM15: =(IF('Section Load'!AT18>0,'Section Load'!AT18,0)) -> 723
A16: Mumbai | B16: =B15+1 -> 15 | C16: 10 | D16: 2022 | E16: =(IF('Section Load'!F19>0,'Section Load'!F19,0)) -> 3550 | F16: =(IF('Section Load'!G19>0,'Section Load'!G19,0)) -> 1047 | G16: =(IF('Section Load'!H19>0,'Section Load'!H19,0)) -> 2442 | H16: =(IF('Section Load'!I19>0,'Section Load'!I19,0)) -> 4192 | I16: =(IF('Section Load'!J19>0,'Section Load'!J19,0)) -> 5793.45 | J16: =(IF('Section Load'!K19>0,'Section Load'!K19,0)) -> 2989 | K16: =(IF('Section Load'!L19>0,'Section Load'!L19,0)) -> 1909 | L16: =(IF('Section Load'!M19>0,'Section Load'!M19,0)) -> 1089 | ... AL16: =(IF('Section Load'!AM19>0,'Section Load'!AM19,0)) -> 896 | AM16: =(IF('Water Report'!$R$7>0,'Water Report'!$R$7,0)) -> 124 | AN16: =(IF('Water Report'!$R$8>0,'Water Report'!$R$8,0)) -> 0 | AO16: =(IF('Water Report'!$R$9>0,'Water Report'!$R$9,0)) -> 133 | AP16: =(IF('Water Report'!$R$10>0,'Water Report'!$R$10,0)) -> 7 | AQ16: =(IF('Water Report'!$R$11>0,'Water Report'!$R$11,0)) -> 22 | AR16: =(IF('Water Report'!$R$13>0,'Water Report'!$R$13,0)) -> 41 | AS16: =(IF('Water Report'!$R$14>0,'Water Report'!$R$14,0)) -> 5 | AT16: =(IF('Water Report'!$R$15>0,'Water Report'!$R$15,0)) -> 23 | AU16: =(IF('Water Report'!$R$17>0,'Water Report'!$R$17,0)) -> 0 | AV16: =(IF('Water Report'!$R$18>0,'Water Report'!$R$18,0)) -> 16 | AW16: =(IF('Water Report'!$R$19>0,'Water Report'!$R$19,0)) -> 12 | AX16: =(IF('Water Report'!$R$21>0,'Water Report'!$R$21,0)) -> 0 | AY16: =(IF('Water Report'!$R$22>0,'Water Report'!$R$22,0)) -> 0 | AZ16: =(IF('Water Report'!$R$23>0,'Water Report'!$R$23,0)) -> 0 | BA16: =(IF('Water Report'!$R$14>0,'Water Report'!$R$14,0)) -> 5 | BB16: =(IF('Water Report'!$R$15>0,'Water Report'!$R$15,0)) -> 23 | BC16: =(IF('Water Report'!$R$13>0,'Water Report'!$R$13,0)) -> 41 | BD16: =(IF('Water Report'!$R$24>0,'Water Report'!$R$24,0)) -> 322 | BE16: =(IF('Water Report'!$R$25>0,'Water Report'!$R$25,0)) -> 190 | BF16: =(IF('Water Report'!$R$27>0,'Water Report'!$R$27,0)) -> 41 | BG16: =(IF('Section Load'!AN19>0,'Section Load'!AN19,0)) -> 917 | BH16: =(IF('Section Load'!AO19>0,'Section Load'!AO19,0)) -> 278 | BI16: =(IF('Section Load'!AP19>0,'Section Load'!AP19,0)) -> 0 | BJ16: =(IF('Section Load'!AQ19>0,'Section Load'!AQ19,0)) -> 129 | BK16: =(IF('Section Load'!AR19>0,'Section Load'!AR19,0)) -> 59 | BL16: =(IF('Section Load'!AS19>0,'Section Load'!AS19,0)) -> 0 | BM16: =(IF('Section Load'!AT19>0,'Section Load'!AT19,0)) -> 451
A17: Mumbai | B17: =B16+1 -> 16 | C17: 10 | D17: 2022 | E17: =(IF('Section Load'!F20>0,'Section Load'!F20,0)) -> 3658.36 | F17: =(IF('Section Load'!G20>0,'Section Load'!G20,0)) -> 996.01 | G17: =(IF('Section Load'!H20>0,'Section Load'!H20,0)) -> 2438.7 | H17: =(IF('Section Load'!I20>0,'Section Load'!I20,0)) -> 4307.47 | I17: =(IF('Section Load'!J20>0,'Section Load'!J20,0)) -> 4009.24 | J17: =(IF('Section Load'!K20>0,'Section Load'!K20,0)) -> 2689.59 | K17: =(IF('Section Load'!L20>0,'Section Load'!L20,0)) -> 1710.9 | L17: =(IF('Section Load'!M20>0,'Section Load'!M20,0)) -> 1115.6 | ... AL17: =(IF('Section Load'!AM20>0,'Section Load'!AM20,0)) -> 850.47 | AM17: =(IF('Water Report'!$S$7>0,'Water Report'!$S$7,0)) -> 125 | AN17: =(IF('Water Report'!$S$8>0,'Water Report'!$S$8,0)) -> 0 | AO17: =(IF('Water Report'!$S$9>0,'Water Report'!$S$9,0)) -> 123 | AP17: =(IF('Water Report'!$S$10>0,'Water Report'!$D$10,0)) -> 9 | AQ17: =(IF('Water Report'!$S$11>0,'Water Report'!$D$11,0)) -> 40 | AR17: =(IF('Water Report'!$S$13>0,'Water Report'!$D$13,0)) -> 26 | AS17: =(IF('Water Report'!$S$14>0,'Water Report'!$D$14,0)) -> 5 | AT17: =(IF('Water Report'!$S$15>0,'Water Report'!$D$15,0)) -> 14 | AU17: =(IF('Water Report'!$S$17>0,'Water Report'!$D$17,0)) -> 1 | AV17: =(IF('Water Report'!$S$18>0,'Water Report'!$D$18,0)) -> 13 | AW17: =(IF('Water Report'!$S$19>0,'Water Report'!$D$19,0)) -> 11 | AX17: =(IF('Water Report'!$S$21>0,'Water Report'!$D$21,0)) -> 0 | AY17: =(IF('Water Report'!$S$22>0,'Water Report'!$D$22,0)) -> 0 | AZ17: =(IF('Water Report'!$S$23>0,'Water Report'!$D$23,0)) -> 0 | BA17: =(IF('Water Report'!$S$14>0,'Water Report'!$D$14,0)) -> 5 | BB17: =(IF('Water Report'!$S$15>0,'Water Report'!$D$15,0)) -> 14 | BC17: =(IF('Water Report'!$S$13>0,'Water Report'!$D$13,0)) -> 26 | BD17: =(IF('Water Report'!$S$24>0,'Water Report'!$D$24,0)) -> 304 | BE17: =(IF('Water Report'!$S$25>0,'Water Report'!$D$25,0)) -> 171 | BF17: =(IF('Water Report'!$S$27>0,'Water Report'!$D$27,0)) -> 26 | BG17: =(IF('Section Load'!AN20>0,'Section Load'!AN20,0)) -> 1098 | BH17: =(IF('Section Load'!AO20>0,'Section Load'!AO20,0)) -> 295.57 | BI17: =(IF('Section Load'!AP20>0,'Section Load'!AP20,0)) -> 0.8 | BJ17: =(IF('Section Load'!AQ20>0,'Section Load'!AQ20,0)) -> 138.3 | BK17: =(IF('Section Load'!AR20>0,'Section Load'!AR20,0)) -> 67 | BL17: =(IF('Section Load'!AS20>0,'Section Load'!AS20,0)) -> 0 | BM17: =(IF('Section Load'!AT20>0,'Section Load'!AT20,0)) -> 597.33
A18: Mumbai | B18: =B17+1 -> 17 | C18: 10 | D18: 2022 | E18: =(IF('Section Load'!F21>0,'Section Load'!F21,0)) -> 3802.68 | F18: =(IF('Section Load'!G21>0,'Section Load'!G21,0)) -> 1050.88 | G18: =(IF('Section Load'!H21>0,'Section Load'!H21,0)) -> 2335.61 | H18: =(IF('Section Load'!I21>0,'Section Load'!I21,0)) -> 4426.04 | I18: =(IF('Section Load'!J21>0,'Section Load'!J21,0)) -> 4623.94 | J18: =(IF('Section Load'!K21>0,'Section Load'!K21,0)) -> 2939.12 | K18: =(IF('Section Load'!L21>0,'Section Load'!L21,0)) -> 1442.69 | L18: =(IF('Section Load'!M21>0,'Section Load'!M21,0)) -> 717.19 | ... AL18: =(IF('Section Load'!AM21>0,'Section Load'!AM21,0)) -> 840.33 | AM18: =(IF('Water Report'!$T$7>0,'Water Report'!$T$7,0)) -> 117 | AN18: =(IF('Water Report'!$T$8>0,'Water Report'!$T$8,0)) -> 0 | AO18: =(IF('Water Report'!$T$9>0,'Water Report'!$T$9,0)) -> 108 | AP18: =(IF('Water Report'!$T$10>0,'Water Report'!$T$10,0)) -> 10 | AQ18: =(IF('Water Report'!$T$11>0,'Water Report'!$T$11,0)) -> 20 | AR18: =(IF('Water Report'!$T$13>0,'Water Report'!$T$13,0)) -> 34 | AS18: =(IF('Water Report'!$T$14>0,'Water Report'!$T$14,0)) -> 7 | AT18: =(IF('Water Report'!$T$15>0,'Water Report'!$T$15,0)) -> 11 | AU18: =(IF('Water Report'!$T$17>0,'Water Report'!$T$17,0)) -> 2 | AV18: =(IF('Water Report'!$T$18>0,'Water Report'!$T$18,0)) -> 12 | AW18: =(IF('Water Report'!$T$19>0,'Water Report'!$T$19,0)) -> 14 | AX18: =(IF('Water Report'!$T$21>0,'Water Report'!$T$21,0)) -> 0 | AY18: =(IF('Water Report'!$T$22>0,'Water Report'!$T$22,0)) -> 0 | AZ18: =(IF('Water Report'!$T$23>0,'Water Report'!$T$23,0)) -> 0 | BA18: =(IF('Water Report'!$T$14>0,'Water Report'!$T$14,0)) -> 7 | BB18: =(IF('Water Report'!$T$15>0,'Water Report'!$T$15,0)) -> 11 | BC18: =(IF('Water Report'!$T$13>0,'Water Report'!$T$13,0)) -> 34 | BD18: =(IF('Water Report'!$T$24>0,'Water Report'!$T$24,0)) -> 302 | BE18: =(IF('Water Report'!$T$25>0,'Water Report'!$T$25,0)) -> 156 | BF18: =(IF('Water Report'!$T$27>0,'Water Report'!$T$27,0)) -> 34 | BG18: =(IF('Section Load'!AN21>0,'Section Load'!AN21,0)) -> 1022 | BH18: =(IF('Section Load'!AO21>0,'Section Load'!AO21,0)) -> 291.03 | BI18: =(IF('Section Load'!AP21>0,'Section Load'!AP21,0)) -> 0 | BJ18: =(IF('Section Load'!AQ21>0,'Section Load'!AQ21,0)) -> 100.9 | BK18: =(IF('Section Load'!AR21>0,'Section Load'!AR21,0)) -> 43 | BL18: =(IF('Section Load'!AS21>0,'Section Load'!AS21,0)) -> 0 | BM18: =(IF('Section Load'!AT21>0,'Section Load'!AT21,0)) -> 588.87
A19: Mumbai | B19: =B18+1 -> 18 | C19: 10 | D19: 2022 | E19: =(IF('Section Load'!F22>0,'Section Load'!F22,0)) -> 3749.26 | F19: =(IF('Section Load'!G22>0,'Section Load'!G22,0)) -> 1041 | G19: =(IF('Section Load'!H22>0,'Section Load'!H22,0)) -> 2281.56 | H19: =(IF('Section Load'!I22>0,'Section Load'!I22,0)) -> 4369.18 | I19: =(IF('Section Load'!J22>0,'Section Load'!J22,0)) -> 5273.78 | J19: =(IF('Section Load'!K22>0,'Section Load'!K22,0)) -> 2706.48 | K19: =(IF('Section Load'!L22>0,'Section Load'!L22,0)) -> 1410.01 | L19: =(IF('Section Load'!M22>0,'Section Load'!M22,0)) -> 713.44 | ... AL19: =(IF('Section Load'!AM22>0,'Section Load'!AM22,0)) -> 855.9 | AM19: =(IF('Water Report'!$U$7>0,'Water Report'!$U$7,0)) -> 104 | AN19: =(IF('Water Report'!$U$8>0,'Water Report'!$U$8,0)) -> 0 | AO19: =(IF('Water Report'!$U$9>0,'Water Report'!$U$9,0)) -> 101 | AP19: =(IF('Water Report'!$U$10>0,'Water Report'!$U$10,0)) -> 9 | AQ19: =(IF('Water Report'!$U$11>0,'Water Report'!$U$11,0)) -> 20 | AR19: =(IF('Water Report'!$U$13>0,'Water Report'!$U$13,0)) -> 42 | AS19: =(IF('Water Report'!$U$14>0,'Water Report'!$U$14,0)) -> 8 | AT19: =(IF('Water Report'!$U$15>0,'Water Report'!$U$15,0)) -> 7 | AU19: =(IF('Water Report'!$U$17>0,'Water Report'!$U$17,0)) -> 1 | AV19: =(IF('Water Report'!$U$18>0,'Water Report'!$U$18,0)) -> 14 | AW19: =(IF('Water Report'!$U$19>0,'Water Report'!$U$19,0)) -> 12 | AX19: =(IF('Water Report'!$U$21>0,'Water Report'!$U$21,0)) -> 0 | AY19: =(IF('Water Report'!$U$22>0,'Water Report'!$U$22,0)) -> 0 | AZ19: =(IF('Water Report'!$U$23>0,'Water Report'!$U$23,0)) -> 0 | BA19: =(IF('Water Report'!$U$14>0,'Water Report'!$U$14,0)) -> 8 | BB19: =(IF('Water Report'!$U$15>0,'Water Report'!$U$15,0)) -> 7 | BC19: =(IF('Water Report'!$U$13>0,'Water Report'!$U$13,0)) -> 42 | BD19: =(IF('Water Report'!$U$24>0,'Water Report'!$U$24,0)) -> 273 | BE19: =(IF('Water Report'!$U$25>0,'Water Report'!$U$25,0)) -> 145 | BF19: =(IF('Water Report'!$U$27>0,'Water Report'!$U$27,0)) -> 42 | BG19: =(IF('Section Load'!AN22>0,'Section Load'!AN22,0)) -> 1031.5 | BH19: =(IF('Section Load'!AO22>0,'Section Load'!AO22,0)) -> 290.1 | BI19: =(IF('Section Load'!AP22>0,'Section Load'!AP22,0)) -> 0 | BJ19: =(IF('Section Load'!AQ22>0,'Section Load'!AQ22,0)) -> 121.8 | BK19: =(IF('Section Load'!AR22>0,'Section Load'!AR22,0)) -> 40 | BL19: =(IF('Section Load'!AS22>0,'Section Load'!AS22,0)) -> 0 | BM19: =(IF('Section Load'!AT22>0,'Section Load'!AT22,0)) -> 579.6
A20: Mumbai | B20: =B19+1 -> 19 | C20: 10 | D20: 2022 | E20: =(IF('Section Load'!F23>0,'Section Load'!F23,0)) -> 4013.7 | F20: =(IF('Section Load'!G23>0,'Section Load'!G23,0)) -> 1043.8 | G20: =(IF('Section Load'!H23>0,'Section Load'!H23,0)) -> 2405.13 | H20: =(IF('Section Load'!I23>0,'Section Load'!I23,0)) -> 4246.5 | I20: =(IF('Section Load'!J23>0,'Section Load'!J23,0)) -> 7428.34 | J20: =(IF('Section Load'!K23>0,'Section Load'!K23,0)) -> 2886.81 | K20: =(IF('Section Load'!L23>0,'Section Load'!L23,0)) -> 1307.4 | L20: =(IF('Section Load'!M23>0,'Section Load'!M23,0)) -> 903.77 | ... AL20: =(IF('Section Load'!AM23>0,'Section Load'!AM23,0)) -> 860.3 | AM20: =(IF('Water Report'!$V$7>0,'Water Report'!$V$7,0)) -> 105 | AN20: =(IF('Water Report'!$V$8>0,'Water Report'!$V$8,0)) -> 0 | AO20: =(IF('Water Report'!$V$9>0,'Water Report'!$V$9,0)) -> 112 | AP20: =(IF('Water Report'!$V$10>0,'Water Report'!$V$10,0)) -> 7 | AQ20: =(IF('Water Report'!$V$11>0,'Water Report'!$V$11,0)) -> 14 | AR20: =(IF('Water Report'!$V$13>0,'Water Report'!$V$13,0)) -> 37 | AS20: =(IF('Water Report'!$V$14>0,'Water Report'!$V$14,0)) -> 10 | AT20: =(IF('Water Report'!$V$15>0,'Water Report'!$V$15,0)) -> 7 | AU20: =(IF('Water Report'!$V$17>0,'Water Report'!$V$17,0)) -> 0 | AV20: =(IF('Water Report'!$V$18>0,'Water Report'!$V$18,0)) -> 12 | AW20: =(IF('Water Report'!$V$19>0,'Water Report'!$V$19,0)) -> 15 | AX20: =(IF('Water Report'!$V$21>0,'Water Report'!$V$21,0)) -> 0 | AY20: =(IF('Water Report'!$V$22>0,'Water Report'!$V$22,0)) -> 0 | AZ20: =(IF('Water Report'!$V$23>0,'Water Report'!$V$23,0)) -> 0 | BA20: =(IF('Water Report'!$V$14>0,'Water Report'!$V$14,0)) -> 10 | BB20: =(IF('Water Report'!$V$15>0,'Water Report'!$V$15,0)) -> 7 | BC20: =(IF('Water Report'!$V$13>0,'Water Report'!$V$13,0)) -> 37 | BD20: =(IF('Water Report'!$V$24>0,'Water Report'!$V$24,0)) -> 303 | BE20: =(IF('Water Report'!$V$25>0,'Water Report'!$V$25,0)) -> 150 | BF20: =(IF('Water Report'!$V$27>0,'Water Report'!$V$27,0)) -> 37 | BG20: =(IF('Section Load'!AN23>0,'Section Load'!AN23,0)) -> 1137.5 | BH20: =(IF('Section Load'!AO23>0,'Section Load'!AO23,0)) -> 289.3 | BI20: =(IF('Section Load'!AP23>0,'Section Load'!AP23,0)) -> 0 | BJ20: =(IF('Section Load'!AQ23>0,'Section Load'!AQ23,0)) -> 116 | BK20: =(IF('Section Load'!AR23>0,'Section Load'!AR23,0)) -> 45 | BL20: =(IF('Section Load'!AS23>0,'Section Load'!AS23,0)) -> 0 | BM20: =(IF('Section Load'!AT23>0,'Section Load'!AT23,0)) -> 687.2
A21: Mumbai | B21: =B20+1 -> 20 | C21: 10 | D21: 2022 | E21: =(IF('Section Load'!F24>0,'Section Load'!F24,0)) -> 3470 | F21: =(IF('Section Load'!G24>0,'Section Load'!G24,0)) -> 1071 | G21: =(IF('Section Load'!H24>0,'Section Load'!H24,0)) -> 2240 | H21: =(IF('Section Load'!I24>0,'Section Load'!I24,0)) -> 4212 | I21: =(IF('Section Load'!J24>0,'Section Load'!J24,0)) -> 8383.7 | J21: =(IF('Section Load'!K24>0,'Section Load'!K24,0)) -> 3030 | K21: =(IF('Section Load'!L24>0,'Section Load'!L24,0)) -> 1305 | L21: =(IF('Section Load'!M24>0,'Section Load'!M24,0)) -> 1055 | ... AL21: =(IF('Section Load'!AM24>0,'Section Load'!AM24,0)) -> 835 | AM21: =(IF('Water Report'!$W$7>0,'Water Report'!$W$7,0)) -> 100 | AN21: =(IF('Water Report'!$W$8>0,'Water Report'!$W$8,0)) -> 0 | AO21: =(IF('Water Report'!$W$9>0,'Water Report'!$W$9,0)) -> 115 | AP21: =(IF('Water Report'!$W$10>0,'Water Report'!$W$10,0)) -> 8 | AQ21: =(IF('Water Report'!$W$11>0,'Water Report'!$W$11,0)) -> 18 | AR21: =(IF('Water Report'!$W$13>0,'Water Report'!$W$13,0)) -> 25 | AS21: =(IF('Water Report'!$W$14>0,'Water Report'!$W$14,0)) -> 7 | AT21: =(IF('Water Report'!$W$15>0,'Water Report'!$W$15,0)) -> 13 | AU21: =(IF('Water Report'!$W$17>0,'Water Report'!$W$17,0)) -> 1 | AV21: =(IF('Water Report'!$W$18>0,'Water Report'!$W$18,0)) -> 13 | AW21: =(IF('Water Report'!$W$19>0,'Water Report'!$W$19,0)) -> 16 | AX21: =(IF('Water Report'!$W$21>0,'Water Report'!$W$21,0)) -> 0 | AY21: =(IF('Water Report'!$W$22>0,'Water Report'!$W$22,0)) -> 0 | AZ21: =(IF('Water Report'!$W$23>0,'Water Report'!$W$23,0)) -> 0 | BA21: =(IF('Water Report'!$W$14>0,'Water Report'!$W$14,0)) -> 7 | BB21: =(IF('Water Report'!$W$15>0,'Water Report'!$W$15,0)) -> 13 | BC21: =(IF('Water Report'!$W$13>0,'Water Report'!$W$13,0)) -> 25 | BD21: =(IF('Water Report'!$W$24>0,'Water Report'!$W$24,0)) -> 341 | BE21: =(IF('Water Report'!$W$25>0,'Water Report'!$W$25,0)) -> 161 | BF21: =(IF('Water Report'!$W$27>0,'Water Report'!$W$27,0)) -> 25 | BG21: =(IF('Section Load'!AN24>0,'Section Load'!AN24,0)) -> 1111 | BH21: =(IF('Section Load'!AO24>0,'Section Load'!AO24,0)) -> 287 | BI21: =(IF('Section Load'!AP24>0,'Section Load'!AP24,0)) -> 0 | BJ21: =(IF('Section Load'!AQ24>0,'Section Load'!AQ24,0)) -> 121 | BK21: =(IF('Section Load'!AR24>0,'Section Load'!AR24,0)) -> 51 | BL21: =(IF('Section Load'!AS24>0,'Section Load'!AS24,0)) -> 0 | BM21: =(IF('Section Load'!AT24>0,'Section Load'!AT24,0)) -> 652
A22: Mumbai | B22: =B21+1 -> 21 | C22: 10 | D22: 2022 | E22: =(IF('Section Load'!F25>0,'Section Load'!F25,0)) -> 3655.55 | F22: =(IF('Section Load'!G25>0,'Section Load'!G25,0)) -> 1102 | G22: =(IF('Section Load'!H25>0,'Section Load'!H25,0)) -> 2256 | H22: =(IF('Section Load'!I25>0,'Section Load'!I25,0)) -> 4287.81 | I22: =(IF('Section Load'!J25>0,'Section Load'!J25,0)) -> 7334 | J22: =(IF('Section Load'!K25>0,'Section Load'!K25,0)) -> 2848 | K22: =(IF('Section Load'!L25>0,'Section Load'!L25,0)) -> 1421 | L22: =(IF('Section Load'!M25>0,'Section Load'!M25,0)) -> 873 | ... AL22: =(IF('Section Load'!AM25>0,'Section Load'!AM25,0)) -> 839 | AM22: =(IF('Water Report'!$X$7>0,'Water Report'!$X$7,0)) -> 110 | AN22: =(IF('Water Report'!$X$8>0,'Water Report'!$X$8,0)) -> 0 | AO22: =(IF('Water Report'!$X$9>0,'Water Report'!$X$9,0)) -> 125 | AP22: =(IF('Water Report'!$X$10>0,'Water Report'!$X$10,0)) -> 7 | AQ22: =(IF('Water Report'!$X$11>0,'Water Report'!$X$11,0)) -> 20 | AR22: =(IF('Water Report'!$X$13>0,'Water Report'!$X$13,0)) -> 28 | AS22: =(IF('Water Report'!$X$14>0,'Water Report'!$X$14,0)) -> 2 | AT22: =(IF('Water Report'!$X$15>0,'Water Report'!$X$15,0)) -> 10 | AU22: =(IF('Water Report'!$X$17>0,'Water Report'!$X$17,0)) -> 0 | AV22: =(IF('Water Report'!$X$18>0,'Water Report'!$X$18,0)) -> 14 | AW22: =(IF('Water Report'!$X$19>0,'Water Report'!$X$19,0)) -> 12 | AX22: =(IF('Water Report'!$X$21>0,'Water Report'!$X$21,0)) -> 0 | AY22: =(IF('Water Report'!$X$22>0,'Water Report'!$X$22,0)) -> 0 | AZ22: =(IF('Water Report'!$X$23>0,'Water Report'!$X$23,0)) -> 0 | BA22: =(IF('Water Report'!$X$14>0,'Water Report'!$X$14,0)) -> 2 | BB22: =(IF('Water Report'!$X$15>0,'Water Report'!$X$15,0)) -> 10 | BC22: =(IF('Water Report'!$X$13>0,'Water Report'!$X$13,0)) -> 28 | BD22: =(IF('Water Report'!$X$24>0,'Water Report'!$X$24,0)) -> 311 | BE22: =(IF('Water Report'!$X$25>0,'Water Report'!$X$25,0)) -> 164 | BF22: =(IF('Water Report'!$X$27>0,'Water Report'!$X$27,0)) -> 28 | BG22: =(IF('Section Load'!AN25>0,'Section Load'!AN25,0)) -> 987 | BH22: =(IF('Section Load'!AO25>0,'Section Load'!AO25,0)) -> 290 | BI22: =(IF('Section Load'!AP25>0,'Section Load'!AP25,0)) -> 0 | BJ22: =(IF('Section Load'!AQ25>0,'Section Load'!AQ25,0)) -> 93 | BK22: =(IF('Section Load'!AR25>0,'Section Load'!AR25,0)) -> 43 | BL22: =(IF('Section Load'!AS25>0,'Section Load'!AS25,0)) -> 0 | BM22: =(IF('Section Load'!AT25>0,'Section Load'!AT25,0)) -> 561
A23: Mumbai | B23: =B22+1 -> 22 | C23: 10 | D23: 2022 | E23: =(IF('Section Load'!F26>0,'Section Load'!F26,0)) -> 3558.45 | F23: =(IF('Section Load'!G26>0,'Section Load'!G26,0)) -> 1090 | G23: =(IF('Section Load'!H26>0,'Section Load'!H26,0)) -> 2241 | H23: =(IF('Section Load'!I26>0,'Section Load'!I26,0)) -> 4196 | I23: =(IF('Section Load'!J26>0,'Section Load'!J26,0)) -> 6364 | J23: =(IF('Section Load'!K26>0,'Section Load'!K26,0)) -> 2719 | K23: =(IF('Section Load'!L26>0,'Section Load'!L26,0)) -> 1355 | L23: =(IF('Section Load'!M26>0,'Section Load'!M26,0)) -> 979 | ... AL23: =(IF('Section Load'!AM26>0,'Section Load'!AM26,0)) -> 863 | AM23: =(IF('Water Report'!$Y$7>0,'Water Report'!$Y$7,0)) -> 118 | AN23: =(IF('Water Report'!$Y$8>0,'Water Report'!$Y$8,0)) -> 0 | AO23: =(IF('Water Report'!$Y$9>0,'Water Report'!$Y$9,0)) -> 139 | AP23: =(IF('Water Report'!$Y$10>0,'Water Report'!$Y$10,0)) -> 7 | AQ23: =(IF('Water Report'!$Y$11>0,'Water Report'!$Y$11,0)) -> 25 | AR23: =(IF('Water Report'!$Y$13>0,'Water Report'!$Y$13,0)) -> 34 | AS23: =(IF('Water Report'!$Y$14>0,'Water Report'!$Y$14,0)) -> 2 | AT23: =(IF('Water Report'!$Y$15>0,'Water Report'!$Y$15,0)) -> 5 | AU23: =(IF('Water Report'!$Y$17>0,'Water Report'!$Y$17,0)) -> 10 | AV23: =(IF('Water Report'!$Y$18>0,'Water Report'!$Y$18,0)) -> 8 | AW23: =(IF('Water Report'!$Y$19>0,'Water Report'!$Y$19,0)) -> 9 | AX23: =(IF('Water Report'!$Y$21>0,'Water Report'!$Y$21,0)) -> 0 | AY23: =(IF('Water Report'!$Y$22>0,'Water Report'!$Y$22,0)) -> 0 | AZ23: =(IF('Water Report'!$Y$23>0,'Water Report'!$Y$23,0)) -> 0 | BA23: =(IF('Water Report'!$Y$14>0,'Water Report'!$Y$14,0)) -> 2 | BB23: =(IF('Water Report'!$Y$15>0,'Water Report'!$Y$15,0)) -> 5 | BC23: =(IF('Water Report'!$Y$13>0,'Water Report'!$Y$13,0)) -> 34 | BD23: =(IF('Water Report'!$Y$24>0,'Water Report'!$Y$24,0)) -> 389 | BE23: =(IF('Water Report'!$Y$25>0,'Water Report'!$Y$25,0)) -> 178 | BF23: =(IF('Water Report'!$Y$27>0,'Water Report'!$Y$27,0)) -> 34 | BG23: =(IF('Section Load'!AN26>0,'Section Load'!AN26,0)) -> 1004 | BH23: =(IF('Section Load'!AO26>0,'Section Load'!AO26,0)) -> 281 | BI23: =(IF('Section Load'!AP26>0,'Section Load'!AP26,0)) -> 0 | BJ23: =(IF('Section Load'!AQ26>0,'Section Load'!AQ26,0)) -> 121 | BK23: =(IF('Section Load'!AR26>0,'Section Load'!AR26,0)) -> 43 | BL23: =(IF('Section Load'!AS26>0,'Section Load'!AS26,0)) -> 0 | BM23: =(IF('Section Load'!AT26>0,'Section Load'!AT26,0)) -> 559
A24: Mumbai | B24: =B23+1 -> 23 | C24: 10 | D24: 2022 | E24: =(IF('Section Load'!F27>0,'Section Load'!F27,0)) -> 3551 | F24: =(IF('Section Load'!G27>0,'Section Load'!G27,0)) -> 1015.31 | G24: =(IF('Section Load'!H27>0,'Section Load'!H27,0)) -> 2217 | H24: =(IF('Section Load'!I27>0,'Section Load'!I27,0)) -> 4329 | I24: =(IF('Section Load'!J27>0,'Section Load'!J27,0)) -> 5177 | J24: =(IF('Section Load'!K27>0,'Section Load'!K27,0)) -> 2488.03 | K24: =(IF('Section Load'!L27>0,'Section Load'!L27,0)) -> 1165 | L24: =(IF('Section Load'!M27>0,'Section Load'!M27,0)) -> 714 | ... AL24: =(IF('Section Load'!AM27>0,'Section Load'!AM27,0)) -> 740 | AM24: =(IF('Water Report'!$Z$7>0,'Water Report'!$Z$7,0)) -> 109 | AN24: =(IF('Water Report'!$Z$8>0,'Water Report'!$Z$8,0)) -> 0 | AO24: =(IF('Water Report'!$Z$9>0,'Water Report'!$Z$9,0)) -> 116 | AP24: =(IF('Water Report'!$Z$10>0,'Water Report'!$Z$10,0)) -> 5 | AQ24: =(IF('Water Report'!$Z$11>0,'Water Report'!$Z$11,0)) -> 24 | AR24: =(IF('Water Report'!$Z$13>0,'Water Report'!$Z$13,0)) -> 42 | AS24: =(IF('Water Report'!$Z$14>0,'Water Report'!$Z$14,0)) -> 3 | AT24: =(IF('Water Report'!$Z$15>0,'Water Report'!$Z$15,0)) -> 3 | AU24: =(IF('Water Report'!$Z$17>0,'Water Report'!$Z$17,0)) -> 0 | AV24: =(IF('Water Report'!$Z$18>0,'Water Report'!$Z$18,0)) -> 11 | AW24: =(IF('Water Report'!$Z$19>0,'Water Report'!$Z$19,0)) -> 12 | AX24: =(IF('Water Report'!$Z$21>0,'Water Report'!$Z$21,0)) -> 0 | AY24: =(IF('Water Report'!$Z$22>0,'Water Report'!$Z$22,0)) -> 0 | AZ24: =(IF('Water Report'!$Z$23>0,'Water Report'!$Z$23,0)) -> 0 | BA24: =(IF('Water Report'!$Z$14>0,'Water Report'!$Z$14,0)) -> 3 | BB24: =(IF('Water Report'!$Z$15>0,'Water Report'!$Z$15,0)) -> 3 | BC24: =(IF('Water Report'!$Z$13>0,'Water Report'!$Z$13,0)) -> 42 | BD24: =(IF('Water Report'!$Z$24>0,'Water Report'!$Z$24,0)) -> 389 | BE24: =(IF('Water Report'!$Z$25>0,'Water Report'!$Z$25,0)) -> 151 | BF24: =(IF('Water Report'!$Z$27>0,'Water Report'!$Z$27,0)) -> 42 | BG24: =(IF('Section Load'!AN27>0,'Section Load'!AN27,0)) -> 963 | BH24: =(IF('Section Load'!AO27>0,'Section Load'!AO27,0)) -> 291 | BI24: =(IF('Section Load'!AP27>0,'Section Load'!AP27,0)) -> 0 | BJ24: =(IF('Section Load'!AQ27>0,'Section Load'!AQ27,0)) -> 103 | BK24: =(IF('Section Load'!AR27>0,'Section Load'!AR27,0)) -> 40 | BL24: =(IF('Section Load'!AS27>0,'Section Load'!AS27,0)) -> 0 | BM24: =(IF('Section Load'!AT27>0,'Section Load'!AT27,0)) -> 529
A25: Mumbai | B25: =B24+1 -> 24 | C25: 10 | D25: 2022 | E25: =(IF('Section Load'!F28>0,'Section Load'!F28,0)) -> 3434 | F25: =(IF('Section Load'!G28>0,'Section Load'!G28,0)) -> 909.69 | G25: =(IF('Section Load'!H28>0,'Section Load'!H28,0)) -> 2037 | H25: =(IF('Section Load'!I28>0,'Section Load'!I28,0)) -> 4061.19 | I25: =(IF('Section Load'!J28>0,'Section Load'!J28,0)) -> 4754 | J25: =(IF('Section Load'!K28>0,'Section Load'!K28,0)) -> 2304 | K25: =(IF('Section Load'!L28>0,'Section Load'!L28,0)) -> 1451 | L25: =(IF('Section Load'!M28>0,'Section Load'!M28,0)) -> 605 | ... AL25: =(IF('Section Load'!AM28>0,'Section Load'!AM28,0)) -> 743 | AM25: =(IF('Water Report'!$AA$7>0,'Water Report'!$AA$7,0)) -> 55 | AN25: =(IF('Water Report'!$AA$8>0,'Water Report'!$AA$8,0)) -> 0 | AO25: =(IF('Water Report'!$AA$9>0,'Water Report'!$AA$9,0)) -> 88 | AP25: =(IF('Water Report'!$AA$10>0,'Water Report'!$AA$10,0)) -> 5 | AQ25: =(IF('Water Report'!$AA$11>0,'Water Report'!$AA$11,0)) -> 8 | AR25: =(IF('Water Report'!$AA$13>0,'Water Report'!$AA$13,0)) -> 16 | AS25: =(IF('Water Report'!$AA$14>0,'Water Report'!$AA$14,0)) -> 2 | AT25: =(IF('Water Report'!$AA$15>0,'Water Report'!$AA$15,0)) -> 2 | AU25: =(IF('Water Report'!$AA$17>0,'Water Report'!$AA$17,0)) -> 0 | AV25: =(IF('Water Report'!$AA$18>0,'Water Report'!$AA$18,0)) -> 8 | AW25: =(IF('Water Report'!$AA$19>0,'Water Report'!$AA$19,0)) -> 8 | AX25: =(IF('Water Report'!$AA$21>0,'Water Report'!$AA$21,0)) -> 0 | AY25: =(IF('Water Report'!$AA$22>0,'Water Report'!$AA$22,0)) -> 0 | AZ25: =(IF('Water Report'!$AA$23>0,'Water Report'!$AA$23,0)) -> 0 | BA25: =(IF('Water Report'!$AA$14>0,'Water Report'!$AA$14,0)) -> 2 | BB25: =(IF('Water Report'!$AA$15>0,'Water Report'!$AA$15,0)) -> 2 | BC25: =(IF('Water Report'!$AA$13>0,'Water Report'!$AA$13,0)) -> 16 | BD25: =(IF('Water Report'!$AA$24>0,'Water Report'!$AA$24,0)) -> 202 | BE25: =(IF('Water Report'!$AA$25>0,'Water Report'!$AA$25,0)) -> 105 | BF25: =(IF('Water Report'!$AA$27>0,'Water Report'!$AA$27,0)) -> 16 | BG25: =(IF('Section Load'!AN28>0,'Section Load'!AN28,0)) -> 871 | BH25: =(IF('Section Load'!AO28>0,'Section Load'!AO28,0)) -> 287 | BI25: =(IF('Section Load'!AP28>0,'Section Load'!AP28,0)) -> 0 | BJ25: =(IF('Section Load'!AQ28>0,'Section Load'!AQ28,0)) -> 97 | BK25: =(IF('Section Load'!AR28>0,'Section Load'!AR28,0)) -> 45 | BL25: =(IF('Section Load'!AS28>0,'Section Load'!AS28,0)) -> 0 | BM25: =(IF('Section Load'!AT28>0,'Section Load'!AT28,0)) -> 442
A26: Mumbai | B26: =B25+1 -> 25 | C26: 10 | D26: 2022 | E26: =(IF('Section Load'!F29>0,'Section Load'!F29,0)) -> 3330 | F26: =(IF('Section Load'!G29>0,'Section Load'!G29,0)) -> 961 | G26: =(IF('Section Load'!H29>0,'Section Load'!H29,0)) -> 2095 | H26: =(IF('Section Load'!I29>0,'Section Load'!I29,0)) -> 4086 | I26: =(IF('Section Load'!J29>0,'Section Load'!J29,0)) -> 5468 | J26: =(IF('Section Load'!K29>0,'Section Load'!K29,0)) -> 2391 | K26: =(IF('Section Load'!L29>0,'Section Load'!L29,0)) -> 1464 | L26: =(IF('Section Load'!M29>0,'Section Load'!M29,0)) -> 601 | ... AL26: =(IF('Section Load'!AM29>0,'Section Load'!AM29,0)) -> 730 | AM26: =(IF('Water Report'!$AB$7>0,'Water Report'!$AB$7,0)) -> 55 | AN26: =(IF('Water Report'!$AB$8>0,'Water Report'!$AB$8,0)) -> 0 | AO26: =(IF('Water Report'!$AB$9>0,'Water Report'!$AB$9,0)) -> 89 | AP26: =(IF('Water Report'!$AB$10>0,'Water Report'!$AB$10,0)) -> 5 | AQ26: =(IF('Water Report'!$AB$11>0,'Water Report'!$AB$11,0)) -> 11 | AR26: =(IF('Water Report'!$AB$13>0,'Water Report'!$AB$13,0)) -> 16 | AS26: =(IF('Water Report'!$AB$14>0,'Water Report'!$AB$14,0)) -> 2 | AT26: =(IF('Water Report'!$AB$15>0,'Water Report'!$AB$15,0)) -> 5 | AU26: =(IF('Water Report'!$AB$17>0,'Water Report'!$AB$17,0)) -> 0 | AV26: =(IF('Water Report'!$AB$18>0,'Water Report'!$AB$18,0)) -> 7 | AW26: =(IF('Water Report'!$AB$19>0,'Water Report'!$AB$19,0)) -> 7 | AX26: =(IF('Water Report'!$AB$21>0,'Water Report'!$AB$21,0)) -> 0 | AY26: =(IF('Water Report'!$AB$22>0,'Water Report'!$AB$22,0)) -> 0 | AZ26: =(IF('Water Report'!$AB$23>0,'Water Report'!$AB$23,0)) -> 5 | BA26: =(IF('Water Report'!$AB$14>0,'Water Report'!$AB$14,0)) -> 2 | BB26: =(IF('Water Report'!$AB$15>0,'Water Report'!$AB$15,0)) -> 5 | BC26: =(IF('Water Report'!$AB$13>0,'Water Report'!$AB$13,0)) -> 16 | BD26: =(IF('Water Report'!$AB$24>0,'Water Report'!$AB$24,0)) -> 173 | BE26: =(IF('Water Report'!$AB$25>0,'Water Report'!$AB$25,0)) -> 112 | BF26: =(IF('Water Report'!$AB$27>0,'Water Report'!$AB$27,0)) -> 21 | BG26: =(IF('Section Load'!AN29>0,'Section Load'!AN29,0)) -> 859 | BH26: =(IF('Section Load'!AO29>0,'Section Load'!AO29,0)) -> 285 | BI26: =(IF('Section Load'!AP29>0,'Section Load'!AP29,0)) -> 0 | BJ26: =(IF('Section Load'!AQ29>0,'Section Load'!AQ29,0)) -> 92 | BK26: =(IF('Section Load'!AR29>0,'Section Load'!AR29,0)) -> 40 | BL26: =(IF('Section Load'!AS29>0,'Section Load'!AS29,0)) -> 0 | BM26: =(IF('Section Load'!AT29>0,'Section Load'!AT29,0)) -> 442
A27: Mumbai | B27: =B26+1 -> 26 | C27: 10 | D27: 2022 | E27: =(IF('Section Load'!F30>0,'Section Load'!F30,0)) -> 3688.96 | F27: =(IF('Section Load'!G30>0,'Section Load'!G30,0)) -> 1059.46 | G27: =(IF('Section Load'!H30>0,'Section Load'!H30,0)) -> 2105 | H27: =(IF('Section Load'!I30>0,'Section Load'!I30,0)) -> 4206.86 | I27: =(IF('Section Load'!J30>0,'Section Load'!J30,0)) -> 5816.83 | J27: =(IF('Section Load'!K30>0,'Section Load'!K30,0)) -> 2720.76 | K27: =(IF('Section Load'!L30>0,'Section Load'!L30,0)) -> 1300.04 | L27: =(IF('Section Load'!M30>0,'Section Load'!M30,0)) -> 908.82 | ... AL27: =(IF('Section Load'!AM30>0,'Section Load'!AM30,0)) -> 827.92 | AM27: =(IF('Water Report'!$AC$7>0,'Water Report'!$AC$7,0)) -> 94 | AN27: =(IF('Water Report'!$AC$8>0,'Water Report'!$AC$8,0)) -> 0 | AO27: =(IF('Water Report'!$AC$9>0,'Water Report'!$AC$9,0)) -> 113 | AP27: =(IF('Water Report'!$AC$10>0,'Water Report'!$AC$10,0)) -> 8 | AQ27: =(IF('Water Report'!$AC$11>0,'Water Report'!$AC$11,0)) -> 16 | AR27: =(IF('Water Report'!$AC$13>0,'Water Report'!$AC$13,0)) -> 14 | AS27: =(IF('Water Report'!$AC$14>0,'Water Report'!$AC$14,0)) -> 3 | AT27: =(IF('Water Report'!$AC$15>0,'Water Report'!$AC$15,0)) -> 7 | AU27: =(IF('Water Report'!$AC$17>0,'Water Report'!$AC$17,0)) -> 3 | AV27: =(IF('Water Report'!$AC$18>0,'Water Report'!$AC$18,0)) -> 13 | AW27: =(IF('Water Report'!$AC$19>0,'Water Report'!$AC$19,0)) -> 12 | AX27: =(IF('Water Report'!$AC$21>0,'Water Report'!$AC$21,0)) -> 0 | AY27: =(IF('Water Report'!$AC$22>0,'Water Report'!$AC$22,0)) -> 0 | AZ27: =(IF('Water Report'!$AC$23>0,'Water Report'!$AC$23,0)) -> 2 | BA27: =(IF('Water Report'!$AC$14>0,'Water Report'!$AC$14,0)) -> 3 | BB27: =(IF('Water Report'!$AC$15>0,'Water Report'!$AC$15,0)) -> 7 | BC27: =(IF('Water Report'!$AC$13>0,'Water Report'!$AC$13,0)) -> 14 | BD27: =(IF('Water Report'!$AC$24>0,'Water Report'!$AC$24,0)) -> 314 | BE27: =(IF('Water Report'!$AC$25>0,'Water Report'!$AC$25,0)) -> 147 | BF27: =(IF('Water Report'!$AC$27>0,'Water Report'!$AC$27,0)) -> 16 | BG27: =(IF('Section Load'!AN30>0,'Section Load'!AN30,0)) -> 994.54 | BH27: =(IF('Section Load'!AO30>0,'Section Load'!AO30,0)) -> 288.3 | BI27: =(IF('Section Load'!AP30>0,'Section Load'!AP30,0)) -> 0 | BJ27: =(IF('Section Load'!AQ30>0,'Section Load'!AQ30,0)) -> 136.96 | BK27: =(IF('Section Load'!AR30>0,'Section Load'!AR30,0)) -> 41.6 | BL27: =(IF('Section Load'!AS30>0,'Section Load'!AS30,0)) -> 0 | BM27: =(IF('Section Load'!AT30>0,'Section Load'!AT30,0)) -> 527.68
A28: Mumbai | B28: =B27+1 -> 27 | C28: 10 | D28: 2022 | E28: =(IF('Section Load'!F31>0,'Section Load'!F31,0)) -> 3695.5 | F28: =(IF('Section Load'!G31>0,'Section Load'!G31,0)) -> 1033.08 | G28: =(IF('Section Load'!H31>0,'Section Load'!H31,0)) -> 2064.32 | H28: =(IF('Section Load'!I31>0,'Section Load'!I31,0)) -> 4100.46 | I28: =(IF('Section Load'!J31>0,'Section Load'!J31,0)) -> 5911.46 | J28: =(IF('Section Load'!K31>0,'Section Load'!K31,0)) -> 2759.57 | K28: =(IF('Section Load'!L31>0,'Section Load'!L31,0)) -> 1498.04 | L28: =(IF('Section Load'!M31>0,'Section Load'!M31,0)) -> 1025.59 | ... AL28: =(IF('Section Load'!AM31>0,'Section Load'!AM31,0)) -> 885.38 | AM28: =(IF('Water Report'!$AD$7>0,'Water Report'!$AD$7,0)) -> 73 | AN28: =(IF('Water Report'!$AD$8>0,'Water Report'!$AD$8,0)) -> 0 | AO28: =(IF('Water Report'!$AD$9>0,'Water Report'!$AD$9,0)) -> 89 | AP28: =(IF('Water Report'!$AD$10>0,'Water Report'!AD$10,0)) -> 7 | AQ28: =(IF('Water Report'!$AD$11>0,'Water Report'!AE$11,0)) -> 15 | AR28: =(IF('Water Report'!$AD$13>0,'Water Report'!AF$13,0)) -> 34 | AS28: =(IF('Water Report'!$AD$14>0,'Water Report'!AG$14,0)) -> 3 | AT28: =(IF('Water Report'!$AD$15>0,'Water Report'!AH$15,0)) -> -237 | AU28: =(IF('Water Report'!$AD$17>0,'Water Report'!AI$17,0)) -> 0 | AV28: =(IF('Water Report'!$AD$18>0,'Water Report'!AJ$18,0)) -> 0 | AW28: =(IF('Water Report'!$AD$19>0,'Water Report'!AK$19,0)) -> 0 | AX28: =(IF('Water Report'!$AD$21>0,'Water Report'!AL$21,0)) -> 0 | AY28: =(IF('Water Report'!$AD$22>0,'Water Report'!AM$22,0)) -> 0 | AZ28: =(IF('Water Report'!$AD$23>0,'Water Report'!AN$23,0)) -> 0 | BA28: =(IF('Water Report'!$AD$14>0,'Water Report'!AO$14,0)) -> 0 | BB28: =(IF('Water Report'!$AD$15>0,'Water Report'!AP$15,0)) -> 0 | BC28: =(IF('Water Report'!$AD$13>0,'Water Report'!AQ$13,0)) -> 0 | BD28: =(IF('Water Report'!$AD$24>0,'Water Report'!AR$24,0)) -> 0 | BE28: =(IF('Water Report'!$AD$25>0,'Water Report'!AS$25,0)) -> 0 | BF28: =(IF('Water Report'!$AD$27>0,'Water Report'!AT$27,0)) -> 0 | BG28: =(IF('Section Load'!AN31>0,'Section Load'!AN31,0)) -> 996.48 | BH28: =(IF('Section Load'!AO31>0,'Section Load'!AO31,0)) -> 282.97 | BI28: =(IF('Section Load'!AP31>0,'Section Load'!AP31,0)) -> 0 | BJ28: =(IF('Section Load'!AQ31>0,'Section Load'!AQ31,0)) -> 98 | BK28: =(IF('Section Load'!AR31>0,'Section Load'!AR31,0)) -> 43.1 | BL28: =(IF('Section Load'!AS31>0,'Section Load'!AS31,0)) -> 0 | BM28: =(IF('Section Load'!AT31>0,'Section Load'!AT31,0)) -> 573.41
A29: Mumbai | B29: =B28+1 -> 28 | C29: 10 | D29: 2022 | E29: =(IF('Section Load'!F32>0,'Section Load'!F32,0)) -> 3724.26 | F29: =(IF('Section Load'!G32>0,'Section Load'!G32,0)) -> 1077.13 | G29: =(IF('Section Load'!H32>0,'Section Load'!H32,0)) -> 2196.04 | H29: =(IF('Section Load'!I32>0,'Section Load'!I32,0)) -> 4355.78 | I29: =(IF('Section Load'!J32>0,'Section Load'!J32,0)) -> 9014.04 | J29: =(IF('Section Load'!K32>0,'Section Load'!K32,0)) -> 3044.76 | K29: =(IF('Section Load'!L32>0,'Section Load'!L32,0)) -> 1882.84 | L29: =(IF('Section Load'!M32>0,'Section Load'!M32,0)) -> 1181.31 | ... AL29: =(IF('Section Load'!AM32>0,'Section Load'!AM32,0)) -> 855.26 | AM29: =(IF('Water Report'!$AE$7>0,'Water Report'!$AE$7,0)) -> 106 | AN29: =(IF('Water Report'!$AE$8>0,'Water Report'!$AE$8,0)) -> 0 | AO29: =(IF('Water Report'!$AE$9>0,'Water Report'!$AE$9,0)) -> 118 | AP29: =(IF('Water Report'!$AE$10>0,'Water Report'!$AE$10,0)) -> 7 | AQ29: =(IF('Water Report'!$AE$11>0,'Water Report'!$AE$11,0)) -> 15 | AR29: =(IF('Water Report'!$AE$13>0,'Water Report'!$AE$13,0)) -> 28 | AS29: =(IF('Water Report'!$AE$14>0,'Water Report'!$AE$14,0)) -> 2 | AT29: =(IF('Water Report'!$AE$15>0,'Water Report'!$AE$15,0)) -> 7 | AU29: =(IF('Water Report'!$AE$17>0,'Water Report'!$AE$17,0)) -> 1 | AV29: =(IF('Water Report'!$AE$18>0,'Water Report'!$AE$18,0)) -> 16 | AW29: =(IF('Water Report'!$AE$19>0,'Water Report'!$AE$19,0)) -> 10 | AX29: =(IF('Water Report'!$AE$21>0,'Water Report'!$AE$21,0)) -> 0 | AY29: =(IF('Water Report'!$AE$22>0,'Water Report'!$AE$22,0)) -> 0 | AZ29: =(IF('Water Report'!$AE$23>0,'Water Report'!$AE$23,0)) -> 0 | BA29: =(IF('Water Report'!$AE$14>0,'Water Report'!$AE$14,0)) -> 2 | BB29: =(IF('Water Report'!$AE$15>0,'Water Report'!$AE$15,0)) -> 7 | BC29: =(IF('Water Report'!$AE$13>0,'Water Report'!$AE$13,0)) -> 28 | BD29: =(IF('Water Report'!$AE$24>0,'Water Report'!$AE$24,0)) -> 249 | BE29: =(IF('Water Report'!$AE$25>0,'Water Report'!$AE$25,0)) -> 149 | BF29: =(IF('Water Report'!$AE$27>0,'Water Report'!$AE$27,0)) -> 28 | BG29: =(IF('Section Load'!AN32>0,'Section Load'!AN32,0)) -> 986 | BH29: =(IF('Section Load'!AO32>0,'Section Load'!AO32,0)) -> 280.71 | BI29: =(IF('Section Load'!AP32>0,'Section Load'!AP32,0)) -> 0 | BJ29: =(IF('Section Load'!AQ32>0,'Section Load'!AQ32,0)) -> 113 | BK29: =(IF('Section Load'!AR32>0,'Section Load'!AR32,0)) -> 47 | BL29: =(IF('Section Load'!AS32>0,'Section Load'!AS32,0)) -> 0 | BM29: =(IF('Section Load'!AT32>0,'Section Load'!AT32,0)) -> 546.09
A30: Mumbai | B30: =B29+1 -> 29 | C30: 10 | D30: 2022 | E30: =(IF('Section Load'!F33>0,'Section Load'!F33,0)) -> 3893.6 | F30: =(IF('Section Load'!G33>0,'Section Load'!G33,0)) -> 1022.92 | G30: =(IF('Section Load'!H33>0,'Section Load'!H33,0)) -> 2184 | H30: =(IF('Section Load'!I33>0,'Section Load'!I33,0)) -> 4257.86 | I30: =(IF('Section Load'!J33>0,'Section Load'!J33,0)) -> 8480.82 | J30: =(IF('Section Load'!K33>0,'Section Load'!K33,0)) -> 3077.8 | K30: =(IF('Section Load'!L33>0,'Section Load'!L33,0)) -> 1946.37 | L30: =(IF('Section Load'!M33>0,'Section Load'!M33,0)) -> 1115.26 | ... AL30: =(IF('Section Load'!AM33>0,'Section Load'!AM33,0)) -> 873.58 | AM30: =(IF('Water Report'!$AF$7>0,'Water Report'!$AF$7,0)) -> 85 | AN30: =(IF('Water Report'!$AF$8>0,'Water Report'!$AF$8,0)) -> 0 | AO30: =(IF('Water Report'!$AF$9>0,'Water Report'!$AF$9,0)) -> 99 | AP30: =(IF('Water Report'!$AF$10>0,'Water Report'!$AF$10,0)) -> 16 | AQ30: =(IF('Water Report'!$AF$11>0,'Water Report'!$AF$11,0)) -> 15 | AR30: =(IF('Water Report'!$AF$13>0,'Water Report'!$AF$13,0)) -> 34 | AS30: =(IF('Water Report'!$AF$14>0,'Water Report'!$AF$14,0)) -> 2 | AT30: =(IF('Water Report'!$AF$15>0,'Water Report'!$AF$15,0)) -> 9 | AU30: =(IF('Water Report'!$AF$17>0,'Water Report'!$AF$17,0)) -> 3 | AV30: =(IF('Water Report'!$AF$18>0,'Water Report'!$AF$18,0)) -> 10 | AW30: =(IF('Water Report'!$AF$19>0,'Water Report'!$AF$19,0)) -> 11 | AX30: =(IF('Water Report'!$AF$21>0,'Water Report'!$AF$21,0)) -> 0 | AY30: =(IF('Water Report'!$AF$22>0,'Water Report'!$AF$22,0)) -> 0 | AZ30: =(IF('Water Report'!$AF$23>0,'Water Report'!$AF$23,0)) -> 0 | BA30: =(IF('Water Report'!$AF$14>0,'Water Report'!$AF$14,0)) -> 2 | BB30: =(IF('Water Report'!$AF$15>0,'Water Report'!$AF$15,0)) -> 9 | BC30: =(IF('Water Report'!$AF$13>0,'Water Report'!$AF$13,0)) -> 34 | BD30: =(IF('Water Report'!$AF$24>0,'Water Report'!$AF$24,0)) -> 320 | BE30: =(IF('Water Report'!$AF$25>0,'Water Report'!$AF$25,0)) -> 141 | BF30: =(IF('Water Report'!$AF$27>0,'Water Report'!$AF$27,0)) -> 34 | BG30: =(IF('Section Load'!AN33>0,'Section Load'!AN33,0)) -> 1028.3 | BH30: =(IF('Section Load'!AO33>0,'Section Load'!AO33,0)) -> 289.72 | BI30: =(IF('Section Load'!AP33>0,'Section Load'!AP33,0)) -> 0 | BJ30: =(IF('Section Load'!AQ33>0,'Section Load'!AQ33,0)) -> 114 | BK30: =(IF('Section Load'!AR33>0,'Section Load'!AR33,0)) -> 53 | BL30: =(IF('Section Load'!AS33>0,'Section Load'!AS33,0)) -> 0.4 | BM30: =(IF('Section Load'!AT33>0,'Section Load'!AT33,0)) -> 571.18
A31: Mumbai | B31: =B30+1 -> 30 | C31: 10 | D31: 2022 | E31: =(IF('Section Load'!F34>0,'Section Load'!F34,0)) -> 4039.25 | F31: =(IF('Section Load'!G34>0,'Section Load'!G34,0)) -> 1064.68 | G31: =(IF('Section Load'!H34>0,'Section Load'!H34,0)) -> 2269.37 | H31: =(IF('Section Load'!I34>0,'Section Load'!I34,0)) -> 4282.69 | I31: =(IF('Section Load'!J34>0,'Section Load'!J34,0)) -> 6346.18 | J31: =(IF('Section Load'!K34>0,'Section Load'!K34,0)) -> 2959.61 | K31: =(IF('Section Load'!L34>0,'Section Load'!L34,0)) -> 1771 | L31: =(IF('Section Load'!M34>0,'Section Load'!M34,0)) -> 783.93 | ... AL31: =(IF('Section Load'!AM34>0,'Section Load'!AM34,0)) -> 918.49 | AM31: =(IF('Water Report'!$AG$7>0,'Water Report'!$AG$7,0)) -> 103 | AN31: =(IF('Water Report'!$AG$8>0,'Water Report'!$AG$8,0)) -> 0 | AO31: =(IF('Water Report'!$AG$9>0,'Water Report'!$AG$9,0)) -> 111 | AP31: =(IF('Water Report'!$AG$10>0,'Water Report'!$DAG$10,0)) -> 0 | AQ31: =(IF('Water Report'!$AG$11>0,'Water Report'!$DAG$11,0)) -> 0 | AR31: =(IF('Water Report'!$AG$13>0,'Water Report'!$DAG$13,0)) -> 0 | AS31: =(IF('Water Report'!$AG$14>0,'Water Report'!$DAG$14,0)) -> 0 | AT31: =(IF('Water Report'!$AG$15>0,'Water Report'!$DAG$15,0)) -> 0 | AU31: =(IF('Water Report'!$AG$17>0,'Water Report'!$DAG$17,0)) -> 0 | AV31: =(IF('Water Report'!$AG$18>0,'Water Report'!$DAG$18,0)) -> 0 | AW31: =(IF('Water Report'!$AG$19>0,'Water Report'!$DAG$19,0)) -> 0 | AX31: =(IF('Water Report'!$AG$21>0,'Water Report'!$DAG$21,0)) -> 0 | AY31: =(IF('Water Report'!$AG$22>0,'Water Report'!$DAG$22,0)) -> 0 | AZ31: =(IF('Water Report'!$AG$23>0,'Water Report'!$DAG$23,0)) -> 0 | BA31: =(IF('Water Report'!$AG$14>0,'Water Report'!$DAG$14,0)) -> 0 | BB31: =(IF('Water Report'!$AG$15>0,'Water Report'!$DAG$15,0)) -> 0 | BC31: =(IF('Water Report'!$AG$13>0,'Water Report'!$DAG$13,0)) -> 0 | BD31: =(IF('Water Report'!$AG$24>0,'Water Report'!$DAG$24,0)) -> 0 | BE31: =(IF('Water Report'!$AG$25>0,'Water Report'!$DAG$25,0)) -> 0 | BF31: =(IF('Water Report'!$AG$27>0,'Water Report'!$DAG$27,0)) -> 0 | BG31: =(IF('Section Load'!AN34>0,'Section Load'!AN34,0)) -> 1020.7 | BH31: =(IF('Section Load'!AO34>0,'Section Load'!AO34,0)) -> 289.99 | BI31: =(IF('Section Load'!AP34>0,'Section Load'!AP34,0)) -> 0 | BJ31: =(IF('Section Load'!AQ34>0,'Section Load'!AQ34,0)) -> 118 | BK31: =(IF('Section Load'!AR34>0,'Section Load'!AR34,0)) -> 68 | BL31: =(IF('Section Load'!AS34>0,'Section Load'!AS34,0)) -> 0 | BM31: =(IF('Section Load'!AT34>0,'Section Load'!AT34,0)) -> 544.71
A32: Mumbai | B32: =B31+1 -> 31 | C32: 10 | D32: 2022 | E32: =(IF('Section Load'!F35>0,'Section Load'!F35,0)) -> 0 | F32: =(IF('Section Load'!G35>0,'Section Load'!G35,0)) -> 0 | G32: =(IF('Section Load'!H35>0,'Section Load'!H35,0)) -> 0 | H32: =(IF('Section Load'!I35>0,'Section Load'!I35,0)) -> 0 | I32: =(IF('Section Load'!J35>0,'Section Load'!J35,0)) -> 0 | J32: =(IF('Section Load'!K35>0,'Section Load'!K35,0)) -> 0 | K32: =(IF('Section Load'!L35>0,'Section Load'!L35,0)) -> 0 | L32: =(IF('Section Load'!M35>0,'Section Load'!M35,0)) -> 0 | ... AL32: =(IF('Section Load'!AM35>0,'Section Load'!AM35,0)) -> 0 | AM32: =(IF('Water Report'!$AH$7>0,'Water Report'!$AH$7,0)) -> 0 | AN32: =(IF('Water Report'!$AH$8>0,'Water Report'!$AH$8,0)) -> 0 | AO32: =(IF('Water Report'!$AH$9>0,'Water Report'!$AH$9,0)) -> 0 | AP32: =(IF('Water Report'!$AH$10>0,'Water Report'!$DAH$10,0)) -> 0 | AQ32: =(IF('Water Report'!$AH$11>0,'Water Report'!$DAH$11,0)) -> 0 | AR32: =(IF('Water Report'!$AH$13>0,'Water Report'!$DAH$13,0)) -> 0 | AS32: =(IF('Water Report'!$AH$14>0,'Water Report'!$DAH$14,0)) -> 0 | AT32: =(IF('Water Report'!$AH$15>0,'Water Report'!$DAH$15,0)) -> 0 | AU32: =(IF('Water Report'!$AH$17>0,'Water Report'!$DAH$17,0)) -> 0 | AV32: =(IF('Water Report'!$AH$18>0,'Water Report'!$DAH$18,0)) -> 0 | AW32: =(IF('Water Report'!$AH$19>0,'Water Report'!$DAH$19,0)) -> 0 | AX32: =(IF('Water Report'!$AH$21>0,'Water Report'!$DAH$21,0)) -> 0 | AY32: =(IF('Water Report'!$AH$22>0,'Water Report'!$DAH$22,0)) -> 0 | AZ32: =(IF('Water Report'!$AH$23>0,'Water Report'!$DAH$23,0)) -> 0 | BA32: =(IF('Water Report'!$AH$14>0,'Water Report'!$DAH$14,0)) -> 0 | BB32: =(IF('Water Report'!$AH$15>0,'Water Report'!$DAH$15,0)) -> 0 | BC32: =(IF('Water Report'!$AH$13>0,'Water Report'!$DAH$13,0)) -> 0 | BD32: =(IF('Water Report'!$AH$24>0,'Water Report'!$DAH$24,0)) -> 0 | BE32: =(IF('Water Report'!$AH$25>0,'Water Report'!$DAH$25,0)) -> 0 | BF32: =(IF('Water Report'!$AH$27>0,'Water Report'!$DAH$27,0)) -> 0 | BG32: =(IF('Section Load'!AN35>0,'Section Load'!AN35,0)) -> 967 | BH32: =(IF('Section Load'!AO35>0,'Section Load'!AO35,0)) -> 0 | BI32: =(IF('Section Load'!AP35>0,'Section Load'!AP35,0)) -> 0.8 | BJ32: =(IF('Section Load'!AQ35>0,'Section Load'!AQ35,0)) -> 0 | BK32: =(IF('Section Load'!AR35>0,'Section Load'!AR35,0)) -> 0 | BL32: =(IF('Section Load'!AS35>0,'Section Load'!AS35,0)) -> 0 | BM32: =(IF('Section Load'!AT35>0,'Section Load'!AT35,0)) -> 14421.32

Sheet Daily HLP
A2: Date | B2: Date | C2: Min.Tem (Degee) | D2: Avg.Temp (Degree) | E2: Hum % | F2: Occu. | H2: Electricity | L2: Gas | O2: Water | R2: Water per occiped room | S2: Diesel | V2: Water Consumption Zone | Z2: Chiller Running Hrs | AE2: Chiller Total | AF2: Chiller Avg. Laod | AG2: Boiler Running Hrs | AJ2: Total boiler | AK2: Hot Water Generator | AN2: Total HWG RH | AO2: HWG Gas consumption | AP2: Transformer -1 | AZ2: Transformer -2 | BN2: Total HLP Cost | BP2: Chiller lock at 70%
F3: % | G3: KwH | H3: Units (Kvah) | I3: Rate | J3: Total Cost(Rs) | K3: Per room | L3: Total Units(CuM) | M3: Rate | N3: Total Cost(Rs) | O3: Units(KL) | P3: Rate | Q3: Total Cost(Rs) | S3: Ltrs | T3: Rate | U3: Total Cost(Rs) | V3: Zone-1 | W3: Zone-2 | X3: Zone-3 | Z3: CH1 | AA3: CH2 | AB3: CH3 | AC3: CH4 | AD3: Total chiller | AG3: Boiler1 | AH3: Boiler2 | AI3: Boiler3 | AK3: HWG1 | AL3: HWG2 | AP3: HVAC-1 | AQ3: FPP-1 | AR3: MPP | AS3: Lighting-1 | AT3: Cap bank 1100KVAR-1 | AU3: CH-1 | AV3: CH-2 | AW3: Chilled water Pump | AX3: Co Generator | AY3: Ball Room-2 | AZ3: HVAC-2 | BA3: FPP-2 | BB3: MPP | BC3: Lighting-2 | BD3: Cap bank 1200KVAR-2 | BE3: CH-3 | BF3: CH-4 | BG3: Chilled water Pump | BH3: Ball Room-1 | BJ3: Cooling Tower consumption | BK3: HVAC% | BL3: Lighting% | BM3: Power% | BO3: Chiller Plant IKW
A4: 1 | B4: 1 | D4: ='1'!D3 -> 28 | E4: ='1'!D4 -> 0.79 | F4: ='1'!D2 -> 0.52 | G4: ='1'!G7 -> 25316 | H4: ='1'!G8 -> 25669 | I4: 9.97 | J4: =H4*I4 -> 255919.93 | K4: =H4/202 -> 127.07426 | L4: ='1'!G15 -> 967 | M4: 75 | N4: =L4*M4 -> 72525 | O4: ='1'!G20 -> 304 | P4: 110 | Q4: =O4*P4 -> 33440 | R4: =O4/(F4*202/100) -> 289.41356 | S4: ='1'!G24 -> 0 | T4: 69 | U4: =S4*T4 -> 0 | V4: ='1'!G65 -> 103 | W4: ='1'!G66 -> 9 | X4: ='1'!G67 -> 40 | Y4: =V4+W4+X4 -> 152 | Z4: ='1'!G84 -> 0 | AA4: ='1'!G85 -> 22.44 | AB4: ='1'!G86 -> 15.58 | AC4: ='1'!G87 -> 0 | AD4: =Z4+AA4+AB4+AC4 -> 38.02 | AE4: =AU4+AV4+BE4+BF4 -> 7106 | AF4: =AE4/AD4 -> 186.90163 | AG4: ='1'!G88 -> 10.49 | AH4: ='1'!G89 -> 0 | AI4: ='1'!G90 -> 10.82 | AJ4: =AG4+AH4+AI4 -> 21.31 | AK4: ='1'!G91 -> 10.57 | AL4: ='1'!G92 -> 0 | AN4: =AK4+AL4 -> 10.57 | AO4: ='1'!G74 -> 279 | AP4: ='1'!G35 -> 0 | AQ4: ='1'!G37 -> 0 | AR4: ='1'!G38 -> 2231 | AS4: ='1'!G39 -> 0 | AT4: ='1'!G40 -> 797 | AU4: ='1'!G41 -> 0 | AV4: ='1'!G42 -> 5009 | AW4: ='1'!G43 -> 0 | AX4: ='1'!G44 -> 0 | AY4: ='1'!G36 -> 694 | AZ4: ='1'!G49 -> 3617 | BA4: ='1'!G51 -> 1067 | BB4: ='1'!G52 -> -0.24 | BC4: ='1'!G53 -> 4405 | BD4: ='1'!G54 -> 208 | BE4: ='1'!G55 -> 2097 | BF4: ='1'!G56 -> 0 | BG4: ='1'!G57 -> 2965 | BH4: ='1'!G50 -> 1611 | BI4: =SUM(AU4,AV4,BE4,BF4) -> 7106 | BJ4: ='1'!G133 -> 847 | BK4: =SUM(AP4,AU4,AV4,AW4,AZ4,BE4,BF4,BG4)/H4% -> 53.325022 | BL4: =SUM(AS4,BC4)/H4% -> 17.160778 | BM4: =(AR4+BB4)/H4 -> 0.086904827 | BN4: =J4+N4+Q4+U4 -> 361884.93 | BO4: =SUM(AU4,AV4,AW4,BE4,BF4,BG4,BJ4) -> 10918 | BP4: =BO4/(AD4*280) -> 1.025588 | BQ4: =SUM(AU4,AV4,BE4,BF4)/(AD4*400) -> 0.46725408
A5: 2 | B5: 2 | D5: ='2'!D3 -> 28 | E5: ='2'!D4 -> 0.79 | F5: ='2'!D2 -> 0.98 | G5: ='2'!G7 -> 25316 | H5: ='2'!G8 -> 25669 | I5: 9.97 | J5: =H5*I5 -> 255919.93 | K5: =H5/202 -> 127.07426 | L5: ='2'!G15 -> 1045 | M5: 75 | N5: =L5*M5 -> 78375 | O5: ='2'!G20 -> 238 | P5: 110 | Q5: =O5*P5 -> 26180 | R5: =O5/(F5*202/100) -> 120.22631 | S5: ='2'!G24 -> 0 | T5: 69 | U5: =S5*T5 -> 0 | V5: ='2'!F65 -> 461030 | W5: ='2'!G66 -> 12 | X5: ='2'!G67 -> 27 | Y5: =V5+W5+X5 -> 461069 | Z5: ='2'!G84 -> -0.62 | AA5: ='2'!G85 -> 14.56 | AB5: ='2'!G86 -> 20.3 | AC5: ='2'!G87 -> 0.1 | AD5: =Z5+AA5+AB5+AC5 -> 34.34 | AE5: =AU5+AV5+BE5+BF5 -> 6160.8 | AF5: =AE5/AD5 -> 179.40594 | AG5: ='2'!G88 -> 5.55 | AH5: ='2'!G89 -> 4.3 | AI5: ='2'!G90 -> 10.69 | AJ5: =AG5+AH5+AI5 -> 20.54 | AK5: ='2'!G91 -> 11.14 | AL5: ='2'!G92 -> 0 | AN5: =AK5+AL5 -> 11.14 | AO5: ='2'!G74 -> 283.21 | AP5: ='2'!G35 -> 0 | AQ5: ='2'!G37 -> 0 | AR5: ='2'!G38 -> 2199.71 | AS5: ='2'!G39 -> 0 | AT5: ='2'!G40 -> 773.12 | AU5: ='2'!G41 -> -0.45 | AV5: ='2'!G42 -> 3234.63 | AW5: ='2'!G43 -> 0 | AX5: ='2'!G44 -> 0 | AY5: ='2'!G36 -> 964.21 | AZ5: ='2'!G49 -> 3529.1 | BA5: ='2'!G51 -> 959.04 | BB5: ='2'!G52 -> 0 | BC5: ='2'!G53 -> 4057 | BD5: ='2'!G54 -> 169.92 | BE5: ='2'!G55 -> 2926.6 | BF5: ='2'!G56 -> 0.02 | BG5: ='2'!G57 -> 2991.7 | BH5: ='2'!G50 -> 1483.4 | BI5: =SUM(AU5,AV5,BE5,BF5) -> 6160.8 | BJ5: ='2'!G133 -> 839.5 | BK5: =SUM(AP5,AU5,AV5,AW5,AZ5,BE5,BF5,BG5)/H5% -> 49.40434 | BL5: =SUM(AS5,BC5)/H5% -> 15.805057 | BM5: =(AR5+BB5)/H5 -> 0.085695197 | BN5: =J5+N5+Q5+U5 -> 360474.93 | BO5: =SUM(AU5,AV5,AW5,BE5,BF5,BG5,BJ5) -> 9992 | BP5: =BO5/(AD5*280) -> 1.039188
A6: 3 | B6: 3 | D6: ='3'!D3 -> 29 | E6: ='3'!D4 -> 0.78 | F6: ='3'!D2 -> 0.8 | G6: ='3'!G7 -> 23302 | H6: ='3'!G8 -> 23596 | I6: 9.97 | J6: =H6*I6 -> 235252.12 | K6: =H6/202 -> 116.81188 | L6: ='3'!G15 -> 981 | M6: 75 | N6: =L6*M6 -> 73575 | O6: ='3'!G20 -> 344 | P6: 110 | Q6: =O6*P6 -> 37840 | R6: =O6/(F6*202/100) -> 212.87129 | S6: ='3'!G24 -> 0 | T6: 69 | U6: =S6*T6 -> 0 | V6: ='3'!G65 -> 108 | W6: ='3'!G66 -> 4 | X6: ='3'!G67 -> 15 | Y6: =V6+W6+X6 -> 127 | Z6: ='3'!G84 -> -0.18 | AA6: ='3'!G85 -> 24.11 | AB6: ='3'!G86 -> -0.3 | AC6: ='3'!G87 -> 0 | AD6: =Z6+AA6+AB6+AC6 -> 23.63 | AE6: =AU6+AV6+BE6+BF6 -> 6605.88 | AF6: =AE6/AD6 -> 279.5548 | AG6: ='3'!G88 -> 0.56 | AH6: ='3'!G89 -> 9.44 | AI6: ='3'!G90 -> 11.35 | AJ6: =AG6+AH6+AI6 -> 21.35 | AK6: ='3'!G91 -> 11.09 | AL6: ='3'!G92 -> 0 | AN6: =AK6+AL6 -> 11.09 | AO6: ='3'!G74 -> 288.49 | AP6: ='3'!G35 -> 0 | AQ6: ='3'!G37 -> 0 | AR6: ='3'!G38 -> 2275.44 | AS6: ='3'!G39 -> 0 | AT6: ='3'!G40 -> 761.46 | AU6: ='3'!G41 -> -0.2 | AV6: ='3'!G42 -> 5145.52 | AW6: ='3'!G43 -> 0 | AX6: ='3'!G44 -> 0 | AY6: ='3'!G36 -> 664.79 | AZ6: ='3'!G49 -> 3700.57 | BA6: ='3'!G51 -> 1017.46 | BB6: ='3'!G52 -> 0 | BC6: ='3'!G53 -> 4163.9 | BD6: ='3'!G54 -> 170.57 | BE6: ='3'!G55 -> 0.07 | BF6: ='3'!G56 -> 1460.49 | BG6: ='3'!G57 -> 3078.01 | BH6: ='3'!G50 -> 1436.43 | BI6: =SUM(AU6,AV6,BE6,BF6) -> 6605.88 | BJ6: ='3'!G133 -> 826.27 | BK6: =SUM(AP6,AU6,AV6,AW6,AZ6,BE6,BF6,BG6)/H6% -> 56.723428 | BL6: =SUM(AS6,BC6)/H6% -> 17.646635 | BM6: =(AR6+BB6)/H6 -> 0.096433294 | BN6: =J6+N6+Q6+U6 -> 346667.12 | BO6: =SUM(AU6,AV6,AW6,BE6,BF6,BG6,BJ6) -> 10510.16 | BP6: =BO6/(AD6*280) -> 1.5885013
A7: 4 | B7: 4 | D7: ='4'!D3 -> 0.28 | E7: ='4'!D4 -> 0.79 | F7: ='4'!D2 -> 0.98 | G7: ='4'!G7 -> 25274 | H7: ='4'!G8 -> 25639 | I7: 9.97 | J7: =H7*I7 -> 255620.83 | K7: =H7/202 -> 126.92574 | L7: ='4'!G15 -> 977 | M7: 75 | N7: =L7*M7 -> 73275 | O7: ='4'!G20 -> 291 | P7: 110 | Q7: =O7*P7 -> 32010 | R7: =O7/(F7*202/100) -> 146.99939 | S7: ='4'!G24 -> 0 | T7: 69 | U7: =S7*T7 -> 0 | V7: ='4'!G65 -> 89 | W7: ='4'!G66 -> 8 | X7: ='4'!G67 -> 17 | Y7: =V7+W7+X7 -> 114 | Z7: ='4'!G84 -> 0.18 | AA7: ='4'!G85 -> 23.89 | AB7: ='4'!G86 -> 13.4 | AC7: ='4'!G87 -> -0.1 | AD7: =Z7+AA7+AB7+AC7 -> 37.37 | AE7: =AU7+AV7+BE7+BF7 -> 7399.45 | AF7: =AE7/AD7 -> 198.00508 | AG7: ='4'!G88 -> 0 | AH7: ='4'!G89 -> 9.46 | AI7: ='4'!G90 -> 10.4 | AJ7: =AG7+AH7+AI7 -> 19.86 | AK7: ='4'!G91 -> 9 | AL7: ='4'!G92 -> 0 | AN7: =AK7+AL7 -> 9 | AO7: ='4'!G74 -> 281.18 | AP7: ='4'!G35 -> -0.05 | AQ7: ='4'!G37 -> 0 | AR7: ='4'!G38 -> 2197.64 | AS7: ='4'!G39 -> 0 | AT7: ='4'!G40 -> 751.42 | AU7: ='4'!G41 -> 0.5 | AV7: ='4'!G42 -> 5555.68 | AW7: ='4'!G43 -> 0 | AX7: ='4'!G44 -> 0 | AY7: ='4'!G36 -> 691.59 | AZ7: ='4'!G49 -> 3963.04 | BA7: ='4'!G51 -> 1024.92 | BB7: ='4'!G52 -> 0 | BC7: ='4'!G53 -> 4052.85 | BD7: ='4'!G54 -> 170.39 | BE7: ='4'!G55 -> 1843.28 | BF7: ='4'!G56 -> -0.01 | BG7: ='4'!G57 -> 3033.32 | BH7: ='4'!G50 -> 1415 | BI7: =SUM(AU7,AV7,BE7,BF7) -> 7399.45 | BJ7: ='3'!G133 -> 826.27 | BK7: =SUM(AP7,AU7,AV7,AW7,AZ7,BE7,BF7,BG7)/H7% -> 56.1479 | BL7: =SUM(AS7,BC7)/H7% -> 15.807364 | BM7: =(AR7+BB7)/H7 -> 0.085714731 | BN7: =J7+N7+Q7+U7 -> 360905.83 | BO7: =SUM(AU7,AV7,AW7,BE7,BF7,BG7,BJ7) -> 11259.04 | BP7: =BO7/(AD7*280) -> 1.0760197
A8: 5 | B8: 5 | D8: ='5'!D3 -> 0.28 | E8: ='5'!D4 -> 0.79 | F8: ='5'!D2 -> 0.63 | G8: ='5'!G7 -> 24474 | H8: ='5'!G8 -> 24834 | I8: 9.97 | J8: =H8*I8 -> 247594.98 | K8: =H8/202 -> 122.94059 | L8: ='5'!G15 -> 953 | M8: 75 | N8: =L8*M8 -> 71475 | O8: ='5'!G20 -> 251 | P8: 110 | Q8: =O8*P8 -> 27610 | R8: =O8/(F8*202/100) -> 197.23401 | S8: ='5'!G24 -> 0 | T8: 69 | U8: =S8*T8 -> 0 | V8: ='5'!G65 -> 101 | W8: ='5'!G66 -> 6 | X8: ='5'!G67 -> 18 | Y8: =V8+W8+X8 -> 125 | Z8: ='5'!G84 -> 0.32 | AA8: ='5'!G85 -> 20 | AB8: ='5'!G86 -> 14.3 | AC8: ='5'!G87 -> 0 | AD8: =Z8+AA8+AB8+AC8 -> 34.62 | AE8: =AU8+AV8+BE8+BF8 -> 6958.74 | AF8: =AE8/AD8 -> 201.00347 | AG8: ='5'!G88 -> -0.06 | AH8: ='5'!G89 -> 6.8 | AI8: ='5'!G90 -> 10.7 | AJ8: =AG8+AH8+AI8 -> 17.44 | AK8: ='5'!G91 -> 13.8 | AL8: ='5'!G92 -> 0 | AN8: =AK8+AL8 -> 13.8 | AO8: ='5'!G74 -> 308.72 | AP8: ='5'!G35 -> 0 | AQ8: ='5'!G37 -> 0 | AR8: ='5'!G38 -> 2219.48 | AS8: ='5'!G39 -> 0 | AT8: ='5'!G40 -> 760.21 | AU8: ='5'!G41 -> -0.3 | AV8: ='5'!G42 -> 4914.24 | AW8: ='5'!G43 -> 0 | AX8: ='5'!G44 -> 0 | AY8: ='5'!G36 -> 638.52 | AZ8: ='5'!G49 -> 3963.52 | BA8: ='5'!G51 -> 1015.43 | BB8: ='5'!G52 -> 0 | BC8: ='5'!G53 -> 4140.44 | BD8: ='5'!G54 -> 173.78 | BE8: ='5'!G55 -> 2044.8 | BF8: ='5'!G56 -> 0 | BG8: ='5'!G57 -> 2755.6 | BH8: ='5'!G50 -> 1359.32 | BI8: =SUM(AU8,AV8,BE8,BF8) -> 6958.74 | BJ8: ='5'!G133 -> 866.88 | BK8: =SUM(AP8,AU8,AV8,AW8,AZ8,BE8,BF8,BG8)/H8% -> 55.077152 | BL8: =SUM(AS8,BC8)/H8% -> 16.672465 | BM8: =(AR8+BB8)/H8 -> 0.089372634 | BN8: =J8+N8+Q8+U8 -> 346679.98 | BO8: =SUM(AU8,AV8,AW8,BE8,BF8,BG8,BJ8) -> 10581.22 | BP8: =BO8/(AD8*280) -> 1.0915676
A9: 6 | B9: 6 | D9: ='6'!D3 -> 28 | E9: ='6'!D4 -> 0.79 | F9: ='6'!D2 -> 0.48 | G9: ='6'!G7 -> 25107 | H9: ='6'!G8 -> 25510 | I9: 9.97 | J9: =H9*I9 -> 254334.7 | K9: =H9/202 -> 126.28713 | L9: ='6'!G15 -> 1040 | M9: 75 | N9: =L9*M9 -> 78000 | O9: ='6'!G20 -> 290 | P9: 110 | Q9: =O9*P9 -> 31900 | R9: =O9/(F9*202/100) -> 299.09241 | S9: ='6'!G24 -> 0 | T9: 69 | U9: =S9*T9 -> 0 | V9: ='6'!G65 -> 89 | W9: ='6'!G66 -> 11 | X9: ='6'!G67 -> 18 | Y9: =V9+W9+X9 -> 118 | Z9: ='6'!G84 -> 0 | AA9: ='6'!G85 -> 0 | AB9: ='6'!G86 -> 23.3 | AC9: ='6'!G87 -> 14 | AD9: =Z9+AA9+AB9+AC9 -> 37.3 | AE9: =AU9+AV9+BE9+BF9 -> 5349.13 | AF9: =AE9/AD9 -> 143.40831 | AG9: ='6'!G88 -> 0.06 | AH9: ='6'!G89 -> 8.42 | AI9: ='6'!G90 -> 13.05 | AJ9: =AG9+AH9+AI9 -> 21.53 | AK9: ='6'!G91 -> 11.51 | AL9: ='6'!G92 -> 0 | AN9: =AK9+AL9 -> 11.51 | AO9: ='6'!G74 -> 298.4 | AP9: ='6'!G35 -> 0 | AQ9: ='6'!G37 -> 0 | AR9: ='6'!G38 -> 2197.73 | AS9: ='6'!G39 -> -0.19 | AT9: ='6'!G40 -> 703.79 | AU9: ='6'!G41 -> 0.45 | AV9: ='6'!G42 -> -0.07 | AW9: ='6'!G43 -> 0 | AX9: ='6'!G44 -> 0 | AY9: ='6'!G36 -> 638.89 | AZ9: ='6'!G49 -> 3669.77 | BA9: ='6'!G51 -> 997.15 | BB9: ='6'!G52 -> 0 | BC9: ='6'!G53 -> 4226.81 | BD9: ='6'!G54 -> 161.34 | BE9: ='6'!G55 -> 3535.25 | BF9: ='6'!G56 -> 1813.5 | BG9: ='6'!G57 -> 2958.37 | BH9: ='6'!G50 -> 1554.85 | BI9: =SUM(AU9,AV9,BE9,BF9) -> 5349.13 | BJ9: ='6'!G133 -> 844.27 | BK9: =SUM(AP9,AU9,AV9,AW9,AZ9,BE9,BF9,BG9)/H9% -> 46.951274 | BL9: =SUM(AS9,BC9)/H9% -> 16.568483 | BM9: =(AR9+BB9)/H9 -> 0.086151705 | BN9: =J9+N9+Q9+U9 -> 364234.7 | BO9: =SUM(AU9,AV9,AW9,BE9,BF9,BG9,BJ9) -> 9151.77 | BP9: =BO9/(AD9*280) -> 0.87627059
A10: 7 | B10: 7 | D10: ='7'!D3 -> 26 | E10: ='7'!D4 -> 0.78 | F10: ='7'!D2 -> 0.97 | G10: ='7'!G7 -> 25179 | H10: ='7'!G8 -> 25534 | I10: 9.97 | J10: =H10*I10 -> 254573.98 | K10: =H10/202 -> 126.40594 | L10: ='7'!G15 -> 1021 | M10: 75 | N10: =L10*M10 -> 76575 | O10: ='7'!G20 -> 295 | P10: 110 | Q10: =O10*P10 -> 32450 | R10: =O10/(F10*202/100) -> 150.55629 | S10: ='7'!G24 -> 0 | T10: 69 | U10: =S10*T10 -> 0 | V10: ='7'!G65 -> 103 | W10: ='7'!G66 -> 17 | X10: ='7'!G67 -> 20 | Y10: =V10+W10+X10 -> 140 | Z10: ='7'!G84 -> 0 | AA10: ='7'!G85 -> 0 | AB10: ='7'!G86 -> 24 | AC10: ='7'!G87 -> 13 | AD10: =Z10+AA10+AB10+AC10 -> 37 | AE10: =AU10+AV10+BE10+BF10 -> 5136 | AF10: =AE10/AD10 -> 138.81081 | AG10: ='7'!G88 -> 0 | AH10: ='7'!G89 -> 8.42 | AI10: ='7'!G90 -> 10.25 | AJ10: =AG10+AH10+AI10 -> 18.67 | AK10: ='7'!G91 -> 11.46 | AL10: ='7'!G92 -> 0 | AN10: =AK10+AL10 -> 11.46 | AO10: ='7'!G74 -> 301 | AP10: ='7'!G35 -> 0 | AQ10: ='7'!G37 -> 0 | AR10: ='7'!G38 -> 2277 | AS10: ='7'!G39 -> 0 | AT10: ='7'!G40 -> 722 | AU10: ='7'!G41 -> 0 | AV10: ='7'!G42 -> 0 | AW10: ='7'!G43 -> 0 | AX10: ='7'!G44 -> 0 | AY10: ='7'!G36 -> 855 | AZ10: ='7'!G49 -> 3706 | BA10: ='7'!G51 -> 1011 | BB10: ='7'!G52 -> 0 | BC10: ='7'!G53 -> 4329 | BD10: ='7'!G54 -> 165 | BE10: ='7'!G55 -> 3520 | BF10: ='7'!G56 -> 1616 | BG10: ='7'!G57 -> 2960 | BH10: ='7'!G50 -> 1624 | BI10: =SUM(AU10,AV10,BE10,BF10) -> 5136 | BJ10: ='7'!G133 -> 841 | BK10: =SUM(AP10,AU10,AV10,AW10,AZ10,BE10,BF10,BG10)/H10% -> 46.220725 | BL10: =SUM(AS10,BC10)/H10% -> 16.953865 | BM10: =(AR10+BB10)/H10 -> 0.089175217 | BN10: =J10+N10+Q10+U10 -> 363598.98 | BO10: =SUM(AU10,AV10,AW10,BE10,BF10,BG10,BJ10) -> 8937 | BP10: =BO10/(AD10*280) -> 0.86264479
A11: 8 | B11: 8 | D11: ='8'!D3 -> 28 | E11: ='8'!D4 -> 0.78 | F11: ='8'!D2 -> 0.92 | G11: ='8'!G7 -> 24829 | H11: ='8'!G8 -> 25069 | I11: 9.97 | J11: =H11*I11 -> 249937.93 | K11: =H11/202 -> 124.10396 | L11: ='8'!G15 -> 1021 | M11: 75 | N11: =L11*M11 -> 76575 | O11: ='8'!G20 -> 297 | P11: 110 | Q11: =O11*P11 -> 32670 | R11: =O11/(F11*202/100) -> 159.81489 | S11: ='8'!G24 -> 0 | T11: 69 | U11: =S11*T11 -> 0 | V11: ='8'!G65 -> 108 | W11: ='8'!G66 -> 26 | X11: ='8'!G67 -> 29 | Y11: =V11+W11+X11 -> 163 | Z11: ='8'!G84 -> 0 | AA11: ='8'!G85 -> 13.45 | AB11: ='8'!G86 -> 24 | AC11: ='8'!G87 -> 0 | AD11: =Z11+AA11+AB11+AC11 -> 37.45 | AE11: =AU11+AV11+BE11+BF11 -> 7147.63 | AF11: =AE11/AD11 -> 190.85794 | AG11: ='8'!G88 -> 0 | AH11: ='8'!G89 -> 8.98 | AI11: ='8'!G90 -> 11.6 | AJ11: =AG11+AH11+AI11 -> 20.58 | AK11: ='8'!G91 -> 11.69 | AL11: ='8'!G92 -> 0.23 | AN11: =AK11+AL11 -> 11.92 | AO11: ='8'!G74 -> 302 | AP11: ='8'!G35 -> 0.05 | AQ11: ='8'!G37 -> 0 | AR11: ='8'!G38 -> 2310 | AS11: ='8'!G39 -> 0.19 | AT11: ='8'!G40 -> 720 | AU11: ='8'!G41 -> 1000 | AV11: ='8'!G42 -> 2799 | AW11: ='8'!G43 -> 0 | AX11: ='8'!G44 -> 0 | AY11: ='8'!G36 -> 863 | AZ11: ='8'!G49 -> 3651 | BA11: ='8'!G51 -> 1068 | BB11: ='8'!G52 -> 0 | BC11: ='8'!G53 -> 4330 | BD11: ='8'!G54 -> 169 | BE11: ='8'!G55 -> 3348.63 | BF11: ='8'!G56 -> 0 | BG11: ='8'!G57 -> 3052 | BH11: ='8'!G50 -> 1247 | BI11: =SUM(AU11,AV11,BE11,BF11) -> 7147.63 | BJ11: ='8'!G133 -> 775 | BK11: =SUM(AP11,AU11,AV11,AW11,AZ11,BE11,BF11,BG11)/H11% -> 55.250229 | BL11: =SUM(AS11,BC11)/H11% -> 17.273086 | BM11: =(AR11+BB11)/H11 -> 0.092145678 | BN11: =J11+N11+Q11+U11 -> 359182.93 | BO11: =SUM(AU11,AV11,AW11,BE11,BF11,BG11,BJ11) -> 10974.63 | BP11: =BO11/(AD11*280) -> 1.0465983
A12: 9 | B12: 9 | D12: ='9'!D3 -> 32 | E12: ='9'!D4 -> 0.7 | F12: ='9'!D2 -> 0.65 | G12: ='9'!G7 -> 25506.88 | H12: ='9'!G8 -> 25853.95 | I12: 9.97 | J12: =H12*I12 -> 257763.88 | K12: =H12/202 -> 127.98985 | L12: ='9'!G15 -> 1093 | M12: 75 | N12: =L12*M12 -> 81975 | O12: ='9'!G20 -> 332 | P12: 110 | Q12: =O12*P12 -> 36520 | R12: =O12/(F12*202/100) -> 252.85605 | S12: ='9'!G24 -> 0 | T12: 69 | U12: =S12*T12 -> 0 | V12: ='9'!G65 -> 105 | W12: ='9'!G66 -> 12 | X12: ='9'!G67 -> 17 | Y12: =V12+W12+X12 -> 134 | Z12: ='9'!G84 -> -0.32 | AA12: ='9'!G85 -> 15.6 | AB12: ='9'!G86 -> 24.41 | AC12: ='9'!G87 -> 0.16 | AD12: =Z12+AA12+AB12+AC12 -> 39.85 | AE12: =AU12+AV12+BE12+BF12 -> 6669.65 | AF12: =AE12/AD12 -> 167.36888 | AG12: ='9'!G88 -> 1.95 | AH12: ='9'!G89 -> 9.18 | AI12: ='9'!G90 -> 9.4 | AJ12: =AG12+AH12+AI12 -> 20.53 | AK12: ='9'!G91 -> 12.13 | AL12: ='9'!G92 -> 0 | AN12: =AK12+AL12 -> 12.13 | AO12: ='9'!G74 -> 313.02 | AP12: ='9'!G35 -> 1179.14 | AQ12: ='9'!G37 -> 0 | AR12: ='9'!G38 -> 2271.71 | AS12: ='9'!G39 -> 0 | AT12: ='9'!G40 -> 618.46 | AU12: ='9'!G41 -> 0 | AV12: ='9'!G42 -> 3196.43 | AW12: ='9'!G43 -> 0 | AX12: ='9'!G44 -> 0 | AY12: ='9'!G36 -> 858.43 | AZ12: ='9'!G49 -> 2406.59 | BA12: ='9'!G51 -> 1033.59 | BB12: ='9'!G52 -> 0 | BC12: ='9'!G53 -> 4016.23 | BD12: ='9'!G54 -> 171.94 | BE12: ='9'!G55 -> 3472.88 | BF12: ='9'!G56 -> 0.34 | BG12: ='9'!G57 -> 3267.03 | BH12: ='9'!G50 -> 1563.15 | BI12: =SUM(AU12,AV12,BE12,BF12) -> 6669.65 | BJ12: ='8'!G133 -> 775 | BK12: =SUM(AP12,AU12,AV12,AW12,AZ12,BE12,BF12,BG12)/H12% -> 52.303072 | BL12: =SUM(AS12,BC12)/H12% -> 15.534299 | BM12: =(AR12+BB12)/H12 -> 0.087867038 | BN12: =J12+N12+Q12+U12 -> 376258.88 | BO12: =SUM(AU12,AV12,AW12,BE12,BF12,BG12,BJ12) -> 10711.68 | BP12: =BO12/(AD12*280) -> 0.96
A13: 10 | B13: 10 | D13: ='10'!D3 -> 25 | E13: ='10'!D4 -> 0.78 | F13: ='10'!D2 -> 0.35 | G13: ='10'!G7 -> 25354.44 | H13: ='10'!G8 -> 25692.02 | I13: 9.97 | J13: =H13*I13 -> 256149.44 | K13: =H13/202 -> 127.18822 | L13: ='10'!G15 -> 1003.92 | M13: 75 | N13: =L13*M13 -> 75294 | O13: ='10'!G20 -> 230 | P13: 110 | Q13: =O13*P13 -> 25300 | R13: =O13/(F13*202/100) -> 325.31825 | S13: ='10'!G24 -> 0 | T13: 69 | U13: =S13*T13 -> 0 | V13: ='10'!G65 -> 98 | W13: ='10'!G66 -> 11 | X13: ='10'!G67 -> 23 | Y13: =V13+W13+X13 -> 132 | Z13: ='10'!G84 -> 0 | AA13: ='10'!G85 -> 0.01 | AB13: ='10'!G86 -> 24.43 | AC13: ='10'!G87 -> 12.28 | AD13: =Z13+AA13+AB13+AC13 -> 36.72 | AE13: =AU13+AV13+BE13+BF13 -> 5322.59 | AF13: =AE13/AD13 -> 144.95071 | AG13: ='10'!G88 -> 0 | AH13: ='10'!G89 -> 8.69 | AI13: ='10'!G90 -> 9.9 | AJ13: =AG13+AH13+AI13 -> 18.59 | AK13: ='10'!G91 -> 12.36 | AL13: ='10'!G92 -> 0 | AN13: =AK13+AL13 -> 12.36 | AO13: ='10'!G74 -> 320.62 | AP13: ='10'!G35 -> 1904.6 | AQ13: ='10'!G37 -> 0 | AR13: ='10'!G38 -> 2128.32 | AS13: ='10'!G39 -> 0 | AT13: ='10'!G40 -> 733.85 | AU13: ='10'!G41 -> 0 | AV13: ='10'!G42 -> 34.48 | AW13: ='10'!G43 -> 0 | AX13: ='10'!G44 -> 0 | AY13: ='10'!G36 -> 777.18 | AZ13: ='10'!G49 -> 1604.08 | BA13: ='10'!G51 -> 1043.56 | BB13: ='10'!G52 -> 0 | BC13: ='10'!G53 -> 4009.12 | BD13: ='10'!G54 -> 168.73 | BE13: ='10'!G55 -> 3592.84 | BF13: ='10'!G56 -> 1695.27 | BG13: ='10'!G57 -> 3088.44 | BH13: ='10'!G50 -> 1987.32 | BI13: =SUM(AU13,AV13,BE13,BF13) -> 5322.59 | BJ13: ='8'!G133 -> 775 | BK13: =SUM(AP13,AU13,AV13,AW13,AZ13,BE13,BF13,BG13)/H13% -> 46.3946 | BL13: =SUM(AS13,BC13)/H13% -> 15.604534 | BM13: =(AR13+BB13)/H13 -> 0.08283973 | BN13: =J13+N13+Q13+U13 -> 356743.44 | BO13: =SUM(AU13,AV13,AW13,BE13,BF13,BG13,BJ13) -> 9186.03 | BP13: =BO13/(AD13*280) -> 0.89344363
A14: 11 | B14: 11 | D14: ='11'!D3 -> 26 | E14: ='11'!D4 -> 0.95 | F14: ='11'!D2 -> 0.4 | G14: ='11'!G7 -> 24938.08 | H14: ='11'!G8 -> 25252.9 | I14: 9.97 | J14: =H14*I14 -> 251771.41 | K14: =H14/202 -> 125.01436 | L14: ='11'!G15 -> 1018.7 | M14: 75 | N14: =L14*M14 -> 76402.5 | O14: ='11'!G20 -> 335 | P14: 110 | Q14: =O14*P14 -> 36850 | R14: =O14/(F14*202/100) -> 414.60396 | S14: ='11'!G24 -> 0 | T14: 69 | U14: =S14*T14 -> 0 | V14: ='11'!G65 -> 95 | W14: ='11'!G66 -> 11 | X14: ='11'!G67 -> 22 | Y14: =V14+W14+X14 -> 128 | Z14: ='11'!G84 -> 0 | AA14: ='11'!G85 -> 0 | AB14: ='11'!G86 -> 23.74 | AC14: ='11'!G87 -> 11.58 | AD14: =Z14+AA14+AB14+AC14 -> 35.32 | AE14: =AU14+AV14+BE14+BF14 -> 5153.37 | AF14: =AE14/AD14 -> 145.90515 | AG14: ='11'!G88 -> 0 | AH14: ='11'!G89 -> 8.55 | AI14: ='11'!G90 -> 9.03 | AJ14: =AG14+AH14+AI14 -> 17.58 | AK14: ='11'!G91 -> 11.42 | AL14: ='11'!G92 -> 0 | AN14: =AK14+AL14 -> 11.42 | AO14: ='11'!G74 -> 297.17 | AP14: ='11'!G35 -> 1819.16 | AQ14: ='11'!G37 -> 0 | AR14: ='11'!G38 -> 2187.64 | AS14: ='11'!G39 -> 0 | AT14: ='11'!G40 -> 727.81 | AU14: ='11'!G41 -> 0 | AV14: ='11'!G42 -> 0 | AW14: ='11'!G43 -> 0 | AX14: ='11'!G44 -> 0 | AY14: ='11'!G36 -> 1047.3 | AZ14: ='11'!G49 -> 1667.44 | BA14: ='11'!G51 -> 1017.09 | BB14: ='11'!G52 -> 0 | BC14: ='11'!G53 -> 4276.32 | BD14: ='11'!G54 -> 139.25 | BE14: ='11'!G55 -> 3642.2 | BF14: ='11'!G56 -> 1511.17 | BG14: ='11'!G57 -> 2778 | BH14: ='11'!G50 -> 1539.8 | BI14: =SUM(AU14,AV14,BE14,BF14) -> 5153.37 | BJ14: ='11'!G133 -> 879.74 | BK14: =SUM(AP14,AU14,AV14,AW14,AZ14,BE14,BF14,BG14)/H14% -> 45.21449 | BL14: =SUM(AS14,BC14)/H14% -> 16.933976 | BM14: =(AR14+BB14)/H14 -> 0.086629258 | BN14: =J14+N14+Q14+U14 -> 365023.91 | BO14: =SUM(AU14,AV14,AW14,BE14,BF14,BG14,BJ14) -> 8811.11 | BP14: =BO14/(AD14*280) -> 0.89094706
A15: 12 | B15: 12 | D15: ='12'!D3 -> 30 | E15: ='12'!D4 -> 0.77 | F15: ='12'!D2 -> 0.6 | G15: ='12'!G7 -> 24541.99 | H15: ='12'!G8 -> 24898.2 | I15: 9.97 | J15: =H15*I15 -> 248235.05 | K15: =H15/202 -> 123.25842 | L15: ='12'!G15 -> 1030.01 | M15: 75 | N15: =L15*M15 -> 77250.75 | O15: ='12'!G20 -> 307 | P15: 110 | Q15: =O15*P15 -> 33770 | R15: =O15/(F15*202/100) -> 253.30033 | S15: ='12'!G24 -> 0 | T15: 69 | U15: =S15*T15 -> 0 | V15: ='12'!G65 -> 123 | W15: ='12'!G66 -> 9 | X15: ='12'!G67 -> 14 | Y15: =V15+W15+X15 -> 146 | Z15: ='12'!G84 -> 0 | AA15: ='12'!G85 -> 0 | AB15: ='12'!G86 -> 24.44 | AC15: ='12'!G87 -> 11.29 | AD15: =Z15+AA15+AB15+AC15 -> 35.73 | AE15: =AU15+AV15+BE15+BF15 -> 4875.71 | AF15: =AE15/AD15 -> 136.45984 | AG15: ='12'!G88 -> 0 | AH15: ='12'!G89 -> 9.12 | AI15: ='12'!G90 -> 10.12 | AJ15: =AG15+AH15+AI15 -> 19.24 | AK15: ='12'!G91 -> 11.24 | AL15: ='12'!G92 -> 0 | AN15: =AK15+AL15 -> 11.24 | AO15: ='12'!G74 -> 292.22 | AP15: ='12'!G35 -> 1838.6 | AQ15: ='12'!G37 -> 0 | AR15: ='12'!G38 -> 2223.4 | AS15: ='12'!G39 -> 0 | AT15: ='12'!G40 -> 723.02 | AU15: ='12'!G41 -> 0 | AV15: ='12'!G42 -> 0 | AW15: ='12'!G43 -> 0 | AX15: ='12'!G44 -> 0 | AY15: ='12'!G36 -> 1019.64 | AZ15: ='12'!G49 -> 1630.32 | BA15: ='12'!G51 -> 1007.6 | BB15: ='12'!G52 -> 0 | BC15: ='12'!G53 -> 4336.16 | BD15: ='12'!G54 -> 1.87 | BE15: ='12'!G55 -> 3439.08 | BF15: ='12'!G56 -> 1436.63 | BG15: ='12'!G57 -> 2783.44 | BH15: ='12'!G50 -> 1507.88 | BI15: =SUM(AU15,AV15,BE15,BF15) -> 4875.71 | BJ15: ='12'!G133 -> 952.8 | BK15: =SUM(AP15,AU15,AV15,AW15,AZ15,BE15,BF15,BG15)/H15% -> 44.694275 | BL15: =SUM(AS15,BC15)/H15% -> 17.415556 | BM15: =(AR15+BB15)/H15 -> 0.089299628 | BN15: =J15+N15+Q15+U15 -> 359255.8 | BO15: =SUM(AU15,AV15,AW15,BE15,BF15,BG15,BJ15) -> 8611.95 | BP15: =BO15/(AD15*280) -> 0.86081624
A16: 13 | B16: 13 | D16: ='13'!D3 -> 27 | E16: ='13'!D4 -> 0.9 | F16: ='13'!D2 -> 0.48 | G16: ='13'!G7 -> 24531.61 | H16: ='13'!G8 -> 24813.93 | I16: 9.97 | J16: =H16*I16 -> 247394.88 | K16: =H16/202 -> 122.84124 | L16: ='13'!G15 -> 1072.37 | M16: 75 | N16: =L16*M16 -> 80427.75 | O16: ='13'!G20 -> 309 | P16: 110 | Q16: =O16*P16 -> 33990 | R16: =O16/(F16*202/100) -> 318.68812 | S16: ='13'!G24 -> 0 | T16: 69 | U16: =S16*T16 -> 0 | V16: ='13'!G65 -> 113 | W16: ='13'!G66 -> 9 | X16: ='13'!G67 -> 19 | Y16: =V16+W16+X16 -> 141 | Z16: ='13'!G84 -> 0 | AA16: ='13'!G85 -> 0 | AB16: ='13'!G86 -> 23.98 | AC16: ='13'!G87 -> 11.69 | AD16: =Z16+AA16+AB16+AC16 -> 35.67 | AE16: =AU16+AV16+BE16+BF16 -> 4786.96 | AF16: =AE16/AD16 -> 134.20129 | AG16: ='13'!G88 -> 1.44 | AH16: ='13'!G89 -> 7.64 | AI16: ='13'!G90 -> 10.67 | AJ16: =AG16+AH16+AI16 -> 19.75 | AK16: ='13'!G91 -> 11.14 | AL16: ='13'!G92 -> 0 | AN16: =AK16+AL16 -> 11.14 | AO16: ='13'!G74 -> 289.97 | AP16: ='13'!G35 -> 1897.45 | AQ16: ='13'!G37 -> 0.31 | AR16: ='13'!G38 -> 2231.93 | AS16: ='13'!G39 -> 0 | AT16: ='13'!G40 -> 796.86 | AU16: ='13'!G41 -> 0 | AV16: ='13'!G42 -> 0 | AW16: ='13'!G43 -> 0 | AX16: ='13'!G44 -> 0 | AY16: ='13'!G36 -> 870.45 | AZ16: ='13'!G49 -> 1785.57 | BA16: ='13'!G51 -> 989.16 | BB16: ='13'!G52 -> 0 | BC16: ='13'!G53 -> 4038.17 | BD16: ='13'!G54 -> 0 | BE16: ='13'!G55 -> 3328.37 | BF16: ='13'!G56 -> 1458.59 | BG16: ='13'!G57 -> 2808.09 | BH16: ='13'!G50 -> 2066.85 | BI16: =SUM(AU16,AV16,BE16,BF16) -> 4786.96 | BJ16: ='13'!G133 -> 1033.19 | BK16: =SUM(AP16,AU16,AV16,AW16,AZ16,BE16,BF16,BG16)/H16% -> 45.450559 | BL16: =SUM(AS16,BC16)/H16% -> 16.273803 | BM16: =(AR16+BB16)/H16 -> 0.089946655 | BN16: =J16+N16+Q16+U16 -> 361812.63 | BO16: =SUM(AU16,AV16,AW16,BE16,BF16,BG16,BJ16) -> 8628.24 | BP16: =BO16/(AD16*280) -> 0.86389523
A17: 14 | B17: 14 | D17: ='14'!D3 -> 27 | E17: ='14'!D4 -> 0.9 | F17: ='14'!D2 -> 0.52 | G17: ='14'!G7 -> 25568 | H17: ='14'!G8 -> 25893 | I17: 9.97 | J17: =H17*I17 -> 258153.21 | K17: =H17/202 -> 128.18317 | L17: ='14'!G15 -> 1198 | M17: 75 | N17: =L17*M17 -> 89850 | O17: ='14'!G20 -> 267 | P17: 110 | Q17: =O17*P17 -> 29370 | R17: =O17/(F17*202/100) -> 254.18888 | S17: ='14'!G24 -> 0 | T17: 69 | U17: =S17*T17 -> 0 | V17: ='14'!G65 -> 118 | W17: ='14'!G66 -> 18 | X17: ='14'!G67 -> 16 | Y17: =V17+W17+X17 -> 152 | Z17: ='14'!G84 -> 0 | AA17: ='14'!G85 -> 0 | AB17: ='14'!G86 -> 24 | AC17: ='14'!G87 -> 14 | AD17: =Z17+AA17+AB17+AC17 -> 38 | AE17: =AU17+AV17+BE17+BF17 -> 5095.09 | AF17: =AE17/AD17 -> 134.08132 | AG17: ='14'!G88 -> 0.83 | AH17: ='14'!G89 -> 9 | AI17: ='14'!G90 -> 13.35 | AJ17: =AG17+AH17+AI17 -> 23.18 | AK17: ='14'!G91 -> 11.27 | AL17: ='14'!G92 -> 0 | AN17: =AK17+AL17 -> 11.27 | AO17: ='14'!G44 -> 0 | AP17: ='14'!G35 -> 1949 | AQ17: ='14'!G37 -> 0 | AR17: ='14'!G38 -> 2349 | AS17: ='14'!G39 -> -0.19 | AT17: ='14'!G40 -> 840 | AU17: ='14'!G41 -> 0 | AV17: ='14'!G42 -> 0.09 | AW17: ='14'!G43 -> 0 | AX17: ='14'!G44 -> 0 | AY17: ='14'!G36 -> 1103 | AZ17: ='14'!G49 -> 1784 | BA17: ='14'!G51 -> 1049 | BB17: ='14'!G52 -> 0.24 | BC17: ='14'!G53 -> 4082 | BD17: ='14'!G54 -> 0.21 | BE17: ='14'!G55 -> 3346 | BF17: ='14'!G56 -> 1749 | BG17: ='14'!G57 -> 2926 | BH17: ='14'!G50 -> 1895 | BI17: =SUM(AU17,AV17,BE17,BF17) -> 5095.09 | BJ17: ='14'!G133 -> 1037 | BK17: =SUM(AP17,AU17,AV17,AW17,AZ17,BE17,BF17,BG17)/H17% -> 45.394856 | BL17: =SUM(AS17,BC17)/H17% -> 15.764145 | BM17: =(AR17+BB17)/H17 -> 0.090728768 | BN17: =J17+N17+Q17+U17 -> 377373.21 | BO17: =SUM(AU17,AV17,AW17,BE17,BF17,BG17,BJ17) -> 9058.09 | BP17: =BO17/(AD17*280) -> 0.85132425
A18: 15 | B18: 15 | D18: ='15'!D3 -> 27 | E18: ='15'!D4 -> 0.9 | F18: ='15'!D2 -> 0.5 | G18: ='15'!G7 -> 25505 | H18: ='15'!G8 -> 25818 | I18: 9.97 | J18: =H18*I18 -> 257405.46 | K18: =H18/202 -> 127.81188 | L18: ='15'!G15 -> 917 | M18: 75 | N18: =L18*M18 -> 68775 | O18: ='15'!G20 -> 322 | P18: 110 | Q18: =O18*P18 -> 35420 | R18: =O18/(F18*202/100) -> 318.81188 | S18: ='15'!G24 -> 0 | T18: 69 | U18: =S18*T18 -> 0 | V18: ='15'!G65 -> 133 | W18: ='15'!G66 -> 7 | X18: ='15'!G67 -> 22 | Y18: =V18+W18+X18 -> 162 | Z18: ='15'!G84 -> 0 | AA18: ='15'!G85 -> 11.94 | AB18: ='15'!G86 -> 10 | AC18: ='15'!G87 -> 15 | AD18: =Z18+AA18+AB18+AC18 -> 36.94 | AE18: =AU18+AV18+BE18+BF18 -> 5793.45 | AF18: =AE18/AD18 -> 156.83406 | AG18: ='15'!G88 -> 0 | AH18: ='15'!G89 -> 9.6 | AI18: ='15'!G90 -> 9.87 | AJ18: =AG18+AH18+AI18 -> 19.47 | AK18: ='15'!G91 -> 10.71 | AL18: ='15'!G92 -> 0 | AN18: =AK18+AL18 -> 10.71 | AO18: ='15'!G74 -> 278 | AP18: ='15'!G35 -> 1941 | AQ18: ='15'!G37 -> 0 | AR18: ='15'!G38 -> 2442 | AS18: ='15'!G39 -> 0 | AT18: ='15'!G40 -> 807 | AU18: ='15'!G41 -> 0.45 | AV18: ='15'!G42 -> 2616 | AW18: ='15'!G43 -> 0 | AX18: ='15'!G44 -> 0 | AY18: ='15'!G36 -> 1089 | AZ18: ='15'!G49 -> 1609 | BA18: ='15'!G51 -> 1047 | BB18: ='15'!G52 -> 0 | BC18: ='15'!G53 -> 4192 | BD18: ='15'!G54 -> 0 | BE18: ='15'!G55 -> 1360 | BF18: ='15'!G56 -> 1817 | BG18: ='15'!G57 -> 2989 | BH18: ='15'!G50 -> 1909 | BI18: =SUM(AU18,AV18,BE18,BF18) -> 5793.45 | BJ18: ='15'!G133 -> 896 | BK18: =SUM(AP18,AU18,AV18,AW18,AZ18,BE18,BF18,BG18)/H18% -> 47.766868 | BL18: =SUM(AS18,BC18)/H18% -> 16.236734 | BM18: =(AR18+BB18)/H18 -> 0.094585173 | BN18: =J18+N18+Q18+U18 -> 361600.46 | BO18: =SUM(AU18,AV18,AW18,BE18,BF18,BG18,BJ18) -> 9678.45 | BP18: =BO18/(AD18*280) -> 0.93573072
A19: 16 | B19: 16 | D19: ='16'!D3 -> 27 | E19: ='16'!D4 -> 0.9 | F19: ='16'!D2 -> 0.56 | G19: ='16'!G7 -> 23934.6 | H19: ='16'!G8 -> 24160 | I19: 9.97 | J19: =H19*I19 -> 240875.2 | K19: =H19/202 -> 119.60396 | L19: ='16'!G15 -> 1098 | M19: 75 | N19: =L19*M19 -> 82350 | O19: ='16'!G20 -> 370 | P19: 110 | Q19: =O19*P19 -> 40700 | R19: =O19/(F19*202/100) -> 327.08628 | S19: ='16'!G24 -> 0 | T19: 69 | U19: =S19*T19 -> 0 | V19: ='16'!G65 -> 123 | W19: ='16'!G66 -> 11 | X19: ='16'!G67 -> 32 | Y19: =V19+W19+X19 -> 166 | Z19: ='16'!G84 -> 0 | AA19: ='16'!G85 -> 0 | AB19: ='16'!G86 -> 7.22 | AC19: ='16'!G87 -> 24.3 | AD19: =Z19+AA19+AB19+AC19 -> 31.52 | AE19: =AU19+AV19+BE19+BF19 -> 4009.24 | AF19: =AE19/AD19 -> 127.1967 | AG19: ='16'!G88 -> 0.007 | AH19: ='16'!G89 -> 9.34 | AI19: ='16'!G90 -> 11.29 | AJ19: =AG19+AH19+AI19 -> 20.637 | AK19: ='16'!G91 -> 11.33 | AL19: ='16'!G92 -> 0 | AN19: =AK19+AL19 -> 11.33 | AO19: ='16'!G74 -> 295.57 | AP19: ='16'!G35 -> 2044.69 | AQ19: ='16'!G37 -> -0.31 | AR19: ='16'!G38 -> 2438.7 | AS19: ='16'!G39 -> 0 | AT19: ='16'!G40 -> 829 | AU19: ='16'!G41 -> -0.15 | AV19: ='16'!G42 -> 0 | AW19: ='16'!G43 -> 0 | AX19: ='16'!G44 -> 0 | AY19: ='16'!G36 -> 1115.6 | AZ19: ='16'!G49 -> 1613.67 | BA19: ='16'!G51 -> 996.32 | BB19: ='16'!G52 -> 0 | BC19: ='16'!G53 -> 4307.47 | BD19: ='16'!G54 -> 0.59 | BE19: ='16'!G55 -> 999.27 | BF19: ='16'!G56 -> 3010.12 | BG19: ='16'!G57 -> 2689.59 | BH19: ='16'!G50 -> 1710.9 | BI19: =SUM(AU19,AV19,BE19,BF19) -> 4009.24 | BJ19: ='16'!G133 -> 850.47 | BK19: =SUM(AP19,AU19,AV19,AW19,AZ19,BE19,BF19,BG19)/H19% -> 42.869164 | BL19: =SUM(AS19,BC19)/H19% -> 17.828932 | BM19: =(AR19+BB19)/H19 -> 0.10093957 | BN19: =J19+N19+Q19+U19 -> 363925.2 | BO19: =SUM(AU19,AV19,AW19,BE19,BF19,BG19,BJ19) -> 7549.3 | BP19: =BO19/(AD19*280) -> 0.8553866
A20: 17 | B20: 17 | D20: ='17'!D3 -> 26 | E20: ='17'!D4 -> 0.95 | F20: ='17'!D2 -> 0.5 | G20: ='17'!G7 -> 24604.4 | H20: ='17'!G8 -> 24906 | I20: 9.97 | J20: =H20*I20 -> 248312.82 | K20: =H20/202 -> 123.29703 | L20: ='17'!G15 -> 1022 | M20: 75 | N20: =L20*M20 -> 76650 | O20: ='17'!G20 -> 302 | P20: 110 | Q20: =O20*P20 -> 33220 | R20: =O20/(F20*202/100) -> 299.0099 | S20: ='17'!G24 -> 0 | T20: 69 | U20: =S20*T20 -> 0 | V20: ='17'!G65 -> 108 | W20: ='17'!G66 -> 10 | X20: ='17'!G67 -> 20 | Y20: =V20+W20+X20 -> 138 | Z20: ='17'!G84 -> 0 | AA20: ='17'!G85 -> 0 | AB20: ='17'!G86 -> 10.78 | AC20: ='17'!G87 -> 24.1 | AD20: =Z20+AA20+AB20+AC20 -> 34.88 | AE20: =AU20+AV20+BE20+BF20 -> 4623.94 | AF20: =AE20/AD20 -> 132.56709 | AG20: ='17'!G88 -> 2.913 | AH20: ='17'!G89 -> 10.12 | AI20: ='17'!G90 -> 4.97 | AJ20: =AG20+AH20+AI20 -> 18.003 | AK20: ='17'!G91 -> 11.17 | AL20: ='17'!G92 -> 0 | AN20: =AK20+AL20 -> 11.17 | AO20: ='17'!G74 -> 291.03 | AP20: ='17'!G35 -> 2196.92 | AQ20: ='17'!G37 -> 0 | AR20: ='17'!G38 -> 2335.61 | AS20: ='17'!G39 -> 0 | AT20: ='17'!G40 -> 0 | AU20: ='17'!G41 -> 0 | AV20: ='17'!G42 -> 0.15 | AW20: ='17'!G43 -> 0 | AX20: ='17'!G44 -> 0 | AY20: ='17'!G36 -> 717.19 | AZ20: ='17'!G49 -> 1605.76 | BA20: ='17'!G51 -> 1050.88 | BB20: ='17'!G52 -> 0 | BC20: ='17'!G53 -> 4426.04 | BD20: ='17'!G54 -> 0.12 | BE20: ='17'!G55 -> 1479.12 | BF20: ='17'!G56 -> 3144.67 | BG20: ='17'!G57 -> 2939.12 | BH20: ='17'!G50 -> 1442.69 | BI20: =SUM(AU20,AV20,BE20,BF20) -> 4623.94 | BJ20: ='17'!G133 -> 840.33 | BK20: =SUM(AP20,AU20,AV20,AW20,AZ20,BE20,BF20,BG20)/H20% -> 45.634546 | BL20: =SUM(AS20,BC20)/H20% -> 17.770979 | BM20: =(AR20+BB20)/H20 -> 0.093777002 | BN20: =J20+N20+Q20+U20 -> 358182.82 | BO20: =SUM(AU20,AV20,AW20,BE20,BF20,BG20,BJ20) -> 8403.39 | BP20: =BO20/(AD20*280) -> 0.86043885
A21: 18 | B21: 18 | D21: ='18 '!D3 -> 28 | E21: ='18 '!D4 -> 0.78 | F21: ='18 '!D2 -> 0.98 | G21: ='18 '!G7 -> 24257 | H21: ='18 '!G8 -> 24462.5 | I21: 9.97 | J21: =H21*I21 -> 243891.13 | K21: =H21/202 -> 121.10149 | L21: ='18 '!G15 -> 1031.5 | M21: 75 | N21: =L21*M21 -> 77362.5 | O21: ='18 '!G20 -> 273 | P21: 110 | Q21: =O21*P21 -> 30030 | R21: =O21/(F21*202/100) -> 137.90665 | S21: ='18 '!G24 -> 0 | T21: 69 | U21: =S21*T21 -> 0 | V21: ='18 '!G65 -> 101 | W21: ='18 '!G66 -> 9 | X21: ='18 '!G67 -> 20 | Y21: =V21+W21+X21 -> 130 | Z21: ='18 '!G84 -> 0 | AA21: ='18 '!G85 -> 9.5 | AB21: ='18 '!G86 -> 0 | AC21: ='18 '!G87 -> 22.8 | AD21: =Z21+AA21+AB21+AC21 -> 32.3 | AE21: =AU21+AV21+BE21+BF21 -> 5273.78 | AF21: =AE21/AD21 -> 163.27492 | AG21: ='18 '!G88 -> 0 | AH21: ='18 '!G89 -> 9.64 | AI21: ='18 '!G90 -> 10.5 | AJ21: =AG21+AH21+AI21 -> 20.14 | AK21: ='18 '!G91 -> 11.11 | AL21: ='18 '!G92 -> 0 | AN21: =AK21+AL21 -> 11.11 | AO21: ='18 '!G74 -> 290.1 | AP21: ='18 '!G35 -> 2033.09 | AQ21: ='18 '!G37 -> 0 | AR21: ='18 '!G38 -> 2281.56 | AS21: ='18 '!G39 -> 0.19 | AT21: ='18 '!G40 -> 853.37 | AU21: ='18 '!G41 -> -0.3 | AV21: ='18 '!G42 -> 2086.96 | AW21: ='18 '!G43 -> 0 | AX21: ='18 '!G44 -> 0 | AY21: ='18 '!G36 -> 713.44 | AZ21: ='18 '!G49 -> 1716.17 | BA21: ='18 '!G51 -> 1041 | BB21: ='18 '!G52 -> 0 | BC21: ='18 '!G53 -> 4368.99 | BD21: ='18 '!G54 -> 0.16 | BE21: ='18 '!G55 -> -0.09 | BF21: ='18 '!G56 -> 3187.21 | BG21: ='18 '!G57 -> 2706.48 | BH21: ='18 '!G50 -> 1410.01 | BI21: =SUM(AU21,AV21,BE21,BF21) -> 5273.78 | BJ21: ='18 '!G133 -> 855.9 | BK21: =SUM(AP21,AU21,AV21,AW21,AZ21,BE21,BF21,BG21)/H21% -> 47.948983 | BL21: =SUM(AS21,BC21)/H21% -> 17.860726 | BM21: =(AR21+BB21)/H21 -> 0.093267655 | BN21: =J21+N21+Q21+U21 -> 351283.62 | BO21: =SUM(AU21,AV21,AW21,BE21,BF21,BG21,BJ21) -> 8836.16 | BP21: =BO21/(AD21*280) -> 0.97701902
A22: 19 | B22: 19 | D22: ='19'!D3 -> 27 | E22: ='19'!D4 -> 0.78 | F22: ='19'!D2 -> 0.52 | G22: ='19'!G7 -> 26011 | H22: ='19'!G8 -> 26332.5 | I22: 9.97 | J22: =H22*I22 -> 262535.03 | K22: =H22/202 -> 130.35891 | L22: ='19'!G15 -> 1137.5 | M22: 75 | N22: =L22*M22 -> 85312.5 | O22: ='19'!G20 -> 303 | P22: 110 | Q22: =O22*P22 -> 33330 | R22: =O22/(F22*202/100) -> 288.46154 | S22: ='19'!G24 -> 0 | T22: 69 | U22: =S22*T22 -> 0 | V22: ='19'!G65 -> 112 | W22: ='19'!G66 -> 7 | X22: ='19'!G67 -> 14 | Y22: =V22+W22+X22 -> 133 | Z22: ='19'!G84 -> 0 | AA22: ='19'!G85 -> 23.5 | AB22: ='19'!G86 -> 0 | AC22: ='19'!G87 -> 12.8 | AD22: =Z22+AA22+AB22+AC22 -> 36.3 | AE22: =AU22+AV22+BE22+BF22 -> 7428.34 | AF22: =AE22/AD22 -> 204.63747 | AG22: ='19'!G88 -> 8.17 | AH22: ='19'!G89 -> 10.3 | AI22: ='19'!G90 -> 0.07 | AJ22: =AG22+AH22+AI22 -> 18.54 | AK22: ='19'!G91 -> 11.06 | AL22: ='19'!G92 -> 0 | AN22: =AK22+AL22 -> 11.06 | AO22: ='19'!G74 -> 289.3 | AP22: ='19'!G35 -> 2127.3 | AQ22: ='19'!G37 -> 0 | AR22: ='19'!G38 -> 2405.13 | AS22: ='19'!G39 -> 0 | AT22: ='19'!G40 -> 841.63 | AU22: ='19'!G41 -> 0.45 | AV22: ='19'!G42 -> 5650.89 | AW22: ='19'!G43 -> 0 | AX22: ='19'!G44 -> 0 | AY22: ='19'!G36 -> 903.77 | AZ22: ='19'!G49 -> 1886.4 | BA22: ='19'!G51 -> 1043.8 | BB22: ='19'!G52 -> 0 | BC22: ='19'!G53 -> 4246.5 | BD22: ='19'!G54 -> 5.13 | BE22: ='19'!G55 -> 0 | BF22: ='19'!G56 -> 1777 | BG22: ='19'!G57 -> 2886.81 | BH22: ='19'!G50 -> 1307.4 | BI22: =SUM(AU22,AV22,BE22,BF22) -> 7428.34 | BJ22: ='19'!G133 -> 860.3 | BK22: =SUM(AP22,AU22,AV22,AW22,AZ22,BE22,BF22,BG22)/H22% -> 54.415076 | BL22: =SUM(AS22,BC22)/H22% -> 16.12646 | BM22: =(AR22+BB22)/H22 -> 0.091336941 | BN22: =J22+N22+Q22+U22 -> 381177.53 | BO22: =SUM(AU22,AV22,AW22,BE22,BF22,BG22,BJ22) -> 11175.45 | BP22: =BO22/(AD22*280) -> 1.099513
A23: 20 | B23: 20 | D23: ='20'!D3 -> 28 | E23: ='20'!D4 -> 0.78 | F23: ='20'!D2 -> 0.52 | G23: ='20'!G7 -> 25788 | H23: ='20'!G8 -> 25922 | I23: 9.97 | J23: =H23*I23 -> 258442.34 | K23: =H23/202 -> 128.32673 | L23: ='20'!G15 -> 1111 | M23: 75 | N23: =L23*M23 -> 83325 | O23: ='20'!G20 -> 341 | P23: 110 | Q23: =O23*P23 -> 37510 | R23: =O23/(F23*202/100) -> 324.63823 | S23: ='20'!G24 -> 0 | T23: 69 | U23: =S23*T23 -> 0 | V23: ='20'!G65 -> 115 | W23: ='20'!G66 -> 8 | X23: ='20'!G67 -> 18 | Y23: =V23+W23+X23 -> 141 | Z23: ='20'!G84 -> 11.82 | AA23: ='20'!G85 -> 24.45 | AB23: ='20'!G86 -> 0 | AC23: ='20'!G87 -> 0 | AD23: =Z23+AA23+AB23+AC23 -> 36.27 | AE23: =AU23+AV23+BE23+BF23 -> 8383.7 | AF23: =AE23/AD23 -> 231.14695 | AG23: ='20'!G88 -> 7.95 | AH23: ='20'!G89 -> 9.88 | AI23: ='20'!G90 -> 0 | AJ23: =AG23+AH23+AI23 -> 17.83 | AK23: ='20'!G91 -> 11.02 | AL23: ='20'!G92 -> 0 | AN23: =AK23+AL23 -> 11.02 | AO23: ='20'!G74 -> 287 | AP23: ='20'!G35 -> 2030 | AQ23: ='20'!G37 -> 0 | AR23: ='20'!G38 -> 2240 | AS23: ='20'!G39 -> 0 | AT23: ='20'!G40 -> 939 | AU23: ='20'!G41 -> 2573 | AV23: ='20'!G42 -> 5811 | AW23: ='20'!G43 -> 0 | AX23: ='20'!G44 -> 0 | AY23: ='20'!G36 -> 1055 | AZ23: ='20'!G49 -> 1440 | BA23: ='20'!G51 -> 1071 | BB23: ='20'!G52 -> 0 | BC23: ='20'!G588 -> 0 | BD23: ='20'!G54 -> 10 | BE23: ='20'!G55 -> -0.3 | BF23: ='20'!G56 -> 0 | BG23: ='20'!G57 -> 3030 | BH23: ='20'!G50 -> 1305 | BI23: =SUM(AU23,AV23,BE23,BF23) -> 8383.7 | BJ23: ='20'!G133 -> 835 | BK23: =SUM(AP23,AU23,AV23,AW23,AZ23,BE23,BF23,BG23)/H23% -> 57.417252 | BL23: =SUM(AS23,BC23)/H23% -> 0 | BM23: =(AR23+BB23)/H23 -> 0.086413085 | BN23: =J23+N23+Q23+U23 -> 379277.34 | BO23: =SUM(AU23,AV23,AW23,BE23,BF23,BG23,BJ23) -> 12248.7 | BP23: =BO23/(AD23*280) -> 1.206103
A24: 21 | B24: 21 | D24: 21 | E24: ='21'!D4 -> 0.78 | F24: ='21'!D2 -> 0.52 | G24: ='21'!G7 -> 25493 | H24: ='21'!G8 -> 25776 | I24: 9.97 | J24: =H24*I24 -> 256986.72 | K24: =H24/202 -> 127.60396 | L24: ='21'!G15 -> 987 | M24: 75 | N24: =L24*M24 -> 74025 | O24: ='21'!G20 -> 311 | P24: 110 | Q24: =O24*P24 -> 34210 | R24: =O24/(F24*202/100) -> 296.07768 | S24: ='21'!G24 -> 0 | T24: 69 | U24: =S24*T24 -> 0 | V24: ='21'!G65 -> 125 | W24: ='21'!G66 -> 7 | X24: ='21'!G67 -> 20 | Y24: =V24+W24+X24 -> 152 | Z24: ='21'!G84 -> 24 | AA24: ='21'!G85 -> 0.66 | AB24: ='21'!G86 -> 0 | AC24: ='21'!G87 -> 10.44 | AD24: =Z24+AA24+AB24+AC24 -> 35.1 | AE24: =AU24+AV24+BE24+BF24 -> 7334 | AF24: =AE24/AD24 -> 208.94587 | AG24: ='21'!G88 -> 0.18 | AH24: ='21'!G89 -> 9.79 | AI24: ='21'!G90 -> 10.23 | AJ24: =AG24+AH24+AI24 -> 20.2 | AK24: ='21'!G91 -> 11.11 | AL24: ='21'!G92 -> 0 | AN24: =AK24+AL24 -> 11.11 | AO24: ='21'!G74 -> 290 | AP24: ='21'!G35 -> 2047 | AQ24: ='21'!G37 -> 0 | AR24: ='21'!G38 -> 2256 | AS24: ='21'!G39 -> -0.19 | AT24: ='21'!G40 -> 843 | AU24: ='21'!G41 -> 5709 | AV24: ='21'!G42 -> 57 | AW24: ='21'!G43 -> 0 | AX24: ='21'!G44 -> 0 | AY24: ='21'!G36 -> 873 | AZ24: ='21'!G49 -> 1608.55 | BA24: ='21'!G51 -> 1102 | BB24: ='21'!G52 -> 0 | BC24: ='21'!G53 -> 4288 | BD24: ='21'!G54 -> 74 | BE24: ='21'!G55 -> 0 | BF24: ='21'!G56 -> 1568 | BG24: ='21'!G57 -> 2848 | BH24: ='21'!G50 -> 1421 | BI24: =SUM(AU24,AV24,BE24,BF24) -> 7334 | BJ24: ='21'!G133 -> 839 | BK24: =SUM(AP24,AU24,AV24,AW24,AZ24,BE24,BF24,BG24)/H24% -> 53.683853 | BL24: =SUM(AS24,BC24)/H24% -> 16.634893 | BM24: =(AR24+BB24)/H24 -> 0.087523277 | BN24: =J24+N24+Q24+U24 -> 365221.72 | BO24: =SUM(AU24,AV24,AW24,BE24,BF24,BG24,BJ24) -> 11021 | BP24: =BO24/(AD24*280) -> 1.1213879
A25: 22 | B25: 22 | D25: ='22'!D3 -> 28 | E25: ='22'!D4 -> 0.79 | F25: ='22'!D2 -> 0.54 | G25: ='22'!G7 -> 23759 | H25: ='22'!G8 -> 23946 | I25: 9.97 | J25: =H25*I25 -> 238741.62 | K25: =H25/202 -> 118.54455 | L25: ='22'!G15 -> 1004 | M25: 75 | N25: =L25*M25 -> 75300 | O25: ='22'!G20 -> 389 | P25: 110 | Q25: =O25*P25 -> 42790 | R25: =O25/(F25*202/100) -> 356.619 | S25: ='22'!G24 -> 0 | T25: 69 | U25: =S25*T25 -> 0 | V25: ='22'!G65 -> 139 | W25: ='22'!G66 -> 7 | X25: ='22'!G67 -> 25 | Y25: =V25+W25+X25 -> 171 | Z25: ='22'!G84 -> 23.37 | AA25: ='22'!G85 -> -0.11 | AB25: ='22'!G86 -> 0 | AC25: ='22'!G87 -> 7.56 | AD25: =Z25+AA25+AB25+AC25 -> 30.82 | AE25: =AU25+AV25+BE25+BF25 -> 6364 | AF25: =AE25/AD25 -> 206.48929 | AG25: ='22'!G88 -> -0.09 | AH25: ='22'!G89 -> 8.33 | AI25: ='22'!G90 -> 10 | AJ25: =AG25+AH25+AI25 -> 18.24 | AK25: ='22'!G91 -> 10.82 | AL25: ='22'!G92 -> -0.23 | AN25: =AK25+AL25 -> 10.59 | AO25: ='22'!G74 -> 281 | AP25: ='22'!G35 -> 1912 | AQ25: ='22'!G37 -> 0 | AR25: ='22'!G38 -> 2241 | AS25: ='22'!G39 -> 0 | AT25: ='22'!G40 -> 814 | AU25: ='22'!G41 -> 5518 | AV25: ='22'!G42 -> 0 | AW25: ='22'!G43 -> 0 | AX25: ='22'!G44 -> 0 | AY25: ='22'!G36 -> 979 | AZ25: ='22'!G49 -> 1646.45 | BA25: ='22'!G51 -> 1090 | BB25: ='22'!G52 -> 0 | BC25: ='22'!G53 -> 4196 | BD25: ='22'!G54 -> 92 | BE25: ='22'!G55 -> 0 | BF25: ='22'!G56 -> 846 | BG25: ='22'!G57 -> 2719 | BH25: ='22'!G50 -> 1355 | BI25: =SUM(AU25,AV25,BE25,BF25) -> 6364 | BJ25: ='22'!G133 -> 863 | BK25: =SUM(AP25,AU25,AV25,AW25,AZ25,BE25,BF25,BG25)/H25% -> 52.791489 | BL25: =SUM(AS25,BC25)/H25% -> 17.52276 | BM25: =(AR25+BB25)/H25 -> 0.093585568 | BN25: =J25+N25+Q25+U25 -> 356831.62 | BO25: =SUM(AU25,AV25,AW25,BE25,BF25,BG25,BJ25) -> 9946 | BP25: =BO25/(AD25*280) -> 1.1525447
A26: 23 | B26: 23 | D26: ='23'!D3 -> 26 | E26: ='23'!D4 -> 0.79 | F26: ='23'!D2 -> 0.55 | G26: ='23'!G7 -> 21485 | H26: ='23'!G8 -> 21573 | I26: 9.97 | J26: =H26*I26 -> 215082.81 | K26: =H26/202 -> 106.79703 | L26: ='23'!G15 -> 963 | M26: 75 | N26: =L26*M26 -> 72225 | O26: ='23'!G20 -> 389 | P26: 110 | Q26: =O26*P26 -> 42790 | R26: =O26/(F26*202/100) -> 350.13501 | S26: ='23'!G24 -> 0 | T26: 69 | U26: =S26*T26 -> 0 | V26: ='23'!G65 -> 116 | W26: ='23'!G66 -> 5 | X26: ='23'!G67 -> 24 | Y26: =V26+W26+X26 -> 145 | Z26: ='23'!G84 -> 24.18 | AA26: ='23'!G85 -> 0 | AB26: ='23'!G86 -> 0 | AC26: ='23'!G87 -> 0 | AD26: =Z26+AA26+AB26+AC26 -> 24.18 | AE26: =AU26+AV26+BE26+BF26 -> 5177 | AF26: =AE26/AD26 -> 214.10256 | AG26: ='23'!G88 -> 6.07 | AH26: ='23'!G89 -> 3.95 | AI26: ='23'!G90 -> 9.95 | AJ26: =AG26+AH26+AI26 -> 19.97 | AK26: ='23'!G91 -> 11.18 | AL26: ='23'!G92 -> 0 | AN26: =AK26+AL26 -> 11.18 | AO26: ='23'!G74 -> 291 | AP26: ='23'!G35 -> 2057 | AQ26: ='23'!G37 -> 0.31 | AR26: ='23'!G38 -> 2217 | AS26: ='23'!G39 -> 0 | AT26: ='23'!G40 -> 792 | AU26: ='23'!G41 -> 5177 | AV26: ='23'!G42 -> 0 | AW26: ='23'!G43 -> 0.03 | AX26: ='23'!G44 -> 0 | AY26: ='23'!G36 -> 714 | AZ26: ='23'!G49 -> 1494 | BA26: ='23'!G51 -> 1015 | BB26: ='23'!G52 -> 0 | BC26: ='23'!G53 -> 4329 | BD26: ='23'!G54 -> 142 | BE26: ='23'!G55 -> 0 | BF26: ='23'!G56 -> 0 | BG26: ='23'!G57 -> 2488 | BH26: ='23'!G50 -> 1165 | BI26: =SUM(AU26,AV26,BE26,BF26) -> 5177 | BJ26: ='23'!G133 -> 740 | BK26: =SUM(AP26,AU26,AV26,AW26,AZ26,BE26,BF26,BG26)/H26% -> 51.991054 | BL26: =SUM(AS26,BC26)/H26% -> 20.06675 | BM26: =(AR26+BB26)/H26 -> 0.10276735 | BN26: =J26+N26+Q26+U26 -> 330097.81 | BO26: =SUM(AU26,AV26,AW26,BE26,BF26,BG26,BJ26) -> 8405.03 | BP26: =BO26/(AD26*280) -> 1.2414377
A27: 24 | B27: 24 | D27: ='24'!D3 -> 29 | E27: ='24'!D4 -> 0.79 | F27: ='24'!D2 -> 0.43 | G27: ='24'!G7 -> 20236 | H27: ='24'!G8 -> 20323 | I27: 9.97 | J27: =H27*I27 -> 202620.31 | K27: =H27/202 -> 100.60891 | L27: ='24'!G15 -> 871 | M27: 75 | N27: =L27*M27 -> 65325 | O27: ='24'!G20 -> 202 | P27: 110 | Q27: =O27*P27 -> 22220 | R27: =O27/(F27*202/100) -> 232.55814 | S27: ='24'!G24 -> 0 | T27: 69 | U27: =S27*T27 -> 0 | V27: ='24'!G65 -> 88 | W27: ='24'!G66 -> 5 | X27: ='24'!G67 -> 8 | Y27: =V27+W27+X27 -> 101 | Z27: ='24'!G84 -> 24.45 | AA27: ='24'!G85 -> 0 | AB27: ='24'!G86 -> 0 | AC27: ='24'!G87 -> 0 | AD27: =Z27+AA27+AB27+AC27 -> 24.45 | AE27: =AU27+AV27+BE27+BF27 -> 4754 | AF27: =AE27/AD27 -> 194.43763 | AG27: ='24'!G88 -> 2.02 | AH27: ='24'!G89 -> 5.05 | AI27: ='24'!G90 -> 8.42 | AJ27: =AG27+AH27+AI27 -> 15.49 | AK27: ='24'!G91 -> 11.08 | AL27: ='24'!G92 -> 0.23 | AN27: =AK27+AL27 -> 11.31 | AO27: ='24'!G74 -> 287 | AP27: ='24'!G35 -> 1945 | AQ27: ='24'!G37 -> -0.31 | AR27: ='24'!G38 -> 2037 | AS27: ='24'!G39 -> 0.19 | AT27: ='24'!G40 -> 727 | AU27: ='24'!G41 -> 4754 | AV27: ='24'!G42 -> 0 | AW27: ='24'!G43 -> 0 | AX27: ='24'!G44 -> 0 | AY27: ='24'!G36 -> 605 | AZ27: ='24'!G49 -> 1489 | BA27: ='24'!G51 -> 910 | BB27: ='24'!G52 -> 0 | BC27: ='24'!G53 -> 4061 | BD27: ='24'!G54 -> 140 | BE27: ='24'!G55 -> 0 | BF27: ='24'!G56 -> 0 | BG27: ='24'!G57 -> 2304 | BH27: ='24'!G50 -> 1451 | BI27: =SUM(AU27,AV27,BE27,BF27) -> 4754 | BJ27: ='24'!G133 -> 743 | BK27: =SUM(AP27,AU27,AV27,AW27,AZ27,BE27,BF27,BG27)/H27% -> 51.626236 | BL27: =SUM(AS27,BC27)/H27% -> 19.983221 | BM27: =(AR27+BB27)/H27 -> 0.10023127 | BN27: =J27+N27+Q27+U27 -> 290165.31 | BO27: =SUM(AU27,AV27,AW27,BE27,BF27,BG27,BJ27) -> 7801 | BP27: =BO27/(AD27*280) -> 1.1394975
A28: 25 | B28: 25 | D28: ='25'!D3 -> 28 | E28: ='25'!D4 -> 0.79 | F28: ='25'!D2 -> 0.4 | G28: ='25'!G7 -> 21091 | H28: ='25'!G8 -> 21168 | I28: 9.97 | J28: =H28*I28 -> 211044.96 | K28: =H28/202 -> 104.79208 | L28: ='25'!G15 -> 859 | M28: 75 | N28: =L28*M28 -> 64425 | O28: ='25'!G20 -> 173 | P28: 110 | Q28: =O28*P28 -> 19030 | R28: =O28/(F28*202/100) -> 214.10891 | S28: ='25'!G24 -> 0 | T28: 69 | U28: =S28*T28 -> 0 | V28: ='25'!G65 -> 89 | W28: ='25'!G66 -> 5 | X28: ='25'!G67 -> 11 | Y28: =V28+W28+X28 -> 105 | Z28: ='25'!G84 -> 24 | AA28: ='25'!G85 -> 0 | AB28: ='25'!G86 -> 0 | AC28: ='25'!G87 -> 0 | AD28: =Z28+AA28+AB28+AC28 -> 24 | AE28: =AU28+AV28+BE28+BF28 -> 5468 | AF28: =AE28/AD28 -> 227.83333 | AG28: ='25'!G88 -> 0 | AH28: ='25'!G89 -> 6.59 | AI28: ='25'!G90 -> 8.63 | AJ28: =AG28+AH28+AI28 -> 15.22 | AK28: ='25'!G91 -> 10.97 | AL28: ='25'!G92 -> 0 | AN28: =AK28+AL28 -> 10.97 | AO28: ='25'!G74 -> 285 | AP28: ='25'!G35 -> 1845 | AQ28: ='25'!G37 -> 0 | AR28: ='25'!G38 -> 2095 | AS28: ='25'!G39 -> 0 | AT28: ='25'!G40 -> 708 | AU28: ='25'!G41 -> 5468 | AW28: ='25'!G43 -> 0 | AX28: ='25'!G44 -> 0 | AY28: ='25'!G36 -> 601 | AZ28: ='25'!G49 -> 1485 | BA28: ='25'!G51 -> 961 | BB28: ='25'!G52 -> 0 | BC28: ='25'!G53 -> 4086 | BD28: ='24'!G54 -> 140 | BE28: ='25'!G55 -> 0 | BF28: ='25'!G56 -> 0 | BG28: ='25'!G57 -> 2391 | BH28: ='25'!G50 -> 1464 | BI28: =SUM(AU28,AV28,BE28,BF28) -> 5468 | BJ28: ='25'!G133 -> 730 | BK28: =SUM(AP28,AU28,AV28,AW28,AZ28,BE28,BF28,BG28)/H28% -> 52.858088 | BL28: =SUM(AS28,BC28)/H28% -> 19.302721 | BM28: =(AR28+BB28)/H28 -> 0.098970144 | BN28: =J28+N28+Q28+U28 -> 294499.96 | BO28: =SUM(AU28,AV28,AW28,BE28,BF28,BG28,BJ28) -> 8589 | BP28: =BO28/(AD28*280) -> 1.278125
A29: 26 | B29: 26 | D29: ='26'!D3 -> 28 | E29: ='26'!D4 -> 0.79 | F29: ='26'!D2 -> 0.5445 | G29: ='26'!G7 -> 22760.24 | H29: ='26'!G8 -> 22938.4 | I29: 9.97 | J29: =H29*I29 -> 228695.85 | K29: =H29/202 -> 113.55644 | L29: ='26'!G15 -> 994.54 | M29: 75 | N29: =L29*M29 -> 74590.5 | O29: ='26'!G20 -> 314 | P29: 110 | Q29: =O29*P29 -> 34540 | R29: =O29/(F29*202/100) -> 285.48309 | S29: ='26'!G24 -> 0 | T29: 69 | U29: =S29*T29 -> 0 | V29: ='26'!G65 -> 113 | W29: ='26'!G66 -> 8 | X29: ='26'!G67 -> 16 | Y29: =V29+W29+X29 -> 137 | Z29: ='26'!G84 -> 23.56 | AA29: ='26'!G85 -> 0.2 | AB29: ='26'!G86 -> 0 | AC29: ='26'!G87 -> 4.63 | AD29: =Z29+AA29+AB29+AC29 -> 28.39 | AE29: =AU29+AV29+BE29+BF29 -> 5816.83 | AF29: =AE29/AD29 -> 204.8901 | AG29: ='26'!G88 -> 6.23 | AH29: ='26'!G89 -> 3.9 | AI29: ='26'!G90 -> 10.24 | AJ29: =AG29+AH29+AI29 -> 20.37 | AK29: ='26'!G91 -> 11.12 | AL29: ='26'!G92 -> 0 | AN29: =AK29+AL29 -> 11.12 | AO29: ='26'!G74 -> 288.3 | AP29: ='26'!G35 -> 0 | AQ29: ='26'!G37 -> 0 | AR29: ='26'!G38 -> 2105 | AS29: ='26'!G39 -> 0 | AT29: ='26'!G40 -> 795.81 | AU29: ='26'!G41 -> 5286.16 | AV29: ='26'!G42 -> 0 | AW29: ='26'!G43 -> 0 | AX29: ='26'!G44 -> 0 | AY29: ='26'!G36 -> 908.82 | AZ29: ='26'!G49 -> 3688.96 | BA29: ='26'!G51 -> 1059.46 | BB29: ='26'!G52 -> 0 | BC29: ='26'!G53 -> 4206.86 | BD29: ='26'!G54 -> 186.58 | BE29: ='26'!G55 -> 0 | BF29: ='26'!G56 -> 530.67 | BG29: ='26'!G57 -> 2720.76 | BH29: ='26'!G50 -> 1300.04 | BI29: =SUM(AU29,AV29,BE29,BF29) -> 5816.83 | BJ29: ='26'!G133 -> 827.92 | BK29: =SUM(AP29,AU29,AV29,AW29,AZ29,BE29,BF29,BG29)/H29% -> 53.301669 | BL29: =SUM(AS29,BC29)/H29% -> 18.339814 | BM29: =(AR29+BB29)/H29 -> 0.091767516 | BN29: =J29+N29+Q29+U29 -> 337826.35 | BO29: =SUM(AU29,AV29,AW29,BE29,BF29,BG29,BJ29) -> 9365.51 | BP29: =BO29/(AD29*280) -> 1.1781701
A30: 27 | B30: 27 | D30: ='27'!D3 -> 32 | E30: ='27'!D4 -> 0.76 | F30: ='27'!D2 -> 0.76 | G30: ='27'!G7 -> 23422.69 | H30: ='27'!G8 -> 23600.69 | I30: 9.97 | J30: =H30*I30 -> 235298.88 | K30: =H30/202 -> 116.8351 | L30: ='27'!G15 -> 996.48 | M30: 75 | N30: =L30*M30 -> 74736 | O30: ='27'!G20 -> 272 | P30: 110 | Q30: =O30*P30 -> 29920 | R30: =O30/(F30*202/100) -> 177.17561 | S30: ='27'!G24 -> 0 | T30: 69 | U30: =S30*T30 -> 0 | V30: ='27'!G65 -> 89 | W30: ='27'!G66 -> 7 | X30: ='27'!G67 -> 19 | Y30: =V30+W30+X30 -> 115 | Z30: ='27'!G84 -> 23.53 | AA30: ='27'!G85 -> 0 | AB30: ='27'!G86 -> 0.01 | AC30: ='27'!G87 -> 10.86 | AD30: =Z30+AA30+AB30+AC30 -> 34.4 | AE30: =AU30+AV30+BE30+BF30 -> 5911.46 | AF30: =AE30/AD30 -> 171.84477 | AG30: ='27'!G88 -> 2.93 | AH30: ='27'!G89 -> 7.41 | AI30: ='27'!G90 -> 9.32 | AJ30: =AG30+AH30+AI30 -> 19.66 | AK30: ='27'!G91 -> 10.96 | AL30: ='27'!G92 -> 0 | AN30: =AK30+AL30 -> 10.96 | AO30: ='27'!G74 -> 282.97 | AP30: ='27'!G35 -> 0 | AQ30: ='27'!G37 -> 0 | AR30: ='27'!G38 -> 2064.32 | AS30: ='27'!G39 -> 0 | AT30: ='27'!G40 -> 778.21 | AU30: ='27'!G41 -> 4673.2 | AV30: ='27'!G42 -> 0 | AW30: ='27'!G43 -> 0 | AX30: ='27'!G44 -> 0 | AY30: ='27'!G36 -> 1025.59 | AZ30: ='27'!G49 -> 3695.5 | BA30: ='27'!G51 -> 1033.08 | BB30: ='27'!G52 -> 0 | BC30: ='27'!G53 -> 4100.46 | BD30: ='27'!G54 -> 168.94 | BE30: ='27'!G55 -> 0 | BF30: ='27'!G56 -> 1238.26 | BG30: ='27'!G57 -> 2759.57 | BH30: ='27'!G50 -> 1498.04 | BI30: =SUM(AU30,AV30,BE30,BF30) -> 5911.46 | BJ30: ='27'!G133 -> 885.38 | BK30: =SUM(AP30,AU30,AV30,AW30,AZ30,BE30,BF30,BG30)/H30% -> 52.399019 | BL30: =SUM(AS30,BC30)/H30% -> 17.374323 | BM30: =(AR30+BB30)/H30 -> 0.087468629 | BN30: =J30+N30+Q30+U30 -> 339954.88 | BO30: =SUM(AU30,AV30,AW30,BE30,BF30,BG30,BJ30) -> 9556.41 | BP30: =BO30/(AD30*280) -> 0.9921522
A31: 28 | B31: 28 | D31: ='28'!D3 -> 32 | E31: ='28'!D4 -> 0.7 | F31: ='28'!D2 -> 0.8 | G31: ='28'!G7 -> 27093 | H31: ='28'!G8 -> 27370.08 | I31: 9.97 | J31: =H31*I31 -> 272879.7 | K31: =H31/202 -> 135.49545 | L31: ='28'!G15 -> 986 | M31: 75 | N31: =L31*M31 -> 73950 | O31: ='28'!G20 -> 249 | P31: 110 | Q31: =O31*P31 -> 27390 | R31: =O31/(F31*202/100) -> 154.08416 | S31: ='28'!G24 -> 0 | T31: 69 | U31: =S31*T31 -> 0 | V31: ='28'!G65 -> 118 | W31: ='28'!G66 -> 7 | X31: ='28'!G67 -> 15 | Y31: =V31+W31+X31 -> 140 | Z31: ='28'!G84 -> 24.18 | AA31: ='28'!G85 -> 15.94 | AB31: ='28'!G86 -> -0.13 | AC31: ='28'!G87 -> 0 | AD31: =Z31+AA31+AB31+AC31 -> 39.99 | AE31: =AU31+AV31+BE31+BF31 -> 9014.04 | AF31: =AE31/AD31 -> 225.40735 | AG31: ='28'!G88 -> 0 | AH31: ='28'!G89 -> 8.78 | AI31: ='28'!G90 -> 10.25 | AJ31: =AG31+AH31+AI31 -> 19.03 | AK31: ='28'!G91 -> 10.83 | AL31: ='28'!G92 -> 0 | AN31: =AK31+AL31 -> 10.83 | AO31: ='28'!G74 -> 280.71 | AP31: ='28'!G35 -> 0 | AQ31: ='28'!G37 -> 0 | AR31: ='28'!G38 -> 2196.04 | AS31: ='28'!G39 -> 0 | AT31: ='28'!G40 -> 924.04 | AU31: ='28'!G41 -> 5388.51 | AV31: ='28'!G42 -> 3625.53 | AW31: ='28'!G43 -> -0.03 | AX31: ='28'!G44 -> 0 | AY31: ='28'!G36 -> 1181.31 | AZ31: ='28'!G49 -> 3724.26 | BA31: ='28'!G51 -> 1077.13 | BB31: ='28'!G52 -> 0 | BC31: ='28'!G53 -> 4355.78 | BD31: ='28'!G54 -> 170.8 | BE31: ='28'!G55 -> 0 | BF31: ='28'!G56 -> 0 | BG31: ='28'!G57 -> 3044.79 | BH31: ='28'!G50 -> 1882.84 | BI31: =SUM(AU31,AV31,BE31,BF31) -> 9014.04 | BJ31: ='28'!G133 -> 855.26 | BK31: =SUM(AP31,AU31,AV31,AW31,AZ31,BE31,BF31,BG31)/H31% -> 57.665378 | BL31: =SUM(AS31,BC31)/H31% -> 15.914385 | BM31: =(AR31+BB31)/H31 -> 0.08023506 | BN31: =J31+N31+Q31+U31 -> 374219.7 | BO31: =SUM(AU31,AV31,AW31,BE31,BF31,BG31,BJ31) -> 12914.06 | BP31: =BO31/(AD31*280) -> 1.1533294
A32: 29 | B32: 29 | D32: ='29'!D3 -> 27 | E32: ='29'!D4 -> 0.79 | F32: ='29'!D2 -> 0.75 | G32: ='29'!G7 -> 26774 | H32: ='29'!G8 -> 27051 | I32: 9.97 | J32: =H32*I32 -> 269698.47 | K32: =H32/202 -> 133.91584 | L32: ='29'!G15 -> 1028.3 | M32: 75 | N32: =L32*M32 -> 77122.5 | O32: ='29'!G20 -> 320 | P32: 110 | Q32: =O32*P32 -> 35200 | R32: =O32/(F32*202/100) -> 211.22112 | S32: ='29'!G24 -> 0 | T32: 69 | U32: =S32*T32 -> 0 | V32: ='29'!G65 -> 99 | W32: ='29'!G66 -> 16 | X32: ='29'!G67 -> 15 | Y32: =V32+W32+X32 -> 130 | Z32: ='29'!G84 -> 19.52 | AA32: ='29'!G85 -> 16.06 | AB32: ='29'!G86 -> 0.12 | AC32: ='29'!G87 -> 2.37 | AD32: =Z32+AA32+AB32+AC32 -> 38.07 | AE32: =AU32+AV32+BE32+BF32 -> 8480.82 | AF32: =AE32/AD32 -> 222.76911 | AG32: ='29'!G88 -> -0.07 | AH32: ='29'!G89 -> 9.01 | AI32: ='29'!G90 -> 11.31 | AJ32: =AG32+AH32+AI32 -> 20.25 | AK32: ='29'!G91 -> 11.19 | AL32: ='29'!G92 -> -0.23 | AN32: =AK32+AL32 -> 10.96 | AO32: ='29'!G74 -> 289.72 | AP32: ='29'!G35 -> 0 | AQ32: ='29'!G37 -> 0 | AR32: ='29'!G38 -> 2184 | AS32: ='29'!G39 -> -0.19 | AT32: ='29'!G40 -> 914.3 | AU32: ='29'!G41 -> 3994.85 | AV32: ='29'!G42 -> 4125.83 | AW32: ='29'!G43 -> 0 | AX32: ='29'!G44 -> 0 | AY32: ='29'!G36 -> 1115.26 | AZ32: ='29'!G49 -> 3893.6 | BA32: ='29'!G51 -> 1022.92 | BB32: ='29'!G52 -> 0 | BC32: ='29'!G53 -> 4258.05 | BD32: ='29'!G54 -> 171.1 | BE32: ='29'!G55 -> 0 | BF32: ='29'!G56 -> 360.14 | BG32: ='29'!G57 -> 3077.8 | BH32: ='29'!G50 -> 1946.37 | BI32: =SUM(AU32,AV32,BE32,BF32) -> 8480.82 | BJ32: ='29'!G133 -> 873.58 | BK32: =SUM(AP32,AU32,AV32,AW32,AZ32,BE32,BF32,BG32)/H32% -> 57.122546 | BL32: =SUM(AS32,BC32)/H32% -> 15.740121 | BM32: =(AR32+BB32)/H32 -> 0.080736387 | BN32: =J32+N32+Q32+U32 -> 382020.97 | BO32: =SUM(AU32,AV32,AW32,BE32,BF32,BG32,BJ32) -> 12432.2 | BP32: =BO32/(AD32*280) -> 1.1662914
A33: 30 | B33: 30 | D33: ='30'!D3 -> 27 | E33: ='30'!D4 -> 0.79 | F33: ='30'!D2 -> 0.68 | G33: ='30'!G7 -> 26158 | H33: ='30'!G8 -> 26551 | I33: 9.97 | J33: =H33*I33 -> 264713.47 | K33: =H33/202 -> 131.44059 | L33: ='30'!G15 -> 1020.7 | M33: 75 | N33: =L33*M33 -> 76552.5 | O33: ='30'!G20 -> 320 | P33: 110 | Q33: =O33*P33 -> 35200 | R33: =O33/(F33*202/100) -> 232.96447 | S33: ='30'!G24 -> 0 | T33: 69 | U33: =S33*T33 -> 0 | V33: ='30'!G65 -> 111 | W33: ='30'!G66 -> 22 | X33: ='30'!G67 -> 0 | Y33: =V33+W33+X33 -> 133 | Z33: ='30'!G84 -> 0 | AA33: ='30'!G85 -> 12.8 | AB33: ='30'!G86 -> 0 | AC33: ='30'!G87 -> 23.6 | AD33: =Z33+AA33+AB33+AC33 -> 36.4 | AE33: =AU33+AV33+BE33+BF33 -> 6346.18 | AF33: =AE33/AD33 -> 174.3456 | AG33: ='30'!G88 -> 10.46 | AH33: ='30'!G89 -> -0.07 | AI33: ='30'!G90 -> 13.49 | AJ33: =AG33+AH33+AI33 -> 23.88 | AK33: ='30'!G91 -> 11.22 | AL33: ='30'!G92 -> 0 | AN33: =AK33+AL33 -> 11.22 | AO33: ='30'!G74 -> 289.99 | AP33: ='30'!G35 -> 0 | AQ33: ='30'!G37 -> 0 | AR33: ='30'!G38 -> 2269.37 | AS33: ='30'!G39 -> 0.19 | AT33: ='30'!G40 -> 813.97 | AU33: ='30'!G41 -> 0.45 | AV33: ='30'!G42 -> 2931.17 | AW33: ='30'!G43 -> 0 | AX33: ='30'!G44 -> 0 | AY33: ='30'!G36 -> 783.93 | AZ33: ='30'!G49 -> 4039.25 | BA33: ='30'!G51 -> 1064.68 | BB33: ='30'!G52 -> 0 | BC33: ='30'!G53 -> 4282.5 | BD33: ='30'!G54 -> 166.25 | BE33: ='30'!G55 -> 0.49 | BF33: ='30'!G56 -> 3414.07 | BG33: ='30'!G57 -> 2959.61 | BH33: ='30'!G50 -> 1771 | BI33: =SUM(AU33,AV33,BE33,BF33) -> 6346.18 | BJ33: ='30'!G133 -> 918.49 | BK33: =SUM(AP33,AU33,AV33,AW33,AZ33,BE33,BF33,BG33)/H33% -> 50.261911 | BL33: =SUM(AS33,BC33)/H33% -> 16.130052 | BM33: =(AR33+BB33)/H33 -> 0.08547211 | BN33: =J33+N33+Q33+U33 -> 376465.97 | BO33: =SUM(AU33,AV33,AW33,BE33,BF33,BG33,BJ33) -> 10224.28 | BP33: =BO33/(AD33*280) -> 1.0031672
A34: 31 | B34: 31 | D34: 30 | E34: ='30'!D5 -> Unit | F34: ='30'!D3 -> 27 | G34: ='31'!G7 -> -758506 | H34: ='31'!G8 -> 233466 | I34: 9.97 | J34: =H34*I34 -> 2327656 | K34: =H34/202 -> 1155.7723 | L34: ='31'!G15 -> 967 | M34: 75 | N34: =L34*M34 -> 72525 | O34: ='31'!G20 -> -1420 | P34: 110 | Q34: =O34*P34 -> -156200 | R34: =O34/(F34*202/100) -> -26.035937 | S34: ='30'!G25 -> 0 | T34: 70 | U34: =S34*T34 -> 0 | V34: ='31'!G65 -> -2998 | W34: ='31'!G66 -> -308 | X34: ='31'!G67 -> -510 | Y34: =V34+W34+X34 -> -3816 | Z34: ='31'!G84 -> -454.25 | AA34: ='31'!G85 -> -112 | AB34: ='31'!G86 -> -350.05 | AC34: ='31'!G87 -> -169.2 | AD34: =Z34+AA34+AB34+AC34 -> -1085.5 | AE34: =AU34+AV34+BE34+BF34 -> -200191.94 | AF34: =AE34/AD34 -> 184.42371 | AG34: ='31'!G88 -> -88.8 | AH34: ='31'!G89 -> -185.98 | AI34: ='31'!G90 -> -313.02 | AJ34: =AG34+AH34+AI34 -> -587.8 | AK34: ='31'!G91 -> -330.28 | AL34: ='31'!G92 -> 0 | AN34: =AK34+AL34 -> -330.28 | AO34: ='31'!G74 -> -8628.22 | AP34: ='31'!G35 -> 0 | AQ34: ='31'!G37 -> 0 | AR34: ='31'!G38 -> -67961.5 | AS34: ='31'!G39 -> 0 | AT34: ='31'!G40 -> -24708.77 | AU34: ='31'!G41 -> -99138.93 | AV34: ='31'!G42 -> -26068.45 | AW34: ='31'!G43 -> 0 | AX34: ='31'!G44 -> 0 | AY34: ='31'!G36 -> -27665.95 | AZ34: ='31'!G49 -> -113669.41 | BA34: ='31'!G51 -> -30865.74 | BB34: ='31'!G52 -> 0 | BC34: ='31'!G53 -> -126826.31 | BD34: ='31'!G54 -> -5658.91 | BE34: ='31'!G55 -> -51313.25 | BF34: ='31'!G56 -> -23671.31 | BG34: ='31'!G57 -> -86827.07 | BH34: ='31'!G50 -> -45038.11 | BI34: =SUM(AU34,AV34,BE34,BF34) -> -200191.94 | BJ34: ='31'!G133 -> -25025 | BK34: =SUM(AP34,AU34,AV34,AW34,AZ34,BE34,BF34,BG34)/H34% -> -171.62603 | BL34: =SUM(AS34,BC34)/H34% -> -54.323246 | BM34: =(AR34+BB34)/H34 -> -0.29109806 | BN34: =J34+N34+Q34+U34 -> 2243981 | BO34: =SUM(AU34,AV34,AW34,BE34,BF34,BG34,BJ34) -> -312044.01 | BP34: =BO34/(AD34*280) -> 1.0266632
A35: Total | D35: =AVERAGE(D4:D34) -> 25.985806 | F35: =AVERAGE(F4:F34) -> 1.4785323 | G35: =SUM(G4:G34) -> -20896.07 | H35: =SUM(H4:H34) -> 979288.17 | I35: 9 | J35: =SUM(J4:J34) -> 9763503.1 | K35: =SUM(K4:K34) -> 4847.9612 | L35: =SUM(L4:L34) -> 31415.02 | M35: =SUM(M4:M34) -> 2325 | N35: =SUM(N4:N34) -> 2356126.5 | O35: =SUM(O4:O34) -> 7520 | P35: =SUM(P4:P34) -> 3410 | Q35: =SUM(Q4:Q34) -> 827200 | ... BN35: =SUM(BN4:BN34) -> 12946830 | BO35: =SUM(AU35,AV35,AW35,BE35,BF35,BG35,BJ35) -> -16567.15 | BP35: =BO35/(AD35*280) -> 0.97847516
B36: =B18-B17 -> 1 | C36: =C18-C17 -> 0 | D36: =D18-D17 -> 0 | E36: =E18-E17 -> 0 | F36: =F18-F17 -> -0.02 | H36: =H18-H17 -> -75 | I36: =I18-I17 -> 0 | J36: =J18-J17 -> -747.75 | K36: =K18-K17 -> -0.37128713 | L36: =L18-L17 -> -281 | M36: =M18-M17 -> 0 | N36: =N18-N17 -> -21075 | O36: =O18-O17 -> 55 | ... AN36: =AN18-AN17 -> -0.56 | AP36: =AP18-AP17 -> -8 | AQ36: =AQ18-AQ17 -> 0 | AR36: =AR18-AR17 -> 93 | AS36: =AS18-AS17 -> 0.19 | AT36: =AT18-AT17 -> -33 | AU36: =AU18-AU17 -> 0.45 | AV36: =AV18-AV17 -> 2615.91 | AW36: =AW18-AW17 -> 0 | AZ36: =AZ18-AZ17 -> -175 | BA36: =BA18-BA17 -> -2 | BB36: =BB18-BB17 -> -0.24 | BC36: =BC18-BC17 -> 110 | BD36: =BD18-BD17 -> -0.21 | BE36: =BE18-BE17 -> -1986 | BF36: =BF18-BF17 -> 68 | BG36: =BG18-BG17 -> 63 | BK36: =BK18-BK17 -> 2.3720123 | BL36: =BL18-BL17 -> 0.47258931 | BN36: =BN18-BN17 -> -15772.75 | BO36: =BO18-BO17 -> 620.36
F37: =AVERAGE(F4:F35) -> 1.4785323 | H37: =AVERAGE(H4:H35) -> 61205.511
B38: Guest complaint | F38: =AVERAGE(F4:F35) -> 1.4785323
BI41: =(BI31+BJ31)/400 -> 24.67325

Sheet Occupancy
B1: Hotel Paid Occupancy Occ% | C1: Room Nights | D1: Comp Night | E1: Cummulative % | F1: Total Covers Guests | G1: Total Room Nights | H1: Paid occ % | J1: KWH/Room
A2: 1 | B2: =C2/202% -> 57.920792 | C2: 117 | D2: 2 | E2: =(C2+D2)/202% -> 58.910891 | F2: 306 | G2: =C2+D2 -> 119 | H2: =C2/202% -> 57.920792 | J2: ='Section Load'!C5/G2 -> 215.70588 | K2: =10/202 -> 0.04950495
A3: 2 | B3: =C3/202% -> 63.366337 | C3: 128 | D3: 2 | E3: =(C3+D3)/202% -> 64.356436 | F3: 406 | G3: =C3+D3 -> 130 | H3: =C3/202% -> 63.366337 | J3: ='Section Load'!C6/G3 -> 197.45385
A4: 3 | B4: =C4/202% -> 67.821782 | C4: 137 | D4: 3 | E4: =(C4+D4)/202% -> 69.306931 | F4: 744 | G4: =C4+D4 -> 140 | H4: =C4/202% -> 67.821782 | J4: ='Section Load'!C7/G4 -> 168.54286 | Q4: =C2/202 -> 0.57920792
A5: 4 | B5: =C5/202% -> 70.792079 | C5: 143 | D5: 4 | E5: =(C5+D5)/202% -> 72.772277 | F5: 534 | G5: =C5+D5 -> 147 | H5: =C5/202% -> 70.792079 | J5: ='Section Load'!C8/G5 -> 174.41497
A6: 5 | B6: =C6/202% -> 68.316832 | C6: 138 | D6: 5 | E6: =(C6+D6)/202% -> 70.792079 | F6: 428 | G6: =C6+D6 -> 143 | H6: =C6/202% -> 68.316832 | J6: ='Section Load'!C9/G6 -> 173.66434
A7: 6 | B7: =C7/202% -> 67.326733 | C7: 136 | D7: 2 | E7: =(C7+D7)/202% -> 68.316832 | F7: 596 | G7: =C7+D7 -> 138 | H7: =C7/202% -> 67.326733 | J7: ='Section Load'!C10/G7 -> 184.85507
A8: 7 | B8: =C8/202% -> 60.39604 | C8: 122 | D8: 3 | E8: =(C8+D8)/202% -> 61.881188 | F8: 315 | G8: =C8+D8 -> 125 | H8: =C8/202% -> 60.39604 | J8: ='Section Load'!C11/G8 -> 204.272
A9: 8 | B9: =C9/202% -> 66.336634 | C9: 134 | D9: 6 | E9: =(C9+D9)/202% -> 69.306931 | F9: 361 | G9: =C9+D9 -> 140 | H9: =C9/202% -> 66.336634 | J9: ='Section Load'!C12/G9 -> 179.06429
A10: 9 | B10: =C10/202% -> 58.910891 | C10: 119 | D10: 6 | E10: =(C10+D10)/202% -> 61.881188 | F10: 667 | G10: =C10+D10 -> 125 | H10: =C10/202% -> 58.910891 | J10: ='Section Load'!C13/G10 -> 206.8316
A11: 10 | B11: =C11/202% -> 48.019802 | C11: 97 | D11: 5 | E11: =(C11+D11)/202% -> 50.49505 | F11: 795 | G11: =C11+D11 -> 102 | H11: =C11/202% -> 48.019802 | J11: ='Section Load'!C14/G11 -> 251.88255
A12: 11 | B12: =C12/202% -> 46.039604 | C12: 93 | D12: 3 | E12: =(C12+D12)/202% -> 47.524752 | F12: 363 | G12: =C12+D12 -> 96 | H12: =C12/202% -> 46.039604 | J12: ='Section Load'!C15/G12 -> 263.05104
A13: 12 | B13: =C14/202% -> 60.891089 | E13: =(C14+D13)/202% -> 60.891089 | G13: =C14+D13 -> 123 | H13: =C14/202% -> 60.891089 | J13: ='Section Load'!C16/G13 -> 202.42439
A14: 13 | B14: =C15/202% -> 59.405941 | C14: 123 | D14: 4 | E14: =(C15+D14)/202% -> 61.386139 | F14: 575 | G14: =C15+D14 -> 124 | H14: =C15/202% -> 59.405941 | J14: ='Section Load'!C17/G14 -> 200.11234
A15: 14 | B15: =C16/202% -> 48.019802 | C15: 120 | D15: 3 | E15: =(C16+D15)/202% -> 49.50495 | F15: 390 | G15: =C16+D15 -> 100 | H15: =C16/202% -> 48.019802 | J15: ='Section Load'!C18/G15 -> 258.93
A16: 15 | B16: =#REF!/202% -> #REF! | C16: 97 | E16: =(#REF!+D16)/202% -> #REF! | G16: =#REF!+D16 -> #REF! | H16: =#REF!/202% -> #REF! | J16: ='Section Load'!C19/G16 -> #REF!
A17: 16 | B17: =C17/202% -> 0 | E17: =(C17+D17)/202% -> 0 | G17: =C17+D17 -> 0 | H17: =C17/202% -> 0 | J17: ='Section Load'!C20/G17 -> #DIV/0!
A18: 17 | B18: =C18/202% -> 0 | E18: =(C18+D18)/202% -> 0 | G18: =C18+D18 -> 0 | H18: =C18/202% -> 0 | J18: ='Section Load'!C21/G18 -> #DIV/0!
A19: 18 | B19: =C19/202% -> 0 | E19: =(C19+D19)/202% -> 0 | G19: =C19+D19 -> 0 | H19: =C19/202% -> 0 | J19: ='Section Load'!C22/G19 -> #DIV/0!
A20: 19 | B20: =C20/202% -> 0 | E20: =(C20+D20)/202% -> 0 | G20: =C20+D20 -> 0 | H20: =C20/202% -> 0 | J20: ='Section Load'!C23/G20 -> #DIV/0!
A21: 20 | B21: =C21/202% -> 0 | E21: =(C21+D21)/202% -> 0 | G21: =C21+D21 -> 0 | H21: =C21/202% -> 0 | J21: ='Section Load'!C24/G21 -> #DIV/0!
A22: 21 | B22: =C22/202% -> 0 | E22: =(C22+D22)/202% -> 0 | G22: =C22+D22 -> 0 | H22: =C22/202% -> 0 | J22: ='Section Load'!C25/G22 -> #DIV/0!
A23: 22 | B23: 83 | E23: =(C23+D23)/202% -> 0 | G23: =C23+D23 -> 0 | H23: =C23/202% -> 0 | J23: ='Section Load'!C26/G23 -> #DIV/0!
A24: 23 | B24: 98 | E24: =(C24+D24)/202% -> 0 | G24: =C24+D24 -> 0 | H24: =C24/202% -> 0 | J24: ='Section Load'!C27/G24 -> #DIV/0!
A25: 24 | B25: =C25/202% -> 0 | E25: =(C25+D25)/202% -> 0 | G25: =C25+D25 -> 0 | H25: =C25/202% -> 0 | J25: ='Section Load'!C28/G25 -> #DIV/0!
A26: 25 | B26: =C26/202% -> 0 | E26: =(C26+D26)/202% -> 0 | G26: =C26+D26 -> 0 | H26: =C26/202% -> 0 | J26: ='Section Load'!C29/G26 -> #DIV/0!
A27: 26 | B27: =C27/202% -> 0 | E27: =(C27+D27)/202% -> 0 | G27: =C27+D27 -> 0 | H27: =C27/202% -> 0 | J27: ='Section Load'!C30/G27 -> #DIV/0!
A28: 27 | B28: =C28/202% -> 0 | E28: =(C28+D28)/202% -> 0 | G28: =C28+D28 -> 0 | H28: =C28/202% -> 0 | J28: ='Section Load'!C31/G28 -> #DIV/0!
A29: 28 | B29: =C29/202% -> 0 | E29: =(C29+D29)/202% -> 0 | G29: =C29+D29 -> 0 | H29: =C29/202% -> 0 | J29: ='Section Load'!C32/G29 -> #DIV/0!
A30: 29 | B30: =C30/202% -> 0 | E30: =(C30+D30)/202% -> 0 | G30: =C30+D30 -> 0 | H30: =C30/202% -> 0 | J30: ='Section Load'!C33/G30 -> #DIV/0!
A31: 30 | B31: =C31/202% -> 0 | E31: =(C31+D31)/202% -> 0 | G31: =C31+D31 -> 0 | H31: =C31/202% -> 0 | J31: ='Section Load'!C34/G31 -> #DIV/0!
A32: 31 | B32: =C32/202% -> 0 | E32: =(C32+D32)/202% -> 0 | H32: =C32/202% -> 0 | J32: ='Section Load'!C35/G32 -> #DIV/0!
A33: Average | B33: =AVERAGE(B2:B31) -> #REF! | C33: 154 | D33: =AVERAGE(D2:D31) -> 3.6923077 | E33: =AVERAGE(E2:E31) -> #REF! | F33: =AVERAGE(F2:F31) -> 498.46154 | G33: =AVERAGE(G2:G31) -> #REF! | H33: =AVERAGE(H2:H31) -> #REF!

Sheet Water Report
C3: Date | D3: 1 | E3: 2 | F3: 3 | G3: 4 | H3: 5 | I3: 6 | J3: 7 | K3: 8 | L3: 9 | M3: 10 | N3: 11 | O3: 12 | P3: 13 | Q3: 14 | R3: 15 | S3: 16 | T3: 17 | U3: 18 | V3: 19 | W3: 20 | X3: 21 | Y3: 22 | Z3: 23 | AA3: 24 | AB3: 25 | AC3: 26 | AD3: 27 | AE3: 28 | AF3: 29 | AG3: 30 | AH3: 31
C4: occupancy | D4: =Occupancy!B2 -> 57.920792 | E4: =Occupancy!B3 -> 63.366337 | F4: =Occupancy!C3 -> 128 | G4: =Occupancy!D3 -> 2 | H4: =Occupancy!E3 -> 64.356436 | I4: =Occupancy!F3 -> 406 | J4: =Occupancy!G3 -> 130 | K4: =Occupancy!H3 -> 63.366337 | L4: =Occupancy!I3 -> 0 | ... AH4: =Occupancy!AE3 -> 0
C5: Tanker | D5: ='1'!G18 -> 250 | E5: ='2'!G18 -> 180 | F5: ='3'!G18 -> 290 | G5: ='4'!G18 -> 240 | H5: ='5'!G18 -> 200 | I5: ='6'!G18 -> 240 | J5: ='7'!G18 -> 240 | K5: ='8'!G18 -> 240 | L5: ='9'!G18 -> 280 | M5: ='10'!G18 -> 180 | N5: ='11'!G18 -> 290 | O5: ='12'!G18 -> 260 | P5: ='13'!G18 -> 260 | Q5: ='14'!G18 -> 220 | R5: ='15'!G18 -> 270 | S5: ='16'!G18 -> 320 | T5: ='17'!G18 -> 250 | U5: ='18 '!G18 -> 230 | V5: ='19'!G18 -> 260 | W5: ='20'!G18 -> 290 | X5: ='21'!G18 -> 260 | Y5: ='22'!G18 -> 340 | Z5: ='23'!G18 -> 340 | AA5: ='24'!G18 -> 150 | AB5: ='25'!G18 -> 120 | AC5: ='26'!G18 -> 260 | AD5: ='27'!G18 -> 220 | AE5: ='28'!G18 -> 200 | AF5: ='29'!G18 -> 270 | AG5: ='30'!G18 -> 270 | AH5: ='31'!G18 -> 130
C6: BMC | D6: ='1'!G19 -> 54 | E6: ='2'!G19 -> 58 | F6: ='3'!G19 -> 54 | G6: ='4'!G19 -> 51 | H6: ='5'!G19 -> 51 | I6: ='6'!G19 -> 50 | J6: ='7'!G19 -> 55 | K6: ='8'!G19 -> 57 | L6: ='9'!G19 -> 52 | M6: ='10'!G19 -> 50 | N6: ='11'!G19 -> 45 | O6: ='12'!G19 -> 47 | P6: ='13'!G19 -> 49 | Q6: ='14'!G19 -> 47 | R6: ='15'!G19 -> 52 | S6: ='16'!G19 -> 50 | T6: ='17'!G19 -> 52 | U6: ='18 '!G19 -> 43 | V6: ='19'!G19 -> 43 | W6: ='20'!G19 -> 51 | X6: ='21'!G19 -> 51 | Y6: ='22'!G19 -> 49 | Z6: ='23'!G19 -> 49 | AA6: ='24'!G19 -> 52 | AB6: ='25'!G19 -> 53 | AC6: ='26'!G19 -> 54 | AD6: ='27'!G19 -> 52 | AE6: ='28'!G19 -> 49 | AF6: ='29'!G19 -> 50 | AG6: ='30'!G19 -> 50 | AH6: ='31'!G19 -> -1550
C7: R.O. Plant Production | D7: ='1'!G62 -> 98 | E7: ='2'!G62 -> 94 | F7: ='3'!G62 -> 86 | G7: ='4'!G62 -> 75 | H7: ='5'!G62 -> 80 | I7: ='6'!G62 -> 76 | J7: ='7'!G62 -> 96 | K7: ='8'!G62 -> 102 | L7: ='9'!G62 -> 106 | M7: ='10'!G62 -> 75 | N7: ='11'!G62 -> 107 | O7: ='12'!G62 -> 107 | P7: ='13'!G62 -> 100 | Q7: ='14'!G62 -> 110 | R7: ='15'!G62 -> 124 | S7: ='16'!G62 -> 125 | T7: ='17'!G62 -> 117 | U7: ='18 '!G62 -> 104 | V7: ='19'!G62 -> 105 | W7: ='20'!G62 -> 100 | X7: ='21'!G62 -> 110 | Y7: ='22'!G62 -> 118 | Z7: ='23'!G62 -> 109 | AA7: ='24'!G62 -> 55 | AB7: ='25'!G62 -> 55 | AC7: ='26'!G62 -> 94 | AD7: ='27'!G62 -> 73 | AE7: ='28'!G62 -> 106 | AF7: ='29'!G62 -> 85 | AG7: ='30'!G62 -> 103 | AH7: ='31'!G62 -> -2592
C8: STP Production | D8: ='1'!G63 -> 0 | E8: ='2'!G63 -> 0 | F8: ='3'!G63 -> 0 | G8: ='4'!G63 -> 0 | H8: ='5'!G63 -> 0 | I8: ='6'!G63 -> 0 | J8: ='7'!G63 -> 0 | K8: ='8'!G63 -> 0 | L8: ='9'!G63 -> 0 | M8: ='10'!G63 -> 0 | N8: ='11'!G63 -> 0 | O8: ='12'!G63 -> 0 | P8: ='13'!G63 -> 0 | Q8: ='14'!G63 -> 0 | R8: ='15'!G63 -> 0 | S8: ='16'!G63 -> 0 | T8: ='17'!G63 -> 0 | U8: ='18 '!G63 -> 0 | V8: ='19'!G63 -> 0 | W8: ='20'!G63 -> 0 | X8: ='21'!G63 -> 0 | Y8: ='22'!G63 -> 0 | Z8: ='23'!G63 -> 0 | AA8: ='24'!G63 -> 0 | AB8: ='25'!G63 -> 0 | AC8: ='26'!G63 -> 0 | AD8: ='27'!G63 -> 0 | AE8: ='28'!G63 -> 0 | AF8: ='29'!G63 -> 0 | AG8: ='30'!G63 -> 0 | AH8: ='31'!G63 -> -2547
B9: Domestic Water | C9: Zone-1 | D9: ='1'!G65 -> 103 | E9: ='2'!G65 -> 103 | F9: ='3'!G65 -> 108 | G9: ='4'!G65 -> 89 | H9: ='5'!G65 -> 101 | I9: ='6'!G65 -> 89 | J9: ='7'!G65 -> 103 | K9: ='8'!G65 -> 108 | L9: ='9'!G65 -> 105 | M9: ='10'!G65 -> 98 | N9: ='11'!G65 -> 95 | O9: ='12'!G65 -> 123 | P9: ='13'!G65 -> 113 | Q9: ='14'!G65 -> 118 | R9: ='15'!G65 -> 133 | S9: ='16'!G65 -> 123 | T9: ='17'!G65 -> 108 | U9: ='18 '!G65 -> 101 | V9: ='19'!G65 -> 112 | W9: ='20'!G65 -> 115 | X9: ='21'!G65 -> 125 | Y9: ='22'!G65 -> 139 | Z9: ='23'!G65 -> 116 | AA9: ='24'!G65 -> 88 | AB9: ='25'!G65 -> 89 | AC9: ='26'!G65 -> 113 | AD9: ='27'!G65 -> 89 | AE9: ='28'!G65 -> 118 | AF9: ='29'!G65 -> 99 | AG9: ='30'!G65 -> 111 | AH9: ='31'!G65 -> -2998
C10: Zone-2 | D10: ='1'!G66 -> 9 | E10: ='2'!G66 -> 12 | F10: ='3'!G66 -> 4 | G10: ='4'!G66 -> 8 | H10: ='5'!G66 -> 6 | I10: ='6'!G66 -> 11 | J10: ='7'!G66 -> 17 | K10: ='8'!G66 -> 26 | L10: ='9'!G66 -> 12 | M10: ='10'!G66 -> 11 | N10: ='11'!G66 -> 11 | O10: ='12'!G66 -> 9 | P10: ='13'!G66 -> 9 | Q10: ='14'!G66 -> 18 | R10: ='15'!G66 -> 7 | S10: ='16'!G66 -> 11 | T10: ='17'!G66 -> 10 | U10: ='18 '!G66 -> 9 | V10: ='19'!G66 -> 7 | W10: ='20'!G66 -> 8 | X10: ='21'!G66 -> 7 | Y10: ='22'!G66 -> 7 | Z10: ='23'!G66 -> 5 | AA10: ='24'!G66 -> 5 | AB10: ='25'!G66 -> 5 | AC10: ='26'!G66 -> 8 | AD10: ='27'!G66 -> 7 | AE10: ='28'!G66 -> 7 | AF10: ='29'!G66 -> 16 | AG10: ='30'!G66 -> 22 | AH10: ='31'!G66 -> -308
C11: Zone-3 | D11: ='1'!G67 -> 40 | E11: ='2'!G67 -> 27 | F11: ='3'!G67 -> 15 | G11: ='4'!G67 -> 17 | H11: ='5'!G67 -> 18 | I11: ='6'!G67 -> 18 | J11: ='7'!G67 -> 20 | K11: ='8'!G67 -> 29 | L11: ='9'!G67 -> 17 | M11: ='10'!G67 -> 23 | N11: ='11'!G67 -> 22 | O11: ='12'!G67 -> 14 | P11: ='13'!G67 -> 19 | Q11: ='14'!G67 -> 16 | R11: ='15'!G67 -> 22 | S11: ='16'!G67 -> 32 | T11: ='17'!G67 -> 20 | U11: ='18 '!G67 -> 20 | V11: ='19'!G67 -> 14 | W11: ='20'!G67 -> 18 | X11: ='21'!G67 -> 20 | Y11: ='22'!G67 -> 25 | Z11: ='23'!G67 -> 24 | AA11: ='24'!G67 -> 8 | AB11: ='25'!G67 -> 11 | AC11: ='26'!G67 -> 16 | AD11: ='27'!G67 -> 19 | AE11: ='28'!G67 -> 15 | AF11: ='29'!G67 -> 15 | AG11: ='30'!G67 -> 0 | AH11: ='31'!G67 -> -510
B13: Flushing Water | C13: Zone-1 | D13: ='1'!G68 -> 26 | E13: ='2'!G68 -> 15 | F13: ='3'!G68 -> 24 | G13: ='4'!G68 -> 38 | H13: ='5'!G68 -> 44 | I13: ='6'!G68 -> 37 | J13: ='7'!G68 -> 16 | K13: ='8'!G68 -> 25 | L13: ='9'!G68 -> 32 | M13: ='10'!G68 -> 49 | N13: ='11'!G68 -> 25 | O13: ='12'!G68 -> 43 | P13: ='13'!G68 -> 30 | Q13: ='14'!G68 -> 38 | R13: ='15'!G68 -> 41 | S13: ='16'!G68 -> 25 | T13: ='17'!G68 -> 34 | U13: ='18 '!G68 -> 42 | V13: ='19'!G68 -> 37 | W13: ='20'!G68 -> 25 | X13: ='21'!G68 -> 28 | Y13: ='22'!G68 -> 34 | Z13: ='23'!G68 -> 42 | AA13: ='24'!G68 -> 16 | AB13: ='25'!G68 -> 16 | AC13: ='26'!G68 -> 14 | AD13: ='27'!G68 -> 26 | AE13: ='28'!G68 -> 28 | AF13: ='29'!G68 -> 34 | AG13: ='30'!G68 -> 38 | AH13: ='31'!G68 -> -1025
C14: Zone-2 | D14: ='1'!G69 -> 5 | E14: ='2'!G69 -> 4 | F14: ='3'!G69 -> 1 | G14: ='4'!G69 -> 3 | H14: ='5'!G69 -> 2 | I14: ='6'!G69 -> 4 | J14: ='7'!G69 -> 1 | K14: ='8'!G69 -> 4 | L14: ='9'!G69 -> 6 | M14: ='10'!G69 -> 3 | N14: ='11'!G69 -> 4 | O14: ='12'!G69 -> 6 | P14: ='13'!G69 -> 2 | Q14: ='14'!G69 -> 2 | R14: ='15'!G69 -> 5 | S14: ='16'!G69 -> 7 | T14: ='17'!G69 -> 7 | U14: ='18 '!G69 -> 8 | V14: ='19'!G69 -> 10 | W14: ='20'!G69 -> 7 | X14: ='21'!G69 -> 2 | Y14: ='22'!G69 -> 2 | Z14: ='23'!G69 -> 3 | AA14: ='24'!G69 -> 2 | AB14: ='25'!G69 -> 2 | AC14: ='26'!G69 -> 3 | AD14: ='27'!G69 -> 4 | AE14: ='28'!G69 -> 2 | AF14: ='29'!G69 -> 2 | AG14: ='30'!G69 -> 3 | AH14: ='31'!G69 -> -126
C15: Zone-3 | D15: ='1'!G70 -> 14 | E15: ='2'!G70 -> 8 | F15: ='3'!G70 -> 13 | G15: ='4'!G70 -> 8 | H15: ='5'!G70 -> 8 | I15: ='6'!G70 -> 7 | J15: ='7'!G70 -> 8 | K15: ='8'!G70 -> 9 | L15: ='9'!G70 -> 6 | M15: ='10'!G70 -> 7 | N15: ='11'!G70 -> 13 | O15: ='12'!G70 -> 7 | P15: ='13'!G70 -> 12 | Q15: ='14'!G70 -> 6 | R15: ='15'!G70 -> 23 | S15: ='16'!G70 -> 12 | T15: ='17'!G70 -> 11 | U15: ='18 '!G70 -> 7 | V15: ='19'!G70 -> 7 | W15: ='20'!G70 -> 13 | X15: ='21'!G70 -> 10 | Y15: ='22'!G70 -> 5 | Z15: ='23'!G70 -> 3 | AA15: ='24'!G70 -> 2 | AB15: ='25'!G70 -> 5 | AC15: ='26'!G70 -> 7 | AD15: ='27'!G70 -> 12 | AE15: ='28'!G70 -> 7 | AF15: ='29'!G70 -> 9 | AG15: ='30'!G70 -> 0 | AH15: ='31'!G70 -> -237
B17: Branches ( Domestic water ) | C17: Pool | D17: ='1'!G173 -> 1 | E17: ='2'!G173 -> 4 | F17: ='3'!G173 -> 0 | G17: ='4'!G173 -> 3 | H17: ='5'!G173 -> 1 | I17: ='6'!G173 -> 1 | J17: ='7'!G173 -> 0 | K17: ='8'!G173 -> 0 | L17: ='9'!G173 -> 0 | M17: ='10'!G173 -> 2 | N17: ='11'!G173 -> 2 | O17: ='12'!G173 -> 9 | P17: ='13'!G173 -> 0 | Q17: ='14'!G173 -> 0 | R17: ='15'!G173 -> 0 | S17: ='16'!G173 -> 2 | T17: ='17'!G173 -> 2 | U17: ='18 '!G173 -> 1 | V17: ='19'!G173 -> 0 | W17: ='20'!G173 -> 1 | X17: ='21'!G173 -> 0 | Y17: ='22'!G173 -> 10 | Z17: ='23'!G173 -> 0 | AA17: ='24'!G173 -> 0 | AB17: ='25'!G173 -> 0 | AC17: ='26'!G173 -> 3 | AD17: ='27'!G173 -> 2 | AE17: ='28'!G173 -> 1 | AF17: ='29'!G173 -> 3 | AG17: ='30'!G173 -> 1 | AH17: ='31'!G173 -> 3
C18: B2 Laundry | D18: ='1'!G174 -> 13 | E18: ='2'!G174 -> 12 | F18: ='3'!G174 -> 12 | G18: ='4'!G174 -> 12 | H18: ='5'!G174 -> 9 | I18: ='6'!G174 -> 14 | J18: ='7'!G174 -> 12 | K18: ='8'!G174 -> 16 | L18: ='9'!G174 -> 15 | M18: ='10'!G174 -> 12 | N18: ='11'!G174 -> 15 | O18: ='12'!G174 -> 15 | P18: ='13'!G174 -> 15 | Q18: ='14'!G174 -> 12 | R18: ='15'!G174 -> 16 | S18: ='16'!G174 -> 15 | T18: ='17'!G174 -> 12 | U18: ='18 '!G174 -> 14 | V18: ='19'!G174 -> 12 | W18: ='20'!G174 -> 13 | X18: ='21'!G174 -> 14 | Y18: ='22'!G174 -> 8 | Z18: ='23'!G174 -> 11 | AA18: ='24'!G174 -> 8 | AB18: ='25'!G174 -> 7 | AC18: ='26'!G174 -> 13 | AD18: ='27'!G174 -> 11 | AE18: ='28'!G174 -> 16 | AF18: ='29'!G174 -> 10 | AG18: ='30'!G174 -> 14 | AH18: ='31'!G174 -> -356
C19: Boiler Feed Water | D19: ='1'!G175 -> 11 | E19: ='2'!G175 -> 13 | F19: ='3'!G175 -> 12 | G19: ='4'!G175 -> 10 | H19: ='5'!G175 -> 9 | I19: ='6'!G175 -> 12 | J19: ='7'!G175 -> 9 | K19: ='8'!G175 -> 10 | L19: ='9'!G175 -> 13 | M19: ='10'!G175 -> 9 | N19: ='11'!G175 -> 10 | O19: ='12'!G175 -> 10 | P19: ='13'!G175 -> 10 | Q19: ='14'!G175 -> 12 | R19: ='15'!G175 -> 12 | S19: ='16'!G175 -> 11 | T19: ='17'!G175 -> 14 | U19: ='18 '!G175 -> 12 | V19: ='19'!G175 -> 15 | W19: ='20'!G175 -> 16 | X19: ='21'!G175 -> 12 | Y19: ='22'!G175 -> 9 | Z19: ='23'!G175 -> 12 | AA19: ='24'!G175 -> 8 | AB19: ='25'!G175 -> 7 | AC19: ='26'!G175 -> 12 | AD19: ='27'!G175 -> 13 | AE19: ='28'!G175 -> 10 | AF19: ='29'!G175 -> 11 | AG19: ='30'!G175 -> 14 | AH19: ='31'!G175 -> -330
B21: Branches ( STP Water ) | C21: CT water | D21: ='1'!G178 -> 0 | E21: ='2'!G178 -> 0 | F21: ='3'!G178 -> 0 | G21: ='4'!G178 -> 0 | H21: ='5'!G178 -> 0 | I21: ='6'!G178 -> 0 | J21: ='7'!G178 -> 0 | K21: ='8'!G178 -> 0 | L21: ='9'!G178 -> 0 | M21: ='10'!G178 -> 0 | N21: ='11'!G178 -> 3 | O21: ='12'!G178 -> 0 | P21: ='13'!G178 -> 0 | Q21: ='14'!G178 -> 0 | R21: ='15'!G178 -> 0 | S21: ='16'!G178 -> 0 | T21: ='17'!G178 -> 0 | U21: ='18 '!G178 -> 0 | V21: ='19'!G178 -> 0 | W21: ='20'!G178 -> 0 | X21: ='21'!G178 -> 0 | Y21: ='22'!G178 -> 0 | Z21: ='23'!G178 -> 0 | AA21: ='24'!G178 -> 0 | AB21: ='25'!G178 -> 0 | AC21: ='26'!G178 -> 0 | AD21: ='27'!G178 -> 0 | AE21: ='28'!G178 -> 0 | AF21: ='29'!G178 -> 0 | AG21: ='30'!G178 -> 0 | AH21: ='31'!G178 -> -2030
C22: STP flush | D22: ='1'!G179 -> 0 | E22: ='2'!G179 -> 0 | F22: ='3'!G179 -> 0 | G22: ='4'!G179 -> 0 | H22: ='5'!G179 -> 0 | I22: ='6'!G179 -> 0 | J22: ='7'!G179 -> 0 | K22: ='8'!G179 -> 0 | L22: ='9'!G179 -> 0 | M22: ='10'!G179 -> 0 | N22: ='11'!G179 -> 0 | O22: ='12'!G179 -> 0 | P22: ='13'!G179 -> 0 | Q22: ='14'!G179 -> 0 | R22: ='15'!G179 -> 0 | S22: ='16'!G179 -> 0 | T22: ='17'!G179 -> 0 | U22: ='18 '!G179 -> 0 | V22: ='19'!G179 -> 0 | W22: ='20'!G179 -> 0 | X22: ='21'!G179 -> 0 | Y22: ='22'!G179 -> 0 | Z22: ='23'!G179 -> 0 | AA22: ='24'!G179 -> 0 | AB22: ='25'!G179 -> 0 | AC22: ='26'!G179 -> 0 | AD22: ='27'!G179 -> 0 | AE22: ='28'!G179 -> 0 | AF22: ='29'!G179 -> 0 | AG22: ='30'!G179 -> 0 | AH22: ='31'!G179 -> -206
C23: Garden | D23: ='1'!G180 -> 0 | E23: ='2'!G180 -> 0 | F23: ='3'!G180 -> 0 | G23: ='4'!G180 -> 0 | H23: ='5'!G180 -> 0 | I23: ='6'!G180 -> 0 | J23: ='7'!G180 -> 0 | K23: ='8'!G180 -> 0 | L23: ='9'!G180 -> 0 | M23: ='10'!G180 -> 0 | N23: ='11'!G180 -> 0 | O23: ='12'!G180 -> 0 | P23: ='13'!G180 -> 0 | Q23: ='14'!G180 -> 0 | R23: ='15'!G180 -> 0 | S23: ='16'!G180 -> 0 | T23: ='17'!G180 -> 0 | U23: ='18 '!G180 -> 0 | V23: ='19'!G180 -> 0 | W23: ='20'!G180 -> 0 | X23: ='21'!G180 -> 0 | Y23: ='22'!G180 -> 0 | Z23: ='23'!G180 -> 0 | AA23: ='24'!G180 -> 0 | AB23: ='25'!G180 -> 5 | AC23: ='26'!G180 -> 2 | AD23: ='27'!G180 -> 1 | AE23: ='28'!G180 -> 0 | AF23: ='29'!G180 -> 0 | AG23: ='30'!G180 -> 0 | AH23: ='31'!G180 -> -40
B24: Total Tanke(RO) + BMC | D24: =SUM(D5:D6) -> 304 | E24: =SUM(E5:E6) -> 238 | F24: =SUM(F5:F6) -> 344 | G24: =SUM(G5:G6) -> 291 | H24: =SUM(H5:H6) -> 251 | I24: =SUM(I5:I6) -> 290 | J24: =SUM(J5:J6) -> 295 | K24: =SUM(K5:K6) -> 297 | ... AH24: =SUM(AH5:AH6) -> -1420
B25: Domestic consumption | D25: =SUM(D9:D11,D14:D15,) -> 171 | E25: =SUM(E9:E11,E14:E15,) -> 154 | F25: =SUM(F9:F11,F14:F15,) -> 141 | G25: =SUM(G9:G11,G14:G15,) -> 125 | H25: =SUM(H9:H11,H14:H15,) -> 135 | I25: =SUM(I9:I11,I14:I15,) -> 129 | J25: =SUM(J9:J11,J14:J15,) -> 149 | K25: =SUM(K9:K11,K14:K15,) -> 176 | ... AI25: =SUM(AI9:AI11,AI14:AI15,) -> 0
B27: STP +Flush Consumption | D27: =SUM(D13,D21,D23) -> 26 | E27: =SUM(E13,E21,E23) -> 15 | F27: =SUM(F13,F21,F23) -> 24 | G27: =SUM(G13,G21,G23) -> 38 | H27: =SUM(H13,H21,H23) -> 44 | I27: =SUM(I13,I21,I23) -> 37 | J27: =SUM(J13,J21,J23) -> 16 | K27: =SUM(K13,K21,K23) -> 25 | ... AH27: =SUM(AH13,AH21,AH23) -> -3095 | AI27: =SUM(AI13) -> 0
B29: BOH | D29: =D9 -> 103 | E29: =E9 -> 103 | F29: =F9 -> 108 | G29: =G9 -> 89 | H29: =H9 -> 101 | I29: =I9 -> 89 | J29: =J9 -> 103 | K29: =K9 -> 108 | ... AH29: =AH9 -> -2998
B30: Guest Floor | D30: =SUM(D10:D11,D14:D15) -> 68 | E30: =SUM(E10:E11,E14:E15) -> 51 | F30: =SUM(F10:F11,F14:F15) -> 33 | G30: =SUM(G10:G11,G14:G15) -> 36 | H30: =SUM(H10:H11,H14:H15) -> 34 | I30: =SUM(I10:I11,I14:I15) -> 40 | J30: =SUM(J10:J11,J14:J15) -> 46 | K30: =SUM(K10:K11,K14:K15) -> 68 | ... AH30: =SUM(AH10:AH11,AH14:AH15) -> -1181
B31: Guest floor% | D31: =D30/SUM(D29:D30)% -> 39.766082 | E31: =E30/SUM(E29:E30)% -> 33.116883 | F31: =F30/SUM(F29:F30)% -> 23.404255 | G31: =G30/SUM(G29:G30)% -> 28.8 | H31: =H30/SUM(H29:H30)% -> 25.185185 | I31: =I30/SUM(I29:I30)% -> 31.007752 | J31: =J30/SUM(J29:J30)% -> 30.872483 | K31: =K30/SUM(K29:K30)% -> 38.636364 | ... AH31: =AH30/SUM(AH29:AH30)% -> 28.260349

Sheet Section Load
F2: Transformer -Load | N2: Electrical | AV2: Boiler Running | BB2: diff wrt feeder | BC2: Var%
AN3: Gas consumption | AU3: Boiler Running Hours
A4: Date | B4: HT Kwh | C4: HT Kvah | D4: MGL Gas | E4: Water | F4: HVAC | G4: Fire & Emergency PP | H4: Main PP | I4: Lighting PP | J4: CH-1+ CH2+CH3+CH4 | K4: Chilled water Pump | L4: Ball Room-1 | M4: Ball Room-2 | N4: MK-1 | O4: MK-2 | P4: Prato | Q4: San- Qi Indian | R4: San- Qi Japanese | S4: The club | T4: AER | U4: COLD ROOM'S | V4: Ball Room 1 | W4: Ball Room 2 | X4: B1 Laundry | Y4: B2 Laundry | Z4: STP | AA4: MOCK Up Room | AB4: 27th Floor | AC4: Physic57 | AD4: Pinoor Legal- Power+lighting | AE4: 2nd floor plant room | AF4: 5th Floor SPA | AG4: 5th Floor | AH4: 12th Floor | AI4: 20th Floor | AJ4: 27th Floor | AK4: 34th Floor | AL4: Sanqi | AM4: Cooling Tower | AN4: MGL | AO4: HWG | AP4: Prato | AQ4: BR-1 | AR4: SanQi IND | AS4: SanQi JPN | AT4: Boiler | AU4: HWG | AV4: Boiler1 | AW4: Boiler2 | AX4: Boiler3 (400Kg) | AY4: Total
A5: 1 | B5: ='1'!G7 -> 25316 | C5: ='1'!G8 -> 25669 | D5: ='1'!G15 -> 967 | E5: ='1'!G20 -> 304 | F5: =SUM('1'!G35,'1'!G49) -> 3617 | G5: =SUM('1'!H37,'1'!H51) -> 1067 | H5: =SUM('1'!G38,'1'!G52) -> 2230.76 | I5: =SUM('1'!G39,'1'!G53) -> 4405 | J5: =SUM('1'!G41,'1'!G42,'1'!G55,'1'!G56) -> 7106 | K5: =SUM('1'!G43,'1'!G57) -> 2965 | L5: ='1'!G50 -> 1611 | M5: ='1'!G36 -> 694 | N5: ='1'!G138 -> 133 | O5: ='1'!G139 -> 142 | P5: ='1'!G140 -> 11 | Q5: ='1'!G141 -> 237 | R5: ='1'!G142 -> 93 | S5: ='1'!$G$145 -> 221 | T5: ='1'!$G$146 -> 0 | U5: ='1'!$G$144 -> 209 | V5: ='1'!$G$147 -> 383 | W5: ='1'!$G$148 -> 255 | X5: ='1'!$G$143 -> 20 | Y5: ='1'!$G$58 -> 256 | Z5: ='1'!$G$151 -> 27 | AA5: ='1'!G161 -> 309 | AB5: ='1'!G162 -> 46 | AD5: ='1'!G163+'1'!G164 -> 124 | AE5: ='1'!$G$116 -> 535 | AF5: ='1'!$G$117 -> 311 | AG5: ='1'!$G$118 -> 612 | AH5: ='1'!$G$119 -> 11 | AI5: ='1'!$G$120 -> 436 | AJ5: ='1'!$G$121 -> 484 | AK5: ='1'!$G$122 -> 372 | AL5: ='1'!$G$123 -> 314 | AM5: ='1'!$G$133 -> 847 | AN5: ='1'!$G$15 -> 967 | AO5: ='1'!$G$74 -> 279 | AP5: ='1'!$G$75 -> 0 | AQ5: ='1'!$G$76 -> 118 | AR5: ='1'!$G$77 -> 28 | AS5: ='1'!$G$78 -> 0 | AT5: =AN5-SUM(AO5:AS5) -> 542 | AU5: =SUM('1'!G91:G92) -> 10.57 | AV5: ='1'!$G$88 -> 10.49 | AW5: ='1'!$G$89 -> 0 | AX5: ='1'!$G$90 -> 10.82 | AY5: =SUM(AV5:AX5) -> 21.31 | AZ5: =AO5/AU5 -> 26.395459 | BA5: =AT5/AY5 -> 25.434069 | BB5: =C5-SUM(F5:K5,Y5) -> 4022.24 | BC5: =BB5/B5% -> 15.888134
A6: 2 | B6: ='2'!G7 -> 25316 | C6: ='2'!G8 -> 25669 | D6: ='2'!G15 -> 1045 | E6: ='2'!G20 -> 238 | F6: =SUM('2'!G35,'2'!G49) -> 3529.1 | G6: =SUM('2'!G37,'2'!G51) -> 959.04 | H6: =SUM('2'!G38,'2'!G52) -> 2199.71 | I6: =SUM('2'!G39,'2'!G53) -> 4057 | J6: =SUM('2'!G41,'2'!G42,'2'!G55,'2'!G56) -> 6160.8 | K6: =SUM('2'!G43,'2'!G57) -> 2991.7 | L6: ='2'!G50 -> 1483.4 | M6: ='2'!G36 -> 964.21 | N6: ='2'!G138 -> 130 | O6: ='2'!$G$139 -> 122 | P6: ='2'!$G$140 -> 10.2 | Q6: ='2'!$G$141 -> 212.9 | R6: ='2'!$G$142 -> 97.6 | S6: ='2'!$G$145 -> 213.9 | T6: ='2'!$G$146 -> 113 | U6: ='2'!$G$144 -> 281 | V6: ='2'!$G$147 -> 401.48 | W6: ='2'!$G$148 -> 344.04 | X6: ='2'!$G$143 -> 20.83 | Y6: ='2'!$G$58 -> 248.03 | Z6: ='2'!$G$151 -> 83 | AA6: ='2'!G161 -> 313.44 | AB6: ='2'!G162 -> 23.5 | AD6: ='2'!G163+'2'!G164 -> 72.7 | AE6: ='2'!$G$116 -> 412 | AF6: ='2'!$G$117 -> 334 | AG6: ='2'!$G$118 -> 518.5 | AH6: ='2'!$G$119 -> 11 | AI6: ='2'!$G$120 -> 421.2 | AJ6: ='2'!$G$121 -> 446.2 | AK6: ='2'!$G$122 -> 349.1 | AL6: ='2'!$G$123 -> 320 | AM6: ='2'!$G$133 -> 839.5 | AN6: ='2'!$G$15 -> 1045 | AO6: ='2'!$G$74 -> 283.21 | AP6: ='2'!$G$75 -> 0.8 | AQ6: ='2'!$G$76 -> 110 | AR6: ='2'!$G$77 -> 46 | AS6: ='2'!$G$78 -> -0.4 | AT6: =AN6-SUM(AO6:AS6) -> 605.39 | AU6: =SUM('2'!G91:G92) -> 11.14 | AV6: ='2'!$G$88 -> 5.55 | AW6: ='2'!$G$89 -> 4.3 | AX6: ='2'!$G$90 -> 10.69 | AY6: =SUM(AV6:AX6) -> 20.54 | AZ6: =AO6/AU6 -> 25.422801 | BA6: =AT6/AY6 -> 29.47371 | BB6: =C6-SUM(F6:K6,Y6) -> 5523.62 | BC6: =BB6/B6% -> 21.818692
A7: 3 | B7: ='3'!G7 -> 23302 | C7: ='3'!G8 -> 23596 | D7: ='3'!G15 -> 981 | E7: ='3'!G20 -> 344 | F7: =SUM('3'!G35,'3'!G49) -> 3700.57 | G7: =SUM('3'!G37,'3'!G51) -> 1017.46 | H7: =SUM('3'!G38,'3'!G52) -> 2275.44 | I7: =SUM('3'!G39,'3'!G53) -> 4163.9 | J7: =SUM('3'!G41,'3'!G42,'3'!G55,'3'!G56) -> 6605.88 | K7: =SUM('3'!G43,'3'!G57) -> 3078.01 | L7: ='3'!G50 -> 1436.43 | M7: ='3'!G36 -> 664.79 | N7: ='3'!G138 -> 170.31 | O7: ='3'!$G$139 -> 180.31 | P7: ='3'!$G$140 -> 11.4 | Q7: ='3'!$G$141 -> 229.9 | R7: ='3'!$G$142 -> 90.2 | S7: ='3'!$G$145 -> 247.1 | T7: ='3'!$G$146 -> 53 | U7: ='3'!$G$144 -> 213 | V7: ='3'!$G$147 -> 416.16 | W7: ='3'!$G$148 -> 257.44 | X7: ='3'!$G$143 -> 30.87 | Y7: ='3'!$G$58 -> 250.76 | Z7: ='3'!$G$151 -> 61 | AA7: ='3'!G161 -> 291.36 | AB7: ='3'!G162 -> 39.7 | AD7: ='3'!G163+'3'!G164 -> 134.4 | AE7: ='3'!$G$116 -> 290.3 | AF7: ='3'!$G$117 -> 362.9 | AG7: ='3'!$G$118 -> 612.4 | AH7: ='3'!$G$119 -> 11.7 | AI7: ='3'!$G$120 -> 414.3 | AJ7: ='3'!$G$121 -> 460.8 | AK7: ='3'!$G$122 -> 371.2 | AL7: ='3'!$G$123 -> 313 | AM7: ='3'!$G$133 -> 826.27 | AN7: ='3'!$G$15 -> 981 | AO7: ='3'!$G$74 -> 288.49 | AP7: ='3'!$G$75 -> 0.2 | AQ7: ='3'!$G$76 -> 103 | AR7: ='3'!$G$77 -> 36 | AS7: ='3'!$G$78 -> 0 | AT7: =AN7-SUM(AO7:AS7) -> 553.31 | AU7: =SUM('3'!G91:G92) -> 11.09 | AV7: ='3'!$G$88 -> 0.56 | AW7: ='3'!$G$89 -> 9.44 | AX7: ='3'!$G$90 -> 11.35 | AY7: =SUM(AV7:AX7) -> 21.35 | AZ7: =AO7/AU7 -> 26.013526 | BA7: =AT7/AY7 -> 25.916159 | BB7: =C7-SUM(F7:K7,Y7) -> 2503.98 | BC7: =BB7/B7% -> 10.745773
A8: 4 | B8: ='4'!G7 -> 25274 | C8: ='4'!G8 -> 25639 | D8: ='4'!G15 -> 977 | E8: ='4'!G20 -> 291 | F8: =SUM('4'!G35,'4'!G49) -> 3962.99 | G8: =SUM('4'!G37,'4'!G51) -> 1024.92 | H8: =SUM('4'!G38,'4'!G52) -> 2197.64 | I8: =SUM('4'!G39,'4'!G53) -> 4052.85 | J8: =SUM('4'!G41,'4'!G42,'4'!G55,'4'!G56) -> 7399.45 | K8: =SUM('4'!G43,'4'!G57) -> 3033.32 | L8: ='4'!G50 -> 1415 | M8: ='4'!G36 -> 691.59 | N8: ='4'!G138 -> 134.69 | O8: ='4'!$G$139 -> 167.69 | P8: ='4'!$G$140 -> 11.5 | Q8: ='4'!$G$141 -> 208.7 | R8: ='4'!$G$142 -> 87.8 | S8: ='4'!$G$145 -> 232.7 | T8: ='4'!$G$146 -> 41 | U8: ='4'!$G$144 -> 226 | V8: ='4'!$G$147 -> 368.16 | W8: ='4'!$G$148 -> 225.6 | X8: ='4'!$G$143 -> 30.5 | Y8: ='4'!$G$58 -> 256.63 | Z8: ='4'!$G$151 -> 28 | AA8: ='4'!G161 -> 289.32 | AB8: ='4'!G162 -> 46.9 | AD8: ='4'!G163+'4'!G164 -> 156.6 | AE8: ='4'!$G$116 -> 252.6 | AF8: ='4'!$G$117 -> 338.1 | AG8: ='4'!$G$118 -> 646.5 | AH8: ='4'!$G$119 -> 11.4 | AI8: ='4'!$G$120 -> 389.3 | AJ8: ='4'!$G$121 -> 441.6 | AK8: ='4'!$G$122 -> 382.2 | AL8: ='4'!$G$123 -> 300.7 | AM8: ='4'!$G$133 -> 867.08 | AN8: ='4'!$G$15 -> 977 | AO8: ='4'!$G$74 -> 281.18 | AP8: ='4'!$G$75 -> -0.2 | AQ8: ='4'!$G$76 -> 84.8 | AR8: ='4'!$G$77 -> 46.8 | AS8: ='4'!$G$78 -> 0 | AT8: =AN8-SUM(AO8:AS8) -> 564.42 | AU8: =SUM('4'!G91:G92) -> 9 | AV8: ='4'!$G$88 -> 0 | AW8: ='4'!$G$89 -> 9.46 | AX8: ='4'!$G$90 -> 10.4 | AY8: =SUM(AV8:AX8) -> 19.86 | AZ8: =AO8/AU8 -> 31.242222 | BA8: =AT8/AY8 -> 28.41994 | BB8: =C8-SUM(F8:K8,Y8) -> 3711.2 | BC8: =BB8/B8% -> 14.683865
A9: 5 | B9: ='5'!G7 -> 24474 | C9: ='5'!G8 -> 24834 | D9: ='5'!G15 -> 953 | E9: ='5'!G20 -> 251 | F9: =SUM('5'!G35,'5'!G49) -> 3963.52 | G9: =SUM('5'!G37,'5'!G51) -> 1015.43 | H9: =SUM('5'!G38,'5'!G52) -> 2219.48 | I9: =SUM('5'!G39,'5'!G53) -> 4140.44 | J9: =SUM('5'!G41,'5'!G42,'5'!G55,'5'!G56) -> 6958.74 | K9: =SUM('5'!G43,'5'!G57) -> 2755.6 | L9: ='5'!G50 -> 1359.32 | M9: ='5'!G36 -> 638.52 | N9: ='5'!G138 -> 138 | O9: ='5'!$G$139 -> 137 | P9: ='5'!$G$140 -> 13 | Q9: ='5'!$G$141 -> 226.9 | R9: ='5'!$G$142 -> 96 | S9: ='5'!$G$145 -> 228.7 | T9: ='5'!$G$146 -> 37 | U9: ='5'!$G$144 -> 257 | V9: ='5'!$G$147 -> 374.24 | W9: ='5'!$G$148 -> 237.6 | X9: ='5'!$G$143 -> 26.3 | Y9: ='5'!$G$58 -> 213.98 | Z9: ='5'!$G$151 -> 26 | AA9: ='5'!G161 -> 270.52 | AB9: ='5'!G162 -> 27.3 | AD9: ='5'!G163+'5'!G164 -> 99.2 | AE9: ='5'!$G$116 -> 356.1 | AF9: ='5'!$G$117 -> 339 | AG9: ='5'!$G$118 -> 573.6 | AH9: ='5'!$G$119 -> 11.7 | AI9: ='5'!$G$120 -> 397.9 | AJ9: ='5'!$G$121 -> 452.4 | AK9: ='5'!$G$122 -> 395.5 | AL9: ='5'!$G$123 -> 305.7 | AM9: ='5'!$G$133 -> 866.88 | AN9: ='5'!$G$15 -> 953 | AO9: ='5'!$G$74 -> 308.72 | AP9: ='5'!$G$75 -> -0.8 | AQ9: ='5'!$G$76 -> 108.2 | AR9: ='5'!$G$77 -> 46.2 | AS9: ='5'!$G$78 -> 0 | AT9: =AN9-SUM(AO9:AS9) -> 490.68 | AU9: =SUM('5'!G91:G92) -> 13.8 | AV9: ='5'!$G$88 -> -0.06 | AW9: ='5'!$G$89 -> 6.8 | AX9: ='5'!$G$90 -> 10.7 | AY9: =SUM(AV9:AX9) -> 17.44 | AZ9: =AO9/AU9 -> 22.371014 | BA9: =AT9/AY9 -> 28.135321 | BB9: =C9-SUM(F9:K9,Y9) -> 3566.81 | BC9: =BB9/B9% -> 14.573874
A10: 6 | B10: ='6'!G7 -> 25107 | C10: ='6'!G8 -> 25510 | D10: ='6'!G15 -> 1040 | E10: ='6'!G20 -> 290 | F10: =SUM('6'!G35,'6'!G49) -> 3669.77 | G10: =SUM('6'!G37,'6'!G51) -> 997.15 | H10: =SUM('6'!G38,'6'!G52) -> 2197.73 | I10: =SUM('6'!G39,'6'!G53) -> 4226.62 | J10: =SUM('6'!G41,'6'!G42,'6'!G55,'6'!G56) -> 5349.13 | K10: =SUM('6'!G43,'6'!G57) -> 2958.37 | L10: ='6'!G50 -> 1554.85 | M10: ='6'!G36 -> 638.89 | N10: ='6'!G138 -> 174 | O10: ='6'!$G$139 -> 149 | P10: ='6'!$G$140 -> 11.9 | Q10: ='6'!$G$141 -> 222.6 | R10: ='6'!$G$142 -> 85.4 | S10: ='6'!$G$145 -> 237.6 | T10: ='6'!$G$146 -> 44 | U10: ='6'!$G$144 -> 251 | V10: ='6'!$G$147 -> 434.96 | W10: ='6'!$G$148 -> 264.32 | X10: ='6'!$G$143 -> 26.5 | Y10: ='6'!$G$58 -> 242.6 | Z10: ='6'!$G$151 -> 44 | AA10: ='6'!G161 -> 294.36 | AB10: ='6'!G162 -> 43.6 | AD10: ='6'!G163+'6'!G164 -> 129.1 | AE10: ='6'!$G$116 -> 527 | AF10: ='6'!$G$117 -> 317 | AG10: ='6'!$G$118 -> 594 | AH10: ='6'!$G$119 -> 11.2 | AI10: ='6'!$G$120 -> 379.3 | AJ10: ='6'!$G$121 -> 433 | AK10: ='6'!$G$122 -> 362 | AL10: ='6'!$G$123 -> 290.6 | AM10: ='6'!$G$133 -> 844.27 | AN10: ='6'!$G$15 -> 1040 | AO10: ='6'!$G$74 -> 298.4 | AP10: ='6'!$G$75 -> 0 | AQ10: ='6'!$G$76 -> 112 | AR10: ='6'!$G$77 -> 49 | AS10: ='6'!$G$78 -> 0.4 | AT10: =AN10-SUM(AO10:AS10) -> 580.2 | AU10: =SUM('6'!G91:G92) -> 11.51 | AV10: ='6'!$G$88 -> 0.06 | AW10: ='6'!$G$89 -> 8.42 | AX10: ='6'!$G$90 -> 13.05 | AY10: =SUM(AV10:AX10) -> 21.53 | AZ10: =AO10/AU10 -> 25.925282 | BA10: =AT10/AY10 -> 26.948444 | BB10: =C10-SUM(F10:K10,Y10) -> 5868.63 | BC10: =BB10/B10% -> 23.374477
A11: 7 | B11: ='7'!G7 -> 25179 | C11: ='7'!G8 -> 25534 | D11: ='7'!G15 -> 1021 | E11: ='7'!G20 -> 295 | F11: =SUM('7'!G35,'7'!G49) -> 3706 | G11: =SUM('7'!G37,'7'!G51) -> 1011 | H11: =SUM('7'!G38,'7'!G52) -> 2277 | I11: =SUM('7'!G39,'7'!G53) -> 4329 | J11: =SUM('7'!G41,'7'!G42,'7'!G55,'7'!G56) -> 5136 | K11: =SUM('7'!G43,'7'!G57) -> 2960 | L11: ='7'!G50 -> 1624 | M11: ='7'!G36 -> 855 | N11: ='7'!G138 -> 143 | O11: ='7'!$G$139 -> 154 | P11: ='7'!$G$140 -> 11 | Q11: ='7'!$G$141 -> 220 | R11: ='7'!$G$142 -> 94 | S11: ='7'!$G$145 -> 233 | T11: ='7'!$G$146 -> 36 | U11: ='7'!$G$144 -> 256 | V11: ='7'!$G$147 -> 381 | W11: ='7'!$G$148 -> 292 | X11: ='7'!$G$143 -> 30 | Y11: ='7'!$G$58 -> 225 | Z11: ='7'!$G$151 -> 88 | AA11: ='7'!G161 -> 272 | AB11: ='7'!G162 -> 34 | AD11: ='7'!G163+'7'!G164 -> 131 | AE11: ='7'!$G$116 -> 537 | AF11: ='7'!$G$117 -> 351 | AG11: ='7'!$G$118 -> 617 | AH11: ='7'!$G$119 -> 14 | AI11: ='7'!$G$120 -> 392 | AJ11: ='7'!$G$121 -> 450 | AK11: ='7'!$G$122 -> 378 | AL11: ='7'!$G$123 -> 297 | AM11: ='7'!$G$133 -> 841 | AN11: ='7'!$G$15 -> 1021 | AO11: ='7'!$G$74 -> 301 | AP11: ='7'!$G$75 -> 0 | AQ11: ='7'!$G$76 -> 116 | AR11: ='7'!$G$77 -> 51 | AS11: ='7'!$G$78 -> 0 | AT11: =AN11-SUM(AO11:AS11) -> 553 | AU11: =SUM('7'!G91:G92) -> 11.46 | AV11: ='7'!$G$88 -> 0 | AW11: ='7'!$G$89 -> 8.42 | AX11: ='7'!$G$90 -> 10.25 | AY11: =SUM(AV11:AX11) -> 18.67 | AZ11: =AO11/AU11 -> 26.265271 | BA11: =AT11/AY11 -> 29.619711 | BB11: =C11-SUM(F11:K11,Y11) -> 5890 | BC11: =BB11/B11% -> 23.39251
A12: 8 | B12: ='8'!G7 -> 24829 | C12: ='8'!G8 -> 25069 | D12: ='8'!G15 -> 1021 | E12: ='8'!G20 -> 297 | F12: =SUM('8'!G35,'8'!G49) -> 3651.05 | G12: =SUM('8'!G37,'8'!G51) -> 1068 | H12: =SUM('8'!G38,'8'!G52) -> 2310 | I12: =SUM('8'!G39,'8'!G53) -> 4330.19 | J12: =SUM('8'!G41,'8'!G42,'8'!G55,'8'!G56) -> 7147.63 | K12: =SUM('8'!G43,'8'!G57) -> 3052 | L12: ='8'!G50 -> 1247 | M12: ='8'!G36 -> 863 | N12: ='8'!G138 -> 164 | O12: ='8'!$G$139 -> 152 | P12: ='8'!$G$140 -> 14 | Q12: ='8'!$G$141 -> 236 | R12: ='8'!$G$142 -> 89 | S12: ='8'!$G$145 -> 226 | T12: ='8'!$G$146 -> 41 | U12: ='8'!$G$144 -> 225 | V12: ='8'!$G$147 -> 407 | W12: ='8'!$G$148 -> 322 | X12: ='8'!$G$143 -> 29 | Y12: ='8'!$G$58 -> 244 | Z12: ='8'!$G$151 -> 69 | AA12: ='8'!G161 -> 289 | AB12: ='8'!G162 -> 24 | AD12: ='8'!G163+'8'!G164 -> 144 | AE12: ='8'!$G$116 -> 526 | AF12: ='8'!$G$117 -> 370 | AG12: ='8'!$G$118 -> 569 | AH12: ='8'!$G$119 -> 14 | AI12: ='8'!$G$120 -> 384 | AJ12: ='8'!$G$121 -> 434 | AK12: ='8'!$G$122 -> 389 | AL12: ='8'!$G$123 -> 298 | AM12: ='8'!$G$133 -> 775 | AN12: ='8'!$G$15 -> 1021 | AO12: ='8'!$G$74 -> 302 | AP12: ='8'!$G$75 -> 0 | AQ12: ='8'!$G$76 -> 110 | AR12: ='8'!$G$77 -> 52 | AS12: ='8'!$G$78 -> 0 | AT12: =AN12-SUM(AO12:AS12) -> 557 | AU12: =SUM('8'!G91:G92) -> 11.92 | AV12: ='8'!$G$88 -> 0 | AW12: ='8'!$G$89 -> 8.98 | AX12: ='8'!$G$90 -> 11.6 | AY12: =SUM(AV12:AX12) -> 20.58 | AZ12: =AO12/AU12 -> 25.33557 | BA12: =AT12/AY12 -> 27.065112 | BB12: =C12-SUM(F12:K12,Y12) -> 3266.13 | BC12: =BB12/B12% -> 13.154497
A13: 9 | B13: ='9'!G7 -> 25506.88 | C13: ='9'!G8 -> 25853.95 | D13: ='9'!G15 -> 1093 | E13: ='9'!G20 -> 332 | F13: =SUM('9'!G35,'9'!G49) -> 3585.73 | G13: =SUM('9'!G37,'9'!G51) -> 1033.59 | H13: =SUM('9'!G38,'9'!G52) -> 2271.71 | I13: =SUM('9'!G39,'9'!G53) -> 4016.23 | J13: =SUM('9'!G41,'9'!G42,'9'!G55,'9'!G56) -> 6669.65 | K13: =SUM('9'!G43,'9'!G57) -> 3267.03 | L13: ='9'!G50 -> 1563.15 | M13: ='9'!G36 -> 858.43 | N13: ='9'!G138 -> 168 | O13: ='9'!$G$139 -> 157 | P13: ='9'!$G$140 -> 11.49 | Q13: ='9'!$G$141 -> 227.37 | R13: ='9'!$G$142 -> 79.14 | S13: ='9'!$G$145 -> 220.16 | T13: ='9'!$G$146 -> 40 | U13: ='9'!$G$144 -> 237 | V13: ='9'!$G$147 -> 390 | W13: ='9'!$G$148 -> 283.92 | X13: ='9'!$G$143 -> 26.56 | Y13: ='9'!$G$58 -> 258.65 | Z13: ='9'!$G$151 -> 51 | AA13: ='9'!G161 -> 261.32 | AB13: ='9'!G162 -> 16.5 | AD13: ='9'!G163+'9'!G164 -> 27.9 | AE13: ='9'!$G$116 -> 372.31 | AF13: ='9'!$G$117 -> 321.63 | AG13: ='9'!$G$118 -> 522.04 | AH13: ='9'!$G$119 -> 10.11 | AI13: ='9'!$G$120 -> 399.32 | AJ13: ='9'!$G$121 -> 420.85 | AK13: ='9'!$G$122 -> 364.08 | AL13: ='9'!$G$123 -> 309.98 | AM13: ='9'!$G$133 -> 876.19 | AN13: ='9'!$G$15 -> 1093 | AO13: ='9'!$G$74 -> 313.02 | AP13: ='9'!$G$75 -> 0 | AQ13: ='9'!$G$76 -> 107.64 | AR13: ='9'!$G$77 -> 53 | AS13: ='9'!$G$78 -> 0 | AT13: =AN13-SUM(AO13:AS13) -> 619.34 | AU13: =SUM('9'!G91:G92) -> 12.13 | AV13: ='9'!$G$88 -> 1.95 | AW13: ='9'!$G$89 -> 9.18 | AX13: ='9'!$G$90 -> 9.4 | AY13: =SUM(AV13:AX13) -> 20.53 | AZ13: =AO13/AU13 -> 25.805441 | BA13: =AT13/AY13 -> 30.16756 | BB13: =C13-SUM(F13:K13,Y13) -> 4751.36 | BC13: =BB13/B13% -> 18.627758
A14: 10 | B14: ='10'!G7 -> 25354.44 | C14: ='10'!G8 -> 25692.02 | D14: ='10'!G15 -> 1003.92 | E14: ='10'!G20 -> 230 | F14: =SUM('10'!G35,'10'!G49) -> 3508.68 | G14: =SUM('10'!G37,'10'!G51) -> 1043.56 | H14: =SUM('10'!G38,'10'!G52) -> 2128.32 | I14: =SUM('10'!G39,'10'!G53) -> 4009.12 | J14: =SUM('10'!G41,'10'!G42,'10'!G55,'10'!G56) -> 5322.59 | K14: =SUM('10'!G43,'10'!G57) -> 3088.44 | L14: ='10'!G50 -> 1987.32 | M14: ='10'!G36 -> 777.18 | N14: ='10'!G138 -> 124 | O14: ='10'!$G$139 -> 152 | P14: ='10'!$G$140 -> 12.16 | Q14: ='10'!$G$141 -> 224.99 | R14: ='10'!$G$142 -> 83.46 | S14: ='10'!$G$145 -> 192.24 | T14: ='10'!$G$146 -> 41 | U14: ='10'!$G$144 -> 235 | V14: ='10'!$G$147 -> 417.44 | W14: ='10'!$G$148 -> 305.28 | X14: ='10'!$G$143 -> 28.44 | Y14: ='10'!$G$58 -> 256.6 | Z14: ='10'!$G$151 -> 54 | AA14: ='10'!G161 -> 296.68 | AB14: ='10'!G162 -> 41.4 | AD14: ='10'!G163+'10'!G164 -> 126.4 | AE14: ='10'!$G$116 -> 190.73 | AF14: ='10'!$G$117 -> 293.35 | AG14: ='10'!$G$118 -> 600.27 | AH14: ='10'!$G$119 -> 12.43 | AI14: ='10'!$G$120 -> 398.78 | AJ14: ='10'!$G$121 -> 430.74 | AK14: ='10'!$G$122 -> 393.26 | AL14: ='10'!$G$123 -> 307.81 | AM14: ='10'!$G$133 -> 860.08 | AN14: ='10'!$G$15 -> 1003.92 | AO14: ='10'!$G$74 -> 320.62 | AP14: ='10'!$G$75 -> 0 | AQ14: ='10'!$G$76 -> 94.79 | AR14: ='10'!$G$77 -> 62.5 | AS14: ='10'!$G$78 -> 0 | AT14: =AN14-SUM(AO14:AS14) -> 526.01 | AU14: =SUM('10'!G91:G92) -> 12.36 | AV14: ='10'!$G$88 -> 0 | AW14: ='10'!$G$89 -> 8.69 | AX14: ='10'!$G$90 -> 9.9 | AY14: =SUM(AV14:AX14) -> 18.59 | AZ14: =AO14/AU14 -> 25.940129 | BA14: =AT14/AY14 -> 28.29532 | BB14: =C14-SUM(F14:K14,Y14) -> 6334.71 | BC14: =BB14/B14% -> 24.984618
A15: 11 | B15: ='11'!G7 -> 24938.08 | C15: ='11'!G8 -> 25252.9 | D15: ='11'!G15 -> 1018.7 | E15: ='11'!G20 -> 335 | F15: =SUM('11'!G35,'11'!G49) -> 3486.6 | G15: =SUM('11'!G37,'11'!G51) -> 1017.09 | H15: =SUM('11'!G38,'11'!G52) -> 2187.64 | I15: =SUM('11'!G39,'11'!G53) -> 4276.32 | J15: =SUM('11'!G41,'11'!G42,'11'!G55,'11'!G56) -> 5153.37 | K15: =SUM('11'!G43,'11'!G57) -> 2778 | L15: ='11'!G50 -> 1539.8 | M15: ='11'!G36 -> 1047.3 | N15: ='11'!G138 -> 85 | O15: ='11'!$G$139 -> 166 | P15: ='11'!$G$140 -> 10.83 | Q15: ='11'!$G$141 -> 217.64 | R15: ='11'!$G$142 -> 88.35 | S15: ='11'!$G$145 -> 176.35 | T15: ='11'!$G$146 -> 40 | U15: ='11'!$G$144 -> 246 | V15: ='11'!$G$147 -> 377.36 | W15: ='11'!$G$148 -> 339.84 | X15: ='11'!$G$143 -> 22.7 | Y15: ='11'!$G$58 -> 218.01 | Z15: ='11'!$G$151 -> 63 | AA15: ='11'!G161 -> 288.2 | AB15: ='11'!G162 -> 37.7 | AC15: ='11'!G88 -> 0 | AD15: ='11'!G163+'11'!G164 -> 150.3 | AE15: ='11'!$G$116 -> 511.5 | AF15: ='11'!$G$117 -> 283.93 | AG15: ='11'!$G$118 -> 623.07 | AH15: ='11'!$G$119 -> 12.79 | AI15: ='11'!$G$120 -> 396.97 | AJ15: ='11'!$G$121 -> 424.38 | AK15: ='11'!$G$122 -> 375.3 | AL15: ='11'!$G$123 -> 299.85 | AM15: ='11'!$G$133 -> 879.74 | AN15: ='11'!$G$15 -> 1018.7 | AO15: ='11'!$G$74 -> 297.17 | AP15: ='11'!$G$75 -> 0 | AQ15: ='11'!$G$76 -> 120.74 | AR15: ='11'!$G$77 -> 58.5 | AS15: ='11'!$G$78 -> 0 | AT15: =AN15-SUM(AO15:AS15) -> 542.29 | AU15: =SUM('11'!G91:G92) -> 11.42 | AV15: ='11'!$G$88 -> 0 | AW15: ='11'!$G$89 -> 8.55 | AX15: ='11'!$G$90 -> 9.03 | AY15: =SUM(AV15:AX15) -> 17.58 | AZ15: =AO15/AU15 -> 26.021891 | BA15: =AT15/AY15 -> 30.846985 | BB15: =C15-SUM(F15:K15,Y15) -> 6135.87 | BC15: =BB15/B15% -> 24.60442
A16: 12 | B16: ='12'!G7 -> 24541.99 | C16: ='12'!G8 -> 24898.2 | D16: ='12'!G15 -> 1030.01 | E16: ='12'!G20 -> 307 | F16: =SUM('12'!G35,'12'!G49) -> 3468.92 | G16: =SUM('12'!G37,'12'!G51) -> 1007.6 | H16: =SUM('12'!G38,'12'!G52) -> 2223.4 | I16: =SUM('12'!G39,'12'!G53) -> 4336.16 | J16: =SUM('12'!G41,'12'!G42,'12'!G55,'12'!G56) -> 4875.71 | K16: =SUM('12'!G43,'12'!G57) -> 2783.44 | L16: ='12'!G50 -> 1507.88 | M16: ='12'!G36 -> 1019.64 | N16: ='12'!G138 -> 127 | O16: ='12'!$G$139 -> 148 | P16: ='12'!$G$140 -> 13.24 | Q16: ='12'!$G$141 -> 218.99 | R16: ='12'!$G$142 -> 95.69 | S16: ='12'!$G$145 -> 158.06 | T16: ='12'!$G$146 -> 40 | U16: ='12'!$G$144 -> 233 | V16: ='12'!$G$147 -> 407.76 | W16: ='12'!$G$148 -> 346.88 | X16: ='12'!$G$143 -> 29.16 | Y16: ='12'!$G$58 -> 243.51 | Z16: ='12'!$G$151 -> 47 | AA16: ='12'!G161 -> 290.64 | AB16: ='12'!G162 -> 45.7 | AC16: ='12'!G88 -> 0 | AD16: ='12'!G163+'12'!G164 -> 143.4 | AE16: ='12'!$G$116 -> 436.48 | AF16: ='12'!$G$117 -> 357.1 | AG16: ='12'!$G$118 -> 623.62 | AH16: ='12'!$G$119 -> 12.38 | AI16: ='12'!$G$120 -> 390.11 | AJ16: ='12'!$G$121 -> 450.46 | AK16: ='12'!$G$122 -> 388.47 | AL16: ='12'!$G$123 -> 302.68 | AM16: ='12'!$G$133 -> 952.8 | AN16: ='12'!$G$15 -> 1030.01 | AO16: ='12'!$G$74 -> 292.22 | AP16: ='12'!$G$75 -> 0 | AQ16: ='12'!$G$76 -> 128.84 | AR16: ='12'!$G$77 -> 56.5 | AS16: ='12'!$G$78 -> -0.4 | AT16: =AN16-SUM(AO16:AS16) -> 552.85 | AU16: =SUM('12'!G91:G92) -> 11.24 | AV16: ='12'!$G$88 -> 0 | AW16: ='12'!$G$89 -> 9.12 | AX16: ='12'!$G$90 -> 10.12 | AY16: =SUM(AV16:AX16) -> 19.24 | AZ16: =AO16/AU16 -> 25.998221 | BA16: =AT16/AY16 -> 28.734407 | BB16: =C16-SUM(F16:K16,Y16) -> 5959.46 | BC16: =BB16/B16% -> 24.282709
A17: 13 | B17: ='13'!G7 -> 24531.61 | C17: ='13'!G8 -> 24813.93 | D17: ='13'!G15 -> 1072.37 | E17: ='13'!G20 -> 309 | F17: =SUM('13'!G35,'13'!G49) -> 3683.02 | G17: =SUM('13'!G37,'13'!G51) -> 989.47 | H17: =SUM('13'!G38,'13'!G52) -> 2231.93 | I17: =SUM('13'!G39,'13'!G53) -> 4038.17 | J17: =SUM('13'!G41,'13'!G42,'13'!G55,'13'!G56) -> 4786.96 | K17: =SUM('13'!G43,'13'!G57) -> 2808.09 | L17: ='13'!G50 -> 2066.85 | M17: ='13'!G36 -> 870.45 | N17: ='13'!G138 -> 150 | O17: ='13'!$G$139 -> 177 | P17: ='13'!$G$140 -> 10.28 | Q17: ='13'!$G$141 -> 218.01 | R17: ='13'!$G$142 -> 87.36 | S17: ='13'!$G$145 -> 177.19 | T17: ='13'!$G$146 -> 62 | U17: ='13'!$G$144 -> 260 | V17: ='13'!$G$147 -> 424.44 | W17: ='13'!$G$148 -> 316.08 | X17: ='13'!$G$143 -> 26.14 | Y17: ='13'!$G$58 -> 237.23 | Z17: ='13'!$G$151 -> 56 | AA17: ='13'!G161 -> 299.28 | AB17: ='13'!G162 -> 49.7 | AC17: ='13'!G88 -> 1.44 | AD17: ='13'!G163+'13'!G164 -> 102 | AE17: ='13'!$G$116 -> 149.98 | AF17: ='13'!$G$117 -> 330.99 | AG17: ='13'!$G$118 -> 574 | AH17: ='13'!$G$119 -> 13.29 | AI17: ='13'!$G$120 -> 400.82 | AJ17: ='13'!$G$121 -> 476.57 | AK17: ='13'!$G$122 -> 390.89 | AL17: ='13'!$G$123 -> 304.68 | AM17: ='13'!$G$133 -> 1033.19 | AN17: ='13'!$G$15 -> 1072.37 | AO17: ='13'!$G$74 -> 289.97 | AP17: ='13'!$G$75 -> 0 | AQ17: ='13'!$G$76 -> 118.99 | AR17: ='13'!$G$77 -> 60.5 | AS17: ='13'!$G$78 -> 0 | AT17: =AN17-SUM(AO17:AS17) -> 602.91 | AU17: =SUM('13'!G91:G92) -> 11.14 | AV17: ='13'!$G$88 -> 1.44 | AW17: ='13'!$G$89 -> 7.64 | AX17: ='13'!$G$90 -> 10.67 | AY17: =SUM(AV17:AX17) -> 19.75 | AZ17: =AO17/AU17 -> 26.029623 | BA17: =AT17/AY17 -> 30.527089 | BB17: =C17-SUM(F17:K17,Y17) -> 6039.06 | BC17: =BB17/B17% -> 24.617463
A18: 14 | B18: ='14'!G7 -> 25568 | C18: ='14'!G8 -> 25893 | D18: ='14'!G15 -> 1198 | E18: ='14'!G20 -> 267 | F18: =SUM('14'!G35,'14'!G49) -> 3733 | G18: =SUM('14'!G37,'14'!G51) -> 1049 | H18: =SUM('14'!G38,'14'!G52) -> 2349.24 | I18: =SUM('14'!G39,'14'!G53) -> 4081.81 | J18: =SUM('14'!G41,'14'!G42,'14'!G55,'14'!G56) -> 5095.09 | K18: =SUM('14'!G43,'14'!G57) -> 2926 | L18: ='14'!G50 -> 1895 | M18: ='14'!G36 -> 1103 | N18: ='14'!G138 -> 164 | O18: ='14'!$G$139 -> 155 | P18: ='14'!$G$140 -> 10 | Q18: ='14'!$G$141 -> 214 | R18: ='14'!$G$142 -> 90 | S18: ='14'!$G$145 -> 241 | T18: ='14'!$G$146 -> 49 | U18: ='14'!$G$144 -> 236 | V18: ='14'!$G$147 -> 431 | W18: ='14'!$G$148 -> 336 | X18: ='14'!$G$143 -> 32 | Y18: ='14'!$G$58 -> 254 | Z18: ='14'!$G$151 -> 44 | AA18: ='14'!G161 -> 279.88 | AB18: ='14'!G162 -> 42 | AC18: ='14'!G88 -> 0.83 | AD18: ='14'!G163+'14'!G164 -> 150 | AE18: ='14'!$G$116 -> 218 | AF18: ='14'!$G$117 -> 277 | AG18: ='14'!$G$118 -> 637 | AH18: ='14'!$G$119 -> 13 | AI18: ='14'!$G$120 -> 406 | AJ18: ='14'!$G$121 -> 459 | AK18: ='14'!$G$122 -> 385 | AL18: ='14'!$G$123 -> 311 | AM18: ='14'!$G$133 -> 1037 | AN18: ='14'!$G$15 -> 1198 | AO18: ='14'!$G$74 -> 297 | AP18: ='14'!$G$75 -> 0 | AQ18: ='14'!$G$76 -> 125 | AR18: ='14'!$G$77 -> 53 | AS18: ='14'!$G$78 -> 0 | AT18: =AN18-SUM(AO18:AS18) -> 723 | AU18: =SUM('14'!G91:G92) -> 11.27 | AV18: ='14'!$G$88 -> 0.83 | AW18: ='14'!$G$89 -> 9 | AX18: ='14'!$G$90 -> 13.35 | AY18: =SUM(AV18:AX18) -> 23.18 | AZ18: =AO18/AU18 -> 26.35315 | BA18: =AT18/AY18 -> 31.190682 | BB18: =C18-SUM(F18:K18,Y18) -> 6404.86 | BC18: =BB18/B18% -> 25.050297
A19: 15 | B19: ='15'!G7 -> 25505 | C19: ='15'!G8 -> 25818 | D19: ='15'!G15 -> 917 | E19: ='15'!G20 -> 322 | F19: =SUM('15'!G35,'15'!G49) -> 3550 | G19: =SUM('15'!G37,'15'!G51) -> 1047 | H19: =SUM('15'!G38,'15'!G52) -> 2442 | I19: =SUM('15'!G39,'15'!G53) -> 4192 | J19: =SUM('15'!G41,'15'!G42,'15'!G55,'15'!G56) -> 5793.45 | K19: =SUM('15'!G43,'15'!G57) -> 2989 | L19: ='15'!G50 -> 1909 | M19: ='15'!G36 -> 1089 | N19: ='15'!G138 -> 168 | O19: ='15'!$G$139 -> 139 | P19: ='15'!$G$140 -> 13 | Q19: ='15'!$G$141 -> 224 | R19: ='15'!$G$142 -> 98 | S19: ='15'!$G$145 -> 257 | T19: ='15'!$G$146 -> 58 | U19: ='15'!$G$144 -> 221 | V19: ='15'!$G$147 -> 422 | W19: ='15'!$G$148 -> 374 | X19: ='15'!$G$143 -> 31 | Y19: ='15'!$G$58 -> 241 | Z19: ='15'!$G$151 -> 64 | AA19: ='15'!G161 -> 293 | AB19: ='15'!G162 -> 38 | AC19: ='15'!G88 -> 0 | AD19: ='15'!G163+'15'!G164 -> 157 | AE19: ='15'!$G$116 -> 298 | AF19: ='15'!$G$117 -> 349 | AG19: ='15'!$G$118 -> 637 | AH19: ='15'!$G$119 -> 13 | AI19: ='15'!$G$120 -> 406 | AJ19: ='15'!$G$121 -> 442 | AK19: ='15'!$G$122 -> 384 | AL19: ='15'!$G$123 -> 305 | AM19: ='15'!$G$133 -> 896 | AN19: ='15'!$G$15 -> 917 | AO19: ='15'!$G$74 -> 278 | AP19: ='15'!$G$75 -> 0 | AQ19: ='15'!$G$76 -> 129 | AR19: ='15'!$G$77 -> 59 | AS19: ='15'!$G$78 -> 0 | AT19: =AN19-SUM(AO19:AS19) -> 451 | AU19: =SUM('15'!G91:G92) -> 10.71 | AV19: ='15'!$G$88 -> 0 | AW19: ='15'!$G$89 -> 9.6 | AX19: ='15'!$G$90 -> 9.87 | AY19: =SUM(AV19:AX19) -> 19.47 | AZ19: =AO19/AU19 -> 25.957049 | BA19: =AT19/AY19 -> 23.163842 | BB19: =C19-SUM(F19:K19,Y19) -> 5563.55 | BC19: =BB19/B19% -> 21.813566
A20: 16 | B20: ='16'!G7 -> 23934.6 | C20: ='16'!G8 -> 24160 | D20: ='16'!G15 -> 1098 | E20: ='16'!G20 -> 370 | F20: =SUM('16'!G35,'16'!G49) -> 3658.36 | G20: =SUM('16'!G37,'16'!G51) -> 996.01 | H20: =SUM('16'!G38,'16'!G52) -> 2438.7 | I20: =SUM('16'!G39,'16'!G53) -> 4307.47 | J20: =SUM('16'!G41,'16'!G42,'16'!G55,'16'!G56) -> 4009.24 | K20: =SUM('16'!G43,'16'!G57) -> 2689.59 | L20: ='16'!G50 -> 1710.9 | M20: ='16'!G36 -> 1115.6 | N20: ='16'!G138 -> 176 | O20: ='16'!$G$139 -> 149 | P20: ='16'!$G$140 -> 11.4 | Q20: ='16'!$G$141 -> 249.9 | R20: ='16'!$G$142 -> 114.7 | S20: ='16'!$G$145 -> 182.7 | T20: ='16'!$G$146 -> 41 | U20: ='16'!$G$144 -> 246 | V20: ='16'!$G$147 -> 417.76 | W20: ='16'!$G$148 -> 324.96 | X20: ='16'!$G$143 -> 29 | Y20: ='16'!$G$58 -> 239.79 | Z20: ='16'!$G$151 -> 80 | AA20: ='16'!G161 -> 292.2 | AB20: ='16'!G162 -> 28.8 | AC20: ='16'!G88 -> 0.007 | AD20: ='16'!G163+'16'!G164 -> 110.6 | AE20: ='16'!$G$116 -> 604 | AF20: ='16'!$G$117 -> 273.5 | AG20: ='16'!$G$118 -> 566.2 | AH20: ='16'!$G$119 -> 11.04 | AI20: ='16'!$G$120 -> 405.3 | AJ20: ='16'!$G$121 -> 429.24 | AK20: ='16'!$G$122 -> 397.2 | AL20: ='16'!$G$123 -> 309.16 | AM20: ='16'!$G$133 -> 850.47 | AN20: ='16'!$G$15 -> 1098 | AO20: ='16'!$G$74 -> 295.57 | AP20: ='16'!$G$75 -> 0.8 | AQ20: ='16'!$G$76 -> 138.3 | AR20: ='16'!$G$77 -> 67 | AS20: ='16'!$G$78 -> -1 | AT20: =AN20-SUM(AO20:AS20) -> 597.33 | AU20: =SUM('16'!G91:G92) -> 11.33 | AV20: ='16'!$G$88 -> 0.007 | AW20: ='16'!$G$89 -> 9.34 | AX20: ='16'!$G$90 -> 11.29 | AY20: =SUM(AV20:AX20) -> 20.637 | AZ20: =AO20/AU20 -> 26.087379 | BA20: =AT20/AY20 -> 28.944614 | BB20: =C20-SUM(F20:K20,Y20) -> 5820.84 | BC20: =BB20/B20% -> 24.319771
A21: 17 | B21: ='17'!G7 -> 24604.4 | C21: ='17'!G8 -> 24906 | D21: ='17'!G15 -> 1022 | E21: ='17'!G20 -> 302 | F21: =SUM('17'!G35,'17'!G49) -> 3802.68 | G21: =SUM('17'!G37,'17'!G51) -> 1050.88 | H21: =SUM('17'!G38,'17'!G52) -> 2335.61 | I21: =SUM('17'!G39,'17'!G53) -> 4426.04 | J21: =SUM('17'!G41,'17'!G42,'17'!G55,'17'!G56) -> 4623.94 | K21: =SUM('17'!G43,'17'!G57) -> 2939.12 | L21: ='17'!G50 -> 1442.69 | M21: ='17'!G36 -> 717.19 | N21: ='18 '!G138 -> 177 | O21: ='17'!$G$139 -> 138 | P21: ='17'!$G$140 -> 11.2 | Q21: ='17'!$G$141 -> 213.16 | R21: ='17'!$G$142 -> 100.8 | S21: ='17'!$G$145 -> 199.9 | T21: ='17'!$G$146 -> 43 | U21: ='17'!$G$144 -> 252 | V21: ='17'!$G$147 -> 369.52 | W21: ='17'!$G$148 -> 284.8 | X21: ='17'!$G$143 -> 27 | Y21: ='17'!$G$58 -> 247.81 | Z21: ='17'!$G$151 -> 45 | AA21: ='17'!G161 -> 323.84 | AB21: ='17'!G162 -> 43.6 | AC21: ='17'!G88 -> 2.913 | AD21: ='17'!G163+'17'!G164 -> 143.3 | AE21: ='17'!$G$116 -> 571.3 | AF21: ='17'!$G$117 -> 321.4 | AG21: ='17'!$G$118 -> 605.2 | AH21: ='17'!$G$119 -> 13.96 | AI21: ='17'!$G$120 -> 430.3 | AJ21: ='17'!$G$121 -> 448.56 | AK21: ='17'!$G$122 -> 387.1 | AL21: ='17'!$G$123 -> 303.64 | AM21: ='17'!$G$133 -> 840.33 | AN21: ='17'!$G$15 -> 1022 | AO21: ='17'!$G$74 -> 291.03 | AP21: ='17'!$G$75 -> -0.8 | AQ21: ='17'!$G$76 -> 100.9 | AR21: ='17'!$G$77 -> 43 | AS21: ='17'!$G$78 -> -1 | AT21: =AN21-SUM(AO21:AS21) -> 588.87 | AU21: =SUM('17'!G91:G92) -> 11.17 | AV21: ='17'!$G$88 -> 2.913 | AW21: ='17'!$G$89 -> 10.12 | AX21: ='17'!$G$90 -> 4.97 | AY21: =SUM(AV21:AX21) -> 18.003 | AZ21: =AO21/AU21 -> 26.054611 | BA21: =AT21/AY21 -> 32.709548 | BB21: =C21-SUM(F21:K21,Y21) -> 5479.92 | BC21: =BB21/B21% -> 22.272114
A22: 18 | B22: ='18 '!G7 -> 24257 | C22: ='18 '!G8 -> 24462.5 | D22: ='18 '!G15 -> 1031.5 | E22: ='18 '!G20 -> 273 | F22: =SUM('18 '!G35,'18 '!G49) -> 3749.26 | G22: =SUM('18 '!G37,'18 '!G51) -> 1041 | H22: =SUM('18 '!G38,'18 '!G52) -> 2281.56 | I22: =SUM('18 '!G39,'18 '!G53) -> 4369.18 | J22: =SUM('18 '!G41,'18 '!G42,'18 '!G55,'18 '!G56) -> 5273.78 | K22: =SUM('18 '!G43,'18 '!G57) -> 2706.48 | L22: ='18 '!G50 -> 1410.01 | M22: ='18 '!G36 -> 713.44 | N22: ='18 '!G138 -> 177 | O22: ='18 '!$G$139 -> 139 | P22: ='18 '!$G$140 -> 12.05 | Q22: ='18 '!$G$141 -> 211.54 | R22: ='18 '!$G$142 -> 103.24 | S22: ='18 '!$G$145 -> 186.68 | T22: ='18 '!$G$146 -> 44 | U22: ='18 '!$G$144 -> 250 | V22: ='18 '!$G$147 -> 401.2 | W22: ='18 '!$G$148 -> 271.84 | X22: ='18 '!$G$143 -> 29.2 | Y22: ='18 '!$G$58 -> 250.32 | Z22: ='18 '!$G$151 -> 35 | AA22: ='18 '!G161 -> 378.28 | AB22: ='18 '!G162 -> 46.4 | AC22: ='18 '!G88 -> 0 | AD22: ='18 '!G163+'18 '!G164 -> 149.1 | AE22: ='18 '!$G$116 -> 500.6 | AF22: ='18 '!$G$117 -> 323.1 | AG22: ='18 '!$G$118 -> 628.75 | AH22: ='18 '!$G$119 -> 12.8 | AI22: ='18 '!$G$120 -> 418.1 | AJ22: ='18 '!$G$121 -> 442.6 | AK22: ='18 '!$G$122 -> 405.8 | AL22: ='18 '!$G$123 -> 304.7 | AM22: ='18 '!$G$133 -> 855.9 | AN22: ='18 '!$G$15 -> 1031.5 | AO22: ='18 '!$G$74 -> 290.1 | AP22: ='18 '!$G$75 -> 0 | AQ22: ='18 '!$G$76 -> 121.8 | AR22: ='18 '!$G$77 -> 40 | AS22: ='18 '!$G$78 -> 0 | AT22: =AN22-SUM(AO22:AS22) -> 579.6 | AU22: =SUM('18 '!G91:G92) -> 11.11 | AV22: ='18 '!$G$88 -> 0 | AW22: ='18 '!$G$89 -> 9.64 | AX22: ='18 '!$G$90 -> 10.5 | AY22: =SUM(AV22:AX22) -> 20.14 | AZ22: =AO22/AU22 -> 26.111611 | BA22: =AT22/AY22 -> 28.77855 | BB22: =C22-SUM(F22:K22,Y22) -> 4790.92 | BC22: =BB22/B22% -> 19.75067
A23: 19 | B23: ='19'!G7 -> 26011 | C23: ='19'!G8 -> 26332.5 | D23: ='19'!G15 -> 1137.5 | E23: ='19'!G20 -> 303 | F23: =SUM('19'!G35,'19'!G49) -> 4013.7 | G23: =SUM('19'!G37,'19'!G51) -> 1043.8 | H23: =SUM('19'!G38,'19'!G52) -> 2405.13 | I23: =SUM('19'!G39,'19'!G53) -> 4246.5 | J23: =SUM('19'!G41,'19'!G42,'19'!G55,'19'!G56) -> 7428.34 | K23: =SUM('19'!G43,'19'!G57) -> 2886.81 | L23: ='19'!G50 -> 1307.4 | M23: ='19'!G36 -> 903.77 | N23: ='19'!G138 -> 173 | O23: ='19'!$G$139 -> 174 | P23: ='19'!$G$140 -> 10.35 | Q23: ='19'!$G$141 -> 241.4 | R23: ='19'!G142 -> 110.26 | S23: ='19'!$G$145 -> 182.72 | T23: ='19'!$G$146 -> 47 | U23: ='19'!$G$144 -> 256 | V23: ='19'!$G$147 -> 360.52 | W23: ='19'!$G$148 -> 264.4 | X23: ='19'!$G$143 -> 31.8 | Y23: ='19'!$G$58 -> 263.08 | Z23: ='19'!$G$151 -> 0 | AA23: ='19'!G161 -> 264.68 | AB23: ='19'!G162 -> 46.2 | AC23: ='19'!G88 -> 8.17 | AD23: ='19'!G163+'19'!G164 -> 163 | AE23: ='19'!$G$116 -> 501.1 | AF23: ='19'!$G$117 -> 260 | AG23: ='19'!$G$118 -> 639.85 | AH23: ='19'!$G$119 -> 12.2 | AI23: ='19'!$G$120 -> 390.3 | AJ23: ='19'!$G$121 -> 437.6 | AK23: ='19'!$G$122 -> 388.9 | AL23: ='19'!$G$123 -> 298.5 | AM23: ='19'!$G$133 -> 860.3 | AN23: ='19'!$G$15 -> 1137.5 | AO23: ='19'!$G$74 -> 289.3 | AP23: ='19'!$G$75 -> 0 | AQ23: ='19'!$G$76 -> 116 | AR23: ='19'!$G$77 -> 45 | AS23: ='19'!$G$78 -> 0 | AT23: =AN23-SUM(AO23:AS23) -> 687.2 | AU23: =SUM('19'!G91:G92) -> 11.06 | AV23: ='19'!$G$88 -> 8.17 | AW23: ='19'!$G$89 -> 10.3 | AX23: ='19'!$G$90 -> 0.07 | AY23: =SUM(AV23:AX23) -> 18.54 | AZ23: =AO23/AU23 -> 26.157324 | BA23: =AT23/AY23 -> 37.065804 | BB23: =C23-SUM(F23:K23,Y23) -> 4045.14 | BC23: =BB23/B23% -> 15.551651
A24: 20 | B24: ='20'!G7 -> 25788 | C24: ='20'!G8 -> 25922 | D24: ='20'!G15 -> 1111 | E24: ='20'!G20 -> 341 | F24: =SUM('20'!G35,'20'!G49) -> 3470 | G24: =SUM('20'!G37,'20'!G51) -> 1071 | H24: =SUM('20'!G38,'20'!G52) -> 2240 | I24: =SUM('20'!G39,'20'!G53) -> 4212 | J24: =SUM('20'!G41,'20'!G42,'20'!G55,'20'!G56) -> 8383.7 | K24: =SUM('20'!G43,'20'!G57) -> 3030 | L24: ='20'!G50 -> 1305 | M24: ='20'!G36 -> 1055 | N24: ='20'!G138 -> 167 | O24: ='20'!$G$139 -> 128 | P24: ='20'!$G$140 -> 12 | Q24: ='20'!$G$141 -> 236 | R24: ='20'!$G$142 -> 101 | S24: ='20'!$G$145 -> 169 | T24: ='20'!$G$146 -> 44 | U24: ='20'!$G$144 -> 237 | V24: ='20'!$G$147 -> 380 | W24: ='20'!$G$148 -> 345 | X24: ='20'!$G$143 -> 35 | Y24: ='20'!$G$58 -> 252 | Z24: ='20'!$G$151 -> 67 | AA24: ='20'!G161 -> 346 | AB24: ='20'!G162 -> 47 | AC24: ='20'!G88 -> 7.95 | AD24: ='20'!G163+'20'!G164 -> 122 | AE24: ='20'!$G$116 -> 507 | AF24: ='20'!$G$117 -> 253 | AG24: ='20'!$G$118 -> 610 | AH24: ='20'!$G$119 -> 13 | AI24: ='20'!$G$120 -> 383 | AJ24: ='20'!$G$121 -> 436 | AK24: ='20'!$G$122 -> 371 | AL24: ='20'!$G$123 -> 299 | AM24: ='20'!$G$133 -> 835 | AN24: ='20'!$G$15 -> 1111 | AO24: ='20'!$G$74 -> 287 | AP24: ='20'!$G$75 -> 0 | AQ24: ='20'!$G$76 -> 121 | AR24: ='20'!$G$77 -> 51 | AS24: ='20'!$G$78 -> 0 | AT24: =AN24-SUM(AO24:AS24) -> 652 | AU24: =SUM('20'!G91:G92) -> 11.02 | AV24: ='20'!$G$88 -> 7.95 | AW24: ='20'!$G$89 -> 9.88 | AX24: ='20'!$G$90 -> 0 | AY24: =SUM(AV24:AX24) -> 17.83 | AZ24: =AO24/AU24 -> 26.043557 | BA24: =AT24/AY24 -> 36.567583 | BB24: =C24-SUM(F24:K24,Y24) -> 3263.3 | BC24: =BB24/B24% -> 12.654335
A25: 21 | B25: ='21'!G7 -> 25493 | C25: ='21'!G8 -> 25776 | D25: ='21'!G15 -> 987 | E25: ='21'!G20 -> 311 | F25: =SUM('21'!G35,'21'!G49) -> 3655.55 | G25: =SUM('21'!G37,'21'!G51) -> 1102 | H25: =SUM('21'!G38,'21'!G52) -> 2256 | I25: =SUM('21'!G39,'21'!G53) -> 4287.81 | J25: =SUM('21'!G41,'21'!G42,'21'!G55,'21'!G56) -> 7334 | K25: =SUM('21'!G43,'21'!G57) -> 2848 | L25: ='21'!G50 -> 1421 | M25: ='21'!G36 -> 873 | N25: ='21'!G138 -> 180 | O25: ='21'!$G$139 -> 132 | P25: ='21'!$G$140 -> 10 | Q25: ='21'!$G$141 -> 230 | R25: ='21'!$G$142 -> 103 | S25: ='21'!$G$145 -> 160 | T25: ='21'!$G$146 -> 48 | U25: ='21'!$G$144 -> 204 | V25: ='21'!$G$147 -> 409 | W25: ='21'!$G$148 -> 320 | X25: ='21'!$G$143 -> 29 | Y25: ='21'!$G$58 -> 253 | Z25: ='21'!$G$151 -> 32 | AA25: ='21'!G161 -> 233 | AB25: ='21'!G162 -> 43 | AC25: ='21'!G88 -> 0.18 | AD25: ='21'!G163+'21'!G164 -> 139 | AE25: ='21'!$G$116 -> 517 | AF25: ='21'!$G$117 -> 299 | AG25: ='21'!$G$118 -> 628 | AH25: ='21'!$G$119 -> 12 | AI25: ='21'!$G$120 -> 417 | AJ25: ='21'!$G$121 -> 441 | AK25: ='21'!$G$122 -> 384 | AL25: ='21'!$G$123 -> 300 | AM25: ='21'!$G$133 -> 839 | AN25: ='21'!$G$15 -> 987 | AO25: ='21'!$G$74 -> 290 | AP25: ='21'!$G$75 -> 0 | AQ25: ='21'!$G$76 -> 93 | AR25: ='21'!$G$77 -> 43 | AS25: ='21'!$G$78 -> 0 | AT25: =AN25-SUM(AO25:AS25) -> 561 | AU25: =SUM('21'!G91:G92) -> 11.11 | AV25: ='21'!$G$88 -> 0.18 | AW25: ='21'!$G$89 -> 9.79 | AX25: ='21'!$G$90 -> 10.23 | AY25: =SUM(AV25:AX25) -> 20.2 | AZ25: =AO25/AU25 -> 26.10261 | BA25: =AT25/AY25 -> 27.772277 | BB25: =C25-SUM(F25:K25,Y25) -> 4039.64 | BC25: =BB25/B25% -> 15.846075
A26: 22 | B26: ='22'!G7 -> 23759 | C26: ='22'!G8 -> 23946 | D26: ='22'!G15 -> 1004 | E26: ='22'!G20 -> 389 | F26: =SUM('22'!G35,'22'!G49) -> 3558.45 | G26: =SUM('22'!G37,'22'!G51) -> 1090 | H26: =SUM('22'!G38,'22'!G52) -> 2241 | I26: =SUM('22'!G39,'22'!G53) -> 4196 | J26: =SUM('22'!G41,'22'!G42,'22'!G55,'22'!G56) -> 6364 | K26: =SUM('22'!G43,'22'!G57) -> 2719 | L26: ='22'!G50 -> 1355 | M26: ='22'!G36 -> 979 | N26: ='22'!G138 -> 164 | O26: ='22'!$G$139 -> 127 | P26: ='22'!$G$140 -> 12 | Q26: ='22'!$G$141 -> 229 | R26: ='22'!$G$142 -> 82 | S26: ='22'!$G$145 -> 162 | T26: ='22'!$G$146 -> 56 | U26: ='22'!$G$144 -> 249 | V26: ='22'!$G$147 -> 402 | W26: ='22'!$G$148 -> 339 | X26: ='22'!$G$143 -> 28 | Y26: ='22'!$G$58 -> 224 | Z26: ='22'!$G$151 -> 40 | AA26: ='22'!G161 -> 334 | AB26: ='22'!G162 -> 23 | AC26: ='22'!G88 -> -0.09 | AD26: ='22'!G163+'22'!G164 -> 127 | AE26: ='22'!$G$116 -> 506 | AF26: ='22'!$G$117 -> 312 | AG26: ='22'!$G$118 -> 605 | AH26: ='22'!$G$119 -> 14 | AI26: ='22'!$G$120 -> 407 | AJ26: ='22'!$G$121 -> 414 | AK26: ='22'!$G$122 -> 342 | AL26: ='22'!$G$123 -> 296 | AM26: ='22'!$G$133 -> 863 | AN26: ='22'!$G$15 -> 1004 | AO26: ='22'!$G$74 -> 281 | AP26: ='22'!$G$75 -> 0 | AQ26: ='22'!$G$76 -> 121 | AR26: ='22'!$G$77 -> 43 | AS26: ='22'!$G$78 -> 0 | AT26: =AN26-SUM(AO26:AS26) -> 559 | AU26: =SUM('22'!G91:G92) -> 10.59 | AV26: ='22'!$G$88 -> -0.09 | AW26: ='22'!$G$89 -> 8.33 | AX26: ='22'!$G$90 -> 10 | AY26: =SUM(AV26:AX26) -> 18.24 | AZ26: =AO26/AU26 -> 26.534466 | BA26: =AT26/AY26 -> 30.64693 | BB26: =C26-SUM(F26:K26,Y26) -> 3553.55 | BC26: =BB26/B26% -> 14.956648
A27: 23 | B27: ='23'!G7 -> 21485 | C27: ='23'!G8 -> 21573 | D27: ='23'!G15 -> 963 | E27: ='23'!G20 -> 389 | F27: =SUM('23'!G35,'23'!G49) -> 3551 | G27: =SUM('23'!G37,'23'!G51) -> 1015.31 | H27: =SUM('23'!G38,'23'!G52) -> 2217 | I27: =SUM('23'!G39,'23'!G53) -> 4329 | J27: =SUM('23'!G41,'23'!G42,'23'!G55,'23'!G56) -> 5177 | K27: =SUM('23'!G43,'23'!G57) -> 2488.03 | L27: ='23'!G50 -> 1165 | M27: ='23'!G36 -> 714 | N27: ='23'!G138 -> 171 | O27: ='23'!G139 -> 137 | P27: ='23'!$G$140 -> 11 | Q27: ='23'!$G$141 -> 210 | R27: ='23'!$G$142 -> 83 | S27: ='23'!$G$145 -> 122 | T27: ='23'!$G$146 -> 18 | U27: ='23'!$G$144 -> 242 | V27: ='23'!$G$147 -> 360 | W27: ='23'!$G$148 -> 254 | X27: ='23'!$G$143 -> 27 | Y27: ='23'!$G$58 -> 237 | Z27: ='23'!$G$151 -> 19 | AA27: ='23'!$G$161 -> 68 | AB27: ='23'!G162 -> 23 | AC27: ='23'!G88 -> 6.07 | AD27: ='23'!G163+'23'!G164 -> 131 | AE27: ='23'!$G$116 -> 663 | AF27: ='23'!$G$117 -> 307 | AG27: ='23'!$G$118 -> 574 | AH27: ='23'!$G$119 -> 10 | AI27: ='23'!$G$120 -> 400 | AJ27: ='23'!$G$121 -> 409 | AK27: ='23'!$G$122 -> 347 | AL27: ='23'!$G$123 -> 301 | AM27: ='23'!$G$133 -> 740 | AN27: ='23'!$G$15 -> 963 | AO27: ='23'!$G$74 -> 291 | AP27: ='23'!$G$75 -> 0 | AQ27: ='23'!$G$76 -> 103 | AR27: ='23'!$G$77 -> 40 | AS27: ='23'!$G$78 -> 0 | AT27: =AN27-SUM(AO27:AS27) -> 529 | AU27: =SUM('23'!G91:G92) -> 11.18 | AV27: ='23'!$G$88 -> 6.07 | AW27: ='23'!$G$89 -> 3.95 | AX27: ='23'!$G$90 -> 9.95 | AY27: =SUM(AV27:AX27) -> 19.97 | AZ27: =AO27/AU27 -> 26.028623 | BA27: =AT27/AY27 -> 26.489735 | BB27: =C27-SUM(F27:K27,Y27) -> 2558.66 | BC27: =BB27/B27% -> 11.909053
A28: 24 | B28: ='24'!G7 -> 20236 | C28: ='24'!G8 -> 20323 | D28: ='24'!G15 -> 871 | E28: ='24'!G20 -> 202 | F28: =SUM('24'!G35,'24'!G49) -> 3434 | G28: =SUM('24'!G37,'24'!G51) -> 909.69 | H28: =SUM('24'!G38,'24'!G52) -> 2037 | I28: =SUM('24'!G39,'24'!G53) -> 4061.19 | J28: =SUM('24'!G41,'24'!G42,'24'!G55,'24'!G56) -> 4754 | K28: =SUM('24'!G43,'24'!G57) -> 2304 | L28: ='24'!G50 -> 1451 | M28: ='24'!G36 -> 605 | N28: ='24'!G138 -> 173 | O28: ='24'!G139 -> 124 | P28: ='24'!$G$140 -> 10 | Q28: ='24'!$G$141 -> 218 | R28: ='24'!$G$142 -> 88 | S28: ='24'!$G$145 -> 129 | T28: ='24'!$G$146 -> 41 | U28: ='24'!$G$144 -> 255 | V28: ='24'!$G$147 -> 397 | W28: ='24'!$G$148 -> 218 | X28: ='24'!$G$143 -> 23 | Y28: ='24'!$G$58 -> 184 | Z28: ='24'!$G$151 -> 26 | AA28: ='24'!G161 -> 287 | AB28: ='24'!G162 -> 24 | AC28: ='24'!G88 -> 2.02 | AD28: ='24'!G163+'24'!G164 -> 93 | AE28: ='24'!$G$116 -> 573 | AF28: ='24'!$G$117 -> 309 | AG28: ='24'!$G$118 -> 536 | AH28: ='24'!$G$119 -> 410 | AI28: ='24'!$G$120 -> 370 | AJ28: ='24'!$G$121 -> 388 | AK28: ='24'!$G$122 -> 351 | AL28: ='24'!$G$123 -> 295 | AM28: ='24'!$G$133 -> 743 | AN28: ='24'!$G$15 -> 871 | AO28: ='24'!$G$74 -> 287 | AP28: ='24'!$G$75 -> 0 | AQ28: ='24'!$G$76 -> 97 | AR28: ='24'!$G$77 -> 45 | AS28: ='24'!$G$78 -> 0 | AT28: =AN28-SUM(AO28:AS28) -> 442 | AU28: =SUM('24'!G91:G92) -> 11.31 | AV28: ='24'!$G$88 -> 2.02 | AW28: ='24'!$G$89 -> 5.05 | AX28: ='24'!$G$90 -> 8.42 | AY28: =SUM(AV28:AX28) -> 15.49 | AZ28: =AO28/AU28 -> 25.375774 | BA28: =AT28/AY28 -> 28.534538 | BB28: =C28-SUM(F28:K28,Y28) -> 2639.12 | BC28: =BB28/B28% -> 13.041708
