Workbook

Sheet TOTAL
A1: Site Name | B1: Day | C1: Month | D1: Year | E1: Total Electricity Kwh | F1: Electricity Tariff ($/Kwh) | G1: Natual Gas (Therms) | H1: Natural Gas $/Therms | I1: Water Utility Supply (USG) USG | J1: Water Utility Supply (USG) $/USG | K1: District Energy Heating Steam Mlbs | L1: District Energy Heating $/Steam Mlbs | M1: Room Nights
A2: San Francisco at Embarcadero | B2: 1 | C2: 10 | D2: 2022 | E2: =IF(OCTOBER!C8>0,OCTOBER!C8,0) -> 7800 | F2: 0.208 | G2: =IF(OCTOBER!E8>0,OCTOBER!E8,0) -> 50.256 | H2: 2.09 | I2: =IF((OCTOBER!I8+OCTOBER!O8)>0,(OCTOBER!I8+OCTOBER!O8),0) -> 12500 | J2: 0.0415 | K2: =IF((OCTOBER!G8+OCTOBER!M8)>0,(OCTOBER!G8+OCTOBER!M8),0) -> 16.6 | L2: 51.8 | M2: =OCTOBER!R8 -> 103
A3: San Francisco at Embarcadero | B3: =B2+1 -> 2 | C3: 10 | D3: 2022 | E3: =IF(OCTOBER!C9>0,OCTOBER!C9,0) -> 7200 | F3: 0.208 | G3: =IF(OCTOBER!E9>0,OCTOBER!E9,0) -> 49.209 | H3: 2.09 | I3: =IF((OCTOBER!I9+OCTOBER!O9)>0,(OCTOBER!I9+OCTOBER!O9),0) -> 10026 | J3: 0.0415 | K3: =IF((OCTOBER!G9+OCTOBER!M9)>0,(OCTOBER!G9+OCTOBER!M9),0) -> 14.3 | L3: 51.8 | M3: =OCTOBER!R9 -> 102
A4: San Francisco at Embarcadero | B4: =B3+1 -> 3 | C4: 10 | D4: 2022 | E4: =IF(OCTOBER!C10>0,OCTOBER!C10,0) -> 7200 | F4: 0.208 | G4: =IF(OCTOBER!E10>0,OCTOBER!E10,0) -> 45.021 | H4: 2.09 | I4: =IF((OCTOBER!I10+OCTOBER!O10)>0,(OCTOBER!I10+OCTOBER!O10),0) -> 10430 | J4: 0.0415 | K4: =IF((OCTOBER!G10+OCTOBER!M10)>0,(OCTOBER!G10+OCTOBER!M10),0) -> 15.2 | L4: 51.8 | M4: =OCTOBER!R10 -> 95
A5: San Francisco at Embarcadero | B5: =B4+1 -> 4 | C5: 10 | D5: 2022 | E5: =IF(OCTOBER!C11>0,OCTOBER!C11,0) -> 7500 | F5: 0.208 | G5: =IF(OCTOBER!E11>0,OCTOBER!E11,0) -> 50.256 | H5: 2.09 | I5: =IF((OCTOBER!I11+OCTOBER!O11)>0,(OCTOBER!I11+OCTOBER!O11),0) -> 10451 | J5: 0.0415 | K5: =IF((OCTOBER!G11+OCTOBER!M11)>0,(OCTOBER!G11+OCTOBER!M11),0) -> 15.8 | L5: 51.8 | M5: =OCTOBER!R11 -> 123
A6: San Francisco at Embarcadero | B6: =B5+1 -> 5 | C6: 10 | D6: 2022 | E6: =IF(OCTOBER!C12>0,OCTOBER!C12,0) -> 7200 | F6: 0.208 | G6: =IF(OCTOBER!E12>0,OCTOBER!E12,0) -> 49.209 | H6: 2.09 | I6: =IF((OCTOBER!I12+OCTOBER!O12)>0,(OCTOBER!I12+OCTOBER!O12),0) -> 9143 | J6: 0.0415 | K6: =IF((OCTOBER!G12+OCTOBER!M12)>0,(OCTOBER!G12+OCTOBER!M12),0) -> 15.3 | L6: 51.8 | M6: =OCTOBER!R12 -> 113
A7: San Francisco at Embarcadero | B7: =B6+1 -> 6 | C7: 10 | D7: 2022 | E7: =IF(OCTOBER!C13>0,OCTOBER!C13,0) -> 7800 | F7: 0.208 | G7: =IF(OCTOBER!E13>0,OCTOBER!E13,0) -> 50.256 | H7: 2.09 | I7: =IF((OCTOBER!I13+OCTOBER!O13)>0,(OCTOBER!I13+OCTOBER!O13),0) -> 10050 | J7: 0.0415 | K7: =IF((OCTOBER!G13+OCTOBER!M13)>0,(OCTOBER!G13+OCTOBER!M13),0) -> 16.5 | L7: 51.8 | M7: =OCTOBER!R13 -> 91
A8: San Francisco at Embarcadero | B8: =B7+1 -> 7 | C8: 10 | D8: 2022 | E8: =IF(OCTOBER!C14>0,OCTOBER!C14,0) -> 6900 | F8: 0.208 | G8: =IF(OCTOBER!E14>0,OCTOBER!E14,0) -> 45.021 | H8: 2.09 | I8: =IF((OCTOBER!I14+OCTOBER!O14)>0,(OCTOBER!I14+OCTOBER!O14),0) -> 8020 | J8: 0.0415 | K8: =IF((OCTOBER!G14+OCTOBER!M14)>0,(OCTOBER!G14+OCTOBER!M14),0) -> 15 | L8: 51.8 | M8: =OCTOBER!R14 -> 108
A9: San Francisco at Embarcadero | B9: =B8+1 -> 8 | C9: 10 | D9: 2022 | E9: =IF(OCTOBER!C15>0,OCTOBER!C15,0) -> 8100 | F9: 0.208 | G9: =IF(OCTOBER!E15>0,OCTOBER!E15,0) -> 52.35 | H9: 2.09 | I9: =IF((OCTOBER!I15+OCTOBER!O15)>0,(OCTOBER!I15+OCTOBER!O15),0) -> 11705 | J9: 0.0415 | K9: =IF((OCTOBER!G15+OCTOBER!M15)>0,(OCTOBER!G15+OCTOBER!M15),0) -> 16.4 | L9: 51.8 | M9: =OCTOBER!R15 -> 127
A10: San Francisco at Embarcadero | B10: =B9+1 -> 9 | C10: 10 | D10: 2022 | E10: =IF(OCTOBER!C16>0,OCTOBER!C16,0) -> 10200 | F10: 0.208 | G10: =IF(OCTOBER!E16>0,OCTOBER!E16,0) -> 70.149 | H10: 2.09 | I10: =IF((OCTOBER!I16+OCTOBER!O16)>0,(OCTOBER!I16+OCTOBER!O16),0) -> 19969 | J10: 0.0415 | K10: =IF((OCTOBER!G16+OCTOBER!M16)>0,(OCTOBER!G16+OCTOBER!M16),0) -> 16.8 | L10: 51.8 | M10: =OCTOBER!R16 -> 130
A11: San Francisco at Embarcadero | B11: =B10+1 -> 10 | C11: 10 | D11: 2022 | E11: =IF(OCTOBER!C17>0,OCTOBER!C17,0) -> 3600 | F11: 0.208 | G11: =IF(OCTOBER!E17>0,OCTOBER!E17,0) -> 23.034 | H11: 2.09 | I11: =IF((OCTOBER!I17+OCTOBER!O17)>0,(OCTOBER!I17+OCTOBER!O17),0) -> 4762 | J11: 0.0415 | K11: =IF((OCTOBER!G17+OCTOBER!M17)>0,(OCTOBER!G17+OCTOBER!M17),0) -> 15.2 | L11: 51.8 | M11: =OCTOBER!R17 -> 98
A12: San Francisco at Embarcadero | B12: =B11+1 -> 11 | C12: 10 | D12: 2022 | E12: =IF(OCTOBER!C18>0,OCTOBER!C18,0) -> 6900 | F12: 0.208 | G12: =IF(OCTOBER!E18>0,OCTOBER!E18,0) -> 49.209 | H12: 2.09 | I12: =IF((OCTOBER!I18+OCTOBER!O18)>0,(OCTOBER!I18+OCTOBER!O18),0) -> 9945 | J12: 0.0415 | K12: =IF((OCTOBER!G18+OCTOBER!M18)>0,(OCTOBER!G18+OCTOBER!M18),0) -> 15.6 | L12: 51.8 | M12: =OCTOBER!R18 -> 98
A13: San Francisco at Embarcadero | B13: =B12+1 -> 12 | C13: 10 | D13: 2022 | E13: =IF(OCTOBER!C19>0,OCTOBER!C19,0) -> 6900 | F13: 0.208 | G13: =IF(OCTOBER!E19>0,OCTOBER!E19,0) -> 51.303 | H13: 2.09 | I13: =IF((OCTOBER!I19+OCTOBER!O19)>0,(OCTOBER!I19+OCTOBER!O19),0) -> 9654 | J13: 0.0415 | K13: =IF((OCTOBER!G19+OCTOBER!M19)>0,(OCTOBER!G19+OCTOBER!M19),0) -> 15.4 | L13: 51.8 | M13: =OCTOBER!R19 -> 128
A14: San Francisco at Embarcadero | B14: =B13+1 -> 13 | C14: 10 | D14: 2022 | E14: =IF(OCTOBER!C20>0,OCTOBER!C20,0) -> 7200 | F14: 0.208 | G14: =IF(OCTOBER!E20>0,OCTOBER!E20,0) -> 53.397 | H14: 2.09 | I14: =IF((OCTOBER!I20+OCTOBER!O20)>0,(OCTOBER!I20+OCTOBER!O20),0) -> 10290 | J14: 0.0415 | K14: =IF((OCTOBER!G20+OCTOBER!M20)>0,(OCTOBER!G20+OCTOBER!M20),0) -> 15.7 | L14: 51.8 | M14: =OCTOBER!R20 -> 137
... A32: San Francisco at Embarcadero | B32: =B31+1 -> 31 | C32: 10 | D32: 2022 | E32: =IF(OCTOBER!C38>0,OCTOBER!C38,0) -> 5700 | F32: 0.208 | G32: =IF(OCTOBER!E38>0,OCTOBER!E38,0) -> 0 | H32: 2.09 | I32: =IF((OCTOBER!I38+OCTOBER!O38)>0,(OCTOBER!I38+OCTOBER!O38),0) -> 5890 | J32: 0.0415 | K32: =IF((OCTOBER!G38+OCTOBER!M38)>0,(OCTOBER!G38+OCTOBER!M38),0) -> 9.7 | L32: 51.8 | M32: =OCTOBER!R38 -> 47

Sheet OCTOBER
A2: MONTHLY METER READINGS: October 2022
A6: PREVIOUS Meter Reading | B6: =[1]SEPTEMBER!B37 -> 24041 | D6: =[1]SEPTEMBER!D37 -> 57094 | F6: =[1]SEPTEMBER!F37 -> 34241 | H6: =[1]SEPTEMBER!H37 -> 11241970 | J6: =[1]SEPTEMBER!J37 -> 421095 | L6: =[1]SEPTEMBER!L37 -> 35658 | N6: =[1]SEPTEMBER!N37 -> 31059200 | P6: =[1]SEPTEMBER!P37 -> 6373824
A7: DATE | B7: 1B ELECTRIC (kWh) | C7: Usage (kWh) | D7: 1B GAS (CCF) | E7: Usage (Therms) | F7: 1B STEAM (Mlbs) | G7: Usage (Mlbs) | H7: 1B WATER (Gallons) | I7: Usage (Gallons) | J7: 4TH CT - 5 (Gallons) | K7: Usage (Gallons) | L7: 36TH STEAM (Mlbs) | M7: Usage (Mlbs) | N7: 36TH WATER (Gallons) | O7: Usage (Gallons) | P7: EAST PENT.CT -3 (Gallons) | Q7: Usage (Gallons) | R7: Room Nights | S7: High Temp | T7: Low Temp | U7: Avg Temp | V7: Heating Degree Day (HDD) | W7: Cooling Degree Day (CDD)
A8: 1 | B8: 24067 | C8: =+(B8-B6)*300 -> 7800 | D8: 57142 | E8: =+(D8-D6)*1.047 -> 50.256 | F8: 34319 | G8: =+(F8-F6)*0.1 -> 7.8 | H8: 11244610 | I8: =+H8-H6 -> 2640 | J8: 421703 | K8: =+J8-J6 -> 608 | L8: 35746 | M8: =+(L8-L6)*0.1 -> 8.8 | N8: 31069060 | O8: =+N8-N6 -> 9860 | P8: 6376128 | Q8: =+P8-P6 -> 2304 | R8: 103 | S8: 67 | T8: 56 | U8: =(S8+T8)/2 -> 61.5 | V8: =65-U8 -> 3.5 | W8: 0
A9: 2 | B9: 24091 | C9: =+(B9-B8)*300 -> 7200 | D9: 57189 | E9: =+(D9-D8)*1.047 -> 49.209 | F9: 34395 | G9: =+(F9-F8)*0.1 -> 7.6 | H9: 11247067 | I9: =+H9-H8 -> 2457 | J9: 423033 | K9: =+J9-J8 -> 1330 | L9: 35813 | M9: =+(L9-L8)*0.1 -> 6.7 | N9: 31076629 | O9: =+N9-N8 -> 7569 | P9: 6376237 | Q9: =+P9-P8 -> 109 | R9: 102 | S9: 68 | T9: 57 | U9: =(S9+T9)/2 -> 62.5 | V9: =65-U9 -> 2.5 | W9: 0
A10: 3 | B10: 24115 | C10: =+(B10-B9)*300 -> 7200 | D10: 57232 | E10: =+(D10-D9)*1.047 -> 45.021 | F10: 34467 | G10: =+(F10-F9)*0.1 -> 7.2 | H10: 11249394 | I10: =+H10-H9 -> 2327 | J10: 423899 | K10: =+J10-J9 -> 866 | L10: 35893 | M10: =+(L10-L9)*0.1 -> 8 | N10: 31084732 | O10: =+N10-N9 -> 8103 | P10: 6377145 | Q10: =+P10-P9 -> 908 | R10: 95 | S10: 70 | T10: 57 | U10: =(S10+T10)/2 -> 63.5 | V10: =65-U10 -> 1.5 | W10: 0
A11: 4 | B11: 24140 | C11: =+(B11-B10)*300 -> 7500 | D11: 57280 | E11: =+(D11-D10)*1.047 -> 50.256 | F11: 34542 | G11: =+(F11-F10)*0.1 -> 7.5 | H11: 11251681 | I11: =+H11-H10 -> 2287 | J11: 424856 | K11: =+J11-J10 -> 957 | L11: 35976 | M11: =+(L11-L10)*0.1 -> 8.3 | N11: 31092896 | O11: =+N11-N10 -> 8164 | P11: 6378369 | Q11: =+P11-P10 -> 1224 | R11: 123 | S11: 67 | T11: 55 | U11: =(S11+T11)/2 -> 61 | V11: =65-U11 -> 4 | W11: 0
A12: 5 | B12: 24164 | C12: =+(B12-B11)*300 -> 7200 | D12: 57327 | E12: =+(D12-D11)*1.047 -> 49.209 | F12: 34614 | G12: =+(F12-F11)*0.1 -> 7.2 | H12: 11253780 | I12: =+H12-H11 -> 2099 | J12: 425557 | K12: =+J12-J11 -> 701 | L12: 36057 | M12: =+(L12-L11)*0.1 -> 8.1 | N12: 31099940 | O12: =+N12-N11 -> 7044 | P12: 6378883 | Q12: =+P12-P11 -> 514 | R12: 113 | S12: 72 | T12: 55 | U12: =(S12+T12)/2 -> 63.5 | V12: =65-U12 -> 1.5 | W12: 0
A13: 6 | B13: 24190 | C13: =+(B13-B12)*300 -> 7800 | D13: 57375 | E13: =+(D13-D12)*1.047 -> 50.256 | F13: 34692 | G13: =+(F13-F12)*0.1 -> 7.8 | H13: 11256070 | I13: =+H13-H12 -> 2290 | J13: 426235 | K13: =+J13-J12 -> 678 | L13: 36144 | M13: =+(L13-L12)*0.1 -> 8.7 | N13: 31107700 | O13: =+N13-N12 -> 7760 | P13: 6379814 | Q13: =+P13-P12 -> 931 | R13: 91 | S13: 69 | T13: 54 | U13: =(S13+T13)/2 -> 61.5 | V13: =65-U13 -> 3.5 | W13: 0
A14: 7 | B14: 24213 | C14: =+(B14-B13)*300 -> 6900 | D14: 57418 | E14: =+(D14-D13)*1.047 -> 45.021 | F14: 34765 | G14: =+(F14-F13)*0.1 -> 7.3 | H14: 11258060 | I14: =+H14-H13 -> 1990 | J14: 426815 | K14: =+J14-J13 -> 580 | L14: 36221 | M14: =+(L14-L13)*0.1 -> 7.7 | N14: 31113730 | O14: =+N14-N13 -> 6030 | P14: 6380573 | Q14: =+P14-P13 -> 759 | R14: 108 | S14: 70 | T14: 53 | U14: =(S14+T14)/2 -> 61.5 | V14: =65-U14 -> 3.5 | W14: 0
A15: 8 | B15: 24240 | C15: =+(B15-B14)*300 -> 8100 | D15: 57468 | E15: =+(D15-D14)*1.047 -> 52.35 | F15: 34843 | G15: =+(F15-F14)*0.1 -> 7.8 | H15: 11260225 | I15: =+H15-H14 -> 2165 | J15: 427384 | K15: =+J15-J14 -> 569 | L15: 36307 | M15: =+(L15-L14)*0.1 -> 8.6 | N15: 31123270 | O15: =+N15-N14 -> 9540 | P15: 6381298 | Q15: =+P15-P14 -> 725 | R15: 127 | S15: 66 | T15: 54 | U15: =(S15+T15)/2 -> 60 | V15: =65-U15 -> 5 | W15: 0
A16: 9 | B16: 24274 | C16: =+(B16-B15)*300 -> 10200 | D16: 57535 | E16: =+(D16-D15)*1.047 -> 70.149 | F16: 34950 | G16: =+(F16-F15)*0.1 -> 10.7 | H16: 11263894 | I16: =+H16-H15 -> 3669 | J16: 427794 | K16: =+J16-J15 -> 410 | L16: 36368 | M16: =+(L16-L15)*0.1 -> 6.1 | N16: 31139570 | O16: =+N16-N15 -> 16300 | P16: 6382081 | Q16: =+P16-P15 -> 783 | R16: 130 | S16: 63 | T16: 54 | U16: =(S16+T16)/2 -> 58.5 | V16: =65-U16 -> 6.5 | W16: 0
A17: 10 | B17: 24286 | C17: =+(B17-B16)*300 -> 3600 | D17: 57557 | E17: =+(D17-D16)*1.047 -> 23.034 | F17: 34990 | G17: =+(F17-F16)*0.1 -> 4 | H17: 11264445 | I17: =+H17-H16 -> 551 | J17: 427852 | K17: =+J17-J16 -> 58 | L17: 36480 | M17: =+(L17-L16)*0.1 -> 11.2 | N17: 31143781 | O17: =+N17-N16 -> 4211 | P17: 6382094 | Q17: =+P17-P16 -> 13 | R17: 98 | S17: 67 | T17: 52 | U17: =(S17+T17)/2 -> 59.5 | V17: =65-U17 -> 5.5 | W17: 0
A18: 11 | B18: 24309 | C18: =+(B18-B17)*300 -> 6900 | D18: 57604 | E18: =+(D18-D17)*1.047 -> 49.209 | F18: 35064 | G18: =+(F18-F17)*0.1 -> 7.4 | H18: 11266787 | I18: =+H18-H17 -> 2342 | J18: 428234 | K18: =+J18-J17 -> 382 | L18: 36562 | M18: =+(L18-L17)*0.1 -> 8.2 | N18: 31151384 | O18: =+N18-N17 -> 7603 | P18: 6382445 | Q18: =+P18-P17 -> 351 | R18: 98 | S18: 65 | T18: 53 | U18: =(S18+T18)/2 -> 59 | V18: =65-U18 -> 6 | W18: 0
A19: 12 | B19: 24332 | C19: =+(B19-B18)*300 -> 6900 | D19: 57653 | E19: =+(D19-D18)*1.047 -> 51.303 | F19: 35139 | G19: =+(F19-F18)*0.1 -> 7.5 | H19: 11269315 | I19: =+H19-H18 -> 2528 | J19: 428666 | K19: =+J19-J18 -> 432 | L19: 36641 | M19: =+(L19-L18)*0.1 -> 7.9 | N19: 31158510 | O19: =+N19-N18 -> 7126 | P19: 6382750 | Q19: =+P19-P18 -> 305 | R19: 128 | S19: 62 | T19: 53 | U19: =(S19+T19)/2 -> 57.5 | V19: =65-U19 -> 7.5 | W19: 0
A20: 13 | B20: 24356 | C20: =+(B20-B19)*300 -> 7200 | D20: 57704 | E20: =+(D20-D19)*1.047 -> 53.397 | F20: 35214 | G20: =+(F20-F19)*0.1 -> 7.5 | H20: 11271865 | I20: =+H20-H19 -> 2550 | J20: 429155 | K20: =+J20-J19 -> 489 | L20: 36723 | M20: =+(L20-L19)*0.1 -> 8.2 | N20: 31166250 | O20: =+N20-N19 -> 7740 | P20: 6382979 | Q20: =+P20-P19 -> 229 | R20: 137 | S20: 62 | T20: 53 | U20: =(S20+T20)/2 -> 57.5 | V20: =65-U20 -> 7.5 | W20: 0
... A24: 17 | B24: 24445 | C24: =+(B24-B23)*300 -> 5400 | D24: 57891 | E24: =+(D24-D23)*1.047 -> 36.645 | F24: 35519 | G24: =+(F24-F23)*0.1 -> 6.5 | H24: 11281550 | I24: =+H24-H23 -> 1611 | J24: 432172 | K24: =+J24-J23 -> 892 | L24: 37046 | M24: =+(L24-L23)*0.1 -> 6.6 | N24: 31197929 | O24: =+N24-N23 -> 5631 | P24: 6384197 | Q24: =+P24-P23 -> 201 | R24: 101 | S24: 68 | T24: 55 | U24: =(S24+T24)/2 -> 61.5 | V24: =65-U24 -> 3.5 | W24: 0
A25: 18 | B25: 24470 | C25: =+(B25-B24)*300 -> 7500 | D25: 57943 | E25: =+(D25-D24)*1.047 -> 54.444 | F25: 35595 | G25: =+(F25-F24)*0.1 -> 7.6 | H25: 11284284 | I25: =+H25-H24 -> 2734 | J25: 432942 | K25: =+J25-J24 -> 770 | L25: 37123 | M25: =+(L25-L24)*0.1 -> 7.7 | N25: 31205600 | O25: =+N25-N24 -> 7671 | P25: 6385030 | Q25: =+P25-P24 -> 833 | R25: 140 | S25: 75 | T25: 56 | U25: =(S25+T25)/2 -> 65.5 | V25: 0 | W25: =U25-65 -> 0.5
A26: 19 | B26: 24497 | C26: =+(B26-B25)*300 -> 8100 | D26: 57993 | E26: =+(D26-D25)*1.047 -> 52.35 | F26: 35600 | G26: =+(F26-F25)*0.1 -> 0.5 | H26: 11287230 | I26: =+H26-H25 -> 2946 | J26: 433978 | K26: =+J26-J25 -> 1036 | L26: 37201 | M26: =+(L26-L25)*0.1 -> 7.8 | N26: 31215350 | O26: =+N26-N25 -> 9750 | P26: 6387127 | Q26: =+P26-P25 -> 2097 | R26: 154 | S26: 81 | T26: 53 | U26: =(S26+T26)/2 -> 67 | V26: 0 | W26: =U26-65 -> 2
A27: 20 | B27: 24526 | C27: =+(B27-B26)*300 -> 8700 | D27: 58040 | E27: =+(D27-D26)*1.047 -> 49.209 | F27: 35620 | G27: =+(F27-F26)*0.1 -> 2 | H27: 11290560 | I27: =+H27-H26 -> 3330 | J27: 435120 | K27: =+J27-J26 -> 1142 | L27: 37280 | M27: =+(L27-L26)*0.1 -> 7.9 | N27: 31226110 | O27: =+N27-N26 -> 10760 | P27: 6389808 | Q27: =+P27-P26 -> 2681 | R27: 154 | S27: 69 | T27: 54 | U27: =(S27+T27)/2 -> 61.5 | V27: =65-U27 -> 3.5 | W27: 0
A28: 21 | B28: 24553 | C28: =+(B28-B27)*300 -> 8100 | D28: 58088 | E28: =+(D28-D27)*1.047 -> 50.256 | F28: 35631 | G28: =+(F28-F27)*0.1 -> 1.1 | H28: 11293280 | I28: =+H28-H27 -> 2720 | J28: 435659 | K28: =+J28-J27 -> 539 | L28: 37351 | M28: =+(L28-L27)*0.1 -> 7.1 | N28: 31234840 | O28: =+N28-N27 -> 8730 | P28: 6391091 | Q28: =+P28-P27 -> 1283 | R28: 118 | S28: 63 | T28: 54 | U28: =(S28+T28)/2 -> 58.5 | V28: =65-U28 -> 6.5 | W28: 0
A29: 22 | B29: 24577 | C29: =+(B29-B28)*300 -> 7200 | D29: 58139 | E29: =+(D29-D28)*1.047 -> 53.397 | F29: 35640 | G29: =+(F29-F28)*0.1 -> 0.9 | H29: 11295720 | I29: =+H29-H28 -> 2440 | J29: 436280 | K29: =+J29-J28 -> 621 | L29: 37423 | M29: =+(L29-L28)*0.1 -> 7.2 | N29: 31242170 | O29: =+N29-N28 -> 7330 | P29: 6391124 | Q29: =+P29-P28 -> 33 | R29: 101 | S29: 66 | T29: 55 | U29: =(S29+T29)/2 -> 60.5 | V29: =65-U29 -> 4.5 | W29: 0
A30: 23 | B30: 24598 | C30: =+(B30-B29)*300 -> 6300 | D30: 58180 | E30: =+(D30-D29)*1.047 -> 42.927 | F30: 35684 | G30: =+(F30-F29)*0.1 -> 4.4 | H30: 11297461 | I30: =+H30-H29 -> 1741 | J30: 436735 | K30: =+J30-J29 -> 455 | L30: 37511 | M30: =+(L30-L29)*0.1 -> 8.8 | N30: 31250605 | O30: =+N30-N29 -> 8435 | P30: 6392139 | Q30: =+P30-P29 -> 1015 | R30: 65 | S30: 67 | T30: 51 | U30: =(S30+T30)/2 -> 59 | V30: =65-U30 -> 6 | W30: 0
A31: 24 | B31: 24621 | C31: =+(B31-B30)*300 -> 6900 | D31: 58223 | E31: =+(D31-D30)*1.047 -> 45.021 | F31: 35730 | G31: =+(F31-F30)*0.1 -> 4.6 | H31: 11299495 | I31: =+H31-H30 -> 2034 | J31: 437414 | K31: =+J31-J30 -> 679 | L31: 37600 | M31: =+(L31-L30)*0.1 -> 8.9 | N31: 31258838 | O31: =+N31-N30 -> 8233 | P31: 6393229 | Q31: =+P31-P30 -> 1090 | R31: 126 | S31: 68 | T31: 55 | U31: =(S31+T31)/2 -> 61.5 | V31: =65-U31 -> 3.5 | W31: 0
A32: 25 | B32: 24646 | C32: =+(B32-B31)*300 -> 7500 | D32: 58270 | E32: =+(D32-D31)*1.047 -> 49.209 | F32: 35777 | G32: =+(F32-F31)*0.1 -> 4.7 | H32: 11302020 | I32: =+H32-H31 -> 2525 | J32: 438195 | K32: =+J32-J31 -> 781 | L32: 37687 | M32: =+(L32-L31)*0.1 -> 8.7 | N32: 31266385 | O32: =+N32-N31 -> 7547 | P32: 6394221 | Q32: =+P32-P31 -> 992 | R32: 146 | S32: 63 | T32: 50 | U32: =(S32+T32)/2 -> 56.5 | V32: =65-U32 -> 8.5 | W32: 0
A33: 26 | B33: 24670 | C33: =+(B33-B32)*300 -> 7200 | D33: 58318 | E33: =+(D33-D32)*1.047 -> 50.256 | F33: 35822 | G33: =+(F33-F32)*0.1 -> 4.5 | H33: 11304425 | I33: =+H33-H32 -> 2405 | J33: 438721 | K33: =+J33-J32 -> 526 | L33: 37771 | M33: =+(L33-L32)*0.1 -> 8.4 | N33: 31274710 | O33: =+N33-N32 -> 8325 | P33: 6395285 | Q33: =+P33-P32 -> 1064 | R33: 154 | S33: 64 | T33: 47 | U33: =(S33+T33)/2 -> 55.5 | V33: =65-U33 -> 9.5 | W33: 0
A34: 27 | B34: 24694 | C34: =+(B34-B33)*300 -> 7200 | D34: 58367 | E34: =+(D34-D33)*1.047 -> 51.303 | F34: 35877 | G34: =+(F34-F33)*0.1 -> 5.5 | H34: 11306805 | I34: =+H34-H33 -> 2380 | J34: 439210 | K34: =+J34-J33 -> 489 | L34: 37840 | M34: =+(L34-L33)*0.1 -> 6.9 | N34: 31283280 | O34: =+N34-N33 -> 8570 | P34: 6396015 | Q34: =+P34-P33 -> 730 | R34: 130 | S34: 66 | T34: 47 | U34: =(S34+T34)/2 -> 56.5 | V34: =65-U34 -> 8.5 | W34: 0
A35: 28 | B35: 24718 | C35: =+(B35-B34)*300 -> 7200 | D35: 58415 | E35: =+(D35-D34)*1.047 -> 50.256 | F35: 35911 | G35: =+(F35-F34)*0.1 -> 3.4 | H35: 11309575 | I35: =+H35-H34 -> 2770 | J35: 439982 | K35: =+J35-J34 -> 772 | L35: 37917 | M35: =+(L35-L34)*0.1 -> 7.7 | N35: 31290845 | O35: =+N35-N34 -> 7565 | P35: 6396840 | Q35: =+P35-P34 -> 825 | R35: 100 | S35: 60 | T35: 48 | U35: =(S35+T35)/2 -> 54 | V35: =65-U35 -> 11 | W35: 0
A36: 29 | B36: 24742 | C36: =+(B36-B35)*300 -> 7200 | D36: 58465 | E36: =+(D36-D35)*1.047 -> 52.35 | F36: 35954 | G36: =+(F36-F35)*0.1 -> 4.3 | H36: 11311960 | I36: =+H36-H35 -> 2385 | J36: 440356 | K36: =+J36-J35 -> 374 | L36: 37997 | M36: =+(L36-L35)*0.1 -> 8 | N36: 31298255 | O36: =+N36-N35 -> 7410 | P36: 6397495 | Q36: =+P36-P35 -> 655 | R36: 85 | S36: 65 | T36: 51 | U36: =(S36+T36)/2 -> 58 | V36: =65-U36 -> 7 | W36: 0
A37: 30 | B37: 24766 | C37: =+(B37-B36)*300 -> 7200 | D37: 58579 | E37: =+(D37-D36)*1.047 -> 119.358 | F37: 36003 | G37: =+(F37-F36)*0.1 -> 4.9 | H37: 11314240 | I37: =+H37-H36 -> 2280 | J37: 440812 | K37: =+J37-J36 -> 456 | L37: 38086 | M37: =+(L37-L36)*0.1 -> 8.9 | N37: 31306957 | O37: =+N37-N36 -> 8702 | P37: 6398142 | Q37: =+P37-P36 -> 647 | R37: 76 | S37: 61 | T37: 51 | U37: =(S37+T37)/2 -> 56 | V37: =65-U37 -> 9 | W37: 0
A38: 31 | B38: 24785 | C38: =+(B38-B37)*300 -> 5700 | D38: 58557 | E38: =+(D38-D37)*1.047 -> -23.034 | F38: 36039 | G38: =+(F38-F37)*0.1 -> 3.6 | H38: 11316025 | I38: =+H38-H37 -> 1785 | J38: 441154 | K38: =+J38-J37 -> 342 | L38: 38147 | M38: =+(L38-L37)*0.1 -> 6.1 | N38: 31311062 | O38: =+N38-N37 -> 4105 | P38: 6398730 | Q38: =+P38-P37 -> 588 | R38: 47 | S38: 60 | T38: 53 | U38: =(S38+T38)/2 -> 56.5 | V38: =65-U38 -> 8.5 | W38: 0
A40: Total | C40: =SUM(C8:C39) -> 223200 | E40: =SUM(E8:E39) -> 1531.761 | G40: =SUM(G8:G39) -> 179.8 | I40: =SUM(I8:I39) -> 74055 | K40: =SUM(K8:K39) -> 20059 | M40: =SUM(M8:M39) -> 248.9 | O40: =SUM(O8:O39) -> 251862 | Q40: =SUM(Q8:Q39) -> 24906 | R40: =SUM(R8:R39) -> 3480 | V40: =SUM(V8:V38) -> 164.5 | W40: =SUM(W8:W39) -> 2.5
