Workbook

Sheet TOTAL
A1: Site Name | B1: Day | C1: Month | D1: Year | E1: Total Electricity Kwh | F1: Electricity Tariff ($/Kwh) | G1: Natual Gas (m3) | H1: Natural Gas $/m3 | I1: Water Utility Supply (m3) m3 | J1: Water Utility Supply (m3) $/m3 | K1: Room Nights | L1: Total Guests
A2: Geneva | B2: 1 | C2: 12 | D2: =Submetering!D2 -> 2022 | E2: =Submetering!E2 -> 7989.68 | F2: 0.12 | G2: =Submetering!F2+Submetering!G2 -> 426.66 | H2: =0.09793*10.7 -> 1.047851 | I2: =Submetering!J2+Submetering!I2+Submetering!H2 -> 77.64 | J2: 3.73904 | K2: =Submetering!K2 -> 62 | L2: =Submetering!L2 -> 0
A3: Geneva | B3: =B2+1 -> 2 | C3: =C2 -> 12 | D3: =Submetering!D3 -> 2022 | E3: =Submetering!E3 -> 8198.48 | F3: 0.12 | G3: =Submetering!F3+Submetering!G3 -> 343.47 | H3: =H2 -> 1.047851 | I3: =Submetering!J3+Submetering!I3+Submetering!H3 -> 87.02 | J3: =J2 -> 3.73904 | K3: =Submetering!K3 -> 64 | L3: =Submetering!L3 -> 0
A4: Geneva | B4: =B3+1 -> 3 | C4: =C3 -> 12 | D4: =Submetering!D4 -> 2022 | E4: =Submetering!E4 -> 7884.56 | F4: 0.12 | G4: =Submetering!F4+Submetering!G4 -> 515.03 | H4: =H3 -> 1.047851 | I4: =Submetering!J4+Submetering!I4+Submetering!H4 -> 84 | J4: =J3 -> 3.73904 | K4: =Submetering!K4 -> 71 | L4: =Submetering!L4 -> 0
A5: Geneva | B5: =B4+1 -> 4 | C5: =C4 -> 12 | D5: =Submetering!D5 -> 2022 | E5: =Submetering!E5 -> 0 | F5: 0.12 | G5: =Submetering!F5+Submetering!G5 -> 0 | H5: =H4 -> 1.047851 | I5: =Submetering!J5+Submetering!I5+Submetering!H5 -> 0 | J5: =J4 -> 3.73904 | K5: =Submetering!K5 -> 47 | L5: =Submetering!L5 -> 0
A6: Geneva | B6: =B5+1 -> 5 | C6: =C5 -> 12 | D6: =Submetering!D6 -> 2022 | E6: =Submetering!E6 -> 0 | F6: 0.12 | G6: =Submetering!F6+Submetering!G6 -> 0 | H6: =H5 -> 1.047851 | I6: =Submetering!J6+Submetering!I6+Submetering!H6 -> 0 | J6: =J5 -> 3.73904 | K6: =Submetering!K6 -> 0 | L6: =Submetering!L6 -> 0
A7: Geneva | B7: =B6+1 -> 6 | C7: =C6 -> 12 | D7: =Submetering!D7 -> 2022 | E7: =Submetering!E7 -> 0 | F7: 0.12 | G7: =Submetering!F7+Submetering!G7 -> 0 | H7: =H6 -> 1.047851 | I7: =Submetering!J7+Submetering!I7+Submetering!H7 -> 0 | J7: =J6 -> 3.73904 | K7: =Submetering!K7 -> 0 | L7: =Submetering!L7 -> 0
A8: Geneva | B8: =B7+1 -> 7 | C8: =C7 -> 12 | D8: =Submetering!D8 -> 2022 | E8: =Submetering!E8 -> 0 | F8: 0.12 | G8: =Submetering!F8+Submetering!G8 -> 0 | H8: =H7 -> 1.047851 | I8: =Submetering!J8+Submetering!I8+Submetering!H8 -> 0 | J8: =J7 -> 3.73904 | K8: =Submetering!K8 -> 0 | L8: =Submetering!L8 -> 0
A9: Geneva | B9: =B8+1 -> 8 | C9: =C8 -> 12 | D9: =Submetering!D9 -> 2022 | E9: =Submetering!E9 -> 0 | F9: 0.12 | G9: =Submetering!F9+Submetering!G9 -> 0 | H9: =H8 -> 1.047851 | I9: =Submetering!J9+Submetering!I9+Submetering!H9 -> 0 | J9: =J8 -> 3.73904 | K9: =Submetering!K9 -> 0 | L9: =Submetering!L9 -> 0
A10: Geneva | B10: =B9+1 -> 9 | C10: =C9 -> 12 | D10: =Submetering!D10 -> 2022 | E10: =Submetering!E10 -> 0 | F10: 0.12 | G10: =Submetering!F10+Submetering!G10 -> 0 | H10: =H9 -> 1.047851 | I10: =Submetering!J10+Submetering!I10+Submetering!H10 -> 0 | J10: =J9 -> 3.73904 | K10: =Submetering!K10 -> 0 | L10: =Submetering!L10 -> 0
A11: Geneva | B11: =B10+1 -> 10 | C11: =C10 -> 12 | D11: =Submetering!D11 -> 2022 | E11: =Submetering!E11 -> 0 | F11: 0.12 | G11: =Submetering!F11+Submetering!G11 -> 0 | H11: =H10 -> 1.047851 | I11: =Submetering!J11+Submetering!I11+Submetering!H11 -> 0 | J11: =J10 -> 3.73904 | K11: =Submetering!K11 -> 0 | L11: =Submetering!L11 -> 0
A12: Geneva | B12: =B11+1 -> 11 | C12: =C11 -> 12 | D12: =Submetering!D12 -> 2022 | E12: =Submetering!E12 -> 0 | F12: 0.12 | G12: =Submetering!F12+Submetering!G12 -> 0 | H12: =H11 -> 1.047851 | I12: =Submetering!J12+Submetering!I12+Submetering!H12 -> 0 | J12: =J11 -> 3.73904 | K12: =Submetering!K12 -> 0 | L12: =Submetering!L12 -> 0
A13: Geneva | B13: =B12+1 -> 12 | C13: =C12 -> 12 | D13: =Submetering!D13 -> 2022 | E13: =Submetering!E13 -> 0 | F13: 0.12 | G13: =Submetering!F13+Submetering!G13 -> 0 | H13: =H12 -> 1.047851 | I13: =Submetering!J13+Submetering!I13+Submetering!H13 -> 0 | J13: =J12 -> 3.73904 | K13: =Submetering!K13 -> 0 | L13: =Submetering!L13 -> 0
A14: Geneva | B14: =B13+1 -> 13 | C14: =C13 -> 12 | D14: =Submetering!D14 -> 2022 | E14: =Submetering!E14 -> 0 | F14: 0.12 | G14: =Submetering!F14+Submetering!G14 -> 0 | H14: =H13 -> 1.047851 | I14: =Submetering!J14+Submetering!I14+Submetering!H14 -> 0 | J14: =J13 -> 3.73904 | K14: =Submetering!K14 -> 0 | L14: =Submetering!L14 -> 0
... A32: Geneva | B32: =B31+1 -> 31 | C32: =C31 -> 12 | D32: =Submetering!D32 -> 2022 | E32: =Submetering!E32 -> 0 | F32: 0.12 | G32: =Submetering!F32+Submetering!G32 -> 0 | H32: =H31 -> 1.047851 | I32: =Submetering!J32+Submetering!I32+Submetering!H32 -> 0 | J32: =J31 -> 3.73904 | K32: =Submetering!K32 -> 0 | L32: =Submetering!L32 -> 0

Sheet Submetering
A1: Site Name | B1: Day | C1: Month | D1: Year | E1: Main Electricity KWh | F1: Main Gas m3 | G1: SPA Boiler& Fire Place Gas m3 | H1: Water Bergues m3 | I1: Water Mont-Blanc m3 | J1: Water Winkelried m3 | K1: Room Nights | L1: Total Guests
A2: Geneva | B2: 1 | C2: 12 | D2: 2022 | E2: 7989.68 | F2: 405.23 | G2: 21.43 | H2: 1.64 | I2: 50 | J2: 26 | K2: 62
A3: Geneva | B3: =B2+1 -> 2 | C3: =C2 -> 12 | D3: =D2 -> 2022 | E3: 8198.48 | F3: 333 | G3: 10.47 | H3: 2.02 | I3: 56.5 | J3: 28.5 | K3: 64
A4: Geneva | B4: =B3+1 -> 3 | C4: =C3 -> 12 | D4: =D3 -> 2022 | E4: 7884.56 | F4: 494.1 | G4: 20.93 | I4: 57 | J4: 27 | K4: 71
A5: Geneva | B5: =B4+1 -> 4 | C5: =C4 -> 12 | D5: =D4 -> 2022 | K5: 47 | M5: Fuite piscine
A6: Geneva | B6: =B5+1 -> 5 | C6: =C5 -> 12 | D6: =D5 -> 2022
A7: Geneva | B7: =B6+1 -> 6 | C7: =C6 -> 12 | D7: =D6 -> 2022
A8: Geneva | B8: =B7+1 -> 7 | C8: =C7 -> 12 | D8: =D7 -> 2022
A9: Geneva | B9: =B8+1 -> 8 | C9: =C8 -> 12 | D9: =D8 -> 2022
A10: Geneva | B10: =B9+1 -> 9 | C10: =C9 -> 12 | D10: =D9 -> 2022
A11: Geneva | B11: =B10+1 -> 10 | C11: =C10 -> 12 | D11: =D10 -> 2022
A12: Geneva | B12: =B11+1 -> 11 | C12: =C11 -> 12 | D12: =D11 -> 2022
A13: Geneva | B13: =B12+1 -> 12 | C13: =C12 -> 12 | D13: =D12 -> 2022
A14: Geneva | B14: =B13+1 -> 13 | C14: =C13 -> 12 | D14: =D13 -> 2022
A15: Geneva | B15: =B14+1 -> 14 | C15: =C14 -> 12 | D15: =D14 -> 2022
A16: Geneva | B16: =B15+1 -> 15 | C16: =C15 -> 12 | D16: =D15 -> 2022
A17: Geneva | B17: =B16+1 -> 16 | C17: =C16 -> 12 | D17: =D16 -> 2022
... A32: Geneva | B32: =B31+1 -> 31 | C32: =C31 -> 12 | D32: =D31 -> 2022

Sheet Geneva Daily
A2: Days | C2: Main Electricity KWh | E2: Main Gas KWh | G2: SPA Boiler& Fire Place Gas | J2: Water Bergues m3 | L2: Water Mont-Blanc m3 | N2: Water Winkelried m3
A3: Date | C3: Reading KWH | D3: Difference KWH | E3: Reading KWH | F3: Difference KWH | G3: Reading KWH | H3: Difference KWH | J3: Reading m³ | K3: Daily Consumption m³ | L3: Reading m³ | M3: Daily Consumption m³ | N3: Reading m³ | O3: Daily Consumption m³ | P3: ROOM NIGHTS | Q3: TOTAL GUESTS
A4: 43555 | C4: 22342913 | D4: =IF((C5-C4<0), "",C5-C4) -> 7975 | E4: 23837512 | F4: =IF((E5-E4<0), "",E5-E4) -> 5799 | G4: 9975816 | H4: =IF((G5-G4<0), "",G5-G4) -> 3477 | K4: 0 | M4: 0 | N4: 75776 | O4: =IF((N5-N4<0), "",N5-N4) -> 33
A5: 43556 | C5: 22350888 | E5: 23843311 | G5: 9979293 | J5: 0 | L5: 0 | N5: 75809
A6: 43557 | C6: 0 | D6: =IF((C6-C5<0), "",C6-C5) | F6: =IF((E6-E5<0), "",E6-E5) | H6: =IF((G6-G5<0), "",G6-G5) | J6: 0 | K6: =IF((J6-J5<0), "",J6-J5) -> 0 | L6: 0 | M6: =IF((L6-L5<0), "",L6-L5) -> 0 | O6: =IF((N6-N5<0), "",N6-N5)
A7: 43558 | C7: 0 | D7: =IF((C7-C6<0), "",C7-C6) -> 0 | F7: =IF((E7-E6<0), "",E7-E6) -> 0 | H7: =IF((G7-G6<0), "",G7-G6) -> 0 | J7: 0 | K7: =IF((J7-J6<0), "",J7-J6) -> 0 | L7: 0 | M7: =IF((L7-L6<0), "",L7-L6) -> 0 | O7: =IF((N7-N6<0), "",N7-N6) -> 0
A8: 43559 | D8: =IF((C8-C7<0), "",C8-C7) -> 0 | F8: =IF((E8-E7<0), "",E8-E7) -> 0 | H8: =IF((G8-G7<0), "",G8-G7) -> 0 | J8: 0 | K8: =IF((J8-J7<0), "",J8-J7) -> 0 | L8: 0 | M8: =IF((L8-L7<0), "",L8-L7) -> 0 | O8: =IF((N8-N7<0), "",N8-N7) -> 0
A9: 43560 | C9: 0 | D9: =IF((C9-C8<0), "",C9-C8) -> 0 | E9: 0 | F9: =IF((E9-E8<0), "",E9-E8) -> 0 | G9: 0 | H9: =IF((G9-G8<0), "",G9-G8) -> 0 | J9: 0 | K9: =IF((J9-J8<0), "",J9-J8) -> 0 | L9: 0 | M9: =IF((L9-L8<0), "",L9-L8) -> 0 | N9: 0 | O9: =IF((N9-N8<0), "",N9-N8) -> 0
A10: 43561 | C10: 0 | D10: =IF((C10-C9<0), "",C10-C9) -> 0 | E10: 0 | F10: =IF((E10-E9<0), "",E10-E9) -> 0 | G10: 0 | H10: =IF((G10-G9<0), "",G10-G9) -> 0 | J10: 0 | K10: =IF((J10-J9<0), "",J10-J9) -> 0 | L10: 0 | M10: =IF((L10-L9<0), "",L10-L9) -> 0 | N10: 0 | O10: =IF((N10-N9<0), "",N10-N9) -> 0
A11: 43562 | C11: 0 | D11: =IF((C11-C10<0), "",C11-C10) -> 0 | E11: 0 | F11: =IF((E11-E10<0), "",E11-E10) -> 0 | G11: 0 | H11: =IF((G11-G10<0), "",G11-G10) -> 0 | J11: 0 | K11: =IF((J11-J10<0), "",J11-J10) -> 0 | L11: 0 | M11: =IF((L11-L10<0), "",L11-L10) -> 0 | N11: 0 | O11: =IF((N11-N10<0), "",N11-N10) -> 0
A12: 43563 | C12: 0 | D12: =IF((C12-C11<0), "",C12-C11) -> 0 | E12: 0 | F12: =IF((E12-E11<0), "",E12-E11) -> 0 | G12: 0 | H12: =IF((G12-G11<0), "",G12-G11) -> 0 | J12: 0 | K12: =IF((J12-J11<0), "",J12-J11) -> 0 | L12: 0 | M12: =IF((L12-L11<0), "",L12-L11) -> 0 | N12: 0 | O12: =IF((N12-N11<0), "",N12-N11) -> 0
A13: 43564 | C13: 0 | D13: =IF((C13-C12<0), "",C13-C12) -> 0 | E13: 0 | F13: =IF((E13-E12<0), "",E13-E12) -> 0 | G13: 0 | H13: =IF((G13-G12<0), "",G13-G12) -> 0 | J13: 0 | K13: =IF((J13-J12<0), "",J13-J12) -> 0 | L13: 0 | M13: =IF((L13-L12<0), "",L13-L12) -> 0 | N13: 0 | O13: =IF((N13-N12<0), "",N13-N12) -> 0
A14: 43565 | C14: 0 | D14: =IF((C14-C13<0), "",C14-C13) -> 0 | E14: 0 | F14: =IF((E14-E13<0), "",E14-E13) -> 0 | G14: 0 | H14: =IF((G14-G13<0), "",G14-G13) -> 0 | J14: 0 | K14: =IF((J14-J13<0), "",J14-J13) -> 0 | L14: 0 | M14: =IF((L14-L13<0), "",L14-L13) -> 0 | N14: 0 | O14: =IF((N14-N13<0), "",N14-N13) -> 0
A15: 43566 | C15: 0 | D15: =IF((C15-C14<0), "",C15-C14) -> 0 | E15: 0 | F15: =IF((E15-E14<0), "",E15-E14) -> 0 | G15: 0 | J15: 0 | L15: 0 | N15: 0
A16: 43567 | C16: 0 | D16: =IF((C16-C15<0), "",C16-C15) -> 0 | E16: 0 | F16: =IF((E16-E15<0), "",E16-E15) -> 0 | G16: 0 | H16: =IF((G16-G15<0), "",G16-G15) -> 0 | J16: 0 | K16: =IF((J16-J15<0), "",J16-J15) -> 0 | L16: 0 | M16: =IF((L16-L15<0), "",L16-L15) -> 0 | N16: 0 | O16: =IF((N16-N15<0), "",N16-N15) -> 0
A17: 43568 | C17: 0 | D17: =IF((C17-C16<0), "",C17-C16) -> 0 | E17: 0 | F17: =IF((E17-E16<0), "",E17-E16) -> 0 | G17: 0 | H17: =IF((G17-G16<0), "",G17-G16) -> 0 | J17: 0 | K17: =IF((J17-J16<0), "",J17-J16) -> 0 | L17: 0 | M17: =IF((L17-L16<0), "",L17-L16) -> 0 | N17: 0 | O17: =IF((N17-N16<0), "",N17-N16) -> 0
A18: 43569 | C18: 0 | D18: =IF((C18-C17<0), "",C18-C17) -> 0 | E18: 0 | F18: =IF((E18-E17<0), "",E18-E17) -> 0 | G18: 0 | H18: =IF((G18-G17<0), "",G18-G17) -> 0 | J18: 0 | K18: =IF((J18-J17<0), "",J18-J17) -> 0 | L18: 0 | M18: =IF((L18-L17<0), "",L18-L17) -> 0 | N18: 0 | O18: =IF((N18-N17<0), "",N18-N17) -> 0
A19: 43570 | C19: 0 | D19: =IF((C19-C18<0), "",C19-C18) -> 0 | E19: 0 | F19: =IF((E19-E18<0), "",E19-E18) -> 0 | G19: 0 | H19: =IF((G19-G18<0), "",G19-G18) -> 0 | J19: 0 | K19: =IF((J19-J18<0), "",J19-J18) -> 0 | L19: 0 | M19: =IF((L19-L18<0), "",L19-L18) -> 0 | N19: 0 | O19: =IF((N19-N18<0), "",N19-N18) -> 0
A20: 43571 | C20: 0 | D20: =IF((C20-C19<0), "",C20-C19) -> 0 | E20: 0 | F20: =IF((E20-E19<0), "",E20-E19) -> 0 | G20: 0 | H20: =IF((G20-G19<0), "",G20-G19) -> 0 | J20: 0 | K20: =IF((J20-J19<0), "",J20-J19) -> 0 | L20: 0 | M20: =IF((L20-L19<0), "",L20-L19) -> 0 | N20: 0 | O20: =IF((N20-N19<0), "",N20-N19) -> 0
A21: 43572 | C21: 0 | D21: =IF((C21-C20<0), "",C21-C20) -> 0 | E21: 0 | F21: =IF((E21-E20<0), "",E21-E20) -> 0 | G21: 0 | H21: =IF((G21-G20<0), "",G21-G20) -> 0 | J21: 0 | K21: =IF((J21-J20<0), "",J21-J20) -> 0 | L21: 0 | M21: =IF((L21-L20<0), "",L21-L20) -> 0 | N21: 0 | O21: =IF((N21-N20<0), "",N21-N20) -> 0
A22: 43573 | C22: 0 | D22: =IF((C22-C21<0), "",C22-C21) -> 0 | E22: 0 | F22: =IF((E22-E21<0), "",E22-E21) -> 0 | G22: 0 | H22: =IF((G22-G21<0), "",G22-G21) -> 0 | J22: 0 | K22: =IF((J22-J21<0), "",J22-J21) -> 0 | L22: 0 | M22: =IF((L22-L21<0), "",L22-L21) -> 0 | N22: 0 | O22: =IF((N22-N21<0), "",N22-N21) -> 0
A23: 43574 | C23: 0 | D23: =IF((C23-C22<0), "",C23-C22) -> 0 | E23: 0 | F23: =IF((E23-E22<0), "",E23-E22) -> 0 | G23: 0 | H23: =IF((G23-G22<0), "",G23-G22) -> 0 | J23: 0 | K23: =IF((J23-J22<0), "",J23-J22) -> 0 | L23: 0 | M23: =IF((L23-L22<0), "",L23-L22) -> 0 | N23: 0 | O23: =IF((N23-N22<0), "",N23-N22) -> 0
A24: 43575 | C24: 0 | D24: =IF((C24-C23<0), "",C24-C23) -> 0 | E24: 0 | F24: =IF((E24-E23<0), "",E24-E23) -> 0 | G24: 0 | H24: =IF((G24-G23<0), "",G24-G23) -> 0 | J24: 0 | K24: =IF((J24-J23<0), "",J24-J23) -> 0 | L24: 0 | M24: =IF((L24-L23<0), "",L24-L23) -> 0 | N24: 0 | O24: =IF((N24-N23<0), "",N24-N23) -> 0
A25: 43576 | C25: 0 | D25: =IF((C25-C24<0), "",C25-C24) -> 0 | E25: 0 | F25: =IF((E25-E24<0), "",E25-E24) -> 0 | G25: 0 | H25: =IF((G25-G24<0), "",G25-G24) -> 0 | J25: 0 | K25: =IF((J25-J24<0), "",J25-J24) -> 0 | L25: 0 | M25: =IF((L25-L24<0), "",L25-L24) -> 0 | N25: 0 | O25: =IF((N25-N24<0), "",N25-N24) -> 0
A26: 43577 | C26: 0 | D26: =IF((C26-C25<0), "",C26-C25) -> 0 | E26: 0 | F26: =IF((E26-E25<0), "",E26-E25) -> 0 | G26: 0 | H26: =IF((G26-G25<0), "",G26-G25) -> 0 | J26: 0 | K26: =IF((J26-J25<0), "",J26-J25) -> 0 | L26: 0 | M26: =IF((L26-L25<0), "",L26-L25) -> 0 | N26: 0 | O26: =IF((N26-N25<0), "",N26-N25) -> 0
A27: 43578 | C27: 0 | D27: =IF((C27-C26<0), "",C27-C26) -> 0 | E27: 0 | F27: =IF((E27-E26<0), "",E27-E26) -> 0 | G27: 0 | H27: =IF((G27-G26<0), "",G27-G26) -> 0 | J27: 0 | K27: =IF((J27-J26<0), "",J27-J26) -> 0 | L27: 0 | M27: =IF((L27-L26<0), "",L27-L26) -> 0 | N27: 0 | O27: =IF((N27-N26<0), "",N27-N26) -> 0
... A34: 43585 | C34: 0 | D34: =IF((C34-C33<0), "",C34-C33) -> 0 | E34: 0 | F34: =IF((E34-E33<0), "",E34-E33) -> 0 | G34: 0 | H34: =IF((G34-G33<0), "",G34-G33) -> 0 | J34: 0 | K34: =IF((J34-J33<0), "",J34-J33) -> 0 | L34: 0 | M34: =IF((L34-L33<0), "",L34-L33) -> 0 | N34: 0 | O34: =IF((N34-N33<0), "",N34-N33) -> 0
