Workbook

Sheet Total Daily 
A1: Site Name | B1: Day | C1: Month | D1: Year | E1: Total Electricity Kwh | F1: Electricity Tariff ($/Kwh) | G1: LPG (Kg) | H1: LPG $/Kg | I1: District Energy Cooling Kwh | J1: District Energy Cooling $/Kwh | K1: Water Utility Supply (m3) m3 | L1: Water Utility Supply (m3) m3 | M1: Water Utility Supply (m3) $/m3 | N1: Room Nights
A2: Dubai DIFC | B2: 1 | C2: 12 | D2: 2022 | E2: ='12 - 2022'!B8-'12 - 2022'!B7+'12 - 2022'!C8-'12 - 2022'!C7 -> 9945 | F2: 0.118 | G2: ='12 - 2022'!D8-'12 - 2022'!D7+'12 - 2022'!E8-'12 - 2022'!E7 -> 25.13 | H2: 0.99 | I2: ='12 - 2022'!J8-'12 - 2022'!J7 -> 20369 | J2: 0.081 | K2: ='12 - 2022'!H8-'12 - 2022'!H7 -> 0 | L2: ='12 - 2022'!I8-'12 - 2022'!I7 -> 104 | M2: 4.3936294 | N2: 50
A3: Dubai DIFC | B3: =B2+1 -> 2 | C3: 12 | D3: 2022 | E3: ='12 - 2022'!B9-'12 - 2022'!B8+'12 - 2022'!C9-'12 - 2022'!C8 -> 9729 | F3: 0.118 | G3: ='12 - 2022'!D9-'12 - 2022'!D8+'12 - 2022'!E9-'12 - 2022'!E8 -> 23.26 | H3: 0.99 | I3: ='12 - 2022'!J9-'12 - 2022'!J8 -> 20046 | J3: 0.081 | K3: ='12 - 2022'!H9-'12 - 2022'!H8 -> 0 | L3: ='12 - 2022'!I9-'12 - 2022'!I8 -> 99 | M3: 4.3936294 | N3: 56
A4: Dubai DIFC | B4: =B3+1 -> 3 | C4: 12 | D4: 2022 | E4: ='12 - 2022'!B10-'12 - 2022'!B9+'12 - 2022'!C10-'12 - 2022'!C9 -> 9787.59 | F4: 0.118 | G4: ='12 - 2022'!D10-'12 - 2022'!D9+'12 - 2022'!E10-'12 - 2022'!E9 -> 21.53 | H4: 0.99 | I4: ='12 - 2022'!J10-'12 - 2022'!J9 -> 21666 | J4: 0.081 | K4: ='12 - 2022'!H10-'12 - 2022'!H9 -> 0 | L4: ='12 - 2022'!I10-'12 - 2022'!I9 -> 96 | M4: 4.3936294 | N4: 68
A5: Dubai DIFC | B5: =B4+1 -> 4 | C5: 12 | D5: 2022 | E5: ='12 - 2022'!B11-'12 - 2022'!B10+'12 - 2022'!C11-'12 - 2022'!C10 -> 9967.16 | F5: 0.118 | G5: ='12 - 2022'!D11-'12 - 2022'!D10+'12 - 2022'!E11-'12 - 2022'!E10 -> 20.69 | H5: 0.99 | I5: ='12 - 2022'!J11-'12 - 2022'!J10 -> 21045 | J5: 0.081 | K5: ='12 - 2022'!H11-'12 - 2022'!H10 -> 0 | L5: ='12 - 2022'!I11-'12 - 2022'!I10 -> 110 | M5: 4.3936294 | N5: 71
A6: Dubai DIFC | B6: =B5+1 -> 5 | C6: 12 | D6: 2022 | E6: ='12 - 2022'!B12-'12 - 2022'!B11+'12 - 2022'!C12-'12 - 2022'!C11 -> 9768.45 | F6: 0.118 | G6: ='12 - 2022'!D12-'12 - 2022'!D11+'12 - 2022'!E12-'12 - 2022'!E11 -> 19.89 | H6: 0.99 | I6: ='12 - 2022'!J12-'12 - 2022'!J11 -> 21038 | J6: 0.081 | K6: ='12 - 2022'!H12-'12 - 2022'!H11 -> 0 | L6: ='12 - 2022'!I12-'12 - 2022'!I11 -> 84 | M6: 4.3936294 | N6: 76
A7: Dubai DIFC | B7: =B6+1 -> 6 | C7: 12 | D7: 2022 | E7: ='12 - 2022'!B13-'12 - 2022'!B12+'12 - 2022'!C13-'12 - 2022'!C12 -> 9605.1 | F7: 0.118 | G7: ='12 - 2022'!D13-'12 - 2022'!D12+'12 - 2022'!E13-'12 - 2022'!E12 -> 20.11 | H7: 0.99 | I7: ='12 - 2022'!J13-'12 - 2022'!J12 -> 20228 | J7: 0.081 | K7: ='12 - 2022'!H13-'12 - 2022'!H12 -> 0 | L7: ='12 - 2022'!I13-'12 - 2022'!I12 -> 114 | M7: 4.3936294 | N7: 92
A8: Dubai DIFC | B8: =B7+1 -> 7 | C8: 12 | D8: 2022 | E8: 0 | F8: 0.118 | G8: 0 | H8: 0.99 | I8: 0 | J8: 0.081 | K8: ='12 - 2022'!H14-'12 - 2022'!H13 -> 0 | L8: 0 | M8: 4.3936294
A9: Dubai DIFC | B9: =B8+1 -> 8 | C9: 12 | D9: 2022 | E9: ='12 - 2022'!B15-'12 - 2022'!B14+'12 - 2022'!C15-'12 - 2022'!C14 -> 0 | F9: 0.118 | G9: ='12 - 2022'!D15-'12 - 2022'!D14+'12 - 2022'!E15-'12 - 2022'!E14 -> 0 | H9: 0.99 | I9: ='12 - 2022'!J15-'12 - 2022'!J14 -> 0 | J9: 0.081 | K9: ='12 - 2022'!H15-'12 - 2022'!H14 -> 0 | L9: ='12 - 2022'!I15-'12 - 2022'!I14 -> 0 | M9: 4.3936294
A10: Dubai DIFC | B10: =B9+1 -> 9 | C10: 12 | D10: 2022 | E10: ='12 - 2022'!B16-'12 - 2022'!B15+'12 - 2022'!C16-'12 - 2022'!C15 -> 0 | F10: 0.118 | G10: ='12 - 2022'!D16-'12 - 2022'!D15+'12 - 2022'!E16-'12 - 2022'!E15 -> 0 | H10: 0.99 | I10: ='12 - 2022'!J16-'12 - 2022'!J15 -> 0 | J10: 0.081 | K10: ='12 - 2022'!H16-'12 - 2022'!H15 -> 0 | L10: ='12 - 2022'!I16-'12 - 2022'!I15 -> 0 | M10: 4.3936294
A11: Dubai DIFC | B11: =B10+1 -> 10 | C11: 12 | D11: 2022 | E11: ='12 - 2022'!B17-'12 - 2022'!B16+'12 - 2022'!C17-'12 - 2022'!C16 -> 0 | F11: 0.118 | G11: ='12 - 2022'!D17-'12 - 2022'!D16+'12 - 2022'!E17-'12 - 2022'!E16 -> 0 | H11: 0.99 | I11: ='12 - 2022'!J17-'12 - 2022'!J16 -> 0 | J11: 0.081 | K11: ='12 - 2022'!H17-'12 - 2022'!H16 -> 0 | L11: ='12 - 2022'!I17-'12 - 2022'!I16 -> 0 | M11: 4.3936294
A12: Dubai DIFC | B12: =B11+1 -> 11 | C12: 12 | D12: 2022 | E12: ='12 - 2022'!B18-'12 - 2022'!B17+'12 - 2022'!C18-'12 - 2022'!C17 -> 0 | F12: 0.118 | G12: ='12 - 2022'!D18-'12 - 2022'!D17+'12 - 2022'!E18-'12 - 2022'!E17 -> 0 | H12: 0.99 | I12: ='12 - 2022'!J18-'12 - 2022'!J17 -> 0 | J12: 0.081 | K12: ='12 - 2022'!H18-'12 - 2022'!H17 -> 0 | L12: ='12 - 2022'!I18-'12 - 2022'!I17 -> 0 | M12: 4.3936294
A13: Dubai DIFC | B13: =B12+1 -> 12 | C13: 12 | D13: 2022 | E13: ='12 - 2022'!B19-'12 - 2022'!B18+'12 - 2022'!C19-'12 - 2022'!C18 -> 0 | F13: 0.118 | G13: ='12 - 2022'!D19-'12 - 2022'!D18+'12 - 2022'!E19-'12 - 2022'!E18 -> 0 | H13: 0.99 | I13: ='12 - 2022'!J19-'12 - 2022'!J18 -> 0 | J13: 0.081 | K13: ='12 - 2022'!H19-'12 - 2022'!H18 -> 0 | L13: ='12 - 2022'!I19-'12 - 2022'!I18 -> 0 | M13: 4.3936294
A14: Dubai DIFC | B14: =B13+1 -> 13 | C14: 12 | D14: 2022 | E14: ='12 - 2022'!B20-'12 - 2022'!B19+'12 - 2022'!C20-'12 - 2022'!C19 -> 0 | F14: 0.118 | G14: ='12 - 2022'!D20-'12 - 2022'!D19+'12 - 2022'!E20-'12 - 2022'!E19 -> 0 | H14: 0.99 | I14: ='12 - 2022'!J20-'12 - 2022'!J19 -> 0 | J14: 0.081 | K14: ='12 - 2022'!H20-'12 - 2022'!H19 -> 0 | L14: ='12 - 2022'!I20-'12 - 2022'!I19 -> 0 | M14: 4.3936294
A15: Dubai DIFC | B15: =B14+1 -> 14 | C15: 12 | D15: 2022 | E15: ='12 - 2022'!B21-'12 - 2022'!B20+'12 - 2022'!C21-'12 - 2022'!C20 -> 0 | F15: 0.118 | G15: ='12 - 2022'!D21-'12 - 2022'!D20+'12 - 2022'!E21-'12 - 2022'!E20 -> 0 | H15: 0.99 | I15: ='12 - 2022'!J21-'12 - 2022'!J20 -> 0 | J15: 0.081 | K15: ='12 - 2022'!H21-'12 - 2022'!H20 -> 0 | L15: ='12 - 2022'!I21-'12 - 2022'!I20 -> 0 | M15: 4.3936294
A16: Dubai DIFC | B16: =B15+1 -> 15 | C16: 12 | D16: 2022 | E16: ='12 - 2022'!B22-'12 - 2022'!B21+'12 - 2022'!C22-'12 - 2022'!C21 -> 0 | F16: 0.118 | G16: ='12 - 2022'!D22-'12 - 2022'!D21+'12 - 2022'!E22-'12 - 2022'!E21 -> 0 | H16: 0.99 | I16: ='12 - 2022'!J22-'12 - 2022'!J21 -> 0 | J16: 0.081 | K16: ='12 - 2022'!H22-'12 - 2022'!H21 -> 0 | L16: ='12 - 2022'!I22-'12 - 2022'!I21 -> 0 | M16: 4.3936294
A17: Dubai DIFC | B17: =B16+1 -> 16 | C17: 12 | D17: 2022 | E17: ='12 - 2022'!B23-'12 - 2022'!B22+'12 - 2022'!C23-'12 - 2022'!C22 -> 0 | F17: 0.118 | G17: ='12 - 2022'!D23-'12 - 2022'!D22+'12 - 2022'!E23-'12 - 2022'!E22 -> 0 | H17: 0.99 | I17: ='12 - 2022'!J23-'12 - 2022'!J22 -> 0 | J17: 0.081 | K17: ='12 - 2022'!H23-'12 - 2022'!H22 -> 0 | L17: ='12 - 2022'!I23-'12 - 2022'!I22 -> 0 | M17: 4.3936294
A18: Dubai DIFC | B18: =B17+1 -> 17 | C18: 12 | D18: 2022 | E18: ='12 - 2022'!B24-'12 - 2022'!B23+'12 - 2022'!C24-'12 - 2022'!C23 -> 0 | F18: 0.118 | G18: ='12 - 2022'!D24-'12 - 2022'!D23+'12 - 2022'!E24-'12 - 2022'!E23 -> 0 | H18: 0.99 | I18: ='12 - 2022'!J24-'12 - 2022'!J23 -> 0 | J18: 0.081 | K18: ='12 - 2022'!H24-'12 - 2022'!H23 -> 0 | L18: ='12 - 2022'!I24-'12 - 2022'!I23 -> 0 | M18: 4.3936294
A19: Dubai DIFC | B19: =B18+1 -> 18 | C19: 12 | D19: 2022 | E19: ='12 - 2022'!B25-'12 - 2022'!B24+'12 - 2022'!C25-'12 - 2022'!C24 -> 0 | F19: 0.118 | G19: ='12 - 2022'!D25-'12 - 2022'!D24+'12 - 2022'!E25-'12 - 2022'!E24 -> 0 | H19: 0.99 | I19: ='12 - 2022'!J25-'12 - 2022'!J24 -> 0 | J19: 0.081 | K19: ='12 - 2022'!H25-'12 - 2022'!H24 -> 0 | L19: ='12 - 2022'!I25-'12 - 2022'!I24 -> 0 | M19: 4.3936294
A20: Dubai DIFC | B20: =B19+1 -> 19 | C20: 12 | D20: 2022 | E20: ='12 - 2022'!B26-'12 - 2022'!B25+'12 - 2022'!C26-'12 - 2022'!C25 -> 0 | F20: 0.118 | G20: ='12 - 2022'!D26-'12 - 2022'!D25+'12 - 2022'!E26-'12 - 2022'!E25 -> 0 | H20: 0.99 | I20: ='12 - 2022'!J26-'12 - 2022'!J25 -> 0 | J20: 0.081 | K20: ='12 - 2022'!H26-'12 - 2022'!H25 -> 0 | L20: ='12 - 2022'!I26-'12 - 2022'!I25 -> 0 | M20: 4.3936294
... A32: Dubai DIFC | B32: =B31+1 -> 31 | C32: 12 | D32: 2022 | E32: ='12 - 2022'!B38-'12 - 2022'!B37+'12 - 2022'!C38-'12 - 2022'!C37 -> 0 | F32: 0.118 | G32: ='12 - 2022'!D38-'12 - 2022'!D37+'12 - 2022'!E38-'12 - 2022'!E37 -> 0 | H32: 0.99 | I32: ='12 - 2022'!J38-'12 - 2022'!J37 -> 0 | J32: 0.081 | K32: ='12 - 2022'!H38-'12 - 2022'!H37 -> 0 | L32: ='12 - 2022'!I38-'12 - 2022'!I37 -> 0 | M32: 4.3936294

Sheet Submetering Daily 
A1: Site Name | B1: Day | C1: Month | D1: Year | E1: Panel LV1 Kwh | F1: Panel LV2 Kwh | G1: Electricity Tariff ($/Kwh) | H1: Main Kitchen LPG (Kg) | I1: Podium Kitchen LPG (Kg) | J1: Boiler LPG (Kg) | K1: LPG $/Kg | L1: Room Nights
A2: Dubai DIFC | B2: 1 | C2: 12 | D2: 2022 | E2: ='12 - 2022'!B8-'12 - 2022'!B7 -> 4015 | F2: ='12 - 2022'!C8-'12 - 2022'!C7 -> 5930 | G2: 0.118 | H2: ='12 - 2022'!E8-'12 - 2022'!E7 -> 25.16 | I2: ='12 - 2022'!F8-'12 - 2022'!F7 -> 8.54 | J2: ='12 - 2022'!G8-'12 - 2022'!G7 -> 34.13 | K2: 0.74 | L2: 50
A3: Dubai DIFC | B3: =B2+1 -> 2 | C3: 12 | D3: 2022 | E3: ='12 - 2022'!B9-'12 - 2022'!B8 -> 3821 | F3: ='12 - 2022'!C9-'12 - 2022'!C8 -> 5908 | G3: 0.118 | H3: ='12 - 2022'!E9-'12 - 2022'!E8 -> 23.3 | I3: ='12 - 2022'!F9-'12 - 2022'!F8 -> 7.89 | J3: ='12 - 2022'!G9-'12 - 2022'!G8 -> 28.67 | K3: 0.74 | L3: 56
A4: Dubai DIFC | B4: =B3+1 -> 3 | C4: 12 | D4: 2022 | E4: ='12 - 2022'!B10-'12 - 2022'!B9 -> 3819 | F4: ='12 - 2022'!C10-'12 - 2022'!C9 -> 5968.59 | G4: 0.118 | H4: ='12 - 2022'!E10-'12 - 2022'!E9 -> 21.66 | I4: ='12 - 2022'!F10-'12 - 2022'!F9 -> 8.53 | J4: ='12 - 2022'!G10-'12 - 2022'!G9 -> 28.39 | K4: 0.74 | L4: 68
A5: Dubai DIFC | B5: =B4+1 -> 4 | C5: 12 | D5: 2022 | E5: ='12 - 2022'!B11-'12 - 2022'!B10 -> 3898 | F5: ='12 - 2022'!C11-'12 - 2022'!C10 -> 6069.16 | G5: 0.118 | H5: ='12 - 2022'!E11-'12 - 2022'!E10 -> 20.71 | I5: ='12 - 2022'!F11-'12 - 2022'!F10 -> 8.36 | J5: ='12 - 2022'!G11-'12 - 2022'!G10 -> 29.48 | K5: 0.74 | L5: 71
A6: Dubai DIFC | B6: =B5+1 -> 5 | C6: 12 | D6: 2022 | E6: ='12 - 2022'!B12-'12 - 2022'!B11 -> 3881 | F6: ='12 - 2022'!C12-'12 - 2022'!C11 -> 5887.45 | G6: 0.118 | H6: ='12 - 2022'!E12-'12 - 2022'!E11 -> 19.37 | I6: ='12 - 2022'!F12-'12 - 2022'!F11 -> 7.37 | J6: ='12 - 2022'!G12-'12 - 2022'!G11 -> 30.35 | K6: 0.74 | L6: 76
A7: Dubai DIFC | B7: =B6+1 -> 6 | C7: 12 | D7: 2022 | E7: ='12 - 2022'!B13-'12 - 2022'!B12 -> 3875 | F7: ='12 - 2022'!C13-'12 - 2022'!C12 -> 5730.1 | G7: 0.118 | H7: ='12 - 2022'!E13-'12 - 2022'!E12 -> 20.21 | I7: ='12 - 2022'!F13-'12 - 2022'!F12 -> 7.55 | J7: ='12 - 2022'!G13-'12 - 2022'!G12 -> 30.84 | K7: 0.74 | L7: 92
A8: Dubai DIFC | B8: =B7+1 -> 7 | C8: 12 | D8: 2022 | E8: 0 | F8: 0 | G8: 0.118 | H8: 0 | I8: 0 | J8: 0 | K8: 0.74
A9: Dubai DIFC | B9: =B8+1 -> 8 | C9: 12 | D9: 2022 | E9: ='12 - 2022'!B15-'12 - 2022'!B14 -> 0 | F9: ='12 - 2022'!C15-'12 - 2022'!C14 -> 0 | G9: 0.118 | H9: ='12 - 2022'!E15-'12 - 2022'!E14 -> 0 | I9: ='12 - 2022'!F15-'12 - 2022'!F14 -> 0 | J9: ='12 - 2022'!G15-'12 - 2022'!G14 -> 0 | K9: 0.74
A10: Dubai DIFC | B10: =B9+1 -> 9 | C10: 12 | D10: 2022 | E10: ='12 - 2022'!B16-'12 - 2022'!B15 -> 0 | F10: ='12 - 2022'!C16-'12 - 2022'!C15 -> 0 | G10: 0.118 | H10: ='12 - 2022'!E16-'12 - 2022'!E15 -> 0 | I10: ='12 - 2022'!F16-'12 - 2022'!F15 -> 0 | J10: ='12 - 2022'!G16-'12 - 2022'!G15 -> 0 | K10: 0.74
A11: Dubai DIFC | B11: =B10+1 -> 10 | C11: 12 | D11: 2022 | E11: ='12 - 2022'!B17-'12 - 2022'!B16 -> 0 | F11: ='12 - 2022'!C17-'12 - 2022'!C16 -> 0 | G11: 0.118 | H11: ='12 - 2022'!E17-'12 - 2022'!E16 -> 0 | I11: ='12 - 2022'!F17-'12 - 2022'!F16 -> 0 | J11: ='12 - 2022'!G17-'12 - 2022'!G16 -> 0 | K11: 0.74
A12: Dubai DIFC | B12: =B11+1 -> 11 | C12: 12 | D12: 2022 | E12: ='12 - 2022'!B18-'12 - 2022'!B17 -> 0 | F12: ='12 - 2022'!C18-'12 - 2022'!C17 -> 0 | G12: 0.118 | H12: ='12 - 2022'!E18-'12 - 2022'!E17 -> 0 | I12: ='12 - 2022'!F18-'12 - 2022'!F17 -> 0 | J12: ='12 - 2022'!G18-'12 - 2022'!G17 -> 0 | K12: 0.74
A13: Dubai DIFC | B13: =B12+1 -> 12 | C13: 12 | D13: 2022 | E13: ='12 - 2022'!B19-'12 - 2022'!B18 -> 0 | F13: ='12 - 2022'!C19-'12 - 2022'!C18 -> 0 | G13: 0.118 | H13: ='12 - 2022'!E19-'12 - 2022'!E18 -> 0 | I13: ='12 - 2022'!F19-'12 - 2022'!F18 -> 0 | J13: ='12 - 2022'!G19-'12 - 2022'!G18 -> 0 | K13: 0.74
A14: Dubai DIFC | B14: =B13+1 -> 13 | C14: 12 | D14: 2022 | E14: ='12 - 2022'!B20-'12 - 2022'!B19 -> 0 | F14: ='12 - 2022'!C20-'12 - 2022'!C19 -> 0 | G14: 0.118 | H14: ='12 - 2022'!E20-'12 - 2022'!E19 -> 0 | I14: ='12 - 2022'!F20-'12 - 2022'!F19 -> 0 | J14: ='12 - 2022'!G20-'12 - 2022'!G19 -> 0 | K14: 0.74
A15: Dubai DIFC | B15: =B14+1 -> 14 | C15: 12 | D15: 2022 | E15: ='12 - 2022'!B21-'12 - 2022'!B20 -> 0 | F15: ='12 - 2022'!C21-'12 - 2022'!C20 -> 0 | G15: 0.118 | H15: ='12 - 2022'!E21-'12 - 2022'!E20 -> 0 | I15: ='12 - 2022'!F21-'12 - 2022'!F20 -> 0 | J15: ='12 - 2022'!G21-'12 - 2022'!G20 -> 0 | K15: 0.74
A16: Dubai DIFC | B16: =B15+1 -> 15 | C16: 12 | D16: 2022 | E16: ='12 - 2022'!B22-'12 - 2022'!B21 -> 0 | F16: ='12 - 2022'!C22-'12 - 2022'!C21 -> 0 | G16: 0.118 | H16: ='12 - 2022'!E22-'12 - 2022'!E21 -> 0 | I16: ='12 - 2022'!F22-'12 - 2022'!F21 -> 0 | J16: ='12 - 2022'!G22-'12 - 2022'!G21 -> 0 | K16: 0.74
A17: Dubai DIFC | B17: =B16+1 -> 16 | C17: 12 | D17: 2022 | E17: ='12 - 2022'!B23-'12 - 2022'!B22 -> 0 | F17: ='12 - 2022'!C23-'12 - 2022'!C22 -> 0 | G17: 0.118 | H17: ='12 - 2022'!E23-'12 - 2022'!E22 -> 0 | I17: ='12 - 2022'!F23-'12 - 2022'!F22 -> 0 | J17: ='12 - 2022'!G23-'12 - 2022'!G22 -> 0 | K17: 0.74
A18: Dubai DIFC | B18: =B17+1 -> 17 | C18: 12 | D18: 2022 | E18: ='12 - 2022'!B24-'12 - 2022'!B23 -> 0 | F18: ='12 - 2022'!C24-'12 - 2022'!C23 -> 0 | G18: 0.118 | H18: ='12 - 2022'!E24-'12 - 2022'!E23 -> 0 | I18: ='12 - 2022'!F24-'12 - 2022'!F23 -> 0 | J18: ='12 - 2022'!G24-'12 - 2022'!G23 -> 0 | K18: 0.74
A19: Dubai DIFC | B19: =B18+1 -> 18 | C19: 12 | D19: 2022 | E19: ='12 - 2022'!B25-'12 - 2022'!B24 -> 0 | F19: ='12 - 2022'!C25-'12 - 2022'!C24 -> 0 | G19: 0.118 | H19: ='12 - 2022'!E25-'12 - 2022'!E24 -> 0 | I19: ='12 - 2022'!F25-'12 - 2022'!F24 -> 0 | J19: ='12 - 2022'!G25-'12 - 2022'!G24 -> 0 | K19: 0.74
A20: Dubai DIFC | B20: =B19+1 -> 19 | C20: 12 | D20: 2022 | E20: ='12 - 2022'!B26-'12 - 2022'!B25 -> 0 | F20: ='12 - 2022'!C26-'12 - 2022'!C25 -> 0 | G20: 0.118 | H20: ='12 - 2022'!E26-'12 - 2022'!E25 -> 0 | I20: ='12 - 2022'!F26-'12 - 2022'!F25 -> 0 | J20: ='12 - 2022'!G26-'12 - 2022'!G25 -> 0 | K20: 0.74
... A32: Dubai DIFC | B32: =B31+1 -> 31 | C32: 12 | D32: 2022 | E32: ='12 - 2022'!B38-'12 - 2022'!B37 -> 0 | F32: ='12 - 2022'!C38-'12 - 2022'!C37 -> 0 | G32: 0.118 | H32: ='12 - 2022'!E38-'12 - 2022'!E37 -> 0 | I32: ='12 - 2022'!F38-'12 - 2022'!F37 -> 0 | J32: ='12 - 2022'!G38-'12 - 2022'!G37 -> 0 | K32: 0.74

Sheet 12 - 2022
A3: FOUR SEASONS HOTEL - DIFC
A4: HLP READING MONTH OF DECEMBER' 2022
B5: Electricity | D5: LPG (cu.m) | H5: Water (cu.m) | J5: BTU
A6: Date | B6: LV-01, 2025952759 | C6: LV-2, 2030235407 | D6: Main Meter % | E6: Main Kitchen | F6: Podium Kitchen | G6: Boiler | H6: B-3 Water Meter (DIFC) | I6: MainWater Meter (DEWA) | J6: Chilled Water (KWH) | K6: Gas Received (Litres) | L6: Remark
A7: 44530 | B7: 855326 | C7: 983814 | D7: 0.5 | E7: 6408.19 | F7: 3984.34 | G7: 47991.95 | H7: 14528 | I7: 179600 | J7: 61843296
A8: =A7+1 -> 44531 | B8: 859341 | C8: 989744 | D8: 0.47 | E8: 6433.35 | F8: 3992.88 | G8: 48026.08 | H8: 14528 | I8: 179704 | J8: 61863665
A9: =A8+1 -> 44532 | B9: 863162 | C9: 995652 | D9: 0.43 | E9: 6456.65 | F9: 4000.77 | G9: 48054.75 | H9: 14528 | I9: 179803 | J9: 61883711
A10: =A9+1 -> 44533 | B10: 866981 | C10: 1001620.6 | D10: 0.3 | E10: 6478.31 | F10: 4009.3 | G10: 48083.14 | H10: 14528 | I10: 179899 | J10: 61905377
A11: =A10+1 -> 44534 | B11: 870879 | C11: 1007689.8 | D11: 0.28 | E11: 6499.02 | F11: 4017.66 | G11: 48112.62 | H11: 14528 | I11: 180009 | J11: 61926422 | K11: 4200
A12: =A11+1 -> 44535 | B12: 874760 | C12: 1013577.2 | D12: 0.8 | E12: 6518.39 | F12: 4025.03 | G12: 48142.97 | H12: 14528 | I12: 180093 | J12: 61947460
A13: =A12+1 -> 44536 | B13: 878635 | C13: 1019307.3 | D13: 0.7 | E13: 6538.6 | F13: 4032.58 | G13: 48173.81 | H13: 14528 | I13: 180207 | J13: 61967688
A14: =A13+1 -> 44537 | H14: 14528
A15: =A14+1 -> 44538 | H15: 14528
A16: =A15+1 -> 44539 | H16: 14528
A17: =A16+1 -> 44540 | H17: 14528
A18: =A17+1 -> 44541 | H18: 14528
A19: =A18+1 -> 44542 | H19: 14528
A20: =A19+1 -> 44543 | H20: 14528
A21: =A20+1 -> 44544 | H21: 14528
A22: =A21+1 -> 44545 | H22: 14528
A23: =A22+1 -> 44546 | H23: 14528
A24: =A23+1 -> 44547 | H24: 14528
A25: =A24+1 -> 44548 | H25: 14528
... A38: =A37+1 -> 44561 | H38: 14528
A39: Readings | B39: =B38-B7 -> -855326 | C39: =C38-C7 -> -983814 | E39: =E38-E7 -> -6408.19 | F39: =F38-F7 -> -3984.34 | G39: =G38-G7 -> -47991.95 | H39: =H38-H7 -> 0 | I39: =I38-I7 -> -179600 | J39: =J38-J7 -> -61843296 | K39: =SUM(K7:K37) -> 4200
H40: =H39*219.969 -> 0 | I40: =I39*219.969 -> -39506432
