Workbook

Sheet Import Data
A1: Site Name | B1: Month | C1: Year | D1: Total (per Unit) mixed glass | E1: Total cost mixed glass | F1: Total (per Unit) plastic pet | G1: Total cost plastic pet | H1: Total (per Unit) e waste | I1: Total cost e waste | J1: Total (per Unit) batteries | K1: Total cost batteries | L1: Total (per Unit) light bulbs | M1: Total cost light bulbs | N1: Total (per Unit) recyclable | O1: Total cost recyclable | P1: Total (per Unit) mixed metals | Q1: Total cost mixed metals | R1: Total (per Unit) biodegradable | S1: Total cost biodegradable | T1: Total (per Unit) food waste | U1: Total cost food waste | V1: Total (per Unit) general municipal solid waste | W1: Total cost general municipal solid waste | X1: Total (per Unit) hazardous and universal waste | Y1: Total cost hazardous and universal waste | Z1: Total (per Unit) debris from construction | AA1: Total cost debris from construction
A2: Nam Hai | B2: 1 | C2: 2022
A3: Nam Hai | B3: 2 | C3: 2022
A4: Nam Hai | B4: 3 | C4: 2022 | J4: 22 | L4: 5 | X4: =498-J4-L4 -> 471 | Y4: 12763637
A5: Nam Hai | B5: 4 | C5: 2022 | D5: ='Waste Record - April'!B38 -> 287 | F5: ='Waste Record - April'!D38 -> 16 | N5: 1780 | P5: ='Waste Record - April'!F38 -> 80 | T5: ='Waste Record - April'!J38 -> 5506 | V5: ='Waste Record - April'!L38+6000 -> 7624 | W5: 25065822
A6: Nam Hai | B6: 5 | C6: 2022 | D6: ='Waste Record - May'!B38 -> 118 | F6: ='Waste Record - May'!D38 -> 40 | N6: 285 | P6: ='Waste Record - May'!F38 -> 0 | T6: ='Waste Record - May'!J38 -> 2751 | V6: 3704 | W6: 11604546 | Z6: 5000 | AA6: 4970000
A7: Nam Hai | B7: 6 | C7: 2022 | D7: 52 | J7: 39 | L7: 17 | N7: 800 | P7: ='Waste Record - May'!F39 -> 0 | T7: 4407 | V7: 5477 | W7: 16710548 | X7: 333 | Y7: 12763637 | Z7: 5000 | AA7: 4970000
A8: Nam Hai | B8: 7 | C8: 2022 | D8: 70 | F8: 30 | N8: 1500 | P8: ='Waste Record - May'!F40 -> 0 | T8: 5243 | V8: 7611 | W8: 16710548 | Z8: 12000 | AA8: 6958000
A9: Nam Hai | B9: 8 | C9: 2022 | D9: 300 | N9: 500 | P9: 3 | T9: 6391 | V9: 7766 | W9: 19340910 | Z9: 15000 | AA9: 6958000
A10: Nam Hai | B10: 9 | C10: 2022 | D10: 1120 | F10: 12 | L10: 1 | N10: 500 | P10: 7 | T10: 6282 | V10: 6876 | W10: 16710548 | X10: 313 | Y10: 12763637 | Z10: 15000 | AA10: 6958000
A11: Nam Hai | B11: 10 | C11: 2022 | D11: 1430 | N11: 500 | T11: 6313 | V11: 6961 | W11: 16710548 | Z11: 16000 | AA11: 6958000
A12: Nam Hai | B12: 11 | C12: 2022 | D12: 367 | F12: 0 | J12: 0 | P12: 0 | T12: 5291 | V12: 6555 | W12: 16710548 | Z12: 16000 | AA12: 6958000
A13: Nam Hai | B13: 12 | C13: 2022

Sheet Waste Record - April
A1: FSR The Nam Hai
A2: WASTE DISCHARGE RECORD
A3: Month of April 2022
A5: Date | B5: Mixed Glass | D5: Plastic Pet | F5: Mixed Metal | H5: Dry Garbage | J5: Food Waste | L5: General Municipal Solid Waste | N5: Hazardous and Universal Waste
B6: Qty | C6: Cost | D6: Qty | E6: Cost | F6: Qty | G6: Cost | H6: Qty | I6: Cost | J6: Qty | K6: Cost | L6: Qty | M6: Cost | N6: Qty | O6: Cost
A7: 1 | H7: 298 | J7: 235
A8: 2 | H8: 139 | J8: 78
A9: 3 | F9: 80 | H9: 290 | J9: 110 | L9: 200
A10: 4 | H10: 102 | J10: 171 | L10: 100
A11: 5 | B11: 30 | H11: 270 | J11: 161
A12: 6 | B12: 16 | H12: 177 | J12: 66 | L12: 3
A13: 7 | H13: 96 | J13: 105
A14: 8 | B14: 19 | H14: 159 | J14: 201 | L14: 51
A15: 9 | B15: 25 | H15: 211 | J15: 367 | L15: 150
A16: 10 | B16: 193 | H16: 1148 | J16: 291
A17: 11 | H17: 816 | J17: 245
A18: 12 | H18: 164 | J18: 261
A19: 13 | H19: 113 | J19: 168
A20: 14 | H20: 585 | J20: 276
A21: 15 | D21: 2 | H21: 478 | J21: 340
A22: 16 | H22: 125 | J22: 268 | L22: 220
A23: 17 | H23: 240 | J23: 117
A24: 18 | H24: 76 | J24: 110
A25: 19 | H25: 196 | J25: 75 | L25: 430
A26: 20 | D26: 14 | H26: 88 | J26: 100 | L26: 10
A27: 21 | H27: 125 | J27: 74
A28: 22 | H28: 113 | J28: 124
A29: 23 | H29: 484 | J29: 95 | L29: 50
A30: 24 | H30: 227 | J30: 110
A31: 25 | H31: 220 | J31: 100 | L31: 20
A32: 26 | H32: 97 | J32: 115
A33: 27 | H33: 127 | J33: 242 | L33: 90
A34: 28 | H34: 87 | J34: 185
A35: 29 | H35: 127 | J35: 108 | L35: 300
A36: 30 | B36: 4 | H36: 402 | J36: 608
A37: 31
A38: Total | B38: =SUM(B7:B37) -> 287 | D38: =SUM(D7:D37) -> 16 | F38: =SUM(F7:F37) -> 80 | H38: =SUM(H7:H37) -> 7780 | J38: =SUM(J7:J37) -> 5506 | L38: =SUM(L7:L37) -> 1624 | N38: =SUM(N7:N37) -> 0

Sheet Waste Record - May
A1: FSR The Nam Hai
A2: WASTE DISCHARGE RECORD
A3: Month of May 2022
A5: Date | B5: Mixed Glass | D5: Plastic Pet | F5: Mixed Metal | H5: Dry Garbage | J5: Food Waste | L5: General Municipal Solid Waste | N5: Hazardous and Universal Waste
B6: Qty | C6: Cost | D6: Qty | E6: Cost | F6: Qty | G6: Cost | H6: Qty | I6: Cost | J6: Qty | K6: Cost | L6: Qty | M6: Cost | N6: Qty | O6: Cost
A7: 1 | B7: 15 | H7: 255 | J7: 63
A8: 2 | D8: 40 | H8: 249 | J8: 350 | L8: 55
A9: 3 | B9: 30 | H9: 393 | J9: 591 | L9: 105
A10: 4 | B10: 41 | H10: 185 | J10: 45 | L10: 5
A11: 5 | B11: 10 | H11: 175 | J11: 108
A12: 6 | B12: 5 | H12: 123 | J12: 39 | L12: 50
A13: 7 | H13: 89 | J13: 92 | L13: 40
A14: 8 | B14: 2 | H14: 21 | J14: 40 | L14: 65
A15: 9 | H15: 141 | J15: 35
A16: 10 | H16: 25 | J16: 100 | L16: 100
A17: 11 | H17: 13 | J17: 15
A18: 12 | H18: 72 | J18: 45 | L18: 15
A19: 13 | H19: 68 | J19: 60
A20: 14 | H20: 263 | J20: 120
A21: 15 | B21: 15 | H21: 160 | J21: 60 | L21: 150
A22: 16 | H22: 89 | J22: 140 | L22: 20
A23: 17 | H23: 100 | J23: 45
A24: 18 | H24: 23 | J24: 24
A25: 19 | H25: 77 | J25: 67
A26: 20 | H26: 35 | J26: 21
A27: 21 | H27: 73 | J27: 55
A28: 22 | H28: 48 | J28: 85
A29: 23 | H29: 41 | J29: 23
A30: 24 | H30: 52 | J30: 79
A31: 25 | H31: 98 | J31: 100
A32: 26 | H32: 34 | J32: 40
A33: 27 | H33: 72 | J33: 35
A34: 28 | H34: 41 | J34: 95
... A37: 31 | H37: 62 | J37: 49
A38: Total | B38: =SUM(B7:B37) -> 118 | D38: =SUM(D7:D37) -> 40 | F38: =SUM(F7:F37) -> 0 | H38: =SUM(H7:H37) -> 3384 | J38: =SUM(J7:J37) -> 2751 | L38: =SUM(L7:L37) -> 605 | N38: =SUM(N7:N37) -> 0
H43: =H38+L38 -> 3989

Sheet Waste Record - June
A1: FSR The Nam Hai
A2: WASTE DISCHARGE RECORD
A3: Month of June 2022
A5: Date | B5: Mixed Glass | D5: Plastic Pet | F5: Mixed Metal | H5: Dry Garbage | J5: Food Waste | L5: General Municipal Solid Waste | N5: Hazardous and Universal Waste
B6: Qty | C6: Cost | D6: Qty | E6: Cost | F6: Qty | G6: Cost | H6: Qty | I6: Cost | J6: Qty | K6: Cost | L6: Qty | M6: Cost | N6: Qty | O6: Cost
A7: 1 | H7: 57 | J7: 100 | L7: 150
A8: 2 | H8: 147 | J8: 107 | L8: 34
A9: 3 | H9: 62 | J9: 63 | L9: 15 | N9: 389
A10: 4 | H10: 218 | J10: 95
A11: 5 | B11: 10 | H11: 84 | J11: 98 | L11: 153
A12: 6 | H12: 157 | J12: 255 | L12: 68
A13: 7 | H13: 113 | J13: 242 | L13: 43
A14: 8 | H14: 50 | J14: 47 | L14: 22
A15: 9 | H15: 140 | J15: 378 | L15: 17
A16: 10 | H16: 168 | J16: 130 | L16: 12
A17: 11 | H17: 106 | J17: 116
A18: 12 | H18: 92 | J18: 95 | L18: 100
A19: 13 | H19: 81 | J19: 95
A20: 14 | B20: 10 | H20: 189 | J20: 172 | L20: 48
A21: 15 | H21: 131 | J21: 127 | L21: 70
A22: 16 | B22: 12 | H22: 176 | J22: 146 | L22: 80
A23: 17 | H23: 354 | J23: 174 | L23: 5
A24: 18 | H24: 242 | J24: 264 | L24: 590
A25: 19 | H25: 154 | J25: 89 | L25: 63
A26: 20 | H26: 158 | J26: 145 | L26: 130
A27: 21 | H27: 98 | J27: 225 | L27: 10
A28: 22 | B28: 20 | H28: 96 | J28: 135 | L28: 20
A29: 23 | H29: 81 | J29: 95 | L29: 61
A30: 24 | H30: 149 | J30: 200 | L30: 55
A31: 25 | H31: 139 | J31: 237 | L31: 133
A32: 26 | H32: 378 | J32: 90 | L32: 40
A33: 27 | H33: 41 | J33: 90
A34: 28 | H34: 128 | J34: 57
A35: 29 | H35: 284 | J35: 235
A36: 30 | H36: 70 | J36: 105 | L36: 15
A37: 31
A38: Total | B38: =SUM(B7:B37) -> 52 | D38: =SUM(D7:D37) -> 0 | F38: =SUM(F7:F37) -> 0 | H38: =SUM(H7:H37) -> 4343 | J38: =SUM(J7:J37) -> 4407 | L38: =SUM(L7:L37) -> 1934 | N38: =SUM(N7:N37) -> 389
H43: =H38+L38-800 -> 5477

Sheet Waste Record - July
A1: FSR The Nam Hai
A2: WASTE DISCHARGE RECORD
A3: Month of July 2022
A5: Date | B5: Mixed Glass | D5: Plastic Pet | F5: Mixed Metal | H5: Dry Garbage | J5: Food Waste | L5: General Municipal Solid Waste | N5: Hazardous and Universal Waste
B6: Qty | C6: Cost | D6: Qty | E6: Cost | F6: Qty | G6: Cost | H6: Qty | I6: Cost | J6: Qty | K6: Cost | L6: Qty | M6: Cost | N6: Qty | O6: Cost
A7: 1 | H7: 318 | J7: 79 | L7: 170
A8: 2 | B8: 15 | H8: 105 | J8: 65 | L8: 100
A9: 3 | H9: 185 | J9: 251 | L9: 145
A10: 4 | H10: 126 | J10: 53 | L10: 7
A11: 5 | H11: 272 | J11: 142 | L11: 22
A12: 6 | H12: 377 | J12: 268 | L12: 162
A13: 7 | H13: 131 | J13: 104 | L13: 406
A14: 8 | H14: 168 | J14: 110 | L14: 106
A15: 9 | H15: 123 | J15: 80 | L15: 350
A16: 10 | H16: 179 | J16: 162
A17: 11 | H17: 174 | J17: 89
A18: 12 | H18: 227 | J18: 179 | L18: 80
A19: 13 | H19: 126 | J19: 160 | L19: 126
A20: 14 | H20: 89 | J20: 265 | L20: 70
A21: 15 | H21: 159 | J21: 138 | L21: 90
A22: 16 | H22: 262 | J22: 118 | L22: 140
A23: 17 | H23: 110 | J23: 80
A24: 18 | H24: 245 | J24: 300 | L24: 80
A25: 19 | H25: 153 | J25: 200 | L25: 100
A26: 20 | B26: 50 | H26: 126 | J26: 152 | L26: 30
A27: 21 | H27: 183 | J27: 150
A28: 22 | H28: 269 | J28: 175 | L28: 8
A29: 23 | D29: 30 | H29: 91 | J29: 279 | L29: 152
A30: 24 | H30: 278 | J30: 197 | L30: 30
A31: 25 | H31: 122 | J31: 189
A32: 26 | B32: 5 | H32: 227 | J32: 446 | L32: 590
A33: 27 | H33: 15 | J33: 45
A34: 28 | H34: 67 | J34: 121 | L34: 95
A35: 29 | H35: 347 | J35: 187
A36: 30 | H36: 107 | J36: 297 | L36: 308
A37: 31 | H37: 168 | J37: 162 | L37: 215
A38: Total | B38: =SUM(B7:B37) -> 70 | D38: =SUM(D7:D37) -> 30 | F38: =SUM(F7:F37) -> 0 | H38: =SUM(H7:H37) -> 5529 | J38: =SUM(J7:J37) -> 5243 | L38: =SUM(L7:L37) -> 3582 | N38: =SUM(N7:N37) -> 0
H43: =H38+L38-1500 -> 7611

Sheet Waste Record - August
A1: FSR The Nam Hai
A2: WASTE DISCHARGE RECORD
A3: Month of August 2022
A5: Date | B5: Mixed Glass | D5: Plastic Pet | F5: Mixed Metal | H5: Dry Garbage | J5: Food Waste | L5: General Municipal Solid Waste | N5: Hazardous and Universal Waste
B6: Qty | C6: Cost | D6: Qty | E6: Cost | F6: Qty | G6: Cost | H6: Qty | I6: Cost | J6: Qty | K6: Cost | L6: Qty | M6: Cost | N6: Qty | O6: Cost
A7: 1 | H7: 146 | J7: 170
A8: 2 | H8: 375 | J8: 210 | L8: 275
A9: 3 | H9: 203 | J9: 217 | L9: 150
A10: 4 | H10: 346 | J10: 300 | L10: 50
A11: 5 | H11: 323 | J11: 180 | L11: 115
A12: 6 | H12: 173 | J12: 175 | L12: 40
A13: 7 | H13: 212 | J13: 164 | L13: 145
A14: 8 | F14: 3 | H14: 109 | J14: 150 | L14: 210
A15: 9 | B15: 30 | H15: 301 | J15: 104
A16: 10 | H16: 124 | J16: 160 | L16: 30
A17: 11 | H17: 249 | J17: 115 | L17: 30
A18: 12 | B18: 15 | H18: 210 | J18: 230 | L18: 152
A19: 13 | H19: 131 | J19: 420 | L19: 146
A20: 14 | B20: 15 | H20: 244 | J20: 239 | L20: 165
A21: 15 | B21: 5 | H21: 328 | J21: 165
A22: 16 | H22: 208 | J22: 195 | L22: 75
A23: 17 | B23: 5 | H23: 190 | J23: 209 | L23: 5
A24: 18 | B24: 15 | H24: 131 | J24: 189 | L24: 15
A25: 19 | H25: 127 | J25: 555
A26: 20 | H26: 178 | J26: 270 | L26: 330
A27: 21 | H27: 159 | J27: 117 | L27: 60
A28: 22 | H28: 240 | J28: 187
A29: 23 | B29: 3 | H29: 173 | J29: 106 | L29: 50
A30: 24 | B30: 40 | H30: 91 | J30: 190 | L30: 10
A31: 25 | B31: 3 | H31: 115 | J31: 258 | L31: 205
A32: 26 | B32: 40 | H32: 154 | J32: 275
A33: 27 | B33: 10 | H33: 168 | J33: 278
A34: 28 | H34: 95 | J34: 75
A35: 29 | H35: 136 | J35: 60
A36: 30 | B36: 77 | H36: 97 | J36: 212 | L36: 120
A37: 31 | B37: 42 | H37: 132 | J37: 216 | L37: 20
A38: Total | B38: =SUM(B7:B37) -> 300 | D38: =SUM(D7:D37) -> 0 | F38: =SUM(F7:F37) -> 3 | H38: =SUM(H7:H37) -> 5868 | J38: =SUM(J7:J37) -> 6391 | L38: =SUM(L7:L37) -> 2398 | N38: =SUM(N7:N37) -> 0
H41: =H38+L38-500 -> 7766

Sheet Waste Record - Sep
A1: FSR The Nam Hai
A2: WASTE DISCHARGE RECORD
A3: Month of Sep 2022
A5: Date | B5: Mixed Glass | D5: Plastic Pet | F5: Mixed Metal | H5: Dry Garbage | J5: Food Waste | L5: General Municipal Solid Waste | N5: Hazardous and Universal Waste
B6: Qty | C6: Cost | D6: Qty | E6: Cost | F6: Qty | G6: Cost | H6: Qty | I6: Cost | J6: Qty | K6: Cost | L6: Qty | M6: Cost | N6: Qty | O6: Cost
A7: 1 | B7: 152 | H7: 244 | J7: 208 | L7: 65
A8: 2 | B8: 15 | H8: 182 | J8: 325
A9: 3 | B9: 7 | H9: 166 | J9: 273 | L9: 662
A10: 4 | B10: 75 | H10: 219 | J10: 436 | L10: 95
A11: 5 | B11: 49 | H11: 74 | J11: 73
A12: 6 | B12: 21 | H12: 85 | J12: 131 | L12: 120
A13: 7 | B13: 26 | H13: 95 | J13: 350 | L13: 30
A14: 8 | H14: 107 | J14: 115 | L14: 2
A15: 9 | B15: 23 | H15: 133 | J15: 164 | L15: 90
A16: 10 | B16: 120 | H16: 311 | J16: 390 | L16: 280
A17: 11 | B17: 71 | D17: 10 | H17: 231 | J17: 269
A18: 12 | B18: 15 | H18: 74 | J18: 171
A19: 13 | B19: 10 | H19: 95 | J19: 139 | L19: 5
A20: 14 | H20: 121 | J20: 243
A21: 15 | B21: 60 | H21: 231 | J21: 310 | L21: 180
A22: 16 | H22: 125 | J22: 580
A23: 17 | B23: 15 | D23: 2 | H23: 260 | J23: 160 | L23: 80
A24: 18 | B24: 35 | H24: 115 | J24: 60 | L24: 120
A25: 19 | B25: 45 | H25: 102 | J25: 325 | L25: 30
A26: 20 | H26: 160 | J26: 98 | L26: 10
A27: 21 | H27: 95 | J27: 205 | L27: 40
A28: 22 | B28: 275 | H28: 203 | J28: 120 | L28: 34
A29: 23 | H29: 78 | J29: 88 | L29: 276
A30: 24 | B30: 30 | H30: 172 | J30: 233 | L30: 311 | M30: 314
A31: 25 | B31: 10 | H31: 143 | J31: 174 | L31: 35
A32: 26 | B32: 16 | H32: 88 | J32: 329 | L32: 554
A33: 27 | H33: 47 | J33: 50
A34: 28 | H34: 71 | J34: 90 | L34: 35
A35: 29 | H35: 40 | J35: 20 | L35: 20
A36: 30 | B36: 50 | F36: 7 | H36: 85 | J36: 153 | L36: 150
A37: 31
A38: Total | B38: =SUM(B7:B37) -> 1120 | D38: =SUM(D7:D37) -> 12 | F38: =SUM(F7:F37) -> 7 | H38: =SUM(H7:H37) -> 4152 | J38: =SUM(J7:J37) -> 6282 | L38: =SUM(L7:L37) -> 3224 | N38: =SUM(N7:N37) -> 0
H41: =H38+L38-500 -> 6876

Sheet Waste Record - Oct
A1: FSR The Nam Hai
A2: WASTE DISCHARGE RECORD
A3: Month of Oct 2022
A5: Date | B5: Mixed Glass | D5: Plastic Pet | F5: Mixed Metal | H5: Dry Garbage | J5: Food Waste | L5: General Municipal Solid Waste | N5: Hazardous and Universal Waste
B6: Qty | C6: Cost | D6: Qty | E6: Cost | F6: Qty | G6: Cost | H6: Qty | I6: Cost | J6: Qty | K6: Cost | L6: Qty | M6: Cost | N6: Qty | O6: Cost
A7: 1 | B7: 8 | H7: 136 | J7: 154
A8: 2 | H8: 47 | J8: 145 | L8: 452
A9: 3 | B9: 90 | H9: 95 | J9: 150
A10: 4 | B10: 45 | H10: 174 | J10: 210 | L10: 55
A11: 5 | B11: 37 | H11: 167 | J11: 254
A12: 6 | B12: 15 | H12: 143 | J12: 246 | L12: 25
A13: 7 | H13: 13 | J13: 50
A14: 8 | B14: 47 | H14: 303 | J14: 354 | L14: 207
A15: 9 | H15: 110 | J15: 115 | L15: 70
A16: 10 | H16: 94 | J16: 188
A17: 11 | B17: 10 | H17: 218 | J17: 297
A18: 12 | H18: 126 | J18: 200
A19: 13 | B19: 15 | H19: 58 | J19: 122
A20: 14 | B20: 12 | H20: 140 | J20: 200
A21: 15 | B21: 50 | H21: 203 | J21: 327 | L21: 150
A22: 16 | B22: 60 | H22: 141 | J22: 250
A23: 17 | H23: 133 | J23: 80
A24: 18 | B24: 217 | H24: 682 | J24: 382
A25: 19 | B25: 30 | H25: 616 | J25: 148
A26: 20 | B26: 57 | H26: 155 | J26: 367
A27: 21 | B27: 47 | H27: 265 | J27: 146
A28: 22 | B28: 137 | H28: 202 | J28: 198
A29: 23 | B29: 119 | H29: 191 | J29: 202
A30: 24 | B30: 61 | H30: 144 | J30: 230
A31: 25 | B31: 5 | H31: 153 | J31: 110 | L31: 402
A32: 26 | B32: 107 | H32: 332 | J32: 299 | L32: 30
A33: 27 | B33: 32 | H33: 157 | J33: 163 | L33: 40
A34: 28 | B34: 47 | H34: 107 | J34: 75
A35: 29 | B35: 45 | H35: 177 | J35: 199 | L35: 210
A36: 30 | B36: 107 | H36: 177 | J36: 352
A37: 31 | B37: 30 | H37: 91 | J37: 100 | L37: 70
A38: Total | B38: =SUM(B7:B37) -> 1430 | D38: =SUM(D7:D37) -> 0 | F38: =SUM(F7:F37) -> 0 | H38: =SUM(H7:H37) -> 5750 | J38: =SUM(J7:J37) -> 6313 | L38: =SUM(L7:L37) -> 1711 | N38: =SUM(N7:N37) -> 0
H41: =H38+L38-500 -> 6961

Sheet Waste Record - Nov
A1: FSR The Nam Hai
A2: WASTE DISCHARGE RECORD
A3: Month of Nov 2022
A5: Date | B5: Mixed Glass | D5: Plastic Pet | F5: Mixed Metal | H5: Dry Garbage | J5: Food Waste | L5: General Municipal Solid Waste | N5: Hazardous and Universal Waste
B6: Qty | C6: Cost | D6: Qty | E6: Cost | F6: Qty | G6: Cost | H6: Qty | I6: Cost | J6: Qty | K6: Cost | L6: Qty | M6: Cost | N6: Qty | O6: Cost
A7: 1 | B7: 17 | H7: 226 | J7: 340 | L7: 147
A8: 2 | B8: 10 | H8: 61 | J8: 185 | L8: 3
A9: 3 | B9: 5 | H9: 168 | J9: 173 | L9: 170
A10: 4 | H10: 132 | J10: 131 | L10: 115
A11: 5 | B11: 5 | H11: 249 | J11: 95 | L11: 295
A12: 6 | B12: 52 | H12: 152 | J12: 152 | L12: 20
A13: 7 | B13: 15 | H13: 95 | J13: 140 | L13: 314
A14: 8 | B14: 10 | H14: 110 | J14: 176 | L14: 147
A15: 9 | B15: 20 | H15: 130 | J15: 115 | L15: 25
A16: 10 | B16: 70 | H16: 85 | J16: 120 | L16: 15
A17: 11 | B17: 15 | H17: 76 | J17: 211 | L17: 30
A18: 12 | H18: 92 | J18: 82 | L18: 75
A19: 13 | B19: 31 | H19: 307 | J19: 298
A20: 14 | H20: 168 | J20: 155 | L20: 20
A21: 15 | B21: 10 | H21: 132 | J21: 172 | L21: 289
A22: 16 | H22: 66 | J22: 120
A23: 17 | H23: 188 | J23: 215
A24: 18 | H24: 97 | J24: 71 | L24: 210
A25: 19 | B25: 20 | H25: 228 | J25: 320
A26: 20 | H26: 81 | J26: 89 | L26: 100
A27: 21 | H27: 75 | J27: 200
A28: 22 | B28: 25 | H28: 202 | J28: 261 | L28: 10
A29: 23 | B29: 15 | H29: 123 | J29: 157 | L29: 180
A30: 24 | B30: 2 | H30: 164 | J30: 159 | L30: 310
A31: 25 | B31: 15 | H31: 245 | J31: 295 | L31: 248
A32: 26 | H32: 114 | J32: 265
A33: 27 | B33: 30 | H33: 142 | J33: 160 | L33: 10
A34: 28 | H34: 78 | J34: 125 | L34: 80
A35: 29 | H35: 53 | J35: 154 | L35: 100
A36: 30 | H36: 103 | J36: 155
A38: Total | B38: =SUM(B7:B37) -> 367 | D38: =SUM(D7:D37) -> 0 | F38: =SUM(F7:F37) -> 0 | H38: =SUM(H7:H37) -> 4142 | J38: =SUM(J7:J37) -> 5291 | L38: =SUM(L7:L37) -> 2913 | N38: =SUM(N7:N37) -> 0
H41: =H38+L38-500 -> 6555
