Workbook

Sheet TOTAL
A1: Site Name | B1: Day | C1: Month | D1: Year | E1: Total Electricity Kwh | F1: Electricity Tariff ($/Kwh) | G1: LPG (Kg) | H1: LPG $/Kg | I1: Water Utility Supply (m3) m3 | J1: Water Utility Supply (m3) $/m3 | K1: Room Nights | L1: Food Covers
A2: Maldives at Landaa Giraavaru | B2: 1 | C2: 11 | D2: 2022 | E2: ='Maldives at LG Daily'!D5 -> 24170 | F2: 0.27 | G2: ='Maldives at LG Daily'!E5 -> 90 | H2: 1.24 | I2: ='Maldives at LG Daily'!AP5 -> 382 | J2: 0 | K2: ='Maldives at LG Daily'!BP5 -> 30.1 | L2: ='Maldives at LG Daily'!BQ5 -> 244
A3: Maldives at Landaa Giraavaru | B3: 2 | C3: 11 | D3: 2022 | E3: ='Maldives at LG Daily'!D6 -> 25024 | F3: 0.27 | G3: ='Maldives at LG Daily'!E6 -> 270 | H3: 1.24 | I3: ='Maldives at LG Daily'!AP6 -> 352 | J3: 0 | K3: ='Maldives at LG Daily'!BP6 -> 34 | L3: ='Maldives at LG Daily'!BQ6 -> 237
A4: Maldives at Landaa Giraavaru | B4: 3 | C4: 11 | D4: 2022 | E4: ='Maldives at LG Daily'!D7 -> 25240 | F4: 0.27 | G4: ='Maldives at LG Daily'!E7 -> 225 | H4: 1.24 | I4: ='Maldives at LG Daily'!AP7 -> 385 | J4: 0 | K4: ='Maldives at LG Daily'!BP7 -> 34 | L4: ='Maldives at LG Daily'!BQ7 -> 307
A5: Maldives at Landaa Giraavaru | B5: 4 | C5: 11 | D5: 2022 | E5: ='Maldives at LG Daily'!D8 -> 26491 | F5: 0.27 | G5: ='Maldives at LG Daily'!E8 -> 270 | H5: 1.24 | I5: ='Maldives at LG Daily'!AP8 -> 375 | J5: 0 | K5: ='Maldives at LG Daily'!BP8 -> 40.8 | L5: ='Maldives at LG Daily'!BQ8 -> 306
A6: Maldives at Landaa Giraavaru | B6: 5 | C6: 11 | D6: 2022 | E6: ='Maldives at LG Daily'!D9 -> 26146 | F6: 0.27 | G6: ='Maldives at LG Daily'!E9 -> 225 | H6: 1.24 | I6: ='Maldives at LG Daily'!AP9 -> 371 | J6: 0 | K6: ='Maldives at LG Daily'!BP9 -> 38.8 | L6: ='Maldives at LG Daily'!BQ9 -> 298
A7: Maldives at Landaa Giraavaru | B7: 6 | C7: 11 | D7: 2022 | E7: ='Maldives at LG Daily'!D10 -> 26840 | F7: 0.27 | G7: ='Maldives at LG Daily'!E10 -> 270 | H7: 1.24 | I7: ='Maldives at LG Daily'!AP10 -> 385 | J7: 0 | K7: ='Maldives at LG Daily'!BP10 -> 31.1 | L7: ='Maldives at LG Daily'!BQ10 -> 299
A8: Maldives at Landaa Giraavaru | B8: 7 | C8: 11 | D8: 2022 | E8: ='Maldives at LG Daily'!D11 -> 26304 | F8: 0.27 | G8: ='Maldives at LG Daily'!E11 -> 270 | H8: 1.24 | I8: ='Maldives at LG Daily'!AP11 -> 373 | J8: 0 | K8: ='Maldives at LG Daily'!BP11 -> 29.1 | L8: ='Maldives at LG Daily'!BQ11 -> 247
A9: Maldives at Landaa Giraavaru | B9: 8 | C9: 11 | D9: 2022 | E9: ='Maldives at LG Daily'!D12 -> 26622 | F9: 0.27 | G9: ='Maldives at LG Daily'!E12 -> 270 | H9: 1.24 | I9: ='Maldives at LG Daily'!AP12 -> 404 | J9: 0 | K9: ='Maldives at LG Daily'!BP12 -> 34 | L9: ='Maldives at LG Daily'!BQ12 -> 274
A10: Maldives at Landaa Giraavaru | B10: 9 | C10: 11 | D10: 2022 | E10: ='Maldives at LG Daily'!D13 -> 26674 | F10: 0.27 | G10: ='Maldives at LG Daily'!E13 -> 270 | H10: 1.24 | I10: ='Maldives at LG Daily'!AP13 -> 356 | J10: 0 | K10: ='Maldives at LG Daily'!BP13 -> 29.1 | L10: ='Maldives at LG Daily'!BQ13 -> 222
A11: Maldives at Landaa Giraavaru | B11: 10 | C11: 11 | D11: 2022 | E11: ='Maldives at LG Daily'!D14 -> 26265 | F11: 0.27 | G11: ='Maldives at LG Daily'!E14 -> 90 | H11: 1.24 | I11: ='Maldives at LG Daily'!AP14 -> 448 | J11: 0 | K11: ='Maldives at LG Daily'!BP14 -> 27.2 | L11: ='Maldives at LG Daily'!BQ14 -> 209
A12: Maldives at Landaa Giraavaru | B12: 11 | C12: 11 | D12: 2022 | E12: ='Maldives at LG Daily'!D15 -> 26961 | F12: 0.27 | G12: ='Maldives at LG Daily'!E15 -> 90 | H12: 1.24 | I12: ='Maldives at LG Daily'!AP15 -> 429 | J12: 0 | K12: ='Maldives at LG Daily'!BP15 -> 30.1 | L12: ='Maldives at LG Daily'!BQ15 -> 226
A13: Maldives at Landaa Giraavaru | B13: 12 | C13: 11 | D13: 2022 | E13: ='Maldives at LG Daily'!D16 -> 26816 | F13: 0.27 | G13: ='Maldives at LG Daily'!E16 -> 450 | H13: 1.24 | I13: ='Maldives at LG Daily'!AP16 -> 519 | J13: 0 | K13: ='Maldives at LG Daily'!BP16 -> 36.9 | L13: ='Maldives at LG Daily'!BQ16 -> 237
... A31: Maldives at Landaa Giraavaru | B31: 30 | C31: 11 | D31: 2022 | E31: ='Maldives at LG Daily'!D34 -> 25963 | F31: 0.27 | G31: ='Maldives at LG Daily'!E34 -> 270 | H31: 2.24 | I31: ='Maldives at LG Daily'!AP34 -> 353 | J31: 1 | K31: ='Maldives at LG Daily'!BP34 -> 35.9 | L31: ='Maldives at LG Daily'!BQ34 -> 264

Sheet Submetering 
A1: Site Name | B1: Day | C1: Month | D1: Year | E1: GENSET NO 1 | F1: GENSET NO 2 | G1: GENSET NO 3 | H1: GENSET NO 4 | I1: GENSET NO 5 | J1: Main BLU FEEDER PANEL 1 | K1: Main BLU FEEDER PANEL 2 | L1: Main POWER HOUSE FEEDER PANEL NO:3 | M1: Main Kitchen -7 | N1: Main Kitchen -10 | O1: Water treatment Plant | P1: Sewage treatment Plant | Q1: Laundry--8SSB (Machineries) | R1: Laundry-9 (HR/Tuck Shop Building) | S1: New staff accomodation (E0) | T1: Staff block-16(E2-E3) | U1: Staff Block Feeder-3(E4-E5) | V1: Management block-5 (M1 to M6) | W1: SNR STAFF BLOCK (PC Block) | X1: BOAT DOCK FEEDER - 22 | Y1: RECEPTION Building Full (Finance/Reservation) | Z1: DIVE CENTER (Inc MDC and Recreation) | AA1: 301-307 | AB1: 308-314 | AC1: 315-320 | AD1: 401-407 | AE1: 408-414 | AF1: 415-420 | AG1: SPA - 1 | AH1: SPA - 2 | AI1: BLU KITCHEN - 1 | AJ1: BLU KITCHEN - 2 | AK1: AL BARAKATH | AL1: STAFF KITCHEN | AM1: R/O Plant A | AN1: R/O Plant B | AO1: R/O Plant C | AP1: R/O Plant D | AQ1: Laundry | AR1: Staff Block - E0 | AS1: Staff Block - E1 | AT1: Staff Block - E2 | AU1: Staff Block - E3 | AV1: Staff Block - E4 | AW1: Staff Block - E5 | AX1: Management Block | AY1: PC Block | AZ1: GM Bungalow | BA1: Boat Dock | BB1: Supply Jetty | BC1: Main Kitchen | BD1: Day Facility | BE1: Reception | BF1: Main Pool | BG1: Dive Center | BH1: Albarakthu | BI1: Blu Resturant | BJ1: Main Jetty | BK1: Landaa Estate | BL1: ROOM NIGHTS | BM1: Total Food Covers
A2: Maldives at Landaa Giraavaru | B2: 1 | C2: 11 | D2: 2022 | E2: ='Maldives at LG Daily'!G5 -> 1746 | F2: ='Maldives at LG Daily'!H5 -> 9811 | G2: ='Maldives at LG Daily'!I5 -> 7417 | H2: ='Maldives at LG Daily'!J5 -> 0 | I2: ='Maldives at LG Daily'!K5 -> 5196 | J2: ='Maldives at LG Daily'!L5 -> 3680 | K2: ='Maldives at LG Daily'!M5 -> 3861 | L2: ='Maldives at LG Daily'!N5 -> 10978 | ... AL2: ='Maldives at LG Daily'!AN5 -> 430 | AM2: ='Maldives at LG Daily'!AQ5 -> 222 | AN2: ='Maldives at LG Daily'!AR5 -> 0 | AO2: ='Maldives at LG Daily'!AS5 -> 50 | AP2: ='Maldives at LG Daily'!AT5 -> 110 | AQ2: ='Maldives at LG Daily'!AU5 -> 19 | AR2: ='Maldives at LG Daily'!AV5 -> 5 | AS2: ='Maldives at LG Daily'!AW5 -> 8 | AT2: ='Maldives at LG Daily'!AX5 -> 12 | ... BK2: ='Maldives at LG Daily'!BO5 -> 2 | BL2: ='Rooms nights and Food Covers'!B5 -> 30.1 | BM2: ='Rooms nights and Food Covers'!C5 -> 244
A3: Maldives at Landaa Giraavaru | B3: 2 | C3: 11 | D3: 2022 | E3: ='Maldives at LG Daily'!G6 -> 5831 | F3: ='Maldives at LG Daily'!H6 -> 9777 | G3: ='Maldives at LG Daily'!I6 -> 7500 | H3: ='Maldives at LG Daily'!J6 -> 0 | I3: ='Maldives at LG Daily'!K6 -> 1916 | J3: ='Maldives at LG Daily'!L6 -> 4018 | K3: ='Maldives at LG Daily'!M6 -> 3979 | L3: ='Maldives at LG Daily'!N6 -> 11389 | ... AL3: ='Maldives at LG Daily'!AN6 -> 500 | AM3: ='Maldives at LG Daily'!AQ6 -> 205 | AN3: ='Maldives at LG Daily'!AR6 -> 0 | AO3: ='Maldives at LG Daily'!AS6 -> 34 | AP3: ='Maldives at LG Daily'!AT6 -> 113 | AQ3: ='Maldives at LG Daily'!AU6 -> 21 | AR3: ='Maldives at LG Daily'!AV6 -> 6 | AS3: ='Maldives at LG Daily'!AW6 -> 10 | AT3: ='Maldives at LG Daily'!AX6 -> 12 | ... BK3: ='Maldives at LG Daily'!BO6 -> 0 | BL3: ='Rooms nights and Food Covers'!B6 -> 34 | BM3: ='Rooms nights and Food Covers'!C6 -> 237
A4: Maldives at Landaa Giraavaru | B4: 3 | C4: 11 | D4: 2022 | E4: ='Maldives at LG Daily'!G7 -> 7475 | F4: ='Maldives at LG Daily'!H7 -> 6525 | G4: ='Maldives at LG Daily'!I7 -> 4471 | H4: ='Maldives at LG Daily'!J7 -> 0 | I4: ='Maldives at LG Daily'!K7 -> 6769 | J4: ='Maldives at LG Daily'!L7 -> 3803 | K4: ='Maldives at LG Daily'!M7 -> 4138 | L4: ='Maldives at LG Daily'!N7 -> 11452 | ... AL4: ='Maldives at LG Daily'!AN7 -> 460 | AM4: ='Maldives at LG Daily'!AQ7 -> 239 | AN4: ='Maldives at LG Daily'!AR7 -> 0 | AO4: ='Maldives at LG Daily'!AS7 -> 24 | AP4: ='Maldives at LG Daily'!AT7 -> 122 | AQ4: ='Maldives at LG Daily'!AU7 -> 20 | AR4: ='Maldives at LG Daily'!AV7 -> 8 | AS4: ='Maldives at LG Daily'!AW7 -> 9 | AT4: ='Maldives at LG Daily'!AX7 -> 12 | ... BK4: ='Maldives at LG Daily'!BO7 -> 0 | BL4: ='Rooms nights and Food Covers'!B7 -> 34 | BM4: ='Rooms nights and Food Covers'!C7 -> 307
A5: Maldives at Landaa Giraavaru | B5: 4 | C5: 11 | D5: 2022 | E5: ='Maldives at LG Daily'!G8 -> 9100 | F5: ='Maldives at LG Daily'!H8 -> 2952 | G5: ='Maldives at LG Daily'!I8 -> 9160 | H5: ='Maldives at LG Daily'!J8 -> 0 | I5: ='Maldives at LG Daily'!K8 -> 5279 | J5: ='Maldives at LG Daily'!L8 -> 4186 | K5: ='Maldives at LG Daily'!M8 -> 4483 | L5: ='Maldives at LG Daily'!N8 -> 11928 | ... AL5: ='Maldives at LG Daily'!AN8 -> 0 | AM5: ='Maldives at LG Daily'!AQ8 -> 230 | AN5: ='Maldives at LG Daily'!AR8 -> 0 | AO5: ='Maldives at LG Daily'!AS8 -> 1 | AP5: ='Maldives at LG Daily'!AT8 -> 144 | AQ5: ='Maldives at LG Daily'!AU8 -> 21 | AR5: ='Maldives at LG Daily'!AV8 -> 4 | AS5: ='Maldives at LG Daily'!AW8 -> 9 | AT5: ='Maldives at LG Daily'!AX8 -> 13 | ... BK5: ='Maldives at LG Daily'!BO8 -> 0 | BL5: ='Rooms nights and Food Covers'!B8 -> 40.8 | BM5: ='Rooms nights and Food Covers'!C8 -> 306
A6: Maldives at Landaa Giraavaru | B6: 5 | C6: 11 | D6: 2022 | E6: ='Maldives at LG Daily'!G9 -> 9784 | F6: ='Maldives at LG Daily'!H9 -> 834 | G6: ='Maldives at LG Daily'!I9 -> 5744 | H6: ='Maldives at LG Daily'!J9 -> 0 | I6: ='Maldives at LG Daily'!K9 -> 9784 | J6: ='Maldives at LG Daily'!L9 -> 4156 | K6: ='Maldives at LG Daily'!M9 -> 4344 | L6: ='Maldives at LG Daily'!N9 -> 11380 | ... AL6: ='Maldives at LG Daily'!AN9 -> 920 | AM6: ='Maldives at LG Daily'!AQ9 -> 213 | AN6: ='Maldives at LG Daily'!AR9 -> 0 | AO6: ='Maldives at LG Daily'!AS9 -> 29 | AP6: ='Maldives at LG Daily'!AT9 -> 129 | AQ6: ='Maldives at LG Daily'!AU9 -> 21 | AR6: ='Maldives at LG Daily'!AV9 -> 6 | AS6: ='Maldives at LG Daily'!AW9 -> 10 | AT6: ='Maldives at LG Daily'!AX9 -> 13 | ... BK6: ='Maldives at LG Daily'!BO9 -> 6 | BL6: ='Rooms nights and Food Covers'!B9 -> 38.8 | BM6: ='Rooms nights and Food Covers'!C9 -> 298
A7: Maldives at Landaa Giraavaru | B7: 6 | C7: 11 | D7: 2022 | E7: ='Maldives at LG Daily'!G10 -> 3169 | F7: ='Maldives at LG Daily'!H10 -> 11280 | G7: ='Maldives at LG Daily'!I10 -> 8335 | H7: ='Maldives at LG Daily'!J10 -> 0 | I7: ='Maldives at LG Daily'!K10 -> 4056 | J7: ='Maldives at LG Daily'!L10 -> 4442 | K7: ='Maldives at LG Daily'!M10 -> 4481 | L7: ='Maldives at LG Daily'!N10 -> 12061 | ... AL7: ='Maldives at LG Daily'!AN10 -> 540 | AM7: ='Maldives at LG Daily'!AQ10 -> 245 | AN7: ='Maldives at LG Daily'!AR10 -> 0 | AO7: ='Maldives at LG Daily'!AS10 -> 0 | AP7: ='Maldives at LG Daily'!AT10 -> 140 | AQ7: ='Maldives at LG Daily'!AU10 -> 22 | AR7: ='Maldives at LG Daily'!AV10 -> 6 | AS7: ='Maldives at LG Daily'!AW10 -> 10 | AT7: ='Maldives at LG Daily'!AX10 -> 11 | ... BK7: ='Maldives at LG Daily'!BO10 -> 2 | BL7: ='Rooms nights and Food Covers'!B10 -> 31.1 | BM7: ='Rooms nights and Food Covers'!C10 -> 299
A8: Maldives at Landaa Giraavaru | B8: 7 | C8: 11 | D8: 2022 | E8: ='Maldives at LG Daily'!G11 -> 7349 | F8: ='Maldives at LG Daily'!H11 -> 9634 | G8: ='Maldives at LG Daily'!I11 -> 4237 | H8: ='Maldives at LG Daily'!J11 -> 0 | I8: ='Maldives at LG Daily'!K11 -> 5084 | J8: ='Maldives at LG Daily'!L11 -> 4402 | K8: ='Maldives at LG Daily'!M11 -> 4141 | L8: ='Maldives at LG Daily'!N11 -> 11776 | ... AL8: ='Maldives at LG Daily'!AN11 -> 510 | AM8: ='Maldives at LG Daily'!AQ11 -> 229 | AN8: ='Maldives at LG Daily'!AR11 -> 0 | AO8: ='Maldives at LG Daily'!AS11 -> 0 | AP8: ='Maldives at LG Daily'!AT11 -> 144 | AQ8: ='Maldives at LG Daily'!AU11 -> 25 | AR8: ='Maldives at LG Daily'!AV11 -> 6 | AS8: ='Maldives at LG Daily'!AW11 -> 9 | AT8: ='Maldives at LG Daily'!AX11 -> 11 | ... BK8: ='Maldives at LG Daily'!BO11 -> 2 | BL8: ='Rooms nights and Food Covers'!B11 -> 29.1 | BM8: ='Rooms nights and Food Covers'!C11 -> 247
A9: Maldives at Landaa Giraavaru | B9: 8 | C9: 11 | D9: 2022 | E9: ='Maldives at LG Daily'!G12 -> 2387 | F9: ='Maldives at LG Daily'!H12 -> 13482 | G9: ='Maldives at LG Daily'!I12 -> 4128 | H9: ='Maldives at LG Daily'!J12 -> 0 | I9: ='Maldives at LG Daily'!K12 -> 6625 | J9: ='Maldives at LG Daily'!L12 -> 4404 | K9: ='Maldives at LG Daily'!M12 -> 4063 | L9: ='Maldives at LG Daily'!N12 -> 11713 | ... AL9: ='Maldives at LG Daily'!AN12 -> 460 | AM9: ='Maldives at LG Daily'!AQ12 -> 254 | AN9: ='Maldives at LG Daily'!AR12 -> 0 | AO9: ='Maldives at LG Daily'!AS12 -> 1 | AP9: ='Maldives at LG Daily'!AT12 -> 149 | AQ9: ='Maldives at LG Daily'!AU12 -> 20 | AR9: ='Maldives at LG Daily'!AV12 -> 7 | AS9: ='Maldives at LG Daily'!AW12 -> 9 | AT9: ='Maldives at LG Daily'!AX12 -> 10 | ... BK9: ='Maldives at LG Daily'!BO12 -> 1 | BL9: ='Rooms nights and Food Covers'!B12 -> 34 | BM9: ='Rooms nights and Food Covers'!C12 -> 274
A10: Maldives at Landaa Giraavaru | B10: 9 | C10: 11 | D10: 2022 | E10: ='Maldives at LG Daily'!G13 -> 6611 | F10: ='Maldives at LG Daily'!H13 -> 9452 | G10: ='Maldives at LG Daily'!I13 -> 7873 | H10: ='Maldives at LG Daily'!J13 -> 0 | I10: ='Maldives at LG Daily'!K13 -> 2738 | J10: ='Maldives at LG Daily'!L13 -> 4316 | K10: ='Maldives at LG Daily'!M13 -> 3767 | L10: ='Maldives at LG Daily'!N13 -> 12008 | ... AL10: ='Maldives at LG Daily'!AN13 -> 520 | AM10: ='Maldives at LG Daily'!AQ13 -> 224 | AN10: ='Maldives at LG Daily'!AR13 -> 0 | AO10: ='Maldives at LG Daily'!AS13 -> 0 | AP10: ='Maldives at LG Daily'!AT13 -> 132 | AQ10: ='Maldives at LG Daily'!AU13 -> 24 | AR10: ='Maldives at LG Daily'!AV13 -> 6 | AS10: ='Maldives at LG Daily'!AW13 -> 9 | AT10: ='Maldives at LG Daily'!AX13 -> 10 | ... BK10: ='Maldives at LG Daily'!BO13 -> 1 | BL10: ='Rooms nights and Food Covers'!B13 -> 29.1 | BM10: ='Rooms nights and Food Covers'!C13 -> 222
A11: Maldives at Landaa Giraavaru | B11: 10 | C11: 11 | D11: 2022 | E11: ='Maldives at LG Daily'!G14 -> 1193 | F11: ='Maldives at LG Daily'!H14 -> 11688 | G11: ='Maldives at LG Daily'!I14 -> 9219 | H11: ='Maldives at LG Daily'!J14 -> 0 | I11: ='Maldives at LG Daily'!K14 -> 4165 | J11: ='Maldives at LG Daily'!L14 -> 4316 | K11: ='Maldives at LG Daily'!M14 -> 3767 | L11: ='Maldives at LG Daily'!N14 -> 12008 | ... AL11: ='Maldives at LG Daily'!AN14 -> 530 | AM11: ='Maldives at LG Daily'!AQ14 -> 249 | AN11: ='Maldives at LG Daily'!AR14 -> 0 | AO11: ='Maldives at LG Daily'!AS14 -> 48 | AP11: ='Maldives at LG Daily'!AT14 -> 151 | AQ11: ='Maldives at LG Daily'!AU14 -> 22 | AR11: ='Maldives at LG Daily'!AV14 -> 6 | AS11: ='Maldives at LG Daily'!AW14 -> 11 | AT11: ='Maldives at LG Daily'!AX14 -> 10 | ... BK11: ='Maldives at LG Daily'!BO14 -> 3 | BL11: ='Rooms nights and Food Covers'!B14 -> 27.2 | BM11: ='Rooms nights and Food Covers'!C14 -> 209
A12: Maldives at Landaa Giraavaru | B12: 11 | C12: 11 | D12: 2022 | E12: ='Maldives at LG Daily'!G15 -> 7249 | F12: ='Maldives at LG Daily'!H15 -> 8458 | G12: ='Maldives at LG Daily'!I15 -> 5845 | H12: ='Maldives at LG Daily'!J15 -> 0 | I12: ='Maldives at LG Daily'!K15 -> 5409 | J12: ='Maldives at LG Daily'!L15 -> 3849 | K12: ='Maldives at LG Daily'!M15 -> 3771 | L12: ='Maldives at LG Daily'!N15 -> 13626 | ... AL12: ='Maldives at LG Daily'!AN15 -> 530 | AM12: ='Maldives at LG Daily'!AQ15 -> 247 | AN12: ='Maldives at LG Daily'!AR15 -> 21 | AO12: ='Maldives at LG Daily'!AS15 -> 22 | AP12: ='Maldives at LG Daily'!AT15 -> 139 | AQ12: ='Maldives at LG Daily'!AU15 -> 20 | AR12: ='Maldives at LG Daily'!AV15 -> 6 | AS12: ='Maldives at LG Daily'!AW15 -> 9 | AT12: ='Maldives at LG Daily'!AX15 -> 10 | ... BK12: ='Maldives at LG Daily'!BO15 -> 1 | BL12: ='Rooms nights and Food Covers'!B15 -> 30.1 | BM12: ='Rooms nights and Food Covers'!C15 -> 226
A13: Maldives at Landaa Giraavaru | B13: 12 | C13: 11 | D13: 2022 | E13: ='Maldives at LG Daily'!G16 -> 4553 | F13: ='Maldives at LG Daily'!H16 -> 12675 | G13: ='Maldives at LG Daily'!I16 -> 9545 | H13: ='Maldives at LG Daily'!J16 -> 0 | I13: ='Maldives at LG Daily'!K16 -> 43 | J13: ='Maldives at LG Daily'!L16 -> 3978 | K13: ='Maldives at LG Daily'!M16 -> 4164 | L13: ='Maldives at LG Daily'!N16 -> 12679 | ... AL13: ='Maldives at LG Daily'!AN16 -> 540 | AM13: ='Maldives at LG Daily'!AQ16 -> 244 | AN13: ='Maldives at LG Daily'!AR16 -> 119 | AO13: ='Maldives at LG Daily'!AS16 -> 22 | AP13: ='Maldives at LG Daily'!AT16 -> 134 | AQ13: ='Maldives at LG Daily'!AU16 -> 23 | AR13: ='Maldives at LG Daily'!AV16 -> 7 | AS13: ='Maldives at LG Daily'!AW16 -> 9 | AT13: ='Maldives at LG Daily'!AX16 -> 10 | ... BK13: ='Maldives at LG Daily'!BO16 -> 7 | BL13: ='Rooms nights and Food Covers'!B16 -> 36.9 | BM13: ='Rooms nights and Food Covers'!C16 -> 237
... A31: Maldives at Landaa Giraavaru | B31: 30 | C31: 11 | D31: 2022 | E31: ='Maldives at LG Daily'!G34 -> 7081 | F31: ='Maldives at LG Daily'!H34 -> 7070 | G31: ='Maldives at LG Daily'!I34 -> 3789 | H31: ='Maldives at LG Daily'!J34 -> 0 | I31: ='Maldives at LG Daily'!K34 -> 8023 | J31: ='Maldives at LG Daily'!L34 -> 3797 | K31: ='Maldives at LG Daily'!M34 -> 4393 | L31: ='Maldives at LG Daily'!N34 -> 11846 | ... AL31: ='Maldives at LG Daily'!AN34 -> 490 | AM31: ='Maldives at LG Daily'!AQ34 -> 204 | AN31: ='Maldives at LG Daily'!AR34 -> 101 | AO31: ='Maldives at LG Daily'!AS34 -> 0 | AP31: ='Maldives at LG Daily'!AT34 -> 48 | AQ31: ='Maldives at LG Daily'!AU34 -> 20 | AR31: ='Maldives at LG Daily'!AV34 -> 6 | AS31: ='Maldives at LG Daily'!AW34 -> 9 | AT31: ='Maldives at LG Daily'!AX34 -> 10 | ... BK31: ='Maldives at LG Daily'!BO34 -> 2 | BL31: ='Rooms nights and Food Covers'!B34 -> 35.9 | BM31: ='Rooms nights and Food Covers'!C34 -> 264

Sheet Maldives at LG Daily
A2: Days | C2: Electricity Meter (KWh) | E2: Gas Kg | G2: GENSET NO 1 | H2: GENSET NO 2 | I2: GENSET NO 3 | J2: GENSET NO 4 | K2: GENSET NO 5 | L2: Main BLU FEEDER PANEL 1 | M2: Main BLU FEEDER PANEL 2 | N2: Main POWER HOUSE FEEDER PANEL NO:3 | O2: Main Kitchen -7 | P2: Main Kitchen -10 | Q2: Water treatment Plant | R2: Sewage treatment Plant | S2: Laundry--8SSB (Machineries) | T2: Laundry-9 (HR/Tuck Shop Building) | U2: New staff accomodation (E0) | V2: Staff block-16(E2-E3) | W2: Staff Block Feeder-3(E4-E5) | X2: Management block-5 (M1 to M6) | Y2: SNR STAFF BLOCK (PC Block) | Z2: BOAT DOCK FEEDER - 22 | AA2: RECEPTION Building Full (Finance/Reservation) | AB2: DIVE CENTER (Inc MDC and Recreation) | AC2: 301-307 | AD2: 308-314 | AE2: 315-320 | AF2: 401-407 | AG2: 408-414 | AH2: 415-420 | AI2: SPA - 1 | AJ2: SPA - 2 | AK2: BLU KITCHEN - 1 | AL2: BLU KITCHEN - 2 | AM2: AL BARAKATH | AN2: STAFF KITCHEN | AO2: Water m3 | AQ2: R/O Plant A | AR2: R/O Plant B | AS2: R/O Plant C | AT2: R/O Plant D | AU2: Laundry | AV2: Staff Block - E0 | AW2: Staff Block - E1 | AX2: Staff Block - E2 | AY2: Staff Block - E3 | AZ2: Staff Block - E4 | BA2: Staff Block - E5 | BB2: Management Block | BC2: PC Block | BD2: GM Bungalow | BE2: Boat Dock | BF2: Supply Jetty | BG2: Main Kitchen | BH2: Day Facility | BI2: Reception | BJ2: Main Pool | BK2: Dive Center | BL2: Albarakthu | BM2: Blu Resturant | BN2: Main Jetty | BO2: Landaa Estate
A3: Date | C3: Reading KWH | D3: Difference KWH | E3: Reading Kg | F3: Difference Kg | G3: KWh | H3: KWh | I3: KWh | J3: KWh | K3: KWh | L3: KWh | M3: KWh | N3: KWh | O3: KWh | P3: KWh | Q3: KWh | R3: KWh | S3: KWh | T3: KWh | U3: KWh | V3: KWh | W3: KWh | X3: KWh | Y3: KWh | Z3: KWh | AA3: KWh | AB3: KWh | AC3: KWh | AD3: KWh | AE3: KWh | AF3: KWh | AG3: KWh | AH3: KWh | AI3: KWh | AJ3: KWh | AK3: KWh | AL3: KWh | AM3: KWh | AN3: KWh | AO3: Reading m³ | AP3: Daily Consumption m³ | AQ3: Daily Consumption m³ | AR3: Daily Consumption m³ | AS3: Daily Consumption m³ | AT3: Daily Consumption m³ | AU3: Daily Consumption m³ | AV3: Daily Consumption m³ | AW3: Daily Consumption m³ | AX3: Daily Consumption m³ | AY3: Daily Consumption m³ | AZ3: Daily Consumption m³ | BA3: Daily Consumption m³ | BB3: Daily Consumption m³ | BC3: Daily Consumption m³ | BD3: Daily Consumption m³ | BE3: Daily Consumption m³ | BF3: Daily Consumption m³ | BG3: Daily Consumption m³ | BH3: Daily Consumption m³ | BI3: Daily Consumption m³ | BJ3: Daily Consumption m³ | BK3: Daily Consumption m³ | BL3: Daily Consumption m³ | BM3: Daily Consumption m³ | BN3: Daily Consumption m³ | BO3: Daily Consumption m³ | BP3: ROOM NIGHTS | BQ3: Total Food Covers
A4: 44865 | C4: 103941271 | D4: 31701 | E4: ='Gas-2'!G5 -> 0 | F4: 90 | AO4: =SUM(WATER!G6,WATER!L6,WATER!Q6,WATER!B6) -> 1132736 | AP4: 318 | BP4: ='Rooms nights and Food Covers'!B4 -> 32 | BQ4: ='Rooms nights and Food Covers'!C4 -> 195
A5: =A4+1 -> 44866 | C5: =SUM('GENSET #1'!C10+'GENSET #2'!C10+'GENSET #3'!C10+'GENSET #4'!C10+'GENSET #5'!C10) -> 103965441 | D5: =IF((C5-C4<0), "0",C5-C4) -> 24170 | E5: ='Gas-2'!G6 -> 90 | F5: =IF((E5-E4<0), "0",E5-E4) -> 90 | G5: ='GENSET #1'!D10 -> 1746 | H5: ='GENSET #2'!D10 -> 9811 | I5: ='GENSET #3'!D10 -> 7417 | J5: ='GENSET #4'!D10 -> 0 | K5: ='GENSET #5'!D10 -> 5196 | L5: ='FEEDER Consumption '!E5 -> 3680 | M5: ='FEEDER Consumption '!J5 -> 3861 | N5: ='FEEDER Consumption '!O5 -> 10978 | O5: ='FEEDER Consumption '!T5 -> 2400 | P5: ='FEEDER Consumption '!Y5 -> 2791 | Q5: ='FEEDER Consumption '!AD5 -> 1800 | R5: ='FEEDER Consumption '!AJ5 -> 465 | S5: ='FEEDER Consumption '!AO5 -> 800 | T5: ='FEEDER Consumption '!AT5 -> 1200 | U5: ='FEEDER Consumption '!AY5 -> 4020 | V5: ='FEEDER Consumption '!BI5 -> 200 | W5: ='FEEDER Consumption '!BI5 -> 200 | X5: ='FEEDER Consumption '!BN5 -> 1100 | Y5: ='FEEDER Consumption '!BS5 -> 140 | Z5: ='FEEDER Consumption '!BX5 -> 420 | AA5: ='FEEDER Consumption '!CC5 -> 1100 | AB5: ='FEEDER Consumption '!CH5 -> 410 | AC5: ='FEEDER Consumption '!CM5 -> 700 | AD5: ='FEEDER Consumption '!CR5 -> 700 | AE5: ='FEEDER Consumption '!DB5 -> 910 | AF5: ='FEEDER Consumption '!DB5 -> 910 | AG5: ='FEEDER Consumption '!DG5 -> 750 | AH5: ='FEEDER Consumption '!DL5 -> 620 | AI5: ='FEEDER Consumption '!DQ5 -> 270 | AJ5: ='FEEDER Consumption '!DV5 -> 140 | AK5: ='FEEDER Consumption '!EA5 -> 890 | AL5: ='FEEDER Consumption '!EF5 -> 270 | AM5: ='FEEDER Consumption '!EK5 -> 330 | AN5: ='FEEDER Consumption '!EP5 -> 430 | AO5: =SUM(WATER!C6,WATER!H6,WATER!M6,WATER!R6) -> 1133118 | AP5: =IF((AO5-AO4<0), "0",AO5-AO4) -> 382 | AQ5: =WATER!D6 -> 222 | AR5: =WATER!I6 -> 0 | AS5: =WATER!N6 -> 50 | AT5: =WATER!S6 -> 110 | AU5: =WATER!AD6 -> 19 | AV5: =WATER!AI6 -> 5 | AW5: =WATER!AN6 -> 8 | AX5: =WATER!AS6 -> 12 | AY5: =WATER!AX6 -> 9 | AZ5: =WATER!BC6 -> 6 | BA5: =WATER!BH6 -> 18 | BB5: =WATER!BM6 -> 8 | BC5: =WATER!BR6 -> 2 | BD5: =WATER!BW6 -> 0 | BE5: =WATER!CB6 -> 2 | BF5: =WATER!CG6 -> 3 | BG5: =WATER!CL6 -> 50 | BH5: =WATER!CQ6 -> 8 | BI5: =WATER!CV6 -> 1 | BJ5: =WATER!DA6 -> 1 | BK5: =WATER!DF6 -> 6 | BL5: =WATER!DK6 -> 3 | BM5: =WATER!DP6 -> 40 | BN5: =WATER!DU6 -> 2 | BO5: =WATER!DZ6 -> 2 | BP5: ='Rooms nights and Food Covers'!B5 -> 30.1 | BQ5: ='Rooms nights and Food Covers'!C5 -> 244
A6: =A5+1 -> 44867 | C6: =SUM('GENSET #1'!C11+'GENSET #2'!C11+'GENSET #3'!C11+'GENSET #4'!C11+'GENSET #5'!C11) -> 103990465 | D6: =IF((C6-C5<0), "0",C6-C5) -> 25024 | E6: ='Gas-2'!G7 -> 270 | F6: =IF((E6-E5<0), "0",E6-E5) -> 180 | G6: ='GENSET #1'!D11 -> 5831 | H6: ='GENSET #2'!D11 -> 9777 | I6: ='GENSET #3'!D11 -> 7500 | J6: ='GENSET #4'!D11 -> 0 | K6: ='GENSET #5'!D11 -> 1916 | L6: ='FEEDER Consumption '!E6 -> 4018 | M6: ='FEEDER Consumption '!J6 -> 3979 | N6: ='FEEDER Consumption '!O6 -> 11389 | O6: ='FEEDER Consumption '!T6 -> 2600 | P6: ='FEEDER Consumption '!Y6 -> 2867 | Q6: ='FEEDER Consumption '!AD6 -> 1700 | R6: ='FEEDER Consumption '!AJ6 -> 520 | S6: ='FEEDER Consumption '!AO6 -> 700 | T6: ='FEEDER Consumption '!AT6 -> 1300 | U6: ='FEEDER Consumption '!AY6 -> 4310 | V6: ='FEEDER Consumption '!BI6 -> 300 | W6: ='FEEDER Consumption '!BI6 -> 300 | X6: ='FEEDER Consumption '!BN6 -> 500 | Y6: ='FEEDER Consumption '!BS6 -> 170 | Z6: ='FEEDER Consumption '!BX6 -> 370 | AA6: ='FEEDER Consumption '!CC6 -> 1200 | AB6: ='FEEDER Consumption '!CH6 -> 420 | AC6: ='FEEDER Consumption '!CM6 -> 840 | AD6: ='FEEDER Consumption '!CR6 -> 760 | AE6: ='FEEDER Consumption '!DB6 -> 980 | AF6: ='FEEDER Consumption '!DB6 -> 980 | AG6: ='FEEDER Consumption '!DG6 -> 700 | AH6: ='FEEDER Consumption '!DL6 -> 670 | AI6: ='FEEDER Consumption '!DQ6 -> 310 | AJ6: ='FEEDER Consumption '!DV6 -> 130 | AK6: ='FEEDER Consumption '!EA6 -> 1000 | AL6: ='FEEDER Consumption '!EF6 -> 290 | AM6: ='FEEDER Consumption '!EK6 -> 350 | AN6: ='FEEDER Consumption '!EP6 -> 500 | AO6: =SUM(WATER!C7,WATER!H7,WATER!M7,WATER!R7) -> 1133470 | AP6: =IF((AO6-AO5<0), "0",AO6-AO5) -> 352 | AQ6: =WATER!D7 -> 205 | AR6: =WATER!I7 -> 0 | AS6: =WATER!N7 -> 34 | AT6: =WATER!S7 -> 113 | AU6: =WATER!AD7 -> 21 | AV6: =WATER!AI7 -> 6 | AW6: =WATER!AN7 -> 10 | AX6: =WATER!AS7 -> 12 | AY6: =WATER!AX7 -> 9 | AZ6: =WATER!BC7 -> 7 | BA6: =WATER!BH7 -> 10 | BB6: =WATER!BM7 -> 8 | BC6: =WATER!BR7 -> 1 | BD6: =WATER!BW7 -> 3 | BE6: =WATER!CB7 -> 2 | BF6: =WATER!CG7 -> 1 | BG6: =WATER!CL7 -> 26 | BH6: =WATER!CQ7 -> 9 | BI6: =WATER!CV7 -> 0 | BJ6: =WATER!DA7 -> 1 | BK6: =WATER!DF7 -> 2 | BL6: =WATER!DK7 -> 2 | BM6: =WATER!DP7 -> 30 | BN6: =WATER!DU7 -> 6 | BO6: =WATER!DZ7 -> 0 | BP6: ='Rooms nights and Food Covers'!B6 -> 34 | BQ6: ='Rooms nights and Food Covers'!C6 -> 237
A7: =A6+1 -> 44868 | C7: =SUM('GENSET #1'!C12+'GENSET #2'!C12+'GENSET #3'!C12+'GENSET #4'!C12+'GENSET #5'!C12) -> 104015705 | D7: =IF((C7-C6<0), "0",C7-C6) -> 25240 | E7: ='Gas-2'!G8 -> 225 | F7: =IF((E7-E6<0), "0",E7-E6) -> 0 | G7: ='GENSET #1'!D12 -> 7475 | H7: ='GENSET #2'!D12 -> 6525 | I7: ='GENSET #3'!D12 -> 4471 | J7: ='GENSET #4'!D12 -> 0 | K7: ='GENSET #5'!D12 -> 6769 | L7: ='FEEDER Consumption '!E7 -> 3803 | M7: ='FEEDER Consumption '!J7 -> 4138 | N7: ='FEEDER Consumption '!O7 -> 11452 | O7: ='FEEDER Consumption '!T7 -> 2600 | P7: ='FEEDER Consumption '!Y7 -> 2789 | Q7: ='FEEDER Consumption '!AD7 -> 1700 | R7: ='FEEDER Consumption '!AJ7 -> 498 | S7: ='FEEDER Consumption '!AO7 -> 800 | T7: ='FEEDER Consumption '!AT7 -> 1300 | U7: ='FEEDER Consumption '!AY7 -> 4080 | V7: ='FEEDER Consumption '!BI7 -> 300 | W7: ='FEEDER Consumption '!BI7 -> 300 | X7: ='FEEDER Consumption '!BN7 -> 600 | Y7: ='FEEDER Consumption '!BS7 -> 160 | Z7: ='FEEDER Consumption '!BX7 -> 440 | AA7: ='FEEDER Consumption '!CC7 -> 1100 | AB7: ='FEEDER Consumption '!CH7 -> 510 | AC7: ='FEEDER Consumption '!CM7 -> 960 | AD7: ='FEEDER Consumption '!CR7 -> 760 | AE7: ='FEEDER Consumption '!DB7 -> 1100 | AF7: ='FEEDER Consumption '!DB7 -> 1100 | AG7: ='FEEDER Consumption '!DG7 -> 710 | AH7: ='FEEDER Consumption '!DL7 -> 670 | AI7: ='FEEDER Consumption '!DQ7 -> 300 | AJ7: ='FEEDER Consumption '!DV7 -> 130 | AK7: ='FEEDER Consumption '!EA7 -> 890 | AL7: ='FEEDER Consumption '!EF7 -> 270 | AM7: ='FEEDER Consumption '!EK7 -> 350 | AN7: ='FEEDER Consumption '!EP7 -> 460 | AO7: =SUM(WATER!C8,WATER!H8,WATER!M8,WATER!R8) -> 1133855 | AP7: =IF((AO7-AO6<0), "0",AO7-AO6) -> 385 | AQ7: =WATER!D8 -> 239 | AR7: =WATER!I8 -> 0 | AS7: =WATER!N8 -> 24 | AT7: =WATER!S8 -> 122 | AU7: =WATER!AD8 -> 20 | AV7: =WATER!AI8 -> 8 | AW7: =WATER!AN8 -> 9 | AX7: =WATER!AS8 -> 12 | AY7: =WATER!AX8 -> 8 | AZ7: =WATER!BC8 -> 7 | BA7: =WATER!BH8 -> 9 | BB7: =WATER!BM8 -> 8 | BC7: =WATER!BR8 -> 1 | BD7: =WATER!BW8 -> 0 | BE7: =WATER!CB8 -> 6 | BF7: =WATER!CG8 -> 2 | BG7: =WATER!CL8 -> 24 | BH7: =WATER!CQ8 -> 7 | BI7: =WATER!CV8 -> 2 | BJ7: =WATER!DA8 -> 6 | BK7: =WATER!DF8 -> 2 | BL7: =WATER!DK8 -> 2 | BM7: =WATER!DP8 -> 20 | BN7: =WATER!DU8 -> 0 | BO7: =WATER!DZ8 -> 0 | BP7: ='Rooms nights and Food Covers'!B7 -> 34 | BQ7: ='Rooms nights and Food Covers'!C7 -> 307
A8: =A7+1 -> 44869 | C8: =SUM('GENSET #1'!C13+'GENSET #2'!C13+'GENSET #3'!C13+'GENSET #4'!C13+'GENSET #5'!C13) -> 104042196 | D8: =IF((C8-C7<0), "0",C8-C7) -> 26491 | E8: ='Gas-2'!G9 -> 270 | F8: =IF((E8-E7<0), "0",E8-E7) -> 45 | G8: ='GENSET #1'!D13 -> 9100 | H8: ='GENSET #2'!D13 -> 2952 | I8: ='GENSET #3'!D13 -> 9160 | J8: ='GENSET #4'!D13 -> 0 | K8: ='GENSET #5'!D13 -> 5279 | L8: ='FEEDER Consumption '!E8 -> 4186 | M8: ='FEEDER Consumption '!J8 -> 4483 | N8: ='FEEDER Consumption '!O8 -> 11928 | O8: ='FEEDER Consumption '!T8 -> 2500 | P8: ='FEEDER Consumption '!Y8 -> 2833 | Q8: ='FEEDER Consumption '!AD8 -> 2000 | R8: ='FEEDER Consumption '!AJ8 -> 481 | S8: ='FEEDER Consumption '!AO8 -> 800 | T8: ='FEEDER Consumption '!AT8 -> 1300 | U8: ='FEEDER Consumption '!AY8 -> 4080 | V8: ='FEEDER Consumption '!BI8 -> 300 | W8: ='FEEDER Consumption '!BI8 -> 300 | X8: ='FEEDER Consumption '!BN8 -> 0 | Y8: ='FEEDER Consumption '!BS8 -> 160 | Z8: ='FEEDER Consumption '!BX8 -> 420 | AA8: ='FEEDER Consumption '!CC8 -> 1100 | AB8: ='FEEDER Consumption '!CH8 -> 450 | AC8: ='FEEDER Consumption '!CM8 -> 980 | AD8: ='FEEDER Consumption '!CR8 -> 850 | AE8: ='FEEDER Consumption '!DB8 -> 1250 | AF8: ='FEEDER Consumption '!DB8 -> 1250 | AG8: ='FEEDER Consumption '!DG8 -> 790 | AH8: ='FEEDER Consumption '!DL8 -> 640 | AI8: ='FEEDER Consumption '!DQ8 -> 290 | AJ8: ='FEEDER Consumption '!DV8 -> 170 | AK8: ='FEEDER Consumption '!EA8 -> 960 | AL8: ='FEEDER Consumption '!EF8 -> 250 | AM8: ='FEEDER Consumption '!EK8 -> 0 | AN8: ='FEEDER Consumption '!EP8 -> 0 | AO8: =SUM(WATER!C9,WATER!H9,WATER!M9,WATER!R9) -> 1134230 | AP8: =IF((AO8-AO7<0), "0",AO8-AO7) -> 375 | AQ8: =WATER!D9 -> 230 | AR8: =WATER!I9 -> 0 | AS8: =WATER!N9 -> 1 | AT8: =WATER!S9 -> 144 | AU8: =WATER!AD9 -> 21 | AV8: =WATER!AI9 -> 4 | AW8: =WATER!AN9 -> 9 | AX8: =WATER!AS9 -> 13 | AY8: =WATER!AX9 -> 8 | AZ8: =WATER!BC9 -> 6 | BA8: =WATER!BH9 -> 9 | BB8: =WATER!BM9 -> 8 | BC8: =WATER!BR9 -> 0 | BD8: =WATER!BW9 -> 0 | BE8: =WATER!CB9 -> 3 | BF8: =WATER!CG9 -> 0 | BG8: =WATER!CL9 -> 0 | BH8: =WATER!CQ9 -> 0 | BI8: =WATER!CV9 -> 0 | BJ8: =WATER!DA9 -> 2 | BK8: =WATER!DF9 -> 2 | BL8: =WATER!DK9 -> 2 | BM8: =WATER!DP9 -> 0 | BN8: =WATER!DU9 -> 0 | BO8: =WATER!DZ9 -> 0 | BP8: ='Rooms nights and Food Covers'!B8 -> 40.8 | BQ8: ='Rooms nights and Food Covers'!C8 -> 306
A9: =A8+1 -> 44870 | C9: =SUM('GENSET #1'!C14+'GENSET #2'!C14+'GENSET #3'!C14+'GENSET #4'!C14+'GENSET #5'!C14) -> 104068342 | D9: =IF((C9-C8<0), "0",C9-C8) -> 26146 | E9: ='Gas-2'!G10 -> 225 | F9: =IF((E9-E8<0), "0",E9-E8) -> 0 | G9: ='GENSET #1'!D14 -> 9784 | H9: ='GENSET #2'!D14 -> 834 | I9: ='GENSET #3'!D14 -> 5744 | J9: ='GENSET #4'!D14 -> 0 | K9: ='GENSET #5'!D14 -> 9784 | L9: ='FEEDER Consumption '!E9 -> 4156 | M9: ='FEEDER Consumption '!J9 -> 4344 | N9: ='FEEDER Consumption '!O9 -> 11380 | O9: ='FEEDER Consumption '!T9 -> 2500 | P9: ='FEEDER Consumption '!Y9 -> 2773 | Q9: ='FEEDER Consumption '!AD9 -> 1700 | R9: ='FEEDER Consumption '!AJ9 -> 494 | S9: ='FEEDER Consumption '!AO9 -> 700 | T9: ='FEEDER Consumption '!AT9 -> 1400 | U9: ='FEEDER Consumption '!AY9 -> 3790 | V9: ='FEEDER Consumption '!BI9 -> 300 | W9: ='FEEDER Consumption '!BI9 -> 300 | X9: ='FEEDER Consumption '!BN9 -> 500 | Y9: ='FEEDER Consumption '!BS9 -> 160 | Z9: ='FEEDER Consumption '!BX9 -> 400 | AA9: ='FEEDER Consumption '!CC9 -> 1200 | AB9: ='FEEDER Consumption '!CH9 -> 430 | AC9: ='FEEDER Consumption '!CM9 -> 870 | AD9: ='FEEDER Consumption '!CR9 -> 870 | AE9: ='FEEDER Consumption '!DB9 -> 1130 | AF9: ='FEEDER Consumption '!DB9 -> 1130 | AG9: ='FEEDER Consumption '!DG9 -> 750 | AH9: ='FEEDER Consumption '!DL9 -> 640 | AI9: ='FEEDER Consumption '!DQ9 -> 270 | AJ9: ='FEEDER Consumption '!DV9 -> 150 | AK9: ='FEEDER Consumption '!EA9 -> 930 | AL9: ='FEEDER Consumption '!EF9 -> 250 | AM9: ='FEEDER Consumption '!EK9 -> 580 | AN9: ='FEEDER Consumption '!EP9 -> 920 | AO9: =SUM(WATER!C10,WATER!H10,WATER!M10,WATER!R10) -> 1134601 | AP9: =IF((AO9-AO8<0), "0",AO9-AO8) -> 371 | AQ9: =WATER!D10 -> 213 | AR9: =WATER!I10 -> 0 | AS9: =WATER!N10 -> 29 | AT9: =WATER!S10 -> 129 | AU9: =WATER!AD10 -> 21 | AV9: =WATER!AI10 -> 6 | AW9: =WATER!AN10 -> 10 | AX9: =WATER!AS10 -> 13 | AY9: =WATER!AX10 -> 9 | AZ9: =WATER!BC10 -> 6 | BA9: =WATER!BH10 -> 9 | BB9: =WATER!BM10 -> 8 | BC9: =WATER!BR10 -> 3 | BD9: =WATER!BW10 -> 0 | BE9: =WATER!CB10 -> 3 | BF9: =WATER!CG10 -> 4 | BG9: =WATER!CL10 -> 50 | BH9: =WATER!CQ10 -> 18 | BI9: =WATER!CV10 -> 1 | BJ9: =WATER!DA10 -> 4 | BK9: =WATER!DF10 -> 2 | BL9: =WATER!DK10 -> 0 | BM9: =WATER!DP10 -> 0 | BN9: =WATER!DU10 -> 1 | BO9: =WATER!DZ10 -> 6 | BP9: ='Rooms nights and Food Covers'!B9 -> 38.8 | BQ9: ='Rooms nights and Food Covers'!C9 -> 298
A10: =A9+1 -> 44871 | C10: =SUM('GENSET #1'!C15+'GENSET #2'!C15+'GENSET #3'!C15+'GENSET #4'!C15+'GENSET #5'!C15) -> 104095182 | D10: =IF((C10-C9<0), "0",C10-C9) -> 26840 | E10: ='Gas-2'!G11 -> 270 | F10: =IF((E10-E9<0), "0",E10-E9) -> 45 | G10: ='GENSET #1'!D15 -> 3169 | H10: ='GENSET #2'!D15 -> 11280 | I10: ='GENSET #3'!D15 -> 8335 | J10: ='GENSET #4'!D15 -> 0 | K10: ='GENSET #5'!D15 -> 4056 | L10: ='FEEDER Consumption '!E10 -> 4442 | M10: ='FEEDER Consumption '!J10 -> 4481 | N10: ='FEEDER Consumption '!O10 -> 12061 | O10: ='FEEDER Consumption '!T10 -> 2700 | P10: ='FEEDER Consumption '!Y10 -> 2898 | Q10: ='FEEDER Consumption '!AD10 -> 1900 | R10: ='FEEDER Consumption '!AJ10 -> 502 | S10: ='FEEDER Consumption '!AO10 -> 700 | T10: ='FEEDER Consumption '!AT10 -> 1500 | U10: ='FEEDER Consumption '!AY10 -> 4150 | V10: ='FEEDER Consumption '!BI10 -> 200 | W10: ='FEEDER Consumption '!BI10 -> 200 | X10: ='FEEDER Consumption '!BN10 -> 600 | Y10: ='FEEDER Consumption '!BS10 -> 150 | Z10: ='FEEDER Consumption '!BX10 -> 400 | AA10: ='FEEDER Consumption '!CC10 -> 1200 | AB10: ='FEEDER Consumption '!CH10 -> 490 | AC10: ='FEEDER Consumption '!CM10 -> 910 | AD10: ='FEEDER Consumption '!CR10 -> 860 | AE10: ='FEEDER Consumption '!DB10 -> 1250 | AF10: ='FEEDER Consumption '!DB10 -> 1250 | AG10: ='FEEDER Consumption '!DG10 -> 870 | AH10: ='FEEDER Consumption '!DL10 -> 680 | AI10: ='FEEDER Consumption '!DQ10 -> 240 | AJ10: ='FEEDER Consumption '!DV10 -> 120 | AK10: ='FEEDER Consumption '!EA10 -> 1020 | AL10: ='FEEDER Consumption '!EF10 -> 300 | AM10: ='FEEDER Consumption '!EK10 -> 360 | AN10: ='FEEDER Consumption '!EP10 -> 540 | AO10: =SUM(WATER!C11,WATER!H11,WATER!M11,WATER!R11) -> 1134986 | AP10: =IF((AO10-AO9<0), "0",AO10-AO9) -> 385 | AQ10: =WATER!D11 -> 245 | AR10: =WATER!I11 -> 0 | AS10: =WATER!N11 -> 0 | AT10: =WATER!S11 -> 140 | AU10: =WATER!AD11 -> 22 | AV10: =WATER!AI11 -> 6 | AW10: =WATER!AN11 -> 10 | AX10: =WATER!AS11 -> 11 | AY10: =WATER!AX11 -> 8 | AZ10: =WATER!BC11 -> 7 | BA10: =WATER!BH11 -> 11 | BB10: =WATER!BM11 -> 9 | BC10: =WATER!BR11 -> 2 | BD10: =WATER!BW11 -> 0 | BE10: =WATER!CB11 -> 2 | BF10: =WATER!CG11 -> 1 | BG10: =WATER!CL11 -> 28 | BH10: =WATER!CQ11 -> 8 | BI10: =WATER!CV11 -> 1 | BJ10: =WATER!DA11 -> 2 | BK10: =WATER!DF11 -> 2 | BL10: =WATER!DK11 -> 4 | BM10: =WATER!DP11 -> 27 | BN10: =WATER!DU11 -> 5 | BO10: =WATER!DZ11 -> 2 | BP10: ='Rooms nights and Food Covers'!B10 -> 31.1 | BQ10: ='Rooms nights and Food Covers'!C10 -> 299
A11: =A10+1 -> 44872 | C11: =SUM('GENSET #1'!C16+'GENSET #2'!C16+'GENSET #3'!C16+'GENSET #4'!C16+'GENSET #5'!C16) -> 104121486 | D11: =IF((C11-C10<0), "0",C11-C10) -> 26304 | E11: ='Gas-2'!G12 -> 270 | F11: =IF((E11-E10<0), "0",E11-E10) -> 0 | G11: ='GENSET #1'!D16 -> 7349 | H11: ='GENSET #2'!D16 -> 9634 | I11: ='GENSET #3'!D16 -> 4237 | J11: ='GENSET #4'!D16 -> 0 | K11: ='GENSET #5'!D16 -> 5084 | L11: ='FEEDER Consumption '!E11 -> 4402 | M11: ='FEEDER Consumption '!J11 -> 4141 | N11: ='FEEDER Consumption '!O11 -> 11776 | O11: ='FEEDER Consumption '!T11 -> 2400 | P11: ='FEEDER Consumption '!Y11 -> 2811 | Q11: ='FEEDER Consumption '!AD11 -> 1900 | R11: ='FEEDER Consumption '!AJ11 -> 458 | S11: ='FEEDER Consumption '!AO11 -> 700 | T11: ='FEEDER Consumption '!AT11 -> 1300 | U11: ='FEEDER Consumption '!AY11 -> 3910 | V11: ='FEEDER Consumption '!BI11 -> 300 | W11: ='FEEDER Consumption '!BI11 -> 300 | X11: ='FEEDER Consumption '!BN11 -> 500 | Y11: ='FEEDER Consumption '!BS11 -> 160 | Z11: ='FEEDER Consumption '!BX11 -> 450 | AA11: ='FEEDER Consumption '!CC11 -> 1100 | AB11: ='FEEDER Consumption '!CH11 -> 460 | AC11: ='FEEDER Consumption '!CM11 -> 810 | AD11: ='FEEDER Consumption '!CR11 -> 910 | AE11: ='FEEDER Consumption '!DB11 -> 1050 | AF11: ='FEEDER Consumption '!DB11 -> 1050 | AG11: ='FEEDER Consumption '!DG11 -> 740 | AH11: ='FEEDER Consumption '!DL11 -> 610 | AI11: ='FEEDER Consumption '!DQ11 -> 350 | AJ11: ='FEEDER Consumption '!DV11 -> 120 | AK11: ='FEEDER Consumption '!EA11 -> 1000 | AL11: ='FEEDER Consumption '!EF11 -> 250 | AM11: ='FEEDER Consumption '!EK11 -> 330 | AN11: ='FEEDER Consumption '!EP11 -> 510 | AO11: =SUM(WATER!C12,WATER!H12,WATER!M12,WATER!R12) -> 1135359 | AP11: =IF((AO11-AO10<0), "0",AO11-AO10) -> 373 | AQ11: =WATER!D12 -> 229 | AR11: =WATER!I12 -> 0 | AS11: =WATER!N12 -> 0 | AT11: =WATER!S12 -> 144 | AU11: =WATER!AD12 -> 25 | AV11: =WATER!AI12 -> 6 | AW11: =WATER!AN12 -> 9 | AX11: =WATER!AS12 -> 11 | AY11: =WATER!AX12 -> 9 | AZ11: =WATER!BC12 -> 7 | BA11: =WATER!BH12 -> 8 | BB11: =WATER!BM12 -> 7 | BC11: =WATER!BR12 -> 2 | BD11: =WATER!BW12 -> 2 | BE11: =WATER!CB12 -> 3 | BF11: =WATER!CG12 -> 1 | BG11: =WATER!CL12 -> 27 | BH11: =WATER!CQ12 -> 8 | BI11: =WATER!CV12 -> 1 | BJ11: =WATER!DA12 -> 3 | BK11: =WATER!DF12 -> 13 | BL11: =WATER!DK12 -> 3 | BM11: =WATER!DP12 -> 0 | BN11: =WATER!DU12 -> 3 | BO11: =WATER!DZ12 -> 2 | BP11: ='Rooms nights and Food Covers'!B11 -> 29.1 | BQ11: ='Rooms nights and Food Covers'!C11 -> 247
A12: =A11+1 -> 44873 | C12: =SUM('GENSET #1'!C17+'GENSET #2'!C17+'GENSET #3'!C17+'GENSET #4'!C17+'GENSET #5'!C17) -> 104148108 | D12: =IF((C12-C11<0), "0",C12-C11) -> 26622 | E12: ='Gas-2'!G13 -> 270 | F12: =IF((E12-E11<0), "0",E12-E11) -> 0 | G12: ='GENSET #1'!D17 -> 2387 | H12: ='GENSET #2'!D17 -> 13482 | I12: ='GENSET #3'!D17 -> 4128 | J12: ='GENSET #4'!D17 -> 0 | K12: ='GENSET #5'!D17 -> 6625 | L12: ='FEEDER Consumption '!E12 -> 4404 | M12: ='FEEDER Consumption '!J12 -> 4063 | N12: ='FEEDER Consumption '!O12 -> 11713 | O12: ='FEEDER Consumption '!T12 -> 2400 | P12: ='FEEDER Consumption '!Y12 -> 2943 | Q12: ='FEEDER Consumption '!AD12 -> 1900 | R12: ='FEEDER Consumption '!AJ12 -> 500 | S12: ='FEEDER Consumption '!AO12 -> 800 | T12: ='FEEDER Consumption '!AT12 -> 1600 | U12: ='FEEDER Consumption '!AY12 -> 4020 | V12: ='FEEDER Consumption '!BI12 -> 300 | W12: ='FEEDER Consumption '!BI12 -> 300 | X12: ='FEEDER Consumption '!BN12 -> 600 | Y12: ='FEEDER Consumption '!BS12 -> 150 | Z12: ='FEEDER Consumption '!BX12 -> 450 | AA12: ='FEEDER Consumption '!CC12 -> 1200 | AB12: ='FEEDER Consumption '!CH12 -> 430 | AC12: ='FEEDER Consumption '!CM12 -> 1040 | AD12: ='FEEDER Consumption '!CR12 -> 960 | AE12: ='FEEDER Consumption '!DB12 -> 1070 | AF12: ='FEEDER Consumption '!DB12 -> 1070 | AG12: ='FEEDER Consumption '!DG12 -> 780 | AH12: ='FEEDER Consumption '!DL12 -> 640 | AI12: ='FEEDER Consumption '!DQ12 -> 290 | AJ12: ='FEEDER Consumption '!DV12 -> 150 | AK12: ='FEEDER Consumption '!EA12 -> 1110 | AL12: ='FEEDER Consumption '!EF12 -> 220 | AM12: ='FEEDER Consumption '!EK12 -> 370 | AN12: ='FEEDER Consumption '!EP12 -> 460 | AO12: =SUM(WATER!C13,WATER!H13,WATER!M13,WATER!R13) -> 1135763 | AP12: =IF((AO12-AO11<0), "0",AO12-AO11) -> 404 | AQ12: =WATER!D13 -> 254 | AR12: =WATER!I13 -> 0 | AS12: =WATER!N13 -> 1 | AT12: =WATER!S13 -> 149 | AU12: =WATER!AD13 -> 20 | AV12: =WATER!AI13 -> 7 | AW12: =WATER!AN13 -> 9 | AX12: =WATER!AS13 -> 10 | AY12: =WATER!AX13 -> 8 | AZ12: =WATER!BC13 -> 6 | BA12: =WATER!BH13 -> 8 | BB12: =WATER!BM13 -> 8 | BC12: =WATER!BR13 -> 2 | BD12: =WATER!BW13 -> 0 | BE12: =WATER!CB13 -> 5 | BF12: =WATER!CG13 -> 5 | BG12: =WATER!CL13 -> 32 | BH12: =WATER!CQ13 -> 8 | BI12: =WATER!CV13 -> 1 | BJ12: =WATER!DA13 -> 6 | BK12: =WATER!DF13 -> 4 | BL12: =WATER!DK13 -> 5 | BM12: =WATER!DP13 -> 33 | BN12: =WATER!DU13 -> 2 | BO12: =WATER!DZ13 -> 1 | BP12: ='Rooms nights and Food Covers'!B12 -> 34 | BQ12: ='Rooms nights and Food Covers'!C12 -> 274
A13: =A12+1 -> 44874 | C13: =SUM('GENSET #1'!C18+'GENSET #2'!C18+'GENSET #3'!C18+'GENSET #4'!C18+'GENSET #5'!C18) -> 104174782 | D13: =IF((C13-C12<0), "0",C13-C12) -> 26674 | E13: ='Gas-2'!G14 -> 270 | F13: =IF((E13-E12<0), "0",E13-E12) -> 0 | G13: ='GENSET #1'!D18 -> 6611 | H13: ='GENSET #2'!D18 -> 9452 | I13: ='GENSET #3'!D18 -> 7873 | J13: ='GENSET #4'!D18 -> 0 | K13: ='GENSET #5'!D18 -> 2738 | L13: ='FEEDER Consumption '!E13 -> 4316 | M13: ='FEEDER Consumption '!J13 -> 3767 | N13: ='FEEDER Consumption '!O13 -> 12008 | O13: ='FEEDER Consumption '!T13 -> 2500 | P13: ='FEEDER Consumption '!Y13 -> 2909 | Q13: ='FEEDER Consumption '!AD13 -> 1800 | R13: ='FEEDER Consumption '!AJ13 -> 506 | S13: ='FEEDER Consumption '!AO13 -> 700 | T13: ='FEEDER Consumption '!AT13 -> 1800 | U13: ='FEEDER Consumption '!AY13 -> 3950 | V13: ='FEEDER Consumption '!BI13 -> 300 | W13: ='FEEDER Consumption '!BI13 -> 300 | X13: ='FEEDER Consumption '!BN13 -> 600 | Y13: ='FEEDER Consumption '!BS13 -> 180 | Z13: ='FEEDER Consumption '!BX13 -> 410 | AA13: ='FEEDER Consumption '!CC13 -> 1200 | AB13: ='FEEDER Consumption '!CH13 -> 380 | AC13: ='FEEDER Consumption '!CM13 -> 820 | AD13: ='FEEDER Consumption '!CR13 -> 730 | AE13: ='FEEDER Consumption '!DB13 -> 0 | AF13: ='FEEDER Consumption '!DB13 -> 0 | AG13: ='FEEDER Consumption '!DG13 -> 690 | AH13: ='FEEDER Consumption '!DL13 -> 540 | AI13: ='FEEDER Consumption '!DQ13 -> 260 | AJ13: ='FEEDER Consumption '!DV13 -> 110 | AK13: ='FEEDER Consumption '!EA13 -> 870 | AL13: ='FEEDER Consumption '!EF13 -> 200 | AM13: ='FEEDER Consumption '!EK13 -> 430 | AN13: ='FEEDER Consumption '!EP13 -> 520 | AO13: =SUM(WATER!C14,WATER!H14,WATER!M14,WATER!R14) -> 1136119 | AP13: =IF((AO13-AO12<0), "0",AO13-AO12) -> 356 | AQ13: =WATER!D14 -> 224 | AR13: =WATER!I14 -> 0 | AS13: =WATER!N14 -> 0 | AT13: =WATER!S14 -> 132 | AU13: =WATER!AD14 -> 24 | AV13: =WATER!AI14 -> 6 | AW13: =WATER!AN14 -> 9 | AX13: =WATER!AS14 -> 10 | AY13: =WATER!AX14 -> 8 | AZ13: =WATER!BC14 -> 6 | BA13: =WATER!BH14 -> 9 | BB13: =WATER!BM14 -> 7 | BC13: =WATER!BR14 -> 2 | BD13: =WATER!BW14 -> 0 | BE13: =WATER!CB14 -> 4 | BF13: =WATER!CG14 -> 2 | BG13: =WATER!CL14 -> 32 | BH13: =WATER!CQ14 -> 7 | BI13: =WATER!CV14 -> 1 | BJ13: =WATER!DA14 -> 9 | BK13: =WATER!DF14 -> 3 | BL13: =WATER!DK14 -> 2 | BM13: =WATER!DP14 -> 19 | BN13: =WATER!DU14 -> 1 | BO13: =WATER!DZ14 -> 1 | BP13: ='Rooms nights and Food Covers'!B13 -> 29.1 | BQ13: ='Rooms nights and Food Covers'!C13 -> 222
A14: =A13+1 -> 44875 | C14: =SUM('GENSET #1'!C19+'GENSET #2'!C19+'GENSET #3'!C19+'GENSET #4'!C19+'GENSET #5'!C19) -> 104201047 | D14: =IF((C14-C13<0), "0",C14-C13) -> 26265 | E14: ='Gas-2'!G15 -> 90 | F14: =IF((E14-E13<0), "0",E14-E13) -> 0 | G14: ='GENSET #1'!D19 -> 1193 | H14: ='GENSET #2'!D19 -> 11688 | I14: ='GENSET #3'!D19 -> 9219 | J14: ='GENSET #4'!D19 -> 0 | K14: ='GENSET #5'!D19 -> 4165 | L14: ='FEEDER Consumption '!E14 -> 4316 | M14: ='FEEDER Consumption '!J14 -> 3767 | N14: ='FEEDER Consumption '!O14 -> 12008 | O14: ='FEEDER Consumption '!T14 -> 2500 | P14: ='FEEDER Consumption '!Y14 -> 2899 | Q14: ='FEEDER Consumption '!AD14 -> 2200 | R14: ='FEEDER Consumption '!AJ14 -> 499 | S14: ='FEEDER Consumption '!AO14 -> 700 | T14: ='FEEDER Consumption '!AT14 -> 1300 | U14: ='FEEDER Consumption '!AY14 -> 3860 | V14: ='FEEDER Consumption '!BI14 -> 200 | W14: ='FEEDER Consumption '!BI14 -> 200 | X14: ='FEEDER Consumption '!BN14 -> 500 | Y14: ='FEEDER Consumption '!BS14 -> 210 | Z14: ='FEEDER Consumption '!BX14 -> 470 | AA14: ='FEEDER Consumption '!CC14 -> 1100 | AB14: ='FEEDER Consumption '!CH14 -> 510 | AC14: ='FEEDER Consumption '!CM14 -> 830 | AD14: ='FEEDER Consumption '!CR14 -> 790 | AE14: ='FEEDER Consumption '!DB14 -> 850 | AF14: ='FEEDER Consumption '!DB14 -> 850 | AG14: ='FEEDER Consumption '!DG14 -> 670 | AH14: ='FEEDER Consumption '!DL14 -> 560 | AI14: ='FEEDER Consumption '!DQ14 -> 250 | AJ14: ='FEEDER Consumption '!DV14 -> 140 | AK14: ='FEEDER Consumption '!EA14 -> 970 | AL14: ='FEEDER Consumption '!EF14 -> 240 | AM14: ='FEEDER Consumption '!EK14 -> 350 | AN14: ='FEEDER Consumption '!EP14 -> 530 | AO14: =SUM(WATER!C15,WATER!H15,WATER!M15,WATER!R15) -> 1136567 | AP14: =IF((AO14-AO13<0), "0",AO14-AO13) -> 448 | AQ14: =WATER!D15 -> 249 | AR14: =WATER!I15 -> 0 | AS14: =WATER!N15 -> 48 | AT14: =WATER!S15 -> 151 | AU14: =WATER!AD15 -> 22 | AV14: =WATER!AI15 -> 6 | AW14: =WATER!AN15 -> 11 | AX14: =WATER!AS15 -> 10 | AY14: =WATER!AX15 -> 9 | AZ14: =WATER!BC15 -> 7 | BA14: =WATER!BH15 -> 8 | BB14: =WATER!BM15 -> 8 | BC14: =WATER!BR15 -> 1 | BD14: =WATER!BW15 -> 0 | BE14: =WATER!CB15 -> 2 | BF14: =WATER!CG15 -> 0 | BG14: =WATER!CL15 -> 27 | BH14: =WATER!CQ15 -> 11 | BI14: =WATER!CV15 -> 1 | BJ14: =WATER!DA15 -> 5 | BK14: =WATER!DF15 -> 2 | BL14: =WATER!DK15 -> 6 | BM14: =WATER!DP15 -> 14 | BN14: =WATER!DU15 -> 3 | BO14: =WATER!DZ15 -> 3 | BP14: ='Rooms nights and Food Covers'!B14 -> 27.2 | BQ14: ='Rooms nights and Food Covers'!C14 -> 209
A15: =A14+1 -> 44876 | C15: =SUM('GENSET #1'!C20+'GENSET #2'!C20+'GENSET #3'!C20+'GENSET #4'!C20+'GENSET #5'!C20) -> 104228008 | D15: =IF((C15-C14<0), "0",C15-C14) -> 26961 | E15: ='Gas-2'!G16 -> 90 | F15: =IF((E15-E14<0), "0",E15-E14) -> 0 | G15: ='GENSET #1'!D20 -> 7249 | H15: ='GENSET #2'!D20 -> 8458 | I15: ='GENSET #3'!D20 -> 5845 | J15: ='GENSET #4'!D20 -> 0 | K15: ='GENSET #5'!D20 -> 5409 | L15: ='FEEDER Consumption '!E15 -> 3849 | M15: ='FEEDER Consumption '!J15 -> 3771 | N15: ='FEEDER Consumption '!O15 -> 13626 | O15: ='FEEDER Consumption '!T15 -> 2500 | P15: ='FEEDER Consumption '!Y15 -> 2843 | Q15: ='FEEDER Consumption '!AD15 -> 2500 | R15: ='FEEDER Consumption '!AJ15 -> 490 | S15: ='FEEDER Consumption '!AO15 -> 800 | T15: ='FEEDER Consumption '!AT15 -> 1400 | U15: ='FEEDER Consumption '!AY15 -> 4000 | V15: ='FEEDER Consumption '!BI15 -> 300 | W15: ='FEEDER Consumption '!BI15 -> 300 | X15: ='FEEDER Consumption '!BN15 -> 600 | Y15: ='FEEDER Consumption '!BS15 -> 190 | Z15: ='FEEDER Consumption '!BX15 -> 410 | AA15: ='FEEDER Consumption '!CC15 -> 1200 | AB15: ='FEEDER Consumption '!CH15 -> 440 | AC15: ='FEEDER Consumption '!CM15 -> 830 | AD15: ='FEEDER Consumption '!CR15 -> 670 | AE15: ='FEEDER Consumption '!DB15 -> 820 | AF15: ='FEEDER Consumption '!DB15 -> 820 | AG15: ='FEEDER Consumption '!DG15 -> 820 | AH15: ='FEEDER Consumption '!DL15 -> 660 | AI15: ='FEEDER Consumption '!DQ15 -> 250 | AJ15: ='FEEDER Consumption '!DV15 -> 140 | AK15: ='FEEDER Consumption '!EA15 -> 910 | AL15: ='FEEDER Consumption '!EF15 -> 270 | AM15: ='FEEDER Consumption '!EK15 -> 250 | AN15: ='FEEDER Consumption '!EP15 -> 530 | AO15: =SUM(WATER!C16,WATER!H16,WATER!M16,WATER!R16) -> 1136996 | AP15: =IF((AO15-AO14<0), "0",AO15-AO14) -> 429 | AQ15: =WATER!D16 -> 247 | AR15: =WATER!I16 -> 21 | AS15: =WATER!N16 -> 22 | AT15: =WATER!S16 -> 139 | AU15: =WATER!AD16 -> 20 | AV15: =WATER!AI16 -> 6 | AW15: =WATER!AN16 -> 9 | AX15: =WATER!AS16 -> 10 | AY15: =WATER!AX16 -> 8 | AZ15: =WATER!BC16 -> 6 | BA15: =WATER!BH16 -> 8 | BB15: =WATER!BM16 -> 7 | BC15: =WATER!BR16 -> 2 | BD15: =WATER!BW16 -> 0 | BE15: =WATER!CB16 -> 4 | BF15: =WATER!CG16 -> 3 | BG15: =WATER!CL16 -> 25 | BH15: =WATER!CQ16 -> 10 | BI15: =WATER!CV16 -> 1 | BJ15: =WATER!DA16 -> 2 | BK15: =WATER!DF16 -> 3 | BL15: =WATER!DK16 -> 3 | BM15: =WATER!DP16 -> 16 | BN15: =WATER!DU16 -> 1 | BO15: =WATER!DZ16 -> 1 | BP15: ='Rooms nights and Food Covers'!B15 -> 30.1 | BQ15: ='Rooms nights and Food Covers'!C15 -> 226
A16: =A15+1 -> 44877 | C16: =SUM('GENSET #1'!C21+'GENSET #2'!C21+'GENSET #3'!C21+'GENSET #4'!C21+'GENSET #5'!C21) -> 104254824 | D16: =IF((C16-C15<0), "0",C16-C15) -> 26816 | E16: ='Gas-2'!G17 -> 450 | F16: =IF((E16-E15<0), "0",E16-E15) -> 360 | G16: ='GENSET #1'!D21 -> 4553 | H16: ='GENSET #2'!D21 -> 12675 | I16: ='GENSET #3'!D21 -> 9545 | J16: ='GENSET #4'!D21 -> 0 | K16: ='GENSET #5'!D21 -> 43 | L16: ='FEEDER Consumption '!E16 -> 3978 | M16: ='FEEDER Consumption '!J16 -> 4164 | N16: ='FEEDER Consumption '!O16 -> 12679 | O16: ='FEEDER Consumption '!T16 -> 2400 | P16: ='FEEDER Consumption '!Y16 -> 2861 | Q16: ='FEEDER Consumption '!AD16 -> 2700 | R16: ='FEEDER Consumption '!AJ16 -> 509 | S16: ='FEEDER Consumption '!AO16 -> 700 | T16: ='FEEDER Consumption '!AT16 -> 1400 | U16: ='FEEDER Consumption '!AY16 -> 3710 | V16: ='FEEDER Consumption '!BI16 -> 300 | W16: ='FEEDER Consumption '!BI16 -> 300 | X16: ='FEEDER Consumption '!BN16 -> 500 | Y16: ='FEEDER Consumption '!BS16 -> 140 | Z16: ='FEEDER Consumption '!BX16 -> 370 | AA16: ='FEEDER Consumption '!CC16 -> 1100 | AB16: ='FEEDER Consumption '!CH16 -> 460 | AC16: ='FEEDER Consumption '!CM16 -> 850 | AD16: ='FEEDER Consumption '!CR16 -> 710 | AE16: ='FEEDER Consumption '!DB16 -> 1020 | AF16: ='FEEDER Consumption '!DB16 -> 1020 | AG16: ='FEEDER Consumption '!DG16 -> 820 | AH16: ='FEEDER Consumption '!DL16 -> 760 | AI16: ='FEEDER Consumption '!DQ16 -> 260 | AJ16: ='FEEDER Consumption '!DV16 -> 110 | AK16: ='FEEDER Consumption '!EA16 -> 900 | AL16: ='FEEDER Consumption '!EF16 -> 250 | AM16: ='FEEDER Consumption '!EK16 -> 340 | AN16: ='FEEDER Consumption '!EP16 -> 540 | AO16: =SUM(WATER!C17,WATER!H17,WATER!M17,WATER!R17) -> 1137515 | AP16: =IF((AO16-AO15<0), "0",AO16-AO15) -> 519 | AQ16: =WATER!D17 -> 244 | AR16: =WATER!I17 -> 119 | AS16: =WATER!N17 -> 22 | AT16: =WATER!S17 -> 134 | AU16: =WATER!AD17 -> 23 | AV16: =WATER!AI17 -> 7 | AW16: =WATER!AN17 -> 9 | AX16: =WATER!AS17 -> 10 | AY16: =WATER!AX17 -> 10 | AZ16: =WATER!BC17 -> 7 | BA16: =WATER!BH17 -> 8 | BB16: =WATER!BM17 -> 8 | BC16: =WATER!BR17 -> 2 | BD16: =WATER!BW17 -> 1 | BE16: =WATER!CB17 -> 1 | BF16: =WATER!CG17 -> 2 | BG16: =WATER!CL17 -> 38 | BH16: =WATER!CQ17 -> 9 | BI16: =WATER!CV17 -> 1 | BJ16: =WATER!DA17 -> 4 | BK16: =WATER!DF17 -> 3 | BL16: =WATER!DK17 -> 1 | BM16: =WATER!DP17 -> 15 | BN16: =WATER!DU17 -> 3 | BO16: =WATER!DZ17 -> 7 | BP16: ='Rooms nights and Food Covers'!B16 -> 36.9 | BQ16: ='Rooms nights and Food Covers'!C16 -> 237
... A34: =A33+1 -> 44895 | C34: =SUM('GENSET #1'!C39+'GENSET #2'!C39+'GENSET #3'!C39+'GENSET #4'!C39+'GENSET #5'!C39) -> 104697810 | D34: =IF((C34-C33<0), "0",C34-C33) -> 25963 | E34: ='Gas-2'!G35 -> 270 | F34: =IF((E34-E33<0), "0",E34-E33) -> 90 | G34: ='GENSET #1'!D39 -> 7081 | H34: ='GENSET #2'!D39 -> 7070 | I34: ='GENSET #3'!D39 -> 3789 | J34: ='GENSET #4'!D39 -> 0 | K34: ='GENSET #5'!D39 -> 8023 | L34: ='FEEDER Consumption '!E34 -> 3797 | M34: ='FEEDER Consumption '!J34 -> 4393 | N34: ='FEEDER Consumption '!O34 -> 11846 | O34: ='FEEDER Consumption '!T34 -> 2400 | P34: ='FEEDER Consumption '!Y34 -> 2808 | Q34: ='FEEDER Consumption '!AD34 -> 3900 | R34: ='FEEDER Consumption '!AJ34 -> 407 | S34: ='FEEDER Consumption '!AO34 -> 700 | T34: ='FEEDER Consumption '!AT34 -> 1300 | U34: ='FEEDER Consumption '!AY34 -> 3930 | V34: ='FEEDER Consumption '!BI34 -> 300 | W34: ='FEEDER Consumption '!BI34 -> 300 | X34: ='FEEDER Consumption '!BN34 -> 500 | Y34: ='FEEDER Consumption '!BS34 -> 170 | Z34: ='FEEDER Consumption '!BX34 -> 440 | AA34: ='FEEDER Consumption '!CC34 -> 1300 | AB34: ='FEEDER Consumption '!CH34 -> 740 | AC34: ='FEEDER Consumption '!CM34 -> 840 | AD34: ='FEEDER Consumption '!CR34 -> 1770 | AE34: ='FEEDER Consumption '!DB34 -> 1000 | AF34: ='FEEDER Consumption '!DB34 -> 1000 | AG34: ='FEEDER Consumption '!DG34 -> 840 | AH34: ='FEEDER Consumption '!DL34 -> 630 | AI34: ='FEEDER Consumption '!DQ34 -> 0 | AJ34: ='FEEDER Consumption '!DV34 -> 0 | AK34: ='FEEDER Consumption '!EA34 -> 930 | AL34: ='FEEDER Consumption '!EF34 -> 260 | AM34: ='FEEDER Consumption '!EK34 -> 770 | AN34: ='FEEDER Consumption '!EP34 -> 490 | AO34: =SUM(WATER!C35,WATER!H35,WATER!M35,WATER!R35) -> 1143399 | AP34: =IF((AO34-AO33<0), "0",AO34-AO33) -> 353 | AQ34: =WATER!D35 -> 204 | AR34: =WATER!I35 -> 101 | AS34: =WATER!N35 -> 0 | AT34: =WATER!S35 -> 48 | AU34: =WATER!AD35 -> 20 | AV34: =WATER!AI35 -> 6 | AW34: =WATER!AN35 -> 9 | AX34: =WATER!AS35 -> 10 | AY34: =WATER!AX35 -> 7 | AZ34: =WATER!BC35 -> 6 | BA34: =WATER!BH35 -> 4 | BB34: =WATER!BM35 -> 7 | BC34: =WATER!BR35 -> 1 | BD34: =WATER!BW35 -> 1 | BE34: =WATER!CB35 -> 2 | BF34: =WATER!CG35 -> 1 | BG34: =WATER!CL35 -> 26 | BH34: =WATER!CQ35 -> 11 | BI34: =WATER!CV35 -> 1 | BJ34: =WATER!DA35 -> -29 | BK34: =WATER!DF35 -> 3 | BL34: =WATER!DK35 -> 2 | BM34: =WATER!DP35 -> 15 | BN34: =WATER!DU35 -> 1 | BO34: =WATER!DZ35 -> 2 | BP34: ='Rooms nights and Food Covers'!B34 -> 35.9 | BQ34: ='Rooms nights and Food Covers'!C34 -> 264

Sheet Rooms nights and Food Covers
A2: Days
A3: Date | B3: ROOM NIGHTS | C3: Total Food Covers
A4: 44865 | B4: 32 | C4: 195
A5: =A4+1 -> 44866 | B5: 30.1 | C5: 244
A6: =A5+1 -> 44867 | B6: 34 | C6: 237
A7: =A6+1 -> 44868 | B7: 34 | C7: 307
A8: =A7+1 -> 44869 | B8: 40.8 | C8: 306
A9: =A8+1 -> 44870 | B9: 38.8 | C9: 298
A10: =A9+1 -> 44871 | B10: 31.1 | C10: 299
A11: =A10+1 -> 44872 | B11: 29.1 | C11: 247
A12: =A11+1 -> 44873 | B12: 34 | C12: 274
A13: =A12+1 -> 44874 | B13: 29.1 | C13: 222
A14: =A13+1 -> 44875 | B14: 27.2 | C14: 209
A15: =A14+1 -> 44876 | B15: 30.1 | C15: 226
A16: =A15+1 -> 44877 | B16: 36.9 | C16: 237
... A34: =A33+1 -> 44895 | B34: 35.9 | C34: 264

Sheet Finance Only
A1: Four Seasons Landaa Giraavaru
A3: Property | B3: MLG | G3: 44470 | H3: =NOW() -> 44909.764 | J3: =H3-G3 -> 439.76365
A4: Month | B4: 44867
A5: Year | B5: 2022
A7: DAY | B7: Electricity Consumption ( kwh) | C7: Diesel Consumption (Liters) | D7: Solar Power Consumption(kwh) | E7: Gas Consumption (kg) | F7: Water Consumption ( m3) | G7: Occupancy | H7: Weather | I7: Ambian Temperature | J7: Electricity Variance (Today vs Yesterday)
A8: 1 | B8: =SUM('GENSET #1:GENSET #5'!D10) -> 24170 | C8: ='Diesel consumption'!D5 -> 6640 | D8: ='SOLAR METER READING'!D9 -> 3114 | E8: ='Gas-2'!G6 -> 90 | F8: =WATER!V6 -> 382 | G8: =WATER!W6 -> 30.1 | H8: ='SOLAR METER READING'!E9 -> 0 | I8: ='SOLAR METER READING'!F9 -> 0
A9: 2 | B9: =SUM('GENSET #1:GENSET #5'!D11) -> 25024 | C9: ='Diesel consumption'!D6 -> 6920 | D9: ='SOLAR METER READING'!D10 -> 3123 | E9: ='Gas-2'!G7 -> 270 | F9: =WATER!V7 -> 352 | G9: =WATER!W7 -> 34 | H9: ='SOLAR METER READING'!E10 -> 0 | I9: ='SOLAR METER READING'!F10 -> 0 | J9: =B9-B8 -> 854
A10: 3 | B10: =SUM('GENSET #1:GENSET #5'!D12) -> 25240 | C10: ='Diesel consumption'!D7 -> 7140 | D10: ='SOLAR METER READING'!D11 -> 3013 | E10: ='Gas-2'!G8 -> 225 | F10: =WATER!V8 -> 385 | G10: =WATER!W8 -> 34 | H10: ='SOLAR METER READING'!E11 -> 0 | I10: ='SOLAR METER READING'!F11 -> 0 | J10: =B10-B9 -> 216
A11: 4 | B11: =SUM('GENSET #1:GENSET #5'!D13) -> 26491 | C11: ='Diesel consumption'!D8 -> 7510 | D11: ='SOLAR METER READING'!D12 -> 3102 | E11: ='Gas-2'!G9 -> 270 | F11: =WATER!V9 -> 375 | G11: =WATER!W9 -> 40.8 | H11: ='SOLAR METER READING'!E12 -> 0 | I11: ='SOLAR METER READING'!F12 -> 0 | J11: =B11-B10 -> 1251
A12: 5 | B12: =SUM('GENSET #1:GENSET #5'!D14) -> 26146 | C12: ='Diesel consumption'!D9 -> 7530 | D12: ='SOLAR METER READING'!D13 -> 2935 | E12: ='Gas-2'!G10 -> 225 | F12: =WATER!V10 -> 371 | G12: =WATER!W10 -> 38.8 | H12: ='SOLAR METER READING'!E13 -> 0 | I12: ='SOLAR METER READING'!F13 -> 0 | J12: =B12-B11 -> -345
A13: 6 | B13: =SUM('GENSET #1:GENSET #5'!D15) -> 26840 | C13: ='Diesel consumption'!D10 -> 7310 | D13: ='SOLAR METER READING'!D14 -> 2929 | E13: ='Gas-2'!G11 -> 270 | F13: =WATER!V11 -> 385 | G13: =WATER!W11 -> 31.1 | H13: ='SOLAR METER READING'!E14 -> 0 | I13: ='SOLAR METER READING'!F14 -> 0 | J13: =B13-B12 -> 694
A14: 7 | B14: =SUM('GENSET #1:GENSET #5'!D16) -> 26304 | C14: ='Diesel consumption'!D11 -> 7450 | D14: ='SOLAR METER READING'!D15 -> 3040 | E14: ='Gas-2'!G12 -> 270 | F14: =WATER!V12 -> 373 | G14: =WATER!W12 -> 29.1 | H14: ='SOLAR METER READING'!E15 -> 0 | I14: ='SOLAR METER READING'!F15 -> 0 | J14: =B14-B13 -> -536
A15: 8 | B15: =SUM('GENSET #1:GENSET #5'!D17) -> 26622 | C15: ='Diesel consumption'!D12 -> 7440 | D15: ='SOLAR METER READING'!D16 -> 2999 | E15: ='Gas-2'!G13 -> 270 | F15: =WATER!V13 -> 404 | G15: =WATER!W13 -> 34 | H15: ='SOLAR METER READING'!E16 -> 0 | I15: ='SOLAR METER READING'!F16 -> 0 | J15: =B15-B14 -> 318
A16: 9 | B16: =SUM('GENSET #1:GENSET #5'!D18) -> 26674 | C16: ='Diesel consumption'!D13 -> 7570 | D16: ='SOLAR METER READING'!D17 -> 2587 | E16: ='Gas-2'!G14 -> 270 | F16: =WATER!V14 -> 356 | G16: =WATER!W14 -> 29.1 | H16: ='SOLAR METER READING'!E17 -> 0 | I16: ='SOLAR METER READING'!F17 -> 0 | J16: =B16-B15 -> 52
A17: 10 | B17: =SUM('GENSET #1:GENSET #5'!D19) -> 26265 | C17: ='Diesel consumption'!D14 -> 7210 | D17: ='SOLAR METER READING'!D18 -> 2468 | E17: ='Gas-2'!G15 -> 90 | F17: =WATER!V15 -> 448 | G17: =WATER!W15 -> 27.2 | H17: ='SOLAR METER READING'!E18 -> 0 | I17: ='SOLAR METER READING'!F18 -> 0 | J17: =B17-B16 -> -409
A18: 11 | B18: =SUM('GENSET #1:GENSET #5'!D20) -> 26961 | C18: ='Diesel consumption'!D15 -> 7560 | D18: ='SOLAR METER READING'!D19 -> 2326 | E18: ='Gas-2'!G16 -> 90 | F18: =WATER!V16 -> 429 | G18: =WATER!W16 -> 30.1 | H18: ='SOLAR METER READING'!E19 -> 0 | I18: ='SOLAR METER READING'!F19 -> 0 | J18: =B18-B17 -> 696
A19: 12 | B19: =SUM('GENSET #1:GENSET #5'!D21) -> 26816 | C19: ='Diesel consumption'!D16 -> 7570 | D19: ='SOLAR METER READING'!D20 -> 2599 | E19: ='Gas-2'!G17 -> 450 | F19: =WATER!V17 -> 519 | G19: =WATER!W17 -> 36.9 | H19: ='SOLAR METER READING'!E20 -> 0 | I19: ='SOLAR METER READING'!F20 -> 0 | J19: =B19-B18 -> -145
A20: 13 | B20: =SUM('GENSET #1:GENSET #5'!D22) -> 26047 | C20: ='Diesel consumption'!D17 -> 7310 | D20: ='SOLAR METER READING'!D21 -> 2537 | E20: ='Gas-2'!G18 -> 135 | F20: =WATER!V18 -> 486 | G20: =WATER!W18 -> 39.8 | H20: ='SOLAR METER READING'!E21 -> 0 | I20: ='SOLAR METER READING'!F21 -> 0 | J20: =B20-B19 -> -769
... A36: 29 | B36: =SUM('GENSET #1:GENSET #5'!D38) -> 25763 | C36: ='Diesel consumption'!D33 -> 7150 | D36: ='SOLAR METER READING'!D37 -> 2693 | E36: ='Gas-2'!G34 -> 180 | F36: =WATER!V34 -> 340 | G36: =WATER!W34 -> 38.8 | H36: ='SOLAR METER READING'!E37 -> 0 | I36: ='SOLAR METER READING'!F37 -> 0 | J36: =B36-B35 -> 544
A37: 30 | B37: =SUM('GENSET #1:GENSET #5'!D39) -> 25963 | C37: ='Diesel consumption'!D34 -> 7330 | D37: ='SOLAR METER READING'!D38 -> 2950 | E37: ='Gas-2'!G35 -> 270 | F37: =WATER!V35 -> 353 | G37: 18 | H37: ='SOLAR METER READING'!E38 -> 0 | I37: ='SOLAR METER READING'!F38 -> 0 | J37: =B37-B36 -> 200
A38: 31 | B38: =SUM('GENSET #1:GENSET #5'!D40) -> 0 | C38: ='Diesel consumption'!D35 -> 0 | D38: ='SOLAR METER READING'!D39 -> 0 | E38: ='Gas-2'!#REF! -> #REF! | F38: =WATER!V36 -> 0 | G38: =WATER!W36 -> #REF! | H38: ='SOLAR METER READING'!E39 -> 0
A39: Total | B39: =SUM(B8:B38) -> 756539 | C39: =SUM(C8:C38) -> 212170 | D39: =SUM(D8:D38) -> 78310 | E39: =SUM(E8:E37) -> 6795 | F39: =SUM(F8:F38) -> 10663 | G39: =SUM(G8:G37)/30 -> 35.16 | H39: ='SOLAR METER READING'!E40 -> 0 | I39: ='SOLAR METER READING'!F40 -> 0
A40: Avg | B40: =B39/A41 -> 25217.967 | C40: =C39/A41 -> 7072.3333 | D40: =D39/A41 -> 2610.3333 | E40: =E39/A41 -> 226.5 | F40: =F39/A41 -> 355.43333
A41: 30

Sheet GENSET #1
C1: 1000 KVA
C3: NO#1
A6: 44867
B8: GENSET NO 1
A9: DAY | B9: YESTARDAY | C9: TODAY | D9: Final Electricity Consumption( KWh)
A10: 1 | B10: 20206709 | C10: 20208455 | D10: =MAX(0,C10-B10) -> 1746
A11: 2 | B11: =C10 -> 20208455 | C11: 20214286 | D11: =MAX(0,C11-B11) -> 5831
A12: 3 | B12: =C11 -> 20214286 | C12: 20221761 | D12: =MAX(0,C12-B12) -> 7475
A13: 4 | B13: =C12 -> 20221761 | C13: 20230861 | D13: =MAX(0,C13-B13) -> 9100
A14: 5 | B14: =C13 -> 20230861 | C14: 20240645 | D14: =MAX(0,C14-B14) -> 9784
A15: 6 | B15: =C14 -> 20240645 | C15: 20243814 | D15: =MAX(0,C15-B15) -> 3169
A16: 7 | B16: =C15 -> 20243814 | C16: 20251163 | D16: =MAX(0,C16-B16) -> 7349
A17: 8 | B17: =C16 -> 20251163 | C17: 20253550 | D17: =MAX(0,C17-B17) -> 2387
A18: 9 | B18: =C17 -> 20253550 | C18: 20260161 | D18: =MAX(0,C18-B18) -> 6611
A19: 10 | B19: =C18 -> 20260161 | C19: 20261354 | D19: =MAX(0,C19-B19) -> 1193
A20: 11 | B20: =C19 -> 20261354 | C20: 20268603 | D20: =MAX(0,C20-B20) -> 7249
A21: 12 | B21: =C20 -> 20268603 | C21: 20273156 | D21: =MAX(0,C21-B21) -> 4553
A22: 13 | B22: =C21 -> 20273156 | C22: 20283084 | D22: =MAX(0,C22-B22) -> 9928
... A38: 29 | B38: =C37 -> 20348872 | C38: 20351653 | D38: =MAX(0,C38-B38) -> 2781
A39: 30 | B39: =C38 -> 20351653 | C39: 20358734 | D39: =MAX(0,C39-B39) -> 7081 | G39: NEW ENGINE PURCHASED FROM UK
A40: 31 | B40: =C39 -> 20358734 | D40: =MAX(0,C40-B40) -> 0
A41: Total | D41: =SUM(D10:D40) -> 152025 | G41: INSTALLED: NOV 30 2013

Sheet GENSET #2
C1: 1600 KVA
C3: NO#2
A6: ='GENSET #1'!A6 -> 44867
B8: GENSET NO 2
A9: DAY | B9: YESTARDAY | C9: TODAY | D9: Final Electricity Consumption( KW h)
A10: 1 | B10: 34360799 | C10: 34370610 | D10: =MAX(0,C10-B10) -> 9811
A11: 2 | B11: =C10 -> 34370610 | C11: 34380387 | D11: =MAX(0,C11-B11) -> 9777
A12: 3 | B12: =C11 -> 34380387 | C12: 34386912 | D12: =MAX(0,C12-B12) -> 6525
A13: 4 | B13: =C12 -> 34386912 | C13: 34389864 | D13: =MAX(0,C13-B13) -> 2952
A14: 5 | B14: =C13 -> 34389864 | C14: 34390698 | D14: =MAX(0,C14-B14) -> 834
A15: 6 | B15: =C14 -> 34390698 | C15: 34401978 | D15: =MAX(0,C15-B15) -> 11280
A16: 7 | B16: =C15 -> 34401978 | C16: 34411612 | D16: =MAX(0,C16-B16) -> 9634
A17: 8 | B17: =C16 -> 34411612 | C17: 34425094 | D17: =MAX(0,C17-B17) -> 13482
A18: 9 | B18: =C17 -> 34425094 | C18: 34434546 | D18: =MAX(0,C18-B18) -> 9452
A19: 10 | B19: =C18 -> 34434546 | C19: 34446234 | D19: =MAX(0,C19-B19) -> 11688
A20: 11 | B20: =C19 -> 34446234 | C20: 34454692 | D20: =MAX(0,C20-B20) -> 8458
A21: 12 | B21: =C20 -> 34454692 | C21: 34467367 | D21: =MAX(0,C21-B21) -> 12675
A22: 13 | B22: =C21 -> 34467367 | C22: 34472352 | D22: =MAX(0,C22-B22) -> 4985
... A39: 30 | B39: =C38 -> 34644689 | C39: 34651759 | D39: =MAX(0,C39-B39) -> 7070
A40: 31 | B40: =C39 -> 34651759 | D40: =MAX(0,C40-B40) -> 0
A41: Total | B41: =#REF! -> #REF! | D41: =SUM(D10:D40) -> 290960

Sheet GENSET #3
C1: 900 KVA
C3: NO#3
A6: ='GENSET #2'!A6 -> 44867
B8: GENSET NO 3
A9: DAY | B9: YESTARDAY | C9: TODAY | D9: Final Electricity Consumption( KW h)
A10: 1 | B10: 15501948 | C10: 15509365 | D10: =MAX(0,C10-B10) -> 7417
A11: 2 | B11: =C10 -> 15509365 | C11: 15516865 | D11: =MAX(0,C11-B11) -> 7500
A12: 3 | B12: =C11 -> 15516865 | C12: 15521336 | D12: =MAX(0,C12-B12) -> 4471
A13: 4 | B13: =C12 -> 15521336 | C13: 15530496 | D13: =MAX(0,C13-B13) -> 9160
A14: 5 | B14: =C13 -> 15530496 | C14: 15536240 | D14: =MAX(0,C14-B14) -> 5744
A15: 6 | B15: =C14 -> 15536240 | C15: 15544575 | D15: =MAX(0,C15-B15) -> 8335
A16: 7 | B16: =C15 -> 15544575 | C16: 15548812 | D16: =MAX(0,C16-B16) -> 4237
A17: 8 | B17: =C16 -> 15548812 | C17: 15552940 | D17: =MAX(0,C17-B17) -> 4128
A18: 9 | B18: =C17 -> 15552940 | C18: 15560813 | D18: =MAX(0,C18-B18) -> 7873
A19: 10 | B19: =C18 -> 15560813 | C19: 15570032 | D19: =MAX(0,C19-B19) -> 9219
A20: 11 | B20: =C19 -> 15570032 | C20: 15575877 | D20: =MAX(0,C20-B20) -> 5845
A21: 12 | B21: =C20 -> 15575877 | C21: 15585422 | D21: =MAX(0,C21-B21) -> 9545
A22: 13 | B22: =C21 -> 15585422 | C22: 15592433 | D22: =MAX(0,C22-B22) -> 7011
... A39: 30 | B39: =C38 -> 15664988 | C39: 15668777 | D39: =MAX(0,C39-B39) -> 3789
A40: 31 | B40: =C39 -> 15668777 | D40: =MAX(0,C40-B40) -> 0
A41: Total | B41: =#REF! -> #REF! | D41: =SUM(D10:D40) -> 166829

Sheet GENSET #4
C1: 500 KVA
C3: NO#4
A6: ='GENSET #3'!A6 -> 44867
B8: GENSET NO 4
A9: DAY | B9: YESTARDAY | C9: TODAY | D9: Final Electricity Consumption( KW h)
A10: 1 | B10: 12698297 | C10: 12698297 | D10: =MAX(0,C10-B10) -> 0
A11: 2 | B11: =C10 -> 12698297 | C11: 12698297 | D11: =MAX(0,C11-B11) -> 0
A12: 3 | B12: =C11 -> 12698297 | C12: 12698297 | D12: =MAX(0,C12-B12) -> 0
A13: 4 | B13: =C12 -> 12698297 | C13: 12698297 | D13: =MAX(0,C13-B13) -> 0
A14: 5 | B14: =C13 -> 12698297 | C14: 12698297 | D14: =MAX(0,C14-B14) -> 0
A15: 6 | B15: =C14 -> 12698297 | C15: 12698297 | D15: =MAX(0,C15-B15) -> 0
A16: 7 | B16: =C15 -> 12698297 | C16: 12698297 | D16: =MAX(0,C16-B16) -> 0
A17: 8 | B17: =C16 -> 12698297 | C17: 12698297 | D17: =MAX(0,C17-B17) -> 0
A18: 9 | B18: =C17 -> 12698297 | C18: 12698297 | D18: =MAX(0,C18-B18) -> 0
A19: 10 | B19: =C18 -> 12698297 | C19: 12698297 | D19: =MAX(0,C19-B19) -> 0
A20: 11 | B20: =C19 -> 12698297 | C20: 12698297 | D20: =MAX(0,C20-B20) -> 0
A21: 12 | B21: =C20 -> 12698297 | C21: 12698297 | D21: =MAX(0,C21-B21) -> 0
A22: 13 | B22: =C21 -> 12698297 | C22: 12698297 | D22: =MAX(0,C22-B22) -> 0
... A39: 30 | B39: =C38 -> 12698297 | C39: 12698297 | D39: =MAX(0,C39-B39) -> 0
A40: 31 | B40: =C39 -> 12698297 | D40: =MAX(0,C40-B40) -> 0
A41: Total | B41: =#REF! -> #REF! | D41: =SUM(D10:D40) -> 0

Sheet GENSET #5
C1: 1000 KVA
C3: NO#5
A6: ='GENSET #4'!A6 -> 44867
B8: GENSET NO 5
A9: DAY | B9: YESTARDAY | C9: TODAY | D9: Final Electricity Consumption( KWh)
A10: 1 | B10: 21173518 | C10: 21178714 | D10: =MAX(0,C10-B10) -> 5196 | I10: 7040
A11: 2 | B11: =C10 -> 21178714 | C11: 21180630 | D11: =MAX(0,C11-B11) -> 1916 | I11: 8505
A12: 3 | B12: =C11 -> 21180630 | C12: 21187399 | D12: =MAX(0,C12-B12) -> 6769 | I12: 8591
A13: 4 | B13: =C12 -> 21187399 | C13: 21192678 | D13: =MAX(0,C13-B13) -> 5279 | I13: 8045
A14: 5 | B14: =C13 -> 21192678 | C14: 21202462 | D14: =MAX(0,C14-B14) -> 9784
A15: 6 | B15: =C14 -> 21202462 | C15: 21206518 | D15: =MAX(0,C15-B15) -> 4056
A16: 7 | B16: =C15 -> 21206518 | C16: 21211602 | D16: =MAX(0,C16-B16) -> 5084
A17: 8 | B17: =C16 -> 21211602 | C17: 21218227 | D17: =MAX(0,C17-B17) -> 6625
A18: 9 | B18: =C17 -> 21218227 | C18: 21220965 | D18: =MAX(0,C18-B18) -> 2738
A19: 10 | B19: =C18 -> 21220965 | C19: 21225130 | D19: =MAX(0,C19-B19) -> 4165
A20: 11 | B20: =C19 -> 21225130 | C20: 21230539 | D20: =MAX(0,C20-B20) -> 5409
A21: 12 | B21: =C20 -> 21230539 | C21: 21230582 | D21: =MAX(0,C21-B21) -> 43
A22: 13 | B22: =C21 -> 21230582 | C22: 21234705 | D22: =MAX(0,C22-B22) -> 4123
A23: 14 | B23: =C22 -> 21234705 | C23: 21238778 | D23: =MAX(0,C23-B23) -> 4073
A24: 15 | B24: =C23 -> 21238778 | C24: 21242741 | D24: =MAX(0,C24-B24) -> 3963
A25: 16 | B25: =C24 -> 21242741 | C25: 21247483 | D25: =MAX(0,C25-B25) -> 4742
... A39: 30 | B39: =C38 -> 21312220 | C39: 21320243 | D39: =MAX(0,C39-B39) -> 8023
A40: 31 | B40: =C39 -> 21320243 | D40: =MAX(0,C40-B40) -> 0
A41: Total | D41: =SUM(D10:D40) -> 146725

Sheet Diesel consumption
A1: Diesel Consumption - Powerhouse | F1: Diesel Tank Jetty Meter
A2: ='GENSET #5'!A6 -> 44867
D3: Liters | F3: Boat meter Reading
A4: Date | B4: Yesterday | C4: Today | D4: ConsumptionIn 24 hrs | F4: Yesterday | G4: Today | H4: Consumption (Liters) | J4: In Barrels | L4: Carbon Emmision
A5: 1 | B5: 47845340 | C5: 47851980 | D5: =MAX(0,C5-B5) -> 6640 | F5: 1333200 | G5: 1333730 | H5: =MAX(0,G5-F5) -> 530 | J5: =D5/200 -> 33.2 | L5: =2.68*D5 -> 17795.2 | M5: =L5/1000 -> 17.7952
A6: 2 | B6: =C5 -> 47851980 | C6: 47858900 | D6: =MAX(0,C6-B6) -> 6920 | F6: =G5 -> 1333730 | G6: 1333730 | H6: =MAX(0,G6-F6) -> 0 | J6: =D6/200 -> 34.6 | L6: =2.68*D6 -> 18545.6 | M6: =L6/1000 -> 18.5456
A7: 3 | B7: =C6 -> 47858900 | C7: 47866040 | D7: =MAX(0,C7-B7) -> 7140 | F7: =G6 -> 1333730 | G7: 1337290 | H7: =MAX(0,G7-F7) -> 3560 | J7: =D7/200 -> 35.7 | L7: =2.68*D7 -> 19135.2 | M7: =L7/1000 -> 19.1352
A8: 4 | B8: =C7 -> 47866040 | C8: 47873550 | D8: =MAX(0,C8-B8) -> 7510 | F8: =G7 -> 1337290 | G8: 1337870 | H8: =MAX(0,G8-F8) -> 580 | J8: =D8/200 -> 37.55 | L8: =2.68*D8 -> 20126.8 | M8: =L8/1000 -> 20.1268
A9: 5 | B9: =C8 -> 47873550 | C9: 47881080 | D9: =MAX(0,C9-B9) -> 7530 | F9: =G8 -> 1337870 | G9: 1338010 | H9: =MAX(0,G9-F9) -> 140 | J9: =D9/200 -> 37.65 | L9: =2.68*D9 -> 20180.4 | M9: =L9/1000 -> 20.1804
A10: 6 | B10: =C9 -> 47881080 | C10: 47888390 | D10: =MAX(0,C10-B10) -> 7310 | F10: =G9 -> 1338010 | G10: 1338010 | H10: =MAX(0,G10-F10) -> 0 | J10: =D10/200 -> 36.55 | L10: =2.68*D10 -> 19590.8 | M10: =L10/1000 -> 19.5908
A11: 7 | B11: =C10 -> 47888390 | C11: 47895840 | D11: =MAX(0,C11-B11) -> 7450 | F11: =G10 -> 1338010 | G11: 1339060 | H11: =MAX(0,G11-F11) -> 1050 | J11: =D11/200 -> 37.25 | L11: =2.68*D11 -> 19966 | M11: =L11/1000 -> 19.966
A12: 8 | B12: =C11 -> 47895840 | C12: 47903280 | D12: =MAX(0,C12-B12) -> 7440 | F12: =G11 -> 1339060 | G12: 1343210 | H12: =MAX(0,G12-F12) -> 4150 | J12: =D12/200 -> 37.2 | L12: =2.68*D12 -> 19939.2 | M12: =L12/1000 -> 19.9392
A13: 9 | B13: =C12 -> 47903280 | C13: 47910850 | D13: =MAX(0,C13-B13) -> 7570 | F13: =G12 -> 1343210 | G13: 1343840 | H13: =MAX(0,G13-F13) -> 630 | J13: =D13/200 -> 37.85 | L13: =2.68*D13 -> 20287.6 | M13: =L13/1000 -> 20.2876
A14: 10 | B14: =C13 -> 47910850 | C14: 47918060 | D14: =MAX(0,C14-B14) -> 7210 | F14: =G13 -> 1343840 | G14: 1346050 | H14: =MAX(0,G14-F14) -> 2210 | J14: =D14/200 -> 36.05 | L14: =2.68*D14 -> 19322.8 | M14: =L14/1000 -> 19.3228
A15: 11 | B15: =C14 -> 47918060 | C15: 47925620 | D15: =MAX(0,C15-B15) -> 7560 | F15: =G14 -> 1346050 | G15: 1346720 | H15: =MAX(0,G15-F15) -> 670 | J15: =D15/200 -> 37.8 | L15: =2.68*D15 -> 20260.8 | M15: =L15/1000 -> 20.2608
A16: 12 | B16: =C15 -> 47925620 | C16: 47933190 | D16: =MAX(0,C16-B16) -> 7570 | F16: =G15 -> 1346720 | G16: 1346720 | H16: =MAX(0,G16-F16) -> 0 | J16: =D16/200 -> 37.85 | L16: =2.68*D16 -> 20287.6 | M16: =L16/1000 -> 20.2876
A17: 13 | B17: =C16 -> 47933190 | C17: 47940500 | D17: =MAX(0,C17-B17) -> 7310 | F17: =G16 -> 1346720 | G17: 1348720 | H17: =MAX(0,G17-F17) -> 2000 | J17: =D17/200 -> 36.55 | L17: =2.68*D17 -> 19590.8 | M17: =L17/1000 -> 19.5908
... A34: 30 | B34: =C33 -> 48050180 | C34: 48057510 | D34: =MAX(0,C34-B34) -> 7330 | F34: =G33 -> 1366640 | G34: 1367140 | H34: =MAX(0,G34-F34) -> 500 | J34: =D34/200 -> 36.65 | L34: =2.68*D34 -> 19644.4 | M34: =L34/1000 -> 19.6444
A35: 31 | B35: =C34 -> 48057510 | D35: =MAX(0,C35-B35) -> 0 | F35: =G34 -> 1367140 | H35: =MAX(0,G35-F35) -> 0 | J35: =D35/200 -> 0 | L35: =2.68*D35 -> 0
D36: =SUM(D5:D35) -> 212170 | J36: =SUM(J5:J34) -> 1060.85 | L36: =2.68*D36 -> 568615.6 | M36: =L36/1000 -> 568.6156

Sheet SOLAR METER READING
C3: solar reading
B5: ='Diesel consumption'!A2 -> 44867
B7: Solar meter reading
A8: DAY | B8: YESTARDAY | C8: TODAY | D8: Final Electricity Consumption( KW h) | E8: Weather Condition | F8: Temperature
A9: 1 | B9: 4101623 | C9: 4104737 | D9: =MAX(0,C9-B9) -> 3114
A10: 2 | B10: =C9 -> 4104737 | C10: 4107860 | D10: =MAX(0,C10-B10) -> 3123
A11: 3 | B11: =C10 -> 4107860 | C11: 4110873 | D11: =MAX(0,C11-B11) -> 3013
A12: 4 | B12: =C11 -> 4110873 | C12: 4113975 | D12: =MAX(0,C12-B12) -> 3102
A13: 5 | B13: =C12 -> 4113975 | C13: 4116910 | D13: =MAX(0,C13-B13) -> 2935 | J13: 1 liter diesel | K13: 3.61 kwh
A14: 6 | B14: =C13 -> 4116910 | C14: 4119839 | D14: =MAX(0,C14-B14) -> 2929 | J14: 212.88 diesel | K14: 768.50 kwh
A15: 7 | B15: =C14 -> 4119839 | C15: 4122879 | D15: =MAX(0,C15-B15) -> 3040
A16: 8 | B16: =C15 -> 4122879 | C16: 4125878 | D16: =MAX(0,C16-B16) -> 2999
A17: 9 | B17: =C16 -> 4125878 | C17: 4128465 | D17: =MAX(0,C17-B17) -> 2587
A18: 10 | B18: =C17 -> 4128465 | C18: 4130933 | D18: =MAX(0,C18-B18) -> 2468
A19: 11 | B19: =C18 -> 4130933 | C19: 4133259 | D19: =MAX(0,C19-B19) -> 2326
A20: 12 | B20: =C19 -> 4133259 | C20: 4135858 | D20: =MAX(0,C20-B20) -> 2599
A21: 13 | B21: =C20 -> 4135858 | C21: 4138395 | D21: =MAX(0,C21-B21) -> 2537
A22: 14 | B22: =C21 -> 4138395 | C22: 4140468 | D22: =MAX(0,C22-B22) -> 2073
A23: 15 | B23: =C22 -> 4140468 | C23: 4142611 | D23: =MAX(0,C23-B23) -> 2143
A24: 16 | B24: =C23 -> 4142611 | C24: 4144456 | D24: =MAX(0,C24-B24) -> 1845
A25: 17 | B25: =C24 -> 4144456 | C25: 4146803 | D25: =MAX(0,C25-B25) -> 2347
A26: 18 | B26: =C25 -> 4146803 | C26: 4148266 | D26: =MAX(0,C26-B26) -> 1463
... A38: 30 | B38: =C37 -> 4176983 | C38: 4179933 | D38: =MAX(0,C38-B38) -> 2950
A39: 31 | B39: =C38 -> 4179933 | D39: =MAX(0,C39-B39) -> 0
A40: Total | D40: =SUM(D9:D39) -> 78310

Sheet FEEDER Consumption 
A1: ='SOLAR METER READING'!B5 -> 44867 | GC1: Daily Electricity (Kwh) Consumption by Building Categories
A2: POWER HOUSE FEEDER READING
C3: Main BLU FEEDER PANEL 1 | H3: Main BLU FEEDER PANEL 2 | M3: Main POWER HOUSE FEEDER PANEL NO:3 | R3: Main Kitchen -7 | W3: Main Kitchen -10 | AB3: Water treatment Plant | AH3: Sewage treatment Plant | AM3: Laundry--8SSB (Machineries) | AR3: Laundry-9 (HR/Tuck Shop Building) | AW3: New staff accomodation (E0) | BB3: Staff block-16(E2-E3) | BG3: Staff Block Feeder-3(E4-E5) | BL3: Management block-5 (M1 to M6) | BQ3: SNR STAFF BLOCK (PC Block) | BV3: BOAT DOCK FEEDER - 22 | CA3: RECEPTION Building Full (Finance/Reservation) | CF3: DIVE CENTER (Inc MDC and Recreation) | CK3: 301-307 | CP3: 308-314 | CU3: 315-320 | CZ3: 401-407 | DE3: 408-414 | DJ3: 415-420 | DO3: SPA - 1 | DT3: SPA - 2 | DY3: BLU KITCHEN - 1 | ED3: BLU KITCHEN - 2 | EI3: AL BARAKATH | EN3: STAFF KITCHEN | ES3: MANAGR BLOCK GARDEN (White House) | EX3: 121-131 | FC3: 113-120 | FH3: Room 855 Hot Water Boiler Kw reading | FM3: Room 911 Hot Water Boiler kw reading | FR3: Room 403 Hot Water Boiler kw reading | FW3: Room 131 Hot Water Boiler kw reading | GC3: Blu Feeders | GE3: ALL Kitchens | GG3: Laundry + HR Buidling | GI3: Employee Block | GK3: Managers Block + SNR Block | GM3: HPL Project Team Usage
A4: DAY | B4: Occupancy | C4: Yesterday | D4: Today | E4: Consumption | F4: Variance (Tdy vs Ystdy) | G4: % | H4: Yesterday | I4: Today | J4: Consumption | K4: Var(Tdy vs Ystdy) | L4: % | M4: Yesterday | N4: Today | O4: Consumption | P4: Var (Tdy vs Ystdy) | Q4: % | R4: Yesterday | S4: Today | T4: Consumption | U4: Var(Tdy vs Ystdy) | V4: % | W4: Yesterday | X4: Today | Y4: Consumption | Z4: Var(Tdy vs Ystdy) | AA4: % | AB4: Yesterday | AC4: Today | AD4: Consumption | AE4: Kwh per cubic meter | AF4: Var(Tdy vs Ystdy) | AG4: % | AH4: Yesterday | AI4: Today | AJ4: Consumption | AK4: Var(Tdy vs Ystdy) | AL4: % | AM4: Yesterday | AN4: Today | AO4: Consumption | AP4: Var(Tdy vs Ystdy) | AQ4: % | AR4: Yesterday | AS4: Today | AT4: Consumption | AU4: Var(Tdy vs Ystdy) | AV4: % | AW4: Yesterday | AX4: Today | AY4: Consumption | AZ4: Var(Tdy vs Ystdy) | BA4: % | BB4: Yesterday | BC4: Today | BD4: Consumption | BE4: Var(Tdy vs Ystdy) | BF4: % | BG4: Yesterday | BH4: Today | BI4: Consumption | BJ4: Var(Tdy vs Ystdy) | BK4: % | BL4: Yesterday | BM4: Today | BN4: Consumption | BO4: Var(Tdy vs Ystdy) | BP4: % | BQ4: Yesterday | BR4: Today | BS4: Consumption | BT4: Var(Tdy vs Ystdy) | BU4: % | BV4: Yesterday | BW4: Today | BX4: Consumption | BY4: Var(Tdy vs Ystdy) | BZ4: % | CA4: Yesterday | CB4: Today | CC4: Consumption | CD4: Var(Tdy vs Ystdy) | CE4: % | CF4: Yesterday | CG4: Today | CH4: Consumption | CI4: Var(Tdy vs Ystdy) | CJ4: % | CK4: Yesterday | CL4: Today | CM4: Consumption | CN4: Var(Tdy vs Ystdy) | CO4: % | CP4: Yesterday | CQ4: Today | CR4: Consumption | CS4: Var(Tdy vs Ystdy) | CT4: % | CU4: Yesterday | CV4: Today | CW4: Consumption | CX4: Var(Tdy vs Ystdy) | CY4: % | CZ4: Yesterday | DA4: Today | DB4: Consumption | DC4: Var(Tdy vs Ystdy) | DD4: % | DE4: Yesterday | DF4: Today | DG4: Consumption | DH4: Var(Tdy vs Ystdy) | DI4: % | DJ4: Yesterday | DK4: Today | DL4: Consumption | DM4: Var(Tdy vs Ystdy) | DN4: % | DO4: Yesterday | DP4: Today | DQ4: Consumption | DR4: Var(Tdy vs Ystdy) | DS4: % | DT4: Yesterday | DU4: Today | DV4: Consumption | DW4: Var(Tdy vs Ystdy) | DX4: % | DY4: Yesterday | DZ4: Today | EA4: Consumption | EB4: Var(Tdy vs Ystdy) | EC4: % | ED4: Yesterday | EE4: Today | EF4: Consumption | EG4: Var(Tdy vs Ystdy) | EH4: % | EI4: Yesterday | EJ4: Today | EK4: Consumption | EL4: Var(Tdy vs Ystdy) | EM4: % | EN4: Yesterday | EO4: Today | EP4: Consumption | EQ4: Var(Tdy vs Ystdy) | ER4: % | ES4: Yesterday | ET4: Today | EU4: Consumption | EV4: Var(Tdy vs Ystdy) | EW4: % | EX4: Yesterday | EY4: Today | EZ4: Consumption | FA4: Var(Tdy vs Ystdy) | FB4: % | FC4: Yesterday | FD4: Today | FE4: Consumption | FF4: Var(Tdy vs Ystdy) | FG4: % | FM4: Yesterday | FN4: Today | FO4: Consumption | FP4: Var(Tdy vs Ystdy) | FQ4: % | FR4: Yesterday | FS4: Today | FT4: Consumption | FU4: Var(Tdy vs Ystdy) | FV4: % | FW4: Yesterday | FX4: Today | FY4: Consumption | FZ4: Var(Tdy vs Ystdy) | GA4: % | GC4: Total (Kwh) | GD4: Avg | GE4: Total (Kwh) | GF4: Avg | GG4: Total (Kwh) | GH4: Avg | GI4: Total (Kwh) | GJ4: Avg | GK4: Total (Kwh) | GL4: Avg | GM4: Total (Kwh) | GN4: Avg
A5: 1 | B5: ='Finance Only'!G8 -> 30.1 | C5: 27181089 | D5: 27184769 | E5: =MAX(0,D5-C5) -> 3680 | H5: 25116251 | I5: 25120112 | J5: =MAX(0,I5-H5) -> 3861 | M5: 92471161 | N5: 92482139 | O5: =MAX(0,N5-M5) -> 10978 | R5: 3146100 | S5: 3148500 | T5: =MAX(0,S5-R5) -> 2400 | W5: 4228388 | X5: 4231179 | Y5: =MAX(0,X5-W5) -> 2791 | AB5: 2749400 | AC5: 2751200 | AD5: =MAX(0,AC5-AB5) -> 1800 | AE5: =AD5/WATER!V6 -> 4.7120419 | AH5: 1104911 | AI5: 1105376 | AJ5: =MAX(0,AI5-AH5) -> 465 | AM5: 1119900 | AN5: 1120700 | AO5: =MAX(0,AN5-AM5) -> 800 | AR5: 2501800 | AS5: 2503000 | AT5: =AS5-AR5 -> 1200 | AW5: 254030 | AX5: 258050 | AY5: =AX5-AW5 -> 4020 | BB5: 1007000 | BC5: 1008200 | BD5: =BC5-BB5 -> 1200 | BG5: 1081400 | BH5: 1081600 | BI5: =BH5-BG5 -> 200 | BL5: 1608500 | BM5: 1609600 | BN5: =BM5-BL5 -> 1100 | BQ5: 140760 | BR5: 140900 | BS5: =BR5-BQ5 -> 140 | BV5: 595040 | BW5: 595460 | BX5: =BW5-BV5 -> 420 | CA5: 1115300 | CB5: 1116400 | CC5: =CB5-CA5 -> 1100 | CF5: 366570 | CG5: 366980 | CH5: =CG5-CF5 -> 410 | CK5: 852000 | CL5: 852700 | CM5: =MAX(0,CL5-CK5) -> 700 | CP5: 705850 | CQ5: 706550 | CR5: =MAX(0,CQ5-CP5) -> 700 | CU5: 585240 | CV5: 585790 | CW5: =MAX(0,CV5-CU5) -> 550 | CZ5: 977630 | DA5: 978540 | DB5: =MAX(0,DA5-CZ5) -> 910 | DE5: 749940 | DF5: 750690 | DG5: =MAX(0,DF5-DE5) -> 750 | DJ5: 649920 | DK5: 650540 | DL5: =MAX(0,DK5-DJ5) -> 620 | DO5: 353210 | DP5: 353480 | DQ5: =MAX(0,DP5-DO5) -> 270 | DT5: 116620 | DU5: 116760 | DV5: =MAX(0,DU5-DT5) -> 140 | DY5: 748080 | DZ5: 748970 | EA5: =MAX(0,DZ5-DY5) -> 890 | ED5: 238540 | EE5: 238810 | EF5: =MAX(0,EE5-ED5) -> 270 | EI5: 269840 | EJ5: 270170 | EK5: =MAX(0,EJ5-EI5) -> 330 | EN5: 441890 | EO5: 442320 | EP5: =MAX(0,EO5-EN5) -> 430 | ES5: 69098 | EU5: =MAX(0,ET5-ES5) -> 0 | EX5: 131740 | EZ5: =MAX(0,EY5-EX5) -> 0 | FC5: 74909 | FE5: =MAX(0,FD5-FC5) -> 0 | FM5: 91210 | FO5: =MAX(0,FN5-FM5) -> 0 | FR5: 0 | FT5: =MAX(0,FS5-FR5) -> 0 | FW5: 0 | FY5: =MAX(0,FX5-FW5) -> 0 | GC5: =SUM(E5+J5) -> 7541 | GE5: =SUM(T5+Y5+EA5+EF5+EK5+EP5) -> 7111 | GG5: =SUM(AO5+AT5) -> 2000 | GI5: =SUM(AY5+BD5+BI5) -> 5420 | GK5: =SUM(BN5+BS5+EU5) -> 1240 | GM5: =SUM(EZ5+FE5) -> 0
A6: 2 | B6: ='Finance Only'!G9 -> 34 | C6: =D5 -> 27184769 | D6: 27188787 | E6: =MAX(0,D6-C6) -> 4018 | F6: =E6-E5 -> 338 | G6: =(E6/'Finance Only'!B9)*100 -> 16.056586 | H6: =I5 -> 25120112 | I6: 25124091 | J6: =MAX(0,I6-H6) -> 3979 | K6: =J6-J5 -> 118 | L6: =(J6/'Finance Only'!B9)*100 -> 15.900735 | M6: =N5 -> 92482139 | N6: 92493528 | O6: =MAX(0,N6-M6) -> 11389 | P6: =O6-O5 -> 411 | Q6: =(O6/'Finance Only'!B9)*100 -> 45.512308 | R6: =S5 -> 3148500 | S6: 3151100 | T6: =MAX(0,S6-R6) -> 2600 | U6: =T6-T5 -> 200 | V6: =(T6/'Finance Only'!B9)*100 -> 10.390026 | W6: =X5 -> 4231179 | X6: 4234046 | Y6: =MAX(0,X6-W6) -> 2867 | Z6: =Y6-Y5 -> 76 | AA6: =(Y6/'Finance Only'!B9)*100 -> 11.457001 | AB6: =AC5 -> 2751200 | AC6: 2752900 | AD6: =MAX(0,AC6-AB6) -> 1700 | AE6: =AD6/WATER!V7 -> 4.8295455 | AF6: =AD6-AD5 -> -100 | AG6: =(AD6/'Finance Only'!B9)*100 -> 6.7934783 | AH6: =AI5 -> 1105376 | AI6: 1105896 | AJ6: =MAX(0,AI6-AH6) -> 520 | AK6: =AJ6-AJ5 -> 55 | AL6: =(AJ6/'Finance Only'!B9)*100 -> 2.0780051 | AM6: =AN5 -> 1120700 | AN6: 1121400 | AO6: =MAX(0,AN6-AM6) -> 700 | AP6: =AO6-AO5 -> -100 | AQ6: =(AO6/'Finance Only'!B9)*100 -> 2.7973146 | AR6: =AS5 -> 2503000 | AS6: 2504300 | AT6: =MAX(0,AS6-AR6) -> 1300 | AU6: =AT6-AT5 -> 100 | AV6: =(AT6/'Finance Only'!B9)*100 -> 5.1950128 | AW6: =AX5 -> 258050 | AX6: 262360 | AY6: =MAX(0,AX6-AW6) -> 4310 | AZ6: =AY6-AY5 -> 290 | BA6: =(AY6/'Finance Only'!B9)*100 -> 17.223465 | BB6: =BC5 -> 1008200 | BC6: 1008600 | BD6: =MAX(0,BC6-BB6) -> 400 | BE6: =BD6-BD5 -> -800 | BF6: =(BD6/'Finance Only'!B9)*100 -> 1.5984655 | BG6: =BH5 -> 1081600 | BH6: 1081900 | BI6: =MAX(0,BH6-BG6) -> 300 | BJ6: =BI6-BI5 -> 100 | BK6: =(BI6/'Finance Only'!B9)*100 -> 1.1988491 | BL6: =BM5 -> 1609600 | BM6: 1610100 | BN6: =MAX(0,BM6-BL6) -> 500 | BO6: =BN6-BN5 -> -600 | BP6: =(BN6/'Finance Only'!B9)*100 -> 1.9980818 | BQ6: =BR5 -> 140900 | BR6: 141070 | BS6: =MAX(0,BR6-BQ6) -> 170 | BT6: =BS6-BS5 -> 30 | BU6: =(BS6/'Finance Only'!B9)*100 -> 0.67934783 | BV6: =BW5 -> 595460 | BW6: 595830 | BX6: =MAX(0,BW6-BV6) -> 370 | BY6: =BX6-BX5 -> -50 | BZ6: =(BX6/'Finance Only'!B9)*100 -> 1.4785806 | CA6: =CB5 -> 1116400 | CB6: 1117600 | CC6: =MAX(0,CB6-CA6) -> 1200 | CD6: =CC6-CC5 -> 100 | CE6: =(CC6/'Finance Only'!B9)*100 -> 4.7953964 | CF6: =CG5 -> 366980 | CG6: 367400 | CH6: =MAX(0,CG6-CF6) -> 420 | CI6: =CH6-CH5 -> 10 | CJ6: =(CH6/'Finance Only'!B9)*100 -> 1.6783887 | CK6: =CL5 -> 852700 | CL6: 853540 | CM6: =MAX(0,CL6-CK6) -> 840 | CN6: =CM6-CM5 -> 140 | CO6: =(CM6/'Finance Only'!B9)*100 -> 3.3567775 | CP6: =CQ5 -> 706550 | CQ6: 707310 | CR6: =MAX(0,CQ6-CP6) -> 760 | CS6: =CR6-CR5 -> 60 | CT6: =(CR6/'Finance Only'!B9)*100 -> 3.0370844 | CU6: =CV5 -> 585790 | CV6: 586400 | CW6: =MAX(0,CV6-CU6) -> 610 | CX6: =CW6-CW5 -> 60 | CY6: =(CW6/'Finance Only'!B9)*100 -> 2.4376598 | CZ6: =DA5 -> 978540 | DA6: 979520 | DB6: =MAX(0,DA6-CZ6) -> 980 | DC6: =DB6-DB5 -> 70 | DD6: =(DB6/'Finance Only'!B9)*100 -> 3.9162404 | DE6: =DF5 -> 750690 | DF6: 751390 | DG6: =MAX(0,DF6-DE6) -> 700 | DH6: =DG6-DG5 -> -50 | DI6: =(DG6/'Finance Only'!B9)*100 -> 2.7973146 | DJ6: =DK5 -> 650540 | DK6: 651210 | DL6: =MAX(0,DK6-DJ6) -> 670 | DM6: =DL6-DL5 -> 50 | DN6: =(DL6/'Finance Only'!B9)*100 -> 2.6774297 | DO6: =DP5 -> 353480 | DP6: 353790 | DQ6: =MAX(0,DP6-DO6) -> 310 | DR6: =DQ6-DQ5 -> 40 | DS6: =(DQ6/'Finance Only'!B9)*100 -> 1.2388107 | DT6: =DU5 -> 116760 | DU6: 116890 | DV6: =MAX(0,DU6-DT6) -> 130 | DW6: =DV6-DV5 -> -10 | DX6: =(DV6/'Finance Only'!B9)*100 -> 0.51950128 | DY6: =DZ5 -> 748970 | DZ6: 749970 | EA6: =MAX(0,DZ6-DY6) -> 1000 | EB6: =EA6-EA5 -> 110 | EC6: =(EA6/'Finance Only'!B9)*100 -> 3.9961637 | ED6: =EE5 -> 238810 | EE6: 239100 | EF6: =MAX(0,EE6-ED6) -> 290 | EG6: =EF6-EF5 -> 20 | EH6: =(EF6/'Finance Only'!B9)*100 -> 1.1588875 | EI6: =EJ5 -> 270170 | EJ6: 270520 | EK6: =MAX(0,EJ6-EI6) -> 350 | EL6: =EK6-EK5 -> 20 | EM6: =(EK6/'Finance Only'!B9)*100 -> 1.3986573 | EN6: =EO5 -> 442320 | EO6: 442820 | EP6: =MAX(0,EO6-EN6) -> 500 | EQ6: =EP6-EP5 -> 70 | ER6: =(EP6/'Finance Only'!B9)*100 -> 1.9980818 | ES6: =ET5 -> 0 | EU6: =MAX(0,ET6-ES6) -> 0 | EV6: =EU6-EU5 -> 0 | EW6: =(EU6/'Finance Only'!B9)*100 -> 0 | EX6: =EY5 -> 0 | EZ6: =MAX(0,EY6-EX6) -> 0 | FA6: =EZ6-EZ5 -> 0 | FB6: =(EZ6/'Finance Only'!G9)*100 -> 0 | FC6: =FD5 -> 0 | FE6: =MAX(0,FD6-FC6) -> 0 | FF6: =FE6-FE5 -> 0 | FG6: =(FE6/'Finance Only'!M9)*100 -> #DIV/0! | FM6: =FN5 -> 0 | FO6: =MAX(0,FN6-FM6) -> 0 | FP6: =FO6-FO5 -> 0 | FQ6: =(FO6/'Finance Only'!R9)*100 -> #DIV/0! | FR6: =FS5 -> 0 | FT6: =MAX(0,FS6-FR6) -> 0 | FU6: =FT6-FT5 -> 0 | FV6: =(FT6/'Finance Only'!W9)*100 -> #DIV/0! | FW6: =FX5 -> 0 | FY6: =MAX(0,FX6-FW6) -> 0 | FZ6: =FY6-FY5 -> 0 | GA6: =(FY6/'Finance Only'!AB9)*100 -> #DIV/0! | GC6: =SUM(E6+J6) -> 7997 | GE6: =SUM(T6+Y6+EA6+EF6+EK6+EP6) -> 7607 | GG6: =SUM(AO6+AT6) -> 2000 | GI6: =SUM(AY6+BD6+BI6) -> 5010 | GK6: =SUM(BN6+BS6+EU6) -> 670 | GM6: =SUM(EZ6+FE6) -> 0
A7: 3 | B7: ='Finance Only'!G10 -> 34 | C7: =D6 -> 27188787 | D7: 27192590 | E7: =MAX(0,D7-C7) -> 3803 | F7: =E7-E6 -> -215 | G7: =(E7/'Finance Only'!B10)*100 -> 15.067353 | H7: =I6 -> 25124091 | I7: 25128229 | J7: =MAX(0,I7-H7) -> 4138 | K7: =J7-J6 -> 159 | L7: =(J7/'Finance Only'!B10)*100 -> 16.394612 | M7: =N6 -> 92493528 | N7: 92504980 | O7: =MAX(0,N7-M7) -> 11452 | P7: =O7-O6 -> 63 | Q7: =(O7/'Finance Only'!B10)*100 -> 45.372425 | R7: =S6 -> 3151100 | S7: 3153700 | T7: =MAX(0,S7-R7) -> 2600 | U7: =T7-T6 -> 0 | V7: =(T7/'Finance Only'!B10)*100 -> 10.301109 | W7: =X6 -> 4234046 | X7: 4236835 | Y7: =MAX(0,X7-W7) -> 2789 | Z7: =Y7-Y6 -> -78 | AA7: =(Y7/'Finance Only'!B10)*100 -> 11.049921 | AB7: =AC6 -> 2752900 | AC7: 2754600 | AD7: =MAX(0,AC7-AB7) -> 1700 | AE7: =AD7/WATER!V8 -> 4.4155844 | AF7: =AD7-AD6 -> 0 | AG7: =(AD7/'Finance Only'!B10)*100 -> 6.7353407 | AH7: =AI6 -> 1105896 | AI7: 1106394 | AJ7: =MAX(0,AI7-AH7) -> 498 | AK7: =AJ7-AJ6 -> -22 | AL7: =(AJ7/'Finance Only'!B10)*100 -> 1.9730586 | AM7: =AN6 -> 1121400 | AN7: 1122200 | AO7: =MAX(0,AN7-AM7) -> 800 | AP7: =AO7-AO6 -> 100 | AQ7: =(AO7/'Finance Only'!B10)*100 -> 3.1695721 | AR7: =AS6 -> 2504300 | AS7: 2505600 | AT7: =MAX(0,AS7-AR7) -> 1300 | AU7: =AT7-AT6 -> 0 | AV7: =(AT7/'Finance Only'!B10)*100 -> 5.1505547 | AW7: =AX6 -> 262360 | AX7: 266440 | AY7: =MAX(0,AX7-AW7) -> 4080 | AZ7: =AY7-AY6 -> -230 | BA7: =(AY7/'Finance Only'!B10)*100 -> 16.164818 | BB7: =BC6 -> 1008600 | BC7: 1009000 | BD7: =MAX(0,BC7-BB7) -> 400 | BE7: =BD7-BD6 -> 0 | BF7: =(BD7/'Finance Only'!B10)*100 -> 1.5847861 | BG7: =BH6 -> 1081900 | BH7: 1082200 | BI7: =MAX(0,BH7-BG7) -> 300 | BJ7: =BI7-BI6 -> 0 | BK7: =(BI7/'Finance Only'!B10)*100 -> 1.1885895 | BL7: =BM6 -> 1610100 | BM7: 1610700 | BN7: =MAX(0,BM7-BL7) -> 600 | BO7: =BN7-BN6 -> 100 | BP7: =(BN7/'Finance Only'!B10)*100 -> 2.3771791 | BQ7: =BR6 -> 141070 | BR7: 141230 | BS7: =MAX(0,BR7-BQ7) -> 160 | BT7: =BS7-BS6 -> -10 | BU7: =(BS7/'Finance Only'!B10)*100 -> 0.63391442 | BV7: =BW6 -> 595830 | BW7: 596270 | BX7: =MAX(0,BW7-BV7) -> 440 | BY7: =BX7-BX6 -> 70 | BZ7: =(BX7/'Finance Only'!B10)*100 -> 1.7432647 | CA7: =CB6 -> 1117600 | CB7: 1118700 | CC7: =MAX(0,CB7-CA7) -> 1100 | CD7: =CC7-CC6 -> -100 | CE7: =(CC7/'Finance Only'!B10)*100 -> 4.3581616 | CF7: =CG6 -> 367400 | CG7: 367910 | CH7: =MAX(0,CG7-CF7) -> 510 | CI7: =CH7-CH6 -> 90 | CJ7: =(CH7/'Finance Only'!B10)*100 -> 2.0206022 | CK7: =CL6 -> 853540 | CL7: 854500 | CM7: =MAX(0,CL7-CK7) -> 960 | CN7: =CM7-CM6 -> 120 | CO7: =(CM7/'Finance Only'!B10)*100 -> 3.8034865 | CP7: =CQ6 -> 707310 | CQ7: 708070 | CR7: =MAX(0,CQ7-CP7) -> 760 | CS7: =CR7-CR6 -> 0 | CT7: =(CR7/'Finance Only'!B10)*100 -> 3.0110935 | CU7: =CV6 -> 586400 | CV7: 587050 | CW7: =MAX(0,CV7-CU7) -> 650 | CX7: =CW7-CW6 -> 40 | CY7: =(CW7/'Finance Only'!B10)*100 -> 2.5752773 | CZ7: =DA6 -> 979520 | DA7: 980620 | DB7: =MAX(0,DA7-CZ7) -> 1100 | DC7: =DB7-DB6 -> 120 | DD7: =(DB7/'Finance Only'!B10)*100 -> 4.3581616 | DE7: =DF6 -> 751390 | DF7: 752100 | DG7: =MAX(0,DF7-DE7) -> 710 | DH7: =DG7-DG6 -> 10 | DI7: =(DG7/'Finance Only'!B10)*100 -> 2.8129952 | DJ7: =DK6 -> 651210 | DK7: 651880 | DL7: =MAX(0,DK7-DJ7) -> 670 | DM7: =DL7-DL6 -> 0 | DN7: =(DL7/'Finance Only'!B10)*100 -> 2.6545166 | DO7: =DP6 -> 353790 | DP7: 354090 | DQ7: =MAX(0,DP7-DO7) -> 300 | DR7: =DQ7-DQ6 -> -10 | DS7: =(DQ7/'Finance Only'!B10)*100 -> 1.1885895 | DT7: =DU6 -> 116890 | DU7: 117020 | DV7: =MAX(0,DU7-DT7) -> 130 | DW7: =DV7-DV6 -> 0 | DX7: =(DV7/'Finance Only'!B10)*100 -> 0.51505547 | DY7: =DZ6 -> 749970 | DZ7: 750860 | EA7: =MAX(0,DZ7-DY7) -> 890 | EB7: =EA7-EA6 -> -110 | EC7: =(EA7/'Finance Only'!B10)*100 -> 3.526149 | ED7: =EE6 -> 239100 | EE7: 239370 | EF7: =MAX(0,EE7-ED7) -> 270 | EG7: =EF7-EF6 -> -20 | EH7: =(EF7/'Finance Only'!B10)*100 -> 1.0697306 | EI7: =EJ6 -> 270520 | EJ7: 270870 | EK7: =MAX(0,EJ7-EI7) -> 350 | EL7: =EK7-EK6 -> 0 | EM7: =(EK7/'Finance Only'!B10)*100 -> 1.3866878 | EN7: =EO6 -> 442820 | EO7: 443280 | EP7: =MAX(0,EO7-EN7) -> 460 | EQ7: =EP7-EP6 -> -40 | ER7: =(EP7/'Finance Only'!B10)*100 -> 1.822504 | ES7: =ET6 -> 0 | EU7: =MAX(0,ET7-ES7) -> 0 | EV7: =EU7-EU6 -> 0 | EW7: =(EU7/'Finance Only'!B10)*100 -> 0 | EX7: =EY6 -> 0 | EZ7: =MAX(0,EY7-EX7) -> 0 | FA7: =EZ7-EZ6 -> 0 | FB7: =(EZ7/'Finance Only'!G10)*100 -> 0 | FC7: =FD6 -> 0 | FE7: =MAX(0,FD7-FC7) -> 0 | FF7: =FE7-FE6 -> 0 | FG7: =(FE7/'Finance Only'!M10)*100 -> #DIV/0! | FM7: =FN6 -> 0 | FO7: =MAX(0,FN7-FM7) -> 0 | FP7: =FO7-FO6 -> 0 | FQ7: =(FO7/'Finance Only'!R10)*100 -> #DIV/0! | FR7: =FS6 -> 0 | FT7: =MAX(0,FS7-FR7) -> 0 | FU7: =FT7-FT6 -> 0 | FV7: =(FT7/'Finance Only'!W10)*100 -> #DIV/0! | FW7: =FX6 -> 0 | FY7: =MAX(0,FX7-FW7) -> 0 | FZ7: =FY7-FY6 -> 0 | GA7: =(FY7/'Finance Only'!AB10)*100 -> #DIV/0! | GC7: =SUM(E7+J7) -> 7941 | GE7: =SUM(T7+Y7+EA7+EF7+EK7+EP7) -> 7359 | GG7: =SUM(AO7+AT7) -> 2100 | GI7: =SUM(AY7+BD7+BI7) -> 4780 | GK7: =SUM(BN7+BS7+EU7) -> 760 | GM7: =SUM(EZ7+FE7) -> 0
A8: 4 | B8: ='Finance Only'!G11 -> 40.8 | C8: =D7 -> 27192590 | D8: 27196776 | E8: =MAX(0,D8-C8) -> 4186 | F8: =E8-E7 -> 383 | G8: =(E8/'Finance Only'!B11)*100 -> 15.801593 | H8: =I7 -> 25128229 | I8: 25132712 | J8: =MAX(0,I8-H8) -> 4483 | K8: =J8-J7 -> 345 | L8: =(J8/'Finance Only'!B11)*100 -> 16.922728 | M8: =N7 -> 92504980 | N8: 92516908 | O8: =MAX(0,N8-M8) -> 11928 | P8: =O8-O7 -> 476 | Q8: =(O8/'Finance Only'!B11)*100 -> 45.026613 | R8: =S7 -> 3153700 | S8: 3156200 | T8: =MAX(0,S8-R8) -> 2500 | U8: =T8-T7 -> -100 | V8: =(T8/'Finance Only'!B11)*100 -> 9.4371673 | W8: =X7 -> 4236835 | X8: 4239668 | Y8: =MAX(0,X8-W8) -> 2833 | Z8: =Y8-Y7 -> 44 | AA8: =(Y8/'Finance Only'!B11)*100 -> 10.694198 | AB8: =AC7 -> 2754600 | AC8: 2756600 | AD8: =MAX(0,AC8-AB8) -> 2000 | AE8: =AD8/WATER!V9 -> 5.3333333 | AF8: =AD8-AD7 -> 300 | AG8: =(AD8/'Finance Only'!B11)*100 -> 7.5497339 | AH8: =AI7 -> 1106394 | AI8: 1106875 | AJ8: =MAX(0,AI8-AH8) -> 481 | AK8: =AJ8-AJ7 -> -17 | AL8: =(AJ8/'Finance Only'!B11)*100 -> 1.815711 | AM8: =AN7 -> 1122200 | AN8: 1123000 | AO8: =MAX(0,AN8-AM8) -> 800 | AP8: =AO8-AO7 -> 0 | AQ8: =(AO8/'Finance Only'!B11)*100 -> 3.0198935 | AR8: =AS7 -> 2505600 | AS8: 2506900 | AT8: =MAX(0,AS8-AR8) -> 1300 | AU8: =AT8-AT7 -> 0 | AV8: =(AT8/'Finance Only'!B11)*100 -> 4.907327 | AW8: =AX7 -> 266440 | AX8: 270520 | AY8: =MAX(0,AX8-AW8) -> 4080 | AZ8: =AY8-AY7 -> 0 | BA8: =(AY8/'Finance Only'!B11)*100 -> 15.401457 | BB8: =BC7 -> 1009000 | BC8: 1009400 | BD8: =MAX(0,BC8-BB8) -> 400 | BE8: =BD8-BD7 -> 0 | BF8: =(BD8/'Finance Only'!B11)*100 -> 1.5099468 | BG8: =BH7 -> 1082200 | BH8: 1082500 | BI8: =MAX(0,BH8-BG8) -> 300 | BJ8: =BI8-BI7 -> 0 | BK8: =(BI8/'Finance Only'!B11)*100 -> 1.1324601 | BL8: =BM7 -> 1610700 | BM8: 1610700 | BN8: =MAX(0,BM8-BL8) -> 0 | BO8: =BN8-BN7 -> -600 | BP8: =(BN8/'Finance Only'!B11)*100 -> 0 | BQ8: =BR7 -> 141230 | BR8: 141390 | BS8: =MAX(0,BR8-BQ8) -> 160 | BT8: =BS8-BS7 -> 0 | BU8: =(BS8/'Finance Only'!B11)*100 -> 0.60397871 | BV8: =BW7 -> 596270 | BW8: 596690 | BX8: =MAX(0,BW8-BV8) -> 420 | BY8: =BX8-BX7 -> -20 | BZ8: =(BX8/'Finance Only'!B11)*100 -> 1.5854441 | CA8: =CB7 -> 1118700 | CB8: 1119800 | CC8: =MAX(0,CB8-CA8) -> 1100 | CD8: =CC8-CC7 -> 0 | CE8: =(CC8/'Finance Only'!B11)*100 -> 4.1523536 | CF8: =CG7 -> 367910 | CG8: 368360 | CH8: =MAX(0,CG8-CF8) -> 450 | CI8: =CH8-CH7 -> -60 | CJ8: =(CH8/'Finance Only'!B11)*100 -> 1.6986901 | CK8: =CL7 -> 854500 | CL8: 855480 | CM8: =MAX(0,CL8-CK8) -> 980 | CN8: =CM8-CM7 -> 20 | CO8: =(CM8/'Finance Only'!B11)*100 -> 3.6993696 | CP8: =CQ7 -> 708070 | CQ8: 708920 | CR8: =MAX(0,CQ8-CP8) -> 850 | CS8: =CR8-CR7 -> 90 | CT8: =(CR8/'Finance Only'!B11)*100 -> 3.2086369 | CU8: =CV7 -> 587050 | CV8: 587710 | CW8: =MAX(0,CV8-CU8) -> 660 | CX8: =CW8-CW7 -> 10 | CY8: =(CW8/'Finance Only'!B11)*100 -> 2.4914122 | CZ8: =DA7 -> 980620 | DA8: 981870 | DB8: =MAX(0,DA8-CZ8) -> 1250 | DC8: =DB8-DB7 -> 150 | DD8: =(DB8/'Finance Only'!B11)*100 -> 4.7185837 | DE8: =DF7 -> 752100 | DF8: 752890 | DG8: =MAX(0,DF8-DE8) -> 790 | DH8: =DG8-DG7 -> 80 | DI8: =(DG8/'Finance Only'!B11)*100 -> 2.9821449 | DJ8: =DK7 -> 651880 | DK8: 652520 | DL8: =MAX(0,DK8-DJ8) -> 640 | DM8: =DL8-DL7 -> -30 | DN8: =(DL8/'Finance Only'!B11)*100 -> 2.4159148 | DO8: =DP7 -> 354090 | DP8: 354380 | DQ8: =MAX(0,DP8-DO8) -> 290 | DR8: =DQ8-DQ7 -> -10 | DS8: =(DQ8/'Finance Only'!B11)*100 -> 1.0947114 | DT8: =DU7 -> 117020 | DU8: 117190 | DV8: =MAX(0,DU8-DT8) -> 170 | DW8: =DV8-DV7 -> 40 | DX8: =(DV8/'Finance Only'!B11)*100 -> 0.64172738 | DY8: =DZ7 -> 750860 | DZ8: 751820 | EA8: =MAX(0,DZ8-DY8) -> 960 | EB8: =EA8-EA7 -> 70 | EC8: =(EA8/'Finance Only'!B11)*100 -> 3.6238723 | ED8: =EE7 -> 239370 | EE8: 239620 | EF8: =MAX(0,EE8-ED8) -> 250 | EG8: =EF8-EF7 -> -20 | EH8: =(EF8/'Finance Only'!B11)*100 -> 0.94371673 | EI8: =EJ7 -> 270870 | EJ8: 270870 | EK8: =MAX(0,EJ8-EI8) -> 0 | EL8: =EK8-EK7 -> -350 | EM8: =(EK8/'Finance Only'!B11)*100 -> 0 | EN8: =EO7 -> 443280 | EO8: 443280 | EP8: =MAX(0,EO8-EN8) -> 0 | EQ8: =EP8-EP7 -> -460 | ER8: =(EP8/'Finance Only'!B11)*100 -> 0 | ES8: =ET7 -> 0 | EU8: =MAX(0,ET8-ES8) -> 0 | EV8: =EU8-EU7 -> 0 | EW8: =(EU8/'Finance Only'!B11)*100 -> 0 | EX8: =EY7 -> 0 | EZ8: =MAX(0,EY8-EX8) -> 0 | FA8: =EZ8-EZ7 -> 0 | FB8: =(EZ8/'Finance Only'!G11)*100 -> 0 | FC8: =FD7 -> 0 | FE8: =MAX(0,FD8-FC8) -> 0 | FF8: =FE8-FE7 -> 0 | FG8: =(FE8/'Finance Only'!M11)*100 -> #DIV/0! | FM8: =FN7 -> 0 | FO8: =MAX(0,FN8-FM8) -> 0 | FP8: =FO8-FO7 -> 0 | FQ8: =(FO8/'Finance Only'!R11)*100 -> #DIV/0! | FR8: =FS7 -> 0 | FT8: =MAX(0,FS8-FR8) -> 0 | FU8: =FT8-FT7 -> 0 | FV8: =(FT8/'Finance Only'!W11)*100 -> #DIV/0! | FW8: =FX7 -> 0 | FY8: =MAX(0,FX8-FW8) -> 0 | FZ8: =FY8-FY7 -> 0 | GA8: =(FY8/'Finance Only'!AB11)*100 -> #DIV/0! | GC8: =SUM(E8+J8) -> 8669 | GE8: =SUM(T8+Y8+EA8+EF8+EK8+EP8) -> 6543 | GG8: =SUM(AO8+AT8) -> 2100 | GI8: =SUM(AY8+BD8+BI8) -> 4780 | GK8: =SUM(BN8+BS8+EU8) -> 160 | GM8: =SUM(EZ8+FE8) -> 0
A9: 5 | B9: ='Finance Only'!G12 -> 38.8 | C9: =D8 -> 27196776 | D9: 27200932 | E9: =MAX(0,D9-C9) -> 4156 | F9: =E9-E8 -> -30 | G9: =(E9/'Finance Only'!B12)*100 -> 15.895357 | H9: =I8 -> 25132712 | I9: 25137056 | J9: =MAX(0,I9-H9) -> 4344 | K9: =J9-J8 -> -139 | L9: =(J9/'Finance Only'!B12)*100 -> 16.614396 | M9: =N8 -> 92516908 | N9: 92528288 | O9: =MAX(0,N9-M9) -> 11380 | P9: =O9-O8 -> -548 | Q9: =(O9/'Finance Only'!B12)*100 -> 43.524822 | R9: =S8 -> 3156200 | S9: 3158700 | T9: =MAX(0,S9-R9) -> 2500 | U9: =T9-T8 -> 0 | V9: =(T9/'Finance Only'!B12)*100 -> 9.561692 | W9: =X8 -> 4239668 | X9: 4242441 | Y9: =MAX(0,X9-W9) -> 2773 | Z9: =Y9-Y8 -> -60 | AA9: =(Y9/'Finance Only'!B12)*100 -> 10.605829 | AB9: =AC8 -> 2756600 | AC9: 2758300 | AD9: =MAX(0,AC9-AB9) -> 1700 | AE9: =AD9/WATER!V10 -> 4.5822102 | AF9: =AD9-AD8 -> -300 | AG9: =(AD9/'Finance Only'!B12)*100 -> 6.5019506 | AH9: =AI8 -> 1106875 | AI9: 1107369 | AJ9: =MAX(0,AI9-AH9) -> 494 | AK9: =AJ9-AJ8 -> 13 | AL9: =(AJ9/'Finance Only'!B12)*100 -> 1.8893903 | AM9: =AN8 -> 1123000 | AN9: 1123700 | AO9: =MAX(0,AN9-AM9) -> 700 | AP9: =AO9-AO8 -> -100 | AQ9: =(AO9/'Finance Only'!B12)*100 -> 2.6772738 | AR9: =AS8 -> 2506900 | AS9: 2508300 | AT9: =MAX(0,AS9-AR9) -> 1400 | AU9: =AT9-AT8 -> 100 | AV9: =(AT9/'Finance Only'!B12)*100 -> 5.3545475 | AW9: =AX8 -> 270520 | AX9: 274310 | AY9: =MAX(0,AX9-AW9) -> 3790 | AZ9: =AY9-AY8 -> -290 | BA9: =(AY9/'Finance Only'!B12)*100 -> 14.495525 | BB9: =BC8 -> 1009400 | BC9: 1009800 | BD9: =MAX(0,BC9-BB9) -> 400 | BE9: =BD9-BD8 -> 0 | BF9: =(BD9/'Finance Only'!B12)*100 -> 1.5298707 | BG9: =BH8 -> 1082500 | BH9: 1082800 | BI9: =MAX(0,BH9-BG9) -> 300 | BJ9: =BI9-BI8 -> 0 | BK9: =(BI9/'Finance Only'!B12)*100 -> 1.147403 | BL9: =BM8 -> 1610700 | BM9: 1611200 | BN9: =MAX(0,BM9-BL9) -> 500 | BO9: =BN9-BN8 -> 500 | BP9: =(BN9/'Finance Only'!B12)*100 -> 1.9123384 | BQ9: =BR8 -> 141390 | BR9: 141550 | BS9: =MAX(0,BR9-BQ9) -> 160 | BT9: =BS9-BS8 -> 0 | BU9: =(BS9/'Finance Only'!B12)*100 -> 0.61194829 | BV9: =BW8 -> 596690 | BW9: 597090 | BX9: =MAX(0,BW9-BV9) -> 400 | BY9: =BX9-BX8 -> -20 | BZ9: =(BX9/'Finance Only'!B12)*100 -> 1.5298707 | CA9: =CB8 -> 1119800 | CB9: 1121000 | CC9: =MAX(0,CB9-CA9) -> 1200 | CD9: =CC9-CC8 -> 100 | CE9: =(CC9/'Finance Only'!B12)*100 -> 4.5896122 | CF9: =CG8 -> 368360 | CG9: 368790 | CH9: =MAX(0,CG9-CF9) -> 430 | CI9: =CH9-CH8 -> -20 | CJ9: =(CH9/'Finance Only'!B12)*100 -> 1.644611 | CK9: =CL8 -> 855480 | CL9: 856350 | CM9: =MAX(0,CL9-CK9) -> 870 | CN9: =CM9-CM8 -> -110 | CO9: =(CM9/'Finance Only'!B12)*100 -> 3.3274688 | CP9: =CQ8 -> 708920 | CQ9: 709790 | CR9: =MAX(0,CQ9-CP9) -> 870 | CS9: =CR9-CR8 -> 20 | CT9: =(CR9/'Finance Only'!B12)*100 -> 3.3274688 | CU9: =CV8 -> 587710 | CV9: 588350 | CW9: =MAX(0,CV9-CU9) -> 640 | CX9: =CW9-CW8 -> -20 | CY9: =(CW9/'Finance Only'!B12)*100 -> 2.4477932 | CZ9: =DA8 -> 981870 | DA9: 983000 | DB9: =MAX(0,DA9-CZ9) -> 1130 | DC9: =DB9-DB8 -> -120 | DD9: =(DB9/'Finance Only'!B12)*100 -> 4.3218848 | DE9: =DF8 -> 752890 | DF9: 753640 | DG9: =MAX(0,DF9-DE9) -> 750 | DH9: =DG9-DG8 -> -40 | DI9: =(DG9/'Finance Only'!B12)*100 -> 2.8685076 | DJ9: =DK8 -> 652520 | DK9: 653160 | DL9: =MAX(0,DK9-DJ9) -> 640 | DM9: =DL9-DL8 -> 0 | DN9: =(DL9/'Finance Only'!B12)*100 -> 2.4477932 | DO9: =DP8 -> 354380 | DP9: 354650 | DQ9: =MAX(0,DP9-DO9) -> 270 | DR9: =DQ9-DQ8 -> -20 | DS9: =(DQ9/'Finance Only'!B12)*100 -> 1.0326627 | DT9: =DU8 -> 117190 | DU9: 117340 | DV9: =MAX(0,DU9-DT9) -> 150 | DW9: =DV9-DV8 -> -20 | DX9: =(DV9/'Finance Only'!B12)*100 -> 0.57370152 | DY9: =DZ8 -> 751820 | DZ9: 752750 | EA9: =MAX(0,DZ9-DY9) -> 930 | EB9: =EA9-EA8 -> -30 | EC9: =(EA9/'Finance Only'!B12)*100 -> 3.5569494 | ED9: =EE8 -> 239620 | EE9: 239870 | EF9: =MAX(0,EE9-ED9) -> 250 | EG9: =EF9-EF8 -> 0 | EH9: =(EF9/'Finance Only'!B12)*100 -> 0.9561692 | EI9: =EJ8 -> 270870 | EJ9: 271450 | EK9: =MAX(0,EJ9-EI9) -> 580 | EL9: =EK9-EK8 -> 580 | EM9: =(EK9/'Finance Only'!B12)*100 -> 2.2183126 | EN9: =EO8 -> 443280 | EO9: 444200 | EP9: =MAX(0,EO9-EN9) -> 920 | EQ9: =EP9-EP8 -> 920 | ER9: =(EP9/'Finance Only'!B12)*100 -> 3.5187027 | ES9: =ET8 -> 0 | EU9: =MAX(0,ET9-ES9) -> 0 | EV9: =EU9-EU8 -> 0 | EW9: =(EU9/'Finance Only'!B12)*100 -> 0 | EX9: =EY8 -> 0 | EZ9: =MAX(0,EY9-EX9) -> 0 | FA9: =EZ9-EZ8 -> 0 | FB9: =(EZ9/'Finance Only'!G12)*100 -> 0 | FC9: =FD8 -> 0 | FE9: =MAX(0,FD9-FC9) -> 0 | FF9: =FE9-FE8 -> 0 | FG9: =(FE9/'Finance Only'!M12)*100 -> #DIV/0! | FM9: =FN8 -> 0 | FO9: =MAX(0,FN9-FM9) -> 0 | FP9: =FO9-FO8 -> 0 | FQ9: =(FO9/'Finance Only'!R12)*100 -> #DIV/0! | FR9: =FS8 -> 0 | FT9: =MAX(0,FS9-FR9) -> 0 | FU9: =FT9-FT8 -> 0 | FV9: =(FT9/'Finance Only'!W12)*100 -> #DIV/0! | FW9: =FX8 -> 0 | FY9: =MAX(0,FX9-FW9) -> 0 | FZ9: =FY9-FY8 -> 0 | GA9: =(FY9/'Finance Only'!AB12)*100 -> #DIV/0! | GC9: =SUM(E9+J9) -> 8500 | GE9: =SUM(T9+Y9+EA9+EF9+EK9+EP9) -> 7953 | GG9: =SUM(AO9+AT9) -> 2100 | GI9: =SUM(AY9+BD9+BI9) -> 4490 | GK9: =SUM(BN9+BS9+EU9) -> 660 | GM9: =SUM(EZ9+FE9) -> 0
A10: 6 | B10: ='Finance Only'!G13 -> 31.1 | C10: =D9 -> 27200932 | D10: 27205374 | E10: =MAX(0,D10-C10) -> 4442 | F10: =E10-E9 -> 286 | G10: =(E10/'Finance Only'!B13)*100 -> 16.549925 | H10: =I9 -> 25137056 | I10: 25141537 | J10: =MAX(0,I10-H10) -> 4481 | K10: =J10-J9 -> 137 | L10: =(J10/'Finance Only'!B13)*100 -> 16.695231 | M10: =N9 -> 92528288 | N10: 92540349 | O10: =MAX(0,N10-M10) -> 12061 | P10: =O10-O9 -> 681 | Q10: =(O10/'Finance Only'!B13)*100 -> 44.936662 | R10: =S9 -> 3158700 | S10: 3161400 | T10: =MAX(0,S10-R10) -> 2700 | U10: =T10-T9 -> 200 | V10: =(T10/'Finance Only'!B13)*100 -> 10.059613 | W10: =X9 -> 4242441 | X10: 4245339 | Y10: =MAX(0,X10-W10) -> 2898 | Z10: =Y10-Y9 -> 125 | AA10: =(Y10/'Finance Only'!B13)*100 -> 10.797317 | AB10: =AC9 -> 2758300 | AC10: 2760200 | AD10: =MAX(0,AC10-AB10) -> 1900 | AE10: =AD10/WATER!V11 -> 4.9350649 | AF10: =AD10-AD9 -> 200 | AG10: =(AD10/'Finance Only'!B13)*100 -> 7.0789866 | AH10: =AI9 -> 1107369 | AI10: 1107871 | AJ10: =MAX(0,AI10-AH10) -> 502 | AK10: =AJ10-AJ9 -> 8 | AL10: =(AJ10/'Finance Only'!B13)*100 -> 1.8703428 | AM10: =AN9 -> 1123700 | AN10: 1124400 | AO10: =MAX(0,AN10-AM10) -> 700 | AP10: =AO10-AO9 -> 0 | AQ10: =(AO10/'Finance Only'!B13)*100 -> 2.6080477 | AR10: =AS9 -> 2508300 | AS10: 2509800 | AT10: =MAX(0,AS10-AR10) -> 1500 | AU10: =AT10-AT9 -> 100 | AV10: =(AT10/'Finance Only'!B13)*100 -> 5.5886736 | AW10: =AX9 -> 274310 | AX10: 278460 | AY10: =MAX(0,AX10-AW10) -> 4150 | AZ10: =AY10-AY9 -> 360 | BA10: =(AY10/'Finance Only'!B13)*100 -> 15.461997 | BB10: =BC9 -> 1009800 | BC10: 1010200 | BD10: =MAX(0,BC10-BB10) -> 400 | BE10: =BD10-BD9 -> 0 | BF10: =(BD10/'Finance Only'!B13)*100 -> 1.490313 | BG10: =BH9 -> 1082800 | BH10: 1083000 | BI10: =MAX(0,BH10-BG10) -> 200 | BJ10: =BI10-BI9 -> -100 | BK10: =(BI10/'Finance Only'!B13)*100 -> 0.74515648 | BL10: =BM9 -> 1611200 | BM10: 1611800 | BN10: =MAX(0,BM10-BL10) -> 600 | BO10: =BN10-BN9 -> 100 | BP10: =(BN10/'Finance Only'!B13)*100 -> 2.2354694 | BQ10: =BR9 -> 141550 | BR10: 141700 | BS10: =MAX(0,BR10-BQ10) -> 150 | BT10: =BS10-BS9 -> -10 | BU10: =(BS10/'Finance Only'!B13)*100 -> 0.55886736 | BV10: =BW9 -> 597090 | BW10: 597490 | BX10: =MAX(0,BW10-BV10) -> 400 | BY10: =BX10-BX9 -> 0 | BZ10: =(BX10/'Finance Only'!B13)*100 -> 1.490313 | CA10: =CB9 -> 1121000 | CB10: 1122200 | CC10: =MAX(0,CB10-CA10) -> 1200 | CD10: =CC10-CC9 -> 0 | CE10: =(CC10/'Finance Only'!B13)*100 -> 4.4709389 | CF10: =CG9 -> 368790 | CG10: 369280 | CH10: =MAX(0,CG10-CF10) -> 490 | CI10: =CH10-CH9 -> 60 | CJ10: =(CH10/'Finance Only'!B13)*100 -> 1.8256334 | CK10: =CL9 -> 856350 | CL10: 857260 | CM10: =MAX(0,CL10-CK10) -> 910 | CN10: =CM10-CM9 -> 40 | CO10: =(CM10/'Finance Only'!B13)*100 -> 3.390462 | CP10: =CQ9 -> 709790 | CQ10: 710650 | CR10: =MAX(0,CQ10-CP10) -> 860 | CS10: =CR10-CR9 -> -10 | CT10: =(CR10/'Finance Only'!B13)*100 -> 3.2041729 | CU10: =CV9 -> 588350 | CV10: 589010 | CW10: =MAX(0,CV10-CU10) -> 660 | CX10: =CW10-CW9 -> 20 | CY10: =(CW10/'Finance Only'!B13)*100 -> 2.4590164 | CZ10: =DA9 -> 983000 | DA10: 984250 | DB10: =MAX(0,DA10-CZ10) -> 1250 | DC10: =DB10-DB9 -> 120 | DD10: =(DB10/'Finance Only'!B13)*100 -> 4.657228 | DE10: =DF9 -> 753640 | DF10: 754510 | DG10: =MAX(0,DF10-DE10) -> 870 | DH10: =DG10-DG9 -> 120 | DI10: =(DG10/'Finance Only'!B13)*100 -> 3.2414307 | DJ10: =DK9 -> 653160 | DK10: 653840 | DL10: =MAX(0,DK10-DJ10) -> 680 | DM10: =DL10-DL9 -> 40 | DN10: =(DL10/'Finance Only'!B13)*100 -> 2.533532 | DO10: =DP9 -> 354650 | DP10: 354890 | DQ10: =MAX(0,DP10-DO10) -> 240 | DR10: =DQ10-DQ9 -> -30 | DS10: =(DQ10/'Finance Only'!B13)*100 -> 0.89418778 | DT10: =DU9 -> 117340 | DU10: 117460 | DV10: =MAX(0,DU10-DT10) -> 120 | DW10: =DV10-DV9 -> -30 | DX10: =(DV10/'Finance Only'!B13)*100 -> 0.44709389 | DY10: =DZ9 -> 752750 | DZ10: 753770 | EA10: =MAX(0,DZ10-DY10) -> 1020 | EB10: =EA10-EA9 -> 90 | EC10: =(EA10/'Finance Only'!B13)*100 -> 3.8002981 | ED10: =EE9 -> 239870 | EE10: 240170 | EF10: =MAX(0,EE10-ED10) -> 300 | EG10: =EF10-EF9 -> 50 | EH10: =(EF10/'Finance Only'!B13)*100 -> 1.1177347 | EI10: =EJ9 -> 271450 | EJ10: 271810 | EK10: =MAX(0,EJ10-EI10) -> 360 | EL10: =EK10-EK9 -> -220 | EM10: =(EK10/'Finance Only'!B13)*100 -> 1.3412817 | EN10: =EO9 -> 444200 | EO10: 444740 | EP10: =MAX(0,EO10-EN10) -> 540 | EQ10: =EP10-EP9 -> -380 | ER10: =(EP10/'Finance Only'!B13)*100 -> 2.0119225 | ES10: =ET9 -> 0 | EU10: =MAX(0,ET10-ES10) -> 0 | EV10: =EU10-EU9 -> 0 | EW10: =(EU10/'Finance Only'!B13)*100 -> 0 | EX10: =EY9 -> 0 | EZ10: =MAX(0,EY10-EX10) -> 0 | FA10: =EZ10-EZ9 -> 0 | FB10: =(EZ10/'Finance Only'!G13)*100 -> 0 | FC10: =FD9 -> 0 | FE10: =MAX(0,FD10-FC10) -> 0 | FF10: =FE10-FE9 -> 0 | FG10: =(FE10/'Finance Only'!M13)*100 -> #DIV/0! | FM10: =FN9 -> 0 | FO10: =MAX(0,FN10-FM10) -> 0 | FP10: =FO10-FO9 -> 0 | FQ10: =(FO10/'Finance Only'!R13)*100 -> #DIV/0! | FR10: =FS9 -> 0 | FT10: =MAX(0,FS10-FR10) -> 0 | FU10: =FT10-FT9 -> 0 | FV10: =(FT10/'Finance Only'!W13)*100 -> #DIV/0! | FW10: =FX9 -> 0 | FY10: =MAX(0,FX10-FW10) -> 0 | FZ10: =FY10-FY9 -> 0 | GA10: =(FY10/'Finance Only'!AB13)*100 -> #DIV/0! | GC10: =SUM(E10+J10) -> 8923 | GE10: =SUM(T10+Y10+EA10+EF10+EK10+EP10) -> 7818 | GG10: =SUM(AO10+AT10) -> 2200 | GI10: =SUM(AY10+BD10+BI10) -> 4750 | GK10: =SUM(BN10+BS10+EU10) -> 750 | GM10: =SUM(EZ10+FE10) -> 0
A11: 7 | B11: ='Finance Only'!G14 -> 29.1 | C11: =D10 -> 27205374 | D11: 27209776 | E11: =MAX(0,D11-C11) -> 4402 | F11: =E11-E10 -> -40 | G11: =(E11/'Finance Only'!B14)*100 -> 16.735097 | H11: =I10 -> 25141537 | I11: 25145678 | J11: =MAX(0,I11-H11) -> 4141 | K11: =J11-J10 -> -340 | L11: =(J11/'Finance Only'!B14)*100 -> 15.742853 | M11: =N10 -> 92540349 | N11: 92552125 | O11: =MAX(0,N11-M11) -> 11776 | P11: =O11-O10 -> -285 | Q11: =(O11/'Finance Only'!B14)*100 -> 44.768856 | R11: =S10 -> 3161400 | S11: 3163800 | T11: =MAX(0,S11-R11) -> 2400 | U11: =T11-T10 -> -300 | V11: =(T11/'Finance Only'!B14)*100 -> 9.1240876 | W11: =X10 -> 4245339 | X11: 4248150 | Y11: =MAX(0,X11-W11) -> 2811 | Z11: =Y11-Y10 -> -87 | AA11: =(Y11/'Finance Only'!B14)*100 -> 10.686588 | AB11: =AC10 -> 2760200 | AC11: 2762100 | AD11: =MAX(0,AC11-AB11) -> 1900 | AE11: =AD11/WATER!V12 -> 5.0938338 | AF11: =AD11-AD10 -> 0 | AG11: =(AD11/'Finance Only'!B14)*100 -> 7.223236 | AH11: =AI10 -> 1107871 | AI11: 1108329 | AJ11: =MAX(0,AI11-AH11) -> 458 | AK11: =AJ11-AJ10 -> -44 | AL11: =(AJ11/'Finance Only'!B14)*100 -> 1.74118 | AM11: =AN10 -> 1124400 | AN11: 1125100 | AO11: =MAX(0,AN11-AM11) -> 700 | AP11: =AO11-AO10 -> 0 | AQ11: =(AO11/'Finance Only'!B14)*100 -> 2.6611922 | AR11: =AS10 -> 2509800 | AS11: 2511100 | AT11: =MAX(0,AS11-AR11) -> 1300 | AU11: =AT11-AT10 -> -200 | AV11: =(AT11/'Finance Only'!B14)*100 -> 4.9422141 | AW11: =AX10 -> 278460 | AX11: 282370 | AY11: =MAX(0,AX11-AW11) -> 3910 | AZ11: =AY11-AY10 -> -240 | BA11: =(AY11/'Finance Only'!B14)*100 -> 14.864659 | BB11: =BC10 -> 1010200 | BC11: 1010600 | BD11: =MAX(0,BC11-BB11) -> 400 | BE11: =BD11-BD10 -> 0 | BF11: =(BD11/'Finance Only'!B14)*100 -> 1.5206813 | BG11: =BH10 -> 1083000 | BH11: 1083300 | BI11: =MAX(0,BH11-BG11) -> 300 | BJ11: =BI11-BI10 -> 100 | BK11: =(BI11/'Finance Only'!B14)*100 -> 1.1405109 | BL11: =BM10 -> 1611800 | BM11: 1612300 | BN11: =MAX(0,BM11-BL11) -> 500 | BO11: =BN11-BN10 -> -100 | BP11: =(BN11/'Finance Only'!B14)*100 -> 1.9008516 | BQ11: =BR10 -> 141700 | BR11: 141860 | BS11: =MAX(0,BR11-BQ11) -> 160 | BT11: =BS11-BS10 -> 10 | BU11: =(BS11/'Finance Only'!B14)*100 -> 0.60827251 | BV11: =BW10 -> 597490 | BW11: 597940 | BX11: =MAX(0,BW11-BV11) -> 450 | BY11: =BX11-BX10 -> 50 | BZ11: =(BX11/'Finance Only'!B14)*100 -> 1.7107664 | CA11: =CB10 -> 1122200 | CB11: 1123300 | CC11: =MAX(0,CB11-CA11) -> 1100 | CD11: =CC11-CC10 -> -100 | CE11: =(CC11/'Finance Only'!B14)*100 -> 4.1818735 | CF11: =CG10 -> 369280 | CG11: 369740 | CH11: =MAX(0,CG11-CF11) -> 460 | CI11: =CH11-CH10 -> -30 | CJ11: =(CH11/'Finance Only'!B14)*100 -> 1.7487835 | CK11: =CL10 -> 857260 | CL11: 858070 | CM11: =MAX(0,CL11-CK11) -> 810 | CN11: =CM11-CM10 -> -100 | CO11: =(CM11/'Finance Only'!B14)*100 -> 3.0793796 | CP11: =CQ10 -> 710650 | CQ11: 711560 | CR11: =MAX(0,CQ11-CP11) -> 910 | CS11: =CR11-CR10 -> 50 | CT11: =(CR11/'Finance Only'!B14)*100 -> 3.4595499 | CU11: =CV10 -> 589010 | CV11: 589560 | CW11: =MAX(0,CV11-CU11) -> 550 | CX11: =CW11-CW10 -> -110 | CY11: =(CW11/'Finance Only'!B14)*100 -> 2.0909367 | CZ11: =DA10 -> 984250 | DA11: 985300 | DB11: =MAX(0,DA11-CZ11) -> 1050 | DC11: =DB11-DB10 -> -200 | DD11: =(DB11/'Finance Only'!B14)*100 -> 3.9917883 | DE11: =DF10 -> 754510 | DF11: 755250 | DG11: =MAX(0,DF11-DE11) -> 740 | DH11: =DG11-DG10 -> -130 | DI11: =(DG11/'Finance Only'!B14)*100 -> 2.8132603 | DJ11: =DK10 -> 653840 | DK11: 654450 | DL11: =MAX(0,DK11-DJ11) -> 610 | DM11: =DL11-DL10 -> -70 | DN11: =(DL11/'Finance Only'!B14)*100 -> 2.3190389 | DO11: =DP10 -> 354890 | DP11: 355240 | DQ11: =MAX(0,DP11-DO11) -> 350 | DR11: =DQ11-DQ10 -> 110 | DS11: =(DQ11/'Finance Only'!B14)*100 -> 1.3305961 | DT11: =DU10 -> 117460 | DU11: 117580 | DV11: =MAX(0,DU11-DT11) -> 120 | DW11: =DV11-DV10 -> 0 | DX11: =(DV11/'Finance Only'!B14)*100 -> 0.45620438 | DY11: =DZ10 -> 753770 | DZ11: 754770 | EA11: =MAX(0,DZ11-DY11) -> 1000 | EB11: =EA11-EA10 -> -20 | EC11: =(EA11/'Finance Only'!B14)*100 -> 3.8017032 | ED11: =EE10 -> 240170 | EE11: 240420 | EF11: =MAX(0,EE11-ED11) -> 250 | EG11: =EF11-EF10 -> -50 | EH11: =(EF11/'Finance Only'!B14)*100 -> 0.95042579 | EI11: =EJ10 -> 271810 | EJ11: 272140 | EK11: =MAX(0,EJ11-EI11) -> 330 | EL11: =EK11-EK10 -> -30 | EM11: =(EK11/'Finance Only'!B14)*100 -> 1.254562 | EN11: =EO10 -> 444740 | EO11: 445250 | EP11: =MAX(0,EO11-EN11) -> 510 | EQ11: =EP11-EP10 -> -30 | ER11: =(EP11/'Finance Only'!B14)*100 -> 1.9388686 | ES11: =ET10 -> 0 | EU11: =MAX(0,ET11-ES11) -> 0 | EV11: =EU11-EU10 -> 0 | EW11: =(EU11/'Finance Only'!B14)*100 -> 0 | EX11: =EY10 -> 0 | EZ11: =MAX(0,EY11-EX11) -> 0 | FA11: =EZ11-EZ10 -> 0 | FB11: =(EZ11/'Finance Only'!G14)*100 -> 0 | FC11: =FD10 -> 0 | FE11: =MAX(0,FD11-FC11) -> 0 | FF11: =FE11-FE10 -> 0 | FG11: =(FE11/'Finance Only'!M14)*100 -> #DIV/0! | FM11: =FN10 -> 0 | FO11: =MAX(0,FN11-FM11) -> 0 | FP11: =FO11-FO10 -> 0 | FQ11: =(FO11/'Finance Only'!R14)*100 -> #DIV/0! | FR11: =FS10 -> 0 | FT11: =MAX(0,FS11-FR11) -> 0 | FU11: =FT11-FT10 -> 0 | FV11: =(FT11/'Finance Only'!W14)*100 -> #DIV/0! | FW11: =FX10 -> 0 | FY11: =MAX(0,FX11-FW11) -> 0 | FZ11: =FY11-FY10 -> 0 | GA11: =(FY11/'Finance Only'!AB14)*100 -> #DIV/0! | GC11: =SUM(E11+J11) -> 8543 | GE11: =SUM(T11+Y11+EA11+EF11+EK11+EP11) -> 7301 | GG11: =SUM(AO11+AT11) -> 2000 | GI11: =SUM(AY11+BD11+BI11) -> 4610 | GK11: =SUM(BN11+BS11+EU11) -> 660 | GM11: =SUM(EZ11+FE11) -> 0
A12: 8 | B12: ='Finance Only'!G15 -> 34 | C12: =D11 -> 27209776 | D12: 27214180 | E12: =MAX(0,D12-C12) -> 4404 | F12: =E12-E11 -> 2 | G12: =(E12/'Finance Only'!B15)*100 -> 16.542709 | H12: =I11 -> 25145678 | I12: 25149741 | J12: =MAX(0,I12-H12) -> 4063 | K12: =J12-J11 -> -78 | L12: =(J12/'Finance Only'!B15)*100 -> 15.261814 | M12: =N11 -> 92552125 | N12: 92563838 | O12: =MAX(0,N12-M12) -> 11713 | P12: =O12-O11 -> -63 | Q12: =(O12/'Finance Only'!B15)*100 -> 43.997446 | R12: =S11 -> 3163800 | S12: 3166200 | T12: =MAX(0,S12-R12) -> 2400 | U12: =T12-T11 -> 0 | V12: =(T12/'Finance Only'!B15)*100 -> 9.0151003 | W12: =X11 -> 4248150 | X12: 4251093 | Y12: =MAX(0,X12-W12) -> 2943 | Z12: =Y12-Y11 -> 132 | AA12: =(Y12/'Finance Only'!B15)*100 -> 11.054767 | AB12: =AC11 -> 2762100 | AC12: 2764000 | AD12: =MAX(0,AC12-AB12) -> 1900 | AE12: =AD12/WATER!V13 -> 4.7029703 | AF12: =AD12-AD11 -> 0 | AG12: =(AD12/'Finance Only'!B15)*100 -> 7.1369544 | AH12: =AI11 -> 1108329 | AI12: 1108829 | AJ12: =MAX(0,AI12-AH12) -> 500 | AK12: =AJ12-AJ11 -> 42 | AL12: =(AJ12/'Finance Only'!B15)*100 -> 1.8781459 | AM12: =AN11 -> 1125100 | AN12: 1125900 | AO12: =MAX(0,AN12-AM12) -> 800 | AP12: =AO12-AO11 -> 100 | AQ12: =(AO12/'Finance Only'!B15)*100 -> 3.0050334 | AR12: =AS11 -> 2511100 | AS12: 2512700 | AT12: =MAX(0,AS12-AR12) -> 1600 | AU12: =AT12-AT11 -> 300 | AV12: =(AT12/'Finance Only'!B15)*100 -> 6.0100669 | AW12: =AX11 -> 282370 | AX12: 286390 | AY12: =MAX(0,AX12-AW12) -> 4020 | AZ12: =AY12-AY11 -> 110 | BA12: =(AY12/'Finance Only'!B15)*100 -> 15.100293 | BB12: =BC11 -> 1010600 | BC12: 1011000 | BD12: =MAX(0,BC12-BB12) -> 400 | BE12: =BD12-BD11 -> 0 | BF12: =(BD12/'Finance Only'!B15)*100 -> 1.5025167 | BG12: =BH11 -> 1083300 | BH12: 1083600 | BI12: =MAX(0,BH12-BG12) -> 300 | BJ12: =BI12-BI11 -> 0 | BK12: =(BI12/'Finance Only'!B15)*100 -> 1.1268875 | BL12: =BM11 -> 1612300 | BM12: 1612900 | BN12: =MAX(0,BM12-BL12) -> 600 | BO12: =BN12-BN11 -> 100 | BP12: =(BN12/'Finance Only'!B15)*100 -> 2.2537751 | BQ12: =BR11 -> 141860 | BR12: 142010 | BS12: =MAX(0,BR12-BQ12) -> 150 | BT12: =BS12-BS11 -> -10 | BU12: =(BS12/'Finance Only'!B15)*100 -> 0.56344377 | BV12: =BW11 -> 597940 | BW12: 598390 | BX12: =MAX(0,BW12-BV12) -> 450 | BY12: =BX12-BX11 -> 0 | BZ12: =(BX12/'Finance Only'!B15)*100 -> 1.6903313 | CA12: =CB11 -> 1123300 | CB12: 1124500 | CC12: =MAX(0,CB12-CA12) -> 1200 | CD12: =CC12-CC11 -> 100 | CE12: =(CC12/'Finance Only'!B15)*100 -> 4.5075501 | CF12: =CG11 -> 369740 | CG12: 370170 | CH12: =MAX(0,CG12-CF12) -> 430 | CI12: =CH12-CH11 -> -30 | CJ12: =(CH12/'Finance Only'!B15)*100 -> 1.6152055 | CK12: =CL11 -> 858070 | CL12: 859110 | CM12: =MAX(0,CL12-CK12) -> 1040 | CN12: =CM12-CM11 -> 230 | CO12: =(CM12/'Finance Only'!B15)*100 -> 3.9065435 | CP12: =CQ11 -> 711560 | CQ12: 712520 | CR12: =MAX(0,CQ12-CP12) -> 960 | CS12: =CR12-CR11 -> 50 | CT12: =(CR12/'Finance Only'!B15)*100 -> 3.6060401 | CU12: =CV11 -> 589560 | CV12: 590150 | CW12: =MAX(0,CV12-CU12) -> 590 | CX12: =CW12-CW11 -> 40 | CY12: =(CW12/'Finance Only'!B15)*100 -> 2.2162122 | CZ12: =DA11 -> 985300 | DA12: 986370 | DB12: =MAX(0,DA12-CZ12) -> 1070 | DC12: =DB12-DB11 -> 20 | DD12: =(DB12/'Finance Only'!B15)*100 -> 4.0192322 | DE12: =DF11 -> 755250 | DF12: 756030 | DG12: =MAX(0,DF12-DE12) -> 780 | DH12: =DG12-DG11 -> 40 | DI12: =(DG12/'Finance Only'!B15)*100 -> 2.9299076 | DJ12: =DK11 -> 654450 | DK12: 655090 | DL12: =MAX(0,DK12-DJ12) -> 640 | DM12: =DL12-DL11 -> 30 | DN12: =(DL12/'Finance Only'!B15)*100 -> 2.4040267 | DO12: =DP11 -> 355240 | DP12: 355530 | DQ12: =MAX(0,DP12-DO12) -> 290 | DR12: =DQ12-DQ11 -> -60 | DS12: =(DQ12/'Finance Only'!B15)*100 -> 1.0893246 | DT12: =DU11 -> 117580 | DU12: 117730 | DV12: =MAX(0,DU12-DT12) -> 150 | DW12: =DV12-DV11 -> 30 | DX12: =(DV12/'Finance Only'!B15)*100 -> 0.56344377 | DY12: =DZ11 -> 754770 | DZ12: 755880 | EA12: =MAX(0,DZ12-DY12) -> 1110 | EB12: =EA12-EA11 -> 110 | EC12: =(EA12/'Finance Only'!B15)*100 -> 4.1694839 | ED12: =EE11 -> 240420 | EE12: 240640 | EF12: =MAX(0,EE12-ED12) -> 220 | EG12: =EF12-EF11 -> -30 | EH12: =(EF12/'Finance Only'!B15)*100 -> 0.82638419 | EI12: =EJ11 -> 272140 | EJ12: 272510 | EK12: =MAX(0,EJ12-EI12) -> 370 | EL12: =EK12-EK11 -> 40 | EM12: =(EK12/'Finance Only'!B15)*100 -> 1.389828 | EN12: =EO11 -> 445250 | EO12: 445710 | EP12: =MAX(0,EO12-EN12) -> 460 | EQ12: =EP12-EP11 -> -50 | ER12: =(EP12/'Finance Only'!B15)*100 -> 1.7278942 | ES12: =ET11 -> 0 | EU12: =MAX(0,ET12-ES12) -> 0 | EV12: =EU12-EU11 -> 0 | EW12: =(EU12/'Finance Only'!B15)*100 -> 0 | EX12: =EY11 -> 0 | EZ12: =MAX(0,EY12-EX12) -> 0 | FA12: =EZ12-EZ11 -> 0 | FB12: =(EZ12/'Finance Only'!G15)*100 -> 0 | FC12: =FD11 -> 0 | FE12: =MAX(0,FD12-FC12) -> 0 | FF12: =FE12-FE11 -> 0 | FG12: =(FE12/'Finance Only'!M15)*100 -> #DIV/0! | FM12: =FN11 -> 0 | FO12: =MAX(0,FN12-FM12) -> 0 | FP12: =FO12-FO11 -> 0 | FQ12: =(FO12/'Finance Only'!R15)*100 -> #DIV/0! | FR12: =FS11 -> 0 | FT12: =MAX(0,FS12-FR12) -> 0 | FU12: =FT12-FT11 -> 0 | FV12: =(FT12/'Finance Only'!W15)*100 -> #DIV/0! | FW12: =FX11 -> 0 | FY12: =MAX(0,FX12-FW12) -> 0 | FZ12: =FY12-FY11 -> 0 | GA12: =(FY12/'Finance Only'!AB15)*100 -> #DIV/0! | GC12: =SUM(E12+J12) -> 8467 | GE12: =SUM(T12+Y12+EA12+EF12+EK12+EP12) -> 7503 | GG12: =SUM(AO12+AT12) -> 2400 | GI12: =SUM(AY12+BD12+BI12) -> 4720 | GK12: =SUM(BN12+BS12+EU12) -> 750 | GM12: =SUM(EZ12+FE12) -> 0
A13: 9 | B13: ='Finance Only'!G16 -> 29.1 | C13: =D12 -> 27214180 | D13: 27218496 | E13: =MAX(0,D13-C13) -> 4316 | F13: =E13-E12 -> -88 | G13: =(E13/'Finance Only'!B16)*100 -> 16.18055 | H13: =I12 -> 25149741 | I13: 25153508 | J13: =MAX(0,I13-H13) -> 3767 | K13: =J13-J12 -> -296 | L13: =(J13/'Finance Only'!B16)*100 -> 14.122366 | M13: =N12 -> 92563838 | N13: 92575846 | O13: =MAX(0,N13-M13) -> 12008 | P13: =O13-O12 -> 295 | Q13: =(O13/'Finance Only'!B16)*100 -> 45.01762 | R13: =S12 -> 3166200 | S13: 3168700 | T13: =MAX(0,S13-R13) -> 2500 | U13: =T13-T12 -> 100 | V13: =(T13/'Finance Only'!B16)*100 -> 9.3724226 | W13: =X12 -> 4251093 | X13: 4254002 | Y13: =MAX(0,X13-W13) -> 2909 | Z13: =Y13-Y12 -> -34 | AA13: =(Y13/'Finance Only'!B16)*100 -> 10.905751 | AB13: =AC12 -> 2764000 | AC13: 2765800 | AD13: =MAX(0,AC13-AB13) -> 1800 | AE13: =AD13/WATER!V14 -> 5.0561798 | AF13: =AD13-AD12 -> -100 | AG13: =(AD13/'Finance Only'!B16)*100 -> 6.7481443 | AH13: =AI12 -> 1108829 | AI13: 1109335 | AJ13: =MAX(0,AI13-AH13) -> 506 | AK13: =AJ13-AJ12 -> 6 | AL13: =(AJ13/'Finance Only'!B16)*100 -> 1.8969783 | AM13: =AN12 -> 1125900 | AN13: 1126600 | AO13: =MAX(0,AN13-AM13) -> 700 | AP13: =AO13-AO12 -> -100 | AQ13: =(AO13/'Finance Only'!B16)*100 -> 2.6242783 | AR13: =AS12 -> 2512700 | AS13: 2514500 | AT13: =MAX(0,AS13-AR13) -> 1800 | AU13: =AT13-AT12 -> 200 | AV13: =(AT13/'Finance Only'!B16)*100 -> 6.7481443 | AW13: =AX12 -> 286390 | AX13: 290340 | AY13: =MAX(0,AX13-AW13) -> 3950 | AZ13: =AY13-AY12 -> -70 | BA13: =(AY13/'Finance Only'!B16)*100 -> 14.808428 | BB13: =BC12 -> 1011000 | BC13: 1011800 | BD13: =MAX(0,BC13-BB13) -> 800 | BE13: =BD13-BD12 -> 400 | BF13: =(BD13/'Finance Only'!B16)*100 -> 2.9991752 | BG13: =BH12 -> 1083600 | BH13: 1083900 | BI13: =MAX(0,BH13-BG13) -> 300 | BJ13: =BI13-BI12 -> 0 | BK13: =(BI13/'Finance Only'!B16)*100 -> 1.1246907 | BL13: =BM12 -> 1612900 | BM13: 1613500 | BN13: =MAX(0,BM13-BL13) -> 600 | BO13: =BN13-BN12 -> 0 | BP13: =(BN13/'Finance Only'!B16)*100 -> 2.2493814 | BQ13: =BR12 -> 142010 | BR13: 142190 | BS13: =MAX(0,BR13-BQ13) -> 180 | BT13: =BS13-BS12 -> 30 | BU13: =(BS13/'Finance Only'!B16)*100 -> 0.67481443 | BV13: =BW12 -> 598390 | BW13: 598800 | BX13: =MAX(0,BW13-BV13) -> 410 | BY13: =BX13-BX12 -> -40 | BZ13: =(BX13/'Finance Only'!B16)*100 -> 1.5370773 | CA13: =CB12 -> 1124500 | CB13: 1125700 | CC13: =MAX(0,CB13-CA13) -> 1200 | CD13: =CC13-CC12 -> 0 | CE13: =(CC13/'Finance Only'!B16)*100 -> 4.4987628 | CF13: =CG12 -> 370170 | CG13: 370550 | CH13: =MAX(0,CG13-CF13) -> 380 | CI13: =CH13-CH12 -> -50 | CJ13: =(CH13/'Finance Only'!B16)*100 -> 1.4246082 | CK13: =CL12 -> 859110 | CL13: 859930 | CM13: =MAX(0,CL13-CK13) -> 820 | CN13: =CM13-CM12 -> -220 | CO13: =(CM13/'Finance Only'!B16)*100 -> 3.0741546 | CP13: =CQ12 -> 712520 | CQ13: 713250 | CR13: =MAX(0,CQ13-CP13) -> 730 | CS13: =CR13-CR12 -> -230 | CT13: =(CR13/'Finance Only'!B16)*100 -> 2.7367474 | CU13: =CV12 -> 590150 | CV13: 590630 | CW13: =MAX(0,CV13-CU13) -> 480 | CX13: =CW13-CW12 -> -110 | CY13: =(CW13/'Finance Only'!B16)*100 -> 1.7995051 | CZ13: =DA12 -> 986370 | DA13: 986370 | DB13: =MAX(0,DA13-CZ13) -> 0 | DC13: =DB13-DB12 -> -1070 | DD13: =(DB13/'Finance Only'!B16)*100 -> 0 | DE13: =DF12 -> 756030 | DF13: 756720 | DG13: =MAX(0,DF13-DE13) -> 690 | DH13: =DG13-DG12 -> -90 | DI13: =(DG13/'Finance Only'!B16)*100 -> 2.5867886 | DJ13: =DK12 -> 655090 | DK13: 655630 | DL13: =MAX(0,DK13-DJ13) -> 540 | DM13: =DL13-DL12 -> -100 | DN13: =(DL13/'Finance Only'!B16)*100 -> 2.0244433 | DO13: =DP12 -> 355530 | DP13: 355790 | DQ13: =MAX(0,DP13-DO13) -> 260 | DR13: =DQ13-DQ12 -> -30 | DS13: =(DQ13/'Finance Only'!B16)*100 -> 0.97473195 | DT13: =DU12 -> 117730 | DU13: 117840 | DV13: =MAX(0,DU13-DT13) -> 110 | DW13: =DV13-DV12 -> -40 | DX13: =(DV13/'Finance Only'!B16)*100 -> 0.41238659 | DY13: =DZ12 -> 755880 | DZ13: 756750 | EA13: =MAX(0,DZ13-DY13) -> 870 | EB13: =EA13-EA12 -> -240 | EC13: =(EA13/'Finance Only'!B16)*100 -> 3.2616031 | ED13: =EE12 -> 240640 | EE13: 240840 | EF13: =MAX(0,EE13-ED13) -> 200 | EG13: =EF13-EF12 -> -20 | EH13: =(EF13/'Finance Only'!B16)*100 -> 0.74979381 | EI13: =EJ12 -> 272510 | EJ13: 272940 | EK13: =MAX(0,EJ13-EI13) -> 430 | EL13: =EK13-EK12 -> 60 | EM13: =(EK13/'Finance Only'!B16)*100 -> 1.6120567 | EN13: =EO12 -> 445710 | EO13: 446230 | EP13: =MAX(0,EO13-EN13) -> 520 | EQ13: =EP13-EP12 -> 60 | ER13: =(EP13/'Finance Only'!B16)*100 -> 1.9494639 | ES13: =ET12 -> 0 | EU13: =MAX(0,ET13-ES13) -> 0 | EV13: =EU13-EU12 -> 0 | EW13: =(EU13/'Finance Only'!B16)*100 -> 0 | EX13: =EY12 -> 0 | EZ13: =MAX(0,EY13-EX13) -> 0 | FA13: =EZ13-EZ12 -> 0 | FB13: =(EZ13/'Finance Only'!G16)*100 -> 0 | FC13: =FD12 -> 0 | FE13: =MAX(0,FD13-FC13) -> 0 | FF13: =FE13-FE12 -> 0 | FG13: =(FE13/'Finance Only'!M16)*100 -> #DIV/0! | FM13: =FN12 -> 0 | FO13: =MAX(0,FN13-FM13) -> 0 | FP13: =FO13-FO12 -> 0 | FQ13: =(FO13/'Finance Only'!R16)*100 -> #DIV/0! | FR13: =FS12 -> 0 | FT13: =MAX(0,FS13-FR13) -> 0 | FU13: =FT13-FT12 -> 0 | FV13: =(FT13/'Finance Only'!W16)*100 -> #DIV/0! | FW13: =FX12 -> 0 | FY13: =MAX(0,FX13-FW13) -> 0 | FZ13: =FY13-FY12 -> 0 | GA13: =(FY13/'Finance Only'!AB16)*100 -> #DIV/0! | GC13: =SUM(E13+J13) -> 8083 | GE13: =SUM(T13+Y13+EA13+EF13+EK13+EP13) -> 7429 | GG13: =SUM(AO13+AT13) -> 2500 | GI13: =SUM(AY13+BD13+BI13) -> 5050 | GK13: =SUM(BN13+BS13+EU13) -> 780 | GM13: =SUM(EZ13+FE13) -> 0
A14: 10 | B14: ='Finance Only'!G17 -> 27.2 | C14: =D13 -> 27218496 | D14: 27222812 | E14: =MAX(0,D14-C14) -> 4316 | F14: =E14-E13 -> 0 | G14: =(E14/'Finance Only'!B17)*100 -> 16.432515 | H14: =I13 -> 25153508 | I14: 25157275 | J14: =MAX(0,I14-H14) -> 3767 | K14: =J14-J13 -> 0 | L14: =(J14/'Finance Only'!B17)*100 -> 14.342281 | M14: =N13 -> 92575846 | N14: 92587854 | O14: =MAX(0,N14-M14) -> 12008 | P14: =O14-O13 -> 0 | Q14: =(O14/'Finance Only'!B17)*100 -> 45.718637 | R14: =S13 -> 3168700 | S14: 3171200 | T14: =MAX(0,S14-R14) -> 2500 | U14: =T14-T13 -> 0 | V14: =(T14/'Finance Only'!B17)*100 -> 9.5183705 | W14: =X13 -> 4254002 | X14: 4256901 | Y14: =MAX(0,X14-W14) -> 2899 | Z14: =Y14-Y13 -> -10 | AA14: =(Y14/'Finance Only'!B17)*100 -> 11.037502 | AB14: =AC13 -> 2765800 | AC14: 2768000 | AD14: =MAX(0,AC14-AB14) -> 2200 | AE14: =AD14/WATER!V15 -> 4.9107143 | AF14: =AD14-AD13 -> 400 | AG14: =(AD14/'Finance Only'!B17)*100 -> 8.376166 | AH14: =AI13 -> 1109335 | AI14: 1109834 | AJ14: =MAX(0,AI14-AH14) -> 499 | AK14: =AJ14-AJ13 -> -7 | AL14: =(AJ14/'Finance Only'!B17)*100 -> 1.8998667 | AM14: =AN13 -> 1126600 | AN14: 1127300 | AO14: =MAX(0,AN14-AM14) -> 700 | AP14: =AO14-AO13 -> 0 | AQ14: =(AO14/'Finance Only'!B17)*100 -> 2.6651437 | AR14: =AS13 -> 2514500 | AS14: 2515800 | AT14: =MAX(0,AS14-AR14) -> 1300 | AU14: =AT14-AT13 -> -500 | AV14: =(AT14/'Finance Only'!B17)*100 -> 4.9495526 | AW14: =AX13 -> 290340 | AX14: 294200 | AY14: =MAX(0,AX14-AW14) -> 3860 | AZ14: =AY14-AY13 -> -90 | BA14: =(AY14/'Finance Only'!B17)*100 -> 14.696364 | BB14: =BC13 -> 1011800 | BC14: 1011800 | BD14: =MAX(0,BC14-BB14) -> 0 | BE14: =BD14-BD13 -> -800 | BF14: =(BD14/'Finance Only'!B17)*100 -> 0 | BG14: =BH13 -> 1083900 | BH14: 1084100 | BI14: =MAX(0,BH14-BG14) -> 200 | BJ14: =BI14-BI13 -> -100 | BK14: =(BI14/'Finance Only'!B17)*100 -> 0.76146964 | BL14: =BM13 -> 1613500 | BM14: 1614000 | BN14: =MAX(0,BM14-BL14) -> 500 | BO14: =BN14-BN13 -> -100 | BP14: =(BN14/'Finance Only'!B17)*100 -> 1.9036741 | BQ14: =BR13 -> 142190 | BR14: 142400 | BS14: =MAX(0,BR14-BQ14) -> 210 | BT14: =BS14-BS13 -> 30 | BU14: =(BS14/'Finance Only'!B17)*100 -> 0.79954312 | BV14: =BW13 -> 598800 | BW14: 599270 | BX14: =MAX(0,BW14-BV14) -> 470 | BY14: =BX14-BX13 -> 60 | BZ14: =(BX14/'Finance Only'!B17)*100 -> 1.7894536 | CA14: =CB13 -> 1125700 | CB14: 1126800 | CC14: =MAX(0,CB14-CA14) -> 1100 | CD14: =CC14-CC13 -> -100 | CE14: =(CC14/'Finance Only'!B17)*100 -> 4.188083 | CF14: =CG13 -> 370550 | CG14: 371060 | CH14: =MAX(0,CG14-CF14) -> 510 | CI14: =CH14-CH13 -> 130 | CJ14: =(CH14/'Finance Only'!B17)*100 -> 1.9417476 | CK14: =CL13 -> 859930 | CL14: 860760 | CM14: =MAX(0,CL14-CK14) -> 830 | CN14: =CM14-CM13 -> 10 | CO14: =(CM14/'Finance Only'!B17)*100 -> 3.160099 | CP14: =CQ13 -> 713250 | CQ14: 714040 | CR14: =MAX(0,CQ14-CP14) -> 790 | CS14: =CR14-CR13 -> 60 | CT14: =(CR14/'Finance Only'!B17)*100 -> 3.0078051 | CU14: =CV13 -> 590630 | CV14: 591180 | CW14: =MAX(0,CV14-CU14) -> 550 | CX14: =CW14-CW13 -> 70 | CY14: =(CW14/'Finance Only'!B17)*100 -> 2.0940415 | CZ14: =DA13 -> 986370 | DA14: 987220 | DB14: =MAX(0,DA14-CZ14) -> 850 | DC14: =DB14-DB13 -> 850 | DD14: =(DB14/'Finance Only'!B17)*100 -> 3.236246 | DE14: =DF13 -> 756720 | DF14: 757390 | DG14: =MAX(0,DF14-DE14) -> 670 | DH14: =DG14-DG13 -> -20 | DI14: =(DG14/'Finance Only'!B17)*100 -> 2.5509233 | DJ14: =DK13 -> 655630 | DK14: 656190 | DL14: =MAX(0,DK14-DJ14) -> 560 | DM14: =DL14-DL13 -> 20 | DN14: =(DL14/'Finance Only'!B17)*100 -> 2.132115 | DO14: =DP13 -> 355790 | DP14: 356040 | DQ14: =MAX(0,DP14-DO14) -> 250 | DR14: =DQ14-DQ13 -> -10 | DS14: =(DQ14/'Finance Only'!B17)*100 -> 0.95183705 | DT14: =DU13 -> 117840 | DU14: 117980 | DV14: =MAX(0,DU14-DT14) -> 140 | DW14: =DV14-DV13 -> 30 | DX14: =(DV14/'Finance Only'!B17)*100 -> 0.53302875 | DY14: =DZ13 -> 756750 | DZ14: 757720 | EA14: =MAX(0,DZ14-DY14) -> 970 | EB14: =EA14-EA13 -> 100 | EC14: =(EA14/'Finance Only'!B17)*100 -> 3.6931277 | ED14: =EE13 -> 240840 | EE14: 241080 | EF14: =MAX(0,EE14-ED14) -> 240 | EG14: =EF14-EF13 -> 40 | EH14: =(EF14/'Finance Only'!B17)*100 -> 0.91376356 | EI14: =EJ13 -> 272940 | EJ14: 273290 | EK14: =MAX(0,EJ14-EI14) -> 350 | EL14: =EK14-EK13 -> -80 | EM14: =(EK14/'Finance Only'!B17)*100 -> 1.3325719 | EN14: =EO13 -> 446230 | EO14: 446760 | EP14: =MAX(0,EO14-EN14) -> 530 | EQ14: =EP14-EP13 -> 10 | ER14: =(EP14/'Finance Only'!B17)*100 -> 2.0178945 | ES14: =ET13 -> 0 | EU14: =MAX(0,ET14-ES14) -> 0 | EV14: =EU14-EU13 -> 0 | EW14: =(EU14/'Finance Only'!B17)*100 -> 0 | EX14: =EY13 -> 0 | EZ14: =MAX(0,EY14-EX14) -> 0 | FA14: =EZ14-EZ13 -> 0 | FB14: =(EZ14/'Finance Only'!G17)*100 -> 0 | FC14: =FD13 -> 0 | FE14: =MAX(0,FD14-FC14) -> 0 | FF14: =FE14-FE13 -> 0 | FG14: =(FE14/'Finance Only'!M17)*100 -> #DIV/0! | FM14: =FN13 -> 0 | FO14: =MAX(0,FN14-FM14) -> 0 | FP14: =FO14-FO13 -> 0 | FQ14: =(FO14/'Finance Only'!R17)*100 -> #DIV/0! | FR14: =FS13 -> 0 | FT14: =MAX(0,FS14-FR14) -> 0 | FU14: =FT14-FT13 -> 0 | FV14: =(FT14/'Finance Only'!W17)*100 -> #DIV/0! | FW14: =FX13 -> 0 | FY14: =MAX(0,FX14-FW14) -> 0 | FZ14: =FY14-FY13 -> 0 | GA14: =(FY14/'Finance Only'!AB17)*100 -> #DIV/0! | GC14: =SUM(E14+J14) -> 8083 | GE14: =SUM(T14+Y14+EA14+EF14+EK14+EP14) -> 7489 | GG14: =SUM(AO14+AT14) -> 2000 | GI14: =SUM(AY14+BD14+BI14) -> 4060 | GK14: =SUM(BN14+BS14+EU14) -> 710 | GM14: =SUM(EZ14+FE14) -> 0
A15: 11 | B15: ='Finance Only'!G18 -> 30.1 | C15: =D14 -> 27222812 | D15: 27226661 | E15: =MAX(0,D15-C15) -> 3849 | F15: =E15-E14 -> -467 | G15: =(E15/'Finance Only'!B18)*100 -> 14.276177 | H15: =I14 -> 25157275 | I15: 25161046 | J15: =MAX(0,I15-H15) -> 3771 | K15: =J15-J14 -> 4 | L15: =(J15/'Finance Only'!B18)*100 -> 13.98687 | M15: =N14 -> 92587854 | N15: 92601480 | O15: =MAX(0,N15-M15) -> 13626 | P15: =O15-O14 -> 1618 | Q15: =(O15/'Finance Only'!B18)*100 -> 50.539668 | R15: =S14 -> 3171200 | S15: 3173700 | T15: =MAX(0,S15-R15) -> 2500 | U15: =T15-T14 -> 0 | V15: =(T15/'Finance Only'!B18)*100 -> 9.2726531 | W15: =X14 -> 4256901 | X15: 4259744 | Y15: =MAX(0,X15-W15) -> 2843 | Z15: =Y15-Y14 -> -56 | AA15: =(Y15/'Finance Only'!B18)*100 -> 10.544861 | AB15: =AC14 -> 2768000 | AC15: 2770500 | AD15: =MAX(0,AC15-AB15) -> 2500 | AE15: =AD15/WATER!V16 -> 5.8275058 | AF15: =AD15-AD14 -> 300 | AG15: =(AD15/'Finance Only'!B18)*100 -> 9.2726531 | AH15: =AI14 -> 1109834 | AI15: 1110324 | AJ15: =MAX(0,AI15-AH15) -> 490 | AK15: =AJ15-AJ14 -> -9 | AL15: =(AJ15/'Finance Only'!B18)*100 -> 1.81744 | AM15: =AN14 -> 1127300 | AN15: 1128100 | AO15: =MAX(0,AN15-AM15) -> 800 | AP15: =AO15-AO14 -> 100 | AQ15: =(AO15/'Finance Only'!B18)*100 -> 2.967249 | AR15: =AS14 -> 2515800 | AS15: 2517200 | AT15: =MAX(0,AS15-AR15) -> 1400 | AU15: =AT15-AT14 -> 100 | AV15: =(AT15/'Finance Only'!B18)*100 -> 5.1926857 | AW15: =AX14 -> 294200 | AX15: 298200 | AY15: =MAX(0,AX15-AW15) -> 4000 | AZ15: =AY15-AY14 -> 140 | BA15: =(AY15/'Finance Only'!B18)*100 -> 14.836245 | BB15: =BC14 -> 1011800 | BC15: 1012200 | BD15: =MAX(0,BC15-BB15) -> 400 | BE15: =BD15-BD14 -> 400 | BF15: =(BD15/'Finance Only'!B18)*100 -> 1.4836245 | BG15: =BH14 -> 1084100 | BH15: 1084400 | BI15: =MAX(0,BH15-BG15) -> 300 | BJ15: =BI15-BI14 -> 100 | BK15: =(BI15/'Finance Only'!B18)*100 -> 1.1127184 | BL15: =BM14 -> 1614000 | BM15: 1614600 | BN15: =MAX(0,BM15-BL15) -> 600 | BO15: =BN15-BN14 -> 100 | BP15: =(BN15/'Finance Only'!B18)*100 -> 2.2254367 | BQ15: =BR14 -> 142400 | BR15: 142590 | BS15: =MAX(0,BR15-BQ15) -> 190 | BT15: =BS15-BS14 -> -20 | BU15: =(BS15/'Finance Only'!B18)*100 -> 0.70472163 | BV15: =BW14 -> 599270 | BW15: 599680 | BX15: =MAX(0,BW15-BV15) -> 410 | BY15: =BX15-BX14 -> -60 | BZ15: =(BX15/'Finance Only'!B18)*100 -> 1.5207151 | CA15: =CB14 -> 1126800 | CB15: 1128000 | CC15: =MAX(0,CB15-CA15) -> 1200 | CD15: =CC15-CC14 -> 100 | CE15: =(CC15/'Finance Only'!B18)*100 -> 4.4508735 | CF15: =CG14 -> 371060 | CG15: 371500 | CH15: =MAX(0,CG15-CF15) -> 440 | CI15: =CH15-CH14 -> -70 | CJ15: =(CH15/'Finance Only'!B18)*100 -> 1.6319869 | CK15: =CL14 -> 860760 | CL15: 861590 | CM15: =MAX(0,CL15-CK15) -> 830 | CN15: =CM15-CM14 -> 0 | CO15: =(CM15/'Finance Only'!B18)*100 -> 3.0785208 | CP15: =CQ14 -> 714040 | CQ15: 714710 | CR15: =MAX(0,CQ15-CP15) -> 670 | CS15: =CR15-CR14 -> -120 | CT15: =(CR15/'Finance Only'!B18)*100 -> 2.485071 | CU15: =CV14 -> 591180 | CV15: 591650 | CW15: =MAX(0,CV15-CU15) -> 470 | CX15: =CW15-CW14 -> -80 | CY15: =(CW15/'Finance Only'!B18)*100 -> 1.7432588 | CZ15: =DA14 -> 987220 | DA15: 988040 | DB15: =MAX(0,DA15-CZ15) -> 820 | DC15: =DB15-DB14 -> -30 | DD15: =(DB15/'Finance Only'!B18)*100 -> 3.0414302 | DE15: =DF14 -> 757390 | DF15: 758210 | DG15: =MAX(0,DF15-DE15) -> 820 | DH15: =DG15-DG14 -> 150 | DI15: =(DG15/'Finance Only'!B18)*100 -> 3.0414302 | DJ15: =DK14 -> 656190 | DK15: 656850 | DL15: =MAX(0,DK15-DJ15) -> 660 | DM15: =DL15-DL14 -> 100 | DN15: =(DL15/'Finance Only'!B18)*100 -> 2.4479804 | DO15: =DP14 -> 356040 | DP15: 356290 | DQ15: =MAX(0,DP15-DO15) -> 250 | DR15: =DQ15-DQ14 -> 0 | DS15: =(DQ15/'Finance Only'!B18)*100 -> 0.92726531 | DT15: =DU14 -> 117980 | DU15: 118120 | DV15: =MAX(0,DU15-DT15) -> 140 | DW15: =DV15-DV14 -> 0 | DX15: =(DV15/'Finance Only'!B18)*100 -> 0.51926857 | DY15: =DZ14 -> 757720 | DZ15: 758630 | EA15: =MAX(0,DZ15-DY15) -> 910 | EB15: =EA15-EA14 -> -60 | EC15: =(EA15/'Finance Only'!B18)*100 -> 3.3752457 | ED15: =EE14 -> 241080 | EE15: 241350 | EF15: =MAX(0,EE15-ED15) -> 270 | EG15: =EF15-EF14 -> 30 | EH15: =(EF15/'Finance Only'!B18)*100 -> 1.0014465 | EI15: =EJ14 -> 273290 | EJ15: 273540 | EK15: =MAX(0,EJ15-EI15) -> 250 | EL15: =EK15-EK14 -> -100 | EM15: =(EK15/'Finance Only'!B18)*100 -> 0.92726531 | EN15: =EO14 -> 446760 | EO15: 447290 | EP15: =MAX(0,EO15-EN15) -> 530 | EQ15: =EP15-EP14 -> 0 | ER15: =(EP15/'Finance Only'!B18)*100 -> 1.9658025 | ES15: =ET14 -> 0 | EU15: =MAX(0,ET15-ES15) -> 0 | EV15: =EU15-EU14 -> 0 | EW15: =(EU15/'Finance Only'!B18)*100 -> 0 | EX15: =EY14 -> 0 | EZ15: =MAX(0,EY15-EX15) -> 0 | FA15: =EZ15-EZ14 -> 0 | FB15: =(EZ15/'Finance Only'!G18)*100 -> 0 | FC15: =FD14 -> 0 | FE15: =MAX(0,FD15-FC15) -> 0 | FF15: =FE15-FE14 -> 0 | FG15: =(FE15/'Finance Only'!M18)*100 -> #DIV/0! | FM15: =FN14 -> 0 | FO15: =MAX(0,FN15-FM15) -> 0 | FP15: =FO15-FO14 -> 0 | FQ15: =(FO15/'Finance Only'!R18)*100 -> #DIV/0! | FR15: =FS14 -> 0 | FT15: =MAX(0,FS15-FR15) -> 0 | FU15: =FT15-FT14 -> 0 | FV15: =(FT15/'Finance Only'!W18)*100 -> #DIV/0! | FW15: =FX14 -> 0 | FY15: =MAX(0,FX15-FW15) -> 0 | FZ15: =FY15-FY14 -> 0 | GA15: =(FY15/'Finance Only'!AB18)*100 -> #DIV/0! | GC15: =SUM(E15+J15) -> 7620 | GE15: =SUM(T15+Y15+EA15+EF15+EK15+EP15) -> 7303 | GG15: =SUM(AO15+AT15) -> 2200 | GI15: =SUM(AY15+BD15+BI15) -> 4700 | GK15: =SUM(BN15+BS15+EU15) -> 790 | GM15: =SUM(EZ15+FE15) -> 0
A16: 12 | B16: ='Finance Only'!G19 -> 36.9 | C16: =D15 -> 27226661 | D16: 27230639 | E16: =MAX(0,D16-C16) -> 3978 | F16: =E16-E15 -> 129 | G16: =(E16/'Finance Only'!B19)*100 -> 14.834427 | H16: =I15 -> 25161046 | I16: 25165210 | J16: =MAX(0,I16-H16) -> 4164 | K16: =J16-J15 -> 393 | L16: =(J16/'Finance Only'!B19)*100 -> 15.528043 | M16: =N15 -> 92601480 | N16: 92614159 | O16: =MAX(0,N16-M16) -> 12679 | P16: =O16-O15 -> -947 | Q16: =(O16/'Finance Only'!B19)*100 -> 47.281474 | R16: =S15 -> 3173700 | S16: 3176100 | T16: =MAX(0,S16-R16) -> 2400 | U16: =T16-T15 -> -100 | V16: =(T16/'Finance Only'!B19)*100 -> 8.9498807 | W16: =X15 -> 4259744 | X16: 4262605 | Y16: =MAX(0,X16-W16) -> 2861 | Z16: =Y16-Y15 -> 18 | AA16: =(Y16/'Finance Only'!B19)*100 -> 10.669004 | AB16: =AC15 -> 2770500 | AC16: 2773200 | AD16: =MAX(0,AC16-AB16) -> 2700 | AE16: =AD16/WATER!V17 -> 5.2023121 | AF16: =AD16-AD15 -> 200 | AG16: =(AD16/'Finance Only'!B19)*100 -> 10.068616 | AH16: =AI15 -> 1110324 | AI16: 1110833 | AJ16: =MAX(0,AI16-AH16) -> 509 | AK16: =AJ16-AJ15 -> 19 | AL16: =(AJ16/'Finance Only'!B19)*100 -> 1.8981205 | AM16: =AN15 -> 1128100 | AN16: 1128800 | AO16: =MAX(0,AN16-AM16) -> 700 | AP16: =AO16-AO15 -> -100 | AQ16: =(AO16/'Finance Only'!B19)*100 -> 2.6103819 | AR16: =AS15 -> 2517200 | AS16: 2518600 | AT16: =MAX(0,AS16-AR16) -> 1400 | AU16: =AT16-AT15 -> 0 | AV16: =(AT16/'Finance Only'!B19)*100 -> 5.2207637 | AW16: =AX15 -> 298200 | AX16: 301910 | AY16: =MAX(0,AX16-AW16) -> 3710 | AZ16: =AY16-AY15 -> -290 | BA16: =(AY16/'Finance Only'!B19)*100 -> 13.835024 | BB16: =BC15 -> 1012200 | BC16: 1012600 | BD16: =MAX(0,BC16-BB16) -> 400 | BE16: =BD16-BD15 -> 0 | BF16: =(BD16/'Finance Only'!B19)*100 -> 1.4916468 | BG16: =BH15 -> 1084400 | BH16: 1084700 | BI16: =MAX(0,BH16-BG16) -> 300 | BJ16: =BI16-BI15 -> 0 | BK16: =(BI16/'Finance Only'!B19)*100 -> 1.1187351 | BL16: =BM15 -> 1614600 | BM16: 1615100 | BN16: =MAX(0,BM16-BL16) -> 500 | BO16: =BN16-BN15 -> -100 | BP16: =(BN16/'Finance Only'!B19)*100 -> 1.8645585 | BQ16: =BR15 -> 142590 | BR16: 142730 | BS16: =MAX(0,BR16-BQ16) -> 140 | BT16: =BS16-BS15 -> -50 | BU16: =(BS16/'Finance Only'!B19)*100 -> 0.52207637 | BV16: =BW15 -> 599680 | BW16: 600050 | BX16: =MAX(0,BW16-BV16) -> 370 | BY16: =BX16-BX15 -> -40 | BZ16: =(BX16/'Finance Only'!B19)*100 -> 1.3797733 | CA16: =CB15 -> 1128000 | CB16: 1129100 | CC16: =MAX(0,CB16-CA16) -> 1100 | CD16: =CC16-CC15 -> -100 | CE16: =(CC16/'Finance Only'!B19)*100 -> 4.1020286 | CF16: =CG15 -> 371500 | CG16: 371960 | CH16: =MAX(0,CG16-CF16) -> 460 | CI16: =CH16-CH15 -> 20 | CJ16: =(CH16/'Finance Only'!B19)*100 -> 1.7153938 | CK16: =CL15 -> 861590 | CL16: 862440 | CM16: =MAX(0,CL16-CK16) -> 850 | CN16: =CM16-CM15 -> 20 | CO16: =(CM16/'Finance Only'!B19)*100 -> 3.1697494 | CP16: =CQ15 -> 714710 | CQ16: 715420 | CR16: =MAX(0,CQ16-CP16) -> 710 | CS16: =CR16-CR15 -> 40 | CT16: =(CR16/'Finance Only'!B19)*100 -> 2.647673 | CU16: =CV15 -> 591650 | CV16: 592160 | CW16: =MAX(0,CV16-CU16) -> 510 | CX16: =CW16-CW15 -> 40 | CY16: =(CW16/'Finance Only'!B19)*100 -> 1.9018496 | CZ16: =DA15 -> 988040 | DA16: 989060 | DB16: =MAX(0,DA16-CZ16) -> 1020 | DC16: =DB16-DB15 -> 200 | DD16: =(DB16/'Finance Only'!B19)*100 -> 3.8036993 | DE16: =DF15 -> 758210 | DF16: 759030 | DG16: =MAX(0,DF16-DE16) -> 820 | DH16: =DG16-DG15 -> 0 | DI16: =(DG16/'Finance Only'!B19)*100 -> 3.0578759 | DJ16: =DK15 -> 656850 | DK16: 657610 | DL16: =MAX(0,DK16-DJ16) -> 760 | DM16: =DL16-DL15 -> 100 | DN16: =(DL16/'Finance Only'!B19)*100 -> 2.8341289 | DO16: =DP15 -> 356290 | DP16: 356550 | DQ16: =MAX(0,DP16-DO16) -> 260 | DR16: =DQ16-DQ15 -> 10 | DS16: =(DQ16/'Finance Only'!B19)*100 -> 0.96957041 | DT16: =DU15 -> 118120 | DU16: 118230 | DV16: =MAX(0,DU16-DT16) -> 110 | DW16: =DV16-DV15 -> -30 | DX16: =(DV16/'Finance Only'!B19)*100 -> 0.41020286 | DY16: =DZ15 -> 758630 | DZ16: 759530 | EA16: =MAX(0,DZ16-DY16) -> 900 | EB16: =EA16-EA15 -> -10 | EC16: =(EA16/'Finance Only'!B19)*100 -> 3.3562053 | ED16: =EE15 -> 241350 | EE16: 241600 | EF16: =MAX(0,EE16-ED16) -> 250 | EG16: =EF16-EF15 -> -20 | EH16: =(EF16/'Finance Only'!B19)*100 -> 0.93227924 | EI16: =EJ15 -> 273540 | EJ16: 273880 | EK16: =MAX(0,EJ16-EI16) -> 340 | EL16: =EK16-EK15 -> 90 | EM16: =(EK16/'Finance Only'!B19)*100 -> 1.2678998 | EN16: =EO15 -> 447290 | EO16: 447830 | EP16: =MAX(0,EO16-EN16) -> 540 | EQ16: =EP16-EP15 -> 10 | ER16: =(EP16/'Finance Only'!B19)*100 -> 2.0137232 | ES16: =ET15 -> 0 | EU16: =MAX(0,ET16-ES16) -> 0 | EV16: =EU16-EU15 -> 0 | EW16: =(EU16/'Finance Only'!B19)*100 -> 0 | EX16: =EY15 -> 0 | EZ16: =MAX(0,EY16-EX16) -> 0 | FA16: =EZ16-EZ15 -> 0 | FB16: =(EZ16/'Finance Only'!G19)*100 -> 0 | FC16: =FD15 -> 0 | FE16: =MAX(0,FD16-FC16) -> 0 | FF16: =FE16-FE15 -> 0 | FG16: =(FE16/'Finance Only'!M19)*100 -> #DIV/0! | FM16: =FN15 -> 0 | FO16: =MAX(0,FN16-FM16) -> 0 | FP16: =FO16-FO15 -> 0 | FQ16: =(FO16/'Finance Only'!R19)*100 -> #DIV/0! | FR16: =FS15 -> 0 | FT16: =MAX(0,FS16-FR16) -> 0 | FU16: =FT16-FT15 -> 0 | FV16: =(FT16/'Finance Only'!W19)*100 -> #DIV/0! | FW16: =FX15 -> 0 | FY16: =MAX(0,FX16-FW16) -> 0 | FZ16: =FY16-FY15 -> 0 | GA16: =(FY16/'Finance Only'!AB19)*100 -> #DIV/0! | GC16: =SUM(E16+J16) -> 8142 | GE16: =SUM(T16+Y16+EA16+EF16+EK16+EP16) -> 7291 | GG16: =SUM(AO16+AT16) -> 2100 | GI16: =SUM(AY16+BD16+BI16) -> 4410 | GK16: =SUM(BN16+BS16+EU16) -> 640 | GM16: =SUM(EZ16+FE16) -> 0
A17: 13 | B17: ='Finance Only'!G20 -> 39.8 | C17: =D16 -> 27230639 | D17: 27234485 | E17: =MAX(0,D17-C17) -> 3846 | F17: =E17-E16 -> -132 | G17: =(E17/'Finance Only'!B20)*100 -> 14.765616 | H17: =I16 -> 25165210 | I17: 25169158 | J17: =MAX(0,I17-H17) -> 3948 | K17: =J17-J16 -> -216 | L17: =(J17/'Finance Only'!B20)*100 -> 15.157216 | M17: =N16 -> 92614159 | N17: 92626370 | O17: =MAX(0,N17-M17) -> 12211 | P17: =O17-O16 -> -468 | Q17: =(O17/'Finance Only'!B20)*100 -> 46.880639 | R17: =S16 -> 3176100 | S17: 3178500 | T17: =MAX(0,S17-R17) -> 2400 | U17: =T17-T16 -> 0 | V17: =(T17/'Finance Only'!B20)*100 -> 9.2141129 | W17: =X16 -> 4262605 | X17: 4265460 | Y17: =MAX(0,X17-W17) -> 2855 | Z17: =Y17-Y16 -> -6 | AA17: =(Y17/'Finance Only'!B20)*100 -> 10.960955 | AB17: =AC16 -> 2773200 | AC17: 2775500 | AD17: =MAX(0,AC17-AB17) -> 2300 | AE17: =AD17/WATER!V18 -> 4.7325103 | AF17: =AD17-AD16 -> -400 | AG17: =(AD17/'Finance Only'!B20)*100 -> 8.8301916 | AH17: =AI16 -> 1110833 | AI17: 1111315 | AJ17: =MAX(0,AI17-AH17) -> 482 | AK17: =AJ17-AJ16 -> -27 | AL17: =(AJ17/'Finance Only'!B20)*100 -> 1.850501 | AM17: =AN16 -> 1128800 | AN17: 1129500 | AO17: =MAX(0,AN17-AM17) -> 700 | AP17: =AO17-AO16 -> 0 | AQ17: =(AO17/'Finance Only'!B20)*100 -> 2.6874496 | AR17: =AS16 -> 2518600 | AS17: 2520000 | AT17: =MAX(0,AS17-AR17) -> 1400 | AU17: =AT17-AT16 -> 0 | AV17: =(AT17/'Finance Only'!B20)*100 -> 5.3748992 | AW17: =AX16 -> 301910 | AX17: 305850 | AY17: =MAX(0,AX17-AW17) -> 3940 | AZ17: =AY17-AY16 -> 230 | BA17: =(AY17/'Finance Only'!B20)*100 -> 15.126502 | BB17: =BC16 -> 1012600 | BC17: 1012900 | BD17: =MAX(0,BC17-BB17) -> 300 | BE17: =BD17-BD16 -> -100 | BF17: =(BD17/'Finance Only'!B20)*100 -> 1.1517641 | BG17: =BH16 -> 1084700 | BH17: 1084900 | BI17: =MAX(0,BH17-BG17) -> 200 | BJ17: =BI17-BI16 -> -100 | BK17: =(BI17/'Finance Only'!B20)*100 -> 0.76784275 | BL17: =BM16 -> 1615100 | BM17: 1615600 | BN17: =MAX(0,BM17-BL17) -> 500 | BO17: =BN17-BN16 -> 0 | BP17: =(BN17/'Finance Only'!B20)*100 -> 1.9196069 | BQ17: =BR16 -> 142730 | BR17: 142900 | BS17: =MAX(0,BR17-BQ17) -> 170 | BT17: =BS17-BS16 -> 30 | BU17: =(BS17/'Finance Only'!B20)*100 -> 0.65266633 | BV17: =BW16 -> 600050 | BW17: 600460 | BX17: =MAX(0,BW17-BV17) -> 410 | BY17: =BX17-BX16 -> 40 | BZ17: =(BX17/'Finance Only'!B20)*100 -> 1.5740776 | CA17: =CB16 -> 1129100 | CB17: 1130200 | CC17: =MAX(0,CB17-CA17) -> 1100 | CD17: =CC17-CC16 -> 0 | CE17: =(CC17/'Finance Only'!B20)*100 -> 4.2231351 | CF17: =CG16 -> 371960 | CG17: 372440 | CH17: =MAX(0,CG17-CF17) -> 480 | CI17: =CH17-CH16 -> 20 | CJ17: =(CH17/'Finance Only'!B20)*100 -> 1.8428226 | CK17: =CL16 -> 862440 | CL17: 863360 | CM17: =MAX(0,CL17-CK17) -> 920 | CN17: =CM17-CM16 -> 70 | CO17: =(CM17/'Finance Only'!B20)*100 -> 3.5320766 | CP17: =CQ16 -> 715420 | CQ17: 716120 | CR17: =MAX(0,CQ17-CP17) -> 700 | CS17: =CR17-CR16 -> -10 | CT17: =(CR17/'Finance Only'!B20)*100 -> 2.6874496 | CU17: =CV16 -> 592160 | CV17: 592830 | CW17: =MAX(0,CV17-CU17) -> 670 | CX17: =CW17-CW16 -> 160 | CY17: =(CW17/'Finance Only'!B20)*100 -> 2.5722732 | CZ17: =DA16 -> 989060 | DA17: 990230 | DB17: =MAX(0,DA17-CZ17) -> 1170 | DC17: =DB17-DB16 -> 150 | DD17: =(DB17/'Finance Only'!B20)*100 -> 4.4918801 | DE17: =DF16 -> 759030 | DF17: 759800 | DG17: =MAX(0,DF17-DE17) -> 770 | DH17: =DG17-DG16 -> -50 | DI17: =(DG17/'Finance Only'!B20)*100 -> 2.9561946 | DJ17: =DK16 -> 657610 | DK17: 658220 | DL17: =MAX(0,DK17-DJ17) -> 610 | DM17: =DL17-DL16 -> -150 | DN17: =(DL17/'Finance Only'!B20)*100 -> 2.3419204 | DO17: =DP16 -> 356550 | DP17: 356820 | DQ17: =MAX(0,DP17-DO17) -> 270 | DR17: =DQ17-DQ16 -> 10 | DS17: =(DQ17/'Finance Only'!B20)*100 -> 1.0365877 | DT17: =DU16 -> 118230 | DU17: 118340 | DV17: =MAX(0,DU17-DT17) -> 110 | DW17: =DV17-DV16 -> 0 | DX17: =(DV17/'Finance Only'!B20)*100 -> 0.42231351 | DY17: =DZ16 -> 759530 | DZ17: 760450 | EA17: =MAX(0,DZ17-DY17) -> 920 | EB17: =EA17-EA16 -> 20 | EC17: =(EA17/'Finance Only'!B20)*100 -> 3.5320766 | ED17: =EE16 -> 241600 | EE17: 241870 | EF17: =MAX(0,EE17-ED17) -> 270 | EG17: =EF17-EF16 -> 20 | EH17: =(EF17/'Finance Only'!B20)*100 -> 1.0365877 | EI17: =EJ16 -> 273880 | EJ17: 274250 | EK17: =MAX(0,EJ17-EI17) -> 370 | EL17: =EK17-EK16 -> 30 | EM17: =(EK17/'Finance Only'!B20)*100 -> 1.4205091 | EN17: =EO16 -> 447830 | EO17: 448340 | EP17: =MAX(0,EO17-EN17) -> 510 | EQ17: =EP17-EP16 -> -30 | ER17: =(EP17/'Finance Only'!B20)*100 -> 1.957999 | ES17: =ET16 -> 0 | EU17: =MAX(0,ET17-ES17) -> 0 | EV17: =EU17-EU16 -> 0 | EW17: =(EU17/'Finance Only'!B20)*100 -> 0 | EX17: =EY16 -> 0 | EZ17: =MAX(0,EY17-EX17) -> 0 | FA17: =EZ17-EZ16 -> 0 | FB17: =(EZ17/'Finance Only'!G20)*100 -> 0 | FC17: =FD16 -> 0 | FE17: =MAX(0,FD17-FC17) -> 0 | FF17: =FE17-FE16 -> 0 | FG17: =(FE17/'Finance Only'!M20)*100 -> #DIV/0! | FM17: =FN16 -> 0 | FO17: =MAX(0,FN17-FM17) -> 0 | FP17: =FO17-FO16 -> 0 | FQ17: =(FO17/'Finance Only'!R20)*100 -> #DIV/0! | FR17: =FS16 -> 0 | FT17: =MAX(0,FS17-FR17) -> 0 | FU17: =FT17-FT16 -> 0 | FV17: =(FT17/'Finance Only'!W20)*100 -> #DIV/0! | FW17: =FX16 -> 0 | FY17: =MAX(0,FX17-FW17) -> 0 | FZ17: =FY17-FY16 -> 0 | GA17: =(FY17/'Finance Only'!AB20)*100 -> #DIV/0! | GC17: =SUM(E17+J17) -> 7794 | GE17: =SUM(T17+Y17+EA17+EF17+EK17+EP17) -> 7325 | GG17: =SUM(AO17+AT17) -> 2100 | GI17: =SUM(AY17+BD17+BI17) -> 4440 | GK17: =SUM(BN17+BS17+EU17) -> 670 | GM17: =SUM(EZ17+FE17) -> 0
... A25: 21 | B25: ='Finance Only'!G28 -> 35.9 | C25: =D24 -> 27259020 | D25: 27262268 | E25: =MAX(0,D25-C25) -> 3248 | F25: =E25-E24 -> 171 | G25: =(E25/'Finance Only'!B28)*100 -> 14.082553 | H25: =I24 -> 25194192 | I25: 25197263 | J25: =MAX(0,I25-H25) -> 3071 | K25: =J25-J24 -> -31 | L25: =(J25/'Finance Only'!B28)*100 -> 13.315123 | M25: =N24 -> 92704925 | N25: 92716021 | O25: =MAX(0,N25-M25) -> 11096 | P25: =O25-O24 -> -163 | Q25: =(O25/'Finance Only'!B28)*100 -> 48.109608 | R25: =S24 -> 3193800 | S25: 3196100 | T25: =MAX(0,S25-R25) -> 2300 | U25: =T25-T24 -> 200 | V25: =(T25/'Finance Only'!B28)*100 -> 9.9722511 | W25: =X24 -> 4284893 | X25: 4287669 | Y25: =MAX(0,X25-W25) -> 2776 | Z25: =Y25-Y24 -> 201 | AA25: =(Y25/'Finance Only'!B28)*100 -> 12.036074 | AB25: =AC24 -> 2786500 | AC25: 2787900 | AD25: =MAX(0,AC25-AB25) -> 1400 | AE25: =AD25/WATER!V26 -> 5.3846154 | AF25: =AD25-AD24 -> -100 | AG25: =(AD25/'Finance Only'!B28)*100 -> 6.0700659 | AH25: =AI24 -> 1114793 | AI25: 1115257 | AJ25: =MAX(0,AI25-AH25) -> 464 | AK25: =AJ25-AJ24 -> -23 | AL25: =(AJ25/'Finance Only'!B28)*100 -> 2.0117933 | AM25: =AN24 -> 1134200 | AN25: 1134800 | AO25: =MAX(0,AN25-AM25) -> 600 | AP25: =AO25-AO24 -> -100 | AQ25: =(AO25/'Finance Only'!B28)*100 -> 2.6014568 | AR25: =AS24 -> 2530400 | AS25: 2532000 | AT25: =MAX(0,AS25-AR25) -> 1600 | AU25: =AT25-AT24 -> 0 | AV25: =(AT25/'Finance Only'!B28)*100 -> 6.9372182 | AW25: =AX24 -> 330030 | AX25: 333220 | AY25: =MAX(0,AX25-AW25) -> 3190 | AZ25: =AY25-AY24 -> -10 | BA25: =(AY25/'Finance Only'!B28)*100 -> 13.831079 | BB25: =BC24 -> 1015500 | BC25: 1015900 | BD25: =MAX(0,BC25-BB25) -> 400 | BE25: =BD25-BD24 -> 0 | BF25: =(BD25/'Finance Only'!B28)*100 -> 1.7343045 | BG25: =BH24 -> 1086800 | BH25: 1087000 | BI25: =MAX(0,BH25-BG25) -> 200 | BJ25: =BI25-BI24 -> -100 | BK25: =(BI25/'Finance Only'!B28)*100 -> 0.86715227 | BL25: =BM24 -> 1619200 | BM25: 1619700 | BN25: =MAX(0,BM25-BL25) -> 500 | BO25: =BN25-BN24 -> 0 | BP25: =(BN25/'Finance Only'!B28)*100 -> 2.1678807 | BQ25: =BR24 -> 143870 | BR25: 143990 | BS25: =MAX(0,BR25-BQ25) -> 120 | BT25: =BS25-BS24 -> -20 | BU25: =(BS25/'Finance Only'!B28)*100 -> 0.52029136 | BV25: =BW24 -> 603550 | BW25: 604060 | BX25: =MAX(0,BW25-BV25) -> 510 | BY25: =BX25-BX24 -> 40 | BZ25: =(BX25/'Finance Only'!B28)*100 -> 2.2112383 | CA25: =CB24 -> 1138000 | CB25: 1139200 | CC25: =MAX(0,CB25-CA25) -> 1200 | CD25: =CC25-CC24 -> 200 | CE25: =(CC25/'Finance Only'!B28)*100 -> 5.2029136 | CF25: =CG24 -> 375160 | CG25: 375540 | CH25: =MAX(0,CG25-CF25) -> 380 | CI25: =CH25-CH24 -> -10 | CJ25: =(CH25/'Finance Only'!B28)*100 -> 1.6475893 | CK25: =CL24 -> 868710 | CL25: 869360 | CM25: =MAX(0,CL25-CK25) -> 650 | CN25: =CM25-CM24 -> 20 | CO25: =(CM25/'Finance Only'!B28)*100 -> 2.8182449 | CP25: =CQ24 -> 720100 | CQ25: 720590 | CR25: =MAX(0,CQ25-CP25) -> 490 | CS25: =CR25-CR24 -> 30 | CT25: =(CR25/'Finance Only'!B28)*100 -> 2.1245231 | CU25: =CV24 -> 596320 | CV25: 596660 | CW25: =MAX(0,CV25-CU25) -> 340 | CX25: =CW25-CW24 -> -70 | CY25: =(CW25/'Finance Only'!B28)*100 -> 1.4741589 | CZ25: =DA24 -> 997800 | DA25: 998800 | DB25: =MAX(0,DA25-CZ25) -> 1000 | DC25: =DB25-DB24 -> 210 | DD25: =(DB25/'Finance Only'!B28)*100 -> 4.3357614 | DE25: =DF24 -> 764460 | DF25: 765090 | DG25: =MAX(0,DF25-DE25) -> 630 | DH25: =DG25-DG24 -> 50 | DI25: =(DG25/'Finance Only'!B28)*100 -> 2.7315297 | DJ25: =DK24 -> 662300 | DK25: 662270 | DL25: =MAX(0,DK25-DJ25) -> 0 | DM25: =DL25-DL24 -> -470 | DN25: =(DL25/'Finance Only'!B28)*100 -> 0 | DO25: =DP24 -> 358820 | DP25: 359120 | DQ25: =MAX(0,DP25-DO25) -> 300 | DR25: =DQ25-DQ24 -> -30 | DS25: =(DQ25/'Finance Only'!B28)*100 -> 1.3007284 | DT25: =DU24 -> 119330 | DU25: 119500 | DV25: =MAX(0,DU25-DT25) -> 170 | DW25: =DV25-DV24 -> 50 | DX25: =(DV25/'Finance Only'!B28)*100 -> 0.73707943 | DY25: =DZ24 -> 766980 | DZ25: 767860 | EA25: =MAX(0,DZ25-DY25) -> 880 | EB25: =EA25-EA24 -> -30 | EC25: =(EA25/'Finance Only'!B28)*100 -> 3.81547 | ED25: =EE24 -> 243790 | EE25: 244070 | EF25: =MAX(0,EE25-ED25) -> 280 | EG25: =EF25-EF24 -> 10 | EH25: =(EF25/'Finance Only'!B28)*100 -> 1.2140132 | EI25: =EJ24 -> 276530 | EJ25: 276870 | EK25: =MAX(0,EJ25-EI25) -> 340 | EL25: =EK25-EK24 -> 10 | EM25: =(EK25/'Finance Only'!B28)*100 -> 1.4741589 | EN25: =EO24 -> 451400 | EO25: 452450 | EP25: =MAX(0,EO25-EN25) -> 1050 | EQ25: =EP25-EP24 -> 1050 | ER25: =(EP25/'Finance Only'!B28)*100 -> 4.5525494 | ES25: =ET24 -> 0 | EU25: =MAX(0,ET25-ES25) -> 0 | EV25: =EU25-EU24 -> 0 | EW25: =(EU25/'Finance Only'!B28)*100 -> 0 | EX25: =EY24 -> 0 | EZ25: =MAX(0,EY25-EX25) -> 0 | FA25: =EZ25-EZ24 -> 0 | FB25: =(EZ25/'Finance Only'!G28)*100 -> 0 | FC25: =FD24 -> 0 | FE25: =MAX(0,FD25-FC25) -> 0 | FF25: =FE25-FE24 -> 0 | FG25: =(FE25/'Finance Only'!M28)*100 -> #DIV/0! | FM25: =FN24 -> 0 | FO25: =MAX(0,FN25-FM25) -> 0 | FP25: =FO25-FO24 -> 0 | FQ25: =(FO25/'Finance Only'!R28)*100 -> #DIV/0! | FR25: =FS24 -> 0 | FT25: =MAX(0,FS25-FR25) -> 0 | FU25: =FT25-FT24 -> 0 | FV25: =(FT25/'Finance Only'!W28)*100 -> #DIV/0! | FW25: =FX24 -> 0 | FY25: =MAX(0,FX25-FW25) -> 0 | FZ25: =FY25-FY24 -> 0 | GA25: =(FY25/'Finance Only'!AB28)*100 -> #DIV/0! | GC25: =SUM(E25+J25) -> 6319 | GE25: =SUM(T25+Y25+EA25+EF25+EK25+EP25) -> 7626 | GG25: =SUM(AO25+AT25) -> 2200 | GI25: =SUM(AY25+BD25+BI25) -> 3790 | GK25: =SUM(BN25+BS25+EU25) -> 620 | GM25: =SUM(EZ25+FE25) -> 0
A26: 22 | B26: ='Finance Only'!G29 -> 29.1 | C26: =D25 -> 27262268 | D26: 27265662 | E26: =MAX(0,D26-C26) -> 3394 | F26: =E26-E25 -> 146 | G26: =(E26/'Finance Only'!B29)*100 -> 14.683741 | H26: =I25 -> 25197263 | I26: 25200684 | J26: =MAX(0,I26-H26) -> 3421 | K26: =J26-J25 -> 350 | L26: =(J26/'Finance Only'!B29)*100 -> 14.800554 | M26: =N25 -> 92716021 | N26: 92725893 | O26: =MAX(0,N26-M26) -> 9872 | P26: =O26-O25 -> -1224 | Q26: =(O26/'Finance Only'!B29)*100 -> 42.710046 | R26: =S25 -> 3196100 | S26: 3198300 | T26: =MAX(0,S26-R26) -> 2200 | U26: =T26-T25 -> -100 | V26: =(T26/'Finance Only'!B29)*100 -> 9.518041 | W26: =X25 -> 4287669 | X26: 4290506 | Y26: =MAX(0,X26-W26) -> 2837 | Z26: =Y26-Y25 -> 61 | AA26: =(Y26/'Finance Only'!B29)*100 -> 12.273947 | AB26: =AC25 -> 2787900 | AC26: 2789200 | AD26: =MAX(0,AC26-AB26) -> 1300 | AE26: =AD26/WATER!V27 -> 4.2622951 | AF26: =AD26-AD25 -> -100 | AG26: =(AD26/'Finance Only'!B29)*100 -> 5.624297 | AH26: =AI25 -> 1115257 | AI26: 1115671 | AJ26: =MAX(0,AI26-AH26) -> 414 | AK26: =AJ26-AJ25 -> -50 | AL26: =(AJ26/'Finance Only'!B29)*100 -> 1.7911223 | AM26: =AN25 -> 1134800 | AN26: 1135500 | AO26: =MAX(0,AN26-AM26) -> 700 | AP26: =AO26-AO25 -> 100 | AQ26: =(AO26/'Finance Only'!B29)*100 -> 3.0284676 | AR26: =AS25 -> 2532000 | AS26: 2533300 | AT26: =MAX(0,AS26-AR26) -> 1300 | AU26: =AT26-AT25 -> -300 | AV26: =(AT26/'Finance Only'!B29)*100 -> 5.624297 | AW26: =AX25 -> 333220 | AX26: 336350 | AY26: =MAX(0,AX26-AW26) -> 3130 | AZ26: =AY26-AY25 -> -60 | BA26: =(AY26/'Finance Only'!B29)*100 -> 13.541577 | BB26: =BC25 -> 1015900 | BC26: 1016200 | BD26: =MAX(0,BC26-BB26) -> 300 | BE26: =BD26-BD25 -> -100 | BF26: =(BD26/'Finance Only'!B29)*100 -> 1.2979147 | BG26: =BH25 -> 1087000 | BH26: 1087200 | BI26: =MAX(0,BH26-BG26) -> 200 | BJ26: =BI26-BI25 -> 0 | BK26: =(BI26/'Finance Only'!B29)*100 -> 0.86527646 | BL26: =BM25 -> 1619700 | BM26: 1620100 | BN26: =MAX(0,BM26-BL26) -> 400 | BO26: =BN26-BN25 -> -100 | BP26: =(BN26/'Finance Only'!B29)*100 -> 1.7305529 | BQ26: =BR25 -> 143990 | BR26: 144110 | BS26: =MAX(0,BR26-BQ26) -> 120 | BT26: =BS26-BS25 -> 0 | BU26: =(BS26/'Finance Only'!B29)*100 -> 0.51916587 | BV26: =BW25 -> 604060 | BW26: 604450 | BX26: =MAX(0,BW26-BV26) -> 390 | BY26: =BX26-BX25 -> -120 | BZ26: =(BX26/'Finance Only'!B29)*100 -> 1.6872891 | CA26: =CB25 -> 1139200 | CB26: 1140400 | CC26: =MAX(0,CB26-CA26) -> 1200 | CD26: =CC26-CC25 -> 0 | CE26: =(CC26/'Finance Only'!B29)*100 -> 5.1916587 | CF26: =CG25 -> 375540 | CG26: 375960 | CH26: =MAX(0,CG26-CF26) -> 420 | CI26: =CH26-CH25 -> 40 | CJ26: =(CH26/'Finance Only'!B29)*100 -> 1.8170806 | CK26: =CL25 -> 869360 | CL26: 870230 | CM26: =MAX(0,CL26-CK26) -> 870 | CN26: =CM26-CM25 -> 220 | CO26: =(CM26/'Finance Only'!B29)*100 -> 3.7639526 | CP26: =CQ25 -> 720590 | CQ26: 721200 | CR26: =MAX(0,CQ26-CP26) -> 610 | CS26: =CR26-CR25 -> 120 | CT26: =(CR26/'Finance Only'!B29)*100 -> 2.6390932 | CU26: =CV25 -> 596660 | CV26: 597110 | CW26: =MAX(0,CV26-CU26) -> 450 | CX26: =CW26-CW25 -> 110 | CY26: =(CW26/'Finance Only'!B29)*100 -> 1.946872 | CZ26: =DA25 -> 998800 | DA26: 999300 | DB26: =MAX(0,DA26-CZ26) -> 500 | DC26: =DB26-DB25 -> -500 | DD26: =(DB26/'Finance Only'!B29)*100 -> 2.1631911 | DE26: =DF25 -> 765090 | DF26: 765820 | DG26: =MAX(0,DF26-DE26) -> 730 | DH26: =DG26-DG25 -> 100 | DI26: =(DG26/'Finance Only'!B29)*100 -> 3.1582591 | DJ26: =DK25 -> 662270 | DK26: 663290 | DL26: =MAX(0,DK26-DJ26) -> 1020 | DM26: =DL26-DL25 -> 1020 | DN26: =(DL26/'Finance Only'!B29)*100 -> 4.4129099 | DO26: =DP25 -> 359120 | DP26: 359420 | DQ26: =MAX(0,DP26-DO26) -> 300 | DR26: =DQ26-DQ25 -> 0 | DS26: =(DQ26/'Finance Only'!B29)*100 -> 1.2979147 | DT26: =DU25 -> 119500 | DU26: 119660 | DV26: =MAX(0,DU26-DT26) -> 160 | DW26: =DV26-DV25 -> -10 | DX26: =(DV26/'Finance Only'!B29)*100 -> 0.69222116 | DY26: =DZ25 -> 767860 | DZ26: 768820 | EA26: =MAX(0,DZ26-DY26) -> 960 | EB26: =EA26-EA25 -> 80 | EC26: =(EA26/'Finance Only'!B29)*100 -> 4.153327 | ED26: =EE25 -> 244070 | EE26: 244340 | EF26: =MAX(0,EE26-ED26) -> 270 | EG26: 0 | EH26: =(EF26/'Finance Only'!B29)*100 -> 1.1681232 | EI26: =EJ25 -> 276870 | EJ26: 277210 | EK26: =MAX(0,EJ26-EI26) -> 340 | EL26: =EK26-EK25 -> 0 | EM26: =(EK26/'Finance Only'!B29)*100 -> 1.47097 | EN26: =EO25 -> 452450 | EO26: 452950 | EP26: =MAX(0,EO26-EN26) -> 500 | EQ26: =EP26-EP25 -> -550 | ER26: =(EP26/'Finance Only'!B29)*100 -> 2.1631911 | ES26: =ET25 -> 0 | EU26: =MAX(0,ET26-ES26) -> 0 | EV26: =EU26-EU25 -> 0 | EW26: =(EU26/'Finance Only'!B29)*100 -> 0 | EX26: =EY25 -> 0 | EZ26: =MAX(0,EY26-EX26) -> 0 | FA26: =EZ26-EZ25 -> 0 | FB26: =(EZ26/'Finance Only'!G29)*100 -> 0 | FC26: =FD25 -> 0 | FE26: =MAX(0,FD26-FC26) -> 0 | FF26: =FE26-FE25 -> 0 | FG26: =(FE26/'Finance Only'!M29)*100 -> #DIV/0! | FM26: =FN25 -> 0 | FO26: =MAX(0,FN26-FM26) -> 0 | FP26: =FO26-FO25 -> 0 | FQ26: =(FO26/'Finance Only'!R29)*100 -> #DIV/0! | FR26: =FS25 -> 0 | FT26: =MAX(0,FS26-FR26) -> 0 | FU26: =FT26-FT25 -> 0 | FV26: =(FT26/'Finance Only'!W29)*100 -> #DIV/0! | FW26: =FX25 -> 0 | FY26: =MAX(0,FX26-FW26) -> 0 | FZ26: =FY26-FY25 -> 0 | GA26: =(FY26/'Finance Only'!AB29)*100 -> #DIV/0! | GC26: =SUM(E26+J26) -> 6815 | GE26: =SUM(T26+Y26+EA26+EF26+EK26+EP26) -> 7107 | GG26: =SUM(AO26+AT26) -> 2000 | GI26: =SUM(AY26+BD26+BI26) -> 3630 | GK26: =SUM(BN26+BS26+EU26) -> 520 | GM26: =SUM(EZ26+FE26) -> 0
A27: 23 | B27: ='Finance Only'!G30 -> 40.8 | C27: =D26 -> 27265662 | D27: 27269400 | E27: =MAX(0,D27-C27) -> 3738 | F27: =E27-E26 -> 344 | G27: =(E27/'Finance Only'!B30)*100 -> 15.089008 | H27: =I26 -> 25200684 | I27: 25204916 | J27: =MAX(0,I27-H27) -> 4232 | K27: =J27-J26 -> 811 | L27: =(J27/'Finance Only'!B30)*100 -> 17.083115 | M27: =N26 -> 92725893 | N27: 92737529 | O27: =MAX(0,N27-M27) -> 11636 | P27: =O27-O26 -> 1764 | Q27: =(O27/'Finance Only'!B30)*100 -> 46.970492 | R27: =S26 -> 3198300 | S27: 3200600 | T27: =MAX(0,S27-R27) -> 2300 | U27: =T27-T26 -> 100 | V27: =(T27/'Finance Only'!B30)*100 -> 9.2843015 | W27: =X26 -> 4290506 | X27: 4293441 | Y27: =MAX(0,X27-W27) -> 2935 | Z27: =Y27-Y26 -> 98 | AA27: =(Y27/'Finance Only'!B30)*100 -> 11.847576 | AB27: =AC26 -> 2789200 | AC27: 2791100 | AD27: =MAX(0,AC27-AB27) -> 1900 | AE27: =AD27/WATER!V28 -> 6.3545151 | AF27: =AD27-AD26 -> 600 | AG27: =(AD27/'Finance Only'!B30)*100 -> 7.6696403 | AH27: =AI26 -> 1115671 | AI27: 1116158 | AJ27: =MAX(0,AI27-AH27) -> 487 | AK27: =AJ27-AJ26 -> 73 | AL27: =(AJ27/'Finance Only'!B30)*100 -> 1.9658499 | AM27: =AN26 -> 1135500 | AN27: 1136100 | AO27: =MAX(0,AN27-AM27) -> 600 | AP27: =AO27-AO26 -> -100 | AQ27: =(AO27/'Finance Only'!B30)*100 -> 2.4219917 | AR27: =AS26 -> 2533300 | AS27: 2534500 | AT27: =MAX(0,AS27-AR27) -> 1200 | AU27: =AT27-AT26 -> -100 | AV27: =(AT27/'Finance Only'!B30)*100 -> 4.8439834 | AW27: =AX26 -> 336350 | AX27: 339970 | AY27: =MAX(0,AX27-AW27) -> 3620 | AZ27: =AY27-AY26 -> 490 | BA27: =(AY27/'Finance Only'!B30)*100 -> 14.612683 | BB27: =BC26 -> 1016200 | BC27: 1016600 | BD27: =MAX(0,BC27-BB27) -> 400 | BE27: =BD27-BD26 -> 100 | BF27: =(BD27/'Finance Only'!B30)*100 -> 1.6146611 | BG27: =BH26 -> 1087200 | BH27: 1087500 | BI27: =MAX(0,BH27-BG27) -> 300 | BJ27: =BI27-BI26 -> 100 | BK27: =(BI27/'Finance Only'!B30)*100 -> 1.2109958 | BL27: =BM26 -> 1620100 | BM27: 1620600 | BN27: =MAX(0,BM27-BL27) -> 500 | BO27: =BN27-BN26 -> 100 | BP27: =(BN27/'Finance Only'!B30)*100 -> 2.0183264 | BQ27: =BR26 -> 144110 | BR27: 144280 | BS27: =MAX(0,BR27-BQ27) -> 170 | BT27: =BS27-BS26 -> 50 | BU27: =(BS27/'Finance Only'!B30)*100 -> 0.68623098 | BV27: =BW26 -> 604450 | BW27: 604780 | BX27: =MAX(0,BW27-BV27) -> 330 | BY27: =BX27-BX26 -> -60 | BZ27: =(BX27/'Finance Only'!B30)*100 -> 1.3320954 | CA27: =CB26 -> 1140400 | CB27: 1141600 | CC27: =MAX(0,CB27-CA27) -> 1200 | CD27: =CC27-CC26 -> 0 | CE27: =(CC27/'Finance Only'!B30)*100 -> 4.8439834 | CF27: =CG26 -> 375960 | CG27: 375960 | CH27: =MAX(0,CG27-CF27) -> 0 | CI27: =CH27-CH26 -> -420 | CJ27: =(CH27/'Finance Only'!B30)*100 -> 0 | CK27: =CL26 -> 870230 | CL27: 871160 | CM27: =MAX(0,CL27-CK27) -> 930 | CN27: =CM27-CM26 -> 60 | CO27: =(CM27/'Finance Only'!B30)*100 -> 3.7540871 | CP27: =CQ26 -> 721200 | CQ27: 721960 | CR27: =MAX(0,CQ27-CP27) -> 760 | CS27: =CR27-CR26 -> 150 | CT27: =(CR27/'Finance Only'!B30)*100 -> 3.0678561 | CU27: =CV26 -> 597110 | CV27: 597600 | CW27: =MAX(0,CV27-CU27) -> 490 | CX27: =CW27-CW26 -> 40 | CY27: =(CW27/'Finance Only'!B30)*100 -> 1.9779599 | CZ27: =DA26 -> 999300 | DA27: 1000300 | DB27: =MAX(0,DA27-CZ27) -> 1000 | DC27: =DB27-DB26 -> 500 | DD27: =(DB27/'Finance Only'!B30)*100 -> 4.0366528 | DE27: =DF26 -> 765820 | DF27: 766660 | DG27: =MAX(0,DF27-DE27) -> 840 | DH27: =DG27-DG26 -> 110 | DI27: =(DG27/'Finance Only'!B30)*100 -> 3.3907884 | DJ27: =DK26 -> 663290 | DK27: 663970 | DL27: =MAX(0,DK27-DJ27) -> 680 | DM27: =DL27-DL26 -> -340 | DN27: =(DL27/'Finance Only'!B30)*100 -> 2.7449239 | DO27: =DP26 -> 359420 | DP27: 359760 | DQ27: =MAX(0,DP27-DO27) -> 340 | DR27: =DQ27-DQ26 -> 40 | DS27: =(DQ27/'Finance Only'!B30)*100 -> 1.372462 | DT27: =DU26 -> 119660 | DU27: 119840 | DV27: =MAX(0,DU27-DT27) -> 180 | DW27: =DV27-DV26 -> 20 | DX27: =(DV27/'Finance Only'!B30)*100 -> 0.72659751 | DY27: =DZ26 -> 768820 | DZ27: 769740 | EA27: =MAX(0,DZ27-DY27) -> 920 | EB27: =EA27-EA26 -> -40 | EC27: =(EA27/'Finance Only'!B30)*100 -> 3.7137206 | ED27: =EE26 -> 244340 | EE27: 244630 | EF27: =MAX(0,EE27-ED27) -> 290 | EG27: =EF27-EF26 -> 20 | EH27: =(EF27/'Finance Only'!B30)*100 -> 1.1706293 | EI27: =EJ26 -> 277210 | EJ27: 277860 | EK27: =MAX(0,EJ27-EI27) -> 650 | EL27: =EK27-EK26 -> 310 | EM27: =(EK27/'Finance Only'!B30)*100 -> 2.6238243 | EN27: =EO26 -> 452950 | EO27: 453470 | EP27: =MAX(0,EO27-EN27) -> 520 | EQ27: =EP27-EP26 -> 20 | ER27: =(EP27/'Finance Only'!B30)*100 -> 2.0990595 | ES27: =ET26 -> 0 | EU27: =MAX(0,ET27-ES27) -> 0 | EV27: =EU27-EU26 -> 0 | EW27: =(EU27/'Finance Only'!B30)*100 -> 0 | EX27: =EY26 -> 0 | EZ27: =MAX(0,EY27-EX27) -> 0 | FA27: =EZ27-EZ26 -> 0 | FB27: =(EZ27/'Finance Only'!G30)*100 -> 0 | FC27: =FD26 -> 0 | FE27: =MAX(0,FD27-FC27) -> 0 | FF27: =FE27-FE26 -> 0 | FG27: =(FE27/'Finance Only'!M30)*100 -> #DIV/0! | FM27: =FN26 -> 0 | FO27: =MAX(0,FN27-FM27) -> 0 | FP27: =FO27-FO26 -> 0 | FQ27: =(FO27/'Finance Only'!R30)*100 -> #DIV/0! | FR27: =FS26 -> 0 | FT27: =MAX(0,FS27-FR27) -> 0 | FU27: =FT27-FT26 -> 0 | FV27: =(FT27/'Finance Only'!W30)*100 -> #DIV/0! | FW27: =FX26 -> 0 | FY27: =MAX(0,FX27-FW27) -> 0 | FZ27: =FY27-FY26 -> 0 | GA27: =(FY27/'Finance Only'!AB30)*100 -> #DIV/0! | GC27: =SUM(E27+J27) -> 7970 | GE27: =SUM(T27+Y27+EA27+EF27+EK27+EP27) -> 7615 | GG27: =SUM(AO27+AT27) -> 1800 | GI27: =SUM(AY27+BD27+BI27) -> 4320 | GK27: =SUM(BN27+BS27+EU27) -> 670 | GM27: =SUM(EZ27+FE27) -> 0
A28: 24 | B28: ='Finance Only'!G31 -> 38.8 | C28: =D27 -> 27269400 | D28: 27277257 | E28: =MAX(0,D28-C28) -> 7857 | F28: =E28-E27 -> 4119 | G28: =(E28/'Finance Only'!B31)*100 -> 30.81539 | H28: =I27 -> 25204916 | I28: 25209174 | J28: =MAX(0,I28-H28) -> 4258 | K28: =J28-J27 -> 26 | L28: =(J28/'Finance Only'!B31)*100 -> 16.700004 | M28: =N27 -> 92737529 | N28: 92748848 | O28: =MAX(0,N28-M28) -> 11319 | P28: =O28-O27 -> -317 | Q28: =(O28/'Finance Only'!B31)*100 -> 44.393458 | R28: =S27 -> 3200600 | S28: 3203000 | T28: =MAX(0,S28-R28) -> 2400 | U28: =T28-T27 -> 100 | V28: =(T28/'Finance Only'!B31)*100 -> 9.4128721 | W28: =X27 -> 4293441 | X28: 4296279 | Y28: =MAX(0,X28-W28) -> 2838 | Z28: =Y28-Y27 -> -97 | AA28: =(Y28/'Finance Only'!B31)*100 -> 11.130721 | AB28: =AC27 -> 2791100 | AC28: 2792900 | AD28: =MAX(0,AC28-AB28) -> 1800 | AE28: =AD28/WATER!V29 -> 5.7324841 | AF28: =AD28-AD27 -> -100 | AG28: =(AD28/'Finance Only'!B31)*100 -> 7.0596541 | AH28: =AI27 -> 1116158 | AI28: 1116626 | AJ28: =MAX(0,AI28-AH28) -> 468 | AK28: =AJ28-AJ27 -> -19 | AL28: =(AJ28/'Finance Only'!B31)*100 -> 1.8355101 | AM28: =AN27 -> 1136100 | AN28: 1136800 | AO28: =MAX(0,AN28-AM28) -> 700 | AP28: =AO28-AO27 -> 100 | AQ28: =(AO28/'Finance Only'!B31)*100 -> 2.745421 | AR28: =AS27 -> 2534500 | AS28: 2536100 | AT28: =MAX(0,AS28-AR28) -> 1600 | AU28: =AT28-AT27 -> 400 | AV28: =(AT28/'Finance Only'!B31)*100 -> 6.2752481 | AW28: =AX27 -> 339970 | AX28: 343520 | AY28: =MAX(0,AX28-AW28) -> 3550 | AZ28: =AY28-AY27 -> -70 | BA28: =(AY28/'Finance Only'!B31)*100 -> 13.923207 | BB28: =BC27 -> 1016600 | BC28: 1017000 | BD28: =MAX(0,BC28-BB28) -> 400 | BE28: =BD28-BD27 -> 0 | BF28: =(BD28/'Finance Only'!B31)*100 -> 1.568812 | BG28: =BH27 -> 1087500 | BH28: 1087800 | BI28: =MAX(0,BH28-BG28) -> 300 | BJ28: =BI28-BI27 -> 0 | BK28: =(BI28/'Finance Only'!B31)*100 -> 1.176609 | BL28: =BM27 -> 1620600 | BM28: 1621200 | BN28: =MAX(0,BM28-BL28) -> 600 | BO28: =BN28-BN27 -> 100 | BP28: =(BN28/'Finance Only'!B31)*100 -> 2.353218 | BQ28: =BR27 -> 144280 | BR28: 144450 | BS28: =MAX(0,BR28-BQ28) -> 170 | BT28: =BS28-BS27 -> 0 | BU28: =(BS28/'Finance Only'!B31)*100 -> 0.66674511 | BV28: =BW27 -> 604780 | BW28: 605140 | BX28: =MAX(0,BW28-BV28) -> 360 | BY28: =BX28-BX27 -> 30 | BZ28: =(BX28/'Finance Only'!B31)*100 -> 1.4119308 | CA28: =CB27 -> 1141600 | CB28: 1142800 | CC28: =MAX(0,CB28-CA28) -> 1200 | CD28: =CC28-CC27 -> 0 | CE28: =(CC28/'Finance Only'!B31)*100 -> 4.7064361 | CF28: =CG27 -> 375960 | CG28: 376370 | CH28: =MAX(0,CG28-CF28) -> 410 | CI28: =CH28-CH27 -> 410 | CJ28: =(CH28/'Finance Only'!B31)*100 -> 1.6080323 | CK28: =CL27 -> 871160 | CL28: 872030 | CM28: =MAX(0,CL28-CK28) -> 870 | CN28: =CM28-CM27 -> -60 | CO28: =(CM28/'Finance Only'!B31)*100 -> 3.4121661 | CP28: =CQ27 -> 721960 | CQ28: 722770 | CR28: =MAX(0,CQ28-CP28) -> 810 | CS28: =CR28-CR27 -> 50 | CT28: =(CR28/'Finance Only'!B31)*100 -> 3.1768443 | CU28: =CV27 -> 597600 | CV28: 597600 | CW28: =MAX(0,CV28-CU28) -> 0 | CX28: =CW28-CW27 -> -490 | CY28: =(CW28/'Finance Only'!B31)*100 -> 0 | CZ28: =DA27 -> 1000300 | DA28: 1001300 | DB28: =MAX(0,DA28-CZ28) -> 1000 | DC28: =DB28-DB27 -> 0 | DD28: =(DB28/'Finance Only'!B31)*100 -> 3.92203 | DE28: =DF27 -> 766660 | DF28: 767480 | DG28: =MAX(0,DF28-DE28) -> 820 | DH28: =DG28-DG27 -> -20 | DI28: =(DG28/'Finance Only'!B31)*100 -> 3.2160646 | DJ28: =DK27 -> 663970 | DK28: 664700 | DL28: =MAX(0,DK28-DJ28) -> 730 | DM28: =DL28-DL27 -> 50 | DN28: =(DL28/'Finance Only'!B31)*100 -> 2.8630819 | DO28: =DP27 -> 359760 | DP28: 360130 | DQ28: =MAX(0,DP28-DO28) -> 370 | DR28: =DQ28-DQ27 -> 30 | DS28: =(DQ28/'Finance Only'!B31)*100 -> 1.4511511 | DT28: =DU27 -> 119840 | DU28: 120010 | DV28: =MAX(0,DU28-DT28) -> 170 | DW28: =DV28-DV27 -> -10 | DX28: =(DV28/'Finance Only'!B31)*100 -> 0.66674511 | DY28: =DZ27 -> 769740 | DZ28: 770690 | EA28: =MAX(0,DZ28-DY28) -> 950 | EB28: =EA28-EA27 -> 30 | EC28: =(EA28/'Finance Only'!B31)*100 -> 3.7259285 | ED28: =EE27 -> 244630 | EE28: 244910 | EF28: =MAX(0,EE28-ED28) -> 280 | EG28: =EF28-EF27 -> -10 | EH28: =(EF28/'Finance Only'!B31)*100 -> 1.0981684 | EI28: =EJ27 -> 277860 | EJ28: 277920 | EK28: =MAX(0,EJ28-EI28) -> 60 | EL28: =EK28-EK27 -> -590 | EM28: =(EK28/'Finance Only'!B31)*100 -> 0.2353218 | EN28: =EO27 -> 453470 | EO28: 454000 | EP28: =MAX(0,EO28-EN28) -> 530 | EQ28: =EP28-EP27 -> 10 | ER28: =(EP28/'Finance Only'!B31)*100 -> 2.0786759 | ES28: =ET27 -> 0 | EU28: =MAX(0,ET28-ES28) -> 0 | EV28: =EU28-EU27 -> 0 | EW28: =(EU28/'Finance Only'!B31)*100 -> 0 | EX28: =EY27 -> 0 | EZ28: =MAX(0,EY28-EX28) -> 0 | FA28: =EZ28-EZ27 -> 0 | FB28: =(EZ28/'Finance Only'!G31)*100 -> 0 | FC28: =FD27 -> 0 | FE28: =MAX(0,FD28-FC28) -> 0 | FF28: =FE28-FE27 -> 0 | FG28: =(FE28/'Finance Only'!M31)*100 -> #DIV/0! | FM28: =FN27 -> 0 | FO28: =MAX(0,FN28-FM28) -> 0 | FP28: =FO28-FO27 -> 0 | FQ28: =(FO28/'Finance Only'!R31)*100 -> #DIV/0! | FR28: =FS27 -> 0 | FT28: =MAX(0,FS28-FR28) -> 0 | FU28: =FT28-FT27 -> 0 | FV28: =(FT28/'Finance Only'!W31)*100 -> #DIV/0! | FW28: =FX27 -> 0 | FY28: =MAX(0,FX28-FW28) -> 0 | FZ28: =FY28-FY27 -> 0 | GA28: =(FY28/'Finance Only'!AB31)*100 -> #DIV/0! | GC28: =SUM(E28+J28) -> 12115 | GE28: =SUM(T28+Y28+EA28+EF28+EK28+EP28) -> 7058 | GG28: =SUM(AO28+AT28) -> 2300 | GI28: =SUM(AY28+BD28+BI28) -> 4250 | GK28: =SUM(BN28+BS28+EU28) -> 770 | GM28: =SUM(EZ28+FE28) -> 0
A29: 25 | B29: ='Finance Only'!G32 -> 39.8 | C29: =D28 -> 27277257 | D29: 27277200 | E29: =MAX(0,D29-C29) -> 0 | F29: =E29-E28 -> -7857 | G29: =(E29/'Finance Only'!B32)*100 -> 0 | H29: =I28 -> 25209174 | I29: 25213311 | J29: =MAX(0,I29-H29) -> 4137 | K29: =J29-J28 -> -121 | L29: =(J29/'Finance Only'!B32)*100 -> 16.459121 | M29: =N28 -> 92748848 | N29: 92759799 | O29: =MAX(0,N29-M29) -> 10951 | P29: =O29-O28 -> -368 | Q29: =(O29/'Finance Only'!B32)*100 -> 43.568729 | R29: =S28 -> 3203000 | S29: 3205200 | T29: =MAX(0,S29-R29) -> 2200 | U29: =T29-T28 -> -200 | V29: =(T29/'Finance Only'!B32)*100 -> 8.7527352 | W29: =X28 -> 4296279 | X29: 4299134 | Y29: =MAX(0,X29-W29) -> 2855 | Z29: =Y29-Y28 -> 17 | AA29: =(Y29/'Finance Only'!B32)*100 -> 11.358663 | AB29: =AC28 -> 2792900 | AC29: 2794500 | AD29: =MAX(0,AC29-AB29) -> 1600 | AE29: =AD29/WATER!V30 -> 4.5977011 | AF29: =AD29-AD28 -> -200 | AG29: =(AD29/'Finance Only'!B32)*100 -> 6.3656256 | AH29: =AI28 -> 1116626 | AI29: 1117119 | AJ29: =MAX(0,AI29-AH29) -> 493 | AK29: =AJ29-AJ28 -> 25 | AL29: =(AJ29/'Finance Only'!B32)*100 -> 1.9614084 | AM29: =AN28 -> 1136800 | AN29: 1137400 | AO29: =MAX(0,AN29-AM29) -> 600 | AP29: =AO29-AO28 -> -100 | AQ29: =(AO29/'Finance Only'!B32)*100 -> 2.3871096 | AR29: =AS28 -> 2536100 | AS29: 2537400 | AT29: =MAX(0,AS29-AR29) -> 1300 | AU29: =AT29-AT28 -> -300 | AV29: =(AT29/'Finance Only'!B32)*100 -> 5.1720708 | AW29: =AX28 -> 343520 | AX29: 347080 | AY29: =MAX(0,AX29-AW29) -> 3560 | AZ29: =AY29-AY28 -> 10 | BA29: =(AY29/'Finance Only'!B32)*100 -> 14.163517 | BB29: =BC28 -> 1017000 | BC29: 1017400 | BD29: =MAX(0,BC29-BB29) -> 400 | BE29: =BD29-BD28 -> 0 | BF29: =(BD29/'Finance Only'!B32)*100 -> 1.5914064 | BG29: =BH28 -> 1087800 | BH29: 1088000 | BI29: =MAX(0,BH29-BG29) -> 200 | BJ29: =BI29-BI28 -> -100 | BK29: =(BI29/'Finance Only'!B32)*100 -> 0.7957032 | BL29: =BM28 -> 1621200 | BM29: 1621700 | BN29: =MAX(0,BM29-BL29) -> 500 | BO29: =BN29-BN28 -> -100 | BP29: =(BN29/'Finance Only'!B32)*100 -> 1.989258 | BQ29: =BR28 -> 144450 | BR29: 144610 | BS29: =MAX(0,BR29-BQ29) -> 160 | BT29: =BS29-BS28 -> -10 | BU29: =(BS29/'Finance Only'!B32)*100 -> 0.63656256 | BV29: =BW28 -> 605140 | BW29: 605550 | BX29: =MAX(0,BW29-BV29) -> 410 | BY29: =BX29-BX28 -> 50 | BZ29: =(BX29/'Finance Only'!B32)*100 -> 1.6311916 | CA29: =CB28 -> 1142800 | CB29: 1144000 | CC29: =MAX(0,CB29-CA29) -> 1200 | CD29: =CC29-CC28 -> 0 | CE29: =(CC29/'Finance Only'!B32)*100 -> 4.7742192 | CF29: =CG28 -> 376370 | CG29: 376790 | CH29: =MAX(0,CG29-CF29) -> 420 | CI29: =CH29-CH28 -> 10 | CJ29: =(CH29/'Finance Only'!B32)*100 -> 1.6709767 | CK29: =CL28 -> 872030 | CL29: 872880 | CM29: =MAX(0,CL29-CK29) -> 850 | CN29: =CM29-CM28 -> -20 | CO29: =(CM29/'Finance Only'!B32)*100 -> 3.3817386 | CP29: =CQ28 -> 722770 | CQ29: 723520 | CR29: =MAX(0,CQ29-CP29) -> 750 | CS29: =CR29-CR28 -> -60 | CT29: =(CR29/'Finance Only'!B32)*100 -> 2.983887 | CU29: =CV28 -> 597600 | CV29: 598120 | CW29: =MAX(0,CV29-CU29) -> 520 | CX29: =CW29-CW28 -> 520 | CY29: =(CW29/'Finance Only'!B32)*100 -> 2.0688283 | CZ29: =DA28 -> 1001300 | DA29: 1002300 | DB29: =MAX(0,DA29-CZ29) -> 1000 | DC29: =DB29-DB28 -> 0 | DD29: =(DB29/'Finance Only'!B32)*100 -> 3.978516 | DE29: =DF28 -> 767480 | DF29: 768330 | DG29: =MAX(0,DF29-DE29) -> 850 | DH29: =DG29-DG28 -> 30 | DI29: =(DG29/'Finance Only'!B32)*100 -> 3.3817386 | DJ29: =DK28 -> 664700 | DK29: 665330 | DL29: =MAX(0,DK29-DJ29) -> 630 | DM29: =DL29-DL28 -> -100 | DN29: =(DL29/'Finance Only'!B32)*100 -> 2.5064651 | DO29: =DP28 -> 360130 | DP29: 360470 | DQ29: =MAX(0,DP29-DO29) -> 340 | DR29: =DQ29-DQ28 -> -30 | DS29: =(DQ29/'Finance Only'!B32)*100 -> 1.3526954 | DT29: =DU28 -> 120010 | DU29: 120180 | DV29: =MAX(0,DU29-DT29) -> 170 | DW29: =DV29-DV28 -> 0 | DX29: =(DV29/'Finance Only'!B32)*100 -> 0.67634772 | DY29: =DZ28 -> 770690 | DZ29: 771660 | EA29: =MAX(0,DZ29-DY29) -> 970 | EB29: =EA29-EA28 -> 20 | EC29: =(EA29/'Finance Only'!B32)*100 -> 3.8591605 | ED29: =EE28 -> 244910 | EE29: 245180 | EF29: =MAX(0,EE29-ED29) -> 270 | EG29: =EF29-EF28 -> -10 | EH29: =(EF29/'Finance Only'!B32)*100 -> 1.0741993 | EI29: =EJ28 -> 277920 | EJ29: 278210 | EK29: =MAX(0,EJ29-EI29) -> 290 | EL29: =EK29-EK28 -> 230 | EM29: =(EK29/'Finance Only'!B32)*100 -> 1.1537696 | EN29: =EO28 -> 454000 | EO29: 454000 | EP29: =MAX(0,EO29-EN29) -> 0 | EQ29: =EP29-EP28 -> -530 | ER29: =(EP29/'Finance Only'!B32)*100 -> 0 | ES29: =ET28 -> 0 | EU29: =MAX(0,ET29-ES29) -> 0 | EV29: =EU29-EU28 -> 0 | EW29: =(EU29/'Finance Only'!B32)*100 -> 0 | EX29: =EY28 -> 0 | EZ29: =MAX(0,EY29-EX29) -> 0 | FA29: =EZ29-EZ28 -> 0 | FB29: =(EZ29/'Finance Only'!G32)*100 -> 0 | FC29: =FD28 -> 0 | FE29: =MAX(0,FD29-FC29) -> 0 | FF29: =FE29-FE28 -> 0 | FG29: =(FE29/'Finance Only'!M32)*100 -> #DIV/0! | FM29: =FN28 -> 0 | FO29: =MAX(0,FN29-FM29) -> 0 | FP29: =FO29-FO28 -> 0 | FQ29: =(FO29/'Finance Only'!R32)*100 -> #DIV/0! | FR29: =FS28 -> 0 | FT29: =MAX(0,FS29-FR29) -> 0 | FU29: =FT29-FT28 -> 0 | FV29: =(FT29/'Finance Only'!W32)*100 -> #DIV/0! | FW29: =FX28 -> 0 | FY29: =MAX(0,FX29-FW29) -> 0 | FZ29: =FY29-FY28 -> 0 | GA29: =(FY29/'Finance Only'!AB32)*100 -> #DIV/0! | GC29: =SUM(E29+J29) -> 4137 | GE29: =SUM(T29+Y29+EA29+EF29+EK29+EP29) -> 6585 | GG29: =SUM(AO29+AT29) -> 1900 | GI29: =SUM(AY29+BD29+BI29) -> 4160 | GK29: =SUM(BN29+BS29+EU29) -> 660 | GM29: =SUM(EZ29+FE29) -> 0
A30: 26 | B30: ='Finance Only'!G33 -> 38.8 | C30: =D29 -> 27277200 | D30: 27280961 | E30: =MAX(0,D30-C30) -> 3761 | F30: =E30-E29 -> 3761 | G30: =(E30/'Finance Only'!B33)*100 -> 15.153713 | H30: =I29 -> 25213311 | I30: 25217379 | J30: =MAX(0,I30-H30) -> 4068 | K30: =J30-J29 -> -69 | L30: =(J30/'Finance Only'!B33)*100 -> 16.390668 | M30: =N29 -> 92759799 | N30: 92771109 | O30: =MAX(0,N30-M30) -> 11310 | P30: =O30-O29 -> 359 | Q30: =(O30/'Finance Only'!B33)*100 -> 45.569926 | R30: =S29 -> 3205200 | S30: 3207600 | T30: =MAX(0,S30-R30) -> 2400 | U30: =T30-T29 -> 200 | V30: =(T30/'Finance Only'!B33)*100 -> 9.6700109 | W30: =X29 -> 4299134 | X30: 4302064 | Y30: =MAX(0,X30-W30) -> 2930 | Z30: =Y30-Y29 -> 75 | AA30: =(Y30/'Finance Only'!B33)*100 -> 11.805472 | AB30: =AC29 -> 2794500 | AC30: 2796300 | AD30: =MAX(0,AC30-AB30) -> 1800 | AE30: =AD30/WATER!V31 -> 5.4380665 | AF30: =AD30-AD29 -> 200 | AG30: =(AD30/'Finance Only'!B33)*100 -> 7.2525082 | AH30: =AI29 -> 1117119 | AI30: 1117584 | AJ30: =MAX(0,AI30-AH30) -> 465 | AK30: =AJ30-AJ29 -> -28 | AL30: =(AJ30/'Finance Only'!B33)*100 -> 1.8735646 | AM30: =AN29 -> 1137400 | AN30: 1138100 | AO30: =MAX(0,AN30-AM30) -> 700 | AP30: =AO30-AO29 -> 100 | AQ30: =(AO30/'Finance Only'!B33)*100 -> 2.8204198 | AR30: =AS29 -> 2537400 | AS30: 2538800 | AT30: =MAX(0,AS30-AR30) -> 1400 | AU30: =AT30-AT29 -> 100 | AV30: =(AT30/'Finance Only'!B33)*100 -> 5.6408397 | AW30: =AX29 -> 347080 | AX30: 350930 | AY30: =MAX(0,AX30-AW30) -> 3850 | AZ30: =AY30-AY29 -> 290 | BA30: =(AY30/'Finance Only'!B33)*100 -> 15.512309 | BB30: =BC29 -> 1017400 | BC30: 1017700 | BD30: =MAX(0,BC30-BB30) -> 300 | BE30: =BD30-BD29 -> -100 | BF30: =(BD30/'Finance Only'!B33)*100 -> 1.2087514 | BG30: =BH29 -> 1088000 | BH30: 1088300 | BI30: =MAX(0,BH30-BG30) -> 300 | BJ30: =BI30-BI29 -> 100 | BK30: =(BI30/'Finance Only'!B33)*100 -> 1.2087514 | BL30: =BM29 -> 1621700 | BM30: 1622200 | BN30: =MAX(0,BM30-BL30) -> 500 | BO30: =BN30-BN29 -> 0 | BP30: =(BN30/'Finance Only'!B33)*100 -> 2.0145856 | BQ30: =BR29 -> 144610 | BR30: 144750 | BS30: =MAX(0,BR30-BQ30) -> 140 | BT30: =BS30-BS29 -> -20 | BU30: =(BS30/'Finance Only'!B33)*100 -> 0.56408397 | BV30: =BW29 -> 605550 | BW30: 606000 | BX30: =MAX(0,BW30-BV30) -> 450 | BY30: =BX30-BX29 -> 40 | BZ30: =(BX30/'Finance Only'!B33)*100 -> 1.813127 | CA30: =CB29 -> 1144000 | CB30: 1145200 | CC30: =MAX(0,CB30-CA30) -> 1200 | CD30: =CC30-CC29 -> 0 | CE30: =(CC30/'Finance Only'!B33)*100 -> 4.8350054 | CF30: =CG29 -> 376790 | CG30: 377270 | CH30: =MAX(0,CG30-CF30) -> 480 | CI30: =CH30-CH29 -> 60 | CJ30: =(CH30/'Finance Only'!B33)*100 -> 1.9340022 | CK30: =CL29 -> 872880 | CL30: 873780 | CM30: =MAX(0,CL30-CK30) -> 900 | CN30: =CM30-CM29 -> 50 | CO30: =(CM30/'Finance Only'!B33)*100 -> 3.6262541 | CP30: =CQ29 -> 723520 | CQ30: 724280 | CR30: =MAX(0,CQ30-CP30) -> 760 | CS30: =CR30-CR29 -> 10 | CT30: =(CR30/'Finance Only'!B33)*100 -> 3.0621701 | CU30: =CV29 -> 598120 | CV30: 598660 | CW30: =MAX(0,CV30-CU30) -> 540 | CX30: =CW30-CW29 -> 20 | CY30: =(CW30/'Finance Only'!B33)*100 -> 2.1757524 | CZ30: =DA29 -> 1002300 | DA30: 1003300 | DB30: =MAX(0,DA30-CZ30) -> 1000 | DC30: =DB30-DB29 -> 0 | DD30: =(DB30/'Finance Only'!B33)*100 -> 4.0291712 | DE30: =DF29 -> 768330 | DF30: 769180 | DG30: =MAX(0,DF30-DE30) -> 850 | DH30: =DG30-DG29 -> 0 | DI30: =(DG30/'Finance Only'!B33)*100 -> 3.4247955 | DJ30: =DK29 -> 665330 | DK30: 665990 | DL30: =MAX(0,DK30-DJ30) -> 660 | DM30: =DL30-DL29 -> 30 | DN30: =(DL30/'Finance Only'!B33)*100 -> 2.659253 | DO30: =DP29 -> 360470 | DP30: 360790 | DQ30: =MAX(0,DP30-DO30) -> 320 | DR30: =DQ30-DQ29 -> -20 | DS30: =(DQ30/'Finance Only'!B33)*100 -> 1.2893348 | DT30: =DU29 -> 120180 | DU30: 120370 | DV30: =MAX(0,DU30-DT30) -> 190 | DW30: =DV30-DV29 -> 20 | DX30: =(DV30/'Finance Only'!B33)*100 -> 0.76554253 | DY30: =DZ29 -> 771660 | DZ30: 772590 | EA30: =MAX(0,DZ30-DY30) -> 930 | EB30: =EA30-EA29 -> -40 | EC30: =(EA30/'Finance Only'!B33)*100 -> 3.7471292 | ED30: =EE29 -> 245180 | EE30: 245460 | EF30: =MAX(0,EE30-ED30) -> 280 | EG30: =EF30-EF29 -> 10 | EH30: =(EF30/'Finance Only'!B33)*100 -> 1.1281679 | EI30: =EJ29 -> 278210 | EJ30: 278580 | EK30: =MAX(0,EJ30-EI30) -> 370 | EL30: =EK30-EK29 -> 80 | EM30: =(EK30/'Finance Only'!B33)*100 -> 1.4907933 | EN30: =EO29 -> 454000 | EO30: 455020 | EP30: =MAX(0,EO30-EN30) -> 1020 | EQ30: =EP30-EP29 -> 1020 | ER30: =(EP30/'Finance Only'!B33)*100 -> 4.1097546 | ES30: =ET29 -> 0 | EU30: =MAX(0,ET30-ES30) -> 0 | EV30: =EU30-EU29 -> 0 | EW30: =(EU30/'Finance Only'!B33)*100 -> 0 | EX30: =EY29 -> 0 | EZ30: =MAX(0,EY30-EX30) -> 0 | FA30: =EZ30-EZ29 -> 0 | FB30: =(EZ30/'Finance Only'!G33)*100 -> 0 | FC30: =FD29 -> 0 | FE30: =MAX(0,FD30-FC30) -> 0 | FF30: =FE30-FE29 -> 0 | FG30: =(FE30/'Finance Only'!M33)*100 -> #DIV/0! | FM30: =FN29 -> 0 | FO30: =MAX(0,FN30-FM30) -> 0 | FP30: =FO30-FO29 -> 0 | FQ30: =(FO30/'Finance Only'!R33)*100 -> #DIV/0! | FR30: =FS29 -> 0 | FT30: =MAX(0,FS30-FR30) -> 0 | FU30: =FT30-FT29 -> 0 | FV30: =(FT30/'Finance Only'!W33)*100 -> #DIV/0! | FW30: =FX29 -> 0 | FY30: =MAX(0,FX30-FW30) -> 0 | FZ30: =FY30-FY29 -> 0 | GA30: =(FY30/'Finance Only'!AB33)*100 -> #DIV/0! | GC30: =SUM(E30+J30) -> 7829 | GE30: =SUM(T30+Y30+EA30+EF30+EK30+EP30) -> 7930 | GG30: =SUM(AO30+AT30) -> 2100 | GI30: =SUM(AY30+BD30+BI30) -> 4450 | GK30: =SUM(BN30+BS30+EU30) -> 640 | GM30: =SUM(EZ30+FE30) -> 0
A31: 27 | B31: ='Finance Only'!G34 -> 35 | C31: =D30 -> 27280961 | D31: 27284748 | E31: =MAX(0,D31-C31) -> 3787 | F31: =E31-E30 -> 26 | G31: =(E31/'Finance Only'!B34)*100 -> 15.186878 | H31: =I30 -> 25217379 | I31: 25221418 | J31: =MAX(0,I31-H31) -> 4039 | K31: =J31-J30 -> -29 | L31: =(J31/'Finance Only'!B34)*100 -> 16.197466 | M31: =N30 -> 92771109 | N31: 92782020 | O31: =MAX(0,N31-M31) -> 10911 | P31: =O31-O30 -> -399 | Q31: =(O31/'Finance Only'!B34)*100 -> 43.756015 | R31: =S30 -> 3207600 | S31: 3209800 | T31: =MAX(0,S31-R31) -> 2200 | U31: =T31-T30 -> -200 | V31: =(T31/'Finance Only'!B34)*100 -> 8.8225858 | W31: =X30 -> 4302064 | X31: 4304861 | Y31: =MAX(0,X31-W31) -> 2797 | Z31: =Y31-Y30 -> -133 | AA31: =(Y31/'Finance Only'!B34)*100 -> 11.216715 | AB31: =AC30 -> 2796300 | AC31: 2798200 | AD31: =MAX(0,AC31-AB31) -> 1900 | AE31: =AD31/WATER!V32 -> 5.4755043 | AF31: =AD31-AD30 -> 100 | AG31: =(AD31/'Finance Only'!B34)*100 -> 7.6195059 | AH31: =AI30 -> 1117584 | AI31: 1118014 | AJ31: =MAX(0,AI31-AH31) -> 430 | AK31: =AJ31-AJ30 -> -35 | AL31: =(AJ31/'Finance Only'!B34)*100 -> 1.7244145 | AM31: =AN30 -> 1138100 | AN31: 1138700 | AO31: =MAX(0,AN31-AM31) -> 600 | AP31: =AO31-AO30 -> -100 | AQ31: =(AO31/'Finance Only'!B34)*100 -> 2.4061598 | AR31: =AS30 -> 2538800 | AS31: 2540400 | AT31: =MAX(0,AS31-AR31) -> 1600 | AU31: =AT31-AT30 -> 200 | AV31: =(AT31/'Finance Only'!B34)*100 -> 6.4164261 | AW31: =AX30 -> 350930 | AX31: 354550 | AY31: =MAX(0,AX31-AW31) -> 3620 | AZ31: =AY31-AY30 -> -230 | BA31: =(AY31/'Finance Only'!B34)*100 -> 14.517164 | BB31: =BC30 -> 1017700 | BC31: 1018100 | BD31: =MAX(0,BC31-BB31) -> 400 | BE31: =BD31-BD30 -> 100 | BF31: =(BD31/'Finance Only'!B34)*100 -> 1.6041065 | BG31: =BH30 -> 1088300 | BH31: 1088600 | BI31: =MAX(0,BH31-BG31) -> 300 | BJ31: =BI31-BI30 -> 0 | BK31: =(BI31/'Finance Only'!B34)*100 -> 1.2030799 | BL31: =BM30 -> 1622200 | BM31: 1622600 | BN31: =MAX(0,BM31-BL31) -> 400 | BO31: =BN31-BN30 -> -100 | BP31: =(BN31/'Finance Only'!B34)*100 -> 1.6041065 | BQ31: =BR30 -> 144750 | BR31: 144910 | BS31: =MAX(0,BR31-BQ31) -> 160 | BT31: =BS31-BS30 -> 20 | BU31: =(BS31/'Finance Only'!B34)*100 -> 0.64164261 | BV31: =BW30 -> 606000 | BW31: 606420 | BX31: =MAX(0,BW31-BV31) -> 420 | BY31: =BX31-BX30 -> -30 | BZ31: =(BX31/'Finance Only'!B34)*100 -> 1.6843118 | CA31: =CB30 -> 1145200 | CB31: 1146300 | CC31: =MAX(0,CB31-CA31) -> 1100 | CD31: =CC31-CC30 -> -100 | CE31: =(CC31/'Finance Only'!B34)*100 -> 4.4112929 | CF31: =CG30 -> 377270 | CG31: 377660 | CH31: =MAX(0,CG31-CF31) -> 390 | CI31: =CH31-CH30 -> -90 | CJ31: =(CH31/'Finance Only'!B34)*100 -> 1.5640038 | CK31: =CL30 -> 873780 | CL31: 874770 | CM31: =MAX(0,CL31-CK31) -> 990 | CN31: =CM31-CM30 -> 90 | CO31: =(CM31/'Finance Only'!B34)*100 -> 3.9701636 | CP31: =CQ30 -> 724280 | CQ31: 725060 | CR31: =MAX(0,CQ31-CP31) -> 780 | CS31: =CR31-CR30 -> 20 | CT31: =(CR31/'Finance Only'!B34)*100 -> 3.1280077 | CU31: =CV30 -> 598660 | CV31: 599180 | CW31: =MAX(0,CV31-CU31) -> 520 | CX31: =CW31-CW30 -> -20 | CY31: =(CW31/'Finance Only'!B34)*100 -> 2.0853385 | CZ31: =DA30 -> 1003300 | DA31: 1005400 | DB31: =MAX(0,DA31-CZ31) -> 2100 | DC31: =DB31-DB30 -> 1100 | DD31: =(DB31/'Finance Only'!B34)*100 -> 8.4215592 | DE31: =DF30 -> 769180 | DF31: 770000 | DG31: =MAX(0,DF31-DE31) -> 820 | DH31: =DG31-DG30 -> -30 | DI31: =(DG31/'Finance Only'!B34)*100 -> 3.2884184 | DJ31: =DK30 -> 665990 | DK31: 666610 | DL31: =MAX(0,DK31-DJ31) -> 620 | DM31: =DL31-DL30 -> -40 | DN31: =(DL31/'Finance Only'!B34)*100 -> 2.4863651 | DO31: =DP30 -> 360790 | DP31: 361110 | DQ31: =MAX(0,DP31-DO31) -> 320 | DR31: =DQ31-DQ30 -> 0 | DS31: =(DQ31/'Finance Only'!B34)*100 -> 1.2832852 | DT31: =DU30 -> 120370 | DU31: 120500 | DV31: =MAX(0,DU31-DT31) -> 130 | DW31: =DV31-DV30 -> -60 | DX31: =(DV31/'Finance Only'!B34)*100 -> 0.52133462 | DY31: =DZ30 -> 772590 | DZ31: 773630 | EA31: =MAX(0,DZ31-DY31) -> 1040 | EB31: =EA31-EA30 -> 110 | EC31: =(EA31/'Finance Only'!B34)*100 -> 4.1706769 | ED31: =EE30 -> 245460 | EE31: 245760 | EF31: =MAX(0,EE31-ED31) -> 300 | EG31: =EF31-EF30 -> 20 | EH31: =(EF31/'Finance Only'!B34)*100 -> 1.2030799 | EI31: =EJ30 -> 278580 | EJ31: 278950 | EK31: =MAX(0,EJ31-EI31) -> 370 | EL31: =EK31-EK30 -> 0 | EM31: =(EK31/'Finance Only'!B34)*100 -> 1.4837985 | EN31: =EO30 -> 455020 | EO31: 456090 | EP31: =MAX(0,EO31-EN31) -> 1070 | EQ31: =EP31-EP30 -> 50 | ER31: =(EP31/'Finance Only'!B34)*100 -> 4.2909849 | ES31: =ET30 -> 0 | EU31: =MAX(0,ET31-ES31) -> 0 | EV31: =EU31-EU30 -> 0 | EW31: =(EU31/'Finance Only'!B34)*100 -> 0 | EX31: =EY30 -> 0 | EZ31: =MAX(0,EY31-EX31) -> 0 | FA31: =EZ31-EZ30 -> 0 | FB31: =(EZ31/'Finance Only'!G34)*100 -> 0 | FC31: =FD30 -> 0 | FE31: =MAX(0,FD31-FC31) -> 0 | FF31: =FE31-FE30 -> 0 | FG31: =(FE31/'Finance Only'!M34)*100 -> #DIV/0! | FM31: =FN30 -> 0 | FO31: =MAX(0,FN31-FM31) -> 0 | FP31: =FO31-FO30 -> 0 | FQ31: =(FO31/'Finance Only'!R34)*100 -> #DIV/0! | FR31: =FS30 -> 0 | FT31: =MAX(0,FS31-FR31) -> 0 | FU31: =FT31-FT30 -> 0 | FV31: =(FT31/'Finance Only'!W34)*100 -> #DIV/0! | FW31: =FX30 -> 0 | FY31: =MAX(0,FX31-FW31) -> 0 | FZ31: =FY31-FY30 -> 0 | GA31: =(FY31/'Finance Only'!AB34)*100 -> #DIV/0! | GC31: =SUM(E31+J31) -> 7826 | GE31: =SUM(T31+Y31+EA31+EF31+EK31+EP31) -> 7777 | GG31: =SUM(AO31+AT31) -> 2200 | GI31: =SUM(AY31+BD31+BI31) -> 4320 | GK31: =SUM(BN31+BS31+EU31) -> 560 | GM31: =SUM(EZ31+FE31) -> 0
A32: 28 | B32: ='Finance Only'!G35 -> 32 | C32: =D31 -> 27284748 | D32: 27288749 | E32: =MAX(0,D32-C32) -> 4001 | F32: =E32-E31 -> 214 | G32: =(E32/'Finance Only'!B35)*100 -> 15.865022 | H32: =I31 -> 25221418 | I32: 25225483 | J32: =MAX(0,I32-H32) -> 4065 | K32: =J32-J31 -> 26 | L32: =(J32/'Finance Only'!B35)*100 -> 16.118799 | M32: =N31 -> 92782020 | N32: 92793586 | O32: =MAX(0,N32-M32) -> 11566 | P32: =O32-O31 -> 655 | Q32: =(O32/'Finance Only'!B35)*100 -> 45.862247 | R32: =S31 -> 3209800 | S32: 3212200 | T32: =MAX(0,S32-R32) -> 2400 | U32: =T32-T31 -> 200 | V32: =(T32/'Finance Only'!B35)*100 -> 9.5166343 | W32: =X31 -> 4304861 | X32: 4307729 | Y32: =MAX(0,X32-W32) -> 2868 | Z32: =Y32-Y31 -> 71 | AA32: =(Y32/'Finance Only'!B35)*100 -> 11.372378 | AB32: =AC31 -> 2798200 | AC32: 2798200 | AD32: =MAX(0,AC32-AB32) -> 0 | AE32: =AD32/WATER!V33 -> 0 | AF32: =AD32-AD31 -> -1900 | AG32: =(AD32/'Finance Only'!B35)*100 -> 0 | AH32: =AI31 -> 1118014 | AI32: 1118507 | AJ32: =MAX(0,AI32-AH32) -> 493 | AK32: =AJ32-AJ31 -> 63 | AL32: =(AJ32/'Finance Only'!B35)*100 -> 1.9548753 | AM32: =AN31 -> 1138700 | AN32: 1139400 | AO32: =MAX(0,AN32-AM32) -> 700 | AP32: =AO32-AO31 -> 100 | AQ32: =(AO32/'Finance Only'!B35)*100 -> 2.775685 | AR32: =AS31 -> 2540400 | AS32: 2541700 | AT32: =MAX(0,AS32-AR32) -> 1300 | AU32: =AT32-AT31 -> -300 | AV32: =(AT32/'Finance Only'!B35)*100 -> 5.1548436 | AW32: =AX31 -> 354550 | AX32: 358110 | AY32: =MAX(0,AX32-AW32) -> 3560 | AZ32: =AY32-AY31 -> -60 | BA32: =(AY32/'Finance Only'!B35)*100 -> 14.116341 | BB32: =BC31 -> 1018100 | BC32: 1018500 | BD32: =MAX(0,BC32-BB32) -> 400 | BE32: =BD32-BD31 -> 0 | BF32: =(BD32/'Finance Only'!B35)*100 -> 1.5861057 | BG32: =BH31 -> 1088600 | BH32: 1088900 | BI32: =MAX(0,BH32-BG32) -> 300 | BJ32: =BI32-BI31 -> 0 | BK32: =(BI32/'Finance Only'!B35)*100 -> 1.1895793 | BL32: =BM31 -> 1622600 | BM32: 1623200 | BN32: =MAX(0,BM32-BL32) -> 600 | BO32: =BN32-BN31 -> 200 | BP32: =(BN32/'Finance Only'!B35)*100 -> 2.3791586 | BQ32: =BR31 -> 144910 | BR32: 145070 | BS32: =MAX(0,BR32-BQ32) -> 160 | BT32: =BS32-BS31 -> 0 | BU32: =(BS32/'Finance Only'!B35)*100 -> 0.63444229 | BV32: =BW31 -> 606420 | BW32: 606930 | BX32: =MAX(0,BW32-BV32) -> 510 | BY32: =BX32-BX31 -> 90 | BZ32: =(BX32/'Finance Only'!B35)*100 -> 2.0222848 | CA32: =CB31 -> 1146300 | CB32: 1147500 | CC32: =MAX(0,CB32-CA32) -> 1200 | CD32: =CC32-CC31 -> 100 | CE32: =(CC32/'Finance Only'!B35)*100 -> 4.7583171 | CF32: =CG31 -> 377660 | CG32: 378040 | CH32: =MAX(0,CG32-CF32) -> 380 | CI32: =CH32-CH31 -> -10 | CJ32: =(CH32/'Finance Only'!B35)*100 -> 1.5068004 | CK32: =CL31 -> 874770 | CL32: 875610 | CM32: =MAX(0,CL32-CK32) -> 840 | CN32: =CM32-CM31 -> -150 | CO32: =(CM32/'Finance Only'!B35)*100 -> 3.330822 | CP32: =CQ31 -> 725060 | CQ32: 725060 | CR32: =MAX(0,CQ32-CP32) -> 0 | CS32: =CR32-CR31 -> -780 | CT32: =(CR32/'Finance Only'!B35)*100 -> 0 | CU32: =CV31 -> 599180 | CV32: 599690 | CW32: =MAX(0,CV32-CU32) -> 510 | CX32: =CW32-CW31 -> -10 | CY32: =(CW32/'Finance Only'!B35)*100 -> 2.0222848 | CZ32: =DA31 -> 1005400 | DA32: 1006400 | DB32: =MAX(0,DA32-CZ32) -> 1000 | DC32: =DB32-DB31 -> -1100 | DD32: =(DB32/'Finance Only'!B35)*100 -> 3.9652643 | DE32: =DF31 -> 770000 | DF32: 770810 | DG32: =MAX(0,DF32-DE32) -> 810 | DH32: =DG32-DG31 -> -10 | DI32: =(DG32/'Finance Only'!B35)*100 -> 3.2118641 | DJ32: =DK31 -> 666610 | DK32: 667140 | DL32: =MAX(0,DK32-DJ32) -> 530 | DM32: =DL32-DL31 -> -90 | DN32: =(DL32/'Finance Only'!B35)*100 -> 2.1015901 | DO32: =DP31 -> 361110 | DP32: 361410 | DQ32: =MAX(0,DP32-DO32) -> 300 | DR32: =DQ32-DQ31 -> -20 | DS32: =(DQ32/'Finance Only'!B35)*100 -> 1.1895793 | DT32: =DU31 -> 120500 | DU32: 120640 | DV32: =MAX(0,DU32-DT32) -> 140 | DW32: =DV32-DV31 -> 10 | DX32: =(DV32/'Finance Only'!B35)*100 -> 0.555137 | DY32: =DZ31 -> 773630 | DZ32: 774570 | EA32: =MAX(0,DZ32-DY32) -> 940 | EB32: =EA32-EA31 -> -100 | EC32: =(EA32/'Finance Only'!B35)*100 -> 3.7273484 | ED32: =EE31 -> 245760 | EE32: 246040 | EF32: =MAX(0,EE32-ED32) -> 280 | EG32: =EF32-EF31 -> -20 | EH32: =(EF32/'Finance Only'!B35)*100 -> 1.110274 | EI32: =EJ31 -> 278950 | EJ32: 279300 | EK32: =MAX(0,EJ32-EI32) -> 350 | EL32: =EK32-EK31 -> -20 | EM32: =(EK32/'Finance Only'!B35)*100 -> 1.3878425 | EN32: =EO31 -> 456090 | EO32: 456620 | EP32: =MAX(0,EO32-EN32) -> 530 | EQ32: =EP32-EP31 -> -540 | ER32: =(EP32/'Finance Only'!B35)*100 -> 2.1015901 | ES32: =ET31 -> 0 | EU32: =MAX(0,ET32-ES32) -> 0 | EV32: =EU32-EU31 -> 0 | EW32: =(EU32/'Finance Only'!B35)*100 -> 0 | EX32: =EY31 -> 0 | EZ32: =MAX(0,EY32-EX32) -> 0 | FA32: =EZ32-EZ31 -> 0 | FB32: =(EZ32/'Finance Only'!G35)*100 -> 0 | FC32: =FD31 -> 0 | FE32: =MAX(0,FD32-FC32) -> 0 | FF32: =FE32-FE31 -> 0 | FG32: =(FE32/'Finance Only'!M35)*100 -> #DIV/0! | FM32: =FN31 -> 0 | FO32: =MAX(0,FN32-FM32) -> 0 | FP32: =FO32-FO31 -> 0 | FQ32: =(FO32/'Finance Only'!R35)*100 -> #DIV/0! | FR32: =FS31 -> 0 | FT32: =MAX(0,FS32-FR32) -> 0 | FU32: =FT32-FT31 -> 0 | FV32: =(FT32/'Finance Only'!W35)*100 -> #DIV/0! | FW32: =FX31 -> 0 | FY32: =MAX(0,FX32-FW32) -> 0 | FZ32: =FY32-FY31 -> 0 | GA32: =(FY32/'Finance Only'!AB35)*100 -> #DIV/0! | GC32: =SUM(E32+J32) -> 8066 | GE32: =SUM(T32+Y32+EA32+EF32+EK32+EP32) -> 7368 | GG32: =SUM(AO32+AT32) -> 2000 | GI32: =SUM(AY32+BD32+BI32) -> 4260 | GK32: =SUM(BN32+BS32+EU32) -> 760 | GM32: =SUM(EZ32+FE32) -> 0
A33: 29 | B33: ='Finance Only'!G36 -> 38.8 | C33: =D32 -> 27288749 | D33: 27292614 | E33: =MAX(0,D33-C33) -> 3865 | F33: =E33-E32 -> -136 | G33: =(E33/'Finance Only'!B36)*100 -> 15.002135 | H33: =I32 -> 25225483 | I33: 25229693 | J33: =MAX(0,I33-H33) -> 4210 | K33: =J33-J32 -> 145 | L33: =(J33/'Finance Only'!B36)*100 -> 16.341265 | M33: =N32 -> 92793586 | N33: 92805280 | O33: =MAX(0,N33-M33) -> 11694 | P33: =O33-O32 -> 128 | Q33: =(O33/'Finance Only'!B36)*100 -> 45.390677 | R33: =S32 -> 3212200 | S33: 3214600 | T33: =MAX(0,S33-R33) -> 2400 | U33: =T33-T32 -> 0 | V33: =(T33/'Finance Only'!B36)*100 -> 9.3156853 | W33: =X32 -> 4307729 | X33: 4310562 | Y33: =MAX(0,X33-W33) -> 2833 | Z33: =Y33-Y32 -> -35 | AA33: =(Y33/'Finance Only'!B36)*100 -> 10.99639 | AB33: =AC32 -> 2798200 | AC33: 2799700 | AD33: =MAX(0,AC33-AB33) -> 1500 | AE33: =AD33/WATER!V34 -> 4.4117647 | AF33: =AD33-AD32 -> 1500 | AG33: =(AD33/'Finance Only'!B36)*100 -> 5.8223033 | AH33: =AI32 -> 1118507 | AI33: 1118961 | AJ33: =MAX(0,AI33-AH33) -> 454 | AK33: =AJ33-AJ32 -> -39 | AL33: =(AJ33/'Finance Only'!B36)*100 -> 1.7622171 | AM33: =AN32 -> 1139400 | AN33: 1140100 | AO33: =MAX(0,AN33-AM33) -> 700 | AP33: =AO33-AO32 -> 0 | AQ33: =(AO33/'Finance Only'!B36)*100 -> 2.7170749 | AR33: =AS32 -> 2541700 | AS33: 2543200 | AT33: =MAX(0,AS33-AR33) -> 1500 | AU33: =AT33-AT32 -> 200 | AV33: =(AT33/'Finance Only'!B36)*100 -> 5.8223033 | AW33: =AX32 -> 358110 | AX33: 361940 | AY33: =MAX(0,AX33-AW33) -> 3830 | AZ33: =AY33-AY32 -> 270 | BA33: =(AY33/'Finance Only'!B36)*100 -> 14.866281 | BB33: =BC32 -> 1018500 | BC33: 1018900 | BD33: =MAX(0,BC33-BB33) -> 400 | BE33: =BD33-BD32 -> 0 | BF33: =(BD33/'Finance Only'!B36)*100 -> 1.5526142 | BG33: =BH32 -> 1088900 | BH33: 1089200 | BI33: =MAX(0,BH33-BG33) -> 300 | BJ33: =BI33-BI32 -> 0 | BK33: =(BI33/'Finance Only'!B36)*100 -> 1.1644607 | BL33: =BM32 -> 1623200 | BM33: 1623700 | BN33: =MAX(0,BM33-BL33) -> 500 | BO33: =BN33-BN32 -> -100 | BP33: =(BN33/'Finance Only'!B36)*100 -> 1.9407678 | BQ33: =BR32 -> 145070 | BR33: 145240 | BS33: =MAX(0,BR33-BQ33) -> 170 | BT33: =BS33-BS32 -> 10 | BU33: =(BS33/'Finance Only'!B36)*100 -> 0.65986104 | BV33: =BW32 -> 606930 | BW33: 607370 | BX33: =MAX(0,BW33-BV33) -> 440 | BY33: =BX33-BX32 -> -70 | BZ33: =(BX33/'Finance Only'!B36)*100 -> 1.7078756 | CA33: =CB32 -> 1147500 | CB33: 1148700 | CC33: =MAX(0,CB33-CA33) -> 1200 | CD33: =CC33-CC32 -> 0 | CE33: =(CC33/'Finance Only'!B36)*100 -> 4.6578426 | CF33: =CG32 -> 378040 | CG33: 378440 | CH33: =MAX(0,CG33-CF33) -> 400 | CI33: =CH33-CH32 -> 20 | CJ33: =(CH33/'Finance Only'!B36)*100 -> 1.5526142 | CK33: =CL32 -> 875610 | CL33: 876530 | CM33: =MAX(0,CL33-CK33) -> 920 | CN33: =CM33-CM32 -> 80 | CO33: =(CM33/'Finance Only'!B36)*100 -> 3.5710127 | CP33: =CQ32 -> 725060 | CQ33: 725810 | CR33: =MAX(0,CQ33-CP33) -> 750 | CS33: =CR33-CR32 -> 750 | CT33: =(CR33/'Finance Only'!B36)*100 -> 2.9111517 | CU33: =CV32 -> 599690 | CV33: 600250 | CW33: =MAX(0,CV33-CU33) -> 560 | CX33: =CW33-CW32 -> 50 | CY33: =(CW33/'Finance Only'!B36)*100 -> 2.1736599 | CZ33: =DA32 -> 1006400 | DA33: 1006400 | DB33: =MAX(0,DA33-CZ33) -> 0 | DC33: =DB33-DB32 -> -1000 | DD33: =(DB33/'Finance Only'!B36)*100 -> 0 | DE33: =DF32 -> 770810 | DF33: 771630 | DG33: =MAX(0,DF33-DE33) -> 820 | DH33: =DG33-DG32 -> 10 | DI33: =(DG33/'Finance Only'!B36)*100 -> 3.1828591 | DJ33: =DK32 -> 667140 | DK33: 667770 | DL33: =MAX(0,DK33-DJ33) -> 630 | DM33: =DL33-DL32 -> 100 | DN33: =(DL33/'Finance Only'!B36)*100 -> 2.4453674 | DO33: =DP32 -> 361410 | DP33: 361710 | DQ33: =MAX(0,DP33-DO33) -> 300 | DR33: =DQ33-DQ32 -> 0 | DS33: =(DQ33/'Finance Only'!B36)*100 -> 1.1644607 | DT33: =DU32 -> 120640 | DU33: 120900 | DV33: =MAX(0,DU33-DT33) -> 260 | DW33: =DV33-DV32 -> 120 | DX33: =(DV33/'Finance Only'!B36)*100 -> 1.0091992 | DY33: =DZ32 -> 774570 | DZ33: 775550 | EA33: =MAX(0,DZ33-DY33) -> 980 | EB33: =EA33-EA32 -> 40 | EC33: =(EA33/'Finance Only'!B36)*100 -> 3.8039048 | ED33: =EE32 -> 246040 | EE33: 246330 | EF33: =MAX(0,EE33-ED33) -> 290 | EG33: =EF33-EF32 -> 10 | EH33: =(EF33/'Finance Only'!B36)*100 -> 1.1256453 | EI33: =EJ32 -> 279300 | EJ33: 279300 | EK33: =MAX(0,EJ33-EI33) -> 0 | EL33: =EK33-EK32 -> -350 | EM33: =(EK33/'Finance Only'!B36)*100 -> 0 | EN33: =EO32 -> 456620 | EO33: 456620 | EP33: =MAX(0,EO33-EN33) -> 0 | EQ33: =EP33-EP32 -> -530 | ER33: =(EP33/'Finance Only'!B36)*100 -> 0 | ES33: =ET32 -> 0 | EU33: =MAX(0,ET33-ES33) -> 0 | EV33: =EU33-EU32 -> 0 | EW33: =(EU33/'Finance Only'!B36)*100 -> 0 | EX33: =EY32 -> 0 | EZ33: =MAX(0,EY33-EX33) -> 0 | FA33: =EZ33-EZ32 -> 0 | FB33: =(EZ33/'Finance Only'!G36)*100 -> 0 | FC33: =FD32 -> 0 | FE33: =MAX(0,FD33-FC33) -> 0 | FF33: =FE33-FE32 -> 0 | FG33: =(FE33/'Finance Only'!M36)*100 -> #DIV/0! | FM33: =FN32 -> 0 | FO33: =MAX(0,FN33-FM33) -> 0 | FP33: =FO33-FO32 -> 0 | FQ33: =(FO33/'Finance Only'!R36)*100 -> #DIV/0! | FR33: =FS32 -> 0 | FT33: =MAX(0,FS33-FR33) -> 0 | FU33: =FT33-FT32 -> 0 | FV33: =(FT33/'Finance Only'!W36)*100 -> #DIV/0! | FW33: =FX32 -> 0 | FY33: =MAX(0,FX33-FW33) -> 0 | FZ33: =FY33-FY32 -> 0 | GA33: =(FY33/'Finance Only'!AB36)*100 -> #DIV/0! | GC33: =SUM(E33+J33) -> 8075 | GE33: =SUM(T33+Y33+EA33+EF33+EK33+EP33) -> 6503 | GG33: =SUM(AO33+AT33) -> 2200 | GI33: =SUM(AY33+BD33+BI33) -> 4530 | GK33: =SUM(BN33+BS33+EU33) -> 670 | GM33: =SUM(EZ33+FE33) -> 0
A34: 30 | B34: ='Finance Only'!G37 -> 18 | C34: =D33 -> 27292614 | D34: 27296411 | E34: =MAX(0,D34-C34) -> 3797 | F34: =E34-E33 -> -68 | G34: =(E34/'Finance Only'!B37)*100 -> 14.624658 | H34: =I33 -> 25229693 | I34: 25234086 | J34: =MAX(0,I34-H34) -> 4393 | K34: =J34-J33 -> 183 | L34: =(J34/'Finance Only'!B37)*100 -> 16.920233 | M34: =N33 -> 92805280 | N34: 92817126 | O34: =MAX(0,N34-M34) -> 11846 | P34: =O34-O33 -> 152 | Q34: =(O34/'Finance Only'!B37)*100 -> 45.626468 | R34: =S33 -> 3214600 | S34: 3217000 | T34: =MAX(0,S34-R34) -> 2400 | U34: =T34-T33 -> 0 | V34: =(T34/'Finance Only'!B37)*100 -> 9.243924 | W34: =X33 -> 4310562 | X34: 4313370 | Y34: =MAX(0,X34-W34) -> 2808 | Z34: =Y34-Y33 -> -25 | AA34: =(Y34/'Finance Only'!B37)*100 -> 10.815391 | AB34: =AC33 -> 2799700 | AC34: 2803600 | AD34: =MAX(0,AC34-AB34) -> 3900 | AE34: =AD34/WATER!V35 -> 11.048159 | AF34: =AD34-AD33 -> 2400 | AG34: =(AD34/'Finance Only'!B37)*100 -> 15.021377 | AH34: =AI33 -> 1118961 | AI34: 1119368 | AJ34: =MAX(0,AI34-AH34) -> 407 | AK34: =AJ34-AJ33 -> -47 | AL34: =(AJ34/'Finance Only'!B37)*100 -> 1.5676155 | AM34: =AN33 -> 1140100 | AN34: 1140800 | AO34: =MAX(0,AN34-AM34) -> 700 | AP34: =AO34-AO33 -> 0 | AQ34: =(AO34/'Finance Only'!B37)*100 -> 2.6961445 | AR34: =AS33 -> 2543200 | AS34: 2544500 | AT34: =MAX(0,AS34-AR34) -> 1300 | AU34: =AT34-AT33 -> -200 | AV34: =(AT34/'Finance Only'!B37)*100 -> 5.0071255 | AW34: =AX33 -> 361940 | AX34: 365870 | AY34: =MAX(0,AX34-AW34) -> 3930 | AZ34: =AY34-AY33 -> 100 | BA34: =(AY34/'Finance Only'!B37)*100 -> 15.136926 | BB34: =BC33 -> 1018900 | BC34: 1019300 | BD34: =MAX(0,BC34-BB34) -> 400 | BE34: =BD34-BD33 -> 0 | BF34: =(BD34/'Finance Only'!B37)*100 -> 1.540654 | BG34: =BH33 -> 1089200 | BH34: 1089500 | BI34: =MAX(0,BH34-BG34) -> 300 | BJ34: =BI34-BI33 -> 0 | BK34: =(BI34/'Finance Only'!B37)*100 -> 1.1554905 | BL34: =BM33 -> 1623700 | BM34: 1624200 | BN34: =MAX(0,BM34-BL34) -> 500 | BO34: =BN34-BN33 -> 0 | BP34: =(BN34/'Finance Only'!B37)*100 -> 1.9258175 | BQ34: =BR33 -> 145240 | BR34: 145410 | BS34: =MAX(0,BR34-BQ34) -> 170 | BT34: =BS34-BS33 -> 0 | BU34: =(BS34/'Finance Only'!B37)*100 -> 0.65477795 | BV34: =BW33 -> 607370 | BW34: 607810 | BX34: =MAX(0,BW34-BV34) -> 440 | BY34: =BX34-BX33 -> 0 | BZ34: =(BX34/'Finance Only'!B37)*100 -> 1.6947194 | CA34: =CB33 -> 1148700 | CB34: 1150000 | CC34: =MAX(0,CB34-CA34) -> 1300 | CD34: =CC34-CC33 -> 100 | CE34: =(CC34/'Finance Only'!B37)*100 -> 5.0071255 | CF34: =CG33 -> 378440 | CG34: 379180 | CH34: =MAX(0,CG34-CF34) -> 740 | CI34: =CH34-CH33 -> 340 | CJ34: =(CH34/'Finance Only'!B37)*100 -> 2.8502099 | CK34: =CL33 -> 876530 | CL34: 877370 | CM34: =MAX(0,CL34-CK34) -> 840 | CN34: =CM34-CM33 -> -80 | CO34: =(CM34/'Finance Only'!B37)*100 -> 3.2353734 | CP34: =CQ33 -> 725810 | CQ34: 727580 | CR34: =MAX(0,CQ34-CP34) -> 1770 | CS34: =CR34-CR33 -> 1020 | CT34: =(CR34/'Finance Only'!B37)*100 -> 6.817394 | CU34: =CV33 -> 600250 | CV34: 601430 | CW34: =MAX(0,CV34-CU34) -> 1180 | CX34: =CW34-CW33 -> 620 | CY34: =(CW34/'Finance Only'!B37)*100 -> 4.5449293 | CZ34: =DA33 -> 1006400 | DA34: 1007400 | DB34: =MAX(0,DA34-CZ34) -> 1000 | DC34: =DB34-DB33 -> 1000 | DD34: =(DB34/'Finance Only'!B37)*100 -> 3.851635 | DE34: =DF33 -> 771630 | DF34: 772470 | DG34: =MAX(0,DF34-DE34) -> 840 | DH34: =DG34-DG33 -> 20 | DI34: =(DG34/'Finance Only'!B37)*100 -> 3.2353734 | DJ34: =DK33 -> 667770 | DK34: 668400 | DL34: =MAX(0,DK34-DJ34) -> 630 | DM34: =DL34-DL33 -> 0 | DN34: =(DL34/'Finance Only'!B37)*100 -> 2.4265301 | DO34: =DP33 -> 361710 | DP34: 361710 | DQ34: =MAX(0,DP34-DO34) -> 0 | DR34: =DQ34-DQ33 -> -300 | DS34: =(DQ34/'Finance Only'!B37)*100 -> 0 | DT34: =DU33 -> 120900 | DU34: 120900 | DV34: =MAX(0,DU34-DT34) -> 0 | DW34: =DV34-DV33 -> -260 | DX34: =(DV34/'Finance Only'!B37)*100 -> 0 | DY34: =DZ33 -> 775550 | DZ34: 776480 | EA34: =MAX(0,DZ34-DY34) -> 930 | EB34: =EA34-EA33 -> -50 | EC34: =(EA34/'Finance Only'!B37)*100 -> 3.5820206 | ED34: =EE33 -> 246330 | EE34: 246590 | EF34: =MAX(0,EE34-ED34) -> 260 | EG34: =EF34-EF33 -> -30 | EH34: =(EF34/'Finance Only'!B37)*100 -> 1.0014251 | EI34: =EJ33 -> 279300 | EJ34: 280070 | EK34: =MAX(0,EJ34-EI34) -> 770 | EL34: =EK34-EK33 -> 770 | EM34: =(EK34/'Finance Only'!B37)*100 -> 2.965759 | EN34: =EO33 -> 456620 | EO34: 457110 | EP34: =MAX(0,EO34-EN34) -> 490 | EQ34: =EP34-EP33 -> 490 | ER34: =(EP34/'Finance Only'!B37)*100 -> 1.8873012 | ES34: =ET33 -> 0 | EU34: =MAX(0,ET34-ES34) -> 0 | EV34: =EU34-EU33 -> 0 | EW34: =(EU34/'Finance Only'!B37)*100 -> 0 | EX34: =EY33 -> 0 | EZ34: =MAX(0,EY34-EX34) -> 0 | FA34: =EZ34-EZ33 -> 0 | FB34: =(EZ34/'Finance Only'!G37)*100 -> 0 | FC34: =FD33 -> 0 | FE34: =MAX(0,FD34-FC34) -> 0 | FF34: =FE34-FE33 -> 0 | FG34: =(FE34/'Finance Only'!M37)*100 -> #DIV/0! | FM34: =FN33 -> 0 | FO34: =MAX(0,FN34-FM34) -> 0 | FP34: =FO34-FO33 -> 0 | FQ34: =(FO34/'Finance Only'!R37)*100 -> #DIV/0! | FR34: =FS33 -> 0 | FT34: =MAX(0,FS34-FR34) -> 0 | FU34: =FT34-FT33 -> 0 | FV34: =(FT34/'Finance Only'!W37)*100 -> #DIV/0! | FW34: =FX33 -> 0 | FY34: =MAX(0,FX34-FW34) -> 0 | FZ34: =FY34-FY33 -> 0 | GA34: =(FY34/'Finance Only'!AB37)*100 -> #DIV/0! | GC34: =SUM(E34+J34) -> 8190 | GE34: =SUM(T34+Y34+EA34+EF34+EK34+EP34) -> 7658 | GG34: =SUM(AO34+AT34) -> 2000 | GI34: =SUM(AY34+BD34+BI34) -> 4630 | GK34: =SUM(BN34+BS34+EU34) -> 670 | GM34: =SUM(EZ34+FE34) -> 0
A35: Total | E35: =SUM(E5:E34) -> 115379 | J35: =SUM(J5:J34) -> 117835 | O35: =SUM(O5:O34) -> 345965 | T35: =SUM(T5:T34) -> 70900 | Y35: =SUM(Y5:Y34) -> 84982 | AD35: =SUM(AD5:AD34) -> 54200 | AJ35: =SUM(AJ5:AJ34) -> 14457 | AO35: =SUM(AO5:AO34) -> 20900 | AT35: =SUM(AT5:AT34) -> 42700 | AY35: =SUM(AY5:AY34) -> 111840 | BD35: =SUM(BD5:BD34) -> 12300 | BI35: =SUM(BI5:BI34) -> 8100 | BN35: =SUM(BN5:BN34) -> 15700 | BS35: =SUM(BS5:BS34) -> 4720 | BX35: =SUM(BX5:BX34) -> 12770 | CC35: =SUM(CC5:CC34) -> 34700 | CH35: =SUM(CH5:CH34) -> 12610 | CM35: =SUM(CM5:CM34) -> 25370 | CR35: =SUM(CR5:CR34) -> 21730 | CW35: =SUM(CW5:CW34) -> 16190 | DB35: =SUM(DB5:DB34) -> 29770 | DG35: =SUM(DG5:DG34) -> 22790 | DL35: =SUM(DL5:DL34) -> 18510 | DQ35: =SUM(DQ5:DQ34) -> 8500 | DV35: =SUM(DV5:DV34) -> 4280 | EA35: =SUM(EA5:EA34) -> 28400 | EF35: =SUM(EF5:EF34) -> 8050 | EK35: =SUM(EK5:EK34) -> 10230 | EP35: =SUM(EP5:EP34) -> 15230 | EU35: =SUM(EU5:EU34) -> 0 | EZ35: =SUM(EZ5:EZ34) -> 0 | FE35: =SUM(FE5:FE34) -> 0 | FO35: =SUM(FO5:FO34) -> 0

Sheet WATER
A1: RO Plant Water Production Reading | AA1: Water Consumption by locations
A3: Month | C3: {='FEEDER Consumption '!A1:C1} -> 44867 | D3: 0 | E3: 0
A4: R/O Plant A | F4: R/O Plant B | K4: R/O Plant C | P4: R/O Plant D | U4: Total Production - Average Prod 380 m3 | AA4: Laundry | AG4: Staff Block - E0 | AL4: Staff Block - E1 | AQ4: Staff Block - E2 | AV4: Staff Block - E3 | BA4: Staff Block - E4 | BF4: Staff Block - E5 | BK4: Management Block | BP4: PC Block | BU4: GM Bungalow | BZ4: Boat Dock | CE4: Supply Jetty | CJ4: Main Kitchen | CO4: Day Facility | CT4: Reception | CY4: Main Pool | DD4: Dive Center | DI4: Albarakthu | DN4: Blu Resturant | DS4: Main Jetty | DX4: Landaa Estate | EC4: TG Group | EF4: 3rd Party Kitchen | EI4: HRD | EL4: Jiaz | EO4: Hikawi | ER4: Orchid Garden | EU4: Spa Auvrevdic | EX4: 227 Pantry | FA4: Spa Garden 1 - GKM21A303117A | FD4: Hose 1 | FG4: Hose 2 | FJ4: Hose 3 | FM4: Hose 4 | FP4: Main Pool
A5: DAY | B5: YESTARDAY | C5: TODAY | D5: Production (M3) | F5: DAY | G5: YESTARDAY | H5: TODAY | I5: Production (M3) | K5: DAY | L5: YESTARDAY | M5: TODAY | N5: Production (M3) | P5: DAY | Q5: YESTARDAY | R5: TODAY | S5: Production (M3) | U5: Day | V5: Water | W5: Occ% | X5: Total Number of Guests | Y5: Water Consumption per Guest | AA5: DAY | AB5: Yesterday | AC5: Today | AD5: Usage (m3) | AE5: Variance (Today vs Ystday) | AF5: % | AG5: Yesterday | AH5: Today | AI5: Usage (m3) | AJ5: Variance (Today vs Ystday) | AK5: % | AL5: Yesterday | AM5: Today | AN5: Usage (m3) | AO5: Variance (Today vs Ystday) | AP5: % | AQ5: Yesterday | AR5: Today | AS5: Usage (m3) | AT5: Variance (Today vs Ystday) | AU5: % | AV5: Yesterday | AW5: Today | AX5: Usage (m3) | AY5: Variance (Today vs Ystday) | AZ5: % | BA5: Yesterday | BB5: Today | BC5: Usage (m3) | BD5: Variance (Today vs Ystday) | BE5: % | BF5: Yesterday | BG5: Today | BH5: Usage (m3) | BI5: Variance (Today vs Ystday) | BJ5: % | BK5: Yesterday | BL5: Today | BM5: Usage (m3) | BN5: Variance (Today vs Ystday) | BO5: % | BP5: Yesterday | BQ5: Today | BR5: Usage (m3) | BS5: Variance (Today vs Ystday) | BT5: % | BU5: Yesterday | BV5: Today | BW5: Usage (m3) | BX5: Variance (Today vs Ystday) | BY5: % | BZ5: Yesterday | CA5: Today | CB5: Usage | CC5: Variance (Today vs Ystday) | CD5: % | CE5: Yesterday | CF5: Today | CG5: Usage (m3) | CH5: Variance (Today vs Ystday) | CI5: % | CJ5: Yesterday | CK5: Today | CL5: Usage (m3) | CM5: Variance (Today vs Ystday) | CN5: % | CO5: Yesterday | CP5: Today | CQ5: Usage (m3) | CR5: Variance (Today vs Ystday) | CS5: % | CT5: Yesterday | CU5: Today | CV5: Usage | CW5: Variance (Today vs Ystday) | CX5: % | CY5: Yesterday | CZ5: Today | DA5: Usage (m3) | DB5: Variance (Today vs Ystday) | DC5: % | DD5: Yesterday | DE5: Today | DF5: Usage | DG5: Variance (Today vs Ystday) | DH5: % | DI5: Yesterday | DJ5: Today | DK5: Usage (m3) | DL5: Variance (Today vs Ystday) | DM5: % | DN5: Yesterday | DO5: Today | DP5: Usage (m3) | DQ5: Variance (Today vs Ystday) | DR5: % | DS5: Yesterday | DT5: Today | DU5: Usage | DV5: Variance (Today vs Ystday) | DW5: % | DX5: Yesterday | DY5: Today | DZ5: Usage (m3) | EA5: Variance (Today vs Ystday) | EB5: % | EC5: Yesterday | ED5: Today | EE5: Usage (m3) | EF5: Yesterday | EG5: Today | EH5: Usage (m3) | EI5: Yesterday | EJ5: Today | EK5: Usage (m3) | EL5: Yesterday | EM5: Today | EN5: Usage (m3) | EO5: Yesterday | EP5: Today | EQ5: Usage (m3) | ER5: Yesterday | ES5: Today | ET5: Usage (m3) | EU5: Yesterday | EV5: Today | EW5: Usage (m3) | EX5: Yesterday | EY5: Today | EZ5: Usage (m3) | FA5: Yesterday | FB5: Today | FC5: Usage (m3) | FD5: Yesterday | FE5: Today | FF5: Usage (m3) | FG5: Yesterday | FH5: Today | FI5: Usage (m3) | FJ5: Yesterday | FK5: Today | FL5: Usage (m3) | FM5: Yesterday | FN5: Today | FO5: Usage (m3) | FP5: Yesterday | FQ5: Today | FR5: Usage (m3)
