Workbook

Sheet TOTAL
A1: Site Name | B1: Day | C1: Month | D1: Year | E1: Total Electricity Kwh | F1: Electricity Tariff ($/Kwh) | G1: LPG (Kg) | H1: LPG $/Kg | I1: Water Utility Supply (m3) m3 | J1: Water Utility Supply (m3) $/m3 | K1: Room Nights | L1: Food Covers
A2: Maldives at Landaa Giraavaru | B2: 1 | C2: 10 | D2: 2022 | E2: ='Maldives at LG Daily'!D5 -> 23230 | F2: 0.832 | G2: ='Maldives at LG Daily'!F5 -> 270 | H2: 1.24 | I2: ='Maldives at LG Daily'!H5 -> 7742 | J2: 0 | K2: ='Maldives at LG Daily'!I5 -> 0 | L2: ='Maldives at LG Daily'!J5 -> 2524
A3: Maldives at Landaa Giraavaru | B3: 2 | C3: 10 | D3: 2022 | E3: ='Maldives at LG Daily'!D6 -> 22901 | F3: 0.832 | G3: ='Maldives at LG Daily'!F6 -> 0 | H3: 1.24 | I3: ='Maldives at LG Daily'!H6 -> 6795 | J3: 0 | K3: ='Maldives at LG Daily'!I6 -> 0 | L3: ='Maldives at LG Daily'!J6 -> 240
A4: Maldives at Landaa Giraavaru | B4: 3 | C4: 10 | D4: 2022 | E4: ='Maldives at LG Daily'!D7 -> 23398 | F4: 0.832 | G4: ='Maldives at LG Daily'!F7 -> 45 | H4: 1.24 | I4: ='Maldives at LG Daily'!H7 -> 6146 | J4: 0 | K4: ='Maldives at LG Daily'!I7 -> 0 | L4: ='Maldives at LG Daily'!J7 -> 1563
A5: Maldives at Landaa Giraavaru | B5: 4 | C5: 10 | D5: 2022 | E5: ='Maldives at LG Daily'!D8 -> 24673 | F5: 0.832 | G5: ='Maldives at LG Daily'!F8 -> 0 | H5: 1.24 | I5: ='Maldives at LG Daily'!H8 -> 6238 | J5: 0 | K5: ='Maldives at LG Daily'!I8 -> 0 | L5: ='Maldives at LG Daily'!J8 -> 2154
A6: Maldives at Landaa Giraavaru | B6: 5 | C6: 10 | D6: 2022 | E6: ='Maldives at LG Daily'!D9 -> 25199 | F6: 0.832 | G6: ='Maldives at LG Daily'!F9 -> 0 | H6: 1.24 | I6: ='Maldives at LG Daily'!H9 -> 5870 | J6: 0 | K6: ='Maldives at LG Daily'!I9 -> 7678 | L6: ='Maldives at LG Daily'!J9 -> 2292
A7: Maldives at Landaa Giraavaru | B7: 6 | C7: 10 | D7: 2022 | E7: ='Maldives at LG Daily'!D10 -> 24031 | F7: 0.832 | G7: ='Maldives at LG Daily'!F10 -> 90 | H7: 1.24 | I7: ='Maldives at LG Daily'!H10 -> 10014 | J7: 0 | K7: ='Maldives at LG Daily'!I10 -> 2203 | L7: ='Maldives at LG Daily'!J10 -> 580
A8: Maldives at Landaa Giraavaru | B8: 7 | C8: 10 | D8: 2022 | E8: ='Maldives at LG Daily'!D11 -> 24598 | F8: 0.832 | G8: ='Maldives at LG Daily'!F11 -> 0 | H8: 1.24 | I8: ='Maldives at LG Daily'!H11 -> 17635 | J8: 0 | K8: ='Maldives at LG Daily'!I11 -> 0 | L8: ='Maldives at LG Daily'!J11 -> 3040
A9: Maldives at Landaa Giraavaru | B9: 8 | C9: 10 | D9: 2022 | E9: ='Maldives at LG Daily'!D12 -> 24492 | F9: 0.832 | G9: ='Maldives at LG Daily'!F12 -> 90 | H9: 1.24 | I9: ='Maldives at LG Daily'!H12 -> 7513 | J9: 0 | K9: ='Maldives at LG Daily'!I12 -> 0 | L9: ='Maldives at LG Daily'!J12 -> 2520
A10: Maldives at Landaa Giraavaru | B10: 9 | C10: 10 | D10: 2022 | E10: ='Maldives at LG Daily'!D13 -> 24788 | F10: 0.832 | G10: ='Maldives at LG Daily'!F13 -> 0 | H10: 1.24 | I10: ='Maldives at LG Daily'!H13 -> 5699 | J10: 0 | K10: ='Maldives at LG Daily'!I13 -> 0 | L10: ='Maldives at LG Daily'!J13 -> 2184
A11: Maldives at Landaa Giraavaru | B11: 10 | C11: 10 | D11: 2022 | E11: ='Maldives at LG Daily'!D14 -> 23241 | F11: 0.832 | G11: ='Maldives at LG Daily'!F14 -> 0 | H11: 1.24 | I11: ='Maldives at LG Daily'!H14 -> 6279 | J11: 0 | K11: ='Maldives at LG Daily'!I14 -> 0 | L11: ='Maldives at LG Daily'!J14 -> 1241
A12: Maldives at Landaa Giraavaru | B12: 11 | C12: 10 | D12: 2022 | E12: ='Maldives at LG Daily'!D15 -> 22785 | F12: 0.832 | G12: ='Maldives at LG Daily'!F15 -> 0 | H12: 1.24 | I12: ='Maldives at LG Daily'!H15 -> 5829 | J12: 0 | K12: ='Maldives at LG Daily'!I15 -> 0 | L12: ='Maldives at LG Daily'!J15 -> 270
A13: Maldives at Landaa Giraavaru | B13: 12 | C13: 10 | D13: 2022 | E13: ='Maldives at LG Daily'!D16 -> 20882 | F13: 0.832 | G13: ='Maldives at LG Daily'!F16 -> 135 | H13: 1.24 | I13: ='Maldives at LG Daily'!H16 -> 6063 | J13: 0 | K13: ='Maldives at LG Daily'!I16 -> 0 | L13: ='Maldives at LG Daily'!J16 -> 0
... A31: Maldives at Landaa Giraavaru | B31: 30 | C31: 10 | D31: 2022 | E31: ='Maldives at LG Daily'!D34 -> 24684 | F31: 1.832 | G31: ='Maldives at LG Daily'!F34 -> 45 | H31: 2.24 | I31: ='Maldives at LG Daily'!H34 -> 12511 | J31: 1 | K31: ='Maldives at LG Daily'!I34 -> 4317 | L31: ='Maldives at LG Daily'!J34 -> 0
A32: Maldives at Landaa Giraavaru | B32: 31 | C32: 10 | D32: 2022 | E32: ='Maldives at LG Daily'!D36 -> 0 | F32: 0.832 | G32: ='Maldives at LG Daily'!F36 -> 0 | H32: 1.24 | I32: ='Maldives at LG Daily'!H36 -> 0 | J32: 0 | K32: ='Maldives at LG Daily'!I36 -> 0 | L32: ='Maldives at LG Daily'!J36 -> 0

Sheet Submetering 
A1: Site Name | B1: Day | C1: Month | D1: Year | E1: GENSET NO 1 | F1: GENSET NO 2 | G1: GENSET NO 3 | H1: GENSET NO 4 | I1: GENSET NO 5 | J1: Main BLU FEEDER PANEL 1 | K1: Main BLU FEEDER PANEL 2 | L1: Main POWER HOUSE FEEDER PANEL NO:3 | M1: Main Kitchen -7 | N1: Main Kitchen -10 | O1: Water treatment Plant | P1: Sewage treatment Plant | Q1: Laundry--8SSB (Machineries) | R1: Laundry-9 (HR/Tuck Shop Building) | S1: New staff accomodation (E0) | T1: Staff block-16(E2-E3) | U1: Staff Block Feeder-3(E4-E5) | V1: Management block-5 (M1 to M6) | W1: SNR STAFF BLOCK (PC Block) | X1: BOAT DOCK FEEDER - 22 | Y1: RECEPTION Building Full (Finance/Reservation) | Z1: DIVE CENTER (Inc MDC and Recreation) | AA1: 301-307 | AB1: 308-314 | AC1: 315-320 | AD1: 401-407 | AE1: 408-414 | AF1: 415-420 | AG1: SPA - 1 | AH1: SPA - 2 | AI1: BLU KITCHEN - 1 | AJ1: BLU KITCHEN - 2 | AK1: AL BARAKATH | AL1: STAFF KITCHEN | AM1: R/O Plant A | AN1: R/O Plant B | AO1: R/O Plant C | AP1: R/O Plant D | AQ1: Laundry | AR1: Staff Block - E0 | AS1: Staff Block - E1 | AT1: Staff Block - E2 | AU1: Staff Block - E3 | AV1: Staff Block - E4 | AW1: Staff Block - E5 | AX1: Management Block | AY1: PC Block | AZ1: GM Bungalow | BA1: Boat Dock | BB1: Supply Jetty | BC1: Main Kitchen | BD1: Day Facility | BE1: Reception | BF1: Main Pool | BG1: Dive Center | BH1: Albarakthu | BI1: Blu Resturant | BJ1: Main Jetty | BK1: Landaa Estate
A2: Maldives at Landaa Giraavaru | B2: 1 | C2: 10 | D2: 2022 | E2: ='Maldives at LG Daily'!G5 -> 6494 | F2: ='Maldives at LG Daily'!H5 -> 7742 | G2: ='Maldives at LG Daily'!I5 -> 0 | H2: ='Maldives at LG Daily'!J5 -> 2524 | I2: ='Maldives at LG Daily'!K5 -> 6470 | J2: ='Maldives at LG Daily'!L5 -> 3070 | K2: ='Maldives at LG Daily'!M5 -> 3775 | L2: ='Maldives at LG Daily'!N5 -> 10853 | ... AL2: ='Maldives at LG Daily'!AN5 -> 940 | AM2: ='Maldives at LG Daily'!AQ5 -> 74 | AN2: ='Maldives at LG Daily'!AR5 -> 0 | AO2: ='Maldives at LG Daily'!AS5 -> 190 | AP2: ='Maldives at LG Daily'!AT5 -> 10 | AQ2: ='Maldives at LG Daily'!AU5 -> 18 | AR2: ='Maldives at LG Daily'!AV5 -> 6 | AS2: ='Maldives at LG Daily'!AW5 -> 0 | AT2: ='Maldives at LG Daily'!AX5 -> 10 | ... BK2: ='Maldives at LG Daily'!BO5 -> 0
A3: Maldives at Landaa Giraavaru | B3: 2 | C3: 10 | D3: 2022 | E3: ='Maldives at LG Daily'!G6 -> 7927 | F3: 0.832 | G3: ='Maldives at LG Daily'!F6 -> 0 | H3: 1.24 | I3: ='Maldives at LG Daily'!H6 -> 6795 | J3: ='Maldives at LG Daily'!L6 -> 3240 | K3: ='Maldives at LG Daily'!M6 -> 3366 | L3: ='Maldives at LG Daily'!N6 -> 11442 | M3: ='Maldives at LG Daily'!O6 -> 2300 | N3: ='Maldives at LG Daily'!P6 -> 2724 | O3: ='Maldives at LG Daily'!Q6 -> 2000 | P3: ='Maldives at LG Daily'!R6 -> 532 | Q3: ='Maldives at LG Daily'!S6 -> 700 | ... AL3: ='Maldives at LG Daily'!AN6 -> 0 | AM3: ='Maldives at LG Daily'!AQ6 -> 71 | AN3: ='Maldives at LG Daily'!AR6 -> 0 | AO3: ='Maldives at LG Daily'!AS6 -> 143 | AP3: ='Maldives at LG Daily'!AT6 -> 113 | AQ3: ='Maldives at LG Daily'!AU6 -> 17 | AR3: ='Maldives at LG Daily'!AV6 -> 13 | AS3: ='Maldives at LG Daily'!AW6 -> 16 | AT3: ='Maldives at LG Daily'!AX6 -> 12 | ... BK3: ='Maldives at LG Daily'!BO6 -> 2
A4: Maldives at Landaa Giraavaru | B4: 3 | C4: 10 | D4: 2022 | E4: ='Maldives at LG Daily'!G7 -> 7798 | F4: 0.832 | G4: ='Maldives at LG Daily'!F7 -> 45 | H4: 1.24 | I4: ='Maldives at LG Daily'!H7 -> 6146 | J4: ='Maldives at LG Daily'!L7 -> 3803 | K4: ='Maldives at LG Daily'!M7 -> 3651 | L4: ='Maldives at LG Daily'!N7 -> 10493 | M4: ='Maldives at LG Daily'!O7 -> 2400 | N4: ='Maldives at LG Daily'!P7 -> 2719 | O4: ='Maldives at LG Daily'!Q7 -> 2100 | P4: ='Maldives at LG Daily'!R7 -> 465 | Q4: ='Maldives at LG Daily'!S7 -> 0 | ... AL4: ='Maldives at LG Daily'!AN7 -> 500 | AM4: ='Maldives at LG Daily'!AQ7 -> 65 | AN4: ='Maldives at LG Daily'!AR7 -> 0 | AO4: ='Maldives at LG Daily'!AS7 -> 197 | AP4: ='Maldives at LG Daily'!AT7 -> 109 | AQ4: ='Maldives at LG Daily'!AU7 -> 18 | AR4: ='Maldives at LG Daily'!AV7 -> 4 | AS4: ='Maldives at LG Daily'!AW7 -> 9 | AT4: ='Maldives at LG Daily'!AX7 -> 11 | ... BK4: ='Maldives at LG Daily'!BO7 -> 1
A5: Maldives at Landaa Giraavaru | B5: 4 | C5: 10 | D5: 2022 | E5: ='Maldives at LG Daily'!G8 -> 8163 | F5: 0.832 | G5: ='Maldives at LG Daily'!F8 -> 0 | H5: 1.24 | I5: ='Maldives at LG Daily'!H8 -> 6238 | J5: ='Maldives at LG Daily'!L8 -> 3968 | K5: ='Maldives at LG Daily'!M8 -> 4033 | L5: ='Maldives at LG Daily'!N8 -> 11294 | M5: ='Maldives at LG Daily'!O8 -> 2500 | N5: ='Maldives at LG Daily'!P8 -> 2748 | O5: ='Maldives at LG Daily'!Q8 -> 2100 | P5: ='Maldives at LG Daily'!R8 -> 484 | Q5: ='Maldives at LG Daily'!S8 -> 484 | ... AL5: ='Maldives at LG Daily'!AN8 -> 520 | AM5: ='Maldives at LG Daily'!AQ8 -> 66 | AN5: ='Maldives at LG Daily'!AR8 -> 0 | AO5: ='Maldives at LG Daily'!AS8 -> 179 | AP5: ='Maldives at LG Daily'!AT8 -> 94 | AQ5: ='Maldives at LG Daily'!AU8 -> 17 | AR5: ='Maldives at LG Daily'!AV8 -> 5 | AS5: ='Maldives at LG Daily'!AW8 -> 9 | AT5: ='Maldives at LG Daily'!AX8 -> 10 | ... BK5: ='Maldives at LG Daily'!BO8 -> 2
A6: Maldives at Landaa Giraavaru | B6: 5 | C6: 10 | D6: 2022 | E6: ='Maldives at LG Daily'!G9 -> 4056 | F6: 0.832 | G6: ='Maldives at LG Daily'!F9 -> 0 | H6: 1.24 | I6: ='Maldives at LG Daily'!H9 -> 5870 | J6: ='Maldives at LG Daily'!L9 -> 3861 | K6: ='Maldives at LG Daily'!M9 -> 4036 | L6: ='Maldives at LG Daily'!N9 -> 11168 | M6: ='Maldives at LG Daily'!O9 -> 2500 | N6: ='Maldives at LG Daily'!P9 -> 2658 | O6: ='Maldives at LG Daily'!Q9 -> 2000 | P6: ='Maldives at LG Daily'!R9 -> 474 | Q6: ='Maldives at LG Daily'!S9 -> 9018 | ... AL6: ='Maldives at LG Daily'!AN9 -> 0 | AM6: ='Maldives at LG Daily'!AQ9 -> 70 | AN6: ='Maldives at LG Daily'!AR9 -> 0 | AO6: ='Maldives at LG Daily'!AS9 -> 179 | AP6: ='Maldives at LG Daily'!AT9 -> 85 | AQ6: ='Maldives at LG Daily'!AU9 -> 18 | AR6: ='Maldives at LG Daily'!AV9 -> 5 | AS6: ='Maldives at LG Daily'!AW9 -> 8 | AT6: ='Maldives at LG Daily'!AX9 -> 10 | ... BK6: ='Maldives at LG Daily'!BO9 -> 3
A7: Maldives at Landaa Giraavaru | B7: 6 | C7: 10 | D7: 2022 | E7: ='Maldives at LG Daily'!G10 -> 7205 | F7: 0.832 | G7: ='Maldives at LG Daily'!F10 -> 90 | H7: 1.24 | I7: ='Maldives at LG Daily'!H10 -> 10014 | J7: ='Maldives at LG Daily'!L10 -> 3594 | K7: ='Maldives at LG Daily'!M10 -> 4179 | L7: ='Maldives at LG Daily'!N10 -> 11132 | M7: ='Maldives at LG Daily'!O10 -> 2600 | N7: ='Maldives at LG Daily'!P10 -> 2761 | O7: ='Maldives at LG Daily'!Q10 -> 1800 | P7: ='Maldives at LG Daily'!R10 -> 445 | Q7: ='Maldives at LG Daily'!S10 -> 800 | ... AL7: ='Maldives at LG Daily'!AN10 -> 5510 | AM7: ='Maldives at LG Daily'!AQ10 -> 52 | AN7: ='Maldives at LG Daily'!AR10 -> 0 | AO7: ='Maldives at LG Daily'!AS10 -> 200 | AP7: ='Maldives at LG Daily'!AT10 -> 69 | AQ7: ='Maldives at LG Daily'!AU10 -> 20 | AR7: ='Maldives at LG Daily'!AV10 -> 6 | AS7: ='Maldives at LG Daily'!AW10 -> 9 | AT7: ='Maldives at LG Daily'!AX10 -> 12 | ... BK7: ='Maldives at LG Daily'!BO10 -> 2
A8: Maldives at Landaa Giraavaru | B8: 7 | C8: 10 | D8: 2022 | E8: ='Maldives at LG Daily'!G11 -> 3923 | F8: 0.832 | G8: ='Maldives at LG Daily'!F11 -> 0 | H8: 1.24 | I8: ='Maldives at LG Daily'!H11 -> 17635 | J8: ='Maldives at LG Daily'!L11 -> 3293 | K8: ='Maldives at LG Daily'!M11 -> 4021 | L8: ='Maldives at LG Daily'!N11 -> 11388 | M8: ='Maldives at LG Daily'!O11 -> 2500 | N8: ='Maldives at LG Daily'!P11 -> 2915 | O8: ='Maldives at LG Daily'!Q11 -> 2200 | P8: ='Maldives at LG Daily'!R11 -> 466 | Q8: ='Maldives at LG Daily'!S11 -> 800 | ... AL8: ='Maldives at LG Daily'!AN11 -> 480 | AM8: ='Maldives at LG Daily'!AQ11 -> 71 | AN8: ='Maldives at LG Daily'!AR11 -> 0 | AO8: ='Maldives at LG Daily'!AS11 -> 214 | AP8: ='Maldives at LG Daily'!AT11 -> 97 | AQ8: ='Maldives at LG Daily'!AU11 -> 18 | AR8: ='Maldives at LG Daily'!AV11 -> 6 | AS8: ='Maldives at LG Daily'!AW11 -> 9 | AT8: ='Maldives at LG Daily'!AX11 -> 11 | ... BK8: ='Maldives at LG Daily'!BO11 -> 1
A9: Maldives at Landaa Giraavaru | B9: 8 | C9: 10 | D9: 2022 | E9: ='Maldives at LG Daily'!G12 -> 7139 | F9: 0.832 | G9: ='Maldives at LG Daily'!F12 -> 90 | H9: 1.24 | I9: ='Maldives at LG Daily'!H12 -> 7513 | J9: ='Maldives at LG Daily'!L12 -> 3701 | K9: ='Maldives at LG Daily'!M12 -> 3723 | L9: ='Maldives at LG Daily'!N12 -> 11752 | M9: ='Maldives at LG Daily'!O12 -> 2500 | N9: ='Maldives at LG Daily'!P12 -> 2996 | O9: ='Maldives at LG Daily'!Q12 -> 2300 | P9: ='Maldives at LG Daily'!R12 -> 443 | Q9: ='Maldives at LG Daily'!S12 -> 800 | ... AL9: ='Maldives at LG Daily'!AN12 -> 500 | AM9: ='Maldives at LG Daily'!AQ12 -> 38 | AN9: ='Maldives at LG Daily'!AR12 -> 0 | AO9: ='Maldives at LG Daily'!AS12 -> 202 | AP9: ='Maldives at LG Daily'!AT12 -> 111 | AQ9: ='Maldives at LG Daily'!AU12 -> 19 | AR9: ='Maldives at LG Daily'!AV12 -> 6 | AS9: ='Maldives at LG Daily'!AW12 -> 9 | AT9: ='Maldives at LG Daily'!AX12 -> 12 | ... BK9: ='Maldives at LG Daily'!BO12 -> 2
A10: Maldives at Landaa Giraavaru | B10: 9 | C10: 10 | D10: 2022 | E10: ='Maldives at LG Daily'!G13 -> 8458 | F10: 0.832 | G10: ='Maldives at LG Daily'!F13 -> 0 | H10: 1.24 | I10: ='Maldives at LG Daily'!H13 -> 5699 | J10: ='Maldives at LG Daily'!L13 -> 3657 | K10: ='Maldives at LG Daily'!M13 -> 3809 | L10: ='Maldives at LG Daily'!N13 -> 11679 | M10: ='Maldives at LG Daily'!O13 -> 2500 | N10: ='Maldives at LG Daily'!P13 -> 2801 | O10: ='Maldives at LG Daily'!Q13 -> 2200 | P10: ='Maldives at LG Daily'!R13 -> 473 | Q10: ='Maldives at LG Daily'!S13 -> 800 | ... AL10: ='Maldives at LG Daily'!AN13 -> 470 | AM10: ='Maldives at LG Daily'!AQ13 -> 55 | AN10: ='Maldives at LG Daily'!AR13 -> 0 | AO10: ='Maldives at LG Daily'!AS13 -> 197 | AP10: ='Maldives at LG Daily'!AT13 -> 145 | AQ10: ='Maldives at LG Daily'!AU13 -> 19 | AR10: ='Maldives at LG Daily'!AV13 -> 5 | AS10: ='Maldives at LG Daily'!AW13 -> 8 | AT10: ='Maldives at LG Daily'!AX13 -> 12 | ... BK10: ='Maldives at LG Daily'!BO13 -> 1
A11: Maldives at Landaa Giraavaru | B11: 10 | C11: 10 | D11: 2022 | E11: ='Maldives at LG Daily'!G14 -> 7884 | F11: 0.832 | G11: ='Maldives at LG Daily'!F14 -> 0 | H11: 1.24 | I11: ='Maldives at LG Daily'!H14 -> 6279 | J11: ='Maldives at LG Daily'!L14 -> 3285 | K11: ='Maldives at LG Daily'!M14 -> 3381 | L11: ='Maldives at LG Daily'!N14 -> 11478 | M11: ='Maldives at LG Daily'!O14 -> 2400 | N11: ='Maldives at LG Daily'!P14 -> 2684 | O11: ='Maldives at LG Daily'!Q14 -> 1800 | P11: ='Maldives at LG Daily'!R14 -> 465 | Q11: ='Maldives at LG Daily'!S14 -> 700 | ... AL11: ='Maldives at LG Daily'!AN14 -> 490 | AM11: ='Maldives at LG Daily'!AQ14 -> 38 | AN11: ='Maldives at LG Daily'!AR14 -> 0 | AO11: ='Maldives at LG Daily'!AS14 -> 230 | AP11: ='Maldives at LG Daily'!AT14 -> 110 | AQ11: ='Maldives at LG Daily'!AU14 -> 15 | AR11: ='Maldives at LG Daily'!AV14 -> 6 | AS11: ='Maldives at LG Daily'!AW14 -> 10 | AT11: ='Maldives at LG Daily'!AX14 -> 13 | ... BK11: ='Maldives at LG Daily'!BO14 -> 1
A12: Maldives at Landaa Giraavaru | B12: 11 | C12: 10 | D12: 2022 | E12: ='Maldives at LG Daily'!G15 -> 8298 | F12: 0.832 | G12: ='Maldives at LG Daily'!F15 -> 0 | H12: 1.24 | I12: ='Maldives at LG Daily'!H15 -> 5829 | J12: ='Maldives at LG Daily'!L15 -> 3102 | K12: ='Maldives at LG Daily'!M15 -> 3409 | L12: ='Maldives at LG Daily'!N15 -> 10860 | M12: ='Maldives at LG Daily'!O15 -> 2200 | N12: ='Maldives at LG Daily'!P15 -> 2506 | O12: ='Maldives at LG Daily'!Q15 -> 1900 | P12: ='Maldives at LG Daily'!R15 -> 480 | Q12: ='Maldives at LG Daily'!S15 -> 600 | ... AL12: ='Maldives at LG Daily'!AN15 -> 480 | AM12: ='Maldives at LG Daily'!AQ15 -> 32 | AN12: ='Maldives at LG Daily'!AR15 -> 0 | AO12: ='Maldives at LG Daily'!AS15 -> 218 | AP12: ='Maldives at LG Daily'!AT15 -> 72 | AQ12: ='Maldives at LG Daily'!AU15 -> 17 | AR12: ='Maldives at LG Daily'!AV15 -> 5 | AS12: ='Maldives at LG Daily'!AW15 -> 0 | AT12: ='Maldives at LG Daily'!AX15 -> 11 | ... BK12: ='Maldives at LG Daily'!BO15 -> 1
A13: Maldives at Landaa Giraavaru | B13: 12 | C13: 10 | D13: 2022 | E13: ='Maldives at LG Daily'!G16 -> 7407 | F13: 0.832 | G13: ='Maldives at LG Daily'!F16 -> 135 | H13: 1.24 | I13: ='Maldives at LG Daily'!H16 -> 6063 | J13: ='Maldives at LG Daily'!L16 -> 2909 | K13: ='Maldives at LG Daily'!M16 -> 3012 | L13: ='Maldives at LG Daily'!N16 -> 10242 | M13: ='Maldives at LG Daily'!O16 -> 2200 | N13: ='Maldives at LG Daily'!P16 -> 2474 | O13: ='Maldives at LG Daily'!Q16 -> 1700 | P13: ='Maldives at LG Daily'!R16 -> 446 | Q13: ='Maldives at LG Daily'!S16 -> 700 | ... AL13: ='Maldives at LG Daily'!AN16 -> 440 | AM13: ='Maldives at LG Daily'!AQ16 -> 19 | AN13: ='Maldives at LG Daily'!AR16 -> 0 | AO13: ='Maldives at LG Daily'!AS16 -> 186 | AP13: ='Maldives at LG Daily'!AT16 -> 113 | AQ13: ='Maldives at LG Daily'!AU16 -> 16 | AR13: ='Maldives at LG Daily'!AV16 -> 6 | AS13: ='Maldives at LG Daily'!AW16 -> 0 | AT13: ='Maldives at LG Daily'!AX16 -> 13 | ... BK13: ='Maldives at LG Daily'!BO16 -> 1
A14: Maldives at Landaa Giraavaru | B14: 13 | C14: 10 | D14: 2022 | E14: ='Maldives at LG Daily'!G17 -> 6662 | F14: 0.832 | G14: ='Maldives at LG Daily'!F17 -> 0 | H14: 1.24 | I14: ='Maldives at LG Daily'!H17 -> 8399 | J14: ='Maldives at LG Daily'!L17 -> 2885 | K14: ='Maldives at LG Daily'!M17 -> 2831 | L14: ='Maldives at LG Daily'!N17 -> 11299 | M14: ='Maldives at LG Daily'!O17 -> 2100 | N14: ='Maldives at LG Daily'!P17 -> 2435 | O14: ='Maldives at LG Daily'!Q17 -> 1400 | P14: ='Maldives at LG Daily'!R17 -> 521 | Q14: ='Maldives at LG Daily'!S17 -> 600 | ... AL14: ='Maldives at LG Daily'!AN17 -> 460 | AM14: ='Maldives at LG Daily'!AQ17 -> 0 | AN14: ='Maldives at LG Daily'!AR17 -> 0 | AO14: ='Maldives at LG Daily'!AS17 -> 199 | AP14: ='Maldives at LG Daily'!AT17 -> 111 | AQ14: ='Maldives at LG Daily'!AU17 -> 16 | AR14: ='Maldives at LG Daily'!AV17 -> 6 | AS14: ='Maldives at LG Daily'!AW17 -> 0 | AT14: ='Maldives at LG Daily'!AX17 -> 6 | ... BK14: ='Maldives at LG Daily'!BO17 -> 0
... A31: Maldives at Landaa Giraavaru | B31: 30 | C31: 10 | D31: 2022 | E31: ='Maldives at LG Daily'!G34 -> 3678 | F31: 1.832 | G31: ='Maldives at LG Daily'!F34 -> 45 | H31: 2.24 | I31: ='Maldives at LG Daily'!H34 -> 12511 | J31: ='Maldives at LG Daily'!L34 -> 3694 | K31: ='Maldives at LG Daily'!M34 -> 3851 | L31: ='Maldives at LG Daily'!N34 -> 11298 | M31: ='Maldives at LG Daily'!O34 -> 2600 | N31: ='Maldives at LG Daily'!P34 -> 2793 | O31: ='Maldives at LG Daily'!Q34 -> 1800 | P31: ='Maldives at LG Daily'!R34 -> 493 | Q31: ='Maldives at LG Daily'!S34 -> 700 | ... AL31: ='Maldives at LG Daily'!AN34 -> 490 | AM31: ='Maldives at LG Daily'!AQ34 -> 194 | AN31: ='Maldives at LG Daily'!AR34 -> 0 | AO31: ='Maldives at LG Daily'!AS34 -> 0 | AP31: ='Maldives at LG Daily'!AT34 -> 149 | AQ31: ='Maldives at LG Daily'!AU34 -> 26 | AR31: ='Maldives at LG Daily'!AV34 -> 0 | AS31: ='Maldives at LG Daily'!AW34 -> 0 | AT31: ='Maldives at LG Daily'!AX34 -> 0 | ... BK31: ='Maldives at LG Daily'!BO34 -> 0
A32: Maldives at Landaa Giraavaru | B32: 31 | C32: 10 | D32: 2022 | E32: ='Maldives at LG Daily'!G35 -> 7457 | F32: 0.832 | G32: ='Maldives at LG Daily'!F36 -> 0 | H32: 1.24 | I32: ='Maldives at LG Daily'!H36 -> 0 | J32: ='Maldives at LG Daily'!L35 -> 3747 | K32: ='Maldives at LG Daily'!M35 -> 3713 | L32: ='Maldives at LG Daily'!N35 -> 11230 | M32: ='Maldives at LG Daily'!O35 -> 2400 | N32: ='Maldives at LG Daily'!P35 -> 2712 | O32: ='Maldives at LG Daily'!Q35 -> 1900 | P32: ='Maldives at LG Daily'!R35 -> 471 | Q32: ='Maldives at LG Daily'!S35 -> 700 | ... AL32: ='Maldives at LG Daily'!AN35 -> 510 | AM32: ='Maldives at LG Daily'!AQ35 -> 202 | AN32: ='Maldives at LG Daily'!AR35 -> 0 | AO32: ='Maldives at LG Daily'!AS35 -> 41 | AP32: ='Maldives at LG Daily'!AT35 -> 133 | AQ32: ='Maldives at LG Daily'!AU35 -> 18 | AR32: ='Maldives at LG Daily'!AV35 -> 6 | AS32: ='Maldives at LG Daily'!AW35 -> 15 | AT32: ='Maldives at LG Daily'!AX35 -> 11 | ... BK32: ='Maldives at LG Daily'!BO35 -> 1

Sheet Maldives at LG Daily
A2: Days | C2: Electricity Meter (KWh) | E2: Gas Kg | G2: GENSET NO 1 | H2: GENSET NO 2 | I2: GENSET NO 3 | J2: GENSET NO 4 | K2: GENSET NO 5 | L2: Main BLU FEEDER PANEL 1 | M2: Main BLU FEEDER PANEL 2 | N2: Main POWER HOUSE FEEDER PANEL NO:3 | O2: Main Kitchen -7 | P2: Main Kitchen -10 | Q2: Water treatment Plant | R2: Sewage treatment Plant | S2: Laundry--8SSB (Machineries) | T2: Laundry-9 (HR/Tuck Shop Building) | U2: New staff accomodation (E0) | V2: Staff block-16(E2-E3) | W2: Staff Block Feeder-3(E4-E5) | X2: Management block-5 (M1 to M6) | Y2: SNR STAFF BLOCK (PC Block) | Z2: BOAT DOCK FEEDER - 22 | AA2: RECEPTION Building Full (Finance/Reservation) | AB2: DIVE CENTER (Inc MDC and Recreation) | AC2: 301-307 | AD2: 308-314 | AE2: 315-320 | AF2: 401-407 | AG2: 408-414 | AH2: 415-420 | AI2: SPA - 1 | AJ2: SPA - 2 | AK2: BLU KITCHEN - 1 | AL2: BLU KITCHEN - 2 | AM2: AL BARAKATH | AN2: STAFF KITCHEN | AO2: Water m3 | AQ2: R/O Plant A | AR2: R/O Plant B | AS2: R/O Plant C | AT2: R/O Plant D | AU2: Laundry | AV2: Staff Block - E0 | AW2: Staff Block - E1 | AX2: Staff Block - E2 | AY2: Staff Block - E3 | AZ2: Staff Block - E4 | BA2: Staff Block - E5 | BB2: Management Block | BC2: PC Block | BD2: GM Bungalow | BE2: Boat Dock | BF2: Supply Jetty | BG2: Main Kitchen | BH2: Day Facility | BI2: Reception | BJ2: Main Pool | BK2: Dive Center | BL2: Albarakthu | BM2: Blu Resturant | BN2: Main Jetty | BO2: Landaa Estate
A3: Date | C3: Reading KWH | D3: Difference KWH | E3: Reading Kg | F3: Difference Kg | G3: KWh | H3: KWh | I3: KWh | J3: KWh | K3: KWh | L3: KWh | M3: KWh | N3: KWh | O3: KWh | P3: KWh | Q3: KWh | R3: KWh | S3: KWh | T3: KWh | U3: KWh | V3: KWh | W3: KWh | X3: KWh | Y3: KWh | Z3: KWh | AA3: KWh | AB3: KWh | AC3: KWh | AD3: KWh | AE3: KWh | AF3: KWh | AG3: KWh | AH3: KWh | AI3: KWh | AJ3: KWh | AK3: KWh | AL3: KWh | AM3: KWh | AN3: KWh | AO3: Reading m³ | AP3: Daily Consumption m³ | AQ3: Daily Consumption m³ | AR3: Daily Consumption m³ | AS3: Daily Consumption m³ | AT3: Daily Consumption m³ | AU3: Daily Consumption m³ | AV3: Daily Consumption m³ | AW3: Daily Consumption m³ | AX3: Daily Consumption m³ | AY3: Daily Consumption m³ | AZ3: Daily Consumption m³ | BA3: Daily Consumption m³ | BB3: Daily Consumption m³ | BC3: Daily Consumption m³ | BD3: Daily Consumption m³ | BE3: Daily Consumption m³ | BF3: Daily Consumption m³ | BG3: Daily Consumption m³ | BH3: Daily Consumption m³ | BI3: Daily Consumption m³ | BJ3: Daily Consumption m³ | BK3: Daily Consumption m³ | BL3: Daily Consumption m³ | BM3: Daily Consumption m³ | BN3: Daily Consumption m³ | BO3: Daily Consumption m³ | BP3: ROOM NIGHTS | BQ3: Total Food Covers
A4: 44834 | C4: 103210660 | D4: 31701 | E4: ='[1]Gas-2'!G5 -> 0 | F4: 90 | AO4: =SUM([1]WATER!G6,[1]WATER!L6,[1]WATER!Q6,[1]WATER!B6) -> 1132736 | AP4: 318 | BP4: ='Room Nights and Food Covers'!B4 -> 14.6 | BQ4: ='Room Nights and Food Covers'!C4 -> 159
A5: =A4+1 -> 44835 | C5: =SUM('GENSET #1'!C10+'GENSET #2'!C10+'GENSET #3'!C10+'GENSET #4'!C10+'GENSET #5'!C10) -> 103233890 | D5: =IF((C5-C4<0), "0",C5-C4) -> 23230 | E5: ='Gas-2'!G6 -> 270 | F5: =IF((E5-E4<0), "0",E5-E4) -> 270 | G5: ='GENSET #1'!D10 -> 6494 | H5: ='GENSET #2'!D10 -> 7742 | I5: ='GENSET #3'!D10 -> 0 | J5: ='GENSET #4'!D10 -> 2524 | K5: ='GENSET #5'!D10 -> 6470 | L5: ='FEEDER Consumption '!E5 -> 3070 | M5: ='FEEDER Consumption '!J5 -> 3775 | N5: ='FEEDER Consumption '!O5 -> 10853 | O5: ='FEEDER Consumption '!T5 -> 2300 | P5: ='FEEDER Consumption '!Y5 -> 2737 | Q5: ='FEEDER Consumption '!AD5 -> 2000 | R5: ='FEEDER Consumption '!AJ5 -> 475 | S5: ='FEEDER Consumption '!AO5 -> 700 | T5: ='FEEDER Consumption '!AT5 -> 1300 | U5: ='FEEDER Consumption '!AY5 -> 321 | V5: ='FEEDER Consumption '!BI5 -> 300 | W5: ='FEEDER Consumption '!BI5 -> 300 | X5: ='FEEDER Consumption '!BN5 -> 500 | Y5: ='FEEDER Consumption '!BS5 -> 100 | Z5: ='FEEDER Consumption '!BX5 -> 420 | AA5: ='FEEDER Consumption '!CC5 -> 1100 | AB5: ='FEEDER Consumption '!CH5 -> 450 | AC5: ='FEEDER Consumption '!CM5 -> 1400 | AD5: ='FEEDER Consumption '!CR5 -> 1260 | AE5: ='FEEDER Consumption '!DB5 -> 1740 | AF5: ='FEEDER Consumption '!DB5 -> 1740 | AG5: ='FEEDER Consumption '!DG5 -> 1140 | AH5: ='FEEDER Consumption '!DL5 -> 0 | AI5: ='FEEDER Consumption '!DQ5 -> 580 | AJ5: ='FEEDER Consumption '!DV5 -> 210 | AK5: ='FEEDER Consumption '!EA5 -> 7270 | AL5: ='FEEDER Consumption '!EF5 -> 500 | AM5: ='FEEDER Consumption '!EK5 -> 460 | AN5: ='FEEDER Consumption '!EP5 -> 940 | AO5: =SUM([1]WATER!C6,[1]WATER!H6,[1]WATER!M6,[1]WATER!R6) -> 1133118 | AP5: =IF((AO5-AO4<0), "0",AO5-AO4) -> 382 | AQ5: =WATER!D6 -> 74 | AR5: =WATER!I6 -> 0 | AS5: =WATER!N6 -> 190 | AT5: =WATER!S6 -> 10 | AU5: =WATER!AD6 -> 18 | AV5: =WATER!AI6 -> 6 | AW5: =WATER!AN6 -> 0 | AX5: =WATER!AS6 -> 10 | AY5: =WATER!AX6 -> 8 | AZ5: =WATER!BC6 -> 7 | BA5: =WATER!BH6 -> 10 | BB5: =WATER!BM6 -> 5 | BC5: =WATER!BR6 -> 1 | BD5: =WATER!BW6 -> 0 | BE5: =WATER!CB6 -> 4 | BF5: =WATER!CG6 -> 1 | BG5: =WATER!CL6 -> 24 | BH5: =WATER!CQ6 -> 7 | BI5: =WATER!CV6 -> 0 | BJ5: =WATER!DA6 -> 1 | BK5: =WATER!DF6 -> 1 | BL5: =WATER!DK6 -> 0 | BM5: =WATER!DP6 -> 7 | BN5: =WATER!DU6 -> 0 | BO5: =WATER!DZ6 -> 0 | BP5: ='Room Nights and Food Covers'!B5 -> 11.7 | BQ5: ='Room Nights and Food Covers'!C5 -> 94
A6: =A5+1 -> 44836 | C6: =SUM('GENSET #1'!C11+'GENSET #2'!C11+'GENSET #3'!C11+'GENSET #4'!C11+'GENSET #5'!C11) -> 103256791 | D6: =IF((C6-C5<0), "0",C6-C5) -> 22901 | E6: ='Gas-2'!G7 -> 270 | F6: =IF((E6-E5<0), "0",E6-E5) -> 0 | G6: ='GENSET #1'!D11 -> 7927 | H6: ='GENSET #2'!D11 -> 6795 | I6: ='GENSET #3'!D11 -> 0 | J6: ='GENSET #4'!D11 -> 240 | K6: ='GENSET #5'!D11 -> 7939 | L6: ='FEEDER Consumption '!E6 -> 3240 | M6: ='FEEDER Consumption '!J6 -> 3366 | N6: ='FEEDER Consumption '!O6 -> 11442 | O6: ='FEEDER Consumption '!T6 -> 2300 | P6: ='FEEDER Consumption '!Y6 -> 2724 | Q6: ='FEEDER Consumption '!AD6 -> 2000 | R6: ='FEEDER Consumption '!AJ6 -> 532 | S6: ='FEEDER Consumption '!AO6 -> 700 | T6: ='FEEDER Consumption '!AT6 -> 1000 | U6: ='FEEDER Consumption '!AY6 -> 340 | V6: ='FEEDER Consumption '!BI6 -> 300 | W6: ='FEEDER Consumption '!BI6 -> 300 | X6: ='FEEDER Consumption '!BN6 -> 600 | Y6: ='FEEDER Consumption '!BS6 -> 140 | Z6: ='FEEDER Consumption '!BX6 -> 480 | AA6: ='FEEDER Consumption '!CC6 -> 1200 | AB6: ='FEEDER Consumption '!CH6 -> 430 | AC6: ='FEEDER Consumption '!CM6 -> 0 | AD6: ='FEEDER Consumption '!CR6 -> 0 | AE6: ='FEEDER Consumption '!DB6 -> 0 | AF6: ='FEEDER Consumption '!DB6 -> 0 | AG6: ='FEEDER Consumption '!DG6 -> 0 | AH6: ='FEEDER Consumption '!DL6 -> 0 | AI6: ='FEEDER Consumption '!DQ6 -> 0 | AJ6: ='FEEDER Consumption '!DV6 -> 0 | AK6: ='FEEDER Consumption '!EA6 -> 0 | AL6: ='FEEDER Consumption '!EF6 -> 0 | AM6: ='FEEDER Consumption '!EK6 -> 0 | AN6: ='FEEDER Consumption '!EP6 -> 0 | AO6: =SUM([1]WATER!C7,[1]WATER!H7,[1]WATER!M7,[1]WATER!R7) -> 1133470 | AP6: =IF((AO6-AO5<0), "0",AO6-AO5) -> 352 | AQ6: =WATER!D7 -> 71 | AR6: =WATER!I7 -> 0 | AS6: =WATER!N7 -> 143 | AT6: =WATER!S7 -> 113 | AU6: =WATER!AD7 -> 17 | AV6: =WATER!AI7 -> 13 | AW6: =WATER!AN7 -> 16 | AX6: =WATER!AS7 -> 12 | AY6: =WATER!AX7 -> 7 | AZ6: =WATER!BC7 -> 7 | BA6: =WATER!BH7 -> 10 | BB6: =WATER!BM7 -> 10 | BC6: =WATER!BR7 -> 1 | BD6: =WATER!BW7 -> 1 | BE6: =WATER!CB7 -> 5 | BF6: =WATER!CG7 -> 1 | BG6: =WATER!CL7 -> 22 | BH6: =WATER!CQ7 -> 8 | BI6: =WATER!CV7 -> 1 | BJ6: =WATER!DA7 -> 1 | BK6: =WATER!DF7 -> 2 | BL6: =WATER!DK7 -> 5 | BM6: =WATER!DP7 -> 5 | BN6: =WATER!DU7 -> 1 | BO6: =WATER!DZ7 -> 2 | BP6: ='Room Nights and Food Covers'!B6 -> 15.5 | BQ6: ='Room Nights and Food Covers'!C6 -> 119
A7: =A6+1 -> 44837 | C7: =SUM('GENSET #1'!C12+'GENSET #2'!C12+'GENSET #3'!C12+'GENSET #4'!C12+'GENSET #5'!C12) -> 103280189 | D7: =IF((C7-C6<0), "0",C7-C6) -> 23398 | E7: ='Gas-2'!G8 -> 315 | F7: =IF((E7-E6<0), "0",E7-E6) -> 45 | G7: ='GENSET #1'!D12 -> 7798 | H7: ='GENSET #2'!D12 -> 6146 | I7: ='GENSET #3'!D12 -> 0 | J7: ='GENSET #4'!D12 -> 1563 | K7: ='GENSET #5'!D12 -> 7891 | L7: ='FEEDER Consumption '!E7 -> 3803 | M7: ='FEEDER Consumption '!J7 -> 3651 | N7: ='FEEDER Consumption '!O7 -> 10493 | O7: ='FEEDER Consumption '!T7 -> 2400 | P7: ='FEEDER Consumption '!Y7 -> 2719 | Q7: ='FEEDER Consumption '!AD7 -> 2100 | R7: ='FEEDER Consumption '!AJ7 -> 465 | S7: ='FEEDER Consumption '!AO7 -> 0 | T7: ='FEEDER Consumption '!AT7 -> 1300 | U7: ='FEEDER Consumption '!AY7 -> 327 | V7: ='FEEDER Consumption '!BI7 -> 200 | W7: ='FEEDER Consumption '!BI7 -> 200 | X7: ='FEEDER Consumption '!BN7 -> 500 | Y7: ='FEEDER Consumption '!BS7 -> 130 | Z7: ='FEEDER Consumption '!BX7 -> 410 | AA7: ='FEEDER Consumption '!CC7 -> 1100 | AB7: ='FEEDER Consumption '!CH7 -> 510 | AC7: ='FEEDER Consumption '!CM7 -> 910 | AD7: ='FEEDER Consumption '!CR7 -> 700 | AE7: ='FEEDER Consumption '!DB7 -> 790 | AF7: ='FEEDER Consumption '!DB7 -> 790 | AG7: ='FEEDER Consumption '!DG7 -> 750 | AH7: ='FEEDER Consumption '!DL7 -> 0 | AI7: ='FEEDER Consumption '!DQ7 -> 320 | AJ7: ='FEEDER Consumption '!DV7 -> 110 | AK7: ='FEEDER Consumption '!EA7 -> 1120 | AL7: ='FEEDER Consumption '!EF7 -> 270 | AM7: ='FEEDER Consumption '!EK7 -> 400 | AN7: ='FEEDER Consumption '!EP7 -> 500 | AO7: =SUM([1]WATER!C8,[1]WATER!H8,[1]WATER!M8,[1]WATER!R8) -> 1133855 | AP7: =IF((AO7-AO6<0), "0",AO7-AO6) -> 385 | AQ7: =WATER!D8 -> 65 | AR7: =WATER!I8 -> 0 | AS7: =WATER!N8 -> 197 | AT7: =WATER!S8 -> 109 | AU7: =WATER!AD8 -> 18 | AV7: =WATER!AI8 -> 4 | AW7: =WATER!AN8 -> 9 | AX7: =WATER!AS8 -> 11 | AY7: =WATER!AX8 -> 7 | AZ7: =WATER!BC8 -> 8 | BA7: =WATER!BH8 -> 0 | BB7: =WATER!BM8 -> 8 | BC7: =WATER!BR8 -> 0 | BD7: =WATER!BW8 -> 0 | BE7: =WATER!CB8 -> 4 | BF7: =WATER!CG8 -> 1 | BG7: =WATER!CL8 -> 26 | BH7: =WATER!CQ8 -> 7 | BI7: =WATER!CV8 -> 0 | BJ7: =WATER!DA8 -> 0 | BK7: =WATER!DF8 -> 3 | BL7: =WATER!DK8 -> 3 | BM7: =WATER!DP8 -> 0 | BN7: =WATER!DU8 -> 1 | BO7: =WATER!DZ8 -> 1 | BP7: ='Room Nights and Food Covers'!B7 -> 19.4 | BQ7: ='Room Nights and Food Covers'!C7 -> 156
A8: =A7+1 -> 44838 | C8: =SUM('GENSET #1'!C13+'GENSET #2'!C13+'GENSET #3'!C13+'GENSET #4'!C13+'GENSET #5'!C13) -> 103304862 | D8: =IF((C8-C7<0), "0",C8-C7) -> 24673 | E8: ='Gas-2'!G9 -> 270 | F8: =IF((E8-E7<0), "0",E8-E7) -> 0 | G8: ='GENSET #1'!D13 -> 8163 | H8: ='GENSET #2'!D13 -> 6238 | I8: ='GENSET #3'!D13 -> 0 | J8: ='GENSET #4'!D13 -> 2154 | K8: ='GENSET #5'!D13 -> 8118 | L8: ='FEEDER Consumption '!E8 -> 3968 | M8: ='FEEDER Consumption '!J8 -> 4033 | N8: ='FEEDER Consumption '!O8 -> 11294 | O8: ='FEEDER Consumption '!T8 -> 2500 | P8: ='FEEDER Consumption '!Y8 -> 2748 | Q8: ='FEEDER Consumption '!AD8 -> 2100 | R8: ='FEEDER Consumption '!AJ8 -> 484 | S8: ='FEEDER Consumption '!AO8 -> 484 | T8: ='FEEDER Consumption '!AT8 -> 900 | U8: ='FEEDER Consumption '!AY8 -> 372 | V8: ='FEEDER Consumption '!BI8 -> 300 | W8: ='FEEDER Consumption '!BI8 -> 300 | X8: ='FEEDER Consumption '!BN8 -> 500 | Y8: ='FEEDER Consumption '!BS8 -> 150 | Z8: ='FEEDER Consumption '!BX8 -> 420 | AA8: ='FEEDER Consumption '!CC8 -> 1200 | AB8: ='FEEDER Consumption '!CH8 -> 480 | AC8: ='FEEDER Consumption '!CM8 -> 860 | AD8: ='FEEDER Consumption '!CR8 -> 850 | AE8: ='FEEDER Consumption '!DB8 -> 830 | AF8: ='FEEDER Consumption '!DB8 -> 830 | AG8: ='FEEDER Consumption '!DG8 -> 780 | AH8: ='FEEDER Consumption '!DL8 -> 580 | AI8: ='FEEDER Consumption '!DQ8 -> 290 | AJ8: ='FEEDER Consumption '!DV8 -> 170 | AK8: ='FEEDER Consumption '!EA8 -> 800 | AL8: ='FEEDER Consumption '!EF8 -> 250 | AM8: ='FEEDER Consumption '!EK8 -> 340 | AN8: ='FEEDER Consumption '!EP8 -> 520 | AO8: =SUM([1]WATER!C9,[1]WATER!H9,[1]WATER!M9,[1]WATER!R9) -> 1134230 | AP8: =IF((AO8-AO7<0), "0",AO8-AO7) -> 375 | AQ8: =WATER!D9 -> 66 | AR8: =WATER!I9 -> 0 | AS8: =WATER!N9 -> 179 | AT8: =WATER!S9 -> 94 | AU8: =WATER!AD9 -> 17 | AV8: =WATER!AI9 -> 5 | AW8: =WATER!AN9 -> 9 | AX8: =WATER!AS9 -> 10 | AY8: =WATER!AX9 -> 7 | AZ8: =WATER!BC9 -> 7 | BA8: =WATER!BH9 -> 0 | BB8: =WATER!BM9 -> 7 | BC8: =WATER!BR9 -> 4 | BD8: =WATER!BW9 -> 0 | BE8: =WATER!CB9 -> 6 | BF8: =WATER!CG9 -> 5 | BG8: =WATER!CL9 -> 24 | BH8: =WATER!CQ9 -> 7 | BI8: =WATER!CV9 -> 1 | BJ8: =WATER!DA9 -> 0 | BK8: =WATER!DF9 -> 2 | BL8: =WATER!DK9 -> 5 | BM8: =WATER!DP9 -> 50 | BN8: =WATER!DU9 -> 1 | BO8: =WATER!DZ9 -> 2 | BP8: ='Room Nights and Food Covers'!B8 -> 18.4 | BQ8: ='Room Nights and Food Covers'!C8 -> 141
A9: =A8+1 -> 44839 | C9: =SUM('GENSET #1'!C14+'GENSET #2'!C14+'GENSET #3'!C14+'GENSET #4'!C14+'GENSET #5'!C14) -> 103330061 | D9: =IF((C9-C8<0), "0",C9-C8) -> 25199 | E9: ='Gas-2'!G10 -> 225 | F9: =IF((E9-E8<0), "0",E9-E8) -> 0 | G9: ='GENSET #1'!D14 -> 4056 | H9: ='GENSET #2'!D14 -> 5870 | I9: ='GENSET #3'!D14 -> 7678 | J9: ='GENSET #4'!D14 -> 2292 | K9: ='GENSET #5'!D14 -> 5303 | L9: ='FEEDER Consumption '!E9 -> 3861 | M9: ='FEEDER Consumption '!J9 -> 4036 | N9: ='FEEDER Consumption '!O9 -> 11168 | O9: ='FEEDER Consumption '!T9 -> 2500 | P9: ='FEEDER Consumption '!Y9 -> 2658 | Q9: ='FEEDER Consumption '!AD9 -> 2000 | R9: ='FEEDER Consumption '!AJ9 -> 474 | S9: ='FEEDER Consumption '!AO9 -> 9018 | T9: ='FEEDER Consumption '!AT9 -> 1400 | U9: ='FEEDER Consumption '!AY9 -> 373 | V9: ='FEEDER Consumption '!BI9 -> 300 | W9: ='FEEDER Consumption '!BI9 -> 300 | X9: ='FEEDER Consumption '!BN9 -> 500 | Y9: ='FEEDER Consumption '!BS9 -> 130 | Z9: ='FEEDER Consumption '!BX9 -> 380 | AA9: ='FEEDER Consumption '!CC9 -> 1300 | AB9: ='FEEDER Consumption '!CH9 -> 490 | AC9: ='FEEDER Consumption '!CM9 -> 970 | AD9: ='FEEDER Consumption '!CR9 -> 880 | AE9: ='FEEDER Consumption '!DB9 -> 960 | AF9: ='FEEDER Consumption '!DB9 -> 960 | AG9: ='FEEDER Consumption '!DG9 -> 700 | AH9: ='FEEDER Consumption '!DL9 -> 600 | AI9: ='FEEDER Consumption '!DQ9 -> 320 | AJ9: ='FEEDER Consumption '!DV9 -> 140 | AK9: ='FEEDER Consumption '!EA9 -> 910 | AL9: ='FEEDER Consumption '!EF9 -> 260 | AM9: ='FEEDER Consumption '!EK9 -> 400 | AN9: ='FEEDER Consumption '!EP9 -> 0 | AO9: =SUM([1]WATER!C10,[1]WATER!H10,[1]WATER!M10,[1]WATER!R10) -> 1134601 | AP9: =IF((AO9-AO8<0), "0",AO9-AO8) -> 371 | AQ9: =WATER!D10 -> 70 | AR9: =WATER!I10 -> 0 | AS9: =WATER!N10 -> 179 | AT9: =WATER!S10 -> 85 | AU9: =WATER!AD10 -> 18 | AV9: =WATER!AI10 -> 5 | AW9: =WATER!AN10 -> 8 | AX9: =WATER!AS10 -> 10 | AY9: =WATER!AX10 -> 7 | AZ9: =WATER!BC10 -> 8 | BA9: =WATER!BH10 -> 19 | BB9: =WATER!BM10 -> 7 | BC9: =WATER!BR10 -> 1 | BD9: =WATER!BW10 -> 1 | BE9: =WATER!CB10 -> 4 | BF9: =WATER!CG10 -> 2 | BG9: =WATER!CL10 -> 27 | BH9: =WATER!CQ10 -> 7 | BI9: =WATER!CV10 -> 1 | BJ9: =WATER!DA10 -> 3 | BK9: =WATER!DF10 -> 3 | BL9: =WATER!DK10 -> 9 | BM9: =WATER!DP10 -> 0 | BN9: =WATER!DU10 -> 10 | BO9: =WATER!DZ10 -> 3 | BP9: ='Room Nights and Food Covers'!B9 -> 18.4 | BQ9: ='Room Nights and Food Covers'!C9 -> 131
A10: =A9+1 -> 44840 | C10: =SUM('GENSET #1'!C15+'GENSET #2'!C15+'GENSET #3'!C15+'GENSET #4'!C15+'GENSET #5'!C15) -> 103354092 | D10: =IF((C10-C9<0), "0",C10-C9) -> 24031 | E10: ='Gas-2'!G11 -> 315 | F10: =IF((E10-E9<0), "0",E10-E9) -> 90 | G10: ='GENSET #1'!D15 -> 7205 | H10: ='GENSET #2'!D15 -> 10014 | I10: ='GENSET #3'!D15 -> 2203 | J10: ='GENSET #4'!D15 -> 580 | K10: ='GENSET #5'!D15 -> 4029 | L10: ='FEEDER Consumption '!E10 -> 3594 | M10: ='FEEDER Consumption '!J10 -> 4179 | N10: ='FEEDER Consumption '!O10 -> 11132 | O10: ='FEEDER Consumption '!T10 -> 2600 | P10: ='FEEDER Consumption '!Y10 -> 2761 | Q10: ='FEEDER Consumption '!AD10 -> 1800 | R10: ='FEEDER Consumption '!AJ10 -> 445 | S10: ='FEEDER Consumption '!AO10 -> 800 | T10: ='FEEDER Consumption '!AT10 -> 700 | U10: ='FEEDER Consumption '!AY10 -> 387 | V10: ='FEEDER Consumption '!BI10 -> 200 | W10: ='FEEDER Consumption '!BI10 -> 200 | X10: ='FEEDER Consumption '!BN10 -> 600 | Y10: ='FEEDER Consumption '!BS10 -> 150 | Z10: ='FEEDER Consumption '!BX10 -> 390 | AA10: ='FEEDER Consumption '!CC10 -> 1200 | AB10: ='FEEDER Consumption '!CH10 -> 490 | AC10: ='FEEDER Consumption '!CM10 -> 890 | AD10: ='FEEDER Consumption '!CR10 -> 770 | AE10: ='FEEDER Consumption '!DB10 -> 1030 | AF10: ='FEEDER Consumption '!DB10 -> 1030 | AG10: ='FEEDER Consumption '!DG10 -> 830 | AH10: ='FEEDER Consumption '!DL10 -> 640 | AI10: ='FEEDER Consumption '!DQ10 -> 310 | AJ10: ='FEEDER Consumption '!DV10 -> 120 | AK10: ='FEEDER Consumption '!EA10 -> 880 | AL10: ='FEEDER Consumption '!EF10 -> 240 | AM10: ='FEEDER Consumption '!EK10 -> 350 | AN10: ='FEEDER Consumption '!EP10 -> 5510 | AO10: =SUM([1]WATER!C11,[1]WATER!H11,[1]WATER!M11,[1]WATER!R11) -> 1134986 | AP10: =IF((AO10-AO9<0), "0",AO10-AO9) -> 385 | AQ10: =WATER!D11 -> 52 | AR10: =WATER!I11 -> 0 | AS10: =WATER!N11 -> 200 | AT10: =WATER!S11 -> 69 | AU10: =WATER!AD11 -> 20 | AV10: =WATER!AI11 -> 6 | AW10: =WATER!AN11 -> 9 | AX10: =WATER!AS11 -> 12 | AY10: =WATER!AX11 -> 7 | AZ10: =WATER!BC11 -> 7 | BA10: =WATER!BH11 -> 7 | BB10: =WATER!BM11 -> 8 | BC10: =WATER!BR11 -> 2 | BD10: =WATER!BW11 -> -1 | BE10: =WATER!CB11 -> 4 | BF10: =WATER!CG11 -> 1 | BG10: =WATER!CL11 -> 24 | BH10: =WATER!CQ11 -> 7 | BI10: =WATER!CV11 -> 0 | BJ10: =WATER!DA11 -> 3 | BK10: =WATER!DF11 -> 4 | BL10: =WATER!DK11 -> 4 | BM10: =WATER!DP11 -> 38 | BN10: =WATER!DU11 -> 1 | BO10: =WATER!DZ11 -> 2 | BP10: ='Room Nights and Food Covers'!B10 -> 14.6 | BQ10: ='Room Nights and Food Covers'!C10 -> 122
A11: =A10+1 -> 44841 | C11: =SUM('GENSET #1'!C16+'GENSET #2'!C16+'GENSET #3'!C16+'GENSET #4'!C16+'GENSET #5'!C16) -> 103378690 | D11: =IF((C11-C10<0), "0",C11-C10) -> 24598 | E11: ='Gas-2'!G12 -> 225 | F11: =IF((E11-E10<0), "0",E11-E10) -> 0 | G11: ='GENSET #1'!D16 -> 3923 | H11: ='GENSET #2'!D16 -> 17635 | I11: ='GENSET #3'!D16 -> 0 | J11: ='GENSET #4'!D16 -> 3040 | K11: ='GENSET #5'!D16 -> 0 | L11: ='FEEDER Consumption '!E11 -> 3293 | M11: ='FEEDER Consumption '!J11 -> 4021 | N11: ='FEEDER Consumption '!O11 -> 11388 | O11: ='FEEDER Consumption '!T11 -> 2500 | P11: ='FEEDER Consumption '!Y11 -> 2915 | Q11: ='FEEDER Consumption '!AD11 -> 2200 | R11: ='FEEDER Consumption '!AJ11 -> 466 | S11: ='FEEDER Consumption '!AO11 -> 800 | T11: ='FEEDER Consumption '!AT11 -> 1400 | U11: ='FEEDER Consumption '!AY11 -> 399 | V11: ='FEEDER Consumption '!BI11 -> 300 | W11: ='FEEDER Consumption '!BI11 -> 300 | X11: ='FEEDER Consumption '!BN11 -> 600 | Y11: ='FEEDER Consumption '!BS11 -> 160 | Z11: ='FEEDER Consumption '!BX11 -> 400 | AA11: ='FEEDER Consumption '!CC11 -> 1200 | AB11: ='FEEDER Consumption '!CH11 -> 550 | AC11: ='FEEDER Consumption '!CM11 -> 890 | AD11: ='FEEDER Consumption '!CR11 -> 750 | AE11: ='FEEDER Consumption '!DB11 -> 1090 | AF11: ='FEEDER Consumption '!DB11 -> 1090 | AG11: ='FEEDER Consumption '!DG11 -> 870 | AH11: ='FEEDER Consumption '!DL11 -> 600 | AI11: ='FEEDER Consumption '!DQ11 -> 120 | AJ11: ='FEEDER Consumption '!DV11 -> 110 | AK11: ='FEEDER Consumption '!EA11 -> 790 | AL11: ='FEEDER Consumption '!EF11 -> 240 | AM11: ='FEEDER Consumption '!EK11 -> 210 | AN11: ='FEEDER Consumption '!EP11 -> 480 | AO11: =SUM([1]WATER!C12,[1]WATER!H12,[1]WATER!M12,[1]WATER!R12) -> 1135359 | AP11: =IF((AO11-AO10<0), "0",AO11-AO10) -> 373 | AQ11: =WATER!D12 -> 71 | AR11: =WATER!I12 -> 0 | AS11: =WATER!N12 -> 214 | AT11: =WATER!S12 -> 97 | AU11: =WATER!AD12 -> 18 | AV11: =WATER!AI12 -> 6 | AW11: =WATER!AN12 -> 9 | AX11: =WATER!AS12 -> 11 | AY11: =WATER!AX12 -> 8 | AZ11: =WATER!BC12 -> 7 | BA11: =WATER!BH12 -> 7 | BB11: =WATER!BM12 -> 8 | BC11: =WATER!BR12 -> 2 | BD11: =WATER!BW12 -> 2 | BE11: =WATER!CB12 -> 8 | BF11: =WATER!CG12 -> 4 | BG11: =WATER!CL12 -> 25 | BH11: =WATER!CQ12 -> 7 | BI11: =WATER!CV12 -> 1 | BJ11: =WATER!DA12 -> 3 | BK11: =WATER!DF12 -> 3 | BL11: =WATER!DK12 -> 4 | BM11: =WATER!DP12 -> 38 | BN11: =WATER!DU12 -> 2 | BO11: =WATER!DZ12 -> 1 | BP11: ='Room Nights and Food Covers'!B11 -> 15.5 | BQ11: ='Room Nights and Food Covers'!C11 -> 134
A12: =A11+1 -> 44842 | C12: =SUM('GENSET #1'!C17+'GENSET #2'!C17+'GENSET #3'!C17+'GENSET #4'!C17+'GENSET #5'!C17) -> 103403182 | D12: =IF((C12-C11<0), "0",C12-C11) -> 24492 | E12: ='Gas-2'!G13 -> 315 | F12: =IF((E12-E11<0), "0",E12-E11) -> 90 | G12: ='GENSET #1'!D17 -> 7139 | H12: ='GENSET #2'!D17 -> 7513 | I12: ='GENSET #3'!D17 -> 0 | J12: ='GENSET #4'!D17 -> 2520 | K12: ='GENSET #5'!D17 -> 7320 | L12: ='FEEDER Consumption '!E12 -> 3701 | M12: ='FEEDER Consumption '!J12 -> 3723 | N12: ='FEEDER Consumption '!O12 -> 11752 | O12: ='FEEDER Consumption '!T12 -> 2500 | P12: ='FEEDER Consumption '!Y12 -> 2996 | Q12: ='FEEDER Consumption '!AD12 -> 2300 | R12: ='FEEDER Consumption '!AJ12 -> 443 | S12: ='FEEDER Consumption '!AO12 -> 800 | T12: ='FEEDER Consumption '!AT12 -> 700 | U12: ='FEEDER Consumption '!AY12 -> 415 | V12: ='FEEDER Consumption '!BI12 -> 300 | W12: ='FEEDER Consumption '!BI12 -> 300 | X12: ='FEEDER Consumption '!BN12 -> 600 | Y12: ='FEEDER Consumption '!BS12 -> 170 | Z12: ='FEEDER Consumption '!BX12 -> 440 | AA12: ='FEEDER Consumption '!CC12 -> 1200 | AB12: ='FEEDER Consumption '!CH12 -> 490 | AC12: ='FEEDER Consumption '!CM12 -> 850 | AD12: ='FEEDER Consumption '!CR12 -> 700 | AE12: ='FEEDER Consumption '!DB12 -> 820 | AF12: ='FEEDER Consumption '!DB12 -> 820 | AG12: ='FEEDER Consumption '!DG12 -> 840 | AH12: ='FEEDER Consumption '!DL12 -> 510 | AI12: ='FEEDER Consumption '!DQ12 -> 460 | AJ12: ='FEEDER Consumption '!DV12 -> 120 | AK12: ='FEEDER Consumption '!EA12 -> 900 | AL12: ='FEEDER Consumption '!EF12 -> 230 | AM12: ='FEEDER Consumption '!EK12 -> 320 | AN12: ='FEEDER Consumption '!EP12 -> 500 | AO12: =SUM([1]WATER!C13,[1]WATER!H13,[1]WATER!M13,[1]WATER!R13) -> 1135763 | AP12: =IF((AO12-AO11<0), "0",AO12-AO11) -> 404 | AQ12: =WATER!D13 -> 38 | AR12: =WATER!I13 -> 0 | AS12: =WATER!N13 -> 202 | AT12: =WATER!S13 -> 111 | AU12: =WATER!AD13 -> 19 | AV12: =WATER!AI13 -> 6 | AW12: =WATER!AN13 -> 9 | AX12: =WATER!AS13 -> 12 | AY12: =WATER!AX13 -> 8 | AZ12: =WATER!BC13 -> 7 | BA12: =WATER!BH13 -> 8 | BB12: =WATER!BM13 -> 8 | BC12: =WATER!BR13 -> 2 | BD12: =WATER!BW13 -> 0 | BE12: =WATER!CB13 -> 3 | BF12: =WATER!CG13 -> 1 | BG12: =WATER!CL13 -> 24 | BH12: =WATER!CQ13 -> 8 | BI12: =WATER!CV13 -> 3 | BJ12: =WATER!DA13 -> 6 | BK12: =WATER!DF13 -> 3 | BL12: =WATER!DK13 -> 0 | BM12: =WATER!DP13 -> 3 | BN12: =WATER!DU13 -> 1 | BO12: =WATER!DZ13 -> 2 | BP12: ='Room Nights and Food Covers'!B12 -> 17.5 | BQ12: ='Room Nights and Food Covers'!C12 -> 126
A13: =A12+1 -> 44843 | C13: =SUM('GENSET #1'!C18+'GENSET #2'!C18+'GENSET #3'!C18+'GENSET #4'!C18+'GENSET #5'!C18) -> 103427970 | D13: =IF((C13-C12<0), "0",C13-C12) -> 24788 | E13: ='Gas-2'!G14 -> 270 | F13: =IF((E13-E12<0), "0",E13-E12) -> 0 | G13: ='GENSET #1'!D18 -> 8458 | H13: ='GENSET #2'!D18 -> 5699 | I13: ='GENSET #3'!D18 -> 0 | J13: ='GENSET #4'!D18 -> 2184 | K13: ='GENSET #5'!D18 -> 8447 | L13: ='FEEDER Consumption '!E13 -> 3657 | M13: ='FEEDER Consumption '!J13 -> 3809 | N13: ='FEEDER Consumption '!O13 -> 11679 | O13: ='FEEDER Consumption '!T13 -> 2500 | P13: ='FEEDER Consumption '!Y13 -> 2801 | Q13: ='FEEDER Consumption '!AD13 -> 2200 | R13: ='FEEDER Consumption '!AJ13 -> 473 | S13: ='FEEDER Consumption '!AO13 -> 800 | T13: ='FEEDER Consumption '!AT13 -> 1100 | U13: ='FEEDER Consumption '!AY13 -> 392 | V13: ='FEEDER Consumption '!BI13 -> 300 | W13: ='FEEDER Consumption '!BI13 -> 300 | X13: ='FEEDER Consumption '!BN13 -> 600 | Y13: ='FEEDER Consumption '!BS13 -> 150 | Z13: ='FEEDER Consumption '!BX13 -> 400 | AA13: ='FEEDER Consumption '!CC13 -> 1100 | AB13: ='FEEDER Consumption '!CH13 -> 490 | AC13: ='FEEDER Consumption '!CM13 -> 980 | AD13: ='FEEDER Consumption '!CR13 -> 650 | AE13: ='FEEDER Consumption '!DB13 -> 980 | AF13: ='FEEDER Consumption '!DB13 -> 980 | AG13: ='FEEDER Consumption '!DG13 -> 930 | AH13: ='FEEDER Consumption '!DL13 -> 490 | AI13: ='FEEDER Consumption '!DQ13 -> 280 | AJ13: ='FEEDER Consumption '!DV13 -> 110 | AK13: ='FEEDER Consumption '!EA13 -> 880 | AL13: ='FEEDER Consumption '!EF13 -> 240 | AM13: ='FEEDER Consumption '!EK13 -> 370 | AN13: ='FEEDER Consumption '!EP13 -> 470 | AO13: =SUM([1]WATER!C14,[1]WATER!H14,[1]WATER!M14,[1]WATER!R14) -> 1136119 | AP13: =IF((AO13-AO12<0), "0",AO13-AO12) -> 356 | AQ13: =WATER!D14 -> 55 | AR13: =WATER!I14 -> 0 | AS13: =WATER!N14 -> 197 | AT13: =WATER!S14 -> 145 | AU13: =WATER!AD14 -> 19 | AV13: =WATER!AI14 -> 5 | AW13: =WATER!AN14 -> 8 | AX13: =WATER!AS14 -> 12 | AY13: =WATER!AX14 -> 7 | AZ13: =WATER!BC14 -> 7 | BA13: =WATER!BH14 -> 7 | BB13: =WATER!BM14 -> 7 | BC13: =WATER!BR14 -> 3 | BD13: =WATER!BW14 -> 0 | BE13: =WATER!CB14 -> 6 | BF13: =WATER!CG14 -> 0 | BG13: =WATER!CL14 -> 23 | BH13: =WATER!CQ14 -> 8 | BI13: =WATER!CV14 -> 0 | BJ13: =WATER!DA14 -> 5 | BK13: =WATER!DF14 -> 3 | BL13: =WATER!DK14 -> 5 | BM13: =WATER!DP14 -> 0 | BN13: =WATER!DU14 -> 3 | BO13: =WATER!DZ14 -> 1 | BP13: ='Room Nights and Food Covers'!B13 -> 12.6 | BQ13: ='Room Nights and Food Covers'!C13 -> 130
A14: =A13+1 -> 44844 | C14: =SUM('GENSET #1'!C19+'GENSET #2'!C19+'GENSET #3'!C19+'GENSET #4'!C19+'GENSET #5'!C19) -> 103451211 | D14: =IF((C14-C13<0), "0",C14-C13) -> 23241 | E14: ='Gas-2'!G15 -> 270 | F14: =IF((E14-E13<0), "0",E14-E13) -> 0 | G14: ='GENSET #1'!D19 -> 7884 | H14: ='GENSET #2'!D19 -> 6279 | I14: ='GENSET #3'!D19 -> 0 | J14: ='GENSET #4'!D19 -> 1241 | K14: ='GENSET #5'!D19 -> 7837 | L14: ='FEEDER Consumption '!E14 -> 3285 | M14: ='FEEDER Consumption '!J14 -> 3381 | N14: ='FEEDER Consumption '!O14 -> 11478 | O14: ='FEEDER Consumption '!T14 -> 2400 | P14: ='FEEDER Consumption '!Y14 -> 2684 | Q14: ='FEEDER Consumption '!AD14 -> 1800 | R14: ='FEEDER Consumption '!AJ14 -> 465 | S14: ='FEEDER Consumption '!AO14 -> 700 | T14: ='FEEDER Consumption '!AT14 -> 900 | U14: ='FEEDER Consumption '!AY14 -> 361 | V14: ='FEEDER Consumption '!BI14 -> 300 | W14: ='FEEDER Consumption '!BI14 -> 300 | X14: ='FEEDER Consumption '!BN14 -> 600 | Y14: ='FEEDER Consumption '!BS14 -> 150 | Z14: ='FEEDER Consumption '!BX14 -> 440 | AA14: ='FEEDER Consumption '!CC14 -> 1200 | AB14: ='FEEDER Consumption '!CH14 -> 450 | AC14: ='FEEDER Consumption '!CM14 -> 890 | AD14: ='FEEDER Consumption '!CR14 -> 750 | AE14: ='FEEDER Consumption '!DB14 -> 830 | AF14: ='FEEDER Consumption '!DB14 -> 830 | AG14: ='FEEDER Consumption '!DG14 -> 670 | AH14: ='FEEDER Consumption '!DL14 -> 210 | AI14: ='FEEDER Consumption '!DQ14 -> 280 | AJ14: ='FEEDER Consumption '!DV14 -> 90 | AK14: ='FEEDER Consumption '!EA14 -> 760 | AL14: ='FEEDER Consumption '!EF14 -> 240 | AM14: ='FEEDER Consumption '!EK14 -> 360 | AN14: ='FEEDER Consumption '!EP14 -> 490 | AO14: =SUM([1]WATER!C15,[1]WATER!H15,[1]WATER!M15,[1]WATER!R15) -> 1136567 | AP14: =IF((AO14-AO13<0), "0",AO14-AO13) -> 448 | AQ14: =WATER!D15 -> 38 | AR14: =WATER!I15 -> 0 | AS14: =WATER!N15 -> 230 | AT14: =WATER!S15 -> 110 | AU14: =WATER!AD15 -> 15 | AV14: =WATER!AI15 -> 6 | AW14: =WATER!AN15 -> 10 | AX14: =WATER!AS15 -> 13 | AY14: =WATER!AX15 -> 7 | AZ14: =WATER!BC15 -> 7 | BA14: =WATER!BH15 -> 7 | BB14: =WATER!BM15 -> 8 | BC14: =WATER!BR15 -> 2 | BD14: =WATER!BW15 -> 0 | BE14: =WATER!CB15 -> 5 | BF14: =WATER!CG15 -> 1 | BG14: =WATER!CL15 -> 24 | BH14: =WATER!CQ15 -> 6 | BI14: =WATER!CV15 -> 1 | BJ14: =WATER!DA15 -> 5 | BK14: =WATER!DF15 -> 1 | BL14: =WATER!DK15 -> 3 | BM14: =WATER!DP15 -> 0 | BN14: =WATER!DU15 -> 1 | BO14: =WATER!DZ15 -> 1 | BP14: ='Room Nights and Food Covers'!B14 -> 12.6 | BQ14: ='Room Nights and Food Covers'!C14 -> 116
A15: =A14+1 -> 44845 | C15: =SUM('GENSET #1'!C20+'GENSET #2'!C20+'GENSET #3'!C20+'GENSET #4'!C20+'GENSET #5'!C20) -> 103473996 | D15: =IF((C15-C14<0), "0",C15-C14) -> 22785 | E15: ='Gas-2'!G16 -> 180 | F15: =IF((E15-E14<0), "0",E15-E14) -> 0 | G15: ='GENSET #1'!D20 -> 8298 | H15: ='GENSET #2'!D20 -> 5829 | I15: ='GENSET #3'!D20 -> 0 | J15: ='GENSET #4'!D20 -> 270 | K15: ='GENSET #5'!D20 -> 8388 | L15: ='FEEDER Consumption '!E15 -> 3102 | M15: ='FEEDER Consumption '!J15 -> 3409 | N15: ='FEEDER Consumption '!O15 -> 10860 | O15: ='FEEDER Consumption '!T15 -> 2200 | P15: ='FEEDER Consumption '!Y15 -> 2506 | Q15: ='FEEDER Consumption '!AD15 -> 1900 | R15: ='FEEDER Consumption '!AJ15 -> 480 | S15: ='FEEDER Consumption '!AO15 -> 600 | T15: ='FEEDER Consumption '!AT15 -> 1200 | U15: ='FEEDER Consumption '!AY15 -> 366 | V15: ='FEEDER Consumption '!BI15 -> 300 | W15: ='FEEDER Consumption '!BI15 -> 300 | X15: ='FEEDER Consumption '!BN15 -> 600 | Y15: ='FEEDER Consumption '!BS15 -> 140 | Z15: ='FEEDER Consumption '!BX15 -> 400 | AA15: ='FEEDER Consumption '!CC15 -> 1100 | AB15: ='FEEDER Consumption '!CH15 -> 510 | AC15: ='FEEDER Consumption '!CM15 -> 840 | AD15: ='FEEDER Consumption '!CR15 -> 730 | AE15: ='FEEDER Consumption '!DB15 -> 850 | AF15: ='FEEDER Consumption '!DB15 -> 850 | AG15: ='FEEDER Consumption '!DG15 -> 640 | AH15: ='FEEDER Consumption '!DL15 -> 660 | AI15: ='FEEDER Consumption '!DQ15 -> 260 | AJ15: ='FEEDER Consumption '!DV15 -> 130 | AK15: ='FEEDER Consumption '!EA15 -> 750 | AL15: ='FEEDER Consumption '!EF15 -> 250 | AM15: ='FEEDER Consumption '!EK15 -> 340 | AN15: ='FEEDER Consumption '!EP15 -> 480 | AO15: =SUM([1]WATER!C16,[1]WATER!H16,[1]WATER!M16,[1]WATER!R16) -> 1136996 | AP15: =IF((AO15-AO14<0), "0",AO15-AO14) -> 429 | AQ15: =WATER!D16 -> 32 | AR15: =WATER!I16 -> 0 | AS15: =WATER!N16 -> 218 | AT15: =WATER!S16 -> 72 | AU15: =WATER!AD16 -> 17 | AV15: =WATER!AI16 -> 5 | AW15: =WATER!AN16 -> 0 | AX15: =WATER!AS16 -> 11 | AY15: =WATER!AX16 -> 7 | AZ15: =WATER!BC16 -> 6 | BA15: =WATER!BH16 -> 7 | BB15: =WATER!BM16 -> 6 | BC15: =WATER!BR16 -> 2 | BD15: =WATER!BW16 -> 2 | BE15: =WATER!CB16 -> 6 | BF15: =WATER!CG16 -> 4 | BG15: =WATER!CL16 -> 25 | BH15: =WATER!CQ16 -> 6 | BI15: =WATER!CV16 -> 0 | BJ15: =WATER!DA16 -> 7 | BK15: =WATER!DF16 -> 4 | BL15: =WATER!DK16 -> 4 | BM15: =WATER!DP16 -> 0 | BN15: =WATER!DU16 -> 1 | BO15: =WATER!DZ16 -> 1 | BP15: ='Room Nights and Food Covers'!B15 -> 12.6 | BQ15: ='Room Nights and Food Covers'!C15 -> 119
A16: =A15+1 -> 44846 | C16: =SUM('GENSET #1'!C21+'GENSET #2'!C21+'GENSET #3'!C21+'GENSET #4'!C21+'GENSET #5'!C21) -> 103494878 | D16: =IF((C16-C15<0), "0",C16-C15) -> 20882 | E16: ='Gas-2'!G17 -> 315 | F16: =IF((E16-E15<0), "0",E16-E15) -> 135 | G16: ='GENSET #1'!D21 -> 7407 | H16: ='GENSET #2'!D21 -> 6063 | I16: ='GENSET #3'!D21 -> 0 | J16: ='GENSET #4'!D21 -> 0 | K16: ='GENSET #5'!D21 -> 7412 | L16: ='FEEDER Consumption '!E16 -> 2909 | M16: ='FEEDER Consumption '!J16 -> 3012 | N16: ='FEEDER Consumption '!O16 -> 10242 | O16: ='FEEDER Consumption '!T16 -> 2200 | P16: ='FEEDER Consumption '!Y16 -> 2474 | Q16: ='FEEDER Consumption '!AD16 -> 1700 | R16: ='FEEDER Consumption '!AJ16 -> 446 | S16: ='FEEDER Consumption '!AO16 -> 700 | T16: ='FEEDER Consumption '!AT16 -> 700 | U16: ='FEEDER Consumption '!AY16 -> 325 | V16: ='FEEDER Consumption '!BI16 -> 300 | W16: ='FEEDER Consumption '!BI16 -> 300 | X16: ='FEEDER Consumption '!BN16 -> 500 | Y16: ='FEEDER Consumption '!BS16 -> 140 | Z16: ='FEEDER Consumption '!BX16 -> 390 | AA16: ='FEEDER Consumption '!CC16 -> 1100 | AB16: ='FEEDER Consumption '!CH16 -> 380 | AC16: ='FEEDER Consumption '!CM16 -> 790 | AD16: ='FEEDER Consumption '!CR16 -> 560 | AE16: ='FEEDER Consumption '!DB16 -> 800 | AF16: ='FEEDER Consumption '!DB16 -> 800 | AG16: ='FEEDER Consumption '!DG16 -> 450 | AH16: ='FEEDER Consumption '!DL16 -> 430 | AI16: ='FEEDER Consumption '!DQ16 -> 260 | AJ16: ='FEEDER Consumption '!DV16 -> 120 | AK16: ='FEEDER Consumption '!EA16 -> 750 | AL16: ='FEEDER Consumption '!EF16 -> 260 | AM16: ='FEEDER Consumption '!EK16 -> 370 | AN16: ='FEEDER Consumption '!EP16 -> 440 | AO16: =SUM([1]WATER!C17,[1]WATER!H17,[1]WATER!M17,[1]WATER!R17) -> 1137515 | AP16: =IF((AO16-AO15<0), "0",AO16-AO15) -> 519 | AQ16: =WATER!D17 -> 19 | AR16: =WATER!I17 -> 0 | AS16: =WATER!N17 -> 186 | AT16: =WATER!S17 -> 113 | AU16: =WATER!AD17 -> 16 | AV16: =WATER!AI17 -> 6 | AW16: =WATER!AN17 -> 0 | AX16: =WATER!AS17 -> 13 | AY16: =WATER!AX17 -> 8 | AZ16: =WATER!BC17 -> 7 | BA16: =WATER!BH17 -> 8 | BB16: =WATER!BM17 -> 9 | BC16: =WATER!BR17 -> 2 | BD16: =WATER!BW17 -> 0 | BE16: =WATER!CB17 -> 4 | BF16: =WATER!CG17 -> 2 | BG16: =WATER!CL17 -> 28 | BH16: =WATER!CQ17 -> 7 | BI16: =WATER!CV17 -> 1 | BJ16: =WATER!DA17 -> -3 | BK16: =WATER!DF17 -> 2 | BL16: =WATER!DK17 -> 4 | BM16: =WATER!DP17 -> 50 | BN16: =WATER!DU17 -> 0 | BO16: =WATER!DZ17 -> 1 | BP16: ='Room Nights and Food Covers'!B16 -> 11.7 | BQ16: ='Room Nights and Food Covers'!C16 -> 118
... A35: =A34+1 -> 44865 | C35: =SUM('GENSET #1'!C40+'GENSET #2'!C40+'GENSET #3'!C40+'GENSET #4'!C40+'GENSET #5'!C40) -> 103941271 | D35: =IF((C35-C34<0), "0",C35-C34) -> 24517 | E35: ='Gas-2'!G36 -> 180 | F35: =IF((E35-E34<0), "0",E35-E34) -> 0 | G35: ='GENSET #1'!D40 -> 7457 | H35: ='GENSET #2'!D40 -> 11828 | I35: ='GENSET #3'!D40 -> 1002 | J35: ='GENSET #4'!D40 -> 0 | K35: ='GENSET #5'!D40 -> 4230 | L35: ='FEEDER Consumption '!E35 -> 3747 | M35: ='FEEDER Consumption '!J35 -> 3713 | N35: ='FEEDER Consumption '!O35 -> 11230 | O35: ='FEEDER Consumption '!T35 -> 2400 | P35: ='FEEDER Consumption '!Y35 -> 2712 | Q35: ='FEEDER Consumption '!AD35 -> 1900 | R35: ='FEEDER Consumption '!AJ35 -> 471 | S35: ='FEEDER Consumption '!AO35 -> 700 | T35: ='FEEDER Consumption '!AT35 -> 1300 | U35: ='FEEDER Consumption '!AY35 -> 387 | V35: ='FEEDER Consumption '!BI35 -> 300 | W35: ='FEEDER Consumption '!BI35 -> 300 | X35: ='FEEDER Consumption '!BN35 -> 600 | Y35: ='FEEDER Consumption '!BS35 -> 140 | Z35: ='FEEDER Consumption '!BX35 -> 470 | AA35: ='FEEDER Consumption '!CC35 -> 1200 | AB35: ='FEEDER Consumption '!CH35 -> 490 | AC35: ='FEEDER Consumption '!CM35 -> 69 | AD35: ='FEEDER Consumption '!CR35 -> 760 | AE35: ='FEEDER Consumption '!DB35 -> 780 | AF35: ='FEEDER Consumption '!DB35 -> 780 | AG35: ='FEEDER Consumption '!DG35 -> 860 | AH35: ='FEEDER Consumption '!DL35 -> 640 | AI35: ='FEEDER Consumption '!DQ35 -> 280 | AJ35: ='FEEDER Consumption '!DV35 -> 140 | AK35: ='FEEDER Consumption '!EA35 -> 920 | AL35: ='FEEDER Consumption '!EF35 -> 300 | AM35: ='FEEDER Consumption '!EK35 -> 370 | AN35: ='FEEDER Consumption '!EP35 -> 510 | AO35: =SUM([1]WATER!C36,[1]WATER!H36,[1]WATER!M36,[1]WATER!R36) -> 0 | AP35: =IF((AO35-AO34<0), "0",AO35-AO34) -> 0 | AQ35: =WATER!D36 -> 202 | AR35: =WATER!I36 -> 0 | AS35: =WATER!N36 -> 41 | AT35: =WATER!S36 -> 133 | AU35: =WATER!AD36 -> 18 | AV35: =WATER!AI36 -> 6 | AW35: =WATER!AN36 -> 15 | AX35: =WATER!AS36 -> 11 | AY35: =WATER!AX36 -> 7 | AZ35: =WATER!BC36 -> 7 | BA35: =WATER!BH36 -> 1 | BB35: =WATER!BM36 -> 9 | BC35: =WATER!BR36 -> 1 | BD35: =WATER!BW36 -> 0 | BE35: =WATER!CB36 -> 1 | BF35: =WATER!CG36 -> 2 | BG35: =WATER!CL36 -> 0 | BH35: =WATER!CQ36 -> 9 | BI35: =WATER!CV36 -> 0 | BJ35: =WATER!DA36 -> 1 | BK35: =WATER!DF36 -> 3 | BL35: =WATER!DK36 -> 3 | BM35: =WATER!DP36 -> 7 | BN35: =WATER!DU36 -> 2 | BO35: =WATER!DZ36 -> 1 | BP35: ='Room Nights and Food Covers'!B35 -> 31.1 | BQ35: ='Room Nights and Food Covers'!C35 -> 195

Sheet Finance Only
A1: Four Seasons Landaa Giraavaru
A3: Property | B3: MLG | G3: 44470 | H3: =NOW() -> 44909.642 | J3: =H3-G3 -> 439.64186
A4: Month | B4: 44836
A5: Year | B5: 2022
A7: DAY | B7: Electricity Consumption ( kwh) | C7: Diesel Consumption (Liters) | D7: Solar Power Consumption(kwh) | E7: Gas Consumption (kg) | F7: Water Consumption ( m3) | G7: Occupancy | H7: Weather | I7: Ambian Temperature | J7: Electricity Variance (Today vs Yesterday)
A8: 1 | B8: =SUM('GENSET #1:GENSET #5'!D10) -> 23230 | C8: ='Diesel consumption'!D5 -> 6530 | D8: ='SOLAR METER READING'!D9 -> 2398 | E8: ='Gas-2'!G6 -> 270 | F8: =WATER!V6 -> 274 | G8: =WATER!W6 -> 0 | H8: ='SOLAR METER READING'!E9 -> 0 | I8: ='SOLAR METER READING'!F9 -> 0
A9: 2 | B9: =SUM('GENSET #1:GENSET #5'!D11) -> 22901 | C9: ='Diesel consumption'!D6 -> 6440 | D9: ='SOLAR METER READING'!D10 -> 1415 | E9: ='Gas-2'!G7 -> 270 | F9: =WATER!V7 -> 327 | G9: =WATER!W7 -> 0 | H9: ='SOLAR METER READING'!E10 -> 0 | I9: ='SOLAR METER READING'!F10 -> 0 | J9: =B9-B8 -> -329
A10: 3 | B10: =SUM('GENSET #1:GENSET #5'!D12) -> 23398 | C10: ='Diesel consumption'!D7 -> 6620 | D10: ='SOLAR METER READING'!D11 -> 3170 | E10: ='Gas-2'!G8 -> 315 | F10: =WATER!V8 -> 371 | G10: =WATER!W8 -> 0 | H10: ='SOLAR METER READING'!E11 -> 0 | I10: ='SOLAR METER READING'!F11 -> 0 | J10: =B10-B9 -> 497
A11: 4 | B11: =SUM('GENSET #1:GENSET #5'!D13) -> 24673 | C11: ='Diesel consumption'!D8 -> 6980 | D11: ='SOLAR METER READING'!D12 -> 2884 | E11: ='Gas-2'!G9 -> 270 | F11: =WATER!V9 -> 339 | G11: =WATER!W9 -> 0 | H11: ='SOLAR METER READING'!E12 -> 0 | I11: ='SOLAR METER READING'!F12 -> 0 | J11: =B11-B10 -> 1275
A12: 5 | B12: =SUM('GENSET #1:GENSET #5'!D14) -> 25199 | C12: ='Diesel consumption'!D9 -> 7050 | D12: ='SOLAR METER READING'!D13 -> 3110 | E12: ='Gas-2'!G10 -> 225 | F12: =WATER!V10 -> 334 | G12: =WATER!W10 -> 7678 | H12: ='SOLAR METER READING'!E13 -> 0 | I12: ='SOLAR METER READING'!F13 -> 0 | J12: =B12-B11 -> 526
A13: 6 | B13: =SUM('GENSET #1:GENSET #5'!D15) -> 24031 | C13: ='Diesel consumption'!D10 -> 7050 | D13: ='SOLAR METER READING'!D14 -> 3186 | E13: ='Gas-2'!G11 -> 315 | F13: =WATER!V11 -> 321 | G13: =WATER!W11 -> 2203 | H13: ='SOLAR METER READING'!E14 -> 0 | I13: ='SOLAR METER READING'!F14 -> 0 | J13: =B13-B12 -> -1168
A14: 7 | B14: =SUM('GENSET #1:GENSET #5'!D16) -> 24598 | C14: ='Diesel consumption'!D11 -> 7140 | D14: ='SOLAR METER READING'!D15 -> 3122 | E14: ='Gas-2'!G12 -> 225 | F14: =WATER!V12 -> 382 | G14: =WATER!W12 -> 0 | H14: ='SOLAR METER READING'!E15 -> 0 | I14: ='SOLAR METER READING'!F15 -> 0 | J14: =B14-B13 -> 567
A15: 8 | B15: =SUM('GENSET #1:GENSET #5'!D17) -> 24492 | C15: ='Diesel consumption'!D12 -> 6910 | D15: ='SOLAR METER READING'!D16 -> 3185 | E15: ='Gas-2'!G13 -> 315 | F15: =WATER!V13 -> 351 | G15: =WATER!W13 -> 0 | H15: ='SOLAR METER READING'!E16 -> 0 | I15: ='SOLAR METER READING'!F16 -> 0 | J15: =B15-B14 -> -106
A16: 9 | B16: =SUM('GENSET #1:GENSET #5'!D18) -> 24788 | C16: ='Diesel consumption'!D13 -> 6970 | D16: ='SOLAR METER READING'!D17 -> 3319 | E16: ='Gas-2'!G14 -> 270 | F16: =WATER!V14 -> 397 | G16: =WATER!W14 -> 0 | H16: ='SOLAR METER READING'!E17 -> 0 | I16: ='SOLAR METER READING'!F17 -> 0 | J16: =B16-B15 -> 296
A17: 10 | B17: =SUM('GENSET #1:GENSET #5'!D19) -> 23241 | C17: ='Diesel consumption'!D14 -> 6780 | D17: ='SOLAR METER READING'!D18 -> 2255 | E17: ='Gas-2'!G15 -> 270 | F17: =WATER!V15 -> 378 | G17: =WATER!W15 -> 0 | H17: ='SOLAR METER READING'!E18 -> 0 | I17: ='SOLAR METER READING'!F18 -> 0 | J17: =B17-B16 -> -1547
A18: 11 | B18: =SUM('GENSET #1:GENSET #5'!D20) -> 22785 | C18: ='Diesel consumption'!D15 -> 6340 | D18: ='SOLAR METER READING'!D19 -> 2633 | E18: ='Gas-2'!G16 -> 180 | F18: =WATER!V16 -> 322 | G18: =WATER!W16 -> 0 | H18: ='SOLAR METER READING'!E19 -> 0 | I18: ='SOLAR METER READING'!F19 -> 0 | J18: =B18-B17 -> -456
A19: 12 | B19: =SUM('GENSET #1:GENSET #5'!D21) -> 20882 | C19: ='Diesel consumption'!D16 -> 5860 | D19: ='SOLAR METER READING'!D20 -> 2540 | E19: ='Gas-2'!G17 -> 315 | F19: =WATER!V17 -> 318 | G19: =WATER!W17 -> 0 | H19: ='SOLAR METER READING'!E20 -> 0 | I19: ='SOLAR METER READING'!F20 -> 0 | J19: =B19-B18 -> -1903
A20: 13 | B20: =SUM('GENSET #1:GENSET #5'!D22) -> 22278 | C20: ='Diesel consumption'!D17 -> 6340 | D20: ='SOLAR METER READING'!D21 -> 502 | E20: ='Gas-2'!G18 -> 225 | F20: =WATER!V18 -> 310 | G20: =WATER!W18 -> 0 | H20: ='SOLAR METER READING'!E21 -> 0 | I20: ='SOLAR METER READING'!F21 -> 0 | J20: =B20-B19 -> 1396
... A36: 29 | B36: =SUM('GENSET #1:GENSET #5'!D38) -> 24259 | C36: ='Diesel consumption'!D33 -> 6890 | D36: ='SOLAR METER READING'!D37 -> 2367 | E36: ='Gas-2'!G34 -> 180 | F36: =WATER!V34 -> 319 | G36: =WATER!W34 -> 7043 | H36: ='SOLAR METER READING'!E37 -> 0 | I36: ='SOLAR METER READING'!F37 -> 0 | J36: =B36-B35 -> 610
A37: 30 | B37: =SUM('GENSET #1:GENSET #5'!D39) -> 24684 | C37: ='Diesel consumption'!D34 -> 6870 | D37: ='SOLAR METER READING'!D38 -> 3179 | E37: ='Gas-2'!G35 -> 225 | F37: =WATER!V35 -> 343 | G37: 18 | H37: ='SOLAR METER READING'!E38 -> 0 | I37: ='SOLAR METER READING'!F38 -> 0 | J37: =B37-B36 -> 425
A38: 31 | B38: =SUM('GENSET #1:GENSET #5'!D40) -> 24517 | C38: ='Diesel consumption'!D35 -> 6940 | D38: ='SOLAR METER READING'!D39 -> 3049 | E38: ='Gas-2'!G36 -> 180 | F38: =WATER!V36 -> 376 | G38: =WATER!W36 -> 0 | H38: ='SOLAR METER READING'!E39 -> 0
A39: Total | B39: =SUM(B8:B38) -> 730611 | C39: =SUM(C8:C38) -> 206400 | D39: =SUM(D8:D38) -> 79128 | E39: =SUM(E8:E38) -> 7335 | F39: =SUM(F8:F38) -> 10193 | G39: =SUM(G8:G37)/30 -> 2120.3667 | H39: ='SOLAR METER READING'!E40 -> 0 | I39: ='SOLAR METER READING'!F40 -> 0
A40: Avg | B40: =B39/A41 -> 24353.7 | C40: =C39/A41 -> 6880 | D40: =D39/A41 -> 2637.6 | E40: =E39/A41 -> 244.5 | F40: =F39/A41 -> 339.76667
A41: 30

Sheet Room Nights and Food Covers
A2: Days
A3: Date | B3: ROOM NIGHTS | C3: Total Food Covers
A4: 44834 | B4: 14.6 | C4: 159
A5: =A4+1 -> 44835 | B5: 11.7 | C5: 94
A6: =A5+1 -> 44836 | B6: 15.5 | C6: 119
A7: =A6+1 -> 44837 | B7: 19.4 | C7: 156
A8: =A7+1 -> 44838 | B8: 18.4 | C8: 141
A9: =A8+1 -> 44839 | B9: 18.4 | C9: 131
A10: =A9+1 -> 44840 | B10: 14.6 | C10: 122
A11: =A10+1 -> 44841 | B11: 15.5 | C11: 134
A12: =A11+1 -> 44842 | B12: 17.5 | C12: 126
A13: =A12+1 -> 44843 | B13: 12.6 | C13: 130
A14: =A13+1 -> 44844 | B14: 12.6 | C14: 116
A15: =A14+1 -> 44845 | B15: 12.6 | C15: 119
A16: =A15+1 -> 44846 | B16: 11.7 | C16: 118
... A35: =A34+1 -> 44865 | B35: 31.1 | C35: 195

Sheet GENSET #1
C1: 1000 KVA
C3: NO#1
A6: 44836
B8: GENSET NO 1
A9: DAY | B9: YESTARDAY | C9: TODAY | D9: Final Electricity Consumption( KWh)
A10: 1 | B10: 20007701 | C10: 20014195 | D10: =MAX(0,C10-B10) -> 6494
A11: 2 | B11: =C10 -> 20014195 | C11: 20022122 | D11: =MAX(0,C11-B11) -> 7927
A12: 3 | B12: =C11 -> 20022122 | C12: 20029920 | D12: =MAX(0,C12-B12) -> 7798
A13: 4 | B13: =C12 -> 20029920 | C13: 20038083 | D13: =MAX(0,C13-B13) -> 8163
A14: 5 | B14: =C13 -> 20038083 | C14: 20042139 | D14: =MAX(0,C14-B14) -> 4056
A15: 6 | B15: =C14 -> 20042139 | C15: 20049344 | D15: =MAX(0,C15-B15) -> 7205
A16: 7 | B16: =C15 -> 20049344 | C16: 20053267 | D16: =MAX(0,C16-B16) -> 3923
A17: 8 | B17: =C16 -> 20053267 | C17: 20060406 | D17: =MAX(0,C17-B17) -> 7139
A18: 9 | B18: =C17 -> 20060406 | C18: 20068864 | D18: =MAX(0,C18-B18) -> 8458
A19: 10 | B19: =C18 -> 20068864 | C19: 20076748 | D19: =MAX(0,C19-B19) -> 7884
A20: 11 | B20: =C19 -> 20076748 | C20: 20085046 | D20: =MAX(0,C20-B20) -> 8298
A21: 12 | B21: =C20 -> 20085046 | C21: 20092453 | D21: =MAX(0,C21-B21) -> 7407
A22: 13 | B22: =C21 -> 20092453 | C22: 20099115 | D22: =MAX(0,C22-B22) -> 6662
... A38: 29 | B38: =C37 -> 20187544 | C38: 20195574 | D38: =MAX(0,C38-B38) -> 8030
A39: 30 | B39: =C38 -> 20195574 | C39: 20199252 | D39: =MAX(0,C39-B39) -> 3678 | G39: NEW ENGINE PURCHASED FROM UK
A40: 31 | B40: =C39 -> 20199252 | C40: 20206709 | D40: =MAX(0,C40-B40) -> 7457
A41: Total | D41: =SUM(D10:D40) -> 199008 | G41: INSTALLED: NOV 30 2013

Sheet GENSET #2
C1: 1600 KVA
C3: NO#2
A6: 44836
B8: GENSET NO 2
A9: DAY | B9: YESTARDAY | C9: TODAY | D9: Final Electricity Consumption( KW h)
A10: 1 | B10: 34105185 | C10: 34112927 | D10: =MAX(0,C10-B10) -> 7742
A11: 2 | B11: =C10 -> 34112927 | C11: 34119722 | D11: =MAX(0,C11-B11) -> 6795
A12: 3 | B12: =C11 -> 34119722 | C12: 34125868 | D12: =MAX(0,C12-B12) -> 6146
A13: 4 | B13: =C12 -> 34125868 | C13: 34132106 | D13: =MAX(0,C13-B13) -> 6238
A14: 5 | B14: =C13 -> 34132106 | C14: 34137976 | D14: =MAX(0,C14-B14) -> 5870
A15: 6 | B15: =C14 -> 34137976 | C15: 34147990 | D15: =MAX(0,C15-B15) -> 10014
A16: 7 | B16: =C15 -> 34147990 | C16: 34165625 | D16: =MAX(0,C16-B16) -> 17635
A17: 8 | B17: =C16 -> 34165625 | C17: 34173138 | D17: =MAX(0,C17-B17) -> 7513
A18: 9 | B18: =C17 -> 34173138 | C18: 34178837 | D18: =MAX(0,C18-B18) -> 5699
A19: 10 | B19: =C18 -> 34178837 | C19: 34185116 | D19: =MAX(0,C19-B19) -> 6279
A20: 11 | B20: =C19 -> 34185116 | C20: 34190945 | D20: =MAX(0,C20-B20) -> 5829
A21: 12 | B21: =C20 -> 34190945 | C21: 34197008 | D21: =MAX(0,C21-B21) -> 6063
A22: 13 | B22: =C21 -> 34197008 | C22: 34205407 | D22: =MAX(0,C22-B22) -> 8399
... A40: 31 | B40: =C39 -> 34348971 | C40: 34360799 | D40: =MAX(0,C40-B40) -> 11828
A41: Total | B41: =#REF! -> #REF! | D41: =SUM(D10:D40) -> 255614

Sheet GENSET #3
C1: 900 KVA
C3: NO#3
A6: 44836
B8: GENSET NO 3
A9: DAY | B9: YESTARDAY | C9: TODAY | D9: Final Electricity Consumption( KW h)
A10: 1 | B10: 15433036 | C10: 15433036 | D10: =MAX(0,C10-B10) -> 0
A11: 2 | B11: =C10 -> 15433036 | C11: 15433036 | D11: =MAX(0,C11-B11) -> 0
A12: 3 | B12: =C11 -> 15433036 | C12: 15433036 | D12: =MAX(0,C12-B12) -> 0
A13: 4 | B13: =C12 -> 15433036 | C13: 15433036 | D13: =MAX(0,C13-B13) -> 0
A14: 5 | B14: =C13 -> 15433036 | C14: 15440714 | D14: =MAX(0,C14-B14) -> 7678
A15: 6 | B15: =C14 -> 15440714 | C15: 15442917 | D15: =MAX(0,C15-B15) -> 2203
A16: 7 | B16: =C15 -> 15442917 | C16: 15442917 | D16: =MAX(0,C16-B16) -> 0
A17: 8 | B17: =C16 -> 15442917 | C17: 15442917 | D17: =MAX(0,C17-B17) -> 0
A18: 9 | B18: =C17 -> 15442917 | C18: 15442917 | D18: =MAX(0,C18-B18) -> 0
A19: 10 | B19: =C18 -> 15442917 | C19: 15442917 | D19: =MAX(0,C19-B19) -> 0
A20: 11 | B20: =C19 -> 15442917 | C20: 15442917 | D20: =MAX(0,C20-B20) -> 0
A21: 12 | B21: =C20 -> 15442917 | C21: 15442917 | D21: =MAX(0,C21-B21) -> 0
A22: 13 | B22: =C21 -> 15442917 | C22: 15442917 | D22: =MAX(0,C22-B22) -> 0
... A40: 31 | B40: =C39 -> 15500946 | C40: 15501948 | D40: =MAX(0,C40-B40) -> 1002
A41: Total | B41: =#REF! -> #REF! | D41: =SUM(D10:D40) -> 68912

Sheet GENSET #4
C1: 500 KVA
C3: NO#4
A6: 44836
B8: GENSET NO 4
A9: DAY | B9: YESTARDAY | C9: TODAY | D9: Final Electricity Consumption( KW h)
A10: 1 | B10: 12677148 | C10: 12679672 | D10: =MAX(0,C10-B10) -> 2524
A11: 2 | B11: =C10 -> 12679672 | C11: 12679912 | D11: =MAX(0,C11-B11) -> 240
A12: 3 | B12: =C11 -> 12679912 | C12: 12681475 | D12: =MAX(0,C12-B12) -> 1563
A13: 4 | B13: =C12 -> 12681475 | C13: 12683629 | D13: =MAX(0,C13-B13) -> 2154
A14: 5 | B14: =C13 -> 12683629 | C14: 12685921 | D14: =MAX(0,C14-B14) -> 2292
A15: 6 | B15: =C14 -> 12685921 | C15: 12686501 | D15: =MAX(0,C15-B15) -> 580
A16: 7 | B16: =C15 -> 12686501 | C16: 12689541 | D16: =MAX(0,C16-B16) -> 3040
A17: 8 | B17: =C16 -> 12689541 | C17: 12692061 | D17: =MAX(0,C17-B17) -> 2520
A18: 9 | B18: =C17 -> 12692061 | C18: 12694245 | D18: =MAX(0,C18-B18) -> 2184
A19: 10 | B19: =C18 -> 12694245 | C19: 12695486 | D19: =MAX(0,C19-B19) -> 1241
A20: 11 | B20: =C19 -> 12695486 | C20: 12695756 | D20: =MAX(0,C20-B20) -> 270
A21: 12 | B21: =C20 -> 12695756 | C21: 12695756 | D21: =MAX(0,C21-B21) -> 0
A22: 13 | B22: =C21 -> 12695756 | C22: 12696560 | D22: =MAX(0,C22-B22) -> 804
... A40: 31 | B40: =C39 -> 12698297 | C40: 12698297 | D40: =MAX(0,C40-B40) -> 0
A41: Total | B41: =#REF! -> #REF! | D41: =SUM(D10:D40) -> 21149

Sheet GENSET #5
C1: 1000 KVA
C3: NO#5
A6: 44836
B8: GENSET NO 5
A9: DAY | B9: YESTARDAY | C9: TODAY | D9: Final Electricity Consumption( KWh)
A10: 1 | B10: 20987590 | C10: 20994060 | D10: =MAX(0,C10-B10) -> 6470 | I10: 7040
A11: 2 | B11: =C10 -> 20994060 | C11: 21001999 | D11: =MAX(0,C11-B11) -> 7939 | I11: 8505
A12: 3 | B12: =C11 -> 21001999 | C12: 21009890 | D12: =MAX(0,C12-B12) -> 7891 | I12: 8591
A13: 4 | B13: =C12 -> 21009890 | C13: 21018008 | D13: =MAX(0,C13-B13) -> 8118 | I13: 8045
A14: 5 | B14: =C13 -> 21018008 | C14: 21023311 | D14: =MAX(0,C14-B14) -> 5303
A15: 6 | B15: =C14 -> 21023311 | C15: 21027340 | D15: =MAX(0,C15-B15) -> 4029
A16: 7 | B16: =C15 -> 21027340 | C16: 21027340 | D16: =MAX(0,C16-B16) -> 0
A17: 8 | B17: =C16 -> 21027340 | C17: 21034660 | D17: =MAX(0,C17-B17) -> 7320
A18: 9 | B18: =C17 -> 21034660 | C18: 21043107 | D18: =MAX(0,C18-B18) -> 8447
A19: 10 | B19: =C18 -> 21043107 | C19: 21050944 | D19: =MAX(0,C19-B19) -> 7837
A20: 11 | B20: =C19 -> 21050944 | C20: 21059332 | D20: =MAX(0,C20-B20) -> 8388
A21: 12 | B21: =C20 -> 21059332 | C21: 21066744 | D21: =MAX(0,C21-B21) -> 7412
A22: 13 | B22: =C21 -> 21066744 | C22: 21073157 | D22: =MAX(0,C22-B22) -> 6413
A23: 14 | B23: =C22 -> 21073157 | C23: 21080868 | D23: =MAX(0,C23-B23) -> 7711
A24: 15 | B24: =C23 -> 21080868 | C24: 21086908 | D24: =MAX(0,C24-B24) -> 6040
A25: 16 | B25: =C24 -> 21086908 | C25: 21086908 | D25: =MAX(0,C25-B25) -> 0
... A40: 31 | B40: =C39 -> 21169288 | C40: 21173518 | D40: =MAX(0,C40-B40) -> 4230
A41: Total | D41: =SUM(D10:D40) -> 185928

Sheet Diesel consumption
A1: Diesel Consumption - Powerhouse | F1: Diesel Tank Jetty Meter
A2: 44836
D3: Liters | F3: Boat meter Reading
A4: Date | B4: Yesterday | C4: Today | D4: ConsumptionIn 24 hrs | F4: Yesterday | G4: Today | H4: Consumption (Liters) | J4: In Barrels | L4: Carbon Emmision
A5: 1 | B5: 47638940 | C5: 47645470 | D5: =MAX(0,C5-B5) -> 6530 | F5: 1271440 | G5: 1271440 | H5: =MAX(0,G5-F5) -> 0 | J5: =D5/200 -> 32.65 | L5: =2.68*D5 -> 17500.4 | M5: =L5/1000 -> 17.5004
A6: 2 | B6: =C5 -> 47645470 | C6: 47651910 | D6: =MAX(0,C6-B6) -> 6440 | F6: =G5 -> 1271440 | G6: 1273250 | H6: =MAX(0,G6-F6) -> 1810 | J6: =D6/200 -> 32.2 | L6: =2.68*D6 -> 17259.2 | M6: =L6/1000 -> 17.2592
A7: 3 | B7: =C6 -> 47651910 | C7: 47658530 | D7: =MAX(0,C7-B7) -> 6620 | F7: =G6 -> 1273250 | G7: 1274100 | H7: =MAX(0,G7-F7) -> 850 | J7: =D7/200 -> 33.1 | L7: =2.68*D7 -> 17741.6 | M7: =L7/1000 -> 17.7416
A8: 4 | B8: =C7 -> 47658530 | C8: 47665510 | D8: =MAX(0,C8-B8) -> 6980 | F8: =G7 -> 1274100 | G8: 1274100 | H8: =MAX(0,G8-F8) -> 0 | J8: =D8/200 -> 34.9 | L8: =2.68*D8 -> 18706.4 | M8: =L8/1000 -> 18.7064
A9: 5 | B9: =C8 -> 47665510 | C9: 47672560 | D9: =MAX(0,C9-B9) -> 7050 | F9: =G8 -> 1274100 | G9: 1275600 | H9: =MAX(0,G9-F9) -> 1500 | J9: =D9/200 -> 35.25 | L9: =2.68*D9 -> 18894 | M9: =L9/1000 -> 18.894
A10: 6 | B10: =C9 -> 47672560 | C10: 47679610 | D10: =MAX(0,C10-B10) -> 7050 | F10: =G9 -> 1275600 | G10: 1276800 | H10: =MAX(0,G10-F10) -> 1200 | J10: =D10/200 -> 35.25 | L10: =2.68*D10 -> 18894 | M10: =L10/1000 -> 18.894
A11: 7 | B11: =C10 -> 47679610 | C11: 47686750 | D11: =MAX(0,C11-B11) -> 7140 | F11: =G10 -> 1276800 | G11: 1276800 | H11: =MAX(0,G11-F11) -> 0 | J11: =D11/200 -> 35.7 | L11: =2.68*D11 -> 19135.2 | M11: =L11/1000 -> 19.1352
A12: 8 | B12: =C11 -> 47686750 | C12: 47693660 | D12: =MAX(0,C12-B12) -> 6910 | F12: =G11 -> 1276800 | G12: 1279440 | H12: =MAX(0,G12-F12) -> 2640 | J12: =D12/200 -> 34.55 | L12: =2.68*D12 -> 18518.8 | M12: =L12/1000 -> 18.5188
A13: 9 | B13: =C12 -> 47693660 | C13: 47700630 | D13: =MAX(0,C13-B13) -> 6970 | F13: =G12 -> 1279440 | G13: 1279440 | H13: =MAX(0,G13-F13) -> 0 | J13: =D13/200 -> 34.85 | L13: =2.68*D13 -> 18679.6 | M13: =L13/1000 -> 18.6796
A14: 10 | B14: =C13 -> 47700630 | C14: 47707410 | D14: =MAX(0,C14-B14) -> 6780 | F14: =G13 -> 1279440 | G14: 1280780 | H14: =MAX(0,G14-F14) -> 1340 | J14: =D14/200 -> 33.9 | L14: =2.68*D14 -> 18170.4 | M14: =L14/1000 -> 18.1704
A15: 11 | B15: =C14 -> 47707410 | C15: 47713750 | D15: =MAX(0,C15-B15) -> 6340 | F15: =G14 -> 1280780 | G15: 1281080 | H15: =MAX(0,G15-F15) -> 300 | J15: =D15/200 -> 31.7 | L15: =2.68*D15 -> 16991.2 | M15: =L15/1000 -> 16.9912
A16: 12 | B16: =C15 -> 47713750 | C16: 47719610 | D16: =MAX(0,C16-B16) -> 5860 | F16: =G15 -> 1281080 | G16: 1283310 | H16: =MAX(0,G16-F16) -> 2230 | J16: =D16/200 -> 29.3 | L16: =2.68*D16 -> 15704.8 | M16: =L16/1000 -> 15.7048
A17: 13 | B17: =C16 -> 47719610 | C17: 47725950 | D17: =MAX(0,C17-B17) -> 6340 | F17: =G16 -> 1283310 | G17: 1284070 | H17: =MAX(0,G17-F17) -> 760 | J17: =D17/200 -> 31.7 | L17: =2.68*D17 -> 16991.2 | M17: =L17/1000 -> 16.9912
... A34: 30 | B34: =C33 -> 47831530 | C34: 47838400 | D34: =MAX(0,C34-B34) -> 6870 | F34: =G33 -> 1300410 | G34: 1301040 | H34: =MAX(0,G34-F34) -> 630 | J34: =D34/200 -> 34.35 | L34: =2.68*D34 -> 18411.6 | M34: =L34/1000 -> 18.4116
A35: 31 | B35: =C34 -> 47838400 | C35: 47845340 | D35: =MAX(0,C35-B35) -> 6940 | F35: =G34 -> 1301040 | G35: 1333200 | H35: =MAX(0,G35-F35) -> 32160 | J35: =D35/200 -> 34.7 | L35: =2.68*D35 -> 18599.2
D36: =SUM(D5:D35) -> 206400 | J36: =SUM(J5:J34) -> 997.3 | L36: =2.68*D36 -> 553152 | M36: =L36/1000 -> 553.152

Sheet SOLAR METER READING
C3: solar reading
B5: 44836
B7: Solar meter reading
A8: DAY | B8: YESTARDAY | C8: TODAY | D8: Final Electricity Consumption( KW h) | E8: Weather Condition | F8: Temperature
A9: 1 | B9: 4022495 | C9: 4024893 | D9: =MAX(0,C9-B9) -> 2398
A10: 2 | B10: =C9 -> 4024893 | C10: 4026308 | D10: =MAX(0,C10-B10) -> 1415
A11: 3 | B11: =C10 -> 4026308 | C11: 4029478 | D11: =MAX(0,C11-B11) -> 3170
A12: 4 | B12: =C11 -> 4029478 | C12: 4032362 | D12: =MAX(0,C12-B12) -> 2884
A13: 5 | B13: =C12 -> 4032362 | C13: 4035472 | D13: =MAX(0,C13-B13) -> 3110 | J13: 1 liter diesel | K13: 3.61 kwh
A14: 6 | B14: =C13 -> 4035472 | C14: 4038658 | D14: =MAX(0,C14-B14) -> 3186 | J14: 212.88 diesel | K14: 768.50 kwh
A15: 7 | B15: =C14 -> 4038658 | C15: 4041780 | D15: =MAX(0,C15-B15) -> 3122
A16: 8 | B16: =C15 -> 4041780 | C16: 4044965 | D16: =MAX(0,C16-B16) -> 3185
A17: 9 | B17: =C16 -> 4044965 | C17: 4048284 | D17: =MAX(0,C17-B17) -> 3319
A18: 10 | B18: =C17 -> 4048284 | C18: 4050539 | D18: =MAX(0,C18-B18) -> 2255
A19: 11 | B19: =C18 -> 4050539 | C19: 4053172 | D19: =MAX(0,C19-B19) -> 2633
A20: 12 | B20: =C19 -> 4053172 | C20: 4055712 | D20: =MAX(0,C20-B20) -> 2540
A21: 13 | B21: =C20 -> 4055712 | C21: 4056214 | D21: =MAX(0,C21-B21) -> 502
A22: 14 | B22: =C21 -> 4056214 | C22: 4058488 | D22: =MAX(0,C22-B22) -> 2274
A23: 15 | B23: =C22 -> 4058488 | C23: 4061571 | D23: =MAX(0,C23-B23) -> 3083
A24: 16 | B24: =C23 -> 4061571 | C24: 4064329 | D24: =MAX(0,C24-B24) -> 2758
A25: 17 | B25: =C24 -> 4064329 | C25: 4065591 | D25: =MAX(0,C25-B25) -> 1262
A26: 18 | B26: =C25 -> 4065591 | C26: 4068473 | D26: =MAX(0,C26-B26) -> 2882
... A39: 31 | B39: =C38 -> 4098574 | C39: 4101623 | D39: =MAX(0,C39-B39) -> 3049
A40: Total | D40: =SUM(D9:D39) -> 79128

Sheet FEEDER Consumption 
A1: 44836 | GC1: Daily Electricity (Kwh) Consumption by Building Categories
A2: POWER HOUSE FEEDER READING
C3: Main BLU FEEDER PANEL 1 | H3: Main BLU FEEDER PANEL 2 | M3: Main POWER HOUSE FEEDER PANEL NO:3 | R3: Main Kitchen -7 | W3: Main Kitchen -10 | AB3: Water treatment Plant | AH3: Sewage treatment Plant | AM3: Laundry--8SSB (Machineries) | AR3: Laundry-9 (HR/Tuck Shop Building) | AW3: New staff accomodation (E0) | BB3: Staff block-16(E2-E3) | BG3: Staff Block Feeder-3(E4-E5) | BL3: Management block-5 (M1 to M6) | BQ3: SNR STAFF BLOCK (PC Block) | BV3: BOAT DOCK FEEDER - 22 | CA3: RECEPTION Building Full (Finance/Reservation) | CF3: DIVE CENTER (Inc MDC and Recreation) | CK3: 301-307 | CP3: 308-314 | CU3: 315-320 | CZ3: 401-407 | DE3: 408-414 | DJ3: 415-420 | DO3: SPA - 1 | DT3: SPA - 2 | DY3: BLU KITCHEN - 1 | ED3: BLU KITCHEN - 2 | EI3: AL BARAKATH | EN3: STAFF KITCHEN | ES3: MANAGR BLOCK GARDEN (White House) | EX3: 121-131 | FC3: 113-120 | FH3: Room 855 Hot Water Boiler Kw reading | FM3: Room 911 Hot Water Boiler kw reading | FR3: Room 403 Hot Water Boiler kw reading | FW3: Room 131 Hot Water Boiler kw reading | GC3: Blu Feeders | GE3: ALL Kitchens | GG3: Laundry + HR Buidling | GI3: Employee Block | GK3: Managers Block + SNR Block | GM3: HPL Project Team Usage
A4: DAY | B4: Occupancy | C4: Yesterday | D4: Today | E4: Consumption | F4: Variance (Tdy vs Ystdy) | G4: % | H4: Yesterday | I4: Today | J4: Consumption | K4: Var(Tdy vs Ystdy) | L4: % | M4: Yesterday | N4: Today | O4: Consumption | P4: Var (Tdy vs Ystdy) | Q4: % | R4: Yesterday | S4: Today | T4: Consumption | U4: Var(Tdy vs Ystdy) | V4: % | W4: Yesterday | X4: Today | Y4: Consumption | Z4: Var(Tdy vs Ystdy) | AA4: % | AB4: Yesterday | AC4: Today | AD4: Consumption | AE4: Kwh per cubic meter | AF4: Var(Tdy vs Ystdy) | AG4: % | AH4: Yesterday | AI4: Today | AJ4: Consumption | AK4: Var(Tdy vs Ystdy) | AL4: % | AM4: Yesterday | AN4: Today | AO4: Consumption | AP4: Var(Tdy vs Ystdy) | AQ4: % | AR4: Yesterday | AS4: Today | AT4: Consumption | AU4: Var(Tdy vs Ystdy) | AV4: % | AW4: Yesterday | AX4: Today | AY4: Consumption | AZ4: Var(Tdy vs Ystdy) | BA4: % | BB4: Yesterday | BC4: Today | BD4: Consumption | BE4: Var(Tdy vs Ystdy) | BF4: % | BG4: Yesterday | BH4: Today | BI4: Consumption | BJ4: Var(Tdy vs Ystdy) | BK4: % | BL4: Yesterday | BM4: Today | BN4: Consumption | BO4: Var(Tdy vs Ystdy) | BP4: % | BQ4: Yesterday | BR4: Today | BS4: Consumption | BT4: Var(Tdy vs Ystdy) | BU4: % | BV4: Yesterday | BW4: Today | BX4: Consumption | BY4: Var(Tdy vs Ystdy) | BZ4: % | CA4: Yesterday | CB4: Today | CC4: Consumption | CD4: Var(Tdy vs Ystdy) | CE4: % | CF4: Yesterday | CG4: Today | CH4: Consumption | CI4: Var(Tdy vs Ystdy) | CJ4: % | CK4: Yesterday | CL4: Today | CM4: Consumption | CN4: Var(Tdy vs Ystdy) | CO4: % | CP4: Yesterday | CQ4: Today | CR4: Consumption | CS4: Var(Tdy vs Ystdy) | CT4: % | CU4: Yesterday | CV4: Today | CW4: Consumption | CX4: Var(Tdy vs Ystdy) | CY4: % | CZ4: Yesterday | DA4: Today | DB4: Consumption | DC4: Var(Tdy vs Ystdy) | DD4: % | DE4: Yesterday | DF4: Today | DG4: Consumption | DH4: Var(Tdy vs Ystdy) | DI4: % | DJ4: Yesterday | DK4: Today | DL4: Consumption | DM4: Var(Tdy vs Ystdy) | DN4: % | DO4: Yesterday | DP4: Today | DQ4: Consumption | DR4: Var(Tdy vs Ystdy) | DS4: % | DT4: Yesterday | DU4: Today | DV4: Consumption | DW4: Var(Tdy vs Ystdy) | DX4: % | DY4: Yesterday | DZ4: Today | EA4: Consumption | EB4: Var(Tdy vs Ystdy) | EC4: % | ED4: Yesterday | EE4: Today | EF4: Consumption | EG4: Var(Tdy vs Ystdy) | EH4: % | EI4: Yesterday | EJ4: Today | EK4: Consumption | EL4: Var(Tdy vs Ystdy) | EM4: % | EN4: Yesterday | EO4: Today | EP4: Consumption | EQ4: Var(Tdy vs Ystdy) | ER4: % | ES4: Yesterday | ET4: Today | EU4: Consumption | EV4: Var(Tdy vs Ystdy) | EW4: % | EX4: Yesterday | EY4: Today | EZ4: Consumption | FA4: Var(Tdy vs Ystdy) | FB4: % | FC4: Yesterday | FD4: Today | FE4: Consumption | FF4: Var(Tdy vs Ystdy) | FG4: % | FM4: Yesterday | FN4: Today | FO4: Consumption | FP4: Var(Tdy vs Ystdy) | FQ4: % | FR4: Yesterday | FS4: Today | FT4: Consumption | FU4: Var(Tdy vs Ystdy) | FV4: % | FW4: Yesterday | FX4: Today | FY4: Consumption | FZ4: Var(Tdy vs Ystdy) | GA4: % | GC4: Total (Kwh) | GD4: Avg | GE4: Total (Kwh) | GF4: Avg | GG4: Total (Kwh) | GH4: Avg | GI4: Total (Kwh) | GJ4: Avg | GK4: Total (Kwh) | GL4: Avg | GM4: Total (Kwh) | GN4: Avg
A5: 1 | B5: ='Finance Only'!G8 -> 0 | C5: 27077022 | D5: 27080092 | E5: =MAX(0,D5-C5) -> 3070 | H5: 25004777 | I5: 25008552 | J5: =MAX(0,I5-H5) -> 3775 | M5: 92126615 | N5: 92137468 | O5: =MAX(0,N5-M5) -> 10853 | R5: 3071300 | S5: 3073600 | T5: =MAX(0,S5-R5) -> 2300 | W5: 4145389 | X5: 4148126 | Y5: =MAX(0,X5-W5) -> 2737 | AB5: 2692900 | AC5: 2694900 | AD5: =MAX(0,AC5-AB5) -> 2000 | AE5: =AD5/WATER!V6 -> 7.2992701 | AH5: 1090526 | AI5: 1091001 | AJ5: =MAX(0,AI5-AH5) -> 475 | AM5: 1097900 | AN5: 1098600 | AO5: =AN5-AM5 -> 700 | AR5: 2462200 | AS5: 2463500 | AT5: =AS5-AR5 -> 1300 | AW5: 14371 | AX5: 14692 | AY5: =AX5-AW5 -> 321 | BB5: 995500 | BC5: 995880 | BD5: =BC5-BB5 -> 380 | BG5: 1072900 | BH5: 1073200 | BI5: =BH5-BG5 -> 300 | BL5: 1591900 | BM5: 1592400 | BN5: =BM5-BL5 -> 500 | BQ5: 136420 | BR5: 136520 | BS5: =BR5-BQ5 -> 100 | BV5: 581460 | BW5: 581880 | BX5: =BW5-BV5 -> 420 | CA5: 1079900 | CB5: 1081000 | CC5: =CB5-CA5 -> 1100 | CF5: 352170 | CG5: 352620 | CH5: =CG5-CF5 -> 450 | CK5: 826630 | CL5: 828030 | CM5: =MAX(0,CL5-CK5) -> 1400 | CP5: 685640 | CQ5: 686900 | CR5: =MAX(0,CQ5-CP5) -> 1260 | CU5: 568370 | CV5: 569530 | CW5: =MAX(0,CV5-CU5) -> 1160 | CZ5: 951060 | DA5: 952800 | DB5: =MAX(0,DA5-CZ5) -> 1740 | DE5: 728630 | DF5: 729770 | DG5: =MAX(0,DF5-DE5) -> 1140 | DJ5: 6333000 | DK5: 686900 | DL5: =MAX(0,DK5-DJ5) -> 0 | DO5: 344500 | DP5: 345080 | DQ5: =MAX(0,DP5-DO5) -> 580 | DT5: 112740 | DU5: 112950 | DV5: =MAX(0,DU5-DT5) -> 210 | DY5: 722500 | DZ5: 729770 | EA5: =MAX(0,DZ5-DY5) -> 7270 | ED5: 230520 | EE5: 231020 | EF5: =MAX(0,EE5-ED5) -> 500 | EI5: 259470 | EJ5: 259930 | EK5: =MAX(0,EJ5-EI5) -> 460 | EN5: 427010 | EO5: 427950 | EP5: =MAX(0,EO5-EN5) -> 940 | ES5: 69098 | EU5: =MAX(0,ET5-ES5) -> 0 | EX5: 131740 | EZ5: =MAX(0,EY5-EX5) -> 0 | FC5: 74909 | FE5: =MAX(0,FD5-FC5) -> 0 | FM5: 91210 | FO5: =MAX(0,FN5-FM5) -> 0 | FR5: 0 | FT5: =MAX(0,FS5-FR5) -> 0 | FW5: 0 | FY5: =MAX(0,FX5-FW5) -> 0 | GC5: =SUM(E5+J5) -> 6845 | GE5: =SUM(T5+Y5+EA5+EF5+EK5+EP5) -> 14207 | GG5: =SUM(AO5+AT5) -> 2000 | GI5: =SUM(AY5+BD5+BI5) -> 1001 | GK5: =SUM(BN5+BS5+EU5) -> 600 | GM5: =SUM(EZ5+FE5) -> 0
A6: 2 | B6: ='Finance Only'!G9 -> 0 | C6: =D5 -> 27080092 | D6: 27083332 | E6: =MAX(0,D6-C6) -> 3240 | F6: =E6-E5 -> 170 | G6: =(E6/'Finance Only'!B9)*100 -> 14.147854 | H6: =I5 -> 25008552 | I6: 25011918 | J6: =MAX(0,I6-H6) -> 3366 | K6: =J6-J5 -> -409 | L6: =(J6/'Finance Only'!B9)*100 -> 14.698048 | M6: =N5 -> 92137468 | N6: 92148910 | O6: =MAX(0,N6-M6) -> 11442 | P6: =O6-O5 -> 589 | Q6: =(O6/'Finance Only'!B9)*100 -> 49.962884 | R6: =S5 -> 3073600 | S6: 3075900 | T6: =MAX(0,S6-R6) -> 2300 | U6: =T6-T5 -> 0 | V6: =(T6/'Finance Only'!B9)*100 -> 10.04323 | W6: =X5 -> 4148126 | X6: 4150850 | Y6: =MAX(0,X6-W6) -> 2724 | Z6: =Y6-Y5 -> -13 | AA6: =(Y6/'Finance Only'!B9)*100 -> 11.894677 | AB6: =AC5 -> 2694900 | AC6: 2696900 | AD6: =MAX(0,AC6-AB6) -> 2000 | AE6: =AD6/WATER!V7 -> 6.116208 | AF6: =AD6-AD5 -> 0 | AG6: =(AD6/'Finance Only'!B9)*100 -> 8.7332431 | AH6: =AI5 -> 1091001 | AI6: 1091533 | AJ6: =MAX(0,AI6-AH6) -> 532 | AK6: =AJ6-AJ5 -> 57 | AL6: =(AJ6/'Finance Only'!B9)*100 -> 2.3230427 | AM6: =AN5 -> 1098600 | AN6: 1099300 | AO6: =MAX(0,AN6-AM6) -> 700 | AP6: =AO6-AO5 -> 0 | AQ6: =(AO6/'Finance Only'!B9)*100 -> 3.0566351 | AR6: =AS5 -> 2463500 | AS6: 2464500 | AT6: =MAX(0,AS6-AR6) -> 1000 | AU6: =AT6-AT5 -> -300 | AV6: =(AT6/'Finance Only'!B9)*100 -> 4.3666215 | AW6: =AX5 -> 14692 | AX6: 15032 | AY6: =MAX(0,AX6-AW6) -> 340 | AZ6: =AY6-AY5 -> 19 | BA6: =(AY6/'Finance Only'!B9)*100 -> 1.4846513 | BB6: =BC5 -> 995880 | BC6: 996310 | BD6: =MAX(0,BC6-BB6) -> 430 | BE6: =BD6-BD5 -> 50 | BF6: =(BD6/'Finance Only'!B9)*100 -> 1.8776473 | BG6: =BH5 -> 1073200 | BH6: 1073500 | BI6: =MAX(0,BH6-BG6) -> 300 | BJ6: =BI6-BI5 -> 0 | BK6: =(BI6/'Finance Only'!B9)*100 -> 1.3099865 | BL6: =BM5 -> 1592400 | BM6: 1593000 | BN6: =MAX(0,BM6-BL6) -> 600 | BO6: =BN6-BN5 -> 100 | BP6: =(BN6/'Finance Only'!B9)*100 -> 2.6199729 | BQ6: =BR5 -> 136520 | BR6: 136660 | BS6: =MAX(0,BR6-BQ6) -> 140 | BT6: =BS6-BS5 -> 40 | BU6: =(BS6/'Finance Only'!B9)*100 -> 0.61132702 | BV6: =BW5 -> 581880 | BW6: 582360 | BX6: =MAX(0,BW6-BV6) -> 480 | BY6: =BX6-BX5 -> 60 | BZ6: =(BX6/'Finance Only'!B9)*100 -> 2.0959783 | CA6: =CB5 -> 1081000 | CB6: 1082200 | CC6: =MAX(0,CB6-CA6) -> 1200 | CD6: =CC6-CC5 -> 100 | CE6: =(CC6/'Finance Only'!B9)*100 -> 5.2399459 | CF6: =CG5 -> 352620 | CG6: 353050 | CH6: =MAX(0,CG6-CF6) -> 430 | CI6: =CH6-CH5 -> -20 | CJ6: =(CH6/'Finance Only'!B9)*100 -> 1.8776473 | CK6: =CL5 -> 828030 | CL6: 828030 | CM6: =MAX(0,CL6-CK6) -> 0 | CN6: =CM6-CM5 -> -1400 | CO6: =(CM6/'Finance Only'!B9)*100 -> 0 | CP6: =CQ5 -> 686900 | CQ6: 686900 | CR6: =MAX(0,CQ6-CP6) -> 0 | CS6: =CR6-CR5 -> -1260 | CT6: =(CR6/'Finance Only'!B9)*100 -> 0 | CU6: =CV5 -> 569530 | CV6: 569530 | CW6: =MAX(0,CV6-CU6) -> 0 | CX6: =CW6-CW5 -> -1160 | CY6: =(CW6/'Finance Only'!B9)*100 -> 0 | CZ6: =DA5 -> 952800 | DA6: 952800 | DB6: =MAX(0,DA6-CZ6) -> 0 | DC6: =DB6-DB5 -> -1740 | DD6: =(DB6/'Finance Only'!B9)*100 -> 0 | DE6: =DF5 -> 729770 | DF6: 729770 | DG6: =MAX(0,DF6-DE6) -> 0 | DH6: =DG6-DG5 -> -1140 | DI6: =(DG6/'Finance Only'!B9)*100 -> 0 | DJ6: =DK5 -> 686900 | DK6: 686900 | DL6: =MAX(0,DK6-DJ6) -> 0 | DM6: =DL6-DL5 -> 0 | DN6: =(DL6/'Finance Only'!B9)*100 -> 0 | DO6: =DP5 -> 345080 | DP6: 345080 | DQ6: =MAX(0,DP6-DO6) -> 0 | DR6: =DQ6-DQ5 -> -580 | DS6: =(DQ6/'Finance Only'!B9)*100 -> 0 | DT6: =DU5 -> 112950 | DU6: 112950 | DV6: =MAX(0,DU6-DT6) -> 0 | DW6: =DV6-DV5 -> -210 | DX6: =(DV6/'Finance Only'!B9)*100 -> 0 | DY6: =DZ5 -> 729770 | DZ6: 723770 | EA6: =MAX(0,DZ6-DY6) -> 0 | EB6: =EA6-EA5 -> -7270 | EC6: =(EA6/'Finance Only'!B9)*100 -> 0 | ED6: =EE5 -> 231020 | EE6: 231020 | EF6: =MAX(0,EE6-ED6) -> 0 | EG6: =EF6-EF5 -> -500 | EH6: =(EF6/'Finance Only'!B9)*100 -> 0 | EI6: =EJ5 -> 259930 | EJ6: 259930 | EK6: =MAX(0,EJ6-EI6) -> 0 | EL6: =EK6-EK5 -> -460 | EM6: =(EK6/'Finance Only'!B9)*100 -> 0 | EN6: =EO5 -> 427950 | EO6: 427950 | EP6: =MAX(0,EO6-EN6) -> 0 | EQ6: =EP6-EP5 -> -940 | ER6: =(EP6/'Finance Only'!B9)*100 -> 0 | ES6: =ET5 -> 0 | EU6: =MAX(0,ET6-ES6) -> 0 | EV6: =EU6-EU5 -> 0 | EW6: =(EU6/'Finance Only'!B9)*100 -> 0 | EX6: =EY5 -> 0 | EZ6: =MAX(0,EY6-EX6) -> 0 | FA6: =EZ6-EZ5 -> 0 | FB6: =(EZ6/'Finance Only'!G9)*100 -> #DIV/0! | FC6: =FD5 -> 0 | FE6: =MAX(0,FD6-FC6) -> 0 | FF6: =FE6-FE5 -> 0 | FG6: =(FE6/'Finance Only'!M9)*100 -> #DIV/0! | FM6: =FN5 -> 0 | FO6: =MAX(0,FN6-FM6) -> 0 | FP6: =FO6-FO5 -> 0 | FQ6: =(FO6/'Finance Only'!R9)*100 -> #DIV/0! | FR6: =FS5 -> 0 | FT6: =MAX(0,FS6-FR6) -> 0 | FU6: =FT6-FT5 -> 0 | FV6: =(FT6/'Finance Only'!W9)*100 -> #DIV/0! | FW6: =FX5 -> 0 | FY6: =MAX(0,FX6-FW6) -> 0 | FZ6: =FY6-FY5 -> 0 | GA6: =(FY6/'Finance Only'!AB9)*100 -> #DIV/0! | GC6: =SUM(E6+J6) -> 6606 | GE6: =SUM(T6+Y6+EA6+EF6+EK6+EP6) -> 5024 | GG6: =SUM(AO6+AT6) -> 1700 | GI6: =SUM(AY6+BD6+BI6) -> 1070 | GK6: =SUM(BN6+BS6+EU6) -> 740 | GM6: =SUM(EZ6+FE6) -> 0
A7: 3 | B7: ='Finance Only'!G10 -> 0 | C7: =D6 -> 27083332 | D7: 27087135 | E7: =MAX(0,D7-C7) -> 3803 | F7: =E7-E6 -> 563 | G7: =(E7/'Finance Only'!B10)*100 -> 16.253526 | H7: =I6 -> 25011918 | I7: 25015569 | J7: =MAX(0,I7-H7) -> 3651 | K7: =J7-J6 -> 285 | L7: =(J7/'Finance Only'!B10)*100 -> 15.603898 | M7: =N6 -> 92148910 | N7: 92159403 | O7: =MAX(0,N7-M7) -> 10493 | P7: =O7-O6 -> -949 | Q7: =(O7/'Finance Only'!B10)*100 -> 44.845713 | R7: =S6 -> 3075900 | S7: 3078300 | T7: =MAX(0,S7-R7) -> 2400 | U7: =T7-T6 -> 100 | V7: =(T7/'Finance Only'!B10)*100 -> 10.257287 | W7: =X6 -> 4150850 | X7: 4153569 | Y7: =MAX(0,X7-W7) -> 2719 | Z7: =Y7-Y6 -> -5 | AA7: =(Y7/'Finance Only'!B10)*100 -> 11.620651 | AB7: =AC6 -> 2696900 | AC7: 2699000 | AD7: =MAX(0,AC7-AB7) -> 2100 | AE7: =AD7/WATER!V8 -> 5.6603774 | AF7: =AD7-AD6 -> 100 | AG7: =(AD7/'Finance Only'!B10)*100 -> 8.9751261 | AH7: =AI6 -> 1091533 | AI7: 1091998 | AJ7: =MAX(0,AI7-AH7) -> 465 | AK7: =AJ7-AJ6 -> -67 | AL7: =(AJ7/'Finance Only'!B10)*100 -> 1.9873493 | AM7: =AN6 -> 1099300 | AN7: 1091998 | AO7: =MAX(0,AN7-AM7) -> 0 | AP7: =AO7-AO6 -> -700 | AQ7: =(AO7/'Finance Only'!B10)*100 -> 0 | AR7: =AS6 -> 2464500 | AS7: 2465800 | AT7: =MAX(0,AS7-AR7) -> 1300 | AU7: =AT7-AT6 -> 300 | AV7: =(AT7/'Finance Only'!B10)*100 -> 5.5560304 | AW7: =AX6 -> 15032 | AX7: 15359 | AY7: =MAX(0,AX7-AW7) -> 327 | AZ7: =AY7-AY6 -> -13 | BA7: =(AY7/'Finance Only'!B10)*100 -> 1.3975553 | BB7: =BC6 -> 996310 | BC7: 996670 | BD7: =MAX(0,BC7-BB7) -> 360 | BE7: =BD7-BD6 -> -70 | BF7: =(BD7/'Finance Only'!B10)*100 -> 1.538593 | BG7: =BH6 -> 1073500 | BH7: 1073700 | BI7: =MAX(0,BH7-BG7) -> 200 | BJ7: =BI7-BI6 -> -100 | BK7: =(BI7/'Finance Only'!B10)*100 -> 0.85477391 | BL7: =BM6 -> 1593000 | BM7: 1593500 | BN7: =MAX(0,BM7-BL7) -> 500 | BO7: =BN7-BN6 -> -100 | BP7: =(BN7/'Finance Only'!B10)*100 -> 2.1369348 | BQ7: =BR6 -> 136660 | BR7: 136790 | BS7: =MAX(0,BR7-BQ7) -> 130 | BT7: =BS7-BS6 -> -10 | BU7: =(BS7/'Finance Only'!B10)*100 -> 0.55560304 | BV7: =BW6 -> 582360 | BW7: 582770 | BX7: =MAX(0,BW7-BV7) -> 410 | BY7: =BX7-BX6 -> -70 | BZ7: =(BX7/'Finance Only'!B10)*100 -> 1.7522865 | CA7: =CB6 -> 1082200 | CB7: 1083300 | CC7: =MAX(0,CB7-CA7) -> 1100 | CD7: =CC7-CC6 -> -100 | CE7: =(CC7/'Finance Only'!B10)*100 -> 4.7012565 | CF7: =CG6 -> 353050 | CG7: 353560 | CH7: =MAX(0,CG7-CF7) -> 510 | CI7: =CH7-CH6 -> 80 | CJ7: =(CH7/'Finance Only'!B10)*100 -> 2.1796735 | CK7: =CL6 -> 828030 | CL7: 828940 | CM7: =MAX(0,CL7-CK7) -> 910 | CN7: =CM7-CM6 -> 910 | CO7: =(CM7/'Finance Only'!B10)*100 -> 3.8892213 | CP7: =CQ6 -> 686900 | CQ7: 687600 | CR7: =MAX(0,CQ7-CP7) -> 700 | CS7: =CR7-CR6 -> 700 | CT7: =(CR7/'Finance Only'!B10)*100 -> 2.9917087 | CU7: =CV6 -> 569530 | CV7: 570070 | CW7: =MAX(0,CV7-CU7) -> 540 | CX7: =CW7-CW6 -> 540 | CY7: =(CW7/'Finance Only'!B10)*100 -> 2.3078896 | CZ7: =DA6 -> 952800 | DA7: 953590 | DB7: =MAX(0,DA7-CZ7) -> 790 | DC7: =DB7-DB6 -> 790 | DD7: =(DB7/'Finance Only'!B10)*100 -> 3.376357 | DE7: =DF6 -> 729770 | DF7: 730520 | DG7: =MAX(0,DF7-DE7) -> 750 | DH7: =DG7-DG6 -> 750 | DI7: =(DG7/'Finance Only'!B10)*100 -> 3.2054022 | DJ7: =DK6 -> 686900 | DK7: 635070 | DL7: =MAX(0,DK7-DJ7) -> 0 | DM7: =DL7-DL6 -> 0 | DN7: =(DL7/'Finance Only'!B10)*100 -> 0 | DO7: =DP6 -> 345080 | DP7: 345400 | DQ7: =MAX(0,DP7-DO7) -> 320 | DR7: =DQ7-DQ6 -> 320 | DS7: =(DQ7/'Finance Only'!B10)*100 -> 1.3676383 | DT7: =DU6 -> 112950 | DU7: 113060 | DV7: =MAX(0,DU7-DT7) -> 110 | DW7: =DV7-DV6 -> 110 | DX7: =(DV7/'Finance Only'!B10)*100 -> 0.47012565 | DY7: =DZ6 -> 723770 | DZ7: 724890 | EA7: =MAX(0,DZ7-DY7) -> 1120 | EB7: =EA7-EA6 -> 1120 | EC7: =(EA7/'Finance Only'!B10)*100 -> 4.7867339 | ED7: =EE6 -> 231020 | EE7: 231290 | EF7: =MAX(0,EE7-ED7) -> 270 | EG7: =EF7-EF6 -> 270 | EH7: =(EF7/'Finance Only'!B10)*100 -> 1.1539448 | EI7: =EJ6 -> 259930 | EJ7: 260330 | EK7: =MAX(0,EJ7-EI7) -> 400 | EL7: =EK7-EK6 -> 400 | EM7: =(EK7/'Finance Only'!B10)*100 -> 1.7095478 | EN7: =EO6 -> 427950 | EO7: 428450 | EP7: =MAX(0,EO7-EN7) -> 500 | EQ7: =EP7-EP6 -> 500 | ER7: =(EP7/'Finance Only'!B10)*100 -> 2.1369348 | ES7: =ET6 -> 0 | EU7: =MAX(0,ET7-ES7) -> 0 | EV7: =EU7-EU6 -> 0 | EW7: =(EU7/'Finance Only'!B10)*100 -> 0 | EX7: =EY6 -> 0 | EZ7: =MAX(0,EY7-EX7) -> 0 | FA7: =EZ7-EZ6 -> 0 | FB7: =(EZ7/'Finance Only'!G10)*100 -> #DIV/0! | FC7: =FD6 -> 0 | FE7: =MAX(0,FD7-FC7) -> 0 | FF7: =FE7-FE6 -> 0 | FG7: =(FE7/'Finance Only'!M10)*100 -> #DIV/0! | FM7: =FN6 -> 0 | FO7: =MAX(0,FN7-FM7) -> 0 | FP7: =FO7-FO6 -> 0 | FQ7: =(FO7/'Finance Only'!R10)*100 -> #DIV/0! | FR7: =FS6 -> 0 | FT7: =MAX(0,FS7-FR7) -> 0 | FU7: =FT7-FT6 -> 0 | FV7: =(FT7/'Finance Only'!W10)*100 -> #DIV/0! | FW7: =FX6 -> 0 | FY7: =MAX(0,FX7-FW7) -> 0 | FZ7: =FY7-FY6 -> 0 | GA7: =(FY7/'Finance Only'!AB10)*100 -> #DIV/0! | GC7: =SUM(E7+J7) -> 7454 | GE7: =SUM(T7+Y7+EA7+EF7+EK7+EP7) -> 7409 | GG7: =SUM(AO7+AT7) -> 1300 | GI7: =SUM(AY7+BD7+BI7) -> 887 | GK7: =SUM(BN7+BS7+EU7) -> 630 | GM7: =SUM(EZ7+FE7) -> 0
A8: 4 | B8: ='Finance Only'!G11 -> 0 | C8: =D7 -> 27087135 | D8: 27091103 | E8: =MAX(0,D8-C8) -> 3968 | F8: =E8-E7 -> 165 | G8: =(E8/'Finance Only'!B11)*100 -> 16.082357 | H8: =I7 -> 25015569 | I8: 25019602 | J8: =MAX(0,I8-H8) -> 4033 | K8: =J8-J7 -> 382 | L8: =(J8/'Finance Only'!B11)*100 -> 16.345803 | M8: =N7 -> 92159403 | N8: 92170697 | O8: =MAX(0,N8-M8) -> 11294 | P8: =O8-O7 -> 801 | Q8: =(O8/'Finance Only'!B11)*100 -> 45.774734 | R8: =S7 -> 3078300 | S8: 3080800 | T8: =MAX(0,S8-R8) -> 2500 | U8: =T8-T7 -> 100 | V8: =(T8/'Finance Only'!B11)*100 -> 10.132534 | W8: =X7 -> 4153569 | X8: 4156317 | Y8: =MAX(0,X8-W8) -> 2748 | Z8: =Y8-Y7 -> 29 | AA8: =(Y8/'Finance Only'!B11)*100 -> 11.137681 | AB8: =AC7 -> 2699000 | AC8: 2701100 | AD8: =MAX(0,AC8-AB8) -> 2100 | AE8: =AD8/WATER!V9 -> 6.1946903 | AF8: =AD8-AD7 -> 0 | AG8: =(AD8/'Finance Only'!B11)*100 -> 8.5113282 | AH8: =AI7 -> 1091998 | AI8: 1092482 | AJ8: =MAX(0,AI8-AH8) -> 484 | AK8: =AJ8-AJ7 -> 19 | AL8: =(AJ8/'Finance Only'!B11)*100 -> 1.9616585 | AM8: =AN7 -> 1091998 | AN8: 1092482 | AO8: =MAX(0,AN8-AM8) -> 484 | AP8: =AO8-AO7 -> 484 | AQ8: =(AO8/'Finance Only'!B11)*100 -> 1.9616585 | AR8: =AS7 -> 2465800 | AS8: 2466700 | AT8: =MAX(0,AS8-AR8) -> 900 | AU8: =AT8-AT7 -> -400 | AV8: =(AT8/'Finance Only'!B11)*100 -> 3.6477121 | AW8: =AX7 -> 15359 | AX8: 15731 | AY8: =MAX(0,AX8-AW8) -> 372 | AZ8: =AY8-AY7 -> 45 | BA8: =(AY8/'Finance Only'!B11)*100 -> 1.507721 | BB8: =BC7 -> 996670 | BC8: 997060 | BD8: =MAX(0,BC8-BB8) -> 390 | BE8: =BD8-BD7 -> 30 | BF8: =(BD8/'Finance Only'!B11)*100 -> 1.5806752 | BG8: =BH7 -> 1073700 | BH8: 1074000 | BI8: =MAX(0,BH8-BG8) -> 300 | BJ8: =BI8-BI7 -> 100 | BK8: =(BI8/'Finance Only'!B11)*100 -> 1.215904 | BL8: =BM7 -> 1593500 | BM8: 1594000 | BN8: =MAX(0,BM8-BL8) -> 500 | BO8: =BN8-BN7 -> 0 | BP8: =(BN8/'Finance Only'!B11)*100 -> 2.0265067 | BQ8: =BR7 -> 136790 | BR8: 136940 | BS8: =MAX(0,BR8-BQ8) -> 150 | BT8: =BS8-BS7 -> 20 | BU8: =(BS8/'Finance Only'!B11)*100 -> 0.60795201 | BV8: =BW7 -> 582770 | BW8: 583190 | BX8: =MAX(0,BW8-BV8) -> 420 | BY8: =BX8-BX7 -> 10 | BZ8: =(BX8/'Finance Only'!B11)*100 -> 1.7022656 | CA8: =CB7 -> 1083300 | CB8: 1084500 | CC8: =MAX(0,CB8-CA8) -> 1200 | CD8: =CC8-CC7 -> 100 | CE8: =(CC8/'Finance Only'!B11)*100 -> 4.8636161 | CF8: =CG7 -> 353560 | CG8: 354040 | CH8: =MAX(0,CG8-CF8) -> 480 | CI8: =CH8-CH7 -> -30 | CJ8: =(CH8/'Finance Only'!B11)*100 -> 1.9454464 | CK8: =CL7 -> 828940 | CL8: 829800 | CM8: =MAX(0,CL8-CK8) -> 860 | CN8: =CM8-CM7 -> -50 | CO8: =(CM8/'Finance Only'!B11)*100 -> 3.4855915 | CP8: =CQ7 -> 687600 | CQ8: 688450 | CR8: =MAX(0,CQ8-CP8) -> 850 | CS8: =CR8-CR7 -> 150 | CT8: =(CR8/'Finance Only'!B11)*100 -> 3.4450614 | CU8: =CV7 -> 570070 | CV8: 570600 | CW8: =MAX(0,CV8-CU8) -> 530 | CX8: =CW8-CW7 -> -10 | CY8: =(CW8/'Finance Only'!B11)*100 -> 2.1480971 | CZ8: =DA7 -> 953590 | DA8: 954420 | DB8: =MAX(0,DA8-CZ8) -> 830 | DC8: =DB8-DB7 -> 40 | DD8: =(DB8/'Finance Only'!B11)*100 -> 3.3640011 | DE8: =DF7 -> 730520 | DF8: 731300 | DG8: =MAX(0,DF8-DE8) -> 780 | DH8: =DG8-DG7 -> 30 | DI8: =(DG8/'Finance Only'!B11)*100 -> 3.1613505 | DJ8: =DK7 -> 635070 | DK8: 635650 | DL8: =MAX(0,DK8-DJ8) -> 580 | DM8: =DL8-DL7 -> 580 | DN8: =(DL8/'Finance Only'!B11)*100 -> 2.3507478 | DO8: =DP7 -> 345400 | DP8: 345690 | DQ8: =MAX(0,DP8-DO8) -> 290 | DR8: =DQ8-DQ7 -> -30 | DS8: =(DQ8/'Finance Only'!B11)*100 -> 1.1753739 | DT8: =DU7 -> 113060 | DU8: 113230 | DV8: =MAX(0,DU8-DT8) -> 170 | DW8: =DV8-DV7 -> 60 | DX8: =(DV8/'Finance Only'!B11)*100 -> 0.68901228 | DY8: =DZ7 -> 724890 | DZ8: 725690 | EA8: =MAX(0,DZ8-DY8) -> 800 | EB8: =EA8-EA7 -> -320 | EC8: =(EA8/'Finance Only'!B11)*100 -> 3.2424107 | ED8: =EE7 -> 231290 | EE8: 231540 | EF8: =MAX(0,EE8-ED8) -> 250 | EG8: =EF8-EF7 -> -20 | EH8: =(EF8/'Finance Only'!B11)*100 -> 1.0132534 | EI8: =EJ7 -> 260330 | EJ8: 260670 | EK8: =MAX(0,EJ8-EI8) -> 340 | EL8: =EK8-EK7 -> -60 | EM8: =(EK8/'Finance Only'!B11)*100 -> 1.3780246 | EN8: =EO7 -> 428450 | EO8: 428970 | EP8: =MAX(0,EO8-EN8) -> 520 | EQ8: =EP8-EP7 -> 20 | ER8: =(EP8/'Finance Only'!B11)*100 -> 2.107567 | ES8: =ET7 -> 0 | EU8: =MAX(0,ET8-ES8) -> 0 | EV8: =EU8-EU7 -> 0 | EW8: =(EU8/'Finance Only'!B11)*100 -> 0 | EX8: =EY7 -> 0 | EZ8: =MAX(0,EY8-EX8) -> 0 | FA8: =EZ8-EZ7 -> 0 | FB8: =(EZ8/'Finance Only'!G11)*100 -> #DIV/0! | FC8: =FD7 -> 0 | FE8: =MAX(0,FD8-FC8) -> 0 | FF8: =FE8-FE7 -> 0 | FG8: =(FE8/'Finance Only'!M11)*100 -> #DIV/0! | FM8: =FN7 -> 0 | FO8: =MAX(0,FN8-FM8) -> 0 | FP8: =FO8-FO7 -> 0 | FQ8: =(FO8/'Finance Only'!R11)*100 -> #DIV/0! | FR8: =FS7 -> 0 | FT8: =MAX(0,FS8-FR8) -> 0 | FU8: =FT8-FT7 -> 0 | FV8: =(FT8/'Finance Only'!W11)*100 -> #DIV/0! | FW8: =FX7 -> 0 | FY8: =MAX(0,FX8-FW8) -> 0 | FZ8: =FY8-FY7 -> 0 | GA8: =(FY8/'Finance Only'!AB11)*100 -> #DIV/0! | GC8: =SUM(E8+J8) -> 8001 | GE8: =SUM(T8+Y8+EA8+EF8+EK8+EP8) -> 7158 | GG8: =SUM(AO8+AT8) -> 1384 | GI8: =SUM(AY8+BD8+BI8) -> 1062 | GK8: =SUM(BN8+BS8+EU8) -> 650 | GM8: =SUM(EZ8+FE8) -> 0
A9: 5 | B9: ='Finance Only'!G12 -> 7678 | C9: =D8 -> 27091103 | D9: 27094964 | E9: =MAX(0,D9-C9) -> 3861 | F9: =E9-E8 -> -107 | G9: =(E9/'Finance Only'!B12)*100 -> 15.322037 | H9: =I8 -> 25019602 | I9: 25023638 | J9: =MAX(0,I9-H9) -> 4036 | K9: =J9-J8 -> 3 | L9: =(J9/'Finance Only'!B12)*100 -> 16.016509 | M9: =N8 -> 92170697 | N9: 92181865 | O9: =MAX(0,N9-M9) -> 11168 | P9: =O9-O8 -> -126 | Q9: =(O9/'Finance Only'!B12)*100 -> 44.319219 | R9: =S8 -> 3080800 | S9: 3083300 | T9: =MAX(0,S9-R9) -> 2500 | U9: =T9-T8 -> 0 | V9: =(T9/'Finance Only'!B12)*100 -> 9.9210286 | W9: =X8 -> 4156317 | X9: 4158975 | Y9: =MAX(0,X9-W9) -> 2658 | Z9: =Y9-Y8 -> -90 | AA9: =(Y9/'Finance Only'!B12)*100 -> 10.548038 | AB9: =AC8 -> 2701100 | AC9: 2703100 | AD9: =MAX(0,AC9-AB9) -> 2000 | AE9: =AD9/WATER!V10 -> 5.988024 | AF9: =AD9-AD8 -> -100 | AG9: =(AD9/'Finance Only'!B12)*100 -> 7.9368229 | AH9: =AI8 -> 1092482 | AI9: 1092956 | AJ9: =MAX(0,AI9-AH9) -> 474 | AK9: =AJ9-AJ8 -> -10 | AL9: =(AJ9/'Finance Only'!B12)*100 -> 1.881027 | AM9: =AN8 -> 1092482 | AN9: 1101500 | AO9: =MAX(0,AN9-AM9) -> 9018 | AP9: =AO9-AO8 -> 8534 | AQ9: =(AO9/'Finance Only'!B12)*100 -> 35.787134 | AR9: =AS8 -> 2466700 | AS9: 2468100 | AT9: =MAX(0,AS9-AR9) -> 1400 | AU9: =AT9-AT8 -> 500 | AV9: =(AT9/'Finance Only'!B12)*100 -> 5.555776 | AW9: =AX8 -> 15731 | AX9: 16104 | AY9: =MAX(0,AX9-AW9) -> 373 | AZ9: =AY9-AY8 -> 1 | BA9: =(AY9/'Finance Only'!B12)*100 -> 1.4802175 | BB9: =BC8 -> 997060 | BC9: 997450 | BD9: =MAX(0,BC9-BB9) -> 390 | BE9: =BD9-BD8 -> 0 | BF9: =(BD9/'Finance Only'!B12)*100 -> 1.5476805 | BG9: =BH8 -> 1074000 | BH9: 1074300 | BI9: =MAX(0,BH9-BG9) -> 300 | BJ9: =BI9-BI8 -> 0 | BK9: =(BI9/'Finance Only'!B12)*100 -> 1.1905234 | BL9: =BM8 -> 1594000 | BM9: 1594500 | BN9: =MAX(0,BM9-BL9) -> 500 | BO9: =BN9-BN8 -> 0 | BP9: =(BN9/'Finance Only'!B12)*100 -> 1.9842057 | BQ9: =BR8 -> 136940 | BR9: 137070 | BS9: =MAX(0,BR9-BQ9) -> 130 | BT9: =BS9-BS8 -> -20 | BU9: =(BS9/'Finance Only'!B12)*100 -> 0.51589349 | BV9: =BW8 -> 583190 | BW9: 583570 | BX9: =MAX(0,BW9-BV9) -> 380 | BY9: =BX9-BX8 -> -40 | BZ9: =(BX9/'Finance Only'!B12)*100 -> 1.5079963 | CA9: =CB8 -> 1084500 | CB9: 1085800 | CC9: =MAX(0,CB9-CA9) -> 1300 | CD9: =CC9-CC8 -> 100 | CE9: =(CC9/'Finance Only'!B12)*100 -> 5.1589349 | CF9: =CG8 -> 354040 | CG9: 354530 | CH9: =MAX(0,CG9-CF9) -> 490 | CI9: =CH9-CH8 -> 10 | CJ9: =(CH9/'Finance Only'!B12)*100 -> 1.9445216 | CK9: =CL8 -> 829800 | CL9: 830770 | CM9: =MAX(0,CL9-CK9) -> 970 | CN9: =CM9-CM8 -> 110 | CO9: =(CM9/'Finance Only'!B12)*100 -> 3.8493591 | CP9: =CQ8 -> 688450 | CQ9: 689330 | CR9: =MAX(0,CQ9-CP9) -> 880 | CS9: =CR9-CR8 -> 30 | CT9: =(CR9/'Finance Only'!B12)*100 -> 3.4922021 | CU9: =CV8 -> 570600 | CV9: 571190 | CW9: =MAX(0,CV9-CU9) -> 590 | CX9: =CW9-CW8 -> 60 | CY9: =(CW9/'Finance Only'!B12)*100 -> 2.3413628 | CZ9: =DA8 -> 954420 | DA9: 955380 | DB9: =MAX(0,DA9-CZ9) -> 960 | DC9: =DB9-DB8 -> 130 | DD9: =(DB9/'Finance Only'!B12)*100 -> 3.809675 | DE9: =DF8 -> 731300 | DF9: 732000 | DG9: =MAX(0,DF9-DE9) -> 700 | DH9: =DG9-DG8 -> -80 | DI9: =(DG9/'Finance Only'!B12)*100 -> 2.777888 | DJ9: =DK8 -> 635650 | DK9: 636250 | DL9: =MAX(0,DK9-DJ9) -> 600 | DM9: =DL9-DL8 -> 20 | DN9: =(DL9/'Finance Only'!B12)*100 -> 2.3810469 | DO9: =DP8 -> 345690 | DP9: 346010 | DQ9: =MAX(0,DP9-DO9) -> 320 | DR9: =DQ9-DQ8 -> 30 | DS9: =(DQ9/'Finance Only'!B12)*100 -> 1.2698917 | DT9: =DU8 -> 113230 | DU9: 113370 | DV9: =MAX(0,DU9-DT9) -> 140 | DW9: =DV9-DV8 -> -30 | DX9: =(DV9/'Finance Only'!B12)*100 -> 0.5555776 | DY9: =DZ8 -> 725690 | DZ9: 726600 | EA9: =MAX(0,DZ9-DY9) -> 910 | EB9: =EA9-EA8 -> 110 | EC9: =(EA9/'Finance Only'!B12)*100 -> 3.6112544 | ED9: =EE8 -> 231540 | EE9: 231800 | EF9: =MAX(0,EE9-ED9) -> 260 | EG9: =EF9-EF8 -> 10 | EH9: =(EF9/'Finance Only'!B12)*100 -> 1.031787 | EI9: =EJ8 -> 260670 | EJ9: 261070 | EK9: =MAX(0,EJ9-EI9) -> 400 | EL9: =EK9-EK8 -> 60 | EM9: =(EK9/'Finance Only'!B12)*100 -> 1.5873646 | EN9: =EO8 -> 428970 | EO9: 424470 | EP9: =MAX(0,EO9-EN9) -> 0 | EQ9: =EP9-EP8 -> -520 | ER9: =(EP9/'Finance Only'!B12)*100 -> 0 | ES9: =ET8 -> 0 | EU9: =MAX(0,ET9-ES9) -> 0 | EV9: =EU9-EU8 -> 0 | EW9: =(EU9/'Finance Only'!B12)*100 -> 0 | EX9: =EY8 -> 0 | EZ9: =MAX(0,EY9-EX9) -> 0 | FA9: =EZ9-EZ8 -> 0 | FB9: =(EZ9/'Finance Only'!G12)*100 -> 0 | FC9: =FD8 -> 0 | FE9: =MAX(0,FD9-FC9) -> 0 | FF9: =FE9-FE8 -> 0 | FG9: =(FE9/'Finance Only'!M12)*100 -> #DIV/0! | FM9: =FN8 -> 0 | FO9: =MAX(0,FN9-FM9) -> 0 | FP9: =FO9-FO8 -> 0 | FQ9: =(FO9/'Finance Only'!R12)*100 -> #DIV/0! | FR9: =FS8 -> 0 | FT9: =MAX(0,FS9-FR9) -> 0 | FU9: =FT9-FT8 -> 0 | FV9: =(FT9/'Finance Only'!W12)*100 -> #DIV/0! | FW9: =FX8 -> 0 | FY9: =MAX(0,FX9-FW9) -> 0 | FZ9: =FY9-FY8 -> 0 | GA9: =(FY9/'Finance Only'!AB12)*100 -> #DIV/0! | GC9: =SUM(E9+J9) -> 7897 | GE9: =SUM(T9+Y9+EA9+EF9+EK9+EP9) -> 6728 | GG9: =SUM(AO9+AT9) -> 10418 | GI9: =SUM(AY9+BD9+BI9) -> 1063 | GK9: =SUM(BN9+BS9+EU9) -> 630 | GM9: =SUM(EZ9+FE9) -> 0
A10: 6 | B10: ='Finance Only'!G13 -> 2203 | C10: =D9 -> 27094964 | D10: 27098558 | E10: =MAX(0,D10-C10) -> 3594 | F10: =E10-E9 -> -267 | G10: =(E10/'Finance Only'!B13)*100 -> 14.955682 | H10: =I9 -> 25023638 | I10: 25027817 | J10: =MAX(0,I10-H10) -> 4179 | K10: =J10-J9 -> 143 | L10: =(J10/'Finance Only'!B13)*100 -> 17.390038 | M10: =N9 -> 92181865 | N10: 92192997 | O10: =MAX(0,N10-M10) -> 11132 | P10: =O10-O9 -> -36 | Q10: =(O10/'Finance Only'!B13)*100 -> 46.323499 | R10: =S9 -> 3083300 | S10: 3085900 | T10: =MAX(0,S10-R10) -> 2600 | U10: =T10-T9 -> 100 | V10: =(T10/'Finance Only'!B13)*100 -> 10.819358 | W10: =X9 -> 4158975 | X10: 4161736 | Y10: =MAX(0,X10-W10) -> 2761 | Z10: =Y10-Y9 -> 103 | AA10: =(Y10/'Finance Only'!B13)*100 -> 11.489326 | AB10: =AC9 -> 2703100 | AC10: 2704900 | AD10: =MAX(0,AC10-AB10) -> 1800 | AE10: =AD10/WATER!V11 -> 5.6074766 | AF10: =AD10-AD9 -> -200 | AG10: =(AD10/'Finance Only'!B13)*100 -> 7.490325 | AH10: =AI9 -> 1092956 | AI10: 1093401 | AJ10: =MAX(0,AI10-AH10) -> 445 | AK10: =AJ10-AJ9 -> -29 | AL10: =(AJ10/'Finance Only'!B13)*100 -> 1.8517748 | AM10: =AN9 -> 1101500 | AN10: 1102300 | AO10: =MAX(0,AN10-AM10) -> 800 | AP10: =AO10-AO9 -> -8218 | AQ10: =(AO10/'Finance Only'!B13)*100 -> 3.3290333 | AR10: =AS9 -> 2468100 | AS10: 2468800 | AT10: =MAX(0,AS10-AR10) -> 700 | AU10: =AT10-AT9 -> -700 | AV10: =(AT10/'Finance Only'!B13)*100 -> 2.9129042 | AW10: =AX9 -> 16104 | AX10: 16491 | AY10: =MAX(0,AX10-AW10) -> 387 | AZ10: =AY10-AY9 -> 14 | BA10: =(AY10/'Finance Only'!B13)*100 -> 1.6104199 | BB10: =BC9 -> 997450 | BC10: 997850 | BD10: =MAX(0,BC10-BB10) -> 400 | BE10: =BD10-BD9 -> 10 | BF10: =(BD10/'Finance Only'!B13)*100 -> 1.6645167 | BG10: =BH9 -> 1074300 | BH10: 1074500 | BI10: =MAX(0,BH10-BG10) -> 200 | BJ10: =BI10-BI9 -> -100 | BK10: =(BI10/'Finance Only'!B13)*100 -> 0.83225833 | BL10: =BM9 -> 1594500 | BM10: 1595100 | BN10: =MAX(0,BM10-BL10) -> 600 | BO10: =BN10-BN9 -> 100 | BP10: =(BN10/'Finance Only'!B13)*100 -> 2.496775 | BQ10: =BR9 -> 137070 | BR10: 137220 | BS10: =MAX(0,BR10-BQ10) -> 150 | BT10: =BS10-BS9 -> 20 | BU10: =(BS10/'Finance Only'!B13)*100 -> 0.62419375 | BV10: =BW9 -> 583570 | BW10: 583960 | BX10: =MAX(0,BW10-BV10) -> 390 | BY10: =BX10-BX9 -> 10 | BZ10: =(BX10/'Finance Only'!B13)*100 -> 1.6229037 | CA10: =CB9 -> 1085800 | CB10: 1087000 | CC10: =MAX(0,CB10-CA10) -> 1200 | CD10: =CC10-CC9 -> -100 | CE10: =(CC10/'Finance Only'!B13)*100 -> 4.99355 | CF10: =CG9 -> 354530 | CG10: 355020 | CH10: =MAX(0,CG10-CF10) -> 490 | CI10: =CH10-CH9 -> 0 | CJ10: =(CH10/'Finance Only'!B13)*100 -> 2.0390329 | CK10: =CL9 -> 830770 | CL10: 831660 | CM10: =MAX(0,CL10-CK10) -> 890 | CN10: =CM10-CM9 -> -80 | CO10: =(CM10/'Finance Only'!B13)*100 -> 3.7035496 | CP10: =CQ9 -> 689330 | CQ10: 690100 | CR10: =MAX(0,CQ10-CP10) -> 770 | CS10: =CR10-CR9 -> -110 | CT10: =(CR10/'Finance Only'!B13)*100 -> 3.2041946 | CU10: =CV9 -> 571190 | CV10: 571760 | CW10: =MAX(0,CV10-CU10) -> 570 | CX10: =CW10-CW9 -> -20 | CY10: =(CW10/'Finance Only'!B13)*100 -> 2.3719362 | CZ10: =DA9 -> 955380 | DA10: 956410 | DB10: =MAX(0,DA10-CZ10) -> 1030 | DC10: =DB10-DB9 -> 70 | DD10: =(DB10/'Finance Only'!B13)*100 -> 4.2861304 | DE10: =DF9 -> 732000 | DF10: 732830 | DG10: =MAX(0,DF10-DE10) -> 830 | DH10: =DG10-DG9 -> 130 | DI10: =(DG10/'Finance Only'!B13)*100 -> 3.4538721 | DJ10: =DK9 -> 636250 | DK10: 636890 | DL10: =MAX(0,DK10-DJ10) -> 640 | DM10: =DL10-DL9 -> 40 | DN10: =(DL10/'Finance Only'!B13)*100 -> 2.6632267 | DO10: =DP9 -> 346010 | DP10: 346320 | DQ10: =MAX(0,DP10-DO10) -> 310 | DR10: =DQ10-DQ9 -> -10 | DS10: =(DQ10/'Finance Only'!B13)*100 -> 1.2900004 | DT10: =DU9 -> 113370 | DU10: 113490 | DV10: =MAX(0,DU10-DT10) -> 120 | DW10: =DV10-DV9 -> -20 | DX10: =(DV10/'Finance Only'!B13)*100 -> 0.499355 | DY10: =DZ9 -> 726600 | DZ10: 727480 | EA10: =MAX(0,DZ10-DY10) -> 880 | EB10: =EA10-EA9 -> -30 | EC10: =(EA10/'Finance Only'!B13)*100 -> 3.6619367 | ED10: =EE9 -> 231800 | EE10: 232040 | EF10: =MAX(0,EE10-ED10) -> 240 | EG10: =EF10-EF9 -> -20 | EH10: =(EF10/'Finance Only'!B13)*100 -> 0.99871 | EI10: =EJ9 -> 261070 | EJ10: 261420 | EK10: =MAX(0,EJ10-EI10) -> 350 | EL10: =EK10-EK9 -> -50 | EM10: =(EK10/'Finance Only'!B13)*100 -> 1.4564521 | EN10: =EO9 -> 424470 | EO10: 429980 | EP10: =MAX(0,EO10-EN10) -> 5510 | EQ10: =EP10-EP9 -> 5510 | ER10: =(EP10/'Finance Only'!B13)*100 -> 22.928717 | ES10: =ET9 -> 0 | EU10: =MAX(0,ET10-ES10) -> 0 | EV10: =EU10-EU9 -> 0 | EW10: =(EU10/'Finance Only'!B13)*100 -> 0 | EX10: =EY9 -> 0 | EZ10: =MAX(0,EY10-EX10) -> 0 | FA10: =EZ10-EZ9 -> 0 | FB10: =(EZ10/'Finance Only'!G13)*100 -> 0 | FC10: =FD9 -> 0 | FE10: =MAX(0,FD10-FC10) -> 0 | FF10: =FE10-FE9 -> 0 | FG10: =(FE10/'Finance Only'!M13)*100 -> #DIV/0! | FM10: =FN9 -> 0 | FO10: =MAX(0,FN10-FM10) -> 0 | FP10: =FO10-FO9 -> 0 | FQ10: =(FO10/'Finance Only'!R13)*100 -> #DIV/0! | FR10: =FS9 -> 0 | FT10: =MAX(0,FS10-FR10) -> 0 | FU10: =FT10-FT9 -> 0 | FV10: =(FT10/'Finance Only'!W13)*100 -> #DIV/0! | FW10: =FX9 -> 0 | FY10: =MAX(0,FX10-FW10) -> 0 | FZ10: =FY10-FY9 -> 0 | GA10: =(FY10/'Finance Only'!AB13)*100 -> #DIV/0! | GC10: =SUM(E10+J10) -> 7773 | GE10: =SUM(T10+Y10+EA10+EF10+EK10+EP10) -> 12341 | GG10: =SUM(AO10+AT10) -> 1500 | GI10: =SUM(AY10+BD10+BI10) -> 987 | GK10: =SUM(BN10+BS10+EU10) -> 750 | GM10: =SUM(EZ10+FE10) -> 0
A11: 7 | B11: ='Finance Only'!G14 -> 0 | C11: =D10 -> 27098558 | D11: 27101851 | E11: =MAX(0,D11-C11) -> 3293 | F11: =E11-E10 -> -301 | G11: =(E11/'Finance Only'!B14)*100 -> 13.387267 | H11: =I10 -> 25027817 | I11: 25031838 | J11: =MAX(0,I11-H11) -> 4021 | K11: =J11-J10 -> -158 | L11: =(J11/'Finance Only'!B14)*100 -> 16.346857 | M11: =N10 -> 92192997 | N11: 92204385 | O11: =MAX(0,N11-M11) -> 11388 | P11: =O11-O10 -> 256 | Q11: =(O11/'Finance Only'!B14)*100 -> 46.296447 | R11: =S10 -> 3085900 | S11: 3088400 | T11: =MAX(0,S11-R11) -> 2500 | U11: =T11-T10 -> -100 | V11: =(T11/'Finance Only'!B14)*100 -> 10.163428 | W11: =X10 -> 4161736 | X11: 4164651 | Y11: =MAX(0,X11-W11) -> 2915 | Z11: =Y11-Y10 -> 154 | AA11: =(Y11/'Finance Only'!B14)*100 -> 11.850557 | AB11: =AC10 -> 2704900 | AC11: 2707100 | AD11: =MAX(0,AC11-AB11) -> 2200 | AE11: =AD11/WATER!V12 -> 5.7591623 | AF11: =AD11-AD10 -> 400 | AG11: =(AD11/'Finance Only'!B14)*100 -> 8.9438166 | AH11: =AI10 -> 1093401 | AI11: 1093867 | AJ11: =MAX(0,AI11-AH11) -> 466 | AK11: =AJ11-AJ10 -> 21 | AL11: =(AJ11/'Finance Only'!B14)*100 -> 1.894463 | AM11: =AN10 -> 1102300 | AN11: 1103100 | AO11: =MAX(0,AN11-AM11) -> 800 | AP11: =AO11-AO10 -> 0 | AQ11: =(AO11/'Finance Only'!B14)*100 -> 3.2522969 | AR11: =AS10 -> 2468800 | AS11: 2470200 | AT11: =MAX(0,AS11-AR11) -> 1400 | AU11: =AT11-AT10 -> 700 | AV11: =(AT11/'Finance Only'!B14)*100 -> 5.6915196 | AW11: =AX10 -> 16491 | AX11: 16890 | AY11: =MAX(0,AX11-AW11) -> 399 | AZ11: =AY11-AY10 -> 12 | BA11: =(AY11/'Finance Only'!B14)*100 -> 1.6220831 | BB11: =BC10 -> 997850 | BC11: 998270 | BD11: =MAX(0,BC11-BB11) -> 420 | BE11: =BD11-BD10 -> 20 | BF11: =(BD11/'Finance Only'!B14)*100 -> 1.7074559 | BG11: =BH10 -> 1074500 | BH11: 1074800 | BI11: =MAX(0,BH11-BG11) -> 300 | BJ11: =BI11-BI10 -> 100 | BK11: =(BI11/'Finance Only'!B14)*100 -> 1.2196114 | BL11: =BM10 -> 1595100 | BM11: 1595700 | BN11: =MAX(0,BM11-BL11) -> 600 | BO11: =BN11-BN10 -> 0 | BP11: =(BN11/'Finance Only'!B14)*100 -> 2.4392227 | BQ11: =BR10 -> 137220 | BR11: 137380 | BS11: =MAX(0,BR11-BQ11) -> 160 | BT11: =BS11-BS10 -> 10 | BU11: =(BS11/'Finance Only'!B14)*100 -> 0.65045939 | BV11: =BW10 -> 583960 | BW11: 584360 | BX11: =MAX(0,BW11-BV11) -> 400 | BY11: =BX11-BX10 -> 10 | BZ11: =(BX11/'Finance Only'!B14)*100 -> 1.6261485 | CA11: =CB10 -> 1087000 | CB11: 1088200 | CC11: =MAX(0,CB11-CA11) -> 1200 | CD11: =CC11-CC10 -> 0 | CE11: =(CC11/'Finance Only'!B14)*100 -> 4.8784454 | CF11: =CG10 -> 355020 | CG11: 355570 | CH11: =MAX(0,CG11-CF11) -> 550 | CI11: =CH11-CH10 -> 60 | CJ11: =(CH11/'Finance Only'!B14)*100 -> 2.2359541 | CK11: =CL10 -> 831660 | CL11: 832550 | CM11: =MAX(0,CL11-CK11) -> 890 | CN11: =CM11-CM10 -> 0 | CO11: =(CM11/'Finance Only'!B14)*100 -> 3.6181803 | CP11: =CQ10 -> 690100 | CQ11: 690850 | CR11: =MAX(0,CQ11-CP11) -> 750 | CS11: =CR11-CR10 -> -20 | CT11: =(CR11/'Finance Only'!B14)*100 -> 3.0490284 | CU11: =CV10 -> 571760 | CV11: 572300 | CW11: =MAX(0,CV11-CU11) -> 540 | CX11: =CW11-CW10 -> -30 | CY11: =(CW11/'Finance Only'!B14)*100 -> 2.1953004 | CZ11: =DA10 -> 956410 | DA11: 957500 | DB11: =MAX(0,DA11-CZ11) -> 1090 | DC11: =DB11-DB10 -> 60 | DD11: =(DB11/'Finance Only'!B14)*100 -> 4.4312546 | DE11: =DF10 -> 732830 | DF11: 733700 | DG11: =MAX(0,DF11-DE11) -> 870 | DH11: =DG11-DG10 -> 40 | DI11: =(DG11/'Finance Only'!B14)*100 -> 3.5368729 | DJ11: =DK10 -> 636890 | DK11: 637490 | DL11: =MAX(0,DK11-DJ11) -> 600 | DM11: =DL11-DL10 -> -40 | DN11: =(DL11/'Finance Only'!B14)*100 -> 2.4392227 | DO11: =DP10 -> 346320 | DP11: 346440 | DQ11: =MAX(0,DP11-DO11) -> 120 | DR11: =DQ11-DQ10 -> -190 | DS11: =(DQ11/'Finance Only'!B14)*100 -> 0.48784454 | DT11: =DU10 -> 113490 | DU11: 113600 | DV11: =MAX(0,DU11-DT11) -> 110 | DW11: =DV11-DV10 -> -10 | DX11: =(DV11/'Finance Only'!B14)*100 -> 0.44719083 | DY11: =DZ10 -> 727480 | DZ11: 728270 | EA11: =MAX(0,DZ11-DY11) -> 790 | EB11: =EA11-EA10 -> -90 | EC11: =(EA11/'Finance Only'!B14)*100 -> 3.2116432 | ED11: =EE10 -> 232040 | EE11: 232280 | EF11: =MAX(0,EE11-ED11) -> 240 | EG11: =EF11-EF10 -> 0 | EH11: =(EF11/'Finance Only'!B14)*100 -> 0.97568908 | EI11: =EJ10 -> 261420 | EJ11: 261630 | EK11: =MAX(0,EJ11-EI11) -> 210 | EL11: =EK11-EK10 -> -140 | EM11: =(EK11/'Finance Only'!B14)*100 -> 0.85372795 | EN11: =EO10 -> 429980 | EO11: 430460 | EP11: =MAX(0,EO11-EN11) -> 480 | EQ11: =EP11-EP10 -> -5030 | ER11: =(EP11/'Finance Only'!B14)*100 -> 1.9513782 | ES11: =ET10 -> 0 | EU11: =MAX(0,ET11-ES11) -> 0 | EV11: =EU11-EU10 -> 0 | EW11: =(EU11/'Finance Only'!B14)*100 -> 0 | EX11: =EY10 -> 0 | EZ11: =MAX(0,EY11-EX11) -> 0 | FA11: =EZ11-EZ10 -> 0 | FB11: =(EZ11/'Finance Only'!G14)*100 -> #DIV/0! | FC11: =FD10 -> 0 | FE11: =MAX(0,FD11-FC11) -> 0 | FF11: =FE11-FE10 -> 0 | FG11: =(FE11/'Finance Only'!M14)*100 -> #DIV/0! | FM11: =FN10 -> 0 | FO11: =MAX(0,FN11-FM11) -> 0 | FP11: =FO11-FO10 -> 0 | FQ11: =(FO11/'Finance Only'!R14)*100 -> #DIV/0! | FR11: =FS10 -> 0 | FT11: =MAX(0,FS11-FR11) -> 0 | FU11: =FT11-FT10 -> 0 | FV11: =(FT11/'Finance Only'!W14)*100 -> #DIV/0! | FW11: =FX10 -> 0 | FY11: =MAX(0,FX11-FW11) -> 0 | FZ11: =FY11-FY10 -> 0 | GA11: =(FY11/'Finance Only'!AB14)*100 -> #DIV/0! | GC11: =SUM(E11+J11) -> 7314 | GE11: =SUM(T11+Y11+EA11+EF11+EK11+EP11) -> 7135 | GG11: =SUM(AO11+AT11) -> 2200 | GI11: =SUM(AY11+BD11+BI11) -> 1119 | GK11: =SUM(BN11+BS11+EU11) -> 760 | GM11: =SUM(EZ11+FE11) -> 0
A12: 8 | B12: ='Finance Only'!G15 -> 0 | C12: =D11 -> 27101851 | D12: 27105552 | E12: =MAX(0,D12-C12) -> 3701 | F12: =E12-E11 -> 408 | G12: =(E12/'Finance Only'!B15)*100 -> 15.111057 | H12: =I11 -> 25031838 | I12: 25035561 | J12: =MAX(0,I12-H12) -> 3723 | K12: =J12-J11 -> -298 | L12: =(J12/'Finance Only'!B15)*100 -> 15.200882 | M12: =N11 -> 92204385 | N12: 92216137 | O12: =MAX(0,N12-M12) -> 11752 | P12: =O12-O11 -> 364 | Q12: =(O12/'Finance Only'!B15)*100 -> 47.983015 | R12: =S11 -> 3088400 | S12: 3090900 | T12: =MAX(0,S12-R12) -> 2500 | U12: =T12-T11 -> 0 | V12: =(T12/'Finance Only'!B15)*100 -> 10.207415 | W12: =X11 -> 4164651 | X12: 4167647 | Y12: =MAX(0,X12-W12) -> 2996 | Z12: =Y12-Y11 -> 81 | AA12: =(Y12/'Finance Only'!B15)*100 -> 12.232566 | AB12: =AC11 -> 2707100 | AC12: 2709400 | AD12: =MAX(0,AC12-AB12) -> 2300 | AE12: =AD12/WATER!V13 -> 6.5527066 | AF12: =AD12-AD11 -> 100 | AG12: =(AD12/'Finance Only'!B15)*100 -> 9.3908215 | AH12: =AI11 -> 1093867 | AI12: 1094310 | AJ12: =MAX(0,AI12-AH12) -> 443 | AK12: =AJ12-AJ11 -> -23 | AL12: =(AJ12/'Finance Only'!B15)*100 -> 1.8087539 | AM12: =AN11 -> 1103100 | AN12: 1103900 | AO12: =MAX(0,AN12-AM12) -> 800 | AP12: =AO12-AO11 -> 0 | AQ12: =(AO12/'Finance Only'!B15)*100 -> 3.2663727 | AR12: =AS11 -> 2470200 | AS12: 2470900 | AT12: =MAX(0,AS12-AR12) -> 700 | AU12: =AT12-AT11 -> -700 | AV12: =(AT12/'Finance Only'!B15)*100 -> 2.8580761 | AW12: =AX11 -> 16890 | AX12: 17305 | AY12: =MAX(0,AX12-AW12) -> 415 | AZ12: =AY12-AY11 -> 16 | BA12: =(AY12/'Finance Only'!B15)*100 -> 1.6944308 | BB12: =BC11 -> 998270 | BC12: 998710 | BD12: =MAX(0,BC12-BB12) -> 440 | BE12: =BD12-BD11 -> 20 | BF12: =(BD12/'Finance Only'!B15)*100 -> 1.796505 | BG12: =BH11 -> 1074800 | BH12: 1075100 | BI12: =MAX(0,BH12-BG12) -> 300 | BJ12: =BI12-BI11 -> 0 | BK12: =(BI12/'Finance Only'!B15)*100 -> 1.2248898 | BL12: =BM11 -> 1595700 | BM12: 1596300 | BN12: =MAX(0,BM12-BL12) -> 600 | BO12: =BN12-BN11 -> 0 | BP12: =(BN12/'Finance Only'!B15)*100 -> 2.4497795 | BQ12: =BR11 -> 137380 | BR12: 137550 | BS12: =MAX(0,BR12-BQ12) -> 170 | BT12: =BS12-BS11 -> 10 | BU12: =(BS12/'Finance Only'!B15)*100 -> 0.6941042 | BV12: =BW11 -> 584360 | BW12: 584800 | BX12: =MAX(0,BW12-BV12) -> 440 | BY12: =BX12-BX11 -> 40 | BZ12: =(BX12/'Finance Only'!B15)*100 -> 1.796505 | CA12: =CB11 -> 1088200 | CB12: 1089400 | CC12: =MAX(0,CB12-CA12) -> 1200 | CD12: =CC12-CC11 -> 0 | CE12: =(CC12/'Finance Only'!B15)*100 -> 4.899559 | CF12: =CG11 -> 355570 | CG12: 356060 | CH12: =MAX(0,CG12-CF12) -> 490 | CI12: =CH12-CH11 -> -60 | CJ12: =(CH12/'Finance Only'!B15)*100 -> 2.0006533 | CK12: =CL11 -> 832550 | CL12: 833400 | CM12: =MAX(0,CL12-CK12) -> 850 | CN12: =CM12-CM11 -> -40 | CO12: =(CM12/'Finance Only'!B15)*100 -> 3.470521 | CP12: =CQ11 -> 690850 | CQ12: 691550 | CR12: =MAX(0,CQ12-CP12) -> 700 | CS12: =CR12-CR11 -> -50 | CT12: =(CR12/'Finance Only'!B15)*100 -> 2.8580761 | CU12: =CV11 -> 572300 | CV12: 572790 | CW12: =MAX(0,CV12-CU12) -> 490 | CX12: =CW12-CW11 -> -50 | CY12: =(CW12/'Finance Only'!B15)*100 -> 2.0006533 | CZ12: =DA11 -> 957500 | DA12: 958320 | DB12: =MAX(0,DA12-CZ12) -> 820 | DC12: =DB12-DB11 -> -270 | DD12: =(DB12/'Finance Only'!B15)*100 -> 3.348032 | DE12: =DF11 -> 733700 | DF12: 734540 | DG12: =MAX(0,DF12-DE12) -> 840 | DH12: =DG12-DG11 -> -30 | DI12: =(DG12/'Finance Only'!B15)*100 -> 3.4296913 | DJ12: =DK11 -> 637490 | DK12: 638000 | DL12: =MAX(0,DK12-DJ12) -> 510 | DM12: =DL12-DL11 -> -90 | DN12: =(DL12/'Finance Only'!B15)*100 -> 2.0823126 | DO12: =DP11 -> 346440 | DP12: 346900 | DQ12: =MAX(0,DP12-DO12) -> 460 | DR12: =DQ12-DQ11 -> 340 | DS12: =(DQ12/'Finance Only'!B15)*100 -> 1.8781643 | DT12: =DU11 -> 113600 | DU12: 113720 | DV12: =MAX(0,DU12-DT12) -> 120 | DW12: =DV12-DV11 -> 10 | DX12: =(DV12/'Finance Only'!B15)*100 -> 0.4899559 | DY12: =DZ11 -> 728270 | DZ12: 729170 | EA12: =MAX(0,DZ12-DY12) -> 900 | EB12: =EA12-EA11 -> 110 | EC12: =(EA12/'Finance Only'!B15)*100 -> 3.6746693 | ED12: =EE11 -> 232280 | EE12: 232510 | EF12: =MAX(0,EE12-ED12) -> 230 | EG12: =EF12-EF11 -> -10 | EH12: =(EF12/'Finance Only'!B15)*100 -> 0.93908215 | EI12: =EJ11 -> 261630 | EJ12: 261950 | EK12: =MAX(0,EJ12-EI12) -> 320 | EL12: =EK12-EK11 -> 110 | EM12: =(EK12/'Finance Only'!B15)*100 -> 1.3065491 | EN12: =EO11 -> 430460 | EO12: 430960 | EP12: =MAX(0,EO12-EN12) -> 500 | EQ12: =EP12-EP11 -> 20 | ER12: =(EP12/'Finance Only'!B15)*100 -> 2.0414829 | ES12: =ET11 -> 0 | EU12: =MAX(0,ET12-ES12) -> 0 | EV12: =EU12-EU11 -> 0 | EW12: =(EU12/'Finance Only'!B15)*100 -> 0 | EX12: =EY11 -> 0 | EZ12: =MAX(0,EY12-EX12) -> 0 | FA12: =EZ12-EZ11 -> 0 | FB12: =(EZ12/'Finance Only'!G15)*100 -> #DIV/0! | FC12: =FD11 -> 0 | FE12: =MAX(0,FD12-FC12) -> 0 | FF12: =FE12-FE11 -> 0 | FG12: =(FE12/'Finance Only'!M15)*100 -> #DIV/0! | FM12: =FN11 -> 0 | FO12: =MAX(0,FN12-FM12) -> 0 | FP12: =FO12-FO11 -> 0 | FQ12: =(FO12/'Finance Only'!R15)*100 -> #DIV/0! | FR12: =FS11 -> 0 | FT12: =MAX(0,FS12-FR12) -> 0 | FU12: =FT12-FT11 -> 0 | FV12: =(FT12/'Finance Only'!W15)*100 -> #DIV/0! | FW12: =FX11 -> 0 | FY12: =MAX(0,FX12-FW12) -> 0 | FZ12: =FY12-FY11 -> 0 | GA12: =(FY12/'Finance Only'!AB15)*100 -> #DIV/0! | GC12: =SUM(E12+J12) -> 7424 | GE12: =SUM(T12+Y12+EA12+EF12+EK12+EP12) -> 7446 | GG12: =SUM(AO12+AT12) -> 1500 | GI12: =SUM(AY12+BD12+BI12) -> 1155 | GK12: =SUM(BN12+BS12+EU12) -> 770 | GM12: =SUM(EZ12+FE12) -> 0
A13: 9 | B13: ='Finance Only'!G16 -> 0 | C13: =D12 -> 27105552 | D13: 27109209 | E13: =MAX(0,D13-C13) -> 3657 | F13: =E13-E12 -> -44 | G13: =(E13/'Finance Only'!B16)*100 -> 14.753106 | H13: =I12 -> 25035561 | I13: 25039370 | J13: =MAX(0,I13-H13) -> 3809 | K13: =J13-J12 -> 86 | L13: =(J13/'Finance Only'!B16)*100 -> 15.366306 | M13: =N12 -> 92216137 | N13: 92227816 | O13: =MAX(0,N13-M13) -> 11679 | P13: =O13-O12 -> -73 | Q13: =(O13/'Finance Only'!B16)*100 -> 47.11554 | R13: =S12 -> 3090900 | S13: 3093400 | T13: =MAX(0,S13-R13) -> 2500 | U13: =T13-T12 -> 0 | V13: =(T13/'Finance Only'!B16)*100 -> 10.085525 | W13: =X12 -> 4167647 | X13: 4170448 | Y13: =MAX(0,X13-W13) -> 2801 | Z13: =Y13-Y12 -> -195 | AA13: =(Y13/'Finance Only'!B16)*100 -> 11.299822 | AB13: =AC12 -> 2709400 | AC13: 2711600 | AD13: =MAX(0,AC13-AB13) -> 2200 | AE13: =AD13/WATER!V14 -> 5.5415617 | AF13: =AD13-AD12 -> -100 | AG13: =(AD13/'Finance Only'!B16)*100 -> 8.8752622 | AH13: =AI12 -> 1094310 | AI13: 1094783 | AJ13: =MAX(0,AI13-AH13) -> 473 | AK13: =AJ13-AJ12 -> 30 | AL13: =(AJ13/'Finance Only'!B16)*100 -> 1.9081814 | AM13: =AN12 -> 1103900 | AN13: 1104700 | AO13: =MAX(0,AN13-AM13) -> 800 | AP13: =AO13-AO12 -> 0 | AQ13: =(AO13/'Finance Only'!B16)*100 -> 3.2273681 | AR13: =AS12 -> 2470900 | AS13: 2472000 | AT13: =MAX(0,AS13-AR13) -> 1100 | AU13: =AT13-AT12 -> 400 | AV13: =(AT13/'Finance Only'!B16)*100 -> 4.4376311 | AW13: =AX12 -> 17305 | AX13: 17697 | AY13: =MAX(0,AX13-AW13) -> 392 | AZ13: =AY13-AY12 -> -23 | BA13: =(AY13/'Finance Only'!B16)*100 -> 1.5814104 | BB13: =BC12 -> 998710 | BC13: 999110 | BD13: =MAX(0,BC13-BB13) -> 400 | BE13: =BD13-BD12 -> -40 | BF13: =(BD13/'Finance Only'!B16)*100 -> 1.613684 | BG13: =BH12 -> 1075100 | BH13: 1075400 | BI13: =MAX(0,BH13-BG13) -> 300 | BJ13: =BI13-BI12 -> 0 | BK13: =(BI13/'Finance Only'!B16)*100 -> 1.210263 | BL13: =BM12 -> 1596300 | BM13: 1596900 | BN13: =MAX(0,BM13-BL13) -> 600 | BO13: =BN13-BN12 -> 0 | BP13: =(BN13/'Finance Only'!B16)*100 -> 2.4205261 | BQ13: =BR12 -> 137550 | BR13: 137700 | BS13: =MAX(0,BR13-BQ13) -> 150 | BT13: =BS13-BS12 -> -20 | BU13: =(BS13/'Finance Only'!B16)*100 -> 0.60513152 | BV13: =BW12 -> 584800 | BW13: 585200 | BX13: =MAX(0,BW13-BV13) -> 400 | BY13: =BX13-BX12 -> -40 | BZ13: =(BX13/'Finance Only'!B16)*100 -> 1.613684 | CA13: =CB12 -> 1089400 | CB13: 1090500 | CC13: =MAX(0,CB13-CA13) -> 1100 | CD13: =CC13-CC12 -> -100 | CE13: =(CC13/'Finance Only'!B16)*100 -> 4.4376311 | CF13: =CG12 -> 356060 | CG13: 356550 | CH13: =MAX(0,CG13-CF13) -> 490 | CI13: =CH13-CH12 -> 0 | CJ13: =(CH13/'Finance Only'!B16)*100 -> 1.9767629 | CK13: =CL12 -> 833400 | CL13: 834380 | CM13: =MAX(0,CL13-CK13) -> 980 | CN13: =CM13-CM12 -> 130 | CO13: =(CM13/'Finance Only'!B16)*100 -> 3.9535259 | CP13: =CQ12 -> 691550 | CQ13: 692200 | CR13: =MAX(0,CQ13-CP13) -> 650 | CS13: =CR13-CR12 -> -50 | CT13: =(CR13/'Finance Only'!B16)*100 -> 2.6222366 | CU13: =CV12 -> 572790 | CV13: 573290 | CW13: =MAX(0,CV13-CU13) -> 500 | CX13: =CW13-CW12 -> 10 | CY13: =(CW13/'Finance Only'!B16)*100 -> 2.0171051 | CZ13: =DA12 -> 958320 | DA13: 959300 | DB13: =MAX(0,DA13-CZ13) -> 980 | DC13: =DB13-DB12 -> 160 | DD13: =(DB13/'Finance Only'!B16)*100 -> 3.9535259 | DE13: =DF12 -> 734540 | DF13: 735470 | DG13: =MAX(0,DF13-DE13) -> 930 | DH13: =DG13-DG12 -> 90 | DI13: =(DG13/'Finance Only'!B16)*100 -> 3.7518154 | DJ13: =DK12 -> 638000 | DK13: 638490 | DL13: =MAX(0,DK13-DJ13) -> 490 | DM13: =DL13-DL12 -> -20 | DN13: =(DL13/'Finance Only'!B16)*100 -> 1.9767629 | DO13: =DP12 -> 346900 | DP13: 347180 | DQ13: =MAX(0,DP13-DO13) -> 280 | DR13: =DQ13-DQ12 -> -180 | DS13: =(DQ13/'Finance Only'!B16)*100 -> 1.1295788 | DT13: =DU12 -> 113720 | DU13: 113830 | DV13: =MAX(0,DU13-DT13) -> 110 | DW13: =DV13-DV12 -> -10 | DX13: =(DV13/'Finance Only'!B16)*100 -> 0.44376311 | DY13: =DZ12 -> 729170 | DZ13: 730050 | EA13: =MAX(0,DZ13-DY13) -> 880 | EB13: =EA13-EA12 -> -20 | EC13: =(EA13/'Finance Only'!B16)*100 -> 3.5501049 | ED13: =EE12 -> 232510 | EE13: 232750 | EF13: =MAX(0,EE13-ED13) -> 240 | EG13: =EF13-EF12 -> 10 | EH13: =(EF13/'Finance Only'!B16)*100 -> 0.96821042 | EI13: =EJ12 -> 261950 | EJ13: 262320 | EK13: =MAX(0,EJ13-EI13) -> 370 | EL13: =EK13-EK12 -> 50 | EM13: =(EK13/'Finance Only'!B16)*100 -> 1.4926577 | EN13: =EO12 -> 430960 | EO13: 431430 | EP13: =MAX(0,EO13-EN13) -> 470 | EQ13: =EP13-EP12 -> -30 | ER13: =(EP13/'Finance Only'!B16)*100 -> 1.8960787 | ES13: =ET12 -> 0 | EU13: =MAX(0,ET13-ES13) -> 0 | EV13: =EU13-EU12 -> 0 | EW13: =(EU13/'Finance Only'!B16)*100 -> 0 | EX13: =EY12 -> 0 | EZ13: =MAX(0,EY13-EX13) -> 0 | FA13: =EZ13-EZ12 -> 0 | FB13: =(EZ13/'Finance Only'!G16)*100 -> #DIV/0! | FC13: =FD12 -> 0 | FE13: =MAX(0,FD13-FC13) -> 0 | FF13: =FE13-FE12 -> 0 | FG13: =(FE13/'Finance Only'!M16)*100 -> #DIV/0! | FM13: =FN12 -> 0 | FO13: =MAX(0,FN13-FM13) -> 0 | FP13: =FO13-FO12 -> 0 | FQ13: =(FO13/'Finance Only'!R16)*100 -> #DIV/0! | FR13: =FS12 -> 0 | FT13: =MAX(0,FS13-FR13) -> 0 | FU13: =FT13-FT12 -> 0 | FV13: =(FT13/'Finance Only'!W16)*100 -> #DIV/0! | FW13: =FX12 -> 0 | FY13: =MAX(0,FX13-FW13) -> 0 | FZ13: =FY13-FY12 -> 0 | GA13: =(FY13/'Finance Only'!AB16)*100 -> #DIV/0! | GC13: =SUM(E13+J13) -> 7466 | GE13: =SUM(T13+Y13+EA13+EF13+EK13+EP13) -> 7261 | GG13: =SUM(AO13+AT13) -> 1900 | GI13: =SUM(AY13+BD13+BI13) -> 1092 | GK13: =SUM(BN13+BS13+EU13) -> 750 | GM13: =SUM(EZ13+FE13) -> 0
A14: 10 | B14: ='Finance Only'!G17 -> 0 | C14: =D13 -> 27109209 | D14: 27112494 | E14: =MAX(0,D14-C14) -> 3285 | F14: =E14-E13 -> -372 | G14: =(E14/'Finance Only'!B17)*100 -> 14.134504 | H14: =I13 -> 25039370 | I14: 25042751 | J14: =MAX(0,I14-H14) -> 3381 | K14: =J14-J13 -> -428 | L14: =(J14/'Finance Only'!B17)*100 -> 14.547567 | M14: =N13 -> 92227816 | N14: 92239294 | O14: =MAX(0,N14-M14) -> 11478 | P14: =O14-O13 -> -201 | Q14: =(O14/'Finance Only'!B17)*100 -> 49.386859 | R14: =S13 -> 3093400 | S14: 3095800 | T14: =MAX(0,S14-R14) -> 2400 | U14: =T14-T13 -> -100 | V14: =(T14/'Finance Only'!B17)*100 -> 10.326578 | W14: =X13 -> 4170448 | X14: 4173132 | Y14: =MAX(0,X14-W14) -> 2684 | Z14: =Y14-Y13 -> -117 | AA14: =(Y14/'Finance Only'!B17)*100 -> 11.548556 | AB14: =AC13 -> 2711600 | AC14: 2713400 | AD14: =MAX(0,AC14-AB14) -> 1800 | AE14: =AD14/WATER!V15 -> 4.7619048 | AF14: =AD14-AD13 -> -400 | AG14: =(AD14/'Finance Only'!B17)*100 -> 7.7449335 | AH14: =AI13 -> 1094783 | AI14: 1095248 | AJ14: =MAX(0,AI14-AH14) -> 465 | AK14: =AJ14-AJ13 -> -8 | AL14: =(AJ14/'Finance Only'!B17)*100 -> 2.0007745 | AM14: =AN13 -> 1104700 | AN14: 1105400 | AO14: =MAX(0,AN14-AM14) -> 700 | AP14: =AO14-AO13 -> -100 | AQ14: =(AO14/'Finance Only'!B17)*100 -> 3.0119186 | AR14: =AS13 -> 2472000 | AS14: 2472900 | AT14: =MAX(0,AS14-AR14) -> 900 | AU14: =AT14-AT13 -> -200 | AV14: =(AT14/'Finance Only'!B17)*100 -> 3.8724668 | AW14: =AX13 -> 17697 | AX14: 18058 | AY14: =MAX(0,AX14-AW14) -> 361 | AZ14: =AY14-AY13 -> -31 | BA14: =(AY14/'Finance Only'!B17)*100 -> 1.5532894 | BB14: =BC13 -> 999110 | BC14: 999570 | BD14: =MAX(0,BC14-BB14) -> 460 | BE14: =BD14-BD13 -> 60 | BF14: =(BD14/'Finance Only'!B17)*100 -> 1.9792608 | BG14: =BH13 -> 1075400 | BH14: 1075700 | BI14: =MAX(0,BH14-BG14) -> 300 | BJ14: =BI14-BI13 -> 0 | BK14: =(BI14/'Finance Only'!B17)*100 -> 1.2908223 | BL14: =BM13 -> 1596900 | BM14: 1597500 | BN14: =MAX(0,BM14-BL14) -> 600 | BO14: =BN14-BN13 -> 0 | BP14: =(BN14/'Finance Only'!B17)*100 -> 2.5816445 | BQ14: =BR13 -> 137700 | BR14: 137850 | BS14: =MAX(0,BR14-BQ14) -> 150 | BT14: =BS14-BS13 -> 0 | BU14: =(BS14/'Finance Only'!B17)*100 -> 0.64541113 | BV14: =BW13 -> 585200 | BW14: 585640 | BX14: =MAX(0,BW14-BV14) -> 440 | BY14: =BX14-BX13 -> 40 | BZ14: =(BX14/'Finance Only'!B17)*100 -> 1.893206 | CA14: =CB13 -> 1090500 | CB14: 1091700 | CC14: =MAX(0,CB14-CA14) -> 1200 | CD14: =CC14-CC13 -> 100 | CE14: =(CC14/'Finance Only'!B17)*100 -> 5.163289 | CF14: =CG13 -> 356550 | CG14: 357000 | CH14: =MAX(0,CG14-CF14) -> 450 | CI14: =CH14-CH13 -> -40 | CJ14: =(CH14/'Finance Only'!B17)*100 -> 1.9362334 | CK14: =CL13 -> 834380 | CL14: 835270 | CM14: =MAX(0,CL14-CK14) -> 890 | CN14: =CM14-CM13 -> -90 | CO14: =(CM14/'Finance Only'!B17)*100 -> 3.8294394 | CP14: =CQ13 -> 692200 | CQ14: 692950 | CR14: =MAX(0,CQ14-CP14) -> 750 | CS14: =CR14-CR13 -> 100 | CT14: =(CR14/'Finance Only'!B17)*100 -> 3.2270556 | CU14: =CV13 -> 573290 | CV14: 573750 | CW14: =MAX(0,CV14-CU14) -> 460 | CX14: =CW14-CW13 -> -40 | CY14: =(CW14/'Finance Only'!B17)*100 -> 1.9792608 | CZ14: =DA13 -> 959300 | DA14: 960130 | DB14: =MAX(0,DA14-CZ14) -> 830 | DC14: =DB14-DB13 -> -150 | DD14: =(DB14/'Finance Only'!B17)*100 -> 3.5712749 | DE14: =DF13 -> 735470 | DF14: 736140 | DG14: =MAX(0,DF14-DE14) -> 670 | DH14: =DG14-DG13 -> -260 | DI14: =(DG14/'Finance Only'!B17)*100 -> 2.8828364 | DJ14: =DK13 -> 638490 | DK14: 638700 | DL14: =MAX(0,DK14-DJ14) -> 210 | DM14: =DL14-DL13 -> -280 | DN14: =(DL14/'Finance Only'!B17)*100 -> 0.90357558 | DO14: =DP13 -> 347180 | DP14: 347460 | DQ14: =MAX(0,DP14-DO14) -> 280 | DR14: =DQ14-DQ13 -> 0 | DS14: =(DQ14/'Finance Only'!B17)*100 -> 1.2047674 | DT14: =DU13 -> 113830 | DU14: 113920 | DV14: =MAX(0,DU14-DT14) -> 90 | DW14: =DV14-DV13 -> -20 | DX14: =(DV14/'Finance Only'!B17)*100 -> 0.38724668 | DY14: =DZ13 -> 730050 | DZ14: 730810 | EA14: =MAX(0,DZ14-DY14) -> 760 | EB14: =EA14-EA13 -> -120 | EC14: =(EA14/'Finance Only'!B17)*100 -> 3.270083 | ED14: =EE13 -> 232750 | EE14: 232990 | EF14: =MAX(0,EE14-ED14) -> 240 | EG14: =EF14-EF13 -> 0 | EH14: =(EF14/'Finance Only'!B17)*100 -> 1.0326578 | EI14: =EJ13 -> 262320 | EJ14: 262680 | EK14: =MAX(0,EJ14-EI14) -> 360 | EL14: =EK14-EK13 -> -10 | EM14: =(EK14/'Finance Only'!B17)*100 -> 1.5489867 | EN14: =EO13 -> 431430 | EO14: 431920 | EP14: =MAX(0,EO14-EN14) -> 490 | EQ14: =EP14-EP13 -> 20 | ER14: =(EP14/'Finance Only'!B17)*100 -> 2.108343 | ES14: =ET13 -> 0 | EU14: =MAX(0,ET14-ES14) -> 0 | EV14: =EU14-EU13 -> 0 | EW14: =(EU14/'Finance Only'!B17)*100 -> 0 | EX14: =EY13 -> 0 | EZ14: =MAX(0,EY14-EX14) -> 0 | FA14: =EZ14-EZ13 -> 0 | FB14: =(EZ14/'Finance Only'!G17)*100 -> #DIV/0! | FC14: =FD13 -> 0 | FE14: =MAX(0,FD14-FC14) -> 0 | FF14: =FE14-FE13 -> 0 | FG14: =(FE14/'Finance Only'!M17)*100 -> #DIV/0! | FM14: =FN13 -> 0 | FO14: =MAX(0,FN14-FM14) -> 0 | FP14: =FO14-FO13 -> 0 | FQ14: =(FO14/'Finance Only'!R17)*100 -> #DIV/0! | FR14: =FS13 -> 0 | FT14: =MAX(0,FS14-FR14) -> 0 | FU14: =FT14-FT13 -> 0 | FV14: =(FT14/'Finance Only'!W17)*100 -> #DIV/0! | FW14: =FX13 -> 0 | FY14: =MAX(0,FX14-FW14) -> 0 | FZ14: =FY14-FY13 -> 0 | GA14: =(FY14/'Finance Only'!AB17)*100 -> #DIV/0! | GC14: =SUM(E14+J14) -> 6666 | GE14: =SUM(T14+Y14+EA14+EF14+EK14+EP14) -> 6934 | GG14: =SUM(AO14+AT14) -> 1600 | GI14: =SUM(AY14+BD14+BI14) -> 1121 | GK14: =SUM(BN14+BS14+EU14) -> 750 | GM14: =SUM(EZ14+FE14) -> 0
A15: 11 | B15: ='Finance Only'!G18 -> 0 | C15: =D14 -> 27112494 | D15: 27115596 | E15: =MAX(0,D15-C15) -> 3102 | F15: =E15-E14 -> -183 | G15: =(E15/'Finance Only'!B18)*100 -> 13.61422 | H15: =I14 -> 25042751 | I15: 25046160 | J15: =MAX(0,I15-H15) -> 3409 | K15: =J15-J14 -> 28 | L15: =(J15/'Finance Only'!B18)*100 -> 14.961598 | M15: =N14 -> 92239294 | N15: 92250154 | O15: =MAX(0,N15-M15) -> 10860 | P15: =O15-O14 -> -618 | Q15: =(O15/'Finance Only'!B18)*100 -> 47.662936 | R15: =S14 -> 3095800 | S15: 3098000 | T15: =MAX(0,S15-R15) -> 2200 | U15: =T15-T14 -> -200 | V15: =(T15/'Finance Only'!B18)*100 -> 9.6554751 | W15: =X14 -> 4173132 | X15: 4175638 | Y15: =MAX(0,X15-W15) -> 2506 | Z15: =Y15-Y14 -> -178 | AA15: =(Y15/'Finance Only'!B18)*100 -> 10.998464 | AB15: =AC14 -> 2713400 | AC15: 2715300 | AD15: =MAX(0,AC15-AB15) -> 1900 | AE15: =AD15/WATER!V16 -> 5.9006211 | AF15: =AD15-AD14 -> 100 | AG15: =(AD15/'Finance Only'!B18)*100 -> 8.3388194 | AH15: =AI14 -> 1095248 | AI15: 1095728 | AJ15: =MAX(0,AI15-AH15) -> 480 | AK15: =AJ15-AJ14 -> 15 | AL15: =(AJ15/'Finance Only'!B18)*100 -> 2.1066491 | AM15: =AN14 -> 1105400 | AN15: 1106000 | AO15: =MAX(0,AN15-AM15) -> 600 | AP15: =AO15-AO14 -> -100 | AQ15: =(AO15/'Finance Only'!B18)*100 -> 2.6333114 | AR15: =AS14 -> 2472900 | AS15: 2474100 | AT15: =MAX(0,AS15-AR15) -> 1200 | AU15: =AT15-AT14 -> 300 | AV15: =(AT15/'Finance Only'!B18)*100 -> 5.2666228 | AW15: =AX14 -> 18058 | AX15: 18424 | AY15: =MAX(0,AX15-AW15) -> 366 | AZ15: =AY15-AY14 -> 5 | BA15: =(AY15/'Finance Only'!B18)*100 -> 1.6063199 | BB15: =BC14 -> 999570 | BC15: 999990 | BD15: =MAX(0,BC15-BB15) -> 420 | BE15: =BD15-BD14 -> -40 | BF15: =(BD15/'Finance Only'!B18)*100 -> 1.843318 | BG15: =BH14 -> 1075700 | BH15: 1076000 | BI15: =MAX(0,BH15-BG15) -> 300 | BJ15: =BI15-BI14 -> 0 | BK15: =(BI15/'Finance Only'!B18)*100 -> 1.3166557 | BL15: =BM14 -> 1597500 | BM15: 1598100 | BN15: =MAX(0,BM15-BL15) -> 600 | BO15: =BN15-BN14 -> 0 | BP15: =(BN15/'Finance Only'!B18)*100 -> 2.6333114 | BQ15: =BR14 -> 137850 | BR15: 137990 | BS15: =MAX(0,BR15-BQ15) -> 140 | BT15: =BS15-BS14 -> -10 | BU15: =(BS15/'Finance Only'!B18)*100 -> 0.61443932 | BV15: =BW14 -> 585640 | BW15: 586040 | BX15: =MAX(0,BW15-BV15) -> 400 | BY15: =BX15-BX14 -> -40 | BZ15: =(BX15/'Finance Only'!B18)*100 -> 1.7555409 | CA15: =CB14 -> 1091700 | CB15: 1092800 | CC15: =MAX(0,CB15-CA15) -> 1100 | CD15: =CC15-CC14 -> -100 | CE15: =(CC15/'Finance Only'!B18)*100 -> 4.8277375 | CF15: =CG14 -> 357000 | CG15: 357510 | CH15: =MAX(0,CG15-CF15) -> 510 | CI15: =CH15-CH14 -> 60 | CJ15: =(CH15/'Finance Only'!B18)*100 -> 2.2383147 | CK15: =CL14 -> 835270 | CL15: 836110 | CM15: =MAX(0,CL15-CK15) -> 840 | CN15: =CM15-CM14 -> -50 | CO15: =(CM15/'Finance Only'!B18)*100 -> 3.6866359 | CP15: =CQ14 -> 692950 | CQ15: 693680 | CR15: =MAX(0,CQ15-CP15) -> 730 | CS15: =CR15-CR14 -> -20 | CT15: =(CR15/'Finance Only'!B18)*100 -> 3.2038622 | CU15: =CV14 -> 573750 | CV15: 574230 | CW15: =MAX(0,CV15-CU15) -> 480 | CX15: =CW15-CW14 -> 20 | CY15: =(CW15/'Finance Only'!B18)*100 -> 2.1066491 | CZ15: =DA14 -> 960130 | DA15: 960980 | DB15: =MAX(0,DA15-CZ15) -> 850 | DC15: =DB15-DB14 -> 20 | DD15: =(DB15/'Finance Only'!B18)*100 -> 3.7305245 | DE15: =DF14 -> 736140 | DF15: 736780 | DG15: =MAX(0,DF15-DE15) -> 640 | DH15: =DG15-DG14 -> -30 | DI15: =(DG15/'Finance Only'!B18)*100 -> 2.8088655 | DJ15: =DK14 -> 638700 | DK15: 639360 | DL15: =MAX(0,DK15-DJ15) -> 660 | DM15: =DL15-DL14 -> 450 | DN15: =(DL15/'Finance Only'!B18)*100 -> 2.8966425 | DO15: =DP14 -> 347460 | DP15: 347720 | DQ15: =MAX(0,DP15-DO15) -> 260 | DR15: =DQ15-DQ14 -> -20 | DS15: =(DQ15/'Finance Only'!B18)*100 -> 1.1411016 | DT15: =DU14 -> 113920 | DU15: 114050 | DV15: =MAX(0,DU15-DT15) -> 130 | DW15: =DV15-DV14 -> 40 | DX15: =(DV15/'Finance Only'!B18)*100 -> 0.5705508 | DY15: =DZ14 -> 730810 | DZ15: 731560 | EA15: =MAX(0,DZ15-DY15) -> 750 | EB15: =EA15-EA14 -> -10 | EC15: =(EA15/'Finance Only'!B18)*100 -> 3.2916392 | ED15: =EE14 -> 232990 | EE15: 233240 | EF15: =MAX(0,EE15-ED15) -> 250 | EG15: =EF15-EF14 -> 10 | EH15: =(EF15/'Finance Only'!B18)*100 -> 1.0972131 | EI15: =EJ14 -> 262680 | EJ15: 263020 | EK15: =MAX(0,EJ15-EI15) -> 340 | EL15: =EK15-EK14 -> -20 | EM15: =(EK15/'Finance Only'!B18)*100 -> 1.4922098 | EN15: =EO14 -> 431920 | EO15: 432400 | EP15: =MAX(0,EO15-EN15) -> 480 | EQ15: =EP15-EP14 -> -10 | ER15: =(EP15/'Finance Only'!B18)*100 -> 2.1066491 | ES15: =ET14 -> 0 | EU15: =MAX(0,ET15-ES15) -> 0 | EV15: =EU15-EU14 -> 0 | EW15: =(EU15/'Finance Only'!B18)*100 -> 0 | EX15: =EY14 -> 0 | EZ15: =MAX(0,EY15-EX15) -> 0 | FA15: =EZ15-EZ14 -> 0 | FB15: =(EZ15/'Finance Only'!G18)*100 -> #DIV/0! | FC15: =FD14 -> 0 | FE15: =MAX(0,FD15-FC15) -> 0 | FF15: =FE15-FE14 -> 0 | FG15: =(FE15/'Finance Only'!M18)*100 -> #DIV/0! | FM15: =FN14 -> 0 | FO15: =MAX(0,FN15-FM15) -> 0 | FP15: =FO15-FO14 -> 0 | FQ15: =(FO15/'Finance Only'!R18)*100 -> #DIV/0! | FR15: =FS14 -> 0 | FT15: =MAX(0,FS15-FR15) -> 0 | FU15: =FT15-FT14 -> 0 | FV15: =(FT15/'Finance Only'!W18)*100 -> #DIV/0! | FW15: =FX14 -> 0 | FY15: =MAX(0,FX15-FW15) -> 0 | FZ15: =FY15-FY14 -> 0 | GA15: =(FY15/'Finance Only'!AB18)*100 -> #DIV/0! | GC15: =SUM(E15+J15) -> 6511 | GE15: =SUM(T15+Y15+EA15+EF15+EK15+EP15) -> 6526 | GG15: =SUM(AO15+AT15) -> 1800 | GI15: =SUM(AY15+BD15+BI15) -> 1086 | GK15: =SUM(BN15+BS15+EU15) -> 740 | GM15: =SUM(EZ15+FE15) -> 0
A16: 12 | B16: ='Finance Only'!G19 -> 0 | C16: =D15 -> 27115596 | D16: 27118505 | E16: =MAX(0,D16-C16) -> 2909 | F16: =E16-E15 -> -193 | G16: =(E16/'Finance Only'!B19)*100 -> 13.930658 | H16: =I15 -> 25046160 | I16: 25049172 | J16: =MAX(0,I16-H16) -> 3012 | K16: =J16-J15 -> -397 | L16: =(J16/'Finance Only'!B19)*100 -> 14.423906 | M16: =N15 -> 92250154 | N16: 92260396 | O16: =MAX(0,N16-M16) -> 10242 | P16: =O16-O15 -> -618 | Q16: =(O16/'Finance Only'!B19)*100 -> 49.047026 | R16: =S15 -> 3098000 | S16: 3100200 | T16: =MAX(0,S16-R16) -> 2200 | U16: =T16-T15 -> 0 | V16: =(T16/'Finance Only'!B19)*100 -> 10.535389 | W16: =X15 -> 4175638 | X16: 4178112 | Y16: =MAX(0,X16-W16) -> 2474 | Z16: =Y16-Y15 -> -32 | AA16: =(Y16/'Finance Only'!B19)*100 -> 11.847524 | AB16: =AC15 -> 2715300 | AC16: 2717000 | AD16: =MAX(0,AC16-AB16) -> 1700 | AE16: =AD16/WATER!V17 -> 5.3459119 | AF16: =AD16-AD15 -> -200 | AG16: =(AD16/'Finance Only'!B19)*100 -> 8.1409827 | AH16: =AI15 -> 1095728 | AI16: 1096174 | AJ16: =MAX(0,AI16-AH16) -> 446 | AK16: =AJ16-AJ15 -> -34 | AL16: =(AJ16/'Finance Only'!B19)*100 -> 2.1358107 | AM16: =AN15 -> 1106000 | AN16: 1106700 | AO16: =MAX(0,AN16-AM16) -> 700 | AP16: =AO16-AO15 -> 100 | AQ16: =(AO16/'Finance Only'!B19)*100 -> 3.3521693 | AR16: =AS15 -> 2474100 | AS16: 2474800 | AT16: =MAX(0,AS16-AR16) -> 700 | AU16: =AT16-AT15 -> -500 | AV16: =(AT16/'Finance Only'!B19)*100 -> 3.3521693 | AW16: =AX15 -> 18424 | AX16: 18749 | AY16: =MAX(0,AX16-AW16) -> 325 | AZ16: =AY16-AY15 -> -41 | BA16: =(AY16/'Finance Only'!B19)*100 -> 1.5563643 | BB16: =BC15 -> 999990 | BC16: 1000300 | BD16: =MAX(0,BC16-BB16) -> 310 | BE16: =BD16-BD15 -> -110 | BF16: =(BD16/'Finance Only'!B19)*100 -> 1.4845321 | BG16: =BH15 -> 1076000 | BH16: 1076300 | BI16: =MAX(0,BH16-BG16) -> 300 | BJ16: =BI16-BI15 -> 0 | BK16: =(BI16/'Finance Only'!B19)*100 -> 1.436644 | BL16: =BM15 -> 1598100 | BM16: 1598600 | BN16: =MAX(0,BM16-BL16) -> 500 | BO16: =BN16-BN15 -> -100 | BP16: =(BN16/'Finance Only'!B19)*100 -> 2.3944067 | BQ16: =BR15 -> 137990 | BR16: 138130 | BS16: =MAX(0,BR16-BQ16) -> 140 | BT16: =BS16-BS15 -> 0 | BU16: =(BS16/'Finance Only'!B19)*100 -> 0.67043387 | BV16: =BW15 -> 586040 | BW16: 586430 | BX16: =MAX(0,BW16-BV16) -> 390 | BY16: =BX16-BX15 -> -10 | BZ16: =(BX16/'Finance Only'!B19)*100 -> 1.8676372 | CA16: =CB15 -> 1092800 | CB16: 1093900 | CC16: =MAX(0,CB16-CA16) -> 1100 | CD16: =CC16-CC15 -> 0 | CE16: =(CC16/'Finance Only'!B19)*100 -> 5.2676947 | CF16: =CG15 -> 357510 | CG16: 357890 | CH16: =MAX(0,CG16-CF16) -> 380 | CI16: =CH16-CH15 -> -130 | CJ16: =(CH16/'Finance Only'!B19)*100 -> 1.8197491 | CK16: =CL15 -> 836110 | CL16: 836900 | CM16: =MAX(0,CL16-CK16) -> 790 | CN16: =CM16-CM15 -> -50 | CO16: =(CM16/'Finance Only'!B19)*100 -> 3.7831625 | CP16: =CQ15 -> 693680 | CQ16: 694240 | CR16: =MAX(0,CQ16-CP16) -> 560 | CS16: =CR16-CR15 -> -170 | CT16: =(CR16/'Finance Only'!B19)*100 -> 2.6817355 | CU16: =CV15 -> 574230 | CV16: 574650 | CW16: =MAX(0,CV16-CU16) -> 420 | CX16: =CW16-CW15 -> -60 | CY16: =(CW16/'Finance Only'!B19)*100 -> 2.0113016 | CZ16: =DA15 -> 960980 | DA16: 961780 | DB16: =MAX(0,DA16-CZ16) -> 800 | DC16: =DB16-DB15 -> -50 | DD16: =(DB16/'Finance Only'!B19)*100 -> 3.8310507 | DE16: =DF15 -> 736780 | DF16: 737230 | DG16: =MAX(0,DF16-DE16) -> 450 | DH16: =DG16-DG15 -> -190 | DI16: =(DG16/'Finance Only'!B19)*100 -> 2.154966 | DJ16: =DK15 -> 639360 | DK16: 639790 | DL16: =MAX(0,DK16-DJ16) -> 430 | DM16: =DL16-DL15 -> -230 | DN16: =(DL16/'Finance Only'!B19)*100 -> 2.0591897 | DO16: =DP15 -> 347720 | DP16: 347980 | DQ16: =MAX(0,DP16-DO16) -> 260 | DR16: =DQ16-DQ15 -> 0 | DS16: =(DQ16/'Finance Only'!B19)*100 -> 1.2450915 | DT16: =DU15 -> 114050 | DU16: 114170 | DV16: =MAX(0,DU16-DT16) -> 120 | DW16: =DV16-DV15 -> -10 | DX16: =(DV16/'Finance Only'!B19)*100 -> 0.5746576 | DY16: =DZ15 -> 731560 | DZ16: 732310 | EA16: =MAX(0,DZ16-DY16) -> 750 | EB16: =EA16-EA15 -> 0 | EC16: =(EA16/'Finance Only'!B19)*100 -> 3.59161 | ED16: =EE15 -> 233240 | EE16: 233500 | EF16: =MAX(0,EE16-ED16) -> 260 | EG16: =EF16-EF15 -> 10 | EH16: =(EF16/'Finance Only'!B19)*100 -> 1.2450915 | EI16: =EJ15 -> 263020 | EJ16: 263390 | EK16: =MAX(0,EJ16-EI16) -> 370 | EL16: =EK16-EK15 -> 30 | EM16: =(EK16/'Finance Only'!B19)*100 -> 1.7718609 | EN16: =EO15 -> 432400 | EO16: 432840 | EP16: =MAX(0,EO16-EN16) -> 440 | EQ16: =EP16-EP15 -> -40 | ER16: =(EP16/'Finance Only'!B19)*100 -> 2.1070779 | ES16: =ET15 -> 0 | EU16: =MAX(0,ET16-ES16) -> 0 | EV16: =EU16-EU15 -> 0 | EW16: =(EU16/'Finance Only'!B19)*100 -> 0 | EX16: =EY15 -> 0 | EZ16: =MAX(0,EY16-EX16) -> 0 | FA16: =EZ16-EZ15 -> 0 | FB16: =(EZ16/'Finance Only'!G19)*100 -> #DIV/0! | FC16: =FD15 -> 0 | FE16: =MAX(0,FD16-FC16) -> 0 | FF16: =FE16-FE15 -> 0 | FG16: =(FE16/'Finance Only'!M19)*100 -> #DIV/0! | FM16: =FN15 -> 0 | FO16: =MAX(0,FN16-FM16) -> 0 | FP16: =FO16-FO15 -> 0 | FQ16: =(FO16/'Finance Only'!R19)*100 -> #DIV/0! | FR16: =FS15 -> 0 | FT16: =MAX(0,FS16-FR16) -> 0 | FU16: =FT16-FT15 -> 0 | FV16: =(FT16/'Finance Only'!W19)*100 -> #DIV/0! | FW16: =FX15 -> 0 | FY16: =MAX(0,FX16-FW16) -> 0 | FZ16: =FY16-FY15 -> 0 | GA16: =(FY16/'Finance Only'!AB19)*100 -> #DIV/0! | GC16: =SUM(E16+J16) -> 5921 | GE16: =SUM(T16+Y16+EA16+EF16+EK16+EP16) -> 6494 | GG16: =SUM(AO16+AT16) -> 1400 | GI16: =SUM(AY16+BD16+BI16) -> 935 | GK16: =SUM(BN16+BS16+EU16) -> 640 | GM16: =SUM(EZ16+FE16) -> 0
A17: 13 | B17: ='Finance Only'!G20 -> 0 | C17: =D16 -> 27118505 | D17: 27121390 | E17: =MAX(0,D17-C17) -> 2885 | F17: =E17-E16 -> -24 | G17: =(E17/'Finance Only'!B20)*100 -> 12.949996 | H17: =I16 -> 25049172 | I17: 25052003 | J17: =MAX(0,I17-H17) -> 2831 | K17: =J17-J16 -> -181 | L17: =(J17/'Finance Only'!B20)*100 -> 12.707604 | M17: =N16 -> 92260396 | N17: 92271695 | O17: =MAX(0,N17-M17) -> 11299 | P17: =O17-O16 -> 1057 | Q17: =(O17/'Finance Only'!B20)*100 -> 50.718197 | R17: =S16 -> 3100200 | S17: 3102300 | T17: =MAX(0,S17-R17) -> 2100 | U17: =T17-T16 -> -100 | V17: =(T17/'Finance Only'!B20)*100 -> 9.4263399 | W17: =X16 -> 4178112 | X17: 4180547 | Y17: =MAX(0,X17-W17) -> 2435 | Z17: =Y17-Y16 -> -39 | AA17: =(Y17/'Finance Only'!B20)*100 -> 10.930066 | AB17: =AC16 -> 2717000 | AC17: 2718400 | AD17: =MAX(0,AC17-AB17) -> 1400 | AE17: =AD17/WATER!V18 -> 4.516129 | AF17: =AD17-AD16 -> -300 | AG17: =(AD17/'Finance Only'!B20)*100 -> 6.2842266 | AH17: =AI16 -> 1096174 | AI17: 1096695 | AJ17: =MAX(0,AI17-AH17) -> 521 | AK17: =AJ17-AJ16 -> 75 | AL17: =(AJ17/'Finance Only'!B20)*100 -> 2.33863 | AM17: =AN16 -> 1106700 | AN17: 1107300 | AO17: =MAX(0,AN17-AM17) -> 600 | AP17: =AO17-AO16 -> -100 | AQ17: =(AO17/'Finance Only'!B20)*100 -> 2.69324 | AR17: =AS16 -> 2474800 | AS17: 2476300 | AT17: =MAX(0,AS17-AR17) -> 1500 | AU17: =AT17-AT16 -> 800 | AV17: =(AT17/'Finance Only'!B20)*100 -> 6.7330999 | AW17: =AX16 -> 18749 | AX17: 19079 | AY17: =MAX(0,AX17-AW17) -> 330 | AZ17: =AY17-AY16 -> 5 | BA17: =(AY17/'Finance Only'!B20)*100 -> 1.481282 | BB17: =BC16 -> 1000300 | BC17: 1000800 | BD17: =MAX(0,BC17-BB17) -> 500 | BE17: =BD17-BD16 -> 190 | BF17: =(BD17/'Finance Only'!B20)*100 -> 2.2443666 | BG17: =BH16 -> 1076300 | BH17: 1076600 | BI17: =MAX(0,BH17-BG17) -> 300 | BJ17: =BI17-BI16 -> 0 | BK17: =(BI17/'Finance Only'!B20)*100 -> 1.34662 | BL17: =BM16 -> 1598600 | BM17: 1599200 | BN17: =MAX(0,BM17-BL17) -> 600 | BO17: =BN17-BN16 -> 100 | BP17: =(BN17/'Finance Only'!B20)*100 -> 2.69324 | BQ17: =BR16 -> 138130 | BR17: 138290 | BS17: =MAX(0,BR17-BQ17) -> 160 | BT17: =BS17-BS16 -> 20 | BU17: =(BS17/'Finance Only'!B20)*100 -> 0.71819732 | BV17: =BW16 -> 586430 | BW17: 586970 | BX17: =MAX(0,BW17-BV17) -> 540 | BY17: =BX17-BX16 -> 150 | BZ17: =(BX17/'Finance Only'!B20)*100 -> 2.423916 | CA17: =CB16 -> 1093900 | CB17: 1095000 | CC17: =MAX(0,CB17-CA17) -> 1100 | CD17: =CC17-CC16 -> 0 | CE17: =(CC17/'Finance Only'!B20)*100 -> 4.9376066 | CF17: =CG16 -> 357890 | CG17: 358260 | CH17: =MAX(0,CG17-CF17) -> 370 | CI17: =CH17-CH16 -> -10 | CJ17: =(CH17/'Finance Only'!B20)*100 -> 1.6608313 | CK17: =CL16 -> 836900 | CL17: 837620 | CM17: =MAX(0,CL17-CK17) -> 720 | CN17: =CM17-CM16 -> -70 | CO17: =(CM17/'Finance Only'!B20)*100 -> 3.231888 | CP17: =CQ16 -> 694240 | CQ17: 694690 | CR17: =MAX(0,CQ17-CP17) -> 450 | CS17: =CR17-CR16 -> -110 | CT17: =(CR17/'Finance Only'!B20)*100 -> 2.01993 | CU17: =CV16 -> 574650 | CV17: 575040 | CW17: =MAX(0,CV17-CU17) -> 390 | CX17: =CW17-CW16 -> -30 | CY17: =(CW17/'Finance Only'!B20)*100 -> 1.750606 | CZ17: =DA16 -> 961780 | DA17: 962450 | DB17: =MAX(0,DA17-CZ17) -> 670 | DC17: =DB17-DB16 -> -130 | DD17: =(DB17/'Finance Only'!B20)*100 -> 3.0074513 | DE17: =DF16 -> 737230 | DF17: 737680 | DG17: =MAX(0,DF17-DE17) -> 450 | DH17: =DG17-DG16 -> 0 | DI17: =(DG17/'Finance Only'!B20)*100 -> 2.01993 | DJ17: =DK16 -> 639790 | DK17: 640170 | DL17: =MAX(0,DK17-DJ17) -> 380 | DM17: =DL17-DL16 -> -50 | DN17: =(DL17/'Finance Only'!B20)*100 -> 1.7057186 | DO17: =DP16 -> 347980 | DP17: 348230 | DQ17: =MAX(0,DP17-DO17) -> 250 | DR17: =DQ17-DQ16 -> -10 | DS17: =(DQ17/'Finance Only'!B20)*100 -> 1.1221833 | DT17: =DU16 -> 114170 | DU17: 114290 | DV17: =MAX(0,DU17-DT17) -> 120 | DW17: =DV17-DV16 -> 0 | DX17: =(DV17/'Finance Only'!B20)*100 -> 0.53864799 | DY17: =DZ16 -> 732310 | DZ17: 733120 | EA17: =MAX(0,DZ17-DY17) -> 810 | EB17: =EA17-EA16 -> 60 | EC17: =(EA17/'Finance Only'!B20)*100 -> 3.635874 | ED17: =EE16 -> 233500 | EE17: 233740 | EF17: =MAX(0,EE17-ED17) -> 240 | EG17: =EF17-EF16 -> -20 | EH17: =(EF17/'Finance Only'!B20)*100 -> 1.077296 | EI17: =EJ16 -> 263390 | EJ17: 263760 | EK17: =MAX(0,EJ17-EI17) -> 370 | EL17: =EK17-EK16 -> 0 | EM17: =(EK17/'Finance Only'!B20)*100 -> 1.6608313 | EN17: =EO16 -> 432840 | EO17: 433300 | EP17: =MAX(0,EO17-EN17) -> 460 | EQ17: =EP17-EP16 -> 20 | ER17: =(EP17/'Finance Only'!B20)*100 -> 2.0648173 | ES17: =ET16 -> 0 | EU17: =MAX(0,ET17-ES17) -> 0 | EV17: =EU17-EU16 -> 0 | EW17: =(EU17/'Finance Only'!B20)*100 -> 0 | EX17: =EY16 -> 0 | EZ17: =MAX(0,EY17-EX17) -> 0 | FA17: =EZ17-EZ16 -> 0 | FB17: =(EZ17/'Finance Only'!G20)*100 -> #DIV/0! | FC17: =FD16 -> 0 | FE17: =MAX(0,FD17-FC17) -> 0 | FF17: =FE17-FE16 -> 0 | FG17: =(FE17/'Finance Only'!M20)*100 -> #DIV/0! | FM17: =FN16 -> 0 | FO17: =MAX(0,FN17-FM17) -> 0 | FP17: =FO17-FO16 -> 0 | FQ17: =(FO17/'Finance Only'!R20)*100 -> #DIV/0! | FR17: =FS16 -> 0 | FT17: =MAX(0,FS17-FR17) -> 0 | FU17: =FT17-FT16 -> 0 | FV17: =(FT17/'Finance Only'!W20)*100 -> #DIV/0! | FW17: =FX16 -> 0 | FY17: =MAX(0,FX17-FW17) -> 0 | FZ17: =FY17-FY16 -> 0 | GA17: =(FY17/'Finance Only'!AB20)*100 -> #DIV/0! | GC17: =SUM(E17+J17) -> 5716 | GE17: =SUM(T17+Y17+EA17+EF17+EK17+EP17) -> 6415 | GG17: =SUM(AO17+AT17) -> 2100 | GI17: =SUM(AY17+BD17+BI17) -> 1130 | GK17: =SUM(BN17+BS17+EU17) -> 760 | GM17: =SUM(EZ17+FE17) -> 0
... A25: 21 | B25: ='Finance Only'!G28 -> 7390 | C25: =D24 -> 27143251 | D25: 27146544 | E25: =MAX(0,D25-C25) -> 3293 | F25: =E25-E24 -> 286 | G25: =(E25/'Finance Only'!B28)*100 -> 13.993711 | H25: =I24 -> 25074315 | I25: 25077631 | J25: =MAX(0,I25-H25) -> 3316 | K25: =J25-J24 -> -91 | L25: =(J25/'Finance Only'!B28)*100 -> 14.09145 | M25: =N24 -> 92346302 | N25: 92357464 | O25: =MAX(0,N25-M25) -> 11162 | P25: =O25-O24 -> 240 | Q25: =(O25/'Finance Only'!B28)*100 -> 47.433282 | R25: =S24 -> 3118300 | S25: 3120700 | T25: =MAX(0,S25-R25) -> 2400 | U25: =T25-T24 -> -100 | V25: =(T25/'Finance Only'!B28)*100 -> 10.198878 | W25: =X24 -> 4199094 | X25: 4201722 | Y25: =MAX(0,X25-W25) -> 2628 | Z25: =Y25-Y24 -> -41 | AA25: =(Y25/'Finance Only'!B28)*100 -> 11.167772 | AB25: =AC24 -> 2729800 | AC25: 2731700 | AD25: =MAX(0,AC25-AB25) -> 1900 | AE25: =AD25/WATER!V26 -> 5.7926829 | AF25: =AD25-AD24 -> 300 | AG25: =(AD25/'Finance Only'!B28)*100 -> 8.0741118 | AH25: =AI24 -> 1099919 | AI25: 1100410 | AJ25: =MAX(0,AI25-AH25) -> 491 | AK25: =AJ25-AJ24 -> 64 | AL25: =(AJ25/'Finance Only'!B28)*100 -> 2.0865205 | AM25: =AN24 -> 1112100 | AN25: 1112800 | AO25: =MAX(0,AN25-AM25) -> 700 | AP25: =AO25-AO24 -> 0 | AQ25: =(AO25/'Finance Only'!B28)*100 -> 2.9746728 | AR25: =AS24 -> 2483600 | AS25: 2485300 | AT25: =MAX(0,AS25-AR25) -> 1700 | AU25: =AT25-AT24 -> 800 | AV25: =(AT25/'Finance Only'!B28)*100 -> 7.2242053 | AW25: =AX24 -> 21450 | AX25: 21798 | AY25: =MAX(0,AX25-AW25) -> 348 | AZ25: =AY25-AY24 -> 4 | BA25: =(AY25/'Finance Only'!B28)*100 -> 1.4788373 | BB25: =BC24 -> 1003600 | BC25: 1004000 | BD25: =MAX(0,BC25-BB25) -> 400 | BE25: =BD25-BD24 -> 0 | BF25: =(BD25/'Finance Only'!B28)*100 -> 1.699813 | BG25: =BH24 -> 1078400 | BH25: 1078700 | BI25: =MAX(0,BH25-BG25) -> 300 | BJ25: =BI25-BI24 -> 100 | BK25: =(BI25/'Finance Only'!B28)*100 -> 1.2748598 | BL25: =BM24 -> 1602800 | BM25: 1603300 | BN25: =MAX(0,BM25-BL25) -> 500 | BO25: =BN25-BN24 -> 0 | BP25: =(BN25/'Finance Only'!B28)*100 -> 2.1247663 | BQ25: =BR24 -> 139240 | BR25: 139400 | BS25: =MAX(0,BR25-BQ25) -> 160 | BT25: =BS25-BS24 -> -10 | BU25: =(BS25/'Finance Only'!B28)*100 -> 0.67992521 | BV25: =BW24 -> 590070 | BW25: 590550 | BX25: =MAX(0,BW25-BV25) -> 480 | BY25: =BX25-BX24 -> 10 | BZ25: =(BX25/'Finance Only'!B28)*100 -> 2.0397756 | CA25: =CB24 -> 1102800 | CB25: 1103900 | CC25: =MAX(0,CB25-CA25) -> 1100 | CD25: =CC25-CC24 -> 0 | CE25: =(CC25/'Finance Only'!B28)*100 -> 4.6744858 | CF25: =CG24 -> 361380 | CG25: 361790 | CH25: =MAX(0,CG25-CF25) -> 410 | CI25: =CH25-CH24 -> -30 | CJ25: =(CH25/'Finance Only'!B28)*100 -> 1.7423083 | CK25: =CL24 -> 842680 | CL25: 844120 | CM25: =MAX(0,CL25-CK25) -> 1440 | CN25: =CM25-CM24 -> 810 | CO25: =(CM25/'Finance Only'!B28)*100 -> 6.1193269 | CP25: =CQ24 -> 698470 | CQ25: 699870 | CR25: =MAX(0,CQ25-CP25) -> 1400 | CS25: =CR25-CR24 -> 800 | CT25: =(CR25/'Finance Only'!B28)*100 -> 5.9493456 | CU25: =CV24 -> 578240 | CV25: 579450 | CW25: =MAX(0,CV25-CU25) -> 1210 | CX25: =CW25-CW24 -> 640 | CY25: =(CW25/'Finance Only'!B28)*100 -> 5.1419344 | CZ25: =DA24 -> 968360 | DA25: 969960 | DB25: =MAX(0,DA25-CZ25) -> 1600 | DC25: =DB25-DB24 -> 700 | DD25: =(DB25/'Finance Only'!B28)*100 -> 6.7992521 | DE25: =DF24 -> 741960 | DF25: 743270 | DG25: =MAX(0,DF25-DE25) -> 1310 | DH25: =DG25-DG24 -> 650 | DI25: =(DG25/'Finance Only'!B28)*100 -> 5.5668876 | DJ25: =DK24 -> 643230 | DK25: 644080 | DL25: =MAX(0,DK25-DJ25) -> 850 | DM25: =DL25-DL24 -> 280 | DN25: =(DL25/'Finance Only'!B28)*100 -> 3.6121027 | DO25: =DP24 -> 350100 | DP25: 350650 | DQ25: =MAX(0,DP25-DO25) -> 550 | DR25: =DQ25-DQ24 -> 280 | DS25: =(DQ25/'Finance Only'!B28)*100 -> 2.3372429 | DT25: =DU24 -> 115150 | DU25: 115390 | DV25: =MAX(0,DU25-DT25) -> 240 | DW25: =DV25-DV24 -> 120 | DX25: =(DV25/'Finance Only'!B28)*100 -> 1.0198878 | DY25: =DZ24 -> 738340 | DZ25: 745900 | EA25: =MAX(0,DZ25-DY25) -> 7560 | EB25: =EA25-EA24 -> 6850 | EC25: =(EA25/'Finance Only'!B28)*100 -> 32.126466 | ED25: =EE24 -> 235480 | EE25: 236010 | EF25: =MAX(0,EE25-ED25) -> 530 | EG25: =EF25-EF24 -> 260 | EH25: =(EF25/'Finance Only'!B28)*100 -> 2.2522523 | EI25: =EJ24 -> 266090 | EJ25: 266800 | EK25: =MAX(0,EJ25-EI25) -> 710 | EL25: =EK25-EK24 -> 340 | EM25: =(EK25/'Finance Only'!B28)*100 -> 3.0171681 | EN25: =EO24 -> 436680 | EO25: 437000 | EP25: =MAX(0,EO25-EN25) -> 320 | EQ25: =EP25-EP24 -> -200 | ER25: =(EP25/'Finance Only'!B28)*100 -> 1.3598504 | ES25: =ET24 -> 0 | EU25: =MAX(0,ET25-ES25) -> 0 | EV25: =EU25-EU24 -> 0 | EW25: =(EU25/'Finance Only'!B28)*100 -> 0 | EX25: =EY24 -> 0 | EZ25: =MAX(0,EY25-EX25) -> 0 | FA25: =EZ25-EZ24 -> 0 | FB25: =(EZ25/'Finance Only'!G28)*100 -> 0 | FC25: =FD24 -> 0 | FE25: =MAX(0,FD25-FC25) -> 0 | FF25: =FE25-FE24 -> 0 | FG25: =(FE25/'Finance Only'!M28)*100 -> #DIV/0! | FM25: =FN24 -> 0 | FO25: =MAX(0,FN25-FM25) -> 0 | FP25: =FO25-FO24 -> 0 | FQ25: =(FO25/'Finance Only'!R28)*100 -> #DIV/0! | FR25: =FS24 -> 0 | FT25: =MAX(0,FS25-FR25) -> 0 | FU25: =FT25-FT24 -> 0 | FV25: =(FT25/'Finance Only'!W28)*100 -> #DIV/0! | FW25: =FX24 -> 0 | FY25: =MAX(0,FX25-FW25) -> 0 | FZ25: =FY25-FY24 -> 0 | GA25: =(FY25/'Finance Only'!AB28)*100 -> #DIV/0! | GC25: =SUM(E25+J25) -> 6609 | GE25: =SUM(T25+Y25+EA25+EF25+EK25+EP25) -> 14148 | GG25: =SUM(AO25+AT25) -> 2400 | GI25: =SUM(AY25+BD25+BI25) -> 1048 | GK25: =SUM(BN25+BS25+EU25) -> 660 | GM25: =SUM(EZ25+FE25) -> 0
A26: 22 | B26: ='Finance Only'!G29 -> 7031 | C26: =D25 -> 27146544 | D26: 27149983 | E26: =MAX(0,D26-C26) -> 3439 | F26: =E26-E25 -> 146 | G26: =(E26/'Finance Only'!B29)*100 -> 14.315448 | H26: =I25 -> 25077631 | I26: 25081400 | J26: =MAX(0,I26-H26) -> 3769 | K26: =J26-J25 -> 453 | L26: =(J26/'Finance Only'!B29)*100 -> 15.689131 | M26: =N25 -> 92357464 | N26: 92368496 | O26: =MAX(0,N26-M26) -> 11032 | P26: =O26-O25 -> -130 | Q26: =(O26/'Finance Only'!B29)*100 -> 45.922657 | R26: =S25 -> 3120700 | S26: 3123100 | T26: =MAX(0,S26-R26) -> 2400 | U26: =T26-T25 -> 0 | V26: =(T26/'Finance Only'!B29)*100 -> 9.9904258 | W26: =X25 -> 4201722 | X26: 4204408 | Y26: =MAX(0,X26-W26) -> 2686 | Z26: =Y26-Y25 -> 58 | AA26: =(Y26/'Finance Only'!B29)*100 -> 11.180952 | AB26: =AC25 -> 2731700 | AC26: 2733600 | AD26: =MAX(0,AC26-AB26) -> 1900 | AE26: =AD26/WATER!V27 -> 5.3672316 | AF26: =AD26-AD25 -> 0 | AG26: =(AD26/'Finance Only'!B29)*100 -> 7.9090871 | AH26: =AI25 -> 1100410 | AI26: 1100861 | AJ26: =MAX(0,AI26-AH26) -> 451 | AK26: =AJ26-AJ25 -> -40 | AL26: =(AJ26/'Finance Only'!B29)*100 -> 1.8773675 | AM26: =AN25 -> 1112800 | AN26: 1113400 | AO26: =MAX(0,AN26-AM26) -> 600 | AP26: =AO26-AO25 -> -100 | AQ26: =(AO26/'Finance Only'!B29)*100 -> 2.4976065 | AR26: =AS25 -> 2485300 | AS26: 2487000 | AT26: =MAX(0,AS26-AR26) -> 1700 | AU26: =AT26-AT25 -> 0 | AV26: =(AT26/'Finance Only'!B29)*100 -> 7.0765516 | AW26: =AX25 -> 21798 | AX26: 22145 | AY26: =MAX(0,AX26-AW26) -> 347 | AZ26: =AY26-AY25 -> -1 | BA26: =(AY26/'Finance Only'!B29)*100 -> 1.4444491 | BB26: =BC25 -> 1004000 | BC26: 1004400 | BD26: =MAX(0,BC26-BB26) -> 400 | BE26: =BD26-BD25 -> 0 | BF26: =(BD26/'Finance Only'!B29)*100 -> 1.665071 | BG26: =BH25 -> 1078700 | BH26: 1078900 | BI26: =MAX(0,BH26-BG26) -> 200 | BJ26: =BI26-BI25 -> -100 | BK26: =(BI26/'Finance Only'!B29)*100 -> 0.83253549 | BL26: =BM25 -> 1603300 | BM26: 1603800 | BN26: =MAX(0,BM26-BL26) -> 500 | BO26: =BN26-BN25 -> 0 | BP26: =(BN26/'Finance Only'!B29)*100 -> 2.0813387 | BQ26: =BR25 -> 139400 | BR26: 139520 | BS26: =MAX(0,BR26-BQ26) -> 120 | BT26: =BS26-BS25 -> -40 | BU26: =(BS26/'Finance Only'!B29)*100 -> 0.49952129 | BV26: =BW25 -> 590550 | BW26: 591010 | BX26: =MAX(0,BW26-BV26) -> 460 | BY26: =BX26-BX25 -> -20 | BZ26: =(BX26/'Finance Only'!B29)*100 -> 1.9148316 | CA26: =CB25 -> 1103900 | CB26: 1105000 | CC26: =MAX(0,CB26-CA26) -> 1100 | CD26: =CC26-CC25 -> 0 | CE26: =(CC26/'Finance Only'!B29)*100 -> 4.5789452 | CF26: =CG25 -> 361790 | CG26: 362220 | CH26: =MAX(0,CG26-CF26) -> 430 | CI26: =CH26-CH25 -> 20 | CJ26: =(CH26/'Finance Only'!B29)*100 -> 1.7899513 | CK26: =CL25 -> 844120 | CL26: 84552 | CM26: =MAX(0,CL26-CK26) -> 0 | CN26: =CM26-CM25 -> -1440 | CO26: =(CM26/'Finance Only'!B29)*100 -> 0 | CP26: =CQ25 -> 699870 | CQ26: 700560 | CR26: =MAX(0,CQ26-CP26) -> 690 | CS26: =CR26-CR25 -> -710 | CT26: =(CR26/'Finance Only'!B29)*100 -> 2.8722474 | CU26: =CV25 -> 579450 | CV26: 580120 | CW26: =MAX(0,CV26-CU26) -> 670 | CX26: =CW26-CW25 -> -540 | CY26: =(CW26/'Finance Only'!B29)*100 -> 2.7889939 | CZ26: =DA25 -> 969960 | DA26: 971510 | DB26: =MAX(0,DA26-CZ26) -> 1550 | DC26: =DB26-DB25 -> -50 | DD26: =(DB26/'Finance Only'!B29)*100 -> 6.45215 | DE26: =DF25 -> 743270 | DF26: 743870 | DG26: =MAX(0,DF26-DE26) -> 600 | DH26: =DG26-DG25 -> -710 | DI26: =(DG26/'Finance Only'!B29)*100 -> 2.4976065 | DJ26: =DK25 -> 644080 | DK26: 644880 | DL26: =MAX(0,DK26-DJ26) -> 800 | DM26: =DL26-DL25 -> -50 | DN26: =(DL26/'Finance Only'!B29)*100 -> 3.3301419 | DO26: =DP25 -> 350650 | DP26: 350950 | DQ26: =MAX(0,DP26-DO26) -> 300 | DR26: =DQ26-DQ25 -> -250 | DS26: =(DQ26/'Finance Only'!B29)*100 -> 1.2488032 | DT26: =DU25 -> 115390 | DU26: 115510 | DV26: =MAX(0,DU26-DT26) -> 120 | DW26: =DV26-DV25 -> -120 | DX26: =(DV26/'Finance Only'!B29)*100 -> 0.49952129 | DY26: =DZ25 -> 745900 | DZ26: 741080 | EA26: =MAX(0,DZ26-DY26) -> 0 | EB26: =EA26-EA25 -> -7560 | EC26: =(EA26/'Finance Only'!B29)*100 -> 0 | ED26: =EE25 -> 236010 | EE26: 236310 | EF26: =MAX(0,EE26-ED26) -> 300 | EG26: 0 | EH26: =(EF26/'Finance Only'!B29)*100 -> 1.2488032 | EI26: =EJ25 -> 266800 | EJ26: 267050 | EK26: =MAX(0,EJ26-EI26) -> 250 | EL26: =EK26-EK25 -> -460 | EM26: =(EK26/'Finance Only'!B29)*100 -> 1.0406694 | EN26: =EO25 -> 437000 | EO26: 437590 | EP26: =MAX(0,EO26-EN26) -> 590 | EQ26: =EP26-EP25 -> 270 | ER26: =(EP26/'Finance Only'!B29)*100 -> 2.4559797 | ES26: =ET25 -> 0 | EU26: =MAX(0,ET26-ES26) -> 0 | EV26: =EU26-EU25 -> 0 | EW26: =(EU26/'Finance Only'!B29)*100 -> 0 | EX26: =EY25 -> 0 | EZ26: =MAX(0,EY26-EX26) -> 0 | FA26: =EZ26-EZ25 -> 0 | FB26: =(EZ26/'Finance Only'!G29)*100 -> 0 | FC26: =FD25 -> 0 | FE26: =MAX(0,FD26-FC26) -> 0 | FF26: =FE26-FE25 -> 0 | FG26: =(FE26/'Finance Only'!M29)*100 -> #DIV/0! | FM26: =FN25 -> 0 | FO26: =MAX(0,FN26-FM26) -> 0 | FP26: =FO26-FO25 -> 0 | FQ26: =(FO26/'Finance Only'!R29)*100 -> #DIV/0! | FR26: =FS25 -> 0 | FT26: =MAX(0,FS26-FR26) -> 0 | FU26: =FT26-FT25 -> 0 | FV26: =(FT26/'Finance Only'!W29)*100 -> #DIV/0! | FW26: =FX25 -> 0 | FY26: =MAX(0,FX26-FW26) -> 0 | FZ26: =FY26-FY25 -> 0 | GA26: =(FY26/'Finance Only'!AB29)*100 -> #DIV/0! | GC26: =SUM(E26+J26) -> 7208 | GE26: =SUM(T26+Y26+EA26+EF26+EK26+EP26) -> 6226 | GG26: =SUM(AO26+AT26) -> 2300 | GI26: =SUM(AY26+BD26+BI26) -> 947 | GK26: =SUM(BN26+BS26+EU26) -> 620 | GM26: =SUM(EZ26+FE26) -> 0
A27: 23 | B27: ='Finance Only'!G30 -> 7171 | C27: =D26 -> 27149983 | D27: 27153455 | E27: =MAX(0,D27-C27) -> 3472 | F27: =E27-E26 -> 33 | G27: =(E27/'Finance Only'!B30)*100 -> 13.851985 | H27: =I26 -> 25081400 | I27: 25085335 | J27: =MAX(0,I27-H27) -> 3935 | K27: =J27-J26 -> 166 | L27: =(J27/'Finance Only'!B30)*100 -> 15.699182 | M27: =N26 -> 92368496 | N27: 92380329 | O27: =MAX(0,N27-M27) -> 11833 | P27: =O27-O26 -> 801 | Q27: =(O27/'Finance Only'!B30)*100 -> 47.209256 | R27: =S26 -> 3123100 | S27: 3125600 | T27: =MAX(0,S27-R27) -> 2500 | U27: =T27-T26 -> 100 | V27: =(T27/'Finance Only'!B30)*100 -> 9.9740674 | W27: =X26 -> 4204408 | X27: 4207068 | Y27: =MAX(0,X27-W27) -> 2660 | Z27: =Y27-Y26 -> -26 | AA27: =(Y27/'Finance Only'!B30)*100 -> 10.612408 | AB27: =AC26 -> 2733600 | AC27: 2735600 | AD27: =MAX(0,AC27-AB27) -> 2000 | AE27: =AD27/WATER!V28 -> 7.2727273 | AF27: =AD27-AD26 -> 100 | AG27: =(AD27/'Finance Only'!B30)*100 -> 7.9792539 | AH27: =AI26 -> 1100861 | AI27: 1101331 | AJ27: =MAX(0,AI27-AH27) -> 470 | AK27: =AJ27-AJ26 -> 19 | AL27: =(AJ27/'Finance Only'!B30)*100 -> 1.8751247 | AM27: =AN26 -> 1113400 | AN27: 1114100 | AO27: =MAX(0,AN27-AM27) -> 700 | AP27: =AO27-AO26 -> 100 | AQ27: =(AO27/'Finance Only'!B30)*100 -> 2.7927389 | AR27: =AS26 -> 2487000 | AS27: 2488800 | AT27: =MAX(0,AS27-AR27) -> 1800 | AU27: =AT27-AT26 -> 100 | AV27: =(AT27/'Finance Only'!B30)*100 -> 7.1813285 | AW27: =AX26 -> 22145 | AX27: 22499 | AY27: =MAX(0,AX27-AW27) -> 354 | AZ27: =AY27-AY26 -> 7 | BA27: =(AY27/'Finance Only'!B30)*100 -> 1.4123279 | BB27: =BC26 -> 1004400 | BC27: 1004800 | BD27: =MAX(0,BC27-BB27) -> 400 | BE27: =BD27-BD26 -> 0 | BF27: =(BD27/'Finance Only'!B30)*100 -> 1.5958508 | BG27: =BH26 -> 1078900 | BH27: 1079200 | BI27: =MAX(0,BH27-BG27) -> 300 | BJ27: =BI27-BI26 -> 100 | BK27: =(BI27/'Finance Only'!B30)*100 -> 1.1968881 | BL27: =BM26 -> 1603800 | BM27: 1604400 | BN27: =MAX(0,BM27-BL27) -> 600 | BO27: =BN27-BN26 -> 100 | BP27: =(BN27/'Finance Only'!B30)*100 -> 2.3937762 | BQ27: =BR26 -> 139520 | BR27: 139660 | BS27: =MAX(0,BR27-BQ27) -> 140 | BT27: =BS27-BS26 -> 20 | BU27: =(BS27/'Finance Only'!B30)*100 -> 0.55854778 | BV27: =BW26 -> 591010 | BW27: 591430 | BX27: =MAX(0,BW27-BV27) -> 420 | BY27: =BX27-BX26 -> -40 | BZ27: =(BX27/'Finance Only'!B30)*100 -> 1.6756433 | CA27: =CB26 -> 1105000 | CB27: 1106200 | CC27: =MAX(0,CB27-CA27) -> 1200 | CD27: =CC27-CC26 -> 100 | CE27: =(CC27/'Finance Only'!B30)*100 -> 4.7875524 | CF27: =CG26 -> 362220 | CG27: 362730 | CH27: =MAX(0,CG27-CF27) -> 510 | CI27: =CH27-CH26 -> 80 | CJ27: =(CH27/'Finance Only'!B30)*100 -> 2.0347098 | CK27: =CL26 -> 84552 | CL27: 84552 | CM27: =MAX(0,CL27-CK27) -> 0 | CN27: =CM27-CM26 -> 0 | CO27: =(CM27/'Finance Only'!B30)*100 -> 0 | CP27: =CQ26 -> 700560 | CQ27: 700560 | CR27: =MAX(0,CQ27-CP27) -> 0 | CS27: =CR27-CR26 -> -690 | CT27: =(CR27/'Finance Only'!B30)*100 -> 0 | CU27: =CV26 -> 580120 | CV27: 580120 | CW27: =MAX(0,CV27-CU27) -> 0 | CX27: =CW27-CW26 -> -670 | CY27: =(CW27/'Finance Only'!B30)*100 -> 0 | CZ27: =DA26 -> 971510 | DA27: 971510 | DB27: =MAX(0,DA27-CZ27) -> 0 | DC27: =DB27-DB26 -> -1550 | DD27: =(DB27/'Finance Only'!B30)*100 -> 0 | DE27: =DF26 -> 743870 | DF27: 743870 | DG27: =MAX(0,DF27-DE27) -> 0 | DH27: =DG27-DG26 -> -600 | DI27: =(DG27/'Finance Only'!B30)*100 -> 0 | DJ27: =DK26 -> 644880 | DK27: 644880 | DL27: =MAX(0,DK27-DJ27) -> 0 | DM27: =DL27-DL26 -> -800 | DN27: =(DL27/'Finance Only'!B30)*100 -> 0 | DO27: =DP26 -> 350950 | DP27: 350950 | DQ27: =MAX(0,DP27-DO27) -> 0 | DR27: =DQ27-DQ26 -> -300 | DS27: =(DQ27/'Finance Only'!B30)*100 -> 0 | DT27: =DU26 -> 115510 | DU27: 115510 | DV27: =MAX(0,DU27-DT27) -> 0 | DW27: =DV27-DV26 -> -120 | DX27: =(DV27/'Finance Only'!B30)*100 -> 0 | DY27: =DZ26 -> 741080 | DZ27: 741080 | EA27: =MAX(0,DZ27-DY27) -> 0 | EB27: =EA27-EA26 -> 0 | EC27: =(EA27/'Finance Only'!B30)*100 -> 0 | ED27: =EE26 -> 236310 | EE27: 236310 | EF27: =MAX(0,EE27-ED27) -> 0 | EG27: =EF27-EF26 -> -300 | EH27: =(EF27/'Finance Only'!B30)*100 -> 0 | EI27: =EJ26 -> 267050 | EJ27: 267050 | EK27: =MAX(0,EJ27-EI27) -> 0 | EL27: =EK27-EK26 -> -250 | EM27: =(EK27/'Finance Only'!B30)*100 -> 0 | EN27: =EO26 -> 437590 | EO27: 437590 | EP27: =MAX(0,EO27-EN27) -> 0 | EQ27: =EP27-EP26 -> -590 | ER27: =(EP27/'Finance Only'!B30)*100 -> 0 | ES27: =ET26 -> 0 | EU27: =MAX(0,ET27-ES27) -> 0 | EV27: =EU27-EU26 -> 0 | EW27: =(EU27/'Finance Only'!B30)*100 -> 0 | EX27: =EY26 -> 0 | EZ27: =MAX(0,EY27-EX27) -> 0 | FA27: =EZ27-EZ26 -> 0 | FB27: =(EZ27/'Finance Only'!G30)*100 -> 0 | FC27: =FD26 -> 0 | FE27: =MAX(0,FD27-FC27) -> 0 | FF27: =FE27-FE26 -> 0 | FG27: =(FE27/'Finance Only'!M30)*100 -> #DIV/0! | FM27: =FN26 -> 0 | FO27: =MAX(0,FN27-FM27) -> 0 | FP27: =FO27-FO26 -> 0 | FQ27: =(FO27/'Finance Only'!R30)*100 -> #DIV/0! | FR27: =FS26 -> 0 | FT27: =MAX(0,FS27-FR27) -> 0 | FU27: =FT27-FT26 -> 0 | FV27: =(FT27/'Finance Only'!W30)*100 -> #DIV/0! | FW27: =FX26 -> 0 | FY27: =MAX(0,FX27-FW27) -> 0 | FZ27: =FY27-FY26 -> 0 | GA27: =(FY27/'Finance Only'!AB30)*100 -> #DIV/0! | GC27: =SUM(E27+J27) -> 7407 | GE27: =SUM(T27+Y27+EA27+EF27+EK27+EP27) -> 5160 | GG27: =SUM(AO27+AT27) -> 2500 | GI27: =SUM(AY27+BD27+BI27) -> 1054 | GK27: =SUM(BN27+BS27+EU27) -> 740 | GM27: =SUM(EZ27+FE27) -> 0
A28: 24 | B28: ='Finance Only'!G31 -> 4883 | C28: =D27 -> 27153455 | D28: 27156766 | E28: =MAX(0,D28-C28) -> 3311 | F28: =E28-E27 -> -161 | G28: =(E28/'Finance Only'!B31)*100 -> 13.466466 | H28: =I27 -> 25085335 | I28: 25089157 | J28: =MAX(0,I28-H28) -> 3822 | K28: =J28-J27 -> -113 | L28: =(J28/'Finance Only'!B31)*100 -> 15.5448 | M28: =N27 -> 92380329 | N28: 92391936 | O28: =MAX(0,N28-M28) -> 11607 | P28: =O28-O27 -> -226 | Q28: =(O28/'Finance Only'!B31)*100 -> 47.207874 | R28: =S27 -> 3125600 | S28: 3128200 | T28: =MAX(0,S28-R28) -> 2600 | U28: =T28-T27 -> 100 | V28: =(T28/'Finance Only'!B31)*100 -> 10.574694 | W28: =X27 -> 4207068 | X28: 4209828 | Y28: =MAX(0,X28-W28) -> 2760 | Z28: =Y28-Y27 -> 100 | AA28: =(Y28/'Finance Only'!B31)*100 -> 11.225444 | AB28: =AC27 -> 2735600 | AC28: 2737300 | AD28: =MAX(0,AC28-AB28) -> 1700 | AE28: =AD28/WATER!V29 -> 7.1129707 | AF28: =AD28-AD27 -> -300 | AG28: =(AD28/'Finance Only'!B31)*100 -> 6.914223 | AH28: =AI27 -> 1101331 | AI28: 1101786 | AJ28: =MAX(0,AI28-AH28) -> 455 | AK28: =AJ28-AJ27 -> -15 | AL28: =(AJ28/'Finance Only'!B31)*100 -> 1.8505714 | AM28: =AN27 -> 1114100 | AN28: 1114700 | AO28: =MAX(0,AN28-AM28) -> 600 | AP28: =AO28-AO27 -> -100 | AQ28: =(AO28/'Finance Only'!B31)*100 -> 2.440314 | AR28: =AS27 -> 2488800 | AS28: 2490500 | AT28: =MAX(0,AS28-AR28) -> 1700 | AU28: =AT28-AT27 -> -100 | AV28: =(AT28/'Finance Only'!B31)*100 -> 6.914223 | AW28: =AX27 -> 22499 | AX28: 22848 | AY28: =MAX(0,AX28-AW28) -> 349 | AZ28: =AY28-AY27 -> -5 | BA28: =(AY28/'Finance Only'!B31)*100 -> 1.4194493 | BB28: =BC27 -> 1004800 | BC28: 1005200 | BD28: =MAX(0,BC28-BB28) -> 400 | BE28: =BD28-BD27 -> 0 | BF28: =(BD28/'Finance Only'!B31)*100 -> 1.626876 | BG28: =BH27 -> 1079200 | BH28: 1079500 | BI28: =MAX(0,BH28-BG28) -> 300 | BJ28: =BI28-BI27 -> 0 | BK28: =(BI28/'Finance Only'!B31)*100 -> 1.220157 | BL28: =BM27 -> 1604400 | BM28: 1604900 | BN28: =MAX(0,BM28-BL28) -> 500 | BO28: =BN28-BN27 -> -100 | BP28: =(BN28/'Finance Only'!B31)*100 -> 2.033595 | BQ28: =BR27 -> 139660 | BR28: 139790 | BS28: =MAX(0,BR28-BQ28) -> 130 | BT28: =BS28-BS27 -> -10 | BU28: =(BS28/'Finance Only'!B31)*100 -> 0.5287347 | BV28: =BW27 -> 591430 | BW28: 591930 | BX28: =MAX(0,BW28-BV28) -> 500 | BY28: =BX28-BX27 -> 80 | BZ28: =(BX28/'Finance Only'!B31)*100 -> 2.033595 | CA28: =CB27 -> 1106200 | CB28: 1107300 | CC28: =MAX(0,CB28-CA28) -> 1100 | CD28: =CC28-CC27 -> -100 | CE28: =(CC28/'Finance Only'!B31)*100 -> 4.473909 | CF28: =CG27 -> 362730 | CG28: 363200 | CH28: =MAX(0,CG28-CF28) -> 470 | CI28: =CH28-CH27 -> -40 | CJ28: =(CH28/'Finance Only'!B31)*100 -> 1.9115793 | CK28: =CL27 -> 84552 | CL28: 84552 | CM28: =MAX(0,CL28-CK28) -> 0 | CN28: =CM28-CM27 -> 0 | CO28: =(CM28/'Finance Only'!B31)*100 -> 0 | CP28: =CQ27 -> 700560 | CQ28: 700560 | CR28: =MAX(0,CQ28-CP28) -> 0 | CS28: =CR28-CR27 -> 0 | CT28: =(CR28/'Finance Only'!B31)*100 -> 0 | CU28: =CV27 -> 580120 | CV28: 580120 | CW28: =MAX(0,CV28-CU28) -> 0 | CX28: =CW28-CW27 -> 0 | CY28: =(CW28/'Finance Only'!B31)*100 -> 0 | CZ28: =DA27 -> 971510 | DA28: 971510 | DB28: =MAX(0,DA28-CZ28) -> 0 | DC28: =DB28-DB27 -> 0 | DD28: =(DB28/'Finance Only'!B31)*100 -> 0 | DE28: =DF27 -> 743870 | DF28: 743870 | DG28: =MAX(0,DF28-DE28) -> 0 | DH28: =DG28-DG27 -> 0 | DI28: =(DG28/'Finance Only'!B31)*100 -> 0 | DJ28: =DK27 -> 644880 | DK28: 644880 | DL28: =MAX(0,DK28-DJ28) -> 0 | DM28: =DL28-DL27 -> 0 | DN28: =(DL28/'Finance Only'!B31)*100 -> 0 | DO28: =DP27 -> 350950 | DP28: 350950 | DQ28: =MAX(0,DP28-DO28) -> 0 | DR28: =DQ28-DQ27 -> 0 | DS28: =(DQ28/'Finance Only'!B31)*100 -> 0 | DT28: =DU27 -> 115510 | DU28: 115510 | DV28: =MAX(0,DU28-DT28) -> 0 | DW28: =DV28-DV27 -> 0 | DX28: =(DV28/'Finance Only'!B31)*100 -> 0 | DY28: =DZ27 -> 741080 | DZ28: 741080 | EA28: =MAX(0,DZ28-DY28) -> 0 | EB28: =EA28-EA27 -> 0 | EC28: =(EA28/'Finance Only'!B31)*100 -> 0 | ED28: =EE27 -> 236310 | EE28: 236310 | EF28: =MAX(0,EE28-ED28) -> 0 | EG28: =EF28-EF27 -> 0 | EH28: =(EF28/'Finance Only'!B31)*100 -> 0 | EI28: =EJ27 -> 267050 | EJ28: 267050 | EK28: =MAX(0,EJ28-EI28) -> 0 | EL28: =EK28-EK27 -> 0 | EM28: =(EK28/'Finance Only'!B31)*100 -> 0 | EN28: =EO27 -> 437590 | EO28: 437590 | EP28: =MAX(0,EO28-EN28) -> 0 | EQ28: =EP28-EP27 -> 0 | ER28: =(EP28/'Finance Only'!B31)*100 -> 0 | ES28: =ET27 -> 0 | EU28: =MAX(0,ET28-ES28) -> 0 | EV28: =EU28-EU27 -> 0 | EW28: =(EU28/'Finance Only'!B31)*100 -> 0 | EX28: =EY27 -> 0 | EZ28: =MAX(0,EY28-EX28) -> 0 | FA28: =EZ28-EZ27 -> 0 | FB28: =(EZ28/'Finance Only'!G31)*100 -> 0 | FC28: =FD27 -> 0 | FE28: =MAX(0,FD28-FC28) -> 0 | FF28: =FE28-FE27 -> 0 | FG28: =(FE28/'Finance Only'!M31)*100 -> #DIV/0! | FM28: =FN27 -> 0 | FO28: =MAX(0,FN28-FM28) -> 0 | FP28: =FO28-FO27 -> 0 | FQ28: =(FO28/'Finance Only'!R31)*100 -> #DIV/0! | FR28: =FS27 -> 0 | FT28: =MAX(0,FS28-FR28) -> 0 | FU28: =FT28-FT27 -> 0 | FV28: =(FT28/'Finance Only'!W31)*100 -> #DIV/0! | FW28: =FX27 -> 0 | FY28: =MAX(0,FX28-FW28) -> 0 | FZ28: =FY28-FY27 -> 0 | GA28: =(FY28/'Finance Only'!AB31)*100 -> #DIV/0! | GC28: =SUM(E28+J28) -> 7133 | GE28: =SUM(T28+Y28+EA28+EF28+EK28+EP28) -> 5360 | GG28: =SUM(AO28+AT28) -> 2300 | GI28: =SUM(AY28+BD28+BI28) -> 1049 | GK28: =SUM(BN28+BS28+EU28) -> 630 | GM28: =SUM(EZ28+FE28) -> 0
A29: 25 | B29: ='Finance Only'!G32 -> 2459 | C29: =D28 -> 27156766 | D29: 27160207 | E29: =MAX(0,D29-C29) -> 3441 | F29: =E29-E28 -> 130 | G29: =(E29/'Finance Only'!B32)*100 -> 13.973604 | H29: =I28 -> 25089157 | I29: 25093402 | J29: =MAX(0,I29-H29) -> 4245 | K29: =J29-J28 -> 423 | L29: =(J29/'Finance Only'!B32)*100 -> 17.238579 | M29: =N28 -> 92391936 | N29: 92403110 | O29: =MAX(0,N29-M29) -> 11174 | P29: =O29-O28 -> -433 | Q29: =(O29/'Finance Only'!B32)*100 -> 45.37665 | R29: =S28 -> 3128200 | S29: 3130800 | T29: =MAX(0,S29-R29) -> 2600 | U29: =T29-T28 -> 0 | V29: =(T29/'Finance Only'!B32)*100 -> 10.558376 | W29: =X28 -> 4209828 | X29: 4212398 | Y29: =MAX(0,X29-W29) -> 2570 | Z29: =Y29-Y28 -> -190 | AA29: =(Y29/'Finance Only'!B32)*100 -> 10.436548 | AB29: =AC28 -> 2737300 | AC29: 2739100 | AD29: =MAX(0,AC29-AB29) -> 1800 | AE29: =AD29/WATER!V30 -> 5.2173913 | AF29: =AD29-AD28 -> 100 | AG29: =(AD29/'Finance Only'!B32)*100 -> 7.3096447 | AH29: =AI28 -> 1101786 | AI29: 1102175 | AJ29: =MAX(0,AI29-AH29) -> 389 | AK29: =AJ29-AJ28 -> -66 | AL29: =(AJ29/'Finance Only'!B32)*100 -> 1.5796954 | AM29: =AN28 -> 1114700 | AN29: 1115500 | AO29: =MAX(0,AN29-AM29) -> 800 | AP29: =AO29-AO28 -> 200 | AQ29: =(AO29/'Finance Only'!B32)*100 -> 3.248731 | AR29: =AS28 -> 2490500 | AS29: 2492200 | AT29: =MAX(0,AS29-AR29) -> 1700 | AU29: =AT29-AT28 -> 0 | AV29: =(AT29/'Finance Only'!B32)*100 -> 6.9035533 | AW29: =AX28 -> 22848 | AX29: 23187 | AY29: =MAX(0,AX29-AW29) -> 339 | AZ29: =AY29-AY28 -> -10 | BA29: =(AY29/'Finance Only'!B32)*100 -> 1.3766497 | BB29: =BC28 -> 1005200 | BC29: 1005600 | BD29: =MAX(0,BC29-BB29) -> 400 | BE29: =BD29-BD28 -> 0 | BF29: =(BD29/'Finance Only'!B32)*100 -> 1.6243655 | BG29: =BH28 -> 1079500 | BH29: 1079700 | BI29: =MAX(0,BH29-BG29) -> 200 | BJ29: =BI29-BI28 -> -100 | BK29: =(BI29/'Finance Only'!B32)*100 -> 0.81218274 | BL29: =BM28 -> 1604900 | BM29: 1605400 | BN29: =MAX(0,BM29-BL29) -> 500 | BO29: =BN29-BN28 -> 0 | BP29: =(BN29/'Finance Only'!B32)*100 -> 2.0304569 | BQ29: =BR28 -> 139790 | BR29: 139920 | BS29: =MAX(0,BR29-BQ29) -> 130 | BT29: =BS29-BS28 -> 0 | BU29: =(BS29/'Finance Only'!B32)*100 -> 0.52791878 | BV29: =BW28 -> 591930 | BW29: 592390 | BX29: =MAX(0,BW29-BV29) -> 460 | BY29: =BX29-BX28 -> -40 | BZ29: =(BX29/'Finance Only'!B32)*100 -> 1.8680203 | CA29: =CB28 -> 1107300 | CB29: 1108500 | CC29: =MAX(0,CB29-CA29) -> 1200 | CD29: =CC29-CC28 -> 100 | CE29: =(CC29/'Finance Only'!B32)*100 -> 4.8730964 | CF29: =CG28 -> 363200 | CG29: 363670 | CH29: =MAX(0,CG29-CF29) -> 470 | CI29: =CH29-CH28 -> 0 | CJ29: =(CH29/'Finance Only'!B32)*100 -> 1.9086294 | CK29: =CL28 -> 84552 | CL29: 84674 | CM29: =MAX(0,CL29-CK29) -> 122 | CN29: =CM29-CM28 -> 122 | CO29: =(CM29/'Finance Only'!B32)*100 -> 0.49543147 | CP29: =CQ28 -> 700560 | CQ29: 701820 | CR29: =MAX(0,CQ29-CP29) -> 1260 | CS29: =CR29-CR28 -> 1260 | CT29: =(CR29/'Finance Only'!B32)*100 -> 5.1167513 | CU29: =CV28 -> 580120 | CV29: 581460 | CW29: =MAX(0,CV29-CU29) -> 1340 | CX29: =CW29-CW28 -> 1340 | CY29: =(CW29/'Finance Only'!B32)*100 -> 5.4416244 | CZ29: =DA28 -> 971510 | DA29: 972710 | DB29: =MAX(0,DA29-CZ29) -> 1200 | DC29: =DB29-DB28 -> 1200 | DD29: =(DB29/'Finance Only'!B32)*100 -> 4.8730964 | DE29: =DF28 -> 743870 | DF29: 745230 | DG29: =MAX(0,DF29-DE29) -> 1360 | DH29: =DG29-DG28 -> 1360 | DI29: =(DG29/'Finance Only'!B32)*100 -> 5.5228426 | DJ29: =DK28 -> 644880 | DK29: 646390 | DL29: =MAX(0,DK29-DJ29) -> 1510 | DM29: =DL29-DL28 -> 1510 | DN29: =(DL29/'Finance Only'!B32)*100 -> 6.1319797 | DO29: =DP28 -> 350950 | DP29: 351500 | DQ29: =MAX(0,DP29-DO29) -> 550 | DR29: =DQ29-DQ28 -> 550 | DS29: =(DQ29/'Finance Only'!B32)*100 -> 2.2335025 | DT29: =DU28 -> 115510 | DU29: 115830 | DV29: =MAX(0,DU29-DT29) -> 320 | DW29: =DV29-DV28 -> 320 | DX29: =(DV29/'Finance Only'!B32)*100 -> 1.2994924 | DY29: =DZ28 -> 741080 | DZ29: 742810 | EA29: =MAX(0,DZ29-DY29) -> 1730 | EB29: =EA29-EA28 -> 1730 | EC29: =(EA29/'Finance Only'!B32)*100 -> 7.0253807 | ED29: =EE28 -> 236310 | EE29: 236840 | EF29: =MAX(0,EE29-ED29) -> 530 | EG29: =EF29-EF28 -> 530 | EH29: =(EF29/'Finance Only'!B32)*100 -> 2.1522843 | EI29: =EJ28 -> 267050 | EJ29: 267770 | EK29: =MAX(0,EJ29-EI29) -> 720 | EL29: =EK29-EK28 -> 720 | EM29: =(EK29/'Finance Only'!B32)*100 -> 2.9238579 | EN29: =EO28 -> 437590 | EO29: 439060 | EP29: =MAX(0,EO29-EN29) -> 1470 | EQ29: =EP29-EP28 -> 1470 | ER29: =(EP29/'Finance Only'!B32)*100 -> 5.9695431 | ES29: =ET28 -> 0 | EU29: =MAX(0,ET29-ES29) -> 0 | EV29: =EU29-EU28 -> 0 | EW29: =(EU29/'Finance Only'!B32)*100 -> 0 | EX29: =EY28 -> 0 | EZ29: =MAX(0,EY29-EX29) -> 0 | FA29: =EZ29-EZ28 -> 0 | FB29: =(EZ29/'Finance Only'!G32)*100 -> 0 | FC29: =FD28 -> 0 | FE29: =MAX(0,FD29-FC29) -> 0 | FF29: =FE29-FE28 -> 0 | FG29: =(FE29/'Finance Only'!M32)*100 -> #DIV/0! | FM29: =FN28 -> 0 | FO29: =MAX(0,FN29-FM29) -> 0 | FP29: =FO29-FO28 -> 0 | FQ29: =(FO29/'Finance Only'!R32)*100 -> #DIV/0! | FR29: =FS28 -> 0 | FT29: =MAX(0,FS29-FR29) -> 0 | FU29: =FT29-FT28 -> 0 | FV29: =(FT29/'Finance Only'!W32)*100 -> #DIV/0! | FW29: =FX28 -> 0 | FY29: =MAX(0,FX29-FW29) -> 0 | FZ29: =FY29-FY28 -> 0 | GA29: =(FY29/'Finance Only'!AB32)*100 -> #DIV/0! | GC29: =SUM(E29+J29) -> 7686 | GE29: =SUM(T29+Y29+EA29+EF29+EK29+EP29) -> 9620 | GG29: =SUM(AO29+AT29) -> 2500 | GI29: =SUM(AY29+BD29+BI29) -> 939 | GK29: =SUM(BN29+BS29+EU29) -> 630 | GM29: =SUM(EZ29+FE29) -> 0
A30: 26 | B30: ='Finance Only'!G33 -> 3004 | C30: =D29 -> 27160207 | D30: 27163578 | E30: =MAX(0,D30-C30) -> 3371 | F30: =E30-E29 -> -70 | G30: =(E30/'Finance Only'!B33)*100 -> 13.426 | H30: =I29 -> 25093402 | I30: 25097575 | J30: =MAX(0,I30-H30) -> 4173 | K30: =J30-J29 -> -72 | L30: =(J30/'Finance Only'!B33)*100 -> 16.620201 | M30: =N29 -> 92403110 | N30: 92414080 | O30: =MAX(0,N30-M30) -> 10970 | P30: =O30-O29 -> -204 | Q30: =(O30/'Finance Only'!B33)*100 -> 43.691254 | R30: =S29 -> 3130800 | S30: 3133400 | T30: =MAX(0,S30-R30) -> 2600 | U30: =T30-T29 -> 0 | V30: =(T30/'Finance Only'!B33)*100 -> 10.355265 | W30: =X29 -> 4212398 | X30: 4214969 | Y30: =MAX(0,X30-W30) -> 2571 | Z30: =Y30-Y29 -> 1 | AA30: =(Y30/'Finance Only'!B33)*100 -> 10.239764 | AB30: =AC29 -> 2739100 | AC30: 2740800 | AD30: =MAX(0,AC30-AB30) -> 1700 | AE30: =AD30/WATER!V31 -> 5.2307692 | AF30: =AD30-AD29 -> -100 | AG30: =(AD30/'Finance Only'!B33)*100 -> 6.7707504 | AH30: =AI29 -> 1102175 | AI30: 1102553 | AJ30: =MAX(0,AI30-AH30) -> 378 | AK30: =AJ30-AJ29 -> -11 | AL30: =(AJ30/'Finance Only'!B33)*100 -> 1.5054963 | AM30: =AN29 -> 1115500 | AN30: 1116200 | AO30: =MAX(0,AN30-AM30) -> 700 | AP30: =AO30-AO29 -> -100 | AQ30: =(AO30/'Finance Only'!B33)*100 -> 2.787956 | AR30: =AS29 -> 2492200 | AS30: 2494000 | AT30: =MAX(0,AS30-AR30) -> 1800 | AU30: =AT30-AT29 -> 100 | AV30: =(AT30/'Finance Only'!B33)*100 -> 7.1690298 | AW30: =AX29 -> 23187 | AX30: 23530 | AY30: =MAX(0,AX30-AW30) -> 343 | AZ30: =AY30-AY29 -> 4 | BA30: =(AY30/'Finance Only'!B33)*100 -> 1.3660985 | BB30: =BC29 -> 1005600 | BC30: 1005900 | BD30: =MAX(0,BC30-BB30) -> 300 | BE30: =BD30-BD29 -> -100 | BF30: =(BD30/'Finance Only'!B33)*100 -> 1.1948383 | BG30: =BH29 -> 1079700 | BH30: 1080000 | BI30: =MAX(0,BH30-BG30) -> 300 | BJ30: =BI30-BI29 -> 100 | BK30: =(BI30/'Finance Only'!B33)*100 -> 1.1948383 | BL30: =BM29 -> 1605400 | BM30: 1605900 | BN30: =MAX(0,BM30-BL30) -> 500 | BO30: =BN30-BN29 -> 0 | BP30: =(BN30/'Finance Only'!B33)*100 -> 1.9913972 | BQ30: =BR29 -> 139920 | BR30: 140040 | BS30: =MAX(0,BR30-BQ30) -> 120 | BT30: =BS30-BS29 -> -10 | BU30: =(BS30/'Finance Only'!B33)*100 -> 0.47793532 | BV30: =BW29 -> 592390 | BW30: 592800 | BX30: =MAX(0,BW30-BV30) -> 410 | BY30: =BX30-BX29 -> -50 | BZ30: =(BX30/'Finance Only'!B33)*100 -> 1.6329457 | CA30: =CB29 -> 1108500 | CB30: 1109600 | CC30: =MAX(0,CB30-CA30) -> 1100 | CD30: =CC30-CC29 -> -100 | CE30: =(CC30/'Finance Only'!B33)*100 -> 4.3810738 | CF30: =CG29 -> 363670 | CG30: 364200 | CH30: =MAX(0,CG30-CF30) -> 530 | CI30: =CH30-CH29 -> 60 | CJ30: =(CH30/'Finance Only'!B33)*100 -> 2.110881 | CK30: =CL29 -> 84674 | CL30: 84780 | CM30: =MAX(0,CL30-CK30) -> 106 | CN30: =CM30-CM29 -> -16 | CO30: =(CM30/'Finance Only'!B33)*100 -> 0.4221762 | CP30: =CQ29 -> 701820 | CQ30: 702490 | CR30: =MAX(0,CQ30-CP30) -> 670 | CS30: =CR30-CR29 -> -590 | CT30: =(CR30/'Finance Only'!B33)*100 -> 2.6684722 | CU30: =CV29 -> 581460 | CV30: 582190 | CW30: =MAX(0,CV30-CU30) -> 730 | CX30: =CW30-CW29 -> -610 | CY30: =(CW30/'Finance Only'!B33)*100 -> 2.9074399 | CZ30: =DA29 -> 972710 | DA30: 973590 | DB30: =MAX(0,DA30-CZ30) -> 880 | DC30: =DB30-DB29 -> -320 | DD30: =(DB30/'Finance Only'!B33)*100 -> 3.504859 | DE30: =DF29 -> 745230 | DF30: 746000 | DG30: =MAX(0,DF30-DE30) -> 770 | DH30: =DG30-DG29 -> -590 | DI30: =(DG30/'Finance Only'!B33)*100 -> 3.0667516 | DJ30: =DK29 -> 646390 | DK30: 647060 | DL30: =MAX(0,DK30-DJ30) -> 670 | DM30: =DL30-DL29 -> -840 | DN30: =(DL30/'Finance Only'!B33)*100 -> 2.6684722 | DO30: =DP29 -> 351500 | DP30: 351800 | DQ30: =MAX(0,DP30-DO30) -> 300 | DR30: =DQ30-DQ29 -> -250 | DS30: =(DQ30/'Finance Only'!B33)*100 -> 1.1948383 | DT30: =DU29 -> 115830 | DU30: 115980 | DV30: =MAX(0,DU30-DT30) -> 150 | DW30: =DV30-DV29 -> -170 | DX30: =(DV30/'Finance Only'!B33)*100 -> 0.59741915 | DY30: =DZ29 -> 742810 | DZ30: 743620 | EA30: =MAX(0,DZ30-DY30) -> 810 | EB30: =EA30-EA29 -> -920 | EC30: =(EA30/'Finance Only'!B33)*100 -> 3.2260634 | ED30: =EE29 -> 236840 | EE30: 237110 | EF30: =MAX(0,EE30-ED30) -> 270 | EG30: =EF30-EF29 -> -260 | EH30: =(EF30/'Finance Only'!B33)*100 -> 1.0753545 | EI30: =EJ29 -> 267770 | EJ30: 268130 | EK30: =MAX(0,EJ30-EI30) -> 360 | EL30: =EK30-EK29 -> -360 | EM30: =(EK30/'Finance Only'!B33)*100 -> 1.433806 | EN30: =EO29 -> 439060 | EO30: 439590 | EP30: =MAX(0,EO30-EN30) -> 530 | EQ30: =EP30-EP29 -> -940 | ER30: =(EP30/'Finance Only'!B33)*100 -> 2.110881 | ES30: =ET29 -> 0 | EU30: =MAX(0,ET30-ES30) -> 0 | EV30: =EU30-EU29 -> 0 | EW30: =(EU30/'Finance Only'!B33)*100 -> 0 | EX30: =EY29 -> 0 | EZ30: =MAX(0,EY30-EX30) -> 0 | FA30: =EZ30-EZ29 -> 0 | FB30: =(EZ30/'Finance Only'!G33)*100 -> 0 | FC30: =FD29 -> 0 | FE30: =MAX(0,FD30-FC30) -> 0 | FF30: =FE30-FE29 -> 0 | FG30: =(FE30/'Finance Only'!M33)*100 -> #DIV/0! | FM30: =FN29 -> 0 | FO30: =MAX(0,FN30-FM30) -> 0 | FP30: =FO30-FO29 -> 0 | FQ30: =(FO30/'Finance Only'!R33)*100 -> #DIV/0! | FR30: =FS29 -> 0 | FT30: =MAX(0,FS30-FR30) -> 0 | FU30: =FT30-FT29 -> 0 | FV30: =(FT30/'Finance Only'!W33)*100 -> #DIV/0! | FW30: =FX29 -> 0 | FY30: =MAX(0,FX30-FW30) -> 0 | FZ30: =FY30-FY29 -> 0 | GA30: =(FY30/'Finance Only'!AB33)*100 -> #DIV/0! | GC30: =SUM(E30+J30) -> 7544 | GE30: =SUM(T30+Y30+EA30+EF30+EK30+EP30) -> 7141 | GG30: =SUM(AO30+AT30) -> 2500 | GI30: =SUM(AY30+BD30+BI30) -> 943 | GK30: =SUM(BN30+BS30+EU30) -> 620 | GM30: =SUM(EZ30+FE30) -> 0
A31: 27 | B31: ='Finance Only'!G34 -> 2204 | C31: =D30 -> 27163578 | D31: 27167049 | E31: =MAX(0,D31-C31) -> 3471 | F31: =E31-E30 -> 100 | G31: =(E31/'Finance Only'!B34)*100 -> 13.59577 | H31: =I30 -> 25097575 | I31: 25101585 | J31: =MAX(0,I31-H31) -> 4010 | K31: =J31-J30 -> -163 | L31: =(J31/'Finance Only'!B34)*100 -> 15.707011 | M31: =N30 -> 92414080 | N31: 92426368 | O31: =MAX(0,N31-M31) -> 12288 | P31: =O31-O30 -> 1318 | Q31: =(O31/'Finance Only'!B34)*100 -> 48.13161 | R31: =S30 -> 3133400 | S31: 3136100 | T31: =MAX(0,S31-R31) -> 2700 | U31: =T31-T30 -> 100 | V31: =(T31/'Finance Only'!B34)*100 -> 10.575793 | W31: =X30 -> 4214969 | X31: 4217542 | Y31: =MAX(0,X31-W31) -> 2573 | Z31: =Y31-Y30 -> 2 | AA31: =(Y31/'Finance Only'!B34)*100 -> 10.078339 | AB31: =AC30 -> 2740800 | AC31: 2742400 | AD31: =MAX(0,AC31-AB31) -> 1600 | AE31: =AD31/WATER!V32 -> 4.6920821 | AF31: =AD31-AD30 -> -100 | AG31: =(AD31/'Finance Only'!B34)*100 -> 6.2671367 | AH31: =AI30 -> 1102553 | AI31: 1103045 | AJ31: =MAX(0,AI31-AH31) -> 492 | AK31: =AJ31-AJ30 -> 114 | AL31: =(AJ31/'Finance Only'!B34)*100 -> 1.9271445 | AM31: =AN30 -> 1116200 | AN31: 1117000 | AO31: =MAX(0,AN31-AM31) -> 800 | AP31: =AO31-AO30 -> 100 | AQ31: =(AO31/'Finance Only'!B34)*100 -> 3.1335684 | AR31: =AS30 -> 2494000 | AS31: 2495800 | AT31: =MAX(0,AS31-AR31) -> 1800 | AU31: =AT31-AT30 -> 0 | AV31: =(AT31/'Finance Only'!B34)*100 -> 7.0505288 | AW31: =AX30 -> 23530 | AX31: 23885 | AY31: =MAX(0,AX31-AW31) -> 355 | AZ31: =AY31-AY30 -> 12 | BA31: =(AY31/'Finance Only'!B34)*100 -> 1.390521 | BB31: =BC30 -> 1005900 | BC31: 1006300 | BD31: =MAX(0,BC31-BB31) -> 400 | BE31: =BD31-BD30 -> 100 | BF31: =(BD31/'Finance Only'!B34)*100 -> 1.5667842 | BG31: =BH30 -> 1080000 | BH31: 1080300 | BI31: =MAX(0,BH31-BG31) -> 300 | BJ31: =BI31-BI30 -> 0 | BK31: =(BI31/'Finance Only'!B34)*100 -> 1.1750881 | BL31: =BM30 -> 1605900 | BM31: 1606400 | BN31: =MAX(0,BM31-BL31) -> 500 | BO31: =BN31-BN30 -> 0 | BP31: =(BN31/'Finance Only'!B34)*100 -> 1.9584802 | BQ31: =BR30 -> 140040 | BR31: 140170 | BS31: =MAX(0,BR31-BQ31) -> 130 | BT31: =BS31-BS30 -> 10 | BU31: =(BS31/'Finance Only'!B34)*100 -> 0.50920486 | BV31: =BW30 -> 592800 | BW31: 593290 | BX31: =MAX(0,BW31-BV31) -> 490 | BY31: =BX31-BX30 -> 80 | BZ31: =(BX31/'Finance Only'!B34)*100 -> 1.9193106 | CA31: =CB30 -> 1109600 | CB31: 1110800 | CC31: =MAX(0,CB31-CA31) -> 1200 | CD31: =CC31-CC30 -> 100 | CE31: =(CC31/'Finance Only'!B34)*100 -> 4.7003525 | CF31: =CG30 -> 364200 | CG31: 364620 | CH31: =MAX(0,CG31-CF31) -> 420 | CI31: =CH31-CH30 -> -110 | CJ31: =(CH31/'Finance Only'!B34)*100 -> 1.6451234 | CK31: =CL30 -> 84780 | CL31: 84860 | CM31: =MAX(0,CL31-CK31) -> 80 | CN31: =CM31-CM30 -> -26 | CO31: =(CM31/'Finance Only'!B34)*100 -> 0.31335684 | CP31: =CQ30 -> 702490 | CQ31: 703140 | CR31: =MAX(0,CQ31-CP31) -> 650 | CS31: =CR31-CR30 -> -20 | CT31: =(CR31/'Finance Only'!B34)*100 -> 2.5460243 | CU31: =CV30 -> 582190 | CV31: 582930 | CW31: =MAX(0,CV31-CU31) -> 740 | CX31: =CW31-CW30 -> 10 | CY31: =(CW31/'Finance Only'!B34)*100 -> 2.8985507 | CZ31: =DA30 -> 973590 | DA31: 974410 | DB31: =MAX(0,DA31-CZ31) -> 820 | DC31: =DB31-DB30 -> -60 | DD31: =(DB31/'Finance Only'!B34)*100 -> 3.2119076 | DE31: =DF30 -> 746000 | DF31: 746840 | DG31: =MAX(0,DF31-DE31) -> 840 | DH31: =DG31-DG30 -> 70 | DI31: =(DG31/'Finance Only'!B34)*100 -> 3.2902468 | DJ31: =DK30 -> 647060 | DK31: 647640 | DL31: =MAX(0,DK31-DJ31) -> 580 | DM31: =DL31-DL30 -> -90 | DN31: =(DL31/'Finance Only'!B34)*100 -> 2.2718371 | DO31: =DP30 -> 351800 | DP31: 352090 | DQ31: =MAX(0,DP31-DO31) -> 290 | DR31: =DQ31-DQ30 -> -10 | DS31: =(DQ31/'Finance Only'!B34)*100 -> 1.1359185 | DT31: =DU30 -> 115980 | DU31: 116120 | DV31: =MAX(0,DU31-DT31) -> 140 | DW31: =DV31-DV30 -> -10 | DX31: =(DV31/'Finance Only'!B34)*100 -> 0.54837446 | DY31: =DZ30 -> 743620 | DZ31: 744570 | EA31: =MAX(0,DZ31-DY31) -> 950 | EB31: =EA31-EA30 -> 140 | EC31: =(EA31/'Finance Only'!B34)*100 -> 3.7211124 | ED31: =EE30 -> 237110 | EE31: 237400 | EF31: =MAX(0,EE31-ED31) -> 290 | EG31: =EF31-EF30 -> 20 | EH31: =(EF31/'Finance Only'!B34)*100 -> 1.1359185 | EI31: =EJ30 -> 268130 | EJ31: 268520 | EK31: =MAX(0,EJ31-EI31) -> 390 | EL31: =EK31-EK30 -> 30 | EM31: =(EK31/'Finance Only'!B34)*100 -> 1.5276146 | EN31: =EO30 -> 439590 | EO31: 439990 | EP31: =MAX(0,EO31-EN31) -> 400 | EQ31: =EP31-EP30 -> -130 | ER31: =(EP31/'Finance Only'!B34)*100 -> 1.5667842 | ES31: =ET30 -> 0 | EU31: =MAX(0,ET31-ES31) -> 0 | EV31: =EU31-EU30 -> 0 | EW31: =(EU31/'Finance Only'!B34)*100 -> 0 | EX31: =EY30 -> 0 | EZ31: =MAX(0,EY31-EX31) -> 0 | FA31: =EZ31-EZ30 -> 0 | FB31: =(EZ31/'Finance Only'!G34)*100 -> 0 | FC31: =FD30 -> 0 | FE31: =MAX(0,FD31-FC31) -> 0 | FF31: =FE31-FE30 -> 0 | FG31: =(FE31/'Finance Only'!M34)*100 -> #DIV/0! | FM31: =FN30 -> 0 | FO31: =MAX(0,FN31-FM31) -> 0 | FP31: =FO31-FO30 -> 0 | FQ31: =(FO31/'Finance Only'!R34)*100 -> #DIV/0! | FR31: =FS30 -> 0 | FT31: =MAX(0,FS31-FR31) -> 0 | FU31: =FT31-FT30 -> 0 | FV31: =(FT31/'Finance Only'!W34)*100 -> #DIV/0! | FW31: =FX30 -> 0 | FY31: =MAX(0,FX31-FW31) -> 0 | FZ31: =FY31-FY30 -> 0 | GA31: =(FY31/'Finance Only'!AB34)*100 -> #DIV/0! | GC31: =SUM(E31+J31) -> 7481 | GE31: =SUM(T31+Y31+EA31+EF31+EK31+EP31) -> 7303 | GG31: =SUM(AO31+AT31) -> 2600 | GI31: =SUM(AY31+BD31+BI31) -> 1055 | GK31: =SUM(BN31+BS31+EU31) -> 630 | GM31: =SUM(EZ31+FE31) -> 0
A32: 28 | B32: ='Finance Only'!G35 -> 4324 | C32: =D31 -> 27167049 | D32: 27170354 | E32: =MAX(0,D32-C32) -> 3305 | F32: =E32-E31 -> -166 | G32: =(E32/'Finance Only'!B35)*100 -> 13.975221 | H32: =I31 -> 25101585 | I32: 25105098 | J32: =MAX(0,I32-H32) -> 3513 | K32: =J32-J31 -> -497 | L32: =(J32/'Finance Only'!B35)*100 -> 14.854751 | M32: =N31 -> 92426368 | N32: 92437509 | O32: =MAX(0,N32-M32) -> 11141 | P32: =O32-O31 -> -1147 | Q32: =(O32/'Finance Only'!B35)*100 -> 47.109814 | R32: =S31 -> 3136100 | S32: 3138600 | T32: =MAX(0,S32-R32) -> 2500 | U32: =T32-T31 -> -200 | V32: =(T32/'Finance Only'!B35)*100 -> 10.571272 | W32: =X31 -> 4217542 | X32: 4220167 | Y32: =MAX(0,X32-W32) -> 2625 | Z32: =Y32-Y31 -> 52 | AA32: =(Y32/'Finance Only'!B35)*100 -> 11.099835 | AB32: =AC31 -> 2742400 | AC32: 2744100 | AD32: =MAX(0,AC32-AB32) -> 1700 | AE32: =AD32/WATER!V33 -> 5.0746269 | AF32: =AD32-AD31 -> 100 | AG32: =(AD32/'Finance Only'!B35)*100 -> 7.1884646 | AH32: =AI31 -> 1103045 | AI32: 1103493 | AJ32: =MAX(0,AI32-AH32) -> 448 | AK32: =AJ32-AJ31 -> -44 | AL32: =(AJ32/'Finance Only'!B35)*100 -> 1.8943719 | AM32: =AN31 -> 1117000 | AN32: 1117800 | AO32: =MAX(0,AN32-AM32) -> 800 | AP32: =AO32-AO31 -> 0 | AQ32: =(AO32/'Finance Only'!B35)*100 -> 3.3828069 | AR32: =AS31 -> 2495800 | AS32: 2497400 | AT32: =MAX(0,AS32-AR32) -> 1600 | AU32: =AT32-AT31 -> -200 | AV32: =(AT32/'Finance Only'!B35)*100 -> 6.7656138 | AW32: =AX31 -> 23885 | AX32: 24276 | AY32: =MAX(0,AX32-AW32) -> 391 | AZ32: =AY32-AY31 -> 36 | BA32: =(AY32/'Finance Only'!B35)*100 -> 1.6533469 | BB32: =BC31 -> 1006300 | BC32: 1006700 | BD32: =MAX(0,BC32-BB32) -> 400 | BE32: =BD32-BD31 -> 0 | BF32: =(BD32/'Finance Only'!B35)*100 -> 1.6914034 | BG32: =BH31 -> 1080300 | BH32: 1080600 | BI32: =MAX(0,BH32-BG32) -> 300 | BJ32: =BI32-BI31 -> 0 | BK32: =(BI32/'Finance Only'!B35)*100 -> 1.2685526 | BL32: =BM31 -> 1606400 | BM32: 1606900 | BN32: =MAX(0,BM32-BL32) -> 500 | BO32: =BN32-BN31 -> 0 | BP32: =(BN32/'Finance Only'!B35)*100 -> 2.1142543 | BQ32: =BR31 -> 140170 | BR32: 140320 | BS32: =MAX(0,BR32-BQ32) -> 150 | BT32: =BS32-BS31 -> 20 | BU32: =(BS32/'Finance Only'!B35)*100 -> 0.63427629 | BV32: =BW31 -> 593290 | BW32: 593710 | BX32: =MAX(0,BW32-BV32) -> 420 | BY32: =BX32-BX31 -> -70 | BZ32: =(BX32/'Finance Only'!B35)*100 -> 1.7759736 | CA32: =CB31 -> 1110800 | CB32: 1111900 | CC32: =MAX(0,CB32-CA32) -> 1100 | CD32: =CC32-CC31 -> -100 | CE32: =(CC32/'Finance Only'!B35)*100 -> 4.6513595 | CF32: =CG31 -> 364620 | CG32: 365100 | CH32: =MAX(0,CG32-CF32) -> 480 | CI32: =CH32-CH31 -> 60 | CJ32: =(CH32/'Finance Only'!B35)*100 -> 2.0296841 | CK32: =CL31 -> 84860 | CL32: 84973 | CM32: =MAX(0,CL32-CK32) -> 113 | CN32: =CM32-CM31 -> 33 | CO32: =(CM32/'Finance Only'!B35)*100 -> 0.47782147 | CP32: =CQ31 -> 703140 | CQ32: 703710 | CR32: =MAX(0,CQ32-CP32) -> 570 | CS32: =CR32-CR31 -> -80 | CT32: =(CR32/'Finance Only'!B35)*100 -> 2.4102499 | CU32: =CV31 -> 582930 | CV32: 583420 | CW32: =MAX(0,CV32-CU32) -> 490 | CX32: =CW32-CW31 -> -250 | CY32: =(CW32/'Finance Only'!B35)*100 -> 2.0719692 | CZ32: =DA31 -> 974410 | DA32: 975140 | DB32: =MAX(0,DA32-CZ32) -> 730 | DC32: =DB32-DB31 -> -90 | DD32: =(DB32/'Finance Only'!B35)*100 -> 3.0868113 | DE32: =DF31 -> 746840 | DF32: 747520 | DG32: =MAX(0,DF32-DE32) -> 680 | DH32: =DG32-DG31 -> -160 | DI32: =(DG32/'Finance Only'!B35)*100 -> 2.8753859 | DJ32: =DK31 -> 647640 | DK32: 648180 | DL32: =MAX(0,DK32-DJ32) -> 540 | DM32: =DL32-DL31 -> -40 | DN32: =(DL32/'Finance Only'!B35)*100 -> 2.2833946 | DO32: =DP31 -> 352090 | DP32: 352360 | DQ32: =MAX(0,DP32-DO32) -> 270 | DR32: =DQ32-DQ31 -> -20 | DS32: =(DQ32/'Finance Only'!B35)*100 -> 1.1416973 | DT32: =DU31 -> 116120 | DU32: 116250 | DV32: =MAX(0,DU32-DT32) -> 130 | DW32: =DV32-DV31 -> -10 | DX32: =(DV32/'Finance Only'!B35)*100 -> 0.54970612 | DY32: =DZ31 -> 744570 | DZ32: 745470 | EA32: =MAX(0,DZ32-DY32) -> 900 | EB32: =EA32-EA31 -> -50 | EC32: =(EA32/'Finance Only'!B35)*100 -> 3.8056577 | ED32: =EE31 -> 237400 | EE32: 237680 | EF32: =MAX(0,EE32-ED32) -> 280 | EG32: =EF32-EF31 -> -10 | EH32: =(EF32/'Finance Only'!B35)*100 -> 1.1839824 | EI32: =EJ31 -> 268520 | EJ32: 268900 | EK32: =MAX(0,EJ32-EI32) -> 380 | EL32: =EK32-EK31 -> -10 | EM32: =(EK32/'Finance Only'!B35)*100 -> 1.6068333 | EN32: =EO31 -> 439990 | EO32: 440440 | EP32: =MAX(0,EO32-EN32) -> 450 | EQ32: =EP32-EP31 -> 50 | ER32: =(EP32/'Finance Only'!B35)*100 -> 1.9028289 | ES32: =ET31 -> 0 | EU32: =MAX(0,ET32-ES32) -> 0 | EV32: =EU32-EU31 -> 0 | EW32: =(EU32/'Finance Only'!B35)*100 -> 0 | EX32: =EY31 -> 0 | EZ32: =MAX(0,EY32-EX32) -> 0 | FA32: =EZ32-EZ31 -> 0 | FB32: =(EZ32/'Finance Only'!G35)*100 -> 0 | FC32: =FD31 -> 0 | FE32: =MAX(0,FD32-FC32) -> 0 | FF32: =FE32-FE31 -> 0 | FG32: =(FE32/'Finance Only'!M35)*100 -> #DIV/0! | FM32: =FN31 -> 0 | FO32: =MAX(0,FN32-FM32) -> 0 | FP32: =FO32-FO31 -> 0 | FQ32: =(FO32/'Finance Only'!R35)*100 -> #DIV/0! | FR32: =FS31 -> 0 | FT32: =MAX(0,FS32-FR32) -> 0 | FU32: =FT32-FT31 -> 0 | FV32: =(FT32/'Finance Only'!W35)*100 -> #DIV/0! | FW32: =FX31 -> 0 | FY32: =MAX(0,FX32-FW32) -> 0 | FZ32: =FY32-FY31 -> 0 | GA32: =(FY32/'Finance Only'!AB35)*100 -> #DIV/0! | GC32: =SUM(E32+J32) -> 6818 | GE32: =SUM(T32+Y32+EA32+EF32+EK32+EP32) -> 7135 | GG32: =SUM(AO32+AT32) -> 2400 | GI32: =SUM(AY32+BD32+BI32) -> 1091 | GK32: =SUM(BN32+BS32+EU32) -> 650 | GM32: =SUM(EZ32+FE32) -> 0
A33: 29 | B33: ='Finance Only'!G36 -> 7043 | C33: =D32 -> 27170354 | D33: 27173648 | E33: =MAX(0,D33-C33) -> 3294 | F33: =E33-E32 -> -11 | G33: =(E33/'Finance Only'!B36)*100 -> 13.578466 | H33: =I32 -> 25105098 | I33: 25108687 | J33: =MAX(0,I33-H33) -> 3589 | K33: =J33-J32 -> 76 | L33: =(J33/'Finance Only'!B36)*100 -> 14.794509 | M33: =N32 -> 92437509 | N33: 92448633 | O33: =MAX(0,N33-M33) -> 11124 | P33: =O33-O32 -> -17 | Q33: =(O33/'Finance Only'!B36)*100 -> 45.855147 | R33: =S32 -> 3138600 | S33: 3141100 | T33: =MAX(0,S33-R33) -> 2500 | U33: =T33-T32 -> 0 | V33: =(T33/'Finance Only'!B36)*100 -> 10.305454 | W33: =X32 -> 4220167 | X33: 4222883 | Y33: =MAX(0,X33-W33) -> 2716 | Z33: =Y33-Y32 -> 91 | AA33: =(Y33/'Finance Only'!B36)*100 -> 11.195845 | AB33: =AC32 -> 2744100 | AC33: 2745700 | AD33: =MAX(0,AC33-AB33) -> 1600 | AE33: =AD33/WATER!V34 -> 5.015674 | AF33: =AD33-AD32 -> -100 | AG33: =(AD33/'Finance Only'!B36)*100 -> 6.5954903 | AH33: =AI32 -> 1103493 | AI33: 1103947 | AJ33: =MAX(0,AI33-AH33) -> 454 | AK33: =AJ33-AJ32 -> 6 | AL33: =(AJ33/'Finance Only'!B36)*100 -> 1.8714704 | AM33: =AN32 -> 1117800 | AN33: 1118500 | AO33: =MAX(0,AN33-AM33) -> 700 | AP33: =AO33-AO32 -> -100 | AQ33: =(AO33/'Finance Only'!B36)*100 -> 2.885527 | AR33: =AS32 -> 2497400 | AS33: 2499000 | AT33: =MAX(0,AS33-AR33) -> 1600 | AU33: =AT33-AT32 -> 0 | AV33: =(AT33/'Finance Only'!B36)*100 -> 6.5954903 | AW33: =AX32 -> 24276 | AX33: 24624 | AY33: =MAX(0,AX33-AW33) -> 348 | AZ33: =AY33-AY32 -> -43 | BA33: =(AY33/'Finance Only'!B36)*100 -> 1.4345191 | BB33: =BC32 -> 1006700 | BC33: 1007100 | BD33: =MAX(0,BC33-BB33) -> 400 | BE33: =BD33-BD32 -> 0 | BF33: =(BD33/'Finance Only'!B36)*100 -> 1.6488726 | BG33: =BH32 -> 1080600 | BH33: 1080800 | BI33: =MAX(0,BH33-BG33) -> 200 | BJ33: =BI33-BI32 -> -100 | BK33: =(BI33/'Finance Only'!B36)*100 -> 0.82443629 | BL33: =BM32 -> 1606900 | BM33: 1607400 | BN33: =MAX(0,BM33-BL33) -> 500 | BO33: =BN33-BN32 -> 0 | BP33: =(BN33/'Finance Only'!B36)*100 -> 2.0610907 | BQ33: =BR32 -> 140320 | BR33: 140480 | BS33: =MAX(0,BR33-BQ33) -> 160 | BT33: =BS33-BS32 -> 10 | BU33: =(BS33/'Finance Only'!B36)*100 -> 0.65954903 | BV33: =BW32 -> 593710 | BW33: 594160 | BX33: =MAX(0,BW33-BV33) -> 450 | BY33: =BX33-BX32 -> 30 | BZ33: =(BX33/'Finance Only'!B36)*100 -> 1.8549817 | CA33: =CB32 -> 1111900 | CB33: 1113000 | CC33: =MAX(0,CB33-CA33) -> 1100 | CD33: =CC33-CC32 -> 0 | CE33: =(CC33/'Finance Only'!B36)*100 -> 4.5343996 | CF33: =CG32 -> 365100 | CG33: 365600 | CH33: =MAX(0,CG33-CF33) -> 500 | CI33: =CH33-CH32 -> 20 | CJ33: =(CH33/'Finance Only'!B36)*100 -> 2.0610907 | CK33: =CL32 -> 84973 | CL33: 85059 | CM33: =MAX(0,CL33-CK33) -> 86 | CN33: =CM33-CM32 -> -27 | CO33: =(CM33/'Finance Only'!B36)*100 -> 0.35450761 | CP33: =CQ32 -> 703710 | CQ33: 704380 | CR33: =MAX(0,CQ33-CP33) -> 670 | CS33: =CR33-CR32 -> 100 | CT33: =(CR33/'Finance Only'!B36)*100 -> 2.7618616 | CU33: =CV32 -> 583420 | CV33: 584000 | CW33: =MAX(0,CV33-CU33) -> 580 | CX33: =CW33-CW32 -> 90 | CY33: =(CW33/'Finance Only'!B36)*100 -> 2.3908652 | CZ33: =DA32 -> 975140 | DA33: 975940 | DB33: =MAX(0,DA33-CZ33) -> 800 | DC33: =DB33-DB32 -> 70 | DD33: =(DB33/'Finance Only'!B36)*100 -> 3.2977452 | DE33: =DF32 -> 747520 | DF33: 748250 | DG33: =MAX(0,DF33-DE33) -> 730 | DH33: =DG33-DG32 -> 50 | DI33: =(DG33/'Finance Only'!B36)*100 -> 3.0091925 | DJ33: =DK32 -> 648180 | DK33: 648700 | DL33: =MAX(0,DK33-DJ33) -> 520 | DM33: =DL33-DL32 -> -20 | DN33: =(DL33/'Finance Only'!B36)*100 -> 2.1435344 | DO33: =DP32 -> 352360 | DP33: 352650 | DQ33: =MAX(0,DP33-DO33) -> 290 | DR33: =DQ33-DQ32 -> 20 | DS33: =(DQ33/'Finance Only'!B36)*100 -> 1.1954326 | DT33: =DU32 -> 116250 | DU33: 116360 | DV33: =MAX(0,DU33-DT33) -> 110 | DW33: =DV33-DV32 -> -20 | DX33: =(DV33/'Finance Only'!B36)*100 -> 0.45343996 | DY33: =DZ32 -> 745470 | DZ33: 746400 | EA33: =MAX(0,DZ33-DY33) -> 930 | EB33: =EA33-EA32 -> 30 | EC33: =(EA33/'Finance Only'!B36)*100 -> 3.8336288 | ED33: =EE32 -> 237680 | EE33: 237960 | EF33: =MAX(0,EE33-ED33) -> 280 | EG33: =EF33-EF32 -> 0 | EH33: =(EF33/'Finance Only'!B36)*100 -> 1.1542108 | EI33: =EJ32 -> 268900 | EJ33: 269100 | EK33: =MAX(0,EJ33-EI33) -> 200 | EL33: =EK33-EK32 -> -180 | EM33: =(EK33/'Finance Only'!B36)*100 -> 0.82443629 | EN33: =EO32 -> 440440 | EO33: 440890 | EP33: =MAX(0,EO33-EN33) -> 450 | EQ33: =EP33-EP32 -> 0 | ER33: =(EP33/'Finance Only'!B36)*100 -> 1.8549817 | ES33: =ET32 -> 0 | EU33: =MAX(0,ET33-ES33) -> 0 | EV33: =EU33-EU32 -> 0 | EW33: =(EU33/'Finance Only'!B36)*100 -> 0 | EX33: =EY32 -> 0 | EZ33: =MAX(0,EY33-EX33) -> 0 | FA33: =EZ33-EZ32 -> 0 | FB33: =(EZ33/'Finance Only'!G36)*100 -> 0 | FC33: =FD32 -> 0 | FE33: =MAX(0,FD33-FC33) -> 0 | FF33: =FE33-FE32 -> 0 | FG33: =(FE33/'Finance Only'!M36)*100 -> #DIV/0! | FM33: =FN32 -> 0 | FO33: =MAX(0,FN33-FM33) -> 0 | FP33: =FO33-FO32 -> 0 | FQ33: =(FO33/'Finance Only'!R36)*100 -> #DIV/0! | FR33: =FS32 -> 0 | FT33: =MAX(0,FS33-FR33) -> 0 | FU33: =FT33-FT32 -> 0 | FV33: =(FT33/'Finance Only'!W36)*100 -> #DIV/0! | FW33: =FX32 -> 0 | FY33: =MAX(0,FX33-FW33) -> 0 | FZ33: =FY33-FY32 -> 0 | GA33: =(FY33/'Finance Only'!AB36)*100 -> #DIV/0! | GC33: =SUM(E33+J33) -> 6883 | GE33: =SUM(T33+Y33+EA33+EF33+EK33+EP33) -> 7076 | GG33: =SUM(AO33+AT33) -> 2300 | GI33: =SUM(AY33+BD33+BI33) -> 948 | GK33: =SUM(BN33+BS33+EU33) -> 660 | GM33: =SUM(EZ33+FE33) -> 0
A34: 30 | B34: ='Finance Only'!G37 -> 18 | C34: =D33 -> 27173648 | D34: 27177342 | E34: =MAX(0,D34-C34) -> 3694 | F34: =E34-E33 -> 400 | G34: =(E34/'Finance Only'!B37)*100 -> 14.96516 | H34: =I33 -> 25108687 | I34: 25112538 | J34: =MAX(0,I34-H34) -> 3851 | K34: =J34-J33 -> 262 | L34: =(J34/'Finance Only'!B37)*100 -> 15.601199 | M34: =N33 -> 92448633 | N34: 92459931 | O34: =MAX(0,N34-M34) -> 11298 | P34: =O34-O33 -> 174 | Q34: =(O34/'Finance Only'!B37)*100 -> 45.77054 | R34: =S33 -> 3141100 | S34: 3143700 | T34: =MAX(0,S34-R34) -> 2600 | U34: =T34-T33 -> 100 | V34: =(T34/'Finance Only'!B37)*100 -> 10.533139 | W34: =X33 -> 4222883 | X34: 4225676 | Y34: =MAX(0,X34-W34) -> 2793 | Z34: =Y34-Y33 -> 77 | AA34: =(Y34/'Finance Only'!B37)*100 -> 11.315022 | AB34: =AC33 -> 2745700 | AC34: 2747500 | AD34: =MAX(0,AC34-AB34) -> 1800 | AE34: =AD34/WATER!V35 -> 5.2478134 | AF34: =AD34-AD33 -> 200 | AG34: =(AD34/'Finance Only'!B37)*100 -> 7.2921731 | AH34: =AI33 -> 1103947 | AI34: 1104440 | AJ34: =MAX(0,AI34-AH34) -> 493 | AK34: =AJ34-AJ33 -> 39 | AL34: =(AJ34/'Finance Only'!B37)*100 -> 1.9972452 | AM34: =AN33 -> 1118500 | AN34: 1119200 | AO34: =MAX(0,AN34-AM34) -> 700 | AP34: =AO34-AO33 -> 0 | AQ34: =(AO34/'Finance Only'!B37)*100 -> 2.8358451 | AR34: =AS33 -> 2499000 | AS34: 2500500 | AT34: =MAX(0,AS34-AR34) -> 1500 | AU34: =AT34-AT33 -> -100 | AV34: =(AT34/'Finance Only'!B37)*100 -> 6.0768109 | AW34: =AX33 -> 24624 | AX34: 25016 | AY34: =MAX(0,AX34-AW34) -> 392 | AZ34: =AY34-AY33 -> 44 | BA34: =(AY34/'Finance Only'!B37)*100 -> 1.5880732 | BB34: =BC33 -> 1007100 | BC34: 1007500 | BD34: =MAX(0,BC34-BB34) -> 400 | BE34: =BD34-BD33 -> 0 | BF34: =(BD34/'Finance Only'!B37)*100 -> 1.6204829 | BG34: =BH33 -> 1080800 | BH34: 1081100 | BI34: =MAX(0,BH34-BG34) -> 300 | BJ34: =BI34-BI33 -> 100 | BK34: =(BI34/'Finance Only'!B37)*100 -> 1.2153622 | BL34: =BM33 -> 1607400 | BM34: 1607900 | BN34: =MAX(0,BM34-BL34) -> 500 | BO34: =BN34-BN33 -> 0 | BP34: =(BN34/'Finance Only'!B37)*100 -> 2.0256036 | BQ34: =BR33 -> 140480 | BR34: 140620 | BS34: =MAX(0,BR34-BQ34) -> 140 | BT34: =BS34-BS33 -> -20 | BU34: =(BS34/'Finance Only'!B37)*100 -> 0.56716902 | BV34: =BW33 -> 594160 | BW34: 594570 | BX34: =MAX(0,BW34-BV34) -> 410 | BY34: =BX34-BX33 -> -40 | BZ34: =(BX34/'Finance Only'!B37)*100 -> 1.660995 | CA34: =CB33 -> 1113000 | CB34: 1114100 | CC34: =MAX(0,CB34-CA34) -> 1100 | CD34: =CC34-CC33 -> 0 | CE34: =(CC34/'Finance Only'!B37)*100 -> 4.456328 | CF34: =CG33 -> 365600 | CG34: 366080 | CH34: =MAX(0,CG34-CF34) -> 480 | CI34: =CH34-CH33 -> -20 | CJ34: =(CH34/'Finance Only'!B37)*100 -> 1.9445795 | CK34: =CL33 -> 85059 | CL34: 85131 | CM34: =MAX(0,CL34-CK34) -> 72 | CN34: =CM34-CM33 -> -14 | CO34: =(CM34/'Finance Only'!B37)*100 -> 0.29168692 | CP34: =CQ33 -> 704380 | CQ34: 705090 | CR34: =MAX(0,CQ34-CP34) -> 710 | CS34: =CR34-CR33 -> 40 | CT34: =(CR34/'Finance Only'!B37)*100 -> 2.8763572 | CU34: =CV33 -> 584000 | CV34: 584610 | CW34: =MAX(0,CV34-CU34) -> 610 | CX34: =CW34-CW33 -> 30 | CY34: =(CW34/'Finance Only'!B37)*100 -> 2.4712364 | CZ34: =DA33 -> 975940 | DA34: 976850 | DB34: =MAX(0,DA34-CZ34) -> 910 | DC34: =DB34-DB33 -> 110 | DD34: =(DB34/'Finance Only'!B37)*100 -> 3.6865986 | DE34: =DF33 -> 748250 | DF34: 749080 | DG34: =MAX(0,DF34-DE34) -> 830 | DH34: =DG34-DG33 -> 100 | DI34: =(DG34/'Finance Only'!B37)*100 -> 3.362502 | DJ34: =DK33 -> 648700 | DK34: 649280 | DL34: =MAX(0,DK34-DJ34) -> 580 | DM34: =DL34-DL33 -> 60 | DN34: =(DL34/'Finance Only'!B37)*100 -> 2.3497002 | DO34: =DP33 -> 352650 | DP34: 352930 | DQ34: =MAX(0,DP34-DO34) -> 280 | DR34: =DQ34-DQ33 -> -10 | DS34: =(DQ34/'Finance Only'!B37)*100 -> 1.134338 | DT34: =DU33 -> 116360 | DU34: 116480 | DV34: =MAX(0,DU34-DT34) -> 120 | DW34: =DV34-DV33 -> 10 | DX34: =(DV34/'Finance Only'!B37)*100 -> 0.48614487 | DY34: =DZ33 -> 746400 | DZ34: 747160 | EA34: =MAX(0,DZ34-DY34) -> 760 | EB34: =EA34-EA33 -> -170 | EC34: =(EA34/'Finance Only'!B37)*100 -> 3.0789175 | ED34: =EE33 -> 237960 | EE34: 238240 | EF34: =MAX(0,EE34-ED34) -> 280 | EG34: =EF34-EF33 -> 0 | EH34: =(EF34/'Finance Only'!B37)*100 -> 1.134338 | EI34: =EJ33 -> 269100 | EJ34: 269470 | EK34: =MAX(0,EJ34-EI34) -> 370 | EL34: =EK34-EK33 -> 170 | EM34: =(EK34/'Finance Only'!B37)*100 -> 1.4989467 | EN34: =EO33 -> 440890 | EO34: 441380 | EP34: =MAX(0,EO34-EN34) -> 490 | EQ34: =EP34-EP33 -> 40 | ER34: =(EP34/'Finance Only'!B37)*100 -> 1.9850916 | ES34: =ET33 -> 0 | EU34: =MAX(0,ET34-ES34) -> 0 | EV34: =EU34-EU33 -> 0 | EW34: =(EU34/'Finance Only'!B37)*100 -> 0 | EX34: =EY33 -> 0 | EZ34: =MAX(0,EY34-EX34) -> 0 | FA34: =EZ34-EZ33 -> 0 | FB34: =(EZ34/'Finance Only'!G37)*100 -> 0 | FC34: =FD33 -> 0 | FE34: =MAX(0,FD34-FC34) -> 0 | FF34: =FE34-FE33 -> 0 | FG34: =(FE34/'Finance Only'!M37)*100 -> #DIV/0! | FM34: =FN33 -> 0 | FO34: =MAX(0,FN34-FM34) -> 0 | FP34: =FO34-FO33 -> 0 | FQ34: =(FO34/'Finance Only'!R37)*100 -> #DIV/0! | FR34: =FS33 -> 0 | FT34: =MAX(0,FS34-FR34) -> 0 | FU34: =FT34-FT33 -> 0 | FV34: =(FT34/'Finance Only'!W37)*100 -> #DIV/0! | FW34: =FX33 -> 0 | FY34: =MAX(0,FX34-FW34) -> 0 | FZ34: =FY34-FY33 -> 0 | GA34: =(FY34/'Finance Only'!AB37)*100 -> #DIV/0! | GC34: =SUM(E34+J34) -> 7545 | GE34: =SUM(T34+Y34+EA34+EF34+EK34+EP34) -> 7293 | GG34: =SUM(AO34+AT34) -> 2200 | GI34: =SUM(AY34+BD34+BI34) -> 1092 | GK34: =SUM(BN34+BS34+EU34) -> 640 | GM34: =SUM(EZ34+FE34) -> 0
