Workbook

Sheet TOTAL
A1: Site Name | B1: Day | C1: Month | D1: Year | E1: Total Electricity Kwh | F1: Electricity Tariff ($/Kwh) | G1: LPG (Kg) | H1: LPG $/Kg | I1: Water Utility Supply (m3) m3 | J1: Water Utility Supply (m3) $/m3 | K1: Room Nights | L1: Food Covers
A2: Maldives at Landaa Giraavaru | B2: 1 | C2: 10 | D2: 2021 | E2: ='Maldives at LG Daily'!D5 -> 23451 | F2: 0.93 | G2: ='Maldives at LG Daily'!F5 -> 180 | H2: 1.24 | I2: ='Maldives at LG Daily'!H5 -> 0 | J2: 2.16 | K2: ='Maldives at LG Daily'!I5 -> 0 | L2: ='Maldives at LG Daily'!J5 -> 1797
A3: Maldives at Landaa Giraavaru | B3: =B2+1 -> 2 | C3: 10 | D3: 2021 | E3: ='Maldives at LG Daily'!D6 -> 21626 | F3: 0.93 | G3: ='Maldives at LG Daily'!F6 -> 45 | H3: 1.24 | I3: ='Maldives at LG Daily'!H6 -> 5232 | J3: 2.16 | K3: ='Maldives at LG Daily'!I6 -> 5275 | L3: ='Maldives at LG Daily'!J6 -> 2735
A4: Maldives at Landaa Giraavaru | B4: =B3+1 -> 3 | C4: 10 | D4: 2021 | E4: ='Maldives at LG Daily'!D7 -> 23924 | F4: 0.93 | G4: ='Maldives at LG Daily'!F7 -> 0 | H4: 1.24 | I4: ='Maldives at LG Daily'!H7 -> 5467 | J4: 2.16 | K4: ='Maldives at LG Daily'!I7 -> 3209 | L4: ='Maldives at LG Daily'!J7 -> 2624
A5: Maldives at Landaa Giraavaru | B5: =B4+1 -> 4 | C5: 10 | D5: 2021 | E5: ='Maldives at LG Daily'!D8 -> 23294 | F5: 0.93 | G5: ='Maldives at LG Daily'!F8 -> 0 | H5: 1.24 | I5: ='Maldives at LG Daily'!H8 -> 5758 | J5: 2.16 | K5: ='Maldives at LG Daily'!I8 -> 7157 | L5: ='Maldives at LG Daily'!J8 -> 1595
A6: Maldives at Landaa Giraavaru | B6: =B5+1 -> 5 | C6: 10 | D6: 2021 | E6: ='Maldives at LG Daily'!D9 -> 22493 | F6: 0.93 | G6: ='Maldives at LG Daily'!F9 -> 0 | H6: 1.24 | I6: ='Maldives at LG Daily'!H9 -> 10548 | J6: 2.16 | K6: ='Maldives at LG Daily'!I9 -> 2548 | L6: ='Maldives at LG Daily'!J9 -> 27
A7: Maldives at Landaa Giraavaru | B7: =B6+1 -> 6 | C7: 10 | D7: 2021 | E7: ='Maldives at LG Daily'!D10 -> 23652 | F7: 0.93 | G7: ='Maldives at LG Daily'!F10 -> 0 | H7: 1.24 | I7: ='Maldives at LG Daily'!H10 -> 9782 | J7: 2.16 | K7: ='Maldives at LG Daily'!I10 -> 6770 | L7: ='Maldives at LG Daily'!J10 -> 1524
A8: Maldives at Landaa Giraavaru | B8: =B7+1 -> 7 | C8: 10 | D8: 2021 | E8: ='Maldives at LG Daily'!D11 -> 24002 | F8: 0.93 | G8: ='Maldives at LG Daily'!F11 -> 45 | H8: 1.24 | I8: ='Maldives at LG Daily'!H11 -> 7514 | J8: 2.16 | K8: ='Maldives at LG Daily'!I11 -> 2259 | L8: ='Maldives at LG Daily'!J11 -> 2657
A9: Maldives at Landaa Giraavaru | B9: =B8+1 -> 8 | C9: 10 | D9: 2021 | E9: ='Maldives at LG Daily'!D12 -> 24528 | F9: 0.93 | G9: ='Maldives at LG Daily'!F12 -> 0 | H9: 1.24 | I9: ='Maldives at LG Daily'!H12 -> 8568 | J9: 2.16 | K9: ='Maldives at LG Daily'!I12 -> 1552 | L9: ='Maldives at LG Daily'!J12 -> 1657
A10: Maldives at Landaa Giraavaru | B10: =B9+1 -> 9 | C10: 10 | D10: 2021 | E10: ='Maldives at LG Daily'!D13 -> 25400 | F10: 0.93 | G10: ='Maldives at LG Daily'!F13 -> 90 | H10: 1.24 | I10: ='Maldives at LG Daily'!H13 -> 8114 | J10: 2.16 | K10: ='Maldives at LG Daily'!I13 -> 3348 | L10: ='Maldives at LG Daily'!J13 -> 2157
A11: Maldives at Landaa Giraavaru | B11: =B10+1 -> 10 | C11: 10 | D11: 2021 | E11: ='Maldives at LG Daily'!D14 -> 25384 | F11: 0.93 | G11: ='Maldives at LG Daily'!F14 -> 0 | H11: 1.24 | I11: ='Maldives at LG Daily'!H14 -> 9992 | J11: 2.16 | K11: ='Maldives at LG Daily'!I14 -> 5298 | L11: ='Maldives at LG Daily'!J14 -> 1966
A12: Maldives at Landaa Giraavaru | B12: =B11+1 -> 11 | C12: 10 | D12: 2021 | E12: ='Maldives at LG Daily'!D15 -> 26115 | F12: 0.93 | G12: ='Maldives at LG Daily'!F15 -> 0 | H12: 1.24 | I12: ='Maldives at LG Daily'!H15 -> 5674 | J12: 2.16 | K12: ='Maldives at LG Daily'!I15 -> 422 | L12: ='Maldives at LG Daily'!J15 -> 3230
A13: Maldives at Landaa Giraavaru | B13: =B12+1 -> 12 | C13: 10 | D13: 2021 | E13: ='Maldives at LG Daily'!D16 -> 25368 | F13: 0.93 | G13: ='Maldives at LG Daily'!F16 -> 0 | H13: 1.24 | I13: ='Maldives at LG Daily'!H16 -> 6028 | J13: 2.16 | K13: ='Maldives at LG Daily'!I16 -> 0 | L13: ='Maldives at LG Daily'!J16 -> 2611
A14: Maldives at Landaa Giraavaru | B14: =B13+1 -> 13 | C14: 10 | D14: 2021 | E14: ='Maldives at LG Daily'!D17 -> 26433 | F14: 0.93 | G14: ='Maldives at LG Daily'!F17 -> 90 | H14: 1.24 | I14: ='Maldives at LG Daily'!H17 -> 9672 | J14: 2.16 | K14: ='Maldives at LG Daily'!I17 -> 4600 | L14: ='Maldives at LG Daily'!J17 -> 3947
... A30: Maldives at Landaa Giraavaru | B30: =B29+1 -> 29 | C30: 10 | D30: 2021 | E30: ='Maldives at LG Daily'!D33 -> 27036 | F30: 0.93 | G30: ='Maldives at LG Daily'!F33 -> 45 | H30: 1.24 | I30: ='Maldives at LG Daily'!H33 -> 4324 | J30: 2.16 | K30: ='Maldives at LG Daily'!I33 -> 1831 | L30: ='Maldives at LG Daily'!J33 -> 4310
A31: Maldives at Landaa Giraavaru | B31: 30 | C31: 10 | D31: 2021 | E31: ='Maldives at LG Daily'!D34 -> 26752 | F31: 0.93 | G31: ='Maldives at LG Daily'!F34 -> 0 | H31: 1.24 | I31: ='Maldives at LG Daily'!H34 -> 8451 | J31: 2.16 | K31: ='Maldives at LG Daily'!I34 -> 0 | L31: ='Maldives at LG Daily'!J34 -> 4396
A32: Maldives at Landaa Giraavaru | B32: 31 | C32: 10 | D32: 2021 | E32: ='Maldives at LG Daily'!D35 -> 27036 | F32: 0.93 | G32: ='Maldives at LG Daily'!F35 -> 45 | H32: 1.24 | I32: ='Maldives at LG Daily'!H35 -> 8540 | J32: 2.16 | K32: ='Maldives at LG Daily'!I35 -> 4461 | L32: ='Maldives at LG Daily'!J35 -> 1022

Sheet Submetering 
A1: Site Name | B1: Day | C1: Month | D1: Year | E1: GENSET NO 1 | F1: GENSET NO 2 | G1: GENSET NO 3 | H1: GENSET NO 4 | I1: GENSET NO 5 | J1: Main BLU FEEDER PANEL 1 | K1: Main BLU FEEDER PANEL 2 | L1: Main POWER HOUSE FEEDER PANEL NO:3 | M1: Main Kitchen -7 | N1: Main Kitchen -10 | O1: Water treatment Plant | P1: Sewage treatment Plant | Q1: Laundry--8SSB (Machineries) | R1: Laundry-9 (HR/Tuck Shop Building) | S1: New staff accomodation (E0) | T1: Staff block-16(E2-E3) | U1: Staff Block Feeder-3(E4-E5) | V1: Management block-5 (M1 to M6) | W1: SNR STAFF BLOCK (PC Block) | X1: BOAT DOCK FEEDER - 22 | Y1: RECEPTION Building Full (Finance/Reservation) | Z1: DIVE CENTER (Inc MDC and Recreation) | AA1: 301-307 | AB1: 308-314 | AC1: 315-320 | AD1: 401-407 | AE1: 408-414 | AF1: 415-420 | AG1: SPA - 1 | AH1: SPA - 2 | AI1: BLU KITCHEN - 1 | AJ1: BLU KITCHEN - 2 | AK1: AL BARAKATH | AL1: STAFF KITCHEN | AM1: R/O Plant A | AN1: R/O Plant B | AO1: R/O Plant C | AP1: R/O Plant D | AQ1: Laundry | AR1: Staff Block - E0 | AS1: Staff Block - E1 | AT1: Staff Block - E2 | AU1: Staff Block - E3 | AV1: Staff Block - E4 | AW1: Staff Block - E5 | AX1: Management Block | AY1: PC Block | AZ1: GM Bungalow | BA1: Boat Dock | BB1: Supply Jetty | BC1: Main Kitchen | BD1: Day Facility | BE1: Reception | BF1: Main Pool | BG1: Dive Center | BH1: Albarakthu | BI1: Blu Resturant | BJ1: Main Jetty | BK1: Landaa Estate | BL1: ROOM NIGHTS | BM1: Total Food Covers
A2: Maldives at Landaa Giraavaru | B2: 1 | C2: 10 | D2: 2021 | E2: 11980 | F2: 0 | G2: 0 | H2: 1797 | I2: 9674 | J2: 2022 | K2: 3360 | L2: 13461 | M2: 1500 | N2: 2615 | O2: 1500 | P2: 796 | Q2: 580 | R2: 785 | S2: 443 | T2: 871 | U2: 865 | V2: 1205 | W2: 944 | X2: 355 | Y2: 1250 | Z2: 380 | AA2: 0 | AB2: 700 | AC2: 410 | AD2: 910 | AE2: 710 | AF2: 490 | AG2: 170 | AH2: 143 | AI2: 630 | AJ2: 200 | AK2: 220 | AL2: 490 | AM2: 0 | AN2: 14 | AO2: 249 | AP2: 77 | AQ2: 16 | AR2: 5 | AS2: 6 | AT2: 9 | AU2: 6 | AV2: 7 | AW2: 7 | AX2: 10 | AY2: 2 | AZ2: 0 | BA2: 4 | BB2: 9 | BC2: 22 | BD2: 5 | BE2: 1 | BF2: 23 | BG2: 3 | BH2: 1 | BI2: 26 | BJ2: 1 | BK2: 0 | BL2: 11.7 | BM2: 94
A3: Maldives at Landaa Giraavaru | B3: 2 | C3: 10 | D3: 2021 | E3: 399 | F3: 5232 | G3: 5275 | H3: 2735 | I3: 7985 | J3: 1986 | K3: 3311 | L3: 11790 | M3: 1500 | N3: 2541 | O3: 1500 | P3: 701 | Q3: 570 | R3: 600 | S3: 370 | T3: 760 | U3: 660 | V3: 1000 | W3: 135 | X3: 360 | Y3: 1180 | Z3: 350 | AA3: 1770 | AB3: 700 | AC3: 450 | AD3: 910 | AE3: 880 | AF3: 440 | AG3: 170 | AH3: 109 | AI3: 620 | AJ3: 220 | AK3: 310 | AL3: 490 | AM3: 70 | AN3: 8 | AO3: 256 | AP3: 15 | AQ3: 15 | AR3: 4 | AS3: 5 | AT3: 10 | AU3: 6 | AV3: 6 | AW3: 7 | AX3: 10 | AY3: 2 | AZ3: 0 | BA3: 3 | BB3: 3 | BC3: 21 | BD3: 4 | BE3: 1 | BF3: 5 | BG3: 1 | BH3: 2 | BI3: 22 | BJ3: 1 | BK3: 1 | BL3: 15.5 | BM3: 119
A4: Maldives at Landaa Giraavaru | B4: 3 | C4: 10 | D4: 2021 | E4: 4555 | F4: 5467 | G4: 3209 | H4: 2624 | I4: 8069 | J4: 2234 | K4: 3865 | L4: 12898 | M4: 1500 | N4: 2753 | O4: 1500 | P4: 756 | Q4: 580 | R4: 1200 | S4: 410 | T4: 910 | U4: 730 | V4: 1400 | W4: 179 | X4: 400 | Y4: 1240 | Z4: 410 | AA4: 820 | AB4: 760 | AC4: 520 | AD4: 1080 | AE4: 870 | AF4: 445 | AG4: 190 | AH4: 120 | AI4: 640 | AJ4: 220 | AK4: 290 | AL4: 350 | AM4: 25 | AN4: 10 | AO4: 249 | AP4: 62 | AQ4: 16 | AR4: 7 | AS4: 7 | AT4: 10 | AU4: 7 | AV4: 9 | AW4: 7 | AX4: 11 | AY4: 3 | AZ4: 1 | BA4: 4 | BB4: 0 | BC4: 24 | BD4: 7 | BE4: 0 | BF4: 7 | BG4: 1 | BH4: 1 | BI4: 0 | BJ4: 2 | BK4: 8 | BL4: 19.4 | BM4: 156
A5: Maldives at Landaa Giraavaru | B5: 4 | C5: 10 | D5: 2021 | E5: 7287 | F5: 5758 | G5: 7157 | H5: 1595 | I5: 1497 | J5: 2208 | K5: 3858 | L5: 13231 | M5: 1500 | N5: 2550 | O5: 1500 | P5: 753 | Q5: 540 | R5: 700 | S5: 407 | T5: 980 | U5: 760 | V5: 1300 | W5: 151 | X5: 430 | Y5: 1180 | Z5: 410 | AA5: 760 | AB5: 770 | AC5: 440 | AD5: 1080 | AE5: 880 | AF5: 795 | AG5: 180 | AH5: 122 | AI5: 610 | AJ5: 210 | AK5: 400 | AL5: 650 | AM5: 11 | AN5: 62 | AO5: 222 | AP5: 45 | AQ5: 16 | AR5: 6 | AS5: 6 | AT5: 8 | AU5: 7 | AV5: 7 | AW5: 7 | AX5: 8 | AY5: 2 | AZ5: 0 | BA5: 10 | BB5: 3 | BC5: 20 | BD5: 4 | BE5: 1 | BF5: 9 | BG5: 2 | BH5: 2 | BI5: 0 | BJ5: 3 | BK5: 11 | BL5: 18.4 | BM5: 141
A6: Maldives at Landaa Giraavaru | B6: 5 | C6: 10 | D6: 2021 | E6: 4695 | F6: 10548 | G6: 2548 | H6: 27 | I6: 4675 | J6: 2083 | K6: 3329 | L6: 12533 | M6: 1600 | N6: 2609 | O6: 1400 | P6: 803 | Q6: 530 | R6: 1300 | S6: 376 | T6: 960 | U6: 670 | V6: 1400 | W6: 130 | X6: 420 | Y6: 1150 | Z6: 350 | AA6: 610 | AB6: 680 | AC6: 390 | AD6: 1000 | AE6: 750 | AF6: 510 | AG6: 170 | AH6: 138 | AI6: 590 | AJ6: 210 | AK6: 320 | AL6: 530 | AM6: 1 | AN6: 0 | AO6: 217 | AP6: 57 | AQ6: 21 | AR6: 6 | AS6: 8 | AT6: 9 | AU6: 5 | AV6: 4 | AW6: 9 | AX6: 8 | AY6: 1 | AZ6: 0 | BA6: 2 | BB6: 5 | BC6: 21 | BD6: 3 | BE6: 1 | BF6: 3 | BG6: 2 | BH6: 3 | BI6: 0 | BJ6: 2 | BK6: 0 | BL6: 18.4 | BM6: 131
A7: Maldives at Landaa Giraavaru | B7: 6 | C7: 10 | D7: 2021 | E7: 5576 | F7: 9782 | G7: 6770 | H7: 1524 | I7: 0 | J7: 2341 | K7: 4031 | L7: 12944 | M7: 1600 | N7: 2746 | O7: 1500 | P7: 809 | Q7: 600 | R7: 700 | S7: 379 | T7: 960 | U7: 730 | V7: 1300 | W7: 155 | X7: 430 | Y7: 1200 | Z7: 380 | AA7: 750 | AB7: 750 | AC7: 480 | AD7: 1280 | AE7: 860 | AF7: 650 | AG7: 190 | AH7: 138 | AI7: 610 | AJ7: 230 | AK7: 300 | AL7: 480 | AM7: 3 | AN7: 61 | AO7: 225 | AP7: 75 | AQ7: 10 | AR7: 5 | AS7: 8 | AT7: 8 | AU7: 7 | AV7: 9 | AW7: 4 | AX7: 12 | AY7: 3 | AZ7: 0 | BA7: 5 | BB7: 0 | BC7: 21 | BD7: 7 | BE7: 0 | BF7: 2 | BG7: 1 | BH7: 1 | BI7: 0 | BJ7: 2 | BK7: 5 | BL7: 14.6 | BM7: 122
A8: Maldives at Landaa Giraavaru | B8: 7 | C8: 10 | D8: 2021 | E8: 4603 | F8: 7514 | G8: 2259 | H8: 2657 | I8: 6969 | J8: 2355 | K8: 4044 | L8: 12706 | M8: 1600 | N8: 2711 | O8: 1500 | P8: 687 | Q8: 560 | R8: 1500 | S8: 393 | T8: 920 | U8: 770 | V8: 1200 | W8: 120 | X8: 460 | Y8: 1210 | Z8: 380 | AA8: 750 | AB8: 810 | AC8: 500 | AD8: 1290 | AE8: 880 | AF8: 650 | AG8: 180 | AH8: 129 | AI8: 640 | AJ8: 200 | AK8: 350 | AL8: 520 | AM8: 0 | AN8: 53 | AO8: 218 | AP8: 52 | AQ8: 15 | AR8: 6 | AS8: 5 | AT8: 10 | AU8: 7 | AV8: 7 | AW8: 7 | AX8: 11 | AY8: 1 | AZ8: 0 | BA8: 2 | BB8: 2 | BC8: 20 | BD8: 6 | BE8: 1 | BF8: 4 | BG8: 2 | BH8: 2 | BI8: 62 | BJ8: 1 | BK8: 3 | BL8: 15.5 | BM8: 134
A9: Maldives at Landaa Giraavaru | B9: 8 | C9: 10 | D9: 2021 | E9: 6403 | F9: 8568 | G9: 1552 | H9: 1657 | I9: 6348 | J9: 2472 | K9: 4490 | L9: 13014 | M9: 1700 | N9: 2815 | O9: 1400 | P9: 734 | Q9: 580 | R9: 800 | S9: 399 | T9: 990 | U9: 830 | V9: 1300 | W9: 163 | X9: 410 | Y9: 1210 | Z9: 470 | AA9: 850 | AB9: 840 | AC9: 550 | AD9: 1280 | AE9: 1130 | AF9: 680 | AG9: 250 | AH9: 132 | AI9: 650 | AJ9: 260 | AK9: 310 | AL9: 500 | AM9: 0 | AN9: 44 | AO9: 211 | AP9: 82 | AQ9: 17 | AR9: 4 | AS9: 2 | AT9: 10 | AU9: 5 | AV9: 6 | AW9: 7 | AX9: 9 | AY9: 2 | AZ9: 1 | BA9: 2 | BB9: 7 | BC9: 22 | BD9: 5 | BE9: 1 | BF9: 2 | BG9: 1 | BH9: 0 | BI9: 0 | BJ9: 2 | BK9: 4 | BL9: 17.5 | BM9: 126
A10: Maldives at Landaa Giraavaru | B10: 9 | C10: 10 | D10: 2021 | E10: 6008 | F10: 8114 | G10: 3348 | H10: 2157 | I10: 5773 | J10: 2526 | K10: 4139 | L10: 13392 | M10: 1600 | N10: 2794 | O10: 1800 | P10: 807 | Q10: 570 | R10: 1300 | S10: 420 | T10: 970 | U10: 860 | V10: 1200 | W10: 169 | X10: 410 | Y10: 1210 | Z10: 390 | AA10: 830 | AB10: 800 | AC10: 490 | AD10: 1390 | AE10: 1040 | AF10: 650 | AG10: 210 | AH10: 139 | AI10: 690 | AJ10: 230 | AK10: 250 | AL10: 460 | AM10: 3 | AN10: 106 | AO10: 212 | AP10: 26 | AQ10: 14 | AR10: 5 | AS10: 2 | AT10: 11 | AU10: 8 | AV10: 7 | AW10: 9 | AX10: 9 | AY10: 1 | AZ10: 2 | BA10: 7 | BB10: 0 | BC10: 23 | BD10: 6 | BE10: 0 | BF10: 4 | BG10: 2 | BH10: 1 | BI10: 0 | BJ10: 2 | BK10: 11 | BL10: 12.6 | BM10: 130
A11: Maldives at Landaa Giraavaru | B11: 10 | C11: 10 | D11: 2021 | E11: 2427 | F11: 9992 | G11: 5298 | H11: 1966 | I11: 5701 | J11: 2580 | K11: 4418 | L11: 13908 | M11: 1600 | N11: 2850 | O11: 1800 | P11: 832 | Q11: 590 | R11: 800 | S11: 447 | T11: 1010 | U11: 890 | V11: 1400 | W11: 156 | X11: 420 | Y11: 1190 | Z11: 430 | AA11: 990 | AB11: 720 | AC11: 460 | AD11: 1430 | AE11: 950 | AF11: 710 | AG11: 150 | AH11: 136 | AI11: 690 | AJ11: 220 | AK11: 330 | AL11: 480 | AM11: 0 | AN11: 65 | AO11: 219 | AP11: 90 | AQ11: 16 | AR11: 5 | AS11: 17 | AT11: 8 | AU11: 5 | AV11: 6 | AW11: 9 | AX11: 7 | AY11: 1 | AZ11: 0 | BA11: 2 | BB11: 1 | BC11: 23 | BD11: 0 | BE11: 1 | BF11: 4 | BG11: 2 | BH11: 3 | BI11: 45 | BJ11: 2 | BK11: 4 | BL11: 12.6 | BM11: 116
A12: Maldives at Landaa Giraavaru | B12: 11 | C12: 10 | D12: 2021 | E12: 8397 | F12: 5674 | G12: 422 | H12: 3230 | I12: 8392 | J12: 2400 | K12: 4486 | L12: 13888 | M12: 1500 | N12: 2797 | O12: 1700 | P12: 800 | Q12: 620 | R12: 1300 | S12: 428 | T12: 1000 | U12: 880 | V12: 1400 | W12: 157 | X12: 460 | Y12: 1200 | Z12: 400 | AA12: 890 | AB12: 720 | AC12: 510 | AD12: 1430 | AE12: 950 | AF12: 780 | AG12: 250 | AH12: 132 | AI12: 640 | AJ12: 240 | AK12: 330 | AL12: 530 | AM12: 0 | AN12: 91 | AO12: 209 | AP12: 72 | AQ12: 15 | AR12: 6 | AS12: 14 | AT12: 14 | AU12: 4 | AV12: 8 | AW12: 8 | AX12: 8 | AY12: 3 | AZ12: 3 | BA12: 8 | BB12: 3 | BC12: 25 | BD12: 4 | BE12: 0 | BF12: 7 | BG12: 3 | BH12: 1 | BI12: 12 | BJ12: 1 | BK12: 37 | BL12: 12.6 | BM12: 119
A13: Maldives at Landaa Giraavaru | B13: 12 | C13: 10 | D13: 2021 | E13: 8365 | F13: 6028 | G13: 0 | H13: 2611 | I13: 8364 | J13: 2579 | K13: 4633 | L13: 13425 | M13: 1600 | N13: 2758 | O13: 1600 | P13: 812 | Q13: 580 | R13: 800 | S13: 432 | T13: 990 | U13: 840 | V13: 1200 | W13: 151 | X13: 420 | Y13: 1250 | Z13: 410 | AA13: 860 | AB13: 750 | AC13: 630 | AD13: 1440 | AE13: 980 | AF13: 890 | AG13: 180 | AH13: 113 | AI13: 680 | AJ13: 190 | AK13: 300 | AL13: 520 | AM13: 0 | AN13: 61 | AO13: 275 | AP13: 80 | AQ13: 16 | AR13: 6 | AS13: 7 | AT13: 10 | AU13: 9 | AV13: 6 | AW13: 8 | AX13: 7 | AY13: 1 | AZ13: 0 | BA13: 8 | BB13: 6 | BC13: 24 | BD13: 5 | BE13: 1 | BF13: 8 | BG13: 2 | BH13: 2 | BI13: 12 | BJ13: 3 | BK13: 17 | BL13: 11.7 | BM13: 118
... A32: Maldives at Landaa Giraavaru | B32: 31 | C32: 10 | D32: 2021 | E32: 1772 | F32: 8540 | G32: 4461 | H32: 1022 | I32: 11241 | J32: 2721 | K32: 4505 | L32: 13894 | M32: 1600 | N32: 2897 | O32: 2200 | P32: 881 | Q32: 730 | R32: 1600 | S32: 442 | T32: 930 | U32: 900 | V32: 1000 | W32: 170 | X32: 440 | Y32: 1240 | Z32: 420 | AA32: 980 | AB32: 800 | AC32: 610 | AD32: 1300 | AE32: 790 | AF32: 770 | AG32: 180 | AH32: 0 | AI32: 730 | AJ32: 240 | AK32: 340 | AL32: 530 | AM32: 0 | AN32: 94 | AO32: 270 | AP32: 78 | AQ32: 21 | AR32: 5 | AS32: 9 | AT32: 11 | AU32: 7 | AV32: 7 | AW32: 9 | AX32: 7 | AY32: 3 | AZ32: 2 | BA32: 6 | BB32: 1 | BC32: 29 | BD32: 5 | BE32: 3 | BF32: 11 | BG32: 3 | BH32: 4 | BI32: 19 | BJ32: 1 | BK32: 2 | BL32: 31.1 | BM32: 195

Sheet Maldives at LG Daily
A2: Days | C2: Electricity Meter (KWh) | E2: Gas Kg | G2: GENSET NO 1 | H2: GENSET NO 2 | I2: GENSET NO 3 | J2: GENSET NO 4 | K2: GENSET NO 5 | L2: Main BLU FEEDER PANEL 1 | M2: Main BLU FEEDER PANEL 2 | N2: Main POWER HOUSE FEEDER PANEL NO:3 | O2: Main Kitchen -7 | P2: Main Kitchen -10 | Q2: Water treatment Plant | R2: Sewage treatment Plant | S2: Laundry--8SSB (Machineries) | T2: Laundry-9 (HR/Tuck Shop Building) | U2: New staff accomodation (E0) | V2: Staff block-16(E2-E3) | W2: Staff Block Feeder-3(E4-E5) | X2: Management block-5 (M1 to M6) | Y2: SNR STAFF BLOCK (PC Block) | Z2: BOAT DOCK FEEDER - 22 | AA2: RECEPTION Building Full (Finance/Reservation) | AB2: DIVE CENTER (Inc MDC and Recreation) | AC2: 301-307 | AD2: 308-314 | AE2: 315-320 | AF2: 401-407 | AG2: 408-414 | AH2: 415-420 | AI2: SPA - 1 | AJ2: SPA - 2 | AK2: BLU KITCHEN - 1 | AL2: BLU KITCHEN - 2 | AM2: AL BARAKATH | AN2: STAFF KITCHEN | AO2: Water m3 | AQ2: R/O Plant A | AR2: R/O Plant B | AS2: R/O Plant C | AT2: R/O Plant D | AU2: Laundry | AV2: Staff Block - E0 | AW2: Staff Block - E1 | AX2: Staff Block - E2 | AY2: Staff Block - E3 | AZ2: Staff Block - E4 | BA2: Staff Block - E5 | BB2: Management Block | BC2: PC Block | BD2: GM Bungalow | BE2: Boat Dock | BF2: Supply Jetty | BG2: Main Kitchen | BH2: Day Facility | BI2: Reception | BJ2: Main Pool | BK2: Dive Center | BL2: Albarakthu | BM2: Blu Resturant | BN2: Main Jetty | BO2: Landaa Estate
A3: Date | C3: Reading KWH | D3: Difference KWH | E3: Reading Kg | F3: Difference Kg | G3: KWh | H3: KWh | I3: KWh | J3: KWh | K3: KWh | L3: KWh | M3: KWh | N3: KWh | O3: KWh | P3: KWh | Q3: KWh | R3: KWh | S3: KWh | T3: KWh | U3: KWh | V3: KWh | W3: KWh | X3: KWh | Y3: KWh | Z3: KWh | AA3: KWh | AB3: KWh | AC3: KWh | AD3: KWh | AE3: KWh | AF3: KWh | AG3: KWh | AH3: KWh | AI3: KWh | AJ3: KWh | AK3: KWh | AL3: KWh | AM3: KWh | AN3: KWh | AO3: Reading m³ | AP3: Daily Consumption m³ | AQ3: Daily Consumption m³ | AR3: Daily Consumption m³ | AS3: Daily Consumption m³ | AT3: Daily Consumption m³ | AU3: Daily Consumption m³ | AV3: Daily Consumption m³ | AW3: Daily Consumption m³ | AX3: Daily Consumption m³ | AY3: Daily Consumption m³ | AZ3: Daily Consumption m³ | BA3: Daily Consumption m³ | BB3: Daily Consumption m³ | BC3: Daily Consumption m³ | BD3: Daily Consumption m³ | BE3: Daily Consumption m³ | BF3: Daily Consumption m³ | BG3: Daily Consumption m³ | BH3: Daily Consumption m³ | BI3: Daily Consumption m³ | BJ3: Daily Consumption m³ | BK3: Daily Consumption m³ | BL3: Daily Consumption m³ | BM3: Daily Consumption m³ | BN3: Daily Consumption m³ | BO3: Daily Consumption m³ | BP3: ROOM NIGHTS | BQ3: Total Food Covers
A4: 44469 | C4: 93663559 | D4: 31701 | F4: 90 | AO4: 1003522 | AP4: 318 | BP4: ='[1]Room Nights and Food Covers'!B4 -> 14.6 | BQ4: ='[1]Room Nights and Food Covers'!C4 -> 159
A5: =A4+1 -> 44470 | C5: =SUM('GENSET #1'!C10+'GENSET #2'!C10+'GENSET #3'!C10+'GENSET #4'!C10+'GENSET #5'!C10) -> 93687010 | D5: =IF((C5-C4<0), "0",C5-C4) -> 23451 | E5: ='Gas-2'!G6 -> 180 | F5: =IF((E5-E4<0), "0",E5-E4) -> 180 | G5: ='GENSET #1'!D10 -> 11980 | H5: ='GENSET #2'!D10 -> 0 | I5: ='GENSET #3'!D10 -> 0 | J5: ='GENSET #4'!D10 -> 1797 | K5: ='GENSET #5'!D10 -> 9674 | L5: ='FEEDER Consumption '!E5 -> 2022 | M5: ='FEEDER Consumption '!J5 -> 3360 | N5: ='FEEDER Consumption '!O5 -> 13461 | O5: ='FEEDER Consumption '!T5 -> 1500 | P5: ='FEEDER Consumption '!Y5 -> 2615 | Q5: ='FEEDER Consumption '!AD5 -> 1500 | R5: ='FEEDER Consumption '!AI5 -> 796 | S5: ='FEEDER Consumption '!AN5 -> 580 | T5: ='FEEDER Consumption '!AS5 -> 785 | U5: ='FEEDER Consumption '!AX5 -> 443 | V5: ='FEEDER Consumption '!BH5 -> 865 | W5: ='FEEDER Consumption '!BH5 -> 865 | X5: ='FEEDER Consumption '!BM5 -> 1205 | Y5: ='FEEDER Consumption '!BR5 -> 944 | Z5: ='FEEDER Consumption '!BW5 -> 355 | AA5: ='FEEDER Consumption '!CB5 -> 1250 | AB5: ='FEEDER Consumption '!CG5 -> 380 | AC5: ='FEEDER Consumption '!CL5 -> 0 | AD5: ='FEEDER Consumption '!CQ5 -> 700 | AE5: ='FEEDER Consumption '!CV5 -> 410 | AF5: ='FEEDER Consumption '!DA5 -> 910 | AG5: ='FEEDER Consumption '!DF5 -> 710 | AH5: ='FEEDER Consumption '!DK5 -> 490 | AI5: ='FEEDER Consumption '!DP5 -> 170 | AJ5: ='FEEDER Consumption '!DU5 -> 143 | AK5: ='FEEDER Consumption '!DZ5 -> 630 | AL5: ='FEEDER Consumption '!EE5 -> 200 | AM5: ='FEEDER Consumption '!EJ5 -> 220 | AN5: ='FEEDER Consumption '!EO5 -> 490 | AO5: =SUM(WATER!C6+WATER!H6+WATER!M6+WATER!R6) -> 1003862 | AP5: =IF((AO5-AO4<0), "0",AO5-AO4) -> 340 | AQ5: =WATER!D6 -> 0 | AR5: =[1]WATER!I6 -> 0 | AS5: =[1]WATER!N6 -> 190 | AT5: =[1]WATER!S6 -> 10 | AU5: =[1]WATER!AD6 -> 18 | AV5: =[1]WATER!AI6 -> 6 | AW5: =[1]WATER!AN6 -> 0 | AX5: =[1]WATER!AS6 -> 10 | AY5: =[1]WATER!AX6 -> 8 | AZ5: =[1]WATER!BC6 -> 7 | BA5: =[1]WATER!BH6 -> 10 | BB5: =[1]WATER!BM6 -> 5 | BC5: =[1]WATER!BR6 -> 1 | BD5: =[1]WATER!BW6 -> 0 | BE5: =[1]WATER!CB6 -> 4 | BF5: =[1]WATER!CG6 -> 1 | BG5: =[1]WATER!CL6 -> 24 | BH5: =[1]WATER!CQ6 -> 7 | BI5: =[1]WATER!CV6 -> 0 | BJ5: =[1]WATER!DA6 -> 1 | BK5: =[1]WATER!DF6 -> 1 | BL5: =[1]WATER!DK6 -> 0 | BM5: =[1]WATER!DP6 -> 7 | BN5: =[1]WATER!DU6 -> 0 | BO5: =[1]WATER!DZ6 -> 0 | BP5: ='[1]Room Nights and Food Covers'!B5 -> 11.7 | BQ5: ='[1]Room Nights and Food Covers'!C5 -> 94
A6: =A5+1 -> 44471 | C6: =SUM('GENSET #1'!C11+'GENSET #2'!C11+'GENSET #3'!C11+'GENSET #4'!C11+'GENSET #5'!C11) -> 93708636 | D6: =IF((C6-C5<0), "0",C6-C5) -> 21626 | E6: ='Gas-2'!G7 -> 225 | F6: =IF((E6-E5<0), "0",E6-E5) -> 45 | G6: ='GENSET #1'!D11 -> 399 | H6: ='GENSET #2'!D11 -> 5232 | I6: ='GENSET #3'!D11 -> 5275 | J6: ='GENSET #4'!D11 -> 2735 | K6: ='GENSET #5'!D11 -> 7985 | L6: ='FEEDER Consumption '!E6 -> 1986 | M6: ='FEEDER Consumption '!J6 -> 3311 | N6: ='FEEDER Consumption '!O6 -> 11790 | O6: ='FEEDER Consumption '!T6 -> 1500 | P6: ='FEEDER Consumption '!Y6 -> 2541 | Q6: ='FEEDER Consumption '!AD6 -> 1500 | R6: ='FEEDER Consumption '!AI6 -> 701 | S6: ='FEEDER Consumption '!AN6 -> 570 | T6: ='FEEDER Consumption '!AS6 -> 600 | U6: ='FEEDER Consumption '!AX6 -> 370 | V6: ='FEEDER Consumption '!BH6 -> 660 | W6: ='FEEDER Consumption '!BH6 -> 660 | X6: ='FEEDER Consumption '!BM6 -> 1000 | Y6: ='FEEDER Consumption '!BR6 -> 135 | Z6: ='FEEDER Consumption '!BW6 -> 360 | AA6: ='FEEDER Consumption '!CB6 -> 1180 | AB6: ='FEEDER Consumption '!CG6 -> 350 | AC6: ='FEEDER Consumption '!CL6 -> 1770 | AD6: ='FEEDER Consumption '!CQ6 -> 700 | AE6: ='FEEDER Consumption '!CV6 -> 450 | AF6: ='FEEDER Consumption '!DA6 -> 910 | AG6: ='FEEDER Consumption '!DF6 -> 880 | AH6: ='FEEDER Consumption '!DK6 -> 440 | AI6: ='FEEDER Consumption '!DP6 -> 170 | AJ6: ='FEEDER Consumption '!DU6 -> 109 | AK6: ='FEEDER Consumption '!DZ6 -> 620 | AL6: ='FEEDER Consumption '!EE6 -> 220 | AM6: ='FEEDER Consumption '!EJ6 -> 310 | AN6: ='FEEDER Consumption '!EO6 -> 490 | AO6: =SUM(WATER!C7+WATER!H7+WATER!M7+WATER!R7) -> 1004211 | AP6: =IF((AO6-AO5<0), "0",AO6-AO5) -> 349 | AQ6: =[1]WATER!D7 -> 71 | AR6: =[1]WATER!I7 -> 0 | AS6: =[1]WATER!N7 -> 143 | AT6: =[1]WATER!S7 -> 113 | AU6: =[1]WATER!AD7 -> 17 | AV6: =[1]WATER!AI7 -> 13 | AW6: =[1]WATER!AN7 -> 16 | AX6: =[1]WATER!AS7 -> 12 | AY6: =[1]WATER!AX7 -> 7 | AZ6: =[1]WATER!BC7 -> 7 | BA6: =[1]WATER!BH7 -> 10 | BB6: =[1]WATER!BM7 -> 10 | BC6: =[1]WATER!BR7 -> 1 | BD6: =[1]WATER!BW7 -> 1 | BE6: =[1]WATER!CB7 -> 5 | BF6: =[1]WATER!CG7 -> 1 | BG6: =[1]WATER!CL7 -> 22 | BH6: =[1]WATER!CQ7 -> 8 | BI6: =[1]WATER!CV7 -> 1 | BJ6: =[1]WATER!DA7 -> 1 | BK6: =[1]WATER!DF7 -> 2 | BL6: =[1]WATER!DK7 -> 5 | BM6: =[1]WATER!DP7 -> 5 | BN6: =[1]WATER!DU7 -> 1 | BO6: =[1]WATER!DZ7 -> 2 | BP6: ='[1]Room Nights and Food Covers'!B6 -> 15.5 | BQ6: ='[1]Room Nights and Food Covers'!C6 -> 119
A7: =A6+1 -> 44472 | C7: =SUM('GENSET #1'!C12+'GENSET #2'!C12+'GENSET #3'!C12+'GENSET #4'!C12+'GENSET #5'!C12) -> 93732560 | D7: =IF((C7-C6<0), "0",C7-C6) -> 23924 | E7: ='Gas-2'!G8 -> 225 | F7: =IF((E7-E6<0), "0",E7-E6) -> 0 | G7: ='GENSET #1'!D12 -> 4555 | H7: ='GENSET #2'!D12 -> 5467 | I7: ='GENSET #3'!D12 -> 3209 | J7: ='GENSET #4'!D12 -> 2624 | K7: ='GENSET #5'!D12 -> 8069 | L7: ='FEEDER Consumption '!E7 -> 2234 | M7: ='FEEDER Consumption '!J7 -> 3865 | N7: ='FEEDER Consumption '!O7 -> 12898 | O7: ='FEEDER Consumption '!T7 -> 1500 | P7: ='FEEDER Consumption '!Y7 -> 2753 | Q7: ='FEEDER Consumption '!AD7 -> 1500 | R7: ='FEEDER Consumption '!AI7 -> 756 | S7: ='FEEDER Consumption '!AN7 -> 580 | T7: ='FEEDER Consumption '!AS7 -> 1200 | U7: ='FEEDER Consumption '!AX7 -> 410 | V7: ='FEEDER Consumption '!BH7 -> 730 | W7: ='FEEDER Consumption '!BH7 -> 730 | X7: ='FEEDER Consumption '!BM7 -> 1400 | Y7: ='FEEDER Consumption '!BR7 -> 179 | Z7: ='FEEDER Consumption '!BW7 -> 400 | AA7: ='FEEDER Consumption '!CB7 -> 1240 | AB7: ='FEEDER Consumption '!CG7 -> 410 | AC7: ='FEEDER Consumption '!CL7 -> 820 | AD7: ='FEEDER Consumption '!CQ7 -> 760 | AE7: ='FEEDER Consumption '!CV7 -> 520 | AF7: ='FEEDER Consumption '!DA7 -> 1080 | AG7: ='FEEDER Consumption '!DF7 -> 870 | AH7: ='FEEDER Consumption '!DK7 -> 445 | AI7: ='FEEDER Consumption '!DP7 -> 190 | AJ7: ='FEEDER Consumption '!DU7 -> 120 | AK7: ='FEEDER Consumption '!DZ7 -> 640 | AL7: ='FEEDER Consumption '!EE7 -> 220 | AM7: ='FEEDER Consumption '!EJ7 -> 290 | AN7: ='FEEDER Consumption '!EO7 -> 350 | AO7: =SUM(WATER!C8+WATER!H8+WATER!M8+WATER!R8) -> 1004557 | AP7: =IF((AO7-AO6<0), "0",AO7-AO6) -> 346 | AQ7: =[1]WATER!D8 -> 65 | AR7: =[1]WATER!I8 -> 0 | AS7: =[1]WATER!N8 -> 197 | AT7: =[1]WATER!S8 -> 109 | AU7: =[1]WATER!AD8 -> 18 | AV7: =[1]WATER!AI8 -> 4 | AW7: =[1]WATER!AN8 -> 9 | AX7: =[1]WATER!AS8 -> 11 | AY7: =[1]WATER!AX8 -> 7 | AZ7: =[1]WATER!BC8 -> 8 | BA7: =[1]WATER!BH8 -> 0 | BB7: =[1]WATER!BM8 -> 8 | BC7: =[1]WATER!BR8 -> 0 | BD7: =[1]WATER!BW8 -> 0 | BE7: =[1]WATER!CB8 -> 4 | BF7: =[1]WATER!CG8 -> 1 | BG7: =[1]WATER!CL8 -> 26 | BH7: =[1]WATER!CQ8 -> 7 | BI7: =[1]WATER!CV8 -> 0 | BJ7: =[1]WATER!DA8 -> 0 | BK7: =[1]WATER!DF8 -> 3 | BL7: =[1]WATER!DK8 -> 3 | BM7: =[1]WATER!DP8 -> 0 | BN7: =[1]WATER!DU8 -> 1 | BO7: =[1]WATER!DZ8 -> 1 | BP7: ='[1]Room Nights and Food Covers'!B7 -> 19.4 | BQ7: ='[1]Room Nights and Food Covers'!C7 -> 156
A8: =A7+1 -> 44473 | C8: =SUM('GENSET #1'!C13+'GENSET #2'!C13+'GENSET #3'!C13+'GENSET #4'!C13+'GENSET #5'!C13) -> 93755854 | D8: =IF((C8-C7<0), "0",C8-C7) -> 23294 | E8: ='Gas-2'!G9 -> 225 | F8: =IF((E8-E7<0), "0",E8-E7) -> 0 | G8: ='GENSET #1'!D13 -> 7287 | H8: ='GENSET #2'!D13 -> 5758 | I8: ='GENSET #3'!D13 -> 7157 | J8: ='GENSET #4'!D13 -> 1595 | K8: ='GENSET #5'!D13 -> 1497 | L8: ='FEEDER Consumption '!E8 -> 2208 | M8: ='FEEDER Consumption '!J8 -> 3858 | N8: ='FEEDER Consumption '!O8 -> 13231 | O8: ='FEEDER Consumption '!T8 -> 1500 | P8: ='FEEDER Consumption '!Y8 -> 2550 | Q8: ='FEEDER Consumption '!AD8 -> 1500 | R8: ='FEEDER Consumption '!AI8 -> 753 | S8: ='FEEDER Consumption '!AN8 -> 540 | T8: ='FEEDER Consumption '!AS8 -> 700 | U8: ='FEEDER Consumption '!AX8 -> 407 | V8: ='FEEDER Consumption '!BH8 -> 760 | W8: ='FEEDER Consumption '!BH8 -> 760 | X8: ='FEEDER Consumption '!BM8 -> 1300 | Y8: ='FEEDER Consumption '!BR8 -> 151 | Z8: ='FEEDER Consumption '!BW8 -> 430 | AA8: ='FEEDER Consumption '!CB8 -> 1180 | AB8: ='FEEDER Consumption '!CG8 -> 410 | AC8: ='FEEDER Consumption '!CL8 -> 760 | AD8: ='FEEDER Consumption '!CQ8 -> 770 | AE8: ='FEEDER Consumption '!CV8 -> 440 | AF8: ='FEEDER Consumption '!DA8 -> 1080 | AG8: ='FEEDER Consumption '!DF8 -> 880 | AH8: ='FEEDER Consumption '!DK8 -> 795 | AI8: ='FEEDER Consumption '!DP8 -> 180 | AJ8: ='FEEDER Consumption '!DU8 -> 122 | AK8: ='FEEDER Consumption '!DZ8 -> 610 | AL8: ='FEEDER Consumption '!EE8 -> 210 | AM8: ='FEEDER Consumption '!EJ8 -> 400 | AN8: ='FEEDER Consumption '!EO8 -> 650 | AO8: =SUM(WATER!C9+WATER!H9+WATER!M9+WATER!R9) -> 1004897 | AP8: =IF((AO8-AO7<0), "0",AO8-AO7) -> 340 | AQ8: =[1]WATER!D9 -> 66 | AR8: =[1]WATER!I9 -> 0 | AS8: =[1]WATER!N9 -> 179 | AT8: =[1]WATER!S9 -> 94 | AU8: =[1]WATER!AD9 -> 17 | AV8: =[1]WATER!AI9 -> 5 | AW8: =[1]WATER!AN9 -> 9 | AX8: =[1]WATER!AS9 -> 10 | AY8: =[1]WATER!AX9 -> 7 | AZ8: =[1]WATER!BC9 -> 7 | BA8: =[1]WATER!BH9 -> 0 | BB8: =[1]WATER!BM9 -> 7 | BC8: =[1]WATER!BR9 -> 4 | BD8: =[1]WATER!BW9 -> 0 | BE8: =[1]WATER!CB9 -> 6 | BF8: =[1]WATER!CG9 -> 5 | BG8: =[1]WATER!CL9 -> 24 | BH8: =[1]WATER!CQ9 -> 7 | BI8: =[1]WATER!CV9 -> 1 | BJ8: =[1]WATER!DA9 -> 0 | BK8: =[1]WATER!DF9 -> 2 | BL8: =[1]WATER!DK9 -> 5 | BM8: =[1]WATER!DP9 -> 50 | BN8: =[1]WATER!DU9 -> 1 | BO8: =[1]WATER!DZ9 -> 2 | BP8: ='[1]Room Nights and Food Covers'!B8 -> 18.4 | BQ8: ='[1]Room Nights and Food Covers'!C8 -> 141
A9: =A8+1 -> 44474 | C9: =SUM('GENSET #1'!C14+'GENSET #2'!C14+'GENSET #3'!C14+'GENSET #4'!C14+'GENSET #5'!C14) -> 93778347 | D9: =IF((C9-C8<0), "0",C9-C8) -> 22493 | E9: ='Gas-2'!G10 -> 225 | F9: =IF((E9-E8<0), "0",E9-E8) -> 0 | G9: ='GENSET #1'!D14 -> 4695 | H9: ='GENSET #2'!D14 -> 10548 | I9: ='GENSET #3'!D14 -> 2548 | J9: ='GENSET #4'!D14 -> 27 | K9: ='GENSET #5'!D14 -> 4675 | L9: ='FEEDER Consumption '!E9 -> 2083 | M9: ='FEEDER Consumption '!J9 -> 3329 | N9: ='FEEDER Consumption '!O9 -> 12533 | O9: ='FEEDER Consumption '!T9 -> 1600 | P9: ='FEEDER Consumption '!Y9 -> 2609 | Q9: ='FEEDER Consumption '!AD9 -> 1400 | R9: ='FEEDER Consumption '!AI9 -> 803 | S9: ='FEEDER Consumption '!AN9 -> 530 | T9: ='FEEDER Consumption '!AS9 -> 1300 | U9: ='FEEDER Consumption '!AX9 -> 376 | V9: ='FEEDER Consumption '!BH9 -> 670 | W9: ='FEEDER Consumption '!BH9 -> 670 | X9: ='FEEDER Consumption '!BM9 -> 1400 | Y9: ='FEEDER Consumption '!BR9 -> 130 | Z9: ='FEEDER Consumption '!BW9 -> 420 | AA9: ='FEEDER Consumption '!CB9 -> 1150 | AB9: ='FEEDER Consumption '!CG9 -> 350 | AC9: ='FEEDER Consumption '!CL9 -> 610 | AD9: ='FEEDER Consumption '!CQ9 -> 680 | AE9: ='FEEDER Consumption '!CV9 -> 390 | AF9: ='FEEDER Consumption '!DA9 -> 1000 | AG9: ='FEEDER Consumption '!DF9 -> 750 | AH9: ='FEEDER Consumption '!DK9 -> 510 | AI9: ='FEEDER Consumption '!DP9 -> 170 | AJ9: ='FEEDER Consumption '!DU9 -> 138 | AK9: ='FEEDER Consumption '!DZ9 -> 590 | AL9: ='FEEDER Consumption '!EE9 -> 210 | AM9: ='FEEDER Consumption '!EJ9 -> 320 | AN9: ='FEEDER Consumption '!EO9 -> 530 | AO9: =SUM(WATER!C10+WATER!H10+WATER!M10+WATER!R10) -> 1005172 | AP9: =IF((AO9-AO8<0), "0",AO9-AO8) -> 275 | AQ9: =[1]WATER!D10 -> 70 | AR9: =[1]WATER!I10 -> 0 | AS9: =[1]WATER!N10 -> 179 | AT9: =[1]WATER!S10 -> 85 | AU9: =[1]WATER!AD10 -> 18 | AV9: =[1]WATER!AI10 -> 5 | AW9: =[1]WATER!AN10 -> 8 | AX9: =[1]WATER!AS10 -> 10 | AY9: =[1]WATER!AX10 -> 7 | AZ9: =[1]WATER!BC10 -> 8 | BA9: =[1]WATER!BH10 -> 19 | BB9: =[1]WATER!BM10 -> 7 | BC9: =[1]WATER!BR10 -> 1 | BD9: =[1]WATER!BW10 -> 1 | BE9: =[1]WATER!CB10 -> 4 | BF9: =[1]WATER!CG10 -> 2 | BG9: =[1]WATER!CL10 -> 27 | BH9: =[1]WATER!CQ10 -> 7 | BI9: =[1]WATER!CV10 -> 1 | BJ9: =[1]WATER!DA10 -> 3 | BK9: =[1]WATER!DF10 -> 3 | BL9: =[1]WATER!DK10 -> 9 | BM9: =[1]WATER!DP10 -> 0 | BN9: =[1]WATER!DU10 -> 10 | BO9: =[1]WATER!DZ10 -> 3 | BP9: ='[1]Room Nights and Food Covers'!B9 -> 18.4 | BQ9: ='[1]Room Nights and Food Covers'!C9 -> 131
A10: =A9+1 -> 44475 | C10: =SUM('GENSET #1'!C15+'GENSET #2'!C15+'GENSET #3'!C15+'GENSET #4'!C15+'GENSET #5'!C15) -> 93801999 | D10: =IF((C10-C9<0), "0",C10-C9) -> 23652 | E10: ='Gas-2'!G11 -> 225 | F10: =IF((E10-E9<0), "0",E10-E9) -> 0 | G10: ='GENSET #1'!D15 -> 5576 | H10: ='GENSET #2'!D15 -> 9782 | I10: ='GENSET #3'!D15 -> 6770 | J10: ='GENSET #4'!D15 -> 1524 | K10: ='GENSET #5'!D15 -> 0 | L10: ='FEEDER Consumption '!E10 -> 2341 | M10: ='FEEDER Consumption '!J10 -> 4031 | N10: ='FEEDER Consumption '!O10 -> 12944 | O10: ='FEEDER Consumption '!T10 -> 1600 | P10: ='FEEDER Consumption '!Y10 -> 2746 | Q10: ='FEEDER Consumption '!AD10 -> 1500 | R10: ='FEEDER Consumption '!AI10 -> 809 | S10: ='FEEDER Consumption '!AN10 -> 600 | T10: ='FEEDER Consumption '!AS10 -> 700 | U10: ='FEEDER Consumption '!AX10 -> 379 | V10: ='FEEDER Consumption '!BH10 -> 730 | W10: ='FEEDER Consumption '!BH10 -> 730 | X10: ='FEEDER Consumption '!BM10 -> 1300 | Y10: ='FEEDER Consumption '!BR10 -> 155 | Z10: ='FEEDER Consumption '!BW10 -> 430 | AA10: ='FEEDER Consumption '!CB10 -> 1200 | AB10: ='FEEDER Consumption '!CG10 -> 380 | AC10: ='FEEDER Consumption '!CL10 -> 750 | AD10: ='FEEDER Consumption '!CQ10 -> 750 | AE10: ='FEEDER Consumption '!CV10 -> 480 | AF10: ='FEEDER Consumption '!DA10 -> 1280 | AG10: ='FEEDER Consumption '!DF10 -> 860 | AH10: ='FEEDER Consumption '!DK10 -> 650 | AI10: ='FEEDER Consumption '!DP10 -> 190 | AJ10: ='FEEDER Consumption '!DU10 -> 138 | AK10: ='FEEDER Consumption '!DZ10 -> 610 | AL10: ='FEEDER Consumption '!EE10 -> 230 | AM10: ='FEEDER Consumption '!EJ10 -> 300 | AN10: ='FEEDER Consumption '!EO10 -> 480 | AO10: =SUM(WATER!C11+WATER!H11+WATER!M11+WATER!R11) -> 1005536 | AP10: =IF((AO10-AO9<0), "0",AO10-AO9) -> 364 | AQ10: =[1]WATER!D11 -> 52 | AR10: =[1]WATER!I11 -> 0 | AS10: =[1]WATER!N11 -> 200 | AT10: =[1]WATER!S11 -> 69 | AU10: =[1]WATER!AD11 -> 20 | AV10: =[1]WATER!AI11 -> 6 | AW10: =[1]WATER!AN11 -> 9 | AX10: =[1]WATER!AS11 -> 12 | AY10: =[1]WATER!AX11 -> 7 | AZ10: =[1]WATER!BC11 -> 7 | BA10: =[1]WATER!BH11 -> 7 | BB10: =[1]WATER!BM11 -> 8 | BC10: =[1]WATER!BR11 -> 2 | BD10: =[1]WATER!BW11 -> -1 | BE10: =[1]WATER!CB11 -> 4 | BF10: =[1]WATER!CG11 -> 1 | BG10: =[1]WATER!CL11 -> 24 | BH10: =[1]WATER!CQ11 -> 7 | BI10: =[1]WATER!CV11 -> 0 | BJ10: =[1]WATER!DA11 -> 3 | BK10: =[1]WATER!DF11 -> 4 | BL10: =[1]WATER!DK11 -> 4 | BM10: =[1]WATER!DP11 -> 38 | BN10: =[1]WATER!DU11 -> 1 | BO10: =[1]WATER!DZ11 -> 2 | BP10: ='[1]Room Nights and Food Covers'!B10 -> 14.6 | BQ10: ='[1]Room Nights and Food Covers'!C10 -> 122
A11: =A10+1 -> 44476 | C11: =SUM('GENSET #1'!C16+'GENSET #2'!C16+'GENSET #3'!C16+'GENSET #4'!C16+'GENSET #5'!C16) -> 93826001 | D11: =IF((C11-C10<0), "0",C11-C10) -> 24002 | E11: ='Gas-2'!G12 -> 270 | F11: =IF((E11-E10<0), "0",E11-E10) -> 45 | G11: ='GENSET #1'!D16 -> 4603 | H11: ='GENSET #2'!D16 -> 7514 | I11: ='GENSET #3'!D16 -> 2259 | J11: ='GENSET #4'!D16 -> 2657 | K11: ='GENSET #5'!D16 -> 6969 | L11: ='FEEDER Consumption '!E11 -> 2355 | M11: ='FEEDER Consumption '!J11 -> 4044 | N11: ='FEEDER Consumption '!O11 -> 12706 | O11: ='FEEDER Consumption '!T11 -> 1600 | P11: ='FEEDER Consumption '!Y11 -> 2711 | Q11: ='FEEDER Consumption '!AD11 -> 1500 | R11: ='FEEDER Consumption '!AI11 -> 687 | S11: ='FEEDER Consumption '!AN11 -> 560 | T11: ='FEEDER Consumption '!AS11 -> 1500 | U11: ='FEEDER Consumption '!AX11 -> 393 | V11: ='FEEDER Consumption '!BH11 -> 770 | W11: ='FEEDER Consumption '!BH11 -> 770 | X11: ='FEEDER Consumption '!BM11 -> 1200 | Y11: ='FEEDER Consumption '!BR11 -> 120 | Z11: ='FEEDER Consumption '!BW11 -> 460 | AA11: ='FEEDER Consumption '!CB11 -> 1210 | AB11: ='FEEDER Consumption '!CG11 -> 380 | AC11: ='FEEDER Consumption '!CL11 -> 750 | AD11: ='FEEDER Consumption '!CQ11 -> 810 | AE11: ='FEEDER Consumption '!CV11 -> 500 | AF11: ='FEEDER Consumption '!DA11 -> 1290 | AG11: ='FEEDER Consumption '!DF11 -> 880 | AH11: ='FEEDER Consumption '!DK11 -> 650 | AI11: ='FEEDER Consumption '!DP11 -> 180 | AJ11: ='FEEDER Consumption '!DU11 -> 129 | AK11: ='FEEDER Consumption '!DZ11 -> 640 | AL11: ='FEEDER Consumption '!EE11 -> 200 | AM11: ='FEEDER Consumption '!EJ11 -> 350 | AN11: ='FEEDER Consumption '!EO11 -> 520 | AO11: =SUM(WATER!C12+WATER!H12+WATER!M12+WATER!R12) -> 1005859 | AP11: =IF((AO11-AO10<0), "0",AO11-AO10) -> 323 | AQ11: =[1]WATER!D12 -> 71 | AR11: =[1]WATER!I12 -> 0 | AS11: =[1]WATER!N12 -> 214 | AT11: =[1]WATER!S12 -> 97 | AU11: =[1]WATER!AD12 -> 18 | AV11: =[1]WATER!AI12 -> 6 | AW11: =[1]WATER!AN12 -> 9 | AX11: =[1]WATER!AS12 -> 11 | AY11: =[1]WATER!AX12 -> 8 | AZ11: =[1]WATER!BC12 -> 7 | BA11: =[1]WATER!BH12 -> 7 | BB11: =[1]WATER!BM12 -> 8 | BC11: =[1]WATER!BR12 -> 2 | BD11: =[1]WATER!BW12 -> 2 | BE11: =[1]WATER!CB12 -> 8 | BF11: =[1]WATER!CG12 -> 4 | BG11: =[1]WATER!CL12 -> 25 | BH11: =[1]WATER!CQ12 -> 7 | BI11: =[1]WATER!CV12 -> 1 | BJ11: =[1]WATER!DA12 -> 3 | BK11: =[1]WATER!DF12 -> 3 | BL11: =[1]WATER!DK12 -> 4 | BM11: =[1]WATER!DP12 -> 38 | BN11: =[1]WATER!DU12 -> 2 | BO11: =[1]WATER!DZ12 -> 1 | BP11: ='[1]Room Nights and Food Covers'!B11 -> 15.5 | BQ11: ='[1]Room Nights and Food Covers'!C11 -> 134
A12: =A11+1 -> 44477 | C12: =SUM('GENSET #1'!C17+'GENSET #2'!C17+'GENSET #3'!C17+'GENSET #4'!C17+'GENSET #5'!C17) -> 93850529 | D12: =IF((C12-C11<0), "0",C12-C11) -> 24528 | E12: ='Gas-2'!G13 -> 225 | F12: =IF((E12-E11<0), "0",E12-E11) -> 0 | G12: ='GENSET #1'!D17 -> 6403 | H12: ='GENSET #2'!D17 -> 8568 | I12: ='GENSET #3'!D17 -> 1552 | J12: ='GENSET #4'!D17 -> 1657 | K12: ='GENSET #5'!D17 -> 6348 | L12: ='FEEDER Consumption '!E12 -> 2472 | M12: ='FEEDER Consumption '!J12 -> 4490 | N12: ='FEEDER Consumption '!O12 -> 13014 | O12: ='FEEDER Consumption '!T12 -> 1700 | P12: ='FEEDER Consumption '!Y12 -> 2815 | Q12: ='FEEDER Consumption '!AD12 -> 1400 | R12: ='FEEDER Consumption '!AI12 -> 734 | S12: ='FEEDER Consumption '!AN12 -> 580 | T12: ='FEEDER Consumption '!AS12 -> 800 | U12: ='FEEDER Consumption '!AX12 -> 399 | V12: ='FEEDER Consumption '!BH12 -> 830 | W12: ='FEEDER Consumption '!BH12 -> 830 | X12: ='FEEDER Consumption '!BM12 -> 1300 | Y12: ='FEEDER Consumption '!BR12 -> 163 | Z12: ='FEEDER Consumption '!BW12 -> 410 | AA12: ='FEEDER Consumption '!CB12 -> 1210 | AB12: ='FEEDER Consumption '!CG12 -> 470 | AC12: ='FEEDER Consumption '!CL12 -> 850 | AD12: ='FEEDER Consumption '!CQ12 -> 840 | AE12: ='FEEDER Consumption '!CV12 -> 550 | AF12: ='FEEDER Consumption '!DA12 -> 1280 | AG12: ='FEEDER Consumption '!DF12 -> 1130 | AH12: ='FEEDER Consumption '!DK12 -> 680 | AI12: ='FEEDER Consumption '!DP12 -> 250 | AJ12: ='FEEDER Consumption '!DU12 -> 132 | AK12: ='FEEDER Consumption '!DZ12 -> 650 | AL12: ='FEEDER Consumption '!EE12 -> 260 | AM12: ='FEEDER Consumption '!EJ12 -> 310 | AN12: ='FEEDER Consumption '!EO12 -> 500 | AO12: =SUM(WATER!C13+WATER!H13+WATER!M13+WATER!R13) -> 1006196 | AP12: =IF((AO12-AO11<0), "0",AO12-AO11) -> 337 | AQ12: =[1]WATER!D13 -> 38 | AR12: =[1]WATER!I13 -> 0 | AS12: =[1]WATER!N13 -> 202 | AT12: =[1]WATER!S13 -> 111 | AU12: =[1]WATER!AD13 -> 19 | AV12: =[1]WATER!AI13 -> 6 | AW12: =[1]WATER!AN13 -> 9 | AX12: =[1]WATER!AS13 -> 12 | AY12: =[1]WATER!AX13 -> 8 | AZ12: =[1]WATER!BC13 -> 7 | BA12: =[1]WATER!BH13 -> 8 | BB12: =[1]WATER!BM13 -> 8 | BC12: =[1]WATER!BR13 -> 2 | BD12: =[1]WATER!BW13 -> 0 | BE12: =[1]WATER!CB13 -> 3 | BF12: =[1]WATER!CG13 -> 1 | BG12: =[1]WATER!CL13 -> 24 | BH12: =[1]WATER!CQ13 -> 8 | BI12: =[1]WATER!CV13 -> 3 | BJ12: =[1]WATER!DA13 -> 6 | BK12: =[1]WATER!DF13 -> 3 | BL12: =[1]WATER!DK13 -> 0 | BM12: =[1]WATER!DP13 -> 3 | BN12: =[1]WATER!DU13 -> 1 | BO12: =[1]WATER!DZ13 -> 2 | BP12: ='[1]Room Nights and Food Covers'!B12 -> 17.5 | BQ12: ='[1]Room Nights and Food Covers'!C12 -> 126
A13: =A12+1 -> 44478 | C13: =SUM('GENSET #1'!C18+'GENSET #2'!C18+'GENSET #3'!C18+'GENSET #4'!C18+'GENSET #5'!C18) -> 93875929 | D13: =IF((C13-C12<0), "0",C13-C12) -> 25400 | E13: ='Gas-2'!G14 -> 315 | F13: =IF((E13-E12<0), "0",E13-E12) -> 90 | G13: ='GENSET #1'!D18 -> 6008 | H13: ='GENSET #2'!D18 -> 8114 | I13: ='GENSET #3'!D18 -> 3348 | J13: ='GENSET #4'!D18 -> 2157 | K13: ='GENSET #5'!D18 -> 5773 | L13: ='FEEDER Consumption '!E13 -> 2526 | M13: ='FEEDER Consumption '!J13 -> 4139 | N13: ='FEEDER Consumption '!O13 -> 13392 | O13: ='FEEDER Consumption '!T13 -> 1600 | P13: ='FEEDER Consumption '!Y13 -> 2794 | Q13: ='FEEDER Consumption '!AD13 -> 1800 | R13: ='FEEDER Consumption '!AI13 -> 807 | S13: ='FEEDER Consumption '!AN13 -> 570 | T13: ='FEEDER Consumption '!AS13 -> 1300 | U13: ='FEEDER Consumption '!AX13 -> 420 | V13: ='FEEDER Consumption '!BH13 -> 860 | W13: ='FEEDER Consumption '!BH13 -> 860 | X13: ='FEEDER Consumption '!BM13 -> 1200 | Y13: ='FEEDER Consumption '!BR13 -> 169 | Z13: ='FEEDER Consumption '!BW13 -> 410 | AA13: ='FEEDER Consumption '!CB13 -> 1210 | AB13: ='FEEDER Consumption '!CG13 -> 390 | AC13: ='FEEDER Consumption '!CL13 -> 830 | AD13: ='FEEDER Consumption '!CQ13 -> 800 | AE13: ='FEEDER Consumption '!CV13 -> 490 | AF13: ='FEEDER Consumption '!DA13 -> 1390 | AG13: ='FEEDER Consumption '!DF13 -> 1040 | AH13: ='FEEDER Consumption '!DK13 -> 650 | AI13: ='FEEDER Consumption '!DP13 -> 210 | AJ13: ='FEEDER Consumption '!DU13 -> 139 | AK13: ='FEEDER Consumption '!DZ13 -> 690 | AL13: ='FEEDER Consumption '!EE13 -> 230 | AM13: ='FEEDER Consumption '!EJ13 -> 250 | AN13: ='FEEDER Consumption '!EO13 -> 460 | AO13: =SUM(WATER!C14+WATER!H14+WATER!M14+WATER!R14) -> 1006543 | AP13: =IF((AO13-AO12<0), "0",AO13-AO12) -> 347 | AQ13: =[1]WATER!D14 -> 55 | AR13: =[1]WATER!I14 -> 0 | AS13: =[1]WATER!N14 -> 197 | AT13: =[1]WATER!S14 -> 145 | AU13: =[1]WATER!AD14 -> 19 | AV13: =[1]WATER!AI14 -> 5 | AW13: =[1]WATER!AN14 -> 8 | AX13: =[1]WATER!AS14 -> 12 | AY13: =[1]WATER!AX14 -> 7 | AZ13: =[1]WATER!BC14 -> 7 | BA13: =[1]WATER!BH14 -> 7 | BB13: =[1]WATER!BM14 -> 7 | BC13: =[1]WATER!BR14 -> 3 | BD13: =[1]WATER!BW14 -> 0 | BE13: =[1]WATER!CB14 -> 6 | BF13: =[1]WATER!CG14 -> 0 | BG13: =[1]WATER!CL14 -> 23 | BH13: =[1]WATER!CQ14 -> 8 | BI13: =[1]WATER!CV14 -> 0 | BJ13: =[1]WATER!DA14 -> 5 | BK13: =[1]WATER!DF14 -> 3 | BL13: =[1]WATER!DK14 -> 5 | BM13: =[1]WATER!DP14 -> 0 | BN13: =[1]WATER!DU14 -> 3 | BO13: =[1]WATER!DZ14 -> 1 | BP13: ='[1]Room Nights and Food Covers'!B13 -> 12.6 | BQ13: ='[1]Room Nights and Food Covers'!C13 -> 130
A14: =A13+1 -> 44479 | C14: =SUM('GENSET #1'!C19+'GENSET #2'!C19+'GENSET #3'!C19+'GENSET #4'!C19+'GENSET #5'!C19) -> 93901313 | D14: =IF((C14-C13<0), "0",C14-C13) -> 25384 | E14: ='Gas-2'!G15 -> 270 | F14: =IF((E14-E13<0), "0",E14-E13) -> 0 | G14: ='GENSET #1'!D19 -> 2427 | H14: ='GENSET #2'!D19 -> 9992 | I14: ='GENSET #3'!D19 -> 5298 | J14: ='GENSET #4'!D19 -> 1966 | K14: ='GENSET #5'!D19 -> 5701 | L14: ='FEEDER Consumption '!E14 -> 2580 | M14: ='FEEDER Consumption '!J14 -> 4418 | N14: ='FEEDER Consumption '!O14 -> 13908 | O14: ='FEEDER Consumption '!T14 -> 1600 | P14: ='FEEDER Consumption '!Y14 -> 2850 | Q14: ='FEEDER Consumption '!AD14 -> 1800 | R14: ='FEEDER Consumption '!AI14 -> 832 | S14: ='FEEDER Consumption '!AN14 -> 590 | T14: ='FEEDER Consumption '!AS14 -> 800 | U14: ='FEEDER Consumption '!AX14 -> 447 | V14: ='FEEDER Consumption '!BH14 -> 890 | W14: ='FEEDER Consumption '!BH14 -> 890 | X14: ='FEEDER Consumption '!BM14 -> 1400 | Y14: ='FEEDER Consumption '!BR14 -> 156 | Z14: ='FEEDER Consumption '!BW14 -> 420 | AA14: ='FEEDER Consumption '!CB14 -> 1190 | AB14: ='FEEDER Consumption '!CG14 -> 430 | AC14: ='FEEDER Consumption '!CL14 -> 990 | AD14: ='FEEDER Consumption '!CQ14 -> 720 | AE14: ='FEEDER Consumption '!CV14 -> 460 | AF14: ='FEEDER Consumption '!DA14 -> 1430 | AG14: ='FEEDER Consumption '!DF14 -> 950 | AH14: ='FEEDER Consumption '!DK14 -> 710 | AI14: ='FEEDER Consumption '!DP14 -> 150 | AJ14: ='FEEDER Consumption '!DU14 -> 136 | AK14: ='FEEDER Consumption '!DZ14 -> 690 | AL14: ='FEEDER Consumption '!EE14 -> 220 | AM14: ='FEEDER Consumption '!EJ14 -> 330 | AN14: ='FEEDER Consumption '!EO14 -> 480 | AO14: =SUM(WATER!C15+WATER!H15+WATER!M15+WATER!R15) -> 1006917 | AP14: =IF((AO14-AO13<0), "0",AO14-AO13) -> 374 | AQ14: =[1]WATER!D15 -> 38 | AR14: =[1]WATER!I15 -> 0 | AS14: =[1]WATER!N15 -> 230 | AT14: =[1]WATER!S15 -> 110 | AU14: =[1]WATER!AD15 -> 15 | AV14: =[1]WATER!AI15 -> 6 | AW14: =[1]WATER!AN15 -> 10 | AX14: =[1]WATER!AS15 -> 13 | AY14: =[1]WATER!AX15 -> 7 | AZ14: =[1]WATER!BC15 -> 7 | BA14: =[1]WATER!BH15 -> 7 | BB14: =[1]WATER!BM15 -> 8 | BC14: =[1]WATER!BR15 -> 2 | BD14: =[1]WATER!BW15 -> 0 | BE14: =[1]WATER!CB15 -> 5 | BF14: =[1]WATER!CG15 -> 1 | BG14: =[1]WATER!CL15 -> 24 | BH14: =[1]WATER!CQ15 -> 6 | BI14: =[1]WATER!CV15 -> 1 | BJ14: =[1]WATER!DA15 -> 5 | BK14: =[1]WATER!DF15 -> 1 | BL14: =[1]WATER!DK15 -> 3 | BM14: =[1]WATER!DP15 -> 0 | BN14: =[1]WATER!DU15 -> 1 | BO14: =[1]WATER!DZ15 -> 1 | BP14: ='[1]Room Nights and Food Covers'!B14 -> 12.6 | BQ14: ='[1]Room Nights and Food Covers'!C14 -> 116
A15: =A14+1 -> 44480 | C15: =SUM('GENSET #1'!C20+'GENSET #2'!C20+'GENSET #3'!C20+'GENSET #4'!C20+'GENSET #5'!C20) -> 93927428 | D15: =IF((C15-C14<0), "0",C15-C14) -> 26115 | E15: ='Gas-2'!G16 -> 180 | F15: =IF((E15-E14<0), "0",E15-E14) -> 0 | G15: ='GENSET #1'!D20 -> 8397 | H15: ='GENSET #2'!D20 -> 5674 | I15: ='GENSET #3'!D20 -> 422 | J15: ='GENSET #4'!D20 -> 3230 | K15: ='GENSET #5'!D20 -> 8392 | L15: ='FEEDER Consumption '!E15 -> 2400 | M15: ='FEEDER Consumption '!J15 -> 4486 | N15: ='FEEDER Consumption '!O15 -> 13888 | O15: ='FEEDER Consumption '!T15 -> 1500 | P15: ='FEEDER Consumption '!Y15 -> 2797 | Q15: ='FEEDER Consumption '!AD15 -> 1700 | R15: ='FEEDER Consumption '!AI15 -> 800 | S15: ='FEEDER Consumption '!AN15 -> 620 | T15: ='FEEDER Consumption '!AS15 -> 1300 | U15: ='FEEDER Consumption '!AX15 -> 428 | V15: ='FEEDER Consumption '!BH15 -> 880 | W15: ='FEEDER Consumption '!BH15 -> 880 | X15: ='FEEDER Consumption '!BM15 -> 1400 | Y15: ='FEEDER Consumption '!BR15 -> 157 | Z15: ='FEEDER Consumption '!BW15 -> 460 | AA15: ='FEEDER Consumption '!CB15 -> 1200 | AB15: ='FEEDER Consumption '!CG15 -> 400 | AC15: ='FEEDER Consumption '!CL15 -> 890 | AD15: ='FEEDER Consumption '!CQ15 -> 720 | AE15: ='FEEDER Consumption '!CV15 -> 510 | AF15: ='FEEDER Consumption '!DA15 -> 1430 | AG15: ='FEEDER Consumption '!DF15 -> 950 | AH15: ='FEEDER Consumption '!DK15 -> 780 | AI15: ='FEEDER Consumption '!DP15 -> 250 | AJ15: ='FEEDER Consumption '!DU15 -> 132 | AK15: ='FEEDER Consumption '!DZ15 -> 640 | AL15: ='FEEDER Consumption '!EE15 -> 240 | AM15: ='FEEDER Consumption '!EJ15 -> 330 | AN15: ='FEEDER Consumption '!EO15 -> 530 | AO15: =SUM(WATER!C16+WATER!H16+WATER!M16+WATER!R16) -> 1007289 | AP15: =IF((AO15-AO14<0), "0",AO15-AO14) -> 372 | AQ15: =[1]WATER!D16 -> 32 | AR15: =[1]WATER!I16 -> 0 | AS15: =[1]WATER!N16 -> 218 | AT15: =[1]WATER!S16 -> 72 | AU15: =[1]WATER!AD16 -> 17 | AV15: =[1]WATER!AI16 -> 5 | AW15: =[1]WATER!AN16 -> 0 | AX15: =[1]WATER!AS16 -> 11 | AY15: =[1]WATER!AX16 -> 7 | AZ15: =[1]WATER!BC16 -> 6 | BA15: =[1]WATER!BH16 -> 7 | BB15: =[1]WATER!BM16 -> 6 | BC15: =[1]WATER!BR16 -> 2 | BD15: =[1]WATER!BW16 -> 2 | BE15: =[1]WATER!CB16 -> 6 | BF15: =[1]WATER!CG16 -> 4 | BG15: =[1]WATER!CL16 -> 25 | BH15: =[1]WATER!CQ16 -> 6 | BI15: =[1]WATER!CV16 -> 0 | BJ15: =[1]WATER!DA16 -> 7 | BK15: =[1]WATER!DF16 -> 4 | BL15: =[1]WATER!DK16 -> 4 | BM15: =[1]WATER!DP16 -> 0 | BN15: =[1]WATER!DU16 -> 1 | BO15: =[1]WATER!DZ16 -> 1 | BP15: ='[1]Room Nights and Food Covers'!B15 -> 12.6 | BQ15: ='[1]Room Nights and Food Covers'!C15 -> 119
A16: =A15+1 -> 44481 | C16: =SUM('GENSET #1'!C21+'GENSET #2'!C21+'GENSET #3'!C21+'GENSET #4'!C21+'GENSET #5'!C21) -> 93952796 | D16: =IF((C16-C15<0), "0",C16-C15) -> 25368 | E16: ='Gas-2'!G17 -> 180 | F16: =IF((E16-E15<0), "0",E16-E15) -> 0 | G16: ='GENSET #1'!D21 -> 8365 | H16: ='GENSET #2'!D21 -> 6028 | I16: ='GENSET #3'!D21 -> 0 | J16: ='GENSET #4'!D21 -> 2611 | K16: ='GENSET #5'!D21 -> 8364 | L16: ='FEEDER Consumption '!E16 -> 2579 | M16: ='FEEDER Consumption '!J16 -> 4633 | N16: ='FEEDER Consumption '!O16 -> 13425 | O16: ='FEEDER Consumption '!T16 -> 1600 | P16: ='FEEDER Consumption '!Y16 -> 2758 | Q16: ='FEEDER Consumption '!AD16 -> 1600 | R16: ='FEEDER Consumption '!AI16 -> 812 | S16: ='FEEDER Consumption '!AN16 -> 580 | T16: ='FEEDER Consumption '!AS16 -> 800 | U16: ='FEEDER Consumption '!AX16 -> 432 | V16: ='FEEDER Consumption '!BH16 -> 840 | W16: ='FEEDER Consumption '!BH16 -> 840 | X16: ='FEEDER Consumption '!BM16 -> 1200 | Y16: ='FEEDER Consumption '!BR16 -> 151 | Z16: ='FEEDER Consumption '!BW16 -> 420 | AA16: ='FEEDER Consumption '!CB16 -> 1250 | AB16: ='FEEDER Consumption '!CG16 -> 410 | AC16: ='FEEDER Consumption '!CL16 -> 860 | AD16: ='FEEDER Consumption '!CQ16 -> 750 | AE16: ='FEEDER Consumption '!CV16 -> 630 | AF16: ='FEEDER Consumption '!DA16 -> 1440 | AG16: ='FEEDER Consumption '!DF16 -> 980 | AH16: ='FEEDER Consumption '!DK16 -> 890 | AI16: ='FEEDER Consumption '!DP16 -> 180 | AJ16: ='FEEDER Consumption '!DU16 -> 113 | AK16: ='FEEDER Consumption '!DZ16 -> 680 | AL16: ='FEEDER Consumption '!EE16 -> 190 | AM16: ='FEEDER Consumption '!EJ16 -> 300 | AN16: ='FEEDER Consumption '!EO16 -> 520 | AO16: =SUM(WATER!C17+WATER!H17+WATER!M17+WATER!R17) -> 1007705 | AP16: =IF((AO16-AO15<0), "0",AO16-AO15) -> 416 | AQ16: =[1]WATER!D17 -> 19 | AR16: =[1]WATER!I17 -> 0 | AS16: =[1]WATER!N17 -> 186 | AT16: =[1]WATER!S17 -> 113 | AU16: =[1]WATER!AD17 -> 16 | AV16: =[1]WATER!AI17 -> 6 | AW16: =[1]WATER!AN17 -> 0 | AX16: =[1]WATER!AS17 -> 13 | AY16: =[1]WATER!AX17 -> 8 | AZ16: =[1]WATER!BC17 -> 7 | BA16: =[1]WATER!BH17 -> 8 | BB16: =[1]WATER!BM17 -> 9 | BC16: =[1]WATER!BR17 -> 2 | BD16: =[1]WATER!BW17 -> 0 | BE16: =[1]WATER!CB17 -> 4 | BF16: =[1]WATER!CG17 -> 2 | BG16: =[1]WATER!CL17 -> 28 | BH16: =[1]WATER!CQ17 -> 7 | BI16: =[1]WATER!CV17 -> 1 | BJ16: =[1]WATER!DA17 -> -3 | BK16: =[1]WATER!DF17 -> 2 | BL16: =[1]WATER!DK17 -> 4 | BM16: =[1]WATER!DP17 -> 50 | BN16: =[1]WATER!DU17 -> 0 | BO16: =[1]WATER!DZ17 -> 1 | BP16: ='[1]Room Nights and Food Covers'!B16 -> 11.7 | BQ16: ='[1]Room Nights and Food Covers'!C16 -> 118
A17: =A16+1 -> 44482 | C17: =SUM('GENSET #1'!C22+'GENSET #2'!C22+'GENSET #3'!C22+'GENSET #4'!C22+'GENSET #5'!C22) -> 93979229 | D17: =IF((C17-C16<0), "0",C17-C16) -> 26433 | E17: ='Gas-2'!G18 -> 270 | F17: =IF((E17-E16<0), "0",E17-E16) -> 90 | G17: ='GENSET #1'!D22 -> 5400 | H17: ='GENSET #2'!D22 -> 9672 | I17: ='GENSET #3'!D22 -> 4600 | J17: ='GENSET #4'!D22 -> 3947 | K17: ='GENSET #5'!D22 -> 2814 | L17: ='FEEDER Consumption '!E17 -> 2672 | M17: ='FEEDER Consumption '!J17 -> 4818 | N17: ='FEEDER Consumption '!O17 -> 13914 | O17: ='FEEDER Consumption '!T17 -> 1600 | P17: ='FEEDER Consumption '!Y17 -> 2654 | Q17: ='FEEDER Consumption '!AD17 -> 1800 | R17: ='FEEDER Consumption '!AI17 -> 820 | S17: ='FEEDER Consumption '!AN17 -> 600 | T17: ='FEEDER Consumption '!AS17 -> 1300 | U17: ='FEEDER Consumption '!AX17 -> 462 | V17: ='FEEDER Consumption '!BH17 -> 850 | W17: ='FEEDER Consumption '!BH17 -> 850 | X17: ='FEEDER Consumption '!BM17 -> 1200 | Y17: ='FEEDER Consumption '!BR17 -> 140 | Z17: ='FEEDER Consumption '!BW17 -> 420 | AA17: ='FEEDER Consumption '!CB17 -> 1220 | AB17: ='FEEDER Consumption '!CG17 -> 420 | AC17: ='FEEDER Consumption '!CL17 -> 820 | AD17: ='FEEDER Consumption '!CQ17 -> 840 | AE17: ='FEEDER Consumption '!CV17 -> 600 | AF17: ='FEEDER Consumption '!DA17 -> 1520 | AG17: ='FEEDER Consumption '!DF17 -> 1050 | AH17: ='FEEDER Consumption '!DK17 -> 960 | AI17: ='FEEDER Consumption '!DP17 -> 200 | AJ17: ='FEEDER Consumption '!DU17 -> 133 | AK17: ='FEEDER Consumption '!DZ17 -> 730 | AL17: ='FEEDER Consumption '!EE17 -> 230 | AM17: ='FEEDER Consumption '!EJ17 -> 340 | AN17: ='FEEDER Consumption '!EO17 -> 480 | AO17: =SUM(WATER!C18+WATER!H18+WATER!M18+WATER!R18) -> 1008081 | AP17: =IF((AO17-AO16<0), "0",AO17-AO16) -> 376 | AQ17: =[1]WATER!D18 -> 0 | AR17: =[1]WATER!I18 -> 0 | AS17: =[1]WATER!N18 -> 199 | AT17: =[1]WATER!S18 -> 111 | AU17: =[1]WATER!AD18 -> 16 | AV17: =[1]WATER!AI18 -> 6 | AW17: =[1]WATER!AN18 -> 0 | AX17: =[1]WATER!AS18 -> 6 | AY17: =[1]WATER!AX18 -> 7 | AZ17: =[1]WATER!BC18 -> 6 | BA17: =[1]WATER!BH18 -> 7 | BB17: =[1]WATER!BM18 -> 7 | BC17: =[1]WATER!BR18 -> 2 | BD17: =[1]WATER!BW18 -> 0 | BE17: =[1]WATER!CB18 -> 6 | BF17: =[1]WATER!CG18 -> 2 | BG17: =[1]WATER!CL18 -> 26 | BH17: =[1]WATER!CQ18 -> 3 | BI17: =[1]WATER!CV18 -> 1 | BJ17: =[1]WATER!DA18 -> 8 | BK17: =[1]WATER!DF18 -> 2 | BL17: =[1]WATER!DK18 -> 4 | BM17: =[1]WATER!DP18 -> 0 | BN17: =[1]WATER!DU18 -> 1 | BO17: =[1]WATER!DZ18 -> 0 | BP17: ='[1]Room Nights and Food Covers'!B17 -> 13.6 | BQ17: ='[1]Room Nights and Food Covers'!C17 -> 106
... A35: =A34+1 -> 44500 | C35: =SUM('GENSET #1'!C40+'GENSET #2'!C40+'GENSET #3'!C40+'GENSET #4'!C40+'GENSET #5'!C40) -> 94445379 | D35: =IF((C35-C34<0), "0",C35-C34) -> 27036 | E35: ='Gas-2'!G36 -> 270 | F35: =IF((E35-E34<0), "0",E35-E34) -> 45 | G35: ='GENSET #1'!D40 -> 1772 | H35: ='GENSET #2'!D40 -> 8540 | I35: ='GENSET #3'!D40 -> 4461 | J35: ='GENSET #4'!D40 -> 1022 | K35: ='GENSET #5'!D40 -> 11241 | L35: ='FEEDER Consumption '!E35 -> 2721 | M35: ='FEEDER Consumption '!J35 -> 4505 | N35: ='FEEDER Consumption '!O35 -> 13894 | O35: ='FEEDER Consumption '!T35 -> 1600 | P35: ='FEEDER Consumption '!Y35 -> 2897 | Q35: ='FEEDER Consumption '!AD35 -> 2200 | R35: ='FEEDER Consumption '!AI35 -> 881 | S35: ='FEEDER Consumption '!AN35 -> 730 | T35: ='FEEDER Consumption '!AS35 -> 1600 | U35: ='FEEDER Consumption '!AX35 -> 442 | V35: ='FEEDER Consumption '!BH35 -> 900 | W35: ='FEEDER Consumption '!BH35 -> 900 | X35: ='FEEDER Consumption '!BM35 -> 1000 | Y35: ='FEEDER Consumption '!BR35 -> 170 | Z35: ='FEEDER Consumption '!BW35 -> 440 | AA35: ='FEEDER Consumption '!CB35 -> 1240 | AB35: ='FEEDER Consumption '!CG35 -> 420 | AC35: ='FEEDER Consumption '!CL35 -> 980 | AD35: ='FEEDER Consumption '!CQ35 -> 800 | AE35: ='FEEDER Consumption '!CV35 -> 610 | AF35: ='FEEDER Consumption '!DA35 -> 1300 | AG35: ='FEEDER Consumption '!DF35 -> 790 | AH35: ='FEEDER Consumption '!DK35 -> 770 | AI35: ='FEEDER Consumption '!DP35 -> 180 | AJ35: ='FEEDER Consumption '!DU35 -> 0 | AK35: ='FEEDER Consumption '!DZ35 -> 730 | AL35: ='FEEDER Consumption '!EE35 -> 240 | AM35: ='FEEDER Consumption '!EJ35 -> 340 | AN35: ='FEEDER Consumption '!EO35 -> 530 | AO35: =SUM(WATER!C36+WATER!H36+WATER!M36+WATER!R36) -> 1015437 | AP35: =IF((AO35-AO34<0), "0",AO35-AO34) -> 442 | AQ35: =[1]WATER!D36 -> 202 | AR35: =[1]WATER!I36 -> 0 | AS35: =[1]WATER!N36 -> 41 | AT35: =[1]WATER!S36 -> 133 | AU35: =[1]WATER!AD36 -> 18 | AV35: =[1]WATER!AI36 -> 6 | AW35: =[1]WATER!AN36 -> 15 | AX35: =[1]WATER!AS36 -> 11 | AY35: =[1]WATER!AX36 -> 7 | AZ35: =[1]WATER!BC36 -> 7 | BA35: =[1]WATER!BH36 -> 1 | BB35: =[1]WATER!BM36 -> 9 | BC35: =[1]WATER!BR36 -> 1 | BD35: =[1]WATER!BW36 -> 0 | BE35: =[1]WATER!CB36 -> 1 | BF35: =[1]WATER!CG36 -> 2 | BG35: =[1]WATER!CL36 -> 0 | BH35: =[1]WATER!CQ36 -> 9 | BI35: =[1]WATER!CV36 -> 0 | BJ35: =[1]WATER!DA36 -> 1 | BK35: =[1]WATER!DF36 -> 3 | BL35: =[1]WATER!DK36 -> 3 | BM35: =[1]WATER!DP36 -> 7 | BN35: =[1]WATER!DU36 -> 2 | BO35: =[1]WATER!DZ36 -> 1 | BP35: ='[1]Room Nights and Food Covers'!B35 -> 31.1 | BQ35: ='[1]Room Nights and Food Covers'!C35 -> 195

Sheet Finance Only
A1: Four Seasons Landaa Giraavaru
A3: Property | B3: MLG | G3: 44470 | H3: =NOW() -> 44909.753 | J3: =H3-G3 -> 439.75305
A4: Month | B4: October
A5: Year | B5: 2021
A7: DAY | B7: Electricity Consumption ( kwh) | C7: Diesel Consumption (Liters) | D7: Solar Power Consumption(kwh) | E7: Gas Consumption (kg) | F7: Water Consumption ( m3) | G7: Occupancy | H7: Weather | I7: Ambian Temperature | J7: Electricity Variance (Today vs Yesterday)
A8: 1 | B8: =SUM('GENSET #1:GENSET #5'!D10) -> 23451 | C8: ='Diesel consumption'!D5 -> 6480 | D8: ='SOLAR METER READING'!D9 -> 1933 | E8: ='Gas-2'!G6 -> 180 | F8: =WATER!V6 -> 340 | G8: =WATER!W6 -> 0 | H8: ='SOLAR METER READING'!E9 -> rainin | I8: ='SOLAR METER READING'!F9 -> 27
A9: 2 | B9: =SUM('GENSET #1:GENSET #5'!D11) -> 21626 | C9: ='Diesel consumption'!D6 -> 5670 | D9: ='SOLAR METER READING'!D10 -> 3108 | E9: ='Gas-2'!G7 -> 225 | F9: =WATER!V7 -> 349 | G9: =WATER!W7 -> 5275 | H9: ='SOLAR METER READING'!E10 -> sunny | I9: ='SOLAR METER READING'!F10 -> 30 | J9: =B9-B8 -> -1825
A10: 3 | B10: =SUM('GENSET #1:GENSET #5'!D12) -> 23924 | C10: ='Diesel consumption'!D7 -> 6470 | D10: ='SOLAR METER READING'!D11 -> 3264 | E10: ='Gas-2'!G8 -> 225 | F10: =WATER!V8 -> 346 | G10: =WATER!W8 -> 3209 | H10: ='SOLAR METER READING'!E11 -> sunny | I10: ='SOLAR METER READING'!F11 -> 30 | J10: =B10-B9 -> 2298
A11: 4 | B11: =SUM('GENSET #1:GENSET #5'!D13) -> 23294 | C11: ='Diesel consumption'!D8 -> 6620 | D11: ='SOLAR METER READING'!D12 -> 2470 | E11: ='Gas-2'!G9 -> 225 | F11: =WATER!V9 -> 340 | G11: =WATER!W9 -> 7157 | H11: ='SOLAR METER READING'!E12 -> cloudy | I11: ='SOLAR METER READING'!F12 -> 28 | J11: =B11-B10 -> -630
A12: 5 | B12: =SUM('GENSET #1:GENSET #5'!D14) -> 22493 | C12: ='Diesel consumption'!D9 -> 6340 | D12: ='SOLAR METER READING'!D13 -> 2124 | E12: ='Gas-2'!G10 -> 225 | F12: =WATER!V10 -> 275 | G12: =WATER!W10 -> 2548 | H12: ='SOLAR METER READING'!E13 -> cloudy | I12: ='SOLAR METER READING'!F13 -> 28 | J12: =B12-B11 -> -801
A13: 6 | B13: =SUM('GENSET #1:GENSET #5'!D15) -> 23652 | C13: ='Diesel consumption'!D10 -> 6530 | D13: ='SOLAR METER READING'!D14 -> 2705 | E13: ='Gas-2'!G11 -> 225 | F13: =WATER!V11 -> 364 | G13: =WATER!W11 -> 6770 | H13: ='SOLAR METER READING'!E14 -> cloudy | I13: ='SOLAR METER READING'!F14 -> 28 | J13: =B13-B12 -> 1159
A14: 7 | B14: =SUM('GENSET #1:GENSET #5'!D16) -> 24002 | C14: ='Diesel consumption'!D11 -> 6620 | D14: ='SOLAR METER READING'!D15 -> 2968 | E14: ='Gas-2'!G12 -> 270 | F14: =WATER!V12 -> 323 | G14: =WATER!W12 -> 2259 | H14: ='SOLAR METER READING'!E15 -> cloudy | I14: ='SOLAR METER READING'!F15 -> 28 | J14: =B14-B13 -> 350
A15: 8 | B15: =SUM('GENSET #1:GENSET #5'!D17) -> 24528 | C15: ='Diesel consumption'!D12 -> 6900 | D15: ='SOLAR METER READING'!D16 -> 3156 | E15: ='Gas-2'!G13 -> 225 | F15: =WATER!V13 -> 337 | G15: =WATER!W13 -> 1552 | H15: ='SOLAR METER READING'!E16 -> sunny | I15: ='SOLAR METER READING'!F16 -> 31 | J15: =B15-B14 -> 526
A16: 9 | B16: =SUM('GENSET #1:GENSET #5'!D18) -> 25400 | C16: ='Diesel consumption'!D13 -> 7130 | D16: ='SOLAR METER READING'!D17 -> 2859 | E16: ='Gas-2'!G14 -> 315 | F16: =WATER!V14 -> 347 | G16: =WATER!W14 -> 3348 | H16: ='SOLAR METER READING'!E17 -> cloudy | I16: ='SOLAR METER READING'!F17 -> 28 | J16: =B16-B15 -> 872
A17: 10 | B17: =SUM('GENSET #1:GENSET #5'!D19) -> 25384 | C17: ='Diesel consumption'!D14 -> 6650 | D17: ='SOLAR METER READING'!D18 -> 2885 | E17: ='Gas-2'!G15 -> 270 | F17: =WATER!V15 -> 374 | G17: =WATER!W15 -> 5298 | H17: ='SOLAR METER READING'!E18 -> cloudy | I17: ='SOLAR METER READING'!F18 -> 29 | J17: =B17-B16 -> -16
A18: 11 | B18: =SUM('GENSET #1:GENSET #5'!D20) -> 26115 | C18: ='Diesel consumption'!D15 -> 7320 | D18: ='SOLAR METER READING'!D19 -> 2890 | E18: ='Gas-2'!G16 -> 180 | F18: =WATER!V16 -> 372 | G18: =WATER!W16 -> 422 | H18: ='SOLAR METER READING'!E19 -> cloudy | I18: ='SOLAR METER READING'!F19 -> 28 | J18: =B18-B17 -> 731
A19: 12 | B19: =SUM('GENSET #1:GENSET #5'!D21) -> 25368 | C19: ='Diesel consumption'!D16 -> 7060 | D19: ='SOLAR METER READING'!D20 -> 3200 | E19: ='Gas-2'!G17 -> 180 | F19: =WATER!V17 -> 416 | G19: =WATER!W17 -> 0 | H19: ='SOLAR METER READING'!E20 -> sunny | I19: ='SOLAR METER READING'!F20 -> 29 | J19: =B19-B18 -> -747
A20: 13 | B20: =SUM('GENSET #1:GENSET #5'!D22) -> 26433 | C20: ='Diesel consumption'!D17 -> 7470 | D20: ='SOLAR METER READING'!D21 -> 3184 | E20: ='Gas-2'!G18 -> 270 | F20: =WATER!V18 -> 376 | G20: =WATER!W18 -> 4600 | H20: ='SOLAR METER READING'!E21 -> sunny | I20: ='SOLAR METER READING'!F21 -> 29 | J20: =B20-B19 -> 1065
... A38: 31 | B38: =SUM('GENSET #1:GENSET #5'!D40) -> 27036 | C38: ='Diesel consumption'!D35 -> 7410 | D38: ='SOLAR METER READING'!D39 -> 2686 | E38: ='Gas-2'!G36 -> 270 | F38: =WATER!V36 -> 442 | G38: =WATER!W36 -> 4461 | H38: ='SOLAR METER READING'!E39 -> cloudy | I38: ='SOLAR METER READING'!F39 -> 29 | J38: =B38-B37 -> 284
A39: Total | B39: =SUM(B8:B38) -> 781820 | C39: =SUM(C8:C38) -> 216710 | D39: =SUM(D8:D38) -> 86666 | E39: =SUM(E8:E38) -> 7380 | F39: =SUM(F8:F38) -> 11915 | G39: =SUM(G8:G37)/30 -> 2884.9 | H39: ='SOLAR METER READING'!E40 -> 0 | I39: ='SOLAR METER READING'!F40 -> 0
A40: Avg | B40: =B39/J3 -> 1777.8614 | C40: =C39/J3 -> 492.79931 | D40: =D39/J3 -> 197.07879 | E40: =E39/J3 -> 16.782146 | F40: =F39/J3 -> 27.094752

Sheet Room Nights and Food Covers
A2: Days
A3: Date | B3: ROOM NIGHTS | C3: Total Food Covers
A4: 44469 | B4: 21 | C4: 222
A5: =A4+1 -> 44470 | B5: 12.6 | C5: 100
A6: =A5+1 -> 44471 | B6: 9.7 | C6: 88
A7: =A6+1 -> 44472 | B7: 10.7 | C7: 76
A8: =A7+1 -> 44473 | B8: 11.7 | C8: 71
A9: =A8+1 -> 44474 | B9: 18.4 | C9: 92
A10: =A9+1 -> 44475 | B10: 20.4 | C10: 129
A11: =A10+1 -> 44476 | B11: 21.4 | C11: 137
A12: =A11+1 -> 44477 | B12: 21.4 | C12: 129
A13: =A12+1 -> 44478 | B13: 20.4 | C13: 119
A14: =A13+1 -> 44479 | B14: 20.4 | C14: 144
A15: =A14+1 -> 44480 | B15: 23.3 | C15: 158
A16: =A15+1 -> 44481 | B16: 26.2 | C16: 192
... A35: =A34+1 -> 44500 | B35: 46.6 | C35: 405

Sheet GENSET #1
C1: 1000 KVA
C3: NO#1
A6: 44470
B8: GENSET NO 1
A9: DAY | B9: YESTARDAY | C9: TODAY | D9: Final Electricity Consumption( KWh)
A10: 1 | B10: 17914005 | C10: 17925985 | D10: =MAX(0,C10-B10) -> 11980
A11: 2 | B11: =C10 -> 17925985 | C11: 17926384 | D11: =MAX(0,C11-B11) -> 399
A12: 3 | B12: =C11 -> 17926384 | C12: 17930939 | D12: =MAX(0,C12-B12) -> 4555
A13: 4 | B13: =C12 -> 17930939 | C13: 17938226 | D13: =MAX(0,C13-B13) -> 7287
A14: 5 | B14: =C13 -> 17938226 | C14: 17942921 | D14: =MAX(0,C14-B14) -> 4695
A15: 6 | B15: =C14 -> 17942921 | C15: 17948497 | D15: =MAX(0,C15-B15) -> 5576
A16: 7 | B16: =C15 -> 17948497 | C16: 17953100 | D16: =MAX(0,C16-B16) -> 4603
A17: 8 | B17: =C16 -> 17953100 | C17: 17959503 | D17: =MAX(0,C17-B17) -> 6403
A18: 9 | B18: =C17 -> 17959503 | C18: 17965511 | D18: =MAX(0,C18-B18) -> 6008
A19: 10 | B19: =C18 -> 17965511 | C19: 17967938 | D19: =MAX(0,C19-B19) -> 2427
A20: 11 | B20: =C19 -> 17967938 | C20: 17976335 | D20: =MAX(0,C20-B20) -> 8397
A21: 12 | B21: =C20 -> 17976335 | C21: 17984700 | D21: =MAX(0,C21-B21) -> 8365
A22: 13 | B22: =C21 -> 17984700 | C22: 17990100 | D22: =MAX(0,C22-B22) -> 5400
... A38: 29 | B38: =C37 -> 18077885 | C38: 18087195 | D38: =MAX(0,C38-B38) -> 9310
A39: 30 | B39: =C38 -> 18087195 | C39: 18094173 | D39: =MAX(0,C39-B39) -> 6978 | G39: NEW ENGINE PURCHASED FROM UK
A40: 31 | B40: =C39 -> 18094173 | C40: 18095945 | D40: =MAX(0,C40-B40) -> 1772
A41: Total | D41: =SUM(D10:D40) -> 181940 | G41: INSTALLED: NOV 30 2013

Sheet GENSET #2
C1: 1600 KVA
C3: NO#2
A6: 44470
B8: GENSET NO 2
A9: DAY | B9: YESTARDAY | C9: TODAY | D9: Final Electricity Consumption( KW h)
A10: 1 | B10: 31037223 | C10: 31037223 | D10: =MAX(0,C10-B10) -> 0
A11: 2 | B11: =C10 -> 31037223 | C11: 31042455 | D11: =MAX(0,C11-B11) -> 5232
A12: 3 | B12: =C11 -> 31042455 | C12: 31047922 | D12: =MAX(0,C12-B12) -> 5467
A13: 4 | B13: =C12 -> 31047922 | C13: 31053680 | D13: =MAX(0,C13-B13) -> 5758
A14: 5 | B14: =C13 -> 31053680 | C14: 31064228 | D14: =MAX(0,C14-B14) -> 10548
A15: 6 | B15: =C14 -> 31064228 | C15: 31074010 | D15: =MAX(0,C15-B15) -> 9782
A16: 7 | B16: =C15 -> 31074010 | C16: 31081524 | D16: =MAX(0,C16-B16) -> 7514
A17: 8 | B17: =C16 -> 31081524 | C17: 31090092 | D17: =MAX(0,C17-B17) -> 8568
A18: 9 | B18: =C17 -> 31090092 | C18: 31098206 | D18: =MAX(0,C18-B18) -> 8114
A19: 10 | B19: =C18 -> 31098206 | C19: 31108198 | D19: =MAX(0,C19-B19) -> 9992
A20: 11 | B20: =C19 -> 31108198 | C20: 31113872 | D20: =MAX(0,C20-B20) -> 5674
A21: 12 | B21: =C20 -> 31113872 | C21: 31119900 | D21: =MAX(0,C21-B21) -> 6028
A22: 13 | B22: =C21 -> 31119900 | C22: 31129572 | D22: =MAX(0,C22-B22) -> 9672
... A40: 31 | B40: =C39 -> 31271094 | C40: 31279634 | D40: =MAX(0,C40-B40) -> 8540
A41: Total | B41: =#REF! -> #REF! | D41: =SUM(D10:D40) -> 242411

Sheet GENSET #3
C1: 900 KVA
C3: NO#3
A6: 44470
B8: GENSET NO 3
A9: DAY | B9: YESTARDAY | C9: TODAY | D9: Final Electricity Consumption( KW h)
A10: 1 | B10: 13858068 | C10: 13858068 | D10: =MAX(0,C10-B10) -> 0
A11: 2 | B11: =C10 -> 13858068 | C11: 13863343 | D11: =MAX(0,C11-B11) -> 5275
A12: 3 | B12: =C11 -> 13863343 | C12: 13866552 | D12: =MAX(0,C12-B12) -> 3209
A13: 4 | B13: =C12 -> 13866552 | C13: 13873709 | D13: =MAX(0,C13-B13) -> 7157
A14: 5 | B14: =C13 -> 13873709 | C14: 13876257 | D14: =MAX(0,C14-B14) -> 2548
A15: 6 | B15: =C14 -> 13876257 | C15: 13883027 | D15: =MAX(0,C15-B15) -> 6770
A16: 7 | B16: =C15 -> 13883027 | C16: 13885286 | D16: =MAX(0,C16-B16) -> 2259
A17: 8 | B17: =C16 -> 13885286 | C17: 13886838 | D17: =MAX(0,C17-B17) -> 1552
A18: 9 | B18: =C17 -> 13886838 | C18: 13890186 | D18: =MAX(0,C18-B18) -> 3348
A19: 10 | B19: =C18 -> 13890186 | C19: 13895484 | D19: =MAX(0,C19-B19) -> 5298
A20: 11 | B20: =C19 -> 13895484 | C20: 13895906 | D20: =MAX(0,C20-B20) -> 422
A21: 12 | B21: =C20 -> 13895906 | C21: 13895906 | D21: =MAX(0,C21-B21) -> 0
A22: 13 | B22: =C21 -> 13895906 | C22: 13900506 | D22: =MAX(0,C22-B22) -> 4600
... A40: 31 | B40: =C39 -> 13944615 | C40: 13949076 | D40: =MAX(0,C40-B40) -> 4461
A41: Total | B41: =#REF! -> #REF! | D41: =SUM(D10:D40) -> 91008

Sheet GENSET #4
C1: 500 KVA
C3: NO#4
A6: 44470
B8: GENSET NO 4
A9: DAY | B9: YESTARDAY | C9: TODAY | D9: Final Electricity Consumption( KW h)
A10: 1 | B10: 11898491 | C10: 11900288 | D10: =MAX(0,C10-B10) -> 1797
A11: 2 | B11: =C10 -> 11900288 | C11: 11903023 | D11: =MAX(0,C11-B11) -> 2735
A12: 3 | B12: =C11 -> 11903023 | C12: 11905647 | D12: =MAX(0,C12-B12) -> 2624
A13: 4 | B13: =C12 -> 11905647 | C13: 11907242 | D13: =MAX(0,C13-B13) -> 1595
A14: 5 | B14: =C13 -> 11907242 | C14: 11907269 | D14: =MAX(0,C14-B14) -> 27
A15: 6 | B15: =C14 -> 11907269 | C15: 11908793 | D15: =MAX(0,C15-B15) -> 1524
A16: 7 | B16: =C15 -> 11908793 | C16: 11911450 | D16: =MAX(0,C16-B16) -> 2657
A17: 8 | B17: =C16 -> 11911450 | C17: 11913107 | D17: =MAX(0,C17-B17) -> 1657
A18: 9 | B18: =C17 -> 11913107 | C18: 11915264 | D18: =MAX(0,C18-B18) -> 2157
A19: 10 | B19: =C18 -> 11915264 | C19: 11917230 | D19: =MAX(0,C19-B19) -> 1966
A20: 11 | B20: =C19 -> 11917230 | C20: 11920460 | D20: =MAX(0,C20-B20) -> 3230
A21: 12 | B21: =C20 -> 11920460 | C21: 11923071 | D21: =MAX(0,C21-B21) -> 2611
A22: 13 | B22: =C21 -> 11923071 | C22: 11927018 | D22: =MAX(0,C22-B22) -> 3947
... A40: 31 | B40: =C39 -> 11973342 | C40: 11974364 | D40: =MAX(0,C40-B40) -> 1022
A41: Total | B41: =#REF! -> #REF! | D41: =SUM(D10:D40) -> 75873

Sheet GENSET #5
C1: 1000 KVA
C3: NO#5
A6: 44470
B8: GENSET NO 5
A9: DAY | B9: YESTARDAY | C9: TODAY | D9: Final Electricity Consumption( KWh)
A10: 1 | B10: 18955772 | C10: 18965446 | D10: =MAX(0,C10-B10) -> 9674
A11: 2 | B11: =C10 -> 18965446 | C11: 18973431 | D11: =MAX(0,C11-B11) -> 7985
A12: 3 | B12: =C11 -> 18973431 | C12: 18981500 | D12: =MAX(0,C12-B12) -> 8069
A13: 4 | B13: =C12 -> 18981500 | C13: 18982997 | D13: =MAX(0,C13-B13) -> 1497
A14: 5 | B14: =C13 -> 18982997 | C14: 18987672 | D14: =MAX(0,C14-B14) -> 4675
A15: 6 | B15: =C14 -> 18987672 | C15: 18987672 | D15: =MAX(0,C15-B15) -> 0
A16: 7 | B16: =C15 -> 18987672 | C16: 18994641 | D16: =MAX(0,C16-B16) -> 6969
A17: 8 | B17: =C16 -> 18994641 | C17: 19000989 | D17: =MAX(0,C17-B17) -> 6348
A18: 9 | B18: =C17 -> 19000989 | C18: 19006762 | D18: =MAX(0,C18-B18) -> 5773
A19: 10 | B19: =C18 -> 19006762 | C19: 19012463 | D19: =MAX(0,C19-B19) -> 5701
A20: 11 | B20: =C19 -> 19012463 | C20: 19020855 | D20: =MAX(0,C20-B20) -> 8392
A21: 12 | B21: =C20 -> 19020855 | C21: 19029219 | D21: =MAX(0,C21-B21) -> 8364
A22: 13 | B22: =C21 -> 19029219 | C22: 19032033 | D22: =MAX(0,C22-B22) -> 2814
... A40: 31 | B40: =C39 -> 19135119 | C40: 19146360 | D40: =MAX(0,C40-B40) -> 11241
A41: Total | D41: =SUM(D10:D40) -> 190588

Sheet Diesel consumption
A1: Diesel Consumption - Powerhouse | F1: Diesel Tank Jetty Meter
A2: 44409
D3: Liters | F3: Boat meter Reading
A4: Date | B4: Yesterday | C4: Today | D4: ConsumptionIn 24 hrs | F4: Yesterday | G4: Today | H4: Consumption (Liters) | J4: In Barrels | L4: Carbon Emmision
A5: 1 | B5: 44984310 | C5: 44990790 | D5: =MAX(0,C5-B5) -> 6480 | F5: 806820 | G5: 809290 | H5: =MAX(0,G5-F5) -> 2470 | J5: =D5/200 -> 32.4 | L5: =2.68*D5 -> 17366.4 | M5: =L5/1000 -> 17.3664
A6: 2 | B6: =C5 -> 44990790 | C6: 44996460 | D6: =MAX(0,C6-B6) -> 5670 | F6: =G5 -> 809290 | G6: 810440 | H6: =MAX(0,G6-F6) -> 1150 | J6: =D6/200 -> 28.35 | L6: =2.68*D6 -> 15195.6 | M6: =L6/1000 -> 15.1956
A7: 3 | B7: =C6 -> 44996460 | C7: 45002930 | D7: =MAX(0,C7-B7) -> 6470 | F7: =G6 -> 810440 | G7: 810440 | H7: =MAX(0,G7-F7) -> 0 | J7: =D7/200 -> 32.35 | L7: =2.68*D7 -> 17339.6 | M7: =L7/1000 -> 17.3396
A8: 4 | B8: =C7 -> 45002930 | C8: 45009550 | D8: =MAX(0,C8-B8) -> 6620 | F8: =G7 -> 810440 | G8: 813730 | H8: =MAX(0,G8-F8) -> 3290 | J8: =D8/200 -> 33.1 | L8: =2.68*D8 -> 17741.6 | M8: =L8/1000 -> 17.7416
A9: 5 | B9: =C8 -> 45009550 | C9: 45015890 | D9: =MAX(0,C9-B9) -> 6340 | F9: =G8 -> 813730 | G9: 816030 | H9: =MAX(0,G9-F9) -> 2300 | J9: =D9/200 -> 31.7 | L9: =2.68*D9 -> 16991.2 | M9: =L9/1000 -> 16.9912
A10: 6 | B10: =C9 -> 45015890 | C10: 45022420 | D10: =MAX(0,C10-B10) -> 6530 | F10: =G9 -> 816030 | G10: 816220 | H10: =MAX(0,G10-F10) -> 190 | J10: =D10/200 -> 32.65 | L10: =2.68*D10 -> 17500.4 | M10: =L10/1000 -> 17.5004
A11: 7 | B11: =C10 -> 45022420 | C11: 45029040 | D11: =MAX(0,C11-B11) -> 6620 | F11: =G10 -> 816220 | G11: 819250 | H11: =MAX(0,G11-F11) -> 3030 | J11: =D11/200 -> 33.1 | L11: =2.68*D11 -> 17741.6 | M11: =L11/1000 -> 17.7416
A12: 8 | B12: =C11 -> 45029040 | C12: 45035940 | D12: =MAX(0,C12-B12) -> 6900 | F12: =G11 -> 819250 | G12: 821080 | H12: =MAX(0,G12-F12) -> 1830 | J12: =D12/200 -> 34.5 | L12: =2.68*D12 -> 18492 | M12: =L12/1000 -> 18.492
A13: 9 | B13: =C12 -> 45035940 | C13: 45043070 | D13: =MAX(0,C13-B13) -> 7130 | F13: =G12 -> 821080 | G13: 821420 | H13: =MAX(0,G13-F13) -> 340 | J13: =D13/200 -> 35.65 | L13: =2.68*D13 -> 19108.4 | M13: =L13/1000 -> 19.1084
A14: 10 | B14: =C13 -> 45043070 | C14: 45049720 | D14: =MAX(0,C14-B14) -> 6650 | F14: =G13 -> 821420 | G14: 821421 | H14: =MAX(0,G14-F14) -> 1 | J14: =D14/200 -> 33.25 | L14: =2.68*D14 -> 17822 | M14: =L14/1000 -> 17.822
A15: 11 | B15: =C14 -> 45049720 | C15: 45057040 | D15: =MAX(0,C15-B15) -> 7320 | F15: =G14 -> 821421 | G15: 825440 | H15: =MAX(0,G15-F15) -> 4019 | J15: =D15/200 -> 36.6 | L15: =2.68*D15 -> 19617.6 | M15: =L15/1000 -> 19.6176
A16: 12 | B16: =C15 -> 45057040 | C16: 45064100 | D16: =MAX(0,C16-B16) -> 7060 | F16: =G15 -> 825440 | G16: 827150 | H16: =MAX(0,G16-F16) -> 1710 | J16: =D16/200 -> 35.3 | L16: =2.68*D16 -> 18920.8 | M16: =L16/1000 -> 18.9208
A17: 13 | B17: =C16 -> 45064100 | C17: 45071570 | D17: =MAX(0,C17-B17) -> 7470 | F17: =G16 -> 827150 | G17: 828260 | H17: =MAX(0,G17-F17) -> 1110 | J17: =D17/200 -> 37.35 | L17: =2.68*D17 -> 20019.6 | M17: =L17/1000 -> 20.0196
... A34: 30 | B34: =C33 -> 45186180 | C34: 45193610 | D34: =MAX(0,C34-B34) -> 7430 | F34: =G33 -> 856050 | G34: 856190 | H34: =MAX(0,G34-F34) -> 140 | J34: =D34/200 -> 37.15 | L34: =2.68*D34 -> 19912.4 | M34: =L34/1000 -> 19.9124
A35: 31 | B35: =C34 -> 45193610 | C35: 45201020 | D35: =MAX(0,C35-B35) -> 7410 | F35: =G34 -> 856190 | G35: 858550 | H35: =MAX(0,G35-F35) -> 2360
D36: =SUM(D5:D35) -> 216710 | J36: =SUM(J5:J34) -> 1046.5 | L36: =2.68*D36 -> 580782.8 | M36: =L36/1000 -> 580.7828

Sheet SOLAR METER READING
C3: solar reading
B5: 44409
B7: Solar meter reading
A8: DAY | B8: YESTARDAY | C8: TODAY | D8: Final Electricity Consumption( KW h) | E8: Weather Condition | F8: Temperature
A9: 1 | B9: 3021707 | C9: 3023640 | D9: =MAX(0,C9-B9) -> 1933 | E9: rainin | F9: 27
A10: 2 | B10: =C9 -> 3023640 | C10: 3026748 | D10: =MAX(0,C10-B10) -> 3108 | E10: sunny | F10: 30
A11: 3 | B11: =C10 -> 3026748 | C11: 3030012 | D11: =MAX(0,C11-B11) -> 3264 | E11: sunny | F11: 30
A12: 4 | B12: =C11 -> 3030012 | C12: 3032482 | D12: =MAX(0,C12-B12) -> 2470 | E12: cloudy | F12: 28
A13: 5 | B13: =C12 -> 3032482 | C13: 3034606 | D13: =MAX(0,C13-B13) -> 2124 | E13: cloudy | F13: 28 | J13: 1 liter diesel | K13: 11.1 kwh
A14: 6 | B14: =C13 -> 3034606 | C14: 3037311 | D14: =MAX(0,C14-B14) -> 2705 | E14: cloudy | F14: 28 | J14: 212.88 diesel | K14: 2363 kwh
A15: 7 | B15: =C14 -> 3037311 | C15: 3040279 | D15: =MAX(0,C15-B15) -> 2968 | E15: cloudy | F15: 28
A16: 8 | B16: =C15 -> 3040279 | C16: 3043435 | D16: =MAX(0,C16-B16) -> 3156 | E16: sunny | F16: 31
A17: 9 | B17: =C16 -> 3043435 | C17: 3046294 | D17: =MAX(0,C17-B17) -> 2859 | E17: cloudy | F17: 28
A18: 10 | B18: =C17 -> 3046294 | C18: 3049179 | D18: =MAX(0,C18-B18) -> 2885 | E18: cloudy | F18: 29
A19: 11 | B19: =C18 -> 3049179 | C19: 3052069 | D19: =MAX(0,C19-B19) -> 2890 | E19: cloudy | F19: 28
A20: 12 | B20: =C19 -> 3052069 | C20: 3055269 | D20: =MAX(0,C20-B20) -> 3200 | E20: sunny | F20: 29
A21: 13 | B21: =C20 -> 3055269 | C21: 3058453 | D21: =MAX(0,C21-B21) -> 3184 | E21: sunny | F21: 29
A22: 14 | B22: =C21 -> 3058453 | C22: 3061540 | D22: =MAX(0,C22-B22) -> 3087 | E22: sunny | F22: 29
A23: 15 | B23: =C22 -> 3061540 | C23: 3064713 | D23: =MAX(0,C23-B23) -> 3173 | E23: sunny | F23: 29
A24: 16 | B24: =C23 -> 3064713 | C24: 3067600 | D24: =MAX(0,C24-B24) -> 2887 | E24: cloudy | F24: 26
A25: 17 | B25: =C24 -> 3067600 | C25: 3069160 | D25: =MAX(0,C25-B25) -> 1560 | E25: rainin | F25: 26
A26: 18 | B26: =C25 -> 3069160 | C26: 3071011 | D26: =MAX(0,C26-B26) -> 1851 | E26: rainin | F26: 26
... A39: 31 | B39: =C38 -> 3105687 | C39: 3108373 | D39: =MAX(0,C39-B39) -> 2686 | E39: cloudy | F39: 29
A40: Total | D40: =SUM(D9:D39) -> 86666

Sheet FEEDER Consumption 
A1: 44440 | FH1: Daily Electricity (Kwh) Consumption by Building Categories
A2: POWER HOUSE FEEDER READING
C3: Main BLU FEEDER PANEL 1 | H3: Main BLU FEEDER PANEL 2 | M3: Main POWER HOUSE FEEDER PANEL NO:3 | R3: Main Kitchen -7 | W3: Main Kitchen -10 | AB3: Water treatment Plant | AG3: Sewage treatment Plant | AL3: Laundry--8SSB (HR/Tuck Shop Building) | AQ3: Laundry-9 (Machineries) | AV3: New staff accomodation (E0) | BA3: Staff block-16(E2-E3) | BF3: Staff Block Feeder-3(E4-E5) | BK3: Management block-5 (M1 to M6) | BP3: SNR STAFF BLOCK (PC Block) | BU3: BOAT DOCK FEEDER - 22 | BZ3: RECEPTION Building Full (Finance/Reservation) | CE3: DIVE CENTER (Inc MDC and Recreation) | CJ3: 301-307 | CO3: 308-314 | CT3: 315-320 | CY3: 401-407 | DD3: 408-414 | DI3: 415-420 | DN3: SPA - 1 | DS3: SPA - 2 | DX3: BLU KITCHEN - 1 | EC3: BLU KITCHEN - 2 | EH3: AL BARAKATH | EM3: STAFF KITCHEN | ER3: MANAGR BLOCK GARDEN (White House) | EW3: 121-131 | FB3: 113-120 | FH3: Blu Feeders | FJ3: ALL Kitchens | FL3: Laundry + HR Buidling | FN3: Employee Block | FP3: Managers Block + SNR Block | FR3: HPL Project Team Usage
A4: DAY | B4: Occupancy | C4: Yesterday | D4: Today | E4: Consumption | F4: Variance (Tdy vs Ystdy) | G4: % | H4: Yesterday | I4: Today | J4: Consumption | K4: Var(Tdy vs Ystdy) | L4: % | M4: Yesterday | N4: Today | O4: Consumption | P4: Var (Tdy vs Ystdy) | Q4: % | R4: Yesterday | S4: Today | T4: Consumption | U4: Var(Tdy vs Ystdy) | V4: % | W4: Yesterday | X4: Today | Y4: Consumption | Z4: Var(Tdy vs Ystdy) | AA4: % | AB4: Yesterday | AC4: Today | AD4: Consumption | AE4: Var(Tdy vs Ystdy) | AF4: % | AG4: Yesterday | AH4: Today | AI4: Consumption | AJ4: Var(Tdy vs Ystdy) | AK4: % | AL4: Yesterday | AM4: Today | AN4: Consumption | AO4: Var(Tdy vs Ystdy) | AP4: % | AQ4: Yesterday | AR4: Today | AS4: Consumption | AT4: Var(Tdy vs Ystdy) | AU4: % | AV4: Yesterday | AW4: Today | AX4: Consumption | AY4: Var(Tdy vs Ystdy) | AZ4: % | BA4: Yesterday | BB4: Today | BC4: Consumption | BD4: Var(Tdy vs Ystdy) | BE4: % | BF4: Yesterday | BG4: Today | BH4: Consumption | BI4: Var(Tdy vs Ystdy) | BJ4: % | BK4: Yesterday | BL4: Today | BM4: Consumption | BN4: Var(Tdy vs Ystdy) | BO4: % | BP4: Yesterday | BQ4: Today | BR4: Consumption | BS4: Var(Tdy vs Ystdy) | BT4: % | BU4: Yesterday | BV4: Today | BW4: Consumption | BX4: Var(Tdy vs Ystdy) | BY4: % | BZ4: Yesterday | CA4: Today | CB4: Consumption | CC4: Var(Tdy vs Ystdy) | CD4: % | CE4: Yesterday | CF4: Today | CG4: Consumption | CH4: Var(Tdy vs Ystdy) | CI4: % | CJ4: Yesterday | CK4: Today | CL4: Consumption | CM4: Var(Tdy vs Ystdy) | CN4: % | CO4: Yesterday | CP4: Today | CQ4: Consumption | CR4: Var(Tdy vs Ystdy) | CS4: % | CT4: Yesterday | CU4: Today | CV4: Consumption | CW4: Var(Tdy vs Ystdy) | CX4: % | CY4: Yesterday | CZ4: Today | DA4: Consumption | DB4: Var(Tdy vs Ystdy) | DC4: % | DD4: Yesterday | DE4: Today | DF4: Consumption | DG4: Var(Tdy vs Ystdy) | DH4: % | DI4: Yesterday | DJ4: Today | DK4: Consumption | DL4: Var(Tdy vs Ystdy) | DM4: % | DN4: Yesterday | DO4: Today | DP4: Consumption | DQ4: Var(Tdy vs Ystdy) | DR4: % | DS4: Yesterday | DT4: Today | DU4: Consumption | DV4: Var(Tdy vs Ystdy) | DW4: % | DX4: Yesterday | DY4: Today | DZ4: Consumption | EA4: Var(Tdy vs Ystdy) | EB4: % | EC4: Yesterday | ED4: Today | EE4: Consumption | EF4: Var(Tdy vs Ystdy) | EG4: % | EH4: Yesterday | EI4: Today | EJ4: Consumption | EK4: Var(Tdy vs Ystdy) | EL4: % | EM4: Yesterday | EN4: Today | EO4: Consumption | EP4: Var(Tdy vs Ystdy) | EQ4: % | ER4: Yesterday | ES4: Today | ET4: Consumption | EU4: Var(Tdy vs Ystdy) | EV4: % | EW4: Yesterday | EX4: Today | EY4: Consumption | EZ4: Var(Tdy vs Ystdy) | FA4: % | FB4: Yesterday | FC4: Today | FD4: Consumption | FE4: Var(Tdy vs Ystdy) | FF4: % | FH4: Total (Kwh) | FI4: Avg | FJ4: Total (Kwh) | FK4: Avg | FL4: Total (Kwh) | FM4: Avg | FN4: Total (Kwh) | FO4: Avg | FP4: Total (Kwh) | FQ4: Avg | FR4: Total (Kwh) | FS4: Avg
A5: 1 | B5: ='Finance Only'!G8 -> 0 | C5: 25937582 | D5: 25939604 | E5: =MAX(0,D5-C5) -> 2022 | H5: 23276144 | I5: 23279504 | J5: =MAX(0,I5-H5) -> 3360 | M5: 87550509 | N5: 87563970 | O5: =MAX(0,N5-M5) -> 13461 | R5: 2271700 | S5: 2273200 | T5: =MAX(0,S5-R5) -> 1500 | W5: 3079246 | X5: 3081861 | Y5: =MAX(0,X5-W5) -> 2615 | AB5: 1892600 | AC5: 1894100 | AD5: =MAX(0,AC5-AB5) -> 1500 | AG5: 834593 | AH5: 835389 | AI5: =MAX(0,AH5-AG5) -> 796 | AL5: 857130 | AM5: 857710 | AN5: =MAX(0,AM5-AL5) -> 580 | AQ5: 1921700 | AR5: 1923100 | AS5: 785 | AV5: 556967 | AW5: 557439 | AX5: 443 | BA5: 768780 | BB5: 769720 | BC5: 871 | BF5: 863610 | BG5: 864540 | BH5: 865 | BK5: 1349600 | BL5: 1351100 | BM5: 1205 | BP5: 82172 | BQ5: 82317 | BR5: 944 | BU5: 418560 | BV5: 419020 | BW5: 355 | BZ5: 644480 | CA5: 645710 | CB5: 1250 | CE5: 194940 | CF5: 195310 | CG5: 380 | CJ5: 444540 | CK5: 444110 | CL5: =MAX(0,CK5-CJ5) -> 0 | CO5: 358450 | CP5: 359150 | CQ5: =MAX(0,CP5-CO5) -> 700 | CT5: 305960 | CU5: 306370 | CV5: =MAX(0,CU5-CT5) -> 410 | CY5: 522470 | CZ5: 523380 | DA5: =MAX(0,CZ5-CY5) -> 910 | DD5: 393090 | DE5: 393800 | DF5: =MAX(0,DE5-DD5) -> 710 | DI5: 362150 | DJ5: 362640 | DK5: =MAX(0,DJ5-DI5) -> 490 | DN5: 228130 | DO5: 228300 | DP5: =MAX(0,DO5-DN5) -> 170 | DS5: 62822 | DT5: 62965 | DU5: =MAX(0,DT5-DS5) -> 143 | DX5: 423200 | DY5: 423830 | DZ5: =MAX(0,DY5-DX5) -> 630 | EC5: 133540 | ED5: 133740 | EE5: =MAX(0,ED5-EC5) -> 200 | EH5: 128690 | EI5: 128910 | EJ5: =MAX(0,EI5-EH5) -> 220 | EM5: 243620 | EN5: 244110 | EO5: =MAX(0,EN5-EM5) -> 490 | ER5: 69098 | ET5: =MAX(0,ES5-ER5) -> 0 | EW5: 142250 | EX5: 144590 | EY5: =MAX(0,EX5-EW5) -> 2340 | FB5: 47467 | FC5: 47799 | FD5: =MAX(0,FC5-FB5) -> 332 | FH5: =SUM(E5+J5) -> 5382 | FJ5: =SUM(T5+Y5+DZ5+EE5+EJ5+EO5) -> 5655 | FL5: =SUM(AN5+AS5) -> 1365 | FN5: =SUM(AX5+BC5+BH5) -> 2179 | FP5: =SUM(BM5+BR5+ET5) -> 2149 | FR5: =SUM(EY5+FD5) -> 2672
A6: 2 | B6: ='Finance Only'!G9 -> 5275 | C6: =D5 -> 25939604 | D6: 25941590 | E6: =MAX(0,D6-C6) -> 1986 | F6: =E6-E5 -> -36 | G6: =(E6/'Finance Only'!B9)*100 -> 9.1833904 | H6: =I5 -> 23279504 | I6: 23282815 | J6: =MAX(0,I6-H6) -> 3311 | K6: =J6-J5 -> -49 | L6: =(J6/'Finance Only'!B9)*100 -> 15.310275 | M6: =N5 -> 87563970 | N6: 87575760 | O6: =MAX(0,N6-M6) -> 11790 | P6: =O6-O5 -> -1671 | Q6: =(O6/'Finance Only'!B9)*100 -> 54.51771 | R6: =S5 -> 2273200 | S6: 2274700 | T6: =MAX(0,S6-R6) -> 1500 | U6: =T6-T5 -> 0 | V6: =(T6/'Finance Only'!B9)*100 -> 6.9360954 | W6: =X5 -> 3081861 | X6: 3084402 | Y6: =MAX(0,X6-W6) -> 2541 | Z6: =Y6-Y5 -> -74 | AA6: =(Y6/'Finance Only'!B9)*100 -> 11.749746 | AB6: =AC5 -> 1894100 | AC6: 1895600 | AD6: =MAX(0,AC6-AB6) -> 1500 | AE6: =AD6-AD5 -> 0 | AF6: =(AD6/'Finance Only'!B9)*100 -> 6.9360954 | AG6: =AH5 -> 835389 | AH6: 836090 | AI6: =MAX(0,AH6-AG6) -> 701 | AJ6: =AI6-AI5 -> -95 | AK6: =(AI6/'Finance Only'!B9)*100 -> 3.2414686 | AL6: =AM5 -> 857710 | AM6: 858280 | AN6: =MAX(0,AM6-AL6) -> 570 | AO6: =AN6-AN5 -> -10 | AP6: =(AN6/'Finance Only'!B9)*100 -> 2.6357163 | AQ6: =AR5 -> 1923100 | AR6: 1923700 | AS6: =MAX(0,AR6-AQ6) -> 600 | AT6: =AS6-AS5 -> -185 | AU6: =(AS6/'Finance Only'!B9)*100 -> 2.7744382 | AV6: =AW5 -> 557439 | AW6: 557809 | AX6: =MAX(0,AW6-AV6) -> 370 | AY6: =AX6-AX5 -> -73 | AZ6: =(AX6/'Finance Only'!B9)*100 -> 1.7109035 | BA6: =BB5 -> 769720 | BB6: 770480 | BC6: =MAX(0,BB6-BA6) -> 760 | BD6: =BC6-BC5 -> -111 | BE6: =(BC6/'Finance Only'!B9)*100 -> 3.5142884 | BF6: =BG5 -> 864540 | BG6: 865200 | BH6: =MAX(0,BG6-BF6) -> 660 | BI6: =BH6-BH5 -> -205 | BJ6: =(BH6/'Finance Only'!B9)*100 -> 3.051882 | BK6: =BL5 -> 1351100 | BL6: 1352100 | BM6: =MAX(0,BL6-BK6) -> 1000 | BN6: =BM6-BM5 -> -205 | BO6: =(BM6/'Finance Only'!B9)*100 -> 4.6240636 | BP6: =BQ5 -> 82317 | BQ6: 82452 | BR6: =MAX(0,BQ6-BP6) -> 135 | BS6: =BR6-BR5 -> -809 | BT6: =(BR6/'Finance Only'!B9)*100 -> 0.62424859 | BU6: =BV5 -> 419020 | BV6: 419380 | BW6: =MAX(0,BV6-BU6) -> 360 | BX6: =BW6-BW5 -> 5 | BY6: =(BW6/'Finance Only'!B9)*100 -> 1.6646629 | BZ6: =CA5 -> 645710 | CA6: 646890 | CB6: =MAX(0,CA6-BZ6) -> 1180 | CC6: =CB6-CB5 -> -70 | CD6: =(CB6/'Finance Only'!B9)*100 -> 5.4563951 | CE6: =CF5 -> 195310 | CF6: 195660 | CG6: =MAX(0,CF6-CE6) -> 350 | CH6: =CG6-CG5 -> -30 | CI6: =(CG6/'Finance Only'!B9)*100 -> 1.6184223 | CJ6: =CK5 -> 444110 | CK6: 445880 | CL6: =MAX(0,CK6-CJ6) -> 1770 | CM6: =CL6-CL5 -> 1770 | CN6: =(CL6/'Finance Only'!B9)*100 -> 8.1845926 | CO6: =CP5 -> 359150 | CP6: 359850 | CQ6: =MAX(0,CP6-CO6) -> 700 | CR6: =CQ6-CQ5 -> 0 | CS6: =(CQ6/'Finance Only'!B9)*100 -> 3.2368445 | CT6: =CU5 -> 306370 | CU6: 306820 | CV6: =MAX(0,CU6-CT6) -> 450 | CW6: =CV6-CV5 -> 40 | CX6: =(CV6/'Finance Only'!B9)*100 -> 2.0808286 | CY6: =CZ5 -> 523380 | CZ6: 524290 | DA6: =MAX(0,CZ6-CY6) -> 910 | DB6: =DA6-DA5 -> 0 | DC6: =(DA6/'Finance Only'!B9)*100 -> 4.2078979 | DD6: =DE5 -> 393800 | DE6: 394680 | DF6: =MAX(0,DE6-DD6) -> 880 | DG6: =DF6-DF5 -> 170 | DH6: =(DF6/'Finance Only'!B9)*100 -> 4.069176 | DI6: =DJ5 -> 362640 | DJ6: 363080 | DK6: =MAX(0,DJ6-DI6) -> 440 | DL6: =DK6-DK5 -> -50 | DM6: =(DK6/'Finance Only'!B9)*100 -> 2.034588 | DN6: =DO5 -> 228300 | DO6: 228470 | DP6: =MAX(0,DO6-DN6) -> 170 | DQ6: =DP6-DP5 -> 0 | DR6: =(DP6/'Finance Only'!B9)*100 -> 0.78609082 | DS6: =DT5 -> 62965 | DT6: 63074 | DU6: =MAX(0,DT6-DS6) -> 109 | DV6: =DU6-DU5 -> -34 | DW6: =(DU6/'Finance Only'!B9)*100 -> 0.50402294 | DX6: =DY5 -> 423830 | DY6: 424450 | DZ6: =MAX(0,DY6-DX6) -> 620 | EA6: =DZ6-DZ5 -> -10 | EB6: =(DZ6/'Finance Only'!B9)*100 -> 2.8669194 | EC6: =ED5 -> 133740 | ED6: 133960 | EE6: =MAX(0,ED6-EC6) -> 220 | EF6: =EE6-EE5 -> 20 | EG6: =(EE6/'Finance Only'!B9)*100 -> 1.017294 | EH6: =EI5 -> 128910 | EI6: 129220 | EJ6: =MAX(0,EI6-EH6) -> 310 | EK6: =EJ6-EJ5 -> 90 | EL6: =(EJ6/'Finance Only'!B9)*100 -> 1.4334597 | EM6: =EN5 -> 244110 | EN6: 244600 | EO6: =MAX(0,EN6-EM6) -> 490 | EP6: =EO6-EO5 -> 0 | EQ6: =(EO6/'Finance Only'!B9)*100 -> 2.2657912 | ER6: =ES5 -> 0 | ET6: =MAX(0,ES6-ER6) -> 0 | EU6: =ET6-ET5 -> 0 | EV6: =(ET6/'Finance Only'!B9)*100 -> 0 | EW6: =EX5 -> 144590 | EX6: 150860 | EY6: =MAX(0,EX6-EW6) -> 6270 | EZ6: =EY6-EY5 -> 3930 | FA6: =(EY6/'Finance Only'!G9)*100 -> 118.86256 | FB6: =FC5 -> 47799 | FC6: 48162 | FD6: =MAX(0,FC6-FB6) -> 363 | FE6: =FD6-FD5 -> 31 | FF6: =(FD6/'Finance Only'!M9)*100 -> #DIV/0! | FH6: =SUM(E6+J6) -> 5297 | FJ6: =SUM(T6+Y6+DZ6+EE6+EJ6+EO6) -> 5681 | FL6: =SUM(AN6+AS6) -> 1170 | FN6: =SUM(AX6+BC6+BH6) -> 1790 | FP6: =SUM(BM6+BR6+ET6) -> 1135 | FR6: =SUM(EY6+FD6) -> 6633
A7: 3 | B7: ='Finance Only'!G10 -> 3209 | C7: =D6 -> 25941590 | D7: 25943824 | E7: =MAX(0,D7-C7) -> 2234 | F7: =E7-E6 -> 248 | G7: =(E7/'Finance Only'!B10)*100 -> 9.3379034 | H7: =I6 -> 23282815 | I7: 23286680 | J7: =MAX(0,I7-H7) -> 3865 | K7: =J7-J6 -> 554 | L7: =(J7/'Finance Only'!B10)*100 -> 16.155325 | M7: =N6 -> 87575760 | N7: 87588658 | O7: =MAX(0,N7-M7) -> 12898 | P7: =O7-O6 -> 1108 | Q7: =(O7/'Finance Only'!B10)*100 -> 53.912389 | R7: =S6 -> 2274700 | S7: 2276200 | T7: =MAX(0,S7-R7) -> 1500 | U7: =T7-T6 -> 0 | V7: =(T7/'Finance Only'!B10)*100 -> 6.2698545 | W7: =X6 -> 3084402 | X7: 3087155 | Y7: =MAX(0,X7-W7) -> 2753 | Z7: =Y7-Y6 -> 212 | AA7: =(Y7/'Finance Only'!B10)*100 -> 11.507273 | AB7: =AC6 -> 1895600 | AC7: 1897100 | AD7: =MAX(0,AC7-AB7) -> 1500 | AE7: =AD7-AD6 -> 0 | AF7: =(AD7/'Finance Only'!B10)*100 -> 6.2698545 | AG7: =AH6 -> 836090 | AH7: 836846 | AI7: =MAX(0,AH7-AG7) -> 756 | AJ7: =AI7-AI6 -> 55 | AK7: =(AI7/'Finance Only'!B10)*100 -> 3.1600067 | AL7: =AM6 -> 858280 | AM7: 858860 | AN7: =MAX(0,AM7-AL7) -> 580 | AO7: =AN7-AN6 -> 10 | AP7: =(AN7/'Finance Only'!B10)*100 -> 2.4243438 | AQ7: =AR6 -> 1923700 | AR7: 1924900 | AS7: =MAX(0,AR7-AQ7) -> 1200 | AT7: =AS7-AS6 -> 600 | AU7: =(AS7/'Finance Only'!B10)*100 -> 5.0158836 | AV7: =AW6 -> 557809 | AW7: 558219 | AX7: =MAX(0,AW7-AV7) -> 410 | AY7: =AX7-AX6 -> 40 | AZ7: =(AX7/'Finance Only'!B10)*100 -> 1.7137602 | BA7: =BB6 -> 770480 | BB7: 771390 | BC7: =MAX(0,BB7-BA7) -> 910 | BD7: =BC7-BC6 -> 150 | BE7: =(BC7/'Finance Only'!B10)*100 -> 3.8037118 | BF7: =BG6 -> 865200 | BG7: 865930 | BH7: =MAX(0,BG7-BF7) -> 730 | BI7: =BH7-BH6 -> 70 | BJ7: =(BH7/'Finance Only'!B10)*100 -> 3.0513292 | BK7: =BL6 -> 1352100 | BL7: 1353500 | BM7: =MAX(0,BL7-BK7) -> 1400 | BN7: =BM7-BM6 -> 400 | BO7: =(BM7/'Finance Only'!B10)*100 -> 5.8518642 | BP7: =BQ6 -> 82452 | BQ7: 82631 | BR7: =MAX(0,BQ7-BP7) -> 179 | BS7: =BR7-BR6 -> 44 | BT7: =(BR7/'Finance Only'!B10)*100 -> 0.74820264 | BU7: =BV6 -> 419380 | BV7: 419780 | BW7: =MAX(0,BV7-BU7) -> 400 | BX7: =BW7-BW6 -> 40 | BY7: =(BW7/'Finance Only'!B10)*100 -> 1.6719612 | BZ7: =CA6 -> 646890 | CA7: 648130 | CB7: =MAX(0,CA7-BZ7) -> 1240 | CC7: =CB7-CB6 -> 60 | CD7: =(CB7/'Finance Only'!B10)*100 -> 5.1830798 | CE7: =CF6 -> 195660 | CF7: 196070 | CG7: =MAX(0,CF7-CE7) -> 410 | CH7: =CG7-CG6 -> 60 | CI7: =(CG7/'Finance Only'!B10)*100 -> 1.7137602 | CJ7: =CK6 -> 445880 | CK7: 446700 | CL7: =MAX(0,CK7-CJ7) -> 820 | CM7: =CL7-CL6 -> -950 | CN7: =(CL7/'Finance Only'!B10)*100 -> 3.4275205 | CO7: =CP6 -> 359850 | CP7: 360610 | CQ7: =MAX(0,CP7-CO7) -> 760 | CR7: =CQ7-CQ6 -> 60 | CS7: =(CQ7/'Finance Only'!B10)*100 -> 3.1767263 | CT7: =CU6 -> 306820 | CU7: 307340 | CV7: =MAX(0,CU7-CT7) -> 520 | CW7: =CV7-CV6 -> 70 | CX7: =(CV7/'Finance Only'!B10)*100 -> 2.1735496 | CY7: =CZ6 -> 524290 | CZ7: 525370 | DA7: =MAX(0,CZ7-CY7) -> 1080 | DB7: =DA7-DA6 -> 170 | DC7: =(DA7/'Finance Only'!B10)*100 -> 4.5142953 | DD7: =DE6 -> 394680 | DE7: 395550 | DF7: =MAX(0,DE7-DD7) -> 870 | DG7: =DF7-DF6 -> -10 | DH7: =(DF7/'Finance Only'!B10)*100 -> 3.6365156 | DI7: =DJ6 -> 363080 | DJ7: =363080+445 -> 363525 | DK7: =MAX(0,DJ7-DI7) -> 445 | DL7: =DK7-DK6 -> 5 | DM7: =(DK7/'Finance Only'!B10)*100 -> 1.8600568 | DN7: =DO6 -> 228470 | DO7: 228660 | DP7: =MAX(0,DO7-DN7) -> 190 | DQ7: =DP7-DP6 -> 20 | DR7: =(DP7/'Finance Only'!B10)*100 -> 0.79418157 | DS7: =DT6 -> 63074 | DT7: 63194 | DU7: =MAX(0,DT7-DS7) -> 120 | DV7: =DU7-DU6 -> 11 | DW7: =(DU7/'Finance Only'!B10)*100 -> 0.50158836 | DX7: =DY6 -> 424450 | DY7: 425090 | DZ7: =MAX(0,DY7-DX7) -> 640 | EA7: =DZ7-DZ6 -> 20 | EB7: =(DZ7/'Finance Only'!B10)*100 -> 2.6751379 | EC7: =ED6 -> 133960 | ED7: 134180 | EE7: =MAX(0,ED7-EC7) -> 220 | EF7: =EE7-EE6 -> 0 | EG7: =(EE7/'Finance Only'!B10)*100 -> 0.91957867 | EH7: =EI6 -> 129220 | EI7: 129510 | EJ7: =MAX(0,EI7-EH7) -> 290 | EK7: =EJ7-EJ6 -> -20 | EL7: =(EJ7/'Finance Only'!B10)*100 -> 1.2121719 | EM7: =EN6 -> 244600 | EN7: 244950 | EO7: =MAX(0,EN7-EM7) -> 350 | EP7: =EO7-EO6 -> -140 | EQ7: =(EO7/'Finance Only'!B10)*100 -> 1.4629661 | ER7: =ES6 -> 0 | ET7: =MAX(0,ES7-ER7) -> 0 | EU7: =ET7-ET6 -> 0 | EV7: =(ET7/'Finance Only'!B10)*100 -> 0 | EW7: =EX6 -> 150860 | EX7: 161160 | EY7: =MAX(0,EX7-EW7) -> 10300 | EZ7: =EY7-EY6 -> 4030 | FA7: =(EY7/'Finance Only'!G10)*100 -> 320.97227 | FB7: =FC6 -> 48162 | FC7: 48506 | FD7: =MAX(0,FC7-FB7) -> 344 | FE7: =FD7-FD6 -> -19 | FF7: =(FD7/'Finance Only'!M10)*100 -> #DIV/0! | FH7: =SUM(E7+J7) -> 6099 | FJ7: =SUM(T7+Y7+DZ7+EE7+EJ7+EO7) -> 5753 | FL7: =SUM(AN7+AS7) -> 1780 | FN7: =SUM(AX7+BC7+BH7) -> 2050 | FP7: =SUM(BM7+BR7+ET7) -> 1579 | FR7: =SUM(EY7+FD7) -> 10644
A8: 4 | B8: ='Finance Only'!G11 -> 7157 | C8: =D7 -> 25943824 | D8: 25946032 | E8: =MAX(0,D8-C8) -> 2208 | F8: =E8-E7 -> -26 | G8: =(E8/'Finance Only'!B11)*100 -> 9.4788358 | H8: =I7 -> 23286680 | I8: 23290538 | J8: =MAX(0,I8-H8) -> 3858 | K8: =J8-J7 -> -7 | L8: =(J8/'Finance Only'!B11)*100 -> 16.562205 | M8: =N7 -> 87588658 | N8: 87601889 | O8: =MAX(0,N8-M8) -> 13231 | P8: =O8-O7 -> 333 | Q8: =(O8/'Finance Only'!B11)*100 -> 56.800034 | R8: =S7 -> 2276200 | S8: 2277700 | T8: =MAX(0,S8-R8) -> 1500 | U8: =T8-T7 -> 0 | V8: =(T8/'Finance Only'!B11)*100 -> 6.4394265 | W8: =X7 -> 3087155 | X8: 3089705 | Y8: =MAX(0,X8-W8) -> 2550 | Z8: =Y8-Y7 -> -203 | AA8: =(Y8/'Finance Only'!B11)*100 -> 10.947025 | AB8: =AC7 -> 1897100 | AC8: 1898600 | AD8: =MAX(0,AC8-AB8) -> 1500 | AE8: =AD8-AD7 -> 0 | AF8: =(AD8/'Finance Only'!B11)*100 -> 6.4394265 | AG8: =AH7 -> 836846 | AH8: 837599 | AI8: =MAX(0,AH8-AG8) -> 753 | AJ8: =AI8-AI7 -> -3 | AK8: =(AI8/'Finance Only'!B11)*100 -> 3.2325921 | AL8: =AM7 -> 858860 | AM8: 859400 | AN8: =MAX(0,AM8-AL8) -> 540 | AO8: =AN8-AN7 -> -40 | AP8: =(AN8/'Finance Only'!B11)*100 -> 2.3181935 | AQ8: =AR7 -> 1924900 | AR8: 1925600 | AS8: =MAX(0,AR8-AQ8) -> 700 | AT8: =AS8-AS7 -> -500 | AU8: =(AS8/'Finance Only'!B11)*100 -> 3.0050657 | AV8: =AW7 -> 558219 | AW8: 558626 | AX8: =MAX(0,AW8-AV8) -> 407 | AY8: =AX8-AX7 -> -3 | AZ8: =(AX8/'Finance Only'!B11)*100 -> 1.747231 | BA8: =BB7 -> 771390 | BB8: 772370 | BC8: =MAX(0,BB8-BA8) -> 980 | BD8: =BC8-BC7 -> 70 | BE8: =(BC8/'Finance Only'!B11)*100 -> 4.207092 | BF8: =BG7 -> 865930 | BG8: 866690 | BH8: =MAX(0,BG8-BF8) -> 760 | BI8: =BH8-BH7 -> 30 | BJ8: =(BH8/'Finance Only'!B11)*100 -> 3.2626427 | BK8: =BL7 -> 1353500 | BL8: 1354800 | BM8: =MAX(0,BL8-BK8) -> 1300 | BN8: =BM8-BM7 -> -100 | BO8: =(BM8/'Finance Only'!B11)*100 -> 5.5808363 | BP8: =BQ7 -> 82631 | BQ8: 82782 | BR8: =MAX(0,BQ8-BP8) -> 151 | BS8: =BR8-BR7 -> -28 | BT8: =(BR8/'Finance Only'!B11)*100 -> 0.6482356 | BU8: =BV7 -> 419780 | BV8: 420210 | BW8: =MAX(0,BV8-BU8) -> 430 | BX8: =BW8-BW7 -> 30 | BY8: =(BW8/'Finance Only'!B11)*100 -> 1.8459689 | BZ8: =CA7 -> 648130 | CA8: 649310 | CB8: =MAX(0,CA8-BZ8) -> 1180 | CC8: =CB8-CB7 -> -60 | CD8: =(CB8/'Finance Only'!B11)*100 -> 5.0656821 | CE8: =CF7 -> 196070 | CF8: 196480 | CG8: =MAX(0,CF8-CE8) -> 410 | CH8: =CG8-CG7 -> 0 | CI8: =(CG8/'Finance Only'!B11)*100 -> 1.7601099 | CJ8: =CK7 -> 446700 | CK8: 447460 | CL8: =MAX(0,CK8-CJ8) -> 760 | CM8: =CL8-CL7 -> -60 | CN8: =(CL8/'Finance Only'!B11)*100 -> 3.2626427 | CO8: =CP7 -> 360610 | CP8: 361380 | CQ8: =MAX(0,CP8-CO8) -> 770 | CR8: =CQ8-CQ7 -> 10 | CS8: =(CQ8/'Finance Only'!B11)*100 -> 3.3055723 | CT8: =CU7 -> 307340 | CU8: 307780 | CV8: =MAX(0,CU8-CT8) -> 440 | CW8: =CV8-CV7 -> -80 | CX8: =(CV8/'Finance Only'!B11)*100 -> 1.8888984 | CY8: =CZ7 -> 525370 | CZ8: 526450 | DA8: =MAX(0,CZ8-CY8) -> 1080 | DB8: =DA8-DA7 -> 0 | DC8: =(DA8/'Finance Only'!B11)*100 -> 4.6363871 | DD8: =DE7 -> 395550 | DE8: 396430 | DF8: =MAX(0,DE8-DD8) -> 880 | DG8: =DF8-DF7 -> 10 | DH8: =(DF8/'Finance Only'!B11)*100 -> 3.7777969 | DI8: =DJ7 -> 363525 | DJ8: 364320 | DK8: =MAX(0,DJ8-DI8) -> 795 | DL8: =DK8-DK7 -> 350 | DM8: =(DK8/'Finance Only'!B11)*100 -> 3.412896 | DN8: =DO7 -> 228660 | DO8: 228840 | DP8: =MAX(0,DO8-DN8) -> 180 | DQ8: =DP8-DP7 -> -10 | DR8: =(DP8/'Finance Only'!B11)*100 -> 0.77273118 | DS8: =DT7 -> 63194 | DT8: 63316 | DU8: =MAX(0,DT8-DS8) -> 122 | DV8: =DU8-DU7 -> 2 | DW8: =(DU8/'Finance Only'!B11)*100 -> 0.52374002 | DX8: =DY7 -> 425090 | DY8: 425700 | DZ8: =MAX(0,DY8-DX8) -> 610 | EA8: =DZ8-DZ7 -> -30 | EB8: =(DZ8/'Finance Only'!B11)*100 -> 2.6187001 | EC8: =ED7 -> 134180 | ED8: 134390 | EE8: =MAX(0,ED8-EC8) -> 210 | EF8: =EE8-EE7 -> -10 | EG8: =(EE8/'Finance Only'!B11)*100 -> 0.9015197 | EH8: =EI7 -> 129510 | EI8: 129910 | EJ8: =MAX(0,EI8-EH8) -> 400 | EK8: =EJ8-EJ7 -> 110 | EL8: =(EJ8/'Finance Only'!B11)*100 -> 1.7171804 | EM8: =EN7 -> 244950 | EN8: 245600 | EO8: =MAX(0,EN8-EM8) -> 650 | EP8: =EO8-EO7 -> 300 | EQ8: =(EO8/'Finance Only'!B11)*100 -> 2.7904181 | ER8: =ES7 -> 0 | ET8: =MAX(0,ES8-ER8) -> 0 | EU8: =ET8-ET7 -> 0 | EV8: =(ET8/'Finance Only'!B11)*100 -> 0 | EW8: =EX7 -> 161160 | EX8: 168070 | EY8: =MAX(0,EX8-EW8) -> 6910 | EZ8: =EY8-EY7 -> -3390 | FA8: =(EY8/'Finance Only'!G11)*100 -> 96.548833 | FB8: =FC7 -> 48506 | FC8: 48793 | FD8: =MAX(0,FC8-FB8) -> 287 | FE8: =FD8-FD7 -> -57 | FF8: =(FD8/'Finance Only'!M11)*100 -> #DIV/0! | FH8: =SUM(E8+J8) -> 6066 | FJ8: =SUM(T8+Y8+DZ8+EE8+EJ8+EO8) -> 5920 | FL8: =SUM(AN8+AS8) -> 1240 | FN8: =SUM(AX8+BC8+BH8) -> 2147 | FP8: =SUM(BM8+BR8+ET8) -> 1451 | FR8: =SUM(EY8+FD8) -> 7197
A9: 5 | B9: ='Finance Only'!G12 -> 2548 | C9: =D8 -> 25946032 | D9: 25948115 | E9: =MAX(0,D9-C9) -> 2083 | F9: =E9-E8 -> -125 | G9: =(E9/'Finance Only'!B12)*100 -> 9.2606589 | H9: =I8 -> 23290538 | I9: 23293867 | J9: =MAX(0,I9-H9) -> 3329 | K9: =J9-J8 -> -529 | L9: =(J9/'Finance Only'!B12)*100 -> 14.80016 | M9: =N8 -> 87601889 | N9: 87614422 | O9: =MAX(0,N9-M9) -> 12533 | P9: =O9-O8 -> -698 | Q9: =(O9/'Finance Only'!B12)*100 -> 55.719557 | R9: =S8 -> 2277700 | S9: 2279300 | T9: =MAX(0,S9-R9) -> 1600 | U9: =T9-T8 -> 100 | V9: =(T9/'Finance Only'!B12)*100 -> 7.1133241 | W9: =X8 -> 3089705 | X9: 3092314 | Y9: =MAX(0,X9-W9) -> 2609 | Z9: =Y9-Y8 -> 59 | AA9: =(Y9/'Finance Only'!B12)*100 -> 11.599164 | AB9: =AC8 -> 1898600 | AC9: 1900000 | AD9: =MAX(0,AC9-AB9) -> 1400 | AE9: =AD9-AD8 -> -100 | AF9: =(AD9/'Finance Only'!B12)*100 -> 6.2241586 | AG9: =AH8 -> 837599 | AH9: 838402 | AI9: =MAX(0,AH9-AG9) -> 803 | AJ9: =AI9-AI8 -> 50 | AK9: =(AI9/'Finance Only'!B12)*100 -> 3.5699996 | AL9: =AM8 -> 859400 | AM9: 859930 | AN9: =MAX(0,AM9-AL9) -> 530 | AO9: =AN9-AN8 -> -10 | AP9: =(AN9/'Finance Only'!B12)*100 -> 2.3562886 | AQ9: =AR8 -> 1925600 | AR9: 1926900 | AS9: =MAX(0,AR9-AQ9) -> 1300 | AT9: =AS9-AS8 -> 600 | AU9: =(AS9/'Finance Only'!B12)*100 -> 5.7795759 | AV9: =AW8 -> 558626 | AW9: 559002 | AX9: =MAX(0,AW9-AV9) -> 376 | AY9: =AX9-AX8 -> -31 | AZ9: =(AX9/'Finance Only'!B12)*100 -> 1.6716312 | BA9: =BB8 -> 772370 | BB9: 773330 | BC9: =MAX(0,BB9-BA9) -> 960 | BD9: =BC9-BC8 -> -20 | BE9: =(BC9/'Finance Only'!B12)*100 -> 4.2679945 | BF9: =BG8 -> 866690 | BG9: 867360 | BH9: =MAX(0,BG9-BF9) -> 670 | BI9: =BH9-BH8 -> -90 | BJ9: =(BH9/'Finance Only'!B12)*100 -> 2.9787045 | BK9: =BL8 -> 1354800 | BL9: 1356200 | BM9: =MAX(0,BL9-BK9) -> 1400 | BN9: =BM9-BM8 -> 100 | BO9: =(BM9/'Finance Only'!B12)*100 -> 6.2241586 | BP9: =BQ8 -> 82782 | BQ9: 82912 | BR9: =MAX(0,BQ9-BP9) -> 130 | BS9: =BR9-BR8 -> -21 | BT9: =(BR9/'Finance Only'!B12)*100 -> 0.57795759 | BU9: =BV8 -> 420210 | BV9: 420630 | BW9: =MAX(0,BV9-BU9) -> 420 | BX9: =BW9-BW8 -> -10 | BY9: =(BW9/'Finance Only'!B12)*100 -> 1.8672476 | BZ9: =CA8 -> 649310 | CA9: 650460 | CB9: =MAX(0,CA9-BZ9) -> 1150 | CC9: =CB9-CB8 -> -30 | CD9: =(CB9/'Finance Only'!B12)*100 -> 5.1127017 | CE9: =CF8 -> 196480 | CF9: 196830 | CG9: =MAX(0,CF9-CE9) -> 350 | CH9: =CG9-CG8 -> -60 | CI9: =(CG9/'Finance Only'!B12)*100 -> 1.5560397 | CJ9: =CK8 -> 447460 | CK9: 448070 | CL9: =MAX(0,CK9-CJ9) -> 610 | CM9: =CL9-CL8 -> -150 | CN9: =(CL9/'Finance Only'!B12)*100 -> 2.7119548 | CO9: =CP8 -> 361380 | CP9: 362060 | CQ9: =MAX(0,CP9-CO9) -> 680 | CR9: =CQ9-CQ8 -> -90 | CS9: =(CQ9/'Finance Only'!B12)*100 -> 3.0231628 | CT9: =CU8 -> 307780 | CU9: 308170 | CV9: =MAX(0,CU9-CT9) -> 390 | CW9: =CV9-CV8 -> -50 | CX9: =(CV9/'Finance Only'!B12)*100 -> 1.7338728 | CY9: =CZ8 -> 526450 | CZ9: 527450 | DA9: =MAX(0,CZ9-CY9) -> 1000 | DB9: =DA9-DA8 -> -80 | DC9: =(DA9/'Finance Only'!B12)*100 -> 4.4458276 | DD9: =DE8 -> 396430 | DE9: 397180 | DF9: =MAX(0,DE9-DD9) -> 750 | DG9: =DF9-DF8 -> -130 | DH9: =(DF9/'Finance Only'!B12)*100 -> 3.3343707 | DI9: =DJ8 -> 364320 | DJ9: 364830 | DK9: =MAX(0,DJ9-DI9) -> 510 | DL9: =DK9-DK8 -> -285 | DM9: =(DK9/'Finance Only'!B12)*100 -> 2.2673721 | DN9: =DO8 -> 228840 | DO9: 229010 | DP9: =MAX(0,DO9-DN9) -> 170 | DQ9: =DP9-DP8 -> -10 | DR9: =(DP9/'Finance Only'!B12)*100 -> 0.75579069 | DS9: =DT8 -> 63316 | DT9: 63454 | DU9: =MAX(0,DT9-DS9) -> 138 | DV9: =DU9-DU8 -> 16 | DW9: =(DU9/'Finance Only'!B12)*100 -> 0.61352421 | DX9: =DY8 -> 425700 | DY9: 426290 | DZ9: =MAX(0,DY9-DX9) -> 590 | EA9: =DZ9-DZ8 -> -20 | EB9: =(DZ9/'Finance Only'!B12)*100 -> 2.6230383 | EC9: =ED8 -> 134390 | ED9: 134600 | EE9: =MAX(0,ED9-EC9) -> 210 | EF9: =EE9-EE8 -> 0 | EG9: =(EE9/'Finance Only'!B12)*100 -> 0.93362379 | EH9: =EI8 -> 129910 | EI9: 130230 | EJ9: =MAX(0,EI9-EH9) -> 320 | EK9: =EJ9-EJ8 -> -80 | EL9: =(EJ9/'Finance Only'!B12)*100 -> 1.4226648 | EM9: =EN8 -> 245600 | EN9: 246130 | EO9: =MAX(0,EN9-EM9) -> 530 | EP9: =EO9-EO8 -> -120 | EQ9: =(EO9/'Finance Only'!B12)*100 -> 2.3562886 | ER9: =ES8 -> 0 | ET9: =MAX(0,ES9-ER9) -> 0 | EU9: =ET9-ET8 -> 0 | EV9: =(ET9/'Finance Only'!B12)*100 -> 0 | EW9: =EX8 -> 168070 | EX9: 176660 | EY9: =MAX(0,EX9-EW9) -> 8590 | EZ9: =EY9-EY8 -> 1680 | FA9: =(EY9/'Finance Only'!G12)*100 -> 337.12716 | FB9: =FC8 -> 48793 | FC9: 49159 | FD9: =MAX(0,FC9-FB9) -> 366 | FE9: =FD9-FD8 -> 79 | FF9: =(FD9/'Finance Only'!M12)*100 -> #DIV/0! | FH9: =SUM(E9+J9) -> 5412 | FJ9: =SUM(T9+Y9+DZ9+EE9+EJ9+EO9) -> 5859 | FL9: =SUM(AN9+AS9) -> 1830 | FN9: =SUM(AX9+BC9+BH9) -> 2006 | FP9: =SUM(BM9+BR9+ET9) -> 1530 | FR9: =SUM(EY9+FD9) -> 8956
A10: 6 | B10: ='Finance Only'!G13 -> 6770 | C10: =D9 -> 25948115 | D10: 25950456 | E10: =MAX(0,D10-C10) -> 2341 | F10: =E10-E9 -> 258 | G10: =(E10/'Finance Only'!B13)*100 -> 9.8976831 | H10: =I9 -> 23293867 | I10: 23297898 | J10: =MAX(0,I10-H10) -> 4031 | K10: =J10-J9 -> 702 | L10: =(J10/'Finance Only'!B13)*100 -> 17.042956 | M10: =N9 -> 87614422 | N10: 87627366 | O10: =MAX(0,N10-M10) -> 12944 | P10: =O10-O9 -> 411 | Q10: =(O10/'Finance Only'!B13)*100 -> 54.726873 | R10: =S9 -> 2279300 | S10: 2280900 | T10: =MAX(0,S10-R10) -> 1600 | U10: =T10-T9 -> 0 | V10: =(T10/'Finance Only'!B13)*100 -> 6.7647556 | W10: =X9 -> 3092314 | X10: 3095060 | Y10: =MAX(0,X10-W10) -> 2746 | Z10: =Y10-Y9 -> 137 | AA10: =(Y10/'Finance Only'!B13)*100 -> 11.610012 | AB10: =AC9 -> 1900000 | AC10: 1901500 | AD10: =MAX(0,AC10-AB10) -> 1500 | AE10: =AD10-AD9 -> 100 | AF10: =(AD10/'Finance Only'!B13)*100 -> 6.3419584 | AG10: =AH9 -> 838402 | AH10: 839211 | AI10: =MAX(0,AH10-AG10) -> 809 | AJ10: =AI10-AI9 -> 6 | AK10: =(AI10/'Finance Only'!B13)*100 -> 3.4204296 | AL10: =AM9 -> 859930 | AM10: 860530 | AN10: =MAX(0,AM10-AL10) -> 600 | AO10: =AN10-AN9 -> 70 | AP10: =(AN10/'Finance Only'!B13)*100 -> 2.5367834 | AQ10: =AR9 -> 1926900 | AR10: 1927600 | AS10: =MAX(0,AR10-AQ10) -> 700 | AT10: =AS10-AS9 -> -600 | AU10: =(AS10/'Finance Only'!B13)*100 -> 2.9595806 | AV10: =AW9 -> 559002 | AW10: 559381 | AX10: =MAX(0,AW10-AV10) -> 379 | AY10: =AX10-AX9 -> 3 | AZ10: =(AX10/'Finance Only'!B13)*100 -> 1.6024015 | BA10: =BB9 -> 773330 | BB10: 774290 | BC10: =MAX(0,BB10-BA10) -> 960 | BD10: =BC10-BC9 -> 0 | BE10: =(BC10/'Finance Only'!B13)*100 -> 4.0588534 | BF10: =BG9 -> 867360 | BG10: 868090 | BH10: =MAX(0,BG10-BF10) -> 730 | BI10: =BH10-BH9 -> 60 | BJ10: =(BH10/'Finance Only'!B13)*100 -> 3.0864198 | BK10: =BL9 -> 1356200 | BL10: 1357500 | BM10: =MAX(0,BL10-BK10) -> 1300 | BN10: =BM10-BM9 -> -100 | BO10: =(BM10/'Finance Only'!B13)*100 -> 5.4963639 | BP10: =BQ9 -> 82912 | BQ10: 83067 | BR10: =MAX(0,BQ10-BP10) -> 155 | BS10: =BR10-BR9 -> 25 | BT10: =(BR10/'Finance Only'!B13)*100 -> 0.6553357 | BU10: =BV9 -> 420630 | BV10: 421060 | BW10: =MAX(0,BV10-BU10) -> 430 | BX10: =BW10-BW9 -> 10 | BY10: =(BW10/'Finance Only'!B13)*100 -> 1.8180281 | BZ10: =CA9 -> 650460 | CA10: 651660 | CB10: =MAX(0,CA10-BZ10) -> 1200 | CC10: =CB10-CB9 -> 50 | CD10: =(CB10/'Finance Only'!B13)*100 -> 5.0735667 | CE10: =CF9 -> 196830 | CF10: 197210 | CG10: =MAX(0,CF10-CE10) -> 380 | CH10: =CG10-CG9 -> 30 | CI10: =(CG10/'Finance Only'!B13)*100 -> 1.6066295 | CJ10: =CK9 -> 448070 | CK10: 448820 | CL10: =MAX(0,CK10-CJ10) -> 750 | CM10: =CL10-CL9 -> 140 | CN10: =(CL10/'Finance Only'!B13)*100 -> 3.1709792 | CO10: =CP9 -> 362060 | CP10: 362810 | CQ10: =MAX(0,CP10-CO10) -> 750 | CR10: =CQ10-CQ9 -> 70 | CS10: =(CQ10/'Finance Only'!B13)*100 -> 3.1709792 | CT10: =CU9 -> 308170 | CU10: 308650 | CV10: =MAX(0,CU10-CT10) -> 480 | CW10: =CV10-CV9 -> 90 | CX10: =(CV10/'Finance Only'!B13)*100 -> 2.0294267 | CY10: =CZ9 -> 527450 | CZ10: 528730 | DA10: =MAX(0,CZ10-CY10) -> 1280 | DB10: =DA10-DA9 -> 280 | DC10: =(DA10/'Finance Only'!B13)*100 -> 5.4118045 | DD10: =DE9 -> 397180 | DE10: 398040 | DF10: =MAX(0,DE10-DD10) -> 860 | DG10: =DF10-DF9 -> 110 | DH10: =(DF10/'Finance Only'!B13)*100 -> 3.6360561 | DI10: =DJ9 -> 364830 | DJ10: 365480 | DK10: =MAX(0,DJ10-DI10) -> 650 | DL10: =DK10-DK9 -> 140 | DM10: =(DK10/'Finance Only'!B13)*100 -> 2.748182 | DN10: =DO9 -> 229010 | DO10: 229200 | DP10: =MAX(0,DO10-DN10) -> 190 | DQ10: =DP10-DP9 -> 20 | DR10: =(DP10/'Finance Only'!B13)*100 -> 0.80331473 | DS10: =DT9 -> 63454 | DT10: 63592 | DU10: =MAX(0,DT10-DS10) -> 138 | DV10: =DU10-DU9 -> 0 | DW10: =(DU10/'Finance Only'!B13)*100 -> 0.58346017 | DX10: =DY9 -> 426290 | DY10: 426900 | DZ10: =MAX(0,DY10-DX10) -> 610 | EA10: =DZ10-DZ9 -> 20 | EB10: =(DZ10/'Finance Only'!B13)*100 -> 2.5790631 | EC10: =ED9 -> 134600 | ED10: 134830 | EE10: =MAX(0,ED10-EC10) -> 230 | EF10: =EE10-EE9 -> 20 | EG10: =(EE10/'Finance Only'!B13)*100 -> 0.97243362 | EH10: =EI9 -> 130230 | EI10: 130530 | EJ10: =MAX(0,EI10-EH10) -> 300 | EK10: =EJ10-EJ9 -> -20 | EL10: =(EJ10/'Finance Only'!B13)*100 -> 1.2683917 | EM10: =EN9 -> 246130 | EN10: 246610 | EO10: =MAX(0,EN10-EM10) -> 480 | EP10: =EO10-EO9 -> -50 | EQ10: =(EO10/'Finance Only'!B13)*100 -> 2.0294267 | ER10: =ES9 -> 0 | ET10: =MAX(0,ES10-ER10) -> 0 | EU10: =ET10-ET9 -> 0 | EV10: =(ET10/'Finance Only'!B13)*100 -> 0 | EW10: =EX9 -> 176660 | EX10: 184250 | EY10: =MAX(0,EX10-EW10) -> 7590 | EZ10: =EY10-EY9 -> -1000 | FA10: =(EY10/'Finance Only'!G13)*100 -> 112.11226 | FB10: =FC9 -> 49159 | FC10: 49519 | FD10: =MAX(0,FC10-FB10) -> 360 | FE10: =FD10-FD9 -> -6 | FF10: =(FD10/'Finance Only'!M13)*100 -> #DIV/0! | FH10: =SUM(E10+J10) -> 6372 | FJ10: =SUM(T10+Y10+DZ10+EE10+EJ10+EO10) -> 5966 | FL10: =SUM(AN10+AS10) -> 1300 | FN10: =SUM(AX10+BC10+BH10) -> 2069 | FP10: =SUM(BM10+BR10+ET10) -> 1455 | FR10: =SUM(EY10+FD10) -> 7950
A11: 7 | B11: ='Finance Only'!G14 -> 2259 | C11: =D10 -> 25950456 | D11: 25952811 | E11: =MAX(0,D11-C11) -> 2355 | F11: =E11-E10 -> 14 | G11: =(E11/'Finance Only'!B14)*100 -> 9.8116824 | H11: =I10 -> 23297898 | I11: 23301942 | J11: =MAX(0,I11-H11) -> 4044 | K11: =J11-J10 -> 13 | L11: =(J11/'Finance Only'!B14)*100 -> 16.848596 | M11: =N10 -> 87627366 | N11: 87640072 | O11: =MAX(0,N11-M11) -> 12706 | P11: =O11-O10 -> -238 | Q11: =(O11/'Finance Only'!B14)*100 -> 52.937255 | R11: =S10 -> 2280900 | S11: 2282500 | T11: =MAX(0,S11-R11) -> 1600 | U11: =T11-T10 -> 0 | V11: =(T11/'Finance Only'!B14)*100 -> 6.6661112 | W11: =X10 -> 3095060 | X11: 3097771 | Y11: =MAX(0,X11-W11) -> 2711 | Z11: =Y11-Y10 -> -35 | AA11: =(Y11/'Finance Only'!B14)*100 -> 11.294892 | AB11: =AC10 -> 1901500 | AC11: 1903000 | AD11: =MAX(0,AC11-AB11) -> 1500 | AE11: =AD11-AD10 -> 0 | AF11: =(AD11/'Finance Only'!B14)*100 -> 6.2494792 | AG11: =AH10 -> 839211 | AH11: 839898 | AI11: =MAX(0,AH11-AG11) -> 687 | AJ11: =AI11-AI10 -> -122 | AK11: =(AI11/'Finance Only'!B14)*100 -> 2.8622615 | AL11: =AM10 -> 860530 | AM11: 861090 | AN11: =MAX(0,AM11-AL11) -> 560 | AO11: =AN11-AN10 -> -40 | AP11: =(AN11/'Finance Only'!B14)*100 -> 2.3331389 | AQ11: =AR10 -> 1927600 | AR11: 1929100 | AS11: =MAX(0,AR11-AQ11) -> 1500 | AT11: =AS11-AS10 -> 800 | AU11: =(AS11/'Finance Only'!B14)*100 -> 6.2494792 | AV11: =AW10 -> 559381 | AW11: 559774 | AX11: =MAX(0,AW11-AV11) -> 393 | AY11: =AX11-AX10 -> 14 | AZ11: =(AX11/'Finance Only'!B14)*100 -> 1.6373636 | BA11: =BB10 -> 774290 | BB11: 775210 | BC11: =MAX(0,BB11-BA11) -> 920 | BD11: =BC11-BC10 -> -40 | BE11: =(BC11/'Finance Only'!B14)*100 -> 3.8330139 | BF11: =BG10 -> 868090 | BG11: 868860 | BH11: =MAX(0,BG11-BF11) -> 770 | BI11: =BH11-BH10 -> 40 | BJ11: =(BH11/'Finance Only'!B14)*100 -> 3.208066 | BK11: =BL10 -> 1357500 | BL11: 1358700 | BM11: =MAX(0,BL11-BK11) -> 1200 | BN11: =BM11-BM10 -> -100 | BO11: =(BM11/'Finance Only'!B14)*100 -> 4.9995834 | BP11: =BQ10 -> 83067 | BQ11: 83187 | BR11: =MAX(0,BQ11-BP11) -> 120 | BS11: =BR11-BR10 -> -35 | BT11: =(BR11/'Finance Only'!B14)*100 -> 0.49995834 | BU11: =BV10 -> 421060 | BV11: 421520 | BW11: =MAX(0,BV11-BU11) -> 460 | BX11: =BW11-BW10 -> 30 | BY11: =(BW11/'Finance Only'!B14)*100 -> 1.916507 | BZ11: =CA10 -> 651660 | CA11: 652870 | CB11: =MAX(0,CA11-BZ11) -> 1210 | CC11: =CB11-CB10 -> 10 | CD11: =(CB11/'Finance Only'!B14)*100 -> 5.0412466 | CE11: =CF10 -> 197210 | CF11: 197590 | CG11: =MAX(0,CF11-CE11) -> 380 | CH11: =CG11-CG10 -> 0 | CI11: =(CG11/'Finance Only'!B14)*100 -> 1.5832014 | CJ11: =CK10 -> 448820 | CK11: 449570 | CL11: =MAX(0,CK11-CJ11) -> 750 | CM11: =CL11-CL10 -> 0 | CN11: =(CL11/'Finance Only'!B14)*100 -> 3.1247396 | CO11: =CP10 -> 362810 | CP11: 363620 | CQ11: =MAX(0,CP11-CO11) -> 810 | CR11: =CQ11-CQ10 -> 60 | CS11: =(CQ11/'Finance Only'!B14)*100 -> 3.3747188 | CT11: =CU10 -> 308650 | CU11: 309150 | CV11: =MAX(0,CU11-CT11) -> 500 | CW11: =CV11-CV10 -> 20 | CX11: =(CV11/'Finance Only'!B14)*100 -> 2.0831597 | CY11: =CZ10 -> 528730 | CZ11: 530020 | DA11: =MAX(0,CZ11-CY11) -> 1290 | DB11: =DA11-DA10 -> 10 | DC11: =(DA11/'Finance Only'!B14)*100 -> 5.3745521 | DD11: =DE10 -> 398040 | DE11: 398920 | DF11: =MAX(0,DE11-DD11) -> 880 | DG11: =DF11-DF10 -> 20 | DH11: =(DF11/'Finance Only'!B14)*100 -> 3.6663611 | DI11: =DJ10 -> 365480 | DJ11: 366130 | DK11: =MAX(0,DJ11-DI11) -> 650 | DL11: =DK11-DK10 -> 0 | DM11: =(DK11/'Finance Only'!B14)*100 -> 2.7081077 | DN11: =DO10 -> 229200 | DO11: 229380 | DP11: =MAX(0,DO11-DN11) -> 180 | DQ11: =DP11-DP10 -> -10 | DR11: =(DP11/'Finance Only'!B14)*100 -> 0.74993751 | DS11: =DT10 -> 63592 | DT11: 63721 | DU11: =MAX(0,DT11-DS11) -> 129 | DV11: =DU11-DU10 -> -9 | DW11: =(DU11/'Finance Only'!B14)*100 -> 0.53745521 | DX11: =DY10 -> 426900 | DY11: 427540 | DZ11: =MAX(0,DY11-DX11) -> 640 | EA11: =DZ11-DZ10 -> 30 | EB11: =(DZ11/'Finance Only'!B14)*100 -> 2.6664445 | EC11: =ED10 -> 134830 | ED11: 135030 | EE11: =MAX(0,ED11-EC11) -> 200 | EF11: =EE11-EE10 -> -30 | EG11: =(EE11/'Finance Only'!B14)*100 -> 0.83326389 | EH11: =EI10 -> 130530 | EI11: 130880 | EJ11: =MAX(0,EI11-EH11) -> 350 | EK11: =EJ11-EJ10 -> 50 | EL11: =(EJ11/'Finance Only'!B14)*100 -> 1.4582118 | EM11: =EN10 -> 246610 | EN11: 247130 | EO11: =MAX(0,EN11-EM11) -> 520 | EP11: =EO11-EO10 -> 40 | EQ11: =(EO11/'Finance Only'!B14)*100 -> 2.1664861 | ER11: =ES10 -> 0 | ET11: =MAX(0,ES11-ER11) -> 0 | EU11: =ET11-ET10 -> 0 | EV11: =(ET11/'Finance Only'!B14)*100 -> 0 | EW11: =EX10 -> 184250 | EX11: 191560 | EY11: =MAX(0,EX11-EW11) -> 7310 | EZ11: =EY11-EY10 -> -280 | FA11: =(EY11/'Finance Only'!G14)*100 -> 323.59451 | FB11: =FC10 -> 49519 | FC11: 49848 | FD11: =MAX(0,FC11-FB11) -> 329 | FE11: =FD11-FD10 -> -31 | FF11: =(FD11/'Finance Only'!M14)*100 -> #DIV/0! | FH11: =SUM(E11+J11) -> 6399 | FJ11: =SUM(T11+Y11+DZ11+EE11+EJ11+EO11) -> 6021 | FL11: =SUM(AN11+AS11) -> 2060 | FN11: =SUM(AX11+BC11+BH11) -> 2083 | FP11: =SUM(BM11+BR11+ET11) -> 1320 | FR11: =SUM(EY11+FD11) -> 7639
A12: 8 | B12: ='Finance Only'!G15 -> 1552 | C12: =D11 -> 25952811 | D12: 25955283 | E12: =MAX(0,D12-C12) -> 2472 | F12: =E12-E11 -> 117 | G12: =(E12/'Finance Only'!B15)*100 -> 10.078278 | H12: =I11 -> 23301942 | I12: 23306432 | J12: =MAX(0,I12-H12) -> 4490 | K12: =J12-J11 -> 446 | L12: =(J12/'Finance Only'!B15)*100 -> 18.30561 | M12: =N11 -> 87640072 | N12: 87653086 | O12: =MAX(0,N12-M12) -> 13014 | P12: =O12-O11 -> 308 | Q12: =(O12/'Finance Only'!B15)*100 -> 53.05773 | R12: =S11 -> 2282500 | S12: 2284200 | T12: =MAX(0,S12-R12) -> 1700 | U12: =T12-T11 -> 100 | V12: =(T12/'Finance Only'!B15)*100 -> 6.9308545 | W12: =X11 -> 3097771 | X12: 3100586 | Y12: =MAX(0,X12-W12) -> 2815 | Z12: =Y12-Y11 -> 104 | AA12: =(Y12/'Finance Only'!B15)*100 -> 11.47668 | AB12: =AC11 -> 1903000 | AC12: 1904400 | AD12: =MAX(0,AC12-AB12) -> 1400 | AE12: =AD12-AD11 -> -100 | AF12: =(AD12/'Finance Only'!B15)*100 -> 5.7077626 | AG12: =AH11 -> 839898 | AH12: 840632 | AI12: =MAX(0,AH12-AG12) -> 734 | AJ12: =AI12-AI11 -> 47 | AK12: =(AI12/'Finance Only'!B15)*100 -> 2.9924984 | AL12: =AM11 -> 861090 | AM12: 861670 | AN12: =MAX(0,AM12-AL12) -> 580 | AO12: =AN12-AN11 -> 20 | AP12: =(AN12/'Finance Only'!B15)*100 -> 2.3646445 | AQ12: =AR11 -> 1929100 | AR12: 1929900 | AS12: =MAX(0,AR12-AQ12) -> 800 | AT12: =AS12-AS11 -> -700 | AU12: =(AS12/'Finance Only'!B15)*100 -> 3.2615786 | AV12: =AW11 -> 559774 | AW12: 560173 | AX12: =MAX(0,AW12-AV12) -> 399 | AY12: =AX12-AX11 -> 6 | AZ12: =(AX12/'Finance Only'!B15)*100 -> 1.6267123 | BA12: =BB11 -> 775210 | BB12: 776200 | BC12: =MAX(0,BB12-BA12) -> 990 | BD12: =BC12-BC11 -> 70 | BE12: =(BC12/'Finance Only'!B15)*100 -> 4.0362035 | BF12: =BG11 -> 868860 | BG12: 869690 | BH12: =MAX(0,BG12-BF12) -> 830 | BI12: =BH12-BH11 -> 60 | BJ12: =(BH12/'Finance Only'!B15)*100 -> 3.3838878 | BK12: =BL11 -> 1358700 | BL12: 1360000 | BM12: =MAX(0,BL12-BK12) -> 1300 | BN12: =BM12-BM11 -> 100 | BO12: =(BM12/'Finance Only'!B15)*100 -> 5.3000652 | BP12: =BQ11 -> 83187 | BQ12: 83350 | BR12: =MAX(0,BQ12-BP12) -> 163 | BS12: =BR12-BR11 -> 43 | BT12: =(BR12/'Finance Only'!B15)*100 -> 0.66454664 | BU12: =BV11 -> 421520 | BV12: 421930 | BW12: =MAX(0,BV12-BU12) -> 410 | BX12: =BW12-BW11 -> -50 | BY12: =(BW12/'Finance Only'!B15)*100 -> 1.671559 | BZ12: =CA11 -> 652870 | CA12: 654080 | CB12: =MAX(0,CA12-BZ12) -> 1210 | CC12: =CB12-CB11 -> 0 | CD12: =(CB12/'Finance Only'!B15)*100 -> 4.9331376 | CE12: =CF11 -> 197590 | CF12: 198060 | CG12: =MAX(0,CF12-CE12) -> 470 | CH12: =CG12-CG11 -> 90 | CI12: =(CG12/'Finance Only'!B15)*100 -> 1.9161774 | CJ12: =CK11 -> 449570 | CK12: 450420 | CL12: =MAX(0,CK12-CJ12) -> 850 | CM12: =CL12-CL11 -> 100 | CN12: =(CL12/'Finance Only'!B15)*100 -> 3.4654273 | CO12: =CP11 -> 363620 | CP12: 364460 | CQ12: =MAX(0,CP12-CO12) -> 840 | CR12: =CQ12-CQ11 -> 30 | CS12: =(CQ12/'Finance Only'!B15)*100 -> 3.4246575 | CT12: =CU11 -> 309150 | CU12: 309700 | CV12: =MAX(0,CU12-CT12) -> 550 | CW12: =CV12-CV11 -> 50 | CX12: =(CV12/'Finance Only'!B15)*100 -> 2.2423353 | CY12: =CZ11 -> 530020 | CZ12: 531300 | DA12: =MAX(0,CZ12-CY12) -> 1280 | DB12: =DA12-DA11 -> -10 | DC12: =(DA12/'Finance Only'!B15)*100 -> 5.2185258 | DD12: =DE11 -> 398920 | DE12: 400050 | DF12: =MAX(0,DE12-DD12) -> 1130 | DG12: =DF12-DF11 -> 250 | DH12: =(DF12/'Finance Only'!B15)*100 -> 4.6069798 | DI12: =DJ11 -> 366130 | DJ12: 366810 | DK12: =MAX(0,DJ12-DI12) -> 680 | DL12: =DK12-DK11 -> 30 | DM12: =(DK12/'Finance Only'!B15)*100 -> 2.7723418 | DN12: =DO11 -> 229380 | DO12: 229630 | DP12: =MAX(0,DO12-DN12) -> 250 | DQ12: =DP12-DP11 -> 70 | DR12: =(DP12/'Finance Only'!B15)*100 -> 1.0192433 | DS12: =DT11 -> 63721 | DT12: 63853 | DU12: =MAX(0,DT12-DS12) -> 132 | DV12: =DU12-DU11 -> 3 | DW12: =(DU12/'Finance Only'!B15)*100 -> 0.53816047 | DX12: =DY11 -> 427540 | DY12: 428190 | DZ12: =MAX(0,DY12-DX12) -> 650 | EA12: =DZ12-DZ11 -> 10 | EB12: =(DZ12/'Finance Only'!B15)*100 -> 2.6500326 | EC12: =ED11 -> 135030 | ED12: 135290 | EE12: =MAX(0,ED12-EC12) -> 260 | EF12: =EE12-EE11 -> 60 | EG12: =(EE12/'Finance Only'!B15)*100 -> 1.060013 | EH12: =EI11 -> 130880 | EI12: 131190 | EJ12: =MAX(0,EI12-EH12) -> 310 | EK12: =EJ12-EJ11 -> -40 | EL12: =(EJ12/'Finance Only'!B15)*100 -> 1.2638617 | EM12: =EN11 -> 247130 | EN12: 247630 | EO12: =MAX(0,EN12-EM12) -> 500 | EP12: =EO12-EO11 -> -20 | EQ12: =(EO12/'Finance Only'!B15)*100 -> 2.0384866 | ER12: =ES11 -> 0 | ET12: =MAX(0,ES12-ER12) -> 0 | EU12: =ET12-ET11 -> 0 | EV12: =(ET12/'Finance Only'!B15)*100 -> 0 | EW12: =EX11 -> 191560 | EX12: 194420 | EY12: =MAX(0,EX12-EW12) -> 2860 | EZ12: =EY12-EY11 -> -4450 | FA12: =(EY12/'Finance Only'!G15)*100 -> 184.27835 | FB12: =FC11 -> 49848 | FC12: 50390 | FD12: =MAX(0,FC12-FB12) -> 542 | FE12: =FD12-FD11 -> 213 | FF12: =(FD12/'Finance Only'!M15)*100 -> #DIV/0! | FH12: =SUM(E12+J12) -> 6962 | FJ12: =SUM(T12+Y12+DZ12+EE12+EJ12+EO12) -> 6235 | FL12: =SUM(AN12+AS12) -> 1380 | FN12: =SUM(AX12+BC12+BH12) -> 2219 | FP12: =SUM(BM12+BR12+ET12) -> 1463 | FR12: =SUM(EY12+FD12) -> 3402
A13: 9 | B13: ='Finance Only'!G16 -> 3348 | C13: =D12 -> 25955283 | D13: 25957809 | E13: =MAX(0,D13-C13) -> 2526 | F13: =E13-E12 -> 54 | G13: =(E13/'Finance Only'!B16)*100 -> 9.9448819 | H13: =I12 -> 23306432 | I13: 23310571 | J13: =MAX(0,I13-H13) -> 4139 | K13: =J13-J12 -> -351 | L13: =(J13/'Finance Only'!B16)*100 -> 16.295276 | M13: =N12 -> 87653086 | N13: 87666478 | O13: =MAX(0,N13-M13) -> 13392 | P13: =O13-O12 -> 378 | Q13: =(O13/'Finance Only'!B16)*100 -> 52.724409 | R13: =S12 -> 2284200 | S13: 2285800 | T13: =MAX(0,S13-R13) -> 1600 | U13: =T13-T12 -> -100 | V13: =(T13/'Finance Only'!B16)*100 -> 6.2992126 | W13: =X12 -> 3100586 | X13: 3103380 | Y13: =MAX(0,X13-W13) -> 2794 | Z13: =Y13-Y12 -> -21 | AA13: =(Y13/'Finance Only'!B16)*100 -> 11 | AB13: =AC12 -> 1904400 | AC13: 1906200 | AD13: =MAX(0,AC13-AB13) -> 1800 | AE13: =AD13-AD12 -> 400 | AF13: =(AD13/'Finance Only'!B16)*100 -> 7.0866142 | AG13: =AH12 -> 840632 | AH13: 841439 | AI13: =MAX(0,AH13-AG13) -> 807 | AJ13: =AI13-AI12 -> 73 | AK13: =(AI13/'Finance Only'!B16)*100 -> 3.1771654 | AL13: =AM12 -> 861670 | AM13: 862240 | AN13: =MAX(0,AM13-AL13) -> 570 | AO13: =AN13-AN12 -> -10 | AP13: =(AN13/'Finance Only'!B16)*100 -> 2.2440945 | AQ13: =AR12 -> 1929900 | AR13: 1931200 | AS13: =MAX(0,AR13-AQ13) -> 1300 | AT13: =AS13-AS12 -> 500 | AU13: =(AS13/'Finance Only'!B16)*100 -> 5.1181102 | AV13: =AW12 -> 560173 | AW13: 560593 | AX13: =MAX(0,AW13-AV13) -> 420 | AY13: =AX13-AX12 -> 21 | AZ13: =(AX13/'Finance Only'!B16)*100 -> 1.6535433 | BA13: =BB12 -> 776200 | BB13: 777170 | BC13: =MAX(0,BB13-BA13) -> 970 | BD13: =BC13-BC12 -> -20 | BE13: =(BC13/'Finance Only'!B16)*100 -> 3.8188976 | BF13: =BG12 -> 869690 | BG13: 870550 | BH13: =MAX(0,BG13-BF13) -> 860 | BI13: =BH13-BH12 -> 30 | BJ13: =(BH13/'Finance Only'!B16)*100 -> 3.3858268 | BK13: =BL12 -> 1360000 | BL13: 1361200 | BM13: =MAX(0,BL13-BK13) -> 1200 | BN13: =BM13-BM12 -> -100 | BO13: =(BM13/'Finance Only'!B16)*100 -> 4.7244094 | BP13: =BQ12 -> 83350 | BQ13: 83519 | BR13: =MAX(0,BQ13-BP13) -> 169 | BS13: =BR13-BR12 -> 6 | BT13: =(BR13/'Finance Only'!B16)*100 -> 0.66535433 | BU13: =BV12 -> 421930 | BV13: 422340 | BW13: =MAX(0,BV13-BU13) -> 410 | BX13: =BW13-BW12 -> 0 | BY13: =(BW13/'Finance Only'!B16)*100 -> 1.6141732 | BZ13: =CA12 -> 654080 | CA13: 655290 | CB13: =MAX(0,CA13-BZ13) -> 1210 | CC13: =CB13-CB12 -> 0 | CD13: =(CB13/'Finance Only'!B16)*100 -> 4.7637795 | CE13: =CF12 -> 198060 | CF13: 198450 | CG13: =MAX(0,CF13-CE13) -> 390 | CH13: =CG13-CG12 -> -80 | CI13: =(CG13/'Finance Only'!B16)*100 -> 1.5354331 | CJ13: =CK12 -> 450420 | CK13: 451250 | CL13: =MAX(0,CK13-CJ13) -> 830 | CM13: =CL13-CL12 -> -20 | CN13: =(CL13/'Finance Only'!B16)*100 -> 3.2677165 | CO13: =CP12 -> 364460 | CP13: 365260 | CQ13: =MAX(0,CP13-CO13) -> 800 | CR13: =CQ13-CQ12 -> -40 | CS13: =(CQ13/'Finance Only'!B16)*100 -> 3.1496063 | CT13: =CU12 -> 309700 | CU13: 310190 | CV13: =MAX(0,CU13-CT13) -> 490 | CW13: =CV13-CV12 -> -60 | CX13: =(CV13/'Finance Only'!B16)*100 -> 1.9291339 | CY13: =CZ12 -> 531300 | CZ13: 532690 | DA13: =MAX(0,CZ13-CY13) -> 1390 | DB13: =DA13-DA12 -> 110 | DC13: =(DA13/'Finance Only'!B16)*100 -> 5.4724409 | DD13: =DE12 -> 400050 | DE13: 401090 | DF13: =MAX(0,DE13-DD13) -> 1040 | DG13: =DF13-DF12 -> -90 | DH13: =(DF13/'Finance Only'!B16)*100 -> 4.0944882 | DI13: =DJ12 -> 366810 | DJ13: 367460 | DK13: =MAX(0,DJ13-DI13) -> 650 | DL13: =DK13-DK12 -> -30 | DM13: =(DK13/'Finance Only'!B16)*100 -> 2.5590551 | DN13: =DO12 -> 229630 | DO13: 229840 | DP13: =MAX(0,DO13-DN13) -> 210 | DQ13: =DP13-DP12 -> -40 | DR13: =(DP13/'Finance Only'!B16)*100 -> 0.82677165 | DS13: =DT12 -> 63853 | DT13: 63992 | DU13: =MAX(0,DT13-DS13) -> 139 | DV13: =DU13-DU12 -> 7 | DW13: =(DU13/'Finance Only'!B16)*100 -> 0.54724409 | DX13: =DY12 -> 428190 | DY13: 428880 | DZ13: =MAX(0,DY13-DX13) -> 690 | EA13: =DZ13-DZ12 -> 40 | EB13: =(DZ13/'Finance Only'!B16)*100 -> 2.7165354 | EC13: =ED12 -> 135290 | ED13: 135520 | EE13: =MAX(0,ED13-EC13) -> 230 | EF13: =EE13-EE12 -> -30 | EG13: =(EE13/'Finance Only'!B16)*100 -> 0.90551181 | EH13: =EI12 -> 131190 | EI13: 131440 | EJ13: =MAX(0,EI13-EH13) -> 250 | EK13: =EJ13-EJ12 -> -60 | EL13: =(EJ13/'Finance Only'!B16)*100 -> 0.98425197 | EM13: =EN12 -> 247630 | EN13: 248090 | EO13: =MAX(0,EN13-EM13) -> 460 | EP13: =EO13-EO12 -> -40 | EQ13: =(EO13/'Finance Only'!B16)*100 -> 1.8110236 | ER13: =ES12 -> 0 | ET13: =MAX(0,ES13-ER13) -> 0 | EU13: =ET13-ET12 -> 0 | EV13: =(ET13/'Finance Only'!B16)*100 -> 0 | EW13: =EX12 -> 194420 | EX13: 201310 | EY13: =MAX(0,EX13-EW13) -> 6890 | EZ13: =EY13-EY12 -> 4030 | FA13: =(EY13/'Finance Only'!G16)*100 -> 205.7945 | FB13: =FC12 -> 50390 | FC13: 51212 | FD13: =MAX(0,FC13-FB13) -> 822 | FE13: =FD13-FD12 -> 280 | FF13: =(FD13/'Finance Only'!M16)*100 -> #DIV/0! | FH13: =SUM(E13+J13) -> 6665 | FJ13: =SUM(T13+Y13+DZ13+EE13+EJ13+EO13) -> 6024 | FL13: =SUM(AN13+AS13) -> 1870 | FN13: =SUM(AX13+BC13+BH13) -> 2250 | FP13: =SUM(BM13+BR13+ET13) -> 1369 | FR13: =SUM(EY13+FD13) -> 7712
A14: 10 | B14: ='Finance Only'!G17 -> 5298 | C14: =D13 -> 25957809 | D14: 25960389 | E14: =MAX(0,D14-C14) -> 2580 | F14: =E14-E13 -> 54 | G14: =(E14/'Finance Only'!B17)*100 -> 10.163883 | H14: =I13 -> 23310571 | I14: 23314989 | J14: =MAX(0,I14-H14) -> 4418 | K14: =J14-J13 -> 279 | L14: =(J14/'Finance Only'!B17)*100 -> 17.404664 | M14: =N13 -> 87666478 | N14: 87680386 | O14: =MAX(0,N14-M14) -> 13908 | P14: =O14-O13 -> 516 | Q14: =(O14/'Finance Only'!B17)*100 -> 54.790419 | R14: =S13 -> 2285800 | S14: 2287400 | T14: =MAX(0,S14-R14) -> 1600 | U14: =T14-T13 -> 0 | V14: =(T14/'Finance Only'!B17)*100 -> 6.3031831 | W14: =X13 -> 3103380 | X14: 3106230 | Y14: =MAX(0,X14-W14) -> 2850 | Z14: =Y14-Y13 -> 56 | AA14: =(Y14/'Finance Only'!B17)*100 -> 11.227545 | AB14: =AC13 -> 1906200 | AC14: 1908000 | AD14: =MAX(0,AC14-AB14) -> 1800 | AE14: =AD14-AD13 -> 0 | AF14: =(AD14/'Finance Only'!B17)*100 -> 7.091081 | AG14: =AH13 -> 841439 | AH14: 842271 | AI14: =MAX(0,AH14-AG14) -> 832 | AJ14: =AI14-AI13 -> 25 | AK14: =(AI14/'Finance Only'!B17)*100 -> 3.2776552 | AL14: =AM13 -> 862240 | AM14: 862830 | AN14: =MAX(0,AM14-AL14) -> 590 | AO14: =AN14-AN13 -> 20 | AP14: =(AN14/'Finance Only'!B17)*100 -> 2.3242988 | AQ14: =AR13 -> 1931200 | AR14: 1932000 | AS14: =MAX(0,AR14-AQ14) -> 800 | AT14: =AS14-AS13 -> -500 | AU14: =(AS14/'Finance Only'!B17)*100 -> 3.1515916 | AV14: =AW13 -> 560593 | AW14: 561040 | AX14: =MAX(0,AW14-AV14) -> 447 | AY14: =AX14-AX13 -> 27 | AZ14: =(AX14/'Finance Only'!B17)*100 -> 1.7609518 | BA14: =BB13 -> 777170 | BB14: 778180 | BC14: =MAX(0,BB14-BA14) -> 1010 | BD14: =BC14-BC13 -> 40 | BE14: =(BC14/'Finance Only'!B17)*100 -> 3.9788843 | BF14: =BG13 -> 870550 | BG14: 871440 | BH14: =MAX(0,BG14-BF14) -> 890 | BI14: =BH14-BH13 -> 30 | BJ14: =(BH14/'Finance Only'!B17)*100 -> 3.5061456 | BK14: =BL13 -> 1361200 | BL14: 1362600 | BM14: =MAX(0,BL14-BK14) -> 1400 | BN14: =BM14-BM13 -> 200 | BO14: =(BM14/'Finance Only'!B17)*100 -> 5.5152852 | BP14: =BQ13 -> 83519 | BQ14: 83675 | BR14: =MAX(0,BQ14-BP14) -> 156 | BS14: =BR14-BR13 -> -13 | BT14: =(BR14/'Finance Only'!B17)*100 -> 0.61456035 | BU14: =BV13 -> 422340 | BV14: 422760 | BW14: =MAX(0,BV14-BU14) -> 420 | BX14: =BW14-BW13 -> 10 | BY14: =(BW14/'Finance Only'!B17)*100 -> 1.6545856 | BZ14: =CA13 -> 655290 | CA14: 656480 | CB14: =MAX(0,CA14-BZ14) -> 1190 | CC14: =CB14-CB13 -> -20 | CD14: =(CB14/'Finance Only'!B17)*100 -> 4.6879924 | CE14: =CF13 -> 198450 | CF14: 198880 | CG14: =MAX(0,CF14-CE14) -> 430 | CH14: =CG14-CG13 -> 40 | CI14: =(CG14/'Finance Only'!B17)*100 -> 1.6939805 | CJ14: =CK13 -> 451250 | CK14: 452240 | CL14: =MAX(0,CK14-CJ14) -> 990 | CM14: =CL14-CL13 -> 160 | CN14: =(CL14/'Finance Only'!B17)*100 -> 3.9000945 | CO14: =CP13 -> 365260 | CP14: 365980 | CQ14: =MAX(0,CP14-CO14) -> 720 | CR14: =CQ14-CQ13 -> -80 | CS14: =(CQ14/'Finance Only'!B17)*100 -> 2.8364324 | CT14: =CU13 -> 310190 | CU14: 310650 | CV14: =MAX(0,CU14-CT14) -> 460 | CW14: =CV14-CV13 -> -30 | CX14: =(CV14/'Finance Only'!B17)*100 -> 1.8121651 | CY14: =CZ13 -> 532690 | CZ14: 534120 | DA14: =MAX(0,CZ14-CY14) -> 1430 | DB14: =DA14-DA13 -> 40 | DC14: =(DA14/'Finance Only'!B17)*100 -> 5.6334699 | DD14: =DE13 -> 401090 | DE14: 402040 | DF14: =MAX(0,DE14-DD14) -> 950 | DG14: =DF14-DF13 -> -90 | DH14: =(DF14/'Finance Only'!B17)*100 -> 3.742515 | DI14: =DJ13 -> 367460 | DJ14: 368170 | DK14: =MAX(0,DJ14-DI14) -> 710 | DL14: =DK14-DK13 -> 60 | DM14: =(DK14/'Finance Only'!B17)*100 -> 2.7970375 | DN14: =DO13 -> 229840 | DO14: 229990 | DP14: =MAX(0,DO14-DN14) -> 150 | DQ14: =DP14-DP13 -> -60 | DR14: =(DP14/'Finance Only'!B17)*100 -> 0.59092342 | DS14: =DT13 -> 63992 | DT14: 64128 | DU14: =MAX(0,DT14-DS14) -> 136 | DV14: =DU14-DU13 -> -3 | DW14: =(DU14/'Finance Only'!B17)*100 -> 0.53577056 | DX14: =DY13 -> 428880 | DY14: 429570 | DZ14: =MAX(0,DY14-DX14) -> 690 | EA14: =DZ14-DZ13 -> 0 | EB14: =(DZ14/'Finance Only'!B17)*100 -> 2.7182477 | EC14: =ED13 -> 135520 | ED14: 135740 | EE14: =MAX(0,ED14-EC14) -> 220 | EF14: =EE14-EE13 -> -10 | EG14: =(EE14/'Finance Only'!B17)*100 -> 0.86668768 | EH14: =EI13 -> 131440 | EI14: 131770 | EJ14: =MAX(0,EI14-EH14) -> 330 | EK14: =EJ14-EJ13 -> 80 | EL14: =(EJ14/'Finance Only'!B17)*100 -> 1.3000315 | EM14: =EN13 -> 248090 | EN14: 248570 | EO14: =MAX(0,EN14-EM14) -> 480 | EP14: =EO14-EO13 -> 20 | EQ14: =(EO14/'Finance Only'!B17)*100 -> 1.8909549 | ER14: =ES13 -> 0 | ET14: =MAX(0,ES14-ER14) -> 0 | EU14: =ET14-ET13 -> 0 | EV14: =(ET14/'Finance Only'!B17)*100 -> 0 | EW14: =EX13 -> 201310 | EX14: 207130 | EY14: =MAX(0,EX14-EW14) -> 5820 | EZ14: =EY14-EY13 -> -1070 | FA14: =(EY14/'Finance Only'!G17)*100 -> 109.85277 | FB14: =FC13 -> 51212 | FC14: 51989 | FD14: =MAX(0,FC14-FB14) -> 777 | FE14: =FD14-FD13 -> -45 | FF14: =(FD14/'Finance Only'!M17)*100 -> #DIV/0! | FH14: =SUM(E14+J14) -> 6998 | FJ14: =SUM(T14+Y14+DZ14+EE14+EJ14+EO14) -> 6170 | FL14: =SUM(AN14+AS14) -> 1390 | FN14: =SUM(AX14+BC14+BH14) -> 2347 | FP14: =SUM(BM14+BR14+ET14) -> 1556 | FR14: =SUM(EY14+FD14) -> 6597
A15: 11 | B15: ='Finance Only'!G18 -> 422 | C15: =D14 -> 25960389 | D15: 25962789 | E15: =MAX(0,D15-C15) -> 2400 | F15: =E15-E14 -> -180 | G15: =(E15/'Finance Only'!B18)*100 -> 9.1901206 | H15: =I14 -> 23314989 | I15: 23319475 | J15: =MAX(0,I15-H15) -> 4486 | K15: =J15-J14 -> 68 | L15: =(J15/'Finance Only'!B18)*100 -> 17.177867 | M15: =N14 -> 87680386 | N15: 87694274 | O15: =MAX(0,N15-M15) -> 13888 | P15: =O15-O14 -> -20 | Q15: =(O15/'Finance Only'!B18)*100 -> 53.180165 | R15: =S14 -> 2287400 | S15: 2288900 | T15: =MAX(0,S15-R15) -> 1500 | U15: =T15-T14 -> -100 | V15: =(T15/'Finance Only'!B18)*100 -> 5.7438254 | W15: =X14 -> 3106230 | X15: 3109027 | Y15: =MAX(0,X15-W15) -> 2797 | Z15: =Y15-Y14 -> -53 | AA15: =(Y15/'Finance Only'!B18)*100 -> 10.71032 | AB15: =AC14 -> 1908000 | AC15: 1909700 | AD15: =MAX(0,AC15-AB15) -> 1700 | AE15: =AD15-AD14 -> -100 | AF15: =(AD15/'Finance Only'!B18)*100 -> 6.5096688 | AG15: =AH14 -> 842271 | AH15: 843071 | AI15: =MAX(0,AH15-AG15) -> 800 | AJ15: =AI15-AI14 -> -32 | AK15: =(AI15/'Finance Only'!B18)*100 -> 3.0633735 | AL15: =AM14 -> 862830 | AM15: 863450 | AN15: =MAX(0,AM15-AL15) -> 620 | AO15: =AN15-AN14 -> 30 | AP15: =(AN15/'Finance Only'!B18)*100 -> 2.3741145 | AQ15: =AR14 -> 1932000 | AR15: 1933300 | AS15: =MAX(0,AR15-AQ15) -> 1300 | AT15: =AS15-AS14 -> 500 | AU15: =(AS15/'Finance Only'!B18)*100 -> 4.977982 | AV15: =AW14 -> 561040 | AW15: 561468 | AX15: =MAX(0,AW15-AV15) -> 428 | AY15: =AX15-AX14 -> -19 | AZ15: =(AX15/'Finance Only'!B18)*100 -> 1.6389048 | BA15: =BB14 -> 778180 | BB15: 779180 | BC15: =MAX(0,BB15-BA15) -> 1000 | BD15: =BC15-BC14 -> -10 | BE15: =(BC15/'Finance Only'!B18)*100 -> 3.8292169 | BF15: =BG14 -> 871440 | BG15: 872320 | BH15: =MAX(0,BG15-BF15) -> 880 | BI15: =BH15-BH14 -> -10 | BJ15: =(BH15/'Finance Only'!B18)*100 -> 3.3697109 | BK15: =BL14 -> 1362600 | BL15: 1364000 | BM15: =MAX(0,BL15-BK15) -> 1400 | BN15: =BM15-BM14 -> 0 | BO15: =(BM15/'Finance Only'!B18)*100 -> 5.3609037 | BP15: =BQ14 -> 83675 | BQ15: 83832 | BR15: =MAX(0,BQ15-BP15) -> 157 | BS15: =BR15-BR14 -> 1 | BT15: =(BR15/'Finance Only'!B18)*100 -> 0.60118706 | BU15: =BV14 -> 422760 | BV15: 423220 | BW15: =MAX(0,BV15-BU15) -> 460 | BX15: =BW15-BW14 -> 40 | BY15: =(BW15/'Finance Only'!B18)*100 -> 1.7614398 | BZ15: =CA14 -> 656480 | CA15: 657680 | CB15: =MAX(0,CA15-BZ15) -> 1200 | CC15: =CB15-CB14 -> 10 | CD15: =(CB15/'Finance Only'!B18)*100 -> 4.5950603 | CE15: =CF14 -> 198880 | CF15: 199280 | CG15: =MAX(0,CF15-CE15) -> 400 | CH15: =CG15-CG14 -> -30 | CI15: =(CG15/'Finance Only'!B18)*100 -> 1.5316868 | CJ15: =CK14 -> 452240 | CK15: 453130 | CL15: =MAX(0,CK15-CJ15) -> 890 | CM15: =CL15-CL14 -> -100 | CN15: =(CL15/'Finance Only'!B18)*100 -> 3.4080031 | CO15: =CP14 -> 365980 | CP15: 366700 | CQ15: =MAX(0,CP15-CO15) -> 720 | CR15: =CQ15-CQ14 -> 0 | CS15: =(CQ15/'Finance Only'!B18)*100 -> 2.7570362 | CT15: =CU14 -> 310650 | CU15: 311160 | CV15: =MAX(0,CU15-CT15) -> 510 | CW15: =CV15-CV14 -> 50 | CX15: =(CV15/'Finance Only'!B18)*100 -> 1.9529006 | CY15: =CZ14 -> 534120 | CZ15: 535550 | DA15: =MAX(0,CZ15-CY15) -> 1430 | DB15: =DA15-DA14 -> 0 | DC15: =(DA15/'Finance Only'!B18)*100 -> 5.4757802 | DD15: =DE14 -> 402040 | DE15: 402990 | DF15: =MAX(0,DE15-DD15) -> 950 | DG15: =DF15-DF14 -> 0 | DH15: =(DF15/'Finance Only'!B18)*100 -> 3.6377561 | DI15: =DJ14 -> 368170 | DJ15: 368950 | DK15: =MAX(0,DJ15-DI15) -> 780 | DL15: =DK15-DK14 -> 70 | DM15: =(DK15/'Finance Only'!B18)*100 -> 2.9867892 | DN15: =DO14 -> 229990 | DO15: 230240 | DP15: =MAX(0,DO15-DN15) -> 250 | DQ15: =DP15-DP14 -> 100 | DR15: =(DP15/'Finance Only'!B18)*100 -> 0.95730423 | DS15: =DT14 -> 64128 | DT15: 64260 | DU15: =MAX(0,DT15-DS15) -> 132 | DV15: =DU15-DU14 -> -4 | DW15: =(DU15/'Finance Only'!B18)*100 -> 0.50545663 | DX15: =DY14 -> 429570 | DY15: 430210 | DZ15: =MAX(0,DY15-DX15) -> 640 | EA15: =DZ15-DZ14 -> -50 | EB15: =(DZ15/'Finance Only'!B18)*100 -> 2.4506988 | EC15: =ED14 -> 135740 | ED15: 135980 | EE15: =MAX(0,ED15-EC15) -> 240 | EF15: =EE15-EE14 -> 20 | EG15: =(EE15/'Finance Only'!B18)*100 -> 0.91901206 | EH15: =EI14 -> 131770 | EI15: 132100 | EJ15: =MAX(0,EI15-EH15) -> 330 | EK15: =EJ15-EJ14 -> 0 | EL15: =(EJ15/'Finance Only'!B18)*100 -> 1.2636416 | EM15: =EN14 -> 248570 | EN15: 249100 | EO15: =MAX(0,EN15-EM15) -> 530 | EP15: =EO15-EO14 -> 50 | EQ15: =(EO15/'Finance Only'!B18)*100 -> 2.029485 | ER15: =ES14 -> 0 | ET15: =MAX(0,ES15-ER15) -> 0 | EU15: =ET15-ET14 -> 0 | EV15: =(ET15/'Finance Only'!B18)*100 -> 0 | EW15: =EX14 -> 207130 | EX15: 210140 | EY15: =MAX(0,EX15-EW15) -> 3010 | EZ15: =EY15-EY14 -> -2810 | FA15: =(EY15/'Finance Only'!G18)*100 -> 713.27014 | FB15: =FC14 -> 51989 | FC15: 52317 | FD15: =MAX(0,FC15-FB15) -> 328 | FE15: =FD15-FD14 -> -449 | FF15: =(FD15/'Finance Only'!M18)*100 -> #DIV/0! | FH15: =SUM(E15+J15) -> 6886 | FJ15: =SUM(T15+Y15+DZ15+EE15+EJ15+EO15) -> 6037 | FL15: =SUM(AN15+AS15) -> 1920 | FN15: =SUM(AX15+BC15+BH15) -> 2308 | FP15: =SUM(BM15+BR15+ET15) -> 1557 | FR15: =SUM(EY15+FD15) -> 3338
A16: 12 | B16: ='Finance Only'!G19 -> 0 | C16: =D15 -> 25962789 | D16: 25965368 | E16: =MAX(0,D16-C16) -> 2579 | F16: =E16-E15 -> 179 | G16: =(E16/'Finance Only'!B19)*100 -> 10.166351 | H16: =I15 -> 23319475 | I16: 23324108 | J16: =MAX(0,I16-H16) -> 4633 | K16: =J16-J15 -> 147 | L16: =(J16/'Finance Only'!B19)*100 -> 18.263166 | M16: =N15 -> 87694274 | N16: 87707699 | O16: =MAX(0,N16-M16) -> 13425 | P16: =O16-O15 -> -463 | Q16: =(O16/'Finance Only'!B19)*100 -> 52.921003 | R16: =S15 -> 2288900 | S16: 2290500 | T16: =MAX(0,S16-R16) -> 1600 | U16: =T16-T15 -> 100 | V16: =(T16/'Finance Only'!B19)*100 -> 6.3071586 | W16: =X15 -> 3109027 | X16: 3111785 | Y16: =MAX(0,X16-W16) -> 2758 | Z16: =Y16-Y15 -> -39 | AA16: =(Y16/'Finance Only'!B19)*100 -> 10.871965 | AB16: =AC15 -> 1909700 | AC16: 1911300 | AD16: =MAX(0,AC16-AB16) -> 1600 | AE16: =AD16-AD15 -> -100 | AF16: =(AD16/'Finance Only'!B19)*100 -> 6.3071586 | AG16: =AH15 -> 843071 | AH16: 843883 | AI16: =MAX(0,AH16-AG16) -> 812 | AJ16: =AI16-AI15 -> 12 | AK16: =(AI16/'Finance Only'!B19)*100 -> 3.200883 | AL16: =AM15 -> 863450 | AM16: 864030 | AN16: =MAX(0,AM16-AL16) -> 580 | AO16: =AN16-AN15 -> -40 | AP16: =(AN16/'Finance Only'!B19)*100 -> 2.286345 | AQ16: =AR15 -> 1933300 | AR16: 1934100 | AS16: =MAX(0,AR16-AQ16) -> 800 | AT16: =AS16-AS15 -> -500 | AU16: =(AS16/'Finance Only'!B19)*100 -> 3.1535793 | AV16: =AW15 -> 561468 | AW16: 561900 | AX16: =MAX(0,AW16-AV16) -> 432 | AY16: =AX16-AX15 -> 4 | AZ16: =(AX16/'Finance Only'!B19)*100 -> 1.7029328 | BA16: =BB15 -> 779180 | BB16: 780170 | BC16: =MAX(0,BB16-BA16) -> 990 | BD16: =BC16-BC15 -> -10 | BE16: =(BC16/'Finance Only'!B19)*100 -> 3.9025544 | BF16: =BG15 -> 872320 | BG16: 873160 | BH16: =MAX(0,BG16-BF16) -> 840 | BI16: =BH16-BH15 -> -40 | BJ16: =(BH16/'Finance Only'!B19)*100 -> 3.3112583 | BK16: =BL15 -> 1364000 | BL16: 1365200 | BM16: =MAX(0,BL16-BK16) -> 1200 | BN16: =BM16-BM15 -> -200 | BO16: =(BM16/'Finance Only'!B19)*100 -> 4.730369 | BP16: =BQ15 -> 83832 | BQ16: 83983 | BR16: =MAX(0,BQ16-BP16) -> 151 | BS16: =BR16-BR15 -> -6 | BT16: =(BR16/'Finance Only'!B19)*100 -> 0.5952381 | BU16: =BV15 -> 423220 | BV16: 423640 | BW16: =MAX(0,BV16-BU16) -> 420 | BX16: =BW16-BW15 -> -40 | BY16: =(BW16/'Finance Only'!B19)*100 -> 1.6556291 | BZ16: =CA15 -> 657680 | CA16: 658930 | CB16: =MAX(0,CA16-BZ16) -> 1250 | CC16: =CB16-CB15 -> 50 | CD16: =(CB16/'Finance Only'!B19)*100 -> 4.9274677 | CE16: =CF15 -> 199280 | CF16: 199690 | CG16: =MAX(0,CF16-CE16) -> 410 | CH16: =CG16-CG15 -> 10 | CI16: =(CG16/'Finance Only'!B19)*100 -> 1.6162094 | CJ16: =CK15 -> 453130 | CK16: 453990 | CL16: =MAX(0,CK16-CJ16) -> 860 | CM16: =CL16-CL15 -> -30 | CN16: =(CL16/'Finance Only'!B19)*100 -> 3.3900978 | CO16: =CP15 -> 366700 | CP16: 367450 | CQ16: =MAX(0,CP16-CO16) -> 750 | CR16: =CQ16-CQ15 -> 30 | CS16: =(CQ16/'Finance Only'!B19)*100 -> 2.9564806 | CT16: =CU15 -> 311160 | CU16: 311790 | CV16: =MAX(0,CU16-CT16) -> 630 | CW16: =CV16-CV15 -> 120 | CX16: =(CV16/'Finance Only'!B19)*100 -> 2.4834437 | CY16: =CZ15 -> 535550 | CZ16: 536990 | DA16: =MAX(0,CZ16-CY16) -> 1440 | DB16: =DA16-DA15 -> 10 | DC16: =(DA16/'Finance Only'!B19)*100 -> 5.6764428 | DD16: =DE15 -> 402990 | DE16: 403970 | DF16: =MAX(0,DE16-DD16) -> 980 | DG16: =DF16-DF15 -> 30 | DH16: =(DF16/'Finance Only'!B19)*100 -> 3.8631347 | DI16: =DJ15 -> 368950 | DJ16: 369840 | DK16: =MAX(0,DJ16-DI16) -> 890 | DL16: =DK16-DK15 -> 110 | DM16: =(DK16/'Finance Only'!B19)*100 -> 3.508357 | DN16: =DO15 -> 230240 | DO16: 230420 | DP16: =MAX(0,DO16-DN16) -> 180 | DQ16: =DP16-DP15 -> -70 | DR16: =(DP16/'Finance Only'!B19)*100 -> 0.70955535 | DS16: =DT15 -> 64260 | DT16: 64373 | DU16: =MAX(0,DT16-DS16) -> 113 | DV16: =DU16-DU15 -> -19 | DW16: =(DU16/'Finance Only'!B19)*100 -> 0.44544308 | DX16: =DY15 -> 430210 | DY16: 430890 | DZ16: =MAX(0,DY16-DX16) -> 680 | EA16: =DZ16-DZ15 -> 40 | EB16: =(DZ16/'Finance Only'!B19)*100 -> 2.6805424 | EC16: =ED15 -> 135980 | ED16: 136170 | EE16: =MAX(0,ED16-EC16) -> 190 | EF16: =EE16-EE15 -> -50 | EG16: =(EE16/'Finance Only'!B19)*100 -> 0.74897509 | EH16: =EI15 -> 132100 | EI16: 132400 | EJ16: =MAX(0,EI16-EH16) -> 300 | EK16: =EJ16-EJ15 -> -30 | EL16: =(EJ16/'Finance Only'!B19)*100 -> 1.1825922 | EM16: =EN15 -> 249100 | EN16: 249620 | EO16: =MAX(0,EN16-EM16) -> 520 | EP16: =EO16-EO15 -> -10 | EQ16: =(EO16/'Finance Only'!B19)*100 -> 2.0498266 | ER16: =ES15 -> 0 | ET16: =MAX(0,ES16-ER16) -> 0 | EU16: =ET16-ET15 -> 0 | EV16: =(ET16/'Finance Only'!B19)*100 -> 0 | EW16: =EX15 -> 210140 | EX16: 217980 | EY16: =MAX(0,EX16-EW16) -> 7840 | EZ16: =EY16-EY15 -> 4830 | FA16: =(EY16/'Finance Only'!G19)*100 -> #DIV/0! | FB16: =FC15 -> 52317 | FC16: 52821 | FD16: =MAX(0,FC16-FB16) -> 504 | FE16: =FD16-FD15 -> 176 | FF16: =(FD16/'Finance Only'!M19)*100 -> #DIV/0! | FH16: =SUM(E16+J16) -> 7212 | FJ16: =SUM(T16+Y16+DZ16+EE16+EJ16+EO16) -> 6048 | FL16: =SUM(AN16+AS16) -> 1380 | FN16: =SUM(AX16+BC16+BH16) -> 2262 | FP16: =SUM(BM16+BR16+ET16) -> 1351 | FR16: =SUM(EY16+FD16) -> 8344
A17: 13 | B17: ='Finance Only'!G20 -> 4600 | C17: =D16 -> 25965368 | D17: 25968040 | E17: =MAX(0,D17-C17) -> 2672 | F17: =E17-E16 -> 93 | G17: =(E17/'Finance Only'!B20)*100 -> 10.108576 | H17: =I16 -> 23324108 | I17: 23328926 | J17: =MAX(0,I17-H17) -> 4818 | K17: =J17-J16 -> 185 | L17: =(J17/'Finance Only'!B20)*100 -> 18.227216 | M17: =N16 -> 87707699 | N17: 87721613 | O17: =MAX(0,N17-M17) -> 13914 | P17: =O17-O16 -> 489 | Q17: =(O17/'Finance Only'!B20)*100 -> 52.638747 | R17: =S16 -> 2290500 | S17: 2292100 | T17: =MAX(0,S17-R17) -> 1600 | U17: =T17-T16 -> 0 | V17: =(T17/'Finance Only'!B20)*100 -> 6.0530398 | W17: =X16 -> 3111785 | X17: 3114439 | Y17: =MAX(0,X17-W17) -> 2654 | Z17: =Y17-Y16 -> -104 | AA17: =(Y17/'Finance Only'!B20)*100 -> 10.04048 | AB17: =AC16 -> 1911300 | AC17: 1913100 | AD17: =MAX(0,AC17-AB17) -> 1800 | AE17: =AD17-AD16 -> 200 | AF17: =(AD17/'Finance Only'!B20)*100 -> 6.8096697 | AG17: =AH16 -> 843883 | AH17: 844703 | AI17: =MAX(0,AH17-AG17) -> 820 | AJ17: =AI17-AI16 -> 8 | AK17: =(AI17/'Finance Only'!B20)*100 -> 3.1021829 | AL17: =AM16 -> 864030 | AM17: 864630 | AN17: =MAX(0,AM17-AL17) -> 600 | AO17: =AN17-AN16 -> 20 | AP17: =(AN17/'Finance Only'!B20)*100 -> 2.2698899 | AQ17: =AR16 -> 1934100 | AR17: 1935400 | AS17: =MAX(0,AR17-AQ17) -> 1300 | AT17: =AS17-AS16 -> 500 | AU17: =(AS17/'Finance Only'!B20)*100 -> 4.9180948 | AV17: =AW16 -> 561900 | AW17: 562362 | AX17: =MAX(0,AW17-AV17) -> 462 | AY17: =AX17-AX16 -> 30 | AZ17: =(AX17/'Finance Only'!B20)*100 -> 1.7478152 | BA17: =BB16 -> 780170 | BB17: 781190 | BC17: =MAX(0,BB17-BA17) -> 1020 | BD17: =BC17-BC16 -> 30 | BE17: =(BC17/'Finance Only'!B20)*100 -> 3.8588128 | BF17: =BG16 -> 873160 | BG17: 874010 | BH17: =MAX(0,BG17-BF17) -> 850 | BI17: =BH17-BH16 -> 10 | BJ17: =(BH17/'Finance Only'!B20)*100 -> 3.2156774 | BK17: =BL16 -> 1365200 | BL17: 1366400 | BM17: =MAX(0,BL17-BK17) -> 1200 | BN17: =BM17-BM16 -> 0 | BO17: =(BM17/'Finance Only'!B20)*100 -> 4.5397798 | BP17: =BQ16 -> 83983 | BQ17: 84123 | BR17: =MAX(0,BQ17-BP17) -> 140 | BS17: =BR17-BR16 -> -11 | BT17: =(BR17/'Finance Only'!B20)*100 -> 0.52964098 | BU17: =BV16 -> 423640 | BV17: 424060 | BW17: =MAX(0,BV17-BU17) -> 420 | BX17: =BW17-BW16 -> 0 | BY17: =(BW17/'Finance Only'!B20)*100 -> 1.5889229 | BZ17: =CA16 -> 658930 | CA17: 660150 | CB17: =MAX(0,CA17-BZ17) -> 1220 | CC17: =CB17-CB16 -> -30 | CD17: =(CB17/'Finance Only'!B20)*100 -> 4.6154428 | CE17: =CF16 -> 199690 | CF17: 200110 | CG17: =MAX(0,CF17-CE17) -> 420 | CH17: =CG17-CG16 -> 10 | CI17: =(CG17/'Finance Only'!B20)*100 -> 1.5889229 | CJ17: =CK16 -> 453990 | CK17: 454810 | CL17: =MAX(0,CK17-CJ17) -> 820 | CM17: =CL17-CL16 -> -40 | CN17: =(CL17/'Finance Only'!B20)*100 -> 3.1021829 | CO17: =CP16 -> 367450 | CP17: 368290 | CQ17: =MAX(0,CP17-CO17) -> 840 | CR17: =CQ17-CQ16 -> 90 | CS17: =(CQ17/'Finance Only'!B20)*100 -> 3.1778459 | CT17: =CU16 -> 311790 | CU17: 312390 | CV17: =MAX(0,CU17-CT17) -> 600 | CW17: =CV17-CV16 -> -30 | CX17: =(CV17/'Finance Only'!B20)*100 -> 2.2698899 | CY17: =CZ16 -> 536990 | CZ17: 538510 | DA17: =MAX(0,CZ17-CY17) -> 1520 | DB17: =DA17-DA16 -> 80 | DC17: =(DA17/'Finance Only'!B20)*100 -> 5.7503878 | DD17: =DE16 -> 403970 | DE17: 405020 | DF17: =MAX(0,DE17-DD17) -> 1050 | DG17: =DF17-DF16 -> 70 | DH17: =(DF17/'Finance Only'!B20)*100 -> 3.9723073 | DI17: =DJ16 -> 369840 | DJ17: 370800 | DK17: =MAX(0,DJ17-DI17) -> 960 | DL17: =DK17-DK16 -> 70 | DM17: =(DK17/'Finance Only'!B20)*100 -> 3.6318239 | DN17: =DO16 -> 230420 | DO17: 230620 | DP17: =MAX(0,DO17-DN17) -> 200 | DQ17: =DP17-DP16 -> 20 | DR17: =(DP17/'Finance Only'!B20)*100 -> 0.75662997 | DS17: =DT16 -> 64373 | DT17: 64506 | DU17: =MAX(0,DT17-DS17) -> 133 | DV17: =DU17-DU16 -> 20 | DW17: =(DU17/'Finance Only'!B20)*100 -> 0.50315893 | DX17: =DY16 -> 430890 | DY17: 431620 | DZ17: =MAX(0,DY17-DX17) -> 730 | EA17: =DZ17-DZ16 -> 50 | EB17: =(DZ17/'Finance Only'!B20)*100 -> 2.7616994 | EC17: =ED16 -> 136170 | ED17: 136400 | EE17: =MAX(0,ED17-EC17) -> 230 | EF17: =EE17-EE16 -> 40 | EG17: =(EE17/'Finance Only'!B20)*100 -> 0.87012447 | EH17: =EI16 -> 132400 | EI17: 132740 | EJ17: =MAX(0,EI17-EH17) -> 340 | EK17: =EJ17-EJ16 -> 40 | EL17: =(EJ17/'Finance Only'!B20)*100 -> 1.2862709 | EM17: =EN16 -> 249620 | EN17: 250100 | EO17: =MAX(0,EN17-EM17) -> 480 | EP17: =EO17-EO16 -> -40 | EQ17: =(EO17/'Finance Only'!B20)*100 -> 1.8159119 | ER17: =ES16 -> 0 | ET17: =MAX(0,ES17-ER17) -> 0 | EU17: =ET17-ET16 -> 0 | EV17: =(ET17/'Finance Only'!B20)*100 -> 0 | EW17: =EX16 -> 217980 | EX17: 232540 | EY17: =MAX(0,EX17-EW17) -> 14560 | EZ17: =EY17-EY16 -> 6720 | FA17: =(EY17/'Finance Only'!G20)*100 -> 316.52174 | FB17: =FC16 -> 52821 | FC17: 53217 | FD17: =MAX(0,FC17-FB17) -> 396 | FE17: =FD17-FD16 -> -108 | FF17: =(FD17/'Finance Only'!M20)*100 -> #DIV/0! | FH17: =SUM(E17+J17) -> 7490 | FJ17: =SUM(T17+Y17+DZ17+EE17+EJ17+EO17) -> 6034 | FL17: =SUM(AN17+AS17) -> 1900 | FN17: =SUM(AX17+BC17+BH17) -> 2332 | FP17: =SUM(BM17+BR17+ET17) -> 1340 | FR17: =SUM(EY17+FD17) -> 14956
A18: 14 | B18: ='Finance Only'!G21 -> 2029 | C18: =D17 -> 25968040 | D18: 25970526 | E18: =MAX(0,D18-C18) -> 2486 | F18: =E18-E17 -> -186 | G18: =(E18/'Finance Only'!B21)*100 -> 9.3402465 | H18: =I17 -> 23328926 | I18: 23334141 | J18: =MAX(0,I18-H18) -> 5215 | K18: =J18-J17 -> 397 | L18: =(J18/'Finance Only'!B21)*100 -> 19.593478 | M18: =N17 -> 87721613 | N18: 87735823 | O18: =MAX(0,N18-M18) -> 14210 | P18: =O18-O17 -> 296 | Q18: =(O18/'Finance Only'!B21)*100 -> 53.388939 | R18: =S17 -> 2292100 | S18: 2293700 | T18: =MAX(0,S18-R18) -> 1600 | U18: =T18-T17 -> 0 | V18: =(T18/'Finance Only'!B21)*100 -> 6.0114217 | W18: =X17 -> 3114439 | X18: 3117111 | Y18: =MAX(0,X18-W18) -> 2672 | Z18: =Y18-Y17 -> 18 | AA18: =(Y18/'Finance Only'!B21)*100 -> 10.039074 | AB18: =AC17 -> 1913100 | AC18: 1914900 | AD18: =MAX(0,AC18-AB18) -> 1800 | AE18: =AD18-AD17 -> 0 | AF18: =(AD18/'Finance Only'!B21)*100 -> 6.7628494 | AG18: =AH17 -> 844703 | AH18: 845537 | AI18: =MAX(0,AH18-AG18) -> 834 | AJ18: =AI18-AI17 -> 14 | AK18: =(AI18/'Finance Only'!B21)*100 -> 3.1334536 | AL18: =AM17 -> 864630 | AM18: 865270 | AN18: =MAX(0,AM18-AL18) -> 640 | AO18: =AN18-AN17 -> 40 | AP18: =(AN18/'Finance Only'!B21)*100 -> 2.4045687 | AQ18: =AR17 -> 1935400 | AR18: 1936300 | AS18: =MAX(0,AR18-AQ18) -> 900 | AT18: =AS18-AS17 -> -400 | AU18: =(AS18/'Finance Only'!B21)*100 -> 3.3814247 | AV18: =AW17 -> 562362 | AW18: 562831 | AX18: =MAX(0,AW18-AV18) -> 469 | AY18: =AX18-AX17 -> 7 | AZ18: =(AX18/'Finance Only'!B21)*100 -> 1.762098 | BA18: =BB17 -> 781190 | BB18: 782180 | BC18: =MAX(0,BB18-BA18) -> 990 | BD18: =BC18-BC17 -> -30 | BE18: =(BC18/'Finance Only'!B21)*100 -> 3.7195672 | BF18: =BG17 -> 874010 | BG18: 874900 | BH18: =MAX(0,BG18-BF18) -> 890 | BI18: =BH18-BH17 -> 40 | BJ18: =(BH18/'Finance Only'!B21)*100 -> 3.3438533 | BK18: =BL17 -> 1366400 | BL18: 1367800 | BM18: =MAX(0,BL18-BK18) -> 1400 | BN18: =BM18-BM17 -> 200 | BO18: =(BM18/'Finance Only'!B21)*100 -> 5.259994 | BP18: =BQ17 -> 84123 | BQ18: 84303 | BR18: =MAX(0,BQ18-BP18) -> 180 | BS18: =BR18-BR17 -> 40 | BT18: =(BR18/'Finance Only'!B21)*100 -> 0.67628494 | BU18: =BV17 -> 424060 | BV18: 424530 | BW18: =MAX(0,BV18-BU18) -> 470 | BX18: =BW18-BW17 -> 50 | BY18: =(BW18/'Finance Only'!B21)*100 -> 1.7658551 | BZ18: =CA17 -> 660150 | CA18: 661390 | CB18: =MAX(0,CA18-BZ18) -> 1240 | CC18: =CB18-CB17 -> 20 | CD18: =(CB18/'Finance Only'!B21)*100 -> 4.6588518 | CE18: =CF17 -> 200110 | CF18: 200540 | CG18: =MAX(0,CF18-CE18) -> 430 | CH18: =CG18-CG17 -> 10 | CI18: =(CG18/'Finance Only'!B21)*100 -> 1.6155696 | CJ18: =CK17 -> 454810 | CK18: 455860 | CL18: =MAX(0,CK18-CJ18) -> 1050 | CM18: =CL18-CL17 -> 230 | CN18: =(CL18/'Finance Only'!B21)*100 -> 3.9449955 | CO18: =CP17 -> 368290 | CP18: 369200 | CQ18: =MAX(0,CP18-CO18) -> 910 | CR18: =CQ18-CQ17 -> 70 | CS18: =(CQ18/'Finance Only'!B21)*100 -> 3.4189961 | CT18: =CU17 -> 312390 | CU18: 313060 | CV18: =MAX(0,CU18-CT18) -> 670 | CW18: =CV18-CV17 -> 70 | CX18: =(CV18/'Finance Only'!B21)*100 -> 2.5172828 | CY18: =CZ17 -> 538510 | CZ18: 539990 | DA18: =MAX(0,CZ18-CY18) -> 1480 | DB18: =DA18-DA17 -> -40 | DC18: =(DA18/'Finance Only'!B21)*100 -> 5.5605651 | DD18: =DE17 -> 405020 | DE18: 406030 | DF18: =MAX(0,DE18-DD18) -> 1010 | DG18: =DF18-DF17 -> -40 | DH18: =(DF18/'Finance Only'!B21)*100 -> 3.7947099 | DI18: =DJ17 -> 370800 | DJ18: 371810 | DK18: =MAX(0,DJ18-DI18) -> 1010 | DL18: =DK18-DK17 -> 50 | DM18: =(DK18/'Finance Only'!B21)*100 -> 3.7947099 | DN18: =DO17 -> 230620 | DO18: 230820 | DP18: =MAX(0,DO18-DN18) -> 200 | DQ18: =DP18-DP17 -> 0 | DR18: =(DP18/'Finance Only'!B21)*100 -> 0.75142771 | DS18: =DT17 -> 64506 | DT18: 64632 | DU18: =MAX(0,DT18-DS18) -> 126 | DV18: =DU18-DU17 -> -7 | DW18: =(DU18/'Finance Only'!B21)*100 -> 0.47339946 | DX18: =DY17 -> 431620 | DY18: 432300 | DZ18: =MAX(0,DY18-DX18) -> 680 | EA18: =DZ18-DZ17 -> -50 | EB18: =(DZ18/'Finance Only'!B21)*100 -> 2.5548542 | EC18: =ED17 -> 136400 | ED18: 136620 | EE18: =MAX(0,ED18-EC18) -> 220 | EF18: =EE18-EE17 -> -10 | EG18: =(EE18/'Finance Only'!B21)*100 -> 0.82657048 | EH18: =EI17 -> 132740 | EI18: 133090 | EJ18: =MAX(0,EI18-EH18) -> 350 | EK18: =EJ18-EJ17 -> 10 | EL18: =(EJ18/'Finance Only'!B21)*100 -> 1.3149985 | EM18: =EN17 -> 250100 | EN18: 250860 | EO18: =MAX(0,EN18-EM18) -> 760 | EP18: =EO18-EO17 -> 280 | EQ18: =(EO18/'Finance Only'!B21)*100 -> 2.8554253 | ER18: =ES17 -> 0 | ET18: =MAX(0,ES18-ER18) -> 0 | EU18: =ET18-ET17 -> 0 | EV18: =(ET18/'Finance Only'!B21)*100 -> 0 | EW18: =EX17 -> 232540 | EX18: 239660 | EY18: =MAX(0,EX18-EW18) -> 7120 | EZ18: =EY18-EY17 -> -7440 | FA18: =(EY18/'Finance Only'!G21)*100 -> 350.91178 | FB18: =FC17 -> 53217 | FC18: 53567 | FD18: =MAX(0,FC18-FB18) -> 350 | FE18: =FD18-FD17 -> -46 | FF18: =(FD18/'Finance Only'!M21)*100 -> #DIV/0! | FH18: =SUM(E18+J18) -> 7701 | FJ18: =SUM(T18+Y18+DZ18+EE18+EJ18+EO18) -> 6282 | FL18: =SUM(AN18+AS18) -> 1540 | FN18: =SUM(AX18+BC18+BH18) -> 2349 | FP18: =SUM(BM18+BR18+ET18) -> 1580 | FR18: =SUM(EY18+FD18) -> 7470
A19: 15 | B19: ='Finance Only'!G22 -> 63 | C19: =D18 -> 25970526 | D19: 25973144 | E19: =MAX(0,D19-C19) -> 2618 | F19: =E19-E18 -> 132 | G19: =(E19/'Finance Only'!B22)*100 -> 9.5610255 | H19: =I18 -> 23334141 | I19: 23339727 | J19: =MAX(0,I19-H19) -> 5586 | K19: =J19-J18 -> 371 | L19: =(J19/'Finance Only'!B22)*100 -> 20.400263 | M19: =N18 -> 87735823 | N19: 87749809 | O19: =MAX(0,N19-M19) -> 13986 | P19: =O19-O18 -> -224 | Q19: =(O19/'Finance Only'!B22)*100 -> 51.07735 | R19: =S18 -> 2293700 | S19: 2295400 | T19: =MAX(0,S19-R19) -> 1700 | U19: =T19-T18 -> 100 | V19: =(T19/'Finance Only'!B22)*100 -> 6.2084581 | W19: =X18 -> 3117111 | X19: 3119987 | Y19: =MAX(0,X19-W19) -> 2876 | Z19: =Y19-Y18 -> 204 | AA19: =(Y19/'Finance Only'!B22)*100 -> 10.50325 | AB19: =AC18 -> 1914900 | AC19: 1916600 | AD19: =MAX(0,AC19-AB19) -> 1700 | AE19: =AD19-AD18 -> -100 | AF19: =(AD19/'Finance Only'!B22)*100 -> 6.2084581 | AG19: =AH18 -> 845537 | AH19: 846382 | AI19: =MAX(0,AH19-AG19) -> 845 | AJ19: =AI19-AI18 -> 11 | AK19: =(AI19/'Finance Only'!B22)*100 -> 3.0859689 | AL19: =AM18 -> 865270 | AM19: 865980 | AN19: =MAX(0,AM19-AL19) -> 710 | AO19: =AN19-AN18 -> 70 | AP19: =(AN19/'Finance Only'!B22)*100 -> 2.5929443 | AQ19: =AR18 -> 1936300 | AR19: 1937500 | AS19: =MAX(0,AR19-AQ19) -> 1200 | AT19: =AS19-AS18 -> 300 | AU19: =(AS19/'Finance Only'!B22)*100 -> 4.382441 | AV19: =AW18 -> 562831 | AW19: 563296 | AX19: =MAX(0,AW19-AV19) -> 465 | AY19: =AX19-AX18 -> -4 | AZ19: =(AX19/'Finance Only'!B22)*100 -> 1.6981959 | BA19: =BB18 -> 782180 | BB19: 783170 | BC19: =MAX(0,BB19-BA19) -> 990 | BD19: =BC19-BC18 -> 0 | BE19: =(BC19/'Finance Only'!B22)*100 -> 3.6155138 | BF19: =BG18 -> 874900 | BG19: 875790 | BH19: =MAX(0,BG19-BF19) -> 890 | BI19: =BH19-BH18 -> 0 | BJ19: =(BH19/'Finance Only'!B22)*100 -> 3.2503104 | BK19: =BL18 -> 1367800 | BL19: 1369100 | BM19: =MAX(0,BL19-BK19) -> 1300 | BN19: =BM19-BM18 -> -100 | BO19: =(BM19/'Finance Only'!B22)*100 -> 4.7476444 | BP19: =BQ18 -> 84303 | BQ19: 84445 | BR19: =MAX(0,BQ19-BP19) -> 142 | BS19: =BR19-BR18 -> -38 | BT19: =(BR19/'Finance Only'!B22)*100 -> 0.51858885 | BU19: =BV18 -> 424530 | BV19: 424970 | BW19: =MAX(0,BV19-BU19) -> 440 | BX19: =BW19-BW18 -> -30 | BY19: =(BW19/'Finance Only'!B22)*100 -> 1.606895 | BZ19: =CA18 -> 661390 | CA19: 662680 | CB19: =MAX(0,CA19-BZ19) -> 1290 | CC19: =CB19-CB18 -> 50 | CD19: =(CB19/'Finance Only'!B22)*100 -> 4.7111241 | CE19: =CF18 -> 200540 | CF19: 200970 | CG19: =MAX(0,CF19-CE19) -> 430 | CH19: =CG19-CG18 -> 0 | CI19: =(CG19/'Finance Only'!B22)*100 -> 1.5703747 | CJ19: =CK18 -> 455860 | CK19: 456910 | CL19: =MAX(0,CK19-CJ19) -> 1050 | CM19: =CL19-CL18 -> 0 | CN19: =(CL19/'Finance Only'!B22)*100 -> 3.8346359 | CO19: =CP18 -> 369200 | CP19: 370220 | CQ19: =MAX(0,CP19-CO19) -> 1020 | CR19: =CQ19-CQ18 -> 110 | CS19: =(CQ19/'Finance Only'!B22)*100 -> 3.7250749 | CT19: =CU18 -> 313060 | CU19: 313830 | CV19: =MAX(0,CU19-CT19) -> 770 | CW19: =CV19-CV18 -> 100 | CX19: =(CV19/'Finance Only'!B22)*100 -> 2.8120663 | CY19: =CZ18 -> 539990 | CZ19: 541690 | DA19: =MAX(0,CZ19-CY19) -> 1700 | DB19: =DA19-DA18 -> 220 | DC19: =(DA19/'Finance Only'!B22)*100 -> 6.2084581 | DD19: =DE18 -> 406030 | DE19: 407010 | DF19: =MAX(0,DE19-DD19) -> 980 | DG19: =DF19-DF18 -> -30 | DH19: =(DF19/'Finance Only'!B22)*100 -> 3.5789935 | DI19: =DJ18 -> 371810 | DJ19: 373000 | DK19: =MAX(0,DJ19-DI19) -> 1190 | DL19: =DK19-DK18 -> 180 | DM19: =(DK19/'Finance Only'!B22)*100 -> 4.3459207 | DN19: =DO18 -> 230820 | DO19: 231050 | DP19: =MAX(0,DO19-DN19) -> 230 | DQ19: =DP19-DP18 -> 30 | DR19: =(DP19/'Finance Only'!B22)*100 -> 0.83996786 | DS19: =DT18 -> 64632 | DT19: 64769 | DU19: =MAX(0,DT19-DS19) -> 137 | DV19: =DU19-DU18 -> 11 | DW19: =(DU19/'Finance Only'!B22)*100 -> 0.50032868 | DX19: =DY18 -> 432300 | DY19: 433020 | DZ19: =MAX(0,DY19-DX19) -> 720 | EA19: =DZ19-DZ18 -> 40 | EB19: =(DZ19/'Finance Only'!B22)*100 -> 2.6294646 | EC19: =ED18 -> 136620 | ED19: 136860 | EE19: =MAX(0,ED19-EC19) -> 240 | EF19: =EE19-EE18 -> 20 | EG19: =(EE19/'Finance Only'!B22)*100 -> 0.8764882 | EH19: =EI18 -> 133090 | EI19: 133310 | EJ19: =MAX(0,EI19-EH19) -> 220 | EK19: =EJ19-EJ18 -> -130 | EL19: =(EJ19/'Finance Only'!B22)*100 -> 0.80344752 | EM19: =EN18 -> 250860 | EN19: 251050 | EO19: =MAX(0,EN19-EM19) -> 190 | EP19: =EO19-EO18 -> -570 | EQ19: =(EO19/'Finance Only'!B22)*100 -> 0.69388649 | ER19: =ES18 -> 0 | ET19: =MAX(0,ES19-ER19) -> 0 | EU19: =ET19-ET18 -> 0 | EV19: =(ET19/'Finance Only'!B22)*100 -> 0 | EW19: =EX18 -> 239660 | EX19: 242440 | EY19: =MAX(0,EX19-EW19) -> 2780 | EZ19: =EY19-EY18 -> -4340 | FA19: =(EY19/'Finance Only'!G22)*100 -> 4412.6984 | FB19: =FC18 -> 53567 | FC19: 53862 | FD19: =MAX(0,FC19-FB19) -> 295 | FE19: =FD19-FD18 -> -55 | FF19: =(FD19/'Finance Only'!M22)*100 -> #DIV/0! | FH19: =SUM(E19+J19) -> 8204 | FJ19: =SUM(T19+Y19+DZ19+EE19+EJ19+EO19) -> 5946 | FL19: =SUM(AN19+AS19) -> 1910 | FN19: =SUM(AX19+BC19+BH19) -> 2345 | FP19: =SUM(BM19+BR19+ET19) -> 1442 | FR19: =SUM(EY19+FD19) -> 3075
... A34: 30 | B34: ='Finance Only'!G37 -> 0 | C34: =D33 -> 26008018 | D34: 26010720 | E34: =MAX(0,D34-C34) -> 2702 | F34: =E34-E33 -> 5 | G34: =(E34/'Finance Only'!B37)*100 -> 10.100179 | H34: =I33 -> 23397749 | I34: 23402126 | J34: =MAX(0,I34-H34) -> 4377 | K34: =J34-J33 -> 26 | L34: =(J34/'Finance Only'!B37)*100 -> 16.361394 | M34: =N33 -> 87938610 | N34: 87952564 | O34: =MAX(0,N34-M34) -> 13954 | P34: =O34-O33 -> -404 | Q34: =(O34/'Finance Only'!B37)*100 -> 52.160586 | R34: =S33 -> 2320000 | S34: 2321800 | T34: =MAX(0,S34-R34) -> 1800 | U34: =T34-T33 -> 200 | V34: =(T34/'Finance Only'!B37)*100 -> 6.7284689 | W34: =X33 -> 3157879 | X34: 3160687 | Y34: =MAX(0,X34-W34) -> 2808 | Z34: =Y34-Y33 -> 99 | AA34: =(Y34/'Finance Only'!B37)*100 -> 10.496411 | AB34: =AC33 -> 1943700 | AC34: 1945700 | AD34: =MAX(0,AC34-AB34) -> 2000 | AE34: =AD34-AD33 -> -200 | AF34: =(AD34/'Finance Only'!B37)*100 -> 7.4760766 | AG34: =AH33 -> 858022 | AH34: 858881 | AI34: =MAX(0,AH34-AG34) -> 859 | AJ34: =AI34-AI33 -> 48 | AK34: =(AI34/'Finance Only'!B37)*100 -> 3.2109749 | AL34: =AM33 -> 874750 | AM34: 875430 | AN34: =MAX(0,AM34-AL34) -> 680 | AO34: =AN34-AN33 -> -50 | AP34: =(AN34/'Finance Only'!B37)*100 -> 2.541866 | AQ34: =AR33 -> 1960100 | AR34: 1961800 | AS34: =MAX(0,AR34-AQ34) -> 1700 | AT34: =AS34-AS33 -> 100 | AU34: =(AS34/'Finance Only'!B37)*100 -> 6.3546651 | AV34: =AW33 -> 568734 | AW34: 569126 | AX34: =MAX(0,AW34-AV34) -> 392 | AY34: =AX34-AX33 -> -15 | AZ34: =(AX34/'Finance Only'!B37)*100 -> 1.465311 | BA34: =BB33 -> 796140 | BB34: 797030 | BC34: =MAX(0,BB34-BA34) -> 890 | BD34: =BC34-BC33 -> 0 | BE34: =(BC34/'Finance Only'!B37)*100 -> 3.3268541 | BF34: =BG33 -> 887030 | BG34: 887860 | BH34: =MAX(0,BG34-BF34) -> 830 | BI34: =BH34-BH33 -> -40 | BJ34: =(BH34/'Finance Only'!B37)*100 -> 3.1025718 | BK34: =BL33 -> 1383600 | BL34: 1384700 | BM34: =MAX(0,BL34-BK34) -> 1100 | BN34: =BM34-BM33 -> 0 | BO34: =(BM34/'Finance Only'!B37)*100 -> 4.1118421 | BP34: =BQ33 -> 86419 | BQ34: 86571 | BR34: =MAX(0,BQ34-BP34) -> 152 | BS34: =BR34-BR33 -> 1 | BT34: =(BR34/'Finance Only'!B37)*100 -> 0.56818182 | BU34: =BV33 -> 431020 | BV34: 431450 | BW34: =MAX(0,BV34-BU34) -> 430 | BX34: =BW34-BW33 -> -30 | BY34: =(BW34/'Finance Only'!B37)*100 -> 1.6073565 | BZ34: =CA33 -> 679530 | CA34: 680780 | CB34: =MAX(0,CA34-BZ34) -> 1250 | CC34: =CB34-CB33 -> 0 | CD34: =(CB34/'Finance Only'!B37)*100 -> 4.6725478 | CE34: =CF33 -> 207040 | CF34: 207420 | CG34: =MAX(0,CF34-CE34) -> 380 | CH34: =CG34-CG33 -> -80 | CI34: =(CG34/'Finance Only'!B37)*100 -> 1.4204545 | CJ34: =CK33 -> 470170 | CK34: 471150 | CL34: =MAX(0,CK34-CJ34) -> 980 | CM34: =CL34-CL33 -> -110 | CN34: =(CL34/'Finance Only'!B37)*100 -> 3.6632775 | CO34: =CP33 -> 380730 | CP34: 381540 | CQ34: =MAX(0,CP34-CO34) -> 810 | CR34: =CQ34-CQ33 -> -90 | CS34: =(CQ34/'Finance Only'!B37)*100 -> 3.027811 | CT34: =CU33 -> 322870 | CU34: 323470 | CV34: =MAX(0,CU34-CT34) -> 600 | CW34: =CV34-CV33 -> -90 | CX34: =(CV34/'Finance Only'!B37)*100 -> 2.242823 | CY34: =CZ33 -> 555020 | CZ34: 556280 | DA34: =MAX(0,CZ34-CY34) -> 1260 | DB34: =DA34-DA33 -> 230 | DC34: =(DA34/'Finance Only'!B37)*100 -> 4.7099282 | DD34: =DE33 -> 418200 | DE34: 419070 | DF34: =MAX(0,DE34-DD34) -> 870 | DG34: =DF34-DF33 -> 0 | DH34: =(DF34/'Finance Only'!B37)*100 -> 3.2520933 | DI34: =DJ33 -> 383560 | DJ34: 384250 | DK34: =MAX(0,DJ34-DI34) -> 690 | DL34: =DK34-DK33 -> -30 | DM34: =(DK34/'Finance Only'!B37)*100 -> 2.5792464 | DN34: =DO33 -> 233750 | DO34: 233930 | DP34: =MAX(0,DO34-DN34) -> 180 | DQ34: =DP34-DP33 -> -20 | DR34: =(DP34/'Finance Only'!B37)*100 -> 0.67284689 | DS34: =DT33 -> 66891 | DT34: 67826 | DU34: =MAX(0,DT34-DS34) -> 935 | DV34: =DU34-DU33 -> 745 | DW34: =(DU34/'Finance Only'!B37)*100 -> 3.4950658 | DX34: =DY33 -> 442770 | DY34: 443470 | DZ34: =MAX(0,DY34-DX34) -> 700 | EA34: =DZ34-DZ33 -> -70 | EB34: =(DZ34/'Finance Only'!B37)*100 -> 2.6166268 | EC34: =ED33 -> 140270 | ED34: 140510 | EE34: =MAX(0,ED34-EC34) -> 240 | EF34: =EE34-EE33 -> -10 | EG34: =(EE34/'Finance Only'!B37)*100 -> 0.89712919 | EH34: =EI33 -> 138030 | EI34: 138370 | EJ34: =MAX(0,EI34-EH34) -> 340 | EK34: =EJ34-EJ33 -> 80 | EL34: =(EJ34/'Finance Only'!B37)*100 -> 1.270933 | EM34: =EN33 -> 257810 | EN34: 258300 | EO34: =MAX(0,EN34-EM34) -> 490 | EP34: =EO34-EO33 -> 10 | EQ34: =(EO34/'Finance Only'!B37)*100 -> 1.8316388 | ER34: =ES33 -> 0 | ET34: =MAX(0,ES34-ER34) -> 0 | EU34: =ET34-ET33 -> 0 | EV34: =(ET34/'Finance Only'!B37)*100 -> 0 | EW34: =EX33 -> 369220 | EX34: 378450 | EY34: =MAX(0,EX34-EW34) -> 9230 | EZ34: =EY34-EY33 -> 4090 | FA34: =(EY34/'Finance Only'!G37)*100 -> #DIV/0! | FB34: =FC33 -> 59048 | FC34: 59404 | FD34: =MAX(0,FC34-FB34) -> 356 | FE34: =FD34-FD33 -> 67 | FF34: =(FD34/'Finance Only'!M37)*100 -> #DIV/0! | FH34: =SUM(E34+J34) -> 7079 | FJ34: =SUM(T34+Y34+DZ34+EE34+EJ34+EO34) -> 6378 | FL34: =SUM(AN34+AS34) -> 2380 | FN34: =SUM(AX34+BC34+BH34) -> 2112 | FP34: =SUM(BM34+BR34+ET34) -> 1252 | FR34: =SUM(EY34+FD34) -> 9586
A35: 31 | B35: ='Finance Only'!G38 -> 4461 | C35: =D34 -> 26010720 | D35: 26013441 | E35: =MAX(0,D35-C35) -> 2721 | F35: =E35-E34 -> 19 | G35: =(E35/'Finance Only'!B39)*100 -> 0.34803407 | H35: =I34 -> 23402126 | I35: 23406631 | J35: =MAX(0,I35-H35) -> 4505 | K35: =J35-J34 -> 128 | L35: =(J35/'Finance Only'!B39)*100 -> 0.57621959 | M35: =N34 -> 87952564 | N35: 87966458 | O35: =MAX(0,N35-M35) -> 13894 | P35: =O35-O34 -> -60 | Q35: =(O35/'Finance Only'!B39)*100 -> 1.7771354 | R35: =S34 -> 2321800 | S35: 2323400 | T35: =MAX(0,S35-R35) -> 1600 | U35: =T35-T34 -> -200 | V35: =(T35/'Finance Only'!B39)*100 -> 0.20465069 | W35: =X34 -> 3160687 | X35: 3163584 | Y35: =MAX(0,X35-W35) -> 2897 | Z35: =Y35-Y34 -> 89 | AA35: =(Y35/'Finance Only'!B39)*100 -> 0.37054565 | AB35: =AC34 -> 1945700 | AC35: 1947900 | AD35: =MAX(0,AC35-AB35) -> 2200 | AE35: =AD35-AD34 -> 200 | AF35: =(AD35/'Finance Only'!B39)*100 -> 0.28139469 | AG35: =AH34 -> 858881 | AH35: 859762 | AI35: =MAX(0,AH35-AG35) -> 881 | AJ35: =AI35-AI34 -> 22 | AK35: =(AI35/'Finance Only'!B39)*100 -> 0.11268578 | AL35: =AM34 -> 875430 | AM35: 876160 | AN35: =MAX(0,AM35-AL35) -> 730 | AO35: =AN35-AN34 -> 50 | AP35: =(AN35/'Finance Only'!B39)*100 -> 0.093371876 | AQ35: =AR34 -> 1961800 | AR35: 1963400 | AS35: =MAX(0,AR35-AQ35) -> 1600 | AT35: =AS35-AS34 -> -100 | AU35: =(AS35/'Finance Only'!B39)*100 -> 0.20465069 | AV35: =AW34 -> 569126 | AW35: 569568 | AX35: =MAX(0,AW35-AV35) -> 442 | AY35: =AX35-AX34 -> 50 | AZ35: =(AX35/'Finance Only'!B39)*100 -> 0.056534752 | BA35: =BB34 -> 797030 | BB35: 797960 | BC35: =MAX(0,BB35-BA35) -> 930 | BD35: =BC35-BC34 -> 40 | BE35: =(BC35/'Finance Only'!B39)*100 -> 0.11895321 | BF35: =BG34 -> 887860 | BG35: 888760 | BH35: =MAX(0,BG35-BF35) -> 900 | BI35: =BH35-BH34 -> 70 | BJ35: =(BH35/'Finance Only'!B39)*100 -> 0.11511601 | BK35: =BL34 -> 1384700 | BL35: 1385700 | BM35: =MAX(0,BL35-BK35) -> 1000 | BN35: =BM35-BM34 -> -100 | BO35: =(BM35/'Finance Only'!B39)*100 -> 0.12790668 | BP35: =BQ34 -> 86571 | BQ35: 86741 | BR35: =MAX(0,BQ35-BP35) -> 170 | BS35: =BR35-BR34 -> 18 | BT35: =(BR35/'Finance Only'!B39)*100 -> 0.021744135 | BU35: =BV34 -> 431450 | BV35: 431890 | BW35: =MAX(0,BV35-BU35) -> 440 | BX35: =BW35-BW34 -> 10 | BY35: =(BW35/'Finance Only'!B39)*100 -> 0.056278939 | BZ35: =CA34 -> 680780 | CA35: 682020 | CB35: =MAX(0,CA35-BZ35) -> 1240 | CC35: =CB35-CB34 -> -10 | CD35: =(CB35/'Finance Only'!B39)*100 -> 0.15860428 | CE35: =CF34 -> 207420 | CF35: 207840 | CG35: =MAX(0,CF35-CE35) -> 420 | CH35: =CG35-CG34 -> 40 | CI35: =(CG35/'Finance Only'!B39)*100 -> 0.053720805 | CJ35: =CK34 -> 471150 | CK35: 472130 | CL35: =MAX(0,CK35-CJ35) -> 980 | CM35: =CL35-CL34 -> 0 | CN35: =(CL35/'Finance Only'!B39)*100 -> 0.12534855 | CO35: =CP34 -> 381540 | CP35: 382340 | CQ35: =MAX(0,CP35-CO35) -> 800 | CR35: =CQ35-CQ34 -> -10 | CS35: =(CQ35/'Finance Only'!B39)*100 -> 0.10232534 | CT35: =CU34 -> 323470 | CU35: 324080 | CV35: =MAX(0,CU35-CT35) -> 610 | CW35: =CV35-CV34 -> 10 | CX35: =(CV35/'Finance Only'!B39)*100 -> 0.078023074 | CY35: =CZ34 -> 556280 | CZ35: 557580 | DA35: =MAX(0,CZ35-CY35) -> 1300 | DB35: =DA35-DA34 -> 40 | DC35: =(DA35/'Finance Only'!B39)*100 -> 0.16627868 | DD35: =DE34 -> 419070 | DE35: 419860 | DF35: =MAX(0,DE35-DD35) -> 790 | DG35: =DF35-DF34 -> -80 | DH35: =(DF35/'Finance Only'!B39)*100 -> 0.10104628 | DI35: =DJ34 -> 384250 | DJ35: 385020 | DK35: =MAX(0,DJ35-DI35) -> 770 | DL35: =DK35-DK34 -> 80 | DM35: =(DK35/'Finance Only'!B39)*100 -> 0.098488143 | DN35: =DO34 -> 233930 | DO35: 234110 | DP35: =MAX(0,DO35-DN35) -> 180 | DQ35: =DP35-DP34 -> 0 | DR35: =(DP35/'Finance Only'!B39)*100 -> 0.023023202 | DS35: =DT34 -> 67826 | DT35: 67152 | DU35: =MAX(0,DT35-DS35) -> 0 | DV35: =DU35-DU34 -> -935 | DW35: =(DU35/'Finance Only'!B39)*100 -> 0 | DX35: =DY34 -> 443470 | DY35: 444200 | DZ35: =MAX(0,DY35-DX35) -> 730 | EA35: =DZ35-DZ34 -> 30 | EB35: =(DZ35/'Finance Only'!B39)*100 -> 0.093371876 | EC35: =ED34 -> 140510 | ED35: 140750 | EE35: =MAX(0,ED35-EC35) -> 240 | EF35: =EE35-EE34 -> 0 | EG35: =(EE35/'Finance Only'!B39)*100 -> 0.030697603 | EH35: =EI34 -> 138370 | EI35: 138710 | EJ35: =MAX(0,EI35-EH35) -> 340 | EK35: =EJ35-EJ34 -> 0 | EL35: =(EJ35/'Finance Only'!B39)*100 -> 0.043488271 | EM35: =EN34 -> 258300 | EN35: 258830 | EO35: =MAX(0,EN35-EM35) -> 530 | EP35: =EO35-EO34 -> 40 | EQ35: =(EO35/'Finance Only'!B39)*100 -> 0.06779054 | ER35: =ES34 -> 0 | ET35: =MAX(0,ES35-ER35) -> 0 | EU35: =ET35-ET34 -> 0 | EV35: =(ET35/'Finance Only'!B39)*100 -> 0 | EW35: =EX34 -> 378450 | EX35: 386130 | EY35: =MAX(0,EX35-EW35) -> 7680 | EZ35: =EY35-EY34 -> -1550 | FA35: =(EY35/'Finance Only'!G39)*100 -> 266.21373 | FB35: =FC34 -> 59404 | FC35: 59819 | FD35: =MAX(0,FC35-FB35) -> 415 | FE35: =FD35-FD34 -> 59 | FF35: =(FD35/'Finance Only'!M39)*100 -> #DIV/0! | FH35: =SUM(E35+J35) -> 7226 | FJ35: =SUM(T35+Y35+DZ35+EE35+EJ35+EO35) -> 6337 | FL35: =SUM(AN35+AS35) -> 2330 | FN35: =SUM(AX35+BC35+BH35) -> 2272 | FP35: =SUM(BM35+BR35+ET35) -> 1170 | FR35: =SUM(EY35+FD35) -> 8095
A36: Total | E36: =SUM(E5:E34) -> 73138 | J36: =SUM(J5:J34) -> 125982 | O36: =SUM(O5:O34) -> 402055 | T36: =SUM(T5:T34) -> 50100 | Y36: =SUM(Y5:Y34) -> 81441 | AD36: =SUM(AD5:AD34) -> 53100 | AI36: =SUM(AI5:AI34) -> 24288 | AN36: =SUM(AN5:AN34) -> 18300 | AS36: =SUM(AS5:AS34) -> 39485 | AX36: =SUM(AX5:AX34) -> 12130 | BC36: =SUM(BC5:BC34) -> 28181 | BH36: =SUM(BH5:BH34) -> 24185 | BM36: =SUM(BM5:BM34) -> 34805 | BR36: =SUM(BR5:BR34) -> 5198 | BW36: =SUM(BW5:BW34) -> 12785 | CB36: =SUM(CB5:CB34) -> 36320 | CG36: =SUM(CG5:CG34) -> 12490 | CL36: =SUM(CL5:CL34) -> 27040 | CQ36: =SUM(CQ5:CQ34) -> 23090 | CV36: =SUM(CV5:CV34) -> 17510 | DA36: =SUM(DA5:DA34) -> 33810 | DF36: =SUM(DF5:DF34) -> 25980 | DK36: =SUM(DK5:DK34) -> 22100 | DP36: =SUM(DP5:DP34) -> 5800 | DU36: =SUM(DU5:DU34) -> 5004 | DZ36: =SUM(DZ5:DZ34) -> 20270 | EE36: =SUM(EE5:EE34) -> 6970 | EJ36: =SUM(EJ5:EJ34) -> 9680 | EO36: =SUM(EO5:EO34) -> 14680 | ET36: =SUM(ET5:ET34) -> 0 | EY36: =SUM(EY5:EY34) -> 236200 | FD36: =SUM(FD5:FD34) -> 11937

Sheet WATER
A1: RO Plant Water Production Reading | Z1: Water Consumption by locations
A3: Month | C3: 44471 | Z3: Date: | AF3: 44360
A4: R/O Plant A | F4: R/O Plant B | K4: R/O Plant C | P4: R/O Plant D | U4: Total Production | Z4: Laundry | AF4: Staff Block - E0 | AK4: Staff Block - E1 | AP4: Staff Block - E2 | AU4: Staff Block - E3 | AZ4: Staff Block - E4 | BE4: Staff Block - E5 | BJ4: Management Block | BO4: PC Block | BT4: GM Bungalow | BY4: Boat Dock | CD4: Supply Jetty | CI4: Main Kitchen | CN4: Day Facility | CS4: Reception | CX4: Main Pool | DC4: Dive Center | DH4: Albarakthu | DM4: Blu Resturant | DR4: Main Jetty | DW4: Landaa Estate | EB4: TG Group | EE4: 3rd Party Kitchen | EH4: HRD | EK4: Jiaz | EN4: E- Hotel
A5: DAY | B5: YESTARDAY | C5: TODAY | D5: Production (M3) | F5: DAY | G5: YESTARDAY | H5: TODAY | I5: Production (M3) | K5: DAY | L5: YESTARDAY | M5: TODAY | N5: Production (M3) | P5: DAY | Q5: YESTARDAY | R5: TODAY | S5: Production (M3) | U5: Day | V5: Water | W5: Occ% | X5: ADR $ | Z5: DAY | AA5: Yesterday | AB5: Today | AC5: Usage (m3) | AD5: Variance (Today vs Ystday) | AE5: % | AF5: Yesterday | AG5: Today | AH5: Usage (m3) | AI5: Variance (Today vs Ystday) | AJ5: % | AK5: Yesterday | AL5: Today | AM5: Usage (m3) | AN5: Variance (Today vs Ystday) | AO5: % | AP5: Yesterday | AQ5: Today | AR5: Usage (m3) | AS5: Variance (Today vs Ystday) | AT5: % | AU5: Yesterday | AV5: Today | AW5: Usage (m3) | AX5: Variance (Today vs Ystday) | AY5: % | AZ5: Yesterday | BA5: Today | BB5: Usage (m3) | BC5: Variance (Today vs Ystday) | BD5: % | BE5: Yesterday | BF5: Today | BG5: Usage (m3) | BH5: Variance (Today vs Ystday) | BI5: % | BJ5: Yesterday | BK5: Today | BL5: Usage (m3) | BM5: Variance (Today vs Ystday) | BN5: % | BO5: Yesterday | BP5: Today | BQ5: Usage (m3) | BR5: Variance (Today vs Ystday) | BS5: % | BT5: Yesterday | BU5: Today | BV5: Usage (m3) | BW5: Variance (Today vs Ystday) | BX5: % | BY5: Yesterday | BZ5: Today | CA5: Usage | CB5: Variance (Today vs Ystday) | CC5: % | CD5: Yesterday | CE5: Today | CF5: Usage (m3) | CG5: Variance (Today vs Ystday) | CH5: % | CI5: Yesterday | CJ5: Today | CK5: Usage (m3) | CL5: Variance (Today vs Ystday) | CM5: % | CN5: Yesterday | CO5: Today | CP5: Usage (m3) | CQ5: Variance (Today vs Ystday) | CR5: % | CS5: Yesterday | CT5: Today | CU5: Usage | CV5: Variance (Today vs Ystday) | CW5: % | CX5: Yesterday | CY5: Today | CZ5: Usage (m3) | DA5: Variance (Today vs Ystday) | DB5: % | DC5: Yesterday | DD5: Today | DE5: Usage | DF5: Variance (Today vs Ystday) | DG5: % | DH5: Yesterday | DI5: Today | DJ5: Usage (m3) | DK5: Variance (Today vs Ystday) | DL5: % | DM5: Yesterday | DN5: Today | DO5: Usage (m3) | DP5: Variance (Today vs Ystday) | DQ5: % | DR5: Yesterday | DS5: Today | DT5: Usage | DU5: Variance (Today vs Ystday) | DV5: % | DW5: Yesterday | DX5: Today | DY5: Usage (m3) | DZ5: Variance (Today vs Ystday) | EA5: % | EB5: Yesterday | EC5: Today | ED5: Usage (m3) | EE5: Yesterday | EF5: Today | EG5: Usage (m3) | EH5: Yesterday | EI5: Today | EJ5: Usage (m3) | EK5: Yesterday | EL5: Today | EM5: Usage (m3)
A6: 1 | B6: 15396 | C6: 15396 | D6: =MAX(0,C6-B6) -> 0 | F6: 1 | G6: 13176 | H6: 13190 | I6: =MAX(0,H6-G6) -> 14 | K6: 1 | L6: 764213 | M6: 764462 | N6: =MAX(0,M6-L6) -> 249 | P6: 1 | Q6: 210737 | R6: 210814 | S6: =MAX(0,R6-Q6) -> 77 | U6: 1 | V6: =SUM(S6+N6+I6+D6) -> 340 | W6: ='Maldives at LG Daily'!I5 -> 0 | Z6: 1 | AA6: 38757 | AB6: 38773 | AC6: =AB6-AA6 -> 16 | AF6: 8385 | AG6: 8390 | AH6: =AG6-AF6 -> 5 | AK6: 6304 | AL6: 6310 | AM6: =AL6-AK6 -> 6 | AP6: 14824 | AQ6: 14833 | AR6: =AQ6-AP6 -> 9 | AU6: 32465 | AV6: 32471 | AW6: =AV6-AU6 -> 6 | AZ6: 6582 | BA6: 6589 | BB6: =BA6-AZ6 -> 7 | BE6: 22798 | BF6: 22805 | BG6: =BF6-BE6 -> 7 | BJ6: 6899 | BK6: 6909 | BL6: =BK6-BJ6 -> 10 | BO6: 3478 | BP6: 3480 | BQ6: =BP6-BO6 -> 2 | BT6: 1551 | BU6: 1551 | BV6: =BU6-BT6 -> 0 | BY6: 26808 | BZ6: 26812 | CA6: =BZ6-BY6 -> 4 | CD6: 2588 | CE6: 2597 | CF6: =CE6-CD6 -> 9 | CI6: 73602 | CJ6: 73624 | CK6: =CJ6-CI6 -> 22 | CN6: 23489 | CO6: 23494 | CP6: =CO6-CN6 -> 5 | CS6: 12476 | CT6: 12477 | CU6: =CT6-CS6 -> 1 | CX6: 17587 | CY6: 17610 | CZ6: =CY6-CX6 -> 23 | DC6: 19705 | DD6: 19708 | DE6: =DD6-DC6 -> 3 | DH6: 8633 | DI6: 8634 | DJ6: =DI6-DH6 -> 1 | DM6: 19392 | DN6: 19418 | DO6: =DN6-DM6 -> 26 | DR6: 1974 | DS6: 1975 | DT6: =DS6-DR6 -> 1 | DW6: 9700 | DX6: 9700 | DY6: =DX6-DW6 -> 0 | EB6: 341 | EC6: 349 | ED6: =EC6-EB6 -> 8 | EE6: 114 | EF6: 120 | EG6: =EF6-EE6 -> 6 | EH6: 71 | EI6: 75 | EJ6: =EI6-EH6 -> 4 | EK6: 100 | EL6: 104 | EM6: =EL6-EK6 -> 4 | EN6: =AH6+AM6+AR6+AW6+BB6+BG6+BL6+BQ6+BV6 -> 52 | EO6: =(EN6/V6)*100 -> 15.294118
A7: 2 | B7: =C6 -> 15396 | C7: 15466 | D7: =MAX(0,C7-B7) -> 70 | F7: 2 | G7: =H6 -> 13190 | H7: 13198 | I7: =MAX(0,H7-G7) -> 8 | K7: 2 | L7: =M6 -> 764462 | M7: 764718 | N7: =MAX(0,M7-L7) -> 256 | P7: 2 | Q7: =R6 -> 210814 | R7: 210829 | S7: =MAX(0,R7-Q7) -> 15 | U7: 2 | V7: =SUM(S7+N7+I7+D7) -> 349 | W7: ='Maldives at LG Daily'!I6 -> 5275 | Z7: 2 | AA7: =AB6 -> 38773 | AB7: =38773+15 -> 38788 | AC7: =AB7-AA7 -> 15 | AD7: =AC7-AC6 -> -1 | AF7: =AG6 -> 8390 | AG7: =8390+4 -> 8394 | AH7: =AG7-AF7 -> 4 | AI7: =AH7-AH6 -> -1 | AK7: =AL6 -> 6310 | AL7: 6315 | AM7: =AL7-AK7 -> 5 | AN7: =AM7-AM6 -> -1 | AP7: =AQ6 -> 14833 | AQ7: =14833+10 -> 14843 | AR7: =AQ7-AP7 -> 10 | AS7: =AR7-AR6 -> 1 | AU7: =AV6 -> 32471 | AV7: =32471+6 -> 32477 | AW7: =AV7-AU7 -> 6 | AX7: =AW7-AW6 -> 0 | AZ7: =BA6 -> 6589 | BA7: =6589+6 -> 6595 | BB7: =BA7-AZ7 -> 6 | BC7: =BB7-BB6 -> -1 | BE7: =BF6 -> 22805 | BF7: =22805+7 -> 22812 | BG7: =BF7-BE7 -> 7 | BH7: =BG7-BG6 -> 0 | BJ7: =BK6 -> 6909 | BK7: =6909+10 -> 6919 | BL7: =BK7-BJ7 -> 10 | BM7: =BL7-BL6 -> 0 | BO7: =BP6 -> 3480 | BP7: 3482 | BQ7: =BP7-BO7 -> 2 | BR7: =BQ7-BQ6 -> 0 | BT7: =BU6 -> 1551 | BU7: 1551 | BV7: =BU7-BT7 -> 0 | BW7: =BV7-BV6 -> 0 | BY7: =BZ6 -> 26812 | BZ7: =26812+3 -> 26815 | CA7: =BZ7-BY7 -> 3 | CB7: =CA7-CA6 -> -1 | CD7: =CE6 -> 2597 | CE7: 2600 | CF7: =CE7-CD7 -> 3 | CG7: =CF7-CF6 -> -6 | CI7: =CJ6 -> 73624 | CJ7: =73624+21 -> 73645 | CK7: =CJ7-CI7 -> 21 | CL7: =CK7-CK6 -> -1 | CN7: =CO6 -> 23494 | CO7: =23494+4 -> 23498 | CP7: =CO7-CN7 -> 4 | CQ7: =CP7-CP6 -> -1 | CS7: =CT6 -> 12477 | CT7: =12477+1 -> 12478 | CU7: =CT7-CS7 -> 1 | CV7: =CU7-CU6 -> 0 | CX7: =CY6 -> 17610 | CY7: 17615 | CZ7: =CY7-CX7 -> 5 | DA7: =CZ7-CZ6 -> -18 | DC7: =DD6 -> 19708 | DD7: 19709 | DE7: =DD7-DC7 -> 1 | DF7: =DE7-DE6 -> -2 | DH7: =DI6 -> 8634 | DI7: =8634+2 -> 8636 | DJ7: =DI7-DH7 -> 2 | DK7: =DJ7-DJ6 -> 1 | DM7: =DN6 -> 19418 | DN7: =19418+22 -> 19440 | DO7: =DN7-DM7 -> 22 | DP7: =DO7-DO6 -> -4 | DR7: =DS6 -> 1975 | DS7: 1976 | DT7: =DS7-DR7 -> 1 | DU7: =DT7-DT6 -> 0 | DW7: =DX6 -> 9700 | DX7: 9701 | DY7: =DX7-DW7 -> 1 | DZ7: =DY7-DY6 -> 1 | EB7: =EC6 -> 349 | EC7: =349+7 -> 356 | ED7: =EC7-EB7 -> 7 | EE7: =EF6 -> 120 | EF7: =120+6 -> 126 | EG7: =EF7-EE7 -> 6 | EH7: =EI6 -> 75 | EI7: =75+4 -> 79 | EJ7: =EI7-EH7 -> 4 | EK7: =EL6 -> 104 | EL7: =104+4 -> 108 | EM7: =EL7-EK7 -> 4 | EN7: =AH7+AM7+AR7+AW7+BB7+BG7+BL7+BQ7+BV7 -> 50 | EO7: =(EN7/V7)*100 -> 14.326648
A8: 3 | B8: =C7 -> 15466 | C8: 15491 | D8: =MAX(0,C8-B8) -> 25 | F8: 3 | G8: =H7 -> 13198 | H8: 13208 | I8: =MAX(0,H8-G8) -> 10 | K8: 3 | L8: =M7 -> 764718 | M8: 764967 | N8: =MAX(0,M8-L8) -> 249 | P8: 3 | Q8: =R7 -> 210829 | R8: 210891 | S8: =MAX(0,R8-Q8) -> 62 | U8: 3 | V8: =SUM(S8+N8+I8+D8) -> 346 | W8: ='Maldives at LG Daily'!I7 -> 3209 | Z8: 3 | AA8: =AB7 -> 38788 | AB8: 38804 | AC8: =AB8-AA8 -> 16 | AD8: =AC8-AC7 -> 1 | AF8: =AG7 -> 8394 | AG8: 8401 | AH8: =AG8-AF8 -> 7 | AI8: =AH8-AH7 -> 3 | AK8: =AL7 -> 6315 | AL8: 6322 | AM8: =AL8-AK8 -> 7 | AN8: =AM8-AM7 -> 2 | AP8: =AQ7 -> 14843 | AQ8: 14853 | AR8: =AQ8-AP8 -> 10 | AS8: =AR8-AR7 -> 0 | AU8: =AV7 -> 32477 | AV8: 32484 | AW8: =AV8-AU8 -> 7 | AX8: =AW8-AW7 -> 1 | AZ8: =BA7 -> 6595 | BA8: 6604 | BB8: =BA8-AZ8 -> 9 | BC8: =BB8-BB7 -> 3 | BE8: =BF7 -> 22812 | BF8: 22819 | BG8: =BF8-BE8 -> 7 | BH8: =BG8-BG7 -> 0 | BJ8: =BK7 -> 6919 | BK8: 6930 | BL8: =BK8-BJ8 -> 11 | BM8: =BL8-BL7 -> 1 | BO8: =BP7 -> 3482 | BP8: 3485 | BQ8: =BP8-BO8 -> 3 | BR8: =BQ8-BQ7 -> 1 | BT8: =BU7 -> 1551 | BU8: 1552 | BV8: =BU8-BT8 -> 1 | BW8: =BV8-BV7 -> 1 | BY8: =BZ7 -> 26815 | BZ8: 26819 | CA8: =BZ8-BY8 -> 4 | CB8: =CA8-CA7 -> 1 | CD8: =CE7 -> 2600 | CE8: 2600 | CF8: =CE8-CD8 -> 0 | CG8: =CF8-CF7 -> -3 | CI8: =CJ7 -> 73645 | CJ8: 73669 | CK8: =CJ8-CI8 -> 24 | CL8: =CK8-CK7 -> 3 | CN8: =CO7 -> 23498 | CO8: 23505 | CP8: =CO8-CN8 -> 7 | CQ8: =CP8-CP7 -> 3 | CS8: =CT7 -> 12478 | CT8: 12478 | CU8: =CT8-CS8 -> 0 | CV8: =CU8-CU7 -> -1 | CX8: =CY7 -> 17615 | CY8: 17622 | CZ8: =CY8-CX8 -> 7 | DA8: =CZ8-CZ7 -> 2 | DC8: =DD7 -> 19709 | DD8: 19710 | DE8: =DD8-DC8 -> 1 | DF8: =DE8-DE7 -> 0 | DH8: =DI7 -> 8636 | DI8: 8637 | DJ8: =DI8-DH8 -> 1 | DK8: =DJ8-DJ7 -> -1 | DM8: =DN7 -> 19440 | DN8: 19440 | DO8: =DN8-DM8 -> 0 | DP8: =DO8-DO7 -> -22 | DR8: =DS7 -> 1976 | DS8: 1978 | DT8: =DS8-DR8 -> 2 | DU8: =DT8-DT7 -> 1 | DW8: =DX7 -> 9701 | DX8: 9709 | DY8: =DX8-DW8 -> 8 | DZ8: =DY8-DY7 -> 7 | EB8: =EC7 -> 356 | EC8: 367 | ED8: =EC8-EB8 -> 11 | EE8: =EF7 -> 126 | EF8: 133 | EG8: =EF8-EE8 -> 7 | EH8: =EI7 -> 79 | EI8: 82 | EJ8: =EI8-EH8 -> 3 | EK8: =EL7 -> 108 | EL8: 110 | EM8: =EL8-EK8 -> 2 | EN8: =AH8+AM8+AR8+AW8+BB8+BG8+BL8+BQ8+BV8 -> 62 | EO8: =(EN8/V8)*100 -> 17.919075
A9: 4 | B9: =C8 -> 15491 | C9: 15502 | D9: =MAX(0,C9-B9) -> 11 | F9: 4 | G9: =H8 -> 13208 | H9: 13270 | I9: =MAX(0,H9-G9) -> 62 | K9: 4 | L9: =M8 -> 764967 | M9: 765189 | N9: =MAX(0,M9-L9) -> 222 | P9: 4 | Q9: =R8 -> 210891 | R9: 210936 | S9: =MAX(0,R9-Q9) -> 45 | U9: 4 | V9: =SUM(S9+N9+I9+D9) -> 340 | W9: ='Maldives at LG Daily'!I8 -> 7157 | Z9: 4 | AA9: =AB8 -> 38804 | AB9: 38820 | AC9: =AB9-AA9 -> 16 | AD9: =AC9-AC8 -> 0 | AF9: =AG8 -> 8401 | AG9: 8407 | AH9: =AG9-AF9 -> 6 | AI9: =AH9-AH8 -> -1 | AK9: =AL8 -> 6322 | AL9: 6328 | AM9: =AL9-AK9 -> 6 | AN9: =AM9-AM8 -> -1 | AP9: =AQ8 -> 14853 | AQ9: 14861 | AR9: =AQ9-AP9 -> 8 | AS9: =AR9-AR8 -> -2 | AU9: =AV8 -> 32484 | AV9: 32491 | AW9: =AV9-AU9 -> 7 | AX9: =AW9-AW8 -> 0 | AZ9: =BA8 -> 6604 | BA9: 6611 | BB9: =BA9-AZ9 -> 7 | BC9: =BB9-BB8 -> -2 | BE9: =BF8 -> 22819 | BF9: 22826 | BG9: =BF9-BE9 -> 7 | BH9: =BG9-BG8 -> 0 | BJ9: =BK8 -> 6930 | BK9: 6938 | BL9: =BK9-BJ9 -> 8 | BM9: =BL9-BL8 -> -3 | BO9: =BP8 -> 3485 | BP9: 3487 | BQ9: =BP9-BO9 -> 2 | BR9: =BQ9-BQ8 -> -1 | BT9: =BU8 -> 1552 | BU9: 1552 | BV9: =BU9-BT9 -> 0 | BW9: =BV9-BV8 -> -1 | BY9: =BZ8 -> 26819 | BZ9: 26829 | CA9: =BZ9-BY9 -> 10 | CB9: =CA9-CA8 -> 6 | CD9: =CE8 -> 2600 | CE9: 2603 | CF9: =CE9-CD9 -> 3 | CG9: =CF9-CF8 -> 3 | CI9: =CJ8 -> 73669 | CJ9: 73689 | CK9: =CJ9-CI9 -> 20 | CL9: =CK9-CK8 -> -4 | CN9: =CO8 -> 23505 | CO9: 23509 | CP9: =CO9-CN9 -> 4 | CQ9: =CP9-CP8 -> -3 | CS9: =CT8 -> 12478 | CT9: 12479 | CU9: =CT9-CS9 -> 1 | CV9: =CU9-CU8 -> 1 | CX9: =CY8 -> 17622 | CY9: 17631 | CZ9: =CY9-CX9 -> 9 | DA9: =CZ9-CZ8 -> 2 | DC9: =DD8 -> 19710 | DD9: 19712 | DE9: =DD9-DC9 -> 2 | DF9: =DE9-DE8 -> 1 | DH9: =DI8 -> 8637 | DI9: 8639 | DJ9: =DI9-DH9 -> 2 | DK9: =DJ9-DJ8 -> 1 | DM9: =DN8 -> 19440 | DN9: 19440 | DO9: =DN9-DM9 -> 0 | DP9: =DO9-DO8 -> 0 | DR9: =DS8 -> 1978 | DS9: 1981 | DT9: =DS9-DR9 -> 3 | DU9: =DT9-DT8 -> 1 | DW9: =DX8 -> 9709 | DX9: 9720 | DY9: =DX9-DW9 -> 11 | DZ9: =DY9-DY8 -> 3 | EB9: =EC8 -> 367 | EC9: 377 | ED9: =EC9-EB9 -> 10 | EE9: =EF8 -> 133 | EF9: 140 | EG9: =EF9-EE9 -> 7 | EH9: =EI8 -> 82 | EI9: 86 | EJ9: =EI9-EH9 -> 4 | EK9: =EL8 -> 110 | EL9: 114 | EM9: =EL9-EK9 -> 4 | EN9: =AH9+AM9+AR9+AW9+BB9+BG9+BL9+BQ9+BV9 -> 51 | EO9: =(EN9/V9)*100 -> 15
A10: 5 | B10: =C9 -> 15502 | C10: 15503 | D10: =MAX(0,C10-B10) -> 1 | F10: 5 | G10: =H9 -> 13270 | H10: 13270 | I10: =MAX(0,H10-G10) -> 0 | K10: 5 | L10: =M9 -> 765189 | M10: 765406 | N10: =MAX(0,M10-L10) -> 217 | P10: 5 | Q10: =R9 -> 210936 | R10: 210993 | S10: =MAX(0,R10-Q10) -> 57 | U10: 5 | V10: =SUM(S10+N10+I10+D10) -> 275 | W10: ='Maldives at LG Daily'!I9 -> 2548 | Z10: 5 | AA10: =AB9 -> 38820 | AB10: 38841 | AC10: =AB10-AA10 -> 21 | AD10: =AC10-AC9 -> 5 | AF10: =AG9 -> 8407 | AG10: 8413 | AH10: =AG10-AF10 -> 6 | AI10: =AH10-AH9 -> 0 | AK10: =AL9 -> 6328 | AL10: 6336 | AM10: =AL10-AK10 -> 8 | AN10: =AM10-AM9 -> 2 | AP10: =AQ9 -> 14861 | AQ10: 14870 | AR10: =AQ10-AP10 -> 9 | AS10: =AR10-AR9 -> 1 | AU10: =AV9 -> 32491 | AV10: 32496 | AW10: =AV10-AU10 -> 5 | AX10: =AW10-AW9 -> -2 | AZ10: =BA9 -> 6611 | BA10: 6615 | BB10: =BA10-AZ10 -> 4 | BC10: =BB10-BB9 -> -3 | BE10: =BF9 -> 22826 | BF10: 22835 | BG10: =BF10-BE10 -> 9 | BH10: =BG10-BG9 -> 2 | BJ10: =BK9 -> 6938 | BK10: 6946 | BL10: =BK10-BJ10 -> 8 | BM10: =BL10-BL9 -> 0 | BO10: =BP9 -> 3487 | BP10: 3488 | BQ10: =BP10-BO10 -> 1 | BR10: =BQ10-BQ9 -> -1 | BT10: =BU9 -> 1552 | BU10: 1552 | BV10: =BU10-BT10 -> 0 | BW10: =BV10-BV9 -> 0 | BY10: =BZ9 -> 26829 | BZ10: 26831 | CA10: =BZ10-BY10 -> 2 | CB10: =CA10-CA9 -> -8 | CD10: =CE9 -> 2603 | CE10: 2608 | CF10: =CE10-CD10 -> 5 | CG10: =CF10-CF9 -> 2 | CI10: =CJ9 -> 73689 | CJ10: 73710 | CK10: =CJ10-CI10 -> 21 | CL10: =CK10-CK9 -> 1 | CN10: =CO9 -> 23509 | CO10: 23512 | CP10: =CO10-CN10 -> 3 | CQ10: =CP10-CP9 -> -1 | CS10: =CT9 -> 12479 | CT10: 12480 | CU10: =CT10-CS10 -> 1 | CV10: =CU10-CU9 -> 0 | CX10: =CY9 -> 17631 | CY10: 17634 | CZ10: =CY10-CX10 -> 3 | DA10: =CZ10-CZ9 -> -6 | DC10: =DD9 -> 19712 | DD10: 19714 | DE10: =DD10-DC10 -> 2 | DF10: =DE10-DE9 -> 0 | DH10: =DI9 -> 8639 | DI10: 8642 | DJ10: =DI10-DH10 -> 3 | DK10: =DJ10-DJ9 -> 1 | DM10: =DN9 -> 19440 | DN10: 19440 | DO10: =DN10-DM10 -> 0 | DP10: =DO10-DO9 -> 0 | DR10: =DS9 -> 1981 | DS10: 1983 | DT10: =DS10-DR10 -> 2 | DU10: =DT10-DT9 -> -1 | DW10: =DX9 -> 9720 | DX10: 9720 | DY10: =DX10-DW10 -> 0 | DZ10: =DY10-DY9 -> -11 | EB10: =EC9 -> 377 | EC10: 385 | ED10: =EC10-EB10 -> 8 | EE10: =EF9 -> 140 | EF10: 148 | EG10: =EF10-EE10 -> 8 | EH10: =EI9 -> 86 | EI10: 89 | EJ10: =EI10-EH10 -> 3 | EK10: =EL9 -> 114 | EL10: 117 | EM10: =EL10-EK10 -> 3 | EN10: =AH10+AM10+AR10+AW10+BB10+BG10+BL10+BQ10+BV10 -> 50 | EO10: =(EN10/V10)*100 -> 18.181818
A11: 6 | B11: =C10 -> 15503 | C11: 15506 | D11: =MAX(0,C11-B11) -> 3 | F11: 6 | G11: =H10 -> 13270 | H11: 13331 | I11: =MAX(0,H11-G11) -> 61 | K11: 6 | L11: =M10 -> 765406 | M11: 765631 | N11: =MAX(0,M11-L11) -> 225 | P11: 6 | Q11: =R10 -> 210993 | R11: 211068 | S11: =MAX(0,R11-Q11) -> 75 | U11: 6 | V11: =SUM(S11+N11+I11+D11) -> 364 | W11: ='Maldives at LG Daily'!I10 -> 6770 | Z11: 6 | AA11: =AB10 -> 38841 | AB11: 38851 | AC11: =AB11-AA11 -> 10 | AD11: =AC11-AC10 -> -11 | AF11: =AG10 -> 8413 | AG11: 8418 | AH11: =AG11-AF11 -> 5 | AI11: =AH11-AH10 -> -1 | AK11: =AL10 -> 6336 | AL11: 6344 | AM11: =AL11-AK11 -> 8 | AN11: =AM11-AM10 -> 0 | AP11: =AQ10 -> 14870 | AQ11: 14878 | AR11: =AQ11-AP11 -> 8 | AS11: =AR11-AR10 -> -1 | AU11: =AV10 -> 32496 | AV11: 32503 | AW11: =AV11-AU11 -> 7 | AX11: =AW11-AW10 -> 2 | AZ11: =BA10 -> 6615 | BA11: 6624 | BB11: =BA11-AZ11 -> 9 | BC11: =BB11-BB10 -> 5 | BE11: =BF10 -> 22835 | BF11: 22839 | BG11: =BF11-BE11 -> 4 | BH11: =BG11-BG10 -> -5 | BJ11: =BK10 -> 6946 | BK11: 6958 | BL11: =BK11-BJ11 -> 12 | BM11: =BL11-BL10 -> 4 | BO11: =BP10 -> 3488 | BP11: 3491 | BQ11: =BP11-BO11 -> 3 | BR11: =BQ11-BQ10 -> 2 | BT11: =BU10 -> 1552 | BU11: 1552 | BV11: =BU11-BT11 -> 0 | BW11: =BV11-BV10 -> 0 | BY11: =BZ10 -> 26831 | BZ11: 26836 | CA11: =BZ11-BY11 -> 5 | CB11: =CA11-CA10 -> 3 | CD11: =CE10 -> 2608 | CE11: 2608 | CF11: =CE11-CD11 -> 0 | CG11: =CF11-CF10 -> -5 | CI11: =CJ10 -> 73710 | CJ11: 73731 | CK11: =CJ11-CI11 -> 21 | CL11: =CK11-CK10 -> 0 | CN11: =CO10 -> 23512 | CO11: 23519 | CP11: =CO11-CN11 -> 7 | CQ11: =CP11-CP10 -> 4 | CS11: =CT10 -> 12480 | CT11: 12480 | CU11: =CT11-CS11 -> 0 | CV11: =CU11-CU10 -> -1 | CX11: =CY10 -> 17634 | CY11: 17636 | CZ11: =CY11-CX11 -> 2 | DA11: =CZ11-CZ10 -> -1 | DC11: =DD10 -> 19714 | DD11: 19715 | DE11: =DD11-DC11 -> 1 | DF11: =DE11-DE10 -> -1 | DH11: =DI10 -> 8642 | DI11: 8643 | DJ11: =DI11-DH11 -> 1 | DK11: =DJ11-DJ10 -> -2 | DM11: =DN10 -> 19440 | DN11: 19440 | DO11: =DN11-DM11 -> 0 | DP11: =DO11-DO10 -> 0 | DR11: =DS10 -> 1983 | DS11: 1985 | DT11: =DS11-DR11 -> 2 | DU11: =DT11-DT10 -> 0 | DW11: =DX10 -> 9720 | DX11: 9725 | DY11: =DX11-DW11 -> 5 | DZ11: =DY11-DY10 -> 5 | EB11: =EC10 -> 385 | EC11: 393 | ED11: =EC11-EB11 -> 8 | EE11: =EF10 -> 148 | EF11: 155 | EG11: =EF11-EE11 -> 7 | EH11: =EI10 -> 89 | EI11: 92 | EJ11: =EI11-EH11 -> 3 | EK11: =EL10 -> 117 | EL11: 121 | EM11: =EL11-EK11 -> 4 | EN11: =AH11+AM11+AR11+AW11+BB11+BG11+BL11+BQ11+BV11 -> 56 | EO11: =(EN11/V11)*100 -> 15.384615
A12: 7 | B12: =C11 -> 15506 | C12: 15506 | D12: =MAX(0,C12-B12) -> 0 | F12: 7 | G12: =H11 -> 13331 | H12: 13384 | I12: =MAX(0,H12-G12) -> 53 | K12: 7 | L12: =M11 -> 765631 | M12: 765849 | N12: =MAX(0,M12-L12) -> 218 | P12: 7 | Q12: =R11 -> 211068 | R12: 211120 | S12: =MAX(0,R12-Q12) -> 52 | U12: 7 | V12: =SUM(S12+N12+I12+D12) -> 323 | W12: ='Maldives at LG Daily'!I11 -> 2259 | Z12: 7 | AA12: =AB11 -> 38851 | AB12: 38866 | AC12: =AB12-AA12 -> 15 | AD12: =AC12-AC11 -> 5 | AF12: =AG11 -> 8418 | AG12: 8424 | AH12: =AG12-AF12 -> 6 | AI12: =AH12-AH11 -> 1 | AK12: =AL11 -> 6344 | AL12: 6349 | AM12: =AL12-AK12 -> 5 | AN12: =AM12-AM11 -> -3 | AP12: =AQ11 -> 14878 | AQ12: 14888 | AR12: =AQ12-AP12 -> 10 | AS12: =AR12-AR11 -> 2 | AU12: =AV11 -> 32503 | AV12: 32510 | AW12: =AV12-AU12 -> 7 | AX12: =AW12-AW11 -> 0 | AZ12: =BA11 -> 6624 | BA12: 6631 | BB12: =BA12-AZ12 -> 7 | BC12: =BB12-BB11 -> -2 | BE12: =BF11 -> 22839 | BF12: 22846 | BG12: =BF12-BE12 -> 7 | BH12: =BG12-BG11 -> 3 | BJ12: =BK11 -> 6958 | BK12: 6969 | BL12: =BK12-BJ12 -> 11 | BM12: =BL12-BL11 -> -1 | BO12: =BP11 -> 3491 | BP12: 3492 | BQ12: =BP12-BO12 -> 1 | BR12: =BQ12-BQ11 -> -2 | BT12: =BU11 -> 1552 | BU12: 1552 | BV12: =BU12-BT12 -> 0 | BW12: =BV12-BV11 -> 0 | BY12: =BZ11 -> 26836 | BZ12: 26838 | CA12: =BZ12-BY12 -> 2 | CB12: =CA12-CA11 -> -3 | CD12: =CE11 -> 2608 | CE12: 2610 | CF12: =CE12-CD12 -> 2 | CG12: =CF12-CF11 -> 2 | CI12: =CJ11 -> 73731 | CJ12: 73751 | CK12: =CJ12-CI12 -> 20 | CL12: =CK12-CK11 -> -1 | CN12: =CO11 -> 23519 | CO12: 23525 | CP12: =CO12-CN12 -> 6 | CQ12: =CP12-CP11 -> -1 | CS12: =CT11 -> 12480 | CT12: 12481 | CU12: =CT12-CS12 -> 1 | CV12: =CU12-CU11 -> 1 | CX12: =CY11 -> 17636 | CY12: 17640 | CZ12: =CY12-CX12 -> 4 | DA12: =CZ12-CZ11 -> 2 | DC12: =DD11 -> 19715 | DD12: 19717 | DE12: =DD12-DC12 -> 2 | DF12: =DE12-DE11 -> 1 | DH12: =DI11 -> 8643 | DI12: 8645 | DJ12: =DI12-DH12 -> 2 | DK12: =DJ12-DJ11 -> 1 | DM12: =DN11 -> 19440 | DN12: 19502 | DO12: =DN12-DM12 -> 62 | DP12: =DO12-DO11 -> 62 | DR12: =DS11 -> 1985 | DS12: 1986 | DT12: =DS12-DR12 -> 1 | DU12: =DT12-DT11 -> -1 | DW12: =DX11 -> 9725 | DX12: 9728 | DY12: =DX12-DW12 -> 3 | DZ12: =DY12-DY11 -> -2 | EB12: =EC11 -> 393 | EC12: 400 | ED12: =EC12-EB12 -> 7 | EE12: =EF11 -> 155 | EF12: 162 | EG12: =EF12-EE12 -> 7 | EH12: =EI11 -> 92 | EI12: 95 | EJ12: =EI12-EH12 -> 3 | EK12: =EL11 -> 121 | EL12: 126 | EM12: =EL12-EK12 -> 5 | EN12: =AH12+AM12+AR12+AW12+BB12+BG12+BL12+BQ12+BV12 -> 54 | EO12: =(EN12/V12)*100 -> 16.718266
A13: 8 | B13: =C12 -> 15506 | C13: 15506 | D13: =MAX(0,C13-B13) -> 0 | F13: 8 | G13: =H12 -> 13384 | H13: 13428 | I13: =MAX(0,H13-G13) -> 44 | K13: 8 | L13: =M12 -> 765849 | M13: 766060 | N13: =MAX(0,M13-L13) -> 211 | P13: 8 | Q13: =R12 -> 211120 | R13: 211202 | S13: =MAX(0,R13-Q13) -> 82 | U13: 8 | V13: =SUM(S13+N13+I13+D13) -> 337 | W13: ='Maldives at LG Daily'!I12 -> 1552 | Z13: 8 | AA13: =AB12 -> 38866 | AB13: 38883 | AC13: =AB13-AA13 -> 17 | AD13: =AC13-AC12 -> 2 | AF13: =AG12 -> 8424 | AG13: 8428 | AH13: =AG13-AF13 -> 4 | AI13: =AH13-AH12 -> -2 | AK13: =AL12 -> 6349 | AL13: 6351 | AM13: =AL13-AK13 -> 2 | AN13: =AM13-AM12 -> -3 | AP13: =AQ12 -> 14888 | AQ13: 14898 | AR13: =AQ13-AP13 -> 10 | AS13: =AR13-AR12 -> 0 | AU13: =AV12 -> 32510 | AV13: 32515 | AW13: =AV13-AU13 -> 5 | AX13: =AW13-AW12 -> -2 | AZ13: =BA12 -> 6631 | BA13: 6637 | BB13: =BA13-AZ13 -> 6 | BC13: =BB13-BB12 -> -1 | BE13: =BF12 -> 22846 | BF13: 22853 | BG13: =BF13-BE13 -> 7 | BH13: =BG13-BG12 -> 0 | BJ13: =BK12 -> 6969 | BK13: 6978 | BL13: =BK13-BJ13 -> 9 | BM13: =BL13-BL12 -> -2 | BO13: =BP12 -> 3492 | BP13: 3494 | BQ13: =BP13-BO13 -> 2 | BR13: =BQ13-BQ12 -> 1 | BT13: =BU12 -> 1552 | BU13: 1553 | BV13: =BU13-BT13 -> 1 | BW13: =BV13-BV12 -> 1 | BY13: =BZ12 -> 26838 | BZ13: 26840 | CA13: =BZ13-BY13 -> 2 | CB13: =CA13-CA12 -> 0 | CD13: =CE12 -> 2610 | CE13: 2617 | CF13: =CE13-CD13 -> 7 | CG13: =CF13-CF12 -> 5 | CI13: =CJ12 -> 73751 | CJ13: 73773 | CK13: =CJ13-CI13 -> 22 | CL13: =CK13-CK12 -> 2 | CN13: =CO12 -> 23525 | CO13: 23530 | CP13: =CO13-CN13 -> 5 | CQ13: =CP13-CP12 -> -1 | CS13: =CT12 -> 12481 | CT13: 12482 | CU13: =CT13-CS13 -> 1 | CV13: =CU13-CU12 -> 0 | CX13: =CY12 -> 17640 | CY13: 17642 | CZ13: =CY13-CX13 -> 2 | DA13: =CZ13-CZ12 -> -2 | DC13: =DD12 -> 19717 | DD13: 19718 | DE13: =DD13-DC13 -> 1 | DF13: =DE13-DE12 -> -1 | DH13: =DI12 -> 8645 | DI13: 8645 | DJ13: =DI13-DH13 -> 0 | DK13: =DJ13-DJ12 -> -2 | DM13: =DN12 -> 19502 | DN13: 19502 | DO13: =DN13-DM13 -> 0 | DP13: =DO13-DO12 -> -62 | DR13: =DS12 -> 1986 | DS13: 1988 | DT13: =DS13-DR13 -> 2 | DU13: =DT13-DT12 -> 1 | DW13: =DX12 -> 9728 | DX13: 9732 | DY13: =DX13-DW13 -> 4 | DZ13: =DY13-DY12 -> 1 | EB13: =EC12 -> 400 | EC13: 408 | ED13: =EC13-EB13 -> 8 | EE13: =EF12 -> 162 | EF13: 169 | EG13: =EF13-EE13 -> 7 | EH13: =EI12 -> 95 | EI13: 98 | EJ13: =EI13-EH13 -> 3 | EK13: =EL12 -> 126 | EL13: 127 | EM13: =EL13-EK13 -> 1 | EN13: =AH13+AM13+AR13+AW13+BB13+BG13+BL13+BQ13+BV13 -> 46 | EO13: =(EN13/V13)*100 -> 13.649852
A14: 9 | B14: =C13 -> 15506 | C14: 15509 | D14: =MAX(0,C14-B14) -> 3 | F14: 9 | G14: =H13 -> 13428 | H14: 13534 | I14: =MAX(0,H14-G14) -> 106 | K14: 9 | L14: =M13 -> 766060 | M14: 766272 | N14: =MAX(0,M14-L14) -> 212 | P14: 9 | Q14: =R13 -> 211202 | R14: 211228 | S14: =MAX(0,R14-Q14) -> 26 | U14: 9 | V14: =SUM(S14+N14+I14+D14) -> 347 | W14: ='Maldives at LG Daily'!I13 -> 3348 | Z14: 9 | AA14: =AB13 -> 38883 | AB14: 38897 | AC14: =AB14-AA14 -> 14 | AD14: =AC14-AC13 -> -3 | AF14: =AG13 -> 8428 | AG14: 8433 | AH14: =AG14-AF14 -> 5 | AI14: =AH14-AH13 -> 1 | AK14: =AL13 -> 6351 | AL14: 6353 | AM14: =AL14-AK14 -> 2 | AN14: =AM14-AM13 -> 0 | AP14: =AQ13 -> 14898 | AQ14: 14909 | AR14: =AQ14-AP14 -> 11 | AS14: =AR14-AR13 -> 1 | AU14: =AV13 -> 32515 | AV14: 32523 | AW14: =AV14-AU14 -> 8 | AX14: =AW14-AW13 -> 3 | AZ14: =BA13 -> 6637 | BA14: 6644 | BB14: =BA14-AZ14 -> 7 | BC14: =BB14-BB13 -> 1 | BE14: =BF13 -> 22853 | BF14: 22862 | BG14: =BF14-BE14 -> 9 | BH14: =BG14-BG13 -> 2 | BJ14: =BK13 -> 6978 | BK14: 6987 | BL14: =BK14-BJ14 -> 9 | BM14: =BL14-BL13 -> 0 | BO14: =BP13 -> 3494 | BP14: 3495 | BQ14: =BP14-BO14 -> 1 | BR14: =BQ14-BQ13 -> -1 | BT14: =BU13 -> 1553 | BU14: 1555 | BV14: =BU14-BT14 -> 2 | BW14: =BV14-BV13 -> 1 | BY14: =BZ13 -> 26840 | BZ14: 26847 | CA14: =BZ14-BY14 -> 7 | CB14: =CA14-CA13 -> 5 | CD14: =CE13 -> 2617 | CE14: 2617 | CF14: =CE14-CD14 -> 0 | CG14: =CF14-CF13 -> -7 | CI14: =CJ13 -> 73773 | CJ14: 73796 | CK14: =CJ14-CI14 -> 23 | CL14: =CK14-CK13 -> 1 | CN14: =CO13 -> 23530 | CO14: 23536 | CP14: =CO14-CN14 -> 6 | CQ14: =CP14-CP13 -> 1 | CS14: =CT13 -> 12482 | CT14: 12482 | CU14: =CT14-CS14 -> 0 | CV14: =CU14-CU13 -> -1 | CX14: =CY13 -> 17642 | CY14: 17646 | CZ14: =CY14-CX14 -> 4 | DA14: =CZ14-CZ13 -> 2 | DC14: =DD13 -> 19718 | DD14: 19720 | DE14: =DD14-DC14 -> 2 | DF14: =DE14-DE13 -> 1 | DH14: =DI13 -> 8645 | DI14: 8646 | DJ14: =DI14-DH14 -> 1 | DK14: =DJ14-DJ13 -> 1 | DM14: =DN13 -> 19502 | DN14: 19502 | DO14: =DN14-DM14 -> 0 | DP14: =DO14-DO13 -> 0 | DR14: =DS13 -> 1988 | DS14: 1990 | DT14: =DS14-DR14 -> 2 | DU14: =DT14-DT13 -> 0 | DW14: =DX13 -> 9732 | DX14: 9743 | DY14: =DX14-DW14 -> 11 | DZ14: =DY14-DY13 -> 7 | EB14: =EC13 -> 408 | EC14: 408 | ED14: =EC14-EB14 -> 0 | EE14: =EF13 -> 169 | EF14: 176 | EG14: =EF14-EE14 -> 7 | EH14: =EI13 -> 98 | EI14: 100 | EJ14: =EI14-EH14 -> 2 | EK14: =EL13 -> 127 | EL14: 127 | EM14: =EL14-EK14 -> 0 | EN14: =AH14+AM14+AR14+AW14+BB14+BG14+BL14+BQ14+BV14 -> 54 | EO14: =(EN14/V14)*100 -> 15.56196
A15: 10 | B15: =C14 -> 15509 | C15: 15509 | D15: =MAX(0,C15-B15) -> 0 | F15: 10 | G15: =H14 -> 13534 | H15: 13599 | I15: =MAX(0,H15-G15) -> 65 | K15: 10 | L15: =M14 -> 766272 | M15: 766491 | N15: =MAX(0,M15-L15) -> 219 | P15: 10 | Q15: =R14 -> 211228 | R15: 211318 | S15: =MAX(0,R15-Q15) -> 90 | U15: 10 | V15: =SUM(S15+N15+I15+D15) -> 374 | W15: ='Maldives at LG Daily'!I14 -> 5298 | Z15: 10 | AA15: =AB14 -> 38897 | AB15: 38913 | AC15: =AB15-AA15 -> 16 | AD15: =AC15-AC14 -> 2 | AF15: =AG14 -> 8433 | AG15: 8438 | AH15: =AG15-AF15 -> 5 | AI15: =AH15-AH14 -> 0 | AK15: =AL14 -> 6353 | AL15: 6370 | AM15: =AL15-AK15 -> 17 | AN15: =AM15-AM14 -> 15 | AP15: =AQ14 -> 14909 | AQ15: 14917 | AR15: =AQ15-AP15 -> 8 | AS15: =AR15-AR14 -> -3 | AU15: =AV14 -> 32523 | AV15: 32528 | AW15: =AV15-AU15 -> 5 | AX15: =AW15-AW14 -> -3 | AZ15: =BA14 -> 6644 | BA15: 6650 | BB15: =BA15-AZ15 -> 6 | BC15: =BB15-BB14 -> -1 | BE15: =BF14 -> 22862 | BF15: 22871 | BG15: =BF15-BE15 -> 9 | BH15: =BG15-BG14 -> 0 | BJ15: =BK14 -> 6987 | BK15: 6994 | BL15: =BK15-BJ15 -> 7 | BM15: =BL15-BL14 -> -2 | BO15: =BP14 -> 3495 | BP15: 3496 | BQ15: =BP15-BO15 -> 1 | BR15: =BQ15-BQ14 -> 0 | BT15: =BU14 -> 1555 | BU15: 1555 | BV15: =BU15-BT15 -> 0 | BW15: =BV15-BV14 -> -2 | BY15: =BZ14 -> 26847 | BZ15: 26849 | CA15: =BZ15-BY15 -> 2 | CB15: =CA15-CA14 -> -5 | CD15: =CE14 -> 2617 | CE15: 2618 | CF15: =CE15-CD15 -> 1 | CG15: =CF15-CF14 -> 1 | CI15: =CJ14 -> 73796 | CJ15: 73819 | CK15: =CJ15-CI15 -> 23 | CL15: =CK15-CK14 -> 0 | CN15: =CO14 -> 23536 | CO15: 23541 | CP15: 0 | CQ15: =CP15-CP14 -> -6 | CS15: =CT14 -> 12482 | CT15: 12483 | CU15: =CT15-CS15 -> 1 | CV15: =CU15-CU14 -> 1 | CX15: =CY14 -> 17646 | CY15: 17650 | CZ15: =CY15-CX15 -> 4 | DA15: =CZ15-CZ14 -> 0 | DC15: =DD14 -> 19720 | DD15: 19722 | DE15: =DD15-DC15 -> 2 | DF15: =DE15-DE14 -> 0 | DH15: =DI14 -> 8646 | DI15: 8649 | DJ15: =DI15-DH15 -> 3 | DK15: =DJ15-DJ14 -> 2 | DM15: =DN14 -> 19502 | DN15: 19547 | DO15: =DN15-DM15 -> 45 | DP15: =DO15-DO14 -> 45 | DR15: =DS14 -> 1990 | DS15: 1992 | DT15: =DS15-DR15 -> 2 | DU15: =DT15-DT14 -> 0 | DW15: =DX14 -> 9743 | DX15: 9747 | DY15: =DX15-DW15 -> 4 | DZ15: =DY15-DY14 -> -7 | EB15: =EC14 -> 408 | EC15: 425 | ED15: =EC15-EB15 -> 17 | EE15: =EF14 -> 176 | EF15: 185 | EG15: =EF15-EE15 -> 9 | EH15: =EI14 -> 100 | EI15: 103 | EJ15: =EI15-EH15 -> 3 | EK15: =EL14 -> 127 | EL15: 135 | EM15: =EL15-EK15 -> 8 | EN15: =AH15+AM15+AR15+AW15+BB15+BG15+BL15+BQ15+BV15 -> 58 | EO15: =(EN15/V15)*100 -> 15.508021
A16: 11 | B16: =C15 -> 15509 | C16: 15509 | D16: =MAX(0,C16-B16) -> 0 | F16: 11 | G16: =H15 -> 13599 | H16: 13690 | I16: =MAX(0,H16-G16) -> 91 | K16: 11 | L16: =M15 -> 766491 | M16: 766700 | N16: =MAX(0,M16-L16) -> 209 | P16: 11 | Q16: =R15 -> 211318 | R16: 211390 | S16: =MAX(0,R16-Q16) -> 72 | U16: 11 | V16: =SUM(S16+N16+I16+D16) -> 372 | W16: ='Maldives at LG Daily'!I15 -> 422 | Z16: 11 | AA16: =AB15 -> 38913 | AB16: 38928 | AC16: =AB16-AA16 -> 15 | AD16: =AC16-AC15 -> -1 | AF16: =AG15 -> 8438 | AG16: 8444 | AH16: =AG16-AF16 -> 6 | AI16: =AH16-AH15 -> 1 | AK16: =AL15 -> 6370 | AL16: 6384 | AM16: =AL16-AK16 -> 14 | AN16: =AM16-AM15 -> -3 | AP16: =AQ15 -> 14917 | AQ16: 14931 | AR16: =AQ16-AP16 -> 14 | AS16: =AR16-AR15 -> 6 | AU16: =AV15 -> 32528 | AV16: 32532 | AW16: =AV16-AU16 -> 4 | AX16: =AW16-AW15 -> -1 | AZ16: =BA15 -> 6650 | BA16: 6658 | BB16: =BA16-AZ16 -> 8 | BC16: =BB16-BB15 -> 2 | BE16: =BF15 -> 22871 | BF16: 22879 | BG16: =BF16-BE16 -> 8 | BH16: =BG16-BG15 -> -1 | BJ16: =BK15 -> 6994 | BK16: 7002 | BL16: =BK16-BJ16 -> 8 | BM16: =BL16-BL15 -> 1 | BO16: =BP15 -> 3496 | BP16: 3499 | BQ16: =BP16-BO16 -> 3 | BR16: =BQ16-BQ15 -> 2 | BT16: =BU15 -> 1555 | BU16: 1558 | BV16: =BU16-BT16 -> 3 | BW16: =BV16-BV15 -> 3 | BY16: =BZ15 -> 26849 | BZ16: 26857 | CA16: =BZ16-BY16 -> 8 | CB16: =CA16-CA15 -> 6 | CD16: =CE15 -> 2618 | CE16: 2621 | CF16: =CE16-CD16 -> 3 | CG16: =CF16-CF15 -> 2 | CI16: =CJ15 -> 73819 | CJ16: 73844 | CK16: =CJ16-CI16 -> 25 | CL16: =CK16-CK15 -> 2 | CN16: =CO15 -> 23541 | CO16: 23545 | CP16: =CO16-CN16 -> 4 | CQ16: =CP16-CP15 -> 4 | CS16: =CT15 -> 12483 | CT16: 12483 | CU16: =CT16-CS16 -> 0 | CV16: =CU16-CU15 -> -1 | CX16: =CY15 -> 17650 | CY16: 17657 | CZ16: =CY16-CX16 -> 7 | DA16: =CZ16-CZ15 -> 3 | DC16: =DD15 -> 19722 | DD16: 19725 | DE16: =DD16-DC16 -> 3 | DF16: =DE16-DE15 -> 1 | DH16: =DI15 -> 8649 | DI16: 8650 | DJ16: =DI16-DH16 -> 1 | DK16: =DJ16-DJ15 -> -2 | DM16: =DN15 -> 19547 | DN16: 19559 | DO16: =DN16-DM16 -> 12 | DP16: =DO16-DO15 -> -33 | DR16: =DS15 -> 1992 | DS16: 1993 | DT16: =DS16-DR16 -> 1 | DU16: =DT16-DT15 -> -1 | DW16: =DX15 -> 9747 | DX16: 9784 | DY16: =DX16-DW16 -> 37 | DZ16: =DY16-DY15 -> 33 | EB16: =EC15 -> 425 | EC16: 433 | ED16: =EC16-EB16 -> 8 | EE16: =EF15 -> 185 | EF16: 191 | EG16: =EF16-EE16 -> 6 | EH16: =EI15 -> 103 | EI16: 107 | EJ16: =EI16-EH16 -> 4 | EK16: =EL15 -> 135 | EL16: 138 | EM16: =EL16-EK16 -> 3 | EN16: =AH16+AM16+AR16+AW16+BB16+BG16+BL16+BQ16+BV16 -> 68 | EO16: =(EN16/V16)*100 -> 18.27957
A17: 12 | B17: =C16 -> 15509 | C17: 15509 | D17: =MAX(0,C17-B17) -> 0 | F17: 12 | G17: =H16 -> 13690 | H17: 13751 | I17: =MAX(0,H17-G17) -> 61 | K17: 12 | L17: =M16 -> 766700 | M17: 766975 | N17: =MAX(0,M17-L17) -> 275 | P17: 12 | Q17: =R16 -> 211390 | R17: 211470 | S17: =MAX(0,R17-Q17) -> 80 | U17: 12 | V17: =SUM(S17+N17+I17+D17) -> 416 | W17: ='Maldives at LG Daily'!I16 -> 0 | Z17: 12 | AA17: =AB16 -> 38928 | AB17: 38944 | AC17: =AB17-AA17 -> 16 | AD17: =AC17-AC16 -> 1 | AF17: =AG16 -> 8444 | AG17: 8450 | AH17: =AG17-AF17 -> 6 | AI17: =AH17-AH16 -> 0 | AK17: =AL16 -> 6384 | AL17: 6391 | AM17: =AL17-AK17 -> 7 | AN17: =AM17-AM16 -> -7 | AP17: =AQ16 -> 14931 | AQ17: 14941 | AR17: =AQ17-AP17 -> 10 | AS17: =AR17-AR16 -> -4 | AU17: =AV16 -> 32532 | AV17: 32541 | AW17: =AV17-AU17 -> 9 | AX17: =AW17-AW16 -> 5 | AZ17: =BA16 -> 6658 | BA17: 6664 | BB17: =BA17-AZ17 -> 6 | BC17: =BB17-BB16 -> -2 | BE17: =BF16 -> 22879 | BF17: =22879+8 -> 22887 | BG17: =BF17-BE17 -> 8 | BH17: =BG17-BG16 -> 0 | BJ17: =BK16 -> 7002 | BK17: 7009 | BL17: =BK17-BJ17 -> 7 | BM17: =BL17-BL16 -> -1 | BO17: =BP16 -> 3499 | BP17: 3500 | BQ17: =BP17-BO17 -> 1 | BR17: =BQ17-BQ16 -> -2 | BT17: =BU16 -> 1558 | BU17: 1558 | BV17: =BU17-BT17 -> 0 | BW17: =BV17-BV16 -> -3 | BY17: =BZ16 -> 26857 | BZ17: 26865 | CA17: =BZ17-BY17 -> 8 | CB17: =CA17-CA16 -> 0 | CD17: =CE16 -> 2621 | CE17: 2627 | CF17: =CE17-CD17 -> 6 | CG17: =CF17-CF16 -> 3 | CI17: =CJ16 -> 73844 | CJ17: 73868 | CK17: =CJ17-CI17 -> 24 | CL17: =CK17-CK16 -> -1 | CN17: =CO16 -> 23545 | CO17: 23550 | CP17: =CO17-CN17 -> 5 | CQ17: =CP17-CP16 -> 1 | CS17: =CT16 -> 12483 | CT17: 12484 | CU17: =CT17-CS17 -> 1 | CV17: =CU17-CU16 -> 1 | CX17: =CY16 -> 17657 | CY17: 17665 | CZ17: =CY17-CX17 -> 8 | DA17: =CZ17-CZ16 -> 1 | DC17: =DD16 -> 19725 | DD17: 19727 | DE17: =DD17-DC17 -> 2 | DF17: =DE17-DE16 -> -1 | DH17: =DI16 -> 8650 | DI17: 8652 | DJ17: =DI17-DH17 -> 2 | DK17: =DJ17-DJ16 -> 1 | DM17: =DN16 -> 19559 | DN17: 19571 | DO17: =DN17-DM17 -> 12 | DP17: =DO17-DO16 -> 0 | DR17: =DS16 -> 1993 | DS17: 1996 | DT17: =DS17-DR17 -> 3 | DU17: =DT17-DT16 -> 2 | DW17: =DX16 -> 9784 | DX17: 9801 | DY17: =DX17-DW17 -> 17 | DZ17: =DY17-DY16 -> -20 | EB17: =EC16 -> 433 | EC17: 442 | ED17: =EC17-EB17 -> 9 | EE17: =EF16 -> 191 | EF17: 198 | EG17: =EF17-EE17 -> 7 | EH17: =EI16 -> 107 | EI17: 109 | EJ17: =EI17-EH17 -> 2 | EK17: =EL16 -> 138 | EL17: 142 | EM17: =EL17-EK17 -> 4 | EN17: =AH17+AM17+AR17+AW17+BB17+BG17+BL17+BQ17+BV17 -> 54 | EO17: =(EN17/V17)*100 -> 12.980769
A18: 13 | B18: =C17 -> 15509 | C18: 15509 | D18: =MAX(0,C18-B18) -> 0 | F18: 13 | G18: =H17 -> 13751 | H18: 13859 | I18: =MAX(0,H18-G18) -> 108 | K18: 13 | L18: =M17 -> 766975 | M18: 767242 | N18: =MAX(0,M18-L18) -> 267 | P18: 13 | Q18: =R17 -> 211470 | R18: 211471 | S18: =MAX(0,R18-Q18) -> 1 | U18: 13 | V18: =SUM(S18+N18+I18+D18) -> 376 | W18: ='Maldives at LG Daily'!I17 -> 4600 | Z18: 13 | AA18: =AB17 -> 38944 | AB18: 38959 | AC18: =AB18-AA18 -> 15 | AD18: =AC18-AC17 -> -1 | AF18: =AG17 -> 8450 | AG18: 8454 | AH18: =AG18-AF18 -> 4 | AI18: =AH18-AH17 -> -2 | AK18: =AL17 -> 6391 | AL18: 6398 | AM18: =AL18-AK18 -> 7 | AN18: =AM18-AM17 -> 0 | AP18: =AQ17 -> 14941 | AQ18: 14956 | AR18: =AQ18-AP18 -> 15 | AS18: =AR18-AR17 -> 5 | AU18: =AV17 -> 32541 | AV18: 32549 | AW18: =AV18-AU18 -> 8 | AX18: =AW18-AW17 -> -1 | AZ18: =BA17 -> 6664 | BA18: 6670 | BB18: =BA18-AZ18 -> 6 | BC18: =BB18-BB17 -> 0 | BE18: =BF17 -> 22887 | BF18: =22887+9 -> 22896 | BG18: =BF18-BE18 -> 9 | BH18: =BG18-BG17 -> 1 | BJ18: =BK17 -> 7009 | BK18: 7018 | BL18: =BK18-BJ18 -> 9 | BM18: =BL18-BL17 -> 2 | BO18: =BP17 -> 3500 | BP18: 3502 | BQ18: =BP18-BO18 -> 2 | BR18: =BQ18-BQ17 -> 1 | BT18: =BU17 -> 1558 | BU18: 1559 | BV18: =BU18-BT18 -> 1 | BW18: =BV18-BV17 -> 1 | BY18: =BZ17 -> 26865 | BZ18: 26868 | CA18: =BZ18-BY18 -> 3 | CB18: =CA18-CA17 -> -5 | CD18: =CE17 -> 2627 | CE18: 2630 | CF18: =CE18-CD18 -> 3 | CG18: =CF18-CF17 -> -3 | CI18: =CJ17 -> 73868 | CJ18: 73891 | CK18: =CJ18-CI18 -> 23 | CL18: =CK18-CK17 -> -1 | CN18: =CO17 -> 23550 | CO18: 23554 | CP18: =CO18-CN18 -> 4 | CQ18: =CP18-CP17 -> -1 | CS18: =CT17 -> 12484 | CT18: 12484 | CU18: =CT18-CS18 -> 0 | CV18: =CU18-CU17 -> -1 | CX18: =CY17 -> 17665 | CY18: 17677 | CZ18: =CY18-CX18 -> 12 | DA18: =CZ18-CZ17 -> 4 | DC18: =DD17 -> 19727 | DD18: 19729 | DE18: =DD18-DC18 -> 2 | DF18: =DE18-DE17 -> 0 | DH18: =DI17 -> 8652 | DI18: 8654 | DJ18: =DI18-DH18 -> 2 | DK18: =DJ18-DJ17 -> 0 | DM18: =DN17 -> 19571 | DN18: 19586 | DO18: =DN18-DM18 -> 15 | DP18: =DO18-DO17 -> 3 | DR18: =DS17 -> 1996 | DS18: 1998 | DT18: =DS18-DR18 -> 2 | DU18: =DT18-DT17 -> -1 | DW18: =DX17 -> 9801 | DX18: 9802 | DY18: =DX18-DW18 -> 1 | DZ18: =DY18-DY17 -> -16 | EB18: =EC17 -> 442 | EC18: 451 | ED18: =EC18-EB18 -> 9 | EE18: =EF17 -> 198 | EF18: 205 | EG18: =EF18-EE18 -> 7 | EH18: =EI17 -> 109 | EI18: 112 | EJ18: =EI18-EH18 -> 3 | EK18: =EL17 -> 142 | EL18: 146 | EM18: =EL18-EK18 -> 4 | EN18: =AH18+AM18+AR18+AW18+BB18+BG18+BL18+BQ18+BV18 -> 61 | EO18: =(EN18/V18)*100 -> 16.223404
A19: 14 | B19: =C18 -> 15509 | C19: 15509 | D19: =MAX(0,C19-B19) -> 0 | F19: 14 | G19: =H18 -> 13859 | H19: 13921 | I19: =MAX(0,H19-G19) -> 62 | K19: 14 | L19: =M18 -> 767242 | M19: 767480 | N19: =MAX(0,M19-L19) -> 238 | P19: 14 | Q19: =R18 -> 211471 | R19: 211547 | S19: =MAX(0,R19-Q19) -> 76 | U19: 14 | V19: =SUM(S19+N19+I19+D19) -> 376 | W19: ='Maldives at LG Daily'!I18 -> 2029 | Z19: 14 | AA19: =AB18 -> 38959 | AB19: 38976 | AC19: =AB19-AA19 -> 17 | AD19: =AC19-AC18 -> 2 | AF19: =AG18 -> 8454 | AG19: 8460 | AH19: =AG19-AF19 -> 6 | AI19: =AH19-AH18 -> 2 | AK19: =AL18 -> 6398 | AL19: 6409 | AM19: =AL19-AK19 -> 11 | AN19: =AM19-AM18 -> 4 | AP19: =AQ18 -> 14956 | AQ19: 14967 | AR19: =AQ19-AP19 -> 11 | AS19: =AR19-AR18 -> -4 | AU19: =AV18 -> 32549 | AV19: 32555 | AW19: =AV19-AU19 -> 6 | AX19: =AW19-AW18 -> -2 | AZ19: =BA18 -> 6670 | BA19: 6677 | BB19: =BA19-AZ19 -> 7 | BC19: =BB19-BB18 -> 1 | BE19: =BF18 -> 22896 | BF19: 22912 | BG19: =BF19-BE19 -> 16 | BH19: =BG19-BG18 -> 7 | BJ19: =BK18 -> 7018 | BK19: 7028 | BL19: =BK19-BJ19 -> 10 | BM19: =BL19-BL18 -> 1 | BO19: =BP18 -> 3502 | BP19: 3503 | BQ19: =BP19-BO19 -> 1 | BR19: =BQ19-BQ18 -> -1 | BT19: =BU18 -> 1559 | BU19: 1559 | BV19: =BU19-BT19 -> 0 | BW19: =BV19-BV18 -> -1 | BY19: =BZ18 -> 26868 | BZ19: 26874 | CA19: =BZ19-BY19 -> 6 | CB19: =CA19-CA18 -> 3 | CD19: =CE18 -> 2630 | CE19: 2633 | CF19: =CE19-CD19 -> 3 | CG19: =CF19-CF18 -> 0 | CI19: =CJ18 -> 73891 | CJ19: 73915 | CK19: =CJ19-CI19 -> 24 | CL19: =CK19-CK18 -> 1 | CN19: =CO18 -> 23554 | CO19: 23558 | CP19: =CO19-CN19 -> 4 | CQ19: =CP19-CP18 -> 0 | CS19: =CT18 -> 12484 | CT19: 12485 | CU19: =CT19-CS19 -> 1 | CV19: =CU19-CU18 -> 1 | CX19: =CY18 -> 17677 | CY19: 17679 | CZ19: =CY19-CX19 -> 2 | DA19: =CZ19-CZ18 -> -10 | DC19: =DD18 -> 19729 | DD19: 19735 | DE19: =DD19-DC19 -> 6 | DF19: =DE19-DE18 -> 4 | DH19: =DI18 -> 8654 | DI19: 8656 | DJ19: =DI19-DH19 -> 2 | DK19: =DJ19-DJ18 -> 0 | DM19: =DN18 -> 19586 | DN19: 19607 | DO19: =DN19-DM19 -> 21 | DP19: =DO19-DO18 -> 6 | DR19: =DS18 -> 1998 | DS19: 2000 | DT19: =DS19-DR19 -> 2 | DU19: =DT19-DT18 -> 0 | DW19: =DX18 -> 9802 | DX19: 9803 | DY19: =DX19-DW19 -> 1 | DZ19: =DY19-DY18 -> 0 | EB19: =EC18 -> 451 | EC19: 459 | ED19: =EC19-EB19 -> 8 | EE19: =EF18 -> 205 | EF19: 211 | EG19: =EF19-EE19 -> 6 | EH19: =EI18 -> 112 | EI19: 114 | EJ19: =EI19-EH19 -> 2 | EK19: =EL18 -> 146 | EL19: 150 | EM19: =EL19-EK19 -> 4 | EN19: =AH19+AM19+AR19+AW19+BB19+BG19+BL19+BQ19+BV19 -> 68 | EO19: =(EN19/V19)*100 -> 18.085106
A20: 15 | B20: =C19 -> 15509 | C20: 15536 | D20: =MAX(0,C20-B20) -> 27 | F20: 15 | G20: =H19 -> 13921 | H20: 13992 | I20: =MAX(0,H20-G20) -> 71 | K20: 15 | L20: =M19 -> 767480 | M20: 767727 | N20: =MAX(0,M20-L20) -> 247 | P20: 15 | Q20: =R19 -> 211547 | R20: 211608 | S20: =MAX(0,R20-Q20) -> 61 | U20: 15 | V20: =SUM(S20+N20+I20+D20) -> 406 | W20: ='Maldives at LG Daily'!I19 -> 63 | Z20: 15 | AA20: =AB19 -> 38976 | AB20: 38993 | AC20: =AB20-AA20 -> 17 | AD20: =AC20-AC19 -> 0 | AF20: =AG19 -> 8460 | AG20: 8466 | AH20: =AG20-AF20 -> 6 | AI20: =AH20-AH19 -> 0 | AK20: =AL19 -> 6409 | AL20: 6416 | AM20: =AL20-AK20 -> 7 | AN20: =AM20-AM19 -> -4 | AP20: =AQ19 -> 14967 | AQ20: 14978 | AR20: =AQ20-AP20 -> 11 | AS20: =AR20-AR19 -> 0 | AU20: =AV19 -> 32555 | AV20: 32562 | AW20: =AV20-AU20 -> 7 | AX20: =AW20-AW19 -> 1 | AZ20: =BA19 -> 6677 | BA20: 6684 | BB20: =BA20-AZ20 -> 7 | BC20: =BB20-BB19 -> 0 | BE20: =BF19 -> 22912 | BF20: 22921 | BG20: =BF20-BE20 -> 9 | BH20: =BG20-BG19 -> -7 | BJ20: =BK19 -> 7028 | BK20: 7037 | BL20: =BK20-BJ20 -> 9 | BM20: =BL20-BL19 -> -1 | BO20: =BP19 -> 3503 | BP20: 3506 | BQ20: =BP20-BO20 -> 3 | BR20: =BQ20-BQ19 -> 2 | BT20: =BU19 -> 1559 | BU20: 1561 | BV20: =BU20-BT20 -> 2 | BW20: =BV20-BV19 -> 2 | BY20: =BZ19 -> 26874 | BZ20: 26886 | CA20: =BZ20-BY20 -> 12 | CB20: =CA20-CA19 -> 6 | CD20: =CE19 -> 2633 | CE20: 2641 | CF20: =CE20-CD20 -> 8 | CG20: =CF20-CF19 -> 5 | CI20: =CJ19 -> 73915 | CJ20: 73937 | CK20: =CJ20-CI20 -> 22 | CL20: =CK20-CK19 -> -2 | CN20: =CO19 -> 23558 | CO20: 23564 | CP20: =CO20-CN20 -> 6 | CQ20: =CP20-CP19 -> 2 | CS20: =CT19 -> 12485 | CT20: 12486 | CU20: =CT20-CS20 -> 1 | CV20: =CU20-CU19 -> 0 | CX20: =CY19 -> 17679 | CY20: 17684 | CZ20: =CY20-CX20 -> 5 | DA20: =CZ20-CZ19 -> 3 | DC20: =DD19 -> 19735 | DD20: 19737 | DE20: =DD20-DC20 -> 2 | DF20: =DE20-DE19 -> -4 | DH20: =DI19 -> 8656 | DI20: 8658 | DJ20: =DI20-DH20 -> 2 | DK20: =DJ20-DJ19 -> 0 | DM20: =DN19 -> 19607 | DN20: 19618 | DO20: =DN20-DM20 -> 11 | DP20: =DO20-DO19 -> -10 | DR20: =DS19 -> 2000 | DS20: 2001 | DT20: =DS20-DR20 -> 1 | DU20: =DT20-DT19 -> -1 | DW20: =DX19 -> 9803 | DX20: 9804 | DY20: =DX20-DW20 -> 1 | DZ20: =DY20-DY19 -> 0 | EB20: =EC19 -> 459 | EC20: 468 | ED20: =EC20-EB20 -> 9 | EE20: =EF19 -> 211 | EF20: 218 | EG20: =EF20-EE20 -> 7 | EH20: =EI19 -> 114 | EI20: 117 | EJ20: =EI20-EH20 -> 3 | EK20: =EL19 -> 150 | EL20: 155 | EM20: =EL20-EK20 -> 5 | EN20: =AH20+AM20+AR20+AW20+BB20+BG20+BL20+BQ20+BV20 -> 61 | EO20: =(EN20/V20)*100 -> 15.024631
A21: 16 | B21: =C20 -> 15536 | C21: 15599 | D21: =MAX(0,C21-B21) -> 63 | F21: 16 | G21: =H20 -> 13992 | H21: 13992 | I21: =MAX(0,H21-G21) -> 0 | K21: 16 | L21: =M20 -> 767727 | M21: 768005 | N21: =MAX(0,M21-L21) -> 278 | P21: 16 | Q21: =R20 -> 211608 | R21: 211693 | S21: =MAX(0,R21-Q21) -> 85 | U21: 16 | V21: =SUM(S21+N21+I21+D21) -> 426 | W21: ='Maldives at LG Daily'!I20 -> 0 | Z21: 16 | AA21: =AB20 -> 38993 | AB21: 39012 | AC21: =AB21-AA21 -> 19 | AD21: =AC21-AC20 -> 2 | AF21: =AG20 -> 8466 | AG21: 8471 | AH21: =AG21-AF21 -> 5 | AI21: =AH21-AH20 -> -1 | AK21: =AL20 -> 6416 | AL21: 6424 | AM21: =AL21-AK21 -> 8 | AN21: =AM21-AM20 -> 1 | AP21: =AQ20 -> 14978 | AQ21: 14990 | AR21: =AQ21-AP21 -> 12 | AS21: =AR21-AR20 -> 1 | AU21: =AV20 -> 32562 | AV21: 32569 | AW21: =AV21-AU21 -> 7 | AX21: =AW21-AW20 -> 0 | AZ21: =BA20 -> 6684 | BA21: 6691 | BB21: =BA21-AZ21 -> 7 | BC21: =BB21-BB20 -> 0 | BE21: =BF20 -> 22921 | BF21: 22932 | BG21: =BF21-BE21 -> 11 | BH21: =BG21-BG20 -> 2 | BJ21: =BK20 -> 7037 | BK21: 7046 | BL21: =BK21-BJ21 -> 9 | BM21: =BL21-BL20 -> 0 | BO21: =BP20 -> 3506 | BP21: 3508 | BQ21: =BP21-BO21 -> 2 | BR21: =BQ21-BQ20 -> -1 | BT21: =BU20 -> 1561 | BU21: 1562 | BV21: =BU21-BT21 -> 1 | BW21: =BV21-BV20 -> -1 | BY21: =BZ20 -> 26886 | BZ21: 26888 | CA21: =BZ21-BY21 -> 2 | CB21: =CA21-CA20 -> -10 | CD21: =CE20 -> 2641 | CE21: 2643 | CF21: =CE21-CD21 -> 2 | CG21: =CF21-CF20 -> -6 | CI21: =CJ20 -> 73937 | CJ21: 73966 | CK21: =CJ21-CI21 -> 29 | CL21: =CK21-CK20 -> 7 | CN21: =CO20 -> 23564 | CO21: 23569 | CP21: =CO21-CN21 -> 5 | CQ21: =CP21-CP20 -> -1 | CS21: =CT20 -> 12486 | CT21: 12487 | CU21: =CT21-CS21 -> 1 | CV21: =CU21-CU20 -> 0 | CX21: =CY20 -> 17684 | CY21: 17693 | CZ21: =CY21-CX21 -> 9 | DA21: =CZ21-CZ20 -> 4 | DC21: =DD20 -> 19737 | DD21: 19741 | DE21: =DD21-DC21 -> 4 | DF21: =DE21-DE20 -> 2 | DH21: =DI20 -> 8658 | DI21: 8659 | DJ21: =DI21-DH21 -> 1 | DK21: =DJ21-DJ20 -> -1 | DM21: =DN20 -> 19618 | DN21: 19640 | DO21: =DN21-DM21 -> 22 | DP21: =DO21-DO20 -> 11 | DR21: =DS20 -> 2001 | DS21: 2002 | DT21: =DS21-DR21 -> 1 | DU21: =DT21-DT20 -> 0 | DW21: =DX20 -> 9804 | DX21: 9807 | DY21: =DX21-DW21 -> 3 | DZ21: =DY21-DY20 -> 2 | EB21: =EC20 -> 468 | EC21: 480 | ED21: =EC21-EB21 -> 12 | EE21: =EF20 -> 218 | EF21: 226 | EG21: =EF21-EE21 -> 8 | EH21: =EI20 -> 117 | EI21: 120 | EJ21: =EI21-EH21 -> 3 | EK21: =EL20 -> 155 | EL21: 160 | EM21: =EL21-EK21 -> 5 | EN21: =AH21+AM21+AR21+AW21+BB21+BG21+BL21+BQ21+BV21 -> 62 | EO21: =(EN21/V21)*100 -> 14.553991
