Workbook

Sheet TOTAL
A1: Site Name | B1: Day | C1: Month | D1: Year | E1: Total Electricity Kwh | F1: Electricity Tariff ($/Kwh) | G1: Natual Gas (m3) | H1: Natural Gas $/m3 | I1: Water Utility Supply (m3) m3 | J1: Water Utility Supply (m3) $/m3 | K1: Room Nights | L1: Total Guests
A2: Taormina | B2: 1 | C2: 11 | D2: 2022 | E2: =IF(('DAILY READINGS'!B7-'DAILY READINGS'!B6)>0,('DAILY READINGS'!B7-'DAILY READINGS'!B6),0) -> 5058 | F2: 0.27 | G2: =IF(('DAILY READINGS'!D7-'DAILY READINGS'!D6)+('DAILY READINGS'!E7-'DAILY READINGS'!E6)>0,('DAILY READINGS'!D7-'DAILY READINGS'!D6)+('DAILY READINGS'!E7-'DAILY READINGS'!E6),0) -> 262 | H2: 1.5 | I2: =IF(('DAILY READINGS'!F7-'DAILY READINGS'!F6)+('DAILY READINGS'!G7-'DAILY READINGS'!G6)+('DAILY READINGS'!H7-'DAILY READINGS'!H6)+('DAILY READINGS'!I7-'DAILY READINGS'!I6)+('DAILY READINGS'!J7-'DAILY READINGS'!J6)>0,('DAILY READINGS'!F7-'DAILY READINGS'!F6)+('DAILY READINGS'!G7-'DAILY READINGS'!G6)+('DAILY READINGS'!H7-'DAILY READINGS'!H6)+('DAILY READINGS'!I7-'DAILY READINGS'!I6)+('DAILY READINGS'!J7-'DAILY READINGS'!J6),0) -> 61 | J2: 1.45 | K2: ='DAILY READINGS'!K7 -> 49 | L2: ='DAILY READINGS'!L7 -> 92
A3: Taormina | B3: =B2+1 -> 2 | C3: 11 | D3: 2022 | E3: =IF(('DAILY READINGS'!B8-'DAILY READINGS'!B7)>0,('DAILY READINGS'!B8-'DAILY READINGS'!B7),0) -> 6068 | F3: 0.27 | G3: =IF(('DAILY READINGS'!D8-'DAILY READINGS'!D7)+('DAILY READINGS'!E8-'DAILY READINGS'!E7)>0,('DAILY READINGS'!D8-'DAILY READINGS'!D7)+('DAILY READINGS'!E8-'DAILY READINGS'!E7),0) -> 291 | H3: 1.5 | I3: =IF(('DAILY READINGS'!F8-'DAILY READINGS'!F7)+('DAILY READINGS'!G8-'DAILY READINGS'!G7)+('DAILY READINGS'!H8-'DAILY READINGS'!H7)+('DAILY READINGS'!I8-'DAILY READINGS'!I7)+('DAILY READINGS'!J8-'DAILY READINGS'!J7)>0,('DAILY READINGS'!F8-'DAILY READINGS'!F7)+('DAILY READINGS'!G8-'DAILY READINGS'!G7)+('DAILY READINGS'!H8-'DAILY READINGS'!H7)+('DAILY READINGS'!I8-'DAILY READINGS'!I7)+('DAILY READINGS'!J8-'DAILY READINGS'!J7),0) -> 79 | J3: 1.45 | K3: ='DAILY READINGS'!K8 -> 52 | L3: ='DAILY READINGS'!L8 -> 98
A4: Taormina | B4: =B3+1 -> 3 | C4: 11 | D4: 2022 | E4: =IF(('DAILY READINGS'!B9-'DAILY READINGS'!B8)>0,('DAILY READINGS'!B9-'DAILY READINGS'!B8),0) -> 6132 | F4: 0.27 | G4: =IF(('DAILY READINGS'!D9-'DAILY READINGS'!D8)+('DAILY READINGS'!E9-'DAILY READINGS'!E8)>0,('DAILY READINGS'!D9-'DAILY READINGS'!D8)+('DAILY READINGS'!E9-'DAILY READINGS'!E8),0) -> 280 | H4: 1.5 | I4: =IF(('DAILY READINGS'!F9-'DAILY READINGS'!F8)+('DAILY READINGS'!G9-'DAILY READINGS'!G8)+('DAILY READINGS'!H9-'DAILY READINGS'!H8)+('DAILY READINGS'!I9-'DAILY READINGS'!I8)+('DAILY READINGS'!J9-'DAILY READINGS'!J8)>0,('DAILY READINGS'!F9-'DAILY READINGS'!F8)+('DAILY READINGS'!G9-'DAILY READINGS'!G8)+('DAILY READINGS'!H9-'DAILY READINGS'!H8)+('DAILY READINGS'!I9-'DAILY READINGS'!I8)+('DAILY READINGS'!J9-'DAILY READINGS'!J8),0) -> 80 | J4: 1.45 | K4: ='DAILY READINGS'!K9 -> 51 | L4: ='DAILY READINGS'!L9 -> 100
A5: Taormina | B5: =B4+1 -> 4 | C5: 11 | D5: 2022 | E5: =IF(('DAILY READINGS'!B10-'DAILY READINGS'!B9)>0,('DAILY READINGS'!B10-'DAILY READINGS'!B9),0) -> 5042 | F5: 0.27 | G5: =IF(('DAILY READINGS'!D10-'DAILY READINGS'!D9)+('DAILY READINGS'!E10-'DAILY READINGS'!E9)>0,('DAILY READINGS'!D10-'DAILY READINGS'!D9)+('DAILY READINGS'!E10-'DAILY READINGS'!E9),0) -> 282 | H5: 1.5 | I5: =IF(('DAILY READINGS'!F10-'DAILY READINGS'!F9)+('DAILY READINGS'!G10-'DAILY READINGS'!G9)+('DAILY READINGS'!H10-'DAILY READINGS'!H9)+('DAILY READINGS'!I10-'DAILY READINGS'!I9)+('DAILY READINGS'!J10-'DAILY READINGS'!J9)>0,('DAILY READINGS'!F10-'DAILY READINGS'!F9)+('DAILY READINGS'!G10-'DAILY READINGS'!G9)+('DAILY READINGS'!H10-'DAILY READINGS'!H9)+('DAILY READINGS'!I10-'DAILY READINGS'!I9)+('DAILY READINGS'!J10-'DAILY READINGS'!J9),0) -> 50 | J5: 1.45 | K5: ='DAILY READINGS'!K10 -> 55 | L5: ='DAILY READINGS'!L10 -> 99
A6: Taormina | B6: =B5+1 -> 5 | C6: 11 | D6: 2022 | E6: =IF(('DAILY READINGS'!B11-'DAILY READINGS'!B10)>0,('DAILY READINGS'!B11-'DAILY READINGS'!B10),0) -> 6116 | F6: 0.27 | G6: =IF(('DAILY READINGS'!D11-'DAILY READINGS'!D10)+('DAILY READINGS'!E11-'DAILY READINGS'!E10)>0,('DAILY READINGS'!D11-'DAILY READINGS'!D10)+('DAILY READINGS'!E11-'DAILY READINGS'!E10),0) -> 421 | H6: 1.5 | I6: =IF(('DAILY READINGS'!F11-'DAILY READINGS'!F10)+('DAILY READINGS'!G11-'DAILY READINGS'!G10)+('DAILY READINGS'!H11-'DAILY READINGS'!H10)+('DAILY READINGS'!I11-'DAILY READINGS'!I10)+('DAILY READINGS'!J11-'DAILY READINGS'!J10)>0,('DAILY READINGS'!F11-'DAILY READINGS'!F10)+('DAILY READINGS'!G11-'DAILY READINGS'!G10)+('DAILY READINGS'!H11-'DAILY READINGS'!H10)+('DAILY READINGS'!I11-'DAILY READINGS'!I10)+('DAILY READINGS'!J11-'DAILY READINGS'!J10),0) -> 130 | J6: 1.45 | K6: ='DAILY READINGS'!K11 -> 45 | L6: ='DAILY READINGS'!L11 -> 79
A7: Taormina | B7: =B6+1 -> 6 | C7: 11 | D7: 2022 | E7: =IF(('DAILY READINGS'!B12-'DAILY READINGS'!B11)>0,('DAILY READINGS'!B12-'DAILY READINGS'!B11),0) -> 5500 | F7: 0.27 | G7: =IF(('DAILY READINGS'!D12-'DAILY READINGS'!D11)+('DAILY READINGS'!E12-'DAILY READINGS'!E11)>0,('DAILY READINGS'!D12-'DAILY READINGS'!D11)+('DAILY READINGS'!E12-'DAILY READINGS'!E11),0) -> 344 | H7: 1.5 | I7: =IF(('DAILY READINGS'!F12-'DAILY READINGS'!F11)+('DAILY READINGS'!G12-'DAILY READINGS'!G11)+('DAILY READINGS'!H12-'DAILY READINGS'!H11)+('DAILY READINGS'!I12-'DAILY READINGS'!I11)+('DAILY READINGS'!J12-'DAILY READINGS'!J11)>0,('DAILY READINGS'!F12-'DAILY READINGS'!F11)+('DAILY READINGS'!G12-'DAILY READINGS'!G11)+('DAILY READINGS'!H12-'DAILY READINGS'!H11)+('DAILY READINGS'!I12-'DAILY READINGS'!I11)+('DAILY READINGS'!J12-'DAILY READINGS'!J11),0) -> 73 | J7: 1.45 | K7: ='DAILY READINGS'!K12 -> 28 | L7: ='DAILY READINGS'!L12 -> 44
A8: Taormina | B8: =B7+1 -> 7 | C8: 11 | D8: 2022 | E8: =IF(('DAILY READINGS'!B13-'DAILY READINGS'!B12)>0,('DAILY READINGS'!B13-'DAILY READINGS'!B12),0) -> 6262 | F8: 0.27 | G8: =IF(('DAILY READINGS'!D13-'DAILY READINGS'!D12)+('DAILY READINGS'!E13-'DAILY READINGS'!E12)>0,('DAILY READINGS'!D13-'DAILY READINGS'!D12)+('DAILY READINGS'!E13-'DAILY READINGS'!E12),0) -> 372 | H8: 1.5 | I8: =IF(('DAILY READINGS'!F13-'DAILY READINGS'!F12)+('DAILY READINGS'!G13-'DAILY READINGS'!G12)+('DAILY READINGS'!H13-'DAILY READINGS'!H12)+('DAILY READINGS'!I13-'DAILY READINGS'!I12)+('DAILY READINGS'!J13-'DAILY READINGS'!J12)>0,('DAILY READINGS'!F13-'DAILY READINGS'!F12)+('DAILY READINGS'!G13-'DAILY READINGS'!G12)+('DAILY READINGS'!H13-'DAILY READINGS'!H12)+('DAILY READINGS'!I13-'DAILY READINGS'!I12)+('DAILY READINGS'!J13-'DAILY READINGS'!J12),0) -> 95 | J8: 1.45 | K8: ='DAILY READINGS'!K13 -> 54 | L8: ='DAILY READINGS'!L13 -> 71
A9: Taormina | B9: =B8+1 -> 8 | C9: 11 | D9: 2022 | E9: =IF(('DAILY READINGS'!B14-'DAILY READINGS'!B13)>0,('DAILY READINGS'!B14-'DAILY READINGS'!B13),0) -> 5922 | F9: 0.27 | G9: =IF(('DAILY READINGS'!D14-'DAILY READINGS'!D13)+('DAILY READINGS'!E14-'DAILY READINGS'!E13)>0,('DAILY READINGS'!D14-'DAILY READINGS'!D13)+('DAILY READINGS'!E14-'DAILY READINGS'!E13),0) -> 350 | H9: 1.5 | I9: =IF(('DAILY READINGS'!F14-'DAILY READINGS'!F13)+('DAILY READINGS'!G14-'DAILY READINGS'!G13)+('DAILY READINGS'!H14-'DAILY READINGS'!H13)+('DAILY READINGS'!I14-'DAILY READINGS'!I13)+('DAILY READINGS'!J14-'DAILY READINGS'!J13)>0,('DAILY READINGS'!F14-'DAILY READINGS'!F13)+('DAILY READINGS'!G14-'DAILY READINGS'!G13)+('DAILY READINGS'!H14-'DAILY READINGS'!H13)+('DAILY READINGS'!I14-'DAILY READINGS'!I13)+('DAILY READINGS'!J14-'DAILY READINGS'!J13),0) -> 77 | J9: 1.45 | K9: ='DAILY READINGS'!K14 -> 105 | L9: ='DAILY READINGS'!L14 -> 150
A10: Taormina | B10: =B9+1 -> 9 | C10: 11 | D10: 2022 | E10: =IF(('DAILY READINGS'!B15-'DAILY READINGS'!B14)>0,('DAILY READINGS'!B15-'DAILY READINGS'!B14),0) -> 5834 | F10: 0.27 | G10: =IF(('DAILY READINGS'!D15-'DAILY READINGS'!D14)+('DAILY READINGS'!E15-'DAILY READINGS'!E14)>0,('DAILY READINGS'!D15-'DAILY READINGS'!D14)+('DAILY READINGS'!E15-'DAILY READINGS'!E14),0) -> 325 | H10: 1.5 | I10: =IF(('DAILY READINGS'!F15-'DAILY READINGS'!F14)+('DAILY READINGS'!G15-'DAILY READINGS'!G14)+('DAILY READINGS'!H15-'DAILY READINGS'!H14)+('DAILY READINGS'!I15-'DAILY READINGS'!I14)+('DAILY READINGS'!J15-'DAILY READINGS'!J14)>0,('DAILY READINGS'!F15-'DAILY READINGS'!F14)+('DAILY READINGS'!G15-'DAILY READINGS'!G14)+('DAILY READINGS'!H15-'DAILY READINGS'!H14)+('DAILY READINGS'!I15-'DAILY READINGS'!I14)+('DAILY READINGS'!J15-'DAILY READINGS'!J14),0) -> 62 | J10: 1.45 | K10: ='DAILY READINGS'!K15 -> 98 | L10: ='DAILY READINGS'!L15 -> 144
A11: Taormina | B11: =B10+1 -> 10 | C11: 11 | D11: 2022 | E11: =IF(('DAILY READINGS'!B16-'DAILY READINGS'!B15)>0,('DAILY READINGS'!B16-'DAILY READINGS'!B15),0) -> 6502 | F11: 0.27 | G11: =IF(('DAILY READINGS'!D16-'DAILY READINGS'!D15)+('DAILY READINGS'!E16-'DAILY READINGS'!E15)>0,('DAILY READINGS'!D16-'DAILY READINGS'!D15)+('DAILY READINGS'!E16-'DAILY READINGS'!E15),0) -> 338 | H11: 1.5 | I11: =IF(('DAILY READINGS'!F16-'DAILY READINGS'!F15)+('DAILY READINGS'!G16-'DAILY READINGS'!G15)+('DAILY READINGS'!H16-'DAILY READINGS'!H15)+('DAILY READINGS'!I16-'DAILY READINGS'!I15)+('DAILY READINGS'!J16-'DAILY READINGS'!J15)>0,('DAILY READINGS'!F16-'DAILY READINGS'!F15)+('DAILY READINGS'!G16-'DAILY READINGS'!G15)+('DAILY READINGS'!H16-'DAILY READINGS'!H15)+('DAILY READINGS'!I16-'DAILY READINGS'!I15)+('DAILY READINGS'!J16-'DAILY READINGS'!J15),0) -> 51 | J11: 1.45 | K11: ='DAILY READINGS'!K16 -> 87 | L11: ='DAILY READINGS'!L16 -> 135
A12: Taormina | B12: =B11+1 -> 11 | C12: 11 | D12: 2022 | E12: =IF(('DAILY READINGS'!B17-'DAILY READINGS'!B16)>0,('DAILY READINGS'!B17-'DAILY READINGS'!B16),0) -> 5662 | F12: 0.27 | G12: =IF(('DAILY READINGS'!D17-'DAILY READINGS'!D16)+('DAILY READINGS'!E17-'DAILY READINGS'!E16)>0,('DAILY READINGS'!D17-'DAILY READINGS'!D16)+('DAILY READINGS'!E17-'DAILY READINGS'!E16),0) -> 342 | H12: 1.5 | I12: =IF(('DAILY READINGS'!F17-'DAILY READINGS'!F16)+('DAILY READINGS'!G17-'DAILY READINGS'!G16)+('DAILY READINGS'!H17-'DAILY READINGS'!H16)+('DAILY READINGS'!I17-'DAILY READINGS'!I16)+('DAILY READINGS'!J17-'DAILY READINGS'!J16)>0,('DAILY READINGS'!F17-'DAILY READINGS'!F16)+('DAILY READINGS'!G17-'DAILY READINGS'!G16)+('DAILY READINGS'!H17-'DAILY READINGS'!H16)+('DAILY READINGS'!I17-'DAILY READINGS'!I16)+('DAILY READINGS'!J17-'DAILY READINGS'!J16),0) -> 164 | J12: 1.45 | K12: ='DAILY READINGS'!K17 -> 91 | L12: ='DAILY READINGS'!L17 -> 146
A13: Taormina | B13: =B12+1 -> 12 | C13: 11 | D13: 2022 | E13: =IF(('DAILY READINGS'!B18-'DAILY READINGS'!B17)>0,('DAILY READINGS'!B18-'DAILY READINGS'!B17),0) -> 4840 | F13: 0.27 | G13: =IF(('DAILY READINGS'!D18-'DAILY READINGS'!D17)+('DAILY READINGS'!E18-'DAILY READINGS'!E17)>0,('DAILY READINGS'!D18-'DAILY READINGS'!D17)+('DAILY READINGS'!E18-'DAILY READINGS'!E17),0) -> 346 | H13: 1.5 | I13: =IF(('DAILY READINGS'!F18-'DAILY READINGS'!F17)+('DAILY READINGS'!G18-'DAILY READINGS'!G17)+('DAILY READINGS'!H18-'DAILY READINGS'!H17)+('DAILY READINGS'!I18-'DAILY READINGS'!I17)+('DAILY READINGS'!J18-'DAILY READINGS'!J17)>0,('DAILY READINGS'!F18-'DAILY READINGS'!F17)+('DAILY READINGS'!G18-'DAILY READINGS'!G17)+('DAILY READINGS'!H18-'DAILY READINGS'!H17)+('DAILY READINGS'!I18-'DAILY READINGS'!I17)+('DAILY READINGS'!J18-'DAILY READINGS'!J17),0) -> 62 | J13: 1.45 | K13: ='DAILY READINGS'!K18 -> 52 | L13: ='DAILY READINGS'!L18 -> 89
A14: Taormina | B14: =B13+1 -> 13 | C14: 11 | D14: 2022 | E14: =IF(('DAILY READINGS'!B19-'DAILY READINGS'!B18)>0,('DAILY READINGS'!B19-'DAILY READINGS'!B18),0) -> 5778 | F14: 0.27 | G14: =IF(('DAILY READINGS'!D19-'DAILY READINGS'!D18)+('DAILY READINGS'!E19-'DAILY READINGS'!E18)>0,('DAILY READINGS'!D19-'DAILY READINGS'!D18)+('DAILY READINGS'!E19-'DAILY READINGS'!E18),0) -> 381 | H14: 1.5 | I14: =IF(('DAILY READINGS'!F19-'DAILY READINGS'!F18)+('DAILY READINGS'!G19-'DAILY READINGS'!G18)+('DAILY READINGS'!H19-'DAILY READINGS'!H18)+('DAILY READINGS'!I19-'DAILY READINGS'!I18)+('DAILY READINGS'!J19-'DAILY READINGS'!J18)>0,('DAILY READINGS'!F19-'DAILY READINGS'!F18)+('DAILY READINGS'!G19-'DAILY READINGS'!G18)+('DAILY READINGS'!H19-'DAILY READINGS'!H18)+('DAILY READINGS'!I19-'DAILY READINGS'!I18)+('DAILY READINGS'!J19-'DAILY READINGS'!J18),0) -> 87 | J14: 1.45 | K14: 82 | L14: ='DAILY READINGS'!L19 -> 47
A15: Taormina | B15: =B14+1 -> 14 | C15: 11 | D15: 2022 | E15: =IF(('DAILY READINGS'!B20-'DAILY READINGS'!B19)>0,('DAILY READINGS'!B20-'DAILY READINGS'!B19),0) -> 5742 | F15: 0.27 | G15: =IF(('DAILY READINGS'!D20-'DAILY READINGS'!D19)+('DAILY READINGS'!E20-'DAILY READINGS'!E19)>0,('DAILY READINGS'!D20-'DAILY READINGS'!D19)+('DAILY READINGS'!E20-'DAILY READINGS'!E19),0) -> 250 | H15: 1.5 | I15: =IF(('DAILY READINGS'!F20-'DAILY READINGS'!F19)+('DAILY READINGS'!G20-'DAILY READINGS'!G19)+('DAILY READINGS'!H20-'DAILY READINGS'!H19)+('DAILY READINGS'!I20-'DAILY READINGS'!I19)+('DAILY READINGS'!J20-'DAILY READINGS'!J19)>0,('DAILY READINGS'!F20-'DAILY READINGS'!F19)+('DAILY READINGS'!G20-'DAILY READINGS'!G19)+('DAILY READINGS'!H20-'DAILY READINGS'!H19)+('DAILY READINGS'!I20-'DAILY READINGS'!I19)+('DAILY READINGS'!J20-'DAILY READINGS'!J19),0) -> 80 | J15: 1.45 | K15: ='DAILY READINGS'!K20 -> 31 | L15: ='DAILY READINGS'!L20 -> 44
A16: Taormina | B16: =B15+1 -> 15 | C16: 11 | D16: 2022 | E16: =IF(('DAILY READINGS'!B21-'DAILY READINGS'!B20)>0,('DAILY READINGS'!B21-'DAILY READINGS'!B20),0) -> 5582 | F16: 0.27 | G16: =IF(('DAILY READINGS'!D21-'DAILY READINGS'!D20)+('DAILY READINGS'!E21-'DAILY READINGS'!E20)>0,('DAILY READINGS'!D21-'DAILY READINGS'!D20)+('DAILY READINGS'!E21-'DAILY READINGS'!E20),0) -> 233 | H16: 1.5 | I16: =IF(('DAILY READINGS'!F21-'DAILY READINGS'!F20)+('DAILY READINGS'!G21-'DAILY READINGS'!G20)+('DAILY READINGS'!H21-'DAILY READINGS'!H20)+('DAILY READINGS'!I21-'DAILY READINGS'!I20)+('DAILY READINGS'!J21-'DAILY READINGS'!J20)>0,('DAILY READINGS'!F21-'DAILY READINGS'!F20)+('DAILY READINGS'!G21-'DAILY READINGS'!G20)+('DAILY READINGS'!H21-'DAILY READINGS'!H20)+('DAILY READINGS'!I21-'DAILY READINGS'!I20)+('DAILY READINGS'!J21-'DAILY READINGS'!J20),0) -> 53 | J16: 1.45 | K16: ='DAILY READINGS'!K21 -> 23 | L16: ='DAILY READINGS'!L21 -> 32
A17: Taormina | B17: =B16+1 -> 16 | C17: 11 | D17: 2022 | E17: =IF(('DAILY READINGS'!B22-'DAILY READINGS'!B21)>0,('DAILY READINGS'!B22-'DAILY READINGS'!B21),0) -> 4528 | F17: 0.27 | G17: =IF(('DAILY READINGS'!D22-'DAILY READINGS'!D21)+('DAILY READINGS'!E22-'DAILY READINGS'!E21)>0,('DAILY READINGS'!D22-'DAILY READINGS'!D21)+('DAILY READINGS'!E22-'DAILY READINGS'!E21),0) -> 177 | H17: 1.5 | I17: =IF(('DAILY READINGS'!F22-'DAILY READINGS'!F21)+('DAILY READINGS'!G22-'DAILY READINGS'!G21)+('DAILY READINGS'!H22-'DAILY READINGS'!H21)+('DAILY READINGS'!I22-'DAILY READINGS'!I21)+('DAILY READINGS'!J22-'DAILY READINGS'!J21)>0,('DAILY READINGS'!F22-'DAILY READINGS'!F21)+('DAILY READINGS'!G22-'DAILY READINGS'!G21)+('DAILY READINGS'!H22-'DAILY READINGS'!H21)+('DAILY READINGS'!I22-'DAILY READINGS'!I21)+('DAILY READINGS'!J22-'DAILY READINGS'!J21),0) -> 99 | J17: 1.45 | K17: ='DAILY READINGS'!K22 -> 14 | L17: ='DAILY READINGS'!L22 -> 25
A18: Taormina | B18: =B17+1 -> 17 | C18: 11 | D18: 2022 | E18: =IF(('DAILY READINGS'!B23-'DAILY READINGS'!B22)>0,('DAILY READINGS'!B23-'DAILY READINGS'!B22),0) -> 4178 | F18: 0.27 | G18: =IF(('DAILY READINGS'!D23-'DAILY READINGS'!D22)+('DAILY READINGS'!E23-'DAILY READINGS'!E22)>0,('DAILY READINGS'!D23-'DAILY READINGS'!D22)+('DAILY READINGS'!E23-'DAILY READINGS'!E22),0) -> 183 | H18: 1.5 | I18: =IF(('DAILY READINGS'!F23-'DAILY READINGS'!F22)+('DAILY READINGS'!G23-'DAILY READINGS'!G22)+('DAILY READINGS'!H23-'DAILY READINGS'!H22)+('DAILY READINGS'!I23-'DAILY READINGS'!I22)+('DAILY READINGS'!J23-'DAILY READINGS'!J22)>0,('DAILY READINGS'!F23-'DAILY READINGS'!F22)+('DAILY READINGS'!G23-'DAILY READINGS'!G22)+('DAILY READINGS'!H23-'DAILY READINGS'!H22)+('DAILY READINGS'!I23-'DAILY READINGS'!I22)+('DAILY READINGS'!J23-'DAILY READINGS'!J22),0) -> 46 | J18: 1.45 | K18: ='DAILY READINGS'!K23 -> 21 | L18: ='DAILY READINGS'!L23 -> 34
A19: Taormina | B19: =B18+1 -> 18 | C19: 11 | D19: 2022 | E19: =IF(('DAILY READINGS'!B24-'DAILY READINGS'!B23)>0,('DAILY READINGS'!B24-'DAILY READINGS'!B23),0) -> 4446 | F19: 0.27 | G19: =IF(('DAILY READINGS'!D24-'DAILY READINGS'!D23)+('DAILY READINGS'!E24-'DAILY READINGS'!E23)>0,('DAILY READINGS'!D24-'DAILY READINGS'!D23)+('DAILY READINGS'!E24-'DAILY READINGS'!E23),0) -> 199 | H19: 1.5 | I19: =IF(('DAILY READINGS'!F24-'DAILY READINGS'!F23)+('DAILY READINGS'!G24-'DAILY READINGS'!G23)+('DAILY READINGS'!H24-'DAILY READINGS'!H23)+('DAILY READINGS'!I24-'DAILY READINGS'!I23)+('DAILY READINGS'!J24-'DAILY READINGS'!J23)>0,('DAILY READINGS'!F24-'DAILY READINGS'!F23)+('DAILY READINGS'!G24-'DAILY READINGS'!G23)+('DAILY READINGS'!H24-'DAILY READINGS'!H23)+('DAILY READINGS'!I24-'DAILY READINGS'!I23)+('DAILY READINGS'!J24-'DAILY READINGS'!J23),0) -> 37 | J19: 1.45 | K19: ='DAILY READINGS'!K24 -> 19 | L19: ='DAILY READINGS'!L24 -> 35
A20: Taormina | B20: =B19+1 -> 19 | C20: 11 | D20: 2022 | E20: =IF(('DAILY READINGS'!B25-'DAILY READINGS'!B24)>0,('DAILY READINGS'!B25-'DAILY READINGS'!B24),0) -> 3526 | F20: 0.27 | G20: =IF(('DAILY READINGS'!D25-'DAILY READINGS'!D24)+('DAILY READINGS'!E25-'DAILY READINGS'!E24)>0,('DAILY READINGS'!D25-'DAILY READINGS'!D24)+('DAILY READINGS'!E25-'DAILY READINGS'!E24),0) -> 174 | H20: 1.5 | I20: =IF(('DAILY READINGS'!F25-'DAILY READINGS'!F24)+('DAILY READINGS'!G25-'DAILY READINGS'!G24)+('DAILY READINGS'!H25-'DAILY READINGS'!H24)+('DAILY READINGS'!I25-'DAILY READINGS'!I24)+('DAILY READINGS'!J25-'DAILY READINGS'!J24)>0,('DAILY READINGS'!F25-'DAILY READINGS'!F24)+('DAILY READINGS'!G25-'DAILY READINGS'!G24)+('DAILY READINGS'!H25-'DAILY READINGS'!H24)+('DAILY READINGS'!I25-'DAILY READINGS'!I24)+('DAILY READINGS'!J25-'DAILY READINGS'!J24),0) -> 40 | J20: 1.45 | K20: ='DAILY READINGS'!K25 -> 18 | L20: ='DAILY READINGS'!L25 -> 35
A21: Taormina | B21: =B20+1 -> 20 | C21: 11 | D21: 2022 | E21: =IF(('DAILY READINGS'!B26-'DAILY READINGS'!B25)>0,('DAILY READINGS'!B26-'DAILY READINGS'!B25),0) -> 4870 | F21: 0.27 | G21: =IF(('DAILY READINGS'!D26-'DAILY READINGS'!D25)+('DAILY READINGS'!E26-'DAILY READINGS'!E25)>0,('DAILY READINGS'!D26-'DAILY READINGS'!D25)+('DAILY READINGS'!E26-'DAILY READINGS'!E25),0) -> 219 | H21: 1.5 | I21: =IF(('DAILY READINGS'!F26-'DAILY READINGS'!F25)+('DAILY READINGS'!G26-'DAILY READINGS'!G25)+('DAILY READINGS'!H26-'DAILY READINGS'!H25)+('DAILY READINGS'!I26-'DAILY READINGS'!I25)+('DAILY READINGS'!J26-'DAILY READINGS'!J25)>0,('DAILY READINGS'!F26-'DAILY READINGS'!F25)+('DAILY READINGS'!G26-'DAILY READINGS'!G25)+('DAILY READINGS'!H26-'DAILY READINGS'!H25)+('DAILY READINGS'!I26-'DAILY READINGS'!I25)+('DAILY READINGS'!J26-'DAILY READINGS'!J25),0) -> 45 | J21: 1.45 | K21: ='DAILY READINGS'!K26 -> 15 | L21: ='DAILY READINGS'!L26 -> 27
A22: Taormina | B22: =B21+1 -> 21 | C22: 11 | D22: 2022 | E22: =IF(('DAILY READINGS'!B27-'DAILY READINGS'!B26)>0,('DAILY READINGS'!B27-'DAILY READINGS'!B26),0) -> 4110 | F22: 0.27 | G22: =IF(('DAILY READINGS'!D27-'DAILY READINGS'!D26)+('DAILY READINGS'!E27-'DAILY READINGS'!E26)>0,('DAILY READINGS'!D27-'DAILY READINGS'!D26)+('DAILY READINGS'!E27-'DAILY READINGS'!E26),0) -> 193 | H22: 1.5 | I22: =IF(('DAILY READINGS'!F27-'DAILY READINGS'!F26)+('DAILY READINGS'!G27-'DAILY READINGS'!G26)+('DAILY READINGS'!H27-'DAILY READINGS'!H26)+('DAILY READINGS'!I27-'DAILY READINGS'!I26)+('DAILY READINGS'!J27-'DAILY READINGS'!J26)>0,('DAILY READINGS'!F27-'DAILY READINGS'!F26)+('DAILY READINGS'!G27-'DAILY READINGS'!G26)+('DAILY READINGS'!H27-'DAILY READINGS'!H26)+('DAILY READINGS'!I27-'DAILY READINGS'!I26)+('DAILY READINGS'!J27-'DAILY READINGS'!J26),0) -> 22 | J22: 1.45 | K22: ='DAILY READINGS'!K27 -> 14 | L22: ='DAILY READINGS'!L27 -> 29
A23: Taormina | B23: =B22+1 -> 22 | C23: 11 | D23: 2022 | E23: =IF(('DAILY READINGS'!B28-'DAILY READINGS'!B27)>0,('DAILY READINGS'!B28-'DAILY READINGS'!B27),0) -> 4156 | F23: 0.27 | G23: =IF(('DAILY READINGS'!D28-'DAILY READINGS'!D27)+('DAILY READINGS'!E28-'DAILY READINGS'!E27)>0,('DAILY READINGS'!D28-'DAILY READINGS'!D27)+('DAILY READINGS'!E28-'DAILY READINGS'!E27),0) -> 182 | H23: 1.5 | I23: =IF(('DAILY READINGS'!F28-'DAILY READINGS'!F27)+('DAILY READINGS'!G28-'DAILY READINGS'!G27)+('DAILY READINGS'!H28-'DAILY READINGS'!H27)+('DAILY READINGS'!I28-'DAILY READINGS'!I27)+('DAILY READINGS'!J28-'DAILY READINGS'!J27)>0,('DAILY READINGS'!F28-'DAILY READINGS'!F27)+('DAILY READINGS'!G28-'DAILY READINGS'!G27)+('DAILY READINGS'!H28-'DAILY READINGS'!H27)+('DAILY READINGS'!I28-'DAILY READINGS'!I27)+('DAILY READINGS'!J28-'DAILY READINGS'!J27),0) -> 41 | J23: 1.45 | K23: ='DAILY READINGS'!K28 -> 12 | L23: ='DAILY READINGS'!L28 -> 27
A24: Taormina | B24: =B23+1 -> 23 | C24: 11 | D24: 2022 | E24: =IF(('DAILY READINGS'!B29-'DAILY READINGS'!B28)>0,('DAILY READINGS'!B29-'DAILY READINGS'!B28),0) -> 4058 | F24: 0.27 | G24: =IF(('DAILY READINGS'!D29-'DAILY READINGS'!D28)+('DAILY READINGS'!E29-'DAILY READINGS'!E28)>0,('DAILY READINGS'!D29-'DAILY READINGS'!D28)+('DAILY READINGS'!E29-'DAILY READINGS'!E28),0) -> 163 | H24: 1.5 | I24: =IF(('DAILY READINGS'!F29-'DAILY READINGS'!F28)+('DAILY READINGS'!G29-'DAILY READINGS'!G28)+('DAILY READINGS'!H29-'DAILY READINGS'!H28)+('DAILY READINGS'!I29-'DAILY READINGS'!I28)+('DAILY READINGS'!J29-'DAILY READINGS'!J28)>0,('DAILY READINGS'!F29-'DAILY READINGS'!F28)+('DAILY READINGS'!G29-'DAILY READINGS'!G28)+('DAILY READINGS'!H29-'DAILY READINGS'!H28)+('DAILY READINGS'!I29-'DAILY READINGS'!I28)+('DAILY READINGS'!J29-'DAILY READINGS'!J28),0) -> 22 | J24: 1.45 | K24: ='DAILY READINGS'!K29 -> 13 | L24: ='DAILY READINGS'!L29 -> 28
A25: Taormina | B25: =B24+1 -> 24 | C25: 11 | D25: 2022 | E25: =IF(('DAILY READINGS'!B30-'DAILY READINGS'!B29)>0,('DAILY READINGS'!B30-'DAILY READINGS'!B29),0) -> 3918 | F25: 0.27 | G25: =IF(('DAILY READINGS'!D30-'DAILY READINGS'!D29)+('DAILY READINGS'!E30-'DAILY READINGS'!E29)>0,('DAILY READINGS'!D30-'DAILY READINGS'!D29)+('DAILY READINGS'!E30-'DAILY READINGS'!E29),0) -> 205 | H25: 1.5 | I25: =IF(('DAILY READINGS'!F30-'DAILY READINGS'!F29)+('DAILY READINGS'!G30-'DAILY READINGS'!G29)+('DAILY READINGS'!H30-'DAILY READINGS'!H29)+('DAILY READINGS'!I30-'DAILY READINGS'!I29)+('DAILY READINGS'!J30-'DAILY READINGS'!J29)>0,('DAILY READINGS'!F30-'DAILY READINGS'!F29)+('DAILY READINGS'!G30-'DAILY READINGS'!G29)+('DAILY READINGS'!H30-'DAILY READINGS'!H29)+('DAILY READINGS'!I30-'DAILY READINGS'!I29)+('DAILY READINGS'!J30-'DAILY READINGS'!J29),0) -> 30 | J25: 1.45 | K25: ='DAILY READINGS'!K30 -> 12 | L25: ='DAILY READINGS'!L30 -> 26
A26: Taormina | B26: =B25+1 -> 25 | C26: 11 | D26: 2022 | E26: =IF(('DAILY READINGS'!B31-'DAILY READINGS'!B30)>0,('DAILY READINGS'!B31-'DAILY READINGS'!B30),0) -> 3738 | F26: 0.27 | G26: =IF(('DAILY READINGS'!D31-'DAILY READINGS'!D30)+('DAILY READINGS'!E31-'DAILY READINGS'!E30)>0,('DAILY READINGS'!D31-'DAILY READINGS'!D30)+('DAILY READINGS'!E31-'DAILY READINGS'!E30),0) -> 114 | H26: 1.5 | I26: =IF(('DAILY READINGS'!F31-'DAILY READINGS'!F30)+('DAILY READINGS'!G31-'DAILY READINGS'!G30)+('DAILY READINGS'!H31-'DAILY READINGS'!H30)+('DAILY READINGS'!I31-'DAILY READINGS'!I30)+('DAILY READINGS'!J31-'DAILY READINGS'!J30)>0,('DAILY READINGS'!F31-'DAILY READINGS'!F30)+('DAILY READINGS'!G31-'DAILY READINGS'!G30)+('DAILY READINGS'!H31-'DAILY READINGS'!H30)+('DAILY READINGS'!I31-'DAILY READINGS'!I30)+('DAILY READINGS'!J31-'DAILY READINGS'!J30),0) -> 27 | J26: 1.45 | K26: ='DAILY READINGS'!K31 -> 10 | L26: ='DAILY READINGS'!L31 -> 20
... A31: Taormina | B31: =B30+1 -> 30 | C31: 11 | D31: 2022 | E31: =IF(('DAILY READINGS'!B36-'DAILY READINGS'!B35)>0,('DAILY READINGS'!B36-'DAILY READINGS'!B35),0) -> 2044 | F31: 0.27 | G31: =IF(('DAILY READINGS'!D36-'DAILY READINGS'!D35)+('DAILY READINGS'!E36-'DAILY READINGS'!E35)>0,('DAILY READINGS'!D36-'DAILY READINGS'!D35)+('DAILY READINGS'!E36-'DAILY READINGS'!E35),0) -> 131 | H31: 1.5 | I31: =IF(('DAILY READINGS'!F36-'DAILY READINGS'!F35)+('DAILY READINGS'!G36-'DAILY READINGS'!G35)+('DAILY READINGS'!H36-'DAILY READINGS'!H35)+('DAILY READINGS'!I36-'DAILY READINGS'!I35)+('DAILY READINGS'!J36-'DAILY READINGS'!J35)>0,('DAILY READINGS'!F36-'DAILY READINGS'!F35)+('DAILY READINGS'!G36-'DAILY READINGS'!G35)+('DAILY READINGS'!H36-'DAILY READINGS'!H35)+('DAILY READINGS'!I36-'DAILY READINGS'!I35)+('DAILY READINGS'!J36-'DAILY READINGS'!J35),0) -> 18 | J31: 1.45 | K31: ='DAILY READINGS'!K36 -> 1 | L31: ='DAILY READINGS'!L36 -> 1

Sheet Submetering 
A1: Site Name | B1: Day | C1: Month | D1: Year | E1: Electricity Meter | F1: GAS GH 37051570 (outside staff entrance) | G1: GAS CV 37051541 (outside CV via Roma) | H1: WATER 1 5982123 (end of Via Bonifacio) | I1: WATER 2 28301903 ( via Bonifacio- Staff Entrance ) | J1: WATER 3 0873-148 ( Top Kitchen entrance) | K1: WATER 4 0873-149 downstairs kitchen entrance | L1: WATER 5 283003-03 (Outside ANCIOVI) | M1: Room Nights | N1: Total Guests
A2: Taormina | B2: 1 | C2: 11 | D2: 2022 | E2: =IF(('DAILY READINGS'!B7-'DAILY READINGS'!B6)>0,('DAILY READINGS'!B7-'DAILY READINGS'!B6),0) -> 5058 | F2: =IF(('DAILY READINGS'!D7-'DAILY READINGS'!D6)>0,('DAILY READINGS'!D7-'DAILY READINGS'!D6),0) -> 114 | G2: =IF(('DAILY READINGS'!E7-'DAILY READINGS'!E6)>0,('DAILY READINGS'!E7-'DAILY READINGS'!E6),0) -> 148 | H2: =IF(('DAILY READINGS'!F7-'DAILY READINGS'!F6)>0,('DAILY READINGS'!F7-'DAILY READINGS'!F6),0) -> 1 | I2: =IF(('DAILY READINGS'!G7-'DAILY READINGS'!G6)>0,('DAILY READINGS'!G7-'DAILY READINGS'!G6),0) -> 37 | J2: =IF(('DAILY READINGS'!H7-'DAILY READINGS'!H6)>0,('DAILY READINGS'!H7-'DAILY READINGS'!H6),0) -> 0 | K2: =IF(('DAILY READINGS'!I7-'DAILY READINGS'!I6)>0,('DAILY READINGS'!I7-'DAILY READINGS'!I6),0) -> 0 | L2: =IF(('DAILY READINGS'!J7-'DAILY READINGS'!J6)>0,('DAILY READINGS'!J7-'DAILY READINGS'!J6),0) -> 23 | M2: ='DAILY READINGS'!K7 -> 49 | N2: ='DAILY READINGS'!L7 -> 92
A3: Taormina | B3: =B2+1 -> 2 | C3: 11 | D3: 2022 | E3: =IF(('DAILY READINGS'!B8-'DAILY READINGS'!B7)>0,('DAILY READINGS'!B8-'DAILY READINGS'!B7),0) -> 6068 | F3: =IF(('DAILY READINGS'!D8-'DAILY READINGS'!D7)>0,('DAILY READINGS'!D8-'DAILY READINGS'!D7),0) -> 121 | G3: =IF(('DAILY READINGS'!E8-'DAILY READINGS'!E7)>0,('DAILY READINGS'!E8-'DAILY READINGS'!E7),0) -> 170 | H3: =IF(('DAILY READINGS'!F8-'DAILY READINGS'!F7)>0,('DAILY READINGS'!F8-'DAILY READINGS'!F7),0) -> 0 | I3: =IF(('DAILY READINGS'!G8-'DAILY READINGS'!G7)>0,('DAILY READINGS'!G8-'DAILY READINGS'!G7),0) -> 34 | J3: =IF(('DAILY READINGS'!H8-'DAILY READINGS'!H7)>0,('DAILY READINGS'!H8-'DAILY READINGS'!H7),0) -> 1 | K3: =IF(('DAILY READINGS'!I8-'DAILY READINGS'!I7)>0,('DAILY READINGS'!I8-'DAILY READINGS'!I7),0) -> 0 | L3: =IF(('DAILY READINGS'!J8-'DAILY READINGS'!J7)>0,('DAILY READINGS'!J8-'DAILY READINGS'!J7),0) -> 44 | M3: ='DAILY READINGS'!K8 -> 52 | N3: ='DAILY READINGS'!L8 -> 98
A4: Taormina | B4: =B3+1 -> 3 | C4: 11 | D4: 2022 | E4: =IF(('DAILY READINGS'!B9-'DAILY READINGS'!B8)>0,('DAILY READINGS'!B9-'DAILY READINGS'!B8),0) -> 6132 | F4: =IF(('DAILY READINGS'!D9-'DAILY READINGS'!D8)>0,('DAILY READINGS'!D9-'DAILY READINGS'!D8),0) -> 120 | G4: =IF(('DAILY READINGS'!E9-'DAILY READINGS'!E8)>0,('DAILY READINGS'!E9-'DAILY READINGS'!E8),0) -> 160 | H4: =IF(('DAILY READINGS'!F9-'DAILY READINGS'!F8)>0,('DAILY READINGS'!F9-'DAILY READINGS'!F8),0) -> 0 | I4: =IF(('DAILY READINGS'!G9-'DAILY READINGS'!G8)>0,('DAILY READINGS'!G9-'DAILY READINGS'!G8),0) -> 30 | J4: =IF(('DAILY READINGS'!H9-'DAILY READINGS'!H8)>0,('DAILY READINGS'!H9-'DAILY READINGS'!H8),0) -> 0 | K4: =IF(('DAILY READINGS'!I9-'DAILY READINGS'!I8)>0,('DAILY READINGS'!I9-'DAILY READINGS'!I8),0) -> 0 | L4: =IF(('DAILY READINGS'!J9-'DAILY READINGS'!J8)>0,('DAILY READINGS'!J9-'DAILY READINGS'!J8),0) -> 50 | M4: ='DAILY READINGS'!K9 -> 51 | N4: ='DAILY READINGS'!L9 -> 100
A5: Taormina | B5: =B4+1 -> 4 | C5: 11 | D5: 2022 | E5: =IF(('DAILY READINGS'!B10-'DAILY READINGS'!B9)>0,('DAILY READINGS'!B10-'DAILY READINGS'!B9),0) -> 5042 | F5: =IF(('DAILY READINGS'!D10-'DAILY READINGS'!D9)>0,('DAILY READINGS'!D10-'DAILY READINGS'!D9),0) -> 112 | G5: =IF(('DAILY READINGS'!E10-'DAILY READINGS'!E9)>0,('DAILY READINGS'!E10-'DAILY READINGS'!E9),0) -> 170 | H5: =IF(('DAILY READINGS'!F10-'DAILY READINGS'!F9)>0,('DAILY READINGS'!F10-'DAILY READINGS'!F9),0) -> 1 | I5: =IF(('DAILY READINGS'!G10-'DAILY READINGS'!G9)>0,('DAILY READINGS'!G10-'DAILY READINGS'!G9),0) -> 15 | J5: =IF(('DAILY READINGS'!H10-'DAILY READINGS'!H9)>0,('DAILY READINGS'!H10-'DAILY READINGS'!H9),0) -> 1 | K5: =IF(('DAILY READINGS'!I10-'DAILY READINGS'!I9)>0,('DAILY READINGS'!I10-'DAILY READINGS'!I9),0) -> 0 | L5: =IF(('DAILY READINGS'!J10-'DAILY READINGS'!J9)>0,('DAILY READINGS'!J10-'DAILY READINGS'!J9),0) -> 33 | M5: ='DAILY READINGS'!K10 -> 55 | N5: ='DAILY READINGS'!L10 -> 99
A6: Taormina | B6: =B5+1 -> 5 | C6: 11 | D6: 2022 | E6: =IF(('DAILY READINGS'!B11-'DAILY READINGS'!B10)>0,('DAILY READINGS'!B11-'DAILY READINGS'!B10),0) -> 6116 | F6: =IF(('DAILY READINGS'!D11-'DAILY READINGS'!D10)>0,('DAILY READINGS'!D11-'DAILY READINGS'!D10),0) -> 150 | G6: =IF(('DAILY READINGS'!E11-'DAILY READINGS'!E10)>0,('DAILY READINGS'!E11-'DAILY READINGS'!E10),0) -> 271 | H6: =IF(('DAILY READINGS'!F11-'DAILY READINGS'!F10)>0,('DAILY READINGS'!F11-'DAILY READINGS'!F10),0) -> 0 | I6: =IF(('DAILY READINGS'!G11-'DAILY READINGS'!G10)>0,('DAILY READINGS'!G11-'DAILY READINGS'!G10),0) -> 52 | J6: =IF(('DAILY READINGS'!H11-'DAILY READINGS'!H10)>0,('DAILY READINGS'!H11-'DAILY READINGS'!H10),0) -> 0 | K6: =IF(('DAILY READINGS'!I11-'DAILY READINGS'!I10)>0,('DAILY READINGS'!I11-'DAILY READINGS'!I10),0) -> 0 | L6: =IF(('DAILY READINGS'!J11-'DAILY READINGS'!J10)>0,('DAILY READINGS'!J11-'DAILY READINGS'!J10),0) -> 78 | M6: ='DAILY READINGS'!K11 -> 45 | N6: ='DAILY READINGS'!L11 -> 79
A7: Taormina | B7: =B6+1 -> 6 | C7: 11 | D7: 2022 | E7: =IF(('DAILY READINGS'!B12-'DAILY READINGS'!B11)>0,('DAILY READINGS'!B12-'DAILY READINGS'!B11),0) -> 5500 | F7: =IF(('DAILY READINGS'!D12-'DAILY READINGS'!D11)>0,('DAILY READINGS'!D12-'DAILY READINGS'!D11),0) -> 153 | G7: =IF(('DAILY READINGS'!E12-'DAILY READINGS'!E11)>0,('DAILY READINGS'!E12-'DAILY READINGS'!E11),0) -> 191 | H7: =IF(('DAILY READINGS'!F12-'DAILY READINGS'!F11)>0,('DAILY READINGS'!F12-'DAILY READINGS'!F11),0) -> 2 | I7: =IF(('DAILY READINGS'!G12-'DAILY READINGS'!G11)>0,('DAILY READINGS'!G12-'DAILY READINGS'!G11),0) -> 22 | J7: =IF(('DAILY READINGS'!H12-'DAILY READINGS'!H11)>0,('DAILY READINGS'!H12-'DAILY READINGS'!H11),0) -> 1 | K7: =IF(('DAILY READINGS'!I12-'DAILY READINGS'!I11)>0,('DAILY READINGS'!I12-'DAILY READINGS'!I11),0) -> 0 | L7: =IF(('DAILY READINGS'!J12-'DAILY READINGS'!J11)>0,('DAILY READINGS'!J12-'DAILY READINGS'!J11),0) -> 48 | M7: ='DAILY READINGS'!K12 -> 28 | N7: ='DAILY READINGS'!L12 -> 44
A8: Taormina | B8: =B7+1 -> 7 | C8: 11 | D8: 2022 | E8: =IF(('DAILY READINGS'!B13-'DAILY READINGS'!B12)>0,('DAILY READINGS'!B13-'DAILY READINGS'!B12),0) -> 6262 | F8: =IF(('DAILY READINGS'!D13-'DAILY READINGS'!D12)>0,('DAILY READINGS'!D13-'DAILY READINGS'!D12),0) -> 164 | G8: =IF(('DAILY READINGS'!E13-'DAILY READINGS'!E12)>0,('DAILY READINGS'!E13-'DAILY READINGS'!E12),0) -> 208 | H8: =IF(('DAILY READINGS'!F13-'DAILY READINGS'!F12)>0,('DAILY READINGS'!F13-'DAILY READINGS'!F12),0) -> 1 | I8: =IF(('DAILY READINGS'!G13-'DAILY READINGS'!G12)>0,('DAILY READINGS'!G13-'DAILY READINGS'!G12),0) -> 34 | J8: =IF(('DAILY READINGS'!H13-'DAILY READINGS'!H12)>0,('DAILY READINGS'!H13-'DAILY READINGS'!H12),0) -> 1 | K8: =IF(('DAILY READINGS'!I13-'DAILY READINGS'!I12)>0,('DAILY READINGS'!I13-'DAILY READINGS'!I12),0) -> 0 | L8: =IF(('DAILY READINGS'!J13-'DAILY READINGS'!J12)>0,('DAILY READINGS'!J13-'DAILY READINGS'!J12),0) -> 59 | M8: ='DAILY READINGS'!K13 -> 54 | N8: ='DAILY READINGS'!L13 -> 71
A9: Taormina | B9: =B8+1 -> 8 | C9: 11 | D9: 2022 | E9: =IF(('DAILY READINGS'!B14-'DAILY READINGS'!B13)>0,('DAILY READINGS'!B14-'DAILY READINGS'!B13),0) -> 5922 | F9: =IF(('DAILY READINGS'!D14-'DAILY READINGS'!D13)>0,('DAILY READINGS'!D14-'DAILY READINGS'!D13),0) -> 152 | G9: =IF(('DAILY READINGS'!E14-'DAILY READINGS'!E13)>0,('DAILY READINGS'!E14-'DAILY READINGS'!E13),0) -> 198 | H9: =IF(('DAILY READINGS'!F14-'DAILY READINGS'!F13)>0,('DAILY READINGS'!F14-'DAILY READINGS'!F13),0) -> 1 | I9: =IF(('DAILY READINGS'!G14-'DAILY READINGS'!G13)>0,('DAILY READINGS'!G14-'DAILY READINGS'!G13),0) -> 31 | J9: =IF(('DAILY READINGS'!H14-'DAILY READINGS'!H13)>0,('DAILY READINGS'!H14-'DAILY READINGS'!H13),0) -> 0 | K9: =IF(('DAILY READINGS'!I14-'DAILY READINGS'!I13)>0,('DAILY READINGS'!I14-'DAILY READINGS'!I13),0) -> 0 | L9: =IF(('DAILY READINGS'!J14-'DAILY READINGS'!J13)>0,('DAILY READINGS'!J14-'DAILY READINGS'!J13),0) -> 45 | M9: ='DAILY READINGS'!K14 -> 105 | N9: ='DAILY READINGS'!L14 -> 150
A10: Taormina | B10: =B9+1 -> 9 | C10: 11 | D10: 2022 | E10: =IF(('DAILY READINGS'!B15-'DAILY READINGS'!B14)>0,('DAILY READINGS'!B15-'DAILY READINGS'!B14),0) -> 5834 | F10: =IF(('DAILY READINGS'!D15-'DAILY READINGS'!D14)>0,('DAILY READINGS'!D15-'DAILY READINGS'!D14),0) -> 134 | G10: =IF(('DAILY READINGS'!E15-'DAILY READINGS'!E14)>0,('DAILY READINGS'!E15-'DAILY READINGS'!E14),0) -> 191 | H10: =IF(('DAILY READINGS'!F15-'DAILY READINGS'!F14)>0,('DAILY READINGS'!F15-'DAILY READINGS'!F14),0) -> 1 | I10: =IF(('DAILY READINGS'!G15-'DAILY READINGS'!G14)>0,('DAILY READINGS'!G15-'DAILY READINGS'!G14),0) -> 29 | J10: =IF(('DAILY READINGS'!H15-'DAILY READINGS'!H14)>0,('DAILY READINGS'!H15-'DAILY READINGS'!H14),0) -> 0 | K10: =IF(('DAILY READINGS'!I15-'DAILY READINGS'!I14)>0,('DAILY READINGS'!I15-'DAILY READINGS'!I14),0) -> 0 | L10: =IF(('DAILY READINGS'!J15-'DAILY READINGS'!J14)>0,('DAILY READINGS'!J15-'DAILY READINGS'!J14),0) -> 32 | M10: ='DAILY READINGS'!K15 -> 98 | N10: ='DAILY READINGS'!L15 -> 144
A11: Taormina | B11: =B10+1 -> 10 | C11: 11 | D11: 2022 | E11: =IF(('DAILY READINGS'!B16-'DAILY READINGS'!B15)>0,('DAILY READINGS'!B16-'DAILY READINGS'!B15),0) -> 6502 | F11: =IF(('DAILY READINGS'!D16-'DAILY READINGS'!D15)>0,('DAILY READINGS'!D16-'DAILY READINGS'!D15),0) -> 143 | G11: =IF(('DAILY READINGS'!E16-'DAILY READINGS'!E15)>0,('DAILY READINGS'!E16-'DAILY READINGS'!E15),0) -> 195 | H11: =IF(('DAILY READINGS'!F16-'DAILY READINGS'!F15)>0,('DAILY READINGS'!F16-'DAILY READINGS'!F15),0) -> 1 | I11: =IF(('DAILY READINGS'!G16-'DAILY READINGS'!G15)>0,('DAILY READINGS'!G16-'DAILY READINGS'!G15),0) -> 21 | J11: =IF(('DAILY READINGS'!H16-'DAILY READINGS'!H15)>0,('DAILY READINGS'!H16-'DAILY READINGS'!H15),0) -> 0 | K11: =IF(('DAILY READINGS'!I16-'DAILY READINGS'!I15)>0,('DAILY READINGS'!I16-'DAILY READINGS'!I15),0) -> 0 | L11: =IF(('DAILY READINGS'!J16-'DAILY READINGS'!J15)>0,('DAILY READINGS'!J16-'DAILY READINGS'!J15),0) -> 29 | M11: ='DAILY READINGS'!K16 -> 87 | N11: ='DAILY READINGS'!L16 -> 135
A12: Taormina | B12: =B11+1 -> 11 | C12: 11 | D12: 2022 | E12: =IF(('DAILY READINGS'!B17-'DAILY READINGS'!B16)>0,('DAILY READINGS'!B17-'DAILY READINGS'!B16),0) -> 5662 | F12: =IF(('DAILY READINGS'!D17-'DAILY READINGS'!D16)>0,('DAILY READINGS'!D17-'DAILY READINGS'!D16),0) -> 145 | G12: =IF(('DAILY READINGS'!E17-'DAILY READINGS'!E16)>0,('DAILY READINGS'!E17-'DAILY READINGS'!E16),0) -> 197 | H12: =IF(('DAILY READINGS'!F17-'DAILY READINGS'!F16)>0,('DAILY READINGS'!F17-'DAILY READINGS'!F16),0) -> 1 | I12: =IF(('DAILY READINGS'!G17-'DAILY READINGS'!G16)>0,('DAILY READINGS'!G17-'DAILY READINGS'!G16),0) -> 64 | J12: =IF(('DAILY READINGS'!H17-'DAILY READINGS'!H16)>0,('DAILY READINGS'!H17-'DAILY READINGS'!H16),0) -> 1 | K12: =IF(('DAILY READINGS'!I17-'DAILY READINGS'!I16)>0,('DAILY READINGS'!I17-'DAILY READINGS'!I16),0) -> 0 | L12: =IF(('DAILY READINGS'!J17-'DAILY READINGS'!J16)>0,('DAILY READINGS'!J17-'DAILY READINGS'!J16),0) -> 98 | M12: ='DAILY READINGS'!K17 -> 91 | N12: ='DAILY READINGS'!L17 -> 146
A13: Taormina | B13: =B12+1 -> 12 | C13: 11 | D13: 2022 | E13: =IF(('DAILY READINGS'!B18-'DAILY READINGS'!B17)>0,('DAILY READINGS'!B18-'DAILY READINGS'!B17),0) -> 4840 | F13: =IF(('DAILY READINGS'!D18-'DAILY READINGS'!D17)>0,('DAILY READINGS'!D18-'DAILY READINGS'!D17),0) -> 143 | G13: =IF(('DAILY READINGS'!E18-'DAILY READINGS'!E17)>0,('DAILY READINGS'!E18-'DAILY READINGS'!E17),0) -> 203 | H13: =IF(('DAILY READINGS'!F18-'DAILY READINGS'!F17)>0,('DAILY READINGS'!F18-'DAILY READINGS'!F17),0) -> 0 | I13: =IF(('DAILY READINGS'!G18-'DAILY READINGS'!G17)>0,('DAILY READINGS'!G18-'DAILY READINGS'!G17),0) -> 17 | J13: =IF(('DAILY READINGS'!H18-'DAILY READINGS'!H17)>0,('DAILY READINGS'!H18-'DAILY READINGS'!H17),0) -> 0 | K13: =IF(('DAILY READINGS'!I18-'DAILY READINGS'!I17)>0,('DAILY READINGS'!I18-'DAILY READINGS'!I17),0) -> 0 | L13: =IF(('DAILY READINGS'!J18-'DAILY READINGS'!J17)>0,('DAILY READINGS'!J18-'DAILY READINGS'!J17),0) -> 45 | M13: ='DAILY READINGS'!K18 -> 52 | N13: ='DAILY READINGS'!L18 -> 89
A14: Taormina | B14: =B13+1 -> 13 | C14: 11 | D14: 2022 | E14: =IF(('DAILY READINGS'!B19-'DAILY READINGS'!B18)>0,('DAILY READINGS'!B19-'DAILY READINGS'!B18),0) -> 5778 | F14: =IF(('DAILY READINGS'!D19-'DAILY READINGS'!D18)>0,('DAILY READINGS'!D19-'DAILY READINGS'!D18),0) -> 151 | G14: =IF(('DAILY READINGS'!E19-'DAILY READINGS'!E18)>0,('DAILY READINGS'!E19-'DAILY READINGS'!E18),0) -> 230 | H14: =IF(('DAILY READINGS'!F19-'DAILY READINGS'!F18)>0,('DAILY READINGS'!F19-'DAILY READINGS'!F18),0) -> 0 | I14: =IF(('DAILY READINGS'!G19-'DAILY READINGS'!G18)>0,('DAILY READINGS'!G19-'DAILY READINGS'!G18),0) -> 40 | J14: =IF(('DAILY READINGS'!H19-'DAILY READINGS'!H18)>0,('DAILY READINGS'!H19-'DAILY READINGS'!H18),0) -> 1 | K14: =IF(('DAILY READINGS'!I19-'DAILY READINGS'!I18)>0,('DAILY READINGS'!I19-'DAILY READINGS'!I18),0) -> 0 | L14: =IF(('DAILY READINGS'!J19-'DAILY READINGS'!J18)>0,('DAILY READINGS'!J19-'DAILY READINGS'!J18),0) -> 46 | M14: ='DAILY READINGS'!K19 -> 29 | N14: ='DAILY READINGS'!L19 -> 47
... A21: Taormina | B21: =B20+1 -> 20 | C21: 11 | D21: 2022 | E21: =IF(('DAILY READINGS'!B26-'DAILY READINGS'!B25)>0,('DAILY READINGS'!B26-'DAILY READINGS'!B25),0) -> 4870 | F21: =IF(('DAILY READINGS'!D26-'DAILY READINGS'!D25)>0,('DAILY READINGS'!D26-'DAILY READINGS'!D25),0) -> 100 | G21: =IF(('DAILY READINGS'!E26-'DAILY READINGS'!E25)>0,('DAILY READINGS'!E26-'DAILY READINGS'!E25),0) -> 119 | H21: =IF(('DAILY READINGS'!F26-'DAILY READINGS'!F25)>0,('DAILY READINGS'!F26-'DAILY READINGS'!F25),0) -> 2 | I21: =IF(('DAILY READINGS'!G26-'DAILY READINGS'!G25)>0,('DAILY READINGS'!G26-'DAILY READINGS'!G25),0) -> 9 | J21: =IF(('DAILY READINGS'!H26-'DAILY READINGS'!H25)>0,('DAILY READINGS'!H26-'DAILY READINGS'!H25),0) -> 1 | K21: =IF(('DAILY READINGS'!I26-'DAILY READINGS'!I25)>0,('DAILY READINGS'!I26-'DAILY READINGS'!I25),0) -> 0 | L21: =IF(('DAILY READINGS'!J26-'DAILY READINGS'!J25)>0,('DAILY READINGS'!J26-'DAILY READINGS'!J25),0) -> 33 | M21: ='DAILY READINGS'!K26 -> 15 | N21: ='DAILY READINGS'!L26 -> 27
A22: Taormina | B22: =B21+1 -> 21 | C22: 11 | D22: 2022 | E22: =IF(('DAILY READINGS'!B27-'DAILY READINGS'!B26)>0,('DAILY READINGS'!B27-'DAILY READINGS'!B26),0) -> 4110 | F22: =IF(('DAILY READINGS'!D27-'DAILY READINGS'!D26)>0,('DAILY READINGS'!D27-'DAILY READINGS'!D26),0) -> 87 | G22: =IF(('DAILY READINGS'!E27-'DAILY READINGS'!E26)>0,('DAILY READINGS'!E27-'DAILY READINGS'!E26),0) -> 106 | H22: =IF(('DAILY READINGS'!F27-'DAILY READINGS'!F26)>0,('DAILY READINGS'!F27-'DAILY READINGS'!F26),0) -> 1 | I22: =IF(('DAILY READINGS'!H27-'DAILY READINGS'!G26)>0,('DAILY READINGS'!H27-'DAILY READINGS'!G26),0) -> 0 | J22: =IF(('DAILY READINGS'!H27-'DAILY READINGS'!H26)>0,('DAILY READINGS'!I27-'DAILY READINGS'!H26),0) -> 0 | K22: =IF(('DAILY READINGS'!I27-'DAILY READINGS'!I26)>0,('DAILY READINGS'!I27-'DAILY READINGS'!I26),0) -> 0 | L22: =IF(('DAILY READINGS'!J27-'DAILY READINGS'!J26)>0,('DAILY READINGS'!J27-'DAILY READINGS'!J26),0) -> 19 | M22: ='DAILY READINGS'!K27 -> 14 | N22: ='DAILY READINGS'!L27 -> 29
A23: Taormina | B23: =B22+1 -> 22 | C23: 11 | D23: 2022 | E23: =IF(('DAILY READINGS'!B28-'DAILY READINGS'!B27)>0,('DAILY READINGS'!B28-'DAILY READINGS'!B27),0) -> 4156 | F23: =IF(('DAILY READINGS'!D28-'DAILY READINGS'!D27)>0,('DAILY READINGS'!D28-'DAILY READINGS'!D27),0) -> 85 | G23: =IF(('DAILY READINGS'!E28-'DAILY READINGS'!E27)>0,('DAILY READINGS'!E28-'DAILY READINGS'!E27),0) -> 97 | H23: =IF(('DAILY READINGS'!F28-'DAILY READINGS'!G27)>0,('DAILY READINGS'!F28-'DAILY READINGS'!G27),0) -> 0 | I23: =IF(('DAILY READINGS'!G28-'DAILY READINGS'!G27)>0,('DAILY READINGS'!G28-'DAILY READINGS'!G27),0) -> 21 | J23: =IF(('DAILY READINGS'!H28-'DAILY READINGS'!H27)>0,('DAILY READINGS'!H28-'DAILY READINGS'!H27),0) -> 0 | K23: =IF(('DAILY READINGS'!IL8-'DAILY READINGS'!L27)>0,('DAILY READINGS'!I28-'DAILY READINGS'!L27),0) -> 0 | L23: =IF(('DAILY READINGS'!J28-'DAILY READINGS'!J27)>0,('DAILY READINGS'!J28-'DAILY READINGS'!J27),0) -> 19 | M23: ='DAILY READINGS'!K28 -> 12 | N23: ='DAILY READINGS'!L28 -> 27
A24: Taormina | B24: =B23+1 -> 23 | C24: 11 | D24: 2022 | E24: =IF(('DAILY READINGS'!B29-'DAILY READINGS'!B28)>0,('DAILY READINGS'!B29-'DAILY READINGS'!B28),0) -> 4058 | F24: =IF(('DAILY READINGS'!D29-'DAILY READINGS'!D28)>0,('DAILY READINGS'!D29-'DAILY READINGS'!D28),0) -> 73 | G24: =IF(('DAILY READINGS'!E29-'DAILY READINGS'!E28)>0,('DAILY READINGS'!E29-'DAILY READINGS'!E28),0) -> 90 | H24: =IF(('DAILY READINGS'!F29-'DAILY READINGS'!F28)>0,('DAILY READINGS'!F29-'DAILY READINGS'!F28),0) -> 0 | I24: =IF(('DAILY READINGS'!G29-'DAILY READINGS'!G28)>0,('DAILY READINGS'!G29-'DAILY READINGS'!G28),0) -> 7 | J24: =IF(('DAILY READINGS'!H29-'DAILY READINGS'!H28)>0,('DAILY READINGS'!H29-'DAILY READINGS'!H28),0) -> 0 | K24: =IF(('DAILY READINGS'!I29-'DAILY READINGS'!I28)>0,('DAILY READINGS'!I29-'DAILY READINGS'!I28),0) -> 0 | L24: =IF(('DAILY READINGS'!J29-'DAILY READINGS'!J28)>0,('DAILY READINGS'!J29-'DAILY READINGS'!J28),0) -> 15 | M24: ='DAILY READINGS'!K29 -> 13 | N24: ='DAILY READINGS'!L29 -> 28
A25: Taormina | B25: =B24+1 -> 24 | C25: 11 | D25: 2022 | E25: =IF(('DAILY READINGS'!B30-'DAILY READINGS'!B29)>0,('DAILY READINGS'!B30-'DAILY READINGS'!B29),0) -> 3918 | F25: =IF(('DAILY READINGS'!D30-'DAILY READINGS'!D29)>0,('DAILY READINGS'!D30-'DAILY READINGS'!D29),0) -> 111 | G25: =IF(('DAILY READINGS'!E30-'DAILY READINGS'!E29)>0,('DAILY READINGS'!E30-'DAILY READINGS'!E29),0) -> 94 | H25: =IF(('DAILY READINGS'!F30-'DAILY READINGS'!F29)>0,('DAILY READINGS'!F30-'DAILY READINGS'!F29),0) -> 1 | I25: =IF(('DAILY READINGS'!G30-'DAILY READINGS'!G29)>0,('DAILY READINGS'!G30-'DAILY READINGS'!G29),0) -> 10 | J25: =IF(('DAILY READINGS'!H30-'DAILY READINGS'!H29)>0,('DAILY READINGS'!H30-'DAILY READINGS'!H29),0) -> 0 | K25: =IF(('DAILY READINGS'!I30-'DAILY READINGS'!I29)>0,('DAILY READINGS'!I30-'DAILY READINGS'!I29),0) -> 0 | L25: =IF(('DAILY READINGS'!J30-'DAILY READINGS'!J29)>0,('DAILY READINGS'!J30-'DAILY READINGS'!J29),0) -> 19 | M25: ='DAILY READINGS'!K30 -> 12 | N25: ='DAILY READINGS'!L30 -> 26
A26: Taormina | B26: =B25+1 -> 25 | C26: 11 | D26: 2022 | E26: =IF(('DAILY READINGS'!B31-'DAILY READINGS'!B30)>0,('DAILY READINGS'!B31-'DAILY READINGS'!B30),0) -> 3738 | F26: =IF(('DAILY READINGS'!D31-'DAILY READINGS'!D30)>0,('DAILY READINGS'!D31-'DAILY READINGS'!D30),0) -> 20 | G26: =IF(('DAILY READINGS'!E31-'DAILY READINGS'!E30)>0,('DAILY READINGS'!E31-'DAILY READINGS'!E30),0) -> 94 | H26: =IF(('DAILY READINGS'!F31-'DAILY READINGS'!F30)>0,('DAILY READINGS'!F31-'DAILY READINGS'!F30),0) -> 2 | I26: =IF(('DAILY READINGS'!G31-'DAILY READINGS'!G30)>0,('DAILY READINGS'!G31-'DAILY READINGS'!G30),0) -> 9 | J26: =IF(('DAILY READINGS'!H31-'DAILY READINGS'!H30)>0,('DAILY READINGS'!H31-'DAILY READINGS'!H30),0) -> 0 | K26: =IF(('DAILY READINGS'!I31-'DAILY READINGS'!I30)>0,('DAILY READINGS'!I31-'DAILY READINGS'!I30),0) -> 0 | L26: =IF(('DAILY READINGS'!J31-'DAILY READINGS'!J30)>0,('DAILY READINGS'!J31-'DAILY READINGS'!J30),0) -> 16 | M26: ='DAILY READINGS'!K31 -> 10 | N26: ='DAILY READINGS'!L31 -> 20
A27: Taormina | B27: =B26+1 -> 26 | C27: 11 | D27: 2022 | E27: =IF(('DAILY READINGS'!B32-'DAILY READINGS'!B31)>0,('DAILY READINGS'!B32-'DAILY READINGS'!B31),0) -> 3648 | F27: =IF(('DAILY READINGS'!D32-'DAILY READINGS'!D31)>0,('DAILY READINGS'!D32-'DAILY READINGS'!D31),0) -> 56 | G27: =IF(('DAILY READINGS'!E32-'DAILY READINGS'!E31)>0,('DAILY READINGS'!E32-'DAILY READINGS'!E31),0) -> 84 | H27: =IF(('DAILY READINGS'!F32-'DAILY READINGS'!F31)>0,('DAILY READINGS'!F32-'DAILY READINGS'!F31),0) -> 0 | I27: =IF(('DAILY READINGS'!G32-'DAILY READINGS'!G31)>0,('DAILY READINGS'!G32-'DAILY READINGS'!G31),0) -> 6 | J27: =IF(('DAILY READINGS'!H32-'DAILY READINGS'!H31)>0,('DAILY READINGS'!H32-'DAILY READINGS'!H31),0) -> 0 | K27: =IF(('DAILY READINGS'!I32-'DAILY READINGS'!I31)>0,('DAILY READINGS'!I32-'DAILY READINGS'!I31),0) -> 0 | L27: =IF(('DAILY READINGS'!J32-'DAILY READINGS'!J31)>0,('DAILY READINGS'!J32-'DAILY READINGS'!J31),0) -> 10 | M27: ='DAILY READINGS'!K32 -> 7 | N27: ='DAILY READINGS'!L32 -> 14
A28: Taormina | B28: =B27+1 -> 27 | C28: 11 | D28: 2022 | E28: =IF(('DAILY READINGS'!B33-'DAILY READINGS'!B32)>0,('DAILY READINGS'!B33-'DAILY READINGS'!B32),0) -> 3942 | F28: =IF(('DAILY READINGS'!D33-'DAILY READINGS'!D32)>0,('DAILY READINGS'!D33-'DAILY READINGS'!D32),0) -> 59 | G28: =IF(('DAILY READINGS'!E33-'DAILY READINGS'!E32)>0,('DAILY READINGS'!E33-'DAILY READINGS'!E32),0) -> 98 | H28: =IF(('DAILY READINGS'!F33-'DAILY READINGS'!F32)>0,('DAILY READINGS'!F33-'DAILY READINGS'!F32),0) -> 2 | I28: =IF(('DAILY READINGS'!G33-'DAILY READINGS'!G32)>0,('DAILY READINGS'!G33-'DAILY READINGS'!G32),0) -> 7 | J28: =IF(('DAILY READINGS'!H33-'DAILY READINGS'!H32)>0,('DAILY READINGS'!H33-'DAILY READINGS'!H32),0) -> 1 | K28: =IF(('DAILY READINGS'!I33-'DAILY READINGS'!I32)>0,('DAILY READINGS'!I33-'DAILY READINGS'!I32),0) -> 0 | L28: =IF(('DAILY READINGS'!J33-'DAILY READINGS'!J32)>0,('DAILY READINGS'!J33-'DAILY READINGS'!J32),0) -> 15 | M28: ='DAILY READINGS'!K33 -> 4 | N28: ='DAILY READINGS'!L33 -> 8
A29: Taormina | B29: =B28+1 -> 28 | C29: 11 | D29: 2022 | E29: =IF(('DAILY READINGS'!B34-'DAILY READINGS'!B33)>0,('DAILY READINGS'!B34-'DAILY READINGS'!B33),0) -> 3942 | F29: =IF(('DAILY READINGS'!D34-'DAILY READINGS'!D33)>0,('DAILY READINGS'!D34-'DAILY READINGS'!D33),0) -> 32 | G29: =IF(('DAILY READINGS'!E34-'DAILY READINGS'!E33)>0,('DAILY READINGS'!E34-'DAILY READINGS'!E33),0) -> 91 | H29: =IF(('DAILY READINGS'!F34-'DAILY READINGS'!F33)>0,('DAILY READINGS'!F34-'DAILY READINGS'!F33),0) -> 1 | I29: =IF(('DAILY READINGS'!G34-'DAILY READINGS'!G33)>0,('DAILY READINGS'!G34-'DAILY READINGS'!G33),0) -> 4 | J29: =IF(('DAILY READINGS'!H34-'DAILY READINGS'!H33)>0,('DAILY READINGS'!H34-'DAILY READINGS'!H33),0) -> 0 | K29: =IF(('DAILY READINGS'!I34-'DAILY READINGS'!I33)>0,('DAILY READINGS'!I34-'DAILY READINGS'!I33),0) -> 0 | L29: =IF(('DAILY READINGS'!J34-'DAILY READINGS'!J33)>0,('DAILY READINGS'!J34-'DAILY READINGS'!J33),0) -> 8 | M29: ='DAILY READINGS'!K34 -> 1 | N29: ='DAILY READINGS'!L34 -> 1
A30: Taormina | B30: =B29+1 -> 29 | C30: 11 | D30: 2022 | E30: =IF(('DAILY READINGS'!B35-'DAILY READINGS'!B34)>0,('DAILY READINGS'!B35-'DAILY READINGS'!B34),0) -> 1562 | F30: =IF(('DAILY READINGS'!D35-'DAILY READINGS'!D34)>0,('DAILY READINGS'!D35-'DAILY READINGS'!D34),0) -> 66 | G30: =IF(('DAILY READINGS'!E35-'DAILY READINGS'!E34)>0,('DAILY READINGS'!E35-'DAILY READINGS'!E34),0) -> 64 | H30: =IF(('DAILY READINGS'!F35-'DAILY READINGS'!F34)>0,('DAILY READINGS'!F35-'DAILY READINGS'!F34),0) -> 1 | I30: =IF(('DAILY READINGS'!G35-'DAILY READINGS'!G34)>0,('DAILY READINGS'!G35-'DAILY READINGS'!G34),0) -> 2 | J30: =IF(('DAILY READINGS'!H35-'DAILY READINGS'!H34)>0,('DAILY READINGS'!H35-'DAILY READINGS'!H34),0) -> 0 | K30: =IF(('DAILY READINGS'!I35-'DAILY READINGS'!I34)>0,('DAILY READINGS'!I35-'DAILY READINGS'!I34),0) -> 0 | L30: =IF(('DAILY READINGS'!J35-'DAILY READINGS'!J34)>0,('DAILY READINGS'!J35-'DAILY READINGS'!J34),0) -> 16 | M30: ='DAILY READINGS'!K35 -> 1 | N30: ='DAILY READINGS'!L35 -> 1
A31: Taormina | B31: =B30+1 -> 30 | C31: 11 | D31: 2022 | E31: =IF(('DAILY READINGS'!B36-'DAILY READINGS'!B35)>0,('DAILY READINGS'!B36-'DAILY READINGS'!B35),0) -> 2044 | F31: =IF(('DAILY READINGS'!D36-'DAILY READINGS'!D35)>0,('DAILY READINGS'!D36-'DAILY READINGS'!D35),0) -> 55 | G31: =IF(('DAILY READINGS'!E36-'DAILY READINGS'!E35)>0,('DAILY READINGS'!E36-'DAILY READINGS'!E35),0) -> 76 | H31: =IF(('DAILY READINGS'!F36-'DAILY READINGS'!F35)>0,('DAILY READINGS'!F36-'DAILY READINGS'!F35),0) -> 0 | I31: =IF(('DAILY READINGS'!G36-'DAILY READINGS'!G35)>0,('DAILY READINGS'!G36-'DAILY READINGS'!G35),0) -> 1 | J31: =IF(('DAILY READINGS'!H36-'DAILY READINGS'!H35)>0,('DAILY READINGS'!H36-'DAILY READINGS'!H35),0) -> 0 | K31: =IF(('DAILY READINGS'!I36-'DAILY READINGS'!I35)>0,('DAILY READINGS'!I36-'DAILY READINGS'!I35),0) -> 0 | L31: =IF(('DAILY READINGS'!J36-'DAILY READINGS'!J35)>0,('DAILY READINGS'!J36-'DAILY READINGS'!J35),0) -> 17 | M31: ='DAILY READINGS'!K36 -> 1 | N31: ='DAILY READINGS'!L36 -> 1

Sheet DAILY READINGS
C1: Meter Readings San Domenico Palace Taormina
C3: MONTH: NOVEMBER
A5: DAY | B5: ELECTRICITY | D5: GAS GH 37051570 (outside staff entrance) | E5: GAS CV 37051541 (outside CV via Roma) | F5: WATER 1 5982123 (end of Via Bonifacio) | G5: WATER 2 28301903 ( via Bonifacio- Staff Entrance ) | H5: WATER 3 0873-148 ( Top Kitchen entrance) | I5: WATER 4 0873-149 downstairs kitchen entrance | J5: WATER 5 283003-03 (Outside ANCIOVI) | K5: Room Nights | L5: Total Guests
A6: 31 | B6: 4822112 | C6: 666094 | D6: 43379 | E6: 65836 | F6: 6912 | G6: 75195 | H6: 45322 | I6: 49451 | J6: 61989
A7: 1 | B7: 4827170 | C7: 666402 | D7: 43493 | E7: 65984 | F7: 6913 | G7: 75232 | H7: 45322 | I7: 49451 | J7: 62012 | K7: 49 | L7: 92
A8: 2 | B8: 4833238 | C8: 666773 | D8: 43614 | E8: 66154 | F8: 6913 | G8: 75266 | H8: 45323 | I8: 49451 | J8: 62056 | K8: 52 | L8: 98
A9: 3 | B9: 4839370 | C9: 667150 | D9: 43734 | E9: 66314 | F9: 6913 | G9: 75296 | H9: 45323 | I9: 49451 | J9: 62106 | K9: 51 | L9: 100
A10: 4 | B10: 4844412 | C10: 667480 | D10: 43846 | E10: 66484 | F10: 6914 | G10: 75311 | H10: 45324 | I10: 49451 | J10: 62139 | K10: 55 | L10: 99
A11: 5 | B11: 4850528 | C11: 667839 | D11: 43996 | E11: 66755 | F11: 6914 | G11: 75363 | H11: 45324 | I11: 49451 | J11: 62217 | K11: 45 | L11: 79
A12: 6 | B12: 4856028 | C12: 668125 | D12: 44149 | E12: 66946 | F12: 6916 | G12: 75385 | H12: 45325 | I12: 49451 | J12: 62265 | K12: 28 | L12: 44
A13: 7 | B13: 4862290 | C13: 668416 | D13: 44313 | E13: 67154 | F13: 6917 | G13: 75419 | H13: 45326 | I13: 49451 | J13: 62324 | K13: 54 | L13: 71
A14: 8 | B14: 4868212 | C14: 668665 | D14: 44465 | E14: 67352 | F14: 6918 | G14: 75450 | H14: 45326 | I14: 49451 | J14: 62369 | K14: 105 | L14: 150
A15: 9 | B15: 4874046 | C15: 668972 | D15: 44599 | E15: 67543 | F15: 6919 | G15: 75479 | H15: 45326 | I15: 49451 | J15: 62401 | K15: 98 | L15: 144
A16: 10 | B16: 4880548 | C16: 669317 | D16: 44742 | E16: 67738 | F16: 6920 | G16: 75500 | H16: 45326 | I16: 49451 | J16: 62430 | K16: 87 | L16: 135
A17: 11 | B17: 4886210 | C17: 669599 | D17: 44887 | E17: 67935 | F17: 6921 | G17: 75564 | H17: 45327 | I17: 49451 | J17: 62528 | K17: 91 | L17: 146
A18: 12 | B18: 4891050 | C18: 669854 | D18: 45030 | E18: 68138 | F18: 6921 | G18: 75581 | H18: 45327 | I18: 49451 | J18: 62573 | K18: 52 | L18: 89
... A36: 30 | B36: 4964818 | C36: 672049 | D36: 46481 | E36: 70041 | F36: 6940 | G36: 75779 | H36: 45330 | I36: 49451 | J36: 63073 | K36: 1 | L36: 1
A37: SUB TOT | B37: =B36-B6 -> 142706 | C37: =C36-C6 -> 5955 | D37: =D36-D6 -> 3102 | E37: =E36-E6 -> 4205 | F37: =F36-F6 -> 28 | G37: =G36-G6 -> 584 | H37: =H36-H6 -> 8 | I37: =I36-I6 -> 0 | J37: =J36-J6 -> 1084 | K37: =K6+K7+K8+K9+K10+K11+K12+K13+K14+K15+K16+K17+K18+K19+K20+K21+K22+K23+K24+K25+K26+K27+K28+K29+K30+K31+K32+K33+K34+K35+K36 -> 1012 | L37: =L6+L7+L8+L9+L10+L11+L12+L13+L14+L15+L16+L17+L18+L19+L20+L21+L22+L23+L24+L25+L26+L27+L28+L29+L30+L31+L32+L33+L34+L35+L36 -> 1681
A38: TOT | B38: =B37 -> 142706 | D38: =SUM(D37:E37) -> 7307 | F38: =SUM(F37:J37) -> 1704

Sheet Foglio1
