Workbook

Sheet TOTAL
A1: Site Name | B1: Day | C1: Month | D1: Year | E1: Total Electricity Kwh | F1: Electricity Tariff ($/Kwh) | G1: Natual Gas (m3) | H1: Natural Gas $/m3 | I1: Water Utility Supply (m3) m3 | J1: Water Utility Supply (m3) $/m3 | K1: Room Nights | L1: Total Guests
A2: London at Park Lane | B2: 1 | C2: 11 | D2: 2022 | E2: =Submetering!E2+Submetering!F2+Submetering!G2 -> 15706 | F2: =((Submetering!E2+Submetering!F2)*0.11+Submetering!G2*0.0302)/TOTAL!E2 -> 0.096327404 | G2: =Submetering!AC2 -> 2137 | H2: 0.255129 | I2: =Submetering!Y2+Submetering!Z2 -> 1282 | J2: 2.3196173 | K2: =Submetering!AE2 -> 134 | L2: =Submetering!AF2 -> 220
A3: London at Park Lane | B3: =B2+1 -> 2 | C3: 11 | D3: 2022 | E3: =Submetering!E3+Submetering!F3+Submetering!G3 -> 15690 | F3: =((Submetering!E3+Submetering!F3)*0.11+Submetering!G3*0.0302)/TOTAL!E3 -> 0.087606157 | G3: =Submetering!AC3 -> 2552 | H3: 0.255129 | I3: =Submetering!Y3+Submetering!Z3 -> 0 | J3: 2.3196173 | K3: =Submetering!AE3 -> 151 | L3: =Submetering!AF3 -> 248
A4: London at Park Lane | B4: =B3+1 -> 3 | C4: 11 | D4: 2022 | E4: =Submetering!E4+Submetering!F4+Submetering!G4 -> 15579 | F4: =((Submetering!E4+Submetering!F4)*0.11+Submetering!G4*0.0302)/TOTAL!E4 -> 0.086995841 | G4: =Submetering!AC4 -> 2632 | H4: 0.255129 | I4: =Submetering!Y4+Submetering!Z4 -> 0 | J4: 2.3196173 | K4: =Submetering!AE4 -> 145 | L4: =Submetering!AF4 -> 214
A5: London at Park Lane | B5: =B4+1 -> 4 | C5: 11 | D5: 2022 | E5: =Submetering!E5+Submetering!F5+Submetering!G5 -> 15201 | F5: =((Submetering!E5+Submetering!F5)*0.11+Submetering!G5*0.0302)/TOTAL!E5 -> 0.090739017 | G5: =Submetering!AC5 -> 2514 | H5: 0.255129 | I5: =Submetering!Y5+Submetering!Z5 -> 0 | J5: 2.3196173 | K5: =Submetering!AE5 -> 147 | L5: =Submetering!AF5 -> 202
A6: London at Park Lane | B6: =B5+1 -> 5 | C6: 11 | D6: 2022 | E6: =Submetering!E6+Submetering!F6+Submetering!G6 -> 15076 | F6: =((Submetering!E6+Submetering!F6)*0.11+Submetering!G6*0.0302)/TOTAL!E6 -> 0.086371239 | G6: =Submetering!AC6 -> 2502 | H6: 0.255129 | I6: =Submetering!Y6+Submetering!Z6 -> 0 | J6: 2.3196173 | K6: =Submetering!AE6 -> 140 | L6: =Submetering!AF6 -> 186
A7: London at Park Lane | B7: =B6+1 -> 6 | C7: 11 | D7: 2022 | E7: =Submetering!E7+Submetering!F7+Submetering!G7 -> 14817 | F7: =((Submetering!E7+Submetering!F7)*0.11+Submetering!G7*0.0302)/TOTAL!E7 -> 0.086545252 | G7: =Submetering!AC7 -> 2580 | H7: 0.255129 | I7: =Submetering!Y7+Submetering!Z7 -> 0 | J7: 2.3196173 | K7: =Submetering!AE7 -> 142 | L7: =Submetering!AF7 -> 189
A8: London at Park Lane | B8: =B7+1 -> 7 | C8: 11 | D8: 2022 | E8: =Submetering!E8+Submetering!F8+Submetering!G8 -> 15250 | F8: =((Submetering!E8+Submetering!F8)*0.11+Submetering!G8*0.0302)/TOTAL!E8 -> 0.086431528 | G8: =Submetering!AC8 -> 2830 | H8: 0.255129 | I8: =Submetering!Y8+Submetering!Z8 -> 0 | J8: 2.3196173 | K8: =Submetering!AE8 -> 132 | L8: =Submetering!AF8 -> 211
A9: London at Park Lane | B9: =B8+1 -> 8 | C9: 11 | D9: 2022 | E9: =Submetering!E9+Submetering!F9+Submetering!G9 -> 15173 | F9: =((Submetering!E9+Submetering!F9)*0.11+Submetering!G9*0.0302)/TOTAL!E9 -> 0.086832597 | G9: =Submetering!AC9 -> 2974 | H9: 0.255129 | I9: =Submetering!Y9+Submetering!Z9 -> 0 | J9: 2.3196173 | K9: =Submetering!AE9 -> 138 | L9: =Submetering!AF9 -> 218
A10: London at Park Lane | B10: =B9+1 -> 9 | C10: 11 | D10: 2022 | E10: =Submetering!E10+Submetering!F10+Submetering!G10 -> 16029 | F10: =((Submetering!E10+Submetering!F10)*0.11+Submetering!G10*0.0302)/TOTAL!E10 -> 0.0879105 | G10: =Submetering!AC10 -> 3096 | H10: 0.255129 | I10: =Submetering!Y10+Submetering!Z10 -> 0 | J10: 2.3196173 | K10: =Submetering!AE10 -> 143 | L10: =Submetering!AF10 -> 231
A11: London at Park Lane | B11: =B10+1 -> 10 | C11: 11 | D11: 2022 | E11: =Submetering!E11+Submetering!F11+Submetering!G11 -> 14910 | F11: =((Submetering!E11+Submetering!F11)*0.11+Submetering!G11*0.0302)/TOTAL!E11 -> 0.088072394 | G11: =Submetering!AC11 -> 2875 | H11: 0.255129 | I11: =Submetering!Y11+Submetering!Z11 -> 0 | J11: 2.3196173 | K11: =Submetering!AE11 -> 138 | L11: =Submetering!AF11 -> 219
A12: London at Park Lane | B12: =B11+1 -> 11 | C12: 11 | D12: 2022 | E12: =Submetering!E12+Submetering!F12+Submetering!G12 -> 14793 | F12: =((Submetering!E12+Submetering!F12)*0.11+Submetering!G12*0.0302)/TOTAL!E12 -> 0.081959684 | G12: =Submetering!AC12 -> 3557 | H12: 0.255129 | I12: =Submetering!Y12+Submetering!Z12 -> 0 | J12: 2.3196173 | K12: =Submetering!AE12 -> 128 | L12: =Submetering!AF12 -> 196
A13: London at Park Lane | B13: =B12+1 -> 12 | C13: 11 | D13: 2022 | E13: =Submetering!E13+Submetering!F13+Submetering!G13 -> 14651 | F13: =((Submetering!E13+Submetering!F13)*0.11+Submetering!G13*0.0302)/TOTAL!E13 -> 0.093741519 | G13: =Submetering!AC13 -> 2188 | H13: 0.255129 | I13: =Submetering!Y13+Submetering!Z13 -> 0 | J13: 2.3196173 | K13: =Submetering!AE13 -> 125 | L13: =Submetering!AF13 -> 180
A14: London at Park Lane | B14: =B13+1 -> 13 | C14: 11 | D14: 2022 | E14: =Submetering!E14+Submetering!F14+Submetering!G14 -> 16988 | F14: =((Submetering!E14+Submetering!F14)*0.11+Submetering!G14*0.0302)/TOTAL!E14 -> 0.087569755 | G14: =Submetering!AC14 -> 3478 | H14: 0.255129 | I14: =Submetering!Y14+Submetering!Z14 -> 0 | J14: 2.3196173 | K14: =Submetering!AE14 -> 106 | L14: =Submetering!AF14 -> 159
... A31: London at Park Lane | B31: =B30+1 -> 30 | C31: 11 | D31: 2022 | E31: =Submetering!E31+Submetering!F31+Submetering!G31 -> 0 | F31: =((Submetering!E31+Submetering!F31)*0.11+Submetering!G31*0.0302)/TOTAL!E31 -> #DIV/0! | G31: =Submetering!AC31 -> 0 | H31: 0.255129 | I31: =Submetering!Y31+Submetering!Z31 -> 0 | J31: 2.3196173 | K31: =Submetering!AE31 -> 0 | L31: =Submetering!AF31 -> 0

Sheet Submetering
A1: Site Name | B1: Day | C1: Month | D1: Year | E1: LV Panel 1 KWh | F1: LV Panel 2 KWh | G1: CHP KWh | H1: MCC9 KWh | I1: GF Panel KWh | J1: Kitchen Switch. KWh | K1: Kitchen Panel KWh | L1: MCC3 (AHU) KWh | M1: MCC8 KWh | N1: First Floor Plan (KWh) | O1: MCC6 (1st floor AHU) KWh | P1: Chiller 1 KWh | Q1: Chiller 2 KWh | R1: MCC 10 (Mechanical Services) KWh | S1: MCC2 CHW KWh | T1: MCC7 (Kitchen) KWh | U1: MCC 5 (Mechanical services) KWh | V1: MCC 4 (Water Services) KWh | W1: MCC1 (KWh) | X1: Laundry db KWh | Y1: City Water 1 m3 | Z1: City Water 2 m3 | AA1: Laundry CW m3 | AB1: Laundry HW m3 | AC1: Natural Gas m3 | AD1: CHP Natural Gas m3 | AE1: Room Nights | AF1: Total Guests
A2: London at Park Lane | B2: 1 | C2: 12 | D2: 2022 | E2: 6996 | F2: 6019 | G2: 2691 | H2: 570 | I2: 454 | J2: 1204 | K2: 0 | L2: 377 | M2: 18 | N2: 891 | O2: 304 | P2: 1189 | Q2: 2 | R2: 1210 | S2: 2023 | T2: 294 | U2: 80 | V2: 235 | W2: 576 | X2: 570 | Y2: 1268 | Z2: 14 | AA2: 7 | AB2: 2 | AC2: 2137 | AD2: 813 | AE2: 134 | AF2: 220
A3: London at Park Lane | B3: =B2+1 -> 2 | C3: 12 | D3: 2022 | E3: 6783 | F3: 4504 | G3: 4403 | H3: 569 | I3: 439 | J3: 1387 | K3: 0 | L3: 379 | M3: 20 | N3: 822 | O3: 262 | P3: 1089 | Q3: 3 | R3: 1217 | S3: 2030 | T3: 294 | U3: 80 | V3: 242 | W3: 556 | X3: 555 | Y3: 0 | Z3: 0 | AA3: 28 | AB3: 2 | AC3: 2552 | AD3: 13280 | AE3: 151 | AF3: 248
A4: London at Park Lane | B4: =B3+1 -> 3 | C4: 12 | D4: 2022 | E4: 6584 | F4: 4504 | G4: 4491 | H4: 586 | I4: 442 | J4: 1256 | K4: 0 | L4: 383 | M4: 19 | N4: 838 | O4: 237 | P4: 1042 | Q4: 2 | R4: 1220 | S4: 2020 | T4: 297 | U4: 77 | V4: 246 | W4: 561 | X4: 649 | Y4: 0 | Z4: 0 | AA4: 17 | AB4: 2 | AC4: 2632 | AD4: 13717 | AE4: 145 | AF4: 214
A5: London at Park Lane | B5: =B4+1 -> 4 | C5: 12 | D5: 2022 | E5: 6451 | F5: 5081 | G5: 3669 | H5: 594 | I5: 420 | J5: 1361 | K5: 0 | L5: 381 | M5: 18 | N5: 802 | O5: 141 | P5: 914 | Q5: 3 | R5: 1201 | S5: 1944 | T5: 290 | U5: 74 | V5: 238 | W5: 538 | X5: 662 | Y5: 0 | Z5: 0 | AA5: 17 | AB5: 2 | AC5: 2514 | AD5: 11185 | AE5: 147 | AF5: 202
A6: London at Park Lane | B6: =B5+1 -> 5 | C6: 12 | D6: 2022 | E6: 6568 | F6: 4044 | G6: 4464 | H6: 554 | I6: 471 | J6: 1306 | K6: 0 | L6: 390 | M6: 19 | N6: 905 | O6: 244 | P6: 829 | Q6: 2 | R6: 1224 | S6: 1627 | T6: 297 | U6: 81 | V6: 233 | W6: 586 | X6: 603 | Y6: 0 | Z6: 0 | AA6: 14 | AB6: 2 | AC6: 2502 | AD6: 13488 | AE6: 140 | AF6: 186
A7: London at Park Lane | B7: =B6+1 -> 6 | C7: 12 | D7: 2022 | E7: 6540 | F7: 3922 | G7: 4355 | H7: 541 | I7: 451 | J7: 1389 | K7: 0 | L7: 384 | M7: 18 | N7: 796 | O7: 258 | P7: 865 | Q7: 3 | R7: 1198 | S7: 1522 | T7: 290 | U7: 78 | V7: 231 | W7: 576 | X7: 599 | Y7: 0 | Z7: 0 | AA7: 13 | AB7: 2 | AC7: 2580 | AD7: 13130 | AE7: 142 | AF7: 189
A8: London at Park Lane | B8: =B7+1 -> 7 | C8: 12 | D8: 2022 | E8: 6624 | F8: 4122 | G8: 4504 | H8: 552 | I8: 460 | J8: 1435 | K8: 0 | L8: 392 | M8: 19 | N8: 917 | O8: 270 | P8: 856 | Q8: 2 | R8: 1235 | S8: 1569 | T8: 301 | U8: 80 | V8: 245 | W8: 582 | X8: 647 | Y8: 0 | Z8: 0 | AA8: 16 | AB8: 2 | AC8: 2830 | AD8: 13570 | AE8: 132 | AF8: 211
A9: London at Park Lane | B9: =B8+1 -> 8 | C9: 12 | D9: 2022 | E9: 6488 | F9: 4280 | G9: 4405 | H9: 553 | I9: 447 | J9: 1481 | K9: 0 | L9: 378 | M9: 18 | N9: 889 | O9: 254 | P9: 722 | Q9: 2 | R9: 1197 | S9: 1718 | T9: 292 | U9: 76 | V9: 238 | W9: 560 | X9: 619 | Y9: 0 | Z9: 0 | AA9: 36 | AB9: 2 | AC9: 2974 | AD9: 13290 | AE9: 138 | AF9: 218
A10: London at Park Lane | B10: =B9+1 -> 9 | C10: 12 | D10: 2022 | E10: 7185 | F10: 4407 | G10: 4437 | H10: 553 | I10: 455 | J10: 1599 | K10: 0 | L10: 384 | M10: 15 | N10: 878 | O10: 352 | P10: 1118 | Q10: 3 | R10: 1209 | S10: 1867 | T10: 296 | U10: 77 | V10: 251 | W10: 603 | X10: 607 | Y10: 0 | Z10: 0 | AA10: 0 | AB10: 2 | AC10: 3096 | AD10: 13410 | AE10: 143 | AF10: 231
A11: London at Park Lane | B11: =B10+1 -> 10 | C11: 12 | D11: 2022 | E11: 6686 | F11: 4127 | G11: 4097 | H11: 566 | I11: 392 | J11: 1412 | K11: 0 | L11: 362 | M11: 3 | N11: 887 | O11: 327 | P11: 1090 | Q11: 2 | R11: 1115 | S11: 1677 | T11: 272 | U11: 72 | V11: 233 | W11: 589 | X11: 671 | Y11: 0 | Z11: 0 | AA11: 18 | AB11: 3 | AC11: 2875 | AD11: 12340 | AE11: 138 | AF11: 219
A12: London at Park Lane | B12: =B11+1 -> 11 | C12: 12 | D12: 2022 | E12: 5990 | F12: 3605 | G12: 5198 | H12: 568 | I12: 376 | J12: 1280 | K12: 0 | L12: 332 | M12: 3 | N12: 633 | O12: 301 | P12: 923 | Q12: 2 | R12: 1036 | S12: 1496 | T12: 253 | U12: 67 | V12: 208 | W12: 510 | X12: 617 | Y12: 0 | Z12: 0 | AA12: 15 | AB12: 2 | AC12: 3557 | AD12: 15649 | AE12: 128 | AF12: 196
A13: London at Park Lane | B13: =B12+1 -> 12 | C13: 12 | D13: 2022 | E13: 7006 | F13: 4660 | G13: 2985 | H13: 543 | I13: 474 | J13: 1491 | K13: 0 | L13: 386 | M13: 4 | N13: 863 | O13: 362 | P13: 1024 | Q13: 3 | R13: 1229 | S13: 1918 | T13: 300 | U13: 73 | V13: 238 | W13: 581 | X13: 681 | Y13: 0 | Z13: 0 | AA13: 16 | AB13: 2 | AC13: 2188 | AD13: 8961 | AE13: 125 | AF13: 180
A14: London at Park Lane | B14: =B13+1 -> 13 | C14: 12 | D14: 2022 | E14: 7403 | F14: 4810 | G14: 4775 | H14: 596 | I14: 486 | J14: 1537 | K14: 0 | L14: 402 | M14: 3 | N14: 880 | O14: 382 | P14: 1075 | Q14: 2 | R14: 1296 | S14: 2038 | T14: 318 | U14: 73 | V14: 260 | W14: 634 | X14: 670 | Y14: 0 | Z14: 0 | AA14: 18 | AB14: 2 | AC14: 3478 | AD14: 1433 | AE14: 106 | AF14: 159
... A30: London at Park Lane | B30: =B29+1 -> 29 | C30: 12 | D30: 2022 | E30: 0 | F30: 0 | G30: 0 | H30: 0 | I30: 0 | J30: 0 | K30: 0 | L30: 0 | M30: 0 | N30: 0 | O30: 0 | P30: 0 | Q30: 0 | R30: 0 | S30: 0 | T30: 0 | U30: 0 | V30: 0 | W30: 0 | X30: 0 | Y30: 0 | Z30: 0 | AA30: 0 | AB30: 0 | AC30: 0 | AD30: 0 | AE30: 0 | AF30: 0
A31: London at Park Lane | B31: 30 | C31: 12 | D31: 2022 | E31: 0 | F31: 0 | G31: 0 | H31: 0 | I31: 0 | J31: 0 | K31: 0 | L31: 0 | M31: 0 | N31: 0 | O31: 0 | P31: 0 | Q31: 0 | R31: 0 | S31: 0 | T31: 0 | U31: 0 | V31: 0 | W31: 0 | X31: 0 | Y31: 0 | Z31: 0 | AA31: 0 | AB31: 0 | AC31: 0 | AD31: 0 | AE31: 0 | AF31: 0

Sheet FSLPL Daily 
A1: Days | C1: LV Panel 1 KWh | E1: LV Panel 2 KWh | G1: CHP KWh | I1: MCC9 KWh | K1: GF Panel KWh | M1: Kitchen Switchboard | O1: Kitchen Panel | Q1: MCC3 (AHU) KWh | S1: MCC8 KWh | U1: First Floor Panel (KWh) | W1: MCC6(1st floor AHU) KWh | Y1: Chiller 1 KWh | AA1: Chiller 2 KWh | AC1: MCC 10 (Mechanical Services) KWh | AE1: MCC2 CHW KWh | AG1: MCC7 (Kitchen) KWh | AI1: MCC 5 (Mechanical services) KWh | AK1: MCC 4 (Water Services) KWh | AM1: MCC1 (KWh) | AO1: Laundry db KWh | AR1: Hamilton Place Water 1 m3 | AT1: Old Parklane Water 2 m3 | AV1: Laundry: Cold Water m3 | AX1: Laundry: Hot Water m3 | AZ1: Natural Gas m3 | BB1: CHP Natural Gas m3
A2: Date | C2: Reading KWH | D2: Difference KWH | E2: Reading KWH | F2: Difference KWH | G2: Reading KWH | H2: Difference KWH | I2: Reading KWH | J2: Difference KWH | K2: Reading KWH | L2: Difference KWH | M2: Reading KWH | N2: Difference KWH | O2: Reading KWH | P2: Difference KWH | Q2: Reading KWH | R2: Difference KWH | S2: Reading KWH | T2: Difference KWH | U2: Reading KWH | V2: Difference KWH | W2: Reading KWH | X2: Difference KWH | Y2: Reading KWH | Z2: Difference KWH | AA2: Reading KWH | AB2: Difference KWH | AC2: Reading KWH | AD2: Difference KWH | AE2: Reading KWH | AF2: Difference KWH | AG2: Reading KWH | AH2: Difference KWH | AI2: Reading KWH | AJ2: Difference KWH | AK2: Reading KWH | AL2: Difference KWH | AM2: Reading KWH | AN2: Difference KWH | AO2: Reading KWH | AP2: Difference KWH | AR2: Reading m³ | AS2: Daily Consumption m³ | AT2: Reading m³ | AU2: Daily Consumption m³ | AV2: Reading m³ | AW2: Daily Consumption m³ | AX2: Reading m³ | AY2: Daily Consumption m³ | AZ2: Reading Liters | BA2: Daily Consumption L | BB2: Reading Liters | BC2: Daily Consumption L | BD2: ROOM NIGHTS | BE2: TOTAL GUESTS
A3: 44896 | C3: 31864854 | D3: 6996 | E3: 32339390 | F3: 6019 | G3: 13633992 | H3: 2691 | I3: 1911285 | J3: 570 | K3: 3918337 | L3: 454 | M3: 5097881 | N3: 1204 | O3: 2656899 | P3: 0 | Q3: 1562035 | R3: 377 | S3: 572160 | T3: 18 | U3: 4883608 | V3: 891 | W3: 1110547 | X3: 304 | Y3: 5049611 | Z3: 1189 | AA3: 2271792 | AB3: 2 | AC3: 6348142 | AD3: 1210 | AE3: 9138860 | AF3: 2023 | AG3: 1520368 | AH3: 294 | AI3: 285686 | AJ3: 80 | AK3: 1194935 | AL3: 235 | AM3: 2265887 | AN3: 576 | AO3: 2188496 | AP3: 570 | AR3: 289735 | AS3: 1268 | AT3: 275284 | AU3: 14 | AV3: 97318 | AW3: 7 | AX3: 1472 | AY3: 2 | AZ3: 8303862 | BA3: 2137 | BB3: 1948799 | BC3: 813 | BD3: 134 | BE3: 220 | BH3: =193*(BF3/100) -> 0
A4: 44897 | C4: 31871637 | D4: =IF((C4-C3<0), "0",C4-C3) -> 6783 | E4: 32343846 | F4: =IF((E5-E4<0), "0",E5-E4) -> 4504 | G4: 13638395 | H4: =IF((G4-G3<0), "0",G4-G3) -> 4403 | I4: 1911854 | J4: =IF((I4-I3<0), "",I4-I3) -> 569 | K4: 3918776 | L4: =IF((K4-K3<0), "",K4-K3) -> 439 | M4: 5099268 | N4: =IF((M4-M3<0), "",M4-M3) -> 1387 | O4: 2656899 | P4: =IF((O4-O3<0), "",O4-O3) -> 0 | Q4: 1562414 | R4: =IF((Q4-Q3<0), "",Q4-Q3) -> 379 | S4: 572180 | T4: =IF((S4-S3<0), "",S4-S3) -> 20 | U4: 4884430 | V4: =IF((U4-U3<0), "",U4-U3) -> 822 | W4: 1110809 | X4: =IF((W4-W3<0), "",W4-W3) -> 262 | Y4: 5050700 | Z4: =IF((Y4-Y3<0), "",Y4-Y3) -> 1089 | AA4: 2271795 | AB4: =IF((AA4-AA3<0), "",AA4-AA3) -> 3 | AC4: 6349359 | AD4: =IF((AC4-AC3<0), "",AC4-AC3) -> 1217 | AE4: 9140890 | AF4: =IF((AE4-AE3<0), "",AE4-AE3) -> 2030 | AG4: 1520662 | AH4: =IF((AG4-AG3<0), "",AG4-AG3) -> 294 | AI4: 285766 | AJ4: =IF((AI4-AI3<0), "",AI4-AI3) -> 80 | AK4: 1195177 | AL4: =IF((AK4-AK3<0), "",AK4-AK3) -> 242 | AM4: 2266443 | AN4: =IF((AM4-AM3<0), "",AM4-AM3) -> 556 | AO4: 2189051 | AP4: =IF((AO4-AO3<0), "",AO4-AO3) -> 555 | AR4: No reading | AS4: 0 | AT4: No reading | AU4: 0 | AV4: 97346 | AW4: =IF((AV4-AV3<0), "",AV4-AV3) -> 28 | AX4: 1474 | AY4: =IF((AX4-AX3<0), "",AX4-AX3) -> 2 | AZ4: 8306414 | BA4: =IF((AZ4-AZ3<0), "",AZ4-AZ3) -> 2552 | BB4: 1950127 | BC4: =IF((BB4-BB3<0), "",BB4-BB3) -> 1328 | BD4: 151 | BE4: 248 | BH4: =193*(BF4/100) -> 0
A5: 44898 | C5: 31878221 | D5: =IF((C5-C4<0), "0",C5-C4) -> 6584 | E5: 32348350 | F5: =IF((E5-E4<0), "0",E5-E4) -> 4504 | G5: 13642886 | H5: =IF((G5-G4<0), "0",G5-G4) -> 4491 | I5: 1912440 | J5: =IF((I5-I4<0), "0",I5-I4) -> 586 | K5: 3919218 | L5: =IF((K5-K4<0), "0",K5-K4) -> 442 | M5: 5100524 | N5: =IF((M5-M4<0), "0",M5-M4) -> 1256 | O5: 2656899 | P5: =IF((O5-O4<0), "0",O5-O4) -> 0 | Q5: 1562797 | R5: =IF((Q5-Q4<0), "0",Q5-Q4) -> 383 | S5: 572199 | T5: =IF((S5-S4<0), "0",S5-S4) -> 19 | U5: 4885268 | V5: =IF((U5-U4<0), "",U5-U4) -> 838 | W5: 1111046 | X5: =IF((W5-W4<0), "",W5-W4) -> 237 | Y5: 5051742 | Z5: =IF((Y5-Y4<0), "",Y5-Y4) -> 1042 | AA5: 2271797 | AB5: =IF((AA5-AA4<0), "",AA5-AA4) -> 2 | AC5: 6350579 | AD5: =IF((AC5-AC4<0), "",AC5-AC4) -> 1220 | AE5: 9142910 | AF5: =IF((AE5-AE4<0), "",AE5-AE4) -> 2020 | AG5: 1520959 | AH5: =IF((AG5-AG4<0), "",AG5-AG4) -> 297 | AI5: 285843 | AJ5: =IF((AI5-AI4<0), "",AI5-AI4) -> 77 | AK5: 1195423 | AL5: =IF((AK5-AK4<0), "",AK5-AK4) -> 246 | AM5: 2267004 | AN5: =IF((AM5-AM4<0), "",AM5-AM4) -> 561 | AO5: 2189700 | AP5: =IF((AO5-AO4<0), "",AO5-AO4) -> 649 | AR5: No reading | AS5: 0 | AT5: No reading | AU5: 0 | AV5: 97363 | AW5: =IF((AV5-AV4<0), "",AV5-AV4) -> 17 | AX5: 1476 | AY5: =IF((AX5-AX4<0), "",AX5-AX4) -> 2 | AZ5: 8309046 | BA5: =IF((AZ5-AZ4<0), "",AZ5-AZ4) -> 2632 | BB5: 1951498 | BC5: =IF((BB5-BB4<0), "",BB5-BB4) -> 1371 | BD5: 145 | BE5: 214 | BH5: =193*(BF5/100) -> 0
A6: 44899 | C6: 31884672 | D6: =IF((C6-C5<0), "0",C6-C5) -> 6451 | E6: 32353431 | F6: =IF((E6-E5<0), "0",E6-E5) -> 5081 | G6: 13646555 | H6: =IF((G6-G5<0), "0",G6-G5) -> 3669 | I6: 1913034 | J6: =IF((I6-I5<0), "0",I6-I5) -> 594 | K6: 3919638 | L6: =IF((K6-K5<0), "0",K6-K5) -> 420 | M6: 5101885 | N6: =IF((M6-M5<0), "0",M6-M5) -> 1361 | O6: 2656899 | P6: =IF((O6-O5<0), "0",O6-O5) -> 0 | Q6: 1563178 | R6: =IF((Q6-Q5<0), "0",Q6-Q5) -> 381 | S6: 572217 | T6: =IF((S6-S5<0), "0",S6-S5) -> 18 | U6: 4886070 | V6: =IF((U6-U5<0), "",U6-U5) -> 802 | W6: 1111187 | X6: =IF((W6-W5<0), "",W6-W5) -> 141 | Y6: 5052656 | Z6: =IF((Y6-Y5<0), "",Y6-Y5) -> 914 | AA6: 2271800 | AB6: =IF((AA6-AA5<0), "",AA6-AA5) -> 3 | AC6: 6351780 | AD6: =IF((AC6-AC5<0), "",AC6-AC5) -> 1201 | AE6: 9144854 | AF6: =IF((AE6-AE5<0), "",AE6-AE5) -> 1944 | AG6: 1521249 | AH6: =IF((AG6-AG5<0), "",AG6-AG5) -> 290 | AI6: 285917 | AJ6: =IF((AI6-AI5<0), "",AI6-AI5) -> 74 | AK6: 1195661 | AL6: =IF((AK6-AK5<0), "",AK6-AK5) -> 238 | AM6: 2267542 | AN6: =IF((AM6-AM5<0), "",AM6-AM5) -> 538 | AO6: 2190362 | AP6: =IF((AO6-AO5<0), "",AO6-AO5) -> 662 | AR6: No reading | AS6: 0 | AT6: No reading | AU6: 0 | AV6: 97380 | AW6: =IF((AV6-AV5<0), "",AV6-AV5) -> 17 | AX6: 1478 | AY6: =IF((AX6-AX5<0), "",AX6-AX5) -> 2 | AZ6: 8311560 | BA6: =IF((AZ6-AZ5<0), "",AZ6-AZ5) -> 2514 | BB6: 1952617 | BC6: =IF((BB6-BB5<0), "",BB6-BB5) -> 1119 | BD6: 147 | BE6: 202 | BH6: =193*(BF6/100) -> 0
A7: 44900 | C7: 31891240 | D7: =IF((C7-C6<0), "0",C7-C6) -> 6568 | E7: 32357475 | F7: =IF((E7-E6<0), "0",E7-E6) -> 4044 | G7: 13651019 | H7: =IF((G7-G6<0), "0",G7-G6) -> 4464 | I7: 1913588 | J7: =IF((I7-I6<0), "0",I7-I6) -> 554 | K7: 3920109 | L7: =IF((K7-K6<0), "0",K7-K6) -> 471 | M7: 5103191 | N7: =IF((M7-M6<0), "0",M7-M6) -> 1306 | O7: 2656899 | P7: =IF((O7-O6<0), "0",O7-O6) -> 0 | Q7: 1563568 | R7: =IF((Q7-Q6<0), "0",Q7-Q6) -> 390 | S7: 572236 | T7: =IF((S7-S6<0), "0",S7-S6) -> 19 | U7: 4886975 | V7: =IF((U7-U6<0), "",U7-U6) -> 905 | W7: 1111431 | X7: =IF((W7-W6<0), "",W7-W6) -> 244 | Y7: 5053485 | Z7: =IF((Y7-Y6<0), "",Y7-Y6) -> 829 | AA7: 2271802 | AB7: =IF((AA7-AA6<0), "",AA7-AA6) -> 2 | AC7: 6353004 | AD7: =IF((AC7-AC6<0), "",AC7-AC6) -> 1224 | AE7: 9146481 | AF7: =IF((AE7-AE6<0), "",AE7-AE6) -> 1627 | AG7: 1521546 | AH7: =IF((AG7-AG6<0), "",AG7-AG6) -> 297 | AI7: 285998 | AJ7: =IF((AI7-AI6<0), "",AI7-AI6) -> 81 | AK7: 1195894 | AL7: =IF((AK7-AK6<0), "",AK7-AK6) -> 233 | AM7: 2268128 | AN7: =IF((AM7-AM6<0), "",AM7-AM6) -> 586 | AO7: 2190965 | AP7: =IF((AO7-AO6<0), "",AO7-AO6) -> 603 | AR7: No reading | AS7: 0 | AT7: No reading | AU7: 0 | AV7: 97394 | AW7: =IF((AV7-AV6<0), "",AV7-AV6) -> 14 | AX7: 1480 | AY7: =IF((AX7-AX6<0), "",AX7-AX6) -> 2 | AZ7: 8314062 | BA7: =IF((AZ7-AZ6<0), "",AZ7-AZ6) -> 2502 | BB7: 1953966 | BC7: =IF((BB7-BB6<0), "",BB7-BB6) -> 1349 | BD7: 140 | BE7: 186 | BH7: =193*(BF7/100) -> 0
A8: 44901 | C8: 31897780 | D8: =IF((C8-C7<0), "0",C8-C7) -> 6540 | E8: 32361397 | F8: =IF((E8-E7<0), "0",E8-E7) -> 3922 | G8: 13655374 | H8: =IF((G8-G7<0), "0",G8-G7) -> 4355 | I8: 1914129 | J8: =IF((I8-I7<0), "0",I8-I7) -> 541 | K8: 3920560 | L8: =IF((K8-K7<0), "0",K8-K7) -> 451 | M8: 5104580 | N8: =IF((M8-M7<0), "0",M8-M7) -> 1389 | O8: 2656899 | P8: =IF((O8-O7<0), "0",O8-O7) -> 0 | Q8: 1563952 | R8: =IF((Q8-Q7<0), "0",Q8-Q7) -> 384 | S8: 572254 | T8: =IF((S8-S7<0), "0",S8-S7) -> 18 | U8: 4887771 | V8: =IF((U8-U7<0), "",U8-U7) -> 796 | W8: 1111689 | X8: =IF((W8-W7<0), "",W8-W7) -> 258 | Y8: 5054350 | Z8: =IF((Y8-Y7<0), "",Y8-Y7) -> 865 | AA8: 2271805 | AB8: =IF((AA8-AA7<0), "",AA8-AA7) -> 3 | AC8: 6354202 | AD8: =IF((AC8-AC7<0), "",AC8-AC7) -> 1198 | AE8: 9148003 | AF8: =IF((AE8-AE7<0), "",AE8-AE7) -> 1522 | AG8: 1521836 | AH8: =IF((AG8-AG7<0), "",AG8-AG7) -> 290 | AI8: 286076 | AJ8: =IF((AI8-AI7<0), "",AI8-AI7) -> 78 | AK8: 1196125 | AL8: =IF((AK8-AK7<0), "",AK8-AK7) -> 231 | AM8: 2268704 | AN8: =IF((AM8-AM7<0), "",AM8-AM7) -> 576 | AO8: 2191564 | AP8: =IF((AO8-AO7<0), "",AO8-AO7) -> 599 | AR8: No reading | AS8: 0 | AT8: No reading | AU8: 0 | AV8: 97407 | AW8: =IF((AV8-AV7<0), "",AV8-AV7) -> 13 | AX8: 1482 | AY8: =IF((AX8-AX7<0), "",AX8-AX7) -> 2 | AZ8: 8316642 | BA8: =IF((AZ8-AZ7<0), "",AZ8-AZ7) -> 2580 | BB8: 1955279 | BC8: =IF((BB8-BB7<0), "",BB8-BB7) -> 1313 | BD8: 142 | BE8: 189 | BH8: =193*(BF8/100) -> 0
A9: 44902 | C9: 31904404 | D9: =IF((C9-C8<0), "0",C9-C8) -> 6624 | E9: 32365519 | F9: =IF((E9-E8<0), "0",E9-E8) -> 4122 | G9: 13659878 | H9: =IF((G9-G8<0), "0",G9-G8) -> 4504 | I9: 1914681 | J9: =IF((I9-I8<0), "0",I9-I8) -> 552 | K9: 3921020 | L9: =IF((K9-K8<0), "0",K9-K8) -> 460 | M9: 5106015 | N9: =IF((M9-M8<0), "0",M9-M8) -> 1435 | O9: 2656899 | P9: =IF((O9-O8<0), "0",O9-O8) -> 0 | Q9: 1564344 | R9: =IF((Q9-Q8<0), "0",Q9-Q8) -> 392 | S9: 572273 | T9: =IF((S9-S8<0), "0",S9-S8) -> 19 | U9: 4888688 | V9: =IF((U9-U8<0), "",U9-U8) -> 917 | W9: 1111959 | X9: =IF((W9-W8<0), "",W9-W8) -> 270 | Y9: 5055206 | Z9: =IF((Y9-Y8<0), "",Y9-Y8) -> 856 | AA9: 2271807 | AB9: =IF((AA9-AA8<0), "",AA9-AA8) -> 2 | AC9: 6355437 | AD9: =IF((AC9-AC8<0), "",AC9-AC8) -> 1235 | AE9: 9149572 | AF9: =IF((AE9-AE8<0), "",AE9-AE8) -> 1569 | AG9: 1522137 | AH9: =IF((AG9-AG8<0), "",AG9-AG8) -> 301 | AI9: 286156 | AJ9: =IF((AI9-AI8<0), "",AI9-AI8) -> 80 | AK9: 1196370 | AL9: =IF((AK9-AK8<0), "",AK9-AK8) -> 245 | AM9: 2269286 | AN9: =IF((AM9-AM8<0), "",AM9-AM8) -> 582 | AO9: 2192211 | AP9: =IF((AO9-AO8<0), "",AO9-AO8) -> 647 | AR9: No reading | AS9: 0 | AT9: No reading | AU9: 0 | AV9: 97423 | AW9: =IF((AV9-AV8<0), "",AV9-AV8) -> 16 | AX9: 1484 | AY9: =IF((AX9-AX8<0), "",AX9-AX8) -> 2 | AZ9: 8319472 | BA9: =IF((AZ9-AZ8<0), "",AZ9-AZ8) -> 2830 | BB9: 1956636 | BC9: =IF((BB9-BB8<0), "",BB9-BB8) -> 1357 | BD9: 132 | BE9: 211 | BH9: =193*(BF9/100) -> 0
A10: 44903 | C10: 31910892 | D10: =IF((C10-C9<0), "0",C10-C9) -> 6488 | E10: 32369799 | F10: =IF((E10-E9<0), "0",E10-E9) -> 4280 | G10: 13664283 | H10: =IF((G10-G9<0), "0",G10-G9) -> 4405 | I10: 1915234 | J10: =IF((I10-I9<0), "0",I10-I9) -> 553 | K10: 3921467 | L10: =IF((K10-K9<0), "0",K10-K9) -> 447 | M10: 5107496 | N10: =IF((M10-M9<0), "0",M10-M9) -> 1481 | O10: 2656899 | P10: =IF((O10-O9<0), "0",O10-O9) -> 0 | Q10: 1564722 | R10: =IF((Q10-Q9<0), "0",Q10-Q9) -> 378 | S10: 572291 | T10: =IF((S10-S9<0), "0",S10-S9) -> 18 | U10: 4889577 | V10: =IF((U10-U9<0), "",U10-U9) -> 889 | W10: 1112213 | X10: =IF((W10-W9<0), "",W10-W9) -> 254 | Y10: 5055928 | Z10: =IF((Y10-Y9<0), "",Y10-Y9) -> 722 | AA10: 2271809 | AB10: =IF((AA10-AA9<0), "",AA10-AA9) -> 2 | AC10: 6356634 | AD10: =IF((AC10-AC9<0), "",AC10-AC9) -> 1197 | AE10: 9151290 | AF10: =IF((AE10-AE9<0), "",AE10-AE9) -> 1718 | AG10: 1522429 | AH10: =IF((AG10-AG9<0), "",AG10-AG9) -> 292 | AI10: 286232 | AJ10: =IF((AI10-AI9<0), "",AI10-AI9) -> 76 | AK10: 1196608 | AL10: =IF((AK10-AK9<0), "",AK10-AK9) -> 238 | AM10: 2269846 | AN10: =IF((AM10-AM9<0), "",AM10-AM9) -> 560 | AO10: 2192830 | AP10: =IF((AO10-AO9<0), "",AO10-AO9) -> 619 | AR10: No reading | AS10: 0 | AT10: No reading | AU10: 0 | AV10: 97459 | AW10: =IF((AV10-AV9<0), "",AV10-AV9) -> 36 | AX10: 1486 | AY10: =IF((AX10-AX9<0), "",AX10-AX9) -> 2 | AZ10: 8322446 | BA10: =IF((AZ10-AZ9<0), "",AZ10-AZ9) -> 2974 | BB10: 1957965 | BC10: =IF((BB10-BB9<0), "",BB10-BB9) -> 1329 | BD10: 138 | BE10: 218 | BH10: =193*(BF10/100) -> 0
A11: 44904 | C11: 31918077 | D11: =IF((C11-C10<0), "0",C11-C10) -> 7185 | E11: 32374206 | F11: =IF((E11-E10<0), "0",E11-E10) -> 4407 | G11: 13668720 | H11: =IF((G11-G10<0), "0",G11-G10) -> 4437 | I11: 1915787 | J11: =IF((I11-I10<0), "0",I11-I10) -> 553 | K11: 3921922 | L11: =IF((K11-K10<0), "0",K11-K10) -> 455 | M11: 5109095 | N11: =IF((M11-M10<0), "0",M11-M10) -> 1599 | O11: 2656899 | P11: =IF((O11-O10<0), "0",O11-O10) -> 0 | Q11: 1565106 | R11: =IF((Q11-Q10<0), "0",Q11-Q10) -> 384 | S11: 572306 | T11: =IF((S11-S10<0), "0",S11-S10) -> 15 | U11: 4890455 | V11: =IF((U11-U10<0), "",U11-U10) -> 878 | W11: 1112565 | X11: =IF((W11-W10<0), "",W11-W10) -> 352 | Y11: 5057046 | Z11: =IF((Y11-Y10<0), "",Y11-Y10) -> 1118 | AA11: 2271812 | AB11: =IF((AA11-AA10<0), "",AA11-AA10) -> 3 | AC11: 6357843 | AD11: =IF((AC11-AC10<0), "",AC11-AC10) -> 1209 | AE11: 9153157 | AF11: =IF((AE11-AE10<0), "",AE11-AE10) -> 1867 | AG11: 1522725 | AH11: =IF((AG11-AG10<0), "",AG11-AG10) -> 296 | AI11: 286309 | AJ11: =IF((AI11-AI10<0), "",AI11-AI10) -> 77 | AK11: 1196859 | AL11: =IF((AK11-AK10<0), "",AK11-AK10) -> 251 | AM11: 2270449 | AN11: =IF((AM11-AM10<0), "",AM11-AM10) -> 603 | AO11: 2193437 | AP11: =IF((AO11-AO10<0), "",AO11-AO10) -> 607 | AR11: No reading | AS11: 0 | AT11: No reading | AU11: 0 | AV11: 97455 | AW11: =IF((AV11-AV10<0), "",AV11-AV10) | AX11: 1488 | AY11: =IF((AX11-AX10<0), "",AX11-AX10) -> 2 | AZ11: 8325542 | BA11: =IF((AZ11-AZ10<0), "",AZ11-AZ10) -> 3096 | BB11: 1959306 | BC11: =IF((BB11-BB10<0), "",BB11-BB10) -> 1341 | BD11: 143 | BE11: 231 | BH11: =193*(BF11/100) -> 0
A12: 44905 | C12: 31924763 | D12: =IF((C12-C11<0), "0",C12-C11) -> 6686 | E12: 32378333 | F12: =IF((E12-E11<0), "0",E12-E11) -> 4127 | G12: 13672817 | H12: =IF((G12-G11<0), "0",G12-G11) -> 4097 | I12: 1916353 | J12: =IF((I12-I11<0), "0",I12-I11) -> 566 | K12: 3922314 | L12: =IF((K12-K11<0), "0",K12-K11) -> 392 | M12: 5110507 | N12: =IF((M12-M11<0), "0",M12-M11) -> 1412 | O12: 2656899 | P12: =IF((O12-O11<0), "0",O12-O11) -> 0 | Q12: 1565468 | R12: =IF((Q12-Q11<0), "0",Q12-Q11) -> 362 | S12: 572309 | T12: =IF((S12-S11<0), "0",S12-S11) -> 3 | U12: 4891342 | V12: =IF((U12-U11<0), "",U12-U11) -> 887 | W12: 1112892 | X12: =IF((W12-W11<0), "",W12-W11) -> 327 | Y12: 5058136 | Z12: =IF((Y12-Y11<0), "",Y12-Y11) -> 1090 | AA12: 2271814 | AB12: =IF((AA12-AA11<0), "",AA12-AA11) -> 2 | AC12: 6358958 | AD12: =IF((AC12-AC11<0), "",AC12-AC11) -> 1115 | AE12: 9154834 | AF12: =IF((AE12-AE11<0), "",AE12-AE11) -> 1677 | AG12: 1522997 | AH12: =IF((AG12-AG11<0), "",AG12-AG11) -> 272 | AI12: 286381 | AJ12: =IF((AI12-AI11<0), "",AI12-AI11) -> 72 | AK12: 1197092 | AL12: =IF((AK12-AK11<0), "",AK12-AK11) -> 233 | AM12: 2271038 | AN12: =IF((AM12-AM11<0), "",AM12-AM11) -> 589 | AO12: 2194108 | AP12: =IF((AO12-AO11<0), "",AO12-AO11) -> 671 | AR12: No reading | AS12: 0 | AT12: No reading | AU12: 0 | AV12: 97473 | AW12: =IF((AV12-AV11<0), "",AV12-AV11) -> 18 | AX12: 1491 | AY12: =IF((AX12-AX11<0), "",AX12-AX11) -> 3 | AZ12: 8328417 | BA12: =IF((AZ12-AZ11<0), "",AZ12-AZ11) -> 2875 | BB12: 1960540 | BC12: =IF((BB12-BB11<0), "",BB12-BB11) -> 1234 | BD12: 138 | BE12: 219 | BH12: =193*(BF12/100) -> 0
A13: 44906 | C13: 31930753 | D13: =IF((C13-C12<0), "0",C13-C12) -> 5990 | E13: 32381938 | F13: =IF((E13-E12<0), "0",E13-E12) -> 3605 | G13: 13678015 | H13: =IF((G13-G12<0), "0",G13-G12) -> 5198 | I13: 1916939 | J13: =IF((I13-I12<0), "0",I13-I12) -> 586 | K13: 3922690 | L13: =IF((K13-K12<0), "0",K13-K12) -> 376 | M13: 5111787 | N13: =IF((M13-M12<0), "0",M13-M12) -> 1280 | O13: 2656899 | P13: =IF((O13-O12<0), "0",O13-O12) -> 0 | Q13: 1565800 | R13: =IF((Q13-Q12<0), "0",Q13-Q12) -> 332 | S13: 572312 | T13: =IF((S13-S12<0), "0",S13-S12) -> 3 | U13: 4891975 | V13: =IF((U13-U12<0), "",U13-U12) -> 633 | W13: 1113193 | X13: =IF((W13-W12<0), "",W13-W12) -> 301 | Y13: 5059059 | Z13: =IF((Y13-Y12<0), "",Y13-Y12) -> 923 | AA13: 2271816 | AB13: =IF((AA13-AA12<0), "",AA13-AA12) -> 2 | AC13: 6359994 | AD13: =IF((AC13-AC12<0), "",AC13-AC12) -> 1036 | AE13: 9156330 | AF13: =IF((AE13-AE12<0), "",AE13-AE12) -> 1496 | AG13: 1523250 | AH13: =IF((AG13-AG12<0), "",AG13-AG12) -> 253 | AI13: 286448 | AJ13: =IF((AI13-AI12<0), "",AI13-AI12) -> 67 | AK13: 1197300 | AL13: =IF((AK13-AK12<0), "",AK13-AK12) -> 208 | AM13: 2271548 | AN13: =IF((AM13-AM12<0), "",AM13-AM12) -> 510 | AO13: 2194725 | AP13: =IF((AO13-AO12<0), "",AO13-AO12) -> 617 | AR13: No reading | AS13: 0 | AT13: No reading | AU13: 0 | AV13: 97488 | AW13: =IF((AV13-AV12<0), "",AV13-AV12) -> 15 | AX13: 1493 | AY13: =IF((AX13-AX12<0), "",AX13-AX12) -> 2 | AZ13: 8331974 | BA13: =IF((AZ13-AZ12<0), "",AZ13-AZ12) -> 3557 | BB13: 1962104 | BC13: =IF((BB13-BB12<0), "",BB13-BB12) -> 1564 | BD13: 128 | BE13: 196 | BH13: =193*(BF13/100) -> 0
A14: 44907 | C14: 31937759 | D14: =IF((C14-C13<0), "0",C14-C13) -> 7006 | E14: 32386598 | F14: =IF((E14-E13<0), "0",E14-E13) -> 4660 | G14: 13681000 | H14: =IF((G14-G13<0), "0",G14-G13) -> 2985 | I14: 1917482 | J14: =IF((I14-I13<0), "0",I14-I13) -> 543 | K14: 3923164 | L14: =IF((K14-K13<0), "0",K14-K13) -> 474 | M14: 5113278 | N14: =IF((M14-M13<0), "0",M14-M13) -> 1491 | O14: 2656899 | P14: =IF((O14-O13<0), "0",O14-O13) -> 0 | Q14: 1566186 | R14: =IF((Q14-Q13<0), "0",Q14-Q13) -> 386 | S14: 572316 | T14: =IF((S14-S13<0), "0",S14-S13) -> 4 | U14: 4892838 | V14: =IF((U14-U13<0), "",U14-U13) -> 863 | W14: 1113555 | X14: =IF((W14-W13<0), "",W14-W13) -> 362 | Y14: 5060083 | Z14: =IF((Y14-Y13<0), "",Y14-Y13) -> 1024 | AA14: 2271819 | AB14: =IF((AA14-AA13<0), "",AA14-AA13) -> 3 | AC14: 6361223 | AD14: =IF((AC14-AC13<0), "",AC14-AC13) -> 1229 | AE14: 9158248 | AF14: =IF((AE14-AE13<0), "",AE14-AE13) -> 1918 | AG14: 1523550 | AH14: =IF((AG14-AG13<0), "",AG14-AG13) -> 300 | AI14: 286521 | AJ14: =IF((AI14-AI13<0), "",AI14-AI13) -> 73 | AK14: 1197538 | AL14: =IF((AK14-AK13<0), "",AK14-AK13) -> 238 | AM14: 2272129 | AN14: =IF((AM14-AM13<0), "",AM14-AM13) -> 581 | AO14: 2195406 | AP14: =IF((AO14-AO13<0), "",AO14-AO13) -> 681 | AR14: No reading | AS14: 0 | AT14: No reading | AU14: 0 | AV14: 97504 | AW14: =IF((AV14-AV13<0), "",AV14-AV13) -> 16 | AX14: 1495 | AY14: =IF((AX14-AX13<0), "",AX14-AX13) -> 2 | AZ14: 8334162 | BA14: =IF((AZ14-AZ13<0), "",AZ14-AZ13) -> 2188 | BB14: 1963001 | BC14: =IF((BB14-BB13<0), "",BB14-BB13) -> 897 | BD14: 125 | BE14: 180 | BH14: =193*(BF14/100) -> 0
A15: 44908 | C15: 31945162 | D15: =IF((C15-C14<0), "0",C15-C14) -> 7403 | E15: 32391408 | F15: =IF((E15-E14<0), "0",E15-E14) -> 4810 | G15: 13685775 | H15: =IF((G15-G14<0), "0",G15-G14) -> 4775 | I15: 1918078 | J15: =IF((I15-I14<0), "0",I15-I14) -> 596 | K15: 3923650 | L15: =IF((K15-K14<0), "0",K15-K14) -> 486 | M15: 5114815 | N15: =IF((M15-M14<0), "0",M15-M14) -> 1537 | O15: 2656899 | P15: =IF((O15-O14<0), "0",O15-O14) -> 0 | Q15: 1566588 | R15: =IF((Q15-Q14<0), "0",Q15-Q14) -> 402 | S15: 572319 | T15: =IF((S15-S14<0), "0",S15-S14) -> 3 | U15: 4893718 | V15: =IF((U15-U14<0), "",U15-U14) -> 880 | W15: 1113937 | X15: =IF((W15-W14<0), "",W15-W14) -> 382 | Y15: 5061158 | Z15: =IF((Y15-Y14<0), "",Y15-Y14) -> 1075 | AA15: 2271821 | AB15: =IF((AA15-AA14<0), "",AA15-AA14) -> 2 | AC15: 6362519 | AD15: =IF((AC15-AC14<0), "",AC15-AC14) -> 1296 | AE15: 9160286 | AF15: =IF((AE15-AE14<0), "",AE15-AE14) -> 2038 | AG15: 1523868 | AH15: =IF((AG15-AG14<0), "",AG15-AG14) -> 318 | AI15: 286594 | AJ15: =IF((AI15-AI14<0), "",AI15-AI14) -> 73 | AK15: 1197798 | AL15: =IF((AK15-AK14<0), "",AK15-AK14) -> 260 | AM15: 2272763 | AN15: =IF((AM15-AM14<0), "",AM15-AM14) -> 634 | AO15: 2196076 | AP15: =IF((AO15-AO14<0), "",AO15-AO14) -> 670 | AR15: No reading | AS15: 0 | AT15: No reading | AU15: 0 | AV15: 97522 | AW15: =IF((AV15-AV14<0), "",AV15-AV14) -> 18 | AX15: 1497 | AY15: =IF((AX15-AX14<0), "",AX15-AX14) -> 2 | AZ15: 8337640 | BA15: =IF((AZ15-AZ14<0), "",AZ15-AZ14) -> 3478 | BB15: 1964434 | BC15: =IF((BB15-BB14<0), "",BB15-BB14) -> 1433 | BD15: 106 | BE15: 159 | BH15: =193*(BF15/100) -> 0
A16: 44909 | C16: 31951357 | D16: =IF((C16-C15<0), "0",C16-C15) -> 6195 | E16: 32395291 | F16: =IF((E16-E15<0), "0",E16-E15) -> 3883 | G16: 13689736 | H16: =IF((G16-G15<0), "0",G16-G15) -> 3961 | I16: 1918633 | J16: =IF((I16-I15<0), "0",I16-I15) -> 555 | K16: 3924031 | L16: =IF((K16-K15<0), "0",K16-K15) -> 381 | M16: 5116082 | N16: =IF((M16-M15<0), "0",M16-M15) -> 1267 | O16: 2656899 | P16: =IF((O16-O15<0), "0",O16-O15) -> 0 | Q16: 1566927 | R16: =IF((Q16-Q15<0), "0",Q16-Q15) -> 339 | S16: 572323 | T16: =IF((S16-S15<0), "0",S16-S15) -> 4 | U16: 4894518 | V16: =IF((U16-U15<0), "",U16-U15) -> 800 | W16: 1114258 | X16: =IF((W16-W15<0), "",W16-W15) -> 321 | Y16: 5062038 | Z16: =IF((Y16-Y15<0), "",Y16-Y15) -> 880 | AA16: 2271823 | AB16: =IF((AA16-AA15<0), "",AA16-AA15) -> 2 | AC16: 6363597 | AD16: =IF((AC16-AC15<0), "",AC16-AC15) -> 1078 | AE16: 9161899 | AF16: =IF((AE16-AE15<0), "",AE16-AE15) -> 1613 | AG16: 1524131 | AH16: =IF((AG16-AG15<0), "",AG16-AG15) -> 263 | AI16: 286633 | AJ16: =IF((AI16-AI15<0), "",AI16-AI15) -> 39 | AK16: 1198010 | AL16: =IF((AK16-AK15<0), "",AK16-AK15) -> 212 | AM16: 2273293 | AN16: =IF((AM16-AM15<0), "",AM16-AM15) -> 530 | AO16: 2196600 | AP16: =IF((AO16-AO15<0), "",AO16-AO15) -> 524 | AR16: No reading | AS16: 0 | AT16: No reading | AU16: 0 | AV16: 97533 | AW16: =IF((AV16-AV15<0), "",AV16-AV15) -> 11 | AX16: 1498 | AY16: =IF((AX16-AX15<0), "",AX16-AX15) -> 1 | AZ16: 8340556 | BA16: =IF((AZ16-AZ15<0), "",AZ16-AZ15) -> 2916 | BB16: 1965620 | BC16: =IF((BB16-BB15<0), "",BB16-BB15) -> 1186 | BD16: 98 | BE16: 153 | BH16: =193*(BF16/100) -> 0
... A21: 44914 | C21: 0 | D21: =IF((C21-C20<0), "0",C21-C20) -> 0 | E21: 0 | F21: =IF((E21-E20<0), "0",E21-E20) -> 0 | G21: 0 | H21: =IF((G21-G20<0), "0",G21-G20) -> 0 | I21: 0 | J21: =IF((I21-I20<0), "0",I21-I20) -> 0 | K21: 0 | L21: =IF((K21-K20<0), "0",K21-K20) -> 0 | M21: 0 | N21: =IF((M21-M20<0), "0",M21-M20) -> 0 | O21: 0 | P21: =IF((O21-O20<0), "0",O21-O20) -> 0 | Q21: 0 | R21: =IF((Q21-Q20<0), "0",Q21-Q20) -> 0 | S21: 0 | T21: =IF((S21-S20<0), "0",S21-S20) -> 0 | U21: 0 | V21: =IF((U21-U20<0), "",U21-U20) -> 0 | W21: 0 | X21: =IF((W21-W20<0), "",W21-W20) -> 0 | Y21: 0 | Z21: =IF((Y21-Y20<0), "",Y21-Y20) -> 0 | AA21: 0 | AB21: =IF((AA21-AA20<0), "",AA21-AA20) -> 0 | AC21: 0 | AD21: =IF((AC21-AC20<0), "",AC21-AC20) -> 0 | AE21: 0 | AF21: =IF((AE21-AE20<0), "",AE21-AE20) -> 0 | AG21: 0 | AH21: =IF((AG21-AG20<0), "",AG21-AG20) -> 0 | AI21: 0 | AJ21: =IF((AI21-AI20<0), "",AI21-AI20) -> 0 | AK21: 0 | AL21: =IF((AK21-AK20<0), "",AK21-AK20) -> 0 | AM21: 0 | AN21: =IF((AM21-AM20<0), "",AM21-AM20) -> 0 | AO21: 0 | AP21: =IF((AO21-AO20<0), "",AO21-AO20) -> 0 | AR21: No reading | AS21: 0 | AT21: No reading | AU21: 0 | AV21: 0 | AW21: =IF((AV21-AV20<0), "",AV21-AV20) -> 0 | AX21: 0 | AY21: =IF((AX21-AX20<0), "",AX21-AX20) -> 0 | AZ21: 0 | BA21: =IF((AZ21-AZ20<0), "",AZ21-AZ20) -> 0 | BB21: 0 | BC21: =IF((BB21-BB20<0), "",BB21-BB20) -> 0 | BD21: 0 | BE21: 0 | BH21: =193*(BF21/100) -> 0
A22: 44915 | C22: 0 | D22: =IF((C22-C21<0), "0",C22-C21) -> 0 | E22: 0 | F22: =IF((E22-E21<0), "0",E22-E21) -> 0 | G22: 0 | H22: =IF((G22-G21<0), "0",G22-G21) -> 0 | I22: 0 | J22: =IF((I22-I21<0), "0",I22-I21) -> 0 | K22: 0 | L22: =IF((K22-K21<0), "0",K22-K21) -> 0 | M22: 0 | N22: =IF((M22-M21<0), "0",M22-M21) -> 0 | O22: 0 | P22: =IF((O22-O21<0), "0",O22-O21) -> 0 | Q22: 0 | R22: =IF((Q22-Q21<0), "0",Q22-Q21) -> 0 | S22: 0 | T22: =IF((S22-S21<0), "0",S22-S21) -> 0 | U22: 0 | V22: =IF((U22-U21<0), "",U22-U21) -> 0 | W22: 0 | X22: =IF((W22-W21<0), "",W22-W21) -> 0 | Y22: 0 | Z22: =IF((Y22-Y21<0), "",Y22-Y21) -> 0 | AA22: 0 | AB22: =IF((AA22-AA21<0), "",AA22-AA21) -> 0 | AC22: 0 | AD22: =IF((AC22-AC21<0), "",AC22-AC21) -> 0 | AE22: 0 | AF22: =IF((AE22-AE21<0), "",AE22-AE21) -> 0 | AG22: 0 | AH22: =IF((AG22-AG21<0), "",AG22-AG21) -> 0 | AI22: 0 | AJ22: =IF((AI22-AI21<0), "",AI22-AI21) -> 0 | AK22: 0 | AL22: =IF((AK22-AK21<0), "",AK22-AK21) -> 0 | AM22: 0 | AN22: =IF((AM22-AM21<0), "",AM22-AM21) -> 0 | AO22: 0 | AP22: =IF((AO22-AO21<0), "",AO22-AO21) -> 0 | AR22: 0 | AS22: =IF((AR22-AR12<0), "",AR22-AR12) -> #VALUE! | AT22: 0 | AU22: =IF((AT22-AT12<0), "",AT22-AT12) -> #VALUE! | AV22: 0 | AW22: =IF((AV22-AV21<0), "",AV22-AV21) -> 0 | AX22: 0 | AY22: =IF((AX22-AX21<0), "",AX22-AX21) -> 0 | AZ22: 0 | BA22: =IF((AZ22-AZ21<0), "",AZ22-AZ21) -> 0 | BB22: 0 | BC22: =IF((BB22-BB21<0), "",BB22-BB21) -> 0 | BD22: 0 | BE22: 0 | BH22: =193*(BF22/100) -> 0
A23: 44916 | C23: 0 | D23: =IF((C23-C22<0), "0",C23-C22) -> 0 | E23: 0 | F23: =IF((E23-E22<0), "0",E23-E22) -> 0 | G23: 0 | H23: =IF((G23-G22<0), "0",G23-G22) -> 0 | I23: 0 | J23: =IF((I23-I22<0), "0",I23-I22) -> 0 | K23: 0 | L23: =IF((K23-K22<0), "0",K23-K22) -> 0 | M23: 0 | N23: =IF((M23-M22<0), "0",M23-M22) -> 0 | O23: 0 | P23: =IF((O23-O22<0), "0",O23-O22) -> 0 | Q23: 0 | R23: =IF((Q23-Q22<0), "0",Q23-Q22) -> 0 | S23: 0 | T23: =IF((S23-S22<0), "0",S23-S22) -> 0 | U23: 0 | V23: =IF((U23-U22<0), "",U23-U22) -> 0 | W23: 0 | X23: =IF((W23-W22<0), "",W23-W22) -> 0 | Y23: 0 | Z23: =IF((Y23-Y22<0), "",Y23-Y22) -> 0 | AA23: 0 | AB23: =IF((AA23-AA22<0), "",AA23-AA22) -> 0 | AC23: 0 | AD23: =IF((AC23-AC22<0), "",AC23-AC22) -> 0 | AE23: 0 | AF23: =IF((AE23-AE22<0), "",AE23-AE22) -> 0 | AG23: 0 | AH23: =IF((AG23-AG22<0), "",AG23-AG22) -> 0 | AI23: 0 | AJ23: =IF((AI23-AI22<0), "",AI23-AI22) -> 0 | AK23: 0 | AL23: =IF((AK23-AK22<0), "",AK23-AK22) -> 0 | AM23: 0 | AN23: =IF((AM23-AM22<0), "",AM23-AM22) -> 0 | AO23: 0 | AP23: =IF((AO23-AO22<0), "",AO23-AO22) -> 0 | AR23: No reading | AS23: 0 | AT23: No reading | AU23: 0 | AV23: 0 | AW23: =IF((AV23-AV22<0), "",AV23-AV22) -> 0 | AX23: 0 | AY23: =IF((AX23-AX22<0), "",AX23-AX22) -> 0 | AZ23: 0 | BA23: =IF((AZ23-AZ22<0), "",AZ23-AZ22) -> 0 | BB23: 0 | BC23: =IF((BB23-BB22<0), "",BB23-BB22) -> 0 | BD23: 0 | BE23: 0 | BH23: =193*(BF23/100) -> 0
A24: 44917 | C24: 0 | D24: =IF((C24-C23<0), "0",C24-C23) -> 0 | E24: 0 | F24: =IF((E24-E23<0), "0",E24-E23) -> 0 | G24: 0 | H24: =IF((G24-G23<0), "0",G24-G23) -> 0 | I24: 0 | J24: =IF((I24-I23<0), "0",I24-I23) -> 0 | K24: 0 | L24: =IF((K24-K23<0), "0",K24-K23) -> 0 | M24: 0 | N24: =IF((M24-M23<0), "0",M24-M23) -> 0 | O24: 0 | P24: =IF((O24-O23<0), "0",O24-O23) -> 0 | Q24: 0 | R24: =IF((Q24-Q23<0), "0",Q24-Q23) -> 0 | S24: 0 | T24: =IF((S24-S23<0), "0",S24-S23) -> 0 | U24: 0 | V24: =IF((U24-U23<0), "",U24-U23) -> 0 | W24: 0 | X24: =IF((W24-W23<0), "",W24-W23) -> 0 | Y24: 0 | Z24: =IF((Y24-Y23<0), "",Y24-Y23) -> 0 | AA24: 0 | AB24: =IF((AA24-AA23<0), "",AA24-AA23) -> 0 | AC24: 0 | AD24: =IF((AC24-AC23<0), "",AC24-AC23) -> 0 | AE24: 0 | AF24: =IF((AE24-AE23<0), "",AE24-AE23) -> 0 | AG24: 0 | AH24: =IF((AG24-AG23<0), "",AG24-AG23) -> 0 | AI24: 0 | AJ24: =IF((AI24-AI23<0), "",AI24-AI23) -> 0 | AK24: 0 | AL24: =IF((AK24-AK23<0), "",AK24-AK23) -> 0 | AM24: 0 | AN24: =IF((AM24-AM23<0), "",AM24-AM23) -> 0 | AO24: 0 | AP24: =IF((AO24-AO23<0), "",AO24-AO23) -> 0 | AR24: No reading | AS24: 0 | AT24: No reading | AU24: 0 | AV24: 0 | AW24: =IF((AV24-AV23<0), "",AV24-AV23) -> 0 | AX24: 0 | AY24: =IF((AX24-AX23<0), "",AX24-AX23) -> 0 | AZ24: 0 | BA24: =IF((AZ24-AZ23<0), "",AZ24-AZ23) -> 0 | BB24: 0 | BC24: =IF((BB24-BB23<0), "",BB24-BB23) -> 0 | BD24: 0 | BE24: 0 | BH24: =193*(BF24/100) -> 0
A25: 44918 | C25: 0 | D25: =IF((C25-C24<0), "0",C25-C24) -> 0 | E25: 0 | F25: =IF((E25-E24<0), "0",E25-E24) -> 0 | G25: 0 | H25: =IF((G25-G24<0), "0",G25-G24) -> 0 | I25: 0 | J25: =IF((I25-I24<0), "0",I25-I24) -> 0 | K25: 0 | L25: =IF((K25-K24<0), "0",K25-K24) -> 0 | M25: 0 | N25: =IF((M25-M24<0), "0",M25-M24) -> 0 | O25: 0 | P25: =IF((O25-O24<0), "0",O25-O24) -> 0 | Q25: 0 | R25: =IF((Q25-Q24<0), "0",Q25-Q24) -> 0 | S25: 0 | T25: =IF((S25-S24<0), "0",S25-S24) -> 0 | U25: 0 | V25: =IF((U25-U24<0), "",U25-U24) -> 0 | W25: 0 | X25: =IF((W25-W24<0), "",W25-W24) -> 0 | Y25: 0 | Z25: =IF((Y25-Y24<0), "",Y25-Y24) -> 0 | AA25: 0 | AB25: =IF((AA25-AA24<0), "",AA25-AA24) -> 0 | AC25: 0 | AD25: =IF((AC25-AC24<0), "",AC25-AC24) -> 0 | AE25: 0 | AF25: =IF((AE25-AE24<0), "",AE25-AE24) -> 0 | AG25: 0 | AH25: =IF((AG25-AG24<0), "",AG25-AG24) -> 0 | AI25: 0 | AJ25: =IF((AI25-AI24<0), "",AI25-AI24) -> 0 | AK25: 0 | AL25: =IF((AK25-AK24<0), "",AK25-AK24) -> 0 | AM25: 0 | AN25: =IF((AM25-AM24<0), "",AM25-AM24) -> 0 | AO25: 0 | AP25: =IF((AO25-AO24<0), "",AO25-AO24) -> 0 | AR25: No reading | AS25: 0 | AT25: No reading | AU25: 0 | AV25: 0 | AW25: =IF((AV25-AV24<0), "",AV25-AV24) -> 0 | AX25: 0 | AY25: =IF((AX25-AX24<0), "",AX25-AX24) -> 0 | AZ25: 0 | BA25: =IF((AZ25-AZ24<0), "",AZ25-AZ24) -> 0 | BB25: 0 | BC25: =IF((BB25-BB24<0), "",BB25-BB24) -> 0 | BD25: 0 | BE25: 0 | BH25: =193*(BF25/100) -> 0
A26: 44919 | C26: 0 | D26: =IF((C26-C25<0), "0",C26-C25) -> 0 | E26: 0 | F26: =IF((E26-E25<0), "0",E26-E25) -> 0 | G26: 0 | H26: =IF((G26-G25<0), "0",G26-G25) -> 0 | I26: 0 | J26: =IF((I26-I25<0), "0",I26-I25) -> 0 | K26: 0 | L26: =IF((K26-K25<0), "0",K26-K25) -> 0 | M26: 0 | N26: =IF((M26-M25<0), "0",M26-M25) -> 0 | O26: 0 | P26: =IF((O26-O25<0), "0",O26-O25) -> 0 | Q26: 0 | R26: =IF((Q26-Q25<0), "0",Q26-Q25) -> 0 | S26: 0 | T26: =IF((S26-S25<0), "0",S26-S25) -> 0 | U26: 0 | V26: =IF((U26-U25<0), "",U26-U25) -> 0 | W26: 0 | X26: =IF((W26-W25<0), "",W26-W25) -> 0 | Y26: 0 | Z26: =IF((Y26-Y25<0), "",Y26-Y25) -> 0 | AA26: 0 | AB26: =IF((AA26-AA25<0), "",AA26-AA25) -> 0 | AC26: 0 | AD26: =IF((AC26-AC25<0), "",AC26-AC25) -> 0 | AE26: 0 | AF26: =IF((AE26-AE25<0), "",AE26-AE25) -> 0 | AG26: 0 | AH26: =IF((AG26-AG25<0), "",AG26-AG25) -> 0 | AI26: 0 | AJ26: =IF((AI26-AI25<0), "",AI26-AI25) -> 0 | AK26: 0 | AL26: =IF((AK26-AK25<0), "",AK26-AK25) -> 0 | AM26: 0 | AN26: =IF((AM26-AM25<0), "",AM26-AM25) -> 0 | AO26: 0 | AP26: =IF((AO26-AO25<0), "",AO26-AO25) -> 0 | AR26: No reading | AS26: 0 | AT26: No reading | AU26: 0 | AV26: 0 | AW26: =IF((AV26-AV25<0), "",AV26-AV25) -> 0 | AX26: 0 | AY26: =IF((AX26-AX25<0), "",AX26-AX25) -> 0 | AZ26: 0 | BA26: =IF((AZ26-AZ25<0), "",AZ26-AZ25) -> 0 | BB26: 0 | BC26: =IF((BB26-BB25<0), "",BB26-BB25) -> 0 | BD26: 0 | BE26: 0 | BH26: =193*(BF26/100) -> 0
A27: 44920 | C27: 0 | D27: =IF((C27-C26<0), "0",C27-C26) -> 0 | E27: 0 | F27: =IF((E27-E26<0), "0",E27-E26) -> 0 | G27: 0 | H27: =IF((G27-G26<0), "0",G27-G26) -> 0 | I27: 0 | J27: =IF((I27-I26<0), "0",I27-I26) -> 0 | K27: 0 | L27: =IF((K27-K26<0), "0",K27-K26) -> 0 | M27: 0 | N27: =IF((M27-M26<0), "0",M27-M26) -> 0 | O27: 0 | P27: =IF((O27-O26<0), "0",O27-O26) -> 0 | Q27: 0 | R27: =IF((Q27-Q26<0), "0",Q27-Q26) -> 0 | S27: 0 | T27: =IF((S27-S26<0), "0",S27-S26) -> 0 | U27: 0 | V27: =IF((U27-U26<0), "",U27-U26) -> 0 | W27: 0 | X27: =IF((W27-W26<0), "",W27-W26) -> 0 | Y27: 0 | Z27: =IF((Y27-Y26<0), "",Y27-Y26) -> 0 | AA27: 0 | AB27: =IF((AA27-AA26<0), "",AA27-AA26) -> 0 | AC27: 0 | AD27: =IF((AC27-AC26<0), "",AC27-AC26) -> 0 | AE27: 0 | AF27: =IF((AE27-AE26<0), "",AE27-AE26) -> 0 | AG27: 0 | AH27: =IF((AG27-AG26<0), "",AG27-AG26) -> 0 | AI27: 0 | AJ27: =IF((AI27-AI26<0), "",AI27-AI26) -> 0 | AK27: 0 | AL27: =IF((AK27-AK26<0), "",AK27-AK26) -> 0 | AM27: 0 | AN27: =IF((AM27-AM26<0), "",AM27-AM26) -> 0 | AO27: 0 | AP27: =IF((AO27-AO26<0), "",AO27-AO26) -> 0 | AR27: No reading | AS27: 0 | AT27: No reading | AU27: 0 | AV27: 0 | AW27: =IF((AV27-AV26<0), "",AV27-AV26) -> 0 | AX27: 0 | AY27: =IF((AX27-AX26<0), "",AX27-AX26) -> 0 | AZ27: 0 | BA27: =IF((AZ27-AZ26<0), "",AZ27-AZ26) -> 0 | BB27: 0 | BC27: =IF((BB27-BB26<0), "",BB27-BB26) -> 0 | BD27: 0 | BE27: 0 | BH27: =193*(BF27/100) -> 0
A28: 44921 | C28: 0 | D28: =IF((C28-C27<0), "0",C28-C27) -> 0 | E28: 0 | F28: =IF((E28-E27<0), "0",E28-E27) -> 0 | G28: 0 | H28: =IF((G28-G27<0), "0",G28-G27) -> 0 | I28: 0 | J28: =IF((I28-I27<0), "0",I28-I27) -> 0 | K28: 0 | L28: =IF((K28-K27<0), "0",K28-K27) -> 0 | M28: 0 | N28: =IF((M28-M27<0), "0",M28-M27) -> 0 | O28: 0 | P28: =IF((O28-O27<0), "0",O28-O27) -> 0 | Q28: 0 | R28: =IF((Q28-Q27<0), "0",Q28-Q27) -> 0 | S28: 0 | T28: =IF((S28-S27<0), "0",S28-S27) -> 0 | U28: 0 | V28: =IF((U28-U27<0), "",U28-U27) -> 0 | W28: 0 | X28: =IF((W28-W27<0), "",W28-W27) -> 0 | Y28: 0 | Z28: =IF((Y28-Y27<0), "",Y28-Y27) -> 0 | AA28: 0 | AB28: =IF((AA28-AA27<0), "",AA28-AA27) -> 0 | AC28: 0 | AD28: =IF((AC28-AC27<0), "",AC28-AC27) -> 0 | AE28: 0 | AF28: =IF((AE28-AE27<0), "",AE28-AE27) -> 0 | AG28: 0 | AH28: =IF((AG28-AG27<0), "",AG28-AG27) -> 0 | AI28: 0 | AJ28: =IF((AI28-AI27<0), "",AI28-AI27) -> 0 | AK28: 0 | AL28: =IF((AK28-AK27<0), "",AK28-AK27) -> 0 | AM28: 0 | AN28: =IF((AM28-AM27<0), "",AM28-AM27) -> 0 | AO28: 0 | AP28: =IF((AO28-AO27<0), "",AO28-AO27) -> 0 | AR28: No reading | AS28: 0 | AT28: No reading | AU28: 0 | AV28: 0 | AW28: =IF((AV28-AV27<0), "",AV28-AV27) -> 0 | AX28: 0 | AY28: =IF((AX28-AX27<0), "",AX28-AX27) -> 0 | AZ28: 0 | BA28: =IF((AZ28-AZ27<0), "",AZ28-AZ27) -> 0 | BB28: 0 | BC28: =IF((BB28-BB27<0), "",BB28-BB27) -> 0 | BD28: 0 | BE28: 0 | BH28: =193*(BF28/100) -> 0
A29: 44922 | C29: 0 | D29: =IF((C29-C28<0), "0",C29-C28) -> 0 | E29: 0 | F29: =IF((E29-E28<0), "0",E29-E28) -> 0 | G29: 0 | H29: =IF((G29-G28<0), "0",G29-G28) -> 0 | I29: 0 | J29: =IF((I29-I28<0), "0",I29-I28) -> 0 | K29: 0 | L29: =IF((K29-K28<0), "0",K29-K28) -> 0 | M29: 0 | N29: =IF((M29-M28<0), "0",M29-M28) -> 0 | O29: 0 | P29: =IF((O29-O28<0), "0",O29-O28) -> 0 | Q29: 0 | R29: =IF((Q29-Q28<0), "0",Q29-Q28) -> 0 | S29: 0 | T29: =IF((S29-S28<0), "0",S29-S28) -> 0 | U29: 0 | V29: =IF((U29-U28<0), "",U29-U28) -> 0 | W29: 0 | X29: =IF((W29-W28<0), "",W29-W28) -> 0 | Y29: 0 | Z29: =IF((Y29-Y28<0), "",Y29-Y28) -> 0 | AA29: 0 | AB29: =IF((AA29-AA28<0), "",AA29-AA28) -> 0 | AC29: 0 | AD29: =IF((AC29-AC28<0), "",AC29-AC28) -> 0 | AE29: 0 | AF29: =IF((AE29-AE28<0), "",AE29-AE28) -> 0 | AG29: 0 | AH29: =IF((AG29-AG28<0), "",AG29-AG28) -> 0 | AI29: 0 | AJ29: =IF((AI29-AI28<0), "",AI29-AI28) -> 0 | AK29: 0 | AL29: =IF((AK29-AK28<0), "",AK29-AK28) -> 0 | AM29: 0 | AN29: =IF((AM29-AM28<0), "",AM29-AM28) -> 0 | AO29: 0 | AP29: =IF((AO29-AO28<0), "",AO29-AO28) -> 0 | AR29: No reading | AS29: 0 | AT29: No reading | AU29: 0 | AV29: 0 | AW29: =IF((AV29-AV28<0), "",AV29-AV28) -> 0 | AX29: 0 | AY29: =IF((AX29-AX28<0), "",AX29-AX28) -> 0 | AZ29: 0 | BA29: =IF((AZ29-AZ28<0), "",AZ29-AZ28) -> 0 | BB29: 0 | BC29: =IF((BB29-BB28<0), "",BB29-BB28) -> 0 | BD29: 0 | BE29: 0 | BH29: =193*(BF29/100) -> 0
A30: 44923 | C30: 0 | D30: =IF((C30-C29<0), "0",C30-C29) -> 0 | E30: 0 | F30: =IF((E30-E29<0), "0",E30-E29) -> 0 | G30: 0 | H30: =IF((G30-G29<0), "0",G30-G29) -> 0 | I30: 0 | J30: =IF((I30-I29<0), "0",I30-I29) -> 0 | K30: 0 | L30: =IF((K30-K29<0), "0",K30-K29) -> 0 | M30: 0 | N30: =IF((M30-M29<0), "0",M30-M29) -> 0 | O30: 0 | P30: =IF((O30-O29<0), "0",O30-O29) -> 0 | Q30: 0 | R30: =IF((Q30-Q29<0), "0",Q30-Q29) -> 0 | S30: 0 | T30: =IF((S30-S29<0), "0",S30-S29) -> 0 | U30: 0 | V30: =IF((U30-U29<0), "",U30-U29) -> 0 | W30: 0 | X30: =IF((W30-W29<0), "",W30-W29) -> 0 | Y30: 0 | Z30: =IF((Y30-Y29<0), "",Y30-Y29) -> 0 | AA30: 0 | AB30: =IF((AA30-AA29<0), "",AA30-AA29) -> 0 | AC30: 0 | AD30: =IF((AC30-AC29<0), "",AC30-AC29) -> 0 | AE30: 0 | AF30: =IF((AE30-AE29<0), "",AE30-AE29) -> 0 | AG30: 0 | AH30: =IF((AG30-AG29<0), "",AG30-AG29) -> 0 | AI30: 0 | AJ30: =IF((AI30-AI29<0), "",AI30-AI29) -> 0 | AK30: 0 | AL30: =IF((AK30-AK29<0), "",AK30-AK29) -> 0 | AM30: 0 | AN30: =IF((AM30-AM29<0), "",AM30-AM29) -> 0 | AO30: 0 | AP30: =IF((AO30-AO29<0), "",AO30-AO29) -> 0 | AR30: No reading | AS30: 0 | AT30: No reading | AU30: 0 | AV30: 0 | AW30: =IF((AV30-AV29<0), "",AV30-AV29) -> 0 | AX30: 0 | AY30: =IF((AX30-AX29<0), "",AX30-AX29) -> 0 | AZ30: 0 | BA30: =IF((AZ30-AZ29<0), "",AZ30-AZ29) -> 0 | BB30: 0 | BC30: =IF((BB30-BB29<0), "",BB30-BB29) -> 0 | BD30: 0 | BE30: 0 | BH30: =193*(BF30/100) -> 0
A31: 44924 | C31: 0 | D31: =IF((C31-C30<0), "0",C31-C30) -> 0 | E31: 0 | F31: =IF((E31-E30<0), "0",E31-E30) -> 0 | G31: 0 | H31: =IF((G31-G30<0), "0",G31-G30) -> 0 | I31: 0 | J31: =IF((I31-I30<0), "0",I31-I30) -> 0 | K31: 0 | L31: =IF((K31-K30<0), "0",K31-K30) -> 0 | M31: 0 | N31: =IF((M31-M30<0), "0",M31-M30) -> 0 | O31: 0 | P31: =IF((O31-O30<0), "0",O31-O30) -> 0 | Q31: 0 | R31: =IF((Q31-Q30<0), "0",Q31-Q30) -> 0 | S31: 0 | T31: =IF((S31-S30<0), "0",S31-S30) -> 0 | U31: 0 | V31: =IF((U31-U30<0), "",U31-U30) -> 0 | W31: 0 | X31: =IF((W31-W30<0), "",W31-W30) -> 0 | Y31: 0 | Z31: =IF((Y31-Y30<0), "",Y31-Y30) -> 0 | AA31: 0 | AB31: =IF((AA31-AA30<0), "",AA31-AA30) -> 0 | AC31: 0 | AD31: =IF((AC31-AC30<0), "",AC31-AC30) -> 0 | AE31: 0 | AF31: =IF((AE31-AE30<0), "",AE31-AE30) -> 0 | AG31: 0 | AH31: =IF((AG31-AG30<0), "",AG31-AG30) -> 0 | AI31: 0 | AJ31: =IF((AI31-AI30<0), "",AI31-AI30) -> 0 | AK31: 0 | AL31: =IF((AK31-AK30<0), "",AK31-AK30) -> 0 | AM31: 0 | AN31: =IF((AM31-AM30<0), "",AM31-AM30) -> 0 | AO31: 0 | AP31: =IF((AO31-AO30<0), "",AO31-AO30) -> 0 | AR31: No reading | AS31: 0 | AT31: No reading | AU31: 0 | AV31: 0 | AW31: =IF((AV31-AV30<0), "",AV31-AV30) -> 0 | AX31: 0 | AY31: =IF((AX31-AX30<0), "",AX31-AX30) -> 0 | AZ31: 0 | BA31: =IF((AZ31-AZ30<0), "",AZ31-AZ30) -> 0 | BB31: 0 | BC31: =IF((BB31-BB30<0), "",BB31-BB30) -> 0 | BD31: 0 | BE31: 0 | BH31: =193*(BF31/100) -> 0
A32: 44925 | C32: 0 | D32: =IF((C32-C31<0), "0",C32-C31) -> 0 | E32: 0 | F32: =IF((E32-E31<0), "0",E32-E31) -> 0 | G32: 0 | H32: =IF((G32-G31<0), "0",G32-G31) -> 0 | I32: 0 | J32: =IF((I32-I31<0), "0",I32-I31) -> 0 | K32: 0 | L32: =IF((K32-K31<0), "0",K32-K31) -> 0 | M32: 0 | N32: =IF((M32-M31<0), "0",M32-M31) -> 0 | O32: 0 | P32: =IF((O32-O31<0), "0",O32-O31) -> 0 | Q32: 0 | R32: =IF((Q32-Q31<0), "0",Q32-Q31) -> 0 | S32: 0 | T32: =IF((S32-S31<0), "0",S32-S31) -> 0 | U32: 0 | V32: =IF((U32-U31<0), "0",U32-U31) -> 0 | W32: 0 | X32: =IF((W32-W31<0), "0",W32-W31) -> 0 | Y32: 0 | Z32: =IF((Y32-Y31<0), "0",Y32-Y31) -> 0 | AA32: 0 | AB32: =IF((AA32-AA31<0), "0",AA32-AA31) -> 0 | AC32: 0 | AD32: =IF((AC32-AC31<0), "0",AC32-AC31) -> 0 | AE32: 0 | AF32: =IF((AE32-AE31<0), "0",AE32-AE31) -> 0 | AG32: 0 | AH32: =IF((AG32-AG31<0), "0",AG32-AG31) -> 0 | AI32: 0 | AJ32: =IF((AI32-AI31<0), "0",AI32-AI31) -> 0 | AK32: 0 | AL32: =IF((AK32-AK31<0), "0",AK32-AK31) -> 0 | AM32: 0 | AN32: =IF((AM32-AM31<0), "0",AM32-AM31) -> 0 | AO32: 0 | AP32: =IF((AO32-AO31<0), "0",AO32-AO31) -> 0 | AR32: No reading | AS32: 0 | AT32: No reading | AU32: 0 | AV32: 0 | AW32: =IF((AV32-AV31<0), "0",AV32-AV31) -> 0 | AX32: 0 | AY32: =IF((AX32-AX31<0), "0",AX32-AX31) -> 0 | AZ32: 0 | BA32: =IF((AZ32-AZ31<0), "0",AZ32-AZ31) -> 0 | BB32: 0 | BC32: =IF((BB32-B31<0), "0",BB32-BB31) -> 0 | BD32: 0 | BE32: 0 | BH32: =193*(BF32/100) -> 0
