Workbook

Sheet TOTAL
A1: Site Name | B1: Day | C1: Month | D1: Year | E1: Total Electricity Kwh | F1: Electricity Tariff ($/Kwh) | G1: Natual Gas (m3) | H1: Natural Gas $/m3 | I1: Water Utility Supply (m3) m3 | J1: Water Utility Supply (m3) $/m3 | K1: Room Nights | L1: Total Guests
A2: Hampshire | B2: 1 | C2: 6 | D2: 2022 | E2: =(Submetering!E2+Submetering!F2) -> 6122 | F2: 0.35 | G2: =Submetering!M2 -> 2192 | H2: 0.77 | I2: =Submetering!N2 -> 116 | J2: 2.86 | K2: ='Hampshire Daily'!B5 -> 79 | L2: ='Hampshire Daily'!C5 -> 184
A3: Hampshire | B3: =B2+1 -> 2 | C3: 6 | D3: 2022 | E3: =Submetering!E3+Submetering!F3 -> 6573 | F3: 0.35 | G3: =Submetering!M3 -> 2123 | H3: 0.77 | I3: =Submetering!N3 -> 124 | J3: 2.86 | K3: ='Hampshire Daily'!B6 -> 93 | L3: ='Hampshire Daily'!C6 -> 239
A4: Hampshire | B4: =B3+1 -> 3 | C4: 6 | D4: 2022 | E4: =Submetering!E4+Submetering!F4 -> 5791 | F4: 0.35 | G4: =Submetering!M4 -> 2254 | H4: 0.77 | I4: =Submetering!N4 -> 128 | J4: 2.86 | K4: ='Hampshire Daily'!B7 -> 101 | L4: ='Hampshire Daily'!C7 -> 245
A5: Hampshire | B5: =B4+1 -> 4 | C5: 6 | D5: 2022 | E5: =Submetering!E5+Submetering!F5 -> 5841 | F5: 0.35 | G5: =Submetering!M5 -> 2221 | H5: 0.77 | I5: =Submetering!N5 -> 125 | J5: 2.86 | K5: ='Hampshire Daily'!B8 -> 107 | L5: ='Hampshire Daily'!C8 -> 238
A6: Hampshire | B6: =B5+1 -> 5 | C6: 6 | D6: 2022 | E6: =Submetering!E6+Submetering!F6 -> 6397 | F6: 0.35 | G6: =Submetering!M6 -> 2325 | H6: 0.77 | I6: =Submetering!N6 -> 139 | J6: 2.86 | K6: ='Hampshire Daily'!B9 -> 96 | L6: ='Hampshire Daily'!C9 -> 170
A7: Hampshire | B7: =B6+1 -> 6 | C7: 6 | D7: 2022 | E7: =Submetering!E7+Submetering!F7 -> 5925 | F7: 0.35 | G7: =Submetering!M7 -> 2325 | H7: 0.77 | I7: =Submetering!N7 -> 119 | J7: 2.86 | K7: ='Hampshire Daily'!B10 -> 104 | L7: ='Hampshire Daily'!C10 -> 132
A8: Hampshire | B8: =B7+1 -> 7 | C8: 6 | D8: 2022 | E8: =Submetering!E8+Submetering!F8 -> 6035 | F8: 0.35 | G8: =Submetering!M8 -> 2294 | H8: 0.77 | I8: =Submetering!N8 -> 119 | J8: 2.86 | K8: ='Hampshire Daily'!B11 -> 127 | L8: ='Hampshire Daily'!C11 -> 133
A9: Hampshire | B9: =B8+1 -> 8 | C9: 6 | D9: 2022 | E9: =Submetering!E9+Submetering!F9 -> 7692 | F9: 0.35 | G9: =Submetering!M9 -> 2201 | H9: 0.77 | I9: =Submetering!N9 -> 103 | J9: 2.86 | K9: ='Hampshire Daily'!B12 -> 134 | L9: ='Hampshire Daily'!C12 -> 138
A10: Hampshire | B10: =B9+1 -> 9 | C10: 6 | D10: 2022 | E10: =Submetering!E10+Submetering!F10 -> 5917 | F10: 0.35 | G10: =Submetering!M10 -> 2119 | H10: 0.77 | I10: =Submetering!N10 -> 88 | J10: 2.86 | K10: ='Hampshire Daily'!B13 -> 67 | L10: ='Hampshire Daily'!C13 -> 136
A11: Hampshire | B11: =B10+1 -> 10 | C11: 6 | D11: 2022 | E11: =Submetering!E11+Submetering!F11 -> 6360 | F11: 0.35 | G11: =Submetering!M11 -> 2240 | H11: 0.77 | I11: =Submetering!N11 -> 138 | J11: 2.86 | K11: ='Hampshire Daily'!B14 -> 79 | L11: ='Hampshire Daily'!C14 -> 175
A12: Hampshire | B12: =B11+1 -> 11 | C12: 6 | D12: 2022 | E12: =Submetering!E12+Submetering!F12 -> 6529 | F12: 0.35 | G12: =Submetering!M12 -> 2226 | H12: 0.77 | I12: =Submetering!N12 -> -26876 | J12: 2.86 | K12: ='Hampshire Daily'!B15 -> 124 | L12: ='Hampshire Daily'!C15 -> 279
A13: Hampshire | B13: =B12+1 -> 12 | C13: 6 | D13: 2022 | E13: =Submetering!E13+Submetering!F13 -> 6503 | F13: 0.35 | G13: =Submetering!M13 -> 2171 | H13: 0.77 | I13: =Submetering!N13 -> 27139 | J13: 2.86 | K13: ='Hampshire Daily'!B16 -> 127 | L13: ='Hampshire Daily'!C16 -> 293
A14: Hampshire | B14: =B13+1 -> 13 | C14: 6 | D14: 2022 | E14: =Submetering!E14+Submetering!F14 -> 5412 | F14: 0.35 | G14: =Submetering!M14 -> 2099 | H14: 0.77 | I14: =Submetering!N14 -> 130 | J14: 2.86 | K14: ='Hampshire Daily'!B17 -> 39 | L14: ='Hampshire Daily'!C17 -> 68
... A31: Hampshire | B31: =B30+1 -> 30 | C31: 6 | D31: 2022 | E31: =Submetering!E31+Submetering!F31 -> 5454 | F31: 0.35 | G31: =Submetering!M31 -> 2093 | H31: 0.77 | I31: =Submetering!N31 -> 96 | J31: 2.86 | K31: ='Hampshire Daily'!B34 -> 78 | L31: ='Hampshire Daily'!C34 -> 78

Sheet Submetering
A1: Site Name | B1: Day | C1: Month | D1: Year | E1: Meter 1- KWh | F1: Meter 2- KWh | G1: East MCC- KWh | H1: South MCC 1- KWh | I1: South MCC 2- KWh | J1: West MCC- KWh | K1: Kitchen - KWh | L1: SPA - KWh | M1: Gas- KWh | N1: Main Site Water Meter - m3 | O1: Hard Water Supply- m3 | P1: Pool Supply- m3 | Q1: Kids Pool | R1: Room Nights | S1: Total Guests
A2: Hampshire | B2: 1 | C2: 6 | D2: 2022 | E2: ='Hampshire Daily'!D5-'Hampshire Daily'!D4 -> 2398 | F2: ='Hampshire Daily'!E5-'Hampshire Daily'!E4 -> 3724 | G2: ='Hampshire Daily'!F5-'Hampshire Daily'!F4 -> 122 | H2: ='Hampshire Daily'!G5-'Hampshire Daily'!G4 -> 2385 | I2: ='Hampshire Daily'!H5-'Hampshire Daily'!H4 -> 2 | J2: ='Hampshire Daily'!I5-'Hampshire Daily'!I4 -> 3021 | K2: ='Hampshire Daily'!J5-'Hampshire Daily'!J4 -> 1336 | L2: ='Hampshire Daily'!K5-'Hampshire Daily'!K4 -> 12 | M2: ='Hampshire Daily'!N5-'Hampshire Daily'!N4 -> 2192 | N2: ='Hampshire Daily'!O5-'Hampshire Daily'!O4 -> 116 | O2: ='Hampshire Daily'!P5-'Hampshire Daily'!P4 -> 70 | P2: ='Hampshire Daily'!Q5-'Hampshire Daily'!Q4 -> 76 | Q2: ='Hampshire Daily'!T5-'Hampshire Daily'!T4 -> 8 | R2: ='Hampshire Daily'!B5 -> 79 | S2: ='Hampshire Daily'!C5 -> 184
A3: Hampshire | B3: =B2+1 -> 2 | C3: 6 | D3: 2022 | E3: ='Hampshire Daily'!D6-'Hampshire Daily'!D5 -> 2007 | F3: ='Hampshire Daily'!E6-'Hampshire Daily'!E5 -> 4566 | G3: ='Hampshire Daily'!F6-'Hampshire Daily'!F5 -> 239 | H3: ='Hampshire Daily'!G6-'Hampshire Daily'!G5 -> 2181 | I3: ='Hampshire Daily'!H6-'Hampshire Daily'!H5 -> 0 | J3: ='Hampshire Daily'!I6-'Hampshire Daily'!I5 -> 2487 | K3: ='Hampshire Daily'!J6-'Hampshire Daily'!J5 -> -78108 | L3: ='Hampshire Daily'!K6-'Hampshire Daily'!K5 -> 10000 | M3: ='Hampshire Daily'!N6-'Hampshire Daily'!N5 -> 2123 | N3: ='Hampshire Daily'!O6-'Hampshire Daily'!O5 -> 124 | O3: ='Hampshire Daily'!P6-'Hampshire Daily'!P5 -> 71 | P3: ='Hampshire Daily'!Q6-'Hampshire Daily'!Q5 -> 79 | Q3: ='Hampshire Daily'!T6-'Hampshire Daily'!T5 -> 4 | R3: ='Hampshire Daily'!B6 -> 93 | S3: ='Hampshire Daily'!C6 -> 239
A4: Hampshire | B4: =B3+1 -> 3 | C4: 6 | D4: 2022 | E4: ='Hampshire Daily'!D7-'Hampshire Daily'!D6 -> 2259 | F4: ='Hampshire Daily'!E7-'Hampshire Daily'!E6 -> 3532 | G4: ='Hampshire Daily'!F7-'Hampshire Daily'!F6 -> -3000 | H4: ='Hampshire Daily'!G7-'Hampshire Daily'!G6 -> 1197 | I4: ='Hampshire Daily'!H7-'Hampshire Daily'!H6 -> 0 | J4: ='Hampshire Daily'!I7-'Hampshire Daily'!I6 -> 2559 | K4: ='Hampshire Daily'!J7-'Hampshire Daily'!J6 -> 80443 | L4: ='Hampshire Daily'!K7-'Hampshire Daily'!K6 -> -10000 | M4: ='Hampshire Daily'!N7-'Hampshire Daily'!N6 -> 2254 | N4: ='Hampshire Daily'!O7-'Hampshire Daily'!O6 -> 128 | O4: ='Hampshire Daily'!P7-'Hampshire Daily'!P6 -> 75 | P4: ='Hampshire Daily'!Q7-'Hampshire Daily'!Q6 -> 76 | Q4: ='Hampshire Daily'!T7-'Hampshire Daily'!T6 -> 4 | R4: ='Hampshire Daily'!B7 -> 101 | S4: ='Hampshire Daily'!C7 -> 245
A5: Hampshire | B5: =B4+1 -> 4 | C5: 6 | D5: 2022 | E5: ='Hampshire Daily'!D8-'Hampshire Daily'!D7 -> 2351 | F5: ='Hampshire Daily'!E8-'Hampshire Daily'!E7 -> 3490 | G5: ='Hampshire Daily'!F8-'Hampshire Daily'!F7 -> 0 | H5: ='Hampshire Daily'!G8-'Hampshire Daily'!G7 -> 1886 | I5: ='Hampshire Daily'!H8-'Hampshire Daily'!H7 -> 0 | J5: ='Hampshire Daily'!I8-'Hampshire Daily'!I7 -> 2630 | K5: ='Hampshire Daily'!J8-'Hampshire Daily'!J7 -> 1232 | L5: ='Hampshire Daily'!K8-'Hampshire Daily'!K7 -> 1 | M5: ='Hampshire Daily'!N8-'Hampshire Daily'!N7 -> 2221 | N5: ='Hampshire Daily'!O8-'Hampshire Daily'!O7 -> 125 | O5: ='Hampshire Daily'!P8-'Hampshire Daily'!P7 -> 81 | P5: ='Hampshire Daily'!Q8-'Hampshire Daily'!Q7 -> 85 | Q5: ='Hampshire Daily'!T8-'Hampshire Daily'!T7 -> 7 | R5: ='Hampshire Daily'!B8 -> 107 | S5: ='Hampshire Daily'!C8 -> 238
A6: Hampshire | B6: =B5+1 -> 5 | C6: 6 | D6: 2022 | E6: ='Hampshire Daily'!D9-'Hampshire Daily'!D8 -> 2803 | F6: ='Hampshire Daily'!E9-'Hampshire Daily'!E8 -> 3594 | G6: ='Hampshire Daily'!F9-'Hampshire Daily'!F8 -> 0 | H6: ='Hampshire Daily'!G9-'Hampshire Daily'!G8 -> 2109 | I6: ='Hampshire Daily'!H9-'Hampshire Daily'!H8 -> 0 | J6: ='Hampshire Daily'!I9-'Hampshire Daily'!I8 -> 2755 | K6: ='Hampshire Daily'!J9-'Hampshire Daily'!J8 -> 1282 | L6: ='Hampshire Daily'!K9-'Hampshire Daily'!K8 -> 0 | M6: ='Hampshire Daily'!N9-'Hampshire Daily'!N8 -> 2325 | N6: ='Hampshire Daily'!O9-'Hampshire Daily'!O8 -> 139 | O6: ='Hampshire Daily'!P9-'Hampshire Daily'!P8 -> 90 | P6: ='Hampshire Daily'!Q9-'Hampshire Daily'!Q8 -> 92 | Q6: ='Hampshire Daily'!T9-'Hampshire Daily'!T8 -> 7 | R6: ='Hampshire Daily'!B9 -> 96 | S6: ='Hampshire Daily'!C9 -> 170
A7: Hampshire | B7: =B6+1 -> 6 | C7: 6 | D7: 2022 | E7: ='Hampshire Daily'!D10-'Hampshire Daily'!D9 -> 2466 | F7: ='Hampshire Daily'!E10-'Hampshire Daily'!E9 -> 3459 | G7: ='Hampshire Daily'!F10-'Hampshire Daily'!F9 -> 0 | H7: ='Hampshire Daily'!G10-'Hampshire Daily'!G9 -> 2064 | I7: ='Hampshire Daily'!H10-'Hampshire Daily'!H9 -> 0 | J7: ='Hampshire Daily'!I10-'Hampshire Daily'!I9 -> 2712 | K7: ='Hampshire Daily'!J10-'Hampshire Daily'!J9 -> 1277 | L7: ='Hampshire Daily'!K10-'Hampshire Daily'!K9 -> 0 | M7: ='Hampshire Daily'!N10-'Hampshire Daily'!N9 -> 2325 | N7: ='Hampshire Daily'!O10-'Hampshire Daily'!O9 -> 119 | O7: ='Hampshire Daily'!P10-'Hampshire Daily'!P9 -> 84 | P7: ='Hampshire Daily'!Q10-'Hampshire Daily'!Q9 -> 84 | Q7: ='Hampshire Daily'!T10-'Hampshire Daily'!T9 -> 7 | R7: ='Hampshire Daily'!B10 -> 104 | S7: ='Hampshire Daily'!C10 -> 132
A8: Hampshire | B8: =B7+1 -> 7 | C8: 6 | D8: 2022 | E8: ='Hampshire Daily'!D11-'Hampshire Daily'!D10 -> 2622 | F8: ='Hampshire Daily'!E11-'Hampshire Daily'!E10 -> 3413 | G8: ='Hampshire Daily'!F11-'Hampshire Daily'!F10 -> 0 | H8: ='Hampshire Daily'!G11-'Hampshire Daily'!G10 -> 2010 | I8: ='Hampshire Daily'!H11-'Hampshire Daily'!H10 -> 52 | J8: ='Hampshire Daily'!I11-'Hampshire Daily'!I10 -> 2536 | K8: ='Hampshire Daily'!J11-'Hampshire Daily'!J10 -> 1097 | L8: ='Hampshire Daily'!K11-'Hampshire Daily'!K10 -> 0 | M8: ='Hampshire Daily'!N11-'Hampshire Daily'!N10 -> 2294 | N8: ='Hampshire Daily'!O11-'Hampshire Daily'!O10 -> 119 | O8: ='Hampshire Daily'!P11-'Hampshire Daily'!P10 -> 74 | P8: ='Hampshire Daily'!Q11-'Hampshire Daily'!Q10 -> 77.5 | Q8: ='Hampshire Daily'!T11-'Hampshire Daily'!T10 -> 4 | R8: ='Hampshire Daily'!B11 -> 127 | S8: ='Hampshire Daily'!C11 -> 133
A9: Hampshire | B9: =B8+1 -> 8 | C9: 6 | D9: 2022 | E9: ='Hampshire Daily'!D12-'Hampshire Daily'!D11 -> 3080 | F9: ='Hampshire Daily'!E12-'Hampshire Daily'!E11 -> 4612 | G9: ='Hampshire Daily'!F12-'Hampshire Daily'!F11 -> 230 | H9: ='Hampshire Daily'!G12-'Hampshire Daily'!G11 -> 2126 | I9: ='Hampshire Daily'!H12-'Hampshire Daily'!H11 -> 121 | J9: ='Hampshire Daily'!I12-'Hampshire Daily'!I11 -> 2772 | K9: ='Hampshire Daily'!J12-'Hampshire Daily'!J11 -> 1170 | L9: ='Hampshire Daily'!K12-'Hampshire Daily'!K11 -> 12 | M9: ='Hampshire Daily'!N12-'Hampshire Daily'!N11 -> 2201 | N9: ='Hampshire Daily'!O12-'Hampshire Daily'!O11 -> 103 | O9: ='Hampshire Daily'!P12-'Hampshire Daily'!P11 -> 74 | P9: ='Hampshire Daily'!Q12-'Hampshire Daily'!Q11 -> 77.5 | Q9: ='Hampshire Daily'!T12-'Hampshire Daily'!T11 -> 4 | R9: ='Hampshire Daily'!B12 -> 134 | S9: ='Hampshire Daily'!C12 -> 138
A10: Hampshire | B10: =B9+1 -> 9 | C10: 6 | D10: 2022 | E10: ='Hampshire Daily'!D13-'Hampshire Daily'!D12 -> 2645 | F10: ='Hampshire Daily'!E13-'Hampshire Daily'!E12 -> 3272 | G10: ='Hampshire Daily'!F13-'Hampshire Daily'!F12 -> 0 | H10: ='Hampshire Daily'!G13-'Hampshire Daily'!G12 -> 2066 | I10: ='Hampshire Daily'!H13-'Hampshire Daily'!H12 -> 134 | J10: ='Hampshire Daily'!I13-'Hampshire Daily'!I12 -> 2310 | K10: ='Hampshire Daily'!J13-'Hampshire Daily'!J12 -> 968 | L10: ='Hampshire Daily'!K13-'Hampshire Daily'!K12 -> 0 | M10: ='Hampshire Daily'!N13-'Hampshire Daily'!N12 -> 2119 | N10: ='Hampshire Daily'!O13-'Hampshire Daily'!O12 -> 88 | O10: ='Hampshire Daily'!P13-'Hampshire Daily'!P12 -> 58 | P10: ='Hampshire Daily'!Q13-'Hampshire Daily'!Q12 -> 64 | Q10: ='Hampshire Daily'!T13-'Hampshire Daily'!T12 -> 4 | R10: ='Hampshire Daily'!B13 -> 67 | S10: ='Hampshire Daily'!C13 -> 136
A11: Hampshire | B11: =B10+1 -> 10 | C11: 6 | D11: 2022 | E11: ='Hampshire Daily'!D14-'Hampshire Daily'!D13 -> 2893 | F11: ='Hampshire Daily'!E14-'Hampshire Daily'!E13 -> 3467 | G11: ='Hampshire Daily'!F14-'Hampshire Daily'!F13 -> 0 | H11: ='Hampshire Daily'!G14-'Hampshire Daily'!G13 -> 2240 | I11: ='Hampshire Daily'!H14-'Hampshire Daily'!H13 -> 150 | J11: ='Hampshire Daily'!I14-'Hampshire Daily'!I13 -> -2997507 | K11: ='Hampshire Daily'!J14-'Hampshire Daily'!J13 -> 1018 | L11: ='Hampshire Daily'!K14-'Hampshire Daily'!K13 -> 2 | M11: ='Hampshire Daily'!N14-'Hampshire Daily'!N13 -> 2240 | N11: ='Hampshire Daily'!O14-'Hampshire Daily'!O13 -> 138 | O11: ='Hampshire Daily'!P14-'Hampshire Daily'!P13 -> 65 | P11: ='Hampshire Daily'!Q14-'Hampshire Daily'!Q13 -> 67 | Q11: ='Hampshire Daily'!T14-'Hampshire Daily'!T13 -> 3 | R11: ='Hampshire Daily'!B14 -> 79 | S11: ='Hampshire Daily'!C14 -> 175
A12: Hampshire | B12: =B11+1 -> 11 | C12: 6 | D12: 2022 | E12: ='Hampshire Daily'!D15-'Hampshire Daily'!D14 -> 3043 | F12: ='Hampshire Daily'!E15-'Hampshire Daily'!E14 -> 3486 | G12: ='Hampshire Daily'!F15-'Hampshire Daily'!F14 -> 0 | H12: ='Hampshire Daily'!G15-'Hampshire Daily'!G14 -> 1611 | I12: ='Hampshire Daily'!H15-'Hampshire Daily'!H14 -> 18 | J12: ='Hampshire Daily'!I15-'Hampshire Daily'!I14 -> 3002662 | K12: ='Hampshire Daily'!J15-'Hampshire Daily'!J14 -> 1152 | L12: ='Hampshire Daily'!K15-'Hampshire Daily'!K14 -> 4 | M12: ='Hampshire Daily'!N15-'Hampshire Daily'!N14 -> 2226 | N12: ='Hampshire Daily'!O15-'Hampshire Daily'!O14 -> -26876 | O12: ='Hampshire Daily'!P15-'Hampshire Daily'!P14 -> 78 | P12: ='Hampshire Daily'!Q15-'Hampshire Daily'!Q14 -> 79 | Q12: ='Hampshire Daily'!T15-'Hampshire Daily'!T14 -> 4 | R12: ='Hampshire Daily'!B15 -> 124 | S12: ='Hampshire Daily'!C15 -> 279
A13: Hampshire | B13: =B12+1 -> 12 | C13: 6 | D13: 2022 | E13: ='Hampshire Daily'!D16-'Hampshire Daily'!D15 -> 3009 | F13: ='Hampshire Daily'!E16-'Hampshire Daily'!E15 -> 3494 | G13: ='Hampshire Daily'!F16-'Hampshire Daily'!F15 -> 53 | H13: ='Hampshire Daily'!G16-'Hampshire Daily'!G15 -> 1968 | I13: ='Hampshire Daily'!H16-'Hampshire Daily'!H15 -> 0 | J13: ='Hampshire Daily'!I16-'Hampshire Daily'!I15 -> 2636 | K13: ='Hampshire Daily'!J16-'Hampshire Daily'!J15 -> 1154 | L13: ='Hampshire Daily'!K16-'Hampshire Daily'!K15 -> 0 | M13: ='Hampshire Daily'!N16-'Hampshire Daily'!N15 -> 2171 | N13: ='Hampshire Daily'!O16-'Hampshire Daily'!O15 -> 27139 | O13: ='Hampshire Daily'!P16-'Hampshire Daily'!P15 -> 94 | P13: ='Hampshire Daily'!Q16-'Hampshire Daily'!Q15 -> 95 | Q13: ='Hampshire Daily'!T16-'Hampshire Daily'!T15 -> 8 | R13: ='Hampshire Daily'!B16 -> 127 | S13: ='Hampshire Daily'!C16 -> 293
A14: Hampshire | B14: =B13+1 -> 13 | C14: 6 | D14: 2022 | E14: ='Hampshire Daily'!D17-'Hampshire Daily'!D16 -> 2420 | F14: ='Hampshire Daily'!E17-'Hampshire Daily'!E16 -> 2992 | G14: ='Hampshire Daily'!F17-'Hampshire Daily'!F16 -> 0 | H14: ='Hampshire Daily'!G17-'Hampshire Daily'!G16 -> 1595 | I14: ='Hampshire Daily'!H17-'Hampshire Daily'!H16 -> 0 | J14: ='Hampshire Daily'!I17-'Hampshire Daily'!I16 -> 2491 | K14: ='Hampshire Daily'!J17-'Hampshire Daily'!J16 -> 1126 | L14: ='Hampshire Daily'!K17-'Hampshire Daily'!K16 -> 2 | M14: ='Hampshire Daily'!N17-'Hampshire Daily'!N16 -> 2099 | N14: ='Hampshire Daily'!O17-'Hampshire Daily'!O16 -> 130 | O14: ='Hampshire Daily'!P17-'Hampshire Daily'!P16 -> 57 | P14: ='Hampshire Daily'!Q17-'Hampshire Daily'!Q16 -> 63 | Q14: ='Hampshire Daily'!T17-'Hampshire Daily'!T16 -> 7 | R14: ='Hampshire Daily'!B17 -> 39 | S14: ='Hampshire Daily'!C17 -> 68
... A31: Hampshire | B31: =B30+1 -> 30 | C31: 6 | D31: 2022 | E31: ='Hampshire Daily'!D34-'Hampshire Daily'!D33 -> 2399 | F31: ='Hampshire Daily'!E34-'Hampshire Daily'!E33 -> 3055 | G31: ='Hampshire Daily'!F34-'Hampshire Daily'!F33 -> 45 | H31: ='Hampshire Daily'!G34-'Hampshire Daily'!G33 -> 2146 | I31: ='Hampshire Daily'!H34-'Hampshire Daily'!H33 -> 0 | J31: ='Hampshire Daily'!I34-'Hampshire Daily'!I33 -> 2477 | K31: ='Hampshire Daily'!J34-'Hampshire Daily'!J33 -> 1080 | L31: ='Hampshire Daily'!K34-'Hampshire Daily'!K33 -> 0 | M31: ='Hampshire Daily'!N34-'Hampshire Daily'!N33 -> 2093 | N31: ='Hampshire Daily'!O34-'Hampshire Daily'!O33 -> 96 | O31: ='Hampshire Daily'!P34-'Hampshire Daily'!P33 -> 51 | P31: ='Hampshire Daily'!Q34-'Hampshire Daily'!Q33 -> 56 | Q31: ='Hampshire Daily'!T34-'Hampshire Daily'!T33 -> 3 | R31: ='Hampshire Daily'!B34 -> 78 | S31: ='Hampshire Daily'!C34 -> 78

Sheet Hampshire Daily
D1: Electrical | N1: Main Site Gas Meter | O1: Main Site Water Meter | P1: Water Softener Sub Meter | R1: Hard Water Supply Sub Meter | S1: Pool Supply Sub Meter | T1: Kids pool Sub Meter
B2: Room Night | C2: Guest | D2: Main Site Electric Meter 1 | E2: Main Site Electric Meter 2 | F2: East MCC Sub Meter | G2: South MCC 1 Sub Meter | H2: South MCC 2 Sub Meter | I2: West MCC Sub Meter | J2: Kitchen sub meter | K2: Spa electric Sub Meter | L2: East CHP 41 Electric generated | M2: Spa CHP 42 Electric generated
A4: 44712 | B4: 92 | C4: 187 | D4: 1520429 | E4: 1688239 | F4: 325531 | G4: 7795015 | H4: 33768 | I4: 5952642 | J4: 97822 | K4: 2655321 | L4: 1907 | M4: 2763 | N4: 1868185 | O4: 394774 | P4: 353685 | Q4: 57524 | R4: 54354 | S4: 31426 | T4: 3749
A5: =A4+1 -> 44713 | B5: 79 | C5: 184 | D5: 1522827 | E5: 1691963 | F5: 325653 | G5: 7797400 | H5: 33770 | I5: 5955663 | J5: 99158 | K5: 2655333 | L5: 2420 | M5: 2851 | N5: 1870377 | O5: 394890 | P5: 353755 | Q5: 57600 | R5: 54364 | S5: 31426 | T5: 3757
A6: =A5+1 -> 44714 | B6: 93 | C6: 239 | D6: 1524834 | E6: 1696529 | F6: 325892 | G6: 7799581 | H6: 33770 | I6: 5958150 | J6: 21050 | K6: 2665333 | L6: 3584 | M6: 2865 | N6: 1872500 | O6: 395014 | P6: 353826 | Q6: 57679 | R6: 54372 | S6: 31428 | T6: 3761
A7: =A6+1 -> 44715 | B7: 101 | C7: 245 | D7: 1527093 | E7: 1700061 | F7: 322892 | G7: 7800778 | H7: 33770 | I7: 5960709 | J7: 101493 | K7: 2655333 | L7: 3568 | M7: 2861 | N7: 1874754 | O7: 395142 | P7: 353901 | Q7: 57755 | R7: 54380 | S7: 31429 | T7: 3765
A8: =A7+1 -> 44716 | B8: 107 | C8: 238 | D8: 1529444 | E8: 1703551 | F8: 322892 | G8: 7802664 | H8: 33770 | I8: 5963339 | J8: 102725 | K8: 2655334 | L8: 3584 | M8: 2849 | N8: 1876975 | O8: 395267 | P8: 353982 | Q8: 57840 | R8: 54386 | S8: 31430 | T8: 3772
A9: =A8+1 -> 44717 | B9: 96 | C9: 170 | D9: 1532247 | E9: 1707145 | F9: 322892 | G9: 7804773 | H9: 33770 | I9: 5966094 | J9: 104007 | K9: 2655334 | L9: 3593 | M9: 2890 | N9: 1879300 | O9: 395406 | P9: 354072 | Q9: 57932 | R9: 54394 | S9: 31431 | T9: 3779
A10: =A9+1 -> 44718 | B10: 104 | C10: 132 | D10: 1534713 | E10: 1710604 | F10: 322892 | G10: 7806837 | H10: 33770 | I10: 5968806 | J10: 105284 | K10: 2655334 | L10: 3593 | M10: 2897 | N10: 1881625 | O10: 395525 | P10: 354156 | Q10: 58016 | R10: 54402 | S10: 31431 | T10: 3786
A11: =A10+1 -> 44719 | B11: 127 | C11: 133 | D11: 1537335 | E11: 1714017 | F11: 322892 | G11: 7808847 | H11: 33822 | I11: 5971342 | J11: 106381 | K11: 2655334 | L11: 2559 | M11: 2806 | N11: 1883919 | O11: 395644 | P11: =((P12-P10)/2)+P10 -> 354230 | Q11: =((Q12-Q10)/2)+Q10 -> 58093.5 | R11: 54409 | S11: 31432 | T11: 3790
A12: =A11+1 -> 44720 | B12: 134 | C12: 138 | D12: 1540415 | E12: 1718629 | F12: 323122 | G12: 7810973 | H12: 33943 | I12: 5974114 | J12: 107551 | K12: 2655346 | L12: 3537 | M12: 2868 | N12: 1886120 | O12: 395747 | P12: 354304 | Q12: 58171 | R12: 54417 | S12: 31433 | T12: 3794
A13: =A12+1 -> 44721 | B13: 67 | C13: 136 | D13: 1543060 | E13: 1721901 | F13: 323122 | G13: 7813039 | H13: 34077 | I13: 5976424 | J13: 108519 | K13: 2655346 | L13: 3572 | M13: 2880 | N13: 1888239 | O13: 395835 | P13: 354362 | Q13: 58235 | R13: 54430 | S13: 31434 | T13: 3798
A14: =A13+1 -> 44722 | B14: 79 | C14: 175 | D14: 1545953 | E14: 1725368 | F14: 323122 | G14: 7815279 | H14: 34227 | I14: 2978917 | J14: 109537 | K14: 2655348 | L14: 3558 | M14: 2860 | N14: 1890479 | O14: 395973 | P14: 354427 | Q14: 58302 | R14: 54439 | S14: 31435 | T14: 3801
A15: =A14+1 -> 44723 | B15: 124 | C15: 279 | D15: 1548996 | E15: 1728854 | F15: 323122 | G15: 7816890 | H15: 34245 | I15: 5981579 | J15: 110689 | K15: 2655352 | L15: 3282 | M15: 2839 | N15: 1892705 | O15: 369097 | P15: 354505 | Q15: 58381 | R15: 54448 | S15: 31436 | T15: 3805
A16: =A15+1 -> 44724 | B16: 127 | C16: 293 | D16: 1552005 | E16: 1732348 | F16: 323175 | G16: 7818858 | H16: 34245 | I16: 5984215 | J16: 111843 | K16: 2655352 | L16: 3569 | M16: 2881 | N16: 1894876 | O16: 396236 | P16: 354599 | Q16: 58476 | R16: 54456 | S16: 31437 | T16: 3813
A17: =A16+1 -> 44725 | B17: 39 | C17: 68 | D17: 1554425 | E17: 1735340 | F17: 323175 | G17: 7820453 | H17: 34245 | I17: 5986706 | J17: 112969 | K17: 2655354 | L17: 3416 | M17: 2808 | N17: 1896975 | O17: 396366 | P17: 354656 | Q17: 58539 | R17: 54465 | S17: 31449 | T17: 3820
A18: =A17+1 -> 44726 | B18: 52 | C18: 92 | D18: 1556680 | E18: 1738315 | F18: 323200 | G18: 7822154 | H18: 34245 | I18: 5989158 | J18: 114049 | K18: 2655357 | L18: 1915 | M18: 2730 | N18: 1899079 | O18: =((O19-O17)/2)+O17 -> 396456.5 | P18: 354713 | Q18: 58599 | R18: 54472 | S18: 31449 | T18: 3823
A19: =A18+1 -> 44727 | B19: 52 | C19: 98 | D19: 1559194 | E19: 1743886 | F19: 323733 | G19: 7823924 | H19: 34245 | I19: 5991687 | J19: 115084 | K19: 2655359 | L19: 0 | M19: 1801 | N19: 1900641 | O19: 396547 | P19: 354762 | Q19: 58655 | R19: 54479 | S19: 31450 | T19: 3828
A20: =A19+1 -> 44728 | B20: 95 | C20: 160 | D20: 1563550 | E20: 1749405 | F20: 324322 | G20: 7825789 | H20: 34245 | I20: 5993847 | J20: 115948 | K20: 2655746 | L20: 0 | M20: 1033 | N20: 1901417 | O20: 396642 | P20: 354814 | Q20: 58714 | R20: 54485 | S20: 31452 | T20: 3831
A21: =A20+1 -> 44729 | B21: 96 | C21: 200 | D21: 1567192 | E21: 1755606 | F21: 324855 | G21: 7827785 | H21: 34245 | I21: 5996514 | J21: 117119 | K21: 2655985 | L21: 0 | M21: 1479 | N21: 1902380 | O21: 396745 | P21: 354873 | Q21: 58779 | R21: 54496 | S21: 31454 | T21: 3834
A22: =A21+1 -> 44730 | B22: 122 | C22: 263 | D22: 1572571 | E22: 1761913 | F22: 325512 | G22: 7829721 | H22: 34245 | I22: 5999077 | J22: 118252 | K22: 2656472 | L22: 491 | M22: 1860 | N22: 1903152 | O22: 396870 | P22: 354944 | Q22: 58855 | R22: 54507 | S22: 31455 | T22: 3841
A23: =A22+1 -> 44731 | B23: 125 | C23: 290 | D23: 1575299 | E23: 1768079 | F23: 326058 | G23: 7831875 | H23: 34245 | I23: 6001950 | J23: 119565 | K23: 2656496 | L23: 1466 | M23: 2924 | N23: 1904621 | O23: 396999 | P23: 355018 | Q23: 58932 | R23: 54515 | S23: 31456 | T23: 3848
A24: =A23+1 -> 44732 | B24: 101 | C24: 78 | D24: 1577579 | E24: 1771968 | F24: 326230 | G24: 7833750 | H24: 34245 | I24: 6004473 | J24: 120718 | K24: 2656496 | L24: 3418 | M24: 2903 | N24: 1906681 | O24: 397117 | P24: 355082 | Q24: 59003 | R24: 54523 | S24: 31462 | T24: 3852
A25: =A24+1 -> 44733 | B25: 131 | C25: 78 | D25: 1580170 | E25: 1774947 | F25: 326245 | G25: 7835629 | H25: 34265 | I25: 6006839 | J25: 121700 | K25: 2656496 | L25: 3464 | M25: 2877 | N25: 1908802 | O25: 397216 | P25: 355136 | Q25: 59062 | R25: 54531 | S25: 31462 | T25: 3857
A26: =A25+1 -> 44734 | B26: 68 | C26: 87 | D26: 1583304 | E26: 1777948 | F26: 326255 | G26: 7837710 | H26: 34318 | I26: 6009307 | J26: 122689 | K26: 2656508 | L26: 2466 | M26: 2910 | N26: 1911047 | O26: 397326 | P26: 355213 | Q26: 59140 | R26: 54536 | S26: 31464 | T26: 3861
A27: =A26+1 -> 44735 | B27: 124 | C27: 159 | D27: 1586291 | E27: 1782767 | F27: 326596 | G27: 7839732 | H27: 34338 | I27: 6011633 | J27: 123628 | K27: 2656508 | L27: 1854 | M27: 2922 | N27: 1912580 | O27: 397442 | P27: 355273 | Q27: 59202 | R27: 54542 | S27: 31464 | T27: 3864
A28: =A27+1 -> 44736 | B28: 104 | C28: 171 | D28: 1588930 | E28: 1786277 | F28: 326697 | G28: 7841922 | H28: 34338 | I28: 6014169 | J28: 124702 | K28: 2656508 | L28: 3489 | M28: 2917 | N28: 1914665 | O28: 397552 | P28: 355341 | Q28: 59273 | R28: 54550 | S28: 31465 | T28: 3868
A29: =A28+1 -> 44737 | B29: 126 | C29: 212 | D29: 1591521 | E29: 1789436 | F29: 326697 | G29: 7844001 | H29: 34338 | I29: 6016852 | J29: 125909 | K29: 2656508 | L29: 3524 | M29: 2902 | N29: 1916935 | O29: 397657 | P29: 355415 | Q29: 59351 | R29: 54559 | S29: 31466 | T29: 3871
A30: =A29+1 -> 44738 | B30: 75 | C30: 118 | D30: 1593889 | E30: 1792504 | F30: 326697 | G30: 7846114 | H30: 34338 | I30: 6019486 | J30: 127134 | K30: 2656508 | L30: 3524 | M30: 2920 | N30: 1919156 | O30: 397778 | P30: 355492 | Q30: 59431 | R30: 54566 | S30: 31466 | T30: 3878
... A34: =A33+1 -> 44742 | B34: 78 | C34: 78 | D34: 1605449 | E34: 1802955 | F34: 326751 | G34: 7854405 | H34: 34609 | I34: 6029591 | J34: 131513 | K34: 2656521 | L34: 3543 | M34: 2927 | N34: 1927882 | O34: 398220 | P34: 355742 | Q34: 59699 | R34: 54593 | S34: 31486 | T34: 3906
