Workbook

Sheet TOTAL
A1: Site Name | B1: Day | C1: Month | D1: Year | E1: Total Electricity Kwh | F1: Electricity Tariff ($/Kwh) | G1: LPG (Kg) | H1: LPG $/Kg | I1: Water Utility Supply (m3) m3 | J1: Water Utility Supply (m3) $/m3 | K1: Irrigation Water (m3) m3 | L1: Irrigation water $/m3 | M1: Room Nights | N1: Total Guests
A2: Dubai at Jumeirah Beach | B2: 1 | C2: 12 | D2: 2022 | E2: =Submetering!M2+Submetering!N2+Submetering!O2+Submetering!P2+Submetering!Q2+Submetering!R2+Submetering!S2+Submetering!T2+Submetering!U2+Submetering!V2 -> 44091.6 | F2: 0.44448 | G2: =Submetering!Z2+Submetering!AA2+Submetering!AB2 -> 644.49 | H2: =1.74/0.52 -> 3.3461538 | I2: =Submetering!G2 -> 732 | J2: 13.83 | K2: =Submetering!BL2 -> 164 | L2: 1.2 | M2: =Submetering!E2 -> 94.8 | N2: =Submetering!F2 -> 182
A3: Dubai at Jumeirah Beach | B3: =B2+1 -> 2 | C3: 12 | D3: 2022 | E3: =Submetering!M3+Submetering!N3+Submetering!O3+Submetering!P3+Submetering!Q3+Submetering!R3+Submetering!S3+Submetering!T3+Submetering!U3+Submetering!V3 -> 43945.44 | F3: 0.44448 | G3: =Submetering!Z3+Submetering!AA3+Submetering!AB3 -> 621.81 | H3: =1.74/0.52 -> 3.3461538 | I3: =Submetering!G3 -> 673 | J3: 13.83 | K3: =Submetering!BL3 -> 176 | L3: 1.2 | M3: =Submetering!E3 -> 78.21 | N3: =Submetering!F3 -> 154
A4: Dubai at Jumeirah Beach | B4: =B3+1 -> 3 | C4: 12 | D4: 2022 | E4: =Submetering!M4+Submetering!N4+Submetering!O4+Submetering!P4+Submetering!Q4+Submetering!R4+Submetering!S4+Submetering!T4+Submetering!U4+Submetering!V4 -> 41850.48 | F4: 0.44448 | G4: =Submetering!Z4+Submetering!AA4+Submetering!AB4 -> 604.8 | H4: =1.74/0.52 -> 3.3461538 | I4: =Submetering!G4 -> 724 | J4: 13.83 | K4: =Submetering!BL4 -> 169 | L4: 1.2 | M4: =Submetering!E4 -> 85.32 | N4: =Submetering!F4 -> 162
A5: Dubai at Jumeirah Beach | B5: =B4+1 -> 4 | C5: 12 | D5: 2022 | E5: =Submetering!M5+Submetering!N5+Submetering!O5+Submetering!P5+Submetering!Q5+Submetering!R5+Submetering!S5+Submetering!T5+Submetering!U5+Submetering!V5 -> 42678.72 | F5: 0.44448 | G5: =Submetering!Z5+Submetering!AA5+Submetering!AB5 -> 667.17 | H5: =1.74/0.52 -> 3.3461538 | I5: =Submetering!G5 -> 664 | J5: 13.83 | K5: =Submetering!BL5 -> 162 | L5: 1.2 | M5: =Submetering!E5 -> 82.95 | N5: =Submetering!F5 -> 146
A6: Dubai at Jumeirah Beach | B6: =B5+1 -> 5 | C6: 12 | D6: 2022 | E6: =Submetering!M6+Submetering!N6+Submetering!O6+Submetering!P6+Submetering!Q6+Submetering!R6+Submetering!S6+Submetering!T6+Submetering!U6+Submetering!V6 -> 42142.8 | F6: 0.44448 | G6: =Submetering!Z6+Submetering!AA6+Submetering!AB6 -> 636.93 | H6: =1.74/0.52 -> 3.3461538 | I6: =Submetering!G6 -> 669 | J6: 13.83 | K6: =Submetering!BL6 -> 138 | L6: 1.2 | M6: =Submetering!E6 -> 97.17 | N6: =Submetering!F6 -> 166
A7: Dubai at Jumeirah Beach | B7: =B6+1 -> 6 | C7: 12 | D7: 2022 | E7: =Submetering!M7+Submetering!N7+Submetering!O7+Submetering!P7+Submetering!Q7+Submetering!R7+Submetering!S7+Submetering!T7+Submetering!U7+Submetering!V7 -> 41801.76 | F7: 0.44448 | G7: =Submetering!Z7+Submetering!AA7+Submetering!AB7 -> 627.48 | H7: =1.74/0.52 -> 3.3461538 | I7: =Submetering!G7 -> 677 | J7: 13.83 | K7: =Submetering!BL7 -> 137 | L7: 1.2 | M7: =Submetering!E7 -> 111.39 | N7: =Submetering!F7 -> 177
A8: Dubai at Jumeirah Beach | B8: =B7+1 -> 7 | C8: 12 | D8: 2022 | E8: =Submetering!M8+Submetering!N8+Submetering!O8+Submetering!P8+Submetering!Q8+Submetering!R8+Submetering!S8+Submetering!T8+Submetering!U8+Submetering!V8 -> 41996.64 | F8: 0.44448 | G8: =Submetering!Z8+Submetering!AA8+Submetering!AB8 -> 678.51 | H8: =1.74/0.52 -> 3.3461538 | I8: =Submetering!G8 -> 671 | J8: 13.83 | K8: =Submetering!BL8 -> 133 | L8: 1.2 | M8: =Submetering!E8 -> 130.35 | N8: =Submetering!F8 -> 202
A9: Dubai at Jumeirah Beach | B9: =B8+1 -> 8 | C9: 12 | D9: 2022 | E9: =Submetering!M9+Submetering!N9+Submetering!O9+Submetering!P9+Submetering!Q9+Submetering!R9+Submetering!S9+Submetering!T9+Submetering!U9+Submetering!V9 -> 47355.84 | F9: 0.44448 | G9: =Submetering!Z9+Submetering!AA9+Submetering!AB9 -> 725.76 | H9: =1.74/0.52 -> 3.3461538 | I9: =Submetering!G9 -> 775 | J9: 13.83 | K9: =Submetering!BL9 -> 149 | L9: 1.2 | M9: =Submetering!E9 -> 144.57 | N9: =Submetering!F9 -> 227
A10: Dubai at Jumeirah Beach | B10: =B9+1 -> 9 | C10: 12 | D10: 2022 | E10: =Submetering!M10+Submetering!N10+Submetering!O10+Submetering!P10+Submetering!Q10+Submetering!R10+Submetering!S10+Submetering!T10+Submetering!U10+Submetering!V10 -> 38537.52 | F10: 0.44448 | G10: =Submetering!Z10+Submetering!AA10+Submetering!AB10 -> 716.31 | H10: =1.74/0.52 -> 3.3461538 | I10: =Submetering!G10 -> 706 | J10: 13.83 | K10: =Submetering!BL10 -> 122 | L10: 1.2 | M10: =Submetering!E10 -> 151.68 | N10: =Submetering!F10 -> 240
A11: Dubai at Jumeirah Beach | B11: =B10+1 -> 10 | C11: 12 | D11: 2022 | E11: =Submetering!M11+Submetering!N11+Submetering!O11+Submetering!P11+Submetering!Q11+Submetering!R11+Submetering!S11+Submetering!T11+Submetering!U11+Submetering!V11 -> 41412 | F11: 0.44448 | G11: =Submetering!Z11+Submetering!AA11+Submetering!AB11 -> 801.36 | H11: =1.74/0.52 -> 3.3461538 | I11: =Submetering!G11 -> 715 | J11: 13.83 | K11: =Submetering!BL11 -> 140 | L11: 1.2 | M11: =Submetering!E11 -> 151.68 | N11: =Submetering!F11 -> 256
A12: Dubai at Jumeirah Beach | B12: =B11+1 -> 11 | C12: 12 | D12: 2022 | E12: =Submetering!M12+Submetering!N12+Submetering!O12+Submetering!P12+Submetering!Q12+Submetering!R12+Submetering!S12+Submetering!T12+Submetering!U12+Submetering!V12 -> 41168.4 | F12: 0.44448 | G12: =Submetering!Z12+Submetering!AA12+Submetering!AB12 -> 827.82 | H12: =1.74/0.52 -> 3.3461538 | I12: =Submetering!G12 -> 694 | J12: 13.83 | K12: =Submetering!BL12 -> 149 | L12: 1.2 | M12: =Submetering!E12 -> 144.57 | N12: =Submetering!F12 -> 226
A13: Dubai at Jumeirah Beach | B13: =B12+1 -> 12 | C13: 12 | D13: 2022 | E13: =Submetering!M13+Submetering!N13+Submetering!O13+Submetering!P13+Submetering!Q13+Submetering!R13+Submetering!S13+Submetering!T13+Submetering!U13+Submetering!V13 -> 42045.36 | F13: 0.44448 | G13: =Submetering!Z13+Submetering!AA13+Submetering!AB13 -> 839.16 | H13: =1.74/0.52 -> 3.3461538 | I13: =Submetering!G13 -> 744 | J13: 13.83 | K13: =Submetering!BL13 -> 139 | L13: 1.2 | M13: =Submetering!E13 -> 135.09 | N13: =Submetering!F13 -> 232
A14: Dubai at Jumeirah Beach | B14: =B13+1 -> 13 | C14: 12 | D14: 2022 | E14: =Submetering!M14+Submetering!N14+Submetering!O14+Submetering!P14+Submetering!Q14+Submetering!R14+Submetering!S14+Submetering!T14+Submetering!U14+Submetering!V14 -> 36929.76 | F14: 0.44448 | G14: =Submetering!Z14+Submetering!AA14+Submetering!AB14 -> 859.95 | H14: =1.74/0.52 -> 3.3461538 | I14: =Submetering!G14 -> 569 | J14: 13.83 | K14: =Submetering!BL14 -> 137 | L14: 1.2 | M14: =Submetering!E14 -> 106.65 | N14: =Submetering!F14 -> 193
... A27: Dubai at Jumeirah Beach | B27: =B26+1 -> 26 | C27: 12 | D27: 2022 | E27: =Submetering!M27+Submetering!N27+Submetering!O27+Submetering!P27+Submetering!Q27+Submetering!R27+Submetering!S27+Submetering!T27+Submetering!U27+Submetering!V27 -> 36783.6 | F27: 0.44448 | G27: =Submetering!Z27+Submetering!AA27+Submetering!AB27 -> 863.73 | H27: =1.74/0.52 -> 3.3461538 | I27: =Submetering!G27 -> 554 | J27: 13.83 | K27: =Submetering!BL27 -> 216 | L27: 1.2 | M27: =Submetering!E27 -> 173.01 | N27: =Submetering!F27 -> 418
A28: Dubai at Jumeirah Beach | B28: =B27+1 -> 27 | C28: 12 | D28: 2022 | E28: =Submetering!M28+Submetering!N28+Submetering!O28+Submetering!P28+Submetering!Q28+Submetering!R28+Submetering!S28+Submetering!T28+Submetering!U28+Submetering!V28 -> 37075.92 | F28: 0.44448 | G28: =Submetering!Z28+Submetering!AA28+Submetering!AB28 -> 765.45 | H28: =1.74/0.52 -> 3.3461538 | I28: =Submetering!G28 -> 554 | J28: 13.83 | K28: =Submetering!BL28 -> 179 | L28: 1.2 | M28: =Submetering!E29 -> 220.41 | N28: =Submetering!F28 -> 466
A29: Dubai at Jumeirah Beach | B29: =B28+1 -> 28 | C29: 12 | D29: 2022 | E29: =Submetering!M29+Submetering!N29+Submetering!O29+Submetering!P29+Submetering!Q29+Submetering!R29+Submetering!S29+Submetering!T29+Submetering!U29+Submetering!V29 -> 38440.08 | F29: 0.44448 | G29: =Submetering!Z29+Submetering!AA29+Submetering!AB29 -> 927.99 | H29: =1.74/0.52 -> 3.3461538 | I29: =Submetering!G29 -> 659 | J29: 13.83 | K29: =Submetering!BL29 -> 1 | L29: 1.2 | M29: =Submetering!#REF! -> #REF! | N29: =Submetering!F29 -> 464
A30: Dubai at Jumeirah Beach | B30: =B29+1 -> 29 | C30: 12 | D30: 2022 | E30: =Submetering!M30+Submetering!N30+Submetering!O30+Submetering!P30+Submetering!Q30+Submetering!R30+Submetering!S30+Submetering!T30+Submetering!U30+Submetering!V30 -> 39219.6 | F30: 0.44448 | G30: =Submetering!Z30+Submetering!AA30+Submetering!AB30 -> 856.17 | H30: =1.74/0.52 -> 3.3461538 | I30: =Submetering!G30 -> 660 | J30: 13.83 | K30: =Submetering!BL30 -> 0 | L30: 1.2 | M30: =Submetering!E30 -> 218.04 | N30: =Submetering!F30 -> 464
A31: Dubai at Jumeirah Beach | B31: =B30+1 -> 30 | C31: 12 | D31: 2022 | E31: =Submetering!M31+Submetering!N31+Submetering!O31+Submetering!P31+Submetering!Q31+Submetering!R31+Submetering!S31+Submetering!T31+Submetering!U31+Submetering!V31 -> 0 | F31: 0.44448 | G31: =Submetering!Z31+Submetering!AA31+Submetering!AB31 -> 0 | H31: =1.74/0.52 -> 3.3461538 | I31: =Submetering!G31 -> 0 | J31: 13.83 | K31: =Submetering!BL31 -> 0 | L31: 1.2 | M31: =Submetering!E31 -> 0 | N31: =Submetering!F31 -> 464
A32: Dubai at Jumeirah Beach | B32: =B31+1 -> 31 | C32: 12 | D32: 2022 | E32: =Submetering!M32+Submetering!N32+Submetering!O32+Submetering!P32+Submetering!Q32+Submetering!R32+Submetering!S32+Submetering!T32+Submetering!U32+Submetering!V32 -> 0 | F32: 0.44448 | G32: =Submetering!Z32+Submetering!AA32+Submetering!AB32 -> 0 | H32: =1.74/0.52 -> 3.3461538 | I32: =Submetering!G32 -> 0 | J32: 13.83 | K32: =Submetering!BL32 -> 0 | L32: 1.2 | M32: =Submetering!E32 -> 0 | N32: =Submetering!F32 -> 0

Sheet Submetering
A1: Site Name | B1: Day | C1: Month | D1: Year | E1: Room Nights | F1: Total Guests | G1: Potable Water -IG (m3) | H1: Resort Water (m3) | I1: Irrigation Water (m3) | J1: Domestic Water for Irrigation (m3) | K1: Cooling Tower Water (m3) | L1: Cooling Tower Blowdown (m3) | M1: EMDB-1 All Pumps (KWh) | N1: EMDB-2 Elevators (KWh) | O1: MDB-1 Chiller #1 (KWh) | P1: MDB-2 Chiller #2 (KWh) | Q1: MDB-3 Chiller #3(KWh) | R1: MDB-4 North Riser (KWh) | S1: MDB-5 North Riser (KWh) | T1: MDB-6 Main Kitchen (KWh) | U1: MDB-7 South Riser (KWh) | V1: MDB-8 F&B (KWh) | W1: Chiller 1 (Kwh cooling) | X1: Chiller 2 (Kwh cooling) | Y1: Chiller 3 (Kwh cooling) | Z1: Steam Boiler LPG (Kg) | AA1: Solar Hot Water Boiler LPG (Kg) | AB1: Low Temp Hot Water Boiler LPG (Kg) | AC1: Steam Boiler Steam (Kg) | AD1: Ird Kitchen (Kg) | AE1: Suq Kitchen (Kg) | AF1: Bakery Kitchen (Kg) | AG1: Shai Saloon Kitchen (kg) | AH1: Banquet Kitchen (Kg) | AI1: Sea Fu Kitchen (Kg) | AJ1: Jean George Cold Water (m³) | AK1: Jean George Hot Water (m³) | AL1: Coya Cold Water (m³) | AM1: Coya Hot Water (m³) | AN1: Nusrat Cold Water (m³) | AO1: Nusrat Hot Water (m³) | AP1: Provocateur Cold Water (m³) | AQ1: Provocateur Hot Water (m³) | AR1: Scalini Cold Water (m³) | AS1: Scalini Hot Water (m³) | AT1: F&B V Irrigation (m³) | AU1: MDB Coya (KWh) | AV1: MDB Jean Georges (KWh) | AW1: MDB Nusrat(KWh) | AX1: SMDB Provocateur (KWh) | AY1: SMDB Scalini (KWh) | AZ1: Common ESMDB (KWh) | BA1: Chilled Water Coya (Kwh) | BB1: Chilled Water Coya Cold Room (Kwh) | BC1: Chilled Water Jean Georges (Kwh) | BD1: Chilled Water Nusrat (Kwh) | BE1: Chilled Water Provocateur A (Kwh) | BF1: Chilled Water Provocateur B (Kwh) | BG1: Coya LPG (Kg) | BH1: Nusrat LPG (Kg) | BI1: Jean Georges LPG (Kg) | BJ1: Provocateur LPG (Kg) | BK1: Scalini LPG (Kg) | BL1: TSE Irrigation (m3)
A2: Dubai at Jumeirah Beach | B2: 1 | C2: 12 | D2: 2022 | E2: =237*0.4 -> 94.8 | F2: =154+28 -> 182 | G2: ='DJB Daily Readings'!C10-'DJB Daily Readings'!C9 -> 732 | H2: ='DJB Daily Readings'!F10-'DJB Daily Readings'!F9 -> 427 | I2: ='DJB Daily Readings'!K10-'DJB Daily Readings'!K9 -> 277 | J2: ='DJB Daily Readings'!K10-'DJB Daily Readings'!K9 -> 277 | K2: ='DJB Daily Readings'!O10-'DJB Daily Readings'!O9 -> 131 | L2: ='DJB Daily Readings'!R10-'DJB Daily Readings'!R9 -> 18 | M2: ='DJB Daily Readings'!U10-'DJB Daily Readings'!U9 -> 2630.88 | N2: ='DJB Daily Readings'!X10-'DJB Daily Readings'!X9 -> 4579.68 | O2: ='DJB Daily Readings'!AA10-'DJB Daily Readings'!AA9 -> 0 | P2: ='DJB Daily Readings'!AD10-'DJB Daily Readings'!AD9 -> 48.72 | Q2: ='DJB Daily Readings'!AG10-'DJB Daily Readings'!AG9 -> 12959.52 | R2: ='DJB Daily Readings'!AJ10-'DJB Daily Readings'!AJ9 -> 5943.84 | S2: ='DJB Daily Readings'!AM10-'DJB Daily Readings'!AM9 -> 4384.8 | T2: ='DJB Daily Readings'!AP10-'DJB Daily Readings'!AP9 -> 4872 | U2: ='DJB Daily Readings'!AS10-'DJB Daily Readings'!AS9 -> 3118.08 | V2: ='DJB Daily Readings'!AV10-'DJB Daily Readings'!AV9 -> 5554.08 | W2: ='DJB Daily Readings'!AZ10-'DJB Daily Readings'!AZ9 -> 0 | X2: ='DJB Daily Readings'!BC10-'DJB Daily Readings'!BC9 -> 0 | Y2: ='DJB Daily Readings'!BF10-'DJB Daily Readings'!BF9 -> 65200 | Z2: =('DJB Daily Readings'!CK10-'DJB Daily Readings'!CK9)*1.89 -> 137.97 | AA2: =('DJB Daily Readings'!CN10-'DJB Daily Readings'!CN9)*1.89 -> 192.78 | AB2: =('DJB Daily Readings'!CQ10-'DJB Daily Readings'!CQ9)*1.89 -> 313.74 | AC2: ='DJB Daily Readings'!CT10-'DJB Daily Readings'!CT9 -> 168 | AD2: =('DJB Daily Readings'!BY10-'DJB Daily Readings'!BY9)*1.89 -> 39.69 | AE2: =('DJB Daily Readings'!CA10-'DJB Daily Readings'!CA9)*1.89 -> 37.8 | AF2: =('DJB Daily Readings'!CC10-'DJB Daily Readings'!CC9)*1.89 -> 13.23 | AG2: =('DJB Daily Readings'!CE10-'DJB Daily Readings'!CE9)*1.89 -> 18.9 | AH2: =('DJB Daily Readings'!CG10-'DJB Daily Readings'!CG9)*1.89 -> 34.02 | AI2: =('DJB Daily Readings'!CI10-'DJB Daily Readings'!CI9)*1.89 -> 64.26 | AJ2: ='DJB Daily Readings'!CY10-'DJB Daily Readings'!CY9 -> 5 | AK2: ='DJB Daily Readings'!CW10-'DJB Daily Readings'!CW9 -> 8 | AL2: ='DJB Daily Readings'!DC10-'DJB Daily Readings'!DC9 -> 15 | AM2: ='DJB Daily Readings'!DA10-'DJB Daily Readings'!DA9 -> 16 | AN2: ='DJB Daily Readings'!DG10-'DJB Daily Readings'!DG9 -> 6 | AO2: ='DJB Daily Readings'!DE10-'DJB Daily Readings'!DE9 -> 10 | AP2: ='DJB Daily Readings'!DK10-'DJB Daily Readings'!DK9 -> 8 | AQ2: ='DJB Daily Readings'!DI10-'DJB Daily Readings'!DI9 -> 9 | AR2: ='DJB Daily Readings'!DO10-'DJB Daily Readings'!DO9 -> 9 | AS2: ='DJB Daily Readings'!DM10-'DJB Daily Readings'!DM9 -> 4 | AT2: ='DJB Daily Readings'!DQ10-'DJB Daily Readings'!DQ9 -> 10 | AU2: ='DJB Daily Readings'!DT10-'DJB Daily Readings'!DT9 -> 12 | AW2: ='DJB Daily Readings'!DX10-'DJB Daily Readings'!DX9 -> 6.8 | AX2: ='DJB Daily Readings'!DZ10-'DJB Daily Readings'!DZ9 -> 6.8 | AY2: ='DJB Daily Readings'!EB10-'DJB Daily Readings'!EB9 -> 608 | AZ2: ='DJB Daily Readings'!ED10-'DJB Daily Readings'!ED9 -> 154.9 | BA2: ='DJB Daily Readings'!EG10-'DJB Daily Readings'!EG9 -> 4400 | BB2: ='DJB Daily Readings'!EI10-'DJB Daily Readings'!EI9 -> 340 | BC2: ='DJB Daily Readings'!EQ10-'DJB Daily Readings'!EQ9 -> 5600 | BD2: ='DJB Daily Readings'!EK10-'DJB Daily Readings'!EK9 -> 2000 | BE2: ='DJB Daily Readings'!EM10-'DJB Daily Readings'!EM9 -> 400 | BF2: ='DJB Daily Readings'!EO10-'DJB Daily Readings'!EO9 -> 700 | BG2: =('DJB Daily Readings'!ET10-'DJB Daily Readings'!ET9)*1.89 -> 30.24 | BH2: =('DJB Daily Readings'!EV10-'DJB Daily Readings'!EV9)*1.89 -> 24.57 | BI2: =('DJB Daily Readings'!EZ10-'DJB Daily Readings'!EZ9)*1.89 -> 28.35 | BJ2: =('DJB Daily Readings'!EX10-'DJB Daily Readings'!EX9)*1.89 -> 15.12 | BK2: =('DJB Daily Readings'!FB10-'DJB Daily Readings'!FB9)*1.89 -> 68.04 | BL2: ='DJB Daily Readings'!J9 -> 164
A3: Dubai at Jumeirah Beach | B3: =B2+1 -> 2 | C3: 12 | D3: 2022 | E3: =237*0.33 -> 78.21 | F3: =136+18 -> 154 | G3: ='DJB Daily Readings'!C11-'DJB Daily Readings'!C10 -> 673 | H3: ='DJB Daily Readings'!F11-'DJB Daily Readings'!F10 -> 428 | I3: ='DJB Daily Readings'!K11-'DJB Daily Readings'!K10 -> 262 | J3: ='DJB Daily Readings'!K11-'DJB Daily Readings'!K10 -> 262 | K3: ='DJB Daily Readings'!O11-'DJB Daily Readings'!O10 -> 122 | L3: ='DJB Daily Readings'!R11-'DJB Daily Readings'!R10 -> 11 | M3: ='DJB Daily Readings'!U11-'DJB Daily Readings'!U10 -> 2728.32 | N3: ='DJB Daily Readings'!X11-'DJB Daily Readings'!X10 -> 4628.4 | O3: ='DJB Daily Readings'!AA11-'DJB Daily Readings'!AA10 -> 48.72 | P3: ='DJB Daily Readings'!AD11-'DJB Daily Readings'!AD10 -> 389.76 | Q3: ='DJB Daily Readings'!AG11-'DJB Daily Readings'!AG10 -> 12813.36 | R3: ='DJB Daily Readings'!AJ11-'DJB Daily Readings'!AJ10 -> 5700.24 | S3: ='DJB Daily Readings'!AM11-'DJB Daily Readings'!AM10 -> 4043.76 | T3: ='DJB Daily Readings'!AP11-'DJB Daily Readings'!AP10 -> 4677.12 | U3: ='DJB Daily Readings'!AS11-'DJB Daily Readings'!AS10 -> 3020.64 | V3: ='DJB Daily Readings'!AV11-'DJB Daily Readings'!AV10 -> 5895.12 | W3: ='DJB Daily Readings'!AZ11-'DJB Daily Readings'!AZ10 -> 0 | X3: ='DJB Daily Readings'!BC11-'DJB Daily Readings'!BC10 -> 0 | Y3: ='DJB Daily Readings'!BF11-'DJB Daily Readings'!BF10 -> 64700 | Z3: =('DJB Daily Readings'!CK11-'DJB Daily Readings'!CK10)*1.89 -> 134.19 | AA3: =('DJB Daily Readings'!CN11-'DJB Daily Readings'!CN10)*1.89 -> 187.11 | AB3: =('DJB Daily Readings'!CQ11-'DJB Daily Readings'!CQ10)*1.89 -> 300.51 | AC3: ='DJB Daily Readings'!CT11-'DJB Daily Readings'!CT10 -> 165 | AD3: =('DJB Daily Readings'!BY11-'DJB Daily Readings'!BY10)*1.89 -> 35.91 | AE3: =('DJB Daily Readings'!CA11-'DJB Daily Readings'!CA10)*1.89 -> 35.91 | AF3: =('DJB Daily Readings'!CC11-'DJB Daily Readings'!CC10)*1.89 -> 11.34 | AG3: =('DJB Daily Readings'!CE11-'DJB Daily Readings'!CE10)*1.89 -> 18.9 | AH3: =('DJB Daily Readings'!CG11-'DJB Daily Readings'!CG10)*1.89 -> 26.46 | AI3: =('DJB Daily Readings'!CI11-'DJB Daily Readings'!CI10)*1.89 -> 60.48 | AJ3: ='DJB Daily Readings'!CY11-'DJB Daily Readings'!CY10 -> 5 | AK3: ='DJB Daily Readings'!CW11-'DJB Daily Readings'!CW10 -> 8 | AL3: ='DJB Daily Readings'!DC11-'DJB Daily Readings'!DC10 -> 12 | AM3: ='DJB Daily Readings'!DA11-'DJB Daily Readings'!DA10 -> 15 | AN3: ='DJB Daily Readings'!DG11-'DJB Daily Readings'!DG10 -> 4 | AO3: ='DJB Daily Readings'!DE11-'DJB Daily Readings'!DE10 -> 10 | AP3: ='DJB Daily Readings'!DK11-'DJB Daily Readings'!DK10 -> 8 | AQ3: ='DJB Daily Readings'!DI11-'DJB Daily Readings'!DI10 -> 9 | AR3: ='DJB Daily Readings'!DO11-'DJB Daily Readings'!DO10 -> 10 | AS3: ='DJB Daily Readings'!DM11-'DJB Daily Readings'!DM10 -> 4 | AT3: ='DJB Daily Readings'!DQ11-'DJB Daily Readings'!DQ10 -> 5 | AU3: ='DJB Daily Readings'!DT11-'DJB Daily Readings'!DT10 -> 10.9 | AW3: ='DJB Daily Readings'!DX11-'DJB Daily Readings'!DX10 -> 6.5 | AX3: ='DJB Daily Readings'!DZ11-'DJB Daily Readings'!DZ10 -> 6.9 | AY3: ='DJB Daily Readings'!EB11-'DJB Daily Readings'!EB10 -> 614 | AZ3: ='DJB Daily Readings'!ED11-'DJB Daily Readings'!ED10 -> 148.3 | BA3: ='DJB Daily Readings'!EG11-'DJB Daily Readings'!EG10 -> 4300 | BB3: ='DJB Daily Readings'!EI11-'DJB Daily Readings'!EI10 -> 290 | BC3: ='DJB Daily Readings'!EQ11-'DJB Daily Readings'!EQ10 -> 5100 | BD3: ='DJB Daily Readings'!EK11-'DJB Daily Readings'!EK10 -> 2100 | BE3: ='DJB Daily Readings'!EM11-'DJB Daily Readings'!EM10 -> 600 | BF3: ='DJB Daily Readings'!EO11-'DJB Daily Readings'!EO10 -> 750 | BG3: =('DJB Daily Readings'!ET11-'DJB Daily Readings'!ET10)*1.89 -> 30.24 | BH3: =('DJB Daily Readings'!EV11-'DJB Daily Readings'!EV10)*1.89 -> 20.79 | BI3: =('DJB Daily Readings'!EZ11-'DJB Daily Readings'!EZ10)*1.89 -> 34.02 | BJ3: =('DJB Daily Readings'!EX11-'DJB Daily Readings'!EX10)*1.89 -> 20.79 | BK3: =('DJB Daily Readings'!FB11-'DJB Daily Readings'!FB10)*1.89 -> 66.15 | BL3: ='DJB Daily Readings'!J11 -> 176
A4: Dubai at Jumeirah Beach | B4: =B3+1 -> 3 | C4: 12 | D4: 2022 | E4: =237*0.36 -> 85.32 | F4: =152+10 -> 162 | G4: ='DJB Daily Readings'!C12-'DJB Daily Readings'!C11 -> 724 | H4: ='DJB Daily Readings'!F12-'DJB Daily Readings'!F11 -> 431 | I4: ='DJB Daily Readings'!K12-'DJB Daily Readings'!K11 -> 250 | J4: ='DJB Daily Readings'!K12-'DJB Daily Readings'!K11 -> 250 | K4: ='DJB Daily Readings'!O12-'DJB Daily Readings'!O11 -> 122 | L4: ='DJB Daily Readings'!R12-'DJB Daily Readings'!R11 -> 12 | M4: ='DJB Daily Readings'!U12-'DJB Daily Readings'!U11 -> 2484.72 | N4: ='DJB Daily Readings'!X12-'DJB Daily Readings'!X11 -> 4287.36 | O4: ='DJB Daily Readings'!AA12-'DJB Daily Readings'!AA11 -> 1023.12 | P4: ='DJB Daily Readings'!AD12-'DJB Daily Readings'!AD11 -> 11546.64 | Q4: ='DJB Daily Readings'!AG12-'DJB Daily Readings'!AG11 -> 0 | R4: ='DJB Daily Readings'!AJ12-'DJB Daily Readings'!AJ11 -> 5359.2 | S4: ='DJB Daily Readings'!AM12-'DJB Daily Readings'!AM11 -> 3995.04 | T4: ='DJB Daily Readings'!AP12-'DJB Daily Readings'!AP11 -> 4384.8 | U4: ='DJB Daily Readings'!AS12-'DJB Daily Readings'!AS11 -> 3069.36 | V4: ='DJB Daily Readings'!AV12-'DJB Daily Readings'!AV11 -> 5700.24 | W4: ='DJB Daily Readings'!AZ12-'DJB Daily Readings'!AZ11 -> 0 | X4: ='DJB Daily Readings'!BC12-'DJB Daily Readings'!BC11 -> 64000 | Y4: ='DJB Daily Readings'!BF12-'DJB Daily Readings'!BF11 -> 2200 | Z4: =('DJB Daily Readings'!CK12-'DJB Daily Readings'!CK11)*1.89 -> 134.19 | AA4: =('DJB Daily Readings'!CN12-'DJB Daily Readings'!CN11)*1.89 -> 192.78 | AB4: =('DJB Daily Readings'!CQ12-'DJB Daily Readings'!CQ11)*1.89 -> 277.83 | AC4: ='DJB Daily Readings'!CT12-'DJB Daily Readings'!CT11 -> 165 | AD4: =('DJB Daily Readings'!BY12-'DJB Daily Readings'!BY11)*1.89 -> 34.02 | AE4: =('DJB Daily Readings'!CA12-'DJB Daily Readings'!CA11)*1.89 -> 35.91 | AF4: =('DJB Daily Readings'!CC12-'DJB Daily Readings'!CC11)*1.89 -> 13.23 | AG4: =('DJB Daily Readings'!CE12-'DJB Daily Readings'!CE11)*1.89 -> 20.79 | AH4: =('DJB Daily Readings'!CG12-'DJB Daily Readings'!CG11)*1.89 -> 26.46 | AI4: =('DJB Daily Readings'!CI12-'DJB Daily Readings'!CI11)*1.89 -> 68.04 | AJ4: ='DJB Daily Readings'!CY12-'DJB Daily Readings'!CY11 -> 5 | AK4: ='DJB Daily Readings'!CW12-'DJB Daily Readings'!CW11 -> 7 | AL4: ='DJB Daily Readings'!DC12-'DJB Daily Readings'!DC11 -> 10 | AM4: ='DJB Daily Readings'!DA12-'DJB Daily Readings'!DA11 -> 12 | AN4: ='DJB Daily Readings'!DG12-'DJB Daily Readings'!DG11 -> 6 | AO4: ='DJB Daily Readings'!DE12-'DJB Daily Readings'!DE11 -> 9 | AP4: ='DJB Daily Readings'!DK12-'DJB Daily Readings'!DK11 -> 7 | AQ4: ='DJB Daily Readings'!DI12-'DJB Daily Readings'!DI11 -> 9 | AR4: ='DJB Daily Readings'!DO12-'DJB Daily Readings'!DO11 -> 9 | AS4: ='DJB Daily Readings'!DM12-'DJB Daily Readings'!DM11 -> 3 | AT4: ='DJB Daily Readings'!DQ12-'DJB Daily Readings'!DQ11 -> 6 | AU4: ='DJB Daily Readings'!DT12-'DJB Daily Readings'!DT11 -> 11.9 | AW4: ='DJB Daily Readings'!DX12-'DJB Daily Readings'!DX11 -> 6.7 | AX4: ='DJB Daily Readings'!DZ12-'DJB Daily Readings'!DZ11 -> 8.1 | AY4: ='DJB Daily Readings'!EB12-'DJB Daily Readings'!EB11 -> 620 | AZ4: ='DJB Daily Readings'!ED12-'DJB Daily Readings'!ED11 -> 159 | BA4: ='DJB Daily Readings'!EG12-'DJB Daily Readings'!EG11 -> 5600 | BB4: ='DJB Daily Readings'!EI12-'DJB Daily Readings'!EI11 -> 270 | BC4: ='DJB Daily Readings'!EQ12-'DJB Daily Readings'!EQ11 -> 5800 | BD4: ='DJB Daily Readings'!EK12-'DJB Daily Readings'!EK11 -> 2500 | BE4: ='DJB Daily Readings'!EM12-'DJB Daily Readings'!EM11 -> 600 | BF4: ='DJB Daily Readings'!EO12-'DJB Daily Readings'!EO11 -> 800 | BG4: =('DJB Daily Readings'!ET12-'DJB Daily Readings'!ET11)*1.89 -> 32.13 | BH4: =('DJB Daily Readings'!EV12-'DJB Daily Readings'!EV11)*1.89 -> 26.46 | BI4: =('DJB Daily Readings'!EZ12-'DJB Daily Readings'!EZ11)*1.89 -> 28.35 | BJ4: =('DJB Daily Readings'!EX12-'DJB Daily Readings'!EX11)*1.89 -> 18.9 | BK4: =('DJB Daily Readings'!FB12-'DJB Daily Readings'!FB11)*1.89 -> 62.37 | BL4: ='DJB Daily Readings'!J12 -> 169
A5: Dubai at Jumeirah Beach | B5: =B4+1 -> 4 | C5: 12 | D5: 2022 | E5: =237*0.35 -> 82.95 | F5: =136+10 -> 146 | G5: ='DJB Daily Readings'!C13-'DJB Daily Readings'!C12 -> 664 | H5: ='DJB Daily Readings'!F13-'DJB Daily Readings'!F12 -> 411 | I5: ='DJB Daily Readings'!K13-'DJB Daily Readings'!K12 -> 248 | J5: ='DJB Daily Readings'!K13-'DJB Daily Readings'!K12 -> 248 | K5: ='DJB Daily Readings'!O13-'DJB Daily Readings'!O12 -> 116 | L5: ='DJB Daily Readings'!R13-'DJB Daily Readings'!R12 -> 10 | M5: ='DJB Daily Readings'!U13-'DJB Daily Readings'!U12 -> 2582.16 | N5: ='DJB Daily Readings'!X13-'DJB Daily Readings'!X12 -> 4482.24 | O5: ='DJB Daily Readings'!AA13-'DJB Daily Readings'!AA12 -> 925.68 | P5: ='DJB Daily Readings'!AD13-'DJB Daily Readings'!AD12 -> 11546.64 | Q5: ='DJB Daily Readings'!AG13-'DJB Daily Readings'!AG12 -> 0 | R5: ='DJB Daily Readings'!AJ13-'DJB Daily Readings'!AJ12 -> 5700.24 | S5: ='DJB Daily Readings'!AM13-'DJB Daily Readings'!AM12 -> 4141.2 | T5: ='DJB Daily Readings'!AP13-'DJB Daily Readings'!AP12 -> 4433.52 | U5: ='DJB Daily Readings'!AS13-'DJB Daily Readings'!AS12 -> 3069.36 | V5: ='DJB Daily Readings'!AV13-'DJB Daily Readings'!AV12 -> 5797.68 | W5: ='DJB Daily Readings'!AZ13-'DJB Daily Readings'!AZ12 -> 0 | X5: ='DJB Daily Readings'!BC13-'DJB Daily Readings'!BC12 -> 63600 | Y5: ='DJB Daily Readings'!BF13-'DJB Daily Readings'!BF12 -> 0 | Z5: =('DJB Daily Readings'!CK13-'DJB Daily Readings'!CK12)*1.89 -> 137.97 | AA5: =('DJB Daily Readings'!CN13-'DJB Daily Readings'!CN12)*1.89 -> 196.56 | AB5: =('DJB Daily Readings'!CQ13-'DJB Daily Readings'!CQ12)*1.89 -> 332.64 | AC5: ='DJB Daily Readings'!CT13-'DJB Daily Readings'!CT12 -> 170 | AD5: =('DJB Daily Readings'!BY13-'DJB Daily Readings'!BY12)*1.89 -> 35.91 | AE5: =('DJB Daily Readings'!CA13-'DJB Daily Readings'!CA12)*1.89 -> 37.8 | AF5: =('DJB Daily Readings'!CC13-'DJB Daily Readings'!CC12)*1.89 -> 9.45 | AG5: =('DJB Daily Readings'!CE13-'DJB Daily Readings'!CE12)*1.89 -> 17.01 | AH5: =('DJB Daily Readings'!CG13-'DJB Daily Readings'!CG12)*1.89 -> 24.57 | AI5: =('DJB Daily Readings'!CI13-'DJB Daily Readings'!CI12)*1.89 -> 69.93 | AJ5: ='DJB Daily Readings'!CY13-'DJB Daily Readings'!CY12 -> 4 | AK5: ='DJB Daily Readings'!CW13-'DJB Daily Readings'!CW12 -> 8 | AL5: ='DJB Daily Readings'!DC13-'DJB Daily Readings'!DC12 -> 16 | AM5: ='DJB Daily Readings'!DA13-'DJB Daily Readings'!DA12 -> 22 | AN5: ='DJB Daily Readings'!DG13-'DJB Daily Readings'!DG12 -> 9 | AO5: ='DJB Daily Readings'!DE13-'DJB Daily Readings'!DE12 -> 12 | AP5: ='DJB Daily Readings'!DK13-'DJB Daily Readings'!DK12 -> 14 | AQ5: ='DJB Daily Readings'!DI13-'DJB Daily Readings'!DI12 -> 16 | AR5: ='DJB Daily Readings'!DO13-'DJB Daily Readings'!DO12 -> 8 | AS5: ='DJB Daily Readings'!DM13-'DJB Daily Readings'!DM12 -> 5 | AT5: ='DJB Daily Readings'!DQ13-'DJB Daily Readings'!DQ12 -> 5 | AU5: ='DJB Daily Readings'!DT13-'DJB Daily Readings'!DT12 -> 10.6 | AW5: ='DJB Daily Readings'!DX13-'DJB Daily Readings'!DX12 -> 6.5 | AX5: ='DJB Daily Readings'!DZ13-'DJB Daily Readings'!DZ12 -> 7.4 | AY5: ='DJB Daily Readings'!EB13-'DJB Daily Readings'!EB12 -> 550 | AZ5: ='DJB Daily Readings'!ED13-'DJB Daily Readings'!ED12 -> 148.3 | BA5: ='DJB Daily Readings'!EG13-'DJB Daily Readings'!EG12 -> 4700 | BB5: ='DJB Daily Readings'!EI13-'DJB Daily Readings'!EI12 -> 280 | BC5: ='DJB Daily Readings'!EQ13-'DJB Daily Readings'!EQ12 -> 4700 | BD5: ='DJB Daily Readings'!EK13-'DJB Daily Readings'!EK12 -> 2200 | BE5: ='DJB Daily Readings'!EM13-'DJB Daily Readings'!EM12 -> 600 | BF5: ='DJB Daily Readings'!EO13-'DJB Daily Readings'!EO12 -> 750 | BG5: =('DJB Daily Readings'!ET13-'DJB Daily Readings'!ET12)*1.89 -> 30.24 | BH5: =('DJB Daily Readings'!EV13-'DJB Daily Readings'!EV12)*1.89 -> 20.79 | BI5: =('DJB Daily Readings'!EZ13-'DJB Daily Readings'!EZ12)*1.89 -> 24.57 | BJ5: =('DJB Daily Readings'!EX13-'DJB Daily Readings'!EX12)*1.89 -> 18.9 | BK5: =('DJB Daily Readings'!FB13-'DJB Daily Readings'!FB12)*1.89 -> 51.03 | BL5: ='DJB Daily Readings'!J13 -> 162
A6: Dubai at Jumeirah Beach | B6: =B5+1 -> 5 | C6: 12 | D6: 2022 | E6: =237*0.41 -> 97.17 | F6: =157+9 -> 166 | G6: ='DJB Daily Readings'!C14-'DJB Daily Readings'!C13 -> 669 | H6: ='DJB Daily Readings'!F14-'DJB Daily Readings'!F13 -> 352 | I6: ='DJB Daily Readings'!K14-'DJB Daily Readings'!K13 -> 271 | J6: ='DJB Daily Readings'!K14-'DJB Daily Readings'!K13 -> 271 | K6: ='DJB Daily Readings'!O14-'DJB Daily Readings'!O13 -> 120 | L6: ='DJB Daily Readings'!R14-'DJB Daily Readings'!R13 -> 18 | M6: ='DJB Daily Readings'!U14-'DJB Daily Readings'!U13 -> 2484.72 | N6: ='DJB Daily Readings'!X14-'DJB Daily Readings'!X13 -> 4628.4 | O6: ='DJB Daily Readings'!AA14-'DJB Daily Readings'!AA13 -> 876.96 | P6: ='DJB Daily Readings'!AD14-'DJB Daily Readings'!AD13 -> 11205.6 | Q6: ='DJB Daily Readings'!AG14-'DJB Daily Readings'!AG13 -> 0 | R6: ='DJB Daily Readings'!AJ14-'DJB Daily Readings'!AJ13 -> 5700.24 | S6: ='DJB Daily Readings'!AM14-'DJB Daily Readings'!AM13 -> 4189.92 | T6: ='DJB Daily Readings'!AP14-'DJB Daily Readings'!AP13 -> 4336.08 | U6: ='DJB Daily Readings'!AS14-'DJB Daily Readings'!AS13 -> 3020.64 | V6: ='DJB Daily Readings'!AV14-'DJB Daily Readings'!AV13 -> 5700.24 | W6: ='DJB Daily Readings'!AZ14-'DJB Daily Readings'!AZ13 -> 0 | X6: ='DJB Daily Readings'!BC14-'DJB Daily Readings'!BC13 -> 62700 | Y6: ='DJB Daily Readings'!BF14-'DJB Daily Readings'!BF13 -> 0 | Z6: =('DJB Daily Readings'!CK14-'DJB Daily Readings'!CK13)*1.89 -> 134.19 | AA6: =('DJB Daily Readings'!CN14-'DJB Daily Readings'!CN13)*1.89 -> 187.11 | AB6: =('DJB Daily Readings'!CQ14-'DJB Daily Readings'!CQ13)*1.89 -> 315.63 | AC6: ='DJB Daily Readings'!CT14-'DJB Daily Readings'!CT13 -> 164 | AD6: =('DJB Daily Readings'!BY14-'DJB Daily Readings'!BY13)*1.89 -> 34.02 | AE6: =('DJB Daily Readings'!CA14-'DJB Daily Readings'!CA13)*1.89 -> 35.91 | AF6: =('DJB Daily Readings'!CC14-'DJB Daily Readings'!CC13)*1.89 -> 13.23 | AG6: =('DJB Daily Readings'!CE14-'DJB Daily Readings'!CE13)*1.89 -> 20.79 | AH6: =('DJB Daily Readings'!CG14-'DJB Daily Readings'!CG13)*1.89 -> 24.57 | AI6: =('DJB Daily Readings'!CI14-'DJB Daily Readings'!CI13)*1.89 -> 62.37 | AJ6: ='DJB Daily Readings'!CY14-'DJB Daily Readings'!CY13 -> 5 | AK6: ='DJB Daily Readings'!CW14-'DJB Daily Readings'!CW13 -> 5 | AL6: ='DJB Daily Readings'!DC14-'DJB Daily Readings'!DC13 -> 12 | AM6: ='DJB Daily Readings'!DA14-'DJB Daily Readings'!DA13 -> 13 | AN6: ='DJB Daily Readings'!DG14-'DJB Daily Readings'!DG13 -> 6 | AO6: ='DJB Daily Readings'!DE14-'DJB Daily Readings'!DE13 -> 10 | AP6: ='DJB Daily Readings'!DK14-'DJB Daily Readings'!DK13 -> 8 | AQ6: ='DJB Daily Readings'!DI14-'DJB Daily Readings'!DI13 -> 9 | AR6: ='DJB Daily Readings'!DO14-'DJB Daily Readings'!DO13 -> 7 | AS6: ='DJB Daily Readings'!DM14-'DJB Daily Readings'!DM13 -> 3 | AT6: ='DJB Daily Readings'!DQ14-'DJB Daily Readings'!DQ13 -> 6 | AU6: ='DJB Daily Readings'!DT14-'DJB Daily Readings'!DT13 -> 10.7 | AW6: ='DJB Daily Readings'!DX14-'DJB Daily Readings'!DX13 -> 6.3 | AX6: ='DJB Daily Readings'!DZ14-'DJB Daily Readings'!DZ13 -> 6.6 | AY6: ='DJB Daily Readings'!EB14-'DJB Daily Readings'!EB13 -> 562 | AZ6: ='DJB Daily Readings'!ED14-'DJB Daily Readings'!ED13 -> 151.1 | BA6: ='DJB Daily Readings'!EG14-'DJB Daily Readings'!EG13 -> 4900 | BB6: ='DJB Daily Readings'!EI14-'DJB Daily Readings'!EI13 -> 280 | BC6: ='DJB Daily Readings'!EQ14-'DJB Daily Readings'!EQ13 -> 4500 | BD6: ='DJB Daily Readings'!EK14-'DJB Daily Readings'!EK13 -> 2300 | BE6: ='DJB Daily Readings'!EM14-'DJB Daily Readings'!EM13 -> 600 | BF6: ='DJB Daily Readings'!EO14-'DJB Daily Readings'!EO13 -> 750 | BG6: =('DJB Daily Readings'!ET14-'DJB Daily Readings'!ET13)*1.89 -> 30.24 | BH6: =('DJB Daily Readings'!EV14-'DJB Daily Readings'!EV13)*1.89 -> 20.79 | BI6: =('DJB Daily Readings'!EZ14-'DJB Daily Readings'!EZ13)*1.89 -> 22.68 | BJ6: =('DJB Daily Readings'!EX14-'DJB Daily Readings'!EX13)*1.89 -> 18.9 | BK6: =('DJB Daily Readings'!FB14-'DJB Daily Readings'!FB13)*1.89 -> 62.37 | BL6: ='DJB Daily Readings'!J14 -> 138
A7: Dubai at Jumeirah Beach | B7: =B6+1 -> 6 | C7: 12 | D7: 2022 | E7: =237*0.47 -> 111.39 | F7: =167+10 -> 177 | G7: ='DJB Daily Readings'!C15-'DJB Daily Readings'!C14 -> 677 | H7: ='DJB Daily Readings'!F15-'DJB Daily Readings'!F14 -> 400 | I7: ='DJB Daily Readings'!K15-'DJB Daily Readings'!K14 -> 260 | J7: ='DJB Daily Readings'!K15-'DJB Daily Readings'!K14 -> 260 | K7: ='DJB Daily Readings'!O15-'DJB Daily Readings'!O14 -> 116 | L7: ='DJB Daily Readings'!R15-'DJB Daily Readings'!R14 -> 8 | M7: ='DJB Daily Readings'!U15-'DJB Daily Readings'!U14 -> 2533.44 | N7: ='DJB Daily Readings'!X15-'DJB Daily Readings'!X14 -> 4530.96 | O7: ='DJB Daily Readings'!AA15-'DJB Daily Readings'!AA14 -> 876.96 | P7: ='DJB Daily Readings'!AD15-'DJB Daily Readings'!AD14 -> 10962 | Q7: ='DJB Daily Readings'!AG15-'DJB Daily Readings'!AG14 -> 0 | R7: ='DJB Daily Readings'!AJ15-'DJB Daily Readings'!AJ14 -> 5456.64 | S7: ='DJB Daily Readings'!AM15-'DJB Daily Readings'!AM14 -> 4141.2 | T7: ='DJB Daily Readings'!AP15-'DJB Daily Readings'!AP14 -> 4433.52 | U7: ='DJB Daily Readings'!AS15-'DJB Daily Readings'!AS14 -> 3312.96 | V7: ='DJB Daily Readings'!AV15-'DJB Daily Readings'!AV14 -> 5554.08 | W7: ='DJB Daily Readings'!AZ15-'DJB Daily Readings'!AZ14 -> 0 | X7: ='DJB Daily Readings'!BC15-'DJB Daily Readings'!BC14 -> 63700 | Y7: ='DJB Daily Readings'!BF15-'DJB Daily Readings'!BF14 -> 0 | Z7: =('DJB Daily Readings'!CK15-'DJB Daily Readings'!CK14)*1.89 -> 134.19 | AA7: =('DJB Daily Readings'!CN15-'DJB Daily Readings'!CN14)*1.89 -> 192.78 | AB7: =('DJB Daily Readings'!CQ15-'DJB Daily Readings'!CQ14)*1.89 -> 300.51 | AC7: ='DJB Daily Readings'!CT15-'DJB Daily Readings'!CT14 -> 165 | AD7: =('DJB Daily Readings'!BY15-'DJB Daily Readings'!BY14)*1.89 -> 35.91 | AE7: =('DJB Daily Readings'!CA15-'DJB Daily Readings'!CA14)*1.89 -> 34.02 | AF7: =('DJB Daily Readings'!CC15-'DJB Daily Readings'!CC14)*1.89 -> 13.23 | AG7: =('DJB Daily Readings'!CE15-'DJB Daily Readings'!CE14)*1.89 -> 20.79 | AH7: =('DJB Daily Readings'!CG15-'DJB Daily Readings'!CG14)*1.89 -> 34.02 | AI7: =('DJB Daily Readings'!CI15-'DJB Daily Readings'!CI14)*1.89 -> 54.81 | AJ7: ='DJB Daily Readings'!CY15-'DJB Daily Readings'!CY14 -> 2 | AK7: ='DJB Daily Readings'!CW15-'DJB Daily Readings'!CW14 -> 6 | AL7: ='DJB Daily Readings'!DC15-'DJB Daily Readings'!DC14 -> 14 | AM7: ='DJB Daily Readings'!DA15-'DJB Daily Readings'!DA14 -> 14 | AN7: ='DJB Daily Readings'!DG15-'DJB Daily Readings'!DG14 -> 5 | AO7: ='DJB Daily Readings'!DE15-'DJB Daily Readings'!DE14 -> 10 | AP7: ='DJB Daily Readings'!DK15-'DJB Daily Readings'!DK14 -> 8 | AQ7: ='DJB Daily Readings'!DI15-'DJB Daily Readings'!DI14 -> 9 | AR7: ='DJB Daily Readings'!DO15-'DJB Daily Readings'!DO14 -> 8 | AS7: ='DJB Daily Readings'!DM15-'DJB Daily Readings'!DM14 -> 3 | AT7: ='DJB Daily Readings'!DQ15-'DJB Daily Readings'!DQ14 -> 7 | AU7: ='DJB Daily Readings'!DT15-'DJB Daily Readings'!DT14 -> 10.9 | AW7: ='DJB Daily Readings'!DX15-'DJB Daily Readings'!DX14 -> 6.4 | AX7: ='DJB Daily Readings'!DZ15-'DJB Daily Readings'!DZ14 -> 6.4 | AY7: ='DJB Daily Readings'!EB15-'DJB Daily Readings'!EB14 -> 561 | AZ7: ='DJB Daily Readings'!ED15-'DJB Daily Readings'!ED14 -> 151.1 | BA7: ='DJB Daily Readings'!EG15-'DJB Daily Readings'!EG14 -> 4300 | BB7: ='DJB Daily Readings'!EI15-'DJB Daily Readings'!EI14 -> 270 | BC7: ='DJB Daily Readings'!EQ15-'DJB Daily Readings'!EQ14 -> 4300 | BD7: ='DJB Daily Readings'!EK15-'DJB Daily Readings'!EK14 -> 2200 | BE7: ='DJB Daily Readings'!EM15-'DJB Daily Readings'!EM14 -> 500 | BF7: ='DJB Daily Readings'!EO15-'DJB Daily Readings'!EO14 -> 720 | BG7: =('DJB Daily Readings'!ET15-'DJB Daily Readings'!ET14)*1.89 -> 30.24 | BH7: =('DJB Daily Readings'!EV15-'DJB Daily Readings'!EV14)*1.89 -> 18.9 | BI7: =('DJB Daily Readings'!EZ15-'DJB Daily Readings'!EZ14)*1.89 -> 18.9 | BJ7: =('DJB Daily Readings'!EX15-'DJB Daily Readings'!EX14)*1.89 -> 13.23 | BK7: =('DJB Daily Readings'!FB15-'DJB Daily Readings'!FB14)*1.89 -> 54.81 | BL7: ='DJB Daily Readings'!J15 -> 137
A8: Dubai at Jumeirah Beach | B8: =B7+1 -> 7 | C8: 12 | D8: 2022 | E8: =237*0.55 -> 130.35 | F8: =191+11 -> 202 | G8: ='DJB Daily Readings'!C16-'DJB Daily Readings'!C15 -> 671 | H8: ='DJB Daily Readings'!F16-'DJB Daily Readings'!F15 -> 394 | I8: ='DJB Daily Readings'!K16-'DJB Daily Readings'!K15 -> 251 | J8: ='DJB Daily Readings'!K16-'DJB Daily Readings'!K15 -> 251 | K8: ='DJB Daily Readings'!O16-'DJB Daily Readings'!O15 -> 111 | L8: ='DJB Daily Readings'!R16-'DJB Daily Readings'!R15 -> 13 | M8: ='DJB Daily Readings'!U16-'DJB Daily Readings'!U15 -> 2630.88 | N8: ='DJB Daily Readings'!X16-'DJB Daily Readings'!X15 -> 4530.96 | O8: ='DJB Daily Readings'!AA16-'DJB Daily Readings'!AA15 -> 876.96 | P8: ='DJB Daily Readings'!AD16-'DJB Daily Readings'!AD15 -> 10669.68 | Q8: ='DJB Daily Readings'!AG16-'DJB Daily Readings'!AG15 -> 0 | R8: ='DJB Daily Readings'!AJ16-'DJB Daily Readings'!AJ15 -> 5602.8 | S8: ='DJB Daily Readings'!AM16-'DJB Daily Readings'!AM15 -> 4384.8 | T8: ='DJB Daily Readings'!AP16-'DJB Daily Readings'!AP15 -> 4336.08 | U8: ='DJB Daily Readings'!AS16-'DJB Daily Readings'!AS15 -> 3264.24 | V8: ='DJB Daily Readings'!AV16-'DJB Daily Readings'!AV15 -> 5700.24 | W8: ='DJB Daily Readings'!AZ16-'DJB Daily Readings'!AZ15 -> 0 | X8: ='DJB Daily Readings'!BC16-'DJB Daily Readings'!BC15 -> 57700 | Y8: ='DJB Daily Readings'!BF16-'DJB Daily Readings'!BF15 -> 0 | Z8: =('DJB Daily Readings'!CK16-'DJB Daily Readings'!CK15)*1.89 -> 132.3 | AA8: =('DJB Daily Readings'!CN16-'DJB Daily Readings'!CN15)*1.89 -> 189 | AB8: =('DJB Daily Readings'!CQ16-'DJB Daily Readings'!CQ15)*1.89 -> 357.21 | AC8: ='DJB Daily Readings'!CT16-'DJB Daily Readings'!CT15 -> 164 | AD8: =('DJB Daily Readings'!BY16-'DJB Daily Readings'!BY15)*1.89 -> 37.8 | AE8: =('DJB Daily Readings'!CA16-'DJB Daily Readings'!CA15)*1.89 -> 35.91 | AF8: =('DJB Daily Readings'!CC16-'DJB Daily Readings'!CC15)*1.89 -> 13.23 | AG8: =('DJB Daily Readings'!CE16-'DJB Daily Readings'!CE15)*1.89 -> 17.01 | AH8: =('DJB Daily Readings'!CG16-'DJB Daily Readings'!CG15)*1.89 -> 26.46 | AI8: =('DJB Daily Readings'!CI16-'DJB Daily Readings'!CI15)*1.89 -> 60.48 | AJ8: ='DJB Daily Readings'!CY16-'DJB Daily Readings'!CY15 -> 7 | AK8: ='DJB Daily Readings'!CW16-'DJB Daily Readings'!CW15 -> 9 | AL8: ='DJB Daily Readings'!DC16-'DJB Daily Readings'!DC15 -> 12 | AM8: ='DJB Daily Readings'!DA16-'DJB Daily Readings'!DA15 -> 15 | AN8: ='DJB Daily Readings'!DG16-'DJB Daily Readings'!DG15 -> 6 | AO8: ='DJB Daily Readings'!DE16-'DJB Daily Readings'!DE15 -> 10 | AP8: ='DJB Daily Readings'!DK16-'DJB Daily Readings'!DK15 -> 6 | AQ8: ='DJB Daily Readings'!DI16-'DJB Daily Readings'!DI15 -> 8 | AR8: ='DJB Daily Readings'!DO16-'DJB Daily Readings'!DO15 -> 8 | AS8: ='DJB Daily Readings'!DM16-'DJB Daily Readings'!DM15 -> 4 | AT8: ='DJB Daily Readings'!DQ16-'DJB Daily Readings'!DQ15 -> 6 | AU8: ='DJB Daily Readings'!DT16-'DJB Daily Readings'!DT15 -> 11.5 | AW8: ='DJB Daily Readings'!DX16-'DJB Daily Readings'!DX15 -> 6.5 | AX8: ='DJB Daily Readings'!DZ16-'DJB Daily Readings'!DZ15 -> 5.7 | AY8: ='DJB Daily Readings'!EB16-'DJB Daily Readings'!EB15 -> 540 | AZ8: ='DJB Daily Readings'!ED16-'DJB Daily Readings'!ED15 -> 153.3 | BA8: ='DJB Daily Readings'!EG16-'DJB Daily Readings'!EG15 -> 4100 | BB8: ='DJB Daily Readings'!EI16-'DJB Daily Readings'!EI15 -> 270 | BC8: ='DJB Daily Readings'!EQ16-'DJB Daily Readings'!EQ15 -> 4700 | BD8: ='DJB Daily Readings'!EK16-'DJB Daily Readings'!EK15 -> 2000 | BE8: ='DJB Daily Readings'!EM16-'DJB Daily Readings'!EM15 -> 300 | BF8: ='DJB Daily Readings'!EO16-'DJB Daily Readings'!EO15 -> 720 | BG8: =('DJB Daily Readings'!ET16-'DJB Daily Readings'!ET15)*1.89 -> 28.35 | BH8: =('DJB Daily Readings'!EV16-'DJB Daily Readings'!EV15)*1.89 -> 22.68 | BI8: =('DJB Daily Readings'!EZ16-'DJB Daily Readings'!EZ15)*1.89 -> 28.35 | BJ8: =('DJB Daily Readings'!EX16-'DJB Daily Readings'!EX15)*1.89 -> 15.12 | BK8: =('DJB Daily Readings'!FB16-'DJB Daily Readings'!FB15)*1.89 -> 60.48 | BL8: ='DJB Daily Readings'!J16 -> 133
A9: Dubai at Jumeirah Beach | B9: =B8+1 -> 8 | C9: 12 | D9: 2022 | E9: =237*0.61 -> 144.57 | F9: =209+18 -> 227 | G9: ='DJB Daily Readings'!C17-'DJB Daily Readings'!C16 -> 775 | H9: ='DJB Daily Readings'!F17-'DJB Daily Readings'!F16 -> 438 | I9: ='DJB Daily Readings'!K17-'DJB Daily Readings'!K16 -> 273 | J9: ='DJB Daily Readings'!K17-'DJB Daily Readings'!K16 -> 273 | K9: ='DJB Daily Readings'!O17-'DJB Daily Readings'!O16 -> 119 | L9: ='DJB Daily Readings'!R17-'DJB Daily Readings'!R16 -> 10 | M9: ='DJB Daily Readings'!U17-'DJB Daily Readings'!U16 -> 2923.2 | N9: ='DJB Daily Readings'!X17-'DJB Daily Readings'!X16 -> 4969.44 | O9: ='DJB Daily Readings'!AA17-'DJB Daily Readings'!AA16 -> 1266.72 | P9: ='DJB Daily Readings'!AD17-'DJB Daily Readings'!AD16 -> 12277.44 | Q9: ='DJB Daily Readings'!AG17-'DJB Daily Readings'!AG16 -> 292.32 | R9: ='DJB Daily Readings'!AJ17-'DJB Daily Readings'!AJ16 -> 6187.44 | S9: ='DJB Daily Readings'!AM17-'DJB Daily Readings'!AM16 -> 4774.56 | T9: ='DJB Daily Readings'!AP17-'DJB Daily Readings'!AP16 -> 4872 | U9: ='DJB Daily Readings'!AS17-'DJB Daily Readings'!AS16 -> 3605.28 | V9: ='DJB Daily Readings'!AV17-'DJB Daily Readings'!AV16 -> 6187.44 | W9: ='DJB Daily Readings'!AZ17-'DJB Daily Readings'!AZ16 -> 800 | X9: ='DJB Daily Readings'!BC17-'DJB Daily Readings'!BC16 -> 61900 | Y9: ='DJB Daily Readings'!BF17-'DJB Daily Readings'!BF16 -> 1300 | Z9: =('DJB Daily Readings'!CK17-'DJB Daily Readings'!CK16)*1.89 -> 143.64 | AA9: =('DJB Daily Readings'!CN17-'DJB Daily Readings'!CN16)*1.89 -> 209.79 | AB9: =('DJB Daily Readings'!CQ17-'DJB Daily Readings'!CQ16)*1.89 -> 372.33 | AC9: ='DJB Daily Readings'!CT17-'DJB Daily Readings'!CT16 -> 176 | AD9: =('DJB Daily Readings'!BY17-'DJB Daily Readings'!BY16)*1.89 -> 34.02 | AE9: =('DJB Daily Readings'!CA17-'DJB Daily Readings'!CA16)*1.89 -> 39.69 | AF9: =('DJB Daily Readings'!CC17-'DJB Daily Readings'!CC16)*1.89 -> 11.34 | AG9: =('DJB Daily Readings'!CE17-'DJB Daily Readings'!CE16)*1.89 -> 22.68 | AH9: =('DJB Daily Readings'!CG17-'DJB Daily Readings'!CG16)*1.89 -> 32.13 | AI9: =('DJB Daily Readings'!CI17-'DJB Daily Readings'!CI16)*1.89 -> 58.59 | AJ9: ='DJB Daily Readings'!CY17-'DJB Daily Readings'!CY16 -> 5 | AK9: ='DJB Daily Readings'!CW17-'DJB Daily Readings'!CW16 -> 9 | AL9: ='DJB Daily Readings'!DC17-'DJB Daily Readings'!DC16 -> 14 | AM9: ='DJB Daily Readings'!DA17-'DJB Daily Readings'!DA16 -> 11 | AN9: ='DJB Daily Readings'!DG17-'DJB Daily Readings'!DG16 -> 7 | AO9: ='DJB Daily Readings'!DE17-'DJB Daily Readings'!DE16 -> 12 | AP9: ='DJB Daily Readings'!DK17-'DJB Daily Readings'!DK16 -> 11 | AQ9: ='DJB Daily Readings'!DI17-'DJB Daily Readings'!DI16 -> 9 | AR9: ='DJB Daily Readings'!DO17-'DJB Daily Readings'!DO16 -> 9 | AS9: ='DJB Daily Readings'!DM17-'DJB Daily Readings'!DM16 -> 3 | AT9: ='DJB Daily Readings'!DQ17-'DJB Daily Readings'!DQ16 -> 10 | AU9: ='DJB Daily Readings'!DT17-'DJB Daily Readings'!DT16 -> 12 | AW9: ='DJB Daily Readings'!DX17-'DJB Daily Readings'!DX16 -> 7 | AX9: ='DJB Daily Readings'!DZ17-'DJB Daily Readings'!DZ16 -> 6.9 | AY9: ='DJB Daily Readings'!EB17-'DJB Daily Readings'!EB16 -> 571 | AZ9: ='DJB Daily Readings'!ED17-'DJB Daily Readings'!ED16 -> 164.2 | BA9: ='DJB Daily Readings'!EG17-'DJB Daily Readings'!EG16 -> 4500 | BB9: ='DJB Daily Readings'!EI17-'DJB Daily Readings'!EI16 -> 290 | BC9: ='DJB Daily Readings'!EQ17-'DJB Daily Readings'!EQ16 -> 5400 | BD9: ='DJB Daily Readings'!EK17-'DJB Daily Readings'!EK16 -> 2400 | BE9: ='DJB Daily Readings'!EM17-'DJB Daily Readings'!EM16 -> 400 | BF9: ='DJB Daily Readings'!EO17-'DJB Daily Readings'!EO16 -> 760 | BG9: =('DJB Daily Readings'!ET17-'DJB Daily Readings'!ET16)*1.89 -> 32.13 | BH9: =('DJB Daily Readings'!EV17-'DJB Daily Readings'!EV16)*1.89 -> 26.46 | BI9: =('DJB Daily Readings'!EZ17-'DJB Daily Readings'!EZ16)*1.89 -> 28.35 | BJ9: =('DJB Daily Readings'!EX17-'DJB Daily Readings'!EX16)*1.89 -> 17.01 | BK9: =('DJB Daily Readings'!FB17-'DJB Daily Readings'!FB16)*1.89 -> 73.71 | BL9: ='DJB Daily Readings'!J17 -> 149
A10: Dubai at Jumeirah Beach | B10: =B9+1 -> 9 | C10: 12 | D10: 2022 | E10: =237*0.64 -> 151.68 | F10: =219+21 -> 240 | G10: ='DJB Daily Readings'!C18-'DJB Daily Readings'!C17 -> 706 | H10: ='DJB Daily Readings'!F18-'DJB Daily Readings'!F17 -> 417 | I10: ='DJB Daily Readings'!K18-'DJB Daily Readings'!K17 -> 214 | J10: ='DJB Daily Readings'!K18-'DJB Daily Readings'!K17 -> 214 | K10: ='DJB Daily Readings'!O18-'DJB Daily Readings'!O17 -> 106 | L10: ='DJB Daily Readings'!R18-'DJB Daily Readings'!R17 -> 9 | M10: ='DJB Daily Readings'!U18-'DJB Daily Readings'!U17 -> 2387.28 | N10: ='DJB Daily Readings'!X18-'DJB Daily Readings'!X17 -> 4141.2 | O10: ='DJB Daily Readings'!AA18-'DJB Daily Readings'!AA17 -> 828.24 | P10: ='DJB Daily Readings'!AD18-'DJB Daily Readings'!AD17 -> 9061.92 | Q10: ='DJB Daily Readings'!AG18-'DJB Daily Readings'!AG17 -> 292.32 | R10: ='DJB Daily Readings'!AJ18-'DJB Daily Readings'!AJ17 -> 5359.2 | S10: ='DJB Daily Readings'!AM18-'DJB Daily Readings'!AM17 -> 3946.32 | T10: ='DJB Daily Readings'!AP18-'DJB Daily Readings'!AP17 -> 4141.2 | U10: ='DJB Daily Readings'!AS18-'DJB Daily Readings'!AS17 -> 2874.48 | V10: ='DJB Daily Readings'!AV18-'DJB Daily Readings'!AV17 -> 5505.36 | W10: ='DJB Daily Readings'!AZ18-'DJB Daily Readings'!AZ17 -> 0 | X10: ='DJB Daily Readings'!BC18-'DJB Daily Readings'!BC17 -> 55200 | Y10: ='DJB Daily Readings'!BF18-'DJB Daily Readings'!BF17 -> 0 | Z10: =('DJB Daily Readings'!CK18-'DJB Daily Readings'!CK17)*1.89 -> 124.74 | AA10: =('DJB Daily Readings'!CN18-'DJB Daily Readings'!CN17)*1.89 -> 177.66 | AB10: =('DJB Daily Readings'!CQ18-'DJB Daily Readings'!CQ17)*1.89 -> 413.91 | AC10: ='DJB Daily Readings'!CT18-'DJB Daily Readings'!CT17 -> 154 | AD10: =('DJB Daily Readings'!BY18-'DJB Daily Readings'!BY17)*1.89 -> 32.13 | AE10: =('DJB Daily Readings'!CA18-'DJB Daily Readings'!CA17)*1.89 -> 34.02 | AF10: =('DJB Daily Readings'!CC18-'DJB Daily Readings'!CC17)*1.89 -> 9.45 | AG10: =('DJB Daily Readings'!CE18-'DJB Daily Readings'!CE17)*1.89 -> 18.9 | AH10: =('DJB Daily Readings'!CG18-'DJB Daily Readings'!CG17)*1.89 -> 22.68 | AI10: =('DJB Daily Readings'!CI18-'DJB Daily Readings'!CI17)*1.89 -> 54.81 | AJ10: ='DJB Daily Readings'!CY18-'DJB Daily Readings'!CY17 -> 5 | AK10: ='DJB Daily Readings'!CW18-'DJB Daily Readings'!CW17 -> 8 | AL10: ='DJB Daily Readings'!DC18-'DJB Daily Readings'!DC17 -> 13 | AM10: ='DJB Daily Readings'!DA18-'DJB Daily Readings'!DA17 -> 15 | AN10: ='DJB Daily Readings'!DG18-'DJB Daily Readings'!DG17 -> 7 | AO10: ='DJB Daily Readings'!DE18-'DJB Daily Readings'!DE17 -> 9 | AP10: ='DJB Daily Readings'!DK18-'DJB Daily Readings'!DK17 -> 10 | AQ10: ='DJB Daily Readings'!DI18-'DJB Daily Readings'!DI17 -> 9 | AR10: ='DJB Daily Readings'!DO18-'DJB Daily Readings'!DO17 -> 9 | AS10: ='DJB Daily Readings'!DM18-'DJB Daily Readings'!DM17 -> 3 | AT10: ='DJB Daily Readings'!DQ18-'DJB Daily Readings'!DQ17 -> 0 | AU10: ='DJB Daily Readings'!DT18-'DJB Daily Readings'!DT17 -> 10.2 | AW10: ='DJB Daily Readings'!DX18-'DJB Daily Readings'!DX17 -> 5.9 | AX10: ='DJB Daily Readings'!DZ18-'DJB Daily Readings'!DZ17 -> 7.1 | AY10: ='DJB Daily Readings'!EB18-'DJB Daily Readings'!EB17 -> 545 | AZ10: ='DJB Daily Readings'!ED18-'DJB Daily Readings'!ED17 -> 119.2 | BA10: ='DJB Daily Readings'!EG18-'DJB Daily Readings'!EG17 -> 3600 | BB10: ='DJB Daily Readings'!EI18-'DJB Daily Readings'!EI17 -> 250 | BC10: ='DJB Daily Readings'!EQ18-'DJB Daily Readings'!EQ17 -> 3300 | BD10: ='DJB Daily Readings'!EK18-'DJB Daily Readings'!EK17 -> 1700 | BE10: ='DJB Daily Readings'!EM18-'DJB Daily Readings'!EM17 -> 300 | BF10: ='DJB Daily Readings'!EO18-'DJB Daily Readings'!EO17 -> 630 | BG10: =('DJB Daily Readings'!ET18-'DJB Daily Readings'!ET17)*1.89 -> 26.46 | BH10: =('DJB Daily Readings'!EV18-'DJB Daily Readings'!EV17)*1.89 -> 18.9 | BI10: =('DJB Daily Readings'!EZ18-'DJB Daily Readings'!EZ17)*1.89 -> 28.35 | BJ10: =('DJB Daily Readings'!EX18-'DJB Daily Readings'!EX17)*1.89 -> 20.79 | BK10: =('DJB Daily Readings'!FB18-'DJB Daily Readings'!FB17)*1.89 -> 62.37 | BL10: ='DJB Daily Readings'!J18 -> 122
A11: Dubai at Jumeirah Beach | B11: =B10+1 -> 10 | C11: 12 | D11: 2022 | E11: =237*0.64 -> 151.68 | F11: =232+24 -> 256 | G11: ='DJB Daily Readings'!C19-'DJB Daily Readings'!C18 -> 715 | H11: ='DJB Daily Readings'!F19-'DJB Daily Readings'!F18 -> 473 | I11: ='DJB Daily Readings'!K19-'DJB Daily Readings'!K18 -> 248 | J11: ='DJB Daily Readings'!K19-'DJB Daily Readings'!K18 -> 248 | K11: ='DJB Daily Readings'!O19-'DJB Daily Readings'!O18 -> 108 | L11: ='DJB Daily Readings'!R19-'DJB Daily Readings'!R18 -> 6 | M11: ='DJB Daily Readings'!U19-'DJB Daily Readings'!U18 -> 2046.24 | N11: ='DJB Daily Readings'!X19-'DJB Daily Readings'!X18 -> 4433.52 | O11: ='DJB Daily Readings'!AA19-'DJB Daily Readings'!AA18 -> 9646.56 | P11: ='DJB Daily Readings'!AD19-'DJB Daily Readings'!AD18 -> 974.4 | Q11: ='DJB Daily Readings'!AG19-'DJB Daily Readings'!AG18 -> 389.76 | R11: ='DJB Daily Readings'!AJ19-'DJB Daily Readings'!AJ18 -> 5651.52 | S11: ='DJB Daily Readings'!AM19-'DJB Daily Readings'!AM18 -> 4482.24 | T11: ='DJB Daily Readings'!AP19-'DJB Daily Readings'!AP18 -> 4872 | U11: ='DJB Daily Readings'!AS19-'DJB Daily Readings'!AS18 -> 2971.92 | V11: ='DJB Daily Readings'!AV19-'DJB Daily Readings'!AV18 -> 5943.84 | W11: ='DJB Daily Readings'!AZ19-'DJB Daily Readings'!AZ18 -> 51100 | X11: ='DJB Daily Readings'!BC19-'DJB Daily Readings'!BC18 -> 2100 | Y11: ='DJB Daily Readings'!BF19-'DJB Daily Readings'!BF18 -> 0 | Z11: =('DJB Daily Readings'!CK19-'DJB Daily Readings'!CK18)*1.89 -> 134.19 | AA11: =('DJB Daily Readings'!CN19-'DJB Daily Readings'!CN18)*1.89 -> 204.12 | AB11: =('DJB Daily Readings'!CQ19-'DJB Daily Readings'!CQ18)*1.89 -> 463.05 | AC11: ='DJB Daily Readings'!CT19-'DJB Daily Readings'!CT18 -> 167 | AD11: =('DJB Daily Readings'!BY19-'DJB Daily Readings'!BY18)*1.89 -> 35.91 | AE11: =('DJB Daily Readings'!CA19-'DJB Daily Readings'!CA18)*1.89 -> 34.02 | AF11: =('DJB Daily Readings'!CC19-'DJB Daily Readings'!CC18)*1.89 -> 11.34 | AG11: =('DJB Daily Readings'!CE19-'DJB Daily Readings'!CE18)*1.89 -> 18.9 | AH11: =('DJB Daily Readings'!CG19-'DJB Daily Readings'!CG18)*1.89 -> 28.35 | AI11: =('DJB Daily Readings'!CI19-'DJB Daily Readings'!CI18)*1.89 -> 60.48 | AJ11: ='DJB Daily Readings'!CY19-'DJB Daily Readings'!CY18 -> 5 | AK11: ='DJB Daily Readings'!CW19-'DJB Daily Readings'!CW18 -> 8 | AL11: ='DJB Daily Readings'!DC19-'DJB Daily Readings'!DC18 -> 9 | AM11: ='DJB Daily Readings'!DA19-'DJB Daily Readings'!DA18 -> 11 | AN11: ='DJB Daily Readings'!DG19-'DJB Daily Readings'!DG18 -> 7 | AO11: ='DJB Daily Readings'!DE19-'DJB Daily Readings'!DE18 -> 10 | AP11: ='DJB Daily Readings'!DK19-'DJB Daily Readings'!DK18 -> 10 | AQ11: ='DJB Daily Readings'!DI19-'DJB Daily Readings'!DI18 -> 9 | AR11: ='DJB Daily Readings'!DO19-'DJB Daily Readings'!DO18 -> 9 | AS11: ='DJB Daily Readings'!DM19-'DJB Daily Readings'!DM18 -> 3 | AT11: ='DJB Daily Readings'!DQ19-'DJB Daily Readings'!DQ18 -> 0 | AU11: ='DJB Daily Readings'!DT19-'DJB Daily Readings'!DT18 -> 11.7 | AW11: ='DJB Daily Readings'!DX19-'DJB Daily Readings'!DX18 -> 6.6 | AX11: ='DJB Daily Readings'!DZ19-'DJB Daily Readings'!DZ18 -> 7.5 | AY11: ='DJB Daily Readings'!EB19-'DJB Daily Readings'!EB18 -> 578 | AZ11: ='DJB Daily Readings'!ED19-'DJB Daily Readings'!ED18 -> 134.4 | BA11: ='DJB Daily Readings'!EG19-'DJB Daily Readings'!EG18 -> 2700 | BB11: ='DJB Daily Readings'!EI19-'DJB Daily Readings'!EI18 -> 270 | BC11: ='DJB Daily Readings'!EQ19-'DJB Daily Readings'!EQ18 -> 2700 | BD11: ='DJB Daily Readings'!EK19-'DJB Daily Readings'!EK18 -> 1500 | BE11: ='DJB Daily Readings'!EM19-'DJB Daily Readings'!EM18 -> 300 | BF11: ='DJB Daily Readings'!EO19-'DJB Daily Readings'!EO18 -> 700 | BG11: =('DJB Daily Readings'!ET19-'DJB Daily Readings'!ET18)*1.89 -> 30.24 | BH11: =('DJB Daily Readings'!EV19-'DJB Daily Readings'!EV18)*1.89 -> 20.79 | BI11: =('DJB Daily Readings'!EZ19-'DJB Daily Readings'!EZ18)*1.89 -> 28.35 | BJ11: =('DJB Daily Readings'!EX19-'DJB Daily Readings'!EX18)*1.89 -> 20.79 | BK11: =('DJB Daily Readings'!FB19-'DJB Daily Readings'!FB18)*1.89 -> 56.7 | BL11: ='DJB Daily Readings'!J19 -> 140
A12: Dubai at Jumeirah Beach | B12: =B11+1 -> 11 | C12: 12 | D12: 2022 | E12: =237*0.61 -> 144.57 | F12: =203+23 -> 226 | G12: ='DJB Daily Readings'!C20-'DJB Daily Readings'!C19 -> 694 | H12: ='DJB Daily Readings'!F20-'DJB Daily Readings'!F19 -> 442 | I12: ='DJB Daily Readings'!K20-'DJB Daily Readings'!K19 -> 255 | J12: ='DJB Daily Readings'!K20-'DJB Daily Readings'!K19 -> 255 | K12: ='DJB Daily Readings'!O20-'DJB Daily Readings'!O19 -> 88 | L12: ='DJB Daily Readings'!R20-'DJB Daily Readings'!R19 -> 4 | M12: ='DJB Daily Readings'!U20-'DJB Daily Readings'!U19 -> 1948.8 | N12: ='DJB Daily Readings'!X20-'DJB Daily Readings'!X19 -> 4628.4 | O12: ='DJB Daily Readings'!AA20-'DJB Daily Readings'!AA19 -> 9013.2 | P12: ='DJB Daily Readings'!AD20-'DJB Daily Readings'!AD19 -> 682.08 | Q12: ='DJB Daily Readings'!AG20-'DJB Daily Readings'!AG19 -> 584.64 | R12: ='DJB Daily Readings'!AJ20-'DJB Daily Readings'!AJ19 -> 5895.12 | S12: ='DJB Daily Readings'!AM20-'DJB Daily Readings'!AM19 -> 4384.8 | T12: ='DJB Daily Readings'!AP20-'DJB Daily Readings'!AP19 -> 4677.12 | U12: ='DJB Daily Readings'!AS20-'DJB Daily Readings'!AS19 -> 3361.68 | V12: ='DJB Daily Readings'!AV20-'DJB Daily Readings'!AV19 -> 5992.56 | W12: ='DJB Daily Readings'!AZ20-'DJB Daily Readings'!AZ19 -> 48100 | X12: ='DJB Daily Readings'!BC20-'DJB Daily Readings'!BC19 -> 0 | Y12: ='DJB Daily Readings'!BF20-'DJB Daily Readings'!BF19 -> 0 | Z12: =('DJB Daily Readings'!CK20-'DJB Daily Readings'!CK19)*1.89 -> 137.97 | AA12: =('DJB Daily Readings'!CN20-'DJB Daily Readings'!CN19)*1.89 -> 207.9 | AB12: =('DJB Daily Readings'!CQ20-'DJB Daily Readings'!CQ19)*1.89 -> 481.95 | AC12: ='DJB Daily Readings'!CT20-'DJB Daily Readings'!CT19 -> 172 | AD12: =('DJB Daily Readings'!BY20-'DJB Daily Readings'!BY19)*1.89 -> 37.8 | AE12: =('DJB Daily Readings'!CA20-'DJB Daily Readings'!CA19)*1.89 -> 35.91 | AF12: =('DJB Daily Readings'!CC20-'DJB Daily Readings'!CC19)*1.89 -> 13.23 | AG12: =('DJB Daily Readings'!CE20-'DJB Daily Readings'!CE19)*1.89 -> 20.79 | AH12: =('DJB Daily Readings'!CG20-'DJB Daily Readings'!CG19)*1.89 -> 26.46 | AI12: =('DJB Daily Readings'!CI20-'DJB Daily Readings'!CI19)*1.89 -> 69.93 | AJ12: ='DJB Daily Readings'!CY20-'DJB Daily Readings'!CY19 -> 3 | AK12: ='DJB Daily Readings'!CW20-'DJB Daily Readings'!CW19 -> 3 | AL12: ='DJB Daily Readings'!DC20-'DJB Daily Readings'!DC19 -> 15 | AM12: ='DJB Daily Readings'!DA20-'DJB Daily Readings'!DA19 -> 25 | AN12: ='DJB Daily Readings'!DG20-'DJB Daily Readings'!DG19 -> 5 | AO12: ='DJB Daily Readings'!DE20-'DJB Daily Readings'!DE19 -> 7 | AP12: ='DJB Daily Readings'!DK20-'DJB Daily Readings'!DK19 -> 10 | AQ12: ='DJB Daily Readings'!DI20-'DJB Daily Readings'!DI19 -> 14 | AR12: ='DJB Daily Readings'!DO20-'DJB Daily Readings'!DO19 -> 5 | AS12: ='DJB Daily Readings'!DM20-'DJB Daily Readings'!DM19 -> 6 | AT12: ='DJB Daily Readings'!DQ20-'DJB Daily Readings'!DQ19 -> 15 | AU12: ='DJB Daily Readings'!DT20-'DJB Daily Readings'!DT19 -> 11 | AW12: ='DJB Daily Readings'!DX20-'DJB Daily Readings'!DX19 -> 6.6 | AX12: ='DJB Daily Readings'!DZ20-'DJB Daily Readings'!DZ19 -> 7.4 | AY12: ='DJB Daily Readings'!EB20-'DJB Daily Readings'!EB19 -> 553 | AZ12: ='DJB Daily Readings'!ED20-'DJB Daily Readings'!ED19 -> 128.2 | BA12: ='DJB Daily Readings'!EG20-'DJB Daily Readings'!EG19 -> 3800 | BB12: ='DJB Daily Readings'!EI20-'DJB Daily Readings'!EI19 -> 230 | BC12: ='DJB Daily Readings'!EQ20-'DJB Daily Readings'!EQ19 -> 1700 | BD12: ='DJB Daily Readings'!EK20-'DJB Daily Readings'!EK19 -> 1900 | BE12: ='DJB Daily Readings'!EM20-'DJB Daily Readings'!EM19 -> 400 | BF12: ='DJB Daily Readings'!EO20-'DJB Daily Readings'!EO19 -> 630 | BG12: =('DJB Daily Readings'!ET20-'DJB Daily Readings'!ET19)*1.89 -> 28.35 | BH12: =('DJB Daily Readings'!EV20-'DJB Daily Readings'!EV19)*1.89 -> 18.9 | BI12: =('DJB Daily Readings'!EZ20-'DJB Daily Readings'!EZ19)*1.89 -> 20.79 | BJ12: =('DJB Daily Readings'!EX20-'DJB Daily Readings'!EX19)*1.89 -> 20.79 | BK12: =('DJB Daily Readings'!FB20-'DJB Daily Readings'!FB19)*1.89 -> 62.37 | BL12: ='DJB Daily Readings'!J20 -> 149
A13: Dubai at Jumeirah Beach | B13: =B12+1 -> 12 | C13: 12 | D13: 2022 | E13: =237*0.57 -> 135.09 | F13: =204+28 -> 232 | G13: ='DJB Daily Readings'!C21-'DJB Daily Readings'!C20 -> 744 | H13: ='DJB Daily Readings'!F21-'DJB Daily Readings'!F20 -> 429 | I13: ='DJB Daily Readings'!K21-'DJB Daily Readings'!K20 -> 283 | J13: ='DJB Daily Readings'!K21-'DJB Daily Readings'!K20 -> 283 | K13: ='DJB Daily Readings'!O21-'DJB Daily Readings'!O20 -> 81 | L13: ='DJB Daily Readings'!R21-'DJB Daily Readings'!R20 -> 6 | M13: ='DJB Daily Readings'!U21-'DJB Daily Readings'!U20 -> 1948.8 | N13: ='DJB Daily Readings'!X21-'DJB Daily Readings'!X20 -> 4823.28 | O13: ='DJB Daily Readings'!AA21-'DJB Daily Readings'!AA20 -> 9256.8 | P13: ='DJB Daily Readings'!AD21-'DJB Daily Readings'!AD20 -> 633.36 | Q13: ='DJB Daily Readings'!AG21-'DJB Daily Readings'!AG20 -> 535.92 | R13: ='DJB Daily Readings'!AJ21-'DJB Daily Readings'!AJ20 -> 5992.56 | S13: ='DJB Daily Readings'!AM21-'DJB Daily Readings'!AM20 -> 4823.28 | T13: ='DJB Daily Readings'!AP21-'DJB Daily Readings'!AP20 -> 4823.28 | U13: ='DJB Daily Readings'!AS21-'DJB Daily Readings'!AS20 -> 3312.96 | V13: ='DJB Daily Readings'!AV21-'DJB Daily Readings'!AV20 -> 5895.12 | W13: ='DJB Daily Readings'!AZ21-'DJB Daily Readings'!AZ20 -> 44000 | X13: ='DJB Daily Readings'!BC21-'DJB Daily Readings'!BC20 -> 0 | Y13: ='DJB Daily Readings'!BF21-'DJB Daily Readings'!BF20 -> 0 | Z13: =('DJB Daily Readings'!CK21-'DJB Daily Readings'!CK20)*1.89 -> 141.75 | AA13: =('DJB Daily Readings'!CN21-'DJB Daily Readings'!CN20)*1.89 -> 202.23 | AB13: =('DJB Daily Readings'!CQ21-'DJB Daily Readings'!CQ20)*1.89 -> 495.18 | AC13: ='DJB Daily Readings'!CT21-'DJB Daily Readings'!CT20 -> 175 | AD13: =('DJB Daily Readings'!BY21-'DJB Daily Readings'!BY20)*1.89 -> 37.8 | AE13: =('DJB Daily Readings'!CA21-'DJB Daily Readings'!CA20)*1.89 -> 37.8 | AF13: =('DJB Daily Readings'!CC21-'DJB Daily Readings'!CC20)*1.89 -> 13.23 | AG13: =('DJB Daily Readings'!CE21-'DJB Daily Readings'!CE20)*1.89 -> 18.9 | AH13: =('DJB Daily Readings'!CG21-'DJB Daily Readings'!CG20)*1.89 -> 28.35 | AI13: =('DJB Daily Readings'!CI21-'DJB Daily Readings'!CI20)*1.89 -> 54.81 | AJ13: ='DJB Daily Readings'!CY21-'DJB Daily Readings'!CY20 -> 2 | AK13: ='DJB Daily Readings'!CW21-'DJB Daily Readings'!CW20 -> 4 | AL13: ='DJB Daily Readings'!DC21-'DJB Daily Readings'!DC20 -> 13 | AM13: ='DJB Daily Readings'!DA21-'DJB Daily Readings'!DA20 -> 12 | AN13: ='DJB Daily Readings'!DG21-'DJB Daily Readings'!DG20 -> 6 | AO13: ='DJB Daily Readings'!DE21-'DJB Daily Readings'!DE20 -> 10 | AP13: ='DJB Daily Readings'!DK21-'DJB Daily Readings'!DK20 -> 9 | AQ13: ='DJB Daily Readings'!DI21-'DJB Daily Readings'!DI20 -> 10 | AR13: ='DJB Daily Readings'!DO21-'DJB Daily Readings'!DO20 -> 8 | AS13: ='DJB Daily Readings'!DM21-'DJB Daily Readings'!DM20 -> 5 | AT13: ='DJB Daily Readings'!DQ21-'DJB Daily Readings'!DQ20 -> 10 | AU13: ='DJB Daily Readings'!DT21-'DJB Daily Readings'!DT20 -> 11.3 | AW13: ='DJB Daily Readings'!DX21-'DJB Daily Readings'!DX20 -> 6.7 | AX13: ='DJB Daily Readings'!DZ21-'DJB Daily Readings'!DZ20 -> 6.8 | AY13: ='DJB Daily Readings'!EB21-'DJB Daily Readings'!EB20 -> 578 | AZ13: ='DJB Daily Readings'!ED21-'DJB Daily Readings'!ED20 -> 136.3 | BA13: ='DJB Daily Readings'!EG21-'DJB Daily Readings'!EG20 -> 2900 | BB13: ='DJB Daily Readings'!EI21-'DJB Daily Readings'!EI20 -> 250 | BC13: ='DJB Daily Readings'!EQ21-'DJB Daily Readings'!EQ20 -> 1900 | BD13: ='DJB Daily Readings'!EK21-'DJB Daily Readings'!EK20 -> 1600 | BE13: ='DJB Daily Readings'!EM21-'DJB Daily Readings'!EM20 -> 300 | BF13: ='DJB Daily Readings'!EO21-'DJB Daily Readings'!EO20 -> 630 | BG13: =('DJB Daily Readings'!ET21-'DJB Daily Readings'!ET20)*1.89 -> 32.13 | BH13: =('DJB Daily Readings'!EV21-'DJB Daily Readings'!EV20)*1.89 -> 20.79 | BI13: =('DJB Daily Readings'!EZ21-'DJB Daily Readings'!EZ20)*1.89 -> 18.9 | BJ13: =('DJB Daily Readings'!EX21-'DJB Daily Readings'!EX20)*1.89 -> 15.12 | BK13: =('DJB Daily Readings'!FB21-'DJB Daily Readings'!FB20)*1.89 -> 64.26 | BL13: ='DJB Daily Readings'!J21 -> 139
A14: Dubai at Jumeirah Beach | B14: =B13+1 -> 13 | C14: 12 | D14: 2022 | E14: =237*0.45 -> 106.65 | F14: =167+26 -> 193 | G14: ='DJB Daily Readings'!C22-'DJB Daily Readings'!C21 -> 569 | H14: ='DJB Daily Readings'!F22-'DJB Daily Readings'!F21 -> 364 | I14: ='DJB Daily Readings'!K22-'DJB Daily Readings'!K21 -> 215 | J14: ='DJB Daily Readings'!K22-'DJB Daily Readings'!K21 -> 215 | K14: ='DJB Daily Readings'!O22-'DJB Daily Readings'!O21 -> 83 | L14: ='DJB Daily Readings'!R22-'DJB Daily Readings'!R21 -> 8 | M14: ='DJB Daily Readings'!U22-'DJB Daily Readings'!U21 -> 1851.36 | N14: ='DJB Daily Readings'!X22-'DJB Daily Readings'!X21 -> 4336.08 | O14: ='DJB Daily Readings'!AA22-'DJB Daily Readings'!AA21 -> 8087.52 | P14: ='DJB Daily Readings'!AD22-'DJB Daily Readings'!AD21 -> 584.64 | Q14: ='DJB Daily Readings'!AG22-'DJB Daily Readings'!AG21 -> 487.2 | R14: ='DJB Daily Readings'!AJ22-'DJB Daily Readings'!AJ21 -> 5456.64 | S14: ='DJB Daily Readings'!AM22-'DJB Daily Readings'!AM21 -> 3800.16 | T14: ='DJB Daily Readings'!AP22-'DJB Daily Readings'!AP21 -> 4238.64 | U14: ='DJB Daily Readings'!AS22-'DJB Daily Readings'!AS21 -> 2728.32 | V14: ='DJB Daily Readings'!AV22-'DJB Daily Readings'!AV21 -> 5359.2 | W14: ='DJB Daily Readings'!AZ22-'DJB Daily Readings'!AZ21 -> 45100 | X14: ='DJB Daily Readings'!BC22-'DJB Daily Readings'!BC21 -> 0 | Y14: ='DJB Daily Readings'!BF22-'DJB Daily Readings'!BF21 -> 0 | Z14: =('DJB Daily Readings'!CK22-'DJB Daily Readings'!CK21)*1.89 -> 128.52 | AA14: =('DJB Daily Readings'!CN22-'DJB Daily Readings'!CN21)*1.89 -> 187.11 | AB14: =('DJB Daily Readings'!CQ22-'DJB Daily Readings'!CQ21)*1.89 -> 544.32 | AC14: ='DJB Daily Readings'!CT22-'DJB Daily Readings'!CT21 -> 159 | AD14: =('DJB Daily Readings'!BY22-'DJB Daily Readings'!BY21)*1.89 -> 37.8 | AE14: =('DJB Daily Readings'!CA22-'DJB Daily Readings'!CA21)*1.89 -> 35.91 | AF14: =('DJB Daily Readings'!CC22-'DJB Daily Readings'!CC21)*1.89 -> 11.34 | AG14: =('DJB Daily Readings'!CE22-'DJB Daily Readings'!CE21)*1.89 -> 20.79 | AH14: =('DJB Daily Readings'!CG22-'DJB Daily Readings'!CG21)*1.89 -> 24.57 | AI14: =('DJB Daily Readings'!CI22-'DJB Daily Readings'!CI21)*1.89 -> 54.81 | AJ14: ='DJB Daily Readings'!CY22-'DJB Daily Readings'!CY21 -> 3 | AK14: ='DJB Daily Readings'!CW22-'DJB Daily Readings'!CW21 -> 6 | AL14: ='DJB Daily Readings'!DC22-'DJB Daily Readings'!DC21 -> 13 | AM14: ='DJB Daily Readings'!DA22-'DJB Daily Readings'!DA21 -> 13 | AN14: ='DJB Daily Readings'!DG22-'DJB Daily Readings'!DG21 -> 5 | AO14: ='DJB Daily Readings'!DE22-'DJB Daily Readings'!DE21 -> 8 | AP14: ='DJB Daily Readings'!DK22-'DJB Daily Readings'!DK21 -> 7 | AQ14: ='DJB Daily Readings'!DI22-'DJB Daily Readings'!DI21 -> 8 | AR14: ='DJB Daily Readings'!DO22-'DJB Daily Readings'!DO21 -> 7 | AS14: ='DJB Daily Readings'!DM22-'DJB Daily Readings'!DM21 -> 4 | AT14: ='DJB Daily Readings'!DQ22-'DJB Daily Readings'!DQ21 -> 6 | AU14: ='DJB Daily Readings'!DT22-'DJB Daily Readings'!DT21 -> 10 | AW14: ='DJB Daily Readings'!DX22-'DJB Daily Readings'!DX21 -> 6 | AX14: ='DJB Daily Readings'!DZ22-'DJB Daily Readings'!DZ21 -> 5.9 | AY14: ='DJB Daily Readings'!EB22-'DJB Daily Readings'!EB21 -> 492 | AZ14: ='DJB Daily Readings'!ED22-'DJB Daily Readings'!ED21 -> 122.9 | BA14: ='DJB Daily Readings'!EG22-'DJB Daily Readings'!EG21 -> 2700 | BB14: ='DJB Daily Readings'!EI22-'DJB Daily Readings'!EI21 -> 220 | BC14: ='DJB Daily Readings'!EQ22-'DJB Daily Readings'!EQ21 -> 1800 | BD14: ='DJB Daily Readings'!EK22-'DJB Daily Readings'!EK21 -> 1600 | BE14: ='DJB Daily Readings'!EM22-'DJB Daily Readings'!EM21 -> 300 | BF14: ='DJB Daily Readings'!EO22-'DJB Daily Readings'!EO21 -> 590 | BG14: =('DJB Daily Readings'!ET22-'DJB Daily Readings'!ET21)*1.89 -> 28.35 | BH14: =('DJB Daily Readings'!EV22-'DJB Daily Readings'!EV21)*1.89 -> 17.01 | BI14: =('DJB Daily Readings'!EZ22-'DJB Daily Readings'!EZ21)*1.89 -> 22.68 | BJ14: =('DJB Daily Readings'!EX22-'DJB Daily Readings'!EX21)*1.89 -> 11.34 | BK14: =('DJB Daily Readings'!FB22-'DJB Daily Readings'!FB21)*1.89 -> 47.25 | BL14: ='DJB Daily Readings'!J22 -> 137
A15: Dubai at Jumeirah Beach | B15: =B14+1 -> 14 | C15: 12 | D15: 2022 | E15: =237*0.49 -> 116.13 | F15: =183+33 -> 216 | G15: ='DJB Daily Readings'!C23-'DJB Daily Readings'!C22 -> 619 | H15: ='DJB Daily Readings'!F23-'DJB Daily Readings'!F22 -> 394 | I15: ='DJB Daily Readings'!K23-'DJB Daily Readings'!K22 -> 185 | J15: ='DJB Daily Readings'!K23-'DJB Daily Readings'!K22 -> 185 | K15: ='DJB Daily Readings'!O23-'DJB Daily Readings'!O22 -> 100 | L15: ='DJB Daily Readings'!R23-'DJB Daily Readings'!R22 -> 7 | M15: ='DJB Daily Readings'!U23-'DJB Daily Readings'!U22 -> 1948.8 | N15: ='DJB Daily Readings'!X23-'DJB Daily Readings'!X22 -> 4384.8 | O15: ='DJB Daily Readings'!AA23-'DJB Daily Readings'!AA22 -> 9110.64 | P15: ='DJB Daily Readings'!AD23-'DJB Daily Readings'!AD22 -> 682.08 | Q15: ='DJB Daily Readings'!AG23-'DJB Daily Readings'!AG22 -> 535.92 | R15: ='DJB Daily Readings'!AJ23-'DJB Daily Readings'!AJ22 -> 5602.8 | S15: ='DJB Daily Readings'!AM23-'DJB Daily Readings'!AM22 -> 4238.64 | T15: ='DJB Daily Readings'!AP23-'DJB Daily Readings'!AP22 -> 4287.36 | U15: ='DJB Daily Readings'!AS23-'DJB Daily Readings'!AS22 -> 3020.64 | V15: ='DJB Daily Readings'!AV23-'DJB Daily Readings'!AV22 -> 5554.08 | W15: ='DJB Daily Readings'!AZ23-'DJB Daily Readings'!AZ22 -> 50500 | X15: ='DJB Daily Readings'!BC23-'DJB Daily Readings'!BC22 -> 0 | Y15: ='DJB Daily Readings'!BF23-'DJB Daily Readings'!BF22 -> 0 | Z15: =('DJB Daily Readings'!CK23-'DJB Daily Readings'!CK22)*1.89 -> 132.3 | AA15: =('DJB Daily Readings'!CN23-'DJB Daily Readings'!CN22)*1.89 -> 196.56 | AB15: =('DJB Daily Readings'!CQ23-'DJB Daily Readings'!CQ22)*1.89 -> 553.77 | AC15: ='DJB Daily Readings'!CT23-'DJB Daily Readings'!CT22 -> 163 | AD15: =('DJB Daily Readings'!BY23-'DJB Daily Readings'!BY22)*1.89 -> 37.8 | AE15: =('DJB Daily Readings'!CA23-'DJB Daily Readings'!CA22)*1.89 -> 34.02 | AF15: =('DJB Daily Readings'!CC23-'DJB Daily Readings'!CC22)*1.89 -> 11.34 | AG15: =('DJB Daily Readings'!CE23-'DJB Daily Readings'!CE22)*1.89 -> 20.79 | AH15: =('DJB Daily Readings'!CG23-'DJB Daily Readings'!CG22)*1.89 -> 26.46 | AI15: =('DJB Daily Readings'!CI23-'DJB Daily Readings'!CI22)*1.89 -> 56.7 | AJ15: ='DJB Daily Readings'!CY23-'DJB Daily Readings'!CY22 -> 6 | AK15: ='DJB Daily Readings'!CW23-'DJB Daily Readings'!CW22 -> 8 | AL15: ='DJB Daily Readings'!DC23-'DJB Daily Readings'!DC22 -> 12 | AM15: ='DJB Daily Readings'!DA23-'DJB Daily Readings'!DA22 -> 14 | AN15: ='DJB Daily Readings'!DG23-'DJB Daily Readings'!DG22 -> 5 | AO15: ='DJB Daily Readings'!DE23-'DJB Daily Readings'!DE22 -> 9 | AP15: ='DJB Daily Readings'!DK23-'DJB Daily Readings'!DK22 -> 6 | AQ15: ='DJB Daily Readings'!DI23-'DJB Daily Readings'!DI22 -> 10 | AR15: ='DJB Daily Readings'!DO23-'DJB Daily Readings'!DO22 -> 11 | AS15: ='DJB Daily Readings'!DM23-'DJB Daily Readings'!DM22 -> 2 | AT15: ='DJB Daily Readings'!DQ23-'DJB Daily Readings'!DQ22 -> 3 | AU15: ='DJB Daily Readings'!DT23-'DJB Daily Readings'!DT22 -> 10.5 | AW15: ='DJB Daily Readings'!DX23-'DJB Daily Readings'!DX22 -> 6.1 | AX15: ='DJB Daily Readings'!DZ23-'DJB Daily Readings'!DZ22 -> 6.3 | AY15: ='DJB Daily Readings'!EB23-'DJB Daily Readings'!EB22 -> 501 | AZ15: ='DJB Daily Readings'!ED23-'DJB Daily Readings'!ED22 -> 128.9 | BA15: ='DJB Daily Readings'!EG23-'DJB Daily Readings'!EG22 -> 3100 | BB15: ='DJB Daily Readings'!EI23-'DJB Daily Readings'!EI22 -> 250 | BC15: ='DJB Daily Readings'!EQ23-'DJB Daily Readings'!EQ22 -> 2100 | BD15: ='DJB Daily Readings'!EK23-'DJB Daily Readings'!EK22 -> 1900 | BE15: ='DJB Daily Readings'!EM23-'DJB Daily Readings'!EM22 -> 300 | BF15: ='DJB Daily Readings'!EO23-'DJB Daily Readings'!EO22 -> 670 | BG15: =('DJB Daily Readings'!ET23-'DJB Daily Readings'!ET22)*1.89 -> 28.35 | BH15: =('DJB Daily Readings'!EV23-'DJB Daily Readings'!EV22)*1.89 -> 20.79 | BI15: =('DJB Daily Readings'!EZ23-'DJB Daily Readings'!EZ22)*1.89 -> 28.35 | BJ15: =('DJB Daily Readings'!EX23-'DJB Daily Readings'!EX22)*1.89 -> 15.12 | BK15: =('DJB Daily Readings'!FB23-'DJB Daily Readings'!FB22)*1.89 -> 56.7 | BL15: ='DJB Daily Readings'!J23 -> 139
A16: Dubai at Jumeirah Beach | B16: =B15+1 -> 15 | C16: 12 | D16: 2022 | E16: =237*0.68 -> 161.16 | F16: =238+38 -> 276 | G16: ='DJB Daily Readings'!C24-'DJB Daily Readings'!C23 -> 627 | H16: ='DJB Daily Readings'!F24-'DJB Daily Readings'!F23 -> 438 | I16: ='DJB Daily Readings'!K24-'DJB Daily Readings'!K23 -> 137 | J16: ='DJB Daily Readings'!K24-'DJB Daily Readings'!K23 -> 137 | K16: ='DJB Daily Readings'!O24-'DJB Daily Readings'!O23 -> 94 | L16: ='DJB Daily Readings'!R24-'DJB Daily Readings'!R23 -> 7 | M16: ='DJB Daily Readings'!U24-'DJB Daily Readings'!U23 -> 1948.8 | N16: ='DJB Daily Readings'!X24-'DJB Daily Readings'!X23 -> 4433.52 | O16: ='DJB Daily Readings'!AA24-'DJB Daily Readings'!AA23 -> 9305.52 | P16: ='DJB Daily Readings'!AD24-'DJB Daily Readings'!AD23 -> 779.52 | Q16: ='DJB Daily Readings'!AG24-'DJB Daily Readings'!AG23 -> 535.92 | R16: ='DJB Daily Readings'!AJ24-'DJB Daily Readings'!AJ23 -> 5700.24 | S16: ='DJB Daily Readings'!AM24-'DJB Daily Readings'!AM23 -> 4384.8 | T16: ='DJB Daily Readings'!AP24-'DJB Daily Readings'!AP23 -> 4530.96 | U16: ='DJB Daily Readings'!AS24-'DJB Daily Readings'!AS23 -> 3312.96 | V16: ='DJB Daily Readings'!AV24-'DJB Daily Readings'!AV23 -> 5748.96 | W16: ='DJB Daily Readings'!AZ24-'DJB Daily Readings'!AZ23 -> 52500 | X16: ='DJB Daily Readings'!BC24-'DJB Daily Readings'!BC23 -> 0 | Y16: ='DJB Daily Readings'!BF24-'DJB Daily Readings'!BF23 -> 0 | Z16: =('DJB Daily Readings'!CK24-'DJB Daily Readings'!CK23)*1.89 -> 136.08 | AA16: =('DJB Daily Readings'!CN24-'DJB Daily Readings'!CN23)*1.89 -> 206.01 | AB16: =('DJB Daily Readings'!CQ24-'DJB Daily Readings'!CQ23)*1.89 -> 272.16 | AC16: ='DJB Daily Readings'!CT24-'DJB Daily Readings'!CT23 -> 171 | AD16: =('DJB Daily Readings'!BY24-'DJB Daily Readings'!BY23)*1.89 -> 39.69 | AE16: =('DJB Daily Readings'!CA24-'DJB Daily Readings'!CA23)*1.89 -> 35.91 | AF16: =('DJB Daily Readings'!CC24-'DJB Daily Readings'!CC23)*1.89 -> 13.23 | AG16: =('DJB Daily Readings'!CE24-'DJB Daily Readings'!CE23)*1.89 -> 17.01 | AH16: =('DJB Daily Readings'!CG24-'DJB Daily Readings'!CG23)*1.89 -> 28.35 | AI16: =('DJB Daily Readings'!CI24-'DJB Daily Readings'!CI23)*1.89 -> 58.59 | AJ16: ='DJB Daily Readings'!CY24-'DJB Daily Readings'!CY23 -> 3 | AK16: ='DJB Daily Readings'!CW24-'DJB Daily Readings'!CW23 -> 5 | AL16: ='DJB Daily Readings'!DC24-'DJB Daily Readings'!DC23 -> 13 | AM16: ='DJB Daily Readings'!DA24-'DJB Daily Readings'!DA23 -> 16 | AN16: ='DJB Daily Readings'!DG24-'DJB Daily Readings'!DG23 -> 6 | AO16: ='DJB Daily Readings'!DE24-'DJB Daily Readings'!DE23 -> 10 | AP16: ='DJB Daily Readings'!DK24-'DJB Daily Readings'!DK23 -> 7 | AQ16: ='DJB Daily Readings'!DI24-'DJB Daily Readings'!DI23 -> 10 | AR16: ='DJB Daily Readings'!DO24-'DJB Daily Readings'!DO23 -> 7 | AS16: ='DJB Daily Readings'!DM24-'DJB Daily Readings'!DM23 -> 4 | AT16: ='DJB Daily Readings'!DQ24-'DJB Daily Readings'!DQ23 -> 7 | AU16: ='DJB Daily Readings'!DT24-'DJB Daily Readings'!DT23 -> 11.5 | AW16: ='DJB Daily Readings'!DX24-'DJB Daily Readings'!DX23 -> 6.5 | AX16: ='DJB Daily Readings'!DZ24-'DJB Daily Readings'!DZ23 -> 6.4 | AY16: ='DJB Daily Readings'!EB24-'DJB Daily Readings'!EB23 -> 578 | AZ16: ='DJB Daily Readings'!ED24-'DJB Daily Readings'!ED23 -> 131.9 | BA16: ='DJB Daily Readings'!EG24-'DJB Daily Readings'!EG23 -> 3500 | BB16: ='DJB Daily Readings'!EI24-'DJB Daily Readings'!EI23 -> 250 | BC16: ='DJB Daily Readings'!EQ24-'DJB Daily Readings'!EQ23 -> 2000 | BD16: ='DJB Daily Readings'!EK24-'DJB Daily Readings'!EK23 -> 2000 | BE16: ='DJB Daily Readings'!EM24-'DJB Daily Readings'!EM23 -> 400 | BF16: ='DJB Daily Readings'!EO24-'DJB Daily Readings'!EO23 -> 670 | BG16: =('DJB Daily Readings'!ET24-'DJB Daily Readings'!ET23)*1.89 -> 30.24 | BH16: =('DJB Daily Readings'!EV24-'DJB Daily Readings'!EV23)*1.89 -> 20.79 | BI16: =('DJB Daily Readings'!EZ24-'DJB Daily Readings'!EZ23)*1.89 -> 26.46 | BJ16: =('DJB Daily Readings'!EX24-'DJB Daily Readings'!EX23)*1.89 -> 15.12 | BK16: =('DJB Daily Readings'!FB24-'DJB Daily Readings'!FB23)*1.89 -> 58.59 | BL16: ='DJB Daily Readings'!J24 -> 142
A17: Dubai at Jumeirah Beach | B17: =B16+1 -> 16 | C17: 12 | D17: 2022 | E17: =237*0.74 -> 175.38 | F17: =372+48 -> 420 | G17: ='DJB Daily Readings'!C25-'DJB Daily Readings'!C24 -> 645 | H17: ='DJB Daily Readings'!F25-'DJB Daily Readings'!F24 -> 472 | I17: ='DJB Daily Readings'!K25-'DJB Daily Readings'!K24 -> 42 | J17: ='DJB Daily Readings'!K25-'DJB Daily Readings'!K24 -> 42 | K17: ='DJB Daily Readings'!O25-'DJB Daily Readings'!O24 -> 98 | L17: ='DJB Daily Readings'!R25-'DJB Daily Readings'!R24 -> 9 | M17: ='DJB Daily Readings'!U25-'DJB Daily Readings'!U24 -> 1948.8 | N17: ='DJB Daily Readings'!X25-'DJB Daily Readings'!X24 -> 4384.8 | O17: ='DJB Daily Readings'!AA25-'DJB Daily Readings'!AA24 -> 9354.24 | P17: ='DJB Daily Readings'!AD25-'DJB Daily Readings'!AD24 -> 682.08 | Q17: ='DJB Daily Readings'!AG25-'DJB Daily Readings'!AG24 -> 535.92 | R17: ='DJB Daily Readings'!AJ25-'DJB Daily Readings'!AJ24 -> 5846.4 | S17: ='DJB Daily Readings'!AM25-'DJB Daily Readings'!AM24 -> 4384.8 | T17: ='DJB Daily Readings'!AP25-'DJB Daily Readings'!AP24 -> 4725.84 | U17: ='DJB Daily Readings'!AS25-'DJB Daily Readings'!AS24 -> 3312.96 | V17: ='DJB Daily Readings'!AV25-'DJB Daily Readings'!AV24 -> 5846.4 | W17: ='DJB Daily Readings'!AZ25-'DJB Daily Readings'!AZ24 -> 53000 | X17: ='DJB Daily Readings'!BC25-'DJB Daily Readings'!BC24 -> 0 | Y17: ='DJB Daily Readings'!BF25-'DJB Daily Readings'!BF24 -> 0 | Z17: =('DJB Daily Readings'!CK25-'DJB Daily Readings'!CK24)*1.89 -> 137.97 | AA17: =('DJB Daily Readings'!CN25-'DJB Daily Readings'!CN24)*1.89 -> 206.01 | AB17: =('DJB Daily Readings'!CQ25-'DJB Daily Readings'!CQ24)*1.89 -> 421.47 | AC17: ='DJB Daily Readings'!CT25-'DJB Daily Readings'!CT24 -> 170 | AD17: =('DJB Daily Readings'!BY25-'DJB Daily Readings'!BY24)*1.89 -> 35.91 | AE17: =('DJB Daily Readings'!CA25-'DJB Daily Readings'!CA24)*1.89 -> 32.13 | AF17: =('DJB Daily Readings'!CC25-'DJB Daily Readings'!CC24)*1.89 -> 13.23 | AG17: =('DJB Daily Readings'!CE25-'DJB Daily Readings'!CE24)*1.89 -> 18.9 | AH17: =('DJB Daily Readings'!CG25-'DJB Daily Readings'!CG24)*1.89 -> 26.46 | AI17: =('DJB Daily Readings'!CI25-'DJB Daily Readings'!CI24)*1.89 -> 60.48 | AJ17: ='DJB Daily Readings'!CY25-'DJB Daily Readings'!CY24 -> 3 | AK17: ='DJB Daily Readings'!CW25-'DJB Daily Readings'!CW24 -> 5 | AL17: ='DJB Daily Readings'!DC25-'DJB Daily Readings'!DC24 -> 12 | AM17: ='DJB Daily Readings'!DA25-'DJB Daily Readings'!DA24 -> 14 | AN17: ='DJB Daily Readings'!DG25-'DJB Daily Readings'!DG24 -> 6 | AO17: ='DJB Daily Readings'!DE25-'DJB Daily Readings'!DE24 -> 9 | AP17: ='DJB Daily Readings'!DK25-'DJB Daily Readings'!DK24 -> 7 | AQ17: ='DJB Daily Readings'!DI25-'DJB Daily Readings'!DI24 -> 9 | AR17: ='DJB Daily Readings'!DO25-'DJB Daily Readings'!DO24 -> 7 | AS17: ='DJB Daily Readings'!DM25-'DJB Daily Readings'!DM24 -> 4 | AT17: ='DJB Daily Readings'!DQ25-'DJB Daily Readings'!DQ24 -> 0 | AU17: ='DJB Daily Readings'!DT25-'DJB Daily Readings'!DT24 -> 11.5 | AW17: ='DJB Daily Readings'!DX25-'DJB Daily Readings'!DX24 -> 6.2 | AX17: ='DJB Daily Readings'!DZ25-'DJB Daily Readings'!DZ24 -> 7.4 | AY17: ='DJB Daily Readings'!EB25-'DJB Daily Readings'!EB24 -> 597 | AZ17: ='DJB Daily Readings'!ED25-'DJB Daily Readings'!ED24 -> 132 | BA17: ='DJB Daily Readings'!EG25-'DJB Daily Readings'!EG24 -> 3500 | BB17: ='DJB Daily Readings'!EI25-'DJB Daily Readings'!EI24 -> 260 | BC17: ='DJB Daily Readings'!EQ25-'DJB Daily Readings'!EQ24 -> 4100 | BD17: ='DJB Daily Readings'!EK25-'DJB Daily Readings'!EK24 -> 1800 | BE17: ='DJB Daily Readings'!EM25-'DJB Daily Readings'!EM24 -> 300 | BF17: ='DJB Daily Readings'!EO25-'DJB Daily Readings'!EO24 -> 640 | BG17: =('DJB Daily Readings'!ET25-'DJB Daily Readings'!ET24)*1.89 -> 32.13 | BH17: =('DJB Daily Readings'!EV25-'DJB Daily Readings'!EV24)*1.89 -> 18.9 | BI17: =('DJB Daily Readings'!EZ25-'DJB Daily Readings'!EZ24)*1.89 -> 30.24 | BJ17: =('DJB Daily Readings'!EX25-'DJB Daily Readings'!EX24)*1.89 -> 18.9 | BK17: =('DJB Daily Readings'!FB25-'DJB Daily Readings'!FB24)*1.89 -> 68.04 | BL17: ='DJB Daily Readings'!J25 -> 154
A18: Dubai at Jumeirah Beach | B18: =B17+1 -> 17 | C18: 12 | D18: 2022 | E18: =237*0.67 -> 158.79 | F18: =252+49 -> 301 | G18: ='DJB Daily Readings'!C26-'DJB Daily Readings'!C25 -> 662 | H18: ='DJB Daily Readings'!F26-'DJB Daily Readings'!F25 -> 522 | I18: ='DJB Daily Readings'!K26-'DJB Daily Readings'!K25 -> 18 | J18: ='DJB Daily Readings'!K26-'DJB Daily Readings'!K25 -> 18 | K18: ='DJB Daily Readings'!O26-'DJB Daily Readings'!O25 -> 108 | L18: ='DJB Daily Readings'!R26-'DJB Daily Readings'!R25 -> 14 | M18: ='DJB Daily Readings'!U26-'DJB Daily Readings'!U25 -> 3848.88 | N18: ='DJB Daily Readings'!X26-'DJB Daily Readings'!X25 -> 4677.12 | O18: ='DJB Daily Readings'!AA26-'DJB Daily Readings'!AA25 -> 1071.84 | P18: ='DJB Daily Readings'!AD26-'DJB Daily Readings'!AD25 -> 97.44 | Q18: ='DJB Daily Readings'!AG26-'DJB Daily Readings'!AG25 -> 8964.48 | R18: ='DJB Daily Readings'!AJ26-'DJB Daily Readings'!AJ25 -> 5797.68 | S18: ='DJB Daily Readings'!AM26-'DJB Daily Readings'!AM25 -> 4628.4 | T18: ='DJB Daily Readings'!AP26-'DJB Daily Readings'!AP25 -> 4969.44 | U18: ='DJB Daily Readings'!AS26-'DJB Daily Readings'!AS25 -> 3361.68 | V18: ='DJB Daily Readings'!AV26-'DJB Daily Readings'!AV25 -> 6090 | W18: ='DJB Daily Readings'!AZ26-'DJB Daily Readings'!AZ25 -> 2900 | X18: ='DJB Daily Readings'!BC26-'DJB Daily Readings'!BC25 -> 0 | Y18: ='DJB Daily Readings'!BF26-'DJB Daily Readings'!BF25 -> 49600 | Z18: =('DJB Daily Readings'!CK26-'DJB Daily Readings'!CK25)*1.89 -> 139.86 | AA18: =('DJB Daily Readings'!CN26-'DJB Daily Readings'!CN25)*1.89 -> 224.91 | AB18: =('DJB Daily Readings'!CQ26-'DJB Daily Readings'!CQ25)*1.89 -> 464.94 | AC18: ='DJB Daily Readings'!CT26-'DJB Daily Readings'!CT25 -> 175 | AD18: =('DJB Daily Readings'!BY26-'DJB Daily Readings'!BY25)*1.89 -> 39.69 | AE18: =('DJB Daily Readings'!CA26-'DJB Daily Readings'!CA25)*1.89 -> 39.69 | AF18: =('DJB Daily Readings'!CC26-'DJB Daily Readings'!CC25)*1.89 -> 13.23 | AG18: =('DJB Daily Readings'!CE26-'DJB Daily Readings'!CE25)*1.89 -> 18.9 | AH18: =('DJB Daily Readings'!CG26-'DJB Daily Readings'!CG25)*1.89 -> 30.24 | AI18: =('DJB Daily Readings'!CI26-'DJB Daily Readings'!CI25)*1.89 -> 62.37 | AJ18: ='DJB Daily Readings'!CY26-'DJB Daily Readings'!CY25 -> 3 | AK18: ='DJB Daily Readings'!CW26-'DJB Daily Readings'!CW25 -> 5 | AL18: ='DJB Daily Readings'!DC26-'DJB Daily Readings'!DC25 -> 12 | AM18: ='DJB Daily Readings'!DA26-'DJB Daily Readings'!DA25 -> 15 | AN18: ='DJB Daily Readings'!DG26-'DJB Daily Readings'!DG25 -> 6 | AO18: ='DJB Daily Readings'!DE26-'DJB Daily Readings'!DE25 -> 9 | AP18: ='DJB Daily Readings'!DK26-'DJB Daily Readings'!DK25 -> 7 | AQ18: ='DJB Daily Readings'!DI26-'DJB Daily Readings'!DI25 -> 9 | AR18: ='DJB Daily Readings'!DO26-'DJB Daily Readings'!DO25 -> 7 | AS18: ='DJB Daily Readings'!DM26-'DJB Daily Readings'!DM25 -> 4 | AT18: ='DJB Daily Readings'!DQ26-'DJB Daily Readings'!DQ25 -> 0 | AU18: ='DJB Daily Readings'!DT26-'DJB Daily Readings'!DT25 -> 11.6 | AW18: ='DJB Daily Readings'!DX26-'DJB Daily Readings'!DX25 -> 6.8 | AX18: ='DJB Daily Readings'!DZ26-'DJB Daily Readings'!DZ25 -> 8 | AY18: ='DJB Daily Readings'!EB26-'DJB Daily Readings'!EB25 -> 637 | AZ18: ='DJB Daily Readings'!ED26-'DJB Daily Readings'!ED25 -> 136 | BA18: ='DJB Daily Readings'!EG26-'DJB Daily Readings'!EG25 -> 3400 | BB18: ='DJB Daily Readings'!EI26-'DJB Daily Readings'!EI25 -> 270 | BC18: ='DJB Daily Readings'!EQ26-'DJB Daily Readings'!EQ25 -> 500 | BD18: ='DJB Daily Readings'!EK26-'DJB Daily Readings'!EK25 -> 1900 | BE18: ='DJB Daily Readings'!EM26-'DJB Daily Readings'!EM25 -> 300 | BF18: ='DJB Daily Readings'!EO26-'DJB Daily Readings'!EO25 -> 690 | BG18: =('DJB Daily Readings'!ET26-'DJB Daily Readings'!ET25)*1.89 -> 35.91 | BH18: =('DJB Daily Readings'!EV26-'DJB Daily Readings'!EV25)*1.89 -> 22.68 | BI18: =('DJB Daily Readings'!EZ26-'DJB Daily Readings'!EZ25)*1.89 -> 22.68 | BJ18: =('DJB Daily Readings'!EX26-'DJB Daily Readings'!EX25)*1.89 -> 20.79 | BK18: =('DJB Daily Readings'!FB26-'DJB Daily Readings'!FB25)*1.89 -> 71.82 | BL18: ='DJB Daily Readings'!J26 -> 165
A19: Dubai at Jumeirah Beach | B19: =B18+1 -> 18 | C19: 12 | D19: 2022 | E19: =237*0.57 -> 135.09 | F19: =216+44 -> 260 | G19: ='DJB Daily Readings'!C27-'DJB Daily Readings'!C26 -> 568 | H19: ='DJB Daily Readings'!F27-'DJB Daily Readings'!F26 -> 418 | I19: ='DJB Daily Readings'!K27-'DJB Daily Readings'!K26 -> 5 | J19: ='DJB Daily Readings'!K27-'DJB Daily Readings'!K26 -> 5 | K19: ='DJB Daily Readings'!O27-'DJB Daily Readings'!O26 -> 91 | L19: ='DJB Daily Readings'!R27-'DJB Daily Readings'!R26 -> 8 | M19: ='DJB Daily Readings'!U27-'DJB Daily Readings'!U26 -> 3459.12 | N19: ='DJB Daily Readings'!X27-'DJB Daily Readings'!X26 -> 4238.64 | O19: ='DJB Daily Readings'!AA27-'DJB Daily Readings'!AA26 -> 584.64 | P19: ='DJB Daily Readings'!AD27-'DJB Daily Readings'!AD26 -> 48.72 | Q19: ='DJB Daily Readings'!AG27-'DJB Daily Readings'!AG26 -> 7454.16 | R19: ='DJB Daily Readings'!AJ27-'DJB Daily Readings'!AJ26 -> 5456.64 | S19: ='DJB Daily Readings'!AM27-'DJB Daily Readings'!AM26 -> 4189.92 | T19: ='DJB Daily Readings'!AP27-'DJB Daily Readings'!AP26 -> 4384.8 | U19: ='DJB Daily Readings'!AS27-'DJB Daily Readings'!AS26 -> 2923.2 | V19: ='DJB Daily Readings'!AV27-'DJB Daily Readings'!AV26 -> 5505.36 | W19: ='DJB Daily Readings'!AZ27-'DJB Daily Readings'!AZ26 -> 0 | X19: ='DJB Daily Readings'!BC27-'DJB Daily Readings'!BC26 -> 0 | Y19: ='DJB Daily Readings'!BF27-'DJB Daily Readings'!BF26 -> 45900 | Z19: =('DJB Daily Readings'!CK27-'DJB Daily Readings'!CK26)*1.89 -> 130.41 | AA19: =('DJB Daily Readings'!CN27-'DJB Daily Readings'!CN26)*1.89 -> 158.76 | AB19: =('DJB Daily Readings'!CQ27-'DJB Daily Readings'!CQ26)*1.89 -> 421.47 | AC19: ='DJB Daily Readings'!CT27-'DJB Daily Readings'!CT26 -> 163 | AD19: =('DJB Daily Readings'!BY27-'DJB Daily Readings'!BY26)*1.89 -> 34.02 | AE19: =('DJB Daily Readings'!CA27-'DJB Daily Readings'!CA26)*1.89 -> 34.02 | AF19: =('DJB Daily Readings'!CC27-'DJB Daily Readings'!CC26)*1.89 -> 9.45 | AG19: =('DJB Daily Readings'!CE27-'DJB Daily Readings'!CE26)*1.89 -> 20.79 | AH19: =('DJB Daily Readings'!CG27-'DJB Daily Readings'!CG26)*1.89 -> 24.57 | AI19: =('DJB Daily Readings'!CI27-'DJB Daily Readings'!CI26)*1.89 -> 52.92 | AJ19: ='DJB Daily Readings'!CY27-'DJB Daily Readings'!CY26 -> 9 | AK19: ='DJB Daily Readings'!CW27-'DJB Daily Readings'!CW26 -> 13 | AL19: ='DJB Daily Readings'!DC27-'DJB Daily Readings'!DC26 -> 15 | AM19: ='DJB Daily Readings'!DA27-'DJB Daily Readings'!DA26 -> 21 | AN19: ='DJB Daily Readings'!DG27-'DJB Daily Readings'!DG26 -> 4 | AO19: ='DJB Daily Readings'!DE27-'DJB Daily Readings'!DE26 -> 12 | AP19: ='DJB Daily Readings'!DK27-'DJB Daily Readings'!DK26 -> 17 | AQ19: ='DJB Daily Readings'!DI27-'DJB Daily Readings'!DI26 -> 13 | AR19: ='DJB Daily Readings'!DO27-'DJB Daily Readings'!DO26 -> 10 | AS19: ='DJB Daily Readings'!DM27-'DJB Daily Readings'!DM26 -> 5 | AT19: ='DJB Daily Readings'!DQ27-'DJB Daily Readings'!DQ26 -> 0 | AU19: ='DJB Daily Readings'!DT27-'DJB Daily Readings'!DT26 -> 10.3 | AW19: ='DJB Daily Readings'!DX27-'DJB Daily Readings'!DX26 -> 6.1 | AX19: ='DJB Daily Readings'!DZ27-'DJB Daily Readings'!DZ26 -> 6.8 | AY19: ='DJB Daily Readings'!EB27-'DJB Daily Readings'!EB26 -> 480 | AZ19: ='DJB Daily Readings'!ED27-'DJB Daily Readings'!ED26 -> 129.6 | BA19: ='DJB Daily Readings'!EG27-'DJB Daily Readings'!EG26 -> 3200 | BB19: ='DJB Daily Readings'!EI27-'DJB Daily Readings'!EI26 -> 210 | BC19: ='DJB Daily Readings'!EQ27-'DJB Daily Readings'!EQ26 -> 2200 | BD19: ='DJB Daily Readings'!EK27-'DJB Daily Readings'!EK26 -> 1600 | BE19: ='DJB Daily Readings'!EM27-'DJB Daily Readings'!EM26 -> 400 | BF19: ='DJB Daily Readings'!EO27-'DJB Daily Readings'!EO26 -> 580 | BG19: =('DJB Daily Readings'!ET27-'DJB Daily Readings'!ET26)*1.89 -> 30.24 | BH19: =('DJB Daily Readings'!EV27-'DJB Daily Readings'!EV26)*1.89 -> 18.9 | BI19: =('DJB Daily Readings'!EZ27-'DJB Daily Readings'!EZ26)*1.89 -> 22.68 | BJ19: =('DJB Daily Readings'!EX27-'DJB Daily Readings'!EX26)*1.89 -> 17.01 | BK19: =('DJB Daily Readings'!FB27-'DJB Daily Readings'!FB26)*1.89 -> 49.14 | BL19: ='DJB Daily Readings'!J27 -> 159
A20: Dubai at Jumeirah Beach | B20: =B19+1 -> 19 | C20: 12 | D20: 2022 | E20: =237*0.67 -> 158.79 | F20: =244+58 -> 302 | G20: ='DJB Daily Readings'!C28-'DJB Daily Readings'!C27 -> 545 | H20: ='DJB Daily Readings'!F28-'DJB Daily Readings'!F27 -> 428 | I20: ='DJB Daily Readings'!K28-'DJB Daily Readings'!K27 -> 195 | J20: ='DJB Daily Readings'!K28-'DJB Daily Readings'!K27 -> 195 | K20: ='DJB Daily Readings'!O28-'DJB Daily Readings'!O27 -> 88 | L20: ='DJB Daily Readings'!R28-'DJB Daily Readings'!R27 -> 12 | M20: ='DJB Daily Readings'!U28-'DJB Daily Readings'!U27 -> 3702.72 | N20: ='DJB Daily Readings'!X28-'DJB Daily Readings'!X27 -> 4579.68 | O20: ='DJB Daily Readings'!AA28-'DJB Daily Readings'!AA27 -> 487.2 | P20: ='DJB Daily Readings'!AD28-'DJB Daily Readings'!AD27 -> 0 | Q20: ='DJB Daily Readings'!AG28-'DJB Daily Readings'!AG27 -> 7551.6 | R20: ='DJB Daily Readings'!AJ28-'DJB Daily Readings'!AJ27 -> 5602.8 | S20: ='DJB Daily Readings'!AM28-'DJB Daily Readings'!AM27 -> 4141.2 | T20: ='DJB Daily Readings'!AP28-'DJB Daily Readings'!AP27 -> 4628.4 | U20: ='DJB Daily Readings'!AS28-'DJB Daily Readings'!AS27 -> 3118.08 | V20: ='DJB Daily Readings'!AV28-'DJB Daily Readings'!AV27 -> 5505.36 | W20: ='DJB Daily Readings'!AZ28-'DJB Daily Readings'!AZ27 -> 0 | X20: ='DJB Daily Readings'!BC28-'DJB Daily Readings'!BC27 -> 0 | Y20: ='DJB Daily Readings'!BF28-'DJB Daily Readings'!BF27 -> 45000 | Z20: =('DJB Daily Readings'!CK28-'DJB Daily Readings'!CK27)*1.89 -> 126.63 | AA20: =('DJB Daily Readings'!CN28-'DJB Daily Readings'!CN27)*1.89 -> 215.46 | AB20: =('DJB Daily Readings'!CQ28-'DJB Daily Readings'!CQ27)*1.89 -> 440.37 | AC20: ='DJB Daily Readings'!CT28-'DJB Daily Readings'!CT27 -> 149 | AD20: =('DJB Daily Readings'!BY28-'DJB Daily Readings'!BY27)*1.89 -> 37.8 | AE20: =('DJB Daily Readings'!CA28-'DJB Daily Readings'!CA27)*1.89 -> 35.91 | AF20: =('DJB Daily Readings'!CC28-'DJB Daily Readings'!CC27)*1.89 -> 11.34 | AG20: =('DJB Daily Readings'!CE28-'DJB Daily Readings'!CE27)*1.89 -> 20.79 | AH20: =('DJB Daily Readings'!CG28-'DJB Daily Readings'!CG27)*1.89 -> 28.35 | AI20: =('DJB Daily Readings'!CI28-'DJB Daily Readings'!CI27)*1.89 -> 58.59 | AJ20: ='DJB Daily Readings'!CY28-'DJB Daily Readings'!CY27 -> 5 | AK20: ='DJB Daily Readings'!CW28-'DJB Daily Readings'!CW27 -> 7 | AL20: ='DJB Daily Readings'!DC28-'DJB Daily Readings'!DC27 -> 13 | AM20: ='DJB Daily Readings'!DA28-'DJB Daily Readings'!DA27 -> 14 | AN20: ='DJB Daily Readings'!DG28-'DJB Daily Readings'!DG27 -> 7 | AO20: ='DJB Daily Readings'!DE28-'DJB Daily Readings'!DE27 -> 9 | AP20: ='DJB Daily Readings'!DK28-'DJB Daily Readings'!DK27 -> 7 | AQ20: ='DJB Daily Readings'!DI28-'DJB Daily Readings'!DI27 -> 10 | AR20: ='DJB Daily Readings'!DO28-'DJB Daily Readings'!DO27 -> 7 | AS20: ='DJB Daily Readings'!DM28-'DJB Daily Readings'!DM27 -> 4 | AT20: ='DJB Daily Readings'!DQ28-'DJB Daily Readings'!DQ27 -> 5 | AU20: ='DJB Daily Readings'!DT28-'DJB Daily Readings'!DT27 -> 10.8 | AW20: ='DJB Daily Readings'!DX28-'DJB Daily Readings'!DX27 -> 6.6 | AX20: ='DJB Daily Readings'!DZ28-'DJB Daily Readings'!DZ27 -> 5.9 | AY20: ='DJB Daily Readings'!EB28-'DJB Daily Readings'!EB27 -> 565 | AZ20: ='DJB Daily Readings'!ED28-'DJB Daily Readings'!ED27 -> 129.9 | BA20: ='DJB Daily Readings'!EG28-'DJB Daily Readings'!EG27 -> 3100 | BB20: ='DJB Daily Readings'!EI28-'DJB Daily Readings'!EI27 -> 240 | BC20: ='DJB Daily Readings'!EQ28-'DJB Daily Readings'!EQ27 -> 1900 | BD20: ='DJB Daily Readings'!EK28-'DJB Daily Readings'!EK27 -> 1700 | BE20: ='DJB Daily Readings'!EM28-'DJB Daily Readings'!EM27 -> 300 | BF20: ='DJB Daily Readings'!EO28-'DJB Daily Readings'!EO27 -> 610 | BG20: =('DJB Daily Readings'!ET28-'DJB Daily Readings'!ET27)*1.89 -> 30.24 | BH20: =('DJB Daily Readings'!EV28-'DJB Daily Readings'!EV27)*1.89 -> 22.68 | BI20: =('DJB Daily Readings'!EZ28-'DJB Daily Readings'!EZ27)*1.89 -> 24.57 | BJ20: =('DJB Daily Readings'!EX28-'DJB Daily Readings'!EX27)*1.89 -> 18.9 | BK20: =('DJB Daily Readings'!FB28-'DJB Daily Readings'!FB27)*1.89 -> 60.48 | BL20: ='DJB Daily Readings'!J28 -> 123
A21: Dubai at Jumeirah Beach | B21: =B20+1 -> 20 | C21: 12 | D21: 2022 | E21: =237*0.72 -> 170.64 | F21: =256+84 -> 340 | G21: ='DJB Daily Readings'!C29-'DJB Daily Readings'!C28 -> 588 | H21: ='DJB Daily Readings'!F29-'DJB Daily Readings'!F28 -> 448 | I21: ='DJB Daily Readings'!K29-'DJB Daily Readings'!K28 -> 239 | J21: ='DJB Daily Readings'!K29-'DJB Daily Readings'!K28 -> 239 | K21: ='DJB Daily Readings'!O29-'DJB Daily Readings'!O28 -> 85 | L21: ='DJB Daily Readings'!R29-'DJB Daily Readings'!R28 -> 5 | M21: ='DJB Daily Readings'!U29-'DJB Daily Readings'!U28 -> 3897.6 | N21: ='DJB Daily Readings'!X29-'DJB Daily Readings'!X28 -> 4579.68 | O21: ='DJB Daily Readings'!AA29-'DJB Daily Readings'!AA28 -> 535.92 | P21: ='DJB Daily Readings'!AD29-'DJB Daily Readings'!AD28 -> 48.72 | Q21: ='DJB Daily Readings'!AG29-'DJB Daily Readings'!AG28 -> 7551.6 | R21: ='DJB Daily Readings'!AJ29-'DJB Daily Readings'!AJ28 -> 5748.96 | S21: ='DJB Daily Readings'!AM29-'DJB Daily Readings'!AM28 -> 4530.96 | T21: ='DJB Daily Readings'!AP29-'DJB Daily Readings'!AP28 -> 4774.56 | U21: ='DJB Daily Readings'!AS29-'DJB Daily Readings'!AS28 -> 3166.8 | V21: ='DJB Daily Readings'!AV29-'DJB Daily Readings'!AV28 -> 5748.96 | W21: ='DJB Daily Readings'!AZ29-'DJB Daily Readings'!AZ28 -> 0 | X21: ='DJB Daily Readings'!BC29-'DJB Daily Readings'!BC28 -> 0 | Y21: ='DJB Daily Readings'!BF29-'DJB Daily Readings'!BF28 -> 44300 | Z21: =('DJB Daily Readings'!CK29-'DJB Daily Readings'!CK28)*1.89 -> 158.76 | AA21: =('DJB Daily Readings'!CN29-'DJB Daily Readings'!CN28)*1.89 -> 207.9 | AB21: =('DJB Daily Readings'!CQ29-'DJB Daily Readings'!CQ28)*1.89 -> 485.73 | AC21: ='DJB Daily Readings'!CT29-'DJB Daily Readings'!CT28 -> 181 | AD21: =('DJB Daily Readings'!BY29-'DJB Daily Readings'!BY28)*1.89 -> 37.8 | AE21: =('DJB Daily Readings'!CA29-'DJB Daily Readings'!CA28)*1.89 -> 35.91 | AF21: =('DJB Daily Readings'!CC29-'DJB Daily Readings'!CC28)*1.89 -> 13.23 | AG21: =('DJB Daily Readings'!CE29-'DJB Daily Readings'!CE28)*1.89 -> 18.9 | AH21: =('DJB Daily Readings'!CG29-'DJB Daily Readings'!CG28)*1.89 -> 28.35 | AI21: =('DJB Daily Readings'!CI29-'DJB Daily Readings'!CI28)*1.89 -> 60.48 | AJ21: ='DJB Daily Readings'!CY29-'DJB Daily Readings'!CY28 -> 5 | AK21: ='DJB Daily Readings'!CW29-'DJB Daily Readings'!CW28 -> 6 | AL21: ='DJB Daily Readings'!DC29-'DJB Daily Readings'!DC28 -> 13 | AM21: ='DJB Daily Readings'!DA29-'DJB Daily Readings'!DA28 -> 14 | AN21: ='DJB Daily Readings'!DG29-'DJB Daily Readings'!DG28 -> 6 | AO21: ='DJB Daily Readings'!DE29-'DJB Daily Readings'!DE28 -> 11 | AP21: ='DJB Daily Readings'!DK29-'DJB Daily Readings'!DK28 -> 6 | AQ21: ='DJB Daily Readings'!DI29-'DJB Daily Readings'!DI28 -> 7 | AR21: ='DJB Daily Readings'!DO29-'DJB Daily Readings'!DO28 -> 8 | AS21: ='DJB Daily Readings'!DM29-'DJB Daily Readings'!DM28 -> 4 | AT21: ='DJB Daily Readings'!DQ29-'DJB Daily Readings'!DQ28 -> 7 | AU21: ='DJB Daily Readings'!DT29-'DJB Daily Readings'!DT28 -> 11.2 | AW21: ='DJB Daily Readings'!DX29-'DJB Daily Readings'!DX28 -> 6.6 | AX21: ='DJB Daily Readings'!DZ29-'DJB Daily Readings'!DZ28 -> 6 | AY21: ='DJB Daily Readings'!EB29-'DJB Daily Readings'!EB28 -> 568 | AZ21: ='DJB Daily Readings'!ED29-'DJB Daily Readings'!ED28 -> 133 | BA21: ='DJB Daily Readings'!EG29-'DJB Daily Readings'!EG28 -> 2900 | BB21: ='DJB Daily Readings'!EI29-'DJB Daily Readings'!EI28 -> 180 | BC21: ='DJB Daily Readings'!EQ29-'DJB Daily Readings'!EQ28 -> 1900 | BD21: ='DJB Daily Readings'!EK29-'DJB Daily Readings'!EK28 -> 1500 | BE21: ='DJB Daily Readings'!EM29-'DJB Daily Readings'!EM28 -> 300 | BF21: ='DJB Daily Readings'!EO29-'DJB Daily Readings'!EO28 -> 570 | BG21: =('DJB Daily Readings'!ET29-'DJB Daily Readings'!ET28)*1.89 -> 26.46 | BH21: =('DJB Daily Readings'!EV29-'DJB Daily Readings'!EV28)*1.89 -> 22.68 | BI21: =('DJB Daily Readings'!EZ29-'DJB Daily Readings'!EZ28)*1.89 -> 34.02 | BJ21: =('DJB Daily Readings'!EX29-'DJB Daily Readings'!EX28)*1.89 -> 13.23 | BK21: =('DJB Daily Readings'!FB29-'DJB Daily Readings'!FB28)*1.89 -> 60.48 | BL21: ='DJB Daily Readings'!J29 -> 151
A22: Dubai at Jumeirah Beach | B22: =B21+1 -> 21 | C22: 12 | D22: 2022 | E22: =237*0.72 -> 170.64 | F22: =268+96 -> 364 | G22: ='DJB Daily Readings'!C30-'DJB Daily Readings'!C29 -> 568 | H22: ='DJB Daily Readings'!F30-'DJB Daily Readings'!F29 -> 444 | I22: ='DJB Daily Readings'!K30-'DJB Daily Readings'!K29 -> 261 | J22: ='DJB Daily Readings'!K30-'DJB Daily Readings'!K29 -> 261 | K22: ='DJB Daily Readings'!O30-'DJB Daily Readings'!O29 -> 88 | L22: ='DJB Daily Readings'!R30-'DJB Daily Readings'!R29 -> 14 | M22: ='DJB Daily Readings'!U30-'DJB Daily Readings'!U29 -> 3605.28 | N22: ='DJB Daily Readings'!X30-'DJB Daily Readings'!X29 -> 4579.68 | O22: ='DJB Daily Readings'!AA30-'DJB Daily Readings'!AA29 -> 535.92 | P22: ='DJB Daily Readings'!AD30-'DJB Daily Readings'!AD29 -> 48.72 | Q22: ='DJB Daily Readings'!AG30-'DJB Daily Readings'!AG29 -> 7502.88 | R22: ='DJB Daily Readings'!AJ30-'DJB Daily Readings'!AJ29 -> 5602.8 | S22: ='DJB Daily Readings'!AM30-'DJB Daily Readings'!AM29 -> 4482.24 | T22: ='DJB Daily Readings'!AP30-'DJB Daily Readings'!AP29 -> 4579.68 | U22: ='DJB Daily Readings'!AS30-'DJB Daily Readings'!AS29 -> 3166.8 | V22: ='DJB Daily Readings'!AV30-'DJB Daily Readings'!AV29 -> 5554.08 | W22: ='DJB Daily Readings'!AZ30-'DJB Daily Readings'!AZ29 -> 0 | X22: ='DJB Daily Readings'!BC30-'DJB Daily Readings'!BC29 -> 0 | Y22: ='DJB Daily Readings'!BF30-'DJB Daily Readings'!BF29 -> 44400 | Z22: =('DJB Daily Readings'!CK30-'DJB Daily Readings'!CK29)*1.89 -> 137.97 | AA22: =('DJB Daily Readings'!CN30-'DJB Daily Readings'!CN29)*1.89 -> 213.57 | AB22: =('DJB Daily Readings'!CQ30-'DJB Daily Readings'!CQ29)*1.89 -> 519.75 | AC22: ='DJB Daily Readings'!CT30-'DJB Daily Readings'!CT29 -> 174 | AD22: =('DJB Daily Readings'!BY30-'DJB Daily Readings'!BY29)*1.89 -> 39.69 | AE22: =('DJB Daily Readings'!CA30-'DJB Daily Readings'!CA29)*1.89 -> 35.91 | AF22: =('DJB Daily Readings'!CC30-'DJB Daily Readings'!CC29)*1.89 -> 11.34 | AG22: =('DJB Daily Readings'!CE30-'DJB Daily Readings'!CE29)*1.89 -> 22.68 | AH22: =('DJB Daily Readings'!CG30-'DJB Daily Readings'!CG29)*1.89 -> 26.46 | AI22: =('DJB Daily Readings'!CI30-'DJB Daily Readings'!CI29)*1.89 -> 66.15 | AJ22: ='DJB Daily Readings'!CY30-'DJB Daily Readings'!CY29 -> 7 | AK22: ='DJB Daily Readings'!CW30-'DJB Daily Readings'!CW29 -> 10 | AL22: ='DJB Daily Readings'!DC30-'DJB Daily Readings'!DC29 -> 13 | AM22: ='DJB Daily Readings'!DA30-'DJB Daily Readings'!DA29 -> 16 | AN22: ='DJB Daily Readings'!DG30-'DJB Daily Readings'!DG29 -> 7 | AO22: ='DJB Daily Readings'!DE30-'DJB Daily Readings'!DE29 -> 10 | AP22: ='DJB Daily Readings'!DK30-'DJB Daily Readings'!DK29 -> 6 | AQ22: ='DJB Daily Readings'!DI30-'DJB Daily Readings'!DI29 -> 8 | AR22: ='DJB Daily Readings'!DO30-'DJB Daily Readings'!DO29 -> 8 | AS22: ='DJB Daily Readings'!DM30-'DJB Daily Readings'!DM29 -> 5 | AT22: ='DJB Daily Readings'!DQ30-'DJB Daily Readings'!DQ29 -> 3 | AU22: ='DJB Daily Readings'!DT30-'DJB Daily Readings'!DT29 -> 11.5 | AW22: ='DJB Daily Readings'!DX30-'DJB Daily Readings'!DX29 -> 6.5 | AX22: ='DJB Daily Readings'!DZ30-'DJB Daily Readings'!DZ29 -> 5.9 | AY22: ='DJB Daily Readings'!EB30-'DJB Daily Readings'!EB29 -> 557 | AZ22: ='DJB Daily Readings'!ED30-'DJB Daily Readings'!ED29 -> 130.9 | BA22: ='DJB Daily Readings'!EG30-'DJB Daily Readings'!EG29 -> 3100 | BB22: ='DJB Daily Readings'!EI30-'DJB Daily Readings'!EI29 -> 270 | BC22: ='DJB Daily Readings'!EQ30-'DJB Daily Readings'!EQ29 -> 2200 | BD22: ='DJB Daily Readings'!EK30-'DJB Daily Readings'!EK29 -> 1800 | BE22: ='DJB Daily Readings'!EM30-'DJB Daily Readings'!EM29 -> 100 | BF22: ='DJB Daily Readings'!EO30-'DJB Daily Readings'!EO29 -> 700 | BG22: =('DJB Daily Readings'!ET30-'DJB Daily Readings'!ET29)*1.89 -> 28.35 | BH22: =('DJB Daily Readings'!EV30-'DJB Daily Readings'!EV29)*1.89 -> 22.68 | BI22: =('DJB Daily Readings'!EZ30-'DJB Daily Readings'!EZ29)*1.89 -> 30.24 | BJ22: =('DJB Daily Readings'!EX30-'DJB Daily Readings'!EX29)*1.89 -> 15.12 | BK22: =('DJB Daily Readings'!FB30-'DJB Daily Readings'!FB29)*1.89 -> 62.37 | BL22: ='DJB Daily Readings'!J30 -> 147
A23: Dubai at Jumeirah Beach | B23: =B22+1 -> 22 | C23: 12 | D23: 2022 | E23: =237*0.79 -> 187.23 | F23: =301+113 -> 414 | G23: ='DJB Daily Readings'!C31-'DJB Daily Readings'!C30 -> 858 | H23: ='DJB Daily Readings'!F31-'DJB Daily Readings'!F30 -> 485 | I23: ='DJB Daily Readings'!K31-'DJB Daily Readings'!K30 -> 355 | J23: ='DJB Daily Readings'!K31-'DJB Daily Readings'!K30 -> 355 | K23: ='DJB Daily Readings'!O31-'DJB Daily Readings'!O30 -> 80 | L23: ='DJB Daily Readings'!R31-'DJB Daily Readings'!R30 -> 2 | M23: ='DJB Daily Readings'!U31-'DJB Daily Readings'!U30 -> 3556.56 | N23: ='DJB Daily Readings'!X31-'DJB Daily Readings'!X30 -> 4287.36 | O23: ='DJB Daily Readings'!AA31-'DJB Daily Readings'!AA30 -> 535.92 | P23: ='DJB Daily Readings'!AD31-'DJB Daily Readings'!AD30 -> 48.72 | Q23: ='DJB Daily Readings'!AG31-'DJB Daily Readings'!AG30 -> 7161.84 | R23: ='DJB Daily Readings'!AJ31-'DJB Daily Readings'!AJ30 -> 5164.32 | S23: ='DJB Daily Readings'!AM31-'DJB Daily Readings'!AM30 -> 4092.48 | T23: ='DJB Daily Readings'!AP31-'DJB Daily Readings'!AP30 -> 4482.24 | U23: ='DJB Daily Readings'!AS31-'DJB Daily Readings'!AS30 -> 2825.76 | V23: ='DJB Daily Readings'!AV31-'DJB Daily Readings'!AV30 -> 5456.64 | W23: ='DJB Daily Readings'!AZ31-'DJB Daily Readings'!AZ30 -> 0 | X23: ='DJB Daily Readings'!BC31-'DJB Daily Readings'!BC30 -> 0 | Y23: ='DJB Daily Readings'!BF31-'DJB Daily Readings'!BF30 -> 44100 | Z23: =('DJB Daily Readings'!CK31-'DJB Daily Readings'!CK30)*1.89 -> 132.3 | AA23: =('DJB Daily Readings'!CN31-'DJB Daily Readings'!CN30)*1.89 -> 209.79 | AB23: =('DJB Daily Readings'!CQ31-'DJB Daily Readings'!CQ30)*1.89 -> 457.38 | AC23: ='DJB Daily Readings'!CT31-'DJB Daily Readings'!CT30 -> 166 | AD23: =('DJB Daily Readings'!BY31-'DJB Daily Readings'!BY30)*1.89 -> 37.8 | AE23: =('DJB Daily Readings'!CA31-'DJB Daily Readings'!CA30)*1.89 -> 35.91 | AF23: =('DJB Daily Readings'!CC31-'DJB Daily Readings'!CC30)*1.89 -> 9.45 | AG23: =('DJB Daily Readings'!CE31-'DJB Daily Readings'!CE30)*1.89 -> 22.68 | AH23: =('DJB Daily Readings'!CG31-'DJB Daily Readings'!CG30)*1.89 -> 26.46 | AI23: =('DJB Daily Readings'!CI31-'DJB Daily Readings'!CI30)*1.89 -> 62.37 | AJ23: ='DJB Daily Readings'!CY31-'DJB Daily Readings'!CY30 -> 8 | AK23: ='DJB Daily Readings'!CW31-'DJB Daily Readings'!CW30 -> 9 | AL23: ='DJB Daily Readings'!DC31-'DJB Daily Readings'!DC30 -> 11 | AM23: ='DJB Daily Readings'!DA31-'DJB Daily Readings'!DA30 -> 15 | AN23: ='DJB Daily Readings'!DG31-'DJB Daily Readings'!DG30 -> 6 | AO23: ='DJB Daily Readings'!DE31-'DJB Daily Readings'!DE30 -> 10 | AP23: ='DJB Daily Readings'!DK31-'DJB Daily Readings'!DK30 -> 9 | AQ23: ='DJB Daily Readings'!DI31-'DJB Daily Readings'!DI30 -> 9 | AR23: ='DJB Daily Readings'!DO31-'DJB Daily Readings'!DO30 -> 7 | AS23: ='DJB Daily Readings'!DM31-'DJB Daily Readings'!DM30 -> 4 | AT23: ='DJB Daily Readings'!DQ31-'DJB Daily Readings'!DQ30 -> 6 | AU23: ='DJB Daily Readings'!DT31-'DJB Daily Readings'!DT30 -> 11.3 | AW23: ='DJB Daily Readings'!DX31-'DJB Daily Readings'!DX30 -> 6.2 | AX23: ='DJB Daily Readings'!DZ31-'DJB Daily Readings'!DZ30 -> 6 | AY23: ='DJB Daily Readings'!EB31-'DJB Daily Readings'!EB30 -> 561 | AZ23: ='DJB Daily Readings'!ED31-'DJB Daily Readings'!ED30 -> 125 | BA23: ='DJB Daily Readings'!EG31-'DJB Daily Readings'!EG30 -> 2400 | BB23: ='DJB Daily Readings'!EI31-'DJB Daily Readings'!EI30 -> 200 | BC23: ='DJB Daily Readings'!EQ31-'DJB Daily Readings'!EQ30 -> 1700 | BD23: ='DJB Daily Readings'!EK31-'DJB Daily Readings'!EK30 -> 1300 | BE23: ='DJB Daily Readings'!EM31-'DJB Daily Readings'!EM30 -> 100 | BF23: ='DJB Daily Readings'!EO31-'DJB Daily Readings'!EO30 -> 520 | BG23: =('DJB Daily Readings'!ET31-'DJB Daily Readings'!ET30)*1.89 -> 32.13 | BH23: =('DJB Daily Readings'!EV31-'DJB Daily Readings'!EV30)*1.89 -> 24.57 | BI23: =('DJB Daily Readings'!EZ31-'DJB Daily Readings'!EZ30)*1.89 -> 28.35 | BJ23: =('DJB Daily Readings'!EX31-'DJB Daily Readings'!EX30)*1.89 -> 18.9 | BK23: =('DJB Daily Readings'!FB31-'DJB Daily Readings'!FB30)*1.89 -> 56.7 | BL23: ='DJB Daily Readings'!J31 -> 163
A24: Dubai at Jumeirah Beach | B24: =B23+1 -> 23 | C24: 12 | D24: 2022 | E24: =237*0.73 -> 173.01 | F24: =283+111 -> 394 | G24: ='DJB Daily Readings'!C32-'DJB Daily Readings'!C31 -> 761 | H24: ='DJB Daily Readings'!F32-'DJB Daily Readings'!F31 -> 501 | I24: ='DJB Daily Readings'!K32-'DJB Daily Readings'!K31 -> 259 | J24: ='DJB Daily Readings'!K32-'DJB Daily Readings'!K31 -> 259 | K24: ='DJB Daily Readings'!O32-'DJB Daily Readings'!O31 -> 92 | L24: ='DJB Daily Readings'!R32-'DJB Daily Readings'!R31 -> 8 | M24: ='DJB Daily Readings'!U32-'DJB Daily Readings'!U31 -> 3848.88 | N24: ='DJB Daily Readings'!X32-'DJB Daily Readings'!X31 -> 4530.96 | O24: ='DJB Daily Readings'!AA32-'DJB Daily Readings'!AA31 -> 584.64 | P24: ='DJB Daily Readings'!AD32-'DJB Daily Readings'!AD31 -> 97.44 | Q24: ='DJB Daily Readings'!AG32-'DJB Daily Readings'!AG31 -> 7795.2 | R24: ='DJB Daily Readings'!AJ32-'DJB Daily Readings'!AJ31 -> 5456.64 | S24: ='DJB Daily Readings'!AM32-'DJB Daily Readings'!AM31 -> 4336.08 | T24: ='DJB Daily Readings'!AP32-'DJB Daily Readings'!AP31 -> 4725.84 | U24: ='DJB Daily Readings'!AS32-'DJB Daily Readings'!AS31 -> 3020.64 | V24: ='DJB Daily Readings'!AV32-'DJB Daily Readings'!AV31 -> 5797.68 | W24: ='DJB Daily Readings'!AZ32-'DJB Daily Readings'!AZ31 -> 0 | X24: ='DJB Daily Readings'!BC32-'DJB Daily Readings'!BC31 -> 0 | Y24: ='DJB Daily Readings'!BF32-'DJB Daily Readings'!BF31 -> 46500 | Z24: =('DJB Daily Readings'!CK32-'DJB Daily Readings'!CK31)*1.89 -> 137.97 | AA24: =('DJB Daily Readings'!CN32-'DJB Daily Readings'!CN31)*1.89 -> 211.68 | AB24: =('DJB Daily Readings'!CQ32-'DJB Daily Readings'!CQ31)*1.89 -> 438.48 | AC24: ='DJB Daily Readings'!CT32-'DJB Daily Readings'!CT31 -> 172 | AD24: =('DJB Daily Readings'!BY32-'DJB Daily Readings'!BY31)*1.89 -> 34.02 | AE24: =('DJB Daily Readings'!CA32-'DJB Daily Readings'!CA31)*1.89 -> 37.8 | AF24: =('DJB Daily Readings'!CC32-'DJB Daily Readings'!CC31)*1.89 -> 15.12 | AG24: =('DJB Daily Readings'!CE32-'DJB Daily Readings'!CE31)*1.89 -> 24.57 | AH24: =('DJB Daily Readings'!CG32-'DJB Daily Readings'!CG31)*1.89 -> 32.13 | AI24: =('DJB Daily Readings'!CI32-'DJB Daily Readings'!CI31)*1.89 -> 64.26 | AJ24: ='DJB Daily Readings'!CY32-'DJB Daily Readings'!CY31 -> 7 | AK24: ='DJB Daily Readings'!CW32-'DJB Daily Readings'!CW31 -> 11 | AL24: ='DJB Daily Readings'!DC32-'DJB Daily Readings'!DC31 -> 10 | AM24: ='DJB Daily Readings'!DA32-'DJB Daily Readings'!DA31 -> 17 | AN24: ='DJB Daily Readings'!DG32-'DJB Daily Readings'!DG31 -> 8 | AO24: ='DJB Daily Readings'!DE32-'DJB Daily Readings'!DE31 -> 12 | AP24: ='DJB Daily Readings'!DK32-'DJB Daily Readings'!DK31 -> 8 | AQ24: ='DJB Daily Readings'!DI32-'DJB Daily Readings'!DI31 -> 10 | AR24: ='DJB Daily Readings'!DO32-'DJB Daily Readings'!DO31 -> 9 | AS24: ='DJB Daily Readings'!DM32-'DJB Daily Readings'!DM31 -> 5 | AT24: ='DJB Daily Readings'!DQ32-'DJB Daily Readings'!DQ31 -> 9 | AU24: ='DJB Daily Readings'!DT32-'DJB Daily Readings'!DT31 -> 11.6 | AW24: ='DJB Daily Readings'!DX32-'DJB Daily Readings'!DX31 -> 6.6 | AX24: ='DJB Daily Readings'!DZ32-'DJB Daily Readings'!DZ31 -> 6.3 | AY24: ='DJB Daily Readings'!EB32-'DJB Daily Readings'!EB31 -> 582 | AZ24: ='DJB Daily Readings'!ED32-'DJB Daily Readings'!ED31 -> 132.5 | BA24: ='DJB Daily Readings'!EG32-'DJB Daily Readings'!EG31 -> 3200 | BB24: ='DJB Daily Readings'!EI32-'DJB Daily Readings'!EI31 -> 220 | BC24: ='DJB Daily Readings'!EQ32-'DJB Daily Readings'!EQ31 -> 2500 | BD24: ='DJB Daily Readings'!EK32-'DJB Daily Readings'!EK31 -> 1700 | BE24: ='DJB Daily Readings'!EM32-'DJB Daily Readings'!EM31 -> 200 | BF24: ='DJB Daily Readings'!EO32-'DJB Daily Readings'!EO31 -> 620 | BG24: =('DJB Daily Readings'!ET32-'DJB Daily Readings'!ET31)*1.89 -> 30.24 | BH24: =('DJB Daily Readings'!EV32-'DJB Daily Readings'!EV31)*1.89 -> 24.57 | BI24: =('DJB Daily Readings'!EZ32-'DJB Daily Readings'!EZ31)*1.89 -> 26.46 | BJ24: =('DJB Daily Readings'!EX32-'DJB Daily Readings'!EX31)*1.89 -> 22.68 | BK24: =('DJB Daily Readings'!FB32-'DJB Daily Readings'!FB31)*1.89 -> 66.15 | BL24: ='DJB Daily Readings'!J32 -> 172
A25: Dubai at Jumeirah Beach | B25: =B24+1 -> 24 | C25: 12 | D25: 2022 | E25: =237*0.73 -> 173.01 | F25: =279+109 -> 388 | G25: ='DJB Daily Readings'!C33-'DJB Daily Readings'!C32 -> 717 | H25: ='DJB Daily Readings'!F33-'DJB Daily Readings'!F32 -> 502 | I25: ='DJB Daily Readings'!K33-'DJB Daily Readings'!K32 -> 266 | J25: ='DJB Daily Readings'!K33-'DJB Daily Readings'!K32 -> 266 | K25: ='DJB Daily Readings'!O33-'DJB Daily Readings'!O32 -> 98 | L25: ='DJB Daily Readings'!R33-'DJB Daily Readings'!R32 -> 10 | M25: ='DJB Daily Readings'!U33-'DJB Daily Readings'!U32 -> 1997.52 | N25: ='DJB Daily Readings'!X33-'DJB Daily Readings'!X32 -> 4530.96 | O25: ='DJB Daily Readings'!AA33-'DJB Daily Readings'!AA32 -> 194.88 | P25: ='DJB Daily Readings'!AD33-'DJB Daily Readings'!AD32 -> 9841.44 | Q25: ='DJB Daily Readings'!AG33-'DJB Daily Readings'!AG32 -> 779.52 | R25: ='DJB Daily Readings'!AJ33-'DJB Daily Readings'!AJ32 -> 5310.48 | S25: ='DJB Daily Readings'!AM33-'DJB Daily Readings'!AM32 -> 4043.76 | T25: ='DJB Daily Readings'!AP33-'DJB Daily Readings'!AP32 -> 4579.68 | U25: ='DJB Daily Readings'!AS33-'DJB Daily Readings'!AS32 -> 2825.76 | V25: ='DJB Daily Readings'!AV33-'DJB Daily Readings'!AV32 -> 5651.52 | W25: ='DJB Daily Readings'!AZ33-'DJB Daily Readings'!AZ32 -> 0 | X25: ='DJB Daily Readings'!BC33-'DJB Daily Readings'!BC32 -> 48700 | Y25: ='DJB Daily Readings'!BF33-'DJB Daily Readings'!BF32 -> 2100 | Z25: =('DJB Daily Readings'!CK33-'DJB Daily Readings'!CK32)*1.89 -> 136.08 | AA25: =('DJB Daily Readings'!CN33-'DJB Daily Readings'!CN32)*1.89 -> 223.02 | AB25: =('DJB Daily Readings'!CQ33-'DJB Daily Readings'!CQ32)*1.89 -> 415.8 | AC25: ='DJB Daily Readings'!CT33-'DJB Daily Readings'!CT32 -> 168 | AD25: =('DJB Daily Readings'!BY33-'DJB Daily Readings'!BY32)*1.89 -> 37.8 | AE25: =('DJB Daily Readings'!CA33-'DJB Daily Readings'!CA32)*1.89 -> 35.91 | AF25: =('DJB Daily Readings'!CC33-'DJB Daily Readings'!CC32)*1.89 -> 13.23 | AG25: =('DJB Daily Readings'!CE33-'DJB Daily Readings'!CE32)*1.89 -> 18.9 | AH25: =('DJB Daily Readings'!CG33-'DJB Daily Readings'!CG32)*1.89 -> 32.13 | AI25: =('DJB Daily Readings'!CI33-'DJB Daily Readings'!CI32)*1.89 -> 71.82 | AJ25: ='DJB Daily Readings'!CY33-'DJB Daily Readings'!CY32 -> 6 | AK25: ='DJB Daily Readings'!CW33-'DJB Daily Readings'!CW32 -> 10 | AL25: ='DJB Daily Readings'!DC33-'DJB Daily Readings'!DC32 -> 9 | AM25: ='DJB Daily Readings'!DA33-'DJB Daily Readings'!DA32 -> 14 | AN25: ='DJB Daily Readings'!DG33-'DJB Daily Readings'!DG32 -> 8 | AO25: ='DJB Daily Readings'!DE33-'DJB Daily Readings'!DE32 -> 11 | AP25: ='DJB Daily Readings'!DK33-'DJB Daily Readings'!DK32 -> 8 | AQ25: ='DJB Daily Readings'!DI33-'DJB Daily Readings'!DI32 -> 10 | AR25: ='DJB Daily Readings'!DO33-'DJB Daily Readings'!DO32 -> 9 | AS25: ='DJB Daily Readings'!DM33-'DJB Daily Readings'!DM32 -> 5 | AT25: ='DJB Daily Readings'!DQ33-'DJB Daily Readings'!DQ32 -> 0 | AU25: ='DJB Daily Readings'!DT33-'DJB Daily Readings'!DT32 -> 11.6 | AW25: ='DJB Daily Readings'!DX33-'DJB Daily Readings'!DX32 -> 6.9 | AX25: ='DJB Daily Readings'!DZ33-'DJB Daily Readings'!DZ32 -> 7.5 | AY25: ='DJB Daily Readings'!EB33-'DJB Daily Readings'!EB32 -> 637 | AZ25: ='DJB Daily Readings'!ED33-'DJB Daily Readings'!ED32 -> 132.6 | BA25: ='DJB Daily Readings'!EG33-'DJB Daily Readings'!EG32 -> 4200 | BB25: ='DJB Daily Readings'!EI33-'DJB Daily Readings'!EI32 -> 260 | BC25: ='DJB Daily Readings'!EQ33-'DJB Daily Readings'!EQ32 -> 2900 | BD25: ='DJB Daily Readings'!EK33-'DJB Daily Readings'!EK32 -> 1800 | BE25: ='DJB Daily Readings'!EM33-'DJB Daily Readings'!EM32 -> 300 | BF25: ='DJB Daily Readings'!EO33-'DJB Daily Readings'!EO32 -> 650 | BG25: =('DJB Daily Readings'!ET33-'DJB Daily Readings'!ET32)*1.89 -> 32.13 | BH25: =('DJB Daily Readings'!EV33-'DJB Daily Readings'!EV32)*1.89 -> 28.35 | BI25: =('DJB Daily Readings'!EZ33-'DJB Daily Readings'!EZ32)*1.89 -> 26.46 | BJ25: =('DJB Daily Readings'!EX33-'DJB Daily Readings'!EX32)*1.89 -> 20.79 | BK25: =('DJB Daily Readings'!FB33-'DJB Daily Readings'!FB32)*1.89 -> 77.49 | BL25: ='DJB Daily Readings'!J33 -> 178
A26: Dubai at Jumeirah Beach | B26: =B25+1 -> 25 | C26: 12 | D26: 2022 | E26: =237*0.7 -> 165.9 | F26: =274+98 -> 372 | G26: ='DJB Daily Readings'!C34-'DJB Daily Readings'!C33 -> 725 | H26: ='DJB Daily Readings'!F34-'DJB Daily Readings'!F33 -> 489 | I26: ='DJB Daily Readings'!K34-'DJB Daily Readings'!K33 -> 77 | J26: ='DJB Daily Readings'!K34-'DJB Daily Readings'!K33 -> 77 | K26: ='DJB Daily Readings'!O34-'DJB Daily Readings'!O33 -> 90 | L26: ='DJB Daily Readings'!R34-'DJB Daily Readings'!R33 -> 10 | M26: ='DJB Daily Readings'!U34-'DJB Daily Readings'!U33 -> 1997.52 | N26: ='DJB Daily Readings'!X34-'DJB Daily Readings'!X33 -> 4482.24 | O26: ='DJB Daily Readings'!AA34-'DJB Daily Readings'!AA33 -> 194.88 | P26: ='DJB Daily Readings'!AD34-'DJB Daily Readings'!AD33 -> 9597.84 | Q26: ='DJB Daily Readings'!AG34-'DJB Daily Readings'!AG33 -> 633.36 | R26: ='DJB Daily Readings'!AJ34-'DJB Daily Readings'!AJ33 -> 5407.92 | S26: ='DJB Daily Readings'!AM34-'DJB Daily Readings'!AM33 -> 4092.48 | T26: ='DJB Daily Readings'!AP34-'DJB Daily Readings'!AP33 -> 4482.24 | U26: ='DJB Daily Readings'!AS34-'DJB Daily Readings'!AS33 -> 2582.16 | V26: ='DJB Daily Readings'!AV34-'DJB Daily Readings'!AV33 -> 5700.24 | W26: ='DJB Daily Readings'!AZ34-'DJB Daily Readings'!AZ33 -> 0 | X26: ='DJB Daily Readings'!BC34-'DJB Daily Readings'!BC33 -> 49200 | Y26: ='DJB Daily Readings'!BF34-'DJB Daily Readings'!BF33 -> 0 | Z26: =('DJB Daily Readings'!CK34-'DJB Daily Readings'!CK33)*1.89 -> 143.64 | AA26: =('DJB Daily Readings'!CN34-'DJB Daily Readings'!CN33)*1.89 -> 228.69 | AB26: =('DJB Daily Readings'!CQ34-'DJB Daily Readings'!CQ33)*1.89 -> 470.61 | AC26: ='DJB Daily Readings'!CT34-'DJB Daily Readings'!CT33 -> 178 | AD26: =('DJB Daily Readings'!BY34-'DJB Daily Readings'!BY33)*1.89 -> 37.8 | AE26: =('DJB Daily Readings'!CA34-'DJB Daily Readings'!CA33)*1.89 -> 35.91 | AF26: =('DJB Daily Readings'!CC34-'DJB Daily Readings'!CC33)*1.89 -> 13.23 | AG26: =('DJB Daily Readings'!CE34-'DJB Daily Readings'!CE33)*1.89 -> 17.01 | AH26: =('DJB Daily Readings'!CG34-'DJB Daily Readings'!CG33)*1.89 -> 24.57 | AI26: =('DJB Daily Readings'!CI34-'DJB Daily Readings'!CI33)*1.89 -> 71.82 | AJ26: ='DJB Daily Readings'!CY34-'DJB Daily Readings'!CY33 -> 3 | AK26: ='DJB Daily Readings'!CW34-'DJB Daily Readings'!CW33 -> 6 | AL26: ='DJB Daily Readings'!DC34-'DJB Daily Readings'!DC33 -> 20 | AM26: ='DJB Daily Readings'!DA34-'DJB Daily Readings'!DA33 -> 22 | AN26: ='DJB Daily Readings'!DG34-'DJB Daily Readings'!DG33 -> 4 | AO26: ='DJB Daily Readings'!DE34-'DJB Daily Readings'!DE33 -> 12 | AP26: ='DJB Daily Readings'!DK34-'DJB Daily Readings'!DK33 -> 12 | AQ26: ='DJB Daily Readings'!DI34-'DJB Daily Readings'!DI33 -> 17 | AR26: ='DJB Daily Readings'!DO34-'DJB Daily Readings'!DO33 -> 15 | AS26: ='DJB Daily Readings'!DM34-'DJB Daily Readings'!DM33 -> 7 | AT26: ='DJB Daily Readings'!DQ34-'DJB Daily Readings'!DQ33 -> 8 | AU26: ='DJB Daily Readings'!DT34-'DJB Daily Readings'!DT33 -> 11 | AW26: ='DJB Daily Readings'!DX34-'DJB Daily Readings'!DX33 -> 6.8 | AX26: ='DJB Daily Readings'!DZ34-'DJB Daily Readings'!DZ33 -> 6.7 | AY26: ='DJB Daily Readings'!EB34-'DJB Daily Readings'!EB33 -> 627 | AZ26: ='DJB Daily Readings'!ED34-'DJB Daily Readings'!ED33 -> 128 | BA26: ='DJB Daily Readings'!EG34-'DJB Daily Readings'!EG33 -> 3500 | BB26: ='DJB Daily Readings'!EI34-'DJB Daily Readings'!EI33 -> 250 | BC26: ='DJB Daily Readings'!EQ34-'DJB Daily Readings'!EQ33 -> 2300 | BD26: ='DJB Daily Readings'!EK34-'DJB Daily Readings'!EK33 -> 1700 | BE26: ='DJB Daily Readings'!EM34-'DJB Daily Readings'!EM33 -> 500 | BF26: ='DJB Daily Readings'!EO34-'DJB Daily Readings'!EO33 -> 610 | BG26: =('DJB Daily Readings'!ET34-'DJB Daily Readings'!ET33)*1.89 -> 32.13 | BH26: =('DJB Daily Readings'!EV34-'DJB Daily Readings'!EV33)*1.89 -> 26.46 | BI26: =('DJB Daily Readings'!EZ34-'DJB Daily Readings'!EZ33)*1.89 -> 26.46 | BJ26: =('DJB Daily Readings'!EX34-'DJB Daily Readings'!EX33)*1.89 -> 24.57 | BK26: =('DJB Daily Readings'!FB34-'DJB Daily Readings'!FB33)*1.89 -> 66.15 | BL26: ='DJB Daily Readings'!J34 -> 190
A27: Dubai at Jumeirah Beach | B27: =B26+1 -> 26 | C27: 12 | D27: 2022 | E27: =237*0.73 -> 173.01 | F27: =304+114 -> 418 | G27: ='DJB Daily Readings'!C35-'DJB Daily Readings'!C34 -> 554 | H27: ='DJB Daily Readings'!F35-'DJB Daily Readings'!F34 -> 428 | I27: ='DJB Daily Readings'!K35-'DJB Daily Readings'!K34 -> 18 | J27: ='DJB Daily Readings'!K35-'DJB Daily Readings'!K34 -> 18 | K27: ='DJB Daily Readings'!O35-'DJB Daily Readings'!O34 -> 71 | L27: ='DJB Daily Readings'!R35-'DJB Daily Readings'!R34 -> 5 | M27: ='DJB Daily Readings'!U35-'DJB Daily Readings'!U34 -> 1802.64 | N27: ='DJB Daily Readings'!X35-'DJB Daily Readings'!X34 -> 4433.52 | O27: ='DJB Daily Readings'!AA35-'DJB Daily Readings'!AA34 -> 97.44 | P27: ='DJB Daily Readings'!AD35-'DJB Daily Readings'!AD34 -> 8233.68 | Q27: ='DJB Daily Readings'!AG35-'DJB Daily Readings'!AG34 -> 487.2 | R27: ='DJB Daily Readings'!AJ35-'DJB Daily Readings'!AJ34 -> 5456.64 | S27: ='DJB Daily Readings'!AM35-'DJB Daily Readings'!AM34 -> 3848.88 | T27: ='DJB Daily Readings'!AP35-'DJB Daily Readings'!AP34 -> 4384.8 | U27: ='DJB Daily Readings'!AS35-'DJB Daily Readings'!AS34 -> 2679.6 | V27: ='DJB Daily Readings'!AV35-'DJB Daily Readings'!AV34 -> 5359.2 | W27: ='DJB Daily Readings'!AZ35-'DJB Daily Readings'!AZ34 -> 0 | X27: ='DJB Daily Readings'!BC35-'DJB Daily Readings'!BC34 -> 40500 | Y27: ='DJB Daily Readings'!BF35-'DJB Daily Readings'!BF34 -> 0 | Z27: =('DJB Daily Readings'!CK35-'DJB Daily Readings'!CK34)*1.89 -> 136.08 | AA27: =('DJB Daily Readings'!CN35-'DJB Daily Readings'!CN34)*1.89 -> 215.46 | AB27: =('DJB Daily Readings'!CQ35-'DJB Daily Readings'!CQ34)*1.89 -> 512.19 | AC27: ='DJB Daily Readings'!CT35-'DJB Daily Readings'!CT34 -> 170 | AD27: =('DJB Daily Readings'!BY35-'DJB Daily Readings'!BY34)*1.89 -> 37.8 | AE27: =('DJB Daily Readings'!CA35-'DJB Daily Readings'!CA34)*1.89 -> 34.02 | AF27: =('DJB Daily Readings'!CC35-'DJB Daily Readings'!CC34)*1.89 -> 9.45 | AG27: =('DJB Daily Readings'!CE35-'DJB Daily Readings'!CE34)*1.89 -> 20.79 | AH27: =('DJB Daily Readings'!CG35-'DJB Daily Readings'!CG34)*1.89 -> 24.57 | AI27: =('DJB Daily Readings'!CI35-'DJB Daily Readings'!CI34)*1.89 -> 68.04 | AJ27: ='DJB Daily Readings'!CY35-'DJB Daily Readings'!CY34 -> 6 | AK27: ='DJB Daily Readings'!CW35-'DJB Daily Readings'!CW34 -> 9 | AL27: ='DJB Daily Readings'!DC35-'DJB Daily Readings'!DC34 -> 12 | AM27: ='DJB Daily Readings'!DA35-'DJB Daily Readings'!DA34 -> 16 | AN27: ='DJB Daily Readings'!DG35-'DJB Daily Readings'!DG34 -> 7 | AO27: ='DJB Daily Readings'!DE35-'DJB Daily Readings'!DE34 -> 12 | AP27: ='DJB Daily Readings'!DK35-'DJB Daily Readings'!DK34 -> 7 | AQ27: ='DJB Daily Readings'!DI35-'DJB Daily Readings'!DI34 -> 11 | AR27: ='DJB Daily Readings'!DO35-'DJB Daily Readings'!DO34 -> 12 | AS27: ='DJB Daily Readings'!DM35-'DJB Daily Readings'!DM34 -> 4 | AT27: ='DJB Daily Readings'!DQ35-'DJB Daily Readings'!DQ34 -> 1 | AU27: ='DJB Daily Readings'!DT35-'DJB Daily Readings'!DT34 -> 9.7 | AW27: ='DJB Daily Readings'!DX35-'DJB Daily Readings'!DX34 -> 6.8 | AX27: ='DJB Daily Readings'!DZ35-'DJB Daily Readings'!DZ34 -> 6 | AY27: ='DJB Daily Readings'!EB35-'DJB Daily Readings'!EB34 -> 549 | AZ27: ='DJB Daily Readings'!ED35-'DJB Daily Readings'!ED34 -> 127.1 | BA27: ='DJB Daily Readings'!EG35-'DJB Daily Readings'!EG34 -> 3100 | BB27: ='DJB Daily Readings'!EI35-'DJB Daily Readings'!EI34 -> 220 | BC27: ='DJB Daily Readings'!EQ35-'DJB Daily Readings'!EQ34 -> 1600 | BD27: ='DJB Daily Readings'!EK35-'DJB Daily Readings'!EK34 -> 1600 | BE27: ='DJB Daily Readings'!EM35-'DJB Daily Readings'!EM34 -> 100 | BF27: ='DJB Daily Readings'!EO35-'DJB Daily Readings'!EO34 -> 610 | BG27: =('DJB Daily Readings'!ET35-'DJB Daily Readings'!ET34)*1.89 -> 34.02 | BH27: =('DJB Daily Readings'!EV35-'DJB Daily Readings'!EV34)*1.89 -> 28.35 | BI27: =('DJB Daily Readings'!EZ35-'DJB Daily Readings'!EZ34)*1.89 -> 30.24 | BJ27: =('DJB Daily Readings'!EX35-'DJB Daily Readings'!EX34)*1.89 -> 18.9 | BK27: =('DJB Daily Readings'!FB35-'DJB Daily Readings'!FB34)*1.89 -> 66.15 | BL27: ='DJB Daily Readings'!J35 -> 216
A28: Dubai at Jumeirah Beach | B28: =B27+1 -> 27 | C28: 12 | D28: 2022 | E28: =237*0.93 -> 220.41 | F28: =341+125 -> 466 | G28: ='DJB Daily Readings'!C36-'DJB Daily Readings'!C35 -> 554 | H28: ='DJB Daily Readings'!F36-'DJB Daily Readings'!F35 -> 440 | I28: ='DJB Daily Readings'!K36-'DJB Daily Readings'!K35 -> 0 | J28: ='DJB Daily Readings'!K36-'DJB Daily Readings'!K35 -> 0 | K28: ='DJB Daily Readings'!O36-'DJB Daily Readings'!O35 -> 71 | L28: ='DJB Daily Readings'!R36-'DJB Daily Readings'!R35 -> 9 | M28: ='DJB Daily Readings'!U36-'DJB Daily Readings'!U35 -> 1705.2 | N28: ='DJB Daily Readings'!X36-'DJB Daily Readings'!X35 -> 4482.24 | O28: ='DJB Daily Readings'!AA36-'DJB Daily Readings'!AA35 -> 97.44 | P28: ='DJB Daily Readings'!AD36-'DJB Daily Readings'!AD35 -> 8331.12 | Q28: ='DJB Daily Readings'!AG36-'DJB Daily Readings'!AG35 -> 438.48 | R28: ='DJB Daily Readings'!AJ36-'DJB Daily Readings'!AJ35 -> 5261.76 | S28: ='DJB Daily Readings'!AM36-'DJB Daily Readings'!AM35 -> 3946.32 | T28: ='DJB Daily Readings'!AP36-'DJB Daily Readings'!AP35 -> 4579.68 | U28: ='DJB Daily Readings'!AS36-'DJB Daily Readings'!AS35 -> 2728.32 | V28: ='DJB Daily Readings'!AV36-'DJB Daily Readings'!AV35 -> 5505.36 | W28: ='DJB Daily Readings'!AZ36-'DJB Daily Readings'!AZ35 -> 0 | X28: ='DJB Daily Readings'!BC36-'DJB Daily Readings'!BC35 -> 40400 | Y28: ='DJB Daily Readings'!BF36-'DJB Daily Readings'!BF35 -> 0 | Z28: =('DJB Daily Readings'!CK36-'DJB Daily Readings'!CK35)*1.89 -> 137.97 | AA28: =('DJB Daily Readings'!CN36-'DJB Daily Readings'!CN35)*1.89 -> 226.8 | AB28: =('DJB Daily Readings'!CQ36-'DJB Daily Readings'!CQ35)*1.89 -> 400.68 | AC28: ='DJB Daily Readings'!CT36-'DJB Daily Readings'!CT35 -> 172 | AD28: =('DJB Daily Readings'!BY36-'DJB Daily Readings'!BY35)*1.89 -> 37.8 | AE28: =('DJB Daily Readings'!CA36-'DJB Daily Readings'!CA35)*1.89 -> 35.91 | AF28: =('DJB Daily Readings'!CC36-'DJB Daily Readings'!CC35)*1.89 -> 15.12 | AG28: =('DJB Daily Readings'!CE36-'DJB Daily Readings'!CE35)*1.89 -> 18.9 | AH28: =('DJB Daily Readings'!CG36-'DJB Daily Readings'!CG35)*1.89 -> 26.46 | AI28: =('DJB Daily Readings'!CI36-'DJB Daily Readings'!CI35)*1.89 -> 66.15 | AJ28: ='DJB Daily Readings'!CY36-'DJB Daily Readings'!CY35 -> 6 | AK28: ='DJB Daily Readings'!CW36-'DJB Daily Readings'!CW35 -> 9 | AL28: ='DJB Daily Readings'!DC36-'DJB Daily Readings'!DC35 -> 15 | AM28: ='DJB Daily Readings'!DA36-'DJB Daily Readings'!DA35 -> 17 | AN28: ='DJB Daily Readings'!DG36-'DJB Daily Readings'!DG35 -> 7 | AO28: ='DJB Daily Readings'!DE36-'DJB Daily Readings'!DE35 -> 12 | AP28: ='DJB Daily Readings'!DK36-'DJB Daily Readings'!DK35 -> 6 | AQ28: ='DJB Daily Readings'!DI36-'DJB Daily Readings'!DI35 -> 14 | AR28: ='DJB Daily Readings'!DO36-'DJB Daily Readings'!DO35 -> 9 | AS28: ='DJB Daily Readings'!DM36-'DJB Daily Readings'!DM35 -> 4 | AT28: ='DJB Daily Readings'!DQ36-'DJB Daily Readings'!DQ35 -> 0 | AU28: ='DJB Daily Readings'!DT36-'DJB Daily Readings'!DT35 -> 10.5 | AW28: ='DJB Daily Readings'!DX36-'DJB Daily Readings'!DX35 -> 7.1 | AX28: ='DJB Daily Readings'!DZ36-'DJB Daily Readings'!DZ35 -> 6.8 | AY28: ='DJB Daily Readings'!EB36-'DJB Daily Readings'!EB35 -> 569 | AZ28: ='DJB Daily Readings'!ED36-'DJB Daily Readings'!ED35 -> 132.8 | BA28: ='DJB Daily Readings'!EG36-'DJB Daily Readings'!EG35 -> 3200 | BB28: ='DJB Daily Readings'!EI36-'DJB Daily Readings'!EI35 -> 220 | BC28: ='DJB Daily Readings'!EQ36-'DJB Daily Readings'!EQ35 -> 1500 | BD28: ='DJB Daily Readings'!EK36-'DJB Daily Readings'!EK35 -> 1700 | BE28: ='DJB Daily Readings'!EM36-'DJB Daily Readings'!EM35 -> 200 | BF28: ='DJB Daily Readings'!EO36-'DJB Daily Readings'!EO35 -> 600 | BG28: =('DJB Daily Readings'!ET36-'DJB Daily Readings'!ET35)*1.89 -> 32.13 | BH28: =('DJB Daily Readings'!EV36-'DJB Daily Readings'!EV35)*1.89 -> 0 | BI28: =('DJB Daily Readings'!EZ36-'DJB Daily Readings'!EZ35)*1.89 -> 26.46 | BJ28: =('DJB Daily Readings'!EX36-'DJB Daily Readings'!EX35)*1.89 -> 18.9 | BK28: =('DJB Daily Readings'!FB36-'DJB Daily Readings'!FB35)*1.89 -> 66.15 | BL28: ='DJB Daily Readings'!J36 -> 179
A29: Dubai at Jumeirah Beach | B29: =B28+1 -> 28 | C29: 12 | D29: 2022 | E29: =237*0.93 -> 220.41 | F29: =346+118 -> 464 | G29: ='DJB Daily Readings'!C37-'DJB Daily Readings'!C36 -> 659 | H29: ='DJB Daily Readings'!F37-'DJB Daily Readings'!F36 -> 526 | I29: ='DJB Daily Readings'!K37-'DJB Daily Readings'!K36 -> 0 | J29: ='DJB Daily Readings'!K37-'DJB Daily Readings'!K36 -> 0 | K29: ='DJB Daily Readings'!O37-'DJB Daily Readings'!O36 -> 74 | L29: ='DJB Daily Readings'!R37-'DJB Daily Readings'!R36 -> 6 | M29: ='DJB Daily Readings'!U37-'DJB Daily Readings'!U36 -> 1851.36 | N29: ='DJB Daily Readings'!X37-'DJB Daily Readings'!X36 -> 4530.96 | O29: ='DJB Daily Readings'!AA37-'DJB Daily Readings'!AA36 -> 97.44 | P29: ='DJB Daily Readings'!AD37-'DJB Daily Readings'!AD36 -> 9159.36 | Q29: ='DJB Daily Readings'!AG37-'DJB Daily Readings'!AG36 -> 0 | R29: ='DJB Daily Readings'!AJ37-'DJB Daily Readings'!AJ36 -> 5359.2 | S29: ='DJB Daily Readings'!AM37-'DJB Daily Readings'!AM36 -> 4189.92 | T29: ='DJB Daily Readings'!AP37-'DJB Daily Readings'!AP36 -> 4628.4 | U29: ='DJB Daily Readings'!AS37-'DJB Daily Readings'!AS36 -> 3020.64 | V29: ='DJB Daily Readings'!AV37-'DJB Daily Readings'!AV36 -> 5602.8 | W29: ='DJB Daily Readings'!AZ37-'DJB Daily Readings'!AZ36 -> 0 | X29: ='DJB Daily Readings'!BC37-'DJB Daily Readings'!BC36 -> 41300 | Y29: ='DJB Daily Readings'!BF37-'DJB Daily Readings'!BF36 -> 0 | Z29: =('DJB Daily Readings'!CK37-'DJB Daily Readings'!CK36)*1.89 -> 139.86 | AA29: =('DJB Daily Readings'!CN37-'DJB Daily Readings'!CN36)*1.89 -> 226.8 | AB29: =('DJB Daily Readings'!CQ37-'DJB Daily Readings'!CQ36)*1.89 -> 561.33 | AC29: ='DJB Daily Readings'!CT37-'DJB Daily Readings'!CT36 -> 172 | AD29: =('DJB Daily Readings'!BY37-'DJB Daily Readings'!BY36)*1.89 -> 39.69 | AE29: =('DJB Daily Readings'!CA37-'DJB Daily Readings'!CA36)*1.89 -> 35.91 | AF29: =('DJB Daily Readings'!CC37-'DJB Daily Readings'!CC36)*1.89 -> 13.23 | AG29: =('DJB Daily Readings'!CE37-'DJB Daily Readings'!CE36)*1.89 -> 20.79 | AH29: =('DJB Daily Readings'!CG37-'DJB Daily Readings'!CG36)*1.89 -> 26.46 | AI29: =('DJB Daily Readings'!CI37-'DJB Daily Readings'!CI36)*1.89 -> 64.26 | AJ29: ='DJB Daily Readings'!CY37-'DJB Daily Readings'!CY36 -> 10 | AK29: ='DJB Daily Readings'!CW37-'DJB Daily Readings'!CW36 -> 14 | AL29: ='DJB Daily Readings'!DC37-'DJB Daily Readings'!DC36 -> 14 | AM29: ='DJB Daily Readings'!DA37-'DJB Daily Readings'!DA36 -> 19 | AN29: ='DJB Daily Readings'!DG37-'DJB Daily Readings'!DG36 -> 7 | AO29: ='DJB Daily Readings'!DE37-'DJB Daily Readings'!DE36 -> 13 | AP29: ='DJB Daily Readings'!DK37-'DJB Daily Readings'!DK36 -> 6 | AQ29: ='DJB Daily Readings'!DI37-'DJB Daily Readings'!DI36 -> 13 | AR29: ='DJB Daily Readings'!DO37-'DJB Daily Readings'!DO36 -> 10 | AS29: ='DJB Daily Readings'!DM37-'DJB Daily Readings'!DM36 -> 5 | AT29: ='DJB Daily Readings'!DQ37-'DJB Daily Readings'!DQ36 -> 0 | AU29: ='DJB Daily Readings'!DT37-'DJB Daily Readings'!DT36 -> 11.1 | AW29: ='DJB Daily Readings'!DX37-'DJB Daily Readings'!DX36 -> 7.3 | AX29: ='DJB Daily Readings'!DZ37-'DJB Daily Readings'!DZ36 -> -0.9 | AY29: ='DJB Daily Readings'!EB37-'DJB Daily Readings'!EB36 -> 570 | AZ29: ='DJB Daily Readings'!ED37-'DJB Daily Readings'!ED36 -> 129.8 | BA29: ='DJB Daily Readings'!EG37-'DJB Daily Readings'!EG36 -> 3100 | BB29: ='DJB Daily Readings'!EI37-'DJB Daily Readings'!EI36 -> 240 | BC29: ='DJB Daily Readings'!EQ37-'DJB Daily Readings'!EQ36 -> 1900 | BD29: ='DJB Daily Readings'!EK37-'DJB Daily Readings'!EK36 -> 1600 | BE29: ='DJB Daily Readings'!EM37-'DJB Daily Readings'!EM36 -> 300 | BF29: ='DJB Daily Readings'!EO37-'DJB Daily Readings'!EO36 -> 550 | BG29: =('DJB Daily Readings'!ET37-'DJB Daily Readings'!ET36)*1.89 -> 32.13 | BH29: =('DJB Daily Readings'!EV37-'DJB Daily Readings'!EV36)*1.89 -> 62.37 | BI29: =('DJB Daily Readings'!EZ37-'DJB Daily Readings'!EZ36)*1.89 -> 35.91 | BJ29: =('DJB Daily Readings'!EX37-'DJB Daily Readings'!EX36)*1.89 -> 17.01 | BK29: =('DJB Daily Readings'!FB37-'DJB Daily Readings'!FB36)*1.89 -> 68.04 | BL29: ='DJB Daily Readings'!J37 -> 1
A30: Dubai at Jumeirah Beach | B30: =B29+1 -> 29 | C30: 12 | D30: 2022 | E30: =237*0.92 -> 218.04 | F30: =343+121 -> 464 | G30: ='DJB Daily Readings'!C38-'DJB Daily Readings'!C37 -> 660 | H30: ='DJB Daily Readings'!F38-'DJB Daily Readings'!F37 -> 548 | I30: ='DJB Daily Readings'!K38-'DJB Daily Readings'!K37 -> 81 | J30: ='DJB Daily Readings'!K38-'DJB Daily Readings'!K37 -> 81 | K30: ='DJB Daily Readings'!O38-'DJB Daily Readings'!O37 -> 73 | L30: ='DJB Daily Readings'!R38-'DJB Daily Readings'!R37 -> 9 | M30: ='DJB Daily Readings'!U38-'DJB Daily Readings'!U37 -> 1753.92 | N30: ='DJB Daily Readings'!X38-'DJB Daily Readings'!X37 -> 4530.96 | O30: ='DJB Daily Readings'!AA38-'DJB Daily Readings'!AA37 -> 97.44 | P30: ='DJB Daily Readings'!AD38-'DJB Daily Readings'!AD37 -> 9061.92 | Q30: ='DJB Daily Readings'!AG38-'DJB Daily Readings'!AG37 -> 0 | R30: ='DJB Daily Readings'!AJ38-'DJB Daily Readings'!AJ37 -> 5359.2 | S30: ='DJB Daily Readings'!AM38-'DJB Daily Readings'!AM37 -> 4336.08 | T30: ='DJB Daily Readings'!AP38-'DJB Daily Readings'!AP37 -> 4774.56 | U30: ='DJB Daily Readings'!AS38-'DJB Daily Readings'!AS37 -> 3702.72 | V30: ='DJB Daily Readings'!AV38-'DJB Daily Readings'!AV37 -> 5602.8 | W30: ='DJB Daily Readings'!AZ38-'DJB Daily Readings'!AZ37 -> 0 | X30: ='DJB Daily Readings'!BC38-'DJB Daily Readings'!BC37 -> 40600 | Y30: ='DJB Daily Readings'!BF38-'DJB Daily Readings'!BF37 -> 0 | Z30: =('DJB Daily Readings'!CK38-'DJB Daily Readings'!CK37)*1.89 -> 136.08 | AA30: =('DJB Daily Readings'!CN38-'DJB Daily Readings'!CN37)*1.89 -> 206.01 | AB30: =('DJB Daily Readings'!CQ38-'DJB Daily Readings'!CQ37)*1.89 -> 514.08 | AC30: ='DJB Daily Readings'!CT38-'DJB Daily Readings'!CT37 -> 171 | AD30: =('DJB Daily Readings'!BY38-'DJB Daily Readings'!BY37)*1.89 -> 37.8 | AE30: =('DJB Daily Readings'!CA38-'DJB Daily Readings'!CA37)*1.89 -> 35.91 | AF30: =('DJB Daily Readings'!CC38-'DJB Daily Readings'!CC37)*1.89 -> 13.23 | AG30: =('DJB Daily Readings'!CE38-'DJB Daily Readings'!CE37)*1.89 -> 20.79 | AH30: =('DJB Daily Readings'!CG38-'DJB Daily Readings'!CG37)*1.89 -> 26.46 | AI30: =('DJB Daily Readings'!CI38-'DJB Daily Readings'!CI37)*1.89 -> 71.82 | AJ30: ='DJB Daily Readings'!CY38-'DJB Daily Readings'!CY37 -> 8 | AK30: ='DJB Daily Readings'!CW38-'DJB Daily Readings'!CW37 -> 13 | AL30: ='DJB Daily Readings'!DC38-'DJB Daily Readings'!DC37 -> 16 | AM30: ='DJB Daily Readings'!DA38-'DJB Daily Readings'!DA37 -> 19 | AN30: ='DJB Daily Readings'!DG38-'DJB Daily Readings'!DG37 -> 8 | AO30: ='DJB Daily Readings'!DE38-'DJB Daily Readings'!DE37 -> 14 | AP30: ='DJB Daily Readings'!DK38-'DJB Daily Readings'!DK37 -> 6 | AQ30: ='DJB Daily Readings'!DI38-'DJB Daily Readings'!DI37 -> 12 | AR30: ='DJB Daily Readings'!DO38-'DJB Daily Readings'!DO37 -> 10 | AS30: ='DJB Daily Readings'!DM38-'DJB Daily Readings'!DM37 -> 4 | AT30: ='DJB Daily Readings'!DQ38-'DJB Daily Readings'!DQ37 -> 0 | AU30: ='DJB Daily Readings'!DT38-'DJB Daily Readings'!DT37 -> 11.2 | AW30: ='DJB Daily Readings'!DX38-'DJB Daily Readings'!DX37 -> 7 | AX30: ='DJB Daily Readings'!DZ38-'DJB Daily Readings'!DZ37 -> 14.1 | AY30: ='DJB Daily Readings'!EB38-'DJB Daily Readings'!EB37 -> 552 | AZ30: ='DJB Daily Readings'!ED38-'DJB Daily Readings'!ED37 -> 130.6 | BA30: ='DJB Daily Readings'!EG38-'DJB Daily Readings'!EG37 -> 3500 | BB30: ='DJB Daily Readings'!EI38-'DJB Daily Readings'!EI37 -> 260 | BC30: ='DJB Daily Readings'!EQ38-'DJB Daily Readings'!EQ37 -> 2200 | BD30: ='DJB Daily Readings'!EK38-'DJB Daily Readings'!EK37 -> 1800 | BE30: ='DJB Daily Readings'!EM38-'DJB Daily Readings'!EM37 -> 200 | BF30: ='DJB Daily Readings'!EO38-'DJB Daily Readings'!EO37 -> 640 | BG30: =('DJB Daily Readings'!ET38-'DJB Daily Readings'!ET37)*1.89 -> 30.24 | BH30: =('DJB Daily Readings'!EV38-'DJB Daily Readings'!EV37)*1.89 -> 30.24 | BI30: =('DJB Daily Readings'!EZ38-'DJB Daily Readings'!EZ37)*1.89 -> 35.91 | BJ30: =('DJB Daily Readings'!EX38-'DJB Daily Readings'!EX37)*1.89 -> 17.01 | BK30: =('DJB Daily Readings'!FB38-'DJB Daily Readings'!FB37)*1.89 -> 71.82 | BL30: ='DJB Daily Readings'!J38 -> 0
A31: Dubai at Jumeirah Beach | B31: =B30+1 -> 30 | C31: 12 | D31: 2022 | F31: =343+121 -> 464
A32: Dubai at Jumeirah Beach | B32: =B31+1 -> 31 | C32: 12 | D32: 2022

Sheet DJB Daily Readings
A6: Daily Water Consumption December 2020 | U6: Electricity Daily Consumption December 2020 | AZ6: Chiller BTU Meter Reading December 2020 | BV6: Lpg Daily Consumption December 2020 | CW6: F& B Village Daily Water Meter Reading 2020 | DT6: F & B Electrical Daily Reading December 2020 | EG6: F & B Village Chilled Water Reading December 2020 | ET6: F & B Village Daily Lpg Reading December 2020
A7: Date | B7: Daily Occupancy % | C7: Potable Water meter Reading -M³ | F7: Resort Water Meter Reading M³ | I7: Tse Water meter Reading M³ | K7: Irrigation Water Meter Reading M³ | M7: Domestic Water For Irrigation M³ | O7: Cooling Tower Meter ReadingM³ | R7: Cooling Tower Blowdown Reading | U7: EMDB-1 All Pumps | X7: EMDB-2 Elevators | AA7: MDB-1 Chiller # 1 | AD7: MDB-2 Chiller # 2 | AG7: MDB-3 Chiller # 3 | AJ7: MDB-4 North Riser Guest Rooms | AM7: MDB-5 North Riser Guest Rooms | AP7: MDB-6 Main Kitchen | AS7: MDB-7 South Riser Guest Rooms | AV7: MDB-8 F & B | AZ7: Chiller 1 | BC7: Chiller 2 | BF7: Chiller 3 | BI7: Active Pool Heat Exchanger Hot Water | BK7: Active Pool Heat Exchanger Chilled Water | BM7: Quiet Pool Heat Exchanger Hot Water | BO7: Quiet Pool Heat Exchanger Chilled Water | BQ7: Sea Fu Restaurant | BS7: cold water heat exchanger | BV7: Lpg Main Tank | BY7: Ird Kitchen | CA7: Suq Kitchen | CC7: Bakery Kitchen | CE7: Shai Saloon Kitchen | CG7: Banquet Kitchen | CI7: Sea Fu Kitchen | CK7: Steam Boiler | CN7: Solar Hot Water Boiler | CQ7: Low Temp Hot Water Boiler | CT7: Steam Boiler Steam Meter Reading | CW7: Verde Water Meter Reading | DA7: Coya Water Meter Reading M³ | DE7: Nusret Water meter Reading M³ | DI7: Provoceteur Meter Reading M³ | DM7: Scalini Meter Reading M³ | DQ7: Irrigation | DT7: MDB - Coya | DV7: MDB Verde | DX7: MDB - Nusret | DZ7: Peovoceteur SMDB | EB7: SMDB - Scalini | ED7: Common ESMDB | EG7: Coya Btu | EI7: Coya Cold Room Btu | EK7: Nusret Btu | EM7: Provocateur- A | EO7: Provocateur- B | EQ7: Verde Btu | ET7: Coya Lpg | EV7: Nusret Lpg | EX7: Provocateur Lpg | EZ7: Verde Lpg | FB7: Scalini
C8: Reading In M³ | D8: Daily consumption M³ 2018 | E8: Daily consumption M³ December-2017 | F8: Reading M³ | G8: Daily Consumption M³ | H8: Daily consumption M³ December-2017 | I8: Reading M³ | J8: Daily consumption M³ | K8: Reading M³ | L8: Daily consumption M³ | M8: Reading M³ | N8: Daily consumption M³ | O8: Reading M³ | P8: Daily Consumption M³ | Q8: Daily consumption M³ December-2017 | R8: Reading M³ | S8: Daily Consumption M³ | U8: Reading KWH | V8: Daily Consumption Kwh 2018 | W8: Daily Consumption Kwh 2017 | X8: Reading KWH | Y8: Daily Consumption Kwh 2018 | Z8: Daily Consumption Kwh 2017 | AA8: Reading KWH | AB8: Daily Consumption Kwh 2018 | AC8: Daily Consumption Kwh 2017 | AD8: Reading KWH | AE8: Daily Consumption Kwh 2018 | AF8: Daily Consumption Kwh 2017 | AG8: Reading KWH | AH8: Daily Consumption Kwh 2018 | AI8: Daily Consumption Kwh 2017 | AJ8: Reading KWH | AK8: Daily Consumption Kwh 2018 | AL8: Daily Consumption Kwh 2017 | AM8: Reading KWH | AN8: Daily Consumption Kwh 2018 | AO8: Daily Consumption Kwh 2017 | AP8: Reading KWH | AQ8: Daily Consumption Kwh 2018 | AR8: Daily Consumption Kwh 2017 | AS8: Reading KWH | AT8: Daily Consumption Kwh 2018 | AU8: Daily Consumption Kwh 2017 | AV8: Reading KWH | AW8: Daily Consumption Kwh 2018 | AX8: Daily Consumption Kwh 2017 | AZ8: Reading Kwh | BA8: Daily Consumption Kwh | BB8: Daily Consumption Kwh 2017 | BC8: Reading Kwh | BD8: Daily Consumption Kwh | BE8: Daily Consumption Kwh 2017 | BF8: Reading Kwh | BG8: Daily Consumption Kwh | BH8: Daily Consumption Kwh 2017 | BI8: Reading Kwh | BJ8: Daily Consumption Kwh | BK8: Reading Kwh | BL8: Daily Consumption Kwh | BM8: Reading Kwh | BN8: Daily Consumption Kwh | BO8: Reading Kwh | BP8: Daily Consumption Kwh | BQ8: Reading Kwh | BR8: Daily Consumption Kwh | BS8: Reading Kwh | BT8: Daily Consumption Kwh | BV8: Reading % | BW8: Reading M³ | BX8: Daily consumption M³ December-2017 | BY8: Reading M³ | BZ8: Daily Consumption M³ | CA8: Reading M³ | CB8: Daily Consumption M³ | CC8: Reading M³ | CD8: Daily Consumption M³ | CE8: Reading M³ | CF8: Daily Consumption M³ | CG8: Reading M³ | CH8: Daily Consumption M³ | CI8: Reading M³ | CJ8: Daily Consumption M³ | CK8: Reading M³ | CL8: Daily Consumption M³ | CM8: Daily consumption M³ December-2017 | CN8: Reading M³ | CO8: Daily Consumption M³ | CP8: Daily consumption M³ December-2017 | CQ8: Reading M³ | CR8: Daily Consumption M³ | CS8: Daily consumption M³ December-2017 | CT8: Reading Kg | CU8: Daily Consumption Kg | CW8: Hot Water M³ | CX8: Daily consumption M³ | CY8: Cold Water M³ | CZ8: Daily consumption M³ | DA8: Hot Water M³ | DB8: Daily Consumption M³ | DC8: Cold Water M³ | DD8: Daily Consumption M³ | DE8: Hot Water M³ | DF8: Daily consumption M³ | DG8: Cold Water M³ | DH8: Daily consumption M³ | DI8: Hot Water M³ | DJ8: Daily Consumption M³ | DK8: Cold Water M³ | DL8: Daily Consumption M³ | DM8: Hot Water M³ | DN8: Daily Consumption M³ | DO8: Cold Water M³ | DP8: Daily Consumption M³ | DQ8: Daily Reading | DR8: Daily Consumption M³ | DT8: Reading KWH | DU8: Difference KWH | DV8: Reading KWH | DW8: Difference KWH | DX8: Reading KWH | DY8: Difference KWH | DZ8: Reading KWH | EA8: Difference KWH | EB8: Reading KWH | EC8: Difference KWH | ED8: Reading KWH | EE8: Difference KWH | EG8: Reading KWH | EH8: Difference KWH | EI8: Reading KWH | EJ8: Difference KWH | EK8: Reading KWH | EL8: Difference KWH | EM8: Reading KWH | EN8: Difference KWH | EO8: Reading KWH | EP8: Difference KWH | EQ8: Reading KWH | ER8: Difference KWH | ET8: Reading M³ | EU8: Daily Consumption M³ | EV8: Reading M³ | EW8: Daily Consumption M³ | EX8: Reading M³ | EY8: Daily Consumption M³ | EZ8: Reading M³ | FA8: Daily Consumption M³ | FB8: Reading M³ | FC8: Daily Consumption M³
A9: 43830 | B9: ='[1]December - 2022'!B9 -> 0.51 | C9: ='[1]December - 2022'!E9 -> 204542 | D9: =C10-C9 -> 732 | E9: ='[1]December - 2022'!G9 -> 576 | F9: ='[1]December - 2022'!H9 -> 237720 | G9: =F10-F9 -> 427 | H9: ='[1]December - 2022'!J9 -> 407 | I9: ='[1]December - 2022'!K9 -> 5844 | J9: =I10-I9 -> 164 | K9: ='[1]December - 2022'!N9 -> 918944 | L9: =K10-K9 -> 277 | M9: ='[1]December - 2022'!Q9 -> 243148 | N9: =M10-M9 -> 112 | O9: ='[1]December - 2022'!U9 -> 115205 | P9: =O10-O9 -> 131 | Q9: ='[1]December - 2022'!W9 -> 105.09 | R9: ='[1]December - 2022'!X9 -> 6237 | S9: =R10-R9 -> 18 | U9: ='[1]December - 2022'!AE9 -> 8125472.9 | V9: =U10-U9 -> 2630.88 | W9: ='[1]December - 2022'!AF9 -> 2630.88 | X9: ='[1]December - 2022'!AH9 -> 15438881 | Y9: =X10-X9 -> 4579.68 | Z9: ='[1]December - 2022'!AI9 -> 4579.68 | AA9: ='[1]December - 2022'!AK9 -> 15753174 | AB9: =AA10-AA9 -> 0 | AC9: ='[1]December - 2022'!AL9 -> 0 | AD9: ='[1]December - 2022'!AN9 -> 18820731 | AE9: =AD10-AD9 -> 48.72 | AF9: ='[1]December - 2022'!AO9 -> 48.72 | AG9: ='[1]December - 2022'!AQ9 -> 19140870 | AH9: =AG10-AG9 -> 12959.52 | AI9: ='[1]December - 2022'!AR9 -> 12959.52 | AJ9: ='[1]December - 2022'!AT9 -> 17520394 | AK9: =AJ10-AJ9 -> 5943.84 | AL9: ='[1]December - 2022'!AU9 -> 5943.84 | AM9: ='[1]December - 2022'!AW9 -> 14752513 | AN9: =AM10-AM9 -> 4384.8 | AO9: ='[1]December - 2022'!AX9 -> 4384.8 | AP9: ='[1]December - 2022'!AZ9 -> 14272427 | AQ9: =AP10-AP9 -> 4872 | AR9: ='[1]December - 2022'!BA9 -> 4872 | AS9: ='[1]December - 2022'!BC9 -> 11154688 | AT9: =AS10-AS9 -> 3118.08 | AU9: ='[1]December - 2022'!BD9 -> 3118.08 | AV9: ='[1]December - 2022'!BF9 -> 17655543 | AW9: =AV10-AV9 -> 5554.08 | AX9: ='[1]December - 2022'!BG9 -> 5554.08 | AZ9: ='[1]December - 2022'!BM9 -> 77840000 | BA9: =AZ10-AZ9 -> 0 | BB9: ='[1]December - 2022'!BN9 -> 0 | BC9: ='[1]December - 2022'!BP9 -> 80452400 | BD9: =BC10-BC9 -> 0 | BE9: ='[1]December - 2022'!BQ9 -> 0 | BF9: ='[1]December - 2022'!BS9 -> 74637500 | BG9: =BF10-BF9 -> 65200 | BH9: ='[1]December - 2022'!BT9 -> 65200 | BS9: ='[1]December - 2022'!BV9 -> 10171610 | BT9: =BS10-BS9 -> 7460 | BV9: ='[1]December - 2022'!BY9 -> 0.74 | BW9: =BV10-BV9 -> -0.06 | BX9: ='[1]December - 2022'!$BZ$9:$BZ$10 -> 0.06 | BY9: ='[1]December - 2022'!CB9 -> 64169 | BZ9: =BY10-BY9 -> 21 | CA9: ='[1]December - 2022'!CD9 -> 55264 | CB9: =CA10-CA9 -> 20 | CC9: ='[1]December - 2022'!CF9 -> 18695 | CD9: =CC10-CC9 -> 7 | CE9: ='[1]December - 2022'!CH9 -> 25508 | CF9: =CE10-CE9 -> 10 | CG9: ='[1]December - 2022'!CJ9 -> 28364 | CH9: =CG10-CG9 -> 18 | CI9: ='[1]December - 2022'!CL9 -> 62228 | CJ9: =CI10-CI9 -> 34 | CK9: ='[1]December - 2022'!CN9 -> 267458 | CL9: =CK10-CK9 -> 73 | CM9: ='[1]December - 2022'!CO9 -> 73 | CN9: ='[1]December - 2022'!CQ9 -> 214182 | CO9: =CN10-CN9 -> 102 | CP9: ='[1]December - 2022'!CR9 -> 102 | CQ9: ='[1]December - 2022'!CT9 -> 353835 | CR9: =CQ10-CQ9 -> 166 | CS9: ='[1]December - 2022'!CU9 -> 166 | CT9: ='[1]December - 2022'!CW9 -> 693437 | CU9: =CT10-CT9 -> 168 | CW9: ='[1]December - 2022'!CZ9 -> 8807 | CX9: =CW10-CW9 -> 8 | CY9: ='[1]December - 2022'!DB9 -> 5981 | CZ9: =CY10-CY9 -> 5 | DA9: ='[1]December - 2022'!DD9 -> 32007 | DB9: =DA10-DA9 -> 16 | DC9: ='[1]December - 2022'!DF9 -> 32272 | DD9: =DC10-DC9 -> 15 | DE9: ='[1]December - 2022'!DH9 -> 21764 | DF9: =DE10-DE9 -> 10 | DG9: ='[1]December - 2022'!DJ9 -> 23989 | DH9: =DG10-DG9 -> 6 | DI9: ='[1]December - 2022'!DL9 -> 7013 | DJ9: =DI10-DI9 -> 9 | DK9: ='[1]December - 2022'!DN9 -> 9688 | DL9: =DK10-DK9 -> 8 | DM9: ='[1]December - 2022'!DP9 -> 3228 | DN9: =DM10-DM9 -> 4 | DO9: ='[1]December - 2022'!DR9 -> 6366 | DP9: =DO10-DO9 -> 9 | DQ9: ='[1]December - 2022'!DT9 -> 30245 | DR9: =DQ10-DQ9 -> 10 | DT9: ='[1]December - 2022'!DW9 -> 6235.5 | DU9: =DT10-DT9 -> 12 | DV9: ='[1]December - 2022'!DY9 -> 11223.7 | DW9: =DV10-DV9 -> 9.1 | DX9: ='[1]December - 2022'!EA9 -> 4746.3 | DY9: =DX10-DX9 -> 6.8 | DZ9: ='[1]December - 2022'!EC9 -> 5319.5 | EA9: =DZ10-DZ9 -> 6.8 | EB9: ='[1]December - 2022'!EE9 -> 1122112 | EC9: =EB10-EB9 -> 608 | ED9: ='[1]December - 2022'!EI9 -> 230550 | EE9: =ED10-ED9 -> 154.9 | EG9: ='[1]December - 2022'!EL9 -> 12107000 | EH9: =EG10-EG9 -> 4400 | EI9: ='[1]December - 2022'!EN9 -> 931450 | EJ9: =EI10-EI9 -> 340 | EK9: ='[1]December - 2022'!EP9 -> 7205200 | EL9: =EK10-EK9 -> 2000 | EM9: ='[1]December - 2022'!ER9 -> 2494100 | EN9: =EM10-EM9 -> 400 | EO9: ='[1]December - 2022'!ET9 -> 1271830 | EP9: =EO10-EO9 -> 700 | EQ9: ='[1]December - 2022'!EV9 -> 16592300 | ER9: =EQ10-EQ9 -> 5600 | ET9: ='[1]December - 2022'!EY9 -> 41974 | EU9: =ET10-ET9 -> 16 | EV9: ='[1]December - 2022'!FA9 -> 36697 | EW9: =EV10-EV9 -> 13 | EX9: ='[1]December - 2022'!FC9 -> 7448 | EY9: 0 | EZ9: ='[1]December - 2022'!FE9 -> 59149 | FA9: =EZ10-EZ9 -> 15 | FB9: ='[1]December - 2022'!FG9 -> 49260 | FC9: =FB10-FB9 -> 36
A10: 43831 | B10: ='[1]December - 2022'!B10 -> 0.4 | C10: ='[1]December - 2022'!E10 -> 205274 | F10: ='[1]December - 2022'!H10 -> 238147 | I10: ='[1]December - 2022'!K10 -> 6008 | K10: ='[1]December - 2022'!N10 -> 919221 | M10: ='[1]December - 2022'!Q10 -> 243260 | O10: ='[1]December - 2022'!U10 -> 115336 | R10: ='[1]December - 2022'!X10 -> 6255 | U10: ='[1]December - 2022'!AE10 -> 8128103.8 | X10: ='[1]December - 2022'!AH10 -> 15443460 | AA10: ='[1]December - 2022'!AK10 -> 15753174 | AD10: ='[1]December - 2022'!AN10 -> 18820780 | AG10: ='[1]December - 2022'!AQ10 -> 19153830 | AJ10: ='[1]December - 2022'!AT10 -> 17526338 | AM10: ='[1]December - 2022'!AW10 -> 14756898 | AP10: ='[1]December - 2022'!AZ10 -> 14277299 | AS10: ='[1]December - 2022'!BC10 -> 11157806 | AV10: ='[1]December - 2022'!BF10 -> 17661097 | AZ10: ='[1]December - 2022'!BM10 -> 77840000 | BC10: ='[1]December - 2022'!BP10 -> 80452400 | BF10: ='[1]December - 2022'!BS10 -> 74702700 | BS10: ='[1]December - 2022'!BV10 -> 10179070 | BV10: ='[1]December - 2022'!BY10 -> 0.68 | BY10: ='[1]December - 2022'!CB10 -> 64190 | CA10: ='[1]December - 2022'!CD10 -> 55284 | CC10: ='[1]December - 2022'!CF10 -> 18702 | CE10: ='[1]December - 2022'!CH10 -> 25518 | CG10: ='[1]December - 2022'!CJ10 -> 28382 | CI10: ='[1]December - 2022'!CL10 -> 62262 | CK10: ='[1]December - 2022'!CN10 -> 267531 | CN10: ='[1]December - 2022'!CQ10 -> 214284 | CQ10: ='[1]December - 2022'!CT10 -> 354001 | CT10: ='[1]December - 2022'!CW10 -> 693605 | CW10: ='[1]December - 2022'!CZ10 -> 8815 | CY10: ='[1]December - 2022'!DB10 -> 5986 | DA10: ='[1]December - 2022'!DD10 -> 32023 | DC10: ='[1]December - 2022'!DF10 -> 32287 | DE10: ='[1]December - 2022'!DH10 -> 21774 | DG10: ='[1]December - 2022'!DJ10 -> 23995 | DI10: ='[1]December - 2022'!DL10 -> 7022 | DK10: ='[1]December - 2022'!DN10 -> 9696 | DM10: ='[1]December - 2022'!DP10 -> 3232 | DO10: ='[1]December - 2022'!DR10 -> 6375 | DQ10: ='[1]December - 2022'!DT10 -> 30255 | DT10: ='[1]December - 2022'!DW10 -> 6247.5 | DV10: ='[1]December - 2022'!DY10 -> 11232.8 | DX10: ='[1]December - 2022'!EA10 -> 4753.1 | DZ10: ='[1]December - 2022'!EC10 -> 5326.3 | EB10: ='[1]December - 2022'!EE10 -> 1122720 | ED10: ='[1]December - 2022'!EI10 -> 230704.9 | EG10: ='[1]December - 2022'!EL10 -> 12111400 | EI10: ='[1]December - 2022'!EN10 -> 931790 | EK10: ='[1]December - 2022'!EP10 -> 7207200 | EM10: ='[1]December - 2022'!ER10 -> 2494500 | EO10: ='[1]December - 2022'!ET10 -> 1272530 | EQ10: ='[1]December - 2022'!EV10 -> 16597900 | ET10: ='[1]December - 2022'!EY10 -> 41990 | EV10: ='[1]December - 2022'!FA10 -> 36710 | EX10: ='[1]December - 2022'!FC10 -> 7456 | EZ10: ='[1]December - 2022'!FE10 -> 59164 | FB10: ='[1]December - 2022'!FG10 -> 49296
A11: 43832 | B11: ='[1]December - 2022'!B11 -> 0.33 | C11: ='[1]December - 2022'!E11 -> 205947 | D11: ='[1]December - 2022'!F11 -> 673 | E11: ='[1]December - 2022'!G11 -> 692 | F11: ='[1]December - 2022'!H11 -> 238575 | G11: ='[1]December - 2022'!I11 -> 428 | H11: ='[1]December - 2022'!J11 -> 443 | I11: ='[1]December - 2022'!K11 -> 6184 | J11: ='[1]December - 2022'!L11 -> 176 | K11: ='[1]December - 2022'!N11 -> 919483 | L11: ='[1]December - 2022'!O11 -> 262 | M11: ='[1]December - 2022'!Q11 -> 243371 | N11: ='[1]December - 2022'!R11 -> 111 | O11: ='[1]December - 2022'!U11 -> 115458 | P11: ='[1]December - 2022'!V11 -> 122 | Q11: ='[1]December - 2022'!W11 -> 95.11 | R11: ='[1]December - 2022'!X11 -> 6266 | S11: ='[1]December - 2022'!Y11 -> 11 | U11: ='[1]December - 2022'!AE11 -> 8130832.1 | V11: ='[1]December - 2022'!AF11 -> 2728.32 | W11: ='[1]December - 2022'!AF11 -> 2728.32 | X11: ='[1]December - 2022'!AH11 -> 15448089 | Y11: ='[1]December - 2022'!AI11 -> 4628.4 | Z11: ='[1]December - 2022'!AI11 -> 4628.4 | AA11: ='[1]December - 2022'!AK11 -> 15753222 | AB11: ='[1]December - 2022'!AL11 -> 48.72 | AC11: ='[1]December - 2022'!AL11 -> 48.72 | AD11: ='[1]December - 2022'!AN11 -> 18821169 | AE11: ='[1]December - 2022'!AO11 -> 389.76 | AF11: ='[1]December - 2022'!AO11 -> 389.76 | AG11: ='[1]December - 2022'!AQ11 -> 19166643 | AH11: ='[1]December - 2022'!AR11 -> 12813.36 | AI11: ='[1]December - 2022'!AR11 -> 12813.36 | AJ11: ='[1]December - 2022'!AT11 -> 17532038 | AK11: ='[1]December - 2022'!AU11 -> 5700.24 | AL11: ='[1]December - 2022'!AU11 -> 5700.24 | AM11: ='[1]December - 2022'!AW11 -> 14760942 | AN11: ='[1]December - 2022'!AX11 -> 4043.76 | AO11: ='[1]December - 2022'!AX11 -> 4043.76 | AP11: ='[1]December - 2022'!AZ11 -> 14281976 | AQ11: ='[1]December - 2022'!BA11 -> 4677.12 | AR11: ='[1]December - 2022'!BA11 -> 4677.12 | AS11: ='[1]December - 2022'!BC11 -> 11160826 | AT11: ='[1]December - 2022'!BD11 -> 3020.64 | AU11: ='[1]December - 2022'!BD11 -> 3020.64 | AV11: ='[1]December - 2022'!BF11 -> 17666993 | AW11: ='[1]December - 2022'!BG11 -> 5895.12 | AX11: ='[1]December - 2022'!BG11 -> 5895.12 | AZ11: ='[1]December - 2022'!BM11 -> 77840000 | BA11: ='[1]December - 2022'!BN11 -> 0 | BB11: ='[1]December - 2022'!BN11 -> 0 | BC11: ='[1]December - 2022'!BP11 -> 80452400 | BD11: ='[1]December - 2022'!BQ11 -> 0 | BE11: ='[1]December - 2022'!BQ11 -> 0 | BF11: ='[1]December - 2022'!BS11 -> 74767400 | BG11: ='[1]December - 2022'!BT11 -> 64700 | BH11: ='[1]December - 2022'!BT11 -> 64700 | BS11: ='[1]December - 2022'!BV11 -> 10186430 | BT11: ='[1]December - 2022'!BW11 -> 7360 | BV11: ='[1]December - 2022'!BY11 -> 0.6 | BW11: ='[1]December - 2022'!BZ11 -> 0.08 | BX11: ='[1]December - 2022'!BZ11 -> 0.08 | BY11: ='[1]December - 2022'!CB11 -> 64209 | BZ11: ='[1]December - 2022'!CC11 -> 19 | CA11: ='[1]December - 2022'!CD11 -> 55303 | CB11: ='[1]December - 2022'!CE11 -> 19 | CC11: ='[1]December - 2022'!CF11 -> 18708 | CD11: ='[1]December - 2022'!CG11 -> 6 | CE11: ='[1]December - 2022'!CH11 -> 25528 | CF11: ='[1]December - 2022'!CI11 -> 10 | ... CL11: ='[1]December - 2022'!CO11 -> 71 | CM11: ='[1]December - 2022'!CO11 -> 71 | CN11: ='[1]December - 2022'!CQ11 -> 214383 | CO11: ='[1]December - 2022'!CR11 -> 99 | CP11: ='[1]December - 2022'!CR11 -> 99 | CQ11: ='[1]December - 2022'!CT11 -> 354160 | CR11: ='[1]December - 2022'!CU11 -> 159 | CS11: ='[1]December - 2022'!CU11 -> 159 | CT11: ='[1]December - 2022'!CW11 -> 693770 | CU11: ='[1]December - 2022'!CX11 -> 165 | CW11: ='[1]December - 2022'!CZ11 -> 8823 | CX11: ='[1]December - 2022'!DA11 -> 8 | CY11: ='[1]December - 2022'!DB11 -> 5991 | CZ11: ='[1]December - 2022'!DC11 -> 5 | DA11: ='[1]December - 2022'!DD11 -> 32038 | DB11: ='[1]December - 2022'!DE11 -> 15 | DC11: ='[1]December - 2022'!DF11 -> 32299 | DD11: ='[1]December - 2022'!DG11 -> 12 | ... DR11: ='[1]December - 2022'!DU11 -> 5 | DT11: ='[1]December - 2022'!DW11 -> 6258.4 | DU11: ='[1]December - 2022'!DX11 -> 10.9 | DV11: ='[1]December - 2022'!DY11 -> 11241.1 | DW11: ='[1]December - 2022'!DZ11 -> 8.3 | DX11: ='[1]December - 2022'!EA11 -> 4759.6 | DY11: ='[1]December - 2022'!EB11 -> 6.5 | DZ11: ='[1]December - 2022'!EC11 -> 5333.2 | EA11: ='[1]December - 2022'!ED11 -> 6.9 | ... EC11: ='[1]December - 2022'!EF11 -> 614 | ED11: ='[1]December - 2022'!EI11 -> 230853.2 | EE11: ='[1]December - 2022'!EJ11 -> 148.3 | EG11: ='[1]December - 2022'!EL11 -> 12115700 | EH11: ='[1]December - 2022'!EM11 -> 4300 | EI11: ='[1]December - 2022'!EN11 -> 932080 | EJ11: ='[1]December - 2022'!EO11 -> 290 | EK11: ='[1]December - 2022'!EP11 -> 7209300 | EL11: ='[1]December - 2022'!EQ11 -> 2100 | EM11: ='[1]December - 2022'!ER11 -> 2495100 | EN11: ='[1]December - 2022'!ES11 -> 600 | ... ER11: ='[1]December - 2022'!EW11 -> 5100 | ET11: ='[1]December - 2022'!EY11 -> 42006 | EU11: ='[1]December - 2022'!EZ11 -> 16 | EV11: ='[1]December - 2022'!FA11 -> 36721 | EW11: ='[1]December - 2022'!FB11 -> 11 | EX11: ='[1]December - 2022'!FC11 -> 7467 | EY11: ='[1]December - 2022'!FD11 -> 11 | EZ11: ='[1]December - 2022'!FE11 -> 59182 | FA11: ='[1]December - 2022'!FF11 -> 18 | ... FC11: ='[1]December - 2022'!FH11 -> 35
A12: 43833 | B12: ='[1]December - 2022'!B12 -> 0.36 | C12: ='[1]December - 2022'!E12 -> 206671 | D12: ='[1]December - 2022'!F12 -> 724 | E12: ='[1]December - 2022'!G12 -> 736 | F12: ='[1]December - 2022'!H12 -> 239006 | G12: ='[1]December - 2022'!I12 -> 431 | H12: ='[1]December - 2022'!J12 -> 453 | I12: ='[1]December - 2022'!K12 -> 6353 | J12: ='[1]December - 2022'!L12 -> 169 | K12: ='[1]December - 2022'!N12 -> 919733 | L12: ='[1]December - 2022'!O12 -> 250 | M12: ='[1]December - 2022'!Q12 -> 243484 | N12: ='[1]December - 2022'!R12 -> 113 | O12: ='[1]December - 2022'!U12 -> 115580 | P12: ='[1]December - 2022'!V12 -> 122 | Q12: ='[1]December - 2022'!W12 -> 78.41 | R12: ='[1]December - 2022'!X12 -> 6278 | S12: ='[1]December - 2022'!Y12 -> 12 | U12: ='[1]December - 2022'!AE12 -> 8133316.8 | V12: ='[1]December - 2022'!AF12 -> 2484.72 | W12: ='[1]December - 2022'!AF12 -> 2484.72 | X12: ='[1]December - 2022'!AH12 -> 15452376 | Y12: ='[1]December - 2022'!AI12 -> 4287.36 | Z12: ='[1]December - 2022'!AI12 -> 4287.36 | AA12: ='[1]December - 2022'!AK12 -> 15754245 | AB12: ='[1]December - 2022'!AL12 -> 1023.12 | AC12: ='[1]December - 2022'!AL12 -> 1023.12 | AD12: ='[1]December - 2022'!AN12 -> 18832716 | AE12: ='[1]December - 2022'!AO12 -> 11546.64 | AF12: ='[1]December - 2022'!AO12 -> 11546.64 | AG12: ='[1]December - 2022'!AQ12 -> 19166643 | AH12: ='[1]December - 2022'!AR12 -> 0 | AI12: ='[1]December - 2022'!AR12 -> 0 | AJ12: ='[1]December - 2022'!AT12 -> 17537397 | AK12: ='[1]December - 2022'!AU12 -> 5359.2 | AL12: ='[1]December - 2022'!AU12 -> 5359.2 | AM12: ='[1]December - 2022'!AW12 -> 14764937 | AN12: ='[1]December - 2022'!AX12 -> 3995.04 | AO12: ='[1]December - 2022'!AX12 -> 3995.04 | AP12: ='[1]December - 2022'!AZ12 -> 14286360 | AQ12: ='[1]December - 2022'!BA12 -> 4384.8 | AR12: ='[1]December - 2022'!BA12 -> 4384.8 | AS12: ='[1]December - 2022'!BC12 -> 11163896 | AT12: ='[1]December - 2022'!BD12 -> 3069.36 | AU12: ='[1]December - 2022'!BD12 -> 3069.36 | AV12: ='[1]December - 2022'!BF12 -> 17672693 | AW12: ='[1]December - 2022'!BG12 -> 5700.24 | AX12: ='[1]December - 2022'!BG12 -> 5700.24 | AZ12: ='[1]December - 2022'!BM12 -> 77840000 | BA12: ='[1]December - 2022'!BN12 -> 0 | BB12: ='[1]December - 2022'!BN12 -> 0 | BC12: ='[1]December - 2022'!BP12 -> 80516400 | BD12: ='[1]December - 2022'!BQ12 -> 64000 | BE12: ='[1]December - 2022'!BQ12 -> 64000 | BF12: ='[1]December - 2022'!BS12 -> 74769600 | BG12: ='[1]December - 2022'!BT12 -> 2200 | BH12: ='[1]December - 2022'!BT12 -> 2200 | BS12: ='[1]December - 2022'!BV12 -> 10193780 | BT12: ='[1]December - 2022'!BW12 -> 7350 | BV12: ='[1]December - 2022'!BY12 -> 0.7 | BW12: ='[1]December - 2022'!BZ12 -> -0.1 | BX12: ='[1]December - 2022'!BZ12 -> -0.1 | BY12: ='[1]December - 2022'!CB12 -> 64227 | BZ12: ='[1]December - 2022'!CC12 -> 18 | CA12: ='[1]December - 2022'!CD12 -> 55322 | CB12: ='[1]December - 2022'!CE12 -> 19 | CC12: ='[1]December - 2022'!CF12 -> 18715 | CD12: ='[1]December - 2022'!CG12 -> 7 | CE12: ='[1]December - 2022'!CH12 -> 25539 | CF12: ='[1]December - 2022'!CI12 -> 11 | ... CL12: ='[1]December - 2022'!CO12 -> 71 | CM12: ='[1]December - 2022'!CO12 -> 71 | CN12: ='[1]December - 2022'!CQ12 -> 214485 | CO12: ='[1]December - 2022'!CR12 -> 102 | CP12: ='[1]December - 2022'!CR12 -> 102 | CQ12: ='[1]December - 2022'!CT12 -> 354307 | CR12: ='[1]December - 2022'!CU12 -> 147 | CS12: ='[1]December - 2022'!CU12 -> 147 | CT12: ='[1]December - 2022'!CW12 -> 693935 | CU12: ='[1]December - 2022'!CX12 -> 165 | CW12: ='[1]December - 2022'!CZ12 -> 8830 | CX12: ='[1]December - 2022'!DA12 -> 7 | CY12: ='[1]December - 2022'!DB12 -> 5996 | CZ12: ='[1]December - 2022'!DC12 -> 5 | DA12: ='[1]December - 2022'!DD12 -> 32050 | DB12: ='[1]December - 2022'!DE12 -> 12 | DC12: ='[1]December - 2022'!DF12 -> 32309 | DD12: ='[1]December - 2022'!DG12 -> 10 | ... DR12: ='[1]December - 2022'!DU12 -> 6 | DT12: ='[1]December - 2022'!DW12 -> 6270.3 | DU12: ='[1]December - 2022'!DX12 -> 11.9 | DV12: ='[1]December - 2022'!DY12 -> 11248.9 | DW12: ='[1]December - 2022'!DZ12 -> 7.8 | DX12: ='[1]December - 2022'!EA12 -> 4766.3 | DY12: ='[1]December - 2022'!EB12 -> 6.7 | DZ12: ='[1]December - 2022'!EC12 -> 5341.3 | EA12: ='[1]December - 2022'!ED12 -> 8.1 | ... EC12: ='[1]December - 2022'!EF12 -> 620 | ED12: ='[1]December - 2022'!EI12 -> 231012.2 | EE12: ='[1]December - 2022'!EJ12 -> 159 | EG12: ='[1]December - 2022'!EL12 -> 12121300 | EH12: ='[1]December - 2022'!EM12 -> 5600 | EI12: ='[1]December - 2022'!EN12 -> 932350 | EJ12: ='[1]December - 2022'!EO12 -> 270 | EK12: ='[1]December - 2022'!EP12 -> 7211800 | EL12: ='[1]December - 2022'!EQ12 -> 2500 | EM12: ='[1]December - 2022'!ER12 -> 2495700 | EN12: ='[1]December - 2022'!ES12 -> 600 | ... ER12: ='[1]December - 2022'!EW12 -> 5800 | ET12: ='[1]December - 2022'!EY12 -> 42023 | EU12: ='[1]December - 2022'!EZ12 -> 17 | EV12: ='[1]December - 2022'!FA12 -> 36735 | EW12: ='[1]December - 2022'!FB12 -> 14 | EX12: ='[1]December - 2022'!FC12 -> 7477 | EY12: ='[1]December - 2022'!FD12 -> 10 | EZ12: ='[1]December - 2022'!FE12 -> 59197 | FA12: ='[1]December - 2022'!FF12 -> 15 | ... FC12: ='[1]December - 2022'!FH12 -> 33
A13: 43834 | B13: ='[1]December - 2022'!B13 -> 0.35 | C13: ='[1]December - 2022'!E13 -> 207335 | D13: ='[1]December - 2022'!F13 -> 664 | E13: ='[1]December - 2022'!G13 -> 767 | F13: ='[1]December - 2022'!H13 -> 239417 | G13: ='[1]December - 2022'!I13 -> 411 | H13: ='[1]December - 2022'!J13 -> 455 | I13: ='[1]December - 2022'!K13 -> 6515 | J13: ='[1]December - 2022'!L13 -> 162 | K13: ='[1]December - 2022'!N13 -> 919981 | L13: ='[1]December - 2022'!O13 -> 248 | M13: ='[1]December - 2022'!Q13 -> 243560 | N13: ='[1]December - 2022'!R13 -> 76 | O13: ='[1]December - 2022'!U13 -> 115696 | P13: ='[1]December - 2022'!V13 -> 116 | Q13: ='[1]December - 2022'!W13 -> 111.76 | R13: ='[1]December - 2022'!X13 -> 6288 | S13: ='[1]December - 2022'!Y13 -> 10 | U13: ='[1]December - 2022'!AE13 -> 8135899 | V13: ='[1]December - 2022'!AF13 -> 2582.16 | W13: ='[1]December - 2022'!AF13 -> 2582.16 | X13: ='[1]December - 2022'!AH13 -> 15456858 | Y13: ='[1]December - 2022'!AI13 -> 4482.24 | Z13: ='[1]December - 2022'!AI13 -> 4482.24 | AA13: ='[1]December - 2022'!AK13 -> 15755171 | AB13: ='[1]December - 2022'!AL13 -> 925.68 | AC13: ='[1]December - 2022'!AL13 -> 925.68 | AD13: ='[1]December - 2022'!AN13 -> 18844263 | AE13: ='[1]December - 2022'!AO13 -> 11546.64 | AF13: ='[1]December - 2022'!AO13 -> 11546.64 | AG13: ='[1]December - 2022'!AQ13 -> 19166643 | AH13: ='[1]December - 2022'!AR13 -> 0 | AI13: ='[1]December - 2022'!AR13 -> 0 | AJ13: ='[1]December - 2022'!AT13 -> 17543098 | AK13: ='[1]December - 2022'!AU13 -> 5700.24 | AL13: ='[1]December - 2022'!AU13 -> 5700.24 | AM13: ='[1]December - 2022'!AW13 -> 14769078 | AN13: ='[1]December - 2022'!AX13 -> 4141.2 | AO13: ='[1]December - 2022'!AX13 -> 4141.2 | AP13: ='[1]December - 2022'!AZ13 -> 14290794 | AQ13: ='[1]December - 2022'!BA13 -> 4433.52 | AR13: ='[1]December - 2022'!BA13 -> 4433.52 | AS13: ='[1]December - 2022'!BC13 -> 11166965 | AT13: ='[1]December - 2022'!BD13 -> 3069.36 | AU13: ='[1]December - 2022'!BD13 -> 3069.36 | AV13: ='[1]December - 2022'!BF13 -> 17678490 | AW13: ='[1]December - 2022'!BG13 -> 5797.68 | AX13: ='[1]December - 2022'!BG13 -> 5797.68 | AZ13: ='[1]December - 2022'!BM13 -> 77840000 | BA13: ='[1]December - 2022'!BN13 -> 0 | BB13: ='[1]December - 2022'!BN13 -> 0 | BC13: ='[1]December - 2022'!BP13 -> 80580000 | BD13: ='[1]December - 2022'!BQ13 -> 63600 | BE13: ='[1]December - 2022'!BQ13 -> 63600 | BF13: ='[1]December - 2022'!BS13 -> 74769600 | BG13: ='[1]December - 2022'!BT13 -> 0 | BH13: ='[1]December - 2022'!BT13 -> 0 | BS13: ='[1]December - 2022'!BV13 -> 10200980 | BT13: ='[1]December - 2022'!BW13 -> 7200 | BV13: ='[1]December - 2022'!BY13 -> 0.84 | BW13: ='[1]December - 2022'!BZ13 -> -0.14 | BX13: ='[1]December - 2022'!BZ13 -> -0.14 | BY13: ='[1]December - 2022'!CB13 -> 64246 | BZ13: ='[1]December - 2022'!CC13 -> 19 | CA13: ='[1]December - 2022'!CD13 -> 55342 | CB13: ='[1]December - 2022'!CE13 -> 20 | CC13: ='[1]December - 2022'!CF13 -> 18720 | CD13: ='[1]December - 2022'!CG13 -> 5 | CE13: ='[1]December - 2022'!CH13 -> 25548 | CF13: ='[1]December - 2022'!CI13 -> 9 | ... CL13: ='[1]December - 2022'!CO13 -> 73 | CM13: ='[1]December - 2022'!CO13 -> 73 | CN13: ='[1]December - 2022'!CQ13 -> 214589 | CO13: ='[1]December - 2022'!CR13 -> 104 | CP13: ='[1]December - 2022'!CR13 -> 104 | CQ13: ='[1]December - 2022'!CT13 -> 354483 | CR13: ='[1]December - 2022'!CU13 -> 176 | CS13: ='[1]December - 2022'!CU13 -> 176 | CT13: ='[1]December - 2022'!CW13 -> 694105 | CU13: ='[1]December - 2022'!CX13 -> 170 | CW13: ='[1]December - 2022'!CZ13 -> 8838 | CX13: ='[1]December - 2022'!DA13 -> 8 | CY13: ='[1]December - 2022'!DB13 -> 6000 | CZ13: ='[1]December - 2022'!DC13 -> 4 | DA13: ='[1]December - 2022'!DD13 -> 32072 | DB13: ='[1]December - 2022'!DE13 -> 22 | DC13: ='[1]December - 2022'!DF13 -> 32325 | DD13: ='[1]December - 2022'!DG13 -> 16 | ... DR13: ='[1]December - 2022'!DU13 -> 5 | DT13: ='[1]December - 2022'!DW13 -> 6280.9 | DU13: ='[1]December - 2022'!DX13 -> 10.6 | DV13: ='[1]December - 2022'!DY13 -> 11256.5 | DW13: ='[1]December - 2022'!DZ13 -> 7.6 | DX13: ='[1]December - 2022'!EA13 -> 4772.8 | DY13: ='[1]December - 2022'!EB13 -> 6.5 | DZ13: ='[1]December - 2022'!EC13 -> 5348.7 | EA13: ='[1]December - 2022'!ED13 -> 7.4 | ... EC13: ='[1]December - 2022'!EF13 -> 550 | ED13: ='[1]December - 2022'!EI13 -> 231160.5 | EE13: ='[1]December - 2022'!EJ13 -> 148.3 | EG13: ='[1]December - 2022'!EL13 -> 12126000 | EH13: ='[1]December - 2022'!EM13 -> 4700 | EI13: ='[1]December - 2022'!EN13 -> 932630 | EJ13: ='[1]December - 2022'!EO13 -> 280 | EK13: ='[1]December - 2022'!EP13 -> 7214000 | EL13: ='[1]December - 2022'!EQ13 -> 2200 | EM13: ='[1]December - 2022'!ER13 -> 2496300 | EN13: ='[1]December - 2022'!ES13 -> 600 | ... ER13: ='[1]December - 2022'!EW13 -> 4700 | ET13: ='[1]December - 2022'!EY13 -> 42039 | EU13: ='[1]December - 2022'!EZ13 -> 16 | EV13: ='[1]December - 2022'!FA13 -> 36746 | EW13: ='[1]December - 2022'!FB13 -> 11 | EX13: ='[1]December - 2022'!FC13 -> 7487 | EY13: ='[1]December - 2022'!FD13 -> 10 | EZ13: ='[1]December - 2022'!FE13 -> 59210 | FA13: ='[1]December - 2022'!FF13 -> 13 | ... FC13: ='[1]December - 2022'!FH13 -> 27
A14: 43835 | B14: ='[1]December - 2022'!B14 -> 0.41 | C14: ='[1]December - 2022'!E14 -> 208004 | D14: ='[1]December - 2022'!F14 -> 669 | E14: ='[1]December - 2022'!G14 -> 714 | F14: ='[1]December - 2022'!H14 -> 239769 | G14: ='[1]December - 2022'!I14 -> 352 | H14: ='[1]December - 2022'!J14 -> 445 | I14: ='[1]December - 2022'!K14 -> 6653 | J14: ='[1]December - 2022'!L14 -> 138 | K14: ='[1]December - 2022'!N14 -> 920252 | L14: ='[1]December - 2022'!O14 -> 271 | M14: ='[1]December - 2022'!Q14 -> 243714 | N14: ='[1]December - 2022'!R14 -> 154 | O14: ='[1]December - 2022'!U14 -> 115816 | P14: ='[1]December - 2022'!V14 -> 120 | Q14: ='[1]December - 2022'!W14 -> 83.08 | R14: ='[1]December - 2022'!X14 -> 6306 | S14: ='[1]December - 2022'!Y14 -> 18 | U14: ='[1]December - 2022'!AE14 -> 8138383.7 | V14: ='[1]December - 2022'!AF14 -> 2484.72 | W14: ='[1]December - 2022'!AF14 -> 2484.72 | X14: ='[1]December - 2022'!AH14 -> 15461487 | Y14: ='[1]December - 2022'!AI14 -> 4628.4 | Z14: ='[1]December - 2022'!AI14 -> 4628.4 | AA14: ='[1]December - 2022'!AK14 -> 15756048 | AB14: ='[1]December - 2022'!AL14 -> 876.96 | AC14: ='[1]December - 2022'!AL14 -> 876.96 | AD14: ='[1]December - 2022'!AN14 -> 18855468 | AE14: ='[1]December - 2022'!AO14 -> 11205.6 | AF14: ='[1]December - 2022'!AO14 -> 11205.6 | AG14: ='[1]December - 2022'!AQ14 -> 19166643 | AH14: ='[1]December - 2022'!AR14 -> 0 | AI14: ='[1]December - 2022'!AR14 -> 0 | AJ14: ='[1]December - 2022'!AT14 -> 17548798 | AK14: ='[1]December - 2022'!AU14 -> 5700.24 | AL14: ='[1]December - 2022'!AU14 -> 5700.24 | AM14: ='[1]December - 2022'!AW14 -> 14773268 | AN14: ='[1]December - 2022'!AX14 -> 4189.92 | AO14: ='[1]December - 2022'!AX14 -> 4189.92 | AP14: ='[1]December - 2022'!AZ14 -> 14295130 | AQ14: ='[1]December - 2022'!BA14 -> 4336.08 | AR14: ='[1]December - 2022'!BA14 -> 4336.08 | AS14: ='[1]December - 2022'!BC14 -> 11169986 | AT14: ='[1]December - 2022'!BD14 -> 3020.64 | AU14: ='[1]December - 2022'!BD14 -> 3020.64 | AV14: ='[1]December - 2022'!BF14 -> 17684191 | AW14: ='[1]December - 2022'!BG14 -> 5700.24 | AX14: ='[1]December - 2022'!BG14 -> 5700.24 | AZ14: ='[1]December - 2022'!BM14 -> 77840000 | BA14: ='[1]December - 2022'!BN14 -> 0 | BB14: ='[1]December - 2022'!BN14 -> 0 | BC14: ='[1]December - 2022'!BP14 -> 80642700 | BD14: ='[1]December - 2022'!BQ14 -> 62700 | BE14: ='[1]December - 2022'!BQ14 -> 62700 | BF14: ='[1]December - 2022'!BS14 -> 74769600 | BG14: ='[1]December - 2022'!BT14 -> 0 | BH14: ='[1]December - 2022'!BT14 -> 0 | BS14: ='[1]December - 2022'!BV14 -> 10207430 | BT14: ='[1]December - 2022'!BW14 -> 6450 | BV14: ='[1]December - 2022'!BY14 -> 0.77 | BW14: ='[1]December - 2022'!BZ14 -> 0.07 | BX14: ='[1]December - 2022'!BZ14 -> 0.07 | BY14: ='[1]December - 2022'!CB14 -> 64264 | BZ14: ='[1]December - 2022'!CC14 -> 18 | CA14: ='[1]December - 2022'!CD14 -> 55361 | CB14: ='[1]December - 2022'!CE14 -> 19 | CC14: ='[1]December - 2022'!CF14 -> 18727 | CD14: ='[1]December - 2022'!CG14 -> 7 | CE14: ='[1]December - 2022'!CH14 -> 25559 | CF14: ='[1]December - 2022'!CI14 -> 11 | ... CL14: ='[1]December - 2022'!CO14 -> 71 | CM14: ='[1]December - 2022'!CO14 -> 71 | CN14: ='[1]December - 2022'!CQ14 -> 214688 | CO14: ='[1]December - 2022'!CR14 -> 99 | CP14: ='[1]December - 2022'!CR14 -> 99 | CQ14: ='[1]December - 2022'!CT14 -> 354650 | CR14: ='[1]December - 2022'!CU14 -> 167 | CS14: ='[1]December - 2022'!CU14 -> 167 | CT14: ='[1]December - 2022'!CW14 -> 694269 | CU14: ='[1]December - 2022'!CX14 -> 164 | CW14: ='[1]December - 2022'!CZ14 -> 8843 | CX14: ='[1]December - 2022'!DA14 -> 5 | CY14: ='[1]December - 2022'!DB14 -> 6005 | CZ14: ='[1]December - 2022'!DC14 -> 5 | DA14: ='[1]December - 2022'!DD14 -> 32085 | DB14: ='[1]December - 2022'!DE14 -> 13 | DC14: ='[1]December - 2022'!DF14 -> 32337 | DD14: ='[1]December - 2022'!DG14 -> 12 | ... DR14: ='[1]December - 2022'!DU14 -> 6 | DT14: ='[1]December - 2022'!DW14 -> 6291.6 | DU14: ='[1]December - 2022'!DX14 -> 10.7 | DV14: ='[1]December - 2022'!DY14 -> 11264.3 | DW14: ='[1]December - 2022'!DZ14 -> 7.8 | DX14: ='[1]December - 2022'!EA14 -> 4779.1 | DY14: ='[1]December - 2022'!EB14 -> 6.3 | DZ14: ='[1]December - 2022'!EC14 -> 5355.3 | EA14: ='[1]December - 2022'!ED14 -> 6.6 | ... EC14: ='[1]December - 2022'!EF14 -> 562 | ED14: ='[1]December - 2022'!EI14 -> 231311.6 | EE14: ='[1]December - 2022'!EJ14 -> 151.1 | EG14: ='[1]December - 2022'!EL14 -> 12130900 | EH14: ='[1]December - 2022'!EM14 -> 4900 | EI14: ='[1]December - 2022'!EN14 -> 932910 | EJ14: ='[1]December - 2022'!EO14 -> 280 | EK14: ='[1]December - 2022'!EP14 -> 7216300 | EL14: ='[1]December - 2022'!EQ14 -> 2300 | EM14: ='[1]December - 2022'!ER14 -> 2496900 | EN14: ='[1]December - 2022'!ES14 -> 600 | ... ER14: ='[1]December - 2022'!EW14 -> 4500 | ET14: ='[1]December - 2022'!EY14 -> 42055 | EU14: ='[1]December - 2022'!EZ14 -> 16 | EV14: ='[1]December - 2022'!FA14 -> 36757 | EW14: ='[1]December - 2022'!FB14 -> 11 | EX14: ='[1]December - 2022'!FC14 -> 7497 | EY14: ='[1]December - 2022'!FD14 -> 10 | EZ14: ='[1]December - 2022'!FE14 -> 59222 | FA14: ='[1]December - 2022'!FF14 -> 12 | ... FC14: ='[1]December - 2022'!FH14 -> 33
A15: 43836 | B15: ='[1]December - 2022'!B15 -> 0.47 | C15: ='[1]December - 2022'!E15 -> 208681 | D15: ='[1]December - 2022'!F15 -> 677 | E15: ='[1]December - 2022'!G15 -> 728 | F15: ='[1]December - 2022'!H15 -> 240169 | G15: ='[1]December - 2022'!I15 -> 400 | H15: ='[1]December - 2022'!J15 -> 402 | I15: ='[1]December - 2022'!K15 -> 6790 | J15: ='[1]December - 2022'!L15 -> 137 | K15: ='[1]December - 2022'!N15 -> 920512 | L15: ='[1]December - 2022'!O15 -> 260 | M15: ='[1]December - 2022'!Q15 -> 243833 | N15: ='[1]December - 2022'!R15 -> 119 | O15: ='[1]December - 2022'!U15 -> 115932 | P15: ='[1]December - 2022'!V15 -> 116 | Q15: ='[1]December - 2022'!W15 -> 82.79 | R15: ='[1]December - 2022'!X15 -> 6314 | S15: ='[1]December - 2022'!Y15 -> 8 | U15: ='[1]December - 2022'!AE15 -> 8140917.1 | V15: ='[1]December - 2022'!AF15 -> 2533.44 | W15: ='[1]December - 2022'!AF15 -> 2533.44 | X15: ='[1]December - 2022'!AH15 -> 15466018 | Y15: ='[1]December - 2022'!AI15 -> 4530.96 | Z15: ='[1]December - 2022'!AI15 -> 4530.96 | AA15: ='[1]December - 2022'!AK15 -> 15756925 | AB15: ='[1]December - 2022'!AL15 -> 876.96 | AC15: ='[1]December - 2022'!AL15 -> 876.96 | AD15: ='[1]December - 2022'!AN15 -> 18866430 | AE15: ='[1]December - 2022'!AO15 -> 10962 | AF15: ='[1]December - 2022'!AO15 -> 10962 | AG15: ='[1]December - 2022'!AQ15 -> 19166643 | AH15: ='[1]December - 2022'!AR15 -> 0 | AI15: ='[1]December - 2022'!AR15 -> 0 | AJ15: ='[1]December - 2022'!AT15 -> 17554254 | AK15: ='[1]December - 2022'!AU15 -> 5456.64 | AL15: ='[1]December - 2022'!AU15 -> 5456.64 | AM15: ='[1]December - 2022'!AW15 -> 14777409 | AN15: ='[1]December - 2022'!AX15 -> 4141.2 | AO15: ='[1]December - 2022'!AX15 -> 4141.2 | AP15: ='[1]December - 2022'!AZ15 -> 14299564 | AQ15: ='[1]December - 2022'!BA15 -> 4433.52 | AR15: ='[1]December - 2022'!BA15 -> 4433.52 | AS15: ='[1]December - 2022'!BC15 -> 11173299 | AT15: ='[1]December - 2022'!BD15 -> 3312.96 | AU15: ='[1]December - 2022'!BD15 -> 3312.96 | AV15: ='[1]December - 2022'!BF15 -> 17689745 | AW15: ='[1]December - 2022'!BG15 -> 5554.08 | AX15: ='[1]December - 2022'!BG15 -> 5554.08 | AZ15: ='[1]December - 2022'!BM15 -> 77840000 | BA15: ='[1]December - 2022'!BN15 -> 0 | BB15: ='[1]December - 2022'!BN15 -> 0 | BC15: ='[1]December - 2022'!BP15 -> 80706400 | BD15: ='[1]December - 2022'!BQ15 -> 63700 | BE15: ='[1]December - 2022'!BQ15 -> 63700 | BF15: ='[1]December - 2022'!BS15 -> 74769600 | BG15: ='[1]December - 2022'!BT15 -> 0 | BH15: ='[1]December - 2022'!BT15 -> 0 | BS15: ='[1]December - 2022'!BV15 -> 10214370 | BT15: ='[1]December - 2022'!BW15 -> 6940 | BV15: ='[1]December - 2022'!BY15 -> 0.69 | BW15: ='[1]December - 2022'!BZ15 -> 0.08 | BX15: ='[1]December - 2022'!BZ15 -> 0.08 | BY15: ='[1]December - 2022'!CB15 -> 64283 | BZ15: ='[1]December - 2022'!CC15 -> 19 | CA15: ='[1]December - 2022'!CD15 -> 55379 | CB15: ='[1]December - 2022'!CE15 -> 18 | CC15: ='[1]December - 2022'!CF15 -> 18734 | CD15: ='[1]December - 2022'!CG15 -> 7 | CE15: ='[1]December - 2022'!CH15 -> 25570 | CF15: ='[1]December - 2022'!CI15 -> 11 | ... CL15: ='[1]December - 2022'!CO15 -> 71 | CM15: ='[1]December - 2022'!CO15 -> 71 | CN15: ='[1]December - 2022'!CQ15 -> 214790 | CO15: ='[1]December - 2022'!CR15 -> 102 | CP15: ='[1]December - 2022'!CR15 -> 102 | CQ15: ='[1]December - 2022'!CT15 -> 354809 | CR15: ='[1]December - 2022'!CU15 -> 159 | CS15: ='[1]December - 2022'!CU15 -> 159 | CT15: ='[1]December - 2022'!CW15 -> 694434 | CU15: ='[1]December - 2022'!CX15 -> 165 | CW15: ='[1]December - 2022'!CZ15 -> 8849 | CX15: ='[1]December - 2022'!DA15 -> 6 | CY15: ='[1]December - 2022'!DB15 -> 6007 | CZ15: ='[1]December - 2022'!DC15 -> 2 | DA15: ='[1]December - 2022'!DD15 -> 32099 | DB15: ='[1]December - 2022'!DE15 -> 14 | DC15: ='[1]December - 2022'!DF15 -> 32351 | DD15: ='[1]December - 2022'!DG15 -> 14 | ... DR15: ='[1]December - 2022'!DU15 -> 7 | DT15: ='[1]December - 2022'!DW15 -> 6302.5 | DU15: ='[1]December - 2022'!DX15 -> 10.9 | DV15: ='[1]December - 2022'!DY15 -> 11271.6 | DW15: ='[1]December - 2022'!DZ15 -> 7.3 | DX15: ='[1]December - 2022'!EA15 -> 4785.5 | DY15: ='[1]December - 2022'!EB15 -> 6.4 | DZ15: ='[1]December - 2022'!EC15 -> 5361.7 | EA15: ='[1]December - 2022'!ED15 -> 6.4 | ... EC15: ='[1]December - 2022'!EF15 -> 561 | ED15: ='[1]December - 2022'!EI15 -> 231462.7 | EE15: ='[1]December - 2022'!EJ15 -> 151.1 | EG15: ='[1]December - 2022'!EL15 -> 12135200 | EH15: ='[1]December - 2022'!EM15 -> 4300 | EI15: ='[1]December - 2022'!EN15 -> 933180 | EJ15: ='[1]December - 2022'!EO15 -> 270 | EK15: ='[1]December - 2022'!EP15 -> 7218500 | EL15: ='[1]December - 2022'!EQ15 -> 2200 | EM15: ='[1]December - 2022'!ER15 -> 2497400 | EN15: ='[1]December - 2022'!ES15 -> 500 | ... ER15: ='[1]December - 2022'!EW15 -> 4300 | ET15: ='[1]December - 2022'!EY15 -> 42071 | EU15: ='[1]December - 2022'!EZ15 -> 16 | EV15: ='[1]December - 2022'!FA15 -> 36767 | EW15: ='[1]December - 2022'!FB15 -> 10 | EX15: ='[1]December - 2022'!FC15 -> 7504 | EY15: ='[1]December - 2022'!FD15 -> 7 | EZ15: ='[1]December - 2022'!FE15 -> 59232 | FA15: ='[1]December - 2022'!FF15 -> 10 | ... FC15: ='[1]December - 2022'!FH15 -> 29
A16: 43837 | B16: ='[1]December - 2022'!B16 -> 0.55 | C16: ='[1]December - 2022'!E16 -> 209352 | D16: ='[1]December - 2022'!F16 -> 671 | E16: ='[1]December - 2022'!G16 -> 705 | F16: ='[1]December - 2022'!H16 -> 240563 | G16: ='[1]December - 2022'!I16 -> 394 | H16: ='[1]December - 2022'!J16 -> 427 | I16: ='[1]December - 2022'!K16 -> 6923 | J16: ='[1]December - 2022'!L16 -> 133 | K16: ='[1]December - 2022'!N16 -> 920763 | L16: ='[1]December - 2022'!O16 -> 251 | M16: ='[1]December - 2022'!Q16 -> 243950 | N16: ='[1]December - 2022'!R16 -> 117 | O16: ='[1]December - 2022'!U16 -> 116043 | P16: ='[1]December - 2022'!V16 -> 111 | Q16: ='[1]December - 2022'!W16 -> 83.1 | R16: ='[1]December - 2022'!X16 -> 6327 | S16: ='[1]December - 2022'!Y16 -> 13 | U16: ='[1]December - 2022'!AE16 -> 8143548 | V16: ='[1]December - 2022'!AF16 -> 2630.88 | W16: ='[1]December - 2022'!AF16 -> 2630.88 | X16: ='[1]December - 2022'!AH16 -> 15470549 | Y16: ='[1]December - 2022'!AI16 -> 4530.96 | Z16: ='[1]December - 2022'!AI16 -> 4530.96 | AA16: ='[1]December - 2022'!AK16 -> 15757802 | AB16: ='[1]December - 2022'!AL16 -> 876.96 | AC16: ='[1]December - 2022'!AL16 -> 876.96 | AD16: ='[1]December - 2022'!AN16 -> 18877100 | AE16: ='[1]December - 2022'!AO16 -> 10669.68 | AF16: ='[1]December - 2022'!AO16 -> 10669.68 | AG16: ='[1]December - 2022'!AQ16 -> 19166643 | AH16: ='[1]December - 2022'!AR16 -> 0 | AI16: ='[1]December - 2022'!AR16 -> 0 | AJ16: ='[1]December - 2022'!AT16 -> 17559857 | AK16: ='[1]December - 2022'!AU16 -> 5602.8 | AL16: ='[1]December - 2022'!AU16 -> 5602.8 | AM16: ='[1]December - 2022'!AW16 -> 14781794 | AN16: ='[1]December - 2022'!AX16 -> 4384.8 | AO16: ='[1]December - 2022'!AX16 -> 4384.8 | AP16: ='[1]December - 2022'!AZ16 -> 14303900 | AQ16: ='[1]December - 2022'!BA16 -> 4336.08 | AR16: ='[1]December - 2022'!BA16 -> 4336.08 | AS16: ='[1]December - 2022'!BC16 -> 11176563 | AT16: ='[1]December - 2022'!BD16 -> 3264.24 | AU16: ='[1]December - 2022'!BD16 -> 3264.24 | AV16: ='[1]December - 2022'!BF16 -> 17695445 | AW16: ='[1]December - 2022'!BG16 -> 5700.24 | AX16: ='[1]December - 2022'!BG16 -> 5700.24 | AZ16: ='[1]December - 2022'!BM16 -> 77840000 | BA16: ='[1]December - 2022'!BN16 -> 0 | BB16: ='[1]December - 2022'!BN16 -> 0 | BC16: ='[1]December - 2022'!BP16 -> 80764100 | BD16: ='[1]December - 2022'!BQ16 -> 57700 | BE16: ='[1]December - 2022'!BQ16 -> 57700 | BF16: ='[1]December - 2022'!BS16 -> 74769600 | BG16: ='[1]December - 2022'!BT16 -> 0 | BH16: ='[1]December - 2022'!BT16 -> 0 | BS16: ='[1]December - 2022'!BV16 -> 10219540 | BT16: ='[1]December - 2022'!BW16 -> 5170 | BV16: ='[1]December - 2022'!BY16 -> 0.63 | BW16: ='[1]December - 2022'!BZ16 -> 0.06 | BX16: ='[1]December - 2022'!BZ16 -> 0.06 | BY16: ='[1]December - 2022'!CB16 -> 64303 | BZ16: ='[1]December - 2022'!CC16 -> 20 | CA16: ='[1]December - 2022'!CD16 -> 55398 | CB16: ='[1]December - 2022'!CE16 -> 19 | CC16: ='[1]December - 2022'!CF16 -> 18741 | CD16: ='[1]December - 2022'!CG16 -> 7 | CE16: ='[1]December - 2022'!CH16 -> 25579 | CF16: ='[1]December - 2022'!CI16 -> 9 | ... CL16: ='[1]December - 2022'!CO16 -> 70 | CM16: ='[1]December - 2022'!CO16 -> 70 | CN16: ='[1]December - 2022'!CQ16 -> 214890 | CO16: ='[1]December - 2022'!CR16 -> 100 | CP16: ='[1]December - 2022'!CR16 -> 100 | CQ16: ='[1]December - 2022'!CT16 -> 354998 | CR16: ='[1]December - 2022'!CU16 -> 189 | CS16: ='[1]December - 2022'!CU16 -> 189 | CT16: ='[1]December - 2022'!CW16 -> 694598 | CU16: ='[1]December - 2022'!CX16 -> 164 | CW16: ='[1]December - 2022'!CZ16 -> 8858 | CX16: ='[1]December - 2022'!DA16 -> 9 | CY16: ='[1]December - 2022'!DB16 -> 6014 | CZ16: ='[1]December - 2022'!DC16 -> 7 | DA16: ='[1]December - 2022'!DD16 -> 32114 | DB16: ='[1]December - 2022'!DE16 -> 15 | DC16: ='[1]December - 2022'!DF16 -> 32363 | DD16: ='[1]December - 2022'!DG16 -> 12 | ... DR16: ='[1]December - 2022'!DU16 -> 6 | DT16: ='[1]December - 2022'!DW16 -> 6314 | DU16: ='[1]December - 2022'!DX16 -> 11.5 | DV16: ='[1]December - 2022'!DY16 -> 11279.5 | DW16: ='[1]December - 2022'!DZ16 -> 7.9 | DX16: ='[1]December - 2022'!EA16 -> 4792 | DY16: ='[1]December - 2022'!EB16 -> 6.5 | DZ16: ='[1]December - 2022'!EC16 -> 5367.4 | EA16: ='[1]December - 2022'!ED16 -> 5.7 | ... EC16: ='[1]December - 2022'!EF16 -> 540 | ED16: ='[1]December - 2022'!EI16 -> 231616 | EE16: ='[1]December - 2022'!EJ16 -> 153.3 | EG16: ='[1]December - 2022'!EL16 -> 12139300 | EH16: ='[1]December - 2022'!EM16 -> 4100 | EI16: ='[1]December - 2022'!EN16 -> 933450 | EJ16: ='[1]December - 2022'!EO16 -> 270 | EK16: ='[1]December - 2022'!EP16 -> 7220500 | EL16: ='[1]December - 2022'!EQ16 -> 2000 | EM16: ='[1]December - 2022'!ER16 -> 2497700 | EN16: ='[1]December - 2022'!ES16 -> 300 | ... ER16: ='[1]December - 2022'!EW16 -> 4700 | ET16: ='[1]December - 2022'!EY16 -> 42086 | EU16: ='[1]December - 2022'!EZ16 -> 15 | EV16: ='[1]December - 2022'!FA16 -> 36779 | EW16: ='[1]December - 2022'!FB16 -> 12 | EX16: ='[1]December - 2022'!FC16 -> 7512 | EY16: ='[1]December - 2022'!FD16 -> 8 | EZ16: ='[1]December - 2022'!FE16 -> 59247 | FA16: ='[1]December - 2022'!FF16 -> 15 | ... FC16: ='[1]December - 2022'!FH16 -> 32
A17: 43838 | B17: ='[1]December - 2022'!B17 -> 0.61 | C17: ='[1]December - 2022'!E17 -> 210127 | D17: ='[1]December - 2022'!F17 -> 775 | E17: ='[1]December - 2022'!G17 -> 760 | F17: ='[1]December - 2022'!H17 -> 241001 | G17: ='[1]December - 2022'!I17 -> 438 | H17: ='[1]December - 2022'!J17 -> 433 | I17: ='[1]December - 2022'!K17 -> 7072 | J17: ='[1]December - 2022'!L17 -> 149 | K17: ='[1]December - 2022'!N17 -> 921036 | L17: ='[1]December - 2022'!O17 -> 273 | M17: ='[1]December - 2022'!Q17 -> 244102 | N17: ='[1]December - 2022'!R17 -> 152 | O17: ='[1]December - 2022'!U17 -> 116162 | P17: ='[1]December - 2022'!V17 -> 119 | Q17: ='[1]December - 2022'!W17 -> 85.43 | R17: ='[1]December - 2022'!X17 -> 6337 | S17: ='[1]December - 2022'!Y17 -> 10 | U17: ='[1]December - 2022'!AE17 -> 8146471.2 | V17: ='[1]December - 2022'!AF17 -> 2923.2 | W17: ='[1]December - 2022'!AF17 -> 2923.2 | X17: ='[1]December - 2022'!AH17 -> 15475518 | Y17: ='[1]December - 2022'!AI17 -> 4969.44 | Z17: ='[1]December - 2022'!AI17 -> 4969.44 | AA17: ='[1]December - 2022'!AK17 -> 15759069 | AB17: ='[1]December - 2022'!AL17 -> 1266.72 | AC17: ='[1]December - 2022'!AL17 -> 1266.72 | AD17: ='[1]December - 2022'!AN17 -> 18889377 | AE17: ='[1]December - 2022'!AO17 -> 12277.44 | AF17: ='[1]December - 2022'!AO17 -> 12277.44 | AG17: ='[1]December - 2022'!AQ17 -> 19166935 | AH17: ='[1]December - 2022'!AR17 -> 292.32 | AI17: ='[1]December - 2022'!AR17 -> 292.32 | AJ17: ='[1]December - 2022'!AT17 -> 17566045 | AK17: ='[1]December - 2022'!AU17 -> 6187.44 | AL17: ='[1]December - 2022'!AU17 -> 6187.44 | AM17: ='[1]December - 2022'!AW17 -> 14786569 | AN17: ='[1]December - 2022'!AX17 -> 4774.56 | AO17: ='[1]December - 2022'!AX17 -> 4774.56 | AP17: ='[1]December - 2022'!AZ17 -> 14308772 | AQ17: ='[1]December - 2022'!BA17 -> 4872 | AR17: ='[1]December - 2022'!BA17 -> 4872 | AS17: ='[1]December - 2022'!BC17 -> 11180168 | AT17: ='[1]December - 2022'!BD17 -> 3605.28 | AU17: ='[1]December - 2022'!BD17 -> 3605.28 | AV17: ='[1]December - 2022'!BF17 -> 17701632 | AW17: ='[1]December - 2022'!BG17 -> 6187.44 | AX17: ='[1]December - 2022'!BG17 -> 6187.44 | AZ17: ='[1]December - 2022'!BM17 -> 77840800 | BA17: ='[1]December - 2022'!BN17 -> 800 | BB17: ='[1]December - 2022'!BN17 -> 800 | BC17: ='[1]December - 2022'!BP17 -> 80826000 | BD17: ='[1]December - 2022'!BQ17 -> 61900 | BE17: ='[1]December - 2022'!BQ17 -> 61900 | BF17: ='[1]December - 2022'!BS17 -> 74770900 | BG17: ='[1]December - 2022'!BT17 -> 1300 | BH17: ='[1]December - 2022'!BT17 -> 1300 | BS17: ='[1]December - 2022'!BV17 -> 10225400 | BT17: ='[1]December - 2022'!BW17 -> 5860 | BV17: ='[1]December - 2022'!BY17 -> 0.66 | BW17: ='[1]December - 2022'!BZ17 -> -0.03 | BX17: ='[1]December - 2022'!BZ17 -> -0.03 | BY17: ='[1]December - 2022'!CB17 -> 64321 | BZ17: ='[1]December - 2022'!CC17 -> 18 | CA17: ='[1]December - 2022'!CD17 -> 55419 | CB17: ='[1]December - 2022'!CE17 -> 21 | CC17: ='[1]December - 2022'!CF17 -> 18747 | CD17: ='[1]December - 2022'!CG17 -> 6 | CE17: ='[1]December - 2022'!CH17 -> 25591 | CF17: ='[1]December - 2022'!CI17 -> 12 | ... CL17: ='[1]December - 2022'!CO17 -> 76 | CM17: ='[1]December - 2022'!CO17 -> 76 | CN17: ='[1]December - 2022'!CQ17 -> 215001 | CO17: ='[1]December - 2022'!CR17 -> 111 | CP17: ='[1]December - 2022'!CR17 -> 111 | CQ17: ='[1]December - 2022'!CT17 -> 355195 | CR17: ='[1]December - 2022'!CU17 -> 197 | CS17: ='[1]December - 2022'!CU17 -> 197 | CT17: ='[1]December - 2022'!CW17 -> 694774 | CU17: ='[1]December - 2022'!CX17 -> 176 | CW17: ='[1]December - 2022'!CZ17 -> 8867 | CX17: ='[1]December - 2022'!DA17 -> 9 | CY17: ='[1]December - 2022'!DB17 -> 6019 | CZ17: ='[1]December - 2022'!DC17 -> 5 | DA17: ='[1]December - 2022'!DD17 -> 32125 | DB17: ='[1]December - 2022'!DE17 -> 11 | DC17: ='[1]December - 2022'!DF17 -> 32377 | DD17: ='[1]December - 2022'!DG17 -> 14 | ... DR17: ='[1]December - 2022'!DU17 -> 10 | DT17: ='[1]December - 2022'!DW17 -> 6326 | DU17: ='[1]December - 2022'!DX17 -> 12 | DV17: ='[1]December - 2022'!DY17 -> 11288.4 | DW17: ='[1]December - 2022'!DZ17 -> 8.9 | DX17: ='[1]December - 2022'!EA17 -> 4799 | DY17: ='[1]December - 2022'!EB17 -> 7 | DZ17: ='[1]December - 2022'!EC17 -> 5374.3 | EA17: ='[1]December - 2022'!ED17 -> 6.9 | ... EC17: ='[1]December - 2022'!EF17 -> 571 | ED17: ='[1]December - 2022'!EI17 -> 231780.2 | EE17: ='[1]December - 2022'!EJ17 -> 164.2 | EG17: ='[1]December - 2022'!EL17 -> 12143800 | EH17: ='[1]December - 2022'!EM17 -> 4500 | EI17: ='[1]December - 2022'!EN17 -> 933740 | EJ17: ='[1]December - 2022'!EO17 -> 290 | EK17: ='[1]December - 2022'!EP17 -> 7222900 | EL17: ='[1]December - 2022'!EQ17 -> 2400 | EM17: ='[1]December - 2022'!ER17 -> 2498100 | EN17: ='[1]December - 2022'!ES17 -> 400 | ... ER17: ='[1]December - 2022'!EW17 -> 5400 | ET17: ='[1]December - 2022'!EY17 -> 42103 | EU17: ='[1]December - 2022'!EZ17 -> 17 | EV17: ='[1]December - 2022'!FA17 -> 36793 | EW17: ='[1]December - 2022'!FB17 -> 14 | EX17: ='[1]December - 2022'!FC17 -> 7521 | EY17: ='[1]December - 2022'!FD17 -> 9 | EZ17: ='[1]December - 2022'!FE17 -> 59262 | FA17: ='[1]December - 2022'!FF17 -> 15 | ... FC17: ='[1]December - 2022'!FH17 -> 39
A18: 43839 | B18: ='[1]December - 2022'!B18 -> 0.64 | C18: ='[1]December - 2022'!E18 -> 210833 | D18: ='[1]December - 2022'!F18 -> 706 | E18: ='[1]December - 2022'!G18 -> 748 | F18: ='[1]December - 2022'!H18 -> 241418 | G18: ='[1]December - 2022'!I18 -> 417 | H18: ='[1]December - 2022'!J18 -> 446 | I18: ='[1]December - 2022'!K18 -> 7194 | J18: ='[1]December - 2022'!L18 -> 122 | K18: ='[1]December - 2022'!N18 -> 921250 | L18: ='[1]December - 2022'!O18 -> 214 | M18: ='[1]December - 2022'!Q18 -> 244225 | N18: ='[1]December - 2022'!R18 -> 123 | O18: ='[1]December - 2022'!U18 -> 116268 | P18: ='[1]December - 2022'!V18 -> 106 | Q18: ='[1]December - 2022'!W18 -> 81.98 | R18: ='[1]December - 2022'!X18 -> 6346 | S18: ='[1]December - 2022'!Y18 -> 9 | U18: ='[1]December - 2022'!AE18 -> 8148858.5 | V18: ='[1]December - 2022'!AF18 -> 2387.28 | W18: ='[1]December - 2022'!AF18 -> 2387.28 | X18: ='[1]December - 2022'!AH18 -> 15479659 | Y18: ='[1]December - 2022'!AI18 -> 4141.2 | Z18: ='[1]December - 2022'!AI18 -> 4141.2 | AA18: ='[1]December - 2022'!AK18 -> 15759897 | AB18: ='[1]December - 2022'!AL18 -> 828.24 | AC18: ='[1]December - 2022'!AL18 -> 828.24 | AD18: ='[1]December - 2022'!AN18 -> 18898439 | AE18: ='[1]December - 2022'!AO18 -> 9061.92 | AF18: ='[1]December - 2022'!AO18 -> 9061.92 | AG18: ='[1]December - 2022'!AQ18 -> 19167228 | AH18: ='[1]December - 2022'!AR18 -> 292.32 | AI18: ='[1]December - 2022'!AR18 -> 292.32 | AJ18: ='[1]December - 2022'!AT18 -> 17571404 | AK18: ='[1]December - 2022'!AU18 -> 5359.2 | AL18: ='[1]December - 2022'!AU18 -> 5359.2 | AM18: ='[1]December - 2022'!AW18 -> 14790515 | AN18: ='[1]December - 2022'!AX18 -> 3946.32 | AO18: ='[1]December - 2022'!AX18 -> 3946.32 | AP18: ='[1]December - 2022'!AZ18 -> 14312913 | AQ18: ='[1]December - 2022'!BA18 -> 4141.2 | AR18: ='[1]December - 2022'!BA18 -> 4141.2 | AS18: ='[1]December - 2022'!BC18 -> 11183043 | AT18: ='[1]December - 2022'!BD18 -> 2874.48 | AU18: ='[1]December - 2022'!BD18 -> 2874.48 | AV18: ='[1]December - 2022'!BF18 -> 17707138 | AW18: ='[1]December - 2022'!BG18 -> 5505.36 | AX18: ='[1]December - 2022'!BG18 -> 5505.36 | AZ18: ='[1]December - 2022'!BM18 -> 77840800 | BA18: ='[1]December - 2022'!BN18 -> 0 | BB18: ='[1]December - 2022'!BN18 -> 0 | BC18: ='[1]December - 2022'!BP18 -> 80881200 | BD18: ='[1]December - 2022'!BQ18 -> 55200 | BE18: ='[1]December - 2022'!BQ18 -> 55200 | BF18: ='[1]December - 2022'!BS18 -> 74770900 | BG18: ='[1]December - 2022'!BT18 -> 0 | BH18: ='[1]December - 2022'!BT18 -> 0 | BS18: ='[1]December - 2022'!BV18 -> 10230950 | BT18: ='[1]December - 2022'!BW18 -> 5550 | BV18: ='[1]December - 2022'!BY18 -> 0.71 | BW18: ='[1]December - 2022'!BZ18 -> -0.05 | BX18: ='[1]December - 2022'!BZ18 -> -0.05 | BY18: ='[1]December - 2022'!CB18 -> 64338 | BZ18: ='[1]December - 2022'!CC18 -> 17 | CA18: ='[1]December - 2022'!CD18 -> 55437 | CB18: ='[1]December - 2022'!CE18 -> 18 | CC18: ='[1]December - 2022'!CF18 -> 18752 | CD18: ='[1]December - 2022'!CG18 -> 5 | CE18: ='[1]December - 2022'!CH18 -> 25601 | CF18: ='[1]December - 2022'!CI18 -> 10 | ... CL18: ='[1]December - 2022'!CO18 -> 66 | CM18: ='[1]December - 2022'!CO18 -> 66 | CN18: ='[1]December - 2022'!CQ18 -> 215095 | CO18: ='[1]December - 2022'!CR18 -> 94 | CP18: ='[1]December - 2022'!CR18 -> 94 | CQ18: ='[1]December - 2022'!CT18 -> 355414 | CR18: ='[1]December - 2022'!CU18 -> 219 | CS18: ='[1]December - 2022'!CU18 -> 219 | CT18: ='[1]December - 2022'!CW18 -> 694928 | CU18: ='[1]December - 2022'!CX18 -> 154 | CW18: ='[1]December - 2022'!CZ18 -> 8875 | CX18: ='[1]December - 2022'!DA18 -> 8 | CY18: ='[1]December - 2022'!DB18 -> 6024 | CZ18: ='[1]December - 2022'!DC18 -> 5 | DA18: ='[1]December - 2022'!DD18 -> 32140 | DB18: ='[1]December - 2022'!DE18 -> 15 | DC18: ='[1]December - 2022'!DF18 -> 32390 | DD18: ='[1]December - 2022'!DG18 -> 13 | ... DR18: ='[1]December - 2022'!DU18 -> 0 | DT18: ='[1]December - 2022'!DW18 -> 6336.2 | DU18: ='[1]December - 2022'!DX18 -> 10.2 | DV18: ='[1]December - 2022'!DY18 -> 11295.4 | DW18: ='[1]December - 2022'!DZ18 -> 7 | DX18: ='[1]December - 2022'!EA18 -> 4804.9 | DY18: ='[1]December - 2022'!EB18 -> 5.9 | DZ18: ='[1]December - 2022'!EC18 -> 5381.4 | EA18: ='[1]December - 2022'!ED18 -> 7.1 | ... EC18: ='[1]December - 2022'!EF18 -> 545 | ED18: ='[1]December - 2022'!EI18 -> 231899.4 | EE18: ='[1]December - 2022'!EJ18 -> 119.2 | EG18: ='[1]December - 2022'!EL18 -> 12147400 | EH18: ='[1]December - 2022'!EM18 -> 3600 | EI18: ='[1]December - 2022'!EN18 -> 933990 | EJ18: ='[1]December - 2022'!EO18 -> 250 | EK18: ='[1]December - 2022'!EP18 -> 7224600 | EL18: ='[1]December - 2022'!EQ18 -> 1700 | EM18: ='[1]December - 2022'!ER18 -> 2498400 | EN18: ='[1]December - 2022'!ES18 -> 300 | ... ER18: ='[1]December - 2022'!EW18 -> 3300 | ET18: ='[1]December - 2022'!EY18 -> 42117 | EU18: ='[1]December - 2022'!EZ18 -> 14 | EV18: ='[1]December - 2022'!FA18 -> 36803 | EW18: ='[1]December - 2022'!FB18 -> 10 | EX18: ='[1]December - 2022'!FC18 -> 7532 | EY18: ='[1]December - 2022'!FD18 -> 11 | EZ18: ='[1]December - 2022'!FE18 -> 59277 | FA18: ='[1]December - 2022'!FF18 -> 15 | ... FC18: ='[1]December - 2022'!FH18 -> 33
A19: 43840 | B19: ='[1]December - 2022'!B19 -> 0.64 | C19: ='[1]December - 2022'!E19 -> 211548 | D19: ='[1]December - 2022'!F19 -> 715 | E19: ='[1]December - 2022'!G19 -> 672 | F19: ='[1]December - 2022'!H19 -> 241891 | G19: ='[1]December - 2022'!I19 -> 473 | H19: ='[1]December - 2022'!J19 -> 481 | I19: ='[1]December - 2022'!K19 -> 7334 | J19: ='[1]December - 2022'!L19 -> 140 | K19: ='[1]December - 2022'!N19 -> 921498 | L19: ='[1]December - 2022'!O19 -> 248 | M19: ='[1]December - 2022'!Q19 -> 244336 | N19: ='[1]December - 2022'!R19 -> 111 | O19: ='[1]December - 2022'!U19 -> 116376 | P19: ='[1]December - 2022'!V19 -> 108 | Q19: ='[1]December - 2022'!W19 -> 87.39 | R19: ='[1]December - 2022'!X19 -> 6352 | S19: ='[1]December - 2022'!Y19 -> 6 | U19: ='[1]December - 2022'!AE19 -> 8150904.7 | V19: ='[1]December - 2022'!AF19 -> 2046.24 | W19: ='[1]December - 2022'!AF19 -> 2046.24 | X19: ='[1]December - 2022'!AH19 -> 15484093 | Y19: ='[1]December - 2022'!AI19 -> 4433.52 | Z19: ='[1]December - 2022'!AI19 -> 4433.52 | AA19: ='[1]December - 2022'!AK19 -> 15769543 | AB19: ='[1]December - 2022'!AL19 -> 9646.56 | AC19: ='[1]December - 2022'!AL19 -> 9646.56 | AD19: ='[1]December - 2022'!AN19 -> 18899414 | AE19: ='[1]December - 2022'!AO19 -> 974.4 | AF19: ='[1]December - 2022'!AO19 -> 974.4 | AG19: ='[1]December - 2022'!AQ19 -> 19167617 | AH19: ='[1]December - 2022'!AR19 -> 389.76 | AI19: ='[1]December - 2022'!AR19 -> 389.76 | AJ19: ='[1]December - 2022'!AT19 -> 17577055 | AK19: ='[1]December - 2022'!AU19 -> 5651.52 | AL19: ='[1]December - 2022'!AU19 -> 5651.52 | AM19: ='[1]December - 2022'!AW19 -> 14794997 | AN19: ='[1]December - 2022'!AX19 -> 4482.24 | AO19: ='[1]December - 2022'!AX19 -> 4482.24 | AP19: ='[1]December - 2022'!AZ19 -> 14317785 | AQ19: ='[1]December - 2022'!BA19 -> 4872 | AR19: ='[1]December - 2022'!BA19 -> 4872 | AS19: ='[1]December - 2022'!BC19 -> 11186015 | AT19: ='[1]December - 2022'!BD19 -> 2971.92 | AU19: ='[1]December - 2022'!BD19 -> 2971.92 | AV19: ='[1]December - 2022'!BF19 -> 17713082 | AW19: ='[1]December - 2022'!BG19 -> 5943.84 | AX19: ='[1]December - 2022'!BG19 -> 5943.84 | AZ19: ='[1]December - 2022'!BM19 -> 77891900 | BA19: ='[1]December - 2022'!BN19 -> 51100 | BB19: ='[1]December - 2022'!BN19 -> 51100 | BC19: ='[1]December - 2022'!BP19 -> 80883300 | BD19: ='[1]December - 2022'!BQ19 -> 2100 | BE19: ='[1]December - 2022'!BQ19 -> 2100 | BF19: ='[1]December - 2022'!BS19 -> 74770900 | BG19: ='[1]December - 2022'!BT19 -> 0 | BH19: ='[1]December - 2022'!BT19 -> 0 | BS19: ='[1]December - 2022'!BV19 -> 10238440 | BT19: ='[1]December - 2022'!BW19 -> 7490 | BV19: ='[1]December - 2022'!BY19 -> 0.65 | BW19: ='[1]December - 2022'!BZ19 -> 0.06 | BX19: ='[1]December - 2022'!BZ19 -> 0.06 | BY19: ='[1]December - 2022'!CB19 -> 64357 | BZ19: ='[1]December - 2022'!CC19 -> 19 | CA19: ='[1]December - 2022'!CD19 -> 55455 | CB19: ='[1]December - 2022'!CE19 -> 18 | CC19: ='[1]December - 2022'!CF19 -> 18758 | CD19: ='[1]December - 2022'!CG19 -> 6 | CE19: ='[1]December - 2022'!CH19 -> 25611 | CF19: ='[1]December - 2022'!CI19 -> 10 | ... CL19: ='[1]December - 2022'!CO19 -> 71 | CM19: ='[1]December - 2022'!CO19 -> 71 | CN19: ='[1]December - 2022'!CQ19 -> 215203 | CO19: ='[1]December - 2022'!CR19 -> 108 | CP19: ='[1]December - 2022'!CR19 -> 108 | CQ19: ='[1]December - 2022'!CT19 -> 355659 | CR19: ='[1]December - 2022'!CU19 -> 245 | CS19: ='[1]December - 2022'!CU19 -> 245 | CT19: ='[1]December - 2022'!CW19 -> 695095 | CU19: ='[1]December - 2022'!CX19 -> 167 | CW19: ='[1]December - 2022'!CZ19 -> 8883 | CX19: ='[1]December - 2022'!DA19 -> 8 | CY19: ='[1]December - 2022'!DB19 -> 6029 | CZ19: ='[1]December - 2022'!DC19 -> 5 | DA19: ='[1]December - 2022'!DD19 -> 32151 | DB19: ='[1]December - 2022'!DE19 -> 11 | DC19: ='[1]December - 2022'!DF19 -> 32399 | DD19: ='[1]December - 2022'!DG19 -> 9 | ... DR19: ='[1]December - 2022'!DU19 -> 0 | DT19: ='[1]December - 2022'!DW19 -> 6347.9 | DU19: ='[1]December - 2022'!DX19 -> 11.7 | DV19: ='[1]December - 2022'!DY19 -> 11303.1 | DW19: ='[1]December - 2022'!DZ19 -> 7.7 | DX19: ='[1]December - 2022'!EA19 -> 4811.5 | DY19: ='[1]December - 2022'!EB19 -> 6.6 | DZ19: ='[1]December - 2022'!EC19 -> 5388.9 | EA19: ='[1]December - 2022'!ED19 -> 7.5 | ... EC19: ='[1]December - 2022'!EF19 -> 578 | ED19: ='[1]December - 2022'!EI19 -> 232033.8 | EE19: ='[1]December - 2022'!EJ19 -> 134.4 | EG19: ='[1]December - 2022'!EL19 -> 12150100 | EH19: ='[1]December - 2022'!EM19 -> 2700 | EI19: ='[1]December - 2022'!EN19 -> 934260 | EJ19: ='[1]December - 2022'!EO19 -> 270 | EK19: ='[1]December - 2022'!EP19 -> 7226100 | EL19: ='[1]December - 2022'!EQ19 -> 1500 | EM19: ='[1]December - 2022'!ER19 -> 2498700 | EN19: ='[1]December - 2022'!ES19 -> 300 | ... ER19: ='[1]December - 2022'!EW19 -> 2700 | ET19: ='[1]December - 2022'!EY19 -> 42133 | EU19: ='[1]December - 2022'!EZ19 -> 16 | EV19: ='[1]December - 2022'!FA19 -> 36814 | EW19: ='[1]December - 2022'!FB19 -> 11 | EX19: ='[1]December - 2022'!FC19 -> 7543 | EY19: ='[1]December - 2022'!FD19 -> 11 | EZ19: ='[1]December - 2022'!FE19 -> 59292 | FA19: ='[1]December - 2022'!FF19 -> 15 | ... FC19: ='[1]December - 2022'!FH19 -> 30
A20: 43841 | B20: ='[1]December - 2022'!B20 -> 0.61 | C20: ='[1]December - 2022'!E20 -> 212242 | D20: ='[1]December - 2022'!F20 -> 694 | E20: ='[1]December - 2022'!G20 -> 711 | F20: ='[1]December - 2022'!H20 -> 242333 | G20: ='[1]December - 2022'!I20 -> 442 | H20: ='[1]December - 2022'!J20 -> 473 | I20: ='[1]December - 2022'!K20 -> 7483 | J20: ='[1]December - 2022'!L20 -> 149 | K20: ='[1]December - 2022'!N20 -> 921753 | L20: ='[1]December - 2022'!O20 -> 255 | M20: ='[1]December - 2022'!Q20 -> 244457 | N20: ='[1]December - 2022'!R20 -> 121 | O20: ='[1]December - 2022'!U20 -> 116464 | P20: ='[1]December - 2022'!V20 -> 88 | Q20: ='[1]December - 2022'!W20 -> 88.26 | R20: ='[1]December - 2022'!X20 -> 6356 | S20: ='[1]December - 2022'!Y20 -> 4 | U20: ='[1]December - 2022'!AE20 -> 8152853.5 | V20: ='[1]December - 2022'!AF20 -> 1948.8 | W20: ='[1]December - 2022'!AF20 -> 1948.8 | X20: ='[1]December - 2022'!AH20 -> 15488721 | Y20: ='[1]December - 2022'!AI20 -> 4628.4 | Z20: ='[1]December - 2022'!AI20 -> 4628.4 | AA20: ='[1]December - 2022'!AK20 -> 15778557 | AB20: ='[1]December - 2022'!AL20 -> 9013.2 | AC20: ='[1]December - 2022'!AL20 -> 9013.2 | AD20: ='[1]December - 2022'!AN20 -> 18900096 | AE20: ='[1]December - 2022'!AO20 -> 682.08 | AF20: ='[1]December - 2022'!AO20 -> 682.08 | AG20: ='[1]December - 2022'!AQ20 -> 19168202 | AH20: ='[1]December - 2022'!AR20 -> 584.64 | AI20: ='[1]December - 2022'!AR20 -> 584.64 | AJ20: ='[1]December - 2022'!AT20 -> 17582951 | AK20: ='[1]December - 2022'!AU20 -> 5895.12 | AL20: ='[1]December - 2022'!AU20 -> 5895.12 | AM20: ='[1]December - 2022'!AW20 -> 14799382 | AN20: ='[1]December - 2022'!AX20 -> 4384.8 | AO20: ='[1]December - 2022'!AX20 -> 4384.8 | AP20: ='[1]December - 2022'!AZ20 -> 14322462 | AQ20: ='[1]December - 2022'!BA20 -> 4677.12 | AR20: ='[1]December - 2022'!BA20 -> 4677.12 | AS20: ='[1]December - 2022'!BC20 -> 11189376 | AT20: ='[1]December - 2022'!BD20 -> 3361.68 | AU20: ='[1]December - 2022'!BD20 -> 3361.68 | AV20: ='[1]December - 2022'!BF20 -> 17719074 | AW20: ='[1]December - 2022'!BG20 -> 5992.56 | AX20: ='[1]December - 2022'!BG20 -> 5992.56 | AZ20: ='[1]December - 2022'!BM20 -> 77940000 | BA20: ='[1]December - 2022'!BN20 -> 48100 | BB20: ='[1]December - 2022'!BN20 -> 48100 | BC20: ='[1]December - 2022'!BP20 -> 80883300 | BD20: ='[1]December - 2022'!BQ20 -> 0 | BE20: ='[1]December - 2022'!BQ20 -> 0 | BF20: ='[1]December - 2022'!BS20 -> 74770900 | BG20: ='[1]December - 2022'!BT20 -> 0 | BH20: ='[1]December - 2022'!BT20 -> 0 | BS20: ='[1]December - 2022'!BV20 -> 10245780 | BT20: ='[1]December - 2022'!BW20 -> 7340 | BV20: ='[1]December - 2022'!BY20 -> 0.57 | BW20: ='[1]December - 2022'!BZ20 -> 0.08 | BX20: ='[1]December - 2022'!BZ20 -> 0.08 | BY20: ='[1]December - 2022'!CB20 -> 64377 | BZ20: ='[1]December - 2022'!CC20 -> 20 | CA20: ='[1]December - 2022'!CD20 -> 55474 | CB20: ='[1]December - 2022'!CE20 -> 19 | CC20: ='[1]December - 2022'!CF20 -> 18765 | CD20: ='[1]December - 2022'!CG20 -> 7 | CE20: ='[1]December - 2022'!CH20 -> 25622 | CF20: ='[1]December - 2022'!CI20 -> 11 | ... CL20: ='[1]December - 2022'!CO20 -> 73 | CM20: ='[1]December - 2022'!CO20 -> 73 | CN20: ='[1]December - 2022'!CQ20 -> 215313 | CO20: ='[1]December - 2022'!CR20 -> 110 | CP20: ='[1]December - 2022'!CR20 -> 110 | CQ20: ='[1]December - 2022'!CT20 -> 355914 | CR20: ='[1]December - 2022'!CU20 -> 255 | CS20: ='[1]December - 2022'!CU20 -> 255 | CT20: ='[1]December - 2022'!CW20 -> 695267 | CU20: ='[1]December - 2022'!CX20 -> 172 | CW20: ='[1]December - 2022'!CZ20 -> 8886 | CX20: ='[1]December - 2022'!DA20 -> 3 | CY20: ='[1]December - 2022'!DB20 -> 6032 | CZ20: ='[1]December - 2022'!DC20 -> 3 | DA20: ='[1]December - 2022'!DD20 -> 32176 | DB20: ='[1]December - 2022'!DE20 -> 25 | DC20: ='[1]December - 2022'!DF20 -> 32414 | DD20: ='[1]December - 2022'!DG20 -> 15 | ... DR20: ='[1]December - 2022'!DU20 -> 15 | DT20: ='[1]December - 2022'!DW20 -> 6358.9 | DU20: ='[1]December - 2022'!DX20 -> 11 | DV20: ='[1]December - 2022'!DY20 -> 11310.8 | DW20: ='[1]December - 2022'!DZ20 -> 7.7 | DX20: ='[1]December - 2022'!EA20 -> 4818.1 | DY20: ='[1]December - 2022'!EB20 -> 6.6 | DZ20: ='[1]December - 2022'!EC20 -> 5396.3 | EA20: ='[1]December - 2022'!ED20 -> 7.4 | ... EC20: ='[1]December - 2022'!EF20 -> 553 | ED20: ='[1]December - 2022'!EI20 -> 232162 | EE20: ='[1]December - 2022'!EJ20 -> 128.2 | EG20: ='[1]December - 2022'!EL20 -> 12153900 | EH20: ='[1]December - 2022'!EM20 -> 3800 | EI20: ='[1]December - 2022'!EN20 -> 934490 | EJ20: ='[1]December - 2022'!EO20 -> 230 | EK20: ='[1]December - 2022'!EP20 -> 7228000 | EL20: ='[1]December - 2022'!EQ20 -> 1900 | EM20: ='[1]December - 2022'!ER20 -> 2499100 | EN20: ='[1]December - 2022'!ES20 -> 400 | ... ER20: ='[1]December - 2022'!EW20 -> 1700 | ET20: ='[1]December - 2022'!EY20 -> 42148 | EU20: ='[1]December - 2022'!EZ20 -> 15 | EV20: ='[1]December - 2022'!FA20 -> 36824 | EW20: ='[1]December - 2022'!FB20 -> 10 | EX20: ='[1]December - 2022'!FC20 -> 7554 | EY20: ='[1]December - 2022'!FD20 -> 11 | EZ20: ='[1]December - 2022'!FE20 -> 59303 | FA20: ='[1]December - 2022'!FF20 -> 11 | ... FC20: ='[1]December - 2022'!FH20 -> 33
A21: 43842 | B21: ='[1]December - 2022'!B21 -> 0.57 | C21: ='[1]December - 2022'!E21 -> 212986 | D21: ='[1]December - 2022'!F21 -> 744 | E21: ='[1]December - 2022'!G21 -> 715 | F21: ='[1]December - 2022'!H21 -> 242762 | G21: ='[1]December - 2022'!I21 -> 429 | H21: ='[1]December - 2022'!J21 -> 430 | I21: ='[1]December - 2022'!K21 -> 7622 | J21: ='[1]December - 2022'!L21 -> 139 | K21: ='[1]December - 2022'!N21 -> 922036 | L21: ='[1]December - 2022'!O21 -> 283 | M21: ='[1]December - 2022'!Q21 -> 244610 | N21: ='[1]December - 2022'!R21 -> 153 | O21: ='[1]December - 2022'!U21 -> 116545 | P21: ='[1]December - 2022'!V21 -> 81 | Q21: ='[1]December - 2022'!W21 -> 89.71 | R21: ='[1]December - 2022'!X21 -> 6362 | S21: ='[1]December - 2022'!Y21 -> 6 | U21: ='[1]December - 2022'!AE21 -> 8154802.3 | V21: ='[1]December - 2022'!AF21 -> 1948.8 | W21: ='[1]December - 2022'!AF21 -> 1948.8 | X21: ='[1]December - 2022'!AH21 -> 15493545 | Y21: ='[1]December - 2022'!AI21 -> 4823.28 | Z21: ='[1]December - 2022'!AI21 -> 4823.28 | AA21: ='[1]December - 2022'!AK21 -> 15787813 | AB21: ='[1]December - 2022'!AL21 -> 9256.8 | AC21: ='[1]December - 2022'!AL21 -> 9256.8 | AD21: ='[1]December - 2022'!AN21 -> 18900729 | AE21: ='[1]December - 2022'!AO21 -> 633.36 | AF21: ='[1]December - 2022'!AO21 -> 633.36 | AG21: ='[1]December - 2022'!AQ21 -> 19168738 | AH21: ='[1]December - 2022'!AR21 -> 535.92 | AI21: ='[1]December - 2022'!AR21 -> 535.92 | AJ21: ='[1]December - 2022'!AT21 -> 17588943 | AK21: ='[1]December - 2022'!AU21 -> 5992.56 | AL21: ='[1]December - 2022'!AU21 -> 5992.56 | AM21: ='[1]December - 2022'!AW21 -> 14804205 | AN21: ='[1]December - 2022'!AX21 -> 4823.28 | AO21: ='[1]December - 2022'!AX21 -> 4823.28 | AP21: ='[1]December - 2022'!AZ21 -> 14327285 | AQ21: ='[1]December - 2022'!BA21 -> 4823.28 | AR21: ='[1]December - 2022'!BA21 -> 4823.28 | AS21: ='[1]December - 2022'!BC21 -> 11192689 | AT21: ='[1]December - 2022'!BD21 -> 3312.96 | AU21: ='[1]December - 2022'!BD21 -> 3312.96 | AV21: ='[1]December - 2022'!BF21 -> 17724969 | AW21: ='[1]December - 2022'!BG21 -> 5895.12 | AX21: ='[1]December - 2022'!BG21 -> 5895.12 | AZ21: ='[1]December - 2022'!BM21 -> 77984000 | BA21: ='[1]December - 2022'!BN21 -> 44000 | BB21: ='[1]December - 2022'!BN21 -> 44000 | BC21: ='[1]December - 2022'!BP21 -> 80883300 | BD21: ='[1]December - 2022'!BQ21 -> 0 | BE21: ='[1]December - 2022'!BQ21 -> 0 | BF21: ='[1]December - 2022'!BS21 -> 74770900 | BG21: ='[1]December - 2022'!BT21 -> 0 | BH21: ='[1]December - 2022'!BT21 -> 0 | BS21: ='[1]December - 2022'!BV21 -> 10253210 | BT21: ='[1]December - 2022'!BW21 -> 7430 | BV21: ='[1]December - 2022'!BY21 -> 0.67 | BW21: ='[1]December - 2022'!BZ21 -> -0.1 | BX21: ='[1]December - 2022'!BZ21 -> -0.1 | BY21: ='[1]December - 2022'!CB21 -> 64397 | BZ21: ='[1]December - 2022'!CC21 -> 20 | CA21: ='[1]December - 2022'!CD21 -> 55494 | CB21: ='[1]December - 2022'!CE21 -> 20 | CC21: ='[1]December - 2022'!CF21 -> 18772 | CD21: ='[1]December - 2022'!CG21 -> 7 | CE21: ='[1]December - 2022'!CH21 -> 25632 | CF21: ='[1]December - 2022'!CI21 -> 10 | ... CL21: ='[1]December - 2022'!CO21 -> 75 | CM21: ='[1]December - 2022'!CO21 -> 75 | CN21: ='[1]December - 2022'!CQ21 -> 215420 | CO21: ='[1]December - 2022'!CR21 -> 107 | CP21: ='[1]December - 2022'!CR21 -> 107 | CQ21: ='[1]December - 2022'!CT21 -> 356176 | CR21: ='[1]December - 2022'!CU21 -> 262 | CS21: ='[1]December - 2022'!CU21 -> 262 | CT21: ='[1]December - 2022'!CW21 -> 695442 | CU21: ='[1]December - 2022'!CX21 -> 175 | CW21: ='[1]December - 2022'!CZ21 -> 8890 | CX21: ='[1]December - 2022'!DA21 -> 4 | CY21: ='[1]December - 2022'!DB21 -> 6034 | CZ21: ='[1]December - 2022'!DC21 -> 2 | DA21: ='[1]December - 2022'!DD21 -> 32188 | DB21: ='[1]December - 2022'!DE21 -> 12 | DC21: ='[1]December - 2022'!DF21 -> 32427 | DD21: ='[1]December - 2022'!DG21 -> 13 | ... DR21: ='[1]December - 2022'!DU21 -> 10 | DT21: ='[1]December - 2022'!DW21 -> 6370.2 | DU21: ='[1]December - 2022'!DX21 -> 11.3 | DV21: ='[1]December - 2022'!DY21 -> 11318.7 | DW21: ='[1]December - 2022'!DZ21 -> 7.9 | DX21: ='[1]December - 2022'!EA21 -> 4824.8 | DY21: ='[1]December - 2022'!EB21 -> 6.7 | DZ21: ='[1]December - 2022'!EC21 -> 5403.1 | EA21: ='[1]December - 2022'!ED21 -> 6.8 | ... EC21: ='[1]December - 2022'!EF21 -> 578 | ED21: ='[1]December - 2022'!EI21 -> 232298.3 | EE21: ='[1]December - 2022'!EJ21 -> 136.3 | EG21: ='[1]December - 2022'!EL21 -> 12156800 | EH21: ='[1]December - 2022'!EM21 -> 2900 | EI21: ='[1]December - 2022'!EN21 -> 934740 | EJ21: ='[1]December - 2022'!EO21 -> 250 | EK21: ='[1]December - 2022'!EP21 -> 7229600 | EL21: ='[1]December - 2022'!EQ21 -> 1600 | EM21: ='[1]December - 2022'!ER21 -> 2499400 | EN21: ='[1]December - 2022'!ES21 -> 300 | ... ER21: ='[1]December - 2022'!EW21 -> 1900 | ET21: ='[1]December - 2022'!EY21 -> 42165 | EU21: ='[1]December - 2022'!EZ21 -> 17 | EV21: ='[1]December - 2022'!FA21 -> 36835 | EW21: ='[1]December - 2022'!FB21 -> 11 | EX21: ='[1]December - 2022'!FC21 -> 7562 | EY21: ='[1]December - 2022'!FD21 -> 8 | EZ21: ='[1]December - 2022'!FE21 -> 59313 | FA21: ='[1]December - 2022'!FF21 -> 10 | ... FC21: ='[1]December - 2022'!FH21 -> 34
