Workbook

Sheet TOTAL
A1: Site Name | B1: Day | C1: Month | D1: Year | E1: Total Electricity Kwh | F1: Electricity Tariff ($/Kwh) | G1: Natual Gas (m3) | H1: Natural Gas $/m3 | I1: Water Utility Supply (m3) m3 | J1: Water Utility Supply (m3) $/m3 | K1: Room Nights | L1: Total Guests
A2: Hampshire | B2: 1 | C2: 12 | D2: 2022 | E2: =(Submetering!E2+Submetering!F2) -> 5737 | F2: 0.35 | G2: =Submetering!M2 -> 3205 | H2: 0.6 | I2: =Submetering!N2 -> 68.5 | J2: 2.06 | K2: ='Hampshire Daily'!B5 -> 41 | L2: ='Hampshire Daily'!C5 -> 61
A3: Hampshire | B3: =B2+1 -> 2 | C3: 12 | D3: 2022 | E3: =Submetering!E3+Submetering!F3 -> 6318.5 | F3: 0.35 | G3: =Submetering!M3 -> 3536 | H3: 0.6 | I3: =Submetering!N3 -> 68.5 | J3: 2.06 | K3: ='Hampshire Daily'!B6 -> 43 | L3: ='Hampshire Daily'!C6 -> 78
A4: Hampshire | B4: =B3+1 -> 3 | C4: 12 | D4: 2022 | E4: =Submetering!E4+Submetering!F4 -> 6318.5 | F4: 0.35 | G4: =Submetering!M4 -> 3500 | H4: 0.6 | I4: =Submetering!N4 -> 66 | J4: 2.06 | K4: ='Hampshire Daily'!B7 -> 58 | L4: ='Hampshire Daily'!C7 -> 137
A5: Hampshire | B5: =B4+1 -> 4 | C5: 12 | D5: 2022 | E5: =Submetering!E5+Submetering!F5 -> 7801.5 | F5: 0.35 | G5: =Submetering!M5 -> 3256 | H5: 0.6 | I5: =Submetering!N5 -> 75 | J5: 2.06 | K5: ='Hampshire Daily'!B8 -> 25 | L5: ='Hampshire Daily'!C8 -> 52
A6: Hampshire | B6: =B5+1 -> 5 | C6: 12 | D6: 2022 | E6: =Submetering!E6+Submetering!F6 -> 7801.5 | F6: 0.35 | G6: =Submetering!M6 -> 2896 | H6: 0.6 | I6: =Submetering!N6 -> 71 | J6: 2.06 | K6: ='Hampshire Daily'!B9 -> 13 | L6: ='Hampshire Daily'!C9 -> 29
A7: Hampshire | B7: =B6+1 -> 6 | C7: 12 | D7: 2022 | E7: =Submetering!E7+Submetering!F7 -> 8691 | F7: 0.35 | G7: =Submetering!M7 -> 2789 | H7: 0.6 | I7: =Submetering!N7 -> 74 | J7: 2.06 | K7: ='Hampshire Daily'!B10 -> 12 | L7: ='Hampshire Daily'!C10 -> 28
A8: Hampshire | B8: =B7+1 -> 7 | C8: 12 | D8: 2022 | E8: =Submetering!E8+Submetering!F8 -> 8720 | F8: 0.35 | G8: =Submetering!M8 -> 2921 | H8: 0.6 | I8: =Submetering!N8 -> 54 | J8: 2.06 | K8: ='Hampshire Daily'!B11 -> 18 | L8: ='Hampshire Daily'!C11 -> 35
A9: Hampshire | B9: =B8+1 -> 8 | C9: 12 | D9: 2022 | E9: =Submetering!E9+Submetering!F9 -> 6786 | F9: 0.35 | G9: =Submetering!M9 -> 3546 | H9: 0.6 | I9: =Submetering!N9 -> 68.5 | J9: 2.06 | K9: ='Hampshire Daily'!B12 -> 50 | L9: ='Hampshire Daily'!C12 -> 84
A10: Hampshire | B10: =B9+1 -> 9 | C10: 12 | D10: 2022 | E10: =Submetering!E10+Submetering!F10 -> 6766.5 | F10: 0.35 | G10: =Submetering!M10 -> 4017 | H10: 0.6 | I10: =Submetering!N10 -> 68.5 | J10: 2.06 | K10: ='Hampshire Daily'!B13 -> 79 | L10: ='Hampshire Daily'!C13 -> 131
A11: Hampshire | B11: =B10+1 -> 10 | C11: 12 | D11: 2022 | E11: =Submetering!E11+Submetering!F11 -> 6766.5 | F11: 0.35 | G11: =Submetering!M11 -> 3927 | H11: 0.6 | I11: =Submetering!N11 -> 83 | J11: 2.06 | K11: ='Hampshire Daily'!B14 -> 58 | L11: ='Hampshire Daily'!C14 -> 139
A12: Hampshire | B12: =B11+1 -> 11 | C12: 12 | D12: 2022 | E12: =Submetering!E12+Submetering!F12 -> 6812 | F12: 0.35 | G12: =Submetering!M12 -> 4119 | H12: 0.6 | I12: =Submetering!N12 -> 91 | J12: 2.06 | K12: ='Hampshire Daily'!B15 -> 26 | L12: ='Hampshire Daily'!C15 -> 63
A13: Hampshire | B13: =B12+1 -> 12 | C13: 12 | D13: 2022 | E13: =Submetering!E13+Submetering!F13 -> 7842 | F13: 0.35 | G13: =Submetering!M13 -> 3625 | H13: 0.6 | I13: =Submetering!N13 -> 74 | J13: 2.06 | K13: ='Hampshire Daily'!B16 -> 19 | L13: ='Hampshire Daily'!C16 -> 40
A14: Hampshire | B14: =B13+1 -> 13 | C14: 12 | D14: 2022 | E14: =Submetering!E14+Submetering!F14 -> 9567 | F14: 0.35 | G14: =Submetering!M14 -> 3589 | H14: 0.6 | I14: =Submetering!N14 -> 73 | J14: 2.06 | K14: ='Hampshire Daily'!B17 -> 24 | L14: ='Hampshire Daily'!C17 -> 50
... A32: Hampshire | B32: =B31+1 -> 31 | C32: 12 | D32: 2022 | E32: =Submetering!E32+Submetering!F32 -> 6499 | F32: 1.35 | G32: =Submetering!M32 -> 3027 | H32: 1.6 | I32: =Submetering!N32 -> 91 | J32: 3.06 | K32: ='Hampshire Daily'!B35 -> 130 | L32: ='Hampshire Daily'!C35 -> 329

Sheet Submetering
A1: Site Name | B1: Day | C1: Month | D1: Year | E1: Meter 1- KWh | F1: Meter 2- KWh | G1: East MCC- KWh | H1: South MCC 1- KWh | I1: South MCC 2- KWh | J1: West MCC- KWh | K1: Kitchen - KWh | L1: SPA - KWh | M1: Gas- KWh | N1: Main Site Water Meter - m3 | O1: Hard Water Supply- m3 | P1: Pool Supply- m3 | Q1: Kids Pool | R1: Room Nights | S1: Total Guests
A2: Hampshire | B2: 1 | C2: 12 | D2: 2022 | E2: ='Hampshire Daily'!D5-'Hampshire Daily'!D4 -> 3398 | F2: ='Hampshire Daily'!E5-'Hampshire Daily'!E4 -> 2339 | G2: ='Hampshire Daily'!F5-'Hampshire Daily'!F4 -> 0 | H2: ='Hampshire Daily'!G5-'Hampshire Daily'!G4 -> 2199 | I2: ='Hampshire Daily'!H5-'Hampshire Daily'!H4 -> 0 | J2: ='Hampshire Daily'!I5-'Hampshire Daily'!I4 -> 2372 | K2: ='Hampshire Daily'!J5-'Hampshire Daily'!J4 -> 1058 | L2: ='Hampshire Daily'!K5-'Hampshire Daily'!K4 -> 2 | M2: ='Hampshire Daily'!N5-'Hampshire Daily'!N4 -> 3205 | N2: ='Hampshire Daily'!Q5-'Hampshire Daily'!Q4 -> 68.5 | O2: ='Hampshire Daily'!U5-'Hampshire Daily'!U4 -> 5 | P2: ='Hampshire Daily'!V5-'Hampshire Daily'!V4 -> 44 | Q2: ='Hampshire Daily'!Z5-'Hampshire Daily'!Z4 -> 7 | R2: ='Hampshire Daily'!B5 -> 41 | S2: ='Hampshire Daily'!C5 -> 61
A3: Hampshire | B3: =B2+1 -> 2 | C3: 12 | D3: 2022 | E3: ='Hampshire Daily'!D6-'Hampshire Daily'!D5 -> 3789.5 | F3: ='Hampshire Daily'!E6-'Hampshire Daily'!E5 -> 2529 | G3: ='Hampshire Daily'!F6-'Hampshire Daily'!F5 -> 0 | H3: ='Hampshire Daily'!G6-'Hampshire Daily'!G5 -> 3352 | I3: ='Hampshire Daily'!H6-'Hampshire Daily'!H5 -> 0 | J3: ='Hampshire Daily'!I6-'Hampshire Daily'!I5 -> 2300 | K3: ='Hampshire Daily'!J6-'Hampshire Daily'!J5 -> 1030 | L3: ='Hampshire Daily'!K6-'Hampshire Daily'!K5 -> 4 | M3: ='Hampshire Daily'!N6-'Hampshire Daily'!N5 -> 3536 | N3: ='Hampshire Daily'!Q6-'Hampshire Daily'!Q5 -> 68.5 | O3: ='Hampshire Daily'!U6-'Hampshire Daily'!U5 -> 4 | P3: ='Hampshire Daily'!V6-'Hampshire Daily'!V5 -> 39 | Q3: ='Hampshire Daily'!Z6-'Hampshire Daily'!Z5 -> 5 | R3: ='Hampshire Daily'!B6 -> 43 | S3: ='Hampshire Daily'!C6 -> 78
A4: Hampshire | B4: =B3+1 -> 3 | C4: 12 | D4: 2022 | E4: ='Hampshire Daily'!D7-'Hampshire Daily'!D6 -> 3789.5 | F4: ='Hampshire Daily'!E7-'Hampshire Daily'!E6 -> 2529 | G4: ='Hampshire Daily'!F7-'Hampshire Daily'!F6 -> 0 | H4: ='Hampshire Daily'!G7-'Hampshire Daily'!G6 -> 3352 | I4: ='Hampshire Daily'!H7-'Hampshire Daily'!H6 -> 0 | J4: ='Hampshire Daily'!I7-'Hampshire Daily'!I6 -> 2375 | K4: ='Hampshire Daily'!J7-'Hampshire Daily'!J6 -> 1092 | L4: ='Hampshire Daily'!K7-'Hampshire Daily'!K6 -> 3 | M4: ='Hampshire Daily'!N7-'Hampshire Daily'!N6 -> 3500 | N4: ='Hampshire Daily'!Q7-'Hampshire Daily'!Q6 -> 66 | O4: ='Hampshire Daily'!U7-'Hampshire Daily'!U6 -> 4 | P4: ='Hampshire Daily'!V7-'Hampshire Daily'!V6 -> 44 | Q4: ='Hampshire Daily'!Z7-'Hampshire Daily'!Z6 -> 4 | R4: ='Hampshire Daily'!B7 -> 58 | S4: ='Hampshire Daily'!C7 -> 137
A5: Hampshire | B5: =B4+1 -> 4 | C5: 12 | D5: 2022 | E5: ='Hampshire Daily'!D8-'Hampshire Daily'!D7 -> 5119.5 | F5: ='Hampshire Daily'!E8-'Hampshire Daily'!E7 -> 2682 | G5: ='Hampshire Daily'!F8-'Hampshire Daily'!F7 -> 0 | H5: ='Hampshire Daily'!G8-'Hampshire Daily'!G7 -> 0 | I5: ='Hampshire Daily'!H8-'Hampshire Daily'!H7 -> 0 | J5: ='Hampshire Daily'!I8-'Hampshire Daily'!I7 -> 2455 | K5: ='Hampshire Daily'!J8-'Hampshire Daily'!J7 -> 1121 | L5: ='Hampshire Daily'!K8-'Hampshire Daily'!K7 -> 465.5 | M5: ='Hampshire Daily'!N8-'Hampshire Daily'!N7 -> 3256 | N5: ='Hampshire Daily'!Q8-'Hampshire Daily'!Q7 -> 75 | O5: ='Hampshire Daily'!U8-'Hampshire Daily'!U7 -> 27 | P5: ='Hampshire Daily'!V8-'Hampshire Daily'!V7 -> 52 | Q5: ='Hampshire Daily'!Z8-'Hampshire Daily'!Z7 -> 3 | R5: ='Hampshire Daily'!B8 -> 25 | S5: ='Hampshire Daily'!C8 -> 52
A6: Hampshire | B6: =B5+1 -> 5 | C6: 12 | D6: 2022 | E6: ='Hampshire Daily'!D9-'Hampshire Daily'!D8 -> 5119.5 | F6: ='Hampshire Daily'!E9-'Hampshire Daily'!E8 -> 2682 | G6: ='Hampshire Daily'!F9-'Hampshire Daily'!F8 -> 0 | H6: ='Hampshire Daily'!G9-'Hampshire Daily'!G8 -> 2197 | I6: ='Hampshire Daily'!H9-'Hampshire Daily'!H8 -> 0 | J6: ='Hampshire Daily'!I9-'Hampshire Daily'!I8 -> 2490 | K6: ='Hampshire Daily'!J9-'Hampshire Daily'!J8 -> 1096 | L6: ='Hampshire Daily'!K9-'Hampshire Daily'!K8 -> 465.5 | M6: ='Hampshire Daily'!N9-'Hampshire Daily'!N8 -> 2896 | N6: ='Hampshire Daily'!Q9-'Hampshire Daily'!Q8 -> 71 | O6: ='Hampshire Daily'!U9-'Hampshire Daily'!U8 -> 28 | P6: ='Hampshire Daily'!V9-'Hampshire Daily'!V8 -> 50 | Q6: ='Hampshire Daily'!Z9-'Hampshire Daily'!Z8 -> 6 | R6: ='Hampshire Daily'!B9 -> 13 | S6: ='Hampshire Daily'!C9 -> 29
A7: Hampshire | B7: =B6+1 -> 6 | C7: 12 | D7: 2022 | E7: ='Hampshire Daily'!D10-'Hampshire Daily'!D9 -> 6368 | F7: ='Hampshire Daily'!E10-'Hampshire Daily'!E9 -> 2323 | G7: ='Hampshire Daily'!F10-'Hampshire Daily'!F9 -> 0 | H7: ='Hampshire Daily'!G10-'Hampshire Daily'!G9 -> 2271 | I7: ='Hampshire Daily'!H10-'Hampshire Daily'!H9 -> 0 | J7: ='Hampshire Daily'!I10-'Hampshire Daily'!I9 -> 2159 | K7: ='Hampshire Daily'!J10-'Hampshire Daily'!J9 -> 898 | L7: ='Hampshire Daily'!K10-'Hampshire Daily'!K9 -> 768 | M7: ='Hampshire Daily'!N10-'Hampshire Daily'!N9 -> 2789 | N7: ='Hampshire Daily'!Q10-'Hampshire Daily'!Q9 -> 74 | O7: ='Hampshire Daily'!U10-'Hampshire Daily'!U9 -> 15 | P7: ='Hampshire Daily'!V10-'Hampshire Daily'!V9 -> 39 | Q7: ='Hampshire Daily'!Z10-'Hampshire Daily'!Z9 -> 3 | R7: ='Hampshire Daily'!B10 -> 12 | S7: ='Hampshire Daily'!C10 -> 28
A8: Hampshire | B8: =B7+1 -> 7 | C8: 12 | D8: 2022 | E8: ='Hampshire Daily'!D11-'Hampshire Daily'!D10 -> 6343 | F8: ='Hampshire Daily'!E11-'Hampshire Daily'!E10 -> 2377 | G8: ='Hampshire Daily'!F11-'Hampshire Daily'!F10 -> 2 | H8: ='Hampshire Daily'!G11-'Hampshire Daily'!G10 -> 2240 | I8: ='Hampshire Daily'!H11-'Hampshire Daily'!H10 -> 0 | J8: ='Hampshire Daily'!I11-'Hampshire Daily'!I10 -> 2182 | K8: ='Hampshire Daily'!J11-'Hampshire Daily'!J10 -> 890 | L8: ='Hampshire Daily'!K11-'Hampshire Daily'!K10 -> 796 | M8: ='Hampshire Daily'!N11-'Hampshire Daily'!N10 -> 2921 | N8: ='Hampshire Daily'!Q11-'Hampshire Daily'!Q10 -> 54 | O8: ='Hampshire Daily'!U11-'Hampshire Daily'!U10 -> 0 | P8: ='Hampshire Daily'!V11-'Hampshire Daily'!V10 -> 34 | Q8: ='Hampshire Daily'!Z11-'Hampshire Daily'!Z10 -> 3 | R8: ='Hampshire Daily'!B11 -> 18 | S8: ='Hampshire Daily'!C11 -> 35
A9: Hampshire | B9: =B8+1 -> 8 | C9: 12 | D9: 2022 | E9: ='Hampshire Daily'!D12-'Hampshire Daily'!D11 -> 4160 | F9: ='Hampshire Daily'!E12-'Hampshire Daily'!E11 -> 2626 | G9: ='Hampshire Daily'!F12-'Hampshire Daily'!F11 -> 0 | H9: ='Hampshire Daily'!G12-'Hampshire Daily'!G11 -> 2344 | I9: ='Hampshire Daily'!H12-'Hampshire Daily'!H11 -> 0 | J9: ='Hampshire Daily'!I12-'Hampshire Daily'!I11 -> 2271 | K9: ='Hampshire Daily'!J12-'Hampshire Daily'!J11 -> 984 | L9: ='Hampshire Daily'!K12-'Hampshire Daily'!K11 -> 221 | M9: ='Hampshire Daily'!N12-'Hampshire Daily'!N11 -> 3546 | N9: ='Hampshire Daily'!Q12-'Hampshire Daily'!Q11 -> 68.5 | O9: ='Hampshire Daily'!U12-'Hampshire Daily'!U11 -> 9 | P9: ='Hampshire Daily'!V12-'Hampshire Daily'!V11 -> 39 | Q9: ='Hampshire Daily'!Z12-'Hampshire Daily'!Z11 -> 3 | R9: ='Hampshire Daily'!B12 -> 50 | S9: ='Hampshire Daily'!C12 -> 84
A10: Hampshire | B10: =B9+1 -> 9 | C10: 12 | D10: 2022 | E10: ='Hampshire Daily'!D13-'Hampshire Daily'!D12 -> 3939 | F10: ='Hampshire Daily'!E13-'Hampshire Daily'!E12 -> 2827.5 | G10: ='Hampshire Daily'!F13-'Hampshire Daily'!F12 -> 0 | H10: ='Hampshire Daily'!G13-'Hampshire Daily'!G12 -> 2425 | I10: ='Hampshire Daily'!H13-'Hampshire Daily'!H12 -> 0 | J10: ='Hampshire Daily'!I13-'Hampshire Daily'!I12 -> 2379 | K10: ='Hampshire Daily'!J13-'Hampshire Daily'!J12 -> 1046.5 | L10: ='Hampshire Daily'!K13-'Hampshire Daily'!K12 -> 4.5 | M10: ='Hampshire Daily'!N13-'Hampshire Daily'!N12 -> 4017 | N10: ='Hampshire Daily'!Q13-'Hampshire Daily'!Q12 -> 68.5 | O10: ='Hampshire Daily'!U13-'Hampshire Daily'!U12 -> 46 | P10: ='Hampshire Daily'!V13-'Hampshire Daily'!V12 -> 50 | Q10: ='Hampshire Daily'!Z13-'Hampshire Daily'!Z12 -> 5 | R10: ='Hampshire Daily'!B13 -> 79 | S10: ='Hampshire Daily'!C13 -> 131
A11: Hampshire | B11: =B10+1 -> 10 | C11: 12 | D11: 2022 | E11: ='Hampshire Daily'!D14-'Hampshire Daily'!D13 -> 3939 | F11: ='Hampshire Daily'!E14-'Hampshire Daily'!E13 -> 2827.5 | G11: ='Hampshire Daily'!F14-'Hampshire Daily'!F13 -> 0 | H11: ='Hampshire Daily'!G14-'Hampshire Daily'!G13 -> 2425 | I11: ='Hampshire Daily'!H14-'Hampshire Daily'!H13 -> 0 | J11: ='Hampshire Daily'!I14-'Hampshire Daily'!I13 -> 2379 | K11: ='Hampshire Daily'!J14-'Hampshire Daily'!J13 -> 1046.5 | L11: ='Hampshire Daily'!K14-'Hampshire Daily'!K13 -> 4.5 | M11: ='Hampshire Daily'!N14-'Hampshire Daily'!N13 -> 3927 | N11: ='Hampshire Daily'!Q14-'Hampshire Daily'!Q13 -> 83 | O11: ='Hampshire Daily'!U14-'Hampshire Daily'!U13 -> 46 | P11: ='Hampshire Daily'!V14-'Hampshire Daily'!V13 -> 59 | Q11: ='Hampshire Daily'!Z14-'Hampshire Daily'!Z13 -> 3 | R11: ='Hampshire Daily'!B14 -> 58 | S11: ='Hampshire Daily'!C14 -> 139
A12: Hampshire | B12: =B11+1 -> 11 | C12: 12 | D12: 2022 | E12: ='Hampshire Daily'!D15-'Hampshire Daily'!D14 -> 3858 | F12: ='Hampshire Daily'!E15-'Hampshire Daily'!E14 -> 2954 | G12: ='Hampshire Daily'!F15-'Hampshire Daily'!F14 -> 0 | H12: ='Hampshire Daily'!G15-'Hampshire Daily'!G14 -> 2364 | I12: ='Hampshire Daily'!H15-'Hampshire Daily'!H14 -> 0 | J12: ='Hampshire Daily'!I15-'Hampshire Daily'!I14 -> 2449 | K12: ='Hampshire Daily'!J15-'Hampshire Daily'!J14 -> 1084 | L12: ='Hampshire Daily'!K15-'Hampshire Daily'!K14 -> 4 | M12: ='Hampshire Daily'!N15-'Hampshire Daily'!N14 -> 4119 | N12: ='Hampshire Daily'!Q15-'Hampshire Daily'!Q14 -> 91 | O12: ='Hampshire Daily'!U15-'Hampshire Daily'!U14 -> 53 | P12: ='Hampshire Daily'!V15-'Hampshire Daily'!V14 -> 63 | Q12: ='Hampshire Daily'!Z15-'Hampshire Daily'!Z14 -> 6 | R12: ='Hampshire Daily'!B15 -> 26 | S12: ='Hampshire Daily'!C15 -> 63
A13: Hampshire | B13: =B12+1 -> 12 | C13: 12 | D13: 2022 | E13: ='Hampshire Daily'!D16-'Hampshire Daily'!D15 -> 3647 | F13: ='Hampshire Daily'!E16-'Hampshire Daily'!E15 -> 4195 | G13: ='Hampshire Daily'!F16-'Hampshire Daily'!F15 -> 422 | H13: ='Hampshire Daily'!G16-'Hampshire Daily'!G15 -> 2254 | I13: ='Hampshire Daily'!H16-'Hampshire Daily'!H15 -> 0 | J13: ='Hampshire Daily'!I16-'Hampshire Daily'!I15 -> 2599 | K13: ='Hampshire Daily'!J16-'Hampshire Daily'!J15 -> 1201 | L13: ='Hampshire Daily'!K16-'Hampshire Daily'!K15 -> 5 | M13: ='Hampshire Daily'!N16-'Hampshire Daily'!N15 -> 3625 | N13: ='Hampshire Daily'!Q16-'Hampshire Daily'!Q15 -> 74 | O13: ='Hampshire Daily'!U16-'Hampshire Daily'!U15 -> 40 | P13: ='Hampshire Daily'!V16-'Hampshire Daily'!V15 -> 52 | Q13: ='Hampshire Daily'!Z16-'Hampshire Daily'!Z15 -> 8 | R13: ='Hampshire Daily'!B16 -> 19 | S13: ='Hampshire Daily'!C16 -> 40
A14: Hampshire | B14: =B13+1 -> 13 | C14: 12 | D14: 2022 | E14: ='Hampshire Daily'!D17-'Hampshire Daily'!D16 -> 3783 | F14: ='Hampshire Daily'!E17-'Hampshire Daily'!E16 -> 5784 | G14: ='Hampshire Daily'!F17-'Hampshire Daily'!F16 -> 922 | H14: ='Hampshire Daily'!G17-'Hampshire Daily'!G16 -> 2168 | I14: ='Hampshire Daily'!H17-'Hampshire Daily'!H16 -> 0 | J14: ='Hampshire Daily'!I17-'Hampshire Daily'!I16 -> 2181 | K14: ='Hampshire Daily'!J17-'Hampshire Daily'!J16 -> 943 | L14: ='Hampshire Daily'!K17-'Hampshire Daily'!K16 -> 14 | M14: ='Hampshire Daily'!N17-'Hampshire Daily'!N16 -> 3589 | N14: ='Hampshire Daily'!Q17-'Hampshire Daily'!Q16 -> 73 | O14: ='Hampshire Daily'!U17-'Hampshire Daily'!U16 -> 35 | P14: ='Hampshire Daily'!V17-'Hampshire Daily'!V16 -> 43 | Q14: ='Hampshire Daily'!Z17-'Hampshire Daily'!Z16 -> 4 | R14: ='Hampshire Daily'!B17 -> 24 | S14: ='Hampshire Daily'!C17 -> 50
... A32: Hampshire | B32: =B31+1 -> 31 | C32: 12 | D32: 2022 | E32: ='Hampshire Daily'!D35-'Hampshire Daily'!D34 -> 3420 | F32: ='Hampshire Daily'!E35-'Hampshire Daily'!E34 -> 3079 | G32: ='Hampshire Daily'!F35-'Hampshire Daily'!F34 -> 0 | H32: ='Hampshire Daily'!G35-'Hampshire Daily'!G34 -> 1893 | I32: ='Hampshire Daily'!H35-'Hampshire Daily'!H34 -> 0 | J32: ='Hampshire Daily'!I35-'Hampshire Daily'!I34 -> 2727 | K32: ='Hampshire Daily'!J35-'Hampshire Daily'!J34 -> 1199 | L32: ='Hampshire Daily'!K35-'Hampshire Daily'!K34 -> 5 | M32: ='Hampshire Daily'!N35-'Hampshire Daily'!N34 -> 3027 | N32: ='Hampshire Daily'!Q35-'Hampshire Daily'!Q34 -> 91 | O32: ='Hampshire Daily'!U35-'Hampshire Daily'!U34 -> 69 | P32: ='Hampshire Daily'!V35-'Hampshire Daily'!V34 -> 75 | Q32: ='Hampshire Daily'!Z35-'Hampshire Daily'!Z34 -> 1 | R32: ='Hampshire Daily'!B35 -> 130 | S32: ='Hampshire Daily'!C35 -> 329

Sheet Hampshire Daily
D1: Electrical | N1: Main Site Gas Meter | O1: Banquet Gas Meter | P1: WC Kitchen Gas Meter | Q1: Main Site Water Meter | R1: EAST LTHW Sub Meter | S1: SPA LTHW Sub Meter | T1: CHW Sub Meter | U1: Water Softener Sub Meter | W1: Hard Water Supply Sub Meter | X1: Chlorine Dioxide Water Meter | Y1: Pool Supply Sub Meter | Z1: Kids pool Sub Meter | AA1: Main Pool Backwash
B2: Room Night | C2: Guest | D2: Main Site Electric Meter 1 | E2: Main Site Electric Meter 2 | F2: East MCC Sub Meter | G2: South MCC 1 Sub Meter | H2: South MCC 2 Sub Meter | I2: West MCC Sub Meter | J2: Kitchen sub meter | K2: Spa electric Sub Meter | L2: East CHP 41 Electric generated | M2: Spa CHP 42 Electric generated
AD3: GAS | AE3: East LTHW Water
A4: 44895 | B4: 18 | C4: 30 | D4: 2336177 | E4: 2286927 | F4: 350770 | G4: 8156470 | H4: 34978 | I4: 6416952 | J4: 306303 | K4: 2699432 | L4: 3571 | M4: 2925 | N4: 2235020 | O4: 51129 | P4: 359760 | Q4: 416500 | R4: 1123.836 | S4: 490.455 | T4: 3896.255 | U4: 367639 | V4: 72389 | W4: 55772 | X4: 188326 | Y4: 31898 | Z4: 4873 | AE4: =R4-0 -> 1123.836
A5: =A4+1 -> 44896 | B5: 41 | C5: 61 | D5: 2339575 | E5: 2289266 | F5: 350770 | G5: 8158669 | H5: 34978 | I5: 6419324 | J5: 307361 | K5: 2699434 | L5: 3583 | M5: 2925 | N5: 2238225 | Q5: 416568.5 | R5: 1123.838 | S5: 490.455 | T5: 3896.255 | U5: 367644 | V5: 72433 | W5: 55779 | X5: 188372 | Y5: 31904 | Z5: 4880 | AA5: =SUM(Y5-Y4) -> 6 | AB5: Thursday | AD5: =N5-N4 -> 3205 | AE5: =R5-R4 -> 0.002
A6: =A5+1 -> 44897 | B6: 43 | C6: 78 | D6: 2343364.5 | E6: 2291795 | F6: 350770 | G6: 8162021 | H6: 34978 | I6: 6421624 | J6: 308391 | K6: 2699438 | L6: 3564 | M6: 2925 | N6: 2241761 | Q6: 416637 | R6: 1123.838 | S6: 490.455 | T6: 3896.254 | U6: 367648 | V6: 72472 | W6: 55785 | X6: 188412 | Y6: 31904 | Z6: 4885 | AA6: =SUM(Y6-Y5) -> 0 | AB6: Friday | AD6: =N6-N5 -> 3536 | AE6: =R6-R5 -> 0
A7: =A6+1 -> 44898 | B7: 58 | C7: 137 | D7: 2347154 | E7: 2294324 | F7: 350770 | G7: 8165373 | H7: 34978 | I7: 6423999 | J7: 309483 | K7: 2699441 | L7: 3533 | M7: 2925 | N7: 2245261 | Q7: 416703 | R7: 1123.838 | S7: 490.455 | T7: 3896.254 | U7: 367652 | V7: 72516 | W7: 55791 | X7: 188457 | Y7: 31904 | Z7: 4889 | AA7: =SUM(Y7-Y6) -> 0 | AB7: Saturday | AD7: =N7-N6 -> 3500 | AE7: =R7-R6 -> 0
A8: =A7+1 -> 44899 | B8: 25 | C8: 52 | D8: 2352273.5 | E8: 2297006 | F8: 350770 | G8: 8165373 | H8: 34978 | I8: 6426454 | J8: 310604 | K8: 2699906.5 | L8: 3524 | M8: 406 | N8: 2248517 | Q8: 416778 | R8: 1123.838 | S8: 490.455 | T8: 3896.254 | U8: 367679 | V8: 72568 | W8: 55796 | X8: 188512 | Y8: 31905 | Z8: 4892 | AA8: =SUM(Y8-Y7) -> 1 | AB8: Sunday | AD8: =N8-N7 -> 3256 | AE8: =R8-R7 -> 0
A9: =A8+1 -> 44900 | B9: 13 | C9: 29 | D9: 2357393 | E9: 2299688 | F9: 350770 | G9: 8167570 | H9: 34978 | I9: 6428944 | J9: 311700 | K9: 2700372 | L9: 3539 | M9: 0 | N9: 2251413 | Q9: 416849 | R9: 1123.838 | S9: 490.455 | T9: 3896.256 | U9: 367707 | V9: 72618 | W9: 55803 | X9: 188561 | Y9: 31911 | Z9: 4898 | AA9: =SUM(Y9-Y8) -> 6 | AB9: Monday | AD9: =N9-N8 -> 2896 | AE9: =R9-R8 -> 0
A10: =A9+1 -> 44901 | B10: 12 | C10: 28 | D10: 2363761 | E10: 2302011 | F10: 350770 | G10: 8169841 | H10: 34978 | I10: 6431103 | J10: 312598 | K10: 2701140 | L10: 3534 | M10: 0 | N10: 2254202 | Q10: 416923 | R10: 1124.318 | S10: 490.455 | T10: 3896.262 | U10: 367722 | V10: 72657 | W10: 55811 | X10: 188601 | Y10: 31911 | Z10: 4901 | AA10: =SUM(Y10-Y9) -> 0 | AB10: Tuesday | AD10: =N10-N9 -> 2789 | AE10: =R10-R9 -> 0.48
A11: =A10+1 -> 44902 | B11: 18 | C11: 35 | D11: 2370104 | E11: 2304388 | F11: 350772 | G11: 8172081 | H11: 34978 | I11: 6433285 | J11: 313488 | K11: 2701936 | L11: 3553 | M11: 1353 | N11: 2257123 | Q11: 416977 | R11: 1125.761 | S11: 490.455 | T11: 3896.287 | U11: 367722 | V11: 72691 | W11: 55816 | X11: 188637 | Y11: 31912 | Z11: 4904 | AA11: =SUM(Y11-Y10) -> 1 | AB11: Wednesday | AD11: =N11-N10 -> 2921 | AE11: =R11-R10 -> 1.443
A12: =A11+1 -> 44903 | B12: 50 | C12: 84 | D12: 2374264 | E12: 2307014 | F12: 350772 | G12: 8174425 | H12: 34978 | I12: 6435556 | J12: 314472 | K12: 2702157 | L12: 3544 | M12: 2925 | N12: 2260669 | Q12: 417045.5 | R12: 1127.284 | S12: 490.455 | T12: 3896.36 | U12: 367731 | V12: 72730 | W12: 55822 | X12: 188682 | Y12: 31913 | Z12: 4907 | AA12: =SUM(Y12-Y11) -> 1 | AB12: Thursday | AD12: =N12-N11 -> 3546 | AE12: =R12-R11 -> 1.523
A13: =A12+1 -> 44904 | B13: 79 | C13: 131 | D13: 2378203 | E13: 2309841.5 | F13: 350772 | G13: 8176850 | H13: 34978 | I13: 6437935 | J13: 315518.5 | K13: 2702161.5 | L13: 3531 | M13: 2558 | N13: 2264686 | Q13: 417114 | R13: 1128.812 | S13: 490.455 | T13: 3896.402 | U13: 367777 | V13: 72780 | W13: 55828 | X13: 188727 | Y13: 31922 | Z13: 4912 | AA13: =SUM(Y13-Y12) -> 9 | AB13: Friday | AD13: =N13-N12 -> 4017 | AE13: =R13-R12 -> 1.528
A14: =A13+1 -> 44905 | B14: 58 | C14: 139 | D14: 2382142 | E14: 2312669 | F14: 350772 | G14: 8179275 | H14: 34978 | I14: 6440314 | J14: 316565 | K14: 2702166 | L14: 3520 | M14: 2925 | N14: 2268613 | Q14: 417197 | R14: 1130.497 | S14: 490.455 | T14: 3896.403 | U14: 367823 | V14: 72839 | W14: 55835 | X14: 188786 | Y14: 31922 | Z14: 4915 | AA14: =SUM(Y14-Y13) -> 0 | AB14: Saturday | AD14: =N14-N13 -> 3927 | AE14: =R14-R13 -> 1.685
A15: =A14+1 -> 44906 | B15: 26 | C15: 63 | D15: 2386000 | E15: 2315623 | F15: 350772 | G15: 8181639 | H15: 34978 | I15: 6442763 | J15: 317649 | K15: 2702170 | L15: 3192 | M15: 2923 | N15: 2272732 | Q15: 417288 | R15: 1132.019 | S15: 490.455 | T15: 3896.403 | U15: 367876 | V15: 72902 | W15: 55842 | X15: 188845 | Y15: 31923 | Z15: 4921 | AA15: =SUM(Y15-Y14) -> 1 | AB15: Sunday | AD15: =N15-N14 -> 4119 | AE15: =R15-R14 -> 1.522
A16: =A15+1 -> 44907 | B16: 19 | C16: 40 | D16: 2389647 | E16: 2319818 | F16: 351194 | G16: 8183893 | H16: 34978 | I16: 6445362 | J16: 318850 | K16: 2702175 | L16: 0 | M16: 2925 | N16: 2276357 | Q16: 417362 | R16: 1133.601 | S16: 490.455 | T16: 3896.406 | U16: 367916 | V16: 72954 | W16: 55850 | X16: 188902 | Y16: 31931 | Z16: 4929 | AA16: =SUM(Y16-Y15) -> 8 | AB16: Monday | AD16: =N16-N15 -> 3625 | AE16: =R16-R15 -> 1.582
... A34: =A33+1 -> 44925 | B34: 89 | C34: 225 | D34: 2458073 | E34: 2387921 | F34: 355338 | G34: 8223727 | H34: 34978 | I34: 6495363 | J34: 340625 | K34: 2703029 | L34: 3585 | M34: 2925 | N34: 2335330 | Q34: 419070 | R34: 1136.786 | S34: 490.455 | T34: 3896.448 | U34: 369021 | V34: 74178 | W34: 55993 | X34: 190164 | Y34: 31973 | Z34: 5007 | AA34: =SUM(Y34-Y33) -> 1 | AB34: Friday | AD34: =N34-N33 -> 3312 | AE34: =R34-R33 -> 0
A35: =A34+1 -> 44926 | B35: 130 | C35: 329 | D35: 2461493 | E35: 2391000 | F35: 355338 | G35: 8225620 | H35: 34978 | I35: 6498090 | J35: 341824 | K35: 2703034 | L35: 3584 | M35: 2924 | N35: 2338357 | O35: 51602 | P35: 362327 | Q35: 419161 | R35: 1136.786 | S35: 490.455 | T35: 3896.448 | U35: 369090 | V35: 74253 | W35: 56001 | X35: 190208 | Y35: 31974 | Z35: 5008 | AA35: =SUM(Y35-Y34) -> 1 | AB35: Saturday | AD35: =N35-N34 -> 3027 | AE35: =R35-R34 -> 0
D36: =SUM(D35-D4) -> 125316 | E36: =SUM(E35-E4) -> 104073 | F36: =SUM(F35-F4) -> 4568 | G36: =SUM(G35-G4) -> 69150 | H36: =SUM(H35-H4) -> 0 | I36: =SUM(I35-I4) -> 81138 | J36: =SUM(J35-J4) -> 35521 | K36: =SUM(K35-K4) -> 3602 | L36: =SUM(L5:L35) -> 93558 | M36: =SUM(M5:M35) -> 78099 | N36: =SUM(N35-N4) -> 103337 | O36: =SUM(O35-O4) -> 473 | P36: =SUM(P35-P4) -> 2567 | Q36: =SUM(Q35-Q4) -> 2661 | R36: =SUM(R35-R4) -> 12.95 | S36: =SUM(S35-S4) -> 0 | T36: =SUM(T35-T4) -> 0.193 | U36: =SUM(U35-U4) -> 1451 | ... Z36: =SUM(Z35-Z4) -> 135
