Workbook

Sheet TOTAL
A1: Site Name | B1: Day | C1: Month | D1: Year | E1: Total Electricity Kwh | F1: Peak hour Kwh | G1: Low Peak Hour Kwh | H1: Electricity Tariff ($/Kwh) | I1: Electricity Total Tariff (Rupiah) | J1: Natual Gas (m3) | K1: Natural Gas $/m3 | L1: Water Utility Supply (m3) m3 | M1: Water Utility Supply (m3) $/m3 | N1: Room Nights | O1: Total Guests | P1: Utilities day cost dh
A2: Jakarta | B2: 1 | C2: 11 | D2: 2022 | E2: =Electricity!H6 -> 22719 | F2: =+Electricity!F6 -> 3826 | G2: =+Electricity!G6 -> 18893 | H2: 1035.78 | I2: =+Electricity!O6 -> 26278733 | J2: =Gas!D5 -> 213.72 | K2: 5362 | L2: =Water!C5 -> 322.04 | M2: 12500 | N2: =+Electricity!C6 -> 104 | O2: =+Electricity!D6 -> 462 | P2: =E2*H2+J2*K2+#REF!*#REF!+L2*M2 -> #REF!
A3: Jakarta | B3: 2 | C3: 11 | D3: 2022 | E3: =Electricity!H7 -> 27871.6 | F3: =+Electricity!F7 -> 3879.7 | G3: =+Electricity!G7 -> 23991.9 | H3: 1035.78 | I3: =+Electricity!O7 -> 31804447 | J3: =Gas!D6 -> 226.06 | K3: 5362 | L3: =Water!C6 -> 150.84 | M3: 12500 | N3: =+Electricity!C7 -> 96 | O3: =+Electricity!D7 -> 638 | P3: =E3*H3+J3*K3+#REF!*#REF!+L3*M3 -> #REF!
A4: Jakarta | B4: 3 | C4: 11 | D4: 2022 | E4: =Electricity!H8 -> 18689.9 | F4: =+Electricity!F8 -> 4039 | G4: =+Electricity!G8 -> 14650.9 | H4: 1035.78 | I4: =+Electricity!O8 -> 22093894 | J4: =Gas!D7 -> 195.12 | K4: 5362 | L4: =Water!C7 -> 150.78 | M4: 12500 | N4: =+Electricity!C8 -> 107 | O4: =+Electricity!D8 -> 395 | P4: =E4*H4+J4*K4+#REF!*#REF!+L4*M4 -> #REF!
A5: Jakarta | B5: 4 | C5: 11 | D5: 2022 | E5: =Electricity!H9 -> 21664 | F5: =+Electricity!F9 -> 3737.8 | G5: =+Electricity!G9 -> 17926.2 | H5: 1035.78 | I5: =+Electricity!O9 -> 25106154 | J5: =Gas!D8 -> 195.98 | K5: 5362 | L5: =Water!C8 -> 136.94 | M5: 12500 | N5: =+Electricity!C9 -> 116 | O5: =+Electricity!D9 -> 556 | P5: =E5*H5+J5*K5+#REF!*#REF!+L5*M5 -> #REF!
A6: Jakarta | B6: 5 | C6: 11 | D6: 2022 | E6: =Electricity!H10 -> 20659.1 | F6: =+Electricity!F10 -> 3726.2 | G6: =+Electricity!G10 -> 16932.9 | H6: 1035.78 | I6: =+Electricity!O10 -> 24027886 | J6: =Gas!D9 -> 206.73 | K6: 5362 | L6: =Water!C9 -> 92.02 | M6: 12500 | N6: =+Electricity!C10 -> 115 | O6: =+Electricity!D10 -> 492 | P6: =E6*H6+J6*K6+#REF!*#REF!+L6*M6 -> #REF!
A7: Jakarta | B7: 6 | C7: 11 | D7: 2022 | E7: =Electricity!H11 -> 21890.6 | F7: =+Electricity!F11 -> 3825.7 | G7: =+Electricity!G11 -> 18064.9 | H7: 1035.78 | I7: =+Electricity!O11 -> 25394792 | J7: =Gas!D10 -> 171.22 | K7: 5362 | L7: =Water!C10 -> 157.84 | M7: 12500 | N7: =+Electricity!C11 -> 62 | O7: =+Electricity!D11 -> 492 | P7: =E7*H7+J7*K7+#REF!*#REF!+L7*M7 -> #REF!
A8: Jakarta | B8: 7 | C8: 11 | D8: 2022 | E8: =Electricity!H12 -> 22731.7 | F8: =+Electricity!F12 -> 4544.1 | G8: =+Electricity!G12 -> 18187.6 | H8: 1035.78 | I8: =+Electricity!O12 -> 26675336 | J8: =Gas!D11 -> 222.08 | K8: 5362 | L8: =Water!C11 -> 193.48 | M8: 12500 | N8: =+Electricity!C12 -> 52 | O8: =+Electricity!D12 -> 583 | P8: =E8*H8+J8*K8+#REF!*#REF!+L8*M8 -> #REF!
A9: Jakarta | B9: 8 | C9: 11 | D9: 2022 | E9: =Electricity!H13 -> 20510 | F9: =+Electricity!F13 -> 3998.9 | G9: =+Electricity!G13 -> 16511.1 | H9: 1035.78 | I9: =+Electricity!O13 -> 24014283 | J9: =Gas!D12 -> 205.89 | K9: 5362 | L9: =Water!C12 -> 125.8 | M9: 12500 | N9: =+Electricity!C13 -> 56 | O9: =+Electricity!D13 -> 450 | P9: =E9*H9+J9*K9+#REF!*#REF!+L9*M9 -> #REF!
A10: Jakarta | B10: 9 | C10: 11 | D10: 2022 | E10: =Electricity!H14 -> 21541 | F10: =+Electricity!F14 -> 3679.2 | G10: =+Electricity!G14 -> 17861.8 | H10: 1035.78 | I10: =+Electricity!O14 -> 24943673 | J10: =Gas!D13 -> 209.24 | K10: 5362 | L10: =Water!C13 -> 141.02 | M10: 12500 | N10: =+Electricity!C14 -> 77 | O10: =+Electricity!D14 -> 549 | P10: =E10*H10+J10*K10+#REF!*#REF!+L10*M10 -> #REF!
A11: Jakarta | B11: 10 | C11: 11 | D11: 2022 | E11: =Electricity!H15 -> 21610.2 | F11: =+Electricity!F15 -> 3802 | G11: =+Electricity!G15 -> 17808.2 | H11: 1035.78 | I11: =+Electricity!O15 -> 25083004 | J11: =Gas!D14 -> 177.35 | K11: 5362 | L11: =Water!C14 -> 127.14 | M11: 12500 | N11: =+Electricity!C15 -> 85 | O11: =+Electricity!D15 -> 489 | P11: =E11*H11+J11*K11+#REF!*#REF!+L11*M11 -> #REF!
A12: Jakarta | B12: 11 | C12: 11 | D12: 2022 | E12: =Electricity!H16 -> 20526.4 | F12: =+Electricity!F16 -> 3685.3 | G12: =+Electricity!G16 -> 16841.1 | H12: 1035.78 | I12: =+Electricity!O16 -> 23864497 | J12: =Gas!D15 -> 235.2 | K12: 5362 | L12: =Water!C15 -> 156.1 | M12: 12500 | N12: =+Electricity!C16 -> 99 | O12: =+Electricity!D16 -> 653 | P12: =E12*H12+J12*K12+#REF!*#REF!+L12*M12 -> #REF!
A13: Jakarta | B13: 12 | C13: 11 | D13: 2022 | E13: =Electricity!H17 -> 23331.3 | F13: =+Electricity!F17 -> 4564.6 | G13: =+Electricity!G17 -> 18766.7 | H13: 1035.78 | I13: =+Electricity!O17 -> 27325956 | J13: =Gas!D16 -> 226.72 | K13: 5362 | L13: =Water!C16 -> 197.76 | M13: 12500 | N13: =+Electricity!C17 -> 98 | O13: =+Electricity!D17 -> 543 | P13: =E13*H13+J13*K13+#REF!*#REF!+L13*M13 -> #REF!
... A29: Jakarta | B29: 28 | C29: 11 | D29: 2022 | E29: =Electricity!H33 -> 20271.4 | F29: =+Electricity!F33 -> 3556.5 | G29: =+Electricity!G33 -> 16714.9 | H29: 1035.78 | I29: =+Electricity!O33 -> 23523744 | J29: =Gas!D32 -> 221.11 | K29: 5362 | L29: =Water!C32 -> 147.14 | M29: 12500 | N29: =+Electricity!C33 -> 75 | O29: =+Electricity!D33 -> 447 | P29: =E29*H29+J29*K29+#REF!*#REF!+L29*M29 -> #REF!
A30: Jakarta | B30: 29 | C30: 11 | D30: 2022 | E30: =Electricity!H34 -> 21281.6 | F30: =+Electricity!F34 -> 3726.7 | G30: =+Electricity!G34 -> 17554.9 | H30: 1035.78 | I30: =+Electricity!O34 -> 24692269 | J30: =Gas!D33 -> 247.11 | K30: 5362 | L30: =Water!C33 -> 139.74 | M30: 12500 | N30: =+Electricity!C34 -> 84 | O30: =+Electricity!D34 -> 548
A31: Jakarta | B31: 30 | C31: 11 | D31: 2022 | E31: =Electricity!H35 -> 22062.6 | F31: =+Electricity!F35 -> 3870.3 | G31: =+Electricity!G35 -> 18192.3 | H31: 1035.78 | I31: =+Electricity!O35 -> 25602081 | J31: =Gas!D34 -> 236.57 | K31: 5362 | L31: =Water!C34 -> 114.36 | M31: 12500 | N31: =+Electricity!C35 -> 93 | O31: =+Electricity!D35 -> 557

Sheet Electricity
B1: Electricity Distribution 2022
B2: Date | E2: Cost per kWh in Rupiah ( Rp) | F2: HOTEL DAILY ELECTRICITY METER
F3: Peak Hour | G3: Low Peak Hour | H3: Total Metering | I3: Sub Metering | K3: Total Cost | N3: Tax for public service3% | O3: TOTAL BILL
F4: ( 17:01-22:00) | G4: ( 22:01 -17:00) | H4: 24 Hour | I4: Chiller | J4: Other | K4: Peak Hour | L4: Low Peak Hour | M4: Total (Rp)
C5: Room Nights | D5: Total Guests | E5: 1035.78 | F5: kWh | G5: kWh | H5: kWh | I5: kWh | J5: kWh | K5: Rupiah | L5: Rupiah | M5: Rupiah | N5: Rupiah | O5: Rupiah
B6: 44866 | C6: 104 | D6: 462 | E6: 1035.78 | F6: 3826 | G6: 18893 | H6: =G6+F6 -> 22719 | I6: 9739 | J6: =+H6-I6 -> 12980 | K6: =F6*1.5*E6 -> 5944341.4 | L6: =G6*E6 -> 19568992 | M6: =L6+K6 -> 25513333 | N6: =M6*0.03 -> 765399.99 | O6: =M6+N6 -> 26278733
B7: 44867 | C7: 96 | D7: 638 | E7: 1035.78 | F7: 3879.7 | G7: 23991.9 | H7: =G7+F7 -> 27871.6 | I7: 9233 | J7: =+H7-I7 -> 18638.6 | K7: =F7*1.5*E7 -> 6027773.5 | L7: =G7*E7 -> 24850330 | M7: =L7+K7 -> 30878104 | N7: =M7*0.03 -> 926343.11 | O7: =M7+N7 -> 31804447
B8: 44868 | C8: 107 | D8: 395 | E8: 1035.78 | F8: 4039 | G8: 14650.9 | H8: =G8+F8 -> 18689.9 | I8: 7875 | J8: =+H8-I8 -> 10814.9 | K8: =F8*1.5*E8 -> 6275273.1 | L8: =G8*E8 -> 15175109 | M8: =L8+K8 -> 21450382 | N8: =M8*0.03 -> 643511.47 | O8: =M8+N8 -> 22093894
B9: 44869 | C9: 116 | D9: 556 | E9: 1035.78 | F9: 3737.8 | G9: 17926.2 | H9: =G9+F9 -> 21664 | I9: 7965 | J9: =+H9-I9 -> 13699 | K9: =F9*1.5*E9 -> 5807307.7 | L9: =G9*E9 -> 18567599 | M9: =L9+K9 -> 24374907 | N9: =M9*0.03 -> 731247.21 | O9: =M9+N9 -> 25106154
B10: 44870 | C10: 115 | D10: 492 | E10: 1035.78 | F10: 3726.2 | G10: 16932.9 | H10: =G10+F10 -> 20659.1 | I10: 8140 | J10: =+H10-I10 -> 12519.1 | K10: =F10*1.5*E10 -> 5789285.2 | L10: =G10*E10 -> 17538759 | M10: =L10+K10 -> 23328044 | N10: =M10*0.03 -> 699841.33 | O10: =M10+N10 -> 24027886
B11: 44871 | C11: 62 | D11: 492 | E11: 1035.78 | F11: 3825.7 | G11: 18064.9 | H11: =G11+F11 -> 21890.6 | I11: 9135 | J11: =+H11-I11 -> 12755.6 | K11: =F11*1.5*E11 -> 5943875.3 | L11: =G11*E11 -> 18711262 | M11: =L11+K11 -> 24655137 | N11: =M11*0.03 -> 739654.12 | O11: =M11+N11 -> 25394792
B12: 44872 | C12: 52 | D12: 583 | E12: 1035.78 | F12: 4544.1 | G12: 18187.6 | H12: =G12+F12 -> 22731.7 | I12: 7642 | J12: =+H12-I12 -> 15089.7 | K12: =F12*1.5*E12 -> 7060031.8 | L12: =G12*E12 -> 18838352 | M12: =L12+K12 -> 25898384 | N12: =M12*0.03 -> 776951.53 | O12: =M12+N12 -> 26675336
B13: 44873 | C13: 56 | D13: 450 | E13: 1035.78 | F13: 3998.9 | G13: 16511.1 | H13: =G13+F13 -> 20510 | I13: 7514 | J13: =+H13-I13 -> 12996 | K13: =F13*1.5*E13 -> 6212971 | L13: =G13*E13 -> 17101867 | M13: =L13+K13 -> 23314838 | N13: =M13*0.03 -> 699445.14 | O13: =M13+N13 -> 24014283
B14: 44874 | C14: 77 | D14: 549 | E14: 1035.78 | F14: 3679.2 | G14: 17861.8 | H14: =G14+F14 -> 21541 | I14: 8103 | J14: =+H14-I14 -> 13438 | K14: =F14*1.5*E14 -> 5716262.7 | L14: =G14*E14 -> 18500895 | M14: =L14+K14 -> 24217158 | N14: =M14*0.03 -> 726514.74 | O14: =M14+N14 -> 24943673
B15: 44875 | C15: 85 | D15: 489 | E15: 1035.78 | F15: 3802 | G15: 17808.2 | H15: =G15+F15 -> 21610.2 | I15: 8046 | J15: =+H15-I15 -> 13564.2 | K15: =F15*1.5*E15 -> 5907053.3 | L15: =G15*E15 -> 18445377 | M15: =L15+K15 -> 24352431 | N15: =M15*0.03 -> 730572.92 | O15: =M15+N15 -> 25083004
B16: 44876 | C16: 99 | D16: 653 | E16: 1035.78 | F16: 3685.3 | G16: 16841.1 | H16: =G16+F16 -> 20526.4 | I16: 9164 | J16: =+H16-I16 -> 11362.4 | K16: =F16*1.5*E16 -> 5725740.1 | L16: =G16*E16 -> 17443675 | M16: =L16+K16 -> 23169415 | N16: =M16*0.03 -> 695082.44 | O16: =M16+N16 -> 23864497
B17: 44877 | C17: 98 | D17: 543 | E17: 1035.78 | F17: 4564.6 | G17: 18766.7 | H17: =G17+F17 -> 23331.3 | I17: 10314 | J17: =+H17-I17 -> 13017.3 | K17: =F17*1.5*E17 -> 7091882.1 | L17: =G17*E17 -> 19438173 | M17: =L17+K17 -> 26530055 | N17: =M17*0.03 -> 795901.64 | O17: =M17+N17 -> 27325956
... B35: 44895 | C35: 93 | D35: 557 | E35: 1035.78 | F35: 3870.3 | G35: 18192.3 | H35: =G35+F35 -> 22062.6 | I35: 8065 | J35: =+H35-I35 -> 13997.6 | K35: =F35*1.5*E35 -> 6013169 | L35: =G35*E35 -> 18843220 | M35: =L35+K35 -> 24856389 | N35: =M35*0.03 -> 745691.68 | O35: =M35+N35 -> 25602081
C36: =SUM(C6:C35) -> 2489 | D36: =SUM(D6:D35) -> 16389 | E36: Hotel | F36: =SUM(F5:F35) -> 120672.5 | G36: =SUM(G5:G35) -> 542398.2 | H36: =SUM(H5:H35) -> 663070.7 | I36: =SUM(I5:I35) -> 255603 | J36: =SUM(J5:J35) -> 407467.7 | K36: =SUM(K5:K35) -> 1.8748524e+08 | L36: =SUM(L5:L35) -> 5.6180521e+08 | M36: =SUM(M5:M35) -> 7.4929045e+08 | ... O36: =SUM(O5:O35) -> 7.7176916e+08

Sheet Water
B1: WATER METER READING
B3: Date | C3: Total Metering | D3: Sub metering
C4: m3 | D4: Clean water Level 22 | E4: CW Public Area | F4: Recycle Water share 20% | G4: Recycle Water
B5: 44866 | C5: =+SUM(D5:F5) -> 322.04 | D5: ='[1]Clean water & recycle water log'!N173 -> 54.6 | E5: ='[1]Clean water & recycle water log'!O173 -> 249.5 | F5: =G5*0.2 -> 17.94 | G5: ='[1]Clean water & recycle water log'!R173 -> 89.7
B6: 44867 | C6: =+SUM(D6:F6) -> 150.84 | D6: ='[1]Clean water & recycle water log'!N174 -> 34.6 | E6: ='[1]Clean water & recycle water log'!O174 -> 100.3 | F6: =G6*0.2 -> 15.94 | G6: ='[1]Clean water & recycle water log'!R174 -> 79.7
B7: 44868 | C7: =+SUM(D7:F7) -> 150.78 | D7: ='[1]Clean water & recycle water log'!N175 -> 35.1 | E7: ='[1]Clean water & recycle water log'!O175 -> 103.7 | F7: =G7*0.2 -> 11.98 | G7: ='[1]Clean water & recycle water log'!R175 -> 59.9
B8: 44869 | C8: =+SUM(D8:F8) -> 136.94 | D8: ='[1]Clean water & recycle water log'!N176 -> 45.8 | E8: ='[1]Clean water & recycle water log'!O176 -> 86.5 | F8: =G8*0.2 -> 4.64 | G8: ='[1]Clean water & recycle water log'!R176 -> 23.2
B9: 44870 | C9: =+SUM(D9:F9) -> 92.02 | D9: ='[1]Clean water & recycle water log'!N177 -> 44.4 | E9: ='[1]Clean water & recycle water log'!O177 -> 34.4 | F9: =G9*0.2 -> 13.22 | G9: ='[1]Clean water & recycle water log'!R177 -> 66.1
B10: 44871 | C10: =+SUM(D10:F10) -> 157.84 | D10: ='[1]Clean water & recycle water log'!N178 -> 26.7 | E10: ='[1]Clean water & recycle water log'!O178 -> 115.1 | F10: =G10*0.2 -> 16.04 | G10: ='[1]Clean water & recycle water log'!R178 -> 80.2
B11: 44872 | C11: =+SUM(D11:F11) -> 193.48 | D11: ='[1]Clean water & recycle water log'!N179 -> 42 | E11: ='[1]Clean water & recycle water log'!O179 -> 130.4 | F11: =G11*0.2 -> 21.08 | G11: ='[1]Clean water & recycle water log'!R179 -> 105.4
B12: 44873 | C12: =+SUM(D12:F12) -> 125.8 | D12: ='[1]Clean water & recycle water log'!N180 -> 16.9 | E12: ='[1]Clean water & recycle water log'!O180 -> 96.9 | F12: =G12*0.2 -> 12 | G12: ='[1]Clean water & recycle water log'!R180 -> 60
B13: 44874 | C13: =+SUM(D13:F13) -> 141.02 | D13: ='[1]Clean water & recycle water log'!N181 -> 34.8 | E13: ='[1]Clean water & recycle water log'!O181 -> 91.5 | F13: =G13*0.2 -> 14.72 | G13: ='[1]Clean water & recycle water log'!R181 -> 73.6
B14: 44875 | C14: =+SUM(D14:F14) -> 127.14 | D14: ='[1]Clean water & recycle water log'!N182 -> 35.6 | E14: ='[1]Clean water & recycle water log'!O182 -> 80 | F14: =G14*0.2 -> 11.54 | G14: ='[1]Clean water & recycle water log'!R182 -> 57.7
B15: 44876 | C15: =+SUM(D15:F15) -> 156.1 | D15: ='[1]Clean water & recycle water log'!N183 -> 34.2 | E15: ='[1]Clean water & recycle water log'!O183 -> 105.7 | F15: =G15*0.2 -> 16.2 | G15: ='[1]Clean water & recycle water log'!R183 -> 81
B16: 44877 | C16: =+SUM(D16:F16) -> 197.76 | D16: ='[1]Clean water & recycle water log'!N184 -> 52.9 | E16: ='[1]Clean water & recycle water log'!O184 -> 129.1 | F16: =G16*0.2 -> 15.76 | G16: ='[1]Clean water & recycle water log'!R184 -> 78.8
... B34: 44895 | C34: =+SUM(D34:F34) -> 114.36 | D34: ='[1]Clean water & recycle water log'!N202 -> 37.3 | E34: ='[1]Clean water & recycle water log'!O202 -> 61.9 | F34: =G34*0.2 -> 15.16 | G34: ='[1]Clean water & recycle water log'!R202 -> 75.8
C36: =+D36+E36+F36 -> 4718.98 | D36: =SUM(D5:D34) -> 1134.3 | E36: =SUM(E5:E34) -> 3143.4 | F36: =SUM(F5:F34) -> 441.28 | G36: =SUM(G5:G34) -> 2206.4
B40: Total Consumption CW Hotel + Public Area + Recycle Water commond share ( 20% ) | G40: =+D36+E36+F36 -> 4718.98
B43: Unit Price | E43: Rupiah ( Rp) | G43: 12500
B46: Total Bill | G46: =(D36+E36)*G43 -> 53471250

Sheet Gas
B1: GAS METER READING
B3: Date | C3: Main metering | E3: Sub metering ( m3)
C4: Mmbtu | D4: Sm3 | E4: Kitchen B1 | F4: Palm court Kitchen | G4: Ballroom Kitchen | H4: Alto Kitchen
B5: 44866 | C5: 7.76 | D5: 213.72
B6: 44867 | C6: 8.21 | D6: 226.06
B7: 44868 | C7: 7.09 | D7: 195.12
B8: 44869 | C8: 7.1 | D8: 195.98
B9: 44870 | C9: 7.51 | D9: 206.73
B10: 44871 | C10: 6.23 | D10: 171.22
B11: 44872 | C11: 8.08 | D11: 222.08
B12: 44873 | C12: 7.51 | D12: 205.89
B13: 44874 | C13: 7.59 | D13: 209.24
B14: 44875 | C14: 6.44 | D14: 177.35
B15: 44876 | C15: 8.55 | D15: 235.2
B16: 44877 | C16: 8.21 | D16: 226.72
... B34: 44895 | C34: 8.78 | D34: 236.57
C36: =SUM(C5:C34) -> 227.16 | D36: =SUM(D5:D34) -> 6256.63 | E36: =SUM(E5:E34) -> 0 | F36: =SUM(F5:F34) -> 0 | G36: =SUM(G5:G34) -> 0 | H36: =SUM(H5:H34) -> 0
H37: =H36*80% -> 0
C42: Unit Price | D42: US $ | E42: 10.2
C43: mimimum contract | D43: Mmbtu | E43: 350
C45: Total Bill | D45: US $ | E45: =IF(C36>E43,(C36*E42),(E43*E42)) -> 3570
