Workbook

Sheet Sheet1
A1: Site Name | B1: Month | C1: Year | D1: Purchased Electricity KWh | E1: Purchased Electricity Tariff ($/KWh) | F1: Electricity Total Budgeted | G1: Electricity Total Budgeted Cost ($) | H1: Natural Gas Hot-Water Boilers (m3) m3 | I1: Natural Gas Hot-Water Boilers (m3) $/m3 | J1: Natural Gas Total Budgeted | K1: Natural Gas Total Budgeted Cost ($) | L1: Water Utility Supply (m3) m3 | M1: Water Utility Supply (m3) $/m3 | N1: Water Total Budgeted | O1: Water Total Budgeted Cost ($) | P1: District cooling (Building) MJ | Q1: District cooling (Building) tariff (Y/MJ) | R1: Cooling Water MJ | S1: Cooling water (Y/MJ) | T1: Cooling water Fixed Cost (Y) | U1: District Energy Cooling KWh | V1: District Energy Cooling $/KWh | W1: Cooling District Energy Total Budgeted | X1: Cooling District Energy Total Budgeted Cost ($) | Y1: District Heating (Building) MJ | Z1: District Heating (Building) tariff Y/MJ | AA1: District Heating (Steam) MJ | AB1: District Heating (Steam) tariff Y/MJ | AC1: District Heating Fixed Cost (JPY) | AD1: District Energy Heating KWh | AE1: District Energy Heating $/KWh | AF1: Heating District Energy Total Budgeted | AG1: Heating District Energy Total Budgeted Cost ($) | AH1: Food Covers | AI1: Room Nights | AJ1: Forex | AL1: https://lets-gold.net/price-monthly-ave.php?c=usdjpy
A2: Tokyo at Otemachi | B2: 1 | C2: 2023 | D2: =[1]コスト!$AL$147 -> 16174 | E2: =[1]見込!$G$3 -> 36.8 | F2: 507613 | G2: 16751232 | H2: =[1]コスト!$AL$23 -> 211.8 | I2: =[1]見込!$M$23 -> 329.34529 | J2: 5522 | K2: 855954 | L2: =[1]コスト!$AL$41 -> 245 | M2: 741 | N2: =O2/741 -> 6040.5439 | O2: 4476043 | P2: =[1]コスト!$AL$111 -> 9782 | Q2: 10.79 | R2: =[1]見込!$AA$21 -> 1487 | T2: 508600 | U2: =(P2+R2)*0.2778 -> 3130.5282 | V2: =(P2*Q2+T2)/U2 -> 196.18024 | W2: 54114 | X2: 1203337 | Y2: =[1]コスト!$AL$87 -> 86686 | Z2: 7.22 | AA2: =[1]コスト!$AL$61 -> 38920.5 | AB2: =[1]見込!$M$3 -> 4.112 | AC2: 1698120 | AD2: =(Y2+AA2)*0.2778 -> 34893.486 | AE2: =((Y2*Z2)+(AA2*AB2)+AC2)/AD2 -> 71.189048 | AF2: 993215 | AG2: 23790643 | AH2: =[2]cover!$D$45 -> 0 | AJ2: 0
A3: Tokyo at Otemachi | B3: 2 | C3: 2023 | D3: =[3]コスト!$AL$147 -> 0 | E3: =[3]見込!$G$3 -> 36.5 | F3: 451775 | G3: 14908577 | H3: =[3]コスト!$AL$23 -> 0 | I3: =[3]見込!$M$23 -> #DIV/0! | J3: 6203 | K3: 961564 | L3: =[3]コスト!$AL$41 -> 0 | M3: 741 | N3: =O3/741 -> 5737.6653 | O3: 4251610 | P3: =[3]コスト!$AL$111 -> 0 | Q3: 10.79 | R3: =[3]見込!$AA$21 -> 0 | T3: 508600 | U3: =(P3+R3)*0.2778 -> 0 | V3: =(P3*Q3+T3)/U3 -> #DIV/0! | W3: 54898 | X3: 1233788 | Y3: =[3]コスト!$AL$87 -> 0 | Z3: 7.22 | AA3: =[3]コスト!$AL$61 -> 0 | AB3: =[3]見込!$M$3 -> 3.572 | AC3: 1698120 | AD3: =(Y3+AA3)*0.2778 -> 0 | AE3: =((Y3*Z3)+(AA3*AB3)+AC3)/AD3 -> #DIV/0! | AF3: 979210 | AG3: 23561000 | AH3: =[2]cover!$E$45 -> 0 | AJ3: 0
A4: Tokyo at Otemachi | B4: 3 | C4: 2023 | D4: =[4]コスト!$AL$147 -> 0 | E4: =[4]見込!$G$3 -> 36.5 | F4: 494346 | G4: 16560620 | H4: =[4]コスト!$AL$23 -> 0 | I4: =[4]見込!$M$23 -> #DIV/0! | J4: 6160 | K4: 961035 | L4: =[4]コスト!$AL$41 -> 0 | M4: 741 | N4: =O4/741 -> 6568.2294 | O4: 4867058 | P4: =[4]コスト!$AL$111 -> 0 | Q4: 10.79 | R4: =[4]見込!$AA$21 -> 0 | T4: 508600 | U4: =(P4+R4)*0.2778 -> 0 | V4: =(P4*Q4+T4)/U4 -> #DIV/0! | W4: 92792 | X4: 2705599 | Y4: =[4]コスト!$AL$87 -> 0 | Z4: 7.22 | AA4: =[4]コスト!$AL$61 -> 0 | AB4: =[4]見込!$M$3 -> 3.572 | AC4: 1698120 | AD4: =(Y4+AA4)*0.2778 -> 0 | AE4: =((Y4*Z4)+(AA4*AB4)+AC4)/AD4 -> #DIV/0! | AF4: 788504 | AG4: 18485900 | AH4: =[2]cover!$F$45 -> 0 | AJ4: 0
A5: Tokyo at Otemachi | B5: 4 | C5: 2023 | D5: =[5]コスト!$AL$147 -> 0 | E5: =[5]見込!$G$3 -> 36.5 | F5: 486961 | G5: 16313197 | H5: =[5]コスト!$AL$23 -> 0 | I5: =[5]見込!$M$23 -> #DIV/0! | J5: 6443 | K5: 1005250 | L5: =[5]コスト!$AL$41 -> 0 | M5: 741 | N5: =O5/741 -> 5802.8839 | O5: 4299937 | P5: =[5]コスト!$AL$111 -> 0 | Q5: 10.79 | R5: =[5]見込!$AA$21 -> 0 | T5: 508600 | U5: =(P5+R5)*0.2778 -> 0 | V5: =(P5*Q5+T5)/U5 -> #DIV/0! | W5: 162611 | X5: 5417436 | Y5: =[5]コスト!$AL$87 -> 0 | Z5: 7.22 | AA5: =[5]コスト!$AL$61 -> 0 | AB5: =[5]見込!$M$3 -> 3.572 | AC5: 1698120 | AD5: =(Y5+AA5)*0.2778 -> 0 | AE5: =((Y5*Z5)+(AA5*AB5)+AC5)/AD5 -> #DIV/0! | AF5: 507082 | AG5: 11421886 | AH5: =[2]cover!$G$45 -> 0 | AJ5: 0
A6: Tokyo at Otemachi | B6: 5 | C6: 2023 | D6: =[6]コスト!$AL$147 -> 0 | E6: =[6]見込!$G$3 -> 36.5 | F6: 509789 | G6: 17332840 | H6: =[6]コスト!$AL$23 -> 0 | I6: =[6]見込!$M$23 -> #DIV/0! | J6: 5948 | K6: 933954 | L6: =[6]コスト!$AL$41 -> 0 | M6: 741 | N6: =O6/741 -> 5919.5128 | O6: 4386359 | P6: =[6]コスト!$AL$111 -> 0 | Q6: 10.79 | R6: =[6]見込!$AA$21 -> 0 | T6: 508600 | U6: =(P6+R6)*0.2778 -> 0 | V6: =(P6*Q6+T6)/U6 -> #DIV/0! | W6: 329661 | X6: 11905825 | Y6: =[6]コスト!$AL$87 -> 0 | Z6: 7.22 | AA6: =[6]コスト!$AL$61 -> 0 | AB6: =[6]見込!$M$3 -> 3.572 | AC6: 1698120 | AD6: =(Y6+AA6)*0.2778 -> 0 | AE6: =((Y6*Z6)+(AA6*AB6)+AC6)/AD6 -> #DIV/0! | AF6: 327683 | AG6: 6795822 | AH6: =[2]cover!$H$45 -> 0 | AJ6: 0
A7: Tokyo at Otemachi | B7: 6 | C7: 2023 | D7: =[7]コスト!$AL$147 -> 0 | E7: =[7]見込!$G$3 -> 36.5 | F7: 528128 | G7: 17956352 | H7: =[7]コスト!$AL$23 -> 0 | I7: =[7]見込!$M$23 -> #DIV/0! | J7: 5660 | K7: 888760 | L7: =[7]コスト!$AL$41 -> 0 | M7: 741 | N7: =O7/741 -> 5623.6086 | O7: 4167094 | P7: =[7]コスト!$AL$111 -> 0 | Q7: 10.79 | R7: =[7]見込!$AA$21 -> 0 | T7: 508600 | U7: =(P7+R7)*0.2778 -> 0 | V7: =(P7*Q7+T7)/U7 -> #DIV/0! | W7: 543348 | X7: 20205596 | Y7: =[7]コスト!$AL$87 -> 0 | Z7: 7.22 | AA7: =[7]コスト!$AL$61 -> 0 | AB7: =[7]見込!$M$3 -> 3.572 | AC7: 1698120 | AD7: =(Y7+AA7)*0.2778 -> 0 | AE7: =((Y7*Z7)+(AA7*AB7)+AC7)/AD7 -> #DIV/0! | AF7: 263462 | AG7: 5305100 | AH7: =[2]cover!$I$45 -> 0 | AJ7: 0
A8: Tokyo at Otemachi | B8: 7 | C8: 2023 | D8: =[8]コスト!$AL$147 -> 0 | E8: =[8]見込!$G$3 -> 36.5 | F8: 558885 | G8: 19281564 | H8: =[8]コスト!$AL$23 -> 0 | I8: =[8]見込!$M$23 -> #DIV/0! | J8: 5535 | K8: 869004 | L8: =[8]コスト!$AL$41 -> 0 | M8: 741 | N8: =O8/741 -> 5733.7611 | O8: 4248717 | P8: =[8]コスト!$AL$111 -> 0 | Q8: 10.79 | R8: =[8]見込!$AA$21 -> 0 | T8: 508600 | U8: =(P8+R8)*0.2778 -> 0 | V8: =(P8*Q8+T8)/U8 -> #DIV/0! | W8: 865142 | X8: 32704380 | Y8: =[8]コスト!$AL$87 -> 0 | Z8: 7.22 | AA8: =[8]コスト!$AL$61 -> 0 | AB8: =[8]見込!$M$3 -> 3.572 | AC8: 1698120 | AD8: =(Y8+AA8)*0.2778 -> 0 | AE8: =((Y8*Z8)+(AA8*AB8)+AC8)/AD8 -> #DIV/0! | AF8: 219445 | AG8: 4294768 | AH8: =[2]cover!$J$45 -> 0 | AJ8: 0
A9: Tokyo at Otemachi | B9: 8 | C9: 2023 | D9: =[9]コスト!$AL$147 -> 0 | E9: =[9]見込!$G$3 -> 36.5 | F9: 580494 | G9: 20027062 | H9: =[9]コスト!$AL$23 -> 0 | I9: =[9]見込!$M$23 -> #DIV/0! | J9: 5284 | K9: 829730 | L9: =[9]コスト!$AL$41 -> 0 | M9: 741 | N9: =O9/741 -> 6089.9879 | O9: 4512681 | P9: =[9]コスト!$AL$111 -> 0 | Q9: 10.79 | R9: =[9]見込!$AA$21 -> 0 | T9: 508600 | U9: =(P9+R9)*0.2778 -> 0 | V9: =(P9*Q9+T9)/U9 -> #DIV/0! | W9: 955865 | X9: 36228127 | Y9: =[9]コスト!$AL$87 -> 0 | Z9: 7.22 | AA9: =[9]コスト!$AL$61 -> 0 | AB9: =[9]見込!$M$3 -> 3.572 | AC9: 1698120 | AD9: =(Y9+AA9)*0.2778 -> 0 | AE9: =((Y9*Z9)+(AA9*AB9)+AC9)/AD9 -> #DIV/0! | AF9: 241958 | AG9: 4828633 | AH9: =[2]cover!$K$45 -> 0 | AJ9: 0
A10: Tokyo at Otemachi | B10: 9 | C10: 2023 | D10: =[10]コスト!$AL$147 -> 0 | E10: =[10]見込!$G$3 -> 36.5 | F10: 549103 | G10: 15374895 | H10: =[10]コスト!$AL$23 -> 0 | I10: =[10]見込!$M$23 -> #DIV/0! | J10: 5841 | K10: 911259 | L10: =[10]コスト!$AL$41 -> 0 | M10: 741 | N10: =O10/741 -> 6487.6532 | O10: 4807351 | P10: =[10]コスト!$AL$111 -> 0 | Q10: 10.79 | R10: =[10]見込!$AA$21 -> 0 | T10: 508600 | U10: =(P10+R10)*0.2778 -> 0 | V10: =(P10*Q10+T10)/U10 -> #DIV/0! | W10: 610246 | X10: 22803986 | Y10: =[10]コスト!$AL$87 -> 0 | Z10: 7.22 | AA10: =[10]コスト!$AL$61 -> 0 | AB10: =[10]見込!$M$3 -> 3.572 | AC10: 1698120 | AD10: =(Y10+AA10)*0.2778 -> 0 | AE10: =((Y10*Z10)+(AA10*AB10)+AC10)/AD10 -> #DIV/0! | AF10: 248702 | AG10: 5091449 | AH10: =[2]cover!$L$45 -> 0 | AJ10: 0
A11: Tokyo at Otemachi | B11: 10 | C11: 2023 | D11: =[11]コスト!$AL$147 -> 0 | E11: =[11]見込!$G$3 -> 36.5 | F11: 539469 | G11: 15105158 | H11: =[11]コスト!$AL$23 -> 0 | I11: =[11]見込!$M$23 -> #DIV/0! | J11: 6706 | K11: 1046154 | L11: =[11]コスト!$AL$41 -> 0 | M11: 741 | N11: =O11/741 -> 6394.2348 | O11: 4738128 | P11: =[11]コスト!$AL$111 -> 0 | Q11: 10.79 | R11: =[11]見込!$AA$21 -> 0 | T11: 508600 | U11: =(P11+R11)*0.2778 -> 0 | V11: =(P11*Q11+T11)/U11 -> #DIV/0! | W11: 453297 | X11: 16707962 | Y11: =[11]コスト!$AL$87 -> 0 | Z11: 7.22 | AA11: =[11]コスト!$AL$61 -> 0 | AB11: =[11]見込!$M$3 -> 3.572 | AC11: 1698120 | AD11: =(Y11+AA11)*0.2778 -> 0 | AE11: =((Y11*Z11)+(AA11*AB11)+AC11)/AD11 -> #DIV/0! | AF11: 366438 | AG11: 7877832 | AH11: =[2]cover!$M$45 -> 0 | AJ11: 0
A12: Tokyo at Otemachi | B12: 11 | C12: 2023 | D12: =[12]コスト!$AL$147 -> 0 | E12: =[12]見込!$G$3 -> 36.5 | F12: 513749 | G12: 13357495 | H12: =[12]コスト!$AL$23 -> 0 | I12: =[12]見込!$M$23 -> #DIV/0! | J12: 6587 | K12: 1020985 | L12: =[12]コスト!$AL$41 -> 0 | M12: 741 | N12: =O12/741 -> 7558.1795 | O12: 5600611 | P12: =[12]コスト!$AL$111 -> 0 | Q12: 10.79 | R12: =[12]見込!$AA$21 -> 0 | T12: 508600 | U12: =(P12+R12)*0.2778 -> 0 | V12: =(P12*Q12+T12)/U12 -> #DIV/0! | W12: 114942 | X12: 3565956 | Y12: =[12]コスト!$AL$87 -> 0 | Z12: 7.22 | AA12: =[12]コスト!$AL$61 -> 0 | AB12: =[12]見込!$M$3 -> 3.572 | AC12: 1698120 | AD12: =(Y12+AA12)*0.2778 -> 0 | AE12: =((Y12*Z12)+(AA12*AB12)+AC12)/AD12 -> #DIV/0! | AF12: 731179 | AG12: 17105472 | AH12: =[2]cover!$N$45 -> 0 | AJ12: 0
A13: Tokyo at Otemachi | B13: 12 | C13: 2023 | D13: =[13]コスト!$AL$147 -> 0 | E13: =[13]見込!$G$3 -> 36.5 | F13: 509057 | G13: 13234923 | H13: =[13]コスト!$AL$23 -> 0 | I13: =[13]見込!$M$23 -> #DIV/0! | J13: 6795 | K13: 1055340 | L13: =[13]コスト!$AL$41 -> 0 | M13: 741 | N13: =O13/741 -> 7107.5277 | O13: 5266678 | P13: =[13]コスト!$AL$111 -> 0 | Q13: 10.79 | R13: =[13]見込!$AA$21 -> 0 | T13: 508600 | U13: =(P13+R13)*0.2778 -> 0 | V13: =(P13*Q13+T13)/U13 -> #DIV/0! | W13: 108008 | X13: 3296616 | Y13: =[13]コスト!$AL$87 -> 0 | Z13: 7.22 | AA13: =[13]コスト!$AL$61 -> 0 | AB13: =[13]見込!$M$3 -> 3.572 | AC13: 1698120 | AD13: =(Y13+AA13)*0.2778 -> 0 | AE13: =((Y13*Z13)+(AA13*AB13)+AC13)/AD13 -> #DIV/0! | AF13: 880606 | AG13: 20837040 | AH13: =[2]cover!$O$450 -> 0 | AJ13: 0
