Workbook

Sheet TOTAL
A1: Site Name | B1: Day | C1: Month | D1: Year | E1: Total Electricity Kwh | F1: Electricity Tariff ($/Kwh) | G1: Natual Gas (m3) | H1: Natural Gas $/m3 | I1: Water Utility Supply (m3) m3 | J1: Water Utility Supply (m3) $/m3 | K1: Total Guests | L1: Room Nights
A2: Prague | B2: 1 | C2: 12 | D2: 2022 | E2: =December!B4 -> 10869 | F2: 0.099 | G2: =December!C4 -> 1569 | H2: 0.28 | I2: =December!D4 -> 102 | J2: 3.272 | K2: =December!J4 -> 174 | L2: =December!K4 -> 98
A3: Prague | B3: =B2+1 -> 2 | C3: 12 | D3: 2022 | E3: =December!B5 -> 11098 | F3: 0.099 | G3: =December!C5 -> 1692 | H3: 0.28 | I3: =December!D5 -> 99 | J3: 3.272 | K3: =December!J5 -> 205 | L3: =December!K5 -> 120
A4: Prague | B4: =B3+1 -> 3 | C4: 12 | D4: 2022 | E4: =December!B6 -> 10123 | F4: 0.099 | G4: =December!C6 -> 1619 | H4: 0.28 | I4: =December!D6 -> 120 | J4: 3.272 | K4: =December!J6 -> 183 | L4: =December!K6 -> 100
A5: Prague | B5: =B4+1 -> 4 | C5: 12 | D5: 2022 | E5: =December!B7 -> 11658 | F5: 0.099 | G5: =December!C7 -> 1408 | H5: 0.28 | I5: =December!D7 -> 96 | J5: 3.272 | K5: =December!J7 -> 129 | L5: =December!K7 -> 75
A6: Prague | B6: =B5+1 -> 5 | C6: 12 | D6: 2022 | E6: =December!B8 -> 10085 | F6: 0.099 | G6: =December!C8 -> 1019 | H6: 0.28 | I6: =December!D8 -> 110 | J6: 3.272 | K6: =December!J8 -> 123 | L6: =December!K8 -> 76
A7: Prague | B7: =B6+1 -> 6 | C7: 12 | D7: 2022 | E7: =December!B9 -> 10568 | F7: 0.099 | G7: =December!C9 -> 1627 | H7: 0.28 | I7: =December!D9 -> 73 | J7: 3.272 | K7: =December!J9 -> 175 | L7: =December!K9 -> 112
A8: Prague | B8: =B7+1 -> 7 | C8: 12 | D8: 2022 | E8: =December!B10 -> 11219 | F8: 0.099 | G8: =December!C10 -> 1548 | H8: 0.28 | I8: =December!D10 -> 135 | J8: 3.272 | K8: =December!J10 -> 169 | L8: =December!K10 -> 110
A9: Prague | B9: =B8+1 -> 8 | C9: 12 | D9: 2022 | E9: =December!B11 -> 10700 | F9: 0.099 | G9: =December!C11 -> 1610 | H9: 0.28 | I9: =December!D11 -> 98 | J9: 3.272 | K9: =December!J11 -> 159 | L9: =December!K11 -> 101
A10: Prague | B10: =B9+1 -> 9 | C10: 12 | D10: 2022 | E10: =December!B12 -> 10818 | F10: 0.099 | G10: =December!C12 -> 1589 | H10: 0.28 | I10: =December!D12 -> 101 | J10: 3.272 | K10: =December!J12 -> 173 | L10: =December!K12 -> 112
A11: Prague | B11: =B10+1 -> 10 | C11: 12 | D11: 2022 | E11: =December!B13 -> 10832 | F11: 0.099 | G11: =December!C13 -> 1678 | H11: 0.28 | I11: =December!D13 -> 95 | J11: 3.272 | K11: =December!J13 -> 213 | L11: =December!K13 -> 142
A12: Prague | B12: =B11+1 -> 11 | C12: 12 | D12: 2022 | E12: =December!B14 -> 10469 | F12: 0.099 | G12: =December!C14 -> 1898 | H12: 0.28 | I12: =December!D14 -> 101 | J12: 3.272 | K12: =December!J14 -> 178 | L12: =December!K14 -> 115
A13: Prague | B13: =B12+1 -> 12 | C13: 12 | D13: 2022 | E13: =December!B15 -> 10547 | F13: 0.099 | G13: =December!C15 -> 1952 | H13: 0.28 | I13: =December!D15 -> 94 | J13: 3.272 | K13: =December!J15 -> 137 | L13: =December!K15 -> 83
A14: Prague | B14: =B13+1 -> 13 | C14: 12 | D14: 2022 | E14: =December!B16 -> 10701 | F14: 0.099 | G14: =December!C16 -> 2120 | H14: 0.28 | I14: =December!D16 -> 101 | J14: 3.272 | K14: =December!J16 -> 174 | L14: =December!K16 -> 106
... A32: Prague | B32: =B31+1 -> 31 | C32: 12 | D32: 2022 | E32: =December!B34 -> 12274 | F32: 1.099 | G32: =December!C34 -> 983 | H32: 1.28 | I32: =December!D34 -> 129 | J32: 4.272 | K32: =December!J34 -> 129 | L32: =December!K34 -> 252

Sheet December
A1: Four Seasons Hotel Prague - Utilities Daily Consumption - JUNE 2021
A2: DATE | B2: Electricity | C2: Gas | D2: Water | F2: Temperature °C | J2: Guests | K2: Room Night | L2: MTG
B3: [kWh] | C3: [m3] | D3: [m3] | F3: min. ČR | G3: max. ČR | H3: FSHP-max | J3: in house | K3: rooms | L3: rooms
A4: 1 | B4: 10869 | C4: 1569 | D4: 102 | F4: 0 | G4: 4 | H4: 4 | J4: 174 | K4: 98 | L4: 2
A5: 2 | B5: 11098 | C5: 1692 | D5: 99 | F5: -1 | G5: 1 | H5: 2 | J5: 205 | K5: 120 | L5: 4
A6: 3 | B6: 10123 | C6: 1619 | D6: 120 | F6: -1 | G6: 2 | H6: 2 | J6: 183 | K6: 100 | L6: 2
A7: 4 | B7: 11658 | C7: 1408 | D7: 96 | F7: 1 | G7: 6 | H7: 6 | J7: 129 | K7: 75 | L7: 1
A8: 5 | B8: 10085 | C8: 1019 | D8: 110 | F8: 4 | G8: 5 | H8: 6 | J8: 123 | K8: 76 | L8: 0
A9: 6 | B9: 10568 | C9: 1627 | D9: 73 | F9: 1 | G9: 4 | H9: 6 | J9: 175 | K9: 112 | L9: 0
A10: 7 | B10: 11219 | C10: 1548 | D10: 135 | F10: 1 | G10: 4 | H10: 5 | J10: 169 | K10: 110 | L10: 0
A11: 8 | B11: 10700 | C11: 1610 | D11: 98 | F11: -1 | G11: 5 | H11: 9 | J11: 159 | K11: 101 | L11: 4
A12: 9 | B12: 10818 | C12: 1589 | D12: 101 | F12: -3 | G12: 1 | H12: 3 | J12: 173 | K12: 112 | L12: 0
A13: 10 | B13: 10832 | C13: 1678 | D13: 95 | F13: -1 | G13: 1 | H13: 2 | J13: 213 | K13: 142 | L13: 0
A14: 11 | B14: 10469 | C14: 1898 | D14: 101 | F14: -4 | G14: -1 | H14: 1 | J14: 178 | K14: 115 | L14: 0
A15: 12 | B15: 10547 | C15: 1952 | D15: 94 | F15: -8 | G15: -2 | H15: -1 | J15: 137 | K15: 83 | L15: 0
... A33: 30 | B33: 11980 | C33: 1166 | D33: 122 | F33: 5 | G33: 10 | H33: 10 | J33: 232 | K33: 118 | L33: 0
B34: 12274 | C34: 983 | D34: 129 | F34: 5 | G34: 18 | H34: 16 | J34: 129 | K34: 252 | L34: 1
A35: TOTAL | B35: =SUM(B4:B34) -> 345217 | C35: =SUM(C4:C34) -> 48595 | D35: =SUM(D4:D34) -> 3267 | F35: =AVERAGE(F4:F34) -> -1.3548387 | G35: =AVERAGE(G4:G34) -> 3.9354839 | H35: =AVERAGE(H4:H34) -> 4.5806452 | J35: =SUM(J4:J34) -> 5410 | K35: =SUM(K4:K34) -> 3183 | L35: =SUM(L4:L34) -> 36
A36: AVG | B36: =AVERAGE(B4:B34) -> 11136.032 | C36: =AVERAGE(C4:C34) -> 1567.5806 | D36: =AVERAGE(D4:D34) -> 105.3871
B37: Average consumption per guest
B38: =B35/J35 -> 63.810906 | C38: =C35/J35 -> 8.9824399 | D38: =D35/J35 -> 0.6038817
A41: OpticLab | B41: 78930
A42: Stefano Ricci | B42: 13979
