Workbook

Sheet TOTAL
A1: Site Name | B1: Day | C1: Month | D1: Year | E1: Total Electricity Kwh | F1: Electricity Tariff ($/Kwh) | G1: Total Fuel Oil (Liters) | H1: Fuel Oil $/Liter | I1: Water Utility Supply (m3) m3 | J1: Water Utility Supply (m3) $/m3 | K1: Room Nights | L1: Food Covers
A2: Langkawi | B2: 1 | C2: 12 | D2: 2022 | E2: ='B16'!I4+'B16 ext'!I4+'B17'!I4 -> 18785 | F2: =('B16'!J4+'B16 ext'!J4+'B17'!J4)/TOTAL!E2 -> 0.25043077 | G2: ='Diesel Reading Oct'!H4 -> 444.8 | H2: ='Diesel Reading Oct'!I4/'Diesel Reading Oct'!H4 -> 2.84 | I2: ='Water Reading'!H4 -> 14 | J2: ='Water Reading'!I4/'Water Reading'!H4 -> 1.35 | K2: 58
A3: Langkawi | B3: =B2+1 -> 2 | C3: 12 | D3: 2022 | E3: ='B16'!I5+'B16 ext'!I5+'B17'!I5 -> 17963 | F3: =('B16'!J5+'B16 ext'!J5+'B17'!J5)/TOTAL!E3 -> 0.24691338 | G3: ='Diesel Reading Oct'!H5 -> 506.7 | H3: ='Diesel Reading Oct'!I5/'Diesel Reading Oct'!H5 -> 2.84 | I3: ='Water Reading'!H5 -> 17 | J3: ='Water Reading'!I5/'Water Reading'!H5 -> 1.35 | K3: 50
A4: Langkawi | B4: =B3+1 -> 3 | C4: 12 | D4: 2022 | E4: ='B16'!I6+'B16 ext'!I6+'B17'!I6 -> 17479 | F4: =('B16'!J6+'B16 ext'!J6+'B17'!J6)/TOTAL!E4 -> 0.25067189 | G4: ='Diesel Reading Oct'!H6 -> 472.1 | H4: ='Diesel Reading Oct'!I6/'Diesel Reading Oct'!H6 -> 2.84 | I4: ='Water Reading'!H6 -> 5 | J4: ='Water Reading'!I6/'Water Reading'!H6 -> 1.35 | K4: 56
A5: Langkawi | B5: =B4+1 -> 4 | C5: 12 | D5: 2022 | E5: ='B16'!I7+'B16 ext'!I7+'B17'!I7 -> 20763 | F5: =('B16'!J7+'B16 ext'!J7+'B17'!J7)/TOTAL!E5 -> 0.23624491 | G5: ='Diesel Reading Oct'!H7 -> 414.1 | H5: ='Diesel Reading Oct'!I7/'Diesel Reading Oct'!H7 -> 2.84 | I5: ='Water Reading'!H7 -> 48 | J5: ='Water Reading'!I7/'Water Reading'!H7 -> 1.35 | K5: 34
A6: Langkawi | B6: =B5+1 -> 5 | C6: 12 | D6: 2022 | E6: ='B16'!I8+'B16 ext'!I8+'B17'!I8 -> 17290 | F6: =('B16'!J8+'B16 ext'!J8+'B17'!J8)/TOTAL!E6 -> 0.24944211 | G6: ='Diesel Reading Oct'!H8 -> 428.2 | H6: ='Diesel Reading Oct'!I8/'Diesel Reading Oct'!H8 -> 2.84 | I6: ='Water Reading'!H8 -> 14 | J6: ='Water Reading'!I8/'Water Reading'!H8 -> 1.35 | K6: 25
A7: Langkawi | B7: =B6+1 -> 6 | C7: 12 | D7: 2022 | E7: ='B16'!I9+'B16 ext'!I9+'B17'!I9 -> 20827 | F7: =('B16'!J9+'B16 ext'!J9+'B17'!J9)/TOTAL!E7 -> 0.24567216 | G7: ='Diesel Reading Oct'!H9 -> 0 | H7: ='Diesel Reading Oct'!I9/'Diesel Reading Oct'!H9 -> #DIV/0! | I7: ='Water Reading'!H9 -> 1 | J7: ='Water Reading'!I9/'Water Reading'!H9 -> 1.35 | K7: 15
A8: Langkawi | B8: =B7+1 -> 7 | C8: 12 | D8: 2022 | E8: ='B16'!I10+'B16 ext'!I10+'B17'!I10 -> 14568 | F8: =('B16'!J10+'B16 ext'!J10+'B17'!J10)/TOTAL!E8 -> 0.25762891 | G8: ='Diesel Reading Oct'!H11 -> 540.4 | H8: ='Diesel Reading Oct'!I11/'Diesel Reading Oct'!H11 -> 2.84 | I8: ='Water Reading'!H10 -> 1 | J8: ='Water Reading'!I10/'Water Reading'!H10 -> 1.35 | K8: 81
A9: Langkawi | B9: =B8+1 -> 8 | C9: 12 | D9: 2022 | E9: ='B16'!I11+'B16 ext'!I11+'B17'!I11 -> 15919 | F9: =('B16'!J11+'B16 ext'!J11+'B17'!J11)/TOTAL!E9 -> 0.24371575 | G9: ='Diesel Reading Oct'!H12 -> 595.4 | H9: ='Diesel Reading Oct'!I12/'Diesel Reading Oct'!H12 -> 2.84 | I9: ='Water Reading'!H11 -> 1 | J9: ='Water Reading'!I11/'Water Reading'!H11 -> 1.35 | K9: 81
A10: Langkawi | B10: =B9+1 -> 9 | C10: 12 | D10: 2022 | E10: ='B16'!I12+'B16 ext'!I12+'B17'!I12 -> 11628 | F10: =('B16'!J12+'B16 ext'!J12+'B17'!J12)/TOTAL!E10 -> 0.27562848 | G10: ='Diesel Reading Oct'!H13 -> 497.3 | H10: ='Diesel Reading Oct'!I13/'Diesel Reading Oct'!H13 -> 2.84 | I10: ='Water Reading'!H12 -> 0 | J10: ='Water Reading'!I12/'Water Reading'!H12 -> #DIV/0! | K10: 81
A11: Langkawi | B11: =B10+1 -> 10 | C11: 12 | D11: 2022 | E11: ='B16'!I13+'B16 ext'!I13+'B17'!I13 -> 15709 | F11: =('B16'!J13+'B16 ext'!J13+'B17'!J13)/TOTAL!E11 -> 0.25141925 | G11: ='Diesel Reading Oct'!H14 -> 0 | H11: ='Diesel Reading Oct'!I14/'Diesel Reading Oct'!H14 -> #DIV/0! | I11: ='Water Reading'!H13 -> 3 | J11: ='Water Reading'!I13/'Water Reading'!H13 -> 1.35 | K11: 35
A12: Langkawi | B12: =B11+1 -> 11 | C12: 12 | D12: 2022 | E12: ='B16'!I14+'B16 ext'!I14+'B17'!I14 -> 16589 | F12: =('B16'!J14+'B16 ext'!J14+'B17'!J14)/TOTAL!E12 -> 0.25128549 | G12: ='Diesel Reading Oct'!H15 -> 410.6 | H12: ='Diesel Reading Oct'!I15/'Diesel Reading Oct'!H15 -> 2.84 | I12: ='Water Reading'!H14 -> 11 | J12: ='Water Reading'!I14/'Water Reading'!H14 -> 1.35 | K12: 43
A13: Langkawi | B13: =B12+1 -> 12 | C13: 12 | D13: 2022 | E13: ='B16'!I15+'B16 ext'!I15+'B17'!I15 -> 17618 | F13: =('B16'!J15+'B16 ext'!J15+'B17'!J15)/TOTAL!E13 -> 0.24912669 | G13: ='Diesel Reading Oct'!H16 -> 115 | H13: ='Diesel Reading Oct'!I16/'Diesel Reading Oct'!H16 -> 2.84 | I13: ='Water Reading'!H15 -> 25 | J13: ='Water Reading'!I15/'Water Reading'!H15 -> 1.35 | K13: 56
A14: Langkawi | B14: =B13+1 -> 13 | C14: 12 | D14: 2022 | E14: ='B16'!I16+'B16 ext'!I16+'B17'!I16 -> 17443 | F14: =('B16'!J16+'B16 ext'!J16+'B17'!J16)/TOTAL!E14 -> 0.2514603 | G14: ='Diesel Reading Oct'!H17 -> 515.6 | H14: ='Diesel Reading Oct'!I17/'Diesel Reading Oct'!H17 -> 2.84 | I14: ='Water Reading'!H16 -> 32 | J14: ='Water Reading'!I16/'Water Reading'!H16 -> 1.35 | K14: 57
A15: Langkawi | B15: =B14+1 -> 14 | C15: 12 | D15: 2022 | E15: ='B16'!I17+'B16 ext'!I17+'B17'!I17 -> 20859 | F15: =('B16'!J17+'B16 ext'!J17+'B17'!J17)/TOTAL!E15 -> 0.24543377 | G15: ='Diesel Reading Oct'!H18 -> 504.6 | H15: ='Diesel Reading Oct'!I18/'Diesel Reading Oct'!H18 -> 2.84 | I15: ='Water Reading'!H17 -> 32 | J15: ='Water Reading'!I17/'Water Reading'!H17 -> 1.35 | K15: 57
A16: Langkawi | B16: =B15+1 -> 15 | C16: 12 | D16: 2022 | E16: ='B16'!I18+'B16 ext'!I18+'B17'!I18 -> 19921 | F16: =('B16'!J18+'B16 ext'!J18+'B17'!J18)/TOTAL!E16 -> 0.24181919 | G16: ='Diesel Reading Oct'!H19 -> 448 | H16: ='Diesel Reading Oct'!I19/'Diesel Reading Oct'!H19 -> 2.84 | I16: ='Water Reading'!H18 -> 1 | J16: ='Water Reading'!I18/'Water Reading'!H18 -> 1.35 | K16: 61
A17: Langkawi | B17: =B16+1 -> 16 | C17: 12 | D17: 2022 | E17: ='B16'!I19+'B16 ext'!I19+'B17'!I19 -> 14725 | F17: =('B16'!J19+'B16 ext'!J19+'B17'!J19)/TOTAL!E17 -> 0.2643602 | G17: ='Diesel Reading Oct'!H20 -> 505.5 | H17: ='Diesel Reading Oct'!I20/'Diesel Reading Oct'!H20 -> 2.84 | I17: ='Water Reading'!H19 -> 5 | J17: ='Water Reading'!I19/'Water Reading'!H19 -> 1.35 | K17: 43
A18: Langkawi | B18: =B17+1 -> 17 | C18: 12 | D18: 2022 | E18: ='B16'!I20+'B16 ext'!I20+'B17'!I20 -> 15662 | F18: =('B16'!J20+'B16 ext'!J20+'B17'!J20)/TOTAL!E18 -> 0.24790761 | G18: ='Diesel Reading Oct'!H21 -> 508.6 | H18: ='Diesel Reading Oct'!I21/'Diesel Reading Oct'!H21 -> 2.84 | I18: ='Water Reading'!H20 -> 6 | J18: ='Water Reading'!I20/'Water Reading'!H20 -> 1.35 | K18: 50
A19: Langkawi | B19: =B18+1 -> 18 | C19: 12 | D19: 2022 | E19: ='B16'!I21+'B16 ext'!I21+'B17'!I21 -> 15177 | F19: =('B16'!J21+'B16 ext'!J21+'B17'!J21)/TOTAL!E19 -> 0.25256513 | G19: ='Diesel Reading Oct'!H22 -> 412.7 | H19: ='Diesel Reading Oct'!I22/'Diesel Reading Oct'!H22 -> 2.84 | I19: ='Water Reading'!H21 -> 12 | J19: ='Water Reading'!I21/'Water Reading'!H21 -> 1.35 | K19: 56
... A30: Langkawi | B30: =B29+1 -> 29 | C30: 12 | D30: 2022 | E30: ='B16'!I32+'B16 ext'!I32+'B17'!I32 -> 20280 | F30: =('B16'!J32+'B16 ext'!J32+'B17'!J32)/TOTAL!E30 -> 0.24043092 | G30: ='Diesel Reading Oct'!H33 -> 522.3 | H30: ='Diesel Reading Oct'!I33/'Diesel Reading Oct'!H33 -> 2.84 | I30: ='Water Reading'!H32 -> 17 | J30: ='Water Reading'!I32/'Water Reading'!H32 -> 1.35 | K30: 56
A31: Langkawi | B31: =B30+1 -> 30 | C31: 12 | D31: 2022 | E31: ='B16'!I33+'B16 ext'!I33+'B17'!I33 -> 20357 | F31: =('B16'!J33+'B16 ext'!J33+'B17'!J33)/TOTAL!E31 -> 0.24072535 | G31: ='Diesel Reading Oct'!H35 -> 550.8 | H31: ='Diesel Reading Oct'!I35/'Diesel Reading Oct'!H35 -> 2.84 | I31: ='Water Reading'!H33 -> 6 | J31: ='Water Reading'!I33/'Water Reading'!H33 -> 1.35 | K31: 63
A32: Langkawi | B32: 31 | C32: 12 | D32: 2022 | E32: ='B16'!I34+'B16 ext'!I34+'B17'!I34 -> 0 | F32: =('B16'!J34+'B16 ext'!J34+'B17'!J34)/TOTAL!E32 -> #DIV/0! | H32: ='Diesel Reading Oct'!I36/'Diesel Reading Oct'!H36 -> 2.84 | I32: ='Water Reading'!H34 -> 0 | J32: ='Water Reading'!I34/'Water Reading'!H34 -> #DIV/0! | K32: 64

Sheet B16
A1: Daily Electricity Consumption
B2: Meter Reading (kWh) | C2: Consumption (kWh) | D2: Meter Reading (kWh) | E2: Consumption (kWh) | F2: MD (kW) | G2: Occupancy | H2: Weather | I2: Total Consumption | J2: Cost
B3: (Peak) | C3: (Peak) | D3: (Off Peak) | E3: (Off Peak) | F3: (Peak) | G3: % | I3: Daily (KWh) | J3: Daily (RM)
A4: 44896 | B4: 5574 | C4: =IF(B5-B4 < 0,0,B5-B4) -> 5710 | D4: 2722 | E4: =IF(D5-D4 < 0,0,D5-D4) -> 3144 | F4: 447 | G4: 0.63 | H4: FAIR | I4: =+E4+C4 -> 8854 | J4: =(C4*0.288)+(E4*0.177) -> 2200.968
A5: 44897 | B5: 11284 | C5: =IF(B6-B5 < 0,0,B6-B5) -> 5233 | D5: 5866 | E5: =IF(D6-D5 < 0,0,D6-D5) -> 3354 | F5: 496 | G5: 0.54 | H5: ISOLATE RAIN | I5: =+E5+C5 -> 8587 | J5: =(C5*0.288)+(E5*0.177) -> 2100.762
A6: 44898 | B6: 16517 | C6: =IF(B7-B6 < 0,0,B7-B6) -> 5225 | D6: 9220 | E6: =IF(D7-D6 < 0,0,D7-D6) -> 2953 | F6: 496 | G6: 0.61 | H6: SCATTERED RAIN | I6: =+E6+C6 -> 8178 | J6: =(C6*0.288)+(E6*0.177) -> 2027.481
A7: 44899 | B7: 21742 | C7: =IF(B8-B7 < 0,0,B8-B7) -> 5017 | D7: 12173 | E7: =IF(D8-D7 < 0,0,D8-D7) -> 5519 | F7: 496 | G7: 0.37 | H7: FAIR | I7: =+E7+C7 -> 10536 | J7: =(C7*0.288)+(E7*0.177) -> 2421.759
A8: 44900 | B8: 26759 | C8: =IF(B9-B8 < 0,0,B9-B8) -> 5209 | D8: 17692 | E8: =IF(D9-D8 < 0,0,D9-D8) -> 3093 | F8: 498 | G8: 0.27 | H8: ISOLATE RAIN | I8: =+E8+C8 -> 8302 | J8: =(C8*0.288)+(E8*0.177) -> 2047.653
A9: 44901 | B9: 31968 | C9: =IF(B10-B9 < 0,0,B10-B9) -> 5938 | D9: 20785 | E9: =IF(D10-D9 < 0,0,D10-D9) -> 3074 | F9: 498 | G9: 0.16 | H9: ISOLATE RAIN | I9: =+E9+C9 -> 9012 | J9: =(C9*0.288)+(E9*0.177) -> 2254.242
A10: 44902 | B10: 37906 | C10: =IF(B11-B10 < 0,0,B11-B10) -> 4768 | D10: 23859 | E10: =IF(D11-D10 < 0,0,D11-D10) -> 2545 | F10: 498 | G10: 0.88 | H10: FAIR | I10: =+E10+C10 -> 7313 | J10: =(C10*0.288)+(E10*0.177) -> 1823.649
A11: 44903 | B11: 42674 | C11: =IF(B12-B11 < 0,0,B12-B11) -> 4186 | D11: 26404 | E11: =IF(D12-D11 < 0,0,D12-D11) -> 2404 | F11: 198 | G11: 0.88 | H11: FAIR | I11: =+E11+C11 -> 6590 | J11: =(C11*0.288)+(E11*0.177) -> 1631.076
A12: 44904 | B12: 46860 | C12: =IF(B13-B12 < 0,0,B13-B12) -> 4603 | D12: 28808 | E12: =IF(D13-D12 < 0,0,D13-D12) -> 447 | F12: 498 | G12: 0.88 | H12: ISOLATE RAIN | I12: =+E12+C12 -> 5050 | J12: =(C12*0.288)+(E12*0.177) -> 1404.783
A13: 44905 | B13: 51463 | C13: =IF(B14-B13 < 0,0,B14-B13) -> 4698 | D13: 29255 | E13: =IF(D14-D13 < 0,0,D14-D13) -> 2543 | F13: 498 | G13: 0.38 | H13: ISOLATE RAIN | I13: =+E13+C13 -> 7241 | J13: =(C13*0.288)+(E13*0.177) -> 1803.135
A14: 44906 | B14: 56161 | C14: =IF(B15-B14 < 0,0,B15-B14) -> 5187 | D14: 31798 | E14: =IF(D15-D14 < 0,0,D15-D14) -> 2621 | F14: 498 | G14: 0.47 | H14: CLOUDY | I14: =+E14+C14 -> 7808 | J14: =(C14*0.288)+(E14*0.177) -> 1957.773
A15: 44907 | B15: 61348 | C15: =IF(B16-B15 < 0,0,B16-B15) -> 5382 | D15: 34419 | E15: =IF(D16-D15 < 0,0,D16-D15) -> 3203 | F15: 498 | G15: 0.61 | H15: FAIR | I15: =+E15+C15 -> 8585 | J15: =(C15*0.288)+(E15*0.177) -> 2116.947
... A33: 44925 | B33: 158080 | C33: =IF(B34-B33 < 0,0,B34-B33) -> 5454 | D33: 91091 | E33: =IF(D34-D33 < 0,0,D34-D33) -> 5179 | F33: 497 | G33: 0.68 | H33: FAIR | I33: =+E33+C33 -> 10633 | J33: =(C33*0.288)+(E33*0.177) -> 2487.435
A34: 44926 | B34: 163534 | C34: 0 | D34: 96270 | E34: 0 | F34: 497 | G34: 0.7 | H34: FAIR | I34: =+E34+C34 -> 0 | J34: =(C34*0.288)+(E34*0.177) -> 0
I35: =+E35+C35 -> 0 | J35: =(C35*0.288)+(E35*0.177) -> 0
A36: Total | C36: =SUM(C4:C34) -> 157960 | E36: =SUM(E4:E34) -> 93548 | F36: =MAX(F4:F34) -> 498 | I36: =+E36+C36 -> 251508 | J36: =(C36*0.288)+(E36*0.177) -> 62050.476
A37: =COUNT(A4:A34) -> 31 | C37: =COUNTIF(C4:C34,">0") -> 30
A39: PLEASE MAKE SURE TO KEY IN THE OCCUPANCY AND WEATHER FOR THE DAY!

Sheet B16 ext
A1: Daily Electricity Consumption
B2: Meter Reading (kWh) | C2: Consumption (kWh) | D2: Meter Reading (kWh) | E2: Consumption (kWh) | F2: MD (kW) | G2: Occupancy | H2: Weather | I2: Total Consumption | J2: Cost
B3: (Peak) | C3: (Peak) | D3: (Off Peak) | E3: (Off Peak) | F3: (Peak) | G3: % | I3: Daily (KWh) | J3: Daily (RM)
A4: 44896 | B4: 2315 | C4: =IF(B5-B4 < 0,0,B5-B4) -> 2159 | D4: 661 | E4: =IF(D5-D4 < 0,0,D5-D4) -> 719 | F4: 214 | G4: 0.63 | H4: FAIR | I4: =+E4+C4 -> 2878 | J4: =(C4*0.288)+(E4*0.177) -> 749.055
A5: 44897 | B5: 4474 | C5: =IF(B6-B5 < 0,0,B6-B5) -> 2163 | D5: 1380 | E5: =IF(D6-D5 < 0,0,D6-D5) -> 710 | F5: 214 | G5: 0.54 | H5: ISOLATE RAIN | I5: =+E5+C5 -> 2873 | J5: =(C5*0.288)+(E5*0.177) -> 748.614
A6: 44898 | B6: 6637 | C6: =IF(B7-B6 < 0,0,B7-B6) -> 2227 | D6: 2090 | E6: =IF(D7-D6 < 0,0,D7-D6) -> 700 | F6: 214 | G6: 0.61 | H6: SCATTERED RAIN | I6: =+E6+C6 -> 2927 | J6: =(C6*0.288)+(E6*0.177) -> 765.276
A7: 44899 | B7: 8864 | C7: =IF(B8-B7 < 0,0,B8-B7) -> 2157 | D7: 2790 | E7: =IF(D8-D7 < 0,0,D8-D7) -> 1402 | F7: 214 | G7: 0.37 | H7: FAIR | I7: =+E7+C7 -> 3559 | J7: =(C7*0.288)+(E7*0.177) -> 869.37
A8: 44900 | B8: 11021 | C8: =IF(B9-B8 < 0,0,B9-B8) -> 2107 | D8: 4192 | E8: =IF(D9-D8 < 0,0,D9-D8) -> 778 | F8: 214 | G8: 0.27 | H8: ISOLATE RAIN | I8: =+E8+C8 -> 2885 | J8: =(C8*0.288)+(E8*0.177) -> 744.522
A9: 44901 | B9: 13128 | C9: =IF(B10-B9 < 0,0,B10-B9) -> 2329 | D9: 4970 | E9: =IF(D10-D9 < 0,0,D10-D9) -> 794 | F9: 214 | G9: 0.16 | H9: ISOLATE RAIN | I9: =+E9+C9 -> 3123 | J9: =(C9*0.288)+(E9*0.177) -> 811.29
A10: 44902 | B10: 15457 | C10: =IF(B11-B10 < 0,0,B11-B10) -> 2235 | D10: 5764 | E10: =IF(D11-D10 < 0,0,D11-D10) -> 709 | F10: 214 | G10: 0.88 | H10: FAIR | I10: =+E10+C10 -> 2944 | J10: =(C10*0.288)+(E10*0.177) -> 769.173
A11: 44903 | B11: 17692 | C11: =IF(B12-B11 < 0,0,B12-B11) -> 2144 | D11: 6473 | E11: =IF(D12-D11 < 0,0,D12-D11) -> 638 | F11: 214 | G11: 0.88 | H11: FAIR | I11: =+E11+C11 -> 2782 | J11: =(C11*0.288)+(E11*0.177) -> 730.398
A12: 44904 | B12: 19836 | C12: =IF(B13-B12 < 0,0,B13-B12) -> 2152 | D12: 7111 | E12: =IF(D13-D12 < 0,0,D13-D12) -> 352 | F12: 214 | G12: 0.88 | H12: ISOLATE RAIN | I12: =+E12+C12 -> 2504 | J12: =(C12*0.288)+(E12*0.177) -> 682.08
A13: 44905 | B13: 21988 | C13: =IF(B14-B13 < 0,0,B14-B13) -> 2136 | D13: 7463 | E13: =IF(D14-D13 < 0,0,D14-D13) -> 449 | F13: 214 | G13: 0.38 | H13: ISOLATE RAIN | I13: =+E13+C13 -> 2585 | J13: =(C13*0.288)+(E13*0.177) -> 694.641
A14: 44906 | B14: 24124 | C14: =IF(B15-B14 < 0,0,B15-B14) -> 2096 | D14: 7912 | E14: =IF(D15-D14 < 0,0,D15-D14) -> 652 | F14: 214 | G14: 0.47 | H14: CLOUDY | I14: =+E14+C14 -> 2748 | J14: =(C14*0.288)+(E14*0.177) -> 719.052
A15: 44907 | B15: 26220 | C15: =IF(B16-B15 < 0,0,B16-B15) -> 2308 | D15: 8564 | E15: =IF(D16-D15 < 0,0,D16-D15) -> 783 | F15: 214 | G15: 0.61 | H15: FAIR | I15: =+E15+C15 -> 3091 | J15: =(C15*0.288)+(E15*0.177) -> 803.295
... A33: 44925 | B33: 68679 | C33: =IF(B34-B33 < 0,0,B34-B33) -> 2445 | D33: 22500 | E33: =IF(D34-D33 < 0,0,D34-D33) -> 1316 | F33: 226 | G33: 0.68 | H33: FAIR | I33: =+E33+C33 -> 3761 | J33: =(C33*0.288)+(E33*0.177) -> 937.092
A34: 44926 | B34: 71124 | C34: 0 | D34: 23816 | E34: 0 | F34: 226 | G34: 0.7 | H34: FAIR | I34: =+E34+C34 -> 0 | J34: =(C34*0.288)+(E34*0.177) -> 0
I35: =+E35+C35 -> 0 | J35: =(C35*0.288)+(E35*0.177) -> 0
C36: =SUM(C4:C35) -> 68809 | E36: =SUM(E4:E35) -> 23155 | F36: =MAX(F4:F34) -> 226 | I36: =+E36+C36 -> 91964 | J36: =(C36*0.288)+(E36*0.177) -> 23915.427
A37: =COUNT(A4:A34) -> 31 | H37: f
H38: Rain
A39: PLEASE MAKE SURE TO KEY IN THE OCCUPANCY AND WEATHER FOR THE DAY! | H39: Hot
H40: Cloudy

Sheet B17
A1: Daily Electricity Consumption
B2: Meter Reading (kWh) | C2: Consumption (kWh) | D2: Meter Reading (kWh) | E2: Consumption (kWh) | F2: MD (kW) | G2: Occupancy | H2: Weather | I2: Total Consumption | J2: Cost
B3: (Peak) | C3: (Peak) | E3: (Off Peak) | F3: (Peak) | G3: % | I3: Daily (KWh) | J3: Daily (RM)
A4: 44896 | B4: 4148 | C4: =IF(B5-B4 < 0,0,B5-B4) -> 4558 | D4: 2101 | E4: =IF(D5-D4 < 0,0,D5-D4) -> 2495 | F4: 363 | G4: 0.63 | H4: FAIR | I4: =+E4+C4 -> 7053 | J4: =(C4*0.288)+(E4*0.177) -> 1754.319
A5: 44897 | B5: 8706 | C5: =IF(B6-B5 < 0,0,B6-B5) -> 3918 | D5: 4596 | E5: =IF(D6-D5 < 0,0,D6-D5) -> 2585 | F5: 363 | G5: 0.54 | H5: ISOLATE RAIN | I5: =+E5+C5 -> 6503 | J5: =(C5*0.288)+(E5*0.177) -> 1585.929
A6: 44898 | B6: 12624 | C6: =IF(B7-B6 < 0,0,B7-B6) -> 4149 | D6: 7181 | E6: =IF(D7-D6 < 0,0,D7-D6) -> 2225 | F6: 363 | G6: 0.61 | H6: SCATTERED RAIN | I6: =+E6+C6 -> 6374 | J6: =(C6*0.288)+(E6*0.177) -> 1588.737
A7: 44899 | B7: 16773 | C7: =IF(B8-B7 < 0,0,B8-B7) -> 3908 | D7: 9406 | E7: =IF(D8-D7 < 0,0,D8-D7) -> 2760 | F7: 363 | G7: 0.37 | H7: FAIR | I7: =+E7+C7 -> 6668 | J7: =(C7*0.288)+(E7*0.177) -> 1614.024
A8: 44900 | B8: 20681 | C8: =IF(B9-B8 < 0,0,B9-B8) -> 3968 | D8: 12166 | E8: =IF(D9-D8 < 0,0,D9-D8) -> 2135 | F8: 383 | G8: 0.27 | H8: ISOLATE RAIN | I8: =+E8+C8 -> 6103 | J8: =(C8*0.288)+(E8*0.177) -> 1520.679
A9: 44901 | B9: 24649 | C9: =IF(B10-B9 < 0,0,B10-B9) -> 4618 | D9: 14301 | E9: =IF(D10-D9 < 0,0,D10-D9) -> 4074 | F9: 383 | G9: 0.16 | H9: ISOLATE RAIN | I9: =+E9+C9 -> 8692 | J9: =(C9*0.288)+(E9*0.177) -> 2051.082
A10: 44902 | B10: 29267 | C10: =IF(B11-B10 < 0,0,B11-B10) -> 3579 | D10: 18375 | E10: =IF(D11-D10 < 0,0,D11-D10) -> 732 | F10: 384 | G10: 0.88 | H10: FAIR | I10: =+E10+C10 -> 4311 | J10: =(C10*0.288)+(E10*0.177) -> 1160.316
A11: 44903 | B11: 32846 | C11: =IF(B12-B11 < 0,0,B12-B11) -> 3238 | D11: 19107 | E11: =IF(D12-D11 < 0,0,D12-D11) -> 3309 | F11: 384 | G11: 0.88 | H11: FAIR | I11: =+E11+C11 -> 6547 | J11: =(C11*0.288)+(E11*0.177) -> 1518.237
A12: 44904 | B12: 36084 | C12: =IF(B13-B12 < 0,0,B13-B12) -> 3577 | D12: 22416 | E12: =IF(D13-D12 < 0,0,D13-D12) -> 497 | F12: 384 | G12: 0.88 | H12: ISOLATE RAIN | I12: =+E12+C12 -> 4074 | J12: =(C12*0.288)+(E12*0.177) -> 1118.145
A13: 44905 | B13: 39661 | C13: =IF(B14-B13 < 0,0,B14-B13) -> 3698 | D13: 22913 | E13: =IF(D14-D13 < 0,0,D14-D13) -> 2185 | F13: 384 | G13: 0.38 | H13: ISOLATE RAIN | I13: =+E13+C13 -> 5883 | J13: =(C13*0.288)+(E13*0.177) -> 1451.769
A14: 44906 | B14: 43359 | C14: =IF(B15-B14 < 0,0,B15-B14) -> 3819 | D14: 25098 | E14: =IF(D15-D14 < 0,0,D15-D14) -> 2214 | F14: 384 | G14: 0.47 | H14: CLOUDY | I14: =+E14+C14 -> 6033 | J14: =(C14*0.288)+(E14*0.177) -> 1491.75
A15: 44907 | B15: 47178 | C15: =IF(B16-B15 < 0,0,B16-B15) -> 3758 | D15: 27312 | E15: =IF(D16-D15 < 0,0,D16-D15) -> 2184 | F15: 384 | G15: 0.61 | H15: FAIR | I15: =+E15+C15 -> 5942 | J15: =(C15*0.288)+(E15*0.177) -> 1468.872
... A34: 44926 | B34: 122071 | C34: =IF(B35-B34 < 0,0,B35-B34) -> 0 | D34: 70821 | E34: =IF(D35-D34 < 0,0,D35-D34) -> 0 | F34: 384 | G34: 0.7 | H34: FAIR | I34: =+E34+C34 -> 0 | J34: =(C34*0.288)+(E34*0.177) -> 0
I35: =+E35+C35 -> 0 | J35: =(C35*0.288)+(E35*0.177) -> 0
C36: =SUM(C4:C35) -> 117923 | E36: =SUM(E4:E35) -> 68720 | F36: =MAX(F4:F34) -> 384 | I36: =+E36+C36 -> 186643 | J36: =(C36*0.288)+(E36*0.177) -> 46125.264
A37: =COUNT(A4:A34) -> 31
H38: Rain
A39: PLEASE MAKE SURE TO KEY IN THE OCCUPANCY AND WEATHER FOR THE DAY! | H39: Hot
H40: Cloudy

Sheet Water Reading
A1: Daily Water Consumption
B2: Meter Reading (Main) | C2: Consumption | D2: Meter Reading Landscape | E2: Consumption | F2: Occupancy | G2: Weather | H2: Total Consumption | I2: Cost
B3: (m3) | C3: (m3) | D3: (m3) | E3: (m3) | F3: % | H3: (m3) | I3: Daily (RM)
A4: 44896 | B4: 525750 | C4: =IF(B5-B4<0,0,B5-B4) -> 0 | D4: 3677 | E4: =IF(D5-D4<0,0,D5-D4) -> 14 | F4: 0.63 | G4: FAIR | H4: =+E4+C4 -> 14 | I4: =(C4*1.35)+(E4*1.35) -> 18.9
A5: 44897 | B5: 525750 | C5: =IF(B6-B5<0,0,B6-B5) -> 7 | D5: 3691 | E5: =IF(D6-D5<0,0,D6-D5) -> 10 | F5: 0.54 | G5: ISOLATE RAIN | H5: =+E5+C5 -> 17 | I5: =(C5*1.35)+(E5*1.35) -> 22.95
A6: 44898 | B6: 525757 | C6: =IF(B7-B6<0,0,B7-B6) -> 3 | D6: 3701 | E6: =IF(D7-D6<0,0,D7-D6) -> 2 | F6: 0.61 | G6: SCATTERED RAIN | H6: =+E6+C6 -> 5 | I6: =(C6*1.35)+(E6*1.35) -> 6.75
A7: 44899 | B7: 525760 | C7: =IF(B8-B7<0,0,B8-B7) -> 46 | D7: 3703 | E7: =IF(D8-D7<0,0,D8-D7) -> 2 | F7: 0.37 | G7: FAIR | H7: =+E7+C7 -> 48 | I7: =(C7*1.35)+(E7*1.35) -> 64.8
A8: 44900 | B8: 525806 | C8: =IF(B9-B8<0,0,B9-B8) -> 10 | D8: 3705 | E8: =IF(D9-D8<0,0,D9-D8) -> 4 | F8: 0.27 | G8: ISOLATE RAIN | H8: =+E8+C8 -> 14 | I8: =(C8*1.35)+(E8*1.35) -> 18.9
A9: 44901 | B9: 525816 | C9: =IF(B10-B9<0,0,B10-B9) -> 0 | D9: 3709 | E9: =IF(D10-D9<0,0,D10-D9) -> 1 | F9: 0.16 | G9: ISOLATE RAIN | H9: =+E9+C9 -> 1 | I9: =(C9*1.35)+(E9*1.35) -> 1.35
A10: 44902 | B10: 525816 | C10: =IF(B11-B10<0,0,B11-B10) -> 0 | D10: 3710 | E10: =IF(D11-D10<0,0,D11-D10) -> 1 | F10: 0.88 | G10: FAIR | H10: =+E10+C10 -> 1 | I10: =(C10*1.35)+(E10*1.35) -> 1.35
A11: 44903 | B11: 525816 | C11: =IF(B12-B11<0,0,B12-B11) -> 0 | D11: 3711 | E11: =IF(D12-D11<0,0,D12-D11) -> 1 | F11: 0.88 | G11: FAIR | H11: =+E11+C11 -> 1 | I11: =(C11*1.35)+(E11*1.35) -> 1.35
A12: 44904 | B12: 525816 | C12: =IF(B13-B12<0,0,B13-B12) -> 0 | D12: 3712 | E12: =IF(D13-D12<0,0,D13-D12) -> 0 | F12: 0.88 | G12: ISOLATE RAIN | H12: =+E12+C12 -> 0 | I12: =(C12*1.35)+(E12*1.35) -> 0
A13: 44905 | B13: 525816 | C13: =IF(B14-B13<0,0,B14-B13) -> 1 | D13: 3712 | E13: =IF(D14-D13<0,0,D14-D13) -> 2 | F13: 0.38 | G13: ISOLATE RAIN | H13: =+E13+C13 -> 3 | I13: =(C13*1.35)+(E13*1.35) -> 4.05
A14: 44906 | B14: 525817 | C14: =IF(B15-B14<0,0,B15-B14) -> 9 | D14: 3714 | E14: =IF(D15-D14<0,0,D15-D14) -> 2 | F14: 0.47 | G14: CLOUDY | H14: =+E14+C14 -> 11 | I14: =(C14*1.35)+(E14*1.35) -> 14.85
A15: 44907 | B15: 525826 | C15: =IF(B16-B15<0,0,B16-B15) -> 24 | D15: 3716 | E15: =IF(D16-D15<0,0,D16-D15) -> 1 | F15: 0.61 | G15: FAIR | H15: =+E15+C15 -> 25 | I15: =(C15*1.35)+(E15*1.35) -> 33.75
... A34: 44926 | B34: 525936 | C34: =IF(B35-B34<0,0,B35-B34) -> 0 | D34: 3787 | E34: =IF(D35-D34<0,0,D35-D34) -> 0 | F34: 0.7 | G34: FAIR | H34: =+E34+C34 -> 0 | I34: =(C34*1.35)+(E34*1.35) -> 0
C35: =SUM(C4:C34) -> 186 | E35: =SUM(E4:E34) -> 110 | H35: =SUM(H4:H34) -> 296 | I35: =SUM(I4:I34) -> 399.6
A38: PLEASE MAKE SURE TO KEY IN THE OCCUPANCY AND WEATHER FOR THE DAY!

Sheet Diesel Reading Oct
A1: Daily Diesel Consumption
B2: BOILER | C2: TIME | D2: TIME | E2: TOTAL | F2: Meter Reading | G2: Meter Reading | H2: Consumption | I2: Cost | J2: Diesel in/Litre
B3: NO | C3: START | D3: STOP | E3: HRS | F3: START | G3: STOP | H3: (L) | I3: Daily (RM)
A4: 44896 | B4: 1 | C4: 8.3 | D4: 20 | E4: =D4-C4 -> 11.7 | F4: 1729158.7 | G4: 1729603.5 | H4: =G4-F4 -> 444.8 | I4: =(H4*[1]Summary!$C$6) -> 1263.232 | J4: 3640.8 | K4: Carry foward last Month
A5: 44897 | B5: 1 | C5: 8.3 | D5: 21 | E5: =D5-C5 -> 12.7 | F5: 1729603.5 | G5: 1730110.2 | H5: =G5-F5 -> 506.7 | I5: =(H5*[1]Summary!$C$6) -> 1439.028 | J5: 5640 | K5: Diesel In
A6: 44898 | B6: 1 | C6: 8.3 | D6: 20 | E6: =D6-C6 -> 11.7 | F6: 1730110.2 | G6: 1730582.3 | H6: =G6-F6 -> 472.1 | I6: =(H6*[1]Summary!$C$6) -> 1340.764
A7: 44899 | B7: 1 | C7: 8.3 | D7: 20 | E7: =D7-C7 -> 11.7 | F7: 1730582.3 | G7: 1730996.4 | H7: =G7-F7 -> 414.1 | I7: =(H7*[1]Summary!$C$6) -> 1176.044
A8: 44900 | B8: 1 | C8: 8.3 | D8: 20 | E8: =D8-C8 -> 11.7 | F8: 1730996.4 | G8: 1731424.6 | H8: =G8-F8 -> 428.2 | I8: =(H8*[1]Summary!$C$6) -> 1216.088
A9: 44901 | E9: =D9-C9 -> 0 | H9: =G9-F9 -> 0 | I9: =(H9*[1]Summary!$C$6) -> 0
A10: 44901 | B10: 1 | C10: 8.3 | D10: 20 | E10: =D10-C10 -> 11.7 | F10: 1731424.6 | G10: 1731846.2 | H10: =G10-F10 -> 421.6 | I10: =(H10*[1]Summary!$C$6) -> 1197.344
A11: 44902 | B11: 1 | C11: 8.3 | D11: 21 | E11: =D11-C11 -> 12.7 | F11: 1731846.2 | G11: 1732386.6 | H11: =G11-F11 -> 540.4 | I11: =(H11*[1]Summary!$C$6) -> 1534.736
A12: 44903 | B12: 1 | C12: 8.3 | D12: 21 | E12: =D12-C12 -> 12.7 | F12: 1732386.6 | G12: 1732982 | H12: =G12-F12 -> 595.4 | I12: =(H12*[1]Summary!$C$6) -> 1690.936 | J12: -100 | K12: Beach Comber
A13: 44904 | B13: 1 | C13: 8.3 | D13: 20 | E13: =D13-C13 -> 11.7 | F13: 1732982 | G13: 1733479.3 | H13: =G13-F13 -> 497.3 | I13: =(H13*[1]Summary!$C$6) -> 1412.332
A14: 44905 | B14: OFF | H14: =G14-F14 -> 0 | I14: =(H14*[1]Summary!$C$6) -> 0
A15: 44906 | B15: 1 | C15: 8.3 | D15: 20 | E15: =D15-C15 -> 11.7 | F15: 1733943.6 | G15: 1734354.2 | H15: =G15-F15 -> 410.6 | I15: =(H15*[1]Summary!$C$6) -> 1166.104
A16: 44907 | B16: 1 | C16: 8.3 | D16: 18 | E16: =D16-C16 -> 9.7 | F16: 1734354.2 | G16: 1734469.2 | H16: =G16-F16 -> 115 | I16: =(H16*[1]Summary!$C$6) -> 326.6 | J16: 5640
A17: 44908 | B17: 1 | C17: 8.3 | D17: 20 | E17: =D17-C17 -> 11.7 | F17: 1734769.2 | G17: 1735284.8 | H17: =G17-F17 -> 515.6 | I17: =(H17*[1]Summary!$C$6) -> 1464.304
A18: 44909 | B18: 1 | C18: 8.3 | D18: 20 | E18: =D18-C18 -> 11.7 | F18: 1735284.8 | G18: 1735789.4 | H18: =G18-F18 -> 504.6 | I18: =(H18*[1]Summary!$C$6) -> 1433.064
A19: 44910 | B19: 1 | C19: 8.3 | D19: 20.3 | E19: =D19-C19 -> 12 | F19: 1735789.4 | G19: 1736237.4 | H19: =G19-F19 -> 448 | I19: =(H19*[1]Summary!$C$6) -> 1272.32 | J19: -100 | K19: Beach Comber
A20: 44911 | B20: 1 | C20: 8.3 | D20: 20 | E20: =D20-C20 -> 11.7 | F20: 1736237.4 | G20: 1736742.9 | H20: =G20-F20 -> 505.5 | I20: =(H20*[1]Summary!$C$6) -> 1435.62
A21: 44912 | B21: 1 | C21: 8.3 | D21: 20 | E21: =D21-C21 -> 11.7 | F21: 1736742.9 | G21: 1737251.5 | H21: =G21-F21 -> 508.6 | I21: =(H21*[1]Summary!$C$6) -> 1444.424
A22: 44913 | B22: 1 | C22: 8.3 | D22: 18 | E22: =D22-C22 -> 9.7 | F22: 1737251.5 | G22: 1737664.2 | H22: =G22-F22 -> 412.7 | I22: =(H22*[1]Summary!$C$6) -> 1172.068
A23: 44914 | B23: 1 | C23: 8.3 | D23: 20 | E23: =D23-C23 -> 11.7 | F23: 1737664.2 | G23: 1738164 | H23: =G23-F23 -> 499.8 | I23: =(H23*[1]Summary!$C$6) -> 1419.432
A24: 44915 | B24: 1 | C24: 8.3 | D24: 20 | E24: =D24-C24 -> 11.7 | F24: 1738164 | G24: 1738658.6 | H24: =G24-F24 -> 494.6 | I24: =(H24*[1]Summary!$C$6) -> 1404.664
A25: 44916 | B25: 1 | C25: 8.3 | D25: 20 | E25: =D25-C25 -> 11.7 | F25: 1738658.6 | G25: 1739199.1 | H25: =G25-F25 -> 540.5 | I25: =(H25*[1]Summary!$C$6) -> 1535.02
A26: 44917 | B26: 1 | C26: 8.3 | D26: 21 | E26: =D26-C26 -> 12.7 | F26: 1739199.1 | G26: 1739746.1 | H26: =G26-F26 -> 547 | I26: =(H26*[1]Summary!$C$6) -> 1553.48
A27: 44918 | B27: 1 | C27: 8.3 | D27: 21 | E27: =D27-C27 -> 12.7 | F27: 1739746.1 | G27: 1740250.5 | H27: =G27-F27 -> 504.4 | I27: =(H27*[1]Summary!$C$6) -> 1432.496
A28: 44919 | B28: 1 | C28: 8.3 | D28: 21 | E28: =D28-C28 -> 12.7 | F28: 1740250.5 | G28: 1740796.3 | H28: =G28-F28 -> 545.8 | I28: =(H28*[1]Summary!$C$6) -> 1550.072 | J28: -100 | K28: Beach Comber
A29: 44920 | B29: 1 | C29: 8.3 | D29: 20 | E29: =D29-C29 -> 11.7 | F29: 1740796.3 | G29: 1741276.1 | H29: =G29-F29 -> 479.8 | I29: =(H29*[1]Summary!$C$6) -> 1362.632
A30: 44921 | B30: 1 | C30: 8.3 | D30: 21 | E30: =D30-C30 -> 12.7 | F30: 1741276.1 | G30: 1741809.2 | H30: =G30-F30 -> 533.1 | I30: =(H30*[1]Summary!$C$6) -> 1514.004
A31: 44922 | B31: 1 | C31: 8.3 | D31: 20 | E31: =D31-C31 -> 11.7 | F31: 1741809.2 | G31: 1742305 | H31: =G31-F31 -> 495.8 | I31: =(H31*[1]Summary!$C$6) -> 1408.072
A32: 44923 | B32: 1 | C32: 8.3 | D32: 21 | E32: =D32-C32 -> 12.7 | F32: 1742305 | G32: 1742841.7 | H32: =G32-F32 -> 536.7 | I32: =(H32*[1]Summary!$C$6) -> 1524.228
A33: 44924 | B33: 1 | C33: 8.3 | D33: 21 | E33: =D33-C33 -> 12.7 | F33: 1742841.7 | G33: 1743364 | H33: =G33-F33 -> 522.3 | I33: =(H33*[1]Summary!$C$6) -> 1483.332
A34: 44925 | B34: 1 | C34: 8.3 | D34: 21 | E34: =D34-C34 -> 12.7 | F34: 1743364 | G34: 1743867.3 | H34: =G34-F34 -> 503.3 | I34: =(H34*[1]Summary!$C$6) -> 1429.372
A35: 44926 | B35: 1 | C35: 8.3 | D35: 21 | F35: 1743867.3 | G35: 1744418.1 | H35: =G35-F35 -> 550.8 | I35: =(H35*[1]Summary!$C$6) -> 1564.272
A36: Total | H36: =SUM(H4:H35) -> 14495.1 | I36: =SUM(I4:I35) -> 41166.084 | J36: =SUM(J4:J35)-H36 -> 125.7 | K36: Balance (Litre)
