Workbook

Sheet Sheet1
A1: Site Name | B1: Month | C1: Year | D1: Total (per Unit) bottles cans | E1: Total cost bottles cans | F1: Total (per Unit) cardboard | G1: Total cost cardboard | H1: Total (per Unit) paper | I1: Total cost paper | J1: Total (per Unit) mixed glass | K1: Total cost mixed glass | L1: Total (per Unit) aluminum | M1: Total cost aluminum | N1: Total (per Unit) other plastics | O1: Total cost other plastics | P1: Total (per Unit) soap bars | Q1: Total cost soap bars | R1: Total (per Unit) e waste | S1: Total cost e waste | T1: Total (per Unit) durable goods | U1: Total cost durable goods | V1: Total (per Unit) solid food waste | W1: Total cost solid food waste | X1: Total (per Unit) leftover food | Y1: Total cost leftover food | Z1: Total (per Unit) inedible parts | AA1: Total cost inedible parts | AB1: Total (per Unit) liquid food waste | AC1: Total cost liquid food waste | AD1: Total (per Unit) kitchen grease | AE1: Total cost kitchen grease | AF1: Total (per Unit) liquid hazardous waste | AG1: Total cost liquid hazardous waste | AH1: Total (per Unit) other hazardous waste | AI1: Total cost other hazardous waste | AJ1: Total (per Unit) batteries | AK1: Total cost batteries | AL1: Total (per Unit) light bulbs | AM1: Total cost light bulbs | AN1: Total (per Unit) textiles | AO1: Total cost textiles | AP1: Total (per Unit) paint | AQ1: Total cost paint | AR1: Total (per Unit) recyclable | AS1: Total cost recyclable | AT1: Total (per Unit) commingled recyclables | AU1: Total cost commingled recyclables | AV1: Total (per Unit) paper cardboard | AW1: Total cost paper cardboard | AX1: Total (per Unit) mixed metals | AY1: Total cost mixed metals | AZ1: Total (per Unit) plastics | BA1: Total cost plastics | BB1: Total (per Unit) biodegradable | BC1: Total cost biodegradable | BD1: Total (per Unit) food waste | BE1: Total cost food waste | BF1: Total (per Unit) hazardous waste | BG1: Total cost hazardous waste | BH1: Total (per Unit) universal waste | BI1: Total cost universal waste | BJ1: Total (per Unit) hazardous and universal waste | BK1: Total cost hazardous and universal waste | BL1: Total (per Unit) medical waste | BM1: Total cost medical waste | BN1: Total (per Unit) tin | BO1: Total cost tin
A2: Bali at Sayan | B2: 1 | C2: 2022 | D2: 69 | E2: 0 | F2: 47.2 | G2: 0 | H2: 95.6 | I2: 0 | J2: 69 | K2: 0 | L2: 16 | M2: 0 | N2: 53.8 | O2: 0 | P2: 0 | Q2: 0 | R2: 0 | S2: 0 | T2: 0 | U2: 0 | V2: 10501 | W2: 8800000 | X2: 0 | Y2: 0 | Z2: 0 | AA2: 0 | AB2: 0 | AC2: 0 | AD2: 0 | AE2: 0 | AF2: 0 | AG2: 0 | AH2: 0 | AI2: 0 | AJ2: 0 | AK2: 0 | AL2: 0 | AM2: 0 | AN2: 0 | AO2: 0 | AP2: 0 | AQ2: 0 | AR2: 0 | AS2: 0 | AT2: 0 | AU2: 0 | AV2: 0 | AW2: 0 | AX2: 0 | AY2: 0 | AZ2: 0 | BA2: 0 | BB2: 7365 | BC2: 0 | BD2: 0 | BE2: 0 | BF2: 0 | BG2: 0 | BH2: 0 | BI2: 0 | BJ2: 0 | BK2: 0 | BL2: 0 | BM2: 0 | BN2: 0 | BO2: 0
A3: Bali at Sayan | B3: 2 | C3: 2022 | D3: 412 | E3: 0 | F3: 49.7 | G3: 0 | H3: 156.7 | I3: 0 | J3: 67 | K3: 0 | L3: 13 | M3: 0 | N3: 54.4 | O3: 0 | P3: 0 | Q3: 0 | R3: 0 | S3: 0 | T3: 0 | U3: 0 | V3: 7101 | W3: 8800000 | X3: 0 | Y3: 0 | Z3: 0 | AA3: 0 | AB3: 0 | AC3: 0 | AD3: 0 | AE3: 0 | AF3: 0 | AG3: 0 | AH3: 0 | AI3: 0 | AJ3: 0 | AK3: 0 | AL3: 0 | AM3: 0 | AN3: 0 | AO3: 0 | AP3: 0 | AQ3: 0 | AR3: 0 | AS3: 0 | AT3: 0 | AU3: 0 | AV3: 0 | AW3: 0 | AX3: 0 | AY3: 0 | AZ3: 0 | BA3: 0 | BB3: 6555 | BC3: 0 | BD3: 0 | BE3: 0 | BF3: 0 | BG3: 0 | BH3: 0 | BI3: 0 | BJ3: 0 | BK3: 0 | BL3: 0 | BM3: 0 | BN3: 0 | BO3: 0
A4: Bali at Sayan | B4: 3 | C4: 2022 | D4: 95 | E4: 0 | F4: 63.7 | G4: 0 | H4: 179.3 | I4: 0 | J4: 95 | K4: 0 | L4: 16 | M4: 0 | N4: 79 | O4: 0 | P4: 0 | Q4: 0 | R4: 0 | S4: 0 | T4: 0 | U4: 0 | V4: 9628 | W4: 8800000 | X4: 0 | Y4: 0 | Z4: 0 | AA4: 0 | AB4: 0 | AC4: 0 | AD4: 0 | AE4: 0 | AF4: 0 | AG4: 0 | AH4: 0 | AI4: 0 | AJ4: 0 | AK4: 0 | AL4: 0 | AM4: 0 | AN4: 0 | AO4: 0 | AP4: 0 | AQ4: 0 | AR4: 0 | AS4: 0 | AT4: 0 | AU4: 0 | AV4: 0 | AW4: 0 | AX4: 0 | AY4: 0 | AZ4: 0 | BA4: 0 | BB4: 8540 | BC4: 0 | BD4: 0 | BE4: 0 | BF4: 0 | BG4: 0 | BH4: 0 | BI4: 0 | BJ4: 0 | BK4: 0 | BL4: 0 | BM4: 0 | BN4: 0 | BO4: 0
A5: Bali at Sayan | B5: 4 | C5: 2022 | D5: 135.7 | E5: 0 | F5: 144.1 | G5: 0 | H5: 69 | I5: 0 | J5: 135.7 | K5: 0 | L5: 0 | M5: 0 | N5: 89.7 | O5: 0 | P5: 0 | Q5: 0 | R5: 0 | S5: 0 | T5: 0 | U5: 0 | V5: 3668 | W5: 8800000 | X5: 0 | Y5: 0 | Z5: 0 | AA5: 0 | AB5: 0 | AC5: 0 | AD5: 0 | AE5: 0 | AF5: 0 | AG5: 0 | AH5: 0 | AI5: 0 | AJ5: 0 | AK5: 0 | AL5: 0 | AM5: 0 | AN5: 0 | AO5: 0 | AP5: 0 | AQ5: 0 | AR5: 0 | AS5: 0 | AT5: 0 | AU5: 0 | AV5: 0 | AW5: 0 | AX5: 0 | AY5: 0 | AZ5: 0 | BA5: 0 | BB5: 19488.3 | BC5: 0 | BD5: 0 | BE5: 0 | BF5: 0 | BG5: 0 | BH5: 0 | BI5: 0 | BJ5: 0 | BK5: 0 | BL5: 0 | BM5: 0 | BN5: 0 | BO5: 0
A6: Bali at Sayan | B6: 5 | C6: 2022 | D6: 198.3 | E6: 0 | F6: 118.2 | G6: 0 | H6: 260.8 | I6: 0 | J6: 106.7 | K6: 0 | L6: 0 | M6: 0 | N6: 58.6 | O6: 0 | P6: 0 | Q6: 0 | R6: 0 | S6: 0 | T6: 0 | U6: 0 | V6: 7190 | W6: 8800000 | X6: 0 | Y6: 0 | Z6: 0 | AA6: 0 | AB6: 0 | AC6: 0 | AD6: 0 | AE6: 0 | AF6: 0 | AG6: 0 | AH6: 0 | AI6: 0 | AJ6: 0 | AK6: 0 | AL6: 0 | AM6: 0 | AN6: 0 | AO6: 0 | AP6: 0 | AQ6: 0 | AR6: 0 | AS6: 0 | AT6: 0 | AU6: 0 | AV6: 0 | AW6: 0 | AX6: 0 | AY6: 0 | AZ6: 0 | BA6: 0 | BB6: 16080 | BC6: 0 | BD6: 0 | BE6: 0 | BF6: 0 | BG6: 0 | BH6: 0 | BI6: 0 | BJ6: 0 | BK6: 0 | BL6: 0 | BM6: 0 | BN6: 0 | BO6: 0
A7: Bali at Sayan | B7: 6 | C7: 2022 | D7: 489.2 | E7: 0 | F7: 367.6 | G7: 0 | H7: 140.9 | I7: 0 | J7: 0 | K7: 0 | L7: 0 | M7: 0 | N7: 297.7 | O7: 0 | P7: 0 | Q7: 0 | R7: 0 | S7: 0 | T7: 0 | U7: 0 | V7: 6478 | W7: 8800000 | X7: 0 | Y7: 0 | Z7: 0 | AA7: 0 | AB7: 0 | AC7: 0 | AD7: 0 | AE7: 0 | AF7: 0 | AG7: 0 | AH7: 0 | AI7: 0 | AJ7: 0 | AK7: 0 | AL7: 0 | AM7: 0 | AN7: 0 | AO7: 0 | AP7: 0 | AQ7: 0 | AR7: 0 | AS7: 0 | AT7: 0 | AU7: 0 | AV7: 0 | AW7: 0 | AX7: 0 | AY7: 0 | AZ7: 0 | BA7: 0 | BB7: 13801.4 | BC7: 0 | BD7: 0 | BE7: 0 | BF7: 0 | BG7: 0 | BH7: 0 | BI7: 0 | BJ7: 0 | BK7: 0 | BL7: 0 | BM7: 0 | BN7: 0 | BO7: 0
A8: Bali at Sayan | B8: 7 | C8: 2022 | D8: 223 | E8: -22780 | F8: 132.6 | G8: -260180 | H8: 0 | I8: 0 | J8: 0 | K8: 0 | L8: 42.5 | M8: -13500 | N8: 25.8 | O8: -1200 | P8: 0 | Q8: 0 | R8: 0 | S8: 0 | T8: 0 | U8: 0 | V8: 7790 | W8: 6900000 | X8: 0 | Y8: 0 | Z8: 0 | AA8: 0 | AB8: 0 | AC8: 0 | AD8: 0 | AE8: 0 | AF8: 0 | AG8: 0 | AH8: 0 | AI8: 0 | AJ8: 0 | AK8: 0 | AL8: 0 | AM8: 0 | AN8: 0 | AO8: 0 | AP8: 0 | AQ8: 0 | AR8: 0 | AS8: 0 | AT8: 0 | AU8: 0 | AV8: 0 | AW8: 0 | AX8: 0 | AY8: 0 | AZ8: 0 | BA8: 0 | BB8: 4656.5 | BC8: 0 | BD8: 0 | BE8: 0 | BF8: 0 | BG8: 0 | BH8: 0 | BI8: 0 | BJ8: 0 | BK8: 0 | BL8: 0 | BM8: 0 | BN8: 0 | BO8: 0
A9: Bali at Sayan | B9: 8 | C9: 2022 | D9: 226 | E9: -105350 | F9: 141 | G9: 0 | H9: 0 | I9: 0 | J9: 0 | K9: 0 | L9: 27 | M9: -74000 | N9: 8 | O9: -350 | P9: 0 | Q9: 0 | R9: 0 | S9: 0 | T9: 0 | U9: 0 | V9: 7740 | W9: 6900000 | X9: 0 | Y9: 0 | Z9: 0 | AA9: 0 | AB9: 0 | AC9: 0 | AD9: 0 | AE9: 0 | AF9: 0 | AG9: 0 | AH9: 0 | AI9: 0 | AJ9: 0 | AK9: 0 | AL9: 0 | AM9: 0 | AN9: 0 | AO9: 0 | AP9: 0 | AQ9: 0 | AR9: 0 | AS9: 0 | AT9: 0 | AU9: 0 | AV9: 0 | AW9: 0 | AX9: 0 | AY9: 0 | AZ9: 0 | BA9: 0 | BB9: 3120 | BC9: 0 | BD9: 0 | BE9: 0 | BF9: 0 | BG9: 0 | BH9: 0 | BI9: 0 | BJ9: 0 | BK9: 0 | BL9: 0 | BM9: 0 | BN9: 0 | BO9: 0
A10: Bali at Sayan | B10: 9 | C10: 2022 | D10: 210 | E10: -44310 | F10: 102 | G10: -36500 | H10: 0 | I10: 0 | J10: 0 | K10: 0 | L10: 19.4 | M10: -81025 | N10: 88.4 | O10: -27550 | P10: 0 | Q10: 0 | R10: 0 | S10: 0 | T10: 0 | U10: 0 | V10: 7730 | W10: 6900000 | X10: 0 | Y10: 0 | Z10: 0 | AA10: 0 | AB10: 0 | AC10: 0 | AD10: 0 | AE10: 0 | AF10: 0 | AG10: 0 | AH10: 0 | AI10: 0 | AJ10: 0 | AK10: 0 | AL10: 0 | AM10: 0 | AN10: 0 | AO10: 0 | AP10: 0 | AQ10: 0 | AR10: 0 | AS10: 0 | AT10: 0 | AU10: 0 | AV10: 0 | AW10: 0 | AX10: 0 | AY10: 0 | AZ10: 0 | BA10: 0 | BB10: 3080 | BC10: 0 | BD10: 0 | BE10: 0 | BF10: 0 | BG10: 0 | BH10: 0 | BI10: 0 | BJ10: 0 | BK10: 0 | BL10: 0 | BM10: 0 | BN10: 0 | BO10: 0
A11: Bali at Sayan | B11: 10 | C11: 2022 | D11: 385 | E11: -12600 | F11: 40 | G11: -25200 | H11: 0 | I11: 0 | J11: 0 | K11: 0 | L11: 0 | M11: 0 | N11: 67.6 | O11: -4230 | P11: 0 | Q11: 0 | R11: 0 | S11: 0 | T11: 0 | U11: 0 | V11: 7960 | W11: 6900000 | X11: 0 | Y11: 0 | Z11: 0 | AA11: 0 | AB11: 0 | AC11: 0 | AD11: 0 | AE11: 0 | AF11: 0 | AG11: 0 | AH11: 0 | AI11: 0 | AJ11: 0 | AK11: 0 | AL11: 0 | AM11: 0 | AN11: 0 | AO11: 0 | AP11: 0 | AQ11: 0 | AR11: 0 | AS11: 0 | AT11: 0 | AU11: 0 | AV11: 0 | AW11: 0 | AX11: 0 | AY11: 0 | AZ11: 0 | BA11: 0 | BB11: 4370 | BC11: 0 | BD11: 0 | BE11: 0 | BF11: 0 | BG11: 0 | BH11: 0 | BI11: 0 | BJ11: 0 | BK11: 0 | BL11: 0 | BM11: 0 | BN11: 0 | BO11: 0
A12: Bali at Sayan | B12: 11 | C12: 2022 | D12: 214.9 | E12: -49125 | F12: 94 | G12: -29125 | H12: 0 | I12: 0 | J12: 0 | K12: 0 | L12: 37 | M12: -76500 | N12: 70.1 | O12: 0 | P12: 0 | Q12: 0 | R12: 0 | S12: 0 | T12: 0 | U12: 0 | V12: 8160 | W12: 6900000 | X12: 0 | Y12: 0 | Z12: 0 | AA12: 0 | AB12: 0 | AC12: 0 | AD12: 0 | AE12: 0 | AF12: 0 | AG12: 0 | AH12: 0 | AI12: 0 | AJ12: 0 | AK12: 0 | AL12: 0 | AM12: 0 | AN12: 0 | AO12: 0 | AP12: 0 | AQ12: 0 | AR12: 0 | AS12: 0 | AT12: 0 | AU12: 0 | AV12: 0 | AW12: 0 | AX12: 0 | AY12: 0 | AZ12: 0 | BA12: 0 | BB12: 5670 | BC12: 0 | BD12: 0 | BE12: 0 | BF12: 0 | BG12: 0 | BH12: 0 | BI12: 0 | BJ12: 0 | BK12: 0 | BL12: 0 | BM12: 0 | BN12: 0 | BO12: 0
A13: Bali at Sayan | B13: 12 | C13: 2022 | D13: =TOTAL!E33 -> 443 | E13: =TOTAL!F33 -> -114550 | F13: =TOTAL!G33 -> 158.1 | G13: =TOTAL!H33 -> -45329 | H13: =TOTAL!I33 -> 0 | I13: =TOTAL!J33 -> 0 | J13: =TOTAL!K33 -> 0 | K13: =TOTAL!L33 -> 0 | ... BO13: =TOTAL!BP33 -> 0

Sheet TOTAL
A1: Site Name | B1: Day | C1: Month | D1: Year | E1: Total (per Unit) bottles cans | F1: Total cost bottles cans | G1: Total (per Unit) cardboard | H1: Total cost cardboard | I1: Total (per Unit) paper | J1: Total cost paper | K1: Total (per Unit) mixed glass | L1: Total cost mixed glass | M1: Total (per Unit) aluminum | N1: Total cost aluminum | O1: Total (per Unit) other plastics | P1: Total cost other plastics | Q1: Total (per Unit) soap bars | R1: Total cost soap bars | S1: Total (per Unit) e waste | T1: Total cost e waste | U1: Total (per Unit) durable goods | V1: Total cost durable goods | W1: Total (per Unit) solid food waste | X1: Total cost solid food waste | Y1: Total (per Unit) leftover food | Z1: Total cost leftover food | AA1: Total (per Unit) inedible parts | AB1: Total cost inedible parts | AC1: Total (per Unit) liquid food waste | AD1: Total cost liquid food waste | AE1: Total (per Unit) kitchen grease | AF1: Total cost kitchen grease | AG1: Total (per Unit) liquid hazardous waste | AH1: Total cost liquid hazardous waste | AI1: Total (per Unit) other hazardous waste | AJ1: Total cost other hazardous waste | AK1: Total (per Unit) batteries | AL1: Total cost batteries | AM1: Total (per Unit) light bulbs | AN1: Total cost light bulbs | AO1: Total (per Unit) textiles | AP1: Total cost textiles | AQ1: Total (per Unit) paint | AR1: Total cost paint | AS1: Total (per Unit) recyclable | AT1: Total cost recyclable | AU1: Total (per Unit) commingled recyclables | AV1: Total cost commingled recyclables | AW1: Total (per Unit) paper cardboard | AX1: Total cost paper cardboard | AY1: Total (per Unit) mixed metals | AZ1: Total cost mixed metals | BA1: Total (per Unit) plastics | BB1: Total cost plastics | BC1: Total (per Unit) biodegradable | BD1: Total cost biodegradable | BE1: Total (per Unit) food waste | BF1: Total cost food waste | BG1: Total (per Unit) hazardous waste | BH1: Total cost hazardous waste | BI1: Total (per Unit) universal waste | BJ1: Total cost universal waste | BK1: Total (per Unit) hazardous and universal waste | BL1: Total cost hazardous and universal waste | BM1: Total (per Unit) medical waste | BN1: Total cost medical waste | BO1: Total (per Unit) tin | BP1: Total cost tin
A2: Bali at Sayan | B2: 1 | C2: 12 | D2: 2022 | E2: ='FSUBU DEC 2022'!K12 -> 140.9 | G2: ='FSUBU DEC 2022'!E12 -> 30.5 | H2: ='FSUBU DEC 2022'!F12 -> 0 | M2: ='FSUBU DEC 2022'!M12 -> 25.3 | N2: ='FSUBU DEC 2022'!N12 -> 0 | O2: ='FSUBU DEC 2022'!U12 -> 8 | P2: ='FSUBU DEC 2022'!V12 -> 0 | W2: ='FSUBU DEC 2022'!Y12 -> 270 | X2: ='FSUBU DEC 2022'!Z41 -> 6900000 | BC2: ='FSUBU DEC 2022'!AI12 -> 250 | BD2: ='FSUBU DEC 2022'!Z12 -> 0 | BE2: 0
A3: Bali at Sayan | B3: =B2+1 -> 2 | C3: 12 | D3: 2022 | E3: ='FSUBU DEC 2022'!K13 -> 0 | F3: ='FSUBU DEC 2022'!L13 -> 0 | G3: ='FSUBU DEC 2022'!E13 -> 0 | H3: ='FSUBU DEC 2022'!F13 -> 0 | M3: ='FSUBU DEC 2022'!M13 -> 0 | N3: ='FSUBU DEC 2022'!N13 -> 0 | O3: ='FSUBU DEC 2022'!U13 -> 0 | P3: ='FSUBU DEC 2022'!V13 -> 0 | W3: ='FSUBU DEC 2022'!Y13 -> 300 | BC3: ='FSUBU DEC 2022'!AI13 -> 240 | BD3: ='FSUBU DEC 2022'!Z13 -> 0 | BE3: 0
A4: Bali at Sayan | B4: =B3+1 -> 3 | C4: 12 | D4: 2022 | E4: ='FSUBU DEC 2022'!K14 -> 0 | F4: ='FSUBU DEC 2022'!L14 -> 0 | G4: ='FSUBU DEC 2022'!E14 -> 0 | H4: ='FSUBU DEC 2022'!F14 -> 0 | M4: ='FSUBU DEC 2022'!M14 -> 0 | N4: ='FSUBU DEC 2022'!N14 -> 0 | O4: ='FSUBU DEC 2022'!U14 -> 0 | P4: ='FSUBU DEC 2022'!V14 -> 0 | W4: ='FSUBU DEC 2022'!Y14 -> 280 | BC4: ='FSUBU DEC 2022'!AI14 -> 290 | BD4: ='FSUBU DEC 2022'!Z14 -> 0 | BE4: 0
A5: Bali at Sayan | B5: =B4+1 -> 4 | C5: 12 | D5: 2022 | E5: ='FSUBU DEC 2022'!K15 -> 0 | F5: ='FSUBU DEC 2022'!L15 -> 0 | G5: ='FSUBU DEC 2022'!E15 -> 0 | H5: ='FSUBU DEC 2022'!F15 -> 0 | M5: ='FSUBU DEC 2022'!M15 -> 0 | N5: ='FSUBU DEC 2022'!N15 -> 0 | O5: ='FSUBU DEC 2022'!U15 -> 0 | P5: ='FSUBU DEC 2022'!V15 -> 0 | W5: ='FSUBU DEC 2022'!Y15 -> 270 | BC5: ='FSUBU DEC 2022'!AI15 -> 270 | BD5: ='FSUBU DEC 2022'!Z15 -> 0 | BE5: 0
A6: Bali at Sayan | B6: =B5+1 -> 5 | C6: 12 | D6: 2022 | E6: ='FSUBU DEC 2022'!K16 -> 0 | F6: ='FSUBU DEC 2022'!L16 -> 0 | G6: ='FSUBU DEC 2022'!E16 -> 0 | H6: ='FSUBU DEC 2022'!F16 -> 0 | M6: ='FSUBU DEC 2022'!M16 -> 0 | N6: ='FSUBU DEC 2022'!N16 -> 0 | O6: ='FSUBU DEC 2022'!U16 -> 0 | P6: ='FSUBU DEC 2022'!V16 -> 0 | W6: ='FSUBU DEC 2022'!Y16 -> 290 | BC6: ='FSUBU DEC 2022'!AI16 -> 250 | BD6: ='FSUBU DEC 2022'!Z16 -> 0 | BE6: 0
A7: Bali at Sayan | B7: =B6+1 -> 6 | C7: 12 | D7: 2022 | E7: ='FSUBU DEC 2022'!K17 -> 0 | F7: ='FSUBU DEC 2022'!L17 -> 0 | G7: ='FSUBU DEC 2022'!E17 -> 0 | H7: ='FSUBU DEC 2022'!F17 -> 0 | M7: ='FSUBU DEC 2022'!M17 -> 0 | N7: ='FSUBU DEC 2022'!N17 -> 0 | O7: ='FSUBU DEC 2022'!U17 -> 0 | P7: ='FSUBU DEC 2022'!V17 -> 0 | W7: ='FSUBU DEC 2022'!Y17 -> 240 | BC7: ='FSUBU DEC 2022'!AI17 -> 290 | BD7: ='FSUBU DEC 2022'!Z17 -> 0 | BE7: 0
A8: Bali at Sayan | B8: =B7+1 -> 7 | C8: 12 | D8: 2022 | E8: ='FSUBU DEC 2022'!K18 -> 0 | F8: ='FSUBU DEC 2022'!L18 -> 0 | G8: ='FSUBU DEC 2022'!E18 -> 0 | H8: ='FSUBU DEC 2022'!F18 -> 0 | M8: ='FSUBU DEC 2022'!M18 -> 0 | N8: ='FSUBU DEC 2022'!N18 -> 0 | O8: ='FSUBU DEC 2022'!U18 -> 0 | P8: ='FSUBU DEC 2022'!V18 -> 0 | W8: ='FSUBU DEC 2022'!Y18 -> 260 | BC8: ='FSUBU DEC 2022'!AI18 -> 240 | BD8: ='FSUBU DEC 2022'!Z18 -> 0 | BE8: 0
A9: Bali at Sayan | B9: =B8+1 -> 8 | C9: 12 | D9: 2022 | E9: ='FSUBU DEC 2022'!K19 -> 0 | F9: ='FSUBU DEC 2022'!L19 -> 0 | G9: ='FSUBU DEC 2022'!E19 -> 0 | H9: ='FSUBU DEC 2022'!F19 -> 0 | M9: ='FSUBU DEC 2022'!M19 -> 0 | N9: ='FSUBU DEC 2022'!N19 -> 0 | O9: ='FSUBU DEC 2022'!U19 -> 0 | P9: ='FSUBU DEC 2022'!V19 -> 0 | W9: ='FSUBU DEC 2022'!Y19 -> 250 | BC9: ='FSUBU DEC 2022'!AI19 -> 240 | BD9: ='FSUBU DEC 2022'!Z19 -> 0 | BE9: 0
A10: Bali at Sayan | B10: =B9+1 -> 9 | C10: 12 | D10: 2022 | E10: ='FSUBU DEC 2022'!K20 -> 0 | F10: ='FSUBU DEC 2022'!L20 -> 0 | G10: ='FSUBU DEC 2022'!E20 -> 0 | H10: ='FSUBU DEC 2022'!F20 -> 0 | M10: ='FSUBU DEC 2022'!M20 -> 0 | N10: ='FSUBU DEC 2022'!N20 -> 0 | O10: ='FSUBU DEC 2022'!U20 -> 0 | P10: ='FSUBU DEC 2022'!V20 -> 0 | W10: ='FSUBU DEC 2022'!Y20 -> 280 | BC10: ='FSUBU DEC 2022'!AI20 -> 250 | BD10: ='FSUBU DEC 2022'!Z20 -> 0 | BE10: 0
A11: Bali at Sayan | B11: =B10+1 -> 10 | C11: 12 | D11: 2022 | E11: ='FSUBU DEC 2022'!K21 -> 104 | F11: ='FSUBU DEC 2022'!L21 -> 0 | G11: ='FSUBU DEC 2022'!E21 -> 60.5 | H11: ='FSUBU DEC 2022'!F21 -> 0 | M11: ='FSUBU DEC 2022'!M21 -> 0 | N11: ='FSUBU DEC 2022'!N21 -> 0 | O11: ='FSUBU DEC 2022'!U21 -> 40 | P11: ='FSUBU DEC 2022'!V21 -> 0 | W11: ='FSUBU DEC 2022'!Y21 -> 280 | BC11: ='FSUBU DEC 2022'!AI21 -> 270 | BD11: ='FSUBU DEC 2022'!Z21 -> 0 | BE11: 0
A12: Bali at Sayan | B12: =B11+1 -> 11 | C12: 12 | D12: 2022 | E12: ='FSUBU DEC 2022'!K22 -> 0 | F12: ='FSUBU DEC 2022'!L22 -> 0 | G12: ='FSUBU DEC 2022'!E22 -> 0 | H12: ='FSUBU DEC 2022'!F22 -> 0 | M12: ='FSUBU DEC 2022'!M22 -> 0 | N12: ='FSUBU DEC 2022'!N22 -> 0 | O12: ='FSUBU DEC 2022'!U22 -> 0 | P12: ='FSUBU DEC 2022'!V22 -> 0 | W12: ='FSUBU DEC 2022'!Y22 -> 300 | BC12: ='FSUBU DEC 2022'!AI22 -> 280 | BD12: ='FSUBU DEC 2022'!Z22 -> 0 | BE12: 0
A13: Bali at Sayan | B13: =B12+1 -> 12 | C13: 12 | D13: 2022 | E13: ='FSUBU DEC 2022'!K23 -> 0 | F13: ='FSUBU DEC 2022'!L23 -> 0 | G13: ='FSUBU DEC 2022'!E23 -> 0 | H13: ='FSUBU DEC 2022'!F23 -> 0 | M13: ='FSUBU DEC 2022'!M23 -> 0 | N13: ='FSUBU DEC 2022'!N23 -> 0 | O13: ='FSUBU DEC 2022'!U23 -> 0 | P13: ='FSUBU DEC 2022'!V23 -> 0 | W13: ='FSUBU DEC 2022'!Y23 -> 290 | BC13: ='FSUBU DEC 2022'!AI23 -> 0 | BD13: ='FSUBU DEC 2022'!Z23 -> 0 | BE13: 0
A14: Bali at Sayan | B14: =B13+1 -> 13 | C14: 12 | D14: 2022 | E14: ='FSUBU DEC 2022'!K24 -> 0 | F14: ='FSUBU DEC 2022'!L24 -> 0 | G14: ='FSUBU DEC 2022'!E24 -> 0 | H14: ='FSUBU DEC 2022'!F24 -> 0 | M14: ='FSUBU DEC 2022'!M24 -> 0 | N14: ='FSUBU DEC 2022'!N24 -> 0 | O14: ='FSUBU DEC 2022'!U24 -> 0 | P14: ='FSUBU DEC 2022'!V24 -> 0 | W14: ='FSUBU DEC 2022'!Y24 -> 280 | BC14: ='FSUBU DEC 2022'!AI24 -> 180 | BD14: ='FSUBU DEC 2022'!Z24 -> 0 | BE14: 0
... A30: Bali at Sayan | B30: =B29+1 -> 29 | C30: 12 | D30: 2022 | E30: ='FSUBU DEC 2022'!K40 -> 0 | F30: ='FSUBU DEC 2022'!L40 -> 0 | G30: ='FSUBU DEC 2022'!E40 -> 0 | H30: ='FSUBU DEC 2022'!F40 -> 0 | M30: ='FSUBU DEC 2022'!M40 -> 0 | N30: ='FSUBU DEC 2022'!N40 -> 0 | O30: ='FSUBU DEC 2022'!U40 -> 0 | P30: ='FSUBU DEC 2022'!V40 -> 0 | W30: ='FSUBU DEC 2022'!Y40 -> 320 | BC30: ='FSUBU DEC 2022'!AI40 -> 290 | BD30: ='FSUBU DEC 2022'!Z40 -> 0 | BE30: 0
A31: Bali at Sayan | B31: =B30+1 -> 30 | C31: 12 | D31: 2022 | E31: ='FSUBU DEC 2022'!K41 -> 0 | F31: ='FSUBU DEC 2022'!L41 -> -114550 | G31: ='FSUBU DEC 2022'!E41 -> 0 | H31: ='FSUBU DEC 2022'!F41 -> -45329 | M31: ='FSUBU DEC 2022'!M41 -> 0 | N31: ='FSUBU DEC 2022'!N41 -> -29300 | O31: ='FSUBU DEC 2022'!U41 -> 0 | P31: ='FSUBU DEC 2022'!V41 -> 0 | W31: ='FSUBU DEC 2022'!Y41 -> 310 | BC31: ='FSUBU DEC 2022'!AI41 -> 390 | BD31: 0 | BE31: 0
A32: Bali at Sayan | B32: =B31+1 -> 31 | C32: 12 | D32: 2022 | E32: ='FSUBU DEC 2022'!K42 -> 53.6 | F32: ='FSUBU DEC 2022'!L42 -> 0 | G32: ='FSUBU DEC 2022'!E42 -> 9.4 | H32: ='FSUBU DEC 2022'!F42 -> 0 | M32: ='FSUBU DEC 2022'!M42 -> 3.7 | N32: ='FSUBU DEC 2022'!N42 -> 0 | O32: ='FSUBU DEC 2022'!U42 -> 2.5 | P32: ='FSUBU DEC 2022'!V42 -> -20500 | W32: ='FSUBU DEC 2022'!Y42 -> 340 | BC32: ='FSUBU DEC 2022'!AI42 -> 330 | BD32: 0 | BE32: 0
E33: =SUM(E2:E32) -> 443 | F33: =SUM(F2:F32) -> -114550 | G33: =SUM(G2:G32) -> 158.1 | H33: =SUM(H2:H32) -> -45329 | I33: =SUM(I2:I32) -> 0 | J33: =SUM(J2:J32) -> 0 | K33: =SUM(K2:K32) -> 0 | L33: =SUM(L2:L32) -> 0 | ... AA33: =SUM(AA2:AA32) -> 0 | AB33: =SUM(AB2:AB31) -> 0 | AC33: =SUM(AC2:AC31) -> 0 | AD33: =SUM(AD2:AD31) -> 0 | AE33: =SUM(AE2:AE31) -> 0 | AF33: =SUM(AF2:AF31) -> 0 | AG33: =SUM(AG2:AG31) -> 0 | AH33: =SUM(AH2:AH31) -> 0 | AI33: =SUM(AI2:AI31) -> 0 | ... BB33: =SUM(BB2:BB31) -> 0 | BC33: =SUM(BC2:BC32) -> 7450 | BD33: =SUM(BD2:BD31) -> 0 | BE33: 0 | BF33: =SUM(BF2:BF31) -> 0 | BG33: =SUM(BG2:BG31) -> 0 | BH33: =SUM(BH2:BH31) -> 0 | BI33: =SUM(BI2:BI31) -> 0 | BJ33: =SUM(BJ2:BJ31) -> 0 | BK33: =SUM(BK2:BK31) -> 0 | BL33: =SUM(BL2:BL31) -> 0 | BM33: =SUM(BM2:BM31) -> 0 | ... BP33: =SUM(BP2:BP31) -> 0

Sheet FSUBU DEC 2022
B6: Four Seasons Resort Bali at Sayan
B7: Dec 2022
B8: Date | C8: Room Nights | D8: Food Covers | E8: Paper Waste | K8: Glass Waste | M8: Metal Waste | U8: Plastic Waste | Y8: Organic Waste | AM8: Hazardous Waste | BE8: Recycleable
E10: Total (per Unit) paper cardboard | F10: Total cost paper cardboard | G10: Total (per Unit) cardboard | H10: Total cost cardboard | I10: Total (per Unit) paper | J10: Total cost paper | K10: Total (per Unit) mixed glass | L10: Total cost mixed glass | M10: Total (per Unit) bottles cans | N10: Total cost bottles cans | O10: Total (per Unit) mixed metals | P10: Total cost mixed metals | Q10: Total (per Unit) tin | R10: Total cost tin | S10: Total (per Unit) aluminum | T10: Total cost aluminum | U10: Total (per Unit) plastics | V10: Total cost plastics | W10: Total (per Unit) other plastics | X10: Total cost other plastics | Y10: Total (per Unit) solid food waste | Z10: Total cost solid food waste | AA10: Total (per Unit) leftover food | AB10: Total cost leftover food | AC10: Total (per Unit) inedible parts | AD10: Total cost inedible parts | AE10: Total (per Unit) liquid food waste | AF10: Total cost liquid food waste | AG10: Total (per Unit) kitchen grease | AH10: Total cost kitchen grease | AI10: Total (per Unit) biodegradable | AJ10: Total cost biodegradable | AK10: Total (per Unit) food waste | AL10: Total cost food waste | AM10: Total (per Unit) hazardous waste | AN10: Total cost hazardous waste | AO10: Total (per Unit) universal waste | AP10: Total cost universal waste | AQ10: Total (per Unit) hazardous and universal waste | AR10: Total cost hazardous and universal waste | AS10: Total (per Unit) medical waste | AT10: Total cost medical waste | AU10: Total (per Unit) liquid hazardous waste | AV10: Total cost liquid hazardous waste | AW10: Total (per Unit) other hazardous waste | AX10: Total cost other hazardous waste | AY10: Total (per Unit) batteries | AZ10: Total cost batteries | BA10: Total (per Unit) light bulbs | BB10: Total cost light bulbs | BC10: Total (per Unit) paint | BD10: Total cost paint | BE10: Total (per Unit) soap bars | BF10: Total cost soap bars | BG10: Total (per Unit) e waste | BH10: Total cost e waste | BI10: Total (per Unit) durable goods | BJ10: Total cost durable goods | BK10: Total (per Unit) textiles | BL10: Total cost textiles | BM10: Total (per Unit) recyclable | BN10: Total cost recyclable | BO10: Total (per Unit) commingled recyclables | BP10: Total cost commingled recyclables
B12: 1 | C12: 19 | D12: 85 | E12: 30.5 | F12: 0 | K12: 140.9 | L12: 0 | M12: 25.3 | N12: 0 | U12: 8 | V12: 0 | Y12: 270 | Z12: 0 | AI12: 250
B13: 2 | C13: 25 | D13: 107 | E13: 0 | F13: 0 | K13: 0 | L13: 0 | M13: 0 | N13: 0 | U13: 0 | V13: 0 | Y13: 300 | Z13: 0 | AI13: 240
B14: 3 | C14: 27 | D14: 122 | E14: 0 | F14: 0 | K14: 0 | L14: 0 | M14: 0 | N14: 0 | U14: 0 | V14: 0 | Y14: 280 | Z14: 0 | AI14: 290
B15: 4 | C15: 30 | D15: 129 | E15: 0 | F15: 0 | K15: 0 | L15: 0 | M15: 0 | N15: 0 | U15: 0 | V15: 0 | Y15: 270 | Z15: 0 | AI15: 270
B16: 5 | C16: 28 | D16: 132 | E16: 0 | F16: 0 | K16: 0 | L16: 0 | M16: 0 | N16: 0 | U16: 0 | V16: 0 | Y16: 290 | Z16: 0 | AI16: 250
B17: 6 | C17: 31 | D17: 124 | E17: 0 | F17: 0 | K17: 0 | L17: 0 | M17: 0 | N17: 0 | U17: 0 | V17: 0 | Y17: 240 | Z17: 0 | AI17: 290
B18: 7 | C18: 43 | D18: 139 | E18: 0 | K18: 0 | M18: 0 | U18: 0 | V18: 0 | X18: 0 | Y18: 260 | AI18: 240
B19: 8 | C19: 39 | D19: 138 | E19: 0 | F19: 0 | K19: 0 | L19: 0 | M19: 0 | N19: 0 | U19: 0 | V19: 0 | Y19: 250 | Z19: 0 | AI19: 240
B20: 9 | C20: 34 | D20: 138 | E20: 0 | F20: 0 | K20: 0 | L20: 0 | M20: 0 | N20: 0 | U20: 0 | V20: 0 | Y20: 280 | Z20: 0 | AI20: 250
B21: 10 | C21: 23 | D21: 114 | E21: 60.5 | F21: 0 | K21: 104 | L21: 0 | M21: 0 | N21: 0 | U21: 40 | V21: 0 | Y21: 280 | Z21: 0 | AI21: 270
B22: 11 | C22: 31 | D22: 124 | E22: 0 | F22: 0 | K22: 0 | L22: 0 | M22: 0 | N22: 0 | U22: 0 | V22: 0 | Y22: 300 | Z22: 0 | AI22: 280
B23: 12 | C23: 37 | D23: 153 | E23: 0 | F23: 0 | K23: 0 | L23: 0 | M23: 0 | N23: 0 | U23: 0 | V23: 0 | Y23: 290 | Z23: 0 | AI23: 0
B24: 13 | C24: 33 | D24: 202 | E24: 0 | F24: 0 | K24: 0 | L24: 0 | M24: 0 | N24: 0 | U24: 0 | V24: 0 | Y24: 280 | Z24: 0 | AI24: 180
B25: 14 | C25: 30 | D25: 102 | E25: 17 | F25: 0 | K25: 80 | L25: 0 | M25: 0 | N25: 0 | U25: 0 | V25: 0 | Y25: 250 | Z25: 0 | AI25: 200
B26: 15 | C26: 40 | D26: 125 | E26: 0 | F26: 0 | K26: 0 | L26: 0 | M26: 0 | N26: 0 | U26: 0 | V26: 0 | Y26: 270 | Z26: 0 | AI26: 190
B27: 16 | C27: 52 | D27: 172 | E27: 0 | F27: 0 | K27: 0 | L27: 0 | M27: 0 | N27: 0 | U27: 0 | V27: 0 | Y27: 260 | Z27: 0 | AI27: 220
B28: 17 | C28: 48 | D28: 165 | E28: 0 | F28: 0 | K28: 0 | L28: 0 | M28: 0 | N28: 0 | U28: 0 | V28: 0 | Y28: 270 | Z28: 0 | AI28: 300
B29: 18 | C29: 50 | D29: 218 | E29: 0 | F29: 0 | K29: 0 | L29: 0 | M29: 0 | N29: 0 | U29: 0 | V29: 0 | Y29: 290 | Z29: 0 | AI29: 220
B30: 19 | C30: 50 | D30: 242 | E30: 0 | F30: 0 | K30: 0 | L30: 0 | M30: 0 | N30: 0 | U30: 0 | V30: 0 | Y30: 300 | Z30: 0 | AI30: 240
... B41: 30 | C41: 55 | D41: 252 | E41: 0 | F41: -45329 | K41: 0 | L41: -114550 | M41: 0 | N41: -29300 | U41: 0 | V41: 0 | Y41: 310 | Z41: 6900000 | AI41: 390
B42: 31 | C42: 56 | D42: 310 | E42: 9.4 | F42: 0 | K42: 53.6 | M42: 3.7 | U42: 2.5 | V42: -20500 | Y42: 340 | Z42: 0 | AI42: 330
C43: 1306 | D43: 5758 | E43: =SUM(E12:E42) -> 158.1 | F43: =SUM(F19:F42) -> -45329 | K43: =SUM(K12:K42) -> 443 | L43: =SUM(L19:L42) -> -114550 | M43: =SUM(M12:M42) -> 84.6 | N43: =SUM(N12:N41) -> -29300 | U43: =SUM(U12:U42) -> 72 | V43: 0 | X43: =SUM(X12:X42) -> 0 | Y43: =SUM(Y12:Y42) -> 8740 | Z43: =SUM(Z12:Z42) -> 6900000 | AI43: =SUM(AI12:AI42) -> 7450
V44: =SUM(V12:V42) -> -20500
