Workbook

Sheet TOTAL
A1: Site Name | B1: Day | C1: Month | D1: Year | E1: Total Electricity Kwh | F1: Electricity Tariff ($/Kwh) | G1: Natual Gas (m3) | H1: Natural Gas $/m3 | I1: Water Utility Supply (m3) m3 | J1: Water Utility Supply (m3) $/m3 | K1: Room Nights | L1: Total Guests
A2: Florence | B2: 1 | C2: 12 | D2: 2022 | E2: =Submetering!E2 -> 9498 | F2: 0.33 | G2: =Submetering!F2+Submetering!G2+Submetering!H2+Submetering!I2 -> 1586 | H2: 1.72 | I2: =Submetering!J2 -> 77 | J2: 2.73 | K2: =Submetering!K2 -> 54 | L2: =Submetering!L2 -> 103
A3: Florence | B3: =B2+1 -> 2 | C3: 12 | D3: 2022 | E3: =Submetering!E3 -> 9600 | F3: 0.33 | G3: =Submetering!F3+Submetering!G3+Submetering!H3+Submetering!I3 -> 1592 | H3: 1.72 | I3: =Submetering!J3 -> 86 | J3: 2.73 | K3: =Submetering!K3 -> 56 | L3: =Submetering!L3 -> 141
A4: Florence | B4: =B3+1 -> 3 | C4: 12 | D4: 2022 | E4: =Submetering!E4 -> 9333 | F4: 0.33 | G4: =Submetering!F4+Submetering!G4+Submetering!H4+Submetering!I4 -> 1647 | H4: 1.72 | I4: =Submetering!J4 -> 88 | J4: 2.73 | K4: =Submetering!K4 -> 47 | L4: =Submetering!L4 -> 100
A5: Florence | B5: =B4+1 -> 4 | C5: 12 | D5: 2022 | E5: =Submetering!E5 -> 9384 | F5: 0.33 | G5: =Submetering!F5+Submetering!G5+Submetering!H5+Submetering!I5 -> 1527 | H5: 1.72 | I5: =Submetering!J5 -> 90 | J5: 2.73 | K5: =Submetering!K5 -> 41 | L5: =Submetering!L5 -> 84
A6: Florence | B6: =B5+1 -> 5 | C6: 12 | D6: 2022 | E6: =Submetering!E6 -> 9138 | F6: 0.33 | G6: =Submetering!F6+Submetering!G6+Submetering!H6+Submetering!I6 -> 1350 | H6: 1.72 | I6: =Submetering!J6 -> 85 | J6: 2.73 | K6: =Submetering!K6 -> 54 | L6: =Submetering!L6 -> 92
A7: Florence | B7: =B6+1 -> 6 | C7: 12 | D7: 2022 | E7: =Submetering!E7 -> 8715 | F7: 0.33 | G7: =Submetering!F7+Submetering!G7+Submetering!H7+Submetering!I7 -> 1203 | H7: 1.72 | I7: =Submetering!J7 -> 76 | J7: 2.73 | K7: =Submetering!K7 -> 55 | L7: =Submetering!L7 -> 90
A8: Florence | B8: =B7+1 -> 7 | C8: 12 | D8: 2022 | E8: =Submetering!E8 -> 9138 | F8: 0.33 | G8: =Submetering!F8+Submetering!G8+Submetering!H8+Submetering!I8 -> 1268 | H8: 1.72 | I8: =Submetering!J8 -> 77 | J8: 2.73 | K8: =Submetering!K8 -> 57 | L8: =Submetering!L8 -> 91
A9: Florence | B9: =B8+1 -> 8 | C9: 12 | D9: 2022 | E9: =Submetering!E9 -> 9465 | F9: 0.33 | G9: =Submetering!F9+Submetering!G9+Submetering!H9+Submetering!I9 -> 1451 | H9: 1.72 | I9: =Submetering!J9 -> 84 | J9: 2.73 | K9: =Submetering!K9 -> 54 | L9: =Submetering!L9 -> 91
A10: Florence | B10: =B9+1 -> 9 | C10: 12 | D10: 2022 | E10: =Submetering!E10 -> 8454 | F10: 0.33 | G10: =Submetering!F10+Submetering!G10+Submetering!H10+Submetering!I10 -> 1316 | H10: 1.72 | I10: =Submetering!J10 -> 84 | J10: 2.73 | K10: =Submetering!K10 -> 57 | L10: =Submetering!L10 -> 96
A11: Florence | B11: =B10+1 -> 10 | C11: 12 | D11: 2022 | E11: =Submetering!E11 -> 9132 | F11: 0.33 | G11: =Submetering!F11+Submetering!G11+Submetering!H11+Submetering!I11 -> 1296 | H11: 1.72 | I11: =Submetering!J11 -> 83 | J11: 2.73 | K11: =Submetering!K11 -> 68 | L11: =Submetering!L11 -> 119
A12: Florence | B12: =B11+1 -> 11 | C12: 12 | D12: 2022 | E12: =Submetering!E12 -> 9531 | F12: 0.33 | G12: =Submetering!F12+Submetering!G12+Submetering!H12+Submetering!I12 -> 1400 | H12: 1.72 | I12: =Submetering!J12 -> 102 | J12: 2.73 | K12: =Submetering!K12 -> 32 | L12: =Submetering!L12 -> 56
A13: Florence | B13: =B12+1 -> 12 | C13: 12 | D13: 2022 | E13: =Submetering!E13 -> 8868 | F13: 0.33 | G13: =Submetering!F13+Submetering!G13+Submetering!H13+Submetering!I13 -> 1757 | H13: 1.72 | I13: =Submetering!J13 -> 84 | J13: 2.73 | K13: =Submetering!K13 -> 34 | L13: =Submetering!L13 -> 58
A14: Florence | B14: =B13+1 -> 13 | C14: 12 | D14: 2022 | E14: =Submetering!E14 -> 8805 | F14: 0.33 | G14: =Submetering!F14+Submetering!G14+Submetering!H14+Submetering!I14 -> 1866 | H14: 1.72 | I14: =Submetering!J14 -> 71 | J14: 2.73 | K14: =Submetering!K14 -> 51 | L14: =Submetering!L14 -> 95
... A32: Florence | B32: =B31+1 -> 31 | C32: 12 | D32: 2022 | E32: =Submetering!E32 -> 8664 | F32: 0.33 | G32: =Submetering!F32+Submetering!G32+Submetering!H32+Submetering!I32 -> 1100 | H32: 1.72 | I32: =Submetering!J32 -> 94 | J32: 2.73 | K32: =Submetering!K32 -> 71 | L32: =Submetering!L32 -> 161

Sheet Submetering
A1: Site Name | B1: Day | C1: Month | D1: Year | E1: Main Electricity KWh | F1: Gas Heating m3 | G1: Gas La Villa m3 | H1: Gas Kitchen m3 | I1: Gas Laundry m3 | J1: Water m3 | K1: Room Nights | L1: Total Guests
A2: Florence | B2: 1 | C2: 12 | D2: 2022 | E2: =IF(('Florence Daily'!C5-'Florence Daily'!C4<0), "0",('Florence Daily'!C5-'Florence Daily'!C4)*3) -> 9498 | F2: =IF(('Florence Daily'!E5-'Florence Daily'!E4)<0,"0",('Florence Daily'!E5-'Florence Daily'!E4)) -> 1491 | G2: =IF(('Florence Daily'!G5-'Florence Daily'!G4)<0,"0",('Florence Daily'!G5-'Florence Daily'!G4)) -> 0 | H2: =IF(('Florence Daily'!J5-'Florence Daily'!J4)<0,"0",('Florence Daily'!J5-'Florence Daily'!J4)) -> 41 | I2: =IF(('Florence Daily'!L5-'Florence Daily'!L4)<0,"0",('Florence Daily'!L5-'Florence Daily'!L4)) -> 54 | J2: =IF(('Florence Daily'!N5-'Florence Daily'!N4)<0,"0",('Florence Daily'!N5-'Florence Daily'!N4)) -> 77 | K2: ='Florence Daily'!P5 -> 54 | L2: ='Florence Daily'!Q5 -> 103
A3: Florence | B3: =B2+1 -> 2 | C3: 12 | D3: 2022 | E3: =IF(('Florence Daily'!C6-'Florence Daily'!C5<0), "0",('Florence Daily'!C6-'Florence Daily'!C5)*3) -> 9600 | F3: =IF(('Florence Daily'!E6-'Florence Daily'!E5)<0,"0",('Florence Daily'!E6-'Florence Daily'!E5)) -> 1490 | G3: =IF(('Florence Daily'!G6-'Florence Daily'!G5)<0,"0",('Florence Daily'!G6-'Florence Daily'!G5)) -> 0 | H3: =IF(('Florence Daily'!J6-'Florence Daily'!J5)<0,"0",('Florence Daily'!J6-'Florence Daily'!J5)) -> 44 | I3: =IF(('Florence Daily'!L6-'Florence Daily'!L5)<0,"0",('Florence Daily'!L6-'Florence Daily'!L5)) -> 58 | J3: =IF(('Florence Daily'!N6-'Florence Daily'!N5)<0,"0",('Florence Daily'!N6-'Florence Daily'!N5)) -> 86 | K3: ='Florence Daily'!P6 -> 56 | L3: ='Florence Daily'!Q6 -> 141
A4: Florence | B4: =B3+1 -> 3 | C4: 12 | D4: 2022 | E4: =IF(('Florence Daily'!C7-'Florence Daily'!C6<0), "0",('Florence Daily'!C7-'Florence Daily'!C6)*3) -> 9333 | F4: =IF(('Florence Daily'!E7-'Florence Daily'!E6)<0,"0",('Florence Daily'!E7-'Florence Daily'!E6)) -> 1537 | G4: =IF(('Florence Daily'!G7-'Florence Daily'!G6)<0,"0",('Florence Daily'!G7-'Florence Daily'!G6)) -> 0 | H4: =IF(('Florence Daily'!J7-'Florence Daily'!J6)<0,"0",('Florence Daily'!J7-'Florence Daily'!J6)) -> 46 | I4: =IF(('Florence Daily'!L7-'Florence Daily'!L6)<0,"0",('Florence Daily'!L7-'Florence Daily'!L6)) -> 64 | J4: =IF(('Florence Daily'!N7-'Florence Daily'!N6)<0,"0",('Florence Daily'!N7-'Florence Daily'!N6)) -> 88 | K4: ='Florence Daily'!P7 -> 47 | L4: ='Florence Daily'!Q7 -> 100
A5: Florence | B5: =B4+1 -> 4 | C5: 12 | D5: 2022 | E5: =IF(('Florence Daily'!C8-'Florence Daily'!C7<0), "0",('Florence Daily'!C8-'Florence Daily'!C7)*3) -> 9384 | F5: =IF(('Florence Daily'!E8-'Florence Daily'!E7)<0,"0",('Florence Daily'!E8-'Florence Daily'!E7)) -> 1418 | G5: =IF(('Florence Daily'!G8-'Florence Daily'!G7)<0,"0",('Florence Daily'!G8-'Florence Daily'!G7)) -> 0 | H5: =IF(('Florence Daily'!J8-'Florence Daily'!J7)<0,"0",('Florence Daily'!J8-'Florence Daily'!J7)) -> 44 | I5: =IF(('Florence Daily'!L8-'Florence Daily'!L7)<0,"0",('Florence Daily'!L8-'Florence Daily'!L7)) -> 65 | J5: =IF(('Florence Daily'!N8-'Florence Daily'!N7)<0,"0",('Florence Daily'!N8-'Florence Daily'!N7)) -> 90 | K5: ='Florence Daily'!P8 -> 41 | L5: ='Florence Daily'!Q8 -> 84
A6: Florence | B6: =B5+1 -> 5 | C6: 12 | D6: 2022 | E6: =IF(('Florence Daily'!C9-'Florence Daily'!C8<0), "0",('Florence Daily'!C9-'Florence Daily'!C8)*3) -> 9138 | F6: =IF(('Florence Daily'!E9-'Florence Daily'!E8)<0,"0",('Florence Daily'!E9-'Florence Daily'!E8)) -> 1264 | G6: =IF(('Florence Daily'!G9-'Florence Daily'!G8)<0,"0",('Florence Daily'!G9-'Florence Daily'!G8)) -> 0 | H6: =IF(('Florence Daily'!J9-'Florence Daily'!J8)<0,"0",('Florence Daily'!J9-'Florence Daily'!J8)) -> 28 | I6: =IF(('Florence Daily'!L9-'Florence Daily'!L8)<0,"0",('Florence Daily'!L9-'Florence Daily'!L8)) -> 58 | J6: =IF(('Florence Daily'!N9-'Florence Daily'!N8)<0,"0",('Florence Daily'!N9-'Florence Daily'!N8)) -> 85 | K6: ='Florence Daily'!P9 -> 54 | L6: ='Florence Daily'!Q9 -> 92
A7: Florence | B7: =B6+1 -> 6 | C7: 12 | D7: 2022 | E7: =IF(('Florence Daily'!C10-'Florence Daily'!C9<0), "0",('Florence Daily'!C10-'Florence Daily'!C9)*3) -> 8715 | F7: =IF(('Florence Daily'!E10-'Florence Daily'!E9)<0,"0",('Florence Daily'!E10-'Florence Daily'!E9)) -> 1121 | G7: =IF(('Florence Daily'!G10-'Florence Daily'!G9)<0,"0",('Florence Daily'!G10-'Florence Daily'!G9)) -> 0 | H7: =IF(('Florence Daily'!J10-'Florence Daily'!J9)<0,"0",('Florence Daily'!J10-'Florence Daily'!J9)) -> 31 | I7: =IF(('Florence Daily'!L10-'Florence Daily'!L9)<0,"0",('Florence Daily'!L10-'Florence Daily'!L9)) -> 51 | J7: =IF(('Florence Daily'!N10-'Florence Daily'!N9)<0,"0",('Florence Daily'!N10-'Florence Daily'!N9)) -> 76 | K7: ='Florence Daily'!P10 -> 55 | L7: ='Florence Daily'!Q10 -> 90
A8: Florence | B8: =B7+1 -> 7 | C8: 12 | D8: 2022 | E8: =IF(('Florence Daily'!C11-'Florence Daily'!C10<0), "0",('Florence Daily'!C11-'Florence Daily'!C10)*3) -> 9138 | F8: =IF(('Florence Daily'!E11-'Florence Daily'!E10)<0,"0",('Florence Daily'!E11-'Florence Daily'!E10)) -> 1182 | G8: =IF(('Florence Daily'!G11-'Florence Daily'!G10)<0,"0",('Florence Daily'!G11-'Florence Daily'!G10)) -> 0 | H8: =IF(('Florence Daily'!J11-'Florence Daily'!J10)<0,"0",('Florence Daily'!J11-'Florence Daily'!J10)) -> 33 | I8: =IF(('Florence Daily'!L11-'Florence Daily'!L10)<0,"0",('Florence Daily'!L11-'Florence Daily'!L10)) -> 53 | J8: =IF(('Florence Daily'!N11-'Florence Daily'!N10)<0,"0",('Florence Daily'!N11-'Florence Daily'!N10)) -> 77 | K8: ='Florence Daily'!P11 -> 57 | L8: ='Florence Daily'!Q11 -> 91
A9: Florence | B9: =B8+1 -> 8 | C9: 12 | D9: 2022 | E9: =IF(('Florence Daily'!C12-'Florence Daily'!C11<0), "0",('Florence Daily'!C12-'Florence Daily'!C11)*3) -> 9465 | F9: =IF(('Florence Daily'!E12-'Florence Daily'!E11)<0,"0",('Florence Daily'!E12-'Florence Daily'!E11)) -> 1359 | G9: =IF(('Florence Daily'!G12-'Florence Daily'!G11)<0,"0",('Florence Daily'!G12-'Florence Daily'!G11)) -> 0 | H9: =IF(('Florence Daily'!J12-'Florence Daily'!J11)<0,"0",('Florence Daily'!J12-'Florence Daily'!J11)) -> 36 | I9: =IF(('Florence Daily'!L12-'Florence Daily'!L11)<0,"0",('Florence Daily'!L12-'Florence Daily'!L11)) -> 56 | J9: =IF(('Florence Daily'!N12-'Florence Daily'!N11)<0,"0",('Florence Daily'!N12-'Florence Daily'!N11)) -> 84 | K9: ='Florence Daily'!P12 -> 54 | L9: ='Florence Daily'!Q12 -> 91
A10: Florence | B10: =B9+1 -> 9 | C10: 12 | D10: 2022 | E10: =IF(('Florence Daily'!C13-'Florence Daily'!C12<0), "0",('Florence Daily'!C13-'Florence Daily'!C12)*3) -> 8454 | F10: =IF(('Florence Daily'!E13-'Florence Daily'!E12)<0,"0",('Florence Daily'!E13-'Florence Daily'!E12)) -> 1221 | G10: =IF(('Florence Daily'!G13-'Florence Daily'!G12)<0,"0",('Florence Daily'!G13-'Florence Daily'!G12)) -> 0 | H10: =IF(('Florence Daily'!J13-'Florence Daily'!J12)<0,"0",('Florence Daily'!J13-'Florence Daily'!J12)) -> 47 | I10: =IF(('Florence Daily'!L13-'Florence Daily'!L12)<0,"0",('Florence Daily'!L13-'Florence Daily'!L12)) -> 48 | J10: =IF(('Florence Daily'!N13-'Florence Daily'!N12)<0,"0",('Florence Daily'!N13-'Florence Daily'!N12)) -> 84 | K10: ='Florence Daily'!P13 -> 57 | L10: ='Florence Daily'!Q13 -> 96
A11: Florence | B11: =B10+1 -> 10 | C11: 12 | D11: 2022 | E11: =IF(('Florence Daily'!C14-'Florence Daily'!C13<0), "0",('Florence Daily'!C14-'Florence Daily'!C13)*3) -> 9132 | F11: =IF(('Florence Daily'!E14-'Florence Daily'!E13)<0,"0",('Florence Daily'!E14-'Florence Daily'!E13)) -> 1204 | G11: =IF(('Florence Daily'!G14-'Florence Daily'!G13)<0,"0",('Florence Daily'!G14-'Florence Daily'!G13)) -> 0 | H11: =IF(('Florence Daily'!J14-'Florence Daily'!J13)<0,"0",('Florence Daily'!J14-'Florence Daily'!J13)) -> 40 | I11: =IF(('Florence Daily'!L14-'Florence Daily'!L13)<0,"0",('Florence Daily'!L14-'Florence Daily'!L13)) -> 52 | J11: =IF(('Florence Daily'!N14-'Florence Daily'!N13)<0,"0",('Florence Daily'!N14-'Florence Daily'!N13)) -> 83 | K11: ='Florence Daily'!P14 -> 68 | L11: ='Florence Daily'!Q14 -> 119
A12: Florence | B12: =B11+1 -> 11 | C12: 12 | D12: 2022 | E12: =IF(('Florence Daily'!C15-'Florence Daily'!C14<0), "0",('Florence Daily'!C15-'Florence Daily'!C14)*3) -> 9531 | F12: =IF(('Florence Daily'!E15-'Florence Daily'!E14)<0,"0",('Florence Daily'!E15-'Florence Daily'!E14)) -> 1312 | G12: =IF(('Florence Daily'!G15-'Florence Daily'!G14)<0,"0",('Florence Daily'!G15-'Florence Daily'!G14)) -> 0 | H12: =IF(('Florence Daily'!J15-'Florence Daily'!J14)<0,"0",('Florence Daily'!J15-'Florence Daily'!J14)) -> 29 | I12: =IF(('Florence Daily'!L15-'Florence Daily'!L14)<0,"0",('Florence Daily'!L15-'Florence Daily'!L14)) -> 59 | J12: =IF(('Florence Daily'!N15-'Florence Daily'!N14)<0,"0",('Florence Daily'!N15-'Florence Daily'!N14)) -> 102 | K12: ='Florence Daily'!P15 -> 32 | L12: ='Florence Daily'!Q15 -> 56
A13: Florence | B13: =B12+1 -> 12 | C13: 12 | D13: 2022 | E13: =IF(('Florence Daily'!C16-'Florence Daily'!C15<0), "0",('Florence Daily'!C16-'Florence Daily'!C15)*3) -> 8868 | F13: =IF(('Florence Daily'!E16-'Florence Daily'!E15)<0,"0",('Florence Daily'!E16-'Florence Daily'!E15)) -> 1680 | G13: =IF(('Florence Daily'!G16-'Florence Daily'!G15)<0,"0",('Florence Daily'!G16-'Florence Daily'!G15)) -> 0 | H13: =IF(('Florence Daily'!J16-'Florence Daily'!J15)<0,"0",('Florence Daily'!J16-'Florence Daily'!J15)) -> 27 | I13: =IF(('Florence Daily'!L16-'Florence Daily'!L15)<0,"0",('Florence Daily'!L16-'Florence Daily'!L15)) -> 50 | J13: =IF(('Florence Daily'!N16-'Florence Daily'!N15)<0,"0",('Florence Daily'!N16-'Florence Daily'!N15)) -> 84 | K13: ='Florence Daily'!P16 -> 34 | L13: ='Florence Daily'!Q16 -> 58
A14: Florence | B14: =B13+1 -> 13 | C14: 12 | D14: 2022 | E14: =IF(('Florence Daily'!C17-'Florence Daily'!C16<0), "0",('Florence Daily'!C17-'Florence Daily'!C16)*3) -> 8805 | F14: =IF(('Florence Daily'!E17-'Florence Daily'!E16)<0,"0",('Florence Daily'!E17-'Florence Daily'!E16)) -> 1774 | G14: =IF(('Florence Daily'!G17-'Florence Daily'!G16)<0,"0",('Florence Daily'!G17-'Florence Daily'!G16)) -> 0 | H14: =IF(('Florence Daily'!J17-'Florence Daily'!J16)<0,"0",('Florence Daily'!J17-'Florence Daily'!J16)) -> 37 | I14: =IF(('Florence Daily'!L17-'Florence Daily'!L16)<0,"0",('Florence Daily'!L17-'Florence Daily'!L16)) -> 55 | J14: =IF(('Florence Daily'!N17-'Florence Daily'!N16)<0,"0",('Florence Daily'!N17-'Florence Daily'!N16)) -> 71 | K14: ='Florence Daily'!P17 -> 51 | L14: ='Florence Daily'!Q17 -> 95
... A32: Florence | B32: =B31+1 -> 31 | C32: 12 | D32: 2022 | E32: =IF(('Florence Daily'!C35-'Florence Daily'!C34<0), "0",('Florence Daily'!C35-'Florence Daily'!C34)*3) -> 8664 | F32: =IF(('Florence Daily'!E35-'Florence Daily'!E34)<0,"0",('Florence Daily'!E35-'Florence Daily'!E34)) -> 1012 | G32: =IF(('Florence Daily'!G35-'Florence Daily'!G34)<0,"0",('Florence Daily'!G35-'Florence Daily'!G34)) -> 0 | H32: =IF(('Florence Daily'!J35-'Florence Daily'!J34)<0,"0",('Florence Daily'!J35-'Florence Daily'!J34)) -> 40 | I32: =IF(('Florence Daily'!L35-'Florence Daily'!L34)<0,"0",('Florence Daily'!L35-'Florence Daily'!L34)) -> 48 | J32: =IF(('Florence Daily'!N35-'Florence Daily'!N34)<0,"0",('Florence Daily'!N35-'Florence Daily'!N34)) -> 94 | K32: ='Florence Daily'!P35 -> 71 | L32: ='Florence Daily'!Q35 -> 161

Sheet Florence Daily
A2: Days | C2: Main Electricity kWh | E2: Gas Heating m³ | G2: Gas La Villa m³ | J2: Gas Kitchen m³ | L2: Gas Laundry m³ | N2: Water m³
A3: Date | C3: Reading kWh | D3: Difference kWh | E3: Reading m³ | F3: Difference m³ | G3: Reading kWh | H3: Difference kWh | J3: Reading m³ | K3: Daily Consumption m³ | L3: Reading m³ | M3: Daily Consumption m³ | N3: Reading m³ | O3: Daily Consumption m³ | P3: ROOM NIGHTS | Q3: TOTAL GUESTS
A4: 44895 | C4: 24535161 | D4: =(C5-C4)*3 -> 9498 | E4: 159362 | F4: =IF((E5-E4<0), "",E5-E4) -> 1491 | G4: 1896 | H4: =IF((G5-G4<0), "",G5-G4) -> 0 | J4: 9230 | K4: =IF((J5-J4<0), "",J5-J4) -> 41 | L4: 17042 | M4: =IF((L5-L4<0), "",L5-L4) -> 54 | N4: 66255 | O4: =IF((N5-N4<0), "",N5-N4) -> 77 | P4: 40 | Q4: 76
A5: 44896 | C5: 24538327 | D5: =IF((C5-C4<0), "",(C5-C4)*3) -> 9498 | E5: 160853 | G5: 1896 | J5: 9271 | L5: 17096 | N5: 66332 | P5: 54 | Q5: 103
A6: 44897 | C6: 24541527 | D6: =IF((C6-C5<0), "",(C6-C5)*3) -> 9600 | E6: 162343 | F6: =IF((E6-E5<0), "",E6-E5) -> 1490 | G6: 1896 | H6: =IF((G6-G5<0), "",G6-G5) -> 0 | J6: 9315 | K6: =IF((J6-J5<0), "",J6-J5) -> 44 | L6: 17154 | M6: =IF((L6-L5<0), "",L6-L5) -> 58 | N6: 66418 | O6: =IF((N6-N5<0), "",N6-N5) -> 86 | P6: 56 | Q6: 141
A7: 44898 | C7: 24544638 | D7: =IF((C7-C6<0), "",(C7-C6)*3) -> 9333 | E7: 163880 | F7: =IF((E7-E6<0), "",E7-E6) -> 1537 | G7: 1896 | H7: =IF((G7-G6<0), "",G7-G6) -> 0 | J7: 9361 | K7: =IF((J7-J6<0), "",J7-J6) -> 46 | L7: 17218 | M7: =IF((L7-L6<0), "",L7-L6) -> 64 | N7: 66506 | O7: =IF((N7-N6<0), "",N7-N6) -> 88 | P7: 47 | Q7: 100
A8: 44899 | C8: 24547766 | D8: =IF((C8-C7<0), "",(C8-C7)*3) -> 9384 | E8: 165298 | F8: =IF((E8-E7<0), "",E8-E7) -> 1418 | G8: 1896 | H8: =IF((G8-G7<0), "",G8-G7) -> 0 | J8: 9405 | K8: =IF((J8-J7<0), "",J8-J7) -> 44 | L8: 17283 | M8: =IF((L8-L7<0), "",L8-L7) -> 65 | N8: 66596 | O8: =IF((N8-N7<0), "",N8-N7) -> 90 | P8: 41 | Q8: 84
A9: 44900 | C9: 24550812 | D9: =IF((C9-C8<0), "",(C9-C8)*3) -> 9138 | E9: 166562 | F9: =IF((E9-E8<0), "",E9-E8) -> 1264 | G9: 1896 | H9: =IF((G9-G8<0), "",G9-G8) -> 0 | J9: 9433 | K9: =IF((J9-J8<0), "",J9-J8) -> 28 | L9: 17341 | M9: =IF((L9-L8<0), "",L9-L8) -> 58 | N9: 66681 | O9: =IF((N9-N8<0), "",N9-N8) -> 85 | P9: 54 | Q9: 92
A10: 44901 | C10: 24553717 | D10: =IF((C10-C9<0), "",(C10-C9)*3) -> 8715 | E10: 167683 | F10: =IF((E10-E9<0), "",E10-E9) -> 1121 | G10: 1896 | H10: =IF((G10-G9<0), "",G10-G9) -> 0 | J10: 9464 | K10: =IF((J10-J9<0), "",J10-J9) -> 31 | L10: 17392 | M10: =IF((L10-L9<0), "",L10-L9) -> 51 | N10: 66757 | O10: =IF((N10-N9<0), "",N10-N9) -> 76 | P10: 55 | Q10: 90
A11: 44902 | C11: 24556763 | D11: =IF((C11-C10<0), "",(C11-C10)*3) -> 9138 | E11: 168865 | F11: =IF((E11-E10<0), "",E11-E10) -> 1182 | G11: 1896 | H11: =IF((G11-G10<0), "",G11-G10) -> 0 | J11: 9497 | K11: =IF((J11-J10<0), "",J11-J10) -> 33 | L11: 17445 | M11: =IF((L11-L10<0), "",L11-L10) -> 53 | N11: 66834 | O11: =IF((N11-N10<0), "",N11-N10) -> 77 | P11: 57 | Q11: 91
A12: 44903 | C12: 24559918 | D12: =IF((C12-C11<0), "",(C12-C11)*3) -> 9465 | E12: 170224 | F12: =IF((E12-E11<0), "",E12-E11) -> 1359 | G12: 1896 | H12: =IF((G12-G11<0), "",G12-G11) -> 0 | J12: 9533 | K12: =IF((J12-J11<0), "",J12-J11) -> 36 | L12: 17501 | M12: =IF((L12-L11<0), "",L12-L11) -> 56 | N12: 66918 | O12: =IF((N12-N11<0), "",N12-N11) -> 84 | P12: 54 | Q12: 91
A13: 44904 | C13: 24562736 | D13: =IF((C13-C12<0), "",(C13-C12)*3) -> 8454 | E13: 171445 | F13: =IF((E13-E12<0), "",E13-E12) -> 1221 | G13: 1896 | H13: =IF((G13-G12<0), "",G13-G12) -> 0 | J13: 9580 | K13: =IF((J13-J12<0), "",J13-J12) -> 47 | L13: 17549 | M13: =IF((L13-L12<0), "",L13-L12) -> 48 | N13: 67002 | O13: =IF((N13-N12<0), "",N13-N12) -> 84 | P13: 57 | Q13: 96
A14: 44905 | C14: 24565780 | D14: =IF((C14-C13<0), "",(C14-C13)*3) -> 9132 | E14: 172649 | F14: =IF((E14-E13<0), "",E14-E13) -> 1204 | G14: 1896 | H14: =IF((G14-G13<0), "",G14-G13) -> 0 | J14: 9620 | K14: =IF((J14-J13<0), "",J14-J13) -> 40 | L14: 17601 | M14: =IF((L14-L13<0), "",L14-L13) -> 52 | N14: 67085 | O14: =IF((N14-N13<0), "",N14-N13) -> 83 | P14: 68 | Q14: 119
A15: 44906 | C15: 24568957 | D15: =IF((C15-C14<0), "",(C15-C14)*3) -> 9531 | E15: 173961 | F15: =IF((E15-E14<0), "",E15-E14) -> 1312 | G15: 1896 | H15: =IF((G15-G14<0), "",G15-G14) -> 0 | J15: 9649 | K15: =IF((J15-J14<0), "",J15-J14) -> 29 | L15: 17660 | M15: =IF((L15-L14<0), "",L15-L14) -> 59 | N15: 67187 | O15: =IF((N15-N14<0), "",N15-N14) -> 102 | P15: 32 | Q15: 56
A16: 44907 | C16: 24571913 | D16: =IF((C16-C15<0), "",(C16-C15)*3) -> 8868 | E16: 175641 | F16: =IF((E16-E15<0), "",E16-E15) -> 1680 | G16: 1896 | H16: =IF((G16-G15<0), "",G16-G15) -> 0 | J16: 9676 | K16: =IF((J16-J15<0), "",J16-J15) -> 27 | L16: 17710 | M16: 43 | N16: 67271 | O16: =IF((N16-N15<0), "",N16-N15) -> 84 | P16: 34 | Q16: 58
A17: 44908 | C17: 24574848 | D17: =IF((C17-C16<0), "",(C17-C16)*3) -> 8805 | E17: 177415 | F17: =IF((E17-E16<0), "",E17-E16) -> 1774 | G17: 1896 | H17: =IF((G17-G16<0), "",G17-G16) -> 0 | J17: 9713 | K17: =IF((J17-J16<0), "",J17-J16) -> 37 | L17: 17765 | M17: =IF((L17-L16<0), "",L17-L16) -> 55 | N17: 67342 | O17: =IF((N17-N16<0), "",N17-N16) -> 71 | P17: 51 | Q17: 95
A18: 44909 | C18: 24577796 | D18: =IF((C18-C17<0), "",(C18-C17)*3) -> 8844 | E18: 179090 | F18: =IF((E18-E17<0), "",E18-E17) -> 1675 | G18: 1896 | H18: =IF((G18-G17<0), "",G18-G17) -> 0 | J18: 9755 | K18: =IF((J18-J17<0), "",J18-J17) -> 42 | L18: 17825 | M18: =IF((L18-L17<0), "",L18-L17) -> 60 | N18: 67430 | O18: =IF((N18-N17<0), "",N18-N17) -> 88 | P18: 55 | Q18: 141
A19: 44910 | C19: 24580962 | D19: =IF((C19-C18<0), "",(C19-C18)*3) -> 9498 | E19: 180725 | F19: =IF((E19-E18<0), "",E19-E18) -> 1635 | G19: 1896 | H19: =IF((G19-G18<0), "",G19-G18) -> 0 | J19: 9790 | K19: =IF((J19-J18<0), "",J19-J18) -> 35 | L19: 17868 | M19: =IF((L19-L18<0), "",L19-L18) -> 43 | N19: 67540 | O19: =IF((N19-N18<0), "",N19-N18) -> 110 | P19: 49 | Q19: 96
A20: 44911 | C20: 24583949 | D20: =IF((C20-C19<0), "",(C20-C19)*3) -> 8961 | E20: 182038 | F20: =IF((E20-E19<0), "",E20-E19) -> 1313 | G20: 1896 | H20: =IF((G20-G19<0), "",G20-G19) -> 0 | J20: 9842 | K20: =IF((J20-J19<0), "",J20-J19) -> 52 | L20: 17918 | M20: =IF((L20-L19<0), "",L20-L19) -> 50 | N20: 67672 | O20: =IF((N20-N19<0), "",N20-N19) -> 132 | P20: 53 | Q20: 97
A21: 44912 | C21: 24587002 | D21: =IF((C21-C20<0), "",(C21-C20)*3) -> 9159 | E21: 183282 | F21: =IF((E21-E20<0), "",E21-E20) -> 1244 | G21: 1896 | H21: =IF((G21-G20<0), "",G21-G20) -> 0 | J21: 9898 | K21: =IF((J21-J20<0), "",J21-J20) -> 56 | L21: 17971 | M21: =IF((L21-L20<0), "",L21-L20) -> 53 | N21: 67771 | O21: =IF((N21-N20<0), "",N21-N20) -> 99 | P21: 59 | Q21: 115
A22: 44913 | C22: 24590266 | D22: =IF((C22-C21<0), "",(C22-C21)*3) -> 9792 | E22: 184660 | F22: =IF((E22-E21<0), "",E22-E21) -> 1378 | G22: 1896 | H22: =IF((G22-G21<0), "",G22-G21) -> 0 | J22: 9959 | K22: =IF((J22-J21<0), "",J22-J21) -> 61 | L22: 18032 | M22: =IF((L22-L21<0), "",L22-L21) -> 61 | N22: 67868 | O22: =IF((N22-N21<0), "",N22-N21) -> 97 | P22: 59 | Q22: 75
A23: 44914 | C23: 24593442 | D23: =IF((C23-C22<0), "",(C23-C22)*3) -> 9528 | E23: 186191 | F23: =IF((E23-E22<0), "",E23-E22) -> 1531 | G23: 1896 | H23: =IF((G23-G22<0), "",G23-G22) -> 0 | J23: 9993 | K23: =IF((J23-J22<0), "",J23-J22) -> 34 | L23: 18088 | M23: =IF((L23-L22<0), "",L23-L22) -> 56 | N23: 67963 | O23: =IF((N23-N22<0), "",N23-N22) -> 95 | P23: 49 | Q23: 92
A24: 44915 | C24: 24596278 | D24: =IF((C24-C23<0), "",(C24-C23)*3) -> 8508 | E24: 187576 | F24: =IF((E24-E23<0), "",E24-E23) -> 1385 | G24: 1896 | H24: =IF((G24-G23<0), "",G24-G23) -> 0 | J24: 10026 | K24: =IF((J24-J23<0), "",J24-J23) -> 33 | L24: 18135 | M24: =IF((L24-L23<0), "",L24-L23) -> 47 | N24: 68038 | O24: =IF((N24-N23<0), "",N24-N23) -> 75 | P24: 60 | Q24: 111
A25: 44916 | C25: 24599315 | D25: =IF((C25-C24<0), "",(C25-C24)*3) -> 9111 | E25: 188866 | F25: =IF((E25-E24<0), "",E25-E24) -> 1290 | G25: 1896 | H25: =IF((G25-G24<0), "",G25-G24) -> 0 | J25: 10083 | K25: =IF((J25-J24<0), "",J25-J24) -> 57 | L25: 18188 | M25: =IF((L25-L24<0), "",L25-L24) -> 53 | N25: 68126 | O25: =IF((N25-N24<0), "",N25-N24) -> 88 | P25: 56 | Q25: 90
A26: 44917 | C26: 24602507 | D26: =IF((C26-C25<0), "",(C26-C25)*3) -> 9576 | E26: 190234 | F26: =IF((E26-E25<0), "",E26-E25) -> 1368 | G26: 1896 | H26: =IF((G26-G25<0), "",G26-G25) -> 0 | J26: 10120 | K26: =IF((J26-J25<0), "",J26-J25) -> 37 | L26: 18245 | M26: =IF((L26-L25<0), "",L26-L25) -> 57 | N26: 68221 | O26: =IF((N26-N25<0), "",N26-N25) -> 95 | P26: 57 | Q26: 90
A27: 44918 | C27: 24605406 | D27: =IF((C27-C26<0), "",(C27-C26)*3) -> 8697 | E27: 191484 | F27: =IF((E27-E26<0), "",E27-E26) -> 1250 | G27: 1896 | H27: =IF((G27-G26<0), "",G27-G26) -> 0 | J27: 10175 | K27: =IF((J27-J26<0), "",J27-J26) -> 55 | L27: 18292 | M27: =IF((L27-L26<0), "",L27-L26) -> 47 | N27: 68310 | O27: =IF((N27-N26<0), "",N27-N26) -> 89 | P27: 57 | Q27: 88
A28: 44919 | C28: 24608622 | D28: =IF((C28-C27<0), "",(C28-C27)*3) -> 9648 | E28: 192851 | F28: =IF((E28-E27<0), "",E28-E27) -> 1367 | G28: 1896 | H28: =IF((G28-G27<0), "",G28-G27) -> 0 | J28: 10218 | K28: =IF((J28-J27<0), "",J28-J27) -> 43 | L28: 18350 | M28: =IF((L28-L27<0), "",L28-L27) -> 58 | N28: 68415 | O28: =IF((N28-N27<0), "",N28-N27) -> 105 | P28: 63 | Q28: 102
... A34: 44925 | C34: 24627044 | D34: =IF((C34-C33<0), "",(C34-C33)*3) -> 9828 | E34: 199919 | F34: =IF((E34-E33<0), "",E34-E33) -> 1215 | G34: 1896 | H34: =IF((G34-G33<0), "",G34-G33) -> 0 | J34: 10426 | K34: =IF((J34-J33<0), "",J34-J33) -> 40 | L34: 18671 | M34: =IF((L34-L33<0), "",L34-L33) -> 58 | N34: 68989 | O34: =IF((N34-N33<0), "",N34-N33) -> 99 | P34: 63 | Q34: 136
A35: 44926 | C35: 24629932 | D35: =IF((C35-C34<0), "",(C35-C34)*3-1174) -> 7490 | E35: 200931 | F35: =IF((E35-E34<0), "",E35-E34) -> 1012 | G35: 1896 | H35: =IF((G35-G34<0), "",G35-G34) -> 0 | J35: 10466 | K35: =IF((J35-J34<0), "",J35-J34) -> 40 | L35: 18719 | M35: =IF((L35-L34<0), "",L35-L34) -> 48 | N35: 69083 | O35: =IF((N35-N34<0), "",N35-N34) -> 94 | P35: 71 | Q35: 161
