Workbook

Sheet Total Daily 
A1: Site Name | B1: Day | C1: Month | D1: Year | E1: Total Electricity Kwh | F1: Electricity Tariff ($/Kwh) | G1: LPG (Kg) | H1: LPG $/Kg | I1: District Energy Cooling Kwh | J1: District Energy Cooling $/Kwh | K1: Water Utility Supply (m3) m3 | L1: Water Utility Supply (m3) m3 | M1: Water Utility Supply (m3) $/m3 | N1: Room Nights
A2: Dubai DIFC | B2: 1 | C2: 1 | D2: 2022 | E2: ='01 - 2023'!B8-'01 - 2023'!B7+'01 - 2023'!C8-'01 - 2023'!C7 -> 9478 | F2: 0.118 | G2: ='01 - 2023'!D8-'01 - 2023'!D7+'01 - 2023'!E8-'01 - 2023'!E7 -> 25.55 | H2: 0.99 | I2: ='01 - 2023'!J8-'01 - 2023'!J7 -> 14240 | J2: 0.081 | K2: ='01 - 2023'!H8-'01 - 2023'!H7 -> 0 | L2: ='01 - 2023'!I8-'01 - 2023'!I7 -> 123 | M2: 4.3936294 | N2: 89
A3: Dubai DIFC | B3: =B2+1 -> 2 | C3: 1 | D3: 2022 | E3: ='01 - 2023'!B9-'01 - 2023'!B8+'01 - 2023'!C9-'01 - 2023'!C8 -> 9837 | F3: 0.118 | G3: ='01 - 2023'!D9-'01 - 2023'!D8+'01 - 2023'!E9-'01 - 2023'!E8 -> 25.85 | H3: 0.99 | I3: ='01 - 2023'!J9-'01 - 2023'!J8 -> 14622 | J3: 0.081 | K3: ='01 - 2023'!H9-'01 - 2023'!H8 -> 0 | L3: ='01 - 2023'!I9-'01 - 2023'!I8 -> 106 | M3: 4.3936294 | N3: 67
A4: Dubai DIFC | B4: =B3+1 -> 3 | C4: 1 | D4: 2022 | E4: ='01 - 2023'!B10-'01 - 2023'!B9+'01 - 2023'!C10-'01 - 2023'!C9 -> 9554 | F4: 0.118 | G4: ='01 - 2023'!D10-'01 - 2023'!D9+'01 - 2023'!E10-'01 - 2023'!E9 -> 25.66 | H4: 0.99 | I4: ='01 - 2023'!J10-'01 - 2023'!J9 -> 13330 | J4: 0.081 | K4: ='01 - 2023'!H10-'01 - 2023'!H9 -> 0 | L4: ='01 - 2023'!I10-'01 - 2023'!I9 -> 105 | M4: 4.3936294 | N4: 58
A5: Dubai DIFC | B5: =B4+1 -> 4 | C5: 1 | D5: 2022 | E5: ='01 - 2023'!B11-'01 - 2023'!B10+'01 - 2023'!C11-'01 - 2023'!C10 -> 9251 | F5: 0.118 | G5: ='01 - 2023'!D11-'01 - 2023'!D10+'01 - 2023'!E11-'01 - 2023'!E10 -> 20.68 | H5: 0.99 | I5: ='01 - 2023'!J11-'01 - 2023'!J10 -> 12737 | J5: 0.081 | K5: ='01 - 2023'!H11-'01 - 2023'!H10 -> 0 | L5: ='01 - 2023'!I11-'01 - 2023'!I10 -> 96 | M5: 4.3936294 | N5: 57
A6: Dubai DIFC | B6: =B5+1 -> 5 | C6: 1 | D6: 2022 | E6: ='01 - 2023'!B12-'01 - 2023'!B11+'01 - 2023'!C12-'01 - 2023'!C11 -> 9768 | F6: 0.118 | G6: ='01 - 2023'!D12-'01 - 2023'!D11+'01 - 2023'!E12-'01 - 2023'!E11 -> 18.66 | H6: 0.99 | I6: ='01 - 2023'!J12-'01 - 2023'!J11 -> 12985 | J6: 0.081 | K6: ='01 - 2023'!H12-'01 - 2023'!H11 -> 0 | L6: ='01 - 2023'!I12-'01 - 2023'!I11 -> 105 | M6: 4.3936294 | N6: 64
A7: Dubai DIFC | B7: =B6+1 -> 6 | C7: 1 | D7: 2022 | E7: ='01 - 2023'!B13-'01 - 2023'!B12+'01 - 2023'!C13-'01 - 2023'!C12 -> 9500.41 | F7: 0.118 | G7: ='01 - 2023'!D13-'01 - 2023'!D12+'01 - 2023'!E13-'01 - 2023'!E12 -> 21.49 | H7: 0.99 | I7: ='01 - 2023'!J13-'01 - 2023'!J12 -> 13512 | J7: 0.081 | K7: ='01 - 2023'!H13-'01 - 2023'!H12 -> 0 | L7: ='01 - 2023'!I13-'01 - 2023'!I12 -> 104 | M7: 4.3936294 | N7: 100
A8: Dubai DIFC | B8: =B7+1 -> 7 | C8: 1 | D8: 2022 | E8: ='01 - 2023'!B14-'01 - 2023'!B13+'01 - 2023'!C14-'01 - 2023'!C13 -> 10150.09 | F8: 0.118 | G8: ='01 - 2023'!D14-'01 - 2023'!D13+'01 - 2023'!E14-'01 - 2023'!E13 -> 29.06 | H8: 0.99 | I8: ='01 - 2023'!J14-'01 - 2023'!J13 -> 13643 | J8: 0.081 | K8: ='01 - 2023'!H14-'01 - 2023'!H13 -> 0 | L8: ='01 - 2023'!I14-'01 - 2023'!I13 -> 114 | M8: 4.3936294 | N8: 99
A9: Dubai DIFC | B9: =B8+1 -> 8 | C9: 1 | D9: 2022 | E9: ='01 - 2023'!B15-'01 - 2023'!B14+'01 - 2023'!C15-'01 - 2023'!C14 -> 9523 | F9: 0.118 | G9: ='01 - 2023'!D15-'01 - 2023'!D14+'01 - 2023'!E15-'01 - 2023'!E14 -> 26.92 | H9: 0.99 | I9: ='01 - 2023'!J15-'01 - 2023'!J14 -> 11654 | J9: 0.081 | K9: ='01 - 2023'!H15-'01 - 2023'!H14 -> 0 | L9: ='01 - 2023'!I15-'01 - 2023'!I14 -> 112 | M9: 4.3936294 | N9: 88
A10: Dubai DIFC | B10: =B9+1 -> 9 | C10: 1 | D10: 2022 | E10: ='01 - 2023'!B16-'01 - 2023'!B15+'01 - 2023'!C16-'01 - 2023'!C15 -> 9732.3 | F10: 0.118 | G10: ='01 - 2023'!D16-'01 - 2023'!D15+'01 - 2023'!E16-'01 - 2023'!E15 -> 27 | H10: 0.99 | I10: ='01 - 2023'!J16-'01 - 2023'!J15 -> 12478 | J10: 0.081 | K10: ='01 - 2023'!H16-'01 - 2023'!H15 -> 0 | L10: ='01 - 2023'!I16-'01 - 2023'!I15 -> 107 | M10: 4.3936294 | N10: 102
A11: Dubai DIFC | B11: =B10+1 -> 10 | C11: 1 | D11: 2022 | E11: ='01 - 2023'!B17-'01 - 2023'!B16+'01 - 2023'!C17-'01 - 2023'!C16 -> 9017.7 | F11: 0.118 | G11: ='01 - 2023'!D17-'01 - 2023'!D16+'01 - 2023'!E17-'01 - 2023'!E16 -> 21.34 | H11: 0.99 | I11: ='01 - 2023'!J17-'01 - 2023'!J16 -> 11892 | J11: 0.081 | K11: ='01 - 2023'!H17-'01 - 2023'!H16 -> 0 | L11: ='01 - 2023'!I17-'01 - 2023'!I16 -> 109 | M11: 4.3936294 | N11: 97
A12: Dubai DIFC | B12: =B11+1 -> 11 | C12: 1 | D12: 2022 | E12: ='01 - 2023'!B18-'01 - 2023'!B17+'01 - 2023'!C18-'01 - 2023'!C17 -> 9218.1 | F12: 0.118 | G12: ='01 - 2023'!D18-'01 - 2023'!D17+'01 - 2023'!E18-'01 - 2023'!E17 -> 25.52 | H12: 0.99 | I12: ='01 - 2023'!J18-'01 - 2023'!J17 -> 12848 | J12: 0.081 | K12: ='01 - 2023'!H18-'01 - 2023'!H17 -> 0 | L12: ='01 - 2023'!I18-'01 - 2023'!I17 -> 113 | M12: 4.3936294 | N12: 88
A13: Dubai DIFC | B13: =B12+1 -> 12 | C13: 1 | D13: 2022 | E13: ='01 - 2023'!B19-'01 - 2023'!B18+'01 - 2023'!C19-'01 - 2023'!C18 -> 9677.5 | F13: 0.118 | G13: ='01 - 2023'!D19-'01 - 2023'!D18+'01 - 2023'!E19-'01 - 2023'!E18 -> 28.42 | H13: 0.99 | I13: ='01 - 2023'!J19-'01 - 2023'!J18 -> 12097 | J13: 0.081 | K13: ='01 - 2023'!H19-'01 - 2023'!H18 -> 0 | L13: ='01 - 2023'!I19-'01 - 2023'!I18 -> 108 | M13: 4.3936294 | N13: 87
A14: Dubai DIFC | B14: =B13+1 -> 13 | C14: 1 | D14: 2022 | E14: ='01 - 2023'!B20-'01 - 2023'!B19+'01 - 2023'!C20-'01 - 2023'!C19 -> 9280 | F14: 0.118 | G14: ='01 - 2023'!D20-'01 - 2023'!D19+'01 - 2023'!E20-'01 - 2023'!E19 -> 24.6 | H14: 0.99 | I14: ='01 - 2023'!J20-'01 - 2023'!J19 -> 11258 | J14: 0.081 | K14: ='01 - 2023'!H20-'01 - 2023'!H19 -> 0 | L14: ='01 - 2023'!I20-'01 - 2023'!I19 -> 117 | M14: 4.3936294 | N14: 95
... A26: Dubai DIFC | B26: =B25+1 -> 25 | C26: 1 | D26: 2022 | E26: ='01 - 2023'!B32-'01 - 2023'!B31+'01 - 2023'!C32-'01 - 2023'!C31 -> 9828.4 | F26: 0.118 | G26: ='01 - 2023'!D32-'01 - 2023'!D31+'01 - 2023'!E32-'01 - 2023'!E31 -> 23.99 | H26: 0.99 | I26: ='01 - 2023'!J32-'01 - 2023'!J31 -> 10160 | J26: 0.081 | K26: ='01 - 2023'!H32-'01 - 2023'!H31 -> 0 | L26: ='01 - 2023'!I32-'01 - 2023'!I31 -> 111 | M26: 4.3936294 | N26: 91
A27: Dubai DIFC | B27: =B26+1 -> 26 | C27: 1 | D27: 2022 | E27: 0 | F27: 0.118 | G27: 0 | H27: 0.99 | I27: 0 | J27: 0.081 | K27: ='01 - 2023'!H33-'01 - 2023'!H32 -> 0 | L27: 0 | M27: 4.3936294
A28: Dubai DIFC | B28: =B27+1 -> 27 | C28: 1 | D28: 2022 | E28: ='01 - 2023'!B34-'01 - 2023'!B33+'01 - 2023'!C34-'01 - 2023'!C33 -> 0 | F28: 0.118 | G28: ='01 - 2023'!D34-'01 - 2023'!D33+'01 - 2023'!E34-'01 - 2023'!E33 -> 0 | H28: 0.99 | I28: ='01 - 2023'!J34-'01 - 2023'!J33 -> 0 | J28: 0.081 | K28: ='01 - 2023'!H34-'01 - 2023'!H33 -> 0 | L28: ='01 - 2023'!I34-'01 - 2023'!I33 -> 0 | M28: 4.3936294
A29: Dubai DIFC | B29: =B28+1 -> 28 | C29: 1 | D29: 2022 | E29: ='01 - 2023'!B35-'01 - 2023'!B34+'01 - 2023'!C35-'01 - 2023'!C34 -> 0 | F29: 0.118 | G29: ='01 - 2023'!D35-'01 - 2023'!D34+'01 - 2023'!E35-'01 - 2023'!E34 -> 0 | H29: 0.99 | I29: ='01 - 2023'!J35-'01 - 2023'!J34 -> 0 | J29: 0.081 | K29: ='01 - 2023'!H35-'01 - 2023'!H34 -> 0 | L29: ='01 - 2023'!I35-'01 - 2023'!I34 -> 0 | M29: 4.3936294
A30: Dubai DIFC | B30: =B29+1 -> 29 | C30: 1 | D30: 2022 | E30: ='01 - 2023'!B36-'01 - 2023'!B35+'01 - 2023'!C36-'01 - 2023'!C35 -> 0 | F30: 0.118 | G30: ='01 - 2023'!D36-'01 - 2023'!D35+'01 - 2023'!E36-'01 - 2023'!E35 -> 0 | H30: 0.99 | I30: ='01 - 2023'!J36-'01 - 2023'!J35 -> 0 | J30: 0.081 | K30: ='01 - 2023'!H36-'01 - 2023'!H35 -> 0 | L30: ='01 - 2023'!I36-'01 - 2023'!I35 -> 0 | M30: 4.3936294
A31: Dubai DIFC | B31: =B30+1 -> 30 | C31: 1 | D31: 2022 | E31: ='01 - 2023'!B37-'01 - 2023'!B36+'01 - 2023'!C37-'01 - 2023'!C36 -> 0 | F31: 0.118 | G31: ='01 - 2023'!D37-'01 - 2023'!D36+'01 - 2023'!E37-'01 - 2023'!E36 -> 0 | H31: 0.99 | I31: ='01 - 2023'!J37-'01 - 2023'!J36 -> 0 | J31: 0.081 | K31: ='01 - 2023'!H37-'01 - 2023'!H36 -> 0 | L31: ='01 - 2023'!I37-'01 - 2023'!I36 -> 0 | M31: 4.3936294
A32: Dubai DIFC | B32: =B31+1 -> 31 | C32: 1 | D32: 2022 | E32: ='01 - 2023'!B38-'01 - 2023'!B37+'01 - 2023'!C38-'01 - 2023'!C37 -> 0 | F32: 0.118 | G32: ='01 - 2023'!D38-'01 - 2023'!D37+'01 - 2023'!E38-'01 - 2023'!E37 -> 0 | H32: 0.99 | I32: ='01 - 2023'!J38-'01 - 2023'!J37 -> 0 | J32: 0.081 | K32: ='01 - 2023'!H38-'01 - 2023'!H37 -> 0 | L32: ='01 - 2023'!I38-'01 - 2023'!I37 -> 0 | M32: 4.3936294

Sheet Submetering Daily 
A1: Site Name | B1: Day | C1: Month | D1: Year | E1: Panel LV1 Kwh | F1: Panel LV2 Kwh | G1: Electricity Tariff ($/Kwh) | H1: Main Kitchen LPG (Kg) | I1: Podium Kitchen LPG (Kg) | J1: Boiler LPG (Kg) | K1: LPG $/Kg | L1: Room Nights
A2: Dubai DIFC | B2: 1 | C2: 1 | D2: 2022 | E2: ='01 - 2023'!B8-'01 - 2023'!B7 -> 3899 | F2: ='01 - 2023'!C8-'01 - 2023'!C7 -> 5579 | G2: 0.118 | H2: ='01 - 2023'!E8-'01 - 2023'!E7 -> 25.65 | I2: ='01 - 2023'!F8-'01 - 2023'!F7 -> 7.24 | J2: ='01 - 2023'!G8-'01 - 2023'!G7 -> 41.07 | K2: 0.74 | L2: 89
A3: Dubai DIFC | B3: =B2+1 -> 2 | C3: 1 | D3: 2022 | E3: ='01 - 2023'!B9-'01 - 2023'!B8 -> 4131 | F3: ='01 - 2023'!C9-'01 - 2023'!C8 -> 5706 | G3: 0.118 | H3: ='01 - 2023'!E9-'01 - 2023'!E8 -> 25.93 | I3: ='01 - 2023'!F9-'01 - 2023'!F8 -> 7.52 | J3: ='01 - 2023'!G9-'01 - 2023'!G8 -> 40.12 | K3: 0.74 | L3: 67
A4: Dubai DIFC | B4: =B3+1 -> 3 | C4: 1 | D4: 2022 | E4: ='01 - 2023'!B10-'01 - 2023'!B9 -> 3937 | F4: ='01 - 2023'!C10-'01 - 2023'!C9 -> 5617 | G4: 0.118 | H4: ='01 - 2023'!E10-'01 - 2023'!E9 -> 25.74 | I4: ='01 - 2023'!F10-'01 - 2023'!F9 -> 6.99 | J4: ='01 - 2023'!G10-'01 - 2023'!G9 -> 38.02 | K4: 0.74 | L4: 58
A5: Dubai DIFC | B5: =B4+1 -> 4 | C5: 1 | D5: 2022 | E5: ='01 - 2023'!B11-'01 - 2023'!B10 -> 3945 | F5: ='01 - 2023'!C11-'01 - 2023'!C10 -> 5306 | G5: 0.118 | H5: ='01 - 2023'!E11-'01 - 2023'!E10 -> 20.15 | I5: ='01 - 2023'!F11-'01 - 2023'!F10 -> 7.06 | J5: ='01 - 2023'!G11-'01 - 2023'!G10 -> 35.17 | K5: 0.74 | L5: 57
A6: Dubai DIFC | B6: =B5+1 -> 5 | C6: 1 | D6: 2022 | E6: ='01 - 2023'!B12-'01 - 2023'!B11 -> 4212 | F6: ='01 - 2023'!C12-'01 - 2023'!C11 -> 5556 | G6: 0.118 | H6: ='01 - 2023'!E12-'01 - 2023'!E11 -> 18.74 | I6: ='01 - 2023'!F12-'01 - 2023'!F11 -> 7.52 | J6: ='01 - 2023'!G12-'01 - 2023'!G11 -> 38.15 | K6: 0.74 | L6: 64
A7: Dubai DIFC | B7: =B6+1 -> 6 | C7: 1 | D7: 2022 | E7: ='01 - 2023'!B13-'01 - 2023'!B12 -> 4045.41 | F7: ='01 - 2023'!C13-'01 - 2023'!C12 -> 5455 | G7: 0.118 | H7: ='01 - 2023'!E13-'01 - 2023'!E12 -> 21.58 | I7: ='01 - 2023'!F13-'01 - 2023'!F12 -> 6.98 | J7: ='01 - 2023'!G13-'01 - 2023'!G12 -> 38.22 | K7: 0.74 | L7: 100
A8: Dubai DIFC | B8: =B7+1 -> 7 | C8: 1 | D8: 2022 | E8: ='01 - 2023'!B14-'01 - 2023'!B13 -> 4295.09 | F8: ='01 - 2023'!C14-'01 - 2023'!C13 -> 5855 | G8: 0.118 | H8: ='01 - 2023'!E14-'01 - 2023'!E13 -> 29.14 | I8: ='01 - 2023'!F14-'01 - 2023'!F13 -> 7.58 | J8: ='01 - 2023'!G14-'01 - 2023'!G13 -> 42.63 | K8: 0.74 | L8: 99
A9: Dubai DIFC | B9: =B8+1 -> 8 | C9: 1 | D9: 2022 | E9: ='01 - 2023'!B15-'01 - 2023'!B14 -> 3997 | F9: ='01 - 2023'!C15-'01 - 2023'!C14 -> 5526 | G9: 0.118 | H9: ='01 - 2023'!E15-'01 - 2023'!E14 -> 27 | I9: ='01 - 2023'!F15-'01 - 2023'!F14 -> 6.92 | J9: ='01 - 2023'!G15-'01 - 2023'!G14 -> 38.09 | K9: 0.74 | L9: 88
A10: Dubai DIFC | B10: =B9+1 -> 9 | C10: 1 | D10: 2022 | E10: ='01 - 2023'!B16-'01 - 2023'!B15 -> 4164.3 | F10: ='01 - 2023'!C16-'01 - 2023'!C15 -> 5568 | G10: 0.118 | H10: ='01 - 2023'!E16-'01 - 2023'!E15 -> 27.08 | I10: ='01 - 2023'!F16-'01 - 2023'!F15 -> 7.7 | J10: ='01 - 2023'!G16-'01 - 2023'!G15 -> 35.92 | K10: 0.74 | L10: 102
A11: Dubai DIFC | B11: =B10+1 -> 10 | C11: 1 | D11: 2022 | E11: ='01 - 2023'!B17-'01 - 2023'!B16 -> 3820.7 | F11: ='01 - 2023'!C17-'01 - 2023'!C16 -> 5197 | G11: 0.118 | H11: ='01 - 2023'!E17-'01 - 2023'!E16 -> 21.42 | I11: ='01 - 2023'!F17-'01 - 2023'!F16 -> 7.99 | J11: ='01 - 2023'!G17-'01 - 2023'!G16 -> 33.4 | K11: 0.74 | L11: 97
A12: Dubai DIFC | B12: =B11+1 -> 11 | C12: 1 | D12: 2022 | E12: ='01 - 2023'!B18-'01 - 2023'!B17 -> 3948.1 | F12: ='01 - 2023'!C18-'01 - 2023'!C17 -> 5270 | G12: 0.118 | H12: ='01 - 2023'!E18-'01 - 2023'!E17 -> 25.6 | I12: ='01 - 2023'!F18-'01 - 2023'!F17 -> 7.2 | J12: ='01 - 2023'!G18-'01 - 2023'!G17 -> 35.48 | K12: 0.74 | L12: 88
A13: Dubai DIFC | B13: =B12+1 -> 12 | C13: 1 | D13: 2022 | E13: ='01 - 2023'!B19-'01 - 2023'!B18 -> 4256.5 | F13: ='01 - 2023'!C19-'01 - 2023'!C18 -> 5421 | G13: 0.118 | H13: ='01 - 2023'!E19-'01 - 2023'!E18 -> 27.94 | I13: ='01 - 2023'!F19-'01 - 2023'!F18 -> 8.35 | J13: ='01 - 2023'!G19-'01 - 2023'!G18 -> 35.07 | K13: 0.74 | L13: 87
A14: Dubai DIFC | B14: =B13+1 -> 13 | C14: 1 | D14: 2022 | E14: ='01 - 2023'!B20-'01 - 2023'!B19 -> 4068 | F14: ='01 - 2023'!C20-'01 - 2023'!C19 -> 5212 | G14: 0.118 | H14: ='01 - 2023'!E20-'01 - 2023'!E19 -> 24.68 | I14: ='01 - 2023'!F20-'01 - 2023'!F19 -> 7.82 | J14: ='01 - 2023'!G20-'01 - 2023'!G19 -> 33.79 | K14: 0.74 | L14: 95
... A26: Dubai DIFC | B26: =B25+1 -> 25 | C26: 1 | D26: 2022 | E26: ='01 - 2023'!B32-'01 - 2023'!B31 -> 4177.4 | F26: ='01 - 2023'!C32-'01 - 2023'!C31 -> 5651 | G26: 0.118 | H26: ='01 - 2023'!E32-'01 - 2023'!E31 -> 24.07 | I26: ='01 - 2023'!F32-'01 - 2023'!F31 -> 7.36 | J26: ='01 - 2023'!G32-'01 - 2023'!G31 -> 32.54 | K26: 0.74 | L26: 91
A27: Dubai DIFC | B27: =B26+1 -> 26 | C27: 1 | D27: 2022 | E27: 0 | F27: 0 | G27: 0.118 | H27: 0 | I27: 0 | J27: 0 | K27: 0.74
A28: Dubai DIFC | B28: =B27+1 -> 27 | C28: 1 | D28: 2022 | E28: ='01 - 2023'!B34-'01 - 2023'!B33 -> 0 | F28: ='01 - 2023'!C34-'01 - 2023'!C33 -> 0 | G28: 0.118 | H28: ='01 - 2023'!E34-'01 - 2023'!E33 -> 0 | I28: ='01 - 2023'!F34-'01 - 2023'!F33 -> 0 | J28: ='01 - 2023'!G34-'01 - 2023'!G33 -> 0 | K28: 0.74
A29: Dubai DIFC | B29: =B28+1 -> 28 | C29: 1 | D29: 2022 | E29: ='01 - 2023'!B35-'01 - 2023'!B34 -> 0 | F29: ='01 - 2023'!C35-'01 - 2023'!C34 -> 0 | G29: 0.118 | H29: ='01 - 2023'!E35-'01 - 2023'!E34 -> 0 | I29: ='01 - 2023'!F35-'01 - 2023'!F34 -> 0 | J29: ='01 - 2023'!G35-'01 - 2023'!G34 -> 0 | K29: 0.74
A30: Dubai DIFC | B30: =B29+1 -> 29 | C30: 1 | D30: 2022 | E30: ='01 - 2023'!B36-'01 - 2023'!B35 -> 0 | F30: ='01 - 2023'!C36-'01 - 2023'!C35 -> 0 | G30: 0.118 | H30: ='01 - 2023'!E36-'01 - 2023'!E35 -> 0 | I30: ='01 - 2023'!F36-'01 - 2023'!F35 -> 0 | J30: ='01 - 2023'!G36-'01 - 2023'!G35 -> 0 | K30: 0.74
A31: Dubai DIFC | B31: =B30+1 -> 30 | C31: 1 | D31: 2022 | E31: ='01 - 2023'!B37-'01 - 2023'!B36 -> 0 | F31: ='01 - 2023'!C37-'01 - 2023'!C36 -> 0 | G31: 0.118 | H31: ='01 - 2023'!E37-'01 - 2023'!E36 -> 0 | I31: ='01 - 2023'!F37-'01 - 2023'!F36 -> 0 | J31: ='01 - 2023'!G37-'01 - 2023'!G36 -> 0 | K31: 0.74
A32: Dubai DIFC | B32: =B31+1 -> 31 | C32: 1 | D32: 2022 | E32: ='01 - 2023'!B38-'01 - 2023'!B37 -> 0 | F32: ='01 - 2023'!C38-'01 - 2023'!C37 -> 0 | G32: 0.118 | H32: ='01 - 2023'!E38-'01 - 2023'!E37 -> 0 | I32: ='01 - 2023'!F38-'01 - 2023'!F37 -> 0 | J32: ='01 - 2023'!G38-'01 - 2023'!G37 -> 0 | K32: 0.74

Sheet 01 - 2023
A3: FOUR SEASONS HOTEL - DIFC
A4: HLP READING MONTH OF JANUARY' 2023
B5: Electricity | D5: LPG (cu.m) | H5: Water (cu.m) | J5: BTU
A6: Date | B6: LV-01, 2025952759 | C6: LV-2, 2030235407 | D6: Main Meter % | E6: Main Kitchen | F6: Podium Kitchen | G6: Boiler | H6: B-3 Water Meter (DIFC) | I6: MainWater Meter (DEWA) | J6: Chilled Water (KWH) | K6: Gas Received (Litres) | L6: Remark
A7: 31/12/22 | B7: 979156 | C7: 163249 | D7: 0.58 | E7: 7146.27 | F7: 4228.11 | G7: 49060.71 | H7: 14528 | I7: 182855 | J7: 62351078
A8: 44927 | B8: 983055 | C8: 168828 | D8: 0.48 | E8: 7171.92 | F8: 4235.35 | G8: 49101.78 | H8: 14528 | I8: 182978 | J8: 62365318
A9: 44928 | B9: 987186 | C9: 174534 | D9: 0.4 | E9: 7197.85 | F9: 4242.87 | G9: 49141.9 | H9: 14528 | I9: 183084 | J9: 62379940
A10: 44929 | B10: 991123 | C10: 180151 | D10: 0.32 | E10: 7223.59 | F10: 4249.86 | G10: 49179.92 | H10: 14528 | I10: 183189 | J10: 62393270
A11: 44930 | B11: 995068 | C11: 185457 | D11: 0.85 | E11: 7243.74 | F11: 4256.92 | G11: 49215.09 | H11: 14528 | I11: 183285 | J11: 62406007 | K11: 4150
A12: 44931 | B12: 999280 | C12: 191013 | D12: 0.77 | E12: 7262.48 | F12: 4264.44 | G12: 49253.24 | H12: 14528 | I12: 183390 | J12: 62418992
A13: 44932 | B13: 1003325.4 | C13: 196468 | D13: 0.68 | E13: 7284.06 | F13: 4271.42 | G13: 49291.46 | H13: 14528 | I13: 183494 | J13: 62432504
A14: 44933 | B14: 1007620.5 | C14: 202323 | D14: 0.6 | E14: 7313.2 | F14: 4279 | G14: 49334.09 | H14: 14528 | I14: 183608 | J14: 62446147
A15: 44934 | B15: 1011617.5 | C15: 207849 | D15: 0.52 | E15: 7340.2 | F15: 4285.92 | G15: 49372.18 | H15: 14528 | I15: 183720 | J15: 62457801
A16: 44935 | B16: 1015781.8 | C16: 213417 | D16: 0.44 | E16: 7367.28 | F16: 4293.62 | G16: 49408.1 | H16: 14528 | I16: 183827 | J16: 62470279
A17: 44936 | B17: 1019602.5 | C17: 218614 | D17: 0.36 | E17: 7388.7 | F17: 4301.61 | G17: 49441.5 | H17: 14528 | I17: 183936 | J17: 62482171
A18: 44937 | B18: 1023550.6 | C18: 223884 | D18: 0.28 | E18: 7414.3 | F18: 4308.81 | G18: 49476.98 | H18: 14528 | I18: 184049 | J18: 62495019 | K18: 3950
A19: 44938 | B19: 1027807.1 | C19: 229305 | D19: 0.76 | E19: 7442.24 | F19: 4317.16 | G19: 49512.05 | H19: 14528 | I19: 184157 | J19: 62507116
A20: 44939 | B20: 1031875.1 | C20: 234517 | D20: 0.68 | E20: 7466.92 | F20: 4324.98 | G20: 49545.84 | H20: 14528 | I20: 184274 | J20: 62518374
A21: 44940 | B21: 1036250.9 | C21: 239921 | D21: 0.6 | E21: 7495.63 | F21: 4333.3 | G21: 49583.07 | H21: 14528 | I21: 184393 | J21: 62529696
A22: 44941 | B22: 1040418.3 | C22: 245171 | D22: 0.58 | E22: 7521.07 | F22: 4340.88 | G22: 49617.47 | H22: 14528 | I22: 184500 | J22: 62540696
A23: 44942 | B23: 1044463 | C23: 250464 | D23: 0.42 | E23: 7547.1 | F23: 4348.09 | G23: 49651.9 | H23: 14528 | I23: 184602 | J23: 62552828
A24: 44943 | B24: 1048370.7 | C24: 255779 | D24: 0.34 | E24: 7569.48 | F24: 4354.72 | G24: 49684.11 | H24: 14528 | I24: 184714 | J24: 62564920
A25: 44944 | B25: 1052266.7 | C25: 260980 | D25: 0.28 | E25: 7594.48 | F25: 4361.92 | G25: 49719.5 | H25: 14528 | I25: 184816 | J25: 62577612 | K25: 3600
A26: 44945 | B26: 1056548.2 | C26: 266482 | D26: 0.8 | E26: 7621.9 | F26: 4369.19 | G26: 49752.73 | H26: 14528 | I26: 184930 | J26: 62590752
A27: 44946 | B27: 1060908 | C27: 272177 | D27: 0.66 | E27: 7649.75 | F27: 4377.33 | G27: 49787.7 | H27: 14528 | I27: 185042 | J27: 62602888
A28: 44947 | B28: 1065204.8 | C28: 278644 | D28: 0.59 | E28: 7677.04 | F28: 4385.6 | G28: 49825.75 | H28: 14528 | I28: 185154 | J28: 62614305
A29: 44948 | B29: 1069250 | C29: 283638 | D29: 0.5 | E29: 7702.08 | F29: 4392.39 | G29: 49859.9 | H29: 14528 | I29: 185260 | J29: 62625999
A30: 44949 | B30: 1073319.5 | C30: 289041 | D30: 0.42 | E30: 7726.18 | F30: 4400.54 | G30: 49891.98 | H30: 14528 | I30: 185367 | J30: 62636666
A31: 44950 | B31: 1077559.8 | C31: 294563 | D31: 0.36 | E31: 7753.1 | F31: 4408.4 | G31: 49924.8 | H31: 14528 | I31: 185472 | J31: 62646740
A32: 44951 | B32: 1081737.2 | C32: 300214 | D32: 0.28 | E32: 7777.17 | F32: 4415.76 | G32: 49957.34 | H32: 14528 | I32: 185583 | J32: 62656900
A33: 44952 | H33: 14528
A34: 44953 | H34: 14528
A35: 44954 | H35: 14528
A36: 44955 | H36: 14528
A37: 44956 | H37: 14528
A38: 44957 | H38: 14528
A39: Readings | H39: =H38-H7 -> 0 | K39: =SUM(K7:K37) -> 11700
H40: =H39*219.969 -> 0 | I40: =I39*219.969 -> 0
