Workbook

Sheet TOTAL
A1: Site Name | B1: Day | C1: Month | D1: Year | E1: Total Electricity Kwh | F1: Electricity Tariff ($/Kwh) | G1: Natual Gas (m3) | H1: Natural Gas $/m3 | I1: Water Utility Supply (m3) m3 | J1: Water Utility Supply (m3) $/m3 | K1: Room Nights | L1: Total Guests | M1: Utilities day cost dh
A2: Mumbai | B2: 1 | C2: 1 | D2: 2023 | E2: =(IF('Daily HLP'!H4>0,'Daily HLP'!H4,0)) -> 21364 | F2: 10 | G2: =(IF('Daily HLP'!L4>0,'Daily HLP'!L4,0)) -> 1177.142 | H2: 66 | I2: =(IF('Daily HLP'!O4>0,'Daily HLP'!O4,0)) -> 278 | J2: 100 | M2: =E2*F2+G2*H2+#REF!*#REF!+I2*J2 -> #REF!
A3: Mumbai | B3: =B2+1 -> 2 | C3: 1 | D3: 2023 | E3: =(IF('Daily HLP'!H5>0,'Daily HLP'!H5,0)) -> 20873 | F3: 10 | G3: =(IF('Daily HLP'!L5>0,'Daily HLP'!L5,0)) -> 1199.5 | H3: 66 | I3: =(IF('Daily HLP'!O5>0,'Daily HLP'!O5,0)) -> 278 | J3: 100 | M3: =E3*F3+G3*H3+#REF!*#REF!+I3*J3 -> #REF!
A4: Mumbai | B4: =B3+1 -> 3 | C4: 1 | D4: 2023 | E4: =(IF('Daily HLP'!H6>0,'Daily HLP'!H6,0)) -> 21837 | F4: 10 | G4: =(IF('Daily HLP'!L6>0,'Daily HLP'!L6,0)) -> 1202 | H4: 66 | I4: =(IF('Daily HLP'!O6>0,'Daily HLP'!O6,0)) -> 322 | J4: 100 | M4: =E4*F4+G4*H4+#REF!*#REF!+I4*J4 -> #REF!
A5: Mumbai | B5: =B4+1 -> 4 | C5: 1 | D5: 2023 | E5: =(IF('Daily HLP'!H7>0,'Daily HLP'!H7,0)) -> 21196 | F5: 10 | G5: =(IF('Daily HLP'!L7>0,'Daily HLP'!L7,0)) -> 1072 | H5: 66 | I5: =(IF('Daily HLP'!O7>0,'Daily HLP'!O7,0)) -> 267 | J5: 100 | M5: =E5*F5+G5*H5+#REF!*#REF!+I5*J5 -> #REF!
A6: Mumbai | B6: =B5+1 -> 5 | C6: 1 | D6: 2023 | E6: =(IF('Daily HLP'!H8>0,'Daily HLP'!H8,0)) -> 21078 | F6: 10 | G6: =(IF('Daily HLP'!L8>0,'Daily HLP'!L8,0)) -> 1031 | H6: 66 | I6: =(IF('Daily HLP'!O8>0,'Daily HLP'!O8,0)) -> 183 | J6: 100 | M6: =E6*F6+G6*H6+#REF!*#REF!+I6*J6 -> #REF!
A7: Mumbai | B7: =B6+1 -> 6 | C7: 1 | D7: 2023 | E7: =(IF('Daily HLP'!H9>0,'Daily HLP'!H9,0)) -> 20586 | F7: 10 | G7: =(IF('Daily HLP'!L9>0,'Daily HLP'!L9,0)) -> 1061 | H7: 66 | I7: =(IF('Daily HLP'!O9>0,'Daily HLP'!O9,0)) -> 306 | J7: 100 | M7: =E7*F7+G7*H7+#REF!*#REF!+I7*J7 -> #REF!
A8: Mumbai | B8: =B7+1 -> 7 | C8: 1 | D8: 2023 | E8: =(IF('Daily HLP'!H10>0,'Daily HLP'!H10,0)) -> 21581 | F8: 10 | G8: =(IF('Daily HLP'!L10>0,'Daily HLP'!L10,0)) -> 1141 | H8: 66 | I8: =(IF('Daily HLP'!O10>0,'Daily HLP'!O10,0)) -> 224 | J8: 100 | M8: =E8*F8+G8*H8+#REF!*#REF!+I8*J8 -> #REF!
A9: Mumbai | B9: =B8+1 -> 8 | C9: 1 | D9: 2023 | E9: =(IF('Daily HLP'!H11>0,'Daily HLP'!H11,0)) -> 21598 | F9: 10 | G9: =(IF('Daily HLP'!L11>0,'Daily HLP'!L11,0)) -> 1112 | H9: 66 | I9: =(IF('Daily HLP'!O11>0,'Daily HLP'!O11,0)) -> 297 | J9: 100 | M9: =E9*F9+G9*H9+#REF!*#REF!+I9*J9 -> #REF!
A10: Mumbai | B10: =B9+1 -> 9 | C10: 1 | D10: 2023 | E10: =(IF('Daily HLP'!H12>0,'Daily HLP'!H12,0)) -> 20473 | F10: 10 | G10: =(IF('Daily HLP'!L12>0,'Daily HLP'!L12,0)) -> 1155 | H10: 66 | I10: =(IF('Daily HLP'!O12>0,'Daily HLP'!O12,0)) -> 243 | J10: 100 | M10: =E10*F10+G10*H10+#REF!*#REF!+I10*J10 -> #REF!
A11: Mumbai | B11: =B10+1 -> 10 | C11: 1 | D11: 2023 | E11: =(IF('Daily HLP'!H13>0,'Daily HLP'!H13,0)) -> 21756 | F11: 10 | G11: =(IF('Daily HLP'!L13>0,'Daily HLP'!L13,0)) -> 1088 | H11: 66 | I11: =(IF('Daily HLP'!O13>0,'Daily HLP'!O13,0)) -> 258 | J11: 100 | M11: =E11*F11+G11*H11+#REF!*#REF!+I11*J11 -> #REF!
A12: Mumbai | B12: =B11+1 -> 11 | C12: 1 | D12: 2023 | E12: =(IF('Daily HLP'!H14>0,'Daily HLP'!H14,0)) -> 21784 | F12: 10 | G12: =(IF('Daily HLP'!L14>0,'Daily HLP'!L14,0)) -> 1166.458 | H12: 66 | I12: =(IF('Daily HLP'!O14>0,'Daily HLP'!O14,0)) -> 310 | J12: 100 | M12: =E12*F12+G12*H12+#REF!*#REF!+I12*J12 -> #REF!
A13: Mumbai | B13: =B12+1 -> 12 | C13: 1 | D13: 2023 | E13: =(IF('Daily HLP'!H15>0,'Daily HLP'!H15,0)) -> 21436 | F13: 10 | G13: =(IF('Daily HLP'!L15>0,'Daily HLP'!L15,0)) -> 1163.522 | H13: 66 | I13: =(IF('Daily HLP'!O15>0,'Daily HLP'!O15,0)) -> 245 | J13: 100 | M13: =E13*F13+G13*H13+#REF!*#REF!+I13*J13 -> #REF!
A14: Mumbai | B14: =B13+1 -> 13 | C14: 1 | D14: 2023 | E14: =(IF('Daily HLP'!H16>0,'Daily HLP'!H16,0)) -> 22115 | F14: 10 | G14: =(IF('Daily HLP'!L16>0,'Daily HLP'!L16,0)) -> 1140.02 | H14: 66 | I14: =(IF('Daily HLP'!O16>0,'Daily HLP'!O16,0)) -> 223 | J14: 100 | M14: =E14*F14+G14*H14+#REF!*#REF!+I14*J14 -> #REF!
... A31: Mumbai | B31: =B30+1 -> 30 | C31: 1 | D31: 2023 | E31: =(IF('Daily HLP'!H33>0,'Daily HLP'!H33,0)) -> 21529.17 | F31: 10 | G31: =(IF('Daily HLP'!L33>0,'Daily HLP'!L33,0)) -> 1214.29 | H31: 66 | I31: =(IF('Daily HLP'!O33>0,'Daily HLP'!O33,0)) -> 363 | J31: 100 | M31: =E31*F31+G31*H31+#REF!*#REF!+I31*J31 -> #REF!
A32: Mumbai | B32: =B31+1 -> 31 | C32: 1 | D32: 2023 | E32: =(IF('Daily HLP'!H34>0,'Daily HLP'!H34,0)) -> 22341.83 | F32: 10 | G32: =(IF('Daily HLP'!L34>0,'Daily HLP'!L34,0)) -> 1090.358 | H32: 66 | I32: =(IF('Daily HLP'!O34>0,'Daily HLP'!O34,0)) -> 228 | J32: 100

Sheet Submetering
A1: Site Name | B1: Day | C1: Month | D1: Year | E1: ='Section Load'!F4 -> HVAC | F1: ='Section Load'!G4 -> Fire & Emergency PP | G1: ='Section Load'!H4 -> Main PP | H1: ='Section Load'!I4 -> Lighting PP | I1: ='Section Load'!J4 -> CH-1+ CH2+CH3+CH4 | J1: ='Section Load'!K4 -> Chilled water Pump | K1: ='Section Load'!L4 -> Ball Room-1 | L1: ='Section Load'!M4 -> Ball Room-2 | ... AL1: ='Section Load'!AM4 -> Cooling Tower | AM1: R.o.plant | AN1: STP Water Prod | AO1: Domestic Zone-1 | AP1: Domestic Zone-2 | AQ1: Domestic Zone-3 | AR1: Flush Zone -1 | AS1: Flush Zone -2 | AT1: Flush Zone -3 | AU1: Swimming pool | AV1: B2 Laundry | AW1: Boiler Feed Water | AX1: cooling tower filling water | AY1: STP flush(new water meter) | AZ1: Garden Water Pump | BA1: Flush Zone 2 pump meter | BB1: Flush Zone 3 Pump Meter (wtp transfer ) | BC1: Flush Tanker-Zone-1 | BD1: Total Domestic Water (Tanker (R.O) +BMC) | BE1: Total Domestic Consumption | BF1: Total STP Consumption | BG1: ='Section Load'!AN4 -> MGL | BH1: ='Section Load'!AO4 -> HWG | BI1: ='Section Load'!AP4 -> Prato | BJ1: ='Section Load'!AQ4 -> BR-1 | BK1: ='Section Load'!AR4 -> SanQi IND | BL1: ='Section Load'!AS4 -> SanQi JPN | BM1: ='Section Load'!AT4 -> Boiler
A2: Mumbai | B2: 1 | C2: 1 | D2: 2023 | E2: =(IF('Section Load'!F5>0,'Section Load'!F5,0)) -> 3465.01 | F2: =(IF('Section Load'!G5>0,'Section Load'!G5,0)) -> 1430.4 | G2: =(IF('Section Load'!H5>0,'Section Load'!H5,0)) -> 420.64 | H2: =(IF('Section Load'!I5>0,'Section Load'!I5,0)) -> 2801.99 | I2: =(IF('Section Load'!J5>0,'Section Load'!J5,0)) -> 4210.54 | J2: =(IF('Section Load'!K5>0,'Section Load'!K5,0)) -> 2505.35 | K2: =(IF('Section Load'!L5>0,'Section Load'!L5,0)) -> 1374.79 | L2: =(IF('Section Load'!M5>0,'Section Load'!M5,0)) -> 947.57 | ... AL2: =(IF('Section Load'!AM5>0,'Section Load'!AM5,0)) -> 761 | AM2: =(IF('Water Report'!$D$7>0,'Water Report'!$D$7,0)) -> 91.5 | AN2: =(IF('Water Report'!$D$8>0,'Water Report'!$D$8,0)) -> 101 | AO2: =(IF('Water Report'!$D$9>0,'Water Report'!$D$9,0)) -> 127 | AP2: =(IF('Water Report'!$D$10>0,'Water Report'!$D$10,0)) -> 12 | AQ2: =(IF('Water Report'!$D$11>0,'Water Report'!$D$11,0)) -> 32 | AR2: =(IF('Water Report'!$D$13>0,'Water Report'!$D$13,0)) -> 20 | AS2: =(IF('Water Report'!$D$14>0,'Water Report'!$D$14,0)) -> 13 | AT2: =(IF('Water Report'!$D$15>0,'Water Report'!$D$15,0)) -> 10 | AU2: =(IF('Water Report'!$D$17>0,'Water Report'!$D$17,0)) -> 1 | AV2: =(IF('Water Report'!$D$18>0,'Water Report'!$D$18,0)) -> 0 | AW2: =(IF('Water Report'!$D$19>0,'Water Report'!$D$19,0)) -> 14 | AX2: =(IF('Water Report'!$D$21>0,'Water Report'!$D$21,0)) -> 109 | AY2: =(IF('Water Report'!$D$22>0,'Water Report'!$D$22,0)) -> 0 | AZ2: =(IF('Water Report'!$D$23>0,'Water Report'!$D$23,0)) -> 0 | BA2: =(IF('Water Report'!$D$14>0,'Water Report'!$D$14,0)) -> 13 | BB2: =(IF('Water Report'!$D$15>0,'Water Report'!$D$15,0)) -> 10 | BC2: =(IF('Water Report'!$D$13>0,'Water Report'!$D$13,0)) -> 20 | BD2: =(IF('Water Report'!$D$24>0,'Water Report'!$D$24,0)) -> 278 | BE2: =(IF('Water Report'!$D$25>0,'Water Report'!$D$25,0)) -> 194 | BF2: =(IF('Water Report'!$D$27>0,'Water Report'!$D$27,0)) -> 129 | BG2: =(IF('Section Load'!AN5>0,'Section Load'!AN5,0)) -> 1177.142 | BH2: =(IF('Section Load'!AO5>0,'Section Load'!AO5,0)) -> 316 | BI2: =(IF('Section Load'!AP5>0,'Section Load'!AP5,0)) -> 0 | BJ2: =(IF('Section Load'!AQ5>0,'Section Load'!AQ5,0)) -> 120 | BK2: =(IF('Section Load'!AR5>0,'Section Load'!AR5,0)) -> 59 | BL2: =(IF('Section Load'!AS5>0,'Section Load'!AS5,0)) -> 0 | BM2: =(IF('Section Load'!AT5>0,'Section Load'!AT5,0)) -> 682.642
A3: Mumbai | B3: =B2+1 -> 2 | C3: 1 | D3: 2023 | E3: =(IF('Section Load'!F6>0,'Section Load'!F6,0)) -> 3053.12 | F3: =(IF('Section Load'!G6>0,'Section Load'!G6,0)) -> 1463.93 | G3: =(IF('Section Load'!H6>0,'Section Load'!H6,0)) -> 2497.28 | H3: =(IF('Section Load'!I6>0,'Section Load'!I6,0)) -> 2851.56 | I3: =(IF('Section Load'!J6>0,'Section Load'!J6,0)) -> 4203.27 | J3: =(IF('Section Load'!K6>0,'Section Load'!K6,0)) -> 2410.08 | K3: =(IF('Section Load'!L6>0,'Section Load'!L6,0)) -> 1219.72 | L3: =(IF('Section Load'!M6>0,'Section Load'!M6,0)) -> 989.76 | ... AL3: =(IF('Section Load'!AM6>0,'Section Load'!AM6,0)) -> 694 | AM3: =(IF('Water Report'!$E$7>0,'Water Report'!$E$7,0)) -> 90 | AN3: =(IF('Water Report'!$E$8>0,'Water Report'!$E$8,0)) -> 110 | AO3: =(IF('Water Report'!$E$9>0,'Water Report'!$E$9,0)) -> 124 | AP3: =(IF('Water Report'!$E$10>0,'Water Report'!$E$10,0)) -> 13 | AQ3: =(IF('Water Report'!$E$11>0,'Water Report'!$E$11,0)) -> 22 | AR3: =(IF('Water Report'!$E$13>0,'Water Report'!$E$13,0)) -> 4 | AS3: =(IF('Water Report'!$E$14>0,'Water Report'!$E$14,0)) -> 8 | AT3: =(IF('Water Report'!$E$15>0,'Water Report'!$E$15,0)) -> 7 | AU3: =(IF('Water Report'!$E$17>0,'Water Report'!$E$17,0)) -> 1 | AV3: =(IF('Water Report'!$E$18>0,'Water Report'!$E$18,0)) -> 13 | AW3: =(IF('Water Report'!$E$19>0,'Water Report'!$E$19,0)) -> 18 | AX3: =(IF('Water Report'!$E$21>0,'Water Report'!$E$21,0)) -> 100 | AY3: =(IF('Water Report'!$E$22>0,'Water Report'!$E$22,0)) -> 0 | AZ3: =(IF('Water Report'!$E$23>0,'Water Report'!$E$23,0)) -> 11 | BA3: =(IF('Water Report'!$E$14>0,'Water Report'!$E$14,0)) -> 8 | BB3: =(IF('Water Report'!$E$15>0,'Water Report'!$E$15,0)) -> 7 | BC3: =(IF('Water Report'!$E$13>0,'Water Report'!$E$13,0)) -> 4 | BD3: =(IF('Water Report'!$E$24>0,'Water Report'!$E$24,0)) -> 278 | BE3: =(IF('Water Report'!$E$25>0,'Water Report'!$E$25,0)) -> 174 | BF3: =(IF('Water Report'!$E$27>0,'Water Report'!$E$27,0)) -> 115 | BG3: =(IF('Section Load'!AN6>0,'Section Load'!AN6,0)) -> 1199.5 | BH3: =(IF('Section Load'!AO6>0,'Section Load'!AO6,0)) -> 359.82 | BI3: =(IF('Section Load'!AP6>0,'Section Load'!AP6,0)) -> 0 | BJ3: =(IF('Section Load'!AQ6>0,'Section Load'!AQ6,0)) -> 104 | BK3: =(IF('Section Load'!AR6>0,'Section Load'!AR6,0)) -> 47 | BL3: =(IF('Section Load'!AS6>0,'Section Load'!AS6,0)) -> 0 | BM3: =(IF('Section Load'!AT6>0,'Section Load'!AT6,0)) -> 688.68
A4: Mumbai | B4: =B3+1 -> 3 | C4: 1 | D4: 2023 | E4: =(IF('Section Load'!F7>0,'Section Load'!F7,0)) -> 3487.88 | F4: =(IF('Section Load'!G7>0,'Section Load'!G7,0)) -> 1407.87 | G4: =(IF('Section Load'!H7>0,'Section Load'!H7,0)) -> 2529.35 | H4: =(IF('Section Load'!I7>0,'Section Load'!I7,0)) -> 2805.49 | I4: =(IF('Section Load'!J7>0,'Section Load'!J7,0)) -> 4668.11 | J4: =(IF('Section Load'!K7>0,'Section Load'!K7,0)) -> 2365.68 | K4: =(IF('Section Load'!L7>0,'Section Load'!L7,0)) -> 1788.39 | L4: =(IF('Section Load'!M7>0,'Section Load'!M7,0)) -> 938.44 | ... AL4: =(IF('Section Load'!AM7>0,'Section Load'!AM7,0)) -> 0 | AM4: =(IF('Water Report'!$F$7>0,'Water Report'!$F$7,0)) -> 158 | AN4: =(IF('Water Report'!$F$8>0,'Water Report'!$F$8,0)) -> 91 | AO4: =(IF('Water Report'!$F$9>0,'Water Report'!$G$9,0)) -> 102 | AP4: =(IF('Water Report'!$F$10>0,'Water Report'!$F$10,0)) -> 12 | AQ4: =(IF('Water Report'!$F$11>0,'Water Report'!$F$11,0)) -> 25 | AR4: =(IF('Water Report'!$F$13>0,'Water Report'!$F$13,0)) -> 24 | AS4: =(IF('Water Report'!$F$14>0,'Water Report'!$F$14,0)) -> 7 | AT4: =(IF('Water Report'!$F$15>0,'Water Report'!$F$15,0)) -> 7 | AU4: =(IF('Water Report'!$F$17>0,'Water Report'!$F$17,0)) -> 2 | AV4: =(IF('Water Report'!$F$18>0,'Water Report'!$F$18,0)) -> 13 | AW4: =(IF('Water Report'!$F$19>0,'Water Report'!$F$19,0)) -> 17 | AX4: =(IF('Water Report'!$F$21>0,'Water Report'!$F$21,0)) -> 115 | AY4: =(IF('Water Report'!$F$22>0,'Water Report'!$F$22,0)) -> 0 | AZ4: =(IF('Water Report'!$F$23>0,'Water Report'!$F$23,0)) -> 0 | BA4: =(IF('Water Report'!$F$14>0,'Water Report'!$F$14,0)) -> 7 | BB4: =(IF('Water Report'!$F$15>0,'Water Report'!$F$15,0)) -> 7 | BC4: =(IF('Water Report'!$F$13>0,'Water Report'!$F$13,0)) -> 24 | BD4: =(IF('Water Report'!$F$24>0,'Water Report'!$F$24,0)) -> 322 | BE4: =(IF('Water Report'!$F$25>0,'Water Report'!$F$25,0)) -> 176 | BF4: =(IF('Water Report'!$F$27>0,'Water Report'!$F$27,0)) -> 139 | BG4: =(IF('Section Load'!AN7>0,'Section Load'!AN7,0)) -> 1202 | BH4: =(IF('Section Load'!AO7>0,'Section Load'!AO7,0)) -> 296.94 | BI4: =(IF('Section Load'!AP7>0,'Section Load'!AP7,0)) -> 0 | BJ4: =(IF('Section Load'!AQ7>0,'Section Load'!AQ7,0)) -> 115 | BK4: =(IF('Section Load'!AR7>0,'Section Load'!AR7,0)) -> 42 | BL4: =(IF('Section Load'!AS7>0,'Section Load'!AS7,0)) -> 0 | BM4: =(IF('Section Load'!AT7>0,'Section Load'!AT7,0)) -> 748.06
A5: Mumbai | B5: =B4+1 -> 4 | C5: 1 | D5: 2023 | E5: =(IF('Section Load'!F8>0,'Section Load'!F8,0)) -> 2814.85 | F5: =(IF('Section Load'!G8>0,'Section Load'!G8,0)) -> 1416.93 | G5: =(IF('Section Load'!H8>0,'Section Load'!H8,0)) -> 2404.13 | H5: =(IF('Section Load'!I8>0,'Section Load'!I8,0)) -> 2869.93 | I5: =(IF('Section Load'!J8>0,'Section Load'!J8,0)) -> 4497.06 | J5: =(IF('Section Load'!K8>0,'Section Load'!K8,0)) -> 2309.89 | K5: =(IF('Section Load'!L8>0,'Section Load'!L8,0)) -> 1602.1 | L5: =(IF('Section Load'!M8>0,'Section Load'!M8,0)) -> 750.43 | ... AL5: =(IF('Section Load'!AM8>0,'Section Load'!AM8,0)) -> 0 | AM5: =(IF('Water Report'!$G$7>0,'Water Report'!$F$7,0)) -> 158 | AN5: =(IF('Water Report'!$G$8>0,'Water Report'!$F$8,0)) -> 91 | AO5: =(IF('Water Report'!$G$9>0,'Water Report'!$H$9,0)) -> 118 | AP5: =(IF('Water Report'!$G$10>0,'Water Report'!$G$10,0)) -> 19 | AQ5: =(IF('Water Report'!$G$11>0,'Water Report'!$G$11,0)) -> 19 | AR5: =(IF('Water Report'!$G$13>0,'Water Report'!$G$13,0)) -> 30 | AS5: =(IF('Water Report'!$G$14>0,'Water Report'!$G$14,0)) -> 0 | AT5: =(IF('Water Report'!$G$15>0,'Water Report'!$G$15,0)) -> 7 | AU5: =(IF('Water Report'!$G$17>0,'Water Report'!$G$17,0)) -> 2 | AV5: =(IF('Water Report'!$G$18>0,'Water Report'!$G$18,0)) -> 13 | AW5: =(IF('Water Report'!$G$19>0,'Water Report'!$G$19,0)) -> 14 | AX5: =(IF('Water Report'!$G$21>0,'Water Report'!$G$21,0)) -> 119 | AY5: =(IF('Water Report'!$G$22>0,'Water Report'!$G$22,0)) -> 0 | AZ5: =(IF('Water Report'!$G$23>0,'Water Report'!$G$23,0)) -> 0 | BA5: =(IF('Water Report'!$G$14>0,'Water Report'!$G$14,0)) -> 0 | BB5: =(IF('Water Report'!$G$15>0,'Water Report'!$G$15,0)) -> 7 | BC5: =(IF('Water Report'!$G$13>0,'Water Report'!$G$13,0)) -> 30 | BD5: =(IF('Water Report'!$G$24>0,'Water Report'!$G$24,0)) -> 267 | BE5: =(IF('Water Report'!$G$25>0,'Water Report'!$G$25,0)) -> 147 | BF5: =(IF('Water Report'!$G$27>0,'Water Report'!$G$27,0)) -> 149 | BG5: =(IF('Section Load'!AN8>0,'Section Load'!AN8,0)) -> 1072 | BH5: =(IF('Section Load'!AO8>0,'Section Load'!AO8,0)) -> 303.24 | BI5: =(IF('Section Load'!AP8>0,'Section Load'!AP8,0)) -> 0 | BJ5: =(IF('Section Load'!AQ8>0,'Section Load'!AQ8,0)) -> 65 | BK5: =(IF('Section Load'!AR8>0,'Section Load'!AR8,0)) -> 61 | BL5: =(IF('Section Load'!AS8>0,'Section Load'!AS8,0)) -> 0 | BM5: =(IF('Section Load'!AT8>0,'Section Load'!AT8,0)) -> 643.26
A6: Mumbai | B6: =B5+1 -> 5 | C6: 1 | D6: 2023 | E6: =(IF('Section Load'!F9>0,'Section Load'!F9,0)) -> 3067 | F6: =(IF('Section Load'!G9>0,'Section Load'!G9,0)) -> 1489 | G6: =(IF('Section Load'!H9>0,'Section Load'!H9,0)) -> 2509.01 | H6: =(IF('Section Load'!I9>0,'Section Load'!I9,0)) -> 2895 | I6: =(IF('Section Load'!J9>0,'Section Load'!J9,0)) -> 4539.2 | J6: =(IF('Section Load'!K9>0,'Section Load'!K9,0)) -> 2309 | K6: =(IF('Section Load'!L9>0,'Section Load'!L9,0)) -> 1163 | L6: =(IF('Section Load'!M9>0,'Section Load'!M9,0)) -> 820.9 | ... AL6: =(IF('Section Load'!AM9>0,'Section Load'!AM9,0)) -> 0 | AM6: =(IF('Water Report'!$H$7>0,'Water Report'!$H$7,0)) -> 124 | AN6: =(IF('Water Report'!$H$8>0,'Water Report'!$H$8,0)) -> 114 | AO6: =(IF('Water Report'!$H$9>0,'Water Report'!$H$9,0)) -> 118 | AP6: =(IF('Water Report'!$H$10>0,'Water Report'!$H$10,0)) -> 13 | AQ6: =(IF('Water Report'!$H$11>0,'Water Report'!$H$11,0)) -> 24 | AR6: =(IF('Water Report'!$H$13>0,'Water Report'!$H$13,0)) -> 22 | AS6: =(IF('Water Report'!$H$14>0,'Water Report'!$H$14,0)) -> 4 | AT6: =(IF('Water Report'!$H$15>0,'Water Report'!$H$15,0)) -> 6 | AU6: =(IF('Water Report'!$H$17>0,'Water Report'!$H$17,0)) -> 0 | AV6: =(IF('Water Report'!$H$18>0,'Water Report'!$H$18,0)) -> 19 | AW6: =(IF('Water Report'!$H$19>0,'Water Report'!$H$19,0)) -> 13 | AX6: =(IF('Water Report'!$H$21>0,'Water Report'!$H$21,0)) -> 133 | AY6: =(IF('Water Report'!$H$22>0,'Water Report'!$H$22,0)) -> 0 | AZ6: =(IF('Water Report'!$H$23>0,'Water Report'!$H$23,0)) -> 10 | BA6: =(IF('Water Report'!$H$14>0,'Water Report'!$H$14,0)) -> 4 | BB6: =(IF('Water Report'!$H$15>0,'Water Report'!$H$15,0)) -> 6 | BC6: =(IF('Water Report'!$H$13>0,'Water Report'!$H$13,0)) -> 22 | BD6: =(IF('Water Report'!$H$24>0,'Water Report'!$H$24,0)) -> 183 | BE6: =(IF('Water Report'!$H$25>0,'Water Report'!$H$25,0)) -> 165 | BF6: =(IF('Water Report'!$H$27>0,'Water Report'!$H$27,0)) -> 165 | BG6: =(IF('Section Load'!AN9>0,'Section Load'!AN9,0)) -> 1031 | BH6: =(IF('Section Load'!AO9>0,'Section Load'!AO9,0)) -> 303 | BI6: =(IF('Section Load'!AP9>0,'Section Load'!AP9,0)) -> 0 | BJ6: =(IF('Section Load'!AQ9>0,'Section Load'!AQ9,0)) -> 130 | BK6: =(IF('Section Load'!AR9>0,'Section Load'!AR9,0)) -> 43 | BL6: =(IF('Section Load'!AS9>0,'Section Load'!AS9,0)) -> 0.4 | BM6: =(IF('Section Load'!AT9>0,'Section Load'!AT9,0)) -> 554.6
A7: Mumbai | B7: =B6+1 -> 6 | C7: 1 | D7: 2023 | E7: =(IF('Section Load'!F10>0,'Section Load'!F10,0)) -> 2935 | F7: =(IF('Section Load'!G10>0,'Section Load'!G10,0)) -> 1465 | G7: =(IF('Section Load'!H10>0,'Section Load'!H10,0)) -> 2505 | H7: =(IF('Section Load'!I10>0,'Section Load'!I10,0)) -> 2773 | I7: =(IF('Section Load'!J10>0,'Section Load'!J10,0)) -> 4307 | J7: =(IF('Section Load'!K10>0,'Section Load'!K10,0)) -> 2270 | K7: =(IF('Section Load'!L10>0,'Section Load'!L10,0)) -> 1228 | L7: =(IF('Section Load'!M10>0,'Section Load'!M10,0)) -> 849 | ... AL7: =(IF('Section Load'!AM10>0,'Section Load'!AM10,0)) -> 0 | AM7: =(IF('Water Report'!$I$7>0,'Water Report'!$I$7,0)) -> 114 | AN7: =(IF('Water Report'!$I$8>0,'Water Report'!$I$8,0)) -> 114 | AO7: =(IF('Water Report'!$I$9>0,'Water Report'!$I$9,0)) -> 146 | AP7: =(IF('Water Report'!$I$10>0,'Water Report'!$I$10,0)) -> 16 | AQ7: =(IF('Water Report'!$I$11>0,'Water Report'!$I$11,0)) -> 30 | AR7: =(IF('Water Report'!$I$13>0,'Water Report'!$I$13,0)) -> 21 | AS7: =(IF('Water Report'!$I$14>0,'Water Report'!$I$14,0)) -> 4 | AT7: =(IF('Water Report'!$I$15>0,'Water Report'!$I$15,0)) -> 11 | AU7: =(IF('Water Report'!$I$17>0,'Water Report'!$I$17,0)) -> 1 | AV7: =(IF('Water Report'!$I$18>0,'Water Report'!$I$18,0)) -> 12 | AW7: =(IF('Water Report'!$I$19>0,'Water Report'!$I$19,0)) -> 13 | AX7: =(IF('Water Report'!$I$21>0,'Water Report'!$I$21,0)) -> 157 | AY7: =(IF('Water Report'!$I$22>0,'Water Report'!$I$22,0)) -> 0 | AZ7: =(IF('Water Report'!$I$23>0,'Water Report'!$I$23,0)) -> 7 | BA7: =(IF('Water Report'!$I$14>0,'Water Report'!$I$14,0)) -> 4 | BB7: =(IF('Water Report'!$I$15>0,'Water Report'!$I$15,0)) -> 11 | BC7: =(IF('Water Report'!$I$13>0,'Water Report'!$I$13,0)) -> 21 | BD7: =(IF('Water Report'!$I$24>0,'Water Report'!$I$24,0)) -> 306 | BE7: =(IF('Water Report'!$I$25>0,'Water Report'!$I$25,0)) -> 207 | BF7: =(IF('Water Report'!$I$27>0,'Water Report'!$I$27,0)) -> 185 | BG7: =(IF('Section Load'!AN10>0,'Section Load'!AN10,0)) -> 1061 | BH7: =(IF('Section Load'!AO10>0,'Section Load'!AO10,0)) -> 307 | BI7: =(IF('Section Load'!AP10>0,'Section Load'!AP10,0)) -> 0 | BJ7: =(IF('Section Load'!AQ10>0,'Section Load'!AQ10,0)) -> 100 | BK7: =(IF('Section Load'!AR10>0,'Section Load'!AR10,0)) -> 52 | BL7: =(IF('Section Load'!AS10>0,'Section Load'!AS10,0)) -> 0 | BM7: =(IF('Section Load'!AT10>0,'Section Load'!AT10,0)) -> 602
A8: Mumbai | B8: =B7+1 -> 7 | C8: 1 | D8: 2023 | E8: =(IF('Section Load'!F11>0,'Section Load'!F11,0)) -> 2982 | F8: =(IF('Section Load'!G11>0,'Section Load'!G11,0)) -> 1528 | G8: =(IF('Section Load'!H11>0,'Section Load'!H11,0)) -> 2485 | H8: =(IF('Section Load'!I11>0,'Section Load'!I11,0)) -> 2864 | I8: =(IF('Section Load'!J11>0,'Section Load'!J11,0)) -> 4797 | J8: =(IF('Section Load'!K11>0,'Section Load'!K11,0)) -> 2251 | K8: =(IF('Section Load'!L11>0,'Section Load'!L11,0)) -> 1307 | L8: =(IF('Section Load'!M11>0,'Section Load'!M11,0)) -> 1091 | ... AL8: =(IF('Section Load'!AM11>0,'Section Load'!AM11,0)) -> 0 | AM8: =(IF('Water Report'!$J$7>0,'Water Report'!$J$7,0)) -> 66 | AN8: =(IF('Water Report'!$J$8>0,'Water Report'!$J$8,0)) -> 96 | AO8: =(IF('Water Report'!$J$9>0,'Water Report'!$J$9,0)) -> 123 | AP8: =(IF('Water Report'!$J$10>0,'Water Report'!$J$10,0)) -> 20 | AQ8: =(IF('Water Report'!$J$11>0,'Water Report'!$J$11,0)) -> 20 | AR8: =(IF('Water Report'!$J$13>0,'Water Report'!$J$13,0)) -> 24 | AS8: =(IF('Water Report'!$J$14>0,'Water Report'!$J$14,0)) -> 5 | AT8: =(IF('Water Report'!$J$15>0,'Water Report'!$J$15,0)) -> 5 | AU8: =(IF('Water Report'!$J$17>0,'Water Report'!$J$17,0)) -> 1 | AV8: =(IF('Water Report'!$J$18>0,'Water Report'!$J$18,0)) -> 11 | AW8: =(IF('Water Report'!$J$19>0,'Water Report'!$J$19,0)) -> 15 | AX8: =(IF('Water Report'!$J$21>0,'Water Report'!$J$21,0)) -> 87 | AY8: =(IF('Water Report'!$J$22>0,'Water Report'!$J$22,0)) -> 0 | AZ8: =(IF('Water Report'!$J$23>0,'Water Report'!$J$23,0)) -> 8 | BA8: =(IF('Water Report'!$J$14>0,'Water Report'!$J$14,0)) -> 5 | BB8: =(IF('Water Report'!$J$15>0,'Water Report'!$J$15,0)) -> 5 | BC8: =(IF('Water Report'!$J$13>0,'Water Report'!$J$13,0)) -> 24 | BD8: =(IF('Water Report'!$J$24>0,'Water Report'!$J$24,0)) -> 224 | BE8: =(IF('Water Report'!$J$25>0,'Water Report'!$J$25,0)) -> 173 | BF8: =(IF('Water Report'!$J$27>0,'Water Report'!$J$27,0)) -> 119 | BG8: =(IF('Section Load'!AN11>0,'Section Load'!AN11,0)) -> 1141 | BH8: =(IF('Section Load'!AO11>0,'Section Load'!AO11,0)) -> 307 | BI8: =(IF('Section Load'!AP11>0,'Section Load'!AP11,0)) -> 0 | BJ8: =(IF('Section Load'!AQ11>0,'Section Load'!AQ11,0)) -> 90 | BK8: =(IF('Section Load'!AR11>0,'Section Load'!AR11,0)) -> 47 | BL8: =(IF('Section Load'!AS11>0,'Section Load'!AS11,0)) -> 0 | BM8: =(IF('Section Load'!AT11>0,'Section Load'!AT11,0)) -> 697
A9: Mumbai | B9: =B8+1 -> 8 | C9: 1 | D9: 2023 | E9: =(IF('Section Load'!F12>0,'Section Load'!F12,0)) -> 3011 | F9: =(IF('Section Load'!G12>0,'Section Load'!G12,0)) -> 1552 | G9: =(IF('Section Load'!H12>0,'Section Load'!H12,0)) -> 2595 | H9: =(IF('Section Load'!I12>0,'Section Load'!I12,0)) -> 2814 | I9: =(IF('Section Load'!J12>0,'Section Load'!J12,0)) -> 4796 | J9: =(IF('Section Load'!K12>0,'Section Load'!K12,0)) -> 2385 | K9: =(IF('Section Load'!L12>0,'Section Load'!L12,0)) -> 1432 | L9: =(IF('Section Load'!M12>0,'Section Load'!M12,0)) -> 719 | ... AL9: =(IF('Section Load'!AM12>0,'Section Load'!AM12,0)) -> 0 | AM9: =(IF('Water Report'!$K$7>0,'Water Report'!$K$7,0)) -> 134 | AN9: =(IF('Water Report'!$K$8>0,'Water Report'!$K$8,0)) -> 108 | AO9: =(IF('Water Report'!$K$9>0,'Water Report'!$K$9,0)) -> 115 | AP9: =(IF('Water Report'!$K$10>0,'Water Report'!$K$10,0)) -> 441 | AQ9: =(IF('Water Report'!$K$11>0,'Water Report'!$K$11,0)) -> 23 | AR9: =(IF('Water Report'!$K$13>0,'Water Report'!$K$13,0)) -> 17 | AS9: =(IF('Water Report'!$K$14>0,'Water Report'!$K$14,0)) -> 4 | AT9: =(IF('Water Report'!$K$15>0,'Water Report'!$K$15,0)) -> 14 | AU9: =(IF('Water Report'!$K$17>0,'Water Report'!$K$17,0)) -> 0 | AV9: =(IF('Water Report'!$K$18>0,'Water Report'!$K$18,0)) -> 11 | AW9: =(IF('Water Report'!$K$19>0,'Water Report'!$K$19,0)) -> 14 | AX9: =(IF('Water Report'!$K$21>0,'Water Report'!$K$21,0)) -> 105 | AY9: =(IF('Water Report'!$K$22>0,'Water Report'!$K$22,0)) -> 0 | AZ9: =(IF('Water Report'!$K$23>0,'Water Report'!$K$23,0)) -> 0 | BA9: =(IF('Water Report'!$K$14>0,'Water Report'!$K$14,0)) -> 4 | BB9: =(IF('Water Report'!$K$15>0,'Water Report'!$K$15,0)) -> 14 | BC9: =(IF('Water Report'!$K$13>0,'Water Report'!$K$13,0)) -> 17 | BD9: =(IF('Water Report'!$K$24>0,'Water Report'!$K$24,0)) -> 297 | BE9: =(IF('Water Report'!$K$25>0,'Water Report'!$K$25,0)) -> 597 | BF9: =(IF('Water Report'!$K$27>0,'Water Report'!$K$27,0)) -> 122 | BG9: =(IF('Section Load'!AN12>0,'Section Load'!AN12,0)) -> 1112 | BH9: =(IF('Section Load'!AO12>0,'Section Load'!AO12,0)) -> 299 | BI9: =(IF('Section Load'!AP12>0,'Section Load'!AP12,0)) -> 0 | BJ9: =(IF('Section Load'!AQ12>0,'Section Load'!AQ12,0)) -> 106 | BK9: =(IF('Section Load'!AR12>0,'Section Load'!AR12,0)) -> 48 | BL9: =(IF('Section Load'!AS12>0,'Section Load'!AS12,0)) -> 0 | BM9: =(IF('Section Load'!AT12>0,'Section Load'!AT12,0)) -> 659
A10: Mumbai | B10: =B9+1 -> 9 | C10: 1 | D10: 2023 | E10: =(IF('Section Load'!F13>0,'Section Load'!F13,0)) -> 2914.72 | F10: =(IF('Section Load'!G13>0,'Section Load'!G13,0)) -> 1591.19 | G10: =(IF('Section Load'!H13>0,'Section Load'!H13,0)) -> 2560.43 | H10: =(IF('Section Load'!I13>0,'Section Load'!I13,0)) -> 2799.18 | I10: =(IF('Section Load'!J13>0,'Section Load'!J13,0)) -> 3941.31 | J10: =(IF('Section Load'!K13>0,'Section Load'!K13,0)) -> 2366.59 | K10: =(IF('Section Load'!L13>0,'Section Load'!L13,0)) -> 1264.7 | L10: =(IF('Section Load'!M13>0,'Section Load'!M13,0)) -> 829.67 | ... AL10: =(IF('Section Load'!AM13>0,'Section Load'!AM13,0)) -> 0.17 | AM10: =(IF('Water Report'!$L$7>0,'Water Report'!$L$7,0)) -> 141.9 | AN10: =(IF('Water Report'!$L$8>0,'Water Report'!$L$8,0)) -> 117 | AO10: =(IF('Water Report'!$L$9>0,'Water Report'!$L$9,0)) -> 135 | AP10: =(IF('Water Report'!$L$10>0,'Water Report'!$L$10,0)) -> 475 | AQ10: =(IF('Water Report'!$L$11>0,'Water Report'!$L$11,0)) -> 23 | AR10: =(IF('Water Report'!$L$13>0,'Water Report'!$L$13,0)) -> 15 | AS10: =(IF('Water Report'!$L$14>0,'Water Report'!$L$14,0)) -> 1 | AT10: =(IF('Water Report'!$L$15>0,'Water Report'!$L$15,0)) -> 7 | AU10: =(IF('Water Report'!$L$17>0,'Water Report'!$L$17,0)) -> 2 | AV10: =(IF('Water Report'!$L$18>0,'Water Report'!$L$18,0)) -> 14 | AW10: =(IF('Water Report'!$L$19>0,'Water Report'!$L$19,0)) -> 16 | AX10: =(IF('Water Report'!$L$21>0,'Water Report'!$L$21,0)) -> 105 | AY10: =(IF('Water Report'!$L$22>0,'Water Report'!$L$22,0)) -> 0 | AZ10: =(IF('Water Report'!$L$23>0,'Water Report'!$L$23,0)) -> 0 | BA10: =(IF('Water Report'!$L$14>0,'Water Report'!$L$14,0)) -> 1 | BB10: =(IF('Water Report'!$L$15>0,'Water Report'!$L$15,0)) -> 7 | BC10: =(IF('Water Report'!$L$13>0,'Water Report'!$L$13,0)) -> 15 | BD10: =(IF('Water Report'!$L$24>0,'Water Report'!$L$24,0)) -> 243 | BE10: =(IF('Water Report'!$L$25>0,'Water Report'!$L$25,0)) -> 641 | BF10: =(IF('Water Report'!$L$27>0,'Water Report'!$L$27,0)) -> 120 | BG10: =(IF('Section Load'!AN13>0,'Section Load'!AN13,0)) -> 1155 | BH10: =(IF('Section Load'!AO13>0,'Section Load'!AO13,0)) -> 300.488 | BI10: =(IF('Section Load'!AP13>0,'Section Load'!AP13,0)) -> 0 | BJ10: =(IF('Section Load'!AQ13>0,'Section Load'!AQ13,0)) -> 107 | BK10: =(IF('Section Load'!AR13>0,'Section Load'!AR13,0)) -> 39 | BL10: =(IF('Section Load'!AS13>0,'Section Load'!AS13,0)) -> 0 | BM10: =(IF('Section Load'!AT13>0,'Section Load'!AT13,0)) -> 708.512
A11: Mumbai | B11: =B10+1 -> 10 | C11: 1 | D11: 2023 | E11: =(IF('Section Load'!F14>0,'Section Load'!F14,0)) -> 3062.52 | F11: =(IF('Section Load'!G14>0,'Section Load'!G14,0)) -> 1475.98 | G11: =(IF('Section Load'!H14>0,'Section Load'!H14,0)) -> 2505.36 | H11: =(IF('Section Load'!I14>0,'Section Load'!I14,0)) -> 2694.72 | I11: =(IF('Section Load'!J14>0,'Section Load'!J14,0)) -> 4480.54 | J11: =(IF('Section Load'!K14>0,'Section Load'!K14,0)) -> 2357.04 | K11: =(IF('Section Load'!L14>0,'Section Load'!L14,0)) -> 1856.85 | L11: =(IF('Section Load'!M14>0,'Section Load'!M14,0)) -> 1144.33 | ... AL11: =(IF('Section Load'!AM14>0,'Section Load'!AM14,0)) -> 0 | AM11: =(IF('Water Report'!$M$7>0,'Water Report'!$M$7,0)) -> 131.4 | AN11: =(IF('Water Report'!$M$8>0,'Water Report'!$M$8,0)) -> 114 | AO11: =(IF('Water Report'!$M$9>0,'Water Report'!$M$9,0)) -> 125 | AP11: =(IF('Water Report'!$M$10>0,'Water Report'!$M$10,0)) -> 40 | AQ11: =(IF('Water Report'!$M$11>0,'Water Report'!$M$11,0)) -> 21 | AR11: =(IF('Water Report'!$M$13>0,'Water Report'!$M$13,0)) -> 21 | AS11: =(IF('Water Report'!$M$14>0,'Water Report'!$M$14,0)) -> 5 | AT11: =(IF('Water Report'!$M$15>0,'Water Report'!$M$15,0)) -> 2 | AU11: =(IF('Water Report'!$M$17>0,'Water Report'!$M$17,0)) -> 2 | AV11: =(IF('Water Report'!$M$18>0,'Water Report'!$M$18,0)) -> 11 | AW11: =(IF('Water Report'!$M$19>0,'Water Report'!$M$19,0)) -> 14 | AX11: =(IF('Water Report'!$M$21>0,'Water Report'!$M$21,0)) -> 129 | AY11: =(IF('Water Report'!$M$22>0,'Water Report'!$M$22,0)) -> 0 | AZ11: =(IF('Water Report'!$M$23>0,'Water Report'!$M$23,0)) -> 0 | BA11: =(IF('Water Report'!$M$14>0,'Water Report'!$M$14,0)) -> 5 | BB11: =(IF('Water Report'!$M$15>0,'Water Report'!$M$15,0)) -> 2 | BC11: =(IF('Water Report'!$M$13>0,'Water Report'!$M$13,0)) -> 21 | BD11: =(IF('Water Report'!$M$24>0,'Water Report'!$M$24,0)) -> 258 | BE11: =(IF('Water Report'!$M$25>0,'Water Report'!$M$25,0)) -> 193 | BF11: =(IF('Water Report'!$M$27>0,'Water Report'!$M$27,0)) -> 150 | BG11: =(IF('Section Load'!AN14>0,'Section Load'!AN14,0)) -> 1088 | BH11: =(IF('Section Load'!AO14>0,'Section Load'!AO14,0)) -> 293.612 | BI11: =(IF('Section Load'!AP14>0,'Section Load'!AP14,0)) -> 0 | BJ11: =(IF('Section Load'!AQ14>0,'Section Load'!AQ14,0)) -> 103 | BK11: =(IF('Section Load'!AR14>0,'Section Load'!AR14,0)) -> 40 | BL11: =(IF('Section Load'!AS14>0,'Section Load'!AS14,0)) -> 0 | BM11: =(IF('Section Load'!AT14>0,'Section Load'!AT14,0)) -> 651.788
A12: Mumbai | B12: =B11+1 -> 11 | C12: 1 | D12: 2023 | E12: =(IF('Section Load'!F15>0,'Section Load'!F15,0)) -> 3119.1 | F12: =(IF('Section Load'!G15>0,'Section Load'!G15,0)) -> 1558.9 | G12: =(IF('Section Load'!H15>0,'Section Load'!H15,0)) -> 2568.5 | H12: =(IF('Section Load'!I15>0,'Section Load'!I15,0)) -> 2815.86 | I12: =(IF('Section Load'!J15>0,'Section Load'!J15,0)) -> 4569.71 | J12: =(IF('Section Load'!K15>0,'Section Load'!K15,0)) -> 2386.16 | K12: =(IF('Section Load'!L15>0,'Section Load'!L15,0)) -> 1443.96 | L12: =(IF('Section Load'!M15>0,'Section Load'!M15,0)) -> 799.27 | ... AL12: =(IF('Section Load'!AM15>0,'Section Load'!AM15,0)) -> 0 | AM12: =(IF('Water Report'!$N$7>0,'Water Report'!$N$7,0)) -> 146.7 | AN12: =(IF('Water Report'!$N$8>0,'Water Report'!$N$8,0)) -> 107 | AO12: =(IF('Water Report'!$N$9>0,'Water Report'!$N$9,0)) -> 150 | AP12: =(IF('Water Report'!$N$10>0,'Water Report'!$N$10,0)) -> 47 | AQ12: =(IF('Water Report'!$N$11>0,'Water Report'!$N$11,0)) -> 19 | AR12: =(IF('Water Report'!$N$13>0,'Water Report'!$N$13,0)) -> 21 | AS12: =(IF('Water Report'!$N$14>0,'Water Report'!$N$14,0)) -> 3 | AT12: =(IF('Water Report'!$N$15>0,'Water Report'!$N$15,0)) -> 2 | AU12: =(IF('Water Report'!$N$17>0,'Water Report'!$N$17,0)) -> 2 | AV12: =(IF('Water Report'!$N$18>0,'Water Report'!$N$18,0)) -> 13 | AW12: =(IF('Water Report'!$N$19>0,'Water Report'!$N$19,0)) -> 15 | AX12: =(IF('Water Report'!$N$21>0,'Water Report'!$N$21,0)) -> 100 | AY12: =(IF('Water Report'!$N$22>0,'Water Report'!$N$22,0)) -> 0 | AZ12: =(IF('Water Report'!$N$23>0,'Water Report'!$N$23,0)) -> 18 | BA12: =(IF('Water Report'!$N$14>0,'Water Report'!$N$14,0)) -> 3 | BB12: =(IF('Water Report'!$N$15>0,'Water Report'!$N$15,0)) -> 2 | BC12: =(IF('Water Report'!$N$13>0,'Water Report'!$N$13,0)) -> 21 | BD12: =(IF('Water Report'!$N$24>0,'Water Report'!$N$24,0)) -> 310 | BE12: =(IF('Water Report'!$N$25>0,'Water Report'!$N$25,0)) -> 221 | BF12: =(IF('Water Report'!$N$27>0,'Water Report'!$N$27,0)) -> 139 | BG12: =(IF('Section Load'!AN15>0,'Section Load'!AN15,0)) -> 1166.458 | BH12: =(IF('Section Load'!AO15>0,'Section Load'!AO15,0)) -> 990961 | BI12: =(IF('Section Load'!AP15>0,'Section Load'!AP15,0)) -> 0 | BJ12: =(IF('Section Load'!AQ15>0,'Section Load'!AQ15,0)) -> 122.2 | BK12: =(IF('Section Load'!AR15>0,'Section Load'!AR15,0)) -> 52 | BL12: =(IF('Section Load'!AS15>0,'Section Load'!AS15,0)) -> 0 | BM12: =(IF('Section Load'!AT15>0,'Section Load'!AT15,0)) -> 0
A13: Mumbai | B13: =B12+1 -> 12 | C13: 1 | D13: 2023 | E13: =(IF('Section Load'!F16>0,'Section Load'!F16,0)) -> 3121.16 | F13: =(IF('Section Load'!G16>0,'Section Load'!G16,0)) -> 1491.68 | G13: =(IF('Section Load'!H16>0,'Section Load'!H16,0)) -> 2491.86 | H13: =(IF('Section Load'!I16>0,'Section Load'!I16,0)) -> 2692.17 | I13: =(IF('Section Load'!J16>0,'Section Load'!J16,0)) -> 3166.2 | J13: =(IF('Section Load'!K16>0,'Section Load'!K16,0)) -> 2592.76 | K13: =(IF('Section Load'!L16>0,'Section Load'!L16,0)) -> 1312.28 | L13: =(IF('Section Load'!M16>0,'Section Load'!M16,0)) -> 775.73 | ... AL13: =(IF('Section Load'!AM16>0,'Section Load'!AM16,0)) -> 0 | AM13: =(IF('Water Report'!$O$7>0,'Water Report'!$O$7,0)) -> 0 | AN13: =(IF('Water Report'!$O$8>0,'Water Report'!$O$8,0)) -> 119 | AO13: =(IF('Water Report'!$O$9>0,'Water Report'!$O$9,0)) -> 92 | AP13: =(IF('Water Report'!$O$10>0,'Water Report'!$O$10,0)) -> 23 | AQ13: =(IF('Water Report'!$O$11>0,'Water Report'!$O$11,0)) -> 3 | AR13: =(IF('Water Report'!$O$13>0,'Water Report'!$O$13,0)) -> 15 | AS13: =(IF('Water Report'!$O$14>0,'Water Report'!$O$14,0)) -> 4 | AT13: =(IF('Water Report'!$O$15>0,'Water Report'!$O$15,0)) -> 2 | AU13: =(IF('Water Report'!$O$17>0,'Water Report'!$O$17,0)) -> 2 | AV13: =(IF('Water Report'!$O$18>0,'Water Report'!$O$18,0)) -> 13 | AW13: =(IF('Water Report'!$O$19>0,'Water Report'!$O$19,0)) -> 14 | AX13: =(IF('Water Report'!$O$21>0,'Water Report'!$O$21,0)) -> 142 | AY13: =(IF('Water Report'!$O$22>0,'Water Report'!$O$22,0)) -> 0 | AZ13: =(IF('Water Report'!$O$23>0,'Water Report'!$O$23,0)) -> 4 | BA13: =(IF('Water Report'!$O$14>0,'Water Report'!$O$14,0)) -> 4 | BB13: =(IF('Water Report'!$O$15>0,'Water Report'!$O$15,0)) -> 2 | BC13: =(IF('Water Report'!$O$13>0,'Water Report'!$O$13,0)) -> 15 | BD13: =(IF('Water Report'!$O$24>0,'Water Report'!$O$24,0)) -> 245 | BE13: =(IF('Water Report'!$O$25>0,'Water Report'!$O$25,0)) -> 124 | BF13: =(IF('Water Report'!$O$27>0,'Water Report'!$O$27,0)) -> 161 | BG13: =(IF('Section Load'!AN16>0,'Section Load'!AN16,0)) -> 1163.522 | BH13: =(IF('Section Load'!AO16>0,'Section Load'!AO16,0)) -> 297.9 | BI13: =(IF('Section Load'!AP16>0,'Section Load'!AP16,0)) -> 0.2 | BJ13: =(IF('Section Load'!AQ16>0,'Section Load'!AQ16,0)) -> 116.8 | BK13: =(IF('Section Load'!AR16>0,'Section Load'!AR16,0)) -> 56 | BL13: =(IF('Section Load'!AS16>0,'Section Load'!AS16,0)) -> 0 | BM13: =(IF('Section Load'!AT16>0,'Section Load'!AT16,0)) -> 692.622
A14: Mumbai | B14: =B13+1 -> 13 | C14: 1 | D14: 2023 | E14: =(IF('Section Load'!F17>0,'Section Load'!F17,0)) -> 3212.5 | F14: =(IF('Section Load'!G17>0,'Section Load'!G17,0)) -> 1405.25 | G14: =(IF('Section Load'!H17>0,'Section Load'!H17,0)) -> 2482.09 | H14: =(IF('Section Load'!I17>0,'Section Load'!I17,0)) -> 2910.07 | I14: =(IF('Section Load'!J17>0,'Section Load'!J17,0)) -> 2810.38 | J14: =(IF('Section Load'!K17>0,'Section Load'!K17,0)) -> 2631.45 | K14: =(IF('Section Load'!L17>0,'Section Load'!L17,0)) -> 1542.21 | L14: =(IF('Section Load'!M17>0,'Section Load'!M17,0)) -> 821 | ... AL14: =(IF('Section Load'!AM17>0,'Section Load'!AM17,0)) -> 0.17 | AM14: =(IF('Water Report'!$P$7>0,'Water Report'!$P$7,0)) -> 0 | AN14: =(IF('Water Report'!$P$8>0,'Water Report'!$P$8,0)) -> 117 | AO14: =(IF('Water Report'!$P$9>0,'Water Report'!$P$9,0)) -> 132 | AP14: =(IF('Water Report'!$P$10>0,'Water Report'!$P$10,0)) -> 46 | AQ14: =(IF('Water Report'!$P$11>0,'Water Report'!$P$11,0)) -> 49 | AR14: =(IF('Water Report'!$P$13>0,'Water Report'!$P$13,0)) -> 13 | AS14: =(IF('Water Report'!$P$14>0,'Water Report'!$P$14,0)) -> 4 | AT14: =(IF('Water Report'!$P$15>0,'Water Report'!$P$15,0)) -> 26 | AU14: =(IF('Water Report'!$P$17>0,'Water Report'!$P$17,0)) -> 2 | AV14: =(IF('Water Report'!$P$18>0,'Water Report'!$P$18,0)) -> 12 | AW14: =(IF('Water Report'!$P$19>0,'Water Report'!$P$19,0)) -> 15 | AX14: =(IF('Water Report'!$P$21>0,'Water Report'!$P$21,0)) -> 112 | AY14: =(IF('Water Report'!$P$22>0,'Water Report'!$P$22,0)) -> 0 | AZ14: =(IF('Water Report'!$P$23>0,'Water Report'!$P$23,0)) -> 0 | BA14: =(IF('Water Report'!$P$14>0,'Water Report'!$P$14,0)) -> 4 | BB14: =(IF('Water Report'!$P$15>0,'Water Report'!$P$15,0)) -> 26 | BC14: =(IF('Water Report'!$P$13>0,'Water Report'!$P$13,0)) -> 13 | BD14: =(IF('Water Report'!$P$24>0,'Water Report'!$P$24,0)) -> 223 | BE14: =(IF('Water Report'!$P$25>0,'Water Report'!$P$25,0)) -> 257 | BF14: =(IF('Water Report'!$P$27>0,'Water Report'!$P$27,0)) -> 125 | BG14: =(IF('Section Load'!AN17>0,'Section Load'!AN17,0)) -> 1140.02 | BH14: =(IF('Section Load'!AO17>0,'Section Load'!AO17,0)) -> 298 | BI14: =(IF('Section Load'!AP17>0,'Section Load'!AP17,0)) -> 0 | BJ14: =(IF('Section Load'!AQ17>0,'Section Load'!AQ17,0)) -> 102 | BK14: =(IF('Section Load'!AR17>0,'Section Load'!AR17,0)) -> 54 | BL14: =(IF('Section Load'!AS17>0,'Section Load'!AS17,0)) -> 0 | BM14: =(IF('Section Load'!AT17>0,'Section Load'!AT17,0)) -> 686.42
A15: Mumbai | B15: =B14+1 -> 14 | C15: 1 | D15: 2023 | E15: =(IF('Section Load'!F18>0,'Section Load'!F18,0)) -> 3265.78 | F15: =(IF('Section Load'!G18>0,'Section Load'!G18,0)) -> 1401.91 | G15: =(IF('Section Load'!H18>0,'Section Load'!H18,0)) -> 2392.99 | H15: =(IF('Section Load'!I18>0,'Section Load'!I18,0)) -> 2750.22 | I15: =(IF('Section Load'!J18>0,'Section Load'!J18,0)) -> 2290.11 | J15: =(IF('Section Load'!K18>0,'Section Load'!K18,0)) -> 2644.99 | K15: =(IF('Section Load'!L18>0,'Section Load'!L18,0)) -> 1284.79 | L15: =(IF('Section Load'!M18>0,'Section Load'!M18,0)) -> 786.79 | ... AL15: =(IF('Section Load'!AM18>0,'Section Load'!AM18,0)) -> 0 | AM15: =(IF('Water Report'!$Q$7>0,'Water Report'!$Q$7,0)) -> 0 | AN15: =(IF('Water Report'!$Q$8>0,'Water Report'!$Q$8,0)) -> 127 | AO15: =(IF('Water Report'!$Q$9>0,'Water Report'!$Q$9,0)) -> 132 | AP15: =(IF('Water Report'!$Q$10>0,'Water Report'!$Q$10,0)) -> 46 | AQ15: =(IF('Water Report'!$Q$11>0,'Water Report'!$Q$11,0)) -> 33 | AR15: =(IF('Water Report'!$Q$13>0,'Water Report'!$Q$13,0)) -> 12 | AS15: =(IF('Water Report'!$Q$14>0,'Water Report'!$Q$14,0)) -> 2 | AT15: =(IF('Water Report'!$Q$15>0,'Water Report'!$Q$15,0)) -> 14 | AU15: =(IF('Water Report'!$Q$17>0,'Water Report'!$Q$17,0)) -> 0 | AV15: =(IF('Water Report'!$Q$18>0,'Water Report'!$Q$18,0)) -> 14 | AW15: =(IF('Water Report'!$Q$19>0,'Water Report'!$Q$19,0)) -> 12 | AX15: =(IF('Water Report'!$Q$21>0,'Water Report'!$Q$21,0)) -> 105 | AY15: =(IF('Water Report'!$Q$22>0,'Water Report'!$Q$22,0)) -> 0 | AZ15: =(IF('Water Report'!$Q$23>0,'Water Report'!$Q$23,0)) -> 10 | BA15: =(IF('Water Report'!$Q$14>0,'Water Report'!$Q$14,0)) -> 2 | BB15: =(IF('Water Report'!$Q$15>0,'Water Report'!$Q$15,0)) -> 14 | BC15: =(IF('Water Report'!$Q$13>0,'Water Report'!$Q$13,0)) -> 12 | BD15: =(IF('Water Report'!$Q$24>0,'Water Report'!$Q$24,0)) -> 289 | BE15: =(IF('Water Report'!$Q$25>0,'Water Report'!$Q$25,0)) -> 227 | BF15: =(IF('Water Report'!$Q$27>0,'Water Report'!$Q$27,0)) -> 127 | BG15: =(IF('Section Load'!AN18>0,'Section Load'!AN18,0)) -> 1190 | BH15: =(IF('Section Load'!AO18>0,'Section Load'!AO18,0)) -> 291 | BI15: =(IF('Section Load'!AP18>0,'Section Load'!AP18,0)) -> 0 | BJ15: =(IF('Section Load'!AQ18>0,'Section Load'!AQ18,0)) -> 112 | BK15: =(IF('Section Load'!AR18>0,'Section Load'!AR18,0)) -> 54 | BL15: =(IF('Section Load'!AS18>0,'Section Load'!AS18,0)) -> 0 | BM15: =(IF('Section Load'!AT18>0,'Section Load'!AT18,0)) -> 733
A16: Mumbai | B16: =B15+1 -> 15 | C16: 1 | D16: 2023 | E16: =(IF('Section Load'!F19>0,'Section Load'!F19,0)) -> 3735.89 | F16: =(IF('Section Load'!G19>0,'Section Load'!G19,0)) -> 1412.64 | G16: =(IF('Section Load'!H19>0,'Section Load'!H19,0)) -> 2492.64 | H16: =(IF('Section Load'!I19>0,'Section Load'!I19,0)) -> 2641.68 | I16: =(IF('Section Load'!J19>0,'Section Load'!J19,0)) -> 2576.71 | J16: =(IF('Section Load'!K19>0,'Section Load'!K19,0)) -> 2621.32 | K16: =(IF('Section Load'!L19>0,'Section Load'!L19,0)) -> 1243.72 | L16: =(IF('Section Load'!M19>0,'Section Load'!M19,0)) -> 693.6 | ... AL16: =(IF('Section Load'!AM19>0,'Section Load'!AM19,0)) -> 0 | AM16: =(IF('Water Report'!$R$7>0,'Water Report'!$R$7,0)) -> 143.5 | AN16: =(IF('Water Report'!$R$8>0,'Water Report'!$R$8,0)) -> 104 | AO16: =(IF('Water Report'!$R$9>0,'Water Report'!$R$9,0)) -> 121 | AP16: =(IF('Water Report'!$R$10>0,'Water Report'!$R$10,0)) -> 42 | AQ16: =(IF('Water Report'!$R$11>0,'Water Report'!$R$11,0)) -> 7 | AR16: =(IF('Water Report'!$R$13>0,'Water Report'!$R$13,0)) -> 33 | AS16: =(IF('Water Report'!$R$14>0,'Water Report'!$R$14,0)) -> 4 | AT16: =(IF('Water Report'!$R$15>0,'Water Report'!$R$15,0)) -> 4 | AU16: =(IF('Water Report'!$R$17>0,'Water Report'!$R$17,0)) -> 0 | AV16: =(IF('Water Report'!$R$18>0,'Water Report'!$R$18,0)) -> 7 | AW16: =(IF('Water Report'!$R$19>0,'Water Report'!$R$19,0)) -> 5 | AX16: =(IF('Water Report'!$R$21>0,'Water Report'!$R$21,0)) -> 64 | AY16: =(IF('Water Report'!$R$22>0,'Water Report'!$R$22,0)) -> 0 | AZ16: =(IF('Water Report'!$R$23>0,'Water Report'!$R$23,0)) -> 0 | BA16: =(IF('Water Report'!$R$14>0,'Water Report'!$R$14,0)) -> 4 | BB16: =(IF('Water Report'!$R$15>0,'Water Report'!$R$15,0)) -> 4 | BC16: =(IF('Water Report'!$R$13>0,'Water Report'!$R$13,0)) -> 33 | BD16: =(IF('Water Report'!$R$24>0,'Water Report'!$R$24,0)) -> 355 | BE16: =(IF('Water Report'!$R$25>0,'Water Report'!$R$25,0)) -> 178 | BF16: =(IF('Water Report'!$R$27>0,'Water Report'!$R$27,0)) -> 97 | BG16: =(IF('Section Load'!AN19>0,'Section Load'!AN19,0)) -> 1011 | BH16: =(IF('Section Load'!AO19>0,'Section Load'!AO19,0)) -> 113 | BI16: =(IF('Section Load'!AP19>0,'Section Load'!AP19,0)) -> 0.2 | BJ16: =(IF('Section Load'!AQ19>0,'Section Load'!AQ19,0)) -> 93 | BK16: =(IF('Section Load'!AR19>0,'Section Load'!AR19,0)) -> 40 | BL16: =(IF('Section Load'!AS19>0,'Section Load'!AS19,0)) -> 0 | BM16: =(IF('Section Load'!AT19>0,'Section Load'!AT19,0)) -> 764.8
A17: Mumbai | B17: =B16+1 -> 16 | C17: 1 | D17: 2023 | E17: =(IF('Section Load'!F20>0,'Section Load'!F20,0)) -> 2441.33 | F17: =(IF('Section Load'!G20>0,'Section Load'!G20,0)) -> 1520.45 | G17: =(IF('Section Load'!H20>0,'Section Load'!H20,0)) -> 2503.13 | H17: =(IF('Section Load'!I20>0,'Section Load'!I20,0)) -> 2793.1 | I17: =(IF('Section Load'!J20>0,'Section Load'!J20,0)) -> 2955.18 | J17: =(IF('Section Load'!K20>0,'Section Load'!K20,0)) -> 2697.69 | K17: =(IF('Section Load'!L20>0,'Section Load'!L20,0)) -> 1176.49 | L17: =(IF('Section Load'!M20>0,'Section Load'!M20,0)) -> 698.61 | ... AL17: =(IF('Section Load'!AM20>0,'Section Load'!AM20,0)) -> 0 | AM17: =(IF('Water Report'!$S$7>0,'Water Report'!$S$7,0)) -> 85.5 | AN17: =(IF('Water Report'!$S$8>0,'Water Report'!$S$8,0)) -> 113 | AO17: =(IF('Water Report'!$S$9>0,'Water Report'!$S$9,0)) -> 107 | AP17: =(IF('Water Report'!$S$10>0,'Water Report'!$D$10,0)) -> 12 | AQ17: =(IF('Water Report'!$S$11>0,'Water Report'!$D$11,0)) -> 32 | AR17: =(IF('Water Report'!$S$13>0,'Water Report'!$D$13,0)) -> 20 | AS17: =(IF('Water Report'!$S$14>0,'Water Report'!$D$14,0)) -> 13 | AT17: =(IF('Water Report'!$S$15>0,'Water Report'!$D$15,0)) -> 10 | AU17: =(IF('Water Report'!$S$17>0,'Water Report'!$D$17,0)) -> 1 | AV17: =(IF('Water Report'!$S$18>0,'Water Report'!$D$18,0)) -> -1 | AW17: =(IF('Water Report'!$S$19>0,'Water Report'!$D$19,0)) -> 14 | AX17: =(IF('Water Report'!$S$21>0,'Water Report'!$D$21,0)) -> 109 | AY17: =(IF('Water Report'!$S$22>0,'Water Report'!$D$22,0)) -> 0 | AZ17: =(IF('Water Report'!$S$23>0,'Water Report'!$D$23,0)) -> 0 | BA17: =(IF('Water Report'!$S$14>0,'Water Report'!$D$14,0)) -> 13 | BB17: =(IF('Water Report'!$S$15>0,'Water Report'!$D$15,0)) -> 10 | BC17: =(IF('Water Report'!$S$13>0,'Water Report'!$D$13,0)) -> 20 | BD17: =(IF('Water Report'!$S$24>0,'Water Report'!$D$24,0)) -> 278 | BE17: =(IF('Water Report'!$S$25>0,'Water Report'!$D$25,0)) -> 194 | BF17: =(IF('Water Report'!$S$27>0,'Water Report'!$D$27,0)) -> 129 | BG17: =(IF('Section Load'!AN20>0,'Section Load'!AN20,0)) -> 1059 | BH17: =(IF('Section Load'!AO20>0,'Section Load'!AO20,0)) -> 356 | BI17: =(IF('Section Load'!AP20>0,'Section Load'!AP20,0)) -> 0 | BJ17: =(IF('Section Load'!AQ20>0,'Section Load'!AQ20,0)) -> 101 | BK17: =(IF('Section Load'!AR20>0,'Section Load'!AR20,0)) -> 48 | BL17: =(IF('Section Load'!AS20>0,'Section Load'!AS20,0)) -> 0 | BM17: =(IF('Section Load'!AT20>0,'Section Load'!AT20,0)) -> 554
A18: Mumbai | B18: =B17+1 -> 17 | C18: 1 | D18: 2023 | E18: =(IF('Section Load'!F21>0,'Section Load'!F21,0)) -> 2993 | F18: =(IF('Section Load'!G21>0,'Section Load'!G21,0)) -> 1424 | G18: =(IF('Section Load'!H21>0,'Section Load'!H21,0)) -> 2431 | H18: =(IF('Section Load'!I21>0,'Section Load'!I21,0)) -> 2759 | I18: =(IF('Section Load'!J21>0,'Section Load'!J21,0)) -> 2147.37 | J18: =(IF('Section Load'!K21>0,'Section Load'!K21,0)) -> 2642 | K18: =(IF('Section Load'!L21>0,'Section Load'!L21,0)) -> 1107 | L18: =(IF('Section Load'!M21>0,'Section Load'!M21,0)) -> 734 | ... AL18: =(IF('Section Load'!AM21>0,'Section Load'!AM21,0)) -> 0 | AM18: =(IF('Water Report'!$T$7>0,'Water Report'!$T$7,0)) -> 96 | AN18: =(IF('Water Report'!$T$8>0,'Water Report'!$T$8,0)) -> 84 | AO18: =(IF('Water Report'!$T$9>0,'Water Report'!$T$9,0)) -> 118 | AP18: =(IF('Water Report'!$T$10>0,'Water Report'!$T$10,0)) -> 9 | AQ18: =(IF('Water Report'!$T$11>0,'Water Report'!$T$11,0)) -> 19 | AR18: =(IF('Water Report'!$T$13>0,'Water Report'!$T$13,0)) -> 14 | AS18: =(IF('Water Report'!$T$14>0,'Water Report'!$T$14,0)) -> 2 | AT18: =(IF('Water Report'!$T$15>0,'Water Report'!$T$15,0)) -> 5 | AU18: =(IF('Water Report'!$T$17>0,'Water Report'!$T$17,0)) -> 0 | AV18: =(IF('Water Report'!$T$18>0,'Water Report'!$T$18,0)) -> 10 | AW18: =(IF('Water Report'!$T$19>0,'Water Report'!$T$19,0)) -> 15 | AX18: =(IF('Water Report'!$T$21>0,'Water Report'!$T$21,0)) -> 105 | AY18: =(IF('Water Report'!$T$22>0,'Water Report'!$T$22,0)) -> 0 | AZ18: =(IF('Water Report'!$T$23>0,'Water Report'!$T$23,0)) -> 0 | BA18: =(IF('Water Report'!$T$14>0,'Water Report'!$T$14,0)) -> 2 | BB18: =(IF('Water Report'!$T$15>0,'Water Report'!$T$15,0)) -> 5 | BC18: =(IF('Water Report'!$T$13>0,'Water Report'!$T$13,0)) -> 14 | BD18: =(IF('Water Report'!$T$24>0,'Water Report'!$T$24,0)) -> 205 | BE18: =(IF('Water Report'!$T$25>0,'Water Report'!$T$25,0)) -> 153 | BF18: =(IF('Water Report'!$T$27>0,'Water Report'!$T$27,0)) -> 119 | BG18: =(IF('Section Load'!AN21>0,'Section Load'!AN21,0)) -> 922 | BH18: =(IF('Section Load'!AO21>0,'Section Load'!AO21,0)) -> 300 | BI18: =(IF('Section Load'!AP21>0,'Section Load'!AP21,0)) -> 0 | BJ18: =(IF('Section Load'!AQ21>0,'Section Load'!AQ21,0)) -> 82 | BK18: =(IF('Section Load'!AR21>0,'Section Load'!AR21,0)) -> 51 | BL18: =(IF('Section Load'!AS21>0,'Section Load'!AS21,0)) -> 0 | BM18: =(IF('Section Load'!AT21>0,'Section Load'!AT21,0)) -> 489
A19: Mumbai | B19: =B18+1 -> 18 | C19: 1 | D19: 2023 | E19: =(IF('Section Load'!F22>0,'Section Load'!F22,0)) -> 2991 | F19: =(IF('Section Load'!G22>0,'Section Load'!G22,0)) -> 1400 | G19: =(IF('Section Load'!H22>0,'Section Load'!H22,0)) -> 2550 | H19: =(IF('Section Load'!I22>0,'Section Load'!I22,0)) -> 2725 | I19: =(IF('Section Load'!J22>0,'Section Load'!J22,0)) -> 2492 | J19: =(IF('Section Load'!K22>0,'Section Load'!K22,0)) -> 2635 | K19: =(IF('Section Load'!L22>0,'Section Load'!L22,0)) -> 1107 | L19: =(IF('Section Load'!M22>0,'Section Load'!M22,0)) -> 686 | ... AL19: =(IF('Section Load'!AM22>0,'Section Load'!AM22,0)) -> 0 | AM19: =(IF('Water Report'!$U$7>0,'Water Report'!$U$7,0)) -> 106 | AN19: =(IF('Water Report'!$U$8>0,'Water Report'!$U$8,0)) -> 81 | AO19: =(IF('Water Report'!$U$9>0,'Water Report'!$U$9,0)) -> 127 | AP19: =(IF('Water Report'!$U$10>0,'Water Report'!$U$10,0)) -> 7 | AQ19: =(IF('Water Report'!$U$11>0,'Water Report'!$U$11,0)) -> 25 | AR19: =(IF('Water Report'!$U$13>0,'Water Report'!$U$13,0)) -> 12 | AS19: =(IF('Water Report'!$U$14>0,'Water Report'!$U$14,0)) -> 2 | AT19: =(IF('Water Report'!$U$15>0,'Water Report'!$U$15,0)) -> 14 | AU19: =(IF('Water Report'!$U$17>0,'Water Report'!$U$17,0)) -> 1 | AV19: =(IF('Water Report'!$U$18>0,'Water Report'!$U$18,0)) -> 10 | AW19: =(IF('Water Report'!$U$19>0,'Water Report'!$U$19,0)) -> 15 | AX19: =(IF('Water Report'!$U$21>0,'Water Report'!$U$21,0)) -> 105 | AY19: =(IF('Water Report'!$U$22>0,'Water Report'!$U$22,0)) -> 0 | AZ19: =(IF('Water Report'!$U$23>0,'Water Report'!$U$23,0)) -> 11 | BA19: =(IF('Water Report'!$U$14>0,'Water Report'!$U$14,0)) -> 2 | BB19: =(IF('Water Report'!$U$15>0,'Water Report'!$U$15,0)) -> 14 | BC19: =(IF('Water Report'!$U$13>0,'Water Report'!$U$13,0)) -> 12 | BD19: =(IF('Water Report'!$U$24>0,'Water Report'!$U$24,0)) -> 284 | BE19: =(IF('Water Report'!$U$25>0,'Water Report'!$U$25,0)) -> 175 | BF19: =(IF('Water Report'!$U$27>0,'Water Report'!$U$27,0)) -> 128 | BG19: =(IF('Section Load'!AN22>0,'Section Load'!AN22,0)) -> 1106 | BH19: =(IF('Section Load'!AO22>0,'Section Load'!AO22,0)) -> 283 | BI19: =(IF('Section Load'!AP22>0,'Section Load'!AP22,0)) -> 0 | BJ19: =(IF('Section Load'!AQ22>0,'Section Load'!AQ22,0)) -> 117 | BK19: =(IF('Section Load'!AR22>0,'Section Load'!AR22,0)) -> 53 | BL19: =(IF('Section Load'!AS22>0,'Section Load'!AS22,0)) -> 0 | BM19: =(IF('Section Load'!AT22>0,'Section Load'!AT22,0)) -> 653
A20: Mumbai | B20: =B19+1 -> 19 | C20: 1 | D20: 2023 | E20: =(IF('Section Load'!F23>0,'Section Load'!F23,0)) -> 2808.46 | F20: =(IF('Section Load'!G23>0,'Section Load'!G23,0)) -> 1485.01 | G20: =(IF('Section Load'!H23>0,'Section Load'!H23,0)) -> 2582.67 | H20: =(IF('Section Load'!I23>0,'Section Load'!I23,0)) -> 2754.66 | I20: =(IF('Section Load'!J23>0,'Section Load'!J23,0)) -> 2703.44 | J20: =(IF('Section Load'!K23>0,'Section Load'!K23,0)) -> 2584 | K20: =(IF('Section Load'!L23>0,'Section Load'!L23,0)) -> 1693.8 | L20: =(IF('Section Load'!M23>0,'Section Load'!M23,0)) -> 993.19 | ... AL20: =(IF('Section Load'!AM23>0,'Section Load'!AM23,0)) -> 0 | AM20: =(IF('Water Report'!$V$7>0,'Water Report'!$V$7,0)) -> 106 | AN20: =(IF('Water Report'!$V$8>0,'Water Report'!$V$8,0)) -> 105 | AO20: =(IF('Water Report'!$V$9>0,'Water Report'!$V$9,0)) -> 126 | AP20: =(IF('Water Report'!$V$10>0,'Water Report'!$V$10,0)) -> 8 | AQ20: =(IF('Water Report'!$V$11>0,'Water Report'!$V$11,0)) -> 26 | AR20: =(IF('Water Report'!$V$13>0,'Water Report'!$V$13,0)) -> 34 | AS20: =(IF('Water Report'!$V$14>0,'Water Report'!$V$14,0)) -> 8 | AT20: =(IF('Water Report'!$V$15>0,'Water Report'!$V$15,0)) -> 7 | AU20: =(IF('Water Report'!$V$17>0,'Water Report'!$V$17,0)) -> 2 | AV20: =(IF('Water Report'!$V$18>0,'Water Report'!$V$18,0)) -> 13 | AW20: =(IF('Water Report'!$V$19>0,'Water Report'!$V$19,0)) -> 19 | AX20: =(IF('Water Report'!$V$21>0,'Water Report'!$V$21,0)) -> 98 | AY20: =(IF('Water Report'!$V$22>0,'Water Report'!$V$22,0)) -> 0 | AZ20: =(IF('Water Report'!$V$23>0,'Water Report'!$V$23,0)) -> 0 | BA20: =(IF('Water Report'!$V$14>0,'Water Report'!$V$14,0)) -> 8 | BB20: =(IF('Water Report'!$V$15>0,'Water Report'!$V$15,0)) -> 7 | BC20: =(IF('Water Report'!$V$13>0,'Water Report'!$V$13,0)) -> 34 | BD20: =(IF('Water Report'!$V$24>0,'Water Report'!$V$24,0)) -> 231 | BE20: =(IF('Water Report'!$V$25>0,'Water Report'!$V$25,0)) -> 175 | BF20: =(IF('Water Report'!$V$27>0,'Water Report'!$V$27,0)) -> 132 | BG20: =(IF('Section Load'!AN23>0,'Section Load'!AN23,0)) -> 1171.8 | BH20: =(IF('Section Load'!AO23>0,'Section Load'!AO23,0)) -> 335 | BI20: =(IF('Section Load'!AP23>0,'Section Load'!AP23,0)) -> 0 | BJ20: =(IF('Section Load'!AQ23>0,'Section Load'!AQ23,0)) -> 102.5 | BK20: =(IF('Section Load'!AR23>0,'Section Load'!AR23,0)) -> 52 | BL20: =(IF('Section Load'!AS23>0,'Section Load'!AS23,0)) -> 0 | BM20: =(IF('Section Load'!AT23>0,'Section Load'!AT23,0)) -> 682.3
A21: Mumbai | B21: =B20+1 -> 20 | C21: 1 | D21: 2023 | E21: =(IF('Section Load'!F24>0,'Section Load'!F24,0)) -> 2786.54 | F21: =(IF('Section Load'!G24>0,'Section Load'!G24,0)) -> 1459.99 | G21: =(IF('Section Load'!H24>0,'Section Load'!H24,0)) -> 2619.33 | H21: =(IF('Section Load'!I24>0,'Section Load'!I24,0)) -> 2766.34 | I21: =(IF('Section Load'!J24>0,'Section Load'!J24,0)) -> 2725.19 | J21: =(IF('Section Load'!K24>0,'Section Load'!K24,0)) -> 2679 | K21: =(IF('Section Load'!L24>0,'Section Load'!L24,0)) -> 1490.2 | L21: =(IF('Section Load'!M24>0,'Section Load'!M24,0)) -> 853.81 | ... AL21: =(IF('Section Load'!AM24>0,'Section Load'!AM24,0)) -> 0 | AM21: =(IF('Water Report'!$W$7>0,'Water Report'!$W$7,0)) -> 121 | AN21: =(IF('Water Report'!$W$8>0,'Water Report'!$W$8,0)) -> 94 | AO21: =(IF('Water Report'!$W$9>0,'Water Report'!$W$9,0)) -> 139 | AP21: =(IF('Water Report'!$W$10>0,'Water Report'!$W$10,0)) -> 16 | AQ21: =(IF('Water Report'!$W$11>0,'Water Report'!$W$11,0)) -> 24 | AR21: =(IF('Water Report'!$W$13>0,'Water Report'!$W$13,0)) -> 20 | AS21: =(IF('Water Report'!$W$14>0,'Water Report'!$W$14,0)) -> 6 | AT21: =(IF('Water Report'!$W$15>0,'Water Report'!$W$15,0)) -> 7 | AU21: =(IF('Water Report'!$W$17>0,'Water Report'!$W$17,0)) -> 1 | AV21: =(IF('Water Report'!$W$18>0,'Water Report'!$W$18,0)) -> 12 | AW21: =(IF('Water Report'!$W$19>0,'Water Report'!$W$19,0)) -> 17 | AX21: =(IF('Water Report'!$W$21>0,'Water Report'!$W$21,0)) -> 77 | AY21: =(IF('Water Report'!$W$22>0,'Water Report'!$W$22,0)) -> 0 | AZ21: =(IF('Water Report'!$W$23>0,'Water Report'!$W$23,0)) -> 0 | BA21: =(IF('Water Report'!$W$14>0,'Water Report'!$W$14,0)) -> 6 | BB21: =(IF('Water Report'!$W$15>0,'Water Report'!$W$15,0)) -> 7 | BC21: =(IF('Water Report'!$W$13>0,'Water Report'!$W$13,0)) -> 20 | BD21: =(IF('Water Report'!$W$24>0,'Water Report'!$W$24,0)) -> 276 | BE21: =(IF('Water Report'!$W$25>0,'Water Report'!$W$25,0)) -> 192 | BF21: =(IF('Water Report'!$W$27>0,'Water Report'!$W$27,0)) -> 97 | BG21: =(IF('Section Load'!AN24>0,'Section Load'!AN24,0)) -> 1194.2 | BH21: =(IF('Section Load'!AO24>0,'Section Load'!AO24,0)) -> 329 | BI21: =(IF('Section Load'!AP24>0,'Section Load'!AP24,0)) -> 0 | BJ21: =(IF('Section Load'!AQ24>0,'Section Load'!AQ24,0)) -> 108.5 | BK21: =(IF('Section Load'!AR24>0,'Section Load'!AR24,0)) -> 59 | BL21: =(IF('Section Load'!AS24>0,'Section Load'!AS24,0)) -> 0 | BM21: =(IF('Section Load'!AT24>0,'Section Load'!AT24,0)) -> 697.7
A22: Mumbai | B22: =B21+1 -> 21 | C22: 1 | D22: 2023 | E22: =(IF('Section Load'!F25>0,'Section Load'!F25,0)) -> 2795 | F22: =(IF('Section Load'!G25>0,'Section Load'!G25,0)) -> 1407 | G22: =(IF('Section Load'!H25>0,'Section Load'!H25,0)) -> 2664 | H22: =(IF('Section Load'!I25>0,'Section Load'!I25,0)) -> 2740 | I22: =(IF('Section Load'!J25>0,'Section Load'!J25,0)) -> 2544.86 | J22: =(IF('Section Load'!K25>0,'Section Load'!K25,0)) -> 2637 | K22: =(IF('Section Load'!L25>0,'Section Load'!L25,0)) -> 1159 | L22: =(IF('Section Load'!M25>0,'Section Load'!M25,0)) -> 944 | ... AL22: =(IF('Section Load'!AM25>0,'Section Load'!AM25,0)) -> 0 | AM22: =(IF('Water Report'!$X$7>0,'Water Report'!$X$7,0)) -> 168 | AN22: =(IF('Water Report'!$X$8>0,'Water Report'!$X$8,0)) -> 111 | AO22: =(IF('Water Report'!$X$9>0,'Water Report'!$X$9,0)) -> 149 | AP22: =(IF('Water Report'!$X$10>0,'Water Report'!$X$10,0)) -> 13 | AQ22: =(IF('Water Report'!$X$11>0,'Water Report'!$X$11,0)) -> 24 | AR22: =(IF('Water Report'!$X$13>0,'Water Report'!$X$13,0)) -> 10 | AS22: =(IF('Water Report'!$X$14>0,'Water Report'!$X$14,0)) -> 4 | AT22: =(IF('Water Report'!$X$15>0,'Water Report'!$X$15,0)) -> 8 | AU22: =(IF('Water Report'!$X$17>0,'Water Report'!$X$17,0)) -> 1 | AV22: =(IF('Water Report'!$X$18>0,'Water Report'!$X$18,0)) -> 16 | AW22: =(IF('Water Report'!$X$19>0,'Water Report'!$X$19,0)) -> 23 | AX22: =(IF('Water Report'!$X$21>0,'Water Report'!$X$21,0)) -> 127 | AY22: =(IF('Water Report'!$X$22>0,'Water Report'!$X$22,0)) -> 0 | AZ22: =(IF('Water Report'!$X$23>0,'Water Report'!$X$23,0)) -> 11 | BA22: =(IF('Water Report'!$X$14>0,'Water Report'!$X$14,0)) -> 4 | BB22: =(IF('Water Report'!$X$15>0,'Water Report'!$X$15,0)) -> 8 | BC22: =(IF('Water Report'!$X$13>0,'Water Report'!$X$13,0)) -> 10 | BD22: =(IF('Water Report'!$X$24>0,'Water Report'!$X$24,0)) -> 261 | BE22: =(IF('Water Report'!$X$25>0,'Water Report'!$X$25,0)) -> 198 | BF22: =(IF('Water Report'!$X$27>0,'Water Report'!$X$27,0)) -> 148 | BG22: =(IF('Section Load'!AN25>0,'Section Load'!AN25,0)) -> 1220 | BH22: =(IF('Section Load'!AO25>0,'Section Load'!AO25,0)) -> 324 | BI22: =(IF('Section Load'!AP25>0,'Section Load'!AP25,0)) -> 0 | BJ22: =(IF('Section Load'!AQ25>0,'Section Load'!AQ25,0)) -> 102 | BK22: =(IF('Section Load'!AR25>0,'Section Load'!AR25,0)) -> 65 | BL22: =(IF('Section Load'!AS25>0,'Section Load'!AS25,0)) -> 0 | BM22: =(IF('Section Load'!AT25>0,'Section Load'!AT25,0)) -> 729
A23: Mumbai | B23: =B22+1 -> 22 | C23: 1 | D23: 2023 | E23: =(IF('Section Load'!F26>0,'Section Load'!F26,0)) -> 2756 | F23: =(IF('Section Load'!G26>0,'Section Load'!G26,0)) -> 1477 | G23: =(IF('Section Load'!H26>0,'Section Load'!H26,0)) -> 2557 | H23: =(IF('Section Load'!I26>0,'Section Load'!I26,0)) -> 2680 | I23: =(IF('Section Load'!J26>0,'Section Load'!J26,0)) -> 2007 | J23: =(IF('Section Load'!K26>0,'Section Load'!K26,0)) -> 2638 | K23: =(IF('Section Load'!L26>0,'Section Load'!L26,0)) -> 1059 | L23: =(IF('Section Load'!M26>0,'Section Load'!M26,0)) -> 921 | ... AL23: =(IF('Section Load'!AM26>0,'Section Load'!AM26,0)) -> 0 | AM23: =(IF('Water Report'!$Y$7>0,'Water Report'!$Y$7,0)) -> 160 | AN23: =(IF('Water Report'!$Y$8>0,'Water Report'!$Y$8,0)) -> 123 | AO23: =(IF('Water Report'!$Y$9>0,'Water Report'!$Y$9,0)) -> 141 | AP23: =(IF('Water Report'!$Y$10>0,'Water Report'!$Y$10,0)) -> 57 | AQ23: =(IF('Water Report'!$Y$11>0,'Water Report'!$Y$11,0)) -> 26 | AR23: =(IF('Water Report'!$Y$13>0,'Water Report'!$Y$13,0)) -> 25 | AS23: =(IF('Water Report'!$Y$14>0,'Water Report'!$Y$14,0)) -> 3 | AT23: =(IF('Water Report'!$Y$15>0,'Water Report'!$Y$15,0)) -> 5 | AU23: =(IF('Water Report'!$Y$17>0,'Water Report'!$Y$17,0)) -> 0 | AV23: =(IF('Water Report'!$Y$18>0,'Water Report'!$Y$18,0)) -> 13 | AW23: =(IF('Water Report'!$Y$19>0,'Water Report'!$Y$19,0)) -> 16 | AX23: =(IF('Water Report'!$Y$21>0,'Water Report'!$Y$21,0)) -> 91 | AY23: =(IF('Water Report'!$Y$22>0,'Water Report'!$Y$22,0)) -> 0 | AZ23: =(IF('Water Report'!$Y$23>0,'Water Report'!$Y$23,0)) -> 0 | BA23: =(IF('Water Report'!$Y$14>0,'Water Report'!$Y$14,0)) -> 3 | BB23: =(IF('Water Report'!$Y$15>0,'Water Report'!$Y$15,0)) -> 5 | BC23: =(IF('Water Report'!$Y$13>0,'Water Report'!$Y$13,0)) -> 25 | BD23: =(IF('Water Report'!$Y$24>0,'Water Report'!$Y$24,0)) -> 275 | BE23: =(IF('Water Report'!$Y$25>0,'Water Report'!$Y$25,0)) -> 232 | BF23: =(IF('Water Report'!$Y$27>0,'Water Report'!$Y$27,0)) -> 116 | BG23: =(IF('Section Load'!AN26>0,'Section Load'!AN26,0)) -> 1281 | BH23: =(IF('Section Load'!AO26>0,'Section Load'!AO26,0)) -> 336 | BI23: =(IF('Section Load'!AP26>0,'Section Load'!AP26,0)) -> 0 | BJ23: =(IF('Section Load'!AQ26>0,'Section Load'!AQ26,0)) -> 114 | BK23: =(IF('Section Load'!AR26>0,'Section Load'!AR26,0)) -> 64 | BL23: =(IF('Section Load'!AS26>0,'Section Load'!AS26,0)) -> 0 | BM23: =(IF('Section Load'!AT26>0,'Section Load'!AT26,0)) -> 767
A24: Mumbai | B24: =B23+1 -> 23 | C24: 1 | D24: 2023 | E24: =(IF('Section Load'!F27>0,'Section Load'!F27,0)) -> 2681.58 | F24: =(IF('Section Load'!G27>0,'Section Load'!G27,0)) -> 1518.47 | G24: =(IF('Section Load'!H27>0,'Section Load'!H27,0)) -> 2587.91 | H24: =(IF('Section Load'!I27>0,'Section Load'!I27,0)) -> 2702.67 | I24: =(IF('Section Load'!J27>0,'Section Load'!J27,0)) -> 2704.91 | J24: =(IF('Section Load'!K27>0,'Section Load'!K27,0)) -> 2429.03 | K24: =(IF('Section Load'!L27>0,'Section Load'!L27,0)) -> 1081.11 | L24: =(IF('Section Load'!M27>0,'Section Load'!M27,0)) -> 1190.51 | ... AL24: =(IF('Section Load'!AM27>0,'Section Load'!AM27,0)) -> 0.17 | AM24: =(IF('Water Report'!$Z$7>0,'Water Report'!$Z$7,0)) -> 121.2 | AN24: =(IF('Water Report'!$Z$8>0,'Water Report'!$Z$8,0)) -> 94 | AO24: =(IF('Water Report'!$Z$9>0,'Water Report'!$Z$9,0)) -> 116 | AP24: =(IF('Water Report'!$Z$10>0,'Water Report'!$Z$10,0)) -> 35 | AQ24: =(IF('Water Report'!$Z$11>0,'Water Report'!$Z$11,0)) -> 21 | AR24: =(IF('Water Report'!$Z$13>0,'Water Report'!$Z$13,0)) -> 14 | AS24: =(IF('Water Report'!$Z$14>0,'Water Report'!$Z$14,0)) -> 5 | AT24: =(IF('Water Report'!$Z$15>0,'Water Report'!$Z$15,0)) -> 9 | AU24: =(IF('Water Report'!$Z$17>0,'Water Report'!$Z$17,0)) -> 2 | AV24: =(IF('Water Report'!$Z$18>0,'Water Report'!$Z$18,0)) -> 12 | AW24: =(IF('Water Report'!$Z$19>0,'Water Report'!$Z$19,0)) -> 14 | AX24: =(IF('Water Report'!$Z$21>0,'Water Report'!$Z$21,0)) -> 153 | AY24: =(IF('Water Report'!$Z$22>0,'Water Report'!$Z$22,0)) -> 0 | AZ24: =(IF('Water Report'!$Z$23>0,'Water Report'!$Z$23,0)) -> 0 | BA24: =(IF('Water Report'!$Z$14>0,'Water Report'!$Z$14,0)) -> 5 | BB24: =(IF('Water Report'!$Z$15>0,'Water Report'!$Z$15,0)) -> 9 | BC24: =(IF('Water Report'!$Z$13>0,'Water Report'!$Z$13,0)) -> 14 | BD24: =(IF('Water Report'!$Z$24>0,'Water Report'!$Z$24,0)) -> 275 | BE24: =(IF('Water Report'!$Z$25>0,'Water Report'!$Z$25,0)) -> 186 | BF24: =(IF('Water Report'!$Z$27>0,'Water Report'!$Z$27,0)) -> 167 | BG24: =(IF('Section Load'!AN27>0,'Section Load'!AN27,0)) -> 1201 | BH24: =(IF('Section Load'!AO27>0,'Section Load'!AO27,0)) -> 282.534 | BI24: =(IF('Section Load'!AP27>0,'Section Load'!AP27,0)) -> 0 | BJ24: =(IF('Section Load'!AQ27>0,'Section Load'!AQ27,0)) -> 110 | BK24: =(IF('Section Load'!AR27>0,'Section Load'!AR27,0)) -> 62 | BL24: =(IF('Section Load'!AS27>0,'Section Load'!AS27,0)) -> 0 | BM24: =(IF('Section Load'!AT27>0,'Section Load'!AT27,0)) -> 746.466
A25: Mumbai | B25: =B24+1 -> 24 | C25: 1 | D25: 2023 | E25: =(IF('Section Load'!F28>0,'Section Load'!F28,0)) -> 2548.72 | F25: =(IF('Section Load'!G28>0,'Section Load'!G28,0)) -> 1513.76 | G25: =(IF('Section Load'!H28>0,'Section Load'!H28,0)) -> 4109.59 | H25: =(IF('Section Load'!I28>0,'Section Load'!I28,0)) -> 2635.6 | I25: =(IF('Section Load'!J28>0,'Section Load'!J28,0)) -> 2847.02 | J25: =(IF('Section Load'!K28>0,'Section Load'!K28,0)) -> 2368 | K25: =(IF('Section Load'!L28>0,'Section Load'!L28,0)) -> 1059.2 | L25: =(IF('Section Load'!M28>0,'Section Load'!M28,0)) -> 801.12 | ... AL25: =(IF('Section Load'!AM28>0,'Section Load'!AM28,0)) -> 433 | AM25: =(IF('Water Report'!$AA$7>0,'Water Report'!$AA$7,0)) -> 154.6 | AN25: =(IF('Water Report'!$AA$8>0,'Water Report'!$AA$8,0)) -> 93 | AO25: =(IF('Water Report'!$AA$9>0,'Water Report'!$AA$9,0)) -> 133 | AP25: =(IF('Water Report'!$AA$10>0,'Water Report'!$AA$10,0)) -> 36 | AQ25: =(IF('Water Report'!$AA$11>0,'Water Report'!$AA$11,0)) -> 21 | AR25: =(IF('Water Report'!$AA$13>0,'Water Report'!$AA$13,0)) -> 22 | AS25: =(IF('Water Report'!$AA$14>0,'Water Report'!$AA$14,0)) -> 28 | AT25: =(IF('Water Report'!$AA$15>0,'Water Report'!$AA$15,0)) -> 7 | AU25: =(IF('Water Report'!$AA$17>0,'Water Report'!$AA$17,0)) -> 0 | AV25: =(IF('Water Report'!$AA$18>0,'Water Report'!$AA$18,0)) -> 12 | AW25: =(IF('Water Report'!$AA$19>0,'Water Report'!$AA$19,0)) -> 14 | AX25: =(IF('Water Report'!$AA$21>0,'Water Report'!$AA$21,0)) -> 88 | AY25: =(IF('Water Report'!$AA$22>0,'Water Report'!$AA$22,0)) -> 0 | AZ25: =(IF('Water Report'!$AA$23>0,'Water Report'!$AA$23,0)) -> 11 | BA25: =(IF('Water Report'!$AA$14>0,'Water Report'!$AA$14,0)) -> 28 | BB25: =(IF('Water Report'!$AA$15>0,'Water Report'!$AA$15,0)) -> 7 | BC25: =(IF('Water Report'!$AA$13>0,'Water Report'!$AA$13,0)) -> 22 | BD25: =(IF('Water Report'!$AA$24>0,'Water Report'!$AA$24,0)) -> 298 | BE25: =(IF('Water Report'!$AA$25>0,'Water Report'!$AA$25,0)) -> 225 | BF25: =(IF('Water Report'!$AA$27>0,'Water Report'!$AA$27,0)) -> 121 | BG25: =(IF('Section Load'!AN28>0,'Section Load'!AN28,0)) -> 1139.91 | BH25: =(IF('Section Load'!AO28>0,'Section Load'!AO28,0)) -> 298.466 | BI25: =(IF('Section Load'!AP28>0,'Section Load'!AP28,0)) -> 0 | BJ25: =(IF('Section Load'!AQ28>0,'Section Load'!AQ28,0)) -> 110 | BK25: =(IF('Section Load'!AR28>0,'Section Load'!AR28,0)) -> 41 | BL25: =(IF('Section Load'!AS28>0,'Section Load'!AS28,0)) -> 0 | BM25: =(IF('Section Load'!AT28>0,'Section Load'!AT28,0)) -> 690.444
A26: Mumbai | B26: =B25+1 -> 25 | C26: 1 | D26: 2023 | E26: =(IF('Section Load'!F29>0,'Section Load'!F29,0)) -> 2553.7 | F26: =(IF('Section Load'!G29>0,'Section Load'!G29,0)) -> 1451.77 | G26: =(IF('Section Load'!H29>0,'Section Load'!H29,0)) -> 2635.74 | H26: =(IF('Section Load'!I29>0,'Section Load'!I29,0)) -> 2764.73 | I26: =(IF('Section Load'!J29>0,'Section Load'!J29,0)) -> 2821.45 | J26: =(IF('Section Load'!K29>0,'Section Load'!K29,0)) -> 2369.67 | K26: =(IF('Section Load'!L29>0,'Section Load'!L29,0)) -> 1110.69 | L26: =(IF('Section Load'!M29>0,'Section Load'!M29,0)) -> 905.37 | ... AL26: =(IF('Section Load'!AM29>0,'Section Load'!AM29,0)) -> 489 | AM26: =(IF('Water Report'!$AB$7>0,'Water Report'!$AB$7,0)) -> 126.6 | AN26: =(IF('Water Report'!$AB$8>0,'Water Report'!$AB$8,0)) -> 127 | AO26: =(IF('Water Report'!$AB$9>0,'Water Report'!$AB$9,0)) -> 111 | AP26: =(IF('Water Report'!$AB$10>0,'Water Report'!$AB$10,0)) -> 43 | AQ26: =(IF('Water Report'!$AB$11>0,'Water Report'!$AB$11,0)) -> 19 | AR26: =(IF('Water Report'!$AB$13>0,'Water Report'!$AB$13,0)) -> 14 | AS26: =(IF('Water Report'!$AB$14>0,'Water Report'!$AB$14,0)) -> 4 | AT26: =(IF('Water Report'!$AB$15>0,'Water Report'!$AB$15,0)) -> 5 | AU26: =(IF('Water Report'!$AB$17>0,'Water Report'!$AB$17,0)) -> 4 | AV26: =(IF('Water Report'!$AB$18>0,'Water Report'!$AB$18,0)) -> 10 | AW26: =(IF('Water Report'!$AB$19>0,'Water Report'!$AB$19,0)) -> 15 | AX26: =(IF('Water Report'!$AB$21>0,'Water Report'!$AB$21,0)) -> 132 | AY26: =(IF('Water Report'!$AB$22>0,'Water Report'!$AB$22,0)) -> 0 | AZ26: =(IF('Water Report'!$AB$23>0,'Water Report'!$AB$23,0)) -> 9 | BA26: =(IF('Water Report'!$AB$14>0,'Water Report'!$AB$14,0)) -> 4 | BB26: =(IF('Water Report'!$AB$15>0,'Water Report'!$AB$15,0)) -> 5 | BC26: =(IF('Water Report'!$AB$13>0,'Water Report'!$AB$13,0)) -> 14 | BD26: =(IF('Water Report'!$AB$24>0,'Water Report'!$AB$24,0)) -> 294 | BE26: =(IF('Water Report'!$AB$25>0,'Water Report'!$AB$25,0)) -> 182 | BF26: =(IF('Water Report'!$AB$27>0,'Water Report'!$AB$27,0)) -> 155 | BG26: =(IF('Section Load'!AN29>0,'Section Load'!AN29,0)) -> 1187.89 | BH26: =(IF('Section Load'!AO29>0,'Section Load'!AO29,0)) -> 347.38 | BI26: =(IF('Section Load'!AP29>0,'Section Load'!AP29,0)) -> 0 | BJ26: =(IF('Section Load'!AQ29>0,'Section Load'!AQ29,0)) -> 120 | BK26: =(IF('Section Load'!AR29>0,'Section Load'!AR29,0)) -> 55 | BL26: =(IF('Section Load'!AS29>0,'Section Load'!AS29,0)) -> 0 | BM26: =(IF('Section Load'!AT29>0,'Section Load'!AT29,0)) -> 665.51
A27: Mumbai | B27: =B26+1 -> 26 | C27: 1 | D27: 2023 | E27: =(IF('Section Load'!F30>0,'Section Load'!F30,0)) -> 2561.42 | F27: =(IF('Section Load'!G30>0,'Section Load'!G30,0)) -> 1384.15 | G27: =(IF('Section Load'!H30>0,'Section Load'!H30,0)) -> 2631.7 | H27: =(IF('Section Load'!I30>0,'Section Load'!I30,0)) -> 2594.5 | I27: =(IF('Section Load'!J30>0,'Section Load'!J30,0)) -> 2952.83 | J27: =(IF('Section Load'!K30>0,'Section Load'!K30,0)) -> 2358.57 | K27: =(IF('Section Load'!L30>0,'Section Load'!L30,0)) -> 1073.19 | L27: =(IF('Section Load'!M30>0,'Section Load'!M30,0)) -> 1121.47 | ... AL27: =(IF('Section Load'!AM30>0,'Section Load'!AM30,0)) -> 517 | AM27: =(IF('Water Report'!$AC$7>0,'Water Report'!$AC$7,0)) -> 174.6 | AN27: =(IF('Water Report'!$AC$8>0,'Water Report'!$AC$8,0)) -> 101 | AO27: =(IF('Water Report'!$AC$9>0,'Water Report'!$AC$9,0)) -> 119 | AP27: =(IF('Water Report'!$AC$10>0,'Water Report'!$AC$10,0)) -> 38 | AQ27: =(IF('Water Report'!$AC$11>0,'Water Report'!$AC$11,0)) -> 34 | AR27: =(IF('Water Report'!$AC$13>0,'Water Report'!$AC$13,0)) -> 9 | AS27: =(IF('Water Report'!$AC$14>0,'Water Report'!$AC$14,0)) -> 26 | AT27: =(IF('Water Report'!$AC$15>0,'Water Report'!$AC$15,0)) -> 7 | AU27: =(IF('Water Report'!$AC$17>0,'Water Report'!$AC$17,0)) -> 0 | AV27: =(IF('Water Report'!$AC$18>0,'Water Report'!$AC$18,0)) -> 10 | AW27: =(IF('Water Report'!$AC$19>0,'Water Report'!$AC$19,0)) -> 13 | AX27: =(IF('Water Report'!$AC$21>0,'Water Report'!$AC$21,0)) -> 93 | AY27: =(IF('Water Report'!$AC$22>0,'Water Report'!$AC$22,0)) -> 0 | AZ27: =(IF('Water Report'!$AC$23>0,'Water Report'!$AC$23,0)) -> 0 | BA27: =(IF('Water Report'!$AC$14>0,'Water Report'!$AC$14,0)) -> 26 | BB27: =(IF('Water Report'!$AC$15>0,'Water Report'!$AC$15,0)) -> 7 | BC27: =(IF('Water Report'!$AC$13>0,'Water Report'!$AC$13,0)) -> 9 | BD27: =(IF('Water Report'!$AC$24>0,'Water Report'!$AC$24,0)) -> 311 | BE27: =(IF('Water Report'!$AC$25>0,'Water Report'!$AC$25,0)) -> 224 | BF27: =(IF('Water Report'!$AC$27>0,'Water Report'!$AC$27,0)) -> 102 | BG27: =(IF('Section Load'!AN30>0,'Section Load'!AN30,0)) -> 1156.37 | BH27: =(IF('Section Load'!AO30>0,'Section Load'!AO30,0)) -> 341.62 | BI27: =(IF('Section Load'!AP30>0,'Section Load'!AP30,0)) -> 0 | BJ27: =(IF('Section Load'!AQ30>0,'Section Load'!AQ30,0)) -> 112 | BK27: =(IF('Section Load'!AR30>0,'Section Load'!AR30,0)) -> 52.7 | BL27: =(IF('Section Load'!AS30>0,'Section Load'!AS30,0)) -> 0 | BM27: =(IF('Section Load'!AT30>0,'Section Load'!AT30,0)) -> 650.05
A28: Mumbai | B28: =B27+1 -> 27 | C28: 1 | D28: 2023 | E28: =(IF('Section Load'!F31>0,'Section Load'!F31,0)) -> 0 | F28: =(IF('Section Load'!G31>0,'Section Load'!G31,0)) -> 0 | G28: =(IF('Section Load'!H31>0,'Section Load'!H31,0)) -> 0 | H28: =(IF('Section Load'!I31>0,'Section Load'!I31,0)) -> 0 | I28: =(IF('Section Load'!J31>0,'Section Load'!J31,0)) -> 0 | J28: =(IF('Section Load'!K31>0,'Section Load'!K31,0)) -> 0 | K28: =(IF('Section Load'!L31>0,'Section Load'!L31,0)) -> 0 | L28: =(IF('Section Load'!M31>0,'Section Load'!M31,0)) -> 0 | ... AL28: =(IF('Section Load'!AM31>0,'Section Load'!AM31,0)) -> 0 | AM28: =(IF('Water Report'!$AD$7>0,'Water Report'!$AD$7,0)) -> 0 | AN28: =(IF('Water Report'!$AD$8>0,'Water Report'!$AD$8,0)) -> 0 | AO28: =(IF('Water Report'!$AD$9>0,'Water Report'!$AD$9,0)) -> 0 | AP28: =(IF('Water Report'!$AD$10>0,'Water Report'!AD$10,0)) -> 0 | AQ28: =(IF('Water Report'!$AD$11>0,'Water Report'!AE$11,0)) -> 0 | AR28: =(IF('Water Report'!$AD$13>0,'Water Report'!AF$13,0)) -> 0 | AS28: =(IF('Water Report'!$AD$14>0,'Water Report'!AG$14,0)) -> 0 | AT28: =(IF('Water Report'!$AD$15>0,'Water Report'!AH$15,0)) -> 0 | AU28: =(IF('Water Report'!$AD$17>0,'Water Report'!AI$17,0)) -> 0 | AV28: =(IF('Water Report'!$AD$18>0,'Water Report'!AJ$18,0)) -> 0 | AW28: =(IF('Water Report'!$AD$19>0,'Water Report'!AK$19,0)) -> 0 | AX28: =(IF('Water Report'!$AD$21>0,'Water Report'!AL$21,0)) -> 0 | AY28: =(IF('Water Report'!$AD$22>0,'Water Report'!AM$22,0)) -> 0 | AZ28: =(IF('Water Report'!$AD$23>0,'Water Report'!AN$23,0)) -> 0 | BA28: =(IF('Water Report'!$AD$14>0,'Water Report'!AO$14,0)) -> 0 | BB28: =(IF('Water Report'!$AD$15>0,'Water Report'!AP$15,0)) -> 0 | BC28: =(IF('Water Report'!$AD$13>0,'Water Report'!AQ$13,0)) -> 0 | BD28: =(IF('Water Report'!$AD$24>0,'Water Report'!AR$24,0)) -> 0 | BE28: =(IF('Water Report'!$AD$25>0,'Water Report'!AS$25,0)) -> 0 | BF28: =(IF('Water Report'!$AD$27>0,'Water Report'!AT$27,0)) -> 0 | BG28: =(IF('Section Load'!AN31>0,'Section Load'!AN31,0)) -> 0 | BH28: =(IF('Section Load'!AO31>0,'Section Load'!AO31,0)) -> 0 | BI28: =(IF('Section Load'!AP31>0,'Section Load'!AP31,0)) -> 0 | BJ28: =(IF('Section Load'!AQ31>0,'Section Load'!AQ31,0)) -> 0 | BK28: =(IF('Section Load'!AR31>0,'Section Load'!AR31,0)) -> 0 | BL28: =(IF('Section Load'!AS31>0,'Section Load'!AS31,0)) -> 0 | BM28: =(IF('Section Load'!AT31>0,'Section Load'!AT31,0)) -> 0
A29: Mumbai | B29: =B28+1 -> 28 | C29: 1 | D29: 2023 | E29: =(IF('Section Load'!F32>0,'Section Load'!F32,0)) -> 2854.58 | F29: =(IF('Section Load'!G32>0,'Section Load'!G32,0)) -> 1409.56 | G29: =(IF('Section Load'!H32>0,'Section Load'!H32,0)) -> 2515.01 | H29: =(IF('Section Load'!I32>0,'Section Load'!I32,0)) -> 2685.94 | I29: =(IF('Section Load'!J32>0,'Section Load'!J32,0)) -> 4973.48 | J29: =(IF('Section Load'!K32>0,'Section Load'!K32,0)) -> 2592 | K29: =(IF('Section Load'!L32>0,'Section Load'!L32,0)) -> 1360.69 | L29: =(IF('Section Load'!M32>0,'Section Load'!M32,0)) -> 1102 | ... AL29: =(IF('Section Load'!AM32>0,'Section Load'!AM32,0)) -> 700 | AM29: =(IF('Water Report'!$AE$7>0,'Water Report'!$AE$7,0)) -> 3 | AN29: =(IF('Water Report'!$AE$8>0,'Water Report'!$AE$8,0)) -> 178 | AO29: =(IF('Water Report'!$AE$9>0,'Water Report'!$AE$9,0)) -> 42 | AP29: =(IF('Water Report'!$AE$10>0,'Water Report'!$AE$10,0)) -> 8 | AQ29: =(IF('Water Report'!$AE$11>0,'Water Report'!$AE$11,0)) -> 44 | AR29: =(IF('Water Report'!$AE$13>0,'Water Report'!$AE$13,0)) -> 30 | AS29: =(IF('Water Report'!$AE$14>0,'Water Report'!$AE$14,0)) -> 3 | AT29: =(IF('Water Report'!$AE$15>0,'Water Report'!$AE$15,0)) -> 16 | AU29: =(IF('Water Report'!$AE$17>0,'Water Report'!$AE$17,0)) -> 0 | AV29: =(IF('Water Report'!$AE$18>0,'Water Report'!$AE$18,0)) -> 9 | AW29: =(IF('Water Report'!$AE$19>0,'Water Report'!$AE$19,0)) -> 12 | AX29: =(IF('Water Report'!$AE$21>0,'Water Report'!$AE$21,0)) -> 121 | AY29: =(IF('Water Report'!$AE$22>0,'Water Report'!$AE$22,0)) -> 0 | AZ29: =(IF('Water Report'!$AE$23>0,'Water Report'!$AE$23,0)) -> 2 | BA29: =(IF('Water Report'!$AE$14>0,'Water Report'!$AE$14,0)) -> 3 | BB29: =(IF('Water Report'!$AE$15>0,'Water Report'!$AE$15,0)) -> 16 | BC29: =(IF('Water Report'!$AE$13>0,'Water Report'!$AE$13,0)) -> 30 | BD29: =(IF('Water Report'!$AE$24>0,'Water Report'!$AE$24,0)) -> 308 | BE29: =(IF('Water Report'!$AE$25>0,'Water Report'!$AE$25,0)) -> 113 | BF29: =(IF('Water Report'!$AE$27>0,'Water Report'!$AE$27,0)) -> 153 | BG29: =(IF('Section Load'!AN32>0,'Section Load'!AN32,0)) -> 1167.57 | BH29: =(IF('Section Load'!AO32>0,'Section Load'!AO32,0)) -> 205 | BI29: =(IF('Section Load'!AP32>0,'Section Load'!AP32,0)) -> 0 | BJ29: =(IF('Section Load'!AQ32>0,'Section Load'!AQ32,0)) -> 131 | BK29: =(IF('Section Load'!AR32>0,'Section Load'!AR32,0)) -> 44 | BL29: =(IF('Section Load'!AS32>0,'Section Load'!AS32,0)) -> 0 | BM29: =(IF('Section Load'!AT32>0,'Section Load'!AT32,0)) -> 787.57
A30: Mumbai | B30: =B29+1 -> 29 | C30: 1 | D30: 2023 | E30: =(IF('Section Load'!F33>0,'Section Load'!F33,0)) -> 3224.47 | F30: =(IF('Section Load'!G33>0,'Section Load'!G33,0)) -> 1446.44 | G30: =(IF('Section Load'!H33>0,'Section Load'!H33,0)) -> 2745 | H30: =(IF('Section Load'!I33>0,'Section Load'!I33,0)) -> 2857 | I30: =(IF('Section Load'!J33>0,'Section Load'!J33,0)) -> 5058.18 | J30: =(IF('Section Load'!K33>0,'Section Load'!K33,0)) -> 2596 | K30: =(IF('Section Load'!L33>0,'Section Load'!L33,0)) -> 1528 | L30: =(IF('Section Load'!M33>0,'Section Load'!M33,0)) -> 1275 | ... AL30: =(IF('Section Load'!AM33>0,'Section Load'!AM33,0)) -> 1393 | AM30: =(IF('Water Report'!$AF$7>0,'Water Report'!$AF$7,0)) -> 155 | AN30: =(IF('Water Report'!$AF$8>0,'Water Report'!$AF$8,0)) -> 113 | AO30: =(IF('Water Report'!$AF$9>0,'Water Report'!$AF$9,0)) -> 139 | AP30: =(IF('Water Report'!$AF$10>0,'Water Report'!$AF$10,0)) -> 14 | AQ30: =(IF('Water Report'!$AF$11>0,'Water Report'!$AF$11,0)) -> 26 | AR30: =(IF('Water Report'!$AF$13>0,'Water Report'!$AF$13,0)) -> 27 | AS30: =(IF('Water Report'!$AF$14>0,'Water Report'!$AF$14,0)) -> 6 | AT30: =(IF('Water Report'!$AF$15>0,'Water Report'!$AF$15,0)) -> 6 | AU30: =(IF('Water Report'!$AF$17>0,'Water Report'!$AF$17,0)) -> 0 | AV30: =(IF('Water Report'!$AF$18>0,'Water Report'!$AF$18,0)) -> 14 | AW30: =(IF('Water Report'!$AF$19>0,'Water Report'!$AF$19,0)) -> 8 | AX30: =(IF('Water Report'!$AF$21>0,'Water Report'!$AF$21,0)) -> 138 | AY30: =(IF('Water Report'!$AF$22>0,'Water Report'!$AF$22,0)) -> 0 | AZ30: =(IF('Water Report'!$AF$23>0,'Water Report'!$AF$23,0)) -> 11 | BA30: =(IF('Water Report'!$AF$14>0,'Water Report'!$AF$14,0)) -> 6 | BB30: =(IF('Water Report'!$AF$15>0,'Water Report'!$AF$15,0)) -> 6 | BC30: =(IF('Water Report'!$AF$13>0,'Water Report'!$AF$13,0)) -> 27 | BD30: =(IF('Water Report'!$AF$24>0,'Water Report'!$AF$24,0)) -> 268 | BE30: =(IF('Water Report'!$AF$25>0,'Water Report'!$AF$25,0)) -> 191 | BF30: =(IF('Water Report'!$AF$27>0,'Water Report'!$AF$27,0)) -> 176 | BG30: =(IF('Section Load'!AN33>0,'Section Load'!AN33,0)) -> 1254.99 | BH30: =(IF('Section Load'!AO33>0,'Section Load'!AO33,0)) -> 309 | BI30: =(IF('Section Load'!AP33>0,'Section Load'!AP33,0)) -> 0 | BJ30: =(IF('Section Load'!AQ33>0,'Section Load'!AQ33,0)) -> 119 | BK30: =(IF('Section Load'!AR33>0,'Section Load'!AR33,0)) -> 56 | BL30: =(IF('Section Load'!AS33>0,'Section Load'!AS33,0)) -> 0 | BM30: =(IF('Section Load'!AT33>0,'Section Load'!AT33,0)) -> 770.99
A31: Mumbai | B31: =B30+1 -> 30 | C31: 1 | D31: 2023 | E31: =(IF('Section Load'!F34>0,'Section Load'!F34,0)) -> 3235.53 | F31: =(IF('Section Load'!G34>0,'Section Load'!G34,0)) -> 1447.56 | G31: =(IF('Section Load'!H34>0,'Section Load'!H34,0)) -> 7190 | H31: =(IF('Section Load'!I34>0,'Section Load'!I34,0)) -> 2631.19 | I31: =(IF('Section Load'!J34>0,'Section Load'!J34,0)) -> 4680.82 | J31: =(IF('Section Load'!K34>0,'Section Load'!K34,0)) -> 2488 | K31: =(IF('Section Load'!L34>0,'Section Load'!L34,0)) -> 1238 | L31: =(IF('Section Load'!M34>0,'Section Load'!M34,0)) -> 917 | ... AL31: =(IF('Section Load'!AM34>0,'Section Load'!AM34,0)) -> 216 | AM31: =(IF('Water Report'!$AG$7>0,'Water Report'!$AG$7,0)) -> 140 | AN31: =(IF('Water Report'!$AG$8>0,'Water Report'!$AG$8,0)) -> 115 | AO31: =(IF('Water Report'!$AG$9>0,'Water Report'!$AG$9,0)) -> 127 | AP31: =(IF('Water Report'!$AG$10>0,'Water Report'!$DAG$10,0)) -> 0 | AQ31: =(IF('Water Report'!$AG$11>0,'Water Report'!$DAG$11,0)) -> 0 | AR31: =(IF('Water Report'!$AG$13>0,'Water Report'!$DAG$13,0)) -> 0 | AS31: =(IF('Water Report'!$AG$14>0,'Water Report'!$DAG$14,0)) -> 0 | AT31: =(IF('Water Report'!$AG$15>0,'Water Report'!$DAG$15,0)) -> 0 | AU31: =(IF('Water Report'!$AG$17>0,'Water Report'!$DAG$17,0)) -> 0 | AV31: =(IF('Water Report'!$AG$18>0,'Water Report'!$DAG$18,0)) -> 0 | AW31: =(IF('Water Report'!$AG$19>0,'Water Report'!$DAG$19,0)) -> 0 | AX31: =(IF('Water Report'!$AG$21>0,'Water Report'!$DAG$21,0)) -> 0 | AY31: =(IF('Water Report'!$AG$22>0,'Water Report'!$DAG$22,0)) -> 0 | AZ31: =(IF('Water Report'!$AG$23>0,'Water Report'!$DAG$23,0)) -> 0 | BA31: =(IF('Water Report'!$AG$14>0,'Water Report'!$DAG$14,0)) -> 0 | BB31: =(IF('Water Report'!$AG$15>0,'Water Report'!$DAG$15,0)) -> 0 | BC31: =(IF('Water Report'!$AG$13>0,'Water Report'!$DAG$13,0)) -> 0 | BD31: =(IF('Water Report'!$AG$24>0,'Water Report'!$DAG$24,0)) -> 0 | BE31: =(IF('Water Report'!$AG$25>0,'Water Report'!$DAG$25,0)) -> 0 | BF31: =(IF('Water Report'!$AG$27>0,'Water Report'!$DAG$27,0)) -> 0 | BG31: =(IF('Section Load'!AN34>0,'Section Load'!AN34,0)) -> 1214.29 | BH31: =(IF('Section Load'!AO34>0,'Section Load'!AO34,0)) -> 574 | BI31: =(IF('Section Load'!AP34>0,'Section Load'!AP34,0)) -> 0 | BJ31: =(IF('Section Load'!AQ34>0,'Section Load'!AQ34,0)) -> 112 | BK31: =(IF('Section Load'!AR34>0,'Section Load'!AR34,0)) -> 51 | BL31: =(IF('Section Load'!AS34>0,'Section Load'!AS34,0)) -> 0 | BM31: =(IF('Section Load'!AT34>0,'Section Load'!AT34,0)) -> 477.29
A32: Mumbai | B32: =B31+1 -> 31 | C32: 1 | D32: 2023 | E32: =(IF('Section Load'!F35>0,'Section Load'!F35,0)) -> 3327.14 | F32: =(IF('Section Load'!G35>0,'Section Load'!G35,0)) -> 1379.87 | G32: =(IF('Section Load'!H35>0,'Section Load'!H35,0)) -> 177.35 | H32: =(IF('Section Load'!I35>0,'Section Load'!I35,0)) -> 2837.84 | I32: =(IF('Section Load'!J35>0,'Section Load'!J35,0)) -> 4675.69 | J32: =(IF('Section Load'!K35>0,'Section Load'!K35,0)) -> 2607 | K32: =(IF('Section Load'!L35>0,'Section Load'!L35,0)) -> 1439 | L32: =(IF('Section Load'!M35>0,'Section Load'!M35,0)) -> 1010.9 | ... AL32: =(IF('Section Load'!AM35>0,'Section Load'!AM35,0)) -> 793 | AM32: =(IF('Water Report'!$AH$7>0,'Water Report'!$AH$7,0)) -> 190 | AN32: =(IF('Water Report'!$AH$8>0,'Water Report'!$AH$8,0)) -> 99 | AO32: =(IF('Water Report'!$AH$9>0,'Water Report'!$AH$9,0)) -> 140 | AP32: =(IF('Water Report'!$AH$10>0,'Water Report'!$DAH$10,0)) -> 0 | AQ32: =(IF('Water Report'!$AH$11>0,'Water Report'!$DAH$11,0)) -> 0 | AR32: =(IF('Water Report'!$AH$13>0,'Water Report'!$DAH$13,0)) -> 0 | AS32: =(IF('Water Report'!$AH$14>0,'Water Report'!$DAH$14,0)) -> 0 | AT32: =(IF('Water Report'!$AH$15>0,'Water Report'!$DAH$15,0)) -> 0 | AU32: =(IF('Water Report'!$AH$17>0,'Water Report'!$DAH$17,0)) -> 0 | AV32: =(IF('Water Report'!$AH$18>0,'Water Report'!$DAH$18,0)) -> 0 | AW32: =(IF('Water Report'!$AH$19>0,'Water Report'!$DAH$19,0)) -> 0 | AX32: =(IF('Water Report'!$AH$21>0,'Water Report'!$DAH$21,0)) -> 0 | AY32: =(IF('Water Report'!$AH$22>0,'Water Report'!$DAH$22,0)) -> 0 | AZ32: =(IF('Water Report'!$AH$23>0,'Water Report'!$DAH$23,0)) -> 0 | BA32: =(IF('Water Report'!$AH$14>0,'Water Report'!$DAH$14,0)) -> 0 | BB32: =(IF('Water Report'!$AH$15>0,'Water Report'!$DAH$15,0)) -> 0 | BC32: =(IF('Water Report'!$AH$13>0,'Water Report'!$DAH$13,0)) -> 0 | BD32: =(IF('Water Report'!$AH$24>0,'Water Report'!$DAH$24,0)) -> 0 | BE32: =(IF('Water Report'!$AH$25>0,'Water Report'!$DAH$25,0)) -> 0 | BF32: =(IF('Water Report'!$AH$27>0,'Water Report'!$DAH$27,0)) -> 0 | BG32: =(IF('Section Load'!AN35>0,'Section Load'!AN35,0)) -> 1090.358 | BH32: =(IF('Section Load'!AO35>0,'Section Load'!AO35,0)) -> 302 | BI32: =(IF('Section Load'!AP35>0,'Section Load'!AP35,0)) -> 0 | BJ32: =(IF('Section Load'!AQ35>0,'Section Load'!AQ35,0)) -> 105 | BK32: =(IF('Section Load'!AR35>0,'Section Load'!AR35,0)) -> 59 | BL32: =(IF('Section Load'!AS35>0,'Section Load'!AS35,0)) -> 0 | BM32: =(IF('Section Load'!AT35>0,'Section Load'!AT35,0)) -> 624.358

Sheet Daily HLP
A2: Date | B2: Date | C2: Min.Tem (Degee) | D2: Avg.Temp (Degree) | E2: Hum % | F2: Occu. | H2: Electricity | L2: Gas | O2: Water | R2: Water per occiped room | S2: Diesel | V2: Water Consumption Zone | Z2: Chiller Running Hrs | AE2: Chiller Total | AF2: Chiller Avg. Laod | AG2: Boiler Running Hrs | AJ2: Total boiler | AK2: Hot Water Generator | AN2: Total HWG RH | AO2: HWG Gas consumption | AP2: Transformer -1 | AZ2: Transformer -2 | BN2: Total HLP Cost | BP2: Chiller lock at 70%
F3: % | G3: KwH | H3: Units (Kvah) | I3: Rate | J3: Total Cost(Rs) | K3: Per room | L3: Total Units(CuM) | M3: Rate | N3: Total Cost(Rs) | O3: Units(KL) | P3: Rate | Q3: Total Cost(Rs) | S3: Ltrs | T3: Rate | U3: Total Cost(Rs) | V3: Zone-1 | W3: Zone-2 | X3: Zone-3 | Z3: CH1 | AA3: CH2 | AB3: CH3 | AC3: CH4 | AD3: Total chiller | AG3: Boiler1 | AH3: Boiler2 | AI3: Boiler3 | AK3: HWG1 | AL3: HWG2 | AP3: HVAC-1 | AQ3: FPP-1 | AR3: MPP | AS3: Lighting-1 | AT3: Cap bank 1100KVAR-1 | AU3: CH-1 | AV3: CH-2 | AW3: Chilled water Pump | AX3: Co Generator | AY3: Ball Room-2 | AZ3: HVAC-2 | BA3: FPP-2 | BB3: MPP | BC3: Lighting-2 | BD3: Cap bank 1200KVAR-2 | BE3: CH-3 | BF3: CH-4 | BG3: Chilled water Pump | BH3: Ball Room-1 | BJ3: Cooling Tower consumption | BK3: HVAC% | BL3: Lighting% | BM3: Power% | BO3: Chiller Plant IKW
A4: 1 | B4: 1 | D4: ='1'!D3 -> 26 | E4: ='1'!D4 -> 0.78 | F4: ='1'!D2 -> 0.92 | G4: ='1'!G7 -> 20405 | H4: ='1'!G8 -> 21364 | I4: 9 | J4: =H4*I4 -> 192276 | K4: =H4/202 -> 105.76238 | L4: ='1'!G15 -> 1177.142 | M4: 56.2 | N4: =L4*M4 -> 66155.38 | O4: ='1'!G20 -> 278 | P4: 108 | Q4: =O4*P4 -> 30024 | R4: =O4/(F4*202/100) -> 149.59105 | S4: ='1'!G24 -> 0 | T4: 69 | U4: =S4*T4 -> 0 | V4: ='1'!G65 -> 127 | W4: ='1'!G66 -> 12 | X4: ='1'!G67 -> 32 | Y4: =V4+W4+X4 -> 171 | Z4: ='1'!G84 -> 0 | AA4: ='1'!G85 -> 23.85 | AB4: ='1'!G86 -> 0 | AC4: ='1'!G87 -> 0 | AD4: =Z4+AA4+AB4+AC4 -> 23.85 | AE4: =AU4+AV4+BE4+BF4 -> 4210.54 | AF4: =AE4/AD4 -> 176.54256 | AG4: ='1'!G88 -> 0.06 | AH4: ='1'!G89 -> 12 | AI4: ='1'!G90 -> 13.7 | AJ4: =AG4+AH4+AI4 -> 25.76 | AK4: ='1'!G91 -> 0 | AL4: ='1'!G92 -> 11.36 | AN4: =AK4+AL4 -> 11.36 | AO4: ='1'!G74 -> 316 | AP4: ='1'!G35 -> 2959.36 | AQ4: ='1'!G37 -> 1429.96 | AR4: ='1'!G38 -> 420.88 | AS4: ='1'!G39 -> 2801.99 | AT4: ='1'!G40 -> 471.46 | AU4: ='1'!G41 -> -0.01 | AV4: ='1'!G42 -> 4033.76 | AW4: ='1'!G43 -> 0 | AX4: ='1'!G44 -> 0 | AY4: ='1'!G36 -> 947.57 | AZ4: ='1'!G49 -> 505.65 | BA4: ='1'!G51 -> 0.44 | BB4: ='1'!G52 -> -0.24 | BC4: ='1'!G53 -> 0 | BD4: ='1'!G54 -> 361.82 | BE4: ='1'!G55 -> 0 | BF4: ='1'!G56 -> 176.79 | BG4: ='1'!G57 -> 2505.35 | BH4: ='1'!G50 -> 1374.79 | BI4: =SUM(AU4,AV4,BE4,BF4) -> 4210.54 | BJ4: ='1'!G133 -> 761 | BK4: =SUM(AP4,AU4,AV4,AW4,AZ4,BE4,BF4,BG4)/H4% -> 47.654465 | BL4: =SUM(AS4,BC4)/H4% -> 13.115475 | BM4: =(AR4+BB4)/H4 -> 0.019689197 | BN4: =J4+N4+Q4+U4 -> 288455.38 | BO4: =SUM(AU4,AV4,AW4,BE4,BF4,BG4,BJ4) -> 7476.89 | BP4: =BO4/(AD4*280) -> 1.1196301 | BQ4: =SUM(AU4,AV4,BE4,BF4)/(AD4*400) -> 0.44135639
A5: 2 | B5: 2 | D5: ='2'!D3 -> 28 | E5: ='2'!D4 -> 0.79 | F5: ='2'!D2 -> 0.46 | G5: ='2'!G7 -> 19914 | H5: ='2'!G8 -> 20873 | I5: 9 | J5: =H5*I5 -> 187857 | K5: =H5/202 -> 103.33168 | L5: ='2'!G15 -> 1199.5 | M5: 56.2 | N5: =L5*M5 -> 67411.9 | O5: ='2'!G20 -> 278 | P5: 108 | Q5: =O5*P5 -> 30024 | R5: =O5/(F5*202/100) -> 299.18209 | S5: ='2'!G24 -> 0 | T5: 69 | U5: =S5*T5 -> 0 | V5: ='2'!F65 -> 472281 | W5: ='2'!G66 -> 13 | X5: ='2'!G67 -> 22 | Y5: =V5+W5+X5 -> 472316 | Z5: ='2'!G84 -> 0 | AA5: ='2'!G85 -> 24.2 | AB5: ='2'!G86 -> 0 | AC5: ='2'!G87 -> 0 | AD5: =Z5+AA5+AB5+AC5 -> 24.2 | AE5: =AU5+AV5+BE5+BF5 -> 4203.27 | AF5: =AE5/AD5 -> 173.68884 | AG5: ='2'!G88 -> 3.86 | AH5: ='2'!G89 -> 17.6 | AI5: ='2'!G90 -> 12.63 | AJ5: =AG5+AH5+AI5 -> 34.09 | AK5: ='2'!G91 -> 0 | AL5: ='2'!G92 -> 9.93 | AN5: =AK5+AL5 -> 9.93 | AO5: ='2'!G74 -> 359.82 | AP5: ='2'!G35 -> 2538.88 | AQ5: ='2'!G37 -> 1463.88 | AR5: ='2'!G38 -> 2497.28 | AS5: ='2'!G39 -> 2851.56 | AT5: ='2'!G40 -> 693.62 | AU5: ='2'!G41 -> 0.01 | AV5: ='2'!G42 -> 4202.56 | AW5: ='2'!G43 -> 0 | AX5: ='2'!G44 -> 0 | AY5: ='2'!G36 -> 989.76 | AZ5: ='2'!G49 -> 514.24 | BA5: ='2'!G51 -> 0.05 | BB5: ='2'!G52 -> 0 | BC5: ='2'!G53 -> 0 | BD5: ='2'!G54 -> 364.37 | BE5: ='2'!G55 -> 0 | BF5: ='2'!G56 -> 0.7 | BG5: ='2'!G57 -> 2410.08 | BH5: ='2'!G50 -> 1219.72 | BI5: =SUM(AU5,AV5,BE5,BF5) -> 4203.27 | BJ5: ='2'!G133 -> 694 | BK5: =SUM(AP5,AU5,AV5,AW5,AZ5,BE5,BF5,BG5)/H5% -> 46.31088 | BL5: =SUM(AS5,BC5)/H5% -> 13.661477 | BM5: =(AR5+BB5)/H5 -> 0.11964164 | BN5: =J5+N5+Q5+U5 -> 285292.9 | BO5: =SUM(AU5,AV5,AW5,BE5,BF5,BG5,BJ5) -> 7307.35 | BP5: =BO5/(AD5*280) -> 1.0784165
A6: 3 | B6: 3 | D6: ='3'!D3 -> 28 | E6: ='3'!D4 -> 0.9 | F6: ='3'!D2 -> 0.8 | G6: ='3'!G7 -> 21700.8 | H6: ='3'!G8 -> 21837 | I6: 9 | J6: =H6*I6 -> 196533 | K6: =H6/202 -> 108.10396 | L6: ='3'!G15 -> 1202 | M6: 56.2 | N6: =L6*M6 -> 67552.4 | O6: ='3'!G20 -> 322 | P6: 108 | Q6: =O6*P6 -> 34776 | R6: =O6/(F6*202/100) -> 199.25743 | S6: ='3'!G24 -> 0 | T6: 69 | U6: =S6*T6 -> 0 | V6: ='3'!G65 -> 125 | W6: ='3'!G66 -> 12 | X6: ='3'!G67 -> 25 | Y6: =V6+W6+X6 -> 162 | Z6: ='3'!G84 -> 0 | AA6: ='3'!G85 -> 23.5 | AB6: ='3'!G86 -> 0 | AC6: ='3'!G87 -> 0 | AD6: =Z6+AA6+AB6+AC6 -> 23.5 | AE6: =AU6+AV6+BE6+BF6 -> 4668.11 | AF6: =AE6/AD6 -> 198.64298 | AG6: ='3'!G88 -> 2.98 | AH6: ='3'!G89 -> 10.4 | AI6: ='3'!G90 -> 11.29 | AJ6: =AG6+AH6+AI6 -> 24.67 | AK6: ='3'!G91 -> 0 | AL6: ='3'!G92 -> 13.66 | AN6: =AK6+AL6 -> 13.66 | AO6: ='3'!G74 -> 296.94 | AP6: ='3'!G35 -> 2965.77 | AQ6: ='3'!G37 -> 1407.92 | AR6: ='3'!G38 -> 2529.36 | AS6: ='3'!G39 -> 2805.52 | AT6: ='3'!G40 -> 448.56 | AU6: ='3'!G41 -> -0.41 | AV6: ='3'!G42 -> 4669.11 | AW6: ='3'!G43 -> 0 | AX6: ='3'!G44 -> 0 | AY6: ='3'!G36 -> 938.44 | AZ6: ='3'!G49 -> 522.11 | BA6: ='3'!G51 -> -0.05 | BB6: ='3'!G52 -> -0.01 | BC6: ='3'!G53 -> -0.03 | BD6: ='3'!G54 -> 239.79 | BE6: ='3'!G55 -> 0 | BF6: ='3'!G56 -> -0.59 | BG6: ='3'!G57 -> 2365.68 | BH6: ='3'!G50 -> 1788.39 | BI6: =SUM(AU6,AV6,BE6,BF6) -> 4668.11 | BJ6: ='3'!G133 -> -645954.83 | BK6: =SUM(AP6,AU6,AV6,AW6,AZ6,BE6,BF6,BG6)/H6% -> 48.182763 | BL6: =SUM(AS6,BC6)/H6% -> 12.847415 | BM6: =(AR6+BB6)/H6 -> 0.11582864 | BN6: =J6+N6+Q6+U6 -> 298861.4 | BO6: =SUM(AU6,AV6,AW6,BE6,BF6,BG6,BJ6) -> -638921.04 | BP6: =BO6/(AD6*280) -> -97.100462
A7: 4 | B7: 4 | D7: ='4'!D3 -> 29 | E7: ='4'!D4 -> 0.9 | F7: ='4'!D2 -> 1 | G7: ='4'!G7 -> 21026.2 | H7: ='4'!G8 -> 21196 | I7: 9 | J7: =H7*I7 -> 190764 | K7: =H7/202 -> 104.93069 | L7: ='4'!G15 -> 1072 | M7: 56.2 | N7: =L7*M7 -> 60246.4 | O7: ='4'!G20 -> 267 | P7: 108 | Q7: =O7*P7 -> 28836 | R7: =O7/(F7*202/100) -> 132.17822 | S7: ='4'!G24 -> 0 | T7: 69 | U7: =S7*T7 -> 0 | V7: ='4'!G65 -> 102 | W7: ='4'!G66 -> 19 | X7: ='4'!G67 -> 19 | Y7: =V7+W7+X7 -> 140 | Z7: ='4'!G84 -> 0 | AA7: ='4'!G85 -> 24 | AB7: ='4'!G86 -> 0 | AC7: ='4'!G87 -> 0 | AD7: =Z7+AA7+AB7+AC7 -> 24 | AE7: =AU7+AV7+BE7+BF7 -> 4497.06 | AF7: =AE7/AD7 -> 187.3775 | AG7: ='4'!G88 -> 0 | AH7: ='4'!G89 -> 10.08 | AI7: ='4'!G90 -> 10.8 | AJ7: =AG7+AH7+AI7 -> 20.88 | AK7: ='4'!G91 -> 0 | AL7: ='4'!G92 -> 10.36 | AN7: =AK7+AL7 -> 10.36 | AO7: ='4'!G74 -> 303.24 | AP7: ='4'!G35 -> 2307 | AQ7: ='4'!G37 -> 1417.37 | AR7: ='4'!G38 -> 2404.13 | AS7: ='4'!G39 -> 2869.93 | AT7: ='4'!G40 -> 188.01 | AU7: ='4'!G41 -> -0.1 | AV7: ='4'!G42 -> 4497.9 | AW7: ='4'!G43 -> 0 | AX7: ='4'!G44 -> 0 | AY7: ='4'!G36 -> 750.43 | AZ7: ='4'!G49 -> 507.85 | BA7: ='4'!G51 -> -0.44 | BB7: ='4'!G52 -> 0 | BC7: ='4'!G53 -> 0 | BD7: ='4'!G54 -> 479.34 | BE7: ='4'!G55 -> -0.63 | BF7: ='4'!G56 -> -0.11 | BG7: ='4'!G57 -> 2309.89 | BH7: ='4'!G50 -> 1602.1 | BI7: =SUM(AU7,AV7,BE7,BF7) -> 4497.06 | BJ7: ='3'!G133 -> -645954.83 | BK7: =SUM(AP7,AU7,AV7,AW7,AZ7,BE7,BF7,BG7)/H7% -> 45.394414 | BL7: =SUM(AS7,BC7)/H7% -> 13.53996 | BM7: =(AR7+BB7)/H7 -> 0.11342376 | BN7: =J7+N7+Q7+U7 -> 279846.4 | BO7: =SUM(AU7,AV7,AW7,BE7,BF7,BG7,BJ7) -> -639147.88 | BP7: =BO7/(AD7*280) -> -95.111292
A8: 5 | B8: 5 | D8: ='5'!D3 -> 29 | E8: ='5'!D4 -> 0.7 | F8: ='5'!D2 -> 0.81 | G8: ='5'!G7 -> 20923 | H8: ='5'!G8 -> 21078 | I8: 9 | J8: =H8*I8 -> 189702 | K8: =H8/202 -> 104.34653 | L8: ='5'!G15 -> 1031 | M8: 56.2 | N8: =L8*M8 -> 57942.2 | O8: ='5'!G20 -> 183 | P8: 108 | Q8: =O8*P8 -> 19764 | R8: =O8/(F8*202/100) -> 111.84452 | S8: ='5'!G24 -> 0 | T8: 69 | U8: =S8*T8 -> 0 | V8: ='5'!G65 -> 118 | W8: ='5'!G66 -> 13 | X8: ='5'!G67 -> 24 | Y8: =V8+W8+X8 -> 155 | Z8: ='5'!G84 -> 0 | AA8: ='5'!G85 -> 24.48 | AB8: ='5'!G86 -> 0 | AC8: ='5'!G87 -> 0 | AD8: =Z8+AA8+AB8+AC8 -> 24.48 | AE8: =AU8+AV8+BE8+BF8 -> 4539.2 | AF8: =AE8/AD8 -> 185.42484 | AG8: ='5'!G88 -> 0.5 | AH8: ='5'!G89 -> 9.53 | AI8: ='5'!G90 -> 10.4 | AJ8: =AG8+AH8+AI8 -> 20.43 | AK8: ='5'!G91 -> -0.21 | AL8: ='5'!G92 -> 12 | AN8: =AK8+AL8 -> 11.79 | AO8: ='5'!G74 -> 303 | AP8: ='5'!G35 -> 2575 | AQ8: ='5'!G37 -> 1489 | AR8: ='5'!G38 -> 2509 | AS8: ='5'!G39 -> 2895 | AT8: ='5'!G40 -> 198 | AU8: ='5'!G41 -> 0 | AV8: ='5'!G42 -> 4539.2 | AW8: ='5'!G43 -> 0 | AX8: ='5'!G44 -> 0 | AY8: ='5'!G36 -> 820.9 | AZ8: ='5'!G49 -> 492 | BA8: ='5'!G51 -> 0 | BB8: ='5'!G52 -> 0.01 | BC8: ='5'!G53 -> 0 | BD8: ='5'!G54 -> 363.55 | BE8: ='5'!G55 -> 0 | BF8: ='5'!G56 -> 0 | BG8: ='5'!G57 -> 2309 | BH8: ='5'!G50 -> 1163 | BI8: =SUM(AU8,AV8,BE8,BF8) -> 4539.2 | BJ8: ='5'!G133 -> -0.17 | BK8: =SUM(AP8,AU8,AV8,AW8,AZ8,BE8,BF8,BG8)/H8% -> 47.040516 | BL8: =SUM(AS8,BC8)/H8% -> 13.7347 | BM8: =(AR8+BB8)/H8 -> 0.11903454 | BN8: =J8+N8+Q8+U8 -> 267408.2 | BO8: =SUM(AU8,AV8,AW8,BE8,BF8,BG8,BJ8) -> 6848.03 | BP8: =BO8/(AD8*280) -> 0.99907067
A9: 6 | B9: 6 | D9: ='6'!D3 -> 25 | E9: ='6'!D4 -> 0.78 | F9: ='6'!D2 -> 0.8 | G9: ='6'!G7 -> 20388 | H9: ='6'!G8 -> 20586 | I9: 9 | J9: =H9*I9 -> 185274 | K9: =H9/202 -> 101.91089 | L9: ='6'!G15 -> 1061 | M9: 56.2 | N9: =L9*M9 -> 59628.2 | O9: ='6'!G20 -> 306 | P9: 108 | Q9: =O9*P9 -> 33048 | R9: =O9/(F9*202/100) -> 189.35644 | S9: ='6'!G24 -> 0 | T9: 69 | U9: =S9*T9 -> 0 | V9: ='6'!G65 -> 146 | W9: ='6'!G66 -> 16 | X9: ='6'!G67 -> 30 | Y9: =V9+W9+X9 -> 192 | Z9: ='6'!G84 -> 0 | AA9: ='6'!G85 -> 23.52 | AB9: ='6'!G86 -> 0 | AC9: ='6'!G87 -> 0 | AD9: =Z9+AA9+AB9+AC9 -> 23.52 | AE9: =AU9+AV9+BE9+BF9 -> 4307 | AF9: =AE9/AD9 -> 183.12075 | AG9: ='6'!G88 -> 4 | AH9: ='6'!G89 -> 7 | AI9: ='6'!G90 -> 11 | AJ9: =AG9+AH9+AI9 -> 22 | AK9: ='6'!G91 -> 0 | AL9: ='6'!G92 -> 11 | AN9: =AK9+AL9 -> 11 | AO9: ='6'!G74 -> 307 | AP9: ='6'!G35 -> 2414 | AQ9: ='6'!G37 -> 1465 | AR9: ='6'!G38 -> 2505 | AS9: ='6'!G39 -> 2773 | AT9: ='6'!G40 -> 197 | AU9: ='6'!G41 -> 0 | AV9: ='6'!G42 -> 4307 | AW9: ='6'!G43 -> 0 | AX9: ='6'!G44 -> 0 | AY9: ='6'!G36 -> 849 | AZ9: ='6'!G49 -> 521 | BA9: ='6'!G51 -> 0 | BB9: ='6'!G52 -> 0 | BC9: ='6'!G53 -> 0 | BD9: ='6'!G54 -> 350 | BE9: ='6'!G55 -> 0 | BF9: ='6'!G56 -> 0 | BG9: ='6'!G57 -> 2270 | BH9: ='6'!G50 -> 1228 | BI9: =SUM(AU9,AV9,BE9,BF9) -> 4307 | BJ9: ='6'!G133 -> 0 | BK9: =SUM(AP9,AU9,AV9,AW9,AZ9,BE9,BF9,BG9)/H9% -> 46.20616 | BL9: =SUM(AS9,BC9)/H9% -> 13.47032 | BM9: =(AR9+BB9)/H9 -> 0.12168464 | BN9: =J9+N9+Q9+U9 -> 277950.2 | BO9: =SUM(AU9,AV9,AW9,BE9,BF9,BG9,BJ9) -> 6577 | BP9: =BO9/(AD9*280) -> 0.99869412
A10: 7 | B10: 7 | D10: ='7'!D3 -> 28 | E10: ='7'!D4 -> 0.78 | F10: ='7'!D2 -> 0.84 | G10: ='7'!G7 -> 21411 | H10: ='7'!G8 -> 21581 | I10: 9 | J10: =H10*I10 -> 194229 | K10: =H10/202 -> 106.83663 | L10: ='7'!G15 -> 1141 | M10: 56.2 | N10: =L10*M10 -> 64124.2 | O10: ='7'!G20 -> 224 | P10: 108 | Q10: =O10*P10 -> 24192 | R10: =O10/(F10*202/100) -> 132.0132 | S10: ='7'!G24 -> 0 | T10: 69 | U10: =S10*T10 -> 0 | V10: ='7'!G65 -> 123 | W10: ='7'!G66 -> 20 | X10: ='7'!G67 -> 20 | Y10: =V10+W10+X10 -> 163 | Z10: ='7'!G84 -> 0 | AA10: ='7'!G85 -> 24 | AB10: ='7'!G86 -> 0 | AC10: ='7'!G87 -> 0 | AD10: =Z10+AA10+AB10+AC10 -> 24 | AE10: =AU10+AV10+BE10+BF10 -> 4797 | AF10: =AE10/AD10 -> 199.875 | AG10: ='7'!G88 -> 2 | AH10: ='7'!G89 -> 10 | AI10: ='7'!G90 -> 11 | AJ10: =AG10+AH10+AI10 -> 23 | AK10: ='7'!G91 -> 0 | AL10: ='7'!G92 -> 10.76 | AN10: =AK10+AL10 -> 10.76 | AO10: ='7'!G74 -> 307 | AP10: ='7'!G35 -> 2461 | AQ10: ='7'!G37 -> 1528 | AR10: ='7'!G38 -> 2485 | AS10: ='7'!G39 -> 2864 | AT10: ='7'!G40 -> 231 | AU10: ='7'!G41 -> 0 | AV10: ='7'!G42 -> 4797 | AW10: ='7'!G43 -> 0 | AX10: ='7'!G44 -> 0 | AY10: ='7'!G36 -> 1091 | AZ10: ='7'!G49 -> 521 | BA10: ='7'!G51 -> 0 | BB10: ='7'!G52 -> 0 | BC10: ='7'!G53 -> 0 | BD10: ='7'!G54 -> 319 | BE10: ='7'!G55 -> 0 | BF10: ='7'!G56 -> 0 | BG10: ='7'!G57 -> 2251 | BH10: ='7'!G50 -> 1307 | BI10: =SUM(AU10,AV10,BE10,BF10) -> 4797 | BJ10: ='7'!G133 -> 0 | BK10: =SUM(AP10,AU10,AV10,AW10,AZ10,BE10,BF10,BG10)/H10% -> 46.476067 | BL10: =SUM(AS10,BC10)/H10% -> 13.270933 | BM10: =(AR10+BB10)/H10 -> 0.11514758 | BN10: =J10+N10+Q10+U10 -> 282545.2 | BO10: =SUM(AU10,AV10,AW10,BE10,BF10,BG10,BJ10) -> 7048 | BP10: =BO10/(AD10*280) -> 1.0488095
A11: 8 | B11: 8 | D11: ='8'!D3 -> 26 | E11: ='8'!D4 -> 0.78 | F11: ='8'!D2 -> 0.74 | G11: ='8'!G7 -> 21381 | H11: ='8'!G8 -> 21598 | I11: 9 | J11: =H11*I11 -> 194382 | K11: =H11/202 -> 106.92079 | L11: ='8'!G15 -> 1112 | M11: 56.2 | N11: =L11*M11 -> 62494.4 | O11: ='8'!G20 -> 297 | P11: 108 | Q11: =O11*P11 -> 32076 | R11: =O11/(F11*202/100) -> 198.68879 | S11: ='8'!G24 -> 0 | T11: 69 | U11: =S11*T11 -> 0 | V11: ='8'!G65 -> 115 | W11: ='8'!G66 -> 441 | X11: ='8'!G67 -> 23 | Y11: =V11+W11+X11 -> 579 | Z11: ='8'!G84 -> 0 | AA11: ='8'!G85 -> 24 | AB11: ='8'!G86 -> 0 | AC11: ='8'!G87 -> 0 | AD11: =Z11+AA11+AB11+AC11 -> 24 | AE11: =AU11+AV11+BE11+BF11 -> 4796 | AF11: =AE11/AD11 -> 199.83333 | AG11: ='8'!G88 -> 4 | AH11: ='8'!G89 -> 12 | AI11: ='8'!G90 -> 6.44 | AJ11: =AG11+AH11+AI11 -> 22.44 | AK11: ='8'!G91 -> 0 | AL11: ='8'!G92 -> 11.24 | AN11: =AK11+AL11 -> 11.24 | AO11: ='8'!G74 -> 299 | AP11: ='8'!G35 -> 2488 | AQ11: ='8'!G37 -> 1552 | AR11: ='8'!G38 -> 2595 | AS11: ='8'!G39 -> 2814 | AT11: ='8'!G40 -> 66 | AU11: ='8'!G41 -> 0 | AV11: ='8'!G42 -> 4796 | AW11: ='8'!G43 -> 0 | AX11: ='8'!G44 -> 0 | AY11: ='8'!G36 -> 719 | AZ11: ='8'!G49 -> 523 | BA11: ='8'!G51 -> 0 | BB11: ='8'!G52 -> 0 | BC11: ='8'!G53 -> 0 | BD11: ='8'!G54 -> 325 | BE11: ='8'!G55 -> 0 | BF11: ='8'!G56 -> 0 | BG11: ='8'!G57 -> 2385 | BH11: ='8'!G50 -> 1432 | BI11: =SUM(AU11,AV11,BE11,BF11) -> 4796 | BJ11: ='8'!G133 -> 0 | BK11: =SUM(AP11,AU11,AV11,AW11,AZ11,BE11,BF11,BG11)/H11% -> 47.189555 | BL11: =SUM(AS11,BC11)/H11% -> 13.028984 | BM11: =(AR11+BB11)/H11 -> 0.12015001 | BN11: =J11+N11+Q11+U11 -> 288952.4 | BO11: =SUM(AU11,AV11,AW11,BE11,BF11,BG11,BJ11) -> 7181 | BP11: =BO11/(AD11*280) -> 1.0686012
A12: 9 | B12: 9 | D12: ='9'!D3 -> 32 | E12: ='9'!D4 -> 0.7 | F12: ='9'!D2 -> 0.49 | G12: ='9'!G7 -> 20295 | H12: ='9'!G8 -> 20473 | I12: 9 | J12: =H12*I12 -> 184257 | K12: =H12/202 -> 101.35149 | L12: ='9'!G15 -> 1155 | M12: 56.2 | N12: =L12*M12 -> 64911 | O12: ='9'!G20 -> 243 | P12: 108 | Q12: =O12*P12 -> 26244 | R12: =O12/(F12*202/100) -> 245.50414 | S12: ='9'!G24 -> 0 | T12: 69 | U12: =S12*T12 -> 0 | V12: ='9'!G65 -> 135 | W12: ='9'!G66 -> 475 | X12: ='9'!G67 -> 23 | Y12: =V12+W12+X12 -> 633 | Z12: ='9'!G84 -> 0 | AA12: ='9'!G85 -> 24.4 | AB12: ='9'!G86 -> 0 | AC12: ='9'!G87 -> 0 | AD12: =Z12+AA12+AB12+AC12 -> 24.4 | AE12: =AU12+AV12+BE12+BF12 -> 3941.31 | AF12: =AE12/AD12 -> 161.5291 | AG12: ='9'!G88 -> 3.29 | AH12: ='9'!G89 -> 10.65 | AI12: ='9'!G90 -> 10.42 | AJ12: =AG12+AH12+AI12 -> 24.36 | AK12: ='9'!G91 -> 0 | AL12: ='9'!G92 -> 10.45 | AN12: =AK12+AL12 -> 10.45 | AO12: ='9'!G74 -> 300.488 | AP12: ='9'!G35 -> 2402.15 | AQ12: ='9'!G37 -> 1590.75 | AR12: ='9'!G38 -> 2560.43 | AS12: ='9'!G39 -> 2799.15 | AT12: ='9'!G40 -> 193.47 | AU12: ='9'!G41 -> 0.5 | AV12: ='9'!G42 -> 3939.47 | AW12: ='9'!G43 -> 0 | AX12: ='9'!G44 -> 0 | AY12: ='9'!G36 -> 829.67 | AZ12: ='9'!G49 -> 512.57 | BA12: ='9'!G51 -> 0.44 | BB12: ='9'!G52 -> 0 | BC12: ='9'!G53 -> 0.03 | BD12: ='9'!G54 -> 319.3 | BE12: ='9'!G55 -> 0.63 | BF12: ='9'!G56 -> 0.71 | BG12: ='9'!G57 -> 2366.59 | BH12: ='9'!G50 -> 1264.7 | BI12: =SUM(AU12,AV12,BE12,BF12) -> 3941.31 | BJ12: ='8'!G133 -> 0 | BK12: =SUM(AP12,AU12,AV12,AW12,AZ12,BE12,BF12,BG12)/H12% -> 45.047721 | BL12: =SUM(AS12,BC12)/H12% -> 13.672544 | BM12: =(AR12+BB12)/H12 -> 0.12506374 | BN12: =J12+N12+Q12+U12 -> 275412 | BO12: =SUM(AU12,AV12,AW12,BE12,BF12,BG12,BJ12) -> 6307.9 | BP12: =BO12/(AD12*280) -> 0.92328747
A13: 10 | B13: 10 | D13: ='10'!D3 -> 25 | E13: ='10'!D4 -> 0.78 | F13: ='10'!D2 -> 0.91 | G13: ='10'!G7 -> 21496 | H13: ='10'!G8 -> 21756 | I13: 9 | J13: =H13*I13 -> 195804 | K13: =H13/202 -> 107.70297 | L13: ='10'!G15 -> 1088 | M13: 56.2 | N13: =L13*M13 -> 61145.6 | O13: ='10'!G20 -> 258 | P13: 108 | Q13: =O13*P13 -> 27864 | R13: =O13/(F13*202/100) -> 140.35469 | S13: ='10'!G24 -> 0 | T13: 69 | U13: =S13*T13 -> 0 | V13: ='10'!G65 -> 125 | W13: ='10'!G66 -> 40 | X13: ='10'!G67 -> 21 | Y13: =V13+W13+X13 -> 186 | Z13: ='10'!G84 -> 0 | AA13: ='10'!G85 -> 23.68 | AB13: ='10'!G86 -> 0 | AC13: ='10'!G87 -> 0 | AD13: =Z13+AA13+AB13+AC13 -> 23.68 | AE13: =AU13+AV13+BE13+BF13 -> 4480.54 | AF13: =AE13/AD13 -> 189.21199 | AG13: ='10'!G88 -> 2.04 | AH13: ='10'!G89 -> 9.36 | AI13: ='10'!G90 -> 11.15 | AJ13: =AG13+AH13+AI13 -> 22.55 | AK13: ='10'!G91 -> 0 | AL13: ='10'!G92 -> 10.63 | AN13: =AK13+AL13 -> 10.63 | AO13: ='10'!G74 -> 293.612 | AP13: ='10'!G35 -> 2544.58 | AQ13: ='10'!G37 -> 1475.68 | AR13: ='10'!G38 -> 2505.36 | AS13: ='10'!G39 -> 2694.72 | AT13: ='10'!G40 -> 464.23 | AU13: ='10'!G41 -> 0.07 | AV13: ='10'!G42 -> 4480.48 | AW13: ='10'!G43 -> 0 | AX13: ='10'!G44 -> 0 | AY13: ='10'!G36 -> 1144.33 | AZ13: ='10'!G49 -> 517.94 | BA13: ='10'!G51 -> 0.3 | BB13: ='10'!G52 -> 0 | BC13: ='10'!G53 -> 0 | BD13: ='10'!G54 -> 322.44 | BE13: ='10'!G55 -> 0 | BF13: ='10'!G56 -> -0.01 | BG13: ='10'!G57 -> 2357.04 | BH13: ='10'!G50 -> 1856.85 | BI13: =SUM(AU13,AV13,BE13,BF13) -> 4480.54 | BJ13: ='8'!G133 -> 0 | BK13: =SUM(AP13,AU13,AV13,AW13,AZ13,BE13,BF13,BG13)/H13% -> 45.505148 | BL13: =SUM(AS13,BC13)/H13% -> 12.3861 | BM13: =(AR13+BB13)/H13 -> 0.1151572 | BN13: =J13+N13+Q13+U13 -> 284813.6 | BO13: =SUM(AU13,AV13,AW13,BE13,BF13,BG13,BJ13) -> 6837.58 | BP13: =BO13/(AD13*280) -> 1.031247
A14: 11 | B14: 11 | D14: ='11'!D3 -> 31 | E14: ='11'!D4 -> 0.78 | F14: ='11'!D2 -> 0.5 | G14: ='11'!G7 -> 21732 | H14: ='11'!G8 -> 21784 | I14: 9 | J14: =H14*I14 -> 196056 | K14: =H14/202 -> 107.84158 | L14: ='11'!G15 -> 1166.458 | M14: 56.2 | N14: =L14*M14 -> 65554.94 | O14: ='11'!G20 -> 310 | P14: 108 | Q14: =O14*P14 -> 33480 | R14: =O14/(F14*202/100) -> 306.93069 | S14: ='11'!G24 -> 0 | T14: 69 | U14: =S14*T14 -> 0 | V14: ='11'!G65 -> 150 | W14: ='11'!G66 -> 47 | X14: ='11'!G67 -> 19 | Y14: =V14+W14+X14 -> 216 | Z14: ='11'!G84 -> 0 | AA14: ='11'!G85 -> 324.4 | AB14: ='11'!G86 -> 0 | AC14: ='11'!G87 -> 2 | AD14: =Z14+AA14+AB14+AC14 -> 326.4 | AE14: =AU14+AV14+BE14+BF14 -> 4569.71 | AF14: =AE14/AD14 -> 14.000337 | AG14: ='11'!G88 -> 3.07 | AH14: ='11'!G89 -> 10.21 | AI14: ='11'!G90 -> 9.35 | AJ14: =AG14+AH14+AI14 -> 22.63 | AK14: ='11'!G91 -> 0 | AL14: ='11'!G92 -> 11.72 | AN14: =AK14+AL14 -> 11.72 | AO14: ='11'!G74 -> 990961 | AP14: ='11'!G35 -> 2554.14 | AQ14: ='11'!G37 -> 1559.2 | AR14: ='11'!G38 -> 2568.5 | AS14: ='11'!G39 -> 2815.8 | AT14: ='11'!G40 -> 471.75 | AU14: ='11'!G41 -> -0.06 | AV14: ='11'!G42 -> 4569.76 | AW14: ='11'!G43 -> 0 | AX14: ='11'!G44 -> 0 | AY14: ='11'!G36 -> 799.27 | AZ14: ='11'!G49 -> 564.96 | BA14: ='11'!G51 -> -0.3 | BB14: ='11'!G52 -> 0 | BC14: ='11'!G53 -> 0.06 | BD14: ='11'!G54 -> 324.49 | BE14: ='11'!G55 -> 0 | BF14: ='11'!G56 -> 0.01 | BG14: ='11'!G57 -> 2386.16 | BH14: ='11'!G50 -> 1443.96 | BI14: =SUM(AU14,AV14,BE14,BF14) -> 4569.71 | BJ14: ='11'!G133 -> 0 | BK14: =SUM(AP14,AU14,AV14,AW14,AZ14,BE14,BF14,BG14)/H14% -> 46.249403 | BL14: =SUM(AS14,BC14)/H14% -> 12.926276 | BM14: =(AR14+BB14)/H14 -> 0.11790764 | BN14: =J14+N14+Q14+U14 -> 295090.94 | BO14: =SUM(AU14,AV14,AW14,BE14,BF14,BG14,BJ14) -> 6955.87 | BP14: =BO14/(AD14*280) -> 0.076110272
A15: 12 | B15: 12 | D15: ='12'!D3 -> 33 | E15: ='12'!D4 -> 0.81 | F15: ='12'!D2 -> 0.49 | G15: ='12'!G7 -> 20958.27 | H15: ='12'!G8 -> 21436 | I15: 9 | J15: =H15*I15 -> 192924 | K15: =H15/202 -> 106.11881 | L15: ='12'!G15 -> 1163.522 | M15: 56.2 | N15: =L15*M15 -> 65389.936 | O15: ='12'!G20 -> 245 | P15: 108 | Q15: =O15*P15 -> 26460 | R15: =O15/(F15*202/100) -> 247.52475 | S15: ='12'!G24 -> 0 | T15: 69 | U15: =S15*T15 -> 0 | V15: ='12'!G65 -> 92 | W15: ='12'!G66 -> 23 | X15: ='12'!G67 -> 3 | Y15: =V15+W15+X15 -> 118 | Z15: ='12'!G84 -> 0 | AA15: ='12'!G85 -> 2.88 | AB15: ='12'!G86 -> 4 | AC15: ='12'!G87 -> 18 | AD15: =Z15+AA15+AB15+AC15 -> 24.88 | AE15: =AU15+AV15+BE15+BF15 -> 3166.2 | AF15: =AE15/AD15 -> 127.25884 | AG15: ='12'!G88 -> 4.14 | AH15: ='12'!G89 -> 10.45 | AI15: ='12'!G90 -> 6.97 | AJ15: =AG15+AH15+AI15 -> 21.56 | AK15: ='12'!G91 -> 0 | AL15: ='12'!G92 -> 11.2 | AN15: =AK15+AL15 -> 11.2 | AO15: ='12'!G74 -> 297.9 | AP15: ='12'!G35 -> 2588.52 | AQ15: ='12'!G37 -> 1491.68 | AR15: ='12'!G38 -> 2491.62 | AS15: ='12'!G39 -> 2692.23 | AT15: ='12'!G40 -> 356.26 | AU15: ='12'!G41 -> 0 | AV15: ='12'!G42 -> 890.72 | AW15: ='12'!G43 -> 0 | AX15: ='12'!G44 -> 0 | AY15: ='12'!G36 -> 775.73 | AZ15: ='12'!G49 -> 532.64 | BA15: ='12'!G51 -> 0 | BB15: ='12'!G52 -> 0.24 | BC15: ='12'!G53 -> -0.06 | BD15: ='12'!G54 -> 317.59 | BE15: ='12'!G55 -> 0 | BF15: ='12'!G56 -> 2275.48 | BG15: ='12'!G57 -> 2592.76 | BH15: ='12'!G50 -> 1312.28 | BI15: =SUM(AU15,AV15,BE15,BF15) -> 3166.2 | BJ15: ='12'!G133 -> -0.17 | BK15: =SUM(AP15,AU15,AV15,AW15,AZ15,BE15,BF15,BG15)/H15% -> 41.426199 | BL15: =SUM(AS15,BC15)/H15% -> 12.559106 | BM15: =(AR15+BB15)/H15 -> 0.1162465 | BN15: =J15+N15+Q15+U15 -> 284773.94 | BO15: =SUM(AU15,AV15,AW15,BE15,BF15,BG15,BJ15) -> 5758.79 | BP15: =BO15/(AD15*280) -> 0.82665222
A16: 13 | B16: 13 | D16: ='13'!D3 -> 33 | E16: ='13'!D4 -> 0.82 | F16: ='13'!D2 -> 0.49 | G16: ='13'!G7 -> 21444.73 | H16: ='13'!G8 -> 22115 | I16: 9 | J16: =H16*I16 -> 199035 | K16: =H16/202 -> 109.4802 | L16: ='13'!G15 -> 1140.02 | M16: 56.2 | N16: =L16*M16 -> 64069.124 | O16: ='13'!G20 -> 223 | P16: 108 | Q16: =O16*P16 -> 24084 | R16: =O16/(F16*202/100) -> 225.29804 | S16: ='13'!G24 -> 0 | T16: 69 | U16: =S16*T16 -> 0 | V16: ='13'!G65 -> 132 | W16: ='13'!G66 -> 46 | X16: ='13'!G67 -> 49 | Y16: =V16+W16+X16 -> 227 | Z16: ='13'!G84 -> 0 | AA16: ='13'!G85 -> -296.36 | AB16: ='13'!G86 -> -4 | AC16: ='13'!G87 -> 24 | AD16: =Z16+AA16+AB16+AC16 -> -276.36 | AE16: =AU16+AV16+BE16+BF16 -> 2810.38 | AF16: =AE16/AD16 -> -10.169272 | AG16: ='13'!G88 -> 4.46 | AH16: ='13'!G89 -> 10.33 | AI16: ='13'!G90 -> 6.67 | AJ16: =AG16+AH16+AI16 -> 21.46 | AK16: ='13'!G91 -> 0 | AL16: ='13'!G92 -> 11.69 | AN16: =AK16+AL16 -> 11.69 | AO16: ='13'!G74 -> 298 | AP16: ='13'!G35 -> 2684.61 | AQ16: ='13'!G37 -> 1405.69 | AR16: ='13'!G38 -> 2482.09 | AS16: ='13'!G39 -> 2910.1 | AT16: ='13'!G40 -> 214.29 | AU16: ='13'!G41 -> 0 | AV16: ='13'!G42 -> -0.43 | AW16: ='13'!G43 -> 0 | AX16: ='13'!G44 -> 0 | AY16: ='13'!G36 -> 821 | AZ16: ='13'!G49 -> 527.89 | BA16: ='13'!G51 -> -0.44 | BB16: ='13'!G52 -> 0 | BC16: ='13'!G53 -> -0.03 | BD16: ='13'!G54 -> 347.18 | BE16: ='13'!G55 -> 0 | BF16: ='13'!G56 -> 2810.81 | BG16: ='13'!G57 -> 2631.45 | BH16: ='13'!G50 -> 1542.21 | BI16: =SUM(AU16,AV16,BE16,BF16) -> 2810.38 | BJ16: ='13'!G133 -> 0.17 | BK16: =SUM(AP16,AU16,AV16,AW16,AZ16,BE16,BF16,BG16)/H16% -> 39.133303 | BL16: =SUM(AS16,BC16)/H16% -> 13.158806 | BM16: =(AR16+BB16)/H16 -> 0.11223559 | BN16: =J16+N16+Q16+U16 -> 287188.12 | BO16: =SUM(AU16,AV16,AW16,BE16,BF16,BG16,BJ16) -> 5442 | BP16: =BO16/(AD16*280) -> -0.070327523
A17: 14 | B17: 14 | D17: ='14'!D3 -> 29 | E17: ='14'!D4 -> 0.8 | F17: ='14'!D2 -> 0.5 | G17: ='14'!G7 -> 20218 | H17: ='14'!G8 -> 20896 | I17: 9 | J17: =H17*I17 -> 188064 | K17: =H17/202 -> 103.44554 | L17: ='14'!G15 -> 1190 | M17: 56.2 | N17: =L17*M17 -> 66878 | O17: ='14'!G20 -> 289 | P17: 108 | Q17: =O17*P17 -> 31212 | R17: =O17/(F17*202/100) -> 286.13861 | S17: ='14'!G24 -> 0 | T17: 69 | U17: =S17*T17 -> 0 | V17: ='14'!G65 -> 132 | W17: ='14'!G66 -> 46 | X17: ='14'!G67 -> 33 | Y17: =V17+W17+X17 -> 211 | Z17: ='14'!G84 -> 0 | AA17: ='14'!G85 -> 0 | AB17: ='14'!G86 -> 0.08 | AC17: ='14'!G87 -> 24 | AD17: =Z17+AA17+AB17+AC17 -> 24.08 | AE17: =AU17+AV17+BE17+BF17 -> 2290.11 | AF17: =AE17/AD17 -> 95.104236 | AG17: ='14'!G88 -> 4 | AH17: ='14'!G89 -> 10 | AI17: ='14'!G90 -> 8 | AJ17: =AG17+AH17+AI17 -> 22 | AK17: ='14'!G91 -> 0 | AL17: ='14'!G92 -> 11.66 | AN17: =AK17+AL17 -> 11.66 | AO17: ='14'!G44 -> 0 | AP17: ='14'!G35 -> 2738.79 | AQ17: ='14'!G37 -> 1401.47 | AR17: ='14'!G38 -> 2392.99 | AS17: ='14'!G39 -> 2750.19 | AT17: ='14'!G40 -> 227.97 | AU17: ='14'!G41 -> 0 | AV17: ='14'!G42 -> 0 | AW17: ='14'!G43 -> 0 | AX17: ='14'!G44 -> 0 | AY17: ='14'!G36 -> 786.79 | AZ17: ='14'!G49 -> 526.99 | BA17: ='14'!G51 -> 0.44 | BB17: ='14'!G52 -> 0 | BC17: ='14'!G53 -> 0.03 | BD17: ='14'!G54 -> 368.08 | BE17: ='14'!G55 -> 0 | BF17: ='14'!G56 -> 2290.11 | BG17: ='14'!G57 -> 2644.99 | BH17: ='14'!G50 -> 1284.79 | BI17: =SUM(AU17,AV17,BE17,BF17) -> 2290.11 | BJ17: ='14'!G133 -> 0 | BK17: =SUM(AP17,AU17,AV17,AW17,AZ17,BE17,BF17,BG17)/H17% -> 39.246172 | BL17: =SUM(AS17,BC17)/H17% -> 13.161466 | BM17: =(AR17+BB17)/H17 -> 0.11451905 | BN17: =J17+N17+Q17+U17 -> 286154 | BO17: =SUM(AU17,AV17,AW17,BE17,BF17,BG17,BJ17) -> 4935.1 | BP17: =BO17/(AD17*280) -> 0.73195005
A18: 15 | B18: 15 | D18: ='15'!D3 -> 25 | E18: ='15'!D4 -> 0.78 | F18: ='15'!D2 -> 0.5 | G18: ='15'!G7 -> 20261 | H18: ='15'!G8 -> 20628.8 | I18: 9 | J18: =H18*I18 -> 185659.2 | K18: =H18/202 -> 102.12277 | L18: ='15'!G15 -> 1011 | M18: 56.2 | N18: =L18*M18 -> 56818.2 | O18: ='15'!G20 -> 355 | P18: 108 | Q18: =O18*P18 -> 38340 | R18: =O18/(F18*202/100) -> 351.48515 | S18: ='15'!G24 -> 0 | T18: 69 | U18: =S18*T18 -> 0 | V18: ='15'!G65 -> 121 | W18: ='15'!G66 -> 42 | X18: ='15'!G67 -> 7 | Y18: =V18+W18+X18 -> 170 | Z18: ='15'!G84 -> 0 | AA18: ='15'!G85 -> 0 | AB18: ='15'!G86 -> -0.08 | AC18: ='15'!G87 -> 24.45 | AD18: =Z18+AA18+AB18+AC18 -> 24.37 | AE18: =AU18+AV18+BE18+BF18 -> 2576.71 | AF18: =AE18/AD18 -> 105.73287 | AG18: ='15'!G88 -> 6.39 | AH18: ='15'!G89 -> 7 | AI18: ='15'!G90 -> 9.41 | AJ18: =AG18+AH18+AI18 -> 22.8 | AK18: ='15'!G91 -> 0 | AL18: ='15'!G92 -> 10.91 | AN18: =AK18+AL18 -> 10.91 | AO18: ='15'!G74 -> 113 | AP18: ='15'!G35 -> 3192.61 | AQ18: ='15'!G37 -> 1412.64 | AR18: ='15'!G38 -> 2492.88 | AS18: ='15'!G39 -> 2641.68 | AT18: ='15'!G40 -> 252.9 | AU18: ='15'!G41 -> 0 | AV18: ='15'!G42 -> 0.43 | AW18: ='15'!G43 -> 0 | AX18: ='15'!G44 -> 0 | AY18: ='15'!G36 -> 693.6 | AZ18: ='15'!G49 -> 543.28 | BA18: ='15'!G51 -> 0 | BB18: ='15'!G52 -> -0.24 | BC18: ='15'!G53 -> 0 | BD18: ='15'!G54 -> 250.9 | BE18: ='15'!G55 -> 0 | BF18: ='15'!G56 -> 2576.28 | BG18: ='15'!G57 -> 2621.32 | BH18: ='15'!G50 -> 1243.72 | BI18: =SUM(AU18,AV18,BE18,BF18) -> 2576.71 | BJ18: ='15'!G133 -> 0 | BK18: =SUM(AP18,AU18,AV18,AW18,AZ18,BE18,BF18,BG18)/H18% -> 43.307997 | BL18: =SUM(AS18,BC18)/H18% -> 12.805786 | BM18: =(AR18+BB18)/H18 -> 0.12083301 | BN18: =J18+N18+Q18+U18 -> 280817.4 | BO18: =SUM(AU18,AV18,AW18,BE18,BF18,BG18,BJ18) -> 5198.03 | BP18: =BO18/(AD18*280) -> 0.76177238
A19: 16 | B19: 16 | D19: ='16'!D3 -> 23 | E19: ='16'!D4 -> 0.77 | F19: ='16'!D2 -> 0.83 | G19: ='16'!G7 -> 21141 | H19: ='16'!G8 -> 21502.2 | I19: 9 | J19: =H19*I19 -> 193519.8 | K19: =H19/202 -> 106.44653 | L19: ='16'!G15 -> 1059 | M19: 56.2 | N19: =L19*M19 -> 59515.8 | O19: ='16'!G20 -> 272 | P19: 108 | Q19: =O19*P19 -> 29376 | R19: =O19/(F19*202/100) -> 162.23309 | S19: ='16'!G24 -> 0 | T19: 69 | U19: =S19*T19 -> 0 | V19: ='16'!G65 -> 107 | W19: ='16'!G66 -> 18 | X19: ='16'!G67 -> 16 | Y19: =V19+W19+X19 -> 141 | Z19: ='16'!G84 -> 0 | AA19: ='16'!G85 -> 0 | AB19: ='16'!G86 -> 0 | AC19: ='16'!G87 -> 24.02 | AD19: =Z19+AA19+AB19+AC19 -> 24.02 | AE19: =AU19+AV19+BE19+BF19 -> 2955.18 | AF19: =AE19/AD19 -> 123.02998 | AG19: ='16'!G88 -> 7.61 | AH19: ='16'!G89 -> 1 | AI19: ='16'!G90 -> 9.59 | AJ19: =AG19+AH19+AI19 -> 18.2 | AK19: ='16'!G91 -> 0 | AL19: ='16'!G92 -> 12.74 | AN19: =AK19+AL19 -> 12.74 | AO19: ='16'!G74 -> 356 | AP19: ='16'!G35 -> 1881.6 | AQ19: ='16'!G37 -> 1520.89 | AR19: ='16'!G38 -> 2503.13 | AS19: ='16'!G39 -> 2793.13 | AT19: ='16'!G40 -> 247.13 | AU19: ='16'!G41 -> 0 | AV19: ='16'!G42 -> -0.43 | AW19: ='16'!G43 -> 0 | AX19: ='16'!G44 -> 0 | AY19: ='16'!G36 -> 698.61 | AZ19: ='16'!G49 -> 559.73 | BA19: ='16'!G51 -> -0.44 | BB19: ='16'!G52 -> 0 | BC19: ='16'!G53 -> -0.03 | BD19: ='16'!G54 -> 212.02 | BE19: ='16'!G55 -> 0 | BF19: ='16'!G56 -> 2955.61 | BG19: ='16'!G57 -> 2697.69 | BH19: ='16'!G50 -> 1176.49 | BI19: =SUM(AU19,AV19,BE19,BF19) -> 2955.18 | BJ19: ='16'!G133 -> -0.17 | BK19: =SUM(AP19,AU19,AV19,AW19,AZ19,BE19,BF19,BG19)/H19% -> 37.64359 | BL19: =SUM(AS19,BC19)/H19% -> 12.989834 | BM19: =(AR19+BB19)/H19 -> 0.11641274 | BN19: =J19+N19+Q19+U19 -> 282411.6 | BO19: =SUM(AU19,AV19,AW19,BE19,BF19,BG19,BJ19) -> 5652.7 | BP19: =BO19/(AD19*280) -> 0.8404752
A20: 17 | B20: 17 | D20: ='17'!D3 -> 23 | E20: ='17'!D4 -> 0.77 | F20: ='17'!D2 -> 0.91 | G20: ='17'!G7 -> 19508 | H20: ='17'!G8 -> 20053 | I20: 9 | J20: =H20*I20 -> 180477 | K20: =H20/202 -> 99.272277 | L20: ='17'!G15 -> 922 | M20: 56.2 | N20: =L20*M20 -> 51816.4 | O20: ='17'!G20 -> 205 | P20: 108 | Q20: =O20*P20 -> 22140 | R20: =O20/(F20*202/100) -> 111.52214 | S20: ='17'!G24 -> 0 | T20: 69 | U20: =S20*T20 -> 0 | V20: ='17'!G65 -> 118 | W20: ='17'!G66 -> 9 | X20: ='17'!G67 -> 19 | Y20: =V20+W20+X20 -> 146 | Z20: ='17'!G84 -> 0 | AA20: ='17'!G85 -> 0 | AB20: ='17'!G86 -> 0 | AC20: ='17'!G87 -> 23.53 | AD20: =Z20+AA20+AB20+AC20 -> 23.53 | AE20: =AU20+AV20+BE20+BF20 -> 2147.37 | AF20: =AE20/AD20 -> 91.260943 | AG20: ='17'!G88 -> 10 | AH20: ='17'!G89 -> 2 | AI20: ='17'!G90 -> 4 | AJ20: =AG20+AH20+AI20 -> 16 | AK20: ='17'!G91 -> 0 | AL20: ='17'!G92 -> 11 | AN20: =AK20+AL20 -> 11 | AO20: ='17'!G74 -> 300 | AP20: ='17'!G35 -> 2452 | AQ20: ='17'!G37 -> 1424 | AR20: ='17'!G38 -> 2431 | AS20: ='17'!G39 -> 2759 | AT20: ='17'!G40 -> 229 | AU20: ='17'!G41 -> 0 | AV20: ='17'!G42 -> 0 | AW20: ='17'!G43 -> 0 | AX20: ='17'!G44 -> 0 | AY20: ='17'!G36 -> 734 | AZ20: ='17'!G49 -> 541 | BA20: ='17'!G51 -> 0 | BB20: ='17'!G52 -> 0 | BC20: ='17'!G53 -> 0 | BD20: ='17'!G54 -> 315 | BE20: ='17'!G55 -> 0.37 | BF20: ='17'!G56 -> 2147 | BG20: ='17'!G57 -> 2642 | BH20: ='17'!G50 -> 1107 | BI20: =SUM(AU20,AV20,BE20,BF20) -> 2147.37 | BJ20: ='17'!G133 -> 0 | BK20: =SUM(AP20,AU20,AV20,AW20,AZ20,BE20,BF20,BG20)/H20% -> 38.809006 | BL20: =SUM(AS20,BC20)/H20% -> 13.75854 | BM20: =(AR20+BB20)/H20 -> 0.12122874 | BN20: =J20+N20+Q20+U20 -> 254433.4 | BO20: =SUM(AU20,AV20,AW20,BE20,BF20,BG20,BJ20) -> 4789.37 | BP20: =BO20/(AD20*280) -> 0.72693977
A21: 18 | B21: 18 | D21: ='18 '!D3 -> 22 | E21: ='18 '!D4 -> 0.78 | F21: ='18 '!D2 -> 0.82 | G21: ='18 '!G7 -> 20015 | H21: ='18 '!G8 -> 20452 | I21: 9 | J21: =H21*I21 -> 184068 | K21: =H21/202 -> 101.24752 | L21: ='18 '!G15 -> 1106 | M21: 56.2 | N21: =L21*M21 -> 62157.2 | O21: ='18 '!G20 -> 284 | P21: 108 | Q21: =O21*P21 -> 30672 | R21: =O21/(F21*202/100) -> 171.45617 | S21: ='18 '!G24 -> 0 | T21: 69 | U21: =S21*T21 -> 0 | V21: ='18 '!G65 -> 127 | W21: ='18 '!G66 -> 7 | X21: ='18 '!G67 -> 25 | Y21: =V21+W21+X21 -> 159 | Z21: ='18 '!G84 -> 0 | AA21: ='18 '!G85 -> 0 | AB21: ='18 '!G86 -> 0 | AC21: ='18 '!G87 -> 24.45 | AD21: =Z21+AA21+AB21+AC21 -> 24.45 | AE21: =AU21+AV21+BE21+BF21 -> 2492 | AF21: =AE21/AD21 -> 101.92229 | AG21: ='18 '!G88 -> 8 | AH21: ='18 '!G89 -> 10.49 | AI21: ='18 '!G90 -> 0 | AJ21: =AG21+AH21+AI21 -> 18.49 | AK21: ='18 '!G91 -> 0 | AL21: ='18 '!G92 -> 10 | AN21: =AK21+AL21 -> 10 | AO21: ='18 '!G74 -> 283 | AP21: ='18 '!G35 -> 2431 | AQ21: ='18 '!G37 -> 1400 | AR21: ='18 '!G38 -> 2550 | AS21: ='18 '!G39 -> 2725 | AT21: ='18 '!G40 -> 211 | AU21: ='18 '!G41 -> 0 | AV21: ='18 '!G42 -> 0 | AW21: ='18 '!G43 -> 0 | AX21: ='18 '!G44 -> 0 | AY21: ='18 '!G36 -> 686 | AZ21: ='18 '!G49 -> 560 | BA21: ='18 '!G51 -> 0 | BB21: ='18 '!G52 -> 0 | BC21: ='18 '!G53 -> 0 | BD21: ='18 '!G54 -> 258 | BE21: ='18 '!G55 -> 0 | BF21: ='18 '!G56 -> 2492 | BG21: ='18 '!G57 -> 2635 | BH21: ='18 '!G50 -> 1107 | BI21: =SUM(AU21,AV21,BE21,BF21) -> 2492 | BJ21: ='18 '!G133 -> 0 | BK21: =SUM(AP21,AU21,AV21,AW21,AZ21,BE21,BF21,BG21)/H21% -> 39.69294 | BL21: =SUM(AS21,BC21)/H21% -> 13.32388 | BM21: =(AR21+BB21)/H21 -> 0.12468218 | BN21: =J21+N21+Q21+U21 -> 276897.2 | BO21: =SUM(AU21,AV21,AW21,BE21,BF21,BG21,BJ21) -> 5127 | BP21: =BO21/(AD21*280) -> 0.74890447
A22: 19 | B22: 19 | D22: ='19'!D3 -> 29 | E22: ='19'!D4 -> 0.79 | F22: ='19'!D2 -> 0.82 | G22: ='19'!G7 -> 21220 | H22: ='19'!G8 -> 21656 | I22: 9 | J22: =H22*I22 -> 194904 | K22: =H22/202 -> 107.20792 | L22: ='19'!G15 -> 1171.8 | M22: 56.2 | N22: =L22*M22 -> 65855.16 | O22: ='19'!G20 -> 231 | P22: 108 | Q22: =O22*P22 -> 24948 | R22: =O22/(F22*202/100) -> 139.45907 | S22: ='19'!G24 -> 0 | T22: 69 | U22: =S22*T22 -> 0 | V22: ='19'!G65 -> 126 | W22: ='19'!G66 -> 8 | X22: ='19'!G67 -> 26 | Y22: =V22+W22+X22 -> 160 | Z22: ='19'!G84 -> 0 | AA22: ='19'!G85 -> 0 | AB22: ='19'!G86 -> 0 | AC22: ='19'!G87 -> 23.55 | AD22: =Z22+AA22+AB22+AC22 -> 23.55 | AE22: =AU22+AV22+BE22+BF22 -> 2703.44 | AF22: =AE22/AD22 -> 114.79575 | AG22: ='19'!G88 -> 8.14 | AH22: ='19'!G89 -> 9.89 | AI22: ='19'!G90 -> -0.19 | AJ22: =AG22+AH22+AI22 -> 17.84 | AK22: ='19'!G91 -> 0 | AL22: ='19'!G92 -> 12.47 | AN22: =AK22+AL22 -> 12.47 | AO22: ='19'!G74 -> 335 | AP22: ='19'!G35 -> 2237.27 | AQ22: ='19'!G37 -> 1484.57 | AR22: ='19'!G38 -> 2582.67 | AS22: ='19'!G39 -> 2754.63 | AT22: ='19'!G40 -> 205.87 | AU22: ='19'!G41 -> 3 | AV22: ='19'!G42 -> 0.43 | AW22: ='19'!G43 -> 0 | AX22: ='19'!G44 -> 0 | AY22: ='19'!G36 -> 993.19 | AZ22: ='19'!G49 -> 571.19 | BA22: ='19'!G51 -> 0.44 | BB22: ='19'!G52 -> 0 | BC22: ='19'!G53 -> 0.03 | BD22: ='19'!G54 -> 244.75 | BE22: ='19'!G55 -> 0 | BF22: ='19'!G56 -> 2700.01 | BG22: ='19'!G57 -> 2584 | BH22: ='19'!G50 -> 1693.8 | BI22: =SUM(AU22,AV22,BE22,BF22) -> 2703.44 | BJ22: ='19'!G133 -> 0 | BK22: =SUM(AP22,AU22,AV22,AW22,AZ22,BE22,BF22,BG22)/H22% -> 37.384097 | BL22: =SUM(AS22,BC22)/H22% -> 12.720078 | BM22: =(AR22+BB22)/H22 -> 0.11925887 | BN22: =J22+N22+Q22+U22 -> 285707.16 | BO22: =SUM(AU22,AV22,AW22,BE22,BF22,BG22,BJ22) -> 5287.44 | BP22: =BO22/(AD22*280) -> 0.80185623
A23: 20 | B23: 20 | D23: ='20'!D3 -> 23 | E23: ='20'!D4 -> 0.77 | F23: ='20'!D2 -> 0.87 | G23: ='20'!G7 -> 21027 | H23: ='20'!G8 -> 21411 | I23: 9 | J23: =H23*I23 -> 192699 | K23: =H23/202 -> 105.99505 | L23: ='20'!G15 -> 1194.2 | M23: 56.2 | N23: =L23*M23 -> 67114.04 | O23: ='20'!G20 -> 276 | P23: 108 | Q23: =O23*P23 -> 29808 | R23: =O23/(F23*202/100) -> 157.05019 | S23: ='20'!G24 -> 0 | T23: 69 | U23: =S23*T23 -> 0 | V23: ='20'!G65 -> 139 | W23: ='20'!G66 -> 16 | X23: ='20'!G67 -> 24 | Y23: =V23+W23+X23 -> 179 | Z23: ='20'!G84 -> 0 | AA23: ='20'!G85 -> 0 | AB23: ='20'!G86 -> 0 | AC23: ='20'!G87 -> 24 | AD23: =Z23+AA23+AB23+AC23 -> 24 | AE23: =AU23+AV23+BE23+BF23 -> 2725.19 | AF23: =AE23/AD23 -> 113.54958 | AG23: ='20'!G88 -> 7.86 | AH23: ='20'!G89 -> 11.62 | AI23: ='20'!G90 -> 0.19 | AJ23: =AG23+AH23+AI23 -> 19.67 | AK23: ='20'!G91 -> 0 | AL23: ='20'!G92 -> 11.53 | AN23: =AK23+AL23 -> 11.53 | AO23: ='20'!G74 -> 329 | AP23: ='20'!G35 -> 2251.73 | AQ23: ='20'!G37 -> 1460.43 | AR23: ='20'!G38 -> 2619.33 | AS23: ='20'!G39 -> 2766.37 | AT23: ='20'!G40 -> 209.13 | AU23: ='20'!G41 -> 0 | AV23: ='20'!G42 -> -0.43 | AW23: ='20'!G43 -> 0 | AX23: ='20'!G44 -> 0 | AY23: ='20'!G36 -> 853.81 | AZ23: ='20'!G49 -> 534.81 | BA23: ='20'!G51 -> -0.44 | BB23: ='20'!G52 -> 0 | BC23: ='20'!G588 -> 0 | BD23: ='20'!G54 -> 211.25 | BE23: ='20'!G55 -> -0.37 | BF23: ='20'!G56 -> 2725.99 | BG23: ='20'!G57 -> 2679 | BH23: ='20'!G50 -> 1490.2 | BI23: =SUM(AU23,AV23,BE23,BF23) -> 2725.19 | BJ23: ='20'!G133 -> 0 | BK23: =SUM(AP23,AU23,AV23,AW23,AZ23,BE23,BF23,BG23)/H23% -> 38.254776 | BL23: =SUM(AS23,BC23)/H23% -> 12.920321 | BM23: =(AR23+BB23)/H23 -> 0.12233572 | BN23: =J23+N23+Q23+U23 -> 289621.04 | BO23: =SUM(AU23,AV23,AW23,BE23,BF23,BG23,BJ23) -> 5404.19 | BP23: =BO23/(AD23*280) -> 0.80419494
A24: 21 | B24: 21 | D24: 21 | E24: ='21'!D4 -> 0.77 | F24: ='21'!D2 -> 0.95 | G24: ='21'!G7 -> 20435 | H24: ='21'!G8 -> 20821 | I24: 9 | J24: =H24*I24 -> 187389 | K24: =H24/202 -> 103.07426 | L24: ='21'!G15 -> 1220 | M24: 56.2 | N24: =L24*M24 -> 68564 | O24: ='21'!G20 -> 261 | P24: 108 | Q24: =O24*P24 -> 28188 | R24: =O24/(F24*202/100) -> 136.00834 | S24: ='21'!G24 -> 0 | T24: 69 | U24: =S24*T24 -> 0 | V24: ='21'!G65 -> 149 | W24: ='21'!G66 -> 13 | X24: ='21'!G67 -> 24 | Y24: =V24+W24+X24 -> 186 | Z24: ='21'!G84 -> -0.35 | AA24: ='21'!G85 -> 0 | AB24: ='21'!G86 -> 0 | AC24: ='21'!G87 -> 24 | AD24: =Z24+AA24+AB24+AC24 -> 23.65 | AE24: =AU24+AV24+BE24+BF24 -> 2544.86 | AF24: =AE24/AD24 -> 107.60507 | AG24: ='21'!G88 -> 6 | AH24: ='21'!G89 -> 9.6 | AI24: ='21'!G90 -> 8 | AJ24: =AG24+AH24+AI24 -> 23.6 | AK24: ='21'!G91 -> 0 | AL24: ='21'!G92 -> 12 | AN24: =AK24+AL24 -> 12 | AO24: ='21'!G74 -> 324 | AP24: ='21'!G35 -> 2262 | AQ24: ='21'!G37 -> 1407 | AR24: ='21'!G38 -> 2664 | AS24: ='21'!G39 -> 2740 | AT24: ='21'!G40 -> 210 | AU24: ='21'!G41 -> 0.49 | AV24: ='21'!G42 -> 0 | AW24: ='21'!G43 -> 0 | AX24: ='21'!G44 -> 0 | AY24: ='21'!G36 -> 944 | AZ24: ='21'!G49 -> 533 | BA24: ='21'!G51 -> 0 | BB24: ='21'!G52 -> 0 | BC24: ='21'!G53 -> 0 | BD24: ='21'!G54 -> 213 | BE24: ='21'!G55 -> 0.37 | BF24: ='21'!G56 -> 2544 | BG24: ='21'!G57 -> 2637 | BH24: ='21'!G50 -> 1159 | BI24: =SUM(AU24,AV24,BE24,BF24) -> 2544.86 | BJ24: ='21'!G133 -> 0 | BK24: =SUM(AP24,AU24,AV24,AW24,AZ24,BE24,BF24,BG24)/H24% -> 38.311608 | BL24: =SUM(AS24,BC24)/H24% -> 13.159791 | BM24: =(AR24+BB24)/H24 -> 0.12794775 | BN24: =J24+N24+Q24+U24 -> 284141 | BO24: =SUM(AU24,AV24,AW24,BE24,BF24,BG24,BJ24) -> 5181.86 | BP24: =BO24/(AD24*280) -> 0.7825219
A25: 22 | B25: 22 | D25: ='22'!D3 -> 23 | E25: ='22'!D4 -> 0.77 | F25: ='22'!D2 -> 0.9 | G25: ='22'!G7 -> 19181 | H25: ='22'!G8 -> 19708 | I25: 9 | J25: =H25*I25 -> 177372 | K25: =H25/202 -> 97.564356 | L25: ='22'!G15 -> 1281 | M25: 56.2 | N25: =L25*M25 -> 71992.2 | O25: ='22'!G20 -> 275 | P25: 108 | Q25: =O25*P25 -> 29700 | R25: =O25/(F25*202/100) -> 151.26513 | S25: ='22'!G24 -> 0 | T25: 69 | U25: =S25*T25 -> 0 | V25: ='22'!G65 -> 141 | W25: ='22'!G66 -> 57 | X25: ='22'!G67 -> 26 | Y25: =V25+W25+X25 -> 224 | Z25: ='22'!G84 -> 0 | AA25: ='22'!G85 -> 0 | AB25: ='22'!G86 -> 0 | AC25: ='22'!G87 -> 24 | AD25: =Z25+AA25+AB25+AC25 -> 24 | AE25: =AU25+AV25+BE25+BF25 -> 2007 | AF25: =AE25/AD25 -> 83.625 | AG25: ='22'!G88 -> 4 | AH25: ='22'!G89 -> 10.4 | AI25: ='22'!G90 -> 10 | AJ25: =AG25+AH25+AI25 -> 24.4 | AK25: ='22'!G91 -> 0 | AL25: ='22'!G92 -> 12 | AN25: =AK25+AL25 -> 12 | AO25: ='22'!G74 -> 336 | AP25: ='22'!G35 -> 2197 | AQ25: ='22'!G37 -> 1477 | AR25: ='22'!G38 -> 2557 | AS25: ='22'!G39 -> 2680 | AT25: ='22'!G40 -> 215 | AU25: ='22'!G41 -> 0 | AV25: ='22'!G42 -> 0 | AW25: ='22'!G43 -> 0 | AX25: ='22'!G44 -> 0 | AY25: ='22'!G36 -> 921 | AZ25: ='22'!G49 -> 559 | BA25: ='22'!G51 -> 0 | BB25: ='22'!G52 -> 0 | BC25: ='22'!G53 -> 0 | BD25: ='22'!G54 -> 325 | BE25: ='22'!G55 -> 0 | BF25: ='22'!G56 -> 2007 | BG25: ='22'!G57 -> 2638 | BH25: ='22'!G50 -> 1059 | BI25: =SUM(AU25,AV25,BE25,BF25) -> 2007 | BJ25: ='22'!G133 -> 0 | BK25: =SUM(AP25,AU25,AV25,AW25,AZ25,BE25,BF25,BG25)/H25% -> 37.553278 | BL25: =SUM(AS25,BC25)/H25% -> 13.598539 | BM25: =(AR25+BB25)/H25 -> 0.12974427 | BN25: =J25+N25+Q25+U25 -> 279064.2 | BO25: =SUM(AU25,AV25,AW25,BE25,BF25,BG25,BJ25) -> 4645 | BP25: =BO25/(AD25*280) -> 0.69122024
A26: 23 | B26: 23 | D26: ='23'!D3 -> 29 | E26: ='23'!D4 -> 0.79 | F26: ='23'!D2 -> 0.78 | G26: ='23'!G7 -> 19773.8 | H26: ='23'!G8 -> 20249 | I26: 9 | J26: =H26*I26 -> 182241 | K26: =H26/202 -> 100.24257 | L26: ='23'!G15 -> 1201 | M26: 56.2 | N26: =L26*M26 -> 67496.2 | O26: ='23'!G20 -> 275 | P26: 108 | Q26: =O26*P26 -> 29700 | R26: =O26/(F26*202/100) -> 174.53668 | S26: ='23'!G24 -> 0 | T26: 69 | U26: =S26*T26 -> 0 | V26: ='23'!G65 -> 116 | W26: ='23'!G66 -> 35 | X26: ='23'!G67 -> 21 | Y26: =V26+W26+X26 -> 172 | Z26: ='23'!G84 -> 0 | AA26: ='23'!G85 -> 0 | AB26: ='23'!G86 -> 19.13 | AC26: ='23'!G87 -> 6.42 | AD26: =Z26+AA26+AB26+AC26 -> 25.55 | AE26: =AU26+AV26+BE26+BF26 -> 2704.91 | AF26: =AE26/AD26 -> 105.86732 | AG26: ='23'!G88 -> 4.37 | AH26: ='23'!G89 -> 9.87 | AI26: ='23'!G90 -> 9.38 | AJ26: =AG26+AH26+AI26 -> 23.62 | AK26: ='23'!G91 -> 0 | AL26: ='23'!G92 -> 10.34 | AN26: =AK26+AL26 -> 10.34 | AO26: ='23'!G74 -> 282.534 | AP26: ='23'!G35 -> 2105.99 | AQ26: ='23'!G37 -> 1518.47 | AR26: ='23'!G38 -> 2587.91 | AS26: ='23'!G39 -> 2702.67 | AT26: ='23'!G40 -> 205.87 | AU26: ='23'!G41 -> -3.5 | AV26: ='23'!G42 -> 0 | AW26: ='23'!G43 -> 0 | AX26: ='23'!G44 -> 0 | AY26: ='23'!G36 -> 1190.51 | AZ26: ='23'!G49 -> 575.59 | BA26: ='23'!G51 -> 0 | BB26: ='23'!G52 -> 0 | BC26: ='23'!G53 -> 0 | BD26: ='23'!G54 -> 297.95 | BE26: ='23'!G55 -> 2383.5 | BF26: ='23'!G56 -> 324.91 | BG26: ='23'!G57 -> 2429.03 | BH26: ='23'!G50 -> 1081.11 | BI26: =SUM(AU26,AV26,BE26,BF26) -> 2704.91 | BJ26: ='23'!G133 -> 0.17 | BK26: =SUM(AP26,AU26,AV26,AW26,AZ26,BE26,BF26,BG26)/H26% -> 38.597067 | BL26: =SUM(AS26,BC26)/H26% -> 13.347178 | BM26: =(AR26+BB26)/H26 -> 0.12780434 | BN26: =J26+N26+Q26+U26 -> 279437.2 | BO26: =SUM(AU26,AV26,AW26,BE26,BF26,BG26,BJ26) -> 5134.11 | BP26: =BO26/(AD26*280) -> 0.71765586
A27: 24 | B27: 24 | D27: ='24'!D3 -> 29 | E27: ='24'!D4 -> 0.79 | F27: ='24'!D2 -> 0.41 | G27: ='24'!G7 -> 18979.27 | H27: ='24'!G8 -> 19443.51 | I27: 9 | J27: =H27*I27 -> 174991.59 | K27: =H27/202 -> 96.255 | L27: ='24'!G15 -> 1139.91 | M27: 56.2 | N27: =L27*M27 -> 64062.942 | O27: ='24'!G20 -> 298 | P27: 108 | Q27: =O27*P27 -> 32184 | R27: =O27/(F27*202/100) -> 359.81647 | S27: ='24'!G24 -> 0 | T27: 69 | U27: =S27*T27 -> 0 | V27: ='24'!G65 -> 133 | W27: ='24'!G66 -> 36 | X27: ='24'!G67 -> 21 | Y27: =V27+W27+X27 -> 190 | Z27: ='24'!G84 -> 0 | AA27: ='24'!G85 -> 0 | AB27: ='24'!G86 -> 24.29 | AC27: ='24'!G87 -> 0 | AD27: =Z27+AA27+AB27+AC27 -> 24.29 | AE27: =AU27+AV27+BE27+BF27 -> 2847.02 | AF27: =AE27/AD27 -> 117.20955 | AG27: ='24'!G88 -> 4.87 | AH27: ='24'!G89 -> 10.9 | AI27: ='24'!G90 -> 6.17 | AJ27: =AG27+AH27+AI27 -> 21.94 | AK27: ='24'!G91 -> 0.21 | AL27: ='24'!G92 -> 10.92 | AN27: =AK27+AL27 -> 11.13 | AO27: ='24'!G74 -> 298.466 | AP27: ='24'!G35 -> 1984.64 | AQ27: ='24'!G37 -> 1513.32 | AR27: ='24'!G38 -> 2661.92 | AS27: ='24'!G39 -> 2635.6 | AT27: ='24'!G40 -> 209.52 | AU27: ='24'!G41 -> 0.01 | AV27: ='24'!G42 -> 0 | AW27: ='24'!G43 -> 0 | AX27: ='24'!G44 -> 0 | AY27: ='24'!G36 -> 801.12 | AZ27: ='24'!G49 -> 564.08 | BA27: ='24'!G51 -> 0.44 | BB27: ='24'!G52 -> 1447.67 | BC27: ='24'!G53 -> 0 | BD27: ='24'!G54 -> 344.59 | BE27: ='24'!G55 -> 2847.01 | BF27: ='24'!G56 -> 0 | BG27: ='24'!G57 -> 2368 | BH27: ='24'!G50 -> 1059.2 | BI27: =SUM(AU27,AV27,BE27,BF27) -> 2847.02 | BJ27: ='24'!G133 -> 433 | BK27: =SUM(AP27,AU27,AV27,AW27,AZ27,BE27,BF27,BG27)/H27% -> 39.929725 | BL27: =SUM(AS27,BC27)/H27% -> 13.555166 | BM27: =(AR27+BB27)/H27 -> 0.2113605 | BN27: =J27+N27+Q27+U27 -> 271238.53 | BO27: =SUM(AU27,AV27,AW27,BE27,BF27,BG27,BJ27) -> 5648.02 | BP27: =BO27/(AD27*280) -> 0.83044463
A28: 25 | B28: 25 | D28: ='25'!D3 -> 28 | E28: ='25'!D4 -> 0.79 | F28: ='25'!D2 -> 0.3861 | G28: ='25'!G7 -> 19232.04 | H28: ='25'!G8 -> 19705.4 | I28: 9 | J28: =H28*I28 -> 177348.6 | K28: =H28/202 -> 97.551485 | L28: ='25'!G15 -> 1187.89 | M28: 56.2 | N28: =L28*M28 -> 66759.418 | O28: ='25'!G20 -> 294 | P28: 108 | Q28: =O28*P28 -> 31752 | R28: =O28/(F28*202/100) -> 376.96077 | S28: ='25'!G24 -> 0 | T28: 69 | U28: =S28*T28 -> 0 | V28: ='25'!G65 -> 111 | W28: ='25'!G66 -> 43 | X28: ='25'!G67 -> 19 | Y28: =V28+W28+X28 -> 173 | Z28: ='25'!G84 -> 0 | AA28: ='25'!G85 -> 0 | AB28: ='25'!G86 -> 24.1 | AC28: ='25'!G87 -> -0.42 | AD28: =Z28+AA28+AB28+AC28 -> 23.68 | AE28: =AU28+AV28+BE28+BF28 -> 2821.48 | AF28: =AE28/AD28 -> 119.15034 | AG28: ='25'!G88 -> 8.46 | AH28: ='25'!G89 -> 5.93 | AI28: ='25'!G90 -> 7.55 | AJ28: =AG28+AH28+AI28 -> 21.94 | AK28: ='25'!G91 -> 0 | AL28: ='25'!G92 -> 12.31 | AN28: =AK28+AL28 -> 12.31 | AO28: ='25'!G74 -> 347.38 | AP28: ='25'!G35 -> 2042.37 | AQ28: ='25'!G37 -> 1452.21 | AR28: ='25'!G38 -> 2636.17 | AS28: ='25'!G39 -> 2764.73 | AT28: ='25'!G40 -> 205.61 | AU28: ='25'!G41 -> 0 | AW28: ='25'!G43 -> 0 | AX28: ='25'!G44 -> 0 | AY28: ='25'!G36 -> 905.37 | AZ28: ='25'!G49 -> 511.33 | BA28: ='25'!G51 -> -0.44 | BB28: ='25'!G52 -> -0.43 | BC28: ='25'!G53 -> 0 | BD28: ='24'!G54 -> 344.59 | BE28: ='25'!G55 -> 2821.49 | BF28: ='25'!G56 -> -0.01 | BG28: ='25'!G57 -> 2369.67 | BH28: ='25'!G50 -> 1110.69 | BI28: =SUM(AU28,AV28,BE28,BF28) -> 2821.48 | BJ28: ='25'!G133 -> 489 | BK28: =SUM(AP28,AU28,AV28,AW28,AZ28,BE28,BF28,BG28)/H28% -> 39.303186 | BL28: =SUM(AS28,BC28)/H28% -> 14.030317 | BM28: =(AR28+BB28)/H28 -> 0.13375724 | BN28: =J28+N28+Q28+U28 -> 275860.02 | BO28: =SUM(AU28,AV28,AW28,BE28,BF28,BG28,BJ28) -> 5680.15 | BP28: =BO28/(AD28*280) -> 0.85668285
A29: 26 | B29: 26 | D29: ='26'!D3 -> 28 | E29: ='26'!D4 -> 0.79 | F29: ='26'!D2 -> 0.37 | G29: ='26'!G7 -> 19301 | H29: ='26'!G8 -> 19770.32 | I29: 9 | J29: =H29*I29 -> 177932.88 | K29: =H29/202 -> 97.872871 | L29: ='26'!G15 -> 1156.37 | M29: 56.2 | N29: =L29*M29 -> 64987.994 | O29: ='26'!G20 -> 311 | P29: 108 | Q29: =O29*P29 -> 33588 | R29: =O29/(F29*202/100) -> 416.10918 | S29: ='26'!G24 -> 0 | T29: 69 | U29: =S29*T29 -> 0 | V29: ='26'!G65 -> 119 | W29: ='26'!G66 -> 38 | X29: ='26'!G67 -> 34 | Y29: =V29+W29+X29 -> 191 | Z29: ='26'!G84 -> 0 | AA29: ='26'!G85 -> 0 | AB29: ='26'!G86 -> 24.06 | AC29: ='26'!G87 -> 0 | AD29: =Z29+AA29+AB29+AC29 -> 24.06 | AE29: =AU29+AV29+BE29+BF29 -> 2952.83 | AF29: =AE29/AD29 -> 122.72776 | AG29: ='26'!G88 -> 4.97 | AH29: ='26'!G89 -> 9.45 | AI29: ='26'!G90 -> 4.99 | AJ29: =AG29+AH29+AI29 -> 19.41 | AK29: ='26'!G91 -> 0 | AL29: ='26'!G92 -> 12.36 | AN29: =AK29+AL29 -> 12.36 | AO29: ='26'!G74 -> 341.62 | AP29: ='26'!G35 -> 2060.27 | AQ29: ='26'!G37 -> 1383.71 | AR29: ='26'!G38 -> 2631.27 | AS29: ='26'!G39 -> 2594.47 | AT29: ='26'!G40 -> 205.17 | AU29: ='26'!G41 -> 0 | AV29: ='26'!G42 -> 0.43 | AW29: ='26'!G43 -> 0 | AX29: ='26'!G44 -> 0 | AY29: ='26'!G36 -> 1121.47 | AZ29: ='26'!G49 -> 501.15 | BA29: ='26'!G51 -> 0.44 | BB29: ='26'!G52 -> 0.43 | BC29: ='26'!G53 -> 0.03 | BD29: ='26'!G54 -> 318.57 | BE29: ='26'!G55 -> 2952.39 | BF29: ='26'!G56 -> 0.01 | BG29: ='26'!G57 -> 2358.57 | BH29: ='26'!G50 -> 1073.19 | BI29: =SUM(AU29,AV29,BE29,BF29) -> 2952.83 | BJ29: ='26'!G133 -> 517 | BK29: =SUM(AP29,AU29,AV29,AW29,AZ29,BE29,BF29,BG29)/H29% -> 39.821409 | BL29: =SUM(AS29,BC29)/H29% -> 13.123207 | BM29: =(AR29+BB29)/H29 -> 0.13311368 | BN29: =J29+N29+Q29+U29 -> 276508.87 | BO29: =SUM(AU29,AV29,AW29,BE29,BF29,BG29,BJ29) -> 5828.4 | BP29: =BO29/(AD29*280) -> 0.86515853
A30: 27 | B30: 27 | D30: ='27'!D3 -> 32 | E30: ='27'!D4 -> 0.76 | F30: ='27'!D2 -> 0.76 | G30: ='27'!G7 -> 376388.2 | H30: ='27'!G8 -> -633292.33 | I30: 9 | J30: =H30*I30 -> -5699631 | K30: =H30/202 -> -3135.1105 | L30: ='27'!G15 -> -34276.02 | M30: 56.2 | N30: =L30*M30 -> -1926312.3 | O30: ='27'!G20 -> -1402 | P30: 108 | Q30: =O30*P30 -> -151416 | R30: =O30/(F30*202/100) -> -913.23606 | S30: ='27'!G24 -> 0 | T30: 69 | U30: =S30*T30 -> 0 | V30: ='27'!G65 -> -3701 | W30: ='27'!G66 -> -769 | X30: ='27'!G67 -> -730 | Y30: =V30+W30+X30 -> -5200 | Z30: ='27'!G84 -> 0 | AA30: ='27'!G85 -> -367 | AB30: ='27'!G86 -> -91.58 | AC30: ='27'!G87 -> -280 | AD30: =Z30+AA30+AB30+AC30 -> -738.58 | AE30: =AU30+AV30+BE30+BF30 -> -108142.59 | AF30: =AE30/AD30 -> 146.4196 | AG30: ='27'!G88 -> -140.67 | AH30: ='27'!G89 -> -272.15 | AI30: ='27'!G90 -> -253.09 | AJ30: =AG30+AH30+AI30 -> -665.91 | AK30: ='27'!G91 -> -8.21 | AL30: ='27'!G92 -> -337.93 | AN30: =AK30+AL30 -> -346.14 | AO30: ='27'!G74 -> -9591 | AP30: ='27'!G35 -> -74409.6 | AQ30: ='27'!G37 -> -43815.71 | AR30: ='27'!G38 -> -76491.28 | AS30: ='27'!G39 -> -82906.44 | AT30: ='27'!G40 -> -8788.2 | AU30: ='27'!G41 -> -0.01 | AV30: ='27'!G42 -> -67644.88 | AW30: ='27'!G43 -> 0 | AX30: ='27'!G44 -> 0 | AY30: ='27'!G36 -> -27110.47 | AZ30: ='27'!G49 -> -15396.4 | BA30: ='27'!G51 -> 0 | BB30: ='27'!G52 -> -1447.43 | BC30: ='27'!G53 -> 0 | BD30: ='27'!G54 -> -9561.41 | BE30: ='27'!G55 -> -11004.76 | BF30: ='27'!G56 -> -29492.94 | BG30: ='27'!G57 -> -74727.27 | BH30: ='27'!G50 -> -39745.88 | BI30: =SUM(AU30,AV30,BE30,BF30) -> -108142.59 | BJ30: ='27'!G133 -> -17363 | BK30: =SUM(AP30,AU30,AV30,AW30,AZ30,BE30,BF30,BG30)/H30% -> 43.056871 | BL30: =SUM(AS30,BC30)/H30% -> 13.091338 | BM30: =(AR30+BB30)/H30 -> 0.12306909 | BN30: =J30+N30+Q30+U30 -> -7777359.3 | BO30: =SUM(AU30,AV30,AW30,BE30,BF30,BG30,BJ30) -> -200232.86 | BP30: =BO30/(AD30*280) -> 0.96823277
A31: 28 | B31: 28 | D31: ='28'!D3 -> 32 | E31: ='28'!D4 -> 0.7 | F31: ='28'!D2 -> 0.8 | G31: ='28'!G7 -> 22059.6 | H31: ='28'!G8 -> 22210.61 | I31: 9 | J31: =H31*I31 -> 199895.49 | K31: =H31/202 -> 109.95351 | L31: ='28'!G15 -> 1167.57 | M31: 56.2 | N31: =L31*M31 -> 65617.434 | O31: ='28'!G20 -> 308 | P31: 108 | Q31: =O31*P31 -> 33264 | R31: =O31/(F31*202/100) -> 190.59406 | S31: ='28'!G24 -> 0 | T31: 69 | U31: =S31*T31 -> 0 | V31: ='28'!G65 -> 42 | W31: ='28'!G66 -> 8 | X31: ='28'!G67 -> 44 | Y31: =V31+W31+X31 -> 94 | Z31: ='28'!G84 -> 0 | AA31: ='28'!G85 -> 24 | AB31: ='28'!G86 -> 0 | AC31: ='28'!G87 -> 6.45 | AD31: =Z31+AA31+AB31+AC31 -> 30.45 | AE31: =AU31+AV31+BE31+BF31 -> 4973.48 | AF31: =AE31/AD31 -> 163.33268 | AG31: ='28'!G88 -> 7.47 | AH31: ='28'!G89 -> 4.3 | AI31: ='28'!G90 -> 16.97 | AJ31: =AG31+AH31+AI31 -> 28.74 | AK31: ='28'!G91 -> 0 | AL31: ='28'!G92 -> 8.07 | AN31: =AK31+AL31 -> 8.07 | AO31: ='28'!G74 -> 205 | AP31: ='28'!G35 -> 2541.33 | AQ31: ='28'!G37 -> 1410 | AR31: ='28'!G38 -> 2515.01 | AS31: ='28'!G39 -> 2685.97 | AT31: ='28'!G40 -> 386.03 | AU31: ='28'!G41 -> 0 | AV31: ='28'!G42 -> 4238.45 | AW31: ='28'!G43 -> 0 | AX31: ='28'!G44 -> 0 | AY31: ='28'!G36 -> 1102 | AZ31: ='28'!G49 -> 313.25 | BA31: ='28'!G51 -> -0.44 | BB31: ='28'!G52 -> 0 | BC31: ='28'!G53 -> -0.03 | BD31: ='28'!G54 -> 336.2 | BE31: ='28'!G55 -> 0 | BF31: ='28'!G56 -> 735.03 | BG31: ='28'!G57 -> 2592 | BH31: ='28'!G50 -> 1360.69 | BI31: =SUM(AU31,AV31,BE31,BF31) -> 4973.48 | BJ31: ='28'!G133 -> 700 | BK31: =SUM(AP31,AU31,AV31,AW31,AZ31,BE31,BF31,BG31)/H31% -> 46.914785 | BL31: =SUM(AS31,BC31)/H31% -> 12.093049 | BM31: =(AR31+BB31)/H31 -> 0.11323462 | BN31: =J31+N31+Q31+U31 -> 298776.92 | BO31: =SUM(AU31,AV31,AW31,BE31,BF31,BG31,BJ31) -> 8265.48 | BP31: =BO31/(AD31*280) -> 0.96944405
A32: 29 | B32: 29 | D32: ='29'!D3 -> 27 | E32: ='29'!D4 -> 0.79 | F32: ='29'!D2 -> 1 | G32: ='29'!G7 -> 23062.47 | H32: ='29'!G8 -> 23237.49 | I32: 9 | J32: =H32*I32 -> 209137.41 | K32: =H32/202 -> 115.03708 | L32: ='29'!G15 -> 1254.99 | M32: 56.2 | N32: =L32*M32 -> 70530.438 | O32: ='29'!G20 -> 268 | P32: 108 | Q32: =O32*P32 -> 28944 | R32: =O32/(F32*202/100) -> 132.67327 | S32: ='29'!G24 -> 0 | T32: 69 | U32: =S32*T32 -> 0 | V32: ='29'!G65 -> 139 | W32: ='29'!G66 -> 14 | X32: ='29'!G67 -> 26 | Y32: =V32+W32+X32 -> 179 | Z32: ='29'!G84 -> 0 | AA32: ='29'!G85 -> 24.54 | AB32: ='29'!G86 -> 0 | AC32: ='29'!G87 -> 2.81 | AD32: =Z32+AA32+AB32+AC32 -> 27.35 | AE32: =AU32+AV32+BE32+BF32 -> 5058.18 | AF32: =AE32/AD32 -> 184.9426 | AG32: ='29'!G88 -> 8.88 | AH32: ='29'!G89 -> 9.7 | AI32: ='29'!G90 -> 6.14 | AJ32: =AG32+AH32+AI32 -> 24.72 | AK32: ='29'!G91 -> 0 | AL32: ='29'!G92 -> 11.63 | AN32: =AK32+AL32 -> 11.63 | AO32: ='29'!G74 -> 309 | AP32: ='29'!G35 -> 2897 | AQ32: ='29'!G37 -> 1446 | AR32: ='29'!G38 -> 2745 | AS32: ='29'!G39 -> 2857 | AT32: ='29'!G40 -> 462.73 | AU32: ='29'!G41 -> 0 | AV32: ='29'!G42 -> 4785.95 | AW32: ='29'!G43 -> 0 | AX32: ='29'!G44 -> 0 | AY32: ='29'!G36 -> 1275 | AZ32: ='29'!G49 -> 327.47 | BA32: ='29'!G51 -> 0.44 | BB32: ='29'!G52 -> 0 | BC32: ='29'!G53 -> 0 | BD32: ='29'!G54 -> 356.86 | BE32: ='29'!G55 -> 0 | BF32: ='29'!G56 -> 272.23 | BG32: ='29'!G57 -> 2596 | BH32: ='29'!G50 -> 1528 | BI32: =SUM(AU32,AV32,BE32,BF32) -> 5058.18 | BJ32: ='29'!G133 -> 1393 | BK32: =SUM(AP32,AU32,AV32,AW32,AZ32,BE32,BF32,BG32)/H32% -> 46.815082 | BL32: =SUM(AS32,BC32)/H32% -> 12.294787 | BM32: =(AR32+BB32)/H32 -> 0.11812808 | BN32: =J32+N32+Q32+U32 -> 308611.85 | BO32: =SUM(AU32,AV32,AW32,BE32,BF32,BG32,BJ32) -> 9047.18 | BP32: =BO32/(AD32*280) -> 1.1814025
A33: 30 | B33: 30 | D33: ='30'!D3 -> 28 | E33: ='30'!D4 -> 0.78 | F33: ='30'!D2 -> 0.5 | G33: ='30'!G7 -> 21377.62 | H33: ='30'!G8 -> 21529.17 | I33: 9 | J33: =H33*I33 -> 193762.53 | K33: =H33/202 -> 106.58005 | L33: ='30'!G15 -> 1214.29 | M33: 56.2 | N33: =L33*M33 -> 68243.098 | O33: ='30'!G20 -> 363 | P33: 108 | Q33: =O33*P33 -> 39204 | R33: =O33/(F33*202/100) -> 359.40594 | S33: ='30'!G24 -> 0 | T33: 69 | U33: =S33*T33 -> 0 | V33: ='30'!G65 -> 127 | W33: ='30'!G66 -> 22 | X33: ='30'!G67 -> 28 | Y33: =V33+W33+X33 -> 177 | Z33: ='30'!G84 -> 0 | AA33: ='30'!G85 -> 23.92 | AB33: ='30'!G86 -> 0 | AC33: ='30'!G87 -> -0.26 | AD33: =Z33+AA33+AB33+AC33 -> 23.66 | AE33: =AU33+AV33+BE33+BF33 -> 4680.82 | AF33: =AE33/AD33 -> 197.83686 | AG33: ='30'!G88 -> 2.65 | AH33: ='30'!G89 -> 11.13 | AI33: ='30'!G90 -> 10.89 | AJ33: =AG33+AH33+AI33 -> 24.67 | AK33: ='30'!G91 -> 8 | AL33: ='30'!G92 -> 11.13 | AN33: =AK33+AL33 -> 19.13 | AO33: ='30'!G74 -> 574 | AP33: ='30'!G35 -> 2824 | AQ33: ='30'!G37 -> 1448 | AR33: ='30'!G38 -> 7190 | AS33: ='30'!G39 -> 2631.19 | AT33: ='30'!G40 -> 453.27 | AU33: ='30'!G41 -> 0 | AV33: ='30'!G42 -> 4681.05 | AW33: ='30'!G43 -> 0 | AX33: ='30'!G44 -> 0 | AY33: ='30'!G36 -> 917 | AZ33: ='30'!G49 -> 411.53 | BA33: ='30'!G51 -> -0.44 | BB33: ='30'!G52 -> 0 | BC33: ='30'!G53 -> 0 | BD33: ='30'!G54 -> 360.78 | BE33: ='30'!G55 -> 0 | BF33: ='30'!G56 -> -0.23 | BG33: ='30'!G57 -> 2488 | BH33: ='30'!G50 -> 1238 | BI33: =SUM(AU33,AV33,BE33,BF33) -> 4680.82 | BJ33: ='30'!G133 -> 216 | BK33: =SUM(AP33,AU33,AV33,AW33,AZ33,BE33,BF33,BG33)/H33% -> 48.326759 | BL33: =SUM(AS33,BC33)/H33% -> 12.221512 | BM33: =(AR33+BB33)/H33 -> 0.3339655 | BN33: =J33+N33+Q33+U33 -> 301209.63 | BO33: =SUM(AU33,AV33,AW33,BE33,BF33,BG33,BJ33) -> 7384.82 | BP33: =BO33/(AD33*280) -> 1.1147235
A34: 31 | B34: 31 | D34: 30 | E34: ='30'!D5 -> Unit | F34: ='30'!D3 -> 28 | G34: ='31'!G7 -> 22926 | H34: ='31'!G8 -> 22341.83 | I34: 9 | J34: =H34*I34 -> 201076.47 | K34: =H34/202 -> 110.60312 | L34: ='31'!G15 -> 1090.358 | M34: 56.2 | N34: =L34*M34 -> 61278.12 | O34: ='31'!G20 -> 228 | P34: 108 | Q34: =O34*P34 -> 24624 | R34: =O34/(F34*202/100) -> 4.0311174 | S34: ='30'!G25 -> 0 | T34: 70 | U34: =S34*T34 -> 0 | V34: ='31'!G65 -> 140 | W34: ='31'!G66 -> 17 | X34: ='31'!G67 -> 27 | Y34: =V34+W34+X34 -> 184 | Z34: ='31'!G84 -> 0 | AA34: ='31'!G85 -> 23.99 | AB34: ='31'!G86 -> 0 | AC34: ='31'!G87 -> 5 | AD34: =Z34+AA34+AB34+AC34 -> 28.99 | AE34: =AU34+AV34+BE34+BF34 -> 4675.69 | AF34: =AE34/AD34 -> 161.28631 | AG34: ='31'!G88 -> 2.6 | AH34: ='31'!G89 -> 8.87 | AI34: ='31'!G90 -> 10.18 | AJ34: =AG34+AH34+AI34 -> 21.65 | AK34: ='31'!G91 -> 0.21 | AL34: ='31'!G92 -> 10.86 | AN34: =AK34+AL34 -> 11.07 | AO34: ='31'!G74 -> 302 | AP34: ='31'!G35 -> 2826.99 | AQ34: ='31'!G37 -> 1379.87 | AR34: ='31'!G38 -> 177.35 | AS34: ='31'!G39 -> 2837.81 | AT34: ='31'!G40 -> 458.35 | AU34: ='31'!G41 -> 0.01 | AV34: ='31'!G42 -> 4216.47 | AW34: ='31'!G43 -> 0 | AX34: ='31'!G44 -> 0 | AY34: ='31'!G36 -> 1010.9 | AZ34: ='31'!G49 -> 500.15 | BA34: ='31'!G51 -> 0 | BB34: ='31'!G52 -> 0 | BC34: ='31'!G53 -> 0.03 | BD34: ='31'!G54 -> 361.13 | BE34: ='31'!G55 -> 0 | BF34: ='31'!G56 -> 459.21 | BG34: ='31'!G57 -> 2607 | BH34: ='31'!G50 -> 1439 | BI34: =SUM(AU34,AV34,BE34,BF34) -> 4675.69 | BJ34: ='31'!G133 -> 793 | BK34: =SUM(AP34,AU34,AV34,AW34,AZ34,BE34,BF34,BG34)/H34% -> 47.488635 | BL34: =SUM(AS34,BC34)/H34% -> 12.701914 | BM34: =(AR34+BB34)/H34 -> 0.0079380248 | BN34: =J34+N34+Q34+U34 -> 286978.59 | BO34: =SUM(AU34,AV34,AW34,BE34,BF34,BG34,BJ34) -> 8075.69 | BP34: =BO34/(AD34*280) -> 0.99488617
A35: Total | D35: =AVERAGE(D4:D34) -> 27.548387 | F35: =AVERAGE(F4:F34) -> 1.5921323 | G35: =SUM(G4:G34) -> 999181 | H35: =SUM(H4:H34) -> 2.910383e-11 | I35: 9 | J35: =SUM(J4:J34) -> 5.8207661e-10 | K35: =SUM(K4:K34) -> -2.2737368e-13 | L35: =SUM(L4:L34) -> 0 | M35: =SUM(M4:M34) -> 1742.2 | N35: =SUM(N4:N34) -> -4.4383341e-10 | O35: =SUM(O4:O34) -> 6825 | P35: =SUM(P4:P34) -> 3348 | Q35: =SUM(Q4:Q34) -> 737100 | ... BN35: =SUM(BN4:BN34) -> 737100 | BO35: =SUM(AU35,AV35,AW35,BE35,BF35,BG35,BJ35) -> -1303276.8 | BP35: =BO35/(AD35*280) -> 13298.743
B36: =B18-B17 -> 1 | C36: =C18-C17 -> 0 | D36: =D18-D17 -> -4 | E36: =E18-E17 -> -0.02 | F36: =F18-F17 -> 0 | H36: =H18-H17 -> -267.2 | I36: =I18-I17 -> 0 | J36: =J18-J17 -> -2404.8 | K36: =K18-K17 -> -1.3227723 | L36: =L18-L17 -> -179 | M36: =M18-M17 -> 0 | N36: =N18-N17 -> -10059.8 | O36: =O18-O17 -> 66 | ... AN36: =AN18-AN17 -> -0.75 | AP36: =AP18-AP17 -> 453.82 | AQ36: =AQ18-AQ17 -> 11.17 | AR36: =AR18-AR17 -> 99.89 | AS36: =AS18-AS17 -> -108.51 | AT36: =AT18-AT17 -> 24.93 | AU36: =AU18-AU17 -> 0 | AV36: =AV18-AV17 -> 0.43 | AW36: =AW18-AW17 -> 0 | AZ36: =AZ18-AZ17 -> 16.29 | BA36: =BA18-BA17 -> -0.44 | BB36: =BB18-BB17 -> -0.24 | BC36: =BC18-BC17 -> -0.03 | BD36: =BD18-BD17 -> -117.18 | BE36: =BE18-BE17 -> 0 | BF36: =BF18-BF17 -> 286.17 | BG36: =BG18-BG17 -> -23.67 | BK36: =BK18-BK17 -> 4.0618251 | BL36: =BL18-BL17 -> -0.35568022 | BN36: =BN18-BN17 -> -5336.6 | BO36: =BO18-BO17 -> 262.93
F37: =AVERAGE(F4:F35) -> 1.5921323 | H37: =AVERAGE(H4:H35) -> 1.8189894e-12
B38: Guest complaint | F38: =AVERAGE(F4:F35) -> 1.5921323
BI41: =(BI31+BJ31)/400 -> 14.1837

Sheet Occupancy
B1: Hotel Paid Occupancy Occ% | C1: Room Nights | D1: Comp Night | E1: Cummulative % | F1: Total Covers Guests | G1: Total Room Nights | H1: Paid occ % | J1: KWH/Room
A2: 1 | B2: =C2/202% -> 77.227723 | C2: 156 | D2: 5 | E2: =(C2+D2)/202% -> 79.70297 | F2: 451 | G2: =C2+D2 -> 161 | H2: =C2/202% -> 77.227723 | J2: ='Section Load'!C5/G2 -> 132.69565 | K2: =10/202 -> 0.04950495
A3: 2 | B3: =C3/202% -> 73.267327 | C3: 148 | D3: 4 | E3: =(C3+D3)/202% -> 75.247525 | F3: 351 | G3: =C3+D3 -> 152 | H3: =C3/202% -> 73.267327 | J3: ='Section Load'!C6/G3 -> 137.32237
A4: 3 | B4: =C4/202% -> 84.653465 | C4: 171 | D4: 5 | E4: =(C4+D4)/202% -> 87.128713 | F4: 369 | G4: =C4+D4 -> 176 | H4: =C4/202% -> 84.653465 | J4: ='Section Load'!C7/G4 -> 124.07386 | Q4: =C2/202 -> 0.77227723
A5: 4 | B5: =C5/202% -> 86.138614 | C5: 174 | D5: 5 | E5: =(C5+D5)/202% -> 88.613861 | F5: 455 | G5: =C5+D5 -> 179 | H5: =C5/202% -> 86.138614 | J5: ='Section Load'!C8/G5 -> 118.41341
A6: 5 | B6: =C6/202% -> 83.168317 | C6: 168 | D6: 6 | E6: =(C6+D6)/202% -> 86.138614 | F6: 482 | G6: =C6+D6 -> 174 | H6: =C6/202% -> 83.168317 | J6: ='Section Load'!C9/G6 -> 121.13793
A7: 6 | B7: =C7/202% -> 80.19802 | C7: 162 | D7: 5 | E7: =(C7+D7)/202% -> 82.673267 | F7: 551 | G7: =C7+D7 -> 167 | H7: =C7/202% -> 80.19802 | J7: ='Section Load'!C10/G7 -> 123.26946
A8: 7 | B8: =C8/202% -> 76.237624 | C8: 154 | D8: 7 | E8: =(C8+D8)/202% -> 79.70297 | F8: 658 | G8: =C8+D8 -> 161 | H8: =C8/202% -> 76.237624 | J8: ='Section Load'!C11/G8 -> 134.04348
A9: 8 | B9: =C9/202% -> 69.306931 | C9: 140 | D9: 5 | E9: =(C9+D9)/202% -> 71.782178 | F9: 542 | G9: =C9+D9 -> 145 | H9: =C9/202% -> 69.306931 | J9: ='Section Load'!C12/G9 -> 148.95172
A10: 9 | B10: =C10/202% -> 76.732673 | C10: 155 | D10: 6 | E10: =(C10+D10)/202% -> 79.70297 | F10: 398 | G10: =C10+D10 -> 161 | H10: =C10/202% -> 76.732673 | J10: ='Section Load'!C13/G10 -> 127.16149 | K10: Water Tanker strike 9thMay-10-11-12 May
A11: 10 | B11: =C11/202% -> 76.237624 | C11: 154 | D11: 4 | E11: =(C11+D11)/202% -> 78.217822 | F11: 474 | G11: =C11+D11 -> 158 | H11: =C11/202% -> 76.237624 | J11: ='Section Load'!C14/G11 -> 137.6962
A12: 11 | B12: =C12/202% -> 79.207921 | C12: 160 | D12: 4 | E12: =(C12+D12)/202% -> 81.188119 | G12: =C12+D12 -> 164 | H12: =C12/202% -> 79.207921 | J12: ='Section Load'!C15/G12 -> 132.82927
A13: 12 | B13: =C13/202% -> 80.693069 | C13: 163 | D13: 1 | E13: =(C13+D13)/202% -> 81.188119 | G13: =C13+D13 -> 164 | H13: =C13/202% -> 80.693069 | J13: ='Section Load'!C16/G13 -> 130.70732
A14: 13 | B14: =C14/202% -> 82.178218 | C14: 166 | D14: 1 | E14: =(C14+D14)/202% -> 82.673267 | G14: =C14+D14 -> 167 | H14: =C14/202% -> 82.178218 | J14: ='Section Load'!C17/G14 -> 132.42515
A15: 14 | B15: =C15/202% -> 83.168317 | C15: 168 | D15: 1 | E15: =(C15+D15)/202% -> 83.663366 | G15: =C15+D15 -> 169 | H15: =C15/202% -> 83.168317 | J15: ='Section Load'!C18/G15 -> 123.64497
A16: 15 | B16: =C16/202% -> 59.90099 | C16: 121 | D16: 1 | E16: =(C16+D16)/202% -> 60.39604 | G16: =C16+D16 -> 122 | H16: =C16/202% -> 59.90099 | J16: ='Section Load'!C19/G16 -> 169.08852
A17: 16 | B17: =C17/202% -> 76.237624 | C17: 154 | D17: 4 | E17: =(C17+D17)/202% -> 78.217822 | G17: =C17+D17 -> 158 | H17: =C17/202% -> 76.237624 | J17: ='Section Load'!C20/G17 -> 136.08987
A18: 17 | B18: =C18/202% -> 74.257426 | C18: 150 | D18: 8 | E18: =(C18+D18)/202% -> 78.217822 | G18: =C18+D18 -> 158 | H18: =C18/202% -> 74.257426 | J18: ='Section Load'!C21/G18 -> 126.91772
A19: 18 | B19: =C19/202% -> 75.247525 | C19: 152 | D19: 8 | E19: =(C19+D19)/202% -> 79.207921 | G19: =C19+D19 -> 160 | H19: =C19/202% -> 75.247525 | J19: ='Section Load'!C22/G19 -> 127.825
A20: 19 | B20: =C20/202% -> 78.217822 | C20: 158 | D20: 8 | E20: =(C20+D20)/202% -> 82.178218 | G20: =C20+D20 -> 166 | H20: =C20/202% -> 78.217822 | J20: ='Section Load'!C23/G20 -> 130.45783
A21: 20 | B21: =C21/202% -> 74.257426 | C21: 150 | D21: 2 | E21: =(C21+D21)/202% -> 75.247525 | G21: =C21+D21 -> 152 | H21: =C21/202% -> 74.257426 | J21: ='Section Load'!C24/G21 -> 140.86184
A22: 21 | B22: =C22/202% -> 70.29703 | C22: 142 | D22: 2 | E22: =(C22+D22)/202% -> 71.287129 | G22: =C22+D22 -> 144 | H22: =C22/202% -> 70.29703 | J22: ='Section Load'!C25/G22 -> 144.59028
A23: 22 | B23: 83 | C23: 131 | D23: 4 | E23: =(C23+D23)/202% -> 66.831683 | G23: =C23+D23 -> 135 | H23: =C23/202% -> 64.851485 | J23: ='Section Load'!C26/G23 -> 145.98519
A24: 23 | B24: 98 | C24: 137 | D24: 4 | E24: =(C24+D24)/202% -> 69.80198 | G24: =C24+D24 -> 141 | H24: =C24/202% -> 67.821782 | J24: ='Section Load'!C27/G24 -> 143.60993
A25: 24 | B25: =C25/202% -> 74.257426 | C25: 150 | D25: 5 | E25: =(C25+D25)/202% -> 76.732673 | G25: =C25+D25 -> 155 | H25: =C25/202% -> 74.257426 | J25: ='Section Load'!C28/G25 -> 125.442
A26: 25 | B26: =C26/202% -> 74.752475 | C26: 151 | D26: 7 | E26: =(C26+D26)/202% -> 78.217822 | G26: =C26+D26 -> 158 | H26: =C26/202% -> 74.752475 | J26: ='Section Load'!C29/G26 -> 124.71772
A27: 26 | B27: =C27/202% -> 70.792079 | C27: 143 | D27: 8 | E27: =(C27+D27)/202% -> 74.752475 | G27: =C27+D27 -> 151 | H27: =C27/202% -> 70.792079 | J27: ='Section Load'!C30/G27 -> 130.92927
A28: 27 | B28: =C28/202% -> 75.742574 | C28: 153 | D28: 8 | E28: =(C28+D28)/202% -> 79.70297 | G28: =C28+D28 -> 161 | H28: =C28/202% -> 75.742574 | J28: ='Section Load'!C31/G28 -> -3933.4927
A29: 28 | B29: =C29/202% -> 0 | E29: =(C29+D29)/202% -> 0 | G29: =C29+D29 -> 0 | H29: =C29/202% -> 0 | J29: ='Section Load'!C32/G29 -> #DIV/0!
A30: 29 | B30: =C30/202% -> 0 | E30: =(C30+D30)/202% -> 0 | G30: =C30+D30 -> 0 | H30: =C30/202% -> 0 | J30: ='Section Load'!C33/G30 -> #DIV/0!
A31: 30 | B31: =C31/202% -> 0 | E31: =(C31+D31)/202% -> 0 | G31: =C31+D31 -> 0 | H31: =C31/202% -> 0 | J31: ='Section Load'!C34/G31 -> #DIV/0!
A32: 31 | B32: =C32/202% -> 0 | E32: =(C32+D32)/202% -> 0 | H32: =C32/202% -> 0 | J32: ='Section Load'!C35/G32 -> #DIV/0!
A33: Average | B33: =AVERAGE(B2:B31) -> 69.779208 | C33: 154 | D33: =AVERAGE(D2:D31) -> 4.7407407 | E33: =AVERAGE(E2:E31) -> 70.280528 | F33: =AVERAGE(F2:F31) -> 473.1 | G33: =AVERAGE(G2:G31) -> 141.96667 | H33: =AVERAGE(H2:H31) -> 68.168317
C34: 4855 | D34: 158 | G34: 16958

Sheet Water Report
C3: Date | D3: 1 | E3: 2 | F3: 3 | G3: 4 | H3: 5 | I3: 6 | J3: 7 | K3: 8 | L3: 9 | M3: 10 | N3: 11 | O3: 12 | P3: 13 | Q3: 14 | R3: 15 | S3: 16 | T3: 17 | U3: 18 | V3: 19 | W3: 20 | X3: 21 | Y3: 22 | Z3: 23 | AA3: 24 | AB3: 25 | AC3: 26 | AD3: 27 | AE3: 28 | AF3: 29 | AG3: 30 | AH3: 31
C4: occupancy | D4: =Occupancy!B2 -> 77.227723 | E4: =Occupancy!B3 -> 73.267327 | F4: =Occupancy!C3 -> 148 | G4: =Occupancy!D3 -> 4 | H4: =Occupancy!E3 -> 75.247525 | I4: =Occupancy!F3 -> 351 | J4: =Occupancy!G3 -> 152 | K4: =Occupancy!H3 -> 73.267327 | L4: =Occupancy!I3 -> 0 | ... AH4: =Occupancy!AE3 -> 0
C5: Tanker | D5: ='1'!G18 -> 190 | E5: ='2'!G18 -> 230 | F5: ='3'!G18 -> 260 | G5: ='4'!G18 -> 210 | H5: ='5'!G18 -> 130 | I5: ='6'!G18 -> 260 | J5: ='7'!G18 -> 170 | K5: ='8'!G18 -> 240 | L5: ='9'!G18 -> 180 | M5: ='10'!G18 -> 200 | N5: ='11'!G18 -> 260 | O5: ='12'!G18 -> 190 | P5: ='13'!G18 -> 170 | Q5: ='14'!G18 -> 230 | R5: ='15'!G18 -> 300 | S5: ='16'!G18 -> 220 | T5: ='17'!G18 -> 150 | U5: ='18 '!G18 -> 230 | V5: ='19'!G18 -> 170 | W5: ='20'!G18 -> 220 | X5: ='21'!G18 -> 200 | Y5: ='22'!G18 -> 220 | Z5: ='23'!G18 -> 220 | AA5: ='24'!G18 -> 240 | AB5: ='25'!G18 -> 240 | AC5: ='26'!G18 -> 260 | AD5: ='27'!G18 -> 290 | AE5: ='28'!G18 -> 250 | AF5: ='29'!G18 -> 210 | AG5: ='30'!G18 -> 310 | AH5: ='31'!G18 -> 180
C6: BMC | D6: ='1'!G19 -> 88 | E6: ='2'!G19 -> 48 | F6: ='3'!G19 -> 62 | G6: ='4'!G19 -> 57 | H6: ='5'!G19 -> 53 | I6: ='6'!G19 -> 46 | J6: ='7'!G19 -> 54 | K6: ='8'!G19 -> 57 | L6: ='9'!G19 -> 63 | M6: ='10'!G19 -> 58 | N6: ='11'!G19 -> 50 | O6: ='12'!G19 -> 55 | P6: ='13'!G19 -> 53 | Q6: ='14'!G19 -> 59 | R6: ='15'!G19 -> 55 | S6: ='16'!G19 -> 52 | T6: ='17'!G19 -> 55 | U6: ='18 '!G19 -> 54 | V6: ='19'!G19 -> 61 | W6: ='20'!G19 -> 56 | X6: ='21'!G19 -> 61 | Y6: ='22'!G19 -> 55 | Z6: ='23'!G19 -> 55 | AA6: ='24'!G19 -> 58 | AB6: ='25'!G19 -> 54 | AC6: ='26'!G19 -> 51 | AD6: ='27'!G19 -> -1692 | AE6: ='28'!G19 -> 58 | AF6: ='29'!G19 -> 58 | AG6: ='30'!G19 -> 53 | AH6: ='31'!G19 -> 48
C7: R.O. Plant Production | D7: ='1'!G62 -> 91.5 | E7: ='2'!G62 -> 90 | F7: ='3'!G62 -> 158 | G7: ='4'!G62 -> 87.5 | H7: ='5'!G62 -> 124 | I7: ='6'!G62 -> 114 | J7: ='7'!G62 -> 66 | K7: ='8'!G62 -> 134 | L7: ='9'!G62 -> 141.9 | M7: ='10'!G62 -> 131.4 | N7: ='11'!G62 -> 146.7 | O7: ='12'!G62 -> 0 | P7: ='13'!G62 -> 0 | Q7: ='14'!G62 -> 0 | R7: ='15'!G62 -> 143.5 | S7: ='16'!G62 -> 85.5 | T7: ='17'!G62 -> 96 | U7: ='18 '!G62 -> 106 | V7: ='19'!G62 -> 106 | W7: ='20'!G62 -> 121 | X7: ='21'!G62 -> 168 | Y7: ='22'!G62 -> 160 | Z7: ='23'!G62 -> 121.2 | AA7: ='24'!G62 -> 154.6 | AB7: ='25'!G62 -> 126.6 | AC7: ='26'!G62 -> 174.6 | AD7: ='27'!G62 -> -3336 | AE7: ='28'!G62 -> 3 | AF7: ='29'!G62 -> 155 | AG7: ='30'!G62 -> 140 | AH7: ='31'!G62 -> 190
C8: STP Production | D8: ='1'!G63 -> 101 | E8: ='2'!G63 -> 110 | F8: ='3'!G63 -> 91 | G8: ='4'!G63 -> 96 | H8: ='5'!G63 -> 114 | I8: ='6'!G63 -> 114 | J8: ='7'!G63 -> 96 | K8: ='8'!G63 -> 108 | L8: ='9'!G63 -> 117 | M8: ='10'!G63 -> 114 | N8: ='11'!G63 -> 107 | O8: ='12'!G63 -> 119 | P8: ='13'!G63 -> 117 | Q8: ='14'!G63 -> 127 | R8: ='15'!G63 -> 104 | S8: ='16'!G63 -> 113 | T8: ='17'!G63 -> 84 | U8: ='18 '!G63 -> 81 | V8: ='19'!G63 -> 105 | W8: ='20'!G63 -> 94 | X8: ='21'!G63 -> 111 | Y8: ='22'!G63 -> 123 | Z8: ='23'!G63 -> 94 | AA8: ='24'!G63 -> 93 | AB8: ='25'!G63 -> 127 | AC8: ='26'!G63 -> 101 | AD8: ='27'!G63 -> -3266 | AE8: ='28'!G63 -> 178 | AF8: ='29'!G63 -> 113 | AG8: ='30'!G63 -> 115 | AH8: ='31'!G63 -> 99
B9: Domestic Water | C9: Zone-1 | D9: ='1'!G65 -> 127 | E9: ='2'!G65 -> 124 | F9: ='3'!G65 -> 125 | G9: ='4'!G65 -> 102 | H9: ='5'!G65 -> 118 | I9: ='6'!G65 -> 146 | J9: ='7'!G65 -> 123 | K9: ='8'!G65 -> 115 | L9: ='9'!G65 -> 135 | M9: ='10'!G65 -> 125 | N9: ='11'!G65 -> 150 | O9: ='12'!G65 -> 92 | P9: ='13'!G65 -> 132 | Q9: ='14'!G65 -> 132 | R9: ='15'!G65 -> 121 | S9: ='16'!G65 -> 107 | T9: ='17'!G65 -> 118 | U9: ='18 '!G65 -> 127 | V9: ='19'!G65 -> 126 | W9: ='20'!G65 -> 139 | X9: ='21'!G65 -> 149 | Y9: ='22'!G65 -> 141 | Z9: ='23'!G65 -> 116 | AA9: ='24'!G65 -> 133 | AB9: ='25'!G65 -> 111 | AC9: ='26'!G65 -> 119 | AD9: ='27'!G65 -> -3701 | AE9: ='28'!G65 -> 42 | AF9: ='29'!G65 -> 139 | AG9: ='30'!G65 -> 127 | AH9: ='31'!G65 -> 140
C10: Zone-2 | D10: ='1'!G66 -> 12 | E10: ='2'!G66 -> 13 | F10: ='3'!G66 -> 12 | G10: ='4'!G66 -> 19 | H10: ='5'!G66 -> 13 | I10: ='6'!G66 -> 16 | J10: ='7'!G66 -> 20 | K10: ='8'!G66 -> 441 | L10: ='9'!G66 -> 475 | M10: ='10'!G66 -> 40 | N10: ='11'!G66 -> 47 | O10: ='12'!G66 -> 23 | P10: ='13'!G66 -> 46 | Q10: ='14'!G66 -> 46 | R10: ='15'!G66 -> 42 | S10: ='16'!G66 -> 18 | T10: ='17'!G66 -> 9 | U10: ='18 '!G66 -> 7 | V10: ='19'!G66 -> 8 | W10: ='20'!G66 -> 16 | X10: ='21'!G66 -> 13 | Y10: ='22'!G66 -> 57 | Z10: ='23'!G66 -> 35 | AA10: ='24'!G66 -> 36 | AB10: ='25'!G66 -> 43 | AC10: ='26'!G66 -> 38 | AD10: ='27'!G66 -> -769 | AE10: ='28'!G66 -> 8 | AF10: ='29'!G66 -> 14 | AG10: ='30'!G66 -> 22 | AH10: ='31'!G66 -> 17
C11: Zone-3 | D11: ='1'!G67 -> 32 | E11: ='2'!G67 -> 22 | F11: ='3'!G67 -> 25 | G11: ='4'!G67 -> 19 | H11: ='5'!G67 -> 24 | I11: ='6'!G67 -> 30 | J11: ='7'!G67 -> 20 | K11: ='8'!G67 -> 23 | L11: ='9'!G67 -> 23 | M11: ='10'!G67 -> 21 | N11: ='11'!G67 -> 19 | O11: ='12'!G67 -> 3 | P11: ='13'!G67 -> 49 | Q11: ='14'!G67 -> 33 | R11: ='15'!G67 -> 7 | S11: ='16'!G67 -> 16 | T11: ='17'!G67 -> 19 | U11: ='18 '!G67 -> 25 | V11: ='19'!G67 -> 26 | W11: ='20'!G67 -> 24 | X11: ='21'!G67 -> 24 | Y11: ='22'!G67 -> 26 | Z11: ='23'!G67 -> 21 | AA11: ='24'!G67 -> 21 | AB11: ='25'!G67 -> 19 | AC11: ='26'!G67 -> 34 | AD11: ='27'!G67 -> -730 | AE11: ='28'!G67 -> 44 | AF11: ='29'!G67 -> 26 | AG11: ='30'!G67 -> 28 | AH11: ='31'!G67 -> 27
B13: Flushing Water | C13: Zone-1 | D13: ='1'!G68 -> 20 | E13: ='2'!G68 -> 4 | F13: ='3'!G68 -> 24 | G13: ='4'!G68 -> 30 | H13: ='5'!G68 -> 22 | I13: ='6'!G68 -> 21 | J13: ='7'!G68 -> 24 | K13: ='8'!G68 -> 17 | L13: ='9'!G68 -> 15 | M13: ='10'!G68 -> 21 | N13: ='11'!G68 -> 21 | O13: ='12'!G68 -> 15 | P13: ='13'!G68 -> 13 | Q13: ='14'!G68 -> 12 | R13: ='15'!G68 -> 33 | S13: ='16'!G68 -> 30 | T13: ='17'!G68 -> 14 | U13: ='18 '!G68 -> 12 | V13: ='19'!G68 -> 34 | W13: ='20'!G68 -> 20 | X13: ='21'!G68 -> 10 | Y13: ='22'!G68 -> 25 | Z13: ='23'!G68 -> 14 | AA13: ='24'!G68 -> 22 | AB13: ='25'!G68 -> 14 | AC13: ='26'!G68 -> 9 | AD13: ='27'!G68 -> -545 | AE13: ='28'!G68 -> 30 | AF13: ='29'!G68 -> 27 | AG13: ='30'!G68 -> 23 | AH13: ='31'!G68 -> 20
C14: Zone-2 | D14: ='1'!G69 -> 13 | E14: ='2'!G69 -> 8 | F14: ='3'!G69 -> 7 | G14: ='4'!G69 -> 0 | H14: ='5'!G69 -> 4 | I14: ='6'!G69 -> 4 | J14: ='7'!G69 -> 5 | K14: ='8'!G69 -> 4 | L14: ='9'!G69 -> 1 | M14: ='10'!G69 -> 5 | N14: ='11'!G69 -> 3 | O14: ='12'!G69 -> 4 | P14: ='13'!G69 -> 4 | Q14: ='14'!G69 -> 2 | R14: ='15'!G69 -> 4 | S14: ='16'!G69 -> 2 | T14: ='17'!G69 -> 2 | U14: ='18 '!G69 -> 2 | V14: ='19'!G69 -> 8 | W14: ='20'!G69 -> 6 | X14: ='21'!G69 -> 4 | Y14: ='22'!G69 -> 3 | Z14: ='23'!G69 -> 5 | AA14: ='24'!G69 -> 28 | AB14: ='25'!G69 -> 4 | AC14: ='26'!G69 -> 26 | AD14: ='27'!G69 -> -178 | AE14: ='28'!G69 -> 3 | AF14: ='29'!G69 -> 6 | AG14: ='30'!G69 -> 36 | AH14: ='31'!G69 -> 7
C15: Zone-3 | D15: ='1'!G70 -> 10 | E15: ='2'!G70 -> 7 | F15: ='3'!G70 -> 7 | G15: ='4'!G70 -> 7 | H15: ='5'!G70 -> 6 | I15: ='6'!G70 -> 11 | J15: ='7'!G70 -> 5 | K15: ='8'!G70 -> 14 | L15: ='9'!G70 -> 7 | M15: ='10'!G70 -> 2 | N15: ='11'!G70 -> 2 | O15: ='12'!G70 -> 2 | P15: ='13'!G70 -> 26 | Q15: ='14'!G70 -> 14 | R15: ='15'!G70 -> 4 | S15: ='16'!G70 -> 6 | T15: ='17'!G70 -> 5 | U15: ='18 '!G70 -> 14 | V15: ='19'!G70 -> 7 | W15: ='20'!G70 -> 7 | X15: ='21'!G70 -> 8 | Y15: ='22'!G70 -> 5 | Z15: ='23'!G70 -> 9 | AA15: ='24'!G70 -> 7 | AB15: ='25'!G70 -> 5 | AC15: ='26'!G70 -> 7 | AD15: ='27'!G70 -> -244 | AE15: ='28'!G70 -> 16 | AF15: ='29'!G70 -> 6 | AG15: ='30'!G70 -> 12 | AH15: ='31'!G70 -> 6
B17: Branches ( Domestic water ) | C17: Pool | D17: ='1'!G173 -> 1 | E17: ='2'!G173 -> 1 | F17: ='3'!G173 -> 2 | G17: ='4'!G173 -> 2 | H17: ='5'!G173 -> 0 | I17: ='6'!G173 -> 1 | J17: ='7'!G173 -> 1 | K17: ='8'!G173 -> 0 | L17: ='9'!G173 -> 2 | M17: ='10'!G173 -> 2 | N17: ='11'!G173 -> 2 | O17: ='12'!G173 -> 2 | P17: ='13'!G173 -> 2 | Q17: ='14'!G173 -> 0 | R17: ='15'!G173 -> 0 | S17: ='16'!G173 -> 1 | T17: ='17'!G173 -> 0 | U17: ='18 '!G173 -> 1 | V17: ='19'!G173 -> 2 | W17: ='20'!G173 -> 1 | X17: ='21'!G173 -> 1 | Y17: ='22'!G173 -> 0 | Z17: ='23'!G173 -> 2 | AA17: ='24'!G173 -> 0 | AB17: ='25'!G173 -> 4 | AC17: ='26'!G173 -> 0 | AD17: ='27'!G173 -> 0 | AE17: ='28'!G173 -> 0 | AF17: ='29'!G173 -> 0 | AG17: ='30'!G173 -> 0 | AH17: ='31'!G173 -> 0
C18: B2 Laundry | D18: ='1'!G174 -> -1 | E18: ='2'!G174 -> 13 | F18: ='3'!G174 -> 13 | G18: ='4'!G174 -> 13 | H18: ='5'!G174 -> 19 | I18: ='6'!G174 -> 12 | J18: ='7'!G174 -> 11 | K18: ='8'!G174 -> 11 | L18: ='9'!G174 -> 14 | M18: ='10'!G174 -> 11 | N18: ='11'!G174 -> 13 | O18: ='12'!G174 -> 13 | P18: ='13'!G174 -> 12 | Q18: ='14'!G174 -> 14 | R18: ='15'!G174 -> 7 | S18: ='16'!G174 -> 15 | T18: ='17'!G174 -> 10 | U18: ='18 '!G174 -> 10 | V18: ='19'!G174 -> 13 | W18: ='20'!G174 -> 12 | X18: ='21'!G174 -> 16 | Y18: ='22'!G174 -> 13 | Z18: ='23'!G174 -> 12 | AA18: ='24'!G174 -> 12 | AB18: ='25'!G174 -> 10 | AC18: ='26'!G174 -> 10 | AD18: ='27'!G174 -> -341 | AE18: ='28'!G174 -> 9 | AF18: ='29'!G174 -> 14 | AG18: ='30'!G174 -> 10 | AH18: ='31'!G174 -> 10
C19: Boiler Feed Water | D19: ='1'!G175 -> 14 | E19: ='2'!G175 -> 18 | F19: ='3'!G175 -> 17 | G19: ='4'!G175 -> 14 | H19: ='5'!G175 -> 13 | I19: ='6'!G175 -> 13 | J19: ='7'!G175 -> 15 | K19: ='8'!G175 -> 14 | L19: ='9'!G175 -> 16 | M19: ='10'!G175 -> 14 | N19: ='11'!G175 -> 15 | O19: ='12'!G175 -> 14 | P19: ='13'!G175 -> 15 | Q19: ='14'!G175 -> 12 | R19: ='15'!G175 -> 5 | S19: ='16'!G175 -> 23 | T19: ='17'!G175 -> 15 | U19: ='18 '!G175 -> 15 | V19: ='19'!G175 -> 19 | W19: ='20'!G175 -> 17 | X19: ='21'!G175 -> 23 | Y19: ='22'!G175 -> 16 | Z19: ='23'!G175 -> 14 | AA19: ='24'!G175 -> 14 | AB19: ='25'!G175 -> 15 | AC19: ='26'!G175 -> 13 | AD19: ='27'!G175 -> -466 | AE19: ='28'!G175 -> 12 | AF19: ='29'!G175 -> 8 | AG19: ='30'!G175 -> 37 | AH19: ='31'!G175 -> 16
B21: Branches ( STP Water ) | C21: CT water | D21: ='1'!G178 -> 109 | E21: ='2'!G178 -> 100 | F21: ='3'!G178 -> 115 | G21: ='4'!G178 -> 119 | H21: ='5'!G178 -> 133 | I21: ='6'!G178 -> 157 | J21: ='7'!G178 -> 87 | K21: ='8'!G178 -> 105 | L21: ='9'!G178 -> 105 | M21: ='10'!G178 -> 129 | N21: ='11'!G178 -> 100 | O21: ='12'!G178 -> 142 | P21: ='13'!G178 -> 112 | Q21: ='14'!G178 -> 105 | R21: ='15'!G178 -> 64 | S21: ='16'!G178 -> 141 | T21: ='17'!G178 -> 105 | U21: ='18 '!G178 -> 105 | V21: ='19'!G178 -> 98 | W21: ='20'!G178 -> 77 | X21: ='21'!G178 -> 127 | Y21: ='22'!G178 -> 91 | Z21: ='23'!G178 -> 153 | AA21: ='24'!G178 -> 88 | AB21: ='25'!G178 -> 132 | AC21: ='26'!G178 -> 93 | AD21: ='27'!G178 -> -3380 | AE21: ='28'!G178 -> 121 | AF21: ='29'!G178 -> 138 | AG21: ='30'!G178 -> 124 | AH21: ='31'!G178 -> 105
C22: STP flush | D22: ='1'!G179 -> 0 | E22: ='2'!G179 -> 0 | F22: ='3'!G179 -> 0 | G22: ='4'!G179 -> 0 | H22: ='5'!G179 -> 0 | I22: ='6'!G179 -> 0 | J22: ='7'!G179 -> 0 | K22: ='8'!G179 -> 0 | L22: ='9'!G179 -> 0 | M22: ='10'!G179 -> 0 | N22: ='11'!G179 -> 0 | O22: ='12'!G179 -> 0 | P22: ='13'!G179 -> 0 | Q22: ='14'!G179 -> 0 | R22: ='15'!G179 -> 0 | S22: ='16'!G179 -> 0 | T22: ='17'!G179 -> 0 | U22: ='18 '!G179 -> 0 | V22: ='19'!G179 -> 0 | W22: ='20'!G179 -> 0 | X22: ='21'!G179 -> 0 | Y22: ='22'!G179 -> 0 | Z22: ='23'!G179 -> 0 | AA22: ='24'!G179 -> 0 | AB22: ='25'!G179 -> 0 | AC22: ='26'!G179 -> 0 | AD22: ='27'!G179 -> 0 | AE22: ='28'!G179 -> 0 | AF22: ='29'!G179 -> 0 | AG22: ='30'!G179 -> 0 | AH22: ='31'!G179 -> 0
C23: Garden | D23: ='1'!G180 -> 0 | E23: ='2'!G180 -> 11 | F23: ='3'!G180 -> 0 | G23: ='4'!G180 -> 0 | H23: ='5'!G180 -> 10 | I23: ='6'!G180 -> 7 | J23: ='7'!G180 -> 8 | K23: ='8'!G180 -> 0 | L23: ='9'!G180 -> 0 | M23: ='10'!G180 -> 0 | N23: ='11'!G180 -> 18 | O23: ='12'!G180 -> 4 | P23: ='13'!G180 -> 0 | Q23: ='14'!G180 -> 10 | R23: ='15'!G180 -> 0 | S23: ='16'!G180 -> 9 | T23: ='17'!G180 -> 0 | U23: ='18 '!G180 -> 11 | V23: ='19'!G180 -> 0 | W23: ='20'!G180 -> 0 | X23: ='21'!G180 -> 11 | Y23: ='22'!G180 -> 0 | Z23: ='23'!G180 -> 0 | AA23: ='24'!G180 -> 11 | AB23: ='25'!G180 -> 9 | AC23: ='26'!G180 -> 0 | AD23: ='27'!G180 -> -141 | AE23: ='28'!G180 -> 2 | AF23: ='29'!G180 -> 11 | AG23: ='30'!G180 -> 0 | AH23: ='31'!G180 -> 9
B24: Total Tanke(RO) + BMC | D24: =SUM(D5:D6) -> 278 | E24: =SUM(E5:E6) -> 278 | F24: =SUM(F5:F6) -> 322 | G24: =SUM(G5:G6) -> 267 | H24: =SUM(H5:H6) -> 183 | I24: =SUM(I5:I6) -> 306 | J24: =SUM(J5:J6) -> 224 | K24: =SUM(K5:K6) -> 297 | ... AH24: =SUM(AH5:AH6) -> 228
B25: Domestic consumption | D25: =SUM(D9:D11,D14:D15,) -> 194 | E25: =SUM(E9:E11,E14:E15,) -> 174 | F25: =SUM(F9:F11,F14:F15,) -> 176 | G25: =SUM(G9:G11,G14:G15,) -> 147 | H25: =SUM(H9:H11,H14:H15,) -> 165 | I25: =SUM(I9:I11,I14:I15,) -> 207 | J25: =SUM(J9:J11,J14:J15,) -> 173 | K25: =SUM(K9:K11,K14:K15,) -> 597 | ... AI25: =SUM(AI9:AI11,AI14:AI15,) -> 0
B27: STP +Flush Consumption | D27: =SUM(D13,D21,D23) -> 129 | E27: =SUM(E13,E21,E23) -> 115 | F27: =SUM(F13,F21,F23) -> 139 | G27: =SUM(G13,G21,G23) -> 149 | H27: =SUM(H13,H21,H23) -> 165 | I27: =SUM(I13,I21,I23) -> 185 | J27: =SUM(J13,J21,J23) -> 119 | K27: =SUM(K13,K21,K23) -> 122 | ... AH27: =SUM(AH13,AH21,AH23) -> 134 | AI27: =SUM(AI13) -> 0
B29: BOH | D29: =D9 -> 127 | E29: =E9 -> 124 | F29: =F9 -> 125 | G29: =G9 -> 102 | H29: =H9 -> 118 | I29: =I9 -> 146 | J29: =J9 -> 123 | K29: =K9 -> 115 | ... AH29: =AH9 -> 140
B30: Guest Floor | D30: =SUM(D10:D11,D14:D15) -> 67 | E30: =SUM(E10:E11,E14:E15) -> 50 | F30: =SUM(F10:F11,F14:F15) -> 51 | G30: =SUM(G10:G11,G14:G15) -> 45 | H30: =SUM(H10:H11,H14:H15) -> 47 | I30: =SUM(I10:I11,I14:I15) -> 61 | J30: =SUM(J10:J11,J14:J15) -> 50 | K30: =SUM(K10:K11,K14:K15) -> 482 | ... AH30: =SUM(AH10:AH11,AH14:AH15) -> 57
B31: Guest floor% | D31: =D30/SUM(D29:D30)% -> 34.536082 | E31: =E30/SUM(E29:E30)% -> 28.735632 | F31: =F30/SUM(F29:F30)% -> 28.977273 | G31: =G30/SUM(G29:G30)% -> 30.612245 | H31: =H30/SUM(H29:H30)% -> 28.484848 | I31: =I30/SUM(I29:I30)% -> 29.468599 | J31: =J30/SUM(J29:J30)% -> 28.901734 | K31: =K30/SUM(K29:K30)% -> 80.737018 | ... AH31: =AH30/SUM(AH29:AH30)% -> 28.93401

Sheet Section Load
F2: Transformer -Load | N2: Electrical | AV2: Boiler Running | BB2: diff wrt feeder | BC2: Var%
AN3: Gas consumption | AU3: Boiler Running Hours
A4: Date | B4: HT Kwh | C4: HT Kvah | D4: MGL Gas | E4: Water | F4: HVAC | G4: Fire & Emergency PP | H4: Main PP | I4: Lighting PP | J4: CH-1+ CH2+CH3+CH4 | K4: Chilled water Pump | L4: Ball Room-1 | M4: Ball Room-2 | N4: MK-1 | O4: MK-2 | P4: Prato | Q4: San- Qi Indian | R4: San- Qi Japanese | S4: The club | T4: AER | U4: COLD ROOM'S | V4: Ball Room 1 | W4: Ball Room 2 | X4: B1 Laundry | Y4: B2 Laundry | Z4: STP | AA4: MOCK Up Room | AB4: 27th Floor | AC4: Physic57 | AD4: Pinoor Legal- Power+lighting | AE4: 2nd floor plant room | AF4: 5th Floor SPA | AG4: 5th Floor | AH4: 12th Floor | AI4: 20th Floor | AJ4: 27th Floor | AK4: 34th Floor | AL4: Sanqi | AM4: Cooling Tower | AN4: MGL | AO4: HWG | AP4: Prato | AQ4: BR-1 | AR4: SanQi IND | AS4: SanQi JPN | AT4: Boiler | AU4: HWG | AV4: Boiler1 | AW4: Boiler2 | AX4: Boiler3 (400Kg) | AY4: Total
A5: 1 | B5: ='1'!G7 -> 20405 | C5: ='1'!G8 -> 21364 | D5: ='1'!G15 -> 1177.142 | E5: ='1'!G20 -> 278 | F5: =SUM('1'!G35,'1'!G49) -> 3465.01 | G5: =SUM('1'!H37,'1'!H51) -> 1430.4 | H5: =SUM('1'!G38,'1'!G52) -> 420.64 | I5: =SUM('1'!G39,'1'!G53) -> 2801.99 | J5: =SUM('1'!G41,'1'!G42,'1'!G55,'1'!G56) -> 4210.54 | K5: =SUM('1'!G43,'1'!G57) -> 2505.35 | L5: ='1'!G50 -> 1374.79 | M5: ='1'!G36 -> 947.57 | N5: ='1'!G138 -> 151 | O5: ='1'!G139 -> 166 | P5: ='1'!G140 -> 19.459 | Q5: ='1'!G141 -> 206.3 | R5: ='1'!G142 -> 113.91 | S5: ='1'!$G$145 -> 0 | T5: ='1'!$G$146 -> 19 | U5: ='1'!$G$144 -> 251 | V5: ='1'!$G$147 -> 404.96 | W5: ='1'!$G$148 -> 440 | X5: ='1'!$G$143 -> 30.89 | Y5: ='1'!$G$58 -> 231.931 | Z5: ='1'!$G$151 -> 292 | AA5: ='1'!G161 -> 92.24 | AB5: ='1'!G162 -> 14.1 | AD5: ='1'!G163+'1'!G164 -> 3.8 | AE5: ='1'!$G$116 -> 426.61 | AF5: ='1'!$G$117 -> 472.5 | AG5: ='1'!$G$118 -> 635.54 | AH5: ='1'!$G$119 -> 34.825 | AI5: ='1'!$G$120 -> 402.06 | AJ5: ='1'!$G$121 -> 403.71 | AK5: ='1'!$G$122 -> 282.53 | AL5: ='1'!$G$123 -> 394.5 | AM5: ='1'!$G$133 -> 761 | AN5: ='1'!$G$15 -> 1177.142 | AO5: ='1'!$G$74 -> 316 | AP5: ='1'!$G$75 -> 0 | AQ5: ='1'!$G$76 -> 120 | AR5: ='1'!$G$77 -> 59 | AS5: ='1'!$G$78 -> -0.5 | AT5: =AN5-SUM(AO5:AS5) -> 682.642 | AU5: =SUM('1'!G91:G92) -> 11.36 | AV5: ='1'!$G$88 -> 0.06 | AW5: ='1'!$G$89 -> 12 | AX5: ='1'!$G$90 -> 13.7 | AY5: =SUM(AV5:AX5) -> 25.76 | AZ5: =AO5/AU5 -> 27.816901 | BA5: =AT5/AY5 -> 26.500078 | BB5: =C5-SUM(F5:K5,Y5) -> 6298.139 | BC5: =BB5/B5% -> 30.865665
A6: 2 | B6: ='2'!G7 -> 19914 | C6: ='2'!G8 -> 20873 | D6: ='2'!G15 -> 1199.5 | E6: ='2'!G20 -> 278 | F6: =SUM('2'!G35,'2'!G49) -> 3053.12 | G6: =SUM('2'!G37,'2'!G51) -> 1463.93 | H6: =SUM('2'!G38,'2'!G52) -> 2497.28 | I6: =SUM('2'!G39,'2'!G53) -> 2851.56 | J6: =SUM('2'!G41,'2'!G42,'2'!G55,'2'!G56) -> 4203.27 | K6: =SUM('2'!G43,'2'!G57) -> 2410.08 | L6: ='2'!G50 -> 1219.72 | M6: ='2'!G36 -> 989.76 | N6: ='2'!G138 -> 123 | O6: ='2'!$G$139 -> 171 | P6: ='2'!$G$140 -> 18.43 | Q6: ='2'!$G$141 -> 195.99 | R6: ='2'!$G$142 -> 73.54 | S6: ='2'!$G$145 -> 182 | T6: ='2'!$G$146 -> 32 | U6: ='2'!$G$144 -> 243 | V6: ='2'!$G$147 -> 381.28 | W6: ='2'!$G$148 -> 318.96 | X6: ='2'!$G$143 -> 34.91 | Y6: ='2'!$G$58 -> 269.17 | Z6: ='2'!$G$151 -> 295 | AA6: ='2'!G161 -> 185.08 | AB6: ='2'!G162 -> 32.8 | AD6: ='2'!G163+'2'!G164 -> 3.2 | AE6: ='2'!$G$116 -> 429.26 | AF6: ='2'!$G$117 -> 340.8 | AG6: ='2'!$G$118 -> 647.91 | AH6: ='2'!$G$119 -> 36.3 | AI6: ='2'!$G$120 -> 421.9 | AJ6: ='2'!$G$121 -> 429.8 | AK6: ='2'!$G$122 -> 268 | AL6: ='2'!$G$123 -> 324.4 | AM6: ='2'!$G$133 -> 694 | AN6: ='2'!$G$15 -> 1199.5 | AO6: ='2'!$G$74 -> 359.82 | AP6: ='2'!$G$75 -> 0 | AQ6: ='2'!$G$76 -> 104 | AR6: ='2'!$G$77 -> 47 | AS6: ='2'!$G$78 -> 0 | AT6: =AN6-SUM(AO6:AS6) -> 688.68 | AU6: =SUM('2'!G91:G92) -> 9.93 | AV6: ='2'!$G$88 -> 3.86 | AW6: ='2'!$G$89 -> 17.6 | AX6: ='2'!$G$90 -> 12.63 | AY6: =SUM(AV6:AX6) -> 34.09 | AZ6: =AO6/AU6 -> 36.23565 | BA6: =AT6/AY6 -> 20.201819 | BB6: =C6-SUM(F6:K6,Y6) -> 4124.59 | BC6: =BB6/B6% -> 20.712012
A7: 3 | B7: ='3'!G7 -> 21700.8 | C7: ='3'!G8 -> 21837 | D7: ='3'!G15 -> 1202 | E7: ='3'!G20 -> 322 | F7: =SUM('3'!G35,'3'!G49) -> 3487.88 | G7: =SUM('3'!G37,'3'!G51) -> 1407.87 | H7: =SUM('3'!G38,'3'!G52) -> 2529.35 | I7: =SUM('3'!G39,'3'!G53) -> 2805.49 | J7: =SUM('3'!G41,'3'!G42,'3'!G55,'3'!G56) -> 4668.11 | K7: =SUM('3'!G43,'3'!G57) -> 2365.68 | L7: ='3'!G50 -> 1788.39 | M7: ='3'!G36 -> 938.44 | N7: ='3'!G138 -> 113 | O7: ='3'!$G$139 -> 175 | P7: ='3'!$G$140 -> 15.6 | Q7: ='3'!$G$141 -> 194.16 | R7: ='3'!$G$142 -> 80.11 | S7: ='3'!$G$145 -> 183 | T7: ='3'!$G$146 -> 31 | U7: ='3'!$G$144 -> 240 | V7: ='3'!$G$147 -> 399.25 | W7: ='3'!$G$148 -> 321.36 | X7: ='3'!$G$143 -> 34.66 | Y7: ='3'!$G$58 -> 279.78 | Z7: ='3'!$G$151 -> 274 | AA7: ='3'!G161 -> 200.8 | AB7: ='3'!G162 -> 37.2 | AD7: ='3'!G163+'3'!G164 -> 5 | AE7: ='3'!$G$116 -> 370.54 | AF7: ='3'!$G$117 -> 340.3 | AG7: ='3'!$G$118 -> 653 | AH7: ='3'!$G$119 -> 33.83 | AI7: ='3'!$G$120 -> 392.9 | AJ7: ='3'!$G$121 -> 447.6 | AK7: ='3'!$G$122 -> 261.5 | AL7: ='3'!$G$123 -> 292.1 | AM7: ='3'!$G$133 -> -645954.83 | AN7: ='3'!$G$15 -> 1202 | AO7: ='3'!$G$74 -> 296.94 | AP7: ='3'!$G$75 -> 0 | AQ7: ='3'!$G$76 -> 115 | AR7: ='3'!$G$77 -> 42 | AS7: ='3'!$G$78 -> 0 | AT7: =AN7-SUM(AO7:AS7) -> 748.06 | AU7: =SUM('3'!G91:G92) -> 13.66 | AV7: ='3'!$G$88 -> 2.98 | AW7: ='3'!$G$89 -> 10.4 | AX7: ='3'!$G$90 -> 11.29 | AY7: =SUM(AV7:AX7) -> 24.67 | AZ7: =AO7/AU7 -> 21.737921 | BA7: =AT7/AY7 -> 30.322659 | BB7: =C7-SUM(F7:K7,Y7) -> 4292.84 | BC7: =BB7/B7% -> 19.781944
A8: 4 | B8: ='4'!G7 -> 21026.2 | C8: ='4'!G8 -> 21196 | D8: ='4'!G15 -> 1072 | E8: ='4'!G20 -> 267 | F8: =SUM('4'!G35,'4'!G49) -> 2814.85 | G8: =SUM('4'!G37,'4'!G51) -> 1416.93 | H8: =SUM('4'!G38,'4'!G52) -> 2404.13 | I8: =SUM('4'!G39,'4'!G53) -> 2869.93 | J8: =SUM('4'!G41,'4'!G42,'4'!G55,'4'!G56) -> 4497.06 | K8: =SUM('4'!G43,'4'!G57) -> 2309.89 | L8: ='4'!G50 -> 1602.1 | M8: ='4'!G36 -> 750.43 | N8: ='4'!G138 -> 112 | O8: ='4'!$G$139 -> 144 | P8: ='4'!$G$140 -> 13.9 | Q8: ='4'!$G$141 -> 191.55 | R8: ='4'!$G$142 -> 80.89 | S8: ='4'!$G$145 -> 182 | T8: ='4'!$G$146 -> 38 | U8: ='4'!$G$144 -> 240 | V8: ='4'!$G$147 -> 350.99 | W8: ='4'!$G$148 -> 289.12 | X8: ='4'!$G$143 -> 28.84 | Y8: ='4'!$G$58 -> 267.62 | Z8: ='4'!$G$151 -> 298 | AA8: ='4'!G161 -> 145.72 | AB8: ='4'!G162 -> 40.7 | AD8: ='4'!G163+'4'!G164 -> 4.8 | AE8: ='4'!$G$116 -> 458.2 | AF8: ='4'!$G$117 -> 377.2 | AG8: ='4'!$G$118 -> 654.2 | AH8: ='4'!$G$119 -> 33.67 | AI8: ='4'!$G$120 -> 412.38 | AJ8: ='4'!$G$121 -> 444.1 | AK8: ='4'!$G$122 -> 277.2 | AL8: ='4'!$G$123 -> 316.5 | AM8: ='4'!$G$133 -> 0 | AN8: ='4'!$G$15 -> 1072 | AO8: ='4'!$G$74 -> 303.24 | AP8: ='4'!$G$75 -> 0 | AQ8: ='4'!$G$76 -> 65 | AR8: ='4'!$G$77 -> 61 | AS8: ='4'!$G$78 -> -0.5 | AT8: =AN8-SUM(AO8:AS8) -> 643.26 | AU8: =SUM('4'!G91:G92) -> 10.36 | AV8: ='4'!$G$88 -> 0 | AW8: ='4'!$G$89 -> 10.08 | AX8: ='4'!$G$90 -> 10.8 | AY8: =SUM(AV8:AX8) -> 20.88 | AZ8: =AO8/AU8 -> 29.27027 | BA8: =AT8/AY8 -> 30.807471 | BB8: =C8-SUM(F8:K8,Y8) -> 4615.59 | BC8: =BB8/B8% -> 21.951613
A9: 5 | B9: ='5'!G7 -> 20923 | C9: ='5'!G8 -> 21078 | D9: ='5'!G15 -> 1031 | E9: ='5'!G20 -> 183 | F9: =SUM('5'!G35,'5'!G49) -> 3067 | G9: =SUM('5'!G37,'5'!G51) -> 1489 | H9: =SUM('5'!G38,'5'!G52) -> 2509.01 | I9: =SUM('5'!G39,'5'!G53) -> 2895 | J9: =SUM('5'!G41,'5'!G42,'5'!G55,'5'!G56) -> 4539.2 | K9: =SUM('5'!G43,'5'!G57) -> 2309 | L9: ='5'!G50 -> 1163 | M9: ='5'!G36 -> 820.9 | N9: ='5'!G138 -> 103 | O9: ='5'!$G$139 -> 171 | P9: ='5'!$G$140 -> 17.1 | Q9: ='5'!$G$141 -> 199 | R9: ='5'!$G$142 -> 81 | S9: ='5'!$G$145 -> 157 | T9: ='5'!$G$146 -> 39 | U9: ='5'!$G$144 -> 240 | V9: ='5'!$G$147 -> 341.52 | W9: ='5'!$G$148 -> 314.48 | X9: ='5'!$G$143 -> 28.7 | Y9: ='5'!$G$58 -> 248 | Z9: ='5'!$G$151 -> 315 | AA9: ='5'!G161 -> 140.84 | AB9: ='5'!G162 -> 40.6 | AD9: ='5'!G163+'5'!G164 -> 4.2 | AE9: ='5'!$G$116 -> 435 | AF9: ='5'!$G$117 -> 382.2 | AG9: ='5'!$G$118 -> 662.2 | AH9: ='5'!$G$119 -> 36.2 | AI9: ='5'!$G$120 -> 393.62 | AJ9: ='5'!$G$121 -> 444.9 | AK9: ='5'!$G$122 -> 317.4 | AL9: ='5'!$G$123 -> 299.5 | AM9: ='5'!$G$133 -> -0.17 | AN9: ='5'!$G$15 -> 1031 | AO9: ='5'!$G$74 -> 303 | AP9: ='5'!$G$75 -> 0 | AQ9: ='5'!$G$76 -> 130 | AR9: ='5'!$G$77 -> 43 | AS9: ='5'!$G$78 -> 0.4 | AT9: =AN9-SUM(AO9:AS9) -> 554.6 | AU9: =SUM('5'!G91:G92) -> 11.79 | AV9: ='5'!$G$88 -> 0.5 | AW9: ='5'!$G$89 -> 9.53 | AX9: ='5'!$G$90 -> 10.4 | AY9: =SUM(AV9:AX9) -> 20.43 | AZ9: =AO9/AU9 -> 25.699746 | BA9: =AT9/AY9 -> 27.146353 | BB9: =C9-SUM(F9:K9,Y9) -> 4021.79 | BC9: =BB9/B9% -> 19.221861
A10: 6 | B10: ='6'!G7 -> 20388 | C10: ='6'!G8 -> 20586 | D10: ='6'!G15 -> 1061 | E10: ='6'!G20 -> 306 | F10: =SUM('6'!G35,'6'!G49) -> 2935 | G10: =SUM('6'!G37,'6'!G51) -> 1465 | H10: =SUM('6'!G38,'6'!G52) -> 2505 | I10: =SUM('6'!G39,'6'!G53) -> 2773 | J10: =SUM('6'!G41,'6'!G42,'6'!G55,'6'!G56) -> 4307 | K10: =SUM('6'!G43,'6'!G57) -> 2270 | L10: ='6'!G50 -> 1228 | M10: ='6'!G36 -> 849 | N10: ='6'!G138 -> 110 | O10: ='6'!$G$139 -> 180 | P10: ='6'!$G$140 -> 21 | Q10: ='6'!$G$141 -> 207 | R10: ='6'!$G$142 -> 87 | S10: ='6'!$G$145 -> 162 | T10: ='6'!$G$146 -> 31 | U10: ='6'!$G$144 -> 242 | V10: ='6'!$G$147 -> 340 | W10: ='6'!$G$148 -> 342 | X10: ='6'!$G$143 -> 33 | Y10: ='6'!$G$58 -> 251 | Z10: ='6'!$G$151 -> 308 | AA10: ='6'!G161 -> 253 | AB10: ='6'!G162 -> 38 | AD10: ='6'!G163+'6'!G164 -> 5 | AE10: ='6'!$G$116 -> 365 | AF10: ='6'!$G$117 -> 374 | AG10: ='6'!$G$118 -> 601 | AH10: ='6'!$G$119 -> 34 | AI10: ='6'!$G$120 -> 405 | AJ10: ='6'!$G$121 -> 449 | AK10: ='6'!$G$122 -> 322 | AL10: ='6'!$G$123 -> 307 | AM10: ='6'!$G$133 -> 0 | AN10: ='6'!$G$15 -> 1061 | AO10: ='6'!$G$74 -> 307 | AP10: ='6'!$G$75 -> 0 | AQ10: ='6'!$G$76 -> 100 | AR10: ='6'!$G$77 -> 52 | AS10: ='6'!$G$78 -> 0 | AT10: =AN10-SUM(AO10:AS10) -> 602 | AU10: =SUM('6'!G91:G92) -> 11 | AV10: ='6'!$G$88 -> 4 | AW10: ='6'!$G$89 -> 7 | AX10: ='6'!$G$90 -> 11 | AY10: =SUM(AV10:AX10) -> 22 | AZ10: =AO10/AU10 -> 27.909091 | BA10: =AT10/AY10 -> 27.363636 | BB10: =C10-SUM(F10:K10,Y10) -> 4080 | BC10: =BB10/B10% -> 20.011772
A11: 7 | B11: ='7'!G7 -> 21411 | C11: ='7'!G8 -> 21581 | D11: ='7'!G15 -> 1141 | E11: ='7'!G20 -> 224 | F11: =SUM('7'!G35,'7'!G49) -> 2982 | G11: =SUM('7'!G37,'7'!G51) -> 1528 | H11: =SUM('7'!G38,'7'!G52) -> 2485 | I11: =SUM('7'!G39,'7'!G53) -> 2864 | J11: =SUM('7'!G41,'7'!G42,'7'!G55,'7'!G56) -> 4797 | K11: =SUM('7'!G43,'7'!G57) -> 2251 | L11: ='7'!G50 -> 1307 | M11: ='7'!G36 -> 1091 | N11: ='7'!G138 -> 98 | O11: ='7'!$G$139 -> 152 | P11: ='7'!$G$140 -> 21 | Q11: ='7'!$G$141 -> 204 | R11: ='7'!$G$142 -> 93 | S11: ='7'!$G$145 -> 139 | T11: ='7'!$G$146 -> 31 | U11: ='7'!$G$144 -> 245 | V11: ='7'!$G$147 -> 367 | W11: ='7'!$G$148 -> 352 | X11: ='7'!$G$143 -> 29 | Y11: ='7'!$G$58 -> 250 | Z11: ='7'!$G$151 -> 302 | AA11: ='7'!G161 -> 239 | AB11: ='7'!G162 -> 39 | AD11: ='7'!G163+'7'!G164 -> 5 | AE11: ='7'!$G$116 -> 471 | AF11: ='7'!$G$117 -> 409 | AG11: ='7'!$G$118 -> 634 | AH11: ='7'!$G$119 -> 39 | AI11: ='7'!$G$120 -> 403 | AJ11: ='7'!$G$121 -> 415 | AK11: ='7'!$G$122 -> 338 | AL11: ='7'!$G$123 -> 303 | AM11: ='7'!$G$133 -> 0 | AN11: ='7'!$G$15 -> 1141 | AO11: ='7'!$G$74 -> 307 | AP11: ='7'!$G$75 -> 0 | AQ11: ='7'!$G$76 -> 90 | AR11: ='7'!$G$77 -> 47 | AS11: ='7'!$G$78 -> 0 | AT11: =AN11-SUM(AO11:AS11) -> 697 | AU11: =SUM('7'!G91:G92) -> 10.76 | AV11: ='7'!$G$88 -> 2 | AW11: ='7'!$G$89 -> 10 | AX11: ='7'!$G$90 -> 11 | AY11: =SUM(AV11:AX11) -> 23 | AZ11: =AO11/AU11 -> 28.531599 | BA11: =AT11/AY11 -> 30.304348 | BB11: =C11-SUM(F11:K11,Y11) -> 4424 | BC11: =BB11/B11% -> 20.662276
A12: 8 | B12: ='8'!G7 -> 21381 | C12: ='8'!G8 -> 21598 | D12: ='8'!G15 -> 1112 | E12: ='8'!G20 -> 297 | F12: =SUM('8'!G35,'8'!G49) -> 3011 | G12: =SUM('8'!G37,'8'!G51) -> 1552 | H12: =SUM('8'!G38,'8'!G52) -> 2595 | I12: =SUM('8'!G39,'8'!G53) -> 2814 | J12: =SUM('8'!G41,'8'!G42,'8'!G55,'8'!G56) -> 4796 | K12: =SUM('8'!G43,'8'!G57) -> 2385 | L12: ='8'!G50 -> 1432 | M12: ='8'!G36 -> 719 | N12: ='8'!G138 -> 118 | O12: ='8'!$G$139 -> 149 | P12: ='8'!$G$140 -> 25 | Q12: ='8'!$G$141 -> 187 | R12: ='8'!$G$142 -> 99 | S12: ='8'!$G$145 -> 152 | T12: ='8'!$G$146 -> 37 | U12: ='8'!$G$144 -> 238 | V12: ='8'!$G$147 -> 400 | W12: ='8'!$G$148 -> 293 | X12: ='8'!$G$143 -> 28 | Y12: ='8'!$G$58 -> 247 | Z12: ='8'!$G$151 -> 327 | AA12: ='8'!G161 -> 62 | AB12: ='8'!G162 -> 23 | AD12: ='8'!G163+'8'!G164 -> 1 | AE12: ='8'!$G$116 -> 509 | AF12: ='8'!$G$117 -> 404 | AG12: ='8'!$G$118 -> 585 | AH12: ='8'!$G$119 -> 40 | AI12: ='8'!$G$120 -> 386 | AJ12: ='8'!$G$121 -> 410 | AK12: ='8'!$G$122 -> 326 | AL12: ='8'!$G$123 -> 303 | AM12: ='8'!$G$133 -> 0 | AN12: ='8'!$G$15 -> 1112 | AO12: ='8'!$G$74 -> 299 | AP12: ='8'!$G$75 -> 0 | AQ12: ='8'!$G$76 -> 106 | AR12: ='8'!$G$77 -> 48 | AS12: ='8'!$G$78 -> 0 | AT12: =AN12-SUM(AO12:AS12) -> 659 | AU12: =SUM('8'!G91:G92) -> 11.24 | AV12: ='8'!$G$88 -> 4 | AW12: ='8'!$G$89 -> 12 | AX12: ='8'!$G$90 -> 6.44 | AY12: =SUM(AV12:AX12) -> 22.44 | AZ12: =AO12/AU12 -> 26.601423 | BA12: =AT12/AY12 -> 29.367201 | BB12: =C12-SUM(F12:K12,Y12) -> 4198 | BC12: =BB12/B12% -> 19.634255
A13: 9 | B13: ='9'!G7 -> 20295 | C13: ='9'!G8 -> 20473 | D13: ='9'!G15 -> 1155 | E13: ='9'!G20 -> 243 | F13: =SUM('9'!G35,'9'!G49) -> 2914.72 | G13: =SUM('9'!G37,'9'!G51) -> 1591.19 | H13: =SUM('9'!G38,'9'!G52) -> 2560.43 | I13: =SUM('9'!G39,'9'!G53) -> 2799.18 | J13: =SUM('9'!G41,'9'!G42,'9'!G55,'9'!G56) -> 3941.31 | K13: =SUM('9'!G43,'9'!G57) -> 2366.59 | L13: ='9'!G50 -> 1264.7 | M13: ='9'!G36 -> 829.67 | N13: ='9'!G138 -> 123 | O13: ='9'!$G$139 -> 149 | P13: ='9'!$G$140 -> 25.59 | Q13: ='9'!$G$141 -> 192.3 | R13: ='9'!$G$142 -> 97.3 | S13: ='9'!$G$145 -> 152 | T13: ='9'!$G$146 -> 42 | U13: ='9'!$G$144 -> 236 | V13: ='9'!$G$147 -> 375.8 | W13: ='9'!$G$148 -> 298.44 | X13: ='9'!$G$143 -> 31 | Y13: ='9'!$G$58 -> 276 | Z13: ='9'!$G$151 -> 292 | AA13: ='9'!G161 -> 188.44 | AB13: ='9'!G162 -> 40 | AD13: ='9'!G163+'9'!G164 -> 4.9 | AE13: ='9'!$G$116 -> 335 | AF13: ='9'!$G$117 -> 405 | AG13: ='9'!$G$118 -> 639.62 | AH13: ='9'!$G$119 -> 39.37 | AI13: ='9'!$G$120 -> 388.9 | AJ13: ='9'!$G$121 -> 410 | AK13: ='9'!$G$122 -> 326 | AL13: ='9'!$G$123 -> 309.9 | AM13: ='9'!$G$133 -> 0.17 | AN13: ='9'!$G$15 -> 1155 | AO13: ='9'!$G$74 -> 300.488 | AP13: ='9'!$G$75 -> 0 | AQ13: ='9'!$G$76 -> 107 | AR13: ='9'!$G$77 -> 39 | AS13: ='9'!$G$78 -> 0 | AT13: =AN13-SUM(AO13:AS13) -> 708.512 | AU13: =SUM('9'!G91:G92) -> 10.45 | AV13: ='9'!$G$88 -> 3.29 | AW13: ='9'!$G$89 -> 10.65 | AX13: ='9'!$G$90 -> 10.42 | AY13: =SUM(AV13:AX13) -> 24.36 | AZ13: =AO13/AU13 -> 28.754833 | BA13: =AT13/AY13 -> 29.085057 | BB13: =C13-SUM(F13:K13,Y13) -> 4023.58 | BC13: =BB13/B13% -> 19.825474
A14: 10 | B14: ='10'!G7 -> 21496 | C14: ='10'!G8 -> 21756 | D14: ='10'!G15 -> 1088 | E14: ='10'!G20 -> 258 | F14: =SUM('10'!G35,'10'!G49) -> 3062.52 | G14: =SUM('10'!G37,'10'!G51) -> 1475.98 | H14: =SUM('10'!G38,'10'!G52) -> 2505.36 | I14: =SUM('10'!G39,'10'!G53) -> 2694.72 | J14: =SUM('10'!G41,'10'!G42,'10'!G55,'10'!G56) -> 4480.54 | K14: =SUM('10'!G43,'10'!G57) -> 2357.04 | L14: ='10'!G50 -> 1856.85 | M14: ='10'!G36 -> 1144.33 | N14: ='10'!G138 -> 102 | O14: ='10'!$G$139 -> 135 | P14: ='10'!$G$140 -> 23.01 | Q14: ='10'!$G$141 -> 195.7 | R14: ='10'!$G$142 -> 96.8 | S14: ='10'!$G$145 -> 198 | T14: ='10'!$G$146 -> 38 | U14: ='10'!$G$144 -> 236 | V14: ='10'!$G$147 -> 407.53 | W14: ='10'!$G$148 -> 316.32 | X14: ='10'!$G$143 -> 33.2 | Y14: ='10'!$G$58 -> 240.89 | Z14: ='10'!$G$151 -> 304 | AA14: ='10'!G161 -> 224.32 | AB14: ='10'!G162 -> 40 | AD14: ='10'!G163+'10'!G164 -> 4.1 | AE14: ='10'!$G$116 -> 425 | AF14: ='10'!$G$117 -> 226.87 | AG14: ='10'!$G$118 -> 628.64 | AH14: ='10'!$G$119 -> 36.27 | AI14: ='10'!$G$120 -> 383.65 | AJ14: ='10'!$G$121 -> 470.75 | AK14: ='10'!$G$122 -> 328.63 | AL14: ='10'!$G$123 -> 301.65 | AM14: ='10'!$G$133 -> 0 | AN14: ='10'!$G$15 -> 1088 | AO14: ='10'!$G$74 -> 293.612 | AP14: ='10'!$G$75 -> 0 | AQ14: ='10'!$G$76 -> 103 | AR14: ='10'!$G$77 -> 40 | AS14: ='10'!$G$78 -> -0.4 | AT14: =AN14-SUM(AO14:AS14) -> 651.788 | AU14: =SUM('10'!G91:G92) -> 10.63 | AV14: ='10'!$G$88 -> 2.04 | AW14: ='10'!$G$89 -> 9.36 | AX14: ='10'!$G$90 -> 11.15 | AY14: =SUM(AV14:AX14) -> 22.55 | AZ14: =AO14/AU14 -> 27.621072 | BA14: =AT14/AY14 -> 28.904124 | BB14: =C14-SUM(F14:K14,Y14) -> 4938.95 | BC14: =BB14/B14% -> 22.976135
A15: 11 | B15: ='11'!G7 -> 21732 | C15: ='11'!G8 -> 21784 | D15: ='11'!G15 -> 1166.458 | E15: ='11'!G20 -> 310 | F15: =SUM('11'!G35,'11'!G49) -> 3119.1 | G15: =SUM('11'!G37,'11'!G51) -> 1558.9 | H15: =SUM('11'!G38,'11'!G52) -> 2568.5 | I15: =SUM('11'!G39,'11'!G53) -> 2815.86 | J15: =SUM('11'!G41,'11'!G42,'11'!G55,'11'!G56) -> 4569.71 | K15: =SUM('11'!G43,'11'!G57) -> 2386.16 | L15: ='11'!G50 -> 1443.96 | M15: ='11'!G36 -> 799.27 | N15: ='11'!G138 -> 125 | O15: ='11'!$G$139 -> 458.3 | P15: ='11'!$G$140 -> 27.33 | Q15: ='11'!$G$141 -> 192 | R15: ='11'!$G$142 -> 95.74 | S15: ='11'!$G$145 -> 513.1 | T15: ='11'!$G$146 -> 48 | U15: ='11'!$G$144 -> 248 | V15: ='11'!$G$147 -> 397.43 | W15: ='11'!$G$148 -> 304.4 | X15: ='11'!$G$143 -> 30.052 | Y15: ='11'!$G$58 -> 254.389 | Z15: ='11'!$G$151 -> 308 | AA15: ='11'!G161 -> 174.16 | AB15: ='11'!G162 -> 43 | AC15: ='11'!G88 -> 3.07 | AD15: ='11'!G163+'11'!G164 -> 8 | AE15: ='11'!$G$116 -> 472.16 | AF15: ='11'!$G$117 -> 255.161 | AG15: ='11'!$G$118 -> 677.89 | AH15: ='11'!$G$119 -> 34.47 | AI15: ='11'!$G$120 -> 372.88 | AJ15: ='11'!$G$121 -> 441.64 | AK15: ='11'!$G$122 -> 326.87 | AL15: ='11'!$G$123 -> 309.28 | AM15: ='11'!$G$133 -> 0 | AN15: ='11'!$G$15 -> 1166.458 | AO15: ='11'!$G$74 -> 990961 | AP15: ='11'!$G$75 -> 0 | AQ15: ='11'!$G$76 -> 122.2 | AR15: ='11'!$G$77 -> 52 | AS15: ='11'!$G$78 -> 0 | AT15: =AN15-SUM(AO15:AS15) -> -989968.74 | AU15: =SUM('11'!G91:G92) -> 11.72 | AV15: ='11'!$G$88 -> 3.07 | AW15: ='11'!$G$89 -> 10.21 | AX15: ='11'!$G$90 -> 9.35 | AY15: =SUM(AV15:AX15) -> 22.63 | AZ15: =AO15/AU15 -> 84552.986 | BA15: =AT15/AY15 -> -43745.857 | BB15: =C15-SUM(F15:K15,Y15) -> 4511.381 | BC15: =BB15/B15% -> 20.759162
A16: 12 | B16: ='12'!G7 -> 20958.27 | C16: ='12'!G8 -> 21436 | D16: ='12'!G15 -> 1163.522 | E16: ='12'!G20 -> 245 | F16: =SUM('12'!G35,'12'!G49) -> 3121.16 | G16: =SUM('12'!G37,'12'!G51) -> 1491.68 | H16: =SUM('12'!G38,'12'!G52) -> 2491.86 | I16: =SUM('12'!G39,'12'!G53) -> 2692.17 | J16: =SUM('12'!G41,'12'!G42,'12'!G55,'12'!G56) -> 3166.2 | K16: =SUM('12'!G43,'12'!G57) -> 2592.76 | L16: ='12'!G50 -> 1312.28 | M16: ='12'!G36 -> 775.73 | N16: ='12'!G138 -> 131 | O16: ='12'!$G$139 -> 29.7 | P16: ='12'!$G$140 -> 30.07 | Q16: ='12'!$G$141 -> 194 | R16: ='12'!$G$142 -> 95.16 | S16: ='12'!$G$145 -> 11.9 | T16: ='12'!$G$146 -> 44 | U16: ='12'!$G$144 -> 246 | V16: ='12'!$G$147 -> 294.24 | W16: ='12'!$G$148 -> 389.84 | X16: ='12'!$G$143 -> 32.188 | Y16: ='12'!$G$58 -> 257.6408 | Z16: ='12'!$G$151 -> 319 | AA16: ='12'!G161 -> 156.08 | AB16: ='12'!G162 -> 33 | AC16: ='12'!G88 -> 4.14 | AD16: ='12'!G163+'12'!G164 -> 6 | AE16: ='12'!$G$116 -> 282.54 | AF16: ='12'!$G$117 -> 334.168 | AG16: ='12'!$G$118 -> 665.85 | AH16: ='12'!$G$119 -> 37.89 | AI16: ='12'!$G$120 -> 384.57 | AJ16: ='12'!$G$121 -> 465.61 | AK16: ='12'!$G$122 -> 324.5 | AL16: ='12'!$G$123 -> 314.7932 | AM16: ='12'!$G$133 -> -0.17 | AN16: ='12'!$G$15 -> 1163.522 | AO16: ='12'!$G$74 -> 297.9 | AP16: ='12'!$G$75 -> 0.2 | AQ16: ='12'!$G$76 -> 116.8 | AR16: ='12'!$G$77 -> 56 | AS16: ='12'!$G$78 -> 0 | AT16: =AN16-SUM(AO16:AS16) -> 692.622 | AU16: =SUM('12'!G91:G92) -> 11.2 | AV16: ='12'!$G$88 -> 4.14 | AW16: ='12'!$G$89 -> 10.45 | AX16: ='12'!$G$90 -> 6.97 | AY16: =SUM(AV16:AX16) -> 21.56 | AZ16: =AO16/AU16 -> 26.598214 | BA16: =AT16/AY16 -> 32.125325 | BB16: =C16-SUM(F16:K16,Y16) -> 5622.5292 | BC16: =BB16/B16% -> 26.827258
A17: 13 | B17: ='13'!G7 -> 21444.73 | C17: ='13'!G8 -> 22115 | D17: ='13'!G15 -> 1140.02 | E17: ='13'!G20 -> 223 | F17: =SUM('13'!G35,'13'!G49) -> 3212.5 | G17: =SUM('13'!G37,'13'!G51) -> 1405.25 | H17: =SUM('13'!G38,'13'!G52) -> 2482.09 | I17: =SUM('13'!G39,'13'!G53) -> 2910.07 | J17: =SUM('13'!G41,'13'!G42,'13'!G55,'13'!G56) -> 2810.38 | K17: =SUM('13'!G43,'13'!G57) -> 2631.45 | L17: ='13'!G50 -> 1542.21 | M17: ='13'!G36 -> 821 | N17: ='13'!G138 -> 80 | O17: ='13'!$G$139 -> 17 | P17: ='13'!$G$140 -> 29 | Q17: ='13'!$G$141 -> 115 | R17: ='13'!$G$142 -> 87.55 | S17: ='13'!$G$145 -> 13 | T17: ='13'!$G$146 -> 51 | U17: ='13'!$G$144 -> 243 | V17: ='13'!$G$147 -> 493.76 | W17: ='13'!$G$148 -> 271.28 | X17: ='13'!$G$143 -> 26.56 | Y17: ='13'!$G$58 -> 241.0802 | Z17: ='13'!$G$151 -> 301 | AA17: ='13'!G161 -> 161.4 | AB17: ='13'!G162 -> 37 | AC17: ='13'!G88 -> 4.46 | AD17: ='13'!G163+'13'!G164 -> 13.3 | AE17: ='13'!$G$116 -> 512.3 | AF17: ='13'!$G$117 -> 298.801 | AG17: ='13'!$G$118 -> 280 | AH17: ='13'!$G$119 -> 36 | AI17: ='13'!$G$120 -> 381 | AJ17: ='13'!$G$121 -> 444 | AK17: ='13'!$G$122 -> 329 | AL17: ='13'!$G$123 -> 157.3768 | AM17: ='13'!$G$133 -> 0.17 | AN17: ='13'!$G$15 -> 1140.02 | AO17: ='13'!$G$74 -> 298 | AP17: ='13'!$G$75 -> -0.4 | AQ17: ='13'!$G$76 -> 102 | AR17: ='13'!$G$77 -> 54 | AS17: ='13'!$G$78 -> 0 | AT17: =AN17-SUM(AO17:AS17) -> 686.42 | AU17: =SUM('13'!G91:G92) -> 11.69 | AV17: ='13'!$G$88 -> 4.46 | AW17: ='13'!$G$89 -> 10.33 | AX17: ='13'!$G$90 -> 6.67 | AY17: =SUM(AV17:AX17) -> 21.46 | AZ17: =AO17/AU17 -> 25.491873 | BA17: =AT17/AY17 -> 31.986021 | BB17: =C17-SUM(F17:K17,Y17) -> 6422.1798 | BC17: =BB17/B17% -> 29.94759
A18: 14 | B18: ='14'!G7 -> 20218 | C18: ='14'!G8 -> 20896 | D18: ='14'!G15 -> 1190 | E18: ='14'!G20 -> 289 | F18: =SUM('14'!G35,'14'!G49) -> 3265.78 | G18: =SUM('14'!G37,'14'!G51) -> 1401.91 | H18: =SUM('14'!G38,'14'!G52) -> 2392.99 | I18: =SUM('14'!G39,'14'!G53) -> 2750.22 | J18: =SUM('14'!G41,'14'!G42,'14'!G55,'14'!G56) -> 2290.11 | K18: =SUM('14'!G43,'14'!G57) -> 2644.99 | L18: ='14'!G50 -> 1284.79 | M18: ='14'!G36 -> 786.79 | N18: ='14'!G138 -> 84 | O18: ='14'!$G$139 -> 138 | P18: ='14'!$G$140 -> 28.97 | Q18: ='14'!$G$141 -> 311 | R18: ='14'!$G$142 -> 80.44 | S18: ='14'!$G$145 -> 9 | T18: ='14'!$G$146 -> 54 | U18: ='14'!$G$144 -> 238 | V18: ='14'!$G$147 -> 353.24 | W18: ='14'!$G$148 -> 280.8 | X18: ='14'!$G$143 -> 29 | Y18: ='14'!$G$58 -> 260.47 | Z18: ='14'!$G$151 -> 322 | AA18: ='14'!G161 -> 88.36 | AB18: ='14'!G162 -> 18 | AC18: ='14'!G88 -> 4 | AD18: ='14'!G163+'14'!G164 -> 2.7 | AE18: ='14'!$G$116 -> 474 | AF18: ='14'!$G$117 -> 305.32 | AG18: ='14'!$G$118 -> 974 | AH18: ='14'!$G$119 -> 37 | AI18: ='14'!$G$120 -> 420 | AJ18: ='14'!$G$121 -> 434 | AK18: ='14'!$G$122 -> 330 | AL18: ='14'!$G$123 -> 130 | AM18: ='14'!$G$133 -> 0 | AN18: ='14'!$G$15 -> 1190 | AO18: ='14'!$G$74 -> 291 | AP18: ='14'!$G$75 -> 0 | AQ18: ='14'!$G$76 -> 112 | AR18: ='14'!$G$77 -> 54 | AS18: ='14'!$G$78 -> 0 | AT18: =AN18-SUM(AO18:AS18) -> 733 | AU18: =SUM('14'!G91:G92) -> 11.66 | AV18: ='14'!$G$88 -> 4 | AW18: ='14'!$G$89 -> 10 | AX18: ='14'!$G$90 -> 8 | AY18: =SUM(AV18:AX18) -> 22 | AZ18: =AO18/AU18 -> 24.957118 | BA18: =AT18/AY18 -> 33.318182 | BB18: =C18-SUM(F18:K18,Y18) -> 5889.53 | BC18: =BB18/B18% -> 29.130132
A19: 15 | B19: ='15'!G7 -> 20261 | C19: ='15'!G8 -> 20628.8 | D19: ='15'!G15 -> 1011 | E19: ='15'!G20 -> 355 | F19: =SUM('15'!G35,'15'!G49) -> 3735.89 | G19: =SUM('15'!G37,'15'!G51) -> 1412.64 | H19: =SUM('15'!G38,'15'!G52) -> 2492.64 | I19: =SUM('15'!G39,'15'!G53) -> 2641.68 | J19: =SUM('15'!G41,'15'!G42,'15'!G55,'15'!G56) -> 2576.71 | K19: =SUM('15'!G43,'15'!G57) -> 2621.32 | L19: ='15'!G50 -> 1243.72 | M19: ='15'!G36 -> 693.6 | N19: ='15'!G138 -> 107 | O19: ='15'!$G$139 -> 141 | P19: ='15'!$G$140 -> 28.6447 | Q19: ='15'!$G$141 -> 350 | R19: ='15'!$G$142 -> 83.01 | S19: ='15'!$G$145 -> 392 | T19: ='15'!$G$146 -> 31 | U19: ='15'!$G$144 -> 223 | V19: ='15'!$G$147 -> 316.68 | W19: ='15'!$G$148 -> 277.84 | X19: ='15'!$G$143 -> 30.51 | Y19: ='15'!$G$58 -> 259.889 | Z19: ='15'!$G$151 -> 265 | AA19: ='15'!G161 -> 55.76 | AB19: ='15'!G162 -> 14 | AC19: ='15'!G88 -> 6.39 | AD19: ='15'!G163+'15'!G164 -> 1.8 | AE19: ='15'!$G$116 -> 463.06 | AF19: ='15'!$G$117 -> 317.303 | AG19: ='15'!$G$118 -> 548.87 | AH19: ='15'!$G$119 -> 36 | AI19: ='15'!$G$120 -> 355 | AJ19: ='15'!$G$121 -> 400 | AK19: ='15'!$G$122 -> 301.85 | AL19: ='15'!$G$123 -> 638.175 | AM19: ='15'!$G$133 -> 0 | AN19: ='15'!$G$15 -> 1011 | AO19: ='15'!$G$74 -> 113 | AP19: ='15'!$G$75 -> 0.2 | AQ19: ='15'!$G$76 -> 93 | AR19: ='15'!$G$77 -> 40 | AS19: ='15'!$G$78 -> 0 | AT19: =AN19-SUM(AO19:AS19) -> 764.8 | AU19: =SUM('15'!G91:G92) -> 10.91 | AV19: ='15'!$G$88 -> 6.39 | AW19: ='15'!$G$89 -> 7 | AX19: ='15'!$G$90 -> 9.41 | AY19: =SUM(AV19:AX19) -> 22.8 | AZ19: =AO19/AU19 -> 10.35747 | BA19: =AT19/AY19 -> 33.54386 | BB19: =C19-SUM(F19:K19,Y19) -> 4888.031 | BC19: =BB19/B19% -> 24.12532
A20: 16 | B20: ='16'!G7 -> 21141 | C20: ='16'!G8 -> 21502.2 | D20: ='16'!G15 -> 1059 | E20: ='16'!G20 -> 272 | F20: =SUM('16'!G35,'16'!G49) -> 2441.33 | G20: =SUM('16'!G37,'16'!G51) -> 1520.45 | H20: =SUM('16'!G38,'16'!G52) -> 2503.13 | I20: =SUM('16'!G39,'16'!G53) -> 2793.1 | J20: =SUM('16'!G41,'16'!G42,'16'!G55,'16'!G56) -> 2955.18 | K20: =SUM('16'!G43,'16'!G57) -> 2697.69 | L20: ='16'!G50 -> 1176.49 | M20: ='16'!G36 -> 698.61 | N20: ='16'!G138 -> 150 | O20: ='16'!$G$139 -> 144 | P20: ='16'!$G$140 -> 28.3853 | Q20: ='16'!$G$141 -> 74 | R20: ='16'!$G$142 -> 86 | S20: ='16'!$G$145 -> 207 | T20: ='16'!$G$146 -> 31 | U20: ='16'!$G$144 -> 244 | V20: ='16'!$G$147 -> 377.32 | W20: ='16'!$G$148 -> 288.08 | X20: ='16'!$G$143 -> 28.49 | Y20: ='16'!$G$58 -> 256.641 | Z20: ='16'!$G$151 -> 339 | AA20: ='16'!G161 -> 130.48 | AB20: ='16'!G162 -> 64 | AC20: ='16'!G88 -> 7.61 | AD20: ='16'!G163+'16'!G164 -> 4.2 | AE20: ='16'!$G$116 -> 460.94 | AF20: ='16'!$G$117 -> 308.377 | AG20: ='16'!$G$118 -> 631.13 | AH20: ='16'!$G$119 -> 35 | AI20: ='16'!$G$120 -> 404 | AJ20: ='16'!$G$121 -> 425 | AK20: ='16'!$G$122 -> 313.15 | AL20: ='16'!$G$123 -> 295.825 | AM20: ='16'!$G$133 -> -0.17 | AN20: ='16'!$G$15 -> 1059 | AO20: ='16'!$G$74 -> 356 | AP20: ='16'!$G$75 -> 0 | AQ20: ='16'!$G$76 -> 101 | AR20: ='16'!$G$77 -> 48 | AS20: ='16'!$G$78 -> 0 | AT20: =AN20-SUM(AO20:AS20) -> 554 | AU20: =SUM('16'!G91:G92) -> 12.74 | AV20: ='16'!$G$88 -> 7.61 | AW20: ='16'!$G$89 -> 1 | AX20: ='16'!$G$90 -> 9.59 | AY20: =SUM(AV20:AX20) -> 18.2 | AZ20: =AO20/AU20 -> 27.943485 | BA20: =AT20/AY20 -> 30.43956 | BB20: =C20-SUM(F20:K20,Y20) -> 6334.679 | BC20: =BB20/B20% -> 29.963952
A21: 17 | B21: ='17'!G7 -> 19508 | C21: ='17'!G8 -> 20053 | D21: ='17'!G15 -> 922 | E21: ='17'!G20 -> 205 | F21: =SUM('17'!G35,'17'!G49) -> 2993 | G21: =SUM('17'!G37,'17'!G51) -> 1424 | H21: =SUM('17'!G38,'17'!G52) -> 2431 | I21: =SUM('17'!G39,'17'!G53) -> 2759 | J21: =SUM('17'!G41,'17'!G42,'17'!G55,'17'!G56) -> 2147.37 | K21: =SUM('17'!G43,'17'!G57) -> 2642 | L21: ='17'!G50 -> 1107 | M21: ='17'!G36 -> 734 | N21: ='18 '!G138 -> 111 | O21: ='17'!$G$139 -> 159 | P21: ='17'!$G$140 -> 29 | Q21: ='17'!$G$141 -> 225 | R21: ='17'!$G$142 -> 87 | S21: ='17'!$G$145 -> 170 | T21: ='17'!$G$146 -> 26 | U21: ='17'!$G$144 -> 254 | V21: ='17'!$G$147 -> 335 | W21: ='17'!$G$148 -> 264 | X21: ='17'!$G$143 -> 25 | Y21: ='17'!$G$58 -> 266 | Z21: ='17'!$G$151 -> 283 | AA21: ='17'!G161 -> 159 | AB21: ='17'!G162 -> 32 | AC21: ='17'!G88 -> 10 | AD21: ='17'!G163+'17'!G164 -> 10 | AE21: ='17'!$G$116 -> 546 | AF21: ='17'!$G$117 -> 227 | AG21: ='17'!$G$118 -> 633 | AH21: ='17'!$G$119 -> 32 | AI21: ='17'!$G$120 -> 384 | AJ21: ='17'!$G$121 -> 426 | AK21: ='17'!$G$122 -> 305 | AL21: ='17'!$G$123 -> 299 | AM21: ='17'!$G$133 -> 0 | AN21: ='17'!$G$15 -> 922 | AO21: ='17'!$G$74 -> 300 | AP21: ='17'!$G$75 -> 0 | AQ21: ='17'!$G$76 -> 82 | AR21: ='17'!$G$77 -> 51 | AS21: ='17'!$G$78 -> 0 | AT21: =AN21-SUM(AO21:AS21) -> 489 | AU21: =SUM('17'!G91:G92) -> 11 | AV21: ='17'!$G$88 -> 10 | AW21: ='17'!$G$89 -> 2 | AX21: ='17'!$G$90 -> 4 | AY21: =SUM(AV21:AX21) -> 16 | AZ21: =AO21/AU21 -> 27.272727 | BA21: =AT21/AY21 -> 30.5625 | BB21: =C21-SUM(F21:K21,Y21) -> 5390.63 | BC21: =BB21/B21% -> 27.63292
A22: 18 | B22: ='18 '!G7 -> 20015 | C22: ='18 '!G8 -> 20452 | D22: ='18 '!G15 -> 1106 | E22: ='18 '!G20 -> 284 | F22: =SUM('18 '!G35,'18 '!G49) -> 2991 | G22: =SUM('18 '!G37,'18 '!G51) -> 1400 | H22: =SUM('18 '!G38,'18 '!G52) -> 2550 | I22: =SUM('18 '!G39,'18 '!G53) -> 2725 | J22: =SUM('18 '!G41,'18 '!G42,'18 '!G55,'18 '!G56) -> 2492 | K22: =SUM('18 '!G43,'18 '!G57) -> 2635 | L22: ='18 '!G50 -> 1107 | M22: ='18 '!G36 -> 686 | N22: ='18 '!G138 -> 111 | O22: ='18 '!$G$139 -> 147 | P22: ='18 '!$G$140 -> 28 | Q22: ='18 '!$G$141 -> 245 | R22: ='18 '!$G$142 -> 80 | S22: ='18 '!$G$145 -> 35 | T22: ='18 '!$G$146 -> 35 | U22: ='18 '!$G$144 -> 248 | V22: ='18 '!$G$147 -> 363 | W22: ='18 '!$G$148 -> 305 | X22: ='18 '!$G$143 -> 30 | Y22: ='18 '!$G$58 -> 247 | Z22: ='18 '!$G$151 -> 300 | AA22: ='18 '!G161 -> 141 | AB22: ='18 '!G162 -> 42 | AC22: ='18 '!G88 -> 8 | AD22: ='18 '!G163+'18 '!G164 -> 11 | AE22: ='18 '!$G$116 -> 467 | AF22: ='18 '!$G$117 -> 235 | AG22: ='18 '!$G$118 -> 610 | AH22: ='18 '!$G$119 -> 37 | AI22: ='18 '!$G$120 -> 379 | AJ22: ='18 '!$G$121 -> 449 | AK22: ='18 '!$G$122 -> 289 | AL22: ='18 '!$G$123 -> 307 | AM22: ='18 '!$G$133 -> 0 | AN22: ='18 '!$G$15 -> 1106 | AO22: ='18 '!$G$74 -> 283 | AP22: ='18 '!$G$75 -> 0 | AQ22: ='18 '!$G$76 -> 117 | AR22: ='18 '!$G$77 -> 53 | AS22: ='18 '!$G$78 -> 0 | AT22: =AN22-SUM(AO22:AS22) -> 653 | AU22: =SUM('18 '!G91:G92) -> 10 | AV22: ='18 '!$G$88 -> 8 | AW22: ='18 '!$G$89 -> 10.49 | AX22: ='18 '!$G$90 -> 0 | AY22: =SUM(AV22:AX22) -> 18.49 | AZ22: =AO22/AU22 -> 28.3 | BA22: =AT22/AY22 -> 35.316387 | BB22: =C22-SUM(F22:K22,Y22) -> 5412 | BC22: =BB22/B22% -> 27.03972
A23: 19 | B23: ='19'!G7 -> 21220 | C23: ='19'!G8 -> 21656 | D23: ='19'!G15 -> 1171.8 | E23: ='19'!G20 -> 231 | F23: =SUM('19'!G35,'19'!G49) -> 2808.46 | G23: =SUM('19'!G37,'19'!G51) -> 1485.01 | H23: =SUM('19'!G38,'19'!G52) -> 2582.67 | I23: =SUM('19'!G39,'19'!G53) -> 2754.66 | J23: =SUM('19'!G41,'19'!G42,'19'!G55,'19'!G56) -> 2703.44 | K23: =SUM('19'!G43,'19'!G57) -> 2584 | L23: ='19'!G50 -> 1693.8 | M23: ='19'!G36 -> 993.19 | N23: ='19'!G138 -> 112 | O23: ='19'!$G$139 -> 145 | P23: ='19'!$G$140 -> 23.37 | Q23: ='19'!$G$141 -> 247.8 | R23: ='19'!G142 -> 87.2 | S23: ='19'!$G$145 -> 389 | T23: ='19'!$G$146 -> 45 | U23: ='19'!$G$144 -> 269 | V23: ='19'!$G$147 -> 371.64 | W23: ='19'!$G$148 -> 343.96 | X23: ='19'!$G$143 -> 35.46 | Y23: ='19'!$G$58 -> 265.28 | Z23: ='19'!$G$151 -> 297 | AA23: ='19'!G161 -> 137 | AB23: ='19'!G162 -> 43 | AC23: ='19'!G88 -> 8.14 | AD23: ='19'!G163+'19'!G164 -> 4 | AE23: ='19'!$G$116 -> 453.67 | AF23: ='19'!$G$117 -> 224.9 | AG23: ='19'!$G$118 -> 614.25 | AH23: ='19'!$G$119 -> 48 | AI23: ='19'!$G$120 -> 386 | AJ23: ='19'!$G$121 -> 441 | AK23: ='19'!$G$122 -> 306.88 | AL23: ='19'!$G$123 -> 299.16 | AM23: ='19'!$G$133 -> 0 | AN23: ='19'!$G$15 -> 1171.8 | AO23: ='19'!$G$74 -> 335 | AP23: ='19'!$G$75 -> 0 | AQ23: ='19'!$G$76 -> 102.5 | AR23: ='19'!$G$77 -> 52 | AS23: ='19'!$G$78 -> 0 | AT23: =AN23-SUM(AO23:AS23) -> 682.3 | AU23: =SUM('19'!G91:G92) -> 12.47 | AV23: ='19'!$G$88 -> 8.14 | AW23: ='19'!$G$89 -> 9.89 | AX23: ='19'!$G$90 -> -0.19 | AY23: =SUM(AV23:AX23) -> 17.84 | AZ23: =AO23/AU23 -> 26.864475 | BA23: =AT23/AY23 -> 38.245516 | BB23: =C23-SUM(F23:K23,Y23) -> 6472.48 | BC23: =BB23/B23% -> 30.501791
A24: 20 | B24: ='20'!G7 -> 21027 | C24: ='20'!G8 -> 21411 | D24: ='20'!G15 -> 1194.2 | E24: ='20'!G20 -> 276 | F24: =SUM('20'!G35,'20'!G49) -> 2786.54 | G24: =SUM('20'!G37,'20'!G51) -> 1459.99 | H24: =SUM('20'!G38,'20'!G52) -> 2619.33 | I24: =SUM('20'!G39,'20'!G53) -> 2766.34 | J24: =SUM('20'!G41,'20'!G42,'20'!G55,'20'!G56) -> 2725.19 | K24: =SUM('20'!G43,'20'!G57) -> 2679 | L24: ='20'!G50 -> 1490.2 | M24: ='20'!G36 -> 853.81 | N24: ='20'!G138 -> 109 | O24: ='20'!$G$139 -> 207 | P24: ='20'!$G$140 -> 16.63 | Q24: ='20'!$G$141 -> 248.2 | R24: ='20'!$G$142 -> 74.8 | S24: ='20'!$G$145 -> 192 | T24: ='20'!$G$146 -> 49 | U24: ='20'!$G$144 -> 228 | V24: ='20'!$G$147 -> 376.36 | W24: ='20'!$G$148 -> 353.04 | X24: ='20'!$G$143 -> 36.54 | Y24: ='20'!$G$58 -> 259.72 | Z24: ='20'!$G$151 -> 278 | AA24: ='20'!G161 -> 139 | AB24: ='20'!G162 -> 46 | AC24: ='20'!G88 -> 7.86 | AD24: ='20'!G163+'20'!G164 -> 5 | AE24: ='20'!$G$116 -> 479.33 | AF24: ='20'!$G$117 -> 210.1 | AG24: ='20'!$G$118 -> 600.75 | AH24: ='20'!$G$119 -> 54 | AI24: ='20'!$G$120 -> 376 | AJ24: ='20'!$G$121 -> 458 | AK24: ='20'!$G$122 -> 336.12 | AL24: ='20'!$G$123 -> 308.84 | AM24: ='20'!$G$133 -> 0 | AN24: ='20'!$G$15 -> 1194.2 | AO24: ='20'!$G$74 -> 329 | AP24: ='20'!$G$75 -> 0 | AQ24: ='20'!$G$76 -> 108.5 | AR24: ='20'!$G$77 -> 59 | AS24: ='20'!$G$78 -> 0 | AT24: =AN24-SUM(AO24:AS24) -> 697.7 | AU24: =SUM('20'!G91:G92) -> 11.53 | AV24: ='20'!$G$88 -> 7.86 | AW24: ='20'!$G$89 -> 11.62 | AX24: ='20'!$G$90 -> 0.19 | AY24: =SUM(AV24:AX24) -> 19.67 | AZ24: =AO24/AU24 -> 28.534258 | BA24: =AT24/AY24 -> 35.470259 | BB24: =C24-SUM(F24:K24,Y24) -> 6114.89 | BC24: =BB24/B24% -> 29.081134
A25: 21 | B25: ='21'!G7 -> 20435 | C25: ='21'!G8 -> 20821 | D25: ='21'!G15 -> 1220 | E25: ='21'!G20 -> 261 | F25: =SUM('21'!G35,'21'!G49) -> 2795 | G25: =SUM('21'!G37,'21'!G51) -> 1407 | H25: =SUM('21'!G38,'21'!G52) -> 2664 | I25: =SUM('21'!G39,'21'!G53) -> 2740 | J25: =SUM('21'!G41,'21'!G42,'21'!G55,'21'!G56) -> 2544.86 | K25: =SUM('21'!G43,'21'!G57) -> 2637 | L25: ='21'!G50 -> 1159 | M25: ='21'!G36 -> 944 | N25: ='21'!G138 -> 131 | O25: ='21'!$G$139 -> 151 | P25: ='21'!$G$140 -> 17 | Q25: ='21'!$G$141 -> 238 | R25: ='21'!$G$142 -> 73 | S25: ='21'!$G$145 -> 178 | T25: ='21'!$G$146 -> 40 | U25: ='21'!$G$144 -> 263 | V25: ='21'!$G$147 -> 398 | W25: ='21'!$G$148 -> 376 | X25: ='21'!$G$143 -> 34 | Y25: ='21'!$G$58 -> 268 | Z25: ='21'!$G$151 -> 346 | AA25: ='21'!G161 -> 104 | AB25: ='21'!G162 -> 42 | AC25: ='21'!G88 -> 6 | AD25: ='21'!G163+'21'!G164 -> 4 | AE25: ='21'!$G$116 -> 460 | AF25: ='21'!$G$117 -> 225 | AG25: ='21'!$G$118 -> 596 | AH25: ='21'!$G$119 -> 49 | AI25: ='21'!$G$120 -> 408 | AJ25: ='21'!$G$121 -> 451 | AK25: ='21'!$G$122 -> 343 | AL25: ='21'!$G$123 -> 302 | AM25: ='21'!$G$133 -> 0 | AN25: ='21'!$G$15 -> 1220 | AO25: ='21'!$G$74 -> 324 | AP25: ='21'!$G$75 -> 0 | AQ25: ='21'!$G$76 -> 102 | AR25: ='21'!$G$77 -> 65 | AS25: ='21'!$G$78 -> 0 | AT25: =AN25-SUM(AO25:AS25) -> 729 | AU25: =SUM('21'!G91:G92) -> 12 | AV25: ='21'!$G$88 -> 6 | AW25: ='21'!$G$89 -> 9.6 | AX25: ='21'!$G$90 -> 8 | AY25: =SUM(AV25:AX25) -> 23.6 | AZ25: =AO25/AU25 -> 27 | BA25: =AT25/AY25 -> 30.889831 | BB25: =C25-SUM(F25:K25,Y25) -> 5765.14 | BC25: =BB25/B25% -> 28.212087
A26: 22 | B26: ='22'!G7 -> 19181 | C26: ='22'!G8 -> 19708 | D26: ='22'!G15 -> 1281 | E26: ='22'!G20 -> 275 | F26: =SUM('22'!G35,'22'!G49) -> 2756 | G26: =SUM('22'!G37,'22'!G51) -> 1477 | H26: =SUM('22'!G38,'22'!G52) -> 2557 | I26: =SUM('22'!G39,'22'!G53) -> 2680 | J26: =SUM('22'!G41,'22'!G42,'22'!G55,'22'!G56) -> 2007 | K26: =SUM('22'!G43,'22'!G57) -> 2638 | L26: ='22'!G50 -> 1059 | M26: ='22'!G36 -> 921 | N26: ='22'!G138 -> 80 | O26: ='22'!$G$139 -> 146 | P26: ='22'!$G$140 -> 27 | Q26: ='22'!$G$141 -> 244 | R26: ='22'!$G$142 -> 74 | S26: ='22'!$G$145 -> 173 | T26: ='22'!$G$146 -> 24 | U26: ='22'!$G$144 -> 250 | V26: ='22'!$G$147 -> 353 | W26: ='22'!$G$148 -> 393 | X26: ='22'!$G$143 -> 37 | Y26: ='22'!$G$58 -> 265 | Z26: ='22'!$G$151 -> 314 | AA26: ='22'!G161 -> 57 | AB26: ='22'!G162 -> 19 | AC26: ='22'!G88 -> 4 | AD26: ='22'!G163+'22'!G164 -> 0 | AE26: ='22'!$G$116 -> 445 | AF26: ='22'!$G$117 -> 218 | AG26: ='22'!$G$118 -> 624 | AH26: ='22'!$G$119 -> 44 | AI26: ='22'!$G$120 -> 389 | AJ26: ='22'!$G$121 -> 404 | AK26: ='22'!$G$122 -> 266 | AL26: ='22'!$G$123 -> 308 | AM26: ='22'!$G$133 -> 0 | AN26: ='22'!$G$15 -> 1281 | AO26: ='22'!$G$74 -> 336 | AP26: ='22'!$G$75 -> 0 | AQ26: ='22'!$G$76 -> 114 | AR26: ='22'!$G$77 -> 64 | AS26: ='22'!$G$78 -> 0 | AT26: =AN26-SUM(AO26:AS26) -> 767 | AU26: =SUM('22'!G91:G92) -> 12 | AV26: ='22'!$G$88 -> 4 | AW26: ='22'!$G$89 -> 10.4 | AX26: ='22'!$G$90 -> 10 | AY26: =SUM(AV26:AX26) -> 24.4 | AZ26: =AO26/AU26 -> 28 | BA26: =AT26/AY26 -> 31.434426 | BB26: =C26-SUM(F26:K26,Y26) -> 5328 | BC26: =BB26/B26% -> 27.777488
A27: 23 | B27: ='23'!G7 -> 19773.8 | C27: ='23'!G8 -> 20249 | D27: ='23'!G15 -> 1201 | E27: ='23'!G20 -> 275 | F27: =SUM('23'!G35,'23'!G49) -> 2681.58 | G27: =SUM('23'!G37,'23'!G51) -> 1518.47 | H27: =SUM('23'!G38,'23'!G52) -> 2587.91 | I27: =SUM('23'!G39,'23'!G53) -> 2702.67 | J27: =SUM('23'!G41,'23'!G42,'23'!G55,'23'!G56) -> 2704.91 | K27: =SUM('23'!G43,'23'!G57) -> 2429.03 | L27: ='23'!G50 -> 1081.11 | M27: ='23'!G36 -> 1190.51 | N27: ='23'!G138 -> 112 | O27: ='23'!G139 -> 165 | P27: ='23'!$G$140 -> 27.72 | Q27: ='23'!$G$141 -> 171.9 | R27: ='23'!$G$142 -> 72 | S27: ='23'!$G$145 -> 170 | T27: ='23'!$G$146 -> 23 | U27: ='23'!$G$144 -> 249 | V27: ='23'!$G$147 -> 357.12 | W27: ='23'!$G$148 -> 390.76 | X27: ='23'!$G$143 -> 21.23 | Y27: ='23'!$G$58 -> 270.2 | Z27: ='23'!$G$151 -> 300 | AA27: ='23'!$G$161 -> 107.7 | AB27: ='23'!G162 -> 31.2 | AC27: ='23'!G88 -> 4.37 | AD27: ='23'!G163+'23'!G164 -> 4.5 | AE27: ='23'!$G$116 -> 445.8 | AF27: ='23'!$G$117 -> 210 | AG27: ='23'!$G$118 -> 606.55 | AH27: ='23'!$G$119 -> 49.3 | AI27: ='23'!$G$120 -> 380.5 | AJ27: ='23'!$G$121 -> 409 | AK27: ='23'!$G$122 -> 282.5 | AL27: ='23'!$G$123 -> 314.7 | AM27: ='23'!$G$133 -> 0.17 | AN27: ='23'!$G$15 -> 1201 | AO27: ='23'!$G$74 -> 282.534 | AP27: ='23'!$G$75 -> 0 | AQ27: ='23'!$G$76 -> 110 | AR27: ='23'!$G$77 -> 62 | AS27: ='23'!$G$78 -> 0 | AT27: =AN27-SUM(AO27:AS27) -> 746.466 | AU27: =SUM('23'!G91:G92) -> 10.34 | AV27: ='23'!$G$88 -> 4.37 | AW27: ='23'!$G$89 -> 9.87 | AX27: ='23'!$G$90 -> 9.38 | AY27: =SUM(AV27:AX27) -> 23.62 | AZ27: =AO27/AU27 -> 27.324371 | BA27: =AT27/AY27 -> 31.603133 | BB27: =C27-SUM(F27:K27,Y27) -> 5354.23 | BC27: =BB27/B27% -> 27.077395
A28: 24 | B28: ='24'!G7 -> 18979.27 | C28: ='24'!G8 -> 19443.51 | D28: ='24'!G15 -> 1139.91 | E28: ='24'!G20 -> 298 | F28: =SUM('24'!G35,'24'!G49) -> 2548.72 | G28: =SUM('24'!G37,'24'!G51) -> 1513.76 | H28: =SUM('24'!G38,'24'!G52) -> 4109.59 | I28: =SUM('24'!G39,'24'!G53) -> 2635.6 | J28: =SUM('24'!G41,'24'!G42,'24'!G55,'24'!G56) -> 2847.02 | K28: =SUM('24'!G43,'24'!G57) -> 2368 | L28: ='24'!G50 -> 1059.2 | M28: ='24'!G36 -> 801.12 | N28: ='24'!G138 -> 103 | O28: ='24'!G139 -> 148 | P28: ='24'!$G$140 -> 22.71 | Q28: ='24'!$G$141 -> 292.56 | R28: ='24'!$G$142 -> 75.88 | S28: ='24'!$G$145 -> 172 | T28: ='24'!$G$146 -> 23 | U28: ='24'!$G$144 -> 256 | V28: ='24'!$G$147 -> 319.88 | W28: ='24'!$G$148 -> 293.24 | X28: ='24'!$G$143 -> 22.42 | Y28: ='24'!$G$58 -> 258.63 | Z28: ='24'!$G$151 -> 300 | AA28: ='24'!G161 -> 73.3 | AB28: ='24'!G162 -> 32 | AC28: ='24'!G88 -> 4.87 | AD28: ='24'!G163+'24'!G164 -> 4.7 | AE28: ='24'!$G$116 -> 284.14 | AF28: ='24'!$G$117 -> 267.63 | AG28: ='24'!$G$118 -> 617.94 | AH28: ='24'!$G$119 -> 49.22 | AI28: ='24'!$G$120 -> 381.89 | AJ28: ='24'!$G$121 -> 398.79 | AK28: ='24'!$G$122 -> 313.65 | AL28: ='24'!$G$123 -> 314.27 | AM28: ='24'!$G$133 -> 433 | AN28: ='24'!$G$15 -> 1139.91 | AO28: ='24'!$G$74 -> 298.466 | AP28: ='24'!$G$75 -> 0 | AQ28: ='24'!$G$76 -> 110 | AR28: ='24'!$G$77 -> 41 | AS28: ='24'!$G$78 -> 0 | AT28: =AN28-SUM(AO28:AS28) -> 690.444 | AU28: =SUM('24'!G91:G92) -> 11.13 | AV28: ='24'!$G$88 -> 4.87 | AW28: ='24'!$G$89 -> 10.9 | AX28: ='24'!$G$90 -> 6.17 | AY28: =SUM(AV28:AX28) -> 21.94 | AZ28: =AO28/AU28 -> 26.816352 | BA28: =AT28/AY28 -> 31.469644 | BB28: =C28-SUM(F28:K28,Y28) -> 3162.19 | BC28: =BB28/B28% -> 16.661284
