Workbook

Sheet TOTAL
A1: Site Name | B1: Day | C1: Month | D1: Year | E1: Total Electricity Kwh | F1: Electricity Tariff ($/Kwh) | G1: Natual Gas (m3) | H1: Natural Gas $/m3 | I1: Water Utility Supply (m3) m3 | J1: Water Utility Supply (m3) $/m3 | K1: Room Nights | L1: Total Guests
A2: Hong Kong | B2: 1 | C2: 11 | D2: 2022 | E2: =Combine!G3 -> 68310 | F2: 1.8924352 | G2: =Combine!M3 -> 5040.4662 | H2: 9.4525541 | I2: =Combine!J3 -> 758.413 | J2: 8.3787078 | K2: =Combine!N3 -> 655 | L2: =Combine!O3 -> 1193
A3: Hong Kong | B3: 2 | C3: 11 | D3: 2022 | E3: =Combine!G4 -> 68530 | F3: 1.8924352 | G3: =Combine!M4 -> 5894.216 | H3: 9.4525541 | I3: =Combine!J4 -> 823.308 | J3: 8.3787078 | K3: =Combine!N4 -> 620 | L3: =Combine!O4 -> 1136
A4: Hong Kong | B4: 3 | C4: 11 | D4: 2022 | E4: =Combine!G5 -> 72440 | F4: 1.8924352 | G4: =Combine!M5 -> 6946.832 | H4: 9.4525541 | I4: =Combine!J5 -> 850.725 | J4: 8.3787078 | K4: =Combine!N5 -> 566 | L4: =Combine!O5 -> 1078
A5: Hong Kong | B5: 4 | C5: 11 | D5: 2022 | E5: =Combine!G6 -> 71430 | F5: 1.8924352 | G5: =Combine!M6 -> 5799.9814 | H5: 9.4525541 | I5: =Combine!J6 -> 820.04 | J5: 8.3787078 | K5: =Combine!N6 -> 544 | L5: =Combine!O6 -> 1072
A6: Hong Kong | B6: 5 | C6: 11 | D6: 2022 | E6: =Combine!G7 -> 69340 | F6: 1.8924352 | G6: =Combine!M7 -> 5664.8205 | H6: 9.4525541 | I6: =Combine!J7 -> 837.565 | J6: 8.3787078 | K6: =Combine!N7 -> 534 | L6: =Combine!O7 -> 1073
A7: Hong Kong | B7: 6 | C7: 11 | D7: 2022 | E7: =Combine!G8 -> 66390 | F7: 1.8924352 | G7: =Combine!M8 -> 5946.597 | H7: 9.4525541 | I7: =Combine!J8 -> 874.5 | J7: 8.3787078 | K7: =Combine!N8 -> 554 | L7: =Combine!O8 -> 1093
A8: Hong Kong | B8: 7 | C8: 11 | D8: 2022 | E8: =Combine!G9 -> 66820 | F8: 1.8924352 | G8: =Combine!M9 -> 5361.5615 | H8: 9.4525541 | I8: =Combine!J9 -> 803.119 | J8: 8.3787078 | K8: =Combine!N9 -> 577 | L8: =Combine!O9 -> 1123
A9: Hong Kong | B9: 8 | C9: 11 | D9: 2022 | E9: =Combine!G10 -> 68810 | F9: 1.8924352 | G9: =Combine!M10 -> 5263.7141 | H9: 9.4525541 | I9: =Combine!J10 -> 769 | J9: 8.3787078 | K9: =Combine!N10 -> 550 | L9: =Combine!O10 -> 1076
A10: Hong Kong | B10: 9 | C10: 11 | D10: 2022 | E10: =Combine!G11 -> 70200 | F10: 1.8924352 | G10: =Combine!M11 -> 5271.1733 | H10: 9.4525541 | I10: =Combine!J11 -> 741.8 | J10: 8.3787078 | K10: =Combine!N11 -> 550 | L10: =Combine!O11 -> 1085
A11: Hong Kong | B11: 10 | C11: 11 | D11: 2022 | E11: =Combine!G12 -> 73010 | F11: 1.8924352 | G11: =Combine!M12 -> 5358.1974 | H11: 9.4525541 | I11: =Combine!J12 -> 672.35 | J11: 8.3787078 | K11: =Combine!N12 -> 568 | L11: =Combine!O12 -> 1118
A12: Hong Kong | B12: 11 | C12: 11 | D12: 2022 | E12: =Combine!G13 -> 77190 | F12: 1.8924352 | G12: =Combine!M13 -> 4915.6177 | H12: 9.4525541 | I12: =Combine!J13 -> 667.4 | J12: 8.3787078 | K12: =Combine!N13 -> 576 | L12: =Combine!O13 -> 1165
A13: Hong Kong | B13: 12 | C13: 11 | D13: 2022 | E13: =Combine!G14 -> 73690 | F13: 1.8924352 | G13: =Combine!M14 -> 5457.6535 | H13: 9.4525541 | I13: =Combine!J14 -> 774.7 | J13: 8.3787078 | K13: =Combine!N14 -> 590 | L13: =Combine!O14 -> 1218
... A31: Hong Kong | B31: 30 | C31: 11 | D31: 2022 | E31: =Combine!G32 -> 74350 | F31: 1.8924352 | G31: =Combine!M32 -> 5253.1904 | H31: 9.4525541 | I31: =Combine!J32 -> 1525.5 | J31: 8.3787078 | K31: =Combine!N32 -> 519 | L31: =Combine!O32 -> 1004
A32: Hong Kong

Sheet Combine
E1: FSH | F1: FSP | G1: FSH & FSP | H1: FSH | I1: FSP | J1: FSH & FSP | K1: FSH | L1: FSP | M1: FSH & FSP | N1: FSH & FSP
A2: Site Name | B2: Day | C2: Month | E2: Total Electricity Kwh | F2: Total Electricity Kwh | G2: Total Electricity Kwh | H2: Water Utility supply (m3) | I2: Water Utility supply (m3) | J2: Water Utility supply (m3) | K2: Town Gas (mJ) | L2: 335 | M2: Town Gas (m3) | N2: Occ room | O2: Total Guest | P2: Total Rooms | Q2: Temp ( C )
A3: FSHK | B3: 1 | C3: 11 | D3: 2022 | E3: ='Athens Daily - EL'!AP8 -> 38710.5 | F3: ='Athens Daily - EL'!AQ8 -> 29599.5 | G3: =SUM(E3,F3) -> 68310 | H3: ='Athens Daily - Water'!R7 -> 537.163 | I3: ='Athens Daily - Water'!S7 -> 221.25 | J3: =SUM(H3,I3) -> 758.413 | K3: ='Athens Daily - Gas'!BH9 -> 125041.2 | L3: ='Athens Daily - Gas'!BI9 -> 69571.2 | M3: =SUM(K3,L3)/38.61 -> 5040.4662 | N3: =Occ!G10 -> 655 | O3: =Occ!H10 -> 1193 | P3: 918
A4: FSHK | B4: 2 | C4: 11 | D4: 2022 | E4: ='Athens Daily - EL'!AP9 -> 39174.4 | F4: ='Athens Daily - EL'!AQ9 -> 29355.6 | G4: =SUM(E4,F4) -> 68530 | H4: ='Athens Daily - Water'!R8 -> 628.308 | I4: ='Athens Daily - Water'!S8 -> 195 | J4: =SUM(H4,I4) -> 823.308 | K4: ='Athens Daily - Gas'!BH10 -> 138910.08 | L4: ='Athens Daily - Gas'!BI10 -> 88665.6 | M4: =SUM(K4,L4)/38.61 -> 5894.216 | N4: =Occ!G11 -> 620 | O4: =Occ!H11 -> 1136 | P4: 918
A5: FSHK | B5: 3 | C5: 11 | D5: 2022 | E5: ='Athens Daily - EL'!AP10 -> 40728.5 | F5: ='Athens Daily - EL'!AQ10 -> 31711.5 | G5: =SUM(E5,F5) -> 72440 | H5: ='Athens Daily - Water'!R9 -> 644.475 | I5: ='Athens Daily - Water'!S9 -> 206.25 | J5: =SUM(H5,I5) -> 850.725 | K5: ='Athens Daily - Gas'!BH11 -> 179129.18 | L5: ='Athens Daily - Gas'!BI11 -> 89088 | M5: =SUM(K5,L5)/38.61 -> 6946.832 | N5: =Occ!G12 -> 566 | O5: =Occ!H12 -> 1078 | P5: 918
A6: FSHK | B6: 4 | C6: 11 | D6: 2022 | E6: ='Athens Daily - EL'!AP11 -> 40035.4 | F6: ='Athens Daily - EL'!AQ11 -> 31394.6 | G6: =SUM(E6,F6) -> 71430 | H6: ='Athens Daily - Water'!R10 -> 613.74 | I6: ='Athens Daily - Water'!S10 -> 206.3 | J6: =SUM(H6,I6) -> 820.04 | K6: ='Athens Daily - Gas'!BH12 -> 138660.48 | L6: ='Athens Daily - Gas'!BI12 -> 85276.8 | M6: =SUM(K6,L6)/38.61 -> 5799.9814 | N6: =Occ!G13 -> 544 | O6: =Occ!H13 -> 1072 | P6: 918
A7: FSHK | B7: 5 | C7: 11 | D7: 2022 | E7: ='Athens Daily - EL'!AP12 -> 39543.2 | F7: ='Athens Daily - EL'!AQ12 -> 29796.8 | G7: =SUM(E7,F7) -> 69340 | H7: ='Athens Daily - Water'!R11 -> 625.165 | I7: ='Athens Daily - Water'!S11 -> 212.4 | J7: =SUM(H7,I7) -> 837.565 | K7: ='Athens Daily - Gas'!BH13 -> 137627.52 | L7: ='Athens Daily - Gas'!BI13 -> 81091.2 | M7: =SUM(K7,L7)/38.61 -> 5664.8205 | N7: =Occ!G14 -> 534 | O7: =Occ!H14 -> 1073 | P7: 918
A8: FSHK | B8: 6 | C8: 11 | D8: 2022 | E8: ='Athens Daily - EL'!AP13 -> 38092.8 | F8: ='Athens Daily - EL'!AQ13 -> 28297.2 | G8: =SUM(E8,F8) -> 66390 | H8: ='Athens Daily - Water'!R12 -> 654 | I8: ='Athens Daily - Water'!S12 -> 220.5 | J8: =SUM(H8,I8) -> 874.5 | K8: ='Athens Daily - Gas'!BH14 -> 151482.91 | L8: ='Athens Daily - Gas'!BI14 -> 78115.2 | M8: =SUM(K8,L8)/38.61 -> 5946.597 | N8: =Occ!G15 -> 554 | O8: =Occ!H15 -> 1093 | P8: 918
A9: FSHK | B9: 7 | C9: 11 | D9: 2022 | E9: ='Athens Daily - EL'!AP14 -> 37212.9 | F9: ='Athens Daily - EL'!AQ14 -> 29607.1 | G9: =SUM(E9,F9) -> 66820 | H9: ='Athens Daily - Water'!R13 -> 600.169 | I9: ='Athens Daily - Water'!S13 -> 202.95 | J9: =SUM(H9,I9) -> 803.119 | K9: ='Athens Daily - Gas'!BH15 -> 133473.89 | L9: ='Athens Daily - Gas'!BI15 -> 73536 | M9: =SUM(K9,L9)/38.61 -> 5361.5615 | N9: =Occ!G16 -> 577 | O9: =Occ!H16 -> 1123 | P9: 918
A10: FSHK | B10: 8 | C10: 11 | D10: 2022 | E10: ='Athens Daily - EL'!AP15 -> 38913 | F10: ='Athens Daily - EL'!AQ15 -> 29897 | G10: =SUM(E10,F10) -> 68810 | H10: ='Athens Daily - Water'!R14 -> 558 | I10: ='Athens Daily - Water'!S14 -> 211 | J10: =SUM(H10,I10) -> 769 | K10: ='Athens Daily - Gas'!BH16 -> 128745.6 | L10: ='Athens Daily - Gas'!BI16 -> 74486.4 | M10: =SUM(K10,L10)/38.61 -> 5263.7141 | N10: =Occ!G17 -> 550 | O10: =Occ!H17 -> 1076 | P10: 918
A11: FSHK | B11: 9 | C11: 11 | D11: 2022 | E11: ='Athens Daily - EL'!AP16 -> 39289.2 | F11: ='Athens Daily - EL'!AQ16 -> 30910.8 | G11: =SUM(E11,F11) -> 70200 | H11: ='Athens Daily - Water'!R15 -> 544 | I11: ='Athens Daily - Water'!S15 -> 197.8 | J11: =SUM(H11,I11) -> 741.8 | K11: ='Athens Daily - Gas'!BH17 -> 129235.2 | L11: ='Athens Daily - Gas'!BI17 -> 74284.8 | M11: =SUM(K11,L11)/38.61 -> 5271.1733 | N11: =Occ!G18 -> 550 | O11: =Occ!H18 -> 1085 | P11: 918
A12: FSHK | B12: 10 | C12: 11 | D12: 2022 | E12: ='Athens Daily - EL'!AP17 -> 40665 | F12: ='Athens Daily - EL'!AQ17 -> 32345 | G12: =SUM(E12,F12) -> 73010 | H12: ='Athens Daily - Water'!R16 -> 453 | I12: ='Athens Daily - Water'!S16 -> 219.35 | J12: =SUM(H12,I12) -> 672.35 | K12: ='Athens Daily - Gas'!BH18 -> 133305.6 | L12: ='Athens Daily - Gas'!BI18 -> 73574.4 | M12: =SUM(K12,L12)/38.61 -> 5358.1974 | N12: =Occ!G19 -> 568 | O12: =Occ!H19 -> 1118 | P12: 918
A13: FSHK | B13: 11 | C13: 11 | D13: 2022 | E13: ='Athens Daily - EL'!AP18 -> 43460.3 | F13: ='Athens Daily - EL'!AQ18 -> 33729.7 | G13: =SUM(E13,F13) -> 77190 | H13: ='Athens Daily - Water'!R17 -> 467 | I13: ='Athens Daily - Water'!S17 -> 200.4 | J13: =SUM(H13,I13) -> 667.4 | K13: ='Athens Daily - Gas'!BH19 -> 120537.6 | L13: ='Athens Daily - Gas'!BI19 -> 69254.4 | M13: =SUM(K13,L13)/38.61 -> 4915.6177 | N13: =Occ!G20 -> 576 | O13: =Occ!H20 -> 1165 | P13: 918
A14: FSHK | B14: 12 | C14: 11 | D14: 2022 | E14: ='Athens Daily - EL'!AP19 -> 41687.3 | F14: ='Athens Daily - EL'!AQ19 -> 32002.7 | G14: =SUM(E14,F14) -> 73690 | H14: ='Athens Daily - Water'!R18 -> 559 | I14: ='Athens Daily - Water'!S18 -> 215.7 | J14: =SUM(H14,I14) -> 774.7 | K14: ='Athens Daily - Gas'!BH20 -> 135350.4 | L14: ='Athens Daily - Gas'!BI20 -> 75369.6 | M14: =SUM(K14,L14)/38.61 -> 5457.6535 | N14: =Occ!G21 -> 590 | O14: =Occ!H21 -> 1218 | P14: 918
... A32: FSHK | B32: 30 | C32: 11 | D32: 2022 | E32: ='Athens Daily - EL'!AP37 -> 41820 | F32: ='Athens Daily - EL'!AQ37 -> 32530 | G32: =SUM(E32,F32) -> 74350 | H32: ='Athens Daily - Water'!R36 -> 1102 | I32: ='Athens Daily - Water'!S36 -> 423.5 | J32: =SUM(H32,I32) -> 1525.5 | K32: ='Athens Daily - Gas'!BH38 -> 131910.48 | L32: ='Athens Daily - Gas'!BI38 -> 70915.2 | M32: =SUM(K32,L32)/38.61 -> 5253.1904 | N32: =Occ!G39 -> 519 | O32: =Occ!H39 -> 1004 | P32: 918

Sheet Occ
A1: Property: | B1: FS Hotel Hong Kong
C3: Year: 2021
C4: Actual
C5: Working
C6: Total Rooms
B7: Day of month | C7: Month: Nov 2022
B8: Net Amount | G8: Data to be input in HEP
B9: Daily Average | C9: FSH Occ Rooms | D9: no.of guest | E9: FSP Occ rooms | F9: no.of guest | G9: Total OCC | H9: Total Guest | I9: Total Rooms
B10: 01 | C10: 244 | D10: 314 | E10: 411 | F10: 879 | G10: =SUM(C10+E10) -> 655 | H10: =D10+F10 -> 1193 | I10: 918
B11: 02 | C11: 208 | D11: 256 | E11: 412 | F11: 880 | G11: =SUM(C11+E11) -> 620 | H11: =D11+F11 -> 1136 | I11: 918
B12: 03 | C12: 156 | D12: 199 | E12: 410 | F12: 879 | G12: =SUM(C12+E12) -> 566 | H12: =D12+F12 -> 1078 | I12: 918
B13: 04 | C13: 131 | D13: 187 | E13: 413 | F13: 885 | G13: =SUM(C13+E13) -> 544 | H13: =D13+F13 -> 1072 | I13: 918
B14: 05 | C14: 135 | D14: 202 | E14: 399 | F14: 871 | G14: =SUM(C14+E14) -> 534 | H14: =D14+F14 -> 1073 | I14: 918
B15: 06 | C15: 159 | D15: 221 | E15: 395 | F15: 872 | G15: =SUM(C15+E15) -> 554 | H15: =D15+F15 -> 1093 | I15: 918
B16: 07 | C16: 183 | D16: 253 | E16: 394 | F16: 870 | G16: =SUM(C16+E16) -> 577 | H16: =D16+F16 -> 1123 | I16: 918
B17: 08 | C17: 159 | D17: 211 | E17: 391 | F17: 865 | G17: =SUM(C17+E17) -> 550 | H17: =D17+F17 -> 1076 | I17: 918
B18: 09 | C18: 161 | D18: 222 | E18: 389 | F18: 863 | G18: =SUM(C18+E18) -> 550 | H18: =D18+F18 -> 1085 | I18: 918
B19: 10 | C19: 178 | D19: 256 | E19: 390 | F19: 862 | G19: =SUM(C19+E19) -> 568 | H19: =D19+F19 -> 1118 | I19: 918
B20: 11 | C20: 182 | D20: 295 | E20: 394 | F20: 870 | G20: =SUM(C20+E20) -> 576 | H20: =D20+F20 -> 1165 | I20: 918
B21: 12 | C21: 199 | D21: 348 | E21: 391 | F21: 870 | G21: =SUM(C21+E21) -> 590 | H21: =D21+F21 -> 1218 | I21: 918
... B39: 30 | C39: 195 | D39: 272 | E39: 324 | F39: 732 | G39: =SUM(C39+E39) -> 519 | H39: =D39+F39 -> 1004 | I39: 918
C42: =SUM(C10:C40) -> 5641 | D42: =SUM(D10:D40) -> 8459

Sheet Total - FSH
A1: Site Name | B1: Day | C1: Month | E1: Total Electricity Kwh | F1: Electricity Tariff ($/Kwh) | G1: Town Gas (mJ) | H1: Town Gas (m3) | I1: Town Gas $/mJ | J1: Water Utility supply (m3) | K1: Water Utility (m3) $/m3 | L1: Rooms Nights | M1: Total Guests | N1: Temp
A2: FSHK | B2: 1 | C2: 1 | D2: 2021 | E2: ='Athens Daily - EL'!AP8 -> 38710.5 | G2: ='Athens Daily - Gas'!BH9 -> 125041.2 | H2: =G2/38.3 -> 3264.7833 | J2: ='Athens Daily - Water'!R7 -> 537.163 | L2: 142 | M2: =L2*2 -> 284 | N2: 10
A3: FSHK | B3: 2 | C3: 1 | D3: 2021 | E3: ='Athens Daily - EL'!AP9 -> 39174.4 | G3: ='Athens Daily - Gas'!BH11 -> 179129.18 | H3: =G3/38.3 -> 4677.0022 | J3: ='Athens Daily - Water'!R8 -> 628.308 | L3: 102 | M3: =L3*2 -> 204 | N3: 12
A4: FSHK | B4: 3 | C4: 1 | D4: 2021 | E4: ='Athens Daily - EL'!AP10 -> 40728.5 | G4: ='Athens Daily - Gas'!BH12 -> 138660.48 | H4: =G4/38.3 -> 3620.3781 | J4: ='Athens Daily - Water'!R9 -> 644.475 | L4: 55 | M4: =L4*2 -> 110 | N4: 15
A5: FSHK | B5: 4 | C5: 1 | D5: 2021 | E5: ='Athens Daily - EL'!AP11 -> 40035.4 | G5: ='Athens Daily - Gas'!BH13 -> 137627.52 | H5: =G5/38.3 -> 3593.4078 | J5: ='Athens Daily - Water'!R10 -> 613.74 | L5: 45 | M5: =L5*2 -> 90 | N5: 17
A6: FSHK | B6: 5 | C6: 1 | D6: 2021 | E6: ='Athens Daily - EL'!AP12 -> 39543.2 | G6: ='Athens Daily - Gas'!BH14 -> 151482.91 | H6: =G6/38.3 -> 3955.1674 | J6: ='Athens Daily - Water'!R11 -> 625.165 | L6: 34 | M6: =L6*2 -> 68 | N6: 15
A7: FSHK | B7: 6 | C7: 1 | D7: 2021 | E7: ='Athens Daily - EL'!AP13 -> 38092.8 | G7: ='Athens Daily - Gas'!BH15 -> 133473.89 | H7: =G7/38.3 -> 3484.9579 | J7: ='Athens Daily - Water'!R12 -> 654 | L7: 36 | M7: =L7*2 -> 72
A8: FSHK | B8: 7 | C8: 1 | D8: 2021 | E8: ='Athens Daily - EL'!AP14 -> 37212.9 | G8: ='Athens Daily - Gas'!BH16 -> 128745.6 | H8: =G8/38.3 -> 3361.5039 | J8: ='Athens Daily - Water'!R13 -> 600.169 | L8: 60 | M8: =L8*2 -> 120
A9: FSHK | B9: 8 | C9: 1 | D9: 2021 | E9: ='Athens Daily - EL'!AP15 -> 38913 | G9: ='Athens Daily - Gas'!BH17 -> 129235.2 | H9: =G9/38.3 -> 3374.2872 | J9: ='Athens Daily - Water'!R14 -> 558 | L9: 64 | M9: =L9*2 -> 128
A10: FSHK | B10: 9 | C10: 1 | D10: 2021 | E10: ='Athens Daily - EL'!AP16 -> 39289.2 | G10: ='Athens Daily - Gas'!BH18 -> 133305.6 | H10: =G10/38.3 -> 3480.564 | J10: ='Athens Daily - Water'!R15 -> 544 | L10: 100 | M10: =L10*2 -> 200 | N10: 9
A11: FSHK | B11: 10 | C11: 1 | D11: 2021 | E11: ='Athens Daily - EL'!AP17 -> 40665 | G11: ='Athens Daily - Gas'!BH19 -> 120537.6 | H11: =G11/38.3 -> 3147.1958 | J11: ='Athens Daily - Water'!R16 -> 453 | L11: 63 | M11: =L11*2 -> 126 | N11: 12
A12: FSHK | B12: 11 | C12: 1 | D12: 2021 | E12: ='Athens Daily - EL'!AP18 -> 43460.3 | G12: ='Athens Daily - Gas'!BH20 -> 135350.4 | H12: =G12/38.3 -> 3533.953 | J12: ='Athens Daily - Water'!R17 -> 467 | L12: 39 | M12: =L12*2 -> 78 | N12: 12
A13: FSHK | B13: 12 | C13: 1 | D13: 2021 | E13: ='Athens Daily - EL'!AP19 -> 41687.3 | G13: ='Athens Daily - Gas'!BH21 -> 142252.8 | H13: =G13/38.3 -> 3714.1723 | J13: ='Athens Daily - Water'!R18 -> 559 | L13: 43 | M13: =L13*2 -> 86 | N13: 10
A14: FSHK | B14: 13 | C14: 1 | D14: 2021 | E14: ='Athens Daily - EL'!AP20 -> 42654.8 | G14: ='Athens Daily - Gas'!BH22 -> 198547.2 | H14: =G14/38.3 -> 5184 | J14: ='Athens Daily - Water'!R19 -> 570 | L14: 46 | M14: =L14*2 -> 92 | N14: 12
A15: FSHK | B15: 14 | C15: 1 | D15: 2021 | E15: ='Athens Daily - EL'!AP21 -> 37452.4 | G15: ='Athens Daily - Gas'!BH23 -> 145113.6 | H15: =G15/38.3 -> 3788.8668 | J15: ='Athens Daily - Water'!R20 -> 498 | L15: 55 | M15: =L15*2 -> 110 | N15: 13
A16: FSHK | B16: 15 | C16: 1 | D16: 2021 | E16: ='Athens Daily - EL'!AP22 -> 38648.2 | G16: ='Athens Daily - Gas'!BH24 -> 80908.8 | H16: =G16/38.3 -> 2112.5013 | J16: ='Athens Daily - Water'!R21 -> 447 | L16: 74 | M16: =L16*2 -> 148 | N16: 13
A17: FSHK | B17: 16 | C17: 1 | D17: 2021 | E17: ='Athens Daily - EL'!AP23 -> 45666.9 | G17: ='Athens Daily - Gas'!BH25 -> 84940.8 | H17: =G17/38.3 -> 2217.7755 | J17: ='Athens Daily - Water'!R22 -> 438 | L17: 149 | M17: =L17*2 -> 298
A18: FSHK | B18: 17 | C18: 1 | D18: 2021 | E18: ='Athens Daily - EL'!AP24 -> 36078.6 | G18: ='Athens Daily - Gas'!BH26 -> 132268.8 | H18: =G18/38.3 -> 3453.4935 | J18: ='Athens Daily - Water'!R23 -> 480 | L18: 64 | M18: =L18*2 -> 128
A19: FSHK | B19: 18 | C19: 1 | D19: 2021 | E19: ='Athens Daily - EL'!AP25 -> 45451.2 | G19: ='Athens Daily - Gas'!BH27 -> 132720.91 | H19: =G19/38.3 -> 3465.298 | J19: ='Athens Daily - Water'!R24 -> 495 | L19: 58 | M19: =L19*2 -> 116
A20: FSHK | B20: 19 | C20: 1 | D20: 2021 | E20: ='Athens Daily - EL'!AP26 -> 43510.5 | G20: ='Athens Daily - Gas'!BH28 -> 137315.62 | H20: =G20/38.3 -> 3585.2641 | J20: ='Athens Daily - Water'!R25 -> 495.0151 | L20: 69 | M20: =L20*2 -> 138
A21: FSHK | B21: 20 | C21: 1 | D21: 2021 | E21: ='Athens Daily - EL'!AP27 -> 41068.8 | G21: ='Athens Daily - Gas'!BH29 -> 127005.55 | H21: =G21/38.3 -> 3316.0719 | J21: ='Athens Daily - Water'!R26 -> 590.7193 | L21: 42 | M21: =L21*2 -> 84
A22: FSHK | B22: 21 | C22: 1 | D22: 2021 | E22: ='Athens Daily - EL'!AP28 -> 38382.3 | G22: ='Athens Daily - Gas'!BH30 -> 132902.74 | H22: =G22/38.3 -> 3470.0453 | J22: ='Athens Daily - Water'!R27 -> 496.4658 | L22: 45 | M22: =L22*2 -> 90
A23: FSHK | B23: 22 | C23: 1 | D23: 2021 | E23: ='Athens Daily - EL'!AP29 -> 41043 | G23: ='Athens Daily - Gas'!BH31 -> 113335.3 | H23: =G23/38.3 -> 2959.1461 | J23: ='Athens Daily - Water'!R28 -> 448.4813 | L23: 82 | M23: =L23*2 -> 164 | N23: 19
A24: FSHK | B24: 23 | C24: 1 | D24: 2021 | E24: ='Athens Daily - EL'!AP30 -> 41391.3 | G24: ='Athens Daily - Gas'!BH32 -> 121455.89 | H24: =G24/38.3 -> 3171.172 | J24: ='Athens Daily - Water'!R29 -> 477.3185 | L24: 170 | M24: =L24*2 -> 340 | N24: 20
A25: FSHK | B25: 24 | C25: 1 | D25: 2021 | E25: ='Athens Daily - EL'!AP31 -> 41542.3 | G25: ='Athens Daily - Gas'!BH33 -> 124828.8 | H25: =G25/38.3 -> 3259.2376 | J25: ='Athens Daily - Water'!R30 -> 494 | L25: 91 | M25: =L25*2 -> 182 | N25: 19
A26: FSHK | B26: 25 | C26: 1 | D26: 2021 | E26: ='Athens Daily - EL'!AP32 -> 42152.1 | G26: ='Athens Daily - Gas'!BH34 -> 134102.59 | H26: =G26/38.3 -> 3501.3732 | J26: ='Athens Daily - Water'!R31 -> 493 | L26: 56 | M26: =L26*2 -> 112
A27: FSHK | B27: 26 | C27: 1 | D27: 2021 | E27: ='Athens Daily - EL'!AP33 -> 42013.6 | G27: ='Athens Daily - Gas'!BH35 -> 128976.67 | H27: =G27/38.3 -> 3367.5371 | J27: ='Athens Daily - Water'!R32 -> 541 | M27: =L27*2 -> 0
A28: FSHK | B28: 27 | C28: 1 | D28: 2021 | E28: ='Athens Daily - EL'!AP34 -> 43390.8 | G28: ='Athens Daily - Gas'!BH36 -> 138907.82 | H28: =G28/38.3 -> 3626.8361 | J28: ='Athens Daily - Water'!R33 -> 562 | M28: =L28*2 -> 0
A29: FSHK | B29: 28 | C29: 1 | D29: 2021 | E29: ='Athens Daily - EL'!AP35 -> 42233.7 | G29: ='Athens Daily - Gas'!BH37 -> 129817.68 | H29: =G29/38.3 -> 3389.4956 | J29: ='Athens Daily - Water'!R34 -> 565 | M29: =L29*2 -> 0
A30: FSHK | B30: 29 | C30: 1 | D30: 2021 | E30: ='Athens Daily - EL'!AP36 -> 45387.6 | G30: ='Athens Daily - Gas'!BH38 -> 131910.48 | H30: =G30/38.3 -> 3444.1379 | J30: ='Athens Daily - Water'!R36 -> 1102 | M30: =L30*2 -> 0
A31: FSHK | B31: 30 | C31: 1 | D31: 2021 | E31: ='Athens Daily - EL'!AP37 -> 41820 | G31: ='Athens Daily - Gas'!#REF! -> #REF! | H31: =G31/38.3 -> #REF! | J31: ='Athens Daily - Water'!R37 -> 0 | M31: =L31*2 -> 0
A32: FSHK | B32: 31 | C32: 1 | D32: 2021 | E32: ='Athens Daily - EL'!#REF! -> #REF! | G32: ='Athens Daily - Gas'!BH39 -> 0 | H32: =G32/38.3 -> 0 | J32: ='Athens Daily - Water'!R38 -> 0 | M32: =L32*2 -> 0

Sheet Total - FSP
A1: Site Name | B1: Day | C1: Month | D1: Year | E1: Total Electricity Kwh | F1: Electricity Tariff ($/Kwh) | G1: Town Gas (mJ) | H1: Town Gas $/mJ | I1: Water Utility supply (m3) | J1: Water Utility (m3) $/m3 | K1: Rooms Nights | L1: Total Guests
A2: FSHK | B2: 1 | C2: 1 | D2: 2021 | E2: ='Athens Daily - EL'!AQ8 -> 29599.5 | G2: ='Athens Daily - Gas'!BI9 -> 69571.2 | I2: ='Athens Daily - Water'!S7 -> 221.25 | K2: 286 | L2: 2
A3: FSHK | B3: 2 | C3: 1 | D3: 2021 | E3: ='Athens Daily - EL'!AQ9 -> 29355.6 | G3: ='Athens Daily - Gas'!BI11 -> 89088 | I3: ='Athens Daily - Water'!S8 -> 195 | K3: 285 | L3: 2
A4: FSHK | B4: 3 | C4: 1 | D4: 2021 | E4: ='Athens Daily - EL'!AQ10 -> 31711.5 | G4: ='Athens Daily - Gas'!BI12 -> 85276.8 | I4: ='Athens Daily - Water'!S9 -> 206.25 | K4: 282 | L4: 2
A5: FSHK | B5: 4 | C5: 1 | D5: 2021 | E5: ='Athens Daily - EL'!AQ11 -> 31394.6 | G5: ='Athens Daily - Gas'!BI13 -> 81091.2 | I5: ='Athens Daily - Water'!S10 -> 206.3 | K5: 284 | L5: 2
A6: FSHK | B6: 5 | C6: 1 | D6: 2021 | E6: ='Athens Daily - EL'!AQ12 -> 29796.8 | G6: ='Athens Daily - Gas'!BI14 -> 78115.2 | I6: ='Athens Daily - Water'!S11 -> 212.4 | K6: 286 | L6: 2
A7: FSHK | B7: 6 | C7: 1 | D7: 2021 | E7: ='Athens Daily - EL'!AQ13 -> 28297.2 | G7: ='Athens Daily - Gas'!BI15 -> 73536 | I7: ='Athens Daily - Water'!S12 -> 220.5 | K7: 288 | L7: 2
A8: FSHK | B8: 7 | C8: 1 | D8: 2021 | E8: ='Athens Daily - EL'!AQ14 -> 29607.1 | G8: ='Athens Daily - Gas'!BI16 -> 74486.4 | I8: ='Athens Daily - Water'!S13 -> 202.95 | K8: 286 | L8: 2
A9: FSHK | B9: 8 | C9: 1 | D9: 2021 | E9: ='Athens Daily - EL'!AQ15 -> 29897 | G9: ='Athens Daily - Gas'!BI17 -> 74284.8 | I9: ='Athens Daily - Water'!S14 -> 211 | K9: 287 | L9: 2
A10: FSHK | B10: 9 | C10: 1 | D10: 2021 | E10: ='Athens Daily - EL'!AQ16 -> 30910.8 | G10: ='Athens Daily - Gas'!BI18 -> 73574.4 | I10: ='Athens Daily - Water'!S15 -> 197.8 | K10: 284 | L10: 2
A11: FSHK | B11: 10 | C11: 1 | D11: 2021 | E11: ='Athens Daily - EL'!AQ17 -> 32345 | G11: ='Athens Daily - Gas'!BI19 -> 69254.4 | I11: ='Athens Daily - Water'!S16 -> 219.35 | K11: 284 | L11: 2
A12: FSHK | B12: 11 | C12: 1 | D12: 2021 | E12: ='Athens Daily - EL'!AQ18 -> 33729.7 | G12: ='Athens Daily - Gas'!BI20 -> 75369.6 | I12: ='Athens Daily - Water'!S17 -> 200.4 | K12: 284 | L12: 2
A13: FSHK | B13: 12 | C13: 1 | D13: 2021 | E13: ='Athens Daily - EL'!AQ19 -> 32002.7 | G13: ='Athens Daily - Gas'!BI21 -> 76291.2 | I13: ='Athens Daily - Water'!S18 -> 215.7 | K13: 286 | L13: 2
A14: FSHK | B14: 13 | C14: 1 | D14: 2021 | E14: ='Athens Daily - EL'!AQ20 -> 33155.2 | G14: ='Athens Daily - Gas'!BI22 -> 118108.8 | I14: ='Athens Daily - Water'!S19 -> 231.1 | K14: 287 | L14: 2
... A29: FSHK | B29: 28 | C29: 1 | D29: 2021 | E29: ='Athens Daily - EL'!AQ35 -> 34306.3 | G29: ='Athens Daily - Gas'!BI37 -> 71500.8 | I29: ='Athens Daily - Water'!S34 -> 221.05 | K29: 290 | L29: 2
A30: FSHK | B30: 29 | C30: 1 | D30: 2021 | E30: ='Athens Daily - EL'!AQ36 -> 35162.4 | G30: ='Athens Daily - Gas'!BI38 -> 70915.2 | I30: ='Athens Daily - Water'!S36 -> 423.5 | K30: 291 | L30: 2
A31: FSHK | B31: 30 | C31: 1 | D31: 2021 | E31: ='Athens Daily - EL'!AQ37 -> 32530 | G31: ='Athens Daily - Gas'!#REF! -> #REF! | I31: ='Athens Daily - Water'!S37 -> 0 | K31: 290 | L31: 2
A32: FSHK | B32: 31 | C32: 1 | D32: 2021 | E32: ='Athens Daily - EL'!#REF! -> #REF! | G32: ='Athens Daily - Gas'!BI39 -> 0 | I32: ='Athens Daily - Water'!S38 -> 0

Sheet Athens Daily - EL
C1: FSH | E1: FSH | G1: FSH | K1: FSH | M1: FSH | O1: FSH & FSP | S1: FSH & FSP | W1: FSH & FSP | AA1: FSH & FSP | AE1: FSP | AG1: FSP | AI1: FSP | AK1: FSP | AM1: FSP
C2: HOT Normal and Essential power for linen chute(9/F-45/F), HOT water pump at 8/F, Podium dimmer supply(P1-P6), MVAC system(B1/F-B2/F), Bus station BPTT supply. | E2: HOT Normal Power for Guest rooms supply (9/F-45/F), MVAC system (2/F & 46/F), P&D system(46/F) Podium MVAC system (P1/F-P6/F) | G2: P5 Pool Plant, Laundry (hotel 70%,Place 30%), 9/F - 28/F public area, 29/F 46/F Public area Podium normal power supply for water feature(G/F), Chiller WCC-01(B2/F)(FSH 50%, FSP 50%) | K2: Podium normal power for Administration office(P5/F & P6/F), P&D system supply(B2/F), Planter lighting supply(Open Space), Kitchen public supply(B1/F, P1/F, P2/F, P3/F, P4/F & P6/F), BMS room supply(B1/F), Security room supply(G/F), Computer & PABX room | M2: Podium normal power supply for Public supply(P1/F - P6/F), Kitchen(B1/F, P1/F, P2/F, P3/F, P4/F & P6/F), P&D system supply(B1/F), Refuse room supply(G/F), Gas boiler supply(B2/F) and MVAC system supply(P1/F-P6/F). | O2: Podium normal power supply for main P&D system supply(B1/F), MVAC chilled water pump(B1/F) Chiller WCC-02(B2/F) (FSH 50%, FSP 50%) | S2: Chiller # 3 (FSH 50%, FSP 50%) | W2: Chiller # 4 (FSH 50%, FSP 50%) | AA2: Chiller # 5 (FSH 50%, FSP 50%) | AE2: SHT normal power for Guest rooms supply (11/F-23/F). | AG2: SHT normal power for Guest rooms supply (25/F-57/F). | AI2: SHT Essential Power for Public Power supply, F.S. Pump (9/F, 57/F & 39/F), Podium F.S. pump(P1M), Lift LT/S1-LT/S7(LM/F), Lift LT/S8-S9(59/F) and Lift LT/S10(8/F). | AK2: SHT normal power for Guest rooms supply (25/F-57/F). | AM2: SHT normal power for MVAC System(8/F & 40/F), Public supply (8-R/F), P&D system(40/F & 60/F), swimming pool(57/F), SWB 3&4(40/F)
C3: 5065546 | E3: 5065547 | G3: 5008272 | K3: 5065548 | M3: 5465545 | O3: 5008273 | S3: 5018351 | W3: 5018354 | AA3: 5018350 | AE3: 5065543 | AG3: 5065544 | AI3: 5065541 | AK3: 5065542 | AM3: 5065540 | AP3: Daily Total consumption
C4: TXW1 | E4: TXW4 | G4: TXW2 | K4: TXC2 | M4: TXC1 | O4: TXW3 | S4: TXN1 | W4: TXN2 | AA4: TXN3 | AE4: TXN4 | AG4: TXE1 | AI4: TXE2 | AK4: TXE3 | AM4: TXE4
A5: Tariff Type | C5: MD-LV | E5: MD-LV | G5: MD-LV | K5: MD-LV | M5: MD-LV | O5: MD-LV | S5: Non-Residential | W5: Non-Residential | AA5: Non-Residential | AE5: MD-LV | AG5: MD-LV | AI5: MD-LV | AK5: MD-LV | AM5: MD-LV
A6: Date | C6: Reading Kwh | D6: Differecne Kwh | E6: Reading Kwh | F6: Differecne Kwh | G6: Reading Kwh | H6: Differecne Kwh | I6: 49 | J6: 51 | K6: Reading Kwh | L6: Differecne Kwh | M6: Reading Kwh | N6: Differecne Kwh | O6: Reading Kwh | P6: Differecne Kwh | Q6: 49 | R6: 51 | S6: Reading Kwh | T6: Differecne Kwh | U6: 49 | V6: 51 | W6: Reading Kwh | X6: Differecne Kwh | Y6: 49 | Z6: 51 | AA6: Reading Kwh | AB6: Differecne Kwh | AC6: 49 | AD6: 51 | AE6: Reading Kwh | AF6: Differecne Kwh | AG6: Reading Kwh | AH6: Differecne Kwh | AI6: Reading Kwh | AJ6: Differecne Kwh | AK6: Reading Kwh | AL6: Differecne Kwh | AM6: Reading Kwh | AN6: Differecne Kwh | AP6: FSH | AQ6: FSP
A7: 44865 | C7: 324980 | E7: 557198 | G7: 357599 | K7: 476493 | M7: 761478 | O7: 478772 | S7: 466087 | W7: 240318 | AA7: 313798 | AE7: 92287 | AG7: 174725 | AI7: 311070 | AK7: 157666 | AM7: 827864
A8: 44866 | C8: 325371 | D8: =(C8-C7)*10 -> 3910 | E8: 557973 | F8: =(E8-E7)*10 -> 7750 | G8: 358954 | H8: =(G8-G7)*10 -> 13550 | I8: =H8*I6/100 -> 6639.5 | J8: =H8*J6/100 -> 6910.5 | K8: 477131 | L8: =(K8-K7)*10 -> 6380 | M8: 762592 | N8: =(M8-M7)*10 -> 11140 | O8: 479353 | P8: =(O8-O7)*10 -> 5810 | Q8: =P8*Q6/100 -> 2846.9 | R8: =P8*R6/100 -> 2963.1 | S8: 466089 | T8: =(S8-S7)*10 -> 20 | U8: =T8*U6/100 -> 9.8 | V8: =T8*V6/100 -> 10.2 | W8: 240321 | X8: =(W8-W7)*10 -> 30 | Y8: =X8*Y6/100 -> 14.7 | Z8: =X8*Z6/100 -> 15.3 | AA8: 313802 | AB8: =(AA8-AA7)*10 -> 40 | AC8: =AB8*AC6/100 -> 19.6 | AD8: =AB8*AD6/100 -> 20.4 | AE8: 92417 | AF8: =(AE8-AE7)*10 -> 1300 | AG8: 174982 | AH8: =(AG8-AG7)*10 -> 2570 | AI8: 311472 | AJ8: =(AI8-AI7)*10 -> 4020 | AK8: 157873 | AL8: =(AK8-AK7)*10 -> 2070 | AM8: 828836 | AN8: =(AM8-AM7)*10 -> 9720 | AP8: =SUM(D8,F8,I8,L8,N8,Q8,U8,Y8,AC8) -> 38710.5 | AQ8: =SUM(R8,V8,Z8,AD8,AF8,AH8,AJ8,AL8,AN8,J8) -> 29599.5
A9: =SUM(A8+1) -> 44867 | C9: 325775 | D9: =(C9-C8)*10 -> 4040 | E9: 558794 | F9: =(E9-E8)*10 -> 8210 | G9: 360332 | H9: =(G9-G8)*10 -> 13780 | I9: =H9*I6/100 -> 6752.2 | J9: =H9*J6/100 -> 7027.8 | K9: 477781 | L9: =(K9-K8)*10 -> 6500 | M9: 763676 | N9: =(M9-M8)*10 -> 10840 | O9: 479924 | P9: =(O9-O8)*10 -> 5710 | Q9: =P9*Q6/100 -> 2797.9 | R9: =P9*R6/100 -> 2912.1 | S9: 466091 | T9: =(S9-S8)*10 -> 20 | U9: =T9*U6/100 -> 9.8 | V9: =T9*V6/100 -> 10.2 | W9: 240323 | X9: =(W9-W8)*10 -> 20 | Y9: =X9*Y6/100 -> 9.8 | Z9: =X9*Z6/100 -> 10.2 | AA9: 313805 | AB9: =(AA9-AA8)*10 -> 30 | AC9: =AB9*AC6/100 -> 14.7 | AD9: =AB9*AD6/100 -> 15.3 | AE9: 92557 | AF9: =(AE9-AE8)*10 -> 1400 | AG9: 175237 | AH9: =(AG9-AG8)*10 -> 2550 | AI9: 311866 | AJ9: =(AI9-AI8)*10 -> 3940 | AK9: 158086 | AL9: =(AK9-AK8)*10 -> 2130 | AM9: 829772 | AN9: =(AM9-AM8)*10 -> 9360 | AP9: =SUM(D9,F9,I9,L9,N9,Q9,U9,Y9,AC9) -> 39174.4 | AQ9: =SUM(R9,V9,Z9,AD9,AF9,AH9,AJ9,AL9,AN9,J9) -> 29355.6
A10: =SUM(A9+1) -> 44868 | C10: 326169 | D10: =(C10-C9)*10 -> 3940 | E10: 559577 | F10: =(E10-E9)*10 -> 7830 | G10: 361617 | H10: =(G10-G9)*10 -> 12850 | I10: =H10*I6/100 -> 6296.5 | J10: =H10*J6/100 -> 6553.5 | K10: 478411 | L10: =(K10-K9)*10 -> 6300 | M10: 764783 | N10: =(M10-M9)*10 -> 11070 | O10: 480996 | P10: =(O10-O9)*10 -> 10720 | Q10: =P10*Q6/100 -> 5252.8 | R10: =P10*R6/100 -> 5467.2 | S10: 466093 | T10: =(S10-S9)*10 -> 20 | U10: =T10*U6/100 -> 9.8 | V10: =T10*V6/100 -> 10.2 | W10: 240325 | X10: =(W10-W9)*10 -> 20 | Y10: =X10*Y6/100 -> 9.8 | Z10: =X10*Z6/100 -> 10.2 | AA10: 313809 | AB10: =(AA10-AA9)*10 -> 40 | AC10: =AB10*AC6/100 -> 19.6 | AD10: =AB10*AD6/100 -> 20.4 | AE10: 92693 | AF10: =(AE10-AE9)*10 -> 1360 | AG10: 175492 | AH10: =(AG10-AG9)*10 -> 2550 | AI10: 312271 | AJ10: =(AI10-AI9)*10 -> 4050 | AK10: 158296 | AL10: =(AK10-AK9)*10 -> 2100 | AM10: 830731 | AN10: =(AM10-AM9)*10 -> 9590 | AP10: =SUM(D10,F10,I10,L10,N10,Q10,U10,Y10,AC10) -> 40728.5 | AQ10: =SUM(R10,V10,Z10,AD10,AF10,AH10,AJ10,AL10,AN10,J10) -> 31711.5
A11: =SUM(A10+1) -> 44869 | C11: 326547 | D11: =(C11-C10)*10 -> 3780 | E11: 560328 | F11: =(E11-E10)*10 -> 7510 | G11: 362797 | H11: =(G11-G10)*10 -> 11800 | I11: =H11*I6/100 -> 5782 | J11: =H11*J6/100 -> 6018 | K11: 479024 | L11: =(K11-K10)*10 -> 6130 | M11: 765895 | N11: =(M11-M10)*10 -> 11120 | O11: 482016 | P11: =(O11-O10)*10 -> 10200 | Q11: =P11*Q6/100 -> 4998 | R11: =P11*R6/100 -> 5202 | S11: 466147 | T11: =(S11-S10)*10 -> 540 | U11: =T11*U6/100 -> 264.6 | V11: =T11*V6/100 -> 275.4 | W11: 240378 | X11: =(W11-W10)*10 -> 530 | Y11: =X11*Y6/100 -> 259.7 | Z11: =X11*Z6/100 -> 270.3 | AA11: 313848 | AB11: =(AA11-AA10)*10 -> 390 | AC11: =AB11*AC6/100 -> 191.1 | AD11: =AB11*AD6/100 -> 198.9 | AE11: 92828 | AF11: =(AE11-AE10)*10 -> 1350 | AG11: 175745 | AH11: =(AG11-AG10)*10 -> 2530 | AI11: 312672 | AJ11: =(AI11-AI10)*10 -> 4010 | AK11: 158504 | AL11: =(AK11-AK10)*10 -> 2080 | AM11: 831677 | AN11: =(AM11-AM10)*10 -> 9460 | AP11: =SUM(D11,F11,I11,L11,N11,Q11,U11,Y11,AC11) -> 40035.4 | AQ11: =SUM(R11,V11,Z11,AD11,AF11,AH11,AJ11,AL11,AN11,J11) -> 31394.6
A12: =SUM(A11+1) -> 44870 | C12: 326936 | D12: =(C12-C11)*10 -> 3890 | E12: 561098 | F12: =(E12-E11)*10 -> 7700 | G12: 364065 | H12: =(G12-G11)*10 -> 12680 | I12: =H12*I6/100 -> 6213.2 | J12: =H12*J6/100 -> 6466.8 | K12: 479673 | L12: =(K12-K11)*10 -> 6490 | M12: 767028 | N12: =(M12-M11)*10 -> 11330 | O12: 482807 | P12: =(O12-O11)*10 -> 7910 | Q12: =P12*Q6/100 -> 3875.9 | R12: =P12*R6/100 -> 4034.1 | S12: 466150 | T12: =(S12-S11)*10 -> 30 | U12: =T12*U6/100 -> 14.7 | V12: =T12*V6/100 -> 15.3 | W12: 240380 | X12: =(W12-W11)*10 -> 20 | Y12: =X12*Y6/100 -> 9.8 | Z12: =X12*Z6/100 -> 10.2 | AA12: 313852 | AB12: =(AA12-AA11)*10 -> 40 | AC12: =AB12*AC6/100 -> 19.6 | AD12: =AB12*AD6/100 -> 20.4 | AE12: 92965 | AF12: =(AE12-AE11)*10 -> 1370 | AG12: 176002 | AH12: =(AG12-AG11)*10 -> 2570 | AI12: 313066 | AJ12: =(AI12-AI11)*10 -> 3940 | AK12: 158715 | AL12: =(AK12-AK11)*10 -> 2110 | AM12: 832603 | AN12: =(AM12-AM11)*10 -> 9260 | AP12: =SUM(D12,F12,I12,L12,N12,Q12,U12,Y12,AC12) -> 39543.2 | AQ12: =SUM(R12,V12,Z12,AD12,AF12,AH12,AJ12,AL12,AN12,J12) -> 29796.8
A13: =SUM(A12+1) -> 44871 | C13: 327315 | D13: =(C13-C12)*10 -> 3790 | E13: 561867 | F13: =(E13-E12)*10 -> 7690 | G13: 364544 | H13: =(G13-G12)*10 -> 4790 | I13: =H13*I6/100 -> 2347.1 | J13: =H13*J6/100 -> 2442.9 | K13: 480297 | L13: =(K13-K12)*10 -> 6240 | M13: 768099 | N13: =(M13-M12)*10 -> 10710 | O13: 484292 | P13: =(O13-O12)*10 -> 14850 | Q13: =P13*Q6/100 -> 7276.5 | R13: =P13*R6/100 -> 7573.5 | S13: 466152 | T13: =(S13-S12)*10 -> 20 | U13: =T13*U6/100 -> 9.8 | V13: =T13*V6/100 -> 10.2 | W13: 240382 | X13: =(W13-W12)*10 -> 20 | Y13: =X13*Y6/100 -> 9.8 | Z13: =X13*Z6/100 -> 10.2 | AA13: 313856 | AB13: =(AA13-AA12)*10 -> 40 | AC13: =AB13*AC6/100 -> 19.6 | AD13: =AB13*AD6/100 -> 20.4 | AE13: 93093 | AF13: =(AE13-AE12)*10 -> 1280 | AG13: 176239 | AH13: =(AG13-AG12)*10 -> 2370 | AI13: 313441 | AJ13: =(AI13-AI12)*10 -> 3750 | AK13: 158918 | AL13: =(AK13-AK12)*10 -> 2030 | AM13: 833484 | AN13: =(AM13-AM12)*10 -> 8810 | AP13: =SUM(D13,F13,I13,L13,N13,Q13,U13,Y13,AC13) -> 38092.8 | AQ13: =SUM(R13,V13,Z13,AD13,AF13,AH13,AJ13,AL13,AN13,J13) -> 28297.2
A14: =SUM(A13+1) -> 44872 | C14: 327698 | D14: =(C14-C13)*10 -> 3830 | E14: 562646 | F14: =(E14-E13)*10 -> 7790 | G14: 365349 | H14: =(G14-G13)*10 -> 8050 | I14: =H14*I6/100 -> 3944.5 | J14: =H14*J6/100 -> 4105.5 | K14: 480916 | L14: =(K14-K13)*10 -> 6190 | M14: 769049 | N14: =(M14-M13)*10 -> 9500 | O14: 485500 | P14: =(O14-O13)*10 -> 12080 | Q14: =P14*Q6/100 -> 5919.2 | R14: =P14*R6/100 -> 6160.8 | S14: 466154 | T14: =(S14-S13)*10 -> 20 | U14: =T14*U6/100 -> 9.8 | V14: =T14*V6/100 -> 10.2 | W14: 240385 | X14: =(W14-W13)*10 -> 30 | Y14: =X14*Y6/100 -> 14.7 | Z14: =X14*Z6/100 -> 15.3 | AA14: 313859 | AB14: =(AA14-AA13)*10 -> 30 | AC14: =AB14*AC6/100 -> 14.7 | AD14: =AB14*AD6/100 -> 15.3 | AE14: 93225 | AF14: =(AE14-AE13)*10 -> 1320 | AG14: 176492 | AH14: =(AG14-AG13)*10 -> 2530 | AI14: 313839 | AJ14: =(AI14-AI13)*10 -> 3980 | AK14: 159126 | AL14: =(AK14-AK13)*10 -> 2080 | AM14: 834423 | AN14: =(AM14-AM13)*10 -> 9390 | AP14: =SUM(D14,F14,I14,L14,N14,Q14,U14,Y14,AC14) -> 37212.9 | AQ14: =SUM(R14,V14,Z14,AD14,AF14,AH14,AJ14,AL14,AN14,J14) -> 29607.1
A15: =SUM(A14+1) -> 44873 | C15: 328073 | D15: =(C15-C14)*10 -> 3750 | E15: 563404 | F15: =(E15-E14)*10 -> 7580 | G15: 366500 | H15: =(G15-G14)*10 -> 11510 | I15: =H15*I6/100 -> 5639.9 | J15: =H15*J6/100 -> 5870.1 | K15: 481540 | L15: =(K15-K14)*10 -> 6240 | M15: 770120 | N15: =(M15-M14)*10 -> 10710 | O15: 486511 | P15: =(O15-O14)*10 -> 10110 | Q15: =P15*Q6/100 -> 4953.9 | R15: =P15*R6/100 -> 5156.1 | S15: 466156 | T15: =(S15-S14)*10 -> 20 | U15: =T15*U6/100 -> 9.8 | V15: =T15*V6/100 -> 10.2 | W15: 240387 | X15: =(W15-W14)*10 -> 20 | Y15: =X15*Y6/100 -> 9.8 | Z15: =X15*Z6/100 -> 10.2 | AA15: 313863 | AB15: =(AA15-AA14)*10 -> 40 | AC15: =AB15*AC6/100 -> 19.6 | AD15: =AB15*AD6/100 -> 20.4 | AE15: 93356 | AF15: =(AE15-AE14)*10 -> 1310 | AG15: 176739 | AH15: =(AG15-AG14)*10 -> 2470 | AI15: 314227 | AJ15: =(AI15-AI14)*10 -> 3880 | AK15: 159327 | AL15: =(AK15-AK14)*10 -> 2010 | AM15: 835339 | AN15: =(AM15-AM14)*10 -> 9160 | AP15: =SUM(D15,F15,I15,L15,N15,Q15,U15,Y15,AC15) -> 38913 | AQ15: =SUM(R15,V15,Z15,AD15,AF15,AH15,AJ15,AL15,AN15,J15) -> 29897
A16: =SUM(A15+1) -> 44874 | C16: 328453 | D16: =(C16-C15)*10 -> 3800 | E16: 564135 | F16: =(E16-E15)*10 -> 7310 | G16: 367762 | H16: =(G16-G15)*10 -> 12620 | I16: =H16*I6/100 -> 6183.8 | J16: =H16*J6/100 -> 6436.2 | K16: 482154 | L16: =(K16-K15)*10 -> 6140 | M16: 771193 | N16: =(M16-M15)*10 -> 10730 | O16: 487550 | P16: =(O16-O15)*10 -> 10390 | Q16: =P16*Q6/100 -> 5091.1 | R16: =P16*R6/100 -> 5298.9 | S16: 466158 | T16: =(S16-S15)*10 -> 20 | U16: =T16*U6/100 -> 9.8 | V16: =T16*V6/100 -> 10.2 | W16: 240389 | X16: =(W16-W15)*10 -> 20 | Y16: =X16*Y6/100 -> 9.8 | Z16: =X16*Z6/100 -> 10.2 | AA16: 313866 | AB16: =(AA16-AA15)*10 -> 30 | AC16: =AB16*AC6/100 -> 14.7 | AD16: =AB16*AD6/100 -> 15.3 | AE16: 93489 | AF16: =(AE16-AE15)*10 -> 1330 | AG16: 176990 | AH16: =(AG16-AG15)*10 -> 2510 | AI16: 314612 | AJ16: =(AI16-AI15)*10 -> 3850 | AK16: 159529 | AL16: =(AK16-AK15)*10 -> 2020 | AM16: 836282 | AN16: =(AM16-AM15)*10 -> 9430 | AP16: =SUM(D16,F16,I16,L16,N16,Q16,U16,Y16,AC16) -> 39289.2 | AQ16: =SUM(R16,V16,Z16,AD16,AF16,AH16,AJ16,AL16,AN16,J16) -> 30910.8
A17: =SUM(A16+1) -> 44875 | C17: 328842 | D17: =(C17-C16)*10 -> 3890 | E17: 564878 | F17: =(E17-E16)*10 -> 7430 | G17: 369124 | H17: =(G17-G16)*10 -> 13620 | I17: =H17*I6/100 -> 6673.8 | J17: =H17*J6/100 -> 6946.2 | K17: 482750 | L17: =(K17-K16)*10 -> 5960 | M17: 772282 | N17: =(M17-M16)*10 -> 10890 | O17: 488730 | P17: =(O17-O16)*10 -> 11800 | Q17: =P17*Q6/100 -> 5782 | R17: =P17*R6/100 -> 6018 | S17: 466160 | T17: =(S17-S16)*10 -> 20 | U17: =T17*U6/100 -> 9.8 | V17: =T17*V6/100 -> 10.2 | W17: 240391 | X17: =(W17-W16)*10 -> 20 | Y17: =X17*Y6/100 -> 9.8 | Z17: =X17*Z6/100 -> 10.2 | AA17: 313870 | AB17: =(AA17-AA16)*10 -> 40 | AC17: =AB17*AC6/100 -> 19.6 | AD17: =AB17*AD6/100 -> 20.4 | AE17: 93622 | AF17: =(AE17-AE16)*10 -> 1330 | AG17: 177243 | AH17: =(AG17-AG16)*10 -> 2530 | AI17: 315009 | AJ17: =(AI17-AI16)*10 -> 3970 | AK17: 159730 | AL17: =(AK17-AK16)*10 -> 2010 | AM17: 837232 | AN17: =(AM17-AM16)*10 -> 9500 | AP17: =SUM(D17,F17,I17,L17,N17,Q17,U17,Y17,AC17) -> 40665 | AQ17: =SUM(R17,V17,Z17,AD17,AF17,AH17,AJ17,AL17,AN17,J17) -> 32345
A18: =SUM(A17+1) -> 44876 | C18: 329243 | D18: =(C18-C17)*10 -> 4010 | E18: 565693 | F18: =(E18-E17)*10 -> 8150 | G18: 370575 | H18: =(G18-G17)*10 -> 14510 | I18: =H18*I6/100 -> 7109.9 | J18: =H18*J6/100 -> 7400.1 | K18: 483386 | L18: =(K18-K17)*10 -> 6360 | M18: 773430 | N18: =(M18-M17)*10 -> 11480 | O18: 490018 | P18: =(O18-O17)*10 -> 12880 | Q18: =P18*Q6/100 -> 6311.2 | R18: =P18*R6/100 -> 6568.8 | S18: 466162 | T18: =(S18-S17)*10 -> 20 | U18: =T18*U6/100 -> 9.8 | V18: =T18*V6/100 -> 10.2 | W18: 240393 | X18: =(W18-W17)*10 -> 20 | Y18: =X18*Y6/100 -> 9.8 | Z18: =X18*Z6/100 -> 10.2 | AA18: 313874 | AB18: =(AA18-AA17)*10 -> 40 | AC18: =AB18*AC6/100 -> 19.6 | AD18: =AB18*AD6/100 -> 20.4 | AE18: 93756 | AF18: =(AE18-AE17)*10 -> 1340 | AG18: 177506 | AH18: =(AG18-AG17)*10 -> 2630 | AI18: 315408 | AJ18: =(AI18-AI17)*10 -> 3990 | AK18: 159937 | AL18: =(AK18-AK17)*10 -> 2070 | AM18: 838201 | AN18: =(AM18-AM17)*10 -> 9690 | AP18: =SUM(D18,F18,I18,L18,N18,Q18,U18,Y18,AC18) -> 43460.3 | AQ18: =SUM(R18,V18,Z18,AD18,AF18,AH18,AJ18,AL18,AN18,J18) -> 33729.7
A19: =SUM(A18+1) -> 44877 | C19: 329635 | D19: =(C19-C18)*10 -> 3920 | E19: 566474 | F19: =(E19-E18)*10 -> 7810 | G19: 371617 | H19: =(G19-G18)*10 -> 10420 | I19: =H19*I6/100 -> 5105.8 | J19: =H19*J6/100 -> 5314.2 | K19: 484029 | L19: =(K19-K18)*10 -> 6430 | M19: 774569 | N19: =(M19-M18)*10 -> 11390 | O19: 491443 | P19: =(O19-O18)*10 -> 14250 | Q19: =P19*Q6/100 -> 6982.5 | R19: =P19*R6/100 -> 7267.5 | S19: 466165 | T19: =(S19-S18)*10 -> 30 | U19: =T19*U6/100 -> 14.7 | V19: =T19*V6/100 -> 15.3 | W19: 240396 | X19: =(W19-W18)*10 -> 30 | Y19: =X19*Y6/100 -> 14.7 | Z19: =X19*Z6/100 -> 15.3 | AA19: 313878 | AB19: =(AA19-AA18)*10 -> 40 | AC19: =AB19*AC6/100 -> 19.6 | AD19: =AB19*AD6/100 -> 20.4 | AE19: 93893 | AF19: =(AE19-AE18)*10 -> 1370 | AG19: 177758 | AH19: =(AG19-AG18)*10 -> 2520 | AI19: 315804 | AJ19: =(AI19-AI18)*10 -> 3960 | AK19: 160144 | AL19: =(AK19-AK18)*10 -> 2070 | AM19: 839146 | AN19: =(AM19-AM18)*10 -> 9450 | AP19: =SUM(D19,F19,I19,L19,N19,Q19,U19,Y19,AC19) -> 41687.3 | AQ19: =SUM(R19,V19,Z19,AD19,AF19,AH19,AJ19,AL19,AN19,J19) -> 32002.7
A20: =SUM(A19+1) -> 44878 | C20: 330048 | D20: =(C20-C19)*10 -> 4130 | E20: 567279 | F20: =(E20-E19)*10 -> 8050 | G20: 372726 | H20: =(G20-G19)*10 -> 11090 | I20: =H20*I6/100 -> 5434.1 | J20: =H20*J6/100 -> 5655.9 | K20: 484647 | L20: =(K20-K19)*10 -> 6180 | M20: 775650 | N20: =(M20-M19)*10 -> 10810 | O20: 493079 | P20: =(O20-O19)*10 -> 16360 | Q20: =P20*Q6/100 -> 8016.4 | R20: =P20*R6/100 -> 8343.6 | S20: 466167 | T20: =(S20-S19)*10 -> 20 | U20: =T20*U6/100 -> 9.8 | V20: =T20*V6/100 -> 10.2 | W20: 240398 | X20: =(W20-W19)*10 -> 20 | Y20: =X20*Y6/100 -> 9.8 | Z20: =X20*Z6/100 -> 10.2 | AA20: 313881 | AB20: =(AA20-AA19)*10 -> 30 | AC20: =AB20*AC6/100 -> 14.7 | AD20: =AB20*AD6/100 -> 15.3 | AE20: 94023 | AF20: =(AE20-AE19)*10 -> 1300 | AG20: 178005 | AH20: =(AG20-AG19)*10 -> 2470 | AI20: 316183 | AJ20: =(AI20-AI19)*10 -> 3790 | AK20: 160347 | AL20: =(AK20-AK19)*10 -> 2030 | AM20: 840099 | AN20: =(AM20-AM19)*10 -> 9530 | AP20: =SUM(D20,F20,I20,L20,N20,Q20,U20,Y20,AC20) -> 42654.8 | AQ20: =SUM(R20,V20,Z20,AD20,AF20,AH20,AJ20,AL20,AN20,J20) -> 33155.2
A21: =SUM(A20+1) -> 44879 | C21: 330420 | D21: =(C21-C20)*10 -> 3720 | E21: 567997 | F21: =(E21-E20)*10 -> 7180 | G21: 373962 | H21: =(G21-G20)*10 -> 12360 | I21: =H21*I6/100 -> 6056.4 | J21: =H21*J6/100 -> 6303.6 | K21: 485242 | L21: =(K21-K20)*10 -> 5950 | M21: 776595 | N21: =(M21-M20)*10 -> 9450 | O21: 494111 | P21: =(O21-O20)*10 -> 10320 | Q21: =P21*Q6/100 -> 5056.8 | R21: =P21*R6/100 -> 5263.2 | S21: 466169 | T21: =(S21-S20)*10 -> 20 | U21: =T21*U6/100 -> 9.8 | V21: =T21*V6/100 -> 10.2 | W21: 240400 | X21: =(W21-W20)*10 -> 20 | Y21: =X21*Y6/100 -> 9.8 | Z21: =X21*Z6/100 -> 10.2 | AA21: 313885 | AB21: =(AA21-AA20)*10 -> 40 | AC21: =AB21*AC6/100 -> 19.6 | AD21: =AB21*AD6/100 -> 20.4 | AE21: 94151 | AF21: =(AE21-AE20)*10 -> 1280 | AG21: 178241 | AH21: =(AG21-AG20)*10 -> 2360 | AI21: 316554 | AJ21: =(AI21-AI20)*10 -> 3710 | AK21: 160537 | AL21: =(AK21-AK20)*10 -> 1900 | AM21: 840984 | AN21: =(AM21-AM20)*10 -> 8850 | AP21: =SUM(D21,F21,I21,L21,N21,Q21,U21,Y21,AC21) -> 37452.4 | AQ21: =SUM(R21,V21,Z21,AD21,AF21,AH21,AJ21,AL21,AN21,J21) -> 29707.6
A22: =SUM(A21+1) -> 44880 | C22: 330805 | D22: =(C22-C21)*10 -> 3850 | E22: 568755 | F22: =(E22-E21)*10 -> 7580 | G22: 374969 | H22: =(G22-G21)*10 -> 10070 | I22: =H22*I6/100 -> 4934.3 | J22: =H22*J6/100 -> 5135.7 | K22: 485694 | L22: =(K22-K21)*10 -> 4520 | M22: 777680 | N22: =(M22-M21)*10 -> 10850 | O22: 495515 | P22: =(O22-O21)*10 -> 14040 | Q22: =P22*Q6/100 -> 6879.6 | R22: =P22*R6/100 -> 7160.4 | S22: 466171 | T22: =(S22-S21)*10 -> 20 | U22: =T22*U6/100 -> 9.8 | V22: =T22*V6/100 -> 10.2 | W22: 240402 | X22: =(W22-W21)*10 -> 20 | Y22: =X22*Y6/100 -> 9.8 | Z22: =X22*Z6/100 -> 10.2 | AA22: 313888 | AB22: =(AA22-AA21)*10 -> 30 | AC22: =AB22*AC6/100 -> 14.7 | AD22: =AB22*AD6/100 -> 15.3 | AE22: 94282 | AF22: =(AE22-AE21)*10 -> 1310 | AG22: 178494 | AH22: =(AG22-AG21)*10 -> 2530 | AI22: 316945 | AJ22: =(AI22-AI21)*10 -> 3910 | AK22: 160739 | AL22: =(AK22-AK21)*10 -> 2020 | AM22: 841926 | AN22: =(AM22-AM21)*10 -> 9420 | AP22: =SUM(D22,F22,I22,L22,N22,Q22,U22,Y22,AC22) -> 38648.2 | AQ22: =SUM(R22,V22,Z22,AD22,AF22,AH22,AJ22,AL22,AN22,J22) -> 31521.8
A23: =SUM(A22+1) -> 44881 | C23: 331207 | D23: =(C23-C22)*10 -> 4020 | E23: 569802 | F23: =(E23-E22)*10 -> 10470 | G23: 376254 | H23: =(G23-G22)*10 -> 12850 | I23: =H23*I6/100 -> 6296.5 | J23: =H23*J6/100 -> 6553.5 | K23: 486455 | L23: =(K23-K22)*10 -> 7610 | M23: 778772 | N23: =(M23-M22)*10 -> 10920 | O23: 496802 | P23: =(O23-O22)*10 -> 12870 | Q23: =P23*Q6/100 -> 6306.3 | R23: =P23*R6/100 -> 6563.7 | S23: 466173 | T23: =(S23-S22)*10 -> 20 | U23: =T23*U6/100 -> 9.8 | V23: =T23*V6/100 -> 10.2 | W23: 240405 | X23: =(W23-W22)*10 -> 30 | Y23: =X23*Y6/100 -> 14.7 | Z23: =X23*Z6/100 -> 15.3 | AA23: 313892 | AB23: =(AA23-AA22)*10 -> 40 | AC23: =AB23*AC6/100 -> 19.6 | AD23: =AB23*AD6/100 -> 20.4 | AE23: 94410 | AF23: =(AE23-AE22)*10 -> 1280 | AG23: 178759 | AH23: =(AG23-AG22)*10 -> 2650 | AI23: 317339 | AJ23: =(AI23-AI22)*10 -> 3940 | AK23: 160948 | AL23: =(AK23-AK22)*10 -> 2090 | AM23: 842866 | AN23: =(AM23-AM22)*10 -> 9400 | AP23: =SUM(D23,F23,I23,L23,N23,Q23,U23,Y23,AC23) -> 45666.9 | AQ23: =SUM(R23,V23,Z23,AD23,AF23,AH23,AJ23,AL23,AN23,J23) -> 32523.1
A24: =SUM(A23+1) -> 44882 | C24: =(C23+C25)/2 -> 331601.5 | D24: =(C24-C23)*10 -> 3945 | E24: =(E23+E25)/2 -> 570463.5 | F24: =(E24-E23)*10 -> 6615 | G24: =(G23+G25)/2 -> 377621 | H24: =(G24-G23)*10 -> 13670 | I24: =H24*I6/100 -> 6698.3 | J24: =H24*J6/100 -> 6971.7 | K24: =(K23+K25)/2 -> 487092.5 | L24: =(K24-K23)*10 -> 6375 | M24: 779871 | N24: =(M24-M23)*10 -> 10990 | O24: 497092 | P24: =(O24-O23)*10 -> 2900 | Q24: =P24*Q6/100 -> 1421 | R24: =P24*R6/100 -> 1479 | S24: 466175 | T24: =(S24-S23)*10 -> 20 | U24: =T24*U6/100 -> 9.8 | V24: =T24*V6/100 -> 10.2 | W24: 240407 | X24: =(W24-W23)*10 -> 20 | Y24: =X24*Y6/100 -> 9.8 | Z24: =X24*Z6/100 -> 10.2 | AA24: 313895 | AB24: =(AA24-AA23)*10 -> 30 | AC24: =AB24*AC6/100 -> 14.7 | AD24: =AB24*AD6/100 -> 15.3 | AE24: 94541 | AF24: =(AE24-AE23)*10 -> 1310 | AG24: 179013 | AH24: =(AG24-AG23)*10 -> 2540 | AI24: 317727 | AJ24: =(AI24-AI23)*10 -> 3880 | AK24: 161153 | AL24: =(AK24-AK23)*10 -> 2050 | AM24: 843810 | AN24: =(AM24-AM23)*10 -> 9440 | AP24: =SUM(D24,F24,I24,L24,N24,Q24,U24,Y24,AC24) -> 36078.6 | AQ24: =SUM(R24,V24,Z24,AD24,AF24,AH24,AJ24,AL24,AN24,J24) -> 27706.4
A25: =SUM(A24+1) -> 44883 | C25: 331996 | D25: =(C25-C24)*10 -> 3945 | E25: 571125 | F25: =(E25-E24)*10 -> 6615 | G25: 378988 | H25: =(G25-G24)*10 -> 13670 | I25: =H25*I6/100 -> 6698.3 | J25: =H25*J6/100 -> 6971.7 | K25: 487730 | L25: =(K25-K24)*10 -> 6375 | M25: 780989 | N25: =(M25-M24)*10 -> 11180 | O25: 499241 | P25: =(O25-O24)*10 -> 21490 | Q25: =P25*Q6/100 -> 10530.1 | R25: =P25*R6/100 -> 10959.9 | S25: 466191 | T25: =(S25-S24)*10 -> 160 | U25: =T25*U6/100 -> 78.4 | V25: =T25*V6/100 -> 81.6 | W25: 240409 | X25: =(W25-W24)*10 -> 20 | Y25: =X25*Y6/100 -> 9.8 | Z25: =X25*Z6/100 -> 10.2 | AA25: 313899 | AB25: =(AA25-AA24)*10 -> 40 | AC25: =AB25*AC6/100 -> 19.6 | AD25: =AB25*AD6/100 -> 20.4 | AE25: 94674 | AF25: =(AE25-AE24)*10 -> 1330 | AG25: 179275 | AH25: =(AG25-AG24)*10 -> 2620 | AI25: 318134 | AJ25: =(AI25-AI24)*10 -> 4070 | AK25: 161365 | AL25: =(AK25-AK24)*10 -> 2120 | AM25: 844770 | AN25: =(AM25-AM24)*10 -> 9600 | AP25: =SUM(D25,F25,I25,L25,N25,Q25,U25,Y25,AC25) -> 45451.2 | AQ25: =SUM(R25,V25,Z25,AD25,AF25,AH25,AJ25,AL25,AN25,J25) -> 37783.8
A26: =SUM(A25+1) -> 44884 | C26: 332416 | D26: =(C26-C25)*10 -> 4200 | E26: 571965 | F26: =(E26-E25)*10 -> 8400 | G26: 380132 | H26: =(G26-G25)*10 -> 11440 | I26: =H26*I6/100 -> 5605.6 | J26: =H26*J6/100 -> 5834.4 | K26: 488352 | L26: =(K26-K25)*10 -> 6220 | M26: 782113 | N26: =(M26-M25)*10 -> 11240 | O26: 500834 | P26: =(O26-O25)*10 -> 15930 | Q26: =P26*Q6/100 -> 7805.7 | R26: =P26*R6/100 -> 8124.3 | S26: 466194 | T26: =(S26-S25)*10 -> 30 | U26: =T26*U6/100 -> 14.7 | V26: =T26*V6/100 -> 15.3 | W26: 240411 | X26: =(W26-W25)*10 -> 20 | Y26: =X26*Y6/100 -> 9.8 | Z26: =X26*Z6/100 -> 10.2 | AA26: 313902 | AB26: =(AA26-AA25)*10 -> 30 | AC26: =AB26*AC6/100 -> 14.7 | AD26: =AB26*AD6/100 -> 15.3 | AE26: 94805 | AF26: =(AE26-AE25)*10 -> 1310 | AG26: 179525 | AH26: =(AG26-AG25)*10 -> 2500 | AI26: 318535 | AJ26: =(AI26-AI25)*10 -> 4010 | AK26: 161577 | AL26: =(AK26-AK25)*10 -> 2120 | AM26: 845740 | AN26: =(AM26-AM25)*10 -> 9700 | AP26: =SUM(D26,F26,I26,L26,N26,Q26,U26,Y26,AC26) -> 43510.5 | AQ26: =SUM(R26,V26,Z26,AD26,AF26,AH26,AJ26,AL26,AN26,J26) -> 33639.5
A27: =SUM(A26+1) -> 44885 | C27: 332796 | D27: =(C27-C26)*10 -> 3800 | E27: 572707 | F27: =(E27-E26)*10 -> 7420 | G27: 381173 | H27: =(G27-G26)*10 -> 10410 | I27: =H27*I6/100 -> 5100.9 | J27: =H27*J6/100 -> 5309.1 | K27: 488992 | L27: =(K27-K26)*10 -> 6400 | M27: 783227 | N27: =(M27-M26)*10 -> 11140 | O27: 502297 | P27: =(O27-O26)*10 -> 14630 | Q27: =P27*Q6/100 -> 7168.7 | R27: =P27*R6/100 -> 7461.3 | S27: 466196 | T27: =(S27-S26)*10 -> 20 | U27: =T27*U6/100 -> 9.8 | V27: =T27*V6/100 -> 10.2 | W27: 240414 | X27: =(W27-W26)*10 -> 30 | Y27: =X27*Y6/100 -> 14.7 | Z27: =X27*Z6/100 -> 15.3 | AA27: 313905 | AB27: =(AA27-AA26)*10 -> 30 | AC27: =AB27*AC6/100 -> 14.7 | AD27: =AB27*AD6/100 -> 15.3 | AE27: 94933 | AF27: =(AE27-AE26)*10 -> 1280 | AG27: 179760 | AH27: =(AG27-AG26)*10 -> 2350 | AI27: 318909 | AJ27: =(AI27-AI26)*10 -> 3740 | AK27: 161784 | AL27: =(AK27-AK26)*10 -> 2070 | AM27: 846652 | AN27: =(AM27-AM26)*10 -> 9120 | AP27: =SUM(D27,F27,I27,L27,N27,Q27,U27,Y27,AC27) -> 41068.8 | AQ27: =SUM(R27,V27,Z27,AD27,AF27,AH27,AJ27,AL27,AN27,J27) -> 31371.2
A28: =SUM(A27+1) -> 44886 | C28: 333182 | D28: =(C28-C27)*10 -> 3860 | E28: 573437 | F28: =(E28-E27)*10 -> 7300 | G28: 382417 | H28: =(G28-G27)*10 -> 12440 | I28: =H28*I6/100 -> 6095.6 | J28: =H28*J6/100 -> 6344.4 | K28: 489589 | L28: =(K28-K27)*10 -> 5970 | M28: 784212 | N28: =(M28-M27)*10 -> 9850 | O28: 503372 | P28: =(O28-O27)*10 -> 10750 | Q28: =P28*Q6/100 -> 5267.5 | R28: =P28*R6/100 -> 5482.5 | S28: 466198 | T28: =(S28-S27)*10 -> 20 | U28: =T28*U6/100 -> 9.8 | V28: =T28*V6/100 -> 10.2 | W28: 240416 | X28: =(W28-W27)*10 -> 20 | Y28: =X28*Y6/100 -> 9.8 | Z28: =X28*Z6/100 -> 10.2 | AA28: 313909 | AB28: =(AA28-AA27)*10 -> 40 | AC28: =AB28*AC6/100 -> 19.6 | AD28: =AB28*AD6/100 -> 20.4 | AE28: 95060 | AF28: =(AE28-AE27)*10 -> 1270 | AG28: 180089 | AH28: =(AG28-AG27)*10 -> 3290 | AI28: 319297 | AJ28: =(AI28-AI27)*10 -> 3880 | AK28: 161992 | AL28: =(AK28-AK27)*10 -> 2080 | AM28: 847562 | AN28: =(AM28-AM27)*10 -> 9100 | AP28: =SUM(D28,F28,I28,L28,N28,Q28,U28,Y28,AC28) -> 38382.3 | AQ28: =SUM(R28,V28,Z28,AD28,AF28,AH28,AJ28,AL28,AN28,J28) -> 31487.7
A29: =SUM(A28+1) -> 44887 | C29: 333575 | D29: =(C29-C28)*10 -> 3930 | E29: 574217 | F29: =(E29-E28)*10 -> 7800 | G29: 383713 | H29: =(G29-G28)*10 -> 12960 | I29: =H29*I6/100 -> 6350.4 | J29: =H29*J6/100 -> 6609.6 | K29: 490198 | L29: =(K29-K28)*10 -> 6090 | M29: 785324 | N29: =(M29-M28)*10 -> 11120 | O29: 504539 | P29: =(O29-O28)*10 -> 11670 | Q29: =P29*Q6/100 -> 5718.3 | R29: =P29*R6/100 -> 5951.7 | S29: 466200 | T29: =(S29-S28)*10 -> 20 | U29: =T29*U6/100 -> 9.8 | V29: =T29*V6/100 -> 10.2 | W29: 240418 | X29: =(W29-W28)*10 -> 20 | Y29: =X29*Y6/100 -> 9.8 | Z29: =X29*Z6/100 -> 10.2 | AA29: 313912 | AB29: =(AA29-AA28)*10 -> 30 | AC29: =AB29*AC6/100 -> 14.7 | AD29: =AB29*AD6/100 -> 15.3 | AE29: 95186 | AF29: =(AE29-AE28)*10 -> 1260 | AG29: 180258 | AH29: =(AG29-AG28)*10 -> 1690 | AI29: 319688 | AJ29: =(AI29-AI28)*10 -> 3910 | AK29: 162194 | AL29: =(AK29-AK28)*10 -> 2020 | AM29: 848467 | AN29: =(AM29-AM28)*10 -> 9050 | AP29: =SUM(D29,F29,I29,L29,N29,Q29,U29,Y29,AC29) -> 41043 | AQ29: =SUM(R29,V29,Z29,AD29,AF29,AH29,AJ29,AL29,AN29,J29) -> 30527
A30: =SUM(A29+1) -> 44888 | C30: 333962 | D30: =(C30-C29)*10 -> 3870 | E30: 574976 | F30: =(E30-E29)*10 -> 7590 | G30: 385024 | H30: =(G30-G29)*10 -> 13110 | I30: =H30*I6/100 -> 6423.9 | J30: =H30*J6/100 -> 6686.1 | K30: 490815 | L30: =(K30-K29)*10 -> 6170 | M30: 786457 | N30: =(M30-M29)*10 -> 11330 | O30: 505757 | P30: =(O30-O29)*10 -> 12180 | Q30: =P30*Q6/100 -> 5968.2 | R30: =P30*R6/100 -> 6211.8 | S30: 466202 | T30: =(S30-S29)*10 -> 20 | U30: =T30*U6/100 -> 9.8 | V30: =T30*V6/100 -> 10.2 | W30: 240420 | X30: =(W30-W29)*10 -> 20 | Y30: =X30*Y6/100 -> 9.8 | Z30: =X30*Z6/100 -> 10.2 | AA30: 313916 | AB30: =(AA30-AA29)*10 -> 40 | AC30: =AB30*AC6/100 -> 19.6 | AD30: =AB30*AD6/100 -> 20.4 | AE30: 95322 | AF30: =(AE30-AE29)*10 -> 1360 | AG30: 180513 | AH30: =(AG30-AG29)*10 -> 2550 | AI30: 320085 | AJ30: =(AI30-AI29)*10 -> 3970 | AK30: 162403 | AL30: =(AK30-AK29)*10 -> 2090 | AM30: 849411 | AN30: =(AM30-AM29)*10 -> 9440 | AP30: =SUM(D30,F30,I30,L30,N30,Q30,U30,Y30,AC30) -> 41391.3 | AQ30: =SUM(R30,V30,Z30,AD30,AF30,AH30,AJ30,AL30,AN30,J30) -> 32348.7
A31: =SUM(A30+1) -> 44889 | C31: 334355 | D31: =(C31-C30)*10 -> 3930 | E31: 575765 | F31: =(E31-E30)*10 -> 7890 | G31: 386295 | H31: =(G31-G30)*10 -> 12710 | I31: =H31*I6/100 -> 6227.9 | J31: =H31*J6/100 -> 6482.1 | K31: 491437 | L31: =(K31-K30)*10 -> 6220 | M31: 787618 | N31: =(M31-M30)*10 -> 11610 | O31: 506906 | P31: =(O31-O30)*10 -> 11490 | Q31: =P31*Q6/100 -> 5630.1 | R31: =P31*R6/100 -> 5859.9 | S31: 466204 | T31: =(S31-S30)*10 -> 20 | U31: =T31*U6/100 -> 9.8 | V31: =T31*V6/100 -> 10.2 | W31: 240422 | X31: =(W31-W30)*10 -> 20 | Y31: =X31*Y6/100 -> 9.8 | Z31: =X31*Z6/100 -> 10.2 | AA31: 313919 | AB31: =(AA31-AA30)*10 -> 30 | AC31: =AB31*AC6/100 -> 14.7 | AD31: =AB31*AD6/100 -> 15.3 | AE31: 95459 | AF31: =(AE31-AE30)*10 -> 1370 | AG31: 180772 | AH31: =(AG31-AG30)*10 -> 2590 | AI31: 320492 | AJ31: =(AI31-AI30)*10 -> 4070 | AK31: 162618 | AL31: =(AK31-AK30)*10 -> 2150 | AM31: 850398 | AN31: =(AM31-AM30)*10 -> 9870 | AP31: =SUM(D31,F31,I31,L31,N31,Q31,U31,Y31,AC31) -> 41542.3 | AQ31: =SUM(R31,V31,Z31,AD31,AF31,AH31,AJ31,AL31,AN31,J31) -> 32427.7
A32: =SUM(A31+1) -> 44890 | C32: 334749 | D32: =(C32-C31)*10 -> 3940 | E32: 576557 | F32: =(E32-E31)*10 -> 7920 | G32: 387300 | H32: =(G32-G31)*10 -> 10050 | I32: =H32*I6/100 -> 4924.5 | J32: =H32*J6/100 -> 5125.5 | K32: 492097 | L32: =(K32-K31)*10 -> 6600 | M32: 788797 | N32: =(M32-M31)*10 -> 11790 | O32: 508322 | P32: =(O32-O31)*10 -> 14160 | Q32: =P32*Q6/100 -> 6938.4 | R32: =P32*R6/100 -> 7221.6 | S32: 466206 | T32: =(S32-S31)*10 -> 20 | U32: =T32*U6/100 -> 9.8 | V32: =T32*V6/100 -> 10.2 | W32: 240425 | X32: =(W32-W31)*10 -> 30 | Y32: =X32*Y6/100 -> 14.7 | Z32: =X32*Z6/100 -> 15.3 | AA32: 313922 | AB32: =(AA32-AA31)*10 -> 30 | AC32: =AB32*AC6/100 -> 14.7 | AD32: =AB32*AD6/100 -> 15.3 | AE32: 95599 | AF32: =(AE32-AE31)*10 -> 1400 | AG32: 181023 | AH32: =(AG32-AG31)*10 -> 2510 | AI32: 320891 | AJ32: =(AI32-AI31)*10 -> 3990 | AK32: 162830 | AL32: =(AK32-AK31)*10 -> 2120 | AM32: 851340 | AN32: =(AM32-AM31)*10 -> 9420 | AP32: =SUM(D32,F32,I32,L32,N32,Q32,U32,Y32,AC32) -> 42152.1 | AQ32: =SUM(R32,V32,Z32,AD32,AF32,AH32,AJ32,AL32,AN32,J32) -> 31827.9
A33: =SUM(A32+1) -> 44891 | C33: 335151 | D33: =(C33-C32)*10 -> 4020 | E33: 577346 | F33: =(E33-E32)*10 -> 7890 | G33: 388604 | H33: =(G33-G32)*10 -> 13040 | I33: =H33*I6/100 -> 6389.6 | J33: =H33*J6/100 -> 6650.4 | K33: 492729 | L33: =(K33-K32)*10 -> 6320 | M33: 789968 | N33: =(M33-M32)*10 -> 11710 | O33: 509474 | P33: =(O33-O32)*10 -> 11520 | Q33: =P33*Q6/100 -> 5644.8 | R33: =P33*R6/100 -> 5875.2 | S33: 466208 | T33: =(S33-S32)*10 -> 20 | U33: =T33*U6/100 -> 9.8 | V33: =T33*V6/100 -> 10.2 | W33: 240427 | X33: =(W33-W32)*10 -> 20 | Y33: =X33*Y6/100 -> 9.8 | Z33: =X33*Z6/100 -> 10.2 | AA33: 313926 | AB33: =(AA33-AA32)*10 -> 40 | AC33: =AB33*AC6/100 -> 19.6 | AD33: =AB33*AD6/100 -> 20.4 | AE33: 95737 | AF33: =(AE33-AE32)*10 -> 1380 | AG33: 181274 | AH33: =(AG33-AG32)*10 -> 2510 | AI33: 321277 | AJ33: =(AI33-AI32)*10 -> 3860 | AK33: 163052 | AL33: =(AK33-AK32)*10 -> 2220 | AM33: 852275 | AN33: =(AM33-AM32)*10 -> 9350 | AP33: =SUM(D33,F33,I33,L33,N33,Q33,U33,Y33,AC33) -> 42013.6 | AQ33: =SUM(R33,V33,Z33,AD33,AF33,AH33,AJ33,AL33,AN33,J33) -> 31886.4
A34: =SUM(A33+1) -> 44892 | C34: 335558 | D34: =(C34-C33)*10 -> 4070 | E34: 578147 | F34: =(E34-E33)*10 -> 8010 | G34: 389980 | H34: =(G34-G33)*10 -> 13760 | I34: =H34*I6/100 -> 6742.4 | J34: =H34*J6/100 -> 7017.6 | K34: 493381 | L34: =(K34-K33)*10 -> 6520 | M34: 791128 | N34: =(M34-M33)*10 -> 11600 | O34: 510782 | P34: =(O34-O33)*10 -> 13080 | Q34: =P34*Q6/100 -> 6409.2 | R34: =P34*R6/100 -> 6670.8 | S34: 466211 | T34: =(S34-S33)*10 -> 30 | U34: =T34*U6/100 -> 14.7 | V34: =T34*V6/100 -> 15.3 | W34: 240429 | X34: =(W34-W33)*10 -> 20 | Y34: =X34*Y6/100 -> 9.8 | Z34: =X34*Z6/100 -> 10.2 | AA34: 313929 | AB34: =(AA34-AA33)*10 -> 30 | AC34: =AB34*AC6/100 -> 14.7 | AD34: =AB34*AD6/100 -> 15.3 | AE34: 95872 | AF34: =(AE34-AE33)*10 -> 1350 | AG34: 181519 | AH34: =(AG34-AG33)*10 -> 2450 | AI34: 321655 | AJ34: =(AI34-AI33)*10 -> 3780 | AK34: 163277 | AL34: =(AK34-AK33)*10 -> 2250 | AM34: 853209 | AN34: =(AM34-AM33)*10 -> 9340 | AP34: =SUM(D34,F34,I34,L34,N34,Q34,U34,Y34,AC34) -> 43390.8 | AQ34: =SUM(R34,V34,Z34,AD34,AF34,AH34,AJ34,AL34,AN34,J34) -> 32899.2
A35: =SUM(A34+1) -> 44893 | C35: 335947 | D35: =(C35-C34)*10 -> 3890 | E35: 578887 | F35: =(E35-E34)*10 -> 7400 | G35: 391275 | H35: =(G35-G34)*10 -> 12950 | I35: =H35*I6/100 -> 6345.5 | J35: =H35*J6/100 -> 6604.5 | K35: 493989 | L35: =(K35-K34)*10 -> 6080 | M35: 792138 | N35: =(M35-M34)*10 -> 10100 | O35: 512029 | P35: =(O35-O34)*10 -> 12470 | Q35: =P35*Q6/100 -> 6110.3 | R35: =P35*R6/100 -> 6359.7 | S35: 466677 | T35: =(S35-S34)*10 -> 4660 | U35: =T35*U6/100 -> 2283.4 | V35: =T35*V6/100 -> 2376.6 | W35: 240431 | X35: =(W35-W34)*10 -> 20 | Y35: =X35*Y6/100 -> 9.8 | Z35: =X35*Z6/100 -> 10.2 | AA35: 313932 | AB35: =(AA35-AA34)*10 -> 30 | AC35: =AB35*AC6/100 -> 14.7 | AD35: =AB35*AD6/100 -> 15.3 | AE35: 95998 | AF35: =(AE35-AE34)*10 -> 1260 | AG35: 181764 | AH35: =(AG35-AG34)*10 -> 2450 | AI35: 322037 | AJ35: =(AI35-AI34)*10 -> 3820 | AK35: 163485 | AL35: =(AK35-AK34)*10 -> 2080 | AM35: 854142 | AN35: =(AM35-AM34)*10 -> 9330 | AP35: =SUM(D35,F35,I35,L35,N35,Q35,U35,Y35,AC35) -> 42233.7 | AQ35: =SUM(R35,V35,Z35,AD35,AF35,AH35,AJ35,AL35,AN35,J35) -> 34306.3
A36: =SUM(A35+1) -> 44894 | C36: 336350 | D36: =(C36-C35)*10 -> 4030 | E36: 579700 | F36: =(E36-E35)*10 -> 8130 | G36: 392034 | H36: =(G36-G35)*10 -> 7590 | I36: =H36*I6/100 -> 3719.1 | J36: =H36*J6/100 -> 3870.9 | K36: 494629 | L36: =(K36-K35)*10 -> 6400 | M36: 793290 | N36: =(M36-M35)*10 -> 11520 | O36: 513524 | P36: =(O36-O35)*10 -> 14950 | Q36: =P36*Q6/100 -> 7325.5 | R36: =P36*R6/100 -> 7624.5 | S36: 467224 | T36: =(S36-S35)*10 -> 5470 | U36: =T36*U6/100 -> 2680.3 | V36: =T36*V6/100 -> 2789.7 | W36: 240433 | X36: =(W36-W35)*10 -> 20 | Y36: =X36*Y6/100 -> 9.8 | Z36: =X36*Z6/100 -> 10.2 | AA36: 314253 | AB36: =(AA36-AA35)*10 -> 3210 | AC36: =AB36*AC6/100 -> 1572.9 | AD36: =AB36*AD6/100 -> 1637.1 | AE36: 96129 | AF36: =(AE36-AE35)*10 -> 1310 | AG36: 182004 | AH36: =(AG36-AG35)*10 -> 2400 | AI36: 322413 | AJ36: =(AI36-AI35)*10 -> 3760 | AK36: 163687 | AL36: =(AK36-AK35)*10 -> 2020 | AM36: 855116 | AN36: =(AM36-AM35)*10 -> 9740 | AP36: =SUM(D36,F36,I36,L36,N36,Q36,U36,Y36,AC36) -> 45387.6 | AQ36: =SUM(R36,V36,Z36,AD36,AF36,AH36,AJ36,AL36,AN36,J36) -> 35162.4
A37: =SUM(A36+1) -> 44895 | C37: 336759 | D37: =(C37-C36)*10 -> 4090 | E37: 580470 | F37: =(E37-E36)*10 -> 7700 | G37: 392391 | H37: =(G37-G36)*10 -> 3570 | I37: =H37*I6/100 -> 1749.3 | J37: =H37*J6/100 -> 1820.7 | K37: 495249 | L37: =(K37-K36)*10 -> 6200 | M37: 794448 | N37: =(M37-M36)*10 -> 11580 | O37: 515099 | P37: =(O37-O36)*10 -> 15750 | Q37: =P37*Q6/100 -> 7717.5 | R37: =P37*R6/100 -> 8032.5 | S37: 467786 | T37: =(S37-S36)*10 -> 5620 | U37: =T37*U6/100 -> 2753.8 | V37: =T37*V6/100 -> 2866.2 | W37: 240435 | X37: =(W37-W36)*10 -> 20 | Y37: =X37*Y6/100 -> 9.8 | Z37: =X37*Z6/100 -> 10.2 | AA37: 314257 | AB37: =(AA37-AA36)*10 -> 40 | AC37: =AB37*AC6/100 -> 19.6 | AD37: =AB37*AD6/100 -> 20.4 | AE37: 96261 | AF37: =(AE37-AE36)*10 -> 1320 | AG37: 182257 | AH37: =(AG37-AG36)*10 -> 2530 | AI37: 322809 | AJ37: =(AI37-AI36)*10 -> 3960 | AK37: 163898 | AL37: =(AK37-AK36)*10 -> 2110 | AM37: 856102 | AN37: =(AM37-AM36)*10 -> 9860 | AP37: =SUM(D37,F37,I37,L37,N37,Q37,U37,Y37,AC37) -> 41820 | AQ37: =SUM(R37,V37,Z37,AD37,AF37,AH37,AJ37,AL37,AN37,J37) -> 32530
A38: Daily Record | D38: =SUM(D8:D37) -> 117790 | F38: =SUM(F8:F37) -> 232720 | H38: =SUM(H8:H37) -> 347920 | I38: =H38*I6/100 -> 170480.8 | J38: =H38*J6/100 -> 177439.2 | L38: =SUM(L8:L37) -> 187560 | N38: =SUM(N8:N37) -> 329700 | P38: =SUM(P8:P37) -> 363270 | Q38: =P38*Q6/100 -> 178002.3 | R38: =P38*R6/100 -> 185267.7 | T38: =SUM(T8:T37) -> 16990 | U38: =T38*U6/100 -> 8325.1 | V38: =T38*V6/100 -> 8664.9 | X38: =SUM(X8:X37) -> 1170 | Y38: =X38*Y6/100 -> 573.3 | Z38: =X38*Z6/100 -> 596.7 | AB38: =SUM(AB8:AB37) -> 4590 | AC38: =AB38*AC6/100 -> 2249.1 | AD38: =AB38*AD6/100 -> 2340.9 | AF38: =SUM(AF8:AF37) -> 39740 | AH38: =SUM(AH8:AH37) -> 75320 | AJ38: =SUM(AJ8:AJ37) -> 117390 | AL38: =SUM(AL8:AL37) -> 62320 | AN38: =SUM(AN8:AN37) -> 282380 | AP38: =SUM(AP8:AP37) -> 1227400.6 | AQ38: =SUM(AQ8:AQ37) -> 951459.4
AQ39: =SUM(AN38,AL38,AJ38,AH38,AF38,AD38,Z38,V38,R38,J38) -> 951459.4
A40: Monthly Record | C40: 324590 | E40: 556496 | G40: 356394 | K40: 475886 | M40: 760523 | O40: 477788 | S40: 466085 | W40: 240316 | AA40: 313794
C41: 336350 | D41: 117600 | E41: 579700 | F41: 232040 | G41: 392034 | H41: 318554 | I41: consum - normal power M5C9, C10, C11, C1 | K41: 494629 | L41: 187430 | M41: 793290 | N41: 327670 | O41: 513524 | P41: 357360 | S41: 467224 | T41: 11390 | W41: 240433 | X41: 1170 | AA41: 314253 | AB41: 4590 | AF41: 39700 | AH41: 75330 | AJ41: 117420 | AL41: 62260 | AN41: 282380
D42: =D41-D38 -> -190 | F42: =F41-F38 -> -680 | H42: =H41-H38 -> -29366 | L42: =L41-L38 -> -130 | N42: =N41-N38 -> -2030 | P42: =P41-P38 -> -5910 | T42: =T41-T38 -> -5600 | X42: =X41-X38 -> 0 | AB42: =AB41-AB38 -> 0 | AF42: =AF41-AF38 -> -40 | AH42: =AH41-AH38 -> 10 | AJ42: =AJ41-AJ38 -> 30 | AL42: =AL41-AL38 -> -60 | AN42: =AN41-AN38 -> 0
C43: Var | D43: =(D41-D38)/D41 -> -0.0016156463 | F43: =(F41-F38)/F41 -> -0.0029305292 | H43: =(H41-H38)/H41 -> -0.092185312 | L43: =(L41-L38)/L41 -> -0.00069359227 | N43: =(N41-N38)/N41 -> -0.0061952574 | P43: =(P41-P38)/P41 -> -0.016537945 | T43: =(T41-T38)/T41 -> -0.49165935 | X43: =(X41-X38)/X41 -> 0 | AB43: =(AB41-AB38)/AB41 -> 0 | AF43: =(AF41-AF38)/AF41 -> -0.0010075567 | AH43: =(AH41-AH38)/AH41 -> 0.00013274924 | AJ43: =(AJ41-AJ38)/AJ41 -> 0.0002554931 | AL43: =(AL41-AL38)/AL41 -> -0.00096370061 | AN43: =(AN41-AN38)/AN41 -> 0

Sheet Athens Daily - Water
C1: FSH | E1: FSH | G1: FSH | I1: FSH | K1: FSH & FSP | O1: FSP
C2: Hotel & podium Fresh Water | E2: Food & Beverage Outlets | G2: Fountains | I2: Swimming Pool | K2: Laundry (FSH 55% : FSP 45%) | O2: Place - Guest Floor Fresh Water
C3: M16601852 | E3: M118410300 | G3: M16449102 | I3: M9192527 / M21-501197 | K3: M16601455 | O3: M16601818 | R3: Daily Total consumption
A4: Tariff Type
A5: Date | C5: Reading | D5: Differecne m3 | E5: Reading | F5: Differecne m3 | G5: Reading | H5: Differecne m3 | I5: Reading | J5: Differecne m3 | K5: Reading | L5: Differecne m3 | M5: FSH | N5: FSP | O5: Reading | P5: Differecne m3
A6: 44865 | C6: 88352 | E6: 142941 | G6: 478.31 | K6: 49602 | M6: =L6*55% -> 0 | N6: =L6*45% -> 0 | O6: 51014
A7: 44866 | C7: 88611 | D7: =(C7-C6) -> 259 | E7: 143218 | F7: =(E7-E6) -> 277 | G7: 479.473 | H7: =(G7-G6) -> 1.163 | I7: 23402 | J7: =(I7-I6) -> 23402 | K7: 49767 | L7: =(K7-K6) -> 165 | M7: =L7*55% -> 90.75 | N7: =L7*45% -> 74.25 | O7: 51161 | P7: =(O7-O6) -> 147 | R7: =SUM(D7,F7,M70,H7) -> 537.163 | S7: =SUM(N7,P7) -> 221.25
A8: =SUM(A7+1) -> 44867 | C8: 88909 | D8: =(C8-C7) -> 298 | E8: 143537 | F8: =(E8-E7) -> 319 | G8: 490.781 | H8: =(G8-G7) -> 11.308 | I8: 23415 | J8: =(I8-I7) -> 13 | K8: 49907 | L8: =(K8-K7) -> 140 | M8: =L8*55% -> 77 | N8: =L8*45% -> 63 | O8: 51293 | P8: =(O8-O7) -> 132 | R8: =SUM(D8,F8,M71,H8) -> 628.308 | S8: =SUM(N8,P8) -> 195
A9: =SUM(A8+1) -> 44868 | C9: 89197 | D9: =(C9-C8) -> 288 | E9: 143877 | F9: =(E9-E8) -> 340 | G9: 507.256 | H9: =(G9-G8) -> 16.475 | I9: 23430 | J9: =(I9-I8) -> 15 | K9: 50072 | L9: =(K9-K8) -> 165 | M9: =L9*55% -> 90.75 | N9: =L9*45% -> 74.25 | O9: 51425 | P9: =(O9-O8) -> 132 | R9: =SUM(D9,F9,M72,H9) -> 644.475 | S9: =SUM(N9,P9) -> 206.25
A10: =SUM(A9+1) -> 44869 | C10: 89471 | D10: =(C10-C9) -> 274 | E10: 144215 | F10: =(E10-E9) -> 338 | G10: 508.996 | H10: =(G10-G9) -> 1.74 | I10: 23451 | J10: =(I10-I9) -> 21 | K10: 50226 | L10: =(K10-K9) -> 154 | M10: =L10*55% -> 84.7 | N10: =L10*45% -> 69.3 | O10: 51562 | P10: =(O10-O9) -> 137 | R10: =SUM(D10,F10,M73,H10) -> 613.74 | S10: =SUM(N10,P10) -> 206.3
A11: =SUM(A10+1) -> 44870 | C11: 89762 | D11: =(C11-C10) -> 291 | E11: 144545 | F11: =(E11-E10) -> 330 | G11: 513.161 | H11: =(G11-G10) -> 4.165 | I11: 23462 | J11: =(I11-I10) -> 11 | K11: 50378 | L11: =(K11-K10) -> 152 | M11: =L11*55% -> 83.6 | N11: =L11*45% -> 68.4 | O11: 51706 | P11: =(O11-O10) -> 144 | R11: =SUM(D11,F11,M74,H11) -> 625.165 | S11: =SUM(N11,P11) -> 212.4
A12: =SUM(A11+1) -> 44871 | C12: 90046 | D12: =(C12-C11) -> 284 | E12: 144898 | F12: =(E12-E11) -> 353 | G12: 530.831 | H12: 17 | I12: 23468 | J12: =(I12-I11) -> 6 | K12: 50528 | L12: =(K12-K11) -> 150 | M12: =L12*55% -> 82.5 | N12: =L12*45% -> 67.5 | O12: 51859 | P12: =(O12-O11) -> 153 | R12: =SUM(D12,F12,M75,H12) -> 654 | S12: =SUM(N12,P12) -> 220.5
A13: =SUM(A12+1) -> 44872 | C13: 90290 | D13: =(C13-C12) -> 244 | E13: 145239 | F13: =(E13-E12) -> 341 | G13: 546 | H13: =(G13-G12) -> 15.169 | I13: 23473 | J13: =(I13-I12) -> 5 | K13: 50679 | L13: =(K13-K12) -> 151 | M13: =L13*55% -> 83.05 | N13: =L13*45% -> 67.95 | O13: 51994 | P13: =(O13-O12) -> 135 | R13: =SUM(D13,F13,M76,H13) -> 600.169 | S13: =SUM(N13,P13) -> 202.95
A14: =SUM(A13+1) -> 44873 | C14: 90548 | D14: =(C14-C13) -> 258 | E14: 145533 | F14: =(E14-E13) -> 294 | G14: 552 | H14: =(G14-G13) -> 6 | I14: 23476 | J14: =(I14-I13) -> 3 | K14: 50839 | L14: =(K14-K13) -> 160 | M14: =L14*55% -> 88 | N14: =L14*45% -> 72 | O14: 52133 | P14: =(O14-O13) -> 139 | R14: =SUM(D14,F14,M77,H14) -> 558 | S14: =SUM(N14,P14) -> 211
A15: =SUM(A14+1) -> 44874 | C15: 90761 | D15: =(C15-C14) -> 213 | E15: 145862 | F15: =(E15-E14) -> 329 | G15: 554 | H15: =(G15-G14) -> 2 | I15: 23479 | J15: =(I15-I14) -> 3 | K15: 50983 | L15: =(K15-K14) -> 144 | M15: =L15*55% -> 79.2 | N15: =L15*45% -> 64.8 | O15: 52266 | P15: =(O15-O14) -> 133 | R15: =SUM(D15,F15,M78,H15) -> 544 | S15: =SUM(N15,P15) -> 197.8
A16: =SUM(A15+1) -> 44875 | C16: 90869 | D16: =(C16-C15) -> 108 | E16: 146205 | F16: =(E16-E15) -> 343 | G16: 556 | H16: =(G16-G15) -> 2 | I16: 23483 | J16: =(I16-I15) -> 4 | K16: 51126 | L16: =(K16-K15) -> 143 | M16: =L16*55% -> 78.65 | N16: =L16*45% -> 64.35 | O16: 52421 | P16: =(O16-O15) -> 155 | R16: =SUM(D16,F16,M79,H16) -> 453 | S16: =SUM(N16,P16) -> 219.35
A17: =SUM(A16+1) -> 44876 | C17: 90983 | D17: =(C17-C16) -> 114 | E17: 146551 | F17: =(E17-E16) -> 346 | G17: 563 | H17: =(G17-G16) -> 7 | I17: 23487 | J17: =(I17-I16) -> 4 | K17: 51278 | L17: =(K17-K16) -> 152 | M17: =L17*55% -> 83.6 | N17: =L17*45% -> 68.4 | O17: 52553 | P17: =(O17-O16) -> 132 | R17: =SUM(D17,F17,M80,H17) -> 467 | S17: =SUM(N17,P17) -> 200.4
A18: =SUM(A17+1) -> 44877 | C18: 91130 | D18: =(C18-C17) -> 147 | E18: 146959 | F18: =(E18-E17) -> 408 | G18: 567 | H18: =(G18-G17) -> 4 | I18: 23490 | J18: =(I18-I17) -> 3 | K18: 51424 | L18: =(K18-K17) -> 146 | M18: =L18*55% -> 80.3 | N18: =L18*45% -> 65.7 | O18: 52703 | P18: =(O18-O17) -> 150 | R18: =SUM(D18,F18,M81,H18) -> 559 | S18: =SUM(N18,P18) -> 215.7
A19: =SUM(A18+1) -> 44878 | C19: 91296 | D19: =(C19-C18) -> 166 | E19: 147360 | F19: =(E19-E18) -> 401 | G19: 570 | H19: =(G19-G18) -> 3 | I19: 23494 | J19: =(I19-I18) -> 4 | K19: 51602 | L19: =(K19-K18) -> 178 | M19: =L19*55% -> 97.9 | N19: =L19*45% -> 80.1 | O19: 52854 | P19: =(O19-O18) -> 151 | R19: =SUM(D19,F19,M82,H19) -> 570 | S19: =SUM(N19,P19) -> 231.1
A20: =SUM(A19+1) -> 44879 | C20: 91433 | D20: =(C20-C19) -> 137 | E20: 147717 | F20: =(E20-E19) -> 357 | G20: 574 | H20: =(G20-G19) -> 4 | I20: 23503.027 | J20: =(I20-I19) -> 9.0267733 | K20: 51768 | L20: =(K20-K19) -> 166 | M20: =L20*55% -> 91.3 | N20: =L20*45% -> 74.7 | O20: 52979 | P20: =(O20-O19) -> 125 | R20: =SUM(D20,F20,M83,H20) -> 498 | S20: =SUM(N20,P20) -> 199.7
A21: =SUM(A20+1) -> 44880 | C21: 91556 | D21: =(C21-C20) -> 123 | E21: 148037 | F21: =(E21-E20) -> 320 | G21: 578 | H21: =(G21-G20) -> 4 | I21: 23512.054 | J21: =(I21-I20) -> 9.0267733 | K21: 51940 | L21: =(K21-K20) -> 172 | M21: =L21*55% -> 94.6 | N21: =L21*45% -> 77.4 | O21: 53111 | P21: =(O21-O20) -> 132 | R21: =SUM(D21,F21,M84,H21) -> 447 | S21: =SUM(N21,P21) -> 209.4
A22: =SUM(A21+1) -> 44881 | C22: 91679 | D22: =(C22-C21) -> 123 | E22: 148348 | F22: =(E22-E21) -> 311 | G22: 582 | H22: =(G22-G21) -> 4 | I22: 23521.08 | J22: =(I22-I21) -> 9.0267733 | K22: 52073 | L22: =(K22-K21) -> 133 | M22: =L22*55% -> 73.15 | N22: =L22*45% -> 59.85 | O22: 53243 | P22: =(O22-O21) -> 132 | R22: =SUM(D22,F22,M85,H22) -> 438 | S22: =SUM(N22,P22) -> 191.85
A23: =SUM(A22+1) -> 44882 | C23: 91801 | D23: =(C23-C22) -> 122 | E23: 148702 | F23: =(E23-E22) -> 354 | G23: 586 | H23: =(G23-G22) -> 4 | I23: 23530.107 | J23: =(I23-I22) -> 9.0267733 | K23: 52219 | L23: =(K23-K22) -> 146 | M23: =L23*55% -> 80.3 | N23: =L23*45% -> 65.7 | O23: 53368 | P23: =(O23-O22) -> 125 | R23: =SUM(D23,F23,M86,H23) -> 480 | S23: =SUM(N23,P23) -> 190.7
A24: =SUM(A23+1) -> 44883 | C24: 91928 | D24: =(C24-C23) -> 127 | E24: 149066 | F24: =(E24-E23) -> 364 | G24: 590 | H24: =(G24-G23) -> 4 | I24: 23539.134 | J24: =(I24-I23) -> 9.0267733 | K24: 52377 | L24: =(K24-K23) -> 158 | M24: =L24*55% -> 86.9 | N24: =L24*45% -> 71.1 | O24: 53505 | P24: =(O24-O23) -> 137 | R24: =SUM(D24,F24,M87,H24) -> 495 | S24: =SUM(N24,P24) -> 208.1
... A35: =SUM(A34+1) -> 44894 | C35: 93478 | D35: =(C35-C34) -> 140 | E35: 153165 | F35: =(E35-E34) -> 368 | G35: 614 | H35: =(G35-G34) -> 2 | I35: 23640.24 | J35: =(I35-I34) -> 9.946 | K35: 54294 | L35: =(K35-K34) -> 205 | M35: =L35*55% -> 112.75 | N35: =L35*45% -> 92.25 | O35: 54934 | P35: =(O35-O34) -> 123 | R35: =SUM(D35,F35,M98,H35) -> 510 | S35: =SUM(N35,P35) -> 215.25
A36: =SUM(A35+1) -> 44895 | C36: 93697 | D36: =(C36-C34) -> 359 | E36: 153536 | F36: =(E36-E34) -> 739 | G36: 616 | H36: =(G36-G34) -> 4 | I36: 23650.186 | J36: =(I36-I34) -> 19.892 | K36: 54459 | L36: =(K36-K34) -> 370 | M36: =L36*55% -> 203.5 | N36: =L36*45% -> 166.5 | O36: 55068 | P36: =(O36-O34) -> 257 | R36: =SUM(D36,F36,M98,H36) -> 1102 | S36: =SUM(N36,P36) -> 423.5
D37: =SUM(D7:D36) -> 5485 | F37: =SUM(F7:F36) -> 10963 | H37: =SUM(H7:H36) -> 139.02 | J37: =SUM(J7:J36) -> 23660.132 | L37: =SUM(L7:L36) -> 5062 | P37: =SUM(P7:P36) -> 4177 | V37: 161.9

Sheet Athens Daily - Gas
C1: FSH & FSP | G1: FSH | I1: FSH | K1: FSH | M1: FSH | O1: FSH | Q1: FSH | S1: FSH | U1: FSH | W1: FSH | Y1: FSH | AA1: FSH | AC1: FSH | AE1: FSH | AG1: FSH | AI1: FSH | AK1: FSH | AM1: FSP | AO1: FSP | AQ1: FSP | AS1: FSP | AU1: FSP | AW1: FSP | AY1: FSP | BA1: FSP | BC1: FSP | BE1: FSP
C2: B2/F Steam Boiler Room | G2: B1/F Main Kitchen | I2: P1/F Lobby Lounge | K2: P2/F Grand Ball Room | M2: P3 Steward | O2: P4/F Chinese Restaurant | Q2: P4/F Junior Ball Room | S2: P5/F Staff Dining | U2: P6/F Pool side bar pantry | W2: P6/F French Restaurant | Y2: P5/F Condensing Boiler Room | AA2: P5/F Filtration Plan Room | AC2: L8/F Plant Room | AE2: L46/F Plant Room | AG2: L46/F Plant Room | AI2: L46/F Plant Room | AK2: L46/F Plant Room | AM2: SHT 8/F Plant Room | AO2: SHT 40/F Plant Room | AQ2: SHT 57/F Condensing Boiler Room | AS2: SHT 57/F Condensing Boiler Room | AU2: SHT 60/F - Room 6023 ( Penhouse 1 ) | AW2: SHT 60/F - Room 6038 ( Penhouse 2 ) | AY2: L40/F Plant Room | BA2: L40/F Plant Room | BC2: L57/F Plant Room | BE2: L57/F Plant Room
C3: Steam Boiler for Hot Water & Laundry ( FSH 60% : FSP 40%) | E3: FSH | F3: FSP | G3: Kitchen | I3: Kitchen | K3: Kitchen | M3: Dish Washing area | O3: Kitchen | Q3: Kitchen | S3: Kitchen | U3: Kitchen | W3: Kitchen | Y3: Condensing Boiler for P6 Swimming Pool & Jacuzzi | AA3: 6/F Patio Spaces heater | AC3: Dehumidifier for Guest Rooms RH Control | AE3: Dehumidifier for Guest Rooms RH Control | AG3: Presidential Room Room 4305 | AI3: New Gas Heat Pump | AK3: New Gas Heat Pump ( Heater ) | AM3: Dehumidifier For Guest Rooms RH Control | AO3: Dehumidifier For Guest Rooms RH Control | AQ3: Condensing Boiler for 59/F Swimming Pool & Jacuzzis | AS3: 59/F Patio Spaces heater | AU3: Gas appliances ( Include Patio Space Heater ) | AW3: Gas appliances ( Include Patio Space Heater ) | AY3: New Gas Heat Pump | BA3: New Gas Heat Pump ( Heater ) | BC3: New Gas Heat Pump | BE3: New Gas Heat Pump ( Heater )
C4: 0234229050 | E4: Ratio | G4: 0234229130 | I4: 0234230090 | K4: 0234229210 | M4: 7092801222 | O4: 0234229460 | Q4: 0234229380 | S4: 0234229540 | U4: 0234229620 | W4: 0234230740 | Y4: 0234229870 | AA4: 0234229790 | AC4: 0234228820 | AE4: 0234228990 | AG4: 0234230820 | AI4: 7105826734 | AK4: 7105825932 | AM4: 0234230170 | AO4: 0234230250 | AQ4: 0234230330 | AS4: 0234230410 | AU4: 0234230580 | AW4: 0234230660 | AY4: 7111912486 | BA4: 7111911842 | BC4: 7111913281 | BE4: 7111912723 | BH4: Daily Total consumption
A5: Gas Meter | C5: 9955475 | E5: 0.6 | F5: 0.4 | G5: 436641 | I5: 436656 | K5: 431271 | M5: 1038664 | O5: 522469 | Q5: 431269 | S5: 436624 | U5: 5399693 | W5: 522607 | Y5: 436606 | AA5: 432481 | AC5: 410677 | AE5: 431229 | AG5: 522557 | AI5: 0333732 | AK5: 0655375 | AM5: 431241 | AO5: 410724 | AQ5: 9313879 | AS5: 4500420S | AU5: 436758 | AW5: 431227 | AY5: 744483 | BA5: 119314 | BC5: 1053229 | BE5: 1053215
A6: Tariff Type
A7: Date | C7: Reading | D7: Differecne MJ | E7: Differecne MJ | F7: Differecne MJ | G7: Reading | H7: Differecne MJ | I7: Reading | J7: Differecne MJ | K7: Reading | L7: Differecne MJ | M7: Reading | N7: Differecne MJ | O7: Reading | P7: Differecne MJ | Q7: Reading | R7: Differecne MJ | S7: Reading | T7: Differecne MJ | U7: Reading | V7: Differecne MJ | W7: Reading | X7: Differecne MJ | Y7: Reading | Z7: Differecne MJ | AA7: Reading | AB7: Differecne MJ | AC7: Reading | AD7: Differecne MJ | AE7: Reading | AF7: Differecne MJ | AG7: Reading | AH7: Differecne MJ | AI7: Reading | AJ7: Differecne MJ | AK7: Reading | AL7: Differecne MJ | AM7: Reading | AN7: Differecne MJ | AO7: Reading | AP7: Differecne MJ | AQ7: Reading | AR7: Differecne MJ | AS7: Reading | AT7: Differecne MJ | AU7: Reading | AV7: Differecne MJ | AW7: Reading | AX7: Differecne MJ | AY7: Reading | AZ7: Differecne MJ | BA7: Reading | BB7: Differecne MJ | BC7: Reading | BD7: Differecne MJ | BE7: Reading | BF7: Differecne MJ | BH7: FSH | BI7: FSP
A8: 44865 | C8: 7276536 | G8: 301798 | I8: 213890 | K8: 275098 | M8: 25648 | O8: 362111 | Q8: 489295 | S8: 785841 | U8: 8055.717 | W8: 87279 | Y8: 1527513 | AA8: 13886 | AC8: 521930 | AE8: 593489 | AG8: 49813 | AI8: 461845 | AK8: 102770 | AM8: 627546 | AO8: 19619 | AQ8: 95598 | AS8: 2465 | AU8: 939 | AW8: 3110 | AY8: 362358 | BA8: 161101 | BC8: 244070 | BE8: 5350
A9: 44866 | C9: 7278782 | D9: =(+C9-+C8)*48 -> 107808 | E9: =D9*E5 -> 64684.8 | F9: =D9*F5 -> 43123.2 | G9: 301832 | H9: =(+G9-+G8)*48 -> 1632 | I9: 214060 | J9: =(+I9-+I8)*48 -> 8160 | K9: 275110 | L9: =(+K9-+K8)*48 -> 576 | M9: 25648 | N9: =(+M9-+M8)*48 -> 0 | O9: 362285 | P9: =(+O9-+O8)*48 -> 8352 | Q9: 489354 | R9: =(+Q9-+Q8)*48 -> 2832 | S9: 785981 | T9: =(+S9-+S8)*48 -> 6720 | U9: 8076.142 | V9: =(+U9-+U8)*48 -> 980.4 | W9: 87279 | X9: =(+W9-+W8)*48 -> 0 | Y9: 1527799 | Z9: =(+Y9-+Y8)*48 -> 13728 | AA9: 13886 | AB9: =(+AA9-+AA8)*48 -> 0 | AC9: 522053 | AD9: =(+AC9-+AC8)*48 -> 5904 | AE9: 593642 | AF9: =(+AE9-+AE8)*48 -> 7344 | AG9: 49813 | AH9: =(+AG9-+AG8)*48 -> 0 | AI9: 461931 | AJ9: =(+AI9-+AI8)*48 -> 4128 | AK9: 102770 | AL9: =(+AK9-+AK8)*48 -> 0 | AM9: 627632 | AN9: =(+AM9-+AM8)*48 -> 4128 | AO9: 19740 | AP9: =(+AO9-+AO8)*48 -> 5808 | AQ9: 95871 | AR9: =(+AQ9-+AQ8)*48 -> 13104 | AS9: 2465 | AT9: =(+AS9-+AS8)*48 -> 0 | AU9: 939 | AV9: =(+AU9-+AU8)*48 -> 0 | AW9: 3110 | AX9: =(+AW9-+AW8)*48 -> 0 | AY9: 362358 | AZ9: =(+AY9-+AY8)*48 -> 0 | BA9: 161101 | BB9: =(+BA9-+BA8)*48 -> 0 | BC9: 244141 | BD9: =(+BC9-+BC8)*48 -> 3408 | BE9: 5350 | BF9: =(+BE9-+BE8)*48 -> 0 | BH9: =SUM(E9,J9,P9,H9,L9,R9,T9,V9,X9,N9,AB9,Z9,AD9,AF9,AH9,AL9,AJ9) -> 125041.2 | BI9: =SUM(F9,AN9,AP9,AT9,AV9,AX9,AR9,AZ9,BB9,BD9,BF9) -> 69571.2
A10: =SUM(A9+1) -> 44867 | C10: 7281210 | D10: =(+C10-+C9)*48 -> 116544 | E10: =D10*E5 -> 69926.4 | F10: =D10*F5 -> 46617.6 | G10: 301880 | H10: =(+G10-+G9)*48 -> 2304 | I10: 214231 | J10: =(+I10-+I9)*48 -> 8208 | K10: 275169 | L10: =(+K10-+K9)*48 -> 2832 | M10: 25648 | N10: =(+M10-+M8)*48 -> 0 | O10: 362461 | P10: =(+O10-+O9)*48 -> 8448 | Q10: 489425 | R10: =(+Q10-+Q9)*48 -> 3408 | S10: 786135 | T10: =(+S10-+S9)*48 -> 7392 | U10: 8095.302 | V10: =(+U10-+U9)*48 -> 919.68 | W10: 87297 | X10: =(+W10-+W9)*48 -> 864 | Y10: 1528147 | Z10: =(+Y10-+Y9)*48 -> 16704 | AA10: 13886 | AB10: =(+AA10-+AA9)*48 -> 0 | AC10: 522184 | AD10: =(+AC10-+AC9)*48 -> 6288 | AE10: 593795 | AF10: =(+AE10-+AE9)*48 -> 7344 | AG10: 49813 | AH10: =(+AG10-+AG9)*48 -> 0 | AI10: 462020 | AJ10: =(+AI10-+AI9)*48 -> 4272 | AK10: 102770 | AL10: =(+AK10-+AK9)*48 -> 0 | AM10: 627750 | AN10: =(+AM10-+AM9)*48 -> 5664 | AO10: 19868 | AP10: =(+AO10-+AO9)*48 -> 6144 | AQ10: 96222 | AR10: =(+AQ10-+AQ9)*48 -> 16848 | AS10: 2465 | AT10: =(+AS10-+AS9)*48 -> 0 | AU10: 939 | AV10: =(+AU10-+AU9)*48 -> 0 | AW10: 3110 | AX10: =(+AW10-+AW9)*48 -> 0 | AY10: 362567 | AZ10: =(+AY10-+AY9)*48 -> 10032 | BA10: 161101 | BB10: =(+BA10-+BA9)*48 -> 0 | BC10: 244211 | BD10: =(+BC10-+BC9)*48 -> 3360 | BE10: 5350 | BF10: =(+BE10-+BE9)*48 -> 0 | BH10: =SUM(E10,J10,P10,H10,L10,R10,T10,V10,X10,N10,AB10,Z10,AD10,AF10,AH10,AL10,AJ10) -> 138910.08 | BI10: =SUM(F10,AN10,AP10,AT10,AV10,AX10,AR10,AZ10,BB10,BD10,BF10) -> 88665.6
A11: =SUM(A10+1) -> 44868 | C11: 7283680 | D11: =(+C11-+C10)*48 -> 118560 | E11: =D11*E5 -> 71136 | F11: =D11*F5 -> 47424 | G11: 301918 | H11: =(+G11-+G10)*48 -> 1824 | I11: 214400 | J11: =(+I11-+I10)*48 -> 8112 | K11: 275220 | L11: =(+K11-+K10)*48 -> 2448 | M11: 25654 | N11: =(+M11-+M9)*48 -> 288 | O11: 362653 | P11: =(+O11-+O9)*48 -> 17664 | Q11: 489496 | R11: =(+Q11-+Q9)*48 -> 6816 | S11: 786309 | T11: =(+S11-+S9)*48 -> 15744 | U11: 8104 | V11: =(+U11-+U9)*48 -> 1337.184 | W11: 87314 | X11: =(+W11-+W10)*48 -> 816 | Y11: 1528472 | Z11: =(+Y11-+Y9)*48 -> 32304 | AA11: 13886 | AB11: =(+AA11-+AA9)*48 -> 0 | AC11: 522343 | AD11: =(+AC11-+AC10)*48 -> 7632 | AE11: 593967 | AF11: =(+AE11-+AE10)*48 -> 8256 | AG11: 49813 | AH11: =(+AG11-+AG9)*48 -> 0 | AI11: 462119 | AJ11: =(+AI11-+AI10)*48 -> 4752 | AK11: 102770 | AL11: =(+AK11-+AK9)*48 -> 0 | AM11: 627899 | AN11: =(+AM11-+AM10)*48 -> 7152 | AO11: 20028 | AP11: =(+AO11-+AO10)*48 -> 7680 | AQ11: 96537 | AR11: =(+AQ11-+AQ10)*48 -> 15120 | AS11: 2465 | AT11: =(+AS11-+AS9)*48 -> 0 | AU11: 939 | AV11: =(+AU11-+AU9)*48 -> 0 | AW11: 3110 | AX11: =(+AW11-+AW9)*48 -> 0 | AY11: 362675 | AZ11: =(+AY11-+AY10)*48 -> 5184 | BA11: 161101 | BB11: =(+BA11-+BA9)*48 -> 0 | BC11: 244277 | BD11: =(+BC11-+BC9)*48 -> 6528 | BE11: 5350 | BF11: =(+BE11-+BE9)*48 -> 0 | BH11: =SUM(E11,J11,P11,H11,L11,R11,T11,V11,X11,N11,AB11,Z11,AD11,AF11,AH11,AL11,AJ11) -> 179129.18 | BI11: =SUM(F11,AN11,AP11,AT11,AV11,AX11,AR11,AZ11,BB11,BD11,BF11) -> 89088
A12: =SUM(A11+1) -> 44869 | C12: 7286214 | D12: =(+C12-+C11)*48 -> 121632 | E12: =D12*E5 -> 72979.2 | F12: =D12*F5 -> 48652.8 | G12: 301961 | H12: =(+G12-+G11)*48 -> 2064 | I12: 214568 | J12: =(+I12-+I11)*48 -> 8064 | K12: 275242 | L12: =(+K12-+K11)*48 -> 1056 | M12: 25654 | N12: =(+M12-+M11)*48 -> 0 | O12: 362853 | P12: =(+O12-+O11)*48 -> 9600 | Q12: 489558 | R12: =(+Q12-+Q11)*48 -> 2976 | S12: 786463 | T12: =(+S12-+S11)*48 -> 7392 | U12: 8125.36 | V12: =(+U12-+U11)*48 -> 1025.28 | W12: 87336 | X12: =(+W12-+W11)*48 -> 1056 | Y12: 1528737 | Z12: =(+Y12-+Y11)*48 -> 12720 | AA12: 13886 | AB12: =(+AA12-+AA11)*48 -> 0 | AC12: 522503 | AD12: =(+AC12-+AC11)*48 -> 7680 | AE12: 594125 | AF12: =(+AE12-+AE11)*48 -> 7584 | AG12: 49813 | AH12: =(+AG12-+AG11)*48 -> 0 | AI12: 462212 | AJ12: =(+AI12-+AI11)*48 -> 4464 | AK12: 102770 | AL12: =(+AK12-+AK11)*48 -> 0 | AM12: 628050 | AN12: =(+AM12-+AM11)*48 -> 7248 | AO12: 20183 | AP12: =(+AO12-+AO11)*48 -> 7440 | AQ12: 96829 | AR12: =(+AQ12-+AQ11)*48 -> 14016 | AS12: 2465 | AT12: =(+AS12-+AS10)*48 -> 0 | AU12: 939 | AV12: =(+AU12-+AU11)*48 -> 0 | AW12: 3110 | AX12: =(+AW12-+AW11)*48 -> 0 | AY12: 362773 | AZ12: =(+AY12-+AY11)*48 -> 4704 | BA12: 161101 | BB12: =(+BA12-+BA11)*48 -> 0 | BC12: 244344 | BD12: =(+BC12-+BC11)*48 -> 3216 | BE12: 5350 | BF12: =(+BE12-+BE11)*48 -> 0 | BH12: =SUM(E12,J12,P12,H12,L12,R12,T12,V12,X12,N12,AB12,Z12,AD12,AF12,AH12,AL12,AJ12) -> 138660.48 | BI12: =SUM(F12,AN12,AP12,AT12,AV12,AX12,AR12,AZ12,BB12,BD12,BF12) -> 85276.8
A13: =SUM(A12+1) -> 44870 | C13: 7288660 | D13: =(+C13-+C12)*48 -> 117408 | E13: =D13*E5 -> 70444.8 | F13: =D13*F5 -> 46963.2 | G13: 302005 | H13: =(+G13-+G12)*48 -> 2112 | I13: 214728 | J13: =(+I13-+I12)*48 -> 7680 | K13: 275309 | L13: =(+K13-+K12)*48 -> 3216 | M13: 25654 | N13: =(+M13-+M12)*48 -> 0 | O13: 363047 | P13: =(+O13-+O12)*48 -> 9312 | Q13: 489616 | R13: =(+Q13-+Q12)*48 -> 2784 | S13: 786626 | T13: =(+S13-+S12)*48 -> 7824 | U13: 8144 | V13: =(+U13-+U12)*48 -> 894.72 | W13: 87355 | X13: =(+W13-+W12)*48 -> 912 | Y13: 1529008 | Z13: =(+Y13-+Y12)*48 -> 13008 | AA13: 13886 | AB13: =(+AA13-+AA12)*48 -> 0 | AC13: 522640 | AD13: =(+AC13-+AC12)*48 -> 6576 | AE13: 594301 | AF13: =(+AE13-+AE12)*48 -> 8448 | AG13: 49813 | AH13: =(+AG13-+AG12)*48 -> 0 | AI13: 462304 | AJ13: =(+AI13-+AI12)*48 -> 4416 | AK13: 102770 | AL13: =(+AK13-+AK12)*48 -> 0 | AM13: 628206 | AN13: =(+AM13-+AM12)*48 -> 7488 | AO13: 20344 | AP13: =(+AO13-+AO12)*48 -> 7728 | AQ13: 97054 | AR13: =(+AQ13-+AQ12)*48 -> 10800 | AS13: 2465 | AT13: =(+AS13-+AS12)*48 -> 0 | AU13: 939 | AV13: =(+AU13-+AU12)*48 -> 0 | AW13: 3110 | AX13: =(+AW13-+AW12)*48 -> 0 | AY13: 362873 | AZ13: =(+AY13-+AY12)*48 -> 4800 | BA13: 161101 | BB13: =(+BA13-+BA12)*48 -> 0 | BC13: 244413 | BD13: =(+BC13-+BC12)*48 -> 3312 | BE13: 5350 | BF13: =(+BE13-+BE12)*48 -> 0 | BH13: =SUM(E13,J13,P13,H13,L13,R13,T13,V13,X13,N13,AB13,Z13,AD13,AF13,AH13,AL13,AJ13) -> 137627.52 | BI13: =SUM(F13,AN13,AP13,AT13,AV13,AX13,AR13,AZ13,BB13,BD13,BF13) -> 81091.2
A14: =SUM(A13+1) -> 44871 | C14: 7291131 | D14: =(+C14-+C13)*48 -> 118608 | E14: =D14*E5 -> 71164.8 | F14: =D14*F5 -> 47443.2 | G14: 302073 | H14: =(+G14-+G13)*48 -> 3264 | I14: 214901 | J14: =(+I14-+I13)*48 -> 8304 | K14: 275401 | L14: =(+K14-+K13)*48 -> 4416 | M14: 25659 | N14: =(+M14-+M13)*48 -> 240 | O14: 363277 | P14: =(+O14-+O13)*48 -> 11040 | Q14: 489716 | R14: =(+Q14-+Q13)*48 -> 4800 | S14: 786787 | T14: =(+S14-+S13)*48 -> 7728 | U14: 8164.294 | V14: =(+U14-+U13)*48 -> 974.112 | W14: 87374 | X14: =(+W14-+W13)*48 -> 912 | Y14: 1529308 | Z14: =(+Y14-+Y13)*48 -> 14400 | AA14: 13886 | AB14: =(+AA14-+AA13)*48 -> 0 | AC14: 522843 | AD14: =(+AC14-+AC13)*48 -> 9744 | AE14: 594496 | AF14: =(+AE14-+AE13)*48 -> 9360 | AG14: 49813 | AH14: =(+AG14-+AG13)*48 -> 0 | AI14: 462411 | AJ14: =(+AI14-+AI13)*48 -> 5136 | AK14: 102770 | AL14: =(+AK14-+AK13)*48 -> 0 | AM14: 628360 | AN14: =(+AM14-+AM13)*48 -> 7392 | AO14: 20512 | AP14: =(+AO14-+AO13)*48 -> 8064 | AQ14: 97195 | AR14: =(+AQ14-+AQ13)*48 -> 6768 | AS14: 2465 | AT14: =(+AS14-+AS13)*48 -> 0 | AU14: 939 | AV14: =(+AU14-+AU13)*48 -> 0 | AW14: 3110 | AX14: =(+AW14-+AW13)*48 -> 0 | AY14: 362978 | AZ14: =(+AY14-+AY13)*48 -> 5040 | BA14: 161101 | BB14: =(+BA14-+BA13)*48 -> 0 | BC14: 244484 | BD14: =(+BC14-+BC13)*48 -> 3408 | BE14: 5350 | BF14: =(+BE14-+BE13)*48 -> 0 | BH14: =SUM(E14,J14,P14,H14,L14,R14,T14,V14,X14,N14,AB14,Z14,AD14,AF14,AH14,AL14,AJ14) -> 151482.91 | BI14: =SUM(F14,AN14,AP14,AT14,AV14,AX14,AR14,AZ14,BB14,BD14,BF14) -> 78115.2
A15: =SUM(A14+1) -> 44872 | C15: 7293381 | D15: =(+C15-+C14)*48 -> 108000 | E15: =D15*E5 -> 64800 | F15: =D15*F5 -> 43200 | G15: 302126 | H15: =(+G15-+G14)*48 -> 2544 | I15: 215064 | J15: =(+I15-+I14)*48 -> 7824 | K15: 275484 | L15: =(+K15-+K14)*48 -> 3984 | M15: 25666 | N15: =(+M15-+M14)*48 -> 336 | O15: 363488 | P15: =(+O15-+O14)*48 -> 10128 | Q15: 489808 | R15: =(+Q15-+Q14)*48 -> 4416 | S15: 786928 | T15: =(+S15-+S14)*48 -> 6768 | U15: 8186 | V15: =(+U15-+U14)*48 -> 1041.888 | W15: 87395 | X15: =(+W15-+W14)*48 -> 1008 | Y15: 1529521 | Z15: =(+Y15-+Y14)*48 -> 10224 | AA15: 13886 | AB15: =(+AA15-+AA14)*48 -> 0 | AC15: 523002 | AD15: =(+AC15-+AC14)*48 -> 7632 | AE15: 594667 | AF15: =(+AE15-+AE14)*48 -> 8208 | AG15: 49813 | AH15: =(+AG15-+AG14)*48 -> 0 | AI15: 462506 | AJ15: =(+AI15-+AI14)*48 -> 4560 | AK15: 102770 | AL15: =(+AK15-+AK14)*48 -> 0 | AM15: 628510 | AN15: =(+AM15-+AM14)*48 -> 7200 | AO15: 20675 | AP15: =(+AO15-+AO14)*48 -> 7824 | AQ15: 97352 | AR15: =(+AQ15-+AQ14)*48 -> 7536 | AS15: 2465 | AT15: =(+AS15-+AS14)*48 -> 0 | AU15: 939 | AV15: =(+AU15-+AU14)*48 -> 0 | AW15: 3110 | AX15: =(+AW15-+AW14)*48 -> 0 | AY15: 363074 | AZ15: =(+AY15-+AY14)*48 -> 4608 | BA15: 161101 | BB15: =(+BA15-+BA14)*48 -> 0 | BC15: 244550 | BD15: =(+BC15-+BC14)*48 -> 3168 | BE15: 5350 | BF15: =(+BE15-+BE14)*48 -> 0 | BH15: =SUM(E15,J15,P15,H15,L15,R15,T15,V15,X15,N15,AB15,Z15,AD15,AF15,AH15,AL15,AJ15) -> 133473.89 | BI15: =SUM(F15,AN15,AP15,AT15,AV15,AX15,AR15,AZ15,BB15,BD15,BF15) -> 73536
A16: =SUM(A15+1) -> 44873 | C16: 7295763 | D16: =(+C16-+C15)*48 -> 114336 | E16: =D16*E5 -> 68601.6 | F16: =D16*F5 -> 45734.4 | G16: 302163 | H16: =(+G16-+G15)*48 -> 1776 | I16: 215232 | J16: =(+I16-+I15)*48 -> 8064 | K16: 275504 | L16: =(+K16-+K15)*48 -> 960 | M16: 25668 | N16: =(+M16-+M15)*48 -> 96 | O16: 363692 | P16: =(+O16-+O15)*48 -> 9792 | Q16: 489873 | R16: =(+Q16-+Q15)*48 -> 3120 | S16: 787065 | T16: =(+S16-+S15)*48 -> 6576 | U16: 8205 | V16: =(+U16-+U15)*48 -> 912 | W16: 87395 | X16: =(+W16-+W15)*48 -> 0 | Y16: 1529685 | Z16: =(+Y16-+Y15)*48 -> 7872 | AA16: 13886 | AB16: =(+AA16-+AA15)*48 -> 0 | AC16: 523160 | AD16: =(+AC16-+AC15)*48 -> 7584 | AE16: 594842 | AF16: =(+AE16-+AE15)*48 -> 8400 | AG16: 49813 | AH16: =(+AG16-+AG15)*48 -> 0 | AI16: 462610 | AJ16: =(+AI16-+AI15)*48 -> 4992 | AK16: 102770 | AL16: =(+AK16-+AK15)*48 -> 0 | AM16: 628665 | AN16: =(+AM16-+AM15)*48 -> 7440 | AO16: 20840 | AP16: =(+AO16-+AO15)*48 -> 7920 | AQ16: 97457 | AR16: =(+AQ16-+AQ15)*48 -> 5040 | AS16: 2465 | AT16: =(+AS16-+AS15)*48 -> 0 | AU16: 939 | AV16: =(+AU16-+AU15)*48 -> 0 | AW16: 3110 | AX16: =(+AW16-+AW15)*48 -> 0 | AY16: 363178 | AZ16: =(+AY16-+AY15)*48 -> 4992 | BA16: 161101 | BB16: =(+BA16-+BA15)*48 -> 0 | BC16: 244620 | BD16: =(+BC16-+BC15)*48 -> 3360 | BE16: 5350 | BF16: =(+BE16-+BE15)*48 -> 0 | BH16: =SUM(E16,J16,P16,H16,L16,R16,T16,V16,X16,N16,AB16,Z16,AD16,AF16,AH16,AL16,AJ16) -> 128745.6 | BI16: =SUM(F16,AN16,AP16,AT16,AV16,AX16,AR16,AZ16,BB16,BD16,BF16) -> 74486.4
A17: =SUM(A16+1) -> 44874 | C17: 7298117 | D17: =(+C17-+C16)*48 -> 112992 | E17: =D17*E5 -> 67795.2 | F17: =D17*F5 -> 45196.8 | G17: 302195 | H17: =(+G17-+G16)*48 -> 1536 | I17: 215401 | J17: =(+I17-+I16)*48 -> 8112 | K17: 275523 | L17: =(+K17-+K16)*48 -> 912 | M17: 25672 | N17: =(+M17-+M16)*48 -> 192 | O17: 363875 | P17: =(+O17-+O16)*48 -> 8784 | Q17: 489933 | R17: =(+Q17-+Q16)*48 -> 2880 | S17: 787229 | T17: =(+S17-+S16)*48 -> 7872 | U17: 8225 | V17: =(+U17-+U16)*48 -> 960 | W17: 87412 | X17: =(+W17-+W16)*48 -> 816 | Y17: 1529899 | Z17: =(+Y17-+Y16)*48 -> 10272 | AA17: 13886 | AB17: =(+AA17-+AA16)*48 -> 0 | AC17: 523296 | AD17: =(+AC17-+AC16)*48 -> 6528 | AE17: 595007 | AF17: =(+AE17-+AE16)*48 -> 7920 | AG17: 49813 | AH17: =(+AG17-+AG16)*48 -> 0 | AI17: 462707 | AJ17: =(+AI17-+AI16)*48 -> 4656 | AK17: 102770 | AL17: =(+AK17-+AK16)*48 -> 0 | AM17: 628808 | AN17: =(+AM17-+AM16)*48 -> 6864 | AO17: 20994 | AP17: =(+AO17-+AO16)*48 -> 7392 | AQ17: 97599 | AR17: =(+AQ17-+AQ16)*48 -> 6816 | AS17: 2465 | AT17: =(+AS17-+AS16)*48 -> 0 | AU17: 939 | AV17: =(+AU17-+AU16)*48 -> 0 | AW17: 3110 | AX17: =(+AW17-+AW16)*48 -> 0 | AY17: 363280 | AZ17: =(+AY17-+AY16)*48 -> 4896 | BA17: 161101 | BB17: =(+BA17-+BA16)*48 -> 0 | BC17: 244685 | BD17: =(+BC17-+BC16)*48 -> 3120 | BE17: 5350 | BF17: =(+BE17-+BE16)*48 -> 0 | BH17: =SUM(E17,J17,P17,H17,L17,R17,T17,V17,X17,N17,AB17,Z17,AD17,AF17,AH17,AL17,AJ17) -> 129235.2 | BI17: =SUM(F17,AN17,AP17,AT17,AV17,AX17,AR17,AZ17,BB17,BD17,BF17) -> 74284.8
A18: =SUM(A17+1) -> 44875 | C18: 7300354 | D18: =(+C18-+C17)*48 -> 107376 | E18: =D18*E5 -> 64425.6 | F18: =D18*F5 -> 42950.4 | G18: 302241 | H18: =(+G18-+G17)*48 -> 2208 | I18: 215585 | J18: =(+I18-+I17)*48 -> 8832 | K18: 275583 | L18: =(+K18-+K17)*48 -> 2880 | M18: 25675 | N18: =(+M18-+M17)*48 -> 144 | O18: 364092 | P18: =(+O18-+O17)*48 -> 10416 | Q18: 490006 | R18: =(+Q18-+Q17)*48 -> 3504 | S18: 787399 | T18: =(+S18-+S17)*48 -> 8160 | U18: 8248 | V18: =(+U18-+U17)*48 -> 1104 | W18: 87432 | X18: =(+W18-+W17)*48 -> 960 | Y18: 1530063 | Z18: =(+Y18-+Y17)*48 -> 7872 | AA18: 13886 | AB18: =(+AA18-+AA17)*48 -> 0 | AC18: 523446 | AD18: =(+AC18-+AC17)*48 -> 7200 | AE18: 595167 | AF18: =(+AE18-+AE17)*48 -> 7680 | AG18: 49813 | AH18: =(+AG18-+AG17)*48 -> 0 | AI18: 462872 | AJ18: =(+AI18-+AI17)*48 -> 7920 | AK18: 102770 | AL18: =(+AK18-+AK17)*48 -> 0 | AM18: 628958 | AN18: =(+AM18-+AM17)*48 -> 7200 | AO18: 21154 | AP18: =(+AO18-+AO17)*48 -> 7680 | AQ18: 97729 | AR18: =(+AQ18-+AQ17)*48 -> 6240 | AS18: 2465 | AT18: =(+AS18-+AS17)*48 -> 0 | AU18: 939 | AV18: =(+AU18-+AU17)*48 -> 0 | AW18: 3110 | AX18: =(+AW18-+AW17)*48 -> 0 | AY18: 363408 | AZ18: =(+AY18-+AY17)*48 -> 6144 | BA18: 161101 | BB18: =(+BA18-+BA17)*48 -> 0 | BC18: 244755 | BD18: =(+BC18-+BC17)*48 -> 3360 | BE18: 5350 | BF18: =(+BE18-+BE17)*48 -> 0 | BH18: =SUM(E18,J18,P18,H18,L18,R18,T18,V18,X18,N18,AB18,Z18,AD18,AF18,AH18,AL18,AJ18) -> 133305.6 | BI18: =SUM(F18,AN18,AP18,AT18,AV18,AX18,AR18,AZ18,BB18,BD18,BF18) -> 73574.4
A19: =SUM(A18+1) -> 44876 | C19: 7302681 | D19: =(+C19-+C18)*48 -> 111696 | E19: =D19*E5 -> 67017.6 | F19: =D19*F5 -> 44678.4 | G19: 302285 | H19: =(+G19-+G18)*48 -> 2112 | I19: 215735 | J19: =(+I19-+I18)*48 -> 7200 | K19: 275638 | L19: =(+K19-+K18)*48 -> 2640 | M19: 25677 | N19: =(+M19-+M18)*48 -> 96 | O19: 364282 | P19: =(+O19-+O18)*48 -> 9120 | Q19: 490066 | R19: =(+Q19-+Q18)*48 -> 2880 | S19: 787555 | T19: =(+S19-+S18)*48 -> 7488 | U19: 8267 | V19: =(+U19-+U18)*48 -> 912 | W19: 87450 | X19: =(+W19-+W18)*48 -> 864 | Y19: 1530163 | Z19: =(+Y19-+Y18)*48 -> 4800 | AA19: 13886 | AB19: =(+AA19-+AA18)*48 -> 0 | AC19: 523578 | AD19: =(+AC19-+AC18)*48 -> 6336 | AE19: 595316 | AF19: =(+AE19-+AE18)*48 -> 7152 | AG19: 49813 | AH19: =(+AG19-+AG18)*48 -> 0 | AI19: 462912 | AJ19: =(+AI19-+AI18)*48 -> 1920 | AK19: 102770 | AL19: =(+AK19-+AK18)*48 -> 0 | AM19: 629104 | AN19: =(+AM19-+AM18)*48 -> 7008 | AO19: 21311 | AP19: =(+AO19-+AO18)*48 -> 7536 | AQ19: 97857 | AR19: =(+AQ19-+AQ18)*48 -> 6144 | AS19: 2465 | AT19: =(+AS19-+AS18)*48 -> 0 | AU19: 939 | AV19: =(+AU19-+AU18)*48 -> 0 | AW19: 3110 | AX19: =(+AW19-+AW18)*48 -> 0 | AY19: 363428 | AZ19: =(+AY19-+AY18)*48 -> 960 | BA19: 161101 | BB19: =(+BA19-+BA18)*48 -> 0 | BC19: 244816 | BD19: =(+BC19-+BC18)*48 -> 2928 | BE19: 5350 | BF19: =(+BE19-+BE18)*48 -> 0 | BH19: =SUM(E19,J19,P19,H19,L19,R19,T19,V19,X19,N19,AB19,Z19,AD19,AF19,AH19,AL19,AJ19) -> 120537.6 | BI19: =SUM(F19,AN19,AP19,AT19,AV19,AX19,AR19,AZ19,BB19,BD19,BF19) -> 69254.4
A20: =SUM(A19+1) -> 44877 | C20: 7305139 | D20: =(+C20-+C19)*48 -> 117984 | E20: =D20*E5 -> 70790.4 | F20: =D20*F5 -> 47193.6 | G20: 302351 | H20: =(+G20-+G19)*48 -> 3168 | I20: 215891 | J20: =(+I20-+I19)*48 -> 7488 | K20: 275731 | L20: =(+K20-+K19)*48 -> 4464 | M20: 25680 | N20: =(+M20-+M19)*48 -> 144 | O20: 364487 | P20: =(+O20-+O19)*48 -> 9840 | Q20: 490154 | R20: =(+Q20-+Q19)*48 -> 4224 | S20: 787694 | T20: =(+S20-+S19)*48 -> 6672 | U20: 8289 | V20: =(+U20-+U19)*48 -> 1056 | W20: 87463 | X20: =(+W20-+W19)*48 -> 624 | Y20: 1530321 | Z20: =(+Y20-+Y19)*48 -> 7584 | AA20: 13886 | AB20: =(+AA20-+AA19)*48 -> 0 | AC20: 523721 | AD20: =(+AC20-+AC19)*48 -> 6864 | AE20: 595468 | AF20: =(+AE20-+AE19)*48 -> 7296 | AG20: 49813 | AH20: =(+AG20-+AG19)*48 -> 0 | AI20: 463019 | AJ20: =(+AI20-+AI19)*48 -> 5136 | AK20: 102770 | AL20: =(+AK20-+AK19)*48 -> 0 | AM20: 629255 | AN20: =(+AM20-+AM19)*48 -> 7248 | AO20: 21472 | AP20: =(+AO20-+AO19)*48 -> 7728 | AQ20: 97957 | AR20: =(+AQ20-+AQ19)*48 -> 4800 | AS20: 2465 | AT20: =(+AS20-+AS19)*48 -> 0 | AU20: 939 | AV20: =(+AU20-+AU19)*48 -> 0 | AW20: 3110 | AX20: =(+AW20-+AW19)*48 -> 0 | AY20: 363531 | AZ20: =(+AY20-+AY19)*48 -> 4944 | BA20: 161101 | BB20: =(+BA20-+BA19)*48 -> 0 | BC20: 244888 | BD20: =(+BC20-+BC19)*48 -> 3456 | BE20: 5350 | BF20: =(+BE20-+BE19)*48 -> 0 | BH20: =SUM(E20,J20,P20,H20,L20,R20,T20,V20,X20,N20,AB20,Z20,AD20,AF20,AH20,AL20,AJ20) -> 135350.4 | BI20: =SUM(F20,AN20,AP20,AT20,AV20,AX20,AR20,AZ20,BB20,BD20,BF20) -> 75369.6
A21: =SUM(A20+1) -> 44878 | C21: 7307715 | D21: =(+C21-+C20)*48 -> 123648 | E21: =D21*E5 -> 74188.8 | F21: =D21*F5 -> 49459.2 | G21: 302415 | H21: =(+G21-+G20)*48 -> 3072 | I21: 216063 | J21: =(+I21-+I20)*48 -> 8256 | K21: 275817 | L21: =(+K21-+K20)*48 -> 4128 | M21: 25687 | N21: =(+M21-+M20)*48 -> 336 | O21: 364709 | P21: =(+O21-+O20)*48 -> 10656 | Q21: 490251 | R21: =(+Q21-+Q20)*48 -> 4656 | S21: 787853 | T21: =(+S21-+S20)*48 -> 7632 | U21: 8313 | V21: =(+U21-+U20)*48 -> 1152 | W21: 87482 | X21: =(+W21-+W20)*48 -> 912 | Y21: 1530484 | Z21: =(+Y21-+Y20)*48 -> 7824 | AA21: 13886 | AB21: =(+AA21-+AA20)*48 -> 0 | AC21: 523850 | AD21: =(+AC21-+AC20)*48 -> 6192 | AE21: 595628 | AF21: =(+AE21-+AE20)*48 -> 7680 | AG21: 49813 | AH21: =(+AG21-+AG20)*48 -> 0 | AI21: 463135 | AJ21: =(+AI21-+AI20)*48 -> 5568 | AK21: 102770 | AL21: =(+AK21-+AK20)*48 -> 0 | AM21: 629402 | AN21: =(+AM21-+AM20)*48 -> 7056 | AO21: 21626 | AP21: =(+AO21-+AO20)*48 -> 7392 | AQ21: 98053 | AR21: =(+AQ21-+AQ20)*48 -> 4608 | AS21: 2465 | AT21: =(+AS21-+AS20)*48 -> 0 | AU21: 939 | AV21: =(+AU21-+AU20)*48 -> 0 | AW21: 3110 | AX21: =(+AW21-+AW20)*48 -> 0 | AY21: 363629 | AZ21: =(+AY21-+AY20)*48 -> 4704 | BA21: 161101 | BB21: =(+BA21-+BA20)*48 -> 0 | BC21: 244952 | BD21: =(+BC21-+BC20)*48 -> 3072 | BE21: 5350 | BF21: =(+BE21-+BE20)*48 -> 0 | BH21: =SUM(E21,J21,P21,H21,L21,R21,T21,V21,X21,N21,AB21,Z21,AD21,AF21,AH21,AL21,AJ21) -> 142252.8 | BI21: =SUM(F21,AN21,AP21,AT21,AV21,AX21,AR21,AZ21,BB21,BD21,BF21) -> 76291.2
A22: =SUM(A21+1) -> 44879 | C22: 7312424 | D22: =(+C22-+C21)*48 -> 226032 | E22: =D22*E5 -> 135619.2 | F22: =D22*F5 -> 90412.8 | G22: 302464 | H22: =(+G22-+G21)*48 -> 2352 | I22: 216232 | J22: =(+I22-+I21)*48 -> 8112 | K22: 275897 | L22: =(+K22-+K21)*48 -> 3840 | M22: 25692 | N22: =(+M22-+M21)*48 -> 240 | O22: 364918 | P22: =(+O22-+O21)*48 -> 10032 | Q22: 490338 | R22: =(+Q22-+Q21)*48 -> 4176 | S22: 787999 | T22: =(+S22-+S21)*48 -> 7008 | U22: 8336 | V22: =(+U22-+U21)*48 -> 1104 | W22: 87502 | X22: =(+W22-+W21)*48 -> 960 | Y22: 1530557 | Z22: =(+Y22-+Y21)*48 -> 3504 | AA22: 13886 | AB22: =(+AA22-+AA21)*48 -> 0 | AC22: 524030 | AD22: =(+AC22-+AC21)*48 -> 8640 | AE22: 595784 | AF22: =(+AE22-+AE21)*48 -> 7488 | AG22: 49813 | AH22: =(+AG22-+AG21)*48 -> 0 | AI22: 463249 | AJ22: =(+AI22-+AI21)*48 -> 5472 | AK22: 102770 | AL22: =(+AK22-+AK21)*48 -> 0 | AM22: 629560 | AN22: =(+AM22-+AM21)*48 -> 7584 | AO22: 21779 | AP22: =(+AO22-+AO21)*48 -> 7344 | AQ22: 98148 | AR22: =(+AQ22-+AQ21)*48 -> 4560 | AS22: 2465 | AT22: =(+AS22-+AS21)*48 -> 0 | AU22: 939 | AV22: =(+AU22-+AU21)*48 -> 0 | AW22: 3110 | AX22: =(+AW22-+AW21)*48 -> 0 | AY22: 363733 | AZ22: =(+AY22-+AY21)*48 -> 4992 | BA22: 161101 | BB22: =(+BA22-+BA21)*48 -> 0 | BC22: 245019 | BD22: =(+BC22-+BC21)*48 -> 3216 | BE22: 5350 | BF22: =(+BE22-+BE21)*48 -> 0 | BH22: =SUM(E22,J22,P22,H22,L22,R22,T22,V22,X22,N22,AB22,Z22,AD22,AF22,AH22,AL22,AJ22) -> 198547.2 | BI22: =SUM(F22,AN22,AP22,AT22,AV22,AX22,AR22,AZ22,BB22,BD22,BF22) -> 118108.8
A23: =SUM(A22+1) -> 44880 | C23: 7315361 | D23: =(+C23-+C22)*48 -> 140976 | E23: =D23*E5 -> 84585.6 | F23: =D23*F5 -> 56390.4 | G23: 302505 | H23: =(+G23-+G22)*48 -> 1968 | I23: 216408 | J23: =(+I23-+I22)*48 -> 8448 | K23: 275932 | L23: =(+K23-+K22)*48 -> 1680 | M23: 25693 | N23: =(+M23-+M22)*48 -> 48 | O23: 365107 | P23: =(+O23-+O22)*48 -> 9072 | Q23: 490410 | R23: =(+Q23-+Q22)*48 -> 3456 | S23: 788160 | T23: =(+S23-+S22)*48 -> 7728 | U23: 8356 | V23: =(+U23-+U22)*48 -> 960 | W23: 87504 | X23: =(+W23-+W22)*48 -> 96 | Y23: 1530706 | Z23: =(+Y23-+Y22)*48 -> 7152 | AA23: 13886 | AB23: =(+AA23-+AA22)*48 -> 0 | AC23: 524187 | AD23: =(+AC23-+AC22)*48 -> 7536 | AE23: 595945 | AF23: =(+AE23-+AE22)*48 -> 7728 | AG23: 49813 | AH23: =(+AG23-+AG22)*48 -> 0 | AI23: 463346 | AJ23: =(+AI23-+AI22)*48 -> 4656 | AK23: 102770 | AL23: =(+AK23-+AK22)*48 -> 0 | AM23: 629704 | AN23: =(+AM23-+AM22)*48 -> 6912 | AO23: 21948 | AP23: =(+AO23-+AO22)*48 -> 8112 | AQ23: 98283 | AR23: =(+AQ23-+AQ22)*48 -> 6480 | AS23: 2465 | AT23: =(+AS23-+AS22)*48 -> 0 | AU23: 939 | AV23: =(+AU23-+AU22)*48 -> 0 | AW23: 3110 | AX23: =(+AW23-+AW22)*48 -> 0 | AY23: 363835 | AZ23: =(+AY23-+AY22)*48 -> 4896 | BA23: 161101 | BB23: 0 | BC23: 245083 | BD23: =(+BC23-+BC22)*48 -> 3072 | BE23: 5350 | BF23: =(+BE23-+BE22)*48 -> 0 | BH23: =SUM(E23,J23,P23,H23,L23,R23,T23,V23,X23,N23,AB23,Z23,AD23,AF23,AH23,AL23,AJ23) -> 145113.6 | BI23: =SUM(F23,AN23,AP23,AT23,AV23,AX23,AR23,AZ23,BB23,BD23,BF23) -> 85862.4
A24: =SUM(A23+1) -> 44881 | C24: =(C23+C25)/2 -> 7315982 | D24: =(+C24-+C23)*48 -> 29808 | E24: =D24*E5 -> 17884.8 | F24: =D24*F5 -> 11923.2 | G24: 302546 | H24: =(+G24-+G23)*48 -> 1968 | I24: 216576 | J24: =(+I24-+I23)*48 -> 8064 | K24: 275950 | L24: =(+K24-+K23)*48 -> 864 | M24: 25693 | N24: =(+M24-+M23)*48 -> 0 | O24: =(O23+O25)/2 -> 365304 | P24: =(+O24-+O23)*48 -> 9456 | Q24: 490483 | R24: =(+Q24-+Q23)*48 -> 3504 | S24: 788317 | T24: =(+S24-+S23)*48 -> 7536 | U24: 8377 | V24: =(+U24-+U23)*48 -> 1008 | W24: 87523 | X24: =(+W24-+W23)*48 -> 912 | Y24: 1530917 | Z24: =(+Y24-+Y23)*48 -> 10128 | AA24: 13886 | AB24: =(+AA24-+AA23)*48 -> 0 | AC24: 524338 | AD24: =(+AC24-+AC23)*48 -> 7248 | AE24: 596104 | AF24: =(+AE24-+AE23)*48 -> 7632 | AG24: 49813 | AH24: =(+AG24-+AG23)*48 -> 0 | AI24: 463444 | AJ24: =(+AI24-+AI23)*48 -> 4704 | AK24: 102770 | AL24: =(+AK24-+AK23)*48 -> 0 | AM24: 629830 | AN24: =(+AM24-+AM23)*48 -> 6048 | AO24: 22103 | AP24: =(+AO24-+AO23)*48 -> 7440 | AQ24: 98406 | AR24: =(+AQ24-+AQ23)*48 -> 5904 | AS24: 2465 | AT24: =(+AS24-+AS23)*48 -> 0 | AU24: 939 | AV24: =(+AU24-+AU23)*48 -> 0 | AW24: 3110 | AX24: =(+AW24-+AW23)*48 -> 0 | AY24: 363936 | AZ24: =(+AY24-+AY23)*48 -> 4848 | BA24: 161101 | BB24: =(+BA24-+BA23)*48 -> 0 | BC24: 245146 | BD24: =(+BC24-+BC23)*48 -> 3024 | BE24: 5350 | BF24: =(+BE24-+BE23)*48 -> 0 | BH24: =SUM(E24,J24,P24,H24,L24,R24,T24,V24,X24,N24,AB24,Z24,AD24,AF24,AH24,AL24,AJ24) -> 80908.8 | BI24: =SUM(F24,AN24,AP24,AT24,AV24,AX24,AR24,AZ24,BB24,BD24,BF24) -> 39187.2
A25: =SUM(A24+1) -> 44882 | C25: 7316603 | D25: =(+C25-+C24)*48 -> 29808 | E25: =D25*E5 -> 17884.8 | F25: =D25*F5 -> 11923.2 | G25: 302583 | H25: =(+G25-+G24)*48 -> 1776 | I25: 216749 | J25: =(+I25-+I24)*48 -> 8304 | K25: 276014 | L25: =(+K25-+K24)*48 -> 3072 | M25: 25694 | N25: =(+M25-+M24)*48 -> 48 | O25: 365501 | P25: =(+O25-+O24)*48 -> 9456 | Q25: 490557 | R25: =(+Q25-+Q24)*48 -> 3552 | S25: 788498 | T25: =(+S25-+S24)*48 -> 8688 | U25: 8397 | V25: =(+U25-+U24)*48 -> 960 | W25: 87540 | X25: =(+W25-+W24)*48 -> 816 | Y25: 1531139 | Z25: =(+Y25-+Y24)*48 -> 10656 | AA25: 13886 | AB25: =(+AA25-+AA24)*48 -> 0 | AC25: 524494 | AD25: =(+AC25-+AC24)*48 -> 7488 | AE25: 596261 | AF25: =(+AE25-+AE24)*48 -> 7536 | AG25: 49813 | AH25: =(+AG25-+AG24)*48 -> 0 | AI25: 463542 | AJ25: =(+AI25-+AI24)*48 -> 4704 | AK25: 102770 | AL25: =(+AK25-+AK24)*48 -> 0 | AM25: 629975 | AN25: =(+AM25-+AM24)*48 -> 6960 | AO25: 22267 | AP25: =(+AO25-+AO24)*48 -> 7872 | AQ25: 98560 | AR25: =(+AQ25-+AQ24)*48 -> 7392 | AS25: 2465 | AT25: =(+AS25-+AS24)*48 -> 0 | AU25: 939 | AV25: =(+AU25-+AU24)*48 -> 0 | AW25: 3110 | AX25: =(+AW25-+AW24)*48 -> 0 | AY25: 364035 | AZ25: =(+AY25-+AY24)*48 -> 4752 | BA25: 161101 | BB25: =(+BA25-+BA24)*48 -> 0 | BC25: 245213 | BD25: =(+BC25-+BC24)*48 -> 3216 | BE25: 5350 | BF25: =(+BE25-+BE24)*48 -> 0 | BH25: =SUM(E25,J25,P25,H25,L25,R25,T25,V25,X25,N25,AB25,Z25,AD25,AF25,AH25,AL25,AJ25) -> 84940.8 | BI25: =SUM(F25,AN25,AP25,AT25,AV25,AX25,AR25,AZ25,BB25,BD25,BF25) -> 42115.2
A26: =SUM(A25+1) -> 44883 | C26: 7318944 | D26: =(+C26-+C25)*48 -> 112368 | E26: =D26*E5 -> 67420.8 | F26: =D26*F5 -> 44947.2 | G26: 302632 | H26: =(+G26-+G25)*48 -> 2352 | I26: 216932 | J26: =(+I26-+I25)*48 -> 8784 | K26: 276075 | L26: =(+K26-+K25)*48 -> 2928 | M26: 25694 | N26: =(+M26-+M25)*48 -> 0 | O26: 365699 | P26: =(+O26-+O25)*48 -> 9504 | Q26: 490642 | R26: =(+Q26-+Q25)*48 -> 4080 | S26: 788667 | T26: =(+S26-+S25)*48 -> 8112 | U26: 8419 | V26: =(+U26-+U25)*48 -> 1056 | W26: 87554 | X26: =(+W26-+W25)*48 -> 672 | Y26: 1531302 | Z26: =(+Y26-+Y25)*48 -> 7824 | AA26: 13886 | AB26: =(+AA26-+AA25)*48 -> 0 | AC26: 524641 | AD26: =(+AC26-+AC25)*48 -> 7056 | AE26: 596416 | AF26: =(+AE26-+AE25)*48 -> 7440 | AG26: 49813 | AH26: =(+AG26-+AG25)*48 -> 0 | AI26: 463647 | AJ26: =(+AI26-+AI25)*48 -> 5040 | AK26: 102770 | AL26: =(+AK26-+AK25)*48 -> 0 | AM26: 630125 | AN26: =(+AM26-+AM25)*48 -> 7200 | AO26: 22437 | AP26: =(+AO26-+AO25)*48 -> 8160 | AQ26: 98701 | AR26: =(+AQ26-+AQ25)*48 -> 6768 | AS26: 2465 | AT26: =(+AS26-+AS25)*48 -> 0 | AU26: 939 | AV26: =(+AU26-+AU25)*48 -> 0 | AW26: 3110 | AX26: =(+AW26-+AW25)*48 -> 0 | AY26: 364136 | AZ26: =(+AY26-+AY25)*48 -> 4848 | BA26: 161101 | BB26: =(+BA26-+BA25)*48 -> 0 | BC26: 245278 | BD26: =(+BC26-+BC25)*48 -> 3120 | BE26: 5350 | BF26: =(+BE26-+BE25)*48 -> 0 | BH26: =SUM(E26,J26,P26,H26,L26,R26,T26,V26,X26,N26,AB26,Z26,AD26,AF26,AH26,AL26,AJ26) -> 132268.8 | BI26: =SUM(F26,AN26,AP26,AT26,AV26,AX26,AR26,AZ26,BB26,BD26,BF26) -> 75043.2
A27: =SUM(A26+1) -> 44884 | C27: 7321294 | D27: =(+C27-+C26)*48 -> 112800 | E27: =D27*E5 -> 67680 | F27: =D27*F5 -> 45120 | G27: 302686 | H27: =(+G27-+G26)*48 -> 2592 | I27: 217097 | J27: =(+I27-+I26)*48 -> 7920 | K27: 276150 | L27: =(+K27-+K26)*48 -> 3600 | M27: 25697 | N27: =(+M27-+M26)*48 -> 144 | O27: 365902 | P27: =(+O27-+O26)*48 -> 9744 | Q27: 490723 | R27: =(+Q27-+Q26)*48 -> 3888 | S27: 788820 | T27: =(+S27-+S26)*48 -> 7344 | U27: 8443.019 | V27: =(+U27-+U26)*48 -> 1152.912 | W27: 87569 | X27: =(+W27-+W26)*48 -> 720 | Y27: 1531472 | Z27: =(+Y27-+Y26)*48 -> 8160 | AA27: 13886 | AB27: =(+AA27-+AA26)*48 -> 0 | AC27: 524794 | AD27: =(+AC27-+AC26)*48 -> 7344 | AE27: 596571 | AF27: =(+AE27-+AE26)*48 -> 7440 | AG27: 49813 | AH27: =(+AG27-+AG26)*48 -> 0 | AI27: 463751 | AJ27: =(+AI27-+AI26)*48 -> 4992 | AK27: 102770 | AL27: =(+AK27-+AK26)*48 -> 0 | AM27: 630273 | AN27: =(+AM27-+AM26)*48 -> 7104 | AO27: 22601 | AP27: =(+AO27-+AO26)*48 -> 7872 | AQ27: 98793 | AR27: =(+AQ27-+AQ26)*48 -> 4416 | AS27: 2465 | AT27: =(+AS27-+AS26)*48 -> 0 | AU27: 939 | AV27: =(+AU27-+AU26)*48 -> 0 | AW27: 3110 | AX27: =(+AW27-+AW26)*48 -> 0 | AY27: 364238 | AZ27: =(+AY27-+AY26)*48 -> 4896 | BA27: 161101 | BB27: =(+BA27-+BA26)*48 -> 0 | BC27: 245348 | BD27: =(+BC27-+BC26)*48 -> 3360 | BE27: 5350 | BF27: =(+BE27-+BE26)*48 -> 0 | BH27: =SUM(E27,J27,P27,H27,L27,R27,T27,V27,X27,N27,AB27,Z27,AD27,AF27,AH27,AL27,AJ27) -> 132720.91 | BI27: =SUM(F27,AN27,AP27,AT27,AV27,AX27,AR27,AZ27,BB27,BD27,BF27) -> 72768
A28: =SUM(A27+1) -> 44885 | C28: 7323813 | D28: =(+C28-+C27)*48 -> 120912 | E28: =D28*E5 -> 72547.2 | F28: =D28*F5 -> 48364.8 | G28: 302749 | H28: =(+G28-+G27)*48 -> 3024 | I28: 217271 | J28: =(+I28-+I27)*48 -> 8352 | K28: 276255 | L28: =(+K28-+K27)*48 -> 5040 | M28: 25697 | N28: =(+M28-+M27)*48 -> 0 | O28: 366119 | P28: =(+O28-+O27)*48 -> 10416 | Q28: 490805 | R28: =(+Q28-+Q27)*48 -> 3936 | S28: 788975 | T28: =(+S28-+S27)*48 -> 7440 | U28: 8455.361 | V28: =(+U28-+U27)*48 -> 592.416 | W28: 87588 | X28: =(+W28-+W27)*48 -> 912 | Y28: 1531594 | Z28: =(+Y28-+Y27)*48 -> 5856 | AA28: 13886 | AB28: =(+AA28-+AA27)*48 -> 0 | AC28: 524937 | AD28: =(+AC28-+AC27)*48 -> 6864 | AE28: 596723 | AF28: =(+AE28-+AE27)*48 -> 7296 | AG28: 49813 | AH28: =(+AG28-+AG27)*48 -> 0 | AI28: 463856 | AJ28: =(+AI28-+AI27)*48 -> 5040 | AK28: 102770 | AL28: =(+AK28-+AK27)*48 -> 0 | AM28: 630398 | AN28: =(+AM28-+AM27)*48 -> 6000 | AO28: 22768 | AP28: =(+AO28-+AO27)*48 -> 8016 | AQ28: 98894 | AR28: =(+AQ28-+AQ27)*48 -> 4848 | AS28: 2465 | AT28: =(+AS28-+AS27)*48 -> 0 | AU28: 939 | AV28: =(+AU28-+AU27)*48 -> 0 | AW28: 3110 | AX28: =(+AW28-+AW27)*48 -> 0 | AY28: 364340 | AZ28: =(+AY28-+AY27)*48 -> 4896 | BA28: 161101 | BB28: =(+BA28-+BA27)*48 -> 0 | BC28: 245414 | BD28: =(+BC28-+BC27)*48 -> 3168 | BE28: 5350 | BF28: =(+BE28-+BE27)*48 -> 0 | BH28: =SUM(E28,J28,P28,H28,L28,R28,T28,V28,X28,N28,AB28,Z28,AD28,AF28,AH28,AL28,AJ28) -> 137315.62 | BI28: =SUM(F28,AN28,AP28,AT28,AV28,AX28,AR28,AZ28,BB28,BD28,BF28) -> 75292.8
A29: =SUM(A28+1) -> 44886 | C29: 7326236 | D29: =(+C29-+C28)*48 -> 116304 | E29: =D29*E5 -> 69782.4 | F29: =D29*F5 -> 46521.6 | G29: 302796 | H29: =(+G29-+G28)*48 -> 2256 | I29: 217441 | J29: =(+I29-+I28)*48 -> 8160 | K29: 276337 | L29: =(+K29-+K28)*48 -> 3936 | M29: 25697 | N29: =(+M29-+M28)*48 -> 0 | O29: 366338 | P29: =(+O29-+O28)*48 -> 10512 | Q29: 490871 | R29: =(+Q29-+Q28)*48 -> 3168 | S29: 789100 | T29: =(+S29-+S28)*48 -> 6000 | U29: 8488.51 | V29: =(+U29-+U28)*48 -> 1591.152 | W29: 87604 | X29: =(+W29-+W28)*48 -> 768 | Y29: 1531722 | Z29: =(+Y29-+Y28)*48 -> 6144 | AA29: 13886 | AB29: =(+AA29-+AA28)*48 -> 0 | AC29: 525081 | AD29: =(+AC29-+AC28)*48 -> 6912 | AE29: 596885 | AF29: =(+AE29-+AE28)*48 -> 7776 | AG29: 49813 | AH29: =(+AG29-+AG28)*48 -> 0 | AI29: 463856 | AJ29: =(+AI29-+AI28)*48 -> 0 | AK29: 102770 | AL29: =(+AK29-+AK28)*48 -> 0 | AM29: 630508 | AN29: =(+AM29-+AM28)*48 -> 5280 | AO29: 22904 | AP29: =(+AO29-+AO28)*48 -> 6528 | AQ29: 98975 | AR29: =(+AQ29-+AQ28)*48 -> 3888 | AS29: 2465 | AT29: =(+AS29-+AS28)*48 -> 0 | AU29: 939 | AV29: =(+AU29-+AU28)*48 -> 0 | AW29: 3110 | AX29: =(+AW29-+AW28)*48 -> 0 | AY29: 364435 | AZ29: =(+AY29-+AY28)*48 -> 4560 | BA29: 161101 | BB29: =(+BA29-+BA28)*48 -> 0 | BC29: 245477 | BD29: =(+BC29-+BC28)*48 -> 3024 | BE29: 5350 | BF29: =(+BE29-+BE28)*48 -> 0 | BH29: =SUM(E29,J29,P29,H29,L29,R29,T29,V29,X29,N29,AB29,Z29,AD29,AF29,AH29,AL29,AJ29) -> 127005.55 | BI29: =SUM(F29,AN29,AP29,AT29,AV29,AX29,AR29,AZ29,BB29,BD29,BF29) -> 69801.6
A30: =SUM(A29+1) -> 44887 | C30: 7328551 | D30: =(+C30-+C29)*48 -> 111120 | E30: =D30*E5 -> 66672 | F30: =D30*F5 -> 44448 | G30: 302832 | H30: =(+G30-+G29)*48 -> 1728 | I30: 217613 | J30: =(+I30-+I29)*48 -> 8256 | K30: 276397 | L30: =(+K30-+K29)*48 -> 2880 | M30: 25697 | N30: =(+M30-+M29)*48 -> 0 | O30: 366525 | P30: =(+O30-+O29)*48 -> 8976 | Q30: 490944 | R30: =(+Q30-+Q29)*48 -> 3504 | S30: 789249 | T30: =(+S30-+S29)*48 -> 7152 | U30: 8509.317 | V30: =(+U30-+U29)*48 -> 998.736 | W30: 87605 | X30: =(+W30-+W29)*48 -> 48 | Y30: 1531973 | Z30: =(+Y30-+Y29)*48 -> 12048 | AA30: 13886 | AB30: =(+AA30-+AA29)*48 -> 0 | AC30: 525199 | AD30: =(+AC30-+AC29)*48 -> 5664 | AE30: 596981 | AF30: =(+AE30-+AE29)*48 -> 4608 | AG30: 49813 | AH30: =(+AG30-+AG29)*48 -> 0 | AI30: 464072 | AJ30: =(+AI30-+AI29)*48 -> 10368 | AK30: 102770 | AL30: =(+AK30-+AK29)*48 -> 0 | AM30: 630623 | AN30: =(+AM30-+AM29)*48 -> 5520 | AO30: 23015 | AP30: =(+AO30-+AO29)*48 -> 5328 | AQ30: 99132 | AR30: =(+AQ30-+AQ29)*48 -> 7536 | AS30: 2465 | AT30: =(+AS30-+AS29)*48 -> 0 | AU30: 939 | AV30: =(+AU30-+AU29)*48 -> 0 | AW30: 3110 | AX30: =(+AW30-+AW29)*48 -> 0 | AY30: 364537 | AZ30: =(+AY30-+AY29)*48 -> 4896 | BA30: 161101 | BB30: =(+BA30-+BA29)*48 -> 0 | BC30: 245541 | BD30: =(+BC30-+BC29)*48 -> 3072 | BE30: 5350 | BF30: =(+BE30-+BE29)*48 -> 0 | BH30: =SUM(E30,J30,P30,H30,L30,R30,T30,V30,X30,N30,AB30,Z30,AD30,AF30,AH30,AL30,AJ30) -> 132902.74 | BI30: =SUM(F30,AN30,AP30,AT30,AV30,AX30,AR30,AZ30,BB30,BD30,BF30) -> 70800
A31: =SUM(A30+1) -> 44888 | C31: 7330575 | D31: =(+C31-+C30)*48 -> 97152 | E31: =D31*E5 -> 58291.2 | F31: =D31*F5 -> 38860.8 | G31: 302868 | H31: =(+G31-+G30)*48 -> 1728 | I31: 217779 | J31: =(+I31-+I30)*48 -> 7968 | K31: 276438 | L31: =(+K31-+K30)*48 -> 1968 | M31: 25697 | N31: =(+M31-+M30)*48 -> 0 | O31: 366713 | P31: =(+O31-+O30)*48 -> 9024 | Q31: 491022 | R31: =(+Q31-+Q30)*48 -> 3744 | S31: 789372 | T31: =(+S31-+S30)*48 -> 5904 | U31: 8529.069 | V31: =(+U31-+U30)*48 -> 948.096 | W31: 87625 | X31: =(+W31-+W30)*48 -> 960 | Y31: 1532211 | Z31: =(+Y31-+Y30)*48 -> 11424 | AA31: 13886 | AB31: =(+AA31-+AA30)*48 -> 0 | AC31: 525278 | AD31: =(+AC31-+AC30)*48 -> 3792 | AE31: 597038 | AF31: =(+AE31-+AE30)*48 -> 2736 | AG31: 49813 | AH31: =(+AG31-+AG30)*48 -> 0 | AI31: 464173 | AJ31: =(+AI31-+AI30)*48 -> 4848 | AK31: 102770 | AL31: =(+AK31-+AK30)*48 -> 0 | AM31: 630750 | AN31: =(+AM31-+AM30)*48 -> 6096 | AO31: 23165 | AP31: =(+AO31-+AO30)*48 -> 7200 | AQ31: 99269 | AR31: =(+AQ31-+AQ30)*48 -> 6576 | AS31: 2465 | AT31: =(+AS31-+AS30)*48 -> 0 | AU31: 939 | AV31: =(+AU31-+AU30)*48 -> 0 | AW31: 3110 | AX31: =(+AW31-+AW30)*48 -> 0 | AY31: 364646 | AZ31: =(+AY31-+AY30)*48 -> 5232 | BA31: 161101 | BB31: =(+BA31-+BA30)*48 -> 0 | BC31: 245608 | BD31: =(+BC31-+BC30)*48 -> 3216 | BE31: 5350 | BF31: =(+BE31-+BE30)*48 -> 0 | BH31: =SUM(E31,J31,P31,H31,L31,R31,T31,V31,X31,N31,AB31,Z31,AD31,AF31,AH31,AL31,AJ31) -> 113335.3 | BI31: =SUM(F31,AN31,AP31,AT31,AV31,AX31,AR31,AZ31,BB31,BD31,BF31) -> 67180.8
A32: =SUM(A31+1) -> 44889 | C32: 7332849 | D32: =(+C32-+C31)*48 -> 109152 | E32: =D32*E5 -> 65491.2 | F32: =D32*F5 -> 43660.8 | G32: 302906 | H32: =(+G32-+G31)*48 -> 1824 | I32: 217951 | J32: =(+I32-+I31)*48 -> 8256 | K32: 276491 | L32: =(+K32-+K31)*48 -> 2544 | M32: 25704 | N32: =(+M32-+M31)*48 -> 336 | O32: 366898 | P32: =(+O32-+O31)*48 -> 8880 | Q32: 491129 | R32: =(+Q32-+Q31)*48 -> 5136 | S32: 789512 | T32: =(+S32-+S31)*48 -> 6720 | U32: 8547 | V32: =(+U32-+U31)*48 -> 860.688 | W32: 87645 | X32: =(+W32-+W31)*48 -> 960 | Y32: 1532402 | Z32: =(+Y32-+Y31)*48 -> 9168 | AA32: 13886 | AB32: =(+AA32-+AA31)*48 -> 0 | AC32: 525352 | AD32: =(+AC32-+AC31)*48 -> 3552 | AE32: 597093 | AF32: =(+AE32-+AE31)*48 -> 2640 | AG32: 49813 | AH32: =(+AG32-+AG31)*48 -> 0 | AI32: 464279 | AJ32: =(+AI32-+AI31)*48 -> 5088 | AK32: 102770 | AL32: =(+AK32-+AK31)*48 -> 0 | AM32: 630850 | AN32: =(+AM32-+AM31)*48 -> 4800 | AO32: 23337 | AP32: =(+AO32-+AO31)*48 -> 8256 | AQ32: 99494 | AR32: =(+AQ32-+AQ31)*48 -> 10800 | AS32: 2465 | AT32: =(+AS32-+AS31)*48 -> 0 | AU32: 939 | AV32: =(+AU32-+AU31)*48 -> 0 | AW32: 3110 | AX32: =(+AW32-+AW31)*48 -> 0 | AY32: 364744 | AZ32: =(+AY32-+AY31)*48 -> 4704 | BA32: 161101 | BB32: =(+BA32-+BA31)*48 -> 0 | BC32: 245667 | BD32: =(+BC32-+BC31)*48 -> 2832 | BE32: 5350 | BF32: =(+BE32-+BE31)*48 -> 0 | BH32: =SUM(E32,J32,P32,H32,L32,R32,T32,V32,X32,N32,AB32,Z32,AD32,AF32,AH32,AL32,AJ32) -> 121455.89 | BI32: =SUM(F32,AN32,AP32,AT32,AV32,AX32,AR32,AZ32,BB32,BD32,BF32) -> 75052.8
A33: =SUM(A32+1) -> 44890 | C33: 7335130 | D33: =(+C33-+C32)*48 -> 109488 | E33: =D33*E5 -> 65692.8 | F33: =D33*F5 -> 43795.2 | G33: 302948 | H33: =(+G33-+G32)*48 -> 2016 | I33: 218121 | J33: =(+I33-+I32)*48 -> 8160 | K33: 276564 | L33: =(+K33-+K32)*48 -> 3504 | M33: 25712 | N33: =(+M33-+M32)*48 -> 384 | O33: 367121 | P33: =(+O33-+O32)*48 -> 10704 | Q33: 491206 | R33: =(+Q33-+Q32)*48 -> 3696 | S33: 789614 | T33: =(+S33-+S32)*48 -> 4896 | U33: 8564 | V33: =(+U33-+U32)*48 -> 816 | W33: 87663 | X33: =(+W33-+W32)*48 -> 864 | Y33: 1532685 | Z33: =(+Y33-+Y32)*48 -> 13584 | AA33: 13886 | AB33: =(+AA33-+AA32)*48 -> 0 | AC33: 525449 | AD33: =(+AC33-+AC32)*48 -> 4656 | AE33: 597156 | AF33: =(+AE33-+AE32)*48 -> 3024 | AG33: 49813 | AH33: =(+AG33-+AG32)*48 -> 0 | AI33: 464338 | AJ33: =(+AI33-+AI32)*48 -> 2832 | AK33: 102770 | AL33: =(+AK33-+AK32)*48 -> 0 | AM33: 630907 | AN33: =(+AM33-+AM32)*48 -> 2736 | AO33: 23517 | AP33: =(+AO33-+AO32)*48 -> 8640 | AQ33: 99697 | AR33: =(+AQ33-+AQ32)*48 -> 9744 | AS33: 2465 | AT33: =(+AS33-+AS32)*48 -> 0 | AU33: 939 | AV33: =(+AU33-+AU32)*48 -> 0 | AW33: 3110 | AX33: =(+AW33-+AW32)*48 -> 0 | AY33: 364849 | AZ33: =(+AY33-+AY32)*48 -> 5040 | BA33: 161101 | BB33: =(+BA33-+BA32)*48 -> 0 | BC33: 245736 | BD33: =(+BC33-+BC32)*48 -> 3312 | BE33: 5350 | BF33: =(+BE33-+BE32)*48 -> 0 | BH33: =SUM(E33,J33,P33,H33,L33,R33,T33,V33,X33,N33,AB33,Z33,AD33,AF33,AH33,AL33,AJ33) -> 124828.8 | BI33: =SUM(F33,AN33,AP33,AT33,AV33,AX33,AR33,AZ33,BB33,BD33,BF33) -> 73267.2
A34: =SUM(A33+1) -> 44891 | C34: 7337547 | D34: =(+C34-+C33)*48 -> 116016 | E34: =D34*E5 -> 69609.6 | F34: =D34*F5 -> 46406.4 | G34: 303008 | H34: =(+G34-+G33)*48 -> 2880 | I34: 218292 | J34: =(+I34-+I33)*48 -> 8208 | K34: 276621 | L34: =(+K34-+K33)*48 -> 2736 | M34: 25716 | N34: =(+M34-+M33)*48 -> 192 | O34: 367333 | P34: =(+O34-+O33)*48 -> 10176 | Q34: 491310 | R34: =(+Q34-+Q33)*48 -> 4992 | S34: 789784 | T34: =(+S34-+S33)*48 -> 8160 | U34: 8585.604 | V34: =(+U34-+U33)*48 -> 1036.992 | W34: 87674 | X34: =(+W34-+W33)*48 -> 528 | Y34: 1532897 | Z34: =(+Y34-+Y33)*48 -> 10176 | AA34: 13886 | AB34: =(+AA34-+AA33)*48 -> 0 | AC34: 525543 | AD34: =(+AC34-+AC33)*48 -> 4512 | AE34: 597218 | AF34: =(+AE34-+AE33)*48 -> 2976 | AG34: 49813 | AH34: =(+AG34-+AG33)*48 -> 0 | AI34: 464503 | AJ34: =(+AI34-+AI33)*48 -> 7920 | AK34: 102770 | AL34: =(+AK34-+AK33)*48 -> 0 | AM34: 630961 | AN34: =(+AM34-+AM33)*48 -> 2592 | AO34: 23667 | AP34: =(+AO34-+AO33)*48 -> 7200 | AQ34: 99805 | AR34: =(+AQ34-+AQ33)*48 -> 5184 | AS34: 2465 | AT34: =(+AS34-+AS33)*48 -> 0 | AU34: 939 | AV34: =(+AU34-+AU33)*48 -> 0 | AW34: 3110 | AX34: 0 | AY34: 364952 | AZ34: =(+AY34-+AY33)*48 -> 4944 | BA34: 161101 | BB34: =(+BA34-+BA33)*48 -> 0 | BC34: 245803 | BD34: =(+BC34-+BC33)*48 -> 3216 | BE34: 5350 | BF34: =(+BE34-+BE33)*48 -> 0 | BH34: =SUM(E34,J34,P34,H34,L34,R34,T34,V34,X34,N34,AB34,Z34,AD34,AF34,AH34,AL34,AJ34) -> 134102.59 | BI34: =SUM(F34,AN34,AP34,AT34,AV34,AX34,AR34,AZ34,BB34,BD34,BF34) -> 69542.4
A35: =SUM(A34+1) -> 44892 | C35: 7340022 | D35: =(+C35-+C34)*48 -> 118800 | E35: =D35*E5 -> 71280 | F35: =D35*F5 -> 47520 | G35: 303083 | H35: =(+G35-+G34)*48 -> 3600 | I35: 218416 | J35: =(+I35-+I34)*48 -> 5952 | K35: 276729 | L35: =(+K35-+K34)*48 -> 5184 | M35: 25718 | N35: =(+M35-+M34)*48 -> 96 | O35: 367545 | P35: =(+O35-+O34)*48 -> 10176 | Q35: 491408 | R35: =(+Q35-+Q34)*48 -> 4704 | S35: 789915 | T35: =(+S35-+S34)*48 -> 6288 | U35: 8608.618 | V35: =(+U35-+U34)*48 -> 1104.672 | W35: 87679 | X35: =(+W35-+W34)*48 -> 240 | Y35: 1533056 | Z35: =(+Y35-+Y34)*48 -> 7632 | AA35: 13886 | AB35: =(+AA35-+AA34)*48 -> 0 | AC35: 525637 | AD35: =(+AC35-+AC34)*48 -> 4512 | AE35: 597276 | AF35: =(+AE35-+AE34)*48 -> 2784 | AG35: 49813 | AH35: =(+AG35-+AG34)*48 -> 0 | AI35: 464616 | AJ35: =(+AI35-+AI34)*48 -> 5424 | AK35: 102770 | AL35: =(+AK35-+AK34)*48 -> 0 | AM35: 631015 | AN35: =(+AM35-+AM34)*48 -> 2592 | AO35: 23803 | AP35: =(+AO35-+AO34)*48 -> 6528 | AQ35: 99921 | AR35: =(+AQ35-+AQ34)*48 -> 5568 | AS35: 2465 | AT35: =(+AS35-+AS34)*48 -> 0 | AU35: 939 | AV35: =(+AU35-+AU34)*48 -> 0 | AW35: 3110 | AX35: 0 | AY35: 365058 | AZ35: =(+AY35-+AY34)*48 -> 5088 | BA35: 161101 | BB35: =(+BA35-+BA34)*48 -> 0 | BC35: 245871 | BD35: =(+BC35-+BC34)*48 -> 3264 | BE35: 5350 | BF35: =(+BE35-+BE34)*48 -> 0 | BH35: =SUM(E35,J35,P35,H35,L35,R35,T35,V35,X35,N35,AB35,Z35,AD35,AF35,AH35,AL35,AJ35) -> 128976.67 | BI35: =SUM(F35,AN35,AP35,AT35,AV35,AX35,AR35,AZ35,BB35,BD35,BF35) -> 70560
A36: =SUM(A35+1) -> 44893 | C36: 7342495 | D36: =(+C36-+C35)*48 -> 118704 | E36: =D36*E5 -> 71222.4 | F36: =D36*F5 -> 47481.6 | G36: 303146 | H36: =(+G36-+G35)*48 -> 3024 | I36: 218642 | J36: =(+I36-+I35)*48 -> 10848 | K36: 276818 | L36: =(+K36-+K35)*48 -> 4272 | M36: 25723 | N36: =(+M36-+M35)*48 -> 240 | O36: 367766 | P36: =(+O36-+O35)*48 -> 10608 | Q36: 491508 | R36: =(+Q36-+Q35)*48 -> 4800 | S36: 790084 | T36: =(+S36-+S35)*48 -> 8112 | U36: 8628.731 | V36: =(+U36-+U35)*48 -> 965.424 | W36: 87709 | X36: =(+W36-+W35)*48 -> 1440 | Y36: 1533279 | Z36: =(+Y36-+Y35)*48 -> 10704 | AA36: 13886 | AB36: =(+AA36-+AA35)*48 -> 0 | AC36: 525723 | AD36: =(+AC36-+AC35)*48 -> 4128 | AE36: 597336 | AF36: =(+AE36-+AE35)*48 -> 2880 | AG36: 49813 | AH36: =(+AG36-+AG35)*48 -> 0 | AI36: 464734 | AJ36: =(+AI36-+AI35)*48 -> 5664 | AK36: 102770 | AL36: =(+AK36-+AK35)*48 -> 0 | AM36: 631067 | AN36: =(+AM36-+AM35)*48 -> 2496 | AO36: 23940 | AP36: =(+AO36-+AO35)*48 -> 6576 | AQ36: 100012 | AR36: =(+AQ36-+AQ35)*48 -> 4368 | AS36: 2465 | AT36: =(+AS36-+AS35)*48 -> 0 | AU36: 939 | AV36: =(+AU36-+AU35)*48 -> 0 | AW36: 3110 | AX36: =(+AW36-+AW35)*48 -> 0 | AY36: 365160 | AZ36: =(+AY36-+AY35)*48 -> 4896 | BA36: 161101 | BB36: =(+BA36-+BA35)*48 -> 0 | BC36: 245935 | BD36: =(+BC36-+BC35)*48 -> 3072 | BE36: 5350 | BF36: =(+BE36-+BE35)*48 -> 0 | BH36: =SUM(E36,J36,P36,H36,L36,R36,T36,V36,X36,N36,AB36,Z36,AD36,AF36,AH36,AL36,AJ36) -> 138907.82 | BI36: =SUM(F36,AN36,AP36,AT36,AV36,AX36,AR36,AZ36,BB36,BD36,BF36) -> 68889.6
A37: =SUM(A36+1) -> 44894 | C37: 7345119 | D37: =(+C37-+C36)*48 -> 125952 | E37: =D37*E5 -> 75571.2 | F37: =D37*F5 -> 50380.8 | G37: 303199 | H37: =(+G37-+G36)*48 -> 2544 | I37: 218820 | J37: =(+I37-+I36)*48 -> 8544 | K37: 276899 | L37: =(+K37-+K36)*48 -> 3888 | M37: 25725 | N37: =(+M37-+M36)*48 -> 96 | O37: 367940 | P37: =(+O37-+O36)*48 -> 8352 | Q37: 491589 | R37: =(+Q37-+Q36)*48 -> 3888 | S37: 790252 | T37: =(+S37-+S36)*48 -> 8064 | U37: 8651.866 | V37: =(+U37-+U36)*48 -> 1110.48 | W37: 87709 | X37: =(+W37-+W36)*48 -> 0 | Y37: 1533368 | Z37: =(+Y37-+Y36)*48 -> 4272 | AA37: 13886 | AB37: =(+AA37-+AA36)*48 -> 0 | AC37: 525808 | AD37: =(+AC37-+AC36)*48 -> 4080 | AE37: 597418 | AF37: =(+AE37-+AE36)*48 -> 3936 | AG37: 49813 | AH37: =(+AG37-+AG36)*48 -> 0 | AI37: 464848 | AJ37: =(+AI37-+AI36)*48 -> 5472 | AK37: 102770 | AL37: =(+AK37-+AK36)*48 -> 0 | AM37: 631124 | AN37: =(+AM37-+AM36)*48 -> 2736 | AO37: 24072 | AP37: =(+AO37-+AO36)*48 -> 6336 | AQ37: 100096 | AR37: =(+AQ37-+AQ36)*48 -> 4032 | AS37: 2465 | AT37: =(+AS37-+AS36)*48 -> 0 | AU37: 939 | AV37: =(+AU37-+AU36)*48 -> 0 | AW37: 3110 | AX37: =(+AW37-+AW36)*48 -> 0 | AY37: 365258 | AZ37: =(+AY37-+AY36)*48 -> 4704 | BA37: 161101 | BB37: =(+BA37-+BA36)*48 -> 0 | BC37: 246004 | BD37: =(+BC37-+BC36)*48 -> 3312 | BE37: 5350 | BF37: =(+BE37-+BE36)*48 -> 0 | BH37: =SUM(E37,J37,P37,H37,L37,R37,T37,V37,X37,N37,AB37,Z37,AD37,AF37,AH37,AL37,AJ37) -> 129817.68 | BI37: =SUM(F37,AN37,AP37,AT37,AV37,AX37,AR37,AZ37,BB37,BD37,BF37) -> 71500.8
A38: =SUM(A37+1) -> 44895 | C38: 7347555 | D38: =(+C38-+C37)*48 -> 116928 | E38: =D38*E5 -> 70156.8 | F38: =D38*F5 -> 46771.2 | G38: 303240 | H38: =(+G38-+G37)*48 -> 1968 | I38: 218990 | J38: =(+I38-+I37)*48 -> 8160 | K38: 276941 | L38: =(+K38-+K37)*48 -> 2016 | M38: 25731 | N38: =(+M38-+M37)*48 -> 288 | O38: 368135 | P38: =(+O38-+O37)*48 -> 9360 | Q38: 491673 | R38: =(+Q38-+Q37)*48 -> 4032 | S38: 790448 | T38: =(+S38-+S37)*48 -> 9408 | U38: 8673.401 | V38: =(+U38-+U37)*48 -> 1033.68 | W38: 87726 | X38: =(+W38-+W37)*48 -> 816 | Y38: 1533466 | Z38: =(+Y38-+Y37)*48 -> 4704 | AA38: 13886 | AB38: =(+AA38-+AA37)*48 -> 0 | AC38: 525953 | AD38: =(+AC38-+AC37)*48 -> 6960 | AE38: 597581 | AF38: =(+AE38-+AE37)*48 -> 7824 | AG38: 49813 | AH38: =(+AG38-+AG37)*48 -> 0 | AI38: 464956 | AJ38: =(+AI38-+AI37)*48 -> 5184 | AK38: 102770 | AL38: =(+AK38-+AK37)*48 -> 0 | AM38: 631230 | AN38: =(+AM38-+AM37)*48 -> 5088 | AO38: 24218 | AP38: =(+AO38-+AO37)*48 -> 7008 | AQ38: 100168 | AR38: =(+AQ38-+AQ37)*48 -> 3456 | AS38: 2465 | AT38: =(+AS38-+AS37)*48 -> 0 | AU38: 939 | AV38: =(+AU38-+AU37)*48 -> 0 | AW38: 3110 | AX38: =(+AW38-+AW37)*48 -> 0 | AY38: 365369 | AZ38: =(+AY38-+AY37)*48 -> 5328 | BA38: 161101 | BB38: =(+BA38-+BA37)*48 -> 0 | BC38: 246072 | BD38: =(+BC38-+BC37)*48 -> 3264 | BE38: 5350 | BF38: =(+BE38-+BE37)*48 -> 0 | BH38: =SUM(E38,J38,P38,H38,L38,R38,T38,V38,X38,N38,AB38,Z38,AD38,AF38,AH38,AL38,AJ38) -> 131910.48 | BI38: =SUM(F38,AN38,AP38,AT38,AV38,AX38,AR38,AZ38,BB38,BD38,BF38) -> 70915.2

Sheet Submetering EL
B1: MA1 E1E2 | D1: MA1 E1E2 | F1: MA1 E1E2 | H1: MA1 E1 E2 | L1: MA1 E3 E4 | N1: MA1 E3 E4 | P1: MA1 E3 E4 | R1: MA1 E3 E4 | T1: MA2 | V1: MA2 | X1: MA2 | Z1: MA2 | AD1: MA2 | AF1: MA2 | AH1: MA3 1-2 | AJ1: MA3 1-2 | AL1: MA3 1-2 | AN1: MA3 1-2 | AP1: MA3 1-2 | AR1: MA3 1-2 | AT1: MA3 1-2 | AX1: MA3 1-2 | AZ1: MA3 1-2 | BB1: MA3 1-2 | BD1: MA3 2-2 | BF1: MA3 2-2 | BH1: MA3 2-2 | BJ1: MA3 2-2 | BL1: MA3 2-2 | BN1: MA3 2-2 | BP1: MA3 2-2 | BR1: MA3 2-2 | BT1: MA3 2-2 | BV1: MA3 2-2 | BX1: MA3 2-2 | BZ1: MA4-1 | CB1: MA4-1 | CD1: MA4-1 | CF1: MA4-1 | CH1: MA4-3 | CJ1: MA4-3 | CL1: MA4-3 | CN1: MA5 | CP1: MA5 | CR1: MA5 | CT1: MA5 | CV1: MA5 | CX1: MA5 | CZ1: MA5 | DB1: MA5 | DD1: MA5 | DF1: MA5 | DH1: MA5 | DJ1: MA5 | DL1: SA1 1-2 | DN1: SA1 1-2 | DP1: SA1 1-2 | DR1: SA1 1-2 | DT1: SA1 1-2 | DV1: SA1 1-2 | DX1: SA1 2-2 | DZ1: SA1 2-2 | EB1: SA1 2-2 | ED1: SA1 2-2 | EF1: SA1 2-2 | EH1: SA1 2-2 | EJ1: SA1 2-2 | EL1: SB1 | EN1: SB1 | EP1: SB1 | ER1: SB2 SHT-1 | ET1: SB2 SHT-1 | EV1: SB2 SHT-1 | EX1: SB2 SHT-3 | EZ1: SB2 SHT-4 | FB1: SB2 SHT-4 | FD1: SB2 SHT-4 | FF1: SB5 | FH1: SB5 | FJ1: SB5 | FL1: SB5
B2: Main Meter | D2: Sub- meter | F2: Main Meter | H2: Sub- meter | J2: Sub- meter | L2: Main Meter | N2: Main Meter | P2: Sub- meter | R2: Sub- meter | T2: Main Meter | V2: Sub- meter | X2: Sub- meter | Z2: Sub- meter | AB2: Sub- meter | AD2: Main Meter | AF2: Sub- meter | AH2: Sub- meter | AJ2: Sub- meter | AL2: Sub- meter | AN2: Sub- meter | AP2: Sub- meter | AR2: Sub- meter | AT2: Sub- meter | AV2: Sub- meter | AX2: Sub- meter | AZ2: Sub- meter | BB2: Sub- meter | BD2: Main Meter | BF2: Main meter | BH2: Sub- meter | BJ2: Sub- meter | BL2: Sub- meter | BN2: Sub- meter | BP2: Sub- meter | BR2: Sub- meter | BT2: Sub- meter | BV2: Sub- meter | BX2: Sub- meter | BZ2: Main Meter | CB2: Main Meter | CD2: Main Meter | CF2: Main Meter | CH2: Sub- meter | CJ2: Sub- meter | CL2: Sub- meter | CN2: Main Meter | CP2: Sub- meter | CR2: Sub- meter | CT2: Sub- meter | CV2: Sub- meter | CX2: Sub- meter | CZ2: Sub- meter | DB2: Main Meter | DD2: Sub- meter | DF2: Sub- meter | DH2: Sub- meter | DJ2: Sub- meter | DL2: Sub- meter | DN2: Sub- meter | DP2: Sub- meter | DR2: Sub- meter | DT2: Sub- meter | DV2: Sub- meter | DX2: Sub- meter | DZ2: Sub- meter | EB2: Sub- meter | ED2: Sub- meter | EF2: Sub- meter | EH2: Sub- meter | EJ2: Sub- meter | EL2: Sub- meter | EN2: Sub- meter | EP2: Sub- meter | ER2: Sub- meter | ET2: Sub- meter | EV2: Sub- meter | EX2: Sub- meter | EZ2: Sub- meter | FB2: Sub- meter | FD2: Sub- meter | FF2: Sub- meter | FH2: Sub- meter | FJ2: Sub- meter | FL2: Sub- meter
B3: FSP | D3: PODIUM | H3: PODIUM | J3: PODIUM | P3: PODIUM | R3: PODIUM | V3: Podium | X3: Podium | Z3: Podium | AB3: Podium | AF3: Podium | AH3: PODIUM | AJ3: PODIUM | AL3: PODIUM | AN3: PODIUM | AP3: PODIUM | AR3: PODIUM | AT3: PODIUM | AV3: PODIUM | AX3: PODIUM | AZ3: PODIUM | BB3: PODIUM | BH3: PODIUM | BJ3: PODIUM | BL3: PODIUM | BN3: PODIUM | BP3: PODIUM | BR3: PODIUM | BT3: PODIUM | BV3: PODIUM | BX3: PODIUM | BZ3: FSH & FSP | CB3: FSH & FSP | CD3: FSH & FSP | CH3: FSP | CJ3: FSP | CL3: PODIUM | CP3: PODIUM | CR3: PODIUM | CT3: PODIUM | CV3: PODIUM | CX3: PODIUM | CZ3: PODIUM | DB3: PODIUM | DD3: PODIUM | DF3: PODIUM | DH3: PODIUM | DJ3: PODIUM | DL3: FSH | DN3: FSH | DP3: FSH | DR3: FSH | DT3: FSH | DV3: HOTEL | DX3: FSH | DZ3: Podium | EB3: FSH | ED3: FSH | EF3: FSH | EH3: FSH | EJ3: FSH | EL3: FSP | EN3: FSP | EP3: FSP | ER3: FSP | ET3: FSP | EV3: FSP | EX3: FSP | EZ3: FSP | FB3: FSP | FD3: FSP | FF3: FSP | FH3: FSP | FJ3: FSP | FL3: PODIUM
B4: Electricity | D4: Electricity | H4: Electricity | J4: Plumbing | P4: HVAC | R4: HVAC | V4: HVAC | X4: HVAC | Z4: HVAC | AB4: HVAC | AF4: HVAC | AH4: HVAC | AJ4: Electricity | AL4: Electricity | AN4: Electricity | AP4: Plumbing | AR4: Electricity | AT4: Electricity | AV4: Electricity | AX4: HVAC | AZ4: Electricity | BB4: Electricity | BH4: Plumbing | BJ4: HVAC | BL4: Electricity | BN4: Electricity | BP4: Electricity | BR4: Electricity | BT4: Electricity | BV4: Electricity | BX4: Electricity | BZ4: HVAC | CB4: HVAC | CD4: HVAC | CF4: Electricity | CH4: Electricity | CJ4: Electricity | CL4: Electricity | CP4: Plumbing | CR4: LAUNDRY EQUIPMENT | CT4: Plumbing | CV4: HVAC | CX4: Electricity | CZ4: Electricity | DD4: Plumbing | DF4: HVAC | DH4: HVAC | DJ4: Plumbing | DL4: Electricity | DN4: Electricity | DP4: Electricity | DR4: Electricity | DT4: HVAC | DV4: HVAC | DX4: Lift | DZ4: Lighting | EB4: Lift | ED4: Electricity | EF4: Electricity | EH4: HVAC | EJ4: HVAC | EL4: Electricity | EN4: Electricity | EP4: Electricity | ER4: Electricity | ET4: Electricity | EV4: Electricity | EX4: Electricity | EZ4: HVAC | FB4: Electricity | FD4: Electricity | FF4: Lift | FH4: Electricity | FJ4: Lift | FL4: Electricity
B5: SHT normal power for Guest rooms supply (25/F-57/F). | D5: Dimmer | F5: SHT Essential Power for Public Power supply, F.S. Pump (9/F, 57/F & 39/F), Podium F.S. pump(P1M), Lift LT/S1-LT/S7(LM/F), Lift LT/S8-S9(59/F) and Lift LT/S10(8/F). | H5: DIMMER | J5: P5 SWIMMING POOL PLANT | L5: SHT normal power for Guest rooms supply (25/F-57/F). | N5: SHT normal power for MVAC System(8/F & 40/F), Public supply (8-R/F), P&D system(40/F & 60/F), swimming pool(57/F), SWB 3&4(40/F) | P5: DUCT HEAT | R5: DUCT HEAT | T5: HOT Normal and Essential power for linen chute(9/F-45/F), HOT water pump at 8/F, Podium dimmer supply(P1-P6), MVAC system(B1/F-B2/F), Bus station BPTT supply. | V5: Podium FAF | X5: PODIUM AHU / PAU | Z5: EAF / FAF | AB5: DUCT HEAT | AD5: HOT Normal Power for Guest rooms supply (9/F-45/F), MVAC system (2/F & 46/F), P&D system(46/F) Podium MVAC system (P1/F-P6/F) | AF5: AHU / PAU | AH5: EAF | AJ5: P1/F Lounge, P2/F GBR, P3/F STW, P4/F HVBR | AL5: DIMMER | AN5: P1 LOUNGE, P4 HVBE KITCHEN | AP5: SUMP, KITCHEN PUMP | AR5: P5 PANTRY | AT5: Kitchen public supply (B1/F, P1/F Lounge, P2/F GBR, P3/F STW, P4/F HVBR) | AV5: P6 CAPRICE KITCHEN | AX5: DUCT HEAT | AZ5: DIMMER | BB5: SPA | BD5: Podium normal power for Administration office(P5/F & P6/F), P&D system supply(B2/F), Planter lighting supply(Open Space), Kitchen public supply(B1/F, P1/F, P2/F, P3/F, P4/F & P6/F), BMS room supply(B1/F), Security room supply(G/F), Computer & PABX room | BF5: Podium normal power supply for Public supply(P1/F - P6/F), Kitchen(B1/F, P1/F, P2/F, P3/F, P4/F & P6/F), P&D system supply(B1/F), Refuse room supply(G/F), Gas boiler supply(B2/F) and MVAC system supply(P1/F-P6/F). | BH5: PUMP | BJ5: AHU | BL5: L&P | BN5: P2 GBR KIT, P3 STW | BP5: B1 MAIN KITCHEN | BR5: P1 - P6 L&P | BT5: P6 CAPRICE | BV5: P4 LKH KITCHEN | BX5: P1 - P6 L&P | BZ5: Chiller # 3 (FSH 50%, FSP 50%) | CB5: Chiller # 4 (FSH 50%, FSP 50%) | CD5: Chiller # 5 (FSH 50%, FSP 50%) | CF5: SHT normal power for Guest rooms supply (11/F-23/F). | CH5: SHT normal power for Guest rooms supply (12/F-23/F) L&P | CJ5: SHT normal power for Guest rooms supply (12/F-23/F) L&P | CL5: DIMMER P5 | CN5: P5 Pool Plant, Laundry (hotel 70%,Place 30%), 9/F - 28/F public area, 29/F 46/F Public area Podium normal power supply for water feature(G/F), Chiller WCC-01(B2/F)(FSH 50%, FSP 50%) | CP5: P5 SWIMMING POOL | CR5: LAUNDRY EQUIPMENT | CT5: FEATURE A, B, C | CV5: CHILLER | CX5: PUBLIC AREA 9/F - 28/F L&P | CZ5: PUBLIC AREA 29/F - 43/F L&P | DB5: Podium normal power supply for main P&D system supply(B1/F), MVAC chilled water pump(B1/F) Chiller WCC-02(B2/F) (FSH 50%, FSP 50%) | DD5: Podium normal power supply for main P&D system supply(B1/F), | DF5: MVAC chilled water pump(B1/F) | DH5: Chiller WCC-02(B2/F) (FSH 50%, FSP 50%) | DJ5: Podium normal power supply for main P&D system supply(B1/F), | DL5: 9/F - 27/F GUEST ROOM L&P | DN5: 9/F - 27/F GUEST ROOM L&P | DP5: 28/F - 45/F GUEST ROOM L&P | DR5: 28/F - 45/F GUEST ROOM L&P | DT5: AHU / PAU | DV5: PAU | DX5: L201, 202, 203, 204 | DZ5: DIMMER | EB5: L205, 206, 207 | ED5: HOTEL ESSENTIAL L & P | EF5: PANTRY | EH5: DUCT HEAT | EJ5: HXWP | EL5: 47/F - 56/F GUEST ROOM L&P | EN5: 35/F - 46/F GUEST ROOM L&P | EP5: 25/F - 33/F GUEST ROOM L&P | ER5: 47/F - 57/F & 60/F GUEST ROOM L&P | ET5: 35/F - 46/F GUEST ROOM L&P | EV5: 25/F - 33/F GUEST ROOM L&P | EX5: Essential Power for 8/F - 35/F GUEST ROOM | EZ5: HXWP | FB5: Normal Public supply (8-37/F) L&P | FD5: Normal Public supply (38-59/F) L&P | FF5: L212, 213, 214, 215, 216, 217 | FH5: Essential Power for 38/F - 59/F GUEST ROOM | FJ5: L219, 220 | FL5: P5 CANTEEN & P6 POOL KITCHEN POWER
B6: 5065544 | F6: 5065541 | L6: 5065542 | N6: 5065540 | T6: 5065546 | AD6: 5065547 | BD6: 5065548 | BF6: 5465545 | BZ6: 5018351 | CB6: 5018354 | CD6: 5018350 | CF6: 5065543 | CN6: 5008272 | DB6: 5008273
B7: TXE1 | D7: TXE1 | F7: TXE2 | H7: TXE3 | J7: TXE3 | L7: TXE3 | N7: TXE4 | P7: TXE4 | R7: TXE4 | T7: TXW1 | V7: TXW1 | X7: TXW1 | Z7: TXW1 | AB7: TXW1 | AD7: TXW4 | AF7: TXW4 | AH7: TXC2 | AJ7: TXC2 | AL7: TXC2 | AN7: TXC2 | AP7: TXC2 | AR7: TXC2 | AT7: TXC2 | AV7: TXC2 | AX7: TXC2 | AZ7: TXC2 | BB7: TXC2 | BD7: TXC2 | BF7: TXC1 | BH7: TXC1 | BJ7: TXC1 | BL7: TXC1 | BN7: TXC1 | BP7: TXC1 | BR7: TXC1 | BT7: TXC1 | BV7: TXC1 | BX7: TXC1 | BZ7: TXN1 | CB7: TXN2 | CD7: TXN3 | CF7: TXN4 | CH7: TXN4 | CJ7: TXN4 | CL7: TXN4 | CN7: TXW2 | CP7: TXW2 | CR7: TXW2 | CT7: TXW2 | CV7: TXW2 | CX7: TXW2 | CZ7: TXW2 | DB7: TXW3 | DD7: TXW3 | DF7: TXW3 | DH7: TXW3 | DJ7: TXW3 | DL7: TXW4 | DN7: TXW4 | DP7: TXW4 | DR7: TXW4 | DT7: TXW4 | DV7: TXW4 | DX7: TXW1 | DZ7: TXW1 | EB7: TXW1 | ED7: TXW1 | EF7: TXW1 | EH7: TXW1 | EJ7: TXW1 | EL7: TXE3 | EN7: TXE3 | EP7: TXE3 | ER7: TXE1 | ET7: TXE1 | EV7: TXE1 | EX7: TXE2 | EZ7: TXE4 | FB7: TXE4 | FD7: TXE4 | FF7: TXE2 | FH7: TXE2 | FJ7: TXE2 | FL7: TXE2
D8: M1C2 | H8: M1C4 | J8: M1C12 | P8: M1C8 | R8: M1C7 | V8: M2C3 | X8: M2C13 | Z8: M2C5 | AB8: M2C14 | AF8: M2C4 | AH8: M3C14 | AJ8: M3C15 | AL8: M3C16 | AN8: M3C37 | AP8: M3C9 | AR8: M3C7 | AT8: M3C5 | AV8: M3C40 | AX8: M3C28 | AZ8: M3C42 | BB8: M3C44 | BH8: M3C34 | BJ8: M3C46 | BL8: M3C41 | BN8: M3C56 | BP8: M3C39 | BR8: M3C47 | BT8: M3C59 | BV8: M3C58 | BX8: M3C55 | CH8: M4C1 | CJ8: M4C2 | CL8: M4C7 | CP8: M5C11 | CR8: M5C1 | CT8: M5C2 | CV8: M5B1 | CX8: M5C9 | CZ8: M5C10 | DD8: M5C14 | DF8: M5C3 | DH8: M5B2 | DJ8: M5C4 | DL8: H1C18 | DN8: H1C19 | DP8: H1C20 | DR8: H1C21 | DT8: H1C14 | DV8: H1C17 | DX8: H1C5 | DZ8: H1C27 | EB8: H1C6 | ED8: H1C7 | EF8: H1C9 | EH8: H1C10 | EJ8: H1C22 | EL8: S1C1 | EN8: S1C2 | EP8: S1C3 | ER8: S2C21 | ET8: S2C22 | EV8: S2C23 | EX8: S2C12 | EZ8: S2C8 | FB8: S2C10 | FD8: S2C11 | FF8: S5C1 | FH8: S5C8 | FJ8: S5C2 | FL8: M1C11
A9: Date | B9: Reading Kwh | C9: Differecne Kwh | D9: Reading Kwh | E9: Differecne Kwh | F9: Reading Kwh | G9: Differecne Kwh | H9: Reading Kwh | I9: Differecne Kwh | J9: Reading Kwh | K9: Differecne Kwh | L9: Reading Kwh | M9: Differecne Kwh | N9: Reading Kwh | O9: Differecne Kwh | P9: Reading Kwh | Q9: Differecne Kwh | R9: Reading Kwh | S9: Differecne Kwh | T9: Reading Kwh | U9: Differecne Kwh | V9: Reading Kwh | W9: Differecne Kwh | X9: Reading Kwh | Y9: Differecne Kwh | Z9: Reading Kwh | AA9: Differecne Kwh | AB9: Reading Kwh | AC9: Differecne Kwh | AD9: Reading Kwh | AE9: Differecne Kwh | AF9: Reading Kwh | AG9: Differecne Kwh | AH9: Reading Kwh | AI9: Differecne Kwh | AJ9: Reading Kwh | AK9: Differecne Kwh | AL9: Reading Kwh | AM9: Differecne Kwh | AN9: Reading Kwh | AO9: Differecne Kwh | AP9: Reading Kwh | AQ9: Differecne Kwh | AR9: Reading Kwh | AS9: Differecne Kwh | AT9: Reading Kwh | AU9: Differecne Kwh | AV9: Reading Kwh | AW9: Differecne Kwh | AX9: Reading Kwh | AY9: Differecne Kwh | AZ9: Reading Kwh | BA9: Differecne Kwh | BB9: Reading Kwh | BC9: Differecne Kwh | BD9: Reading Kwh | BE9: Differecne Kwh | BF9: Reading Kwh | BG9: Differecne Kwh | BH9: Reading Kwh | BI9: Differecne Kwh | BJ9: Reading Kwh | BK9: Differecne Kwh | BL9: Reading Kwh | BM9: Differecne Kwh | BN9: Reading Kwh | BO9: Differecne Kwh | BP9: Reading Kwh | BQ9: Differecne Kwh | BR9: Reading Kwh | BS9: Differecne Kwh | BT9: Reading Kwh | BU9: Differecne Kwh | BV9: Reading Kwh | BW9: Differecne Kwh | BX9: Reading Kwh | BY9: Differecne Kwh | BZ9: Reading Kwh | CA9: Differecne Kwh | CB9: Reading Kwh | CC9: Differecne Kwh | CD9: Reading Kwh | CE9: Differecne Kwh | CF9: Reading Kwh | CG9: Differecne Kwh | CH9: Reading Kwh | CI9: Differecne Kwh | CJ9: Reading Kwh | CK9: Differecne Kwh | CL9: Reading Kwh | CM9: Differecne Kwh | CN9: Reading Kwh | CO9: Differecne Kwh | CP9: Reading Kwh | CQ9: Differecne Kwh | CR9: Reading Kwh | CS9: Differecne Kwh | CT9: Reading Kwh | CU9: Differecne Kwh | CV9: Reading Kwh | CW9: Differecne Kwh | CX9: Reading Kwh | CY9: Differecne Kwh | CZ9: Reading Kwh | DA9: Differecne Kwh | DB9: Reading Kwh | DC9: Differecne Kwh | DD9: Reading Kwh | DE9: Differecne Kwh | DF9: Reading Kwh | DG9: Differecne Kwh | DH9: Reading Kwh | DI9: Differecne Kwh | DJ9: Reading Kwh | DK9: Differecne Kwh | DL9: Reading Kwh | DM9: Differecne Kwh | DN9: Reading Kwh | DO9: Differecne Kwh | DP9: Reading Kwh | DQ9: Differecne Kwh | DR9: Reading Kwh | DS9: Differecne Kwh | DT9: Reading Kwh | DU9: Differecne Kwh | DV9: Reading Kwh | DW9: Differecne Kwh | DX9: Reading Kwh | DY9: Differecne Kwh | DZ9: Reading Kwh | EA9: Differecne Kwh | EB9: Reading Kwh | EC9: Differecne Kwh | ED9: Reading Kwh | EE9: Differecne Kwh | EF9: Reading Kwh | EG9: Differecne Kwh | EH9: Reading Kwh | EI9: Differecne Kwh | EJ9: Reading Kwh | EK9: Differecne Kwh | EL9: Reading Kwh | EM9: Differecne Kwh | EN9: Reading Kwh | EO9: Differecne Kwh | EP9: Reading Kwh | EQ9: Differecne Kwh | ER9: Reading Kwh | ES9: Differecne Kwh | ET9: Reading Kwh | EU9: Differecne Kwh | EV9: Reading Kwh | EW9: Differecne Kwh | EX9: Reading Kwh | EY9: Differecne Kwh | EZ9: Reading Kwh | FA9: Differecne Kwh | FB9: Reading Kwh | FC9: Differecne Kwh | FD9: Reading Kwh | FE9: Differecne Kwh | FF9: Reading Kwh | FG9: Differecne Kwh | FH9: Reading Kwh | FI9: Differecne Kwh | FJ9: Reading Kwh | FK9: Differecne Kwh | FL9: Reading Kwh | FM9: Differecne Kwh
A10: 1 | C10: =B10-#REF! -> #REF! | E10: =D10-#REF! -> #REF! | G10: =F10-#REF! -> #REF! | I10: =H10-#REF! -> #REF! | K10: =J10-#REF! -> #REF! | M10: =L10-#REF! -> #REF! | O10: =N10-#REF! -> #REF! | Q10: =P10-#REF! -> #REF! | S10: =R10-#REF! -> #REF! | U10: =T10-#REF! -> #REF! | W10: =V10-#REF! -> #REF! | Y10: =X10-#REF! -> #REF! | AA10: =Z10-#REF! -> #REF! | AC10: =AB10-#REF! -> #REF! | AE10: =AD10-#REF! -> #REF! | AG10: =AF10-#REF! -> #REF! | AI10: =AH10-#REF! -> #REF! | AK10: =AJ10-#REF! -> #REF! | AM10: =AL10-#REF! -> #REF! | AO10: =AN10-#REF! -> #REF! | AQ10: =AP10-#REF! -> #REF! | AS10: =AR10-#REF! -> #REF! | AU10: =AT10-#REF! -> #REF! | AW10: =AV10-#REF! -> #REF! | AY10: =AX10-#REF! -> #REF! | BA10: =AZ10-#REF! -> #REF! | BC10: =BB10-#REF! -> #REF! | BE10: =BD10-#REF! -> #REF! | BG10: =BF10-#REF! -> #REF! | BI10: =BH10-#REF! -> #REF! | BK10: =BJ10-#REF! -> #REF! | BM10: =BL10-#REF! -> #REF! | BO10: =BN10-#REF! -> #REF! | BQ10: =BP10-#REF! -> #REF! | BS10: =BR10-#REF! -> #REF! | BU10: =BT10-#REF! -> #REF! | BW10: =BV10-#REF! -> #REF! | BY10: =BX10-#REF! -> #REF! | CA10: =BZ10-#REF! -> #REF! | CC10: =CB10-#REF! -> #REF! | CE10: =CD10-#REF! -> #REF! | CG10: =CF10-#REF! -> #REF! | CI10: =CH10-#REF! -> #REF! | CK10: =CJ10-#REF! -> #REF! | CM10: =CL10-#REF! -> #REF! | CO10: =CN10-#REF! -> #REF! | CQ10: =CP10-#REF! -> #REF! | CS10: =CR10-#REF! -> #REF! | CU10: =CT10-#REF! -> #REF! | CW10: =CV10-#REF! -> #REF! | CY10: =CX10-#REF! -> #REF! | DA10: =CZ10-#REF! -> #REF! | DC10: =DB10-#REF! -> #REF! | DE10: =DD10-#REF! -> #REF! | DG10: =DF10-#REF! -> #REF! | DI10: =DH10-#REF! -> #REF! | DK10: =DJ10-#REF! -> #REF! | DM10: =DL10-#REF! -> #REF! | DO10: =DN10-#REF! -> #REF! | DQ10: =DP10-#REF! -> #REF! | DS10: =DR10-#REF! -> #REF! | DU10: =DT10-#REF! -> #REF! | DW10: =DV10-#REF! -> #REF! | DY10: =DX10-#REF! -> #REF! | EA10: =DZ10-#REF! -> #REF! | EC10: =EB10-#REF! -> #REF! | EE10: =ED10-#REF! -> #REF! | EG10: =EF10-#REF! -> #REF! | EI10: =EH10-#REF! -> #REF! | EK10: =EJ10-#REF! -> #REF! | EM10: =EL10-#REF! -> #REF! | EO10: =EN10-#REF! -> #REF! | EQ10: =EP10-#REF! -> #REF! | ES10: =ER10-#REF! -> #REF! | EU10: =ET10-#REF! -> #REF! | EW10: =EV10-#REF! -> #REF! | EY10: =EX10-#REF! -> #REF! | FA10: =EZ10-#REF! -> #REF! | FC10: =FB10-#REF! -> #REF! | FE10: =FD10-#REF! -> #REF! | FG10: =FF10-#REF! -> #REF! | FI10: =FH10-#REF! -> #REF! | FK10: =FJ10-#REF! -> #REF! | FM10: =FL10-#REF! -> #REF!
A11: 2 | C11: =B11-B10 -> 0 | E11: =D11-D10 -> 0 | G11: =F11-F10 -> 0 | I11: =H11-H10 -> 0 | K11: =J11-J10 -> 0 | M11: =L11-L10 -> 0 | O11: =N11-N10 -> 0 | Q11: =P11-P10 -> 0 | S11: =R11-R10 -> 0 | U11: =T11-T10 -> 0 | W11: =V11-V10 -> 0 | Y11: =X11-X10 -> 0 | AA11: =Z11-Z10 -> 0 | AC11: =AB11-AB10 -> 0 | AE11: =AD11-AD10 -> 0 | AG11: =AF11-AF10 -> 0 | AI11: =AH11-AH10 -> 0 | AK11: =AJ11-AJ10 -> 0 | AM11: =AL11-AL10 -> 0 | AO11: =AN11-AN10 -> 0 | AQ11: =AP11-AP10 -> 0 | AS11: =AR11-AR10 -> 0 | AU11: =AT11-AT10 -> 0 | AW11: =AV11-AV10 -> 0 | AY11: =AX11-AX10 -> 0 | BA11: =AZ11-AZ10 -> 0 | BC11: =BB11-BB10 -> 0 | BE11: =BD11-BD10 -> 0 | BG11: =BF11-BF10 -> 0 | BI11: =BH11-BH10 -> 0 | BK11: =BJ11-BJ10 -> 0 | BM11: =BL11-BL10 -> 0 | BO11: =BN11-BN10 -> 0 | BQ11: =BP11-BP10 -> 0 | BS11: =BR11-BR10 -> 0 | BU11: =BT11-BT10 -> 0 | BW11: =BV11-BV10 -> 0 | BY11: =BX11-BX10 -> 0 | CA11: =BZ11-BZ10 -> 0 | CC11: =CB11-CB10 -> 0 | CE11: =CD11-CD10 -> 0 | CG11: =CF11-CF10 -> 0 | CI11: =CH11-CH10 -> 0 | CK11: =CJ11-CJ10 -> 0 | CM11: =CL11-CL10 -> 0 | CO11: =CN11-CN10 -> 0 | CQ11: =CP11-CP10 -> 0 | CS11: =CR11-CR10 -> 0 | CU11: =CT11-CT10 -> 0 | CW11: =CV11-CV10 -> 0 | CY11: =CX11-CX10 -> 0 | DA11: =CZ11-CZ10 -> 0 | DC11: =DB11-DB10 -> 0 | DE11: =DD11-DD10 -> 0 | DG11: =DF11-DF10 -> 0 | DI11: =DH11-DH10 -> 0 | DK11: =DJ11-DJ10 -> 0 | DM11: =DL11-DL10 -> 0 | DO11: =DN11-DN10 -> 0 | DQ11: =DP11-DP10 -> 0 | DS11: =DR11-DR10 -> 0 | DU11: =DT11-DT10 -> 0 | DW11: =DV11-DV10 -> 0 | DY11: =DX11-DX10 -> 0 | EA11: =DZ11-DZ10 -> 0 | EC11: =EB11-EB10 -> 0 | EE11: =ED11-ED10 -> 0 | EG11: =EF11-EF10 -> 0 | EI11: =EH11-EH10 -> 0 | EK11: =EJ11-EJ10 -> 0 | EM11: =EL11-EL10 -> 0 | EO11: =EN11-EN10 -> 0 | EQ11: =EP11-EP10 -> 0 | ES11: =ER11-ER10 -> 0 | EU11: =ET11-ET10 -> 0 | EW11: =EV11-EV10 -> 0 | EY11: =EX11-EX10 -> 0 | FA11: =EZ11-EZ10 -> 0 | FC11: =FB11-FB10 -> 0 | FE11: =FD11-FD10 -> 0 | FG11: =FF11-FF10 -> 0 | FI11: =FH11-FH10 -> 0 | FK11: =FJ11-FJ10 -> 0 | FM11: =FL11-FL10 -> 0
A12: 3 | C12: =B12-B11 -> 0 | E12: =D12-D11 -> 0 | G12: =F12-F11 -> 0 | I12: =H12-H11 -> 0 | K12: =J12-J11 -> 0 | M12: =L12-L11 -> 0 | O12: =N12-N11 -> 0 | Q12: =P12-P11 -> 0 | S12: =R12-R11 -> 0 | U12: =T12-T11 -> 0 | W12: =V12-V11 -> 0 | Y12: =X12-X11 -> 0 | AA12: =Z12-Z11 -> 0 | AC12: =AB12-AB11 -> 0 | AE12: =AD12-AD11 -> 0 | AG12: =AF12-AF11 -> 0 | AI12: =AH12-AH11 -> 0 | AK12: =AJ12-AJ11 -> 0 | AM12: =AL12-AL11 -> 0 | AO12: =AN12-AN11 -> 0 | AQ12: =AP12-AP11 -> 0 | AS12: =AR12-AR11 -> 0 | AU12: =AT12-AT11 -> 0 | AW12: =AV12-AV11 -> 0 | AY12: =AX12-AX11 -> 0 | BA12: =AZ12-AZ11 -> 0 | BC12: =BB12-BB11 -> 0 | BE12: =BD12-BD11 -> 0 | BG12: =BF12-BF11 -> 0 | BI12: =BH12-BH11 -> 0 | BK12: =BJ12-BJ11 -> 0 | BM12: =BL12-BL11 -> 0 | BO12: =BN12-BN11 -> 0 | BQ12: =BP12-BP11 -> 0 | BS12: =BR12-BR11 -> 0 | BU12: =BT12-BT11 -> 0 | BW12: =BV12-BV11 -> 0 | BY12: =BX12-BX11 -> 0 | CA12: =BZ12-BZ11 -> 0 | CC12: =CB12-CB11 -> 0 | CE12: =CD12-CD11 -> 0 | CG12: =CF12-CF11 -> 0 | CI12: =CH12-CH11 -> 0 | CK12: =CJ12-CJ11 -> 0 | CM12: =CL12-CL11 -> 0 | CO12: =CN12-CN11 -> 0 | CQ12: =CP12-CP11 -> 0 | CS12: =CR12-CR11 -> 0 | CU12: =CT12-CT11 -> 0 | CW12: =CV12-CV11 -> 0 | CY12: =CX12-CX11 -> 0 | DA12: =CZ12-CZ11 -> 0 | DC12: =DB12-DB11 -> 0 | DE12: =DD12-DD11 -> 0 | DG12: =DF12-DF11 -> 0 | DI12: =DH12-DH11 -> 0 | DK12: =DJ12-DJ11 -> 0 | DM12: =DL12-DL11 -> 0 | DO12: =DN12-DN11 -> 0 | DQ12: =DP12-DP11 -> 0 | DS12: =DR12-DR11 -> 0 | DU12: =DT12-DT11 -> 0 | DW12: =DV12-DV11 -> 0 | DY12: =DX12-DX11 -> 0 | EA12: =DZ12-DZ11 -> 0 | EC12: =EB12-EB11 -> 0 | EE12: =ED12-ED11 -> 0 | EG12: =EF12-EF11 -> 0 | EI12: =EH12-EH11 -> 0 | EK12: =EJ12-EJ11 -> 0 | EM12: =EL12-EL11 -> 0 | EO12: =EN12-EN11 -> 0 | EQ12: =EP12-EP11 -> 0 | ES12: =ER12-ER11 -> 0 | EU12: =ET12-ET11 -> 0 | EW12: =EV12-EV11 -> 0 | EY12: =EX12-EX11 -> 0 | FA12: =EZ12-EZ11 -> 0 | FC12: =FB12-FB11 -> 0 | FE12: =FD12-FD11 -> 0 | FG12: =FF12-FF11 -> 0 | FI12: =FH12-FH11 -> 0 | FK12: =FJ12-FJ11 -> 0 | FM12: =FL12-FL11 -> 0
A13: 44164 | B13: 20719855 | D13: 2309755 | F13: 27577495 | H13: 5741702 | L13: 21644715 | N13: 72690276 | P13: 24085 | R13: 4854 | T13: 31534519 | V13: 1620706 | X13: 1869285 | Z13: 3493683 | AD13: 54750061 | AF13: 9928605 | AH13: 1543241 | AJ13: 1765766 | AL13: 4840746 | AN13: 5145375 | AR13: 1135906 | AT13: 3136598 | AX13: 573215 | AZ13: 2362536 | BB13: 4682420 | BD13: 41633661 | BF13: 58903580 | BH13: 433909 | BJ13: 11237838 | BL13: 1588628 | BN13: 2339737 | BP13: 10670942 | BR13: 2621720 | BT13: 13055589 | BV13: 10240858 | BX13: 1576928 | BZ13: 19903655 | CB13: 17452477 | CD13: 18093826 | CF13: 14090713 | CH13: 4292685 | CJ13: 4768410 | CL13: 2715833 | CN13: 69366836 | CP13: 4457006 | CR13: 5179924 | CT13: 3051686 | CV13: 41462423 | CX13: 6339859 | CZ13: 6298254 | DB13: 56595458 | DD13: 1995363 | DF13: 21900574 | DH13: 32287102 | DL13: 985449 | DN13: 1051789 | DP13: 1174546 | DR13: 1158600 | DT13: 956607 | DV13: 1315647 | DX13: 805043 | DZ13: 1442 | EB13: 381210 | ED13: 879695 | EF13: 426017 | EH13: 2598 | EJ13: 973497 | EL13: 3483419 | EN13: 3855441 | EP13: 4206509 | ER13: 5316340 | ET13: 4357712 | EV13: 4493549 | EX13: 8795651 | EZ13: 8690877 | FB13: 8658550 | FD13: 8162796 | FF13: 5142248 | FH13: 3343928 | FJ13: 1568349
A14: 44165 | B14: 20721836 | C14: =B14-B13 -> 1981 | D14: 2309934 | E14: =D14-D13 -> 179 | F14: 27580882 | G14: =F14-F13 -> 3387 | H14: 5742206 | I14: =H14-H13 -> 504 | L14: 21646540 | M14: =L14-L13 -> 1825 | N14: 72699262 | O14: =N14-N13 -> 8986 | P14: 24090 | Q14: =P14-P13 -> 5 | R14: 4854 | S14: =R14-R13 -> 0 | T14: 31538109 | U14: =T14-T13 -> 3590 | V14: 1620934 | W14: =V14-V13 -> 228 | X14: 1869521 | Y14: =X14-X13 -> 236 | Z14: 3494265 | AA14: =Z14-Z13 -> 582 | AD14: 54756556 | AE14: =AD14-AD13 -> 6495 | AF14: 9929997 | AG14: =AF14-AF13 -> 1392 | AH14: 1543431 | AI14: =AH14-AH13 -> 190 | AJ14: 1765974 | AK14: =AJ14-AJ13 -> 208 | AL14: 4841269 | AM14: =AL14-AL13 -> 523 | AN14: 5146274 | AO14: =AN14-AN13 -> 899 | AR14: 1135906 | AS14: =AR14-AR13 -> 0 | AT14: 3137092 | AU14: =AT14-AT13 -> 494 | AX14: 573402 | AY14: =AX14-AX13 -> 187 | AZ14: 2362593 | BA14: =AZ14-AZ13 -> 57 | BB14: 4683144 | BC14: =BB14-BB13 -> 724 | BD14: 41639527 | BE14: =BD14-BD13 -> 5866 | BF14: 58912618 | BG14: =BF14-BF13 -> 9038 | BH14: 434043 | BI14: =BH14-BH13 -> 134 | BJ14: 11239630 | BK14: =BJ14-BJ13 -> 1792 | BL14: 1589038 | BM14: =BL14-BL13 -> 410 | BN14: 2339842 | BO14: =BN14-BN13 -> 105 | BP14: 10672733 | BQ14: =BP14-BP13 -> 1791 | BR14: 2621932 | BS14: =BR14-BR13 -> 212 | BT14: 13057528 | BU14: =BT14-BT13 -> 1939 | BV14: 10242441 | BW14: =BV14-BV13 -> 1583 | BX14: 1577142 | BY14: =BX14-BX13 -> 214 | BZ14: 19903655 | CA14: =BZ14-BZ13 -> 0 | CB14: 17452478 | CC14: =CB14-CB13 -> 1 | CD14: 18101553 | CE14: =CD14-CD13 -> 7727 | CF14: 14091707 | CG14: =CF14-CF13 -> 994 | CH14: 4293115 | CI14: =CH14-CH13 -> 430 | CJ14: 4768822 | CK14: =CJ14-CJ13 -> 412 | CL14: 2715988 | CM14: =CL14-CL13 -> 155 | CN14: 69370016 | CO14: =CN14-CN13 -> 3180 | CP14: 4457539 | CQ14: =CP14-CP13 -> 533 | CR14: 5180109 | CS14: =CR14-CR13 -> 185 | CT14: 3051937 | CU14: =CT14-CT13 -> 251 | CV14: 41462554 | CW14: =CV14-CV13 -> 131 | CX14: 6340430 | CY14: =CX14-CX13 -> 571 | CZ14: 6298996 | DA14: =CZ14-CZ13 -> 742 | DB14: 56599903 | DC14: =DB14-DB13 -> 4445 | DD14: 1995869 | DE14: =DD14-DD13 -> 506 | DF14: 21904348 | DG14: =DF14-DF13 -> 3774 | DH14: 32287122 | DI14: =DH14-DH13 -> 20 | DL14: 985740 | DM14: =DL14-DL13 -> 291 | DN14: 1052078 | DO14: =DN14-DN13 -> 289 | DP14: 1175324 | DQ14: =DP14-DP13 -> 778 | DR14: 1159468 | DS14: =DR14-DR13 -> 868 | DT14: 957651 | DU14: =DT14-DT13 -> 1044 | DV14: 1317045 | DW14: =DV14-DV13 -> 1398 | DX14: 805709 | DY14: =DX14-DX13 -> 666 | DZ14: 1442 | EA14: =DZ14-DZ13 -> 0 | EB14: 381561 | EC14: =EB14-EB13 -> 351 | ED14: 880388 | EE14: =ED14-ED13 -> 693 | EF14: 426228 | EG14: =EF14-EF13 -> 211 | EH14: 2598 | EI14: =EH14-EH13 -> 0 | EJ14: 973979 | EK14: =EJ14-EJ13 -> 482 | EL14: 3483735 | EM14: =EL14-EL13 -> 316 | EN14: 3855798 | EO14: =EN14-EN13 -> 357 | EP14: 4206945 | EQ14: =EP14-EP13 -> 436 | ER14: 5316836 | ES14: =ER14-ER13 -> 496 | ET14: 4358112 | EU14: =ET14-ET13 -> 400 | EV14: 4493959 | EW14: =EV14-EV13 -> 410 | EX14: 8796499 | EY14: =EX14-EX13 -> 848 | EZ14: 8692353 | FA14: =EZ14-EZ13 -> 1476 | FB14: 8659244 | FC14: =FB14-FB13 -> 694 | FD14: 8163560 | FE14: =FD14-FD13 -> 764 | FF14: 5142878 | FG14: =FF14-FF13 -> 630 | FH14: 3344417 | FI14: =FH14-FH13 -> 489 | FJ14: 1568597 | FK14: =FJ14-FJ13 -> 248
A15: 44166 | B15: 20723883 | C15: =B15-B14 -> 2047 | D15: 2310183 | E15: =D15-D14 -> 249 | F15: 27584436 | G15: =F15-F14 -> 3554 | H15: 5742708 | I15: =H15-H14 -> 502 | L15: 21648474 | M15: =L15-L14 -> 1934 | N15: 72708173 | O15: =N15-N14 -> 8911 | P15: 24094 | Q15: =P15-P14 -> 4 | R15: 4854 | S15: =R15-R14 -> 0 | T15: 31541537 | U15: =T15-T14 -> 3428 | V15: 1621159 | W15: =V15-V14 -> 225 | X15: 1869753 | Y15: =X15-X14 -> 232 | Z15: 3494849 | AA15: =Z15-Z14 -> 584 | AD15: 54763275 | AE15: =AD15-AD14 -> 6719 | AF15: 9931335 | AG15: =AF15-AF14 -> 1338 | AH15: 1543624 | AI15: =AH15-AH14 -> 193 | AJ15: 1766171 | AK15: =AJ15-AJ14 -> 197 | AL15: 4841794 | AM15: =AL15-AL14 -> 525 | AN15: 5147082 | AO15: =AN15-AN14 -> 808 | AR15: 1135906 | AS15: =AR15-AR14 -> 0 | AT15: 3137577 | AU15: =AT15-AT14 -> 485 | AX15: 573590 | AY15: =AX15-AX14 -> 188 | AZ15: 2362626 | BA15: =AZ15-AZ14 -> 33 | BB15: 4683852 | BC15: =BB15-BB14 -> 708 | BD15: 41645298 | BE15: =BD15-BD14 -> 5771 | BF15: 58921423 | BG15: =BF15-BF14 -> 8805 | BH15: 434207 | BI15: =BH15-BH14 -> 164 | BJ15: 11241430 | BK15: =BJ15-BJ14 -> 1800 | BL15: 1589446 | BM15: =BL15-BL14 -> 408 | BN15: 2339948 | BO15: =BN15-BN14 -> 106 | BP15: 10674488 | BQ15: =BP15-BP14 -> 1755 | BR15: 2622145 | BS15: =BR15-BR14 -> 213 | BT15: 13059364 | BU15: =BT15-BT14 -> 1836 | BV15: 10243921 | BW15: =BV15-BV14 -> 1480 | BX15: 1577344 | BY15: =BX15-BX14 -> 202 | BZ15: 19903655 | CA15: =BZ15-BZ14 -> 0 | CB15: 17452478 | CC15: =CB15-CB14 -> 0 | CD15: 18101606 | CE15: =CD15-CD14 -> 53 | CF15: 14092677 | CG15: =CF15-CF14 -> 970 | CH15: 4293561 | CI15: =CH15-CH14 -> 446 | CJ15: 4769241 | CK15: =CJ15-CJ14 -> 419 | CL15: 2716095 | CM15: =CL15-CL14 -> 107 | CN15: 69380338 | CO15: =CN15-CN14 -> 10322 | CP15: 4458063 | CQ15: =CP15-CP14 -> 524 | CR15: 5180279 | CS15: =CR15-CR14 -> 170 | CT15: 3052165 | CU15: =CT15-CT14 -> 228 | CV15: 41469925 | CW15: =CV15-CV14 -> 7371 | CX15: 6340990 | CY15: =CX15-CX14 -> 560 | CZ15: 6299745 | DA15: =CZ15-CZ14 -> 749 | DB15: 56604324 | DC15: =DB15-DB14 -> 4421 | DD15: 1996386 | DE15: =DD15-DD14 -> 517 | DF15: 21908107 | DG15: =DF15-DF14 -> 3759 | DH15: 32287141 | DI15: =DH15-DH14 -> 19 | DL15: 986068 | DM15: =DL15-DL14 -> 328 | DN15: 1052375 | DO15: =DN15-DN14 -> 297 | DP15: 1176058 | DQ15: =DP15-DP14 -> 734 | DR15: 1160385 | DS15: =DR15-DR14 -> 917 | DT15: 958667 | DU15: =DT15-DT14 -> 1016 | DV15: 1318423 | DW15: =DV15-DV14 -> 1378 | DX15: 806326 | DY15: =DX15-DX14 -> 617 | DZ15: 1442 | EA15: =DZ15-DZ14 -> 0 | EB15: 381895 | EC15: =EB15-EB14 -> 334 | ED15: 881085 | EE15: =ED15-ED14 -> 697 | EF15: 426365 | EG15: =EF15-EF14 -> 137 | EH15: 2598 | EI15: =EH15-EH14 -> 0 | EJ15: 974453 | EK15: =EJ15-EJ14 -> 474 | EL15: 3484097 | EM15: =EL15-EL14 -> 362 | EN15: 3856188 | EO15: =EN15-EN14 -> 390 | EP15: 4207398 | EQ15: =EP15-EP14 -> 453 | ER15: 5317314 | ES15: =ER15-ER14 -> 478 | ET15: 4358516 | EU15: =ET15-ET14 -> 404 | EV15: 4494384 | EW15: =EV15-EV14 -> 425 | EX15: 8797360 | EY15: =EX15-EX14 -> 861 | EZ15: 8693815 | FA15: =EZ15-EZ14 -> 1462 | FB15: 8659946 | FC15: =FB15-FB14 -> 702 | FD15: 8164333 | FE15: =FD15-FD14 -> 773 | FF15: 5143584 | FG15: =FF15-FF14 -> 706 | FH15: 3344912 | FI15: =FH15-FH14 -> 495 | FJ15: 1568861 | FK15: =FJ15-FJ14 -> 264
A16: 44167 | B16: 20725958 | C16: =B16-B15 -> 2075 | D16: 2310467 | E16: =D16-D15 -> 284 | F16: 27587965 | G16: =F16-F15 -> 3529 | H16: 5743267 | I16: =H16-H15 -> 559 | L16: 21650402 | M16: =L16-L15 -> 1928 | N16: 72717145 | O16: =N16-N15 -> 8972 | P16: 24097 | Q16: =P16-P15 -> 3 | R16: 4854 | S16: =R16-R15 -> 0 | T16: 31545002 | U16: =T16-T15 -> 3465 | V16: 1621383 | W16: =V16-V15 -> 224 | X16: 1869980 | Y16: =X16-X15 -> 227 | Z16: 3495430 | AA16: =Z16-Z15 -> 581 | AD16: 54769529 | AE16: =AD16-AD15 -> 6254 | AF16: 9932638 | AG16: =AF16-AF15 -> 1303 | AH16: 1543820 | AI16: =AH16-AH15 -> 196 | AJ16: 1766378 | AK16: =AJ16-AJ15 -> 207 | AL16: 4842341 | AM16: =AL16-AL15 -> 547 | AN16: 5147969 | AO16: =AN16-AN15 -> 887 | AR16: 1135906 | AS16: =AR16-AR15 -> 0 | AT16: 3138095 | AU16: =AT16-AT15 -> 518 | AX16: 573777 | AY16: =AX16-AX15 -> 187 | AZ16: 2362659 | BA16: =AZ16-AZ15 -> 33 | BB16: 4684545 | BC16: =BB16-BB15 -> 693 | BD16: 41651134 | BE16: =BD16-BD15 -> 5836 | BF16: 58930488 | BG16: =BF16-BF15 -> 9065 | BH16: 434334 | BI16: =BH16-BH15 -> 127 | BJ16: 11243236 | BK16: =BJ16-BJ15 -> 1806 | BL16: 1589855 | BM16: =BL16-BL15 -> 409 | BN16: 2340116 | BO16: =BN16-BN15 -> 168 | BP16: 10676238 | BQ16: =BP16-BP15 -> 1750 | BR16: 2622362 | BS16: =BR16-BR15 -> 217 | BT16: 13061452 | BU16: =BT16-BT15 -> 2088 | BV16: 10245413 | BW16: =BV16-BV15 -> 1492 | BX16: 1577559 | BY16: =BX16-BX15 -> 215 | BZ16: 19903655 | CA16: =BZ16-BZ15 -> 0 | CB16: 17452478 | CC16: =CB16-CB15 -> 0 | CD16: 18108286 | CE16: =CD16-CD15 -> 6680 | CF16: 14093702 | CG16: =CF16-CF15 -> 1025 | CH16: 4293998 | CI16: =CH16-CH15 -> 437 | CJ16: 4769655 | CK16: =CJ16-CJ15 -> 414 | CL16: 2716270 | CM16: =CL16-CL15 -> 175 | CN16: 69383867 | CO16: =CN16-CN15 -> 3529 | CP16: 4458604 | CQ16: =CP16-CP15 -> 541 | CR16: 5180451 | CS16: =CR16-CR15 -> 172 | CT16: 3052408 | CU16: =CT16-CT15 -> 243 | CV16: 41470464 | CW16: =CV16-CV15 -> 539 | CX16: 6341557 | CY16: =CX16-CX15 -> 567 | CZ16: 6300499 | DA16: =CZ16-CZ15 -> 754 | DB16: 56608724 | DC16: =DB16-DB15 -> 4400 | DD16: 1996879 | DE16: =DD16-DD15 -> 493 | DF16: 21911881 | DG16: =DF16-DF15 -> 3774 | DH16: 32287161 | DI16: =DH16-DH15 -> 20 | DL16: 986242 | DM16: =DL16-DL15 -> 174 | DN16: 1052628 | DO16: =DN16-DN15 -> 253 | DP16: 1176736 | DQ16: =DP16-DP15 -> 678 | DR16: 1161194 | DS16: =DR16-DR15 -> 809 | DT16: 959660 | DU16: =DT16-DT15 -> 993 | DV16: 1319783 | DW16: =DV16-DV15 -> 1360 | DX16: 806941 | DY16: =DX16-DX15 -> 615 | DZ16: 1442 | EA16: =DZ16-DZ15 -> 0 | EB16: 382223 | EC16: =EB16-EB15 -> 328 | ED16: 881787 | EE16: =ED16-ED15 -> 702 | EF16: 426534 | EG16: =EF16-EF15 -> 169 | EH16: 2598 | EI16: =EH16-EH15 -> 0 | EJ16: 974913 | EK16: =EJ16-EJ15 -> 460 | EL16: 3484442 | EM16: =EL16-EL15 -> 345 | EN16: 3856558 | EO16: =EN16-EN15 -> 370 | EP16: 4207833 | EQ16: =EP16-EP15 -> 435 | ER16: 5317784 | ES16: =ER16-ER15 -> 470 | ET16: 4358938 | EU16: =ET16-ET15 -> 422 | EV16: 4494802 | EW16: =EV16-EV15 -> 418 | EX16: 8798219 | EY16: =EX16-EX15 -> 859 | EZ16: 8695297 | FA16: =EZ16-EZ15 -> 1482 | FB16: 8660650 | FC16: =FB16-FB15 -> 704 | FD16: 8165110 | FE16: =FD16-FD15 -> 777 | FF16: 5144297 | FG16: =FF16-FF15 -> 713 | FH16: 3345405 | FI16: =FH16-FH15 -> 493 | FJ16: 1569127 | FK16: =FJ16-FJ15 -> 266
A17: 44168 | B17: 20727989 | C17: =B17-B16 -> 2031 | D17: 2310723 | E17: =D17-D16 -> 256 | F17: 27591432 | G17: =F17-F16 -> 3467 | H17: 5743778 | I17: =H17-H16 -> 511 | L17: 21652266 | M17: =L17-L16 -> 1864 | N17: 72726233 | O17: =N17-N16 -> 9088 | P17: 24101 | Q17: =P17-P16 -> 4 | R17: 4855 | S17: =R17-R16 -> 1 | T17: 31548463 | U17: =T17-T16 -> 3461 | V17: 1621621 | W17: =V17-V16 -> 238 | X17: 1870205 | Y17: =X17-X16 -> 225 | Z17: 3496012 | AA17: =Z17-Z16 -> 582 | AD17: 54775471 | AE17: =AD17-AD16 -> 5942 | AF17: 9933845 | AG17: =AF17-AF16 -> 1207 | AH17: 1544015 | AI17: =AH17-AH16 -> 195 | AJ17: 1766558 | AK17: =AJ17-AJ16 -> 180 | AL17: 4842881 | AM17: =AL17-AL16 -> 540 | AN17: 5148729 | AO17: =AN17-AN16 -> 760 | AR17: 1135906 | AS17: =AR17-AR16 -> 0 | AT17: 3138599 | AU17: =AT17-AT16 -> 504 | AX17: 573965 | AY17: =AX17-AX16 -> 188 | AZ17: 2362690 | BA17: =AZ17-AZ16 -> 31 | BB17: 4685223 | BC17: =BB17-BB16 -> 678 | BD17: 41656732 | BE17: =BD17-BD16 -> 5598 | BF17: 58939339 | BG17: =BF17-BF16 -> 8851 | BH17: 434458 | BI17: =BH17-BH16 -> 124 | BJ17: 11245046 | BK17: =BJ17-BJ16 -> 1810 | BL17: 1590260 | BM17: =BL17-BL16 -> 405 | BN17: 2340218 | BO17: =BN17-BN16 -> 102 | BP17: 10677942 | BQ17: =BP17-BP16 -> 1704 | BR17: 2622578 | BS17: =BR17-BR16 -> 216 | BT17: 13063381 | BU17: =BT17-BT16 -> 1929 | BV17: 10246969 | BW17: =BV17-BV16 -> 1556 | BX17: 1577746 | BY17: =BX17-BX16 -> 187 | BZ17: 19903655 | CA17: =BZ17-BZ16 -> 0 | CB17: 17452478 | CC17: =CB17-CB16 -> 0 | CD17: 18110454 | CE17: =CD17-CD16 -> 2168 | CF17: 14094683 | CG17: =CF17-CF16 -> 981 | CH17: 4294457 | CI17: =CH17-CH16 -> 459 | CJ17: 4770063 | CK17: =CJ17-CJ16 -> 408 | CL17: 2716385 | CM17: =CL17-CL16 -> 115 | CN17: 69391873 | CO17: =CN17-CN16 -> 8006 | CP17: 4459035 | CQ17: =CP17-CP16 -> 431 | CR17: 5180626 | CS17: =CR17-CR16 -> 175 | CT17: 3052646 | CU17: =CT17-CT16 -> 238 | CV17: 41475576 | CW17: =CV17-CV16 -> 5112 | CX17: 6342118 | CY17: =CX17-CX16 -> 561 | CZ17: 6301250 | DA17: =CZ17-CZ16 -> 751 | DB17: 56613118 | DC17: =DB17-DB16 -> 4394 | DD17: 1997379 | DE17: =DD17-DD16 -> 500 | DF17: 21915637 | DG17: =DF17-DF16 -> 3756 | DH17: 32287181 | DI17: =DH17-DH16 -> 20 | DL17: 986383 | DM17: =DL17-DL16 -> 141 | DN17: 1052826 | DO17: =DN17-DN16 -> 198 | DP17: 1177335 | DQ17: =DP17-DP16 -> 599 | DR17: 1161923 | DS17: =DR17-DR16 -> 729 | DT17: 960681 | DU17: =DT17-DT16 -> 1021 | DV17: 1321149 | DW17: =DV17-DV16 -> 1366 | DX17: 807472 | DY17: =DX17-DX16 -> 531 | DZ17: 1442 | EA17: =DZ17-DZ16 -> 0 | EB17: 382542 | EC17: =EB17-EB16 -> 319 | ED17: 882485 | EE17: =ED17-ED16 -> 698 | EF17: 426771 | EG17: =EF17-EF16 -> 237 | EH17: 2598 | EI17: =EH17-EH16 -> 0 | EJ17: 975389 | EK17: =EJ17-EJ16 -> 476 | EL17: 3484776 | EM17: =EL17-EL16 -> 334 | EN17: 3856939 | EO17: =EN17-EN16 -> 381 | EP17: 4208258 | EQ17: =EP17-EP16 -> 425 | ER17: 5318262 | ES17: =ER17-ER16 -> 478 | ET17: 4359360 | EU17: =ET17-ET16 -> 422 | EV17: 4495213 | EW17: =EV17-EV16 -> 411 | EX17: 8799082 | EY17: =EX17-EX16 -> 863 | EZ17: 8696775 | FA17: =EZ17-EZ16 -> 1478 | FB17: 8661355 | FC17: =FB17-FB16 -> 705 | FD17: 8165883 | FE17: =FD17-FD16 -> 773 | FF17: 5144988 | FG17: =FF17-FF16 -> 691 | FH17: 3345905 | FI17: =FH17-FH16 -> 500 | FJ17: 1569390 | FK17: =FJ17-FJ16 -> 263
A18: 44169 | B18: 20730157 | C18: =B18-B17 -> 2168 | D18: 2310992 | E18: =D18-D17 -> 269 | F18: 27594871 | G18: =F18-F17 -> 3439 | H18: 5744288 | I18: =H18-H17 -> 510 | L18: 21654139 | M18: =L18-L17 -> 1873 | N18: 72735200 | O18: =N18-N17 -> 8967 | P18: 24106 | Q18: =P18-P17 -> 5 | R18: 4855 | S18: =R18-R17 -> 0 | T18: 31551849 | U18: =T18-T17 -> 3386 | V18: 1621859 | W18: =V18-V17 -> 238 | X18: 1870424 | Y18: =X18-X17 -> 219 | Z18: 3496597 | AA18: =Z18-Z17 -> 585 | AD18: 54781378 | AE18: =AD18-AD17 -> 5907 | AF18: 9935036 | AG18: =AF18-AF17 -> 1191 | AH18: 1544210 | AI18: =AH18-AH17 -> 195 | AJ18: 1766737 | AK18: =AJ18-AJ17 -> 179 | AL18: 4843425 | AM18: =AL18-AL17 -> 544 | AN18: 5149480 | AO18: =AN18-AN17 -> 751 | AR18: 1135906 | AS18: =AR18-AR17 -> 0 | AT18: 3139083 | AU18: =AT18-AT17 -> 484 | AX18: 574152 | AY18: =AX18-AX17 -> 187 | AZ18: 2362712 | BA18: =AZ18-AZ17 -> 22 | BB18: 4685941 | BC18: =BB18-BB17 -> 718 | BD18: 41662504 | BE18: =BD18-BD17 -> 5772 | BF18: 58947996 | BG18: =BF18-BF17 -> 8657 | BH18: 434584 | BI18: =BH18-BH17 -> 126 | BJ18: 11246738 | BK18: =BJ18-BJ17 -> 1692 | BL18: 1590664 | BM18: =BL18-BL17 -> 404 | BN18: 2340370 | BO18: =BN18-BN17 -> 152 | BP18: 10679642 | BQ18: =BP18-BP17 -> 1700 | BR18: 2622788 | BS18: =BR18-BR17 -> 210 | BT18: 13065240 | BU18: =BT18-BT17 -> 1859 | BV18: 10248467 | BW18: =BV18-BV17 -> 1498 | BX18: 1577945 | BY18: =BX18-BX17 -> 199 | BZ18: 19903655 | CA18: =BZ18-BZ17 -> 0 | CB18: 17452478 | CC18: =CB18-CB17 -> 0 | CD18: 18110525 | CE18: =CD18-CD17 -> 71 | CF18: 14095605 | CG18: =CF18-CF17 -> 922 | CH18: 4294908 | CI18: =CH18-CH17 -> 451 | CJ18: 4770473 | CK18: =CJ18-CJ17 -> 410 | CL18: 2716447 | CM18: =CL18-CL17 -> 62 | CN18: 69400539 | CO18: =CN18-CN17 -> 8666 | CP18: 4459443 | CQ18: =CP18-CP17 -> 408 | CR18: 5180787 | CS18: =CR18-CR17 -> 161 | CT18: 3052900 | CU18: =CT18-CT17 -> 254 | CV18: 41481450 | CW18: =CV18-CV17 -> 5874 | CX18: 6342679 | CY18: =CX18-CX17 -> 561 | CZ18: 6302001 | DA18: =CZ18-CZ17 -> 751 | DB18: 56616904 | DC18: =DB18-DB17 -> 3786 | DD18: 1997869 | DE18: =DD18-DD17 -> 490 | DF18: 21918801 | DG18: =DF18-DF17 -> 3164 | DH18: 32287201 | DI18: =DH18-DH17 -> 20 | DL18: 986504 | DM18: =DL18-DL17 -> 121 | DN18: 1053007 | DO18: =DN18-DN17 -> 181 | DP18: 1177917 | DQ18: =DP18-DP17 -> 582 | DR18: 1162673 | DS18: =DR18-DR17 -> 750 | DT18: 961662 | DU18: =DT18-DT17 -> 981 | DV18: 1322511 | DW18: =DV18-DV17 -> 1362 | DX18: 808020 | DY18: =DX18-DX17 -> 548 | DZ18: 1442 | EA18: =DZ18-DZ17 -> 0 | EB18: 382861 | EC18: =EB18-EB17 -> 319 | ED18: 883188 | EE18: =ED18-ED17 -> 703 | EF18: 426995 | EG18: =EF18-EF17 -> 224 | EH18: 2598 | EI18: =EH18-EH17 -> 0 | EJ18: 975821 | EK18: =EJ18-EJ17 -> 432 | EL18: 3485107 | EM18: =EL18-EL17 -> 331 | EN18: 3857327 | EO18: =EN18-EN17 -> 388 | EP18: 4208693 | EQ18: =EP18-EP17 -> 435 | ER18: 5318786 | ES18: =ER18-ER17 -> 524 | ET18: 4359794 | EU18: =ET18-ET17 -> 434 | EV18: 4495638 | EW18: =EV18-EV17 -> 425 | EX18: 8799943 | EY18: =EX18-EX17 -> 861 | EZ18: 8698166 | FA18: =EZ18-EZ17 -> 1391 | FB18: 8662051 | FC18: =FB18-FB17 -> 696 | FD18: 8166653 | FE18: =FD18-FD17 -> 770 | FF18: 5145683 | FG18: =FF18-FF17 -> 695 | FH18: 3346401 | FI18: =FH18-FH17 -> 496 | FJ18: 1569651 | FK18: =FJ18-FJ17 -> 261
A19: 44170 | B19: 20732344 | C19: =B19-B18 -> 2187 | D19: 2311253 | E19: =D19-D18 -> 261 | F19: 27598268 | G19: =F19-F18 -> 3397 | H19: 5744799 | I19: =H19-H18 -> 511 | L19: 21656019 | M19: =L19-L18 -> 1880 | N19: 72744285 | O19: =N19-N18 -> 9085 | P19: 24110 | Q19: =P19-P18 -> 4 | R19: 4855 | S19: =R19-R18 -> 0 | T19: 31555400 | U19: =T19-T18 -> 3551 | V19: 1622142 | W19: =V19-V18 -> 283 | X19: 1870637 | Y19: =X19-X18 -> 213 | Z19: 3497183 | AA19: =Z19-Z18 -> 586 | AD19: 54787286 | AE19: =AD19-AD18 -> 5908 | AF19: 9936192 | AG19: =AF19-AF18 -> 1156 | AH19: 1544403 | AI19: =AH19-AH18 -> 193 | AJ19: 1766918 | AK19: =AJ19-AJ18 -> 181 | AL19: 4843964 | AM19: =AL19-AL18 -> 539 | AN19: 5150316 | AO19: =AN19-AN18 -> 836 | AR19: 1135906 | AS19: =AR19-AR18 -> 0 | AT19: 3139571 | AU19: =AT19-AT18 -> 488 | AX19: 574338 | AY19: =AX19-AX18 -> 186 | AZ19: 2362761 | BA19: =AZ19-AZ18 -> 49 | BB19: 4686752 | BC19: =BB19-BB18 -> 811 | BD19: 41668332 | BE19: =BD19-BD18 -> 5828 | BF19: 58956658 | BG19: =BF19-BF18 -> 8662 | BH19: 434707 | BI19: =BH19-BH18 -> 123 | BJ19: 11248344 | BK19: =BJ19-BJ18 -> 1606 | BL19: 1591067 | BM19: =BL19-BL18 -> 403 | BN19: 2340568 | BO19: =BN19-BN18 -> 198 | BP19: 10681397 | BQ19: =BP19-BP18 -> 1755 | BR19: 2622995 | BS19: =BR19-BR18 -> 207 | BT19: 13067041 | BU19: =BT19-BT18 -> 1801 | BV19: 10249989 | BW19: =BV19-BV18 -> 1522 | BX19: 1578147 | BY19: =BX19-BX18 -> 202 | BZ19: 19903655 | CA19: =BZ19-BZ18 -> 0 | CB19: 17452478 | CC19: =CB19-CB18 -> 0 | CD19: 18110598 | CE19: =CD19-CD18 -> 73 | CF19: 14096538 | CG19: =CF19-CF18 -> 933 | CH19: 4295351 | CI19: =CH19-CH18 -> 443 | CJ19: 4770888 | CK19: =CJ19-CJ18 -> 415 | CL19: 2716523 | CM19: =CL19-CL18 -> 76 | CN19: 69408921 | CO19: =CN19-CN18 -> 8382 | CP19: 4459818 | CQ19: =CP19-CP18 -> 375 | CR19: 5180953 | CS19: =CR19-CR18 -> 166 | CT19: 3053152 | CU19: =CT19-CT18 -> 252 | CV19: 41487033 | CW19: =CV19-CV18 -> 5583 | CX19: 6343240 | CY19: =CX19-CX18 -> 561 | CZ19: 6302751 | DA19: =CZ19-CZ18 -> 750 | DB19: 56620559 | DC19: =DB19-DB18 -> 3655 | DD19: 1998369 | DE19: =DD19-DD18 -> 500 | DF19: 21921815 | DG19: =DF19-DF18 -> 3014 | DH19: 32287221 | DI19: =DH19-DH18 -> 20 | DL19: 986644 | DM19: =DL19-DL18 -> 140 | DN19: 1053229 | DO19: =DN19-DN18 -> 222 | DP19: 1178483 | DQ19: =DP19-DP18 -> 566 | DR19: 1163425 | DS19: =DR19-DR18 -> 752 | DT19: 962634 | DU19: =DT19-DT18 -> 972 | DV19: 1323865 | DW19: =DV19-DV18 -> 1354 | DX19: 808562 | DY19: =DX19-DX18 -> 542 | DZ19: 1442 | EA19: =DZ19-DZ18 -> 0 | EB19: 383182 | EC19: =EB19-EB18 -> 321 | ED19: 883893 | EE19: =ED19-ED18 -> 705 | EF19: 427191 | EG19: =EF19-EF18 -> 196 | EH19: 2598 | EI19: =EH19-EH18 -> 0 | EJ19: 976241 | EK19: =EJ19-EJ18 -> 420 | EL19: 3485433 | EM19: =EL19-EL18 -> 326 | EN19: 3857705 | EO19: =EN19-EN18 -> 378 | EP19: 4209142 | EQ19: =EP19-EP18 -> 449 | ER19: 5319293 | ES19: =ER19-ER18 -> 507 | ET19: 4360235 | EU19: =ET19-ET18 -> 441 | EV19: 4496079 | EW19: =EV19-EV18 -> 441 | EX19: 8800805 | EY19: =EX19-EX18 -> 862 | EZ19: 8699579 | FA19: =EZ19-EZ18 -> 1413 | FB19: 8662749 | FC19: =FB19-FB18 -> 698 | FD19: 8167417 | FE19: =FD19-FD18 -> 764 | FF19: 5146363 | FG19: =FF19-FF18 -> 680 | FH19: 3346897 | FI19: =FH19-FH18 -> 496 | FJ19: 1569905 | FK19: =FJ19-FJ18 -> 254
A20: 44171 | B20: 20734428 | C20: =B20-B19 -> 2084 | D20: 2311453 | E20: =D20-D19 -> 200 | F20: 27601548 | G20: =F20-F19 -> 3280 | H20: 5745313 | I20: =H20-H19 -> 514 | L20: 21657861 | M20: =L20-L19 -> 1842 | N20: 72753179 | O20: =N20-N19 -> 8894 | P20: 24121 | Q20: =P20-P19 -> 11 | R20: 4855 | S20: =R20-R19 -> 0 | T20: 31558940 | U20: =T20-T19 -> 3540 | V20: 1622418 | W20: =V20-V19 -> 276 | X20: 1870847 | Y20: =X20-X19 -> 210 | Z20: 3497766 | AA20: =Z20-Z19 -> 583 | AD20: 54793306 | AE20: =AD20-AD19 -> 6020 | AF20: 9937416 | AG20: =AF20-AF19 -> 1224 | AH20: 1544592 | AI20: =AH20-AH19 -> 189 | AJ20: 1767101 | AK20: =AJ20-AJ19 -> 183 | AL20: 4844499 | AM20: =AL20-AL19 -> 535 | AN20: 5151135 | AO20: =AN20-AN19 -> 819 | AR20: 1135906 | AS20: =AR20-AR19 -> 0 | AT20: 3140068 | AU20: =AT20-AT19 -> 497 | AX20: 574524 | AY20: =AX20-AX19 -> 186 | AZ20: 2362812 | BA20: =AZ20-AZ19 -> 51 | BB20: 4687474 | BC20: =BB20-BB19 -> 722 | BD20: 41674015 | BE20: =BD20-BD19 -> 5683 | BF20: 58964594 | BG20: =BF20-BF19 -> 7936 | BH20: 434829 | BI20: =BH20-BH19 -> 122 | BJ20: 11250009 | BK20: =BJ20-BJ19 -> 1665 | BL20: 1591467 | BM20: =BL20-BL19 -> 400 | BN20: 2340744 | BO20: =BN20-BN19 -> 176 | BP20: 10683131 | BQ20: =BP20-BP19 -> 1734 | BR20: 2623204 | BS20: =BR20-BR19 -> 209 | BT20: 13068158 | BU20: =BT20-BT19 -> 1117 | BV20: 10251476 | BW20: =BV20-BV19 -> 1487 | BX20: 1578339 | BY20: =BX20-BX19 -> 192 | BZ20: 19903655 | CA20: =BZ20-BZ19 -> 0 | CB20: 17452479 | CC20: =CB20-CB19 -> 1 | CD20: 18110671 | CE20: =CD20-CD19 -> 73 | CF20: 14097505 | CG20: =CF20-CF19 -> 967 | CH20: 4295788 | CI20: =CH20-CH19 -> 437 | CJ20: 4771299 | CK20: =CJ20-CJ19 -> 411 | CL20: 2716645 | CM20: =CL20-CL19 -> 122 | CN20: 69417768 | CO20: =CN20-CN19 -> 8847 | CP20: 4460194 | CQ20: =CP20-CP19 -> 376 | CR20: 5181134 | CS20: =CR20-CR19 -> 181 | CT20: 3053404 | CU20: =CT20-CT19 -> 252 | CV20: 41493037 | CW20: =CV20-CV19 -> 6004 | CX20: 6343805 | CY20: =CX20-CX19 -> 565 | CZ20: 6303499 | DA20: =CZ20-CZ19 -> 748 | DB20: 56624073 | DC20: =DB20-DB19 -> 3514 | DD20: 1998859 | DE20: =DD20-DD19 -> 490 | DF20: 21924694 | DG20: =DF20-DF19 -> 2879 | DH20: 32287241 | DI20: =DH20-DH19 -> 20 | DL20: 986799 | DM20: =DL20-DL19 -> 155 | DN20: 1053438 | DO20: =DN20-DN19 -> 209 | DP20: 1179122 | DQ20: =DP20-DP19 -> 639 | DR20: 1164154 | DS20: =DR20-DR19 -> 729 | DT20: 963579 | DU20: =DT20-DT19 -> 945 | DV20: 1325229 | DW20: =DV20-DV19 -> 1364 | DX20: 809074 | DY20: =DX20-DX19 -> 512 | DZ20: 1442 | EA20: =DZ20-DZ19 -> 0 | EB20: 383502 | EC20: =EB20-EB19 -> 320 | ED20: 884589 | EE20: =ED20-ED19 -> 696 | EF20: 427400 | EG20: =EF20-EF19 -> 209 | EH20: 2598 | EI20: =EH20-EH19 -> 0 | EJ20: 976658 | EK20: =EJ20-EJ19 -> 417 | EL20: 3485740 | EM20: =EL20-EL19 -> 307 | EN20: 3858073 | EO20: =EN20-EN19 -> 368 | EP20: 4209578 | EQ20: =EP20-EP19 -> 436 | ER20: 5319790 | ES20: =ER20-ER19 -> 497 | ET20: 4360667 | EU20: =ET20-ET19 -> 432 | EV20: 4496506 | EW20: =EV20-EV19 -> 427 | EX20: 8801661 | EY20: =EX20-EX19 -> 856 | EZ20: 8700978 | FA20: =EZ20-EZ19 -> 1399 | FB20: 8663439 | FC20: =FB20-FB19 -> 690 | FD20: 8168182 | FE20: =FD20-FD19 -> 765 | FF20: 5147001 | FG20: =FF20-FF19 -> 638 | FH20: 3347386 | FI20: =FH20-FH19 -> 489 | FJ20: 1570132 | FK20: =FJ20-FJ19 -> 227
A21: 44172 | B21: 20736444 | C21: =B21-B20 -> 2016 | D21: 2311634 | E21: =D21-D20 -> 181 | F21: 27604779 | G21: =F21-F20 -> 3231 | H21: 5745845 | I21: =H21-H20 -> 532 | L21: 21659716 | M21: =L21-L20 -> 1855 | N21: 72762132 | O21: =N21-N20 -> 8953 | P21: 24135 | Q21: =P21-P20 -> 14 | R21: 4855 | S21: =R21-R20 -> 0 | T21: 31562448 | U21: =T21-T20 -> 3508 | V21: 1622693 | W21: =V21-V20 -> 275 | X21: 1871055 | Y21: =X21-X20 -> 208 | Z21: 3498347 | AA21: =Z21-Z20 -> 581 | AD21: 54799142 | AE21: =AD21-AD20 -> 5836 | AF21: 9938467 | AG21: =AF21-AF20 -> 1051 | AH21: 1544787 | AI21: =AH21-AH20 -> 195 | AJ21: 1767293 | AK21: =AJ21-AJ20 -> 192 | AL21: 4845052 | AM21: =AL21-AL20 -> 553 | AN21: 5151952 | AO21: =AN21-AN20 -> 817 | AR21: 1135906 | AS21: =AR21-AR20 -> 0 | AT21: 3140558 | AU21: =AT21-AT20 -> 490 | AX21: 574710 | AY21: =AX21-AX20 -> 186 | AZ21: 2362949 | BA21: =AZ21-AZ20 -> 137 | BB21: 4688142 | BC21: =BB21-BB20 -> 668 | BD21: 41679900 | BE21: =BD21-BD20 -> 5885 | BF21: 58972563 | BG21: =BF21-BF20 -> 7969 | BH21: 434952 | BI21: =BH21-BH20 -> 123 | BJ21: 11251695 | BK21: =BJ21-BJ20 -> 1686 | BL21: 1591866 | BM21: =BL21-BL20 -> 399 | BN21: 2340922 | BO21: =BN21-BN20 -> 178 | BP21: 10684815 | BQ21: =BP21-BP20 -> 1684 | BR21: 2623411 | BS21: =BR21-BR20 -> 207 | BT21: 13069304 | BU21: =BT21-BT20 -> 1146 | BV21: 10252959 | BW21: =BV21-BV20 -> 1483 | BX21: 1578547 | BY21: =BX21-BX20 -> 208 | BZ21: 19903655 | CA21: =BZ21-BZ20 -> 0 | CB21: 17452479 | CC21: =CB21-CB20 -> 0 | CD21: 18110744 | CE21: =CD21-CD20 -> 73 | CF21: 14098471 | CG21: =CF21-CF20 -> 966 | CH21: 4296219 | CI21: =CH21-CH20 -> 431 | CJ21: 4771716 | CK21: =CJ21-CJ20 -> 417 | CL21: 2716764 | CM21: =CL21-CL20 -> 119 | CN21: 69427366 | CO21: =CN21-CN20 -> 9598 | CP21: 4460571 | CQ21: =CP21-CP20 -> 377 | CR21: 5181302 | CS21: =CR21-CR20 -> 168 | CT21: 3053656 | CU21: =CT21-CT20 -> 252 | CV21: 41499847 | CW21: =CV21-CV20 -> 6810 | CX21: 6344368 | CY21: =CX21-CX20 -> 563 | CZ21: 6304245 | DA21: =CZ21-CZ20 -> 746 | DB21: 56627585 | DC21: =DB21-DB20 -> 3512 | DD21: 1999350 | DE21: =DD21-DD20 -> 491 | DF21: 21927568 | DG21: =DF21-DF20 -> 2874 | DH21: 32287260 | DI21: =DH21-DH20 -> 19 | DL21: 986959 | DM21: =DL21-DL20 -> 160 | DN21: 1053652 | DO21: =DN21-DN20 -> 214 | DP21: 1179739 | DQ21: =DP21-DP20 -> 617 | DR21: 1164901 | DS21: =DR21-DR20 -> 747 | DT21: 964547 | DU21: =DT21-DT20 -> 968 | DV21: 1271060 | DW21: =DV21-DV20 -> -54169 | DX21: 809568 | DY21: =DX21-DX20 -> 494 | DZ21: 1442 | EA21: =DZ21-DZ20 -> 0 | EB21: 383819 | EC21: =EB21-EB20 -> 317 | ED21: 885287 | EE21: =ED21-ED20 -> 698 | EF21: 427618 | EG21: =EF21-EF20 -> 218 | EH21: 2598 | EI21: =EH21-EH20 -> 0 | EJ21: 977084 | EK21: =EJ21-EJ20 -> 426 | EL21: 3486055 | EM21: =EL21-EL20 -> 315 | EN21: 3858432 | EO21: =EN21-EN20 -> 359 | EP21: 4210023 | EQ21: =EP21-EP20 -> 445 | ER21: 5320284 | ES21: =ER21-ER20 -> 494 | ET21: 4361071 | EU21: =ET21-ET20 -> 404 | EV21: 4496942 | EW21: =EV21-EV20 -> 436 | EX21: 8802516 | EY21: =EX21-EX20 -> 855 | EZ21: 8702383 | FA21: =EZ21-EZ20 -> 1405 | FB21: 8664108 | FC21: =FB21-FB20 -> 669 | FD21: 8168951 | FE21: =FD21-FD20 -> 769 | FF21: 5147602 | FG21: =FF21-FF20 -> 601 | FH21: 3347880 | FI21: =FH21-FH20 -> 494 | FJ21: 1570343 | FK21: =FJ21-FJ20 -> 211
A22: 44173 | B22: 20738504 | C22: =B22-B21 -> 2060 | D22: 2311887 | E22: =D22-D21 -> 253 | F22: 27608139 | G22: =F22-F21 -> 3360 | H22: 5746339 | I22: =H22-H21 -> 494 | L22: 21661580 | M22: =L22-L21 -> 1864 | N22: 72771403 | O22: =N22-N21 -> 9271 | P22: 24148 | Q22: =P22-P21 -> 13 | R22: 4855 | S22: =R22-R21 -> 0 | T22: 31565726 | U22: =T22-T21 -> 3278 | V22: 1622935 | W22: =V22-V21 -> 242 | X22: 1871260 | Y22: =X22-X21 -> 205 | Z22: 3498925 | AA22: =Z22-Z21 -> 578 | AD22: 54804692 | AE22: =AD22-AD21 -> 5550 | AF22: 9939329 | AG22: =AF22-AF21 -> 862 | AH22: 1544976 | AI22: =AH22-AH21 -> 189 | AJ22: 1767464 | AK22: =AJ22-AJ21 -> 171 | AL22: 4845576 | AM22: =AL22-AL21 -> 524 | AN22: 5152775 | AO22: =AN22-AN21 -> 823 | AR22: 1141283 | AS22: =AR22-AR21 -> 5377 | AT22: 3141048 | AU22: =AT22-AT21 -> 490 | AX22: 574896 | AY22: =AX22-AX21 -> 186 | AZ22: 2362967 | BA22: =AZ22-AZ21 -> 18 | BB22: 4688768 | BC22: =BB22-BB21 -> 626 | BD22: 41685441 | BE22: =BD22-BD21 -> 5541 | BF22: 58980427 | BG22: =BF22-BF21 -> 7864 | BH22: 435076 | BI22: =BH22-BH21 -> 124 | BJ22: 11253378 | BK22: =BJ22-BJ21 -> 1683 | BL22: 1592269 | BM22: =BL22-BL21 -> 403 | BN22: 2341021 | BO22: =BN22-BN21 -> 99 | BP22: 10686528 | BQ22: =BP22-BP21 -> 1713 | BR22: 2623626 | BS22: =BR22-BR21 -> 215 | BT22: 13070454 | BU22: =BT22-BT21 -> 1150 | BV22: 10254433 | BW22: =BV22-BV21 -> 1474 | BX22: 1578729 | BY22: =BX22-BX21 -> 182 | BZ22: 19903655 | CA22: =BZ22-BZ21 -> 0 | CB22: 17452479 | CC22: =CB22-CB21 -> 0 | CD22: 18110817 | CE22: =CD22-CD21 -> 73 | CF22: 14099388 | CG22: =CF22-CF21 -> 917 | CH22: 4296660 | CI22: =CH22-CH21 -> 441 | CJ22: 4772127 | CK22: =CJ22-CJ21 -> 411 | CL22: 2716830 | CM22: =CL22-CL21 -> 66 | CN22: 69437179 | CO22: =CN22-CN21 -> 9813 | CP22: 4460948 | CQ22: =CP22-CP21 -> 377 | CR22: 5181474 | CS22: =CR22-CR21 -> 172 | CT22: 3053906 | CU22: =CT22-CT21 -> 250 | CV22: 41506842 | CW22: =CV22-CV21 -> 6995 | CX22: 6344930 | CY22: =CX22-CX21 -> 562 | CZ22: 6304990 | DA22: =CZ22-CZ21 -> 745 | DB22: 56631902 | DC22: =DB22-DB21 -> 4317 | DD22: 1999839 | DE22: =DD22-DD21 -> 489 | DF22: 21931271 | DG22: =DF22-DF21 -> 3703 | DH22: 32287280 | DI22: =DH22-DH21 -> 20 | DL22: 987136 | DM22: =DL22-DL21 -> 177 | DN22: 1053870 | DO22: =DN22-DN21 -> 218 | DP22: 1180296 | DQ22: =DP22-DP21 -> 557 | DR22: 1110112 | DS22: =DR22-DR21 -> -54789 | DT22: 965544 | DU22: =DT22-DT21 -> 997 | DV22: 1272421 | DW22: =DV22-DV21 -> 1361 | DX22: 810084 | DY22: =DX22-DX21 -> 516 | DZ22: 1442 | EA22: =DZ22-DZ21 -> 0 | EB22: 384147 | EC22: =EB22-EB21 -> 328 | ED22: 885983 | EE22: =ED22-ED21 -> 696 | EF22: 427721 | EG22: =EF22-EF21 -> 103 | EH22: 2598 | EI22: =EH22-EH21 -> 0 | EJ22: 977528 | EK22: =EJ22-EJ21 -> 444 | EL22: 3486414 | EM22: =EL22-EL21 -> 359 | EN22: 3858835 | EO22: =EN22-EN21 -> 403 | EP22: 4210484 | EQ22: =EP22-EP21 -> 461 | ER22: 5320778 | ES22: =ER22-ER21 -> 494 | ET22: 4361496 | EU22: =ET22-ET21 -> 425 | EV22: 4497376 | EW22: =EV22-EV21 -> 434 | EX22: 8803366 | EY22: =EX22-EX21 -> 850 | EZ22: 8703868 | FA22: =EZ22-EZ21 -> 1485 | FB22: 8664809 | FC22: =FB22-FB21 -> 701 | FD22: 8169724 | FE22: =FD22-FD21 -> 773 | FF22: 5148281 | FG22: =FF22-FF21 -> 679 | FH22: 3348376 | FI22: =FH22-FH21 -> 496 | FJ22: 1570569 | FK22: =FJ22-FJ21 -> 226
A23: 44174 | B23: 20740573 | C23: =B23-B22 -> 2069 | D23: 2312150 | E23: =D23-D22 -> 263 | F23: 27611504 | G23: =F23-F22 -> 3365 | H23: 5746871 | I23: =H23-H22 -> 532 | L23: 21663435 | M23: =L23-L22 -> 1855 | N23: 72780354 | O23: =N23-N22 -> 8951 | P23: 24162 | Q23: =P23-P22 -> 14 | R23: 4855 | S23: =R23-R22 -> 0 | T23: 31568946 | U23: =T23-T22 -> 3220 | V23: 1623174 | W23: =V23-V22 -> 239 | X23: 1871465 | Y23: =X23-X22 -> 205 | Z23: 3499504 | AA23: =Z23-Z22 -> 579 | AD23: 54810142 | AE23: =AD23-AD22 -> 5450 | AF23: 9940180 | AG23: =AF23-AF22 -> 851 | AH23: 1545185 | AI23: =AH23-AH22 -> 209 | AJ23: 1767637 | AK23: =AJ23-AJ22 -> 173 | AL23: 4846114 | AM23: =AL23-AL22 -> 538 | AN23: 5153579 | AO23: =AN23-AN22 -> 804 | AR23: 1141586 | AS23: =AR23-AR22 -> 303 | AT23: 3141529 | AU23: =AT23-AT22 -> 481 | AX23: 575083 | AY23: =AX23-AX22 -> 187 | AZ23: 2362994 | BA23: =AZ23-AZ22 -> 27 | BB23: 4689453 | BC23: =BB23-BB22 -> 685 | BD23: 41691059 | BE23: =BD23-BD22 -> 5618 | BF23: 58988488 | BG23: =BF23-BF22 -> 8061 | BH23: 435197 | BI23: =BH23-BH22 -> 121 | BJ23: 11255052 | BK23: =BJ23-BJ22 -> 1674 | BL23: 1592669 | BM23: =BL23-BL22 -> 400 | BN23: 2341102 | BO23: =BN23-BN22 -> 81 | BP23: 10688233 | BQ23: =BP23-BP22 -> 1705 | BR23: 2623841 | BS23: =BR23-BR22 -> 215 | BT23: 13071830 | BU23: =BT23-BT22 -> 1376 | BV23: 10255892 | BW23: =BV23-BV22 -> 1459 | BX23: 1578914 | BY23: =BX23-BX22 -> 185 | BZ23: 19903655 | CA23: =BZ23-BZ22 -> 0 | CB23: 17452479 | CC23: =CB23-CB22 -> 0 | CD23: 18110890 | CE23: =CD23-CD22 -> 73 | CF23: 14100303 | CG23: =CF23-CF22 -> 915 | CH23: 4297099 | CI23: =CH23-CH22 -> 439 | CJ23: 4772525 | CK23: =CJ23-CJ22 -> 398 | CL23: 2716908 | CM23: =CL23-CL22 -> 78 | CN23: 69446450 | CO23: =CN23-CN22 -> 9271 | CP23: 4461321 | CQ23: =CP23-CP22 -> 373 | CR23: 5181639 | CS23: =CR23-CR22 -> 165 | CT23: 3054161 | CU23: =CT23-CT22 -> 255 | CV23: 41513319 | CW23: =CV23-CV22 -> 6477 | CX23: 6345487 | CY23: =CX23-CX22 -> 557 | CZ23: 6305736 | DA23: =CZ23-CZ22 -> 746 | DB23: 56636265 | DC23: =DB23-DB22 -> 4363 | DD23: 2000338 | DE23: =DD23-DD22 -> 499 | DF23: 21935017 | DG23: =DF23-DF22 -> 3746 | DH23: 32287300 | DI23: =DH23-DH22 -> 20 | DL23: 987292 | DM23: =DL23-DL22 -> 156 | DN23: 1054062 | DO23: =DN23-DN22 -> 192 | DP23: 1180811 | DQ23: =DP23-DP22 -> 515 | DR23: 1110810 | DS23: =DR23-DR22 -> 698 | DT23: 966540 | DU23: =DT23-DT22 -> 996 | DV23: 1273765 | DW23: =DV23-DV22 -> 1344 | DX23: 810604 | DY23: =DX23-DX22 -> 520 | DZ23: 1442 | EA23: =DZ23-DZ22 -> 0 | EB23: 384468 | EC23: =EB23-EB22 -> 321 | ED23: 886683 | EE23: =ED23-ED22 -> 700 | EF23: 427830 | EG23: =EF23-EF22 -> 109 | EH23: 2598 | EI23: =EH23-EH22 -> 0 | EJ23: 977964 | EK23: =EJ23-EJ22 -> 436 | EL23: 3486762 | EM23: =EL23-EL22 -> 348 | EN23: 3859220 | EO23: =EN23-EN22 -> 385 | EP23: 4210921 | EQ23: =EP23-EP22 -> 437 | ER23: 5321260 | ES23: =ER23-ER22 -> 482 | ET23: 4361906 | EU23: =ET23-ET22 -> 410 | EV23: 4497820 | EW23: =EV23-EV22 -> 444 | EX23: 8804219 | EY23: =EX23-EX22 -> 853 | EZ23: 8705328 | FA23: =EZ23-EZ22 -> 1460 | FB23: 8665513 | FC23: =FB23-FB22 -> 704 | FD23: 8170497 | FE23: =FD23-FD22 -> 773 | FF23: 5148975 | FG23: =FF23-FF22 -> 694 | FH23: 3348868 | FI23: =FH23-FH22 -> 492 | FJ23: 1570798 | FK23: =FJ23-FJ22 -> 229
A24: 44175 | B24: 20742785 | C24: =B24-B23 -> 2212 | D24: 2312417 | E24: =D24-D23 -> 267 | F24: 27614926 | G24: =F24-F23 -> 3422 | H24: 5747397 | I24: =H24-H23 -> 526 | L24: 21665278 | M24: =L24-L23 -> 1843 | N24: 72789261 | O24: =N24-N23 -> 8907 | P24: 24176 | Q24: =P24-P23 -> 14 | R24: 4855 | S24: =R24-R23 -> 0 | T24: 31572159 | U24: =T24-T23 -> 3213 | V24: 1623409 | W24: =V24-V23 -> 235 | X24: 1871671 | Y24: =X24-X23 -> 206 | Z24: 3500085 | AA24: =Z24-Z23 -> 581 | AD24: 54815773 | AE24: =AD24-AD23 -> 5631 | AF24: 9941331 | AG24: =AF24-AF23 -> 1151 | AH24: 1545381 | AI24: =AH24-AH23 -> 196 | AJ24: 1767831 | AK24: =AJ24-AJ23 -> 194 | AL24: 4846660 | AM24: =AL24-AL23 -> 546 | AN24: 5154407 | AO24: =AN24-AN23 -> 828 | AR24: 1141891 | AS24: =AR24-AR23 -> 305 | AT24: 3142008 | AU24: =AT24-AT23 -> 479 | AX24: 575269 | AY24: =AX24-AX23 -> 186 | AZ24: 2363066 | BA24: =AZ24-AZ23 -> 72 | BB24: 4690104 | BC24: =BB24-BB23 -> 651 | BD24: 41696781 | BE24: =BD24-BD23 -> 5722 | BF24: 58997255 | BG24: =BF24-BF23 -> 8767 | BH24: 435324 | BI24: =BH24-BH23 -> 127 | BJ24: 11256799 | BK24: =BJ24-BJ23 -> 1747 | BL24: 1593069 | BM24: =BL24-BL23 -> 400 | BN24: 2341188 | BO24: =BN24-BN23 -> 86 | BP24: 10689973 | BQ24: =BP24-BP23 -> 1740 | BR24: 2624061 | BS24: =BR24-BR23 -> 220 | BT24: 13073735 | BU24: =BT24-BT23 -> 1905 | BV24: 10257403 | BW24: =BV24-BV23 -> 1511 | BX24: 1579095 | BY24: =BX24-BX23 -> 181 | BZ24: 19903655 | CA24: =BZ24-BZ23 -> 0 | CB24: 17452479 | CC24: =CB24-CB23 -> 0 | CD24: 18110963 | CE24: =CD24-CD23 -> 73 | CF24: 14101274 | CG24: =CF24-CF23 -> 971 | CH24: 4297547 | CI24: =CH24-CH23 -> 448 | CJ24: 4772933 | CK24: =CJ24-CJ23 -> 408 | CL24: 2717025 | CM24: =CL24-CL23 -> 117 | CN24: 69455937 | CO24: =CN24-CN23 -> 9487 | CP24: 4461626 | CQ24: =CP24-CP23 -> 305 | CR24: 5181802 | CS24: =CR24-CR23 -> 163 | CT24: 3054414 | CU24: =CT24-CT23 -> 253 | CV24: 41520086 | CW24: =CV24-CV23 -> 6767 | CX24: 6346044 | CY24: =CX24-CX23 -> 557 | CZ24: 6306484 | DA24: =CZ24-CZ23 -> 748 | DB24: 56640648 | DC24: =DB24-DB23 -> 4383 | DD24: 2000833 | DE24: =DD24-DD23 -> 495 | DF24: 21938716 | DG24: =DF24-DF23 -> 3699 | DH24: 32287320 | DI24: =DH24-DH23 -> 20 | DL24: 987440 | DM24: =DL24-DL23 -> 148 | DN24: 1054242 | DO24: =DN24-DN23 -> 180 | DP24: 1181336 | DQ24: =DP24-DP23 -> 525 | DR24: 1111473 | DS24: =DR24-DR23 -> 663 | DT24: 967548 | DU24: =DT24-DT23 -> 1008 | DV24: 1275129 | DW24: =DV24-DV23 -> 1364 | DX24: 811102 | DY24: =DX24-DX23 -> 498 | DZ24: 1442 | EA24: =DZ24-DZ23 -> 0 | EB24: 384775 | EC24: =EB24-EB23 -> 307 | ED24: 887376 | EE24: =ED24-ED23 -> 693 | EF24: 427947 | EG24: =EF24-EF23 -> 117 | EH24: 2598 | EI24: =EH24-EH23 -> 0 | EJ24: 978396 | EK24: =EJ24-EJ23 -> 432 | EL24: 3487085 | EM24: =EL24-EL23 -> 323 | EN24: 3859602 | EO24: =EN24-EN23 -> 382 | EP24: 4211377 | EQ24: =EP24-EP23 -> 456 | ER24: 5321793 | ES24: =ER24-ER23 -> 533 | ET24: 4362305 | EU24: =ET24-ET23 -> 399 | EV24: 4498266 | EW24: =EV24-EV23 -> 446 | EX24: 8805093 | EY24: =EX24-EX23 -> 874 | EZ24: 8706802 | FA24: =EZ24-EZ23 -> 1474 | FB24: 8666220 | FC24: =FB24-FB23 -> 707 | FD24: 8171262 | FE24: =FD24-FD23 -> 765 | FF24: 5149685 | FG24: =FF24-FF23 -> 710 | FH24: 3349361 | FI24: =FH24-FH23 -> 493 | FJ24: 1571031 | FK24: =FJ24-FJ23 -> 233
A25: 44176 | B25: 20744752 | C25: =B25-B24 -> 1967 | D25: 2312661 | E25: =D25-D24 -> 244 | F25: 27618325 | G25: =F25-F24 -> 3399 | H25: 5747899 | I25: =H25-H24 -> 502 | L25: 21667072 | M25: =L25-L24 -> 1794 | N25: 72798072 | O25: =N25-N24 -> 8811 | P25: 24190 | Q25: =P25-P24 -> 14 | R25: 4855 | S25: =R25-R24 -> 0 | T25: 31575407 | U25: =T25-T24 -> 3248 | V25: 1623642 | W25: =V25-V24 -> 233 | X25: 1871874 | Y25: =X25-X24 -> 203 | Z25: 3500659 | AA25: =Z25-Z24 -> 574 | AD25: 54821589 | AE25: =AD25-AD24 -> 5816 | AF25: 9942558 | AG25: =AF25-AF24 -> 1227 | AH25: 1545587 | AI25: =AH25-AH24 -> 206 | AJ25: 1768036 | AK25: =AJ25-AJ24 -> 205 | AL25: 4847188 | AM25: =AL25-AL24 -> 528 | AN25: 5155166 | AO25: =AN25-AN24 -> 759 | AR25: 1142195 | AS25: =AR25-AR24 -> 304 | AT25: 3142481 | AU25: =AT25-AT24 -> 473 | AX25: 575456 | AY25: =AX25-AX24 -> 187 | AZ25: 2363094 | BA25: =AZ25-AZ24 -> 28 | BB25: 4690675 | BC25: =BB25-BB24 -> 571 | BD25: 41702269 | BE25: =BD25-BD24 -> 5488 | BF25: 59005464 | BG25: =BF25-BF24 -> 8209 | BH25: 435439 | BI25: =BH25-BH24 -> 115 | BJ25: 11258545 | BK25: =BJ25-BJ24 -> 1746 | BL25: 1593470 | BM25: =BL25-BL24 -> 401 | BN25: 2341326 | BO25: =BN25-BN24 -> 138 | BP25: 10691604 | BQ25: =BP25-BP24 -> 1631 | BR25: 2624285 | BS25: =BR25-BR24 -> 224 | BT25: 13075381 | BU25: =BT25-BT24 -> 1646 | BV25: 10258707 | BW25: =BV25-BV24 -> 1304 | BX25: 1579264 | BY25: =BX25-BX24 -> 169 | BZ25: 19903655 | CA25: =BZ25-BZ24 -> 0 | CB25: 17452479 | CC25: =CB25-CB24 -> 0 | CD25: 18111036 | CE25: =CD25-CD24 -> 73 | CF25: 14102317 | CG25: =CF25-CF24 -> 1043 | CH25: 4298002 | CI25: =CH25-CH24 -> 455 | CJ25: 4773356 | CK25: =CJ25-CJ24 -> 423 | CL25: 2717192 | CM25: =CL25-CL24 -> 167 | CN25: 69466751 | CO25: =CN25-CN24 -> 10814 | CP25: 4461796 | CQ25: =CP25-CP24 -> 170 | CR25: 5181979 | CS25: =CR25-CR24 -> 177 | CT25: 3054666 | CU25: =CT25-CT24 -> 252 | CV25: 41528267 | CW25: =CV25-CV24 -> 8181 | CX25: 6346606 | CY25: =CX25-CX24 -> 562 | CZ25: 6307226 | DA25: =CZ25-CZ24 -> 742 | DB25: 56644816 | DC25: =DB25-DB24 -> 4168 | DD25: 2001316 | DE25: =DD25-DD24 -> 483 | DF25: 21942264 | DG25: =DF25-DF24 -> 3548 | DH25: 32287340 | DI25: =DH25-DH24 -> 20 | DL25: 987604 | DM25: =DL25-DL24 -> 164 | DN25: 1054401 | DO25: =DN25-DN24 -> 159 | DP25: 1181918 | DQ25: =DP25-DP24 -> 582 | DR25: 1112207 | DS25: =DR25-DR24 -> 734 | DT25: 968570 | DU25: =DT25-DT24 -> 1022 | DV25: 1276490 | DW25: =DV25-DV24 -> 1361 | DX25: 811594 | DY25: =DX25-DX24 -> 492 | DZ25: 1442 | EA25: =DZ25-DZ24 -> 0 | EB25: 385109 | EC25: =EB25-EB24 -> 334 | ED25: 888070 | EE25: =ED25-ED24 -> 694 | EF25: 428065 | EG25: =EF25-EF24 -> 118 | EH25: 2598 | EI25: =EH25-EH24 -> 0 | EJ25: 978857 | EK25: =EJ25-EJ24 -> 461 | EL25: 3487409 | EM25: =EL25-EL24 -> 324 | EN25: 3859989 | EO25: =EN25-EN24 -> 387 | EP25: 4211819 | EQ25: =EP25-EP24 -> 442 | ER25: 5322340 | ES25: =ER25-ER24 -> 547 | ET25: 4362696 | EU25: =ET25-ET24 -> 391 | EV25: 4498704 | EW25: =EV25-EV24 -> 438 | EX25: 8805967 | EY25: =EX25-EX24 -> 874 | EZ25: 8708203 | FA25: =EZ25-EZ24 -> 1401 | FB25: 8666923 | FC25: =FB25-FB24 -> 703 | FD25: 8172007 | FE25: =FD25-FD24 -> 745 | FF25: 5150376 | FG25: =FF25-FF24 -> 691 | FH25: 3349860 | FI25: =FH25-FH24 -> 499 | FJ25: 1571258 | FK25: =FJ25-FJ24 -> 227
... A45: 44196 | B45: 20782612 | C45: =B45-B44 -> 1986 | D45: 2317042 | E45: =D45-D44 -> 260 | F45: 27684404 | G45: =F45-F44 -> 3395 | H45: 5758327 | I45: =H45-H44 -> 503 | L45: 21703208 | M45: =L45-L44 -> 1756 | N45: 72994839 | O45: =N45-N44 -> 10096 | P45: 24415 | Q45: =P45-P44 -> 3 | R45: 4855 | S45: =R45-R44 -> 0 | T45: 31682035 | U45: =T45-T44 -> 5604 | V45: 1628910 | W45: =V45-V44 -> 291 | X45: 1875884 | Y45: =X45-X44 -> 192 | Z45: 3512201 | AA45: =Z45-Z44 -> 586 | AD45: 54948107 | AE45: =AD45-AD44 -> 5761 | AF45: 9967856 | AG45: =AF45-AF44 -> 996 | AH45: 1549755 | AI45: =AH45-AH44 -> 216 | AJ45: 1772251 | AK45: =AJ45-AJ44 -> 188 | AL45: 4858214 | AM45: =AL45-AL44 -> 533 | AN45: 5171881 | AO45: =AN45-AN44 -> 841 | AR45: 1148288 | AS45: =AR45-AR44 -> 304 | AT45: 3152744 | AU45: =AT45-AT44 -> 496 | AX45: 578516 | AY45: =AX45-AX44 -> 113 | AZ45: 2365385 | BA45: =AZ45-AZ44 -> 77 | BB45: 4704053 | BC45: =BB45-BB44 -> 759 | BD45: 41817833 | BE45: =BD45-BD44 -> 5705 | BF45: 59171200 | BG45: =BF45-BF44 -> 7960 | BH45: 437576 | BI45: =BH45-BH44 -> 100 | BJ45: 11289227 | BK45: =BJ45-BJ44 -> 1173 | BL45: 1601450 | BM45: =BL45-BL44 -> 401 | BN45: 2346561 | BO45: =BN45-BN44 -> 158 | BP45: 10728076 | BQ45: =BP45-BP44 -> 1860 | BR45: 2628546 | BS45: =BR45-BR44 -> 211 | BT45: 13106572 | BU45: =BT45-BT44 -> 1647 | BV45: 10285536 | BW45: =BV45-BV44 -> 1393 | BX45: 1583001 | BY45: =BX45-BX44 -> 177 | BZ45: 19904809 | CA45: =BZ45-BZ44 -> 0 | CB45: 17456099 | CC45: =CB45-CB44 -> 0 | CD45: 18114215 | CE45: =CD45-CD44 -> 75 | CF45: 14122436 | CG45: =CF45-CF44 -> 1030 | CH45: 4306498 | CI45: =CH45-CH44 -> 450 | CJ45: 4782296 | CK45: =CJ45-CJ44 -> 477 | CL45: 2719904 | CM45: =CL45-CL44 -> 105 | CN45: 69630251 | CO45: =CN45-CN44 -> 7579 | CP45: 4463982 | CQ45: =CP45-CP44 -> 97 | CR45: 5185349 | CS45: =CR45-CR44 -> 165 | CT45: 3059578 | CU45: =CT45-CT44 -> 243 | CV45: 41641158 | CW45: =CV45-CV44 -> 5067 | CX45: 6357855 | CY45: =CX45-CX44 -> 557 | CZ45: 6322095 | DA45: =CZ45-CZ44 -> 746 | DB45: 56732274 | DC45: =DB45-DB44 -> 3904 | DD45: 2011090 | DE45: =DD45-DD44 -> 484 | DF45: 22009322 | DG45: =DF45-DF44 -> 3289 | DH45: 32295398 | DI45: =DH45-DH44 -> 20 | DL45: 992716 | DM45: =DL45-DL44 -> 201 | DN45: 1059924 | DO45: =DN45-DN44 -> 178 | DP45: 1196736 | DQ45: =DP45-DP44 -> 679 | DR45: 1129784 | DS45: =DR45-DR44 -> 797 | DT45: 987150 | DU45: =DT45-DT44 -> 962 | DV45: 1303689 | DW45: =DV45-DV44 -> 1320 | DX45: 823592 | DY45: =DX45-DX44 -> 578 | DZ45: 1442 | EA45: =DZ45-DZ44 -> 0 | EB45: 391690 | EC45: =EB45-EB44 -> 326 | ED45: 846483 | EE45: =ED45-ED44 -> 691 | EF45: 431379 | EG45: =EF45-EF44 -> 158 | EH45: 2884 | EI45: =EH45-EH44 -> 14 | EJ45: 987976 | EK45: =EJ45-EJ44 -> 431 | EL45: 3494108 | EM45: =EL45-EL44 -> 329 | EN45: 3867427 | EO45: =EN45-EN44 -> 350 | EP45: 4219771 | EQ45: =EP45-EP44 -> 373 | ER45: 5333583 | ES45: =ER45-ER44 -> 595 | ET45: 4370046 | EU45: =ET45-ET44 -> 373 | EV45: 4506875 | EW45: =EV45-EV44 -> 436 | EX45: 8822826 | EY45: =EX45-EX44 -> 848 | EZ45: 8733998 | FA45: =EZ45-EZ44 -> 1261 | FB45: 8680769 | FC45: =FB45-FB44 -> 703 | FD45: 8186824 | FE45: =FD45-FD44 -> 749 | FF45: 5162520 | FG45: =FF45-FF44 -> 637 | FH45: 3359658 | FI45: =FH45-FH44 -> 501 | FJ45: 1575712 | FK45: =FJ45-FJ44 -> 231
C47: =SUM(C15:C46) -> 60776 | E47: =SUM(E15:E46) -> 7108 | G47: =SUM(G15:G46) -> 103522 | I47: =SUM(I15:I46) -> 16121 | M47: =SUM(M15:M46) -> 56668 | O47: =SUM(O15:O46) -> 295577 | Q47: =SUM(Q15:Q46) -> 325 | S47: =SUM(S15:S46) -> 1 | U47: =SUM(U15:U46) -> 143926 | W47: =SUM(W15:W46) -> 7976 | Y47: =SUM(Y15:Y46) -> 6363 | AA47: =SUM(AA15:AA46) -> 17936 | AE47: =SUM(AE15:AE46) -> 191551 | AG47: =SUM(AG15:AG46) -> 37859 | AI47: =SUM(AI15:AI46) -> 6324 | AK47: =SUM(AK15:AK46) -> 6277 | AM47: =SUM(AM15:AM46) -> 16945 | AO47: =SUM(AO15:AO46) -> 25607 | AS47: =SUM(AS15:AS46) -> 12382 | AU47: =SUM(AU15:AU46) -> 15652 | AY47: =SUM(AY15:AY46) -> 5114 | BA47: =SUM(BA15:BA46) -> 2792 | BC47: =SUM(BC15:BC46) -> 20909 | BE47: =SUM(BE15:BE46) -> 178306 | BG47: =SUM(BG15:BG46) -> 258582 | BI47: =SUM(BI15:BI46) -> 3533 | BK47: =SUM(BK15:BK46) -> 49597 | BM47: =SUM(BM15:BM46) -> 12412 | BO47: =SUM(BO15:BO46) -> 6719 | BQ47: =SUM(BQ15:BQ46) -> 55343 | BS47: =SUM(BS15:BS46) -> 6614 | BU47: =SUM(BU15:BU46) -> 49044 | BW47: =SUM(BW15:BW46) -> 43095 | BY47: =SUM(BY15:BY46) -> 5859 | CA47: =SUM(CA15:CA46) -> 1154 | CC47: =SUM(CC15:CC46) -> 3621 | CE47: =SUM(CE15:CE46) -> 12662 | CG47: =SUM(CG15:CG46) -> 30729 | CI47: =SUM(CI15:CI46) -> 13383 | CK47: =SUM(CK15:CK46) -> 13474 | CM47: =SUM(CM15:CM46) -> 3916 | CO47: =SUM(CO15:CO46) -> 260235 | CQ47: =SUM(CQ15:CQ46) -> 6443 | CS47: =SUM(CS15:CS46) -> 5240 | CU47: =SUM(CU15:CU46) -> 7641 | CW47: =SUM(CW15:CW46) -> 178604 | CY47: =SUM(CY15:CY46) -> 17425 | DA47: =SUM(DA15:DA46) -> 23099 | DC47: =SUM(DC15:DC46) -> 132371 | DE47: =SUM(DE15:DE46) -> 15221 | DG47: =SUM(DG15:DG46) -> 104974 | DI47: =SUM(DI15:DI46) -> 8276 | DM47: =SUM(DM15:DM46) -> 6976 | DO47: =SUM(DO15:DO46) -> 7846 | DQ47: =SUM(DQ15:DQ46) -> 21412 | DS47: =SUM(DS15:DS21,DS23:DS45) -> 25105 | DU47: =SUM(DU15:DU46) -> 29499 | DW47: =SUM(DW15:DW20,DW22:DW45) -> 40813 | DY47: =SUM(DY15:DY46) -> 17883 | EA47: =SUM(EA15:EA46) -> 0 | EC47: =SUM(EC15:EC46) -> 10129 | EE47: =SUM(EE15:EE35,EE37:EE45) -> 20945 | EG47: =SUM(EG15:EG46) -> 5151 | EI47: =SUM(EI15:EI46) -> 286 | EK47: =SUM(EK15:EK46) -> 13997 | EM47: =SUM(EM15:EM46) -> 10373 | EO47: =SUM(EO15:EO46) -> 11629 | EQ47: =SUM(EQ15:EQ46) -> 12826 | ES47: =SUM(ES15:ES46) -> 16747 | EU47: =SUM(EU15:EU46) -> 11934 | EW47: =SUM(EW15:EW46) -> 12916 | EY47: =SUM(EY15:EY46) -> 26327 | FA47: =SUM(FA15:FA46) -> 41645 | FC47: =SUM(FC15:FC46) -> 21525 | FE47: =SUM(FE15:FE46) -> 23264 | FG47: =SUM(FG15:FG46) -> 19642 | FI47: =SUM(FI15:FI46) -> 15241 | FK47: =SUM(FK15:FK46) -> 7115

Sheet Submetering Water
C2: Cleansing & EP | E2: Water Feature Make Up | G2: Irrigation | I2: Laundry | K2: A/C Make Up | M2: P1 Water Feature A | O2: P1 Water Feature C | Q2: Fresh Water Supply for FSP Guest Room Floor | S2: Condensate Boiler | V2: Fresh Water Supply for Hotel & Podium | X2: Fresh Water Supply for Hotel | Z2: Fresh Water Supply for Podium | AB2: Condensate Steam Boiler | AD2: P5 staff changing room - Cold water supply | AF2: P5 staff changing room - Hot water supply | AH2: P5 staff changing room - Hot water return | AJ2: P4 LKH Feature | AL2: All FSH Guest Room & Podium Toilet | AO2: Swimming Pool Make Up | AQ2: 60/F Penthouse Swimming Pools | AS2: 59/F Swimming Pool sub-meter | AU2: 59/F Jacuzzis Pool | AW2: P6 Swimming Pool (Infinite Pool ) | AY2: P6 Water Feature 1 | BA2: P6 Water Feature 2 | BC2: P6 Jacuzzi Pool | BE2: P6 Spa Vitality Pool | BH2: Food & Beverage Outlets | BJ2: Canteen Dishwash Area - Cold water supply | BL2: Canteen Dishwash Area - Hot water supply | BN2: Canteen Dishwash Area - Hot water return | BP2: Canteen kitchen / Dishwash Area - Cold water supply | BR2: Canteen kitchen / Dishwash Area - Hot water supply | BT2: Canteen kitchen / Dishwash Area - Hot water return | BV2: LKH kitchen - Cold water supply | BX2: LKH kitchen - Hot water supply | BZ2: LKH kitchen - Hot Water Return | CB2: LKH Pantry - Cold water Supply | CD2: LKH Pantry - Hot water Supply | CF2: LKH Pantry - Hot water Return | CH2: LKH Dish washing machine - Water supply | CJ2: Dish Washing Machine - Cold water supply | CL2: Dish Washing Machine - Hot water supply | CN2: Dish Washing Machine - Hot water Return | CP2: Hydro Vent System for LKH, Pool side pantry, P5 Canteen | CR2: F&B Other Outlet
E3: M16449102 | I3: M16601455 | Q3: M16601818 | V3: M16601852 | AO3: M9192527 | BH3: M118410300
A4: Date | C4: Reading | D4: Differecne | E4: Reading | F4: Differecne | G4: Reading | H4: Differecne | I4: Reading | J4: Differecne | K4: Reading | L4: Differecne | M4: Reading | N4: Differecne | O4: Reading | P4: Differecne | Q4: Reading | R4: Differecne | S4: Reading | T4: Differecne | V4: Reading | W4: Differecne | X4: Reading | Y4: Differecne | Z4: Reading | AA4: Differecne | AB4: Reading | AC4: Differecne | AD4: Reading | AE4: Differecne | AF4: Reading | AG4: Differecne | AH4: Reading | AI4: Differecne | AJ4: Reading | AK4: Differecne | AL4: Reading | AM4: Differecne | AO4: Reading | AP4: Differecne | AQ4: Reading | AR4: Differecne | AS4: Reading | AT4: Differecne | AU4: Reading | AV4: Differecne | AW4: Reading | AX4: Differecne | AY4: Reading | AZ4: Differecne | BA4: Reading | BB4: Differecne | BC4: Reading | BD4: Differecne | BE4: Reading | BF4: Differecne | BH4: Reading | BI4: Differecne | BJ4: Reading | BK4: Differecne | BL4: Reading | BM4: Differecne | BN4: Reading | BO4: Differecne | BP4: Reading | BQ4: Differecne | BR4: Reading | BS4: Differecne | BT4: Reading | BU4: Differecne | BV4: Reading | BW4: Differecne | BX4: Reading | BY4: Differecne | BZ4: Reading | CA4: Differecne | CB4: Reading | CC4: Differecne | CD4: Reading | CE4: Differecne | CF4: Reading | CG4: Differecne | CH4: Reading | CI4: Differecne | CJ4: Reading | CK4: Differecne | CL4: Reading | CM4: Differecne | CN4: Reading | CO4: Differecne | CP4: Reading | CQ4: Differecne | CR4: Reading | CS4: Differecne
