Workbook

Sheet TOTAL
A1: Site Name | B1: Day | C1: Month | D1: Year | E1: Total Electricity Kwh | F1: Electricity Tariff ($/Kwh) | G1: Natual Gas (m3) | H1: Natural Gas $/m3 | I1: Water Utility Supply (m3) m3 | J1: Water Utility Supply (m3) $/m3 | K1: Room Nights | L1: Food Covers
A2: Whistler | B2: 1 | C2: 3 | D2: 2022 | E2: ='FSRW Meter Readings'!I4 -> 14400 | F2: 0.06 | G2: ='FSRW Meter Readings'!F4 -> 2495.19 | H2: 0.4 | I2: ='FSRW Meter Readings'!L4 -> 70.5 | K2: ='FSRW Meter Readings'!B4 -> 155 | L2: ='FSRW Meter Readings'!C4 -> 0
A3: Whistler | B3: =B2+1 -> 2 | C3: 3 | D3: 2022 | E3: ='FSRW Meter Readings'!I5 -> 16800 | F3: 0.06 | G3: ='FSRW Meter Readings'!F5 -> 2736.66 | H3: 0.4 | I3: ='FSRW Meter Readings'!L5 -> 89.3 | K3: ='FSRW Meter Readings'!B5 -> 135 | L3: ='FSRW Meter Readings'!C5 -> 0
A4: Whistler | B4: =B3+1 -> 3 | C4: 3 | D4: 2022 | E4: ='FSRW Meter Readings'!I6 -> 20400 | F4: 0.06 | G4: ='FSRW Meter Readings'!F6 -> 2522.02 | H4: 0.4 | I4: ='FSRW Meter Readings'!L6 -> 23.5 | K4: ='FSRW Meter Readings'!B6 -> 161 | L4: ='FSRW Meter Readings'!C6 -> 0
A5: Whistler | B5: =B4+1 -> 4 | C5: 3 | D5: 2022 | E5: ='FSRW Meter Readings'!I7 -> 16800 | F5: 0.06 | G5: ='FSRW Meter Readings'!F7 -> 3165.94 | H5: 0.4 | I5: ='FSRW Meter Readings'!L7 -> 155.1 | K5: ='FSRW Meter Readings'!B7 -> 192 | L5: ='FSRW Meter Readings'!C7 -> 0
A6: Whistler | B6: =B5+1 -> 5 | C6: 3 | D6: 2022 | E6: ='FSRW Meter Readings'!I8 -> 13200 | F6: 0.06 | G6: ='FSRW Meter Readings'!F8 -> 2951.3 | H6: 0.4 | I6: ='FSRW Meter Readings'!L8 -> 84.6 | K6: ='FSRW Meter Readings'!B8 -> 214 | L6: ='FSRW Meter Readings'!C8 -> 0
A7: Whistler | B7: =B6+1 -> 6 | C7: 3 | D7: 2022 | E7: ='FSRW Meter Readings'!I9 -> 16800 | F7: 0.06 | G7: ='FSRW Meter Readings'!F9 -> 2790.32 | H7: 0.4 | I7: ='FSRW Meter Readings'!L9 -> 112.8 | K7: ='FSRW Meter Readings'!B9 -> 174 | L7: ='FSRW Meter Readings'!C9 -> 0
A8: Whistler | B8: =B7+1 -> 7 | C8: 3 | D8: 2022 | E8: ='FSRW Meter Readings'!I10 -> 15600 | F8: 0.06 | G8: ='FSRW Meter Readings'!F10 -> 2656.17 | H8: 0.4 | I8: ='FSRW Meter Readings'!L10 -> 0 | K8: ='FSRW Meter Readings'!B10 -> 172 | L8: ='FSRW Meter Readings'!C10 -> 0
A9: Whistler | B9: =B8+1 -> 8 | C9: 3 | D9: 2022 | E9: ='FSRW Meter Readings'!I11 -> 14400 | F9: 0.06 | G9: ='FSRW Meter Readings'!F11 -> 2334.21 | H9: 0.4 | I9: ='FSRW Meter Readings'!L11 -> 75.2 | K9: ='FSRW Meter Readings'!B11 -> 131 | L9: ='FSRW Meter Readings'!C11 -> 0
A10: Whistler | B10: =B9+1 -> 9 | C10: 3 | D10: 2022 | E10: ='FSRW Meter Readings'!I12 -> 19200 | F10: 0.06 | G10: ='FSRW Meter Readings'!F12 -> 2790.32 | H10: 0.4 | I10: ='FSRW Meter Readings'!L12 -> 75.2 | K10: ='FSRW Meter Readings'!B12 -> 136 | L10: ='FSRW Meter Readings'!C12 -> 0
A11: Whistler | B11: =B10+1 -> 10 | C11: 3 | D11: 2022 | E11: ='FSRW Meter Readings'!I13 -> 14400 | F11: 0.06 | G11: ='FSRW Meter Readings'!F13 -> 3434.24 | H11: 0.4 | I11: ='FSRW Meter Readings'!L13 -> 70.5 | K11: ='FSRW Meter Readings'!B13 -> 147 | L11: ='FSRW Meter Readings'!C13 -> 0
A12: Whistler | B12: =B11+1 -> 11 | C12: 3 | D12: 2022 | E12: ='FSRW Meter Readings'!I14 -> 19200 | F12: 0.06 | G12: ='FSRW Meter Readings'!F14 -> 3622.05 | H12: 0.4 | I12: ='FSRW Meter Readings'!L14 -> 94 | K12: ='FSRW Meter Readings'!B14 -> 162 | L12: ='FSRW Meter Readings'!C14 -> 0
A13: Whistler | B13: =B12+1 -> 12 | C13: 3 | D13: 2022 | E13: ='FSRW Meter Readings'!I15 -> 16800 | F13: 0.06 | G13: ='FSRW Meter Readings'!F15 -> 3165.94 | H13: 0.4 | I13: ='FSRW Meter Readings'!L15 -> 103.4 | K13: ='FSRW Meter Readings'!B15 -> 166 | L13: ='FSRW Meter Readings'!C15 -> 0
A14: Whistler | B14: =B13+1 -> 13 | C14: 3 | D14: 2022 | E14: ='FSRW Meter Readings'!I16 -> 16800 | F14: 0.06 | G14: ='FSRW Meter Readings'!F16 -> 2951.3 | H14: 0.4 | I14: ='FSRW Meter Readings'!L16 -> 126.9 | K14: ='FSRW Meter Readings'!B16 -> 169 | L14: ='FSRW Meter Readings'!C16 -> 0
... A32: Whistler | B32: =B31+1 -> 31 | C32: 3 | D32: 2022 | E32: ='FSRW Meter Readings'!I34 -> 20400 | F32: 0.06 | G32: ='FSRW Meter Readings'!F34 -> 1770.78 | H32: 0.4 | I32: ='FSRW Meter Readings'!L34 -> 61.1 | K32: ='FSRW Meter Readings'!B34 -> 125 | L32: ='FSRW Meter Readings'!C34 -> 0

Sheet FSRW Meter Readings
A1: Date | B1: Room Night | C1: Food Covers | D1: Natural Gas | G1: Electricity (Hydro) | J1: Water
D2: Gas (GJ) | E2: Daily consumption GJ | F2: Daily consumption m3 | G2: Reading KWh | H2: Hydro (Kw/h) | I2: Kw/h with multiplier | J2: Reading M³ | K2: Daily consumption M³ | L2: Conv x 4.7
A3: 44620 | D3: 179855 | G3: 50011 | J3: 103770
A4: 44621 | B4: 155 | C4: 0 | D4: 179948 | E4: =IF(D4-D3<0,"0",D4-D3) -> 93 | F4: =E4*26.83 -> 2495.19 | G4: 50023 | H4: =IF(G4-G3<0,"0",G4-G3) -> 12 | I4: =H4*1200 -> 14400 | J4: 103785 | K4: =IF(J4-J3<0,"0",J4-J3) -> 15 | L4: =SUM(K4*4.7) -> 70.5
A5: 44622 | B5: 135 | C5: 0 | D5: 180050 | E5: =IF(D5-D4<0,"0",D5-D4) -> 102 | F5: =E5*26.83 -> 2736.66 | G5: 50037 | H5: =IF(G5-G4<0,"0",G5-G4) -> 14 | I5: =H5*1200 -> 16800 | J5: 103804 | K5: =IF(J5-J4<0,"0",J5-J4) -> 19 | L5: =SUM(K5*4.7) -> 89.3
A6: 44623 | B6: 161 | C6: 0 | D6: 180144 | E6: =IF(D6-D5<0,"0",D6-D5) -> 94 | F6: =E6*26.83 -> 2522.02 | G6: 50054 | H6: =IF(G6-G5<0,"0",G6-G5) -> 17 | I6: =H6*1200 -> 20400 | J6: 103809 | K6: =IF(J6-J5<0,"0",J6-J5) -> 5 | L6: =SUM(K6*4.7) -> 23.5
A7: 44624 | B7: 192 | C7: 0 | D7: 180262 | E7: =IF(D7-D6<0,"0",D7-D6) -> 118 | F7: =E7*26.83 -> 3165.94 | G7: 50068 | H7: =IF(G7-G6<0,"0",G7-G6) -> 14 | I7: =H7*1200 -> 16800 | J7: 103842 | K7: =IF(J7-J6<0,"0",J7-J6) -> 33 | L7: =SUM(K7*4.7) -> 155.1
A8: 44625 | B8: 214 | C8: 0 | D8: 180372 | E8: =IF(D8-D7<0,"0",D8-D7) -> 110 | F8: =E8*26.83 -> 2951.3 | G8: 50079 | H8: =IF(G8-G7<0,"0",G8-G7) -> 11 | I8: =H8*1200 -> 13200 | J8: 103860 | K8: =IF(J8-J7<0,"0",J8-J7) -> 18 | L8: =SUM(K8*4.7) -> 84.6
A9: 44626 | B9: 174 | C9: 0 | D9: 180476 | E9: =IF(D9-D8<0,"0",D9-D8) -> 104 | F9: =E9*26.83 -> 2790.32 | G9: 50093 | H9: =IF(G9-G8<0,"0",G9-G8) -> 14 | I9: =H9*1200 -> 16800 | J9: 103884 | K9: =IF(J9-J8<0,"0",J9-J8) -> 24 | L9: =SUM(K9*4.7) -> 112.8
A10: 44627 | B10: 172 | C10: 0 | D10: 180575 | E10: =IF(D10-D9<0,"0",D10-D9) -> 99 | F10: =E10*26.83 -> 2656.17 | G10: 50106 | H10: =IF(G10-G9<0,"0",G10-G9) -> 13 | I10: =H10*1200 -> 15600 | J10: 103884 | K10: =IF(J10-J9<0,"0",J10-J9) -> 0 | L10: =SUM(K10*4.7) -> 0
A11: 44628 | B11: 131 | C11: 0 | D11: 180662 | E11: =IF(D11-D10<0,"0",D11-D10) -> 87 | F11: =E11*26.83 -> 2334.21 | G11: 50118 | H11: =IF(G11-G10<0,"0",G11-G10) -> 12 | I11: =H11*1200 -> 14400 | J11: 103900 | K11: =IF(J11-J10<0,"0",J11-J10) -> 16 | L11: =SUM(K11*4.7) -> 75.2
A12: 44629 | B12: 136 | C12: 0 | D12: 180766 | E12: =IF(D12-D11<0,"0",D12-D11) -> 104 | F12: =E12*26.83 -> 2790.32 | G12: 50134 | H12: =IF(G12-G11<0,"0",G12-G11) -> 16 | I12: =H12*1200 -> 19200 | J12: 103916 | K12: =IF(J12-J11<0,"0",J12-J11) -> 16 | L12: =SUM(K12*4.7) -> 75.2
A13: 44630 | B13: 147 | C13: 0 | D13: 180894 | E13: =IF(D13-D12<0,"0",D13-D12) -> 128 | F13: =E13*26.83 -> 3434.24 | G13: 50146 | H13: =IF(G13-G12<0,"0",G13-G12) -> 12 | I13: =H13*1200 -> 14400 | J13: 103931 | K13: =IF(J13-J12<0,"0",J13-J12) -> 15 | L13: =SUM(K13*4.7) -> 70.5
A14: 44631 | B14: 162 | C14: 0 | D14: 181029 | E14: =IF(D14-D13<0,"0",D14-D13) -> 135 | F14: =E14*26.83 -> 3622.05 | G14: 50162 | H14: =IF(G14-G13<0,"0",G14-G13) -> 16 | I14: =H14*1200 -> 19200 | J14: 103951 | K14: =IF(J14-J13<0,"0",J14-J13) -> 20 | L14: =SUM(K14*4.7) -> 94
A15: 44632 | B15: 166 | C15: 0 | D15: 181147 | E15: =IF(D15-D14<0,"0",D15-D14) -> 118 | F15: =E15*26.83 -> 3165.94 | G15: 50176 | H15: =IF(G15-G14<0,"0",G15-G14) -> 14 | I15: =H15*1200 -> 16800 | J15: 103973 | K15: =IF(J15-J14<0,"0",J15-J14) -> 22 | L15: =SUM(K15*4.7) -> 103.4
... A34: 44651 | B34: 125 | C34: 0 | D34: 182944 | E34: =IF(D34-D33<0,"0",D34-D33) -> 66 | F34: =E34*26.83 -> 1770.78 | G34: 50456 | H34: =IF(G34-G33<0,"0",G34-G33) -> 17 | I34: =H34*1200 -> 20400 | J34: 104336 | K34: =IF(J34-J33<0,"0",J34-J33) -> 13 | L34: =SUM(K34*4.7) -> 61.1
F35: =SUM(F4:F34) -> 82877.87 | I35: =SUM(I4:I34) -> 534000 | K35: =SUM(K4:K34) -> 566 | L35: =SUM(L4:L34) -> 2660.2
