Workbook

Sheet TOTAL
A1: Site Name | B1: Day | C1: Month | D1: Year | E1: Total Electricity Kwh | F1: Electricity Tariff ($/Kwh) | G1: LPG (Kg) | H1: LPG $/Kg | I1: Total Fuel Oil (Liter) | J1: Fuel Oil $/Liter | K1: Water Utility Supply (m3) m3 | L1: Water Utility Supply (m3) $/m3 | M1: Room Nights | N1: Food Covers
A2: Bali Jimbaran | B2: 1 | C2: 1 | D2: 2022 | E2: ='FS Jimbaran January 2023'!P12 -> 24200 | F2: ='FS Jimbaran January 2023'!O12/'FS Jimbaran January 2023'!P12 -> 1199.9212 | G2: ='FS Jimbaran January 2023'!AG12 -> 693.54104 | H2: ='FS Jimbaran January 2023'!AH12/'FS Jimbaran January 2023'!AG12 -> 15233.91 | I2: ='FS Jimbaran January 2023'!AJ12 -> 55.22 | J2: ='FS Jimbaran January 2023'!AK12/'FS Jimbaran January 2023'!AJ12 -> 12000 | K2: ='FS Jimbaran January 2023'!V12 -> 538 | L2: ='FS Jimbaran January 2023'!AA12/'FS Jimbaran January 2023'!V12 -> 11223.719 | M2: ='RNs & Covers January 2023'!B6 -> 145 | N2: ='RNs & Covers January 2023'!C6 -> 881
A3: Bali Jimbaran | B3: =B2+1 -> 2 | C3: 1 | D3: 2022 | E3: ='FS Jimbaran January 2023'!P13 -> 23800 | F3: ='FS Jimbaran January 2023'!O13/'FS Jimbaran January 2023'!P13 -> 1197.2398 | G3: ='FS Jimbaran January 2023'!AG13 -> 706.1418 | H3: ='FS Jimbaran January 2023'!AH13/'FS Jimbaran January 2023'!AG13 -> 15388.838 | I3: ='FS Jimbaran January 2023'!AJ13 -> 55.23 | J3: ='FS Jimbaran January 2023'!AK13/'FS Jimbaran January 2023'!AJ13 -> 12000 | K3: ='FS Jimbaran January 2023'!V13 -> 660 | L3: ='FS Jimbaran January 2023'!AA13/'FS Jimbaran January 2023'!V13 -> 9912.1995 | M3: ='RNs & Covers January 2023'!B7 -> 132 | N3: ='RNs & Covers January 2023'!C7 -> 872
A4: Bali Jimbaran | B4: =B3+1 -> 3 | C4: 1 | D4: 2022 | E4: ='FS Jimbaran January 2023'!P14 -> 22980 | F4: ='FS Jimbaran January 2023'!O14/'FS Jimbaran January 2023'!P14 -> 1197.3671 | G4: ='FS Jimbaran January 2023'!AG14 -> 787.28388 | H4: ='FS Jimbaran January 2023'!AH14/'FS Jimbaran January 2023'!AG14 -> 15727.576 | I4: ='FS Jimbaran January 2023'!AJ14 -> 52.79 | J4: ='FS Jimbaran January 2023'!AK14/'FS Jimbaran January 2023'!AJ14 -> 12000 | K4: ='FS Jimbaran January 2023'!V14 -> 562 | L4: ='FS Jimbaran January 2023'!AA14/'FS Jimbaran January 2023'!V14 -> 10870.01 | M4: ='RNs & Covers January 2023'!B8 -> 126 | N4: ='RNs & Covers January 2023'!C8 -> 803
A5: Bali Jimbaran | B5: =B4+1 -> 4 | C5: 1 | D5: 2022 | E5: ='FS Jimbaran January 2023'!P15 -> 25800 | F5: ='FS Jimbaran January 2023'!O15/'FS Jimbaran January 2023'!P15 -> 1196.3259 | G5: ='FS Jimbaran January 2023'!AG15 -> 225.76252 | H5: ='FS Jimbaran January 2023'!AH15/'FS Jimbaran January 2023'!AG15 -> 14985.686 | I5: ='FS Jimbaran January 2023'!AJ15 -> 854.11 | J5: ='FS Jimbaran January 2023'!AK15/'FS Jimbaran January 2023'!AJ15 -> 12000 | K5: ='FS Jimbaran January 2023'!V15 -> 749 | L5: ='FS Jimbaran January 2023'!AA15/'FS Jimbaran January 2023'!V15 -> 9161.6969 | M5: ='RNs & Covers January 2023'!B9 -> 131 | N5: ='RNs & Covers January 2023'!C9 -> 819
A6: Bali Jimbaran | B6: =B5+1 -> 5 | C6: 1 | D6: 2022 | E6: ='FS Jimbaran January 2023'!P16 -> 23780 | F6: ='FS Jimbaran January 2023'!O16/'FS Jimbaran January 2023'!P16 -> 1194.1306 | G6: ='FS Jimbaran January 2023'!AG16 -> 180.73292 | H6: ='FS Jimbaran January 2023'!AH16/'FS Jimbaran January 2023'!AG16 -> 15065.057 | I6: ='FS Jimbaran January 2023'!AJ16 -> 529.07 | J6: ='FS Jimbaran January 2023'!AK16/'FS Jimbaran January 2023'!AJ16 -> 12000 | K6: ='FS Jimbaran January 2023'!V16 -> 667 | L6: ='FS Jimbaran January 2023'!AA16/'FS Jimbaran January 2023'!V16 -> 10027.118 | M6: ='RNs & Covers January 2023'!B10 -> 127 | N6: ='RNs & Covers January 2023'!C10 -> 835
A7: Bali Jimbaran | B7: =B6+1 -> 6 | C7: 1 | D7: 2022 | E7: ='FS Jimbaran January 2023'!P17 -> 25200 | F7: ='FS Jimbaran January 2023'!O17/'FS Jimbaran January 2023'!P17 -> 1195.4627 | G7: ='FS Jimbaran January 2023'!AG17 -> 201.84308 | H7: ='FS Jimbaran January 2023'!AH17/'FS Jimbaran January 2023'!AG17 -> 14723.808 | I7: ='FS Jimbaran January 2023'!AJ17 -> 469.65 | J7: ='FS Jimbaran January 2023'!AK17/'FS Jimbaran January 2023'!AJ17 -> 12000 | K7: ='FS Jimbaran January 2023'!V17 -> 484 | L7: ='FS Jimbaran January 2023'!AA17/'FS Jimbaran January 2023'!V17 -> 10957.728 | M7: ='RNs & Covers January 2023'!B11 -> 120 | N7: ='RNs & Covers January 2023'!C11 -> 730
A8: Bali Jimbaran | B8: =B7+1 -> 7 | C8: 1 | D8: 2022 | E8: ='FS Jimbaran January 2023'!P18 -> 24260 | F8: ='FS Jimbaran January 2023'!O18/'FS Jimbaran January 2023'!P18 -> 1195.6086 | G8: ='FS Jimbaran January 2023'!AG18 -> 260.40676 | H8: ='FS Jimbaran January 2023'!AH18/'FS Jimbaran January 2023'!AG18 -> 14687.234 | I8: ='FS Jimbaran January 2023'!AJ18 -> 551.97 | J8: ='FS Jimbaran January 2023'!AK18/'FS Jimbaran January 2023'!AJ18 -> 12000 | K8: ='FS Jimbaran January 2023'!V18 -> 644 | L8: ='FS Jimbaran January 2023'!AA18/'FS Jimbaran January 2023'!V18 -> 10129.294 | M8: ='RNs & Covers January 2023'!B12 -> 121 | N8: ='RNs & Covers January 2023'!C12 -> 765
A9: Bali Jimbaran | B9: =B8+1 -> 8 | C9: 1 | D9: 2022 | E9: ='FS Jimbaran January 2023'!P19 -> 23420 | F9: ='FS Jimbaran January 2023'!O19/'FS Jimbaran January 2023'!P19 -> 1199.4837 | G9: ='FS Jimbaran January 2023'!AG19 -> 180.33356 | H9: ='FS Jimbaran January 2023'!AH19/'FS Jimbaran January 2023'!AG19 -> 14261.689 | I9: ='FS Jimbaran January 2023'!AJ19 -> 458.83 | J9: ='FS Jimbaran January 2023'!AK19/'FS Jimbaran January 2023'!AJ19 -> 12000 | K9: ='FS Jimbaran January 2023'!V19 -> 729 | L9: ='FS Jimbaran January 2023'!AA19/'FS Jimbaran January 2023'!V19 -> 9303.2752 | M9: ='RNs & Covers January 2023'!B13 -> 105 | N9: ='RNs & Covers January 2023'!C13 -> 672
A10: Bali Jimbaran | B10: =B9+1 -> 9 | C10: 1 | D10: 2022 | E10: ='FS Jimbaran January 2023'!P20 -> 22620 | F10: ='FS Jimbaran January 2023'!O20/'FS Jimbaran January 2023'!P20 -> 1193.3449 | G10: ='FS Jimbaran January 2023'!AG20 -> 489.98064 | H10: ='FS Jimbaran January 2023'!AH20/'FS Jimbaran January 2023'!AG20 -> 15660.759 | I10: ='FS Jimbaran January 2023'!AJ20 -> 296.68 | J10: ='FS Jimbaran January 2023'!AK20/'FS Jimbaran January 2023'!AJ20 -> 12000 | K10: ='FS Jimbaran January 2023'!V20 -> 715 | L10: ='FS Jimbaran January 2023'!AA20/'FS Jimbaran January 2023'!V20 -> 9096.7141 | M10: ='RNs & Covers January 2023'!B14 -> 101 | N10: ='RNs & Covers January 2023'!C14 -> 670
A11: Bali Jimbaran | B11: =B10+1 -> 10 | C11: 1 | D11: 2022 | E11: ='FS Jimbaran January 2023'!P21 -> 22920 | F11: ='FS Jimbaran January 2023'!O21/'FS Jimbaran January 2023'!P21 -> 1197.18 | G11: ='FS Jimbaran January 2023'!AG21 -> 648.30316 | H11: ='FS Jimbaran January 2023'!AH21/'FS Jimbaran January 2023'!AG21 -> 15318.78 | I11: ='FS Jimbaran January 2023'!AJ21 -> 58.35 | J11: ='FS Jimbaran January 2023'!AK21/'FS Jimbaran January 2023'!AJ21 -> 12000 | K11: ='FS Jimbaran January 2023'!V21 -> 600 | L11: ='FS Jimbaran January 2023'!AA21/'FS Jimbaran January 2023'!V21 -> 9325.3795 | M11: ='RNs & Covers January 2023'!B15 -> 82 | N11: ='RNs & Covers January 2023'!C15 -> 523
A12: Bali Jimbaran | B12: =B11+1 -> 11 | C12: 1 | D12: 2022 | E12: ='FS Jimbaran January 2023'!P22 -> 22800 | F12: ='FS Jimbaran January 2023'!O22/'FS Jimbaran January 2023'!P22 -> 1191.5559 | G12: ='FS Jimbaran January 2023'!AG22 -> 700.26436 | H12: ='FS Jimbaran January 2023'!AH22/'FS Jimbaran January 2023'!AG22 -> 15456.036 | I12: ='FS Jimbaran January 2023'!AJ22 -> 58.37 | J12: ='FS Jimbaran January 2023'!AK22/'FS Jimbaran January 2023'!AJ22 -> 12000 | K12: ='FS Jimbaran January 2023'!V22 -> 715 | L12: ='FS Jimbaran January 2023'!AA22/'FS Jimbaran January 2023'!V22 -> 9136.2528 | M12: ='RNs & Covers January 2023'!B16 -> 83 | N12: ='RNs & Covers January 2023'!C16 -> 520
A13: Bali Jimbaran | B13: =B12+1 -> 12 | C13: 1 | D13: 2022 | E13: ='FS Jimbaran January 2023'!P23 -> 23520 | F13: ='FS Jimbaran January 2023'!O23/'FS Jimbaran January 2023'!P23 -> 1199.0078 | G13: ='FS Jimbaran January 2023'!AG23 -> 265.0424 | H13: ='FS Jimbaran January 2023'!AH23/'FS Jimbaran January 2023'!AG23 -> 14602.545 | I13: ='FS Jimbaran January 2023'!AJ23 -> 382.96 | J13: ='FS Jimbaran January 2023'!AK23/'FS Jimbaran January 2023'!AJ23 -> 12000 | K13: ='FS Jimbaran January 2023'!V23 -> 683 | L13: ='FS Jimbaran January 2023'!AA23/'FS Jimbaran January 2023'!V23 -> 9612.7721 | M13: ='RNs & Covers January 2023'!B17 -> 77 | N13: ='RNs & Covers January 2023'!C17 -> 519
A14: Bali Jimbaran | B14: =B13+1 -> 13 | C14: 1 | D14: 2022 | E14: ='FS Jimbaran January 2023'!P24 -> 23720 | F14: ='FS Jimbaran January 2023'!O24/'FS Jimbaran January 2023'!P24 -> 1190.7322 | G14: ='FS Jimbaran January 2023'!AG24 -> 182.62952 | H14: ='FS Jimbaran January 2023'!AH24/'FS Jimbaran January 2023'!AG24 -> 12989.007 | I14: ='FS Jimbaran January 2023'!AJ24 -> 377.77 | J14: ='FS Jimbaran January 2023'!AK24/'FS Jimbaran January 2023'!AJ24 -> 12000 | K14: ='FS Jimbaran January 2023'!V24 -> 678 | L14: ='FS Jimbaran January 2023'!AA24/'FS Jimbaran January 2023'!V24 -> 9628.0953 | M14: ='RNs & Covers January 2023'!B18 -> 68 | N14: ='RNs & Covers January 2023'!C18 -> 465
... A32: Bali Jimbaran | B32: =B31+1 -> 31 | C32: 1 | D32: 2022 | E32: ='FS Jimbaran January 2023'!P42 -> 22100 | F32: ='FS Jimbaran January 2023'!O42/'FS Jimbaran January 2023'!P42 -> 1201.7391 | G32: ='FS Jimbaran January 2023'!AG42 -> 1270.3104 | H32: ='FS Jimbaran January 2023'!AH42/'FS Jimbaran January 2023'!AG42 -> 5677.1107 | I32: ='FS Jimbaran January 2023'!AJ42 -> 50.68 | J32: ='FS Jimbaran January 2023'!AK42/'FS Jimbaran January 2023'!AJ42 -> 12000 | K32: ='FS Jimbaran January 2023'!V42 -> 604 | L32: ='FS Jimbaran January 2023'!AA42/'FS Jimbaran January 2023'!V42 -> 8148.0802 | M32: ='RNs & Covers January 2023'!B36 -> 51 | N32: ='RNs & Covers January 2023'!C36 -> 246

Sheet FS Jimbaran January 2023
B6: Four Seasons Resort Bali at Jimbaran Bay
B7: JANUARY 2023
B8: Date | C8: Room Nights | D8: Food Covers | E8: ELECTRICITY Resort & Sundara | V8: WATER | AC8: GAS
E9: Electricity Resort | J9: Electricity - Sundara | O9: Sub Total (Resort & Sundara) Cost (IDR) | P9: Sub Total (Resort & Sundara), KWh | Q9: Residences- Electricity KWh | R9: Residences- Electricity cost (IDR) | S9: TOTAL Electricity consumption (KWh) | T9: TOTAL Electricity cost | W9: Water (m3) | AA9: Total Water Cost | AC9: LPG | AJ9: Diesel
E10: BASED LOAD KWh (from 10 pm - 6 pm) | F10: Cost (IDR) | G10: PEAK LOAD KWh (from 6 pm - 10 pm) | H10: Cost (IDR) | I10: Resort Cost (IDR) | J10: BASED LOAD KWh (from 10 pm - 6 pm) | K10: Cost (IDR) | L10: PEAK LOAD KWh (from 6 pm - 10 pm) | M10: Cost (IDR) | N10: Sundara Cost (IDR) | T10: IDR | U10: USD | V10: Water consumption (m3) | W10: Municipal Water (m3) | X10: Municipal Water cost (IDR) | Y10: Deepwell Consumption (m3) | Z10: Deepwell water Cost (IDR) | AA10: IDR | AB10: USD | AC10: LPG Bulk (m3) | AD10: 50 Kg (tube) IVD & TW | AE10: Sundara 50 kg (tube) | AF10: 12 Kg (tube) | AG10: Total kg | AH10: IDR | AI10: USD | AJ10: Used (liters) | AK10: IDR | AL10: USD
AB11: 14522 | AC11: 15755 | AE11: 829000 | AF11: 213000 | AH11: =(AE11/50)+(AF11/12) -> 34330 | AK11: 12000
B12: 1 | C12: 145 | D12: 881 | E12: 17280 | F12: 17898278 | G12: 4520 | H12: 7022588.4 | I12: =(F12+H12)*1.05 -> 26166910 | J12: 1920 | K12: 1988697.6 | L12: 480 | M12: 745761.6 | N12: =(K12+M12)*1.05 -> 2871182.2 | O12: =I12+N12 -> 29038092 | P12: =E12+G12+J12+L12 -> 24200 | U12: 0 | V12: =W12+Y12 -> 538 | W12: 248 | X12: 4673064 | Y12: 290 | Z12: 1365296.8 | AA12: =X12+Z12 -> 6038360.8 | AB12: =AA12/$AB$11 -> 415.8078 | AC12: 486.62268 | AD12: 145.08856 | AE12: 61.8298 | AF12: 0 | AG12: =AC12+AD12+AE12+AF12 -> 693.54104 | AH12: 10565342 | AI12: =AH12/14522 -> 727.54041 | AJ12: 55.22 | AK12: 662640 | AL12: =AK12/14522 -> 45.630079
B13: 2 | C13: 132 | D13: 872 | E13: 17320 | F13: 17939710 | G13: 4320 | H13: 6711854.4 | I13: =(F13+H13)*1.05 -> 25884142 | J13: 1680 | K13: 1740110.4 | L13: 480 | M13: 745761.6 | N13: =(K13+M13)*1.05 -> 2610165.6 | O13: =I13+N13 -> 28494308 | P13: =E13+G13+J13+L13 -> 23800 | U13: 0 | V13: =W13+Y13 -> 660 | W13: 243 | X13: 4578849 | Y13: 417 | Z13: 1963202.6 | AA13: =X13+Z13 -> 6542051.6 | AB13: =AA13/$AB$11 -> 450.49247 | AC13: 474.17616 | AD13: 142.06756 | AE13: 65.89808 | AF13: 24 | AG13: =AC13+AD13+AE13+AF13 -> 706.1418 | AH13: 10866702 | AI13: =AH13/14522 -> 748.29237 | AJ13: 55.23 | AK13: 662760 | AL13: =AK13/14522 -> 45.638342
B14: 3 | C14: 126 | D14: 803 | E14: 16880 | F14: 17483966 | G14: 4200 | H14: 6525414 | I14: =(F14+H14)*1.05 -> 25209849 | J14: 1460 | K14: 1512238.8 | L14: 440 | M14: 683614.8 | N14: =(K14+M14)*1.05 -> 2305646.3 | O14: =I14+N14 -> 27515496 | P14: =E14+G14+J14+L14 -> 22980 | U14: 0 | V14: =W14+Y14 -> 562 | W14: 245 | X14: 4616535 | Y14: 317 | Z14: 1492410.6 | AA14: =X14+Z14 -> 6108945.6 | AB14: =AA14/$AB$11 -> 420.66834 | AC14: 435.66848 | AD14: 237.03256 | AE14: 66.58284 | AF14: 48 | AG14: =AC14+AD14+AE14+AF14 -> 787.28388 | AH14: 12382067 | AI14: =AH14/14522 -> 852.64201 | AJ14: 52.79 | AK14: 633480 | AL14: =AK14/14522 -> 43.622091
B15: 4 | C15: 131 | D15: 819 | E15: 18680 | F15: 19348370 | G15: 4640 | H15: 7209028.8 | I15: =(F15+H15)*1.05 -> 27885269 | J15: 1960 | K15: 2030128.8 | L15: 520 | M15: 807908.4 | N15: =(K15+M15)*1.05 -> 2979939.1 | O15: =I15+N15 -> 30865208 | P15: =E15+G15+J15+L15 -> 25800 | U15: 0 | V15: =W15+Y15 -> 749 | W15: 236 | X15: 4446948 | Y15: 513 | Z15: 2415163 | AA15: =X15+Z15 -> 6862111 | AB15: =AA15/$AB$11 -> 472.53209 | AC15: 0 | AD15: 141.86616 | AE15: 59.89636 | AF15: 24 | AG15: =AC15+AD15+AE15+AF15 -> 225.76252 | AH15: 3383206.1 | AI15: =AH15/14522 -> 232.97109 | AJ15: 854.11 | AK15: 10249320 | AL15: =AK15/14522 -> 705.77882
B16: 5 | C16: 127 | D16: 835 | E16: 17360 | F16: 17981141 | G16: 4200 | H16: 6525414 | I16: =(F16+H16)*1.05 -> 25731883 | J16: 1760 | K16: 1822972.8 | L16: 460 | M16: 714688.2 | N16: =(K16+M16)*1.05 -> 2664544.1 | O16: =I16+N16 -> 28396427 | P16: =E16+G16+J16+L16 -> 23780 | U16: 0 | V16: =W16+Y16 -> 667 | W16: 251 | X16: 4729593 | Y16: 416 | Z16: 1958494.7 | AA16: =X16+Z16 -> 6688087.7 | AB16: =AA16/$AB$11 -> 460.54867 | AC16: 0 | AD16: 112.01868 | AE16: 56.71424 | AF16: 12 | AG16: =AC16+AD16+AE16+AF16 -> 180.73292 | AH16: 2722751.7 | AI16: =AH16/14522 -> 187.49151 | AJ16: 529.07 | AK16: 6348840 | AL16: =AK16/14522 -> 437.18772
B17: 6 | C17: 120 | D17: 730 | E17: 18280 | F17: 18934058 | G17: 4520 | H17: 7022588.4 | I17: =(F17+H17)*1.05 -> 27254479 | J17: 1920 | K17: 1988697.6 | L17: 480 | M17: 745761.6 | N17: =(K17+M17)*1.05 -> 2871182.2 | O17: =I17+N17 -> 30125661 | P17: =E17+G17+J17+L17 -> 25200 | U17: 0 | V17: =W17+Y17 -> 484 | W17: 214 | X17: 4032402 | Y17: 270 | Z17: 1271138.4 | AA17: =X17+Z17 -> 5303540.4 | AB17: =AA17/$AB$11 -> 365.2073 | AC17: 0 | AD17: 136.5492 | AE17: 65.29388 | AF17: 0 | AG17: =AC17+AD17+AE17+AF17 -> 201.84308 | AH17: 2971898.7 | AI17: =AH17/14522 -> 204.64803 | AJ17: 469.65 | AK17: 5635800 | AL17: =AK17/14522 -> 388.08704
B18: 7 | C18: 121 | D18: 765 | E18: 17680 | F18: 18312590 | G18: 4360 | H18: 6774001.2 | I18: =(F18+H18)*1.05 -> 26340921 | J18: 1760 | K18: 1822972.8 | L18: 460 | M18: 714688.2 | N18: =(K18+M18)*1.05 -> 2664544 | O18: =I18+N18 -> 29005465 | P18: =E18+G18+J18+L18 -> 24260 | U18: 0 | V18: =W18+Y18 -> 644 | W18: 247 | X18: 4654221 | Y18: 397 | Z18: 1869044.2 | AA18: =X18+Z18 -> 6523265.2 | AB18: =AA18/$AB$11 -> 449.19882 | AC18: 45.39556 | AD18: 141.94672 | AE18: 61.06448 | AF18: 12 | AG18: =AC18+AD18+AE18+AF18 -> 260.40676 | AH18: 3824655 | AI18: =AH18/14522 -> 263.36971 | AJ18: 551.97 | AK18: 6623640 | AL18: =AK18/14522 -> 456.11073
B19: 8 | C19: 105 | D19: 672 | E19: 17000 | F19: 17608260 | G19: 4360 | H19: 6774001.2 | I19: =(F19+H19)*1.05 -> 25601374 | J19: 1600 | K19: 1657248 | L19: 460 | M19: 714688.2 | N19: =(K19+M19)*1.05 -> 2490533 | O19: =I19+N19 -> 28091907 | P19: =E19+G19+J19+L19 -> 23420 | U19: 0 | V19: =W19+Y19 -> 729 | W19: 237 | X19: 4465791 | Y19: 492 | Z19: 2316296.6 | AA19: =X19+Z19 -> 6782087.6 | AB19: =AA19/$AB$11 -> 467.0216 | AC19: 0 | AD19: 125.875 | AE19: 54.45856 | AF19: 0 | AG19: =AC19+AD19+AE19+AF19 -> 180.33356 | AH19: 2571861.1 | AI19: =AH19/14522 -> 177.10102 | AJ19: 458.83 | AK19: 5505960 | AL19: =AK19/14522 -> 379.14612
B20: 9 | C20: 101 | D20: 670 | E20: 16680 | F20: 17276810 | G20: 3960 | H20: 6152533.2 | I20: =(F20+H20)*1.05 -> 24600811 | J20: 1540 | K20: 1595101.2 | L20: 440 | M20: 683614.8 | N20: =(K20+M20)*1.05 -> 2392651.8 | O20: =I20+N20 -> 26993463 | P20: =E20+G20+J20+L20 -> 22620 | U20: 0 | V20: =W20+Y20 -> 715 | W20: 222 | X20: 4183146 | Y20: 493 | Z20: 2321004.6 | AA20: =X20+Z20 -> 6504150.6 | AB20: =AA20/$AB$11 -> 447.88256 | AC20: 177.75564 | AD20: 209.84356 | AE20: 66.38144 | AF20: 36 | AG20: =AC20+AD20+AE20+AF20 -> 489.98064 | AH20: 7673468.7 | AI20: =AH20/14522 -> 528.40302 | AJ20: 296.68 | AK20: 3560160 | AL20: =AK20/14522 -> 245.15631
B21: 10 | C21: 82 | D21: 523 | E21: 17000 | F21: 17608260 | G21: 4160 | H21: 6463267.2 | I21: =(F21+H21)*1.05 -> 25275104 | J21: 1300 | K21: 1346514 | L21: 460 | M21: 714688.2 | N21: =(K21+M21)*1.05 -> 2164262.3 | O21: =I21+N21 -> 27439366 | P21: =E21+G21+J21+L21 -> 22920 | U21: 0 | V21: =W21+Y21 -> 600 | W21: 196 | X21: 3693228 | Y21: 404 | Z21: 1901999.7 | AA21: =X21+Z21 -> 5595227.7 | AB21: =AA21/$AB$11 -> 385.29319 | AC21: 447.3094 | AD21: 127.44592 | AE21: 61.54784 | AF21: 12 | AG21: =AC21+AD21+AE21+AF21 -> 648.30316 | AH21: 9931213.4 | AI21: =AH21/14522 -> 683.87367 | AJ21: 58.35 | AK21: 700200 | AL21: =AK21/14522 -> 48.216499
B22: 11 | C22: 83 | D22: 520 | E22: 16840 | F22: 17442535 | G22: 3880 | H22: 6028239.6 | I22: =(F22+H22)*1.05 -> 24644314 | J22: 1600 | K22: 1657248 | L22: 480 | M22: 745761.6 | N22: =(K22+M22)*1.05 -> 2523160.1 | O22: =I22+N22 -> 27167474 | P22: =E22+G22+J22+L22 -> 22800 | U22: 0 | V22: =W22+Y22 -> 715 | W22: 224 | X22: 4220832 | Y22: 491 | Z22: 2311588.7 | AA22: =X22+Z22 -> 6532420.7 | AB22: =AA22/$AB$11 -> 449.82927 | AC22: 492.0202 | AD22: 128.57376 | AE22: 67.6704 | AF22: 12 | AG22: =AC22+AD22+AE22+AF22 -> 700.26436 | AH22: 10823311 | AI22: =AH22/14522 -> 745.30444 | AJ22: 58.37 | AK22: 700440 | AL22: =AK22/14522 -> 48.233026
B23: 12 | C23: 77 | D23: 519 | E23: 17160 | F23: 17773985 | G23: 4360 | H23: 6774001.2 | I23: =(F23+H23)*1.05 -> 25775385 | J23: 1540 | K23: 1595101.2 | L23: 460 | M23: 714688.2 | N23: =(K23+M23)*1.05 -> 2425278.9 | O23: =I23+N23 -> 28200664 | P23: =E23+G23+J23+L23 -> 23520 | U23: 0 | V23: =W23+Y23 -> 683 | W23: 237 | X23: 4465791 | Y23: 446 | Z23: 2099732.3 | AA23: =X23+Z23 -> 6565523.3 | AB23: =AA23/$AB$11 -> 452.10875 | AC23: 64.60912 | AD23: 147.66648 | AE23: 52.7668 | AF23: 0 | AG23: =AC23+AD23+AE23+AF23 -> 265.0424 | AH23: 3870293.5 | AI23: =AH23/14522 -> 266.51243 | AJ23: 382.96 | AK23: 4595520 | AL23: =AK23/14522 -> 316.45228
... B41: 30 | C41: 59 | D41: 335 | E41: 15600 | F41: 16158168 | G41: 3560 | H41: 5531065.2 | I41: =(F41+H41)*1.05 -> 22773695 | J41: 1380 | K41: 1429376.4 | L41: 440 | M41: 683614.8 | N41: =(K41+M41)*1.05 -> 2218640.8 | O41: =I41+N41 -> 24992336 | P41: =E41+G41+J41+L41 -> 20980 | U41: 0 | V41: =W41+Y41 -> 755 | W41: 238 | X41: 4484634 | Y41: 517 | Z41: 2433994.6 | AA41: =X41+Z41 -> 6918628.6 | AB41: =AA41/$AB$11 -> 476.42395 | AC41: 441.75076 | AD41: 101.14308 | AE41: 54.05576 | AF41: 0 | AG41: =AC41+AD41+AE41+AF41 -> 596.9496 | AH41: 9100368.3 | AI41: =AH41/14522 -> 626.66081 | AJ41: 41.79 | AK41: 501480 | AL41: =AK41/14522 -> 34.532434
B42: 31 | C42: 51 | D42: 246 | E42: 16080 | F42: 16655342 | G42: 4160 | H42: 6463267.2 | I42: =(F42+H42)*1.05 -> 24274540 | J42: 1380 | K42: 1429376.4 | L42: 480 | M42: 745761.6 | N42: =(K42+M42)*1.05 -> 2283894.9 | O42: =I42+N42 -> 26558435 | P42: =E42+G42+J42+L42 -> 22100 | V42: =W42+Y42 -> 604 | W42: 147 | X42: 2769921 | Y42: 457 | Z42: 2151519.4 | AA42: =X42+Z42 -> 4921440.4 | AB42: =AA42/$AB$11 -> 338.8955 | AC42: 314.62708 | AD42: 898.68708 | AE42: 56.9962 | AF42: 0 | AG42: =AC42+AD42+AE42+AF42 -> 1270.3104 | AH42: 7211692.6 | AI42: =AH42/14522 -> 496.60464 | AJ42: 50.68 | AK42: 608160 | AL42: =AK42/14522 -> 41.878529
C46: =SUM(C12:C42) -> 2688 | D46: =SUM(D12:D42) -> 16965 | E46: =SUM(E12:E42) -> 521400 | F46: =SUM(F12:F42) -> 5.4005569e+08 | G46: =SUM(G12:G42) -> 127200 | H46: =SUM(H12:H42) -> 1.9762682e+08 | I46: =SUM(I12:I42) -> 7.7456664e+08 | J46: =SUM(J12:J42) -> 49040 | ... P46: =SUM(P12:P42) -> 712240 | V46: =SUM(V12:V42) -> 20423 | W46: =SUM(W12:W42) -> 7173 | X46: =SUM(X12:X42) -> 135160839 | Y46: =SUM(Y12:Y42) -> 13250 | Z46: =SUM(Z12:Z42) -> 62379940 | AA46: =SUM(AA12:AA42) -> 197540779 | AB46: =SUM(AB12:AB42) -> 13602.863 | AC46: =SUM(AC12:AC41) -> 8056.0806 | AD46: =SUM(AD12:AD41) -> 4245.5566 | AE46: =SUM(AE12:AE42) -> 1824.3618 | AF46: =SUM(AF12:AF42) -> 504 | AG46: =SUM(AG12:AG42) -> 15843.313 | AH46: =SUM(AH12:AH42) -> 2.2918764e+08 | AI46: =AH46/$AL$47 -> 19098.97 | AJ46: =SUM(AJ12:AJ42) -> 6289.3 | AK46: =SUM(AK12:AK42) -> 75471600 | AL46: =AK46/AL47 -> 6289.3
T47: kWh rate | U47: =U46/S46 -> #DIV/0! | V47: m3/RNs | AL47: =AK46/AJ46 -> 12000
P48: =O46/P46 -> 1195.8312 | AA48: =AA46/V46 -> 9672.4663 | AH48: =AH46/AG46 -> 14465.891 | AL48: =AK46/AJ46 -> 12000

Sheet RNs & Covers January 2023
A1: Four Seasons Resort Bali at Jimbaran Bay
A2: 44927
A3: Date | B3: Room Nights | C3: Food Covers
A6: 1 | B6: 145 | C6: 881
A7: 2 | B7: 132 | C7: 872
A8: =A7+1 -> 3 | B8: 126 | C8: 803
A9: =A8+1 -> 4 | B9: 131 | C9: 819
A10: =A9+1 -> 5 | B10: 127 | C10: 835
A11: =A10+1 -> 6 | B11: 120 | C11: 730
A12: =A11+1 -> 7 | B12: 121 | C12: 765
A13: =A12+1 -> 8 | B13: 105 | C13: 672
A14: =A13+1 -> 9 | B14: 101 | C14: 670
A15: =A14+1 -> 10 | B15: 82 | C15: 523
A16: =A15+1 -> 11 | B16: 83 | C16: 520
A17: =A16+1 -> 12 | B17: 77 | C17: 519
A18: =A17+1 -> 13 | B18: 68 | C18: 465
A19: =A18+1 -> 14 | B19: 61 | C19: 410
... A36: =A35+1 -> 31 | B36: 51 | C36: 246
B37: =SUM(B6:B36) -> 2688 | C37: =SUM(C6:C36) -> 16965
