Workbook

Sheet Sheet1
A1: Site Name | B1: Day | C1: Month | D1: Year | E1: Total Electricity Kwh | F1: Electricity Tariff ($/Kwh) | G1: LPG (Kg) | H1: LPG $/Kg | I1: District Energy Cooling Kwh | J1: District Energy Cooling $/Kwh | K1: Water Utility Supply (m3) m3 | L1: Water Utility Supply (m3) $/m3 | M1: Irrigation Water (m3) m3 | N1: Irrigation water $/m3 | O1: Room Nights | P1: Total Guests
A2: Bahrain Bay | B2: 1 | C2: 2 | D2: 2023 | E2: ='February 2023'!E5 -> 36600 | F2: 0.029 | G2: ='February 2023'!J5 -> 2970 | H2: 0.112 | I2: ='February 2023'!G5*1000 -> 30000 | J2: 0.0361 | K2: ='February 2023'!I5 -> 427 | L2: 0.75 | M2: ='February 2023'!L5 -> 0 | N2: 0.563 | O2: ='February 2023'!D5 -> 130
A3: Bahrain Bay | B3: =B2+1 -> 2 | C3: 2 | D3: 2023 | E3: ='February 2023'!E6 -> 36717 | F3: 0.029 | G3: ='February 2023'!J6 -> 2970 | H3: 0.112 | I3: ='February 2023'!G6*1000 -> 34000 | J3: 0.0361 | K3: ='February 2023'!I6 -> 436 | L3: 0.75 | M3: ='February 2023'!L6 -> 0 | N3: 0.563 | O3: ='February 2023'!D6 -> 156
A4: Bahrain Bay | B4: =B3+1 -> 3 | C4: 2 | D4: 2023 | E4: ='February 2023'!E7 -> 34525 | F4: 0.029 | G4: ='February 2023'!J7 -> 2970 | H4: 0.112 | I4: ='February 2023'!G7*1000 -> 29000 | J4: 0.0361 | K4: ='February 2023'!I7 -> 169 | L4: 0.75 | M4: ='February 2023'!L7 -> 39 | N4: 0.563 | O4: ='February 2023'!D7 -> 142
A5: Bahrain Bay | B5: =B4+1 -> 4 | C5: 2 | D5: 2023 | E5: ='February 2023'!E8 -> 34552 | F5: 0.029 | G5: ='February 2023'!J8 -> 2970 | H5: 0.112 | I5: ='February 2023'!G8*1000 -> 27000 | J5: 0.0361 | K5: ='February 2023'!I8 -> 506 | L5: 0.75 | M5: ='February 2023'!L8 -> 42 | N5: 0.563 | O5: ='February 2023'!D8 -> 84
A6: Bahrain Bay | B6: =B5+1 -> 5 | C6: 2 | D6: 2023 | E6: ='February 2023'!E9 -> 34579 | F6: 0.029 | G6: ='February 2023'!J9 -> 2970 | H6: 0.112 | I6: ='February 2023'!G9*1000 -> 29000 | J6: 0.0361 | K6: ='February 2023'!I9 -> 452 | L6: 0.75 | M6: ='February 2023'!L9 -> 0 | N6: 0.563 | O6: ='February 2023'!D9 -> 75
A7: Bahrain Bay | B7: =B6+1 -> 6 | C7: 2 | D7: 2023 | E7: ='February 2023'!E10 -> 34605 | F7: 0.029 | G7: 0 | H7: 0.112 | I7: ='February 2023'!G10*1000 -> 30000 | J7: 0.0361 | K7: ='February 2023'!I10 -> 459 | L7: 0.75 | M7: ='February 2023'!L10 -> 33 | N7: 0.563 | O7: ='February 2023'!D10 -> 98
A8: Bahrain Bay | B8: =B7+1 -> 7 | C8: 2 | D8: 2023 | E8: ='February 2023'!E11 -> 34632 | F8: 0.029 | G8: ='February 2023'!J11 -> 2970 | H8: 0.112 | I8: ='February 2023'!G11*1000 -> 35000 | J8: 0.0361 | K8: ='February 2023'!I11 -> 424 | L8: 0.75 | M8: ='February 2023'!L11 -> 34 | N8: 0.563 | O8: ='February 2023'!D11 -> 112
A9: Bahrain Bay | B9: =B8+1 -> 8 | C9: 2 | D9: 2023 | E9: ='February 2023'!E12 -> 34658 | F9: 0.029 | G9: ='February 2023'!J12 -> 2970 | H9: 0.112 | I9: ='February 2023'!G12*1000 -> 29000 | J9: 0.0361 | K9: ='February 2023'!I12 -> 428 | L9: 0.75 | M9: ='February 2023'!L12 -> 0 | N9: 0.563 | O9: ='February 2023'!D12 -> 129
A10: Bahrain Bay | B10: =B9+1 -> 9 | C10: 2 | D10: 2023 | E10: ='February 2023'!E13 -> 0 | F10: 0.029 | G10: ='February 2023'!J13 -> 0 | H10: 0.112 | I10: ='February 2023'!G13*1000 -> 0 | J10: 0.0361 | K10: ='February 2023'!I13 -> 0 | L10: 0.75 | M10: ='February 2023'!L13 -> 0 | N10: 0.563 | O10: ='February 2023'!D13 -> 0
A11: Bahrain Bay | B11: =B10+1 -> 10 | C11: 2 | D11: 2023 | E11: ='February 2023'!E14 -> 0 | F11: 0.029 | G11: ='February 2023'!J14 -> 0 | H11: 0.112 | I11: ='February 2023'!G14*1000 -> 0 | J11: 0.0361 | K11: ='February 2023'!I14 -> 0 | L11: 0.75 | M11: ='February 2023'!L14 -> 0 | N11: 0.563 | O11: ='February 2023'!D14 -> 0
A12: Bahrain Bay | B12: =B11+1 -> 11 | C12: 2 | D12: 2023 | E12: ='February 2023'!E15 -> 0 | F12: 0.029 | G12: ='February 2023'!J15 -> 0 | H12: 0.112 | I12: ='February 2023'!G15*1000 -> 0 | J12: 0.0361 | K12: ='February 2023'!I15 -> 0 | L12: 0.75 | M12: ='February 2023'!L15 -> 0 | N12: 0.563 | O12: ='February 2023'!D15 -> 0
A13: Bahrain Bay | B13: =B12+1 -> 12 | C13: 2 | D13: 2023 | E13: ='February 2023'!E16 -> 0 | F13: 0.029 | G13: ='February 2023'!J16 -> 0 | H13: 0.112 | I13: ='February 2023'!G16*1000 -> 0 | J13: 0.0361 | K13: ='February 2023'!I16 -> 0 | L13: 0.75 | M13: ='February 2023'!L16 -> 0 | N13: 0.563 | O13: ='February 2023'!D16 -> 0
A14: Bahrain Bay | B14: =B13+1 -> 13 | C14: 2 | D14: 2023 | E14: ='February 2023'!E17 -> 0 | F14: 0.029 | G14: ='February 2023'!J17 -> 0 | H14: 0.112 | I14: ='February 2023'!G17*1000 -> 0 | J14: 0.0361 | K14: ='February 2023'!I17 -> 0 | L14: 0.75 | M14: ='February 2023'!L17 -> 0 | N14: 0.563 | O14: ='February 2023'!D17 -> 0
A15: Bahrain Bay | B15: =B14+1 -> 14 | C15: 2 | D15: 2023 | E15: ='February 2023'!E18 -> 0 | F15: 0.029 | G15: ='February 2023'!J18 -> 0 | H15: 0.112 | I15: ='February 2023'!G18*1000 -> 0 | J15: 0.0361 | K15: ='February 2023'!I18 -> 0 | L15: 0.75 | M15: ='February 2023'!L18 -> 0 | N15: 0.563 | O15: ='February 2023'!D17 -> 0
A16: Bahrain Bay | B16: =B15+1 -> 15 | C16: 2 | D16: 2023 | E16: ='February 2023'!E19 -> 0 | F16: 0.029 | G16: ='February 2023'!J19 -> 0 | H16: 0.112 | I16: ='February 2023'!G20*1000 -> 0 | J16: 0.0361 | K16: ='February 2023'!I19 -> 0 | L16: 0.75 | M16: ='February 2023'!L19 -> 0 | N16: 0.563 | O16: ='February 2023'!D18 -> 0
A17: Bahrain Bay | B17: =B16+1 -> 16 | C17: 2 | D17: 2023 | E17: ='February 2023'!E20 -> 0 | F17: 0.029 | G17: ='February 2023'!J21 -> 0 | H17: 0.112 | I17: ='February 2023'!G21*1000 -> 0 | J17: 0.0361 | K17: ='February 2023'!I20 -> 0 | L17: 0.75 | M17: ='February 2023'!L20 -> 0 | N17: 0.563 | O17: ='February 2023'!D20 -> 0
A18: Bahrain Bay | B18: =B17+1 -> 17 | C18: 2 | D18: 2023 | E18: ='February 2023'!E21 -> 0 | F18: 0.029 | G18: ='February 2023'!J22 -> 0 | H18: 0.112 | I18: ='February 2023'!G22*1000 -> 0 | J18: 0.0361 | K18: ='February 2023'!I21 -> 0 | L18: 0.75 | M18: ='February 2023'!L21 -> 0 | N18: 0.563 | O18: ='February 2023'!D21 -> 0
A19: Bahrain Bay | B19: =B18+1 -> 18 | C19: 2 | D19: 2023 | E19: ='February 2023'!E22 -> 0 | F19: 0.029 | G19: ='February 2023'!J22 -> 0 | H19: 0.112 | I19: ='February 2023'!G23*1000 -> 0 | J19: 0.0361 | K19: ='February 2023'!I22 -> 0 | L19: 0.75 | M19: ='February 2023'!L22 -> 0 | N19: 0.563 | O19: ='February 2023'!D22 -> 0
A20: Bahrain Bay | B20: =B19+1 -> 19 | C20: 2 | D20: 2023 | E20: ='February 2023'!E23 -> 0 | F20: 0.029 | G20: ='February 2023'!J23 -> 0 | H20: 0.112 | I20: ='February 2023'!G24*1000 -> 0 | J20: 0.0361 | K20: ='February 2023'!I23 -> 0 | L20: 0.75 | M20: ='February 2023'!L23 -> 0 | N20: 0.563 | O20: ='February 2023'!D23 -> 0
A21: Bahrain Bay | B21: =B20+1 -> 20 | C21: 2 | D21: 2023 | E21: ='February 2023'!E24 -> 0 | F21: 0.029 | G21: ='February 2023'!J23 -> 0 | H21: 0.112 | I21: ='February 2023'!G25*1000 -> 0 | J21: 0.0361 | K21: ='February 2023'!I23 -> 0 | L21: 0.75 | M21: ='February 2023'!L24 -> 0 | N21: 0.563 | O21: ='February 2023'!D24 -> 0
A22: Bahrain Bay | B22: =B21+1 -> 21 | C22: 2 | D22: 2023 | E22: ='February 2023'!E25 -> 0 | F22: 0.029 | G22: ='February 2023'!J24 -> 0 | H22: 0.112 | I22: ='February 2023'!G26*1000 -> 0 | J22: 0.0361 | K22: ='February 2023'!I24 -> 0 | L22: 0.75 | M22: ='February 2023'!L25 -> 0 | N22: 0.563 | O22: ='February 2023'!D25 -> 0
A23: Bahrain Bay | B23: =B22+1 -> 22 | C23: 2 | D23: 2023 | E23: ='February 2023'!E26 -> 0 | F23: 0.029 | G23: ='February 2023'!J25 -> 0 | H23: 0.112 | I23: ='February 2023'!G27*1000 -> 0 | J23: 0.0361 | K23: ='February 2023'!I26 -> 0 | L23: 0.75 | M23: ='February 2023'!L26 -> 0 | N23: 0.563 | O23: ='February 2023'!D26 -> 0
A24: Bahrain Bay | B24: =B23+1 -> 23 | C24: 2 | D24: 2023 | E24: ='February 2023'!E27 -> 0 | F24: 0.029 | G24: ='February 2023'!J27 -> 0 | H24: 0.112 | I24: ='February 2023'!G27*1000 -> 0 | J24: 0.0361 | K24: ='February 2023'!I27 -> 0 | L24: 0.75 | M24: ='February 2023'!L27 -> 0 | N24: 0.563 | O24: ='February 2023'!D27 -> 0
A25: Bahrain Bay | B25: =B24+1 -> 24 | C25: 2 | D25: 2023 | E25: ='February 2023'!E28 -> 0 | F25: 0.029 | G25: ='February 2023'!J28 -> 0 | H25: 0.112 | I25: ='February 2023'!G28*1000 -> 0 | J25: 0.0361 | K25: ='February 2023'!I28 -> 0 | L25: 0.75 | M25: ='February 2023'!L28 -> 0 | N25: 0.563 | O25: ='February 2023'!D28 -> 0
A26: Bahrain Bay | B26: =B25+1 -> 25 | C26: 2 | D26: 2023 | E26: ='February 2023'!E29 -> 0 | F26: 0.029 | G26: ='February 2023'!J29 -> 0 | H26: 0.112 | I26: ='February 2023'!G29*1000 -> 0 | J26: 0.0361 | K26: ='February 2023'!I29 -> 0 | L26: 0.75 | M26: ='February 2023'!L29 -> 0 | N26: 0.563 | O26: ='February 2023'!D29 -> 0
A27: Bahrain Bay | B27: =B26+1 -> 26 | C27: 2 | D27: 2023 | E27: ='February 2023'!E30 -> 0 | F27: 0.029 | G27: ='February 2023'!J30 -> 0 | H27: 0.112 | I27: ='February 2023'!G30*1000 -> 0 | J27: 0.0361 | K27: ='February 2023'!I30 -> 0 | L27: 0.75 | M27: ='February 2023'!L30 -> 0 | N27: 0.563 | O27: ='February 2023'!D30 -> 0
A28: Bahrain Bay | B28: =B27+1 -> 27 | C28: 2 | D28: 2023 | E28: ='February 2023'!E31 -> 0 | F28: 0.029 | G28: ='February 2023'!J31 -> 0 | H28: 0.112 | I28: ='February 2023'!G31*1000 -> 0 | J28: 0.0361 | K28: ='February 2023'!I31 -> 0 | L28: 0.75 | M28: ='February 2023'!L31 -> 0 | N28: 0.563 | O28: ='February 2023'!D31 -> 0
A29: Bahrain Bay | B29: =B28+1 -> 28 | C29: 2 | D29: 2023 | E29: ='February 2023'!E32 -> 0 | F29: 0.029 | G29: ='February 2023'!J32 -> 0 | H29: 0.112 | I29: ='February 2023'!G32*1000 -> 0 | J29: 0.0361 | K29: ='February 2023'!I32 -> 0 | L29: 0.75 | M29: ='February 2023'!L32 -> 0 | N29: 0.563 | O29: ='February 2023'!D32 -> 0
A30: Bahrain Bay | B30: =B29+1 -> 29 | C30: 2 | D30: 2023 | E30: ='February 2023'!E33 -> 0 | F30: 0.029 | G30: ='February 2023'!J33 -> 0 | H30: 0.112 | I30: ='February 2023'!G33*1000 -> 0 | J30: 0.0361 | K30: ='February 2023'!I33 -> 0 | L30: 0.75 | M30: ='February 2023'!L33 -> 0 | N30: 0.563 | O30: ='February 2023'!D33 -> 0
A31: Bahrain Bay | B31: =B30+1 -> 30 | C31: 2 | D31: 2023 | E31: ='February 2023'!E34 -> 0 | F31: 0.029 | G31: ='February 2023'!J34 -> 0 | H31: 0.112 | I31: ='February 2023'!G34*1000 -> 0 | J31: 0.0361 | K31: ='February 2023'!I34 -> 0 | L31: 0.75 | M31: ='February 2023'!L34 -> 0 | N31: 0.563 | O31: ='February 2023'!D34 -> 0
A32: Bahrain Bay | B32: =B31+1 -> 31 | C32: 2 | D32: 2023 | E32: ='February 2023'!E35 -> 0 | F32: 0.029 | G32: ='February 2023'!J35 -> 0 | H32: 0.112 | I32: ='February 2023'!G35*1000 -> 0 | J32: 0.0361 | K32: ='February 2023'!I35 -> 0 | L32: 0.75 | M32: ='February 2023'!L35 -> 0 | N32: 0.563 | O32: ='February 2023'!D35 -> 0

Sheet February 2023
B2: Electricity and Utilities Reading
B3: S. No. | C3: Date | E3: Electricity Consumption kWh | F3: Chilled H2O Consumption Reading | G3: Consumption MWh | H3: Potable Water Consumption Reading | I3: Consumption m3 | K3: Irrigation Water Consumption Reading | L3: Consumption m3
D4: RoomNights | J4: LPG (Kg)
B5: 1 | C5: 44958 | D5: 130 | E5: 36600 | F5: 231498 | G5: =F6-F5 -> 30 | H5: 759187 | I5: =H6-H5 -> 427 | J5: 2970 | K5: 367167 | L5: =K6-K5 -> 0
B6: 2 | C6: 44959 | D6: 156 | E6: 36717 | F6: 231528 | G6: =F7-F6 -> 34 | H6: 759614 | I6: =H7-H6 -> 436 | J6: 2970 | K6: 367167 | L6: =K7-K6 -> 0
B7: 3 | C7: 44960 | D7: 142 | E7: 34525 | F7: 231562 | G7: =F8-F7 -> 29 | H7: 760050 | I7: =H8-H7 -> 169 | J7: 2970 | K7: 367167 | L7: =K8-K7 -> 39
B8: 4 | C8: 44961 | D8: 84 | E8: 34552 | F8: 231591 | G8: =F9-F8 -> 27 | H8: 760219 | I8: =H9-H8 -> 506 | J8: 2970 | K8: 367206 | L8: =K9-K8 -> 42
B9: 5 | C9: 44962 | D9: 75 | E9: 34579 | F9: 231618 | G9: =F10-F9 -> 29 | H9: 760725 | I9: =H10-H9 -> 452 | J9: 2970 | K9: 367248 | L9: =K10-K9 -> 0
B10: 6 | C10: 44963 | D10: 98 | E10: 34605 | F10: 231647 | G10: =F11-F10 -> 30 | H10: 761177 | I10: =H11-H10 -> 459 | J10: 2970 | K10: 367248 | L10: =K11-K10 -> 33
B11: 7 | C11: 44964 | D11: 112 | E11: 34632 | F11: 231677 | G11: =F12-F11 -> 35 | H11: 761636 | I11: =H12-H11 -> 424 | J11: 2970 | K11: 367281 | L11: =K12-K11 -> 34
B12: 8 | C12: 44965 | D12: 129 | E12: 34658 | F12: 231712 | G12: =F13-F12 -> 29 | H12: 762060 | I12: =H13-H12 -> 428 | J12: 2970 | K12: 367315 | L12: =K13-K12 -> 0
B13: 9 | C13: 44966 | F13: 231741 | H13: 762488 | J13: 0 | K13: 367315
B14: 10 | C14: 44967
B15: 11 | C15: 44968
B16: 12 | C16: 44969
B17: 13 | C17: 44970
B18: 14 | C18: 44971
B19: 15 | C19: 44972
B20: 16 | C20: 44973
B21: 17 | C21: 44974
B22: 18 | C22: 44975
B23: 19 | C23: 44976
B24: 20 | C24: 44977
B25: 21 | C25: 44978
... B28: 24 | C28: 44981
A29: v | B29: 25 | C29: 44982
B30: 26 | C30: 44983
B31: 27 | C31: 44984
B32: 28 | C32: 44985
I51: k
