Workbook

Sheet Sheet1
A1: Site Name | B1: Month | C1: Year | D1: Total (per Unit) bottles cans | E1: Total cost bottles cans | F1: Total (per Unit) cardboard | G1: Total cost cardboard | H1: Total (per Unit) paper | I1: Total cost paper | J1: Total (per Unit) mixed metal | K1: Total cost mixed metal | L1: Total (per Unit) aluminum | M1: Total cost aluminum | N1: Total (per Unit) other plastics | O1: Total cost other plastics | P1: Total (per Unit) soap bars | Q1: Total cost soap bars | R1: Total (per Unit) e waste | S1: Total cost e waste | T1: Total (per Unit) durable goods | U1: Total cost durable goods | V1: Total (per Unit) solid food waste | W1: Total cost solid food waste | X1: Total (per Unit) leftover food | Y1: Total cost leftover food | Z1: Total (per Unit) inedible parts | AA1: Total cost inedible parts | AB1: Total (per Unit) liquid food waste | AC1: Total cost liquid food waste | AD1: Total (per Unit) kitchen grease | AE1: Total cost kitchen grease | AF1: Total (per Unit) liquid hazardous waste | AG1: Total cost liquid hazardous waste | AH1: Total (per Unit) other hazardous waste | AI1: Total cost other hazardous waste | AJ1: Total (per Unit) batteries | AK1: Total cost batteries | AL1: Total (per Unit) light bulbs | AM1: Total cost light bulbs | AN1: Total (per Unit) textiles | AO1: Total cost textiles | AP1: Total (per Unit) paint | AQ1: Total cost paint | AR1: Total (per Unit) recyclable | AS1: Total cost recyclable | AT1: Total (per Unit) commingled recyclables | AU1: Total cost commingled recyclables | AV1: Total (per Unit) paper cardboard | AW1: Total cost paper cardboard | AX1: Total (per Unit) mixed metals | AY1: Total cost mixed metals | AZ1: Total (per Unit) plastics | BA1: Total cost plastics | BB1: Total (per Unit) biodegradable | BC1: Total cost biodegradable | BD1: Total (per Unit) food waste | BE1: Total cost food waste | BF1: Total (per Unit) hazardous waste | BG1: Total cost hazardous waste | BH1: Total (per Unit) universal waste | BI1: Total cost universal waste | BJ1: Total (per Unit) hazardous and universal waste | BK1: Total cost hazardous and universal waste | BL1: Total (per Unit) medical waste | BM1: Total cost medical waste | BN1: Total (per Unit) tin | BO1: Total cost tin
A2: Bali Jimbaran | B2: 1 | C2: 2023 | D2: =TOTAL!E33 -> 465 | E2: =TOTAL!F33 -> -87600 | F2: =TOTAL!G33 -> 509 | G2: =TOTAL!H33 -> 0 | H2: =TOTAL!I33 -> 0 | I2: =TOTAL!J33 -> 0 | J2: =TOTAL!K33 -> 465 | K2: =TOTAL!L33 -> -35900 | ... BO2: =TOTAL!BP33 -> 0
A3: Bali Jimbaran | B3: 2 | C3: 2023
A4: Bali Jimbaran | B4: 3 | C4: 2023
A5: Bali Jimbaran | B5: 4 | C5: 2023
A6: Bali Jimbaran | B6: 5 | C6: 2023
A7: Bali Jimbaran | B7: 6 | C7: 2023
A8: Bali Jimbaran | B8: 7 | C8: 2023
A9: Bali Jimbaran | B9: 8 | C9: 2023
A10: Bali Jimbaran | B10: 9 | C10: 2023
A11: Bali Jimbaran | B11: 10 | C11: 2023
A12: Bali Jimbaran | B12: 11 | C12: 2023
A13: Bali Jimbaran | B13: 12 | C13: 2023

Sheet TOTAL
A1: Site Name | B1: Day | C1: Month | D1: Year | E1: Total (per Unit) bottles cans | F1: Total cost bottles cans | G1: Total (per Unit) cardboard | H1: Total cost cardboard | I1: Total (per Unit) paper | J1: Total cost paper | K1: Total (per Unit) mixed glass | L1: Total cost mixed glass | M1: Total (per Unit) aluminum | N1: Total cost aluminum | O1: Total (per Unit) other plastics | P1: Total cost other plastics | Q1: Total (per Unit) soap bars | R1: Total cost soap bars | S1: Total (per Unit) e waste | T1: Total cost e waste | U1: Total (per Unit) durable goods | V1: Total cost durable goods | W1: Total (per Unit) solid food waste | X1: Total cost solid food waste | Y1: Total (per Unit) leftover food | Z1: Total cost leftover food | AA1: Total (per Unit) inedible parts | AB1: Total cost inedible parts | AC1: Total (per Unit) liquid food waste | AD1: Total cost liquid food waste | AE1: Total (per Unit) kitchen grease | AF1: Total cost kitchen grease | AG1: Total (per Unit) liquid hazardous waste | AH1: Total cost liquid hazardous waste | AI1: Total (per Unit) other hazardous waste | AJ1: Total cost other hazardous waste | AK1: Total (per Unit) batteries | AL1: Total cost batteries | AM1: Total (per Unit) light bulbs | AN1: Total cost light bulbs | AO1: Total (per Unit) textiles | AP1: Total cost textiles | AQ1: Total (per Unit) paint | AR1: Total cost paint | AS1: Total (per Unit) recyclable | AT1: Total cost recyclable | AU1: Total (per Unit) commingled recyclables | AV1: Total cost commingled recyclables | AW1: Total (per Unit) paper cardboard | AX1: Total cost paper cardboard | AY1: Total (per Unit) mixed metals | AZ1: Total cost mixed metals | BA1: Total (per Unit) plastics | BB1: Total cost plastics | BC1: Total (per Unit) biodegradable | BD1: Total cost biodegradable | BE1: Total (per Unit) food waste | BF1: Total cost food waste | BG1: Total (per Unit) hazardous waste | BH1: Total cost hazardous waste | BI1: Total (per Unit) universal waste | BJ1: Total cost universal waste | BK1: Total (per Unit) hazardous and universal waste | BL1: Total cost hazardous and universal waste | BM1: Total (per Unit) medical waste | BN1: Total cost medical waste | BO1: Total (per Unit) tin | BP1: Total cost tin
A2: Bali Jimbaran | B2: 1 | C2: 1 | D2: 2022 | E2: ='FS Jimbaran Jan 2023'!K12 -> 15 | F2: ='FS Jimbaran Jan 2023'!N12 -> 0 | G2: ='FS Jimbaran Jan 2023'!E12 -> 16.4 | H2: ='FS Jimbaran Jan 2023'!H12 -> 0 | I2: ='FS Jimbaran Jan 2023'!I12 -> 0 | J2: ='FS Jimbaran Jan 2023'!J12 -> 0 | K2: ='FS Jimbaran Jan 2023'!K12 -> 15 | L2: ='FS Jimbaran Jan 2023'!L12 -> 0 | M2: ='FS Jimbaran Jan 2023'!S12 -> 0 | N2: ='FS Jimbaran Jan 2023'!T12 -> 0 | O2: ='FS Jimbaran Jan 2023'!U12 -> 5.6 | P2: ='FS Jimbaran Jan 2023'!V12 -> 0 | Q2: ='FS Jimbaran Jan 2023'!BE12 -> 0 | R2: ='FS Jimbaran Jan 2023'!BF12 -> 0 | S2: ='FS Jimbaran Jan 2023'!BH12 -> 0 | T2: ='FS Jimbaran Jan 2023'!BH12 -> 0 | U2: ='FS Jimbaran Jan 2023'!BI12 -> 0 | V2: ='FS Jimbaran Jan 2023'!BJ12 -> 0 | W2: ='FS Jimbaran Jan 2023'!Y12 -> 435 | X2: ='FS Jimbaran Jan 2023'!Z12 -> 1500000 | Y2: ='FS Jimbaran Jan 2023'!AA12 -> -6.4 | Z2: ='FS Jimbaran Jan 2023'!AB12 -> 0 | AA2: ='FS Jimbaran Jan 2023'!AC12 -> 0 | AB2: ='FS Jimbaran Jan 2023'!AD12 -> 0 | AC2: ='FS Jimbaran Jan 2023'!AE12 -> 0 | AD2: ='FS Jimbaran Jan 2023'!AF12 -> 0 | ... AF2: ='FS Jimbaran Jan 2023'!AH12 -> 0 | AG2: ='FS Jimbaran Jan 2023'!AM12 -> 0 | AH2: ='FS Jimbaran Jan 2023'!AR12 -> 0 | AI2: ='FS Jimbaran Jan 2023'!AQ12 -> 0 | AJ2: ='FS Jimbaran Jan 2023'!AR12 -> 0 | AK2: ='FS Jimbaran Jan 2023'!AY12 -> 0 | AL2: ='FS Jimbaran Jan 2023'!AZ12 -> 0 | AM2: ='FS Jimbaran Jan 2023'!BB12 -> 0 | AN2: ='FS Jimbaran Jan 2023'!BB12 -> 0 | AO2: ='FS Jimbaran Jan 2023'!BK12 -> 0 | AP2: ='FS Jimbaran Jan 2023'!BL12 -> 0 | AQ2: ='FS Jimbaran Jan 2023'!BC12 -> 0 | AR2: ='FS Jimbaran Jan 2023'!BD12 -> 0 | AS2: ='FS Jimbaran Jan 2023'!BM12 -> 0 | AT2: ='FS Jimbaran Jan 2023'!BN12 -> 0 | AU2: ='FS Jimbaran Jan 2023'!BO12 -> 0 | AV2: ='FS Jimbaran Jan 2023'!BP12 -> 0 | AW2: ='FS Jimbaran Jan 2023'!E12 -> 16.4 | AX2: ='FS Jimbaran Jan 2023'!F12 -> 0 | AY2: ='FS Jimbaran Jan 2023'!O12 -> 0 | AZ2: ='FS Jimbaran Jan 2023'!P12 -> 0 | BA2: ='FS Jimbaran Jan 2023'!W12 -> 0 | BB2: ='FS Jimbaran Jan 2023'!X12 -> 0 | BC2: ='FS Jimbaran Jan 2023'!AI12 -> 533 | BD2: ='FS Jimbaran Jan 2023'!AJ12 -> 9000000 | BE2: ='FS Jimbaran Jan 2023'!AK12 -> 0 | BF2: ='FS Jimbaran Jan 2023'!AL12 -> 0 | BG2: ='FS Jimbaran Jan 2023'!AM12 -> 0 | BH2: ='FS Jimbaran Jan 2023'!AN12 -> 0 | BI2: ='FS Jimbaran Jan 2023'!AO12 -> 0 | BJ2: ='FS Jimbaran Jan 2023'!AO12 -> 0 | BK2: ='FS Jimbaran Jan 2023'!AQ12 -> 0 | BL2: ='FS Jimbaran Jan 2023'!AR12 -> 0 | BM2: 0 | BN2: 0 | BO2: ='FS Jimbaran Jan 2023'!Q12 -> 0 | BP2: ='FS Jimbaran Jan 2023'!R12 -> 0
A3: Bali Jimbaran | B3: =B2+1 -> 2 | C3: 1 | D3: 2022 | E3: ='FS Jimbaran Jan 2023'!K13 -> 15 | F3: ='FS Jimbaran Jan 2023'!N13 -> 0 | G3: ='FS Jimbaran Jan 2023'!E13 -> 16.4 | H3: ='FS Jimbaran Jan 2023'!H13 -> 0 | I3: ='FS Jimbaran Jan 2023'!I13 -> 0 | J3: ='FS Jimbaran Jan 2023'!J13 -> 0 | K3: ='FS Jimbaran Jan 2023'!K13 -> 15 | L3: ='FS Jimbaran Jan 2023'!L13 -> 0 | M3: ='FS Jimbaran Jan 2023'!S13 -> 0 | N3: ='FS Jimbaran Jan 2023'!T13 -> 0 | O3: ='FS Jimbaran Jan 2023'!U13 -> 5.6 | P3: ='FS Jimbaran Jan 2023'!V13 -> 0 | Q3: ='FS Jimbaran Jan 2023'!BE13 -> 0 | R3: ='FS Jimbaran Jan 2023'!BF13 -> 0 | S3: ='FS Jimbaran Jan 2023'!BH13 -> 0 | T3: ='FS Jimbaran Jan 2023'!BH13 -> 0 | U3: ='FS Jimbaran Jan 2023'!BI13 -> 0 | V3: ='FS Jimbaran Jan 2023'!BJ13 -> 0 | W3: ='FS Jimbaran Jan 2023'!Y13 -> 430 | X3: ='FS Jimbaran Jan 2023'!Z13 -> 0 | Y3: ='FS Jimbaran Jan 2023'!AA13 -> -6.4 | Z3: ='FS Jimbaran Jan 2023'!AB13 -> 0 | AA3: ='FS Jimbaran Jan 2023'!AC13 -> 0 | AB3: ='FS Jimbaran Jan 2023'!AD13 -> 0 | AC3: ='FS Jimbaran Jan 2023'!AE13 -> 0 | AD3: ='FS Jimbaran Jan 2023'!AF13 -> 0 | ... AF3: ='FS Jimbaran Jan 2023'!AH13 -> 0 | AG3: ='FS Jimbaran Jan 2023'!AM13 -> 0 | AH3: ='FS Jimbaran Jan 2023'!AR13 -> 0 | AI3: ='FS Jimbaran Jan 2023'!AQ13 -> 0 | AJ3: ='FS Jimbaran Jan 2023'!AR13 -> 0 | AK3: ='FS Jimbaran Jan 2023'!AY13 -> 0 | AL3: ='FS Jimbaran Jan 2023'!AZ13 -> 0 | AM3: ='FS Jimbaran Jan 2023'!BB13 -> 0 | AN3: ='FS Jimbaran Jan 2023'!BB13 -> 0 | AO3: ='FS Jimbaran Jan 2023'!BK13 -> 0 | AP3: ='FS Jimbaran Jan 2023'!BL13 -> 0 | AQ3: ='FS Jimbaran Jan 2023'!BC13 -> 0 | AR3: ='FS Jimbaran Jan 2023'!BD13 -> 0 | AS3: ='FS Jimbaran Jan 2023'!BM13 -> 0 | AT3: ='FS Jimbaran Jan 2023'!BN13 -> 0 | AU3: ='FS Jimbaran Jan 2023'!BO13 -> 0 | AV3: ='FS Jimbaran Jan 2023'!BP13 -> 0 | AW3: ='FS Jimbaran Jan 2023'!E13 -> 16.4 | AX3: ='FS Jimbaran Jan 2023'!F13 -> 0 | AY3: ='FS Jimbaran Jan 2023'!O13 -> 0 | AZ3: ='FS Jimbaran Jan 2023'!P13 -> 0 | BA3: ='FS Jimbaran Jan 2023'!W13 -> 0 | BB3: ='FS Jimbaran Jan 2023'!X13 -> 0 | BC3: ='FS Jimbaran Jan 2023'!AI13 -> 330.2 | BD3: ='FS Jimbaran Jan 2023'!AJ13 -> 0 | BE3: ='FS Jimbaran Jan 2023'!AK13 -> 0 | BF3: ='FS Jimbaran Jan 2023'!AL13 -> 0 | BG3: ='FS Jimbaran Jan 2023'!AM13 -> 0 | BH3: ='FS Jimbaran Jan 2023'!AN13 -> 0 | BI3: ='FS Jimbaran Jan 2023'!AO13 -> 0 | BJ3: ='FS Jimbaran Jan 2023'!AO13 -> 0 | BK3: ='FS Jimbaran Jan 2023'!AQ13 -> 0 | BL3: ='FS Jimbaran Jan 2023'!AR13 -> 0 | BM3: 0 | BN3: 0 | BO3: ='FS Jimbaran Jan 2023'!Q13 -> 0 | BP3: ='FS Jimbaran Jan 2023'!R13 -> 0
A4: Bali Jimbaran | B4: =B3+1 -> 3 | C4: 1 | D4: 2022 | E4: ='FS Jimbaran Jan 2023'!K14 -> 15 | F4: ='FS Jimbaran Jan 2023'!N14 -> 0 | G4: ='FS Jimbaran Jan 2023'!E14 -> 16.4 | H4: ='FS Jimbaran Jan 2023'!H14 -> 0 | I4: ='FS Jimbaran Jan 2023'!I14 -> 0 | J4: ='FS Jimbaran Jan 2023'!J14 -> 0 | K4: ='FS Jimbaran Jan 2023'!K14 -> 15 | L4: ='FS Jimbaran Jan 2023'!L14 -> 0 | M4: ='FS Jimbaran Jan 2023'!S14 -> 0 | N4: ='FS Jimbaran Jan 2023'!T14 -> 0 | O4: ='FS Jimbaran Jan 2023'!U14 -> 5.6 | P4: ='FS Jimbaran Jan 2023'!V14 -> 0 | Q4: ='FS Jimbaran Jan 2023'!BE14 -> 0 | R4: ='FS Jimbaran Jan 2023'!BF14 -> 0 | S4: ='FS Jimbaran Jan 2023'!BH14 -> 0 | T4: ='FS Jimbaran Jan 2023'!BH14 -> 0 | U4: ='FS Jimbaran Jan 2023'!BI14 -> 0 | V4: ='FS Jimbaran Jan 2023'!BJ14 -> 0 | W4: ='FS Jimbaran Jan 2023'!Y14 -> 400 | X4: ='FS Jimbaran Jan 2023'!Z14 -> 0 | Y4: ='FS Jimbaran Jan 2023'!AA14 -> -6.4 | Z4: ='FS Jimbaran Jan 2023'!AB14 -> 0 | AA4: ='FS Jimbaran Jan 2023'!AC14 -> 0 | AB4: ='FS Jimbaran Jan 2023'!AD14 -> 0 | AC4: ='FS Jimbaran Jan 2023'!AE14 -> 0 | AD4: ='FS Jimbaran Jan 2023'!AF14 -> 0 | ... AF4: ='FS Jimbaran Jan 2023'!AH14 -> 0 | AG4: ='FS Jimbaran Jan 2023'!AM14 -> 0 | AH4: ='FS Jimbaran Jan 2023'!AR14 -> 0 | AI4: ='FS Jimbaran Jan 2023'!AQ14 -> 0 | AJ4: ='FS Jimbaran Jan 2023'!AR14 -> 0 | AK4: ='FS Jimbaran Jan 2023'!AY14 -> 0 | AL4: ='FS Jimbaran Jan 2023'!AZ14 -> 0 | AM4: ='FS Jimbaran Jan 2023'!BB14 -> 0 | AN4: ='FS Jimbaran Jan 2023'!BB14 -> 0 | AO4: ='FS Jimbaran Jan 2023'!BK14 -> 0 | AP4: ='FS Jimbaran Jan 2023'!BL14 -> 0 | AQ4: ='FS Jimbaran Jan 2023'!BC14 -> 0 | AR4: ='FS Jimbaran Jan 2023'!BD14 -> 0 | AS4: ='FS Jimbaran Jan 2023'!BM14 -> 0 | AT4: ='FS Jimbaran Jan 2023'!BN14 -> 0 | AU4: ='FS Jimbaran Jan 2023'!BO14 -> 0 | AV4: ='FS Jimbaran Jan 2023'!BP14 -> 0 | AW4: ='FS Jimbaran Jan 2023'!E14 -> 16.4 | AX4: ='FS Jimbaran Jan 2023'!F14 -> 0 | AY4: ='FS Jimbaran Jan 2023'!O14 -> 0 | AZ4: ='FS Jimbaran Jan 2023'!P14 -> 0 | BA4: ='FS Jimbaran Jan 2023'!W14 -> 0 | BB4: ='FS Jimbaran Jan 2023'!X14 -> 0 | BC4: ='FS Jimbaran Jan 2023'!AI14 -> 338 | BD4: ='FS Jimbaran Jan 2023'!AJ14 -> 0 | BE4: ='FS Jimbaran Jan 2023'!AK14 -> 0 | BF4: ='FS Jimbaran Jan 2023'!AL14 -> 0 | BG4: ='FS Jimbaran Jan 2023'!AM14 -> 0 | BH4: ='FS Jimbaran Jan 2023'!AN14 -> 0 | BI4: ='FS Jimbaran Jan 2023'!AO14 -> 0 | BJ4: ='FS Jimbaran Jan 2023'!AO14 -> 0 | BK4: ='FS Jimbaran Jan 2023'!AQ14 -> 0 | BL4: ='FS Jimbaran Jan 2023'!AR14 -> 0 | BM4: 0 | BN4: 0 | BO4: ='FS Jimbaran Jan 2023'!Q14 -> 0 | BP4: ='FS Jimbaran Jan 2023'!R14 -> 0
A5: Bali Jimbaran | B5: =B4+1 -> 4 | C5: 1 | D5: 2022 | E5: ='FS Jimbaran Jan 2023'!K15 -> 15 | F5: ='FS Jimbaran Jan 2023'!N15 -> 0 | G5: ='FS Jimbaran Jan 2023'!E15 -> 16.4 | H5: ='FS Jimbaran Jan 2023'!H15 -> 0 | I5: ='FS Jimbaran Jan 2023'!I15 -> 0 | J5: ='FS Jimbaran Jan 2023'!J15 -> 0 | K5: ='FS Jimbaran Jan 2023'!K15 -> 15 | L5: ='FS Jimbaran Jan 2023'!L15 -> 0 | M5: ='FS Jimbaran Jan 2023'!S15 -> 0 | N5: ='FS Jimbaran Jan 2023'!T15 -> 0 | O5: ='FS Jimbaran Jan 2023'!U15 -> 5.6 | P5: ='FS Jimbaran Jan 2023'!V15 -> 0 | Q5: ='FS Jimbaran Jan 2023'!BE15 -> 0 | R5: ='FS Jimbaran Jan 2023'!BF15 -> 0 | S5: ='FS Jimbaran Jan 2023'!BH15 -> 0 | T5: ='FS Jimbaran Jan 2023'!BH15 -> 0 | U5: ='FS Jimbaran Jan 2023'!BI15 -> 0 | V5: ='FS Jimbaran Jan 2023'!BJ15 -> 0 | W5: ='FS Jimbaran Jan 2023'!Y15 -> 410 | X5: ='FS Jimbaran Jan 2023'!Z15 -> 0 | Y5: ='FS Jimbaran Jan 2023'!AA15 -> -6.4 | Z5: ='FS Jimbaran Jan 2023'!AB15 -> 0 | AA5: ='FS Jimbaran Jan 2023'!AC15 -> 0 | AB5: ='FS Jimbaran Jan 2023'!AD15 -> 0 | AC5: ='FS Jimbaran Jan 2023'!AE15 -> 0 | AD5: ='FS Jimbaran Jan 2023'!AF15 -> 0 | ... AF5: ='FS Jimbaran Jan 2023'!AH15 -> 0 | AG5: ='FS Jimbaran Jan 2023'!AM15 -> 0 | AH5: ='FS Jimbaran Jan 2023'!AR15 -> 0 | AI5: ='FS Jimbaran Jan 2023'!AQ15 -> 0 | AJ5: ='FS Jimbaran Jan 2023'!AR15 -> 0 | AK5: ='FS Jimbaran Jan 2023'!AY15 -> 0 | AL5: ='FS Jimbaran Jan 2023'!AZ15 -> 0 | AM5: ='FS Jimbaran Jan 2023'!BB15 -> 0 | AN5: ='FS Jimbaran Jan 2023'!BB15 -> 0 | AO5: ='FS Jimbaran Jan 2023'!BK15 -> 0 | AP5: ='FS Jimbaran Jan 2023'!BL15 -> 0 | AQ5: ='FS Jimbaran Jan 2023'!BC15 -> 0 | AR5: ='FS Jimbaran Jan 2023'!BD15 -> 0 | AS5: ='FS Jimbaran Jan 2023'!BM15 -> 0 | AT5: ='FS Jimbaran Jan 2023'!BN15 -> 0 | AU5: ='FS Jimbaran Jan 2023'!BO15 -> 0 | AV5: ='FS Jimbaran Jan 2023'!BP15 -> 0 | AW5: ='FS Jimbaran Jan 2023'!E15 -> 16.4 | AX5: ='FS Jimbaran Jan 2023'!F15 -> 0 | AY5: ='FS Jimbaran Jan 2023'!O15 -> 0 | AZ5: ='FS Jimbaran Jan 2023'!P15 -> 0 | BA5: ='FS Jimbaran Jan 2023'!W15 -> 0 | BB5: ='FS Jimbaran Jan 2023'!X15 -> 0 | BC5: ='FS Jimbaran Jan 2023'!AI15 -> 369.2 | BD5: ='FS Jimbaran Jan 2023'!AJ15 -> 0 | BE5: ='FS Jimbaran Jan 2023'!AK15 -> 0 | BF5: ='FS Jimbaran Jan 2023'!AL15 -> 0 | BG5: ='FS Jimbaran Jan 2023'!AM15 -> 0 | BH5: ='FS Jimbaran Jan 2023'!AN15 -> 0 | BI5: ='FS Jimbaran Jan 2023'!AO15 -> 0 | BJ5: ='FS Jimbaran Jan 2023'!AO15 -> 0 | BK5: ='FS Jimbaran Jan 2023'!AQ15 -> 0 | BL5: ='FS Jimbaran Jan 2023'!AR15 -> 0 | BM5: 0 | BN5: 0 | BO5: ='FS Jimbaran Jan 2023'!Q15 -> 0 | BP5: ='FS Jimbaran Jan 2023'!R15 -> 0
A6: Bali Jimbaran | B6: =B5+1 -> 5 | C6: 1 | D6: 2022 | E6: ='FS Jimbaran Jan 2023'!K16 -> 15 | F6: ='FS Jimbaran Jan 2023'!N16 -> 0 | G6: ='FS Jimbaran Jan 2023'!E16 -> 16.4 | H6: ='FS Jimbaran Jan 2023'!H16 -> 0 | I6: ='FS Jimbaran Jan 2023'!I16 -> 0 | J6: ='FS Jimbaran Jan 2023'!J16 -> 0 | K6: ='FS Jimbaran Jan 2023'!K16 -> 15 | L6: ='FS Jimbaran Jan 2023'!L16 -> 0 | M6: ='FS Jimbaran Jan 2023'!S16 -> 0 | N6: ='FS Jimbaran Jan 2023'!T16 -> 0 | O6: ='FS Jimbaran Jan 2023'!U16 -> 5.6 | P6: ='FS Jimbaran Jan 2023'!V16 -> 0 | Q6: ='FS Jimbaran Jan 2023'!BE16 -> 0 | R6: ='FS Jimbaran Jan 2023'!BF16 -> 0 | S6: ='FS Jimbaran Jan 2023'!BH16 -> 0 | T6: ='FS Jimbaran Jan 2023'!BH16 -> 0 | U6: ='FS Jimbaran Jan 2023'!BI16 -> 0 | V6: ='FS Jimbaran Jan 2023'!BJ16 -> 0 | W6: ='FS Jimbaran Jan 2023'!Y16 -> 415 | X6: ='FS Jimbaran Jan 2023'!Z16 -> 0 | Y6: ='FS Jimbaran Jan 2023'!AA16 -> -6.4 | Z6: ='FS Jimbaran Jan 2023'!AB16 -> 0 | AA6: ='FS Jimbaran Jan 2023'!AC16 -> 0 | AB6: ='FS Jimbaran Jan 2023'!AD16 -> 0 | AC6: ='FS Jimbaran Jan 2023'!AE16 -> 0 | AD6: ='FS Jimbaran Jan 2023'!AF16 -> 0 | ... AF6: ='FS Jimbaran Jan 2023'!AH16 -> 0 | AG6: ='FS Jimbaran Jan 2023'!AM16 -> 0 | AH6: ='FS Jimbaran Jan 2023'!AR16 -> 0 | AI6: ='FS Jimbaran Jan 2023'!AQ16 -> 0 | AJ6: ='FS Jimbaran Jan 2023'!AR16 -> 0 | AK6: ='FS Jimbaran Jan 2023'!AY16 -> 0 | AL6: ='FS Jimbaran Jan 2023'!AZ16 -> 0 | AM6: ='FS Jimbaran Jan 2023'!BB16 -> 0 | AN6: ='FS Jimbaran Jan 2023'!BB16 -> 0 | AO6: ='FS Jimbaran Jan 2023'!BK16 -> 0 | AP6: ='FS Jimbaran Jan 2023'!BL16 -> 0 | AQ6: ='FS Jimbaran Jan 2023'!BC16 -> 0 | AR6: ='FS Jimbaran Jan 2023'!BD16 -> 0 | AS6: ='FS Jimbaran Jan 2023'!BM16 -> 0 | AT6: ='FS Jimbaran Jan 2023'!BN16 -> 0 | AU6: ='FS Jimbaran Jan 2023'!BO16 -> 0 | AV6: ='FS Jimbaran Jan 2023'!BP16 -> 0 | AW6: ='FS Jimbaran Jan 2023'!E16 -> 16.4 | AX6: ='FS Jimbaran Jan 2023'!F16 -> 0 | AY6: ='FS Jimbaran Jan 2023'!O16 -> 0 | AZ6: ='FS Jimbaran Jan 2023'!P16 -> 0 | BA6: ='FS Jimbaran Jan 2023'!W16 -> 0 | BB6: ='FS Jimbaran Jan 2023'!X16 -> 0 | BC6: ='FS Jimbaran Jan 2023'!AI16 -> 423.8 | BD6: ='FS Jimbaran Jan 2023'!AJ16 -> 0 | BE6: ='FS Jimbaran Jan 2023'!AK16 -> 0 | BF6: ='FS Jimbaran Jan 2023'!AL16 -> 0 | BG6: ='FS Jimbaran Jan 2023'!AM16 -> 0 | BH6: ='FS Jimbaran Jan 2023'!AN16 -> 0 | BI6: ='FS Jimbaran Jan 2023'!AO16 -> 0 | BJ6: ='FS Jimbaran Jan 2023'!AO16 -> 0 | BK6: ='FS Jimbaran Jan 2023'!AQ16 -> 0 | BL6: ='FS Jimbaran Jan 2023'!AR16 -> 0 | BM6: 0 | BN6: 0 | BO6: ='FS Jimbaran Jan 2023'!Q16 -> 0 | BP6: ='FS Jimbaran Jan 2023'!R16 -> 0
A7: Bali Jimbaran | B7: =B6+1 -> 6 | C7: 1 | D7: 2022 | E7: ='FS Jimbaran Jan 2023'!K17 -> 15 | F7: ='FS Jimbaran Jan 2023'!N17 -> 0 | G7: ='FS Jimbaran Jan 2023'!E17 -> 16.4 | H7: ='FS Jimbaran Jan 2023'!H17 -> 0 | I7: ='FS Jimbaran Jan 2023'!I17 -> 0 | J7: ='FS Jimbaran Jan 2023'!J17 -> 0 | K7: ='FS Jimbaran Jan 2023'!K17 -> 15 | L7: ='FS Jimbaran Jan 2023'!L17 -> 0 | M7: ='FS Jimbaran Jan 2023'!S17 -> 0 | N7: ='FS Jimbaran Jan 2023'!T17 -> 0 | O7: ='FS Jimbaran Jan 2023'!U17 -> 5.6 | P7: ='FS Jimbaran Jan 2023'!V17 -> 0 | Q7: ='FS Jimbaran Jan 2023'!BE17 -> 0 | R7: ='FS Jimbaran Jan 2023'!BF17 -> 0 | S7: ='FS Jimbaran Jan 2023'!BH17 -> 0 | T7: ='FS Jimbaran Jan 2023'!BH17 -> 0 | U7: ='FS Jimbaran Jan 2023'!BI17 -> 0 | V7: ='FS Jimbaran Jan 2023'!BJ17 -> 0 | W7: ='FS Jimbaran Jan 2023'!Y17 -> 440 | X7: ='FS Jimbaran Jan 2023'!Z17 -> 0 | Y7: ='FS Jimbaran Jan 2023'!AA17 -> -6.4 | Z7: ='FS Jimbaran Jan 2023'!AB17 -> 0 | AA7: ='FS Jimbaran Jan 2023'!AC17 -> 0 | AB7: ='FS Jimbaran Jan 2023'!AD17 -> 0 | AC7: ='FS Jimbaran Jan 2023'!AE17 -> 0 | AD7: ='FS Jimbaran Jan 2023'!AF17 -> 0 | ... AF7: ='FS Jimbaran Jan 2023'!AH17 -> 0 | AG7: ='FS Jimbaran Jan 2023'!AM17 -> 0 | AH7: ='FS Jimbaran Jan 2023'!AR17 -> 0 | AI7: ='FS Jimbaran Jan 2023'!AQ17 -> 0 | AJ7: ='FS Jimbaran Jan 2023'!AR17 -> 0 | AK7: ='FS Jimbaran Jan 2023'!AY17 -> 0 | AL7: ='FS Jimbaran Jan 2023'!AZ17 -> 0 | AM7: ='FS Jimbaran Jan 2023'!BB17 -> 0 | AN7: ='FS Jimbaran Jan 2023'!BB17 -> 0 | AO7: ='FS Jimbaran Jan 2023'!BK17 -> 0 | AP7: ='FS Jimbaran Jan 2023'!BL17 -> 0 | AQ7: ='FS Jimbaran Jan 2023'!BC17 -> 0 | AR7: ='FS Jimbaran Jan 2023'!BD17 -> 0 | AS7: ='FS Jimbaran Jan 2023'!BM17 -> 0 | AT7: ='FS Jimbaran Jan 2023'!BN17 -> 0 | AU7: ='FS Jimbaran Jan 2023'!BO17 -> 0 | AV7: ='FS Jimbaran Jan 2023'!BP17 -> 0 | AW7: ='FS Jimbaran Jan 2023'!E17 -> 16.4 | AX7: ='FS Jimbaran Jan 2023'!F17 -> 0 | AY7: ='FS Jimbaran Jan 2023'!O17 -> 0 | AZ7: ='FS Jimbaran Jan 2023'!P17 -> 0 | BA7: ='FS Jimbaran Jan 2023'!W17 -> 0 | BB7: ='FS Jimbaran Jan 2023'!X17 -> 0 | BC7: ='FS Jimbaran Jan 2023'!AI17 -> 561.6 | BD7: ='FS Jimbaran Jan 2023'!AJ17 -> 0 | BE7: ='FS Jimbaran Jan 2023'!AK17 -> 0 | BF7: ='FS Jimbaran Jan 2023'!AL17 -> 0 | BG7: ='FS Jimbaran Jan 2023'!AM17 -> 0 | BH7: ='FS Jimbaran Jan 2023'!AN17 -> 0 | BI7: ='FS Jimbaran Jan 2023'!AO17 -> 0 | BJ7: ='FS Jimbaran Jan 2023'!AO17 -> 0 | BK7: ='FS Jimbaran Jan 2023'!AQ17 -> 0 | BL7: ='FS Jimbaran Jan 2023'!AR17 -> 0 | BM7: 0 | BN7: 0 | BO7: ='FS Jimbaran Jan 2023'!Q17 -> 0 | BP7: ='FS Jimbaran Jan 2023'!R17 -> 0
A8: Bali Jimbaran | B8: =B7+1 -> 7 | C8: 1 | D8: 2022 | E8: ='FS Jimbaran Jan 2023'!K18 -> 15 | F8: ='FS Jimbaran Jan 2023'!N18 -> 0 | G8: ='FS Jimbaran Jan 2023'!E18 -> 16.4 | H8: ='FS Jimbaran Jan 2023'!H18 -> 0 | I8: ='FS Jimbaran Jan 2023'!I18 -> 0 | J8: ='FS Jimbaran Jan 2023'!J18 -> 0 | K8: ='FS Jimbaran Jan 2023'!K18 -> 15 | L8: ='FS Jimbaran Jan 2023'!L18 -> 0 | M8: ='FS Jimbaran Jan 2023'!S18 -> 0 | N8: ='FS Jimbaran Jan 2023'!T18 -> 0 | O8: ='FS Jimbaran Jan 2023'!U18 -> 5.6 | P8: ='FS Jimbaran Jan 2023'!V18 -> 0 | Q8: ='FS Jimbaran Jan 2023'!BE18 -> 0 | R8: ='FS Jimbaran Jan 2023'!BF18 -> 0 | S8: ='FS Jimbaran Jan 2023'!BH18 -> 0 | T8: ='FS Jimbaran Jan 2023'!BH18 -> 0 | U8: ='FS Jimbaran Jan 2023'!BI18 -> 0 | V8: ='FS Jimbaran Jan 2023'!BJ18 -> 0 | W8: ='FS Jimbaran Jan 2023'!Y18 -> 425 | X8: ='FS Jimbaran Jan 2023'!Z18 -> 0 | Y8: ='FS Jimbaran Jan 2023'!AA18 -> -6.4 | Z8: ='FS Jimbaran Jan 2023'!AB18 -> 0 | AA8: ='FS Jimbaran Jan 2023'!AC18 -> 0 | AB8: ='FS Jimbaran Jan 2023'!AD18 -> 0 | AC8: ='FS Jimbaran Jan 2023'!AE18 -> 0 | AD8: ='FS Jimbaran Jan 2023'!AF18 -> 0 | ... AF8: ='FS Jimbaran Jan 2023'!AH18 -> 0 | AG8: ='FS Jimbaran Jan 2023'!AM18 -> 0 | AH8: ='FS Jimbaran Jan 2023'!AR18 -> 0 | AI8: ='FS Jimbaran Jan 2023'!AQ18 -> 0 | AJ8: ='FS Jimbaran Jan 2023'!AR18 -> 0 | AK8: ='FS Jimbaran Jan 2023'!AY18 -> 0 | AL8: ='FS Jimbaran Jan 2023'!AZ18 -> 0 | AM8: ='FS Jimbaran Jan 2023'!BB18 -> 0 | AN8: ='FS Jimbaran Jan 2023'!BB18 -> 0 | AO8: ='FS Jimbaran Jan 2023'!BK18 -> 0 | AP8: ='FS Jimbaran Jan 2023'!BL18 -> 0 | AQ8: ='FS Jimbaran Jan 2023'!BC18 -> 0 | AR8: ='FS Jimbaran Jan 2023'!BD18 -> 0 | AS8: ='FS Jimbaran Jan 2023'!BM18 -> 0 | AT8: ='FS Jimbaran Jan 2023'!BN18 -> 0 | AU8: ='FS Jimbaran Jan 2023'!BO18 -> 0 | AV8: ='FS Jimbaran Jan 2023'!BP18 -> 0 | AW8: ='FS Jimbaran Jan 2023'!E18 -> 16.4 | AX8: ='FS Jimbaran Jan 2023'!F18 -> 0 | AY8: ='FS Jimbaran Jan 2023'!O18 -> 0 | AZ8: ='FS Jimbaran Jan 2023'!P18 -> 0 | BA8: ='FS Jimbaran Jan 2023'!W18 -> 0 | BB8: ='FS Jimbaran Jan 2023'!X18 -> 0 | BC8: ='FS Jimbaran Jan 2023'!AI18 -> 470.6 | BD8: ='FS Jimbaran Jan 2023'!AJ18 -> 0 | BE8: ='FS Jimbaran Jan 2023'!AK18 -> 0 | BF8: ='FS Jimbaran Jan 2023'!AL18 -> 0 | BG8: ='FS Jimbaran Jan 2023'!AM18 -> 0 | BH8: ='FS Jimbaran Jan 2023'!AN18 -> 0 | BI8: ='FS Jimbaran Jan 2023'!AO18 -> 0 | BJ8: ='FS Jimbaran Jan 2023'!AO18 -> 0 | BK8: ='FS Jimbaran Jan 2023'!AQ18 -> 0 | BL8: ='FS Jimbaran Jan 2023'!AR18 -> 0 | BM8: 0 | BN8: 0 | BO8: ='FS Jimbaran Jan 2023'!Q18 -> 0 | BP8: ='FS Jimbaran Jan 2023'!R18 -> 0
A9: Bali Jimbaran | B9: =B8+1 -> 8 | C9: 1 | D9: 2022 | E9: ='FS Jimbaran Jan 2023'!K19 -> 15 | F9: ='FS Jimbaran Jan 2023'!N19 -> 0 | G9: ='FS Jimbaran Jan 2023'!E19 -> 16.4 | H9: ='FS Jimbaran Jan 2023'!H19 -> 0 | I9: ='FS Jimbaran Jan 2023'!I19 -> 0 | J9: ='FS Jimbaran Jan 2023'!J19 -> 0 | K9: ='FS Jimbaran Jan 2023'!K19 -> 15 | L9: ='FS Jimbaran Jan 2023'!L19 -> 0 | M9: ='FS Jimbaran Jan 2023'!S19 -> 0 | N9: ='FS Jimbaran Jan 2023'!T19 -> 0 | O9: ='FS Jimbaran Jan 2023'!U19 -> 5.6 | P9: ='FS Jimbaran Jan 2023'!V19 -> 0 | Q9: ='FS Jimbaran Jan 2023'!BE19 -> 0 | R9: ='FS Jimbaran Jan 2023'!BF19 -> 0 | S9: ='FS Jimbaran Jan 2023'!BH19 -> 0 | T9: ='FS Jimbaran Jan 2023'!BH19 -> 0 | U9: ='FS Jimbaran Jan 2023'!BI19 -> 0 | V9: ='FS Jimbaran Jan 2023'!BJ19 -> 0 | W9: ='FS Jimbaran Jan 2023'!Y19 -> 445 | X9: ='FS Jimbaran Jan 2023'!Z19 -> 0 | Y9: ='FS Jimbaran Jan 2023'!AA19 -> -6.4 | Z9: ='FS Jimbaran Jan 2023'!AB19 -> 0 | AA9: ='FS Jimbaran Jan 2023'!AC19 -> 0 | AB9: ='FS Jimbaran Jan 2023'!AD19 -> 0 | AC9: ='FS Jimbaran Jan 2023'!AE19 -> 0 | AD9: ='FS Jimbaran Jan 2023'!AF19 -> 0 | ... AF9: ='FS Jimbaran Jan 2023'!AH19 -> 0 | AG9: ='FS Jimbaran Jan 2023'!AM19 -> 0 | AH9: ='FS Jimbaran Jan 2023'!AR19 -> 0 | AI9: ='FS Jimbaran Jan 2023'!AQ19 -> 0 | AJ9: ='FS Jimbaran Jan 2023'!AR19 -> 0 | AK9: ='FS Jimbaran Jan 2023'!AY19 -> 0 | AL9: ='FS Jimbaran Jan 2023'!AZ19 -> 0 | AM9: ='FS Jimbaran Jan 2023'!BB19 -> 0 | AN9: ='FS Jimbaran Jan 2023'!BB19 -> 0 | AO9: ='FS Jimbaran Jan 2023'!BK19 -> 0 | AP9: ='FS Jimbaran Jan 2023'!BL19 -> 0 | AQ9: ='FS Jimbaran Jan 2023'!BC19 -> 0 | AR9: ='FS Jimbaran Jan 2023'!BD19 -> 0 | AS9: ='FS Jimbaran Jan 2023'!BM19 -> 0 | AT9: ='FS Jimbaran Jan 2023'!BN19 -> 0 | AU9: ='FS Jimbaran Jan 2023'!BO19 -> 0 | AV9: ='FS Jimbaran Jan 2023'!BP19 -> 0 | AW9: ='FS Jimbaran Jan 2023'!E19 -> 16.4 | AX9: ='FS Jimbaran Jan 2023'!F19 -> 0 | AY9: ='FS Jimbaran Jan 2023'!O19 -> 0 | AZ9: ='FS Jimbaran Jan 2023'!P19 -> 0 | BA9: ='FS Jimbaran Jan 2023'!W19 -> 0 | BB9: ='FS Jimbaran Jan 2023'!X19 -> 0 | BC9: ='FS Jimbaran Jan 2023'!AI19 -> 397.8 | BD9: ='FS Jimbaran Jan 2023'!AJ19 -> 0 | BE9: ='FS Jimbaran Jan 2023'!AK19 -> 0 | BF9: ='FS Jimbaran Jan 2023'!AL19 -> 0 | BG9: ='FS Jimbaran Jan 2023'!AM19 -> 0 | BH9: ='FS Jimbaran Jan 2023'!AN19 -> 0 | BI9: ='FS Jimbaran Jan 2023'!AO19 -> 0 | BJ9: ='FS Jimbaran Jan 2023'!AO19 -> 0 | BK9: ='FS Jimbaran Jan 2023'!AQ19 -> 0 | BL9: ='FS Jimbaran Jan 2023'!AR19 -> 0 | BM9: 0 | BN9: 0 | BO9: ='FS Jimbaran Jan 2023'!Q19 -> 0 | BP9: ='FS Jimbaran Jan 2023'!R19 -> 0
A10: Bali Jimbaran | B10: =B9+1 -> 9 | C10: 1 | D10: 2022 | E10: ='FS Jimbaran Jan 2023'!K20 -> 15 | F10: ='FS Jimbaran Jan 2023'!N20 -> 0 | G10: ='FS Jimbaran Jan 2023'!E20 -> 16.4 | H10: ='FS Jimbaran Jan 2023'!H20 -> 0 | I10: ='FS Jimbaran Jan 2023'!I20 -> 0 | J10: ='FS Jimbaran Jan 2023'!J20 -> 0 | K10: ='FS Jimbaran Jan 2023'!K20 -> 15 | L10: ='FS Jimbaran Jan 2023'!L20 -> 0 | M10: ='FS Jimbaran Jan 2023'!S20 -> 0 | N10: ='FS Jimbaran Jan 2023'!T20 -> 0 | O10: ='FS Jimbaran Jan 2023'!U20 -> 5.6 | P10: ='FS Jimbaran Jan 2023'!V20 -> 0 | Q10: ='FS Jimbaran Jan 2023'!BE20 -> 0 | R10: ='FS Jimbaran Jan 2023'!BF20 -> 0 | S10: ='FS Jimbaran Jan 2023'!BH20 -> 0 | T10: ='FS Jimbaran Jan 2023'!BH20 -> 0 | U10: ='FS Jimbaran Jan 2023'!BI20 -> 0 | V10: ='FS Jimbaran Jan 2023'!BJ20 -> 0 | W10: ='FS Jimbaran Jan 2023'!Y20 -> 450 | X10: ='FS Jimbaran Jan 2023'!Z20 -> 0 | Y10: ='FS Jimbaran Jan 2023'!AA20 -> -6.4 | Z10: ='FS Jimbaran Jan 2023'!AB20 -> 0 | AA10: ='FS Jimbaran Jan 2023'!AC20 -> 0 | AB10: ='FS Jimbaran Jan 2023'!AD20 -> 0 | AC10: ='FS Jimbaran Jan 2023'!AE20 -> 0 | AD10: ='FS Jimbaran Jan 2023'!AF20 -> 0 | ... AF10: ='FS Jimbaran Jan 2023'!AH20 -> 0 | AG10: ='FS Jimbaran Jan 2023'!AM20 -> 0 | AH10: ='FS Jimbaran Jan 2023'!AR20 -> 0 | AI10: ='FS Jimbaran Jan 2023'!AQ20 -> 0 | AJ10: ='FS Jimbaran Jan 2023'!AR20 -> 0 | AK10: ='FS Jimbaran Jan 2023'!AY20 -> 0 | AL10: ='FS Jimbaran Jan 2023'!AZ20 -> 0 | AM10: ='FS Jimbaran Jan 2023'!BB20 -> 0 | AN10: ='FS Jimbaran Jan 2023'!BB20 -> 0 | AO10: ='FS Jimbaran Jan 2023'!BK20 -> 0 | AP10: ='FS Jimbaran Jan 2023'!BL20 -> 0 | AQ10: ='FS Jimbaran Jan 2023'!BC20 -> 0 | AR10: ='FS Jimbaran Jan 2023'!BD20 -> 0 | AS10: ='FS Jimbaran Jan 2023'!BM20 -> 0 | AT10: ='FS Jimbaran Jan 2023'!BN20 -> 0 | AU10: ='FS Jimbaran Jan 2023'!BO20 -> 0 | AV10: ='FS Jimbaran Jan 2023'!BP20 -> 0 | AW10: ='FS Jimbaran Jan 2023'!E20 -> 16.4 | AX10: ='FS Jimbaran Jan 2023'!F20 -> 0 | AY10: ='FS Jimbaran Jan 2023'!O20 -> 0 | AZ10: ='FS Jimbaran Jan 2023'!P20 -> 0 | BA10: ='FS Jimbaran Jan 2023'!W20 -> 0 | BB10: ='FS Jimbaran Jan 2023'!X20 -> 0 | BC10: ='FS Jimbaran Jan 2023'!AI20 -> 364 | BD10: ='FS Jimbaran Jan 2023'!AJ20 -> 0 | BE10: ='FS Jimbaran Jan 2023'!AK20 -> 0 | BF10: ='FS Jimbaran Jan 2023'!AL20 -> 0 | BG10: ='FS Jimbaran Jan 2023'!AM20 -> 0 | BH10: ='FS Jimbaran Jan 2023'!AN20 -> 0 | BI10: ='FS Jimbaran Jan 2023'!AO20 -> 0 | BJ10: ='FS Jimbaran Jan 2023'!AO20 -> 0 | BK10: ='FS Jimbaran Jan 2023'!AQ20 -> 0 | BL10: ='FS Jimbaran Jan 2023'!AR20 -> 0 | BM10: 0 | BN10: 0 | BO10: ='FS Jimbaran Jan 2023'!Q20 -> 0 | BP10: ='FS Jimbaran Jan 2023'!R20 -> 0
A11: Bali Jimbaran | B11: =B10+1 -> 10 | C11: 1 | D11: 2022 | E11: ='FS Jimbaran Jan 2023'!K21 -> 15 | F11: ='FS Jimbaran Jan 2023'!N21 -> 0 | G11: ='FS Jimbaran Jan 2023'!E21 -> 16.4 | H11: ='FS Jimbaran Jan 2023'!H21 -> 0 | I11: ='FS Jimbaran Jan 2023'!I21 -> 0 | J11: ='FS Jimbaran Jan 2023'!J21 -> 0 | K11: ='FS Jimbaran Jan 2023'!K21 -> 15 | L11: ='FS Jimbaran Jan 2023'!L21 -> 0 | M11: ='FS Jimbaran Jan 2023'!S21 -> 0 | N11: ='FS Jimbaran Jan 2023'!T21 -> 0 | O11: ='FS Jimbaran Jan 2023'!U21 -> 5.6 | P11: ='FS Jimbaran Jan 2023'!V21 -> 0 | Q11: ='FS Jimbaran Jan 2023'!BE21 -> 0 | R11: ='FS Jimbaran Jan 2023'!BF21 -> 0 | S11: ='FS Jimbaran Jan 2023'!BH21 -> 0 | T11: ='FS Jimbaran Jan 2023'!BH21 -> 0 | U11: ='FS Jimbaran Jan 2023'!BI21 -> 0 | V11: ='FS Jimbaran Jan 2023'!BJ21 -> 0 | W11: ='FS Jimbaran Jan 2023'!Y21 -> 440 | X11: ='FS Jimbaran Jan 2023'!Z21 -> 0 | Y11: ='FS Jimbaran Jan 2023'!AA21 -> -6.4 | Z11: ='FS Jimbaran Jan 2023'!AB21 -> 0 | AA11: ='FS Jimbaran Jan 2023'!AC21 -> 0 | AB11: ='FS Jimbaran Jan 2023'!AD21 -> 0 | AC11: ='FS Jimbaran Jan 2023'!AE21 -> 0 | AD11: ='FS Jimbaran Jan 2023'!AF21 -> 0 | ... AF11: ='FS Jimbaran Jan 2023'!AH21 -> 0 | AG11: ='FS Jimbaran Jan 2023'!AM21 -> 0 | AH11: ='FS Jimbaran Jan 2023'!AR21 -> 0 | AI11: ='FS Jimbaran Jan 2023'!AQ21 -> 0 | AJ11: ='FS Jimbaran Jan 2023'!AR21 -> 0 | AK11: ='FS Jimbaran Jan 2023'!AY21 -> 0 | AL11: ='FS Jimbaran Jan 2023'!AZ21 -> 0 | AM11: ='FS Jimbaran Jan 2023'!BB21 -> 0 | AN11: ='FS Jimbaran Jan 2023'!BB21 -> 0 | AO11: ='FS Jimbaran Jan 2023'!BK21 -> 0 | AP11: ='FS Jimbaran Jan 2023'!BL21 -> 0 | AQ11: ='FS Jimbaran Jan 2023'!BC21 -> 0 | AR11: ='FS Jimbaran Jan 2023'!BD21 -> 0 | AS11: ='FS Jimbaran Jan 2023'!BM21 -> 0 | AT11: ='FS Jimbaran Jan 2023'!BN21 -> 0 | AU11: ='FS Jimbaran Jan 2023'!BO21 -> 0 | AV11: ='FS Jimbaran Jan 2023'!BP21 -> 0 | AW11: ='FS Jimbaran Jan 2023'!E21 -> 16.4 | AX11: ='FS Jimbaran Jan 2023'!F21 -> 0 | AY11: ='FS Jimbaran Jan 2023'!O21 -> 0 | AZ11: ='FS Jimbaran Jan 2023'!P21 -> 0 | BA11: ='FS Jimbaran Jan 2023'!W21 -> 0 | BB11: ='FS Jimbaran Jan 2023'!X21 -> 0 | BC11: ='FS Jimbaran Jan 2023'!AI21 -> 514.8 | BD11: ='FS Jimbaran Jan 2023'!AJ21 -> 0 | BE11: ='FS Jimbaran Jan 2023'!AK21 -> 0 | BF11: ='FS Jimbaran Jan 2023'!AL21 -> 0 | BG11: ='FS Jimbaran Jan 2023'!AM21 -> 0 | BH11: ='FS Jimbaran Jan 2023'!AN21 -> 0 | BI11: ='FS Jimbaran Jan 2023'!AO21 -> 0 | BJ11: ='FS Jimbaran Jan 2023'!AO21 -> 0 | BK11: ='FS Jimbaran Jan 2023'!AQ21 -> 0 | BL11: ='FS Jimbaran Jan 2023'!AR21 -> 0 | BM11: 0 | BN11: 0 | BO11: ='FS Jimbaran Jan 2023'!Q21 -> 0 | BP11: ='FS Jimbaran Jan 2023'!R21 -> 0
A12: Bali Jimbaran | B12: =B11+1 -> 11 | C12: 1 | D12: 2022 | E12: ='FS Jimbaran Jan 2023'!K22 -> 15 | F12: ='FS Jimbaran Jan 2023'!N22 -> 0 | G12: ='FS Jimbaran Jan 2023'!E22 -> 16.4 | H12: ='FS Jimbaran Jan 2023'!H22 -> 0 | I12: ='FS Jimbaran Jan 2023'!I22 -> 0 | J12: ='FS Jimbaran Jan 2023'!J22 -> 0 | K12: ='FS Jimbaran Jan 2023'!K22 -> 15 | L12: ='FS Jimbaran Jan 2023'!L22 -> 0 | M12: ='FS Jimbaran Jan 2023'!S22 -> 0 | N12: ='FS Jimbaran Jan 2023'!T22 -> 0 | O12: ='FS Jimbaran Jan 2023'!U22 -> 5.6 | P12: ='FS Jimbaran Jan 2023'!V22 -> 0 | Q12: ='FS Jimbaran Jan 2023'!BE22 -> 0 | R12: ='FS Jimbaran Jan 2023'!BF22 -> 0 | S12: ='FS Jimbaran Jan 2023'!BH22 -> 0 | T12: ='FS Jimbaran Jan 2023'!BH22 -> 0 | U12: ='FS Jimbaran Jan 2023'!BI22 -> 0 | V12: ='FS Jimbaran Jan 2023'!BJ22 -> 0 | W12: ='FS Jimbaran Jan 2023'!Y22 -> 430 | X12: ='FS Jimbaran Jan 2023'!Z22 -> 0 | Y12: ='FS Jimbaran Jan 2023'!AA22 -> -6.4 | Z12: ='FS Jimbaran Jan 2023'!AB22 -> 0 | AA12: ='FS Jimbaran Jan 2023'!AC22 -> 0 | AB12: ='FS Jimbaran Jan 2023'!AD22 -> 0 | AC12: ='FS Jimbaran Jan 2023'!AE22 -> 0 | AD12: ='FS Jimbaran Jan 2023'!AF22 -> 0 | ... AF12: ='FS Jimbaran Jan 2023'!AH22 -> 0 | AG12: ='FS Jimbaran Jan 2023'!AM22 -> 0 | AH12: ='FS Jimbaran Jan 2023'!AR22 -> 0 | AI12: ='FS Jimbaran Jan 2023'!AQ22 -> 0 | AJ12: ='FS Jimbaran Jan 2023'!AR22 -> 0 | AK12: ='FS Jimbaran Jan 2023'!AY22 -> 0 | AL12: ='FS Jimbaran Jan 2023'!AZ22 -> 0 | AM12: ='FS Jimbaran Jan 2023'!BB22 -> 0 | AN12: ='FS Jimbaran Jan 2023'!BB22 -> 0 | AO12: ='FS Jimbaran Jan 2023'!BK22 -> 0 | AP12: ='FS Jimbaran Jan 2023'!BL22 -> 0 | AQ12: ='FS Jimbaran Jan 2023'!BC22 -> 0 | AR12: ='FS Jimbaran Jan 2023'!BD22 -> 0 | AS12: ='FS Jimbaran Jan 2023'!BM22 -> 0 | AT12: ='FS Jimbaran Jan 2023'!BN22 -> 0 | AU12: ='FS Jimbaran Jan 2023'!BO22 -> 0 | AV12: ='FS Jimbaran Jan 2023'!BP22 -> 0 | AW12: ='FS Jimbaran Jan 2023'!E22 -> 16.4 | AX12: ='FS Jimbaran Jan 2023'!F22 -> 0 | AY12: ='FS Jimbaran Jan 2023'!O22 -> 0 | AZ12: ='FS Jimbaran Jan 2023'!P22 -> 0 | BA12: ='FS Jimbaran Jan 2023'!W22 -> 0 | BB12: ='FS Jimbaran Jan 2023'!X22 -> 0 | BC12: ='FS Jimbaran Jan 2023'!AI22 -> 564.2 | BD12: ='FS Jimbaran Jan 2023'!AJ22 -> 0 | BE12: ='FS Jimbaran Jan 2023'!AK22 -> 0 | BF12: ='FS Jimbaran Jan 2023'!AL22 -> 0 | BG12: ='FS Jimbaran Jan 2023'!AM22 -> 0 | BH12: ='FS Jimbaran Jan 2023'!AN22 -> 0 | BI12: ='FS Jimbaran Jan 2023'!AO22 -> 0 | BJ12: ='FS Jimbaran Jan 2023'!AO22 -> 0 | BK12: ='FS Jimbaran Jan 2023'!AQ22 -> 0 | BL12: ='FS Jimbaran Jan 2023'!AR22 -> 0 | BM12: 0 | BN12: 0 | BO12: ='FS Jimbaran Jan 2023'!Q22 -> 0 | BP12: ='FS Jimbaran Jan 2023'!R22 -> 0
A13: Bali Jimbaran | B13: =B12+1 -> 12 | C13: 1 | D13: 2022 | E13: ='FS Jimbaran Jan 2023'!K23 -> 15 | F13: ='FS Jimbaran Jan 2023'!N23 -> 0 | G13: ='FS Jimbaran Jan 2023'!E23 -> 16.4 | H13: ='FS Jimbaran Jan 2023'!H23 -> 0 | I13: ='FS Jimbaran Jan 2023'!I23 -> 0 | J13: ='FS Jimbaran Jan 2023'!J23 -> 0 | K13: ='FS Jimbaran Jan 2023'!K23 -> 15 | L13: ='FS Jimbaran Jan 2023'!L23 -> 0 | M13: ='FS Jimbaran Jan 2023'!S23 -> 0 | N13: ='FS Jimbaran Jan 2023'!T23 -> 0 | O13: ='FS Jimbaran Jan 2023'!U23 -> 5.6 | P13: ='FS Jimbaran Jan 2023'!V23 -> 0 | Q13: ='FS Jimbaran Jan 2023'!BE23 -> 0 | R13: ='FS Jimbaran Jan 2023'!BF23 -> 0 | S13: ='FS Jimbaran Jan 2023'!BH23 -> 0 | T13: ='FS Jimbaran Jan 2023'!BH23 -> 0 | U13: ='FS Jimbaran Jan 2023'!BI23 -> 0 | V13: ='FS Jimbaran Jan 2023'!BJ23 -> 0 | W13: ='FS Jimbaran Jan 2023'!Y23 -> 420 | X13: ='FS Jimbaran Jan 2023'!Z23 -> 0 | Y13: ='FS Jimbaran Jan 2023'!AA23 -> -6.4 | Z13: ='FS Jimbaran Jan 2023'!AB23 -> 0 | AA13: ='FS Jimbaran Jan 2023'!AC23 -> 0 | AB13: ='FS Jimbaran Jan 2023'!AD23 -> 0 | AC13: ='FS Jimbaran Jan 2023'!AE23 -> 0 | AD13: ='FS Jimbaran Jan 2023'!AF23 -> 0 | ... AF13: ='FS Jimbaran Jan 2023'!AH23 -> 0 | AG13: ='FS Jimbaran Jan 2023'!AM23 -> 0 | AH13: ='FS Jimbaran Jan 2023'!AR23 -> 0 | AI13: ='FS Jimbaran Jan 2023'!AQ23 -> 0 | AJ13: ='FS Jimbaran Jan 2023'!AR23 -> 0 | AK13: ='FS Jimbaran Jan 2023'!AY23 -> 0 | AL13: ='FS Jimbaran Jan 2023'!AZ23 -> 0 | AM13: ='FS Jimbaran Jan 2023'!BB23 -> 0 | AN13: ='FS Jimbaran Jan 2023'!BB23 -> 0 | AO13: ='FS Jimbaran Jan 2023'!BK23 -> 0 | AP13: ='FS Jimbaran Jan 2023'!BL23 -> 0 | AQ13: ='FS Jimbaran Jan 2023'!BC23 -> 0 | AR13: ='FS Jimbaran Jan 2023'!BD23 -> 0 | AS13: ='FS Jimbaran Jan 2023'!BM23 -> 0 | AT13: ='FS Jimbaran Jan 2023'!BN23 -> 0 | AU13: ='FS Jimbaran Jan 2023'!BO23 -> 0 | AV13: ='FS Jimbaran Jan 2023'!BP23 -> 0 | AW13: ='FS Jimbaran Jan 2023'!E23 -> 16.4 | AX13: ='FS Jimbaran Jan 2023'!F23 -> 0 | AY13: ='FS Jimbaran Jan 2023'!O23 -> 0 | AZ13: ='FS Jimbaran Jan 2023'!P23 -> 0 | BA13: ='FS Jimbaran Jan 2023'!W23 -> 0 | BB13: ='FS Jimbaran Jan 2023'!X23 -> 0 | BC13: ='FS Jimbaran Jan 2023'!AI23 -> 332.8 | BD13: ='FS Jimbaran Jan 2023'!AJ23 -> 0 | BE13: ='FS Jimbaran Jan 2023'!AK23 -> 0 | BF13: ='FS Jimbaran Jan 2023'!AL23 -> 0 | BG13: ='FS Jimbaran Jan 2023'!AM23 -> 0 | BH13: ='FS Jimbaran Jan 2023'!AN23 -> 0 | BI13: ='FS Jimbaran Jan 2023'!AO23 -> 0 | BJ13: ='FS Jimbaran Jan 2023'!AO23 -> 0 | BK13: ='FS Jimbaran Jan 2023'!AQ23 -> 0 | BL13: ='FS Jimbaran Jan 2023'!AR23 -> 0 | BM13: 0 | BN13: 0 | BO13: ='FS Jimbaran Jan 2023'!Q23 -> 0 | BP13: ='FS Jimbaran Jan 2023'!R23 -> 0
A14: Bali Jimbaran | B14: =B13+1 -> 13 | C14: 1 | D14: 2022 | E14: ='FS Jimbaran Jan 2023'!K24 -> 15 | F14: ='FS Jimbaran Jan 2023'!N24 -> 0 | G14: ='FS Jimbaran Jan 2023'!E24 -> 16.4 | H14: ='FS Jimbaran Jan 2023'!H24 -> 0 | I14: ='FS Jimbaran Jan 2023'!I24 -> 0 | J14: ='FS Jimbaran Jan 2023'!J24 -> 0 | K14: ='FS Jimbaran Jan 2023'!K24 -> 15 | L14: ='FS Jimbaran Jan 2023'!L24 -> 0 | M14: ='FS Jimbaran Jan 2023'!S24 -> 0 | N14: ='FS Jimbaran Jan 2023'!T24 -> 0 | O14: ='FS Jimbaran Jan 2023'!U24 -> 5.6 | P14: ='FS Jimbaran Jan 2023'!V24 -> 0 | Q14: ='FS Jimbaran Jan 2023'!BE24 -> 0 | R14: ='FS Jimbaran Jan 2023'!BF24 -> 0 | S14: ='FS Jimbaran Jan 2023'!BH24 -> 0 | T14: ='FS Jimbaran Jan 2023'!BH24 -> 0 | U14: ='FS Jimbaran Jan 2023'!BI24 -> 0 | V14: ='FS Jimbaran Jan 2023'!BJ24 -> 0 | W14: ='FS Jimbaran Jan 2023'!Y24 -> 405 | X14: ='FS Jimbaran Jan 2023'!Z24 -> 0 | Y14: ='FS Jimbaran Jan 2023'!AA24 -> -6.4 | Z14: ='FS Jimbaran Jan 2023'!AB24 -> 0 | AA14: ='FS Jimbaran Jan 2023'!AC24 -> 0 | AB14: ='FS Jimbaran Jan 2023'!AD24 -> 0 | AC14: ='FS Jimbaran Jan 2023'!AE24 -> 0 | AD14: ='FS Jimbaran Jan 2023'!AF24 -> 0 | ... AF14: ='FS Jimbaran Jan 2023'!AH24 -> 0 | AG14: ='FS Jimbaran Jan 2023'!AM24 -> 0 | AH14: ='FS Jimbaran Jan 2023'!AR24 -> 0 | AI14: ='FS Jimbaran Jan 2023'!AQ24 -> 0 | AJ14: ='FS Jimbaran Jan 2023'!AR24 -> 0 | AK14: ='FS Jimbaran Jan 2023'!AY24 -> 0 | AL14: ='FS Jimbaran Jan 2023'!AZ24 -> 0 | AM14: ='FS Jimbaran Jan 2023'!BB24 -> 0 | AN14: ='FS Jimbaran Jan 2023'!BB24 -> 0 | AO14: ='FS Jimbaran Jan 2023'!BK24 -> 0 | AP14: ='FS Jimbaran Jan 2023'!BL24 -> 0 | AQ14: ='FS Jimbaran Jan 2023'!BC24 -> 0 | AR14: ='FS Jimbaran Jan 2023'!BD24 -> 0 | AS14: ='FS Jimbaran Jan 2023'!BM24 -> 0 | AT14: ='FS Jimbaran Jan 2023'!BN24 -> 0 | AU14: ='FS Jimbaran Jan 2023'!BO24 -> 0 | AV14: ='FS Jimbaran Jan 2023'!BP24 -> 0 | AW14: ='FS Jimbaran Jan 2023'!E24 -> 16.4 | AX14: ='FS Jimbaran Jan 2023'!F24 -> 0 | AY14: ='FS Jimbaran Jan 2023'!O24 -> 0 | AZ14: ='FS Jimbaran Jan 2023'!P24 -> 0 | BA14: ='FS Jimbaran Jan 2023'!W24 -> 0 | BB14: ='FS Jimbaran Jan 2023'!X24 -> 0 | BC14: ='FS Jimbaran Jan 2023'!AI24 -> 330.2 | BD14: ='FS Jimbaran Jan 2023'!AJ24 -> 0 | BE14: ='FS Jimbaran Jan 2023'!AK24 -> 0 | BF14: ='FS Jimbaran Jan 2023'!AL24 -> 0 | BG14: ='FS Jimbaran Jan 2023'!AM24 -> 0 | BH14: ='FS Jimbaran Jan 2023'!AN24 -> 0 | BI14: ='FS Jimbaran Jan 2023'!AO24 -> 0 | BJ14: ='FS Jimbaran Jan 2023'!AO24 -> 0 | BK14: ='FS Jimbaran Jan 2023'!AQ24 -> 0 | BL14: ='FS Jimbaran Jan 2023'!AR24 -> 0 | BM14: 0 | BN14: 0 | BO14: ='FS Jimbaran Jan 2023'!Q24 -> 0 | BP14: ='FS Jimbaran Jan 2023'!R24 -> 0
... A32: Bali Jimbaran | B32: =B31+1 -> 31 | C32: 1 | D32: 2022 | E32: ='FS Jimbaran Jan 2023'!K42 -> 15 | F32: ='FS Jimbaran Jan 2023'!N42 -> -69600 | G32: ='FS Jimbaran Jan 2023'!E42 -> 17 | H32: ='FS Jimbaran Jan 2023'!H42 -> 0 | I32: ='FS Jimbaran Jan 2023'!I42 -> 0 | J32: ='FS Jimbaran Jan 2023'!J42 -> 0 | K32: ='FS Jimbaran Jan 2023'!K42 -> 15 | L32: ='FS Jimbaran Jan 2023'!L42 -> 0 | M32: ='FS Jimbaran Jan 2023'!S42 -> 0 | N32: ='FS Jimbaran Jan 2023'!T42 -> 0 | O32: ='FS Jimbaran Jan 2023'!U42 -> 7 | P32: ='FS Jimbaran Jan 2023'!V42 -> -50450 | Q32: ='FS Jimbaran Jan 2023'!BE42 -> 0 | R32: ='FS Jimbaran Jan 2023'!BF42 -> 0 | S32: ='FS Jimbaran Jan 2023'!BH42 -> 0 | T32: ='FS Jimbaran Jan 2023'!BH42 -> 0 | U32: ='FS Jimbaran Jan 2023'!BI42 -> 0 | V32: ='FS Jimbaran Jan 2023'!BJ42 -> 0 | W32: ='FS Jimbaran Jan 2023'!Y42 -> 415 | X32: ='FS Jimbaran Jan 2023'!Z42 -> 0 | Y32: ='FS Jimbaran Jan 2023'!AA42 -> -6.4 | Z32: ='FS Jimbaran Jan 2023'!AB42 -> 0 | AA32: ='FS Jimbaran Jan 2023'!AC42 -> 0 | AB32: ='FS Jimbaran Jan 2023'!AD42 -> 0 | AC32: ='FS Jimbaran Jan 2023'!AE42 -> 0 | AD32: ='FS Jimbaran Jan 2023'!AF42 -> 0 | ... AF32: ='FS Jimbaran Jan 2023'!AH42 -> 0 | AG32: ='FS Jimbaran Jan 2023'!AM42 -> 0 | AH32: ='FS Jimbaran Jan 2023'!AR42 -> 0 | AI32: ='FS Jimbaran Jan 2023'!AQ42 -> 0 | AJ32: ='FS Jimbaran Jan 2023'!AR42 -> 0 | AK32: ='FS Jimbaran Jan 2023'!AY42 -> 0 | AL32: ='FS Jimbaran Jan 2023'!AZ42 -> 0 | AM32: ='FS Jimbaran Jan 2023'!BB42 -> 0 | AN32: ='FS Jimbaran Jan 2023'!BB42 -> 0 | AO32: ='FS Jimbaran Jan 2023'!BK42 -> 0 | AP32: ='FS Jimbaran Jan 2023'!BL42 -> 0 | AQ32: ='FS Jimbaran Jan 2023'!BC42 -> 0 | AR32: ='FS Jimbaran Jan 2023'!BD42 -> 0 | AS32: ='FS Jimbaran Jan 2023'!BM42 -> 0 | AT32: ='FS Jimbaran Jan 2023'!BN42 -> 0 | AU32: ='FS Jimbaran Jan 2023'!BO42 -> 0 | AV32: ='FS Jimbaran Jan 2023'!BP42 -> 0 | AW32: ='FS Jimbaran Jan 2023'!E42 -> 17 | AX32: ='FS Jimbaran Jan 2023'!F42 -> -225500 | AY32: ='FS Jimbaran Jan 2023'!O42 -> 0 | AZ32: ='FS Jimbaran Jan 2023'!P42 -> 0 | BA32: ='FS Jimbaran Jan 2023'!W42 -> 0 | BB32: ='FS Jimbaran Jan 2023'!X42 -> 0 | BC32: ='FS Jimbaran Jan 2023'!AI42 -> 335.4 | BD32: ='FS Jimbaran Jan 2023'!AJ42 -> 0 | BE32: ='FS Jimbaran Jan 2023'!AK42 -> 0 | BF32: ='FS Jimbaran Jan 2023'!AL42 -> 0 | BG32: ='FS Jimbaran Jan 2023'!AM42 -> 0 | BH32: ='FS Jimbaran Jan 2023'!AN42 -> 0 | BI32: ='FS Jimbaran Jan 2023'!AO42 -> 0 | BJ32: ='FS Jimbaran Jan 2023'!AO42 -> 0 | BK32: ='FS Jimbaran Jan 2023'!AQ42 -> 0 | BL32: ='FS Jimbaran Jan 2023'!AR42 -> 0 | BM32: 0 | BN32: 0 | BO32: ='FS Jimbaran Jan 2023'!Q42 -> 0 | BP32: ='FS Jimbaran Jan 2023'!R42 -> 0
E33: =SUM(E2:E32) -> 465 | F33: =SUM(F2:F32) -> -87600 | G33: =SUM(G2:G32) -> 509 | H33: =SUM(H2:H32) -> 0 | I33: =SUM(I2:I32) -> 0 | J33: =SUM(J2:J32) -> 0 | K33: =SUM(K2:K32) -> 465 | L33: =SUM(L2:L32) -> -35900 | ... BP33: =SUM(BP2:BP32) -> 0

Sheet FS Jimbaran Jan 2023
Y3: =3+16+8+27+4+63+4+6+14+11+19 -> 175
Z4: =Y3/31 -> 5.6451613
O5: =58+15 -> 73
B6: Four Seasons Resort Bali at Jimbaran Bay | O6: =O5/31 -> 2.3548387
B7: Jan 2023
B8: Date | C8: Room Nights | D8: Food Covers | E8: Paper Waste | K8: Glass Waste | M8: Metal Waste | U8: Plastic Waste | Y8: Organic Waste | AM8: Hazardous Waste | BE8: Recycleable
E10: Total (per Unit) paper cardboard | F10: Total cost paper cardboard | G10: Total (per Unit) cardboard | H10: Total cost cardboard | I10: Total (per Unit) paper | J10: Total cost paper | K10: Total (per Unit) mixed glass | L10: Total cost mixed glass | M10: Total (per Unit) bottles cans | N10: Total cost bottles cans | O10: Total (per Unit) mixed metals | P10: Total cost mixed metals | Q10: Total (per Unit) tin | R10: Total cost tin | S10: Total (per Unit) aluminum | T10: Total cost aluminum | U10: Total (per Unit) plastics | V10: Total cost plastics | W10: Total (per Unit) other plastics | X10: Total cost other plastics | Y10: Total (per Unit) solid food waste | Z10: Total cost solid food waste | AA10: Total (per Unit) leftover food | AB10: Total cost leftover food | AC10: Total (per Unit) inedible parts | AD10: Total cost inedible parts | AE10: Total (per Unit) liquid food waste | AF10: Total cost liquid food waste | AG10: Total (per Unit) kitchen grease | AH10: Total cost kitchen grease | AI10: Total (per Unit) biodegradable | AJ10: Total cost biodegradable | AK10: Total (per Unit) food waste | AL10: Total cost food waste | AM10: Total (per Unit) hazardous waste | AN10: Total cost hazardous waste | AO10: Total (per Unit) universal waste | AP10: Total cost universal waste | AQ10: Total (per Unit) hazardous and universal waste | AR10: Total cost hazardous and universal waste | AS10: Total (per Unit) medical waste | AT10: Total cost medical waste | AU10: Total (per Unit) liquid hazardous waste | AV10: Total cost liquid hazardous waste | AW10: Total (per Unit) other hazardous waste | AX10: Total cost other hazardous waste | AY10: Total (per Unit) batteries | AZ10: Total cost batteries | BA10: Total (per Unit) light bulbs | BB10: Total cost light bulbs | BC10: Total (per Unit) paint | BD10: Total cost paint | BE10: Total (per Unit) soap bars | BF10: Total cost soap bars | BG10: Total (per Unit) e waste | BH10: Total cost e waste | BI10: Total (per Unit) durable goods | BJ10: Total cost durable goods | BK10: Total (per Unit) textiles | BL10: Total cost textiles | BM10: Total (per Unit) recyclable | BN10: Total cost recyclable | BO10: Total (per Unit) commingled recyclables | BP10: Total cost commingled recyclables
B12: 1 | C12: 145 | D12: 881 | E12: 16.4 | F12: 0 | G12: 0 | H12: 0 | I12: 0 | J12: 0 | K12: 15 | L12: 0 | M12: 2.3 | N12: 0 | O12: 0 | P12: 0 | Q12: 0 | R12: 0 | S12: 0 | T12: 0 | U12: 5.6 | V12: 0 | W12: 0 | X12: 0 | Y12: 435 | Z12: 1500000 | AA12: -6.4 | AB12: 0 | AC12: 0 | AD12: 0 | AE12: 0 | AF12: 0 | AG12: 0 | AH12: 0 | AI12: 533 | AJ12: 9000000 | AK12: 0 | AL12: 0 | AM12: 0 | AN12: 0 | AO12: 0 | AP12: 0 | AQ12: 0 | AR12: 0 | AS12: 0 | AT12: 0 | AU12: 0 | AV12: 0 | AW12: 0 | AX12: 0 | AY12: 0 | AZ12: 0 | BA12: 0 | BB12: 0 | BC12: 0 | BD12: 0 | BE12: 0 | BF12: 0 | BG12: 0 | BH12: 0 | BI12: 0 | BJ12: 0 | BK12: 0 | BL12: 0 | BM12: 0 | BN12: 0 | BO12: 0 | BP12: 0
B13: 2 | C13: 132 | D13: 872 | E13: 16.4 | F13: 0 | G13: 0 | H13: 0 | I13: 0 | J13: 0 | K13: 15 | L13: 0 | M13: 2.3 | N13: 0 | O13: 0 | P13: 0 | Q13: 0 | R13: 0 | S13: 0 | T13: 0 | U13: 5.6 | V13: 0 | W13: 0 | X13: 0 | Y13: 430 | Z13: 0 | AA13: -6.4 | AB13: 0 | AC13: 0 | AD13: 0 | AE13: 0 | AF13: 0 | AG13: 0 | AH13: 0 | AI13: 330.2 | AJ13: 0 | AK13: 0 | AL13: 0 | AM13: 0 | AN13: 0 | AO13: 0 | AP13: 0 | AQ13: 0 | AR13: 0 | AS13: 0 | AT13: 0 | AU13: 0 | AV13: 0 | AW13: 0 | AX13: 0 | AY13: 0 | AZ13: 0 | BA13: 0 | BB13: 0 | BC13: 0 | BD13: 0 | BE13: 0 | BF13: 0 | BG13: 0 | BH13: 0 | BI13: 0 | BJ13: 0 | BK13: 0 | BL13: 0 | BM13: 0 | BN13: 0 | BO13: 0 | BP13: 0
B14: 3 | C14: 126 | D14: 803 | E14: 16.4 | F14: 0 | G14: 0 | H14: 0 | I14: 0 | J14: 0 | K14: 15 | L14: 0 | M14: 2.3 | N14: 0 | O14: 0 | P14: 0 | Q14: 0 | R14: 0 | S14: 0 | T14: 0 | U14: 5.6 | V14: 0 | W14: 0 | X14: 0 | Y14: 400 | Z14: 0 | AA14: -6.4 | AB14: 0 | AC14: 0 | AD14: 0 | AE14: 0 | AF14: 0 | AG14: 0 | AH14: 0 | AI14: 338 | AJ14: 0 | AK14: 0 | AL14: 0 | AM14: 0 | AN14: 0 | AO14: 0 | AP14: 0 | AQ14: 0 | AR14: 0 | AS14: 0 | AT14: 0 | AU14: 0 | AV14: 0 | AW14: 0 | AX14: 0 | AY14: 0 | AZ14: 0 | BA14: 0 | BB14: 0 | BC14: 0 | BD14: 0 | BE14: 0 | BF14: 0 | BG14: 0 | BH14: 0 | BI14: 0 | BJ14: 0 | BK14: 0 | BL14: 0 | BM14: 0 | BN14: 0 | BO14: 0 | BP14: 0
B15: 4 | C15: 131 | D15: 819 | E15: 16.4 | F15: 0 | G15: 0 | H15: 0 | I15: 0 | J15: 0 | K15: 15 | L15: 0 | M15: 2.3 | N15: 0 | O15: 0 | P15: 0 | Q15: 0 | R15: 0 | S15: 0 | T15: 0 | U15: 5.6 | V15: 0 | W15: 0 | X15: 0 | Y15: 410 | Z15: 0 | AA15: -6.4 | AB15: 0 | AC15: 0 | AD15: 0 | AE15: 0 | AF15: 0 | AG15: 0 | AH15: 0 | AI15: 369.2 | AJ15: 0 | AK15: 0 | AL15: 0 | AM15: 0 | AN15: 0 | AO15: 0 | AP15: 0 | AQ15: 0 | AR15: 0 | AS15: 0 | AT15: 0 | AU15: 0 | AV15: 0 | AW15: 0 | AX15: 0 | AY15: 0 | AZ15: 0 | BA15: 0 | BB15: 0 | BC15: 0 | BD15: 0 | BE15: 0 | BF15: 0 | BG15: 0 | BH15: 0 | BI15: 0 | BJ15: 0 | BK15: 0 | BL15: 0 | BM15: 0 | BN15: 0 | BO15: 0 | BP15: 0
B16: 5 | C16: 127 | D16: 835 | E16: 16.4 | F16: 0 | G16: 0 | H16: 0 | I16: 0 | J16: 0 | K16: 15 | L16: 0 | M16: 2.3 | N16: 0 | O16: 0 | P16: 0 | Q16: 0 | R16: 0 | S16: 0 | T16: 0 | U16: 5.6 | V16: 0 | W16: 0 | X16: 0 | Y16: 415 | Z16: 0 | AA16: -6.4 | AB16: 0 | AC16: 0 | AD16: 0 | AE16: 0 | AF16: 0 | AG16: 0 | AH16: 0 | AI16: 423.8 | AJ16: 0 | AK16: 0 | AL16: 0 | AM16: 0 | AN16: 0 | AO16: 0 | AP16: 0 | AQ16: 0 | AR16: 0 | AS16: 0 | AT16: 0 | AU16: 0 | AV16: 0 | AW16: 0 | AX16: 0 | AY16: 0 | AZ16: 0 | BA16: 0 | BB16: 0 | BC16: 0 | BD16: 0 | BE16: 0 | BF16: 0 | BG16: 0 | BH16: 0 | BI16: 0 | BJ16: 0 | BK16: 0 | BL16: 0 | BM16: 0 | BN16: 0 | BO16: 0 | BP16: 0
B17: 6 | C17: 120 | D17: 730 | E17: 16.4 | F17: 0 | G17: 0 | H17: 0 | I17: 0 | J17: 0 | K17: 15 | L17: 0 | M17: 2.3 | N17: 0 | O17: 0 | P17: 0 | Q17: 0 | R17: 0 | S17: 0 | T17: 0 | U17: 5.6 | V17: 0 | W17: 0 | X17: 0 | Y17: 440 | Z17: 0 | AA17: -6.4 | AB17: 0 | AC17: 0 | AD17: 0 | AE17: 0 | AF17: 0 | AG17: 0 | AH17: 0 | AI17: 561.6 | AJ17: 0 | AK17: 0 | AL17: 0 | AM17: 0 | AN17: 0 | AO17: 0 | AP17: 0 | AQ17: 0 | AR17: 0 | AS17: 0 | AT17: 0 | AU17: 0 | AV17: 0 | AW17: 0 | AX17: 0 | AY17: 0 | AZ17: 0 | BA17: 0 | BB17: 0 | BC17: 0 | BD17: 0 | BE17: 0 | BF17: 0 | BG17: 0 | BH17: 0 | BI17: 0 | BJ17: 0 | BK17: 0 | BL17: 0 | BM17: 0 | BN17: 0 | BO17: 0 | BP17: 0
B18: 7 | C18: 121 | D18: 765 | E18: 16.4 | F18: 0 | G18: 0 | H18: 0 | I18: 0 | J18: 0 | K18: 15 | L18: 0 | M18: 2.3 | N18: 0 | O18: 0 | P18: 0 | Q18: 0 | R18: 0 | S18: 0 | T18: 0 | U18: 5.6 | V18: 0 | W18: 0 | X18: 0 | Y18: 425 | Z18: 0 | AA18: -6.4 | AB18: 0 | AC18: 0 | AD18: 0 | AE18: 0 | AF18: 0 | AG18: 0 | AH18: 0 | AI18: 470.6 | AJ18: 0 | AK18: 0 | AL18: 0 | AM18: 0 | AN18: 0 | AO18: 0 | AP18: 0 | AQ18: 0 | AR18: 0 | AS18: 0 | AT18: 0 | AU18: 0 | AV18: 0 | AW18: 0 | AX18: 0 | AY18: 0 | AZ18: 0 | BA18: 0 | BB18: 0 | BC18: 0 | BD18: 0 | BE18: 0 | BF18: 0 | BG18: 0 | BH18: 0 | BI18: 0 | BJ18: 0 | BK18: 0 | BL18: 0 | BM18: 0 | BN18: 0 | BO18: 0 | BP18: 0
B19: 8 | C19: 105 | D19: 672 | E19: 16.4 | F19: 0 | G19: 0 | H19: 0 | I19: 0 | J19: 0 | K19: 15 | L19: 0 | M19: 2.3 | N19: 0 | O19: 0 | P19: 0 | Q19: 0 | R19: 0 | S19: 0 | T19: 0 | U19: 5.6 | V19: 0 | W19: 0 | X19: 0 | Y19: 445 | Z19: 0 | AA19: -6.4 | AB19: 0 | AC19: 0 | AD19: 0 | AE19: 0 | AF19: 0 | AG19: 0 | AH19: 0 | AI19: 397.8 | AJ19: 0 | AK19: 0 | AL19: 0 | AM19: 0 | AN19: 0 | AO19: 0 | AP19: 0 | AQ19: 0 | AR19: 0 | AS19: 0 | AT19: 0 | AU19: 0 | AV19: 0 | AW19: 0 | AX19: 0 | AY19: 0 | AZ19: 0 | BA19: 0 | BB19: 0 | BC19: 0 | BD19: 0 | BE19: 0 | BF19: 0 | BG19: 0 | BH19: 0 | BI19: 0 | BJ19: 0 | BK19: 0 | BL19: 0 | BM19: 0 | BN19: 0 | BO19: 0 | BP19: 0
B20: 9 | C20: 101 | D20: 670 | E20: 16.4 | F20: 0 | G20: 0 | H20: 0 | I20: 0 | J20: 0 | K20: 15 | L20: 0 | M20: 2.3 | N20: 0 | O20: 0 | P20: 0 | Q20: 0 | R20: 0 | S20: 0 | T20: 0 | U20: 5.6 | V20: 0 | W20: 0 | X20: 0 | Y20: 450 | Z20: 0 | AA20: -6.4 | AB20: 0 | AC20: 0 | AD20: 0 | AE20: 0 | AF20: 0 | AG20: 0 | AH20: 0 | AI20: 364 | AJ20: 0 | AK20: 0 | AL20: 0 | AM20: 0 | AN20: 0 | AO20: 0 | AP20: 0 | AQ20: 0 | AR20: 0 | AS20: 0 | AT20: 0 | AU20: 0 | AV20: 0 | AW20: 0 | AX20: 0 | AY20: 0 | AZ20: 0 | BA20: 0 | BB20: 0 | BC20: 0 | BD20: 0 | BE20: 0 | BF20: 0 | BG20: 0 | BH20: 0 | BI20: 0 | BJ20: 0 | BK20: 0 | BL20: 0 | BM20: 0 | BN20: 0 | BO20: 0 | BP20: 0
B21: 10 | C21: 82 | D21: 523 | E21: 16.4 | F21: 0 | G21: 0 | H21: 0 | I21: 0 | J21: 0 | K21: 15 | L21: 0 | M21: 2.3 | N21: 0 | O21: 0 | P21: 0 | Q21: 0 | R21: 0 | S21: 0 | T21: 0 | U21: 5.6 | V21: 0 | W21: 0 | X21: 0 | Y21: 440 | Z21: 0 | AA21: -6.4 | AB21: 0 | AC21: 0 | AD21: 0 | AE21: 0 | AF21: 0 | AG21: 0 | AH21: 0 | AI21: 514.8 | AJ21: 0 | AK21: 0 | AL21: 0 | AM21: 0 | AN21: 0 | AO21: 0 | AP21: 0 | AQ21: 0 | AR21: 0 | AS21: 0 | AT21: 0 | AU21: 0 | AV21: 0 | AW21: 0 | AX21: 0 | AY21: 0 | AZ21: 0 | BA21: 0 | BB21: 0 | BC21: 0 | BD21: 0 | BE21: 0 | BF21: 0 | BG21: 0 | BH21: 0 | BI21: 0 | BJ21: 0 | BK21: 0 | BL21: 0 | BM21: 0 | BN21: 0 | BO21: 0 | BP21: 0
B22: 11 | C22: 83 | D22: 520 | E22: 16.4 | F22: 0 | G22: 0 | H22: 0 | I22: 0 | J22: 0 | K22: 15 | L22: 0 | M22: 2.3 | N22: 0 | O22: 0 | P22: 0 | Q22: 0 | R22: 0 | S22: 0 | T22: 0 | U22: 5.6 | V22: 0 | W22: 0 | X22: 0 | Y22: 430 | Z22: 0 | AA22: -6.4 | AB22: 0 | AC22: 0 | AD22: 0 | AE22: 0 | AF22: 0 | AG22: 0 | AH22: 0 | AI22: 564.2 | AJ22: 0 | AK22: 0 | AL22: 0 | AM22: 0 | AN22: 0 | AO22: 0 | AP22: 0 | AQ22: 0 | AR22: 0 | AS22: 0 | AT22: 0 | AU22: 0 | AV22: 0 | AW22: 0 | AX22: 0 | AY22: 0 | AZ22: 0 | BA22: 0 | BB22: 0 | BC22: 0 | BD22: 0 | BE22: 0 | BF22: 0 | BG22: 0 | BH22: 0 | BI22: 0 | BJ22: 0 | BK22: 0 | BL22: 0 | BM22: 0 | BN22: 0 | BO22: 0 | BP22: 0
B23: 12 | C23: 77 | D23: 519 | E23: 16.4 | F23: 0 | G23: 0 | H23: 0 | I23: 0 | J23: 0 | K23: 15 | L23: 0 | M23: 2.3 | N23: 0 | O23: 0 | P23: 0 | Q23: 0 | R23: 0 | S23: 0 | T23: 0 | U23: 5.6 | V23: 0 | W23: 0 | X23: 0 | Y23: 420 | Z23: 0 | AA23: -6.4 | AB23: 0 | AC23: 0 | AD23: 0 | AE23: 0 | AF23: 0 | AG23: 0 | AH23: 0 | AI23: 332.8 | AJ23: 0 | AK23: 0 | AL23: 0 | AM23: 0 | AN23: 0 | AO23: 0 | AP23: 0 | AQ23: 0 | AR23: 0 | AS23: 0 | AT23: 0 | AU23: 0 | AV23: 0 | AW23: 0 | AX23: 0 | AY23: 0 | AZ23: 0 | BA23: 0 | BB23: 0 | BC23: 0 | BD23: 0 | BE23: 0 | BF23: 0 | BG23: 0 | BH23: 0 | BI23: 0 | BJ23: 0 | BK23: 0 | BL23: 0 | BM23: 0 | BN23: 0 | BO23: 0 | BP23: 0
... B42: 31 | C42: 51 | D42: 246 | E42: 17 | F42: -225500 | G42: 0 | H42: 0 | I42: 0 | J42: 0 | K42: 15 | L42: 0 | M42: 4 | N42: -69600 | O42: 0 | P42: 0 | Q42: 0 | R42: 0 | S42: 0 | T42: 0 | U42: 7 | V42: -50450 | W42: 0 | X42: 0 | Y42: 415 | Z42: 0 | AA42: -6.4 | AB42: 0 | AC42: 0 | AD42: 0 | AE42: 0 | AF42: 0 | AG42: 0 | AH42: 0 | AI42: 335.4 | AJ42: 0 | AK42: 0 | AL42: 0 | AM42: 0 | AN42: 0 | AO42: 0 | AP42: 0 | AQ42: 0 | AR42: 0 | AS42: 0 | AT42: 0 | AU42: 0 | AV42: 0 | AW42: 0 | AX42: 0 | AY42: 0 | AZ42: 0 | BA42: 0 | BB42: 0 | BC42: 0 | BD42: 0 | BE42: 0 | BF42: 0 | BG42: 0 | BH42: 0 | BI42: 0 | BJ42: 0 | BK42: 0 | BL42: 0 | BM42: 0 | BN42: 0 | BO42: 0 | BP42: 0
I43: 0
C45: =SUM(C12:C42) -> 2688 | D45: =SUM(D12:D42) -> 16965 | E45: =SUM(E12:E42) -> 509 | F45: =SUM(F12:F42) -> -486800 | G45: =SUM(G12:G42) -> 0 | H45: 0 | I45: =SUM(I12:I42) -> 0 | J45: 0 | K45: =SUM(K12:K42) -> 465 | L45: =SUM(L12:L42) -> -35900 | M45: =SUM(M12:M42) -> 73 | N45: =SUM(N12:N42) -> -87600 | Q45: =SUM(Q12:Q42) -> 0 | S45: =SUM(S12:S42) -> 0 | U45: =SUM(U12:U42) -> 175 | Y45: =SUM(Y12:Y42) -> 13270 | Z45: =SUM(Z12:Z42) -> 1500000 | AA45: =SUM(AA12:AA42) -> -198.4 | AC45: =SUM(AC12:AC42) -> 0 | AI45: =SUM(AI12:AI42) -> 12776.4 | AJ45: =SUM(AJ12:AJ44) -> 9000000 | AK45: =SUM(AK12:AK42) -> 0 | AS45: =SUM(AS12:AS42) -> 0 | AT45: =SUM(AT12:AT42) -> 0
