Workbook

Sheet TOTAL
A1: Site Name | B1: Day | C1: Month | D1: Year | E1: Total Electricity Kwh | F1: Electricity Tariff ($/Kwh) | G1: Natual Gas (m3) | H1: Natural Gas $/m3 | I1: Water Utility Supply (m3) m3 | J1: Water Utility Supply (m3) $/m3 | K1: Room Nights | L1: Total Guests | M1: Utilities day cost dh
A2: Mumbai | B2: 1 | C2: 12 | D2: 2022 | E2: =(IF('Daily HLP'!H4>0,'Daily HLP'!H4,0)) -> 22590.8 | F2: 10 | G2: =(IF('Daily HLP'!L4>0,'Daily HLP'!L4,0)) -> 982.4 | H2: 66 | I2: =(IF('Daily HLP'!O4>0,'Daily HLP'!O4,0)) -> 303 | J2: 100 | K2: =Occupancy!G2 -> 161 | L2: =Occupancy!F2 -> 451 | M2: =E2*F2+G2*H2+#REF!*#REF!+I2*J2 -> #REF!
A3: Mumbai | B3: =B2+1 -> 2 | C3: 12 | D3: 2022 | E3: =(IF('Daily HLP'!H5>0,'Daily HLP'!H5,0)) -> 22181.55 | F3: 10 | G3: =(IF('Daily HLP'!L5>0,'Daily HLP'!L5,0)) -> 1119.95 | H3: 66 | I3: =(IF('Daily HLP'!O5>0,'Daily HLP'!O5,0)) -> 313 | J3: 100 | K3: =Occupancy!G3 -> 152 | L3: =Occupancy!F3 -> 351 | M3: =E3*F3+G3*H3+#REF!*#REF!+I3*J3 -> #REF!
A4: Mumbai | B4: =B3+1 -> 3 | C4: 12 | D4: 2022 | E4: =(IF('Daily HLP'!H6>0,'Daily HLP'!H6,0)) -> 22630.65 | F4: 10 | G4: =(IF('Daily HLP'!L6>0,'Daily HLP'!L6,0)) -> 1133.65 | H4: 66 | I4: =(IF('Daily HLP'!O6>0,'Daily HLP'!O6,0)) -> 326 | J4: 100 | K4: =Occupancy!G4 -> 176 | L4: =Occupancy!F4 -> 369 | M4: =E4*F4+G4*H4+#REF!*#REF!+I4*J4 -> #REF!
A5: Mumbai | B5: =B4+1 -> 4 | C5: 12 | D5: 2022 | E5: =(IF('Daily HLP'!H7>0,'Daily HLP'!H7,0)) -> 23512 | F5: 10 | G5: =(IF('Daily HLP'!L7>0,'Daily HLP'!L7,0)) -> 1075.7 | H5: 66 | I5: =(IF('Daily HLP'!O7>0,'Daily HLP'!O7,0)) -> 269 | J5: 100 | K5: =Occupancy!G5 -> 179 | L5: =Occupancy!F5 -> 455 | M5: =E5*F5+G5*H5+#REF!*#REF!+I5*J5 -> #REF!
A6: Mumbai | B6: =B5+1 -> 5 | C6: 12 | D6: 2022 | E6: =(IF('Daily HLP'!H8>0,'Daily HLP'!H8,0)) -> 23970 | F6: 10 | G6: =(IF('Daily HLP'!L8>0,'Daily HLP'!L8,0)) -> 1103.3 | H6: 66 | I6: =(IF('Daily HLP'!O8>0,'Daily HLP'!O8,0)) -> 311 | J6: 100 | K6: =Occupancy!G6 -> 174 | L6: =Occupancy!F6 -> 482 | M6: =E6*F6+G6*H6+#REF!*#REF!+I6*J6 -> #REF!
A7: Mumbai | B7: =B6+1 -> 6 | C7: 12 | D7: 2022 | E7: =(IF('Daily HLP'!H9>0,'Daily HLP'!H9,0)) -> 22796 | F7: 10 | G7: =(IF('Daily HLP'!L9>0,'Daily HLP'!L9,0)) -> 1119.4 | H7: 66 | I7: =(IF('Daily HLP'!O9>0,'Daily HLP'!O9,0)) -> 363 | J7: 100 | K7: =Occupancy!G7 -> 167 | L7: =Occupancy!F7 -> 551 | M7: =E7*F7+G7*H7+#REF!*#REF!+I7*J7 -> #REF!
A8: Mumbai | B8: =B7+1 -> 7 | C8: 12 | D8: 2022 | E8: =(IF('Daily HLP'!H10>0,'Daily HLP'!H10,0)) -> 22420 | F8: 10 | G8: =(IF('Daily HLP'!L10>0,'Daily HLP'!L10,0)) -> 1104.6 | H8: 66 | I8: =(IF('Daily HLP'!O10>0,'Daily HLP'!O10,0)) -> 269 | J8: 100 | K8: =Occupancy!G8 -> 161 | L8: =Occupancy!F8 -> 658 | M8: =E8*F8+G8*H8+#REF!*#REF!+I8*J8 -> #REF!
A9: Mumbai | B9: =B8+1 -> 8 | C9: 12 | D9: 2022 | E9: =(IF('Daily HLP'!H11>0,'Daily HLP'!H11,0)) -> 23804.71 | F9: 10 | G9: =(IF('Daily HLP'!L11>0,'Daily HLP'!L11,0)) -> 1148.17 | H9: 66 | I9: =(IF('Daily HLP'!O11>0,'Daily HLP'!O11,0)) -> 293 | J9: 100 | K9: =Occupancy!G9 -> 145 | L9: =Occupancy!F9 -> 542 | M9: =E9*F9+G9*H9+#REF!*#REF!+I9*J9 -> #REF!
A10: Mumbai | B10: =B9+1 -> 9 | C10: 12 | D10: 2022 | E10: =(IF('Daily HLP'!H12>0,'Daily HLP'!H12,0)) -> 23775.84 | F10: 10 | G10: =(IF('Daily HLP'!L12>0,'Daily HLP'!L12,0)) -> 1100.83 | H10: 66 | I10: =(IF('Daily HLP'!O12>0,'Daily HLP'!O12,0)) -> 336 | J10: 100 | K10: =Occupancy!G10 -> 161 | L10: =Occupancy!F10 -> 398 | M10: =E10*F10+G10*H10+#REF!*#REF!+I10*J10 -> #REF!
A11: Mumbai | B11: =B10+1 -> 10 | C11: 12 | D11: 2022 | E11: =(IF('Daily HLP'!H13>0,'Daily HLP'!H13,0)) -> 22630.8 | F11: 10 | G11: =(IF('Daily HLP'!L13>0,'Daily HLP'!L13,0)) -> 1067.45 | H11: 66 | I11: =(IF('Daily HLP'!O13>0,'Daily HLP'!O13,0)) -> 325 | J11: 100 | K11: =Occupancy!G11 -> 158 | L11: =Occupancy!F11 -> 474 | M11: =E11*F11+G11*H11+#REF!*#REF!+I11*J11 -> #REF!
A12: Mumbai | B12: =B11+1 -> 11 | C12: 12 | D12: 2022 | E12: =(IF('Daily HLP'!H14>0,'Daily HLP'!H14,0)) -> 21797.04 | F12: 10 | G12: =(IF('Daily HLP'!L14>0,'Daily HLP'!L14,0)) -> 1121.55 | H12: 66 | I12: =(IF('Daily HLP'!O14>0,'Daily HLP'!O14,0)) -> 296 | J12: 100 | K12: =Occupancy!G12 -> 164 | L12: =Occupancy!F12 -> 0 | M12: =E12*F12+G12*H12+#REF!*#REF!+I12*J12 -> #REF!
A13: Mumbai | B13: =B12+1 -> 12 | C13: 12 | D13: 2022 | E13: =(IF('Daily HLP'!H15>0,'Daily HLP'!H15,0)) -> 22425.61 | F13: 10 | G13: =(IF('Daily HLP'!L15>0,'Daily HLP'!L15,0)) -> 1100 | H13: 66 | I13: =(IF('Daily HLP'!O15>0,'Daily HLP'!O15,0)) -> 411 | J13: 100 | K13: =Occupancy!G13 -> 164 | L13: =Occupancy!F13 -> 0 | M13: =E13*F13+G13*H13+#REF!*#REF!+I13*J13 -> #REF!
A14: Mumbai | B14: =B13+1 -> 13 | C14: 12 | D14: 2022 | E14: =(IF('Daily HLP'!H16>0,'Daily HLP'!H16,0)) -> 23047 | F14: 10 | G14: =(IF('Daily HLP'!L16>0,'Daily HLP'!L16,0)) -> 1014 | H14: 66 | I14: =(IF('Daily HLP'!O16>0,'Daily HLP'!O16,0)) -> 378 | J14: 100 | K14: =Occupancy!G14 -> 167 | L14: =Occupancy!F14 -> 0 | M14: =E14*F14+G14*H14+#REF!*#REF!+I14*J14 -> #REF!
... A31: Mumbai | B31: =B30+1 -> 30 | C31: 12 | D31: 2022 | E31: =(IF('Daily HLP'!H33>0,'Daily HLP'!H33,0)) -> 21529.17 | F31: 10 | G31: =(IF('Daily HLP'!L33>0,'Daily HLP'!L33,0)) -> 1214.29 | H31: 66 | I31: =(IF('Daily HLP'!O33>0,'Daily HLP'!O33,0)) -> 363 | J31: 100 | K31: =Occupancy!G31 -> 0 | L31: =Occupancy!F31 -> 0 | M31: =E31*F31+G31*H31+#REF!*#REF!+I31*J31 -> #REF!
A32: Mumbai | B32: =B31+1 -> 31 | C32: 12 | D32: 2022 | E32: =(IF('Daily HLP'!H34>0,'Daily HLP'!H34,0)) -> 22341.83 | F32: 10 | G32: =(IF('Daily HLP'!L34>0,'Daily HLP'!L34,0)) -> 1090.358 | H32: 66 | I32: =(IF('Daily HLP'!O34>0,'Daily HLP'!O34,0)) -> 228 | J32: 100 | K32: =Occupancy!G32 -> 0 | L32: =Occupancy!F32 -> 0

Sheet Submetering
A1: Site Name | B1: Day | C1: Month | D1: Year | E1: ='Section Load'!F4 -> HVAC | F1: ='Section Load'!G4 -> Fire & Emergency PP | G1: ='Section Load'!H4 -> Main PP | H1: ='Section Load'!I4 -> Lighting PP | I1: ='Section Load'!J4 -> CH-1+ CH2+CH3+CH4 | J1: ='Section Load'!K4 -> Chilled water Pump | K1: ='Section Load'!L4 -> Ball Room-1 | L1: ='Section Load'!M4 -> Ball Room-2 | ... AL1: ='Section Load'!AM4 -> Cooling Tower | AM1: R.o.plant | AN1: STP Water Prod | AO1: Domestic Zone-1 | AP1: Domestic Zone-2 | AQ1: Domestic Zone-3 | AR1: Flush Zone -1 | AS1: Flush Zone -2 | AT1: Flush Zone -3 | AU1: Swimming pool | AV1: B2 Laundry | AW1: Boiler Feed Water | AX1: cooling tower filling water | AY1: STP flush(new water meter) | AZ1: Garden Water Pump | BA1: Flush Zone 2 pump meter | BB1: Flush Zone 3 Pump Meter (wtp transfer ) | BC1: Flush Tanker-Zone-1 | BD1: Total Domestic Water (Tanker (R.O) +BMC) | BE1: Total Domestic Consumption | BF1: Total STP Consumption | BG1: ='Section Load'!AN4 -> MGL | BH1: ='Section Load'!AO4 -> HWG | BI1: ='Section Load'!AP4 -> Prato | BJ1: ='Section Load'!AQ4 -> BR-1 | BK1: ='Section Load'!AR4 -> SanQi IND | BL1: ='Section Load'!AS4 -> SanQi JPN | BM1: ='Section Load'!AT4 -> Boiler
A2: Mumbai | B2: 1 | C2: 12 | D2: 2022 | E2: =(IF('Section Load'!F5>0,'Section Load'!F5,0)) -> 3203 | F2: =(IF('Section Load'!G5>0,'Section Load'!G5,0)) -> 1051.37 | G2: =(IF('Section Load'!H5>0,'Section Load'!H5,0)) -> 2366.32 | H2: =(IF('Section Load'!I5>0,'Section Load'!I5,0)) -> 4254.48 | I2: =(IF('Section Load'!J5>0,'Section Load'!J5,0)) -> 3381.14 | J2: =(IF('Section Load'!K5>0,'Section Load'!K5,0)) -> 2399.44 | K2: =(IF('Section Load'!L5>0,'Section Load'!L5,0)) -> 1742.12 | L2: =(IF('Section Load'!M5>0,'Section Load'!M5,0)) -> 961.69 | ... AL2: =(IF('Section Load'!AM5>0,'Section Load'!AM5,0)) -> 769 | AM2: =(IF('Water Report'!$D$7>0,'Water Report'!$D$7,0)) -> 134 | AN2: =(IF('Water Report'!$D$8>0,'Water Report'!$D$8,0)) -> 33 | AO2: =(IF('Water Report'!$D$9>0,'Water Report'!$D$9,0)) -> 141 | AP2: =(IF('Water Report'!$D$10>0,'Water Report'!$D$10,0)) -> 10 | AQ2: =(IF('Water Report'!$D$11>0,'Water Report'!$D$11,0)) -> 19 | AR2: =(IF('Water Report'!$D$13>0,'Water Report'!$D$13,0)) -> 45 | AS2: =(IF('Water Report'!$D$14>0,'Water Report'!$D$14,0)) -> 5 | AT2: =(IF('Water Report'!$D$15>0,'Water Report'!$D$15,0)) -> 8 | AU2: =(IF('Water Report'!$D$17>0,'Water Report'!$D$17,0)) -> 2 | AV2: =(IF('Water Report'!$D$18>0,'Water Report'!$D$18,0)) -> 11 | AW2: =(IF('Water Report'!$D$19>0,'Water Report'!$D$19,0)) -> 13 | AX2: =(IF('Water Report'!$D$21>0,'Water Report'!$D$21,0)) -> 42 | AY2: =(IF('Water Report'!$D$22>0,'Water Report'!$D$22,0)) -> 0 | AZ2: =(IF('Water Report'!$D$23>0,'Water Report'!$D$23,0)) -> 0 | BA2: =(IF('Water Report'!$D$14>0,'Water Report'!$D$14,0)) -> 5 | BB2: =(IF('Water Report'!$D$15>0,'Water Report'!$D$15,0)) -> 8 | BC2: =(IF('Water Report'!$D$13>0,'Water Report'!$D$13,0)) -> 45 | BD2: =(IF('Water Report'!$D$24>0,'Water Report'!$D$24,0)) -> 303 | BE2: =(IF('Water Report'!$D$25>0,'Water Report'!$D$25,0)) -> 183 | BF2: =(IF('Water Report'!$D$27>0,'Water Report'!$D$27,0)) -> 87 | BG2: =(IF('Section Load'!AN5>0,'Section Load'!AN5,0)) -> 982.4 | BH2: =(IF('Section Load'!AO5>0,'Section Load'!AO5,0)) -> 282.58 | BI2: =(IF('Section Load'!AP5>0,'Section Load'!AP5,0)) -> 0.8 | BJ2: =(IF('Section Load'!AQ5>0,'Section Load'!AQ5,0)) -> 138 | BK2: =(IF('Section Load'!AR5>0,'Section Load'!AR5,0)) -> 47 | BL2: =(IF('Section Load'!AS5>0,'Section Load'!AS5,0)) -> 0 | BM2: =(IF('Section Load'!AT5>0,'Section Load'!AT5,0)) -> 514.02
A3: Mumbai | B3: =B2+1 -> 2 | C3: 12 | D3: 2022 | E3: =(IF('Section Load'!F6>0,'Section Load'!F6,0)) -> 3192.8 | F3: =(IF('Section Load'!G6>0,'Section Load'!G6,0)) -> 1025.96 | G3: =(IF('Section Load'!H6>0,'Section Load'!H6,0)) -> 2471.36 | H3: =(IF('Section Load'!I6>0,'Section Load'!I6,0)) -> 4202.16 | I3: =(IF('Section Load'!J6>0,'Section Load'!J6,0)) -> 3267.04 | J3: =(IF('Section Load'!K6>0,'Section Load'!K6,0)) -> 2386.32 | K3: =(IF('Section Load'!L6>0,'Section Load'!L6,0)) -> 1434 | L3: =(IF('Section Load'!M6>0,'Section Load'!M6,0)) -> 1103.55 | ... AL3: =(IF('Section Load'!AM6>0,'Section Load'!AM6,0)) -> 735 | AM3: =(IF('Water Report'!$E$7>0,'Water Report'!$E$7,0)) -> 109 | AN3: =(IF('Water Report'!$E$8>0,'Water Report'!$E$8,0)) -> 90 | AO3: =(IF('Water Report'!$E$9>0,'Water Report'!$E$9,0)) -> 114 | AP3: =(IF('Water Report'!$E$10>0,'Water Report'!$E$10,0)) -> 20 | AQ3: =(IF('Water Report'!$E$11>0,'Water Report'!$E$11,0)) -> 16 | AR3: =(IF('Water Report'!$E$13>0,'Water Report'!$E$13,0)) -> 46 | AS3: =(IF('Water Report'!$E$14>0,'Water Report'!$E$14,0)) -> 3 | AT3: =(IF('Water Report'!$E$15>0,'Water Report'!$E$15,0)) -> 11 | AU3: =(IF('Water Report'!$E$17>0,'Water Report'!$E$17,0)) -> 4 | AV3: =(IF('Water Report'!$E$18>0,'Water Report'!$E$18,0)) -> 13 | AW3: =(IF('Water Report'!$E$19>0,'Water Report'!$E$19,0)) -> 13 | AX3: =(IF('Water Report'!$E$21>0,'Water Report'!$E$21,0)) -> 105 | AY3: =(IF('Water Report'!$E$22>0,'Water Report'!$E$22,0)) -> 0 | AZ3: =(IF('Water Report'!$E$23>0,'Water Report'!$E$23,0)) -> 0 | BA3: =(IF('Water Report'!$E$14>0,'Water Report'!$E$14,0)) -> 3 | BB3: =(IF('Water Report'!$E$15>0,'Water Report'!$E$15,0)) -> 11 | BC3: =(IF('Water Report'!$E$13>0,'Water Report'!$E$13,0)) -> 46 | BD3: =(IF('Water Report'!$E$24>0,'Water Report'!$E$24,0)) -> 313 | BE3: =(IF('Water Report'!$E$25>0,'Water Report'!$E$25,0)) -> 164 | BF3: =(IF('Water Report'!$E$27>0,'Water Report'!$E$27,0)) -> 151 | BG3: =(IF('Section Load'!AN6>0,'Section Load'!AN6,0)) -> 1119.95 | BH3: =(IF('Section Load'!AO6>0,'Section Load'!AO6,0)) -> 291.76 | BI3: =(IF('Section Load'!AP6>0,'Section Load'!AP6,0)) -> 0 | BJ3: =(IF('Section Load'!AQ6>0,'Section Load'!AQ6,0)) -> 144 | BK3: =(IF('Section Load'!AR6>0,'Section Load'!AR6,0)) -> 56.8 | BL3: =(IF('Section Load'!AS6>0,'Section Load'!AS6,0)) -> 0 | BM3: =(IF('Section Load'!AT6>0,'Section Load'!AT6,0)) -> 627.79
A4: Mumbai | B4: =B3+1 -> 3 | C4: 12 | D4: 2022 | E4: =(IF('Section Load'!F7>0,'Section Load'!F7,0)) -> 3215.99 | F4: =(IF('Section Load'!G7>0,'Section Load'!G7,0)) -> 1030.82 | G4: =(IF('Section Load'!H7>0,'Section Load'!H7,0)) -> 2376.79 | H4: =(IF('Section Load'!I7>0,'Section Load'!I7,0)) -> 4054.8 | I4: =(IF('Section Load'!J7>0,'Section Load'!J7,0)) -> 3387.9 | J4: =(IF('Section Load'!K7>0,'Section Load'!K7,0)) -> 2408.44 | K4: =(IF('Section Load'!L7>0,'Section Load'!L7,0)) -> 1803.18 | L4: =(IF('Section Load'!M7>0,'Section Load'!M7,0)) -> 1154.72 | ... AL4: =(IF('Section Load'!AM7>0,'Section Load'!AM7,0)) -> 778 | AM4: =(IF('Water Report'!$F$7>0,'Water Report'!$F$7,0)) -> 109 | AN4: =(IF('Water Report'!$F$8>0,'Water Report'!$F$8,0)) -> 80 | AO4: =(IF('Water Report'!$F$9>0,'Water Report'!$G$9,0)) -> 122 | AP4: =(IF('Water Report'!$F$10>0,'Water Report'!$F$10,0)) -> 9 | AQ4: =(IF('Water Report'!$F$11>0,'Water Report'!$F$11,0)) -> 32 | AR4: =(IF('Water Report'!$F$13>0,'Water Report'!$F$13,0)) -> 19 | AS4: =(IF('Water Report'!$F$14>0,'Water Report'!$F$14,0)) -> 5 | AT4: =(IF('Water Report'!$F$15>0,'Water Report'!$F$15,0)) -> 6 | AU4: =(IF('Water Report'!$F$17>0,'Water Report'!$F$17,0)) -> 2 | AV4: =(IF('Water Report'!$F$18>0,'Water Report'!$F$18,0)) -> 12 | AW4: =(IF('Water Report'!$F$19>0,'Water Report'!$F$19,0)) -> 11 | AX4: =(IF('Water Report'!$F$21>0,'Water Report'!$F$21,0)) -> 75 | AY4: =(IF('Water Report'!$F$22>0,'Water Report'!$F$22,0)) -> 0 | AZ4: =(IF('Water Report'!$F$23>0,'Water Report'!$F$23,0)) -> 8 | BA4: =(IF('Water Report'!$F$14>0,'Water Report'!$F$14,0)) -> 5 | BB4: =(IF('Water Report'!$F$15>0,'Water Report'!$F$15,0)) -> 6 | BC4: =(IF('Water Report'!$F$13>0,'Water Report'!$F$13,0)) -> 19 | BD4: =(IF('Water Report'!$F$24>0,'Water Report'!$F$24,0)) -> 326 | BE4: =(IF('Water Report'!$F$25>0,'Water Report'!$F$25,0)) -> 173 | BF4: =(IF('Water Report'!$F$27>0,'Water Report'!$F$27,0)) -> 102 | BG4: =(IF('Section Load'!AN7>0,'Section Load'!AN7,0)) -> 1133.65 | BH4: =(IF('Section Load'!AO7>0,'Section Load'!AO7,0)) -> 287.09 | BI4: =(IF('Section Load'!AP7>0,'Section Load'!AP7,0)) -> 0 | BJ4: =(IF('Section Load'!AQ7>0,'Section Load'!AQ7,0)) -> 155 | BK4: =(IF('Section Load'!AR7>0,'Section Load'!AR7,0)) -> 71.2 | BL4: =(IF('Section Load'!AS7>0,'Section Load'!AS7,0)) -> 0 | BM4: =(IF('Section Load'!AT7>0,'Section Load'!AT7,0)) -> 620.36
A5: Mumbai | B5: =B4+1 -> 4 | C5: 12 | D5: 2022 | E5: =(IF('Section Load'!F8>0,'Section Load'!F8,0)) -> 3375.53 | F5: =(IF('Section Load'!G8>0,'Section Load'!G8,0)) -> 1092.73 | G5: =(IF('Section Load'!H8>0,'Section Load'!H8,0)) -> 2388.08 | H5: =(IF('Section Load'!I8>0,'Section Load'!I8,0)) -> 4044.24 | I5: =(IF('Section Load'!J8>0,'Section Load'!J8,0)) -> 3975.93 | J5: =(IF('Section Load'!K8>0,'Section Load'!K8,0)) -> 2485.6 | K5: =(IF('Section Load'!L8>0,'Section Load'!L8,0)) -> 1479.13 | L5: =(IF('Section Load'!M8>0,'Section Load'!M8,0)) -> 1308.44 | ... AL5: =(IF('Section Load'!AM8>0,'Section Load'!AM8,0)) -> 730 | AM5: =(IF('Water Report'!$G$7>0,'Water Report'!$F$7,0)) -> 109 | AN5: =(IF('Water Report'!$G$8>0,'Water Report'!$F$8,0)) -> 80 | AO5: =(IF('Water Report'!$G$9>0,'Water Report'!$H$9,0)) -> 128 | AP5: =(IF('Water Report'!$G$10>0,'Water Report'!$G$10,0)) -> 9 | AQ5: =(IF('Water Report'!$G$11>0,'Water Report'!$G$11,0)) -> 26 | AR5: =(IF('Water Report'!$G$13>0,'Water Report'!$G$13,0)) -> 31 | AS5: =(IF('Water Report'!$G$14>0,'Water Report'!$G$14,0)) -> 2 | AT5: =(IF('Water Report'!$G$15>0,'Water Report'!$G$15,0)) -> 8 | AU5: =(IF('Water Report'!$G$17>0,'Water Report'!$G$17,0)) -> 1 | AV5: =(IF('Water Report'!$G$18>0,'Water Report'!$G$18,0)) -> 13 | AW5: =(IF('Water Report'!$G$19>0,'Water Report'!$G$19,0)) -> 13 | AX5: =(IF('Water Report'!$G$21>0,'Water Report'!$G$21,0)) -> 48 | AY5: =(IF('Water Report'!$G$22>0,'Water Report'!$G$22,0)) -> 0 | AZ5: =(IF('Water Report'!$G$23>0,'Water Report'!$G$23,0)) -> 0 | BA5: =(IF('Water Report'!$G$14>0,'Water Report'!$G$14,0)) -> 2 | BB5: =(IF('Water Report'!$G$15>0,'Water Report'!$G$15,0)) -> 8 | BC5: =(IF('Water Report'!$G$13>0,'Water Report'!$G$13,0)) -> 31 | BD5: =(IF('Water Report'!$G$24>0,'Water Report'!$G$24,0)) -> 269 | BE5: =(IF('Water Report'!$G$25>0,'Water Report'!$G$25,0)) -> 167 | BF5: =(IF('Water Report'!$G$27>0,'Water Report'!$G$27,0)) -> 79 | BG5: =(IF('Section Load'!AN8>0,'Section Load'!AN8,0)) -> 1075.7 | BH5: =(IF('Section Load'!AO8>0,'Section Load'!AO8,0)) -> 306.84 | BI5: =(IF('Section Load'!AP8>0,'Section Load'!AP8,0)) -> 0 | BJ5: =(IF('Section Load'!AQ8>0,'Section Load'!AQ8,0)) -> 124 | BK5: =(IF('Section Load'!AR8>0,'Section Load'!AR8,0)) -> 21 | BL5: =(IF('Section Load'!AS8>0,'Section Load'!AS8,0)) -> 0 | BM5: =(IF('Section Load'!AT8>0,'Section Load'!AT8,0)) -> 623.86
A6: Mumbai | B6: =B5+1 -> 5 | C6: 12 | D6: 2022 | E6: =(IF('Section Load'!F9>0,'Section Load'!F9,0)) -> 3180.82 | F6: =(IF('Section Load'!G9>0,'Section Load'!G9,0)) -> 1082.57 | G6: =(IF('Section Load'!H9>0,'Section Load'!H9,0)) -> 2268.82 | H6: =(IF('Section Load'!I9>0,'Section Load'!I9,0)) -> 3946.86 | I6: =(IF('Section Load'!J9>0,'Section Load'!J9,0)) -> 4224.85 | J6: =(IF('Section Load'!K9>0,'Section Load'!K9,0)) -> 2443.73 | K6: =(IF('Section Load'!L9>0,'Section Load'!L9,0)) -> 1596.5 | L6: =(IF('Section Load'!M9>0,'Section Load'!M9,0)) -> 1200.49 | ... AL6: =(IF('Section Load'!AM9>0,'Section Load'!AM9,0)) -> 746 | AM6: =(IF('Water Report'!$H$7>0,'Water Report'!$H$7,0)) -> 96 | AN6: =(IF('Water Report'!$H$8>0,'Water Report'!$H$8,0)) -> 48 | AO6: =(IF('Water Report'!$H$9>0,'Water Report'!$H$9,0)) -> 128 | AP6: =(IF('Water Report'!$H$10>0,'Water Report'!$H$10,0)) -> 7 | AQ6: =(IF('Water Report'!$H$11>0,'Water Report'!$H$11,0)) -> 14 | AR6: =(IF('Water Report'!$H$13>0,'Water Report'!$H$13,0)) -> 18 | AS6: =(IF('Water Report'!$H$14>0,'Water Report'!$H$14,0)) -> 3 | AT6: =(IF('Water Report'!$H$15>0,'Water Report'!$H$15,0)) -> 5 | AU6: =(IF('Water Report'!$H$17>0,'Water Report'!$H$17,0)) -> 0 | AV6: =(IF('Water Report'!$H$18>0,'Water Report'!$H$18,0)) -> 10 | AW6: =(IF('Water Report'!$H$19>0,'Water Report'!$H$19,0)) -> 11 | AX6: =(IF('Water Report'!$H$21>0,'Water Report'!$H$21,0)) -> 18 | AY6: =(IF('Water Report'!$H$22>0,'Water Report'!$H$22,0)) -> 0 | AZ6: =(IF('Water Report'!$H$23>0,'Water Report'!$H$23,0)) -> 11 | BA6: =(IF('Water Report'!$H$14>0,'Water Report'!$H$14,0)) -> 3 | BB6: =(IF('Water Report'!$H$15>0,'Water Report'!$H$15,0)) -> 5 | BC6: =(IF('Water Report'!$H$13>0,'Water Report'!$H$13,0)) -> 18 | BD6: =(IF('Water Report'!$H$24>0,'Water Report'!$H$24,0)) -> 311 | BE6: =(IF('Water Report'!$H$25>0,'Water Report'!$H$25,0)) -> 157 | BF6: =(IF('Water Report'!$H$27>0,'Water Report'!$H$27,0)) -> 47 | BG6: =(IF('Section Load'!AN9>0,'Section Load'!AN9,0)) -> 1103.3 | BH6: =(IF('Section Load'!AO9>0,'Section Load'!AO9,0)) -> 302.7 | BI6: =(IF('Section Load'!AP9>0,'Section Load'!AP9,0)) -> 0 | BJ6: =(IF('Section Load'!AQ9>0,'Section Load'!AQ9,0)) -> 146 | BK6: =(IF('Section Load'!AR9>0,'Section Load'!AR9,0)) -> 76 | BL6: =(IF('Section Load'!AS9>0,'Section Load'!AS9,0)) -> 0.4 | BM6: =(IF('Section Load'!AT9>0,'Section Load'!AT9,0)) -> 578.2
A7: Mumbai | B7: =B6+1 -> 6 | C7: 12 | D7: 2022 | E7: =(IF('Section Load'!F10>0,'Section Load'!F10,0)) -> 3102.55 | F7: =(IF('Section Load'!G10>0,'Section Load'!G10,0)) -> 1091.71 | G7: =(IF('Section Load'!H10>0,'Section Load'!H10,0)) -> 2350.95 | H7: =(IF('Section Load'!I10>0,'Section Load'!I10,0)) -> 4047.78 | I7: =(IF('Section Load'!J10>0,'Section Load'!J10,0)) -> 3777.7 | J7: =(IF('Section Load'!K10>0,'Section Load'!K10,0)) -> 2370.6 | K7: =(IF('Section Load'!L10>0,'Section Load'!L10,0)) -> 1360.99 | L7: =(IF('Section Load'!M10>0,'Section Load'!M10,0)) -> 944.99 | ... AL7: =(IF('Section Load'!AM10>0,'Section Load'!AM10,0)) -> 709 | AM7: =(IF('Water Report'!$I$7>0,'Water Report'!$I$7,0)) -> 113 | AN7: =(IF('Water Report'!$I$8>0,'Water Report'!$I$8,0)) -> 46 | AO7: =(IF('Water Report'!$I$9>0,'Water Report'!$I$9,0)) -> 153 | AP7: =(IF('Water Report'!$I$10>0,'Water Report'!$I$10,0)) -> 5 | AQ7: =(IF('Water Report'!$I$11>0,'Water Report'!$I$11,0)) -> 17 | AR7: =(IF('Water Report'!$I$13>0,'Water Report'!$I$13,0)) -> 18 | AS7: =(IF('Water Report'!$I$14>0,'Water Report'!$I$14,0)) -> 3 | AT7: =(IF('Water Report'!$I$15>0,'Water Report'!$I$15,0)) -> 5 | AU7: =(IF('Water Report'!$I$17>0,'Water Report'!$I$17,0)) -> 1 | AV7: =(IF('Water Report'!$I$18>0,'Water Report'!$I$18,0)) -> 10 | AW7: =(IF('Water Report'!$I$19>0,'Water Report'!$I$19,0)) -> 16 | AX7: =(IF('Water Report'!$I$21>0,'Water Report'!$I$21,0)) -> 56 | AY7: =(IF('Water Report'!$I$22>0,'Water Report'!$I$22,0)) -> 0 | AZ7: =(IF('Water Report'!$I$23>0,'Water Report'!$I$23,0)) -> 0 | BA7: =(IF('Water Report'!$I$14>0,'Water Report'!$I$14,0)) -> 3 | BB7: =(IF('Water Report'!$I$15>0,'Water Report'!$I$15,0)) -> 5 | BC7: =(IF('Water Report'!$I$13>0,'Water Report'!$I$13,0)) -> 18 | BD7: =(IF('Water Report'!$I$24>0,'Water Report'!$I$24,0)) -> 363 | BE7: =(IF('Water Report'!$I$25>0,'Water Report'!$I$25,0)) -> 183 | BF7: =(IF('Water Report'!$I$27>0,'Water Report'!$I$27,0)) -> 74 | BG7: =(IF('Section Load'!AN10>0,'Section Load'!AN10,0)) -> 1119.4 | BH7: =(IF('Section Load'!AO10>0,'Section Load'!AO10,0)) -> 291.932 | BI7: =(IF('Section Load'!AP10>0,'Section Load'!AP10,0)) -> 0 | BJ7: =(IF('Section Load'!AQ10>0,'Section Load'!AQ10,0)) -> 106 | BK7: =(IF('Section Load'!AR10>0,'Section Load'!AR10,0)) -> 54 | BL7: =(IF('Section Load'!AS10>0,'Section Load'!AS10,0)) -> 0 | BM7: =(IF('Section Load'!AT10>0,'Section Load'!AT10,0)) -> 667.468
A8: Mumbai | B8: =B7+1 -> 7 | C8: 12 | D8: 2022 | E8: =(IF('Section Load'!F11>0,'Section Load'!F11,0)) -> 2378.35 | F8: =(IF('Section Load'!G11>0,'Section Load'!G11,0)) -> 1099.43 | G8: =(IF('Section Load'!H11>0,'Section Load'!H11,0)) -> 2462.48 | H8: =(IF('Section Load'!I11>0,'Section Load'!I11,0)) -> 4041.41 | I8: =(IF('Section Load'!J11>0,'Section Load'!J11,0)) -> 3991.22 | J8: =(IF('Section Load'!K11>0,'Section Load'!K11,0)) -> 2477.07 | K8: =(IF('Section Load'!L11>0,'Section Load'!L11,0)) -> 1309.36 | L8: =(IF('Section Load'!M11>0,'Section Load'!M11,0)) -> 907.22 | ... AL8: =(IF('Section Load'!AM11>0,'Section Load'!AM11,0)) -> 732 | AM8: =(IF('Water Report'!$J$7>0,'Water Report'!$J$7,0)) -> 122 | AN8: =(IF('Water Report'!$J$8>0,'Water Report'!$J$8,0)) -> 70 | AO8: =(IF('Water Report'!$J$9>0,'Water Report'!$J$9,0)) -> 125 | AP8: =(IF('Water Report'!$J$10>0,'Water Report'!$J$10,0)) -> 55455 | AQ8: =(IF('Water Report'!$J$11>0,'Water Report'!$J$11,0)) -> 16 | AR8: =(IF('Water Report'!$J$13>0,'Water Report'!$J$13,0)) -> 23 | AS8: =(IF('Water Report'!$J$14>0,'Water Report'!$J$14,0)) -> 3 | AT8: =(IF('Water Report'!$J$15>0,'Water Report'!$J$15,0)) -> 8 | AU8: =(IF('Water Report'!$J$17>0,'Water Report'!$J$17,0)) -> 2 | AV8: =(IF('Water Report'!$J$18>0,'Water Report'!$J$18,0)) -> 10 | AW8: =(IF('Water Report'!$J$19>0,'Water Report'!$J$19,0)) -> 16 | AX8: =(IF('Water Report'!$J$21>0,'Water Report'!$J$21,0)) -> 45 | AY8: =(IF('Water Report'!$J$22>0,'Water Report'!$J$22,0)) -> 0 | AZ8: =(IF('Water Report'!$J$23>0,'Water Report'!$J$23,0)) -> 0 | BA8: =(IF('Water Report'!$J$14>0,'Water Report'!$J$14,0)) -> 3 | BB8: =(IF('Water Report'!$J$15>0,'Water Report'!$J$15,0)) -> 8 | BC8: =(IF('Water Report'!$J$13>0,'Water Report'!$J$13,0)) -> 23 | BD8: =(IF('Water Report'!$J$24>0,'Water Report'!$J$24,0)) -> 269 | BE8: =(IF('Water Report'!$J$25>0,'Water Report'!$J$25,0)) -> 55607 | BF8: =(IF('Water Report'!$J$27>0,'Water Report'!$J$27,0)) -> 68 | BG8: =(IF('Section Load'!AN11>0,'Section Load'!AN11,0)) -> 1104.6 | BH8: =(IF('Section Load'!AO11>0,'Section Load'!AO11,0)) -> 270.042 | BI8: =(IF('Section Load'!AP11>0,'Section Load'!AP11,0)) -> 0 | BJ8: =(IF('Section Load'!AQ11>0,'Section Load'!AQ11,0)) -> 124.7 | BK8: =(IF('Section Load'!AR11>0,'Section Load'!AR11,0)) -> 56 | BL8: =(IF('Section Load'!AS11>0,'Section Load'!AS11,0)) -> 0 | BM8: =(IF('Section Load'!AT11>0,'Section Load'!AT11,0)) -> 654.258
A9: Mumbai | B9: =B8+1 -> 8 | C9: 12 | D9: 2022 | E9: =(IF('Section Load'!F12>0,'Section Load'!F12,0)) -> 3949 | F9: =(IF('Section Load'!G12>0,'Section Load'!G12,0)) -> 1129.94 | G9: =(IF('Section Load'!H12>0,'Section Load'!H12,0)) -> 2509.36 | H9: =(IF('Section Load'!I12>0,'Section Load'!I12,0)) -> 4125.79 | I9: =(IF('Section Load'!J12>0,'Section Load'!J12,0)) -> 4345.66 | J9: =(IF('Section Load'!K12>0,'Section Load'!K12,0)) -> 2578.24 | K9: =(IF('Section Load'!L12>0,'Section Load'!L12,0)) -> 1624.88 | L9: =(IF('Section Load'!M12>0,'Section Load'!M12,0)) -> 1015.08 | ... AL9: =(IF('Section Load'!AM12>0,'Section Load'!AM12,0)) -> 786 | AM9: =(IF('Water Report'!$K$7>0,'Water Report'!$K$7,0)) -> 112 | AN9: =(IF('Water Report'!$K$8>0,'Water Report'!$K$8,0)) -> 53 | AO9: =(IF('Water Report'!$K$9>0,'Water Report'!$K$9,0)) -> 129 | AP9: =(IF('Water Report'!$K$10>0,'Water Report'!$K$10,0)) -> 6 | AQ9: =(IF('Water Report'!$K$11>0,'Water Report'!$K$11,0)) -> 15 | AR9: =(IF('Water Report'!$K$13>0,'Water Report'!$K$13,0)) -> 34 | AS9: =(IF('Water Report'!$K$14>0,'Water Report'!$K$14,0)) -> 3 | AT9: =(IF('Water Report'!$K$15>0,'Water Report'!$K$15,0)) -> 5 | AU9: =(IF('Water Report'!$K$17>0,'Water Report'!$K$17,0)) -> 0 | AV9: =(IF('Water Report'!$K$18>0,'Water Report'!$K$18,0)) -> 12 | AW9: =(IF('Water Report'!$K$19>0,'Water Report'!$K$19,0)) -> 12 | AX9: =(IF('Water Report'!$K$21>0,'Water Report'!$K$21,0)) -> 76 | AY9: =(IF('Water Report'!$K$22>0,'Water Report'!$K$22,0)) -> 0 | AZ9: =(IF('Water Report'!$K$23>0,'Water Report'!$K$23,0)) -> 0 | BA9: =(IF('Water Report'!$K$14>0,'Water Report'!$K$14,0)) -> 3 | BB9: =(IF('Water Report'!$K$15>0,'Water Report'!$K$15,0)) -> 5 | BC9: =(IF('Water Report'!$K$13>0,'Water Report'!$K$13,0)) -> 34 | BD9: =(IF('Water Report'!$K$24>0,'Water Report'!$K$24,0)) -> 293 | BE9: =(IF('Water Report'!$K$25>0,'Water Report'!$K$25,0)) -> 158 | BF9: =(IF('Water Report'!$K$27>0,'Water Report'!$K$27,0)) -> 110 | BG9: =(IF('Section Load'!AN12>0,'Section Load'!AN12,0)) -> 1148.17 | BH9: =(IF('Section Load'!AO12>0,'Section Load'!AO12,0)) -> 320.726 | BI9: =(IF('Section Load'!AP12>0,'Section Load'!AP12,0)) -> 0 | BJ9: =(IF('Section Load'!AQ12>0,'Section Load'!AQ12,0)) -> 156.3 | BK9: =(IF('Section Load'!AR12>0,'Section Load'!AR12,0)) -> 49.9 | BL9: =(IF('Section Load'!AS12>0,'Section Load'!AS12,0)) -> 0.4 | BM9: =(IF('Section Load'!AT12>0,'Section Load'!AT12,0)) -> 620.844
A10: Mumbai | B10: =B9+1 -> 9 | C10: 12 | D10: 2022 | E10: =(IF('Section Load'!F13>0,'Section Load'!F13,0)) -> 3484.28 | F10: =(IF('Section Load'!G13>0,'Section Load'!G13,0)) -> 1153.43 | G10: =(IF('Section Load'!H13>0,'Section Load'!H13,0)) -> 2664.8 | H10: =(IF('Section Load'!I13>0,'Section Load'!I13,0)) -> 4238.16 | I10: =(IF('Section Load'!J13>0,'Section Load'!J13,0)) -> 3719.72 | J10: =(IF('Section Load'!K13>0,'Section Load'!K13,0)) -> 2540.6 | K10: =(IF('Section Load'!L13>0,'Section Load'!L13,0)) -> 1680.24 | L10: =(IF('Section Load'!M13>0,'Section Load'!M13,0)) -> 1217.34 | ... AL10: =(IF('Section Load'!AM13>0,'Section Load'!AM13,0)) -> 715 | AM10: =(IF('Water Report'!$L$7>0,'Water Report'!$L$7,0)) -> 136 | AN10: =(IF('Water Report'!$L$8>0,'Water Report'!$L$8,0)) -> 92 | AO10: =(IF('Water Report'!$L$9>0,'Water Report'!$L$9,0)) -> 155 | AP10: =(IF('Water Report'!$L$10>0,'Water Report'!$L$10,0)) -> 17 | AQ10: =(IF('Water Report'!$L$11>0,'Water Report'!$L$11,0)) -> 21 | AR10: =(IF('Water Report'!$L$13>0,'Water Report'!$L$13,0)) -> 20 | AS10: =(IF('Water Report'!$L$14>0,'Water Report'!$L$14,0)) -> 7 | AT10: =(IF('Water Report'!$L$15>0,'Water Report'!$L$15,0)) -> 8 | AU10: =(IF('Water Report'!$L$17>0,'Water Report'!$L$17,0)) -> 0 | AV10: =(IF('Water Report'!$L$18>0,'Water Report'!$L$18,0)) -> 13 | AW10: =(IF('Water Report'!$L$19>0,'Water Report'!$L$19,0)) -> 12 | AX10: =(IF('Water Report'!$L$21>0,'Water Report'!$L$21,0)) -> 80 | AY10: =(IF('Water Report'!$L$22>0,'Water Report'!$L$22,0)) -> 0 | AZ10: =(IF('Water Report'!$L$23>0,'Water Report'!$L$23,0)) -> 0 | BA10: =(IF('Water Report'!$L$14>0,'Water Report'!$L$14,0)) -> 7 | BB10: =(IF('Water Report'!$L$15>0,'Water Report'!$L$15,0)) -> 8 | BC10: =(IF('Water Report'!$L$13>0,'Water Report'!$L$13,0)) -> 20 | BD10: =(IF('Water Report'!$L$24>0,'Water Report'!$L$24,0)) -> 336 | BE10: =(IF('Water Report'!$L$25>0,'Water Report'!$L$25,0)) -> 208 | BF10: =(IF('Water Report'!$L$27>0,'Water Report'!$L$27,0)) -> 100 | BG10: =(IF('Section Load'!AN13>0,'Section Load'!AN13,0)) -> 1100.83 | BH10: =(IF('Section Load'!AO13>0,'Section Load'!AO13,0)) -> 311.3 | BI10: =(IF('Section Load'!AP13>0,'Section Load'!AP13,0)) -> 0 | BJ10: =(IF('Section Load'!AQ13>0,'Section Load'!AQ13,0)) -> 169.07 | BK10: =(IF('Section Load'!AR13>0,'Section Load'!AR13,0)) -> 57.1 | BL10: =(IF('Section Load'!AS13>0,'Section Load'!AS13,0)) -> 0 | BM10: =(IF('Section Load'!AT13>0,'Section Load'!AT13,0)) -> 563.36
A11: Mumbai | B11: =B10+1 -> 10 | C11: 12 | D11: 2022 | E11: =(IF('Section Load'!F14>0,'Section Load'!F14,0)) -> 3178.4 | F11: =(IF('Section Load'!G14>0,'Section Load'!G14,0)) -> 1099.91 | G11: =(IF('Section Load'!H14>0,'Section Load'!H14,0)) -> 2586 | H11: =(IF('Section Load'!I14>0,'Section Load'!I14,0)) -> 4085.28 | I11: =(IF('Section Load'!J14>0,'Section Load'!J14,0)) -> 3216.14 | J11: =(IF('Section Load'!K14>0,'Section Load'!K14,0)) -> 2560.8 | K11: =(IF('Section Load'!L14>0,'Section Load'!L14,0)) -> 1718.76 | L11: =(IF('Section Load'!M14>0,'Section Load'!M14,0)) -> 1092.58 | ... AL11: =(IF('Section Load'!AM14>0,'Section Load'!AM14,0)) -> 640 | AM11: =(IF('Water Report'!$M$7>0,'Water Report'!$M$7,0)) -> 143 | AN11: =(IF('Water Report'!$M$8>0,'Water Report'!$M$8,0)) -> 102 | AO11: =(IF('Water Report'!$M$9>0,'Water Report'!$M$9,0)) -> 152 | AP11: =(IF('Water Report'!$M$10>0,'Water Report'!$M$10,0)) -> 9 | AQ11: =(IF('Water Report'!$M$11>0,'Water Report'!$M$11,0)) -> 30 | AR11: =(IF('Water Report'!$M$13>0,'Water Report'!$M$13,0)) -> 41 | AS11: =(IF('Water Report'!$M$14>0,'Water Report'!$M$14,0)) -> 6 | AT11: =(IF('Water Report'!$M$15>0,'Water Report'!$M$15,0)) -> 8 | AU11: =(IF('Water Report'!$M$17>0,'Water Report'!$M$17,0)) -> 4 | AV11: =(IF('Water Report'!$M$18>0,'Water Report'!$M$18,0)) -> 12 | AW11: =(IF('Water Report'!$M$19>0,'Water Report'!$M$19,0)) -> 12 | AX11: =(IF('Water Report'!$M$21>0,'Water Report'!$M$21,0)) -> 152 | AY11: =(IF('Water Report'!$M$22>0,'Water Report'!$M$22,0)) -> 0 | AZ11: =(IF('Water Report'!$M$23>0,'Water Report'!$M$23,0)) -> 0 | BA11: =(IF('Water Report'!$M$14>0,'Water Report'!$M$14,0)) -> 6 | BB11: =(IF('Water Report'!$M$15>0,'Water Report'!$M$15,0)) -> 8 | BC11: =(IF('Water Report'!$M$13>0,'Water Report'!$M$13,0)) -> 41 | BD11: =(IF('Water Report'!$M$24>0,'Water Report'!$M$24,0)) -> 325 | BE11: =(IF('Water Report'!$M$25>0,'Water Report'!$M$25,0)) -> 205 | BF11: =(IF('Water Report'!$M$27>0,'Water Report'!$M$27,0)) -> 193 | BG11: =(IF('Section Load'!AN14>0,'Section Load'!AN14,0)) -> 1067.45 | BH11: =(IF('Section Load'!AO14>0,'Section Load'!AO14,0)) -> 272.74 | BI11: =(IF('Section Load'!AP14>0,'Section Load'!AP14,0)) -> 0 | BJ11: =(IF('Section Load'!AQ14>0,'Section Load'!AQ14,0)) -> 122.93 | BK11: =(IF('Section Load'!AR14>0,'Section Load'!AR14,0)) -> 54 | BL11: =(IF('Section Load'!AS14>0,'Section Load'!AS14,0)) -> 0 | BM11: =(IF('Section Load'!AT14>0,'Section Load'!AT14,0)) -> 618.18
A12: Mumbai | B12: =B11+1 -> 11 | C12: 12 | D12: 2022 | E12: =(IF('Section Load'!F15>0,'Section Load'!F15,0)) -> 3185.92 | F12: =(IF('Section Load'!G15>0,'Section Load'!G15,0)) -> 1031.92 | G12: =(IF('Section Load'!H15>0,'Section Load'!H15,0)) -> 2507.73 | H12: =(IF('Section Load'!I15>0,'Section Load'!I15,0)) -> 3897.76 | I12: =(IF('Section Load'!J15>0,'Section Load'!J15,0)) -> 3042.66 | J12: =(IF('Section Load'!K15>0,'Section Load'!K15,0)) -> 2372.64 | K12: =(IF('Section Load'!L15>0,'Section Load'!L15,0)) -> 1424.2 | L12: =(IF('Section Load'!M15>0,'Section Load'!M15,0)) -> 1133.64 | ... AL12: =(IF('Section Load'!AM15>0,'Section Load'!AM15,0)) -> 750 | AM12: =(IF('Water Report'!$N$7>0,'Water Report'!$N$7,0)) -> 121 | AN12: =(IF('Water Report'!$N$8>0,'Water Report'!$N$8,0)) -> 51 | AO12: =(IF('Water Report'!$N$9>0,'Water Report'!$N$9,0)) -> 131 | AP12: =(IF('Water Report'!$N$10>0,'Water Report'!$N$10,0)) -> 11 | AQ12: =(IF('Water Report'!$N$11>0,'Water Report'!$N$11,0)) -> 18 | AR12: =(IF('Water Report'!$N$13>0,'Water Report'!$N$13,0)) -> 22 | AS12: =(IF('Water Report'!$N$14>0,'Water Report'!$N$14,0)) -> 6 | AT12: =(IF('Water Report'!$N$15>0,'Water Report'!$N$15,0)) -> 6 | AU12: =(IF('Water Report'!$N$17>0,'Water Report'!$N$17,0)) -> 0 | AV12: =(IF('Water Report'!$N$18>0,'Water Report'!$N$18,0)) -> 13 | AW12: =(IF('Water Report'!$N$19>0,'Water Report'!$N$19,0)) -> 13 | AX12: =(IF('Water Report'!$N$21>0,'Water Report'!$N$21,0)) -> 140 | AY12: =(IF('Water Report'!$N$22>0,'Water Report'!$N$22,0)) -> 0 | AZ12: =(IF('Water Report'!$N$23>0,'Water Report'!$N$23,0)) -> 0 | BA12: =(IF('Water Report'!$N$14>0,'Water Report'!$N$14,0)) -> 6 | BB12: =(IF('Water Report'!$N$15>0,'Water Report'!$N$15,0)) -> 6 | BC12: =(IF('Water Report'!$N$13>0,'Water Report'!$N$13,0)) -> 22 | BD12: =(IF('Water Report'!$N$24>0,'Water Report'!$N$24,0)) -> 296 | BE12: =(IF('Water Report'!$N$25>0,'Water Report'!$N$25,0)) -> 172 | BF12: =(IF('Water Report'!$N$27>0,'Water Report'!$N$27,0)) -> 162 | BG12: =(IF('Section Load'!AN15>0,'Section Load'!AN15,0)) -> 1121.55 | BH12: =(IF('Section Load'!AO15>0,'Section Load'!AO15,0)) -> 265.36 | BI12: =(IF('Section Load'!AP15>0,'Section Load'!AP15,0)) -> 0 | BJ12: =(IF('Section Load'!AQ15>0,'Section Load'!AQ15,0)) -> 118.34 | BK12: =(IF('Section Load'!AR15>0,'Section Load'!AR15,0)) -> 62.2 | BL12: =(IF('Section Load'!AS15>0,'Section Load'!AS15,0)) -> 0 | BM12: =(IF('Section Load'!AT15>0,'Section Load'!AT15,0)) -> 675.65
A13: Mumbai | B13: =B12+1 -> 12 | C13: 12 | D13: 2022 | E13: =(IF('Section Load'!F16>0,'Section Load'!F16,0)) -> 3424.5 | F13: =(IF('Section Load'!G16>0,'Section Load'!G16,0)) -> 1048.66 | G13: =(IF('Section Load'!H16>0,'Section Load'!H16,0)) -> 2429.92 | H13: =(IF('Section Load'!I16>0,'Section Load'!I16,0)) -> 4085.82 | I13: =(IF('Section Load'!J16>0,'Section Load'!J16,0)) -> 3707.45 | J13: =(IF('Section Load'!K16>0,'Section Load'!K16,0)) -> 2405.05 | K13: =(IF('Section Load'!L16>0,'Section Load'!L16,0)) -> 1380.57 | L13: =(IF('Section Load'!M16>0,'Section Load'!M16,0)) -> 1112.15 | ... AL13: =(IF('Section Load'!AM16>0,'Section Load'!AM16,0)) -> 720 | AM13: =(IF('Water Report'!$O$7>0,'Water Report'!$O$7,0)) -> 101 | AN13: =(IF('Water Report'!$O$8>0,'Water Report'!$O$8,0)) -> 1 | AO13: =(IF('Water Report'!$O$9>0,'Water Report'!$O$9,0)) -> 123 | AP13: =(IF('Water Report'!$O$10>0,'Water Report'!$O$10,0)) -> 7 | AQ13: =(IF('Water Report'!$O$11>0,'Water Report'!$O$11,0)) -> 16 | AR13: =(IF('Water Report'!$O$13>0,'Water Report'!$O$13,0)) -> 34 | AS13: =(IF('Water Report'!$O$14>0,'Water Report'!$O$14,0)) -> 6 | AT13: =(IF('Water Report'!$O$15>0,'Water Report'!$O$15,0)) -> 5 | AU13: =(IF('Water Report'!$O$17>0,'Water Report'!$O$17,0)) -> 0 | AV13: =(IF('Water Report'!$O$18>0,'Water Report'!$O$18,0)) -> 11 | AW13: =(IF('Water Report'!$O$19>0,'Water Report'!$O$19,0)) -> 12 | AX13: =(IF('Water Report'!$O$21>0,'Water Report'!$O$21,0)) -> 124 | AY13: =(IF('Water Report'!$O$22>0,'Water Report'!$O$22,0)) -> 0 | AZ13: =(IF('Water Report'!$O$23>0,'Water Report'!$O$23,0)) -> 0 | BA13: =(IF('Water Report'!$O$14>0,'Water Report'!$O$14,0)) -> 6 | BB13: =(IF('Water Report'!$O$15>0,'Water Report'!$O$15,0)) -> 5 | BC13: =(IF('Water Report'!$O$13>0,'Water Report'!$O$13,0)) -> 34 | BD13: =(IF('Water Report'!$O$24>0,'Water Report'!$O$24,0)) -> 411 | BE13: =(IF('Water Report'!$O$25>0,'Water Report'!$O$25,0)) -> 157 | BF13: =(IF('Water Report'!$O$27>0,'Water Report'!$O$27,0)) -> 158 | BG13: =(IF('Section Load'!AN16>0,'Section Load'!AN16,0)) -> 1100 | BH13: =(IF('Section Load'!AO16>0,'Section Load'!AO16,0)) -> 297.9 | BI13: =(IF('Section Load'!AP16>0,'Section Load'!AP16,0)) -> 0.2 | BJ13: =(IF('Section Load'!AQ16>0,'Section Load'!AQ16,0)) -> 124.66 | BK13: =(IF('Section Load'!AR16>0,'Section Load'!AR16,0)) -> 49.8 | BL13: =(IF('Section Load'!AS16>0,'Section Load'!AS16,0)) -> 0 | BM13: =(IF('Section Load'!AT16>0,'Section Load'!AT16,0)) -> 627.44
A14: Mumbai | B14: =B13+1 -> 13 | C14: 12 | D14: 2022 | E14: =(IF('Section Load'!F17>0,'Section Load'!F17,0)) -> 3155.31 | F14: =(IF('Section Load'!G17>0,'Section Load'!G17,0)) -> 989 | G14: =(IF('Section Load'!H17>0,'Section Load'!H17,0)) -> 2439 | H14: =(IF('Section Load'!I17>0,'Section Load'!I17,0)) -> 3939 | I14: =(IF('Section Load'!J17>0,'Section Load'!J17,0)) -> 3994.19 | J14: =(IF('Section Load'!K17>0,'Section Load'!K17,0)) -> 2292.15 | K14: =(IF('Section Load'!L17>0,'Section Load'!L17,0)) -> 1259 | L14: =(IF('Section Load'!M17>0,'Section Load'!M17,0)) -> 1045 | ... AL14: =(IF('Section Load'!AM17>0,'Section Load'!AM17,0)) -> 727 | AM14: =(IF('Water Report'!$P$7>0,'Water Report'!$P$7,0)) -> 100 | AN14: =(IF('Water Report'!$P$8>0,'Water Report'!$P$8,0)) -> 20 | AO14: =(IF('Water Report'!$P$9>0,'Water Report'!$P$9,0)) -> 125 | AP14: =(IF('Water Report'!$P$10>0,'Water Report'!$P$10,0)) -> 8 | AQ14: =(IF('Water Report'!$P$11>0,'Water Report'!$P$11,0)) -> 18 | AR14: =(IF('Water Report'!$P$13>0,'Water Report'!$P$13,0)) -> 30 | AS14: =(IF('Water Report'!$P$14>0,'Water Report'!$P$14,0)) -> 5 | AT14: =(IF('Water Report'!$P$15>0,'Water Report'!$P$15,0)) -> 7 | AU14: =(IF('Water Report'!$P$17>0,'Water Report'!$P$17,0)) -> 0 | AV14: =(IF('Water Report'!$P$18>0,'Water Report'!$P$18,0)) -> 12 | AW14: =(IF('Water Report'!$P$19>0,'Water Report'!$P$19,0)) -> 13 | AX14: =(IF('Water Report'!$P$21>0,'Water Report'!$P$21,0)) -> 110 | AY14: =(IF('Water Report'!$P$22>0,'Water Report'!$P$22,0)) -> 0 | AZ14: =(IF('Water Report'!$P$23>0,'Water Report'!$P$23,0)) -> 0 | BA14: =(IF('Water Report'!$P$14>0,'Water Report'!$P$14,0)) -> 5 | BB14: =(IF('Water Report'!$P$15>0,'Water Report'!$P$15,0)) -> 7 | BC14: =(IF('Water Report'!$P$13>0,'Water Report'!$P$13,0)) -> 30 | BD14: =(IF('Water Report'!$P$24>0,'Water Report'!$P$24,0)) -> 378 | BE14: =(IF('Water Report'!$P$25>0,'Water Report'!$P$25,0)) -> 163 | BF14: =(IF('Water Report'!$P$27>0,'Water Report'!$P$27,0)) -> 140 | BG14: =(IF('Section Load'!AN17>0,'Section Load'!AN17,0)) -> 1014 | BH14: =(IF('Section Load'!AO17>0,'Section Load'!AO17,0)) -> 298 | BI14: =(IF('Section Load'!AP17>0,'Section Load'!AP17,0)) -> 0 | BJ14: =(IF('Section Load'!AQ17>0,'Section Load'!AQ17,0)) -> 111 | BK14: =(IF('Section Load'!AR17>0,'Section Load'!AR17,0)) -> 47 | BL14: =(IF('Section Load'!AS17>0,'Section Load'!AS17,0)) -> 0 | BM14: =(IF('Section Load'!AT17>0,'Section Load'!AT17,0)) -> 558.4
A15: Mumbai | B15: =B14+1 -> 14 | C15: 12 | D15: 2022 | E15: =(IF('Section Load'!F18>0,'Section Load'!F18,0)) -> 3419.69 | F15: =(IF('Section Load'!G18>0,'Section Load'!G18,0)) -> 1067 | G15: =(IF('Section Load'!H18>0,'Section Load'!H18,0)) -> 2633 | H15: =(IF('Section Load'!I18>0,'Section Load'!I18,0)) -> 3636 | I15: =(IF('Section Load'!J18>0,'Section Load'!J18,0)) -> 7314.81 | J15: =(IF('Section Load'!K18>0,'Section Load'!K18,0)) -> 2841.85 | K15: =(IF('Section Load'!L18>0,'Section Load'!L18,0)) -> 1665 | L15: =(IF('Section Load'!M18>0,'Section Load'!M18,0)) -> 1258 | ... AL15: =(IF('Section Load'!AM18>0,'Section Load'!AM18,0)) -> 830 | AM15: =(IF('Water Report'!$Q$7>0,'Water Report'!$Q$7,0)) -> 123 | AN15: =(IF('Water Report'!$Q$8>0,'Water Report'!$Q$8,0)) -> 26 | AO15: =(IF('Water Report'!$Q$9>0,'Water Report'!$Q$9,0)) -> 149 | AP15: =(IF('Water Report'!$Q$10>0,'Water Report'!$Q$10,0)) -> 13 | AQ15: =(IF('Water Report'!$Q$11>0,'Water Report'!$Q$11,0)) -> 22 | AR15: =(IF('Water Report'!$Q$13>0,'Water Report'!$Q$13,0)) -> 29 | AS15: =(IF('Water Report'!$Q$14>0,'Water Report'!$Q$14,0)) -> 10 | AT15: =(IF('Water Report'!$Q$15>0,'Water Report'!$Q$15,0)) -> 8 | AU15: =(IF('Water Report'!$Q$17>0,'Water Report'!$Q$17,0)) -> 0 | AV15: =(IF('Water Report'!$Q$18>0,'Water Report'!$Q$18,0)) -> 11 | AW15: =(IF('Water Report'!$Q$19>0,'Water Report'!$Q$19,0)) -> 12 | AX15: =(IF('Water Report'!$Q$21>0,'Water Report'!$Q$21,0)) -> 135 | AY15: =(IF('Water Report'!$Q$22>0,'Water Report'!$Q$22,0)) -> 0 | AZ15: =(IF('Water Report'!$Q$23>0,'Water Report'!$Q$23,0)) -> 39 | BA15: =(IF('Water Report'!$Q$14>0,'Water Report'!$Q$14,0)) -> 10 | BB15: =(IF('Water Report'!$Q$15>0,'Water Report'!$Q$15,0)) -> 8 | BC15: =(IF('Water Report'!$Q$13>0,'Water Report'!$Q$13,0)) -> 29 | BD15: =(IF('Water Report'!$Q$24>0,'Water Report'!$Q$24,0)) -> 377 | BE15: =(IF('Water Report'!$Q$25>0,'Water Report'!$Q$25,0)) -> 202 | BF15: =(IF('Water Report'!$Q$27>0,'Water Report'!$Q$27,0)) -> 203 | BG15: =(IF('Section Load'!AN18>0,'Section Load'!AN18,0)) -> 1060 | BH15: =(IF('Section Load'!AO18>0,'Section Load'!AO18,0)) -> 291 | BI15: =(IF('Section Load'!AP18>0,'Section Load'!AP18,0)) -> 0.2 | BJ15: =(IF('Section Load'!AQ18>0,'Section Load'!AQ18,0)) -> 122 | BK15: =(IF('Section Load'!AR18>0,'Section Load'!AR18,0)) -> 47 | BL15: =(IF('Section Load'!AS18>0,'Section Load'!AS18,0)) -> 0 | BM15: =(IF('Section Load'!AT18>0,'Section Load'!AT18,0)) -> 599.8
A16: Mumbai | B16: =B15+1 -> 15 | C16: 12 | D16: 2022 | E16: =(IF('Section Load'!F19>0,'Section Load'!F19,0)) -> 3092 | F16: =(IF('Section Load'!G19>0,'Section Load'!G19,0)) -> 1075 | G16: =(IF('Section Load'!H19>0,'Section Load'!H19,0)) -> 591.76 | H16: =(IF('Section Load'!I19>0,'Section Load'!I19,0)) -> 4668 | I16: =(IF('Section Load'!J19>0,'Section Load'!J19,0)) -> 6679.45 | J16: =(IF('Section Load'!K19>0,'Section Load'!K19,0)) -> 4668 | K16: =(IF('Section Load'!L19>0,'Section Load'!L19,0)) -> 1451 | L16: =(IF('Section Load'!M19>0,'Section Load'!M19,0)) -> 1125 | ... AL16: =(IF('Section Load'!AM19>0,'Section Load'!AM19,0)) -> 738 | AM16: =(IF('Water Report'!$R$7>0,'Water Report'!$R$7,0)) -> 107 | AN16: =(IF('Water Report'!$R$8>0,'Water Report'!$R$8,0)) -> 81 | AO16: =(IF('Water Report'!$R$9>0,'Water Report'!$R$9,0)) -> 142 | AP16: =(IF('Water Report'!$R$10>0,'Water Report'!$R$10,0)) -> 8 | AQ16: =(IF('Water Report'!$R$11>0,'Water Report'!$R$11,0)) -> 25 | AR16: =(IF('Water Report'!$R$13>0,'Water Report'!$R$13,0)) -> 34 | AS16: =(IF('Water Report'!$R$14>0,'Water Report'!$R$14,0)) -> 7 | AT16: =(IF('Water Report'!$R$15>0,'Water Report'!$R$15,0)) -> 11 | AU16: =(IF('Water Report'!$R$17>0,'Water Report'!$R$17,0)) -> 0 | AV16: =(IF('Water Report'!$R$18>0,'Water Report'!$R$18,0)) -> 10 | AW16: =(IF('Water Report'!$R$19>0,'Water Report'!$R$19,0)) -> 13 | AX16: =(IF('Water Report'!$R$21>0,'Water Report'!$R$21,0)) -> 121 | AY16: =(IF('Water Report'!$R$22>0,'Water Report'!$R$22,0)) -> 0 | AZ16: =(IF('Water Report'!$R$23>0,'Water Report'!$R$23,0)) -> 2 | BA16: =(IF('Water Report'!$R$14>0,'Water Report'!$R$14,0)) -> 7 | BB16: =(IF('Water Report'!$R$15>0,'Water Report'!$R$15,0)) -> 11 | BC16: =(IF('Water Report'!$R$13>0,'Water Report'!$R$13,0)) -> 34 | BD16: =(IF('Water Report'!$R$24>0,'Water Report'!$R$24,0)) -> 382 | BE16: =(IF('Water Report'!$R$25>0,'Water Report'!$R$25,0)) -> 193 | BF16: =(IF('Water Report'!$R$27>0,'Water Report'!$R$27,0)) -> 157 | BG16: =(IF('Section Load'!AN19>0,'Section Load'!AN19,0)) -> 1060 | BH16: =(IF('Section Load'!AO19>0,'Section Load'!AO19,0)) -> 113 | BI16: =(IF('Section Load'!AP19>0,'Section Load'!AP19,0)) -> 0 | BJ16: =(IF('Section Load'!AQ19>0,'Section Load'!AQ19,0)) -> 117 | BK16: =(IF('Section Load'!AR19>0,'Section Load'!AR19,0)) -> 59 | BL16: =(IF('Section Load'!AS19>0,'Section Load'!AS19,0)) -> 0 | BM16: =(IF('Section Load'!AT19>0,'Section Load'!AT19,0)) -> 771
A17: Mumbai | B17: =B16+1 -> 16 | C17: 12 | D17: 2022 | E17: =(IF('Section Load'!F20>0,'Section Load'!F20,0)) -> 3286.12 | F17: =(IF('Section Load'!G20>0,'Section Load'!G20,0)) -> 1038.43 | G17: =(IF('Section Load'!H20>0,'Section Load'!H20,0)) -> 0.59 | H17: =(IF('Section Load'!I20>0,'Section Load'!I20,0)) -> 4071.46 | I17: =(IF('Section Load'!J20>0,'Section Load'!J20,0)) -> 6364.66 | J17: =(IF('Section Load'!K20>0,'Section Load'!K20,0)) -> 5085 | K17: =(IF('Section Load'!L20>0,'Section Load'!L20,0)) -> 1329.27 | L17: =(IF('Section Load'!M20>0,'Section Load'!M20,0)) -> 1024.79 | ... AL17: =(IF('Section Load'!AM20>0,'Section Load'!AM20,0)) -> 697 | AM17: =(IF('Water Report'!$S$7>0,'Water Report'!$S$7,0)) -> 161.4 | AN17: =(IF('Water Report'!$S$8>0,'Water Report'!$S$8,0)) -> 59 | AO17: =(IF('Water Report'!$S$9>0,'Water Report'!$S$9,0)) -> 149 | AP17: =(IF('Water Report'!$S$10>0,'Water Report'!$D$10,0)) -> 10 | AQ17: =(IF('Water Report'!$S$11>0,'Water Report'!$D$11,0)) -> 19 | AR17: =(IF('Water Report'!$S$13>0,'Water Report'!$D$13,0)) -> 45 | AS17: =(IF('Water Report'!$S$14>0,'Water Report'!$D$14,0)) -> 5 | AT17: =(IF('Water Report'!$S$15>0,'Water Report'!$D$15,0)) -> 8 | AU17: =(IF('Water Report'!$S$17>0,'Water Report'!$D$17,0)) -> 2 | AV17: =(IF('Water Report'!$S$18>0,'Water Report'!$D$18,0)) -> 11 | AW17: =(IF('Water Report'!$S$19>0,'Water Report'!$D$19,0)) -> 13 | AX17: =(IF('Water Report'!$S$21>0,'Water Report'!$D$21,0)) -> 42 | AY17: =(IF('Water Report'!$S$22>0,'Water Report'!$D$22,0)) -> 0 | AZ17: =(IF('Water Report'!$S$23>0,'Water Report'!$D$23,0)) -> 0 | BA17: =(IF('Water Report'!$S$14>0,'Water Report'!$D$14,0)) -> 5 | BB17: =(IF('Water Report'!$S$15>0,'Water Report'!$D$15,0)) -> 8 | BC17: =(IF('Water Report'!$S$13>0,'Water Report'!$D$13,0)) -> 45 | BD17: =(IF('Water Report'!$S$24>0,'Water Report'!$D$24,0)) -> 303 | BE17: =(IF('Water Report'!$S$25>0,'Water Report'!$D$25,0)) -> 183 | BF17: =(IF('Water Report'!$S$27>0,'Water Report'!$D$27,0)) -> 87 | BG17: =(IF('Section Load'!AN20>0,'Section Load'!AN20,0)) -> 1026 | BH17: =(IF('Section Load'!AO20>0,'Section Load'!AO20,0)) -> 476 | BI17: =(IF('Section Load'!AP20>0,'Section Load'!AP20,0)) -> 0 | BJ17: =(IF('Section Load'!AQ20>0,'Section Load'!AQ20,0)) -> 104.98 | BK17: =(IF('Section Load'!AR20>0,'Section Load'!AR20,0)) -> 47 | BL17: =(IF('Section Load'!AS20>0,'Section Load'!AS20,0)) -> 0 | BM17: =(IF('Section Load'!AT20>0,'Section Load'!AT20,0)) -> 398.02
A18: Mumbai | B18: =B17+1 -> 17 | C18: 12 | D18: 2022 | E18: =(IF('Section Load'!F21>0,'Section Load'!F21,0)) -> 3112.34 | F18: =(IF('Section Load'!G21>0,'Section Load'!G21,0)) -> 1046.19 | G18: =(IF('Section Load'!H21>0,'Section Load'!H21,0)) -> 0 | H18: =(IF('Section Load'!I21>0,'Section Load'!I21,0)) -> 4177.52 | I18: =(IF('Section Load'!J21>0,'Section Load'!J21,0)) -> 5853 | J18: =(IF('Section Load'!K21>0,'Section Load'!K21,0)) -> 2554.59 | K18: =(IF('Section Load'!L21>0,'Section Load'!L21,0)) -> 1633.64 | L18: =(IF('Section Load'!M21>0,'Section Load'!M21,0)) -> 1147.02 | ... AL18: =(IF('Section Load'!AM21>0,'Section Load'!AM21,0)) -> 818 | AM18: =(IF('Water Report'!$T$7>0,'Water Report'!$T$7,0)) -> 163.6 | AN18: =(IF('Water Report'!$T$8>0,'Water Report'!$T$8,0)) -> 83 | AO18: =(IF('Water Report'!$T$9>0,'Water Report'!$T$9,0)) -> 153 | AP18: =(IF('Water Report'!$T$10>0,'Water Report'!$T$10,0)) -> 14 | AQ18: =(IF('Water Report'!$T$11>0,'Water Report'!$T$11,0)) -> 33 | AR18: =(IF('Water Report'!$T$13>0,'Water Report'!$T$13,0)) -> 39 | AS18: =(IF('Water Report'!$T$14>0,'Water Report'!$T$14,0)) -> 12 | AT18: =(IF('Water Report'!$T$15>0,'Water Report'!$T$15,0)) -> 6 | AU18: =(IF('Water Report'!$T$17>0,'Water Report'!$T$17,0)) -> 2 | AV18: =(IF('Water Report'!$T$18>0,'Water Report'!$T$18,0)) -> 11 | AW18: =(IF('Water Report'!$T$19>0,'Water Report'!$T$19,0)) -> 14 | AX18: =(IF('Water Report'!$T$21>0,'Water Report'!$T$21,0)) -> 140 | AY18: =(IF('Water Report'!$T$22>0,'Water Report'!$T$22,0)) -> 0 | AZ18: =(IF('Water Report'!$T$23>0,'Water Report'!$T$23,0)) -> 0 | BA18: =(IF('Water Report'!$T$14>0,'Water Report'!$T$14,0)) -> 12 | BB18: =(IF('Water Report'!$T$15>0,'Water Report'!$T$15,0)) -> 6 | BC18: =(IF('Water Report'!$T$13>0,'Water Report'!$T$13,0)) -> 39 | BD18: =(IF('Water Report'!$T$24>0,'Water Report'!$T$24,0)) -> 353 | BE18: =(IF('Water Report'!$T$25>0,'Water Report'!$T$25,0)) -> 218 | BF18: =(IF('Water Report'!$T$27>0,'Water Report'!$T$27,0)) -> 179 | BG18: =(IF('Section Load'!AN21>0,'Section Load'!AN21,0)) -> 1093 | BH18: =(IF('Section Load'!AO21>0,'Section Load'!AO21,0)) -> 299.35 | BI18: =(IF('Section Load'!AP21>0,'Section Load'!AP21,0)) -> 0 | BJ18: =(IF('Section Load'!AQ21>0,'Section Load'!AQ21,0)) -> 126.02 | BK18: =(IF('Section Load'!AR21>0,'Section Load'!AR21,0)) -> 48 | BL18: =(IF('Section Load'!AS21>0,'Section Load'!AS21,0)) -> 0 | BM18: =(IF('Section Load'!AT21>0,'Section Load'!AT21,0)) -> 619.63
A19: Mumbai | B19: =B18+1 -> 18 | C19: 12 | D19: 2022 | E19: =(IF('Section Load'!F22>0,'Section Load'!F22,0)) -> 3141.48 | F19: =(IF('Section Load'!G22>0,'Section Load'!G22,0)) -> 1024.29 | G19: =(IF('Section Load'!H22>0,'Section Load'!H22,0)) -> 0 | H19: =(IF('Section Load'!I22>0,'Section Load'!I22,0)) -> 4065.21 | I19: =(IF('Section Load'!J22>0,'Section Load'!J22,0)) -> 4692.33 | J19: =(IF('Section Load'!K22>0,'Section Load'!K22,0)) -> 2839.48 | K19: =(IF('Section Load'!L22>0,'Section Load'!L22,0)) -> 1261.09 | L19: =(IF('Section Load'!M22>0,'Section Load'!M22,0)) -> 1445.09 | ... AL19: =(IF('Section Load'!AM22>0,'Section Load'!AM22,0)) -> 831 | AM19: =(IF('Water Report'!$U$7>0,'Water Report'!$U$7,0)) -> 112.5 | AN19: =(IF('Water Report'!$U$8>0,'Water Report'!$U$8,0)) -> 76 | AO19: =(IF('Water Report'!$U$9>0,'Water Report'!$U$9,0)) -> 140 | AP19: =(IF('Water Report'!$U$10>0,'Water Report'!$U$10,0)) -> 10 | AQ19: =(IF('Water Report'!$U$11>0,'Water Report'!$U$11,0)) -> 22 | AR19: =(IF('Water Report'!$U$13>0,'Water Report'!$U$13,0)) -> 21 | AS19: =(IF('Water Report'!$U$14>0,'Water Report'!$U$14,0)) -> 5 | AT19: =(IF('Water Report'!$U$15>0,'Water Report'!$U$15,0)) -> 7 | AU19: =(IF('Water Report'!$U$17>0,'Water Report'!$U$17,0)) -> 2 | AV19: =(IF('Water Report'!$U$18>0,'Water Report'!$U$18,0)) -> 12 | AW19: =(IF('Water Report'!$U$19>0,'Water Report'!$U$19,0)) -> 13 | AX19: =(IF('Water Report'!$U$21>0,'Water Report'!$U$21,0)) -> 183 | AY19: =(IF('Water Report'!$U$22>0,'Water Report'!$U$22,0)) -> 0 | AZ19: =(IF('Water Report'!$U$23>0,'Water Report'!$U$23,0)) -> 0 | BA19: =(IF('Water Report'!$U$14>0,'Water Report'!$U$14,0)) -> 5 | BB19: =(IF('Water Report'!$U$15>0,'Water Report'!$U$15,0)) -> 7 | BC19: =(IF('Water Report'!$U$13>0,'Water Report'!$U$13,0)) -> 21 | BD19: =(IF('Water Report'!$U$24>0,'Water Report'!$U$24,0)) -> 307 | BE19: =(IF('Water Report'!$U$25>0,'Water Report'!$U$25,0)) -> 184 | BF19: =(IF('Water Report'!$U$27>0,'Water Report'!$U$27,0)) -> 204 | BG19: =(IF('Section Load'!AN22>0,'Section Load'!AN22,0)) -> 1164 | BH19: =(IF('Section Load'!AO22>0,'Section Load'!AO22,0)) -> 292.18 | BI19: =(IF('Section Load'!AP22>0,'Section Load'!AP22,0)) -> 0 | BJ19: =(IF('Section Load'!AQ22>0,'Section Load'!AQ22,0)) -> 148 | BK19: =(IF('Section Load'!AR22>0,'Section Load'!AR22,0)) -> 55 | BL19: =(IF('Section Load'!AS22>0,'Section Load'!AS22,0)) -> 0 | BM19: =(IF('Section Load'!AT22>0,'Section Load'!AT22,0)) -> 668.82
A20: Mumbai | B20: =B19+1 -> 19 | C20: 12 | D20: 2022 | E20: =(IF('Section Load'!F23>0,'Section Load'!F23,0)) -> 3279.57 | F20: =(IF('Section Load'!G23>0,'Section Load'!G23,0)) -> 1033.45 | G20: =(IF('Section Load'!H23>0,'Section Load'!H23,0)) -> 0 | H20: =(IF('Section Load'!I23>0,'Section Load'!I23,0)) -> 4100.43 | I20: =(IF('Section Load'!J23>0,'Section Load'!J23,0)) -> 3758.08 | J20: =(IF('Section Load'!K23>0,'Section Load'!K23,0)) -> 2408.12 | K20: =(IF('Section Load'!L23>0,'Section Load'!L23,0)) -> 1329.59 | L20: =(IF('Section Load'!M23>0,'Section Load'!M23,0)) -> 956.6 | ... AL20: =(IF('Section Load'!AM23>0,'Section Load'!AM23,0)) -> 713 | AM20: =(IF('Water Report'!$V$7>0,'Water Report'!$V$7,0)) -> 102.5 | AN20: =(IF('Water Report'!$V$8>0,'Water Report'!$V$8,0)) -> 43 | AO20: =(IF('Water Report'!$V$9>0,'Water Report'!$V$9,0)) -> 121 | AP20: =(IF('Water Report'!$V$10>0,'Water Report'!$V$10,0)) -> 8 | AQ20: =(IF('Water Report'!$V$11>0,'Water Report'!$V$11,0)) -> 19 | AR20: =(IF('Water Report'!$V$13>0,'Water Report'!$V$13,0)) -> 26 | AS20: =(IF('Water Report'!$V$14>0,'Water Report'!$V$14,0)) -> 5 | AT20: =(IF('Water Report'!$V$15>0,'Water Report'!$V$15,0)) -> 7 | AU20: =(IF('Water Report'!$V$17>0,'Water Report'!$V$17,0)) -> 2 | AV20: =(IF('Water Report'!$V$18>0,'Water Report'!$V$18,0)) -> 12 | AW20: =(IF('Water Report'!$V$19>0,'Water Report'!$V$19,0)) -> 12 | AX20: =(IF('Water Report'!$V$21>0,'Water Report'!$V$21,0)) -> 92 | AY20: =(IF('Water Report'!$V$22>0,'Water Report'!$V$22,0)) -> 0 | AZ20: =(IF('Water Report'!$V$23>0,'Water Report'!$V$23,0)) -> 0 | BA20: =(IF('Water Report'!$V$14>0,'Water Report'!$V$14,0)) -> 5 | BB20: =(IF('Water Report'!$V$15>0,'Water Report'!$V$15,0)) -> 7 | BC20: =(IF('Water Report'!$V$13>0,'Water Report'!$V$13,0)) -> 26 | BD20: =(IF('Water Report'!$V$24>0,'Water Report'!$V$24,0)) -> 388 | BE20: =(IF('Water Report'!$V$25>0,'Water Report'!$V$25,0)) -> 160 | BF20: =(IF('Water Report'!$V$27>0,'Water Report'!$V$27,0)) -> 118 | BG20: =(IF('Section Load'!AN23>0,'Section Load'!AN23,0)) -> 1022 | BH20: =(IF('Section Load'!AO23>0,'Section Load'!AO23,0)) -> 298.36 | BI20: =(IF('Section Load'!AP23>0,'Section Load'!AP23,0)) -> 0 | BJ20: =(IF('Section Load'!AQ23>0,'Section Load'!AQ23,0)) -> 91 | BK20: =(IF('Section Load'!AR23>0,'Section Load'!AR23,0)) -> 56 | BL20: =(IF('Section Load'!AS23>0,'Section Load'!AS23,0)) -> 0 | BM20: =(IF('Section Load'!AT23>0,'Section Load'!AT23,0)) -> 576.64
A21: Mumbai | B21: =B20+1 -> 20 | C21: 12 | D21: 2022 | E21: =(IF('Section Load'!F24>0,'Section Load'!F24,0)) -> 3272.08 | F21: =(IF('Section Load'!G24>0,'Section Load'!G24,0)) -> 1016.64 | G21: =(IF('Section Load'!H24>0,'Section Load'!H24,0)) -> 0 | H21: =(IF('Section Load'!I24>0,'Section Load'!I24,0)) -> 4036.38 | I21: =(IF('Section Load'!J24>0,'Section Load'!J24,0)) -> 3723.72 | J21: =(IF('Section Load'!K24>0,'Section Load'!K24,0)) -> 2528.81 | K21: =(IF('Section Load'!L24>0,'Section Load'!L24,0)) -> 1771.41 | L21: =(IF('Section Load'!M24>0,'Section Load'!M24,0)) -> 796.5 | ... AL21: =(IF('Section Load'!AM24>0,'Section Load'!AM24,0)) -> 718 | AM21: =(IF('Water Report'!$W$7>0,'Water Report'!$W$7,0)) -> 116 | AN21: =(IF('Water Report'!$W$8>0,'Water Report'!$W$8,0)) -> 32 | AO21: =(IF('Water Report'!$W$9>0,'Water Report'!$W$9,0)) -> 140 | AP21: =(IF('Water Report'!$W$10>0,'Water Report'!$W$10,0)) -> 12 | AQ21: =(IF('Water Report'!$W$11>0,'Water Report'!$W$11,0)) -> 22 | AR21: =(IF('Water Report'!$W$13>0,'Water Report'!$W$13,0)) -> 32 | AS21: =(IF('Water Report'!$W$14>0,'Water Report'!$W$14,0)) -> 3 | AT21: =(IF('Water Report'!$W$15>0,'Water Report'!$W$15,0)) -> 6 | AU21: =(IF('Water Report'!$W$17>0,'Water Report'!$W$17,0)) -> 1 | AV21: =(IF('Water Report'!$W$18>0,'Water Report'!$W$18,0)) -> 12 | AW21: =(IF('Water Report'!$W$19>0,'Water Report'!$W$19,0)) -> 15 | AX21: =(IF('Water Report'!$W$21>0,'Water Report'!$W$21,0)) -> 152 | AY21: =(IF('Water Report'!$W$22>0,'Water Report'!$W$22,0)) -> 0 | AZ21: =(IF('Water Report'!$W$23>0,'Water Report'!$W$23,0)) -> 0 | BA21: =(IF('Water Report'!$W$14>0,'Water Report'!$W$14,0)) -> 3 | BB21: =(IF('Water Report'!$W$15>0,'Water Report'!$W$15,0)) -> 6 | BC21: =(IF('Water Report'!$W$13>0,'Water Report'!$W$13,0)) -> 32 | BD21: =(IF('Water Report'!$W$24>0,'Water Report'!$W$24,0)) -> 289 | BE21: =(IF('Water Report'!$W$25>0,'Water Report'!$W$25,0)) -> 183 | BF21: =(IF('Water Report'!$W$27>0,'Water Report'!$W$27,0)) -> 184 | BG21: =(IF('Section Load'!AN24>0,'Section Load'!AN24,0)) -> 1116 | BH21: =(IF('Section Load'!AO24>0,'Section Load'!AO24,0)) -> 286.11 | BI21: =(IF('Section Load'!AP24>0,'Section Load'!AP24,0)) -> 0 | BJ21: =(IF('Section Load'!AQ24>0,'Section Load'!AQ24,0)) -> 94 | BK21: =(IF('Section Load'!AR24>0,'Section Load'!AR24,0)) -> 40 | BL21: =(IF('Section Load'!AS24>0,'Section Load'!AS24,0)) -> 0 | BM21: =(IF('Section Load'!AT24>0,'Section Load'!AT24,0)) -> 695.89
A22: Mumbai | B22: =B21+1 -> 21 | C22: 12 | D22: 2022 | E22: =(IF('Section Load'!F25>0,'Section Load'!F25,0)) -> 3207.41 | F22: =(IF('Section Load'!G25>0,'Section Load'!G25,0)) -> 1355.31 | G22: =(IF('Section Load'!H25>0,'Section Load'!H25,0)) -> 1247.41 | H22: =(IF('Section Load'!I25>0,'Section Load'!I25,0)) -> 3398 | I22: =(IF('Section Load'!J25>0,'Section Load'!J25,0)) -> 3921 | J22: =(IF('Section Load'!K25>0,'Section Load'!K25,0)) -> 2438 | K22: =(IF('Section Load'!L25>0,'Section Load'!L25,0)) -> 1174 | L22: =(IF('Section Load'!M25>0,'Section Load'!M25,0)) -> 863 | ... AL22: =(IF('Section Load'!AM25>0,'Section Load'!AM25,0)) -> 788 | AM22: =(IF('Water Report'!$X$7>0,'Water Report'!$X$7,0)) -> 112 | AN22: =(IF('Water Report'!$X$8>0,'Water Report'!$X$8,0)) -> 70 | AO22: =(IF('Water Report'!$X$9>0,'Water Report'!$X$9,0)) -> 128 | AP22: =(IF('Water Report'!$X$10>0,'Water Report'!$X$10,0)) -> 8 | AQ22: =(IF('Water Report'!$X$11>0,'Water Report'!$X$11,0)) -> 21 | AR22: =(IF('Water Report'!$X$13>0,'Water Report'!$X$13,0)) -> 22 | AS22: =(IF('Water Report'!$X$14>0,'Water Report'!$X$14,0)) -> 8 | AT22: =(IF('Water Report'!$X$15>0,'Water Report'!$X$15,0)) -> 11 | AU22: =(IF('Water Report'!$X$17>0,'Water Report'!$X$17,0)) -> 0 | AV22: =(IF('Water Report'!$X$18>0,'Water Report'!$X$18,0)) -> 14 | AW22: =(IF('Water Report'!$X$19>0,'Water Report'!$X$19,0)) -> 12 | AX22: =(IF('Water Report'!$X$21>0,'Water Report'!$X$21,0)) -> 137 | AY22: =(IF('Water Report'!$X$22>0,'Water Report'!$X$22,0)) -> 0 | AZ22: =(IF('Water Report'!$X$23>0,'Water Report'!$X$23,0)) -> 24 | BA22: =(IF('Water Report'!$X$14>0,'Water Report'!$X$14,0)) -> 8 | BB22: =(IF('Water Report'!$X$15>0,'Water Report'!$X$15,0)) -> 11 | BC22: =(IF('Water Report'!$X$13>0,'Water Report'!$X$13,0)) -> 22 | BD22: =(IF('Water Report'!$X$24>0,'Water Report'!$X$24,0)) -> 360 | BE22: =(IF('Water Report'!$X$25>0,'Water Report'!$X$25,0)) -> 176 | BF22: =(IF('Water Report'!$X$27>0,'Water Report'!$X$27,0)) -> 183 | BG22: =(IF('Section Load'!AN25>0,'Section Load'!AN25,0)) -> 1103 | BH22: =(IF('Section Load'!AO25>0,'Section Load'!AO25,0)) -> 290 | BI22: =(IF('Section Load'!AP25>0,'Section Load'!AP25,0)) -> 0 | BJ22: =(IF('Section Load'!AQ25>0,'Section Load'!AQ25,0)) -> 115 | BK22: =(IF('Section Load'!AR25>0,'Section Load'!AR25,0)) -> 60 | BL22: =(IF('Section Load'!AS25>0,'Section Load'!AS25,0)) -> 0 | BM22: =(IF('Section Load'!AT25>0,'Section Load'!AT25,0)) -> 638
A23: Mumbai | B23: =B22+1 -> 22 | C23: 12 | D23: 2022 | E23: =(IF('Section Load'!F26>0,'Section Load'!F26,0)) -> 3070 | F23: =(IF('Section Load'!G26>0,'Section Load'!G26,0)) -> 1505 | G23: =(IF('Section Load'!H26>0,'Section Load'!H26,0)) -> 2573 | H23: =(IF('Section Load'!I26>0,'Section Load'!I26,0)) -> 2823 | I23: =(IF('Section Load'!J26>0,'Section Load'!J26,0)) -> 3700 | J23: =(IF('Section Load'!K26>0,'Section Load'!K26,0)) -> 2564 | K23: =(IF('Section Load'!L26>0,'Section Load'!L26,0)) -> 1260 | L23: =(IF('Section Load'!M26>0,'Section Load'!M26,0)) -> 1016 | ... AL23: =(IF('Section Load'!AM26>0,'Section Load'!AM26,0)) -> 773 | AM23: =(IF('Water Report'!$Y$7>0,'Water Report'!$Y$7,0)) -> 153 | AN23: =(IF('Water Report'!$Y$8>0,'Water Report'!$Y$8,0)) -> 85 | AO23: =(IF('Water Report'!$Y$9>0,'Water Report'!$Y$9,0)) -> 121 | AP23: =(IF('Water Report'!$Y$10>0,'Water Report'!$Y$10,0)) -> 18 | AQ23: =(IF('Water Report'!$Y$11>0,'Water Report'!$Y$11,0)) -> 23 | AR23: =(IF('Water Report'!$Y$13>0,'Water Report'!$Y$13,0)) -> 29 | AS23: =(IF('Water Report'!$Y$14>0,'Water Report'!$Y$14,0)) -> 4 | AT23: =(IF('Water Report'!$Y$15>0,'Water Report'!$Y$15,0)) -> 10 | AU23: =(IF('Water Report'!$Y$17>0,'Water Report'!$Y$17,0)) -> 0 | AV23: =(IF('Water Report'!$Y$18>0,'Water Report'!$Y$18,0)) -> 11 | AW23: =(IF('Water Report'!$Y$19>0,'Water Report'!$Y$19,0)) -> 13 | AX23: =(IF('Water Report'!$Y$21>0,'Water Report'!$Y$21,0)) -> 113 | AY23: =(IF('Water Report'!$Y$22>0,'Water Report'!$Y$22,0)) -> 0 | AZ23: =(IF('Water Report'!$Y$23>0,'Water Report'!$Y$23,0)) -> 11 | BA23: =(IF('Water Report'!$Y$14>0,'Water Report'!$Y$14,0)) -> 4 | BB23: =(IF('Water Report'!$Y$15>0,'Water Report'!$Y$15,0)) -> 10 | BC23: =(IF('Water Report'!$Y$13>0,'Water Report'!$Y$13,0)) -> 29 | BD23: =(IF('Water Report'!$Y$24>0,'Water Report'!$Y$24,0)) -> 279 | BE23: =(IF('Water Report'!$Y$25>0,'Water Report'!$Y$25,0)) -> 176 | BF23: =(IF('Water Report'!$Y$27>0,'Water Report'!$Y$27,0)) -> 153 | BG23: =(IF('Section Load'!AN26>0,'Section Load'!AN26,0)) -> 1107 | BH23: =(IF('Section Load'!AO26>0,'Section Load'!AO26,0)) -> 295 | BI23: =(IF('Section Load'!AP26>0,'Section Load'!AP26,0)) -> 0 | BJ23: =(IF('Section Load'!AQ26>0,'Section Load'!AQ26,0)) -> 99 | BK23: =(IF('Section Load'!AR26>0,'Section Load'!AR26,0)) -> 53 | BL23: =(IF('Section Load'!AS26>0,'Section Load'!AS26,0)) -> 0 | BM23: =(IF('Section Load'!AT26>0,'Section Load'!AT26,0)) -> 660
A24: Mumbai | B24: =B23+1 -> 23 | C24: 12 | D24: 2022 | E24: =(IF('Section Load'!F27>0,'Section Load'!F27,0)) -> 3019 | F24: =(IF('Section Load'!G27>0,'Section Load'!G27,0)) -> 1455 | G24: =(IF('Section Load'!H27>0,'Section Load'!H27,0)) -> 2361 | H24: =(IF('Section Load'!I27>0,'Section Load'!I27,0)) -> 2721 | I24: =(IF('Section Load'!J27>0,'Section Load'!J27,0)) -> 3018.63 | J24: =(IF('Section Load'!K27>0,'Section Load'!K27,0)) -> 2563 | K24: =(IF('Section Load'!L27>0,'Section Load'!L27,0)) -> 1163 | L24: =(IF('Section Load'!M27>0,'Section Load'!M27,0)) -> 794 | ... AL24: =(IF('Section Load'!AM27>0,'Section Load'!AM27,0)) -> 732 | AM24: =(IF('Water Report'!$Z$7>0,'Water Report'!$Z$7,0)) -> 64 | AN24: =(IF('Water Report'!$Z$8>0,'Water Report'!$Z$8,0)) -> 73 | AO24: =(IF('Water Report'!$Z$9>0,'Water Report'!$Z$9,0)) -> 111 | AP24: =(IF('Water Report'!$Z$10>0,'Water Report'!$Z$10,0)) -> 9 | AQ24: =(IF('Water Report'!$Z$11>0,'Water Report'!$Z$11,0)) -> 24 | AR24: =(IF('Water Report'!$Z$13>0,'Water Report'!$Z$13,0)) -> 24 | AS24: =(IF('Water Report'!$Z$14>0,'Water Report'!$Z$14,0)) -> 5 | AT24: =(IF('Water Report'!$Z$15>0,'Water Report'!$Z$15,0)) -> 8 | AU24: =(IF('Water Report'!$Z$17>0,'Water Report'!$Z$17,0)) -> 0 | AV24: =(IF('Water Report'!$Z$18>0,'Water Report'!$Z$18,0)) -> 12 | AW24: =(IF('Water Report'!$Z$19>0,'Water Report'!$Z$19,0)) -> 14 | AX24: =(IF('Water Report'!$Z$21>0,'Water Report'!$Z$21,0)) -> 141 | AY24: =(IF('Water Report'!$Z$22>0,'Water Report'!$Z$22,0)) -> 0 | AZ24: =(IF('Water Report'!$Z$23>0,'Water Report'!$Z$23,0)) -> 0 | BA24: =(IF('Water Report'!$Z$14>0,'Water Report'!$Z$14,0)) -> 5 | BB24: =(IF('Water Report'!$Z$15>0,'Water Report'!$Z$15,0)) -> 8 | BC24: =(IF('Water Report'!$Z$13>0,'Water Report'!$Z$13,0)) -> 24 | BD24: =(IF('Water Report'!$Z$24>0,'Water Report'!$Z$24,0)) -> 258 | BE24: =(IF('Water Report'!$Z$25>0,'Water Report'!$Z$25,0)) -> 157 | BF24: =(IF('Water Report'!$Z$27>0,'Water Report'!$Z$27,0)) -> 165 | BG24: =(IF('Section Load'!AN27>0,'Section Load'!AN27,0)) -> 1104 | BH24: =(IF('Section Load'!AO27>0,'Section Load'!AO27,0)) -> 297 | BI24: =(IF('Section Load'!AP27>0,'Section Load'!AP27,0)) -> 0 | BJ24: =(IF('Section Load'!AQ27>0,'Section Load'!AQ27,0)) -> 98 | BK24: =(IF('Section Load'!AR27>0,'Section Load'!AR27,0)) -> 46 | BL24: =(IF('Section Load'!AS27>0,'Section Load'!AS27,0)) -> 0 | BM24: =(IF('Section Load'!AT27>0,'Section Load'!AT27,0)) -> 663
A25: Mumbai | B25: =B24+1 -> 24 | C25: 12 | D25: 2022 | E25: =(IF('Section Load'!F28>0,'Section Load'!F28,0)) -> 2944.3 | F25: =(IF('Section Load'!G28>0,'Section Load'!G28,0)) -> 1476.95 | G25: =(IF('Section Load'!H28>0,'Section Load'!H28,0)) -> 2452.35 | H25: =(IF('Section Load'!I28>0,'Section Load'!I28,0)) -> 2731.02 | I25: =(IF('Section Load'!J28>0,'Section Load'!J28,0)) -> 2892.39 | J25: =(IF('Section Load'!K28>0,'Section Load'!K28,0)) -> 2087.03 | K25: =(IF('Section Load'!L28>0,'Section Load'!L28,0)) -> 1346.91 | L25: =(IF('Section Load'!M28>0,'Section Load'!M28,0)) -> 731.63 | ... AL25: =(IF('Section Load'!AM28>0,'Section Load'!AM28,0)) -> 642 | AM25: =(IF('Water Report'!$AA$7>0,'Water Report'!$AA$7,0)) -> 100.4 | AN25: =(IF('Water Report'!$AA$8>0,'Water Report'!$AA$8,0)) -> 90 | AO25: =(IF('Water Report'!$AA$9>0,'Water Report'!$AA$9,0)) -> 124 | AP25: =(IF('Water Report'!$AA$10>0,'Water Report'!$AA$10,0)) -> 16 | AQ25: =(IF('Water Report'!$AA$11>0,'Water Report'!$AA$11,0)) -> 29 | AR25: =(IF('Water Report'!$AA$13>0,'Water Report'!$AA$13,0)) -> 35 | AS25: =(IF('Water Report'!$AA$14>0,'Water Report'!$AA$14,0)) -> 1 | AT25: =(IF('Water Report'!$AA$15>0,'Water Report'!$AA$15,0)) -> 8 | AU25: =(IF('Water Report'!$AA$17>0,'Water Report'!$AA$17,0)) -> 2 | AV25: =(IF('Water Report'!$AA$18>0,'Water Report'!$AA$18,0)) -> 12 | AW25: =(IF('Water Report'!$AA$19>0,'Water Report'!$AA$19,0)) -> 16 | AX25: =(IF('Water Report'!$AA$21>0,'Water Report'!$AA$21,0)) -> 104 | AY25: =(IF('Water Report'!$AA$22>0,'Water Report'!$AA$22,0)) -> 0 | AZ25: =(IF('Water Report'!$AA$23>0,'Water Report'!$AA$23,0)) -> 5 | BA25: =(IF('Water Report'!$AA$14>0,'Water Report'!$AA$14,0)) -> 1 | BB25: =(IF('Water Report'!$AA$15>0,'Water Report'!$AA$15,0)) -> 8 | BC25: =(IF('Water Report'!$AA$13>0,'Water Report'!$AA$13,0)) -> 35 | BD25: =(IF('Water Report'!$AA$24>0,'Water Report'!$AA$24,0)) -> 277 | BE25: =(IF('Water Report'!$AA$25>0,'Water Report'!$AA$25,0)) -> 178 | BF25: =(IF('Water Report'!$AA$27>0,'Water Report'!$AA$27,0)) -> 144 | BG25: =(IF('Section Load'!AN28>0,'Section Load'!AN28,0)) -> 1128 | BH25: =(IF('Section Load'!AO28>0,'Section Load'!AO28,0)) -> 296 | BI25: =(IF('Section Load'!AP28>0,'Section Load'!AP28,0)) -> 0 | BJ25: =(IF('Section Load'!AQ28>0,'Section Load'!AQ28,0)) -> 93 | BK25: =(IF('Section Load'!AR28>0,'Section Load'!AR28,0)) -> 59 | BL25: =(IF('Section Load'!AS28>0,'Section Load'!AS28,0)) -> 0 | BM25: =(IF('Section Load'!AT28>0,'Section Load'!AT28,0)) -> 680
A26: Mumbai | B26: =B25+1 -> 25 | C26: 12 | D26: 2022 | E26: =(IF('Section Load'!F29>0,'Section Load'!F29,0)) -> 2945.69 | F26: =(IF('Section Load'!G29>0,'Section Load'!G29,0)) -> 1461.05 | G26: =(IF('Section Load'!H29>0,'Section Load'!H29,0)) -> 2575.65 | H26: =(IF('Section Load'!I29>0,'Section Load'!I29,0)) -> 2669.98 | I26: =(IF('Section Load'!J29>0,'Section Load'!J29,0)) -> 4330.01 | J26: =(IF('Section Load'!K29>0,'Section Load'!K29,0)) -> 2749.87 | K26: =(IF('Section Load'!L29>0,'Section Load'!L29,0)) -> 1417.39 | L26: =(IF('Section Load'!M29>0,'Section Load'!M29,0)) -> 771.37 | ... AL26: =(IF('Section Load'!AM29>0,'Section Load'!AM29,0)) -> 550 | AM26: =(IF('Water Report'!$AB$7>0,'Water Report'!$AB$7,0)) -> 157.6 | AN26: =(IF('Water Report'!$AB$8>0,'Water Report'!$AB$8,0)) -> 68 | AO26: =(IF('Water Report'!$AB$9>0,'Water Report'!$AB$9,0)) -> 136 | AP26: =(IF('Water Report'!$AB$10>0,'Water Report'!$AB$10,0)) -> 13 | AQ26: =(IF('Water Report'!$AB$11>0,'Water Report'!$AB$11,0)) -> 26 | AR26: =(IF('Water Report'!$AB$13>0,'Water Report'!$AB$13,0)) -> 31 | AS26: =(IF('Water Report'!$AB$14>0,'Water Report'!$AB$14,0)) -> 3 | AT26: =(IF('Water Report'!$AB$15>0,'Water Report'!$AB$15,0)) -> 8 | AU26: =(IF('Water Report'!$AB$17>0,'Water Report'!$AB$17,0)) -> 0 | AV26: =(IF('Water Report'!$AB$18>0,'Water Report'!$AB$18,0)) -> 15 | AW26: =(IF('Water Report'!$AB$19>0,'Water Report'!$AB$19,0)) -> 14 | AX26: =(IF('Water Report'!$AB$21>0,'Water Report'!$AB$21,0)) -> 102 | AY26: =(IF('Water Report'!$AB$22>0,'Water Report'!$AB$22,0)) -> 0 | AZ26: =(IF('Water Report'!$AB$23>0,'Water Report'!$AB$23,0)) -> 9 | BA26: =(IF('Water Report'!$AB$14>0,'Water Report'!$AB$14,0)) -> 3 | BB26: =(IF('Water Report'!$AB$15>0,'Water Report'!$AB$15,0)) -> 8 | BC26: =(IF('Water Report'!$AB$13>0,'Water Report'!$AB$13,0)) -> 31 | BD26: =(IF('Water Report'!$AB$24>0,'Water Report'!$AB$24,0)) -> 279 | BE26: =(IF('Water Report'!$AB$25>0,'Water Report'!$AB$25,0)) -> 186 | BF26: =(IF('Water Report'!$AB$27>0,'Water Report'!$AB$27,0)) -> 142 | BG26: =(IF('Section Load'!AN29>0,'Section Load'!AN29,0)) -> 1127.8 | BH26: =(IF('Section Load'!AO29>0,'Section Load'!AO29,0)) -> 299 | BI26: =(IF('Section Load'!AP29>0,'Section Load'!AP29,0)) -> 0 | BJ26: =(IF('Section Load'!AQ29>0,'Section Load'!AQ29,0)) -> 90 | BK26: =(IF('Section Load'!AR29>0,'Section Load'!AR29,0)) -> 49 | BL26: =(IF('Section Load'!AS29>0,'Section Load'!AS29,0)) -> 0 | BM26: =(IF('Section Load'!AT29>0,'Section Load'!AT29,0)) -> 689.8
A27: Mumbai | B27: =B26+1 -> 26 | C27: 12 | D27: 2022 | E27: =(IF('Section Load'!F30>0,'Section Load'!F30,0)) -> 2882.99 | F27: =(IF('Section Load'!G30>0,'Section Load'!G30,0)) -> 1374 | G27: =(IF('Section Load'!H30>0,'Section Load'!H30,0)) -> 2378.03 | H27: =(IF('Section Load'!I30>0,'Section Load'!I30,0)) -> 2707.82 | I27: =(IF('Section Load'!J30>0,'Section Load'!J30,0)) -> 3943.28 | J27: =(IF('Section Load'!K30>0,'Section Load'!K30,0)) -> 2584.53 | K27: =(IF('Section Load'!L30>0,'Section Load'!L30,0)) -> 1151.69 | L27: =(IF('Section Load'!M30>0,'Section Load'!M30,0)) -> 666.67 | ... AL27: =(IF('Section Load'!AM30>0,'Section Load'!AM30,0)) -> 1335 | AM27: =(IF('Water Report'!$AC$7>0,'Water Report'!$AC$7,0)) -> 147 | AN27: =(IF('Water Report'!$AC$8>0,'Water Report'!$AC$8,0)) -> 41 | AO27: =(IF('Water Report'!$AC$9>0,'Water Report'!$AC$9,0)) -> 165 | AP27: =(IF('Water Report'!$AC$10>0,'Water Report'!$AC$10,0)) -> 15 | AQ27: =(IF('Water Report'!$AC$11>0,'Water Report'!$AC$11,0)) -> 23 | AR27: =(IF('Water Report'!$AC$13>0,'Water Report'!$AC$13,0)) -> 27 | AS27: =(IF('Water Report'!$AC$14>0,'Water Report'!$AC$14,0)) -> 3 | AT27: =(IF('Water Report'!$AC$15>0,'Water Report'!$AC$15,0)) -> 5 | AU27: =(IF('Water Report'!$AC$17>0,'Water Report'!$AC$17,0)) -> 0 | AV27: =(IF('Water Report'!$AC$18>0,'Water Report'!$AC$18,0)) -> 32 | AW27: =(IF('Water Report'!$AC$19>0,'Water Report'!$AC$19,0)) -> 18 | AX27: =(IF('Water Report'!$AC$21>0,'Water Report'!$AC$21,0)) -> 114 | AY27: =(IF('Water Report'!$AC$22>0,'Water Report'!$AC$22,0)) -> 0 | AZ27: =(IF('Water Report'!$AC$23>0,'Water Report'!$AC$23,0)) -> 6 | BA27: =(IF('Water Report'!$AC$14>0,'Water Report'!$AC$14,0)) -> 3 | BB27: =(IF('Water Report'!$AC$15>0,'Water Report'!$AC$15,0)) -> 5 | BC27: =(IF('Water Report'!$AC$13>0,'Water Report'!$AC$13,0)) -> 27 | BD27: =(IF('Water Report'!$AC$24>0,'Water Report'!$AC$24,0)) -> 291 | BE27: =(IF('Water Report'!$AC$25>0,'Water Report'!$AC$25,0)) -> 211 | BF27: =(IF('Water Report'!$AC$27>0,'Water Report'!$AC$27,0)) -> 147 | BG27: =(IF('Section Load'!AN30>0,'Section Load'!AN30,0)) -> 1135.99 | BH27: =(IF('Section Load'!AO30>0,'Section Load'!AO30,0)) -> 221 | BI27: =(IF('Section Load'!AP30>0,'Section Load'!AP30,0)) -> 0 | BJ27: =(IF('Section Load'!AQ30>0,'Section Load'!AQ30,0)) -> 105.7 | BK27: =(IF('Section Load'!AR30>0,'Section Load'!AR30,0)) -> 46 | BL27: =(IF('Section Load'!AS30>0,'Section Load'!AS30,0)) -> 0 | BM27: =(IF('Section Load'!AT30>0,'Section Load'!AT30,0)) -> 763.29
A28: Mumbai | B28: =B27+1 -> 27 | C28: 12 | D28: 2022 | E28: =(IF('Section Load'!F31>0,'Section Load'!F31,0)) -> 2961.44 | F28: =(IF('Section Load'!G31>0,'Section Load'!G31,0)) -> 1445.44 | G28: =(IF('Section Load'!H31>0,'Section Load'!H31,0)) -> 2563.2 | H28: =(IF('Section Load'!I31>0,'Section Load'!I31,0)) -> 2738.24 | I28: =(IF('Section Load'!J31>0,'Section Load'!J31,0)) -> 4580.34 | J28: =(IF('Section Load'!K31>0,'Section Load'!K31,0)) -> 2773.57 | K28: =(IF('Section Load'!L31>0,'Section Load'!L31,0)) -> 1151.32 | L28: =(IF('Section Load'!M31>0,'Section Load'!M31,0)) -> 774.33 | ... AL28: =(IF('Section Load'!AM31>0,'Section Load'!AM31,0)) -> 0 | AM28: =(IF('Water Report'!$AD$7>0,'Water Report'!$AD$7,0)) -> 172 | AN28: =(IF('Water Report'!$AD$8>0,'Water Report'!$AD$8,0)) -> 37 | AO28: =(IF('Water Report'!$AD$9>0,'Water Report'!$AD$9,0)) -> 183 | AP28: =(IF('Water Report'!$AD$10>0,'Water Report'!AD$10,0)) -> 18 | AQ28: =(IF('Water Report'!$AD$11>0,'Water Report'!AE$11,0)) -> 44 | AR28: =(IF('Water Report'!$AD$13>0,'Water Report'!AF$13,0)) -> 27 | AS28: =(IF('Water Report'!$AD$14>0,'Water Report'!AG$14,0)) -> 36 | AT28: =(IF('Water Report'!$AD$15>0,'Water Report'!AH$15,0)) -> 6 | AU28: =(IF('Water Report'!$AD$17>0,'Water Report'!AI$17,0)) -> 0 | AV28: =(IF('Water Report'!$AD$18>0,'Water Report'!AJ$18,0)) -> 0 | AW28: =(IF('Water Report'!$AD$19>0,'Water Report'!AK$19,0)) -> 0 | AX28: =(IF('Water Report'!$AD$21>0,'Water Report'!AL$21,0)) -> 0 | AY28: =(IF('Water Report'!$AD$22>0,'Water Report'!AM$22,0)) -> 0 | AZ28: =(IF('Water Report'!$AD$23>0,'Water Report'!AN$23,0)) -> 0 | BA28: =(IF('Water Report'!$AD$14>0,'Water Report'!AO$14,0)) -> 0 | BB28: =(IF('Water Report'!$AD$15>0,'Water Report'!AP$15,0)) -> 0 | BC28: =(IF('Water Report'!$AD$13>0,'Water Report'!AQ$13,0)) -> 0 | BD28: =(IF('Water Report'!$AD$24>0,'Water Report'!AR$24,0)) -> 0 | BE28: =(IF('Water Report'!$AD$25>0,'Water Report'!AS$25,0)) -> 0 | BF28: =(IF('Water Report'!$AD$27>0,'Water Report'!AT$27,0)) -> 0 | BG28: =(IF('Section Load'!AN31>0,'Section Load'!AN31,0)) -> 1195.36 | BH28: =(IF('Section Load'!AO31>0,'Section Load'!AO31,0)) -> 213 | BI28: =(IF('Section Load'!AP31>0,'Section Load'!AP31,0)) -> 0 | BJ28: =(IF('Section Load'!AQ31>0,'Section Load'!AQ31,0)) -> 104.3 | BK28: =(IF('Section Load'!AR31>0,'Section Load'!AR31,0)) -> 53 | BL28: =(IF('Section Load'!AS31>0,'Section Load'!AS31,0)) -> 0 | BM28: =(IF('Section Load'!AT31>0,'Section Load'!AT31,0)) -> 825.06
A29: Mumbai | B29: =B28+1 -> 28 | C29: 12 | D29: 2022 | E29: =(IF('Section Load'!F32>0,'Section Load'!F32,0)) -> 2854.58 | F29: =(IF('Section Load'!G32>0,'Section Load'!G32,0)) -> 1409.56 | G29: =(IF('Section Load'!H32>0,'Section Load'!H32,0)) -> 2515.01 | H29: =(IF('Section Load'!I32>0,'Section Load'!I32,0)) -> 2685.94 | I29: =(IF('Section Load'!J32>0,'Section Load'!J32,0)) -> 4973.48 | J29: =(IF('Section Load'!K32>0,'Section Load'!K32,0)) -> 2592 | K29: =(IF('Section Load'!L32>0,'Section Load'!L32,0)) -> 1360.69 | L29: =(IF('Section Load'!M32>0,'Section Load'!M32,0)) -> 1102 | ... AL29: =(IF('Section Load'!AM32>0,'Section Load'!AM32,0)) -> 700 | AM29: =(IF('Water Report'!$AE$7>0,'Water Report'!$AE$7,0)) -> 3 | AN29: =(IF('Water Report'!$AE$8>0,'Water Report'!$AE$8,0)) -> 178 | AO29: =(IF('Water Report'!$AE$9>0,'Water Report'!$AE$9,0)) -> 42 | AP29: =(IF('Water Report'!$AE$10>0,'Water Report'!$AE$10,0)) -> 8 | AQ29: =(IF('Water Report'!$AE$11>0,'Water Report'!$AE$11,0)) -> 44 | AR29: =(IF('Water Report'!$AE$13>0,'Water Report'!$AE$13,0)) -> 30 | AS29: =(IF('Water Report'!$AE$14>0,'Water Report'!$AE$14,0)) -> 3 | AT29: =(IF('Water Report'!$AE$15>0,'Water Report'!$AE$15,0)) -> 16 | AU29: =(IF('Water Report'!$AE$17>0,'Water Report'!$AE$17,0)) -> 0 | AV29: =(IF('Water Report'!$AE$18>0,'Water Report'!$AE$18,0)) -> 9 | AW29: =(IF('Water Report'!$AE$19>0,'Water Report'!$AE$19,0)) -> 12 | AX29: =(IF('Water Report'!$AE$21>0,'Water Report'!$AE$21,0)) -> 121 | AY29: =(IF('Water Report'!$AE$22>0,'Water Report'!$AE$22,0)) -> 0 | AZ29: =(IF('Water Report'!$AE$23>0,'Water Report'!$AE$23,0)) -> 2 | BA29: =(IF('Water Report'!$AE$14>0,'Water Report'!$AE$14,0)) -> 3 | BB29: =(IF('Water Report'!$AE$15>0,'Water Report'!$AE$15,0)) -> 16 | BC29: =(IF('Water Report'!$AE$13>0,'Water Report'!$AE$13,0)) -> 30 | BD29: =(IF('Water Report'!$AE$24>0,'Water Report'!$AE$24,0)) -> 308 | BE29: =(IF('Water Report'!$AE$25>0,'Water Report'!$AE$25,0)) -> 113 | BF29: =(IF('Water Report'!$AE$27>0,'Water Report'!$AE$27,0)) -> 153 | BG29: =(IF('Section Load'!AN32>0,'Section Load'!AN32,0)) -> 1167.57 | BH29: =(IF('Section Load'!AO32>0,'Section Load'!AO32,0)) -> 205 | BI29: =(IF('Section Load'!AP32>0,'Section Load'!AP32,0)) -> 0 | BJ29: =(IF('Section Load'!AQ32>0,'Section Load'!AQ32,0)) -> 131 | BK29: =(IF('Section Load'!AR32>0,'Section Load'!AR32,0)) -> 44 | BL29: =(IF('Section Load'!AS32>0,'Section Load'!AS32,0)) -> 0 | BM29: =(IF('Section Load'!AT32>0,'Section Load'!AT32,0)) -> 787.57
A30: Mumbai | B30: =B29+1 -> 29 | C30: 12 | D30: 2022 | E30: =(IF('Section Load'!F33>0,'Section Load'!F33,0)) -> 3224.47 | F30: =(IF('Section Load'!G33>0,'Section Load'!G33,0)) -> 1446.44 | G30: =(IF('Section Load'!H33>0,'Section Load'!H33,0)) -> 2745 | H30: =(IF('Section Load'!I33>0,'Section Load'!I33,0)) -> 2857 | I30: =(IF('Section Load'!J33>0,'Section Load'!J33,0)) -> 5058.18 | J30: =(IF('Section Load'!K33>0,'Section Load'!K33,0)) -> 2596 | K30: =(IF('Section Load'!L33>0,'Section Load'!L33,0)) -> 1528 | L30: =(IF('Section Load'!M33>0,'Section Load'!M33,0)) -> 1275 | ... AL30: =(IF('Section Load'!AM33>0,'Section Load'!AM33,0)) -> 1393 | AM30: =(IF('Water Report'!$AF$7>0,'Water Report'!$AF$7,0)) -> 155 | AN30: =(IF('Water Report'!$AF$8>0,'Water Report'!$AF$8,0)) -> 113 | AO30: =(IF('Water Report'!$AF$9>0,'Water Report'!$AF$9,0)) -> 139 | AP30: =(IF('Water Report'!$AF$10>0,'Water Report'!$AF$10,0)) -> 14 | AQ30: =(IF('Water Report'!$AF$11>0,'Water Report'!$AF$11,0)) -> 26 | AR30: =(IF('Water Report'!$AF$13>0,'Water Report'!$AF$13,0)) -> 27 | AS30: =(IF('Water Report'!$AF$14>0,'Water Report'!$AF$14,0)) -> 6 | AT30: =(IF('Water Report'!$AF$15>0,'Water Report'!$AF$15,0)) -> 6 | AU30: =(IF('Water Report'!$AF$17>0,'Water Report'!$AF$17,0)) -> 0 | AV30: =(IF('Water Report'!$AF$18>0,'Water Report'!$AF$18,0)) -> 14 | AW30: =(IF('Water Report'!$AF$19>0,'Water Report'!$AF$19,0)) -> 8 | AX30: =(IF('Water Report'!$AF$21>0,'Water Report'!$AF$21,0)) -> 138 | AY30: =(IF('Water Report'!$AF$22>0,'Water Report'!$AF$22,0)) -> 0 | AZ30: =(IF('Water Report'!$AF$23>0,'Water Report'!$AF$23,0)) -> 11 | BA30: =(IF('Water Report'!$AF$14>0,'Water Report'!$AF$14,0)) -> 6 | BB30: =(IF('Water Report'!$AF$15>0,'Water Report'!$AF$15,0)) -> 6 | BC30: =(IF('Water Report'!$AF$13>0,'Water Report'!$AF$13,0)) -> 27 | BD30: =(IF('Water Report'!$AF$24>0,'Water Report'!$AF$24,0)) -> 268 | BE30: =(IF('Water Report'!$AF$25>0,'Water Report'!$AF$25,0)) -> 191 | BF30: =(IF('Water Report'!$AF$27>0,'Water Report'!$AF$27,0)) -> 176 | BG30: =(IF('Section Load'!AN33>0,'Section Load'!AN33,0)) -> 1254.99 | BH30: =(IF('Section Load'!AO33>0,'Section Load'!AO33,0)) -> 309 | BI30: =(IF('Section Load'!AP33>0,'Section Load'!AP33,0)) -> 0 | BJ30: =(IF('Section Load'!AQ33>0,'Section Load'!AQ33,0)) -> 119 | BK30: =(IF('Section Load'!AR33>0,'Section Load'!AR33,0)) -> 56 | BL30: =(IF('Section Load'!AS33>0,'Section Load'!AS33,0)) -> 0 | BM30: =(IF('Section Load'!AT33>0,'Section Load'!AT33,0)) -> 770.99
A31: Mumbai | B31: =B30+1 -> 30 | C31: 12 | D31: 2022 | E31: =(IF('Section Load'!F34>0,'Section Load'!F34,0)) -> 3235.53 | F31: =(IF('Section Load'!G34>0,'Section Load'!G34,0)) -> 1447.56 | G31: =(IF('Section Load'!H34>0,'Section Load'!H34,0)) -> 7190 | H31: =(IF('Section Load'!I34>0,'Section Load'!I34,0)) -> 2631.19 | I31: =(IF('Section Load'!J34>0,'Section Load'!J34,0)) -> 4680.82 | J31: =(IF('Section Load'!K34>0,'Section Load'!K34,0)) -> 2488 | K31: =(IF('Section Load'!L34>0,'Section Load'!L34,0)) -> 1238 | L31: =(IF('Section Load'!M34>0,'Section Load'!M34,0)) -> 917 | ... AL31: =(IF('Section Load'!AM34>0,'Section Load'!AM34,0)) -> 216 | AM31: =(IF('Water Report'!$AG$7>0,'Water Report'!$AG$7,0)) -> 140 | AN31: =(IF('Water Report'!$AG$8>0,'Water Report'!$AG$8,0)) -> 115 | AO31: =(IF('Water Report'!$AG$9>0,'Water Report'!$AG$9,0)) -> 127 | AP31: =(IF('Water Report'!$AG$10>0,'Water Report'!$DAG$10,0)) -> 0 | AQ31: =(IF('Water Report'!$AG$11>0,'Water Report'!$DAG$11,0)) -> 0 | AR31: =(IF('Water Report'!$AG$13>0,'Water Report'!$DAG$13,0)) -> 0 | AS31: =(IF('Water Report'!$AG$14>0,'Water Report'!$DAG$14,0)) -> 0 | AT31: =(IF('Water Report'!$AG$15>0,'Water Report'!$DAG$15,0)) -> 0 | AU31: =(IF('Water Report'!$AG$17>0,'Water Report'!$DAG$17,0)) -> 0 | AV31: =(IF('Water Report'!$AG$18>0,'Water Report'!$DAG$18,0)) -> 0 | AW31: =(IF('Water Report'!$AG$19>0,'Water Report'!$DAG$19,0)) -> 0 | AX31: =(IF('Water Report'!$AG$21>0,'Water Report'!$DAG$21,0)) -> 0 | AY31: =(IF('Water Report'!$AG$22>0,'Water Report'!$DAG$22,0)) -> 0 | AZ31: =(IF('Water Report'!$AG$23>0,'Water Report'!$DAG$23,0)) -> 0 | BA31: =(IF('Water Report'!$AG$14>0,'Water Report'!$DAG$14,0)) -> 0 | BB31: =(IF('Water Report'!$AG$15>0,'Water Report'!$DAG$15,0)) -> 0 | BC31: =(IF('Water Report'!$AG$13>0,'Water Report'!$DAG$13,0)) -> 0 | BD31: =(IF('Water Report'!$AG$24>0,'Water Report'!$DAG$24,0)) -> 0 | BE31: =(IF('Water Report'!$AG$25>0,'Water Report'!$DAG$25,0)) -> 0 | BF31: =(IF('Water Report'!$AG$27>0,'Water Report'!$DAG$27,0)) -> 0 | BG31: =(IF('Section Load'!AN34>0,'Section Load'!AN34,0)) -> 1214.29 | BH31: =(IF('Section Load'!AO34>0,'Section Load'!AO34,0)) -> 574 | BI31: =(IF('Section Load'!AP34>0,'Section Load'!AP34,0)) -> 0 | BJ31: =(IF('Section Load'!AQ34>0,'Section Load'!AQ34,0)) -> 112 | BK31: =(IF('Section Load'!AR34>0,'Section Load'!AR34,0)) -> 51 | BL31: =(IF('Section Load'!AS34>0,'Section Load'!AS34,0)) -> 0 | BM31: =(IF('Section Load'!AT34>0,'Section Load'!AT34,0)) -> 477.29
A32: Mumbai | B32: =B31+1 -> 31 | C32: 12 | D32: 2022 | E32: =(IF('Section Load'!F35>0,'Section Load'!F35,0)) -> 3327.14 | F32: =(IF('Section Load'!G35>0,'Section Load'!G35,0)) -> 1379.87 | G32: =(IF('Section Load'!H35>0,'Section Load'!H35,0)) -> 177.35 | H32: =(IF('Section Load'!I35>0,'Section Load'!I35,0)) -> 2837.84 | I32: =(IF('Section Load'!J35>0,'Section Load'!J35,0)) -> 4675.69 | J32: =(IF('Section Load'!K35>0,'Section Load'!K35,0)) -> 2607 | K32: =(IF('Section Load'!L35>0,'Section Load'!L35,0)) -> 1439 | L32: =(IF('Section Load'!M35>0,'Section Load'!M35,0)) -> 1010.9 | ... AL32: =(IF('Section Load'!AM35>0,'Section Load'!AM35,0)) -> 793 | AM32: =(IF('Water Report'!$AH$7>0,'Water Report'!$AH$7,0)) -> 190 | AN32: =(IF('Water Report'!$AH$8>0,'Water Report'!$AH$8,0)) -> 99 | AO32: =(IF('Water Report'!$AH$9>0,'Water Report'!$AH$9,0)) -> 140 | AP32: =(IF('Water Report'!$AH$10>0,'Water Report'!$DAH$10,0)) -> 0 | AQ32: =(IF('Water Report'!$AH$11>0,'Water Report'!$DAH$11,0)) -> 0 | AR32: =(IF('Water Report'!$AH$13>0,'Water Report'!$DAH$13,0)) -> 0 | AS32: =(IF('Water Report'!$AH$14>0,'Water Report'!$DAH$14,0)) -> 0 | AT32: =(IF('Water Report'!$AH$15>0,'Water Report'!$DAH$15,0)) -> 0 | AU32: =(IF('Water Report'!$AH$17>0,'Water Report'!$DAH$17,0)) -> 0 | AV32: =(IF('Water Report'!$AH$18>0,'Water Report'!$DAH$18,0)) -> 0 | AW32: =(IF('Water Report'!$AH$19>0,'Water Report'!$DAH$19,0)) -> 0 | AX32: =(IF('Water Report'!$AH$21>0,'Water Report'!$DAH$21,0)) -> 0 | AY32: =(IF('Water Report'!$AH$22>0,'Water Report'!$DAH$22,0)) -> 0 | AZ32: =(IF('Water Report'!$AH$23>0,'Water Report'!$DAH$23,0)) -> 0 | BA32: =(IF('Water Report'!$AH$14>0,'Water Report'!$DAH$14,0)) -> 0 | BB32: =(IF('Water Report'!$AH$15>0,'Water Report'!$DAH$15,0)) -> 0 | BC32: =(IF('Water Report'!$AH$13>0,'Water Report'!$DAH$13,0)) -> 0 | BD32: =(IF('Water Report'!$AH$24>0,'Water Report'!$DAH$24,0)) -> 0 | BE32: =(IF('Water Report'!$AH$25>0,'Water Report'!$DAH$25,0)) -> 0 | BF32: =(IF('Water Report'!$AH$27>0,'Water Report'!$DAH$27,0)) -> 0 | BG32: =(IF('Section Load'!AN35>0,'Section Load'!AN35,0)) -> 1090.358 | BH32: =(IF('Section Load'!AO35>0,'Section Load'!AO35,0)) -> 302 | BI32: =(IF('Section Load'!AP35>0,'Section Load'!AP35,0)) -> 0 | BJ32: =(IF('Section Load'!AQ35>0,'Section Load'!AQ35,0)) -> 105 | BK32: =(IF('Section Load'!AR35>0,'Section Load'!AR35,0)) -> 59 | BL32: =(IF('Section Load'!AS35>0,'Section Load'!AS35,0)) -> 0 | BM32: =(IF('Section Load'!AT35>0,'Section Load'!AT35,0)) -> 624.358

Sheet Daily HLP
A2: Date | B2: Date | C2: Min.Tem (Degee) | D2: Avg.Temp (Degree) | E2: Hum % | F2: Occu. | H2: Electricity | L2: Gas | O2: Water | R2: Water per occiped room | S2: Diesel | V2: Water Consumption Zone | Z2: Chiller Running Hrs | AE2: Chiller Total | AF2: Chiller Avg. Laod | AG2: Boiler Running Hrs | AJ2: Total boiler | AK2: Hot Water Generator | AN2: Total HWG RH | AO2: HWG Gas consumption | AP2: Transformer -1 | AZ2: Transformer -2 | BN2: Total HLP Cost | BP2: Chiller lock at 70%
F3: % | G3: KwH | H3: Units (Kvah) | I3: Rate | J3: Total Cost(Rs) | K3: Per room | L3: Total Units(CuM) | M3: Rate | N3: Total Cost(Rs) | O3: Units(KL) | P3: Rate | Q3: Total Cost(Rs) | S3: Ltrs | T3: Rate | U3: Total Cost(Rs) | V3: Zone-1 | W3: Zone-2 | X3: Zone-3 | Z3: CH1 | AA3: CH2 | AB3: CH3 | AC3: CH4 | AD3: Total chiller | AG3: Boiler1 | AH3: Boiler2 | AI3: Boiler3 | AK3: HWG1 | AL3: HWG2 | AP3: HVAC-1 | AQ3: FPP-1 | AR3: MPP | AS3: Lighting-1 | AT3: Cap bank 1100KVAR-1 | AU3: CH-1 | AV3: CH-2 | AW3: Chilled water Pump | AX3: Co Generator | AY3: Ball Room-2 | AZ3: HVAC-2 | BA3: FPP-2 | BB3: MPP | BC3: Lighting-2 | BD3: Cap bank 1200KVAR-2 | BE3: CH-3 | BF3: CH-4 | BG3: Chilled water Pump | BH3: Ball Room-1 | BJ3: Cooling Tower consumption | BK3: HVAC% | BL3: Lighting% | BM3: Power% | BO3: Chiller Plant IKW
A4: 1 | B4: 1 | D4: ='1'!D3 -> 26 | E4: ='1'!D4 -> 0.78 | F4: ='1'!D2 -> 0.92 | G4: ='1'!G7 -> 22493.45 | H4: ='1'!G8 -> 22590.8 | I4: 9 | J4: =H4*I4 -> 203317.2 | K4: =H4/202 -> 111.83564 | L4: ='1'!G15 -> 982.4 | M4: 56.2 | N4: =L4*M4 -> 55210.88 | O4: ='1'!G20 -> 303 | P4: 108 | Q4: =O4*P4 -> 32724 | R4: =O4/(F4*202/100) -> 163.04348 | S4: ='1'!G24 -> 0 | T4: 69 | U4: =S4*T4 -> 0 | V4: ='1'!G65 -> 141 | W4: ='1'!G66 -> 10 | X4: ='1'!G67 -> 19 | Y4: =V4+W4+X4 -> 170 | Z4: ='1'!G84 -> 0 | AA4: ='1'!G85 -> 0 | AB4: ='1'!G86 -> 0 | AC4: ='1'!G87 -> 24.11 | AD4: =Z4+AA4+AB4+AC4 -> 24.11 | AE4: =AU4+AV4+BE4+BF4 -> 3381.14 | AF4: =AE4/AD4 -> 140.23808 | AG4: ='1'!G88 -> 0 | AH4: ='1'!G89 -> 9.75 | AI4: ='1'!G90 -> 13.07 | AJ4: =AG4+AH4+AI4 -> 22.82 | AK4: ='1'!G91 -> 10.42 | AL4: ='1'!G92 -> 0 | AN4: =AK4+AL4 -> 10.42 | AO4: ='1'!G74 -> 282.58 | AP4: ='1'!G35 -> 2809.8 | AQ4: ='1'!G37 -> -0.09 | AR4: ='1'!G38 -> 2366.56 | AS4: ='1'!G39 -> 0 | AT4: ='1'!G40 -> 452.03 | AU4: ='1'!G41 -> 0 | AV4: ='1'!G42 -> 0 | AW4: ='1'!G43 -> 0 | AX4: ='1'!G44 -> 0 | AY4: ='1'!G36 -> 961.69 | AZ4: ='1'!G49 -> 393.2 | BA4: ='1'!G51 -> 1051.46 | BB4: ='1'!G52 -> -0.24 | BC4: ='1'!G53 -> 4254.48 | BD4: ='1'!G54 -> 163.44 | BE4: ='1'!G55 -> 0 | BF4: ='1'!G56 -> 3381.14 | BG4: ='1'!G57 -> 2399.44 | BH4: ='1'!G50 -> 1742.12 | BI4: =SUM(AU4,AV4,BE4,BF4) -> 3381.14 | BJ4: ='1'!G133 -> 769 | BK4: =SUM(AP4,AU4,AV4,AW4,AZ4,BE4,BF4,BG4)/H4% -> 39.766542 | BL4: =SUM(AS4,BC4)/H4% -> 18.832799 | BM4: =(AR4+BB4)/H4 -> 0.10474707 | BN4: =J4+N4+Q4+U4 -> 291252.08 | BO4: =SUM(AU4,AV4,AW4,BE4,BF4,BG4,BJ4) -> 6549.58 | BP4: =BO4/(AD4*280) -> 0.97019316 | BQ4: =SUM(AU4,AV4,BE4,BF4)/(AD4*400) -> 0.35059519
A5: 2 | B5: 2 | D5: ='2'!D3 -> 28 | E5: ='2'!D4 -> 0.79 | F5: ='2'!D2 -> 0.46 | G5: ='2'!G7 -> 22101.59 | H5: ='2'!G8 -> 22181.55 | I5: 9 | J5: =H5*I5 -> 199633.95 | K5: =H5/202 -> 109.80965 | L5: ='2'!G15 -> 1119.95 | M5: 56.2 | N5: =L5*M5 -> 62941.19 | O5: ='2'!G20 -> 313 | P5: 108 | Q5: =O5*P5 -> 33804 | R5: =O5/(F5*202/100) -> 336.8489 | S5: ='2'!G24 -> 0 | T5: 69 | U5: =S5*T5 -> 0 | V5: ='2'!F65 -> 468156 | W5: ='2'!G66 -> 20 | X5: ='2'!G67 -> 16 | Y5: =V5+W5+X5 -> 468192 | Z5: ='2'!G84 -> 0 | AA5: ='2'!G85 -> 0 | AB5: ='2'!G86 -> 0 | AC5: ='2'!G87 -> 24.4 | AD5: =Z5+AA5+AB5+AC5 -> 24.4 | AE5: =AU5+AV5+BE5+BF5 -> 3267.04 | AF5: =AE5/AD5 -> 133.89508 | AG5: ='2'!G88 -> 0 | AH5: ='2'!G89 -> 10.14 | AI5: ='2'!G90 -> 12.18 | AJ5: =AG5+AH5+AI5 -> 22.32 | AK5: ='2'!G91 -> 11.14 | AL5: ='2'!G92 -> 0 | AN5: =AK5+AL5 -> 11.14 | AO5: ='2'!G74 -> 291.76 | AP5: ='2'!G35 -> 2799.6 | AQ5: ='2'!G37 -> 0.09 | AR5: ='2'!G38 -> 2471.36 | AS5: ='2'!G39 -> 0 | AT5: ='2'!G40 -> 428.15 | AU5: ='2'!G41 -> 0 | AV5: ='2'!G42 -> 0 | AW5: ='2'!G43 -> 0 | AX5: ='2'!G44 -> 0 | AY5: ='2'!G36 -> 1103.55 | AZ5: ='2'!G49 -> 393.2 | BA5: ='2'!G51 -> 1025.87 | BB5: ='2'!G52 -> 0 | BC5: ='2'!G53 -> 4202.16 | BD5: ='2'!G54 -> 166.43 | BE5: ='2'!G55 -> 0 | BF5: ='2'!G56 -> 3267.04 | BG5: ='2'!G57 -> 2386.32 | BH5: ='2'!G50 -> 1434 | BI5: =SUM(AU5,AV5,BE5,BF5) -> 3267.04 | BJ5: ='2'!G133 -> 735 | BK5: =SUM(AP5,AU5,AV5,AW5,AZ5,BE5,BF5,BG5)/H5% -> 39.880712 | BL5: =SUM(AS5,BC5)/H5% -> 18.944393 | BM5: =(AR5+BB5)/H5 -> 0.11141512 | BN5: =J5+N5+Q5+U5 -> 296379.14 | BO5: =SUM(AU5,AV5,AW5,BE5,BF5,BG5,BJ5) -> 6388.36 | BP5: =BO5/(AD5*280) -> 0.9350644
A6: 3 | B6: 3 | D6: ='3'!D3 -> 28 | E6: ='3'!D4 -> 0.9 | F6: ='3'!D2 -> 0.8 | G6: ='3'!G7 -> 22563.41 | H6: ='3'!G8 -> 22630.65 | I6: 9 | J6: =H6*I6 -> 203675.85 | K6: =H6/202 -> 112.03292 | L6: ='3'!G15 -> 1133.65 | M6: 56.2 | N6: =L6*M6 -> 63711.13 | O6: ='3'!G20 -> 326 | P6: 108 | Q6: =O6*P6 -> 35208 | R6: =O6/(F6*202/100) -> 201.73267 | S6: ='3'!G24 -> 0 | T6: 69 | U6: =S6*T6 -> 0 | V6: ='3'!G65 -> 121 | W6: ='3'!G66 -> 9 | X6: ='3'!G67 -> 32 | Y6: =V6+W6+X6 -> 162 | Z6: ='3'!G84 -> 0 | AA6: ='3'!G85 -> 0 | AB6: ='3'!G86 -> 0 | AC6: ='3'!G87 -> 23.77 | AD6: =Z6+AA6+AB6+AC6 -> 23.77 | AE6: =AU6+AV6+BE6+BF6 -> 3387.9 | AF6: =AE6/AD6 -> 142.5284 | AG6: ='3'!G88 -> 0 | AH6: ='3'!G89 -> 8.91 | AI6: ='3'!G90 -> 11.4 | AJ6: =AG6+AH6+AI6 -> 20.31 | AK6: ='3'!G91 -> 11.057 | AL6: ='3'!G92 -> 0 | AN6: =AK6+AL6 -> 11.057 | AO6: ='3'!G74 -> 287.09 | AP6: ='3'!G35 -> 2840.12 | AQ6: ='3'!G37 -> 0 | AR6: ='3'!G38 -> 2376.8 | AS6: ='3'!G39 -> 0 | AT6: ='3'!G40 -> 395.74 | AU6: ='3'!G41 -> 0 | AV6: ='3'!G42 -> 0.02 | AW6: ='3'!G43 -> 0 | AX6: ='3'!G44 -> 0 | AY6: ='3'!G36 -> 1154.72 | AZ6: ='3'!G49 -> 375.87 | BA6: ='3'!G51 -> 1030.82 | BB6: ='3'!G52 -> -0.01 | BC6: ='3'!G53 -> 4054.8 | BD6: ='3'!G54 -> 162.71 | BE6: ='3'!G55 -> 0 | BF6: ='3'!G56 -> 3387.88 | BG6: ='3'!G57 -> 2408.44 | BH6: ='3'!G50 -> 1803.18 | BI6: =SUM(AU6,AV6,BE6,BF6) -> 3387.9 | BJ6: ='3'!G133 -> 778 | BK6: =SUM(AP6,AU6,AV6,AW6,AZ6,BE6,BF6,BG6)/H6% -> 39.823558 | BL6: =SUM(AS6,BC6)/H6% -> 17.917294 | BM6: =(AR6+BB6)/H6 -> 0.10502526 | BN6: =J6+N6+Q6+U6 -> 302594.98 | BO6: =SUM(AU6,AV6,AW6,BE6,BF6,BG6,BJ6) -> 6574.34 | BP6: =BO6/(AD6*280) -> 0.98779073
A7: 4 | B7: 4 | D7: ='4'!D3 -> 29 | E7: ='4'!D4 -> 0.9 | F7: ='4'!D2 -> 1 | G7: ='4'!G7 -> 23414 | H7: ='4'!G8 -> 23512 | I7: 9 | J7: =H7*I7 -> 211608 | K7: =H7/202 -> 116.39604 | L7: ='4'!G15 -> 1075.7 | M7: 56.2 | N7: =L7*M7 -> 60454.34 | O7: ='4'!G20 -> 269 | P7: 108 | Q7: =O7*P7 -> 29052 | R7: =O7/(F7*202/100) -> 133.16832 | S7: ='4'!G24 -> 0 | T7: 69 | U7: =S7*T7 -> 0 | V7: ='4'!G65 -> 122 | W7: ='4'!G66 -> 9 | X7: ='4'!G67 -> 26 | Y7: =V7+W7+X7 -> 157 | Z7: ='4'!G84 -> 0 | AA7: ='4'!G85 -> 0 | AB7: ='4'!G86 -> 0 | AC7: ='4'!G87 -> 23.51 | AD7: =Z7+AA7+AB7+AC7 -> 23.51 | AE7: =AU7+AV7+BE7+BF7 -> 3975.93 | AF7: =AE7/AD7 -> 169.11655 | AG7: ='4'!G88 -> 0 | AH7: ='4'!G89 -> 10.19 | AI7: ='4'!G90 -> 11.51 | AJ7: =AG7+AH7+AI7 -> 21.7 | AK7: ='4'!G91 -> 11.723 | AL7: ='4'!G92 -> 0 | AN7: =AK7+AL7 -> 11.723 | AO7: ='4'!G74 -> 306.84 | AP7: ='4'!G35 -> 3006.44 | AQ7: ='4'!G37 -> 0 | AR7: ='4'!G38 -> 2388.08 | AS7: ='4'!G39 -> 0 | AT7: ='4'!G40 -> 394.19 | AU7: ='4'!G41 -> 0 | AV7: ='4'!G42 -> -0.09 | AW7: ='4'!G43 -> 0 | AX7: ='4'!G44 -> 0 | AY7: ='4'!G36 -> 1308.44 | AZ7: ='4'!G49 -> 369.09 | BA7: ='4'!G51 -> 1092.73 | BB7: ='4'!G52 -> 0 | BC7: ='4'!G53 -> 4044.24 | BD7: ='4'!G54 -> 167.5 | BE7: ='4'!G55 -> 0 | BF7: ='4'!G56 -> 3976.02 | BG7: ='4'!G57 -> 2485.6 | BH7: ='4'!G50 -> 1479.13 | BI7: =SUM(AU7,AV7,BE7,BF7) -> 3975.93 | BJ7: ='3'!G133 -> 778 | BK7: =SUM(AP7,AU7,AV7,AW7,AZ7,BE7,BF7,BG7)/H7% -> 41.838465 | BL7: =SUM(AS7,BC7)/H7% -> 17.200749 | BM7: =(AR7+BB7)/H7 -> 0.10156856 | BN7: =J7+N7+Q7+U7 -> 301114.34 | BO7: =SUM(AU7,AV7,AW7,BE7,BF7,BG7,BJ7) -> 7239.53 | BP7: =BO7/(AD7*280) -> 1.0997645
A8: 5 | B8: 5 | D8: ='5'!D3 -> 29 | E8: ='5'!D4 -> 0.7 | F8: ='5'!D2 -> 0.67 | G8: ='5'!G7 -> 23778 | H8: ='5'!G8 -> 23970 | I8: 9 | J8: =H8*I8 -> 215730 | K8: =H8/202 -> 118.66337 | L8: ='5'!G15 -> 1103.3 | M8: 56.2 | N8: =L8*M8 -> 62005.46 | O8: ='5'!G20 -> 311 | P8: 108 | Q8: =O8*P8 -> 33588 | R8: =O8/(F8*202/100) -> 229.79164 | S8: ='5'!G24 -> 0 | T8: 69 | U8: =S8*T8 -> 0 | V8: ='5'!G65 -> 128 | W8: ='5'!G66 -> 7 | X8: ='5'!G67 -> 14 | Y8: =V8+W8+X8 -> 149 | Z8: ='5'!G84 -> -0.21 | AA8: ='5'!G85 -> 0 | AB8: ='5'!G86 -> 2.49 | AC8: ='5'!G87 -> 24 | AD8: =Z8+AA8+AB8+AC8 -> 26.28 | AE8: =AU8+AV8+BE8+BF8 -> 4224.85 | AF8: =AE8/AD8 -> 160.76294 | AG8: ='5'!G88 -> 0 | AH8: ='5'!G89 -> 9.31 | AI8: ='5'!G90 -> 11.24 | AJ8: =AG8+AH8+AI8 -> 20.55 | AK8: ='5'!G91 -> 11.52 | AL8: ='5'!G92 -> 0 | AN8: =AK8+AL8 -> 11.52 | AO8: ='5'!G74 -> 302.7 | AP8: ='5'!G35 -> 2852.13 | AQ8: ='5'!G37 -> 0 | AR8: ='5'!G38 -> 2268.81 | AS8: ='5'!G39 -> -0.19 | AT8: ='5'!G40 -> 413.92 | AU8: ='5'!G41 -> 0.41 | AV8: ='5'!G42 -> 0.2 | AW8: ='5'!G43 -> 0 | AX8: ='5'!G44 -> 0 | AY8: ='5'!G36 -> 1200.49 | AZ8: ='5'!G49 -> 328.69 | BA8: ='5'!G51 -> 1082.57 | BB8: ='5'!G52 -> 0.01 | BC8: ='5'!G53 -> 3947.05 | BD8: ='5'!G54 -> 154.76 | BE8: ='5'!G55 -> 432.33 | BF8: ='5'!G56 -> 3791.91 | BG8: ='5'!G57 -> 2443.73 | BH8: ='5'!G50 -> 1596.5 | BI8: =SUM(AU8,AV8,BE8,BF8) -> 4224.85 | BJ8: ='5'!G133 -> 746 | BK8: =SUM(AP8,AU8,AV8,AW8,AZ8,BE8,BF8,BG8)/H8% -> 41.09053 | BL8: =SUM(AS8,BC8)/H8% -> 16.465832 | BM8: =(AR8+BB8)/H8 -> 0.094652482 | BN8: =J8+N8+Q8+U8 -> 311323.46 | BO8: =SUM(AU8,AV8,AW8,BE8,BF8,BG8,BJ8) -> 7414.58 | BP8: =BO8/(AD8*280) -> 1.0076348
A9: 6 | B9: 6 | D9: ='6'!D3 -> 25 | E9: ='6'!D4 -> 0.78 | F9: ='6'!D2 -> 0.58 | G9: ='6'!G7 -> 22604 | H9: ='6'!G8 -> 22796 | I9: 9 | J9: =H9*I9 -> 205164 | K9: =H9/202 -> 112.85149 | L9: ='6'!G15 -> 1119.4 | M9: 56.2 | N9: =L9*M9 -> 62910.28 | O9: ='6'!G20 -> 363 | P9: 108 | Q9: =O9*P9 -> 39204 | R9: =O9/(F9*202/100) -> 309.83271 | S9: ='6'!G24 -> 0 | T9: 69 | U9: =S9*T9 -> 0 | V9: ='6'!G65 -> 153 | W9: ='6'!G66 -> 5 | X9: ='6'!G67 -> 17 | Y9: =V9+W9+X9 -> 175 | Z9: ='6'!G84 -> 0 | AA9: ='6'!G85 -> 0 | AB9: ='6'!G86 -> 0 | AC9: ='6'!G87 -> 24 | AD9: =Z9+AA9+AB9+AC9 -> 24 | AE9: =AU9+AV9+BE9+BF9 -> 3777.7 | AF9: =AE9/AD9 -> 157.40417 | AG9: ='6'!G88 -> 0 | AH9: ='6'!G89 -> 10.9 | AI9: ='6'!G90 -> 14.5 | AJ9: =AG9+AH9+AI9 -> 25.4 | AK9: ='6'!G91 -> 11.17 | AL9: ='6'!G92 -> 0 | AN9: =AK9+AL9 -> 11.17 | AO9: ='6'!G74 -> 291.932 | AP9: ='6'!G35 -> 2725.8 | AQ9: ='6'!G37 -> 0 | AR9: ='6'!G38 -> 2350.95 | AS9: ='6'!G39 -> 0.19 | AT9: ='6'!G40 -> 430.85 | AU9: ='6'!G41 -> -0.41 | AV9: ='6'!G42 -> -0.13 | AW9: ='6'!G43 -> 0 | AX9: ='6'!G44 -> 0 | AY9: ='6'!G36 -> 944.99 | AZ9: ='6'!G49 -> 376.75 | BA9: ='6'!G51 -> 1091.71 | BB9: ='6'!G52 -> 0 | BC9: ='6'!G53 -> 4047.59 | BD9: ='6'!G54 -> 163.94 | BE9: ='6'!G55 -> 0.43 | BF9: ='6'!G56 -> 3777.81 | BG9: ='6'!G57 -> 2370.6 | BH9: ='6'!G50 -> 1360.99 | BI9: =SUM(AU9,AV9,BE9,BF9) -> 3777.7 | BJ9: ='6'!G133 -> 709 | BK9: =SUM(AP9,AU9,AV9,AW9,AZ9,BE9,BF9,BG9)/H9% -> 40.581023 | BL9: =SUM(AS9,BC9)/H9% -> 17.756536 | BM9: =(AR9+BB9)/H9 -> 0.10312994 | BN9: =J9+N9+Q9+U9 -> 307278.28 | BO9: =SUM(AU9,AV9,AW9,BE9,BF9,BG9,BJ9) -> 6857.3 | BP9: =BO9/(AD9*280) -> 1.0204315
A10: 7 | B10: 7 | D10: ='7'!D3 -> 32 | E10: ='7'!D4 -> 0.7 | F10: ='7'!D2 -> 0.75 | G10: ='7'!G7 -> 22378 | H10: ='7'!G8 -> 22420 | I10: 9 | J10: =H10*I10 -> 201780 | K10: =H10/202 -> 110.9901 | L10: ='7'!G15 -> 1104.6 | M10: 56.2 | N10: =L10*M10 -> 62078.52 | O10: ='7'!G20 -> 269 | P10: 108 | Q10: =O10*P10 -> 29052 | R10: =O10/(F10*202/100) -> 177.55776 | S10: ='7'!G24 -> 0 | T10: 69 | U10: =S10*T10 -> 0 | V10: ='7'!G65 -> 125 | W10: ='7'!G66 -> 55455 | X10: ='7'!G67 -> 16 | Y10: =V10+W10+X10 -> 55596 | Z10: ='7'!G84 -> 0 | AA10: ='7'!G85 -> 0 | AB10: ='7'!G86 -> 19.76 | AC10: ='7'!G87 -> 8 | AD10: =Z10+AA10+AB10+AC10 -> 27.76 | AE10: =AU10+AV10+BE10+BF10 -> 3991.22 | AF10: =AE10/AD10 -> 143.77594 | AG10: ='7'!G88 -> 0 | AH10: ='7'!G89 -> 10.07 | AI10: ='7'!G90 -> 14.08 | AJ10: =AG10+AH10+AI10 -> 24.15 | AK10: ='7'!G91 -> 0 | AL10: ='7'!G92 -> 10.17 | AN10: =AK10+AL10 -> 10.17 | AO10: ='7'!G74 -> 270.042 | AP10: ='7'!G35 -> 1954.6 | AQ10: ='7'!G37 -> 0 | AR10: ='7'!G38 -> 2462.48 | AS10: ='7'!G39 -> 0 | AT10: ='7'!G40 -> 408.14 | AU10: ='7'!G41 -> 0 | AV10: ='7'!G42 -> 0 | AW10: ='7'!G43 -> 0 | AX10: ='7'!G44 -> 0 | AY10: ='7'!G36 -> 907.22 | AZ10: ='7'!G49 -> 423.75 | BA10: ='7'!G51 -> 1099.43 | BB10: ='7'!G52 -> 0 | BC10: ='7'!G53 -> 4041.41 | BD10: ='7'!G54 -> 160.98 | BE10: ='7'!G55 -> 3159.76 | BF10: ='7'!G56 -> 831.46 | BG10: ='7'!G57 -> 2477.07 | BH10: ='7'!G50 -> 1309.36 | BI10: =SUM(AU10,AV10,BE10,BF10) -> 3991.22 | BJ10: ='7'!G133 -> 732 | BK10: =SUM(AP10,AU10,AV10,AW10,AZ10,BE10,BF10,BG10)/H10% -> 39.458698 | BL10: =SUM(AS10,BC10)/H10% -> 18.025914 | BM10: =(AR10+BB10)/H10 -> 0.10983408 | BN10: =J10+N10+Q10+U10 -> 292910.52 | BO10: =SUM(AU10,AV10,AW10,BE10,BF10,BG10,BJ10) -> 7200.29 | BP10: =BO10/(AD10*280) -> 0.92634443
A11: 8 | B11: 8 | D11: ='8'!D3 -> 32 | E11: ='8'!D4 -> 0.7 | F11: ='8'!D2 -> 0.49 | G11: ='8'!G7 -> 23760.71 | H11: ='8'!G8 -> 23804.71 | I11: 9 | J11: =H11*I11 -> 214242.39 | K11: =H11/202 -> 117.8451 | L11: ='8'!G15 -> 1148.17 | M11: 56.2 | N11: =L11*M11 -> 64527.154 | O11: ='8'!G20 -> 293 | P11: 108 | Q11: =O11*P11 -> 31644 | R11: =O11/(F11*202/100) -> 296.0194 | S11: ='8'!G24 -> 0 | T11: 69 | U11: =S11*T11 -> 0 | V11: ='8'!G65 -> 129 | W11: ='8'!G66 -> 6 | X11: ='8'!G67 -> 15 | Y11: =V11+W11+X11 -> 150 | Z11: ='8'!G84 -> 0 | AA11: ='8'!G85 -> 0.12 | AB11: ='8'!G86 -> 24.4 | AC11: ='8'!G87 -> 6.5 | AD11: =Z11+AA11+AB11+AC11 -> 31.02 | AE11: =AU11+AV11+BE11+BF11 -> 4345.66 | AF11: =AE11/AD11 -> 140.0922 | AG11: ='8'!G88 -> 0 | AH11: ='8'!G89 -> 10.61 | AI11: ='8'!G90 -> 11.21 | AJ11: =AG11+AH11+AI11 -> 21.82 | AK11: ='8'!G91 -> 0.07 | AL11: ='8'!G92 -> 11.18 | AN11: =AK11+AL11 -> 11.25 | AO11: ='8'!G74 -> 320.726 | AP11: ='8'!G35 -> 3478.75 | AQ11: ='8'!G37 -> 0 | AR11: ='8'!G38 -> 2509.36 | AS11: ='8'!G39 -> 0 | AT11: ='8'!G40 -> 415.96 | AU11: ='8'!G41 -> 0 | AV11: ='8'!G42 -> 0 | AW11: ='8'!G43 -> 0 | AX11: ='8'!G44 -> 0 | AY11: ='8'!G36 -> 1015.08 | AZ11: ='8'!G49 -> 470.25 | BA11: ='8'!G51 -> 1129.94 | BB11: ='8'!G52 -> 0 | BC11: ='8'!G53 -> 4125.79 | BD11: ='8'!G54 -> 164.88 | BE11: ='8'!G55 -> 3633.68 | BF11: ='8'!G56 -> 711.98 | BG11: ='8'!G57 -> 2578.24 | BH11: ='8'!G50 -> 1624.88 | BI11: =SUM(AU11,AV11,BE11,BF11) -> 4345.66 | BJ11: ='8'!G133 -> 786 | BK11: =SUM(AP11,AU11,AV11,AW11,AZ11,BE11,BF11,BG11)/H11% -> 45.675415 | BL11: =SUM(AS11,BC11)/H11% -> 17.331822 | BM11: =(AR11+BB11)/H11 -> 0.10541443 | BN11: =J11+N11+Q11+U11 -> 310413.54 | BO11: =SUM(AU11,AV11,AW11,BE11,BF11,BG11,BJ11) -> 7709.9 | BP11: =BO11/(AD11*280) -> 0.88766464
A12: 9 | B12: 9 | D12: ='9'!D3 -> 32 | E12: ='9'!D4 -> 0.7 | F12: ='9'!D2 -> 0.49 | G12: ='9'!G7 -> 23467.48 | H12: ='9'!G8 -> 23775.84 | I12: 9 | J12: =H12*I12 -> 213982.56 | K12: =H12/202 -> 117.70218 | L12: ='9'!G15 -> 1100.83 | M12: 56.2 | N12: =L12*M12 -> 61866.646 | O12: ='9'!G20 -> 336 | P12: 108 | Q12: =O12*P12 -> 36288 | R12: =O12/(F12*202/100) -> 339.46252 | S12: ='9'!G24 -> 0 | T12: 69 | U12: =S12*T12 -> 0 | V12: ='9'!G65 -> 155 | W12: ='9'!G66 -> 17 | X12: ='9'!G67 -> 21 | Y12: =V12+W12+X12 -> 193 | Z12: ='9'!G84 -> 0.35 | AA12: ='9'!G85 -> 0.08 | AB12: ='9'!G86 -> 20.49 | AC12: ='9'!G87 -> 7.89 | AD12: =Z12+AA12+AB12+AC12 -> 28.81 | AE12: =AU12+AV12+BE12+BF12 -> 3719.72 | AF12: =AE12/AD12 -> 129.11211 | AG12: ='9'!G88 -> 0 | AH12: ='9'!G89 -> 9.73 | AI12: ='9'!G90 -> 10.17 | AJ12: =AG12+AH12+AI12 -> 19.9 | AK12: ='9'!G91 -> 0 | AL12: ='9'!G92 -> 9.53 | AN12: =AK12+AL12 -> 9.53 | AO12: ='9'!G74 -> 311.3 | AP12: ='9'!G35 -> 3015.4 | AQ12: ='9'!G37 -> 0 | AR12: ='9'!G38 -> 2664.8 | AS12: ='9'!G39 -> 0 | AT12: ='9'!G40 -> 462.42 | AU12: ='9'!G41 -> 29.88 | AV12: ='9'!G42 -> 20.16 | AW12: ='9'!G43 -> 0 | AX12: ='9'!G44 -> 0 | AY12: ='9'!G36 -> 1217.34 | AZ12: ='9'!G49 -> 468.88 | BA12: ='9'!G51 -> 1153.43 | BB12: ='9'!G52 -> 0 | BC12: ='9'!G53 -> 4238.16 | BD12: ='9'!G54 -> 164.72 | BE12: ='9'!G55 -> 2710.68 | BF12: ='9'!G56 -> 959 | BG12: ='9'!G57 -> 2540.6 | BH12: ='9'!G50 -> 1680.24 | BI12: =SUM(AU12,AV12,BE12,BF12) -> 3719.72 | BJ12: ='8'!G133 -> 786 | BK12: =SUM(AP12,AU12,AV12,AW12,AZ12,BE12,BF12,BG12)/H12% -> 40.985303 | BL12: =SUM(AS12,BC12)/H12% -> 17.82549 | BM12: =(AR12+BB12)/H12 -> 0.11208016 | BN12: =J12+N12+Q12+U12 -> 312137.21 | BO12: =SUM(AU12,AV12,AW12,BE12,BF12,BG12,BJ12) -> 7046.32 | BP12: =BO12/(AD12*280) -> 0.87349631
A13: 10 | B13: 10 | D13: ='10'!D3 -> 25 | E13: ='10'!D4 -> 0.78 | F13: ='10'!D2 -> 0.91 | G13: ='10'!G7 -> 22564 | H13: ='10'!G8 -> 22630.8 | I13: 9 | J13: =H13*I13 -> 203677.2 | K13: =H13/202 -> 112.03366 | L13: ='10'!G15 -> 1067.45 | M13: 56.2 | N13: =L13*M13 -> 59990.69 | O13: ='10'!G20 -> 325 | P13: 108 | Q13: =O13*P13 -> 35100 | R13: =O13/(F13*202/100) -> 176.80339 | S13: ='10'!G24 -> 0 | T13: 69 | U13: =S13*T13 -> 0 | V13: ='10'!G65 -> 152 | W13: ='10'!G66 -> 9 | X13: ='10'!G67 -> 30 | Y13: =V13+W13+X13 -> 191 | Z13: ='10'!G84 -> -0.35 | AA13: ='10'!G85 -> -0.2 | AB13: ='10'!G86 -> -0.14 | AC13: ='10'!G87 -> 23.61 | AD13: =Z13+AA13+AB13+AC13 -> 22.92 | AE13: =AU13+AV13+BE13+BF13 -> 3216.14 | AF13: =AE13/AD13 -> 140.32024 | AG13: ='10'!G88 -> 0 | AH13: ='10'!G89 -> 9.88 | AI13: ='10'!G90 -> 10.04 | AJ13: =AG13+AH13+AI13 -> 19.92 | AK13: ='10'!G91 -> 11.27 | AL13: ='10'!G92 -> 0 | AN13: =AK13+AL13 -> 11.27 | AO13: ='10'!G74 -> 272.74 | AP13: ='10'!G35 -> 2720.8 | AQ13: ='10'!G37 -> 0 | AR13: ='10'!G38 -> 2586 | AS13: ='10'!G39 -> 0 | AT13: ='10'!G40 -> 430.82 | AU13: ='10'!G41 -> 0 | AV13: ='10'!G42 -> 0 | AW13: ='10'!G43 -> 0 | AX13: ='10'!G44 -> 0 | AY13: ='10'!G36 -> 1092.58 | AZ13: ='10'!G49 -> 457.6 | BA13: ='10'!G51 -> 1099.91 | BB13: ='10'!G52 -> 0 | BC13: ='10'!G53 -> 4085.28 | BD13: ='10'!G54 -> 169.68 | BE13: ='10'!G55 -> 0 | BF13: ='10'!G56 -> 3216.14 | BG13: ='10'!G57 -> 2560.8 | BH13: ='10'!G50 -> 1718.76 | BI13: =SUM(AU13,AV13,BE13,BF13) -> 3216.14 | BJ13: ='8'!G133 -> 786 | BK13: =SUM(AP13,AU13,AV13,AW13,AZ13,BE13,BF13,BG13)/H13% -> 39.571469 | BL13: =SUM(AS13,BC13)/H13% -> 18.051859 | BM13: =(AR13+BB13)/H13 -> 0.11426905 | BN13: =J13+N13+Q13+U13 -> 298767.89 | BO13: =SUM(AU13,AV13,AW13,BE13,BF13,BG13,BJ13) -> 6562.94 | BP13: =BO13/(AD13*280) -> 1.0226471
A14: 11 | B14: 11 | D14: ='11'!D3 -> 31 | E14: ='11'!D4 -> 0.78 | F14: ='11'!D2 -> 0.5 | G14: ='11'!G7 -> 21733.96 | H14: ='11'!G8 -> 21797.04 | I14: 9 | J14: =H14*I14 -> 196173.36 | K14: =H14/202 -> 107.90614 | L14: ='11'!G15 -> 1121.55 | M14: 56.2 | N14: =L14*M14 -> 63031.11 | O14: ='11'!G20 -> 296 | P14: 108 | Q14: =O14*P14 -> 31968 | R14: =O14/(F14*202/100) -> 293.06931 | S14: ='11'!G24 -> 0 | T14: 69 | U14: =S14*T14 -> 0 | V14: ='11'!G65 -> 131 | W14: ='11'!G66 -> 11 | X14: ='11'!G67 -> 18 | Y14: =V14+W14+X14 -> 160 | Z14: ='11'!G84 -> 0 | AA14: ='11'!G85 -> 0 | AB14: ='11'!G86 -> 0 | AC14: ='11'!G87 -> 24.27 | AD14: =Z14+AA14+AB14+AC14 -> 24.27 | AE14: =AU14+AV14+BE14+BF14 -> 3042.66 | AF14: =AE14/AD14 -> 125.36712 | AG14: ='11'!G88 -> 0 | AH14: ='11'!G89 -> 11.35 | AI14: ='11'!G90 -> 12.11 | AJ14: =AG14+AH14+AI14 -> 23.46 | AK14: ='11'!G91 -> 10.09 | AL14: ='11'!G92 -> 0.79 | AN14: =AK14+AL14 -> 10.88 | AO14: ='11'!G74 -> 265.36 | AP14: ='11'!G35 -> 2739.6 | AQ14: ='11'!G37 -> 0 | AR14: ='11'!G38 -> 2507.73 | AS14: ='11'!G39 -> 0 | AT14: ='11'!G40 -> 390.98 | AU14: ='11'!G41 -> 0 | AV14: ='11'!G42 -> 0 | AW14: ='11'!G43 -> 0 | AX14: ='11'!G44 -> 0 | AY14: ='11'!G36 -> 1133.64 | AZ14: ='11'!G49 -> 446.32 | BA14: ='11'!G51 -> 1031.92 | BB14: ='11'!G52 -> 0 | BC14: ='11'!G53 -> 3897.76 | BD14: ='11'!G54 -> 169.46 | BE14: ='11'!G55 -> 0 | BF14: ='11'!G56 -> 3042.66 | BG14: ='11'!G57 -> 2372.64 | BH14: ='11'!G50 -> 1424.2 | BI14: =SUM(AU14,AV14,BE14,BF14) -> 3042.66 | BJ14: ='11'!G133 -> 750 | BK14: =SUM(AP14,AU14,AV14,AW14,AZ14,BE14,BF14,BG14)/H14% -> 39.460496 | BL14: =SUM(AS14,BC14)/H14% -> 17.882061 | BM14: =(AR14+BB14)/H14 -> 0.11504911 | BN14: =J14+N14+Q14+U14 -> 291172.47 | BO14: =SUM(AU14,AV14,AW14,BE14,BF14,BG14,BJ14) -> 6165.3 | BP14: =BO14/(AD14*280) -> 0.90724881
A15: 12 | B15: 12 | D15: ='12'!D3 -> 33 | E15: ='12'!D4 -> 0.81 | F15: ='12'!D2 -> 0.49 | G15: ='12'!G7 -> 22478.85 | H15: ='12'!G8 -> 22425.61 | I15: 9 | J15: =H15*I15 -> 201830.49 | K15: =H15/202 -> 111.01787 | L15: ='12'!G15 -> 1100 | M15: 56.2 | N15: =L15*M15 -> 61820 | O15: ='12'!G20 -> 411 | P15: 108 | Q15: =O15*P15 -> 44388 | R15: =O15/(F15*202/100) -> 415.2354 | S15: ='12'!G24 -> 0 | T15: 69 | U15: =S15*T15 -> 0 | V15: ='12'!G65 -> 123 | W15: ='12'!G66 -> 7 | X15: ='12'!G67 -> 16 | Y15: =V15+W15+X15 -> 146 | Z15: ='12'!G84 -> 0 | AA15: ='12'!G85 -> 0 | AB15: ='12'!G86 -> 0 | AC15: ='12'!G87 -> 24.06 | AD15: =Z15+AA15+AB15+AC15 -> 24.06 | AE15: =AU15+AV15+BE15+BF15 -> 3707.45 | AF15: =AE15/AD15 -> 154.09185 | AG15: ='12'!G88 -> 0 | AH15: ='12'!G89 -> 9.79 | AI15: ='12'!G90 -> 10.69 | AJ15: =AG15+AH15+AI15 -> 20.48 | AK15: ='12'!G91 -> 11.44 | AL15: ='12'!G92 -> 0 | AN15: =AK15+AL15 -> 11.44 | AO15: ='12'!G74 -> 297.9 | AP15: ='12'!G35 -> 2969.05 | AQ15: ='12'!G37 -> 0 | AR15: ='12'!G38 -> 2429.68 | AS15: ='12'!G39 -> -0.19 | AT15: ='12'!G40 -> 395.83 | AU15: ='12'!G41 -> -0.47 | AV15: ='12'!G42 -> -0.03 | AW15: ='12'!G43 -> 0 | AX15: ='12'!G44 -> 0 | AY15: ='12'!G36 -> 1112.15 | AZ15: ='12'!G49 -> 455.45 | BA15: ='12'!G51 -> 1048.66 | BB15: ='12'!G52 -> 0.24 | BC15: ='12'!G53 -> 4086.01 | BD15: ='12'!G54 -> 168.34 | BE15: ='12'!G55 -> 0 | BF15: ='12'!G56 -> 3707.95 | BG15: ='12'!G57 -> 2405.05 | BH15: ='12'!G50 -> 1380.57 | BI15: =SUM(AU15,AV15,BE15,BF15) -> 3707.45 | BJ15: ='12'!G133 -> 720 | BK15: =SUM(AP15,AU15,AV15,AW15,AZ15,BE15,BF15,BG15)/H15% -> 42.527271 | BL15: =SUM(AS15,BC15)/H15% -> 18.219438 | BM15: =(AR15+BB15)/H15 -> 0.10835469 | BN15: =J15+N15+Q15+U15 -> 308038.49 | BO15: =SUM(AU15,AV15,AW15,BE15,BF15,BG15,BJ15) -> 6832.5 | BP15: =BO15/(AD15*280) -> 1.0142056
A16: 13 | B16: 13 | D16: ='13'!D3 -> 33 | E16: ='13'!D4 -> 0.82 | F16: ='13'!D2 -> 0.49 | G16: ='13'!G7 -> 22793 | H16: ='13'!G8 -> 23047 | I16: 9 | J16: =H16*I16 -> 207423 | K16: =H16/202 -> 114.09406 | L16: ='13'!G15 -> 1014 | M16: 56.2 | N16: =L16*M16 -> 56986.8 | O16: ='13'!G20 -> 378 | P16: 108 | Q16: =O16*P16 -> 40824 | R16: =O16/(F16*202/100) -> 381.89533 | S16: ='13'!G24 -> 0 | T16: 69 | U16: =S16*T16 -> 0 | V16: ='13'!G65 -> 125 | W16: ='13'!G66 -> 8 | X16: ='13'!G67 -> 18 | Y16: =V16+W16+X16 -> 151 | Z16: ='13'!G84 -> 0.35 | AA16: ='13'!G85 -> 3.36 | AB16: ='13'!G86 -> 0.14 | AC16: ='13'!G87 -> 20.96 | AD16: =Z16+AA16+AB16+AC16 -> 24.81 | AE16: =AU16+AV16+BE16+BF16 -> 3994.19 | AF16: =AE16/AD16 -> 160.99113 | AG16: ='13'!G88 -> 0 | AH16: ='13'!G89 -> 9.67 | AI16: ='13'!G90 -> 11.2 | AJ16: =AG16+AH16+AI16 -> 20.87 | AK16: ='13'!G91 -> 11.4 | AL16: ='13'!G92 -> 0 | AN16: =AK16+AL16 -> 11.4 | AO16: ='13'!G74 -> 298 | AP16: ='13'!G35 -> 2711 | AQ16: ='13'!G37 -> 0 | AR16: ='13'!G38 -> 2439 | AS16: ='13'!G39 -> 0 | AT16: ='13'!G40 -> 355 | AU16: ='13'!G41 -> 0 | AV16: ='13'!G42 -> 700.19 | AW16: ='13'!G43 -> 0 | AX16: ='13'!G44 -> 0 | AY16: ='13'!G36 -> 1045 | AZ16: ='13'!G49 -> 444.31 | BA16: ='13'!G51 -> 989 | BB16: ='13'!G52 -> 0 | BC16: ='13'!G53 -> 3939 | BD16: ='13'!G54 -> 168 | BE16: ='13'!G55 -> 0 | BF16: ='13'!G56 -> 3294 | BG16: ='13'!G57 -> 2292.15 | BH16: ='13'!G50 -> 1259 | BI16: =SUM(AU16,AV16,BE16,BF16) -> 3994.19 | BJ16: ='13'!G133 -> 727 | BK16: =SUM(AP16,AU16,AV16,AW16,AZ16,BE16,BF16,BG16)/H16% -> 40.966937 | BL16: =SUM(AS16,BC16)/H16% -> 17.091162 | BM16: =(AR16+BB16)/H16 -> 0.10582722 | BN16: =J16+N16+Q16+U16 -> 305233.8 | BO16: =SUM(AU16,AV16,AW16,BE16,BF16,BG16,BJ16) -> 7013.34 | BP16: =BO16/(AD16*280) -> 1.0095785
A17: 14 | B17: 14 | D17: ='14'!D3 -> 29 | E17: ='14'!D4 -> 0.8 | F17: ='14'!D2 -> 0.98 | G17: ='14'!G7 -> 26003 | H17: ='14'!G8 -> 26337 | I17: 9 | J17: =H17*I17 -> 237033 | K17: =H17/202 -> 130.38119 | L17: ='14'!G15 -> 1060 | M17: 56.2 | N17: =L17*M17 -> 59572 | O17: ='14'!G20 -> 377 | P17: 108 | Q17: =O17*P17 -> 40716 | R17: =O17/(F17*202/100) -> 190.44251 | S17: ='14'!G24 -> 0 | T17: 69 | U17: =S17*T17 -> 0 | V17: ='14'!G65 -> 149 | W17: ='14'!G66 -> 13 | X17: ='14'!G67 -> 22 | Y17: =V17+W17+X17 -> 184 | Z17: ='14'!G84 -> 0 | AA17: ='14'!G85 -> 23.99 | AB17: ='14'!G86 -> 0 | AC17: ='14'!G87 -> 13.55 | AD17: =Z17+AA17+AB17+AC17 -> 37.54 | AE17: =AU17+AV17+BE17+BF17 -> 7314.81 | AF17: =AE17/AD17 -> 194.85376 | AG17: ='14'!G88 -> 0 | AH17: ='14'!G89 -> 10 | AI17: ='14'!G90 -> 11 | AJ17: =AG17+AH17+AI17 -> 21 | AK17: ='14'!G91 -> 10.93 | AL17: ='14'!G92 -> 0 | AN17: =AK17+AL17 -> 10.93 | AO17: ='14'!G44 -> 0 | AP17: ='14'!G35 -> 2934 | AQ17: ='14'!G37 -> 0 | AR17: ='14'!G38 -> 2633 | AS17: ='14'!G39 -> 0 | AT17: ='14'!G40 -> 410.71 | AU17: ='14'!G41 -> 0 | AV17: ='14'!G42 -> 5501.81 | AW17: ='14'!G43 -> 0 | AX17: ='14'!G44 -> 0 | AY17: ='14'!G36 -> 1258 | AZ17: ='14'!G49 -> 485.69 | BA17: ='14'!G51 -> 1067 | BB17: ='14'!G52 -> 0 | BC17: ='14'!G53 -> 3636 | BD17: ='14'!G54 -> 223 | BE17: ='14'!G55 -> 0 | BF17: ='14'!G56 -> 1813 | BG17: ='14'!G57 -> 2841.85 | BH17: ='14'!G50 -> 1665 | BI17: =SUM(AU17,AV17,BE17,BF17) -> 7314.81 | BJ17: ='14'!G133 -> 830 | BK17: =SUM(AP17,AU17,AV17,AW17,AZ17,BE17,BF17,BG17)/H17% -> 51.548582 | BL17: =SUM(AS17,BC17)/H17% -> 13.805673 | BM17: =(AR17+BB17)/H17 -> 0.099973421 | BN17: =J17+N17+Q17+U17 -> 337321 | BO17: =SUM(AU17,AV17,AW17,BE17,BF17,BG17,BJ17) -> 10986.66 | BP17: =BO17/(AD17*280) -> 1.0452337
A18: 15 | B18: 15 | D18: ='15'!D3 -> 29 | E18: ='15'!D4 -> 0.78 | F18: ='15'!D2 -> 0.99 | G18: ='15'!G7 -> 24529 | H18: ='15'!G8 -> 24648 | I18: 9 | J18: =H18*I18 -> 221832 | K18: =H18/202 -> 122.0198 | L18: ='15'!G15 -> 1060 | M18: 56.2 | N18: =L18*M18 -> 59572 | O18: ='15'!G20 -> 382 | P18: 108 | Q18: =O18*P18 -> 41256 | R18: =O18/(F18*202/100) -> 191.0191 | S18: ='15'!G24 -> 0 | T18: 69 | U18: =S18*T18 -> 0 | V18: ='15'!G65 -> 142 | W18: ='15'!G66 -> 8 | X18: ='15'!G67 -> 25 | Y18: =V18+W18+X18 -> 175 | Z18: ='15'!G84 -> 2000 | AA18: ='15'!G85 -> 23.72 | AB18: ='15'!G86 -> 0.28 | AC18: ='15'!G87 -> 4.36 | AD18: =Z18+AA18+AB18+AC18 -> 2028.36 | AE18: =AU18+AV18+BE18+BF18 -> 6679.45 | AF18: =AE18/AD18 -> 3.2930298 | AG18: ='15'!G88 -> 0 | AH18: ='15'!G89 -> 9 | AI18: ='15'!G90 -> 11 | AJ18: =AG18+AH18+AI18 -> 20 | AK18: ='15'!G91 -> 11.7 | AL18: ='15'!G92 -> 0 | AN18: =AK18+AL18 -> 11.7 | AO18: ='15'!G74 -> 113 | AP18: ='15'!G35 -> 2603 | AQ18: ='15'!G37 -> 0 | AR18: ='15'!G38 -> 592 | AS18: ='15'!G39 -> 0 | AT18: ='15'!G40 -> 364.29 | AU18: ='15'!G41 -> 0 | AV18: ='15'!G42 -> 5089 | AW18: ='15'!G43 -> 0 | AX18: ='15'!G44 -> 0 | AY18: ='15'!G36 -> 1125 | AZ18: ='15'!G49 -> 489 | BA18: ='15'!G51 -> 1075 | BB18: ='15'!G52 -> -0.24 | BC18: ='15'!G53 -> 4668 | BD18: ='15'!G54 -> 193 | BE18: ='15'!G55 -> 786.45 | BF18: ='15'!G56 -> 804 | BG18: ='15'!G57 -> 4668 | BH18: ='15'!G50 -> 1451 | BI18: =SUM(AU18,AV18,BE18,BF18) -> 6679.45 | BJ18: ='15'!G133 -> 738 | BK18: =SUM(AP18,AU18,AV18,AW18,AZ18,BE18,BF18,BG18)/H18% -> 58.582644 | BL18: =SUM(AS18,BC18)/H18% -> 18.938656 | BM18: =(AR18+BB18)/H18 -> 0.024008439 | BN18: =J18+N18+Q18+U18 -> 322660 | BO18: =SUM(AU18,AV18,AW18,BE18,BF18,BG18,BJ18) -> 12085.45 | BP18: =BO18/(AD18*280) -> 0.021279419
A19: 16 | B19: 16 | D19: ='16'!D3 -> 28 | E19: ='16'!D4 -> 0.79 | F19: ='16'!D2 -> 1 | G19: ='16'!G7 -> 23674 | H19: ='16'!G8 -> 23854 | I19: 9 | J19: =H19*I19 -> 214686 | K19: =H19/202 -> 118.08911 | L19: ='16'!G15 -> 1026 | M19: 56.2 | N19: =L19*M19 -> 57661.2 | O19: ='16'!G20 -> 322 | P19: 108 | Q19: =O19*P19 -> 34776 | R19: =O19/(F19*202/100) -> 159.40594 | S19: ='16'!G24 -> 0 | T19: 69 | U19: =S19*T19 -> 0 | V19: ='16'!G65 -> 149 | W19: ='16'!G66 -> 16 | X19: ='16'!G67 -> 20 | Y19: =V19+W19+X19 -> 185 | Z19: ='16'!G84 -> 0 | AA19: ='16'!G85 -> 22.36 | AB19: ='16'!G86 -> 9.65 | AC19: ='16'!G87 -> 2.03 | AD19: =Z19+AA19+AB19+AC19 -> 34.04 | AE19: =AU19+AV19+BE19+BF19 -> 6364.66 | AF19: =AE19/AD19 -> 186.97591 | AG19: ='16'!G88 -> 0 | AH19: ='16'!G89 -> 10.92 | AI19: ='16'!G90 -> 10.47 | AJ19: =AG19+AH19+AI19 -> 21.39 | AK19: ='16'!G91 -> 11.18 | AL19: ='16'!G92 -> 0 | AN19: =AK19+AL19 -> 11.18 | AO19: ='16'!G74 -> 476 | AP19: ='16'!G35 -> 2791.37 | AQ19: ='16'!G37 -> 0 | AR19: ='16'!G38 -> 0.59 | AS19: ='16'!G39 -> 0.19 | AT19: ='16'!G40 -> 321.13 | AU19: ='16'!G41 -> 0.47 | AV19: ='16'!G42 -> 5415.75 | AW19: ='16'!G43 -> 5085 | AX19: ='16'!G44 -> 0 | AY19: ='16'!G36 -> 1024.79 | AZ19: ='16'!G49 -> 494.75 | BA19: ='16'!G51 -> 1038.43 | BB19: ='16'!G52 -> 0 | BC19: ='16'!G53 -> 4071.27 | BD19: ='16'!G54 -> 167.77 | BE19: ='16'!G55 -> 671.99 | BF19: ='16'!G56 -> 276.45 | BG19: ='16'!G57 -> 0 | BH19: ='16'!G50 -> 1329.27 | BI19: =SUM(AU19,AV19,BE19,BF19) -> 6364.66 | BJ19: ='16'!G133 -> 697 | BK19: =SUM(AP19,AU19,AV19,AW19,AZ19,BE19,BF19,BG19)/H19% -> 61.774881 | BL19: =SUM(AS19,BC19)/H19% -> 17.068249 | BM19: =(AR19+BB19)/H19 -> 2.4733797e-05 | BN19: =J19+N19+Q19+U19 -> 307123.2 | BO19: =SUM(AU19,AV19,AW19,BE19,BF19,BG19,BJ19) -> 12146.66 | BP19: =BO19/(AD19*280) -> 1.2744104
A20: 17 | B20: 17 | D20: ='17'!D3 -> 28 | E20: ='17'!D4 -> 0.79 | F20: ='17'!D2 -> 0.91 | G20: ='17'!G7 -> 25766 | H20: ='17'!G8 -> 25992 | I20: 9 | J20: =H20*I20 -> 233928 | K20: =H20/202 -> 128.67327 | L20: ='17'!G15 -> 1093 | M20: 56.2 | N20: =L20*M20 -> 61426.6 | O20: ='17'!G20 -> 353 | P20: 108 | Q20: =O20*P20 -> 38124 | R20: =O20/(F20*202/100) -> 192.03569 | S20: ='17'!G24 -> 0 | T20: 69 | U20: =S20*T20 -> 0 | V20: ='17'!G65 -> 153 | W20: ='17'!G66 -> 14 | X20: ='17'!G67 -> 33 | Y20: =V20+W20+X20 -> 200 | Z20: ='17'!G84 -> 0 | AA20: ='17'!G85 -> 10.85 | AB20: ='17'!G86 -> 0 | AC20: ='17'!G87 -> 11.17 | AD20: =Z20+AA20+AB20+AC20 -> 22.02 | AE20: =AU20+AV20+BE20+BF20 -> 5853 | AF20: =AE20/AD20 -> 265.80381 | AG20: ='17'!G88 -> 0 | AH20: ='17'!G89 -> 10.22 | AI20: ='17'!G90 -> 11.96 | AJ20: =AG20+AH20+AI20 -> 22.18 | AK20: ='17'!G91 -> 11.12 | AL20: ='17'!G92 -> 0 | AN20: =AK20+AL20 -> 11.12 | AO20: ='17'!G74 -> 299.35 | AP20: ='17'!G35 -> 2604.98 | AQ20: ='17'!G37 -> 0 | AR20: ='17'!G38 -> 0 | AS20: ='17'!G39 -> 0 | AT20: ='17'!G40 -> 604.82 | AU20: ='17'!G41 -> 0.5 | AV20: ='17'!G42 -> 2213.04 | AW20: ='17'!G43 -> 2554.59 | AX20: ='17'!G44 -> 0 | AY20: ='17'!G36 -> 1147.02 | AZ20: ='17'!G49 -> 507.36 | BA20: ='17'!G51 -> 1046.19 | BB20: ='17'!G52 -> 0 | BC20: ='17'!G53 -> 4177.52 | BD20: ='17'!G54 -> 161.64 | BE20: ='17'!G55 -> 2098.32 | BF20: ='17'!G56 -> 1541.14 | BG20: ='17'!G57 -> 0 | BH20: ='17'!G50 -> 1633.64 | BI20: =SUM(AU20,AV20,BE20,BF20) -> 5853 | BJ20: ='17'!G133 -> 818 | BK20: =SUM(AP20,AU20,AV20,AW20,AZ20,BE20,BF20,BG20)/H20% -> 44.32106 | BL20: =SUM(AS20,BC20)/H20% -> 16.07233 | BM20: =(AR20+BB20)/H20 -> 0 | BN20: =J20+N20+Q20+U20 -> 333478.6 | BO20: =SUM(AU20,AV20,AW20,BE20,BF20,BG20,BJ20) -> 9225.59 | BP20: =BO20/(AD20*280) -> 1.4963004
A21: 18 | B21: 18 | D21: ='18 '!D3 -> 29 | E21: ='18 '!D4 -> 0.79 | F21: ='18 '!D2 -> 0.75 | G21: ='18 '!G7 -> 24548 | H21: ='18 '!G8 -> 24731 | I21: 9 | J21: =H21*I21 -> 222579 | K21: =H21/202 -> 122.43069 | L21: ='18 '!G15 -> 1164 | M21: 56.2 | N21: =L21*M21 -> 65416.8 | O21: ='18 '!G20 -> 307 | P21: 108 | Q21: =O21*P21 -> 33156 | R21: =O21/(F21*202/100) -> 202.64026 | S21: ='18 '!G24 -> 0 | T21: 69 | U21: =S21*T21 -> 0 | V21: ='18 '!G65 -> 140 | W21: ='18 '!G66 -> 10 | X21: ='18 '!G67 -> 22 | Y21: =V21+W21+X21 -> 172 | Z21: ='18 '!G84 -> 0 | AA21: ='18 '!G85 -> 0 | AB21: ='18 '!G86 -> 0 | AC21: ='18 '!G87 -> 23.95 | AD21: =Z21+AA21+AB21+AC21 -> 23.95 | AE21: =AU21+AV21+BE21+BF21 -> 4692.33 | AF21: =AE21/AD21 -> 195.92192 | AG21: ='18 '!G88 -> 0 | AH21: ='18 '!G89 -> 11.04 | AI21: ='18 '!G90 -> 11.57 | AJ21: =AG21+AH21+AI21 -> 22.61 | AK21: ='18 '!G91 -> 11.66 | AL21: ='18 '!G92 -> 0 | AN21: =AK21+AL21 -> 11.66 | AO21: ='18 '!G74 -> 292.18 | AP21: ='18 '!G35 -> 2671.4 | AQ21: ='18 '!G37 -> 0 | AR21: ='18 '!G38 -> 0 | AS21: ='18 '!G39 -> 0 | AT21: ='18 '!G40 -> 415.24 | AU21: ='18 '!G41 -> -0.97 | AV21: ='18 '!G42 -> 100 | AW21: ='18 '!G43 -> 2839.48 | AX21: ='18 '!G44 -> 0 | AY21: ='18 '!G36 -> 1445.09 | AZ21: ='18 '!G49 -> 470.08 | BA21: ='18 '!G51 -> 1024.29 | BB21: ='18 '!G52 -> 0 | BC21: ='18 '!G53 -> 4065.21 | BD21: ='18 '!G54 -> 159.89 | BE21: ='18 '!G55 -> 821.8 | BF21: ='18 '!G56 -> 3771.5 | BG21: ='18 '!G57 -> 0 | BH21: ='18 '!G50 -> 1261.09 | BI21: =SUM(AU21,AV21,BE21,BF21) -> 4692.33 | BJ21: ='18 '!G133 -> 831 | BK21: =SUM(AP21,AU21,AV21,AW21,AZ21,BE21,BF21,BG21)/H21% -> 43.157535 | BL21: =SUM(AS21,BC21)/H21% -> 16.43771 | BM21: =(AR21+BB21)/H21 -> 0 | BN21: =J21+N21+Q21+U21 -> 321151.8 | BO21: =SUM(AU21,AV21,AW21,BE21,BF21,BG21,BJ21) -> 8362.81 | BP21: =BO21/(AD21*280) -> 1.2470638
A22: 19 | B22: 19 | D22: ='19'!D3 -> 29 | E22: ='19'!D4 -> 0.79 | F22: ='19'!D2 -> 0.82 | G22: ='19'!G7 -> 22543.23 | H22: ='19'!G8 -> 22617.7 | I22: 9 | J22: =H22*I22 -> 203559.3 | K22: =H22/202 -> 111.96881 | L22: ='19'!G15 -> 1022 | M22: 56.2 | N22: =L22*M22 -> 57436.4 | O22: ='19'!G20 -> 388 | P22: 108 | Q22: =O22*P22 -> 41904 | R22: =O22/(F22*202/100) -> 234.24294 | S22: ='19'!G24 -> 0 | T22: 69 | U22: =S22*T22 -> 0 | V22: ='19'!G65 -> 121 | W22: ='19'!G66 -> 8 | X22: ='19'!G67 -> 19 | Y22: =V22+W22+X22 -> 148 | Z22: ='19'!G84 -> 0 | AA22: ='19'!G85 -> 0 | AB22: ='19'!G86 -> 0 | AC22: ='19'!G87 -> 23.65 | AD22: =Z22+AA22+AB22+AC22 -> 23.65 | AE22: =AU22+AV22+BE22+BF22 -> 3758.08 | AF22: =AE22/AD22 -> 158.90402 | AG22: ='19'!G88 -> 0 | AH22: ='19'!G89 -> 10.31 | AI22: ='19'!G90 -> 10.78 | AJ22: =AG22+AH22+AI22 -> 21.09 | AK22: ='19'!G91 -> 11.48 | AL22: ='19'!G92 -> 0 | AN22: =AK22+AL22 -> 11.48 | AO22: ='19'!G74 -> 298.36 | AP22: ='19'!G35 -> 2784.36 | AQ22: ='19'!G37 -> 0 | AR22: ='19'!G38 -> 0 | AS22: ='19'!G39 -> 0 | AT22: ='19'!G40 -> 412.1 | AU22: ='19'!G41 -> 0.47 | AV22: ='19'!G42 -> 0 | AW22: ='19'!G43 -> 2408.12 | AX22: ='19'!G44 -> 0 | AY22: ='19'!G36 -> 956.6 | AZ22: ='19'!G49 -> 495.21 | BA22: ='19'!G51 -> 1033.45 | BB22: ='19'!G52 -> 0 | BC22: ='19'!G53 -> 4100.43 | BD22: ='19'!G54 -> 162.22 | BE22: ='19'!G55 -> 0 | BF22: ='19'!G56 -> 3757.61 | BG22: ='19'!G57 -> 0 | BH22: ='19'!G50 -> 1329.59 | BI22: =SUM(AU22,AV22,BE22,BF22) -> 3758.08 | BJ22: ='19'!G133 -> 713 | BK22: =SUM(AP22,AU22,AV22,AW22,AZ22,BE22,BF22,BG22)/H22% -> 41.762734 | BL22: =SUM(AS22,BC22)/H22% -> 18.129297 | BM22: =(AR22+BB22)/H22 -> 0 | BN22: =J22+N22+Q22+U22 -> 302899.7 | BO22: =SUM(AU22,AV22,AW22,BE22,BF22,BG22,BJ22) -> 6879.2 | BP22: =BO22/(AD22*280) -> 1.0388402
A23: 20 | B23: 20 | D23: ='20'!D3 -> 26 | E23: ='20'!D4 -> 0.78 | F23: ='20'!D2 -> 0.81 | G23: ='20'!G7 -> 22916.77 | H23: ='20'!G8 -> 23058.3 | I23: 9 | J23: =H23*I23 -> 207524.7 | K23: =H23/202 -> 114.15 | L23: ='20'!G15 -> 1116 | M23: 56.2 | N23: =L23*M23 -> 62719.2 | O23: ='20'!G20 -> 289 | P23: 108 | Q23: =O23*P23 -> 31212 | R23: =O23/(F23*202/100) -> 176.62877 | S23: ='20'!G24 -> 0 | T23: 69 | U23: =S23*T23 -> 0 | V23: ='20'!G65 -> 140 | W23: ='20'!G66 -> 12 | X23: ='20'!G67 -> 22 | Y23: =V23+W23+X23 -> 174 | Z23: ='20'!G84 -> 0 | AA23: ='20'!G85 -> -0.28 | AB23: ='20'!G86 -> 2 | AC23: ='20'!G87 -> 24 | AD23: =Z23+AA23+AB23+AC23 -> 25.72 | AE23: =AU23+AV23+BE23+BF23 -> 3723.72 | AF23: =AE23/AD23 -> 144.77916 | AG23: ='20'!G88 -> 1.2 | AH23: ='20'!G89 -> 10.51 | AI23: ='20'!G90 -> 12.22 | AJ23: =AG23+AH23+AI23 -> 23.93 | AK23: ='20'!G91 -> 10.86 | AL23: ='20'!G92 -> 0 | AN23: =AK23+AL23 -> 10.86 | AO23: ='20'!G74 -> 286.11 | AP23: ='20'!G35 -> 2774.89 | AQ23: ='20'!G37 -> 0 | AR23: ='20'!G38 -> 0 | AS23: ='20'!G39 -> -0.19 | AT23: ='20'!G40 -> 415.71 | AU23: ='20'!G41 -> -0.47 | AV23: ='20'!G42 -> 0 | AW23: ='20'!G43 -> 2528.81 | AX23: ='20'!G44 -> 0 | AY23: ='20'!G36 -> 796.5 | AZ23: ='20'!G49 -> 497.19 | BA23: ='20'!G51 -> 1016.64 | BB23: ='20'!G52 -> 0 | BC23: ='20'!G588 -> 0 | BD23: ='20'!G54 -> 100.48 | BE23: ='20'!G55 -> 465.89 | BF23: ='20'!G56 -> 3258.3 | BG23: ='20'!G57 -> 0 | BH23: ='20'!G50 -> 1771.41 | BI23: =SUM(AU23,AV23,BE23,BF23) -> 3723.72 | BJ23: ='20'!G133 -> 718 | BK23: =SUM(AP23,AU23,AV23,AW23,AZ23,BE23,BF23,BG23)/H23% -> 41.306644 | BL23: =SUM(AS23,BC23)/H23% -> -0.0008239983 | BM23: =(AR23+BB23)/H23 -> 0 | BN23: =J23+N23+Q23+U23 -> 301455.9 | BO23: =SUM(AU23,AV23,AW23,BE23,BF23,BG23,BJ23) -> 6970.53 | BP23: =BO23/(AD23*280) -> 0.96791407
A24: 21 | B24: 21 | D24: 21 | E24: ='21'!D4 -> 0.78 | F24: ='21'!D2 -> 0.83 | G24: ='21'!G7 -> 21875 | H24: ='21'!G8 -> 22002 | I24: 9 | J24: =H24*I24 -> 198018 | K24: =H24/202 -> 108.92079 | L24: ='21'!G15 -> 1103 | M24: 56.2 | N24: =L24*M24 -> 61988.6 | O24: ='21'!G20 -> 360 | P24: 108 | Q24: =O24*P24 -> 38880 | R24: =O24/(F24*202/100) -> 214.72027 | S24: ='21'!G24 -> 0 | T24: 69 | U24: =S24*T24 -> 0 | V24: ='21'!G65 -> 128 | W24: ='21'!G66 -> 8 | X24: ='21'!G67 -> 21 | Y24: =V24+W24+X24 -> 157 | Z24: ='21'!G84 -> 2.65 | AA24: ='21'!G85 -> 0 | AB24: ='21'!G86 -> 1 | AC24: ='21'!G87 -> 24 | AD24: =Z24+AA24+AB24+AC24 -> 27.65 | AE24: =AU24+AV24+BE24+BF24 -> 3921 | AF24: =AE24/AD24 -> 141.80832 | AG24: ='21'!G88 -> 9.59 | AH24: ='21'!G89 -> 2.5 | AI24: ='21'!G90 -> 8 | AJ24: =AG24+AH24+AI24 -> 20.09 | AK24: ='21'!G91 -> 11 | AL24: ='21'!G92 -> 0 | AN24: =AK24+AL24 -> 11 | AO24: ='21'!G74 -> 290 | AP24: ='21'!G35 -> 2793 | AQ24: ='21'!G37 -> 870.31 | AR24: ='21'!G38 -> 1247.41 | AS24: ='21'!G39 -> 1303 | AT24: ='21'!G40 -> 424 | AU24: ='21'!G41 -> 581 | AV24: ='21'!G42 -> 0 | AW24: ='21'!G43 -> 0 | AX24: ='21'!G44 -> 0 | AY24: ='21'!G36 -> 863 | AZ24: ='21'!G49 -> 414.41 | BA24: ='21'!G51 -> 485 | BB24: ='21'!G52 -> 0 | BC24: ='21'!G53 -> 2095 | BD24: ='21'!G54 -> 89 | BE24: ='21'!G55 -> 70 | BF24: ='21'!G56 -> 3270 | BG24: ='21'!G57 -> 2438 | BH24: ='21'!G50 -> 1174 | BI24: =SUM(AU24,AV24,BE24,BF24) -> 3921 | BJ24: ='21'!G133 -> 788 | BK24: =SUM(AP24,AU24,AV24,AW24,AZ24,BE24,BF24,BG24)/H24% -> 43.479729 | BL24: =SUM(AS24,BC24)/H24% -> 15.444051 | BM24: =(AR24+BB24)/H24 -> 0.0566953 | BN24: =J24+N24+Q24+U24 -> 298886.6 | BO24: =SUM(AU24,AV24,AW24,BE24,BF24,BG24,BJ24) -> 7147 | BP24: =BO24/(AD24*280) -> 0.92314647
A25: 22 | B25: 22 | D25: ='22'!D3 -> 26 | E25: ='22'!D4 -> 0.78 | F25: ='22'!D2 -> 0.72 | G25: ='22'!G7 -> 22447 | H25: ='22'!G8 -> 22635 | I25: 9 | J25: =H25*I25 -> 203715 | K25: =H25/202 -> 112.05446 | L25: ='22'!G15 -> 1107 | M25: 56.2 | N25: =L25*M25 -> 62213.4 | O25: ='22'!G20 -> 279 | P25: 108 | Q25: =O25*P25 -> 30132 | R25: =O25/(F25*202/100) -> 191.83168 | S25: ='22'!G24 -> 0 | T25: 69 | U25: =S25*T25 -> 0 | V25: ='22'!G65 -> 121 | W25: ='22'!G66 -> 18 | X25: ='22'!G67 -> 23 | Y25: =V25+W25+X25 -> 162 | Z25: ='22'!G84 -> 3 | AA25: ='22'!G85 -> 0 | AB25: ='22'!G86 -> 0 | AC25: ='22'!G87 -> 24 | AD25: =Z25+AA25+AB25+AC25 -> 27 | AE25: =AU25+AV25+BE25+BF25 -> 3700 | AF25: =AE25/AD25 -> 137.03704 | AG25: ='22'!G88 -> 10.89 | AH25: ='22'!G89 -> 0.5 | AI25: ='22'!G90 -> 10 | AJ25: =AG25+AH25+AI25 -> 21.39 | AK25: ='22'!G91 -> 11.57 | AL25: ='22'!G92 -> 0 | AN25: =AK25+AL25 -> 11.57 | AO25: ='22'!G74 -> 295 | AP25: ='22'!G35 -> 2725 | AQ25: ='22'!G37 -> 1505 | AR25: ='22'!G38 -> 2573 | AS25: ='22'!G39 -> 2823 | AT25: ='22'!G40 -> 431 | AU25: ='22'!G41 -> 434 | AV25: ='22'!G42 -> 0 | AW25: ='22'!G43 -> 0 | AX25: ='22'!G44 -> 0 | AY25: ='22'!G36 -> 1016 | AZ25: ='22'!G49 -> 345 | BA25: ='22'!G51 -> 0 | BB25: ='22'!G52 -> 0 | BC25: ='22'!G53 -> 0 | BD25: ='22'!G54 -> 321 | BE25: ='22'!G55 -> 0 | BF25: ='22'!G56 -> 3266 | BG25: ='22'!G57 -> 2564 | BH25: ='22'!G50 -> 1260 | BI25: =SUM(AU25,AV25,BE25,BF25) -> 3700 | BJ25: ='22'!G133 -> 773 | BK25: =SUM(AP25,AU25,AV25,AW25,AZ25,BE25,BF25,BG25)/H25% -> 41.237022 | BL25: =SUM(AS25,BC25)/H25% -> 12.471836 | BM25: =(AR25+BB25)/H25 -> 0.11367351 | BN25: =J25+N25+Q25+U25 -> 296060.4 | BO25: =SUM(AU25,AV25,AW25,BE25,BF25,BG25,BJ25) -> 7037 | BP25: =BO25/(AD25*280) -> 0.93082011
A26: 23 | B26: 23 | D26: ='23'!D3 -> 29 | E26: ='23'!D4 -> 0.79 | F26: ='23'!D2 -> 0.78 | G26: ='23'!G7 -> 20579 | H26: ='23'!G8 -> 20700 | I26: 9 | J26: =H26*I26 -> 186300 | K26: =H26/202 -> 102.47525 | L26: ='23'!G15 -> 1104 | M26: 56.2 | N26: =L26*M26 -> 62044.8 | O26: ='23'!G20 -> 258 | P26: 108 | Q26: =O26*P26 -> 27864 | R26: =O26/(F26*202/100) -> 163.74714 | S26: ='23'!G24 -> 0 | T26: 69 | U26: =S26*T26 -> 0 | V26: ='23'!G65 -> 111 | W26: ='23'!G66 -> 9 | X26: ='23'!G67 -> 24 | Y26: =V26+W26+X26 -> 144 | Z26: ='23'!G84 -> 0 | AA26: ='23'!G85 -> 0 | AB26: ='23'!G86 -> 0 | AC26: ='23'!G87 -> 24 | AD26: =Z26+AA26+AB26+AC26 -> 24 | AE26: =AU26+AV26+BE26+BF26 -> 3018.63 | AF26: =AE26/AD26 -> 125.77625 | AG26: ='23'!G88 -> 7.52 | AH26: ='23'!G89 -> 4 | AI26: ='23'!G90 -> 11 | AJ26: =AG26+AH26+AI26 -> 22.52 | AK26: ='23'!G91 -> 11.43 | AL26: ='23'!G92 -> 0 | AN26: =AK26+AL26 -> 11.43 | AO26: ='23'!G74 -> 297 | AP26: ='23'!G35 -> 2672 | AQ26: ='23'!G37 -> 1455 | AR26: ='23'!G38 -> 2361 | AS26: ='23'!G39 -> 2721 | AT26: ='23'!G40 -> 424 | AU26: ='23'!G41 -> 0 | AV26: ='23'!G42 -> 0 | AW26: ='23'!G43 -> 0 | AX26: ='23'!G44 -> 0 | AY26: ='23'!G36 -> 794 | AZ26: ='23'!G49 -> 347 | BA26: ='23'!G51 -> 0 | BB26: ='23'!G52 -> 0 | BC26: ='23'!G53 -> 0 | BD26: ='23'!G54 -> 349 | BE26: ='23'!G55 -> -0.37 | BF26: ='23'!G56 -> 3019 | BG26: ='23'!G57 -> 2563 | BH26: ='23'!G50 -> 1163 | BI26: =SUM(AU26,AV26,BE26,BF26) -> 3018.63 | BJ26: ='23'!G133 -> 732 | BK26: =SUM(AP26,AU26,AV26,AW26,AZ26,BE26,BF26,BG26)/H26% -> 41.548937 | BL26: =SUM(AS26,BC26)/H26% -> 13.144928 | BM26: =(AR26+BB26)/H26 -> 0.11405797 | BN26: =J26+N26+Q26+U26 -> 276208.8 | BO26: =SUM(AU26,AV26,AW26,BE26,BF26,BG26,BJ26) -> 6313.63 | BP26: =BO26/(AD26*280) -> 0.93952827
A27: 24 | B27: 24 | D27: ='24'!D3 -> 29 | E27: ='24'!D4 -> 0.79 | F27: ='24'!D2 -> 0.41 | G27: ='24'!G7 -> 20533.354 | H27: ='24'!G8 -> 20649 | I27: 9 | J27: =H27*I27 -> 185841 | K27: =H27/202 -> 102.22277 | L27: ='24'!G15 -> 1128 | M27: 56.2 | N27: =L27*M27 -> 63393.6 | O27: ='24'!G20 -> 277 | P27: 108 | Q27: =O27*P27 -> 29916 | R27: =O27/(F27*202/100) -> 334.46028 | S27: ='24'!G24 -> 0 | T27: 69 | U27: =S27*T27 -> 0 | V27: ='24'!G65 -> 124 | W27: ='24'!G66 -> 16 | X27: ='24'!G67 -> 29 | Y27: =V27+W27+X27 -> 169 | Z27: ='24'!G84 -> 0 | AA27: ='24'!G85 -> 0 | AB27: ='24'!G86 -> 0 | AC27: ='24'!G87 -> 24.42 | AD27: =Z27+AA27+AB27+AC27 -> 24.42 | AE27: =AU27+AV27+BE27+BF27 -> 2892.39 | AF27: =AE27/AD27 -> 118.44349 | AG27: ='24'!G88 -> 9 | AH27: ='24'!G89 -> 1.67 | AI27: ='24'!G90 -> 14.15 | AJ27: =AG27+AH27+AI27 -> 24.82 | AK27: ='24'!G91 -> 11.24 | AL27: ='24'!G92 -> 0 | AN27: =AK27+AL27 -> 11.24 | AO27: ='24'!G74 -> 296 | AP27: ='24'!G35 -> 2594.31 | AQ27: ='24'!G37 -> 1476.51 | AR27: ='24'!G38 -> 2452.35 | AS27: ='24'!G39 -> 2730.99 | AT27: ='24'!G40 -> 398.71 | AU27: ='24'!G41 -> 0.51 | AV27: ='24'!G42 -> 0.79 | AW27: ='24'!G43 -> 0 | AX27: ='24'!G44 -> 0 | AY27: ='24'!G36 -> 731.63 | AZ27: ='24'!G49 -> 349.99 | BA27: ='24'!G51 -> 0.44 | BB27: ='24'!G52 -> 0 | BC27: ='24'!G53 -> 0.03 | BD27: ='24'!G54 -> 359.9 | BE27: ='24'!G55 -> 0 | BF27: ='24'!G56 -> 2891.09 | BG27: ='24'!G57 -> 2087.03 | BH27: ='24'!G50 -> 1346.91 | BI27: =SUM(AU27,AV27,BE27,BF27) -> 2892.39 | BJ27: ='24'!G133 -> 642 | BK27: =SUM(AP27,AU27,AV27,AW27,AZ27,BE27,BF27,BG27)/H27% -> 38.373384 | BL27: =SUM(AS27,BC27)/H27% -> 13.225919 | BM27: =(AR27+BB27)/H27 -> 0.11876362 | BN27: =J27+N27+Q27+U27 -> 279150.6 | BO27: =SUM(AU27,AV27,AW27,BE27,BF27,BG27,BJ27) -> 5621.42 | BP27: =BO27/(AD27*280) -> 0.8221335
A28: 25 | B28: 25 | D28: ='25'!D3 -> 28 | E28: ='25'!D4 -> 0.79 | F28: ='25'!D2 -> 0.3861 | G28: ='25'!G7 -> 21367.676 | H28: ='25'!G8 -> 21475 | I28: 9 | J28: =H28*I28 -> 193275 | K28: =H28/202 -> 106.31188 | L28: ='25'!G15 -> 1127.8 | M28: 56.2 | N28: =L28*M28 -> 63382.36 | O28: ='25'!G20 -> 279 | P28: 108 | Q28: =O28*P28 -> 30132 | R28: =O28/(F28*202/100) -> 357.72808 | S28: ='25'!G24 -> 0 | T28: 69 | U28: =S28*T28 -> 0 | V28: ='25'!G65 -> 136 | W28: ='25'!G66 -> 13 | X28: ='25'!G67 -> 26 | Y28: =V28+W28+X28 -> 175 | Z28: ='25'!G84 -> 0 | AA28: ='25'!G85 -> 21.2 | AB28: ='25'!G86 -> 0 | AC28: ='25'!G87 -> 5.88 | AD28: =Z28+AA28+AB28+AC28 -> 27.08 | AE28: =AU28+AV28+BE28+BF28 -> 631.8 | AF28: =AE28/AD28 -> 23.330871 | AG28: ='25'!G88 -> 10 | AH28: ='25'!G89 -> 1.33 | AI28: ='25'!G90 -> 10.85 | AJ28: =AG28+AH28+AI28 -> 22.18 | AK28: ='25'!G91 -> 11.36 | AL28: ='25'!G92 -> 0 | AN28: =AK28+AL28 -> 11.36 | AO28: ='25'!G74 -> 299 | AP28: ='25'!G35 -> 2603.69 | AQ28: ='25'!G37 -> 1461.49 | AR28: ='25'!G38 -> 2575.65 | AS28: ='25'!G39 -> 2670.01 | AT28: ='25'!G40 -> 455.29 | AU28: ='25'!G41 -> -0.01 | AW28: ='25'!G43 -> 0 | AX28: ='25'!G44 -> 0 | AY28: ='25'!G36 -> 771.37 | AZ28: ='25'!G49 -> 342 | BA28: ='25'!G51 -> -0.44 | BB28: ='25'!G52 -> 0 | BC28: ='25'!G53 -> -0.03 | BD28: ='24'!G54 -> 359.9 | BE28: ='25'!G55 -> 0 | BF28: ='25'!G56 -> 631.81 | BG28: ='25'!G57 -> 2749.87 | BH28: ='25'!G50 -> 1417.39 | BI28: =SUM(AU28,AV28,BE28,BF28) -> 631.8 | BJ28: ='25'!G133 -> 550 | BK28: =SUM(AP28,AU28,AV28,AW28,AZ28,BE28,BF28,BG28)/H28% -> 29.463842 | BL28: =SUM(AS28,BC28)/H28% -> 12.432969 | BM28: =(AR28+BB28)/H28 -> 0.11993714 | BN28: =J28+N28+Q28+U28 -> 286789.36 | BO28: =SUM(AU28,AV28,AW28,BE28,BF28,BG28,BJ28) -> 3931.67 | BP28: =BO28/(AD28*280) -> 0.5185258
A29: 26 | B29: 26 | D29: ='26'!D3 -> 28 | E29: ='26'!D4 -> 0.79 | F29: ='26'!D2 -> 1 | G29: ='26'!G7 -> 20195.68 | H29: ='26'!G8 -> 20198 | I29: 9 | J29: =H29*I29 -> 181782 | K29: =H29/202 -> 99.990099 | L29: ='26'!G15 -> 1135.99 | M29: 56.2 | N29: =L29*M29 -> 63842.638 | O29: ='26'!G20 -> 291 | P29: 108 | Q29: =O29*P29 -> 31428 | R29: =O29/(F29*202/100) -> 144.05941 | S29: ='26'!G24 -> 0 | T29: 69 | U29: =S29*T29 -> 0 | V29: ='26'!G65 -> 165 | W29: ='26'!G66 -> 15 | X29: ='26'!G67 -> 23 | Y29: =V29+W29+X29 -> 203 | Z29: ='26'!G84 -> 0 | AA29: ='26'!G85 -> 23.36 | AB29: ='26'!G86 -> 0.08 | AC29: ='26'!G87 -> 0.06 | AD29: =Z29+AA29+AB29+AC29 -> 23.5 | AE29: =AU29+AV29+BE29+BF29 -> 3943.28 | AF29: =AE29/AD29 -> 167.79915 | AG29: ='26'!G88 -> 10.71 | AH29: ='26'!G89 -> 5 | AI29: ='26'!G90 -> 6 | AJ29: =AG29+AH29+AI29 -> 21.71 | AK29: ='26'!G91 -> 10.4 | AL29: ='26'!G92 -> 0 | AN29: =AK29+AL29 -> 10.4 | AO29: ='26'!G74 -> 221 | AP29: ='26'!G35 -> 2549.71 | AQ29: ='26'!G37 -> 1374 | AR29: ='26'!G38 -> 2377.79 | AS29: ='26'!G39 -> 2707.79 | AT29: ='26'!G40 -> 436.05 | AU29: ='26'!G41 -> 0 | AV29: ='26'!G42 -> 3943.23 | AW29: ='26'!G43 -> 0 | AX29: ='26'!G44 -> 0 | AY29: ='26'!G36 -> 666.67 | AZ29: ='26'!G49 -> 333.28 | BA29: ='26'!G51 -> 0 | BB29: ='26'!G52 -> 0.24 | BC29: ='26'!G53 -> 0.03 | BD29: ='26'!G54 -> 354 | BE29: ='26'!G55 -> 0 | BF29: ='26'!G56 -> 0.05 | BG29: ='26'!G57 -> 2584.53 | BH29: ='26'!G50 -> 1151.69 | BI29: =SUM(AU29,AV29,BE29,BF29) -> 3943.28 | BJ29: ='26'!G133 -> 1335 | BK29: =SUM(AP29,AU29,AV29,AW29,AZ29,BE29,BF29,BG29)/H29% -> 46.592732 | BL29: =SUM(AS29,BC29)/H29% -> 13.406377 | BM29: =(AR29+BB29)/H29 -> 0.11773591 | BN29: =J29+N29+Q29+U29 -> 277052.64 | BO29: =SUM(AU29,AV29,AW29,BE29,BF29,BG29,BJ29) -> 7862.81 | BP29: =BO29/(AD29*280) -> 1.1949559
A30: 27 | B30: 27 | D30: ='27'!D3 -> 32 | E30: ='27'!D4 -> 0.76 | F30: ='27'!D2 -> 0.76 | G30: ='27'!G7 -> 20583.6 | H30: ='27'!G8 -> 20797.9 | I30: 9 | J30: =H30*I30 -> 187181.1 | K30: =H30/202 -> 102.9599 | L30: ='27'!G15 -> 1195.36 | M30: 56.2 | N30: =L30*M30 -> 67179.232 | O30: ='27'!G20 -> 342 | P30: 108 | Q30: =O30*P30 -> 36936 | R30: =O30/(F30*202/100) -> 222.77228 | S30: ='27'!G24 -> 0 | T30: 69 | U30: =S30*T30 -> 0 | V30: ='27'!G65 -> 183 | W30: ='27'!G66 -> 18 | X30: ='27'!G67 -> 20 | Y30: =V30+W30+X30 -> 221 | Z30: ='27'!G84 -> 0 | AA30: ='27'!G85 -> 23.44 | AB30: ='27'!G86 -> -0.08 | AC30: ='27'!G87 -> -0.36 | AD30: =Z30+AA30+AB30+AC30 -> 23 | AE30: =AU30+AV30+BE30+BF30 -> 4580.34 | AF30: =AE30/AD30 -> 199.14522 | AG30: ='27'!G88 -> 11.29 | AH30: ='27'!G89 -> 5 | AI30: ='27'!G90 -> 6 | AJ30: =AG30+AH30+AI30 -> 22.29 | AK30: ='27'!G91 -> 0 | AL30: ='27'!G92 -> 6.33 | AN30: =AK30+AL30 -> 6.33 | AO30: ='27'!G74 -> 213 | AP30: ='27'!G35 -> 2606.96 | AQ30: ='27'!G37 -> 1445 | AR30: ='27'!G38 -> 2563.2 | AS30: ='27'!G39 -> 2738.24 | AT30: ='27'!G40 -> 308.92 | AU30: ='27'!G41 -> 0 | AV30: ='27'!G42 -> 4580.32 | AW30: ='27'!G43 -> 0 | AX30: ='27'!G44 -> 0 | AY30: ='27'!G36 -> 774.33 | AZ30: ='27'!G49 -> 354.48 | BA30: ='27'!G51 -> 0.44 | BB30: ='27'!G52 -> 0 | BC30: ='27'!G53 -> 0 | BD30: ='27'!G54 -> 373.16 | BE30: ='27'!G55 -> 0 | BF30: ='27'!G56 -> 0.02 | BG30: ='27'!G57 -> 2773.57 | BH30: ='27'!G50 -> 1151.32 | BI30: =SUM(AU30,AV30,BE30,BF30) -> 4580.34 | BJ30: ='27'!G133 -> 0 | BK30: =SUM(AP30,AU30,AV30,AW30,AZ30,BE30,BF30,BG30)/H30% -> 49.598036 | BL30: =SUM(AS30,BC30)/H30% -> 13.165945 | BM30: =(AR30+BB30)/H30 -> 0.12324321 | BN30: =J30+N30+Q30+U30 -> 291296.33 | BO30: =SUM(AU30,AV30,AW30,BE30,BF30,BG30,BJ30) -> 7353.91 | BP30: =BO30/(AD30*280) -> 1.1419115
A31: 28 | B31: 28 | D31: ='28'!D3 -> 32 | E31: ='28'!D4 -> 0.7 | F31: ='28'!D2 -> 0.8 | G31: ='28'!G7 -> 22059.6 | H31: ='28'!G8 -> 22210.61 | I31: 9 | J31: =H31*I31 -> 199895.49 | K31: =H31/202 -> 109.95351 | L31: ='28'!G15 -> 1167.57 | M31: 56.2 | N31: =L31*M31 -> 65617.434 | O31: ='28'!G20 -> 308 | P31: 108 | Q31: =O31*P31 -> 33264 | R31: =O31/(F31*202/100) -> 190.59406 | S31: ='28'!G24 -> 0 | T31: 69 | U31: =S31*T31 -> 0 | V31: ='28'!G65 -> 42 | W31: ='28'!G66 -> 8 | X31: ='28'!G67 -> 44 | Y31: =V31+W31+X31 -> 94 | Z31: ='28'!G84 -> 0 | AA31: ='28'!G85 -> 24 | AB31: ='28'!G86 -> 0 | AC31: ='28'!G87 -> 6.45 | AD31: =Z31+AA31+AB31+AC31 -> 30.45 | AE31: =AU31+AV31+BE31+BF31 -> 4973.48 | AF31: =AE31/AD31 -> 163.33268 | AG31: ='28'!G88 -> 7.47 | AH31: ='28'!G89 -> 4.3 | AI31: ='28'!G90 -> 16.97 | AJ31: =AG31+AH31+AI31 -> 28.74 | AK31: ='28'!G91 -> 0 | AL31: ='28'!G92 -> 8.07 | AN31: =AK31+AL31 -> 8.07 | AO31: ='28'!G74 -> 205 | AP31: ='28'!G35 -> 2541.33 | AQ31: ='28'!G37 -> 1410 | AR31: ='28'!G38 -> 2515.01 | AS31: ='28'!G39 -> 2685.97 | AT31: ='28'!G40 -> 386.03 | AU31: ='28'!G41 -> 0 | AV31: ='28'!G42 -> 4238.45 | AW31: ='28'!G43 -> 0 | AX31: ='28'!G44 -> 0 | AY31: ='28'!G36 -> 1102 | AZ31: ='28'!G49 -> 313.25 | BA31: ='28'!G51 -> -0.44 | BB31: ='28'!G52 -> 0 | BC31: ='28'!G53 -> -0.03 | BD31: ='28'!G54 -> 336.2 | BE31: ='28'!G55 -> 0 | BF31: ='28'!G56 -> 735.03 | BG31: ='28'!G57 -> 2592 | BH31: ='28'!G50 -> 1360.69 | BI31: =SUM(AU31,AV31,BE31,BF31) -> 4973.48 | BJ31: ='28'!G133 -> 700 | BK31: =SUM(AP31,AU31,AV31,AW31,AZ31,BE31,BF31,BG31)/H31% -> 46.914785 | BL31: =SUM(AS31,BC31)/H31% -> 12.093049 | BM31: =(AR31+BB31)/H31 -> 0.11323462 | BN31: =J31+N31+Q31+U31 -> 298776.92 | BO31: =SUM(AU31,AV31,AW31,BE31,BF31,BG31,BJ31) -> 8265.48 | BP31: =BO31/(AD31*280) -> 0.96944405
A32: 29 | B32: 29 | D32: ='29'!D3 -> 27 | E32: ='29'!D4 -> 0.79 | F32: ='29'!D2 -> 1 | G32: ='29'!G7 -> 23062.47 | H32: ='29'!G8 -> 23237.49 | I32: 9 | J32: =H32*I32 -> 209137.41 | K32: =H32/202 -> 115.03708 | L32: ='29'!G15 -> 1254.99 | M32: 56.2 | N32: =L32*M32 -> 70530.438 | O32: ='29'!G20 -> 268 | P32: 108 | Q32: =O32*P32 -> 28944 | R32: =O32/(F32*202/100) -> 132.67327 | S32: ='29'!G24 -> 0 | T32: 69 | U32: =S32*T32 -> 0 | V32: ='29'!G65 -> 139 | W32: ='29'!G66 -> 14 | X32: ='29'!G67 -> 26 | Y32: =V32+W32+X32 -> 179 | Z32: ='29'!G84 -> 0 | AA32: ='29'!G85 -> 24.54 | AB32: ='29'!G86 -> 0 | AC32: ='29'!G87 -> 2.81 | AD32: =Z32+AA32+AB32+AC32 -> 27.35 | AE32: =AU32+AV32+BE32+BF32 -> 5058.18 | AF32: =AE32/AD32 -> 184.9426 | AG32: ='29'!G88 -> 8.88 | AH32: ='29'!G89 -> 9.7 | AI32: ='29'!G90 -> 6.14 | AJ32: =AG32+AH32+AI32 -> 24.72 | AK32: ='29'!G91 -> 0 | AL32: ='29'!G92 -> 11.63 | AN32: =AK32+AL32 -> 11.63 | AO32: ='29'!G74 -> 309 | AP32: ='29'!G35 -> 2897 | AQ32: ='29'!G37 -> 1446 | AR32: ='29'!G38 -> 2745 | AS32: ='29'!G39 -> 2857 | AT32: ='29'!G40 -> 462.73 | AU32: ='29'!G41 -> 0 | AV32: ='29'!G42 -> 4785.95 | AW32: ='29'!G43 -> 0 | AX32: ='29'!G44 -> 0 | AY32: ='29'!G36 -> 1275 | AZ32: ='29'!G49 -> 327.47 | BA32: ='29'!G51 -> 0.44 | BB32: ='29'!G52 -> 0 | BC32: ='29'!G53 -> 0 | BD32: ='29'!G54 -> 356.86 | BE32: ='29'!G55 -> 0 | BF32: ='29'!G56 -> 272.23 | BG32: ='29'!G57 -> 2596 | BH32: ='29'!G50 -> 1528 | BI32: =SUM(AU32,AV32,BE32,BF32) -> 5058.18 | BJ32: ='29'!G133 -> 1393 | BK32: =SUM(AP32,AU32,AV32,AW32,AZ32,BE32,BF32,BG32)/H32% -> 46.815082 | BL32: =SUM(AS32,BC32)/H32% -> 12.294787 | BM32: =(AR32+BB32)/H32 -> 0.11812808 | BN32: =J32+N32+Q32+U32 -> 308611.85 | BO32: =SUM(AU32,AV32,AW32,BE32,BF32,BG32,BJ32) -> 9047.18 | BP32: =BO32/(AD32*280) -> 1.1814025
A33: 30 | B33: 30 | D33: ='30'!D3 -> 28 | E33: ='30'!D4 -> 0.78 | F33: ='30'!D2 -> 0.5 | G33: ='30'!G7 -> 21377.62 | H33: ='30'!G8 -> 21529.17 | I33: 9 | J33: =H33*I33 -> 193762.53 | K33: =H33/202 -> 106.58005 | L33: ='30'!G15 -> 1214.29 | M33: 56.2 | N33: =L33*M33 -> 68243.098 | O33: ='30'!G20 -> 363 | P33: 108 | Q33: =O33*P33 -> 39204 | R33: =O33/(F33*202/100) -> 359.40594 | S33: ='30'!G24 -> 0 | T33: 69 | U33: =S33*T33 -> 0 | V33: ='30'!G65 -> 127 | W33: ='30'!G66 -> 22 | X33: ='30'!G67 -> 28 | Y33: =V33+W33+X33 -> 177 | Z33: ='30'!G84 -> 0 | AA33: ='30'!G85 -> 23.92 | AB33: ='30'!G86 -> 0 | AC33: ='30'!G87 -> -0.26 | AD33: =Z33+AA33+AB33+AC33 -> 23.66 | AE33: =AU33+AV33+BE33+BF33 -> 4680.82 | AF33: =AE33/AD33 -> 197.83686 | AG33: ='30'!G88 -> 2.65 | AH33: ='30'!G89 -> 11.13 | AI33: ='30'!G90 -> 10.89 | AJ33: =AG33+AH33+AI33 -> 24.67 | AK33: ='30'!G91 -> 8 | AL33: ='30'!G92 -> 11.13 | AN33: =AK33+AL33 -> 19.13 | AO33: ='30'!G74 -> 574 | AP33: ='30'!G35 -> 2824 | AQ33: ='30'!G37 -> 1448 | AR33: ='30'!G38 -> 7190 | AS33: ='30'!G39 -> 2631.19 | AT33: ='30'!G40 -> 453.27 | AU33: ='30'!G41 -> 0 | AV33: ='30'!G42 -> 4681.05 | AW33: ='30'!G43 -> 0 | AX33: ='30'!G44 -> 0 | AY33: ='30'!G36 -> 917 | AZ33: ='30'!G49 -> 411.53 | BA33: ='30'!G51 -> -0.44 | BB33: ='30'!G52 -> 0 | BC33: ='30'!G53 -> 0 | BD33: ='30'!G54 -> 360.78 | BE33: ='30'!G55 -> 0 | BF33: ='30'!G56 -> -0.23 | BG33: ='30'!G57 -> 2488 | BH33: ='30'!G50 -> 1238 | BI33: =SUM(AU33,AV33,BE33,BF33) -> 4680.82 | BJ33: ='30'!G133 -> 216 | BK33: =SUM(AP33,AU33,AV33,AW33,AZ33,BE33,BF33,BG33)/H33% -> 48.326759 | BL33: =SUM(AS33,BC33)/H33% -> 12.221512 | BM33: =(AR33+BB33)/H33 -> 0.3339655 | BN33: =J33+N33+Q33+U33 -> 301209.63 | BO33: =SUM(AU33,AV33,AW33,BE33,BF33,BG33,BJ33) -> 7384.82 | BP33: =BO33/(AD33*280) -> 1.1147235
A34: 31 | B34: 31 | D34: 30 | E34: ='30'!D5 -> Unit | F34: ='30'!D3 -> 28 | G34: ='31'!G7 -> 22926 | H34: ='31'!G8 -> 22341.83 | I34: 9 | J34: =H34*I34 -> 201076.47 | K34: =H34/202 -> 110.60312 | L34: ='31'!G15 -> 1090.358 | M34: 56.2 | N34: =L34*M34 -> 61278.12 | O34: ='31'!G20 -> 228 | P34: 108 | Q34: =O34*P34 -> 24624 | R34: =O34/(F34*202/100) -> 4.0311174 | S34: ='30'!G25 -> 0 | T34: 70 | U34: =S34*T34 -> 0 | V34: ='31'!G65 -> 140 | W34: ='31'!G66 -> 17 | X34: ='31'!G67 -> 27 | Y34: =V34+W34+X34 -> 184 | Z34: ='31'!G84 -> 0 | AA34: ='31'!G85 -> 23.99 | AB34: ='31'!G86 -> 0 | AC34: ='31'!G87 -> 5 | AD34: =Z34+AA34+AB34+AC34 -> 28.99 | AE34: =AU34+AV34+BE34+BF34 -> 4675.69 | AF34: =AE34/AD34 -> 161.28631 | AG34: ='31'!G88 -> 2.6 | AH34: ='31'!G89 -> 8.87 | AI34: ='31'!G90 -> 10.18 | AJ34: =AG34+AH34+AI34 -> 21.65 | AK34: ='31'!G91 -> 0.21 | AL34: ='31'!G92 -> 10.86 | AN34: =AK34+AL34 -> 11.07 | AO34: ='31'!G74 -> 302 | AP34: ='31'!G35 -> 2826.99 | AQ34: ='31'!G37 -> 1379.87 | AR34: ='31'!G38 -> 177.35 | AS34: ='31'!G39 -> 2837.81 | AT34: ='31'!G40 -> 458.35 | AU34: ='31'!G41 -> 0.01 | AV34: ='31'!G42 -> 4216.47 | AW34: ='31'!G43 -> 0 | AX34: ='31'!G44 -> 0 | AY34: ='31'!G36 -> 1010.9 | AZ34: ='31'!G49 -> 500.15 | BA34: ='31'!G51 -> 0 | BB34: ='31'!G52 -> 0 | BC34: ='31'!G53 -> 0.03 | BD34: ='31'!G54 -> 361.13 | BE34: ='31'!G55 -> 0 | BF34: ='31'!G56 -> 459.21 | BG34: ='31'!G57 -> 2607 | BH34: ='31'!G50 -> 1439 | BI34: =SUM(AU34,AV34,BE34,BF34) -> 4675.69 | BJ34: ='31'!G133 -> 793 | BK34: =SUM(AP34,AU34,AV34,AW34,AZ34,BE34,BF34,BG34)/H34% -> 47.488635 | BL34: =SUM(AS34,BC34)/H34% -> 12.701914 | BM34: =(AR34+BB34)/H34 -> 0.0079380248 | BN34: =J34+N34+Q34+U34 -> 286978.59 | BO34: =SUM(AU34,AV34,AW34,BE34,BF34,BG34,BJ34) -> 8075.69 | BP34: =BO34/(AD34*280) -> 0.99488617
A35: Total | D35: =AVERAGE(D4:D34) -> 28.741935 | F35: =AVERAGE(F4:F34) -> 1.6127774 | G35: =SUM(G4:G34) -> 703117.45 | H35: =SUM(H4:H34) -> 706596 | I35: 9 | J35: =SUM(J4:J34) -> 6359364 | K35: =SUM(K4:K34) -> 3498 | L35: =SUM(L4:L34) -> 34360.358 | M35: =SUM(M4:M34) -> 1742.2 | N35: =SUM(N4:N34) -> 1931052.1 | O35: =SUM(O4:O34) -> 9864 | P35: =SUM(P4:P34) -> 3348 | Q35: =SUM(Q4:Q34) -> 1065312 | ... BN35: =SUM(BN4:BN34) -> 9355728.1 | BO35: =SUM(AU35,AV35,AW35,BE35,BF35,BG35,BJ35) -> 234251.79 | BP35: =BO35/(AD35*280) -> 0.2975049
B36: =B18-B17 -> 1 | C36: =C18-C17 -> 0 | D36: =D18-D17 -> 0 | E36: =E18-E17 -> -0.02 | F36: =F18-F17 -> 0.01 | H36: =H18-H17 -> -1689 | I36: =I18-I17 -> 0 | J36: =J18-J17 -> -15201 | K36: =K18-K17 -> -8.3613861 | L36: =L18-L17 -> 0 | M36: =M18-M17 -> 0 | N36: =N18-N17 -> 0 | O36: =O18-O17 -> 5 | ... AN36: =AN18-AN17 -> 0.77 | AP36: =AP18-AP17 -> -331 | AQ36: =AQ18-AQ17 -> 0 | AR36: =AR18-AR17 -> -2041 | AS36: =AS18-AS17 -> 0 | AT36: =AT18-AT17 -> -46.42 | AU36: =AU18-AU17 -> 0 | AV36: =AV18-AV17 -> -412.81 | AW36: =AW18-AW17 -> 0 | AZ36: =AZ18-AZ17 -> 3.31 | BA36: =BA18-BA17 -> 8 | BB36: =BB18-BB17 -> -0.24 | BC36: =BC18-BC17 -> 1032 | BD36: =BD18-BD17 -> -30 | BE36: =BE18-BE17 -> 786.45 | BF36: =BF18-BF17 -> -1009 | BG36: =BG18-BG17 -> 1826.15 | BK36: =BK18-BK17 -> 7.0340618 | BL36: =BL18-BL17 -> 5.1329837 | BN36: =BN18-BN17 -> -14661 | BO36: =BO18-BO17 -> 1098.79
F37: =AVERAGE(F4:F35) -> 1.6127774 | H37: =AVERAGE(H4:H35) -> 44162.25
B38: Guest complaint | F38: =AVERAGE(F4:F35) -> 1.6127774
BI41: =(BI31+BJ31)/400 -> 14.1837

Sheet Occupancy
B1: Hotel Paid Occupancy Occ% | C1: Room Nights | D1: Comp Night | E1: Cummulative % | F1: Total Covers Guests | G1: Total Room Nights | H1: Paid occ % | J1: KWH/Room
A2: 1 | B2: =C2/202% -> 77.227723 | C2: 156 | D2: 5 | E2: =(C2+D2)/202% -> 79.70297 | F2: 451 | G2: =C2+D2 -> 161 | H2: =C2/202% -> 77.227723 | J2: ='Section Load'!C5/G2 -> 140.31553 | K2: =10/202 -> 0.04950495
A3: 2 | B3: =C3/202% -> 73.267327 | C3: 148 | D3: 4 | E3: =(C3+D3)/202% -> 75.247525 | F3: 351 | G3: =C3+D3 -> 152 | H3: =C3/202% -> 73.267327 | J3: ='Section Load'!C6/G3 -> 145.93125
A4: 3 | B4: =C4/202% -> 84.653465 | C4: 171 | D4: 5 | E4: =(C4+D4)/202% -> 87.128713 | F4: 369 | G4: =C4+D4 -> 176 | H4: =C4/202% -> 84.653465 | J4: ='Section Load'!C7/G4 -> 128.58324 | Q4: =C2/202 -> 0.77227723
A5: 4 | B5: =C5/202% -> 86.138614 | C5: 174 | D5: 5 | E5: =(C5+D5)/202% -> 88.613861 | F5: 455 | G5: =C5+D5 -> 179 | H5: =C5/202% -> 86.138614 | J5: ='Section Load'!C8/G5 -> 131.35196
A6: 5 | B6: =C6/202% -> 83.168317 | C6: 168 | D6: 6 | E6: =(C6+D6)/202% -> 86.138614 | F6: 482 | G6: =C6+D6 -> 174 | H6: =C6/202% -> 83.168317 | J6: ='Section Load'!C9/G6 -> 137.75862
A7: 6 | B7: =C7/202% -> 80.19802 | C7: 162 | D7: 5 | E7: =(C7+D7)/202% -> 82.673267 | F7: 551 | G7: =C7+D7 -> 167 | H7: =C7/202% -> 80.19802 | J7: ='Section Load'!C10/G7 -> 136.50299
A8: 7 | B8: =C8/202% -> 76.237624 | C8: 154 | D8: 7 | E8: =(C8+D8)/202% -> 79.70297 | F8: 658 | G8: =C8+D8 -> 161 | H8: =C8/202% -> 76.237624 | J8: ='Section Load'!C11/G8 -> 139.25466
A9: 8 | B9: =C9/202% -> 69.306931 | C9: 140 | D9: 5 | E9: =(C9+D9)/202% -> 71.782178 | F9: 542 | G9: =C9+D9 -> 145 | H9: =C9/202% -> 69.306931 | J9: ='Section Load'!C12/G9 -> 164.17041
A10: 9 | B10: =C10/202% -> 76.732673 | C10: 155 | D10: 6 | E10: =(C10+D10)/202% -> 79.70297 | F10: 398 | G10: =C10+D10 -> 161 | H10: =C10/202% -> 76.732673 | J10: ='Section Load'!C13/G10 -> 147.67602 | K10: Water Tanker strike 9thMay-10-11-12 May
A11: 10 | B11: =C11/202% -> 76.237624 | C11: 154 | D11: 4 | E11: =(C11+D11)/202% -> 78.217822 | F11: 474 | G11: =C11+D11 -> 158 | H11: =C11/202% -> 76.237624 | J11: ='Section Load'!C14/G11 -> 143.23291
A12: 11 | B12: =C12/202% -> 79.207921 | C12: 160 | D12: 4 | E12: =(C12+D12)/202% -> 81.188119 | G12: =C12+D12 -> 164 | H12: =C12/202% -> 79.207921 | J12: ='Section Load'!C15/G12 -> 132.90878
A13: 12 | B13: =C13/202% -> 80.693069 | C13: 163 | D13: 1 | E13: =(C13+D13)/202% -> 81.188119 | G13: =C13+D13 -> 164 | H13: =C13/202% -> 80.693069 | J13: ='Section Load'!C16/G13 -> 136.74152
A14: 13 | B14: =C14/202% -> 82.178218 | C14: 166 | D14: 1 | E14: =(C14+D14)/202% -> 82.673267 | G14: =C14+D14 -> 167 | H14: =C14/202% -> 82.178218 | J14: ='Section Load'!C17/G14 -> 138.00599
A15: 14 | B15: =C15/202% -> 83.168317 | C15: 168 | D15: 1 | E15: =(C15+D15)/202% -> 83.663366 | G15: =C15+D15 -> 169 | H15: =C15/202% -> 83.168317 | J15: ='Section Load'!C18/G15 -> 155.84024
A16: 15 | B16: =C16/202% -> 59.90099 | C16: 121 | D16: 1 | E16: =(C16+D16)/202% -> 60.39604 | G16: =C16+D16 -> 122 | H16: =C16/202% -> 59.90099 | J16: ='Section Load'!C19/G16 -> 202.03279
A17: 16 | B17: =C17/202% -> 76.237624 | C17: 154 | D17: 4 | E17: =(C17+D17)/202% -> 78.217822 | G17: =C17+D17 -> 158 | H17: =C17/202% -> 76.237624 | J17: ='Section Load'!C20/G17 -> 150.97468
A18: 17 | B18: =C18/202% -> 74.257426 | C18: 150 | D18: 8 | E18: =(C18+D18)/202% -> 78.217822 | G18: =C18+D18 -> 158 | H18: =C18/202% -> 74.257426 | J18: ='Section Load'!C21/G18 -> 164.50633
A19: 18 | B19: =C19/202% -> 75.247525 | C19: 152 | D19: 8 | E19: =(C19+D19)/202% -> 79.207921 | G19: =C19+D19 -> 160 | H19: =C19/202% -> 75.247525 | J19: ='Section Load'!C22/G19 -> 154.56875
A20: 19 | B20: =C20/202% -> 78.217822 | C20: 158 | D20: 8 | E20: =(C20+D20)/202% -> 82.178218 | G20: =C20+D20 -> 166 | H20: =C20/202% -> 78.217822 | J20: ='Section Load'!C23/G20 -> 136.2512
A21: 20 | B21: =C21/202% -> 74.257426 | C21: 150 | D21: 2 | E21: =(C21+D21)/202% -> 75.247525 | G21: =C21+D21 -> 152 | H21: =C21/202% -> 74.257426 | J21: ='Section Load'!C24/G21 -> 151.69934
A22: 21 | B22: =C22/202% -> 70.29703 | C22: 142 | D22: 2 | E22: =(C22+D22)/202% -> 71.287129 | G22: =C22+D22 -> 144 | H22: =C22/202% -> 70.29703 | J22: ='Section Load'!C25/G22 -> 152.79167
A23: 22 | B23: 83 | C23: 131 | D23: 4 | E23: =(C23+D23)/202% -> 66.831683 | G23: =C23+D23 -> 135 | H23: =C23/202% -> 64.851485 | J23: ='Section Load'!C26/G23 -> 167.66667
A24: 23 | B24: 98 | C24: 137 | D24: 4 | E24: =(C24+D24)/202% -> 69.80198 | G24: =C24+D24 -> 141 | H24: =C24/202% -> 67.821782 | J24: ='Section Load'!C27/G24 -> 146.80851
A25: 24 | B25: =C25/202% -> 74.257426 | C25: 150 | D25: 5 | E25: =(C25+D25)/202% -> 76.732673 | G25: =C25+D25 -> 155 | H25: =C25/202% -> 74.257426 | J25: ='Section Load'!C28/G25 -> 133.21935
A26: 25 | B26: =C26/202% -> 74.752475 | C26: 151 | D26: 7 | E26: =(C26+D26)/202% -> 78.217822 | G26: =C26+D26 -> 158 | H26: =C26/202% -> 74.752475 | J26: ='Section Load'!C29/G26 -> 135.91772
A27: 26 | B27: =C27/202% -> 70.792079 | C27: 143 | D27: 8 | E27: =(C27+D27)/202% -> 74.752475 | G27: =C27+D27 -> 151 | H27: =C27/202% -> 70.792079 | J27: ='Section Load'!C30/G27 -> 133.76159
A28: 27 | B28: =C28/202% -> 75.742574 | C28: 153 | D28: 8 | E28: =(C28+D28)/202% -> 79.70297 | G28: =C28+D28 -> 161 | H28: =C28/202% -> 75.742574 | J28: ='Section Load'!C31/G28 -> 129.1795
A29: 28 | B29: =C29/202% -> 0 | E29: =(C29+D29)/202% -> 0 | G29: =C29+D29 -> 0 | H29: =C29/202% -> 0 | J29: ='Section Load'!C32/G29 -> #DIV/0!
A30: 29 | B30: =C30/202% -> 0 | E30: =(C30+D30)/202% -> 0 | G30: =C30+D30 -> 0 | H30: =C30/202% -> 0 | J30: ='Section Load'!C33/G30 -> #DIV/0!
A31: 30 | B31: =C31/202% -> 0 | E31: =(C31+D31)/202% -> 0 | G31: =C31+D31 -> 0 | H31: =C31/202% -> 0 | J31: ='Section Load'!C34/G31 -> #DIV/0!
A32: 31 | B32: =C32/202% -> 0 | E32: =(C32+D32)/202% -> 0 | H32: =C32/202% -> 0 | J32: ='Section Load'!C35/G32 -> #DIV/0!
A33: Average | B33: =AVERAGE(B2:B31) -> 69.779208 | C33: 154 | D33: =AVERAGE(D2:D31) -> 4.7407407 | E33: =AVERAGE(E2:E31) -> 70.280528 | F33: =AVERAGE(F2:F31) -> 473.1 | G33: =AVERAGE(G2:G31) -> 141.96667 | H33: =AVERAGE(H2:H31) -> 68.168317
C34: 4855 | D34: 158 | G34: 16958

Sheet Water Report
C3: Date | D3: 1 | E3: 2 | F3: 3 | G3: 4 | H3: 5 | I3: 6 | J3: 7 | K3: 8 | L3: 9 | M3: 10 | N3: 11 | O3: 12 | P3: 13 | Q3: 14 | R3: 15 | S3: 16 | T3: 17 | U3: 18 | V3: 19 | W3: 20 | X3: 21 | Y3: 22 | Z3: 23 | AA3: 24 | AB3: 25 | AC3: 26 | AD3: 27 | AE3: 28 | AF3: 29 | AG3: 30 | AH3: 31
C4: occupancy | D4: =Occupancy!B2 -> 77.227723 | E4: =Occupancy!B3 -> 73.267327 | F4: =Occupancy!C3 -> 148 | G4: =Occupancy!D3 -> 4 | H4: =Occupancy!E3 -> 75.247525 | I4: =Occupancy!F3 -> 351 | J4: =Occupancy!G3 -> 152 | K4: =Occupancy!H3 -> 73.267327 | L4: =Occupancy!I3 -> 0 | ... AH4: =Occupancy!AE3 -> 0
C5: Tanker | D5: ='1'!G18 -> 250 | E5: ='2'!G18 -> 260 | F5: ='3'!G18 -> 270 | G5: ='4'!G18 -> 210 | H5: ='5'!G18 -> 250 | I5: ='6'!G18 -> 310 | J5: ='7'!G18 -> 220 | K5: ='8'!G18 -> 250 | L5: ='9'!G18 -> 280 | M5: ='10'!G18 -> 260 | N5: ='11'!G18 -> 250 | O5: ='12'!G18 -> 350 | P5: ='13'!G18 -> 330 | Q5: ='14'!G18 -> 330 | R5: ='15'!G18 -> 330 | S5: ='16'!G18 -> 270 | T5: ='17'!G18 -> 310 | U5: ='18 '!G18 -> 250 | V5: ='19'!G18 -> 330 | W5: ='20'!G18 -> 230 | X5: ='21'!G18 -> 300 | Y5: ='22'!G18 -> 220 | Z5: ='23'!G18 -> 200 | AA5: ='24'!G18 -> 220 | AB5: ='25'!G18 -> 220 | AC5: ='26'!G18 -> 240 | AD5: ='27'!G18 -> 290 | AE5: ='28'!G18 -> 250 | AF5: ='29'!G18 -> 210 | AG5: ='30'!G18 -> 310 | AH5: ='31'!G18 -> 180
C6: BMC | D6: ='1'!G19 -> 53 | E6: ='2'!G19 -> 53 | F6: ='3'!G19 -> 56 | G6: ='4'!G19 -> 59 | H6: ='5'!G19 -> 61 | I6: ='6'!G19 -> 53 | J6: ='7'!G19 -> 49 | K6: ='8'!G19 -> 43 | L6: ='9'!G19 -> 56 | M6: ='10'!G19 -> 65 | N6: ='11'!G19 -> 46 | O6: ='12'!G19 -> 61 | P6: ='13'!G19 -> 48 | Q6: ='14'!G19 -> 47 | R6: ='15'!G19 -> 52 | S6: ='16'!G19 -> 52 | T6: ='17'!G19 -> 43 | U6: ='18 '!G19 -> 57 | V6: ='19'!G19 -> 58 | W6: ='20'!G19 -> 59 | X6: ='21'!G19 -> 60 | Y6: ='22'!G19 -> 59 | Z6: ='23'!G19 -> 58 | AA6: ='24'!G19 -> 57 | AB6: ='25'!G19 -> 59 | AC6: ='26'!G19 -> 51 | AD6: ='27'!G19 -> 52 | AE6: ='28'!G19 -> 58 | AF6: ='29'!G19 -> 58 | AG6: ='30'!G19 -> 53 | AH6: ='31'!G19 -> 48
C7: R.O. Plant Production | D7: ='1'!G62 -> 134 | E7: ='2'!G62 -> 109 | F7: ='3'!G62 -> 109 | G7: ='4'!G62 -> 110 | H7: ='5'!G62 -> 96 | I7: ='6'!G62 -> 113 | J7: ='7'!G62 -> 122 | K7: ='8'!G62 -> 112 | L7: ='9'!G62 -> 136 | M7: ='10'!G62 -> 143 | N7: ='11'!G62 -> 121 | O7: ='12'!G62 -> 101 | P7: ='13'!G62 -> 100 | Q7: ='14'!G62 -> 123 | R7: ='15'!G62 -> 107 | S7: ='16'!G62 -> 161.4 | T7: ='17'!G62 -> 163.6 | U7: ='18 '!G62 -> 112.5 | V7: ='19'!G62 -> 102.5 | W7: ='20'!G62 -> 116 | X7: ='21'!G62 -> 112 | Y7: ='22'!G62 -> 153 | Z7: ='23'!G62 -> 64 | AA7: ='24'!G62 -> 100.4 | AB7: ='25'!G62 -> 157.6 | AC7: ='26'!G62 -> 147 | AD7: ='27'!G62 -> 172 | AE7: ='28'!G62 -> 3 | AF7: ='29'!G62 -> 155 | AG7: ='30'!G62 -> 140 | AH7: ='31'!G62 -> 190
C8: STP Production | D8: ='1'!G63 -> 33 | E8: ='2'!G63 -> 90 | F8: ='3'!G63 -> 80 | G8: ='4'!G63 -> 51 | H8: ='5'!G63 -> 48 | I8: ='6'!G63 -> 46 | J8: ='7'!G63 -> 70 | K8: ='8'!G63 -> 53 | L8: ='9'!G63 -> 92 | M8: ='10'!G63 -> 102 | N8: ='11'!G63 -> 51 | O8: ='12'!G63 -> 1 | P8: ='13'!G63 -> 20 | Q8: ='14'!G63 -> 26 | R8: ='15'!G63 -> 81 | S8: ='16'!G63 -> 59 | T8: ='17'!G63 -> 83 | U8: ='18 '!G63 -> 76 | V8: ='19'!G63 -> 43 | W8: ='20'!G63 -> 32 | X8: ='21'!G63 -> 70 | Y8: ='22'!G63 -> 85 | Z8: ='23'!G63 -> 73 | AA8: ='24'!G63 -> 90 | AB8: ='25'!G63 -> 68 | AC8: ='26'!G63 -> 41 | AD8: ='27'!G63 -> 37 | AE8: ='28'!G63 -> 178 | AF8: ='29'!G63 -> 113 | AG8: ='30'!G63 -> 115 | AH8: ='31'!G63 -> 99
B9: Domestic Water | C9: Zone-1 | D9: ='1'!G65 -> 141 | E9: ='2'!G65 -> 114 | F9: ='3'!G65 -> 121 | G9: ='4'!G65 -> 122 | H9: ='5'!G65 -> 128 | I9: ='6'!G65 -> 153 | J9: ='7'!G65 -> 125 | K9: ='8'!G65 -> 129 | L9: ='9'!G65 -> 155 | M9: ='10'!G65 -> 152 | N9: ='11'!G65 -> 131 | O9: ='12'!G65 -> 123 | P9: ='13'!G65 -> 125 | Q9: ='14'!G65 -> 149 | R9: ='15'!G65 -> 142 | S9: ='16'!G65 -> 149 | T9: ='17'!G65 -> 153 | U9: ='18 '!G65 -> 140 | V9: ='19'!G65 -> 121 | W9: ='20'!G65 -> 140 | X9: ='21'!G65 -> 128 | Y9: ='22'!G65 -> 121 | Z9: ='23'!G65 -> 111 | AA9: ='24'!G65 -> 124 | AB9: ='25'!G65 -> 136 | AC9: ='26'!G65 -> 165 | AD9: ='27'!G65 -> 183 | AE9: ='28'!G65 -> 42 | AF9: ='29'!G65 -> 139 | AG9: ='30'!G65 -> 127 | AH9: ='31'!G65 -> 140
C10: Zone-2 | D10: ='1'!G66 -> 10 | E10: ='2'!G66 -> 20 | F10: ='3'!G66 -> 9 | G10: ='4'!G66 -> 9 | H10: ='5'!G66 -> 7 | I10: ='6'!G66 -> 5 | J10: ='7'!G66 -> 55455 | K10: ='8'!G66 -> 6 | L10: ='9'!G66 -> 17 | M10: ='10'!G66 -> 9 | N10: ='11'!G66 -> 11 | O10: ='12'!G66 -> 7 | P10: ='13'!G66 -> 8 | Q10: ='14'!G66 -> 13 | R10: ='15'!G66 -> 8 | S10: ='16'!G66 -> 16 | T10: ='17'!G66 -> 14 | U10: ='18 '!G66 -> 10 | V10: ='19'!G66 -> 8 | W10: ='20'!G66 -> 12 | X10: ='21'!G66 -> 8 | Y10: ='22'!G66 -> 18 | Z10: ='23'!G66 -> 9 | AA10: ='24'!G66 -> 16 | AB10: ='25'!G66 -> 13 | AC10: ='26'!G66 -> 15 | AD10: ='27'!G66 -> 18 | AE10: ='28'!G66 -> 8 | AF10: ='29'!G66 -> 14 | AG10: ='30'!G66 -> 22 | AH10: ='31'!G66 -> 17
C11: Zone-3 | D11: ='1'!G67 -> 19 | E11: ='2'!G67 -> 16 | F11: ='3'!G67 -> 32 | G11: ='4'!G67 -> 26 | H11: ='5'!G67 -> 14 | I11: ='6'!G67 -> 17 | J11: ='7'!G67 -> 16 | K11: ='8'!G67 -> 15 | L11: ='9'!G67 -> 21 | M11: ='10'!G67 -> 30 | N11: ='11'!G67 -> 18 | O11: ='12'!G67 -> 16 | P11: ='13'!G67 -> 18 | Q11: ='14'!G67 -> 22 | R11: ='15'!G67 -> 25 | S11: ='16'!G67 -> 20 | T11: ='17'!G67 -> 33 | U11: ='18 '!G67 -> 22 | V11: ='19'!G67 -> 19 | W11: ='20'!G67 -> 22 | X11: ='21'!G67 -> 21 | Y11: ='22'!G67 -> 23 | Z11: ='23'!G67 -> 24 | AA11: ='24'!G67 -> 29 | AB11: ='25'!G67 -> 26 | AC11: ='26'!G67 -> 23 | AD11: ='27'!G67 -> 20 | AE11: ='28'!G67 -> 44 | AF11: ='29'!G67 -> 26 | AG11: ='30'!G67 -> 28 | AH11: ='31'!G67 -> 27
B13: Flushing Water | C13: Zone-1 | D13: ='1'!G68 -> 45 | E13: ='2'!G68 -> 46 | F13: ='3'!G68 -> 19 | G13: ='4'!G68 -> 31 | H13: ='5'!G68 -> 18 | I13: ='6'!G68 -> 18 | J13: ='7'!G68 -> 23 | K13: ='8'!G68 -> 34 | L13: ='9'!G68 -> 20 | M13: ='10'!G68 -> 41 | N13: ='11'!G68 -> 22 | O13: ='12'!G68 -> 34 | P13: ='13'!G68 -> 30 | Q13: ='14'!G68 -> 29 | R13: ='15'!G68 -> 34 | S13: ='16'!G68 -> 43 | T13: ='17'!G68 -> 39 | U13: ='18 '!G68 -> 21 | V13: ='19'!G68 -> 26 | W13: ='20'!G68 -> 32 | X13: ='21'!G68 -> 22 | Y13: ='22'!G68 -> 29 | Z13: ='23'!G68 -> 24 | AA13: ='24'!G68 -> 35 | AB13: ='25'!G68 -> 31 | AC13: ='26'!G68 -> 27 | AD13: ='27'!G68 -> 30 | AE13: ='28'!G68 -> 30 | AF13: ='29'!G68 -> 27 | AG13: ='30'!G68 -> 23 | AH13: ='31'!G68 -> 20
C14: Zone-2 | D14: ='1'!G69 -> 5 | E14: ='2'!G69 -> 3 | F14: ='3'!G69 -> 5 | G14: ='4'!G69 -> 2 | H14: ='5'!G69 -> 3 | I14: ='6'!G69 -> 3 | J14: ='7'!G69 -> 3 | K14: ='8'!G69 -> 3 | L14: ='9'!G69 -> 7 | M14: ='10'!G69 -> 6 | N14: ='11'!G69 -> 6 | O14: ='12'!G69 -> 6 | P14: ='13'!G69 -> 5 | Q14: ='14'!G69 -> 10 | R14: ='15'!G69 -> 7 | S14: ='16'!G69 -> 6 | T14: ='17'!G69 -> 12 | U14: ='18 '!G69 -> 5 | V14: ='19'!G69 -> 5 | W14: ='20'!G69 -> 3 | X14: ='21'!G69 -> 8 | Y14: ='22'!G69 -> 4 | Z14: ='23'!G69 -> 5 | AA14: ='24'!G69 -> 1 | AB14: ='25'!G69 -> 3 | AC14: ='26'!G69 -> 3 | AD14: ='27'!G69 -> 7 | AE14: ='28'!G69 -> 3 | AF14: ='29'!G69 -> 6 | AG14: ='30'!G69 -> 36 | AH14: ='31'!G69 -> 7
C15: Zone-3 | D15: ='1'!G70 -> 8 | E15: ='2'!G70 -> 11 | F15: ='3'!G70 -> 6 | G15: ='4'!G70 -> 8 | H15: ='5'!G70 -> 5 | I15: ='6'!G70 -> 5 | J15: ='7'!G70 -> 8 | K15: ='8'!G70 -> 5 | L15: ='9'!G70 -> 8 | M15: ='10'!G70 -> 8 | N15: ='11'!G70 -> 6 | O15: ='12'!G70 -> 5 | P15: ='13'!G70 -> 7 | Q15: ='14'!G70 -> 8 | R15: ='15'!G70 -> 11 | S15: ='16'!G70 -> 6 | T15: ='17'!G70 -> 6 | U15: ='18 '!G70 -> 7 | V15: ='19'!G70 -> 7 | W15: ='20'!G70 -> 6 | X15: ='21'!G70 -> 11 | Y15: ='22'!G70 -> 10 | Z15: ='23'!G70 -> 8 | AA15: ='24'!G70 -> 8 | AB15: ='25'!G70 -> 8 | AC15: ='26'!G70 -> 5 | AD15: ='27'!G70 -> 6 | AE15: ='28'!G70 -> 16 | AF15: ='29'!G70 -> 6 | AG15: ='30'!G70 -> 12 | AH15: ='31'!G70 -> 6
B17: Branches ( Domestic water ) | C17: Pool | D17: ='1'!G173 -> 2 | E17: ='2'!G173 -> 4 | F17: ='3'!G173 -> 2 | G17: ='4'!G173 -> 1 | H17: ='5'!G173 -> 0 | I17: ='6'!G173 -> 1 | J17: ='7'!G173 -> 2 | K17: ='8'!G173 -> 0 | L17: ='9'!G173 -> 0 | M17: ='10'!G173 -> 4 | N17: ='11'!G173 -> 0 | O17: ='12'!G173 -> 0 | P17: ='13'!G173 -> 0 | Q17: ='14'!G173 -> 0 | R17: ='15'!G173 -> 0 | S17: ='16'!G173 -> 3 | T17: ='17'!G173 -> 2 | U17: ='18 '!G173 -> 2 | V17: ='19'!G173 -> 2 | W17: ='20'!G173 -> 1 | X17: ='21'!G173 -> 0 | Y17: ='22'!G173 -> 0 | Z17: ='23'!G173 -> 0 | AA17: ='24'!G173 -> 2 | AB17: ='25'!G173 -> 0 | AC17: ='26'!G173 -> 0 | AD17: ='27'!G173 -> 0 | AE17: ='28'!G173 -> 0 | AF17: ='29'!G173 -> 0 | AG17: ='30'!G173 -> 0 | AH17: ='31'!G173 -> 0
C18: B2 Laundry | D18: ='1'!G174 -> 11 | E18: ='2'!G174 -> 13 | F18: ='3'!G174 -> 12 | G18: ='4'!G174 -> 13 | H18: ='5'!G174 -> 10 | I18: ='6'!G174 -> 10 | J18: ='7'!G174 -> 10 | K18: ='8'!G174 -> 12 | L18: ='9'!G174 -> 13 | M18: ='10'!G174 -> 12 | N18: ='11'!G174 -> 13 | O18: ='12'!G174 -> 11 | P18: ='13'!G174 -> 12 | Q18: ='14'!G174 -> 11 | R18: ='15'!G174 -> 10 | S18: ='16'!G174 -> 15 | T18: ='17'!G174 -> 11 | U18: ='18 '!G174 -> 12 | V18: ='19'!G174 -> 12 | W18: ='20'!G174 -> 12 | X18: ='21'!G174 -> 14 | Y18: ='22'!G174 -> 11 | Z18: ='23'!G174 -> 12 | AA18: ='24'!G174 -> 12 | AB18: ='25'!G174 -> 15 | AC18: ='26'!G174 -> 32 | AD18: ='27'!G174 -> 17 | AE18: ='28'!G174 -> 9 | AF18: ='29'!G174 -> 14 | AG18: ='30'!G174 -> 10 | AH18: ='31'!G174 -> 10
C19: Boiler Feed Water | D19: ='1'!G175 -> 13 | E19: ='2'!G175 -> 13 | F19: ='3'!G175 -> 11 | G19: ='4'!G175 -> 13 | H19: ='5'!G175 -> 11 | I19: ='6'!G175 -> 16 | J19: ='7'!G175 -> 16 | K19: ='8'!G175 -> 12 | L19: ='9'!G175 -> 12 | M19: ='10'!G175 -> 12 | N19: ='11'!G175 -> 13 | O19: ='12'!G175 -> 12 | P19: ='13'!G175 -> 13 | Q19: ='14'!G175 -> 12 | R19: ='15'!G175 -> 13 | S19: ='16'!G175 -> 12 | T19: ='17'!G175 -> 14 | U19: ='18 '!G175 -> 13 | V19: ='19'!G175 -> 12 | W19: ='20'!G175 -> 15 | X19: ='21'!G175 -> 12 | Y19: ='22'!G175 -> 13 | Z19: ='23'!G175 -> 14 | AA19: ='24'!G175 -> 16 | AB19: ='25'!G175 -> 14 | AC19: ='26'!G175 -> 18 | AD19: ='27'!G175 -> 10 | AE19: ='28'!G175 -> 12 | AF19: ='29'!G175 -> 8 | AG19: ='30'!G175 -> 37 | AH19: ='31'!G175 -> 16
B21: Branches ( STP Water ) | C21: CT water | D21: ='1'!G178 -> 42 | E21: ='2'!G178 -> 105 | F21: ='3'!G178 -> 75 | G21: ='4'!G178 -> 48 | H21: ='5'!G178 -> 18 | I21: ='6'!G178 -> 56 | J21: ='7'!G178 -> 45 | K21: ='8'!G178 -> 76 | L21: ='9'!G178 -> 80 | M21: ='10'!G178 -> 152 | N21: ='11'!G178 -> 140 | O21: ='12'!G178 -> 124 | P21: ='13'!G178 -> 110 | Q21: ='14'!G178 -> 135 | R21: ='15'!G178 -> 121 | S21: ='16'!G178 -> 150 | T21: ='17'!G178 -> 140 | U21: ='18 '!G178 -> 183 | V21: ='19'!G178 -> 92 | W21: ='20'!G178 -> 152 | X21: ='21'!G178 -> 137 | Y21: ='22'!G178 -> 113 | Z21: ='23'!G178 -> 141 | AA21: ='24'!G178 -> 104 | AB21: ='25'!G178 -> 102 | AC21: ='26'!G178 -> 114 | AD21: ='27'!G178 -> 113 | AE21: ='28'!G178 -> 121 | AF21: ='29'!G178 -> 138 | AG21: ='30'!G178 -> 124 | AH21: ='31'!G178 -> 105
C22: STP flush | D22: ='1'!G179 -> 0 | E22: ='2'!G179 -> 0 | F22: ='3'!G179 -> 0 | G22: ='4'!G179 -> 0 | H22: ='5'!G179 -> 0 | I22: ='6'!G179 -> 0 | J22: ='7'!G179 -> 0 | K22: ='8'!G179 -> 0 | L22: ='9'!G179 -> 0 | M22: ='10'!G179 -> 0 | N22: ='11'!G179 -> 0 | O22: ='12'!G179 -> 0 | P22: ='13'!G179 -> 0 | Q22: ='14'!G179 -> 0 | R22: ='15'!G179 -> 0 | S22: ='16'!G179 -> 0 | T22: ='17'!G179 -> 0 | U22: ='18 '!G179 -> 0 | V22: ='19'!G179 -> 0 | W22: ='20'!G179 -> 0 | X22: ='21'!G179 -> 0 | Y22: ='22'!G179 -> 0 | Z22: ='23'!G179 -> 0 | AA22: ='24'!G179 -> 0 | AB22: ='25'!G179 -> 0 | AC22: ='26'!G179 -> 0 | AD22: ='27'!G179 -> 0 | AE22: ='28'!G179 -> 0 | AF22: ='29'!G179 -> 0 | AG22: ='30'!G179 -> 0 | AH22: ='31'!G179 -> 0
C23: Garden | D23: ='1'!G180 -> 0 | E23: ='2'!G180 -> 0 | F23: ='3'!G180 -> 8 | G23: ='4'!G180 -> 0 | H23: ='5'!G180 -> 11 | I23: ='6'!G180 -> 0 | J23: ='7'!G180 -> 0 | K23: ='8'!G180 -> 0 | L23: ='9'!G180 -> 0 | M23: ='10'!G180 -> 0 | N23: ='11'!G180 -> 0 | O23: ='12'!G180 -> 0 | P23: ='13'!G180 -> 0 | Q23: ='14'!G180 -> 39 | R23: ='15'!G180 -> 2 | S23: ='16'!G180 -> 0 | T23: ='17'!G180 -> 0 | U23: ='18 '!G180 -> 0 | V23: ='19'!G180 -> 0 | W23: ='20'!G180 -> 0 | X23: ='21'!G180 -> 24 | Y23: ='22'!G180 -> 11 | Z23: ='23'!G180 -> 0 | AA23: ='24'!G180 -> 5 | AB23: ='25'!G180 -> 9 | AC23: ='26'!G180 -> 6 | AD23: ='27'!G180 -> 6 | AE23: ='28'!G180 -> 2 | AF23: ='29'!G180 -> 11 | AG23: ='30'!G180 -> 0 | AH23: ='31'!G180 -> 9
B24: Total Tanke(RO) + BMC | D24: =SUM(D5:D6) -> 303 | E24: =SUM(E5:E6) -> 313 | F24: =SUM(F5:F6) -> 326 | G24: =SUM(G5:G6) -> 269 | H24: =SUM(H5:H6) -> 311 | I24: =SUM(I5:I6) -> 363 | J24: =SUM(J5:J6) -> 269 | K24: =SUM(K5:K6) -> 293 | ... AH24: =SUM(AH5:AH6) -> 228
B25: Domestic consumption | D25: =SUM(D9:D11,D14:D15,) -> 183 | E25: =SUM(E9:E11,E14:E15,) -> 164 | F25: =SUM(F9:F11,F14:F15,) -> 173 | G25: =SUM(G9:G11,G14:G15,) -> 167 | H25: =SUM(H9:H11,H14:H15,) -> 157 | I25: =SUM(I9:I11,I14:I15,) -> 183 | J25: =SUM(J9:J11,J14:J15,) -> 55607 | K25: =SUM(K9:K11,K14:K15,) -> 158 | ... AI25: =SUM(AI9:AI11,AI14:AI15,) -> 0
B27: STP +Flush Consumption | D27: =SUM(D13,D21,D23) -> 87 | E27: =SUM(E13,E21,E23) -> 151 | F27: =SUM(F13,F21,F23) -> 102 | G27: =SUM(G13,G21,G23) -> 79 | H27: =SUM(H13,H21,H23) -> 47 | I27: =SUM(I13,I21,I23) -> 74 | J27: =SUM(J13,J21,J23) -> 68 | K27: =SUM(K13,K21,K23) -> 110 | ... AH27: =SUM(AH13,AH21,AH23) -> 134 | AI27: =SUM(AI13) -> 0
B29: BOH | D29: =D9 -> 141 | E29: =E9 -> 114 | F29: =F9 -> 121 | G29: =G9 -> 122 | H29: =H9 -> 128 | I29: =I9 -> 153 | J29: =J9 -> 125 | K29: =K9 -> 129 | ... AH29: =AH9 -> 140
B30: Guest Floor | D30: =SUM(D10:D11,D14:D15) -> 42 | E30: =SUM(E10:E11,E14:E15) -> 50 | F30: =SUM(F10:F11,F14:F15) -> 52 | G30: =SUM(G10:G11,G14:G15) -> 45 | H30: =SUM(H10:H11,H14:H15) -> 29 | I30: =SUM(I10:I11,I14:I15) -> 30 | J30: =SUM(J10:J11,J14:J15) -> 55482 | K30: =SUM(K10:K11,K14:K15) -> 29 | ... AH30: =SUM(AH10:AH11,AH14:AH15) -> 57
B31: Guest floor% | D31: =D30/SUM(D29:D30)% -> 22.95082 | E31: =E30/SUM(E29:E30)% -> 30.487805 | F31: =F30/SUM(F29:F30)% -> 30.057803 | G31: =G30/SUM(G29:G30)% -> 26.946108 | H31: =H30/SUM(H29:H30)% -> 18.471338 | I31: =I30/SUM(I29:I30)% -> 16.393443 | J31: =J30/SUM(J29:J30)% -> 99.775208 | K31: =K30/SUM(K29:K30)% -> 18.35443 | ... AH31: =AH30/SUM(AH29:AH30)% -> 28.93401

Sheet Section Load
F2: Transformer -Load | N2: Electrical | AV2: Boiler Running | BB2: diff wrt feeder | BC2: Var%
AN3: Gas consumption | AU3: Boiler Running Hours
A4: Date | B4: HT Kwh | C4: HT Kvah | D4: MGL Gas | E4: Water | F4: HVAC | G4: Fire & Emergency PP | H4: Main PP | I4: Lighting PP | J4: CH-1+ CH2+CH3+CH4 | K4: Chilled water Pump | L4: Ball Room-1 | M4: Ball Room-2 | N4: MK-1 | O4: MK-2 | P4: Prato | Q4: San- Qi Indian | R4: San- Qi Japanese | S4: The club | T4: AER | U4: COLD ROOM'S | V4: Ball Room 1 | W4: Ball Room 2 | X4: B1 Laundry | Y4: B2 Laundry | Z4: STP | AA4: MOCK Up Room | AB4: 27th Floor | AC4: Physic57 | AD4: Pinoor Legal- Power+lighting | AE4: 2nd floor plant room | AF4: 5th Floor SPA | AG4: 5th Floor | AH4: 12th Floor | AI4: 20th Floor | AJ4: 27th Floor | AK4: 34th Floor | AL4: Sanqi | AM4: Cooling Tower | AN4: MGL | AO4: HWG | AP4: Prato | AQ4: BR-1 | AR4: SanQi IND | AS4: SanQi JPN | AT4: Boiler | AU4: HWG | AV4: Boiler1 | AW4: Boiler2 | AX4: Boiler3 (400Kg) | AY4: Total
A5: 1 | B5: ='1'!G7 -> 22493.45 | C5: ='1'!G8 -> 22590.8 | D5: ='1'!G15 -> 982.4 | E5: ='1'!G20 -> 303 | F5: =SUM('1'!G35,'1'!G49) -> 3203 | G5: =SUM('1'!H37,'1'!H51) -> 1051.37 | H5: =SUM('1'!G38,'1'!G52) -> 2366.32 | I5: =SUM('1'!G39,'1'!G53) -> 4254.48 | J5: =SUM('1'!G41,'1'!G42,'1'!G55,'1'!G56) -> 3381.14 | K5: =SUM('1'!G43,'1'!G57) -> 2399.44 | L5: ='1'!G50 -> 1742.12 | M5: ='1'!G36 -> 961.69 | N5: ='1'!G138 -> 81 | O5: ='1'!G139 -> 165 | P5: ='1'!G140 -> 20.1 | Q5: ='1'!G141 -> 234.38 | R5: ='1'!G142 -> 81.4 | S5: ='1'!$G$145 -> 127.9 | T5: ='1'!$G$146 -> 31 | U5: ='1'!$G$144 -> 234 | V5: ='1'!$G$147 -> 426.64 | W5: ='1'!$G$148 -> 78.12 | X5: ='1'!$G$143 -> 32.1 | Y5: ='1'!$G$58 -> 239.86 | Z5: ='1'!$G$151 -> 225 | AA5: ='1'!G161 -> 122.4 | AB5: ='1'!G162 -> 50.1 | AD5: ='1'!G163+'1'!G164 -> 7.3 | AE5: ='1'!$G$116 -> 494.6 | AF5: ='1'!$G$117 -> 278.7 | AG5: ='1'!$G$118 -> 641.4 | AH5: ='1'!$G$119 -> 12.3 | AI5: ='1'!$G$120 -> 409 | AJ5: ='1'!$G$121 -> 420.95 | AK5: ='1'!$G$122 -> 383 | AL5: ='1'!$G$123 -> 308.1 | AM5: ='1'!$G$133 -> 769 | AN5: ='1'!$G$15 -> 982.4 | AO5: ='1'!$G$74 -> 282.58 | AP5: ='1'!$G$75 -> 0.8 | AQ5: ='1'!$G$76 -> 138 | AR5: ='1'!$G$77 -> 47 | AS5: ='1'!$G$78 -> 0 | AT5: =AN5-SUM(AO5:AS5) -> 514.02 | AU5: =SUM('1'!G91:G92) -> 10.42 | AV5: ='1'!$G$88 -> 0 | AW5: ='1'!$G$89 -> 9.75 | AX5: ='1'!$G$90 -> 13.07 | AY5: =SUM(AV5:AX5) -> 22.82 | AZ5: =AO5/AU5 -> 27.119002 | BA5: =AT5/AY5 -> 22.524978 | BB5: =C5-SUM(F5:K5,Y5) -> 5695.19 | BC5: =BB5/B5% -> 25.319326
A6: 2 | B6: ='2'!G7 -> 22101.59 | C6: ='2'!G8 -> 22181.55 | D6: ='2'!G15 -> 1119.95 | E6: ='2'!G20 -> 313 | F6: =SUM('2'!G35,'2'!G49) -> 3192.8 | G6: =SUM('2'!G37,'2'!G51) -> 1025.96 | H6: =SUM('2'!G38,'2'!G52) -> 2471.36 | I6: =SUM('2'!G39,'2'!G53) -> 4202.16 | J6: =SUM('2'!G41,'2'!G42,'2'!G55,'2'!G56) -> 3267.04 | K6: =SUM('2'!G43,'2'!G57) -> 2386.32 | L6: ='2'!G50 -> 1434 | M6: ='2'!G36 -> 1103.55 | N6: ='2'!G138 -> 97 | O6: ='2'!$G$139 -> 183 | P6: ='2'!$G$140 -> 20.8 | Q6: ='2'!$G$141 -> 239.12 | R6: ='2'!$G$142 -> 80.93 | S6: ='2'!$G$145 -> 133.64 | T6: ='2'!$G$146 -> 37 | U6: ='2'!$G$144 -> 229 | V6: ='2'!$G$147 -> 432.2 | W6: ='2'!$G$148 -> 385.88 | X6: ='2'!$G$143 -> 31.2 | Y6: ='2'!$G$58 -> 259.08 | Z6: ='2'!$G$151 -> 291 | AA6: ='2'!G161 -> 134.44 | AB6: ='2'!G162 -> 40.3 | AD6: ='2'!G163+'2'!G164 -> 6.5 | AE6: ='2'!$G$116 -> 432.32 | AF6: ='2'!$G$117 -> 282.6 | AG6: ='2'!$G$118 -> 649.15 | AH6: ='2'!$G$119 -> 12 | AI6: ='2'!$G$120 -> 410.4 | AJ6: ='2'!$G$121 -> 433 | AK6: ='2'!$G$122 -> 366.1 | AL6: ='2'!$G$123 -> 308.6 | AM6: ='2'!$G$133 -> 735 | AN6: ='2'!$G$15 -> 1119.95 | AO6: ='2'!$G$74 -> 291.76 | AP6: ='2'!$G$75 -> 0 | AQ6: ='2'!$G$76 -> 144 | AR6: ='2'!$G$77 -> 56.8 | AS6: ='2'!$G$78 -> -0.4 | AT6: =AN6-SUM(AO6:AS6) -> 627.79 | AU6: =SUM('2'!G91:G92) -> 11.14 | AV6: ='2'!$G$88 -> 0 | AW6: ='2'!$G$89 -> 10.14 | AX6: ='2'!$G$90 -> 12.18 | AY6: =SUM(AV6:AX6) -> 22.32 | AZ6: =AO6/AU6 -> 26.190305 | BA6: =AT6/AY6 -> 28.126792 | BB6: =C6-SUM(F6:K6,Y6) -> 5376.83 | BC6: =BB6/B6% -> 24.327797
A7: 3 | B7: ='3'!G7 -> 22563.41 | C7: ='3'!G8 -> 22630.65 | D7: ='3'!G15 -> 1133.65 | E7: ='3'!G20 -> 326 | F7: =SUM('3'!G35,'3'!G49) -> 3215.99 | G7: =SUM('3'!G37,'3'!G51) -> 1030.82 | H7: =SUM('3'!G38,'3'!G52) -> 2376.79 | I7: =SUM('3'!G39,'3'!G53) -> 4054.8 | J7: =SUM('3'!G41,'3'!G42,'3'!G55,'3'!G56) -> 3387.9 | K7: =SUM('3'!G43,'3'!G57) -> 2408.44 | L7: ='3'!G50 -> 1803.18 | M7: ='3'!G36 -> 1154.72 | N7: ='3'!G138 -> 110 | O7: ='3'!$G$139 -> 162 | P7: ='3'!$G$140 -> 20 | Q7: ='3'!$G$141 -> 238.12 | R7: ='3'!$G$142 -> 87.67 | S7: ='3'!$G$145 -> 109.86 | T7: ='3'!$G$146 -> 45 | U7: ='3'!$G$144 -> 251 | V7: ='3'!$G$147 -> 481 | W7: ='3'!$G$148 -> 439 | X7: ='3'!$G$143 -> 33.3 | Y7: ='3'!$G$58 -> 254.45 | Z7: ='3'!$G$151 -> 257 | AA7: ='3'!G161 -> 126.36 | AB7: ='3'!G162 -> 42.8 | AD7: ='3'!G163+'3'!G164 -> 8.3 | AE7: ='3'!$G$116 -> 362.9 | AF7: ='3'!$G$117 -> 252 | AG7: ='3'!$G$118 -> 631.94 | AH7: ='3'!$G$119 -> 12 | AI7: ='3'!$G$120 -> 410.5 | AJ7: ='3'!$G$121 -> 421.2 | AK7: ='3'!$G$122 -> 338.8 | AL7: ='3'!$G$123 -> 317.27 | AM7: ='3'!$G$133 -> 778 | AN7: ='3'!$G$15 -> 1133.65 | AO7: ='3'!$G$74 -> 287.09 | AP7: ='3'!$G$75 -> 0 | AQ7: ='3'!$G$76 -> 155 | AR7: ='3'!$G$77 -> 71.2 | AS7: ='3'!$G$78 -> 0 | AT7: =AN7-SUM(AO7:AS7) -> 620.36 | AU7: =SUM('3'!G91:G92) -> 11.057 | AV7: ='3'!$G$88 -> 0 | AW7: ='3'!$G$89 -> 8.91 | AX7: ='3'!$G$90 -> 11.4 | AY7: =SUM(AV7:AX7) -> 20.31 | AZ7: =AO7/AU7 -> 25.964547 | BA7: =AT7/AY7 -> 30.544559 | BB7: =C7-SUM(F7:K7,Y7) -> 5901.46 | BC7: =BB7/B7% -> 26.155001
A8: 4 | B8: ='4'!G7 -> 23414 | C8: ='4'!G8 -> 23512 | D8: ='4'!G15 -> 1075.7 | E8: ='4'!G20 -> 269 | F8: =SUM('4'!G35,'4'!G49) -> 3375.53 | G8: =SUM('4'!G37,'4'!G51) -> 1092.73 | H8: =SUM('4'!G38,'4'!G52) -> 2388.08 | I8: =SUM('4'!G39,'4'!G53) -> 4044.24 | J8: =SUM('4'!G41,'4'!G42,'4'!G55,'4'!G56) -> 3975.93 | K8: =SUM('4'!G43,'4'!G57) -> 2485.6 | L8: ='4'!G50 -> 1479.13 | M8: ='4'!G36 -> 1308.44 | N8: ='4'!G138 -> 87 | O8: ='4'!$G$139 -> 155 | P8: ='4'!$G$140 -> 20.9 | Q8: ='4'!$G$141 -> 236.4 | R8: ='4'!$G$142 -> 88.5 | S8: ='4'!$G$145 -> 126.5 | T8: ='4'!$G$146 -> 29 | U8: ='4'!$G$144 -> 206 | V8: ='4'!$G$147 -> 464 | W8: ='4'!$G$148 -> 526.64 | X8: ='4'!$G$143 -> 27.8 | Y8: ='4'!$G$58 -> 256.19 | Z8: ='4'!$G$151 -> 230 | AA8: ='4'!G161 -> 77.6 | AB8: ='4'!G162 -> 22.9 | AD8: ='4'!G163+'4'!G164 -> 3.8 | AE8: ='4'!$G$116 -> 391.48 | AF8: ='4'!$G$117 -> 249.9 | AG8: ='4'!$G$118 -> 585.86 | AH8: ='4'!$G$119 -> 12 | AI8: ='4'!$G$120 -> 427.1 | AJ8: ='4'!$G$121 -> 406.9 | AK8: ='4'!$G$122 -> 330 | AL8: ='4'!$G$123 -> 316.03 | AM8: ='4'!$G$133 -> 730 | AN8: ='4'!$G$15 -> 1075.7 | AO8: ='4'!$G$74 -> 306.84 | AP8: ='4'!$G$75 -> 0 | AQ8: ='4'!$G$76 -> 124 | AR8: ='4'!$G$77 -> 21 | AS8: ='4'!$G$78 -> 0 | AT8: =AN8-SUM(AO8:AS8) -> 623.86 | AU8: =SUM('4'!G91:G92) -> 11.723 | AV8: ='4'!$G$88 -> 0 | AW8: ='4'!$G$89 -> 10.19 | AX8: ='4'!$G$90 -> 11.51 | AY8: =SUM(AV8:AX8) -> 21.7 | AZ8: =AO8/AU8 -> 26.174187 | BA8: =AT8/AY8 -> 28.749309 | BB8: =C8-SUM(F8:K8,Y8) -> 5893.7 | BC8: =BB8/B8% -> 25.171692
A9: 5 | B9: ='5'!G7 -> 23778 | C9: ='5'!G8 -> 23970 | D9: ='5'!G15 -> 1103.3 | E9: ='5'!G20 -> 311 | F9: =SUM('5'!G35,'5'!G49) -> 3180.82 | G9: =SUM('5'!G37,'5'!G51) -> 1082.57 | H9: =SUM('5'!G38,'5'!G52) -> 2268.82 | I9: =SUM('5'!G39,'5'!G53) -> 3946.86 | J9: =SUM('5'!G41,'5'!G42,'5'!G55,'5'!G56) -> 4224.85 | K9: =SUM('5'!G43,'5'!G57) -> 2443.73 | L9: ='5'!G50 -> 1596.5 | M9: ='5'!G36 -> 1200.49 | N9: ='5'!G138 -> 150 | O9: ='5'!$G$139 -> 159 | P9: ='5'!$G$140 -> 19.1 | Q9: ='5'!$G$141 -> 237 | R9: ='5'!$G$142 -> 82 | S9: ='5'!$G$145 -> 160 | T9: ='5'!$G$146 -> 40 | U9: ='5'!$G$144 -> 233 | V9: ='5'!$G$147 -> 433 | W9: ='5'!$G$148 -> 407.36 | X9: ='5'!$G$143 -> 29.2 | Y9: ='5'!$G$58 -> 233.73 | Z9: ='5'!$G$151 -> 214 | AA9: ='5'!G161 -> 253.04 | AB9: ='5'!G162 -> 44.3 | AD9: ='5'!G163+'5'!G164 -> 6.9 | AE9: ='5'!$G$116 -> 387.5 | AF9: ='5'!$G$117 -> 251.6 | AG9: ='5'!$G$118 -> 593.2 | AH9: ='5'!$G$119 -> 12 | AI9: ='5'!$G$120 -> 382.4 | AJ9: ='5'!$G$121 -> 407.9 | AK9: ='5'!$G$122 -> 337.2 | AL9: ='5'!$G$123 -> 303.7 | AM9: ='5'!$G$133 -> 746 | AN9: ='5'!$G$15 -> 1103.3 | AO9: ='5'!$G$74 -> 302.7 | AP9: ='5'!$G$75 -> 0 | AQ9: ='5'!$G$76 -> 146 | AR9: ='5'!$G$77 -> 76 | AS9: ='5'!$G$78 -> 0.4 | AT9: =AN9-SUM(AO9:AS9) -> 578.2 | AU9: =SUM('5'!G91:G92) -> 11.52 | AV9: ='5'!$G$88 -> 0 | AW9: ='5'!$G$89 -> 9.31 | AX9: ='5'!$G$90 -> 11.24 | AY9: =SUM(AV9:AX9) -> 20.55 | AZ9: =AO9/AU9 -> 26.276042 | BA9: =AT9/AY9 -> 28.136253 | BB9: =C9-SUM(F9:K9,Y9) -> 6588.62 | BC9: =BB9/B9% -> 27.708891
A10: 6 | B10: ='6'!G7 -> 22604 | C10: ='6'!G8 -> 22796 | D10: ='6'!G15 -> 1119.4 | E10: ='6'!G20 -> 363 | F10: =SUM('6'!G35,'6'!G49) -> 3102.55 | G10: =SUM('6'!G37,'6'!G51) -> 1091.71 | H10: =SUM('6'!G38,'6'!G52) -> 2350.95 | I10: =SUM('6'!G39,'6'!G53) -> 4047.78 | J10: =SUM('6'!G41,'6'!G42,'6'!G55,'6'!G56) -> 3777.7 | K10: =SUM('6'!G43,'6'!G57) -> 2370.6 | L10: ='6'!G50 -> 1360.99 | M10: ='6'!G36 -> 944.99 | N10: ='6'!G138 -> 134 | O10: ='6'!$G$139 -> 159 | P10: ='6'!$G$140 -> 23.87 | Q10: ='6'!$G$141 -> 245.24 | R10: ='6'!$G$142 -> 92.37 | S10: ='6'!$G$145 -> 161.1 | T10: ='6'!$G$146 -> 31 | U10: ='6'!$G$144 -> 236 | V10: ='6'!$G$147 -> 380.6 | W10: ='6'!$G$148 -> 357.52 | X10: ='6'!$G$143 -> 36.8 | Y10: ='6'!$G$58 -> 252.01 | Z10: ='6'!$G$151 -> 218 | AA10: ='6'!G161 -> 236.04 | AB10: ='6'!G162 -> 44.5 | AD10: ='6'!G163+'6'!G164 -> 9.3 | AE10: ='6'!$G$116 -> 376.07 | AF10: ='6'!$G$117 -> 258.5 | AG10: ='6'!$G$118 -> 624.88 | AH10: ='6'!$G$119 -> 11.6 | AI10: ='6'!$G$120 -> 411.3 | AJ10: ='6'!$G$121 -> 413.73 | AK10: ='6'!$G$122 -> 366.17 | AL10: ='6'!$G$123 -> 312.4 | AM10: ='6'!$G$133 -> 709 | AN10: ='6'!$G$15 -> 1119.4 | AO10: ='6'!$G$74 -> 291.932 | AP10: ='6'!$G$75 -> 0 | AQ10: ='6'!$G$76 -> 106 | AR10: ='6'!$G$77 -> 54 | AS10: ='6'!$G$78 -> 0 | AT10: =AN10-SUM(AO10:AS10) -> 667.468 | AU10: =SUM('6'!G91:G92) -> 11.17 | AV10: ='6'!$G$88 -> 0 | AW10: ='6'!$G$89 -> 10.9 | AX10: ='6'!$G$90 -> 14.5 | AY10: =SUM(AV10:AX10) -> 25.4 | AZ10: =AO10/AU10 -> 26.135363 | BA10: =AT10/AY10 -> 26.278268 | BB10: =C10-SUM(F10:K10,Y10) -> 5802.7 | BC10: =BB10/B10% -> 25.67112
A11: 7 | B11: ='7'!G7 -> 22378 | C11: ='7'!G8 -> 22420 | D11: ='7'!G15 -> 1104.6 | E11: ='7'!G20 -> 269 | F11: =SUM('7'!G35,'7'!G49) -> 2378.35 | G11: =SUM('7'!G37,'7'!G51) -> 1099.43 | H11: =SUM('7'!G38,'7'!G52) -> 2462.48 | I11: =SUM('7'!G39,'7'!G53) -> 4041.41 | J11: =SUM('7'!G41,'7'!G42,'7'!G55,'7'!G56) -> 3991.22 | K11: =SUM('7'!G43,'7'!G57) -> 2477.07 | L11: ='7'!G50 -> 1309.36 | M11: ='7'!G36 -> 907.22 | N11: ='7'!G138 -> 110 | O11: ='7'!$G$139 -> 158 | P11: ='7'!$G$140 -> 27.73 | Q11: ='7'!$G$141 -> 229.76 | R11: ='7'!$G$142 -> 94.06 | S11: ='7'!$G$145 -> 172 | T11: ='7'!$G$146 -> 29 | U11: ='7'!$G$144 -> 234 | V11: ='7'!$G$147 -> 405.68 | W11: ='7'!$G$148 -> 346.48 | X11: ='7'!$G$143 -> 29.2 | Y11: ='7'!$G$58 -> 190.59 | Z11: ='7'!$G$151 -> 228 | AA11: ='7'!G161 -> 157.48 | AB11: ='7'!G162 -> 43.7 | AD11: ='7'!G163+'7'!G164 -> 10.6 | AE11: ='7'!$G$116 -> 379.93 | AF11: ='7'!$G$117 -> 253.5 | AG11: ='7'!$G$118 -> 615.02 | AH11: ='7'!$G$119 -> 11.4 | AI11: ='7'!$G$120 -> 396.7 | AJ11: ='7'!$G$121 -> 416.87 | AK11: ='7'!$G$122 -> 347.43 | AL11: ='7'!$G$123 -> 311.6 | AM11: ='7'!$G$133 -> 732 | AN11: ='7'!$G$15 -> 1104.6 | AO11: ='7'!$G$74 -> 270.042 | AP11: ='7'!$G$75 -> 0 | AQ11: ='7'!$G$76 -> 124.7 | AR11: ='7'!$G$77 -> 56 | AS11: ='7'!$G$78 -> -0.4 | AT11: =AN11-SUM(AO11:AS11) -> 654.258 | AU11: =SUM('7'!G91:G92) -> 10.17 | AV11: ='7'!$G$88 -> 0 | AW11: ='7'!$G$89 -> 10.07 | AX11: ='7'!$G$90 -> 14.08 | AY11: =SUM(AV11:AX11) -> 24.15 | AZ11: =AO11/AU11 -> 26.552802 | BA11: =AT11/AY11 -> 27.091429 | BB11: =C11-SUM(F11:K11,Y11) -> 5779.45 | BC11: =BB11/B11% -> 25.826481
A12: 8 | B12: ='8'!G7 -> 23760.71 | C12: ='8'!G8 -> 23804.71 | D12: ='8'!G15 -> 1148.17 | E12: ='8'!G20 -> 293 | F12: =SUM('8'!G35,'8'!G49) -> 3949 | G12: =SUM('8'!G37,'8'!G51) -> 1129.94 | H12: =SUM('8'!G38,'8'!G52) -> 2509.36 | I12: =SUM('8'!G39,'8'!G53) -> 4125.79 | J12: =SUM('8'!G41,'8'!G42,'8'!G55,'8'!G56) -> 4345.66 | K12: =SUM('8'!G43,'8'!G57) -> 2578.24 | L12: ='8'!G50 -> 1624.88 | M12: ='8'!G36 -> 1015.08 | N12: ='8'!G138 -> 125 | O12: ='8'!$G$139 -> 161 | P12: ='8'!$G$140 -> 28.05 | Q12: ='8'!$G$141 -> 228.7 | R12: ='8'!$G$142 -> 97.04 | S12: ='8'!$G$145 -> 175.9 | T12: ='8'!$G$146 -> 31 | U12: ='8'!$G$144 -> 236 | V12: ='8'!$G$147 -> 452.72 | W12: ='8'!$G$148 -> 363 | X12: ='8'!$G$143 -> 33 | Y12: ='8'!$G$58 -> 215.98 | Z12: ='8'!$G$151 -> 226 | AA12: ='8'!G161 -> 195.92 | AB12: ='8'!G162 -> 41.4 | AD12: ='8'!G163+'8'!G164 -> 7.1 | AE12: ='8'!$G$116 -> 338.57 | AF12: ='8'!$G$117 -> 255.44 | AG12: ='8'!$G$118 -> 644.91 | AH12: ='8'!$G$119 -> 12.33 | AI12: ='8'!$G$120 -> 420.59 | AJ12: ='8'!$G$121 -> 438.11 | AK12: ='8'!$G$122 -> 344.67 | AL12: ='8'!$G$123 -> 324.86 | AM12: ='8'!$G$133 -> 786 | AN12: ='8'!$G$15 -> 1148.17 | AO12: ='8'!$G$74 -> 320.726 | AP12: ='8'!$G$75 -> 0 | AQ12: ='8'!$G$76 -> 156.3 | AR12: ='8'!$G$77 -> 49.9 | AS12: ='8'!$G$78 -> 0.4 | AT12: =AN12-SUM(AO12:AS12) -> 620.844 | AU12: =SUM('8'!G91:G92) -> 11.25 | AV12: ='8'!$G$88 -> 0 | AW12: ='8'!$G$89 -> 10.61 | AX12: ='8'!$G$90 -> 11.21 | AY12: =SUM(AV12:AX12) -> 21.82 | AZ12: =AO12/AU12 -> 28.508978 | BA12: =AT12/AY12 -> 28.452979 | BB12: =C12-SUM(F12:K12,Y12) -> 4950.74 | BC12: =BB12/B12% -> 20.835825
A13: 9 | B13: ='9'!G7 -> 23467.48 | C13: ='9'!G8 -> 23775.84 | D13: ='9'!G15 -> 1100.83 | E13: ='9'!G20 -> 336 | F13: =SUM('9'!G35,'9'!G49) -> 3484.28 | G13: =SUM('9'!G37,'9'!G51) -> 1153.43 | H13: =SUM('9'!G38,'9'!G52) -> 2664.8 | I13: =SUM('9'!G39,'9'!G53) -> 4238.16 | J13: =SUM('9'!G41,'9'!G42,'9'!G55,'9'!G56) -> 3719.72 | K13: =SUM('9'!G43,'9'!G57) -> 2540.6 | L13: ='9'!G50 -> 1680.24 | M13: ='9'!G36 -> 1217.34 | N13: ='9'!G138 -> 172 | O13: ='9'!$G$139 -> 189 | P13: ='9'!$G$140 -> 27.16 | Q13: ='9'!$G$141 -> 224.62 | R13: ='9'!$G$142 -> 111.6 | S13: ='9'!$G$145 -> 152.07 | T13: ='9'!$G$146 -> 36 | U13: ='9'!$G$144 -> 229 | V13: ='9'!$G$147 -> 499.92 | W13: ='9'!$G$148 -> 504 | X13: ='9'!$G$143 -> 29.35 | Y13: ='9'!$G$58 -> 238.47 | Z13: ='9'!$G$151 -> 281 | AA13: ='9'!G161 -> 127.52 | AB13: ='9'!G162 -> 45.4 | AD13: ='9'!G163+'9'!G164 -> 27 | AE13: ='9'!$G$116 -> 433.61 | AF13: ='9'!$G$117 -> 290.21 | AG13: ='9'!$G$118 -> 656.07 | AH13: ='9'!$G$119 -> 11.24 | AI13: ='9'!$G$120 -> 441.52 | AJ13: ='9'!$G$121 -> 434.92 | AK13: ='9'!$G$122 -> 325.68 | AL13: ='9'!$G$123 -> 322.01 | AM13: ='9'!$G$133 -> 715 | AN13: ='9'!$G$15 -> 1100.83 | AO13: ='9'!$G$74 -> 311.3 | AP13: ='9'!$G$75 -> 0 | AQ13: ='9'!$G$76 -> 169.07 | AR13: ='9'!$G$77 -> 57.1 | AS13: ='9'!$G$78 -> 0 | AT13: =AN13-SUM(AO13:AS13) -> 563.36 | AU13: =SUM('9'!G91:G92) -> 9.53 | AV13: ='9'!$G$88 -> 0 | AW13: ='9'!$G$89 -> 9.73 | AX13: ='9'!$G$90 -> 10.17 | AY13: =SUM(AV13:AX13) -> 19.9 | AZ13: =AO13/AU13 -> 32.665268 | BA13: =AT13/AY13 -> 28.309548 | BB13: =C13-SUM(F13:K13,Y13) -> 5736.38 | BC13: =BB13/B13% -> 24.443954
A14: 10 | B14: ='10'!G7 -> 22564 | C14: ='10'!G8 -> 22630.8 | D14: ='10'!G15 -> 1067.45 | E14: ='10'!G20 -> 325 | F14: =SUM('10'!G35,'10'!G49) -> 3178.4 | G14: =SUM('10'!G37,'10'!G51) -> 1099.91 | H14: =SUM('10'!G38,'10'!G52) -> 2586 | I14: =SUM('10'!G39,'10'!G53) -> 4085.28 | J14: =SUM('10'!G41,'10'!G42,'10'!G55,'10'!G56) -> 3216.14 | K14: =SUM('10'!G43,'10'!G57) -> 2560.8 | L14: ='10'!G50 -> 1718.76 | M14: ='10'!G36 -> 1092.58 | N14: ='10'!G138 -> 120 | O14: ='10'!$G$139 -> 153 | P14: ='10'!$G$140 -> 27.19 | Q14: ='10'!$G$141 -> 219.68 | R14: ='10'!$G$142 -> 131.93 | S14: ='10'!$G$145 -> 113.93 | T14: ='10'!$G$146 -> 57 | U14: ='10'!$G$144 -> 220 | V14: ='10'!$G$147 -> 473.08 | W14: ='10'!$G$148 -> 398 | X14: ='10'!$G$143 -> 35.65 | Y14: ='10'!$G$58 -> 219.24 | Z14: ='10'!$G$151 -> 282 | AA14: ='10'!G161 -> 134.04 | AB14: ='10'!G162 -> 20 | AD14: ='10'!G163+'10'!G164 -> 5 | AE14: ='10'!$G$116 -> 406.82 | AF14: ='10'!$G$117 -> 256.6 | AG14: ='10'!$G$118 -> 639.12 | AH14: ='10'!$G$119 -> 11.43 | AI14: ='10'!$G$120 -> 422.89 | AJ14: ='10'!$G$121 -> 418.37 | AK14: ='10'!$G$122 -> 309.05 | AL14: ='10'!$G$123 -> 318.57 | AM14: ='10'!$G$133 -> 640 | AN14: ='10'!$G$15 -> 1067.45 | AO14: ='10'!$G$74 -> 272.74 | AP14: ='10'!$G$75 -> 0 | AQ14: ='10'!$G$76 -> 122.93 | AR14: ='10'!$G$77 -> 54 | AS14: ='10'!$G$78 -> -0.4 | AT14: =AN14-SUM(AO14:AS14) -> 618.18 | AU14: =SUM('10'!G91:G92) -> 11.27 | AV14: ='10'!$G$88 -> 0 | AW14: ='10'!$G$89 -> 9.88 | AX14: ='10'!$G$90 -> 10.04 | AY14: =SUM(AV14:AX14) -> 19.92 | AZ14: =AO14/AU14 -> 24.200532 | BA14: =AT14/AY14 -> 31.033133 | BB14: =C14-SUM(F14:K14,Y14) -> 5685.03 | BC14: =BB14/B14% -> 25.195134
A15: 11 | B15: ='11'!G7 -> 21733.96 | C15: ='11'!G8 -> 21797.04 | D15: ='11'!G15 -> 1121.55 | E15: ='11'!G20 -> 296 | F15: =SUM('11'!G35,'11'!G49) -> 3185.92 | G15: =SUM('11'!G37,'11'!G51) -> 1031.92 | H15: =SUM('11'!G38,'11'!G52) -> 2507.73 | I15: =SUM('11'!G39,'11'!G53) -> 3897.76 | J15: =SUM('11'!G41,'11'!G42,'11'!G55,'11'!G56) -> 3042.66 | K15: =SUM('11'!G43,'11'!G57) -> 2372.64 | L15: ='11'!G50 -> 1424.2 | M15: ='11'!G36 -> 1133.64 | N15: ='11'!G138 -> 112 | O15: ='11'!$G$139 -> 182 | P15: ='11'!$G$140 -> 22.52 | Q15: ='11'!$G$141 -> 235 | R15: ='11'!$G$142 -> 113 | S15: ='11'!$G$145 -> 113 | T15: ='11'!$G$146 -> 56 | U15: ='11'!$G$144 -> 226 | V15: ='11'!$G$147 -> 396 | W15: ='11'!$G$148 -> 446 | X15: ='11'!$G$143 -> 33.38 | Y15: ='11'!$G$58 -> 235.53 | Z15: ='11'!$G$151 -> 283 | AA15: ='11'!G161 -> 70 | AB15: ='11'!G162 -> 18.8 | AC15: ='11'!G88 -> 0 | AD15: ='11'!G163+'11'!G164 -> 5 | AE15: ='11'!$G$116 -> 376.61 | AF15: ='11'!$G$117 -> 251.62 | AG15: ='11'!$G$118 -> 602.46 | AH15: ='11'!$G$119 -> 10.79 | AI15: ='11'!$G$120 -> 397.33 | AJ15: ='11'!$G$121 -> 418.7 | AK15: ='11'!$G$122 -> 313.31 | AL15: ='11'!$G$123 -> 267.43 | AM15: ='11'!$G$133 -> 750 | AN15: ='11'!$G$15 -> 1121.55 | AO15: ='11'!$G$74 -> 265.36 | AP15: ='11'!$G$75 -> 0 | AQ15: ='11'!$G$76 -> 118.34 | AR15: ='11'!$G$77 -> 62.2 | AS15: ='11'!$G$78 -> 0 | AT15: =AN15-SUM(AO15:AS15) -> 675.65 | AU15: =SUM('11'!G91:G92) -> 10.88 | AV15: ='11'!$G$88 -> 0 | AW15: ='11'!$G$89 -> 11.35 | AX15: ='11'!$G$90 -> 12.11 | AY15: =SUM(AV15:AX15) -> 23.46 | AZ15: =AO15/AU15 -> 24.389706 | BA15: =AT15/AY15 -> 28.800085 | BB15: =C15-SUM(F15:K15,Y15) -> 5522.88 | BC15: =BB15/B15% -> 25.411292
A16: 12 | B16: ='12'!G7 -> 22478.85 | C16: ='12'!G8 -> 22425.61 | D16: ='12'!G15 -> 1100 | E16: ='12'!G20 -> 411 | F16: =SUM('12'!G35,'12'!G49) -> 3424.5 | G16: =SUM('12'!G37,'12'!G51) -> 1048.66 | H16: =SUM('12'!G38,'12'!G52) -> 2429.92 | I16: =SUM('12'!G39,'12'!G53) -> 4085.82 | J16: =SUM('12'!G41,'12'!G42,'12'!G55,'12'!G56) -> 3707.45 | K16: =SUM('12'!G43,'12'!G57) -> 2405.05 | L16: ='12'!G50 -> 1380.57 | M16: ='12'!G36 -> 1112.15 | N16: ='12'!G138 -> 106 | O16: ='12'!$G$139 -> 169 | P16: ='12'!$G$140 -> 21.6 | Q16: ='12'!$G$141 -> 226 | R16: ='12'!$G$142 -> 92.935 | S16: ='12'!$G$145 -> 120 | T16: ='12'!$G$146 -> 57 | U16: ='12'!$G$144 -> 243 | V16: ='12'!$G$147 -> 391.96 | W16: ='12'!$G$148 -> 451.88 | X16: ='12'!$G$143 -> 26.62 | Y16: ='12'!$G$58 -> 195.18 | Z16: ='12'!$G$151 -> 250 | AA16: ='12'!G161 -> 227.4 | AB16: ='12'!G162 -> 41.2 | AC16: ='12'!G88 -> 0 | AD16: ='12'!G163+'12'!G164 -> 7.5 | AE16: ='12'!$G$116 -> 341.39 | AF16: ='12'!$G$117 -> 255.13 | AG16: ='12'!$G$118 -> 643.54 | AH16: ='12'!$G$119 -> 11.21 | AI16: ='12'!$G$120 -> 399.67 | AJ16: ='12'!$G$121 -> 433.3 | AK16: ='12'!$G$122 -> 359.69 | AL16: ='12'!$G$123 -> 309.13 | AM16: ='12'!$G$133 -> 720 | AN16: ='12'!$G$15 -> 1100 | AO16: ='12'!$G$74 -> 297.9 | AP16: ='12'!$G$75 -> 0.2 | AQ16: ='12'!$G$76 -> 124.66 | AR16: ='12'!$G$77 -> 49.8 | AS16: ='12'!$G$78 -> 0 | AT16: =AN16-SUM(AO16:AS16) -> 627.44 | AU16: =SUM('12'!G91:G92) -> 11.44 | AV16: ='12'!$G$88 -> 0 | AW16: ='12'!$G$89 -> 9.79 | AX16: ='12'!$G$90 -> 10.69 | AY16: =SUM(AV16:AX16) -> 20.48 | AZ16: =AO16/AU16 -> 26.04021 | BA16: =AT16/AY16 -> 30.636719 | BB16: =C16-SUM(F16:K16,Y16) -> 5129.03 | BC16: =BB16/B16% -> 22.817137
A17: 13 | B17: ='13'!G7 -> 22793 | C17: ='13'!G8 -> 23047 | D17: ='13'!G15 -> 1014 | E17: ='13'!G20 -> 378 | F17: =SUM('13'!G35,'13'!G49) -> 3155.31 | G17: =SUM('13'!G37,'13'!G51) -> 989 | H17: =SUM('13'!G38,'13'!G52) -> 2439 | I17: =SUM('13'!G39,'13'!G53) -> 3939 | J17: =SUM('13'!G41,'13'!G42,'13'!G55,'13'!G56) -> 3994.19 | K17: =SUM('13'!G43,'13'!G57) -> 2292.15 | L17: ='13'!G50 -> 1259 | M17: ='13'!G36 -> 1045 | N17: ='13'!G138 -> 132 | O17: ='13'!$G$139 -> 179 | P17: ='13'!$G$140 -> 19.88 | Q17: ='13'!$G$141 -> 233 | R17: ='13'!$G$142 -> 93.065 | S17: ='13'!$G$145 -> 152 | T17: ='13'!$G$146 -> 52 | U17: ='13'!$G$144 -> 242 | V17: ='13'!$G$147 -> 393.92 | W17: ='13'!$G$148 -> 407.04 | X17: ='13'!$G$143 -> 31 | Y17: ='13'!$G$58 -> 205.67 | Z17: ='13'!$G$151 -> 242 | AA17: ='13'!G161 -> 189.44 | AB17: ='13'!G162 -> 16 | AC17: ='13'!G88 -> 0 | AD17: ='13'!G163+'13'!G164 -> 7.7 | AE17: ='13'!$G$116 -> 314 | AF17: ='13'!$G$117 -> 225 | AG17: ='13'!$G$118 -> 631 | AH17: ='13'!$G$119 -> 13 | AI17: ='13'!$G$120 -> 404 | AJ17: ='13'!$G$121 -> 429 | AK17: ='13'!$G$122 -> 362 | AL17: ='13'!$G$123 -> 296 | AM17: ='13'!$G$133 -> 727 | AN17: ='13'!$G$15 -> 1014 | AO17: ='13'!$G$74 -> 298 | AP17: ='13'!$G$75 -> -0.4 | AQ17: ='13'!$G$76 -> 111 | AR17: ='13'!$G$77 -> 47 | AS17: ='13'!$G$78 -> 0 | AT17: =AN17-SUM(AO17:AS17) -> 558.4 | AU17: =SUM('13'!G91:G92) -> 11.4 | AV17: ='13'!$G$88 -> 0 | AW17: ='13'!$G$89 -> 9.67 | AX17: ='13'!$G$90 -> 11.2 | AY17: =SUM(AV17:AX17) -> 20.87 | AZ17: =AO17/AU17 -> 26.140351 | BA17: =AT17/AY17 -> 26.756109 | BB17: =C17-SUM(F17:K17,Y17) -> 6032.68 | BC17: =BB17/B17% -> 26.467249
A18: 14 | B18: ='14'!G7 -> 26003 | C18: ='14'!G8 -> 26337 | D18: ='14'!G15 -> 1060 | E18: ='14'!G20 -> 377 | F18: =SUM('14'!G35,'14'!G49) -> 3419.69 | G18: =SUM('14'!G37,'14'!G51) -> 1067 | H18: =SUM('14'!G38,'14'!G52) -> 2633 | I18: =SUM('14'!G39,'14'!G53) -> 3636 | J18: =SUM('14'!G41,'14'!G42,'14'!G55,'14'!G56) -> 7314.81 | K18: =SUM('14'!G43,'14'!G57) -> 2841.85 | L18: ='14'!G50 -> 1665 | M18: ='14'!G36 -> 1258 | N18: ='14'!G138 -> 146 | O18: ='14'!$G$139 -> 162 | P18: ='14'!$G$140 -> 22 | Q18: ='14'!$G$141 -> 239 | R18: ='14'!$G$142 -> 86 | S18: ='14'!$G$145 -> 201 | T18: ='14'!$G$146 -> 58 | U18: ='14'!$G$144 -> 234 | V18: ='14'!$G$147 -> 406.12 | W18: ='14'!$G$148 -> 450.08 | X18: ='14'!$G$143 -> 31 | Y18: ='14'!$G$58 -> 191.72 | Z18: ='14'!$G$151 -> 273 | AA18: ='14'!G161 -> 283.12 | AB18: ='14'!G162 -> 64 | AC18: ='14'!G88 -> 0 | AD18: ='14'!G163+'14'!G164 -> 7.4 | AE18: ='14'!$G$116 -> 380 | AF18: ='14'!$G$117 -> 247 | AG18: ='14'!$G$118 -> 663 | AH18: ='14'!$G$119 -> 13 | AI18: ='14'!$G$120 -> 419 | AJ18: ='14'!$G$121 -> 462 | AK18: ='14'!$G$122 -> 380 | AL18: ='14'!$G$123 -> 299 | AM18: ='14'!$G$133 -> 830 | AN18: ='14'!$G$15 -> 1060 | AO18: ='14'!$G$74 -> 291 | AP18: ='14'!$G$75 -> 0.2 | AQ18: ='14'!$G$76 -> 122 | AR18: ='14'!$G$77 -> 47 | AS18: ='14'!$G$78 -> 0 | AT18: =AN18-SUM(AO18:AS18) -> 599.8 | AU18: =SUM('14'!G91:G92) -> 10.93 | AV18: ='14'!$G$88 -> 0 | AW18: ='14'!$G$89 -> 10 | AX18: ='14'!$G$90 -> 11 | AY18: =SUM(AV18:AX18) -> 21 | AZ18: =AO18/AU18 -> 26.623971 | BA18: =AT18/AY18 -> 28.561905 | BB18: =C18-SUM(F18:K18,Y18) -> 5232.93 | BC18: =BB18/B18% -> 20.124332
A19: 15 | B19: ='15'!G7 -> 24529 | C19: ='15'!G8 -> 24648 | D19: ='15'!G15 -> 1060 | E19: ='15'!G20 -> 382 | F19: =SUM('15'!G35,'15'!G49) -> 3092 | G19: =SUM('15'!G37,'15'!G51) -> 1075 | H19: =SUM('15'!G38,'15'!G52) -> 591.76 | I19: =SUM('15'!G39,'15'!G53) -> 4668 | J19: =SUM('15'!G41,'15'!G42,'15'!G55,'15'!G56) -> 6679.45 | K19: =SUM('15'!G43,'15'!G57) -> 4668 | L19: ='15'!G50 -> 1451 | M19: ='15'!G36 -> 1125 | N19: ='15'!G138 -> 107 | O19: ='15'!$G$139 -> 161 | P19: ='15'!$G$140 -> 21 | Q19: ='15'!$G$141 -> 228 | R19: ='15'!$G$142 -> 84 | S19: ='15'!$G$145 -> 188 | T19: ='15'!$G$146 -> 43 | U19: ='15'!$G$144 -> 244 | V19: ='15'!$G$147 -> 419 | W19: ='15'!$G$148 -> 411 | X19: ='15'!$G$143 -> 27 | Y19: ='15'!$G$58 -> 189.61 | Z19: ='15'!$G$151 -> 248 | AA19: ='15'!G161 -> 260.04 | AB19: ='15'!G162 -> 56 | AC19: ='15'!G88 -> 0 | AD19: ='15'!G163+'15'!G164 -> 10.4 | AE19: ='15'!$G$116 -> 372 | AF19: ='15'!$G$117 -> 265 | AG19: ='15'!$G$118 -> 640 | AH19: ='15'!$G$119 -> 12 | AI19: ='15'!$G$120 -> 394 | AJ19: ='15'!$G$121 -> 439 | AK19: ='15'!$G$122 -> 364 | AL19: ='15'!$G$123 -> 298 | AM19: ='15'!$G$133 -> 738 | AN19: ='15'!$G$15 -> 1060 | AO19: ='15'!$G$74 -> 113 | AP19: ='15'!$G$75 -> 0 | AQ19: ='15'!$G$76 -> 117 | AR19: ='15'!$G$77 -> 59 | AS19: ='15'!$G$78 -> 0 | AT19: =AN19-SUM(AO19:AS19) -> 771 | AU19: =SUM('15'!G91:G92) -> 11.7 | AV19: ='15'!$G$88 -> 0 | AW19: ='15'!$G$89 -> 9 | AX19: ='15'!$G$90 -> 11 | AY19: =SUM(AV19:AX19) -> 20 | AZ19: =AO19/AU19 -> 9.6581197 | BA19: =AT19/AY19 -> 38.55 | BB19: =C19-SUM(F19:K19,Y19) -> 3684.18 | BC19: =BB19/B19% -> 15.019691
A20: 16 | B20: ='16'!G7 -> 23674 | C20: ='16'!G8 -> 23854 | D20: ='16'!G15 -> 1026 | E20: ='16'!G20 -> 322 | F20: =SUM('16'!G35,'16'!G49) -> 3286.12 | G20: =SUM('16'!G37,'16'!G51) -> 1038.43 | H20: =SUM('16'!G38,'16'!G52) -> 0.59 | I20: =SUM('16'!G39,'16'!G53) -> 4071.46 | J20: =SUM('16'!G41,'16'!G42,'16'!G55,'16'!G56) -> 6364.66 | K20: =SUM('16'!G43,'16'!G57) -> 5085 | L20: ='16'!G50 -> 1329.27 | M20: ='16'!G36 -> 1024.79 | N20: ='16'!G138 -> 150 | O20: ='16'!$G$139 -> 183 | P20: ='16'!$G$140 -> 24.2 | Q20: ='16'!$G$141 -> 246.69 | R20: ='16'!$G$142 -> 104.63 | S20: ='16'!$G$145 -> 176.3 | T20: ='16'!$G$146 -> 28 | U20: ='16'!$G$144 -> 240 | V20: ='16'!$G$147 -> 403.14 | W20: ='16'!$G$148 -> 360.52 | X20: ='16'!$G$143 -> 29.9 | Y20: ='16'!$G$58 -> 273.37 | Z20: ='16'!$G$151 -> 347 | AA20: ='16'!G161 -> 193.72 | AB20: ='16'!G162 -> 64 | AC20: ='16'!G88 -> 0 | AD20: ='16'!G163+'16'!G164 -> 2.2 | AE20: ='16'!$G$116 -> 329.9 | AF20: ='16'!$G$117 -> 276.73 | AG20: ='16'!$G$118 -> 632.08 | AH20: ='16'!$G$119 -> 13.9 | AI20: ='16'!$G$120 -> 419.3 | AJ20: ='16'!$G$121 -> 451.7 | AK20: ='16'!$G$122 -> 348.6 | AL20: ='16'!$G$123 -> 305.47 | AM20: ='16'!$G$133 -> 697 | AN20: ='16'!$G$15 -> 1026 | AO20: ='16'!$G$74 -> 476 | AP20: ='16'!$G$75 -> 0 | AQ20: ='16'!$G$76 -> 104.98 | AR20: ='16'!$G$77 -> 47 | AS20: ='16'!$G$78 -> 0 | AT20: =AN20-SUM(AO20:AS20) -> 398.02 | AU20: =SUM('16'!G91:G92) -> 11.18 | AV20: ='16'!$G$88 -> 0 | AW20: ='16'!$G$89 -> 10.92 | AX20: ='16'!$G$90 -> 10.47 | AY20: =SUM(AV20:AX20) -> 21.39 | AZ20: =AO20/AU20 -> 42.576029 | BA20: =AT20/AY20 -> 18.607761 | BB20: =C20-SUM(F20:K20,Y20) -> 3734.37 | BC20: =BB20/B20% -> 15.77414
A21: 17 | B21: ='17'!G7 -> 25766 | C21: ='17'!G8 -> 25992 | D21: ='17'!G15 -> 1093 | E21: ='17'!G20 -> 353 | F21: =SUM('17'!G35,'17'!G49) -> 3112.34 | G21: =SUM('17'!G37,'17'!G51) -> 1046.19 | H21: =SUM('17'!G38,'17'!G52) -> 0 | I21: =SUM('17'!G39,'17'!G53) -> 4177.52 | J21: =SUM('17'!G41,'17'!G42,'17'!G55,'17'!G56) -> 5853 | K21: =SUM('17'!G43,'17'!G57) -> 2554.59 | L21: ='17'!G50 -> 1633.64 | M21: ='17'!G36 -> 1147.02 | N21: ='18 '!G138 -> 158 | O21: ='17'!$G$139 -> 184 | P21: ='17'!$G$140 -> 22.2 | Q21: ='17'!$G$141 -> 237.01 | R21: ='17'!$G$142 -> 135.49 | S21: ='17'!$G$145 -> 184.7 | T21: ='17'!$G$146 -> 36 | U21: ='17'!$G$144 -> 254 | V21: ='17'!$G$147 -> 394.63 | W21: ='17'!$G$148 -> 447.81 | X21: ='17'!$G$143 -> 27.9 | Y21: ='17'!$G$58 -> 260.58 | Z21: ='17'!$G$151 -> 293 | AA21: ='17'!G161 -> 207.28 | AB21: ='17'!G162 -> 47.3 | AC21: ='17'!G88 -> 0 | AD21: ='17'!G163+'17'!G164 -> 3.7 | AE21: ='17'!$G$116 -> 355.5 | AF21: ='17'!$G$117 -> 252.17 | AG21: ='17'!$G$118 -> 621.42 | AH21: ='17'!$G$119 -> 14.3 | AI21: ='17'!$G$120 -> 438.38 | AJ21: ='17'!$G$121 -> 472.5 | AK21: ='17'!$G$122 -> 337.5 | AL21: ='17'!$G$123 -> 318.93 | AM21: ='17'!$G$133 -> 818 | AN21: ='17'!$G$15 -> 1093 | AO21: ='17'!$G$74 -> 299.35 | AP21: ='17'!$G$75 -> 0 | AQ21: ='17'!$G$76 -> 126.02 | AR21: ='17'!$G$77 -> 48 | AS21: ='17'!$G$78 -> 0 | AT21: =AN21-SUM(AO21:AS21) -> 619.63 | AU21: =SUM('17'!G91:G92) -> 11.12 | AV21: ='17'!$G$88 -> 0 | AW21: ='17'!$G$89 -> 10.22 | AX21: ='17'!$G$90 -> 11.96 | AY21: =SUM(AV21:AX21) -> 22.18 | AZ21: =AO21/AU21 -> 26.919964 | BA21: =AT21/AY21 -> 27.936429 | BB21: =C21-SUM(F21:K21,Y21) -> 8987.78 | BC21: =BB21/B21% -> 34.882326
A22: 18 | B22: ='18 '!G7 -> 24548 | C22: ='18 '!G8 -> 24731 | D22: ='18 '!G15 -> 1164 | E22: ='18 '!G20 -> 307 | F22: =SUM('18 '!G35,'18 '!G49) -> 3141.48 | G22: =SUM('18 '!G37,'18 '!G51) -> 1024.29 | H22: =SUM('18 '!G38,'18 '!G52) -> 0 | I22: =SUM('18 '!G39,'18 '!G53) -> 4065.21 | J22: =SUM('18 '!G41,'18 '!G42,'18 '!G55,'18 '!G56) -> 4692.33 | K22: =SUM('18 '!G43,'18 '!G57) -> 2839.48 | L22: ='18 '!G50 -> 1261.09 | M22: ='18 '!G36 -> 1445.09 | N22: ='18 '!G138 -> 158 | O22: ='18 '!$G$139 -> 166 | P22: ='18 '!$G$140 -> 21.1 | Q22: ='18 '!$G$141 -> 233.9 | R22: ='18 '!$G$142 -> 95.68 | S22: ='18 '!$G$145 -> 179.6 | T22: ='18 '!$G$146 -> 36 | U22: ='18 '!$G$144 -> 238 | V22: ='18 '!$G$147 -> 425.27 | W22: ='18 '!$G$148 -> 575.55 | X22: ='18 '!$G$143 -> 32.4 | Y22: ='18 '!$G$58 -> 241.65 | Z22: ='18 '!$G$151 -> 309 | AA22: ='18 '!G161 -> 72.16 | AB22: ='18 '!G162 -> 26 | AC22: ='18 '!G88 -> 0 | AD22: ='18 '!G163+'18 '!G164 -> 3.7 | AE22: ='18 '!$G$116 -> 419.6 | AF22: ='18 '!$G$117 -> 259 | AG22: ='18 '!$G$118 -> 594.5 | AH22: ='18 '!$G$119 -> 12.8 | AI22: ='18 '!$G$120 -> 427.32 | AJ22: ='18 '!$G$121 -> 440.8 | AK22: ='18 '!$G$122 -> 300 | AL22: ='18 '!$G$123 -> 309.2 | AM22: ='18 '!$G$133 -> 831 | AN22: ='18 '!$G$15 -> 1164 | AO22: ='18 '!$G$74 -> 292.18 | AP22: ='18 '!$G$75 -> 0 | AQ22: ='18 '!$G$76 -> 148 | AR22: ='18 '!$G$77 -> 55 | AS22: ='18 '!$G$78 -> 0 | AT22: =AN22-SUM(AO22:AS22) -> 668.82 | AU22: =SUM('18 '!G91:G92) -> 11.66 | AV22: ='18 '!$G$88 -> 0 | AW22: ='18 '!$G$89 -> 11.04 | AX22: ='18 '!$G$90 -> 11.57 | AY22: =SUM(AV22:AX22) -> 22.61 | AZ22: =AO22/AU22 -> 25.058319 | BA22: =AT22/AY22 -> 29.580716 | BB22: =C22-SUM(F22:K22,Y22) -> 8726.56 | BC22: =BB22/B22% -> 35.548965
A23: 19 | B23: ='19'!G7 -> 22543.23 | C23: ='19'!G8 -> 22617.7 | D23: ='19'!G15 -> 1022 | E23: ='19'!G20 -> 388 | F23: =SUM('19'!G35,'19'!G49) -> 3279.57 | G23: =SUM('19'!G37,'19'!G51) -> 1033.45 | H23: =SUM('19'!G38,'19'!G52) -> 0 | I23: =SUM('19'!G39,'19'!G53) -> 4100.43 | J23: =SUM('19'!G41,'19'!G42,'19'!G55,'19'!G56) -> 3758.08 | K23: =SUM('19'!G43,'19'!G57) -> 2408.12 | L23: ='19'!G50 -> 1329.59 | M23: ='19'!G36 -> 956.6 | N23: ='19'!G138 -> 125 | O23: ='19'!$G$139 -> 143 | P23: ='19'!$G$140 -> 21.7 | Q23: ='19'!$G$141 -> 231.59 | R23: ='19'!G142 -> 110.1 | S23: ='19'!$G$145 -> 2 | T23: ='19'!$G$146 -> 52 | U23: ='19'!$G$144 -> 221 | V23: ='19'!$G$147 -> 363.6 | W23: ='19'!$G$148 -> 380.63 | X23: ='19'!$G$143 -> 30.6 | Y23: ='19'!$G$58 -> 256.4 | Z23: ='19'!$G$151 -> 245 | AA23: ='19'!G161 -> 196.4 | AB23: ='19'!G162 -> 34.7 | AC23: ='19'!G88 -> 0 | AD23: ='19'!G163+'19'!G164 -> 5.5 | AE23: ='19'!$G$116 -> 260.4 | AF23: ='19'!$G$117 -> 270.1 | AG23: ='19'!$G$118 -> 680.3 | AH23: ='19'!$G$119 -> 20 | AI23: ='19'!$G$120 -> 425.8 | AJ23: ='19'!$G$121 -> 440 | AK23: ='19'!$G$122 -> 361.5 | AL23: ='19'!$G$123 -> 324.4 | AM23: ='19'!$G$133 -> 713 | AN23: ='19'!$G$15 -> 1022 | AO23: ='19'!$G$74 -> 298.36 | AP23: ='19'!$G$75 -> 0 | AQ23: ='19'!$G$76 -> 91 | AR23: ='19'!$G$77 -> 56 | AS23: ='19'!$G$78 -> 0 | AT23: =AN23-SUM(AO23:AS23) -> 576.64 | AU23: =SUM('19'!G91:G92) -> 11.48 | AV23: ='19'!$G$88 -> 0 | AW23: ='19'!$G$89 -> 10.31 | AX23: ='19'!$G$90 -> 10.78 | AY23: =SUM(AV23:AX23) -> 21.09 | AZ23: =AO23/AU23 -> 25.989547 | BA23: =AT23/AY23 -> 27.341868 | BB23: =C23-SUM(F23:K23,Y23) -> 7781.65 | BC23: =BB23/B23% -> 34.518789
A24: 20 | B24: ='20'!G7 -> 22916.77 | C24: ='20'!G8 -> 23058.3 | D24: ='20'!G15 -> 1116 | E24: ='20'!G20 -> 289 | F24: =SUM('20'!G35,'20'!G49) -> 3272.08 | G24: =SUM('20'!G37,'20'!G51) -> 1016.64 | H24: =SUM('20'!G38,'20'!G52) -> 0 | I24: =SUM('20'!G39,'20'!G53) -> 4036.38 | J24: =SUM('20'!G41,'20'!G42,'20'!G55,'20'!G56) -> 3723.72 | K24: =SUM('20'!G43,'20'!G57) -> 2528.81 | L24: ='20'!G50 -> 1771.41 | M24: ='20'!G36 -> 796.5 | N24: ='20'!G138 -> 115 | O24: ='20'!$G$139 -> 160 | P24: ='20'!$G$140 -> 20.8 | Q24: ='20'!$G$141 -> 216.81 | R24: ='20'!$G$142 -> 90.1 | S24: ='20'!$G$145 -> 130.4 | T24: ='20'!$G$146 -> 29 | U24: ='20'!$G$144 -> 216 | V24: ='20'!$G$147 -> 357.36 | W24: ='20'!$G$148 -> 334.49 | X24: ='20'!$G$143 -> 29.2 | Y24: ='20'!$G$58 -> 274 | Z24: ='20'!$G$151 -> 299 | AA24: ='20'!G161 -> 178.44 | AB24: ='20'!G162 -> 42.8 | AC24: ='20'!G88 -> 1.2 | AD24: ='20'!G163+'20'!G164 -> 3.9 | AE24: ='20'!$G$116 -> 294.6 | AF24: ='20'!$G$117 -> 292 | AG24: ='20'!$G$118 -> 624.7 | AH24: ='20'!$G$119 -> 23 | AI24: ='20'!$G$120 -> 404.2 | AJ24: ='20'!$G$121 -> 442 | AK24: ='20'!$G$122 -> 324.4 | AL24: ='20'!$G$123 -> 317 | AM24: ='20'!$G$133 -> 718 | AN24: ='20'!$G$15 -> 1116 | AO24: ='20'!$G$74 -> 286.11 | AP24: ='20'!$G$75 -> 0 | AQ24: ='20'!$G$76 -> 94 | AR24: ='20'!$G$77 -> 40 | AS24: ='20'!$G$78 -> 0 | AT24: =AN24-SUM(AO24:AS24) -> 695.89 | AU24: =SUM('20'!G91:G92) -> 10.86 | AV24: ='20'!$G$88 -> 1.2 | AW24: ='20'!$G$89 -> 10.51 | AX24: ='20'!$G$90 -> 12.22 | AY24: =SUM(AV24:AX24) -> 23.93 | AZ24: =AO24/AU24 -> 26.345304 | BA24: =AT24/AY24 -> 29.080234 | BB24: =C24-SUM(F24:K24,Y24) -> 8206.67 | BC24: =BB24/B24% -> 35.810762
A25: 21 | B25: ='21'!G7 -> 21875 | C25: ='21'!G8 -> 22002 | D25: ='21'!G15 -> 1103 | E25: ='21'!G20 -> 360 | F25: =SUM('21'!G35,'21'!G49) -> 3207.41 | G25: =SUM('21'!G37,'21'!G51) -> 1355.31 | H25: =SUM('21'!G38,'21'!G52) -> 1247.41 | I25: =SUM('21'!G39,'21'!G53) -> 3398 | J25: =SUM('21'!G41,'21'!G42,'21'!G55,'21'!G56) -> 3921 | K25: =SUM('21'!G43,'21'!G57) -> 2438 | L25: ='21'!G50 -> 1174 | M25: ='21'!G36 -> 863 | N25: ='21'!G138 -> 125 | O25: ='21'!$G$139 -> 157 | P25: ='21'!$G$140 -> 28 | Q25: ='21'!$G$141 -> 238 | R25: ='21'!$G$142 -> 113 | S25: ='21'!$G$145 -> 112 | T25: ='21'!$G$146 -> 28 | U25: ='21'!$G$144 -> 229 | V25: ='21'!$G$147 -> 363 | W25: ='21'!$G$148 -> 337 | X25: ='21'!$G$143 -> 32 | Y25: ='21'!$G$58 -> 255 | Z25: ='21'!$G$151 -> 278 | AA25: ='21'!G161 -> 168 | AB25: ='21'!G162 -> 46 | AC25: ='21'!G88 -> 9.59 | AD25: ='21'!G163+'21'!G164 -> 5 | AE25: ='21'!$G$116 -> 233 | AF25: ='21'!$G$117 -> 293 | AG25: ='21'!$G$118 -> 650 | AH25: ='21'!$G$119 -> 21 | AI25: ='21'!$G$120 -> 412 | AJ25: ='21'!$G$121 -> 430 | AK25: ='21'!$G$122 -> 309 | AL25: ='21'!$G$123 -> 318 | AM25: ='21'!$G$133 -> 788 | AN25: ='21'!$G$15 -> 1103 | AO25: ='21'!$G$74 -> 290 | AP25: ='21'!$G$75 -> 0 | AQ25: ='21'!$G$76 -> 115 | AR25: ='21'!$G$77 -> 60 | AS25: ='21'!$G$78 -> 0 | AT25: =AN25-SUM(AO25:AS25) -> 638 | AU25: =SUM('21'!G91:G92) -> 11 | AV25: ='21'!$G$88 -> 9.59 | AW25: ='21'!$G$89 -> 2.5 | AX25: ='21'!$G$90 -> 8 | AY25: =SUM(AV25:AX25) -> 20.09 | AZ25: =AO25/AU25 -> 26.363636 | BA25: =AT25/AY25 -> 31.757093 | BB25: =C25-SUM(F25:K25,Y25) -> 6179.87 | BC25: =BB25/B25% -> 28.250834
A26: 22 | B26: ='22'!G7 -> 22447 | C26: ='22'!G8 -> 22635 | D26: ='22'!G15 -> 1107 | E26: ='22'!G20 -> 279 | F26: =SUM('22'!G35,'22'!G49) -> 3070 | G26: =SUM('22'!G37,'22'!G51) -> 1505 | H26: =SUM('22'!G38,'22'!G52) -> 2573 | I26: =SUM('22'!G39,'22'!G53) -> 2823 | J26: =SUM('22'!G41,'22'!G42,'22'!G55,'22'!G56) -> 3700 | K26: =SUM('22'!G43,'22'!G57) -> 2564 | L26: ='22'!G50 -> 1260 | M26: ='22'!G36 -> 1016 | N26: ='22'!G138 -> 112 | O26: ='22'!$G$139 -> 160 | P26: ='22'!$G$140 -> 39 | Q26: ='22'!$G$141 -> 222 | R26: ='22'!$G$142 -> 123 | S26: ='22'!$G$145 -> 222 | T26: ='22'!$G$146 -> 30 | U26: ='22'!$G$144 -> 232 | V26: ='22'!$G$147 -> 384 | W26: ='22'!$G$148 -> 370 | X26: ='22'!$G$143 -> 29 | Y26: ='22'!$G$58 -> 272 | Z26: ='22'!$G$151 -> 282 | AA26: ='22'!G161 -> 186 | AB26: ='22'!G162 -> 42 | AC26: ='22'!G88 -> 10.89 | AD26: ='22'!G163+'22'!G164 -> 12 | AE26: ='22'!$G$116 -> 365 | AF26: ='22'!$G$117 -> 341 | AG26: ='22'!$G$118 -> 672 | AH26: ='22'!$G$119 -> 24 | AI26: ='22'!$G$120 -> 405 | AJ26: ='22'!$G$121 -> 454 | AK26: ='22'!$G$122 -> 314 | AL26: ='22'!$G$123 -> 313 | AM26: ='22'!$G$133 -> 773 | AN26: ='22'!$G$15 -> 1107 | AO26: ='22'!$G$74 -> 295 | AP26: ='22'!$G$75 -> 0 | AQ26: ='22'!$G$76 -> 99 | AR26: ='22'!$G$77 -> 53 | AS26: ='22'!$G$78 -> 0 | AT26: =AN26-SUM(AO26:AS26) -> 660 | AU26: =SUM('22'!G91:G92) -> 11.57 | AV26: ='22'!$G$88 -> 10.89 | AW26: ='22'!$G$89 -> 0.5 | AX26: ='22'!$G$90 -> 10 | AY26: =SUM(AV26:AX26) -> 21.39 | AZ26: =AO26/AU26 -> 25.496975 | BA26: =AT26/AY26 -> 30.85554 | BB26: =C26-SUM(F26:K26,Y26) -> 6128 | BC26: =BB26/B26% -> 27.299862
A27: 23 | B27: ='23'!G7 -> 20579 | C27: ='23'!G8 -> 20700 | D27: ='23'!G15 -> 1104 | E27: ='23'!G20 -> 258 | F27: =SUM('23'!G35,'23'!G49) -> 3019 | G27: =SUM('23'!G37,'23'!G51) -> 1455 | H27: =SUM('23'!G38,'23'!G52) -> 2361 | I27: =SUM('23'!G39,'23'!G53) -> 2721 | J27: =SUM('23'!G41,'23'!G42,'23'!G55,'23'!G56) -> 3018.63 | K27: =SUM('23'!G43,'23'!G57) -> 2563 | L27: ='23'!G50 -> 1163 | M27: ='23'!G36 -> 794 | N27: ='23'!G138 -> 139 | O27: ='23'!G139 -> 157 | P27: ='23'!$G$140 -> 27 | Q27: ='23'!$G$141 -> 217 | R27: ='23'!$G$142 -> 90 | S27: ='23'!$G$145 -> 197 | T27: ='23'!$G$146 -> 26 | U27: ='23'!$G$144 -> 230 | V27: ='23'!$G$147 -> 350 | W27: ='23'!$G$148 -> 251 | X27: ='23'!$G$143 -> 34 | Y27: ='23'!$G$58 -> 260 | Z27: ='23'!$G$151 -> 286 | AA27: ='23'!$G$161 -> 133 | AB27: ='23'!G162 -> 39 | AC27: ='23'!G88 -> 7.52 | AD27: ='23'!G163+'23'!G164 -> 2 | AE27: ='23'!$G$116 -> 319 | AF27: ='23'!$G$117 -> 297 | AG27: ='23'!$G$118 -> 614 | AH27: ='23'!$G$119 -> 19 | AI27: ='23'!$G$120 -> 412 | AJ27: ='23'!$G$121 -> 470 | AK27: ='23'!$G$122 -> 305 | AL27: ='23'!$G$123 -> 333 | AM27: ='23'!$G$133 -> 732 | AN27: ='23'!$G$15 -> 1104 | AO27: ='23'!$G$74 -> 297 | AP27: ='23'!$G$75 -> 0 | AQ27: ='23'!$G$76 -> 98 | AR27: ='23'!$G$77 -> 46 | AS27: ='23'!$G$78 -> 0 | AT27: =AN27-SUM(AO27:AS27) -> 663 | AU27: =SUM('23'!G91:G92) -> 11.43 | AV27: ='23'!$G$88 -> 7.52 | AW27: ='23'!$G$89 -> 4 | AX27: ='23'!$G$90 -> 11 | AY27: =SUM(AV27:AX27) -> 22.52 | AZ27: =AO27/AU27 -> 25.984252 | BA27: =AT27/AY27 -> 29.440497 | BB27: =C27-SUM(F27:K27,Y27) -> 5302.37 | BC27: =BB27/B27% -> 25.765926
