Workbook

Sheet TOTAL
A1: Site Name | B1: Day | C1: Month | D1: Year | E1: Total Electricity Kwh | F1: Electricity Tariff ($/Kwh) | G1: LPG (Kg) | H1: LPG $/Kg | I1: District Energy Cooling Kwh | J1: District Energy Cooling $/Kwh | K1: Water Utility Supply (m3) m3 | L1: Water Utility Supply (m3) $/m3 | M1: Room Nights | N1: Food Covers
A2: Macao | B2: 1 | C2: 5 | D2: 2022 | E2: ='Macao Daily'!D5 -> 33351 | F2: 1.2532 | G2: ='Macao Daily'!F5 -> 83 | H2: 9.8556 | I2: ='Macao Daily'!H5 -> 36680 | J2: 0.23 | K2: ='Macao Daily'!J5 -> 729 | L2: 7.7614 | M2: ='Macao Daily'!K5 -> 347 | N2: ='Macao Daily'!L5 -> 808
A3: Macao | B3: =B2+1 -> 2 | C3: 5 | D3: 2022 | E3: ='Macao Daily'!D6 -> 32623 | F3: 1.2532 | G3: ='Macao Daily'!F6 -> 74 | H3: 9.8556 | I3: ='Macao Daily'!H6 -> 27179 | J3: 0.23 | K3: ='Macao Daily'!J6 -> 699 | L3: 7.7614 | M3: ='Macao Daily'!K6 -> 277 | N3: ='Macao Daily'!L6 -> 730
A4: Macao | B4: =B3+1 -> 3 | C4: 5 | D4: 2022 | E4: ='Macao Daily'!D7 -> 33401 | F4: 1.2532 | G4: ='Macao Daily'!F7 -> 73 | H4: 9.8556 | I4: ='Macao Daily'!H7 -> 31571 | J4: 0.23 | K4: ='Macao Daily'!J7 -> 661 | L4: 7.7614 | M4: ='Macao Daily'!K7 -> 166 | N4: ='Macao Daily'!L7 -> 636
A5: Macao | B5: =B4+1 -> 4 | C5: 5 | D5: 2022 | E5: ='Macao Daily'!D8 -> 31480 | F5: 1.2532 | G5: ='Macao Daily'!F8 -> 63 | H5: 9.8556 | I5: ='Macao Daily'!H8 -> 35875 | J5: 0.23 | K5: ='Macao Daily'!J8 -> 606 | L5: 7.7614 | M5: ='Macao Daily'!K8 -> 75 | N5: ='Macao Daily'!L8 -> 285
A6: Macao | B6: =B5+1 -> 5 | C6: 5 | D6: 2022 | E6: ='Macao Daily'!D9 -> 31254 | F6: 1.2532 | G6: ='Macao Daily'!F9 -> 58 | H6: 9.8556 | I6: ='Macao Daily'!H9 -> 43828 | J6: 0.23 | K6: ='Macao Daily'!J9 -> 549 | L6: 7.7614 | M6: ='Macao Daily'!K9 -> 76 | N6: ='Macao Daily'!L9 -> 178
A7: Macao | B7: =B6+1 -> 6 | C7: 5 | D7: 2022 | E7: ='Macao Daily'!D10 -> 32067 | F7: 1.2532 | G7: ='Macao Daily'!F10 -> 59 | H7: 9.8556 | I7: ='Macao Daily'!H10 -> 49797 | J7: 0.23 | K7: ='Macao Daily'!J10 -> 577 | L7: 7.7614 | M7: ='Macao Daily'!K10 -> 83 | N7: ='Macao Daily'!L10 -> 238
A8: Macao | B8: =B7+1 -> 7 | C8: 5 | D8: 2022 | E8: ='Macao Daily'!D11 -> 30906 | F8: 1.2532 | G8: ='Macao Daily'!F11 -> 57 | H8: 9.8556 | I8: ='Macao Daily'!H11 -> 48140 | J8: 0.23 | K8: ='Macao Daily'!J11 -> 611 | L8: 7.7614 | M8: ='Macao Daily'!K11 -> 83 | N8: ='Macao Daily'!L11 -> 541
A9: Macao | B9: =B8+1 -> 8 | C9: 5 | D9: 2022 | E9: ='Macao Daily'!D12 -> 31643 | F9: 1.2532 | G9: ='Macao Daily'!F12 -> 86 | H9: 9.8556 | I9: ='Macao Daily'!H12 -> 44297 | J9: 0.23 | K9: ='Macao Daily'!J12 -> 625 | L9: 7.7614 | M9: ='Macao Daily'!K12 -> 82 | N9: ='Macao Daily'!L12 -> 508
A10: Macao | B10: =B9+1 -> 9 | C10: 5 | D10: 2022 | E10: ='Macao Daily'!D13 -> 31508 | F10: 1.2532 | G10: ='Macao Daily'!F13 -> 64 | H10: 9.8556 | I10: ='Macao Daily'!H13 -> 47586 | J10: 0.23 | K10: ='Macao Daily'!J13 -> 613 | L10: 7.7614 | M10: ='Macao Daily'!K13 -> 58 | N10: ='Macao Daily'!L13 -> 368
A11: Macao | B11: =B10+1 -> 10 | C11: 5 | D11: 2022 | E11: ='Macao Daily'!D14 -> 29800 | F11: 1.2532 | G11: ='Macao Daily'!F14 -> 39 | H11: 9.8556 | I11: ='Macao Daily'!H14 -> 55703 | J11: 0.23 | K11: ='Macao Daily'!J14 -> 547 | L11: 7.7614 | M11: ='Macao Daily'!K14 -> 62 | N11: ='Macao Daily'!L14 -> 75
A12: Macao | B12: =B11+1 -> 11 | C12: 5 | D12: 2022 | E12: ='Macao Daily'!D15 -> 31911 | F12: 1.2532 | G12: ='Macao Daily'!F15 -> 45 | H12: 9.8556 | I12: ='Macao Daily'!H15 -> 64844 | J12: 0.23 | K12: ='Macao Daily'!J15 -> 545 | L12: 7.7614 | M12: ='Macao Daily'!K15 -> 58 | N12: ='Macao Daily'!L15 -> 377
A13: Macao | B13: =B12+1 -> 12 | C13: 5 | D13: 2022 | E13: ='Macao Daily'!D16 -> 31999 | F13: 1.2532 | G13: ='Macao Daily'!F16 -> 45 | H13: 9.8556 | I13: ='Macao Daily'!H16 -> 58133 | J13: 0.23 | K13: ='Macao Daily'!J16 -> 560 | L13: 7.7614 | M13: ='Macao Daily'!K16 -> 66 | N13: ='Macao Daily'!L16 -> 78
A14: Macao | B14: =B13+1 -> 13 | C14: 5 | D14: 2022 | E14: ='Macao Daily'!D17 -> 32268 | F14: 1.2532 | G14: ='Macao Daily'!F17 -> 65 | H14: 9.8556 | I14: ='Macao Daily'!H17 -> 48593 | J14: 0.23 | K14: ='Macao Daily'!J17 -> 564 | L14: 7.7614 | M14: ='Macao Daily'!K17 -> 92 | N14: ='Macao Daily'!L17 -> 213
... A32: Macao | B32: =B31+1 -> 31 | C32: 5 | D32: 2022 | E32: ='Macao Daily'!D35 -> 28054 | F32: 1.2532 | G32: ='Macao Daily'!F35 -> 40 | H32: 9.8556 | I32: ='Macao Daily'!H35 -> 60453 | J32: 0.23 | K32: ='Macao Daily'!J35 -> 522 | L32: 7.7614 | M32: ='Macao Daily'!K35 -> 57 | N32: ='Macao Daily'!L35 -> 116

Sheet Macao Daily
A2: Days | C2: Electricity Meter (KWh) | E2: Gas Kg | G2: District Cooling (KWh) | I2: Water m3
A3: Date | C3: Reading KWH | D3: Difference KWH | E3: Reading m3 | F3: Difference KWH | G3: Reading KWh | H3: Difference KWH | I3: Reading m³ | J3: Daily Consumption m³ | K3: ROOM NIGHTS | L3: TOTAL GUESTS
A4: 44681 | C4: 37875599 | E4: 550994 | G4: 115269268 | I4: 1759277 | K4: 283 | L4: 565
A5: 44682 | C5: 37908950 | D5: =IF((C5-C4<0), "0",C5-C4) -> 33351 | E5: 551077 | F5: =IF((E5-E4<0), "0",E5-E4) -> 83 | G5: 115305948 | H5: =IF((G5-G4<0), "0",G5-G4) -> 36680 | I5: 1760006 | J5: =IF((I5-I4<0), "0",I5-I4) -> 729 | K5: 347 | L5: 808
A6: 44683 | C6: 37941573 | D6: =IF((C6-C5<0), "0",C6-C5) -> 32623 | E6: 551151 | F6: =IF((E6-E5<0), "0",E6-E5) -> 74 | G6: 115333127 | H6: =IF((G6-G5<0), "0",G6-G5) -> 27179 | I6: 1760705 | J6: =IF((I6-I5<0), "0",I6-I5) -> 699 | K6: 277 | L6: 730
A7: 44684 | C7: 37974974 | D7: =IF((C7-C6<0), "0",C7-C6) -> 33401 | E7: 551224 | F7: =IF((E7-E6<0), "0",E7-E6) -> 73 | G7: 115364698 | H7: =IF((G7-G6<0), "0",G7-G6) -> 31571 | I7: 1761366 | J7: =IF((I7-I6<0), "0",I7-I6) -> 661 | K7: 166 | L7: 636
A8: 44685 | C8: 38006454 | D8: =IF((C8-C7<0), "0",C8-C7) -> 31480 | E8: 551287 | F8: =IF((E8-E7<0), "0",E8-E7) -> 63 | G8: 115400573 | H8: =IF((G8-G7<0), "0",G8-G7) -> 35875 | I8: 1761972 | J8: =IF((I8-I7<0), "0",I8-I7) -> 606 | K8: 75 | L8: 285
A9: 44686 | C9: 38037708 | D9: =IF((C9-C8<0), "0",C9-C8) -> 31254 | E9: 551345 | F9: =IF((E9-E8<0), "0",E9-E8) -> 58 | G9: 115444401 | H9: =IF((G9-G8<0), "0",G9-G8) -> 43828 | I9: 1762521 | J9: =IF((I9-I8<0), "0",I9-I8) -> 549 | K9: 76 | L9: 178
A10: 44687 | C10: 38069775 | D10: =IF((C10-C9<0), "0",C10-C9) -> 32067 | E10: 551404 | F10: =IF((E10-E9<0), "0",E10-E9) -> 59 | G10: 115494198 | H10: =IF((G10-G9<0), "0",G10-G9) -> 49797 | I10: 1763098 | J10: =IF((I10-I9<0), "0",I10-I9) -> 577 | K10: 83 | L10: 238
A11: 44688 | C11: 38100681 | D11: =IF((C11-C10<0), "0",C11-C10) -> 30906 | E11: 551461 | F11: =IF((E11-E10<0), "0",E11-E10) -> 57 | G11: 115542338 | H11: =IF((G11-G10<0), "0",G11-G10) -> 48140 | I11: 1763709 | J11: =IF((I11-I10<0), "0",I11-I10) -> 611 | K11: 83 | L11: 541
A12: 44689 | C12: 38132324 | D12: =IF((C12-C11<0), "0",C12-C11) -> 31643 | E12: 551547 | F12: =IF((E12-E11<0), "0",E12-E11) -> 86 | G12: 115586635 | H12: =IF((G12-G11<0), "0",G12-G11) -> 44297 | I12: 1764334 | J12: =IF((I12-I11<0), "0",I12-I11) -> 625 | K12: 82 | L12: 508
A13: 44690 | C13: 38163832 | D13: =IF((C13-C12<0), "0",C13-C12) -> 31508 | E13: 551611 | F13: =IF((E13-E12<0), "0",E13-E12) -> 64 | G13: 115634221 | H13: =IF((G13-G12<0), "0",G13-G12) -> 47586 | I13: 1764947 | J13: =IF((I13-I12<0), "0",I13-I12) -> 613 | K13: 58 | L13: 368
A14: 44691 | C14: 38193632 | D14: =IF((C14-C13<0), "0",C14-C13) -> 29800 | E14: 551650 | F14: =IF((E14-E13<0), "0",E14-E13) -> 39 | G14: 115689924 | H14: =IF((G14-G13<0), "0",G14-G13) -> 55703 | I14: 1765494 | J14: =IF((I14-I13<0), "0",I14-I13) -> 547 | K14: 62 | L14: 75
A15: 44692 | C15: 38225543 | D15: =IF((C15-C14<0), "0",C15-C14) -> 31911 | E15: 551695 | F15: =IF((E15-E14<0), "0",E15-E14) -> 45 | G15: 115754768 | H15: =IF((G15-G14<0), "0",G15-G14) -> 64844 | I15: 1766039 | J15: =IF((I15-I14<0), "0",I15-I14) -> 545 | K15: 58 | L15: 377
A16: 44693 | C16: 38257542 | D16: =IF((C16-C15<0), "0",C16-C15) -> 31999 | E16: 551740 | F16: =IF((E16-E15<0), "0",E16-E15) -> 45 | G16: 115812901 | H16: =IF((G16-G15<0), "0",G16-G15) -> 58133 | I16: 1766599 | J16: =IF((I16-I15<0), "0",I16-I15) -> 560 | K16: 66 | L16: 78
... A35: 44712 | C35: 38825287 | D35: =IF((C35-C34<0), "0",C35-C34) -> 28054 | E35: 552788 | F35: =IF((E35-E34<0), "0",E35-E34) -> 40 | G35: 116778955 | H35: =IF((G35-G34<0), "0",G35-G34) -> 60453 | I35: 1777055 | J35: =IF((I35-I34<0), "0",I35-I34) -> 522 | K35: 57 | L35: 116
