Workbook

Sheet TOTAL
A1: Site Name | B1: Day | C1: Month | D1: Year | E1: Total Electricity Kwh | F1: Electricity Tariff ($/Kwh) | G1: LPG (Kg) | H1: LPG $/Kg | I1: Water Utility Supply (m3) m3 | J1: Water Utility Supply (m3) $/m3 | K1: Irrigation Water (m3) m3 | L1: Irrigation water $/m3 | M1: Room Nights | N1: Total Guests
A2: Dubai at Jumeirah Beach | B2: 1 | C2: 2 | D2: 2023 | E2: =Submetering!M2+Submetering!N2+Submetering!O2+Submetering!P2+Submetering!Q2+Submetering!R2+Submetering!S2+Submetering!T2+Submetering!U2+Submetering!V2 -> 36734.88 | F2: 0.44448 | G2: =Submetering!Z2+Submetering!AA2+Submetering!AB2 -> 899.64 | H2: =1.62/0.52 -> 3.1153846 | I2: =Submetering!G2 -> 498 | J2: 13.83 | K2: =Submetering!BL2 -> 232 | L2: 1.2 | M2: =Submetering!E2 -> 165.9 | N2: =Submetering!F2 -> 311
A3: Dubai at Jumeirah Beach | B3: =B2+1 -> 2 | C3: 2 | D3: 2023 | E3: =Submetering!M3+Submetering!N3+Submetering!O3+Submetering!P3+Submetering!Q3+Submetering!R3+Submetering!S3+Submetering!T3+Submetering!U3+Submetering!V3 -> 34737.36 | F3: 0.44448 | G3: =Submetering!Z3+Submetering!AA3+Submetering!AB3 -> 814.59 | H3: =1.62/0.52 -> 3.1153846 | I3: =Submetering!G3 -> 587 | J3: 13.83 | K3: =Submetering!BL3 -> 225 | L3: 1.2 | M3: =Submetering!E3 -> 165.9 | N3: =Submetering!F3 -> 322
A4: Dubai at Jumeirah Beach | B4: =B3+1 -> 3 | C4: 2 | D4: 2023 | E4: =Submetering!M4+Submetering!N4+Submetering!O4+Submetering!P4+Submetering!Q4+Submetering!R4+Submetering!S4+Submetering!T4+Submetering!U4+Submetering!V4 -> 38050.32 | F4: 0.44448 | G4: =Submetering!Z4+Submetering!AA4+Submetering!AB4 -> 791.91 | H4: =1.62/0.52 -> 3.1153846 | I4: =Submetering!G4 -> 577 | J4: 13.83 | K4: =Submetering!BL4 -> 221 | L4: 1.2 | M4: =Submetering!E4 -> 170.64 | N4: =Submetering!F4 -> 302
A5: Dubai at Jumeirah Beach | B5: =B4+1 -> 4 | C5: 2 | D5: 2023 | E5: =Submetering!M5+Submetering!N5+Submetering!O5+Submetering!P5+Submetering!Q5+Submetering!R5+Submetering!S5+Submetering!T5+Submetering!U5+Submetering!V5 -> 37416.96 | F5: 0.44448 | G5: =Submetering!Z5+Submetering!AA5+Submetering!AB5 -> 871.29 | H5: =1.62/0.52 -> 3.1153846 | I5: =Submetering!G5 -> 620 | J5: 13.83 | K5: =Submetering!BL5 -> 208 | L5: 1.2 | M5: =Submetering!E5 -> 180.12 | N5: =Submetering!F5 -> 312
A6: Dubai at Jumeirah Beach | B6: =B5+1 -> 5 | C6: 2 | D6: 2023 | E6: =Submetering!M6+Submetering!N6+Submetering!O6+Submetering!P6+Submetering!Q6+Submetering!R6+Submetering!S6+Submetering!T6+Submetering!U6+Submetering!V6 -> 38196.48 | F6: 0.44448 | G6: =Submetering!Z6+Submetering!AA6+Submetering!AB6 -> 875.07 | H6: =1.62/0.52 -> 3.1153846 | I6: =Submetering!G6 -> 533 | J6: 13.83 | K6: =Submetering!BL6 -> 225 | L6: 1.2 | M6: =Submetering!E6 -> 163.53 | N6: =Submetering!F6 -> 286
A7: Dubai at Jumeirah Beach | B7: =B6+1 -> 6 | C7: 2 | D7: 2023 | E7: =Submetering!M7+Submetering!N7+Submetering!O7+Submetering!P7+Submetering!Q7+Submetering!R7+Submetering!S7+Submetering!T7+Submetering!U7+Submetering!V7 -> 37709.28 | F7: 0.44448 | G7: =Submetering!Z7+Submetering!AA7+Submetering!AB7 -> 782.46 | H7: =1.62/0.52 -> 3.1153846 | I7: =Submetering!G7 -> 518 | J7: 13.83 | K7: =Submetering!BL7 -> 183 | L7: 1.2 | M7: =Submetering!E7 -> 170.64 | N7: =Submetering!F7 -> 290
A8: Dubai at Jumeirah Beach | B8: =B7+1 -> 7 | C8: 2 | D8: 2023 | E8: =Submetering!M8+Submetering!N8+Submetering!O8+Submetering!P8+Submetering!Q8+Submetering!R8+Submetering!S8+Submetering!T8+Submetering!U8+Submetering!V8 -> 38829.84 | F8: 0.44448 | G8: =Submetering!Z8+Submetering!AA8+Submetering!AB8 -> 740.88 | H8: =1.62/0.52 -> 3.1153846 | I8: =Submetering!G8 -> 588 | J8: 13.83 | K8: =Submetering!BL8 -> 201 | L8: 1.2 | M8: =Submetering!E8 -> 137.46 | N8: =Submetering!F8 -> 241
A9: Dubai at Jumeirah Beach | B9: =B8+1 -> 8 | C9: 2 | D9: 2023 | E9: =Submetering!M9+Submetering!N9+Submetering!O9+Submetering!P9+Submetering!Q9+Submetering!R9+Submetering!S9+Submetering!T9+Submetering!U9+Submetering!V9 -> 38391.36 | F9: 0.44448 | G9: =Submetering!Z9+Submetering!AA9+Submetering!AB9 -> 852.39 | H9: =1.62/0.52 -> 3.1153846 | I9: =Submetering!G9 -> 629 | J9: 13.83 | K9: =Submetering!BL9 -> 198 | L9: 1.2 | M9: =Submetering!E9 -> 161.16 | N9: =Submetering!F9 -> 268
A10: Dubai at Jumeirah Beach | B10: =B9+1 -> 9 | C10: 2 | D10: 2023 | E10: =Submetering!M10+Submetering!N10+Submetering!O10+Submetering!P10+Submetering!Q10+Submetering!R10+Submetering!S10+Submetering!T10+Submetering!U10+Submetering!V10 -> 37124.64 | F10: 0.44448 | G10: =Submetering!Z10+Submetering!AA10+Submetering!AB10 -> 916.65 | H10: =1.62/0.52 -> 3.1153846 | I10: =Submetering!G10 -> 610 | J10: 13.83 | K10: =Submetering!BL10 -> 195 | L10: 1.2 | M10: =Submetering!E10 -> 165.9 | N10: =Submetering!F10 -> 300
A11: Dubai at Jumeirah Beach | B11: =B10+1 -> 10 | C11: 2 | D11: 2023 | E11: =Submetering!M11+Submetering!N11+Submetering!O11+Submetering!P11+Submetering!Q11+Submetering!R11+Submetering!S11+Submetering!T11+Submetering!U11+Submetering!V11 -> 37416.96 | F11: 0.44448 | G11: =Submetering!Z11+Submetering!AA11+Submetering!AB11 -> 939.33 | H11: =1.62/0.52 -> 3.1153846 | I11: =Submetering!G11 -> 678 | J11: 13.83 | K11: =Submetering!BL11 -> 207 | L11: 1.2 | M11: =Submetering!E11 -> 158.79 | N11: =Submetering!F11 -> 308
A12: Dubai at Jumeirah Beach | B12: =B11+1 -> 11 | C12: 2 | D12: 2023 | E12: =Submetering!M12+Submetering!N12+Submetering!O12+Submetering!P12+Submetering!Q12+Submetering!R12+Submetering!S12+Submetering!T12+Submetering!U12+Submetering!V12 -> 38050.32 | F12: 0.44448 | G12: =Submetering!Z12+Submetering!AA12+Submetering!AB12 -> 903.42 | H12: =1.62/0.52 -> 3.1153846 | I12: =Submetering!G12 -> 584 | J12: 13.83 | K12: =Submetering!BL12 -> 378 | L12: 1.2 | M12: =Submetering!E12 -> 215.67 | N12: =Submetering!F12 -> 399
A13: Dubai at Jumeirah Beach | B13: =B12+1 -> 12 | C13: 2 | D13: 2023 | E13: =Submetering!M13+Submetering!N13+Submetering!O13+Submetering!P13+Submetering!Q13+Submetering!R13+Submetering!S13+Submetering!T13+Submetering!U13+Submetering!V13 -> 38976 | F13: 0.44448 | G13: =Submetering!Z13+Submetering!AA13+Submetering!AB13 -> 922.32 | H13: =1.62/0.52 -> 3.1153846 | I13: =Submetering!G13 -> 576 | J13: 13.83 | K13: =Submetering!BL13 -> 269 | L13: 1.2 | M13: =Submetering!E13 -> 215.67 | N13: =Submetering!F13 -> 391
A14: Dubai at Jumeirah Beach | B14: =B13+1 -> 13 | C14: 2 | D14: 2023 | E14: =Submetering!M14+Submetering!N14+Submetering!O14+Submetering!P14+Submetering!Q14+Submetering!R14+Submetering!S14+Submetering!T14+Submetering!U14+Submetering!V14 -> 37904.16 | F14: 0.44448 | G14: =Submetering!Z14+Submetering!AA14+Submetering!AB14 -> 801.36 | H14: =1.62/0.52 -> 3.1153846 | I14: =Submetering!G14 -> 529 | J14: 13.83 | K14: =Submetering!BL14 -> 253 | L14: 1.2 | M14: =Submetering!E14 -> 210.93 | N14: =Submetering!F14 -> 377
... A29: Dubai at Jumeirah Beach | B29: =B28+1 -> 28 | C29: 2 | D29: 2023 | E29: =Submetering!M29+Submetering!N29+Submetering!O29+Submetering!P29+Submetering!Q29+Submetering!R29+Submetering!S29+Submetering!T29+Submetering!U29+Submetering!V29 -> 0 | F29: 0.44448 | G29: =Submetering!Z29+Submetering!AA29+Submetering!AB29 -> 0 | H29: =1.62/0.52 -> 3.1153846 | I29: =Submetering!G29 -> 0 | J29: 13.83 | K29: =Submetering!BL29 -> 0 | L29: 1.2 | M29: =Submetering!E29 -> 0 | N29: =Submetering!F29 -> 0

Sheet Submetering
A1: Site Name | B1: Day | C1: Month | D1: Year | E1: Room Nights | F1: Total Guests | G1: Potable Water -IG (m3) | H1: Resort Water (m3) | I1: Irrigation Water (m3) | J1: Domestic Water for Irrigation (m3) | K1: Cooling Tower Water (m3) | L1: Cooling Tower Blowdown (m3) | M1: EMDB-1 All Pumps (KWh) | N1: EMDB-2 Elevators (KWh) | O1: MDB-1 Chiller #1 (KWh) | P1: MDB-2 Chiller #2 (KWh) | Q1: MDB-3 Chiller #3(KWh) | R1: MDB-4 North Riser (KWh) | S1: MDB-5 North Riser (KWh) | T1: MDB-6 Main Kitchen (KWh) | U1: MDB-7 South Riser (KWh) | V1: MDB-8 F&B (KWh) | W1: Chiller 1 (Kwh cooling) | X1: Chiller 2 (Kwh cooling) | Y1: Chiller 3 (Kwh cooling) | Z1: Steam Boiler LPG (Kg) | AA1: Solar Hot Water Boiler LPG (Kg) | AB1: Low Temp Hot Water Boiler LPG (Kg) | AC1: Steam Boiler Steam (Kg) | AD1: Ird Kitchen (Kg) | AE1: Suq Kitchen (Kg) | AF1: Bakery Kitchen (Kg) | AG1: Shai Saloon Kitchen (kg) | AH1: Banquet Kitchen (Kg) | AI1: Sea Fu Kitchen (Kg) | AJ1: Jean George Cold Water (m³) | AK1: Jean George Hot Water (m³) | AL1: Coya Cold Water (m³) | AM1: Coya Hot Water (m³) | AN1: Nusrat Cold Water (m³) | AO1: Nusrat Hot Water (m³) | AP1: Provocateur Cold Water (m³) | AQ1: Provocateur Hot Water (m³) | AR1: Scalini Cold Water (m³) | AS1: Scalini Hot Water (m³) | AT1: F&B V Irrigation (m³) | AU1: MDB Coya (KWh) | AV1: MDB Jean Georges (KWh) | AW1: MDB Nusrat(KWh) | AX1: SMDB Provocateur (KWh) | AY1: SMDB Scalini (KWh) | AZ1: Common ESMDB (KWh) | BA1: Chilled Water Coya (Kwh) | BB1: Chilled Water Coya Cold Room (Kwh) | BC1: Chilled Water Jean Georges (Kwh) | BD1: Chilled Water Nusrat (Kwh) | BE1: Chilled Water Provocateur A (Kwh) | BF1: Chilled Water Provocateur B (Kwh) | BG1: Coya LPG (Kg) | BH1: Nusrat LPG (Kg) | BI1: Jean Georges LPG (Kg) | BJ1: Provocateur LPG (Kg) | BK1: Scalini LPG (Kg) | BL1: TSE Irrigation (m3)
A2: Dubai at Jumeirah Beach | B2: 1 | C2: 2 | D2: 2023 | E2: =237*0.7 -> 165.9 | F2: =278+33 -> 311 | G2: ='DJB Daily Readings'!C10-'DJB Daily Readings'!C9 -> 498 | H2: ='DJB Daily Readings'!F10-'DJB Daily Readings'!F9 -> 390 | I2: ='DJB Daily Readings'!L9 -> 249 | J2: ='DJB Daily Readings'!N9 -> 0 | K2: ='DJB Daily Readings'!O10-'DJB Daily Readings'!O9 -> 67 | L2: ='DJB Daily Readings'!R10-'DJB Daily Readings'!R9 -> 11 | M2: ='DJB Daily Readings'!U10-'DJB Daily Readings'!U9 -> 1997.52 | N2: ='DJB Daily Readings'!X10-'DJB Daily Readings'!X9 -> 4579.68 | O2: ='DJB Daily Readings'!AA10-'DJB Daily Readings'!AA9 -> 0 | P2: ='DJB Daily Readings'!AD10-'DJB Daily Readings'!AD9 -> 1364.16 | Q2: ='DJB Daily Readings'!AG10-'DJB Daily Readings'!AG9 -> 7405.44 | R2: ='DJB Daily Readings'!AJ10-'DJB Daily Readings'!AJ9 -> 4482.24 | S2: ='DJB Daily Readings'!AM10-'DJB Daily Readings'!AM9 -> 3751.44 | T2: ='DJB Daily Readings'!AP10-'DJB Daily Readings'!AP9 -> 4530.96 | U2: ='DJB Daily Readings'!AS10-'DJB Daily Readings'!AS9 -> 2923.2 | V2: ='DJB Daily Readings'!AV10-'DJB Daily Readings'!AV9 -> 5700.24 | W2: ='DJB Daily Readings'!AZ10-'DJB Daily Readings'!AZ9 -> 0 | X2: ='DJB Daily Readings'!BC10-'DJB Daily Readings'!BC9 -> 0 | Y2: ='DJB Daily Readings'!BF10-'DJB Daily Readings'!BF9 -> 35200 | Z2: =('DJB Daily Readings'!CK10-'DJB Daily Readings'!CK9)*1.89 -> 149.31 | AA2: =('DJB Daily Readings'!CN10-'DJB Daily Readings'!CN9)*1.89 -> 228.69 | AB2: =('DJB Daily Readings'!CQ10-'DJB Daily Readings'!CQ9)*1.89 -> 521.64 | AC2: ='DJB Daily Readings'!CT10-'DJB Daily Readings'!CT9 -> 183 | AD2: =('DJB Daily Readings'!BY10-'DJB Daily Readings'!BY9)*1.89 -> 32.13 | AE2: =('DJB Daily Readings'!CA10-'DJB Daily Readings'!CA9)*1.89 -> 37.8 | AF2: =('DJB Daily Readings'!CC10-'DJB Daily Readings'!CC9)*1.89 -> 15.12 | AG2: =('DJB Daily Readings'!CE10-'DJB Daily Readings'!CE9)*1.89 -> 18.9 | AH2: =('DJB Daily Readings'!CG10-'DJB Daily Readings'!CG9)*1.89 -> 26.46 | AI2: =('DJB Daily Readings'!CI10-'DJB Daily Readings'!CI9)*1.89 -> 66.15 | AJ2: ='DJB Daily Readings'!CY10-'DJB Daily Readings'!CY9 -> 8 | AK2: ='DJB Daily Readings'!CW10-'DJB Daily Readings'!CW9 -> 10 | AL2: ='DJB Daily Readings'!DC10-'DJB Daily Readings'!DC9 -> 12 | AM2: ='DJB Daily Readings'!DA10-'DJB Daily Readings'!DA9 -> 14 | AN2: ='DJB Daily Readings'!DG10-'DJB Daily Readings'!DG9 -> 4 | AO2: ='DJB Daily Readings'!DE10-'DJB Daily Readings'!DE9 -> 9 | AP2: ='DJB Daily Readings'!DK10-'DJB Daily Readings'!DK9 -> 8 | AQ2: ='DJB Daily Readings'!DI10-'DJB Daily Readings'!DI9 -> 8 | AR2: ='DJB Daily Readings'!DO10-'DJB Daily Readings'!DO9 -> 6 | AS2: ='DJB Daily Readings'!DM10-'DJB Daily Readings'!DM9 -> 4 | AT2: ='DJB Daily Readings'!DQ10-'DJB Daily Readings'!DQ9 -> 4 | AU2: ='DJB Daily Readings'!DT10-'DJB Daily Readings'!DT9 -> 11.2 | AW2: ='DJB Daily Readings'!DX10-'DJB Daily Readings'!DX9 -> 5.8 | AX2: ='DJB Daily Readings'!DZ10-'DJB Daily Readings'!DZ9 -> 6.3 | AY2: ='DJB Daily Readings'!EB10-'DJB Daily Readings'!EB9 -> 484 | AZ2: ='DJB Daily Readings'!ED10-'DJB Daily Readings'!ED9 -> 153.8 | BA2: ='DJB Daily Readings'!EG10-'DJB Daily Readings'!EG9 -> 2700 | BB2: ='DJB Daily Readings'!EI10-'DJB Daily Readings'!EI9 -> 220 | BC2: ='DJB Daily Readings'!EQ10-'DJB Daily Readings'!EQ9 -> 1600 | BD2: ='DJB Daily Readings'!EK10-'DJB Daily Readings'!EK9 -> 800 | BE2: ='DJB Daily Readings'!EM10-'DJB Daily Readings'!EM9 -> 200 | BF2: ='DJB Daily Readings'!EO10-'DJB Daily Readings'!EO9 -> 540 | BG2: =('DJB Daily Readings'!ET10-'DJB Daily Readings'!ET9)*1.89 -> 30.24 | BH2: =('DJB Daily Readings'!EV10-'DJB Daily Readings'!EV9)*1.89 -> 20.79 | BI2: =('DJB Daily Readings'!EZ10-'DJB Daily Readings'!EZ9)*1.89 -> 28.35 | BJ2: =('DJB Daily Readings'!EX10-'DJB Daily Readings'!EX9)*1.89 -> 15.12 | BK2: =('DJB Daily Readings'!FB10-'DJB Daily Readings'!FB9)*1.89 -> 51.03 | BL2: ='DJB Daily Readings'!J9 -> 232
A3: Dubai at Jumeirah Beach | B3: =B2+1 -> 2 | C3: 2 | D3: 2023 | E3: =237*0.7 -> 165.9 | F3: =286+36 -> 322 | G3: ='DJB Daily Readings'!C11-'DJB Daily Readings'!C10 -> 587 | H3: ='DJB Daily Readings'!F11-'DJB Daily Readings'!F10 -> 461 | I3: ='DJB Daily Readings'!L10 -> 0 | J3: ='DJB Daily Readings'!N10 -> 0 | K3: ='DJB Daily Readings'!O11-'DJB Daily Readings'!O10 -> 67 | L3: ='DJB Daily Readings'!R11-'DJB Daily Readings'!R10 -> 6 | M3: ='DJB Daily Readings'!U11-'DJB Daily Readings'!U10 -> 1802.64 | N3: ='DJB Daily Readings'!X11-'DJB Daily Readings'!X10 -> 4189.92 | O3: ='DJB Daily Readings'!AA11-'DJB Daily Readings'!AA10 -> 828.24 | P3: ='DJB Daily Readings'!AD11-'DJB Daily Readings'!AD10 -> 633.36 | Q3: ='DJB Daily Readings'!AG11-'DJB Daily Readings'!AG10 -> 7454.16 | R3: ='DJB Daily Readings'!AJ11-'DJB Daily Readings'!AJ10 -> 4238.64 | S3: ='DJB Daily Readings'!AM11-'DJB Daily Readings'!AM10 -> 3654 | T3: ='DJB Daily Readings'!AP11-'DJB Daily Readings'!AP10 -> 3995.04 | U3: ='DJB Daily Readings'!AS11-'DJB Daily Readings'!AS10 -> 2582.16 | V3: ='DJB Daily Readings'!AV11-'DJB Daily Readings'!AV10 -> 5359.2 | W3: ='DJB Daily Readings'!AZ11-'DJB Daily Readings'!AZ10 -> 0 | X3: ='DJB Daily Readings'!BC11-'DJB Daily Readings'!BC10 -> 0 | Y3: ='DJB Daily Readings'!BF11-'DJB Daily Readings'!BF10 -> 39700 | Z3: =('DJB Daily Readings'!CK11-'DJB Daily Readings'!CK10)*1.89 -> 132.3 | AA3: =('DJB Daily Readings'!CN11-'DJB Daily Readings'!CN10)*1.89 -> 219.24 | AB3: =('DJB Daily Readings'!CQ11-'DJB Daily Readings'!CQ10)*1.89 -> 463.05 | AC3: ='DJB Daily Readings'!CT11-'DJB Daily Readings'!CT10 -> 164 | AD3: =('DJB Daily Readings'!BY11-'DJB Daily Readings'!BY10)*1.89 -> 22.68 | AE3: =('DJB Daily Readings'!CA11-'DJB Daily Readings'!CA10)*1.89 -> 32.13 | AF3: =('DJB Daily Readings'!CC11-'DJB Daily Readings'!CC10)*1.89 -> 11.34 | AG3: =('DJB Daily Readings'!CE11-'DJB Daily Readings'!CE10)*1.89 -> 13.23 | AH3: =('DJB Daily Readings'!CG11-'DJB Daily Readings'!CG10)*1.89 -> 26.46 | AI3: =('DJB Daily Readings'!CI11-'DJB Daily Readings'!CI10)*1.89 -> 64.26 | AJ3: ='DJB Daily Readings'!CY11-'DJB Daily Readings'!CY10 -> 7 | AK3: ='DJB Daily Readings'!CW11-'DJB Daily Readings'!CW10 -> 9 | AL3: ='DJB Daily Readings'!DC11-'DJB Daily Readings'!DC10 -> 16 | AM3: ='DJB Daily Readings'!DA11-'DJB Daily Readings'!DA10 -> 14 | AN3: ='DJB Daily Readings'!DG11-'DJB Daily Readings'!DG10 -> 5 | AO3: ='DJB Daily Readings'!DE11-'DJB Daily Readings'!DE10 -> 8 | AP3: ='DJB Daily Readings'!DK11-'DJB Daily Readings'!DK10 -> 7 | AQ3: ='DJB Daily Readings'!DI11-'DJB Daily Readings'!DI10 -> 11 | AR3: ='DJB Daily Readings'!DO11-'DJB Daily Readings'!DO10 -> 6 | AS3: ='DJB Daily Readings'!DM11-'DJB Daily Readings'!DM10 -> 5 | AT3: ='DJB Daily Readings'!DQ11-'DJB Daily Readings'!DQ10 -> 6 | AU3: ='DJB Daily Readings'!DT11-'DJB Daily Readings'!DT10 -> 11 | AW3: ='DJB Daily Readings'!DX11-'DJB Daily Readings'!DX10 -> 5.8 | AX3: ='DJB Daily Readings'!DZ11-'DJB Daily Readings'!DZ10 -> 6.1 | AY3: ='DJB Daily Readings'!EB11-'DJB Daily Readings'!EB10 -> 532 | AZ3: ='DJB Daily Readings'!ED11-'DJB Daily Readings'!ED10 -> 148.2 | BA3: ='DJB Daily Readings'!EG11-'DJB Daily Readings'!EG10 -> 3200 | BB3: ='DJB Daily Readings'!EI11-'DJB Daily Readings'!EI10 -> 240 | BC3: ='DJB Daily Readings'!EQ11-'DJB Daily Readings'!EQ10 -> 2900 | BD3: ='DJB Daily Readings'!EK11-'DJB Daily Readings'!EK10 -> 900 | BE3: ='DJB Daily Readings'!EM11-'DJB Daily Readings'!EM10 -> 300 | BF3: ='DJB Daily Readings'!EO11-'DJB Daily Readings'!EO10 -> 670 | BG3: =('DJB Daily Readings'!ET11-'DJB Daily Readings'!ET10)*1.89 -> 26.46 | BH3: =('DJB Daily Readings'!EV11-'DJB Daily Readings'!EV10)*1.89 -> 20.79 | BI3: =('DJB Daily Readings'!EZ11-'DJB Daily Readings'!EZ10)*1.89 -> 30.24 | BJ3: =('DJB Daily Readings'!EX11-'DJB Daily Readings'!EX10)*1.89 -> 17.01 | BK3: =('DJB Daily Readings'!FB11-'DJB Daily Readings'!FB10)*1.89 -> 49.14 | BL3: ='DJB Daily Readings'!J11 -> 225
A4: Dubai at Jumeirah Beach | B4: =B3+1 -> 3 | C4: 2 | D4: 2023 | E4: =237*0.72 -> 170.64 | F4: =268+34 -> 302 | G4: ='DJB Daily Readings'!C12-'DJB Daily Readings'!C11 -> 577 | H4: ='DJB Daily Readings'!F12-'DJB Daily Readings'!F11 -> 430 | I4: ='DJB Daily Readings'!L11 -> 272 | J4: ='DJB Daily Readings'!N11 -> 0 | K4: ='DJB Daily Readings'!O12-'DJB Daily Readings'!O11 -> 81 | L4: ='DJB Daily Readings'!R12-'DJB Daily Readings'!R11 -> 7 | M4: ='DJB Daily Readings'!U12-'DJB Daily Readings'!U11 -> 1948.8 | N4: ='DJB Daily Readings'!X12-'DJB Daily Readings'!X11 -> 4725.84 | O4: ='DJB Daily Readings'!AA12-'DJB Daily Readings'!AA11 -> 8087.52 | P4: ='DJB Daily Readings'!AD12-'DJB Daily Readings'!AD11 -> 194.88 | Q4: ='DJB Daily Readings'!AG12-'DJB Daily Readings'!AG11 -> 1948.8 | R4: ='DJB Daily Readings'!AJ12-'DJB Daily Readings'!AJ11 -> 4823.28 | S4: ='DJB Daily Readings'!AM12-'DJB Daily Readings'!AM11 -> 3702.72 | T4: ='DJB Daily Readings'!AP12-'DJB Daily Readings'!AP11 -> 4238.64 | U4: ='DJB Daily Readings'!AS12-'DJB Daily Readings'!AS11 -> 2679.6 | V4: ='DJB Daily Readings'!AV12-'DJB Daily Readings'!AV11 -> 5700.24 | W4: ='DJB Daily Readings'!AZ12-'DJB Daily Readings'!AZ11 -> 34300 | X4: ='DJB Daily Readings'!BC12-'DJB Daily Readings'!BC11 -> 0 | Y4: ='DJB Daily Readings'!BF12-'DJB Daily Readings'!BF11 -> 10400 | Z4: =('DJB Daily Readings'!CK12-'DJB Daily Readings'!CK11)*1.89 -> 141.75 | AA4: =('DJB Daily Readings'!CN12-'DJB Daily Readings'!CN11)*1.89 -> 226.8 | AB4: =('DJB Daily Readings'!CQ12-'DJB Daily Readings'!CQ11)*1.89 -> 423.36 | AC4: ='DJB Daily Readings'!CT12-'DJB Daily Readings'!CT11 -> 174 | AD4: =('DJB Daily Readings'!BY12-'DJB Daily Readings'!BY11)*1.89 -> 32.13 | AE4: =('DJB Daily Readings'!CA12-'DJB Daily Readings'!CA11)*1.89 -> 39.69 | AF4: =('DJB Daily Readings'!CC12-'DJB Daily Readings'!CC11)*1.89 -> 13.23 | AG4: =('DJB Daily Readings'!CE12-'DJB Daily Readings'!CE11)*1.89 -> 17.01 | AH4: =('DJB Daily Readings'!CG12-'DJB Daily Readings'!CG11)*1.89 -> 24.57 | AI4: =('DJB Daily Readings'!CI12-'DJB Daily Readings'!CI11)*1.89 -> 68.04 | AJ4: ='DJB Daily Readings'!CY12-'DJB Daily Readings'!CY11 -> 5 | AK4: ='DJB Daily Readings'!CW12-'DJB Daily Readings'!CW11 -> 9 | AL4: ='DJB Daily Readings'!DC12-'DJB Daily Readings'!DC11 -> 15 | AM4: ='DJB Daily Readings'!DA12-'DJB Daily Readings'!DA11 -> 15 | AN4: ='DJB Daily Readings'!DG12-'DJB Daily Readings'!DG11 -> 5 | AO4: ='DJB Daily Readings'!DE12-'DJB Daily Readings'!DE11 -> 8 | AP4: ='DJB Daily Readings'!DK12-'DJB Daily Readings'!DK11 -> 11 | AQ4: ='DJB Daily Readings'!DI12-'DJB Daily Readings'!DI11 -> 12 | AR4: ='DJB Daily Readings'!DO12-'DJB Daily Readings'!DO11 -> 9 | AS4: ='DJB Daily Readings'!DM12-'DJB Daily Readings'!DM11 -> 6 | AT4: ='DJB Daily Readings'!DQ12-'DJB Daily Readings'!DQ11 -> 6 | AU4: ='DJB Daily Readings'!DT12-'DJB Daily Readings'!DT11 -> 11.3 | AW4: ='DJB Daily Readings'!DX12-'DJB Daily Readings'!DX11 -> 6 | AX4: ='DJB Daily Readings'!DZ12-'DJB Daily Readings'!DZ11 -> 7.6 | AY4: ='DJB Daily Readings'!EB12-'DJB Daily Readings'!EB11 -> 579 | AZ4: ='DJB Daily Readings'!ED12-'DJB Daily Readings'!ED11 -> 154.7 | BA4: ='DJB Daily Readings'!EG12-'DJB Daily Readings'!EG11 -> 3600 | BB4: ='DJB Daily Readings'!EI12-'DJB Daily Readings'!EI11 -> 280 | BC4: ='DJB Daily Readings'!EQ12-'DJB Daily Readings'!EQ11 -> 4900 | BD4: ='DJB Daily Readings'!EK12-'DJB Daily Readings'!EK11 -> 1100 | BE4: ='DJB Daily Readings'!EM12-'DJB Daily Readings'!EM11 -> 500 | BF4: ='DJB Daily Readings'!EO12-'DJB Daily Readings'!EO11 -> 690 | BG4: =('DJB Daily Readings'!ET12-'DJB Daily Readings'!ET11)*1.89 -> 30.24 | BH4: =('DJB Daily Readings'!EV12-'DJB Daily Readings'!EV11)*1.89 -> 20.79 | BI4: =('DJB Daily Readings'!EZ12-'DJB Daily Readings'!EZ11)*1.89 -> 28.35 | BJ4: =('DJB Daily Readings'!EX12-'DJB Daily Readings'!EX11)*1.89 -> 24.57 | BK4: =('DJB Daily Readings'!FB12-'DJB Daily Readings'!FB11)*1.89 -> 66.15 | BL4: ='DJB Daily Readings'!J12 -> 221
A5: Dubai at Jumeirah Beach | B5: =B4+1 -> 4 | C5: 2 | D5: 2023 | E5: =237*0.76 -> 180.12 | F5: =280+32 -> 312 | G5: ='DJB Daily Readings'!C13-'DJB Daily Readings'!C12 -> 620 | H5: ='DJB Daily Readings'!F13-'DJB Daily Readings'!F12 -> 457 | I5: ='DJB Daily Readings'!L12 -> 260 | J5: ='DJB Daily Readings'!N12 -> 14 | K5: ='DJB Daily Readings'!O13-'DJB Daily Readings'!O12 -> 70 | L5: ='DJB Daily Readings'!R13-'DJB Daily Readings'!R12 -> 5 | M5: ='DJB Daily Readings'!U13-'DJB Daily Readings'!U12 -> 1948.8 | N5: ='DJB Daily Readings'!X13-'DJB Daily Readings'!X12 -> 4677.12 | O5: ='DJB Daily Readings'!AA13-'DJB Daily Readings'!AA12 -> 0 | P5: ='DJB Daily Readings'!AD13-'DJB Daily Readings'!AD12 -> 8087.52 | Q5: ='DJB Daily Readings'!AG13-'DJB Daily Readings'!AG12 -> 535.92 | R5: ='DJB Daily Readings'!AJ13-'DJB Daily Readings'!AJ12 -> 5115.6 | S5: ='DJB Daily Readings'!AM13-'DJB Daily Readings'!AM12 -> 3800.16 | T5: ='DJB Daily Readings'!AP13-'DJB Daily Readings'!AP12 -> 4530.96 | U5: ='DJB Daily Readings'!AS13-'DJB Daily Readings'!AS12 -> 2971.92 | V5: ='DJB Daily Readings'!AV13-'DJB Daily Readings'!AV12 -> 5748.96 | W5: ='DJB Daily Readings'!AZ13-'DJB Daily Readings'!AZ12 -> 0 | X5: ='DJB Daily Readings'!BC13-'DJB Daily Readings'!BC12 -> 32600 | Y5: ='DJB Daily Readings'!BF13-'DJB Daily Readings'!BF12 -> 3000 | Z5: =('DJB Daily Readings'!CK13-'DJB Daily Readings'!CK12)*1.89 -> 137.97 | AA5: =('DJB Daily Readings'!CN13-'DJB Daily Readings'!CN12)*1.89 -> 238.14 | AB5: =('DJB Daily Readings'!CQ13-'DJB Daily Readings'!CQ12)*1.89 -> 495.18 | AC5: ='DJB Daily Readings'!CT13-'DJB Daily Readings'!CT12 -> 172 | AD5: =('DJB Daily Readings'!BY13-'DJB Daily Readings'!BY12)*1.89 -> 28.35 | AE5: =('DJB Daily Readings'!CA13-'DJB Daily Readings'!CA12)*1.89 -> 37.8 | AF5: =('DJB Daily Readings'!CC13-'DJB Daily Readings'!CC12)*1.89 -> 13.23 | AG5: =('DJB Daily Readings'!CE13-'DJB Daily Readings'!CE12)*1.89 -> 18.9 | AH5: =('DJB Daily Readings'!CG13-'DJB Daily Readings'!CG12)*1.89 -> 30.24 | AI5: =('DJB Daily Readings'!CI13-'DJB Daily Readings'!CI12)*1.89 -> 68.04 | AJ5: ='DJB Daily Readings'!CY13-'DJB Daily Readings'!CY12 -> 5 | AK5: ='DJB Daily Readings'!CW13-'DJB Daily Readings'!CW12 -> 7 | AL5: ='DJB Daily Readings'!DC13-'DJB Daily Readings'!DC12 -> 15 | AM5: ='DJB Daily Readings'!DA13-'DJB Daily Readings'!DA12 -> 15 | AN5: ='DJB Daily Readings'!DG13-'DJB Daily Readings'!DG12 -> 5 | AO5: ='DJB Daily Readings'!DE13-'DJB Daily Readings'!DE12 -> 8 | AP5: ='DJB Daily Readings'!DK13-'DJB Daily Readings'!DK12 -> 11 | AQ5: ='DJB Daily Readings'!DI13-'DJB Daily Readings'!DI12 -> 12 | AR5: ='DJB Daily Readings'!DO13-'DJB Daily Readings'!DO12 -> 9 | AS5: ='DJB Daily Readings'!DM13-'DJB Daily Readings'!DM12 -> 6 | AT5: ='DJB Daily Readings'!DQ13-'DJB Daily Readings'!DQ12 -> 0 | AU5: ='DJB Daily Readings'!DT13-'DJB Daily Readings'!DT12 -> 11.8 | AW5: ='DJB Daily Readings'!DX13-'DJB Daily Readings'!DX12 -> 6.1 | AX5: ='DJB Daily Readings'!DZ13-'DJB Daily Readings'!DZ12 -> 7.9 | AY5: ='DJB Daily Readings'!EB13-'DJB Daily Readings'!EB12 -> 602 | AZ5: ='DJB Daily Readings'!ED13-'DJB Daily Readings'!ED12 -> 155.7 | BA5: ='DJB Daily Readings'!EG13-'DJB Daily Readings'!EG12 -> 2600 | BB5: ='DJB Daily Readings'!EI13-'DJB Daily Readings'!EI12 -> 220 | BC5: ='DJB Daily Readings'!EQ13-'DJB Daily Readings'!EQ12 -> 700 | BD5: ='DJB Daily Readings'!EK13-'DJB Daily Readings'!EK12 -> 800 | BE5: ='DJB Daily Readings'!EM13-'DJB Daily Readings'!EM12 -> 400 | BF5: ='DJB Daily Readings'!EO13-'DJB Daily Readings'!EO12 -> 620 | BG5: =('DJB Daily Readings'!ET13-'DJB Daily Readings'!ET12)*1.89 -> 32.13 | BH5: =('DJB Daily Readings'!EV13-'DJB Daily Readings'!EV12)*1.89 -> 22.68 | BI5: =('DJB Daily Readings'!EZ13-'DJB Daily Readings'!EZ12)*1.89 -> 26.46 | BJ5: =('DJB Daily Readings'!EX13-'DJB Daily Readings'!EX12)*1.89 -> 22.68 | BK5: =('DJB Daily Readings'!FB13-'DJB Daily Readings'!FB12)*1.89 -> 71.82 | BL5: ='DJB Daily Readings'!J13 -> 208
A6: Dubai at Jumeirah Beach | B6: =B5+1 -> 5 | C6: 2 | D6: 2023 | E6: =237*0.69 -> 163.53 | F6: =267+19 -> 286 | G6: ='DJB Daily Readings'!C14-'DJB Daily Readings'!C13 -> 533 | H6: ='DJB Daily Readings'!F14-'DJB Daily Readings'!F13 -> 425 | I6: ='DJB Daily Readings'!L13 -> 120 | J6: ='DJB Daily Readings'!N13 -> 16 | K6: ='DJB Daily Readings'!O14-'DJB Daily Readings'!O13 -> 71 | L6: ='DJB Daily Readings'!R14-'DJB Daily Readings'!R13 -> 10 | M6: ='DJB Daily Readings'!U14-'DJB Daily Readings'!U13 -> 1997.52 | N6: ='DJB Daily Readings'!X14-'DJB Daily Readings'!X13 -> 4774.56 | O6: ='DJB Daily Readings'!AA14-'DJB Daily Readings'!AA13 -> 1023.12 | P6: ='DJB Daily Readings'!AD14-'DJB Daily Readings'!AD13 -> 7551.6 | Q6: ='DJB Daily Readings'!AG14-'DJB Daily Readings'!AG13 -> 48.72 | R6: ='DJB Daily Readings'!AJ14-'DJB Daily Readings'!AJ13 -> 6138.72 | S6: ='DJB Daily Readings'!AM14-'DJB Daily Readings'!AM13 -> 3702.72 | T6: ='DJB Daily Readings'!AP14-'DJB Daily Readings'!AP13 -> 4287.36 | U6: ='DJB Daily Readings'!AS14-'DJB Daily Readings'!AS13 -> 3069.36 | V6: ='DJB Daily Readings'!AV14-'DJB Daily Readings'!AV13 -> 5602.8 | W6: ='DJB Daily Readings'!AZ14-'DJB Daily Readings'!AZ13 -> 4300 | X6: ='DJB Daily Readings'!BC14-'DJB Daily Readings'!BC13 -> 33100 | Y6: ='DJB Daily Readings'!BF14-'DJB Daily Readings'!BF13 -> 0 | Z6: =('DJB Daily Readings'!CK14-'DJB Daily Readings'!CK13)*1.89 -> 141.75 | AA6: =('DJB Daily Readings'!CN14-'DJB Daily Readings'!CN13)*1.89 -> 236.25 | AB6: =('DJB Daily Readings'!CQ14-'DJB Daily Readings'!CQ13)*1.89 -> 497.07 | AC6: ='DJB Daily Readings'!CT14-'DJB Daily Readings'!CT13 -> 174 | AD6: =('DJB Daily Readings'!BY14-'DJB Daily Readings'!BY13)*1.89 -> 30.24 | AE6: =('DJB Daily Readings'!CA14-'DJB Daily Readings'!CA13)*1.89 -> 41.58 | AF6: =('DJB Daily Readings'!CC14-'DJB Daily Readings'!CC13)*1.89 -> 11.34 | AG6: =('DJB Daily Readings'!CE14-'DJB Daily Readings'!CE13)*1.89 -> 17.01 | AH6: =('DJB Daily Readings'!CG14-'DJB Daily Readings'!CG13)*1.89 -> 28.35 | AI6: =('DJB Daily Readings'!CI14-'DJB Daily Readings'!CI13)*1.89 -> 64.26 | AJ6: ='DJB Daily Readings'!CY14-'DJB Daily Readings'!CY13 -> 4 | AK6: ='DJB Daily Readings'!CW14-'DJB Daily Readings'!CW13 -> 7 | AL6: ='DJB Daily Readings'!DC14-'DJB Daily Readings'!DC13 -> 16 | AM6: ='DJB Daily Readings'!DA14-'DJB Daily Readings'!DA13 -> 16 | AN6: ='DJB Daily Readings'!DG14-'DJB Daily Readings'!DG13 -> 4 | AO6: ='DJB Daily Readings'!DE14-'DJB Daily Readings'!DE13 -> 9 | AP6: ='DJB Daily Readings'!DK14-'DJB Daily Readings'!DK13 -> 9 | AQ6: ='DJB Daily Readings'!DI14-'DJB Daily Readings'!DI13 -> 12 | AR6: ='DJB Daily Readings'!DO14-'DJB Daily Readings'!DO13 -> 7 | AS6: ='DJB Daily Readings'!DM14-'DJB Daily Readings'!DM13 -> 3 | AT6: ='DJB Daily Readings'!DQ14-'DJB Daily Readings'!DQ13 -> 4 | AU6: ='DJB Daily Readings'!DT14-'DJB Daily Readings'!DT13 -> 10.8 | AW6: ='DJB Daily Readings'!DX14-'DJB Daily Readings'!DX13 -> 5.8 | AX6: ='DJB Daily Readings'!DZ14-'DJB Daily Readings'!DZ13 -> 7.5 | AY6: ='DJB Daily Readings'!EB14-'DJB Daily Readings'!EB13 -> 530 | AZ6: ='DJB Daily Readings'!ED14-'DJB Daily Readings'!ED13 -> 150.7 | BA6: ='DJB Daily Readings'!EG14-'DJB Daily Readings'!EG13 -> 2600 | BB6: ='DJB Daily Readings'!EI14-'DJB Daily Readings'!EI13 -> 250 | BC6: ='DJB Daily Readings'!EQ14-'DJB Daily Readings'!EQ13 -> 1200 | BD6: ='DJB Daily Readings'!EK14-'DJB Daily Readings'!EK13 -> 800 | BE6: ='DJB Daily Readings'!EM14-'DJB Daily Readings'!EM13 -> 500 | BF6: ='DJB Daily Readings'!EO14-'DJB Daily Readings'!EO13 -> 640 | BG6: =('DJB Daily Readings'!ET14-'DJB Daily Readings'!ET13)*1.89 -> 32.13 | BH6: =('DJB Daily Readings'!EV14-'DJB Daily Readings'!EV13)*1.89 -> 18.9 | BI6: =('DJB Daily Readings'!EZ14-'DJB Daily Readings'!EZ13)*1.89 -> 22.68 | BJ6: =('DJB Daily Readings'!EX14-'DJB Daily Readings'!EX13)*1.89 -> 18.9 | BK6: =('DJB Daily Readings'!FB14-'DJB Daily Readings'!FB13)*1.89 -> 58.59 | BL6: ='DJB Daily Readings'!J14 -> 225
A7: Dubai at Jumeirah Beach | B7: =B6+1 -> 6 | C7: 2 | D7: 2023 | E7: =237*0.72 -> 170.64 | F7: =273+17 -> 290 | G7: ='DJB Daily Readings'!C15-'DJB Daily Readings'!C14 -> 518 | H7: ='DJB Daily Readings'!F15-'DJB Daily Readings'!F14 -> 385 | I7: ='DJB Daily Readings'!L14 -> 224 | J7: ='DJB Daily Readings'!N14 -> 5 | K7: ='DJB Daily Readings'!O15-'DJB Daily Readings'!O14 -> 68 | L7: ='DJB Daily Readings'!R15-'DJB Daily Readings'!R14 -> 7 | M7: ='DJB Daily Readings'!U15-'DJB Daily Readings'!U14 -> 1948.8 | N7: ='DJB Daily Readings'!X15-'DJB Daily Readings'!X14 -> 4628.4 | O7: ='DJB Daily Readings'!AA15-'DJB Daily Readings'!AA14 -> 6333.6 | P7: ='DJB Daily Readings'!AD15-'DJB Daily Readings'!AD14 -> 1218 | Q7: ='DJB Daily Readings'!AG15-'DJB Daily Readings'!AG14 -> 1218 | R7: ='DJB Daily Readings'!AJ15-'DJB Daily Readings'!AJ14 -> 5554.08 | S7: ='DJB Daily Readings'!AM15-'DJB Daily Readings'!AM14 -> 3654 | T7: ='DJB Daily Readings'!AP15-'DJB Daily Readings'!AP14 -> 4530.96 | U7: ='DJB Daily Readings'!AS15-'DJB Daily Readings'!AS14 -> 3118.08 | V7: ='DJB Daily Readings'!AV15-'DJB Daily Readings'!AV14 -> 5505.36 | W7: ='DJB Daily Readings'!AZ15-'DJB Daily Readings'!AZ14 -> 34600 | X7: ='DJB Daily Readings'!BC15-'DJB Daily Readings'!BC14 -> 0 | Y7: ='DJB Daily Readings'!BF15-'DJB Daily Readings'!BF14 -> 4000 | Z7: =('DJB Daily Readings'!CK15-'DJB Daily Readings'!CK14)*1.89 -> 139.86 | AA7: =('DJB Daily Readings'!CN15-'DJB Daily Readings'!CN14)*1.89 -> 226.8 | AB7: =('DJB Daily Readings'!CQ15-'DJB Daily Readings'!CQ14)*1.89 -> 415.8 | AC7: ='DJB Daily Readings'!CT15-'DJB Daily Readings'!CT14 -> 173 | AD7: =('DJB Daily Readings'!BY15-'DJB Daily Readings'!BY14)*1.89 -> 32.13 | AE7: =('DJB Daily Readings'!CA15-'DJB Daily Readings'!CA14)*1.89 -> 39.69 | AF7: =('DJB Daily Readings'!CC15-'DJB Daily Readings'!CC14)*1.89 -> 11.34 | AG7: =('DJB Daily Readings'!CE15-'DJB Daily Readings'!CE14)*1.89 -> 17.01 | AH7: =('DJB Daily Readings'!CG15-'DJB Daily Readings'!CG14)*1.89 -> 30.24 | AI7: =('DJB Daily Readings'!CI15-'DJB Daily Readings'!CI14)*1.89 -> 64.26 | AJ7: ='DJB Daily Readings'!CY15-'DJB Daily Readings'!CY14 -> 2 | AK7: ='DJB Daily Readings'!CW15-'DJB Daily Readings'!CW14 -> 4 | AL7: ='DJB Daily Readings'!DC15-'DJB Daily Readings'!DC14 -> 12 | AM7: ='DJB Daily Readings'!DA15-'DJB Daily Readings'!DA14 -> 14 | AN7: ='DJB Daily Readings'!DG15-'DJB Daily Readings'!DG14 -> 5 | AO7: ='DJB Daily Readings'!DE15-'DJB Daily Readings'!DE14 -> 7 | AP7: ='DJB Daily Readings'!DK15-'DJB Daily Readings'!DK14 -> 9 | AQ7: ='DJB Daily Readings'!DI15-'DJB Daily Readings'!DI14 -> 7 | AR7: ='DJB Daily Readings'!DO15-'DJB Daily Readings'!DO14 -> 4 | AS7: ='DJB Daily Readings'!DM15-'DJB Daily Readings'!DM14 -> 6 | AT7: ='DJB Daily Readings'!DQ15-'DJB Daily Readings'!DQ14 -> 7 | AU7: ='DJB Daily Readings'!DT15-'DJB Daily Readings'!DT14 -> 10.9 | AW7: ='DJB Daily Readings'!DX15-'DJB Daily Readings'!DX14 -> 5.7 | AX7: ='DJB Daily Readings'!DZ15-'DJB Daily Readings'!DZ14 -> 6.3 | AY7: ='DJB Daily Readings'!EB15-'DJB Daily Readings'!EB14 -> 537 | AZ7: ='DJB Daily Readings'!ED15-'DJB Daily Readings'!ED14 -> 152.4 | BA7: ='DJB Daily Readings'!EG15-'DJB Daily Readings'!EG14 -> 2700 | BB7: ='DJB Daily Readings'!EI15-'DJB Daily Readings'!EI14 -> 250 | BC7: ='DJB Daily Readings'!EQ15-'DJB Daily Readings'!EQ14 -> 1200 | BD7: ='DJB Daily Readings'!EK15-'DJB Daily Readings'!EK14 -> 900 | BE7: ='DJB Daily Readings'!EM15-'DJB Daily Readings'!EM14 -> 400 | BF7: ='DJB Daily Readings'!EO15-'DJB Daily Readings'!EO14 -> 690 | BG7: =('DJB Daily Readings'!ET15-'DJB Daily Readings'!ET14)*1.89 -> 28.35 | BH7: =('DJB Daily Readings'!EV15-'DJB Daily Readings'!EV14)*1.89 -> 20.79 | BI7: =('DJB Daily Readings'!EZ15-'DJB Daily Readings'!EZ14)*1.89 -> 24.57 | BJ7: =('DJB Daily Readings'!EX15-'DJB Daily Readings'!EX14)*1.89 -> 17.01 | BK7: =('DJB Daily Readings'!FB15-'DJB Daily Readings'!FB14)*1.89 -> 54.81 | BL7: ='DJB Daily Readings'!J15 -> 183
A8: Dubai at Jumeirah Beach | B8: =B7+1 -> 7 | C8: 2 | D8: 2023 | E8: =237*0.58 -> 137.46 | F8: =223+18 -> 241 | G8: ='DJB Daily Readings'!C16-'DJB Daily Readings'!C15 -> 588 | H8: ='DJB Daily Readings'!F16-'DJB Daily Readings'!F15 -> 381 | I8: ='DJB Daily Readings'!L15 -> 152 | J8: ='DJB Daily Readings'!N15 -> 16 | K8: ='DJB Daily Readings'!O16-'DJB Daily Readings'!O15 -> 89 | L8: ='DJB Daily Readings'!R16-'DJB Daily Readings'!R15 -> 7 | M8: ='DJB Daily Readings'!U16-'DJB Daily Readings'!U15 -> 1948.8 | N8: ='DJB Daily Readings'!X16-'DJB Daily Readings'!X15 -> 4677.12 | O8: ='DJB Daily Readings'!AA16-'DJB Daily Readings'!AA15 -> 48.72 | P8: ='DJB Daily Readings'!AD16-'DJB Daily Readings'!AD15 -> 1851.36 | Q8: ='DJB Daily Readings'!AG16-'DJB Daily Readings'!AG15 -> 7795.2 | R8: ='DJB Daily Readings'!AJ16-'DJB Daily Readings'!AJ15 -> 5554.08 | S8: ='DJB Daily Readings'!AM16-'DJB Daily Readings'!AM15 -> 3995.04 | T8: ='DJB Daily Readings'!AP16-'DJB Daily Readings'!AP15 -> 4189.92 | U8: ='DJB Daily Readings'!AS16-'DJB Daily Readings'!AS15 -> 3264.24 | V8: ='DJB Daily Readings'!AV16-'DJB Daily Readings'!AV15 -> 5505.36 | W8: ='DJB Daily Readings'!AZ16-'DJB Daily Readings'!AZ15 -> 0 | X8: ='DJB Daily Readings'!BC16-'DJB Daily Readings'!BC15 -> 4300 | Y8: ='DJB Daily Readings'!BF16-'DJB Daily Readings'!BF15 -> 39800 | Z8: =('DJB Daily Readings'!CK16-'DJB Daily Readings'!CK15)*1.89 -> 143.64 | AA8: =('DJB Daily Readings'!CN16-'DJB Daily Readings'!CN15)*1.89 -> 213.57 | AB8: =('DJB Daily Readings'!CQ16-'DJB Daily Readings'!CQ15)*1.89 -> 383.67 | AC8: ='DJB Daily Readings'!CT16-'DJB Daily Readings'!CT15 -> 177 | AD8: =('DJB Daily Readings'!BY16-'DJB Daily Readings'!BY15)*1.89 -> 28.35 | AE8: =('DJB Daily Readings'!CA16-'DJB Daily Readings'!CA15)*1.89 -> 35.91 | AF8: =('DJB Daily Readings'!CC16-'DJB Daily Readings'!CC15)*1.89 -> 9.45 | AG8: =('DJB Daily Readings'!CE16-'DJB Daily Readings'!CE15)*1.89 -> 17.01 | AH8: =('DJB Daily Readings'!CG16-'DJB Daily Readings'!CG15)*1.89 -> 28.35 | AI8: =('DJB Daily Readings'!CI16-'DJB Daily Readings'!CI15)*1.89 -> 62.37 | AJ8: ='DJB Daily Readings'!CY16-'DJB Daily Readings'!CY15 -> 3 | AK8: ='DJB Daily Readings'!CW16-'DJB Daily Readings'!CW15 -> 5 | AL8: ='DJB Daily Readings'!DC16-'DJB Daily Readings'!DC15 -> 14 | AM8: ='DJB Daily Readings'!DA16-'DJB Daily Readings'!DA15 -> 3 | AN8: ='DJB Daily Readings'!DG16-'DJB Daily Readings'!DG15 -> 4 | AO8: ='DJB Daily Readings'!DE16-'DJB Daily Readings'!DE15 -> 7 | AP8: ='DJB Daily Readings'!DK16-'DJB Daily Readings'!DK15 -> 10 | AQ8: ='DJB Daily Readings'!DI16-'DJB Daily Readings'!DI15 -> 7 | AR8: ='DJB Daily Readings'!DO16-'DJB Daily Readings'!DO15 -> 4 | AS8: ='DJB Daily Readings'!DM16-'DJB Daily Readings'!DM15 -> 6 | AT8: ='DJB Daily Readings'!DQ16-'DJB Daily Readings'!DQ15 -> 0 | AU8: ='DJB Daily Readings'!DT16-'DJB Daily Readings'!DT15 -> 10 | AW8: ='DJB Daily Readings'!DX16-'DJB Daily Readings'!DX15 -> 5.9 | AX8: ='DJB Daily Readings'!DZ16-'DJB Daily Readings'!DZ15 -> 6.6 | AY8: ='DJB Daily Readings'!EB16-'DJB Daily Readings'!EB15 -> 520 | AZ8: ='DJB Daily Readings'!ED16-'DJB Daily Readings'!ED15 -> 151.8 | BA8: ='DJB Daily Readings'!EG16-'DJB Daily Readings'!EG15 -> 3000 | BB8: ='DJB Daily Readings'!EI16-'DJB Daily Readings'!EI15 -> 250 | BC8: ='DJB Daily Readings'!EQ16-'DJB Daily Readings'!EQ15 -> 2000 | BD8: ='DJB Daily Readings'!EK16-'DJB Daily Readings'!EK15 -> 1000 | BE8: ='DJB Daily Readings'!EM16-'DJB Daily Readings'!EM15 -> 400 | BF8: ='DJB Daily Readings'!EO16-'DJB Daily Readings'!EO15 -> 670 | BG8: =('DJB Daily Readings'!ET16-'DJB Daily Readings'!ET15)*1.89 -> 30.24 | BH8: =('DJB Daily Readings'!EV16-'DJB Daily Readings'!EV15)*1.89 -> 18.9 | BI8: =('DJB Daily Readings'!EZ16-'DJB Daily Readings'!EZ15)*1.89 -> 22.68 | BJ8: =('DJB Daily Readings'!EX16-'DJB Daily Readings'!EX15)*1.89 -> 17.01 | BK8: =('DJB Daily Readings'!FB16-'DJB Daily Readings'!FB15)*1.89 -> 60.48 | BL8: ='DJB Daily Readings'!J16 -> 201
A9: Dubai at Jumeirah Beach | B9: =B8+1 -> 8 | C9: 2 | D9: 2023 | E9: =237*0.68 -> 161.16 | F9: =245+23 -> 268 | G9: ='DJB Daily Readings'!C17-'DJB Daily Readings'!C16 -> 629 | H9: ='DJB Daily Readings'!F17-'DJB Daily Readings'!F16 -> 404 | I9: ='DJB Daily Readings'!L16 -> 220 | J9: ='DJB Daily Readings'!N16 -> 73 | K9: ='DJB Daily Readings'!O17-'DJB Daily Readings'!O16 -> 85 | L9: ='DJB Daily Readings'!R17-'DJB Daily Readings'!R16 -> 6 | M9: ='DJB Daily Readings'!U17-'DJB Daily Readings'!U16 -> 1997.52 | N9: ='DJB Daily Readings'!X17-'DJB Daily Readings'!X16 -> 4530.96 | O9: ='DJB Daily Readings'!AA17-'DJB Daily Readings'!AA16 -> 0 | P9: ='DJB Daily Readings'!AD17-'DJB Daily Readings'!AD16 -> 8282.4 | Q9: ='DJB Daily Readings'!AG17-'DJB Daily Readings'!AG16 -> 1656.48 | R9: ='DJB Daily Readings'!AJ17-'DJB Daily Readings'!AJ16 -> 5700.24 | S9: ='DJB Daily Readings'!AM17-'DJB Daily Readings'!AM16 -> 3848.88 | T9: ='DJB Daily Readings'!AP17-'DJB Daily Readings'!AP16 -> 4092.48 | U9: ='DJB Daily Readings'!AS17-'DJB Daily Readings'!AS16 -> 2728.32 | V9: ='DJB Daily Readings'!AV17-'DJB Daily Readings'!AV16 -> 5554.08 | W9: ='DJB Daily Readings'!AZ17-'DJB Daily Readings'!AZ16 -> 0 | X9: ='DJB Daily Readings'!BC17-'DJB Daily Readings'!BC16 -> 42200 | Y9: ='DJB Daily Readings'!BF17-'DJB Daily Readings'!BF16 -> 4200 | Z9: =('DJB Daily Readings'!CK17-'DJB Daily Readings'!CK16)*1.89 -> 141.75 | AA9: =('DJB Daily Readings'!CN17-'DJB Daily Readings'!CN16)*1.89 -> 223.02 | AB9: =('DJB Daily Readings'!CQ17-'DJB Daily Readings'!CQ16)*1.89 -> 487.62 | AC9: ='DJB Daily Readings'!CT17-'DJB Daily Readings'!CT16 -> 175 | AD9: =('DJB Daily Readings'!BY17-'DJB Daily Readings'!BY16)*1.89 -> 32.13 | AE9: =('DJB Daily Readings'!CA17-'DJB Daily Readings'!CA16)*1.89 -> 37.8 | AF9: =('DJB Daily Readings'!CC17-'DJB Daily Readings'!CC16)*1.89 -> 17.01 | AG9: =('DJB Daily Readings'!CE17-'DJB Daily Readings'!CE16)*1.89 -> 17.01 | AH9: =('DJB Daily Readings'!CG17-'DJB Daily Readings'!CG16)*1.89 -> 28.35 | AI9: =('DJB Daily Readings'!CI17-'DJB Daily Readings'!CI16)*1.89 -> 68.04 | AJ9: ='DJB Daily Readings'!CY17-'DJB Daily Readings'!CY16 -> 7 | AK9: ='DJB Daily Readings'!CW17-'DJB Daily Readings'!CW16 -> 13 | AL9: ='DJB Daily Readings'!DC17-'DJB Daily Readings'!DC16 -> 13 | AM9: ='DJB Daily Readings'!DA17-'DJB Daily Readings'!DA16 -> 4 | AN9: ='DJB Daily Readings'!DG17-'DJB Daily Readings'!DG16 -> 4 | AO9: ='DJB Daily Readings'!DE17-'DJB Daily Readings'!DE16 -> 8 | AP9: ='DJB Daily Readings'!DK17-'DJB Daily Readings'!DK16 -> 9 | AQ9: ='DJB Daily Readings'!DI17-'DJB Daily Readings'!DI16 -> 9 | AR9: ='DJB Daily Readings'!DO17-'DJB Daily Readings'!DO16 -> 5 | AS9: ='DJB Daily Readings'!DM17-'DJB Daily Readings'!DM16 -> 5 | AT9: ='DJB Daily Readings'!DQ17-'DJB Daily Readings'!DQ16 -> 6 | AU9: ='DJB Daily Readings'!DT17-'DJB Daily Readings'!DT16 -> 11.3 | AW9: ='DJB Daily Readings'!DX17-'DJB Daily Readings'!DX16 -> 5.8 | AX9: ='DJB Daily Readings'!DZ17-'DJB Daily Readings'!DZ16 -> 6.5 | AY9: ='DJB Daily Readings'!EB17-'DJB Daily Readings'!EB16 -> 511 | AZ9: ='DJB Daily Readings'!ED17-'DJB Daily Readings'!ED16 -> 152.3 | BA9: ='DJB Daily Readings'!EG17-'DJB Daily Readings'!EG16 -> 3200 | BB9: ='DJB Daily Readings'!EI17-'DJB Daily Readings'!EI16 -> 260 | BC9: ='DJB Daily Readings'!EQ17-'DJB Daily Readings'!EQ16 -> 3000 | BD9: ='DJB Daily Readings'!EK17-'DJB Daily Readings'!EK16 -> 1000 | BE9: ='DJB Daily Readings'!EM17-'DJB Daily Readings'!EM16 -> 300 | BF9: ='DJB Daily Readings'!EO17-'DJB Daily Readings'!EO16 -> 680 | BG9: =('DJB Daily Readings'!ET17-'DJB Daily Readings'!ET16)*1.89 -> 28.35 | BH9: =('DJB Daily Readings'!EV17-'DJB Daily Readings'!EV16)*1.89 -> 20.79 | BI9: =('DJB Daily Readings'!EZ17-'DJB Daily Readings'!EZ16)*1.89 -> 32.13 | BJ9: =('DJB Daily Readings'!EX17-'DJB Daily Readings'!EX16)*1.89 -> 15.12 | BK9: =('DJB Daily Readings'!FB17-'DJB Daily Readings'!FB16)*1.89 -> 51.03 | BL9: ='DJB Daily Readings'!J17 -> 198
A10: Dubai at Jumeirah Beach | B10: =B9+1 -> 9 | C10: 2 | D10: 2023 | E10: =237*0.7 -> 165.9 | F10: =263+37 -> 300 | G10: ='DJB Daily Readings'!C18-'DJB Daily Readings'!C17 -> 610 | H10: ='DJB Daily Readings'!F18-'DJB Daily Readings'!F17 -> 416 | I10: ='DJB Daily Readings'!L17 -> 264 | J10: ='DJB Daily Readings'!N17 -> 90 | K10: ='DJB Daily Readings'!O18-'DJB Daily Readings'!O17 -> 67 | L10: ='DJB Daily Readings'!R18-'DJB Daily Readings'!R17 -> 4 | M10: ='DJB Daily Readings'!U18-'DJB Daily Readings'!U17 -> 1997.52 | N10: ='DJB Daily Readings'!X18-'DJB Daily Readings'!X17 -> 4725.84 | O10: ='DJB Daily Readings'!AA18-'DJB Daily Readings'!AA17 -> 1023.12 | P10: ='DJB Daily Readings'!AD18-'DJB Daily Readings'!AD17 -> 1120.56 | Q10: ='DJB Daily Readings'!AG18-'DJB Daily Readings'!AG17 -> 6382.32 | R10: ='DJB Daily Readings'!AJ18-'DJB Daily Readings'!AJ17 -> 5554.08 | S10: ='DJB Daily Readings'!AM18-'DJB Daily Readings'!AM17 -> 3654 | T10: ='DJB Daily Readings'!AP18-'DJB Daily Readings'!AP17 -> 4336.08 | U10: ='DJB Daily Readings'!AS18-'DJB Daily Readings'!AS17 -> 2825.76 | V10: ='DJB Daily Readings'!AV18-'DJB Daily Readings'!AV17 -> 5505.36 | W10: ='DJB Daily Readings'!AZ18-'DJB Daily Readings'!AZ17 -> 4000 | X10: ='DJB Daily Readings'!BC18-'DJB Daily Readings'!BC17 -> 0 | Y10: ='DJB Daily Readings'!BF18-'DJB Daily Readings'!BF17 -> 31700 | Z10: =('DJB Daily Readings'!CK18-'DJB Daily Readings'!CK17)*1.89 -> 147.42 | AA10: =('DJB Daily Readings'!CN18-'DJB Daily Readings'!CN17)*1.89 -> 226.8 | AB10: =('DJB Daily Readings'!CQ18-'DJB Daily Readings'!CQ17)*1.89 -> 542.43 | AC10: ='DJB Daily Readings'!CT18-'DJB Daily Readings'!CT17 -> 187 | AD10: =('DJB Daily Readings'!BY18-'DJB Daily Readings'!BY17)*1.89 -> 28.35 | AE10: =('DJB Daily Readings'!CA18-'DJB Daily Readings'!CA17)*1.89 -> 37.8 | AF10: =('DJB Daily Readings'!CC18-'DJB Daily Readings'!CC17)*1.89 -> 13.23 | AG10: =('DJB Daily Readings'!CE18-'DJB Daily Readings'!CE17)*1.89 -> 17.01 | AH10: =('DJB Daily Readings'!CG18-'DJB Daily Readings'!CG17)*1.89 -> 26.46 | AI10: =('DJB Daily Readings'!CI18-'DJB Daily Readings'!CI17)*1.89 -> 68.04 | AJ10: ='DJB Daily Readings'!CY18-'DJB Daily Readings'!CY17 -> 6 | AK10: ='DJB Daily Readings'!CW18-'DJB Daily Readings'!CW17 -> 10 | AL10: ='DJB Daily Readings'!DC18-'DJB Daily Readings'!DC17 -> 12 | AM10: ='DJB Daily Readings'!DA18-'DJB Daily Readings'!DA17 -> 34 | AN10: ='DJB Daily Readings'!DG18-'DJB Daily Readings'!DG17 -> 4 | AO10: ='DJB Daily Readings'!DE18-'DJB Daily Readings'!DE17 -> 7 | AP10: ='DJB Daily Readings'!DK18-'DJB Daily Readings'!DK17 -> 6 | AQ10: ='DJB Daily Readings'!DI18-'DJB Daily Readings'!DI17 -> 10 | AR10: ='DJB Daily Readings'!DO18-'DJB Daily Readings'!DO17 -> 8 | AS10: ='DJB Daily Readings'!DM18-'DJB Daily Readings'!DM17 -> 4 | AT10: ='DJB Daily Readings'!DQ18-'DJB Daily Readings'!DQ17 -> 7 | AU10: ='DJB Daily Readings'!DT18-'DJB Daily Readings'!DT17 -> 10.7 | AW10: ='DJB Daily Readings'!DX18-'DJB Daily Readings'!DX17 -> 5.8 | AX10: ='DJB Daily Readings'!DZ18-'DJB Daily Readings'!DZ17 -> 6.2 | AY10: ='DJB Daily Readings'!EB18-'DJB Daily Readings'!EB17 -> 502 | AZ10: ='DJB Daily Readings'!ED18-'DJB Daily Readings'!ED17 -> 150.4 | BA10: ='DJB Daily Readings'!EG18-'DJB Daily Readings'!EG17 -> 2200 | BB10: ='DJB Daily Readings'!EI18-'DJB Daily Readings'!EI17 -> 240 | BC10: ='DJB Daily Readings'!EQ18-'DJB Daily Readings'!EQ17 -> 2000 | BD10: ='DJB Daily Readings'!EK18-'DJB Daily Readings'!EK17 -> 700 | BE10: ='DJB Daily Readings'!EM18-'DJB Daily Readings'!EM17 -> 300 | BF10: ='DJB Daily Readings'!EO18-'DJB Daily Readings'!EO17 -> 630 | BG10: =('DJB Daily Readings'!ET18-'DJB Daily Readings'!ET17)*1.89 -> 28.35 | BH10: =('DJB Daily Readings'!EV18-'DJB Daily Readings'!EV17)*1.89 -> 20.79 | BI10: =('DJB Daily Readings'!EZ18-'DJB Daily Readings'!EZ17)*1.89 -> 26.46 | BJ10: =('DJB Daily Readings'!EX18-'DJB Daily Readings'!EX17)*1.89 -> 17.01 | BK10: =('DJB Daily Readings'!FB18-'DJB Daily Readings'!FB17)*1.89 -> 54.81 | BL10: ='DJB Daily Readings'!J18 -> 195
A11: Dubai at Jumeirah Beach | B11: =B10+1 -> 10 | C11: 2 | D11: 2023 | E11: =237*0.67 -> 158.79 | F11: =265+43 -> 308 | G11: ='DJB Daily Readings'!C19-'DJB Daily Readings'!C18 -> 678 | H11: ='DJB Daily Readings'!F19-'DJB Daily Readings'!F18 -> 481 | I11: ='DJB Daily Readings'!L18 -> 271 | J11: ='DJB Daily Readings'!N18 -> 88 | K11: ='DJB Daily Readings'!O19-'DJB Daily Readings'!O18 -> 58 | L11: ='DJB Daily Readings'!R19-'DJB Daily Readings'!R18 -> 6 | M11: ='DJB Daily Readings'!U19-'DJB Daily Readings'!U18 -> 2046.24 | N11: ='DJB Daily Readings'!X19-'DJB Daily Readings'!X18 -> 4677.12 | O11: ='DJB Daily Readings'!AA19-'DJB Daily Readings'!AA18 -> 5992.56 | P11: ='DJB Daily Readings'!AD19-'DJB Daily Readings'!AD18 -> 2046.24 | Q11: ='DJB Daily Readings'!AG19-'DJB Daily Readings'!AG18 -> 0 | R11: ='DJB Daily Readings'!AJ19-'DJB Daily Readings'!AJ18 -> 5554.08 | S11: ='DJB Daily Readings'!AM19-'DJB Daily Readings'!AM18 -> 3946.32 | T11: ='DJB Daily Readings'!AP19-'DJB Daily Readings'!AP18 -> 4433.52 | U11: ='DJB Daily Readings'!AS19-'DJB Daily Readings'!AS18 -> 3069.36 | V11: ='DJB Daily Readings'!AV19-'DJB Daily Readings'!AV18 -> 5651.52 | W11: ='DJB Daily Readings'!AZ19-'DJB Daily Readings'!AZ18 -> 30500 | X11: ='DJB Daily Readings'!BC19-'DJB Daily Readings'!BC18 -> 3800 | Y11: ='DJB Daily Readings'!BF19-'DJB Daily Readings'!BF18 -> 0 | Z11: =('DJB Daily Readings'!CK19-'DJB Daily Readings'!CK18)*1.89 -> 149.31 | AA11: =('DJB Daily Readings'!CN19-'DJB Daily Readings'!CN18)*1.89 -> 234.36 | AB11: =('DJB Daily Readings'!CQ19-'DJB Daily Readings'!CQ18)*1.89 -> 555.66 | AC11: ='DJB Daily Readings'!CT19-'DJB Daily Readings'!CT18 -> 189 | AD11: =('DJB Daily Readings'!BY19-'DJB Daily Readings'!BY18)*1.89 -> 28.35 | AE11: =('DJB Daily Readings'!CA19-'DJB Daily Readings'!CA18)*1.89 -> 35.91 | AF11: =('DJB Daily Readings'!CC19-'DJB Daily Readings'!CC18)*1.89 -> 13.23 | AG11: =('DJB Daily Readings'!CE19-'DJB Daily Readings'!CE18)*1.89 -> 17.01 | AH11: =('DJB Daily Readings'!CG19-'DJB Daily Readings'!CG18)*1.89 -> 26.46 | AI11: =('DJB Daily Readings'!CI19-'DJB Daily Readings'!CI18)*1.89 -> 66.15 | AJ11: ='DJB Daily Readings'!CY19-'DJB Daily Readings'!CY18 -> 9 | AK11: ='DJB Daily Readings'!CW19-'DJB Daily Readings'!CW18 -> 12 | AL11: ='DJB Daily Readings'!DC19-'DJB Daily Readings'!DC18 -> 18 | AM11: ='DJB Daily Readings'!DA19-'DJB Daily Readings'!DA18 -> 17 | AN11: ='DJB Daily Readings'!DG19-'DJB Daily Readings'!DG18 -> 5 | AO11: ='DJB Daily Readings'!DE19-'DJB Daily Readings'!DE18 -> 9 | AP11: ='DJB Daily Readings'!DK19-'DJB Daily Readings'!DK18 -> 8 | AQ11: ='DJB Daily Readings'!DI19-'DJB Daily Readings'!DI18 -> 13 | AR11: ='DJB Daily Readings'!DO19-'DJB Daily Readings'!DO18 -> 10 | AS11: ='DJB Daily Readings'!DM19-'DJB Daily Readings'!DM18 -> 4 | AT11: ='DJB Daily Readings'!DQ19-'DJB Daily Readings'!DQ18 -> 6 | AU11: ='DJB Daily Readings'!DT19-'DJB Daily Readings'!DT18 -> 11.4 | AW11: ='DJB Daily Readings'!DX19-'DJB Daily Readings'!DX18 -> 6 | AX11: ='DJB Daily Readings'!DZ19-'DJB Daily Readings'!DZ18 -> 7.4 | AY11: ='DJB Daily Readings'!EB19-'DJB Daily Readings'!EB18 -> 553 | AZ11: ='DJB Daily Readings'!ED19-'DJB Daily Readings'!ED18 -> 157.9 | BA11: ='DJB Daily Readings'!EG19-'DJB Daily Readings'!EG18 -> 2400 | BB11: ='DJB Daily Readings'!EI19-'DJB Daily Readings'!EI18 -> 250 | BC11: ='DJB Daily Readings'!EQ19-'DJB Daily Readings'!EQ18 -> 1300 | BD11: ='DJB Daily Readings'!EK19-'DJB Daily Readings'!EK18 -> 800 | BE11: ='DJB Daily Readings'!EM19-'DJB Daily Readings'!EM18 -> 200 | BF11: ='DJB Daily Readings'!EO19-'DJB Daily Readings'!EO18 -> 680 | BG11: =('DJB Daily Readings'!ET19-'DJB Daily Readings'!ET18)*1.89 -> 26.46 | BH11: =('DJB Daily Readings'!EV19-'DJB Daily Readings'!EV18)*1.89 -> 22.68 | BI11: =('DJB Daily Readings'!EZ19-'DJB Daily Readings'!EZ18)*1.89 -> 32.13 | BJ11: =('DJB Daily Readings'!EX19-'DJB Daily Readings'!EX18)*1.89 -> 24.57 | BK11: =('DJB Daily Readings'!FB19-'DJB Daily Readings'!FB18)*1.89 -> 66.15 | BL11: ='DJB Daily Readings'!J19 -> 207
A12: Dubai at Jumeirah Beach | B12: =B11+1 -> 11 | C12: 2 | D12: 2023 | E12: =237*0.91 -> 215.67 | F12: =320+79 -> 399 | G12: ='DJB Daily Readings'!C20-'DJB Daily Readings'!C19 -> 584 | H12: ='DJB Daily Readings'!F20-'DJB Daily Readings'!F19 -> 460 | I12: ='DJB Daily Readings'!L19 -> 266 | J12: ='DJB Daily Readings'!N19 -> 80 | K12: ='DJB Daily Readings'!O20-'DJB Daily Readings'!O19 -> 62 | L12: ='DJB Daily Readings'!R20-'DJB Daily Readings'!R19 -> 3 | M12: ='DJB Daily Readings'!U20-'DJB Daily Readings'!U19 -> 2046.24 | N12: ='DJB Daily Readings'!X20-'DJB Daily Readings'!X19 -> 4725.84 | O12: ='DJB Daily Readings'!AA20-'DJB Daily Readings'!AA19 -> 97.44 | P12: ='DJB Daily Readings'!AD20-'DJB Daily Readings'!AD19 -> 6674.64 | Q12: ='DJB Daily Readings'!AG20-'DJB Daily Readings'!AG19 -> 1997.52 | R12: ='DJB Daily Readings'!AJ20-'DJB Daily Readings'!AJ19 -> 5456.64 | S12: ='DJB Daily Readings'!AM20-'DJB Daily Readings'!AM19 -> 3751.44 | T12: ='DJB Daily Readings'!AP20-'DJB Daily Readings'!AP19 -> 4482.24 | U12: ='DJB Daily Readings'!AS20-'DJB Daily Readings'!AS19 -> 3166.8 | V12: ='DJB Daily Readings'!AV20-'DJB Daily Readings'!AV19 -> 5651.52 | W12: ='DJB Daily Readings'!AZ20-'DJB Daily Readings'!AZ19 -> 0 | X12: ='DJB Daily Readings'!BC20-'DJB Daily Readings'!BC19 -> 33700 | Y12: ='DJB Daily Readings'!BF20-'DJB Daily Readings'!BF19 -> 3900 | Z12: =('DJB Daily Readings'!CK20-'DJB Daily Readings'!CK19)*1.89 -> 145.53 | AA12: =('DJB Daily Readings'!CN20-'DJB Daily Readings'!CN19)*1.89 -> 224.91 | AB12: =('DJB Daily Readings'!CQ20-'DJB Daily Readings'!CQ19)*1.89 -> 532.98 | AC12: ='DJB Daily Readings'!CT20-'DJB Daily Readings'!CT19 -> 185 | AD12: =('DJB Daily Readings'!BY20-'DJB Daily Readings'!BY19)*1.89 -> 35.91 | AE12: =('DJB Daily Readings'!CA20-'DJB Daily Readings'!CA19)*1.89 -> 43.47 | AF12: =('DJB Daily Readings'!CC20-'DJB Daily Readings'!CC19)*1.89 -> 9.45 | AG12: =('DJB Daily Readings'!CE20-'DJB Daily Readings'!CE19)*1.89 -> 17.01 | AH12: =('DJB Daily Readings'!CG20-'DJB Daily Readings'!CG19)*1.89 -> 32.13 | AI12: =('DJB Daily Readings'!CI20-'DJB Daily Readings'!CI19)*1.89 -> 73.71 | AJ12: ='DJB Daily Readings'!CY20-'DJB Daily Readings'!CY19 -> 5 | AK12: ='DJB Daily Readings'!CW20-'DJB Daily Readings'!CW19 -> 11 | AL12: ='DJB Daily Readings'!DC20-'DJB Daily Readings'!DC19 -> 14 | AM12: ='DJB Daily Readings'!DA20-'DJB Daily Readings'!DA19 -> 14 | AN12: ='DJB Daily Readings'!DG20-'DJB Daily Readings'!DG19 -> 3 | AO12: ='DJB Daily Readings'!DE20-'DJB Daily Readings'!DE19 -> 8 | AP12: ='DJB Daily Readings'!DK20-'DJB Daily Readings'!DK19 -> 11 | AQ12: ='DJB Daily Readings'!DI20-'DJB Daily Readings'!DI19 -> 11 | AR12: ='DJB Daily Readings'!DO20-'DJB Daily Readings'!DO19 -> 9 | AS12: ='DJB Daily Readings'!DM20-'DJB Daily Readings'!DM19 -> 4 | AT12: ='DJB Daily Readings'!DQ20-'DJB Daily Readings'!DQ19 -> 1 | AU12: ='DJB Daily Readings'!DT20-'DJB Daily Readings'!DT19 -> 11.2 | AW12: ='DJB Daily Readings'!DX20-'DJB Daily Readings'!DX19 -> 5.9 | AX12: ='DJB Daily Readings'!DZ20-'DJB Daily Readings'!DZ19 -> 7.7 | AY12: ='DJB Daily Readings'!EB20-'DJB Daily Readings'!EB19 -> 580 | AZ12: ='DJB Daily Readings'!ED20-'DJB Daily Readings'!ED19 -> 152 | BA12: ='DJB Daily Readings'!EG20-'DJB Daily Readings'!EG19 -> 2500 | BB12: ='DJB Daily Readings'!EI20-'DJB Daily Readings'!EI19 -> 240 | BC12: ='DJB Daily Readings'!EQ20-'DJB Daily Readings'!EQ19 -> 1400 | BD12: ='DJB Daily Readings'!EK20-'DJB Daily Readings'!EK19 -> 800 | BE12: ='DJB Daily Readings'!EM20-'DJB Daily Readings'!EM19 -> 300 | BF12: ='DJB Daily Readings'!EO20-'DJB Daily Readings'!EO19 -> 620 | BG12: =('DJB Daily Readings'!ET20-'DJB Daily Readings'!ET19)*1.89 -> 28.35 | BH12: =('DJB Daily Readings'!EV20-'DJB Daily Readings'!EV19)*1.89 -> 18.9 | BI12: =('DJB Daily Readings'!EZ20-'DJB Daily Readings'!EZ19)*1.89 -> 30.24 | BJ12: =('DJB Daily Readings'!EX20-'DJB Daily Readings'!EX19)*1.89 -> 26.46 | BK12: =('DJB Daily Readings'!FB20-'DJB Daily Readings'!FB19)*1.89 -> 64.26 | BL12: ='DJB Daily Readings'!J20 -> 378
A13: Dubai at Jumeirah Beach | B13: =B12+1 -> 12 | C13: 2 | D13: 2023 | E13: =237*0.91 -> 215.67 | F13: =335+56 -> 391 | G13: ='DJB Daily Readings'!C21-'DJB Daily Readings'!C20 -> 576 | H13: ='DJB Daily Readings'!F21-'DJB Daily Readings'!F20 -> 462 | I13: ='DJB Daily Readings'!L20 -> 132 | J13: ='DJB Daily Readings'!N20 -> 13 | K13: ='DJB Daily Readings'!O21-'DJB Daily Readings'!O20 -> 78 | L13: ='DJB Daily Readings'!R21-'DJB Daily Readings'!R20 -> 3 | M13: ='DJB Daily Readings'!U21-'DJB Daily Readings'!U20 -> 1997.52 | N13: ='DJB Daily Readings'!X21-'DJB Daily Readings'!X20 -> 4628.4 | O13: ='DJB Daily Readings'!AA21-'DJB Daily Readings'!AA20 -> 1023.12 | P13: ='DJB Daily Readings'!AD21-'DJB Daily Readings'!AD20 -> 48.72 | Q13: ='DJB Daily Readings'!AG21-'DJB Daily Readings'!AG20 -> 8331.12 | R13: ='DJB Daily Readings'!AJ21-'DJB Daily Readings'!AJ20 -> 5748.96 | S13: ='DJB Daily Readings'!AM21-'DJB Daily Readings'!AM20 -> 3848.88 | T13: ='DJB Daily Readings'!AP21-'DJB Daily Readings'!AP20 -> 4482.24 | U13: ='DJB Daily Readings'!AS21-'DJB Daily Readings'!AS20 -> 3312.96 | V13: ='DJB Daily Readings'!AV21-'DJB Daily Readings'!AV20 -> 5554.08 | W13: ='DJB Daily Readings'!AZ21-'DJB Daily Readings'!AZ20 -> 4000 | X13: ='DJB Daily Readings'!BC21-'DJB Daily Readings'!BC20 -> 0 | Y13: ='DJB Daily Readings'!BF21-'DJB Daily Readings'!BF20 -> 36600 | Z13: =('DJB Daily Readings'!CK21-'DJB Daily Readings'!CK20)*1.89 -> 149.31 | AA13: =('DJB Daily Readings'!CN21-'DJB Daily Readings'!CN20)*1.89 -> 230.58 | AB13: =('DJB Daily Readings'!CQ21-'DJB Daily Readings'!CQ20)*1.89 -> 542.43 | AC13: ='DJB Daily Readings'!CT21-'DJB Daily Readings'!CT20 -> 189 | AD13: =('DJB Daily Readings'!BY21-'DJB Daily Readings'!BY20)*1.89 -> 32.13 | AE13: =('DJB Daily Readings'!CA21-'DJB Daily Readings'!CA20)*1.89 -> 39.69 | AF13: =('DJB Daily Readings'!CC21-'DJB Daily Readings'!CC20)*1.89 -> 15.12 | AG13: =('DJB Daily Readings'!CE21-'DJB Daily Readings'!CE20)*1.89 -> 18.9 | AH13: =('DJB Daily Readings'!CG21-'DJB Daily Readings'!CG20)*1.89 -> 28.35 | AI13: =('DJB Daily Readings'!CI21-'DJB Daily Readings'!CI20)*1.89 -> 66.15 | AJ13: ='DJB Daily Readings'!CY21-'DJB Daily Readings'!CY20 -> 3 | AK13: ='DJB Daily Readings'!CW21-'DJB Daily Readings'!CW20 -> 6 | AL13: ='DJB Daily Readings'!DC21-'DJB Daily Readings'!DC20 -> 15 | AM13: ='DJB Daily Readings'!DA21-'DJB Daily Readings'!DA20 -> 16 | AN13: ='DJB Daily Readings'!DG21-'DJB Daily Readings'!DG20 -> 6 | AO13: ='DJB Daily Readings'!DE21-'DJB Daily Readings'!DE20 -> 10 | AP13: ='DJB Daily Readings'!DK21-'DJB Daily Readings'!DK20 -> 8 | AQ13: ='DJB Daily Readings'!DI21-'DJB Daily Readings'!DI20 -> 12 | AR13: ='DJB Daily Readings'!DO21-'DJB Daily Readings'!DO20 -> 9 | AS13: ='DJB Daily Readings'!DM21-'DJB Daily Readings'!DM20 -> 4 | AT13: ='DJB Daily Readings'!DQ21-'DJB Daily Readings'!DQ20 -> 0 | AU13: ='DJB Daily Readings'!DT21-'DJB Daily Readings'!DT20 -> 3.8 | AW13: ='DJB Daily Readings'!DX21-'DJB Daily Readings'!DX20 -> 5.9 | AX13: ='DJB Daily Readings'!DZ21-'DJB Daily Readings'!DZ20 -> 6.9 | AY13: ='DJB Daily Readings'!EB21-'DJB Daily Readings'!EB20 -> 586 | AZ13: ='DJB Daily Readings'!ED21-'DJB Daily Readings'!ED20 -> 152.3 | BA13: ='DJB Daily Readings'!EG21-'DJB Daily Readings'!EG20 -> 3000 | BB13: ='DJB Daily Readings'!EI21-'DJB Daily Readings'!EI20 -> 260 | BC13: ='DJB Daily Readings'!EQ21-'DJB Daily Readings'!EQ20 -> 1800 | BD13: ='DJB Daily Readings'!EK21-'DJB Daily Readings'!EK20 -> 900 | BE13: ='DJB Daily Readings'!EM21-'DJB Daily Readings'!EM20 -> 200 | BF13: ='DJB Daily Readings'!EO21-'DJB Daily Readings'!EO20 -> 710 | BG13: =('DJB Daily Readings'!ET21-'DJB Daily Readings'!ET20)*1.89 -> 28.35 | BH13: =('DJB Daily Readings'!EV21-'DJB Daily Readings'!EV20)*1.89 -> 22.68 | BI13: =('DJB Daily Readings'!EZ21-'DJB Daily Readings'!EZ20)*1.89 -> 24.57 | BJ13: =('DJB Daily Readings'!EX21-'DJB Daily Readings'!EX20)*1.89 -> 20.79 | BK13: =('DJB Daily Readings'!FB21-'DJB Daily Readings'!FB20)*1.89 -> 58.59 | BL13: ='DJB Daily Readings'!J21 -> 269
A14: Dubai at Jumeirah Beach | B14: =B13+1 -> 13 | C14: 2 | D14: 2023 | E14: =237*0.89 -> 210.93 | F14: =322+55 -> 377 | G14: ='DJB Daily Readings'!C22-'DJB Daily Readings'!C21 -> 529 | H14: ='DJB Daily Readings'!F22-'DJB Daily Readings'!F21 -> 406 | I14: ='DJB Daily Readings'!L21 -> 127 | J14: ='DJB Daily Readings'!N21 -> 0 | K14: ='DJB Daily Readings'!O22-'DJB Daily Readings'!O21 -> 83 | L14: ='DJB Daily Readings'!R22-'DJB Daily Readings'!R21 -> 10 | M14: ='DJB Daily Readings'!U22-'DJB Daily Readings'!U21 -> 1997.52 | N14: ='DJB Daily Readings'!X22-'DJB Daily Readings'!X21 -> 4677.12 | O14: ='DJB Daily Readings'!AA22-'DJB Daily Readings'!AA21 -> 7161.84 | P14: ='DJB Daily Readings'!AD22-'DJB Daily Readings'!AD21 -> 925.68 | Q14: ='DJB Daily Readings'!AG22-'DJB Daily Readings'!AG21 -> 1266.72 | R14: ='DJB Daily Readings'!AJ22-'DJB Daily Readings'!AJ21 -> 5797.68 | S14: ='DJB Daily Readings'!AM22-'DJB Daily Readings'!AM21 -> 3556.56 | T14: ='DJB Daily Readings'!AP22-'DJB Daily Readings'!AP21 -> 4384.8 | U14: ='DJB Daily Readings'!AS22-'DJB Daily Readings'!AS21 -> 2923.2 | V14: ='DJB Daily Readings'!AV22-'DJB Daily Readings'!AV21 -> 5213.04 | W14: ='DJB Daily Readings'!AZ22-'DJB Daily Readings'!AZ21 -> 39000 | X14: ='DJB Daily Readings'!BC22-'DJB Daily Readings'!BC21 -> 4100 | Y14: ='DJB Daily Readings'!BF22-'DJB Daily Readings'!BF21 -> 0 | Z14: =('DJB Daily Readings'!CK22-'DJB Daily Readings'!CK21)*1.89 -> 145.53 | AA14: =('DJB Daily Readings'!CN22-'DJB Daily Readings'!CN21)*1.89 -> 213.57 | AB14: =('DJB Daily Readings'!CQ22-'DJB Daily Readings'!CQ21)*1.89 -> 442.26 | AC14: ='DJB Daily Readings'!CT22-'DJB Daily Readings'!CT21 -> 183 | AD14: =('DJB Daily Readings'!BY22-'DJB Daily Readings'!BY21)*1.89 -> 30.24 | AE14: =('DJB Daily Readings'!CA22-'DJB Daily Readings'!CA21)*1.89 -> 37.8 | AF14: =('DJB Daily Readings'!CC22-'DJB Daily Readings'!CC21)*1.89 -> 13.23 | AG14: =('DJB Daily Readings'!CE22-'DJB Daily Readings'!CE21)*1.89 -> 18.9 | AH14: =('DJB Daily Readings'!CG22-'DJB Daily Readings'!CG21)*1.89 -> 28.35 | AI14: =('DJB Daily Readings'!CI22-'DJB Daily Readings'!CI21)*1.89 -> 66.15 | AJ14: ='DJB Daily Readings'!CY22-'DJB Daily Readings'!CY21 -> 2 | AK14: ='DJB Daily Readings'!CW22-'DJB Daily Readings'!CW21 -> 4 | AL14: ='DJB Daily Readings'!DC22-'DJB Daily Readings'!DC21 -> 14 | AM14: ='DJB Daily Readings'!DA22-'DJB Daily Readings'!DA21 -> 13 | AN14: ='DJB Daily Readings'!DG22-'DJB Daily Readings'!DG21 -> 5 | AO14: ='DJB Daily Readings'!DE22-'DJB Daily Readings'!DE21 -> 9 | AP14: ='DJB Daily Readings'!DK22-'DJB Daily Readings'!DK21 -> 6 | AQ14: ='DJB Daily Readings'!DI22-'DJB Daily Readings'!DI21 -> 9 | AR14: ='DJB Daily Readings'!DO22-'DJB Daily Readings'!DO21 -> 7 | AS14: ='DJB Daily Readings'!DM22-'DJB Daily Readings'!DM21 -> 4 | AT14: ='DJB Daily Readings'!DQ22-'DJB Daily Readings'!DQ21 -> 6 | AU14: ='DJB Daily Readings'!DT22-'DJB Daily Readings'!DT21 -> 17.5 | AW14: ='DJB Daily Readings'!DX22-'DJB Daily Readings'!DX21 -> 6 | AX14: ='DJB Daily Readings'!DZ22-'DJB Daily Readings'!DZ21 -> 5.7 | AY14: ='DJB Daily Readings'!EB22-'DJB Daily Readings'!EB21 -> 565 | AZ14: ='DJB Daily Readings'!ED22-'DJB Daily Readings'!ED21 -> 152.1 | BA14: ='DJB Daily Readings'!EG22-'DJB Daily Readings'!EG21 -> 2600 | BB14: ='DJB Daily Readings'!EI22-'DJB Daily Readings'!EI21 -> 220 | BC14: ='DJB Daily Readings'!EQ22-'DJB Daily Readings'!EQ21 -> 1600 | BD14: ='DJB Daily Readings'!EK22-'DJB Daily Readings'!EK21 -> 900 | BE14: ='DJB Daily Readings'!EM22-'DJB Daily Readings'!EM21 -> 400 | BF14: ='DJB Daily Readings'!EO22-'DJB Daily Readings'!EO21 -> 660 | BG14: =('DJB Daily Readings'!ET22-'DJB Daily Readings'!ET21)*1.89 -> 28.35 | BH14: =('DJB Daily Readings'!EV22-'DJB Daily Readings'!EV21)*1.89 -> 22.68 | BI14: =('DJB Daily Readings'!EZ22-'DJB Daily Readings'!EZ21)*1.89 -> 22.68 | BJ14: =('DJB Daily Readings'!EX22-'DJB Daily Readings'!EX21)*1.89 -> 17.01 | BK14: =('DJB Daily Readings'!FB22-'DJB Daily Readings'!FB21)*1.89 -> 62.37 | BL14: ='DJB Daily Readings'!J22 -> 253
A15: Dubai at Jumeirah Beach | B15: =B14+1 -> 14 | C15: 2 | D15: 2023 | E15: =237*0.88 -> 208.56 | F15: =330+54 -> 384 | G15: ='DJB Daily Readings'!C23-'DJB Daily Readings'!C22 -> 614 | H15: ='DJB Daily Readings'!F23-'DJB Daily Readings'!F22 -> 460 | I15: ='DJB Daily Readings'!L22 -> 266 | J15: ='DJB Daily Readings'!N22 -> 0 | K15: ='DJB Daily Readings'!O23-'DJB Daily Readings'!O22 -> 93 | L15: ='DJB Daily Readings'!R23-'DJB Daily Readings'!R22 -> 12 | M15: ='DJB Daily Readings'!U23-'DJB Daily Readings'!U22 -> 2143.68 | N15: ='DJB Daily Readings'!X23-'DJB Daily Readings'!X22 -> 4677.12 | O15: ='DJB Daily Readings'!AA23-'DJB Daily Readings'!AA22 -> 146.16 | P15: ='DJB Daily Readings'!AD23-'DJB Daily Readings'!AD22 -> 7502.88 | Q15: ='DJB Daily Readings'!AG23-'DJB Daily Readings'!AG22 -> 2192.4 | R15: ='DJB Daily Readings'!AJ23-'DJB Daily Readings'!AJ22 -> 5895.12 | S15: ='DJB Daily Readings'!AM23-'DJB Daily Readings'!AM22 -> 3897.6 | T15: ='DJB Daily Readings'!AP23-'DJB Daily Readings'!AP22 -> 4677.12 | U15: ='DJB Daily Readings'!AS23-'DJB Daily Readings'!AS22 -> 2874.48 | V15: ='DJB Daily Readings'!AV23-'DJB Daily Readings'!AV22 -> 5554.08 | W15: ='DJB Daily Readings'!AZ23-'DJB Daily Readings'!AZ22 -> 0 | X15: ='DJB Daily Readings'!BC23-'DJB Daily Readings'!BC22 -> 40700 | Y15: ='DJB Daily Readings'!BF23-'DJB Daily Readings'!BF22 -> 4800 | Z15: =('DJB Daily Readings'!CK23-'DJB Daily Readings'!CK22)*1.89 -> 166.32 | AA15: =('DJB Daily Readings'!CN23-'DJB Daily Readings'!CN22)*1.89 -> 226.8 | AB15: =('DJB Daily Readings'!CQ23-'DJB Daily Readings'!CQ22)*1.89 -> 449.82 | AC15: ='DJB Daily Readings'!CT23-'DJB Daily Readings'!CT22 -> 187 | AD15: =('DJB Daily Readings'!BY23-'DJB Daily Readings'!BY22)*1.89 -> 35.91 | AE15: =('DJB Daily Readings'!CA23-'DJB Daily Readings'!CA22)*1.89 -> 35.91 | AF15: =('DJB Daily Readings'!CC23-'DJB Daily Readings'!CC22)*1.89 -> 13.23 | AG15: =('DJB Daily Readings'!CE23-'DJB Daily Readings'!CE22)*1.89 -> 18.9 | AH15: =('DJB Daily Readings'!CG23-'DJB Daily Readings'!CG22)*1.89 -> 32.13 | AI15: =('DJB Daily Readings'!CI23-'DJB Daily Readings'!CI22)*1.89 -> 69.93 | AJ15: ='DJB Daily Readings'!CY23-'DJB Daily Readings'!CY22 -> 4 | AK15: ='DJB Daily Readings'!CW23-'DJB Daily Readings'!CW22 -> 9 | AL15: ='DJB Daily Readings'!DC23-'DJB Daily Readings'!DC22 -> 16 | AM15: ='DJB Daily Readings'!DA23-'DJB Daily Readings'!DA22 -> 15 | AN15: ='DJB Daily Readings'!DG23-'DJB Daily Readings'!DG22 -> 5 | AO15: ='DJB Daily Readings'!DE23-'DJB Daily Readings'!DE22 -> 9 | AP15: ='DJB Daily Readings'!DK23-'DJB Daily Readings'!DK22 -> 8 | AQ15: ='DJB Daily Readings'!DI23-'DJB Daily Readings'!DI22 -> 11 | AR15: ='DJB Daily Readings'!DO23-'DJB Daily Readings'!DO22 -> 9 | AS15: ='DJB Daily Readings'!DM23-'DJB Daily Readings'!DM22 -> 5 | AT15: ='DJB Daily Readings'!DQ23-'DJB Daily Readings'!DQ22 -> 6 | AU15: ='DJB Daily Readings'!DT23-'DJB Daily Readings'!DT22 -> 10.8 | AW15: ='DJB Daily Readings'!DX23-'DJB Daily Readings'!DX22 -> 6 | AX15: ='DJB Daily Readings'!DZ23-'DJB Daily Readings'!DZ22 -> 6.4 | AY15: ='DJB Daily Readings'!EB23-'DJB Daily Readings'!EB22 -> 600 | AZ15: ='DJB Daily Readings'!ED23-'DJB Daily Readings'!ED22 -> 154.3 | BA15: ='DJB Daily Readings'!EG23-'DJB Daily Readings'!EG22 -> 3100 | BB15: ='DJB Daily Readings'!EI23-'DJB Daily Readings'!EI22 -> 250 | BC15: ='DJB Daily Readings'!EQ23-'DJB Daily Readings'!EQ22 -> 2700 | BD15: ='DJB Daily Readings'!EK23-'DJB Daily Readings'!EK22 -> 900 | BE15: ='DJB Daily Readings'!EM23-'DJB Daily Readings'!EM22 -> 400 | BF15: ='DJB Daily Readings'!EO23-'DJB Daily Readings'!EO22 -> 660 | BG15: =('DJB Daily Readings'!ET23-'DJB Daily Readings'!ET22)*1.89 -> 28.35 | BH15: =('DJB Daily Readings'!EV23-'DJB Daily Readings'!EV22)*1.89 -> 24.57 | BI15: =('DJB Daily Readings'!EZ23-'DJB Daily Readings'!EZ22)*1.89 -> 28.35 | BJ15: =('DJB Daily Readings'!EX23-'DJB Daily Readings'!EX22)*1.89 -> 18.9 | BK15: =('DJB Daily Readings'!FB23-'DJB Daily Readings'!FB22)*1.89 -> 62.37 | BL15: ='DJB Daily Readings'!J23 -> 285
A16: Dubai at Jumeirah Beach | B16: =B15+1 -> 15 | C16: 2 | D16: 2023 | E16: =237*0.81 -> 191.97 | F16: =275+58 -> 333 | G16: ='DJB Daily Readings'!C24-'DJB Daily Readings'!C23 -> 590 | H16: ='DJB Daily Readings'!F24-'DJB Daily Readings'!F23 -> 450 | I16: ='DJB Daily Readings'!L23 -> 271 | J16: ='DJB Daily Readings'!N23 -> 0 | K16: ='DJB Daily Readings'!O24-'DJB Daily Readings'!O23 -> 96 | L16: ='DJB Daily Readings'!R24-'DJB Daily Readings'!R23 -> 7 | M16: ='DJB Daily Readings'!U24-'DJB Daily Readings'!U23 -> 2679.6 | N16: ='DJB Daily Readings'!X24-'DJB Daily Readings'!X23 -> 4725.84 | O16: ='DJB Daily Readings'!AA24-'DJB Daily Readings'!AA23 -> 1412.88 | P16: ='DJB Daily Readings'!AD24-'DJB Daily Readings'!AD23 -> 48.72 | Q16: ='DJB Daily Readings'!AG24-'DJB Daily Readings'!AG23 -> 8331.12 | R16: ='DJB Daily Readings'!AJ24-'DJB Daily Readings'!AJ23 -> 5895.12 | S16: ='DJB Daily Readings'!AM24-'DJB Daily Readings'!AM23 -> 4336.08 | T16: ='DJB Daily Readings'!AP24-'DJB Daily Readings'!AP23 -> 4628.4 | U16: ='DJB Daily Readings'!AS24-'DJB Daily Readings'!AS23 -> 2971.92 | V16: ='DJB Daily Readings'!AV24-'DJB Daily Readings'!AV23 -> 5700.24 | W16: ='DJB Daily Readings'!AZ24-'DJB Daily Readings'!AZ23 -> 4600 | X16: ='DJB Daily Readings'!BC24-'DJB Daily Readings'!BC23 -> 0 | Y16: ='DJB Daily Readings'!BF24-'DJB Daily Readings'!BF23 -> 42100 | Z16: =('DJB Daily Readings'!CK24-'DJB Daily Readings'!CK23)*1.89 -> 153.09 | AA16: =('DJB Daily Readings'!CN24-'DJB Daily Readings'!CN23)*1.89 -> 211.68 | AB16: =('DJB Daily Readings'!CQ24-'DJB Daily Readings'!CQ23)*1.89 -> 498.96 | AC16: ='DJB Daily Readings'!CT24-'DJB Daily Readings'!CT23 -> 187 | AD16: =('DJB Daily Readings'!BY24-'DJB Daily Readings'!BY23)*1.89 -> 28.35 | AE16: =('DJB Daily Readings'!CA24-'DJB Daily Readings'!CA23)*1.89 -> 39.69 | AF16: =('DJB Daily Readings'!CC24-'DJB Daily Readings'!CC23)*1.89 -> 11.34 | AG16: =('DJB Daily Readings'!CE24-'DJB Daily Readings'!CE23)*1.89 -> 18.9 | AH16: =('DJB Daily Readings'!CG24-'DJB Daily Readings'!CG23)*1.89 -> 26.46 | AI16: =('DJB Daily Readings'!CI24-'DJB Daily Readings'!CI23)*1.89 -> 69.93 | AJ16: ='DJB Daily Readings'!CY24-'DJB Daily Readings'!CY23 -> 10 | AK16: ='DJB Daily Readings'!CW24-'DJB Daily Readings'!CW23 -> 10 | AL16: ='DJB Daily Readings'!DC24-'DJB Daily Readings'!DC23 -> 13 | AM16: ='DJB Daily Readings'!DA24-'DJB Daily Readings'!DA23 -> 15 | AN16: ='DJB Daily Readings'!DG24-'DJB Daily Readings'!DG23 -> 4 | AO16: ='DJB Daily Readings'!DE24-'DJB Daily Readings'!DE23 -> 9 | AP16: ='DJB Daily Readings'!DK24-'DJB Daily Readings'!DK23 -> 7 | AQ16: ='DJB Daily Readings'!DI24-'DJB Daily Readings'!DI23 -> 11 | AR16: ='DJB Daily Readings'!DO24-'DJB Daily Readings'!DO23 -> 8 | AS16: ='DJB Daily Readings'!DM24-'DJB Daily Readings'!DM23 -> 3 | AT16: ='DJB Daily Readings'!DQ24-'DJB Daily Readings'!DQ23 -> 0 | AU16: ='DJB Daily Readings'!DT24-'DJB Daily Readings'!DT23 -> 11 | AW16: ='DJB Daily Readings'!DX24-'DJB Daily Readings'!DX23 -> 6.2 | AX16: ='DJB Daily Readings'!DZ24-'DJB Daily Readings'!DZ23 -> 6.5 | AY16: ='DJB Daily Readings'!EB24-'DJB Daily Readings'!EB23 -> 591 | AZ16: ='DJB Daily Readings'!ED24-'DJB Daily Readings'!ED23 -> 156.5 | BA16: ='DJB Daily Readings'!EG24-'DJB Daily Readings'!EG23 -> 3100 | BB16: ='DJB Daily Readings'!EI24-'DJB Daily Readings'!EI23 -> 250 | BC16: ='DJB Daily Readings'!EQ24-'DJB Daily Readings'!EQ23 -> 4200 | BD16: ='DJB Daily Readings'!EK24-'DJB Daily Readings'!EK23 -> 1100 | BE16: ='DJB Daily Readings'!EM24-'DJB Daily Readings'!EM23 -> 400 | BF16: ='DJB Daily Readings'!EO24-'DJB Daily Readings'!EO23 -> 670 | BG16: =('DJB Daily Readings'!ET24-'DJB Daily Readings'!ET23)*1.89 -> 30.24 | BH16: =('DJB Daily Readings'!EV24-'DJB Daily Readings'!EV23)*1.89 -> 24.57 | BI16: =('DJB Daily Readings'!EZ24-'DJB Daily Readings'!EZ23)*1.89 -> 30.24 | BJ16: =('DJB Daily Readings'!EX24-'DJB Daily Readings'!EX23)*1.89 -> 15.12 | BK16: =('DJB Daily Readings'!FB24-'DJB Daily Readings'!FB23)*1.89 -> 62.37 | BL16: ='DJB Daily Readings'!J24 -> 252
A17: Dubai at Jumeirah Beach | B17: =B16+1 -> 16 | C17: 2 | D17: 2023 | E17: =237*0.79 -> 187.23 | F17: =276+63 -> 339 | G17: ='DJB Daily Readings'!C25-'DJB Daily Readings'!C24 -> 571 | H17: ='DJB Daily Readings'!F25-'DJB Daily Readings'!F24 -> 428 | I17: ='DJB Daily Readings'!L24 -> 273 | J17: ='DJB Daily Readings'!N24 -> 0 | K17: ='DJB Daily Readings'!O25-'DJB Daily Readings'!O24 -> 88 | L17: ='DJB Daily Readings'!R25-'DJB Daily Readings'!R24 -> 4 | M17: ='DJB Daily Readings'!U25-'DJB Daily Readings'!U24 -> 2387.28 | N17: ='DJB Daily Readings'!X25-'DJB Daily Readings'!X24 -> 4482.24 | O17: ='DJB Daily Readings'!AA25-'DJB Daily Readings'!AA24 -> 7356.72 | P17: ='DJB Daily Readings'!AD25-'DJB Daily Readings'!AD24 -> 1218 | Q17: ='DJB Daily Readings'!AG25-'DJB Daily Readings'!AG24 -> 633.36 | R17: ='DJB Daily Readings'!AJ25-'DJB Daily Readings'!AJ24 -> 5359.2 | S17: ='DJB Daily Readings'!AM25-'DJB Daily Readings'!AM24 -> 3897.6 | T17: ='DJB Daily Readings'!AP25-'DJB Daily Readings'!AP24 -> 4433.52 | U17: ='DJB Daily Readings'!AS25-'DJB Daily Readings'!AS24 -> 2825.76 | V17: ='DJB Daily Readings'!AV25-'DJB Daily Readings'!AV24 -> 5554.08 | W17: ='DJB Daily Readings'!AZ25-'DJB Daily Readings'!AZ24 -> 42600 | X17: ='DJB Daily Readings'!BC25-'DJB Daily Readings'!BC24 -> 4800 | Y17: ='DJB Daily Readings'!BF25-'DJB Daily Readings'!BF24 -> 0 | Z17: =('DJB Daily Readings'!CK25-'DJB Daily Readings'!CK24)*1.89 -> 149.31 | AA17: =('DJB Daily Readings'!CN25-'DJB Daily Readings'!CN24)*1.89 -> 202.23 | AB17: =('DJB Daily Readings'!CQ25-'DJB Daily Readings'!CQ24)*1.89 -> 427.14 | AC17: ='DJB Daily Readings'!CT25-'DJB Daily Readings'!CT24 -> 181 | AD17: =('DJB Daily Readings'!BY25-'DJB Daily Readings'!BY24)*1.89 -> 26.46 | AE17: =('DJB Daily Readings'!CA25-'DJB Daily Readings'!CA24)*1.89 -> 39.69 | AF17: =('DJB Daily Readings'!CC25-'DJB Daily Readings'!CC24)*1.89 -> 15.12 | AG17: =('DJB Daily Readings'!CE25-'DJB Daily Readings'!CE24)*1.89 -> 17.01 | AH17: =('DJB Daily Readings'!CG25-'DJB Daily Readings'!CG24)*1.89 -> 24.57 | AI17: =('DJB Daily Readings'!CI25-'DJB Daily Readings'!CI24)*1.89 -> 68.04 | AJ17: ='DJB Daily Readings'!CY25-'DJB Daily Readings'!CY24 -> 4 | AK17: ='DJB Daily Readings'!CW25-'DJB Daily Readings'!CW24 -> 7 | AL17: ='DJB Daily Readings'!DC25-'DJB Daily Readings'!DC24 -> 15 | AM17: ='DJB Daily Readings'!DA25-'DJB Daily Readings'!DA24 -> 15 | AN17: ='DJB Daily Readings'!DG25-'DJB Daily Readings'!DG24 -> 5 | AO17: ='DJB Daily Readings'!DE25-'DJB Daily Readings'!DE24 -> 9 | AP17: ='DJB Daily Readings'!DK25-'DJB Daily Readings'!DK24 -> 4 | AQ17: ='DJB Daily Readings'!DI25-'DJB Daily Readings'!DI24 -> 10 | AR17: ='DJB Daily Readings'!DO25-'DJB Daily Readings'!DO24 -> 8 | AS17: ='DJB Daily Readings'!DM25-'DJB Daily Readings'!DM24 -> 5 | AT17: ='DJB Daily Readings'!DQ25-'DJB Daily Readings'!DQ24 -> 13 | AU17: ='DJB Daily Readings'!DT25-'DJB Daily Readings'!DT24 -> 11.2 | AW17: ='DJB Daily Readings'!DX25-'DJB Daily Readings'!DX24 -> 6 | AX17: ='DJB Daily Readings'!DZ25-'DJB Daily Readings'!DZ24 -> 6.9 | AY17: ='DJB Daily Readings'!EB25-'DJB Daily Readings'!EB24 -> 544 | AZ17: ='DJB Daily Readings'!ED25-'DJB Daily Readings'!ED24 -> 148 | BA17: ='DJB Daily Readings'!EG25-'DJB Daily Readings'!EG24 -> 3000 | BB17: ='DJB Daily Readings'!EI25-'DJB Daily Readings'!EI24 -> 220 | BC17: ='DJB Daily Readings'!EQ25-'DJB Daily Readings'!EQ24 -> 4300 | BD17: ='DJB Daily Readings'!EK25-'DJB Daily Readings'!EK24 -> 1000 | BE17: ='DJB Daily Readings'!EM25-'DJB Daily Readings'!EM24 -> 500 | BF17: ='DJB Daily Readings'!EO25-'DJB Daily Readings'!EO24 -> 630 | BG17: =('DJB Daily Readings'!ET25-'DJB Daily Readings'!ET24)*1.89 -> 28.35 | BH17: =('DJB Daily Readings'!EV25-'DJB Daily Readings'!EV24)*1.89 -> 22.68 | BI17: =('DJB Daily Readings'!EZ25-'DJB Daily Readings'!EZ24)*1.89 -> 26.46 | BJ17: =('DJB Daily Readings'!EX25-'DJB Daily Readings'!EX24)*1.89 -> 17.01 | BK17: =('DJB Daily Readings'!FB25-'DJB Daily Readings'!FB24)*1.89 -> 58.59 | BL17: ='DJB Daily Readings'!J25 -> 336
A18: Dubai at Jumeirah Beach | B18: =B17+1 -> 17 | C18: 2 | D18: 2023 | F18: =308+62 -> 370
A19: Dubai at Jumeirah Beach | B19: =B18+1 -> 18 | C19: 2 | D19: 2023
A20: Dubai at Jumeirah Beach | B20: =B19+1 -> 19 | C20: 2 | D20: 2023
A21: Dubai at Jumeirah Beach | B21: =B20+1 -> 20 | C21: 2 | D21: 2023
A22: Dubai at Jumeirah Beach | B22: =B21+1 -> 21 | C22: 2 | D22: 2023
A23: Dubai at Jumeirah Beach | B23: =B22+1 -> 22 | C23: 2 | D23: 2023
A24: Dubai at Jumeirah Beach | B24: =B23+1 -> 23 | C24: 2 | D24: 2023
A25: Dubai at Jumeirah Beach | B25: =B24+1 -> 24 | C25: 2 | D25: 2023
A26: Dubai at Jumeirah Beach | B26: =B25+1 -> 25 | C26: 2 | D26: 2023
A27: Dubai at Jumeirah Beach | B27: =B26+1 -> 26 | C27: 2 | D27: 2023
A28: Dubai at Jumeirah Beach | B28: =B27+1 -> 27 | C28: 2 | D28: 2023
A29: Dubai at Jumeirah Beach | B29: =B28+1 -> 28 | C29: 2 | D29: 2023

Sheet DJB Daily Readings
A6: Daily Water Consumption February 2023 | U6: Electricity Daily Consumption February 2020 | AZ6: Chiller BTU Meter Reading February 2023 | BV6: Lpg Daily Consumption February 2023 | CW6: F& B Village Daily Water Meter Reading 2023 | DT6: F & B Electrical Daily Reading February 2023 | EG6: F & B Village Chilled Water Reading February 2023 | ET6: F & B Village Daily Lpg Reading February 2023
A7: Date | B7: Daily Occupancy % | C7: Potable Water meter Reading -M³ | F7: Resort Water Meter Reading M³ | I7: Tse Water meter Reading M³ | K7: Irrigation Water Meter Reading M³ | M7: Domestic Water For Irrigation M³ | O7: Cooling Tower Meter ReadingM³ | R7: Cooling Tower Blowdown Reading | U7: EMDB-1 All Pumps | X7: EMDB-2 Elevators | AA7: MDB-1 Chiller # 1 | AD7: MDB-2 Chiller # 2 | AG7: MDB-3 Chiller # 3 | AJ7: MDB-4 North Riser Guest Rooms | AM7: MDB-5 North Riser Guest Rooms | AP7: MDB-6 Main Kitchen | AS7: MDB-7 South Riser Guest Rooms | AV7: MDB-8 F & B | AZ7: Chiller 1 | BC7: Chiller 2 | BF7: Chiller 3 | BI7: Active Pool Heat Exchanger Hot Water | BK7: Active Pool Heat Exchanger Chilled Water | BM7: Quiet Pool Heat Exchanger Hot Water | BO7: Quiet Pool Heat Exchanger Chilled Water | BQ7: Sea Fu Restaurant | BS7: cold water heat exchanger | BV7: Lpg Main Tank | BY7: Ird Kitchen | CA7: Suq Kitchen | CC7: Bakery Kitchen | CE7: Shai Saloon Kitchen | CG7: Banquet Kitchen | CI7: Sea Fu Kitchen | CK7: Steam Boiler | CN7: Solar Hot Water Boiler | CQ7: Low Temp Hot Water Boiler | CT7: Steam Boiler Steam Meter Reading | CW7: Verde Water Meter Reading | DA7: Coya Water Meter Reading M³ | DE7: Nusret Water meter Reading M³ | DI7: Provoceteur Meter Reading M³ | DM7: Scalini Meter Reading M³ | DQ7: Irrigation | DT7: MDB - Coya | DV7: MDB Verde | DX7: MDB - Nusret | DZ7: Peovoceteur SMDB | EB7: SMDB - Scalini | ED7: Common ESMDB | EG7: Coya Btu | EI7: Coya Cold Room Btu | EK7: Nusret Btu | EM7: Provocateur- A | EO7: Provocateur- B | EQ7: Verde Btu | ET7: Coya Lpg | EV7: Nusret Lpg | EX7: Provocateur Lpg | EZ7: Verde Lpg | FB7: Scalini
C8: Reading In M³ | D8: Daily consumption M³ 2023 | E8: Daily consumption M³ February-2022 | F8: Reading M³ | G8: Daily Consumption M³ | H8: Daily consumption M³ February-2022 | I8: Reading M³ | J8: Daily consumption M³ | K8: Reading M³ | L8: Daily consumption M³ | M8: Reading M³ | N8: Daily consumption M³ | O8: Reading M³ | P8: Daily Consumption M³ | Q8: Daily consumption M³ February-2022 | R8: Reading M³ | S8: Daily Consumption M³ | U8: Reading KWH | V8: Daily Consumption Kwh 2023 | W8: Daily Consumption Kwh 2022 | X8: Reading KWH | Y8: Daily Consumption Kwh 2023 | Z8: Daily Consumption Kwh 2022 | AA8: Reading KWH | AB8: Daily Consumption Kwh 2023 | AC8: Daily Consumption Kwh 2022 | AD8: Reading KWH | AE8: Daily Consumption Kwh 2023 | AF8: Daily Consumption Kwh 2022 | AG8: Reading KWH | AH8: Daily Consumption Kwh 2023 | AI8: Daily Consumption Kwh 2022 | AJ8: Reading KWH | AK8: Daily Consumption Kwh 2023 | AL8: Daily Consumption Kwh 2022 | AM8: Reading KWH | AN8: Daily Consumption Kwh 2023 | AO8: Daily Consumption Kwh 2022 | AP8: Reading KWH | AQ8: Daily Consumption Kwh 2023 | AR8: Daily Consumption Kwh 2022 | AS8: Reading KWH | AT8: Daily Consumption Kwh 2023 | AU8: Daily Consumption Kwh 2022 | AV8: Reading KWH | AW8: Daily Consumption Kwh 2023 | AX8: Daily Consumption Kwh 2022 | AZ8: Reading Kwh | BA8: Daily Consumption Kwh | BB8: Daily Consumption Kwh 2022 | BC8: Reading Kwh | BD8: Daily Consumption Kwh | BE8: Daily Consumption Kwh 2022 | BF8: Reading Kwh | BG8: Daily Consumption Kwh | BH8: Daily Consumption Kwh 2022 | BI8: Reading Kwh | BJ8: Daily Consumption Kwh | BK8: Reading Kwh | BL8: Daily Consumption Kwh | BM8: Reading Kwh | BN8: Daily Consumption Kwh | BO8: Reading Kwh | BP8: Daily Consumption Kwh | BQ8: Reading Kwh | BR8: Daily Consumption Kwh | BS8: Reading Kwh | BT8: Daily Consumption Kwh | BV8: Reading % | BW8: Reading M³ | BX8: Daily consumption M³ February-2022 | BY8: Reading M³ | BZ8: Daily Consumption M³ | CA8: Reading M³ | CB8: Daily Consumption M³ | CC8: Reading M³ | CD8: Daily Consumption M³ | CE8: Reading M³ | CF8: Daily Consumption M³ | CG8: Reading M³ | CH8: Daily Consumption M³ | CI8: Reading M³ | CJ8: Daily Consumption M³ | CK8: Reading M³ | CL8: Daily Consumption M³ | CM8: Daily consumption M³ February-2022 | CN8: Reading M³ | CO8: Daily Consumption M³ | CP8: Daily consumption M³ February-2022 | CQ8: Reading M³ | CR8: Daily Consumption M³ | CS8: Daily consumption M³ February-2022 | CT8: Reading Kg | CU8: Daily Consumption Kg | CW8: Hot Water M³ | CX8: Daily consumption M³ | CY8: Cold Water M³ | CZ8: Daily consumption M³ | DA8: Hot Water M³ | DB8: Daily Consumption M³ | DC8: Cold Water M³ | DD8: Daily Consumption M³ | DE8: Hot Water M³ | DF8: Daily consumption M³ | DG8: Cold Water M³ | DH8: Daily consumption M³ | DI8: Hot Water M³ | DJ8: Daily Consumption M³ | DK8: Cold Water M³ | DL8: Daily Consumption M³ | DM8: Hot Water M³ | DN8: Daily Consumption M³ | DO8: Cold Water M³ | DP8: Daily Consumption M³ | DQ8: Daily Reading | DR8: Daily Consumption M³ | DT8: Reading KWH | DU8: Difference KWH | DV8: Reading KWH | DW8: Difference KWH | DX8: Reading KWH | DY8: Difference KWH | DZ8: Reading KWH | EA8: Difference KWH | EB8: Reading KWH | EC8: Difference KWH | ED8: Reading KWH | EE8: Difference KWH | EG8: Reading KWH | EH8: Difference KWH | EI8: Reading KWH | EJ8: Difference KWH | EK8: Reading KWH | EL8: Difference KWH | EM8: Reading KWH | EN8: Difference KWH | EO8: Reading KWH | EP8: Difference KWH | EQ8: Reading KWH | ER8: Difference KWH | ET8: Reading M³ | EU8: Daily Consumption M³ | EV8: Reading M³ | EW8: Daily Consumption M³ | EX8: Reading M³ | EY8: Daily Consumption M³ | EZ8: Reading M³ | FA8: Daily Consumption M³ | FB8: Reading M³ | FC8: Daily Consumption M³
A9: 44957 | B9: ='[1]February - 2023'!$B$8 -> 0.77 | C9: ='[1]February - 2023'!E8 -> 243018 | D9: =C10-C9 -> 498 | E9: ='[1]February - 2023'!G8 -> 500 | F9: ='[1]February - 2023'!H8 -> 265351 | G9: =F10-F9 -> 390 | H9: ='[1]February - 2023'!J8 -> 114355 | I9: ='[1]February - 2023'!K8 -> 15530 | J9: =I10-I9 -> 232 | K9: ='[1]February - 2023'!N8 -> 929662 | L9: =K10-K9 -> 249 | M9: ='[1]February - 2023'!Q8 -> 245870 | N9: =M10-M9 -> 0 | O9: ='[1]February - 2023'!U8 -> 120277 | P9: =O10-O9 -> 67 | Q9: ='[1]February - 2023'!W9 -> 0 | R9: ='[1]February - 2023'!X8 -> 6721 | S9: =R10-R9 -> 11 | U9: ='[1]February - 2023'!AE8 -> 8278599.8 | V9: =U10-U9 -> 1997.52 | W9: ='[1]February - 2023'!AG8 -> 2971.92 | X9: ='[1]February - 2023'!AH8 -> 15718144 | Y9: =X10-X9 -> 4579.68 | Z9: ='[1]February - 2023'!AJ8 -> 4482.24 | AA9: ='[1]February - 2023'!AK8 -> 15913657 | AB9: =AA10-AA9 -> 0 | AC9: ='[1]February - 2023'!AM8 -> 0 | AD9: ='[1]February - 2023'!AN8 -> 19053369 | AE9: =AD10-AD9 -> 1364.16 | AF9: ='[1]February - 2023'!AP8 -> 194.88 | AG9: ='[1]February - 2023'!AQ8 -> 19316895 | AH9: =AG10-AG9 -> 7405.44 | AI9: ='[1]February - 2023'!AS8 -> 8087.52 | AJ9: ='[1]February - 2023'!AT8 -> 17853785 | AK9: =AJ10-AJ9 -> 4482.24 | AL9: ='[1]February - 2023'!AV8 -> 5066.88 | AM9: ='[1]February - 2023'!AW8 -> 15009950 | AN9: =AM10-AM9 -> 3751.44 | AO9: ='[1]February - 2023'!AY8 -> 3702.72 | AP9: ='[1]February - 2023'!AZ8 -> 14552177 | AQ9: =AP10-AP9 -> 4530.96 | AR9: ='[1]February - 2023'!BB8 -> 3848.88 | AS9: ='[1]February - 2023'!BC8 -> 11342357 | AT9: =AS10-AS9 -> 2923.2 | AU9: ='[1]February - 2023'!BE8 -> 2825.76 | AV9: ='[1]February - 2023'!BF8 -> 18002722 | AW9: =AV10-AV9 -> 5700.24 | AX9: ='[1]February - 2023'!BH8 -> 4969.44 | AZ9: ='[1]February - 2023'!BM8 -> 78617600 | BA9: =AZ10-AZ9 -> 0 | BB9: ='[1]February - 2023'!BO8 -> 0 | BC9: ='[1]February - 2023'!BP8 -> 81547000 | BD9: =BC10-BC9 -> 0 | BE9: ='[1]February - 2023'!BR8 -> 0 | BF9: ='[1]February - 2023'!BS8 -> 75469900 | BG9: =BF10-BF9 -> 35200 | BH9: ='[1]February - 2023'!BU8 -> 41400 | BS9: ='[1]February - 2023'!BV8 -> 10588930 | BT9: =BS10-BS9 -> 5910 | BV9: ='[1]February - 2023'!BY8 -> 0.78 | BW9: =BV10-BV9 -> 0.07 | BX9: ='[1]February - 2023'!$CA$8 -> 0.08 | BY9: ='[1]February - 2023'!CB8 -> 65338 | BZ9: =BY10-BY9 -> 17 | CA9: ='[1]February - 2023'!CD8 -> 56457 | CB9: =CA10-CA9 -> 20 | CC9: ='[1]February - 2023'!CF8 -> 19060 | CD9: =CC10-CC9 -> 8 | CE9: ='[1]February - 2023'!CH8 -> 26116 | CF9: =CE10-CE9 -> 10 | CG9: ='[1]February - 2023'!CJ8 -> 29262 | CH9: =CG10-CG9 -> 14 | CI9: ='[1]February - 2023'!CL8 -> 64366 | CJ9: =CI10-CI9 -> 35 | CK9: ='[1]February - 2023'!CN8 -> 272050 | CL9: =CK10-CK9 -> 79 | CM9: ='[1]February - 2023'!CP8 -> 109 | CN9: ='[1]February - 2023'!CQ8 -> 221087 | CO9: =CN10-CN9 -> 121 | CP9: ='[1]February - 2023'!CV8 -> 237 | CQ9: ='[1]February - 2023'!CT8 -> 369542 | CR9: =CQ10-CQ9 -> 276 | CS9: ='[1]February - 2023'!CV8 -> 237 | CT9: ='[1]February - 2023'!CW8 -> 703819 | CU9: =CT10-CT9 -> 183 | CW9: ='[1]February - 2023'!CZ8 -> 9310 | CX9: =CW10-CW9 -> 10 | CY9: ='[1]February - 2023'!DB8 -> 6304 | CZ9: =CY10-CY9 -> 8 | DA9: ='[1]February - 2023'!DD8 -> 32983 | DB9: =DA10-DA9 -> 14 | DC9: ='[1]February - 2023'!DF8 -> 33127 | DD9: =DC10-DC9 -> 12 | DE9: ='[1]February - 2023'!DH8 -> 22410 | DF9: =DE10-DE9 -> 9 | DG9: ='[1]February - 2023'!DJ8 -> 24352 | DH9: =DG10-DG9 -> 4 | DI9: ='[1]February - 2023'!DL8 -> 7683 | DJ9: =DI10-DI9 -> 8 | DK9: ='[1]February - 2023'!DN8 -> 10195 | DL9: =DK10-DK9 -> 8 | DM9: ='[1]February - 2023'!DP8 -> 3511 | DN9: =DM10-DM9 -> 4 | DO9: ='[1]February - 2023'!DR8 -> 6890 | DP9: =DO10-DO9 -> 6 | DQ9: ='[1]February - 2023'!DT8 -> 30498 | DR9: =DQ10-DQ9 -> 4 | DT9: ='[1]February - 2023'!DW8 -> 6915.1 | DU9: =DT10-DT9 -> 11.2 | DV9: ='[1]February - 2023'!DY8 -> 11694.4 | DW9: =DV10-DV9 -> 8.3 | DX9: ='[1]February - 2023'!EA8 -> 5142.5 | DY9: =DX10-DX9 -> 5.8 | DZ9: ='[1]February - 2023'!EC8 -> 5734.6 | EA9: =DZ10-DZ9 -> 6.3 | EB9: ='[1]February - 2023'!EE8 -> 1156684 | EC9: =EB10-EB9 -> 484 | ED9: ='[1]February - 2023'!EI8 -> 239167.3 | EE9: =ED10-ED9 -> 153.8 | EG9: ='[1]February - 2023'!EL8 -> 12286600 | EH9: =EG10-EG9 -> 2700 | EI9: ='[1]February - 2023'!EN8 -> 946040 | EJ9: =EI10-EI9 -> 220 | EK9: ='[1]February - 2023'!EP8 -> 7295900 | EL9: =EK10-EK9 -> 800 | EM9: ='[1]February - 2023'!ER8 -> 2510900 | EN9: =EM10-EM9 -> 200 | EO9: ='[1]February - 2023'!ET8 -> 1306940 | EP9: =EO10-EO9 -> 540 | EQ9: ='[1]February - 2023'!EV8 -> 16731000 | ER9: =EQ10-EQ9 -> 1600 | ET9: ='[1]February - 2023'!EY8 -> 42965 | EU9: =ET10-ET9 -> 16 | EV9: ='[1]February - 2023'!FA8 -> 37471 | EW9: =EV10-EV9 -> 11 | EX9: ='[1]February - 2023'!FC8 -> 8068 | EY9: ='[1]February - 2023'!$FD$8 -> 8 | EZ9: ='[1]February - 2023'!FE8 -> 60035 | FA9: =EZ10-EZ9 -> 15 | FB9: ='[1]February - 2023'!FG8 -> 51390 | FC9: =FB10-FB9 -> 27
A10: 44958 | B10: ='[1]February - 2023'!B9 -> 0.7 | C10: ='[1]February - 2023'!E9 -> 243516 | F10: ='[1]February - 2023'!H9 -> 265741 | I10: ='[1]February - 2023'!K9 -> 15762 | K10: ='[1]February - 2023'!N9 -> 929911 | M10: ='[1]February - 2023'!Q9 -> 245870 | O10: ='[1]February - 2023'!U9 -> 120344 | R10: ='[1]February - 2023'!X9 -> 6732 | U10: ='[1]February - 2023'!AE9 -> 8280597.4 | X10: ='[1]February - 2023'!AH9 -> 15722724 | AA10: ='[1]February - 2023'!AK9 -> 15913657 | AD10: ='[1]February - 2023'!AN9 -> 19054733 | AG10: ='[1]February - 2023'!AQ9 -> 19324301 | AJ10: ='[1]February - 2023'!AT9 -> 17858267 | AM10: ='[1]February - 2023'!AW9 -> 15013701 | AP10: ='[1]February - 2023'!AZ9 -> 14556708 | AS10: ='[1]February - 2023'!BC9 -> 11345280 | AV10: ='[1]February - 2023'!BF9 -> 18008422 | AZ10: ='[1]February - 2023'!BM9 -> 78617600 | BC10: ='[1]February - 2023'!BP9 -> 81547000 | BF10: ='[1]February - 2023'!BS9 -> 75505100 | BS10: ='[1]February - 2023'!BV9 -> 10594840 | BV10: ='[1]February - 2023'!BY9 -> 0.85 | BY10: ='[1]February - 2023'!CB9 -> 65355 | CA10: ='[1]February - 2023'!CD9 -> 56477 | CC10: ='[1]February - 2023'!CF9 -> 19068 | CE10: ='[1]February - 2023'!CH9 -> 26126 | CG10: ='[1]February - 2023'!CJ9 -> 29276 | CI10: ='[1]February - 2023'!CL9 -> 64401 | CK10: ='[1]February - 2023'!CN9 -> 272129 | CN10: ='[1]February - 2023'!CQ9 -> 221208 | CQ10: ='[1]February - 2023'!CT9 -> 369818 | CT10: ='[1]February - 2023'!CW9 -> 704002 | CW10: ='[1]February - 2023'!CZ9 -> 9320 | CY10: ='[1]February - 2023'!DB9 -> 6312 | DA10: ='[1]February - 2023'!DD9 -> 32997 | DC10: ='[1]February - 2023'!DF9 -> 33139 | DE10: ='[1]February - 2023'!DH9 -> 22419 | DG10: ='[1]February - 2023'!DJ9 -> 24356 | DI10: ='[1]February - 2023'!DL9 -> 7691 | DK10: ='[1]February - 2023'!DN9 -> 10203 | DM10: ='[1]February - 2023'!DP9 -> 3515 | DO10: ='[1]February - 2023'!DR9 -> 6896 | DQ10: ='[1]February - 2023'!DT9 -> 30502 | DT10: ='[1]February - 2023'!DW9 -> 6926.3 | DV10: ='[1]February - 2023'!DY9 -> 11702.7 | DX10: ='[1]February - 2023'!EA9 -> 5148.3 | DZ10: ='[1]February - 2023'!EC9 -> 5740.9 | EB10: ='[1]February - 2023'!EE9 -> 1157168 | ED10: ='[1]February - 2023'!EI9 -> 239321.1 | EG10: ='[1]February - 2023'!EL9 -> 12289300 | EI10: ='[1]February - 2023'!EN9 -> 946260 | EK10: ='[1]February - 2023'!EP9 -> 7296700 | EM10: ='[1]February - 2023'!ER9 -> 2511100 | EO10: ='[1]February - 2023'!ET9 -> 1307480 | EQ10: ='[1]February - 2023'!EV9 -> 16732600 | ET10: ='[1]February - 2023'!EY9 -> 42981 | EV10: ='[1]February - 2023'!FA9 -> 37482 | EX10: ='[1]February - 2023'!FC9 -> 8076 | EZ10: ='[1]February - 2023'!FE9 -> 60050 | FB10: ='[1]February - 2023'!FG9 -> 51417
A11: 44959 | B11: ='[1]February - 2023'!B10 -> 0.76 | C11: ='[1]February - 2023'!E10 -> 244103 | D11: ='[1]February - 2023'!F11 -> 577 | E11: ='[1]February - 2023'!G10 -> 525 | F11: ='[1]February - 2023'!H10 -> 266202 | G11: ='[1]February - 2023'!I11 -> 430 | H11: ='[1]February - 2023'!J10 -> 114743 | I11: ='[1]February - 2023'!K10 -> 15987 | J11: ='[1]February - 2023'!L10 -> 225 | K11: ='[1]February - 2023'!N10 -> 930183 | L11: ='[1]February - 2023'!O10 -> 272 | M11: ='[1]February - 2023'!Q10 -> 245870 | N11: ='[1]February - 2023'!R10 -> 0 | O11: ='[1]February - 2023'!U10 -> 120411 | P11: ='[1]February - 2023'!V10 -> 67 | Q11: ='[1]February - 2023'!W10 -> 221 | R11: ='[1]February - 2023'!X10 -> 6738 | S11: ='[1]February - 2023'!Y10 -> 6 | U11: ='[1]February - 2023'!AE10 -> 8282400 | V11: ='[1]February - 2023'!AF10 -> 1802.64 | W11: ='[1]February - 2023'!AG10 -> 3215.52 | X11: ='[1]February - 2023'!AH10 -> 15726913 | Y11: ='[1]February - 2023'!AI10 -> 4189.92 | Z11: ='[1]February - 2023'!AJ10 -> 4872 | AA11: ='[1]February - 2023'!AK10 -> 15914485 | AB11: ='[1]February - 2023'!AL10 -> 828.24 | ... AX11: ='[1]February - 2023'!BH10 -> 5066.88 | AZ11: ='[1]February - 2023'!BM10 -> 78617600 | BA11: ='[1]February - 2023'!BN10 -> 0 | BB11: ='[1]February - 2023'!BO11 -> 0 | BC11: ='[1]February - 2023'!BP10 -> 81547000 | BD11: ='[1]February - 2023'!BQ10 -> 0 | BE11: ='[1]February - 2023'!BR10 -> 0 | BF11: ='[1]February - 2023'!BS10 -> 75544800 | BG11: ='[1]February - 2023'!BT10 -> 39700 | BH11: ='[1]February - 2023'!BU10 -> 37000 | BS11: ='[1]February - 2023'!BV10 -> 10601540 | BT11: ='[1]February - 2023'!BW10 -> 6700 | BV11: ='[1]February - 2023'!BY10 -> 0.76 | BW11: ='[1]February - 2023'!BZ10 -> 0.09 | BX11: ='[1]February - 2023'!CA10 -> 0.1 | BY11: ='[1]February - 2023'!CB10 -> 65367 | BZ11: ='[1]February - 2023'!CC10 -> 12 | CA11: ='[1]February - 2023'!CD10 -> 56494 | CB11: ='[1]February - 2023'!CE10 -> 17 | CC11: ='[1]February - 2023'!CF10 -> 19074 | ... CO11: ='[1]February - 2023'!CR10 -> 116 | CP11: ='[1]February - 2023'!CV10 -> 312 | CQ11: ='[1]February - 2023'!CT10 -> 370063 | CR11: ='[1]February - 2023'!CU10 -> 245 | CS11: ='[1]February - 2023'!CV10 -> 312 | CT11: ='[1]February - 2023'!CW10 -> 704166 | CU11: ='[1]February - 2023'!CX10 -> 164 | CW11: ='[1]February - 2023'!CZ10 -> 9329 | CX11: ='[1]February - 2023'!DA10 -> 9 | CY11: ='[1]February - 2023'!DB10 -> 6319 | CZ11: ='[1]February - 2023'!DC10 -> 7 | DA11: ='[1]February - 2023'!DD10 -> 33011 | DB11: ='[1]February - 2023'!DE10 -> 14 | DC11: ='[1]February - 2023'!DF10 -> 33155 | DD11: ='[1]February - 2023'!DG10 -> 16 | ... DR11: ='[1]February - 2023'!DU10 -> 6 | DT11: ='[1]February - 2023'!DW10 -> 6937.3 | DU11: ='[1]February - 2023'!DX10 -> 11 | DV11: ='[1]February - 2023'!DY10 -> 11710.8 | DW11: ='[1]February - 2023'!DZ10 -> 8.1 | DX11: ='[1]February - 2023'!EA10 -> 5154.1 | DY11: ='[1]February - 2023'!EB10 -> 5.8 | DZ11: ='[1]February - 2023'!EC10 -> 5747 | EA11: ='[1]February - 2023'!ED10 -> 6.1 | ... EC11: ='[1]February - 2023'!EF10 -> 532 | ED11: ='[1]February - 2023'!EI10 -> 239469.3 | EE11: ='[1]February - 2023'!EJ10 -> 148.2 | EG11: ='[1]February - 2023'!EL10 -> 12292500 | EH11: ='[1]February - 2023'!EM10 -> 3200 | EI11: ='[1]February - 2023'!EN10 -> 946500 | EJ11: ='[1]February - 2023'!EO10 -> 240 | EK11: ='[1]February - 2023'!EP10 -> 7297600 | EL11: ='[1]February - 2023'!EQ10 -> 900 | EM11: ='[1]February - 2023'!ER10 -> 2511400 | EN11: ='[1]February - 2023'!ES10 -> 300 | ... ER11: ='[1]February - 2023'!EW10 -> 2900 | ET11: ='[1]February - 2023'!EY10 -> 42995 | EU11: ='[1]February - 2023'!EZ10 -> 14 | EV11: ='[1]February - 2023'!FA10 -> 37493 | EW11: ='[1]February - 2023'!FB10 -> 11 | EX11: ='[1]February - 2023'!FC10 -> 8085 | EY11: ='[1]February - 2023'!FD10 -> 9 | EZ11: ='[1]February - 2023'!FE10 -> 60066 | FA11: ='[1]February - 2023'!FF10 -> 16 | ... FC11: ='[1]February - 2023'!FH10 -> 26
A12: 44960 | B12: ='[1]February - 2023'!B11 -> 0.72 | C12: ='[1]February - 2023'!E11 -> 244680 | D12: ='[1]February - 2023'!F12 -> 620 | E12: ='[1]February - 2023'!G11 -> 493 | F12: ='[1]February - 2023'!H11 -> 266632 | G12: ='[1]February - 2023'!I12 -> 457 | H12: ='[1]February - 2023'!J11 -> 115117 | I12: ='[1]February - 2023'!K11 -> 16208 | J12: ='[1]February - 2023'!L11 -> 221 | K12: ='[1]February - 2023'!N11 -> 930443 | L12: ='[1]February - 2023'!O11 -> 260 | M12: ='[1]February - 2023'!Q11 -> 245884 | N12: ='[1]February - 2023'!R11 -> 14 | O12: ='[1]February - 2023'!U11 -> 120492 | P12: ='[1]February - 2023'!V11 -> 81 | Q12: ='[1]February - 2023'!W11 -> 184 | R12: ='[1]February - 2023'!X11 -> 6745 | S12: ='[1]February - 2023'!Y11 -> 7 | U12: ='[1]February - 2023'!AE11 -> 8284348.8 | V12: ='[1]February - 2023'!AF11 -> 1948.8 | W12: ='[1]February - 2023'!AG11 -> 3361.68 | X12: ='[1]February - 2023'!AH11 -> 15731639 | Y12: ='[1]February - 2023'!AI11 -> 4725.84 | Z12: ='[1]February - 2023'!AJ11 -> 4725.84 | AA12: ='[1]February - 2023'!AK11 -> 15922573 | AB12: ='[1]February - 2023'!AL11 -> 8087.52 | ... AX12: ='[1]February - 2023'!BH11 -> 5456.64 | AZ12: ='[1]February - 2023'!BM11 -> 78651900 | BA12: ='[1]February - 2023'!BN11 -> 34300 | BB12: ='[1]February - 2023'!BO12 -> 0 | BC12: ='[1]February - 2023'!BP11 -> 81547000 | BD12: ='[1]February - 2023'!BQ11 -> 0 | BE12: ='[1]February - 2023'!BR11 -> 0 | BF12: ='[1]February - 2023'!BS11 -> 75555200 | BG12: ='[1]February - 2023'!BT11 -> 10400 | BH12: ='[1]February - 2023'!BU11 -> 36400 | BS12: ='[1]February - 2023'!BV11 -> 10607680 | BT12: ='[1]February - 2023'!BW11 -> 6140 | BV12: ='[1]February - 2023'!BY11 -> 0.66 | BW12: ='[1]February - 2023'!BZ11 -> 0.1 | BX12: ='[1]February - 2023'!CA11 -> -0.13 | BY12: ='[1]February - 2023'!CB11 -> 65384 | BZ12: ='[1]February - 2023'!CC11 -> 17 | CA12: ='[1]February - 2023'!CD11 -> 56515 | CB12: ='[1]February - 2023'!CE11 -> 21 | CC12: ='[1]February - 2023'!CF11 -> 19081 | ... CO12: ='[1]February - 2023'!CR11 -> 120 | CP12: ='[1]February - 2023'!CV11 -> 301 | CQ12: ='[1]February - 2023'!CT11 -> 370287 | CR12: ='[1]February - 2023'!CU11 -> 224 | CS12: ='[1]February - 2023'!CV11 -> 301 | CT12: ='[1]February - 2023'!CW11 -> 704340 | CU12: ='[1]February - 2023'!CX11 -> 174 | CW12: ='[1]February - 2023'!CZ11 -> 9338 | CX12: ='[1]February - 2023'!DA11 -> 9 | CY12: ='[1]February - 2023'!DB11 -> 6324 | CZ12: ='[1]February - 2023'!DC11 -> 5 | DA12: ='[1]February - 2023'!DD11 -> 33026 | DB12: ='[1]February - 2023'!DE11 -> 15 | DC12: ='[1]February - 2023'!DF11 -> 33170 | DD12: ='[1]February - 2023'!DG11 -> 15 | ... DR12: ='[1]February - 2023'!DU11 -> 6 | DT12: ='[1]February - 2023'!DW11 -> 6948.6 | DU12: ='[1]February - 2023'!DX11 -> 11.3 | DV12: ='[1]February - 2023'!DY11 -> 11719.4 | DW12: ='[1]February - 2023'!DZ11 -> 8.6 | DX12: ='[1]February - 2023'!EA11 -> 5160.1 | DY12: ='[1]February - 2023'!EB11 -> 6 | DZ12: ='[1]February - 2023'!EC11 -> 5754.6 | EA12: ='[1]February - 2023'!ED11 -> 7.6 | ... EC12: ='[1]February - 2023'!EF11 -> 579 | ED12: ='[1]February - 2023'!EI11 -> 239624 | EE12: ='[1]February - 2023'!EJ11 -> 154.7 | EG12: ='[1]February - 2023'!EL11 -> 12296100 | EH12: ='[1]February - 2023'!EM11 -> 3600 | EI12: ='[1]February - 2023'!EN11 -> 946780 | EJ12: ='[1]February - 2023'!EO11 -> 280 | EK12: ='[1]February - 2023'!EP11 -> 7298700 | EL12: ='[1]February - 2023'!EQ11 -> 1100 | EM12: ='[1]February - 2023'!ER11 -> 2511900 | EN12: ='[1]February - 2023'!ES11 -> 500 | ... ER12: ='[1]February - 2023'!EW11 -> 4900 | ET12: ='[1]February - 2023'!EY11 -> 43011 | EU12: ='[1]February - 2023'!EZ11 -> 16 | EV12: ='[1]February - 2023'!FA11 -> 37504 | EW12: ='[1]February - 2023'!FB11 -> 11 | EX12: ='[1]February - 2023'!FC11 -> 8098 | EY12: ='[1]February - 2023'!FD11 -> 13 | EZ12: ='[1]February - 2023'!FE11 -> 60081 | FA12: ='[1]February - 2023'!FF11 -> 15 | ... FC12: ='[1]February - 2023'!FH11 -> 35
A13: 44961 | B13: ='[1]February - 2023'!B12 -> 0.76 | C13: ='[1]February - 2023'!E12 -> 245300 | D13: ='[1]February - 2023'!F13 -> 533 | E13: ='[1]February - 2023'!G12 -> 534 | F13: ='[1]February - 2023'!H12 -> 267089 | G13: ='[1]February - 2023'!I13 -> 425 | H13: ='[1]February - 2023'!J12 -> 115539 | I13: ='[1]February - 2023'!K12 -> 16416 | J13: ='[1]February - 2023'!L12 -> 208 | K13: ='[1]February - 2023'!N12 -> 930563 | L13: ='[1]February - 2023'!O12 -> 120 | M13: ='[1]February - 2023'!Q12 -> 245900 | N13: ='[1]February - 2023'!R12 -> 16 | O13: ='[1]February - 2023'!U12 -> 120562 | P13: ='[1]February - 2023'!V12 -> 70 | Q13: ='[1]February - 2023'!W12 -> 226 | R13: ='[1]February - 2023'!X12 -> 6750 | S13: ='[1]February - 2023'!Y12 -> 5 | U13: ='[1]February - 2023'!AE12 -> 8286297.6 | V13: ='[1]February - 2023'!AF12 -> 1948.8 | W13: ='[1]February - 2023'!AG12 -> 3312.96 | X13: ='[1]February - 2023'!AH12 -> 15736316 | Y13: ='[1]February - 2023'!AI12 -> 4677.12 | Z13: ='[1]February - 2023'!AJ12 -> 4725.84 | AA13: ='[1]February - 2023'!AK12 -> 15922573 | AB13: ='[1]February - 2023'!AL12 -> 0 | ... AX13: ='[1]February - 2023'!BH12 -> 5407.92 | AZ13: ='[1]February - 2023'!BM12 -> 78651900 | BA13: ='[1]February - 2023'!BN12 -> 0 | BB13: ='[1]February - 2023'!BO13 -> 0 | BC13: ='[1]February - 2023'!BP12 -> 81579600 | BD13: ='[1]February - 2023'!BQ12 -> 32600 | BE13: ='[1]February - 2023'!BR12 -> 0 | BF13: ='[1]February - 2023'!BS12 -> 75558200 | BG13: ='[1]February - 2023'!BT12 -> 3000 | BH13: ='[1]February - 2023'!BU12 -> 38700 | BS13: ='[1]February - 2023'!BV12 -> 10614070 | BT13: ='[1]February - 2023'!BW12 -> 6390 | BV13: ='[1]February - 2023'!BY12 -> 0.59 | BW13: ='[1]February - 2023'!BZ12 -> 0.07 | BX13: ='[1]February - 2023'!CA12 -> 0.06 | BY13: ='[1]February - 2023'!CB12 -> 65399 | BZ13: ='[1]February - 2023'!CC12 -> 15 | CA13: ='[1]February - 2023'!CD12 -> 56535 | CB13: ='[1]February - 2023'!CE12 -> 20 | CC13: ='[1]February - 2023'!CF12 -> 19088 | ... CO13: ='[1]February - 2023'!CR12 -> 126 | CP13: ='[1]February - 2023'!CV12 -> 255 | CQ13: ='[1]February - 2023'!CT12 -> 370549 | CR13: ='[1]February - 2023'!CU12 -> 262 | CS13: ='[1]February - 2023'!CV12 -> 255 | CT13: ='[1]February - 2023'!CW12 -> 704512 | CU13: ='[1]February - 2023'!CX12 -> 172 | CW13: ='[1]February - 2023'!CZ12 -> 9345 | CX13: ='[1]February - 2023'!DA12 -> 7 | CY13: ='[1]February - 2023'!DB12 -> 6329 | CZ13: ='[1]February - 2023'!DC12 -> 5 | DA13: ='[1]February - 2023'!DD12 -> 33041 | DB13: ='[1]February - 2023'!DE12 -> 15 | DC13: ='[1]February - 2023'!DF12 -> 33185 | DD13: ='[1]February - 2023'!DG12 -> 15 | ... DR13: ='[1]February - 2023'!DU12 -> 0 | DT13: ='[1]February - 2023'!DW12 -> 6960.4 | DU13: ='[1]February - 2023'!DX12 -> 11.8 | DV13: ='[1]February - 2023'!DY12 -> 11727.2 | DW13: ='[1]February - 2023'!DZ12 -> 7.8 | DX13: ='[1]February - 2023'!EA12 -> 5166.2 | DY13: ='[1]February - 2023'!EB12 -> 6.1 | DZ13: ='[1]February - 2023'!EC12 -> 5762.5 | EA13: ='[1]February - 2023'!ED12 -> 7.9 | ... EC13: ='[1]February - 2023'!EF12 -> 602 | ED13: ='[1]February - 2023'!EI12 -> 239779.7 | EE13: ='[1]February - 2023'!EJ12 -> 155.7 | EG13: ='[1]February - 2023'!EL12 -> 12298700 | EH13: ='[1]February - 2023'!EM12 -> 2600 | EI13: ='[1]February - 2023'!EN12 -> 947000 | EJ13: ='[1]February - 2023'!EO12 -> 220 | EK13: ='[1]February - 2023'!EP12 -> 7299500 | EL13: ='[1]February - 2023'!EQ12 -> 800 | EM13: ='[1]February - 2023'!ER12 -> 2512300 | EN13: ='[1]February - 2023'!ES12 -> 400 | ... ER13: ='[1]February - 2023'!EW12 -> 700 | ET13: ='[1]February - 2023'!EY12 -> 43028 | EU13: ='[1]February - 2023'!EZ12 -> 17 | EV13: ='[1]February - 2023'!FA12 -> 37516 | EW13: ='[1]February - 2023'!FB12 -> 12 | EX13: ='[1]February - 2023'!FC12 -> 8110 | EY13: ='[1]February - 2023'!FD12 -> 12 | EZ13: ='[1]February - 2023'!FE12 -> 60095 | FA13: ='[1]February - 2023'!FF12 -> 14 | ... FC13: ='[1]February - 2023'!FH12 -> 38
A14: 44962 | B14: ='[1]February - 2023'!B13 -> 0.69 | C14: ='[1]February - 2023'!E13 -> 245833 | D14: ='[1]February - 2023'!F14 -> 518 | E14: ='[1]February - 2023'!G13 -> 606 | F14: ='[1]February - 2023'!H13 -> 267514 | G14: ='[1]February - 2023'!I14 -> 385 | H14: ='[1]February - 2023'!J13 -> 116003 | I14: ='[1]February - 2023'!K13 -> 16641 | J14: ='[1]February - 2023'!L13 -> 225 | K14: ='[1]February - 2023'!N13 -> 930787 | L14: ='[1]February - 2023'!O13 -> 224 | M14: ='[1]February - 2023'!Q13 -> 245905 | N14: ='[1]February - 2023'!R13 -> 5 | O14: ='[1]February - 2023'!U13 -> 120633 | P14: ='[1]February - 2023'!V13 -> 71 | Q14: ='[1]February - 2023'!W13 -> 171 | R14: ='[1]February - 2023'!X13 -> 6760 | S14: ='[1]February - 2023'!Y13 -> 10 | U14: ='[1]February - 2023'!AE13 -> 8288295.1 | V14: ='[1]February - 2023'!AF13 -> 1997.52 | W14: ='[1]February - 2023'!AG13 -> 2241.12 | X14: ='[1]February - 2023'!AH13 -> 15741091 | Y14: ='[1]February - 2023'!AI13 -> 4774.56 | Z14: ='[1]February - 2023'!AJ13 -> 5066.88 | AA14: ='[1]February - 2023'!AK13 -> 15923596 | AB14: ='[1]February - 2023'!AL13 -> 1023.12 | ... AX14: ='[1]February - 2023'!BH13 -> 6090 | AZ14: ='[1]February - 2023'!BM13 -> 78656200 | BA14: ='[1]February - 2023'!BN13 -> 4300 | BB14: ='[1]February - 2023'!BO14 -> 0 | BC14: ='[1]February - 2023'!BP13 -> 81612700 | BD14: ='[1]February - 2023'!BQ13 -> 33100 | BE14: ='[1]February - 2023'!BR13 -> 40000 | BF14: ='[1]February - 2023'!BS13 -> 75558200 | BG14: ='[1]February - 2023'!BT13 -> 0 | BH14: ='[1]February - 2023'!BU13 -> 2800 | BS14: ='[1]February - 2023'!BV13 -> 10620300 | BT14: ='[1]February - 2023'!BW13 -> 6230 | BV14: ='[1]February - 2023'!BY13 -> 0.5 | BW14: ='[1]February - 2023'!BZ13 -> 0.09 | BX14: ='[1]February - 2023'!CA13 -> -0.15 | BY14: ='[1]February - 2023'!CB13 -> 65415 | BZ14: ='[1]February - 2023'!CC13 -> 16 | CA14: ='[1]February - 2023'!CD13 -> 56557 | CB14: ='[1]February - 2023'!CE13 -> 22 | CC14: ='[1]February - 2023'!CF13 -> 19094 | ... CO14: ='[1]February - 2023'!CR13 -> 125 | CP14: ='[1]February - 2023'!CV13 -> 310 | CQ14: ='[1]February - 2023'!CT13 -> 370812 | CR14: ='[1]February - 2023'!CU13 -> 263 | CS14: ='[1]February - 2023'!CV13 -> 310 | CT14: ='[1]February - 2023'!CW13 -> 704686 | CU14: ='[1]February - 2023'!CX13 -> 174 | CW14: ='[1]February - 2023'!CZ13 -> 9352 | CX14: ='[1]February - 2023'!DA13 -> 7 | CY14: ='[1]February - 2023'!DB13 -> 6333 | CZ14: ='[1]February - 2023'!DC13 -> 4 | DA14: ='[1]February - 2023'!DD13 -> 33057 | DB14: ='[1]February - 2023'!DE13 -> 16 | DC14: ='[1]February - 2023'!DF13 -> 33201 | DD14: ='[1]February - 2023'!DG13 -> 16 | ... DR14: ='[1]February - 2023'!DU13 -> 4 | DT14: ='[1]February - 2023'!DW13 -> 6971.2 | DU14: ='[1]February - 2023'!DX13 -> 10.8 | DV14: ='[1]February - 2023'!DY13 -> 11735.1 | DW14: ='[1]February - 2023'!DZ13 -> 7.9 | DX14: ='[1]February - 2023'!EA13 -> 5172 | DY14: ='[1]February - 2023'!EB13 -> 5.8 | DZ14: ='[1]February - 2023'!EC13 -> 5770 | EA14: ='[1]February - 2023'!ED13 -> 7.5 | ... EC14: ='[1]February - 2023'!EF13 -> 530 | ED14: ='[1]February - 2023'!EI13 -> 239930.4 | EE14: ='[1]February - 2023'!EJ13 -> 150.7 | EG14: ='[1]February - 2023'!EL13 -> 12301300 | EH14: ='[1]February - 2023'!EM13 -> 2600 | EI14: ='[1]February - 2023'!EN13 -> 947250 | EJ14: ='[1]February - 2023'!EO13 -> 250 | EK14: ='[1]February - 2023'!EP13 -> 7300300 | EL14: ='[1]February - 2023'!EQ13 -> 800 | EM14: ='[1]February - 2023'!ER13 -> 2512800 | EN14: ='[1]February - 2023'!ES13 -> 500 | ... ER14: ='[1]February - 2023'!EW13 -> 1200 | ET14: ='[1]February - 2023'!EY13 -> 43045 | EU14: ='[1]February - 2023'!EZ13 -> 17 | EV14: ='[1]February - 2023'!FA13 -> 37526 | EW14: ='[1]February - 2023'!FB13 -> 10 | EX14: ='[1]February - 2023'!FC13 -> 8120 | EY14: ='[1]February - 2023'!FD13 -> 10 | EZ14: ='[1]February - 2023'!FE13 -> 60107 | FA14: ='[1]February - 2023'!FF13 -> 12 | ... FC14: ='[1]February - 2023'!FH13 -> 31
A15: 44963 | B15: ='[1]February - 2023'!B14 -> 0.72 | C15: ='[1]February - 2023'!E14 -> 246351 | D15: ='[1]February - 2023'!F15 -> 588 | E15: ='[1]February - 2023'!G14 -> 492 | F15: ='[1]February - 2023'!H14 -> 267899 | G15: ='[1]February - 2023'!I15 -> 381 | H15: ='[1]February - 2023'!J14 -> 116374 | I15: ='[1]February - 2023'!K14 -> 16824 | J15: ='[1]February - 2023'!L14 -> 183 | K15: ='[1]February - 2023'!N14 -> 930939 | L15: ='[1]February - 2023'!O14 -> 152 | M15: ='[1]February - 2023'!Q14 -> 245921 | N15: ='[1]February - 2023'!R14 -> 16 | O15: ='[1]February - 2023'!U14 -> 120701 | P15: ='[1]February - 2023'!V14 -> 68 | Q15: ='[1]February - 2023'!W14 -> 32 | R15: ='[1]February - 2023'!X14 -> 6767 | S15: ='[1]February - 2023'!Y14 -> 7 | U15: ='[1]February - 2023'!AE14 -> 8290243.9 | V15: ='[1]February - 2023'!AF14 -> 1948.8 | W15: ='[1]February - 2023'!AG14 -> 2046.24 | X15: ='[1]February - 2023'!AH14 -> 15745719 | Y15: ='[1]February - 2023'!AI14 -> 4628.4 | Z15: ='[1]February - 2023'!AJ14 -> 4482.24 | AA15: ='[1]February - 2023'!AK14 -> 15929930 | AB15: ='[1]February - 2023'!AL14 -> 6333.6 | ... AX15: ='[1]February - 2023'!BH14 -> 5310.48 | AZ15: ='[1]February - 2023'!BM14 -> 78690800 | BA15: ='[1]February - 2023'!BN14 -> 34600 | BB15: ='[1]February - 2023'!BO15 -> 0 | BC15: ='[1]February - 2023'!BP14 -> 81612700 | BD15: ='[1]February - 2023'!BQ14 -> 0 | BE15: ='[1]February - 2023'!BR14 -> 37600 | BF15: ='[1]February - 2023'!BS14 -> 75562200 | BG15: ='[1]February - 2023'!BT14 -> 4000 | BH15: ='[1]February - 2023'!BU14 -> 0 | BS15: ='[1]February - 2023'!BV14 -> 10625860 | BT15: ='[1]February - 2023'!BW14 -> 5560 | BV15: ='[1]February - 2023'!BY14 -> 0.67 | BW15: ='[1]February - 2023'!BZ14 -> -0.17 | BX15: ='[1]February - 2023'!CA14 -> 0.08 | BY15: ='[1]February - 2023'!CB14 -> 65432 | BZ15: ='[1]February - 2023'!CC14 -> 17 | CA15: ='[1]February - 2023'!CD14 -> 56578 | CB15: ='[1]February - 2023'!CE14 -> 21 | CC15: ='[1]February - 2023'!CF14 -> 19100 | ... CO15: ='[1]February - 2023'!CR14 -> 120 | CP15: ='[1]February - 2023'!CV14 -> 406 | CQ15: ='[1]February - 2023'!CT14 -> 371032 | CR15: ='[1]February - 2023'!CU14 -> 220 | CS15: ='[1]February - 2023'!CV14 -> 406 | CT15: ='[1]February - 2023'!CW14 -> 704859 | CU15: ='[1]February - 2023'!CX14 -> 173 | CW15: ='[1]February - 2023'!CZ14 -> 9356 | CX15: ='[1]February - 2023'!DA14 -> 4 | CY15: ='[1]February - 2023'!DB14 -> 6335 | CZ15: ='[1]February - 2023'!DC14 -> 2 | DA15: ='[1]February - 2023'!DD14 -> 33071 | DB15: ='[1]February - 2023'!DE14 -> 14 | DC15: ='[1]February - 2023'!DF14 -> 33213 | DD15: ='[1]February - 2023'!DG14 -> 12 | ... DR15: ='[1]February - 2023'!DU14 -> 7 | DT15: ='[1]February - 2023'!DW14 -> 6982.1 | DU15: ='[1]February - 2023'!DX14 -> 10.9 | DV15: ='[1]February - 2023'!DY14 -> 11743.1 | DW15: ='[1]February - 2023'!DZ14 -> 8 | DX15: ='[1]February - 2023'!EA14 -> 5177.7 | DY15: ='[1]February - 2023'!EB14 -> 5.7 | DZ15: ='[1]February - 2023'!EC14 -> 5776.3 | EA15: ='[1]February - 2023'!ED14 -> 6.3 | ... EC15: ='[1]February - 2023'!EF14 -> 537 | ED15: ='[1]February - 2023'!EI14 -> 240082.8 | EE15: ='[1]February - 2023'!EJ14 -> 152.4 | EG15: ='[1]February - 2023'!EL14 -> 12304000 | EH15: ='[1]February - 2023'!EM14 -> 2700 | EI15: ='[1]February - 2023'!EN14 -> 947500 | EJ15: ='[1]February - 2023'!EO14 -> 250 | EK15: ='[1]February - 2023'!EP14 -> 7301200 | EL15: ='[1]February - 2023'!EQ14 -> 900 | EM15: ='[1]February - 2023'!ER14 -> 2513200 | EN15: ='[1]February - 2023'!ES14 -> 400 | ... ER15: ='[1]February - 2023'!EW14 -> 1200 | ET15: ='[1]February - 2023'!EY14 -> 43060 | EU15: ='[1]February - 2023'!EZ14 -> 15 | EV15: ='[1]February - 2023'!FA14 -> 37537 | EW15: ='[1]February - 2023'!FB14 -> 11 | EX15: ='[1]February - 2023'!FC14 -> 8129 | EY15: ='[1]February - 2023'!FD14 -> 9 | EZ15: ='[1]February - 2023'!FE14 -> 60120 | FA15: ='[1]February - 2023'!FF14 -> 13 | ... FC15: ='[1]February - 2023'!FH14 -> 29
A16: 44964 | B16: ='[1]February - 2023'!B15 -> 0.58 | C16: ='[1]February - 2023'!E15 -> 246939 | D16: ='[1]February - 2023'!F16 -> 629 | E16: ='[1]February - 2023'!G15 -> 518 | F16: ='[1]February - 2023'!H15 -> 268280 | G16: ='[1]February - 2023'!I16 -> 404 | H16: ='[1]February - 2023'!J15 -> 116762 | I16: ='[1]February - 2023'!K15 -> 17025 | J16: ='[1]February - 2023'!L15 -> 201 | K16: ='[1]February - 2023'!N15 -> 931159 | L16: ='[1]February - 2023'!O15 -> 220 | M16: ='[1]February - 2023'!Q15 -> 245994 | N16: ='[1]February - 2023'!R15 -> 73 | O16: ='[1]February - 2023'!U15 -> 120790 | P16: ='[1]February - 2023'!V15 -> 89 | Q16: ='[1]February - 2023'!W15 -> 44 | R16: ='[1]February - 2023'!X15 -> 6774 | S16: ='[1]February - 2023'!Y15 -> 7 | U16: ='[1]February - 2023'!AE15 -> 8292192.7 | V16: ='[1]February - 2023'!AF15 -> 1948.8 | W16: ='[1]February - 2023'!AG15 -> 2874.48 | X16: ='[1]February - 2023'!AH15 -> 15750396 | Y16: ='[1]February - 2023'!AI15 -> 4677.12 | Z16: ='[1]February - 2023'!AJ15 -> 4823.28 | AA16: ='[1]February - 2023'!AK15 -> 15929978 | AB16: ='[1]February - 2023'!AL15 -> 48.72 | ... AX16: ='[1]February - 2023'!BH15 -> 5359.2 | AZ16: ='[1]February - 2023'!BM15 -> 78690800 | BA16: ='[1]February - 2023'!BN15 -> 0 | BB16: ='[1]February - 2023'!BO16 -> 0 | BC16: ='[1]February - 2023'!BP15 -> 81617000 | BD16: ='[1]February - 2023'!BQ15 -> 4300 | BE16: ='[1]February - 2023'!BR15 -> 32500 | BF16: ='[1]February - 2023'!BS15 -> 75602000 | BG16: ='[1]February - 2023'!BT15 -> 39800 | BH16: ='[1]February - 2023'!BU15 -> 0 | BS16: ='[1]February - 2023'!BV15 -> 10631870 | BT16: ='[1]February - 2023'!BW15 -> 6010 | BV16: ='[1]February - 2023'!BY15 -> 0.75 | BW16: ='[1]February - 2023'!BZ15 -> -0.08 | BX16: ='[1]February - 2023'!CA15 -> -0.09 | BY16: ='[1]February - 2023'!CB15 -> 65447 | BZ16: ='[1]February - 2023'!CC15 -> 15 | CA16: ='[1]February - 2023'!CD15 -> 56597 | CB16: ='[1]February - 2023'!CE15 -> 19 | CC16: ='[1]February - 2023'!CF15 -> 19105 | ... CO16: ='[1]February - 2023'!CR15 -> 113 | CP16: ='[1]February - 2023'!CV15 -> 447 | CQ16: ='[1]February - 2023'!CT15 -> 371235 | CR16: ='[1]February - 2023'!CU15 -> 203 | CS16: ='[1]February - 2023'!CV15 -> 447 | CT16: ='[1]February - 2023'!CW15 -> 705036 | CU16: ='[1]February - 2023'!CX15 -> 177 | CW16: ='[1]February - 2023'!CZ15 -> 9361 | CX16: ='[1]February - 2023'!DA15 -> 5 | CY16: ='[1]February - 2023'!DB15 -> 6338 | CZ16: ='[1]February - 2023'!DC15 -> 3 | DA16: ='[1]February - 2023'!DD15 -> 33074 | DB16: ='[1]February - 2023'!DE15 -> 3 | DC16: ='[1]February - 2023'!DF15 -> 33227 | DD16: ='[1]February - 2023'!DG15 -> 14 | ... DR16: ='[1]February - 2023'!DU15 -> 0 | DT16: ='[1]February - 2023'!DW15 -> 6992.1 | DU16: ='[1]February - 2023'!DX15 -> 10 | DV16: ='[1]February - 2023'!DY15 -> 11751.1 | DW16: ='[1]February - 2023'!DZ15 -> 8 | DX16: ='[1]February - 2023'!EA15 -> 5183.6 | DY16: ='[1]February - 2023'!EB15 -> 5.9 | DZ16: ='[1]February - 2023'!EC15 -> 5782.9 | EA16: ='[1]February - 2023'!ED15 -> 6.6 | ... EC16: ='[1]February - 2023'!EF15 -> 520 | ED16: ='[1]February - 2023'!EI15 -> 240234.6 | EE16: ='[1]February - 2023'!EJ15 -> 151.8 | EG16: ='[1]February - 2023'!EL15 -> 12307000 | EH16: ='[1]February - 2023'!EM15 -> 3000 | EI16: ='[1]February - 2023'!EN15 -> 947750 | EJ16: ='[1]February - 2023'!EO15 -> 250 | EK16: ='[1]February - 2023'!EP15 -> 7302200 | EL16: ='[1]February - 2023'!EQ15 -> 1000 | EM16: ='[1]February - 2023'!ER15 -> 2513600 | EN16: ='[1]February - 2023'!ES15 -> 400 | ... ER16: ='[1]February - 2023'!EW15 -> 2000 | ET16: ='[1]February - 2023'!EY15 -> 43076 | EU16: ='[1]February - 2023'!EZ15 -> 16 | EV16: ='[1]February - 2023'!FA15 -> 37547 | EW16: ='[1]February - 2023'!FB15 -> 10 | EX16: ='[1]February - 2023'!FC15 -> 8138 | EY16: ='[1]February - 2023'!FD15 -> 9 | EZ16: ='[1]February - 2023'!FE15 -> 60132 | FA16: ='[1]February - 2023'!FF15 -> 12 | ... FC16: ='[1]February - 2023'!FH15 -> 32
A17: 44965 | B17: ='[1]February - 2023'!B16 -> 0.68 | C17: ='[1]February - 2023'!E16 -> 247568 | D17: ='[1]February - 2023'!F17 -> 610 | E17: ='[1]February - 2023'!G16 -> 521 | F17: ='[1]February - 2023'!H16 -> 268684 | G17: ='[1]February - 2023'!I17 -> 416 | H17: ='[1]February - 2023'!J16 -> 117183 | I17: ='[1]February - 2023'!K16 -> 17223 | J17: ='[1]February - 2023'!L16 -> 198 | K17: ='[1]February - 2023'!N16 -> 931423 | L17: ='[1]February - 2023'!O16 -> 264 | M17: ='[1]February - 2023'!Q16 -> 246084 | N17: ='[1]February - 2023'!R16 -> 90 | O17: ='[1]February - 2023'!U16 -> 120875 | P17: ='[1]February - 2023'!V16 -> 85 | Q17: ='[1]February - 2023'!W16 -> 214 | R17: ='[1]February - 2023'!X16 -> 6780 | S17: ='[1]February - 2023'!Y16 -> 6 | U17: ='[1]February - 2023'!AE16 -> 8294190.2 | V17: ='[1]February - 2023'!AF16 -> 1997.52 | W17: ='[1]February - 2023'!AG16 -> 2874.48 | X17: ='[1]February - 2023'!AH16 -> 15754927 | Y17: ='[1]February - 2023'!AI16 -> 4530.96 | Z17: ='[1]February - 2023'!AJ16 -> 4774.56 | AA17: ='[1]February - 2023'!AK16 -> 15929978 | AB17: ='[1]February - 2023'!AL16 -> 0 | ... AX17: ='[1]February - 2023'!BH16 -> 5456.64 | AZ17: ='[1]February - 2023'!BM16 -> 78690800 | BA17: ='[1]February - 2023'!BN16 -> 0 | BB17: ='[1]February - 2023'!BO17 -> 0 | BC17: ='[1]February - 2023'!BP16 -> 81659200 | BD17: ='[1]February - 2023'!BQ16 -> 42200 | BE17: ='[1]February - 2023'!BR16 -> 10800 | BF17: ='[1]February - 2023'!BS16 -> 75606200 | BG17: ='[1]February - 2023'!BT16 -> 4200 | BH17: ='[1]February - 2023'!BU16 -> 21400 | BS17: ='[1]February - 2023'!BV16 -> 10638000 | BT17: ='[1]February - 2023'!BW16 -> 6130 | BV17: ='[1]February - 2023'!BY16 -> 0.68 | BW17: ='[1]February - 2023'!BZ16 -> 0.07 | BX17: ='[1]February - 2023'!CA16 -> 0.1 | BY17: ='[1]February - 2023'!CB16 -> 65464 | BZ17: ='[1]February - 2023'!CC16 -> 17 | CA17: ='[1]February - 2023'!CD16 -> 56617 | CB17: ='[1]February - 2023'!CE16 -> 20 | CC17: ='[1]February - 2023'!CF16 -> 19114 | ... CO17: ='[1]February - 2023'!CR16 -> 118 | CP17: ='[1]February - 2023'!CV16 -> 447 | CQ17: ='[1]February - 2023'!CT16 -> 371493 | CR17: ='[1]February - 2023'!CU16 -> 258 | CS17: ='[1]February - 2023'!CV16 -> 447 | CT17: ='[1]February - 2023'!CW16 -> 705211 | CU17: ='[1]February - 2023'!CX16 -> 175 | CW17: ='[1]February - 2023'!CZ16 -> 9374 | CX17: ='[1]February - 2023'!DA16 -> 13 | CY17: ='[1]February - 2023'!DB16 -> 6345 | CZ17: ='[1]February - 2023'!DC16 -> 7 | DA17: ='[1]February - 2023'!DD16 -> 33078 | DB17: ='[1]February - 2023'!DE16 -> 4 | DC17: ='[1]February - 2023'!DF16 -> 33240 | DD17: ='[1]February - 2023'!DG16 -> 13 | ... DR17: ='[1]February - 2023'!DU16 -> 6 | DT17: ='[1]February - 2023'!DW16 -> 7003.4 | DU17: ='[1]February - 2023'!DX16 -> 11.3 | DV17: ='[1]February - 2023'!DY16 -> 11759.8 | DW17: ='[1]February - 2023'!DZ16 -> 8.7 | DX17: ='[1]February - 2023'!EA16 -> 5189.4 | DY17: ='[1]February - 2023'!EB16 -> 5.8 | DZ17: ='[1]February - 2023'!EC16 -> 5789.4 | EA17: ='[1]February - 2023'!ED16 -> 6.5 | ... EC17: ='[1]February - 2023'!EF16 -> 511 | ED17: ='[1]February - 2023'!EI16 -> 240386.9 | EE17: ='[1]February - 2023'!EJ16 -> 152.3 | EG17: ='[1]February - 2023'!EL16 -> 12310200 | EH17: ='[1]February - 2023'!EM16 -> 3200 | EI17: ='[1]February - 2023'!EN16 -> 948010 | EJ17: ='[1]February - 2023'!EO16 -> 260 | EK17: ='[1]February - 2023'!EP16 -> 7303200 | EL17: ='[1]February - 2023'!EQ16 -> 1000 | EM17: ='[1]February - 2023'!ER16 -> 2513900 | EN17: ='[1]February - 2023'!ES16 -> 300 | ... ER17: ='[1]February - 2023'!EW16 -> 3000 | ET17: ='[1]February - 2023'!EY16 -> 43091 | EU17: ='[1]February - 2023'!EZ16 -> 15 | EV17: ='[1]February - 2023'!FA16 -> 37558 | EW17: ='[1]February - 2023'!FB16 -> 11 | EX17: ='[1]February - 2023'!FC16 -> 8146 | EY17: ='[1]February - 2023'!FD16 -> 8 | EZ17: ='[1]February - 2023'!FE16 -> 60149 | FA17: ='[1]February - 2023'!FF16 -> 17 | ... FC17: ='[1]February - 2023'!FH16 -> 27
A18: 44966 | B18: ='[1]February - 2023'!B17 -> 0.7 | C18: ='[1]February - 2023'!E17 -> 248178 | D18: ='[1]February - 2023'!F18 -> 678 | E18: ='[1]February - 2023'!G17 -> 587 | F18: ='[1]February - 2023'!H17 -> 269100 | G18: ='[1]February - 2023'!I18 -> 481 | H18: ='[1]February - 2023'!J17 -> 117634 | I18: ='[1]February - 2023'!K17 -> 17418 | J18: ='[1]February - 2023'!L17 -> 195 | K18: ='[1]February - 2023'!N17 -> 931694 | L18: ='[1]February - 2023'!O17 -> 271 | M18: ='[1]February - 2023'!Q17 -> 246172 | N18: ='[1]February - 2023'!R17 -> 88 | O18: ='[1]February - 2023'!U17 -> 120942 | P18: ='[1]February - 2023'!V17 -> 67 | Q18: ='[1]February - 2023'!W17 -> 188 | R18: ='[1]February - 2023'!X17 -> 6784 | S18: ='[1]February - 2023'!Y17 -> 4 | U18: ='[1]February - 2023'!AE17 -> 8296187.8 | V18: ='[1]February - 2023'!AF17 -> 1997.52 | W18: ='[1]February - 2023'!AG17 -> 2143.68 | X18: ='[1]February - 2023'!AH17 -> 15759653 | Y18: ='[1]February - 2023'!AI17 -> 4725.84 | Z18: ='[1]February - 2023'!AJ17 -> 4628.4 | AA18: ='[1]February - 2023'!AK17 -> 15931002 | AB18: ='[1]February - 2023'!AL17 -> 1023.12 | ... AX18: ='[1]February - 2023'!BH17 -> 5359.2 | AZ18: ='[1]February - 2023'!BM17 -> 78694800 | BA18: ='[1]February - 2023'!BN17 -> 4000 | BB18: ='[1]February - 2023'!BO18 -> 0 | BC18: ='[1]February - 2023'!BP17 -> 81659200 | BD18: ='[1]February - 2023'!BQ17 -> 0 | BE18: ='[1]February - 2023'!BR17 -> 34600 | BF18: ='[1]February - 2023'!BS17 -> 75637900 | BG18: ='[1]February - 2023'!BT17 -> 31700 | BH18: ='[1]February - 2023'!BU17 -> 0 | BS18: ='[1]February - 2023'!BV17 -> 10644620 | BT18: ='[1]February - 2023'!BW17 -> 6620 | BV18: ='[1]February - 2023'!BY17 -> 0.59 | BW18: ='[1]February - 2023'!BZ17 -> 0.09 | BX18: ='[1]February - 2023'!CA17 -> 0.08 | BY18: ='[1]February - 2023'!CB17 -> 65479 | BZ18: ='[1]February - 2023'!CC17 -> 15 | CA18: ='[1]February - 2023'!CD17 -> 56637 | CB18: ='[1]February - 2023'!CE17 -> 20 | CC18: ='[1]February - 2023'!CF17 -> 19121 | ... CO18: ='[1]February - 2023'!CR17 -> 120 | CP18: ='[1]February - 2023'!CV17 -> 318 | CQ18: ='[1]February - 2023'!CT17 -> 371780 | CR18: ='[1]February - 2023'!CU17 -> 287 | CS18: ='[1]February - 2023'!CV17 -> 318 | CT18: ='[1]February - 2023'!CW17 -> 705398 | CU18: ='[1]February - 2023'!CX17 -> 187 | CW18: ='[1]February - 2023'!CZ17 -> 9384 | CX18: ='[1]February - 2023'!DA17 -> 10 | CY18: ='[1]February - 2023'!DB17 -> 6351 | CZ18: ='[1]February - 2023'!DC17 -> 6 | DA18: ='[1]February - 2023'!DD17 -> 33112 | DB18: ='[1]February - 2023'!DE17 -> 34 | DC18: ='[1]February - 2023'!DF17 -> 33252 | DD18: ='[1]February - 2023'!DG17 -> 12 | ... DR18: ='[1]February - 2023'!DU17 -> 7 | DT18: ='[1]February - 2023'!DW17 -> 7014.1 | DU18: ='[1]February - 2023'!DX17 -> 10.7 | DV18: ='[1]February - 2023'!DY17 -> 11767.8 | DW18: ='[1]February - 2023'!DZ17 -> 8 | DX18: ='[1]February - 2023'!EA17 -> 5195.2 | DY18: ='[1]February - 2023'!EB17 -> 5.8 | DZ18: ='[1]February - 2023'!EC17 -> 5795.6 | EA18: ='[1]February - 2023'!ED17 -> 6.2 | ... EC18: ='[1]February - 2023'!EF17 -> 502 | ED18: ='[1]February - 2023'!EI17 -> 240537.3 | EE18: ='[1]February - 2023'!EJ17 -> 150.4 | EG18: ='[1]February - 2023'!EL17 -> 12312400 | EH18: ='[1]February - 2023'!EM17 -> 2200 | EI18: ='[1]February - 2023'!EN17 -> 948250 | EJ18: ='[1]February - 2023'!EO17 -> 240 | EK18: ='[1]February - 2023'!EP17 -> 7303900 | EL18: ='[1]February - 2023'!EQ17 -> 700 | EM18: ='[1]February - 2023'!ER17 -> 2514200 | EN18: ='[1]February - 2023'!ES17 -> 300 | ... ER18: ='[1]February - 2023'!EW17 -> 2000 | ET18: ='[1]February - 2023'!EY17 -> 43106 | EU18: ='[1]February - 2023'!EZ17 -> 15 | EV18: ='[1]February - 2023'!FA17 -> 37569 | EW18: ='[1]February - 2023'!FB17 -> 11 | EX18: ='[1]February - 2023'!FC17 -> 8155 | EY18: ='[1]February - 2023'!FD17 -> 9 | EZ18: ='[1]February - 2023'!FE17 -> 60163 | FA18: ='[1]February - 2023'!FF17 -> 14 | ... FC18: ='[1]February - 2023'!FH17 -> 29
A19: 44967 | B19: ='[1]February - 2023'!B18 -> 0.67 | C19: ='[1]February - 2023'!E18 -> 248856 | D19: ='[1]February - 2023'!F19 -> 584 | E19: ='[1]February - 2023'!G18 -> 557 | F19: ='[1]February - 2023'!H18 -> 269581 | G19: ='[1]February - 2023'!I19 -> 460 | H19: ='[1]February - 2023'!J18 -> 118068 | I19: ='[1]February - 2023'!K18 -> 17625 | J19: ='[1]February - 2023'!L18 -> 207 | K19: ='[1]February - 2023'!N18 -> 931960 | L19: ='[1]February - 2023'!O18 -> 266 | M19: ='[1]February - 2023'!Q18 -> 246252 | N19: ='[1]February - 2023'!R18 -> 80 | O19: ='[1]February - 2023'!U18 -> 121000 | P19: ='[1]February - 2023'!V18 -> 58 | Q19: ='[1]February - 2023'!W18 -> 202 | R19: ='[1]February - 2023'!X18 -> 6790 | S19: ='[1]February - 2023'!Y18 -> 6 | U19: ='[1]February - 2023'!AE18 -> 8298234 | V19: ='[1]February - 2023'!AF18 -> 2046.24 | W19: ='[1]February - 2023'!AG18 -> 1997.52 | X19: ='[1]February - 2023'!AH18 -> 15764330 | Y19: ='[1]February - 2023'!AI18 -> 4677.12 | Z19: ='[1]February - 2023'!AJ18 -> 4579.68 | AA19: ='[1]February - 2023'!AK18 -> 15936994 | AB19: ='[1]February - 2023'!AL18 -> 5992.56 | ... AX19: ='[1]February - 2023'!BH18 -> 5554.08 | AZ19: ='[1]February - 2023'!BM18 -> 78725300 | BA19: ='[1]February - 2023'!BN18 -> 30500 | BB19: ='[1]February - 2023'!BO19 -> 0 | BC19: ='[1]February - 2023'!BP18 -> 81663000 | BD19: ='[1]February - 2023'!BQ18 -> 3800 | BE19: ='[1]February - 2023'!BR18 -> 38100 | BF19: ='[1]February - 2023'!BS18 -> 75637900 | BG19: ='[1]February - 2023'!BT18 -> 0 | BH19: ='[1]February - 2023'!BU18 -> 0 | BS19: ='[1]February - 2023'!BV18 -> 10651870 | BT19: ='[1]February - 2023'!BW18 -> 7250 | BV19: ='[1]February - 2023'!BY18 -> 0.79 | BW19: ='[1]February - 2023'!BZ18 -> -0.2 | BX19: ='[1]February - 2023'!CA18 -> 0.1 | BY19: ='[1]February - 2023'!CB18 -> 65494 | BZ19: ='[1]February - 2023'!CC18 -> 15 | CA19: ='[1]February - 2023'!CD18 -> 56656 | CB19: ='[1]February - 2023'!CE18 -> 19 | CC19: ='[1]February - 2023'!CF18 -> 19128 | ... CO19: ='[1]February - 2023'!CR18 -> 124 | CP19: ='[1]February - 2023'!CV18 -> 226 | CQ19: ='[1]February - 2023'!CT18 -> 372074 | CR19: ='[1]February - 2023'!CU18 -> 294 | CS19: ='[1]February - 2023'!CV18 -> 226 | CT19: ='[1]February - 2023'!CW18 -> 705587 | CU19: ='[1]February - 2023'!CX18 -> 189 | CW19: ='[1]February - 2023'!CZ18 -> 9396 | CX19: ='[1]February - 2023'!DA18 -> 12 | CY19: ='[1]February - 2023'!DB18 -> 6360 | CZ19: ='[1]February - 2023'!DC18 -> 9 | DA19: ='[1]February - 2023'!DD18 -> 33129 | DB19: ='[1]February - 2023'!DE18 -> 17 | DC19: ='[1]February - 2023'!DF18 -> 33270 | DD19: ='[1]February - 2023'!DG18 -> 18 | ... DR19: ='[1]February - 2023'!DU18 -> 6 | DT19: ='[1]February - 2023'!DW18 -> 7025.5 | DU19: ='[1]February - 2023'!DX18 -> 11.4 | DV19: ='[1]February - 2023'!DY18 -> 11776.6 | DW19: ='[1]February - 2023'!DZ18 -> 8.8 | DX19: ='[1]February - 2023'!EA18 -> 5201.2 | DY19: ='[1]February - 2023'!EB18 -> 6 | DZ19: ='[1]February - 2023'!EC18 -> 5803 | EA19: ='[1]February - 2023'!ED18 -> 7.4 | ... EC19: ='[1]February - 2023'!EF18 -> 553 | ED19: ='[1]February - 2023'!EI18 -> 240695.2 | EE19: ='[1]February - 2023'!EJ18 -> 157.9 | EG19: ='[1]February - 2023'!EL18 -> 12314800 | EH19: ='[1]February - 2023'!EM18 -> 2400 | EI19: ='[1]February - 2023'!EN18 -> 948500 | EJ19: ='[1]February - 2023'!EO18 -> 250 | EK19: ='[1]February - 2023'!EP18 -> 7304700 | EL19: ='[1]February - 2023'!EQ18 -> 800 | EM19: ='[1]February - 2023'!ER18 -> 2514400 | EN19: ='[1]February - 2023'!ES18 -> 200 | ... ER19: ='[1]February - 2023'!EW18 -> 1300 | ET19: ='[1]February - 2023'!EY18 -> 43120 | EU19: ='[1]February - 2023'!EZ18 -> 14 | EV19: ='[1]February - 2023'!FA18 -> 37581 | EW19: ='[1]February - 2023'!FB18 -> 12 | EX19: ='[1]February - 2023'!FC18 -> 8168 | EY19: ='[1]February - 2023'!FD18 -> 13 | EZ19: ='[1]February - 2023'!FE18 -> 60180 | FA19: ='[1]February - 2023'!FF18 -> 17 | ... FC19: ='[1]February - 2023'!FH18 -> 35
A20: 44968 | B20: ='[1]February - 2023'!B19 -> 0.91 | C20: ='[1]February - 2023'!E19 -> 249440 | D20: ='[1]February - 2023'!F20 -> 576 | E20: ='[1]February - 2023'!G19 -> 568 | F20: ='[1]February - 2023'!H19 -> 270041 | G20: ='[1]February - 2023'!I20 -> 462 | H20: ='[1]February - 2023'!J19 -> 118505 | I20: ='[1]February - 2023'!K19 -> 18003 | J20: ='[1]February - 2023'!L19 -> 378 | K20: ='[1]February - 2023'!N19 -> 932092 | L20: ='[1]February - 2023'!O19 -> 132 | M20: ='[1]February - 2023'!Q19 -> 246265 | N20: ='[1]February - 2023'!R19 -> 13 | O20: ='[1]February - 2023'!U19 -> 121062 | P20: ='[1]February - 2023'!V19 -> 62 | Q20: ='[1]February - 2023'!W19 -> 220 | R20: ='[1]February - 2023'!X19 -> 6793 | S20: ='[1]February - 2023'!Y19 -> 3 | U20: ='[1]February - 2023'!AE19 -> 8300280.2 | V20: ='[1]February - 2023'!AF19 -> 2046.24 | W20: ='[1]February - 2023'!AG19 -> 2094.96 | X20: ='[1]February - 2023'!AH19 -> 15769056 | Y20: ='[1]February - 2023'!AI19 -> 4725.84 | Z20: ='[1]February - 2023'!AJ19 -> 4482.24 | AA20: ='[1]February - 2023'!AK19 -> 15937092 | AB20: ='[1]February - 2023'!AL19 -> 97.44 | ... AX20: ='[1]February - 2023'!BH19 -> 5602.8 | AZ20: ='[1]February - 2023'!BM19 -> 78725300 | BA20: ='[1]February - 2023'!BN19 -> 0 | BB20: ='[1]February - 2023'!BO20 -> 0 | BC20: ='[1]February - 2023'!BP19 -> 81696700 | BD20: ='[1]February - 2023'!BQ19 -> 33700 | BE20: ='[1]February - 2023'!BR19 -> 39200 | BF20: ='[1]February - 2023'!BS19 -> 75641800 | BG20: ='[1]February - 2023'!BT19 -> 3900 | BH20: ='[1]February - 2023'!BU19 -> 0 | BS20: ='[1]February - 2023'!BV19 -> 10659050 | BT20: ='[1]February - 2023'!BW19 -> 7180 | BV20: ='[1]February - 2023'!BY19 -> 0.68 | BW20: ='[1]February - 2023'!BZ19 -> 0.11 | BX20: ='[1]February - 2023'!CA19 -> -0.13 | BY20: ='[1]February - 2023'!CB19 -> 65513 | BZ20: ='[1]February - 2023'!CC19 -> 19 | CA20: ='[1]February - 2023'!CD19 -> 56679 | CB20: ='[1]February - 2023'!CE19 -> 23 | CC20: ='[1]February - 2023'!CF19 -> 19133 | ... CO20: ='[1]February - 2023'!CR19 -> 119 | CP20: ='[1]February - 2023'!CV19 -> 266 | CQ20: ='[1]February - 2023'!CT19 -> 372356 | CR20: ='[1]February - 2023'!CU19 -> 282 | CS20: ='[1]February - 2023'!CV19 -> 266 | CT20: ='[1]February - 2023'!CW19 -> 705772 | CU20: ='[1]February - 2023'!CX19 -> 185 | CW20: ='[1]February - 2023'!CZ19 -> 9407 | CX20: ='[1]February - 2023'!DA19 -> 11 | CY20: ='[1]February - 2023'!DB19 -> 6365 | CZ20: ='[1]February - 2023'!DC19 -> 5 | DA20: ='[1]February - 2023'!DD19 -> 33143 | DB20: ='[1]February - 2023'!DE19 -> 14 | DC20: ='[1]February - 2023'!DF19 -> 33284 | DD20: ='[1]February - 2023'!DG19 -> 14 | ... DR20: ='[1]February - 2023'!DU19 -> 1 | DT20: ='[1]February - 2023'!DW19 -> 7036.7 | DU20: ='[1]February - 2023'!DX19 -> 11.2 | DV20: ='[1]February - 2023'!DY19 -> 11785.2 | DW20: ='[1]February - 2023'!DZ19 -> 8.6 | DX20: ='[1]February - 2023'!EA19 -> 5207.1 | DY20: ='[1]February - 2023'!EB19 -> 5.9 | DZ20: ='[1]February - 2023'!EC19 -> 5810.7 | EA20: ='[1]February - 2023'!ED19 -> 7.7 | ... EC20: ='[1]February - 2023'!EF19 -> 580 | ED20: ='[1]February - 2023'!EI19 -> 240847.2 | EE20: ='[1]February - 2023'!EJ19 -> 152 | EG20: ='[1]February - 2023'!EL19 -> 12317300 | EH20: ='[1]February - 2023'!EM19 -> 2500 | EI20: ='[1]February - 2023'!EN19 -> 948740 | EJ20: ='[1]February - 2023'!EO19 -> 240 | EK20: ='[1]February - 2023'!EP19 -> 7305500 | EL20: ='[1]February - 2023'!EQ19 -> 800 | EM20: ='[1]February - 2023'!ER19 -> 2514700 | EN20: ='[1]February - 2023'!ES19 -> 300 | ... ER20: ='[1]February - 2023'!EW19 -> 1400 | ET20: ='[1]February - 2023'!EY19 -> 43135 | EU20: ='[1]February - 2023'!EZ19 -> 15 | EV20: ='[1]February - 2023'!FA19 -> 37591 | EW20: ='[1]February - 2023'!FB19 -> 10 | EX20: ='[1]February - 2023'!FC19 -> 8182 | EY20: ='[1]February - 2023'!FD19 -> 14 | EZ20: ='[1]February - 2023'!FE19 -> 60196 | FA20: ='[1]February - 2023'!FF19 -> 16 | ... FC20: ='[1]February - 2023'!FH19 -> 34
A21: 44969 | B21: ='[1]February - 2023'!B20 -> 0.91 | C21: ='[1]February - 2023'!E20 -> 250016 | D21: ='[1]February - 2023'!F21 -> 529 | E21: ='[1]February - 2023'!G20 -> 614 | F21: ='[1]February - 2023'!H20 -> 270503 | G21: ='[1]February - 2023'!I21 -> 406 | H21: ='[1]February - 2023'!J20 -> 118989 | I21: ='[1]February - 2023'!K20 -> 18272 | J21: ='[1]February - 2023'!L20 -> 269 | K21: ='[1]February - 2023'!N20 -> 932219 | L21: ='[1]February - 2023'!O20 -> 127 | M21: ='[1]February - 2023'!Q20 -> 246265 | N21: ='[1]February - 2023'!R20 -> 0 | O21: ='[1]February - 2023'!U20 -> 121140 | P21: ='[1]February - 2023'!V20 -> 78 | Q21: ='[1]February - 2023'!W20 -> 18 | R21: ='[1]February - 2023'!X20 -> 6796 | S21: ='[1]February - 2023'!Y20 -> 3 | U21: ='[1]February - 2023'!AE20 -> 8302277.8 | V21: ='[1]February - 2023'!AF20 -> 1997.52 | W21: ='[1]February - 2023'!AG20 -> 2241.12 | X21: ='[1]February - 2023'!AH20 -> 15773685 | Y21: ='[1]February - 2023'!AI20 -> 4628.4 | Z21: ='[1]February - 2023'!AJ20 -> 4677.12 | AA21: ='[1]February - 2023'!AK20 -> 15938115 | AB21: ='[1]February - 2023'!AL20 -> 1023.12 | ... AX21: ='[1]February - 2023'!BH20 -> 5602.8 | AZ21: ='[1]February - 2023'!BM20 -> 78729300 | BA21: ='[1]February - 2023'!BN20 -> 4000 | BB21: ='[1]February - 2023'!BO21 -> 0 | BC21: ='[1]February - 2023'!BP20 -> 81696700 | BD21: ='[1]February - 2023'!BQ20 -> 0 | BE21: ='[1]February - 2023'!BR20 -> 42300 | BF21: ='[1]February - 2023'!BS20 -> 75678400 | BG21: ='[1]February - 2023'!BT20 -> 36600 | BH21: ='[1]February - 2023'!BU20 -> 0 | BS21: ='[1]February - 2023'!BV20 -> 10665930 | BT21: ='[1]February - 2023'!BW20 -> 6880 | BV21: ='[1]February - 2023'!BY20 -> 0.8 | BW21: ='[1]February - 2023'!BZ20 -> -0.12 | BX21: ='[1]February - 2023'!CA20 -> 0.12 | BY21: ='[1]February - 2023'!CB20 -> 65530 | BZ21: ='[1]February - 2023'!CC20 -> 17 | CA21: ='[1]February - 2023'!CD20 -> 56700 | CB21: ='[1]February - 2023'!CE20 -> 21 | CC21: ='[1]February - 2023'!CF20 -> 19141 | ... CO21: ='[1]February - 2023'!CR20 -> 122 | CP21: ='[1]February - 2023'!CV20 -> 290 | CQ21: ='[1]February - 2023'!CT20 -> 372643 | CR21: ='[1]February - 2023'!CU20 -> 287 | CS21: ='[1]February - 2023'!CV20 -> 290 | CT21: ='[1]February - 2023'!CW20 -> 705961 | CU21: ='[1]February - 2023'!CX20 -> 189 | CW21: ='[1]February - 2023'!CZ20 -> 9413 | CX21: ='[1]February - 2023'!DA20 -> 6 | CY21: ='[1]February - 2023'!DB20 -> 6368 | CZ21: ='[1]February - 2023'!DC20 -> 3 | DA21: ='[1]February - 2023'!DD20 -> 33159 | DB21: ='[1]February - 2023'!DE20 -> 16 | DC21: ='[1]February - 2023'!DF20 -> 33299 | DD21: ='[1]February - 2023'!DG20 -> 15 | ... DR21: ='[1]February - 2023'!DU20 -> 0 | DT21: ='[1]February - 2023'!DW20 -> 7040.5 | DU21: ='[1]February - 2023'!DX20 -> 3.8 | DV21: ='[1]February - 2023'!DY20 -> 11792.9 | DW21: ='[1]February - 2023'!DZ20 -> 7.7 | DX21: ='[1]February - 2023'!EA20 -> 5213 | DY21: ='[1]February - 2023'!EB20 -> 5.9 | DZ21: ='[1]February - 2023'!EC20 -> 5817.6 | EA21: ='[1]February - 2023'!ED20 -> 6.9 | ... EC21: ='[1]February - 2023'!EF20 -> 586 | ED21: ='[1]February - 2023'!EI20 -> 240999.5 | EE21: ='[1]February - 2023'!EJ20 -> 152.3 | EG21: ='[1]February - 2023'!EL20 -> 12320300 | EH21: ='[1]February - 2023'!EM20 -> 3000 | EI21: ='[1]February - 2023'!EN20 -> 949000 | EJ21: ='[1]February - 2023'!EO20 -> 260 | EK21: ='[1]February - 2023'!EP20 -> 7306400 | EL21: ='[1]February - 2023'!EQ20 -> 900 | EM21: ='[1]February - 2023'!ER20 -> 2514900 | EN21: ='[1]February - 2023'!ES20 -> 200 | ... ER21: ='[1]February - 2023'!EW20 -> 1800 | ET21: ='[1]February - 2023'!EY20 -> 43150 | EU21: ='[1]February - 2023'!EZ20 -> 15 | EV21: ='[1]February - 2023'!FA20 -> 37603 | EW21: ='[1]February - 2023'!FB20 -> 12 | EX21: ='[1]February - 2023'!FC20 -> 8193 | EY21: ='[1]February - 2023'!FD20 -> 11 | EZ21: ='[1]February - 2023'!FE20 -> 60209 | FA21: ='[1]February - 2023'!FF20 -> 13 | ... FC21: ='[1]February - 2023'!FH20 -> 31
A22: 44970 | B22: ='[1]February - 2023'!B21 -> 0.89 | C22: ='[1]February - 2023'!E21 -> 250545 | D22: ='[1]February - 2023'!F22 -> 614 | E22: ='[1]February - 2023'!G21 -> 601 | F22: ='[1]February - 2023'!H21 -> 270909 | G22: ='[1]February - 2023'!I22 -> 460 | H22: ='[1]February - 2023'!J21 -> 119457 | I22: ='[1]February - 2023'!K21 -> 18525 | J22: ='[1]February - 2023'!L21 -> 253 | K22: ='[1]February - 2023'!N21 -> 932485 | L22: ='[1]February - 2023'!O21 -> 266 | M22: ='[1]February - 2023'!Q21 -> 246265 | N22: ='[1]February - 2023'!R21 -> 0 | O22: ='[1]February - 2023'!U21 -> 121223 | P22: ='[1]February - 2023'!V21 -> 83 | Q22: ='[1]February - 2023'!W21 -> 185 | R22: ='[1]February - 2023'!X21 -> 6806 | S22: ='[1]February - 2023'!Y21 -> 10 | U22: ='[1]February - 2023'!AE21 -> 8304275.3 | V22: ='[1]February - 2023'!AF21 -> 1997.52 | W22: ='[1]February - 2023'!AG21 -> 2046.24 | X22: ='[1]February - 2023'!AH21 -> 15778362 | Y22: ='[1]February - 2023'!AI21 -> 4677.12 | Z22: ='[1]February - 2023'!AJ21 -> 4384.8 | AA22: ='[1]February - 2023'!AK21 -> 15945276 | AB22: ='[1]February - 2023'!AL21 -> 7161.84 | ... AX22: ='[1]February - 2023'!BH21 -> 5359.2 | AZ22: ='[1]February - 2023'!BM21 -> 78768300 | BA22: ='[1]February - 2023'!BN21 -> 39000 | BB22: ='[1]February - 2023'!BO22 -> 0 | BC22: ='[1]February - 2023'!BP21 -> 81700800 | BD22: ='[1]February - 2023'!BQ21 -> 4100 | BE22: ='[1]February - 2023'!BR21 -> 33100 | BF22: ='[1]February - 2023'!BS21 -> 75678400 | BG22: ='[1]February - 2023'!BT21 -> 0 | BH22: ='[1]February - 2023'!BU21 -> 0 | BS22: ='[1]February - 2023'!BV21 -> 10672650 | BT22: ='[1]February - 2023'!BW21 -> 6720 | BV22: ='[1]February - 2023'!BY21 -> 0.7 | BW22: ='[1]February - 2023'!BZ21 -> 0.1 | BX22: ='[1]February - 2023'!CA21 -> -0.11 | BY22: ='[1]February - 2023'!CB21 -> 65546 | BZ22: ='[1]February - 2023'!CC21 -> 16 | CA22: ='[1]February - 2023'!CD21 -> 56720 | CB22: ='[1]February - 2023'!CE21 -> 20 | CC22: ='[1]February - 2023'!CF21 -> 19148 | ... CO22: ='[1]February - 2023'!CR21 -> 113 | CP22: ='[1]February - 2023'!CV21 -> 365 | CQ22: ='[1]February - 2023'!CT21 -> 372877 | CR22: ='[1]February - 2023'!CU21 -> 234 | CS22: ='[1]February - 2023'!CV21 -> 365 | CT22: ='[1]February - 2023'!CW21 -> 706144 | CU22: ='[1]February - 2023'!CX21 -> 183 | CW22: ='[1]February - 2023'!CZ21 -> 9417 | CX22: ='[1]February - 2023'!DA21 -> 4 | CY22: ='[1]February - 2023'!DB21 -> 6370 | CZ22: ='[1]February - 2023'!DC21 -> 2 | DA22: ='[1]February - 2023'!DD21 -> 33172 | DB22: ='[1]February - 2023'!DE21 -> 13 | DC22: ='[1]February - 2023'!DF21 -> 33313 | DD22: ='[1]February - 2023'!DG21 -> 14 | ... DR22: ='[1]February - 2023'!DU21 -> 6 | DT22: ='[1]February - 2023'!DW21 -> 7058 | DU22: ='[1]February - 2023'!DX21 -> 17.5 | DV22: ='[1]February - 2023'!DY21 -> 11801.2 | DW22: ='[1]February - 2023'!DZ21 -> 8.3 | DX22: ='[1]February - 2023'!EA21 -> 5219 | DY22: ='[1]February - 2023'!EB21 -> 6 | DZ22: ='[1]February - 2023'!EC21 -> 5823.3 | EA22: ='[1]February - 2023'!ED21 -> 5.7 | ... EC22: ='[1]February - 2023'!EF21 -> 565 | ED22: ='[1]February - 2023'!EI21 -> 241151.6 | EE22: ='[1]February - 2023'!EJ21 -> 152.1 | EG22: ='[1]February - 2023'!EL21 -> 12322900 | EH22: ='[1]February - 2023'!EM21 -> 2600 | EI22: ='[1]February - 2023'!EN21 -> 949220 | EJ22: ='[1]February - 2023'!EO21 -> 220 | EK22: ='[1]February - 2023'!EP21 -> 7307300 | EL22: ='[1]February - 2023'!EQ21 -> 900 | EM22: ='[1]February - 2023'!ER21 -> 2515300 | EN22: ='[1]February - 2023'!ES21 -> 400 | ... ER22: ='[1]February - 2023'!EW21 -> 1600 | ET22: ='[1]February - 2023'!EY21 -> 43165 | EU22: ='[1]February - 2023'!EZ21 -> 15 | EV22: ='[1]February - 2023'!FA21 -> 37615 | EW22: ='[1]February - 2023'!FB21 -> 12 | EX22: ='[1]February - 2023'!FC21 -> 8202 | EY22: ='[1]February - 2023'!FD21 -> 9 | EZ22: ='[1]February - 2023'!FE21 -> 60221 | FA22: ='[1]February - 2023'!FF21 -> 12 | ... FC22: ='[1]February - 2023'!FH21 -> 33
... A40: 44988 | B40: ='[1]February - 2023'!B39 -> 0 | C40: ='[1]February - 2023'!E39 -> Domestic Water | D40: ='[1]February - 2023'!F40 -> 0 | E40: ='[1]February - 2023'!G39 -> 0 | F40: ='[1]February - 2023'!H39 -> Resort Domestic Water | G40: ='[1]February - 2023'!I40 -> 0 | H40: ='[1]February - 2023'!J39 -> 0 | I40: ='[1]February - 2023'!K39 -> Tse Water | J40: ='[1]February - 2023'!L39 -> 0 | K40: ='[1]February - 2023'!N39 -> Irrigation Water | L40: ='[1]February - 2023'!O39 -> 0 | M40: ='[1]February - 2023'!Q39 -> domestic water for irrigation | N40: ='[1]February - 2023'!R39 -> 0 | O40: ='[1]February - 2023'!U39 -> Cooling Tower make up & Blowdown | P40: ='[1]February - 2023'!V39 -> 0 | Q40: ='[1]February - 2023'!W39 -> 0 | R40: ='[1]February - 2023'!X39 -> 0 | S40: ='[1]February - 2023'!Y39 -> 0 | U40: ='[1]February - 2023'!AE39 -> EMDB-1 | V40: ='[1]February - 2023'!AF39 -> 0 | W40: ='[1]February - 2023'!AG39 -> 0 | X40: ='[1]February - 2023'!AH39 -> EMDB-2 | Y40: ='[1]February - 2023'!AI39 -> 0 | Z40: ='[1]February - 2023'!AJ39 -> 0 | AA40: ='[1]February - 2023'!AK39 -> MDB-1 | AB40: ='[1]February - 2023'!AL39 -> 0 | ... AX40: ='[1]February - 2023'!BH39 -> 0 | AZ40: ='[1]February - 2023'!BM39 -> Chiller # 1 | BA40: ='[1]February - 2023'!BN39 -> 0 | BB40: ='[1]February - 2023'!BO40 -> 0 | BC40: ='[1]February - 2023'!BP39 -> Chiller # 2 | BD40: ='[1]February - 2023'!BQ39 -> 0 | BE40: ='[1]February - 2023'!BR39 -> 0 | BF40: ='[1]February - 2023'!BS39 -> Chiller # 3 | BG40: ='[1]February - 2023'!BT39 -> 0 | BH40: ='[1]February - 2023'!BU39 -> 0 | BS40: ='[1]February - 2023'!BV39 -> Heat Exchanger | BT40: ='[1]February - 2023'!BW39 -> 0 | BV40: ='[1]February - 2023'!BY39 -> LPG TOTAL CONSUMPTION | BW40: ='[1]February - 2023'!BZ39 -> 0 | BX40: ='[1]February - 2023'!CA39 -> 0 | BY40: ='[1]February - 2023'!CB39 -> Ird Kitchen | BZ40: ='[1]February - 2023'!CC39 -> 0 | CA40: ='[1]February - 2023'!CD39 -> Suq Kitchen | CB40: ='[1]February - 2023'!CE39 -> 0 | CC40: ='[1]February - 2023'!CF39 -> Bakery Kitchen | ... CO40: ='[1]February - 2023'!CR39 -> 0 | CP40: ='[1]February - 2023'!CV39 -> 0 | CQ40: ='[1]February - 2023'!CT39 -> Lthw Boiler | CR40: ='[1]February - 2023'!CU39 -> 0 | CS40: ='[1]February - 2023'!CV39 -> 0 | CT40: ='[1]February - 2023'!CW39 -> Steam Boiler Steam Meter Reading Kg | CU40: ='[1]February - 2023'!CX39 -> 0 | CW40: ='[1]February - 2023'!CZ39 -> Jean George Water Meter Reading | CX40: ='[1]February - 2023'!DA39 -> 0 | CY40: ='[1]February - 2023'!DB39 -> 0 | CZ40: ='[1]February - 2023'!DC39 -> 0 | DA40: ='[1]February - 2023'!DD39 -> Coya Water Meter Reading M³ | DB40: ='[1]February - 2023'!DE39 -> 0 | DC40: ='[1]February - 2023'!DF39 -> 0 | DD40: ='[1]February - 2023'!DG39 -> 0 | ... DR40: ='[1]February - 2023'!DU39 -> 0 | DT40: ='[1]February - 2023'!DW39 -> MDB - Coya | DU40: ='[1]February - 2023'!DX39 -> 0 | DV40: ='[1]February - 2023'!DY39 -> MDB Jean George | DW40: ='[1]February - 2023'!DZ39 -> 0 | DX40: ='[1]February - 2023'!EA39 -> MDB - Nusret | DY40: ='[1]February - 2023'!EB39 -> 0 | DZ40: ='[1]February - 2023'!EC39 -> Peovoceteur SMDB | EA40: ='[1]February - 2023'!ED39 -> 0 | ... EC40: ='[1]February - 2023'!EF39 -> 0 | ED40: ='[1]February - 2023'!EI39 -> Common ESMDB | EE40: ='[1]February - 2023'!EJ39 -> 0 | EG40: ='[1]February - 2023'!EL39 -> Coya Btu | EH40: ='[1]February - 2023'!EM39 -> 0 | EI40: ='[1]February - 2023'!EN39 -> Coya Cold Room Btu | EJ40: ='[1]February - 2023'!EO39 -> 0 | EK40: ='[1]February - 2023'!EP39 -> Nusret Btu | EL40: ='[1]February - 2023'!EQ39 -> 0 | EM40: ='[1]February - 2023'!ER39 -> Provocateur- A | EN40: ='[1]February - 2023'!ES39 -> 0 | ... ER40: ='[1]February - 2023'!EW39 -> 0 | ET40: ='[1]February - 2023'!EY39 -> Coya Lpg | EU40: ='[1]February - 2023'!EZ39 -> 0 | EV40: ='[1]February - 2023'!FA39 -> Nusret Lpg | EW40: ='[1]February - 2023'!FB39 -> 0 | EX40: ='[1]February - 2023'!FC39 -> Provocateur Lpg | EY40: ='[1]February - 2023'!FD39 -> 0 | EZ40: ='[1]February - 2023'!FE39 -> Jean George Lpg | FA40: ='[1]February - 2023'!FF39 -> 0 | ... FC40: ='[1]February - 2023'!FH39 -> 0
A42: Potable Water Daily Consumption February 2023 | U42: Electricity Daily Consumption February 2023 | AZ42: Total Chillers Btu Meter Monthly Consumption 2023 | BS42: Cold water Heat Exchanger 2023 | BV42: Lpg Daily Consumption February 2023 | DU42: .
A43: Location | C43: Domestic Water | F43: Resort Water | I43: Tse Water | K43: Irrigation Water | O43: Cooling Tower make up & Blowdown | U43: EMDB-1 | X43: EMDB-2 | AA43: MDB-1 | AD43: MDB-2 | AG43: MDB-3 | AJ43: MDB-4 | AM43: MDB-5 | AP43: MDB-6 | AS43: MDB-7 | AV43: MDB-8 | AZ43: Chiiler # 1 | BC43: Chiiler # 2 | BF43: Chiiler # 3 | BS43: Heat Exchanger | BV43: Lpg Main Tank | BY43: Ird Kitchen | CA43: Suq Kitchen | CC43: Bakery Kitchen | CE43: Shai Saloon Kitchen | CG43: Banquet Kitchen | CI43: Sea Fu Kitchen | CK43: Steam Boiler | CN43: Solar Hot Water Boiler | CQ43: Lthw Boiler | CT43: Steam Boiler Steam Meter Reading Kg
A44: February Reading 2023 two weeks | C44: =SUM(E9:E24) -> 8223 | F44: =SUM(H9:H24) -> 1758898 | O44: =SUM(Q9:Q24) -> 2327 | U44: =SUM(W9:W24) -> 37709.28 | X44: =SUM(Z9:Z24) -> 69767.04 | AA44: =SUM(AC9:AC24) -> 3946.32 | AD44: =SUM(AF9:AF24) -> 92519.28 | AG44: =SUM(AI9:AI24) -> 41265.84 | AJ44: =SUM(AL9:AL24) -> 86185.68 | AM44: =SUM(AO9:AO24) -> 62020.56 | AP44: =SUM(AR9:AR24) -> 63823.2 | AS44: =SUM(AU9:AU24) -> 48817.44 | AV44: =SUM(AX9:AX24) -> 81459.84 | AZ44: =SUM(BB9:BB24) -> 0 | BC44: =SUM(BE9:BE24) -> 387300 | BF44: =SUM(BH9:BH24) -> 177700 | CK44: =SUM(CM9:CM24) -> 1580 | CN44: =SUM(CP9:CP24) -> 4763 | CQ44: =SUM(CS9:CS24) -> 4763
A45: February Reading 2023 two weeks | C45: =SUM(D9:D24) -> 8715 | F45: =SUM(G9:G24) -> 6435 | O45: =SUM(P9:P24) -> 1135 | U45: =SUM(V9:V24) -> 30498.72 | X45: =SUM(Y9:Y24) -> 69620.88 | AA45: =SUM(AB9:AB24) -> 33178.32 | AD45: =SUM(AE9:AE24) -> 47550.72 | AG45: =SUM(AH9:AH24) -> 56563.92 | AJ45: =SUM(AK9:AK24) -> 81508.56 | AM45: =SUM(AN9:AN24) -> 57099.84 | AP45: =SUM(AQ9:AQ24) -> 65820.72 | AS45: =SUM(AT9:AT24) -> 44481.36 | AV45: =SUM(AW9:AW24) -> 83506.08 | AZ45: =SUM(BA9:BA24) -> 155300 | BC45: =SUM(BD9:BD24) -> 194500 | BF45: =SUM(BG9:BG24) -> 255400 | CK45: =SUM(CL9:CL24) -> 1156 | CN45: =SUM(CO9:CO24) -> 1789 | CQ45: =SUM(CR9:CR24) -> 3837 | DT45: Grand Total All EMDB KWH
A46: Difference | AZ46: =AZ44-AZ45 -> -155300 | BC46: =BC45-BC44 -> -192800 | BF46: =BF45-BF44 -> 77700
A47: February Reading 2022 Monthly | C47: =SUM(E9:E39) -> 16458 | F47: =SUM(H9:H39) -> 3365723 | I47: 7048.9 | K47: 7702.2 | O47: =SUM(Q9:Q39) -> 4561 | R47: 476 | U47: =SUM(W9:W39) -> 75223.68 | X47: =SUM(Z9:Z39) -> 132274.8 | AA47: =SUM(AC9:AC39) -> 67574.64 | AD47: =SUM(AF9:AF39) -> 145380.48 | AG47: =SUM(AI9:AI39) -> 47794.32 | AJ47: =SUM(AL9:AL39) -> 163358.16 | AM47: =SUM(AO9:AO39) -> 116440.8 | AP47: =SUM(AR9:AR39) -> 121215.36 | AS47: =SUM(AU9:AU39) -> 88329.36 | AV47: =SUM(AX9:AX39) -> 155319.36 | AZ47: 347300 | BC47: 361100 | BF47: 558842 | BS47: 131110 | BY47: 718 | CA47: 719 | CC47: 234 | CE47: 265 | CG47: 368 | CI47: 820 | CK47: =SUM(CM9:CM39) -> 2878 | CN47: =SUM(CP9:CP39) -> 7966 | CQ47: =SUM(CS9:CS39) -> 7966 | CT47: 3894 | DJ47: 487.2
A48: February Reading 2023 Monthly | C48: =SUM(D10:D39) -> -244103 | F48: =SUM(G9:G39) -> -265812 | I48: =SUM(J10:J39) -> -15762 | K48: =SUM(L9:L39) -> -929662 | O48: =SUM(P9:P39) -> -120277 | R48: =SUM(S9:S39) -> -6721 | U48: =SUM(V9:V39) -> -8278599.8 | X48: =SUM(Y9:Y39) -> -15718144 | AA48: =SUM(AB9:AB39) -> -15913657 | AD48: =SUM(AE9:AE39) -> -19053369 | AG48: =SUM(AH9:AH39) -> -19316895 | AJ48: =SUM(AK9:AK39) -> -17853785 | AM48: =SUM(AN9:AN39) -> -15009950 | AP48: =SUM(AQ9:AQ39) -> -14552177 | AS48: =SUM(AT9:AT39) -> -11342357 | AV48: =SUM(AW9:AW39) -> -18002722 | AZ48: =SUM(BA9:BA40) -> -78617600 | BC48: =SUM(BD9:BD40) -> -81547000 | BF48: =SUM(BG9:BG40) -> -75469900 | BS48: =SUM(BT9:BT39) -> -10588930 | BY48: =SUM(BZ9:BZ39) -> -65338 | CA48: =SUM(CB9:CB39) -> -56457 | CC48: =SUM(CD9:CD39) -> -19060 | CE48: =SUM(CF9:CF39) -> -26116 | CG48: =SUM(CH9:CH39) -> -29262 | CI48: =SUM(CJ9:CJ39) -> -64366 | CK48: =SUM(CL9:CL39) -> -272050 | CN48: =SUM(CO9:CO39) -> -221087 | CQ48: =SUM(CR9:CR39) -> -369542 | CT48: =SUM(CU9:CU39) -> -703819
A49: Difference | C49: =C47-C48 -> 260561 | F49: =F47-F48 -> 3631535 | I49: =I47-I48 -> 22810.9 | K49: =K47-K48 -> 937364.2 | O49: =O47-O48 -> 124838 | R49: =R47-R48 -> 7197 | U49: =U48-U47 -> -8353823.5 | X49: =X47-X48 -> 15850419 | AA49: =AA47-AA48 -> 15981232 | AD49: =AD47-AD48 -> 19198749 | AG49: =AG47-AG48 -> 19364690 | AJ49: =AJ47-AJ48 -> 18017143 | AM49: =AM47-AM48 -> 15126391 | AP49: =AP47-AP48 -> 14673392 | AS49: =AS47-AS48 -> 11430686 | AV49: =AV47-AV48 -> 18158041 | AZ49: =AZ48-AZ47 -> -78964900 | BC49: =BC48-BC47 -> -81908100 | BF49: =BF48-BF47 -> -76028742 | CK49: =CK47-CK48 -> 274928 | CN49: =CN47-CN48 -> 229053 | CQ49: =CQ47-CQ48 -> 377508 | CT49: =CT47-CT48 -> 707713
A50: Total Monthly Electrical Kwh | U50: February 2022 Kwh | AA50: =SUM(U47,X47,AA47,AD47,AG47,AJ47,AM47,AP47,AS47,AV47) -> 1112911 | AG50: February 2023 Kwh | AM50: =SUM(U48,X48,AA48,AD48,AG48,AJ48,AM48,AP48,AS48,AV48) -> -155041656 | AS50: Saving Kwh | AV50: =AA50-AM50 -> 1.5615457e+08 | AZ50: 44577 | BC50: 44942 | BF50: Difference
U51: February 2022 Kwh two weeks | AA51: =SUM(U44:AX44) -> 587514.48 | AG51: February 2023 Kwh two weeks | AM51: =SUM(U45:AX45) -> 569829.12 | AS51: Saving Kwh | AV51: =AA51-AM51 -> 17685.36 | AZ51: =SUM(AZ47,BC47,BF47) -> 1267242 | BC51: =SUM(AZ48:BG48) -> -235634500 | BF51: 643100
A53: 487.2
V56: 487.2
H57: 487.2 | AC57: 487.2 | AT57: 487.2
