Workbook

Sheet TOTAL
A1: Site Name | B1: Day | C1: Month | D1: Year | E1: Total Electricity Kwh | F1: Electricity Tariff ($/Kwh) | G1: LPG (Kg) | H1: LPG $/Kg | I1: Total Fuel Oil (Liters) | J1: Fuel Oil $/Liter | K1: Water Utility Supply (m3) m3 | L1: Water Utility Supply (m3) $/m3 | M1: Room Nights | N1: Food Covers
A2: Bali Jimbaran | B2: 1 | C2: 4 | D2: 2021 | E2: ='FS Jimbaran April 2021'!P12 -> 16420 | F2: ='FS Jimbaran April 2021'!O12/'FS Jimbaran April 2021'!P12 -> 1181.6219 | G2: ='FS Jimbaran April 2021'!AK12 -> 62 | H2: ='FS Jimbaran April 2021'!AL12/'FS Jimbaran April 2021'!AK12 -> 11094.54 | I2: ='FS Jimbaran April 2021'!AN12 -> 190.67 | J2: ='FS Jimbaran April 2021'!AO12/'FS Jimbaran April 2021'!AN12 -> 8700 | K2: ='FS Jimbaran April 2021'!Z12 -> 981 | L2: ='FS Jimbaran April 2021'!AE12/'FS Jimbaran April 2021'!Z12 -> 9271.3555 | M2: 1 | N2: 42
A3: Bali Jimbaran | B3: =B2+1 -> 2 | C3: 4 | D3: 2021 | E3: ='FS Jimbaran April 2021'!P13 -> 15240 | F3: ='FS Jimbaran April 2021'!O13/'FS Jimbaran April 2021'!P13 -> 1182.4815 | G3: ='FS Jimbaran April 2021'!AK13 -> 112 | H3: ='FS Jimbaran April 2021'!AL13/'FS Jimbaran April 2021'!AK13 -> 11094.54 | I3: ='FS Jimbaran April 2021'!AN13 -> 325.68 | J3: ='FS Jimbaran April 2021'!AO13/'FS Jimbaran April 2021'!AN13 -> 8700 | K3: ='FS Jimbaran April 2021'!Z13 -> 968 | L3: ='FS Jimbaran April 2021'!AE13/'FS Jimbaran April 2021'!Z13 -> 11068.129 | M3: 1 | N3: 30
A4: Bali Jimbaran | B4: =B3+1 -> 3 | C4: 4 | D4: 2021 | E4: ='FS Jimbaran April 2021'!P14 -> 14640 | F4: ='FS Jimbaran April 2021'!O14/'FS Jimbaran April 2021'!P14 -> 1192.3144 | G4: ='FS Jimbaran April 2021'!AK14 -> 112 | H4: ='FS Jimbaran April 2021'!AL14/'FS Jimbaran April 2021'!AK14 -> 11094.54 | I4: ='FS Jimbaran April 2021'!AN14 -> 80 | J4: ='FS Jimbaran April 2021'!AO14/'FS Jimbaran April 2021'!AN14 -> 8700 | K4: ='FS Jimbaran April 2021'!Z14 -> 912 | L4: ='FS Jimbaran April 2021'!AE14/'FS Jimbaran April 2021'!Z14 -> 11615.528 | M4: 1 | N4: 17
A5: Bali Jimbaran | B5: =B4+1 -> 4 | C5: 4 | D5: 2021 | E5: ='FS Jimbaran April 2021'!P15 -> 14920 | F5: ='FS Jimbaran April 2021'!O15/'FS Jimbaran April 2021'!P15 -> 1180.1436 | G5: ='FS Jimbaran April 2021'!AK15 -> 62 | H5: ='FS Jimbaran April 2021'!AL15/'FS Jimbaran April 2021'!AK15 -> 11094.54 | I5: ='FS Jimbaran April 2021'!AN15 -> 109.67 | J5: ='FS Jimbaran April 2021'!AO15/'FS Jimbaran April 2021'!AN15 -> 8700 | K5: ='FS Jimbaran April 2021'!Z15 -> 1008 | L5: ='FS Jimbaran April 2021'!AE15/'FS Jimbaran April 2021'!Z15 -> 10909.405 | M5: 2 | N5: 28
A6: Bali Jimbaran | B6: =B5+1 -> 5 | C6: 4 | D6: 2021 | E6: ='FS Jimbaran April 2021'!P16 -> 15760 | F6: ='FS Jimbaran April 2021'!O16/'FS Jimbaran April 2021'!P16 -> 1177.9697 | G6: ='FS Jimbaran April 2021'!AK16 -> 62 | H6: ='FS Jimbaran April 2021'!AL16/'FS Jimbaran April 2021'!AK16 -> 11094.54 | I6: ='FS Jimbaran April 2021'!AN16 -> 219.45 | J6: ='FS Jimbaran April 2021'!AO16/'FS Jimbaran April 2021'!AN16 -> 8700 | K6: ='FS Jimbaran April 2021'!Z16 -> 951 | L6: ='FS Jimbaran April 2021'!AE16/'FS Jimbaran April 2021'!Z16 -> 9539.1322 | M6: 3 | N6: 44
A7: Bali Jimbaran | B7: =B6+1 -> 6 | C7: 4 | D7: 2021 | E7: ='FS Jimbaran April 2021'!P17 -> 14240 | F7: ='FS Jimbaran April 2021'!O17/'FS Jimbaran April 2021'!P17 -> 1184.5643 | G7: ='FS Jimbaran April 2021'!AK17 -> 62 | H7: ='FS Jimbaran April 2021'!AL17/'FS Jimbaran April 2021'!AK17 -> 11094.54 | I7: ='FS Jimbaran April 2021'!AN17 -> 93.16 | J7: ='FS Jimbaran April 2021'!AO17/'FS Jimbaran April 2021'!AN17 -> 8700 | K7: ='FS Jimbaran April 2021'!Z17 -> 978 | L7: ='FS Jimbaran April 2021'!AE17/'FS Jimbaran April 2021'!Z17 -> 8933.4313 | M7: 3 | N7: 44
A8: Bali Jimbaran | B8: =B7+1 -> 7 | C8: 4 | D8: 2021 | E8: ='FS Jimbaran April 2021'!P18 -> 14580 | F8: ='FS Jimbaran April 2021'!O18/'FS Jimbaran April 2021'!P18 -> 1181.5564 | G8: ='FS Jimbaran April 2021'!AK18 -> 112 | H8: ='FS Jimbaran April 2021'!AL18/'FS Jimbaran April 2021'!AK18 -> 11094.54 | I8: ='FS Jimbaran April 2021'!AN18 -> 213.3 | J8: ='FS Jimbaran April 2021'!AO18/'FS Jimbaran April 2021'!AN18 -> 8700 | K8: ='FS Jimbaran April 2021'!Z18 -> 998 | L8: ='FS Jimbaran April 2021'!AE18/'FS Jimbaran April 2021'!Z18 -> 8995.4967 | M8: 1 | N8: 69
A9: Bali Jimbaran | B9: =B8+1 -> 8 | C9: 4 | D9: 2021 | E9: ='FS Jimbaran April 2021'!P19 -> 14900 | F9: ='FS Jimbaran April 2021'!O19/'FS Jimbaran April 2021'!P19 -> 1182.4576 | G9: ='FS Jimbaran April 2021'!AK19 -> 62 | H9: ='FS Jimbaran April 2021'!AL19/'FS Jimbaran April 2021'!AK19 -> 11094.54 | I9: ='FS Jimbaran April 2021'!AN19 -> 88.06 | J9: ='FS Jimbaran April 2021'!AO19/'FS Jimbaran April 2021'!AN19 -> 8700 | K9: ='FS Jimbaran April 2021'!Z19 -> 1006 | L9: ='FS Jimbaran April 2021'!AE19/'FS Jimbaran April 2021'!Z19 -> 11105.796 | M9: 1 | N9: 23
A10: Bali Jimbaran | B10: =B9+1 -> 9 | C10: 4 | D10: 2021 | E10: ='FS Jimbaran April 2021'!P20 -> 14520 | F10: ='FS Jimbaran April 2021'!O20/'FS Jimbaran April 2021'!P20 -> 1188.686 | G10: ='FS Jimbaran April 2021'!AK20 -> 62 | H10: ='FS Jimbaran April 2021'!AL20/'FS Jimbaran April 2021'!AK20 -> 11094.54 | I10: ='FS Jimbaran April 2021'!AN20 -> 208.54 | J10: ='FS Jimbaran April 2021'!AO20/'FS Jimbaran April 2021'!AN20 -> 8700 | K10: ='FS Jimbaran April 2021'!Z20 -> 991 | L10: ='FS Jimbaran April 2021'!AE20/'FS Jimbaran April 2021'!Z20 -> 11001.669 | M10: 1 | N10: 19
A11: Bali Jimbaran | B11: =B10+1 -> 10 | C11: 4 | D11: 2021 | E11: ='FS Jimbaran April 2021'!P21 -> 15860 | F11: ='FS Jimbaran April 2021'!O21/'FS Jimbaran April 2021'!P21 -> 1187 | G11: ='FS Jimbaran April 2021'!AK21 -> 112 | H11: ='FS Jimbaran April 2021'!AL21/'FS Jimbaran April 2021'!AK21 -> 11094.54 | I11: ='FS Jimbaran April 2021'!AN21 -> 210 | J11: ='FS Jimbaran April 2021'!AO21/'FS Jimbaran April 2021'!AN21 -> 8700 | K11: ='FS Jimbaran April 2021'!Z21 -> 977 | L11: ='FS Jimbaran April 2021'!AE21/'FS Jimbaran April 2021'!Z21 -> 11172.48 | M11: 1 | N11: 43
A12: Bali Jimbaran | B12: =B11+1 -> 11 | C12: 4 | D12: 2021 | E12: ='FS Jimbaran April 2021'!P22 -> 15720 | F12: ='FS Jimbaran April 2021'!O22/'FS Jimbaran April 2021'!P22 -> 1178.8916 | G12: ='FS Jimbaran April 2021'!AK22 -> 112 | H12: ='FS Jimbaran April 2021'!AL22/'FS Jimbaran April 2021'!AK22 -> 11094.54 | I12: ='FS Jimbaran April 2021'!AN22 -> 75.04 | J12: ='FS Jimbaran April 2021'!AO22/'FS Jimbaran April 2021'!AN22 -> 8700 | K12: ='FS Jimbaran April 2021'!Z22 -> 967 | L12: ='FS Jimbaran April 2021'!AE22/'FS Jimbaran April 2021'!Z22 -> 9678.88 | M12: 4 | N12: 29
A13: Bali Jimbaran | B13: =B12+1 -> 12 | C13: 4 | D13: 2021 | E13: ='FS Jimbaran April 2021'!P23 -> 14800 | F13: ='FS Jimbaran April 2021'!O23/'FS Jimbaran April 2021'!P23 -> 1184.5684 | G13: ='FS Jimbaran April 2021'!AK23 -> 62 | H13: ='FS Jimbaran April 2021'!AL23/'FS Jimbaran April 2021'!AK23 -> 11094.54 | I13: ='FS Jimbaran April 2021'!AN23 -> 186.3 | J13: ='FS Jimbaran April 2021'!AO23/'FS Jimbaran April 2021'!AN23 -> 8700 | K13: ='FS Jimbaran April 2021'!Z23 -> 1022 | L13: ='FS Jimbaran April 2021'!AE23/'FS Jimbaran April 2021'!Z23 -> 9853.9885 | M13: 6 | N13: 46
A14: Bali Jimbaran | B14: =B13+1 -> 13 | C14: 4 | D14: 2021 | E14: ='FS Jimbaran April 2021'!P24 -> 14800 | F14: ='FS Jimbaran April 2021'!O24/'FS Jimbaran April 2021'!P24 -> 1184.5684 | G14: ='FS Jimbaran April 2021'!AK24 -> 112 | H14: ='FS Jimbaran April 2021'!AL24/'FS Jimbaran April 2021'!AK24 -> 11094.54 | I14: ='FS Jimbaran April 2021'!AN24 -> 195.56 | J14: ='FS Jimbaran April 2021'!AO24/'FS Jimbaran April 2021'!AN24 -> 8700 | K14: ='FS Jimbaran April 2021'!Z24 -> 872 | L14: ='FS Jimbaran April 2021'!AE24/'FS Jimbaran April 2021'!Z24 -> 11778.592 | M14: 13 | N14: 81
... A31: Bali Jimbaran | B31: =B30+1 -> 30 | C31: 4 | D31: 2021 | E31: ='FS Jimbaran April 2021'!P41 -> 14900 | F31: ='FS Jimbaran April 2021'!O41/'FS Jimbaran April 2021'!P41 -> 1183.1875 | G31: ='FS Jimbaran April 2021'!AK41 -> 112 | H31: ='FS Jimbaran April 2021'!AL41/'FS Jimbaran April 2021'!AK41 -> 11094.54 | I31: ='FS Jimbaran April 2021'!AN41 -> 159.06 | J31: ='FS Jimbaran April 2021'!AO41/'FS Jimbaran April 2021'!AN41 -> 8700 | K31: ='FS Jimbaran April 2021'!Z41 -> 1053 | L31: ='FS Jimbaran April 2021'!AE41/'FS Jimbaran April 2021'!Z41 -> 10633.727 | M31: 6 | N31: 50

Sheet FS Jimbaran April 2021
B6: Four Seasons Resort Bali at Jimbaran Bay
B7: APRIL 2021
B8: Date | C8: Room Nights | D8: Food Covers | E8: ELECTRICITY Resort, Sundara & Residences | Z8: WATER | AG8: GAS
E9: Electricity Resort | J9: Electricity - Sundara | O9: Sub Total (Resort & Sundara) Cost (IDR) | P9: Sub Total (Resort & Sundara), KWh | Q9: Residences- Electricity KWh | R9: Residences- Electricity cost (IDR) | T9: TOTAL Electricity consumption (KWh) | U9: TOTAL Electricity cost | AA9: Water (m3) | AE9: Total Water Cost | AG9: LPG | AN9: Diesel
E10: BASED LOAD KWh (from 10 pm - 6 pm) | F10: Cost (IDR) | G10: PEAK LOAD KWh (from 6 pm - 10 pm) | H10: Cost (IDR) | I10: Resort Cost (IDR) | J10: BASED LOAD KWh (from 10 pm - 6 pm) | K10: Cost (IDR) | L10: PEAK LOAD KWh (from 6 pm - 10 pm) | M10: Cost (IDR) | N10: Sundara Cost (IDR) | U10: IDR | V10: USD | Z10: Water consumption (m3) | AA10: Municipal Water (m3) | AB10: Municipal Water cost (IDR) | AC10: Deepwell Consumption (m3) | AD10: Deepwell water Cost (IDR) | AE10: IDR | AF10: USD | AG10: LPG Bulk (m3) | AH10: 50 Kg (tube) IVD & TW | AI10: Sundara 50 kg (tube) | AJ10: 12 Kg (tube) | AK10: Total kg | AL10: IDR | AM10: USD | AN10: Used (liters) | AO10: IDR | AP10: USD
B12: 1 | C12: 9 | D12: 70 | E12: 12080 | F12: 13137834 | G12: 2480 | H12: 4045756.7 | I12: =F12+H12 -> 17183590 | J12: 1500 | K12: 1631353.5 | L12: 360 | M12: 587287.26 | N12: =+K12+M12 -> 2218640.8 | O12: =N12+I12 -> 19402231 | P12: =L12+J12+G12+E12 -> 16420 | V12: 0 | Z12: =AC12+AA12 -> 981 | AA12: 335 | AB12: 6025022 | AC12: 646 | AD12: 3070177.7 | AE12: =AD12+AB12 -> 9095199.7 | AF12: =AE12/$AP$48 -> 700.9199 | AG12: 0 | AH12: 0 | AI12: 50 | AJ12: 12 | AK12: =+AI12+AJ12 -> 62 | AL12: 687861.48 | AM12: =AL12/$AP$48 -> 53.009919 | AN12: 190.67 | AO12: 1658829 | AP12: =AO12/$AP$48 -> 127.83735
B13: 2 | C13: 9 | D13: 108 | E13: 11080 | F13: 12050265 | G13: 2240 | H13: 3654231.8 | I13: =F13+H13 -> 15704496 | J13: 1500 | K13: 1631353.5 | L13: 420 | M13: 685168.47 | N13: =+K13+M13 -> 2316522 | O13: =N13+I13 -> 18021018 | P13: =L13+J13+G13+E13 -> 15240 | V13: 0 | Z13: =AC13+AA13 -> 968 | AA13: 462 | AB13: 8309134.8 | AC13: 506 | AD13: 2404814.1 | AE13: =AD13+AB13 -> 10713949 | AF13: =AE13/$AP$48 -> 825.66851 | AG13: 0 | AH13: 0 | AI13: 100 | AJ13: 12 | AK13: =+AI13+AJ13 -> 112 | AL13: 1242588.5 | AM13: =AL13/$AP$48 -> 95.759854 | AN13: 325.68 | AO13: 2833416 | AP13: =AO13/$AP$48 -> 218.35669
B14: 3 | C14: 7 | D14: 91 | E14: 10320 | F14: 11223712 | G14: 2360 | H14: 3849994.3 | I14: =F14+H14 -> 15073706 | J14: 1500 | K14: 1631353.5 | L14: 460 | M14: 750422.61 | N14: =+K14+M14 -> 2381776.1 | O14: =N14+I14 -> 17455482 | P14: =L14+J14+G14+E14 -> 14640 | V14: 0 | Z14: =AC14+AA14 -> 912 | AA14: 473 | AB14: 8506971.4 | AC14: 439 | AD14: 2086390.1 | AE14: =AD14+AB14 -> 10593361 | AF14: =AE14/$AP$48 -> 816.37546 | AG14: 0 | AH14: 0 | AI14: 100 | AJ14: 12 | AK14: =+AI14+AJ14 -> 112 | AL14: 1242588.5 | AM14: =AL14/$AP$48 -> 95.759854 | AN14: 80 | AO14: 696000 | AP14: =AO14/$AP$48 -> 53.637113
B15: 4 | C15: 4 | D15: 89 | E15: 10680 | F15: 11615237 | G15: 2200 | H15: 3588977.7 | I15: =F15+H15 -> 15204215 | J15: 1700 | K15: 1848867.3 | L15: 340 | M15: 554660.19 | N15: =+K15+M15 -> 2403527.5 | O15: =N15+I15 -> 17607742 | P15: =L15+J15+G15+E15 -> 14920 | V15: 0 | Z15: =AC15+AA15 -> 1008 | AA15: 469 | AB15: 8435030.8 | AC15: 539 | AD15: 2561649.8 | AE15: =AD15+AB15 -> 10996681 | AF15: =AE15/$AP$48 -> 847.45718 | AG15: 0 | AH15: 0 | AI15: 50 | AJ15: 12 | AK15: =+AI15+AJ15 -> 62 | AL15: 687861.48 | AM15: =AL15/$AP$48 -> 53.009919 | AN15: 109.67 | AO15: 954129 | AP15: =AO15/$AP$48 -> 73.529777
B16: 5 | C16: 3 | D16: 36 | E16: 11720 | F16: 12746309 | G16: 2280 | H16: 3719486 | I16: =F16+H16 -> 16465795 | J16: 1420 | K16: 1544348 | L16: 340 | M16: 554660.19 | N16: =+K16+M16 -> 2099008.2 | O16: =N16+I16 -> 18564803 | P16: =L16+J16+G16+E16 -> 15760 | V16: 0 | Z16: =AC16+AA16 -> 951 | AA16: 344 | AB16: 6186888.3 | AC16: 607 | AD16: 2884826.4 | AE16: =AD16+AB16 -> 9071714.7 | AF16: =AE16/$AP$48 -> 699.11003 | AG16: 0 | AH16: 0 | AI16: 50 | AJ16: 12 | AK16: =+AI16+AJ16 -> 62 | AL16: 687861.48 | AM16: =AL16/$AP$48 -> 53.009919 | AN16: 219.45 | AO16: 1909215 | AP16: =AO16/$AP$48 -> 147.1333
B17: 6 | C17: 5 | D17: 35 | E17: 10360 | F17: 11267215 | G17: 2200 | H17: 3588977.7 | I17: =F17+H17 -> 14856193 | J17: 1340 | K17: 1457342.5 | L17: 340 | M17: 554660.19 | N17: =+K17+M17 -> 2012002.7 | O17: =N17+I17 -> 16868195 | P17: =L17+J17+G17+E17 -> 14240 | V17: 0 | Z17: =AC17+AA17 -> 978 | AA17: 309 | AB17: 5557408.4 | AC17: 669 | AD17: 3179487.4 | AE17: =AD17+AB17 -> 8736895.8 | AF17: =AE17/$AP$48 -> 673.30728 | AG17: 0 | AH17: 0 | AI17: 50 | AJ17: 12 | AK17: =+AI17+AJ17 -> 62 | AL17: 687861.48 | AM17: =AL17/$AP$48 -> 53.009919 | AN17: 93.16 | AO17: 810492 | AP17: =AO17/$AP$48 -> 62.460418
B18: 7 | C18: 5 | D18: 65 | E18: 10680 | F18: 11615237 | G18: 2200 | H18: 3588977.7 | I18: =F18+H18 -> 15204215 | J18: 1380 | K18: 1500845.2 | L18: 320 | M18: 522033.12 | N18: =+K18+M18 -> 2022878.3 | O18: =N18+I18 -> 17227093 | P18: =L18+J18+G18+E18 -> 14580 | V18: 0 | Z18: =AC18+AA18 -> 998 | AA18: 320 | AB18: 5755244.9 | AC18: 678 | AD18: 3222260.8 | AE18: =AD18+AB18 -> 8977505.7 | AF18: =AE18/$AP$48 -> 691.84983 | AG18: 0 | AH18: 0 | AI18: 100 | AJ18: 12 | AK18: =+AI18+AJ18 -> 112 | AL18: 1242588.5 | AM18: =AL18/$AP$48 -> 95.759854 | AN18: 213.3 | AO18: 1855710 | AP18: =AO18/$AP$48 -> 143.00995
B19: 8 | C19: 4 | D19: 59 | E19: 10920 | F19: 11876253 | G19: 2240 | H19: 3654231.8 | I19: =F19+H19 -> 15530485 | J19: 1380 | K19: 1500845.2 | L19: 360 | M19: 587287.26 | N19: =+K19+M19 -> 2088132.5 | O19: =N19+I19 -> 17618618 | P19: =L19+J19+G19+E19 -> 14900 | V19: 0 | Z19: =AC19+AA19 -> 1006 | AA19: 483 | AB19: 8686822.8 | AC19: 523 | AD19: 2485608.3 | AE19: =AD19+AB19 -> 11172431 | AF19: =AE19/$AP$48 -> 861.00135 | AG19: 0 | AH19: 0 | AI19: 50 | AJ19: 12 | AK19: =+AI19+AJ19 -> 62 | AL19: 687861.48 | AM19: =AL19/$AP$48 -> 53.009919 | AN19: 88.06 | AO19: 766122 | AP19: =AO19/$AP$48 -> 59.041052
B20: 9 | C20: 8 | D20: 76 | E20: 10440 | F20: 11354220 | G20: 2320 | H20: 3784740.1 | I20: =F20+H20 -> 15138960 | J20: 1380 | K20: 1500845.2 | L20: 380 | M20: 619914.33 | N20: =+K20+M20 -> 2120759.5 | O20: =N20+I20 -> 17259720 | P20: =L20+J20+G20+E20 -> 14520 | V20: 0 | Z20: =AC20+AA20 -> 991 | AA20: 468 | AB20: 8417045.7 | AC20: 523 | AD20: 2485608.3 | AE20: =AD20+AB20 -> 10902654 | AF20: =AE20/$AP$48 -> 840.21103 | AG20: 0 | AH20: 0 | AI20: 50 | AJ20: 12 | AK20: =+AI20+AJ20 -> 62 | AL20: 687861.48 | AM20: =AL20/$AP$48 -> 53.009919 | AN20: 208.54 | AO20: 1814298 | AP20: =AO20/$AP$48 -> 139.81854
B21: 10 | C21: 13 | D21: 111 | E21: 11280 | F21: 12267778 | G21: 2400 | H21: 3915248.4 | I21: =F21+H21 -> 16183027 | J21: 1680 | K21: 1827115.9 | L21: 500 | M21: 815676.75 | N21: =+K21+M21 -> 2642792.7 | O21: =N21+I21 -> 18825819 | P21: =L21+J21+G21+E21 -> 15860 | V21: 0 | Z21: =AC21+AA21 -> 977 | AA21: 474 | AB21: 8524956.5 | AC21: 503 | AD21: 2390556.3 | AE21: =AD21+AB21 -> 10915513 | AF21: =AE21/$AP$48 -> 841.202 | AG21: 0 | AH21: 0 | AI21: 100 | AJ21: 12 | AK21: =+AI21+AJ21 -> 112 | AL21: 1242588.5 | AM21: =AL21/$AP$48 -> 95.759854 | AN21: 210 | AO21: 1827000 | AP21: =AO21/$AP$48 -> 140.79742
B22: 11 | C22: 7 | D22: 144 | E22: 11480 | F22: 12485292 | G22: 2280 | H22: 3719486 | I22: =F22+H22 -> 16204778 | J22: 1600 | K22: 1740110.4 | L22: 360 | M22: 587287.26 | N22: =+K22+M22 -> 2327397.7 | O22: =N22+I22 -> 18532176 | P22: =L22+J22+G22+E22 -> 15720 | V22: 0 | Z22: =AC22+AA22 -> 967 | AA22: 360 | AB22: 6474650.5 | AC22: 607 | AD22: 2884826.4 | AE22: =AD22+AB22 -> 9359476.9 | AF22: =AE22/$AP$48 -> 721.28638 | AG22: 0 | AH22: 0 | AI22: 100 | AJ22: 12 | AK22: =+AI22+AJ22 -> 112 | AL22: 1242588.5 | AM22: =AL22/$AP$48 -> 95.759854 | AN22: 75.04 | AO22: 652848 | AP22: =AO22/$AP$48 -> 50.311612
B23: 12 | C23: 5 | D23: 46 | E23: 10720 | F23: 11658740 | G23: 2240 | H23: 3654231.8 | I23: =F23+H23 -> 15312972 | J23: 1440 | K23: 1566099.4 | L23: 400 | M23: 652541.4 | N23: =+K23+M23 -> 2218640.8 | O23: =N23+I23 -> 17531612 | P23: =L23+J23+G23+E23 -> 14800 | V23: 0 | Z23: =AC23+AA23 -> 1022 | AA23: 394 | AB23: 7086145.3 | AC23: 628 | AD23: 2984631 | AE23: =AD23+AB23 -> 10070776 | AF23: =AE23/$AP$48 -> 776.10253 | AG23: 0 | AH23: 0 | AI23: 50 | AJ23: 12 | AK23: =+AI23+AJ23 -> 62 | AL23: 687861.48 | AM23: =AL23/$AP$48 -> 53.009919 | AN23: 186.3 | AO23: 1620810 | AP23: =AO23/$AP$48 -> 124.90743
... B27: 16 | C27: 4 | D27: 39 | E27: 10680 | F27: 11615237 | G27: 2160 | H27: 3523723.6 | I27: =F27+H27 -> 15138960 | J27: 1360 | K27: 1479093.8 | L27: 320 | M27: 522033.12 | N27: =+K27+M27 -> 2001127 | O27: =N27+I27 -> 17140087 | P27: =L27+J27+G27+E27 -> 14520 | V27: 0 | Z27: =AC27+AA27 -> 999 | AA27: 526 | AB27: 9460183.8 | AC27: 473 | AD27: 2247978.4 | AE27: =AD27+AB27 -> 11708162 | AF27: =AE27/$AP$48 -> 902.28738 | AG27: 0 | AH27: 0 | AI27: 50 | AJ27: 12 | AK27: =+AI27+AJ27 -> 62 | AL27: 687861.48 | AM27: =AL27/$AP$48 -> 53.009919 | AN27: 247.16 | AO27: 2150292 | AP27: =AO27/$AP$48 -> 165.71186
B28: 17 | C28: 4 | D28: 62 | E28: 10760 | F28: 11702242 | G28: 2280 | H28: 3719486 | I28: =F28+H28 -> 15421728 | J28: 1300 | K28: 1413839.7 | L28: 360 | M28: 587287.26 | N28: =+K28+M28 -> 2001127 | O28: =N28+I28 -> 17422855 | P28: =L28+J28+G28+E28 -> 14700 | Q28: Refer to | R28: Refer to | V28: 0 | Z28: =AC28+AA28 -> 964 | AA28: 427 | AB28: 7679654.9 | AC28: 537 | AD28: 2552144.6 | AE28: =AD28+AB28 -> 10231800 | AF28: =AE28/$AP$48 -> 788.51176 | AG28: 0 | AH28: 0 | AI28: 50 | AJ28: 12 | AK28: =+AI28+AJ28 -> 62 | AL28: 687861.48 | AM28: =AL28/$AP$48 -> 53.009919 | AN28: 215.12 | AO28: 1871544 | AP28: =AO28/$AP$48 -> 144.2302
B29: 18 | C29: 6 | D29: 61 | E29: 10600 | F29: 11528231 | G29: 2160 | H29: 3523723.6 | I29: =F29+H29 -> 15051955 | J29: 1360 | K29: 1479093.8 | L29: 400 | M29: 652541.4 | N29: =+K29+M29 -> 2131635.2 | O29: =N29+I29 -> 17183590 | P29: =L29+J29+G29+E29 -> 14520 | Q29: Residence Electricity April 21'!A1 | R29: Residence Electricity April 21'!A1 | V29: 0 | Z29: =AC29+AA29 -> 970 | AA29: 430 | AB29: 7733610.3 | AC29: 540 | AD29: 2566402.4 | AE29: =AD29+AB29 -> 10300013 | AF29: =AE29/$AP$48 -> 793.7686 | AG29: 0 | AH29: 0 | AI29: 50 | AJ29: 12 | AK29: =+AI29+AJ29 -> 62 | AL29: 687861.48 | AM29: =AL29/$AP$48 -> 53.009919 | AN29: 91.22 | AO29: 793614 | AP29: =AO29/$AP$48 -> 61.159718
B30: 19 | C30: 4 | D30: 40 | E30: 10800 | F30: 11745745 | G30: 1840 | H30: 3001690.4 | I30: =F30+H30 -> 14747436 | J30: 1500 | K30: 1631353.5 | L30: 360 | M30: 587287.26 | N30: =+K30+M30 -> 2218640.8 | O30: =N30+I30 -> 16966076 | P30: =L30+J30+G30+E30 -> 14500 | V30: 0 | Z30: =AC30+AA30 -> 935 | AA30: 493 | AB30: 8866674.2 | AC30: 442 | AD30: 2100647.9 | AE30: =AD30+AB30 -> 10967322 | AF30: =AE30/$AP$48 -> 845.19467 | AG30: 0 | AH30: 0 | AI30: 50 | AJ30: 12 | AK30: =+AI30+AJ30 -> 62 | AL30: 687861.48 | AM30: =AL30/$AP$48 -> 53.009919 | AN30: 135.39 | AO30: 1177893 | AP30: =AO30/$AP$48 -> 90.774108
B31: 20 | C31: 3 | D31: 42 | E31: 10600 | F31: 11528231 | G31: 2440 | H31: 3980502.5 | I31: =F31+H31 -> 15508734 | J31: 1360 | K31: 1479093.8 | L31: 320 | M31: 522033.12 | N31: =+K31+M31 -> 2001127 | O31: =N31+I31 -> 17509861 | P31: =L31+J31+G31+E31 -> 14720 | V31: 0 | Z31: =AC31+AA31 -> 921 | AA31: 465 | AB31: 8363090.2 | AC31: 456 | AD31: 2167184.3 | AE31: =AD31+AB31 -> 10530275 | AF31: =AE31/$AP$48 -> 811.51368 | AG31: 0 | AH31: 0 | AI31: 50 | AJ31: 12 | AK31: =+AI31+AJ31 -> 62 | AL31: 687861.48 | AM31: =AL31/$AP$48 -> 53.009919 | AN31: 153 | AO31: 1331100 | AP31: =AO31/$AP$48 -> 102.58098
B32: 21 | C32: 3 | D32: 38 | E32: 10400 | F32: 11310718 | G32: 2160 | H32: 3523723.6 | I32: =F32+H32 -> 14834441 | J32: 1240 | K32: 1348585.6 | L32: 320 | M32: 522033.12 | N32: =+K32+M32 -> 1870618.7 | O32: =N32+I32 -> 16705060 | P32: =L32+J32+G32+E32 -> 14120 | V32: 0 | Z32: =AC32+AA32 -> 990 | AA32: 457 | AB32: 8219209.1 | AC32: 533 | AD32: 2533134.2 | AE32: =AD32+AB32 -> 10752343 | AF32: =AE32/$AP$48 -> 828.62737 | AG32: 0 | AH32: 0 | AI32: 50 | AJ32: 12 | AK32: =+AI32+AJ32 -> 62 | AL32: 687861.48 | AM32: =AL32/$AP$48 -> 53.009919 | AN32: 172.76 | AO32: 1503012 | AP32: =AO32/$AP$48 -> 115.82934
B33: 22 | C33: 7 | D33: 104 | E33: 10680 | F33: 11615237 | G33: 2160 | H33: 3523723.6 | I33: =F33+H33 -> 15138960 | J33: 1220 | K33: 1326834.2 | L33: 340 | M33: 554660.19 | N33: =+K33+M33 -> 1881494.4 | O33: =N33+I33 -> 17020455 | P33: =L33+J33+G33+E33 -> 14400 | V33: 0 | Z33: =AC33+AA33 -> 961 | AA33: 459 | AB33: 8255179.4 | AC33: 502 | AD33: 2385803.7 | AE33: =AD33+AB33 -> 10640983 | AF33: =AE33/$AP$48 -> 820.04542 | AG33: 0 | AH33: 0 | AI33: 100 | AJ33: 12 | AK33: =+AI33+AJ33 -> 112 | AL33: 1242588.5 | AM33: =AL33/$AP$48 -> 95.759854 | AN33: 230.7 | AO33: 2007090 | AP33: =AO33/$AP$48 -> 154.67602
B34: 23 | C34: 12 | D34: 89 | E34: 10280 | F34: 11180209 | G34: 2240 | H34: 3654231.8 | I34: =F34+H34 -> 14834441 | J34: 1240 | K34: 1348585.6 | L34: 340 | M34: 554660.19 | N34: =+K34+M34 -> 1903245.8 | O34: =N34+I34 -> 16737687 | P34: =L34+J34+G34+E34 -> 14100 | V34: 0 | Z34: =AC34+AA34 -> 980 | AA34: 450 | AB34: 8093313.1 | AC34: 530 | AD34: 2518876.5 | AE34: =AD34+AB34 -> 10612190 | AF34: =AE34/$AP$48 -> 817.82645 | AG34: 0 | AH34: 0 | AI34: 100 | AJ34: 12 | AK34: =+AI34+AJ34 -> 112 | AL34: 1242588.5 | AM34: =AL34/$AP$48 -> 95.759854 | AN34: 229.97 | AO34: 2000739 | AP34: =AO34/$AP$48 -> 154.18658
B35: 24 | C35: 14 | D35: 139 | E35: 11000 | F35: 11963259 | G35: 2360 | H35: 3849994.3 | I35: =F35+H35 -> 15813253 | J35: 1280 | K35: 1392088.3 | L35: 340 | M35: 554660.19 | N35: =+K35+M35 -> 1946748.5 | O35: =N35+I35 -> 17760002 | P35: =L35+J35+G35+E35 -> 14980 | V35: 0 | Z35: =AC35+AA35 -> 928 | AA35: 446 | AB35: 8021372.6 | AC35: 482 | AD35: 2290751.8 | AE35: =AD35+AB35 -> 10312124 | AF35: =AE35/$AP$48 -> 794.70198 | AG35: 0 | AH35: 0 | AI35: 100 | AJ35: 12 | AK35: =+AI35+AJ35 -> 112 | AL35: 1242588.5 | AM35: =AL35/$AP$48 -> 95.759854 | AN35: 96.13 | AO35: 836331 | AP35: =AO35/$AP$48 -> 64.451695
B36: 25 | C36: 6 | D36: 144 | E36: 11000 | F36: 11963259 | G36: 2360 | H36: 3849994.3 | I36: =F36+H36 -> 15813253 | J36: 1400 | K36: 1522596.6 | L36: 380 | M36: 619914.33 | N36: =+K36+M36 -> 2142510.9 | O36: =N36+I36 -> 17955764 | P36: =L36+J36+G36+E36 -> 15140 | V36: 0 | Z36: =AC36+AA36 -> 952 | AA36: 467 | AB36: 8399060.5 | AC36: 485 | AD36: 2305009.6 | AE36: =AD36+AB36 -> 10704070 | AF36: =AE36/$AP$48 -> 824.9072 | AG36: 0 | AH36: 0 | AI36: 100 | AJ36: 12 | AK36: =+AI36+AJ36 -> 112 | AL36: 1242588.5 | AM36: =AL36/$AP$48 -> 95.759854 | AN36: 104 | AO36: 904800 | AP36: =AO36/$AP$48 -> 69.728246
B37: 26 | C37: 9 | D37: 52 | E37: 11360 | F37: 12354784 | G37: 2400 | H37: 3915248.4 | I37: =F37+H37 -> 16270032 | J37: 1380 | K37: 1500845.2 | L37: 340 | M37: 554660.19 | N37: =+K37+M37 -> 2055505.4 | O37: =N37+I37 -> 18325538 | P37: =L37+J37+G37+E37 -> 15480 | V37: 0 | Z37: =AC37+AA37 -> 1070 | AA37: 448 | AB37: 8057342.9 | AC37: 622 | AD37: 2956115.4 | AE37: =AD37+AB37 -> 11013458 | AF37: =AE37/$AP$48 -> 848.75014 | AG37: 0 | AH37: 0 | AI37: 50 | AJ37: 12 | AK37: =+AI37+AJ37 -> 62 | AL37: 687861.48 | AM37: =AL37/$AP$48 -> 53.009919 | AN37: 274 | AO37: 2383800 | AP37: =AO37/$AP$48 -> 183.70711
B38: 27 | C38: 9 | D38: 58 | E38: 11040 | F38: 12006762 | G38: 2240 | H38: 3654231.8 | I38: =F38+H38 -> 15660994 | J38: 1340 | K38: 1457342.5 | L38: 320 | M38: 522033.12 | N38: =+K38+M38 -> 1979375.6 | O38: =N38+I38 -> 17640369 | P38: =L38+J38+G38+E38 -> 14940 | V38: 0 | Z38: =AC38+AA38 -> 949 | AA38: 497 | AB38: 8938614.7 | AC38: 452 | AD38: 2148173.9 | AE38: =AD38+AB38 -> 11086789 | AF38: =AE38/$AP$48 -> 854.40134 | AG38: 0 | AH38: 0 | AI38: 50 | AJ38: 12 | AK38: =+AI38+AJ38 -> 62 | AL38: 687861.48 | AM38: =AL38/$AP$48 -> 53.009919 | AN38: 167.55 | AO38: 1457685 | AP38: =AO38/$AP$48 -> 112.33623
B39: 28 | C39: 3 | D39: 47 | E39: 10800 | F39: 11745745 | G39: 2120 | H39: 3458469.4 | I39: =F39+H39 -> 15204215 | J39: 1200 | K39: 1305082.8 | L39: 320 | M39: 522033.12 | N39: =+K39+M39 -> 1827115.9 | O39: =N39+I39 -> 17031331 | P39: =L39+J39+G39+E39 -> 14440 | V39: 0 | Z39: =AC39+AA39 -> 994 | AA39: 436 | AB39: 7841521.2 | AC39: 558 | AD39: 2651949.2 | AE39: =AD39+AB39 -> 10493470 | AF39: =AE39/$AP$48 -> 808.67737 | AG39: 0 | AH39: 0 | AI39: 50 | AJ39: 12 | AK39: =+AI39+AJ39 -> 62 | AL39: 687861.48 | AM39: =AL39/$AP$48 -> 53.009919 | AN39: 275.67 | AO39: 2398329 | AP39: =AO39/$AP$48 -> 184.82679
B40: 29 | C40: 9 | D40: 63 | E40: 11320 | F40: 12311281 | G40: 2400 | H40: 3915248.4 | I40: =F40+H40 -> 16226529 | J40: 1340 | K40: 1457342.5 | L40: 340 | M40: 554660.19 | N40: =+K40+M40 -> 2012002.6 | O40: =N40+I40 -> 18238532 | P40: =L40+J40+G40+E40 -> 15400 | V40: 0 | Z40: =AC40+AA40 -> 1011 | AA40: 402 | AB40: 7230026.4 | AC40: 609 | AD40: 2894331.6 | AE40: =AD40+AB40 -> 10124358 | AF40: =AE40/$AP$48 -> 780.2318 | AG40: 0 | AH40: 0 | AI40: 50 | AJ40: 12 | AK40: =+AI40+AJ40 -> 62 | AL40: 687861.48 | AM40: =AL40/$AP$48 -> 53.009919 | AN40: 118.82 | AO40: 1033734 | AP40: =AO40/$AP$48 -> 79.664521
B41: 30 | C41: 7 | D41: 84 | E41: 11000 | F41: 11963259 | G41: 2280 | H41: 3719486 | I41: =F41+H41 -> 15682745 | J41: 1280 | K41: 1392088.3 | L41: 340 | M41: 554660.19 | N41: =+K41+M41 -> 1946748.5 | O41: =N41+I41 -> 17629493 | P41: =L41+J41+G41+E41 -> 14900 | V41: 0 | Z41: =AC41+AA41 -> 1053 | AA41: 468 | AB41: 8417045.7 | AC41: 585 | AD41: 2780269.3 | AE41: =AD41+AB41 -> 11197315 | AF41: =AE41/$AP$48 -> 862.91903 | AG41: 0 | AH41: 0 | AI41: 100 | AJ41: 12 | AK41: =+AI41+AJ41 -> 112 | AL41: 1242588.5 | AM41: =AL41/$AP$48 -> 95.759854 | AN41: 159.06 | AO41: 1383822 | AP41: =AO41/$AP$48 -> 106.64399
C47: =SUM(C12:C43) -> 201 | D47: =SUM(D12:D43) -> 2243 | E47: =SUM(E12:E43) -> 326040 | F47: =SUM(F12:F43) -> 3.54591e+08 | G47: =SUM(G12:G43) -> 67800 | H47: =SUM(H12:H43) -> 1.1060577e+08 | I47: =SUM(I12:I43) -> 4.6519676e+08 | J47: =SUM(J12:J43) -> 41820 | ... P47: =SUM(P12:P43) -> 446460 | Q47: ='Residence Electricity April 21'!D28 -> 45671 | R47: ='Residence Electricity April 21'!D29 -> 77236734 | T47: =Q47+P47 -> 492131 | U47: =R47+O47 -> 6.0553425e+08 | V47: =U47/AP48 -> 46665.386 | Z47: =SUM(Z12:Z42) -> 29357 | AA47: =SUM(AA12:AA42) -> 13108 | AB47: =SUM(AB12:AB42) -> 2.3574922e+08 | AC47: =SUM(AC12:AC42) -> 16249 | AD47: =SUM(AD12:AD42) -> 77224950 | AE47: =SUM(AE12:AE42) -> 3.1297417e+08 | AF47: =AE47/$AP$48 -> 24119.297 | AG47: =SUM(AG12:AG41) -> 0 | AH47: =SUM(AH12:AH41) -> 0 | AI47: =SUM(AI12:AI42) -> 2100 | AJ47: =SUM(AJ12:AJ42) -> 360 | AK47: =SUM(AK12:AK42) -> 2460 | AL47: =SUM(AL12:AL43) -> 27292568 | AM47: =AL47/$AP$48 -> 2103.2968 | AN47: =SUM(AN12:AN43) -> 5272.1 | AO47: =SUM(AO12:AO43) -> 45867270 | AP47: =AO47/AP48 -> 3534.7528
U48: kWh rate | V48: =V47/T47 -> 0.094823098 | Z48: m3/RNs | AP48: 12976.09
AA51: =AA47/Z47 -> 0.44650339

Sheet RNs & Covers April 2021
A1: Four Seasons Resort Bali at Jimbaran Bay
A2: 44287
A3: Date | B3: Room Nights | C3: Food Covers
A6: 1 | B6: 9 | C6: 70
A7: 2 | B7: 9 | C7: 108
A8: =A7+1 -> 3 | B8: 7 | C8: 91
A9: =A8+1 -> 4 | B9: 4 | C9: 89
A10: =A9+1 -> 5 | B10: 3 | C10: 36
A11: =A10+1 -> 6 | B11: 5 | C11: 35
A12: =A11+1 -> 7 | B12: 5 | C12: 65
A13: =A12+1 -> 8 | B13: 4 | C13: 59
A14: =A13+1 -> 9 | B14: 8 | C14: 76
A15: =A14+1 -> 10 | B15: 13 | C15: 111
A16: =A15+1 -> 11 | B16: 7 | C16: 144
A17: =A16+1 -> 12 | B17: 5 | C17: 46
A18: =A17+1 -> 13 | B18: 7 | C18: 90
A19: =A18+1 -> 14 | B19: 10 | C19: 66
... A35: =A34+1 -> 30 | B35: 7 | C35: 84
B38: =SUM(B6:B36) -> 201 | C38: =SUM(C6:C36) -> 2243

Sheet Residence Electricity April 21
B5: Month | C5: April 2021
B7: Office & Pantry | C7: Unit (KWh) - bill Estate Common | D7: 1553
C8: Charge | D8: 2785852
B9: Residence 001 | C9: Unit (KWh) - bill Estate 1 | D9: 4941
C10: Charge | D10: 8209002
B11: Residence 002 | C11: Unit (KWh) - bill Estate 2 | D11: 1426
C12: Charge | D12: 3522178
B13: Residence 003 | C13: Unit (KWh) - bill Estate 3 | D13: 6015
C14: Charge | D14: 9993352
B15: Residence 005 | C15: Unit (KWh) - bill Estate 4 | D15: 11113
C16: Charge | D16: 18463194
B17: Residence 006 | C17: Unit (KWh)-bill Estate 5 | D17: 5265
C18: Charge | D18: 8747298
B19: Residence 007 | C19: Unit (KWh)-bill Estate 6 | D19: 4430
C20: Charge | D20: 7360024
B21: Residence 008 | C21: Unit (KWh)-bill Estate 7 | D21: 2343
C22: Charge | D22: 3892672
B23: Residence 009 | C23: Unit (KWh)-bill Estate 8 | D23: 6457
C24: Charge | D24: 10727692
B25: Residence 010 | C25: Unit (KWh)-billa Estate 9 | D25: 2128
C26: Charge | D26: 3535470
C28: Total KWh | D28: =D7+D9+D11+D13+D15+D17+D19+D21+D23+D25 -> 45671
C29: Total Charge | D29: =D8+D10+D12+D14+D16+D18+D20+D22+D24+D26 -> 77236734
