Workbook

Sheet TOTAL
A1: Site Name | B1: Day | C1: Month | D1: Year | E1: Total Electricity Kwh | F1: Electricity Tariff ($/Kwh) | G1: LPG (Kg) | H1: LPG $/Kg | I1: Total Fuel Oil (Liter) | J1: Fuel Oil $/Liter | K1: Water Utility Supply (m3) m3 | L1: Water Utility Supply (m3) $/m3 | M1: Room Nights | N1: Food Covers
A2: Bali Jimbaran | B2: 1 | C2: 1 | D2: 2020 | E2: ='FS Jimbaran January 2020'!P12 -> 13060 | F2: ='FS Jimbaran January 2020'!O12/'FS Jimbaran January 2020'!P12 -> 1131.7443 | G2: ='FS Jimbaran January 2020'!AG12 -> 126.35836 | H2: ='FS Jimbaran January 2020'!AH12/'FS Jimbaran January 2020'!AG12 -> 9196 | I2: ='FS Jimbaran January 2020'!AJ12 -> 435.6 | J2: ='FS Jimbaran January 2020'!AK12/'FS Jimbaran January 2020'!AJ12 -> 10500 | K2: ='FS Jimbaran January 2020'!V12 -> 919.37 | L2: ='FS Jimbaran January 2020'!AA12/'FS Jimbaran January 2020'!V12 -> 184.37408 | M2: 42 | N2: 423
A3: Bali Jimbaran | B3: =B2+1 -> 2 | C3: 1 | D3: 2020 | E3: ='FS Jimbaran January 2020'!P13 -> 12440 | F3: ='FS Jimbaran January 2020'!O13/'FS Jimbaran January 2020'!P13 -> 1124.8704 | G3: ='FS Jimbaran January 2020'!AG13 -> 132.68232 | H3: ='FS Jimbaran January 2020'!AH13/'FS Jimbaran January 2020'!AG13 -> 9196 | I3: ='FS Jimbaran January 2020'!AJ13 -> 510.71 | J3: ='FS Jimbaran January 2020'!AK13/'FS Jimbaran January 2020'!AJ13 -> 10500 | K3: ='FS Jimbaran January 2020'!V13 -> 967.43 | L3: ='FS Jimbaran January 2020'!AA13/'FS Jimbaran January 2020'!V13 -> 224.81045 | M3: 37 | N3: 341
A4: Bali Jimbaran | B4: =B3+1 -> 3 | C4: 1 | D4: 2020 | E4: ='FS Jimbaran January 2020'!P14 -> 13108 | F4: ='FS Jimbaran January 2020'!O14/'FS Jimbaran January 2020'!P14 -> 1128.0741 | G4: ='FS Jimbaran January 2020'!AG14 -> 351.1674 | H4: ='FS Jimbaran January 2020'!AH14/'FS Jimbaran January 2020'!AG14 -> 10015.974 | I4: ='FS Jimbaran January 2020'!AJ14 -> 491.36 | J4: ='FS Jimbaran January 2020'!AK14/'FS Jimbaran January 2020'!AJ14 -> 10500 | K4: ='FS Jimbaran January 2020'!V14 -> 935.39 | L4: ='FS Jimbaran January 2020'!AA14/'FS Jimbaran January 2020'!V14 -> 78.627345 | M4: 29 | N4: 252
A5: Bali Jimbaran | B5: =B4+1 -> 4 | C5: 1 | D5: 2020 | E5: ='FS Jimbaran January 2020'!P15 -> 13160 | F5: ='FS Jimbaran January 2020'!O15/'FS Jimbaran January 2020'!P15 -> 1129.441 | G5: ='FS Jimbaran January 2020'!AG15 -> 36 | H5: ='FS Jimbaran January 2020'!AH15/'FS Jimbaran January 2020'!AG15 -> 11625 | I5: ='FS Jimbaran January 2020'!AJ15 -> 432.86 | J5: ='FS Jimbaran January 2020'!AK15/'FS Jimbaran January 2020'!AJ15 -> 10500 | K5: ='FS Jimbaran January 2020'!V15 -> 926.49 | L5: ='FS Jimbaran January 2020'!AA15/'FS Jimbaran January 2020'!V15 -> 810.69049 | M5: 23 | N5: 199
A6: Bali Jimbaran | B6: =B5+1 -> 5 | C6: 1 | D6: 2020 | E6: ='FS Jimbaran January 2020'!P16 -> 13600 | F6: ='FS Jimbaran January 2020'!O16/'FS Jimbaran January 2020'!P16 -> 1123.3643 | G6: ='FS Jimbaran January 2020'!AG16 -> 319.73304 | H6: ='FS Jimbaran January 2020'!AH16/'FS Jimbaran January 2020'!AG16 -> 9985.3961 | I6: ='FS Jimbaran January 2020'!AJ16 -> 467.4 | J6: ='FS Jimbaran January 2020'!AK16/'FS Jimbaran January 2020'!AJ16 -> 10500 | K6: ='FS Jimbaran January 2020'!V16 -> 937.17 | L6: ='FS Jimbaran January 2020'!AA16/'FS Jimbaran January 2020'!V16 -> 334.61533 | M6: 18 | N6: 137
A7: Bali Jimbaran | B7: =B6+1 -> 6 | C7: 1 | D7: 2020 | E7: ='FS Jimbaran January 2020'!P17 -> 13520 | F7: ='FS Jimbaran January 2020'!O17/'FS Jimbaran January 2020'!P17 -> 1123.8826 | G7: ='FS Jimbaran January 2020'!AG17 -> 120.79972 | H7: ='FS Jimbaran January 2020'!AH17/'FS Jimbaran January 2020'!AG17 -> 9196 | I7: ='FS Jimbaran January 2020'!AJ17 -> 387.34 | J7: ='FS Jimbaran January 2020'!AK17/'FS Jimbaran January 2020'!AJ17 -> 10500 | K7: ='FS Jimbaran January 2020'!V17 -> 833.93 | L7: ='FS Jimbaran January 2020'!AA17/'FS Jimbaran January 2020'!V17 -> 348.85684 | M7: 14 | N7: 168
A8: Bali Jimbaran | B8: =B7+1 -> 7 | C8: 1 | D8: 2020 | E8: ='FS Jimbaran January 2020'!P18 -> 14320 | F8: ='FS Jimbaran January 2020'!O18/'FS Jimbaran January 2020'!P18 -> 1126.9171 | G8: ='FS Jimbaran January 2020'!AG18 -> 160.02556 | H8: ='FS Jimbaran January 2020'!AH18/'FS Jimbaran January 2020'!AG18 -> 9560.2918 | I8: ='FS Jimbaran January 2020'!AJ18 -> 320.78 | J8: ='FS Jimbaran January 2020'!AK18/'FS Jimbaran January 2020'!AJ18 -> 10500 | K8: ='FS Jimbaran January 2020'!V18 -> 979.89 | L8: ='FS Jimbaran January 2020'!AA18/'FS Jimbaran January 2020'!V18 -> 73.259237 | M8: 14 | N8: 131
A9: Bali Jimbaran | B9: =B8+1 -> 8 | C9: 1 | D9: 2020 | E9: ='FS Jimbaran January 2020'!P19 -> 14240 | F9: ='FS Jimbaran January 2020'!O19/'FS Jimbaran January 2020'!P19 -> 1135.4302 | G9: ='FS Jimbaran January 2020'!AG19 -> 665.78216 | H9: ='FS Jimbaran January 2020'!AH19/'FS Jimbaran January 2020'!AG19 -> 10299.13 | I9: ='FS Jimbaran January 2020'!AJ19 -> 445.09 | J9: ='FS Jimbaran January 2020'!AK19/'FS Jimbaran January 2020'!AJ19 -> 10500 | K9: ='FS Jimbaran January 2020'!V19 -> 968.32 | L9: ='FS Jimbaran January 2020'!AA19/'FS Jimbaran January 2020'!V19 -> 187.28735 | M9: 13 | N9: 125
A10: Bali Jimbaran | B10: =B9+1 -> 9 | C10: 1 | D10: 2020 | E10: ='FS Jimbaran January 2020'!P20 -> 14900 | F10: ='FS Jimbaran January 2020'!O20/'FS Jimbaran January 2020'!P20 -> 1125.4549 | G10: ='FS Jimbaran January 2020'!AG20 -> 191.86272 | H10: ='FS Jimbaran January 2020'!AH20/'FS Jimbaran January 2020'!AG20 -> 9685.1414 | I10: ='FS Jimbaran January 2020'!AJ20 -> 756.49 | J10: ='FS Jimbaran January 2020'!AK20/'FS Jimbaran January 2020'!AJ20 -> 10500 | K10: ='FS Jimbaran January 2020'!V20 -> 941.62 | L10: ='FS Jimbaran January 2020'!AA20/'FS Jimbaran January 2020'!V20 -> 589.83125 | M10: 11 | N10: 146
A11: Bali Jimbaran | B11: =B10+1 -> 10 | C11: 1 | D11: 2020 | E11: ='FS Jimbaran January 2020'!P21 -> 15280 | F11: ='FS Jimbaran January 2020'!O21/'FS Jimbaran January 2020'!P21 -> 1126.6141 | G11: ='FS Jimbaran January 2020'!AG21 -> 138.51948 | H11: ='FS Jimbaran January 2020'!AH21/'FS Jimbaran January 2020'!AG21 -> 9406.4253 | I11: ='FS Jimbaran January 2020'!AJ21 -> 461.1 | J11: ='FS Jimbaran January 2020'!AK21/'FS Jimbaran January 2020'!AJ21 -> 10500 | K11: ='FS Jimbaran January 2020'!V21 -> 891.78 | L11: ='FS Jimbaran January 2020'!AA21/'FS Jimbaran January 2020'!V21 -> 478.74784 | M11: 10 | N11: 116
A12: Bali Jimbaran | B12: =B11+1 -> 11 | C12: 1 | D12: 2020 | E12: ='FS Jimbaran January 2020'!P22 -> 15500 | F12: ='FS Jimbaran January 2020'!O22/'FS Jimbaran January 2020'!P22 -> 1117.9742 | G12: ='FS Jimbaran January 2020'!AG22 -> 128.93628 | H12: ='FS Jimbaran January 2020'!AH22/'FS Jimbaran January 2020'!AG22 -> 9196 | I12: ='FS Jimbaran January 2020'!AJ22 -> 412.7 | J12: ='FS Jimbaran January 2020'!AK22/'FS Jimbaran January 2020'!AJ22 -> 10500 | K12: ='FS Jimbaran January 2020'!V22 -> 889.11 | L12: ='FS Jimbaran January 2020'!AA22/'FS Jimbaran January 2020'!V22 -> 800.01075 | M12: 11 | N12: 79
A13: Bali Jimbaran | B13: =B12+1 -> 12 | C13: 1 | D13: 2020 | E13: ='FS Jimbaran January 2020'!P23 -> 12784 | F13: ='FS Jimbaran January 2020'!O23/'FS Jimbaran January 2020'!P23 -> 1089.4163 | G13: ='FS Jimbaran January 2020'!AG23 -> 330.0204 | H13: ='FS Jimbaran January 2020'!AH23/'FS Jimbaran January 2020'!AG23 -> 10068.516 | I13: ='FS Jimbaran January 2020'!AJ23 -> 370 | J13: ='FS Jimbaran January 2020'!AK23/'FS Jimbaran January 2020'!AJ23 -> 10500 | K13: ='FS Jimbaran January 2020'!V23 -> 889.11 | L13: ='FS Jimbaran January 2020'!AA23/'FS Jimbaran January 2020'!V23 -> 440.50252 | M13: 10 | N13: 85
A14: Bali Jimbaran | B14: =B13+1 -> 13 | C14: 1 | D14: 2020 | E14: ='FS Jimbaran January 2020'!P24 -> 15136 | F14: ='FS Jimbaran January 2020'!O24/'FS Jimbaran January 2020'!P24 -> 1158.8199 | G14: ='FS Jimbaran January 2020'!AG24 -> 124.74716 | H14: ='FS Jimbaran January 2020'!AH24/'FS Jimbaran January 2020'!AG24 -> 9196 | I14: ='FS Jimbaran January 2020'!AJ24 -> 507 | J14: ='FS Jimbaran January 2020'!AK24/'FS Jimbaran January 2020'!AJ24 -> 10500 | K14: ='FS Jimbaran January 2020'!V24 -> 833.04 | L14: ='FS Jimbaran January 2020'!AA24/'FS Jimbaran January 2020'!V24 -> 158.74071 | M14: 10 | N14: 81
... A31: Bali Jimbaran | B31: =B30+1 -> 30 | C31: 1 | D31: 2020 | E31: ='FS Jimbaran January 2020'!P41 -> 12240 | F31: ='FS Jimbaran January 2020'!O41/'FS Jimbaran January 2020'!P41 -> 1154.2516 | G31: ='FS Jimbaran January 2020'!AG41 -> 389.21824 | H31: ='FS Jimbaran January 2020'!AH41/'FS Jimbaran January 2020'!AG41 -> 10235.365 | I31: ='FS Jimbaran January 2020'!AJ41 -> 503.1 | J31: ='FS Jimbaran January 2020'!AK41/'FS Jimbaran January 2020'!AJ41 -> 10500 | K31: ='FS Jimbaran January 2020'!V41 -> 847.28 | L31: ='FS Jimbaran January 2020'!AA41/'FS Jimbaran January 2020'!V41 -> 4.4592227 | M31: 5 | N31: 56
A32: Bali Jimbaran | B32: 31 | C32: 1 | D32: 2020 | E32: ='FS Jimbaran January 2020'!P42 -> 16920 | F32: ='FS Jimbaran January 2020'!O42/'FS Jimbaran January 2020'!P42 -> 1133.1139 | G32: ='FS Jimbaran January 2020'!AG42 -> 149.75416 | H32: ='FS Jimbaran January 2020'!AH42/'FS Jimbaran January 2020'!AG42 -> 9585.278 | I32: ='FS Jimbaran January 2020'!AJ42 -> 424.7 | J32: ='FS Jimbaran January 2020'!AK42/'FS Jimbaran January 2020'!AJ42 -> 10500 | K32: ='FS Jimbaran January 2020'!V42 -> 903.35 | L32: ='FS Jimbaran January 2020'!AA42/'FS Jimbaran January 2020'!V42 -> 4.1824433 | M32: 4 | N32: 115

Sheet FS Jimbaran January 2020
B6: Four Seasons Resort Bali at Jimbaran Bay
B7: JANUARY 2020
B8: Date | C8: Room Nights | D8: Food Covers | E8: ELECTRICITY Resort, Sundara & Residences | V8: WATER | AC8: GAS
E9: Electricity Resort | J9: Electricity - Sundara | O9: Sub Total (Resort & Sundara) Cost (IDR) | P9: Sub Total (Resort & Sundara), KWh | Q9: Residences- Electricity KWh | R9: Residences- Electricity cost (IDR) | S9: TOTAL Electricity consumption (KWh) | T9: TOTAL Electricity cost | W9: Water (m3) | AA9: Total Water Cost | AC9: LPG | AJ9: Diesel
E10: BASED LOAD KWh (from 10 pm - 6 pm) | F10: Cost (IDR) | G10: PEAK LOAD KWh (from 6 pm - 10 pm) | H10: Cost (IDR) | I10: Resort Cost (IDR) | J10: BASED LOAD KWh (from 10 pm - 6 pm) | K10: Cost (IDR) | L10: PEAK LOAD KWh (from 6 pm - 10 pm) | M10: Cost (IDR) | N10: Sundara Cost (IDR) | T10: IDR | U10: USD | V10: Water consumption (m3) | W10: Municipal Water (m3) | X10: Municipal Water cost (IDR) | Y10: Deepwell Consumption (m3) | Z10: Deepwell water Cost (IDR) | AA10: IDR | AB10: USD | AC10: LPG Bulk (m3) | AD10: 50 Kg (tube) IVD & TW | AE10: Sundara 50 kg (tube) | AF10: 12 Kg (tube) | AG10: Total kg | AH10: IDR | AI10: USD | AJ10: Used (liters) | AK10: IDR | AL10: USD
B12: 1 | C12: 134 | D12: 955 | E12: 9040 | F12: 9363451.2 | G12: 1880 | H12: 2920899.6 | I12: =F12+H12 -> 12284351 | J12: 1600 | K12: 1657248 | L12: 540 | M12: 838981.8 | N12: =K12+M12 -> 2496229.8 | O12: =N12+I12 -> 14780581 | P12: =L12+J12+G12+E12 -> 13060 | V12: =Y12+W12 -> 919.37 | W12: 7.12 | X12: 127947.68 | Y12: 912.25 | Z12: 41560.312 | AA12: =Z12+X12 -> 169507.99 | AB12: =AA12/$AL$48 -> 13.063103 | AC12: 126.35836 | AD12: 0 | AE12: 0 | AF12: 0 | AG12: =SUM(AC12:AF12) -> 126.35836 | AH12: 1161991.5 | AI12: =AH12/$AL$48 -> 89.548661 | AJ12: 435.6 | AK12: 4573800 | AL12: =AK12/$AL$48 -> 352.47906
B13: 2 | C13: 120 | D13: 1043 | E13: 9160 | F13: 9487744.8 | G13: 1880 | H13: 2920899.6 | I13: =F13+H13 -> 12408644 | J13: 1140 | K13: 1180789.2 | L13: 260 | M13: 403954.2 | N13: =K13+M13 -> 1584743.4 | O13: =N13+I13 -> 13993388 | P13: =L13+J13+G13+E13 -> 12440 | V13: =Y13+W13 -> 967.43 | W13: 9.79 | X13: 175928.06 | Y13: 957.64 | Z13: 41560.312 | AA13: =Z13+X13 -> 217488.37 | AB13: =AA13/$AL$48 -> 16.760702 | AC13: 132.68232 | AD13: 0 | AE13: 0 | AF13: 0 | AG13: =SUM(AC13:AF13) -> 132.68232 | AH13: 1220146.6 | AI13: =AH13/$AL$48 -> 94.030375 | AJ13: 510.71 | AK13: 5362455 | AL13: =AK13/$AL$48 -> 413.25661
B14: 3 | C14: 118 | D14: 918 | E14: 9480 | F14: 9819194.4 | G14: 2040 | H14: 3169486.8 | I14: =F14+H14 -> 12988681 | J14: 1292 | K14: 1338227.8 | L14: 296 | M14: 459886.32 | N14: =K14+M14 -> 1798114.1 | O14: =N14+I14 -> 14786795 | P14: =L14+J14+G14+E14 -> 13108 | V14: =Y14+W14 -> 935.39 | W14: 1.78 | X14: 31986.92 | Y14: 933.61 | Z14: 41560.312 | AA14: =Z14+X14 -> 73547.233 | AB14: =AA14/$AL$48 -> 5.667904 | AC14: 139.1674 | AD14: 0 | AE14: 200 | AF14: 12 | AG14: =SUM(AC14:AF14) -> 351.1674 | AH14: 3517283.4 | AI14: =AH14/$AL$48 -> 271.0588 | AJ14: 491.36 | AK14: 5159280 | AL14: =AK14/$AL$48 -> 397.59897
B15: 4 | C15: 104 | D15: 920 | E15: 9640 | F15: 9984919.2 | G15: 2000 | H15: 3107340 | I15: =F15+H15 -> 13092259 | J15: 1140 | K15: 1180789.2 | L15: 380 | M15: 590394.6 | N15: =K15+M15 -> 1771183.8 | O15: =N15+I15 -> 14863443 | P15: =L15+J15+G15+E15 -> 13160 | V15: =Y15+W15 -> 926.49 | W15: 10.68 | X15: 191921.52 | Y15: 915.81 | Z15: 559175.11 | AA15: =Z15+X15 -> 751096.63 | AB15: =AA15/$AL$48 -> 57.883124 | AC15: 0 | AD15: 0 | AE15: 0 | AF15: 36 | AG15: =SUM(AC15:AF15) -> 36 | AH15: 418500 | AI15: =AH15/$AL$48 -> 32.251626 | AJ15: 432.86 | AK15: 4545030 | AL15: =AK15/$AL$48 -> 350.2619
B16: 5 | C16: 98 | D16: 790 | E16: 10000 | F16: 10357800 | G16: 1960 | H16: 3045193.2 | I16: =F16+H16 -> 13402993 | J16: 1300 | K16: 1346514 | L16: 340 | M16: 528247.8 | N16: =K16+M16 -> 1874761.8 | O16: =N16+I16 -> 15277755 | P16: =L16+J16+G16+E16 -> 13600 | V16: =Y16+W16 -> 937.17 | W16: 0 | X16: 0 | Y16: 937.17 | Z16: 313591.45 | AA16: =Z16+X16 -> 313591.45 | AB16: =AA16/$AL$48 -> 24.166867 | AC16: 145.73304 | AD16: 0 | AE16: 150 | AF16: 24 | AG16: =SUM(AC16:AF16) -> 319.73304 | AH16: 3192661 | AI16: =AH16/$AL$48 -> 246.04184 | AJ16: 467.4 | AK16: 4907700 | AL16: =AK16/$AL$48 -> 378.211
B17: 6 | C17: 89 | D17: 668 | E17: 9920 | F17: 10274938 | G17: 2000 | H17: 3107340 | I17: =F17+H17 -> 13382278 | J17: 1300 | K17: 1346514 | L17: 300 | M17: 466101 | N17: =K17+M17 -> 1812615 | O17: =N17+I17 -> 15194893 | P17: =L17+J17+G17+E17 -> 13520 | V17: =Y17+W17 -> 833.93 | W17: 0 | X17: 0 | Y17: 833.93 | Z17: 290922.19 | AA17: =Z17+X17 -> 290922.19 | AB17: =AA17/$AL$48 -> 22.419865 | AC17: 120.79972 | AD17: 0 | AE17: 0 | AF17: 0 | AG17: =SUM(AC17:AF17) -> 120.79972 | AH17: 1110874.2 | AI17: =AH17/$AL$48 -> 85.609319 | AJ17: 387.34 | AK17: 4067070 | AL17: =AK17/$AL$48 -> 313.428
B18: 7 | C18: 87 | D18: 648 | E18: 10520 | F18: 10896406 | G18: 2200 | H18: 3418074 | I18: =F18+H18 -> 14314480 | J18: 1280 | K18: 1325798.4 | L18: 320 | M18: 497174.4 | N18: =K18+M18 -> 1822972.8 | O18: =N18+I18 -> 16137452 | P18: =L18+J18+G18+E18 -> 14320 | V18: =Y18+W18 -> 979.89 | W18: 0 | X18: 0 | Y18: 979.89 | Z18: 71785.994 | AA18: =Z18+X18 -> 71785.994 | AB18: =AA18/$AL$48 -> 5.5321745 | AC18: 136.02556 | AD18: 0 | AE18: 0 | AF18: 24 | AG18: =SUM(AC18:AF18) -> 160.02556 | AH18: 1529891 | AI18: =AH18/$AL$48 -> 117.90077 | AJ18: 320.78 | AK18: 3368190 | AL18: =AK18/$AL$48 -> 259.56895
B19: 8 | C19: 71 | D19: 581 | E19: 10200 | F19: 10564956 | G19: 2360 | H19: 3666661.2 | I19: =F19+H19 -> 14231617 | J19: 1300 | K19: 1346514 | L19: 380 | M19: 590394.6 | N19: =K19+M19 -> 1936908.6 | O19: =N19+I19 -> 16168526 | P19: =L19+J19+G19+E19 -> 14240 | V19: =Y19+W19 -> 968.32 | W19: 0 | X19: 0 | Y19: 968.32 | Z19: 181354.09 | AA19: =Z19+X19 -> 181354.09 | AB19: =AA19/$AL$48 -> 13.97602 | AC19: 129.78216 | AD19: 0 | AE19: 500 | AF19: 36 | AG19: =SUM(AC19:AF19) -> 665.78216 | AH19: 6856976.7 | AI19: =AH19/$AL$48 -> 528.43166 | AJ19: 445.09 | AK19: 4673445 | AL19: =AK19/$AL$48 -> 360.15818
B20: 9 | C20: 72 | D20: 540 | E20: 10960 | F20: 11352149 | G20: 2240 | H20: 3480220.8 | I20: =F20+H20 -> 14832370 | J20: 1360 | K20: 1408660.8 | L20: 340 | M20: 528247.8 | N20: =K20+M20 -> 1936908.6 | O20: =N20+I20 -> 16769278 | P20: =L20+J20+G20+E20 -> 14900 | V20: =Y20+W20 -> 941.62 | W20: 0 | X20: 0 | Y20: 941.62 | Z20: 555396.9 | AA20: =Z20+X20 -> 555396.9 | AB20: =AA20/$AL$48 -> 42.80156 | AC20: 129.86272 | AD20: 0 | AE20: 50 | AF20: 12 | AG20: =SUM(AC20:AF20) -> 191.86272 | AH20: 1858217.6 | AI20: =AH20/$AL$48 -> 143.2032 | AJ20: 756.49 | AK20: 7943145 | AL20: =AK20/$AL$48 -> 612.13702
B21: 10 | C21: 71 | D21: 540 | E21: 11240 | F21: 11642167 | G21: 2360 | H21: 3666661.2 | I21: =F21+H21 -> 15308828 | J21: 1360 | K21: 1408660.8 | L21: 320 | M21: 497174.4 | N21: =K21+M21 -> 1905835.2 | O21: =N21+I21 -> 17214664 | P21: =L21+J21+G21+E21 -> 15280 | V21: =Y21+W21 -> 891.78 | W21: 0 | X21: 0 | Y21: 891.78 | Z21: 426937.75 | AA21: =Z21+X21 -> 426937.75 | AB21: =AA21/$AL$48 -> 32.90188 | AC21: 126.51948 | AD21: 0 | AE21: 0 | AF21: 12 | AG21: =SUM(AC21:AF21) -> 138.51948 | AH21: 1302973.1 | AI21: =AH21/$AL$48 -> 100.41339 | AJ21: 461.1 | AK21: 4841550 | AL21: =AK21/$AL$48 -> 373.11316
B22: 11 | C22: 64 | D22: 583 | E22: 11720 | F22: 12139342 | G22: 2160 | H22: 3355927.2 | I22: =F22+H22 -> 15495269 | J22: 1320 | K22: 1367229.6 | L22: 300 | M22: 466101 | N22: =K22+M22 -> 1833330.6 | O22: =N22+I22 -> 17328599 | P22: =L22+J22+G22+E22 -> 15500 | V22: =Y22+W22 -> 889.11 | W22: 12.46 | X22: 223908.44 | Y22: 876.65 | Z22: 487389.12 | AA22: =Z22+X22 -> 711297.56 | AB22: =AA22/$AL$48 -> 54.816016 | AC22: 128.93628 | AD22: 0 | AE22: 0 | AF22: 0 | AG22: =SUM(AC22:AF22) -> 128.93628 | AH22: 1185698 | AI22: =AH22/$AL$48 -> 91.375602 | AJ22: 412.7 | AK22: 4333350 | AL22: =AK22/$AL$48 -> 333.94882
B23: 12 | C23: 66 | D23: 593 | E23: 10120 | F23: 10482094 | G23: 984 | H23: 1528811.3 | I23: =F23+H23 -> 12010905 | J23: 1340 | K23: 1387945.2 | L23: 340 | M23: 528247.8 | N23: =K23+M23 -> 1916193 | O23: =N23+I23 -> 13927098 | P23: =L23+J23+G23+E23 -> 12784 | V23: =Y23+W23 -> 889.11 | W23: 17.8 | X23: 319869.2 | Y23: 871.31 | Z23: 71785.994 | AA23: =Z23+X23 -> 391655.2 | AB23: =AA23/$AL$48 -> 30.182836 | AC23: 118.0204 | AD23: 0 | AE23: 200 | AF23: 12 | AG23: =SUM(AC23:AF23) -> 330.0204 | AH23: 3322815.6 | AI23: =AH23/$AL$48 -> 256.07218 | AJ23: 370 | AK23: 3885000 | AL23: =AK23/$AL$48 -> 299.39681
... B42: 31 | C42: 84 | D42: 553 | E42: 12120 | F42: 12553654 | G42: 2680 | H42: 4163835.6 | I42: =F42+H42 -> 16717489 | J42: 1620 | K42: 1677963.6 | L42: 500 | M42: 776835 | N42: =K42+M42 -> 2454798.6 | O42: =N42+I42 -> 19172288 | P42: =L42+J42+G42+E42 -> 16920 | V42: =Y42+W42 -> 903.35 | W42: 0 | X42: 0 | Y42: 903.35 | Z42: 3778.2102 | AA42: =Z42+X42 -> 3778.2102 | AB42: =AA42/$AL$48 -> 0.29116708 | AC42: 125.75416 | AD42: 0 | AE42: 0 | AF42: 24 | AG42: =SUM(AC42:AF42) -> 149.75416 | AH42: 1435435.3 | AI42: =AH42/$AL$48 -> 110.62156 | AJ42: 424.7 | AK42: 4459350 | AL42: =AK42/$AL$48 -> 343.65899
C47: =SUM(C12:C43) -> 2817 | D47: =SUM(D12:D43) -> 20063 | E47: =SUM(E12:E43) -> 336680 | F47: =SUM(F12:F43) -> 3.4872641e+08 | G47: =SUM(G12:G43) -> 70560 | H47: =SUM(H12:H43) -> 1.0962696e+08 | I47: =SUM(I12:I43) -> 4.5835337e+08 | J47: =SUM(J12:J43) -> 43192 | ... P47: =SUM(P12:P43) -> 461988 | V47: =SUM(V12:V42) -> 28387.44 | W47: =SUM(W12:W42) -> 337.31 | X47: =SUM(X12:X42) -> 6061521.4 | Y47: =SUM(Y12:Y42) -> 28050.13 | Z47: =SUM(Z12:Z42) -> 6434292 | AA47: =SUM(AA12:AA42) -> 12495813 | AB47: =AA47/$AL$48 -> 962.98757 | AC47: =SUM(AC12:AC41) -> 3833.1254 | AD47: =SUM(AD12:AD41) -> 0 | AE47: =SUM(AE12:AE42) -> 1800 | AF47: =SUM(AF12:AF42) -> 456 | AG47: =SUM(AG12:AG42) -> 6214.8795 | AH47: =SUM(AH12:AH43) -> 60588856 | AI47: =AH47/$AL$48 -> 4669.2691 | AJ47: =SUM(AJ12:AJ43) -> 14005.54 | AK47: =SUM(AK12:AK43) -> 1.4705817e+08 | AL47: =AK47/AL48 -> 11333.011
T48: kWh rate | U48: =U47/S47 -> #DIV/0! | AL48: 12976.09
G49: =G47+E47 -> 407240 | L49: =L47+J47 -> 54748 | AA49: =AA47/V47 -> 440.1881

Sheet RNs & Covers January 2020
A1: Four Seasons Resort Bali at Jimbaran Bay
A2: 43831
A3: Date | B3: Room Nights | C3: Food Covers
A6: 1 | B6: 134 | C6: 955
A7: 2 | B7: 120 | C7: 1043
A8: =A7+1 -> 3 | B8: 118 | C8: 918
A9: =A8+1 -> 4 | B9: 104 | C9: 920
A10: =A9+1 -> 5 | B10: 98 | C10: 790
A11: =A10+1 -> 6 | B11: 89 | C11: 668
A12: =A11+1 -> 7 | B12: 87 | C12: 648
A13: =A12+1 -> 8 | B13: 71 | C13: 581
A14: =A13+1 -> 9 | B14: 72 | C14: 540
A15: =A14+1 -> 10 | B15: 71 | C15: 540
A16: =A15+1 -> 11 | B16: 64 | C16: 583
A17: =A16+1 -> 12 | B17: 66 | C17: 593
A18: =A17+1 -> 13 | B18: 62 | C18: 466
A19: =A18+1 -> 14 | B19: 61 | C19: 486
... A36: =A35+1 -> 31 | B36: 84 | C36: 553
B38: =SUM(B6:B36) -> 2817 | C38: =SUM(C6:C36) -> 20063
