Workbook

Sheet TOTAL
A1: Site Name | B1: Day | C1: Month | D1: Year | E1: Total Electricity Kwh | F1: Electricity Tariff ($/Kwh) | G1: LPG (Kg) | H1: LPG $/Kg | I1: Total Fuel Oil (Liter) | J1: Fuel Oil $/Liter | K1: Water Utility Supply (m3) m3 | L1: Water Utility Supply (m3) $/m3 | M1: Room Nights | N1: Food Covers
A2: Bali Jimbaran | B2: 1 | C2: 7 | D2: 2019 | E2: ='FS Jimbaran July 2019'!P12 -> 21380 | F2: ='FS Jimbaran July 2019'!O12/'FS Jimbaran July 2019'!P12 -> 1132.6724 | G2: ='FS Jimbaran July 2019'!AG12 -> 143.31624 | H2: ='FS Jimbaran July 2019'!AH12/'FS Jimbaran July 2019'!AG12 -> 10032 | I2: ='FS Jimbaran July 2019'!AJ12 -> 168.02 | J2: ='FS Jimbaran July 2019'!AK12/'FS Jimbaran July 2019'!AJ12 -> 10300 | K2: ='FS Jimbaran July 2019'!V12 -> 817.02 | L2: ='FS Jimbaran July 2019'!AA12/'FS Jimbaran July 2019'!V12 -> 3734.2672 | M2: =+'RNs & Covers July 2019'!B6 -> 77 | N2: =+'RNs & Covers July 2019'!C6 -> 693
A3: Bali Jimbaran | B3: =B2+1 -> 2 | C3: 7 | D3: 2019 | E3: ='FS Jimbaran July 2019'!P13 -> 22440 | F3: ='FS Jimbaran July 2019'!O13/'FS Jimbaran July 2019'!P13 -> 1130.4034 | G3: ='FS Jimbaran July 2019'!AG13 -> 135.66304 | H3: ='FS Jimbaran July 2019'!AH13/'FS Jimbaran July 2019'!AG13 -> 10032 | I3: ='FS Jimbaran July 2019'!AJ13 -> 588.88 | J3: ='FS Jimbaran July 2019'!AK13/'FS Jimbaran July 2019'!AJ13 -> 10300 | K3: ='FS Jimbaran July 2019'!V13 -> 787.65 | L3: ='FS Jimbaran July 2019'!AA13/'FS Jimbaran July 2019'!V13 -> 3532.7886 | M3: =+'RNs & Covers July 2019'!B7 -> 86 | N3: =+'RNs & Covers July 2019'!C7 -> 636
A4: Bali Jimbaran | B4: =B3+1 -> 3 | C4: 7 | D4: 2019 | E4: ='FS Jimbaran July 2019'!P14 -> 23460 | F4: ='FS Jimbaran July 2019'!O14/'FS Jimbaran July 2019'!P14 -> 1128.4969 | G4: ='FS Jimbaran July 2019'!AG14 -> 238.07984 | H4: ='FS Jimbaran July 2019'!AH14/'FS Jimbaran July 2019'!AG14 -> 10556.194 | I4: ='FS Jimbaran July 2019'!AJ14 -> 631.9 | J4: ='FS Jimbaran July 2019'!AK14/'FS Jimbaran July 2019'!AJ14 -> 10300 | K4: ='FS Jimbaran July 2019'!V14 -> 782.31 | L4: ='FS Jimbaran July 2019'!AA14/'FS Jimbaran July 2019'!V14 -> 4065.7575 | M4: =+'RNs & Covers July 2019'!B8 -> 90 | N4: =+'RNs & Covers July 2019'!C8 -> 708
A5: Bali Jimbaran | B5: =B4+1 -> 4 | C5: 7 | D5: 2019 | E5: ='FS Jimbaran July 2019'!P15 -> 24040 | F5: ='FS Jimbaran July 2019'!O15/'FS Jimbaran July 2019'!P15 -> 1124.9674 | G5: ='FS Jimbaran July 2019'!AG15 -> 0 | H5: ='FS Jimbaran July 2019'!AH15/'FS Jimbaran July 2019'!AG15 -> #DIV/0! | I5: ='FS Jimbaran July 2019'!AJ15 -> 711.13 | J5: ='FS Jimbaran July 2019'!AK15/'FS Jimbaran July 2019'!AJ15 -> 10300 | K5: ='FS Jimbaran July 2019'!V15 -> 781.42 | L5: ='FS Jimbaran July 2019'!AA15/'FS Jimbaran July 2019'!V15 -> 4097.7695 | M5: =+'RNs & Covers July 2019'!B9 -> 102 | N5: =+'RNs & Covers July 2019'!C9 -> 714
A6: Bali Jimbaran | B6: =B5+1 -> 5 | C6: 7 | D6: 2019 | E6: ='FS Jimbaran July 2019'!P16 -> 22380 | F6: ='FS Jimbaran July 2019'!O16/'FS Jimbaran July 2019'!P16 -> 1127.4174 | G6: ='FS Jimbaran July 2019'!AG16 -> 148.10956 | H6: ='FS Jimbaran July 2019'!AH16/'FS Jimbaran July 2019'!AG16 -> 10032 | I6: ='FS Jimbaran July 2019'!AJ16 -> 575.32 | J6: ='FS Jimbaran July 2019'!AK16/'FS Jimbaran July 2019'!AJ16 -> 10300 | K6: ='FS Jimbaran July 2019'!V16 -> 790.32 | L6: ='FS Jimbaran July 2019'!AA16/'FS Jimbaran July 2019'!V16 -> 3806.846 | M6: =+'RNs & Covers July 2019'!B10 -> 104 | N6: =+'RNs & Covers July 2019'!C10 -> 750
A7: Bali Jimbaran | B7: =B6+1 -> 6 | C7: 7 | D7: 2019 | E7: ='FS Jimbaran July 2019'!P17 -> 22520 | F7: ='FS Jimbaran July 2019'!O17/'FS Jimbaran July 2019'!P17 -> 1125.4679 | G7: ='FS Jimbaran July 2019'!AG17 -> 138.07984 | H7: ='FS Jimbaran July 2019'!AH17/'FS Jimbaran July 2019'!AG17 -> 10032 | I7: ='FS Jimbaran July 2019'!AJ17 -> 531.23 | J7: ='FS Jimbaran July 2019'!AK17/'FS Jimbaran July 2019'!AJ17 -> 10300 | K7: ='FS Jimbaran July 2019'!V17 -> 794.77 | L7: ='FS Jimbaran July 2019'!AA17/'FS Jimbaran July 2019'!V17 -> 4154.4343 | M7: =+'RNs & Covers July 2019'!B11 -> 98 | N7: =+'RNs & Covers July 2019'!C11 -> 837
A8: Bali Jimbaran | B8: =B7+1 -> 7 | C8: 7 | D8: 2019 | E8: ='FS Jimbaran July 2019'!P18 -> 22300 | F8: ='FS Jimbaran July 2019'!O18/'FS Jimbaran July 2019'!P18 -> 1124.0303 | G8: ='FS Jimbaran July 2019'!AG18 -> 293.7996 | H8: ='FS Jimbaran July 2019'!AH18/'FS Jimbaran July 2019'!AG18 -> 10669.169 | I8: ='FS Jimbaran July 2019'!AJ18 -> 486.75 | J8: ='FS Jimbaran July 2019'!AK18/'FS Jimbaran July 2019'!AJ18 -> 10300 | K8: ='FS Jimbaran July 2019'!V18 -> 764.51 | L8: ='FS Jimbaran July 2019'!AA18/'FS Jimbaran July 2019'!V18 -> 4812.891 | M8: =+'RNs & Covers July 2019'!B12 -> 78 | N8: =+'RNs & Covers July 2019'!C12 -> 739
A9: Bali Jimbaran | B9: =B8+1 -> 8 | C9: 7 | D9: 2019 | E9: ='FS Jimbaran July 2019'!P19 -> 21820 | F9: ='FS Jimbaran July 2019'!O19/'FS Jimbaran July 2019'!P19 -> 1127.8704 | G9: ='FS Jimbaran July 2019'!AG19 -> 138.5632 | H9: ='FS Jimbaran July 2019'!AH19/'FS Jimbaran July 2019'!AG19 -> 10032 | I9: ='FS Jimbaran July 2019'!AJ19 -> 542 | J9: ='FS Jimbaran July 2019'!AK19/'FS Jimbaran July 2019'!AJ19 -> 10300 | K9: ='FS Jimbaran July 2019'!V19 -> 717.34 | L9: ='FS Jimbaran July 2019'!AA19/'FS Jimbaran July 2019'!V19 -> 2761.5548 | M9: =+'RNs & Covers July 2019'!B13 -> 89 | N9: =+'RNs & Covers July 2019'!C13 -> 776
A10: Bali Jimbaran | B10: =B9+1 -> 9 | C10: 7 | D10: 2019 | E10: ='FS Jimbaran July 2019'!P20 -> 21580 | F10: ='FS Jimbaran July 2019'!O20/'FS Jimbaran July 2019'!P20 -> 1128.4146 | G10: ='FS Jimbaran July 2019'!AG20 -> 168.88716 | H10: ='FS Jimbaran July 2019'!AH20/'FS Jimbaran July 2019'!AG20 -> 10258.376 | I10: ='FS Jimbaran July 2019'!AJ20 -> 523.46 | J10: ='FS Jimbaran July 2019'!AK20/'FS Jimbaran July 2019'!AJ20 -> 10300 | K10: ='FS Jimbaran July 2019'!V20 -> 770.74 | L10: ='FS Jimbaran July 2019'!AA20/'FS Jimbaran July 2019'!V20 -> 3181.8107 | M10: =+'RNs & Covers July 2019'!B14 -> 90 | N10: =+'RNs & Covers July 2019'!C14 -> 609
A11: Bali Jimbaran | B11: =B10+1 -> 10 | C11: 7 | D11: 2019 | E11: ='FS Jimbaran July 2019'!P21 -> 22260 | F11: ='FS Jimbaran July 2019'!O21/'FS Jimbaran July 2019'!P21 -> 1131.1685 | G11: ='FS Jimbaran July 2019'!AG21 -> 155.92388 | H11: ='FS Jimbaran July 2019'!AH21/'FS Jimbaran July 2019'!AG21 -> 10032 | I11: ='FS Jimbaran July 2019'!AJ21 -> 445.11 | J11: ='FS Jimbaran July 2019'!AK21/'FS Jimbaran July 2019'!AJ21 -> 10300 | K11: ='FS Jimbaran July 2019'!V21 -> 848.17 | L11: ='FS Jimbaran July 2019'!AA21/'FS Jimbaran July 2019'!V21 -> 1797.6485 | M11: =+'RNs & Covers July 2019'!B15 -> 113 | N11: =+'RNs & Covers July 2019'!C15 -> 695
A12: Bali Jimbaran | B12: =B11+1 -> 11 | C12: 7 | D12: 2019 | E12: ='FS Jimbaran July 2019'!P22 -> 22900 | F12: ='FS Jimbaran July 2019'!O22/'FS Jimbaran July 2019'!P22 -> 1125.7888 | G12: ='FS Jimbaran July 2019'!AG22 -> 161.44224 | H12: ='FS Jimbaran July 2019'!AH22/'FS Jimbaran July 2019'!AG22 -> 10032 | I12: ='FS Jimbaran July 2019'!AJ22 -> 626.81 | J12: ='FS Jimbaran July 2019'!AK22/'FS Jimbaran July 2019'!AJ22 -> 10300 | K12: ='FS Jimbaran July 2019'!V22 -> 801.89 | L12: ='FS Jimbaran July 2019'!AA22/'FS Jimbaran July 2019'!V22 -> 1031.0409 | M12: =+'RNs & Covers July 2019'!B16 -> 106 | N12: =+'RNs & Covers July 2019'!C16 -> 749
A13: Bali Jimbaran | B13: =B12+1 -> 12 | C13: 7 | D13: 2019 | E13: ='FS Jimbaran July 2019'!P23 -> 22380 | F13: ='FS Jimbaran July 2019'!O23/'FS Jimbaran July 2019'!P23 -> 1126.4917 | G13: ='FS Jimbaran July 2019'!AG23 -> 163.77848 | H13: ='FS Jimbaran July 2019'!AH23/'FS Jimbaran July 2019'!AG23 -> 10032 | I13: ='FS Jimbaran July 2019'!AJ23 -> 531.6 | J13: ='FS Jimbaran July 2019'!AK23/'FS Jimbaran July 2019'!AJ23 -> 10300 | K13: ='FS Jimbaran July 2019'!V23 -> 796.55 | L13: ='FS Jimbaran July 2019'!AA23/'FS Jimbaran July 2019'!V23 -> 2100.5552 | M13: =+'RNs & Covers July 2019'!B17 -> 81 | N13: =+'RNs & Covers July 2019'!C17 -> 744
A14: Bali Jimbaran | B14: =B13+1 -> 13 | C14: 7 | D14: 2019 | E14: ='FS Jimbaran July 2019'!P24 -> 20720 | F14: ='FS Jimbaran July 2019'!O24/'FS Jimbaran July 2019'!P24 -> 1127.7605 | G14: ='FS Jimbaran July 2019'!AG24 -> 485.27768 | H14: ='FS Jimbaran July 2019'!AH24/'FS Jimbaran July 2019'!AG24 -> 10921.693 | I14: ='FS Jimbaran July 2019'!AJ24 -> 587.5 | J14: ='FS Jimbaran July 2019'!AK24/'FS Jimbaran July 2019'!AJ24 -> 10300 | K14: ='FS Jimbaran July 2019'!V24 -> 817.91 | L14: ='FS Jimbaran July 2019'!AA24/'FS Jimbaran July 2019'!V24 -> 3124.1355 | M14: =+'RNs & Covers July 2019'!B18 -> 74 | N14: =+'RNs & Covers July 2019'!C18 -> 645
... A32: Bali Jimbaran | B32: =B31+1 -> 31 | C32: 7 | D32: 2019 | E32: ='FS Jimbaran July 2019'!P42 -> 21580 | F32: ='FS Jimbaran July 2019'!O42/'FS Jimbaran July 2019'!P42 -> 1127.4547 | G32: ='FS Jimbaran July 2019'!AG42 -> 143.23568 | H32: ='FS Jimbaran July 2019'!AH42/'FS Jimbaran July 2019'!AG42 -> 10032 | I32: ='FS Jimbaran July 2019'!AJ42 -> 252.95 | J32: ='FS Jimbaran July 2019'!AK42/'FS Jimbaran July 2019'!AJ42 -> 10300 | K32: ='FS Jimbaran July 2019'!V42 -> 901.57 | L32: ='FS Jimbaran July 2019'!AA42/'FS Jimbaran July 2019'!V42 -> 2312.4819 | M32: =+'RNs & Covers July 2019'!B36 -> 76 | N32: =+'RNs & Covers July 2019'!C36 -> 591

Sheet FS Jimbaran July 2019
B6: Four Seasons Resort Bali at Jimbaran Bay
B7: JULY 2019
B8: Date | C8: Room Nights | D8: Food Covers | E8: ELECTRICITY Resort, Sundara & Residences | V8: WATER | AC8: GAS
E9: Electricity Resort | J9: Electricity - Sundara | O9: Sub Total (Resort & Sundara) Cost (IDR) | P9: Sub Total (Resort & Sundara), KWh | Q9: Residences- Electricity KWh | R9: Residences- Electricity cost (IDR) | S9: TOTAL Electricity consumption (KWh) | T9: TOTAL Electricity cost | W9: Water (m3) | AA9: Total Water Cost | AC9: LPG | AJ9: Diesel
E10: BASED LOAD KWh (from 10 pm - 6 pm) | F10: Cost (IDR) | G10: PEAK LOAD KWh (from 6 pm - 10 pm) | H10: Cost (IDR) | I10: Resort Cost (IDR) | J10: BASED LOAD KWh (from 10 pm - 6 pm) | K10: Cost (IDR) | L10: PEAK LOAD KWh (from 6 pm - 10 pm) | M10: Cost (IDR) | N10: Sundara Cost (IDR) | T10: IDR | U10: USD | V10: Water consumption (m3) | W10: Municipal Water (m3) | X10: Municipal Water cost (IDR) | Y10: Deepwell Consumption (m3) | Z10: Deepwell water Cost (IDR) | AA10: IDR | AB10: USD | AC10: LPG Bulk (m3) | AD10: 50 Kg (tube) IVD & TW | AE10: Sundara 50 kg (tube) | AF10: 12 Kg (tube) | AG10: Total kg | AH10: IDR | AI10: USD | AJ10: Used (liters) | AK10: IDR | AL10: USD
B12: 1 | C12: 77 | D12: 693 | E12: 15480 | F12: 16033874 | G12: 3520 | H12: 5468918.4 | I12: =F12+H12 -> 21502793 | J12: 1900 | K12: 1967982 | L12: 480 | M12: 745761.6 | N12: =+K12+M12 -> 2713743.6 | O12: =N12+I12 -> 24216536 | P12: =L12+J12+G12+E12 -> 21380 | U12: 0 | V12: =Y12+W12 -> 817.02 | W12: 78.32 | X12: 1407449.6 | Y12: 738.7 | Z12: 1643521.4 | AA12: =Z12+X12 -> 3050971 | AB12: =AA12/$AL$48 -> 235.12252 | AC12: 143.31624 | AD12: 0 | AE12: 0 | AF12: 0 | AG12: =AD12+AC12+AE12+AF12 -> 143.31624 | AH12: 1437748.5 | AI12: =AH12/$AL$48 -> 110.79983 | AJ12: 168.02 | AK12: 1730606 | AL12: =AK12/$AL$48 -> 133.36883
B13: 2 | C13: 86 | D13: 636 | E13: 16480 | F13: 17069654 | G13: 3640 | H13: 5655358.8 | I13: =F13+H13 -> 22725013 | J13: 1860 | K13: 1926550.8 | L13: 460 | M13: 714688.2 | N13: =+K13+M13 -> 2641239 | O13: =N13+I13 -> 25366252 | P13: =L13+J13+G13+E13 -> 22440 | U13: 0 | V13: =Y13+W13 -> 787.65 | W13: 66.75 | X13: 1199530.9 | Y13: 720.9 | Z13: 1583070.1 | AA13: =Z13+X13 -> 2782600.9 | AB13: =AA13/$AL$48 -> 214.44063 | AC13: 135.66304 | AD13: 0 | AE13: 0 | AF13: 0 | AG13: =AD13+AC13+AE13+AF13 -> 135.66304 | AH13: 1360971.6 | AI13: =AH13/$AL$48 -> 104.88303 | AJ13: 588.88 | AK13: 6065464 | AL13: =AK13/$AL$48 -> 467.43387
B14: 3 | C14: 90 | D14: 708 | E14: 17400 | F14: 18022572 | G14: 3720 | H14: 5779652.4 | I14: =F14+H14 -> 23802224 | J14: 1860 | K14: 1926550.8 | L14: 480 | M14: 745761.6 | N14: =+K14+M14 -> 2672312.4 | O14: =N14+I14 -> 26474537 | P14: =L14+J14+G14+E14 -> 23460 | U14: 0 | V14: =Y14+W14 -> 782.31 | W14: 87.22 | X14: 1567387 | Y14: 695.09 | Z14: 1613295.8 | AA14: =Z14+X14 -> 3180682.8 | AB14: =AA14/$AL$48 -> 245.11873 | AC14: 138.07984 | AD14: 0 | AE14: 100 | AF14: 0 | AG14: =AD14+AC14+AE14+AF14 -> 238.07984 | AH14: 2513217 | AI14: =AH14/$AL$48 -> 193.6806 | AJ14: 631.9 | AK14: 6508570 | AL14: =AK14/$AL$48 -> 501.58176
B15: 4 | C15: 102 | D15: 714 | E15: 18080 | F15: 18726902 | G15: 3680 | H15: 5717505.6 | I15: =F15+H15 -> 24444408 | J15: 1820 | K15: 1885119.6 | L15: 460 | M15: 714688.2 | N15: =+K15+M15 -> 2599807.8 | O15: =N15+I15 -> 27044216 | P15: =L15+J15+G15+E15 -> 24040 | U15: 0 | V15: =Y15+W15 -> 781.42 | W15: 105.02 | X15: 1887261.9 | Y15: 676.4 | Z15: 1314817.1 | AA15: =Z15+X15 -> 3202079.1 | AB15: =AA15/$AL$48 -> 246.76764 | AC15: 0 | AD15: 0 | AE15: 0 | AF15: 0 | AG15: =AD15+AC15+AE15+AF15 -> 0 | AH15: 0 | AI15: =AH15/$AL$48 -> 0 | AJ15: 711.13 | AK15: 7324639 | AL15: =AK15/$AL$48 -> 564.47196
B16: 5 | C16: 104 | D16: 750 | E16: 16400 | F16: 16986792 | G16: 3520 | H16: 5468918.4 | I16: =F16+H16 -> 22455710 | J16: 2020 | K16: 2092275.6 | L16: 440 | M16: 683614.8 | N16: =+K16+M16 -> 2775890.4 | O16: =N16+I16 -> 25231601 | P16: =L16+J16+G16+E16 -> 22380 | U16: 0 | V16: =Y16+W16 -> 790.32 | W16: 115.7 | X16: 2079186.9 | Y16: 674.62 | Z16: 929439.71 | AA16: =Z16+X16 -> 3008626.6 | AB16: =AA16/$AL$48 -> 231.85925 | AC16: 148.10956 | AD16: 0 | AE16: 0 | AF16: 0 | AG16: =AD16+AC16+AE16+AF16 -> 148.10956 | AH16: 1485835.1 | AI16: =AH16/$AL$48 -> 114.50561 | AJ16: 575.32 | AK16: 5925796 | AL16: =AK16/$AL$48 -> 456.67038
B17: 6 | C17: 98 | D17: 837 | E17: 16840 | F17: 17442535 | G17: 3440 | H17: 5344624.8 | I17: =F17+H17 -> 22787160 | J17: 1780 | K17: 1843688.4 | L17: 460 | M17: 714688.2 | N17: =+K17+M17 -> 2558376.6 | O17: =N17+I17 -> 25345537 | P17: =L17+J17+G17+E17 -> 22520 | U17: 0 | V17: =Y17+W17 -> 794.77 | W17: 110.36 | X17: 1983224.4 | Y17: 684.41 | Z17: 1318595.4 | AA17: =Z17+X17 -> 3301819.7 | AB17: =AA17/$AL$48 -> 254.45413 | AC17: 138.07984 | AD17: 0 | AE17: 0 | AF17: 0 | AG17: =AD17+AC17+AE17+AF17 -> 138.07984 | AH17: 1385217 | AI17: =AH17/$AL$48 -> 106.75149 | AJ17: 531.23 | AK17: 5471669 | AL17: =AK17/$AL$48 -> 421.67317
B18: 7 | C18: 78 | D18: 739 | E18: 16640 | F18: 17235379 | G18: 3360 | H18: 5220331.2 | I18: =F18+H18 -> 22455710 | J18: 1860 | K18: 1926550.8 | L18: 440 | M18: 683614.8 | N18: =+K18+M18 -> 2610165.6 | O18: =N18+I18 -> 25065876 | P18: =L18+J18+G18+E18 -> 22300 | U18: 0 | V18: =Y18+W18 -> 764.51 | W18: 125.49 | X18: 2255118 | Y18: 639.02 | Z18: 1424385.2 | AA18: =Z18+X18 -> 3679503.3 | AB18: =AA18/$AL$48 -> 283.56025 | AC18: 143.7996 | AD18: 0 | AE18: 150 | AF18: 0 | AG18: =AD18+AC18+AE18+AF18 -> 293.7996 | AH18: 3134597.6 | AI18: =AH18/$AL$48 -> 241.56719 | AJ18: 486.75 | AK18: 5013525 | AL18: =AK18/$AL$48 -> 386.36639
B19: 8 | C19: 89 | D19: 776 | E19: 16200 | F19: 16779636 | G19: 3440 | H19: 5344624.8 | I19: =F19+H19 -> 22124261 | J19: 1740 | K19: 1802257.2 | L19: 440 | M19: 683614.8 | N19: =+K19+M19 -> 2485872 | O19: =N19+I19 -> 24610133 | P19: =L19+J19+G19+E19 -> 21820 | U19: 0 | V19: =Y19+W19 -> 717.34 | W19: 89 | X19: 1599374.5 | Y19: 628.34 | Z19: 381599.23 | AA19: =Z19+X19 -> 1980973.7 | AB19: =AA19/$AL$48 -> 152.66338 | AC19: 138.5632 | AD19: 0 | AE19: 0 | AF19: 0 | AG19: =AD19+AC19+AE19+AF19 -> 138.5632 | AH19: 1390066 | AI19: =AH19/$AL$48 -> 107.12518 | AJ19: 542 | AK19: 5582600 | AL19: =AK19/$AL$48 -> 430.22205
B20: 9 | C20: 90 | D20: 609 | E20: 15960 | F20: 16531049 | G20: 3440 | H20: 5344624.8 | I20: =F20+H20 -> 21875674 | J20: 1760 | K20: 1822972.8 | L20: 420 | M20: 652541.4 | N20: =+K20+M20 -> 2475514.2 | O20: =N20+I20 -> 24351188 | P20: =L20+J20+G20+E20 -> 21580 | U20: 0 | V20: =Y20+W20 -> 770.74 | W20: 114.81 | X20: 2063193.1 | Y20: 655.93 | Z20: 389155.65 | AA20: =Z20+X20 -> 2452348.8 | AB20: =AA20/$AL$48 -> 188.98981 | AC20: 144.88716 | AD20: 0 | AE20: 0 | AF20: 24 | AG20: =AD20+AC20+AE20+AF20 -> 168.88716 | AH20: 1732508 | AI20: =AH20/$AL$48 -> 133.51541 | AJ20: 523.46 | AK20: 5391638 | AL20: =AK20/$AL$48 -> 415.5056
B21: 10 | C21: 113 | D21: 695 | E21: 16320 | F21: 16903930 | G21: 3640 | H21: 5655358.8 | I21: =F21+H21 -> 22559288 | J21: 1840 | K21: 1905835.2 | L21: 460 | M21: 714688.2 | N21: =+K21+M21 -> 2620523.4 | O21: =N21+I21 -> 25179812 | P21: =L21+J21+G21+E21 -> 22260 | U21: 0 | V21: =Y21+W21 -> 848.17 | W21: 63.19 | X21: 1135555.9 | Y21: 784.98 | Z21: 389155.65 | AA21: =Z21+X21 -> 1524711.5 | AB21: =AA21/$AL$48 -> 117.50162 | AC21: 155.92388 | AD21: 0 | AE21: 0 | AF21: 0 | AG21: =AD21+AC21+AE21+AF21 -> 155.92388 | AH21: 1564228.4 | AI21: =AH21/$AL$48 -> 120.54697 | AJ21: 445.11 | AK21: 4584633 | AL21: =AK21/$AL$48 -> 353.3139
B22: 11 | C22: 106 | D22: 749 | E22: 17200 | F22: 17815416 | G22: 3520 | H22: 5468918.4 | I22: =F22+H22 -> 23284334 | J22: 1720 | K22: 1781541.6 | L22: 460 | M22: 714688.2 | N22: =+K22+M22 -> 2496229.8 | O22: =N22+I22 -> 25780564 | P22: =L22+J22+G22+E22 -> 22900 | U22: 0 | V22: =Y22+W22 -> 801.89 | W22: 22.25 | X22: 399843.62 | Y22: 779.64 | Z22: 426937.75 | AA22: =Z22+X22 -> 826781.38 | AB22: =AA22/$AL$48 -> 63.715755 | AC22: 161.44224 | AD22: 0 | AE22: 0 | AF22: 0 | AG22: =AD22+AC22+AE22+AF22 -> 161.44224 | AH22: 1619588.6 | AI22: =AH22/$AL$48 -> 124.8133 | AJ22: 626.81 | AK22: 6456143 | AL22: =AK22/$AL$48 -> 497.54148
B23: 12 | C23: 81 | D23: 744 | E23: 16560 | F23: 17152517 | G23: 3440 | H23: 5344624.8 | I23: =F23+H23 -> 22497142 | J23: 1900 | K23: 1967982 | L23: 480 | M23: 745761.6 | N23: =+K23+M23 -> 2713743.6 | O23: =N23+I23 -> 25210885 | P23: =L23+J23+G23+E23 -> 22380 | U23: 0 | V23: =Y23+W23 -> 796.55 | W23: 60.52 | X23: 1087574.7 | Y23: 736.03 | Z23: 585622.58 | AA23: =Z23+X23 -> 1673197.2 | AB23: =AA23/$AL$48 -> 128.94464 | AC23: 163.77848 | AD23: 0 | AE23: 0 | AF23: 0 | AG23: =AD23+AC23+AE23+AF23 -> 163.77848 | AH23: 1643025.7 | AI23: =AH23/$AL$48 -> 126.61948 | AJ23: 531.6 | AK23: 5475480 | AL23: =AK23/$AL$48 -> 421.96686
... B42: 31 | C42: 76 | D42: 591 | E42: 15920 | F42: 16489618 | G42: 3400 | H42: 5282478 | I42: =F42+H42 -> 21772096 | J42: 1840 | K42: 1905835.2 | L42: 420 | M42: 652541.4 | N42: =+K42+M42 -> 2558376.6 | O42: =N42+I42 -> 24330472 | P42: =L42+J42+G42+E42 -> 21580 | U42: 1 | V42: =Y42+W42 -> 901.57 | W42: 102.35 | X42: 1839280.7 | Y42: 799.22 | Z42: 245583.66 | AA42: =Z42+X42 -> 2084864.3 | AB42: =AA42/$AL$48 -> 160.66969 | AC42: 143.23568 | AD42: 0 | AE42: 0 | AF42: 0 | AG42: =AD42+AC42+AE42+AF42 -> 143.23568 | AH42: 1436940.3 | AI42: =AH42/$AL$48 -> 110.73754 | AJ42: 252.95 | AK42: 2605385 | AL42: =AK42/$AL$48 -> 200.78352
C47: =SUM(C12:C43) -> 2418 | D47: =SUM(D12:D43) -> 19743 | E47: =SUM(E12:E43) -> 501840 | F47: =SUM(F12:F43) -> 5.1979584e+08 | G47: =SUM(G12:G43) -> 106240 | H47: =SUM(H12:H43) -> 1.650619e+08 | I47: =SUM(I12:I43) -> 6.8485774e+08 | J47: =SUM(J12:J43) -> 58160 | ... P47: =SUM(P12:P43) -> 680580 | Q47: =+#REF! -> #REF! | R47: =+#REF! -> #REF! | S47: =Q47+P47 -> #REF! | T47: =R47+O47 -> #REF! | U47: =T47/AL48 -> #REF! | V47: =SUM(V12:V42) -> 23817.29 | W47: =SUM(W12:W42) -> 2775.02 | X47: =SUM(X12:X42) -> 49868497 | Y47: =SUM(Y12:Y42) -> 21042.27 | Z47: =SUM(Z12:Z42) -> 19435113 | AA47: =SUM(AA12:AA42) -> 69303610 | AB47: =AA47/$AL$48 -> 5340.87 | AC47: =SUM(AC12:AC41) -> 4137.9241 | AD47: =SUM(AD12:AD41) -> 0 | AE47: =SUM(AE12:AE42) -> 1450 | AF47: =SUM(AF12:AF42) -> 192 | AG47: =SUM(AG12:AG42) -> 5923.1598 | AH47: =SUM(AH12:AH43) -> 61536595 | AI47: =AH47/$AL$48 -> 4742.3064 | AJ47: =SUM(AJ12:AJ43) -> 16778.06 | AK47: =SUM(AK12:AK43) -> 1.7281402e+08 | AL47: =AK47/AL48 -> 13317.881
T48: kWh rate | U48: =U47/S47 -> #REF! | V48: m3/RNs | AL48: 12976.09
W52: =W47/V47 -> 0.11651284

Sheet RNs & Covers July 2019
A1: Four Seasons Resort Bali at Jimbaran Bay
A2: 43647
A3: Date | B3: Room Nights | C3: Food Covers
A6: 1 | B6: 77 | C6: 693
A7: 2 | B7: 86 | C7: 636
A8: =A7+1 -> 3 | B8: 90 | C8: 708
A9: =A8+1 -> 4 | B9: 102 | C9: 714
A10: =A9+1 -> 5 | B10: 104 | C10: 750
A11: =A10+1 -> 6 | B11: 98 | C11: 837
A12: =A11+1 -> 7 | B12: 78 | C12: 739
A13: =A12+1 -> 8 | B13: 89 | C13: 776
A14: =A13+1 -> 9 | B14: 90 | C14: 609
A15: =A14+1 -> 10 | B15: 113 | C15: 695
A16: =A15+1 -> 11 | B16: 106 | C16: 749
A17: =A16+1 -> 12 | B17: 81 | C17: 744
A18: =A17+1 -> 13 | B18: 74 | C18: 645
A19: =A18+1 -> 14 | B19: 70 | C19: 657
... A35: =A34+1 -> 30 | B35: 65 | C35: 511
A36: 31 | B36: 76 | C36: 591
B38: =SUM(B6:B36) -> 2418 | C38: =SUM(C6:C36) -> 19743
