Workbook

Sheet TOTAL
A1: Site Name | B1: Day | C1: Month | D1: Year | E1: Total Electricity Kwh | F1: Electricity Tariff ($/Kwh) | G1: LPG (Kg) | H1: LPG $/Kg | I1: Total Fuel Oil (Liter) | J1: Fuel Oil $/Liter | K1: Water Utility Supply (m3) m3 | L1: Water Utility Supply (m3) $/m3 | M1: Room Nights | N1: Food Covers
A2: Bali Jimbaran | B2: 1 | C2: 7 | D2: 2021 | E2: ='FS Jimbaran July 2021'!P12 -> 14889 | F2: ='FS Jimbaran July 2021'!O12/'FS Jimbaran July 2021'!P12 -> 1186.4721 | G2: ='FS Jimbaran July 2021'!AG12 -> 112 | H2: ='FS Jimbaran July 2021'!AH12/'FS Jimbaran July 2021'!AG12 -> 12441.964 | I2: ='FS Jimbaran July 2021'!AJ12 -> 503.5 | J2: ='FS Jimbaran July 2021'!AK12/'FS Jimbaran July 2021'!AJ12 -> 10000 | K2: ='FS Jimbaran July 2021'!V12 -> 995 | L2: ='FS Jimbaran July 2021'!AA12/'FS Jimbaran July 2021'!V12 -> 9359.5664 | M2: =+'RNs & Covers July 2021'!B6 -> 4 | N2: =+'RNs & Covers July 2021'!C6 -> 84
A3: Bali Jimbaran | B3: =B2+1 -> 2 | C3: 7 | D3: 2021 | E3: ='FS Jimbaran July 2021'!P13 -> 14828 | F3: ='FS Jimbaran July 2021'!O13/'FS Jimbaran July 2021'!P13 -> 1181.7448 | G3: ='FS Jimbaran July 2021'!AG13 -> 112 | H3: ='FS Jimbaran July 2021'!AH13/'FS Jimbaran July 2021'!AG13 -> 12441.964 | I3: ='FS Jimbaran July 2021'!AJ13 -> 325.74 | J3: ='FS Jimbaran July 2021'!AK13/'FS Jimbaran July 2021'!AJ13 -> 10000 | K3: ='FS Jimbaran July 2021'!V13 -> 1108 | L3: ='FS Jimbaran July 2021'!AA13/'FS Jimbaran July 2021'!V13 -> 9950.9041 | M3: =+'RNs & Covers July 2021'!B7 -> 6 | N3: =+'RNs & Covers July 2021'!C7 -> 102
A4: Bali Jimbaran | B4: =B3+1 -> 3 | C4: 7 | D4: 2021 | E4: ='FS Jimbaran July 2021'!P14 -> 15309 | F4: ='FS Jimbaran July 2021'!O14/'FS Jimbaran July 2021'!P14 -> 1183.7587 | G4: ='FS Jimbaran July 2021'!AG14 -> 112 | H4: ='FS Jimbaran July 2021'!AH14/'FS Jimbaran July 2021'!AG14 -> 12441.964 | I4: ='FS Jimbaran July 2021'!AJ14 -> 360.76 | J4: ='FS Jimbaran July 2021'!AK14/'FS Jimbaran July 2021'!AJ14 -> 10000 | K4: ='FS Jimbaran July 2021'!V14 -> 937 | L4: ='FS Jimbaran July 2021'!AA14/'FS Jimbaran July 2021'!V14 -> 11370.42 | M4: =+'RNs & Covers July 2021'!B8 -> 8 | N4: =+'RNs & Covers July 2021'!C8 -> 102
A5: Bali Jimbaran | B5: =B4+1 -> 4 | C5: 7 | D5: 2021 | E5: ='FS Jimbaran July 2021'!P15 -> 14609 | F5: ='FS Jimbaran July 2021'!O15/'FS Jimbaran July 2021'!P15 -> 1181.6677 | G5: ='FS Jimbaran July 2021'!AG15 -> 112 | H5: ='FS Jimbaran July 2021'!AH15/'FS Jimbaran July 2021'!AG15 -> 12441.964 | I5: ='FS Jimbaran July 2021'!AJ15 -> 121.64 | J5: ='FS Jimbaran July 2021'!AK15/'FS Jimbaran July 2021'!AJ15 -> 10000 | K5: ='FS Jimbaran July 2021'!V15 -> 1079 | L5: ='FS Jimbaran July 2021'!AA15/'FS Jimbaran July 2021'!V15 -> 10128.093 | M5: =+'RNs & Covers July 2021'!B9 -> 6 | N5: =+'RNs & Covers July 2021'!C9 -> 83
A6: Bali Jimbaran | B6: =B5+1 -> 5 | C6: 7 | D6: 2021 | E6: ='FS Jimbaran July 2021'!P16 -> 14409 | F6: ='FS Jimbaran July 2021'!O16/'FS Jimbaran July 2021'!P16 -> 1181.4642 | G6: ='FS Jimbaran July 2021'!AG16 -> 112 | H6: ='FS Jimbaran July 2021'!AH16/'FS Jimbaran July 2021'!AG16 -> 12441.964 | I6: ='FS Jimbaran July 2021'!AJ16 -> 295.74 | J6: ='FS Jimbaran July 2021'!AK16/'FS Jimbaran July 2021'!AJ16 -> 10000 | K6: ='FS Jimbaran July 2021'!V16 -> 980 | L6: ='FS Jimbaran July 2021'!AA16/'FS Jimbaran July 2021'!V16 -> 11565.421 | M6: =+'RNs & Covers July 2021'!B10 -> 5 | N6: =+'RNs & Covers July 2021'!C10 -> 50
A7: Bali Jimbaran | B7: =B6+1 -> 6 | C7: 7 | D7: 2021 | E7: ='FS Jimbaran July 2021'!P17 -> 14529 | F7: ='FS Jimbaran July 2021'!O17/'FS Jimbaran July 2021'!P17 -> 1182.9343 | G7: ='FS Jimbaran July 2021'!AG17 -> 112 | H7: ='FS Jimbaran July 2021'!AH17/'FS Jimbaran July 2021'!AG17 -> 12441.964 | I7: ='FS Jimbaran July 2021'!AJ17 -> 132.95 | J7: ='FS Jimbaran July 2021'!AK17/'FS Jimbaran July 2021'!AJ17 -> 10000 | K7: ='FS Jimbaran July 2021'!V17 -> 721 | L7: ='FS Jimbaran July 2021'!AA17/'FS Jimbaran July 2021'!V17 -> 11082.909 | M7: =+'RNs & Covers July 2021'!B11 -> 7 | N7: =+'RNs & Covers July 2021'!C11 -> 63
A8: Bali Jimbaran | B8: =B7+1 -> 7 | C8: 7 | D8: 2021 | E8: ='FS Jimbaran July 2021'!P18 -> 13949 | F8: ='FS Jimbaran July 2021'!O18/'FS Jimbaran July 2021'!P18 -> 1182.2216 | G8: ='FS Jimbaran July 2021'!AG18 -> 100 | H8: ='FS Jimbaran July 2021'!AH18/'FS Jimbaran July 2021'!AG18 -> 12560 | I8: ='FS Jimbaran July 2021'!AJ18 -> 389.86 | J8: ='FS Jimbaran July 2021'!AK18/'FS Jimbaran July 2021'!AJ18 -> 10000 | K8: ='FS Jimbaran July 2021'!V18 -> 876 | L8: ='FS Jimbaran July 2021'!AA18/'FS Jimbaran July 2021'!V18 -> 11137.589 | M8: =+'RNs & Covers July 2021'!B12 -> 7 | N8: =+'RNs & Covers July 2021'!C12 -> 52
A9: Bali Jimbaran | B9: =B8+1 -> 8 | C9: 7 | D9: 2021 | E9: ='FS Jimbaran July 2021'!P19 -> 14269 | F9: ='FS Jimbaran July 2021'!O19/'FS Jimbaran July 2021'!P19 -> 1181.6233 | G9: ='FS Jimbaran July 2021'!AG19 -> 112 | H9: ='FS Jimbaran July 2021'!AH19/'FS Jimbaran July 2021'!AG19 -> 12441.964 | I9: ='FS Jimbaran July 2021'!AJ19 -> 107.88 | J9: ='FS Jimbaran July 2021'!AK19/'FS Jimbaran July 2021'!AJ19 -> 10000 | K9: ='FS Jimbaran July 2021'!V19 -> 830 | L9: ='FS Jimbaran July 2021'!AA19/'FS Jimbaran July 2021'!V19 -> 12019.308 | M9: =+'RNs & Covers July 2021'!B13 -> 5 | N9: =+'RNs & Covers July 2021'!C13 -> 47
A10: Bali Jimbaran | B10: =B9+1 -> 9 | C10: 7 | D10: 2021 | E10: ='FS Jimbaran July 2021'!P20 -> 14273 | F10: ='FS Jimbaran July 2021'!O20/'FS Jimbaran July 2021'!P20 -> 1180.9873 | G10: ='FS Jimbaran July 2021'!AG20 -> 112 | H10: ='FS Jimbaran July 2021'!AH20/'FS Jimbaran July 2021'!AG20 -> 12441.964 | I10: ='FS Jimbaran July 2021'!AJ20 -> 404.06 | J10: ='FS Jimbaran July 2021'!AK20/'FS Jimbaran July 2021'!AJ20 -> 10000 | K10: ='FS Jimbaran July 2021'!V20 -> 866 | L10: ='FS Jimbaran July 2021'!AA20/'FS Jimbaran July 2021'!V20 -> 10661.117 | M10: =+'RNs & Covers July 2021'!B14 -> 5 | N10: =+'RNs & Covers July 2021'!C14 -> 47
A11: Bali Jimbaran | B11: =B10+1 -> 10 | C11: 7 | D11: 2021 | E11: ='FS Jimbaran July 2021'!P21 -> 14525 | F11: ='FS Jimbaran July 2021'!O21/'FS Jimbaran July 2021'!P21 -> 1178.3183 | G11: ='FS Jimbaran July 2021'!AG21 -> 112 | H11: ='FS Jimbaran July 2021'!AH21/'FS Jimbaran July 2021'!AG21 -> 12441.964 | I11: ='FS Jimbaran July 2021'!AJ21 -> 262.8 | J11: ='FS Jimbaran July 2021'!AK21/'FS Jimbaran July 2021'!AJ21 -> 10000 | K11: ='FS Jimbaran July 2021'!V21 -> 862 | L11: ='FS Jimbaran July 2021'!AA21/'FS Jimbaran July 2021'!V21 -> 11226.324 | M11: =+'RNs & Covers July 2021'!B15 -> 3 | N11: =+'RNs & Covers July 2021'!C15 -> 34
A12: Bali Jimbaran | B12: =B11+1 -> 11 | C12: 7 | D12: 2021 | E12: ='FS Jimbaran July 2021'!P22 -> 15408 | F12: ='FS Jimbaran July 2021'!O22/'FS Jimbaran July 2021'!P22 -> 1173.9647 | G12: ='FS Jimbaran July 2021'!AG22 -> 112 | H12: ='FS Jimbaran July 2021'!AH22/'FS Jimbaran July 2021'!AG22 -> 12441.964 | I12: ='FS Jimbaran July 2021'!AJ22 -> 350.9 | J12: ='FS Jimbaran July 2021'!AK22/'FS Jimbaran July 2021'!AJ22 -> 10000 | K12: ='FS Jimbaran July 2021'!V22 -> 926 | L12: ='FS Jimbaran July 2021'!AA22/'FS Jimbaran July 2021'!V22 -> 10605.6 | M12: =+'RNs & Covers July 2021'!B16 -> 3 | N12: =+'RNs & Covers July 2021'!C16 -> 39
A13: Bali Jimbaran | B13: =B12+1 -> 12 | C13: 7 | D13: 2021 | E13: ='FS Jimbaran July 2021'!P23 -> 12589 | F13: ='FS Jimbaran July 2021'!O23/'FS Jimbaran July 2021'!P23 -> 1190.7192 | G13: ='FS Jimbaran July 2021'!AG23 -> 112 | H13: ='FS Jimbaran July 2021'!AH23/'FS Jimbaran July 2021'!AG23 -> 12441.964 | I13: ='FS Jimbaran July 2021'!AJ23 -> 433.72 | J13: ='FS Jimbaran July 2021'!AK23/'FS Jimbaran July 2021'!AJ23 -> 10000 | K13: ='FS Jimbaran July 2021'!V23 -> 892 | L13: ='FS Jimbaran July 2021'!AA23/'FS Jimbaran July 2021'!V23 -> 10725.711 | M13: =+'RNs & Covers July 2021'!B17 -> 3 | N13: =+'RNs & Covers July 2021'!C17 -> 39
A14: Bali Jimbaran | B14: =B13+1 -> 13 | C14: 7 | D14: 2021 | E14: ='FS Jimbaran July 2021'!P24 -> 13409 | F14: ='FS Jimbaran July 2021'!O24/'FS Jimbaran July 2021'!P24 -> 1177.1116 | G14: ='FS Jimbaran July 2021'!AG24 -> 100 | H14: ='FS Jimbaran July 2021'!AH24/'FS Jimbaran July 2021'!AG24 -> 12560 | I14: ='FS Jimbaran July 2021'!AJ24 -> 189.59 | J14: ='FS Jimbaran July 2021'!AK24/'FS Jimbaran July 2021'!AJ24 -> 10000 | K14: ='FS Jimbaran July 2021'!V24 -> 843 | L14: ='FS Jimbaran July 2021'!AA24/'FS Jimbaran July 2021'!V24 -> 10995.782 | M14: =+'RNs & Covers July 2021'!B18 -> 2 | N14: =+'RNs & Covers July 2021'!C18 -> 29
... A32: Bali Jimbaran | B32: =B31+1 -> 31 | C32: 7 | D32: 2021 | E32: ='FS Jimbaran July 2021'!P42 -> 13506 | F32: ='FS Jimbaran July 2021'!O42/'FS Jimbaran July 2021'!P42 -> 1180.9779 | G32: ='FS Jimbaran July 2021'!AG42 -> 112 | H32: ='FS Jimbaran July 2021'!AH42/'FS Jimbaran July 2021'!AG42 -> 12441.964 | I32: ='FS Jimbaran July 2021'!AJ42 -> 202.08 | J32: ='FS Jimbaran July 2021'!AK42/'FS Jimbaran July 2021'!AJ42 -> 10000 | K32: ='FS Jimbaran July 2021'!V42 -> 589 | L32: ='FS Jimbaran July 2021'!AA42/'FS Jimbaran July 2021'!V42 -> 6729.0699 | M32: =+'RNs & Covers July 2021'!B36 -> 6 | N32: =+'RNs & Covers July 2021'!C36 -> 81

Sheet FS Jimbaran July 2021
B6: Four Seasons Resort Bali at Jimbaran Bay
B7: JULY 2021
B8: Date | C8: Room Nights | D8: Food Covers | E8: ELECTRICITY Resort, Sundara & Residences | V8: WATER | AC8: GAS
E9: Electricity Resort | J9: Electricity - Sundara | O9: Sub Total (Resort & Sundara) Cost (IDR) | P9: Sub Total (Resort & Sundara), KWh | Q9: Residences- Electricity KWh | R9: Residences- Electricity cost (IDR) | S9: TOTAL Electricity consumption (KWh) | T9: TOTAL Electricity cost | W9: Water (m3) | AA9: Total Water Cost | AC9: LPG | AJ9: Diesel
E10: BASED LOAD KWh (from 10 pm - 6 pm) | F10: Cost (IDR) | G10: PEAK LOAD KWh (from 6 pm - 10 pm) | H10: Cost (IDR) | I10: Resort Cost (IDR) | J10: BASED LOAD KWh (from 10 pm - 6 pm) | K10: Cost (IDR) | L10: PEAK LOAD KWh (from 6 pm - 10 pm) | M10: Cost (IDR) | N10: Sundara Cost (IDR) | T10: IDR | U10: USD | V10: Water consumption (m3) | W10: Municipal Water (m3) | X10: Municipal Water cost (IDR) | Y10: Deepwell Consumption (m3) | Z10: Deepwell water Cost (IDR) | AA10: IDR | AB10: USD | AC10: LPG Bulk (m3) | AD10: 50 Kg (tube) IVD & TW | AE10: Sundara 50 kg (tube) | AF10: 12 Kg (tube) | AG10: Total kg | AH10: IDR | AI10: USD | AJ10: Used (liters) | AK10: IDR | AL10: USD
B12: 1 | C12: 4 | D12: 84 | E12: 10652 | F12: 11584785 | G12: 2200 | H12: 3588977.7 | I12: =F12+H12 -> 15173763 | J12: 1529 | K12: 1662893 | L12: 508 | M12: 828727.58 | N12: =+K12+M12 -> 2491620.6 | O12: =N12+I12 -> 17665383 | P12: =L12+J12+G12+E12 -> 14889 | U12: 0 | V12: =Y12+W12 -> 995 | W12: 348 | X12: 6253669.6 | Y12: 647 | Z12: 3059099 | AA12: =Z12+X12 -> 9312768.6 | AB12: =AA12/$AL$48 -> 717.68681 | AC12: 0 | AD12: 0 | AE12: 100 | AF12: 12 | AG12: =+AE12+AF12 -> 112 | AH12: 1393500 | AI12: =AH12/$AL$48 -> 107.38982 | AJ12: 503.5 | AK12: 5035000 | AL12: =AK12/$AL$48 -> 388.02135
B13: 2 | C13: 6 | D13: 102 | E13: 10611 | F13: 11540195 | G13: 2160 | H13: 3523723.6 | I13: =F13+H13 -> 15063918 | J13: 1649 | K13: 1793401.3 | L13: 408 | M13: 665592.23 | N13: =+K13+M13 -> 2458993.5 | O13: =N13+I13 -> 17522912 | P13: =L13+J13+G13+E13 -> 14828 | U13: 0 | V13: =Y13+W13 -> 1108 | W13: 437 | X13: 7853027.7 | Y13: 671 | Z13: 3172574.1 | AA13: =Z13+X13 -> 11025602 | AB13: =AA13/$AL$48 -> 849.68598 | AC13: 0 | AD13: 0 | AE13: 100 | AF13: 12 | AG13: =+AE13+AF13 -> 112 | AH13: 1393500 | AI13: =AH13/$AL$48 -> 107.38982 | AJ13: 325.74 | AK13: 3257400 | AL13: =AK13/$AL$48 -> 251.03093
B14: 3 | C14: 8 | D14: 102 | E14: 11132 | F14: 12106818 | G14: 2280 | H14: 3719486 | I14: =F14+H14 -> 15826304 | J14: 1469 | K14: 1597638.9 | L14: 428 | M14: 698219.3 | N14: =+K14+M14 -> 2295858.2 | O14: =N14+I14 -> 18122162 | P14: =L14+J14+G14+E14 -> 15309 | U14: 0 | V14: =Y14+W14 -> 937 | W14: 470 | X14: 8446048.1 | Y14: 467 | Z14: 2208035.9 | AA14: =Z14+X14 -> 10654084 | AB14: =AA14/$AL$48 -> 821.05503 | AC14: 0 | AD14: 0 | AE14: 100 | AF14: 12 | AG14: =+AE14+AF14 -> 112 | AH14: 1393500 | AI14: =AH14/$AL$48 -> 107.38982 | AJ14: 360.76 | AK14: 3607600 | AL14: =AK14/$AL$48 -> 278.01903
B15: 4 | C15: 6 | D15: 83 | E15: 10612 | F15: 11541282 | G15: 2120 | H15: 3458469.4 | I15: =F15+H15 -> 14999752 | J15: 1469 | K15: 1597638.9 | L15: 408 | M15: 665592.23 | N15: =+K15+M15 -> 2263231.1 | O15: =N15+I15 -> 17262983 | P15: =L15+J15+G15+E15 -> 14609 | U15: 0 | V15: =Y15+W15 -> 1079 | W15: 440 | X15: 7906938.6 | Y15: 639 | Z15: 3021273.9 | AA15: =Z15+X15 -> 10928213 | AB15: =AA15/$AL$48 -> 842.1807 | AC15: 0 | AD15: 0 | AE15: 100 | AF15: 12 | AG15: =+AE15+AF15 -> 112 | AH15: 1393500 | AI15: =AH15/$AL$48 -> 107.38982 | AJ15: 121.64 | AK15: 1216400 | AL15: =AK15/$AL$48 -> 93.741643
B16: 5 | C16: 5 | D16: 50 | E16: 10492 | F16: 11410774 | G16: 2120 | H16: 3458469.4 | I16: =F16+H16 -> 14869243 | J16: 1429 | K16: 1554136.1 | L16: 368 | M16: 600338.09 | N16: =+K16+M16 -> 2154474.2 | O16: =N16+I16 -> 17023718 | P16: =L16+J16+G16+E16 -> 14409 | U16: 0 | V16: =Y16+W16 -> 980 | W16: 506 | X16: 9092979.4 | Y16: 474 | Z16: 2241132.8 | AA16: =Z16+X16 -> 11334112 | AB16: =AA16/$AL$48 -> 873.46128 | AC16: 0 | AD16: 0 | AE16: 100 | AF16: 12 | AG16: =+AE16+AF16 -> 112 | AH16: 1393500 | AI16: =AH16/$AL$48 -> 107.38982 | AJ16: 295.74 | AK16: 2957400 | AL16: =AK16/$AL$48 -> 227.91149
B17: 6 | C17: 7 | D17: 63 | E17: 10572 | F17: 11497779 | G17: 2160 | H17: 3523723.6 | I17: =F17+H17 -> 15021503 | J17: 1409 | K17: 1532384.7 | L17: 388 | M17: 632965.16 | N17: =+K17+M17 -> 2165349.9 | O17: =N17+I17 -> 17186853 | P17: =L17+J17+G17+E17 -> 14529 | U17: 0 | V17: =Y17+W17 -> 721 | W17: 346 | X17: 6217729 | Y17: 375 | Z17: 1773048.1 | AA17: =Z17+X17 -> 7990777.1 | AB17: =AA17/$AL$48 -> 615.80777 | AC17: 0 | AD17: 0 | AE17: 100 | AF17: 12 | AG17: =+AE17+AF17 -> 112 | AH17: 1393500 | AI17: =AH17/$AL$48 -> 107.38982 | AJ17: 132.95 | AK17: 1329500 | AL17: =AK17/$AL$48 -> 102.45767
B18: 7 | C18: 7 | D18: 52 | E18: 10132 | F18: 11019249 | G18: 2080 | H18: 3393215.3 | I18: =F18+H18 -> 14412464 | J18: 1389 | K18: 1510633.3 | L18: 348 | M18: 567711.02 | N18: =+K18+M18 -> 2078344.4 | O18: =N18+I18 -> 16490809 | P18: =L18+J18+G18+E18 -> 13949 | U18: 0 | V18: =Y18+W18 -> 876 | W18: 424 | X18: 7619413.6 | Y18: 452 | Z18: 2137114 | AA18: =Z18+X18 -> 9756527.5 | AB18: =AA18/$AL$48 -> 751.88501 | AC18: 0 | AD18: 0 | AE18: 100 | AF18: 0 | AG18: =+AE18+AF18 -> 100 | AH18: 1256000 | AI18: =AH18/$AL$48 -> 96.79341 | AJ18: 389.86 | AK18: 3898600 | AL18: =AK18/$AL$48 -> 300.4449
B19: 8 | C19: 5 | D19: 47 | E19: 10332 | F19: 11236763 | G19: 2080 | H19: 3393215.3 | I19: =F19+H19 -> 14629978 | J19: 1469 | K19: 1597638.9 | L19: 388 | M19: 632965.16 | N19: =+K19+M19 -> 2230604 | O19: =N19+I19 -> 16860582 | P19: =L19+J19+G19+E19 -> 14269 | U19: 0 | V19: =Y19+W19 -> 830 | W19: 457 | X19: 8212434 | Y19: 373 | Z19: 1763591.8 | AA19: =Z19+X19 -> 9976025.8 | AB19: =AA19/$AL$48 -> 768.8006 | AC19: 0 | AD19: 0 | AE19: 100 | AF19: 12 | AG19: =+AE19+AF19 -> 112 | AH19: 1393500 | AI19: =AH19/$AL$48 -> 107.38982 | AJ19: 107.88 | AK19: 1078800 | AL19: =AK19/$AL$48 -> 83.137524
B20: 9 | C20: 5 | D20: 47 | E20: 10332 | F20: 11236763 | G20: 2064 | H20: 3367113.6 | I20: =F20+H20 -> 14603877 | J20: 1489 | K20: 1619390.2 | L20: 388 | M20: 632965.16 | N20: =+K20+M20 -> 2252355.4 | O20: =N20+I20 -> 16856232 | P20: =L20+J20+G20+E20 -> 14273 | U20: 0 | V20: =Y20+W20 -> 866 | W20: 388 | X20: 6972482.2 | Y20: 478 | Z20: 2260045.3 | AA20: =Z20+X20 -> 9232527.5 | AB20: =AA20/$AL$48 -> 711.50304 | AC20: 0 | AD20: 0 | AE20: 100 | AF20: 12 | AG20: =+AE20+AF20 -> 112 | AH20: 1393500 | AI20: =AH20/$AL$48 -> 107.38982 | AJ20: 404.06 | AK20: 4040600 | AL20: =AK20/$AL$48 -> 311.3881
B21: 10 | C21: 3 | D21: 34 | E21: 10612 | F21: 11541282 | G21: 2016 | H21: 3288808.7 | I21: =F21+H21 -> 14830091 | J21: 1489 | K21: 1619390.2 | L21: 408 | M21: 665592.23 | N21: =+K21+M21 -> 2284982.5 | O21: =N21+I21 -> 17115073 | P21: =L21+J21+G21+E21 -> 14525 | U21: 0 | V21: =Y21+W21 -> 862 | W21: 423 | X21: 7601443.3 | Y21: 439 | Z21: 2075648.3 | AA21: =Z21+X21 -> 9677091.6 | AB21: =AA21/$AL$48 -> 745.76329 | AC21: 0 | AD21: 0 | AE21: 100 | AF21: 12 | AG21: =+AE21+AF21 -> 112 | AH21: 1393500 | AI21: =AH21/$AL$48 -> 107.38982 | AJ21: 262.8 | AK21: 2628000 | AL21: =AK21/$AL$48 -> 202.52634
B22: 11 | C22: 3 | D22: 39 | E22: 11451 | F22: 12453753 | G22: 2080 | H22: 3393215.3 | I22: =F22+H22 -> 15846968 | J22: 1509 | K22: 1641141.6 | L22: 368 | M22: 600338.09 | N22: =+K22+M22 -> 2241479.7 | O22: =N22+I22 -> 18088448 | P22: =L22+J22+G22+E22 -> 15408 | U22: 0 | V22: =Y22+W22 -> 926 | W22: 411 | X22: 7385799.5 | Y22: 515 | Z22: 2434986 | AA22: =Z22+X22 -> 9820785.5 | AB22: =AA22/$AL$48 -> 756.83704 | AC22: 0 | AD22: 0 | AE22: 100 | AF22: 12 | AG22: =+AE22+AF22 -> 112 | AH22: 1393500 | AI22: =AH22/$AL$48 -> 107.38982 | AJ22: 350.9 | AK22: 3509000 | AL22: =AK22/$AL$48 -> 270.42044
B23: 12 | C23: 3 | D23: 39 | E23: 8732 | F23: 9496652.5 | G23: 2000 | H23: 3262707 | I23: =F23+H23 -> 12759360 | J23: 1469 | K23: 1597638.9 | L23: 388 | M23: 632965.16 | N23: =+K23+M23 -> 2230604 | O23: =N23+I23 -> 14989964 | P23: =L23+J23+G23+E23 -> 12589 | U23: 0 | V23: =Y23+W23 -> 892 | W23: 404 | X23: 7260007.3 | Y23: 488 | Z23: 2307326.6 | AA23: =Z23+X23 -> 9567333.9 | AB23: =AA23/$AL$48 -> 737.30483 | AC23: 0 | AD23: 0 | AE23: 100 | AF23: 12 | AG23: =+AE23+AF23 -> 112 | AH23: 1393500 | AI23: =AH23/$AL$48 -> 107.38982 | AJ23: 433.72 | AK23: 4337200 | AL23: =AK23/$AL$48 -> 334.24552
... B42: 31 | C42: 6 | D42: 81 | E42: 9771 | F42: 10626637 | G42: 1920 | H42: 3132198.7 | I42: =F42+H42 -> 13758835 | J42: 1415 | K42: 1538910.1 | L42: 400 | M42: 652541.4 | N42: =+K42+M42 -> 2191451.5 | O42: =N42+I42 -> 15950287 | P42: =L42+J42+G42+E42 -> 13506 | U42: 1 | V42: =Y42+W42 -> 589 | W42: 89 | X42: 1599358 | Y42: 500 | Z42: 2364064.1 | AA42: =Z42+X42 -> 3963422.2 | AB42: =AA42/$AL$48 -> 305.4404 | AC42: 0 | AD42: 0 | AE42: 100 | AF42: 12 | AG42: =+AE42+AF42 -> 112 | AH42: 1393500 | AI42: =AH42/$AL$48 -> 107.38982 | AJ42: 202.08 | AK42: 2020800 | AL42: =AK42/$AL$48 -> 155.73258
C47: =SUM(C12:C43) -> 120 | D47: =SUM(D12:D43) -> 1374 | E47: =SUM(E12:E43) -> 309240 | F47: =SUM(F12:F43) -> 3.3631984e+08 | G47: =SUM(G12:G43) -> 62040 | H47: =SUM(H12:H43) -> 1.0120917e+08 | I47: =SUM(I12:I43) -> 4.3752901e+08 | J47: =SUM(J12:J43) -> 43900 | ... P47: =SUM(P12:P43) -> 426860 | Q47: =+#REF! -> #REF! | R47: =+#REF! -> #REF! | S47: =Q47+P47 -> #REF! | T47: =R47+O47 -> #REF! | U47: =T47/AL48 -> #REF! | V47: =SUM(V12:V42) -> 24504 | W47: =SUM(W12:W42) -> 10047 | X47: =SUM(X12:X42) -> 1.8052341e+08 | Y47: =SUM(Y12:Y42) -> 14457 | Z47: =SUM(Z12:Z42) -> 68354550 | AA47: =SUM(AA12:AA42) -> 2.4887796e+08 | AB47: =AA47/$AL$48 -> 19179.734 | AC47: =SUM(AC12:AC41) -> 0 | AD47: =SUM(AD12:AD41) -> 0 | AE47: =SUM(AE12:AE42) -> 2800 | AF47: =SUM(AF12:AF42) -> 288 | AG47: =SUM(AG12:AG42) -> 3088 | AH47: =SUM(AH12:AH43) -> 38468000 | AI47: =AH47/$AL$48 -> 2964.5294 | AJ47: =SUM(AJ12:AJ43) -> 9523.72 | AK47: =SUM(AK12:AK43) -> 95237200 | AL47: =AK47/AL48 -> 7339.4374
T48: kWh rate | U48: =U47/S47 -> #REF! | V48: m3/RNs | AL48: 12976.09
W52: =W47/V47 -> 0.41001469

Sheet RNs & Covers July 2021
A1: Four Seasons Resort Bali at Jimbaran Bay
A2: 44378
A3: Date | B3: Room Nights | C3: Food Covers
A6: 1 | B6: 4 | C6: 84
A7: 2 | B7: 6 | C7: 102
A8: =A7+1 -> 3 | B8: 8 | C8: 102
A9: =A8+1 -> 4 | B9: 6 | C9: 83
A10: =A9+1 -> 5 | B10: 5 | C10: 50
A11: =A10+1 -> 6 | B11: 7 | C11: 63
A12: =A11+1 -> 7 | B12: 7 | C12: 52
A13: =A12+1 -> 8 | B13: 5 | C13: 47
A14: =A13+1 -> 9 | B14: 5 | C14: 47
A15: =A14+1 -> 10 | B15: 3 | C15: 34
A16: =A15+1 -> 11 | B16: 3 | C16: 39
A17: =A16+1 -> 12 | B17: 3 | C17: 39
A18: =A17+1 -> 13 | B18: 2 | C18: 29
A19: =A18+1 -> 14 | B19: 3 | C19: 20
... A35: =A34+1 -> 30 | B35: 5 | C35: 74
A36: 31 | B36: 6 | C36: 81
B38: =SUM(B6:B36) -> 120 | C38: =SUM(C6:C36) -> 1374
