Workbook

Sheet TOTAL
A1: Site Name | B1: Day | C1: Month | D1: Year | E1: Total Electricity Kwh | F1: Electricity Tariff ($/Kwh) | G1: LPG (Kg) | H1: LPG $/Kg | I1: Total Fuel Oil (Liter) | J1: Fuel Oil $/Liter | K1: Water Utility Supply (m3) m3 | L1: Water Utility Supply (m3) $/m3 | M1: Room Nights | N1: Food Covers
A2: Bali at Sayan | B2: 1 | C2: 11 | D2: 2022 | E2: =Electricity!F8+Electricity!I8 -> 9920 | F2: =Electricity!L8/TOTAL!E2 -> 1237.7983 | G2: =Gas!F9+Gas!I9+Gas!L9+Gas!O9 -> 102.25 | H2: =Gas!Q9/TOTAL!G2 -> 15840 | I2: ='Fuel Diesel'!F9 -> 0 | J2: 24300 | K2: =Water!F9+Water!H9+Water!J9 -> 189 | L2: =Water!L9/TOTAL!K2 -> 4000 | M2: =Electricity!C8 -> 31 | N2: =Electricity!D8 -> 158
A3: Bali at Sayan | B3: =B2+1 -> 2 | C3: 11 | D3: 2022 | E3: =Electricity!F9+Electricity!I9 -> 9880 | F3: =Electricity!L9/TOTAL!E3 -> 1232.4337 | G3: =Gas!F10+Gas!I10+Gas!L10+Gas!O10 -> 113.4 | H3: =Gas!Q10/TOTAL!G3 -> 15840 | I3: ='Fuel Diesel'!F10 -> 0 | J3: 24300 | K3: =Water!F10+Water!H10+Water!J10 -> 231 | L3: =Water!L10/TOTAL!K3 -> 4000 | M3: =Electricity!C9 -> 31 | N3: =Electricity!D9 -> 111
A4: Bali at Sayan | B4: =B3+1 -> 3 | C4: 11 | D4: 2022 | E4: =Electricity!F10+Electricity!I10 -> 9740 | F4: =Electricity!L10/TOTAL!E4 -> 1233.7759 | G4: =Gas!F11+Gas!I11+Gas!L11+Gas!O11 -> 86.21 | H4: =Gas!Q11/TOTAL!G4 -> 15840 | I4: ='Fuel Diesel'!F11 -> 0 | J4: 24300 | K4: =Water!F11+Water!H11+Water!J11 -> 147 | L4: =Water!L11/TOTAL!K4 -> 4000 | M4: =Electricity!C10 -> 32 | N4: =Electricity!D10 -> 120
A5: Bali at Sayan | B5: =B4+1 -> 4 | C5: 11 | D5: 2022 | E5: =Electricity!F11+Electricity!I11 -> 9920 | F5: =Electricity!L11/TOTAL!E5 -> 1235.5018 | G5: =Gas!F12+Gas!I12+Gas!L12+Gas!O12 -> 172.68 | H5: =Gas!Q12/TOTAL!G5 -> 15840 | I5: ='Fuel Diesel'!F12 -> 0 | J5: 24300 | K5: =Water!F12+Water!H12+Water!J12 -> 190 | L5: =Water!L12/TOTAL!K5 -> 4000 | M5: =Electricity!C11 -> 30 | N5: =Electricity!D11 -> 107
A6: Bali at Sayan | B6: =B5+1 -> 5 | C6: 11 | D6: 2022 | E6: =Electricity!F12+Electricity!I12 -> 9820 | F6: =Electricity!L12/TOTAL!E6 -> 1235.3241 | G6: =Gas!F13+Gas!I13+Gas!L13+Gas!O13 -> 107.26 | H6: =Gas!Q13/TOTAL!G6 -> 15840 | I6: ='Fuel Diesel'!F13 -> 0 | J6: 24300 | K6: =Water!F13+Water!H13+Water!J13 -> 183 | L6: =Water!L13/TOTAL!K6 -> 4000 | M6: =Electricity!C12 -> 32 | N6: =Electricity!D12 -> 139
A7: Bali at Sayan | B7: =B6+1 -> 6 | C7: 11 | D7: 2022 | E7: =Electricity!F13+Electricity!I13 -> 9580 | F7: =Electricity!L13/TOTAL!E7 -> 1235.358 | G7: =Gas!F14+Gas!I14+Gas!L14+Gas!O14 -> 106.57 | H7: =Gas!Q14/TOTAL!G7 -> 15840 | I7: ='Fuel Diesel'!F14 -> 0 | J7: 24300 | K7: =Water!F14+Water!H14+Water!J14 -> 182 | L7: =Water!L14/TOTAL!K7 -> 4000 | M7: =Electricity!C13 -> 28 | N7: =Electricity!D13 -> 139
A8: Bali at Sayan | B8: =B7+1 -> 7 | C8: 11 | D8: 2022 | E8: =Electricity!F14+Electricity!I14 -> 10060 | F8: =Electricity!L14/TOTAL!E8 -> 1234.1595 | G8: =Gas!F15+Gas!I15+Gas!L15+Gas!O15 -> 104.77 | H8: =Gas!Q15/TOTAL!G8 -> 15840 | I8: ='Fuel Diesel'!F15 -> 14 | J8: 24300 | K8: =Water!F15+Water!H15+Water!J15 -> 193 | L8: =Water!L15/TOTAL!K8 -> 4000 | M8: =Electricity!C14 -> 29 | N8: =Electricity!D14 -> 104
A9: Bali at Sayan | B9: =B8+1 -> 8 | C9: 11 | D9: 2022 | E9: =Electricity!F15+Electricity!I15 -> 9380 | F9: =Electricity!L15/TOTAL!E9 -> 1236.1971 | G9: =Gas!F16+Gas!I16+Gas!L16+Gas!O16 -> 104.3 | H9: =Gas!Q16/TOTAL!G9 -> 15840 | I9: ='Fuel Diesel'!F16 -> 0 | J9: 24300 | K9: =Water!F16+Water!H16+Water!J16 -> 192 | L9: =Water!L16/TOTAL!K9 -> 4000 | M9: =Electricity!C15 -> 32 | N9: =Electricity!D15 -> 129
A10: Bali at Sayan | B10: =B9+1 -> 9 | C10: 11 | D10: 2022 | E10: =Electricity!F16+Electricity!I16 -> 9640 | F10: =Electricity!L16/TOTAL!E10 -> 1234.7586 | G10: =Gas!F17+Gas!I17+Gas!L17+Gas!O17 -> 156.72 | H10: =Gas!Q17/TOTAL!G10 -> 15840 | I10: ='Fuel Diesel'!F17 -> 5 | J10: 24300 | K10: =Water!F17+Water!H17+Water!J17 -> 198 | L10: =Water!L17/TOTAL!K10 -> 4000 | M10: =Electricity!C16 -> 25 | N10: =Electricity!D16 -> 110
A11: Bali at Sayan | B11: =B10+1 -> 10 | C11: 11 | D11: 2022 | E11: =Electricity!F17+Electricity!I17 -> 9340 | F11: =Electricity!L17/TOTAL!E11 -> 1232.9546 | G11: =Gas!F18+Gas!I18+Gas!L18+Gas!O18 -> 102.79 | H11: =Gas!Q18/TOTAL!G11 -> 15840 | I11: ='Fuel Diesel'!F18 -> 0 | J11: 24300 | K11: =Water!F18+Water!H18+Water!J18 -> 212 | L11: =Water!L18/TOTAL!K11 -> 4000 | M11: =Electricity!C17 -> 17 | N11: =Electricity!D17 -> 105
A12: Bali at Sayan | B12: =B11+1 -> 11 | C12: 11 | D12: 2022 | E12: =Electricity!F18+Electricity!I18 -> 9340 | F12: =Electricity!L18/TOTAL!E12 -> 1241.4913 | G12: =Gas!F19+Gas!I19+Gas!L19+Gas!O19 -> 101.8 | H12: =Gas!Q19/TOTAL!G12 -> 15840 | I12: ='Fuel Diesel'!F19 -> 0 | J12: 24300 | K12: =Water!F19+Water!H19+Water!J19 -> 361 | L12: =Water!L19/TOTAL!K12 -> 4000 | M12: =Electricity!C18 -> 22 | N12: =Electricity!D18 -> 84
A13: Bali at Sayan | B13: =B12+1 -> 12 | C13: 11 | D13: 2022 | E13: =Electricity!F19+Electricity!I19 -> 9800 | F13: =Electricity!L19/TOTAL!E13 -> 1229.7091 | G13: =Gas!F20+Gas!I20+Gas!L20+Gas!O20 -> 93.24 | H13: =Gas!Q20/TOTAL!G13 -> 15840 | I13: ='Fuel Diesel'!F20 -> 0 | J13: 24300 | K13: =Water!F20+Water!H20+Water!J20 -> 303 | L13: =Water!L20/TOTAL!K13 -> 4000 | M13: =Electricity!C19 -> 30 | N13: =Electricity!D19 -> 87
A14: Bali at Sayan | B14: =B13+1 -> 13 | C14: 11 | D14: 2022 | E14: =Electricity!F20+Electricity!I20 -> 9180 | F14: =Electricity!L20/TOTAL!E14 -> 1235.832 | G14: =Gas!F21+Gas!I21+Gas!L21+Gas!O21 -> 108.46 | H14: =Gas!Q21/TOTAL!G14 -> 15840 | I14: ='Fuel Diesel'!F21 -> 0 | J14: 24300 | K14: =Water!F21+Water!H21+Water!J21 -> 238 | L14: =Water!L21/TOTAL!K14 -> 4000 | M14: =Electricity!C20 -> 30 | N14: =Electricity!D20 -> 133
... A30: Bali at Sayan | B30: =B29+1 -> 29 | C30: 11 | D30: 2022 | E30: =Electricity!F36+Electricity!I36 -> 9320 | F30: =Electricity!L36/TOTAL!E30 -> 1231.9339 | G30: =Gas!F37+Gas!I37+Gas!L37+Gas!O37 -> 97.79984 | H30: =Gas!Q37/TOTAL!G30 -> 15840 | I30: ='Fuel Diesel'!F37 -> 0 | J30: 24300 | K30: =Water!F37+Water!H37+Water!J37 -> 210 | L30: =Water!L37/TOTAL!K30 -> 4000 | M30: =Electricity!C36 -> 20 | N30: =Electricity!D36 -> 73
A31: Bali at Sayan | B31: 30 | C31: 11 | D31: 2022 | E31: =Electricity!F37+Electricity!I37 -> 9320 | F31: =Electricity!L37/TOTAL!E31 -> 1238.0447 | G31: =Gas!F38+Gas!I38+Gas!L38+Gas!O38 -> 95.62472 | H31: =Gas!Q38/TOTAL!G31 -> 15840 | I31: ='Fuel Diesel'!F38 -> 9 | J31: 24300 | K31: =Water!F38+Water!H38+Water!J38 -> 211 | L31: =Water!L38/TOTAL!K31 -> 4000 | M31: =Electricity!C37 -> 23 | N31: =Electricity!D37 -> 81
E32: =SUM(E2:E31) -> 285760 | F32: =SUM(F2:F31)/30 -> 1235.4396 | G32: =SUM(G2:G31) -> 3435.5744 | H32: =SUM(H2:H31)/30 -> 15840 | I32: =SUM(I2:I31) -> 65 | J32: 24300 | K32: =SUM(K2:K31) -> 6595 | L32: =SUM(L2:L31)/30 -> 4072.4322 | M32: =SUM(M2:M31) -> 857 | N32: =SUM(N2:N31) -> 3454

Sheet Electricity
B1: Daily Electricity Consumption
B2: Engineering Department
B4: 44866
B5: Date | C5: Room Nights | D5: Food Covers | E5: BASED LOAD (from 10 pm - 6 pm) | H5: PEAK LOAD (from 6 pm - 10 pm) | K5: Sub-Total Cost (Based + Peak cost) | L5: TOTAL COST include 10% TAX (sub total cost X 1.1) | M5: USD
E6: Used (reading) | F6: kWh (Used x2000) | G6: IDR Cost (kWh x IDR 1035.5) | H6: Used (reading) | I6: kWh (Used x2000) | J6: Cost (kWh x IDR 1553.25)
B8: 1 | C8: 31 | D8: 158 | E8: 4.1 | F8: =E8*2000 -> 8200 | G8: =F8*1035.5 -> 8491100 | H8: 0.86 | I8: =H8*2000 -> 1720 | J8: =I8*1553.25 -> 2671590 | K8: =G8+J8 -> 11162690 | L8: =K8*1.1 -> 12278959 | M8: =L8/14381 -> 853.83207
B9: 2 | C9: 31 | D9: 111 | E9: 4.13 | F9: =E9*2000 -> 8260 | G9: =F9*1035.5 -> 8553230 | H9: 0.81 | I9: =H9*2000 -> 1620 | J9: =I9*1553.25 -> 2516265 | K9: =G9+J9 -> 11069495 | L9: =K9*1.1 -> 12176445 | M9: =L9/14381 -> 846.7036
B10: 3 | C10: 32 | D10: 120 | E10: 4.06 | F10: =E10*2000 -> 8120 | G10: =F10*1035.5 -> 8408260 | H10: 0.81 | I10: =H10*2000 -> 1620 | J10: =I10*1553.25 -> 2516265 | K10: =G10+J10 -> 10924525 | L10: =K10*1.1 -> 12016977 | M10: =L10/14381 -> 835.61487
B11: 4 | C11: 30 | D11: 107 | E11: 4.12 | F11: =E11*2000 -> 8240 | G11: =F11*1035.5 -> 8532520 | H11: 0.84 | I11: =H11*2000 -> 1680 | J11: =I11*1553.25 -> 2609460 | K11: =G11+J11 -> 11141980 | L11: =K11*1.1 -> 12256178 | M11: =L11/14381 -> 852.24797
B12: 5 | C12: 32 | D12: 139 | E12: 4.08 | F12: =E12*2000 -> 8160 | G12: =F12*1035.5 -> 8449680 | H12: 0.83 | I12: =H12*2000 -> 1660 | J12: =I12*1553.25 -> 2578395 | K12: =G12+J12 -> 11028075 | L12: =K12*1.1 -> 12130883 | M12: =L12/14381 -> 843.53539
B13: 6 | C13: 28 | D13: 139 | E13: 3.98 | F13: =E13*2000 -> 7960 | G13: =F13*1035.5 -> 8242580 | H13: 0.81 | I13: =H13*2000 -> 1620 | J13: =I13*1553.25 -> 2516265 | K13: =G13+J13 -> 10758845 | L13: =K13*1.1 -> 11834730 | M13: =L13/14381 -> 822.94204
B14: 7 | C14: 29 | D14: 104 | E14: 4.19 | F14: =E14*2000 -> 8380 | G14: =F14*1035.5 -> 8677490 | H14: 0.84 | I14: =H14*2000 -> 1680 | J14: =I14*1553.25 -> 2609460 | K14: =G14+J14 -> 11286950 | L14: =K14*1.1 -> 12415645 | M14: =L14/14381 -> 863.33669
B15: 8 | C15: 32 | D15: 129 | E15: 3.89 | F15: =E15*2000 -> 7780 | G15: =F15*1035.5 -> 8056190 | H15: 0.8 | I15: =H15*2000 -> 1600 | J15: =I15*1553.25 -> 2485200 | K15: =G15+J15 -> 10541390 | L15: =K15*1.1 -> 11595529 | M15: =L15/14381 -> 806.30895
B16: 9 | C16: 25 | D16: 110 | E16: 4.01 | F16: =E16*2000 -> 8020 | G16: =F16*1035.5 -> 8304710 | H16: 0.81 | I16: =H16*2000 -> 1620 | J16: =I16*1553.25 -> 2516265 | K16: =G16+J16 -> 10820975 | L16: =K16*1.1 -> 11903073 | M16: =L16/14381 -> 827.69435
B17: 10 | C17: 17 | D17: 105 | E17: 3.9 | F17: =E17*2000 -> 7800 | G17: =F17*1035.5 -> 8076900 | H17: 0.77 | I17: =H17*2000 -> 1540 | J17: =I17*1553.25 -> 2392005 | K17: =G17+J17 -> 10468905 | L17: =K17*1.1 -> 11515796 | M17: =L17/14381 -> 800.76459
B18: 11 | C18: 22 | D18: 84 | E18: 3.83 | F18: =E18*2000 -> 7660 | G18: =F18*1035.5 -> 7931930 | H18: 0.84 | I18: =H18*2000 -> 1680 | J18: =I18*1553.25 -> 2609460 | K18: =G18+J18 -> 10541390 | L18: =K18*1.1 -> 11595529 | M18: =L18/14381 -> 806.30895
B19: 12 | C19: 30 | D19: 87 | E19: 4.12 | F19: =E19*2000 -> 8240 | G19: =F19*1035.5 -> 8532520 | H19: 0.78 | I19: =H19*2000 -> 1560 | J19: =I19*1553.25 -> 2423070 | K19: =G19+J19 -> 10955590 | L19: =K19*1.1 -> 12051149 | M19: =L19/14381 -> 837.99103
... B37: 30 | C37: 23 | D37: 81 | E37: 3.85 | F37: =E37*2000 -> 7700 | G37: =F37*1035.5 -> 7973350 | H37: 0.81 | I37: =H37*2000 -> 1620 | J37: =I37*1553.25 -> 2516265 | K37: =G37+J37 -> 10489615 | L37: =K37*1.1 -> 11538576 | M37: =L37/14381 -> 802.34869
C38: =SUM(C8:C37) -> 857 | D38: =SUM(D8:D37) -> 3454 | E38: 3.28 | F38: =SUM(F8:F37) -> 237420 | I38: =SUM(I8:I37) -> 48340 | L38: =SUM(L8:L37) -> 3.5302577e+08 | M38: =SUM(M8:M37) -> 24548.068
G40: Total KWh | I40: =F38+I38 -> 285760

Sheet Gas
B1: Daily Gas Consumption
B2: Engineering Department
B4: 44866
B5: Date | C5: Room Nights | D5: Food Covers | E5: LPG Tube 50kg | Q5: TOTAL Cost (include Tax)
E6: Ayung Terrace | H6: Riverside | K6: Sokasi - Cooking class | N6: Porte Cochere bonfire
E7: METER READING | F7: Used (kg) | G7: IDR Cost kg x rate IDR | H7: METER READING (tube installed) | I7: Used (kg) | J7: IDR Cost kg x rate IDR | K7: METER READING | L7: Used (kg) | M7: IDR Cost m3 x rate IDR | N7: Tube installed | O7: Used (kg) | P7: IDR Cost m3 x rate IDR
G8: 15840 | J8: =G8 -> 15840 | M8: =J8 -> 15840 | P8: =J8 -> 15840 | Q8: IDR | R8: USD | U8: =792000/50 -> 15840
B9: 1 | C9: =Electricity!C8 -> 31 | D9: =Electricity!D8 -> 158 | E9: 13191.45 | F9: 82.25 | G9: =F9*$G$8 -> 1302840 | H9: 1739.5 | I9: 20 | J9: =I9*$J$8 -> 316800 | L9: 0 | M9: =L9*$M$8 -> 0 | O9: 0 | P9: =O9*$P$8 -> 0 | Q9: =P9+G9+J9+M9 -> 1619640 | R9: =Q9/14381 -> 112.6236
B10: 2 | C10: =Electricity!C9 -> 31 | D10: =Electricity!D9 -> 111 | E10: 13214.14 | F10: 91.4 | G10: =F10*$G$8 -> 1447776 | H10: 1744.85 | I10: 22 | J10: =I10*$J$8 -> 348480 | L10: 0 | M10: =L10*$M$8 -> 0 | P10: =O10*$P$8 -> 0 | Q10: =J10+M10+G10+P10 -> 1796256 | R10: =Q10/14381 -> 124.9048
B11: 3 | C11: =Electricity!C10 -> 32 | D11: =Electricity!D10 -> 120 | E11: 13234.55 | F11: 82.21 | G11: =F11*$G$8 -> 1302206.4 | H11: 1745.88 | I11: 4 | J11: =I11*$J$8 -> 63360 | L11: 0 | M11: =L11*$M$8 -> 0 | O11: 0 | P11: =O11*$P$8 -> 0 | Q11: =J11+M11+G11+P11 -> 1365566.4 | R11: =Q11/14381 -> 94.95629
B12: 4 | C12: =Electricity!C11 -> 30 | D12: =Electricity!D11 -> 107 | E12: 13256.07 | F12: 86.68 | G12: =F12*$G$8 -> 1373011.2 | H12: 1754.79 | I12: 36 | J12: =I12*$J$8 -> 570240 | L12: 0 | M12: =L12*$M$8 -> 0 | O12: 50 | P12: =O12*$P$8 -> 792000 | Q12: =J12+M12+G12+P12 -> 2735251.2 | R12: =Q12/14381 -> 190.19896
B13: 5 | C13: =Electricity!C12 -> 32 | D13: =Electricity!D12 -> 139 | E13: 13278.23 | F13: 89.26 | G13: =F13*$G$8 -> 1413878.4 | H13: 1759.3 | I13: 18 | J13: =I13*$J$8 -> 285120 | L13: 0 | M13: =L13*$M$8 -> 0 | O13: 0 | P13: =O13*$P$8 -> 0 | Q13: =J13+M13+G13+P13 -> 1698998.4 | R13: =Q13/14381 -> 118.14188
B14: 6 | C14: =Electricity!C13 -> 28 | D14: =Electricity!D13 -> 139 | E14: 13299.97 | F14: 87.57 | G14: =F14*$G$8 -> 1387108.8 | H14: 1764 | I14: 19 | J14: =I14*$J$8 -> 300960 | L14: 0 | M14: =L14*$M$8 -> 0 | P14: =O14*$P$8 -> 0 | Q14: =J14+M14+G14+P14 -> 1688068.8 | R14: =Q14/14381 -> 117.38188
B15: 7 | C15: =Electricity!C14 -> 29 | D15: =Electricity!D14 -> 104 | E15: 13321.76 | F15: 87.77 | G15: =F15*$G$8 -> 1390276.8 | H15: 1768.13 | I15: 17 | J15: =I15*$J$8 -> 269280 | L15: 0 | M15: =L15*$M$8 -> 0 | O15: 0 | P15: =O15*$P$8 -> 0 | Q15: =J15+M15+G15+P15 -> 1659556.8 | R15: =Q15/14381 -> 115.39926
B16: 8 | C16: =Electricity!C15 -> 32 | D16: =Electricity!D15 -> 129 | E16: 13341.2 | F16: 78.3 | G16: =F16*$G$8 -> 1240272 | H16: 1774.61 | I16: 26 | J16: =I16*$J$8 -> 411840 | L16: 0 | M16: =L16*$M$8 -> 0 | O16: 0 | P16: =O16*$P$8 -> 0 | Q16: =J16+M16+G16+P16 -> 1652112 | R16: =Q16/14381 -> 114.88158
B17: 9 | C17: =Electricity!C16 -> 25 | D17: =Electricity!D16 -> 110 | E17: 13362.48 | F17: 85.72 | G17: =F17*$G$8 -> 1357804.8 | H17: 1779.82 | I17: 21 | J17: =I17*$J$8 -> 332640 | L17: 0 | M17: =L17*$M$8 -> 0 | O17: 50 | P17: =O17*$P$8 -> 792000 | Q17: =J17+M17+G17+P17 -> 2482444.8 | R17: =Q17/14381 -> 172.61976
B18: 10 | C18: =Electricity!C17 -> 17 | D18: =Electricity!D17 -> 105 | E18: 13383.53 | F18: 84.79 | G18: =F18*$G$8 -> 1343073.6 | H18: 1784.4 | I18: 18 | J18: =I18*$J$8 -> 285120 | L18: 0 | M18: =L18*$M$8 -> 0 | O18: 0 | P18: =O18*$P$8 -> 0 | Q18: =J18+M18+G18+P18 -> 1628193.6 | R18: =Q18/14381 -> 113.21839
B19: 11 | C19: =Electricity!C18 -> 22 | D19: =Electricity!D18 -> 84 | E19: 13403.59 | F19: 80.8 | G19: =F19*$G$8 -> 1279872 | H19: 1789.56 | I19: 21 | J19: =I19*$J$8 -> 332640 | L19: 0 | M19: =L19*$M$8 -> 0 | O19: 0 | P19: =O19*$P$8 -> 0 | Q19: =J19+M19+G19+P19 -> 1612512 | R19: =Q19/14381 -> 112.12795
B20: 12 | C20: =Electricity!C19 -> 30 | D20: =Electricity!D19 -> 87 | E20: 13422.27 | F20: 75.24 | G20: =F20*$G$8 -> 1191801.6 | H20: 1793.98 | I20: 18 | J20: =I20*$J$8 -> 285120 | L20: 0 | M20: =L20*$M$8 -> 0 | O20: 0 | P20: =O20*$P$8 -> 0 | Q20: =J20+M20+G20+P20 -> 1476921.6 | R20: =Q20/14381 -> 102.69951
B21: 13 | C21: =Electricity!C20 -> 30 | D21: =Electricity!D20 -> 133 | E21: 13444.48 | F21: 89.46 | G21: =F21*$G$8 -> 1417046.4 | H21: 1798.58 | I21: 19 | J21: =I21*$J$8 -> 300960 | L21: 0 | M21: =L21*$M$8 -> 0 | O21: 0 | P21: =O21*$P$8 -> 0 | Q21: =J21+M21+G21+P21 -> 1718006.4 | R21: =Q21/14381 -> 119.46363
B22: 14 | C22: =Electricity!C21 -> 31 | D22: =Electricity!D21 -> 76 | E22: 13466.86 | F22: 90.15 | G22: =F22*$G$8 -> 1427976 | H22: 1803.64 | I22: 20 | J22: =I22*$J$8 -> 316800 | L22: 0 | M22: =L22*$M$8 -> 0 | O22: 50 | P22: =O22*$P$8 -> 792000 | Q22: =J22+M22+G22+P22 -> 2536776 | R22: =Q22/14381 -> 176.39775
B23: 15 | C23: =Electricity!C22 -> 34 | D23: =Electricity!D22 -> 105 | E23: 13491.35 | F23: 98.65 | G23: =F23*$G$8 -> 1562616 | H23: 1808.59 | I23: 20 | J23: =I23*$J$8 -> 316800 | L23: 0 | M23: =L23*$M$8 -> 0 | O23: 0 | P23: =O23*$P$8 -> 0 | Q23: =J23+M23+G23+P23 -> 1879416 | R23: =Q23/14381 -> 130.68743
B24: 16 | C24: =Electricity!C23 -> 29 | D24: =Electricity!D23 -> 101 | E24: 13515.98 | F24: 99.21 | G24: =F24*$G$8 -> 1571486.4 | H24: 1813.85 | I24: 21 | J24: =I24*$J$8 -> 332640 | L24: 0 | M24: =L24*$M$8 -> 0 | O24: 0 | P24: =O24*$P$8 -> 0 | Q24: =J24+M24+G24+P24 -> 1904126.4 | R24: =Q24/14381 -> 132.4057
B25: 17 | C25: =Electricity!C24 -> 36 | D25: =Electricity!D24 -> 123 | E25: 13534.79 | F25: 75.77 | G25: =F25*$G$8 -> 1200196.8 | H25: 1818.88 | I25: 20 | J25: =I25*$J$8 -> 316800 | L25: 0 | M25: =L25*$M$8 -> 0 | O25: 0 | P25: =O25*$P$8 -> 0 | Q25: =J25+M25+G25+P25 -> 1516996.8 | R25: =Q25/14381 -> 105.48618
B26: 18 | C26: =Electricity!C25 -> 45 | D26: =Electricity!D25 -> 141 | E26: 13555.88 | F26: 84.95 | G26: =F26*$G$8 -> 1345608 | H26: 1823.1 | I26: 17 | J26: =I26*$J$8 -> 269280 | L26: 0 | M26: =L26*$M$8 -> 0 | O26: 0 | P26: =O26*$P$8 -> 0 | Q26: =J26+M26+G26+P26 -> 1614888 | R26: =Q26/14381 -> 112.29316
... B28: 20 | C28: =Electricity!C27 -> 36 | D28: =Electricity!D27 -> 173 | E28: 13600.66 | F28: 94.5 | G28: =F28*$G$8 -> 1496880 | H28: 1832.76 | I28: 20 | J28: =I28*$J$8 -> 316800 | L28: 0 | M28: =L28*$M$8 -> 0 | O28: 0 | P28: =O28*$P$8 -> 0 | Q28: =J28+M28+G28+P28 -> 1813680 | R28: =Q28/14381 -> 126.1164
B29: 21 | C29: =Electricity!C28 -> 26 | D29: =Electricity!D28 -> 175 | E29: 13622.75 | F29: 88.98 | G29: =F29*$G$8 -> 1409443.2 | H29: 1837.93 | I29: 21 | J29: =I29*$J$8 -> 332640 | M29: =L29*$M$8 -> 0 | O29: 50 | P29: =O29*$P$8 -> 792000 | Q29: =J29+M29+G29+P29 -> 2534083.2 | R29: =Q29/14381 -> 176.2105
B30: 22 | C30: =Electricity!C29 -> 18 | D30: =Electricity!D29 -> 100 | E30: 13640.75 | F30: 72.5 | G30: =F30*$G$8 -> 1148400 | H30: 1842.62 | I30: 19 | J30: =I30*$J$8 -> 300960 | L30: 0 | M30: =L30*$M$8 -> 0 | O30: 0 | P30: =O30*$P$8 -> 0 | Q30: =J30+M30+G30+P30 -> 1449360 | R30: =Q30/14381 -> 100.78298
B31: 23 | C31: =Electricity!C30 -> 24 | D31: =Electricity!D30 -> 114 | E31: 13664.81 | F31: 96.91 | G31: =F31*$G$8 -> 1535054.4 | H31: 1847.49 | I31: 20 | J31: =I31*$J$8 -> 316800 | L31: 0 | M31: =L31*$M$8 -> 0 | O31: 0 | P31: =O31*$P$8 -> 0 | Q31: =J31+M31+G31+P31 -> 1851854.4 | R31: =Q31/14381 -> 128.77091
B32: 24 | C32: =Electricity!C31 -> 26 | D32: =Electricity!D31 -> 123 | E32: 13686.91 | F32: 89.02 | G32: =F32*$G$8 -> 1410076.8 | H32: 1852.11 | I32: 19 | J32: =I32*$J$8 -> 300960 | L32: 0 | M32: =L32*$M$8 -> 0 | O32: 0 | P32: =O32*$P$8 -> 0 | Q32: =J32+M32+G32+P32 -> 1711036.8 | R32: =Q32/14381 -> 118.97899
B33: 25 | C33: =Electricity!C32 -> 26 | D33: =Electricity!D32 -> 87 | E33: 13708.77 | F33: 88.05208 | G33: =F33*$G$8 -> 1394744.9 | H33: 1856.33 | I33: 16.99816 | J33: =I33*$J$8 -> 269250.85 | L33: 0 | M33: =L33*$M$8 -> 0 | O33: 0 | P33: =O33*$P$8 -> 0 | Q33: =J33+M33+G33+P33 -> 1663995.8 | R33: =Q33/14381 -> 115.70793
B34: 26 | C34: =Electricity!C33 -> 24 | D34: =Electricity!D33 -> 100 | E34: 13728.28 | F34: 78.58628 | G34: =F34*$G$8 -> 1244806.7 | H34: 1860.84 | I34: 18.16628 | J34: =I34*$J$8 -> 287753.88 | L34: 0 | M34: =L34*$M$8 -> 0 | P34: =O34*$P$8 -> 0 | Q34: =J34+M34+G34+P34 -> 1532560.6 | R34: =Q34/14381 -> 106.56843
B35: 27 | C35: =Electricity!C34 -> 24 | D35: =Electricity!D34 -> 128 | E35: 13753.63 | F35: 102.1098 | G35: =F35*$G$8 -> 1617419.2 | H35: 1865.59 | I35: 19.133 | J35: =I35*$J$8 -> 303066.72 | L35: 0 | M35: =L35*$M$8 -> 0 | O35: 0 | P35: =O35*$P$8 -> 0 | Q35: =J35+M35+G35+P35 -> 1920486 | R35: =Q35/14381 -> 133.54328
B36: 28 | C36: =Electricity!C35 -> 22 | D36: =Electricity!D35 -> 79 | E36: 13778.71 | F36: 101.02224 | G36: =F36*$G$8 -> 1600192.3 | H36: 1869.59 | I36: 16.112 | J36: =I36*$J$8 -> 255214.08 | L36: 0 | M36: =L36*$M$8 -> 0 | O36: 50 | P36: =O36*$P$8 -> 792000 | Q36: =J36+M36+G36+P36 -> 2647406.4 | R36: =Q36/14381 -> 184.09056
B37: 29 | C37: =Electricity!C36 -> 20 | D37: =Electricity!D36 -> 73 | E37: 13797.01 | F37: 73.7124 | G37: =F37*$G$8 -> 1167604.4 | H37: 1875.57 | I37: 24.08744 | J37: =I37*$J$8 -> 381545.05 | L37: 0 | M37: =L37*$M$8 -> 0 | O37: 0 | P37: =O37*$P$8 -> 0 | Q37: =J37+M37+G37+P37 -> 1549149.5 | R37: =Q37/14381 -> 107.72196
B38: 30 | C38: =Electricity!C37 -> 23 | D38: =Electricity!D37 -> 81 | E38: 13816.1 | F38: 76.89452 | G38: =F38*$G$8 -> 1218009.2 | H38: 1880.22 | I38: 18.7302 | J38: =I38*$J$8 -> 296686.37 | L38: 0 | M38: =L38*$M$8 -> 0 | O38: 0 | P38: =O38*$P$8 -> 0 | Q38: =J38+M38+G38+P38 -> 1514695.6 | R38: =Q38/14381 -> 105.32616
C39: =SUM(C9:C38) -> 857 | D39: =SUM(D9:D38) -> 3454 | F39: =SUM(F9:F38) -> 2598.3473 | I39: =SUM(I9:I38) -> 587.22708 | L39: =SUM(L9:L38) -> 0 | O39: =SUM(O9:O38) -> 250 | R39: =SUM(R9:R38) -> 3784.1248
N40: Total kg | O40: =F39+I39+L39+O39 -> 3435.5744

Sheet Fuel Diesel
B1: Daily Fuel Consumption
B2: Engineering Department
B4: 44866
B5: , | C5: Room Nights | D5: Food Covers | E5: Diesel | H5: USD
E7: METER READING | F7: Used (ltrs) | G7: IDR Cost m3 x rate IDR
E8: 5469 | G8: 24300
B9: 1 | C9: =Gas!C9 -> 31 | D9: =Gas!D9 -> 158 | E9: 5469 | F9: =E9-E8 -> 0 | G9: =F9*$G$8 -> 0 | H9: =G9/14381 -> 0
B10: 2 | C10: =Gas!C10 -> 31 | D10: =Gas!D10 -> 111 | E10: 5469 | F10: =E10-E9 -> 0 | G10: =F10*$G$8 -> 0 | H10: =G10/14381 -> 0
B11: 3 | C11: =Gas!C11 -> 32 | D11: =Gas!D11 -> 120 | E11: 5469 | F11: =E11-E10 -> 0 | G11: =F11*$G$8 -> 0 | H11: =G11/14381 -> 0
B12: 4 | C12: =Gas!C12 -> 30 | D12: =Gas!D12 -> 107 | E12: 5469 | F12: =E12-E11 -> 0 | G12: =F12*$G$8 -> 0 | H12: =G12/14381 -> 0
B13: 5 | C13: =Gas!C13 -> 32 | D13: =Gas!D13 -> 139 | E13: 5469 | F13: =E13-E12 -> 0 | G13: =F13*$G$8 -> 0 | H13: =G13/14381 -> 0
B14: 6 | C14: =Gas!C14 -> 28 | D14: =Gas!D14 -> 139 | E14: 5469 | F14: =E14-E13 -> 0 | G14: =F14*$G$8 -> 0 | H14: =G14/14381 -> 0
B15: 7 | C15: =Gas!C15 -> 29 | D15: =Gas!D15 -> 104 | E15: 5483 | F15: =E15-E14 -> 14 | G15: =F15*$G$8 -> 340200 | H15: =G15/14381 -> 23.656213
B16: 8 | C16: =Gas!C16 -> 32 | D16: =Gas!D16 -> 129 | E16: 5483 | F16: =E16-E15 -> 0 | G16: =F16*$G$8 -> 0 | H16: =G16/14381 -> 0
B17: 9 | C17: =Gas!C17 -> 25 | D17: =Gas!D17 -> 110 | E17: 5488 | F17: =E17-E16 -> 5 | G17: =F17*$G$8 -> 121500 | H17: =G17/14381 -> 8.4486475
B18: 10 | C18: =Gas!C18 -> 17 | D18: =Gas!D18 -> 105 | E18: 5488 | F18: =E18-E17 -> 0 | G18: =F18*$G$8 -> 0 | H18: =G18/14381 -> 0
B19: 11 | C19: =Gas!C19 -> 22 | D19: =Gas!D19 -> 84 | E19: 5488 | F19: =E19-E18 -> 0 | G19: =F19*$G$8 -> 0 | H19: =G19/14381 -> 0
B20: 12 | C20: =Gas!C20 -> 30 | D20: =Gas!D20 -> 87 | E20: 5488 | F20: =E20-E19 -> 0 | G20: =F20*$G$8 -> 0 | H20: =G20/14381 -> 0
... B31: 23 | C31: =Gas!C31 -> 24 | D31: =Gas!D31 -> 114 | E31: 5505 | F31: =E31-E30 -> 0 | G31: =F31*$G$8 -> 0 | H31: =G31/14381 -> 0
B32: 24 | C32: =Gas!C32 -> 26 | D32: =Gas!D32 -> 123 | E32: 5505 | F32: =E32-E31 -> 0 | H32: =G32/14381 -> 0
B33: 25 | C33: =Gas!C33 -> 26 | D33: =Gas!D33 -> 87 | E33: 5505 | F33: =E33-E32 -> 0 | G33: =F33*$G$8 -> 0 | H33: =G33/14381 -> 0
B34: 26 | C34: =Gas!C34 -> 24 | D34: =Gas!D34 -> 100 | E34: 5505 | F34: =E34-E33 -> 0 | G34: =F34*$G$8 -> 0 | H34: =G34/14381 -> 0
B35: 27 | C35: =Gas!C35 -> 24 | D35: =Gas!D35 -> 128 | E35: 5525 | F35: =E35-E34 -> 20 | G35: =F35*$G$8 -> 486000 | H35: =G35/14381 -> 33.79459
B36: 28 | C36: =Gas!C36 -> 22 | D36: =Gas!D36 -> 79 | E36: 5525 | F36: =E36-E35 -> 0 | G36: =F36*$G$8 -> 0 | H36: =G36/14381 -> 0
B37: 29 | C37: =Gas!C37 -> 20 | D37: =Gas!D37 -> 73 | E37: 5525 | F37: =E37-E36 -> 0 | G37: =F37*$G$8 -> 0 | H37: =G37/14381 -> 0
B38: 30 | C38: =Gas!C38 -> 23 | D38: =Gas!D38 -> 81 | E38: 5534 | F38: =E38-E37 -> 9 | G38: =F38*$G$8 -> 218700 | H38: =G38/14381 -> 15.207566
C39: =SUM(C9:C38) -> 857 | D39: =SUM(D9:D38) -> 3454 | F39: =SUM(F9:F38) -> 65 | H39: =SUM(H9:H38) -> 109.83242

Sheet Water
B2: Daily Water Consumption
B3: Engineering Department
B5: 44866
B6: 3 | C6: RN | D6: Food Covers | F6: MUNICIPAL WATER | H6: DEEP WELL | L6: Total Cost (Municipal + DW1 + DW2 cost) | M6: USD (Total Cost / exchange rate IDR)
F7: Used | G7: Water Cost (M3 x IDR 13,582) | H7: Used | I7: DW 1 Cost (M3 x IDR 4,000) | J7: Used | K7: DW 2 Cost (M3 x IDR 4,000)
B9: 1 | C9: ='Fuel Diesel'!C9 -> 31 | D9: ='Fuel Diesel'!D9 -> 158 | E9: =F9+H9+J9 -> 189 | F9: 0 | G9: =F9*13582 -> 0 | H9: 93 | I9: =H9*4000 -> 372000 | J9: 96 | K9: =J9*4000 -> 384000 | L9: =G9+I9+K9 -> 756000 | M9: =L9/14381 -> 52.569362
B10: 2 | C10: ='Fuel Diesel'!C10 -> 31 | D10: ='Fuel Diesel'!D10 -> 111 | E10: =F10+H10+J10 -> 231 | F10: 0 | G10: =F10*13582 -> 0 | H10: 97 | I10: =H10*4000 -> 388000 | J10: 134 | K10: =J10*4000 -> 536000 | L10: =G10+I10+K10 -> 924000 | M10: =L10/14381 -> 64.251443
B11: 3 | C11: ='Fuel Diesel'!C11 -> 32 | D11: ='Fuel Diesel'!D11 -> 120 | E11: =F11+H11+J11 -> 147 | F11: 0 | G11: =F11*13582 -> 0 | H11: 45 | I11: =H11*4000 -> 180000 | J11: 102 | K11: =J11*4000 -> 408000 | L11: =G11+I11+K11 -> 588000 | M11: =L11/14381 -> 40.887282
B12: 4 | C12: ='Fuel Diesel'!C12 -> 30 | D12: ='Fuel Diesel'!D12 -> 107 | E12: =F12+H12+J12 -> 190 | F12: 0 | G12: =F12*13582 -> 0 | H12: 91 | I12: =H12*4000 -> 364000 | J12: 99 | K12: =J12*4000 -> 396000 | L12: =G12+I12+K12 -> 760000 | M12: =L12/14381 -> 52.847507
B13: 5 | C13: ='Fuel Diesel'!C13 -> 32 | D13: ='Fuel Diesel'!D13 -> 139 | E13: =F13+H13+J13 -> 183 | F13: 0 | G13: =F13*13582 -> 0 | H13: 65 | I13: =H13*4000 -> 260000 | J13: 118 | K13: =J13*4000 -> 472000 | L13: =G13+I13+K13 -> 732000 | M13: =L13/14381 -> 50.900494
B14: 6 | C14: ='Fuel Diesel'!C14 -> 28 | D14: ='Fuel Diesel'!D14 -> 139 | E14: =F14+H14+J14 -> 182 | F14: 0 | G14: =F14*13582 -> 0 | H14: 65 | I14: =H14*4000 -> 260000 | J14: 117 | K14: =J14*4000 -> 468000 | L14: =G14+I14+K14 -> 728000 | M14: =L14/14381 -> 50.622349
B15: 7 | C15: ='Fuel Diesel'!C15 -> 29 | D15: ='Fuel Diesel'!D15 -> 104 | E15: =F15+H15+J15 -> 193 | F15: 0 | G15: =F15*13582 -> 0 | H15: 70 | I15: =H15*4000 -> 280000 | J15: 123 | K15: =J15*4000 -> 492000 | L15: =G15+I15+K15 -> 772000 | M15: =L15/14381 -> 53.681941
B16: 8 | C16: ='Fuel Diesel'!C16 -> 32 | D16: ='Fuel Diesel'!D16 -> 129 | E16: =F16+H16+J16 -> 192 | F16: 0 | G16: =F16*13582 -> 0 | H16: 70 | I16: =H16*4000 -> 280000 | J16: 122 | K16: =J16*4000 -> 488000 | L16: =G16+I16+K16 -> 768000 | M16: =L16/14381 -> 53.403797
B17: 9 | C17: ='Fuel Diesel'!C17 -> 25 | D17: ='Fuel Diesel'!D17 -> 110 | E17: =F17+H17+J17 -> 198 | F17: 0 | G17: =F17*13582 -> 0 | H17: 70 | I17: =H17*4000 -> 280000 | J17: 128 | K17: =J17*4000 -> 512000 | L17: =G17+I17+K17 -> 792000 | M17: =L17/14381 -> 55.072665
B18: 10 | C18: ='Fuel Diesel'!C18 -> 17 | D18: ='Fuel Diesel'!D18 -> 105 | E18: =F18+H18+J18 -> 212 | F18: 0 | G18: =F18*13582 -> 0 | H18: 77 | I18: =H18*4000 -> 308000 | J18: 135 | K18: =J18*4000 -> 540000 | L18: =G18+I18+K18 -> 848000 | M18: =L18/14381 -> 58.966692
B19: 11 | C19: ='Fuel Diesel'!C19 -> 22 | D19: ='Fuel Diesel'!D19 -> 84 | E19: =F19+H19+J19 -> 361 | F19: 0 | G19: =F19*13582 -> 0 | H19: 132 | I19: =H19*4000 -> 528000 | J19: 229 | K19: =J19*4000 -> 916000 | L19: =G19+I19+K19 -> 1444000 | M19: =L19/14381 -> 100.41026
B20: 12 | C20: ='Fuel Diesel'!C20 -> 30 | D20: ='Fuel Diesel'!D20 -> 87 | E20: =F20+H20+J20 -> 303 | F20: 0 | G20: =F20*13582 -> 0 | H20: 110 | I20: =H20*4000 -> 440000 | J20: 193 | K20: =J20*4000 -> 772000 | L20: =G20+I20+K20 -> 1212000 | M20: =L20/14381 -> 84.277867
... B38: 30 | C38: ='Fuel Diesel'!C38 -> 23 | D38: ='Fuel Diesel'!D38 -> 81 | E38: =F38+H38+J38 -> 211 | F38: 0 | G38: =F38*13582 -> 0 | H38: 73 | I38: =H38*4000 -> 292000 | J38: 138 | K38: =J38*4000 -> 552000 | L38: =G38+I38+K38 -> 844000 | M38: =L38/14381 -> 58.688547
C39: =SUM(C9:C38) -> 857 | D39: =SUM(D9:D38) -> 3454 | E39: =SUM(E9:E38) -> 6595 | F39: 0 | H39: =SUM(H9:H38) -> 2254 | J39: =SUM(J9:J38) -> 4258 | K39: =H39+J39 -> 6512 | M39: =SUM(M9:M38) -> 1889.6673
I40: TOTAL Used | J40: =H39+J39 -> 6512
G43: =F27/E39 -> 0.012585292
