Workbook

Sheet TOTAL
A1: Site Name | B1: Day | C1: Month | D1: Year | E1: Total Electricity Kwh | F1: Electricity Tariff ($/Kwh) | G1: LPG (Kg) | H1: LPG $/Kg | I1: Total Fuel Oil (Liter) | J1: Fuel Oil $/Liter | K1: Water Utility Supply (m3) m3 | L1: Water Utility Supply (m3) $/m3 | M1: Room Nights | N1: Food Covers
A2: Bali Jimbaran | B2: 1 | C2: 6 | D2: 2021 | E2: ='FS Jimbaran June 2021'!P12 -> 14660 | F2: ='FS Jimbaran June 2021'!O12/'FS Jimbaran June 2021'!P12 -> 1184.011 | G2: ='FS Jimbaran June 2021'!AG12 -> 112 | H2: ='FS Jimbaran June 2021'!AH12/'FS Jimbaran June 2021'!AG12 -> 12441.964 | I2: ='FS Jimbaran June 2021'!AJ12 -> 424.5 | J2: ='FS Jimbaran June 2021'!AK12/'FS Jimbaran June 2021'!AJ12 -> 8900 | K2: ='FS Jimbaran June 2021'!V12 -> 891 | L2: ='FS Jimbaran June 2021'!AA12/'FS Jimbaran June 2021'!V12 -> 10576.695 | M2: =+'RNs & Covers June 2021'!B6 -> 15 | N2: =+'RNs & Covers June 2021'!C6 -> 134
A3: Bali Jimbaran | B3: =B2+1 -> 2 | C3: 6 | D3: 2021 | E3: ='FS Jimbaran June 2021'!P13 -> 15280 | F3: ='FS Jimbaran June 2021'!O13/'FS Jimbaran June 2021'!P13 -> 1179.386 | G3: ='FS Jimbaran June 2021'!AG13 -> 100 | H3: ='FS Jimbaran June 2021'!AH13/'FS Jimbaran June 2021'!AG13 -> 12560 | I3: ='FS Jimbaran June 2021'!AJ13 -> 398.8 | J3: ='FS Jimbaran June 2021'!AK13/'FS Jimbaran June 2021'!AJ13 -> 8900 | K3: ='FS Jimbaran June 2021'!V13 -> 869 | L3: ='FS Jimbaran June 2021'!AA13/'FS Jimbaran June 2021'!V13 -> 10112.321 | M3: =+'RNs & Covers June 2021'!B7 -> 4 | N3: =+'RNs & Covers June 2021'!C7 -> 120
A4: Bali Jimbaran | B4: =B3+1 -> 3 | C4: 6 | D4: 2021 | E4: ='FS Jimbaran June 2021'!P14 -> 15200 | F4: ='FS Jimbaran June 2021'!O14/'FS Jimbaran June 2021'!P14 -> 1180.5848 | G4: ='FS Jimbaran June 2021'!AG14 -> 50 | H4: ='FS Jimbaran June 2021'!AH14/'FS Jimbaran June 2021'!AG14 -> 12560 | I4: ='FS Jimbaran June 2021'!AJ14 -> 429.82 | J4: ='FS Jimbaran June 2021'!AK14/'FS Jimbaran June 2021'!AJ14 -> 8900 | K4: ='FS Jimbaran June 2021'!V14 -> 908 | L4: ='FS Jimbaran June 2021'!AA14/'FS Jimbaran June 2021'!V14 -> 9802.9351 | M4: =+'RNs & Covers June 2021'!B8 -> 5 | N4: =+'RNs & Covers June 2021'!C8 -> 52
A5: Bali Jimbaran | B5: =B4+1 -> 4 | C5: 6 | D5: 2021 | E5: ='FS Jimbaran June 2021'!P15 -> 15160 | F5: ='FS Jimbaran June 2021'!O15/'FS Jimbaran June 2021'!P15 -> 1184.4172 | G5: ='FS Jimbaran June 2021'!AG15 -> 112 | H5: ='FS Jimbaran June 2021'!AH15/'FS Jimbaran June 2021'!AG15 -> 12441.964 | I5: ='FS Jimbaran June 2021'!AJ15 -> 365.5 | J5: ='FS Jimbaran June 2021'!AK15/'FS Jimbaran June 2021'!AJ15 -> 8900 | K5: ='FS Jimbaran June 2021'!V15 -> 938 | L5: ='FS Jimbaran June 2021'!AA15/'FS Jimbaran June 2021'!V15 -> 10477.799 | M5: =+'RNs & Covers June 2021'!B9 -> 11 | N5: =+'RNs & Covers June 2021'!C9 -> 158
A6: Bali Jimbaran | B6: =B5+1 -> 5 | C6: 6 | D6: 2021 | E6: ='FS Jimbaran June 2021'!P16 -> 15220 | F6: ='FS Jimbaran June 2021'!O16/'FS Jimbaran June 2021'!P16 -> 1187.6082 | G6: ='FS Jimbaran June 2021'!AG16 -> 112 | H6: ='FS Jimbaran June 2021'!AH16/'FS Jimbaran June 2021'!AG16 -> 12441.964 | I6: ='FS Jimbaran June 2021'!AJ16 -> 426.2 | J6: ='FS Jimbaran June 2021'!AK16/'FS Jimbaran June 2021'!AJ16 -> 8900 | K6: ='FS Jimbaran June 2021'!V16 -> 892 | L6: ='FS Jimbaran June 2021'!AA16/'FS Jimbaran June 2021'!V16 -> 10540.057 | M6: =+'RNs & Covers June 2021'!B10 -> 16 | N6: =+'RNs & Covers June 2021'!C10 -> 140
A7: Bali Jimbaran | B7: =B6+1 -> 6 | C7: 6 | D7: 2021 | E7: ='FS Jimbaran June 2021'!P17 -> 15900 | F7: ='FS Jimbaran June 2021'!O17/'FS Jimbaran June 2021'!P17 -> 1181.9618 | G7: ='FS Jimbaran June 2021'!AG17 -> 100 | H7: ='FS Jimbaran June 2021'!AH17/'FS Jimbaran June 2021'!AG17 -> 12560 | I7: ='FS Jimbaran June 2021'!AJ17 -> 481.6 | J7: ='FS Jimbaran June 2021'!AK17/'FS Jimbaran June 2021'!AJ17 -> 8900 | K7: ='FS Jimbaran June 2021'!V17 -> 895 | L7: ='FS Jimbaran June 2021'!AA17/'FS Jimbaran June 2021'!V17 -> 9445.18 | M7: =+'RNs & Covers June 2021'!B11 -> 8 | N7: =+'RNs & Covers June 2021'!C11 -> 139
A8: Bali Jimbaran | B8: =B7+1 -> 7 | C8: 6 | D8: 2021 | E8: ='FS Jimbaran June 2021'!P18 -> 15300 | F8: ='FS Jimbaran June 2021'!O18/'FS Jimbaran June 2021'!P18 -> 1180.6877 | G8: ='FS Jimbaran June 2021'!AG18 -> 50 | H8: ='FS Jimbaran June 2021'!AH18/'FS Jimbaran June 2021'!AG18 -> 12560 | I8: ='FS Jimbaran June 2021'!AJ18 -> 367.7 | J8: ='FS Jimbaran June 2021'!AK18/'FS Jimbaran June 2021'!AJ18 -> 8900 | K8: ='FS Jimbaran June 2021'!V18 -> 916 | L8: ='FS Jimbaran June 2021'!AA18/'FS Jimbaran June 2021'!V18 -> 10209.944 | M8: =+'RNs & Covers June 2021'!B12 -> 5 | N8: =+'RNs & Covers June 2021'!C12 -> 66
A9: Bali Jimbaran | B9: =B8+1 -> 8 | C9: 6 | D9: 2021 | E9: ='FS Jimbaran June 2021'!P19 -> 14580 | F9: ='FS Jimbaran June 2021'!O19/'FS Jimbaran June 2021'!P19 -> 1180.8105 | G9: ='FS Jimbaran June 2021'!AG19 -> 50 | H9: ='FS Jimbaran June 2021'!AH19/'FS Jimbaran June 2021'!AG19 -> 12560 | I9: ='FS Jimbaran June 2021'!AJ19 -> 351.3 | J9: ='FS Jimbaran June 2021'!AK19/'FS Jimbaran June 2021'!AJ19 -> 8900 | K9: ='FS Jimbaran June 2021'!V19 -> 936 | L9: ='FS Jimbaran June 2021'!AA19/'FS Jimbaran June 2021'!V19 -> 9205.3728 | M9: =+'RNs & Covers June 2021'!B13 -> 3 | N9: =+'RNs & Covers June 2021'!C13 -> 53
A10: Bali Jimbaran | B10: =B9+1 -> 9 | C10: 6 | D10: 2021 | E10: ='FS Jimbaran June 2021'!P20 -> 13880 | F10: ='FS Jimbaran June 2021'!O20/'FS Jimbaran June 2021'!P20 -> 1185.5129 | G10: ='FS Jimbaran June 2021'!AG20 -> 50 | H10: ='FS Jimbaran June 2021'!AH20/'FS Jimbaran June 2021'!AG20 -> 12560 | I10: ='FS Jimbaran June 2021'!AJ20 -> 363.4 | J10: ='FS Jimbaran June 2021'!AK20/'FS Jimbaran June 2021'!AJ20 -> 8900 | K10: ='FS Jimbaran June 2021'!V20 -> 910 | L10: ='FS Jimbaran June 2021'!AA20/'FS Jimbaran June 2021'!V20 -> 9659.3843 | M10: =+'RNs & Covers June 2021'!B14 -> 3 | N10: =+'RNs & Covers June 2021'!C14 -> 66
A11: Bali Jimbaran | B11: =B10+1 -> 10 | C11: 6 | D11: 2021 | E11: ='FS Jimbaran June 2021'!P21 -> 15100 | F11: ='FS Jimbaran June 2021'!O21/'FS Jimbaran June 2021'!P21 -> 1184.0817 | G11: ='FS Jimbaran June 2021'!AG21 -> 50 | H11: ='FS Jimbaran June 2021'!AH21/'FS Jimbaran June 2021'!AG21 -> 12560 | I11: ='FS Jimbaran June 2021'!AJ21 -> 410.4 | J11: ='FS Jimbaran June 2021'!AK21/'FS Jimbaran June 2021'!AJ21 -> 8900 | K11: ='FS Jimbaran June 2021'!V21 -> 938 | L11: ='FS Jimbaran June 2021'!AA21/'FS Jimbaran June 2021'!V21 -> 9252.5876 | M11: =+'RNs & Covers June 2021'!B15 -> 6 | N11: =+'RNs & Covers June 2021'!C15 -> 104
A12: Bali Jimbaran | B12: =B11+1 -> 11 | C12: 6 | D12: 2021 | E12: ='FS Jimbaran June 2021'!P22 -> 15160 | F12: ='FS Jimbaran June 2021'!O22/'FS Jimbaran June 2021'!P22 -> 1184.4172 | G12: ='FS Jimbaran June 2021'!AG22 -> 50 | H12: ='FS Jimbaran June 2021'!AH22/'FS Jimbaran June 2021'!AG22 -> 12560 | I12: ='FS Jimbaran June 2021'!AJ22 -> 427.8 | J12: ='FS Jimbaran June 2021'!AK22/'FS Jimbaran June 2021'!AJ22 -> 8900 | K12: ='FS Jimbaran June 2021'!V22 -> 1011 | L12: ='FS Jimbaran June 2021'!AA22/'FS Jimbaran June 2021'!V22 -> 9737.7769 | M12: =+'RNs & Covers June 2021'!B16 -> 9 | N12: =+'RNs & Covers June 2021'!C16 -> 101
A13: Bali Jimbaran | B13: =B12+1 -> 12 | C13: 6 | D13: 2021 | E13: ='FS Jimbaran June 2021'!P23 -> 15400 | F13: ='FS Jimbaran June 2021'!O23/'FS Jimbaran June 2021'!P23 -> 1183.6141 | G13: ='FS Jimbaran June 2021'!AG23 -> 112 | H13: ='FS Jimbaran June 2021'!AH23/'FS Jimbaran June 2021'!AG23 -> 12441.964 | I13: ='FS Jimbaran June 2021'!AJ23 -> 324.8 | J13: ='FS Jimbaran June 2021'!AK23/'FS Jimbaran June 2021'!AJ23 -> 8900 | K13: ='FS Jimbaran June 2021'!V23 -> 1020 | L13: ='FS Jimbaran June 2021'!AA23/'FS Jimbaran June 2021'!V23 -> 9954.6681 | M13: =+'RNs & Covers June 2021'!B17 -> 11 | N13: =+'RNs & Covers June 2021'!C17 -> 148
A14: Bali Jimbaran | B14: =B13+1 -> 13 | C14: 6 | D14: 2021 | E14: ='FS Jimbaran June 2021'!P24 -> 15020 | F14: ='FS Jimbaran June 2021'!O24/'FS Jimbaran June 2021'!P24 -> 1186.044 | G14: ='FS Jimbaran June 2021'!AG24 -> 112 | H14: ='FS Jimbaran June 2021'!AH24/'FS Jimbaran June 2021'!AG24 -> 12441.964 | I14: ='FS Jimbaran June 2021'!AJ24 -> 370 | J14: ='FS Jimbaran June 2021'!AK24/'FS Jimbaran June 2021'!AJ24 -> 8900 | K14: ='FS Jimbaran June 2021'!V24 -> 995 | L14: ='FS Jimbaran June 2021'!AA24/'FS Jimbaran June 2021'!V24 -> 10128.936 | M14: =+'RNs & Covers June 2021'!B18 -> 10 | N14: =+'RNs & Covers June 2021'!C18 -> 154
... A31: Bali Jimbaran | B31: =B30+1 -> 30 | C31: 6 | D31: 2021 | E31: ='FS Jimbaran June 2021'!P41 -> 15420 | F31: ='FS Jimbaran June 2021'!O41/'FS Jimbaran June 2021'!P41 -> 1179.2577 | G31: ='FS Jimbaran June 2021'!AG41 -> 100 | H31: ='FS Jimbaran June 2021'!AH41/'FS Jimbaran June 2021'!AG41 -> 12560 | I31: ='FS Jimbaran June 2021'!AJ41 -> 398.6 | J31: ='FS Jimbaran June 2021'!AK41/'FS Jimbaran June 2021'!AJ41 -> 8900 | K31: ='FS Jimbaran June 2021'!V41 -> 936 | L31: ='FS Jimbaran June 2021'!AA41/'FS Jimbaran June 2021'!V41 -> 8905.5538 | M31: =+'RNs & Covers June 2021'!B35 -> 8 | N31: =+'RNs & Covers June 2021'!C35 -> 113

Sheet FS Jimbaran June 2021
B6: Four Seasons Resort Bali at Jimbaran Bay
B7: JUNE 2021
B8: Date | C8: Room Nights | D8: Food Covers | E8: ELECTRICITY Resort, Sundara & Residences | V8: WATER | AC8: GAS
E9: Electricity Resort | J9: Electricity - Sundara | O9: Sub Total (Resort & Sundara) Cost (IDR) | P9: Sub Total (Resort & Sundara), KWh | Q9: Residences- Electricity KWh | R9: Residences- Electricity cost (IDR) | S9: TOTAL Electricity consumption (KWh) | T9: TOTAL Electricity cost | W9: Water (m3) | AA9: Total Water Cost | AC9: LPG | AJ9: Diesel
E10: BASED LOAD KWh (from 10 pm - 6 pm) | F10: Cost (IDR) | G10: PEAK LOAD KWh (from 6 pm - 10 pm) | H10: Cost (IDR) | I10: Resort Cost (IDR) | J10: BASED LOAD KWh (from 10 pm - 6 pm) | K10: Cost (IDR) | L10: PEAK LOAD KWh (from 6 pm - 10 pm) | M10: Cost (IDR) | N10: Sundara Cost (IDR) | T10: IDR | U10: USD | V10: Water consumption (m3) | W10: Municipal Water (m3) | X10: Municipal Water cost (IDR) | Y10: Deepwell Consumption (m3) | Z10: Deepwell water Cost (IDR) | AA10: IDR | AB10: USD | AC10: LPG Bulk (m3) | AD10: 50 Kg (tube) IVD & TW | AE10: Sundara 50 kg (tube) | AF10: 12 Kg (tube) | AG10: Total kg | AH10: IDR | AI10: USD | AJ10: Used (liters) | AK10: IDR | AL10: USD
B12: 1 | C12: 15 | D12: 134 | E12: 10640 | F12: 11571734 | G12: 2240 | H12: 3654231.8 | I12: =F12+H12 -> 15225966 | J12: 1420 | K12: 1544348 | L12: 360 | M12: 587287.26 | N12: =+K12+M12 -> 2131635.2 | O12: =N12+I12 -> 17357601 | P12: =L12+J12+G12+E12 -> 14660 | U12: 0 | V12: =Y12+W12 -> 891 | W12: 397 | X12: 7140356.2 | Y12: 494 | Z12: 2283478.7 | AA12: =Z12+X12 -> 9423834.9 | AB12: =AA12/$AL$48 -> 726.24611 | AC12: 0 | AD12: 0 | AE12: 100 | AF12: 12 | AG12: =+AE12+AF12 -> 112 | AH12: 1393500 | AI12: =AH12/$AL$48 -> 107.38982 | AJ12: 424.5 | AK12: 3778050 | AL12: =AK12/$AL$48 -> 291.15473
B13: 2 | C13: 4 | D13: 120 | E13: 11200 | F13: 12180773 | G13: 2160 | H13: 3523723.6 | I13: =F13+H13 -> 15704496 | J13: 1500 | K13: 1631353.5 | L13: 420 | M13: 685168.47 | N13: =+K13+M13 -> 2316522 | O13: =N13+I13 -> 18021018 | P13: =L13+J13+G13+E13 -> 15280 | U13: 0 | V13: =Y13+W13 -> 869 | W13: 357 | X13: 6420924.8 | Y13: 512 | Z13: 2366682.4 | AA13: =Z13+X13 -> 8787607.2 | AB13: =AA13/$AL$48 -> 677.21534 | AC13: 0 | AD13: 0 | AE13: 100 | AF13: 0 | AG13: =+AE13+AF13 -> 100 | AH13: 1256000 | AI13: =AH13/$AL$48 -> 96.79341 | AJ13: 398.8 | AK13: 3549320 | AL13: =AK13/$AL$48 -> 273.5277
B14: 3 | C14: 5 | D14: 52 | E14: 11000 | F14: 11963259 | G14: 2200 | H14: 3588977.7 | I14: =F14+H14 -> 15552237 | J14: 1600 | K14: 1740110.4 | L14: 400 | M14: 652541.4 | N14: =+K14+M14 -> 2392651.8 | O14: =N14+I14 -> 17944889 | P14: =L14+J14+G14+E14 -> 15200 | U14: 0 | V14: =Y14+W14 -> 908 | W14: 352 | X14: 6330995.9 | Y14: 556 | Z14: 2570069.1 | AA14: =Z14+X14 -> 8901065 | AB14: =AA14/$AL$48 -> 685.95895 | AC14: 0 | AD14: 0 | AE14: 50 | AF14: 0 | AG14: =+AE14+AF14 -> 50 | AH14: 628000 | AI14: =AH14/$AL$48 -> 48.396705 | AJ14: 429.82 | AK14: 3825398 | AL14: =AK14/$AL$48 -> 294.8036
B15: 4 | C15: 11 | D15: 158 | E15: 10840 | F15: 11789248 | G15: 2240 | H15: 3654231.8 | I15: =F15+H15 -> 15443480 | J15: 1620 | K15: 1761861.8 | L15: 460 | M15: 750422.61 | N15: =+K15+M15 -> 2512284.4 | O15: =N15+I15 -> 17955764 | P15: =L15+J15+G15+E15 -> 15160 | U15: 0 | V15: =Y15+W15 -> 938 | W15: 411 | X15: 7392157.2 | Y15: 527 | Z15: 2436018.8 | AA15: =Z15+X15 -> 9828175.9 | AB15: =AA15/$AL$48 -> 757.40658 | AC15: 0 | AD15: 0 | AE15: 100 | AF15: 12 | AG15: =+AE15+AF15 -> 112 | AH15: 1393500 | AI15: =AH15/$AL$48 -> 107.38982 | AJ15: 365.5 | AK15: 3252950 | AL15: =AK15/$AL$48 -> 250.688
B16: 5 | C16: 16 | D16: 140 | E16: 10960 | F16: 11919756 | G16: 2400 | H16: 3915248.4 | I16: =F16+H16 -> 15835005 | J16: 1460 | K16: 1587850.7 | L16: 400 | M16: 652541.4 | N16: =+K16+M16 -> 2240392.1 | O16: =N16+I16 -> 18075397 | P16: =L16+J16+G16+E16 -> 15220 | U16: 0 | V16: =Y16+W16 -> 892 | W16: 395 | X16: 7104384.6 | Y16: 497 | Z16: 2297346 | AA16: =Z16+X16 -> 9401730.6 | AB16: =AA16/$AL$48 -> 724.54265 | AC16: 0 | AD16: 0 | AE16: 100 | AF16: 12 | AG16: =+AE16+AF16 -> 112 | AH16: 1393500 | AI16: =AH16/$AL$48 -> 107.38982 | AJ16: 426.2 | AK16: 3793180 | AL16: =AK16/$AL$48 -> 292.32072
B17: 6 | C17: 8 | D17: 139 | E17: 11560 | F17: 12572298 | G17: 2320 | H17: 3784740.1 | I17: =F17+H17 -> 16357038 | J17: 1580 | K17: 1718359 | L17: 440 | M17: 717795.54 | N17: =+K17+M17 -> 2436154.6 | O17: =N17+I17 -> 18793192 | P17: =L17+J17+G17+E17 -> 15900 | U17: 0 | V17: =Y17+W17 -> 895 | W17: 323 | X17: 5809408.2 | Y17: 572 | Z17: 2644027.9 | AA17: =Z17+X17 -> 8453436.1 | AB17: =AA17/$AL$48 -> 651.46251 | AC17: 0 | AD17: 0 | AE17: 100 | AF17: 0 | AG17: =+AE17+AF17 -> 100 | AH17: 1256000 | AI17: =AH17/$AL$48 -> 96.79341 | AJ17: 481.6 | AK17: 4286240 | AL17: =AK17/$AL$48 -> 330.3183
B18: 7 | C18: 5 | D18: 66 | E18: 10920 | F18: 11876253 | G18: 2240 | H18: 3654231.8 | I18: =F18+H18 -> 15530485 | J18: 1760 | K18: 1914121.4 | L18: 380 | M18: 619914.33 | N18: =+K18+M18 -> 2534035.8 | O18: =N18+I18 -> 18064521 | P18: =L18+J18+G18+E18 -> 15300 | U18: 0 | V18: =Y18+W18 -> 916 | W18: 383 | X18: 6888555.2 | Y18: 533 | Z18: 2463753.3 | AA18: =Z18+X18 -> 9352308.5 | AB18: =AA18/$AL$48 -> 720.73394 | AC18: 0 | AD18: 0 | AE18: 50 | AF18: 0 | AG18: =+AE18+AF18 -> 50 | AH18: 628000 | AI18: =AH18/$AL$48 -> 48.396705 | AJ18: 367.7 | AK18: 3272530 | AL18: =AK18/$AL$48 -> 252.19693
B19: 8 | C19: 3 | D19: 53 | E19: 10600 | F19: 11528231 | G19: 2160 | H19: 3523723.6 | I19: =F19+H19 -> 15051955 | J19: 1480 | K19: 1609602.1 | L19: 340 | M19: 554660.19 | N19: =+K19+M19 -> 2164262.3 | O19: =N19+I19 -> 17216217 | P19: =L19+J19+G19+E19 -> 14580 | U19: 0 | V19: =Y19+W19 -> 936 | W19: 321 | X19: 5773436.6 | Y19: 615 | Z19: 2842792.3 | AA19: =Z19+X19 -> 8616228.9 | AB19: =AA19/$AL$48 -> 664.0081 | AC19: 0 | AD19: 0 | AE19: 50 | AF19: 0 | AG19: =+AE19+AF19 -> 50 | AH19: 628000 | AI19: =AH19/$AL$48 -> 48.396705 | AJ19: 351.3 | AK19: 3126570 | AL19: =AK19/$AL$48 -> 240.94854
B20: 9 | C20: 3 | D20: 66 | E20: 10040 | F20: 10919193 | G20: 2120 | H20: 3458469.4 | I20: =F20+H20 -> 14377662 | J20: 1340 | K20: 1457342.5 | L20: 380 | M20: 619914.33 | N20: =+K20+M20 -> 2077256.8 | O20: =N20+I20 -> 16454919 | P20: =L20+J20+G20+E20 -> 13880 | U20: 0 | V20: =Y20+W20 -> 910 | W20: 343 | X20: 6169123.9 | Y20: 567 | Z20: 2620915.8 | AA20: =Z20+X20 -> 8790039.7 | AB20: =AA20/$AL$48 -> 677.4028 | AC20: 0 | AD20: 0 | AE20: 50 | AF20: 0 | AG20: =+AE20+AF20 -> 50 | AH20: 628000 | AI20: =AH20/$AL$48 -> 48.396705 | AJ20: 363.4 | AK20: 3234260 | AL20: =AK20/$AL$48 -> 249.24765
B21: 10 | C21: 6 | D21: 104 | E21: 11000 | F21: 11963259 | G21: 2280 | H21: 3719486 | I21: =F21+H21 -> 15682745 | J21: 1420 | K21: 1544348 | L21: 400 | M21: 652541.4 | N21: =+K21+M21 -> 2196889.4 | O21: =N21+I21 -> 17879634 | P21: =L21+J21+G21+E21 -> 15100 | U21: 0 | V21: =Y21+W21 -> 938 | W21: 325 | X21: 5845379.8 | Y21: 613 | Z21: 2833547.4 | AA21: =Z21+X21 -> 8678927.2 | AB21: =AA21/$AL$48 -> 668.83993 | AC21: 0 | AD21: 0 | AE21: 50 | AF21: 0 | AG21: =+AE21+AF21 -> 50 | AH21: 628000 | AI21: =AH21/$AL$48 -> 48.396705 | AJ21: 410.4 | AK21: 3652560 | AL21: =AK21/$AL$48 -> 281.48387
B22: 11 | C22: 9 | D22: 101 | E22: 11080 | F22: 12050265 | G22: 2320 | H22: 3784740.1 | I22: =F22+H22 -> 15835005 | J22: 1380 | K22: 1500845.2 | L22: 380 | M22: 619914.33 | N22: =+K22+M22 -> 2120759.6 | O22: =N22+I22 -> 17955764 | P22: =L22+J22+G22+E22 -> 15160 | U22: 0 | V22: =Y22+W22 -> 1011 | W22: 387 | X22: 6960498.4 | Y22: 624 | Z22: 2884394.1 | AA22: =Z22+X22 -> 9844892.5 | AB22: =AA22/$AL$48 -> 758.69484 | AC22: 0 | AD22: 0 | AE22: 50 | AF22: 0 | AG22: =+AE22+AF22 -> 50 | AH22: 628000 | AI22: =AH22/$AL$48 -> 48.396705 | AJ22: 427.8 | AK22: 3807420 | AL22: =AK22/$AL$48 -> 293.41813
B23: 12 | C23: 11 | D23: 148 | E23: 11200 | F23: 12180773 | G23: 2320 | H23: 3784740.1 | I23: =F23+H23 -> 15965513 | J23: 1480 | K23: 1609602.1 | L23: 400 | M23: 652541.4 | N23: =+K23+M23 -> 2262143.5 | O23: =N23+I23 -> 18227656 | P23: =L23+J23+G23+E23 -> 15400 | U23: 0 | V23: =Y23+W23 -> 1020 | W23: 407 | X23: 7320214 | Y23: 613 | Z23: 2833547.4 | AA23: =Z23+X23 -> 10153761 | AB23: =AA23/$AL$48 -> 782.49777 | AC23: 0 | AD23: 0 | AE23: 100 | AF23: 12 | AG23: =+AE23+AF23 -> 112 | AH23: 1393500 | AI23: =AH23/$AL$48 -> 107.38982 | AJ23: 324.8 | AK23: 2890720 | AL23: =AK23/$AL$48 -> 222.77281
... B41: 30 | C41: 8 | D41: 113 | E41: 11320 | F41: 12311281 | G41: 2240 | H41: 3654231.8 | I41: =F41+H41 -> 15965513 | J41: 1500 | K41: 1631353.5 | L41: 360 | M41: 587287.26 | N41: =+K41+M41 -> 2218640.8 | O41: =N41+I41 -> 18184154 | P41: =L41+J41+G41+E41 -> 15420 | U41: 0 | V41: =Y41+W41 -> 936 | W41: 300 | X41: 5395735.2 | Y41: 636 | Z41: 2939863.2 | AA41: =Z41+X41 -> 8335598.4 | AB41: =AA41/$AL$48 -> 642.38136 | AC41: 0 | AD41: 0 | AE41: 100 | AF41: 0 | AG41: =+AE41+AF41 -> 100 | AH41: 1256000 | AI41: =AH41/$AL$48 -> 96.79341 | AJ41: 398.6 | AK41: 3547540 | AL41: =AK41/$AL$48 -> 273.39052
C47: =SUM(C12:C43) -> 314 | D47: =SUM(D12:D43) -> 3997 | E47: =SUM(E12:E43) -> 331280 | F47: =SUM(F12:F43) -> 3.6028986e+08 | G47: =SUM(G12:G43) -> 68880 | H47: =SUM(H12:H43) -> 1.1236763e+08 | I47: =SUM(I12:I43) -> 4.7265749e+08 | J47: =SUM(J12:J43) -> 43880 | ... P47: =SUM(P12:P43) -> 455640 | Q47: =+#REF! -> #REF! | R47: =+#REF! -> #REF! | S47: =Q47+P47 -> #REF! | T47: =R47+O47 -> #REF! | U47: =T47/AL48 -> #REF! | V47: =SUM(V12:V42) -> 27339 | W47: =SUM(W12:W42) -> 11099 | X47: =SUM(X12:X42) -> 1.9962422e+08 | Y47: =SUM(Y12:Y42) -> 16240 | Z47: =SUM(Z12:Z42) -> 75068206 | AA47: =SUM(AA12:AA42) -> 2.7469242e+08 | AB47: =AA47/$AL$48 -> 21169.121 | AC47: =SUM(AC12:AC41) -> 0 | AD47: =SUM(AD12:AD41) -> 0 | AE47: =SUM(AE12:AE42) -> 2950 | AF47: =SUM(AF12:AF42) -> 192 | AG47: =SUM(AG12:AG42) -> 3142 | AH47: =SUM(AH12:AH43) -> 39252000 | AI47: =AH47/$AL$48 -> 3024.9482 | AJ47: =SUM(AJ12:AJ43) -> 11459.46 | AK47: =SUM(AK12:AK43) -> 101989194 | AL47: =AK47/AL48 -> 7859.7786
T48: kWh rate | U48: =U47/S47 -> #REF! | V48: m3/RNs | AL48: 12976.09
W50: =W47/V47 -> 0.40597681

Sheet RNs & Covers June 2021
A1: Four Seasons Resort Bali at Jimbaran Bay
A2: 44348
A3: Date | B3: Room Nights | C3: Food Covers
A6: 1 | B6: 15 | C6: 134
A7: 2 | B7: 4 | C7: 120
A8: =A7+1 -> 3 | B8: 5 | C8: 52
A9: =A8+1 -> 4 | B9: 11 | C9: 158
A10: =A9+1 -> 5 | B10: 16 | C10: 140
A11: =A10+1 -> 6 | B11: 8 | C11: 139
A12: =A11+1 -> 7 | B12: 5 | C12: 66
A13: =A12+1 -> 8 | B13: 3 | C13: 53
A14: =A13+1 -> 9 | B14: 3 | C14: 66
A15: =A14+1 -> 10 | B15: 6 | C15: 104
A16: =A15+1 -> 11 | B16: 9 | C16: 101
A17: =A16+1 -> 12 | B17: 11 | C17: 148
A18: =A17+1 -> 13 | B18: 10 | C18: 154
A19: =A18+1 -> 14 | B19: 6 | C19: 118
... A35: =A34+1 -> 30 | B35: 8 | C35: 113
B38: =SUM(B6:B36) -> 314 | C38: =SUM(C6:C36) -> 3997
