Workbook

Sheet TOTAL
A1: Site Name | B1: Day | C1: Month | D1: Year | E1: Total Electricity Kwh | F1: Electricity Tariff ($/Kwh) | G1: LPG (Kg) | H1: LPG $/Kg | I1: Total Fuel Oil (Liter) | J1: Fuel Oil $/Liter | K1: Water Utility Supply (m3) m3 | L1: Water Utility Supply (m3) $/m3 | M1: Room Nights | N1: Food Covers
A2: Bali at Sayan | B2: 1 | C2: 9 | D2: 2021 | E2: =Electricity!F8+Electricity!I8 -> 5400 | F2: =Electricity!L8/TOTAL!E2 -> 1227.6428 | G2: =Gas!F9+Gas!I9+Gas!L9+Gas!O9 -> 45.68796 | H2: =Gas!Q9/TOTAL!G2 -> 14180 | I2: 0 | J2: 10700 | K2: =Water!E9+Water!G9+Water!I9 -> 263 | L2: =Water!K9/TOTAL!K2 -> 4000 | M2: =Electricity!C8 -> 0 | N2: =Electricity!D8 -> 6
A3: Bali at Sayan | B3: =B2+1 -> 2 | C3: 9 | D3: 2021 | E3: =Electricity!F9+Electricity!I9 -> 5160 | F3: =Electricity!L9/TOTAL!E3 -> 1236.1783 | G3: =Gas!F10+Gas!I10+Gas!L10+Gas!O10 -> 26.71608 | H3: =Gas!Q10/TOTAL!G3 -> 14180 | I3: 0 | J3: 10700 | K3: =Water!E10+Water!G10+Water!I10 -> 250 | L3: =Water!K10/TOTAL!K3 -> 4000 | M3: =Electricity!C9 -> 1 | N3: =Electricity!D9 -> 3
A4: Bali at Sayan | B4: =B3+1 -> 3 | C4: 9 | D4: 2021 | E4: =Electricity!F10+Electricity!I10 -> 5600 | F4: =Electricity!L10/TOTAL!E4 -> 1232.6148 | G4: =Gas!F11+Gas!I11+Gas!L11+Gas!O11 -> 43.1906 | H4: =Gas!Q11/TOTAL!G4 -> 14180 | I4: 0 | J4: 10700 | K4: =Water!E11+Water!G11+Water!I11 -> 237 | L4: =Water!K11/TOTAL!K4 -> 4000 | M4: =Electricity!C10 -> 4 | N4: =Electricity!D10 -> 21
A5: Bali at Sayan | B5: =B4+1 -> 4 | C5: 9 | D5: 2021 | E5: =Electricity!F11+Electricity!I11 -> 5800 | F5: =Electricity!L11/TOTAL!E5 -> 1233.3162 | G5: =Gas!F12+Gas!I12+Gas!L12+Gas!O12 -> 48.6284 | H5: =Gas!Q12/TOTAL!G5 -> 14180 | I5: 0 | J5: 10700 | K5: =Water!E12+Water!G12+Water!I12 -> 269 | L5: =Water!K12/TOTAL!K5 -> 4000 | M5: =Electricity!C11 -> 4 | N5: =Electricity!D11 -> 23
A6: Bali at Sayan | B6: =B5+1 -> 5 | C6: 9 | D6: 2021 | E6: =Electricity!F12+Electricity!I12 -> 5620 | F6: =Electricity!L12/TOTAL!E6 -> 1236.3354 | G6: =Gas!F13+Gas!I13+Gas!L13+Gas!O13 -> 47.29916 | H6: =Gas!Q13/TOTAL!G6 -> 14180 | I6: 0 | J6: 10700 | K6: =Water!E13+Water!G13+Water!I13 -> 250 | L6: =Water!K13/TOTAL!K6 -> 4000 | M6: =Electricity!C12 -> 1 | N6: =Electricity!D12 -> 25
A7: Bali at Sayan | B7: =B6+1 -> 6 | C7: 9 | D7: 2021 | E7: =Electricity!F13+Electricity!I13 -> 5760 | F7: =Electricity!L13/TOTAL!E7 -> 1231.9933 | G7: =Gas!F14+Gas!I14+Gas!L14+Gas!O14 -> 46.05048 | H7: =Gas!Q14/TOTAL!G7 -> 14180 | I7: 0 | J7: 10700 | K7: =Water!E14+Water!G14+Water!I14 -> 328 | L7: =Water!K14/TOTAL!K7 -> 4000 | M7: =Electricity!C13 -> 0 | N7: =Electricity!D13 -> 4
A8: Bali at Sayan | B8: =B7+1 -> 7 | C8: 9 | D8: 2021 | E8: =Electricity!F14+Electricity!I14 -> 5780 | F8: =Electricity!L14/TOTAL!E8 -> 1239.5544 | G8: =Gas!F15+Gas!I15+Gas!L15+Gas!O15 -> 36.5444 | H8: =Gas!Q15/TOTAL!G8 -> 14180 | I8: 0 | J8: 10700 | K8: =Water!E15+Water!G15+Water!I15 -> 245 | L8: =Water!K15/TOTAL!K8 -> 4000 | M8: =Electricity!C14 -> 3 | N8: =Electricity!D14 -> 7
A9: Bali at Sayan | B9: =B8+1 -> 8 | C9: 9 | D9: 2021 | E9: =Electricity!F15+Electricity!I15 -> 6080 | F9: =Electricity!L15/TOTAL!E9 -> 1238.3422 | G9: =Gas!F16+Gas!I16+Gas!L16+Gas!O16 -> 54.50928 | H9: =Gas!Q16/TOTAL!G9 -> 14180 | I9: 0 | J9: 10700 | K9: =Water!E16+Water!G16+Water!I16 -> 301 | L9: =Water!K16/TOTAL!K9 -> 4000 | M9: =Electricity!C15 -> 4 | N9: =Electricity!D15 -> 18
A10: Bali at Sayan | B10: =B9+1 -> 9 | C10: 9 | D10: 2021 | E10: =Electricity!F16+Electricity!I16 -> 6000 | F10: =Electricity!L16/TOTAL!E10 -> 1226.3772 | G10: =Gas!F17+Gas!I17+Gas!L17+Gas!O17 -> 43.71424 | H10: =Gas!Q17/TOTAL!G10 -> 14180 | I10: 0 | J10: 10700 | K10: =Water!E17+Water!G17+Water!I17 -> 268 | L10: =Water!K17/TOTAL!K10 -> 4000 | M10: =Electricity!C16 -> 0 | N10: =Electricity!D16 -> 24
A11: Bali at Sayan | B11: =B10+1 -> 10 | C11: 9 | D11: 2021 | E11: =Electricity!F17+Electricity!I17 -> 5580 | F11: =Electricity!L17/TOTAL!E11 -> 1230.9089 | G11: =Gas!F18+Gas!I18+Gas!L18+Gas!O18 -> 31.67052 | H11: =Gas!Q18/TOTAL!G11 -> 14180 | I11: 0 | J11: 10700 | K11: =Water!E18+Water!G18+Water!I18 -> 239 | L11: =Water!K18/TOTAL!K11 -> 4000 | M11: =Electricity!C17 -> 1 | N11: =Electricity!D17 -> 3
A12: Bali at Sayan | B12: =B11+1 -> 11 | C12: 9 | D12: 2021 | E12: =Electricity!F18+Electricity!I18 -> 5540 | F12: =Electricity!L18/TOTAL!E12 -> 1231.5721 | G12: =Gas!F19+Gas!I19+Gas!L19+Gas!O19 -> 37.51112 | H12: =Gas!Q19/TOTAL!G12 -> 14180 | I12: 0 | J12: 10700 | K12: =Water!E19+Water!G19+Water!I19 -> 258 | L12: =Water!K19/TOTAL!K12 -> 4000 | M12: =Electricity!C18 -> 3 | N12: =Electricity!D18 -> 10
A13: Bali at Sayan | B13: =B12+1 -> 12 | C13: 9 | D13: 2021 | E13: =Electricity!F19+Electricity!I19 -> 5680 | F13: =Electricity!L19/TOTAL!E13 -> 1233.3024 | G13: =Gas!F20+Gas!I20+Gas!L20+Gas!O20 -> 46.49356 | H13: =Gas!Q20/TOTAL!G13 -> 14180 | I13: 0 | J13: 10700 | K13: =Water!E20+Water!G20+Water!I20 -> 200 | L13: =Water!K20/TOTAL!K13 -> 4000 | M13: =Electricity!C19 -> 2 | N13: =Electricity!D19 -> 26
A14: Bali at Sayan | B14: =B13+1 -> 13 | C14: 9 | D14: 2021 | E14: =Electricity!F20+Electricity!I20 -> 5440 | F14: =Electricity!L20/TOTAL!E14 -> 1226.9914 | G14: =Gas!F21+Gas!I21+Gas!L21+Gas!O21 -> 45.68796 | H14: =Gas!Q21/TOTAL!G14 -> 14180 | I14: 16 | J14: 10700 | K14: =Water!E21+Water!G21+Water!I21 -> 235 | L14: =Water!K21/TOTAL!K14 -> 4000 | M14: =Electricity!C20 -> 0 | N14: =Electricity!D20 -> 5
... A31: Bali at Sayan | B31: =B30+1 -> 30 | C31: 9 | D31: 2021 | E31: =Electricity!F37+Electricity!I37 -> 7420 | F31: =Electricity!L37/TOTAL!E31 -> 1235.7618 | G31: =Gas!F38+Gas!I38+Gas!L38+Gas!O38 -> 49.87708 | H31: =Gas!Q38/TOTAL!G31 -> 14180 | I31: 0 | J31: 10700 | K31: =Water!E38+Water!G38+Water!I38 -> 362 | L31: =Water!K38/TOTAL!K31 -> 4000 | M31: =Electricity!C37 -> 10 | N31: =Electricity!D37 -> 50

Sheet Electricity
B1: Daily Electricity Consumption
B2: Engineering Department
B4: 44440
B5: Date | C5: Room Nights | D5: Food Covers | E5: BASED LOAD (from 10 pm - 6 pm) | H5: PEAK LOAD (from 6 pm - 10 pm) | K5: Sub-Total Cost (Based + Peak cost) | L5: TOTAL COST include 10% TAX (sub total cost X 1.1) | M5: USD
E6: Used (reading) | F6: kWh (Used x2000) | G6: IDR Cost (kWh x IDR 1035.5) | H6: Used (reading) | I6: kWh (Used x2000) | J6: Cost (kWh x IDR 1553.25)
B8: 1 | C8: 0 | D8: 6 | E8: 2.28 | F8: =E8*2000 -> 4560 | G8: =F8*1035.5 -> 4721880 | H8: 0.42 | I8: =H8*2000 -> 840 | J8: =I8*1553.25 -> 1304730 | K8: =G8+J8 -> 6026610 | L8: =K8*1.1 -> 6629271 | M8: =L8/14321 -> 462.90559
B9: 2 | C9: 1 | D9: 3 | E9: 2.14 | F9: =E9*2000 -> 4280 | G9: =F9*1035.5 -> 4431940 | H9: 0.44 | I9: =H9*2000 -> 880 | J9: =I9*1553.25 -> 1366860 | K9: =G9+J9 -> 5798800 | L9: =K9*1.1 -> 6378680 | M9: =L9/14321 -> 445.40744
B10: 3 | C10: 4 | D10: 21 | E10: 2.34 | F10: =E10*2000 -> 4680 | G10: =F10*1035.5 -> 4846140 | H10: 0.46 | I10: =H10*2000 -> 920 | J10: =I10*1553.25 -> 1428990 | K10: =G10+J10 -> 6275130 | L10: =K10*1.1 -> 6902643 | M10: =L10/14321 -> 481.99448
B11: 4 | C11: 4 | D11: 23 | E11: 2.42 | F11: =E11*2000 -> 4840 | G11: =F11*1035.5 -> 5011820 | H11: 0.48 | I11: =H11*2000 -> 960 | J11: =I11*1553.25 -> 1491120 | K11: =G11+J11 -> 6502940 | L11: =K11*1.1 -> 7153234 | M11: =L11/14321 -> 499.49263
B12: 5 | C12: 1 | D12: 25 | E12: 2.33 | F12: =E12*2000 -> 4660 | G12: =F12*1035.5 -> 4825430 | H12: 0.48 | I12: =H12*2000 -> 960 | J12: =I12*1553.25 -> 1491120 | K12: =G12+J12 -> 6316550 | L12: =K12*1.1 -> 6948205 | M12: =L12/14321 -> 485.17597
B13: 6 | C13: 0 | D13: 4 | E13: 2.41 | F13: =E13*2000 -> 4820 | G13: =F13*1035.5 -> 4991110 | H13: 0.47 | I13: =H13*2000 -> 940 | J13: =I13*1553.25 -> 1460055 | K13: =G13+J13 -> 6451165 | L13: =K13*1.1 -> 7096281.5 | M13: =L13/14321 -> 495.51578
B14: 7 | C14: 3 | D14: 7 | E14: 2.38 | F14: =E14*2000 -> 4760 | G14: =F14*1035.5 -> 4928980 | H14: 0.51 | I14: =H14*2000 -> 1020 | J14: =I14*1553.25 -> 1584315 | K14: =G14+J14 -> 6513295 | L14: =K14*1.1 -> 7164624.5 | M14: =L14/14321 -> 500.288
B15: 8 | C15: 4 | D15: 18 | E15: 2.51 | F15: =E15*2000 -> 5020 | G15: =F15*1035.5 -> 5198210 | H15: 0.53 | I15: =H15*2000 -> 1060 | J15: =I15*1553.25 -> 1646445 | K15: =G15+J15 -> 6844655 | L15: =K15*1.1 -> 7529120.5 | M15: =L15/14321 -> 525.73986
B16: 9 | C16: 0 | D16: 24 | E16: 2.54 | F16: =E16*2000 -> 5080 | G16: =F16*1035.5 -> 5260340 | H16: 0.46 | I16: =H16*2000 -> 920 | J16: =I16*1553.25 -> 1428990 | K16: =G16+J16 -> 6689330 | L16: =K16*1.1 -> 7358263 | M16: =L16/14321 -> 513.8093
B17: 10 | C17: 1 | D17: 3 | E17: 2.34 | F17: =E17*2000 -> 4680 | G17: =F17*1035.5 -> 4846140 | H17: 0.45 | I17: =H17*2000 -> 900 | J17: =I17*1553.25 -> 1397925 | K17: =G17+J17 -> 6244065 | L17: =K17*1.1 -> 6868471.5 | M17: =L17/14321 -> 479.60837
B18: 11 | C18: 3 | D18: 10 | E18: 2.32 | F18: =E18*2000 -> 4640 | G18: =F18*1035.5 -> 4804720 | H18: 0.45 | I18: =H18*2000 -> 900 | J18: =I18*1553.25 -> 1397925 | K18: =G18+J18 -> 6202645 | L18: =K18*1.1 -> 6822909.5 | M18: =L18/14321 -> 476.42689
B19: 12 | C19: 2 | D19: 26 | E19: 2.37 | F19: =E19*2000 -> 4740 | G19: =F19*1035.5 -> 4908270 | H19: 0.47 | I19: =H19*2000 -> 940 | J19: =I19*1553.25 -> 1460055 | K19: =G19+J19 -> 6368325 | L19: =K19*1.1 -> 7005157.5 | M19: =L19/14321 -> 489.15282
... B37: 30 | C37: 10 | D37: 50 | E37: 3.08 | F37: =E37*2000 -> 6160 | G37: =F37*1035.5 -> 6378680 | H37: 0.63 | I37: =H37*2000 -> 1260 | J37: =I37*1553.25 -> 1957095 | K37: =G37+J37 -> 8335775 | L37: =K37*1.1 -> 9169352.5 | M37: =L37/14321 -> 640.2732
C38: =SUM(C8:C37) -> 115 | D38: =SUM(D8:D37) -> 500 | F38: =SUM(F8:F37) -> 153580 | I38: =SUM(I8:I37) -> 30400 | L38: =SUM(L8:L37) -> 2.2687598e+08 | M38: =SUM(M8:M37) -> 15842.188
G40: TOTAL Used (kWh) | I40: =F38+I38 -> 183980
A42: RNs & Food Cover is based on actual November & forecasting December 2020

Sheet Gas
B1: Daily Gas Consumption
B2: Engineering Department
B4: 44440
B5: Date | C5: Room Nights | D5: Food Covers | E5: LPG Tube 50kg | Q5: TOTAL Cost (include Tax)
E6: Ayung Terrace | H6: Riverside | K6: Sokasi - Cooking class | N6: Porte Cochere bonfire
E7: METER READING | F7: Used (kg) | G7: IDR Cost kg x rate IDR | H7: METER READING (tube installed) | I7: Used (kg) | J7: IDR Cost kg x rate IDR | K7: METER READING | L7: Used (kg) | M7: IDR Cost m3 x rate IDR | N7: Tube installed | O7: Used (kg) | P7: IDR Cost m3 x rate IDR
G8: 14180 | J8: =G8 -> 14180 | M8: =J8 -> 14180 | P8: =J8 -> 14180 | Q8: IDR | R8: USD
B9: 1 | C9: =Electricity!C8 -> 0 | D9: =Electricity!D8 -> 6 | E9: 8 | F9: 38.54796 | G9: =F9*$G$8 -> 546610.07 | J9: =I9*$J$8 -> 0 | L9: 0 | M9: =L9*$M$8 -> 0 | O9: 7.14 | P9: =O9*$P$8 -> 101245.2 | Q9: =P9+G9+J9+M9 -> 647855.27 | R9: =Q9/14321 -> 45.238131
B10: 2 | C10: =Electricity!C9 -> 1 | D10: =Electricity!D9 -> 3 | E10: 8 | F10: 19.57608 | G10: =F10*$G$8 -> 277588.81 | J10: =I10*$J$8 -> 0 | L10: 0 | M10: =L10*$M$8 -> 0 | O10: 7.14 | P10: =O10*$P$8 -> 101245.2 | Q10: =J10+M10+G10+P10 -> 378834.01 | R10: =Q10/14321 -> 26.453042
B11: 3 | C11: =Electricity!C10 -> 4 | D11: =Electricity!D10 -> 21 | E11: 8 | F11: 36.0506 | G11: =F11*$G$8 -> 511197.51 | J11: =I11*$J$8 -> 0 | L11: 0 | M11: =L11*$M$8 -> 0 | O11: 7.14 | P11: =O11*$P$8 -> 101245.2 | Q11: =J11+M11+G11+P11 -> 612442.71 | R11: =Q11/14321 -> 42.765359
B12: 4 | C12: =Electricity!C11 -> 4 | D12: =Electricity!D11 -> 23 | E12: 8 | F12: 41.4884 | G12: =F12*$G$8 -> 588305.51 | J12: =I12*$J$8 -> 0 | L12: 0 | M12: =L12*$M$8 -> 0 | O12: 7.14 | P12: =O12*$P$8 -> 101245.2 | Q12: =J12+M12+G12+P12 -> 689550.71 | R12: =Q12/14321 -> 48.14962
B13: 5 | C13: =Electricity!C12 -> 1 | D13: =Electricity!D12 -> 25 | E13: 8 | F13: 40.15916 | G13: =F13*$G$8 -> 569456.89 | J13: =I13*$J$8 -> 0 | L13: 0 | M13: =L13*$M$8 -> 0 | O13: 7.14 | P13: =O13*$P$8 -> 101245.2 | Q13: =J13+M13+G13+P13 -> 670702.09 | R13: =Q13/14321 -> 46.833468
B14: 6 | C14: =Electricity!C13 -> 0 | D14: =Electricity!D13 -> 4 | E14: 8 | F14: 38.91048 | G14: =F14*$G$8 -> 551750.61 | J14: =I14*$J$8 -> 0 | L14: 0 | M14: =L14*$M$8 -> 0 | O14: 7.14 | P14: =O14*$P$8 -> 101245.2 | Q14: =J14+M14+G14+P14 -> 652995.81 | R14: =Q14/14321 -> 45.597082
B15: 7 | C15: =Electricity!C14 -> 3 | D15: =Electricity!D14 -> 7 | E15: 8 | F15: 29.4044 | G15: =F15*$G$8 -> 416954.39 | J15: =I15*$J$8 -> 0 | L15: 0 | M15: =L15*$M$8 -> 0 | O15: 7.14 | P15: =O15*$P$8 -> 101245.2 | Q15: =J15+M15+G15+P15 -> 518199.59 | R15: =Q15/14321 -> 36.184595
B16: 8 | C16: =Electricity!C15 -> 4 | D16: =Electricity!D15 -> 18 | E16: 8 | F16: 47.36928 | G16: =F16*$G$8 -> 671696.39 | J16: =I16*$J$8 -> 0 | L16: 0 | M16: =L16*$M$8 -> 0 | O16: 7.14 | P16: =O16*$P$8 -> 101245.2 | Q16: =J16+M16+G16+P16 -> 772941.59 | R16: =Q16/14321 -> 53.972599
B17: 9 | C17: =Electricity!C16 -> 0 | D17: =Electricity!D16 -> 24 | E17: 8 | F17: 36.57424 | G17: =F17*$G$8 -> 518622.72 | J17: =I17*$J$8 -> 0 | L17: 0 | M17: =L17*$M$8 -> 0 | O17: 7.14 | P17: =O17*$P$8 -> 101245.2 | Q17: =J17+M17+G17+P17 -> 619867.92 | R17: =Q17/14321 -> 43.283844
B18: 10 | C18: =Electricity!C17 -> 1 | D18: =Electricity!D17 -> 3 | E18: 8 | F18: 24.53052 | G18: =F18*$G$8 -> 347842.77 | J18: =I18*$J$8 -> 0 | L18: 0 | M18: =L18*$M$8 -> 0 | O18: 7.14 | P18: =O18*$P$8 -> 101245.2 | Q18: =J18+M18+G18+P18 -> 449087.97 | R18: =Q18/14321 -> 31.358702
B19: 11 | C19: =Electricity!C18 -> 3 | D19: =Electricity!D18 -> 10 | E19: 8 | F19: 30.37112 | G19: =F19*$G$8 -> 430662.48 | J19: =I19*$J$8 -> 0 | L19: 0 | M19: =L19*$M$8 -> 0 | O19: 7.14 | P19: =O19*$P$8 -> 101245.2 | Q19: =J19+M19+G19+P19 -> 531907.68 | R19: =Q19/14321 -> 37.141797
B20: 12 | C20: =Electricity!C19 -> 2 | D20: =Electricity!D19 -> 26 | E20: 8 | F20: 39.35356 | G20: =F20*$G$8 -> 558033.48 | J20: =I20*$J$8 -> 0 | L20: 0 | M20: =L20*$M$8 -> 0 | O20: 7.14 | P20: =O20*$P$8 -> 101245.2 | Q20: =J20+M20+G20+P20 -> 659278.68 | R20: =Q20/14321 -> 46.035799
B21: 13 | C21: =Electricity!C20 -> 0 | D21: =Electricity!D20 -> 5 | E21: 8 | F21: 38.54796 | G21: =F21*$G$8 -> 546610.07 | J21: =I21*$J$8 -> 0 | L21: 0 | M21: =L21*$M$8 -> 0 | O21: 7.14 | P21: =O21*$P$8 -> 101245.2 | Q21: =J21+M21+G21+P21 -> 647855.27 | R21: =Q21/14321 -> 45.238131
... B38: 30 | C38: =Electricity!C37 -> 10 | D38: =Electricity!D37 -> 50 | E38: 8 | F38: 42.73708 | G38: =F38*$G$8 -> 606011.79 | J38: =I38*$J$8 -> 0 | L38: 0 | M38: =L38*$M$8 -> 0 | O38: 7.14 | P38: =O38*$P$8 -> 101245.2 | Q38: =J38+M38+G38+P38 -> 707256.99 | R38: =Q38/14321 -> 49.386006
C39: =SUM(C9:C38) -> 115 | D39: =SUM(D9:D38) -> 500 | F39: =SUM(F9:F38) -> 1155.4721 | I39: Closure | L39: Closure | O39: =SUM(O9:O38) -> 214.2 | Q39: =SUM(Q9:Q38) -> 19421950 | R39: =SUM(R9:R38) -> 1356.1867
B41: RNs & Food Cover is based on actual November & forecasting December 2020 | M41: Total Used (kg) | O41: =F39+O39 -> 1369.6721

Sheet Fuel Diesel
B1: Daily Fuel Consumption
B2: Engineering Department
B4: 44440
B5: Date | C5: Room Nights | D5: Food Covers | E5: Diesel | H5: USD
E7: METER READING | F7: Used (ltrs) | G7: IDR Cost m3 x rate IDR
E8: 2112 | G8: 10700
B9: 1 | C9: =Electricity!C8 -> 0 | D9: =Electricity!D8 -> 6 | E9: 2112 | F9: 0 | G9: =F9*$G$8 -> 0 | H9: =G9/14321 -> 0
B10: 2 | C10: =Electricity!C9 -> 1 | D10: =Electricity!D9 -> 3 | E10: 2112 | F10: 0 | G10: =F10*$G$8 -> 0 | H10: =G10/14321 -> 0
B11: 3 | C11: =Electricity!C10 -> 4 | D11: =Electricity!D10 -> 21 | E11: 2112 | F11: 0 | G11: =F11*$G$8 -> 0 | H11: =G11/14321 -> 0
B12: 4 | C12: =Electricity!C11 -> 4 | D12: =Electricity!D11 -> 23 | E12: 2112 | F12: 0 | G12: =F12*$G$8 -> 0 | H12: =G12/14321 -> 0
B13: 5 | C13: =Electricity!C12 -> 1 | D13: =Electricity!D12 -> 25 | E13: 2112 | F13: 0 | G13: =F13*$G$8 -> 0 | H13: =G13/14321 -> 0
B14: 6 | C14: =Electricity!C13 -> 0 | D14: =Electricity!D13 -> 4 | E14: 2112 | F14: 0 | G14: =F14*$G$8 -> 0 | H14: =G14/14321 -> 0
B15: 7 | C15: =Electricity!C14 -> 3 | D15: =Electricity!D14 -> 7 | E15: 2112 | F15: 0 | G15: =F15*$G$8 -> 0 | H15: =G15/14321 -> 0
B16: 8 | C16: =Electricity!C15 -> 4 | D16: =Electricity!D15 -> 18 | E16: 2112 | F16: 0 | G16: =F16*$G$8 -> 0 | H16: =G16/14321 -> 0
B17: 9 | C17: =Electricity!C16 -> 0 | D17: =Electricity!D16 -> 24 | E17: 2112 | F17: 0 | G17: =F17*$G$8 -> 0 | H17: =G17/14321 -> 0
B18: 10 | C18: =Electricity!C17 -> 1 | D18: =Electricity!D17 -> 3 | E18: 2112 | F18: 0 | G18: =F18*$G$8 -> 0 | H18: =G18/14321 -> 0
B19: 11 | C19: =Electricity!C18 -> 3 | D19: =Electricity!D18 -> 10 | E19: 2112 | F19: 0 | G19: =F19*$G$8 -> 0 | H19: =G19/14321 -> 0
B20: 12 | C20: =Electricity!C19 -> 2 | D20: =Electricity!D19 -> 26 | E20: 2112 | F20: 0 | G20: =F20*$G$8 -> 0 | H20: =G20/14321 -> 0
... B38: 30 | C38: =Electricity!C37 -> 10 | D38: =Electricity!D37 -> 50 | E38: 2167 | F38: 0 | G38: =F38*$G$8 -> 0 | H38: =G38/14321 -> 0
C39: =SUM(C9:C38) -> 115 | D39: =SUM(D9:D38) -> 500 | E39: 2167 | F39: =SUM(F9:F38) -> 55 | G39: =SUM(G9:G38) -> 588500 | H39: =SUM(H9:H38) -> 41.093499
C41: RNs & Food Cover is based on actual November & forecasting December 2020

Sheet Water
B2: Daily Water Consumption
B3: Engineering Department
B5: 44440
B6: Date | C6: RN | D6: Food Covers | E6: MUNICIPAL WATER | G6: DEEP WELL | K6: Total Cost (Municipal + DW1 + DW2 cost) | L6: USD (Total Cost / exchange rate IDR)
E7: Used | F7: Water Cost (M3 x IDR 13,582) | G7: Used | H7: DW 1 Cost (M3 x IDR 4,000) | I7: Used (m3) | J7: DW 2 Cost (M3 x IDR 4,000)
B9: 1 | C9: =Electricity!C8 -> 0 | D9: =Electricity!D8 -> 6 | E9: 0 | F9: =E9*13582 -> 0 | G9: 52 | H9: =G9*4000 -> 208000 | I9: 211 | J9: =I9*4000 -> 844000 | K9: =F9+H9+J9 -> 1052000 | L9: =K9/14321 -> 73.458557
B10: 2 | C10: =Electricity!C9 -> 1 | D10: =Electricity!D9 -> 3 | E10: 0 | F10: =E10*13582 -> 0 | G10: 100 | H10: =G10*4000 -> 400000 | I10: 150 | J10: =I10*4000 -> 600000 | K10: =F10+H10+J10 -> 1000000 | L10: =K10/14321 -> 69.827526
B11: 3 | C11: =Electricity!C10 -> 4 | D11: =Electricity!D10 -> 21 | E11: 0 | F11: =E11*13582 -> 0 | G11: 5 | H11: =G11*4000 -> 20000 | I11: 232 | J11: =I11*4000 -> 928000 | K11: =F11+H11+J11 -> 948000 | L11: =K11/14321 -> 66.196495
B12: 4 | C12: =Electricity!C11 -> 4 | D12: =Electricity!D11 -> 23 | E12: 0 | F12: =E12*13582 -> 0 | G12: 101 | H12: =G12*4000 -> 404000 | I12: 168 | J12: =I12*4000 -> 672000 | K12: =F12+H12+J12 -> 1076000 | L12: =K12/14321 -> 75.134418
B13: 5 | C13: =Electricity!C12 -> 1 | D13: =Electricity!D12 -> 25 | E13: 0 | F13: =E13*13582 -> 0 | G13: 48 | H13: =G13*4000 -> 192000 | I13: 202 | J13: =I13*4000 -> 808000 | K13: =F13+H13+J13 -> 1000000 | L13: =K13/14321 -> 69.827526
B14: 6 | C14: =Electricity!C13 -> 0 | D14: =Electricity!D13 -> 4 | E14: 0 | F14: =E14*13582 -> 0 | G14: 97 | H14: =G14*4000 -> 388000 | I14: 231 | J14: =I14*4000 -> 924000 | K14: =F14+H14+J14 -> 1312000 | L14: =K14/14321 -> 91.613714
B15: 7 | C15: =Electricity!C14 -> 3 | D15: =Electricity!D14 -> 7 | E15: 0 | F15: =E15*13582 -> 0 | G15: 56 | H15: =G15*4000 -> 224000 | I15: 189 | J15: =I15*4000 -> 756000 | K15: =F15+H15+J15 -> 980000 | L15: =K15/14321 -> 68.430975
B16: 8 | C16: =Electricity!C15 -> 4 | D16: =Electricity!D15 -> 18 | E16: 0 | F16: =E16*13582 -> 0 | G16: 68 | H16: =G16*4000 -> 272000 | I16: 233 | J16: =I16*4000 -> 932000 | K16: =F16+H16+J16 -> 1204000 | L16: =K16/14321 -> 84.072341
B17: 9 | C17: =Electricity!C16 -> 0 | D17: =Electricity!D16 -> 24 | E17: 0 | F17: =E17*13582 -> 0 | G17: 108 | H17: =G17*4000 -> 432000 | I17: 160 | J17: =I17*4000 -> 640000 | K17: =F17+H17+J17 -> 1072000 | L17: =K17/14321 -> 74.855108
B18: 10 | C18: =Electricity!C17 -> 1 | D18: =Electricity!D17 -> 3 | E18: 0 | F18: =E18*13582 -> 0 | G18: 0 | H18: =G18*4000 -> 0 | I18: 239 | J18: =I18*4000 -> 956000 | K18: =F18+H18+J18 -> 956000 | L18: =K18/14321 -> 66.755115
B19: 11 | C19: =Electricity!C18 -> 3 | D19: =Electricity!D18 -> 10 | E19: 0 | F19: =E19*13582 -> 0 | G19: 0 | H19: =G19*4000 -> 0 | I19: 258 | J19: =I19*4000 -> 1032000 | K19: =F19+H19+J19 -> 1032000 | L19: =K19/14321 -> 72.062007
B20: 12 | C20: =Electricity!C19 -> 2 | D20: =Electricity!D19 -> 26 | E20: 0 | F20: =E20*13582 -> 0 | G20: 0 | H20: =G20*4000 -> 0 | I20: 200 | J20: =I20*4000 -> 800000 | K20: =F20+H20+J20 -> 800000 | L20: =K20/14321 -> 55.862021
... B38: 30 | C38: =Electricity!C37 -> 10 | D38: =Electricity!D37 -> 50 | E38: 0 | F38: =E38*13582 -> 0 | G38: 125 | H38: =G38*4000 -> 500000 | I38: 237 | J38: =I38*4000 -> 948000 | K38: =F38+H38+J38 -> 1448000 | L38: =K38/14321 -> 101.11026
C39: =SUM(C9:C38) -> 115 | D39: =SUM(D9:D38) -> 500 | E39: 0 | G39: =SUM(G9:G38) -> 2456 | I39: =SUM(I9:I38) -> 6086 | K39: =SUM(K9:K38) -> 34168000 | L39: =SUM(L9:L38) -> 2385.8669
C41: RNs & Food Cover is based on actual November & forecasting December 2020
H42: TOTAL Used m3 | J42: =G39+I39 -> 8542
