Workbook

Sheet TOTAL
A1: Site Name | B1: Day | C1: Month | D1: Year | E1: Total Electricity Kwh | F1: Electricity Tariff ($/Kwh) | G1: LPG (Kg) | H1: LPG $/Kg | I1: Total Fuel Oil (Liter) | J1: Fuel Oil $/Liter | K1: Water Utility Supply (m3) m3 | L1: Water Utility Supply (m3) $/m3 | M1: Room Nights | N1: Food Covers
A2: Bali Jimbaran | B2: 1 | C2: 4 | D2: 2020 | E2: ='FS Jimbaran April 2020'!P12 -> 20120 | F2: ='FS Jimbaran April 2020'!O12/'FS Jimbaran April 2020'!P12 -> 1089.3193 | G2: ='FS Jimbaran April 2020'!AH12 -> 75.04164 | H2: ='FS Jimbaran April 2020'!AI12/'FS Jimbaran April 2020'!AH12 -> 9196 | I2: ='FS Jimbaran April 2020'!AK12 -> 0 | J2: ='FS Jimbaran April 2020'!AL12/'FS Jimbaran April 2020'!AK12 -> #DIV/0! | K2: ='FS Jimbaran April 2020'!W12 -> 381.81 | L2: ='FS Jimbaran April 2020'!AB12/'FS Jimbaran April 2020'!W12 -> 0 | M2: 0 | N2: 0
A3: Bali Jimbaran | B3: =B2+1 -> 2 | C3: 4 | D3: 2020 | E3: ='FS Jimbaran April 2020'!P13 -> 8880 | F3: ='FS Jimbaran April 2020'!O13/'FS Jimbaran April 2020'!P13 -> 1122.095 | G3: ='FS Jimbaran April 2020'!AH13 -> 76.89452 | H3: ='FS Jimbaran April 2020'!AI13/'FS Jimbaran April 2020'!AH13 -> 9196 | I3: ='FS Jimbaran April 2020'!AK13 -> 209.54 | J3: ='FS Jimbaran April 2020'!AL13/'FS Jimbaran April 2020'!AK13 -> 7600 | K3: ='FS Jimbaran April 2020'!W13 -> 367.57 | L3: ='FS Jimbaran April 2020'!AB13/'FS Jimbaran April 2020'!W13 -> 0 | M3: 0 | N3: 0
A4: Bali Jimbaran | B4: =B3+1 -> 3 | C4: 4 | D4: 2020 | E4: ='FS Jimbaran April 2020'!P14 -> 8240 | F4: ='FS Jimbaran April 2020'!O14/'FS Jimbaran April 2020'!P14 -> 1109.9439 | G4: ='FS Jimbaran April 2020'!AH14 -> 85.75268 | H4: ='FS Jimbaran April 2020'!AI14/'FS Jimbaran April 2020'!AH14 -> 9535.9077 | I4: ='FS Jimbaran April 2020'!AK14 -> 99.95 | J4: ='FS Jimbaran April 2020'!AL14/'FS Jimbaran April 2020'!AK14 -> 7600 | K4: ='FS Jimbaran April 2020'!W14 -> 412.96 | L4: ='FS Jimbaran April 2020'!AB14/'FS Jimbaran April 2020'!W14 -> 0 | M4: 0 | N4: 0
A5: Bali Jimbaran | B5: =B4+1 -> 4 | C5: 4 | D5: 2020 | E5: ='FS Jimbaran April 2020'!P15 -> 7400 | F5: ='FS Jimbaran April 2020'!O15/'FS Jimbaran April 2020'!P15 -> 1114.1634 | G5: ='FS Jimbaran April 2020'!AH15 -> 0 | H5: ='FS Jimbaran April 2020'!AI15/'FS Jimbaran April 2020'!AH15 -> #DIV/0! | I5: ='FS Jimbaran April 2020'!AK15 -> 107.02 | J5: ='FS Jimbaran April 2020'!AL15/'FS Jimbaran April 2020'!AK15 -> 7600 | K5: ='FS Jimbaran April 2020'!W15 -> 407.62 | L5: ='FS Jimbaran April 2020'!AB15/'FS Jimbaran April 2020'!W15 -> 0 | M5: 0 | N5: 0
A6: Bali Jimbaran | B6: =B5+1 -> 5 | C6: 4 | D6: 2020 | E6: ='FS Jimbaran April 2020'!P16 -> 5500 | F6: ='FS Jimbaran April 2020'!O16/'FS Jimbaran April 2020'!P16 -> 1120.5256 | G6: ='FS Jimbaran April 2020'!AH16 -> 57.56012 | H6: ='FS Jimbaran April 2020'!AI16/'FS Jimbaran April 2020'!AH16 -> 9196 | I6: ='FS Jimbaran April 2020'!AK16 -> 14.86 | J6: ='FS Jimbaran April 2020'!AL16/'FS Jimbaran April 2020'!AK16 -> 7600 | K6: ='FS Jimbaran April 2020'!W16 -> 304.38 | L6: ='FS Jimbaran April 2020'!AB16/'FS Jimbaran April 2020'!W16 -> 0 | M6: 0 | N6: 0
A7: Bali Jimbaran | B7: =B6+1 -> 6 | C7: 4 | D7: 2020 | E7: ='FS Jimbaran April 2020'!P17 -> 5280 | F7: ='FS Jimbaran April 2020'!O17/'FS Jimbaran April 2020'!P17 -> 1114.2482 | G7: ='FS Jimbaran April 2020'!AH17 -> 60.13804 | H7: ='FS Jimbaran April 2020'!AI17/'FS Jimbaran April 2020'!AH17 -> 9196 | I7: ='FS Jimbaran April 2020'!AK17 -> 2.41 | J7: ='FS Jimbaran April 2020'!AL17/'FS Jimbaran April 2020'!AK17 -> 7600 | K7: ='FS Jimbaran April 2020'!W17 -> 216.27 | L7: ='FS Jimbaran April 2020'!AB17/'FS Jimbaran April 2020'!W17 -> 0 | M7: 0 | N7: 0
A8: Bali Jimbaran | B8: =B7+1 -> 7 | C8: 4 | D8: 2020 | E8: ='FS Jimbaran April 2020'!P18 -> 5520 | F8: ='FS Jimbaran April 2020'!O18/'FS Jimbaran April 2020'!P18 -> 1112.7129 | G8: ='FS Jimbaran April 2020'!AH18 -> 59.65468 | H8: ='FS Jimbaran April 2020'!AI18/'FS Jimbaran April 2020'!AH18 -> 9196 | I8: ='FS Jimbaran April 2020'!AK18 -> 125.22 | J8: ='FS Jimbaran April 2020'!AL18/'FS Jimbaran April 2020'!AK18 -> 7600 | K8: ='FS Jimbaran April 2020'!W18 -> 285.69 | L8: ='FS Jimbaran April 2020'!AB18/'FS Jimbaran April 2020'!W18 -> 0 | M8: 0 | N8: 0
A9: Bali Jimbaran | B9: =B8+1 -> 8 | C9: 4 | D9: 2020 | E9: ='FS Jimbaran April 2020'!P19 -> 6140 | F9: ='FS Jimbaran April 2020'!O19/'FS Jimbaran April 2020'!P19 -> 1110.0053 | G9: ='FS Jimbaran April 2020'!AH19 -> 56.5934 | H9: ='FS Jimbaran April 2020'!AI19/'FS Jimbaran April 2020'!AH19 -> 9196 | I9: ='FS Jimbaran April 2020'!AK19 -> 0.5 | J9: ='FS Jimbaran April 2020'!AL19/'FS Jimbaran April 2020'!AK19 -> 7600 | K9: ='FS Jimbaran April 2020'!W19 -> 645.25 | L9: ='FS Jimbaran April 2020'!AB19/'FS Jimbaran April 2020'!W19 -> 2096.2406 | M9: 0 | N9: 0
A10: Bali Jimbaran | B10: =B9+1 -> 9 | C10: 4 | D10: 2020 | E10: ='FS Jimbaran April 2020'!P20 -> 5540 | F10: ='FS Jimbaran April 2020'!O20/'FS Jimbaran April 2020'!P20 -> 1119.9138 | G10: ='FS Jimbaran April 2020'!AH20 -> 59.53384 | H10: ='FS Jimbaran April 2020'!AI20/'FS Jimbaran April 2020'!AH20 -> 9196 | I10: ='FS Jimbaran April 2020'!AK20 -> 76.82 | J10: ='FS Jimbaran April 2020'!AL20/'FS Jimbaran April 2020'!AK20 -> 7600 | K10: ='FS Jimbaran April 2020'!W20 -> 385.37 | L10: ='FS Jimbaran April 2020'!AB20/'FS Jimbaran April 2020'!W20 -> 0 | M10: 0 | N10: 0
A11: Bali Jimbaran | B11: =B10+1 -> 10 | C11: 4 | D11: 2020 | E11: ='FS Jimbaran April 2020'!P21 -> 5980 | F11: ='FS Jimbaran April 2020'!O21/'FS Jimbaran April 2020'!P21 -> 1124.1158 | G11: ='FS Jimbaran April 2020'!AH21 -> 13.93688 | H11: ='FS Jimbaran April 2020'!AI21/'FS Jimbaran April 2020'!AH21 -> 9196 | I11: ='FS Jimbaran April 2020'!AK21 -> 0 | J11: ='FS Jimbaran April 2020'!AL21/'FS Jimbaran April 2020'!AK21 -> #DIV/0! | K11: ='FS Jimbaran April 2020'!W21 -> 366.68 | L11: ='FS Jimbaran April 2020'!AB21/'FS Jimbaran April 2020'!W21 -> 0 | M11: 0 | N11: 0
A12: Bali Jimbaran | B12: =B11+1 -> 11 | C12: 4 | D12: 2020 | E12: ='FS Jimbaran April 2020'!P22 -> 5380 | F12: ='FS Jimbaran April 2020'!O22/'FS Jimbaran April 2020'!P22 -> 1116.6401 | G12: ='FS Jimbaran April 2020'!AH22 -> 0 | H12: ='FS Jimbaran April 2020'!AI22/'FS Jimbaran April 2020'!AH22 -> #DIV/0! | I12: ='FS Jimbaran April 2020'!AK22 -> 123.01 | J12: ='FS Jimbaran April 2020'!AL22/'FS Jimbaran April 2020'!AK22 -> 7600 | K12: ='FS Jimbaran April 2020'!W22 -> 324.85 | L12: ='FS Jimbaran April 2020'!AB22/'FS Jimbaran April 2020'!W22 -> 0 | M12: 0 | N12: 0
A13: Bali Jimbaran | B13: =B12+1 -> 12 | C13: 4 | D13: 2020 | E13: ='FS Jimbaran April 2020'!P23 -> 5480 | F13: ='FS Jimbaran April 2020'!O23/'FS Jimbaran April 2020'!P23 -> 1109.4943 | G13: ='FS Jimbaran April 2020'!AH23 -> 0 | H13: ='FS Jimbaran April 2020'!AI23/'FS Jimbaran April 2020'!AH23 -> #DIV/0! | I13: ='FS Jimbaran April 2020'!AK23 -> 6.29 | J13: ='FS Jimbaran April 2020'!AL23/'FS Jimbaran April 2020'!AK23 -> 7600 | K13: ='FS Jimbaran April 2020'!W23 -> 260.77 | L13: ='FS Jimbaran April 2020'!AB23/'FS Jimbaran April 2020'!W23 -> 0 | M13: 0 | N13: 0
A14: Bali Jimbaran | B14: =B13+1 -> 13 | C14: 4 | D14: 2020 | E14: ='FS Jimbaran April 2020'!P24 -> 5600 | F14: ='FS Jimbaran April 2020'!O24/'FS Jimbaran April 2020'!P24 -> 1117.1627 | G14: ='FS Jimbaran April 2020'!AH24 -> 0 | H14: ='FS Jimbaran April 2020'!AI24/'FS Jimbaran April 2020'!AH24 -> #DIV/0! | I14: ='FS Jimbaran April 2020'!AK24 -> 0 | J14: ='FS Jimbaran April 2020'!AL24/'FS Jimbaran April 2020'!AK24 -> #DIV/0! | K14: ='FS Jimbaran April 2020'!W24 -> 238.52 | L14: ='FS Jimbaran April 2020'!AB24/'FS Jimbaran April 2020'!W24 -> 0 | M14: 0 | N14: 0
... A31: Bali Jimbaran | B31: =B30+1 -> 30 | C31: 4 | D31: 2020 | E31: ='FS Jimbaran April 2020'!P41 -> 4560 | F31: ='FS Jimbaran April 2020'!O41/'FS Jimbaran April 2020'!P41 -> 1122.095 | G31: ='FS Jimbaran April 2020'!AH41 -> 0 | H31: ='FS Jimbaran April 2020'!AI41/'FS Jimbaran April 2020'!AH41 -> #DIV/0! | I31: ='FS Jimbaran April 2020'!AK41 -> 121.83 | J31: ='FS Jimbaran April 2020'!AL41/'FS Jimbaran April 2020'!AK41 -> 7600 | K31: ='FS Jimbaran April 2020'!W41 -> 331.97 | L31: ='FS Jimbaran April 2020'!AB41/'FS Jimbaran April 2020'!W41 -> 0 | M31: 0 | N31: 0

Sheet FS Jimbaran April 2020
B6: Four Seasons Resort Bali at Jimbaran Bay
B7: APRIL 2020
B8: Date | C8: Room Nights | D8: Food Covers | E8: ELECTRICITY Resort, Sundara & Residences | W8: WATER | AD8: GAS
E9: Electricity Resort | J9: Electricity - Sundara | O9: Sub Total (Resort & Sundara) Cost (IDR) | P9: Sub Total (Resort & Sundara), KWh | Q9: Residences- Electricity KWh | R9: Residences- Electricity cost (IDR) | T9: TOTAL Electricity consumption (KWh) | U9: TOTAL Electricity cost | X9: Water (m3) | AB9: Total Water Cost | AD9: LPG | AK9: Diesel
E10: BASED LOAD KWh (from 10 pm - 6 pm) | F10: Cost (IDR) | G10: PEAK LOAD KWh (from 6 pm - 10 pm) | H10: Cost (IDR) | I10: Resort Cost (IDR) | J10: BASED LOAD KWh (from 10 pm - 6 pm) | K10: Cost (IDR) | L10: PEAK LOAD KWh (from 6 pm - 10 pm) | M10: Cost (IDR) | N10: Sundara Cost (IDR) | U10: IDR | V10: USD | W10: Water consumption (m3) | X10: Municipal Water (m3) | Y10: Municipal Water cost (IDR) | Z10: Deepwell Consumption (m3) | AA10: Deepwell water Cost (IDR) | AB10: IDR | AC10: USD | AD10: LPG Bulk (m3) | AE10: 50 Kg (tube) IVD & TW | AF10: Sundara 50 kg (tube) | AG10: 12 Kg (tube) | AH10: Total kg | AI10: IDR | AJ10: USD | AK10: Used (liters) | AL10: IDR | AM10: USD
B12: 1 | C12: 0 | D12: 0 | E12: 14760 | F12: 15288113 | G12: 2000 | H12: 3107340 | I12: =F12+H12 -> 18395453 | J12: 3280 | K12: 3397358.4 | L12: 80 | M12: 124293.6 | N12: =+K12+M12 -> 3521652 | O12: =N12+I12 -> 21917105 | P12: =L12+J12+G12+E12 -> 20120 | V12: 0 | W12: =Z12+X12 -> 381.81 | X12: 0 | Y12: 0 | Z12: 381.81 | AA12: 0 | AB12: =AA12+Y12 -> 0 | AC12: =AB12/$AM$48 -> 0 | AD12: 75.04164 | AE12: 0 | AF12: 0 | AG12: 0 | AH12: =AD12+AE12+AF12+AG12 -> 75.04164 | AI12: 690082.92 | AJ12: =AI12/$AM$48 -> 53.181114 | AK12: 0 | AL12: 0 | AM12: =AL12/$AM$48 -> 0
B13: 2 | C13: 0 | D13: 0 | E13: 7160 | F13: 7416184.8 | G13: 1440 | H13: 2237284.8 | I13: =F13+H13 -> 9653469.6 | J13: 240 | K13: 248587.2 | L13: 40 | M13: 62146.8 | N13: =+K13+M13 -> 310734 | O13: =N13+I13 -> 9964203.6 | P13: =L13+J13+G13+E13 -> 8880 | V13: 0 | W13: =Z13+X13 -> 367.57 | X13: 0 | Y13: 0 | Z13: 367.57 | AA13: 0 | AB13: =AA13+Y13 -> 0 | AC13: =AB13/$AM$48 -> 0 | AD13: 76.89452 | AE13: 0 | AF13: 0 | AG13: 0 | AH13: =AD13+AE13+AF13+AG13 -> 76.89452 | AI13: 707122.01 | AJ13: =AI13/$AM$48 -> 54.494228 | AK13: 209.54 | AL13: 1592504 | AM13: =AL13/$AM$48 -> 122.72603
B14: 3 | C14: 0 | D14: 0 | E14: 6920 | F14: 7167597.6 | G14: 1160 | H14: 1802257.2 | I14: =F14+H14 -> 8969854.8 | J14: 140 | K14: 145009.2 | L14: 20 | M14: 31073.4 | N14: =+K14+M14 -> 176082.6 | O14: =N14+I14 -> 9145937.4 | P14: =L14+J14+G14+E14 -> 8240 | V14: 0 | W14: =Z14+X14 -> 412.96 | X14: 0 | Y14: 0 | Z14: 412.96 | AA14: 0 | AB14: =AA14+Y14 -> 0 | AC14: =AB14/$AM$48 -> 0 | AD14: 73.75268 | AE14: 0 | AF14: 0 | AG14: 12 | AH14: =AD14+AE14+AF14+AG14 -> 85.75268 | AI14: 817729.65 | AJ14: =AI14/$AM$48 -> 63.018185 | AK14: 99.95 | AL14: 759620 | AM14: =AL14/$AM$48 -> 58.539976
B15: 4 | C15: 0 | D15: 0 | E15: 6120 | F15: 6338973.6 | G15: 1080 | H15: 1677963.6 | I15: =F15+H15 -> 8016937.2 | J15: 160 | K15: 165724.8 | L15: 40 | M15: 62146.8 | N15: =+K15+M15 -> 227871.6 | O15: =N15+I15 -> 8244808.8 | P15: =L15+J15+G15+E15 -> 7400 | V15: 0 | W15: =Z15+X15 -> 407.62 | X15: 0 | Y15: 0 | Z15: 407.62 | AA15: 0 | AB15: =AA15+Y15 -> 0 | AC15: =AB15/$AM$48 -> 0 | AD15: 0 | AE15: 0 | AF15: 0 | AG15: 0 | AH15: =AD15+AE15+AF15+AG15 -> 0 | AI15: 0 | AJ15: =AI15/$AM$48 -> 0 | AK15: 107.02 | AL15: 813352 | AM15: =AL15/$AM$48 -> 62.680823
B16: 5 | C16: 0 | D16: 0 | E16: 4480 | F16: 4640294.4 | G16: 880 | H16: 1367229.6 | I16: =F16+H16 -> 6007524 | J16: 120 | K16: 124293.6 | L16: 20 | M16: 31073.4 | N16: =+K16+M16 -> 155367 | O16: =N16+I16 -> 6162891 | P16: =L16+J16+G16+E16 -> 5500 | V16: 0 | W16: =Z16+X16 -> 304.38 | X16: 0 | Y16: 0 | Z16: 304.38 | AA16: 0 | AB16: =AA16+Y16 -> 0 | AC16: =AB16/$AM$48 -> 0 | AD16: 57.56012 | AE16: 0 | AF16: 0 | AG16: 0 | AH16: =AD16+AE16+AF16+AG16 -> 57.56012 | AI16: 529322.86 | AJ16: =AI16/$AM$48 -> 40.79217 | AK16: 14.86 | AL16: 112936 | AM16: =AL16/$AM$48 -> 8.7033922
B17: 6 | C17: 0 | D17: 0 | E17: 4360 | F17: 4516000.8 | G17: 760 | H17: 1180789.2 | I17: =F17+H17 -> 5696790 | J17: 120 | K17: 124293.6 | L17: 40 | M17: 62146.8 | N17: =+K17+M17 -> 186440.4 | O17: =N17+I17 -> 5883230.4 | P17: =L17+J17+G17+E17 -> 5280 | V17: 0 | W17: =Z17+X17 -> 216.27 | X17: 0 | Y17: 0 | Z17: 216.27 | AA17: 0 | AB17: =AA17+Y17 -> 0 | AC17: =AB17/$AM$48 -> 0 | AD17: 60.13804 | AE17: 0 | AF17: 0 | AG17: 0 | AH17: =AD17+AE17+AF17+AG17 -> 60.13804 | AI17: 553029.42 | AJ17: =AI17/$AM$48 -> 42.619111 | AK17: 2.41 | AL17: 18316 | AM17: =AL17/$AM$48 -> 1.4115192
B18: 7 | C18: 0 | D18: 0 | E18: 4560 | F18: 4723156.8 | G18: 800 | H18: 1242936 | I18: =F18+H18 -> 5966092.8 | J18: 140 | K18: 145009.2 | L18: 20 | M18: 31073.4 | N18: =+K18+M18 -> 176082.6 | O18: =N18+I18 -> 6142175.4 | P18: =L18+J18+G18+E18 -> 5520 | V18: 0 | W18: =Z18+X18 -> 285.69 | X18: 0 | Y18: 0 | Z18: 285.69 | AA18: 0 | AB18: =AA18+Y18 -> 0 | AC18: =AB18/$AM$48 -> 0 | AD18: 59.65468 | AE18: 0 | AF18: 0 | AG18: 0 | AH18: =AD18+AE18+AF18+AG18 -> 59.65468 | AI18: 548584.44 | AJ18: =AI18/$AM$48 -> 42.276559 | AK18: 125.22 | AL18: 951672 | AM18: =AL18/$AM$48 -> 73.340428
B19: 8 | C19: 0 | D19: 0 | E19: 5120 | F19: 5303193.6 | G19: 840 | H19: 1305082.8 | I19: =F19+H19 -> 6608276.4 | J19: 140 | K19: 145009.2 | L19: 40 | M19: 62146.8 | N19: =+K19+M19 -> 207156 | O19: =N19+I19 -> 6815432.4 | P19: =L19+J19+G19+E19 -> 6140 | V19: 0 | W19: =Z19+X19 -> 645.25 | X19: 0 | Y19: 0 | Z19: 645.25 | AA19: 1352599.3 | AB19: =AA19+Y19 -> 1352599.3 | AC19: =AB19/$AM$48 -> 104.23781 | AD19: 56.5934 | AE19: 0 | AF19: 0 | AG19: 0 | AH19: =AD19+AE19+AF19+AG19 -> 56.5934 | AI19: 520432.91 | AJ19: =AI19/$AM$48 -> 40.107067 | AK19: 0.5 | AL19: 3800 | AM19: =AL19/$AM$48 -> 0.2928463
B20: 9 | C20: 0 | D20: 0 | E20: 4520 | F20: 4681725.6 | G20: 880 | H20: 1367229.6 | I20: =F20+H20 -> 6048955.2 | J20: 120 | K20: 124293.6 | L20: 20 | M20: 31073.4 | N20: =+K20+M20 -> 155367 | O20: =N20+I20 -> 6204322.2 | P20: =L20+J20+G20+E20 -> 5540 | V20: 0 | W20: =Z20+X20 -> 385.37 | X20: 0 | Y20: 0 | Z20: 385.37 | AA20: 0 | AB20: =AA20+Y20 -> 0 | AC20: =AB20/$AM$48 -> 0 | AD20: 59.53384 | AE20: 0 | AF20: 0 | AG20: 0 | AH20: =AD20+AE20+AF20+AG20 -> 59.53384 | AI20: 547473.19 | AJ20: =AI20/$AM$48 -> 42.190921 | AK20: 76.82 | AL20: 583832 | AM20: =AL20/$AM$48 -> 44.992906
B21: 10 | C21: 0 | D21: 0 | E21: 4880 | F21: 5054606.4 | G21: 1000 | H21: 1553670 | I21: =F21+H21 -> 6608276.4 | J21: 80 | K21: 82862.4 | L21: 20 | M21: 31073.4 | N21: =+K21+M21 -> 113935.8 | O21: =N21+I21 -> 6722212.2 | P21: =L21+J21+G21+E21 -> 5980 | V21: 0 | W21: =Z21+X21 -> 366.68 | X21: 0 | Y21: 0 | Z21: 366.68 | AA21: 0 | AB21: =AA21+Y21 -> 0 | AC21: =AB21/$AM$48 -> 0 | AD21: 13.93688 | AE21: 0 | AF21: 0 | AG21: 0 | AH21: =AD21+AE21+AF21+AG21 -> 13.93688 | AI21: 128163.55 | AJ21: =AI21/$AM$48 -> 9.8769004 | AK21: 0 | AL21: 0 | AM21: =AL21/$AM$48 -> 0
B22: 11 | C22: 0 | D22: 0 | E22: 4440 | F22: 4598863.2 | G22: 840 | H22: 1305082.8 | I22: =F22+H22 -> 5903946 | J22: 100 | K22: 103578 | L22: 0 | M22: 0 | N22: =+K22+M22 -> 103578 | O22: =N22+I22 -> 6007524 | P22: =L22+J22+G22+E22 -> 5380 | V22: 0 | W22: =Z22+X22 -> 324.85 | X22: 0 | Y22: 0 | Z22: 324.85 | AA22: 0 | AB22: =AA22+Y22 -> 0 | AC22: =AB22/$AM$48 -> 0 | AD22: 0 | AE22: 0 | AF22: 0 | AG22: 0 | AH22: =AD22+AE22+AF22+AG22 -> 0 | AI22: 0 | AJ22: =AI22/$AM$48 -> 0 | AK22: 123.01 | AL22: 934876 | AM22: =AL22/$AM$48 -> 72.046048
B23: 12 | C23: 0 | D23: 0 | E23: 4600 | F23: 4764588 | G23: 760 | H23: 1180789.2 | I23: =F23+H23 -> 5945377.2 | J23: 100 | K23: 103578 | L23: 20 | M23: 31073.4 | N23: =+K23+M23 -> 134651.4 | O23: =N23+I23 -> 6080028.6 | P23: =L23+J23+G23+E23 -> 5480 | V23: 0 | W23: =Z23+X23 -> 260.77 | X23: 0 | Y23: 0 | Z23: 260.77 | AA23: 0 | AB23: =AA23+Y23 -> 0 | AC23: =AB23/$AM$48 -> 0 | AD23: 0 | AE23: 0 | AF23: 0 | AG23: 0 | AH23: =AD23+AE23+AF23+AG23 -> 0 | AI23: 0 | AJ23: =AI23/$AM$48 -> 0 | AK23: 6.29 | AL23: 47804 | AM23: =AL23/$AM$48 -> 3.6840065
... B41: 30 | C41: 0 | D41: 0 | E41: 3720 | F41: 3853101.6 | G41: 760 | H41: 1180789.2 | I41: =F41+H41 -> 5033890.8 | J41: 80 | K41: 82862.4 | L41: 0 | M41: 0 | N41: =+K41+M41 -> 82862.4 | O41: =N41+I41 -> 5116753.2 | P41: =L41+J41+G41+E41 -> 4560 | V41: 0 | W41: =Z41+X41 -> 331.97 | X41: 0 | Y41: 0 | Z41: 331.97 | AA41: 0 | AB41: =AA41+Y41 -> 0 | AC41: =AB41/$AM$48 -> 0 | AD41: 0 | AE41: 0 | AF41: 0 | AG41: 0 | AH41: =AD41+AE41+AF41+AG41 -> 0 | AI41: 0 | AJ41: =AI41/$AM$48 -> 0 | AK41: 121.83 | AL41: 925908 | AM41: =AL41/$AM$48 -> 71.35493
C47: =SUM(C12:C43) -> 0 | D47: =SUM(D12:D43) -> 0 | E47: =SUM(E12:E43) -> 146520 | F47: =SUM(F12:F43) -> 1.5176249e+08 | G47: =SUM(G12:G43) -> 26440 | H47: =SUM(H12:H43) -> 41079035 | I47: =SUM(I12:I43) -> 1.9284152e+08 | J47: =SUM(J12:J43) -> 6340 | ... P47: =SUM(P12:P43) -> 179960 | Q47: =#REF! -> #REF! | R47: =#REF! -> #REF! | T47: =Q47+P47 -> #REF! | U47: =R47+O47 -> #REF! | V47: =U47/AM48 -> #REF! | W47: =SUM(W12:W42) -> 11050.24 | X47: =SUM(X12:X42) -> 0 | Y47: =SUM(Y12:Y42) -> 0 | Z47: =SUM(Z12:Z42) -> 11050.24 | AA47: =SUM(AA12:AA42) -> 1352599.3 | AB47: =SUM(AB12:AB42) -> 1352599.3 | AC47: =AB47/$AM$48 -> 104.23781 | AD47: =SUM(AD12:AD41) -> 533.1058 | AE47: =SUM(AE12:AE41) -> 0 | AF47: =SUM(AF12:AF42) -> 0 | AG47: =SUM(AG12:AG42) -> 12 | AH47: =SUM(AH12:AH42) -> 545.1058 | AI47: =SUM(AI12:AI43) -> 5041940.9 | AJ47: =AI47/$AM$48 -> 388.55626 | AK47: =SUM(AK12:AK43) -> 1426.09 | AL47: =SUM(AL12:AL43) -> 10838284 | AM47: =AL47/AM48 -> 835.25037
U48: kWh rate | V48: =V47/T47 -> #REF! | W48: m3/RNs | AM48: 12976.09
AB49: =AB47/W47 -> 122.40451
X51: =X47/W47 -> 0

Sheet RNs & Covers April 2020
A1: Four Seasons Resort Bali at Jimbaran Bay
A2: 43922
A3: Date | B3: Room Nights | C3: Food Covers
A6: 1 | B6: 0 | C6: 0
A7: 2 | B7: 0 | C7: 0
A8: =A7+1 -> 3 | B8: 0 | C8: 0
A9: =A8+1 -> 4 | B9: 0 | C9: 0
A10: =A9+1 -> 5 | B10: 0 | C10: 0
A11: =A10+1 -> 6 | B11: 0 | C11: 0
A12: =A11+1 -> 7 | B12: 0 | C12: 0
A13: =A12+1 -> 8 | B13: 0 | C13: 0
A14: =A13+1 -> 9 | B14: 0 | C14: 0
A15: =A14+1 -> 10 | B15: 0 | C15: 0
A16: =A15+1 -> 11 | B16: 0 | C16: 0
A17: =A16+1 -> 12 | B17: 0 | C17: 0
A18: =A17+1 -> 13 | B18: 0 | C18: 0
A19: =A18+1 -> 14 | B19: 0 | C19: 0
... A35: =A34+1 -> 30 | B35: 0 | C35: 0
B38: =SUM(B6:B36) -> 0 | C38: =SUM(C6:C36) -> 0
