Workbook

Sheet TOTAL
A1: Site Name | B1: Day | C1: Month | D1: Year | E1: Total Electricity Kwh | F1: Electricity Tariff ($/Kwh) | G1: LPG (Kg) | H1: LPG $/Kg | I1: Total Fuel Oil (Liter) | J1: Fuel Oil $/Liter | K1: Water Utility Supply (m3) m3 | L1: Water Utility Supply (m3) $/m3 | M1: Room Nights | N1: Food Covers
A2: Bali Jimbaran | B2: 1 | C2: 10 | D2: 2021 | E2: ='FS Jimbaran October 2021'!P12 -> 13220 | F2: ='FS Jimbaran October 2021'!O12/'FS Jimbaran October 2021'!P12 -> 1182.176 | G2: ='FS Jimbaran October 2021'!AG12 -> 112 | H2: ='FS Jimbaran October 2021'!AH12/'FS Jimbaran October 2021'!AG12 -> 13888.393 | I2: ='FS Jimbaran October 2021'!AJ12 -> 226 | J2: ='FS Jimbaran October 2021'!AK12/'FS Jimbaran October 2021'!AJ12 -> 11100 | K2: ='FS Jimbaran October 2021'!V12 -> 465.25714 | L2: ='FS Jimbaran October 2021'!AA12/'FS Jimbaran October 2021'!V12 -> 7206.5364 | M2: =+'RNs & Covers October 2021'!B6 -> 11 | N2: =+'RNs & Covers October 2021'!C6 -> 91
A3: Bali Jimbaran | B3: =B2+1 -> 2 | C3: 10 | D3: 2021 | E3: ='FS Jimbaran October 2021'!P13 -> 13740 | F3: ='FS Jimbaran October 2021'!O13/'FS Jimbaran October 2021'!P13 -> 1181.7617 | G3: ='FS Jimbaran October 2021'!AG13 -> 112 | H3: ='FS Jimbaran October 2021'!AH13/'FS Jimbaran October 2021'!AG13 -> 13888.393 | I3: ='FS Jimbaran October 2021'!AJ13 -> 145 | J3: ='FS Jimbaran October 2021'!AK13/'FS Jimbaran October 2021'!AJ13 -> 11100 | K3: ='FS Jimbaran October 2021'!V13 -> 296.07273 | L3: ='FS Jimbaran October 2021'!AA13/'FS Jimbaran October 2021'!V13 -> 7206.5364 | M3: =+'RNs & Covers October 2021'!B7 -> 7 | N3: =+'RNs & Covers October 2021'!C7 -> 118
A4: Bali Jimbaran | B4: =B3+1 -> 3 | C4: 10 | D4: 2021 | E4: ='FS Jimbaran October 2021'!P14 -> 13600 | F4: ='FS Jimbaran October 2021'!O14/'FS Jimbaran October 2021'!P14 -> 1177.9332 | G4: ='FS Jimbaran October 2021'!AG14 -> 112 | H4: ='FS Jimbaran October 2021'!AH14/'FS Jimbaran October 2021'!AG14 -> 13888.393 | I4: ='FS Jimbaran October 2021'!AJ14 -> 103 | J4: ='FS Jimbaran October 2021'!AK14/'FS Jimbaran October 2021'!AJ14 -> 11100 | K4: ='FS Jimbaran October 2021'!V14 -> 211.48052 | L4: ='FS Jimbaran October 2021'!AA14/'FS Jimbaran October 2021'!V14 -> 7206.5364 | M4: =+'RNs & Covers October 2021'!B8 -> 5 | N4: =+'RNs & Covers October 2021'!C8 -> 114
A5: Bali Jimbaran | B5: =B4+1 -> 4 | C5: 10 | D5: 2021 | E5: ='FS Jimbaran October 2021'!P15 -> 13420 | F5: ='FS Jimbaran October 2021'!O15/'FS Jimbaran October 2021'!P15 -> 1184.0077 | G5: ='FS Jimbaran October 2021'!AG15 -> 62 | H5: ='FS Jimbaran October 2021'!AH15/'FS Jimbaran October 2021'!AG15 -> 13653.226 | I5: ='FS Jimbaran October 2021'!AJ15 -> 104 | J5: ='FS Jimbaran October 2021'!AK15/'FS Jimbaran October 2021'!AJ15 -> 11100 | K5: ='FS Jimbaran October 2021'!V15 -> 210.64935 | L5: ='FS Jimbaran October 2021'!AA15/'FS Jimbaran October 2021'!V15 -> 7234.9715 | M5: =+'RNs & Covers October 2021'!B9 -> 5 | N5: =+'RNs & Covers October 2021'!C9 -> 56
A6: Bali Jimbaran | B6: =B5+1 -> 5 | C6: 10 | D6: 2021 | E6: ='FS Jimbaran October 2021'!P16 -> 13080 | F6: ='FS Jimbaran October 2021'!O16/'FS Jimbaran October 2021'!P16 -> 1182.3571 | G6: ='FS Jimbaran October 2021'!AG16 -> 112 | H6: ='FS Jimbaran October 2021'!AH16/'FS Jimbaran October 2021'!AG16 -> 13888.393 | I6: ='FS Jimbaran October 2021'!AJ16 -> 82 | J6: ='FS Jimbaran October 2021'!AK16/'FS Jimbaran October 2021'!AJ16 -> 11100 | K6: ='FS Jimbaran October 2021'!V16 -> 169.18442 | L6: ='FS Jimbaran October 2021'!AA16/'FS Jimbaran October 2021'!V16 -> 7206.5364 | M6: =+'RNs & Covers October 2021'!B10 -> 4 | N6: =+'RNs & Covers October 2021'!C10 -> 76
A7: Bali Jimbaran | B7: =B6+1 -> 6 | C7: 10 | D7: 2021 | E7: ='FS Jimbaran October 2021'!P17 -> 13140 | F7: ='FS Jimbaran October 2021'!O17/'FS Jimbaran October 2021'!P17 -> 1176.9582 | G7: ='FS Jimbaran October 2021'!AG17 -> 112 | H7: ='FS Jimbaran October 2021'!AH17/'FS Jimbaran October 2021'!AG17 -> 13888.393 | I7: ='FS Jimbaran October 2021'!AJ17 -> 42 | J7: ='FS Jimbaran October 2021'!AK17/'FS Jimbaran October 2021'!AJ17 -> 11100 | K7: ='FS Jimbaran October 2021'!V17 -> 84.592208 | L7: ='FS Jimbaran October 2021'!AA17/'FS Jimbaran October 2021'!V17 -> 7206.5364 | M7: =+'RNs & Covers October 2021'!B11 -> 2 | N7: =+'RNs & Covers October 2021'!C11 -> 92
A8: Bali Jimbaran | B8: =B7+1 -> 7 | C8: 10 | D8: 2021 | E8: ='FS Jimbaran October 2021'!P18 -> 13560 | F8: ='FS Jimbaran October 2021'!O18/'FS Jimbaran October 2021'!P18 -> 1185.4181 | G8: ='FS Jimbaran October 2021'!AG18 -> 112 | H8: ='FS Jimbaran October 2021'!AH18/'FS Jimbaran October 2021'!AG18 -> 13888.393 | I8: ='FS Jimbaran October 2021'!AJ18 -> 123 | J8: ='FS Jimbaran October 2021'!AK18/'FS Jimbaran October 2021'!AJ18 -> 11100 | K8: ='FS Jimbaran October 2021'!V18 -> 253.77662 | L8: ='FS Jimbaran October 2021'!AA18/'FS Jimbaran October 2021'!V18 -> 7206.5364 | M8: =+'RNs & Covers October 2021'!B12 -> 6 | N8: =+'RNs & Covers October 2021'!C12 -> 113
A9: Bali Jimbaran | B9: =B8+1 -> 8 | C9: 10 | D9: 2021 | E9: ='FS Jimbaran October 2021'!P19 -> 13500 | F9: ='FS Jimbaran October 2021'!O19/'FS Jimbaran October 2021'!P19 -> 1184.2418 | G9: ='FS Jimbaran October 2021'!AG19 -> 112 | H9: ='FS Jimbaran October 2021'!AH19/'FS Jimbaran October 2021'!AG19 -> 13888.393 | I9: ='FS Jimbaran October 2021'!AJ19 -> 351 | J9: ='FS Jimbaran October 2021'!AK19/'FS Jimbaran October 2021'!AJ19 -> 11100 | K9: ='FS Jimbaran October 2021'!V19 -> 719.03377 | L9: ='FS Jimbaran October 2021'!AA19/'FS Jimbaran October 2021'!V19 -> 7206.5364 | M9: =+'RNs & Covers October 2021'!B13 -> 17 | N9: =+'RNs & Covers October 2021'!C13 -> 113
A10: Bali Jimbaran | B10: =B9+1 -> 9 | C10: 10 | D10: 2021 | E10: ='FS Jimbaran October 2021'!P20 -> 14660 | F10: ='FS Jimbaran October 2021'!O20/'FS Jimbaran October 2021'!P20 -> 1184.7529 | G10: ='FS Jimbaran October 2021'!AG20 -> 112 | H10: ='FS Jimbaran October 2021'!AH20/'FS Jimbaran October 2021'!AG20 -> 13888.393 | I10: ='FS Jimbaran October 2021'!AJ20 -> 289 | J10: ='FS Jimbaran October 2021'!AK20/'FS Jimbaran October 2021'!AJ20 -> 11100 | K10: ='FS Jimbaran October 2021'!V20 -> 592.14545 | L10: ='FS Jimbaran October 2021'!AA20/'FS Jimbaran October 2021'!V20 -> 7206.5364 | M10: =+'RNs & Covers October 2021'!B14 -> 14 | N10: =+'RNs & Covers October 2021'!C14 -> 131
A11: Bali Jimbaran | B11: =B10+1 -> 10 | C11: 10 | D11: 2021 | E11: ='FS Jimbaran October 2021'!P21 -> 14840 | F11: ='FS Jimbaran October 2021'!O21/'FS Jimbaran October 2021'!P21 -> 1180.6426 | G11: ='FS Jimbaran October 2021'!AG21 -> 162 | H11: ='FS Jimbaran October 2021'!AH21/'FS Jimbaran October 2021'!AG21 -> 13978.395 | I11: ='FS Jimbaran October 2021'!AJ21 -> 186 | J11: ='FS Jimbaran October 2021'!AK21/'FS Jimbaran October 2021'!AJ21 -> 11100 | K11: ='FS Jimbaran October 2021'!V21 -> 380.66494 | L11: ='FS Jimbaran October 2021'!AA21/'FS Jimbaran October 2021'!V21 -> 7206.5364 | M11: =+'RNs & Covers October 2021'!B15 -> 9 | N11: =+'RNs & Covers October 2021'!C15 -> 172
A12: Bali Jimbaran | B12: =B11+1 -> 11 | C12: 10 | D12: 2021 | E12: ='FS Jimbaran October 2021'!P22 -> 11760 | F12: ='FS Jimbaran October 2021'!O22/'FS Jimbaran October 2021'!P22 -> 1196.6958 | G12: ='FS Jimbaran October 2021'!AG22 -> 62 | H12: ='FS Jimbaran October 2021'!AH22/'FS Jimbaran October 2021'!AG22 -> 13653.226 | I12: ='FS Jimbaran October 2021'!AJ22 -> 124 | J12: ='FS Jimbaran October 2021'!AK22/'FS Jimbaran October 2021'!AJ22 -> 11100 | K12: ='FS Jimbaran October 2021'!V22 -> 253.77662 | L12: ='FS Jimbaran October 2021'!AA22/'FS Jimbaran October 2021'!V22 -> 7206.5364 | M12: =+'RNs & Covers October 2021'!B16 -> 6 | N12: =+'RNs & Covers October 2021'!C16 -> 63
A13: Bali Jimbaran | B13: =B12+1 -> 12 | C13: 10 | D13: 2021 | E13: ='FS Jimbaran October 2021'!P23 -> 16740 | F13: ='FS Jimbaran October 2021'!O23/'FS Jimbaran October 2021'!P23 -> 1167.48 | G13: ='FS Jimbaran October 2021'!AG23 -> 62 | H13: ='FS Jimbaran October 2021'!AH23/'FS Jimbaran October 2021'!AG23 -> 13653.226 | I13: ='FS Jimbaran October 2021'!AJ23 -> 103 | J13: ='FS Jimbaran October 2021'!AK23/'FS Jimbaran October 2021'!AJ23 -> 11100 | K13: ='FS Jimbaran October 2021'!V23 -> 211.48052 | L13: ='FS Jimbaran October 2021'!AA23/'FS Jimbaran October 2021'!V23 -> 7206.5364 | M13: =+'RNs & Covers October 2021'!B17 -> 5 | N13: =+'RNs & Covers October 2021'!C17 -> 65
A14: Bali Jimbaran | B14: =B13+1 -> 13 | C14: 10 | D14: 2021 | E14: ='FS Jimbaran October 2021'!P24 -> 14640 | F14: ='FS Jimbaran October 2021'!O24/'FS Jimbaran October 2021'!P24 -> 1185.6285 | G14: ='FS Jimbaran October 2021'!AG24 -> 112 | H14: ='FS Jimbaran October 2021'!AH24/'FS Jimbaran October 2021'!AG24 -> 13888.393 | I14: ='FS Jimbaran October 2021'!AJ24 -> 165 | J14: ='FS Jimbaran October 2021'!AK24/'FS Jimbaran October 2021'!AJ24 -> 11100 | K14: ='FS Jimbaran October 2021'!V24 -> 338.36883 | L14: ='FS Jimbaran October 2021'!AA24/'FS Jimbaran October 2021'!V24 -> 7206.5364 | M14: =+'RNs & Covers October 2021'!B18 -> 8 | N14: =+'RNs & Covers October 2021'!C18 -> 106
... A32: Bali Jimbaran | B32: =B31+1 -> 31 | C32: 10 | D32: 2021 | E32: ='FS Jimbaran October 2021'!P42 -> 14280 | F32: ='FS Jimbaran October 2021'!O42/'FS Jimbaran October 2021'!P42 -> 1183.531 | G32: ='FS Jimbaran October 2021'!AG42 -> 162 | H32: ='FS Jimbaran October 2021'!AH42/'FS Jimbaran October 2021'!AG42 -> 15515.432 | I32: ='FS Jimbaran October 2021'!AJ42 -> 82 | J32: ='FS Jimbaran October 2021'!AK42/'FS Jimbaran October 2021'!AJ42 -> 11100 | K32: ='FS Jimbaran October 2021'!V42 -> 380.66494 | L32: ='FS Jimbaran October 2021'!AA42/'FS Jimbaran October 2021'!V42 -> 7206.5364 | M32: =+'RNs & Covers October 2021'!B36 -> 9 | N32: =+'RNs & Covers October 2021'!C36 -> 141

Sheet FS Jimbaran October 2021
B6: Four Seasons Resort Bali at Jimbaran Bay
B7: OCTOBER 2021
B8: Date | C8: Room Nights | D8: Food Covers | E8: ELECTRICITY Resort, Sundara & Residences | V8: WATER | AC8: GAS
E9: Electricity Resort | J9: Electricity - Sundara | O9: Sub Total (Resort & Sundara) Cost (IDR) | P9: Sub Total (Resort & Sundara), KWh | Q9: Residences- Electricity KWh | R9: Residences- Electricity cost (IDR) | S9: TOTAL Electricity consumption (KWh) | T9: TOTAL Electricity cost | W9: Water (m3) | AA9: Total Water Cost | AC9: LPG | AJ9: Diesel
E10: BASED LOAD KWh (from 10 pm - 6 pm) | F10: Cost (IDR) | G10: PEAK LOAD KWh (from 6 pm - 10 pm) | H10: Cost (IDR) | I10: Resort Cost (IDR) | J10: BASED LOAD KWh (from 10 pm - 6 pm) | K10: Cost (IDR) | L10: PEAK LOAD KWh (from 6 pm - 10 pm) | M10: Cost (IDR) | N10: Sundara Cost (IDR) | T10: IDR | U10: USD | V10: Water consumption (m3) | W10: Municipal Water (m3) | X10: Municipal Water cost (IDR) | Y10: Deepwell Consumption (m3) | Z10: Deepwell water Cost (IDR) | AA10: IDR | AB10: USD | AC10: LPG Bulk (m3) | AD10: 50 Kg (tube) IVD & TW | AE10: Sundara 50 kg (tube) | AF10: 12 Kg (tube) | AG10: Total kg | AH10: IDR | AI10: USD | AJ10: Used (liters) | AK10: IDR | AL10: USD
B12: 1 | C12: 11 | D12: 91 | E12: 9760 | F12: 10614673 | G12: 2000 | H12: 3262707 | I12: =F12+H12 -> 13877380 | J12: 1160 | K12: 1261580 | L12: 300 | M12: 489406.05 | N12: =+K12+M12 -> 1750986.1 | O12: =N12+I12 -> 15628367 | P12: =L12+J12+G12+E12 -> 13220 | U12: 0 | V12: =Y12+W12 -> 465.25714 | W12: 87.628571 | X12: 1575276.8 | Y12: 377.62857 | Z12: 1777615.7 | AA12: =Z12+X12 -> 3352892.5 | AB12: =AA12/$AL$47 -> 258.39005 | AC12: 0 | AD12: 0 | AE12: 100 | AF12: 12 | AG12: =+AE12+AF12 -> 112 | AH12: 1555500 | AI12: =AH12/$AL$47 -> 119.87432 | AJ12: 226 | AK12: 2508600 | AL12: =AK12/$AL$47 -> 193.3248
B13: 2 | C13: 7 | D13: 118 | E13: 10120 | F13: 11006198 | G13: 2040 | H13: 3327961.1 | I13: =F13+H13 -> 14334159 | J13: 1240 | K13: 1348585.6 | L13: 340 | M13: 554660.19 | N13: =+K13+M13 -> 1903245.8 | O13: =N13+I13 -> 16237405 | P13: =L13+J13+G13+E13 -> 13740 | U13: 0 | V13: =Y13+W13 -> 296.07273 | W13: 55.763636 | X13: 1002448.9 | Y13: 240.30909 | Z13: 1131210 | AA13: =Z13+X13 -> 2133658.9 | AB13: =AA13/$AL$47 -> 164.43003 | AC13: 0 | AD13: 0 | AE13: 100 | AF13: 12 | AG13: =+AE13+AF13 -> 112 | AH13: 1555500 | AI13: =AH13/$AL$47 -> 119.87432 | AJ13: 145 | AK13: 1609500 | AL13: =AK13/$AL$47 -> 124.03582
B14: 3 | C14: 5 | D14: 114 | E14: 9920 | F14: 10788684 | G14: 1920 | H14: 3132198.7 | I14: =F14+H14 -> 13920883 | J14: 1420 | K14: 1544348 | L14: 340 | M14: 554660.19 | N14: =+K14+M14 -> 2099008.2 | O14: =N14+I14 -> 16019891 | P14: =L14+J14+G14+E14 -> 13600 | U14: 0 | V14: =Y14+W14 -> 211.48052 | W14: 39.831169 | X14: 716034.91 | Y14: 171.64935 | Z14: 808007.14 | AA14: =Z14+X14 -> 1524042.1 | AB14: =AA14/$AL$47 -> 117.45002 | AC14: 0 | AD14: 0 | AE14: 100 | AF14: 12 | AG14: =+AE14+AF14 -> 112 | AH14: 1555500 | AI14: =AH14/$AL$47 -> 119.87432 | AJ14: 103 | AK14: 1143300 | AL14: =AK14/$AL$47 -> 88.108205
B15: 4 | C15: 5 | D15: 56 | E15: 9920 | F15: 10788684 | G15: 2080 | H15: 3393215.3 | I15: =F15+H15 -> 14181900 | J15: 1120 | K15: 1218077.3 | L15: 300 | M15: 489406.05 | N15: =+K15+M15 -> 1707483.3 | O15: =N15+I15 -> 15889383 | P15: =L15+J15+G15+E15 -> 13420 | U15: 0 | V15: =Y15+W15 -> 210.64935 | W15: 39 | X15: 716034.91 | Y15: 171.64935 | Z15: 808007.14 | AA15: =Z15+X15 -> 1524042.1 | AB15: =AA15/$AL$47 -> 117.45002 | AC15: 0 | AD15: 0 | AE15: 50 | AF15: 12 | AG15: =+AE15+AF15 -> 62 | AH15: 846500 | AI15: =AH15/$AL$47 -> 65.235368 | AJ15: 104 | AK15: 1154400 | AL15: =AK15/$AL$47 -> 88.963625
B16: 5 | C16: 4 | D16: 76 | E16: 9680 | F16: 10527668 | G16: 1960 | H16: 3197452.9 | I16: =F16+H16 -> 13725121 | J16: 1120 | K16: 1218077.3 | L16: 320 | M16: 522033.12 | N16: =+K16+M16 -> 1740110.4 | O16: =N16+I16 -> 15465231 | P16: =L16+J16+G16+E16 -> 13080 | U16: 0 | V16: =Y16+W16 -> 169.18442 | W16: 31.864935 | X16: 572827.93 | Y16: 137.31948 | Z16: 646405.71 | AA16: =Z16+X16 -> 1219233.6 | AB16: =AA16/$AL$47 -> 93.960017 | AC16: 0 | AD16: 0 | AE16: 100 | AF16: 12 | AG16: =+AE16+AF16 -> 112 | AH16: 1555500 | AI16: =AH16/$AL$47 -> 119.87432 | AJ16: 82 | AK16: 910200 | AL16: =AK16/$AL$47 -> 70.144396
B17: 6 | C17: 2 | D17: 92 | E17: 9720 | F17: 10571171 | G17: 1800 | H17: 2936436.3 | I17: =F17+H17 -> 13507607 | J17: 1260 | K17: 1370336.9 | L17: 360 | M17: 587287.26 | N17: =+K17+M17 -> 1957624.2 | O17: =N17+I17 -> 15465231 | P17: =L17+J17+G17+E17 -> 13140 | U17: 0 | V17: =Y17+W17 -> 84.592208 | W17: 15.932468 | X17: 286413.96 | Y17: 68.65974 | Z17: 323202.86 | AA17: =Z17+X17 -> 609616.82 | AB17: =AA17/$AL$47 -> 46.980009 | AC17: 0 | AD17: 0 | AE17: 100 | AF17: 12 | AG17: =+AE17+AF17 -> 112 | AH17: 1555500 | AI17: =AH17/$AL$47 -> 119.87432 | AJ17: 42 | AK17: 466200 | AL17: =AK17/$AL$47 -> 35.927618
B18: 7 | C18: 6 | D18: 113 | E18: 9760 | F18: 10614673 | G18: 2000 | H18: 3262707 | I18: =F18+H18 -> 13877380 | J18: 1360 | K18: 1479093.8 | L18: 440 | M18: 717795.54 | N18: =+K18+M18 -> 2196889.4 | O18: =N18+I18 -> 16074270 | P18: =L18+J18+G18+E18 -> 13560 | U18: 0 | V18: =Y18+W18 -> 253.77662 | W18: 47.797403 | X18: 859241.89 | Y18: 205.97922 | Z18: 969608.57 | AA18: =Z18+X18 -> 1828850.5 | AB18: =AA18/$AL$47 -> 140.94003 | AC18: 0 | AD18: 0 | AE18: 100 | AF18: 12 | AG18: =+AE18+AF18 -> 112 | AH18: 1555500 | AI18: =AH18/$AL$47 -> 119.87432 | AJ18: 123 | AK18: 1365300 | AL18: =AK18/$AL$47 -> 105.21659
B19: 8 | C19: 17 | D19: 113 | E19: 9880 | F19: 10745182 | G19: 2080 | H19: 3393215.3 | I19: =F19+H19 -> 14138397 | J19: 1220 | K19: 1326834.2 | L19: 320 | M19: 522033.12 | N19: =+K19+M19 -> 1848867.3 | O19: =N19+I19 -> 15987264 | P19: =L19+J19+G19+E19 -> 13500 | U19: 0 | V19: =Y19+W19 -> 719.03377 | W19: 135.42597 | X19: 2434518.7 | Y19: 583.60779 | Z19: 2747224.3 | AA19: =Z19+X19 -> 5181743 | AB19: =AA19/$AL$47 -> 399.33007 | AC19: 0 | AD19: 0 | AE19: 100 | AF19: 12 | AG19: =+AE19+AF19 -> 112 | AH19: 1555500 | AI19: =AH19/$AL$47 -> 119.87432 | AJ19: 351 | AK19: 3896100 | AL19: =AK19/$AL$47 -> 300.25223
B20: 9 | C20: 14 | D20: 131 | E20: 10720 | F20: 11658740 | G20: 2240 | H20: 3654231.8 | I20: =F20+H20 -> 15312972 | J20: 1320 | K20: 1435591.1 | L20: 380 | M20: 619914.33 | N20: =+K20+M20 -> 2055505.4 | O20: =N20+I20 -> 17368477 | P20: =L20+J20+G20+E20 -> 14660 | U20: 0 | V20: =Y20+W20 -> 592.14545 | W20: 111.52727 | X20: 2004897.7 | Y20: 480.61818 | Z20: 2262420 | AA20: =Z20+X20 -> 4267317.7 | AB20: =AA20/$AL$47 -> 328.86006 | AC20: 0 | AD20: 0 | AE20: 100 | AF20: 12 | AG20: =+AE20+AF20 -> 112 | AH20: 1555500 | AI20: =AH20/$AL$47 -> 119.87432 | AJ20: 289 | AK20: 3207900 | AL20: =AK20/$AL$47 -> 247.21623
B21: 10 | C21: 9 | D21: 172 | E21: 11040 | F21: 12006762 | G21: 2200 | H21: 3588977.7 | I21: =F21+H21 -> 15595739 | J21: 1260 | K21: 1370336.9 | L21: 340 | M21: 554660.19 | N21: =+K21+M21 -> 1924997.1 | O21: =N21+I21 -> 17520737 | P21: =L21+J21+G21+E21 -> 14840 | U21: 0 | V21: =Y21+W21 -> 380.66494 | W21: 71.696104 | X21: 1288862.8 | Y21: 308.96883 | Z21: 1454412.9 | AA21: =Z21+X21 -> 2743275.7 | AB21: =AA21/$AL$47 -> 211.41004 | AC21: 0 | AD21: 0 | AE21: 150 | AF21: 12 | AG21: =+AE21+AF21 -> 162 | AH21: 2264500 | AI21: =AH21/$AL$47 -> 174.51328 | AJ21: 186 | AK21: 2064600 | AL21: =AK21/$AL$47 -> 159.10802
B22: 11 | C22: 6 | D22: 63 | E22: 8200 | F22: 8918065.8 | G22: 2040 | H22: 3327961.1 | I22: =F22+H22 -> 12246027 | J22: 1200 | K22: 1305082.8 | L22: 320 | M22: 522033.12 | N22: =+K22+M22 -> 1827115.9 | O22: =N22+I22 -> 14073143 | P22: =L22+J22+G22+E22 -> 11760 | U22: 0 | V22: =Y22+W22 -> 253.77662 | W22: 47.797403 | X22: 859241.89 | Y22: 205.97922 | Z22: 969608.57 | AA22: =Z22+X22 -> 1828850.5 | AB22: =AA22/$AL$47 -> 140.94003 | AC22: 0 | AD22: 0 | AE22: 50 | AF22: 12 | AG22: =+AE22+AF22 -> 62 | AH22: 846500 | AI22: =AH22/$AL$47 -> 65.235368 | AJ22: 124 | AK22: 1376400 | AL22: =AK22/$AL$47 -> 106.07201
B23: 12 | C23: 5 | D23: 65 | E23: 12840 | F23: 13964386 | G23: 2080 | H23: 3393215.3 | I23: =F23+H23 -> 17357601 | J23: 1440 | K23: 1566099.4 | L23: 380 | M23: 619914.33 | N23: =+K23+M23 -> 2186013.7 | O23: =N23+I23 -> 19543615 | P23: =L23+J23+G23+E23 -> 16740 | U23: 0 | V23: =Y23+W23 -> 211.48052 | W23: 39.831169 | X23: 716034.91 | Y23: 171.64935 | Z23: 808007.14 | AA23: =Z23+X23 -> 1524042.1 | AB23: =AA23/$AL$47 -> 117.45002 | AC23: 0 | AD23: 0 | AE23: 50 | AF23: 12 | AG23: =+AE23+AF23 -> 62 | AH23: 846500 | AI23: =AH23/$AL$47 -> 65.235368 | AJ23: 103 | AK23: 1143300 | AL23: =AK23/$AL$47 -> 88.108205
... B26: 15 | C26: 16 | D26: 117 | E26: 12040 | F26: 13094331 | G26: 2680 | H26: 4372027.4 | I26: =F26+H26 -> 17466358 | J26: 1520 | K26: 1653104.9 | L26: 480 | M26: 783049.68 | N26: =+K26+M26 -> 2436154.6 | O26: =N26+I26 -> 19902513 | P26: =L26+J26+G26+E26 -> 16720 | U26: 0 | V26: =Y26+W26 -> 676.73766 | W26: 127.45974 | X26: 2291311.7 | Y26: 549.27792 | Z26: 2585622.9 | AA26: =Z26+X26 -> 4876934.6 | AB26: =AA26/$AL$47 -> 375.84007 | AC26: 0 | AD26: 0 | AE26: 100 | AF26: 12 | AG26: =+AE26+AF26 -> 112 | AH26: 1721500 | AI26: =AH26/$AL$47 -> 132.66708 | AJ26: 330 | AK26: 3663000 | AL26: =AK26/$AL$47 -> 282.28842
B27: 16 | C27: 45 | D27: 256 | E27: 12840 | F27: 13964386 | G27: 3200 | H27: 5220331.2 | I27: =F27+H27 -> 19184717 | J27: 1640 | K27: 1783613.2 | L27: 460 | M27: 750422.61 | N27: =+K27+M27 -> 2534035.8 | O27: =N27+I27 -> 21718753 | P27: =L27+J27+G27+E27 -> 18140 | Q27: Refer to: | R27: Refer to: | U27: 0 | V27: =Y27+W27 -> 1903.3247 | W27: 358.48052 | X27: 6444314.2 | Y27: 1544.8442 | Z27: 7272064.3 | AA27: =Z27+X27 -> 13716378 | AB27: =AA27/$AL$47 -> 1057.0502 | AC27: 0 | AD27: 0 | AE27: 200 | AF27: 24 | AG27: =+AE27+AF27 -> 224 | AH27: 3443000 | AI27: =AH27/$AL$47 -> 265.33416 | AJ27: 929 | AK27: 10311900 | AL27: =AK27/$AL$47 -> 794.68469
B28: 17 | C28: 53 | D28: 327 | E28: 13000 | F28: 14138397 | G28: 2800 | H28: 4567789.8 | I28: =F28+H28 -> 18706187 | J28: 1380 | K28: 1500845.2 | L28: 400 | M28: 652541.4 | N28: =+K28+M28 -> 2153386.6 | O28: =N28+I28 -> 20859573 | P28: =L28+J28+G28+E28 -> 17580 | Q28: Residence Electricity October21'!A1 | R28: Residence Electricity October21'!A1 | U28: 0 | V28: =Y28+W28 -> 2241.6935 | W28: 422.21039 | X28: 7589970 | Y28: 1819.4831 | Z28: 8564875.7 | AA28: =Z28+X28 -> 16154846 | AB28: =AA28/$AL$47 -> 1244.9702 | AC28: 0 | AD28: 0 | AE28: 200 | AF28: 36 | AG28: =+AE28+AF28 -> 236 | AH28: 3580500 | AI28: =AH28/$AL$47 -> 275.93058 | AJ28: 1093 | AK28: 12132300 | AL28: =AK28/$AL$47 -> 934.97348
B29: 18 | C29: 49 | D29: 301 | E29: 13440 | F29: 14616927 | G29: 3360 | H29: 5481347.8 | I29: =F29+H29 -> 20098275 | J29: 1880 | K29: 2044629.7 | L29: 480 | M29: 783049.68 | N29: =+K29+M29 -> 2827679.4 | O29: =N29+I29 -> 22925955 | P29: =L29+J29+G29+E29 -> 19160 | U29: 0 | V29: =Y29+W29 -> 2072.5091 | W29: 390.34545 | X29: 7017142.1 | Y29: 1682.1636 | Z29: 7918470 | AA29: =Z29+X29 -> 14935612 | AB29: =AA29/$AL$47 -> 1151.0102 | AC29: 0 | AD29: 0 | AE29: 200 | AF29: 24 | AG29: =+AE29+AF29 -> 224 | AH29: 3443000 | AI29: =AH29/$AL$47 -> 265.33416 | AJ29: 1011 | AK29: 11222100 | AL29: =AK29/$AL$47 -> 864.82908
B30: 19 | C30: 20 | D30: 239 | E30: 13640 | F30: 14834441 | G30: 2800 | H30: 4567789.8 | I30: =F30+H30 -> 19402231 | J30: 1860 | K30: 2022878.3 | L30: 420 | M30: 685168.47 | N30: =+K30+M30 -> 2708046.8 | O30: =N30+I30 -> 22110278 | P30: =L30+J30+G30+E30 -> 18720 | U30: 0 | V30: =Y30+W30 -> 845.92208 | W30: 159.32468 | X30: 2864139.6 | Y30: 686.5974 | Z30: 3232028.6 | AA30: =Z30+X30 -> 6096168.2 | AB30: =AA30/$AL$47 -> 469.80009 | AC30: 0 | AD30: 0 | AE30: 150 | AF30: 24 | AG30: =+AE30+AF30 -> 174 | AH30: 2651000 | AI30: =AH30/$AL$47 -> 204.29883 | AJ30: 412 | AK30: 4573200 | AL30: =AK30/$AL$47 -> 352.43282
B31: 20 | C31: 13 | D31: 129 | E31: 12360 | F31: 13442353 | G31: 2480 | H31: 4045756.7 | I31: =F31+H31 -> 17488110 | J31: 1540 | K31: 1674856.3 | L31: 440 | M31: 717795.54 | N31: =+K31+M31 -> 2392651.8 | O31: =N31+I31 -> 19880761 | P31: =L31+J31+G31+E31 -> 16820 | U31: 0 | V31: =Y31+W31 -> 549.84935 | W31: 103.56104 | X31: 1861690.8 | Y31: 446.28831 | Z31: 2100818.6 | AA31: =Z31+X31 -> 3962509.3 | AB31: =AA31/$AL$47 -> 305.37006 | AC31: 0 | AD31: 0 | AE31: 100 | AF31: 12 | AG31: =+AE31+AF31 -> 112 | AH31: 1721500 | AI31: =AH31/$AL$47 -> 132.66708 | AJ31: 268 | AK31: 2974800 | AL31: =AK31/$AL$47 -> 229.25242
B32: 21 | C32: 9 | D32: 167 | E32: 12080 | F32: 13137834 | G32: 2400 | H32: 3915248.4 | I32: =F32+H32 -> 17053082 | J32: 1580 | K32: 1718359 | L32: 500 | M32: 815676.75 | N32: =+K32+M32 -> 2534035.8 | O32: =N32+I32 -> 19587118 | P32: =L32+J32+G32+E32 -> 16560 | U32: 0 | V32: =Y32+W32 -> 380.66494 | W32: 71.696104 | X32: 1288862.8 | Y32: 308.96883 | Z32: 1454412.9 | AA32: =Z32+X32 -> 2743275.7 | AB32: =AA32/$AL$47 -> 211.41004 | AC32: 0 | AD32: 0 | AE32: 150 | AF32: 24 | AG32: =+AE32+AF32 -> 174 | AH32: 2651000 | AI32: =AH32/$AL$47 -> 204.29883 | AJ32: 186 | AK32: 2064600 | AL32: =AK32/$AL$47 -> 159.10802
B33: 22 | C33: 11 | D33: 135 | E33: 11440 | F33: 12441789 | G33: 2240 | H33: 3654231.8 | I33: =F33+H33 -> 16096021 | J33: 1300 | K33: 1413839.7 | L33: 320 | M33: 522033.12 | N33: =+K33+M33 -> 1935872.8 | O33: =N33+I33 -> 18031894 | P33: =L33+J33+G33+E33 -> 15300 | U33: 0 | V33: =Y33+W33 -> 465.62857 | W33: 88 | X33: 1575276.8 | Y33: 377.62857 | Z33: 1777615.7 | AA33: =Z33+X33 -> 3352892.5 | AB33: =AA33/$AL$47 -> 258.39005 | AC33: 0 | AD33: 0 | AE33: 100 | AF33: 12 | AG33: =+AE33+AF33 -> 112 | AH33: 1721500 | AI33: =AH33/$AL$47 -> 132.66708 | AJ33: 226 | AK33: 2508600 | AL33: =AK33/$AL$47 -> 193.3248
B34: 23 | C34: 13 | D34: 99 | E34: 11200 | F34: 12180773 | G34: 2280 | H34: 3719486 | I34: =F34+H34 -> 15900259 | J34: 1300 | K34: 1413839.7 | L34: 380 | M34: 619914.33 | N34: =+K34+M34 -> 2033754 | O34: =N34+I34 -> 17934013 | P34: =L34+J34+G34+E34 -> 15160 | U34: 0 | V34: =Y34+W34 -> 549.84935 | W34: 103.56104 | X34: 1861690.8 | Y34: 446.28831 | Z34: 2100818.6 | AA34: =Z34+X34 -> 3962509.3 | AB34: =AA34/$AL$47 -> 305.37006 | AC34: 0 | AD34: 0 | AE34: 100 | AF34: 12 | AG34: =+AE34+AF34 -> 112 | AH34: 1721500 | AI34: =AH34/$AL$47 -> 132.66708 | AJ34: 269 | AK34: 2985900 | AL34: =AK34/$AL$47 -> 230.10784
B35: 24 | C35: 7 | D35: 95 | E35: 11040 | F35: 12006762 | G35: 2240 | H35: 3654231.8 | I35: =F35+H35 -> 15660994 | J35: 1260 | K35: 1370336.9 | L35: 300 | M35: 489406.05 | N35: =+K35+M35 -> 1859743 | O35: =N35+I35 -> 17520737 | P35: =L35+J35+G35+E35 -> 14840 | U35: 0 | V35: =Y35+W35 -> 296.07273 | W35: 55.763636 | X35: 1002448.9 | Y35: 240.30909 | Z35: 1131210 | AA35: =Z35+X35 -> 2133658.9 | AB35: =AA35/$AL$47 -> 164.43003 | AC35: 0 | AD35: 0 | AE35: 100 | AF35: 12 | AG35: =+AE35+AF35 -> 112 | AH35: 1721500 | AI35: =AH35/$AL$47 -> 132.66708 | AJ35: 244 | AK35: 2708400 | AL35: =AK35/$AL$47 -> 208.72235
B36: 25 | C36: 13 | D36: 56 | E36: 11080 | F36: 12050265 | G36: 2280 | H36: 3719486 | I36: =F36+H36 -> 15769750 | J36: 1280 | K36: 1392088.3 | L36: 340 | M36: 554660.19 | N36: =+K36+M36 -> 1946748.5 | O36: =N36+I36 -> 17716499 | P36: =L36+J36+G36+E36 -> 14980 | U36: 0 | V36: =Y36+W36 -> 549.28831 | W36: 103 | X36: 1861690.8 | Y36: 446.28831 | Z36: 2100818.6 | AA36: =Z36+X36 -> 3962509.3 | AB36: =AA36/$AL$47 -> 305.37006 | AC36: 0 | AD36: 0 | AE36: 50 | AF36: 12 | AG36: =+AE36+AF36 -> 62 | AH36: 929500 | AI36: =AH36/$AL$47 -> 71.631747 | AJ36: 267.7 | AK36: 2971470 | AL36: =AK36/$AL$47 -> 228.99579
B37: 26 | C37: 3 | D37: 57 | E37: 10560 | F37: 11484729 | G37: 2200 | H37: 3588977.7 | I37: =F37+H37 -> 15073706 | J37: 1000 | K37: 1087569 | L37: 380 | M37: 619914.33 | N37: =+K37+M37 -> 1707483.3 | O37: =N37+I37 -> 16781190 | P37: =L37+J37+G37+E37 -> 14140 | U37: 0 | V37: =Y37+W37 -> 126.88831 | W37: 23.898701 | X37: 429620.95 | Y37: 102.98961 | Z37: 484804.29 | AA37: =Z37+X37 -> 914425.23 | AB37: =AA37/$AL$47 -> 70.470013 | AC37: 0 | AD37: 0 | AE37: 50 | AF37: 12 | AG37: =+AE37+AF37 -> 62 | AH37: 929500 | AI37: =AH37/$AL$47 -> 71.631747 | AJ37: 62 | AK37: 688200 | AL37: =AK37/$AL$47 -> 53.036007
B38: 27 | C38: 3 | D38: 55 | E38: 10680 | F38: 11615237 | G38: 2040 | H38: 3327961.1 | I38: =F38+H38 -> 14943198 | J38: 1380 | K38: 1500845.2 | L38: 220 | M38: 358897.77 | N38: =+K38+M38 -> 1859743 | O38: =N38+I38 -> 16802941 | P38: =L38+J38+G38+E38 -> 14320 | U38: 0 | V38: =Y38+W38 -> 125.98961 | W38: 23 | X38: 429620.95 | Y38: 102.98961 | Z38: 484804.29 | AA38: =Z38+X38 -> 914425.23 | AB38: =AA38/$AL$47 -> 70.470013 | AC38: 0 | AD38: 0 | AE38: 50 | AF38: 12 | AG38: =+AE38+AF38 -> 62 | AH38: 929500 | AI38: =AH38/$AL$47 -> 71.631747 | AJ38: 63 | AK38: 699300 | AL38: =AK38/$AL$47 -> 53.891426
B39: 28 | C39: 1 | D39: 62 | E39: 10640 | F39: 11571734 | G39: 2160 | H39: 3523723.6 | I39: =F39+H39 -> 15095458 | J39: 1180 | K39: 1283331.4 | L39: 320 | M39: 522033.12 | N39: =+K39+M39 -> 1805364.5 | O39: =N39+I39 -> 16900822 | P39: =L39+J39+G39+E39 -> 14300 | U39: 0 | V39: =Y39+W39 -> 42.296104 | W39: 7.9662338 | X39: 143206.98 | Y39: 34.32987 | Z39: 161601.43 | AA39: =Z39+X39 -> 304808.41 | AB39: =AA39/$AL$47 -> 23.490004 | AC39: 0 | AD39: 0 | AE39: 50 | AF39: 12 | AG39: =+AE39+AF39 -> 62 | AH39: 929500 | AI39: =AH39/$AL$47 -> 71.631747 | AJ39: 20 | AK39: 222000 | AL39: =AK39/$AL$47 -> 17.108389
B40: 29 | C40: 5 | D40: 40 | E40: 11000 | F40: 11963259 | G40: 2200 | H40: 3588977.7 | I40: =F40+H40 -> 15552237 | J40: 1180 | K40: 1283331.4 | L40: 300 | M40: 489406.05 | N40: =+K40+M40 -> 1772737.5 | O40: =N40+I40 -> 17324974 | P40: =L40+J40+G40+E40 -> 14680 | U40: 0 | V40: =Y40+W40 -> 211.48052 | W40: 39.831169 | X40: 716034.91 | Y40: 171.64935 | Z40: 808007.14 | AA40: =Z40+X40 -> 1524042.1 | AB40: =AA40/$AL$47 -> 117.45002 | AC40: 0 | AD40: 0 | AE40: 50 | AF40: 12 | AG40: =+AE40+AF40 -> 62 | AH40: 929500 | AI40: =AH40/$AL$47 -> 71.631747 | AJ40: 103 | AK40: 1143300 | AL40: =AK40/$AL$47 -> 88.108205
... B42: 31 | C42: 9 | D42: 141 | E42: 10560 | F42: 11484729 | G42: 2200 | H42: 3588977.7 | I42: =F42+H42 -> 15073706 | J42: 1200 | K42: 1305082.8 | L42: 320 | M42: 522033.12 | N42: =+K42+M42 -> 1827115.9 | O42: =N42+I42 -> 16900822 | P42: =L42+J42+G42+E42 -> 14280 | U42: 0 | V42: =Y42+W42 -> 380.66494 | W42: 71.696104 | X42: 1288862.8 | Y42: 308.96883 | Z42: 1454412.9 | AA42: =Z42+X42 -> 2743275.7 | AB42: =AA42/$AL$47 -> 211.41004 | AC42: 0 | AD42: 0 | AE42: 150 | AF42: 12 | AG42: =+AE42+AF42 -> 162 | AH42: 2513500 | AI42: =AH42/$AL$47 -> 193.70242 | AJ42: 82 | AK42: 910200 | AL42: =AK42/$AL$47 -> 70.144396
C46: =SUM(C12:C42) -> 385 | D46: =SUM(D12:D42) -> 3787 | E46: =SUM(E12:E42) -> 341400 | F46: =SUM(F12:F42) -> 3.7129606e+08 | G46: =SUM(G12:G42) -> 70720 | H46: =SUM(H12:H42) -> 1.1536932e+08 | I46: =SUM(I12:I42) -> 4.8666538e+08 | J46: =SUM(J12:J42) -> 41540 | ... P46: =SUM(P12:P42) -> 464820 | Q46: =+'Residence Electricity October21'!D26 -> 48407 | R46: =+'Residence Electricity October21'!D27 -> 81490832 | S46: =Q46+P46 -> 513227 | T46: =R46+O46 -> 6.3153973e+08 | U46: =T46/AL47 -> 48669.494 | V46: =SUM(V12:V41) -> 15903.686 | W46: =SUM(W12:W41) -> 2995.6545 | X46: =SUM(X12:X41) -> 53845825 | Y46: =SUM(Y12:Y41) -> 12908.031 | Z46: =SUM(Z12:Z41) -> 60762137 | AA46: =SUM(AA12:AA41) -> 1.1460796e+08 | AB46: =AA46/$AL$47 -> 8832.2416 | AC46: =SUM(AC12:AC41) -> 0 | AD46: =SUM(AD12:AD41) -> 0 | AE46: =SUM(AE12:AE41) -> 3050 | AF46: =SUM(AF12:AF41) -> 432 | AG46: =SUM(AG12:AG41) -> 3482 | AH46: =SUM(AH12:AH42) -> 53783500 | AI46: =AH46/$AL$47 -> 4144.8156 | AJ46: =SUM(AJ12:AJ42) -> 7940.7 | AK46: 0 | AL46: =AK46/AL47 -> 0
T47: kWh rate | U47: =U46/S46 -> 0.094830345 | V47: m3/RNs | AL47: 12976.09
W50: =W46/V46 -> 0.18836228 | Y50: =Y46/V46 -> 0.81163772

Sheet RNs & Covers October 2021
A1: Four Seasons Resort Bali at Jimbaran Bay
A2: 44470
A3: Date | B3: Room Nights | C3: Food Covers
A6: 1 | B6: 11 | C6: 91
A7: 2 | B7: 7 | C7: 118
A8: =A7+1 -> 3 | B8: 5 | C8: 114
A9: =A8+1 -> 4 | B9: 5 | C9: 56
A10: =A9+1 -> 5 | B10: 4 | C10: 76
A11: =A10+1 -> 6 | B11: 2 | C11: 92
A12: =A11+1 -> 7 | B12: 6 | C12: 113
A13: =A12+1 -> 8 | B13: 17 | C13: 113
A14: =A13+1 -> 9 | B14: 14 | C14: 131
A15: =A14+1 -> 10 | B15: 9 | C15: 172
A16: =A15+1 -> 11 | B16: 6 | C16: 63
A17: =A16+1 -> 12 | B17: 5 | C17: 65
A18: =A17+1 -> 13 | B18: 8 | C18: 106
A19: =A18+1 -> 14 | B19: 8 | C19: 85
... A36: =A35+1 -> 31 | B36: 9 | C36: 141
B37: =SUM(B6:B36) -> 385 | C37: =SUM(C6:C36) -> 3787

Sheet Residence Electricity October21
B6: Office & Pantry | C6: Unit (KWh) - bill Estate Common | D6: 2411
C7: Charge | D7: 3657331
B8: Residence 001 | C8: Unit (KWh) - bill Estate 1 | D8: 7686
C9: Charge | D9: 12769558
B10: Residence 002 | C10: Unit (KWh) - bill Estate 2 | D10: 1268
C11: Charge | D11: 3522178
B12: Residence 003 | C12: Unit (KWh) - bill Estate 3 | D12: 6170
C13: Charge | D13: 10250869
B14: Residence 005 | C14: Unit (KWh) - bill Estate 4 | D14: 6293
C15: Charge | D15: 10455222
B16: Residence 006 | C16: Unit (KWh)-bill Estate 5 | D16: 5660
C17: Charge | D17: 9403552
B18: Residence 007 | C18: Unit (KWh)-bill Estate 6 | D18: 5238
C19: Charge | D19: 8702440
B20: Residence 008 | C20: Unit (KWh)-bill Estate 7 | D20: 4360
C21: Charge | D21: 7243726
B22: Residence 009 | C22: Unit (KWh)-bill Estate 8 | D22: 6405
C23: Charge | D23: 10641299
B24: Residence 010 | C24: Unit (KWh)-billa Estate 9 | D24: 2916
C25: Charge | D25: 4844657
B26: Total KWh | D26: =+D6+D8+D10+D12+D14+D16+D18+D20+D22+D24 -> 48407
B27: Total Charge | D27: =+D7+D9+D11+D13+D15+D17+D19+D21+D23+D25 -> 81490832
