Workbook

Sheet TOTAL
A1: Site Name | B1: Day | C1: Month | D1: Year | E1: Total Electricity Kwh | F1: Electricity Tariff ($/Kwh) | G1: LPG (Kg) | H1: LPG $/Kg | I1: Total Fuel Oil (Liters) | J1: Fuel Oil $/Liter | K1: Water Utility Supply (m3) m3 | L1: Water Utility Supply (m3) $/m3 | M1: Room Nights | N1: Food Covers
A2: Bali at Sayan | B2: 1 | C2: 10 | D2: 2021 | E2: =Electricity!F8+Electricity!I8 -> 7420 | F2: =Electricity!L8/TOTAL!E2 -> 1235.7618 | G2: =Gas!F9+Gas!I9+Gas!L9+Gas!O9 -> 24.1 | H2: =Gas!Q9/TOTAL!G2 -> 15840 | I2: 0 | J2: 10700 | K2: =Water!E9+Water!G9+Water!I9 -> 356 | L2: =Water!K9/TOTAL!K2 -> 4000 | M2: =Electricity!C8 -> 11 | N2: =Electricity!D8 -> 98
A3: Bali at Sayan | B3: =B2+1 -> 2 | C3: 10 | D3: 2021 | E3: =Electricity!F9+Electricity!I9 -> 7120 | F3: =Electricity!L9/TOTAL!E3 -> 1241.4365 | G3: =Gas!F10+Gas!I10+Gas!L10+Gas!O10 -> 19.13 | H3: =Gas!Q10/TOTAL!G3 -> 15840 | I3: 0 | J3: 10700 | K3: =Water!E10+Water!G10+Water!I10 -> 309 | L3: =Water!K10/TOTAL!K3 -> 4000 | M3: =Electricity!C9 -> 19 | N3: =Electricity!D9 -> 59
A4: Bali at Sayan | B4: =B3+1 -> 3 | C4: 10 | D4: 2021 | E4: =Electricity!F10+Electricity!I10 -> 7240 | F4: =Electricity!L10/TOTAL!E4 -> 1236.593 | G4: =Gas!F11+Gas!I11+Gas!L11+Gas!O11 -> 18.85 | H4: =Gas!Q11/TOTAL!G4 -> 15840 | I4: 0 | J4: 10700 | K4: =Water!E11+Water!G11+Water!I11 -> 303 | L4: =Water!K11/TOTAL!K4 -> 4000 | M4: =Electricity!C10 -> 13 | N4: =Electricity!D10 -> 82
A5: Bali at Sayan | B5: =B4+1 -> 4 | C5: 10 | D5: 2021 | E5: =Electricity!F11+Electricity!I11 -> 7300 | F5: =Electricity!L11/TOTAL!E5 -> 1227.9895 | G5: =Gas!F12+Gas!I12+Gas!L12+Gas!O12 -> 19.6 | H5: =Gas!Q12/TOTAL!G5 -> 15840 | I5: 0 | J5: 10700 | K5: =Water!E12+Water!G12+Water!I12 -> 315 | L5: =Water!K12/TOTAL!K5 -> 4000 | M5: =Electricity!C11 -> 7 | N5: =Electricity!D11 -> 78
A6: Bali at Sayan | B6: =B5+1 -> 5 | C6: 10 | D6: 2021 | E6: =Electricity!F12+Electricity!I12 -> 6260 | F6: =Electricity!L12/TOTAL!E6 -> 1228.2089 | G6: =Gas!F13+Gas!I13+Gas!L13+Gas!O13 -> 20.98 | H6: =Gas!Q13/TOTAL!G6 -> 15840 | I6: 19 | J6: 10700 | K6: =Water!E13+Water!G13+Water!I13 -> 295 | L6: =Water!K13/TOTAL!K6 -> 4000 | M6: =Electricity!C12 -> 5 | N6: =Electricity!D12 -> 32
A7: Bali at Sayan | B7: =B6+1 -> 6 | C7: 10 | D7: 2021 | E7: =Electricity!F13+Electricity!I13 -> 6060 | F7: =Electricity!L13/TOTAL!E7 -> 1236.7903 | G7: =Gas!F14+Gas!I14+Gas!L14+Gas!O14 -> 17.14 | H7: =Gas!Q14/TOTAL!G7 -> 15840 | I7: 0 | J7: 10700 | K7: =Water!E14+Water!G14+Water!I14 -> 317 | L7: =Water!K14/TOTAL!K7 -> 4000 | M7: =Electricity!C13 -> 7 | N7: =Electricity!D13 -> 25
A8: Bali at Sayan | B8: =B7+1 -> 7 | C8: 10 | D8: 2021 | E8: =Electricity!F14+Electricity!I14 -> 6400 | F8: =Electricity!L14/TOTAL!E8 -> 1233.3776 | G8: =Gas!F15+Gas!I15+Gas!L15+Gas!O15 -> 19.99 | H8: =Gas!Q15/TOTAL!G8 -> 15840 | I8: 0 | J8: 10700 | K8: =Water!E15+Water!G15+Water!I15 -> 332 | L8: =Water!K15/TOTAL!K8 -> 4000 | M8: =Electricity!C14 -> 10 | N8: =Electricity!D14 -> 33
A9: Bali at Sayan | B9: =B8+1 -> 8 | C9: 10 | D9: 2021 | E9: =Electricity!F15+Electricity!I15 -> 6880 | F9: =Electricity!L15/TOTAL!E9 -> 1233.419 | G9: =Gas!F16+Gas!I16+Gas!L16+Gas!O16 -> 19.83 | H9: =Gas!Q16/TOTAL!G9 -> 15840 | I9: 0 | J9: 10700 | K9: =Water!E16+Water!G16+Water!I16 -> 322 | L9: =Water!K16/TOTAL!K9 -> 4000 | M9: =Electricity!C15 -> 10 | N9: =Electricity!D15 -> 46
A10: Bali at Sayan | B10: =B9+1 -> 9 | C10: 10 | D10: 2021 | E10: =Electricity!F16+Electricity!I16 -> 6840 | F10: =Electricity!L16/TOTAL!E10 -> 1237.3014 | G10: =Gas!F17+Gas!I17+Gas!L17+Gas!O17 -> 19.2 | H10: =Gas!Q17/TOTAL!G10 -> 15840 | I10: 71 | J10: 10700 | K10: =Water!E17+Water!G17+Water!I17 -> 304 | L10: =Water!K17/TOTAL!K10 -> 4000 | M10: =Electricity!C16 -> 7 | N10: =Electricity!D16 -> 50
A11: Bali at Sayan | B11: =B10+1 -> 10 | C11: 10 | D11: 2021 | E11: =Electricity!F17+Electricity!I17 -> 7360 | F11: =Electricity!L17/TOTAL!E11 -> 1230.3597 | G11: =Gas!F18+Gas!I18+Gas!L18+Gas!O18 -> 19.32 | H11: =Gas!Q18/TOTAL!G11 -> 15840 | I11: 0 | J11: 10700 | K11: =Water!E18+Water!G18+Water!I18 -> 338 | L11: =Water!K18/TOTAL!K11 -> 4000 | M11: =Electricity!C17 -> 9 | N11: =Electricity!D17 -> 47
A12: Bali at Sayan | B12: =B11+1 -> 11 | C12: 10 | D12: 2021 | E12: =Electricity!F18+Electricity!I18 -> 6940 | F12: =Electricity!L18/TOTAL!E12 -> 1237.5269 | G12: =Gas!F19+Gas!I19+Gas!L19+Gas!O19 -> 19.04 | H12: =Gas!Q19/TOTAL!G12 -> 15840 | I12: 0 | J12: 10700 | K12: =Water!E19+Water!G19+Water!I19 -> 348 | L12: =Water!K19/TOTAL!K12 -> 4000 | M12: =Electricity!C18 -> 10 | N12: =Electricity!D18 -> 42
A13: Bali at Sayan | B13: =B12+1 -> 12 | C13: 10 | D13: 2021 | E13: =Electricity!F19+Electricity!I19 -> 7200 | F13: =Electricity!L19/TOTAL!E13 -> 1233.9708 | G13: =Gas!F20+Gas!I20+Gas!L20+Gas!O20 -> 18.64 | H13: =Gas!Q20/TOTAL!G13 -> 15840 | I13: 0 | J13: 10700 | K13: =Water!E20+Water!G20+Water!I20 -> 324 | L13: =Water!K20/TOTAL!K13 -> 4000 | M13: =Electricity!C19 -> 6 | N13: =Electricity!D19 -> 50
A14: Bali at Sayan | B14: =B13+1 -> 13 | C14: 10 | D14: 2021 | E14: =Electricity!F20+Electricity!I20 -> 6420 | F14: =Electricity!L20/TOTAL!E14 -> 1236.6322 | G14: =Gas!F21+Gas!I21+Gas!L21+Gas!O21 -> 18.41 | H14: =Gas!Q21/TOTAL!G14 -> 15840 | I14: 147 | J14: 10700 | K14: =Water!E21+Water!G21+Water!I21 -> 326 | L14: =Water!K21/TOTAL!K14 -> 4000 | M14: =Electricity!C20 -> 2 | N14: =Electricity!D20 -> 28
... A32: Bali at Sayan | B32: =B31+1 -> 31 | C32: 10 | D32: 2021 | E32: =Electricity!F38+Electricity!I38 -> 7860 | F32: =Electricity!L38/TOTAL!E32 -> 1233.2462 | G32: =Gas!F39+Gas!I39+Gas!L39+Gas!O39 -> 18.32 | H32: =Gas!Q39/TOTAL!G32 -> 15840 | I32: 0 | J32: 10700 | K32: =Water!E39+Water!G39+Water!I39 -> 290 | L32: =Water!K39/TOTAL!K32 -> 4000 | M32: =Electricity!C38 -> 8 | N32: =Electricity!D38 -> 56

Sheet Electricity
B1: Daily Electricity Consumption
B2: Engineering Department
B4: 44470
B5: Date | C5: Room Nights | D5: Food Covers | E5: BASED LOAD (from 10 pm - 6 pm) | H5: PEAK LOAD (from 6 pm - 10 pm) | K5: Sub-Total Cost (Based + Peak cost) | L5: TOTAL COST include 10% TAX (sub total cost X 1.1) | M5: USD
E6: Used (reading) | F6: kWh (Used x2000) | G6: IDR Cost (kWh x IDR 1035.5) | H6: Used (reading) | I6: kWh (Used x2000) | J6: Cost (kWh x IDR 1553.25)
B8: 1 | C8: 11 | D8: 98 | E8: 3.08 | F8: =E8*2000 -> 6160 | G8: =F8*1035.5 -> 6378680 | H8: 0.63 | I8: =H8*2000 -> 1260 | J8: =I8*1553.25 -> 1957095 | K8: =G8+J8 -> 8335775 | L8: =K8*1.1 -> 9169352.5 | M8: =L8/14306 -> 640.94453
B9: 2 | C9: 19 | D9: 59 | E9: 2.92 | F9: =E9*2000 -> 5840 | G9: =F9*1035.5 -> 6047320 | H9: 0.64 | I9: =H9*2000 -> 1280 | J9: =I9*1553.25 -> 1988160 | K9: =G9+J9 -> 8035480 | L9: =K9*1.1 -> 8839028 | M9: =L9/14306 -> 617.85461
B10: 3 | C10: 13 | D10: 82 | E10: 3 | F10: =E10*2000 -> 6000 | G10: =F10*1035.5 -> 6213000 | H10: 0.62 | I10: =H10*2000 -> 1240 | J10: =I10*1553.25 -> 1926030 | K10: =G10+J10 -> 8139030 | L10: =K10*1.1 -> 8952933 | M10: =L10/14306 -> 625.81665
B11: 4 | C11: 7 | D11: 78 | E11: 3.08 | F11: =E11*2000 -> 6160 | G11: =F11*1035.5 -> 6378680 | H11: 0.57 | I11: =H11*2000 -> 1140 | J11: =I11*1553.25 -> 1770705 | K11: =G11+J11 -> 8149385 | L11: =K11*1.1 -> 8964323.5 | M11: =L11/14306 -> 626.61285
B12: 5 | C12: 5 | D12: 32 | E12: 2.64 | F12: =E12*2000 -> 5280 | G12: =F12*1035.5 -> 5467440 | H12: 0.49 | I12: =H12*2000 -> 980 | J12: =I12*1553.25 -> 1522185 | K12: =G12+J12 -> 6989625 | L12: =K12*1.1 -> 7688587.5 | M12: =L12/14306 -> 537.43796
B13: 6 | C13: 7 | D13: 25 | E13: 2.51 | F13: =E13*2000 -> 5020 | G13: =F13*1035.5 -> 5198210 | H13: 0.52 | I13: =H13*2000 -> 1040 | J13: =I13*1553.25 -> 1615380 | K13: =G13+J13 -> 6813590 | L13: =K13*1.1 -> 7494949 | M13: =L13/14306 -> 523.90249
B14: 7 | C14: 10 | D14: 33 | E14: 2.67 | F14: =E14*2000 -> 5340 | G14: =F14*1035.5 -> 5529570 | H14: 0.53 | I14: =H14*2000 -> 1060 | J14: =I14*1553.25 -> 1646445 | K14: =G14+J14 -> 7176015 | L14: =K14*1.1 -> 7893616.5 | M14: =L14/14306 -> 551.76964
B15: 8 | C15: 10 | D15: 46 | E15: 2.87 | F15: =E15*2000 -> 5740 | G15: =F15*1035.5 -> 5943770 | H15: 0.57 | I15: =H15*2000 -> 1140 | J15: =I15*1553.25 -> 1770705 | K15: =G15+J15 -> 7714475 | L15: =K15*1.1 -> 8485922.5 | M15: =L15/14306 -> 593.17227
B16: 9 | C16: 7 | D16: 50 | E16: 2.83 | F16: =E16*2000 -> 5660 | G16: =F16*1035.5 -> 5860930 | H16: 0.59 | I16: =H16*2000 -> 1180 | J16: =I16*1553.25 -> 1832835 | K16: =G16+J16 -> 7693765 | L16: =K16*1.1 -> 8463141.5 | M16: =L16/14306 -> 591.57986
B17: 10 | C17: 9 | D17: 47 | E17: 3.09 | F17: =E17*2000 -> 6180 | G17: =F17*1035.5 -> 6399390 | H17: 0.59 | I17: =H17*2000 -> 1180 | J17: =I17*1553.25 -> 1832835 | K17: =G17+J17 -> 8232225 | L17: =K17*1.1 -> 9055447.5 | M17: =L17/14306 -> 632.98249
B18: 11 | C18: 10 | D18: 42 | E18: 2.87 | F18: =E18*2000 -> 5740 | G18: =F18*1035.5 -> 5943770 | H18: 0.6 | I18: =H18*2000 -> 1200 | J18: =I18*1553.25 -> 1863900 | K18: =G18+J18 -> 7807670 | L18: =K18*1.1 -> 8588437 | M18: =L18/14306 -> 600.33811
B19: 12 | C19: 6 | D19: 50 | E19: 3 | F19: =E19*2000 -> 6000 | G19: =F19*1035.5 -> 6213000 | H19: 0.6 | I19: =H19*2000 -> 1200 | J19: =I19*1553.25 -> 1863900 | K19: =G19+J19 -> 8076900 | L19: =K19*1.1 -> 8884590 | M19: =L19/14306 -> 621.03942
... B38: 31 | C38: 8 | D38: 56 | E38: 3.28 | F38: =E38*2000 -> 6560 | G38: =F38*1035.5 -> 6792880 | H38: 0.65 | I38: =H38*2000 -> 1300 | J38: =I38*1553.25 -> 2019225 | K38: =G38+J38 -> 8812105 | L38: =K38*1.1 -> 9693315.5 | M38: =L38/14306 -> 677.56994
C39: =SUM(C8:C38) -> 241 | D39: =SUM(D8:D38) -> 1406 | E39: 3.28 | F39: =SUM(F8:F38) -> 188500 | I39: =SUM(I8:I38) -> 37840 | K39: Total KWh | L39: =SUM(L8:L38) -> 2.793634e+08 | M39: =SUM(M8:M38) -> 19527.709 | P39: =#REF!+#REF!+#REF!+#REF!+#REF!+#REF!+#REF!+#REF!+#REF!+#REF!+M39+#REF! -> #REF!
K40: =F39+I39 -> 226340
C41: RNs & Food Cover is based on actual November & forecasting December 2020

Sheet Gas
B1: Daily Gas Consumption
B2: Engineering Department
B4: 44470
B5: Date | C5: Room Nights | D5: Food Covers | E5: LPG Tube 50kg | Q5: TOTAL Cost (include Tax)
E6: Ayung Terrace | H6: Riverside | K6: Sokasi - Cooking class | N6: Porte Cochere bonfire
E7: METER READING | F7: Used (kg) | G7: IDR Cost kg x rate IDR | H7: METER READING (tube installed) | I7: Used (kg) | J7: IDR Cost kg x rate IDR | K7: METER READING | L7: Used (kg) | M7: IDR Cost m3 x rate IDR | N7: Tube installed | O7: Used (kg) | P7: IDR Cost m3 x rate IDR
G8: 15840 | J8: =G8 -> 15840 | M8: =J8 -> 15840 | P8: =J8 -> 15840 | Q8: IDR | R8: USD | U8: =792000/50 -> 15840
B9: 1 | C9: =Electricity!C8 -> 11 | D9: =Electricity!D8 -> 98 | E9: 7034.22 | F9: 16.96 | G9: =F9*$G$8 -> 268646.4 | H9: 638.8 | I9: 0 | J9: =I9*$J$8 -> 0 | L9: 0 | M9: =L9*$M$8 -> 0 | O9: 7.14 | P9: =O9*$P$8 -> 113097.6 | Q9: =P9+G9+J9+M9 -> 381744 | R9: =Q9/14306 -> 26.684188
B10: 2 | C10: =Electricity!C9 -> 19 | D10: =Electricity!D9 -> 59 | E10: 7046.21 | F10: 11.99 | G10: =F10*$G$8 -> 189921.6 | I10: 0 | J10: =I10*$J$8 -> 0 | L10: 0 | M10: =L10*$M$8 -> 0 | O10: 7.14 | P10: =O10*$P$8 -> 113097.6 | Q10: =J10+M10+G10+P10 -> 303019.2 | R10: =Q10/14306 -> 21.181267
B11: 3 | C11: =Electricity!C10 -> 13 | D11: =Electricity!D10 -> 82 | E11: 7057.92 | F11: 11.71 | G11: =F11*$G$8 -> 185486.4 | I11: 0 | J11: =I11*$J$8 -> 0 | L11: 0 | M11: =L11*$M$8 -> 0 | O11: 7.14 | P11: =O11*$P$8 -> 113097.6 | Q11: =J11+M11+G11+P11 -> 298584 | R11: =Q11/14306 -> 20.871243
B12: 4 | C12: =Electricity!C11 -> 7 | D12: =Electricity!D11 -> 78 | E12: 7070.38 | F12: 12.46 | G12: =F12*$G$8 -> 197366.4 | I12: 0 | J12: =I12*$J$8 -> 0 | L12: 0 | M12: =L12*$M$8 -> 0 | O12: 7.14 | P12: =O12*$P$8 -> 113097.6 | Q12: =J12+M12+G12+P12 -> 310464 | R12: =Q12/14306 -> 21.701664
B13: 5 | C13: =Electricity!C12 -> 5 | D13: =Electricity!D12 -> 32 | E13: 7084.22 | F13: 13.84 | G13: =F13*$G$8 -> 219225.6 | I13: 0 | J13: =I13*$J$8 -> 0 | L13: 0 | M13: =L13*$M$8 -> 0 | O13: 7.14 | P13: =O13*$P$8 -> 113097.6 | Q13: =J13+M13+G13+P13 -> 332323.2 | R13: =Q13/14306 -> 23.229638
B14: 6 | C14: =Electricity!C13 -> 7 | D14: =Electricity!D13 -> 25 | E14: 7094.22 | F14: 10 | G14: =F14*$G$8 -> 158400 | I14: 0 | J14: =I14*$J$8 -> 0 | L14: 0 | M14: =L14*$M$8 -> 0 | O14: 7.14 | P14: =O14*$P$8 -> 113097.6 | Q14: =J14+M14+G14+P14 -> 271497.6 | R14: =Q14/14306 -> 18.977883
B15: 7 | C15: =Electricity!C14 -> 10 | D15: =Electricity!D14 -> 33 | E15: 7107.07 | F15: 12.85 | G15: =F15*$G$8 -> 203544 | I15: 0 | J15: =I15*$J$8 -> 0 | L15: 0 | M15: =L15*$M$8 -> 0 | O15: 7.14 | P15: =O15*$P$8 -> 113097.6 | Q15: =J15+M15+G15+P15 -> 316641.6 | R15: =Q15/14306 -> 22.133482
B16: 8 | C16: =Electricity!C15 -> 10 | D16: =Electricity!D15 -> 46 | E16: 7119.76 | F16: 12.69 | G16: =F16*$G$8 -> 201009.6 | I16: 0 | J16: =I16*$J$8 -> 0 | L16: 0 | M16: =L16*$M$8 -> 0 | O16: 7.14 | P16: =O16*$P$8 -> 113097.6 | Q16: =J16+M16+G16+P16 -> 314107.2 | R16: =Q16/14306 -> 21.956326
B17: 9 | C17: =Electricity!C16 -> 7 | D17: =Electricity!D16 -> 50 | E17: 7131.82 | F17: 12.06 | G17: =F17*$G$8 -> 191030.4 | I17: 0 | J17: =I17*$J$8 -> 0 | L17: 0 | M17: =L17*$M$8 -> 0 | O17: 7.14 | P17: =O17*$P$8 -> 113097.6 | Q17: =J17+M17+G17+P17 -> 304128 | R17: =Q17/14306 -> 21.258773
B18: 10 | C18: =Electricity!C17 -> 9 | D18: =Electricity!D17 -> 47 | E18: 7144 | F18: 12.18 | G18: =F18*$G$8 -> 192931.2 | I18: =H18-H17 -> 0 | J18: =I18*$J$8 -> 0 | L18: 0 | M18: =L18*$M$8 -> 0 | O18: 7.14 | P18: =O18*$P$8 -> 113097.6 | Q18: =J18+M18+G18+P18 -> 306028.8 | R18: =Q18/14306 -> 21.39164
B19: 11 | C19: =Electricity!C18 -> 10 | D19: =Electricity!D18 -> 42 | E19: 7155.9 | F19: 11.9 | G19: =F19*$G$8 -> 188496 | I19: =H19-H18 -> 0 | J19: =I19*$J$8 -> 0 | L19: 0 | M19: =L19*$M$8 -> 0 | O19: 7.14 | P19: =O19*$P$8 -> 113097.6 | Q19: =J19+M19+G19+P19 -> 301593.6 | R19: =Q19/14306 -> 21.081616
B20: 12 | C20: =Electricity!C19 -> 6 | D20: =Electricity!D19 -> 50 | E20: 7167.4 | F20: 11.5 | G20: =F20*$G$8 -> 182160 | I20: =H20-H19 -> 0 | J20: =I20*$J$8 -> 0 | L20: 0 | M20: =L20*$M$8 -> 0 | O20: 7.14 | P20: =O20*$P$8 -> 113097.6 | Q20: =J20+M20+G20+P20 -> 295257.6 | R20: =Q20/14306 -> 20.638725
B21: 13 | C21: =Electricity!C20 -> 2 | D21: =Electricity!D20 -> 28 | E21: 7178.67 | F21: 11.27 | G21: =F21*$G$8 -> 178516.8 | I21: =H21-H20 -> 0 | J21: =I21*$J$8 -> 0 | L21: 0 | M21: =L21*$M$8 -> 0 | O21: 7.14 | P21: =O21*$P$8 -> 113097.6 | Q21: =J21+M21+G21+P21 -> 291614.4 | R21: =Q21/14306 -> 20.384063
B22: 14 | C22: =Electricity!C21 -> 4 | D22: =Electricity!D21 -> 14 | E22: 7189.9 | F22: 11.23 | G22: =F22*$G$8 -> 177883.2 | I22: =H22-H21 -> 0 | J22: =I22*$J$8 -> 0 | L22: 0 | M22: =L22*$M$8 -> 0 | O22: 7.14 | P22: =O22*$P$8 -> 113097.6 | Q22: =J22+M22+G22+P22 -> 290980.8 | R22: =Q22/14306 -> 20.339774
B23: 15 | C23: =Electricity!C22 -> 8 | D23: =Electricity!D22 -> 26 | E23: 7201.01 | F23: 11.11 | G23: =F23*$G$8 -> 175982.4 | I23: =H23-H22 -> 0 | J23: =I23*$J$8 -> 0 | L23: 0 | M23: =L23*$M$8 -> 0 | O23: 7.14 | P23: =O23*$P$8 -> 113097.6 | Q23: =J23+M23+G23+P23 -> 289080 | R23: =Q23/14306 -> 20.206906
B24: 16 | C24: =Electricity!C23 -> 11 | D24: =Electricity!D23 -> 54 | E24: 7213.82 | F24: 12.81 | G24: =F24*$G$8 -> 202910.4 | I24: =H24-H23 -> 0 | J24: =I24*$J$8 -> 0 | L24: 0 | M24: =L24*$M$8 -> 0 | O24: 7.14 | P24: =O24*$P$8 -> 113097.6 | Q24: =J24+M24+G24+P24 -> 316008 | R24: =Q24/14306 -> 22.089193
B25: 17 | C25: =Electricity!C24 -> 9 | D25: =Electricity!D24 -> 51 | E25: 7227.63 | F25: 13.81 | G25: =F25*$G$8 -> 218750.4 | I25: =H25-H24 -> 0 | J25: =I25*$J$8 -> 0 | L25: 0 | M25: =L25*$M$8 -> 0 | O25: 7.14 | P25: =O25*$P$8 -> 113097.6 | Q25: =J25+M25+G25+P25 -> 331848 | R25: =Q25/14306 -> 23.196421
B26: 18 | C26: =Electricity!C25 -> 9 | D26: =Electricity!D25 -> 55 | E26: 7240.09 | F26: 12.46 | G26: =F26*$G$8 -> 197366.4 | I26: =H26-H25 -> 0 | J26: =I26*$J$8 -> 0 | L26: 0 | M26: =L26*$M$8 -> 0 | O26: 7.14 | P26: =O26*$P$8 -> 113097.6 | Q26: =J26+M26+G26+P26 -> 310464 | R26: =Q26/14306 -> 21.701664
B27: 19 | C27: =Electricity!C26 -> 7 | D27: =Electricity!D26 -> 53 | E27: 7251.66 | F27: 11.57 | G27: =F27*$G$8 -> 183268.8 | I27: =H27-H26 -> 0 | J27: =I27*$J$8 -> 0 | L27: 0 | M27: =L27*$M$8 -> 0 | O27: 7.14 | P27: =O27*$P$8 -> 113097.6 | Q27: =J27+M27+G27+P27 -> 296366.4 | R27: =Q27/14306 -> 20.716231
B28: 20 | C28: =Electricity!C27 -> 5 | D28: =Electricity!D27 -> 53 | E28: 7262.39 | F28: 10.73 | G28: =F28*$G$8 -> 169963.2 | I28: =H28-H27 -> 0 | J28: =I28*$J$8 -> 0 | L28: 0 | M28: =L28*$M$8 -> 0 | O28: 7.14 | P28: =O28*$P$8 -> 113097.6 | Q28: =J28+M28+G28+P28 -> 283060.8 | R28: =Q28/14306 -> 19.78616
B29: 21 | C29: =Electricity!C28 -> 3 | D29: =Electricity!D28 -> 19 | E29: 7274.28 | F29: 11.89 | G29: =F29*$G$8 -> 188337.6 | I29: =H29-H28 -> 0 | J29: =I29*$J$8 -> 0 | L29: 0 | M29: =L29*$M$8 -> 0 | O29: 7.14 | P29: =O29*$P$8 -> 113097.6 | Q29: =J29+M29+G29+P29 -> 301435.2 | R29: =Q29/14306 -> 21.070544
... B38: 30 | C38: =Electricity!C37 -> 10 | D38: =Electricity!D37 -> 57 | E38: 7387.07 | F38: 13.09 | G38: =F38*$G$8 -> 207345.6 | I38: =H38-H37 -> 0 | J38: =I38*$J$8 -> 0 | L38: 0 | M38: =L38*$M$8 -> 0 | O38: 7.14 | P38: =O38*$P$8 -> 113097.6 | Q38: =J38+M38+G38+P38 -> 320443.2 | R38: =Q38/14306 -> 22.399217
B39: 31 | C39: =Electricity!C38 -> 8 | D39: =Electricity!D38 -> 56 | E39: 7398.25 | F39: 11.18 | G39: =F39*$G$8 -> 177091.2 | I39: =H39-H38 -> 0 | J39: =I39*$J$8 -> 0 | M39: =L39*$M$8 -> 0 | O39: 7.14 | P39: =O39*$P$8 -> 113097.6 | Q39: =J39+M39+G39+P39 -> 290188.8 | R39: =Q39/14306 -> 20.284412
C40: =SUM(C9:C39) -> 241 | D40: =SUM(D9:D39) -> 1406 | F40: =SUM(F9:F39) -> 380.99 | I40: Closure | L40: Closure | O40: =SUM(O9:O39) -> 221.34 | R40: =SUM(R9:R39) -> 666.91648
B42: RNs & Food Cover is based on actual November & forecasting December 2020
P43: Total kg
Q44: =F40+O40 -> 602.33

Sheet Fuel Diesel
B1: Daily Fuel Consumption
B2: Engineering Department
B4: 44470
B5: , | C5: Room Nights | D5: Food Covers | E5: Diesel | H5: USD
E7: METER READING | F7: Used (ltrs) | G7: IDR Cost m3 x rate IDR
E8: 2167 | G8: 10700
B9: 1 | C9: =Gas!C9 -> 11 | D9: =Gas!D9 -> 98 | E9: 2167 | F9: 0 | G9: =F9*$G$8 -> 0 | H9: =G9/14306 -> 0
B10: 2 | C10: =Gas!C10 -> 19 | D10: =Gas!D10 -> 59 | E10: 2167 | F10: 0 | G10: =F10*$G$8 -> 0 | H10: =G10/14306 -> 0
B11: 3 | C11: =Gas!C11 -> 13 | D11: =Gas!D11 -> 82 | E11: 2167 | F11: 0 | G11: =F11*$G$8 -> 0 | H11: =G11/14306 -> 0
B12: 4 | C12: =Gas!C12 -> 7 | D12: =Gas!D12 -> 78 | E12: 2167 | F12: 0 | G12: =F12*$G$8 -> 0 | H12: =G12/14306 -> 0
B13: 5 | C13: =Gas!C13 -> 5 | D13: =Gas!D13 -> 32 | E13: 2186 | F13: 19 | G13: =F13*$G$8 -> 203300 | H13: =G13/14306 -> 14.210821
B14: 6 | C14: =Gas!C14 -> 7 | D14: =Gas!D14 -> 25 | E14: 2186 | F14: 0 | G14: =F14*$G$8 -> 0 | H14: =G14/14306 -> 0
B15: 7 | C15: =Gas!C15 -> 10 | D15: =Gas!D15 -> 33 | E15: 2186 | F15: 0 | G15: =F15*$G$8 -> 0 | H15: =G15/14306 -> 0
B16: 8 | C16: =Gas!C16 -> 10 | D16: =Gas!D16 -> 46 | E16: 2186 | F16: 0 | G16: =F16*$G$8 -> 0 | H16: =G16/14306 -> 0
B17: 9 | C17: =Gas!C17 -> 7 | D17: =Gas!D17 -> 50 | E17: 2257 | F17: 71 | G17: =F17*$G$8 -> 759700 | H17: =G17/14306 -> 53.103593
B18: 10 | C18: =Gas!C18 -> 9 | D18: =Gas!D18 -> 47 | E18: 2257 | F18: 0 | G18: =F18*$G$8 -> 0 | H18: =G18/14306 -> 0
B19: 11 | C19: =Gas!C19 -> 10 | D19: =Gas!D19 -> 42 | E19: 2257 | G19: =F19*$G$8 -> 0 | H19: =G19/14306 -> 0
B20: 12 | C20: =Gas!C20 -> 6 | D20: =Gas!D20 -> 50 | E20: 2257 | G20: =F20*$G$8 -> 0 | H20: =G20/14306 -> 0
B21: 13 | C21: =Gas!C21 -> 2 | D21: =Gas!D21 -> 28 | E21: 2404 | F21: 147 | G21: =F21*$G$8 -> 1572900 | H21: =G21/14306 -> 109.94688
B22: 14 | C22: =Gas!C22 -> 4 | D22: =Gas!D22 -> 14 | E22: 2404 | G22: =F22*$G$8 -> 0 | H22: =G22/14306 -> 0
B23: 15 | C23: =Gas!C23 -> 8 | D23: =Gas!D23 -> 26 | E23: 2404 | G23: =F23*$G$8 -> 0 | H23: =G23/14306 -> 0
B24: 16 | C24: =Gas!C24 -> 11 | D24: =Gas!D24 -> 54 | E24: 2404 | G24: =F24*$G$8 -> 0 | H24: =G24/14306 -> 0
B25: 17 | C25: =Gas!C25 -> 9 | D25: =Gas!D25 -> 51 | E25: 2404 | G25: =F25*$G$8 -> 0 | H25: =G25/14306 -> 0
B26: 18 | C26: =Gas!C26 -> 9 | D26: =Gas!D26 -> 55 | E26: 2422 | F26: 18 | G26: =F26*$G$8 -> 192600 | H26: =G26/14306 -> 13.462883
B27: 19 | C27: =Gas!C27 -> 7 | D27: =Gas!D27 -> 53 | E27: 2422 | G27: =F27*$G$8 -> 0 | H27: =G27/14306 -> 0
B28: 20 | C28: =Gas!C28 -> 5 | D28: =Gas!D28 -> 53 | E28: 2422 | G28: =F28*$G$8 -> 0 | H28: =G28/14306 -> 0
B29: 21 | C29: =Gas!C29 -> 3 | D29: =Gas!D29 -> 19 | E29: 2600 | F29: 178 | G29: =F29*$G$8 -> 1904600 | H29: =G29/14306 -> 133.13295
B30: 22 | C30: =Gas!C30 -> 5 | D30: =Gas!D30 -> 20 | E30: 2600 | G30: =F30*$G$8 -> 0 | H30: =G30/14306 -> 0
B31: 23 | C31: =Gas!C31 -> 5 | D31: =Gas!D31 -> 51 | E31: 2600 | G31: =F31*$G$8 -> 0 | H31: =G31/14306 -> 0
B32: 24 | C32: =Gas!C32 -> 4 | D32: =Gas!D32 -> 31 | E32: 2600 | G32: =F32*$G$8 -> 0 | H32: =G32/14306 -> 0
B33: 25 | C33: =Gas!C33 -> 4 | D33: =Gas!D33 -> 25 | E33: 2600 | G33: =F33*$G$8 -> 0 | H33: =G33/14306 -> 0
B34: 26 | C34: =Gas!C34 -> 6 | D34: =Gas!D34 -> 23 | E34: 2600 | G34: =F34*$G$8 -> 0 | H34: =G34/14306 -> 0
B35: 27 | C35: =Gas!C35 -> 5 | D35: =Gas!D35 -> 49 | E35: 2600 | G35: =F35*$G$8 -> 0 | H35: =G35/14306 -> 0
B36: 28 | C36: =Gas!C36 -> 8 | D36: =Gas!D36 -> 41 | E36: 2600 | G36: =F36*$G$8 -> 0 | H36: =G36/14306 -> 0
B37: 29 | C37: =Gas!C37 -> 14 | D37: =Gas!D37 -> 58 | E37: 2600 | G37: =F37*$G$8 -> 0 | H37: =G37/14306 -> 0
B38: 30 | C38: =Gas!C38 -> 10 | D38: =Gas!D38 -> 57 | E38: 2600 | G38: =F38*$G$8 -> 0 | H38: =G38/14306 -> 0
B39: 31 | C39: =Gas!C39 -> 8 | D39: =Gas!D39 -> 56 | E39: 2600 | G39: =F39*$G$8 -> 0 | H39: =G39/14306 -> 0
C40: =SUM(C9:C39) -> 241 | D40: =SUM(D9:D39) -> 1406 | F40: =SUM(F9:F39) -> 433 | H40: =SUM(H9:H39) -> 323.85712
C42: RNs & Food Cover is based on actual November & forecasting December 2020

Sheet Water
B2: Daily Water Consumption
B3: Engineering Department
B5: 44470
B6: Date | C6: RN | D6: Food Covers | E6: MUNICIPAL WATER | G6: DEEP WELL | K6: Total Cost (Municipal + DW1 + DW2 cost) | L6: USD (Total Cost / exchange rate IDR)
E7: Used | F7: Water Cost (M3 x IDR 13,582) | G7: Used | H7: DW 1 Cost (M3 x IDR 4,000) | I7: Used | J7: DW 2 Cost (M3 x IDR 4,000)
B9: 1 | C9: ='Fuel Diesel'!C9 -> 11 | D9: ='Fuel Diesel'!D9 -> 98 | E9: 0 | F9: =E9*13582 -> 0 | G9: 102 | H9: =G9*4000 -> 408000 | I9: 254 | J9: =I9*4000 -> 1016000 | K9: =F9+H9+J9 -> 1424000 | L9: =K9/14306 -> 99.538655
B10: 2 | C10: ='Fuel Diesel'!C10 -> 19 | D10: ='Fuel Diesel'!D10 -> 59 | E10: 0 | F10: =E10*13582 -> 0 | G10: 127 | H10: =G10*4000 -> 508000 | I10: 182 | J10: =I10*4000 -> 728000 | K10: =F10+H10+J10 -> 1236000 | L10: =K10/14306 -> 86.397316
B11: 3 | C11: ='Fuel Diesel'!C11 -> 13 | D11: ='Fuel Diesel'!D11 -> 82 | E11: 0 | F11: =E11*13582 -> 0 | G11: 75 | H11: =G11*4000 -> 300000 | I11: 228 | J11: =I11*4000 -> 912000 | K11: =F11+H11+J11 -> 1212000 | L11: =K11/14306 -> 84.719698
B12: 4 | C12: ='Fuel Diesel'!C12 -> 7 | D12: ='Fuel Diesel'!D12 -> 78 | E12: 0 | F12: =E12*13582 -> 0 | G12: 127 | H12: =G12*4000 -> 508000 | I12: 188 | J12: =I12*4000 -> 752000 | K12: =F12+H12+J12 -> 1260000 | L12: =K12/14306 -> 88.074934
B13: 5 | C13: ='Fuel Diesel'!C13 -> 5 | D13: ='Fuel Diesel'!D13 -> 32 | E13: 0 | F13: =E13*13582 -> 0 | G13: 73 | H13: =G13*4000 -> 292000 | I13: 222 | J13: =I13*4000 -> 888000 | K13: =F13+H13+J13 -> 1180000 | L13: =K13/14306 -> 82.482874
B14: 6 | C14: ='Fuel Diesel'!C14 -> 7 | D14: ='Fuel Diesel'!D14 -> 25 | E14: 0 | F14: =E14*13582 -> 0 | G14: 128 | H14: =G14*4000 -> 512000 | I14: 189 | J14: =I14*4000 -> 756000 | K14: =F14+H14+J14 -> 1268000 | L14: =K14/14306 -> 88.63414
B15: 7 | C15: ='Fuel Diesel'!C15 -> 10 | D15: ='Fuel Diesel'!D15 -> 33 | E15: 0 | F15: =E15*13582 -> 0 | G15: 134 | H15: =G15*4000 -> 536000 | I15: 198 | J15: =I15*4000 -> 792000 | K15: =F15+H15+J15 -> 1328000 | L15: =K15/14306 -> 92.828184
B16: 8 | C16: ='Fuel Diesel'!C16 -> 10 | D16: ='Fuel Diesel'!D16 -> 46 | E16: 0 | F16: =E16*13582 -> 0 | G16: 130 | H16: =G16*4000 -> 520000 | I16: 192 | J16: =I16*4000 -> 768000 | K16: =F16+H16+J16 -> 1288000 | L16: =K16/14306 -> 90.032154
B17: 9 | C17: ='Fuel Diesel'!C17 -> 7 | D17: ='Fuel Diesel'!D17 -> 50 | E17: 0 | F17: =E17*13582 -> 0 | G17: 73 | H17: =G17*4000 -> 292000 | I17: 231 | J17: =I17*4000 -> 924000 | K17: =F17+H17+J17 -> 1216000 | L17: =K17/14306 -> 84.999301
B18: 10 | C18: ='Fuel Diesel'!C18 -> 9 | D18: ='Fuel Diesel'!D18 -> 47 | E18: 0 | F18: =E18*13582 -> 0 | G18: 138 | H18: =G18*4000 -> 552000 | I18: 200 | J18: =I18*4000 -> 800000 | K18: =F18+H18+J18 -> 1352000 | L18: =K18/14306 -> 94.505802
B19: 11 | C19: ='Fuel Diesel'!C19 -> 10 | D19: ='Fuel Diesel'!D19 -> 42 | E19: 0 | F19: =E19*13582 -> 0 | G19: 122 | H19: =G19*4000 -> 488000 | I19: 226 | J19: =I19*4000 -> 904000 | K19: =F19+H19+J19 -> 1392000 | L19: =K19/14306 -> 97.301831
B20: 12 | C20: ='Fuel Diesel'!C20 -> 6 | D20: ='Fuel Diesel'!D20 -> 50 | E20: 0 | F20: =E20*13582 -> 0 | G20: 132 | H20: =G20*4000 -> 528000 | I20: 192 | J20: =I20*4000 -> 768000 | K20: =F20+H20+J20 -> 1296000 | L20: =K20/14306 -> 90.59136
... B38: 30 | C38: ='Fuel Diesel'!C38 -> 10 | D38: ='Fuel Diesel'!D38 -> 57 | E38: 0 | F38: =E38*13582 -> 0 | G38: 121 | H38: =G38*4000 -> 484000 | I38: 183 | J38: =I38*4000 -> 732000 | K38: =F38+H38+J38 -> 1216000 | L38: =K38/14306 -> 84.999301
B39: 31 | C39: ='Fuel Diesel'!C39 -> 8 | D39: ='Fuel Diesel'!D39 -> 56 | E39: 0 | G39: 118 | H39: =G39*4000 -> 472000 | I39: 172 | J39: =I39*4000 -> 688000 | K39: =F39+H39+J39 -> 1160000 | L39: =K39/14306 -> 81.084859
C40: =SUM(C9:C39) -> 241 | D40: =SUM(D9:D39) -> 1406 | E40: 0 | G40: =SUM(G9:G39) -> 3647 | I40: =SUM(I9:I39) -> 6099 | J40: =G40+I40 -> 9746 | L40: =SUM(L9:L39) -> 2725.0105 | O40: =#REF!+#REF!+#REF!+#REF!+#REF!+#REF!+#REF!+#REF!+#REF!+#REF!+L40+#REF! -> #REF!
I41: =G40+I40 -> 9746
C42: RNs & Food Cover is based on actual November & forecasting December 2020
