Workbook

Sheet TOTAL
A1: Site Name | B1: Day | C1: Month | D1: Year | E1: Total Electricity Kwh | F1: Electricity Tariff ($/Kwh) | G1: LPG (Kg) | H1: LPG $/Kg | I1: Total Fuel Oil (Liter) | J1: Fuel Oil $/Liter | K1: Water Utility Supply (m3) m3 | L1: Water Utility Supply (m3) $/m3 | M1: Room Nights | N1: Food Covers
A2: Bali Jimbaran | B2: 1 | C2: 1 | D2: 2022 | E2: ='FS Jimbaran January 2022'!P12 -> 16180 | F2: ='FS Jimbaran January 2022'!O12/'FS Jimbaran January 2022'!P12 -> 1185.0335 | G2: ='FS Jimbaran January 2022'!AG12 -> 107.2622 | H2: ='FS Jimbaran January 2022'!AH12/'FS Jimbaran January 2022'!AG12 -> 15900.098 | I2: ='FS Jimbaran January 2022'!AJ12 -> 242.08 | J2: ='FS Jimbaran January 2022'!AK12/'FS Jimbaran January 2022'!AJ12 -> 12000 | K2: ='FS Jimbaran January 2022'!V12 -> 890 | L2: ='FS Jimbaran January 2022'!AA12/'FS Jimbaran January 2022'!V12 -> 7237.2998 | M2: ='RNs & Covers January 2022'!B6 -> 25 | N2: ='RNs & Covers January 2022'!C6 -> 263
A3: Bali Jimbaran | B3: =B2+1 -> 2 | C3: 1 | D3: 2022 | E3: ='FS Jimbaran January 2022'!P13 -> 15360 | F3: ='FS Jimbaran January 2022'!O13/'FS Jimbaran January 2022'!P13 -> 1182.4481 | G3: ='FS Jimbaran January 2022'!AG13 -> 116.24464 | H3: ='FS Jimbaran January 2022'!AH13/'FS Jimbaran January 2022'!AG13 -> 15903.181 | I3: ='FS Jimbaran January 2022'!AJ13 -> 370.97 | J3: ='FS Jimbaran January 2022'!AK13/'FS Jimbaran January 2022'!AJ13 -> 12000 | K3: ='FS Jimbaran January 2022'!V13 -> 825.92 | L3: ='FS Jimbaran January 2022'!AA13/'FS Jimbaran January 2022'!V13 -> 7513.8176 | M3: ='RNs & Covers January 2022'!B7 -> 15 | N3: ='RNs & Covers January 2022'!C7 -> 240
A4: Bali Jimbaran | B4: =B3+1 -> 3 | C4: 1 | D4: 2022 | E4: ='FS Jimbaran January 2022'!P14 -> 14580 | F4: ='FS Jimbaran January 2022'!O14/'FS Jimbaran January 2022'!P14 -> 1187.5239 | G4: ='FS Jimbaran January 2022'!AG14 -> 111.57216 | H4: ='FS Jimbaran January 2022'!AH14/'FS Jimbaran January 2022'!AG14 -> 18703.682 | I4: ='FS Jimbaran January 2022'!AJ14 -> 347.2 | J4: ='FS Jimbaran January 2022'!AK14/'FS Jimbaran January 2022'!AJ14 -> 12000 | K4: ='FS Jimbaran January 2022'!V14 -> 864.19 | L4: ='FS Jimbaran January 2022'!AA14/'FS Jimbaran January 2022'!V14 -> 7354.9332 | M4: ='RNs & Covers January 2022'!B8 -> 8 | N4: ='RNs & Covers January 2022'!C8 -> 125
A5: Bali Jimbaran | B5: =B4+1 -> 4 | C5: 1 | D5: 2022 | E5: ='FS Jimbaran January 2022'!P15 -> 14220 | F5: ='FS Jimbaran January 2022'!O15/'FS Jimbaran January 2022'!P15 -> 1193.8785 | G5: ='FS Jimbaran January 2022'!AG15 -> 129.73844 | H5: ='FS Jimbaran January 2022'!AH15/'FS Jimbaran January 2022'!AG15 -> 15907.011 | I5: ='FS Jimbaran January 2022'!AJ15 -> 281.79 | J5: ='FS Jimbaran January 2022'!AK15/'FS Jimbaran January 2022'!AJ15 -> 12000 | K5: ='FS Jimbaran January 2022'!V15 -> 847.28 | L5: ='FS Jimbaran January 2022'!AA15/'FS Jimbaran January 2022'!V15 -> 7431.415 | M5: ='RNs & Covers January 2022'!B9 -> 8 | N5: ='RNs & Covers January 2022'!C9 -> 107
A6: Bali Jimbaran | B6: =B5+1 -> 5 | C6: 1 | D6: 2022 | E6: ='FS Jimbaran January 2022'!P16 -> 14780 | F6: ='FS Jimbaran January 2022'!O16/'FS Jimbaran January 2022'!P16 -> 1192.058 | G6: ='FS Jimbaran January 2022'!AG16 -> 106.61772 | H6: ='FS Jimbaran January 2022'!AH16/'FS Jimbaran January 2022'!AG16 -> 15899.857 | I6: ='FS Jimbaran January 2022'!AJ16 -> 716.51 | J6: ='FS Jimbaran January 2022'!AK16/'FS Jimbaran January 2022'!AJ16 -> 12000 | K6: ='FS Jimbaran January 2022'!V16 -> 880.21 | L6: ='FS Jimbaran January 2022'!AA16/'FS Jimbaran January 2022'!V16 -> 7284.4571 | M6: ='RNs & Covers January 2022'!B10 -> 12 | N6: ='RNs & Covers January 2022'!C10 -> 112
A7: Bali Jimbaran | B7: =B6+1 -> 6 | C7: 1 | D7: 2022 | E7: ='FS Jimbaran January 2022'!P17 -> 15020 | F7: ='FS Jimbaran January 2022'!O17/'FS Jimbaran January 2022'!P17 -> 1176.6309 | G7: ='FS Jimbaran January 2022'!AG17 -> 91.55644 | H7: ='FS Jimbaran January 2022'!AH17/'FS Jimbaran January 2022'!AG17 -> 15940 | I7: ='FS Jimbaran January 2022'!AJ17 -> 337.72 | J7: ='FS Jimbaran January 2022'!AK17/'FS Jimbaran January 2022'!AJ17 -> 12000 | K7: ='FS Jimbaran January 2022'!V17 -> 878.43 | L7: ='FS Jimbaran January 2022'!AA17/'FS Jimbaran January 2022'!V17 -> 7290.6157 | M7: ='RNs & Covers January 2022'!B11 -> 8 | N7: ='RNs & Covers January 2022'!C11 -> 189
A8: Bali Jimbaran | B8: =B7+1 -> 7 | C8: 1 | D8: 2022 | E8: ='FS Jimbaran January 2022'!P18 -> 14460 | F8: ='FS Jimbaran January 2022'!O18/'FS Jimbaran January 2022'!P18 -> 1189.8576 | G8: ='FS Jimbaran January 2022'!AG18 -> 119.06424 | H8: ='FS Jimbaran January 2022'!AH18/'FS Jimbaran January 2022'!AG18 -> 14333.472 | I8: ='FS Jimbaran January 2022'!AJ18 -> 139.2 | J8: ='FS Jimbaran January 2022'!AK18/'FS Jimbaran January 2022'!AJ18 -> 12000 | K8: ='FS Jimbaran January 2022'!V18 -> 891.78 | L8: ='FS Jimbaran January 2022'!AA18/'FS Jimbaran January 2022'!V18 -> 7245.0254 | M8: ='RNs & Covers January 2022'!B12 -> 9 | N8: ='RNs & Covers January 2022'!C12 -> 115
A9: Bali Jimbaran | B9: =B8+1 -> 8 | C9: 1 | D9: 2022 | E9: ='FS Jimbaran January 2022'!P19 -> 14280 | F9: ='FS Jimbaran January 2022'!O19/'FS Jimbaran January 2022'!P19 -> 1180.4846 | G9: ='FS Jimbaran January 2022'!AG19 -> 98.44088 | H9: ='FS Jimbaran January 2022'!AH19/'FS Jimbaran January 2022'!AG19 -> 15896.522 | I9: ='FS Jimbaran January 2022'!AJ19 -> 237.76 | J9: ='FS Jimbaran January 2022'!AK19/'FS Jimbaran January 2022'!AJ19 -> 12000 | K9: ='FS Jimbaran January 2022'!V19 -> 874.87 | L9: ='FS Jimbaran January 2022'!AA19/'FS Jimbaran January 2022'!V19 -> 7316.9708 | M9: ='RNs & Covers January 2022'!B13 -> 9 | N9: ='RNs & Covers January 2022'!C13 -> 175
A10: Bali Jimbaran | B10: =B9+1 -> 9 | C10: 1 | D10: 2022 | E10: ='FS Jimbaran January 2022'!P20 -> 13800 | F10: ='FS Jimbaran January 2022'!O20/'FS Jimbaran January 2022'!P20 -> 1182.9283 | G10: ='FS Jimbaran January 2022'!AG20 -> 107.74556 | H10: ='FS Jimbaran January 2022'!AH20/'FS Jimbaran January 2022'!AG20 -> 15900.277 | I10: ='FS Jimbaran January 2022'!AJ20 -> 326.53 | J10: ='FS Jimbaran January 2022'!AK20/'FS Jimbaran January 2022'!AJ20 -> 12000 | K10: ='FS Jimbaran January 2022'!V20 -> 881.99 | L10: ='FS Jimbaran January 2022'!AA20/'FS Jimbaran January 2022'!V20 -> 7306.0233 | M10: ='RNs & Covers January 2022'!B14 -> 4 | N10: ='RNs & Covers January 2022'!C14 -> 131
A11: Bali Jimbaran | B11: =B10+1 -> 10 | C11: 1 | D11: 2022 | E11: ='FS Jimbaran January 2022'!P21 -> 13660 | F11: ='FS Jimbaran January 2022'!O21/'FS Jimbaran January 2022'!P21 -> 1182.3133 | G11: ='FS Jimbaran January 2022'!AG21 -> 94.1712 | H11: ='FS Jimbaran January 2022'!AH21/'FS Jimbaran January 2022'!AG21 -> 16078.984 | I11: ='FS Jimbaran January 2022'!AJ21 -> 331.76 | J11: ='FS Jimbaran January 2022'!AK21/'FS Jimbaran January 2022'!AJ21 -> 12000 | K11: ='FS Jimbaran January 2022'!V21 -> 867.75 | L11: ='FS Jimbaran January 2022'!AA21/'FS Jimbaran January 2022'!V21 -> 7356.2525 | M11: ='RNs & Covers January 2022'!B15 -> 4 | N11: ='RNs & Covers January 2022'!C15 -> 70
A12: Bali Jimbaran | B12: =B11+1 -> 11 | C12: 1 | D12: 2022 | E12: ='FS Jimbaran January 2022'!P22 -> 12760 | F12: ='FS Jimbaran January 2022'!O22/'FS Jimbaran January 2022'!P22 -> 1178.768 | G12: ='FS Jimbaran January 2022'!AG22 -> 120.1518 | H12: ='FS Jimbaran January 2022'!AH22/'FS Jimbaran January 2022'!AG22 -> 15904.378 | I12: ='FS Jimbaran January 2022'!AJ22 -> 265.95 | J12: ='FS Jimbaran January 2022'!AK22/'FS Jimbaran January 2022'!AJ22 -> 12000 | K12: ='FS Jimbaran January 2022'!V22 -> 719.12 | L12: ='FS Jimbaran January 2022'!AA22/'FS Jimbaran January 2022'!V22 -> 4618.8892 | M12: ='RNs & Covers January 2022'!B16 -> 5 | N12: ='RNs & Covers January 2022'!C16 -> 60
A13: Bali Jimbaran | B13: =B12+1 -> 12 | C13: 1 | D13: 2022 | E13: ='FS Jimbaran January 2022'!P23 -> 13300 | F13: ='FS Jimbaran January 2022'!O23/'FS Jimbaran January 2022'!P23 -> 1178.336 | G13: ='FS Jimbaran January 2022'!AG23 -> 97.47416 | H13: ='FS Jimbaran January 2022'!AH23/'FS Jimbaran January 2022'!AG23 -> 15896.091 | I13: ='FS Jimbaran January 2022'!AJ23 -> 179.96 | J13: ='FS Jimbaran January 2022'!AK23/'FS Jimbaran January 2022'!AJ23 -> 12000 | K13: ='FS Jimbaran January 2022'!V23 -> 903.35 | L13: ='FS Jimbaran January 2022'!AA23/'FS Jimbaran January 2022'!V23 -> 9951.6677 | M13: ='RNs & Covers January 2022'!B17 -> 3 | N13: ='RNs & Covers January 2022'!C17 -> 39
A14: Bali Jimbaran | B14: =B13+1 -> 13 | C14: 1 | D14: 2022 | E14: ='FS Jimbaran January 2022'!P24 -> 14400 | F14: ='FS Jimbaran January 2022'!O24/'FS Jimbaran January 2022'!P24 -> 1185.7523 | G14: ='FS Jimbaran January 2022'!AG24 -> 92.4426 | H14: ='FS Jimbaran January 2022'!AH24/'FS Jimbaran January 2022'!AG24 -> 15983.839 | I14: ='FS Jimbaran January 2022'!AJ24 -> 0 | J14: ='FS Jimbaran January 2022'!AK24/'FS Jimbaran January 2022'!AJ24 -> #DIV/0! | K14: ='FS Jimbaran January 2022'!V24 -> 698.65 | L14: ='FS Jimbaran January 2022'!AA24/'FS Jimbaran January 2022'!V24 -> 8126.7355 | M14: ='RNs & Covers January 2022'!B18 -> 2 | N14: ='RNs & Covers January 2022'!C18 -> 73
... A32: Bali Jimbaran | B32: =B31+1 -> 31 | C32: 1 | D32: 2022 | E32: ='FS Jimbaran January 2022'!P42 -> 13200 | F32: ='FS Jimbaran January 2022'!O42/'FS Jimbaran January 2022'!P42 -> 1187.2628 | G32: ='FS Jimbaran January 2022'!AG42 -> 88.57228 | H32: ='FS Jimbaran January 2022'!AH42/'FS Jimbaran January 2022'!AG42 -> 15898.927 | I32: ='FS Jimbaran January 2022'!AJ42 -> 218.14 | J32: ='FS Jimbaran January 2022'!AK42/'FS Jimbaran January 2022'!AJ42 -> 12000 | K32: ='FS Jimbaran January 2022'!V42 -> 792.99 | L32: ='FS Jimbaran January 2022'!AA42/'FS Jimbaran January 2022'!V42 -> 7649.5523 | M32: ='RNs & Covers January 2022'!B36 -> 6 | N32: ='RNs & Covers January 2022'!C36 -> 77

Sheet FS Jimbaran January 2022
B6: Four Seasons Resort Bali at Jimbaran Bay
B7: JANUARY 2022
B8: Date | C8: Room Nights | D8: Food Covers | E8: ELECTRICITY Resort & Sundara | V8: WATER | AC8: GAS
E9: Electricity Resort | J9: Electricity - Sundara | O9: Sub Total (Resort & Sundara) Cost (IDR) | P9: Sub Total (Resort & Sundara), KWh | Q9: Residences- Electricity KWh | R9: Residences- Electricity cost (IDR) | S9: TOTAL Electricity consumption (KWh) | T9: TOTAL Electricity cost | W9: Water (m3) | AA9: Total Water Cost | AC9: LPG | AJ9: Diesel
E10: BASED LOAD KWh (from 10 pm - 6 pm) | F10: Cost (IDR) | G10: PEAK LOAD KWh (from 6 pm - 10 pm) | H10: Cost (IDR) | I10: Resort Cost (IDR) | J10: BASED LOAD KWh (from 10 pm - 6 pm) | K10: Cost (IDR) | L10: PEAK LOAD KWh (from 6 pm - 10 pm) | M10: Cost (IDR) | N10: Sundara Cost (IDR) | T10: IDR | U10: USD | V10: Water consumption (m3) | W10: Municipal Water (m3) | X10: Municipal Water cost (IDR) | Y10: Deepwell Consumption (m3) | Z10: Deepwell water Cost (IDR) | AA10: IDR | AB10: USD | AC10: LPG Bulk (m3) | AD10: 50 Kg (tube) IVD & TW | AE10: Sundara 50 kg (tube) | AF10: 12 Kg (tube) | AG10: Total kg | AH10: IDR | AI10: USD | AJ10: Used (liters) | AK10: IDR | AL10: USD
AB11: 14522 | AE11: 797000 | AF11: 163000 | AH11: =(AE11/50)+(AF11/12) -> 29523.333 | AK11: 12000
B12: 1 | C12: 25 | D12: 263 | E12: 11600 | F12: 12015048 | G12: 2440 | H12: 3790954.8 | I12: =(F12+H12)*1.05 -> 16596303 | J12: 1680 | K12: 1740110.4 | L12: 460 | M12: 714688.2 | N12: =(K12+M12)*1.05 -> 2577538.5 | O12: =I12+N12 -> 19173841 | P12: =E12+G12+J12+L12 -> 16180 | U12: 0 | V12: =W12+Y12 -> 890 | W12: 194.02 | X12: 3486636.4 | Y12: 695.98 | Z12: 2954560.4 | AA12: =X12+Z12 -> 6441196.8 | AB12: =AA12/$AB$11 -> 443.5475 | AC12: 0 | AD12: 0 | AE12: 95.2622 | AF12: 12 | AG12: =AE12+AF12 -> 107.2622 | AH12: 1705479.5 | AI12: =AH12/14522 -> 117.44109 | AJ12: 242.08 | AK12: =AJ12*$AK$11 -> 2904960 | AL12: =AK12/14522 -> 200.03856
B13: 2 | C13: 15 | D13: 240 | E13: 10880 | F13: 11269286 | G13: 2200 | H13: 3418074 | I13: =(F13+H13)*1.05 -> 15421728 | J13: 1800 | K13: 1864404 | L13: 480 | M13: 745761.6 | N13: =(K13+M13)*1.05 -> 2740673.9 | O13: =I13+N13 -> 18162402 | P13: =E13+G13+J13+L13 -> 15360 | U13: 0 | V13: =W13+Y13 -> 825.92 | W13: 196.69 | X13: 3534617.6 | Y13: 629.23 | Z13: 2671194.6 | AA13: =X13+Z13 -> 6205812.3 | AB13: =AA13/$AB$11 -> 427.33868 | AC13: 0 | AD13: 0 | AE13: 104.24464 | AF13: 12 | AG13: =AE13+AF13 -> 116.24464 | AH13: 1848659.6 | AI13: =AH13/14522 -> 127.30062 | AJ13: 370.97 | AK13: =AJ13*$AK$11 -> 4451640 | AL13: =AK13/14522 -> 306.54455
B14: 3 | C14: 8 | D14: 125 | E14: 10360 | F14: 10730681 | G14: 2200 | H14: 3418074 | I14: =(F14+H14)*1.05 -> 14856193 | J14: 1540 | K14: 1595101.2 | L14: 480 | M14: 745761.6 | N14: =(K14+M14)*1.05 -> 2457905.9 | O14: =I14+N14 -> 17314098 | P14: =E14+G14+J14+L14 -> 14580 | U14: 0 | V14: =W14+Y14 -> 864.19 | W14: 195.8 | X14: 3518623.9 | Y14: 668.39 | Z14: 2837435.9 | AA14: =X14+Z14 -> 6356059.8 | AB14: =AA14/$AB$11 -> 437.68488 | AC14: 5.4 | AD14: 0 | AE14: 99.57216 | AF14: 12 | AG14: =AE14+AF14 -> 111.57216 | AH14: 2086810.2 | AI14: =AH14/14522 -> 143.69992 | AJ14: 347.2 | AK14: =AJ14*$AK$11 -> 4166400 | AL14: =AK14/14522 -> 286.90263
B15: 4 | C15: 8 | D15: 107 | E15: 9920 | F15: 10274938 | G15: 2400 | H15: 3728808 | I15: =(F15+H15)*1.05 -> 14703933 | J15: 1520 | K15: 1574385.6 | L15: 380 | M15: 590394.6 | N15: =(K15+M15)*1.05 -> 2273019.2 | O15: =I15+N15 -> 16976952 | P15: =E15+G15+J15+L15 -> 14220 | U15: 0 | V15: =W15+Y15 -> 847.28 | W15: 196.69 | X15: 3534617.6 | Y15: 650.59 | Z15: 2761871.7 | AA15: =X15+Z15 -> 6296489.3 | AB15: =AA15/$AB$11 -> 433.58279 | AC15: 0 | AD15: 0 | AE15: 117.73844 | AF15: 12 | AG15: =AE15+AF15 -> 129.73844 | AH15: 2063750.7 | AI15: =AH15/14522 -> 142.11202 | AJ15: 281.79 | AK15: =AJ15*$AK$11 -> 3381480 | AL15: =AK15/14522 -> 232.85222
B16: 5 | C16: 12 | D16: 112 | E16: 10560 | F16: 10937837 | G16: 2480 | H16: 3853101.6 | I16: =(F16+H16)*1.05 -> 15530485 | J16: 1380 | K16: 1429376.4 | L16: 360 | M16: 559321.2 | N16: =(K16+M16)*1.05 -> 2088132.5 | O16: =I16+N16 -> 17618618 | P16: =E16+G16+J16+L16 -> 14780 | U16: 0 | V16: =W16+Y16 -> 880.21 | W16: 194.91 | X16: 3502630.2 | Y16: 685.3 | Z16: 2909221.9 | AA16: =X16+Z16 -> 6411852 | AB16: =AA16/$AB$11 -> 441.52679 | AC16: 0 | AD16: 0 | AE16: 94.61772 | AF16: 12 | AG16: =AE16+AF16 -> 106.61772 | AH16: 1695206.5 | AI16: =AH16/14522 -> 116.73368 | AJ16: 716.51 | AK16: =AJ16*$AK$11 -> 8598120 | AL16: =AK16/14522 -> 592.07547
B17: 6 | C17: 8 | D17: 189 | E17: 10880 | F17: 11269286 | G17: 2120 | H17: 3293780.4 | I17: =(F17+H17)*1.05 -> 15291220 | J17: 1680 | K17: 1740110.4 | L17: 340 | M17: 528247.8 | N17: =(K17+M17)*1.05 -> 2381776.1 | O17: =I17+N17 -> 17672996 | P17: =E17+G17+J17+L17 -> 15020 | U17: 0 | V17: =W17+Y17 -> 878.43 | W17: 194.91 | X17: 3502630.2 | Y17: 683.52 | Z17: 2901665.4 | AA17: =X17+Z17 -> 6404295.6 | AB17: =AA17/$AB$11 -> 441.00644 | AC17: 0 | AD17: 0 | AE17: 91.55644 | AF17: 0 | AG17: =AE17+AF17 -> 91.55644 | AH17: 1459409.7 | AI17: =AH17/14522 -> 100.49646 | AJ17: 337.72 | AK17: =AJ17*$AK$11 -> 4052640 | AL17: =AK17/14522 -> 279.069
B18: 7 | C18: 9 | D18: 115 | E18: 10280 | F18: 10647818 | G18: 2160 | H18: 3355927.2 | I18: =(F18+H18)*1.05 -> 14703933 | J18: 1460 | K18: 1512238.8 | L18: 560 | M18: 870055.2 | N18: =(K18+M18)*1.05 -> 2501408.7 | O18: =I18+N18 -> 17205342 | P18: =E18+G18+J18+L18 -> 14460 | U18: 0 | V18: =W18+Y18 -> 891.78 | W18: 194.91 | X18: 3502630.2 | Y18: 696.87 | Z18: 2958338.6 | AA18: =X18+Z18 -> 6460968.7 | AB18: =AA18/$AB$11 -> 444.90902 | AC18: 0 | AD18: 0 | AE18: 107.06424 | AF18: 12 | AG18: =AE18+AF18 -> 119.06424 | AH18: 1706604 | AI18: =AH18/14522 -> 117.51852 | AJ18: 139.2 | AK18: =AJ18*$AK$11 -> 1670400 | AL18: =AK18/14522 -> 115.02548
B19: 8 | C19: 9 | D19: 175 | E19: 10200 | F19: 10564956 | G19: 2040 | H19: 3169486.8 | I19: =(F19+H19)*1.05 -> 14421165 | J19: 1640 | K19: 1698679.2 | L19: 400 | M19: 621468 | N19: =(K19+M19)*1.05 -> 2436154.6 | O19: =I19+N19 -> 16857319 | P19: =E19+G19+J19+L19 -> 14280 | U19: 0 | V19: =W19+Y19 -> 874.87 | W19: 195.8 | X19: 3518623.9 | Y19: 679.07 | Z19: 2882774.4 | AA19: =X19+Z19 -> 6401398.3 | AB19: =AA19/$AB$11 -> 440.80693 | AC19: 0 | AD19: 0 | AE19: 86.44088 | AF19: 12 | AG19: =AE19+AF19 -> 98.44088 | AH19: 1564867.6 | AI19: =AH19/14522 -> 107.75841 | AJ19: 237.76 | AK19: =AJ19*$AK$11 -> 2853120 | AL19: =AK19/14522 -> 196.46881
B20: 9 | C20: 4 | D20: 131 | E20: 10040 | F20: 10399231 | G20: 2080 | H20: 3231633.6 | I20: =(F20+H20)*1.05 -> 14312408 | J20: 1340 | K20: 1387945.2 | L20: 340 | M20: 528247.8 | N20: =(K20+M20)*1.05 -> 2012002.7 | O20: =I20+N20 -> 16324411 | P20: =E20+G20+J20+L20 -> 13800 | U20: 0 | V20: =W20+Y20 -> 881.99 | W20: 196.69 | X20: 3534617.6 | Y20: 685.3 | Z20: 2909221.9 | AA20: =X20+Z20 -> 6443839.5 | AB20: =AA20/$AB$11 -> 443.72948 | AC20: 0 | AD20: 0 | AE20: 95.74556 | AF20: 12 | AG20: =AE20+AF20 -> 107.74556 | AH20: 1713184.2 | AI20: =AH20/14522 -> 117.97164 | AJ20: 326.53 | AK20: =AJ20*$AK$11 -> 3918360 | AL20: =AK20/14522 -> 269.82234
B21: 10 | C21: 4 | D21: 70 | E21: 10040 | F21: 10399231 | G21: 2040 | H21: 3169486.8 | I21: =(F21+H21)*1.05 -> 14247154 | J21: 1240 | K21: 1284367.2 | L21: 340 | M21: 528247.8 | N21: =(K21+M21)*1.05 -> 1903245.7 | O21: =I21+N21 -> 16150400 | P21: =E21+G21+J21+L21 -> 13660 | U21: 0 | V21: =W21+Y21 -> 867.75 | W21: 196.69 | X21: 3534617.6 | Y21: 671.06 | Z21: 2848770.5 | AA21: =X21+Z21 -> 6383388.1 | AB21: =AA21/$AB$11 -> 439.56674 | AC21: 0.3 | AD21: 0 | AE21: 82.1712 | AF21: 12 | AG21: =AE21+AF21 -> 94.1712 | AH21: 1514177.3 | AI21: =AH21/14522 -> 104.26782 | AJ21: 331.76 | AK21: =AJ21*$AK$11 -> 3981120 | AL21: =AK21/14522 -> 274.14406
B22: 11 | C22: 5 | D22: 60 | E22: 9360 | F22: 9694900.8 | G22: 1800 | H22: 2796606 | I22: =(F22+H22)*1.05 -> 13116082 | J22: 1260 | K22: 1305082.8 | L22: 340 | M22: 528247.8 | N22: =(K22+M22)*1.05 -> 1924997.1 | O22: =I22+N22 -> 15041079 | P22: =E22+G22+J22+L22 -> 12760 | U22: 0 | V22: =W22+Y22 -> 719.12 | W22: 19.58 | X22: 351862.39 | Y22: 699.54 | Z22: 2969673.2 | AA22: =X22+Z22 -> 3321535.6 | AB22: =AA22/$AB$11 -> 228.72439 | AC22: 0 | AD22: 0 | AE22: 108.1518 | AF22: 12 | AG22: =AE22+AF22 -> 120.1518 | AH22: 1910939.7 | AI22: =AH22/14522 -> 131.58929 | AJ22: 265.95 | AK22: =AJ22*$AK$11 -> 3191400 | AL22: =AK22/14522 -> 219.76312
B23: 12 | C23: 3 | D23: 39 | E23: 9840 | F23: 10192075 | G23: 1920 | H23: 2983046.4 | I23: =(F23+H23)*1.05 -> 13833878 | J23: 1240 | K23: 1284367.2 | L23: 300 | M23: 466101 | N23: =(K23+M23)*1.05 -> 1837991.6 | O23: =I23+N23 -> 15671869 | P23: =E23+G23+J23+L23 -> 13300 | U23: 0 | V23: =W23+Y23 -> 903.35 | W23: 375.58 | X23: 6749360.4 | Y23: 527.77 | Z23: 2240478.6 | AA23: =X23+Z23 -> 8989839 | AB23: =AA23/$AB$11 -> 619.04965 | AC23: 0 | AD23: 0 | AE23: 85.47416 | AF23: 12 | AG23: =AE23+AF23 -> 97.47416 | AH23: 1549458.1 | AI23: =AH23/14522 -> 106.69729 | AJ23: 179.96 | AK23: =AJ23*$AK$11 -> 2159520 | AL23: =AK23/14522 -> 148.70679
... B26: 15 | C26: 1 | D26: 98 | E26: 11960 | F26: 12387929 | G26: 1920 | H26: 2983046.4 | I26: =(F26+H26)*1.05 -> 16139524 | J26: 1580 | K26: 1636532.4 | L26: 340 | M26: 528247.8 | N26: =(K26+M26)*1.05 -> 2273019.2 | O26: =I26+N26 -> 18412543 | P26: =E26+G26+J26+L26 -> 15800 | U26: 0 | V26: =W26+Y26 -> 797.44 | W26: 202.03 | X26: 3630580.1 | Y26: 595.41 | Z26: 2527622.6 | AA26: =X26+Z26 -> 6158202.7 | AB26: =AA26/$AB$11 -> 424.06024 | AC26: 0 | AD26: 0 | AE26: 86.44088 | AF26: 12 | AG26: =AE26+AF26 -> 98.44088 | AH26: 1564867.6 | AI26: =AH26/14522 -> 107.75841 | AJ26: 171.8 | AK26: =AJ26*$AK$11 -> 2061600 | AL26: =AK26/14522 -> 141.96392
B27: 16 | C27: - | D27: 77 | E27: 9800 | F27: 10150644 | G27: 1960 | H27: 3045193.2 | I27: =(F27+H27)*1.05 -> 13855629 | J27: 1320 | K27: 1367229.6 | L27: 340 | M27: 528247.8 | N27: =(K27+M27)*1.05 -> 1990251.3 | O27: =I27+N27 -> 15845880 | P27: =E27+G27+J27+L27 -> 13420 | U27: 0 | V27: =W27+Y27 -> 884.66 | W27: 206.48 | X27: 3710548.8 | Y27: 678.18 | Z27: 2878996.2 | AA27: =X27+Z27 -> 6589545 | AB27: =AA27/$AB$11 -> 453.76291 | AC27: 0 | AD27: 0 | AE27: 99.37076 | AF27: 12 | AG27: =AE27+AF27 -> 111.37076 | AH27: 1770969.9 | AI27: =AH27/14522 -> 121.95083 | AJ27: 246.8 | AK27: =AJ27*$AK$11 -> 2961600 | AL27: =AK27/14522 -> 203.93885
B28: 17 | C28: - | D28: 31 | E28: 9640 | F28: 9984919.2 | G28: 2040 | H28: 3169486.8 | I28: =(F28+H28)*1.05 -> 13812126 | J28: 1220 | K28: 1263651.6 | L28: 360 | M28: 559321.2 | N28: =(K28+M28)*1.05 -> 1914121.4 | O28: =I28+N28 -> 15726248 | P28: =E28+G28+J28+L28 -> 13260 | U28: 0 | V28: =W28+Y28 -> 747.6 | W28: 191.35 | X28: 3438655.2 | Y28: 556.25 | Z28: 2361381.4 | AA28: =X28+Z28 -> 5800036.5 | AB28: =AA28/$AB$11 -> 399.39654 | AC28: 0 | AD28: 0 | AE28: 81.44616 | AF28: 12 | AG28: =AE28+AF28 -> 93.44616 | AH28: 1485251.8 | AI28: =AH28/14522 -> 102.27598 | AJ28: 268.2 | AK28: =AJ28*$AK$11 -> 3218400 | AL28: =AK28/14522 -> 221.62237
B29: 18 | C29: - | D29: 32 | E29: 9240 | F29: 9570607.2 | G29: 1800 | H29: 2796606 | I29: =(F29+H29)*1.05 -> 12985574 | J29: 1160 | K29: 1201504.8 | L29: 300 | M29: 466101 | N29: =(K29+M29)*1.05 -> 1750986.1 | O29: =I29+N29 -> 14736560 | P29: =E29+G29+J29+L29 -> 12500 | U29: 0 | V29: =W29+Y29 -> 866.86 | W29: 188.68 | X29: 3390673.9 | Y29: 678.18 | Z29: 2878996.2 | AA29: =X29+Z29 -> 6269670.1 | AB29: =AA29/$AB$11 -> 431.73599 | AC29: 0 | AD29: 0 | AE29: 96.373928 | AF29: 12 | AG29: =AE29+AF29 -> 108.37393 | AH29: 1723200.4 | AI29: =AH29/14522 -> 118.66137 | AJ29: 235.96 | AK29: =AJ29*$AK$11 -> 2831520 | AL29: =AK29/14522 -> 194.98141
B30: 19 | C30: 3 | D30: 44 | E30: 9880 | F30: 10233506 | G30: 2000 | H30: 3107340 | I30: =(F30+H30)*1.05 -> 14007889 | J30: 1140 | K30: 1180789.2 | L30: 360 | M30: 559321.2 | N30: =(K30+M30)*1.05 -> 1827115.9 | O30: =I30+N30 -> 15835005 | P30: =E30+G30+J30+L30 -> 13380 | U30: 0 | V30: =W30+Y30 -> 892.67 | W30: 259.88 | X30: 4670173.5 | Y30: 632.79 | Z30: 2686307.5 | AA30: =X30+Z30 -> 7356481 | AB30: =AA30/$AB$11 -> 506.57492 | AC30: 0 | AD30: 0 | AE30: 92.458712 | AF30: 12 | AG30: =AE30+AF30 -> 104.45871 | AH30: 1660791.9 | AI30: =AH30/14522 -> 114.36385 | AJ30: 212.89 | AK30: =AJ30*$AK$11 -> 2554680 | AL30: =AK30/14522 -> 175.91792
B31: 20 | C31: 3 | D31: 56 | E31: 9520 | F31: 9860625.6 | G31: 1880 | H31: 2920899.6 | I31: =(F31+H31)*1.05 -> 13420601 | J31: 1600 | K31: 1657248 | L31: 340 | M31: 528247.8 | N31: =(K31+M31)*1.05 -> 2294770.6 | O31: =I31+N31 -> 15715372 | P31: =E31+G31+J31+L31 -> 13340 | U31: 0 | V31: =W31+Y31 -> 868.64 | W31: 195.8 | X31: 3518623.9 | Y31: 672.84 | Z31: 2856326.9 | AA31: =X31+Z31 -> 6374950.8 | AB31: =AA31/$AB$11 -> 438.98573 | AC31: 0 | AD31: 0 | AE31: 93.61072 | AF31: 24 | AG31: =AE31+AF31 -> 117.61072 | AH31: 1866154.9 | AI31: =AH31/14522 -> 128.50536 | AJ31: 100.43 | AK31: =AJ31*$AK$11 -> 1205160 | AL31: =AK31/14522 -> 82.988569
B32: 21 | C32: 3 | D32: 100 | E32: 9400 | F32: 9736332 | G32: 1880 | H32: 2920899.6 | I32: =(F32+H32)*1.05 -> 13290093 | J32: 1540 | K32: 1595101.2 | L32: 480 | M32: 745761.6 | N32: =(K32+M32)*1.05 -> 2457905.9 | O32: =I32+N32 -> 15747999 | P32: =E32+G32+J32+L32 -> 13300 | U32: 0 | V32: =W32+Y32 -> 870.42 | W32: 194.91 | X32: 3502630.2 | Y32: 675.51 | Z32: 2867661.5 | AA32: =X32+Z32 -> 6370291.7 | AB32: =AA32/$AB$11 -> 438.6649 | AC32: 0 | AD32: 0 | AE32: 90.2272 | AF32: 0 | AG32: =AE32+AF32 -> 90.2272 | AH32: 1438221.6 | AI32: =AH32/14522 -> 99.037431 | AJ32: 332.66 | AK32: =AJ32*$AK$11 -> 3991920 | AL32: =AK32/14522 -> 274.88776
B33: 22 | C33: 6 | D33: 111 | E33: 10080 | F33: 10440662 | G33: 1840 | H33: 2858752.8 | I33: =(F33+H33)*1.05 -> 13964386 | J33: 1500 | K33: 1553670 | L33: 480 | M33: 745761.6 | N33: =(K33+M33)*1.05 -> 2414403.2 | O33: =I33+N33 -> 16378789 | P33: =E33+G33+J33+L33 -> 13900 | U33: 0 | V33: =W33+Y33 -> 818.8 | W33: 221.61 | X33: 3982442.5 | Y33: 597.19 | Z33: 2535179 | AA33: =X33+Z33 -> 6517621.5 | AB33: =AA33/$AB$11 -> 448.81019 | AC33: 0 | AD33: 0 | AE33: 75.7264 | AF33: 12 | AG33: =AE33+AF33 -> 87.7264 | AH33: 1394078.8 | AI33: =AH33/14522 -> 95.997715 | AJ33: 135.93 | AK33: =AJ33*$AK$11 -> 1631160 | AL33: =AK33/14522 -> 112.32337
B34: 23 | C34: 5 | D34: 86 | E34: 10000 | F34: 10357800 | G34: 2160 | H34: 3355927.2 | I34: =(F34+H34)*1.05 -> 14399414 | J34: 1400 | K34: 1450092 | L34: 320 | M34: 497174.4 | N34: =(K34+M34)*1.05 -> 2044629.7 | O34: =I34+N34 -> 16444043 | P34: =E34+G34+J34+L34 -> 13880 | U34: 0 | V34: =W34+Y34 -> 835.71 | W34: 170.88 | X34: 3070799 | Y34: 664.83 | Z34: 2822323 | AA34: =X34+Z34 -> 5893122.1 | AB34: =AA34/$AB$11 -> 405.8065 | AC34: 0 | AD34: 0 | AE34: 93.89268 | AF34: 12 | AG34: =AE34+AF34 -> 105.89268 | AH34: 1683649.3 | AI34: =AH34/14522 -> 115.93784 | AJ34: 73.91 | AK34: =AJ34*$AK$11 -> 886920 | AL34: =AK34/14522 -> 61.074232
B35: 24 | C35: 2 | D35: 43 | E35: 10080 | F35: 10440662 | G35: 2080 | H35: 3231633.6 | I35: =(F35+H35)*1.05 -> 14355911 | J35: 1180 | K35: 1222220.4 | L35: 300 | M35: 466101 | N35: =(K35+M35)*1.05 -> 1772737.5 | O35: =I35+N35 -> 16128648 | P35: =E35+G35+J35+L35 -> 13640 | U35: 0 | V35: =W35+Y35 -> 869.53 | W35: 195.8 | X35: 3518623.9 | Y35: 673.73 | Z35: 2860105.1 | AA35: =X35+Z35 -> 6378729 | AB35: =AA35/$AB$11 -> 439.2459 | AC35: 0 | AD35: 0 | AE35: 100.37776 | AF35: 0 | AG35: =AE35+AF35 -> 100.37776 | AH35: 1600021.5 | AI35: =AH35/14522 -> 110.17914 | AJ35: 159.7 | AK35: =AJ35*$AK$11 -> 1916400 | AL35: =AK35/14522 -> 131.96529
B36: 25 | C36: 3 | D36: 31 | E36: 10480 | F36: 10854974 | G36: 2160 | H36: 3355927.2 | I36: =(F36+H36)*1.05 -> 14921447 | J36: 1320 | K36: 1367229.6 | L36: 380 | M36: 590394.6 | N36: =(K36+M36)*1.05 -> 2055505.4 | O36: =I36+N36 -> 16976952 | P36: =E36+G36+J36+L36 -> 14340 | U36: 0 | V36: =W36+Y36 -> 687.08 | W36: 188.68 | X36: 3390673.9 | Y36: 498.4 | Z36: 2115797.7 | AA36: =X36+Z36 -> 5506471.7 | AB36: =AA36/$AB$11 -> 379.18136 | AC36: 0 | AD36: 0 | AE36: 82.61428 | AF36: 12 | AG36: =AE36+AF36 -> 94.61428 | AH36: 1503871.6 | AI36: =AH36/14522 -> 103.55816 | AJ36: 97.57 | AK36: =AJ36*$AK$11 -> 1170840 | AL36: =AK36/14522 -> 80.625258
B37: 26 | C37: 4 | D37: 32 | E37: 10960 | F37: 11352149 | G37: 2200 | H37: 3418074 | I37: =(F37+H37)*1.05 -> 15508734 | J37: 1140 | K37: 1180789.2 | L37: 320 | M37: 497174.4 | N37: =(K37+M37)*1.05 -> 1761861.8 | O37: =I37+N37 -> 17270596 | P37: =E37+G37+J37+L37 -> 14620 | U37: 0 | V37: =W37+Y37 -> 655.04 | W37: 124.6 | X37: 2239124.3 | Y37: 530.44 | Z37: 2251813.3 | AA37: =X37+Z37 -> 4490937.6 | AB37: =AA37/$AB$11 -> 309.25063 | AC37: 0 | AD37: 0 | AE37: 68.476 | AF37: 24 | AG37: =AE37+AF37 -> 92.476 | AH37: 1465507.4 | AI37: =AH37/14522 -> 100.91636 | AJ37: 489.38 | AK37: =AJ37*$AK$11 -> 5872560 | AL37: =AK37/14522 -> 404.39058
B38: 27 | C38: 7 | D38: 40 | E38: 10040 | F38: 10399231 | G38: 2080 | H38: 3231633.6 | I38: =(F38+H38)*1.05 -> 14312408 | J38: 1280 | K38: 1325798.4 | L38: 340 | M38: 528247.8 | N38: =(K38+M38)*1.05 -> 1946748.5 | O38: =I38+N38 -> 16259157 | P38: =E38+G38+J38+L38 -> 13740 | U38: 0 | V38: =W38+Y38 -> 861.52 | W38: 194.02 | X38: 3486636.4 | Y38: 667.5 | Z38: 2833657.7 | AA38: =X38+Z38 -> 6320294.1 | AB38: =AA38/$AB$11 -> 435.22201 | AC38: 0 | AD38: 0 | AE38: 75.56528 | AF38: 0 | AG38: =AE38+AF38 -> 75.56528 | AH38: 1204510.6 | AI38: =AH38/14522 -> 82.943848 | AJ38: 98.25 | AK38: =AJ38*$AK$11 -> 1179000 | AL38: =AK38/14522 -> 81.187164
B39: 28 | C39: 5 | D39: 107 | E39: 9960 | F39: 10316369 | G39: 1960 | H39: 3045193.2 | I39: =(F39+H39)*1.05 -> 14029640 | J39: 1380 | K39: 1429376.4 | L39: 480 | M39: 745761.6 | N39: =(K39+M39)*1.05 -> 2283894.9 | O39: =I39+N39 -> 16313535 | P39: =E39+G39+J39+L39 -> 13780 | U39: 0 | V39: =W39+Y39 -> 893.56 | W39: 195.8 | X39: 3518623.9 | Y39: 697.76 | Z39: 2962116.8 | AA39: =X39+Z39 -> 6480740.7 | AB39: =AA39/$AB$11 -> 446.27053 | AC39: 0 | AD39: 0 | AE39: 78.86824 | AF39: 12 | AG39: =AE39+AF39 -> 90.86824 | AH39: 1444159.7 | AI39: =AH39/14522 -> 99.44634 | AJ39: 259.1 | AK39: =AJ39*$AK$11 -> 3109200 | AL39: =AK39/14522 -> 214.10274
B40: 29 | C40: 3 | D40: 66 | E40: 10600 | F40: 10979268 | G40: 2160 | H40: 3355927.2 | I40: =(F40+H40)*1.05 -> 15051955 | J40: 1040 | K40: 1077211.2 | L40: 320 | M40: 497174.4 | N40: =(K40+M40)*1.05 -> 1653104.9 | O40: =I40+N40 -> 16705060 | P40: =E40+G40+J40+L40 -> 14120 | U40: 0 | V40: =W40+Y40 -> 881.1 | W40: 195.8 | X40: 3518623.9 | Y40: 685.3 | Z40: 2909221.9 | AA40: =X40+Z40 -> 6427845.8 | AB40: =AA40/$AB$11 -> 442.62813 | AC40: 0 | AD40: 0 | AE40: 65.0522 | AF40: 12 | AG40: =AE40+AF40 -> 77.0522 | AH40: 1223932.1 | AI40: =AH40/14522 -> 84.281233 | AJ40: 167 | AK40: =AJ40*$AK$11 -> 2004000 | AL40: =AK40/14522 -> 137.99752
B41: 30 | C41: 3 | D41: 62 | E41: 9880 | F41: 10233506 | G41: 2040 | H41: 3169486.8 | I41: =(F41+H41)*1.05 -> 14073143 | J41: 1320 | K41: 1367229.6 | L41: 280 | M41: 435027.6 | N41: =(K41+M41)*1.05 -> 1892370.1 | O41: =I41+N41 -> 15965513 | P41: =E41+G41+J41+L41 -> 13520 | U41: 0 | V41: =W41+Y41 -> 776.08 | W41: 199.36 | X41: 3582598.9 | Y41: 576.72 | Z41: 2448280.2 | AA41: =X41+Z41 -> 6030879.1 | AB41: =AA41/$AB$11 -> 415.2926 | AC41: 0 | AD41: 0 | AE41: 79.1502 | AF41: 0 | AG41: =AE41+AF41 -> 79.1502 | AH41: 1261654.2 | AI41: =AH41/14522 -> 86.878818 | AJ41: 156.27 | AK41: =AJ41*$AK$11 -> 1875240 | AL41: =AK41/14522 -> 129.13097
B42: 31 | C42: 6 | D42: 77 | E42: 9720 | F42: 10067782 | G42: 2120 | H42: 3293780.4 | I42: =(F42+H42)*1.05 -> 14029640 | J42: 1060 | K42: 1097926.8 | L42: 300 | M42: 466101 | N42: =(K42+M42)*1.05 -> 1642229.2 | O42: =I42+N42 -> 15671869 | P42: =E42+G42+J42+L42 -> 13200 | V42: =W42+Y42 -> 792.99 | W42: 196.69 | X42: 3534617.6 | Y42: 596.3 | Z42: 2531400.8 | AA42: =X42+Z42 -> 6066018.5 | AB42: =AA42/$AB$11 -> 417.71233 | AC42: 0 | AD42: 0 | AE42: 76.57228 | AF42: 12 | AG42: =AE42+AF42 -> 88.57228 | AH42: 1408204.2 | AI42: =AH42/14522 -> 96.970404 | AJ42: 218.14 | AK42: =AJ42*$AK$11 -> 2617680 | AL42: =AK42/14522 -> 180.25616
C46: =SUM(C12:C42) -> 197 | D46: =SUM(D12:D42) -> 2935 | E46: =SUM(E12:E42) -> 317520 | F46: =SUM(F12:F42) -> 3.2888087e+08 | G46: =SUM(G12:G42) -> 65440 | H46: =SUM(H12:H42) -> 1.0167216e+08 | I46: =SUM(I12:I42) -> 4.5208068e+08 | J46: =SUM(J12:J42) -> 42660 | ... P46: =SUM(P12:P42) -> 437240 | V46: =SUM(V12:V42) -> 25828.69 | W46: =SUM(W12:W42) -> 6031.53 | X46: =SUM(X12:X42) -> 1.0838961e+08 | Y46: =SUM(Y12:Y42) -> 19797.16 | Z46: =SUM(Z12:Z42) -> 84042508 | AA46: =SUM(AA12:AA42) -> 1.9243212e+08 | AB46: =SUM(AB12:AB42) -> 13251.075 | AC46: =SUM(AC12:AC41) -> 5.77 | AD46: =SUM(AD12:AD41) -> 0 | AE46: =SUM(AE12:AE42) -> 2780.5284 | AF46: =SUM(AF12:AF42) -> 324 | AG46: =SUM(AG12:AG42) -> 3104.5284 | AH46: =SUM(AH12:AH42) -> 49518316 | AI46: =AH46/$AL$47 -> 3816.1199 | AJ46: =SUM(AJ12:AJ42) -> 7749.04 | AK46: =SUM(AK12:AK42) -> 92988480 | AL46: =AK46/AL47 -> 7166.1402
T47: kWh rate | U47: =U46/S46 -> #DIV/0! | V47: m3/RNs | AL47: 12976.09
AH48: =AH46/AG46 -> 15950.35

Sheet RNs & Covers January 2022
A1: Four Seasons Resort Bali at Jimbaran Bay
A2: 44562
A3: Date | B3: Room Nights | C3: Food Covers
A6: 1 | B6: ='FS Jimbaran January 2022'!C12 -> 25 | C6: ='FS Jimbaran January 2022'!D12 -> 263
A7: 2 | B7: ='FS Jimbaran January 2022'!C13 -> 15 | C7: ='FS Jimbaran January 2022'!D13 -> 240
A8: =A7+1 -> 3 | B8: ='FS Jimbaran January 2022'!C14 -> 8 | C8: ='FS Jimbaran January 2022'!D14 -> 125
A9: =A8+1 -> 4 | B9: ='FS Jimbaran January 2022'!C15 -> 8 | C9: ='FS Jimbaran January 2022'!D15 -> 107
A10: =A9+1 -> 5 | B10: ='FS Jimbaran January 2022'!C16 -> 12 | C10: ='FS Jimbaran January 2022'!D16 -> 112
A11: =A10+1 -> 6 | B11: ='FS Jimbaran January 2022'!C17 -> 8 | C11: ='FS Jimbaran January 2022'!D17 -> 189
A12: =A11+1 -> 7 | B12: ='FS Jimbaran January 2022'!C18 -> 9 | C12: ='FS Jimbaran January 2022'!D18 -> 115
A13: =A12+1 -> 8 | B13: ='FS Jimbaran January 2022'!C19 -> 9 | C13: ='FS Jimbaran January 2022'!D19 -> 175
A14: =A13+1 -> 9 | B14: ='FS Jimbaran January 2022'!C20 -> 4 | C14: ='FS Jimbaran January 2022'!D20 -> 131
A15: =A14+1 -> 10 | B15: ='FS Jimbaran January 2022'!C21 -> 4 | C15: ='FS Jimbaran January 2022'!D21 -> 70
A16: =A15+1 -> 11 | B16: ='FS Jimbaran January 2022'!C22 -> 5 | C16: ='FS Jimbaran January 2022'!D22 -> 60
A17: =A16+1 -> 12 | B17: ='FS Jimbaran January 2022'!C23 -> 3 | C17: ='FS Jimbaran January 2022'!D23 -> 39
A18: =A17+1 -> 13 | B18: ='FS Jimbaran January 2022'!C24 -> 2 | C18: ='FS Jimbaran January 2022'!D24 -> 73
A19: =A18+1 -> 14 | B19: ='FS Jimbaran January 2022'!C25 -> 31 | C19: ='FS Jimbaran January 2022'!D25 -> 143
... A36: =A35+1 -> 31 | B36: ='FS Jimbaran January 2022'!C42 -> 6 | C36: ='FS Jimbaran January 2022'!D42 -> 77
B37: =SUM(B6:B36) -> 197 | C37: =SUM(C6:C36) -> 2935
