Workbook

Sheet TOTAL
A1: Site Name | B1: Day | C1: Month | D1: Year | E1: Total Electricity Kwh | F1: Electricity Tariff ($/Kwh) | G1: LPG (Kg) | H1: LPG $/Kg | I1: Total Fuel Oil (Liter) | J1: Fuel Oil $/Liter | K1: Water Utility Supply (m3) m3 | L1: Water Utility Supply (m3) $/m3 | M1: Room Nights | N1: Food Covers
A2: Bali Jimbaran | B2: 1 | C2: 11 | D2: 2022 | E2: ='FS Jimbaran Nov 2022'!P12 -> 13480 | F2: ='FS Jimbaran Nov 2022'!O12/'FS Jimbaran Nov 2022'!P12 -> 1201.7507 | G2: ='FS Jimbaran Nov 2022'!AG12 -> 206.91148 | H2: ='FS Jimbaran Nov 2022'!AH12/'FS Jimbaran Nov 2022'!AG12 -> 16927.872 | I2: ='FS Jimbaran Nov 2022'!AJ12 -> 50.67 | J2: ='FS Jimbaran Nov 2022'!AK12/'FS Jimbaran Nov 2022'!AJ12 -> 18000 | K2: ='FS Jimbaran Nov 2022'!V12 -> 768.07 | L2: ='FS Jimbaran Nov 2022'!AA12/'FS Jimbaran Nov 2022'!V12 -> 8490.8959 | M2: ='RNs & Covers Nov 2022'!B6 -> 65 | N2: ='RNs & Covers Nov 2022'!C6 -> 351
A3: Bali Jimbaran | B3: =B2+1 -> 2 | C3: 11 | D3: 2022 | E3: ='FS Jimbaran Nov 2022'!P13 -> 22680 | F3: ='FS Jimbaran Nov 2022'!O13/'FS Jimbaran Nov 2022'!P13 -> 1136.2525 | G3: ='FS Jimbaran Nov 2022'!AG13 -> 690.42424 | H3: ='FS Jimbaran Nov 2022'!AH13/'FS Jimbaran Nov 2022'!AG13 -> 16086.185 | I3: ='FS Jimbaran Nov 2022'!AJ13 -> 48.73 | J3: ='FS Jimbaran Nov 2022'!AK13/'FS Jimbaran Nov 2022'!AJ13 -> 18000 | K3: ='FS Jimbaran Nov 2022'!V13 -> 1068 | L3: ='FS Jimbaran Nov 2022'!AA13/'FS Jimbaran Nov 2022'!V13 -> 5457.5833 | M3: ='RNs & Covers Nov 2022'!B7 -> 70 | N3: ='RNs & Covers Nov 2022'!C7 -> 373
A4: Bali Jimbaran | B4: =B3+1 -> 3 | C4: 11 | D4: 2022 | E4: ='FS Jimbaran Nov 2022'!P14 -> 24440 | F4: ='FS Jimbaran Nov 2022'!O14/'FS Jimbaran Nov 2022'!P14 -> 1142.1551 | G4: ='FS Jimbaran Nov 2022'!AG14 -> 659.73924 | H4: ='FS Jimbaran Nov 2022'!AH14/'FS Jimbaran Nov 2022'!AG14 -> 16061.319 | I4: ='FS Jimbaran Nov 2022'!AJ14 -> 72.11 | J4: ='FS Jimbaran Nov 2022'!AK14/'FS Jimbaran Nov 2022'!AJ14 -> 18000 | K4: ='FS Jimbaran Nov 2022'!V14 -> 1095.59 | L4: ='FS Jimbaran Nov 2022'!AA14/'FS Jimbaran Nov 2022'!V14 -> 6843.0675 | M4: ='RNs & Covers Nov 2022'!B8 -> 108 | N4: ='RNs & Covers Nov 2022'!C8 -> 600
A5: Bali Jimbaran | B5: =B4+1 -> 4 | C5: 11 | D5: 2022 | E5: ='FS Jimbaran Nov 2022'!P15 -> 23940 | F5: ='FS Jimbaran Nov 2022'!O15/'FS Jimbaran Nov 2022'!P15 -> 1138.3196 | G5: ='FS Jimbaran Nov 2022'!AG15 -> 505.43344 | H5: ='FS Jimbaran Nov 2022'!AH15/'FS Jimbaran Nov 2022'!AG15 -> 16011.326 | I5: ='FS Jimbaran Nov 2022'!AJ15 -> 33.42 | J5: ='FS Jimbaran Nov 2022'!AK15/'FS Jimbaran Nov 2022'!AJ15 -> 18000 | K5: ='FS Jimbaran Nov 2022'!V15 -> 982.56 | L5: ='FS Jimbaran Nov 2022'!AA15/'FS Jimbaran Nov 2022'!V15 -> 5003.5537 | M5: ='RNs & Covers Nov 2022'!B9 -> 115 | N5: ='RNs & Covers Nov 2022'!C9 -> 482
A6: Bali Jimbaran | B6: =B5+1 -> 5 | C6: 11 | D6: 2022 | E6: ='FS Jimbaran Nov 2022'!P16 -> 24620 | F6: ='FS Jimbaran Nov 2022'!O16/'FS Jimbaran Nov 2022'!P16 -> 1137.591 | G6: ='FS Jimbaran Nov 2022'!AG16 -> 515.42288 | H6: ='FS Jimbaran Nov 2022'!AH16/'FS Jimbaran Nov 2022'!AG16 -> 15947.39 | I6: ='FS Jimbaran Nov 2022'!AJ16 -> 22.12 | J6: ='FS Jimbaran Nov 2022'!AK16/'FS Jimbaran Nov 2022'!AJ16 -> 18000 | K6: ='FS Jimbaran Nov 2022'!V16 -> 1097.37 | L6: ='FS Jimbaran Nov 2022'!AA16/'FS Jimbaran Nov 2022'!V16 -> 6827.722 | M6: ='RNs & Covers Nov 2022'!B10 -> 110 | N6: ='RNs & Covers Nov 2022'!C10 -> 602
A7: Bali Jimbaran | B7: =B6+1 -> 6 | C7: 11 | D7: 2022 | E7: ='FS Jimbaran Nov 2022'!P17 -> 24040 | F7: ='FS Jimbaran Nov 2022'!O17/'FS Jimbaran Nov 2022'!P17 -> 1135.7388 | G7: ='FS Jimbaran Nov 2022'!AG17 -> 590.90416 | H7: ='FS Jimbaran Nov 2022'!AH17/'FS Jimbaran Nov 2022'!AG17 -> 15938.342 | I7: ='FS Jimbaran Nov 2022'!AJ17 -> 375.5 | J7: ='FS Jimbaran Nov 2022'!AK17/'FS Jimbaran Nov 2022'!AJ17 -> 18000 | K7: ='FS Jimbaran Nov 2022'!V17 -> 1027.95 | L7: ='FS Jimbaran Nov 2022'!AA17/'FS Jimbaran Nov 2022'!V17 -> 6087.1061 | M7: ='RNs & Covers Nov 2022'!B11 -> 104 | N7: ='RNs & Covers Nov 2022'!C11 -> 498
A8: Bali Jimbaran | B8: =B7+1 -> 7 | C8: 11 | D8: 2022 | E8: ='FS Jimbaran Nov 2022'!P18 -> 22120 | F8: ='FS Jimbaran Nov 2022'!O18/'FS Jimbaran Nov 2022'!P18 -> 1129.8992 | G8: ='FS Jimbaran Nov 2022'!AG18 -> 565.0444 | H8: ='FS Jimbaran Nov 2022'!AH18/'FS Jimbaran Nov 2022'!AG18 -> 15984.498 | I8: ='FS Jimbaran Nov 2022'!AJ18 -> 0.53 | J8: ='FS Jimbaran Nov 2022'!AK18/'FS Jimbaran Nov 2022'!AJ18 -> 18000 | K8: ='FS Jimbaran Nov 2022'!V18 -> 1036.85 | L8: ='FS Jimbaran Nov 2022'!AA18/'FS Jimbaran Nov 2022'!V18 -> 7002.0254 | M8: ='RNs & Covers Nov 2022'!B12 -> 57 | N8: ='RNs & Covers Nov 2022'!C12 -> 376
A9: Bali Jimbaran | B9: =B8+1 -> 8 | C9: 11 | D9: 2022 | E9: ='FS Jimbaran Nov 2022'!P19 -> 20340 | F9: ='FS Jimbaran Nov 2022'!O19/'FS Jimbaran Nov 2022'!P19 -> 1135.5897 | G9: ='FS Jimbaran Nov 2022'!AG19 -> 604.43824 | H9: ='FS Jimbaran Nov 2022'!AH19/'FS Jimbaran Nov 2022'!AG19 -> 15989.565 | I9: ='FS Jimbaran Nov 2022'!AJ19 -> 0.25 | J9: ='FS Jimbaran Nov 2022'!AK19/'FS Jimbaran Nov 2022'!AJ19 -> 18000 | K9: ='FS Jimbaran Nov 2022'!V19 -> 1046.64 | L9: ='FS Jimbaran Nov 2022'!AA19/'FS Jimbaran Nov 2022'!V19 -> 6030.8721 | M9: ='RNs & Covers Nov 2022'!B13 -> 44 | N9: ='RNs & Covers Nov 2022'!C13 -> 272
A10: Bali Jimbaran | B10: =B9+1 -> 9 | C10: 11 | D10: 2022 | E10: ='FS Jimbaran Nov 2022'!P20 -> 21380 | F10: ='FS Jimbaran Nov 2022'!O20/'FS Jimbaran Nov 2022'!P20 -> 1136.0637 | G10: ='FS Jimbaran Nov 2022'!AG20 -> 697.63092 | H10: ='FS Jimbaran Nov 2022'!AH20/'FS Jimbaran Nov 2022'!AG20 -> 16089.25 | I10: ='FS Jimbaran Nov 2022'!AJ20 -> 0.2 | J10: ='FS Jimbaran Nov 2022'!AK20/'FS Jimbaran Nov 2022'!AJ20 -> 18000 | K10: ='FS Jimbaran Nov 2022'!V20 -> 1128.52 | L10: ='FS Jimbaran Nov 2022'!AA20/'FS Jimbaran Nov 2022'!V20 -> 7016.2225 | M10: ='RNs & Covers Nov 2022'!B14 -> 61 | N10: ='RNs & Covers Nov 2022'!C14 -> 296
A11: Bali Jimbaran | B11: =B10+1 -> 10 | C11: 11 | D11: 2022 | E11: ='FS Jimbaran Nov 2022'!P21 -> 22400 | F11: ='FS Jimbaran Nov 2022'!O21/'FS Jimbaran Nov 2022'!P21 -> 1137.5084 | G11: ='FS Jimbaran Nov 2022'!AG21 -> 684.676 | H11: ='FS Jimbaran Nov 2022'!AH21/'FS Jimbaran Nov 2022'!AG21 -> 15974.742 | I11: ='FS Jimbaran Nov 2022'!AJ21 -> 0.25 | J11: ='FS Jimbaran Nov 2022'!AK21/'FS Jimbaran Nov 2022'!AJ21 -> 18000 | K11: ='FS Jimbaran Nov 2022'!V21 -> 1076.9 | L11: ='FS Jimbaran Nov 2022'!AA21/'FS Jimbaran Nov 2022'!V21 -> 5572.339 | M11: ='RNs & Covers Nov 2022'!B15 -> 68 | N11: ='RNs & Covers Nov 2022'!C15 -> 388
A12: Bali Jimbaran | B12: =B11+1 -> 11 | C12: 11 | D12: 2022 | E12: ='FS Jimbaran Nov 2022'!P22 -> 22020 | F12: ='FS Jimbaran Nov 2022'!O22/'FS Jimbaran Nov 2022'!P22 -> 1135.5009 | G12: ='FS Jimbaran Nov 2022'!AG22 -> 698.4046 | H12: ='FS Jimbaran Nov 2022'!AH22/'FS Jimbaran Nov 2022'!AG22 -> 16020.452 | I12: ='FS Jimbaran Nov 2022'!AJ22 -> 0.57 | J12: ='FS Jimbaran Nov 2022'!AK22/'FS Jimbaran Nov 2022'!AJ22 -> 18000 | K12: ='FS Jimbaran Nov 2022'!V22 -> 1047.53 | L12: ='FS Jimbaran Nov 2022'!AA22/'FS Jimbaran Nov 2022'!V22 -> 6099.3226 | M12: ='RNs & Covers Nov 2022'!B16 -> 62 | N12: ='RNs & Covers Nov 2022'!C16 -> 496
A13: Bali Jimbaran | B13: =B12+1 -> 12 | C13: 11 | D13: 2022 | E13: ='FS Jimbaran Nov 2022'!P23 -> 22440 | F13: ='FS Jimbaran Nov 2022'!O23/'FS Jimbaran Nov 2022'!P23 -> 1137.3271 | G13: ='FS Jimbaran Nov 2022'!AG23 -> 580.27024 | H13: ='FS Jimbaran Nov 2022'!AH23/'FS Jimbaran Nov 2022'!AG23 -> 16024.983 | I13: ='FS Jimbaran Nov 2022'!AJ23 -> 50.17 | J13: ='FS Jimbaran Nov 2022'!AK23/'FS Jimbaran Nov 2022'!AJ23 -> 18000 | K13: ='FS Jimbaran Nov 2022'!V23 -> 1078.68 | L13: ='FS Jimbaran Nov 2022'!AA23/'FS Jimbaran Nov 2022'!V23 -> 6125.0506 | M13: ='RNs & Covers Nov 2022'!B17 -> 79 | N13: ='RNs & Covers Nov 2022'!C17 -> 433
A14: Bali Jimbaran | B14: =B13+1 -> 13 | C14: 11 | D14: 2022 | E14: ='FS Jimbaran Nov 2022'!P24 -> 22420 | F14: ='FS Jimbaran Nov 2022'!O24/'FS Jimbaran Nov 2022'!P24 -> 1136.9557 | G14: ='FS Jimbaran Nov 2022'!AG24 -> 696.59888 | H14: ='FS Jimbaran Nov 2022'!AH24/'FS Jimbaran Nov 2022'!AG24 -> 15968.667 | I14: ='FS Jimbaran Nov 2022'!AJ24 -> 1.27 | J14: ='FS Jimbaran Nov 2022'!AK24/'FS Jimbaran Nov 2022'!AJ24 -> 18000 | K14: ='FS Jimbaran Nov 2022'!V24 -> 995.91 | L14: ='FS Jimbaran Nov 2022'!AA24/'FS Jimbaran Nov 2022'!V24 -> 4846.1994 | M14: ='RNs & Covers Nov 2022'!B18 -> 81 | N14: ='RNs & Covers Nov 2022'!C18 -> 555
... A31: Bali Jimbaran | B31: =B30+1 -> 30 | C31: 11 | D31: 2022 | E31: ='FS Jimbaran Nov 2022'!P41 -> 28860 | F31: ='FS Jimbaran Nov 2022'!O41/'FS Jimbaran Nov 2022'!P41 -> 1109.713 | G31: ='FS Jimbaran Nov 2022'!AG41 -> 171.51224 | H31: ='FS Jimbaran Nov 2022'!AH41/'FS Jimbaran Nov 2022'!AG41 -> 16782.32 | I31: ='FS Jimbaran Nov 2022'!AJ41 -> 622.94 | J31: ='FS Jimbaran Nov 2022'!AK41/'FS Jimbaran Nov 2022'!AJ41 -> 18000 | K31: ='FS Jimbaran Nov 2022'!V41 -> 1176.58 | L31: ='FS Jimbaran Nov 2022'!AA41/'FS Jimbaran Nov 2022'!V41 -> 6446.2147 | M31: ='RNs & Covers Nov 2022'!B35 -> 60 | N31: ='RNs & Covers Nov 2022'!C35 -> 295

Sheet FS Jimbaran Nov 2022
B6: Four Seasons Resort Bali at Jimbaran Bay
B7: NOVEMBER 2022
B8: Date | C8: Room Nights | D8: Food Covers | E8: ELECTRICITY Resort & Sundara | V8: WATER | AC8: GAS
E9: Electricity Resort | J9: Electricity - Sundara | O9: Sub Total (Resort & Sundara) Cost (IDR) | P9: Sub Total (Resort & Sundara), KWh | Q9: Residences- Electricity KWh | R9: Residences- Electricity cost (IDR) | S9: TOTAL Electricity consumption (KWh) | T9: TOTAL Electricity cost | W9: Water (m3) | AA9: Total Water Cost | AC9: LPG | AJ9: Diesel
E10: BASED LOAD KWh (from 10 pm - 6 pm) | F10: Cost (IDR) | G10: PEAK LOAD KWh (from 6 pm - 10 pm) | H10: Cost (IDR) | I10: Resort Cost (IDR) | J10: BASED LOAD KWh (from 10 pm - 6 pm) | K10: Cost (IDR) | L10: PEAK LOAD KWh (from 6 pm - 10 pm) | M10: Cost (IDR) | N10: Sundara Cost (IDR) | T10: IDR | U10: USD | V10: Water consumption (m3) | W10: Municipal Water (m3) | X10: Municipal Water cost (IDR) | Y10: Deepwell Consumption (m3) | Z10: Deepwell water Cost (IDR) | AA10: IDR | AB10: USD | AC10: LPG Bulk (m3) | AD10: 50 Kg (tube) IVD & TW | AE10: Sundara 50 kg (tube) | AF10: 12 Kg (tube) | AG10: Total kg | AH10: IDR | AI10: USD | AJ10: Used (liters) | AK10: IDR | AL10: USD
AB11: 14522 | AC11: 15546.66 | AD11: 841000 | AE11: 841000 | AF11: 213000
B12: 1 | C12: 65 | D12: 351 | E12: 8200 | F12: 8493396 | G12: 3800 | H12: 5903946 | I12: =F12+H12 -> 14397342 | J12: 960 | K12: 994348.8 | L12: 520 | M12: 807908.4 | N12: =K12+M12 -> 1802257.2 | O12: =I12+N12 -> 16199599 | P12: =E12+G12+J12+L12 -> 13480 | U12: 0 | V12: =W12+Y12 -> 768.07 | W12: 223.39 | X12: 4209337.8 | Y12: 544.68 | Z12: 2312264.6 | AA12: =X12+Z12 -> 6521602.4 | AB12: =AA12/$AB$11 -> 449.08431 | AC12: 0 | AD12: 122.49148 | AE12: 60.42 | AF12: 24 | AG12: =AC12+AD12+AE12+AF12 -> 206.91148 | AH12: 3502571.1 | AI12: =AH12/14522 -> 241.19068 | AJ12: 50.67 | AK12: 912060 | AL12: =AK12/14522 -> 62.805399
B13: 2 | C13: 70 | D13: 373 | E13: 16600 | F13: 17193948 | G13: 3880 | H13: 6028239.6 | I13: =F13+H13 -> 23222188 | J13: 1680 | K13: 1740110.4 | L13: 520 | M13: 807908.4 | N13: =K13+M13 -> 2548018.8 | O13: =I13+N13 -> 25770206 | P13: =E13+G13+J13+L13 -> 22680 | U13: 0 | V13: =W13+Y13 -> 1068 | W13: 94.34 | X13: 1695337 | Y13: 973.66 | Z13: 4133362 | AA13: =X13+Z13 -> 5828698.9 | AB13: =AA13/$AB$11 -> 401.37026 | AC13: 397.88584 | AD13: 230.82944 | AE13: 61.70896 | AF13: 0 | AG13: =AC13+AD13+AE13+AF13 -> 690.42424 | AH13: 11106292 | AI13: =AH13/14522 -> 764.79078 | AJ13: 48.73 | AK13: 877140 | AL13: =AK13/14522 -> 60.400771
B14: 3 | C14: 108 | D14: 600 | E14: 17720 | F14: 18354022 | G14: 4560 | H14: 7084735.2 | I14: =F14+H14 -> 25438757 | J14: 1700 | K14: 1760826 | L14: 460 | M14: 714688.2 | N14: =K14+M14 -> 2475514.2 | O14: =I14+N14 -> 27914271 | P14: =E14+G14+J14+L14 -> 24440 | U14: 0 | V14: =W14+Y14 -> 1095.59 | W14: 207.37 | X14: 3726542.6 | Y14: 888.22 | Z14: 3770653.8 | AA14: =X14+Z14 -> 7497196.4 | AB14: =AA14/$AB$11 -> 516.26473 | AC14: 410.61432 | AD14: 169.21628 | AE14: 55.90864 | AF14: 24 | AG14: =AC14+AD14+AE14+AF14 -> 659.73924 | AH14: 10596282 | AI14: =AH14/14522 -> 729.67101 | AJ14: 72.11 | AK14: 1297980 | AL14: =AK14/14522 -> 89.380251
B15: 4 | C15: 115 | D15: 482 | E15: 17600 | F15: 18229728 | G15: 4240 | H15: 6587560.8 | I15: =F15+H15 -> 24817289 | J15: 1600 | K15: 1657248 | L15: 500 | M15: 776835 | N15: =K15+M15 -> 2434083 | O15: =I15+N15 -> 27251372 | P15: =E15+G15+J15+L15 -> 23940 | U15: 0 | V15: =W15+Y15 -> 982.56 | W15: 54.29 | X15: 975618.44 | Y15: 928.27 | Z15: 3940673.2 | AA15: =X15+Z15 -> 4916291.7 | AB15: =AA15/$AB$11 -> 338.54095 | AC15: 320.99132 | AD15: 121.2428 | AE15: 63.19932 | AF15: 0 | AG15: =AC15+AD15+AE15+AF15 -> 505.43344 | AH15: 8092659.4 | AI15: =AH15/14522 -> 557.26893 | AJ15: 33.42 | AK15: 601560 | AL15: =AK15/14522 -> 41.424046
B16: 5 | C16: 110 | D16: 602 | E16: 18000 | F16: 18644040 | G16: 4320 | H16: 6711854.4 | I16: =F16+H16 -> 25355894 | J16: 1780 | K16: 1843688.4 | L16: 520 | M16: 807908.4 | N16: =K16+M16 -> 2651596.8 | O16: =I16+N16 -> 28007491 | P16: =E16+G16+J16+L16 -> 24620 | U16: 0 | V16: =W16+Y16 -> 1097.37 | W16: 206.48 | X16: 3710548.8 | Y16: 890.89 | Z16: 3781988.4 | AA16: =X16+Z16 -> 7492537.3 | AB16: =AA16/$AB$11 -> 515.9439 | AC16: 353.21532 | AD16: 89.0188 | AE16: 73.18876 | AF16: 0 | AG16: =AC16+AD16+AE16+AF16 -> 515.42288 | AH16: 8219649.6 | AI16: =AH16/14522 -> 566.01361 | AJ16: 22.12 | AK16: 398160 | AL16: =AK16/14522 -> 27.417711
B17: 6 | C17: 104 | D17: 498 | E17: 17520 | F17: 18146866 | G17: 4120 | H17: 6401120.4 | I17: =F17+H17 -> 24547986 | J17: 1880 | K17: 1947266.4 | L17: 520 | M17: 807908.4 | N17: =K17+M17 -> 2755174.8 | O17: =I17+N17 -> 27303161 | P17: =E17+G17+J17+L17 -> 24040 | U17: 0 | V17: =W17+Y17 -> 1027.95 | W17: 137.95 | X17: 2479030.5 | Y17: 890 | Z17: 3778210.2 | AA17: =X17+Z17 -> 6257240.7 | AB17: =AA17/$AB$11 -> 430.88009 | AC17: 417.905 | AD17: 109.84356 | AE17: 51.1556 | AF17: 12 | AG17: =AC17+AD17+AE17+AF17 -> 590.90416 | AH17: 9418032.8 | AI17: =AH17/14522 -> 648.53552 | AJ17: 375.5 | AK17: 6759000 | AL17: =AK17/14522 -> 465.43176
B18: 7 | C18: 57 | D18: 376 | E18: 16720 | F18: 17318242 | G18: 3600 | H18: 5593212 | I18: =F18+H18 -> 22911454 | J18: 1380 | K18: 1429376.4 | L18: 420 | M18: 652541.4 | N18: =K18+M18 -> 2081917.8 | O18: =I18+N18 -> 24993371 | P18: =E18+G18+J18+L18 -> 22120 | U18: 0 | V18: =W18+Y18 -> 1036.85 | W18: 208.26 | X18: 3742536.3 | Y18: 828.59 | Z18: 3517513.7 | AA18: =X18+Z18 -> 7260050 | AB18: =AA18/$AB$11 -> 499.93458 | AC18: 379.51816 | AD18: 114.27436 | AE18: 59.25188 | AF18: 12 | AG18: =AC18+AD18+AE18+AF18 -> 565.0444 | AH18: 9031951.2 | AI18: =AH18/14522 -> 621.94954 | AJ18: 0.53 | AK18: 9540 | AL18: =AK18/14522 -> 0.65693431
B19: 8 | C19: 44 | D19: 272 | E19: 15080 | F19: 15619562 | G19: 3480 | H19: 5406771.6 | I19: =F19+H19 -> 21026334 | J19: 1340 | K19: 1387945.2 | L19: 440 | M19: 683614.8 | N19: =K19+M19 -> 2071560 | O19: =I19+N19 -> 23097894 | P19: =E19+G19+J19+L19 -> 20340 | U19: 0 | V19: =W19+Y19 -> 1046.64 | W19: 136.17 | X19: 2447043 | Y19: 910.47 | Z19: 3865109 | AA19: =X19+Z19 -> 6312152 | AB19: =AA19/$AB$11 -> 434.66134 | AC19: 402.96112 | AD19: 125.4722 | AE19: 64.00492 | AF19: 12 | AG19: =AC19+AD19+AE19+AF19 -> 604.43824 | AH19: 9664704.7 | AI19: =AH19/14522 -> 665.5216 | AJ19: 0.25 | AK19: 4500 | AL19: =AK19/14522 -> 0.30987467
B20: 9 | C20: 61 | D20: 296 | E20: 15600 | F20: 16158168 | G20: 3600 | H20: 5593212 | I20: =F20+H20 -> 21751380 | J20: 1640 | K20: 1698679.2 | L20: 540 | M20: 838981.8 | N20: =K20+M20 -> 2537661 | O20: =I20+N20 -> 24289041 | P20: =E20+G20+J20+L20 -> 21380 | U20: 0 | V20: =W20+Y20 -> 1128.52 | W20: 227.84 | X20: 4094398.7 | Y20: 900.68 | Z20: 3823548.7 | AA20: =X20+Z20 -> 7917947.4 | AB20: =AA20/$AB$11 -> 545.23808 | AC20: 409.12396 | AD20: 216.53004 | AE20: 59.97692 | AF20: 12 | AG20: =AC20+AD20+AE20+AF20 -> 697.63092 | AH20: 11224358 | AI20: =AH20/14522 -> 772.92096 | AJ20: 0.2 | AK20: 3600 | AL20: =AK20/14522 -> 0.24789974
B21: 10 | C21: 68 | D21: 388 | E21: 16360 | F21: 16945361 | G21: 3920 | H21: 6090386.4 | I21: =F21+H21 -> 23035747 | J21: 1640 | K21: 1698679.2 | L21: 480 | M21: 745761.6 | N21: =K21+M21 -> 2444440.8 | O21: =I21+N21 -> 25480188 | P21: =E21+G21+J21+L21 -> 22400 | U21: 0 | V21: =W21+Y21 -> 1076.9 | W21: 104.13 | X21: 1871268.2 | Y21: 972.77 | Z21: 4129583.7 | AA21: =X21+Z21 -> 6000851.9 | AB21: =AA21/$AB$11 -> 413.22489 | AC21: 463.26028 | AD21: 153.74876 | AE21: 55.66696 | AF21: 12 | AG21: =AC21+AD21+AE21+AF21 -> 684.676 | AH21: 10937522 | AI21: =AH21/14522 -> 753.16916 | AJ21: 0.25 | AK21: 4500 | AL21: =AK21/14522 -> 0.30987467
B22: 11 | C22: 62 | D22: 496 | E22: 16040 | F22: 16613911 | G22: 3760 | H22: 5841799.2 | I22: =F22+H22 -> 22455710 | J22: 1740 | K22: 1802257.2 | L22: 480 | M22: 745761.6 | N22: =K22+M22 -> 2548018.8 | O22: =I22+N22 -> 25003729 | P22: =E22+G22+J22+L22 -> 22020 | U22: 0 | V22: =W22+Y22 -> 1047.53 | W22: 141.51 | X22: 2543005.5 | Y22: 906.02 | Z22: 3846218 | AA22: =X22+Z22 -> 6389223.4 | AB22: =AA22/$AB$11 -> 439.96856 | AC22: 464.8312 | AD22: 138.72432 | AE22: 58.84908 | AF22: 36 | AG22: =AC22+AD22+AE22+AF22 -> 698.4046 | AH22: 11188757 | AI22: =AH22/14522 -> 770.46944 | AJ22: 0.57 | AK22: 10260 | AL22: =AK22/14522 -> 0.70651425
B23: 12 | C23: 79 | D23: 433 | E23: 16520 | F23: 17111086 | G23: 3960 | H23: 6152533.2 | I23: =F23+H23 -> 23263619 | J23: 1520 | K23: 1574385.6 | L23: 440 | M23: 683614.8 | N23: =K23+M23 -> 2258000.4 | O23: =I23+N23 -> 25521619 | P23: =E23+G23+J23+L23 -> 22440 | U23: 0 | V23: =W23+Y23 -> 1078.68 | W23: 147.74 | X23: 2654961.7 | Y23: 930.94 | Z23: 3952007.9 | AA23: =X23+Z23 -> 6606969.5 | AB23: =AA23/$AB$11 -> 454.96278 | AC23: 371.05936 | AD23: 113.9924 | AE23: 83.21848 | AF23: 12 | AG23: =AC23+AD23+AE23+AF23 -> 580.27024 | AH23: 9298820.7 | AI23: =AH23/14522 -> 640.32645 | AJ23: 50.17 | AK23: 903060 | AL23: =AK23/14522 -> 62.185649
... B40: 29 | C40: 57 | D40: 238 | E40: 13920 | F40: 14418058 | G40: 3480 | H40: 5406771.6 | I40: =F40+H40 -> 19824829 | J40: 1200 | K40: 1242936 | L40: 380 | M40: 590394.6 | N40: =K40+M40 -> 1833330.6 | O40: =I40+N40 -> 21658160 | P40: =E40+G40+J40+L40 -> 18980 | U40: 0 | V40: =W40+Y40 -> 982.56 | W40: 160.2 | X40: 2878874.1 | Y40: 822.36 | Z40: 3491066.2 | AA40: =X40+Z40 -> 6369940.3 | AB40: =AA40/$AB$11 -> 438.64071 | AC40: 109.92412 | AD40: 108.07124 | AE40: 46.04004 | AF40: 24 | AG40: =AC40+AD40+AE40+AF40 -> 288.0354 | AH40: 4727104.6 | AI40: =AH40/14522 -> 325.51333 | AJ40: 419.93 | AK40: 7558740 | AL40: =AK40/14522 -> 520.50269
B41: 30 | C41: 60 | D41: 295 | E41: 22720 | F41: 23532922 | G41: 3680 | H41: 5717505.6 | I41: =F41+H41 -> 29250427 | J41: 2020 | K41: 2092275.6 | L41: 440 | M41: 683614.8 | N41: =K41+M41 -> 2775890.4 | O41: =I41+N41 -> 32026318 | P41: =E41+G41+J41+L41 -> 28860 | U41: 0 | V41: =W41+Y41 -> 1176.58 | W41: 188.68 | X41: 3390673.9 | Y41: 987.9 | Z41: 4193813.3 | AA41: =X41+Z41 -> 7584487.3 | AB41: =AA41/$AB$11 -> 522.27567 | AC41: 5.07528 | AD41: 116.36892 | AE41: 50.06804 | AG41: =AC41+AD41+AE41+AF41 -> 171.51224 | AH41: 2878373.3 | AI41: =AH41/14522 -> 198.20778 | AJ41: 622.94 | AK41: 11212920 | AL41: =AK41/14522 -> 772.13331
V42: =SUM(V12:V41) -> 30960.43 | W42: 140.62 | X42: 2527011.7 | Y42: 916.7 | Z42: 3891556.5
W43: =SUM(W12:W41) -> 4045.05 | Y43: =SUM(Y12:Y41) -> 26915.38
C45: =SUM(C12:C41) -> 2049 | D45: =SUM(D12:D41) -> 11739 | E45: =SUM(E12:E41) -> 484280 | F45: =SUM(F12:F41) -> 5.0160754e+08 | G45: =SUM(G12:G41) -> 114520 | H45: =SUM(H12:H41) -> 1.7792629e+08 | I45: =SUM(I12:I41) -> 6.7953383e+08 | J45: =SUM(J12:J41) -> 44680 | ... P45: =SUM(P12:P41) -> 656880 | V45: =SUM(V12:V41) -> 30960.43 | W45: =SUM(W12:W41) -> 4045.05 | X45: =SUM(X12:X41) -> 72886479 | Y45: =SUM(Y12:Y41) -> 26915.38 | Z45: =SUM(Z12:Z41) -> 1.1426063e+08 | AA45: =SUM(AA12:AA41) -> 1.8714711e+08 | AB45: =SUM(AB12:AB41) -> 12887.144 | AC45: =SUM(AC12:AC41) -> 9839.8804 | ... AH45: =SUM(AH12:AH41) -> 2.5860416e+08 | AI45: =AH45/$AL$46 -> 19929.282 | AJ45: =SUM(AJ12:AJ41) -> 3985.72 | AK45: =SUM(AK12:AK41) -> 71742960 | AL45: =AK45/AL46 -> 5528.8581
T46: kWh rate | U46: =U45/S45 -> #DIV/0! | V46: m3/RNs | AL46: 12976.09
P47: =O45/P45 -> 1136.6333 | AA47: =AA45/V45 -> 6044.7194 | AH47: =AH45/AG45 -> 16065.204 | AK47: =AK45/AJ45 -> 18000
Y48: 30960 | Z48: =Y43/Y48 -> 0.86935982
Y49: =4045/Y48 -> 0.13065245

Sheet RNs & Covers Nov 2022
A1: Four Seasons Resort Bali at Jimbaran Bay
A2: 44866
A3: Date | B3: Room Nights | C3: Food Covers
A6: 1 | B6: 65 | C6: 351
A7: 2 | B7: 70 | C7: 373
A8: =A7+1 -> 3 | B8: 108 | C8: 600
A9: =A8+1 -> 4 | B9: 115 | C9: 482
A10: =A9+1 -> 5 | B10: 110 | C10: 602
A11: =A10+1 -> 6 | B11: 104 | C11: 498
A12: =A11+1 -> 7 | B12: 57 | C12: 376
A13: =A12+1 -> 8 | B13: 44 | C13: 272
A14: =A13+1 -> 9 | B14: 61 | C14: 296
A15: =A14+1 -> 10 | B15: 68 | C15: 388
A16: =A15+1 -> 11 | B16: 62 | C16: 496
A17: =A16+1 -> 12 | B17: 79 | C17: 433
A18: =A17+1 -> 13 | B18: 81 | C18: 555
A19: =A18+1 -> 14 | B19: 74 | C19: 575
... A35: =A34+1 -> 30 | B35: 60 | C35: 295
B36: =SUM(B6:B35) -> 2049 | C36: =SUM(C6:C35) -> 11739
