Workbook

Sheet TOTAL
A1: Site Name | B1: Day | C1: Month | D1: Year | E1: Total Electricity Kwh | F1: Electricity Tariff ($/Kwh) | G1: LPG (Kg) | H1: LPG $/Kg | I1: Total Fuel Oil (Liter) | J1: Fuel Oil $/Liter | K1: Water Utility Supply (m3) m3 | L1: Water Utility Supply (m3) $/m3 | M1: Room Nights | N1: Food Covers
A2: Bali Jimbaran | B2: 1 | C2: 3 | D2: 2021 | E2: ='FS Jimbaran March 2021'!P12 -> 12980 | F2: ='FS Jimbaran March 2021'!O12/'FS Jimbaran March 2021'!P12 -> 1147.8964 | G2: ='FS Jimbaran March 2021'!AG12 -> 150 | H2: ='FS Jimbaran March 2021'!AH12/'FS Jimbaran March 2021'!AG12 -> 11094.54 | I2: ='FS Jimbaran March 2021'!AJ12 -> 287 | J2: ='FS Jimbaran March 2021'!AK12/'FS Jimbaran March 2021'!AJ12 -> 8600 | K2: ='FS Jimbaran March 2021'!V12 -> 815.89 | L2: ='FS Jimbaran March 2021'!AA12/'FS Jimbaran March 2021'!V12 -> 11595.818 | M2: 1 | N2: 42
A3: Bali Jimbaran | B3: =B2+1 -> 2 | C3: 3 | D3: 2021 | E3: ='FS Jimbaran March 2021'!P13 -> 13160 | F3: ='FS Jimbaran March 2021'!O13/'FS Jimbaran March 2021'!P13 -> 1180.1281 | G3: ='FS Jimbaran March 2021'!AG13 -> 100 | H3: ='FS Jimbaran March 2021'!AH13/'FS Jimbaran March 2021'!AG13 -> 11094.54 | I3: ='FS Jimbaran March 2021'!AJ13 -> 224 | J3: ='FS Jimbaran March 2021'!AK13/'FS Jimbaran March 2021'!AJ13 -> 8600 | K3: ='FS Jimbaran March 2021'!V13 -> 962.39 | L3: ='FS Jimbaran March 2021'!AA13/'FS Jimbaran March 2021'!V13 -> 10696.062 | M3: 1 | N3: 30
A4: Bali Jimbaran | B4: =B3+1 -> 3 | C4: 3 | D4: 2021 | E4: ='FS Jimbaran March 2021'!P14 -> 12960 | F4: ='FS Jimbaran March 2021'!O14/'FS Jimbaran March 2021'!P14 -> 1184.074 | G4: ='FS Jimbaran March 2021'!AG14 -> 112 | H4: ='FS Jimbaran March 2021'!AH14/'FS Jimbaran March 2021'!AG14 -> 11094.54 | I4: ='FS Jimbaran March 2021'!AJ14 -> 225.7 | J4: ='FS Jimbaran March 2021'!AK14/'FS Jimbaran March 2021'!AJ14 -> 8600 | K4: ='FS Jimbaran March 2021'!V14 -> 962.72 | L4: ='FS Jimbaran March 2021'!AA14/'FS Jimbaran March 2021'!V14 -> 10595.677 | M4: 1 | N4: 17
A5: Bali Jimbaran | B5: =B4+1 -> 4 | C5: 3 | D5: 2021 | E5: ='FS Jimbaran March 2021'!P15 -> 13240 | F5: ='FS Jimbaran March 2021'!O15/'FS Jimbaran March 2021'!P15 -> 1182.8545 | G5: ='FS Jimbaran March 2021'!AG15 -> 100 | H5: ='FS Jimbaran March 2021'!AH15/'FS Jimbaran March 2021'!AG15 -> 11094.54 | I5: ='FS Jimbaran March 2021'!AJ15 -> 276.5 | J5: ='FS Jimbaran March 2021'!AK15/'FS Jimbaran March 2021'!AJ15 -> 8600 | K5: ='FS Jimbaran March 2021'!V15 -> 869.85 | L5: ='FS Jimbaran March 2021'!AA15/'FS Jimbaran March 2021'!V15 -> 8270.3092 | M5: 2 | N5: 28
A6: Bali Jimbaran | B6: =B5+1 -> 5 | C6: 3 | D6: 2021 | E6: ='FS Jimbaran March 2021'!P16 -> 13080 | F6: ='FS Jimbaran March 2021'!O16/'FS Jimbaran March 2021'!P16 -> 1184.0201 | G6: ='FS Jimbaran March 2021'!AG16 -> 150 | H6: ='FS Jimbaran March 2021'!AH16/'FS Jimbaran March 2021'!AG16 -> 11094.54 | I6: ='FS Jimbaran March 2021'!AJ16 -> 297.3 | J6: ='FS Jimbaran March 2021'!AK16/'FS Jimbaran March 2021'!AJ16 -> 8600 | K6: ='FS Jimbaran March 2021'!V16 -> 1025.89 | L6: ='FS Jimbaran March 2021'!AA16/'FS Jimbaran March 2021'!V16 -> 10497.784 | M6: 3 | N6: 44
A7: Bali Jimbaran | B7: =B6+1 -> 6 | C7: 3 | D7: 2021 | E7: ='FS Jimbaran March 2021'!P17 -> 13580 | F7: ='FS Jimbaran March 2021'!O17/'FS Jimbaran March 2021'!P17 -> 1184.4732 | G7: ='FS Jimbaran March 2021'!AG17 -> 162 | H7: ='FS Jimbaran March 2021'!AH17/'FS Jimbaran March 2021'!AG17 -> 11094.54 | I7: ='FS Jimbaran March 2021'!AJ17 -> 292 | J7: ='FS Jimbaran March 2021'!AK17/'FS Jimbaran March 2021'!AJ17 -> 8600 | K7: ='FS Jimbaran March 2021'!V17 -> 1177.53 | L7: ='FS Jimbaran March 2021'!AA17/'FS Jimbaran March 2021'!V17 -> 8993.9655 | M7: 3 | N7: 44
A8: Bali Jimbaran | B8: =B7+1 -> 7 | C8: 3 | D8: 2021 | E8: ='FS Jimbaran March 2021'!P18 -> 14760 | F8: ='FS Jimbaran March 2021'!O18/'FS Jimbaran March 2021'!P18 -> 1179.6734 | G8: ='FS Jimbaran March 2021'!AG18 -> 150 | H8: ='FS Jimbaran March 2021'!AH18/'FS Jimbaran March 2021'!AG18 -> 11094.54 | I8: ='FS Jimbaran March 2021'!AJ18 -> 307.6 | J8: ='FS Jimbaran March 2021'!AK18/'FS Jimbaran March 2021'!AJ18 -> 8600 | K8: ='FS Jimbaran March 2021'!V18 -> 795.95 | L8: ='FS Jimbaran March 2021'!AA18/'FS Jimbaran March 2021'!V18 -> 10213.038 | M8: 1 | N8: 69
A9: Bali Jimbaran | B9: =B8+1 -> 8 | C9: 3 | D9: 2021 | E9: ='FS Jimbaran March 2021'!P19 -> 13870 | F9: ='FS Jimbaran March 2021'!O19/'FS Jimbaran March 2021'!P19 -> 1113.4448 | G9: ='FS Jimbaran March 2021'!AG19 -> 112 | H9: ='FS Jimbaran March 2021'!AH19/'FS Jimbaran March 2021'!AG19 -> 11094.54 | I9: ='FS Jimbaran March 2021'!AJ19 -> 349.1 | J9: ='FS Jimbaran March 2021'!AK19/'FS Jimbaran March 2021'!AJ19 -> 8600 | K9: ='FS Jimbaran March 2021'!V19 -> 1117.73 | L9: ='FS Jimbaran March 2021'!AA19/'FS Jimbaran March 2021'!V19 -> 7780.7318 | M9: 1 | N9: 23
A10: Bali Jimbaran | B10: =B9+1 -> 9 | C10: 3 | D10: 2021 | E10: ='FS Jimbaran March 2021'!P20 -> 13330 | F10: ='FS Jimbaran March 2021'!O20/'FS Jimbaran March 2021'!P20 -> 1170.7888 | G10: ='FS Jimbaran March 2021'!AG20 -> 50 | H10: ='FS Jimbaran March 2021'!AH20/'FS Jimbaran March 2021'!AG20 -> 11094.54 | I10: ='FS Jimbaran March 2021'!AJ20 -> 287 | J10: ='FS Jimbaran March 2021'!AK20/'FS Jimbaran March 2021'!AJ20 -> 8600 | K10: ='FS Jimbaran March 2021'!V20 -> 817.35 | L10: ='FS Jimbaran March 2021'!AA20/'FS Jimbaran March 2021'!V20 -> 12281.593 | M10: 1 | N10: 19
A11: Bali Jimbaran | B11: =B10+1 -> 10 | C11: 3 | D11: 2021 | E11: ='FS Jimbaran March 2021'!P21 -> 13740 | F11: ='FS Jimbaran March 2021'!O21/'FS Jimbaran March 2021'!P21 -> 1183.3447 | G11: ='FS Jimbaran March 2021'!AG21 -> 100 | H11: ='FS Jimbaran March 2021'!AH21/'FS Jimbaran March 2021'!AG21 -> 11094.54 | I11: ='FS Jimbaran March 2021'!AJ21 -> 347 | J11: ='FS Jimbaran March 2021'!AK21/'FS Jimbaran March 2021'!AJ21 -> 8600 | K11: ='FS Jimbaran March 2021'!V21 -> 925.979 | L11: ='FS Jimbaran March 2021'!AA21/'FS Jimbaran March 2021'!V21 -> 9389.7871 | M11: 1 | N11: 43
A12: Bali Jimbaran | B12: =B11+1 -> 11 | C12: 3 | D12: 2021 | E12: ='FS Jimbaran March 2021'!P22 -> 14240 | F12: ='FS Jimbaran March 2021'!O22/'FS Jimbaran March 2021'!P22 -> 1183.8005 | G12: ='FS Jimbaran March 2021'!AG22 -> 112 | H12: ='FS Jimbaran March 2021'!AH22/'FS Jimbaran March 2021'!AG22 -> 11094.54 | I12: ='FS Jimbaran March 2021'!AJ22 -> 222.8 | J12: ='FS Jimbaran March 2021'!AK22/'FS Jimbaran March 2021'!AJ22 -> 8600 | K12: ='FS Jimbaran March 2021'!V22 -> 957.816 | L12: ='FS Jimbaran March 2021'!AA22/'FS Jimbaran March 2021'!V22 -> 9351.5832 | M12: 4 | N12: 29
A13: Bali Jimbaran | B13: =B12+1 -> 12 | C13: 3 | D13: 2021 | E13: ='FS Jimbaran March 2021'!P23 -> 14280 | F13: ='FS Jimbaran March 2021'!O23/'FS Jimbaran March 2021'!P23 -> 1181.2462 | G13: ='FS Jimbaran March 2021'!AG23 -> 100 | H13: ='FS Jimbaran March 2021'!AH23/'FS Jimbaran March 2021'!AG23 -> 11094.54 | I13: ='FS Jimbaran March 2021'!AJ23 -> 350.9 | J13: ='FS Jimbaran March 2021'!AK23/'FS Jimbaran March 2021'!AJ23 -> 8600 | K13: ='FS Jimbaran March 2021'!V23 -> 932.087 | L13: ='FS Jimbaran March 2021'!AA23/'FS Jimbaran March 2021'!V23 -> 9586.2034 | M13: 6 | N13: 46
A14: Bali Jimbaran | B14: =B13+1 -> 13 | C14: 3 | D14: 2021 | E14: ='FS Jimbaran March 2021'!P24 -> 14120 | F14: ='FS Jimbaran March 2021'!O24/'FS Jimbaran March 2021'!P24 -> 1186.9291 | G14: ='FS Jimbaran March 2021'!AG24 -> 150 | H14: ='FS Jimbaran March 2021'!AH24/'FS Jimbaran March 2021'!AG24 -> 11094.54 | I14: ='FS Jimbaran March 2021'!AJ24 -> 267.9 | J14: ='FS Jimbaran March 2021'!AK24/'FS Jimbaran March 2021'!AJ24 -> 8600 | K14: ='FS Jimbaran March 2021'!V24 -> 1040.731 | L14: ='FS Jimbaran March 2021'!AA24/'FS Jimbaran March 2021'!V24 -> 10473.518 | M14: 13 | N14: 81
... A32: Bali Jimbaran | B32: =B31+1 -> 31 | C32: 3 | D32: 2021 | E32: ='FS Jimbaran March 2021'!P42 -> 14960 | F32: ='FS Jimbaran March 2021'!O42/'FS Jimbaran March 2021'!P42 -> 1183.531 | G32: ='FS Jimbaran March 2021'!AG42 -> 162 | H32: ='FS Jimbaran March 2021'!AH42/'FS Jimbaran March 2021'!AG42 -> 11094.54 | I32: ='FS Jimbaran March 2021'!AJ42 -> 378.7 | J32: ='FS Jimbaran March 2021'!AK42/'FS Jimbaran March 2021'!AJ42 -> 8600 | K32: ='FS Jimbaran March 2021'!V42 -> 1326.846 | L32: ='FS Jimbaran March 2021'!AA42/'FS Jimbaran March 2021'!V42 -> 8417.8151 | M32: 8 | N32: 56

Sheet FS Jimbaran March 2021
B6: Four Seasons Resort Bali at Jimbaran Bay
B7: MARCH 2021
B8: Date | C8: Room Nights | D8: Food Covers | E8: ELECTRICITY Resort, Sundara & Residences | V8: WATER | AC8: GAS
E9: Electricity Resort | J9: Electricity - Sundara | O9: Sub Total (Resort & Sundara) Cost (IDR) | P9: Sub Total (Resort & Sundara), KWh | Q9: Residences- Electricity KWh | R9: Residences- Electricity cost (IDR) | S9: TOTAL Electricity consumption (KWh) | T9: TOTAL Electricity cost | W9: Water (m3) | AA9: Total Water Cost | AC9: LPG | AJ9: Diesel
E10: BASED LOAD KWh (from 10 pm - 6 pm) | F10: Cost (IDR) | G10: PEAK LOAD KWh (from 6 pm - 10 pm) | H10: Cost (IDR) | I10: Resort Cost (IDR) | J10: BASED LOAD KWh (from 10 pm - 6 pm) | K10: Cost (IDR) | L10: PEAK LOAD KWh (from 6 pm - 10 pm) | M10: Cost (IDR) | N10: Sundara Cost (IDR) | T10: IDR | U10: USD | V10: Water consumption (m3) | W10: Municipal Water (m3) | X10: Municipal Water cost (IDR) | Y10: Deepwell Consumption (m3) | Z10: Deepwell water Cost (IDR) | AA10: IDR | AB10: USD | AC10: LPG Bulk (m3) | AD10: 50 Kg (tube) IVD & TW | AE10: Sundara 50 kg (tube) | AF10: 12 Kg (tube) | AG10: Total kg | AH10: IDR | AI10: USD | AJ10: Used (liters) | AK10: IDR | AL10: USD
B12: 1 | C12: 1 | D12: 42 | E12: 9500 | F12: 9918629.3 | G12: 1920 | H12: 3132198.7 | I12: =F12+H12 -> 13050828 | J12: 1280 | K12: 1392088.3 | L12: 280 | M12: 456778.98 | N12: =K12+M12 -> 1848867.3 | O12: =N12+I12 -> 14899695 | P12: =L12+J12+G12+E12 -> 12980 | U12: 0 | V12: =Y12+W12 -> 815.89 | W12: 381 | X12: 6852338.5 | Y12: 434.89 | Z12: 2608573.4 | AA12: =Z12+X12 -> 9460911.9 | AB12: =AA12/$AL$48 -> 729.10344 | AC12: 0 | AD12: 0 | AE12: 150 | AF12: 0 | AG12: =SUM(AC12:AF12) -> 150 | AH12: =(AG12*10877)*1.02 -> 1664181 | AI12: =AH12/$AL$48 -> 128.2498 | AJ12: 287 | AK12: 2468200 | AL12: =AK12/$AL$48 -> 190.21138
B13: 2 | C13: 1 | D13: 30 | E13: 9680 | F13: 10527668 | G13: 1920 | H13: 3132198.7 | I13: =F13+H13 -> 13659867 | J13: 1240 | K13: 1348585.6 | L13: 320 | M13: 522033.12 | N13: =K13+M13 -> 1870618.7 | O13: =N13+I13 -> 15530485 | P13: =L13+J13+G13+E13 -> 13160 | U13: 0 | V13: =Y13+W13 -> 962.39 | W13: 382 | X13: 6870323.6 | Y13: 580.39 | Z13: 3423459.9 | AA13: =Z13+X13 -> 10293784 | AB13: =AA13/$AL$48 -> 793.28854 | AC13: 0 | AD13: 0 | AE13: 100 | AF13: 0 | AG13: =SUM(AC13:AF13) -> 100 | AH13: =(AG13*10877)*1.02 -> 1109454 | AI13: =AH13/$AL$48 -> 85.499869 | AJ13: 224 | AK13: 1926400 | AL13: =AK13/$AL$48 -> 148.45766
B14: 3 | C14: 1 | D14: 17 | E14: 9400 | F14: 10223149 | G14: 1960 | H14: 3197452.9 | I14: =F14+H14 -> 13420601 | J14: 1260 | K14: 1370336.9 | L14: 340 | M14: 554660.19 | N14: =K14+M14 -> 1924997.1 | O14: =N14+I14 -> 15345599 | P14: =L14+J14+G14+E14 -> 12960 | U14: 0 | V14: =Y14+W14 -> 962.72 | W14: 375 | X14: 6744427.6 | Y14: 587.72 | Z14: 3456242.7 | AA14: =Z14+X14 -> 10200670 | AB14: =AA14/$AL$48 -> 786.11279 | AC14: 0 | AD14: 0 | AE14: 100 | AF14: 12 | AG14: =SUM(AC14:AF14) -> 112 | AH14: =(AG14*10877)*1.02 -> 1242588.5 | AI14: =AH14/$AL$48 -> 95.759854 | AJ14: 225.7 | AK14: 1941020 | AL14: =AK14/$AL$48 -> 149.58435
B15: 4 | C15: 2 | D15: 28 | E15: 9680 | F15: 10527668 | G15: 2000 | H15: 3262707 | I15: =F15+H15 -> 13790375 | J15: 1240 | K15: 1348585.6 | L15: 320 | M15: 522033.12 | N15: =K15+M15 -> 1870618.7 | O15: =N15+I15 -> 15660994 | P15: =L15+J15+G15+E15 -> 13240 | U15: 0 | V15: =Y15+W15 -> 869.85 | W15: 181 | X15: 3255310.4 | Y15: 688.85 | Z15: 3938618.1 | AA15: =Z15+X15 -> 7193928.5 | AB15: =AA15/$AL$48 -> 554.39878 | AC15: 0 | AD15: 0 | AE15: 100 | AF15: 0 | AG15: =SUM(AC15:AF15) -> 100 | AH15: =(AG15*10877)*1.02 -> 1109454 | AI15: =AH15/$AL$48 -> 85.499869 | AJ15: 276.5 | AK15: 2377900 | AL15: =AK15/$AL$48 -> 183.25243
B16: 5 | C16: 3 | D16: 44 | E16: 9440 | F16: 10266651 | G16: 2000 | H16: 3262707 | I16: =F16+H16 -> 13529358 | J16: 1320 | K16: 1435591.1 | L16: 320 | M16: 522033.12 | N16: =K16+M16 -> 1957624.2 | O16: =N16+I16 -> 15486983 | P16: =L16+J16+G16+E16 -> 13080 | U16: 0 | V16: =Y16+W16 -> 1025.89 | W16: 491 | X16: 8830703.9 | Y16: 534.89 | Z16: 1938867.9 | AA16: =Z16+X16 -> 10769572 | AB16: =AA16/$AL$48 -> 829.95508 | AC16: 0 | AD16: 0 | AE16: 150 | AF16: 0 | AG16: =SUM(AC16:AF16) -> 150 | AH16: =(AG16*10877)*1.02 -> 1664181 | AI16: =AH16/$AL$48 -> 128.2498 | AJ16: 297.3 | AK16: 2556780 | AL16: =AK16/$AL$48 -> 197.03778
B17: 6 | C17: 3 | D17: 44 | E17: 9840 | F17: 10701679 | G17: 2080 | H17: 3393215.3 | I17: =F17+H17 -> 14094894 | J17: 1320 | K17: 1435591.1 | L17: 340 | M17: 554660.19 | N17: =K17+M17 -> 1990251.3 | O17: =N17+I17 -> 16085146 | P17: =L17+J17+G17+E17 -> 13580 | U17: 0 | V17: =Y17+W17 -> 1177.53 | W17: 486 | X17: 8740778.2 | Y17: 691.53 | Z17: 1849886 | AA17: =Z17+X17 -> 10590664 | AB17: =AA17/$AL$48 -> 816.1676 | AC17: 0 | AD17: 0 | AE17: 150 | AF17: 12 | AG17: =SUM(AC17:AF17) -> 162 | AH17: =(AG17*10877)*1.02 -> 1797315.5 | AI17: =AH17/$AL$48 -> 138.50979 | AJ17: 292 | AK17: 2511200 | AL17: =AK17/$AL$48 -> 193.52517
B18: 7 | C18: 1 | D18: 69 | E18: 10840 | F18: 11789248 | G18: 2080 | H18: 3393215.3 | I18: =F18+H18 -> 15182463 | J18: 1420 | K18: 1544348 | L18: 420 | M18: 685168.47 | N18: =K18+M18 -> 2229516.5 | O18: =N18+I18 -> 17411980 | P18: =L18+J18+G18+E18 -> 14760 | U18: 0 | V18: =Y18+W18 -> 795.95 | W18: 302 | X18: 5431512.4 | Y18: 493.95 | Z18: 2697555.3 | AA18: =Z18+X18 -> 8129067.7 | AB18: =AA18/$AL$48 -> 626.46511 | AC18: 0 | AD18: 0 | AE18: 150 | AF18: 0 | AG18: =SUM(AC18:AF18) -> 150 | AH18: =(AG18*10877)*1.02 -> 1664181 | AI18: =AH18/$AL$48 -> 128.2498 | AJ18: 307.6 | AK18: 2645360 | AL18: =AK18/$AL$48 -> 203.86418
B19: 8 | C19: 1 | D19: 23 | E19: 10050 | F19: 10005635 | G19: 2040 | H19: 3327961.1 | I19: =F19+H19 -> 13333596 | J19: 1460 | K19: 1587850.7 | L19: 320 | M19: 522033.12 | N19: =K19+M19 -> 2109883.9 | O19: =N19+I19 -> 15443480 | P19: =L19+J19+G19+E19 -> 13870 | U19: 0 | V19: =Y19+W19 -> 1117.73 | W19: 357 | X19: 6420695.1 | Y19: 760.73 | Z19: 2276062.3 | AA19: =Z19+X19 -> 8696757.4 | AB19: =AA19/$AL$48 -> 670.21401 | AC19: 0 | AD19: 0 | AE19: 100 | AF19: 12 | AG19: =SUM(AC19:AF19) -> 112 | AH19: =(AG19*10877)*1.02 -> 1242588.5 | AI19: =AH19/$AL$48 -> 95.759854 | AJ19: 349.1 | AK19: 3002260 | AL19: =AK19/$AL$48 -> 231.36862
B20: 9 | C20: 1 | D20: 19 | E20: 9670 | F20: 10484165 | G20: 2040 | H20: 3197452.9 | I20: =F20+H20 -> 13681618 | J20: 1320 | K20: 1435591.1 | L20: 300 | M20: 489406.05 | N20: =K20+M20 -> 1924997.1 | O20: =N20+I20 -> 15606615 | P20: =L20+J20+G20+E20 -> 13330 | U20: 0 | V20: =Y20+W20 -> 817.35 | W20: 448 | X20: 8057342.9 | Y20: 369.35 | Z20: 1981017.2 | AA20: =Z20+X20 -> 10038360 | AB20: =AA20/$AL$48 -> 773.60438 | AC20: 0 | AD20: 0 | AE20: 50 | AF20: 0 | AG20: =SUM(AC20:AF20) -> 50 | AH20: =(AG20*10877)*1.02 -> 554727 | AI20: =AH20/$AL$48 -> 42.749935 | AJ20: 287 | AK20: 2468200 | AL20: =AK20/$AL$48 -> 190.21138
B21: 10 | C21: 1 | D21: 43 | E21: 10040 | F21: 10919193 | G21: 2040 | H21: 3327961.1 | I21: =F21+H21 -> 14247154 | J21: 1280 | K21: 1392088.3 | L21: 380 | M21: 619914.33 | N21: =K21+M21 -> 2012002.7 | O21: =N21+I21 -> 16259157 | P21: =L21+J21+G21+E21 -> 13740 | U21: 0 | V21: =Y21+W21 -> 925.979 | W21: 391 | X21: 7032189.9 | Y21: 534.979 | Z21: 1662555.8 | AA21: =Z21+X21 -> 8694745.6 | AB21: =AA21/$AL$48 -> 670.05898 | AC21: 0 | AD21: 0 | AE21: 100 | AF21: 0 | AG21: =SUM(AC21:AF21) -> 100 | AH21: =(AG21*10877)*1.02 -> 1109454 | AI21: =AH21/$AL$48 -> 85.499869 | AJ21: 347 | AK21: 2984200 | AL21: =AK21/$AL$48 -> 229.97683
B22: 11 | C22: 4 | D22: 29 | E22: 10360 | F22: 11267215 | G22: 2160 | H22: 3523723.6 | I22: =F22+H22 -> 14790938 | J22: 1360 | K22: 1479093.8 | L22: 360 | M22: 587287.26 | N22: =K22+M22 -> 2066381.1 | O22: =N22+I22 -> 16857319 | P22: =L22+J22+G22+E22 -> 14240 | U22: 0 | V22: =Y22+W22 -> 957.816 | W22: 322 | X22: 5791215.2 | Y22: 635.816 | Z22: 3165880.9 | AA22: =Z22+X22 -> 8957096 | AB22: =AA22/$AL$48 -> 690.27697 | AC22: 0 | AD22: 0 | AE22: 100 | AF22: 12 | AG22: =SUM(AC22:AF22) -> 112 | AH22: =(AG22*10877)*1.02 -> 1242588.5 | AI22: =AH22/$AL$48 -> 95.759854 | AJ22: 222.8 | AK22: 1916080 | AL22: =AK22/$AL$48 -> 147.66235
B23: 12 | C23: 6 | D23: 46 | E23: 10320 | F23: 11223712 | G23: 2120 | H23: 3458469.4 | I23: =F23+H23 -> 14682182 | J23: 1500 | K23: 1631353.5 | L23: 340 | M23: 554660.19 | N23: =K23+M23 -> 2186013.7 | O23: =N23+I23 -> 16868195 | P23: =L23+J23+G23+E23 -> 14280 | U23: 0 | V23: =Y23+W23 -> 932.087 | W23: 320 | X23: 5755244.9 | Y23: 612.087 | Z23: 3179930.6 | AA23: =Z23+X23 -> 8935175.5 | AB23: =AA23/$AL$48 -> 688.58767 | AC23: 0 | AD23: 0 | AE23: 100 | AF23: 0 | AG23: =SUM(AC23:AF23) -> 100 | AH23: =(AG23*10877)*1.02 -> 1109454 | AI23: =AH23/$AL$48 -> 85.499869 | AJ23: 350.9 | AK23: 3017740 | AL23: =AK23/$AL$48 -> 232.56158
... B42: 31 | C42: 8 | D42: 56 | E42: 10880 | F42: 11832751 | G42: 2280 | H42: 3719486 | I42: =F42+H42 -> 15552237 | J42: 1440 | K42: 1566099.4 | L42: 360 | M42: 587287.26 | N42: =K42+M42 -> 2153386.6 | O42: =N42+I42 -> 17705623 | P42: =L42+J42+G42+E42 -> 14960 | U42: 0 | V42: =Y42+W42 -> 1326.846 | W42: 489 | X42: 8794733.6 | Y42: 837.846 | Z42: 2374410.6 | AA42: =Z42+X42 -> 11169144 | AB42: =AA42/$AL$48 -> 860.74806 | AC42: 0 | AD42: 0 | AE42: 150 | AF42: 12 | AG42: =SUM(AC42:AF42) -> 162 | AH42: =(AG42*10877)*1.02 -> 1797315.5 | AI42: =AH42/$AL$48 -> 138.50979 | AJ42: 378.7 | AK42: 3256820 | AL42: =AK42/$AL$48 -> 250.98624
C47: =SUM(C12:C43) -> 146 | D47: =SUM(D12:D43) -> 1650 | E47: =SUM(E12:E43) -> 320840 | F47: =SUM(F12:F43) -> 3.4745654e+08 | G47: =SUM(G12:G43) -> 66640 | H47: =SUM(H12:H43) -> 1.0858289e+08 | I47: =SUM(I12:I43) -> 4.5603943e+08 | J47: =SUM(J12:J43) -> 44200 | ... P47: =SUM(P12:P43) -> 443080 | Q47: =#REF! -> #REF! | R47: =#REF! -> #REF! | S47: =Q47+P47 -> #REF! | T47: =R47+O47 -> #REF! | U47: =T47/AL48 -> #REF! | V47: =SUM(V12:V42) -> 33869.185 | W47: =SUM(W12:W42) -> 11954 | X47: =SUM(X12:X42) -> 2.1499437e+08 | Y47: =SUM(Y12:Y42) -> 21915.185 | Z47: =SUM(Z12:Z42) -> 84977675 | AA47: =SUM(AA12:AA42) -> 2.9997204e+08 | AB47: =AA47/$AL$48 -> 23117.291 | AC47: =SUM(AC12:AC41) -> 0 | AD47: =SUM(AD12:AD41) -> 0 | AE47: =SUM(AE12:AE42) -> 4000 | AF47: =SUM(AF12:AF42) -> 120 | AG47: =SUM(AG12:AG42) -> 4120 | AH47: =SUM(AH12:AH43) -> 45709505 | AI47: =AH47/$AL$48 -> 3522.5946 | AJ47: =SUM(AJ12:AJ43) -> 9257.39 | AK47: =SUM(AK12:AK43) -> 79613554 | AL47: =AK47/AL48 -> 6135.404
T48: kWh rate | U48: =U47/S47 -> #REF! | AL48: 12976.09

Sheet RNs & Covers March 2021
A1: Four Seasons Resort Bali at Jimbaran Bay
A2: 44256
A3: Date | B3: Room Nights | C3: Food Covers
A6: 1 | B6: 1 | C6: 42
A7: 2 | B7: 1 | C7: 30
A8: =A7+1 -> 3 | B8: 1 | C8: 17
A9: =A8+1 -> 4 | B9: 2 | C9: 28
A10: =A9+1 -> 5 | B10: 3 | C10: 44
A11: =A10+1 -> 6 | B11: 3 | C11: 44
A12: =A11+1 -> 7 | B12: 1 | C12: 69
A13: =A12+1 -> 8 | B13: 1 | C13: 23
A14: =A13+1 -> 9 | B14: 1 | C14: 19
A15: =A14+1 -> 10 | B15: 1 | C15: 43
A16: =A15+1 -> 11 | B16: 4 | C16: 29
A17: =A16+1 -> 12 | B17: 6 | C17: 46
A18: =A17+1 -> 13 | B18: 13 | C18: 81
A19: =A18+1 -> 14 | B19: 15 | C19: 84
... A36: =A35+1 -> 31 | B36: 8 | C36: 56
B38: =SUM(B6:B36) -> 146 | C38: =SUM(C6:C36) -> 1650
