Workbook

Sheet TOTAL
A1: Site Name | B1: Day | C1: Month | D1: Year | E1: Total Electricity Kwh | F1: Electricity Tariff ($/Kwh) | G1: LPG (Kg) | H1: LPG $/Kg | I1: Total Fuel Oil (Liter) | J1: Fuel Oil $/Liter | K1: Water Utility Supply (m3) m3 | L1: Water Utility Supply (m3) $/m3 | M1: Room Nights | N1: Food Covers
A2: Bali Jimbaran | B2: 1 | C2: 6 | D2: 2019 | E2: ='FS Jimbaran June 2019'!P12 -> 23560 | F2: ='FS Jimbaran June 2019'!O12/'FS Jimbaran June 2019'!P12 -> 1124.1466 | G2: ='FS Jimbaran June 2019'!AG12 -> 149.55964 | H2: ='FS Jimbaran June 2019'!AH12/'FS Jimbaran June 2019'!AG12 -> 10721.7 | I2: ='FS Jimbaran June 2019'!AJ12 -> 663.43 | J2: ='FS Jimbaran June 2019'!AK12/'FS Jimbaran June 2019'!AJ12 -> 10400 | K2: ='FS Jimbaran June 2019'!V12 -> 813.46 | L2: ='FS Jimbaran June 2019'!AA12/'FS Jimbaran June 2019'!V12 -> 4992.6943 | M2: 58 | N2: 477
A3: Bali Jimbaran | B3: =B2+1 -> 2 | C3: 6 | D3: 2019 | E3: ='FS Jimbaran June 2019'!P13 -> 22980 | F3: ='FS Jimbaran June 2019'!O13/'FS Jimbaran June 2019'!P13 -> 1123.2218 | G3: ='FS Jimbaran June 2019'!AG13 -> 125.91528 | H3: ='FS Jimbaran June 2019'!AH13/'FS Jimbaran June 2019'!AG13 -> 10721.7 | I3: ='FS Jimbaran June 2019'!AJ13 -> 500.3 | J3: ='FS Jimbaran June 2019'!AK13/'FS Jimbaran June 2019'!AJ13 -> 10400 | K3: ='FS Jimbaran June 2019'!V13 -> 761.039 | L3: ='FS Jimbaran June 2019'!AA13/'FS Jimbaran June 2019'!V13 -> 5608.7767 | M3: 49 | N3: 390
A4: Bali Jimbaran | B4: =B3+1 -> 3 | C4: 6 | D4: 2019 | E4: ='FS Jimbaran June 2019'!P14 -> 22540 | F4: ='FS Jimbaran June 2019'!O14/'FS Jimbaran June 2019'!P14 -> 1129.9836 | G4: ='FS Jimbaran June 2019'!AG14 -> 225.23052 | H4: ='FS Jimbaran June 2019'!AH14/'FS Jimbaran June 2019'!AG14 -> 11355.85 | I4: ='FS Jimbaran June 2019'!AJ14 -> 346.29 | J4: ='FS Jimbaran June 2019'!AK14/'FS Jimbaran June 2019'!AJ14 -> 10400 | K4: ='FS Jimbaran June 2019'!V14 -> 703.1 | L4: ='FS Jimbaran June 2019'!AA14/'FS Jimbaran June 2019'!V14 -> 4646.4727 | M4: 48 | N4: 376
A5: Bali Jimbaran | B5: =B4+1 -> 4 | C5: 6 | D5: 2019 | E5: ='FS Jimbaran June 2019'!P15 -> 23280 | F5: ='FS Jimbaran June 2019'!O15/'FS Jimbaran June 2019'!P15 -> 1122.9848 | G5: ='FS Jimbaran June 2019'!AG15 -> 166.91 | H5: ='FS Jimbaran June 2019'!AH15/'FS Jimbaran June 2019'!AG15 -> 10916.528 | I5: ='FS Jimbaran June 2019'!AJ15 -> 509.8 | J5: ='FS Jimbaran June 2019'!AK15/'FS Jimbaran June 2019'!AJ15 -> 10400 | K5: ='FS Jimbaran June 2019'!V15 -> 745.82 | L5: ='FS Jimbaran June 2019'!AA15/'FS Jimbaran June 2019'!V15 -> 5008.9897 | M5: 72 | N5: 475
A6: Bali Jimbaran | B6: =B5+1 -> 5 | C6: 6 | D6: 2019 | E6: ='FS Jimbaran June 2019'!P16 -> 24520 | F6: ='FS Jimbaran June 2019'!O16/'FS Jimbaran June 2019'!P16 -> 1125.3336 | G6: ='FS Jimbaran June 2019'!AG16 -> 136.7506 | H6: ='FS Jimbaran June 2019'!AH16/'FS Jimbaran June 2019'!AG16 -> 10721.7 | I6: ='FS Jimbaran June 2019'!AJ16 -> 588.51 | J6: ='FS Jimbaran June 2019'!AK16/'FS Jimbaran June 2019'!AJ16 -> 10400 | K6: ='FS Jimbaran June 2019'!V16 -> 805.361 | L6: ='FS Jimbaran June 2019'!AA16/'FS Jimbaran June 2019'!V16 -> 3737.3473 | M6: 71 | N6: 547
A7: Bali Jimbaran | B7: =B6+1 -> 6 | C7: 6 | D7: 2019 | E7: ='FS Jimbaran June 2019'!P17 -> 24040 | F7: ='FS Jimbaran June 2019'!O17/'FS Jimbaran June 2019'!P17 -> 1127.5525 | G7: ='FS Jimbaran June 2019'!AG17 -> 307.08512 | H7: ='FS Jimbaran June 2019'!AH17/'FS Jimbaran June 2019'!AG17 -> 11489.97 | I7: ='FS Jimbaran June 2019'!AJ17 -> 583.55 | J7: ='FS Jimbaran June 2019'!AK17/'FS Jimbaran June 2019'!AJ17 -> 10400 | K7: ='FS Jimbaran June 2019'!V17 -> 779.64 | L7: ='FS Jimbaran June 2019'!AA17/'FS Jimbaran June 2019'!V17 -> 4063.0335 | M7: 72 | N7: 582
A8: Bali Jimbaran | B8: =B7+1 -> 7 | C8: 6 | D8: 2019 | E8: ='FS Jimbaran June 2019'!P18 -> 23260 | F8: ='FS Jimbaran June 2019'!O18/'FS Jimbaran June 2019'!P18 -> 1129.7394 | G8: ='FS Jimbaran June 2019'!AG18 -> 304.95372 | H8: ='FS Jimbaran June 2019'!AH18/'FS Jimbaran June 2019'!AG18 -> 11459.794 | I8: ='FS Jimbaran June 2019'!AJ18 -> 594.15 | J8: ='FS Jimbaran June 2019'!AK18/'FS Jimbaran June 2019'!AJ18 -> 10400 | K8: ='FS Jimbaran June 2019'!V18 -> 784.09 | L8: ='FS Jimbaran June 2019'!AA18/'FS Jimbaran June 2019'!V18 -> 3913.418 | M8: 64 | N8: 579
A9: Bali Jimbaran | B9: =B8+1 -> 8 | C9: 6 | D9: 2019 | E9: ='FS Jimbaran June 2019'!P19 -> 22920 | F9: ='FS Jimbaran June 2019'!O19/'FS Jimbaran June 2019'!P19 -> 1125.2584 | G9: ='FS Jimbaran June 2019'!AG19 -> 141.5842 | H9: ='FS Jimbaran June 2019'!AH19/'FS Jimbaran June 2019'!AG19 -> 10721.7 | I9: ='FS Jimbaran June 2019'!AJ19 -> 574.1 | J9: ='FS Jimbaran June 2019'!AK19/'FS Jimbaran June 2019'!AJ19 -> 10400 | K9: ='FS Jimbaran June 2019'!V19 -> 754.72 | L9: ='FS Jimbaran June 2019'!AA19/'FS Jimbaran June 2019'!V19 -> 3662.7308 | M9: 55 | N9: 462
A10: Bali Jimbaran | B10: =B9+1 -> 9 | C10: 6 | D10: 2019 | E10: ='FS Jimbaran June 2019'!P20 -> 22500 | F10: ='FS Jimbaran June 2019'!O20/'FS Jimbaran June 2019'!P20 -> 1124.6269 | G10: ='FS Jimbaran June 2019'!AG20 -> 155.03084 | H10: ='FS Jimbaran June 2019'!AH20/'FS Jimbaran June 2019'!AG20 -> 10861.538 | I10: ='FS Jimbaran June 2019'!AJ20 -> 474.5 | J10: ='FS Jimbaran June 2019'!AK20/'FS Jimbaran June 2019'!AJ20 -> 10400 | K10: ='FS Jimbaran June 2019'!V20 -> 724.46 | L10: ='FS Jimbaran June 2019'!AA20/'FS Jimbaran June 2019'!V20 -> 5445.9152 | M10: 52 | N10: 644
A11: Bali Jimbaran | B11: =B10+1 -> 10 | C11: 6 | D11: 2019 | E11: ='FS Jimbaran June 2019'!P21 -> 22560 | F11: ='FS Jimbaran June 2019'!O21/'FS Jimbaran June 2019'!P21 -> 1129.9001 | G11: ='FS Jimbaran June 2019'!AG21 -> 531.14824 | H11: ='FS Jimbaran June 2019'!AH21/'FS Jimbaran June 2019'!AG21 -> 11817.74 | I11: ='FS Jimbaran June 2019'!AJ21 -> 457.67 | J11: ='FS Jimbaran June 2019'!AK21/'FS Jimbaran June 2019'!AJ21 -> 10400 | K11: ='FS Jimbaran June 2019'!V21 -> 720.9 | L11: ='FS Jimbaran June 2019'!AA21/'FS Jimbaran June 2019'!V21 -> 3310.9538 | M11: 70 | N11: 452
A12: Bali Jimbaran | B12: =B11+1 -> 11 | C12: 6 | D12: 2019 | E12: ='FS Jimbaran June 2019'!P22 -> 22780 | F12: ='FS Jimbaran June 2019'!O22/'FS Jimbaran June 2019'!P22 -> 1124.8989 | G12: ='FS Jimbaran June 2019'!AG22 -> 196.95888 | H12: ='FS Jimbaran June 2019'!AH22/'FS Jimbaran June 2019'!AG22 -> 10886.805 | I12: ='FS Jimbaran June 2019'!AJ22 -> 436.93 | J12: ='FS Jimbaran June 2019'!AK22/'FS Jimbaran June 2019'!AJ22 -> 10400 | K12: ='FS Jimbaran June 2019'!V22 -> 774.3 | L12: ='FS Jimbaran June 2019'!AA22/'FS Jimbaran June 2019'!V22 -> 3904.9752 | M12: 54 | N12: 426
A13: Bali Jimbaran | B13: =B12+1 -> 12 | C13: 6 | D13: 2019 | E13: ='FS Jimbaran June 2019'!P23 -> 23460 | F13: ='FS Jimbaran June 2019'!O23/'FS Jimbaran June 2019'!P23 -> 1128.0554 | G13: ='FS Jimbaran June 2019'!AG23 -> 137.91872 | H13: ='FS Jimbaran June 2019'!AH23/'FS Jimbaran June 2019'!AG23 -> 10721.7 | I13: ='FS Jimbaran June 2019'!AJ23 -> 446.45 | J13: ='FS Jimbaran June 2019'!AK23/'FS Jimbaran June 2019'!AJ23 -> 10400 | K13: ='FS Jimbaran June 2019'!V23 -> 798.33 | L13: ='FS Jimbaran June 2019'!AA23/'FS Jimbaran June 2019'!V23 -> 4126.9087 | M13: 69 | N13: 421
A14: Bali Jimbaran | B14: =B13+1 -> 13 | C14: 6 | D14: 2019 | E14: ='FS Jimbaran June 2019'!P24 -> 24060 | F14: ='FS Jimbaran June 2019'!O24/'FS Jimbaran June 2019'!P24 -> 1131.3507 | G14: ='FS Jimbaran June 2019'!AG24 -> 477.74532 | H14: ='FS Jimbaran June 2019'!AH24/'FS Jimbaran June 2019'!AG24 -> 11686.668 | I14: ='FS Jimbaran June 2019'!AJ24 -> 556.4 | J14: ='FS Jimbaran June 2019'!AK24/'FS Jimbaran June 2019'!AJ24 -> 10400 | K14: ='FS Jimbaran June 2019'!V24 -> 1042.19 | L14: ='FS Jimbaran June 2019'!AA24/'FS Jimbaran June 2019'!V24 -> 2770.5981 | M14: 69 | N14: 512
... A31: Bali Jimbaran | B31: =B30+1 -> 30 | C31: 6 | D31: 2019 | E31: ='FS Jimbaran June 2019'!P41 -> 21220 | F31: ='FS Jimbaran June 2019'!O41/'FS Jimbaran June 2019'!P41 -> 1126.5694 | G31: ='FS Jimbaran June 2019'!AG41 -> 138.28124 | H31: ='FS Jimbaran June 2019'!AH41/'FS Jimbaran June 2019'!AG41 -> 10721.7 | I31: ='FS Jimbaran June 2019'!AJ41 -> 551.52 | J31: ='FS Jimbaran June 2019'!AK41/'FS Jimbaran June 2019'!AJ41 -> 10400 | K31: ='FS Jimbaran June 2019'!V41 -> 1100.04 | L31: ='FS Jimbaran June 2019'!AA41/'FS Jimbaran June 2019'!V41 -> 1829.8102 | M31: 71 | N31: 707

Sheet FS Jimbaran June 2019
B6: Four Seasons Resort Bali at Jimbaran Bay
B7: JUNE 2019
B8: Date | C8: Room Nights | D8: Food Covers | E8: ELECTRICITY Resort, Sundara & Residences | V8: WATER | AC8: GAS
E9: Electricity Resort | J9: Electricity - Sundara | O9: Sub Total (Resort & Sundara) Cost (IDR) | P9: Sub Total (Resort & Sundara), KWh | Q9: Residences- Electricity KWh | R9: Residences- Electricity cost (IDR) | S9: TOTAL Electricity consumption (KWh) | T9: TOTAL Electricity cost | W9: Water (m3) | AA9: Total Water Cost | AC9: LPG | AJ9: Diesel
E10: BASED LOAD KWh (from 10 pm - 6 pm) | F10: Cost (IDR) | G10: PEAK LOAD KWh (from 6 pm - 10 pm) | H10: Cost (IDR) | I10: Resort Cost (IDR) | J10: BASED LOAD KWh (from 10 pm - 6 pm) | K10: Cost (IDR) | L10: PEAK LOAD KWh (from 6 pm - 10 pm) | M10: Cost (IDR) | N10: Sundara Cost (IDR) | T10: IDR | U10: USD | V10: Water consumption (m3) | W10: Municipal Water (m3) | X10: Municipal Water cost (IDR) | Y10: Deepwell Consumption (m3) | Z10: Deepwell water Cost (IDR) | AA10: IDR | AB10: USD | AC10: LPG Bulk (m3) | AD10: 50 Kg (tube) IVD & TW | AE10: Sundara 50 kg (tube) | AF10: 12 Kg (tube) | AG10: Total kg | AH10: IDR | AI10: USD | AJ10: Used (liters) | AK10: IDR | AL10: USD
B12: 1 | C12: 58 | D12: 477 | E12: 16320 | F12: 16903930 | G12: 3520 | H12: 5468918.4 | I12: =F12+H12 -> 22372848 | J12: 3220 | K12: 3335211.6 | L12: 500 | M12: 776835 | N12: =+K12+M12 -> 4112046.6 | O12: =N12+I12 -> 26484895 | P12: =L12+J12+G12+E12 -> 23560 | U12: 0 | V12: =Y12+W12 -> 813.46 | W12: 121.93 | X12: 2191143.1 | Y12: 691.53 | Z12: 1870214 | AA12: =Z12+X12 -> 4061357.1 | AB12: =AA12/$AL$48 -> 312.98774 | AC12: 149.55964 | AD12: 0 | AE12: 0 | AF12: 0 | AG12: =AC12+AD12+AE12+AF12 -> 149.55964 | AH12: 1603533.6 | AI12: =AH12/$AL$48 -> 123.57602 | AJ12: 663.43 | AK12: 6899672 | AL12: =AK12/$AL$48 -> 531.72196
B13: 2 | C13: 49 | D13: 390 | E13: 17000 | F13: 17608260 | G13: 3360 | H13: 5220331.2 | I13: =F13+H13 -> 22828591 | J13: 2100 | K13: 2175138 | L13: 520 | M13: 807908.4 | N13: =+K13+M13 -> 2983046.4 | O13: =N13+I13 -> 25811638 | P13: =L13+J13+G13+E13 -> 22980 | U13: 0 | V13: =Y13+W13 -> 761.039 | W13: 162.87 | X13: 2926855.3 | Y13: 598.169 | Z13: 1341642.4 | AA13: =Z13+X13 -> 4268497.8 | AB13: =AA13/$AL$48 -> 328.951 | AC13: 125.91528 | AD13: 0 | AE13: 0 | AF13: 0 | AG13: =AC13+AD13+AE13+AF13 -> 125.91528 | AH13: 1350025.9 | AI13: =AH13/$AL$48 -> 104.0395 | AJ13: 500.3 | AK13: 5203120 | AL13: =AK13/$AL$48 -> 400.97749
B14: 3 | C14: 48 | D14: 376 | E14: 16520 | F14: 17111086 | G14: 3400 | H14: 5282478 | I14: =F14+H14 -> 22393564 | J14: 1920 | K14: 1988697.6 | L14: 700 | M14: 1087569 | N14: =+K14+M14 -> 3076266.6 | O14: =N14+I14 -> 25469830 | P14: =L14+J14+G14+E14 -> 22540 | U14: 0 | V14: =Y14+W14 -> 703.1 | W14: 109.47 | X14: 1967230.6 | Y14: 593.63 | Z14: 1299704.3 | AA14: =Z14+X14 -> 3266934.9 | AB14: =AA14/$AL$48 -> 251.76574 | AC14: 125.23052 | AD14: 0 | AE14: 100 | AF14: 0 | AG14: =AC14+AD14+AE14+AF14 -> 225.23052 | AH14: 2557684.1 | AI14: =AH14/$AL$48 -> 197.10745 | AJ14: 346.29 | AK14: 3601416 | AL14: =AK14/$AL$48 -> 277.54246
B15: 4 | C15: 72 | D15: 475 | E15: 17360 | F15: 17981141 | G15: 3600 | H15: 5593212 | I15: =F15+H15 -> 23574353 | J15: 2000 | K15: 2071560 | L15: 320 | M15: 497174.4 | N15: =+K15+M15 -> 2568734.4 | O15: =N15+I15 -> 26143087 | P15: =L15+J15+G15+E15 -> 23280 | U15: 0 | V15: =Y15+W15 -> 745.82 | W15: 117.48 | X15: 2111174.3 | Y15: 628.34 | Z15: 1624630.4 | AA15: =Z15+X15 -> 3735804.7 | AB15: =AA15/$AL$48 -> 287.89911 | AC15: 130.91 | AD15: 0 | AE15: 0 | AF15: 36 | AG15: =AC15+AD15+AE15+AF15 -> 166.91 | AH15: 1822077.7 | AI15: =AH15/$AL$48 -> 140.41809 | AJ15: 509.8 | AK15: 5301920 | AL15: =AK15/$AL$48 -> 408.59149
B16: 5 | C16: 71 | D16: 547 | E16: 17920 | F16: 18561178 | G16: 3680 | H16: 5717505.6 | I16: =F16+H16 -> 24278683 | J16: 2360 | K16: 2444440.8 | L16: 560 | M16: 870055.2 | N16: =+K16+M16 -> 3314496 | O16: =N16+I16 -> 27593179 | P16: =L16+J16+G16+E16 -> 24520 | U16: 0 | V16: =Y16+W16 -> 805.361 | W16: 79.21 | X16: 1423443.3 | Y16: 726.151 | Z16: 1586470.5 | AA16: =Z16+X16 -> 3009913.8 | AB16: =AA16/$AL$48 -> 231.95845 | AC16: 136.7506 | AD16: 0 | AE16: 0 | AF16: 0 | AG16: =AC16+AD16+AE16+AF16 -> 136.7506 | AH16: 1466198.9 | AI16: =AH16/$AL$48 -> 112.99235 | AJ16: 588.51 | AK16: 6120504 | AL16: =AK16/$AL$48 -> 471.67552
B17: 6 | C17: 72 | D17: 582 | E17: 17600 | F17: 18229728 | G17: 3720 | H17: 5779652.4 | I17: =F17+H17 -> 24009380 | J17: 2180 | K17: 2258000.4 | L17: 540 | M17: 838981.8 | N17: =+K17+M17 -> 3096982.2 | O17: =N17+I17 -> 27106363 | P17: =L17+J17+G17+E17 -> 24040 | U17: 0 | V17: =Y17+W17 -> 779.64 | W17: 97.01 | X17: 1743318.2 | Y17: 682.63 | Z17: 1424385.2 | AA17: =Z17+X17 -> 3167703.5 | AB17: =AA17/$AL$48 -> 244.11849 | AC17: 133.08512 | AD17: 0 | AE17: 150 | AF17: 24 | AG17: =AC17+AD17+AE17+AF17 -> 307.08512 | AH17: 3528398.7 | AI17: =AH17/$AL$48 -> 271.9154 | AJ17: 583.55 | AK17: 6068920 | AL17: =AK17/$AL$48 -> 467.70021
B18: 7 | C18: 64 | D18: 579 | E18: 16840 | F18: 17442535 | G18: 3720 | H18: 5779652.4 | I18: =F18+H18 -> 23222188 | J18: 2200 | K18: 2278716 | L18: 500 | M18: 776835 | N18: =+K18+M18 -> 3055551 | O18: =N18+I18 -> 26277739 | P18: =L18+J18+G18+E18 -> 23260 | U18: 0 | V18: =Y18+W18 -> 784.09 | W18: 84.55 | X18: 1519405.8 | Y18: 699.54 | Z18: 1549066.2 | AA18: =Z18+X18 -> 3068472 | AB18: =AA18/$AL$48 -> 236.47123 | AC18: 142.95372 | AD18: 0 | AE18: 150 | AF18: 12 | AG18: =AC18+AD18+AE18+AF18 -> 304.95372 | AH18: 3494706.9 | AI18: =AH18/$AL$48 -> 269.31895 | AJ18: 594.15 | AK18: 6179160 | AL18: =AK18/$AL$48 -> 476.19583
B19: 8 | C19: 55 | D19: 462 | E19: 16880 | F19: 17483966 | G19: 3440 | H19: 5344624.8 | I19: =F19+H19 -> 22828591 | J19: 2080 | K19: 2154422.4 | L19: 520 | M19: 807908.4 | N19: =+K19+M19 -> 2962330.8 | O19: =N19+I19 -> 25790922 | P19: =L19+J19+G19+E19 -> 22920 | U19: 0 | V19: =Y19+W19 -> 754.72 | W19: 71.2 | X19: 1279499.6 | Y19: 683.52 | Z19: 1484836.6 | AA19: =Z19+X19 -> 2764336.2 | AB19: =AA19/$AL$48 -> 213.03306 | AC19: 141.5842 | AD19: 0 | AE19: 0 | AF19: 0 | AG19: =AC19+AD19+AE19+AF19 -> 141.5842 | AH19: 1518023.3 | AI19: =AH19/$AL$48 -> 116.98619 | AJ19: 574.1 | AK19: 5970640 | AL19: =AK19/$AL$48 -> 460.12628
B20: 9 | C20: 52 | D20: 644 | E20: 16520 | F20: 17111086 | G20: 3360 | H20: 5220331.2 | I20: =F20+H20 -> 22331417 | J20: 2120 | K20: 2195853.6 | L20: 500 | M20: 776835 | N20: =+K20+M20 -> 2972688.6 | O20: =N20+I20 -> 25304105 | P20: =L20+J20+G20+E20 -> 22500 | U20: 0 | V20: =Y20+W20 -> 724.46 | W20: 145.96 | X20: 2622974.2 | Y20: 578.5 | Z20: 1322373.6 | AA20: =Z20+X20 -> 3945347.8 | AB20: =AA20/$AL$48 -> 304.0475 | AC20: 131.03084 | AD20: 0 | AE20: 0 | AF20: 24 | AG20: =AC20+AD20+AE20+AF20 -> 155.03084 | AH20: 1683873.4 | AI20: =AH20/$AL$48 -> 129.76739 | AJ20: 474.5 | AK20: 4934800 | AL20: =AK20/$AL$48 -> 380.29946
B21: 10 | C21: 70 | D21: 452 | E21: 16440 | F21: 17028223 | G21: 3600 | H21: 5593212 | I21: =F21+H21 -> 22621435 | J21: 2020 | K21: 2092275.6 | L21: 500 | M21: 776835 | N21: =+K21+M21 -> 2869110.6 | O21: =N21+I21 -> 25490546 | P21: =L21+J21+G21+E21 -> 22560 | U21: 0 | V21: =Y21+W21 -> 720.9 | W21: 105.91 | X21: 1903255.7 | Y21: 614.99 | Z21: 483610.91 | AA21: =Z21+X21 -> 2386866.6 | AB21: =AA21/$AL$48 -> 183.94343 | AC21: 119.14824 | AD21: 0 | AE21: 400 | AF21: 12 | AG21: =AC21+AD21+AE21+AF21 -> 531.14824 | AH21: 6276971.7 | AI21: =AH21/$AL$48 -> 483.73367 | AJ21: 457.67 | AK21: 4759768 | AL21: =AK21/$AL$48 -> 366.81065
B22: 11 | C22: 54 | D22: 426 | E22: 17120 | F22: 17732554 | G22: 3440 | H22: 5344624.8 | I22: =F22+H22 -> 23077178 | J22: 1740 | K22: 1802257.2 | L22: 480 | M22: 745761.6 | N22: =+K22+M22 -> 2548018.8 | O22: =N22+I22 -> 25625197 | P22: =L22+J22+G22+E22 -> 22780 | U22: 0 | V22: =Y22+W22 -> 774.3 | W22: 104.13 | X22: 1871268.2 | Y22: 670.17 | Z22: 1152354.1 | AA22: =Z22+X22 -> 3023622.3 | AB22: =AA22/$AL$48 -> 233.0149 | AC22: 160.95888 | AD22: 0 | AE22: 0 | AF22: 36 | AG22: =AC22+AD22+AE22+AF22 -> 196.95888 | AH22: 2144252.8 | AI22: =AH22/$AL$48 -> 165.24645 | AJ22: 436.93 | AK22: 4544072 | AL22: =AK22/$AL$48 -> 350.18808
B23: 12 | C23: 69 | D23: 421 | E23: 17280 | F23: 17898278 | G23: 3680 | H23: 5717505.6 | I23: =F23+H23 -> 23615784 | J23: 2000 | K23: 2071560 | L23: 500 | M23: 776835 | N23: =+K23+M23 -> 2848395 | O23: =N23+I23 -> 26464179 | P23: =L23+J23+G23+E23 -> 23460 | U23: 0 | V23: =Y23+W23 -> 798.33 | W23: 118.37 | X23: 2127168.1 | Y23: 679.96 | Z23: 1167467 | AA23: =Z23+X23 -> 3294635 | AB23: =AA23/$AL$48 -> 253.90045 | AC23: 137.91872 | AD23: 0 | AE23: 0 | AF23: 0 | AG23: =AC23+AD23+AE23+AF23 -> 137.91872 | AH23: 1478723.1 | AI23: =AH23/$AL$48 -> 113.95753 | AJ23: 446.45 | AK23: 4643080 | AL23: =AK23/$AL$48 -> 357.81811
... B41: 30 | C41: 71 | D41: 707 | E41: 15640 | F41: 16199599 | G41: 3280 | H41: 5096037.6 | I41: =F41+H41 -> 21295637 | J41: 1860 | K41: 1926550.8 | L41: 440 | M41: 683614.8 | N41: =+K41+M41 -> 2610165.6 | O41: =N41+I41 -> 23905802 | P41: =L41+J41+G41+E41 -> 21220 | U41: 0 | V41: =Y41+W41 -> 1100.04 | W41: 52.51 | X41: 943630.95 | Y41: 1047.53 | Z41: 1069233.5 | AA41: =Z41+X41 -> 2012864.4 | AB41: =AA41/$AL$48 -> 155.12103 | AC41: 138.28124 | AD41: 0 | AE41: 0 | AF41: 0 | AG41: =AC41+AD41+AE41+AF41 -> 138.28124 | AH41: 1482610 | AI41: =AH41/$AL$48 -> 114.25707 | AJ41: 551.52 | AK41: 5735808 | AL41: =AK41/$AL$48 -> 442.02899
C47: =SUM(C12:C43) -> 1947 | D47: =SUM(D12:D43) -> 16256 | E47: =SUM(E12:E43) -> 497760 | F47: =SUM(F12:F43) -> 5.1556985e+08 | G47: =SUM(G12:G43) -> 104120 | H47: =SUM(H12:H43) -> 1.6176812e+08 | I47: =SUM(I12:I43) -> 6.7733797e+08 | J47: =SUM(J12:J43) -> 60940 | ... P47: =SUM(P12:P43) -> 677680 | Q47: =+#REF! -> #REF! | R47: =+#REF! -> #REF! | S47: =Q47+P47 -> #REF! | T47: =R47+O47 -> #REF! | U47: =T47/AL48 -> #REF! | V47: =SUM(V12:V42) -> 23172.04 | W47: =SUM(W12:W42) -> 2511.58 | X47: =SUM(X12:X42) -> 45134348 | Y47: =SUM(Y12:Y42) -> 20660.46 | Z47: =SUM(Z12:Z42) -> 37151141 | AA47: =SUM(AA12:AA42) -> 82285489 | AB47: =AA47/$AL$48 -> 6341.3162 | AC47: =SUM(AC12:AC41) -> 4215.5437 | AD47: =SUM(AD12:AD41) -> 0 | AE47: =SUM(AE12:AE42) -> 2200 | AF47: =SUM(AF12:AF42) -> 420 | AG47: =SUM(AG12:AG42) -> 6835.5437 | AH47: =SUM(AH12:AH43) -> 76810295 | AI47: =AH47/$AL$48 -> 5919.3713 | AJ47: =SUM(AJ12:AJ43) -> 15581.8 | AK47: =SUM(AK12:AK43) -> 1.6205072e+08 | AL47: =AK47/AL48 -> 12488.409
T48: kWh rate | U48: =U47/S47 -> #REF! | V48: m3/RNs | AL48: 12976.09
W50: =W47/V47 -> 0.10838839

Sheet RNs & Covers June 2019
A1: Four Seasons Resort Bali at Jimbaran Bay
A2: 43617
A3: Date | B3: Room Nights | C3: Food Covers
A6: 1 | B6: 58 | C6: 477
A7: 2 | B7: 49 | C7: 390
A8: =A7+1 -> 3 | B8: 48 | C8: 376
A9: =A8+1 -> 4 | B9: 72 | C9: 475
A10: =A9+1 -> 5 | B10: 71 | C10: 547
A11: =A10+1 -> 6 | B11: 72 | C11: 582
A12: =A11+1 -> 7 | B12: 64 | C12: 579
A13: =A12+1 -> 8 | B13: 55 | C13: 462
A14: =A13+1 -> 9 | B14: 52 | C14: 644
A15: =A14+1 -> 10 | B15: 70 | C15: 452
A16: =A15+1 -> 11 | B16: 54 | C16: 426
A17: =A16+1 -> 12 | B17: 69 | C17: 421
A18: =A17+1 -> 13 | B18: 69 | C18: 512
A19: =A18+1 -> 14 | B19: 66 | C19: 423
... A35: =A34+1 -> 30 | B35: 71 | C35: 707
B38: =SUM(B6:B36) -> 1947 | C38: =SUM(C6:C36) -> 16256
