Workbook

Sheet TOTAL
A1: Site Name | B1: Day | C1: Month | D1: Year | E1: Total Electricity Kwh | F1: Electricity Tariff ($/Kwh) | G1: LPG (Kg) | H1: LPG $/Kg | I1: Total Fuel Oil (Liter) | J1: Fuel Oil $/Liter | K1: Water Utility Supply (m3) m3 | L1: Water Utility Supply (m3) $/m3 | M1: Room Nights | N1: Food Covers
A2: Bali Jimbaran | B2: 1 | C2: 5 | D2: 2022 | E2: ='FS Jimbaran May 2022'!P12 -> 21940 | F2: ='FS Jimbaran May 2022'!O12/'FS Jimbaran May 2022'!P12 -> 1137.7529 | G2: ='FS Jimbaran May 2022'!AG12 -> 766.2312 | H2: ='FS Jimbaran May 2022'!AH12/'FS Jimbaran May 2022'!AG12 -> 19018.622 | I2: ='FS Jimbaran May 2022'!AJ12 -> 301.05 | J2: ='FS Jimbaran May 2022'!AK12/'FS Jimbaran May 2022'!AJ12 -> 17500 | K2: ='FS Jimbaran May 2022'!V12 -> 626.56 | L2: ='FS Jimbaran May 2022'!AA12/'FS Jimbaran May 2022'!V12 -> 7013.6394 | M2: ='RNs & Covers May 2022'!B6 -> 75 | N2: ='RNs & Covers May 2022'!C6 -> 425
A3: Bali Jimbaran | B3: =B2+1 -> 2 | C3: 5 | D3: 2022 | E3: ='FS Jimbaran May 2022'!P13 -> 23600 | F3: ='FS Jimbaran May 2022'!O13/'FS Jimbaran May 2022'!P13 -> 1136.2858 | G3: ='FS Jimbaran May 2022'!AG13 -> 680.76884 | H3: ='FS Jimbaran May 2022'!AH13/'FS Jimbaran May 2022'!AG13 -> 18947.658 | I3: ='FS Jimbaran May 2022'!AJ13 -> 403.32 | J3: ='FS Jimbaran May 2022'!AK13/'FS Jimbaran May 2022'!AJ13 -> 17500 | K3: ='FS Jimbaran May 2022'!V13 -> 658.6 | L3: ='FS Jimbaran May 2022'!AA13/'FS Jimbaran May 2022'!V13 -> 6433.8121 | M3: ='RNs & Covers May 2022'!B7 -> 91 | N3: ='RNs & Covers May 2022'!C7 -> 524
A4: Bali Jimbaran | B4: =B3+1 -> 3 | C4: 5 | D4: 2022 | E4: ='FS Jimbaran May 2022'!P14 -> 23320 | F4: ='FS Jimbaran May 2022'!O14/'FS Jimbaran May 2022'!P14 -> 1133.4951 | G4: ='FS Jimbaran May 2022'!AG14 -> 683.30648 | H4: ='FS Jimbaran May 2022'!AH14/'FS Jimbaran May 2022'!AG14 -> 18947.53 | I4: ='FS Jimbaran May 2022'!AJ14 -> 823.74 | J4: ='FS Jimbaran May 2022'!AK14/'FS Jimbaran May 2022'!AJ14 -> 17500 | K4: ='FS Jimbaran May 2022'!V14 -> 687.97 | L4: ='FS Jimbaran May 2022'!AA14/'FS Jimbaran May 2022'!V14 -> 6766.5195 | M4: ='RNs & Covers May 2022'!B8 -> 86 | N4: ='RNs & Covers May 2022'!C8 -> 583
A5: Bali Jimbaran | B5: =B4+1 -> 4 | C5: 5 | D5: 2022 | E5: ='FS Jimbaran May 2022'!P15 -> 23160 | F5: ='FS Jimbaran May 2022'!O15/'FS Jimbaran May 2022'!P15 -> 1134.1702 | G5: ='FS Jimbaran May 2022'!AG15 -> 734.942 | H5: ='FS Jimbaran May 2022'!AH15/'FS Jimbaran May 2022'!AG15 -> 18897.209 | I5: ='FS Jimbaran May 2022'!AJ15 -> 136.65 | J5: ='FS Jimbaran May 2022'!AK15/'FS Jimbaran May 2022'!AJ15 -> 17500 | K5: ='FS Jimbaran May 2022'!V15 -> 665.72 | L5: ='FS Jimbaran May 2022'!AA15/'FS Jimbaran May 2022'!V15 -> 6887.4876 | M5: ='RNs & Covers May 2022'!B9 -> 80 | N5: ='RNs & Covers May 2022'!C9 -> 611
A6: Bali Jimbaran | B6: =B5+1 -> 5 | C6: 5 | D6: 2022 | E6: ='FS Jimbaran May 2022'!P16 -> 22540 | F6: ='FS Jimbaran May 2022'!O16/'FS Jimbaran May 2022'!P16 -> 1130.4431 | G6: ='FS Jimbaran May 2022'!AG16 -> 511.47544 | H6: ='FS Jimbaran May 2022'!AH16/'FS Jimbaran May 2022'!AG16 -> 19009.82 | I6: ='FS Jimbaran May 2022'!AJ16 -> 371.51 | J6: ='FS Jimbaran May 2022'!AK16/'FS Jimbaran May 2022'!AJ16 -> 17500 | K6: ='FS Jimbaran May 2022'!V16 -> 617.66 | L6: ='FS Jimbaran May 2022'!AA16/'FS Jimbaran May 2022'!V16 -> 6321.7774 | M6: ='RNs & Covers May 2022'!B10 -> 58 | N6: ='RNs & Covers May 2022'!C10 -> 558
A7: Bali Jimbaran | B7: =B6+1 -> 6 | C7: 5 | D7: 2022 | E7: ='FS Jimbaran May 2022'!P17 -> 22980 | F7: ='FS Jimbaran May 2022'!O17/'FS Jimbaran May 2022'!P17 -> 1130.8843 | G7: ='FS Jimbaran May 2022'!AG17 -> 504.76484 | H7: ='FS Jimbaran May 2022'!AH17/'FS Jimbaran May 2022'!AG17 -> 19019.765 | I7: ='FS Jimbaran May 2022'!AJ17 -> 397.98 | J7: ='FS Jimbaran May 2022'!AK17/'FS Jimbaran May 2022'!AJ17 -> 17500 | K7: ='FS Jimbaran May 2022'!V17 -> 639.02 | L7: ='FS Jimbaran May 2022'!AA17/'FS Jimbaran May 2022'!V17 -> 6347.9449 | M7: ='RNs & Covers May 2022'!B11 -> 46 | N7: ='RNs & Covers May 2022'!C11 -> 395
A8: Bali Jimbaran | B8: =B7+1 -> 7 | C8: 5 | D8: 2022 | E8: ='FS Jimbaran May 2022'!P18 -> 22560 | F8: ='FS Jimbaran May 2022'!O18/'FS Jimbaran May 2022'!P18 -> 1131.2774 | G8: ='FS Jimbaran May 2022'!AG18 -> 101.13964 | H8: ='FS Jimbaran May 2022'!AH18/'FS Jimbaran May 2022'!AG18 -> 18699.564 | I8: ='FS Jimbaran May 2022'!AJ18 -> 317.45 | J8: ='FS Jimbaran May 2022'!AK18/'FS Jimbaran May 2022'!AJ18 -> 17500 | K8: ='FS Jimbaran May 2022'!V18 -> 606.98 | L8: ='FS Jimbaran May 2022'!AA18/'FS Jimbaran May 2022'!V18 -> 5472.8113 | M8: ='RNs & Covers May 2022'!B12 -> 42 | N8: ='RNs & Covers May 2022'!C12 -> 367
A9: Bali Jimbaran | B9: =B8+1 -> 8 | C9: 5 | D9: 2022 | E9: ='FS Jimbaran May 2022'!P19 -> 21480 | F9: ='FS Jimbaran May 2022'!O19/'FS Jimbaran May 2022'!P19 -> 1126.9171 | G9: ='FS Jimbaran May 2022'!AG19 -> 117.32532 | H9: ='FS Jimbaran May 2022'!AH19/'FS Jimbaran May 2022'!AG19 -> 18064.418 | I9: ='FS Jimbaran May 2022'!AJ19 -> 378.6 | J9: ='FS Jimbaran May 2022'!AK19/'FS Jimbaran May 2022'!AJ19 -> 17500 | K9: ='FS Jimbaran May 2022'!V19 -> 640.8 | L9: ='FS Jimbaran May 2022'!AA19/'FS Jimbaran May 2022'!V19 -> 6227.7262 | M9: ='RNs & Covers May 2022'!B13 -> 36 | N9: ='RNs & Covers May 2022'!C13 -> 313
A10: Bali Jimbaran | B10: =B9+1 -> 9 | C10: 5 | D10: 2022 | E10: ='FS Jimbaran May 2022'!P20 -> 20760 | F10: ='FS Jimbaran May 2022'!O20/'FS Jimbaran May 2022'!P20 -> 1135.0672 | G10: ='FS Jimbaran May 2022'!AG20 -> 101.98208 | H10: ='FS Jimbaran May 2022'!AH20/'FS Jimbaran May 2022'!AG20 -> 18305.743 | I10: ='FS Jimbaran May 2022'!AJ20 -> 421.27 | J10: ='FS Jimbaran May 2022'!AK20/'FS Jimbaran May 2022'!AJ20 -> 17500 | K10: ='FS Jimbaran May 2022'!V20 -> 679.07 | L10: ='FS Jimbaran May 2022'!AA20/'FS Jimbaran May 2022'!V20 -> 6799.5646 | M10: ='RNs & Covers May 2022'!B14 -> 25 | N10: ='RNs & Covers May 2022'!C14 -> 270
A11: Bali Jimbaran | B11: =B10+1 -> 10 | C11: 5 | D11: 2022 | E11: ='FS Jimbaran May 2022'!P21 -> 20880 | F11: ='FS Jimbaran May 2022'!O21/'FS Jimbaran May 2022'!P21 -> 1126.0635 | G11: ='FS Jimbaran May 2022'!AG21 -> 482.1712 | H11: ='FS Jimbaran May 2022'!AH21/'FS Jimbaran May 2022'!AG21 -> 19100 | I11: ='FS Jimbaran May 2022'!AJ21 -> 338.23 | J11: ='FS Jimbaran May 2022'!AK21/'FS Jimbaran May 2022'!AJ21 -> 17500 | K11: ='FS Jimbaran May 2022'!V21 -> 656.82 | L11: ='FS Jimbaran May 2022'!AA21/'FS Jimbaran May 2022'!V21 -> 6365.3514 | M11: ='RNs & Covers May 2022'!B15 -> 22 | N11: ='RNs & Covers May 2022'!C15 -> 222
A12: Bali Jimbaran | B12: =B11+1 -> 11 | C12: 5 | D12: 2022 | E12: ='FS Jimbaran May 2022'!P22 -> 20420 | F12: ='FS Jimbaran May 2022'!O22/'FS Jimbaran May 2022'!P22 -> 1128.0973 | G12: ='FS Jimbaran May 2022'!AG22 -> 85.67556 | H12: ='FS Jimbaran May 2022'!AH22/'FS Jimbaran May 2022'!AG22 -> 19100 | I12: ='FS Jimbaran May 2022'!AJ22 -> 419.89 | J12: ='FS Jimbaran May 2022'!AK22/'FS Jimbaran May 2022'!AJ22 -> 17500 | K12: ='FS Jimbaran May 2022'!V22 -> 653.26 | L12: ='FS Jimbaran May 2022'!AA22/'FS Jimbaran May 2022'!V22 -> 6302.1081 | M12: ='RNs & Covers May 2022'!B16 -> 22 | N12: ='RNs & Covers May 2022'!C16 -> 180
A13: Bali Jimbaran | B13: =B12+1 -> 12 | C13: 5 | D13: 2022 | E13: ='FS Jimbaran May 2022'!P23 -> 20260 | F13: ='FS Jimbaran May 2022'!O23/'FS Jimbaran May 2022'!P23 -> 1132.9163 | G13: ='FS Jimbaran May 2022'!AG23 -> 89.7404 | H13: ='FS Jimbaran May 2022'!AH23/'FS Jimbaran May 2022'!AG23 -> 18648.698 | I13: ='FS Jimbaran May 2022'!AJ23 -> 351.94 | J13: ='FS Jimbaran May 2022'!AK23/'FS Jimbaran May 2022'!AJ23 -> 17500 | K13: ='FS Jimbaran May 2022'!V23 -> 623.89 | L13: ='FS Jimbaran May 2022'!AA23/'FS Jimbaran May 2022'!V23 -> 6810.1114 | M13: ='RNs & Covers May 2022'!B17 -> 20 | N13: ='RNs & Covers May 2022'!C17 -> 204
A14: Bali Jimbaran | B14: =B13+1 -> 13 | C14: 5 | D14: 2022 | E14: ='FS Jimbaran May 2022'!P24 -> 21540 | F14: ='FS Jimbaran May 2022'!O24/'FS Jimbaran May 2022'!P24 -> 1128.1058 | G14: ='FS Jimbaran May 2022'!AG24 -> 202.38832 | H14: ='FS Jimbaran May 2022'!AH24/'FS Jimbaran May 2022'!AG24 -> 18899.89 | I14: ='FS Jimbaran May 2022'!AJ24 -> 339.32 | J14: ='FS Jimbaran May 2022'!AK24/'FS Jimbaran May 2022'!AJ24 -> 17500 | K14: ='FS Jimbaran May 2022'!V24 -> 655.04 | L14: ='FS Jimbaran May 2022'!AA24/'FS Jimbaran May 2022'!V24 -> 6837.326 | M14: ='RNs & Covers May 2022'!B18 -> 24 | N14: ='RNs & Covers May 2022'!C18 -> 263
... A32: Bali Jimbaran | B32: =B31+1 -> 31 | C32: 5 | D32: 2022 | E32: ='FS Jimbaran May 2022'!P42 -> 19560 | F32: ='FS Jimbaran May 2022'!O42/'FS Jimbaran May 2022'!P42 -> 1134.804 | G32: ='FS Jimbaran May 2022'!AG42 -> 559.77208 | H32: ='FS Jimbaran May 2022'!AH42/'FS Jimbaran May 2022'!AG42 -> 19027.649 | I32: ='FS Jimbaran May 2022'!AJ42 -> 550.55 | J32: ='FS Jimbaran May 2022'!AK42/'FS Jimbaran May 2022'!AJ42 -> 17500 | K32: ='FS Jimbaran May 2022'!V42 -> 596.3 | L32: ='FS Jimbaran May 2022'!AA42/'FS Jimbaran May 2022'!V42 -> 6416.6485 | M32: ='RNs & Covers May 2022'!B36 -> 26 | N32: ='RNs & Covers May 2022'!C36 -> 198

Sheet FS Jimbaran May 2022
B6: Four Seasons Resort Bali at Jimbaran Bay
B7: MAY 2022
B8: Date | C8: Room Nights | D8: Food Covers | E8: ELECTRICITY Resort & Sundara | V8: WATER | AC8: GAS
E9: Electricity Resort | J9: Electricity - Sundara | O9: Sub Total (Resort & Sundara) Cost (IDR) | P9: Sub Total (Resort & Sundara), KWh | Q9: Residences- Electricity KWh | R9: Residences- Electricity cost (IDR) | S9: TOTAL Electricity consumption (KWh) | T9: TOTAL Electricity cost | W9: Water (m3) | AA9: Total Water Cost | AC9: LPG | AJ9: Diesel
E10: BASED LOAD KWh (from 10 pm - 6 pm) | F10: Cost (IDR) | G10: PEAK LOAD KWh (from 6 pm - 10 pm) | H10: Cost (IDR) | I10: Resort Cost (IDR) | J10: BASED LOAD KWh (from 10 pm - 6 pm) | K10: Cost (IDR) | L10: PEAK LOAD KWh (from 6 pm - 10 pm) | M10: Cost (IDR) | N10: Sundara Cost (IDR) | T10: IDR | U10: USD | V10: Water consumption (m3) | W10: Municipal Water (m3) | X10: Municipal Water cost (IDR) | Y10: Deepwell Consumption (m3) | Z10: Deepwell water Cost (IDR) | AA10: IDR | AB10: USD | AC10: LPG Bulk (m3) | AD10: 50 Kg (tube) IVD & TW | AE10: Sundara 50 kg (tube) | AF10: 12 Kg (tube) | AG10: Total kg | AH10: IDR | AI10: USD | AJ10: Used (liters) | AK10: IDR | AL10: USD
AB11: 14522 | AC11: 18990 | AD11: 955000 | AE11: 955000 | AF11: 188700 | AK11: 17500
B12: 1 | C12: 75 | D12: 425 | E12: 16040 | F12: 16613911 | G12: 3840 | H12: 5966092.8 | I12: =F12+H12 -> 22580004 | J12: 1580 | K12: 1636532.4 | L12: 480 | M12: 745761.6 | N12: =K12+M12 -> 2382294 | O12: =I12+N12 -> 24962298 | P12: =E12+G12+J12+L12 -> 21940 | U12: 0 | V12: =W12+Y12 -> 626.56 | W12: 126.38 | X12: 2271111.8 | Y12: 500.18 | Z12: 2123354.1 | AA12: =X12+Z12 -> 4394465.9 | AB12: =AA12/$AB$11 -> 302.60749 | AC12: 566.86044 | AD12: 100 | AE12: 99.37076 | AF12: 0 | AG12: =AC12+AD12+AE12+AF12 -> 766.2312 | AH12: 14572661 | AI12: =AH12/14522 -> 1003.4886 | AJ12: 301.05 | AK12: 5268375 | AL12: =AK12/14522 -> 362.78577
B13: 2 | C13: 91 | D13: 524 | E13: 17480 | F13: 18105434 | G13: 4120 | H13: 6401120.4 | I13: =F13+H13 -> 24506555 | J13: 1540 | K13: 1595101.2 | L13: 460 | M13: 714688.2 | N13: =K13+M13 -> 2309789.4 | O13: =I13+N13 -> 26816344 | P13: =E13+G13+J13+L13 -> 23600 | U13: 0 | V13: =W13+Y13 -> 658.6 | W13: 105.02 | X13: 1887261.9 | Y13: 553.58 | Z13: 2350046.7 | AA13: =X13+Z13 -> 4237308.7 | AB13: =AA13/$AB$11 -> 291.78547 | AC13: 574.63448 | AD13: 0 | AE13: 94.13436 | AF13: 12 | AG13: =AC13+AD13+AE13+AF13 -> 680.76884 | AH13: 12898975 | AI13: =AH13/14522 -> 888.23682 | AJ13: 403.32 | AK13: 7058100 | AL13: =AK13/14522 -> 486.0281
B14: 3 | C14: 86 | D14: 583 | E14: 17560 | F14: 18188297 | G14: 3920 | H14: 6090386.4 | I14: =F14+H14 -> 24278683 | J14: 1360 | K14: 1408660.8 | L14: 480 | M14: 745761.6 | N14: =K14+M14 -> 2154422.4 | O14: =I14+N14 -> 26433106 | P14: =E14+G14+J14+L14 -> 23320 | U14: 0 | V14: =W14+Y14 -> 687.97 | W14: 126.38 | X14: 2271111.8 | Y14: 561.59 | Z14: 2384050.6 | AA14: =X14+Z14 -> 4655162.4 | AB14: =AA14/$AB$11 -> 320.55932 | AC14: 578.94444 | AD14: 0 | AE14: 92.36204 | AF14: 12 | AG14: =AC14+AD14+AE14+AF14 -> 683.30648 | AH14: 12946970 | AI14: =AH14/14522 -> 891.54179 | AJ14: 823.74 | AK14: 14415450 | AL14: =AK14/14522 -> 992.66286
B15: 4 | C15: 80 | D15: 611 | E15: 17240 | F15: 17856847 | G15: 3920 | H15: 6090386.4 | I15: =F15+H15 -> 23947234 | J15: 1520 | K15: 1574385.6 | L15: 480 | M15: 745761.6 | N15: =K15+M15 -> 2320147.2 | O15: =I15+N15 -> 26267381 | P15: =E15+G15+J15+L15 -> 23160 | U15: 0 | V15: =W15+Y15 -> 665.72 | W15: 128.16 | X15: 2303099.3 | Y15: 537.56 | Z15: 2282039 | AA15: =X15+Z15 -> 4585138.2 | AB15: =AA15/$AB$11 -> 315.73738 | AC15: 618.53968 | AD15: 0 | AE15: 92.40232 | AF15: 24 | AG15: =AC15+AD15+AE15+AF15 -> 734.942 | AH15: 13888353 | AI15: =AH15/14522 -> 956.3664 | AJ15: 136.65 | AK15: 2391375 | AL15: =AK15/14522 -> 164.67257
B16: 5 | C16: 58 | D16: 558 | E16: 16760 | F16: 17359673 | G16: 3640 | H16: 5655358.8 | I16: =F16+H16 -> 23015032 | J16: 1660 | K16: 1719394.8 | L16: 480 | M16: 745761.6 | N16: =K16+M16 -> 2465156.4 | O16: =I16+N16 -> 25480188 | P16: =E16+G16+J16+L16 -> 22540 | U16: 0 | V16: =W16+Y16 -> 617.66 | W16: 93.45 | X16: 1679343.2 | Y16: 524.21 | Z16: 2225365.8 | AA16: =X16+Z16 -> 3904709 | AB16: =AA16/$AB$11 -> 268.88232 | AC16: 419.3148 | AD16: 0 | AE16: 92.16064 | AF16: 0 | AG16: =AC16+AD16+AE16+AF16 -> 511.47544 | AH16: 9723056.3 | AI16: =AH16/14522 -> 669.53975 | AJ16: 371.51 | AK16: 6501425 | AL16: =AK16/14522 -> 447.69488
B17: 6 | C17: 46 | D17: 395 | E17: 17160 | F17: 17773985 | G17: 3720 | H17: 5779652.4 | I17: =F17+H17 -> 23553637 | J17: 1600 | K17: 1657248 | L17: 500 | M17: 776835 | N17: =K17+M17 -> 2434083 | O17: =I17+N17 -> 25987720 | P17: =E17+G17+J17+L17 -> 22980 | U17: 0 | V17: =W17+Y17 -> 639.02 | W17: 97.9 | X17: 1759312 | Y17: 541.12 | Z17: 2297151.8 | AA17: =X17+Z17 -> 4056463.8 | AB17: =AA17/$AB$11 -> 279.33231 | AC17: 0 | AD17: 400 | AE17: 92.76484 | AF17: 12 | AG17: =AC17+AD17+AE17+AF17 -> 504.76484 | AH17: 9600508.4 | AI17: =AH17/14522 -> 661.10098 | AJ17: 397.98 | AK17: 6964650 | AL17: =AK17/14522 -> 479.59303
B18: 7 | C18: 42 | D18: 367 | E18: 16800 | F18: 17401104 | G18: 3680 | H18: 5717505.6 | I18: =F18+H18 -> 23118610 | J18: 1600 | K18: 1657248 | L18: 480 | M18: 745761.6 | N18: =K18+M18 -> 2403009.6 | O18: =I18+N18 -> 25521619 | P18: =E18+G18+J18+L18 -> 22560 | U18: 0 | V18: =W18+Y18 -> 606.98 | W18: 54.29 | X18: 975618.44 | Y18: 552.69 | Z18: 2346268.5 | AA18: =X18+Z18 -> 3321887 | AB18: =AA18/$AB$11 -> 228.74859 | AC18: 0 | AD18: 0 | AE18: 89.13964 | AF18: 12 | AG18: =AC18+AD18+AE18+AF18 -> 101.13964 | AH18: 1891267.1 | AI18: =AH18/14522 -> 130.23462 | AJ18: 317.45 | AK18: 5555375 | AL18: =AK18/14522 -> 382.54889
B19: 8 | C19: 36 | D19: 313 | E19: 16080 | F19: 16655342 | G19: 3320 | H19: 5158184.4 | I19: =F19+H19 -> 21813527 | J19: 1620 | K19: 1677963.6 | L19: 460 | M19: 714688.2 | N19: =K19+M19 -> 2392651.8 | O19: =I19+N19 -> 24206179 | P19: =E19+G19+J19+L19 -> 21480 | U19: 0 | V19: =W19+Y19 -> 640.8 | W19: 92.56 | X19: 1663349.5 | Y19: 548.24 | Z19: 2327377.5 | AA19: =X19+Z19 -> 3990727 | AB19: =AA19/$AB$11 -> 274.8056 | AC19: 0 | AD19: 0 | AE19: 81.32532 | AF19: 36 | AG19: =AC19+AD19+AE19+AF19 -> 117.32532 | AH19: 2119413.6 | AI19: =AH19/14522 -> 145.94502 | AJ19: 378.6 | AK19: 6625500 | AL19: =AK19/14522 -> 456.23881
B20: 9 | C20: 25 | D20: 270 | E20: 15480 | F20: 16033874 | G20: 3520 | H20: 5468918.4 | I20: =F20+H20 -> 21502793 | J20: 1300 | K20: 1346514 | L20: 460 | M20: 714688.2 | N20: =K20+M20 -> 2061202.2 | O20: =I20+N20 -> 23563995 | P20: =E20+G20+J20+L20 -> 20760 | U20: 0 | V20: =W20+Y20 -> 679.07 | W20: 126.38 | X20: 2271111.8 | Y20: 552.69 | Z20: 2346268.5 | AA20: =X20+Z20 -> 4617380.3 | AB20: =AA20/$AB$11 -> 317.9576 | AC20: 0 | AD20: 0 | AE20: 77.98208 | AF20: 24 | AG20: =AC20+AD20+AE20+AF20 -> 101.98208 | AH20: 1866857.7 | AI20: =AH20/14522 -> 128.55376 | AJ20: 421.27 | AK20: 7372225 | AL20: =AK20/14522 -> 507.65907
B21: 10 | C21: 22 | D21: 222 | E21: 15560 | F21: 16116737 | G21: 3200 | H21: 4971744 | I21: =F21+H21 -> 21088481 | J21: 1680 | K21: 1740110.4 | L21: 440 | M21: 683614.8 | N21: =K21+M21 -> 2423725.2 | O21: =I21+N21 -> 23512206 | P21: =E21+G21+J21+L21 -> 20880 | U21: 0 | V21: =W21+Y21 -> 656.82 | W21: 101.46 | X21: 1823286.9 | Y21: 555.36 | Z21: 2357603.2 | AA21: =X21+Z21 -> 4180890.1 | AB21: =AA21/$AB$11 -> 287.90043 | AC21: 0 | AD21: 400 | AE21: 82.1712 | AF21: 0 | AG21: =AC21+AD21+AE21+AF21 -> 482.1712 | AH21: 9209469.9 | AI21: =AH21/14522 -> 634.17366 | AJ21: 338.23 | AK21: 5919025 | AL21: =AK21/14522 -> 407.59021
B22: 11 | C22: 22 | D22: 180 | E22: 15040 | F22: 15578131 | G22: 3240 | H22: 5033890.8 | I22: =F22+H22 -> 20612022 | J22: 1740 | K22: 1802257.2 | L22: 400 | M22: 621468 | N22: =K22+M22 -> 2423725.2 | O22: =I22+N22 -> 23035747 | P22: =E22+G22+J22+L22 -> 20420 | U22: 0 | V22: =W22+Y22 -> 653.26 | W22: 97.9 | X22: 1759312 | Y22: 555.36 | Z22: 2357603.2 | AA22: =X22+Z22 -> 4116915.1 | AB22: =AA22/$AB$11 -> 283.49505 | AC22: 0 | AD22: 0 | AE22: 85.67556 | AF22: 0 | AG22: =AC22+AD22+AE22+AF22 -> 85.67556 | AH22: 1636403.2 | AI22: =AH22/14522 -> 112.68442 | AJ22: 419.89 | AK22: 7348075 | AL22: =AK22/14522 -> 505.99607
B23: 12 | C23: 20 | D23: 204 | E23: 15040 | F23: 15578131 | G23: 3320 | H23: 5158184.4 | I23: =F23+H23 -> 20736316 | J23: 1420 | K23: 1470807.6 | L23: 480 | M23: 745761.6 | N23: =K23+M23 -> 2216569.2 | O23: =I23+N23 -> 22952885 | P23: =E23+G23+J23+L23 -> 20260 | U23: 0 | V23: =W23+Y23 -> 623.89 | W23: 116.59 | X23: 2095180.6 | Y23: 507.3 | Z23: 2153579.8 | AA23: =X23+Z23 -> 4248760.4 | AB23: =AA23/$AB$11 -> 292.57405 | AC23: 0 | AD23: 0 | AE23: 77.7404 | AF23: 12 | AG23: =AC23+AD23+AE23+AF23 -> 89.7404 | AH23: 1673541.6 | AI23: =AH23/14522 -> 115.24182 | AJ23: 351.94 | AK23: 6158950 | AL23: =AK23/14522 -> 424.11169
... B41: 30 | C41: 29 | D41: 209 | E41: 14240 | F41: 14749507 | G41: 3160 | H41: 4909597.2 | I41: =F41+H41 -> 19659104 | J41: 1300 | K41: 1346514 | L41: 480 | M41: 745761.6 | N41: =K41+M41 -> 2092275.6 | O41: =I41+N41 -> 21751380 | P41: =E41+G41+J41+L41 -> 19180 | U41: 0 | V41: =W41+Y41 -> 665.72 | W41: 97.01 | X41: 1743318.2 | Y41: 568.71 | Z41: 2414276.3 | AA41: =X41+Z41 -> 4157594.5 | AB41: =AA41/$AB$11 -> 286.29628 | AC41: 0 | AD41: 0 | AE41: 40.6828 | AF41: 36 | AG41: =AC41+AD41+AE41+AF41 -> 76.6828 | AH41: 1343141.5 | AI41: =AH41/14522 -> 92.490117 | AJ41: 359.38 | AK41: 6289150 | AL41: =AK41/14522 -> 433.0774
B42: 31 | C42: 26 | D42: 198 | E42: 14200 | F42: 14708076 | G42: 3280 | H42: 5096037.6 | I42: =F42+H42 -> 19804114 | J42: 1620 | K42: 1677963.6 | L42: 460 | M42: 714688.2 | N42: =K42+M42 -> 2392651.8 | O42: =I42+N42 -> 22196765 | P42: =E42+G42+J42+L42 -> 19560 | V42: =W42+Y42 -> 596.3 | W42: 94.34 | X42: 1695337 | Y42: 501.96 | Z42: 2130910.6 | AA42: =X42+Z42 -> 3826247.5 | AB42: =AA42/$AB$11 -> 263.47938 | AC42: 0 | AD42: 500 | AE42: 47.77208 | AF42: 12 | AG42: =AC42+AD42+AE42+AF42 -> 559.77208 | AH42: 10651147 | AI42: =AH42/14522 -> 733.44902 | AJ42: 550.55 | AK42: 9634625 | AL42: =AK42/14522 -> 663.45028
C46: =SUM(C12:C42) -> 1150 | D46: =SUM(D12:D42) -> 9791 | E46: =SUM(E12:E42) -> 478120 | F46: =SUM(F12:F42) -> 4.9522713e+08 | G46: =SUM(G12:G42) -> 105480 | H46: =SUM(H12:H42) -> 1.6388111e+08 | I46: =SUM(I12:I42) -> 6.5910825e+08 | J46: =SUM(J12:J42) -> 47620 | ... P46: =SUM(P12:P42) -> 645380 | V46: =SUM(V12:V42) -> 19709.05 | W46: =SUM(W12:W42) -> 3134.58 | X46: =SUM(X12:X42) -> 56329970 | Y46: =SUM(Y12:Y42) -> 16574.47 | Z46: =SUM(Z12:Z42) -> 70361609 | AA46: =SUM(AA12:AA42) -> 1.2669158e+08 | AB46: =SUM(AB12:AB42) -> 8724.1137 | AC46: =SUM(AC12:AC41) -> 2758.2938 | AD46: =SUM(AD12:AD41) -> 2900 | AE46: =SUM(AE12:AE42) -> 2229.78 | AF46: =SUM(AF12:AF42) -> 420 | AG46: =SUM(AG12:AG42) -> 8808.0738 | AH46: =SUM(AH12:AH42) -> 1.665133e+08 | AI46: =AH46/$AL$47 -> 12832.317 | AJ46: =SUM(AJ12:AJ42) -> 12096.5 | AK46: =SUM(AK12:AK42) -> 2.1168875e+08 | AL46: =AK46/AL47 -> 16313.755
T47: kWh rate | U47: =U46/S46 -> #DIV/0! | V47: m3/RNs | AL47: 12976.09
P48: =O46/P46 -> 1131.786 | AA48: =AA46/V46 -> 6428.0916 | AH48: =AH46/AG46 -> 18904.621 | AK48: =AK46/AJ46 -> 17500

Sheet RNs & Covers May 2022
A1: Four Seasons Resort Bali at Jimbaran Bay
A2: 5/1/20225
A3: Date | B3: Room Nights | C3: Food Covers
A6: 1 | B6: ='FS Jimbaran May 2022'!C12 -> 75 | C6: ='FS Jimbaran May 2022'!D12 -> 425
A7: 2 | B7: ='FS Jimbaran May 2022'!C13 -> 91 | C7: ='FS Jimbaran May 2022'!D13 -> 524
A8: =A7+1 -> 3 | B8: ='FS Jimbaran May 2022'!C14 -> 86 | C8: ='FS Jimbaran May 2022'!D14 -> 583
A9: =A8+1 -> 4 | B9: ='FS Jimbaran May 2022'!C15 -> 80 | C9: ='FS Jimbaran May 2022'!D15 -> 611
A10: =A9+1 -> 5 | B10: ='FS Jimbaran May 2022'!C16 -> 58 | C10: ='FS Jimbaran May 2022'!D16 -> 558
A11: =A10+1 -> 6 | B11: ='FS Jimbaran May 2022'!C17 -> 46 | C11: ='FS Jimbaran May 2022'!D17 -> 395
A12: =A11+1 -> 7 | B12: ='FS Jimbaran May 2022'!C18 -> 42 | C12: ='FS Jimbaran May 2022'!D18 -> 367
A13: =A12+1 -> 8 | B13: ='FS Jimbaran May 2022'!C19 -> 36 | C13: ='FS Jimbaran May 2022'!D19 -> 313
A14: =A13+1 -> 9 | B14: ='FS Jimbaran May 2022'!C20 -> 25 | C14: ='FS Jimbaran May 2022'!D20 -> 270
A15: =A14+1 -> 10 | B15: ='FS Jimbaran May 2022'!C21 -> 22 | C15: ='FS Jimbaran May 2022'!D21 -> 222
A16: =A15+1 -> 11 | B16: ='FS Jimbaran May 2022'!C22 -> 22 | C16: ='FS Jimbaran May 2022'!D22 -> 180
A17: =A16+1 -> 12 | B17: ='FS Jimbaran May 2022'!C23 -> 20 | C17: ='FS Jimbaran May 2022'!D23 -> 204
A18: =A17+1 -> 13 | B18: ='FS Jimbaran May 2022'!C24 -> 24 | C18: ='FS Jimbaran May 2022'!D24 -> 263
A19: =A18+1 -> 14 | B19: ='FS Jimbaran May 2022'!C25 -> 25 | C19: ='FS Jimbaran May 2022'!D25 -> 274
... A36: =A35+1 -> 31 | B36: ='FS Jimbaran May 2022'!C42 -> 26 | C36: ='FS Jimbaran May 2022'!D42 -> 198
B37: =SUM(B6:B36) -> 1150 | C37: =SUM(C6:C36) -> 9791
