Workbook

Sheet TOTAL
A1: Site Name | B1: Day | C1: Month | D1: Year | E1: Total Electricity Kwh | F1: Electricity Tariff ($/Kwh) | G1: LPG (Kg) | H1: LPG $/Kg | I1: Total Fuel Oil (Liter) | J1: Fuel Oil $/Liter | K1: Water Utility Supply (m3) m3 | L1: Water Utility Supply (m3) $/m3 | M1: Room Nights | N1: Food Covers
A2: Bali Jimbaran | B2: 1 | C2: 12 | D2: 2019 | E2: ='FS Jimbaran December 2019'!P12 -> 22740 | F2: ='FS Jimbaran December 2019'!O12/'FS Jimbaran December 2019'!P12 -> 1121.89 | G2: ='FS Jimbaran December 2019'!AG12 -> 116.65088 | H2: ='FS Jimbaran December 2019'!AH12/'FS Jimbaran December 2019'!AG12 -> 9196 | I2: ='FS Jimbaran December 2019'!AJ12 -> 445 | J2: ='FS Jimbaran December 2019'!AK12/'FS Jimbaran December 2019'!AJ12 -> 10300 | K2: ='FS Jimbaran December 2019'!V12 -> 851.73 | L2: ='FS Jimbaran December 2019'!AA12/'FS Jimbaran December 2019'!V12 -> 1528.8517 | M2: ='FS Jimbaran December 2019'!C12 -> 47 | N2: ='FS Jimbaran December 2019'!D12 -> 403
A3: Bali Jimbaran | B3: =B2+1 -> 2 | C3: 12 | D3: 2019 | E3: ='FS Jimbaran December 2019'!P13 -> 24280 | F3: ='FS Jimbaran December 2019'!O13/'FS Jimbaran December 2019'!P13 -> 1087.2491 | G3: ='FS Jimbaran December 2019'!AG13 -> 137.67016 | H3: ='FS Jimbaran December 2019'!AH13/'FS Jimbaran December 2019'!AG13 -> 9619.4469 | I3: ='FS Jimbaran December 2019'!AJ13 -> 398.4 | J3: ='FS Jimbaran December 2019'!AK13/'FS Jimbaran December 2019'!AJ13 -> 10300 | K3: ='FS Jimbaran December 2019'!V13 -> 830.37 | L3: ='FS Jimbaran December 2019'!AA13/'FS Jimbaran December 2019'!V13 -> 1757.3243 | M3: ='FS Jimbaran December 2019'!C13 -> 39 | N3: ='FS Jimbaran December 2019'!D13 -> 293
A4: Bali Jimbaran | B4: =B3+1 -> 3 | C4: 12 | D4: 2019 | E4: ='FS Jimbaran December 2019'!P14 -> 24500 | F4: ='FS Jimbaran December 2019'!O14/'FS Jimbaran December 2019'!P14 -> 1095.9313 | G4: ='FS Jimbaran December 2019'!AG14 -> 299.39508 | H4: ='FS Jimbaran December 2019'!AH14/'FS Jimbaran December 2019'!AG14 -> 9941.6636 | I4: ='FS Jimbaran December 2019'!AJ14 -> 326.1 | J4: ='FS Jimbaran December 2019'!AK14/'FS Jimbaran December 2019'!AJ14 -> 10300 | K4: ='FS Jimbaran December 2019'!V14 -> 923.82 | L4: ='FS Jimbaran December 2019'!AA14/'FS Jimbaran December 2019'!V14 -> 1417.7498 | M4: ='FS Jimbaran December 2019'!C14 -> 46 | N4: ='FS Jimbaran December 2019'!D14 -> 261
A5: Bali Jimbaran | B5: =B4+1 -> 4 | C5: 12 | D5: 2019 | E5: ='FS Jimbaran December 2019'!P15 -> 25500 | F5: ='FS Jimbaran December 2019'!O15/'FS Jimbaran December 2019'!P15 -> 1072.9868 | G5: ='FS Jimbaran December 2019'!AG15 -> 0 | H5: ='FS Jimbaran December 2019'!AH15/'FS Jimbaran December 2019'!AG15 -> #DIV/0! | I5: ='FS Jimbaran December 2019'!AJ15 -> 428.4 | J5: ='FS Jimbaran December 2019'!AK15/'FS Jimbaran December 2019'!AJ15 -> 10300 | K5: ='FS Jimbaran December 2019'!V15 -> 890.89 | L5: ='FS Jimbaran December 2019'!AA15/'FS Jimbaran December 2019'!V15 -> 3054.6365 | M5: ='FS Jimbaran December 2019'!C15 -> 48 | N5: ='FS Jimbaran December 2019'!D15 -> 294
A6: Bali Jimbaran | B6: =B5+1 -> 5 | C6: 12 | D6: 2019 | E6: ='FS Jimbaran December 2019'!P16 -> 25960 | F6: ='FS Jimbaran December 2019'!O16/'FS Jimbaran December 2019'!P16 -> 1101.2344 | G6: ='FS Jimbaran December 2019'!AG16 -> 433.70332 | H6: ='FS Jimbaran December 2019'!AH16/'FS Jimbaran December 2019'!AG16 -> 10210.731 | I6: ='FS Jimbaran December 2019'!AJ16 -> 632.1 | J6: ='FS Jimbaran December 2019'!AK16/'FS Jimbaran December 2019'!AJ16 -> 10300 | K6: ='FS Jimbaran December 2019'!V16 -> 894.45 | L6: ='FS Jimbaran December 2019'!AA16/'FS Jimbaran December 2019'!V16 -> 844.78919 | M6: ='FS Jimbaran December 2019'!C16 -> 49 | N6: ='FS Jimbaran December 2019'!D16 -> 356
A7: Bali Jimbaran | B7: =B6+1 -> 6 | C7: 12 | D7: 2019 | E7: ='FS Jimbaran December 2019'!P17 -> 27160 | F7: ='FS Jimbaran December 2019'!O17/'FS Jimbaran December 2019'!P17 -> 1094.4145 | G7: ='FS Jimbaran December 2019'!AG17 -> 133.08512 | H7: ='FS Jimbaran December 2019'!AH17/'FS Jimbaran December 2019'!AG17 -> 9196 | I7: ='FS Jimbaran December 2019'!AJ17 -> 449.22 | J7: ='FS Jimbaran December 2019'!AK17/'FS Jimbaran December 2019'!AJ17 -> 10300 | K7: ='FS Jimbaran December 2019'!V17 -> 949.63 | L7: ='FS Jimbaran December 2019'!AA17/'FS Jimbaran December 2019'!V17 -> 1354.4175 | M7: ='FS Jimbaran December 2019'!C17 -> 71 | N7: ='FS Jimbaran December 2019'!D17 -> 452
A8: Bali Jimbaran | B8: =B7+1 -> 7 | C8: 12 | D8: 2019 | E8: ='FS Jimbaran December 2019'!P18 -> 28220 | F8: ='FS Jimbaran December 2019'!O18/'FS Jimbaran December 2019'!P18 -> 1083.7885 | G8: ='FS Jimbaran December 2019'!AG18 -> 316.51064 | H8: ='FS Jimbaran December 2019'!AH18/'FS Jimbaran December 2019'!AG18 -> 9993.4329 | I8: ='FS Jimbaran December 2019'!AJ18 -> 359.38 | J8: ='FS Jimbaran December 2019'!AK18/'FS Jimbaran December 2019'!AJ18 -> 10300 | K8: ='FS Jimbaran December 2019'!V18 -> 906.02 | L8: ='FS Jimbaran December 2019'!AA18/'FS Jimbaran December 2019'!V18 -> 1586.9547 | M8: ='FS Jimbaran December 2019'!C18 -> 82 | N8: ='FS Jimbaran December 2019'!D18 -> 572
A9: Bali Jimbaran | B9: =B8+1 -> 8 | C9: 12 | D9: 2019 | E9: ='FS Jimbaran December 2019'!P19 -> 26100 | F9: ='FS Jimbaran December 2019'!O19/'FS Jimbaran December 2019'!P19 -> 1099.415 | G9: ='FS Jimbaran December 2019'!AG19 -> 132.0344 | H9: ='FS Jimbaran December 2019'!AH19/'FS Jimbaran December 2019'!AG19 -> 9416.7607 | I9: ='FS Jimbaran December 2019'!AJ19 -> 388.5 | J9: ='FS Jimbaran December 2019'!AK19/'FS Jimbaran December 2019'!AJ19 -> 10300 | K9: ='FS Jimbaran December 2019'!V19 -> 895.34 | L9: ='FS Jimbaran December 2019'!AA19/'FS Jimbaran December 2019'!V19 -> 1026.649 | M9: ='FS Jimbaran December 2019'!C19 -> 35 | N9: ='FS Jimbaran December 2019'!D19 -> 487
A10: Bali Jimbaran | B10: =B9+1 -> 9 | C10: 12 | D10: 2019 | E10: ='FS Jimbaran December 2019'!P20 -> 25480 | F10: ='FS Jimbaran December 2019'!O20/'FS Jimbaran December 2019'!P20 -> 1107.4675 | G10: ='FS Jimbaran December 2019'!AG20 -> 132.2358 | H10: ='FS Jimbaran December 2019'!AH20/'FS Jimbaran December 2019'!AG20 -> 9416.4244 | I10: ='FS Jimbaran December 2019'!AJ20 -> 424 | J10: ='FS Jimbaran December 2019'!AK20/'FS Jimbaran December 2019'!AJ20 -> 10300 | K10: ='FS Jimbaran December 2019'!V20 -> 874.87 | L10: ='FS Jimbaran December 2019'!AA20/'FS Jimbaran December 2019'!V20 -> 1398.0146 | M10: ='FS Jimbaran December 2019'!C20 -> 24 | N10: ='FS Jimbaran December 2019'!D20 -> 275
A11: Bali Jimbaran | B11: =B10+1 -> 10 | C11: 12 | D11: 2019 | E11: ='FS Jimbaran December 2019'!P21 -> 25380 | F11: ='FS Jimbaran December 2019'!O21/'FS Jimbaran December 2019'!P21 -> 1106.4644 | G11: ='FS Jimbaran December 2019'!AG21 -> 389.00284 | H11: ='FS Jimbaran December 2019'!AH21/'FS Jimbaran December 2019'!AG21 -> 10102.544 | I11: ='FS Jimbaran December 2019'!AJ21 -> 289.9 | J11: ='FS Jimbaran December 2019'!AK21/'FS Jimbaran December 2019'!AJ21 -> 10300 | K11: ='FS Jimbaran December 2019'!V21 -> 946.96 | L11: ='FS Jimbaran December 2019'!AA21/'FS Jimbaran December 2019'!V21 -> 445.51679 | M11: ='FS Jimbaran December 2019'!C21 -> 28 | N11: ='FS Jimbaran December 2019'!D21 -> 188
A12: Bali Jimbaran | B12: =B11+1 -> 11 | C12: 12 | D12: 2019 | E12: ='FS Jimbaran December 2019'!P22 -> 26120 | F12: ='FS Jimbaran December 2019'!O22/'FS Jimbaran December 2019'!P22 -> 1097.5818 | G12: ='FS Jimbaran December 2019'!AG22 -> 117.33564 | H12: ='FS Jimbaran December 2019'!AH22/'FS Jimbaran December 2019'!AG22 -> 9196 | I12: ='FS Jimbaran December 2019'!AJ22 -> 454.7 | J12: ='FS Jimbaran December 2019'!AK22/'FS Jimbaran December 2019'!AJ22 -> 10300 | K12: ='FS Jimbaran December 2019'!V22 -> 849.95 | L12: ='FS Jimbaran December 2019'!AA22/'FS Jimbaran December 2019'!V22 -> 2069.4871 | M12: ='FS Jimbaran December 2019'!C22 -> 73 | N12: ='FS Jimbaran December 2019'!D22 -> 240
A13: Bali Jimbaran | B13: =B12+1 -> 12 | C13: 12 | D13: 2019 | E13: ='FS Jimbaran December 2019'!P23 -> 27360 | F13: ='FS Jimbaran December 2019'!O23/'FS Jimbaran December 2019'!P23 -> 1094.9323 | G13: ='FS Jimbaran December 2019'!AG23 -> 137.63332 | H13: ='FS Jimbaran December 2019'!AH23/'FS Jimbaran December 2019'!AG23 -> 9407.7801 | I13: ='FS Jimbaran December 2019'!AJ23 -> 639.6 | J13: ='FS Jimbaran December 2019'!AK23/'FS Jimbaran December 2019'!AJ23 -> 10300 | K13: ='FS Jimbaran December 2019'!V23 -> 887.33 | L13: ='FS Jimbaran December 2019'!AA23/'FS Jimbaran December 2019'!V23 -> 1433.6049 | M13: ='FS Jimbaran December 2019'!C23 -> 78 | N13: ='FS Jimbaran December 2019'!D23 -> 408
A14: Bali Jimbaran | B14: =B13+1 -> 13 | C14: 12 | D14: 2019 | E14: ='FS Jimbaran December 2019'!P24 -> 25820 | F14: ='FS Jimbaran December 2019'!O24/'FS Jimbaran December 2019'!P24 -> 1084.7409 | G14: ='FS Jimbaran December 2019'!AG24 -> 133.52476 | H14: ='FS Jimbaran December 2019'!AH24/'FS Jimbaran December 2019'!AG24 -> 9414.2966 | I14: ='FS Jimbaran December 2019'!AJ24 -> 389.8 | J14: ='FS Jimbaran December 2019'!AK24/'FS Jimbaran December 2019'!AJ24 -> 10300 | K14: ='FS Jimbaran December 2019'!V24 -> 861.52 | L14: ='FS Jimbaran December 2019'!AA24/'FS Jimbaran December 2019'!V24 -> 452.43519 | M14: ='FS Jimbaran December 2019'!C24 -> 43 | N14: ='FS Jimbaran December 2019'!D24 -> 433
... A31: Bali Jimbaran | B31: =B30+1 -> 30 | C31: 12 | D31: 2019 | E31: ='FS Jimbaran December 2019'!P41 -> 27560 | F31: ='FS Jimbaran December 2019'!O41/'FS Jimbaran December 2019'!P41 -> 1097.3405 | G31: ='FS Jimbaran December 2019'!AG41 -> 152.62092 | H31: ='FS Jimbaran December 2019'!AH41/'FS Jimbaran December 2019'!AG41 -> 9196 | I31: ='FS Jimbaran December 2019'!AJ41 -> 442 | J31: ='FS Jimbaran December 2019'!AK41/'FS Jimbaran December 2019'!AJ41 -> 10300 | K31: ='FS Jimbaran December 2019'!V41 -> 869.53 | L31: ='FS Jimbaran December 2019'!AA41/'FS Jimbaran December 2019'!V41 -> 426.54182 | M31: ='FS Jimbaran December 2019'!C41 -> 131 | N31: ='FS Jimbaran December 2019'!D41 -> 1092
A32: Bali Jimbaran | B32: 31 | C32: 12 | D32: 2019 | E32: ='FS Jimbaran December 2019'!P42 -> 24300 | F32: ='FS Jimbaran December 2019'!O42/'FS Jimbaran December 2019'!P42 -> 1198.1161 | G32: ='FS Jimbaran December 2019'!AG42 -> 145.24624 | H32: ='FS Jimbaran December 2019'!AH42/'FS Jimbaran December 2019'!AG42 -> 9396.6799 | I32: ='FS Jimbaran December 2019'!AJ42 -> 258.8 | J32: ='FS Jimbaran December 2019'!AK42/'FS Jimbaran December 2019'!AJ42 -> 10300 | K32: ='FS Jimbaran December 2019'!V42 -> 993.24 | L32: ='FS Jimbaran December 2019'!AA42/'FS Jimbaran December 2019'!V42 -> 605.45461 | M32: ='FS Jimbaran December 2019'!C42 -> 142 | N32: ='FS Jimbaran December 2019'!D42 -> 1035

Sheet FS Jimbaran December 2019
B6: Four Seasons Resort Bali at Jimbaran Bay
B7: DECEMBER 2019
B8: Date | C8: Room Nights | D8: Food Covers | E8: ELECTRICITY Resort, Sundara & Residences | V8: WATER | AC8: GAS
E9: Electricity Resort | J9: Electricity - Sundara | O9: Sub Total (Resort & Sundara) Cost (IDR) | P9: Sub Total (Resort & Sundara), KWh | Q9: Residences- Electricity KWh (daily reading N/A), monthly report | R9: Residences- Electricity cost (IDR) | S9: TOTAL Electricity consumption (KWh) | T9: TOTAL Electricity cost | W9: Water (m3) | AA9: Total Water Cost | AC9: LPG | AJ9: Diesel
E10: BASED LOAD KWh (from 10 pm - 6 pm) | F10: Cost (IDR) | G10: PEAK LOAD KWh (from 6 pm - 10 pm) | H10: Cost (IDR) | I10: Resort Cost (IDR) | J10: BASED LOAD KWh (from 10 pm - 6 pm) | K10: Cost (IDR) | L10: PEAK LOAD KWh (from 6 pm - 10 pm) | M10: Cost (IDR) | N10: Sundara Cost (IDR) | T10: IDR | U10: USD | V10: Water consumption (m3) | W10: Municipal Water (m3) | X10: Municipal Water cost (IDR) | Y10: Deepwell Consumption (m3) | Z10: Deepwell water Cost (IDR) | AA10: IDR | AB10: USD | AC10: LPG Bulk (m3) | AD10: 50 Kg (tube) IVD & TW | AE10: Sundara 50 kg (tube) | AF10: 12 Kg (tube) | AG10: Total kg | AH10: IDR | AI10: USD | AJ10: Used (liters) | AK10: IDR | AL10: USD
D11: `
B12: 1 | C12: 47 | D12: 403 | E12: 16520 | F12: 17111086 | G12: 3720 | H12: 5779652.4 | I12: =F12+H12 -> 22890738 | J12: 1980 | K12: 2050844.4 | L12: 520 | M12: 807908.4 | N12: 2621041.3 | O12: =N12+I12 -> 25511779 | P12: =L12+J12+G12+E12 -> 22740 | V12: =W12+Y12 -> 851.73 | W12: 71.2 | X12: 1279499.6 | Y12: 780.53 | Z12: 22669.261 | AA12: =Z12+X12 -> 1302168.9 | AB12: =AA12/$AL$48 -> 100.3514 | AC12: 116.65088 | AD12: 0 | AE12: 0 | AF12: 0 | AG12: =SUM(AC12:AF12) -> 116.65088 | AH12: 1072721.5 | AI12: =AH12/$AL$48 -> 82.669085 | AJ12: 445 | AK12: 4583500 | AL12: =AK12/$AL$48 -> 353.22659
B13: 2 | C13: 39 | D13: 293 | E13: 18120 | F13: 18768334 | G13: 3840 | H13: 5966092.8 | I13: =F13+H13 -> 24734426 | J13: 1880 | K13: 1947266.4 | L13: 440 | M13: 683614.8 | N13: 1663980.6 | O13: =N13+I13 -> 26398407 | P13: =L13+J13+G13+E13 -> 24280 | V13: =W13+Y13 -> 830.37 | W13: 54.29 | X13: 975618.44 | Y13: 776.08 | Z13: 483610.91 | AA13: =Z13+X13 -> 1459229.4 | AB13: =AA13/$AL$48 -> 112.45524 | AC13: 113.67016 | AD13: 0 | AE13: 0 | AF13: 24 | AG13: =SUM(AC13:AF13) -> 137.67016 | AH13: 1324310.8 | AI13: =AH13/$AL$48 -> 102.05777 | AJ13: 398.4 | AK13: 4103520 | AL13: =AK13/$AL$48 -> 316.23702
B14: 3 | C14: 46 | D14: 261 | E14: 18160 | F14: 18809765 | G14: 3960 | H14: 6152533.2 | I14: =F14+H14 -> 24962298 | J14: 1900 | K14: 1967982 | L14: 480 | M14: 745761.6 | N14: 1888019.8 | O14: =N14+I14 -> 26850318 | P14: =L14+J14+G14+E14 -> 24500 | V14: =W14+Y14 -> 923.82 | W14: 44.5 | X14: 799687.25 | Y14: 879.32 | Z14: 510058.38 | AA14: =Z14+X14 -> 1309745.6 | AB14: =AA14/$AL$48 -> 100.93531 | AC14: 137.39508 | AD14: 0 | AE14: 150 | AF14: 12 | AG14: =SUM(AC14:AF14) -> 299.39508 | AH14: 2976485.2 | AI14: =AH14/$AL$48 -> 229.38228 | AJ14: 326.1 | AK14: 3358830 | AL14: =AK14/$AL$48 -> 258.84762
B15: 4 | C15: 48 | D15: 294 | E15: 19120 | F15: 19804114 | G15: 4080 | H15: 6338973.6 | I15: =F15+H15 -> 26143087 | J15: 1880 | K15: 1947266.4 | L15: 420 | M15: 652541.4 | N15: 1218077.3 | O15: =N15+I15 -> 27361164 | P15: =L15+J15+G15+E15 -> 25500 | V15: =W15+Y15 -> 890.89 | W15: 130.83 | X15: 2351080.5 | Y15: 760.06 | Z15: 370264.6 | AA15: =Z15+X15 -> 2721345.1 | AB15: =AA15/$AL$48 -> 209.71996 | AC15: 0 | AD15: 0 | AE15: 0 | AF15: 0 | AG15: =SUM(AC15:AF15) -> 0 | AH15: 0 | AI15: =AH15/$AL$48 -> 0 | AJ15: 428.4 | AK15: 4412520 | AL15: =AK15/$AL$48 -> 340.05005
B16: 5 | C16: 49 | D16: 356 | E16: 19520 | F16: 20218426 | G16: 4120 | H16: 6401120.4 | I16: =F16+H16 -> 26619546 | J16: 1860 | K16: 1926550.8 | L16: 460 | M16: 714688.2 | N16: 1968499.9 | O16: =N16+I16 -> 28588046 | P16: =L16+J16+G16+E16 -> 25960 | V16: =W16+Y16 -> 894.45 | W16: 26.7 | X16: 479812.35 | Y16: 867.75 | Z16: 275809.34 | AA16: =Z16+X16 -> 755621.69 | AB16: =AA16/$AL$48 -> 58.231848 | AC16: 135.70332 | AD16: 0 | AE16: 250 | AF16: 48 | AG16: =SUM(AC16:AF16) -> 433.70332 | AH16: 4428427.7 | AI16: =AH16/$AL$48 -> 341.27597 | AJ16: 632.1 | AK16: 6510630 | AL16: =AK16/$AL$48 -> 501.74051
B17: 6 | C17: 71 | D17: 452 | E17: 20320 | F17: 21047050 | G17: 4360 | H17: 6774001.2 | I17: =F17+H17 -> 27821051 | J17: 2000 | K17: 2071560 | L17: 480 | M17: 745761.6 | N17: 1903245.8 | O17: =N17+I17 -> 29724297 | P17: =L17+J17+G17+E17 -> 27160 | V17: =W17+Y17 -> 949.63 | W17: 43.61 | X17: 783693.51 | Y17: 906.02 | Z17: 502501.96 | AA17: =Z17+X17 -> 1286195.5 | AB17: =AA17/$AL$48 -> 99.120418 | AC17: 133.08512 | AD17: 0 | AE17: 0 | AF17: 0 | AG17: =SUM(AC17:AF17) -> 133.08512 | AH17: 1223850.8 | AI17: =AH17/$AL$48 -> 94.315835 | AJ17: 449.22 | AK17: 4626966 | AL17: =AK17/$AL$48 -> 356.57629
B18: 7 | C18: 82 | D18: 572 | E18: 21080 | F18: 21834242 | G18: 4400 | H18: 6836148 | I18: =F18+H18 -> 28670390 | J18: 2260 | K18: 2340862.8 | L18: 480 | M18: 745761.6 | N18: 1914121.4 | O18: =N18+I18 -> 30584512 | P18: =L18+J18+G18+E18 -> 28220 | V18: =W18+Y18 -> 906.02 | W18: 63.19 | X18: 1135555.9 | Y18: 842.83 | Z18: 302256.82 | AA18: =Z18+X18 -> 1437812.7 | AB18: =AA18/$AL$48 -> 110.80477 | AC18: 142.51064 | AD18: 0 | AE18: 150 | AF18: 24 | AG18: =SUM(AC18:AF18) -> 316.51064 | AH18: 3163027.8 | AI18: =AH18/$AL$48 -> 243.75816 | AJ18: 359.38 | AK18: 3701614 | AL18: =AK18/$AL$48 -> 285.26421
B19: 8 | C19: 35 | D19: 487 | E19: 19560 | F19: 20259857 | G19: 4120 | H19: 6401120.4 | I19: =F19+H19 -> 26660977 | J19: 1960 | K19: 2030128.8 | L19: 460 | M19: 714688.2 | N19: 2033754 | O19: =N19+I19 -> 28694731 | P19: =L19+J19+G19+E19 -> 26100 | V19: =W19+Y19 -> 895.34 | W19: 50.73 | X19: 911643.47 | Y19: 844.61 | Z19: 7556.4204 | AA19: =Z19+X19 -> 919199.89 | AB19: =AA19/$AL$48 -> 70.837971 | AC19: 120.0344 | AD19: 0 | AE19: 0 | AF19: 12 | AG19: =SUM(AC19:AF19) -> 132.0344 | AH19: 1243336.3 | AI19: =AH19/$AL$48 -> 95.817488 | AJ19: 388.5 | AK19: 4001550 | AL19: =AK19/$AL$48 -> 308.37872
B20: 9 | C20: 24 | D20: 275 | E20: 19280 | F20: 19969838 | G20: 4000 | H20: 6214680 | I20: =F20+H20 -> 26184518 | J20: 1780 | K20: 1843688.4 | L20: 420 | M20: 652541.4 | N20: 2033754 | O20: =N20+I20 -> 28218272 | P20: =L20+J20+G20+E20 -> 25480 | V20: =W20+Y20 -> 874.87 | W20: 67.64 | X20: 1215524.6 | Y20: 807.23 | Z20: 7556.4204 | AA20: =Z20+X20 -> 1223081 | AB20: =AA20/$AL$48 -> 94.256516 | AC20: 120.2358 | AD20: 0 | AE20: 0 | AF20: 12 | AG20: =SUM(AC20:AF20) -> 132.2358 | AH20: 1245188.4 | AI20: =AH20/$AL$48 -> 95.960217 | AJ20: 424 | AK20: 4367200 | AL20: =AK20/$AL$48 -> 336.55747
B21: 10 | C21: 28 | D21: 188 | E21: 19000 | F21: 19679820 | G21: 4120 | H21: 6401120.4 | I21: =F21+H21 -> 26080940 | J21: 1820 | K21: 1885119.6 | L21: 440 | M21: 683614.8 | N21: 2001127 | O21: =N21+I21 -> 28082067 | P21: =L21+J21+G21+E21 -> 25380 | V21: =W21+Y21 -> 946.96 | W21: 17.8 | X21: 319874.9 | Y21: 929.16 | Z21: 102011.68 | AA21: =Z21+X21 -> 421886.58 | AB21: =AA21/$AL$48 -> 32.512612 | AC21: 127.00284 | AD21: 0 | AE21: 250 | AF21: 12 | AG21: =SUM(AC21:AF21) -> 389.00284 | AH21: 3929918.1 | AI21: =AH21/$AL$48 -> 302.85842 | AJ21: 289.9 | AK21: 2985970 | AL21: =AK21/$AL$48 -> 230.11323
B22: 11 | C22: 73 | D22: 240 | E22: 19520 | F22: 20218426 | G22: 4200 | H22: 6525414 | I22: =F22+H22 -> 26743840 | J22: 1940 | K22: 2009413.2 | L22: 460 | M22: 714688.2 | N22: 1924997.1 | O22: =N22+I22 -> 28668837 | P22: =L22+J22+G22+E22 -> 26120 | V22: =W22+Y22 -> 849.95 | W22: 63.19 | X22: 1135555.9 | Y22: 786.76 | Z22: 623404.68 | AA22: =Z22+X22 -> 1758960.6 | AB22: =AA22/$AL$48 -> 135.55397 | AC22: 117.33564 | AD22: 0 | AE22: 0 | AF22: 0 | AG22: =SUM(AC22:AF22) -> 117.33564 | AH22: 1079018.5 | AI22: =AH22/$AL$48 -> 83.154367 | AJ22: 454.7 | AK22: 4683410 | AL22: =AK22/$AL$48 -> 360.92613
B23: 12 | C23: 78 | D23: 408 | E23: 20560 | F23: 21295637 | G23: 4280 | H23: 6649707.6 | I23: =F23+H23 -> 27945344 | J23: 2020 | K23: 2092275.6 | L23: 500 | M23: 776835 | N23: 2012002.6 | O23: =N23+I23 -> 29957347 | P23: =L23+J23+G23+E23 -> 27360 | V23: =W23+Y23 -> 887.33 | W23: 56.07 | X23: 1007605.9 | Y23: 831.26 | Z23: 264474.71 | AA23: =Z23+X23 -> 1272080.6 | AB23: =AA23/$AL$48 -> 98.032662 | AC23: 125.63332 | AD23: 0 | AE23: 0 | AF23: 12 | AG23: =SUM(AC23:AF23) -> 137.63332 | AH23: 1294824 | AI23: =AH23/$AL$48 -> 99.785375 | AJ23: 639.6 | AK23: 6587880 | AL23: =AK23/$AL$48 -> 507.69377
... B42: 31 | C42: 142 | D42: 1035 | E42: 19320 | F42: 20011270 | G42: 4200 | H42: 6525414 | I42: =F42+H42 -> 26536684 | J42: 280 | K42: 290018.4 | L42: 500 | M42: 776835 | N42: 2577538.5 | O42: =N42+I42 -> 29114222 | P42: =L42+J42+G42+E42 -> 24300 | V42: =W42+Y42 -> 993.24 | W42: 4.45 | X42: 79968.725 | Y42: 988.79 | Z42: 521393.01 | AA42: =Z42+X42 -> 601361.73 | AB42: =AA42/$AL$48 -> 46.343832 | AC42: 133.24624 | AD42: 0 | AE42: 0 | AF42: 12 | AG42: =SUM(AC42:AF42) -> 145.24624 | AH42: 1364832.4 | AI42: =AH42/$AL$48 -> 105.18056 | AJ42: 258.8 | AK42: 2665640 | AL42: =AK42/$AL$48 -> 205.42706
S44: =SUM(S12:S41) -> 0
C47: =SUM(C12:C43) -> 2182 | D47: =SUM(D12:D43) -> 15719 | E47: =SUM(E12:E43) -> 603360 | F47: =SUM(F12:F43) -> 6.2494822e+08 | G47: =SUM(G12:G43) -> 128960 | H47: =SUM(H12:H43) -> 2.0036128e+08 | I47: =SUM(I12:I43) -> 8.253095e+08 | J47: =SUM(J12:J43) -> 61620 | ... P47: =SUM(P12:P43) -> 808880 | Q47: =#REF! -> #REF! | R47: =#REF! -> #REF! | S47: =Q47+P47 -> #REF! | T47: =R47+O47 -> #REF! | U47: =T47/AL48 -> #REF! | V47: =SUM(V12:V42) -> 27474.3 | W47: =SUM(W12:W42) -> 1001.25 | X47: =SUM(X12:X42) -> 17992963 | Y47: =SUM(Y12:Y42) -> 26473.05 | Z47: =SUM(Z12:Z42) -> 10325848 | AA47: =SUM(AA12:AA42) -> 28318812 | AB47: =AA47/$AL$48 -> 2182.384 | AC47: =SUM(AC12:AC41) -> 3689.6077 | AD47: =SUM(AD12:AD41) -> 0 | AE47: =SUM(AE12:AE42) -> 1800 | AF47: =SUM(AF12:AF42) -> 420 | AG47: =SUM(AG12:AG42) -> 6042.854 | AH47: =SUM(AH12:AH43) -> 58919465 | AI47: =AH47/$AL$48 -> 4540.6178 | AJ47: =SUM(AJ12:AJ43) -> 14627.9 | AK47: =SUM(AK12:AK43) -> 1.5066737e+08 | AL47: =AK47/AL48 -> 11611.153
T48: kWh rate | U48: =U47/S47 -> #REF! | AL48: 12976.09

Sheet RNs & Covers Dec 2019
A1: Four Seasons Resort Bali at Jimbaran Bay
A2: 43800
A3: Date | B3: Room Nights | C3: Food Covers
A6: 1 | B6: 47 | C6: 403
A7: 2 | B7: 39 | C7: 293
A8: =A7+1 -> 3 | B8: 46 | C8: 261
A9: =A8+1 -> 4 | B9: 48 | C9: 294
A10: =A9+1 -> 5 | B10: 49 | C10: 356
A11: =A10+1 -> 6 | B11: 71 | C11: 452
A12: =A11+1 -> 7 | B12: 82 | C12: 572
A13: =A12+1 -> 8 | B13: 35 | C13: 487
A14: =A13+1 -> 9 | B14: 24 | C14: 275
A15: =A14+1 -> 10 | B15: 28 | C15: 188
A16: =A15+1 -> 11 | B16: 73 | C16: 240
A17: =A16+1 -> 12 | B17: 78 | C17: 408
A18: =A17+1 -> 13 | B18: 43 | C18: 433
A19: =A18+1 -> 14 | B19: 43 | C19: 332
... A36: =A35+1 -> 31 | B36: 142 | C36: 1035
B38: =SUM(B6:B37) -> 2182 | C38: =SUM(C6:C37) -> 15719
