Workbook

Sheet TOTAL
A1: Site Name | B1: Day | C1: Month | D1: Year | E1: Total Electricity Kwh | F1: Electricity Tariff ($/Kwh) | G1: LPG (Kg) | H1: LPG $/Kg | I1: Total Fuel Oil (Liter) | J1: Fuel Oil $/Liter | K1: Water Utility Supply (m3) m3 | L1: Water Utility Supply (m3) $/m3 | M1: Room Nights | N1: Food Covers
A2: Bali Jimbaran | B2: 1 | C2: 12 | D2: 2020 | E2: ='FS Jimbaran December 2020'!P12 -> 13060 | F2: ='FS Jimbaran December 2020'!O12/'FS Jimbaran December 2020'!P12 -> 1141.3011 | G2: ='FS Jimbaran December 2020'!AG12 -> 12 | H2: ='FS Jimbaran December 2020'!AH12/'FS Jimbaran December 2020'!AG12 -> 11458.333 | I2: ='FS Jimbaran December 2020'!AJ12 -> 122.67 | J2: ='FS Jimbaran December 2020'!AK12/'FS Jimbaran December 2020'!AJ12 -> 8600 | K2: ='FS Jimbaran December 2020'!V12 -> 798.33 | L2: ='FS Jimbaran December 2020'!AA12/'FS Jimbaran December 2020'!V12 -> 2003.4002 | M2: ='FS Jimbaran December 2020'!C12 -> 3 | N2: ='FS Jimbaran December 2020'!D12 -> 31
A3: Bali Jimbaran | B3: =B2+1 -> 2 | C3: 12 | D3: 2020 | E3: ='FS Jimbaran December 2020'!P13 -> 12440 | F3: ='FS Jimbaran December 2020'!O13/'FS Jimbaran December 2020'!P13 -> 1131.2399 | G3: ='FS Jimbaran December 2020'!AG13 -> 0 | H3: ='FS Jimbaran December 2020'!AH13/'FS Jimbaran December 2020'!AG13 -> #DIV/0! | I3: ='FS Jimbaran December 2020'!AJ13 -> 217.8 | J3: ='FS Jimbaran December 2020'!AK13/'FS Jimbaran December 2020'!AJ13 -> 8600 | K3: ='FS Jimbaran December 2020'!V13 -> 819.512 | L3: ='FS Jimbaran December 2020'!AA13/'FS Jimbaran December 2020'!V13 -> 1745.2387 | M3: ='FS Jimbaran December 2020'!C13 -> 3 | N3: ='FS Jimbaran December 2020'!D13 -> 33
A4: Bali Jimbaran | B4: =B3+1 -> 3 | C4: 12 | D4: 2020 | E4: ='FS Jimbaran December 2020'!P14 -> 13108 | F4: ='FS Jimbaran December 2020'!O14/'FS Jimbaran December 2020'!P14 -> 1134.9329 | G4: ='FS Jimbaran December 2020'!AG14 -> 24 | H4: ='FS Jimbaran December 2020'!AH14/'FS Jimbaran December 2020'!AG14 -> 11458.333 | I4: ='FS Jimbaran December 2020'!AJ14 -> 221.66 | J4: ='FS Jimbaran December 2020'!AK14/'FS Jimbaran December 2020'!AJ14 -> 8600 | K4: ='FS Jimbaran December 2020'!V14 -> 831.26 | L4: ='FS Jimbaran December 2020'!AA14/'FS Jimbaran December 2020'!V14 -> 1907.2218 | M4: ='FS Jimbaran December 2020'!C14 -> 9 | N4: ='FS Jimbaran December 2020'!D14 -> 63
A5: Bali Jimbaran | B5: =B4+1 -> 4 | C5: 12 | D5: 2020 | E5: ='FS Jimbaran December 2020'!P15 -> 13160 | F5: ='FS Jimbaran December 2020'!O15/'FS Jimbaran December 2020'!P15 -> 1087.4116 | G5: ='FS Jimbaran December 2020'!AG15 -> 12 | H5: ='FS Jimbaran December 2020'!AH15/'FS Jimbaran December 2020'!AG15 -> 11458.333 | I5: ='FS Jimbaran December 2020'!AJ15 -> 254.04 | J5: ='FS Jimbaran December 2020'!AK15/'FS Jimbaran December 2020'!AJ15 -> 8600 | K5: ='FS Jimbaran December 2020'!V15 -> 801.89 | L5: ='FS Jimbaran December 2020'!AA15/'FS Jimbaran December 2020'!V15 -> 1795.0555 | M5: ='FS Jimbaran December 2020'!C15 -> 11 | N5: ='FS Jimbaran December 2020'!D15 -> 55
A6: Bali Jimbaran | B6: =B5+1 -> 5 | C6: 12 | D6: 2020 | E6: ='FS Jimbaran December 2020'!P16 -> 13600 | F6: ='FS Jimbaran December 2020'!O16/'FS Jimbaran December 2020'!P16 -> 1130.2568 | G6: ='FS Jimbaran December 2020'!AG16 -> 412 | H6: ='FS Jimbaran December 2020'!AH16/'FS Jimbaran December 2020'!AG16 -> 10799.757 | I6: ='FS Jimbaran December 2020'!AJ16 -> 158.78 | J6: ='FS Jimbaran December 2020'!AK16/'FS Jimbaran December 2020'!AJ16 -> 8600 | K6: ='FS Jimbaran December 2020'!V16 -> 792.99 | L6: ='FS Jimbaran December 2020'!AA16/'FS Jimbaran December 2020'!V16 -> 1895.8777 | M6: ='FS Jimbaran December 2020'!C16 -> 12 | N6: ='FS Jimbaran December 2020'!D16 -> 94
A7: Bali Jimbaran | B7: =B6+1 -> 6 | C7: 12 | D7: 2020 | E7: ='FS Jimbaran December 2020'!P17 -> 13520 | F7: ='FS Jimbaran December 2020'!O17/'FS Jimbaran December 2020'!P17 -> 1130.586 | G7: ='FS Jimbaran December 2020'!AG17 -> 12 | H7: ='FS Jimbaran December 2020'!AH17/'FS Jimbaran December 2020'!AG17 -> 11458.333 | I7: ='FS Jimbaran December 2020'!AJ17 -> 221.52 | J7: ='FS Jimbaran December 2020'!AK17/'FS Jimbaran December 2020'!AJ17 -> 8600 | K7: ='FS Jimbaran December 2020'!V17 -> 812.57 | L7: ='FS Jimbaran December 2020'!AA17/'FS Jimbaran December 2020'!V17 -> 1830.511 | M7: ='FS Jimbaran December 2020'!C17 -> 7 | N7: ='FS Jimbaran December 2020'!D17 -> 86
A8: Bali Jimbaran | B8: =B7+1 -> 7 | C8: 12 | D8: 2020 | E8: ='FS Jimbaran December 2020'!P18 -> 14320 | F8: ='FS Jimbaran December 2020'!O18/'FS Jimbaran December 2020'!P18 -> 1133.2822 | G8: ='FS Jimbaran December 2020'!AG18 -> 0 | H8: ='FS Jimbaran December 2020'!AH18/'FS Jimbaran December 2020'!AG18 -> #DIV/0! | I8: ='FS Jimbaran December 2020'!AJ18 -> 231.4 | J8: ='FS Jimbaran December 2020'!AK18/'FS Jimbaran December 2020'!AJ18 -> 8600 | K8: ='FS Jimbaran December 2020'!V18 -> 825.03 | L8: ='FS Jimbaran December 2020'!AA18/'FS Jimbaran December 2020'!V18 -> 1705.9374 | M8: ='FS Jimbaran December 2020'!C18 -> 4 | N8: ='FS Jimbaran December 2020'!D18 -> 36
A9: Bali Jimbaran | B9: =B8+1 -> 8 | C9: 12 | D9: 2020 | E9: ='FS Jimbaran December 2020'!P19 -> 14240 | F9: ='FS Jimbaran December 2020'!O19/'FS Jimbaran December 2020'!P19 -> 1142.2311 | G9: ='FS Jimbaran December 2020'!AG19 -> 12 | H9: ='FS Jimbaran December 2020'!AH19/'FS Jimbaran December 2020'!AG19 -> 11458.333 | I9: ='FS Jimbaran December 2020'!AJ19 -> 218.38 | J9: ='FS Jimbaran December 2020'!AK19/'FS Jimbaran December 2020'!AJ19 -> 8600 | K9: ='FS Jimbaran December 2020'!V19 -> 820.58 | L9: ='FS Jimbaran December 2020'!AA19/'FS Jimbaran December 2020'!V19 -> 1344.8639 | M9: ='FS Jimbaran December 2020'!C19 -> 6 | N9: ='FS Jimbaran December 2020'!D19 -> 71
A10: Bali Jimbaran | B10: =B9+1 -> 9 | C10: 12 | D10: 2020 | E10: ='FS Jimbaran December 2020'!P20 -> 14900 | F10: ='FS Jimbaran December 2020'!O20/'FS Jimbaran December 2020'!P20 -> 1131.9546 | G10: ='FS Jimbaran December 2020'!AG20 -> 0 | H10: ='FS Jimbaran December 2020'!AH20/'FS Jimbaran December 2020'!AG20 -> #DIV/0! | I10: ='FS Jimbaran December 2020'!AJ20 -> 187.62 | J10: ='FS Jimbaran December 2020'!AK20/'FS Jimbaran December 2020'!AJ20 -> 8600 | K10: ='FS Jimbaran December 2020'!V20 -> 849.95 | L10: ='FS Jimbaran December 2020'!AA20/'FS Jimbaran December 2020'!V20 -> 2220.4387 | M10: ='FS Jimbaran December 2020'!C20 -> 9 | N10: ='FS Jimbaran December 2020'!D20 -> 67
A11: Bali Jimbaran | B11: =B10+1 -> 10 | C11: 12 | D11: 2020 | E11: ='FS Jimbaran December 2020'!P21 -> 15280 | F11: ='FS Jimbaran December 2020'!O21/'FS Jimbaran December 2020'!P21 -> 1132.8505 | G11: ='FS Jimbaran December 2020'!AG21 -> 450 | H11: ='FS Jimbaran December 2020'!AH21/'FS Jimbaran December 2020'!AG21 -> 10780 | I11: ='FS Jimbaran December 2020'!AJ21 -> 191.96 | J11: ='FS Jimbaran December 2020'!AK21/'FS Jimbaran December 2020'!AJ21 -> 8600 | K11: ='FS Jimbaran December 2020'!V21 -> 825.92 | L11: ='FS Jimbaran December 2020'!AA21/'FS Jimbaran December 2020'!V21 -> 1607.2753 | M11: ='FS Jimbaran December 2020'!C21 -> 8 | N11: ='FS Jimbaran December 2020'!D21 -> 84
A12: Bali Jimbaran | B12: =B11+1 -> 11 | C12: 12 | D12: 2020 | E12: ='FS Jimbaran December 2020'!P22 -> 15500 | F12: ='FS Jimbaran December 2020'!O22/'FS Jimbaran December 2020'!P22 -> 1123.8881 | G12: ='FS Jimbaran December 2020'!AG22 -> 12 | H12: ='FS Jimbaran December 2020'!AH22/'FS Jimbaran December 2020'!AG22 -> 11458.333 | I12: ='FS Jimbaran December 2020'!AJ22 -> 219.42 | J12: ='FS Jimbaran December 2020'!AK22/'FS Jimbaran December 2020'!AJ22 -> 8600 | K12: ='FS Jimbaran December 2020'!V22 -> 827.7 | L12: ='FS Jimbaran December 2020'!AA22/'FS Jimbaran December 2020'!V22 -> 1932.3118 | M12: ='FS Jimbaran December 2020'!C22 -> 6 | N12: ='FS Jimbaran December 2020'!D22 -> 93
A13: Bali Jimbaran | B13: =B12+1 -> 12 | C13: 12 | D13: 2020 | E13: ='FS Jimbaran December 2020'!P23 -> 12784 | F13: ='FS Jimbaran December 2020'!O23/'FS Jimbaran December 2020'!P23 -> 1096.9108 | G13: ='FS Jimbaran December 2020'!AG23 -> 424 | H13: ='FS Jimbaran December 2020'!AH23/'FS Jimbaran December 2020'!AG23 -> 10818.396 | I13: ='FS Jimbaran December 2020'!AJ23 -> 211.84 | J13: ='FS Jimbaran December 2020'!AK23/'FS Jimbaran December 2020'!AJ23 -> 8600 | K13: ='FS Jimbaran December 2020'!V23 -> 836.6 | L13: ='FS Jimbaran December 2020'!AA23/'FS Jimbaran December 2020'!V23 -> 1835.2851 | M13: ='FS Jimbaran December 2020'!C23 -> 8 | N13: ='FS Jimbaran December 2020'!D23 -> 158
A14: Bali Jimbaran | B14: =B13+1 -> 13 | C14: 12 | D14: 2020 | E14: ='FS Jimbaran December 2020'!P24 -> 15136 | F14: ='FS Jimbaran December 2020'!O24/'FS Jimbaran December 2020'!P24 -> 1165.013 | G14: ='FS Jimbaran December 2020'!AG24 -> 0 | H14: ='FS Jimbaran December 2020'!AH24/'FS Jimbaran December 2020'!AG24 -> #DIV/0! | I14: ='FS Jimbaran December 2020'!AJ24 -> 217.46 | J14: ='FS Jimbaran December 2020'!AK24/'FS Jimbaran December 2020'!AJ24 -> 8600 | K14: ='FS Jimbaran December 2020'!V24 -> 848.17 | L14: ='FS Jimbaran December 2020'!AA24/'FS Jimbaran December 2020'!V24 -> 1621.6821 | M14: ='FS Jimbaran December 2020'!C24 -> 8 | N14: ='FS Jimbaran December 2020'!D24 -> 153
... A31: Bali Jimbaran | B31: =B30+1 -> 30 | C31: 12 | D31: 2020 | E31: ='FS Jimbaran December 2020'!P41 -> 12240 | F31: ='FS Jimbaran December 2020'!O41/'FS Jimbaran December 2020'!P41 -> 1162.5446 | G31: ='FS Jimbaran December 2020'!AG41 -> 0 | H31: ='FS Jimbaran December 2020'!AH41/'FS Jimbaran December 2020'!AG41 -> #DIV/0! | I31: ='FS Jimbaran December 2020'!AJ41 -> 215.86 | J31: ='FS Jimbaran December 2020'!AK41/'FS Jimbaran December 2020'!AJ41 -> 8600 | K31: ='FS Jimbaran December 2020'!V41 -> 826.81 | L31: ='FS Jimbaran December 2020'!AA41/'FS Jimbaran December 2020'!V41 -> 1740.9526 | M31: ='FS Jimbaran December 2020'!C41 -> 29 | N31: ='FS Jimbaran December 2020'!D41 -> 271
A32: Bali Jimbaran | B32: 31 | C32: 12 | D32: 2020 | E32: ='FS Jimbaran December 2020'!P42 -> 16920 | F32: ='FS Jimbaran December 2020'!O42/'FS Jimbaran December 2020'!P42 -> 1140.3681 | G32: ='FS Jimbaran December 2020'!AG42 -> 0 | H32: ='FS Jimbaran December 2020'!AH42/'FS Jimbaran December 2020'!AG42 -> #DIV/0! | I32: ='FS Jimbaran December 2020'!AJ42 -> 342.9 | J32: ='FS Jimbaran December 2020'!AK42/'FS Jimbaran December 2020'!AJ42 -> 8600 | K32: ='FS Jimbaran December 2020'!V42 -> 814.35 | L32: ='FS Jimbaran December 2020'!AA42/'FS Jimbaran December 2020'!V42 -> 1747.9503 | M32: ='FS Jimbaran December 2020'!C42 -> 43 | N32: ='FS Jimbaran December 2020'!D42 -> 301

Sheet FS Jimbaran December 2020
B6: Four Seasons Resort Bali at Jimbaran Bay
B7: DECEMBER 2020
B8: Date | C8: Room Nights | D8: Food Covers | E8: ELECTRICITY Resort, Sundara & Residences | V8: WATER | AC8: GAS
E9: Electricity Resort | J9: Electricity - Sundara | O9: Sub Total (Resort & Sundara) Cost (IDR) | P9: Sub Total (Resort & Sundara), KWh | Q9: Residences- Electricity KWh (daily reading N/A), monthly report | R9: Residences- Electricity cost (IDR) | S9: TOTAL Electricity consumption (KWh) | T9: TOTAL Electricity cost | W9: Water (m3) | AA9: Total Water Cost | AC9: LPG | AJ9: Diesel
E10: BASED LOAD KWh (from 10 pm - 6 pm) | F10: Cost (IDR) | G10: PEAK LOAD KWh (from 6 pm - 10 pm) | H10: Cost (IDR) | I10: Resort Cost (IDR) | J10: BASED LOAD KWh (from 10 pm - 6 pm) | K10: Cost (IDR) | L10: PEAK LOAD KWh (from 6 pm - 10 pm) | M10: Cost (IDR) | N10: Sundara Cost (IDR) | T10: IDR | U10: USD | V10: Water consumption (m3) | W10: Municipal Water (m3) | X10: Municipal Water cost (IDR) | Y10: Deepwell Consumption (m3) | Z10: Deepwell water Cost (IDR) | AA10: IDR | AB10: USD | AC10: LPG Bulk (m3) | AD10: 50 Kg (tube) IVD & TW | AE10: Sundara 50 kg (tube) | AF10: 12 Kg (tube) | AG10: Total kg | AH10: IDR | AI10: USD | AJ10: Used (liters) | AK10: IDR | AL10: USD
D11: `
B12: 1 | C12: 3 | D12: 31 | E12: 9040 | F12: 9363451.2 | G12: 1880 | H12: 2920899.6 | I12: =F12+H12 -> 12284351 | J12: 1600 | K12: 1657248 | L12: 540 | M12: 838981.8 | N12: 2621041.3 | O12: =N12+I12 -> 14905392 | P12: =L12+J12+G12+E12 -> 13060 | V12: =W12+Y12 -> 798.33 | W12: 89 | X12: 1599374.5 | Y12: 709.33 | Z12: 0 | AA12: =Z12+X12 -> 1599374.5 | AB12: =AA12/$AL$48 -> 123.2555 | AC12: 0 | AD12: 0 | AE12: 0 | AF12: 12 | AG12: =SUM(AC12:AF12) -> 12 | AH12: 137500 | AI12: =AH12/$AL$48 -> 10.596412 | AJ12: 122.67 | AK12: 1054962 | AL12: =AK12/$AL$48 -> 81.300453
B13: 2 | C13: 3 | D13: 33 | E13: 9160 | F13: 9487744.8 | G13: 1880 | H13: 2920899.6 | I13: =F13+H13 -> 12408644 | J13: 1140 | K13: 1180789.2 | L13: 260 | M13: 403954.2 | N13: 1663980.6 | O13: =N13+I13 -> 14072625 | P13: =L13+J13+G13+E13 -> 12440 | V13: =W13+Y13 -> 819.512 | W13: 79.21 | X13: 1423443.3 | Y13: 740.302 | Z13: 6800.7784 | AA13: =Z13+X13 -> 1430244.1 | AB13: =AA13/$AL$48 -> 110.2215 | AC13: 0 | AD13: 0 | AE13: 0 | AF13: 0 | AG13: =SUM(AC13:AF13) -> 0 | AH13: 0 | AI13: =AH13/$AL$48 -> 0 | AJ13: 217.8 | AK13: 1873080 | AL13: =AK13/$AL$48 -> 144.34857
B14: 3 | C14: 9 | D14: 63 | E14: 9480 | F14: 9819194.4 | G14: 2040 | H14: 3169486.8 | I14: =F14+H14 -> 12988681 | J14: 1292 | K14: 1338227.8 | L14: 296 | M14: 459886.32 | N14: 1888019.8 | O14: =N14+I14 -> 14876701 | P14: =L14+J14+G14+E14 -> 13108 | V14: =W14+Y14 -> 831.26 | W14: 86.33 | X14: 1551393.3 | Y14: 744.93 | Z14: 34003.892 | AA14: =Z14+X14 -> 1585397.2 | AB14: =AA14/$AL$48 -> 122.17834 | AC14: 0 | AD14: 0 | AE14: 0 | AF14: 24 | AG14: =SUM(AC14:AF14) -> 24 | AH14: 275000 | AI14: =AH14/$AL$48 -> 21.192825 | AJ14: 221.66 | AK14: 1906276 | AL14: =AK14/$AL$48 -> 146.90681
B15: 4 | C15: 11 | D15: 55 | E15: 9640 | F15: 9984919.2 | G15: 2000 | H15: 3107340 | I15: =F15+H15 -> 13092259 | J15: 1140 | K15: 1180789.2 | L15: 380 | M15: 590394.6 | N15: 1218077.3 | O15: =N15+I15 -> 14310336 | P15: =L15+J15+G15+E15 -> 13160 | V15: =W15+Y15 -> 801.89 | W15: 80.1 | X15: 1439437 | Y15: 721.79 | Z15: 0 | AA15: =Z15+X15 -> 1439437 | AB15: =AA15/$AL$48 -> 110.92995 | AC15: 0 | AD15: 0 | AE15: 0 | AF15: 12 | AG15: =SUM(AC15:AF15) -> 12 | AH15: 137500 | AI15: =AH15/$AL$48 -> 10.596412 | AJ15: 254.04 | AK15: 2184744 | AL15: =AK15/$AL$48 -> 168.3669
B16: 5 | C16: 12 | D16: 94 | E16: 10000 | F16: 10357800 | G16: 1960 | H16: 3045193.2 | I16: =F16+H16 -> 13402993 | J16: 1300 | K16: 1346514 | L16: 340 | M16: 528247.8 | N16: 1968499.9 | O16: =N16+I16 -> 15371493 | P16: =L16+J16+G16+E16 -> 13600 | V16: =W16+Y16 -> 792.99 | W16: 83.66 | X16: 1503412 | Y16: 709.33 | Z16: 0 | AA16: =Z16+X16 -> 1503412 | AB16: =AA16/$AL$48 -> 115.86017 | AC16: 0 | AD16: 0 | AE16: 400 | AF16: 12 | AG16: =SUM(AC16:AF16) -> 412 | AH16: 4449500 | AI16: =AH16/$AL$48 -> 342.8999 | AJ16: 158.78 | AK16: 1365508 | AL16: =AK16/$AL$48 -> 105.23262
B17: 6 | C17: 7 | D17: 86 | E17: 9920 | F17: 10274938 | G17: 2000 | H17: 3107340 | I17: =F17+H17 -> 13382278 | J17: 1300 | K17: 1346514 | L17: 300 | M17: 466101 | N17: 1903245.8 | O17: =N17+I17 -> 15285523 | P17: =L17+J17+G17+E17 -> 13520 | V17: =W17+Y17 -> 812.57 | W17: 82.77 | X17: 1487418.3 | Y17: 729.8 | Z17: 0 | AA17: =Z17+X17 -> 1487418.3 | AB17: =AA17/$AL$48 -> 114.62762 | AC17: 0 | AD17: 0 | AE17: 0 | AF17: 12 | AG17: =SUM(AC17:AF17) -> 12 | AH17: 137500 | AI17: =AH17/$AL$48 -> 10.596412 | AJ17: 221.52 | AK17: 1905072 | AL17: =AK17/$AL$48 -> 146.81402
B18: 7 | C18: 4 | D18: 36 | E18: 10520 | F18: 10896406 | G18: 2200 | H18: 3418074 | I18: =F18+H18 -> 14314480 | J18: 1280 | K18: 1325798.4 | L18: 320 | M18: 497174.4 | N18: 1914121.4 | O18: =N18+I18 -> 16228601 | P18: =L18+J18+G18+E18 -> 14320 | V18: =W18+Y18 -> 825.03 | W18: 78.32 | X18: 1407449.6 | Y18: 746.71 | Z18: 0 | AA18: =Z18+X18 -> 1407449.6 | AB18: =AA18/$AL$48 -> 108.46484 | AC18: 0 | AD18: 0 | AE18: 0 | AF18: 0 | AG18: =SUM(AC18:AF18) -> 0 | AH18: 0 | AI18: =AH18/$AL$48 -> 0 | AJ18: 231.4 | AK18: 1990040 | AL18: =AK18/$AL$48 -> 153.36207
B19: 8 | C19: 6 | D19: 71 | E19: 10200 | F19: 10564956 | G19: 2360 | H19: 3666661.2 | I19: =F19+H19 -> 14231617 | J19: 1300 | K19: 1346514 | L19: 380 | M19: 590394.6 | N19: 2033754 | O19: =N19+I19 -> 16265371 | P19: =L19+J19+G19+E19 -> 14240 | V19: =W19+Y19 -> 820.58 | W19: 61.41 | X19: 1103568.4 | Y19: 759.17 | Z19: 0 | AA19: =Z19+X19 -> 1103568.4 | AB19: =AA19/$AL$48 -> 85.046297 | AC19: 0 | AD19: 0 | AE19: 0 | AF19: 12 | AG19: =SUM(AC19:AF19) -> 12 | AH19: 137500 | AI19: =AH19/$AL$48 -> 10.596412 | AJ19: 218.38 | AK19: 1878068 | AL19: =AK19/$AL$48 -> 144.73297
B20: 9 | C20: 9 | D20: 67 | E20: 10960 | F20: 11352149 | G20: 2240 | H20: 3480220.8 | I20: =F20+H20 -> 14832370 | J20: 1360 | K20: 1408660.8 | L20: 340 | M20: 528247.8 | N20: 2033754 | O20: =N20+I20 -> 16866124 | P20: =L20+J20+G20+E20 -> 14900 | V20: =W20+Y20 -> 849.95 | W20: 105.02 | X20: 1887261.9 | Y20: 744.93 | Z20: 0 | AA20: =Z20+X20 -> 1887261.9 | AB20: =AA20/$AL$48 -> 145.44149 | AC20: 0 | AD20: 0 | AE20: 0 | AF20: 0 | AG20: =SUM(AC20:AF20) -> 0 | AH20: 0 | AI20: =AH20/$AL$48 -> 0 | AJ20: 187.62 | AK20: 1613532 | AL20: =AK20/$AL$48 -> 124.34655
B21: 10 | C21: 8 | D21: 84 | E21: 11240 | F21: 11642167 | G21: 2360 | H21: 3666661.2 | I21: =F21+H21 -> 15308828 | J21: 1360 | K21: 1408660.8 | L21: 320 | M21: 497174.4 | N21: 2001127 | O21: =N21+I21 -> 17309955 | P21: =L21+J21+G21+E21 -> 15280 | V21: =W21+Y21 -> 825.92 | W21: 73.87 | X21: 1327480.8 | Y21: 752.05 | Z21: 0 | AA21: =Z21+X21 -> 1327480.8 | AB21: =AA21/$AL$48 -> 102.30207 | AC21: 0 | AD21: 0 | AE21: 450 | AF21: 0 | AG21: =SUM(AC21:AF21) -> 450 | AH21: 4851000 | AI21: =AH21/$AL$48 -> 373.84143 | AJ21: 191.96 | AK21: 1650856 | AL21: =AK21/$AL$48 -> 127.22292
B22: 11 | C22: 6 | D22: 93 | E22: 11720 | F22: 12139342 | G22: 2160 | H22: 3355927.2 | I22: =F22+H22 -> 15495269 | J22: 1320 | K22: 1367229.6 | L22: 300 | M22: 466101 | N22: 1924997.1 | O22: =N22+I22 -> 17420266 | P22: =L22+J22+G22+E22 -> 15500 | V22: =W22+Y22 -> 827.7 | W22: 89 | X22: 1599374.5 | Y22: 738.7 | Z22: 0 | AA22: =Z22+X22 -> 1599374.5 | AB22: =AA22/$AL$48 -> 123.2555 | AC22: 0 | AD22: 0 | AE22: 0 | AF22: 12 | AG22: =SUM(AC22:AF22) -> 12 | AH22: 137500 | AI22: =AH22/$AL$48 -> 10.596412 | AJ22: 219.42 | AK22: 1887012 | AL22: =AK22/$AL$48 -> 145.42223
B23: 12 | C23: 8 | D23: 158 | E23: 10120 | F23: 10482094 | G23: 984 | H23: 1528811.3 | I23: =F23+H23 -> 12010905 | J23: 1340 | K23: 1387945.2 | L23: 340 | M23: 528247.8 | N23: 2012002.6 | O23: =N23+I23 -> 14022908 | P23: =L23+J23+G23+E23 -> 12784 | V23: =W23+Y23 -> 836.6 | W23: 85.44 | X23: 1535399.5 | Y23: 751.16 | Z23: 0 | AA23: =Z23+X23 -> 1535399.5 | AB23: =AA23/$AL$48 -> 118.32528 | AC23: 0 | AD23: 0 | AE23: 400 | AF23: 24 | AG23: =SUM(AC23:AF23) -> 424 | AH23: 4587000 | AI23: =AH23/$AL$48 -> 353.49632 | AJ23: 211.84 | AK23: 1821824 | AL23: =AK23/$AL$48 -> 140.39853
... B42: 31 | C42: 43 | D42: 301 | E42: 12120 | F42: 12553654 | G42: 2680 | H42: 4163835.6 | I42: =F42+H42 -> 16717489 | J42: 1620 | K42: 1677963.6 | L42: 500 | M42: 776835 | N42: 2577538.5 | O42: =N42+I42 -> 19295028 | P42: =L42+J42+G42+E42 -> 16920 | V42: =W42+Y42 -> 814.35 | W42: 79.21 | X42: 1423443.3 | Y42: 735.14 | Z42: 0 | AA42: =Z42+X42 -> 1423443.3 | AB42: =AA42/$AL$48 -> 109.6974 | AC42: 0 | AD42: 0 | AE42: 0 | AF42: 0 | AG42: =SUM(AC42:AF42) -> 0 | AH42: 0 | AI42: =AH42/$AL$48 -> 0 | AJ42: 342.9 | AK42: 2948940 | AL42: =AK42/$AL$48 -> 227.25952
S44: =SUM(S12:S41) -> 0
C47: =SUM(C12:C43) -> 494 | D47: =SUM(D12:D43) -> 4942 | E47: =SUM(E12:E43) -> 336680 | F47: =SUM(F12:F43) -> 3.4872641e+08 | G47: =SUM(G12:G43) -> 70560 | H47: =SUM(H12:H43) -> 1.0962696e+08 | I47: =SUM(I12:I43) -> 4.5835337e+08 | J47: =SUM(J12:J43) -> 43192 | ... P47: =SUM(P12:P43) -> 461988 | Q47: =#REF! -> #REF! | R47: =#REF! -> #REF! | S47: =Q47+P47 -> #REF! | T47: =R47+O47 -> #REF! | U47: =T47/AL48 -> #REF! | V47: =SUM(V12:V42) -> 25341.682 | W47: =SUM(W12:W42) -> 2297.98 | X47: =SUM(X12:X42) -> 41295850 | Y47: =SUM(Y12:Y42) -> 23043.702 | Z47: =SUM(Z12:Z42) -> 40804.67 | AA47: =SUM(AA12:AA42) -> 41336654 | AB47: =SUM(AB12:AB42) -> 3185.6017 | AC47: =SUM(AC12:AC41) -> 0 | AD47: =SUM(AD12:AD41) -> 0 | AE47: =SUM(AE12:AE42) -> 2750 | AF47: =SUM(AF12:AF42) -> 216 | AG47: =SUM(AG12:AG42) -> 2966 | AH47: =SUM(AH12:AH42) -> 32120000 | AI47: =SUM(AI12:AI42) -> 2475.3219 | AJ47: =SUM(AJ12:AJ42) -> 8641.77 | AK47: =SUM(AK12:AK42) -> 74319222 | AL47: =SUM(AL12:AL42) -> 5727.3972
T48: kWh rate | U48: =U47/S47 -> #REF! | AL48: 12976.09
AA49: =AA47/V47 -> 1631.1725

Sheet RNs & Covers Dec 2020
A1: Four Seasons Resort Bali at Jimbaran Bay
A2: 44166
A3: Date | B3: Room Nights | C3: Food Covers
A6: 1 | B6: 3 | C6: 31
A7: 2 | B7: 3 | C7: 33
A8: =A7+1 -> 3 | B8: 9 | C8: 63
A9: =A8+1 -> 4 | B9: 11 | C9: 55
A10: =A9+1 -> 5 | B10: 12 | C10: 94
A11: =A10+1 -> 6 | B11: 7 | C11: 86
A12: =A11+1 -> 7 | B12: 4 | C12: 36
A13: =A12+1 -> 8 | B13: 6 | C13: 71
A14: =A13+1 -> 9 | B14: 9 | C14: 67
A15: =A14+1 -> 10 | B15: 8 | C15: 84
A16: =A15+1 -> 11 | B16: 6 | C16: 93
A17: =A16+1 -> 12 | B17: 8 | C17: 158
A18: =A17+1 -> 13 | B18: 8 | C18: 153
A19: =A18+1 -> 14 | B19: 11 | C19: 58
... A36: =A35+1 -> 31 | B36: 43 | C36: 301
B38: =SUM(B6:B37) -> 494 | C38: =SUM(C6:C37) -> 4942
