Workbook

Sheet Sheet1
A1: Site Name | B1: Day | C1: Month | D1: Year | E1: Total Electricity Kwh | F1: Electricity Tariff ($/Kwh) | G1: LPG (Kg) | H1: LPG $/Kg | I1: District Energy Cooling Kwh | J1: District Energy Cooling $/Kwh | K1: Water Utility Supply (m3) m3 | L1: Water Utility Supply (m3) $/m3 | M1: Irrigation Water (m3) m3 | N1: Irrigation water $/m3 | O1: Room Nights | P1: Total Guests
A2: Bahrain Bay | B2: 1 | C2: 1 | D2: 2022 | E2: ='Jan 2022'!E6 -> 37500.554 | F2: 0.028942278 | G2: ='Jan 2022'!J6 -> 2970 | H2: 0.1122579 | I2: ='Jan 2022'!G6*1000 -> 37974.2 | J2: 0.0401166 | K2: ='Jan 2022'!I6 -> 562 | L2: 0.8677874 | M2: ='Jan 2022'!L6 -> 0 | N2: 0.563 | O2: ='Jan 2022'!D6 -> 99
A3: Bahrain Bay | B3: =B2+1 -> 2 | C3: 1 | D3: 2022 | E3: ='Jan 2022'!E7 -> 37507.065 | F3: 0.028942278 | G3: ='Jan 2022'!J7 -> 2970 | H3: 0.1122579 | I3: ='Jan 2022'!G7*1000 -> 36974.2 | J3: 0.0401166 | K3: ='Jan 2022'!I7 -> 450 | L3: 0.8677874 | M3: ='Jan 2022'!L7 -> 0 | N3: 0.563 | O3: ='Jan 2022'!D7 -> 106
A4: Bahrain Bay | B4: =B3+1 -> 3 | C4: 1 | D4: 2022 | E4: ='Jan 2022'!E8 -> 38706.049 | F4: 0.028942278 | G4: ='Jan 2022'!J8 -> 2970 | H4: 0.1122579 | I4: ='Jan 2022'!G8*1000 -> 27974.2 | J4: 0.0401166 | K4: ='Jan 2022'!I8 -> 415 | L4: 0.8677874 | M4: ='Jan 2022'!L8 -> 0 | N4: 0.563 | O4: ='Jan 2022'!D8 -> 102
A5: Bahrain Bay | B5: =B4+1 -> 4 | C5: 1 | D5: 2022 | E5: ='Jan 2022'!E9 -> 38218.86 | F5: 0.028942278 | G5: ='Jan 2022'!J9 -> 2970 | H5: 0.1122579 | I5: ='Jan 2022'!G9*1000 -> 23974.2 | J5: 0.0401166 | K5: ='Jan 2022'!I9 -> 470 | L5: 0.8677874 | M5: ='Jan 2022'!L9 -> 0 | N5: 0.563 | O5: ='Jan 2022'!D9 -> 95
A6: Bahrain Bay | B6: =B5+1 -> 5 | C6: 1 | D6: 2022 | E6: ='Jan 2022'!E10 -> 38240.561 | F6: 0.028942278 | G6: ='Jan 2022'!J10 -> 2970 | H6: 0.1122579 | I6: ='Jan 2022'!G10*1000 -> 23974.2 | J6: 0.0401166 | K6: ='Jan 2022'!I10 -> 414 | L6: 0.8677874 | M6: ='Jan 2022'!L10 -> 0 | N6: 0.563 | O6: ='Jan 2022'!D10 -> 96
A7: Bahrain Bay | B7: =B6+1 -> 6 | C7: 1 | D7: 2022 | E7: ='Jan 2022'!E11 -> 36417.67 | F7: 0.028942278 | G7: ='Jan 2022'!J11 -> 2970 | H7: 0.1122579 | I7: ='Jan 2022'!G11*1000 -> 22974.2 | J7: 0.0401166 | K7: ='Jan 2022'!I11 -> 411 | L7: 0.8677874 | M7: ='Jan 2022'!L11 -> 0 | N7: 0.563 | O7: ='Jan 2022'!D11 -> 114
A8: Bahrain Bay | B8: =B7+1 -> 7 | C8: 1 | D8: 2022 | E8: ='Jan 2022'!E12 -> 38825.405 | F8: 0.028942278 | G8: ='Jan 2022'!J12 -> 0 | H8: 0.1122579 | I8: ='Jan 2022'!G12*1000 -> 26974.2 | J8: 0.0401166 | K8: ='Jan 2022'!I12 -> 464 | L8: 0.8677874 | M8: ='Jan 2022'!L12 -> 0 | N8: 0.563 | O8: ='Jan 2022'!D12 -> 155
A9: Bahrain Bay | B9: =B8+1 -> 8 | C9: 1 | D9: 2022 | E9: ='Jan 2022'!E13 -> 37500.554 | F9: 0.028942278 | G9: ='Jan 2022'!J13 -> 2970 | H9: 0.1122579 | I9: ='Jan 2022'!G13*1000 -> 25974.2 | J9: 0.0401166 | K9: ='Jan 2022'!I13 -> 464 | L9: 0.8677874 | M9: ='Jan 2022'!L13 -> 0 | N9: 0.563 | O9: ='Jan 2022'!D13 -> 109
A10: Bahrain Bay | B10: =B9+1 -> 9 | C10: 1 | D10: 2022 | E10: ='Jan 2022'!E14 -> 37676.333 | F10: 0.028942278 | G10: ='Jan 2022'!J14 -> 0 | H10: 0.1122579 | I10: ='Jan 2022'!G14*1000 -> 26974.2 | J10: 0.0401166 | K10: ='Jan 2022'!I14 -> 463 | L10: 0.8677874 | M10: ='Jan 2022'!L14 -> 65 | N10: 0.563 | O10: ='Jan 2022'!D14 -> 113
A11: Bahrain Bay | B11: =B10+1 -> 10 | C11: 1 | D11: 2022 | E11: ='Jan 2022'!E15 -> 38444.551 | F11: 0.028942278 | G11: ='Jan 2022'!J15 -> 2970 | H11: 0.1122579 | I11: ='Jan 2022'!G15*1000 -> 24974.2 | J11: 0.0401166 | K11: ='Jan 2022'!I15 -> 464 | L11: 0.8677874 | M11: ='Jan 2022'!L15 -> 34 | N11: 0.563 | O11: ='Jan 2022'!D15 -> 111
A12: Bahrain Bay | B12: =B11+1 -> 11 | C12: 1 | D12: 2022 | E12: ='Jan 2022'!E16 -> 39059.777 | F12: 0.028942278 | G12: ='Jan 2022'!J16 -> 0 | H12: 0.1122579 | I12: ='Jan 2022'!G16*1000 -> 26974.2 | J12: 0.0401166 | K12: ='Jan 2022'!I16 -> 411 | L12: 0.8677874 | M12: ='Jan 2022'!L16 -> 29 | N12: 0.563 | O12: ='Jan 2022'!D16 -> 116
A13: Bahrain Bay | B13: =B12+1 -> 12 | C13: 1 | D13: 2022 | E13: ='Jan 2022'!E17 -> 39880.078 | F13: 0.028942278 | G13: ='Jan 2022'!J17 -> 2970 | H13: 0.1122579 | I13: ='Jan 2022'!G17*1000 -> 28974.2 | J13: 0.0401166 | K13: ='Jan 2022'!I17 -> 414 | L13: 0.8677874 | M13: ='Jan 2022'!L17 -> 58 | N13: 0.563 | O13: ='Jan 2022'!D17 -> 137
A14: Bahrain Bay | B14: =B13+1 -> 13 | C14: 1 | D14: 2022 | E14: ='Jan 2022'!E18 -> 38433.701 | F14: 0.028942278 | G14: ='Jan 2022'!J18 -> 2970 | H14: 0.1122579 | I14: ='Jan 2022'!G18*1000 -> 29974.2 | J14: 0.0401166 | K14: ='Jan 2022'!I18 -> 398 | L14: 0.8677874 | M14: ='Jan 2022'!L18 -> 55 | N14: 0.563 | O14: ='Jan 2022'!D18 -> 136
A15: Bahrain Bay | B15: =B14+1 -> 14 | C15: 1 | D15: 2022 | E15: ='Jan 2022'!E19 -> 39641.366 | F15: 0.028942278 | G15: ='Jan 2022'!J19 -> 0 | H15: 0.1122579 | I15: ='Jan 2022'!G19*1000 -> 32974.2 | J15: 0.0401166 | K15: ='Jan 2022'!I19 -> 420 | L15: 0.8677874 | M15: ='Jan 2022'!L19 -> 77 | N15: 0.563 | O15: ='Jan 2022'!D18 -> 136
A16: Bahrain Bay | B16: =B15+1 -> 15 | C16: 1 | D16: 2022 | E16: ='Jan 2022'!E20 -> 39863.802 | F16: 0.028942278 | G16: ='Jan 2022'!J20 -> 2970 | H16: 0.1122579 | I16: ='Jan 2022'!G20*1000 -> 31974.2 | J16: 0.0401166 | K16: ='Jan 2022'!I20 -> 457 | L16: 0.8677874 | M16: ='Jan 2022'!L20 -> 0 | N16: 0.563 | O16: ='Jan 2022'!D19 -> 157
A17: Bahrain Bay | B17: =B16+1 -> 16 | C17: 1 | D17: 2022 | E17: ='Jan 2022'!E21 -> 36301.57 | F17: 0.028942278 | G17: ='Jan 2022'!J21 -> 2970 | H17: 0.1122579 | I17: ='Jan 2022'!G21*1000 -> 30974.2 | J17: 0.0401166 | K17: ='Jan 2022'!I21 -> 456 | L17: 0.8677874 | M17: ='Jan 2022'!L21 -> 0 | N17: 0.563 | O17: ='Jan 2022'!D21 -> 97
A18: Bahrain Bay | B18: =B17+1 -> 17 | C18: 1 | D18: 2022 | E18: ='Jan 2022'!E22 -> 35216.515 | F18: 0.028942278 | G18: ='Jan 2022'!J22 -> 2970 | H18: 0.1122579 | I18: ='Jan 2022'!G22*1000 -> 33974.2 | J18: 0.0401166 | K18: ='Jan 2022'!I22 -> 387 | L18: 0.8677874 | M18: ='Jan 2022'!L22 -> 0 | N18: 0.563 | O18: ='Jan 2022'!D22 -> 75
A19: Bahrain Bay | B19: =B18+1 -> 18 | C19: 1 | D19: 2022 | E19: ='Jan 2022'!E23 -> 36422.011 | F19: 0.028942278 | G19: ='Jan 2022'!J23 -> 0 | H19: 0.1122579 | I19: ='Jan 2022'!G23*1000 -> 25974.2 | J19: 0.0401166 | K19: ='Jan 2022'!I23 -> 338 | L19: 0.8677874 | M19: ='Jan 2022'!L23 -> 0 | N19: 0.563 | O19: ='Jan 2022'!D23 -> 74
A20: Bahrain Bay | B20: =B19+1 -> 19 | C20: 1 | D20: 2022 | E20: ='Jan 2022'!E24 -> 37522.255 | F20: 0.028942278 | G20: ='Jan 2022'!J24 -> 2970 | H20: 0.1122579 | I20: ='Jan 2022'!G24*1000 -> 23974.2 | J20: 0.0401166 | K20: ='Jan 2022'!I24 -> 404 | L20: 0.8677874 | M20: ='Jan 2022'!L24 -> 0 | N20: 0.563 | O20: ='Jan 2022'!D24 -> 90
A21: Bahrain Bay | B21: =B20+1 -> 20 | C21: 1 | D21: 2022 | E21: ='Jan 2022'!E25 -> 36085.644 | F21: 0.028942278 | G21: ='Jan 2022'!J25 -> 2970 | H21: 0.1122579 | I21: ='Jan 2022'!G25*1000 -> 24974.2 | J21: 0.0401166 | K21: ='Jan 2022'!I25 -> 370 | L21: 0.8677874 | M21: ='Jan 2022'!L25 -> 0 | N21: 0.563 | O21: ='Jan 2022'!D25 -> 109
A22: Bahrain Bay | B22: =B21+1 -> 21 | C22: 1 | D22: 2022 | E22: ='Jan 2022'!E26 -> 35786.169 | F22: 0.028942278 | G22: ='Jan 2022'!J26 -> 2970 | H22: 0.1122579 | I22: ='Jan 2022'!G26*1000 -> 20974.2 | J22: 0.0401166 | K22: ='Jan 2022'!I26 -> 455 | L22: 0.8677874 | M22: ='Jan 2022'!L26 -> 0 | N22: 0.563 | O22: ='Jan 2022'!D26 -> 118
A23: Bahrain Bay | B23: =B22+1 -> 22 | C23: 1 | D23: 2022 | E23: ='Jan 2022'!E27 -> 36296.144 | F23: 0.028942278 | G23: ='Jan 2022'!J27 -> 2970 | H23: 0.1122579 | I23: ='Jan 2022'!G27*1000 -> 18974.2 | J23: 0.0401166 | K23: ='Jan 2022'!I27 -> 390 | L23: 0.8677874 | M23: ='Jan 2022'!L27 -> 0 | N23: 0.563 | O23: ='Jan 2022'!D27 -> 73
A24: Bahrain Bay | B24: =B23+1 -> 23 | C24: 1 | D24: 2022 | E24: ='Jan 2022'!E28 -> 34842.172 | F24: 0.028942278 | G24: ='Jan 2022'!J28 -> 2970 | H24: 0.1122579 | I24: ='Jan 2022'!G28*1000 -> 18974.2 | J24: 0.0401166 | K24: ='Jan 2022'!I28 -> 419 | L24: 0.8677874 | M24: ='Jan 2022'!L28 -> 31 | N24: 0.563 | O24: ='Jan 2022'!D28 -> 70
A25: Bahrain Bay | B25: =B24+1 -> 24 | C25: 1 | D25: 2022 | E25: ='Jan 2022'!E29 -> 36231.041 | F25: 0.028942278 | G25: ='Jan 2022'!J29 -> 2970 | H25: 0.1122579 | I25: ='Jan 2022'!G29*1000 -> 22974.2 | J25: 0.0401166 | K25: ='Jan 2022'!I29 -> 258 | L25: 0.8677874 | M25: ='Jan 2022'!L29 -> 65 | N25: 0.563 | O25: ='Jan 2022'!D29 -> 84
A26: Bahrain Bay | B26: =B25+1 -> 25 | C26: 1 | D26: 2022 | E26: ='Jan 2022'!E30 -> 35551.797 | F26: 0.028942278 | G26: ='Jan 2022'!J30 -> 2970 | H26: 0.1122579 | I26: ='Jan 2022'!G30*1000 -> 22974.2 | J26: 0.0401166 | K26: ='Jan 2022'!I30 -> 301 | L26: 0.8677874 | M26: ='Jan 2022'!L30 -> 103 | N26: 0.563 | O26: ='Jan 2022'!D30 -> 69
A27: Bahrain Bay | B27: =B26+1 -> 26 | C27: 1 | D27: 2022 | E27: ='Jan 2022'!E31 -> 34360.408 | F27: 0.028942278 | G27: ='Jan 2022'!J31 -> 2970 | H27: 0.1122579 | I27: ='Jan 2022'!G31*1000 -> 28974.2 | J27: 0.0401166 | K27: ='Jan 2022'!I31 -> 359 | L27: 0.8677874 | M27: ='Jan 2022'!L31 -> 85 | N27: 0.563 | O27: ='Jan 2022'!D31 -> 107
A28: Bahrain Bay | B28: =B27+1 -> 27 | C28: 1 | D28: 2022 | E28: ='Jan 2022'!E32 -> 36416.585 | F28: 0.028942278 | G28: ='Jan 2022'!J32 -> 0 | H28: 0.1122579 | I28: ='Jan 2022'!G32*1000 -> 27974.2 | J28: 0.0401166 | K28: ='Jan 2022'!I32 -> 377 | L28: 0.8677874 | M28: ='Jan 2022'!L32 -> 30 | N28: 0.563 | O28: ='Jan 2022'!D32 -> 141
A29: Bahrain Bay | B29: =B28+1 -> 28 | C29: 1 | D29: 2022 | E29: ='Jan 2022'!E33 -> 35443.292 | F29: 0.028942278 | G29: ='Jan 2022'!J33 -> 2970 | H29: 0.1122579 | I29: ='Jan 2022'!G33*1000 -> 25974.2 | J29: 0.0401166 | K29: ='Jan 2022'!I33 -> 397 | L29: 0.8677874 | M29: ='Jan 2022'!L33 -> 57 | N29: 0.563 | O29: ='Jan 2022'!D33 -> 174
A30: Bahrain Bay | B30: 29 | C30: 1 | D30: 2022 | E30: ='Jan 2022'!E34 -> 34961.528 | F30: 0.028942278 | G30: ='Jan 2022'!J34 -> 2970 | H30: 0.1122579 | I30: ='Jan 2022'!G34*1000 -> 24974.2 | J30: 0.0401166 | K30: ='Jan 2022'!I34 -> 453 | L30: 0.8677874 | M30: ='Jan 2022'!L34 -> 0 | N30: 0.563 | O30: ='Jan 2022'!D34 -> 86
A31: Bahrain Bay | B31: 30 | C31: 1 | D31: 2022 | E31: ='Jan 2022'!E35 -> 35412.91 | F31: 0.028942278 | G31: ='Jan 2022'!J35 -> 2970 | H31: 0.1122579 | I31: ='Jan 2022'!G35*1000 -> 23974.2 | J31: 0.0401166 | K31: ='Jan 2022'!I35 -> 426 | L31: 0.8677874 | M31: ='Jan 2022'!L35 -> 84 | N31: 0.563 | O31: ='Jan 2022'!D35 -> 114
A32: Bahrain Bay | B32: 31 | C32: 1 | D32: 2022 | E32: ='Jan 2022'!E36 -> 37233.631 | F32: 0.028942278 | G32: ='Jan 2022'!J36 -> 2970 | H32: 0.1122579 | I32: ='Jan 2022'!G36*1000 -> 26000 | J32: 0.0401166 | K32: ='Jan 2022'!I36 -> 372 | L32: 0.8677874 | M32: ='Jan 2022'!L36 -> 0 | N32: 0.563 | O32: ='Jan 2022'!D36 -> 134

Sheet Jan 2022
B2: Electricity and Utilities Reading
B3: S. No. | C3: Date | E3: Electricity Consumption kWh | F3: Chilled H2O Consumption Reading | G3: Consumption MWh | H3: Potable Water Consumption Reading | I3: Consumption m3 | K3: Irrigation Water Consumption Reading | L3: Consumption m3
D4: RoomNights | J4: LPG (Kg)
K5: 321798
B6: 1 | C6: 44562 | D6: 99 | E6: 37500.554 | F6: 205921 | G6: =(F7-F6)-0.0258 -> 37.9742 | H6: 569332 | I6: =H7-H6 -> 562 | J6: 2970 | K6: 321798 | L6: =K6-K5 -> 0
B7: 2 | C7: 44563 | D7: 106 | E7: 37507.065 | F7: 205959 | G7: =(F8-F7)-0.0258 -> 36.9742 | H7: 569894 | I7: =H8-H7 -> 450 | J7: 2970 | K7: 321798 | L7: =K7-K6 -> 0
B8: 3 | C8: 44564 | D8: 102 | E8: 38706.049 | F8: 205996 | G8: =(F9-F8)-0.0258 -> 27.9742 | H8: 570344 | I8: =H9-H8 -> 415 | J8: 2970 | K8: 321798 | L8: =K8-K7 -> 0
B9: 4 | C9: 44565 | D9: 95 | E9: 38218.86 | F9: 206024 | G9: =(F10-F9)-0.0258 -> 23.9742 | H9: 570759 | I9: =H10-H9 -> 470 | J9: 2970 | K9: 321798 | L9: =K9-K8 -> 0
B10: 5 | C10: 44566 | D10: 96 | E10: 38240.561 | F10: 206048 | G10: =(F11-F10)-0.0258 -> 23.9742 | H10: 571229 | I10: =H11-H10 -> 414 | J10: 2970 | K10: 321798 | L10: =K10-K9 -> 0
B11: 6 | C11: 44567 | D11: 114 | E11: 36417.67 | F11: 206072 | G11: =(F12-F11)-0.0258 -> 22.9742 | H11: 571643 | I11: =H12-H11 -> 411 | J11: 2970 | K11: 321798 | L11: =K11-K10 -> 0
B12: 7 | C12: 44568 | D12: 155 | E12: 38825.405 | F12: 206095 | G12: =(F13-F12)-0.0258 -> 26.9742 | H12: 572054 | I12: =H13-H12 -> 464 | J12: 0 | K12: 321798 | L12: =K12-K11 -> 0
B13: 8 | C13: 44569 | D13: 109 | E13: 37500.554 | F13: 206122 | G13: =(F14-F13)-0.0258 -> 25.9742 | H13: 572518 | I13: =H14-H13 -> 464 | J13: 2970 | K13: 321798 | L13: =K13-K12 -> 0
B14: 9 | C14: 44570 | D14: 113 | E14: 37676.333 | F14: 206148 | G14: =(F15-F14)-0.0258 -> 26.9742 | H14: 572982 | I14: =H15-H14 -> 463 | J14: 0 | K14: 321863 | L14: =K14-K13 -> 65
B15: 10 | C15: 44571 | D15: 111 | E15: 38444.551 | F15: 206175 | G15: =(F16-F15)-0.0258 -> 24.9742 | H15: 573445 | I15: =H16-H15 -> 464 | J15: 2970 | K15: 321897 | L15: =K15-K14 -> 34
B16: 11 | C16: 44572 | D16: 116 | E16: 39059.777 | F16: 206200 | G16: =(F17-F16)-0.0258 -> 26.9742 | H16: 573909 | I16: =H17-H16 -> 411 | J16: 0 | K16: 321926 | L16: =K16-K15 -> 29
B17: 12 | C17: 44573 | D17: 137 | E17: 39880.078 | F17: 206227 | G17: =(F18-F17)-0.0258 -> 28.9742 | H17: 574320 | I17: =H18-H17 -> 414 | J17: 2970 | K17: 321984 | L17: =K17-K16 -> 58
... B29: 24 | C29: 44585 | D29: 84 | E29: 36231.041 | F29: 206550 | G29: =(F30-F29)-0.0258 -> 22.9742 | H29: 579228 | I29: =H30-H29 -> 258 | J29: 2970 | K29: 322212 | L29: =K29-K28 -> 65
A30: v | B30: 25 | C30: 44586 | D30: 69 | E30: 35551.797 | F30: 206573 | G30: =(F31-F30)-0.0258 -> 22.9742 | H30: 579486 | I30: =H31-H30 -> 301 | J30: 2970 | K30: 322315 | L30: =K30-K29 -> 103
B31: 26 | C31: 44587 | D31: 107 | E31: 34360.408 | F31: 206596 | G31: =(F32-F31)-0.0258 -> 28.9742 | H31: 579787 | I31: =H32-H31 -> 359 | J31: 2970 | K31: 322400 | L31: =K31-K30 -> 85
B32: 27 | C32: 44588 | D32: 141 | E32: 36416.585 | F32: 206625 | G32: =(F33-F32)-0.0258 -> 27.9742 | H32: 580146 | I32: =H33-H32 -> 377 | J32: 0 | K32: 322430 | L32: =K32-K31 -> 30
B33: 28 | C33: 44589 | D33: 174 | E33: 35443.292 | F33: 206653 | G33: =(F34-F33)-0.0258 -> 25.9742 | H33: 580523 | I33: =H34-H33 -> 397 | J33: 2970 | K33: 322487 | L33: =K33-K32 -> 57
B34: 29 | C34: 44590 | D34: 86 | E34: 34961.528 | F34: 206679 | G34: =(F35-F34)-0.0258 -> 24.9742 | H34: 580920 | I34: =H35-H34 -> 453 | J34: 2970 | K34: 322487 | L34: =K34-K33 -> 0
B35: 30 | C35: 44591 | D35: 114 | E35: 35412.91 | F35: 206704 | G35: =(F36-F35)-0.0258 -> 23.9742 | H35: 581373 | I35: =H36-H35 -> 426 | J35: 2970 | K35: 322571 | L35: =K35-K34 -> 84
B36: 31 | C36: 44592 | D36: 134 | E36: 37233.631 | F36: 206728 | G36: 26 | H36: 581799 | I36: 372 | J36: 2970 | K36: 322571 | L36: =K36-K35 -> 0
I52: k
