Workbook

Sheet Total Daily 
A1: Site Name | B1: Day | C1: Month | D1: Year | E1: Total Electricity Kwh | F1: Electricity Tariff ($/Kwh) | G1: LPG (Kg) | H1: LPG $/Kg | I1: District Energy Cooling Kwh | J1: District Energy Cooling $/Kwh | K1: Water Utility Supply (m3) m3 | L1: Water Utility Supply (m3) m3 | M1: Water Utility Supply (m3) $/m3 | N1: Room Nights
A2: Dubai DIFC | B2: 1 | C2: 2 | D2: 2023 | E2: ='02 - 2023'!B8-'02 - 2023'!B7+'02 - 2023'!C8-'02 - 2023'!C7 -> 9239 | F2: 0.118 | G2: ='02 - 2023'!D8-'02 - 2023'!D7+'02 - 2023'!E8-'02 - 2023'!E7 -> 27.03 | H2: 0.99 | I2: ='02 - 2023'!J8-'02 - 2023'!J7 -> 9770 | J2: 0.081 | K2: ='02 - 2023'!H8-'02 - 2023'!H7 -> 0 | L2: ='02 - 2023'!I8-'02 - 2023'!I7 -> 108 | M2: 4.3936294 | N2: 98
A3: Dubai DIFC | B3: =B2+1 -> 2 | C3: 2 | D3: 2023 | E3: ='02 - 2023'!B9-'02 - 2023'!B8+'02 - 2023'!C9-'02 - 2023'!C8 -> 9458 | F3: 0.118 | G3: ='02 - 2023'!D9-'02 - 2023'!D8+'02 - 2023'!E9-'02 - 2023'!E8 -> 25.76 | H3: 0.99 | I3: ='02 - 2023'!J9-'02 - 2023'!J8 -> 12455 | J3: 0.081 | K3: ='02 - 2023'!H9-'02 - 2023'!H8 -> 0 | L3: ='02 - 2023'!I9-'02 - 2023'!I8 -> 120 | M3: 4.3936294 | N3: 98
A4: Dubai DIFC | B4: =B3+1 -> 3 | C4: 2 | D4: 2023 | E4: ='02 - 2023'!B10-'02 - 2023'!B9+'02 - 2023'!C10-'02 - 2023'!C9 -> 9644 | F4: 0.118 | G4: ='02 - 2023'!D10-'02 - 2023'!D9+'02 - 2023'!E10-'02 - 2023'!E9 -> 26.39 | H4: 0.99 | I4: ='02 - 2023'!J10-'02 - 2023'!J9 -> 13025 | J4: 0.081 | K4: ='02 - 2023'!H10-'02 - 2023'!H9 -> 0 | L4: ='02 - 2023'!I10-'02 - 2023'!I9 -> 114 | M4: 4.3936294 | N4: 101
A5: Dubai DIFC | B5: =B4+1 -> 4 | C5: 2 | D5: 2023 | E5: ='02 - 2023'!B11-'02 - 2023'!B10+'02 - 2023'!C11-'02 - 2023'!C10 -> 9903 | F5: 0.118 | G5: ='02 - 2023'!D11-'02 - 2023'!D10+'02 - 2023'!E11-'02 - 2023'!E10 -> 28.19 | H5: 0.99 | I5: ='02 - 2023'!J11-'02 - 2023'!J10 -> 13712 | J5: 0.081 | K5: ='02 - 2023'!H11-'02 - 2023'!H10 -> 0 | L5: ='02 - 2023'!I11-'02 - 2023'!I10 -> 126 | M5: 4.3936294 | N5: 98
A6: Dubai DIFC | B6: =B5+1 -> 5 | C6: 2 | D6: 2023 | E6: ='02 - 2023'!B12-'02 - 2023'!B11+'02 - 2023'!C12-'02 - 2023'!C11 -> 9531 | F6: 0.118 | G6: ='02 - 2023'!D12-'02 - 2023'!D11+'02 - 2023'!E12-'02 - 2023'!E11 -> 27.9 | H6: 0.99 | I6: ='02 - 2023'!J12-'02 - 2023'!J11 -> 12368 | J6: 0.081 | K6: ='02 - 2023'!H12-'02 - 2023'!H11 -> 0 | L6: ='02 - 2023'!I12-'02 - 2023'!I11 -> 109 | M6: 4.3936294 | N6: 82
A7: Dubai DIFC | B7: =B6+1 -> 6 | C7: 2 | D7: 2023 | E7: ='02 - 2023'!B13-'02 - 2023'!B12+'02 - 2023'!C13-'02 - 2023'!C12 -> 9426 | F7: 0.118 | G7: ='02 - 2023'!D13-'02 - 2023'!D12+'02 - 2023'!E13-'02 - 2023'!E12 -> 29.58 | H7: 0.99 | I7: ='02 - 2023'!J13-'02 - 2023'!J12 -> 11925 | J7: 0.081 | K7: ='02 - 2023'!H13-'02 - 2023'!H12 -> 0 | L7: ='02 - 2023'!I13-'02 - 2023'!I12 -> 109 | M7: 4.3936294 | N7: 85
A8: Dubai DIFC | B8: =B7+1 -> 7 | C8: 2 | D8: 2023 | E8: ='02 - 2023'!B14-'02 - 2023'!B13+'02 - 2023'!C14-'02 - 2023'!C13 -> 9191 | F8: 0.118 | G8: ='02 - 2023'!D14-'02 - 2023'!D13+'02 - 2023'!E14-'02 - 2023'!E13 -> 24.8 | H8: 0.99 | I8: ='02 - 2023'!J14-'02 - 2023'!J13 -> 11759 | J8: 0.081 | K8: ='02 - 2023'!H14-'02 - 2023'!H13 -> 0 | L8: ='02 - 2023'!I14-'02 - 2023'!I13 -> 102 | M8: 4.3936294 | N8: 95
A9: Dubai DIFC | B9: =B8+1 -> 8 | C9: 2 | D9: 2023 | E9: ='02 - 2023'!B15-'02 - 2023'!B14+'02 - 2023'!C15-'02 - 2023'!C14 -> 9008 | F9: 0.118 | G9: ='02 - 2023'!D15-'02 - 2023'!D14+'02 - 2023'!E15-'02 - 2023'!E14 -> 25.82 | H9: 0.99 | I9: ='02 - 2023'!J15-'02 - 2023'!J14 -> 13548 | J9: 0.081 | K9: ='02 - 2023'!H15-'02 - 2023'!H14 -> 0 | L9: ='02 - 2023'!I15-'02 - 2023'!I14 -> 104 | M9: 4.3936294 | N9: 90
A10: Dubai DIFC | B10: =B9+1 -> 9 | C10: 2 | D10: 2023 | E10: ='02 - 2023'!B16-'02 - 2023'!B15+'02 - 2023'!C16-'02 - 2023'!C15 -> 9690 | F10: 0.118 | G10: ='02 - 2023'!D16-'02 - 2023'!D15+'02 - 2023'!E16-'02 - 2023'!E15 -> 24.33 | H10: 0.99 | I10: ='02 - 2023'!J16-'02 - 2023'!J15 -> 14587 | J10: 0.081 | K10: ='02 - 2023'!H16-'02 - 2023'!H15 -> 0 | L10: ='02 - 2023'!I16-'02 - 2023'!I15 -> 110 | M10: 4.3936294 | N10: 99
A11: Dubai DIFC | B11: =B10+1 -> 10 | C11: 2 | D11: 2023 | E11: ='02 - 2023'!B17-'02 - 2023'!B16+'02 - 2023'!C17-'02 - 2023'!C16 -> 9952 | F11: 0.118 | G11: ='02 - 2023'!D17-'02 - 2023'!D16+'02 - 2023'!E17-'02 - 2023'!E16 -> 28.94 | H11: 0.99 | I11: ='02 - 2023'!J17-'02 - 2023'!J16 -> 11878 | J11: 0.081 | K11: ='02 - 2023'!H17-'02 - 2023'!H16 -> 0 | L11: ='02 - 2023'!I17-'02 - 2023'!I16 -> 122 | M11: 4.3936294 | N11: 100
A12: Dubai DIFC | B12: =B11+1 -> 11 | C12: 2 | D12: 2023 | E12: ='02 - 2023'!B18-'02 - 2023'!B17+'02 - 2023'!C18-'02 - 2023'!C17 -> 10160 | F12: 0.118 | G12: ='02 - 2023'!D18-'02 - 2023'!D17+'02 - 2023'!E18-'02 - 2023'!E17 -> 27.73 | H12: 0.99 | I12: ='02 - 2023'!J18-'02 - 2023'!J17 -> 10274 | J12: 0.081 | K12: ='02 - 2023'!H18-'02 - 2023'!H17 -> 0 | L12: ='02 - 2023'!I18-'02 - 2023'!I17 -> 118 | M12: 4.3936294 | N12: 89
A13: Dubai DIFC | B13: =B12+1 -> 12 | C13: 2 | D13: 2023 | E13: ='02 - 2023'!B19-'02 - 2023'!B18+'02 - 2023'!C19-'02 - 2023'!C18 -> 9649 | F13: 0.118 | G13: ='02 - 2023'!D19-'02 - 2023'!D18+'02 - 2023'!E19-'02 - 2023'!E18 -> 26.37 | H13: 0.99 | I13: ='02 - 2023'!J19-'02 - 2023'!J18 -> 11000 | J13: 0.081 | K13: ='02 - 2023'!H19-'02 - 2023'!H18 -> 0 | L13: ='02 - 2023'!I19-'02 - 2023'!I18 -> 115 | M13: 4.3936294 | N13: 83
A14: Dubai DIFC | B14: =B13+1 -> 13 | C14: 2 | D14: 2023 | E14: ='02 - 2023'!B20-'02 - 2023'!B19+'02 - 2023'!C20-'02 - 2023'!C19 -> 9573 | F14: 0.118 | G14: ='02 - 2023'!D20-'02 - 2023'!D19+'02 - 2023'!E20-'02 - 2023'!E19 -> 30.01 | H14: 0.99 | I14: ='02 - 2023'!J20-'02 - 2023'!J19 -> 12308 | J14: 0.081 | K14: ='02 - 2023'!H20-'02 - 2023'!H19 -> 0 | L14: ='02 - 2023'!I20-'02 - 2023'!I19 -> 104 | M14: 4.3936294 | N14: 92
... A21: Dubai DIFC | B21: =B20+1 -> 20 | C21: 2 | D21: 2023 | E21: ='02 - 2023'!B27-'02 - 2023'!B26+'02 - 2023'!C27-'02 - 2023'!C26 -> 9463 | F21: 0.118 | G21: ='02 - 2023'!D27-'02 - 2023'!D26+'02 - 2023'!E27-'02 - 2023'!E26 -> 29.19 | H21: 0.99 | I21: ='02 - 2023'!J27-'02 - 2023'!J26 -> 12408 | J21: 0.081 | K21: ='02 - 2023'!H27-'02 - 2023'!H26 -> 0 | L21: ='02 - 2023'!I27-'02 - 2023'!I26 -> 109 | M21: 4.3936294 | N21: 82
A22: Dubai DIFC | B22: =B21+1 -> 21 | C22: 2 | D22: 2023 | E22: 0 | F22: 0.118 | G22: 0 | H22: 0.99 | I22: 0 | J22: 0.081 | K22: 0 | L22: 0 | M22: 4.3936294
A23: Dubai DIFC | B23: =B22+1 -> 22 | C23: 2 | D23: 2023 | E23: ='02 - 2023'!B29-'02 - 2023'!B28+'02 - 2023'!C29-'02 - 2023'!C28 -> 0 | F23: 0.118 | G23: ='02 - 2023'!D29-'02 - 2023'!D28+'02 - 2023'!E29-'02 - 2023'!E28 -> 0 | H23: 0.99 | I23: ='02 - 2023'!J29-'02 - 2023'!J28 -> 0 | J23: 0.081 | K23: ='02 - 2023'!H29-'02 - 2023'!H28 -> 0 | L23: ='02 - 2023'!I29-'02 - 2023'!I28 -> 0 | M23: 4.3936294
A24: Dubai DIFC | B24: =B23+1 -> 23 | C24: 2 | D24: 2023 | E24: ='02 - 2023'!B30-'02 - 2023'!B29+'02 - 2023'!C30-'02 - 2023'!C29 -> 0 | F24: 0.118 | G24: ='02 - 2023'!D30-'02 - 2023'!D29+'02 - 2023'!E30-'02 - 2023'!E29 -> 0 | H24: 0.99 | I24: ='02 - 2023'!J30-'02 - 2023'!J29 -> 0 | J24: 0.081 | K24: ='02 - 2023'!H30-'02 - 2023'!H29 -> 0 | L24: ='02 - 2023'!I30-'02 - 2023'!I29 -> 0 | M24: 4.3936294
A25: Dubai DIFC | B25: =B24+1 -> 24 | C25: 2 | D25: 2023 | E25: ='02 - 2023'!B31-'02 - 2023'!B30+'02 - 2023'!C31-'02 - 2023'!C30 -> 0 | F25: 0.118 | G25: ='02 - 2023'!D31-'02 - 2023'!D30+'02 - 2023'!E31-'02 - 2023'!E30 -> 0 | H25: 0.99 | I25: ='02 - 2023'!J31-'02 - 2023'!J30 -> 0 | J25: 0.081 | K25: ='02 - 2023'!H31-'02 - 2023'!H30 -> 0 | L25: ='02 - 2023'!I31-'02 - 2023'!I30 -> 0 | M25: 4.3936294
A26: Dubai DIFC | B26: =B25+1 -> 25 | C26: 2 | D26: 2023 | E26: ='02 - 2023'!B32-'02 - 2023'!B31+'02 - 2023'!C32-'02 - 2023'!C31 -> 0 | F26: 0.118 | G26: ='02 - 2023'!D32-'02 - 2023'!D31+'02 - 2023'!E32-'02 - 2023'!E31 -> 0 | H26: 0.99 | I26: ='02 - 2023'!J32-'02 - 2023'!J31 -> 0 | J26: 0.081 | K26: ='02 - 2023'!H32-'02 - 2023'!H31 -> 0 | L26: ='02 - 2023'!I32-'02 - 2023'!I31 -> 0 | M26: 4.3936294
A27: Dubai DIFC | B27: =B26+1 -> 26 | C27: 2 | D27: 2023 | E27: ='02 - 2023'!B33-'02 - 2023'!B32+'02 - 2023'!C33-'02 - 2023'!C32 -> 0 | F27: 0.118 | G27: ='02 - 2023'!D33-'02 - 2023'!D32+'02 - 2023'!E33-'02 - 2023'!E32 -> 0 | H27: 0.99 | I27: ='02 - 2023'!J33-'02 - 2023'!J32 -> 0 | J27: 0.081 | K27: ='02 - 2023'!H33-'02 - 2023'!H32 -> 0 | L27: ='02 - 2023'!I33-'02 - 2023'!I32 -> 0 | M27: 4.3936294
A28: Dubai DIFC | B28: =B27+1 -> 27 | C28: 2 | D28: 2023 | E28: ='02 - 2023'!B34-'02 - 2023'!B33+'02 - 2023'!C34-'02 - 2023'!C33 -> 0 | F28: 0.118 | G28: ='02 - 2023'!D34-'02 - 2023'!D33+'02 - 2023'!E34-'02 - 2023'!E33 -> 0 | H28: 0.99 | I28: ='02 - 2023'!J34-'02 - 2023'!J33 -> 0 | J28: 0.081 | K28: ='02 - 2023'!H34-'02 - 2023'!H33 -> 0 | L28: ='02 - 2023'!I34-'02 - 2023'!I33 -> 0 | M28: 4.3936294
A29: Dubai DIFC | B29: =B28+1 -> 28 | C29: 2 | D29: 2023 | E29: ='02 - 2023'!B35-'02 - 2023'!B34+'02 - 2023'!C35-'02 - 2023'!C34 -> 0 | F29: 0.118 | G29: ='02 - 2023'!D35-'02 - 2023'!D34+'02 - 2023'!E35-'02 - 2023'!E34 -> 0 | H29: 0.99 | I29: ='02 - 2023'!J35-'02 - 2023'!J34 -> 0 | J29: 0.081 | K29: ='02 - 2023'!H35-'02 - 2023'!H34 -> 0 | L29: ='02 - 2023'!I35-'02 - 2023'!I34 -> 0 | M29: 4.3936294

Sheet Submetering Daily 
A1: Site Name | B1: Day | C1: Month | D1: Year | E1: Panel LV1 Kwh | F1: Panel LV2 Kwh | G1: Electricity Tariff ($/Kwh) | H1: Main Kitchen LPG (Kg) | I1: Podium Kitchen LPG (Kg) | J1: Boiler LPG (Kg) | K1: LPG $/Kg | L1: Room Nights
A2: Dubai DIFC | B2: 1 | C2: 2 | D2: 2023 | E2: ='02 - 2023'!B8-'02 - 2023'!B7 -> 3936 | F2: ='02 - 2023'!C8-'02 - 2023'!C7 -> 5303 | G2: 0.118 | H2: ='02 - 2023'!E8-'02 - 2023'!E7 -> 27.11 | I2: ='02 - 2023'!F8-'02 - 2023'!F7 -> 6.78 | J2: ='02 - 2023'!G8-'02 - 2023'!G7 -> 37.84 | K2: 0.74 | L2: 98
A3: Dubai DIFC | B3: =B2+1 -> 2 | C3: 2 | D3: 2023 | E3: ='02 - 2023'!B9-'02 - 2023'!B8 -> 4041 | F3: ='02 - 2023'!C9-'02 - 2023'!C8 -> 5417 | G3: 0.118 | H3: ='02 - 2023'!E9-'02 - 2023'!E8 -> 25.28 | I3: ='02 - 2023'!F9-'02 - 2023'!F8 -> 7.52 | J3: ='02 - 2023'!G9-'02 - 2023'!G8 -> 42.09 | K3: 0.74 | L3: 98
A4: Dubai DIFC | B4: =B3+1 -> 3 | C4: 2 | D4: 2023 | E4: ='02 - 2023'!B10-'02 - 2023'!B9 -> 4120 | F4: ='02 - 2023'!C10-'02 - 2023'!C9 -> 5524 | G4: 0.118 | H4: ='02 - 2023'!E10-'02 - 2023'!E9 -> 26.47 | I4: ='02 - 2023'!F10-'02 - 2023'!F9 -> 8.18 | J4: ='02 - 2023'!G10-'02 - 2023'!G9 -> 39.03 | K4: 0.74 | L4: 101
A5: Dubai DIFC | B5: =B4+1 -> 4 | C5: 2 | D5: 2023 | E5: ='02 - 2023'!B11-'02 - 2023'!B10 -> 4209 | F5: ='02 - 2023'!C11-'02 - 2023'!C10 -> 5694 | G5: 0.118 | H5: ='02 - 2023'!E11-'02 - 2023'!E10 -> 28.31 | I5: ='02 - 2023'!F11-'02 - 2023'!F10 -> 10.19 | J5: ='02 - 2023'!G11-'02 - 2023'!G10 -> 41.85 | K5: 0.74 | L5: 98
A6: Dubai DIFC | B6: =B5+1 -> 5 | C6: 2 | D6: 2023 | E6: ='02 - 2023'!B12-'02 - 2023'!B11 -> 4050 | F6: ='02 - 2023'!C12-'02 - 2023'!C11 -> 5481 | G6: 0.118 | H6: ='02 - 2023'!E12-'02 - 2023'!E11 -> 27.98 | I6: ='02 - 2023'!F12-'02 - 2023'!F11 -> 7.33 | J6: ='02 - 2023'!G12-'02 - 2023'!G11 -> 34.94 | K6: 0.74 | L6: 82
A7: Dubai DIFC | B7: =B6+1 -> 6 | C7: 2 | D7: 2023 | E7: ='02 - 2023'!B13-'02 - 2023'!B12 -> 3881 | F7: ='02 - 2023'!C13-'02 - 2023'!C12 -> 5545 | G7: 0.118 | H7: ='02 - 2023'!E13-'02 - 2023'!E12 -> 29.63 | I7: ='02 - 2023'!F13-'02 - 2023'!F12 -> 8.88 | J7: ='02 - 2023'!G13-'02 - 2023'!G12 -> 35.5 | K7: 0.74 | L7: 85
A8: Dubai DIFC | B8: =B7+1 -> 7 | C8: 2 | D8: 2023 | E8: ='02 - 2023'!B14-'02 - 2023'!B13 -> 3770 | F8: ='02 - 2023'!C14-'02 - 2023'!C13 -> 5421 | G8: 0.118 | H8: ='02 - 2023'!E14-'02 - 2023'!E13 -> 24.85 | I8: ='02 - 2023'!F14-'02 - 2023'!F13 -> 7.37 | J8: ='02 - 2023'!G14-'02 - 2023'!G13 -> 33.53 | K8: 0.74 | L8: 95
A9: Dubai DIFC | B9: =B8+1 -> 8 | C9: 2 | D9: 2023 | E9: ='02 - 2023'!B15-'02 - 2023'!B14 -> 3546 | F9: ='02 - 2023'!C15-'02 - 2023'!C14 -> 5462 | G9: 0.118 | H9: ='02 - 2023'!E15-'02 - 2023'!E14 -> 25.92 | I9: ='02 - 2023'!F15-'02 - 2023'!F14 -> 7.5 | J9: ='02 - 2023'!G15-'02 - 2023'!G14 -> 32.87 | K9: 0.74 | L9: 90
A10: Dubai DIFC | B10: =B9+1 -> 9 | C10: 2 | D10: 2023 | E10: ='02 - 2023'!B16-'02 - 2023'!B15 -> 4034 | F10: ='02 - 2023'!C16-'02 - 2023'!C15 -> 5656 | G10: 0.118 | H10: ='02 - 2023'!E16-'02 - 2023'!E15 -> 24.39 | I10: ='02 - 2023'!F16-'02 - 2023'!F15 -> 7.19 | J10: ='02 - 2023'!G16-'02 - 2023'!G15 -> 33.41 | K10: 0.74 | L10: 99
A11: Dubai DIFC | B11: =B10+1 -> 10 | C11: 2 | D11: 2023 | E11: ='02 - 2023'!B17-'02 - 2023'!B16 -> 4264 | F11: ='02 - 2023'!C17-'02 - 2023'!C16 -> 5688 | G11: 0.118 | H11: ='02 - 2023'!E17-'02 - 2023'!E16 -> 28.46 | I11: ='02 - 2023'!F17-'02 - 2023'!F16 -> 8.48 | J11: ='02 - 2023'!G17-'02 - 2023'!G16 -> 38.25 | K11: 0.74 | L11: 100
A12: Dubai DIFC | B12: =B11+1 -> 11 | C12: 2 | D12: 2023 | E12: ='02 - 2023'!B18-'02 - 2023'!B17 -> 4474 | F12: ='02 - 2023'!C18-'02 - 2023'!C17 -> 5686 | G12: 0.118 | H12: ='02 - 2023'!E18-'02 - 2023'!E17 -> 27.83 | I12: ='02 - 2023'!F18-'02 - 2023'!F17 -> 7.94 | J12: ='02 - 2023'!G18-'02 - 2023'!G17 -> 39.53 | K12: 0.74 | L12: 89
A13: Dubai DIFC | B13: =B12+1 -> 12 | C13: 2 | D13: 2023 | E13: ='02 - 2023'!B19-'02 - 2023'!B18 -> 4171 | F13: ='02 - 2023'!C19-'02 - 2023'!C18 -> 5478 | G13: 0.118 | H13: ='02 - 2023'!E19-'02 - 2023'!E18 -> 26.45 | I13: ='02 - 2023'!F19-'02 - 2023'!F18 -> 6.7 | J13: ='02 - 2023'!G19-'02 - 2023'!G18 -> 39.41 | K13: 0.74 | L13: 83
A14: Dubai DIFC | B14: =B13+1 -> 13 | C14: 2 | D14: 2023 | E14: ='02 - 2023'!B20-'02 - 2023'!B19 -> 3997 | F14: ='02 - 2023'!C20-'02 - 2023'!C19 -> 5576 | G14: 0.118 | H14: ='02 - 2023'!E20-'02 - 2023'!E19 -> 30.07 | I14: ='02 - 2023'!F20-'02 - 2023'!F19 -> 7.15 | J14: ='02 - 2023'!G20-'02 - 2023'!G19 -> 34.58 | K14: 0.74 | L14: 92
... A21: Dubai DIFC | B21: =B20+1 -> 20 | C21: 2 | D21: 2023 | E21: ='02 - 2023'!B27-'02 - 2023'!B26 -> 4074 | F21: ='02 - 2023'!C27-'02 - 2023'!C26 -> 5389 | G21: 0.118 | H21: ='02 - 2023'!E27-'02 - 2023'!E26 -> 29.75 | I21: ='02 - 2023'!F27-'02 - 2023'!F26 -> 6.36 | J21: ='02 - 2023'!G27-'02 - 2023'!G26 -> 34.97 | K21: 0.74 | L21: 82
A22: Dubai DIFC | B22: =B21+1 -> 21 | C22: 2 | D22: 2023 | E22: 0 | F22: 0 | G22: 0.118 | H22: 0 | I22: 0 | J22: 0 | K22: 0.74
A23: Dubai DIFC | B23: =B22+1 -> 22 | C23: 2 | D23: 2023 | E23: ='02 - 2023'!B29-'02 - 2023'!B28 -> 0 | F23: ='02 - 2023'!C29-'02 - 2023'!C28 -> 0 | G23: 0.118 | H23: ='02 - 2023'!E29-'02 - 2023'!E28 -> 0 | I23: ='02 - 2023'!F29-'02 - 2023'!F28 -> 0 | J23: ='02 - 2023'!G29-'02 - 2023'!G28 -> 0 | K23: 0.74
A24: Dubai DIFC | B24: =B23+1 -> 23 | C24: 2 | D24: 2023 | E24: ='02 - 2023'!B30-'02 - 2023'!B29 -> 0 | F24: ='02 - 2023'!C30-'02 - 2023'!C29 -> 0 | G24: 0.118 | H24: ='02 - 2023'!E30-'02 - 2023'!E29 -> 0 | I24: ='02 - 2023'!F30-'02 - 2023'!F29 -> 0 | J24: ='02 - 2023'!G30-'02 - 2023'!G29 -> 0 | K24: 0.74
A25: Dubai DIFC | B25: =B24+1 -> 24 | C25: 2 | D25: 2023 | E25: ='02 - 2023'!B31-'02 - 2023'!B30 -> 0 | F25: ='02 - 2023'!C31-'02 - 2023'!C30 -> 0 | G25: 0.118 | H25: ='02 - 2023'!E31-'02 - 2023'!E30 -> 0 | I25: ='02 - 2023'!F31-'02 - 2023'!F30 -> 0 | J25: ='02 - 2023'!G31-'02 - 2023'!G30 -> 0 | K25: 0.74
A26: Dubai DIFC | B26: =B25+1 -> 25 | C26: 2 | D26: 2023 | E26: ='02 - 2023'!B32-'02 - 2023'!B31 -> 0 | F26: ='02 - 2023'!C32-'02 - 2023'!C31 -> 0 | G26: 0.118 | H26: ='02 - 2023'!E32-'02 - 2023'!E31 -> 0 | I26: ='02 - 2023'!F32-'02 - 2023'!F31 -> 0 | J26: ='02 - 2023'!G32-'02 - 2023'!G31 -> 0 | K26: 0.74
A27: Dubai DIFC | B27: =B26+1 -> 26 | C27: 2 | D27: 2023 | E27: ='02 - 2023'!B33-'02 - 2023'!B32 -> 0 | F27: ='02 - 2023'!C33-'02 - 2023'!C32 -> 0 | G27: 0.118 | H27: ='02 - 2023'!E33-'02 - 2023'!E32 -> 0 | I27: ='02 - 2023'!F33-'02 - 2023'!F32 -> 0 | J27: ='02 - 2023'!G33-'02 - 2023'!G32 -> 0 | K27: 0.74
A28: Dubai DIFC | B28: =B27+1 -> 27 | C28: 2 | D28: 2023 | E28: ='02 - 2023'!B34-'02 - 2023'!B33 -> 0 | F28: ='02 - 2023'!C34-'02 - 2023'!C33 -> 0 | G28: 0.118 | H28: ='02 - 2023'!E34-'02 - 2023'!E33 -> 0 | I28: ='02 - 2023'!F34-'02 - 2023'!F33 -> 0 | J28: ='02 - 2023'!G34-'02 - 2023'!G33 -> 0 | K28: 0.74
A29: Dubai DIFC | B29: =B28+1 -> 28 | C29: 2 | D29: 2023 | E29: ='02 - 2023'!B35-'02 - 2023'!B34 -> 0 | F29: ='02 - 2023'!C35-'02 - 2023'!C34 -> 0 | G29: 0.118 | H29: ='02 - 2023'!E35-'02 - 2023'!E34 -> 0 | I29: ='02 - 2023'!F35-'02 - 2023'!F34 -> 0 | J29: ='02 - 2023'!G35-'02 - 2023'!G34 -> 0 | K29: 0.74

Sheet 02 - 2023
A3: FOUR SEASONS HOTEL - DIFC
A4: HLP READING MONTH OF FEBRUARY' 2023
B5: Electricity | D5: LPG (cu.m) | H5: Water (cu.m) | J5: BTU
A6: Date | B6: LV-01, 2025952759 | C6: LV-2, 2030235407 | D6: Main Meter % | E6: Main Kitchen | F6: Podium Kitchen | G6: Boiler | H6: B-3 Water Meter (DIFC) | I6: MainWater Meter (DEWA) | J6: Chilled Water (KWH) | K6: Gas Received (Litres) | L6: Remark
A7: 44957 | B7: 1106488 | C7: 333365 | D7: 0.38 | E7: 7935.32 | F7: 4463.22 | G7: 50171.13 | H7: 14528 | I7: 186242 | J7: 62710363
A8: =A7+1 -> 44958 | B8: 1110424 | C8: 338668 | D8: 0.3 | E8: 7962.43 | F8: 4470 | G8: 50208.97 | H8: 14528 | I8: 186350 | J8: 62720133 | K8: 3950
A9: =A8+1 -> 44959 | B9: 1114465 | C9: 344085 | D9: 0.78 | E9: 7987.71 | F9: 4477.52 | G9: 50251.06 | H9: 14528 | I9: 186470 | J9: 62732588
A10: =A9+1 -> 44960 | B10: 1118585 | C10: 349609 | D10: 0.7 | E10: 8014.18 | F10: 4485.7 | G10: 50290.09 | H10: 14528 | I10: 186584 | J10: 62745613
A11: =A10+1 -> 44961 | B11: 1122794 | C11: 355303 | D11: 0.58 | E11: 8042.49 | F11: 4495.89 | G11: 50331.94 | H11: 14528 | I11: 186710 | J11: 62759325
A12: =A11+1 -> 44962 | B12: 1126844 | C12: 360784 | D12: 0.5 | E12: 8070.47 | F12: 4503.22 | G12: 50366.88 | H12: 14528 | I12: 186819 | J12: 62771693
A13: =A12+1 -> 44963 | B13: 1130725 | C13: 366329 | D13: 0.45 | E13: 8100.1 | F13: 4512.1 | G13: 50402.38 | H13: 14528 | I13: 186928 | J13: 62783618
A14: =A13+1 -> 44964 | B14: 1134495 | C14: 371750 | D14: 0.4 | E14: 8124.95 | F14: 4519.47 | G14: 50435.91 | H14: 14528 | I14: 187030 | J14: 62795377
A15: =A14+1 -> 44965 | B15: 1138041 | C15: 377212 | D15: 0.3 | E15: 8150.87 | F15: 4526.97 | G15: 50468.78 | H15: 14528 | I15: 187134 | J15: 62808925
A16: =A15+1 -> 44966 | B16: 1142075 | C16: 382868 | D16: 0.24 | E16: 8175.26 | F16: 4534.16 | G16: 50502.19 | H16: 14528 | I16: 187244 | J16: 62823512 | K16: 4100
A17: =A16+1 -> 44967 | B17: 1146339 | C17: 388556 | D17: 0.72 | E17: 8203.72 | F17: 4542.64 | G17: 50540.44 | H17: 14528 | I17: 187366 | J17: 62835390
A18: =A17+1 -> 44968 | B18: 1150813 | C18: 394242 | D18: 0.62 | E18: 8231.55 | F18: 4550.58 | G18: 50579.97 | H18: 14528 | I18: 187484 | J18: 62845664
A19: =A18+1 -> 44969 | B19: 1154984 | C19: 399720 | D19: 0.54 | E19: 8258 | F19: 4557.28 | G19: 50619.38 | H19: 14528 | I19: 187599 | J19: 62856664
A20: =A19+1 -> 44970 | B20: 1158981 | C20: 405296 | D20: 0.48 | E20: 8288.07 | F20: 4564.43 | G20: 50653.96 | H20: 14528 | I20: 187703 | J20: 62868972
A21: =A20+1 -> 44971 | B21: 1163086 | C21: 410906 | D21: 0.4 | E21: 8311.36 | F21: 4572.1 | G21: 50691.03 | H21: 14528 | I21: 187817 | J21: 62882376
A22: =A21+1 -> 44972 | B22: 1166977 | C22: 416388 | D22: 0.35 | E22: 8335.91 | F22: 4580.1 | G22: 50724.88 | H22: 14528 | I22: 187924 | J22: 62896880
A23: =A22+1 -> 44973 | B23: 1170820 | C23: 421947 | D23: 0.28 | E23: 8362.38 | F23: 4587.44 | G23: 50757.03 | H23: 14528 | I23: 188036 | J23: 62911774 | K23: 4000
A24: =A23+1 -> 44974 | B24: 1174916 | C24: 427704 | D24: 0.77 | E24: 8388.65 | F24: 4595.33 | G24: 50797.18 | H24: 14528 | I24: 188155 | J24: 62927607
A25: =A24+1 -> 44975 | B25: 1179168 | C25: 433530 | D25: 0.68 | E25: 8414.8 | F25: 4603.55 | G25: 50835.43 | H25: 14528 | I25: 188272 | J25: 62943155
A26: =A25+1 -> 44976 | B26: 1183243 | C26: 439070 | D26: 0.56 | E26: 8442.3 | F26: 4611.7 | G26: 50872.33 | H26: 14528 | I26: 188382 | J26: 62957029
A27: =A26+1 -> 44977 | B27: 1187317 | C27: 444459 | E27: 8472.05 | F27: 4618.06 | G27: 50907.3 | H27: 14528 | I27: 188491 | J27: 62969437
A28: =A27+1 -> 44978
A29: =A28+1 -> 44979
A30: =A29+1 -> 44980
A31: =A30+1 -> 44981
A32: =A31+1 -> 44982
A33: =A32+1 -> 44983
A34: =A33+1 -> 44984
A35: =A34+1 -> 44985
A36: Readings | B36: =B35-B4 -> 0 | C36: =C35-C4 -> 0 | E36: =E35-E4 -> 0 | F36: =F35-F4 -> 0 | G36: =G35-G4 -> 0 | H36: =H35-H4 -> 0 | I36: =I35-I4 -> 0 | J36: =J35-J4 -> 0 | K36: =SUM(K4:K34) -> 12050
H37: =H36*219.969 -> 0 | I37: =I36*219.969 -> 0
A38: 44957 | B38: 1106488 | C38: 333365 | D38: 0.38 | E38: 7935.32 | F38: 4463.22 | G38: 50171.13 | H38: 14528 | I38: 186242 | J38: 62710363
