Workbook

Sheet TOTAL
A1: Site Name | B1: Day | C1: Month | D1: Year | E1: Total Electricity Kwh | F1: Electricity Tariff ($/Kwh) | G1: Water Utility Supply (m3) m3 | H1: Water Utility Supply (m3) $/m3 | I1: Total Fuel Oil (Liters) | J1: Fuel Oil $/Liter | K1: Room Nights
A2: Kuwait | B2: 1 | C2: 1 | D2: 2019 | E2: =Submetering!E2+Submetering!F2+Submetering!G2+Submetering!H2+Submetering!I2+Submetering!J2+Submetering!K2+Submetering!L2+Submetering!M2+Submetering!N2+Submetering!O2+Submetering!P2+Submetering!Q2 -> 78300 | F2: 0.005 | G2: =Submetering!S2 -> 485.94 | H2: 0.4444 | I2: =Submetering!R2 -> 0 | J2: 0.14 | K2: =Hotel!B7 -> 199
A3: Kuwait | B3: =B2+1 -> 2 | C3: 1 | D3: 2019 | E3: =Submetering!E3+Submetering!F3+Submetering!G3+Submetering!H3+Submetering!I3+Submetering!J3+Submetering!K3+Submetering!L3+Submetering!M3+Submetering!N3+Submetering!O3+Submetering!P3+Submetering!Q3 -> 58510 | F3: 0.005 | G3: =Submetering!S3 -> 493.584 | H3: 0.4444 | I3: =Submetering!R3 -> 0 | J3: 0.14 | K3: =Hotel!B8 -> 217
A4: Kuwait | B4: =B3+1 -> 3 | C4: 1 | D4: 2019 | E4: =Submetering!E4+Submetering!F4+Submetering!G4+Submetering!H4+Submetering!I4+Submetering!J4+Submetering!K4+Submetering!L4+Submetering!M4+Submetering!N4+Submetering!O4+Submetering!P4+Submetering!Q4 -> 74660 | F4: 0.005 | G4: =Submetering!S4 -> 366.366 | H4: 0.4444 | I4: =Submetering!R4 -> 0 | J4: 0.14 | K4: =Hotel!B9 -> 256
A5: Kuwait | B5: =B4+1 -> 4 | C5: 1 | D5: 2019 | E5: =Submetering!E5+Submetering!F5+Submetering!G5+Submetering!H5+Submetering!I5+Submetering!J5+Submetering!K5+Submetering!L5+Submetering!M5+Submetering!N5+Submetering!O5+Submetering!P5+Submetering!Q5 -> 69660 | F5: 0.005 | G5: =Submetering!S5 -> 447.174 | H5: 0.4444 | I5: =Submetering!R5 -> 0 | J5: 0.14 | K5: =Hotel!B10 -> 207
A6: Kuwait | B6: =B5+1 -> 5 | C6: 1 | D6: 2019 | E6: =Submetering!E6+Submetering!F6+Submetering!G6+Submetering!H6+Submetering!I6+Submetering!J6+Submetering!K6+Submetering!L6+Submetering!M6+Submetering!N6+Submetering!O6+Submetering!P6+Submetering!Q6 -> 67800 | F6: 0.005 | G6: =Submetering!S6 -> 601.419 | H6: 0.4444 | I6: =Submetering!R6 -> 0 | J6: 0.14 | K6: =Hotel!B11 -> 117
A7: Kuwait | B7: =B6+1 -> 6 | C7: 1 | D7: 2019 | E7: =Submetering!E7+Submetering!F7+Submetering!G7+Submetering!H7+Submetering!I7+Submetering!J7+Submetering!K7+Submetering!L7+Submetering!M7+Submetering!N7+Submetering!O7+Submetering!P7+Submetering!Q7 -> 64690 | F7: 0.005 | G7: =Submetering!S7 -> 493.038 | H7: 0.4444 | I7: =Submetering!R7 -> 0 | J7: 0.14 | K7: =Hotel!B12 -> 92
A8: Kuwait | B8: =B7+1 -> 7 | C8: 1 | D8: 2019 | E8: =Submetering!E8+Submetering!F8+Submetering!G8+Submetering!H8+Submetering!I8+Submetering!J8+Submetering!K8+Submetering!L8+Submetering!M8+Submetering!N8+Submetering!O8+Submetering!P8+Submetering!Q8 -> 65360 | F8: 0.005 | G8: =Submetering!S8 -> 421.785 | H8: 0.4444 | I8: =Submetering!R8 -> 0 | J8: 0.14 | K8: =Hotel!B13 -> 105
A9: Kuwait | B9: =B8+1 -> 8 | C9: 1 | D9: 2019 | E9: =Submetering!E9+Submetering!F9+Submetering!G9+Submetering!H9+Submetering!I9+Submetering!J9+Submetering!K9+Submetering!L9+Submetering!M9+Submetering!N9+Submetering!O9+Submetering!P9+Submetering!Q9 -> 65040 | F9: 0.005 | G9: =Submetering!S9 -> 502.593 | H9: 0.4444 | I9: =Submetering!R9 -> 0 | J9: 0.14 | K9: =Hotel!B14 -> 144
A10: Kuwait | B10: =B9+1 -> 9 | C10: 1 | D10: 2019 | E10: =Submetering!E10+Submetering!F10+Submetering!G10+Submetering!H10+Submetering!I10+Submetering!J10+Submetering!K10+Submetering!L10+Submetering!M10+Submetering!N10+Submetering!O10+Submetering!P10+Submetering!Q10 -> 67610 | F10: 0.005 | G10: =Submetering!S10 -> 667.485 | H10: 0.4444 | I10: =Submetering!R10 -> 0 | J10: 0.14 | K10: =Hotel!B15 -> 137
A11: Kuwait | B11: =B10+1 -> 10 | C11: 1 | D11: 2019 | E11: =Submetering!E11+Submetering!F11+Submetering!G11+Submetering!H11+Submetering!I11+Submetering!J11+Submetering!K11+Submetering!L11+Submetering!M11+Submetering!N11+Submetering!O11+Submetering!P11+Submetering!Q11 -> 68500 | F11: 0.005 | G11: =Submetering!S11 -> 179.088 | H11: 0.4444 | I11: =Submetering!R11 -> 0 | J11: 0.14 | K11: =Hotel!B16 -> 171
A12: Kuwait | B12: =B11+1 -> 11 | C12: 1 | D12: 2019 | E12: =Submetering!E12+Submetering!F12+Submetering!G12+Submetering!H12+Submetering!I12+Submetering!J12+Submetering!K12+Submetering!L12+Submetering!M12+Submetering!N12+Submetering!O12+Submetering!P12+Submetering!Q12 -> 58710 | F12: 0.005 | G12: =Submetering!S12 -> 424.788 | H12: 0.4444 | I12: =Submetering!R12 -> 0 | J12: 0.14 | K12: =Hotel!B17 -> 151
A13: Kuwait | B13: =B12+1 -> 12 | C13: 1 | D13: 2019 | E13: =Submetering!E13+Submetering!F13+Submetering!G13+Submetering!H13+Submetering!I13+Submetering!J13+Submetering!K13+Submetering!L13+Submetering!M13+Submetering!N13+Submetering!O13+Submetering!P13+Submetering!Q13 -> 80360 | F13: 0.005 | G13: =Submetering!S13 -> 504.504 | H13: 0.4444 | I13: =Submetering!R13 -> 0 | J13: 0.14 | K13: =Hotel!B18 -> 109
A14: Kuwait | B14: =B13+1 -> 13 | C14: 1 | D14: 2019 | E14: =Submetering!E14+Submetering!F14+Submetering!G14+Submetering!H14+Submetering!I14+Submetering!J14+Submetering!K14+Submetering!L14+Submetering!M14+Submetering!N14+Submetering!O14+Submetering!P14+Submetering!Q14 -> 68140 | F14: 0.005 | G14: =Submetering!S14 -> 474.474 | H14: 0.4444 | I14: =Submetering!R14 -> 0 | J14: 0.14 | K14: =Hotel!B19 -> 127
... A32: Kuwait | B32: =B31+1 -> 31 | C32: 1 | D32: 2019 | E32: =Submetering!E32+Submetering!F32+Submetering!G32+Submetering!H32+Submetering!I32+Submetering!J32+Submetering!K32+Submetering!L32+Submetering!M32+Submetering!N32+Submetering!O32+Submetering!P32+Submetering!Q32 -> 76170 | F32: 0.005 | G32: =Submetering!S32 -> 557.193 | H32: 0.4444 | I32: =Submetering!R32 -> 0 | J32: 0.14 | K32: =Hotel!B37 -> 245

Sheet Submetering
A1: Site Name | B1: Day | C1: Month | D1: Year | E1: HT.02.02 - KWh | F1: HT.02.04 - KWh | G1: HT.02.07 - KWh | H1: HT.02.03 - KWh | I1: HT.02.06 - KWh | J1: HT.03.03 - KWh | K1: HT.03.07 - KWh | L1: HT.03.05 - KWh | M1: HT.03.08 - KWh | N1: HT.03.04 - KWh | O1: HT.03.06 - KWh | P1: HT.03.01 - KWh | Q1: HT.03.02 - KWh | R1: Fuel (Liters) | S1: Water - m3 | T1: Cooling Towers Water | U1: Room Nights
A2: Kuwait | B2: 1 | C2: =TOTAL!C2 -> 1 | D2: =TOTAL!D2 -> 2019 | E2: =Hotel!Q7 -> 640 | F2: =Hotel!R7 -> 11230 | G2: =Hotel!S7 -> 0 | H2: =Hotel!T7 -> 1660 | I2: =Hotel!U7 -> 7680 | J2: =Hotel!V7 -> 5450 | K2: =Hotel!W7 -> 3550 | L2: =Hotel!X7 -> 6260 | ... Q2: =Hotel!AC7 -> 16330 | R2: =Hotel!AU7 -> 0 | S2: =Hotel!BB7 -> 485.94 | T2: =Hotel!AY7 -> 0 | U2: =Hotel!B7 -> 199
A3: Kuwait | B3: =B2+1 -> 2 | C3: =TOTAL!C3 -> 1 | D3: =TOTAL!D3 -> 2019 | E3: =Hotel!Q8 -> 460 | F3: =Hotel!R8 -> 9120 | G3: =Hotel!S8 -> 0 | H3: =Hotel!T8 -> 1210 | I3: =Hotel!U8 -> 4870 | J3: =Hotel!V8 -> 4040 | K3: =Hotel!W8 -> 2890 | L3: =Hotel!X8 -> 4410 | ... Q3: =Hotel!AC8 -> 13080 | R3: =Hotel!AU8 -> 0 | S3: =Hotel!BB8 -> 493.584 | T3: =Hotel!AY8 -> 0 | U3: =Hotel!B8 -> 217
A4: Kuwait | B4: =B3+1 -> 3 | C4: =TOTAL!C4 -> 1 | D4: =TOTAL!D4 -> 2019 | E4: =Hotel!Q9 -> 540 | F4: =Hotel!R9 -> 11230 | G4: =Hotel!S9 -> 0 | H4: =Hotel!T9 -> 1430 | I4: =Hotel!U9 -> 8010 | J4: =Hotel!V9 -> 4760 | K4: =Hotel!W9 -> 2990 | L4: =Hotel!X9 -> 5250 | ... Q4: =Hotel!AC9 -> 18480 | R4: =Hotel!AU9 -> 0 | S4: =Hotel!BB9 -> 366.366 | T4: =Hotel!AY9 -> 0 | U4: =Hotel!B9 -> 256
A5: Kuwait | B5: =B4+1 -> 4 | C5: =TOTAL!C5 -> 1 | D5: =TOTAL!D5 -> 2019 | E5: =Hotel!Q10 -> 540 | F5: =Hotel!R10 -> 10210 | G5: =Hotel!S10 -> 0 | H5: =Hotel!T10 -> 1410 | I5: =Hotel!U10 -> 6780 | J5: =Hotel!V10 -> 4710 | K5: =Hotel!W10 -> 2940 | L5: =Hotel!X10 -> 5150 | ... Q5: =Hotel!AC10 -> 15850 | R5: =Hotel!AU10 -> 0 | S5: =Hotel!BB10 -> 447.174 | T5: =Hotel!AY10 -> 0 | U5: =Hotel!B10 -> 207
A6: Kuwait | B6: =B5+1 -> 5 | C6: =TOTAL!C6 -> 1 | D6: =TOTAL!D6 -> 2019 | E6: =Hotel!Q11 -> 550 | F6: =Hotel!R11 -> 9900 | G6: =Hotel!S11 -> 0 | H6: =Hotel!T11 -> 1390 | I6: =Hotel!U11 -> 6300 | J6: =Hotel!V11 -> 4580 | K6: =Hotel!W11 -> 3020 | L6: =Hotel!X11 -> 4960 | ... Q6: =Hotel!AC11 -> 15220 | R6: =Hotel!AU11 -> 0 | S6: =Hotel!BB11 -> 601.419 | T6: =Hotel!AY11 -> 0 | U6: =Hotel!B11 -> 117
A7: Kuwait | B7: =B6+1 -> 6 | C7: =TOTAL!C7 -> 1 | D7: =TOTAL!D7 -> 2019 | E7: =Hotel!Q12 -> 540 | F7: =Hotel!R12 -> 9670 | G7: =Hotel!S12 -> 0 | H7: =Hotel!T12 -> 1390 | I7: =Hotel!U12 -> 5940 | J7: =Hotel!V12 -> 3900 | K7: =Hotel!W12 -> 2850 | L7: =Hotel!X12 -> 5050 | ... Q7: =Hotel!AC12 -> 15760 | R7: =Hotel!AU12 -> 0 | S7: =Hotel!BB12 -> 493.038 | T7: =Hotel!AY12 -> 0 | U7: =Hotel!B12 -> 92
A8: Kuwait | B8: =B7+1 -> 7 | C8: =TOTAL!C8 -> 1 | D8: =TOTAL!D8 -> 2019 | E8: =Hotel!Q13 -> 550 | F8: =Hotel!R13 -> 9110 | G8: =Hotel!S13 -> 0 | H8: =Hotel!T13 -> 1380 | I8: =Hotel!U13 -> 6090 | J8: =Hotel!V13 -> 4050 | K8: =Hotel!W13 -> 2750 | L8: =Hotel!X13 -> 4970 | ... Q8: =Hotel!AC13 -> 16480 | R8: =Hotel!AU13 -> 0 | S8: =Hotel!BB13 -> 421.785 | T8: =Hotel!AY13 -> 0 | U8: =Hotel!B13 -> 105
A9: Kuwait | B9: =B8+1 -> 8 | C9: =TOTAL!C9 -> 1 | D9: =TOTAL!D9 -> 2019 | E9: =Hotel!Q14 -> 540 | F9: =Hotel!R14 -> 8580 | G9: =Hotel!S14 -> 0 | H9: =Hotel!T14 -> 1360 | I9: =Hotel!U14 -> 6160 | J9: =Hotel!V14 -> 4440 | K9: =Hotel!W14 -> 2890 | L9: =Hotel!X14 -> 4980 | ... Q9: =Hotel!AC14 -> 15840 | R9: =Hotel!AU14 -> 0 | S9: =Hotel!BB14 -> 502.593 | T9: =Hotel!AY14 -> 0 | U9: =Hotel!B14 -> 144
A10: Kuwait | B10: =B9+1 -> 9 | C10: =TOTAL!C10 -> 1 | D10: =TOTAL!D10 -> 2019 | E10: =Hotel!Q15 -> 560 | F10: =Hotel!R15 -> 9740 | G10: =Hotel!S15 -> 0 | H10: =Hotel!T15 -> 1460 | I10: =Hotel!U15 -> 6470 | J10: =Hotel!V15 -> 4530 | K10: =Hotel!W15 -> 3000 | L10: =Hotel!X15 -> 5250 | ... Q10: =Hotel!AC15 -> 15410 | R10: =Hotel!AU15 -> 0 | S10: =Hotel!BB15 -> 667.485 | T10: =Hotel!AY15 -> 0 | U10: =Hotel!B15 -> 137
A11: Kuwait | B11: =B10+1 -> 10 | C11: =TOTAL!C11 -> 1 | D11: =TOTAL!D11 -> 2019 | E11: =Hotel!Q16 -> 540 | F11: =Hotel!R16 -> 8560 | G11: =Hotel!S16 -> 0 | H11: =Hotel!T16 -> 1420 | I11: =Hotel!U16 -> 6390 | J11: =Hotel!V16 -> 4450 | K11: =Hotel!W16 -> 2960 | L11: =Hotel!X16 -> 5060 | ... Q11: =Hotel!AC16 -> 17930 | R11: =Hotel!AU16 -> 0 | S11: =Hotel!BB16 -> 179.088 | T11: =Hotel!AY16 -> 0 | U11: =Hotel!B16 -> 171
A12: Kuwait | B12: =B11+1 -> 11 | C12: =TOTAL!C12 -> 1 | D12: =TOTAL!D12 -> 2019 | E12: =Hotel!Q17 -> 390 | F12: =Hotel!R17 -> 3960 | G12: =Hotel!S17 -> 0 | H12: =Hotel!T17 -> 2000 | I12: =Hotel!U17 -> 6000 | J12: =Hotel!V17 -> 3950 | K12: =Hotel!W17 -> 4000 | L12: =Hotel!X17 -> 4080 | ... Q12: =Hotel!AC17 -> 11110 | R12: =Hotel!AU17 -> 0 | S12: =Hotel!BB17 -> 424.788 | T12: =Hotel!AY17 -> 0 | U12: =Hotel!B17 -> 151
A13: Kuwait | B13: =B12+1 -> 12 | C13: =TOTAL!C13 -> 1 | D13: =TOTAL!D13 -> 2019 | E13: =Hotel!Q18 -> 710 | F13: =Hotel!R18 -> 13250 | G13: =Hotel!S18 -> 0 | H13: =Hotel!T18 -> 800 | I13: =Hotel!U18 -> 6630 | J13: =Hotel!V18 -> 4890 | K13: =Hotel!W18 -> 1820 | L13: =Hotel!X18 -> 6300 | ... Q13: =Hotel!AC18 -> 25420 | R13: =Hotel!AU18 -> 0 | S13: =Hotel!BB18 -> 504.504 | T13: =Hotel!AY18 -> 0 | U13: =Hotel!B18 -> 109
A14: Kuwait | B14: =B13+1 -> 13 | C14: =TOTAL!C14 -> 1 | D14: =TOTAL!D14 -> 2019 | E14: =Hotel!Q19 -> 540 | F14: =Hotel!R19 -> 8830 | G14: =Hotel!S19 -> 0 | H14: =Hotel!T19 -> 1370 | I14: =Hotel!U19 -> 6190 | J14: =Hotel!V19 -> 4360 | K14: =Hotel!W19 -> 3180 | L14: =Hotel!X19 -> 4810 | ... Q14: =Hotel!AC19 -> 17410 | R14: =Hotel!AU19 -> 0 | S14: =Hotel!BB19 -> 474.474 | T14: =Hotel!AY19 -> 0 | U14: =Hotel!B19 -> 127
... A32: Kuwait | B32: =B31+1 -> 31 | C32: =TOTAL!C32 -> 1 | D32: =TOTAL!D32 -> 2019 | E32: =Hotel!Q37 -> 590 | F32: =Hotel!R37 -> 11320 | G32: =Hotel!S37 -> 2590 | H32: =Hotel!T37 -> 1610 | I32: =Hotel!U37 -> 7840 | J32: =Hotel!V37 -> 5280 | K32: =Hotel!W37 -> 4240 | L32: =Hotel!X37 -> 5370 | ... Q32: =Hotel!AC37 -> 15660 | R32: =Hotel!AU37 -> 0 | S32: =Hotel!BB37 -> 557.193 | T32: =Hotel!AY37 -> 0 | U32: =Hotel!B37 -> 245

Sheet Hotel
C1: 1 | D1: 2 | E1: 3 | F1: 4 | G1: 5 | H1: 6 | I1: 7 | J1: 8 | K1: 9 | L1: 10 | M1: 11 | N1: 12 | O1: 13 | Q1: 1 | R1: 2 | S1: 3 | T1: 4 | U1: 5 | V1: 6 | W1: 7 | X1: 8 | Y1: 9 | Z1: 10 | AA1: 11 | AB1: 12 | AC1: 13
A2: 43465 | B2: 158 | C2: 4190060 | D2: 8564710 | E2: 865290 | F2: 1863770 | G2: 6027430 | H2: 2255660 | I2: 2605260 | J2: 2616450 | K2: 4904500 | L2: 1473010 | M2: 5151490 | N2: 6147210 | O2: 6663690 | Q2: HT.02.02 | R2: HT.02.04 | S2: HT.02.07 | T2: HT.02.03 | U2: HT.02.06 | V2: HT.03.03 | W2: HT.03.07 | X2: HT.03.05 | Y2: HT.03.08 | Z2: HT.03.04 | AA2: HT.03.06 | AB2: HT.03.01 | AC2: HT.03.02 | AZ2: 870532
A4: Date | B4: Room Night | C4: Jan | D4: Electricity - Meter No | Q4: Electricity Consumption -KWh | AD4: Total KWh | AF4: Electricity Consumption - Amount | AS4: Total Kd | AT4: Fuel Consumption (%) | AU4: Fuel Consumption (Liters) | AW4: CT Water Meter Reading | AX4: CT Consumption Gallons | AY4: CT Consumption Cubic Meter | AZ4: Water Meter Reading | BA4: Consumption Gallons | BB4: Consumption Cubic Meter | BC4: Total KD
A5: 2019 | C5: HT.02.02 | D5: HT.02.04 | E5: HT.02.07 | F5: HT.02.03 | G5: HT.02.06 | H5: HT.03.03 | I5: HT.03.07 | J5: HT.03.05 | K5: HT.03.08 | L5: HT.03.04 | M5: HT.03.06 | N5: HT.03.01 | O5: HT.03.02 | Q5: 8483196 | R5: 8483193 | S5: 8483178 | T5: 8483176 | U5: 8483206 | V5: 8483170 | W5: 8483168 | X5: 8483169 | Y5: 8483194 | Z5: 8483199 | AA5: 8483187 | AB5: 8483188 | AC5: 8483174 | AF5: 1 | AG5: 2 | AH5: 3 | AI5: 4 | AJ5: 5 | AK5: 6 | AL5: 7 | AM5: 8 | AN5: 9 | AO5: 10 | AP5: 11 | AQ5: 12 | AR5: 13
C6: 8483196 | D6: 8483193 | E6: 8483178 | F6: 8483176 | G6: 8483206 | H6: 8483170 | I6: 8483168 | J6: 8483169 | K6: 8483194 | L6: 8483199 | M6: 8483187 | N6: 8483188 | O6: 8483174 | AZ6: 870532
A7: 43466 | B7: 199 | C7: 4190700 | D7: 8575940 | E7: 865290 | F7: 1865430 | G7: 6035110 | H7: 2261110 | I7: 2608810 | J7: 2622710 | K7: 4913010 | L7: 1476520 | M7: 5155700 | N7: 6156480 | O7: 6680020 | Q7: =IF((C7-C2<0), "0",C7-C2) -> 640 | R7: =IF((D7-D2<0), "0",D7-D2) -> 11230 | S7: =IF((E7-E2<0), "0",E7-E2) -> 0 | T7: =IF((F7-F2<0), "0",F7-F2) -> 1660 | U7: =IF((G7-G2<0), "0",G7-G2) -> 7680 | V7: =IF((H7-H2<0), "0",H7-H2) -> 5450 | W7: =IF((I7-I2<0), "0",I7-I2) -> 3550 | X7: =IF((J7-J2<0), "0",J7-J2) -> 6260 | ... AC7: =IF((O7-O2<0), "0",O7-O2) -> 16330 | AD7: =SUM(Q7:AC7) -> 78300 | AF7: =Q7*$D$39 -> 3.2 | AG7: =R7*$D$39 -> 56.15 | AH7: =S7*$D$39 -> 0 | AI7: =T7*$D$39 -> 8.3 | AJ7: =U7*$D$39 -> 38.4 | AK7: =V7*$D$39 -> 27.25 | AL7: =W7*$D$39 -> 17.75 | AM7: =X7*$D$39 -> 31.3 | ... AR7: =AC7*$D$39 -> 81.65 | AS7: =SUM(AF7:AR7) -> 391.5 | AU7: =AT7*$AU$43 -> 0 | AW7: 0 | AX7: =(IF((AW7-AW6<0),"0",AW7-AW6))*1000 -> 0 | AY7: =AX7*$AY$44 -> 0 | AZ7: 872312 | BA7: =(IF((AZ7-AZ6<0),"0",AZ7-AZ6))*100 -> 178000 | BB7: =BA7*$BA$44*60% -> 485.94 | BC7: =BB7*0.4444 -> 215.95174
A8: 43467 | B8: 217 | C8: 4191160 | D8: 8585060 | E8: 865290 | F8: 1866640 | G8: 6039980 | H8: 2265150 | I8: 2611700 | J8: 2627120 | K8: 4918700 | L8: 1479080 | M8: 5159100 | N8: 6163260 | O8: 6693100 | Q8: =IF((C8-C7<0), "0",C8-C7) -> 460 | R8: =IF((D8-D7<0), "0",D8-D7) -> 9120 | S8: =IF((E8-E7<0), "0",E8-E7) -> 0 | T8: =IF((F8-F7<0), "0",F8-F7) -> 1210 | U8: =IF((G8-G7<0), "0",G8-G7) -> 4870 | V8: =IF((H8-H7<0), "0",H8-H7) -> 4040 | W8: =IF((I8-I7<0), "0",I8-I7) -> 2890 | X8: =IF((J8-J7<0), "0",J8-J7) -> 4410 | ... AC8: =IF((O8-O7<0), "0",O8-O7) -> 13080 | AD8: =SUM(Q8:AC8) -> 58510 | AF8: =Q8*$D$39 -> 2.3 | AG8: =R8*$D$39 -> 45.6 | AH8: =S8*$D$39 -> 0 | AI8: =T8*$D$39 -> 6.05 | AJ8: =U8*$D$39 -> 24.35 | AK8: =V8*$D$39 -> 20.2 | AL8: =W8*$D$39 -> 14.45 | AM8: =X8*$D$39 -> 22.05 | ... AR8: =AC8*$D$39 -> 65.4 | AS8: =SUM(AF8:AR8) -> 292.55 | AU8: =AT8*$AU$43 -> 0 | AW8: 0 | AX8: =(IF((AW8-AW7<0),"0",AW8-AW7))*1000 -> 0 | AY8: =AX8*$AY$44 -> 0 | AZ8: 874120 | BA8: =(IF((AZ8-AZ7<0),"0",AZ8-AZ7))*100 -> 180800 | BB8: =BA8*$BA$44*60% -> 493.584 | BC8: =BB8*0.4444 -> 219.34873
A9: 43468 | B9: 256 | C9: 4191700 | D9: 8596290 | E9: 865290 | F9: 1868070 | G9: 6047990 | H9: 2269910 | I9: 2614690 | J9: 2632370 | K9: 4925680 | L9: 1482090 | M9: 5162830 | N9: 6171510 | O9: 6711580 | Q9: =IF((C9-C8<0), "0",C9-C8) -> 540 | R9: =IF((D9-D8<0), "0",D9-D8) -> 11230 | S9: =IF((E9-E8<0), "0",E9-E8) -> 0 | T9: =IF((F9-F8<0), "0",F9-F8) -> 1430 | U9: =IF((G9-G8<0), "0",G9-G8) -> 8010 | V9: =IF((H9-H8<0), "0",H9-H8) -> 4760 | W9: =IF((I9-I8<0), "0",I9-I8) -> 2990 | X9: =IF((J9-J8<0), "0",J9-J8) -> 5250 | ... AC9: =IF((O9-O8<0), "0",O9-O8) -> 18480 | AD9: =SUM(Q9:AC9) -> 74660 | AF9: =Q9*$D$39 -> 2.7 | AG9: =R9*$D$39 -> 56.15 | AH9: =S9*$D$39 -> 0 | AI9: =T9*$D$39 -> 7.15 | AJ9: =U9*$D$39 -> 40.05 | AK9: =V9*$D$39 -> 23.8 | AL9: =W9*$D$39 -> 14.95 | AM9: =X9*$D$39 -> 26.25 | ... AR9: =AC9*$D$39 -> 92.4 | AS9: =SUM(AF9:AR9) -> 373.3 | AU9: =AT9*$AU$43 -> 0 | AW9: 0 | AX9: =(IF((AW9-AW8<0),"0",AW9-AW8))*1000 -> 0 | AY9: =AX9*$AY$44 -> 0 | AZ9: 875462 | BA9: =(IF((AZ9-AZ8<0),"0",AZ9-AZ8))*100 -> 134200 | BB9: =BA9*$BA$44*60% -> 366.366 | BC9: =BB9*0.4444 -> 162.81305
A10: 43469 | B10: 207 | C10: 4192240 | D10: 8606500 | E10: 865290 | F10: 1869480 | G10: 6054770 | H10: 2274620 | I10: 2617630 | J10: 2637520 | K10: 4932740 | L10: 1485030 | M10: 5166690 | N10: 6179720 | O10: 6727430 | Q10: =IF((C10-C9<0), "0",C10-C9) -> 540 | R10: =IF((D10-D9<0), "0",D10-D9) -> 10210 | S10: =IF((E10-E9<0), "0",E10-E9) -> 0 | T10: =IF((F10-F9<0), "0",F10-F9) -> 1410 | U10: =IF((G10-G9<0), "0",G10-G9) -> 6780 | V10: =IF((H10-H9<0), "0",H10-H9) -> 4710 | W10: =IF((I10-I9<0), "0",I10-I9) -> 2940 | X10: =IF((J10-J9<0), "0",J10-J9) -> 5150 | ... AC10: =IF((O10-O9<0), "0",O10-O9) -> 15850 | AD10: =SUM(Q10:AC10) -> 69660 | AF10: =Q10*$D$39 -> 2.7 | AG10: =R10*$D$39 -> 51.05 | AH10: =S10*$D$39 -> 0 | AI10: =T10*$D$39 -> 7.05 | AJ10: =U10*$D$39 -> 33.9 | AK10: =V10*$D$39 -> 23.55 | AL10: =W10*$D$39 -> 14.7 | AM10: =X10*$D$39 -> 25.75 | ... AR10: =AC10*$D$39 -> 79.25 | AS10: =SUM(AF10:AR10) -> 348.3 | AU10: =AT10*$AU$43 -> 0 | AW10: 0 | AX10: =(IF((AW10-AW9<0),"0",AW10-AW9))*1000 -> 0 | AY10: =AX10*$AY$44 -> 0 | AZ10: 877100 | BA10: =(IF((AZ10-AZ9<0),"0",AZ10-AZ9))*100 -> 163800 | BB10: =BA10*$BA$44*60% -> 447.174 | BC10: =BB10*0.4444 -> 198.72413
A11: 43470 | B11: 117 | C11: 4192790 | D11: 8616400 | E11: 865290 | F11: 1870870 | G11: 6061070 | H11: 2279200 | I11: 2620650 | J11: 2642480 | K11: 4939430 | L11: 1487800 | M11: 5170960 | N11: 6187870 | O11: 6742650 | Q11: =IF((C11-C10<0), "0",C11-C10) -> 550 | R11: =IF((D11-D10<0), "0",D11-D10) -> 9900 | S11: =IF((E11-E10<0), "0",E11-E10) -> 0 | T11: =IF((F11-F10<0), "0",F11-F10) -> 1390 | U11: =IF((G11-G10<0), "0",G11-G10) -> 6300 | V11: =IF((H11-H10<0), "0",H11-H10) -> 4580 | W11: =IF((I11-I10<0), "0",I11-I10) -> 3020 | X11: =IF((J11-J10<0), "0",J11-J10) -> 4960 | ... AC11: =IF((O11-O10<0), "0",O11-O10) -> 15220 | AD11: =SUM(Q11:AC11) -> 67800 | AF11: =Q11*$D$39 -> 2.75 | AG11: =R11*$D$39 -> 49.5 | AH11: =S11*$D$39 -> 0 | AI11: =T11*$D$39 -> 6.95 | AJ11: =U11*$D$39 -> 31.5 | AK11: =V11*$D$39 -> 22.9 | AL11: =W11*$D$39 -> 15.1 | AM11: =X11*$D$39 -> 24.8 | ... AR11: =AC11*$D$39 -> 76.1 | AS11: =SUM(AF11:AR11) -> 339 | AU11: =AT11*$AU$43 -> 0 | AW11: 0 | AX11: =(IF((AW11-AW10<0),"0",AW11-AW10))*1000 -> 0 | AY11: =AX11*$AY$44 -> 0 | AZ11: 879303 | BA11: =(IF((AZ11-AZ10<0),"0",AZ11-AZ10))*100 -> 220300 | BB11: =BA11*$BA$44*60% -> 601.419 | BC11: =BB11*0.4444 -> 267.2706
A12: 43471 | B12: 92 | C12: 4193330 | D12: 8626070 | E12: 865290 | F12: 1872260 | G12: 6067010 | H12: 2283100 | I12: 2623500 | J12: 2647530 | K12: 4945710 | L12: 1490480 | M12: 5173790 | N12: 6195670 | O12: 6758410 | Q12: =IF((C12-C11<0), "0",C12-C11) -> 540 | R12: =IF((D12-D11<0), "0",D12-D11) -> 9670 | S12: =IF((E12-E11<0), "0",E12-E11) -> 0 | T12: =IF((F12-F11<0), "0",F12-F11) -> 1390 | U12: =IF((G12-G11<0), "0",G12-G11) -> 5940 | V12: =IF((H12-H11<0), "0",H12-H11) -> 3900 | W12: =IF((I12-I11<0), "0",I12-I11) -> 2850 | X12: =IF((J12-J11<0), "0",J12-J11) -> 5050 | ... AC12: =IF((O12-O11<0), "0",O12-O11) -> 15760 | AD12: =SUM(Q12:AC12) -> 64690 | AF12: =Q12*$D$39 -> 2.7 | AG12: =R12*$D$39 -> 48.35 | AH12: =S12*$D$39 -> 0 | AI12: =T12*$D$39 -> 6.95 | AJ12: =U12*$D$39 -> 29.7 | AK12: =V12*$D$39 -> 19.5 | AL12: =W12*$D$39 -> 14.25 | AM12: =X12*$D$39 -> 25.25 | ... AR12: =AC12*$D$39 -> 78.8 | AS12: =SUM(AF12:AR12) -> 323.45 | AU12: =AT12*$AU$43 -> 0 | AW12: 0 | AX12: =(IF((AW12-AW11<0),"0",AW12-AW11))*1000 -> 0 | AY12: =AX12*$AY$44 -> 0 | AZ12: 881109 | BA12: =(IF((AZ12-AZ11<0),"0",AZ12-AZ11))*100 -> 180600 | BB12: =BA12*$BA$44*60% -> 493.038 | BC12: =BB12*0.4444 -> 219.10609
A13: 43472 | B13: 105 | C13: 4193880 | D13: 8635180 | E13: 865290 | F13: 1873640 | G13: 6073100 | H13: 2287150 | I13: 2626250 | J13: 2652500 | K13: 4951850 | L13: 1493100 | M13: 5177110 | N13: 6203570 | O13: 6774890 | Q13: =IF((C13-C12<0), "0",C13-C12) -> 550 | R13: =IF((D13-D12<0), "0",D13-D12) -> 9110 | S13: =IF((E13-E12<0), "0",E13-E12) -> 0 | T13: =IF((F13-F12<0), "0",F13-F12) -> 1380 | U13: =IF((G13-G12<0), "0",G13-G12) -> 6090 | V13: =IF((H13-H12<0), "0",H13-H12) -> 4050 | W13: =IF((I13-I12<0), "0",I13-I12) -> 2750 | X13: =IF((J13-J12<0), "0",J13-J12) -> 4970 | ... AC13: =IF((O13-O12<0), "0",O13-O12) -> 16480 | AD13: =SUM(Q13:AC13) -> 65360 | AF13: =Q13*$D$39 -> 2.75 | AG13: =R13*$D$39 -> 45.55 | AH13: =S13*$D$39 -> 0 | AI13: =T13*$D$39 -> 6.9 | AJ13: =U13*$D$39 -> 30.45 | AK13: =V13*$D$39 -> 20.25 | AL13: =W13*$D$39 -> 13.75 | AM13: =X13*$D$39 -> 24.85 | ... AR13: =AC13*$D$39 -> 82.4 | AS13: =SUM(AF13:AR13) -> 326.8 | AU13: =AT13*$AU$43 -> 0 | AW13: 0 | AX13: =(IF((AW13-AW12<0),"0",AW13-AW12))*1000 -> 0 | AY13: =AX13*$AY$44 -> 0 | AZ13: 882654 | BA13: =(IF((AZ13-AZ12<0),"0",AZ13-AZ12))*100 -> 154500 | BB13: =BA13*$BA$44*60% -> 421.785 | BC13: =BB13*0.4444 -> 187.44125
A14: 43473 | B14: 144 | C14: 4194420 | D14: 8643760 | E14: 865290 | F14: 1875000 | G14: 6079260 | H14: 2291590 | I14: 2629140 | J14: 2657480 | K14: 4958120 | L14: 1495740 | M14: 5180630 | N14: 6211390 | O14: 6790730 | Q14: =IF((C14-C13<0), "0",C14-C13) -> 540 | R14: =IF((D14-D13<0), "0",D14-D13) -> 8580 | S14: =IF((E14-E13<0), "0",E14-E13) -> 0 | T14: =IF((F14-F13<0), "0",F14-F13) -> 1360 | U14: =IF((G14-G13<0), "0",G14-G13) -> 6160 | V14: =IF((H14-H13<0), "0",H14-H13) -> 4440 | W14: =IF((I14-I13<0), "0",I14-I13) -> 2890 | X14: =IF((J14-J13<0), "0",J14-J13) -> 4980 | ... AC14: =IF((O14-O13<0), "0",O14-O13) -> 15840 | AD14: =SUM(Q14:AC14) -> 65040 | AF14: =Q14*$D$39 -> 2.7 | AG14: =R14*$D$39 -> 42.9 | AH14: =S14*$D$39 -> 0 | AI14: =T14*$D$39 -> 6.8 | AJ14: =U14*$D$39 -> 30.8 | AK14: =V14*$D$39 -> 22.2 | AL14: =W14*$D$39 -> 14.45 | AM14: =X14*$D$39 -> 24.9 | ... AR14: =AC14*$D$39 -> 79.2 | AS14: =SUM(AF14:AR14) -> 325.2 | AU14: =AT14*$AU$43 -> 0 | AW14: 0 | AX14: =(IF((AW14-AW13<0),"0",AW14-AW13))*1000 -> 0 | AY14: =AX14*$AY$44 -> 0 | AZ14: 884495 | BA14: =(IF((AZ14-AZ13<0),"0",AZ14-AZ13))*100 -> 184100 | BB14: =BA14*$BA$44*60% -> 502.593 | BC14: =BB14*0.4444 -> 223.35233
A15: 43474 | B15: 137 | C15: 4194980 | D15: 8653500 | E15: 865290 | F15: 1876460 | G15: 6085730 | H15: 2296120 | I15: 2632140 | J15: 2662730 | K15: 4964650 | L15: 1498540 | M15: 5184160 | N15: 6219720 | O15: 6806140 | Q15: =IF((C15-C14<0), "0",C15-C14) -> 560 | R15: =IF((D15-D14<0), "0",D15-D14) -> 9740 | S15: =IF((E15-E14<0), "0",E15-E14) -> 0 | T15: =IF((F15-F14<0), "0",F15-F14) -> 1460 | U15: =IF((G15-G14<0), "0",G15-G14) -> 6470 | V15: =IF((H15-H14<0), "0",H15-H14) -> 4530 | W15: =IF((I15-I14<0), "0",I15-I14) -> 3000 | X15: =IF((J15-J14<0), "0",J15-J14) -> 5250 | ... AC15: =IF((O15-O14<0), "0",O15-O14) -> 15410 | AD15: =SUM(Q15:AC15) -> 67610 | AF15: =Q15*$D$39 -> 2.8 | AG15: =R15*$D$39 -> 48.7 | AH15: =S15*$D$39 -> 0 | AI15: =T15*$D$39 -> 7.3 | AJ15: =U15*$D$39 -> 32.35 | AK15: =V15*$D$39 -> 22.65 | AL15: =W15*$D$39 -> 15 | AM15: =X15*$D$39 -> 26.25 | ... AR15: =AC15*$D$39 -> 77.05 | AS15: =SUM(AF15:AR15) -> 338.05 | AU15: =AT15*$AU$43 -> 0 | AW15: 0 | AX15: =(IF((AW15-AW14<0),"0",AW15-AW14))*1000 -> 0 | AY15: =AX15*$AY$44 -> 0 | AZ15: 886940 | BA15: =(IF((AZ15-AZ14<0),"0",AZ15-AZ14))*100 -> 244500 | BB15: =BA15*$BA$44*60% -> 667.485 | BC15: =BB15*0.4444 -> 296.63033
A16: 43475 | B16: 171 | C16: 4195520 | D16: 8662060 | E16: 865290 | F16: 1877880 | G16: 6092120 | H16: 2300570 | I16: 2635100 | J16: 2667790 | K16: 4971140 | L16: 1501350 | M16: 5187690 | N16: 6228080 | O16: 6824070 | Q16: =IF((C16-C15<0), "0",C16-C15) -> 540 | R16: =IF((D16-D15<0), "0",D16-D15) -> 8560 | S16: =IF((E16-E15<0), "0",E16-E15) -> 0 | T16: =IF((F16-F15<0), "0",F16-F15) -> 1420 | U16: =IF((G16-G15<0), "0",G16-G15) -> 6390 | V16: =IF((H16-H15<0), "0",H16-H15) -> 4450 | W16: =IF((I16-I15<0), "0",I16-I15) -> 2960 | X16: =IF((J16-J15<0), "0",J16-J15) -> 5060 | ... AC16: =IF((O16-O15<0), "0",O16-O15) -> 17930 | AD16: =SUM(Q16:AC16) -> 68500 | AF16: =Q16*$D$39 -> 2.7 | AG16: =R16*$D$39 -> 42.8 | AH16: =S16*$D$39 -> 0 | AI16: =T16*$D$39 -> 7.1 | AJ16: =U16*$D$39 -> 31.95 | AK16: =V16*$D$39 -> 22.25 | AL16: =W16*$D$39 -> 14.8 | AM16: =X16*$D$39 -> 25.3 | ... AR16: =AC16*$D$39 -> 89.65 | AS16: =SUM(AF16:AR16) -> 342.5 | AU16: =AT16*$AU$43 -> 0 | AW16: 0 | AX16: =(IF((AW16-AW15<0),"0",AW16-AW15))*1000 -> 0 | AY16: =AX16*$AY$44 -> 0 | AZ16: 887596 | BA16: =(IF((AZ16-AZ15<0),"0",AZ16-AZ15))*100 -> 65600 | BB16: =BA16*$BA$44*60% -> 179.088 | BC16: =BB16*0.4444 -> 79.586707
A17: 43476 | B17: 151 | C17: 4195910 | D17: 8666020 | E17: 865290 | F17: 1879880 | G17: 6098120 | H17: 2304520 | I17: 2639100 | J17: 2671870 | K17: 4979140 | L17: 1504520 | M17: 5189780 | N17: 6238040 | O17: 6835180 | Q17: =IF((C17-C16<0), "0",C17-C16) -> 390 | R17: =IF((D17-D16<0), "0",D17-D16) -> 3960 | S17: =IF((E17-E16<0), "0",E17-E16) -> 0 | T17: =IF((F17-F16<0), "0",F17-F16) -> 2000 | U17: =IF((G17-G16<0), "0",G17-G16) -> 6000 | V17: =IF((H17-H16<0), "0",H17-H16) -> 3950 | W17: =IF((I17-I16<0), "0",I17-I16) -> 4000 | X17: =IF((J17-J16<0), "0",J17-J16) -> 4080 | ... AC17: =IF((O17-O16<0), "0",O17-O16) -> 11110 | AD17: =SUM(Q17:AC17) -> 58710 | AF17: =Q17*$D$39 -> 1.95 | AG17: =R17*$D$39 -> 19.8 | AH17: =S17*$D$39 -> 0 | AI17: =T17*$D$39 -> 10 | AJ17: =U17*$D$39 -> 30 | AK17: =V17*$D$39 -> 19.75 | AL17: =W17*$D$39 -> 20 | AM17: =X17*$D$39 -> 20.4 | ... AR17: =AC17*$D$39 -> 55.55 | AS17: =SUM(AF17:AR17) -> 293.55 | AU17: =AT17*$AU$43 -> 0 | AW17: 0 | AX17: =(IF((AW17-AW16<0),"0",AW17-AW16))*1000 -> 0 | AY17: =AX17*$AY$44 -> 0 | AZ17: 889152 | BA17: =(IF((AZ17-AZ16<0),"0",AZ17-AZ16))*100 -> 155600 | BB17: =BA17*$BA$44*60% -> 424.788 | BC17: =BB17*0.4444 -> 188.77579
A18: 43477 | B18: 109 | C18: 4196620 | D18: 8679270 | E18: 865290 | F18: 1880680 | G18: 6104750 | H18: 2309410 | I18: 2640920 | J18: 2678170 | K18: 4984360 | L18: 1506750 | M18: 5195090 | N18: 6245820 | O18: 6860600 | Q18: =IF((C18-C17<0), "0",C18-C17) -> 710 | R18: =IF((D18-D17<0), "0",D18-D17) -> 13250 | S18: =IF((E18-E17<0), "0",E18-E17) -> 0 | T18: =IF((F18-F17<0), "0",F18-F17) -> 800 | U18: =IF((G18-G17<0), "0",G18-G17) -> 6630 | V18: =IF((H18-H17<0), "0",H18-H17) -> 4890 | W18: =IF((I18-I17<0), "0",I18-I17) -> 1820 | X18: =IF((J18-J17<0), "0",J18-J17) -> 6300 | ... AC18: =IF((O18-O17<0), "0",O18-O17) -> 25420 | AD18: =SUM(Q18:AC18) -> 80360 | AF18: =Q18*$D$39 -> 3.55 | AG18: =R18*$D$39 -> 66.25 | AH18: =S18*$D$39 -> 0 | AI18: =T18*$D$39 -> 4 | AJ18: =U18*$D$39 -> 33.15 | AK18: =V18*$D$39 -> 24.45 | AL18: =W18*$D$39 -> 9.1 | AM18: =X18*$D$39 -> 31.5 | ... AR18: =AC18*$D$39 -> 127.1 | AS18: =SUM(AF18:AR18) -> 401.8 | AU18: =AT18*$AU$43 -> 0 | AW18: 0 | AX18: =(IF((AW18-AW17<0),"0",AW18-AW17))*1000 -> 0 | AY18: =AX18*$AY$44 -> 0 | AZ18: 891000 | BA18: =(IF((AZ18-AZ17<0),"0",AZ18-AZ17))*100 -> 184800 | BB18: =BA18*$BA$44*60% -> 504.504 | BC18: =BB18*0.4444 -> 224.20158
A19: 43478 | B19: 127 | C19: 4197160 | D19: 8688100 | E19: 865290 | F19: 1882050 | G19: 6110940 | H19: 2313770 | I19: 2644100 | J19: 2682980 | K19: 4990750 | L19: 1509470 | M19: 5198680 | N19: 6254570 | O19: 6878010 | Q19: =IF((C19-C18<0), "0",C19-C18) -> 540 | R19: =IF((D19-D18<0), "0",D19-D18) -> 8830 | S19: =IF((E19-E18<0), "0",E19-E18) -> 0 | T19: =IF((F19-F18<0), "0",F19-F18) -> 1370 | U19: =IF((G19-G18<0), "0",G19-G18) -> 6190 | V19: =IF((H19-H18<0), "0",H19-H18) -> 4360 | W19: =IF((I19-I18<0), "0",I19-I18) -> 3180 | X19: =IF((J19-J18<0), "0",J19-J18) -> 4810 | ... AC19: =IF((O19-O18<0), "0",O19-O18) -> 17410 | AD19: =SUM(Q19:AC19) -> 68140 | AF19: =Q19*$D$39 -> 2.7 | AG19: =R19*$D$39 -> 44.15 | AH19: =S19*$D$39 -> 0 | AI19: =T19*$D$39 -> 6.85 | AJ19: =U19*$D$39 -> 30.95 | AK19: =V19*$D$39 -> 21.8 | AL19: =W19*$D$39 -> 15.9 | AM19: =X19*$D$39 -> 24.05 | ... AR19: =AC19*$D$39 -> 87.05 | AS19: =SUM(AF19:AR19) -> 340.7 | AU19: =AT19*$AU$43 -> 0 | AW19: 0 | AX19: =(IF((AW19-AW18<0),"0",AW19-AW18))*1000 -> 0 | AY19: =AX19*$AY$44 -> 0 | AZ19: 892738 | BA19: =(IF((AZ19-AZ18<0),"0",AZ19-AZ18))*100 -> 173800 | BB19: =BA19*$BA$44*60% -> 474.474 | BC19: =BB19*0.4444 -> 210.85625
... A37: 43496 | B37: 245 | C37: 4206850 | D37: 8856890 | E37: 888900 | F37: 1907540 | G37: 6227830 | H37: 2398260 | I37: 2706830 | J37: 2774250 | K37: 5097200 | L37: 1558300 | M37: 5260920 | N37: 6395590 | O37: 7159960 | Q37: =IF((C37-C36<0), "0",C37-C36) -> 590 | R37: =IF((D37-D36<0), "0",D37-D36) -> 11320 | S37: =IF((E37-E36<0), "0",E37-E36) -> 2590 | T37: =IF((F37-F36<0), "0",F37-F36) -> 1610 | U37: =IF((G37-G36<0), "0",G37-G36) -> 7840 | V37: =IF((H37-H36<0), "0",H37-H36) -> 5280 | W37: =IF((I37-I36<0), "0",I37-I36) -> 4240 | X37: =IF((J37-J36<0), "0",J37-J36) -> 5370 | ... AC37: =IF((O37-O36<0), "0",O37-O36) -> 15660 | AD37: =SUM(Q37:AC37) -> 76170 | AF37: =Q37*$D$39 -> 2.95 | AG37: =R37*$D$39 -> 56.6 | AH37: =S37*$D$39 -> 12.95 | AI37: =T37*$D$39 -> 8.05 | AJ37: =U37*$D$39 -> 39.2 | AK37: =V37*$D$39 -> 26.4 | AL37: =W37*$D$39 -> 21.2 | AM37: =X37*$D$39 -> 26.85 | ... AR37: =AC37*$D$39 -> 78.3 | AS37: =SUM(AF37:AR37) -> 380.85 | AU37: =AT37*$AU$43 -> 0 | AW37: 0 | AX37: =(IF((AW37-AW36<0),"0",AW37-AW36))*1000 -> 0 | AY37: =AX37*$AY$44 -> 0 | AZ37: 927424 | BA37: =(IF((AZ37-AZ36<0),"0",AZ37-AZ36))*100 -> 204100 | BB37: =BA37*$BA$44*60% -> 557.193 | BC37: =BB37*0.4444 -> 247.61657
Q38: =SUM(Q7:Q37) -> 16790 | R38: =SUM(R7:R37) -> 292180 | S38: =SUM(S7:S37) -> 23610 | T38: =SUM(T7:T37) -> 43770 | U38: =SUM(U7:U37) -> 200400 | V38: =SUM(V7:V37) -> 142600 | W38: =SUM(W7:W37) -> 101570 | X38: =SUM(X7:X37) -> 157800 | ... AD38: =SUM(AD7:AD37) -> 2110790 | AF38: =SUM(AF7:AF37) -> 83.95 | AG38: =SUM(AG7:AG37) -> 1460.9 | AH38: =SUM(AH7:AH37) -> 118.05 | AI38: =SUM(AI7:AI37) -> 218.85 | AJ38: =SUM(AJ7:AJ37) -> 1002 | AK38: =SUM(AK7:AK37) -> 713 | AL38: =SUM(AL7:AL37) -> 507.85 | AM38: =SUM(AM7:AM37) -> 789 | ... AS38: =SUM(AS7:AS37) -> 10553.95 | AU38: =SUM(AU7:AU37) -> 0 | AW38: 0 | AX38: =(IF((AW38-AW37<0),"0",AW38-AW37))*1000 -> 0 | AY38: =AX38*$AY$44 -> 0 | BA38: =(IF((AZ38-AZ37<0),"0",AZ38-AZ37))*100 -> 0 | BB38: =SUM(BB7:BB37) -> 15531.516 | BC38: =BB38*0.4444 -> 6902.2057
B39: =SUM(B7:B37) -> 4656 | D39: 0.005 | AW39: 0 | AX39: =(IF((AW39-AW38<0),"0",AW39-AW38))*1000 -> 0 | AY39: =AX39*$AY$44 -> 0 | BB39: =BA39*$BA$44*60% -> 0
D40: 0.002
AU43: 178.125
AW44: 0.528 | AY44: 0.00379 | AZ44: 0.528 | BA44: 0.00455
BA46: =0.002/4.5 -> 0.00044444444
BA47: =BA46*1000 -> 0.44444444
