Workbook

Sheet TOTAL
A1: Site Name | B1: Day | C1: Month | D1: Year | E1: Total Electricity KWh | F1: Electricity Tariff ($/KWh) | G1: Natual Gas (m3) | H1: Natural Gas $/m3 | I1: District Energy Cooling KWh | J1: District Energy Cooling $/KWh | K1: District Energy Heating KWh | L1: District Energy Heating $/KWh | M1: Water Utility Supply (m3) m3 | N1: Water Utility Supply (m3) $/m3 | O1: Room Nights | P1: Total Guests
A2: Tokyo at Otemachi | B2: 1 | C2: 3 | D2: 2021 | E2: ='Otemachi Daily'!D5 -> 11991 | F2: =[2]見込!$G$3 -> 22 | G2: ='Otemachi Daily'!F5 -> 158 | H2: =[2]見込!$M$23 -> 102.21813 | I2: ='Otemachi Daily'!H5 -> 2573.7284 | J2: =[1]Sheet1!$V$14 -> 38.951612 | K2: ='Otemachi Daily'!J5 -> 17283.355 | L2: =[1]Sheet1!$AE$14 -> 20.712584 | M2: ='Otemachi Daily'!L5 -> 80 | N2: 741 | O2: ='Otemachi Daily'!M5 -> 15 | P2: ='Otemachi Daily'!N5 -> 27
A3: Tokyo at Otemachi | B3: =B2+1 -> 2 | C3: 3 | D3: 2021 | E3: ='Otemachi Daily'!D6 -> 12290 | F3: =[2]見込!$G$3 -> 22 | G3: ='Otemachi Daily'!F6 -> 147 | H3: =[2]見込!$M$23 -> 102.21813 | I3: ='Otemachi Daily'!H6 -> 3451.8542 | J3: =[1]Sheet1!$V$14 -> 38.951612 | K3: ='Otemachi Daily'!J6 -> 15435.818 | L3: =[1]Sheet1!$AE$14 -> 20.712584 | M3: ='Otemachi Daily'!L6 -> 89 | N3: 741 | O3: ='Otemachi Daily'!M6 -> 20 | P3: ='Otemachi Daily'!N6 -> 29
A4: Tokyo at Otemachi | B4: =B3+1 -> 3 | C4: 3 | D4: 2021 | E4: ='Otemachi Daily'!D7 -> 12071 | F4: =[2]見込!$G$3 -> 22 | G4: ='Otemachi Daily'!F7 -> 146 | H4: =[2]見込!$M$23 -> 102.21813 | I4: ='Otemachi Daily'!H7 -> 2085.0782 | J4: =[1]Sheet1!$V$14 -> 38.951612 | K4: ='Otemachi Daily'!J7 -> 26108.172 | L4: =[1]Sheet1!$AE$14 -> 20.712584 | M4: ='Otemachi Daily'!L7 -> 201 | N4: 741 | O4: ='Otemachi Daily'!M7 -> 18 | P4: ='Otemachi Daily'!N7 -> 33
A5: Tokyo at Otemachi | B5: =B4+1 -> 4 | C5: 3 | D5: 2021 | E5: ='Otemachi Daily'!D8 -> 12297 | F5: =[2]見込!$G$3 -> 22 | G5: ='Otemachi Daily'!F8 -> 152 | H5: =[2]見込!$M$23 -> 102.21813 | I5: ='Otemachi Daily'!H8 -> 1996.0156 | J5: =[1]Sheet1!$V$14 -> 38.951612 | K5: ='Otemachi Daily'!J8 -> 21739.906 | L5: =[1]Sheet1!$AE$14 -> 20.712584 | M5: ='Otemachi Daily'!L8 -> 103 | N5: 741 | O5: ='Otemachi Daily'!M8 -> 20 | P5: ='Otemachi Daily'!N8 -> 35
A6: Tokyo at Otemachi | B6: =B5+1 -> 5 | C6: 3 | D6: 2021 | E6: ='Otemachi Daily'!D9 -> 12432 | F6: =[2]見込!$G$3 -> 22 | G6: ='Otemachi Daily'!F9 -> 171 | H6: =[2]見込!$M$23 -> 102.21813 | I6: ='Otemachi Daily'!H9 -> 2721.2402 | J6: =[1]Sheet1!$V$14 -> 38.951612 | K6: ='Otemachi Daily'!J9 -> 16068.924 | L6: =[1]Sheet1!$AE$14 -> 20.712584 | M6: ='Otemachi Daily'!L9 -> 98 | N6: 741 | O6: ='Otemachi Daily'!M9 -> 22 | P6: ='Otemachi Daily'!N9 -> 10
A7: Tokyo at Otemachi | B7: =B6+1 -> 6 | C7: 3 | D7: 2021 | E7: ='Otemachi Daily'!D10 -> 13094 | F7: =[2]見込!$G$3 -> 22 | G7: ='Otemachi Daily'!F10 -> 176 | H7: =[2]見込!$M$23 -> 102.21813 | I7: ='Otemachi Daily'!H10 -> 3222.6692 | J7: =[1]Sheet1!$V$14 -> 38.951612 | K7: ='Otemachi Daily'!J10 -> 17469.259 | L7: =[1]Sheet1!$AE$14 -> 20.712584 | M7: ='Otemachi Daily'!L10 -> 132 | N7: 741 | O7: ='Otemachi Daily'!M10 -> 57 | P7: ='Otemachi Daily'!N10 -> 106
A8: Tokyo at Otemachi | B8: =B7+1 -> 7 | C8: 3 | D8: 2021 | E8: ='Otemachi Daily'!D11 -> 12884 | F8: =[2]見込!$G$3 -> 22 | G8: ='Otemachi Daily'!F11 -> 167 | H8: =[2]見込!$M$23 -> 102.21813 | I8: ='Otemachi Daily'!H11 -> 2107.58 | J8: =[1]Sheet1!$V$14 -> 38.951612 | K8: ='Otemachi Daily'!J11 -> 27315.157 | L8: =[1]Sheet1!$AE$14 -> 20.712584 | M8: ='Otemachi Daily'!L11 -> 125 | N8: 741 | O8: ='Otemachi Daily'!M11 -> 22 | P8: ='Otemachi Daily'!N11 -> 42
A9: Tokyo at Otemachi | B9: =B8+1 -> 8 | C9: 3 | D9: 2021 | E9: ='Otemachi Daily'!D12 -> 12732 | F9: =[2]見込!$G$3 -> 22 | G9: ='Otemachi Daily'!F12 -> 158 | H9: =[2]見込!$M$23 -> 102.21813 | I9: ='Otemachi Daily'!H12 -> 1551.98 | J9: =[1]Sheet1!$V$14 -> 38.951612 | K9: ='Otemachi Daily'!J12 -> 26165.649 | L9: =[1]Sheet1!$AE$14 -> 20.712584 | M9: ='Otemachi Daily'!L12 -> 111 | N9: 741 | O9: ='Otemachi Daily'!M12 -> 24 | P9: ='Otemachi Daily'!N12 -> 40
A10: Tokyo at Otemachi | B10: =B9+1 -> 9 | C10: 3 | D10: 2021 | E10: ='Otemachi Daily'!D13 -> 12558 | F10: =[2]見込!$G$3 -> 22 | G10: ='Otemachi Daily'!F13 -> 129 | H10: =[2]見込!$M$23 -> 102.21813 | I10: ='Otemachi Daily'!H13 -> 1718.66 | J10: =[1]Sheet1!$V$14 -> 38.951612 | K10: ='Otemachi Daily'!J13 -> 24125.235 | L10: =[1]Sheet1!$AE$14 -> 20.712584 | M10: ='Otemachi Daily'!L13 -> 121 | N10: 741 | O10: ='Otemachi Daily'!M13 -> 23 | P10: ='Otemachi Daily'!N13 -> 41
A11: Tokyo at Otemachi | B11: =B10+1 -> 10 | C11: 3 | D11: 2021 | E11: ='Otemachi Daily'!D14 -> 12688 | F11: =[2]見込!$G$3 -> 22 | G11: ='Otemachi Daily'!F14 -> 156 | H11: =[2]見込!$M$23 -> 102.21813 | I11: ='Otemachi Daily'!H14 -> 2290.4836 | J11: =[1]Sheet1!$V$14 -> 38.951612 | K11: ='Otemachi Daily'!J14 -> 21080.158 | L11: =[1]Sheet1!$AE$14 -> 20.712584 | M11: ='Otemachi Daily'!L14 -> 109 | N11: 741 | O11: ='Otemachi Daily'!M14 -> 23 | P11: ='Otemachi Daily'!N14 -> 40
A12: Tokyo at Otemachi | B12: =B11+1 -> 11 | C12: 3 | D12: 2021 | E12: ='Otemachi Daily'!D15 -> 12882 | F12: =[2]見込!$G$3 -> 22 | G12: ='Otemachi Daily'!F15 -> 170 | H12: =[2]見込!$M$23 -> 102.21813 | I12: ='Otemachi Daily'!H15 -> 2704.5722 | J12: =[1]Sheet1!$V$14 -> 38.951612 | K12: ='Otemachi Daily'!J15 -> 22664.646 | L12: =[1]Sheet1!$AE$14 -> 20.712584 | M12: ='Otemachi Daily'!L15 -> 124 | N12: 741 | O12: ='Otemachi Daily'!M15 -> 26 | P12: ='Otemachi Daily'!N15 -> 47
A13: Tokyo at Otemachi | B13: =B12+1 -> 12 | C13: 3 | D13: 2021 | E13: ='Otemachi Daily'!D16 -> 13442 | F13: =[2]見込!$G$3 -> 22 | G13: ='Otemachi Daily'!F16 -> 185 | H13: =[2]見込!$M$23 -> 102.21813 | I13: ='Otemachi Daily'!H16 -> 2887.6424 | J13: =[1]Sheet1!$V$14 -> 38.951612 | K13: ='Otemachi Daily'!J16 -> 16874.044 | L13: =[1]Sheet1!$AE$14 -> 20.712584 | M13: ='Otemachi Daily'!L16 -> 136 | N13: 741 | O13: ='Otemachi Daily'!M16 -> 71 | P13: ='Otemachi Daily'!N16 -> 145
A14: Tokyo at Otemachi | B14: =B13+1 -> 13 | C14: 3 | D14: 2021 | E14: ='Otemachi Daily'!D17 -> 14223 | F14: =[2]見込!$G$3 -> 22 | G14: ='Otemachi Daily'!F17 -> 191 | H14: =[2]見込!$M$23 -> 102.21813 | I14: ='Otemachi Daily'!H17 -> 2865.974 | J14: =[1]Sheet1!$V$14 -> 38.951612 | K14: ='Otemachi Daily'!J17 -> 20591.675 | L14: =[1]Sheet1!$AE$14 -> 20.712584 | M14: ='Otemachi Daily'!L17 -> 158 | N14: 741 | O14: ='Otemachi Daily'!M17 -> 85 | P14: ='Otemachi Daily'!N17 -> 166
... A32: Tokyo at Otemachi | B32: =B31+1 -> 31 | C32: 3 | D32: 2021 | E32: ='Otemachi Daily'!D35 -> 12572 | F32: =[2]見込!$G$3 -> 22 | G32: ='Otemachi Daily'!F35 -> 150 | H32: =[2]見込!$M$23 -> 102.21813 | I32: ='Otemachi Daily'!H35 -> 4608.9798 | J32: =[1]Sheet1!$V$14 -> 38.951612 | K32: ='Otemachi Daily'!J35 -> 11514.393 | L32: =[1]Sheet1!$AE$14 -> 20.712584 | M32: ='Otemachi Daily'!L35 -> 125 | N32: 741 | O32: ='Otemachi Daily'!M35 -> 28 | P32: ='Otemachi Daily'!N35 -> 50

Sheet Otemachi Daily
A2: Days | C2: Electricity Meter (KWh) | E2: Gas m3 | G2: District Cooling (KWh) | I2: District Heating (KWh) | K2: Water m3
A3: Date | C3: Reading KWH | D3: Difference KWH | E3: Reading m3 | F3: Difference KWH | G3: Reading KWh | H3: Difference KWH | I3: Reading KWh | J3: Difference KWH | K3: Reading m³ | L3: Daily Consumption m³ | M3: ROOM NIGHTS | N3: TOTAL GUESTS
A5: 44256 | C5: =[2]コスト!$G$147 -> 11991 | D5: =C5 -> 11991 | E5: =[2]コスト!$G$23 -> 158 | F5: =E5 -> 158 | G5: =[2]コスト!$G$115+413 -> 2573.7284 | H5: =G5 -> 2573.7284 | I5: =[2]コスト!$G$91+[2]コスト!$G$66 -> 17283.355 | J5: =I5 -> 17283.355 | K5: =[2]コスト!$G$41 -> 80 | L5: =K5 -> 80 | M5: 15 | N5: 27
A6: 44257 | C6: =[2]コスト!$H$147 -> 12290 | D6: =C6 -> 12290 | E6: =[2]コスト!$H$23 -> 147 | F6: =E6 -> 147 | G6: =[2]コスト!$H$115+413 -> 3451.8542 | H6: =G6 -> 3451.8542 | I6: =[2]コスト!$H$91+[2]コスト!$H$66 -> 15435.818 | J6: =I6 -> 15435.818 | K6: =[2]コスト!$H$41 -> 89 | L6: =K6 -> 89 | M6: 20 | N6: 29
A7: 44258 | C7: =[2]コスト!$I$147 -> 12071 | D7: =C7 -> 12071 | E7: =[2]コスト!$I$23 -> 146 | F7: =E7 -> 146 | G7: =[2]コスト!$I$115+413 -> 2085.0782 | H7: =G7 -> 2085.0782 | I7: =[2]コスト!$I$91+[2]コスト!$I$66 -> 26108.172 | J7: =I7 -> 26108.172 | K7: =[2]コスト!$I$41 -> 201 | L7: =K7 -> 201 | M7: 18 | N7: 33
A8: 44259 | C8: =[2]コスト!$J$147 -> 12297 | D8: =C8 -> 12297 | E8: =[2]コスト!$J$23 -> 152 | F8: =E8 -> 152 | G8: =[2]コスト!$J$115+412 -> 1996.0156 | H8: =G8 -> 1996.0156 | I8: =[2]コスト!$J$91+[2]コスト!$J$66 -> 21739.906 | J8: =I8 -> 21739.906 | K8: =[2]コスト!$J$41 -> 103 | L8: =K8 -> 103 | M8: 20 | N8: 35
A9: 44260 | C9: =[2]コスト!$K$147 -> 12432 | D9: =C9 -> 12432 | E9: =[2]コスト!$K$23 -> 171 | F9: =E9 -> 171 | G9: =[2]コスト!$K$115+413 -> 2721.2402 | H9: =G9 -> 2721.2402 | I9: =[2]コスト!$K$91+[2]コスト!$K$66 -> 16068.924 | J9: =I9 -> 16068.924 | K9: =[2]コスト!$K$41 -> 98 | L9: =K9 -> 98 | M9: 22 | N9: 10
A10: 44261 | C10: =[2]コスト!$L$147 -> 13094 | D10: =C10 -> 13094 | E10: =[2]コスト!$L$23 -> 176 | F10: =E10 -> 176 | G10: =[2]コスト!$L$115+413 -> 3222.6692 | H10: =G10 -> 3222.6692 | I10: =[2]コスト!$L$91+[2]コスト!$L$66 -> 17469.259 | J10: =I10 -> 17469.259 | K10: =[2]コスト!$L$41 -> 132 | L10: =K10 -> 132 | M10: 57 | N10: 106
A11: 44262 | C11: =[2]コスト!$M$147 -> 12884 | D11: =C11 -> 12884 | E11: =[2]コスト!$M$23 -> 167 | F11: =E11 -> 167 | G11: =[2]コスト!$M$115+413 -> 2107.58 | H11: =G11 -> 2107.58 | I11: =[2]コスト!$M$91+[2]コスト!$M$66 -> 27315.157 | J11: =I11 -> 27315.157 | K11: =[2]コスト!$M$41 -> 125 | L11: =K11 -> 125 | M11: 22 | N11: 42
A12: 44263 | C12: =[2]コスト!$N$147 -> 12732 | D12: =C12 -> 12732 | E12: =[2]コスト!$N$23 -> 158 | F12: =E12 -> 158 | G12: =[2]コスト!$N$115+413 -> 1551.98 | H12: =G12 -> 1551.98 | I12: =[2]コスト!$N$91+[2]コスト!$N$66 -> 26165.649 | J12: =I12 -> 26165.649 | K12: =[2]コスト!$N$41 -> 111 | L12: =K12 -> 111 | M12: 24 | N12: 40
A13: 44264 | C13: =[2]コスト!$O$147 -> 12558 | D13: =C13 -> 12558 | E13: =[2]コスト!$O$23 -> 129 | F13: =E13 -> 129 | G13: =[2]コスト!$O$115+413 -> 1718.66 | H13: =G13 -> 1718.66 | I13: =[2]コスト!$O$91+[2]コスト!$O$66 -> 24125.235 | J13: =I13 -> 24125.235 | K13: =[2]コスト!$O$41 -> 121 | L13: =K13 -> 121 | M13: 23 | N13: 41
A14: 44265 | C14: =[2]コスト!$P$147 -> 12688 | D14: =C14 -> 12688 | E14: =[2]コスト!$P$23 -> 156 | F14: =E14 -> 156 | G14: =[2]コスト!$P$115+412 -> 2290.4836 | H14: =G14 -> 2290.4836 | I14: =[2]コスト!$P$91+[2]コスト!$P$66 -> 21080.158 | J14: =I14 -> 21080.158 | K14: =[2]コスト!$P$41 -> 109 | L14: =K14 -> 109 | M14: 23 | N14: 40
A15: 44266 | C15: =[2]コスト!$Q$147 -> 12882 | D15: =C15 -> 12882 | E15: =[2]コスト!$Q$23 -> 170 | F15: =E15 -> 170 | G15: =[2]コスト!$Q$115+413 -> 2704.5722 | H15: =G15 -> 2704.5722 | I15: =[2]コスト!$Q$91+[2]コスト!$Q$66 -> 22664.646 | J15: =I15 -> 22664.646 | K15: =[2]コスト!$Q$41 -> 124 | L15: =K15 -> 124 | M15: 26 | N15: 47
A16: 44267 | C16: =[2]コスト!$R$147 -> 13442 | D16: =C16 -> 13442 | E16: =[2]コスト!$R$23 -> 185 | F16: =E16 -> 185 | G16: =[2]コスト!$R$115+413 -> 2887.6424 | H16: =G16 -> 2887.6424 | I16: =[2]コスト!$R$91+[2]コスト!$R$66 -> 16874.044 | J16: =I16 -> 16874.044 | K16: =[2]コスト!$R$41 -> 136 | L16: =K16 -> 136 | M16: 71 | N16: 145
A17: 44268 | C17: =[2]コスト!$S$147 -> 14223 | D17: =C17 -> 14223 | E17: =[2]コスト!$S$23 -> 191 | F17: =E17 -> 191 | G17: =[2]コスト!$S$115+413 -> 2865.974 | H17: =G17 -> 2865.974 | I17: =[2]コスト!$S$91+[2]コスト!$S$66 -> 20591.675 | J17: =I17 -> 20591.675 | K17: =[2]コスト!$S$41 -> 158 | L17: =K17 -> 158 | M17: 85 | N17: 166
A18: 44269 | C18: =[2]コスト!$T$147 -> 13767 | D18: =C18 -> 13767 | E18: =[2]コスト!$T$23 -> 181 | F18: =E18 -> 181 | G18: =[2]コスト!$T$115+413 -> 3219.0578 | H18: =G18 -> 3219.0578 | I18: =[2]コスト!$T$91+[2]コスト!$T$66 -> 23307.059 | J18: =I18 -> 23307.059 | K18: =[2]コスト!$T$41 -> 182 | L18: =K18 -> 182 | M18: 41 | N18: 79
A19: 44270 | C19: =[2]コスト!$U$147 -> 13016 | D19: =C19 -> 13016 | E19: =[2]コスト!$U$23 -> 168 | F19: =E19 -> 168 | G19: =[2]コスト!$U$115+413 -> 3456.0212 | H19: =G19 -> 3456.0212 | I19: =[2]コスト!$U$91+[2]コスト!$U$66 -> 20026.213 | J19: =I19 -> 20026.213 | K19: =[2]コスト!$U$41 -> 126 | L19: =K19 -> 126 | M19: 22 | N19: 41
A20: 44271 | C20: =[2]コスト!$V$147 -> 12709 | D20: =C20 -> 12709 | E20: =[2]コスト!$V$23 -> 154 | F20: =E20 -> 154 | G20: =[2]コスト!$V$115+413 -> 3369.0698 | H20: =G20 -> 3369.0698 | I20: =[2]コスト!$V$91+[2]コスト!$V$66 -> 16846.07 | J20: =I20 -> 16846.07 | K20: =[2]コスト!$V$41 -> 108 | L20: =K20 -> 108 | M20: 31 | N20: 56
A21: 44272 | C21: =[2]コスト!$W$147 -> 12813 | D21: =C21 -> 12813 | E21: =[2]コスト!$W$23 -> 167 | F21: =E21 -> 167 | G21: =[2]コスト!$W$115+413 -> 3463.7996 | H21: =G21 -> 3463.7996 | I21: =[2]コスト!$W$91+[2]コスト!$W$66 -> 18328.022 | J21: =I21 -> 18328.022 | K21: =[2]コスト!$W$41 -> 117 | L21: =K21 -> 117 | M21: 32 | N21: 41
A22: 44273 | C22: =[2]コスト!$X$147 -> 12722 | D22: =C22 -> 12722 | E22: =[2]コスト!$X$23 -> 165 | F22: =E22 -> 165 | G22: =[2]コスト!$X$115+413 -> 3684.095 | H22: =G22 -> 3684.095 | I22: =[2]コスト!$X$91+[2]コスト!$X$66 -> 18385.026 | J22: =I22 -> 18385.026 | K22: =[2]コスト!$X$41 -> 122 | L22: =K22 -> 122 | M22: 36 | N22: 64
A23: 44274 | C23: =[2]コスト!$Y$147 -> 12952 | D23: =C23 -> 12952 | E23: =[2]コスト!$Y$23 -> 189 | F23: =E23 -> 189 | G23: =[2]コスト!$Y$115+413 -> 3578.2532 | H23: =G23 -> 3578.2532 | I23: =[2]コスト!$Y$91+[2]コスト!$Y$66 -> 17135.537 | J23: =I23 -> 17135.537 | K23: =[2]コスト!$Y$41 -> 127 | L23: =K23 -> 127 | M23: 55 | N23: 110
A24: 44275 | C24: =[2]コスト!$Z$147 -> 13615 | D24: =C24 -> 13615 | E24: =[2]コスト!$Z$23 -> 176 | F24: =E24 -> 176 | G24: =[2]コスト!$Z$115+412 -> 3441.9646 | H24: =G24 -> 3441.9646 | I24: =[2]コスト!$Z$91+[2]コスト!$Z$66 -> 17478.898 | J24: =I24 -> 17478.898 | K24: =[2]コスト!$Z$41 -> 162 | L24: =K24 -> 162 | M24: 116 | N24: 232
A25: 44276 | C25: =[2]コスト!$AA$147 -> 13714 | D25: =C25 -> 13714 | E25: =[2]コスト!$AA$23 -> 182 | F25: =E25 -> 182 | G25: =[2]コスト!$AA$115+413 -> 5188.9376 | H25: =G25 -> 5188.9376 | I25: =[2]コスト!$AA$91+[2]コスト!$AA$66 -> 13176.221 | J25: =I25 -> 13176.221 | K25: =[2]コスト!$AA$41 -> 163 | L25: =K25 -> 163 | M25: 38 | N25: 73
A26: 44277 | C26: =[2]コスト!$AB$147 -> 12659 | D26: =C26 -> 12659 | E26: =[2]コスト!$AB$23 -> 172 | F26: =E26 -> 172 | G26: =[2]コスト!$AB$115+413 -> 2488.166 | H26: =G26 -> 2488.166 | I26: =[2]コスト!$AB$91+[2]コスト!$AB$66 -> 16805.344 | J26: =I26 -> 16805.344 | K26: =[2]コスト!$AB$41 -> 104 | L26: =K26 -> 104 | M26: 17 | N26: 32
A27: 44278 | C27: =[2]コスト!$AC$147 -> 12304 | D27: =C27 -> 12304 | E27: =[2]コスト!$AC$23 -> 153 | F27: =E27 -> 153 | G27: =[2]コスト!$AC$115+413 -> 2516.2238 | H27: =G27 -> 2516.2238 | I27: =[2]コスト!$AC$91+[2]コスト!$AC$66 -> 17254.88 | J27: =I27 -> 17254.88 | K27: =[2]コスト!$AC$41 -> 101 | L27: =K27 -> 101 | M27: 28 | N27: 54
A28: 44279 | C28: =[2]コスト!$AD$147 -> 11910 | D28: =C28 -> 11910 | E28: =[2]コスト!$AD$23 -> 148 | F28: =E28 -> 148 | G28: =[2]コスト!$AD$115+413 -> 3817.7168 | H28: =G28 -> 3817.7168 | I28: =[2]コスト!$AD$91+[2]コスト!$AD$66 -> 14553.581 | J28: =I28 -> 14553.581 | K28: =[2]コスト!$AD$41 -> 127 | L28: =K28 -> 127 | M28: 33 | N28: 62
A29: 44280 | C29: =[2]コスト!$AE$147 -> 12475 | D29: =C29 -> 12475 | E29: =[2]コスト!$AE$23 -> 165 | F29: =E29 -> 165 | G29: =[2]コスト!$AE$115+413 -> 3381.293 | H29: =G29 -> 3381.293 | I29: =[2]コスト!$AE$91+[2]コスト!$AE$66 -> 12498.139 | J29: =I29 -> 12498.139 | K29: =[2]コスト!$AE$41 -> 116 | L29: =K29 -> 116 | M29: 37 | N29: 66
A30: 44281 | C30: =[2]コスト!$AF$147 -> 12806 | D30: =C30 -> 12806 | E30: =[2]コスト!$AF$23 -> 188 | F30: =E30 -> 188 | G30: =[2]コスト!$AF$115+413 -> 4322.4794 | H30: =G30 -> 4322.4794 | I30: =[2]コスト!$AF$91+[2]コスト!$AF$66 -> 17442.673 | J30: =I30 -> 17442.673 | K30: =[2]コスト!$AF$41 -> 147 | L30: =K30 -> 147 | M30: 70 | N30: 147
A31: 44282 | C31: =[2]コスト!$AG$147 -> 13116 | D31: =C31 -> 13116 | E31: =[2]コスト!$AG$23 -> 178 | F31: =E31 -> 178 | G31: =[2]コスト!$AG$115+413 -> 4323.3128 | H31: =G31 -> 4323.3128 | I31: =[2]コスト!$AG$91+[2]コスト!$AG$66 -> 18606.683 | J31: =I31 -> 18606.683 | K31: =[2]コスト!$AG$41 -> 180 | L31: =K31 -> 180 | M31: 91 | N31: 207
A32: 44283 | C32: =[2]コスト!$AH$147 -> 12978 | D32: =C32 -> 12978 | E32: =[2]コスト!$AH$23 -> 180 | F32: =E32 -> 180 | G32: =[2]コスト!$AH$115+411 -> 4242.1398 | H32: =G32 -> 4242.1398 | I32: =[2]コスト!$AH$91+[2]コスト!$AH$66 -> 11498.864 | J32: =I32 -> 11498.864 | K32: =[2]コスト!$AH$41 -> 137 | L32: =K32 -> 137 | M32: 51 | N32: 109
A33: 44284 | C33: =[2]コスト!$AI$147 -> 12563 | D33: =C33 -> 12563 | E33: =[2]コスト!$AI$23 -> 182 | F33: =E33 -> 182 | G33: =[2]コスト!$AI$115+'[2]29日'!$C$29 -> 6266.6124 | H33: =G33 -> 6266.6124 | I33: =[2]コスト!$AI$91+[2]コスト!$AI$66 -> 10265.932 | J33: =I33 -> 10265.932 | K33: =[2]コスト!$AI$41 -> 113 | L33: =K33 -> 113 | M33: 31 | N33: 56
A34: 44285 | C34: =[2]コスト!$AJ$147 -> 12421 | D34: =C34 -> 12421 | E34: =[2]コスト!$AJ$23 -> 164 | F34: =E34 -> 164 | G34: =[2]コスト!$AJ$115+'[2]30日'!$C$29 -> 4703.154 | H34: =G34 -> 4703.154 | I34: =[2]コスト!$AJ$91+[2]コスト!$AJ$66 -> 10685.827 | J34: =I34 -> 10685.827 | K34: =[2]コスト!$AJ$41 -> 115 | L34: =K34 -> 115 | M34: 34 | N34: 62
A35: 44286 | C35: =[2]コスト!$AK$147 -> 12572 | D35: =C35 -> 12572 | E35: =[2]コスト!$AK$23 -> 150 | F35: =E35 -> 150 | G35: =[2]コスト!$AK$115+'[2]31日'!$C$29 -> 4608.9798 | H35: =G35 -> 4608.9798 | I35: =[2]コスト!$AK$91+[2]コスト!$AK$66 -> 11514.393 | J35: =I35 -> 11514.393 | K35: =[2]コスト!$AK$41 -> 125 | L35: =K35 -> 125 | M35: 28 | N35: 50
C38: =SUM(C5:C37) -> 396696 | E38: =SUM(E5:E37) -> 5168 | G38: =SUM(G5:G37) -> 102248.75 | I38: =SUM(I5:I37) -> 558731.36 | K38: =SUM(K5:K37) -> 3959
