Workbook

Sheet TOTAL
A1: Site Name | B1: Day | C1: Month | D1: Year | E1: Total Electricity Kwh | F1: Electricity Tariff ($/Kwh) | G1: Water Utility Supply (m3) m3 | H1: Water Utility Supply (m3) $/m3 | I1: Total Fuel Oil (Liters) | J1: Fuel Oil $/Liter | K1: Room Nights
A2: Kuwait | B2: 1 | C2: 2 | D2: 2020 | E2: =Submetering!E2+Submetering!F2+Submetering!G2+Submetering!H2+Submetering!I2+Submetering!J2+Submetering!K2+Submetering!L2+Submetering!M2+Submetering!N2+Submetering!O2+Submetering!P2+Submetering!Q2 -> 66820 | F2: 0.005 | G2: =Submetering!S2 -> 358.995 | H2: 0.4444 | I2: =Submetering!R2 -> 0 | J2: 0.14 | K2: =Hotel!B7 -> 124
A3: Kuwait | B3: =B2+1 -> 2 | C3: 2 | D3: 2020 | E3: =Submetering!E3+Submetering!F3+Submetering!G3+Submetering!H3+Submetering!I3+Submetering!J3+Submetering!K3+Submetering!L3+Submetering!M3+Submetering!N3+Submetering!O3+Submetering!P3+Submetering!Q3 -> 66130 | F3: 0.005 | G3: =Submetering!S3 -> 455.364 | H3: 0.4444 | I3: =Submetering!R3 -> 0 | J3: 0.14 | K3: =Hotel!B8 -> 133
A4: Kuwait | B4: =B3+1 -> 3 | C4: 2 | D4: 2020 | E4: =Submetering!E4+Submetering!F4+Submetering!G4+Submetering!H4+Submetering!I4+Submetering!J4+Submetering!K4+Submetering!L4+Submetering!M4+Submetering!N4+Submetering!O4+Submetering!P4+Submetering!Q4 -> 64440 | F4: 0.005 | G4: =Submetering!S4 -> 446.901 | H4: 0.4444 | I4: =Submetering!R4 -> 0 | J4: 0.14 | K4: =Hotel!B9 -> 152
A5: Kuwait | B5: =B4+1 -> 4 | C5: 2 | D5: 2020 | E5: =Submetering!E5+Submetering!F5+Submetering!G5+Submetering!H5+Submetering!I5+Submetering!J5+Submetering!K5+Submetering!L5+Submetering!M5+Submetering!N5+Submetering!O5+Submetering!P5+Submetering!Q5 -> 64770 | F5: 0.005 | G5: =Submetering!S5 -> 405.951 | H5: 0.4444 | I5: =Submetering!R5 -> 0 | J5: 0.14 | K5: =Hotel!B10 -> 250
A6: Kuwait | B6: =B5+1 -> 5 | C6: 2 | D6: 2020 | E6: =Submetering!E6+Submetering!F6+Submetering!G6+Submetering!H6+Submetering!I6+Submetering!J6+Submetering!K6+Submetering!L6+Submetering!M6+Submetering!N6+Submetering!O6+Submetering!P6+Submetering!Q6 -> 66920 | F6: 0.005 | G6: =Submetering!S6 -> 549.276 | H6: 0.4444 | I6: =Submetering!R6 -> 0 | J6: 0.14 | K6: =Hotel!B11 -> 228
A7: Kuwait | B7: =B6+1 -> 6 | C7: 2 | D7: 2020 | E7: =Submetering!E7+Submetering!F7+Submetering!G7+Submetering!H7+Submetering!I7+Submetering!J7+Submetering!K7+Submetering!L7+Submetering!M7+Submetering!N7+Submetering!O7+Submetering!P7+Submetering!Q7 -> 69030 | F7: 0.005 | G7: =Submetering!S7 -> 685.23 | H7: 0.4444 | I7: =Submetering!R7 -> 0 | J7: 0.14 | K7: =Hotel!B12 -> 289
A8: Kuwait | B8: =B7+1 -> 7 | C8: 2 | D8: 2020 | E8: =Submetering!E8+Submetering!F8+Submetering!G8+Submetering!H8+Submetering!I8+Submetering!J8+Submetering!K8+Submetering!L8+Submetering!M8+Submetering!N8+Submetering!O8+Submetering!P8+Submetering!Q8 -> 69650 | F8: 0.005 | G8: =Submetering!S8 -> 465.738 | H8: 0.4444 | I8: =Submetering!R8 -> 0 | J8: 0.14 | K8: =Hotel!B13 -> 145
A9: Kuwait | B9: =B8+1 -> 8 | C9: 2 | D9: 2020 | E9: =Submetering!E9+Submetering!F9+Submetering!G9+Submetering!H9+Submetering!I9+Submetering!J9+Submetering!K9+Submetering!L9+Submetering!M9+Submetering!N9+Submetering!O9+Submetering!P9+Submetering!Q9 -> 67080 | F9: 0.005 | G9: =Submetering!S9 -> 493.584 | H9: 0.4444 | I9: =Submetering!R9 -> 0 | J9: 0.14 | K9: =Hotel!B14 -> 165
A10: Kuwait | B10: =B9+1 -> 9 | C10: 2 | D10: 2020 | E10: =Submetering!E10+Submetering!F10+Submetering!G10+Submetering!H10+Submetering!I10+Submetering!J10+Submetering!K10+Submetering!L10+Submetering!M10+Submetering!N10+Submetering!O10+Submetering!P10+Submetering!Q10 -> 64290 | F10: 0.005 | G10: =Submetering!S10 -> 495.222 | H10: 0.4444 | I10: =Submetering!R10 -> 0 | J10: 0.14 | K10: =Hotel!B15 -> 184
A11: Kuwait | B11: =B10+1 -> 10 | C11: 2 | D11: 2020 | E11: =Submetering!E11+Submetering!F11+Submetering!G11+Submetering!H11+Submetering!I11+Submetering!J11+Submetering!K11+Submetering!L11+Submetering!M11+Submetering!N11+Submetering!O11+Submetering!P11+Submetering!Q11 -> 64930 | F11: 0.005 | G11: =Submetering!S11 -> 520.065 | H11: 0.4444 | I11: =Submetering!R11 -> 0 | J11: 0.14 | K11: =Hotel!B16 -> 201
A12: Kuwait | B12: =B11+1 -> 11 | C12: 2 | D12: 2020 | E12: =Submetering!E12+Submetering!F12+Submetering!G12+Submetering!H12+Submetering!I12+Submetering!J12+Submetering!K12+Submetering!L12+Submetering!M12+Submetering!N12+Submetering!O12+Submetering!P12+Submetering!Q12 -> 63730 | F12: 0.005 | G12: =Submetering!S12 -> 548.73 | H12: 0.4444 | I12: =Submetering!R12 -> 0 | J12: 0.14 | K12: =Hotel!B17 -> 232
A13: Kuwait | B13: =B12+1 -> 12 | C13: 2 | D13: 2020 | E13: =Submetering!E13+Submetering!F13+Submetering!G13+Submetering!H13+Submetering!I13+Submetering!J13+Submetering!K13+Submetering!L13+Submetering!M13+Submetering!N13+Submetering!O13+Submetering!P13+Submetering!Q13 -> 65180 | F13: 0.005 | G13: =Submetering!S13 -> 544.635 | H13: 0.4444 | I13: =Submetering!R13 -> 0 | J13: 0.14 | K13: =Hotel!B18 -> 244
A14: Kuwait | B14: =B13+1 -> 13 | C14: 2 | D14: 2020 | E14: =Submetering!E14+Submetering!F14+Submetering!G14+Submetering!H14+Submetering!I14+Submetering!J14+Submetering!K14+Submetering!L14+Submetering!M14+Submetering!N14+Submetering!O14+Submetering!P14+Submetering!Q14 -> 67400 | F14: 0.005 | G14: =Submetering!S14 -> 545.454 | H14: 0.4444 | I14: =Submetering!R14 -> 0 | J14: 0.14 | K14: =Hotel!B19 -> 284
... A32: Kuwait | B32: =B31+1 -> 31 | C32: 2 | D32: 2020 | E32: =Submetering!E32+Submetering!F32+Submetering!G32+Submetering!H32+Submetering!I32+Submetering!J32+Submetering!K32+Submetering!L32+Submetering!M32+Submetering!N32+Submetering!O32+Submetering!P32+Submetering!Q32 -> 0 | F32: 0.005 | G32: =Submetering!S32 -> 0 | H32: 0.4444 | I32: =Submetering!R32 -> 0 | J32: 0.14 | K32: =Hotel!B37 -> 0

Sheet Submetering
A1: Site Name | B1: Day | C1: Month | D1: Year | E1: HT.02.02 - KWh | F1: HT.02.04 - KWh | G1: HT.02.07 - KWh | H1: HT.02.03 - KWh | I1: HT.02.06 - KWh | J1: HT.03.03 - KWh | K1: HT.03.07 - KWh | L1: HT.03.05 - KWh | M1: HT.03.08 - KWh | N1: HT.03.04 - KWh | O1: HT.03.06 - KWh | P1: HT.03.01 - KWh | Q1: HT.03.02 - KWh | R1: Fuel (Liters) | S1: Water - m3 | T1: Cooling Towers Water | U1: Room Nights
A2: Kuwait | B2: 1 | C2: 2 | D2: =TOTAL!D2 -> 2020 | E2: =Hotel!Q7 -> 530 | F2: =Hotel!R7 -> 9920 | G2: =Hotel!S7 -> 0 | H2: =Hotel!T7 -> 1450 | I2: =Hotel!U7 -> 7220 | J2: =Hotel!V7 -> 4510 | K2: =Hotel!W7 -> 3050 | L2: =Hotel!X7 -> 4650 | ... Q2: =Hotel!AC7 -> 16170 | R2: =Hotel!AT7 -> 0 | S2: =Hotel!BA7 -> 358.995 | T2: =Hotel!AX7 -> 0 | U2: =Hotel!B7 -> 124
A3: Kuwait | B3: =B2+1 -> 2 | C3: 2 | D3: =TOTAL!D3 -> 2020 | E3: =Hotel!Q8 -> 530 | F3: =Hotel!R8 -> 9420 | G3: =Hotel!S8 -> 0 | H3: =Hotel!T8 -> 1410 | I3: =Hotel!U8 -> 6770 | J3: =Hotel!V8 -> 4710 | K3: =Hotel!W8 -> 4090 | L3: =Hotel!X8 -> 4610 | ... Q3: =Hotel!AC8 -> 16160 | R3: =Hotel!AT8 -> 0 | S3: =Hotel!BA8 -> 455.364 | T3: =Hotel!AX8 -> 0 | U3: =Hotel!B8 -> 133
A4: Kuwait | B4: =B3+1 -> 3 | C4: 2 | D4: =TOTAL!D4 -> 2020 | E4: =Hotel!Q9 -> 540 | F4: =Hotel!R9 -> 9630 | G4: =Hotel!S9 -> 0 | H4: =Hotel!T9 -> 1450 | I4: =Hotel!U9 -> 6480 | J4: =Hotel!V9 -> 4430 | K4: =Hotel!W9 -> 2370 | L4: =Hotel!X9 -> 4750 | ... Q4: =Hotel!AC9 -> 16370 | R4: =Hotel!AT9 -> 0 | S4: =Hotel!BA9 -> 446.901 | T4: =Hotel!AX9 -> 0 | U4: =Hotel!B9 -> 152
A5: Kuwait | B5: =B4+1 -> 4 | C5: 2 | D5: =TOTAL!D5 -> 2020 | E5: =Hotel!Q10 -> 520 | F5: =Hotel!R10 -> 9300 | G5: =Hotel!S10 -> 0 | H5: =Hotel!T10 -> 1420 | I5: =Hotel!U10 -> 6420 | J5: =Hotel!V10 -> 4520 | K5: =Hotel!W10 -> 3080 | L5: =Hotel!X10 -> 4630 | ... Q5: =Hotel!AC10 -> 16140 | R5: =Hotel!AT10 -> 0 | S5: =Hotel!BA10 -> 405.951 | T5: =Hotel!AX10 -> 0 | U5: =Hotel!B10 -> 250
A6: Kuwait | B6: =B5+1 -> 5 | C6: 2 | D6: =TOTAL!D6 -> 2020 | E6: =Hotel!Q11 -> 540 | F6: =Hotel!R11 -> 9990 | G6: =Hotel!S11 -> 0 | H6: =Hotel!T11 -> 1400 | I6: =Hotel!U11 -> 6880 | J6: =Hotel!V11 -> 4700 | K6: =Hotel!W11 -> 3180 | L6: =Hotel!X11 -> 4760 | ... Q6: =Hotel!AC11 -> 16270 | R6: =Hotel!AT11 -> 0 | S6: =Hotel!BA11 -> 549.276 | T6: =Hotel!AX11 -> 0 | U6: =Hotel!B11 -> 228
A7: Kuwait | B7: =B6+1 -> 6 | C7: 2 | D7: =TOTAL!D7 -> 2020 | E7: =Hotel!Q12 -> 520 | F7: =Hotel!R12 -> 11050 | G7: =Hotel!S12 -> 0 | H7: =Hotel!T12 -> 1400 | I7: =Hotel!U12 -> 7330 | J7: =Hotel!V12 -> 4770 | K7: =Hotel!W12 -> 3570 | L7: =Hotel!X12 -> 4720 | ... Q7: =Hotel!AC12 -> 16000 | R7: =Hotel!AT12 -> 0 | S7: =Hotel!BA12 -> 685.23 | T7: =Hotel!AX12 -> 0 | U7: =Hotel!B12 -> 289
A8: Kuwait | B8: =B7+1 -> 7 | C8: 2 | D8: =TOTAL!D8 -> 2020 | E8: =Hotel!Q13 -> 530 | F8: =Hotel!R13 -> 11730 | G8: =Hotel!S13 -> 0 | H8: =Hotel!T13 -> 1420 | I8: =Hotel!U13 -> 7160 | J8: =Hotel!V13 -> 4820 | K8: =Hotel!W13 -> 3620 | L8: =Hotel!X13 -> 4670 | ... Q8: =Hotel!AC13 -> 15700 | R8: =Hotel!AT13 -> 0 | S8: =Hotel!BA13 -> 465.738 | T8: =Hotel!AX13 -> 0 | U8: =Hotel!B13 -> 145
A9: Kuwait | B9: =B8+1 -> 8 | C9: 2 | D9: =TOTAL!D9 -> 2020 | E9: =Hotel!Q14 -> 510 | F9: =Hotel!R14 -> 11130 | G9: =Hotel!S14 -> 0 | H9: =Hotel!T14 -> 1410 | I9: =Hotel!U14 -> 6860 | J9: =Hotel!V14 -> 4710 | K9: =Hotel!W14 -> 3350 | L9: =Hotel!X14 -> 4550 | ... Q9: =Hotel!AC14 -> 15010 | R9: =Hotel!AT14 -> 0 | S9: =Hotel!BA14 -> 493.584 | T9: =Hotel!AX14 -> 0 | U9: =Hotel!B14 -> 165
A10: Kuwait | B10: =B9+1 -> 9 | C10: 2 | D10: =TOTAL!D10 -> 2020 | E10: =Hotel!Q15 -> 530 | F10: =Hotel!R15 -> 10070 | G10: =Hotel!S15 -> 0 | H10: =Hotel!T15 -> 1360 | I10: =Hotel!U15 -> 6790 | J10: =Hotel!V15 -> 4050 | K10: =Hotel!W15 -> 3490 | L10: =Hotel!X15 -> 4460 | ... Q10: =Hotel!AC15 -> 15240 | R10: =Hotel!AT15 -> 0 | S10: =Hotel!BA15 -> 495.222 | T10: =Hotel!AX15 -> 0 | U10: =Hotel!B15 -> 184
A11: Kuwait | B11: =B10+1 -> 10 | C11: 2 | D11: =TOTAL!D11 -> 2020 | E11: =Hotel!Q16 -> 540 | F11: =Hotel!R16 -> 9040 | G11: =Hotel!S16 -> 0 | H11: =Hotel!T16 -> 1380 | I11: =Hotel!U16 -> 6380 | J11: =Hotel!V16 -> 5740 | K11: =Hotel!W16 -> 2800 | L11: =Hotel!X16 -> 4820 | ... Q11: =Hotel!AC16 -> 15820 | R11: =Hotel!AT16 -> 0 | S11: =Hotel!BA16 -> 520.065 | T11: =Hotel!AX16 -> 0 | U11: =Hotel!B16 -> 201
A12: Kuwait | B12: =B11+1 -> 11 | C12: 2 | D12: =TOTAL!D12 -> 2020 | E12: =Hotel!Q17 -> 520 | F12: =Hotel!R17 -> 7680 | G12: =Hotel!S17 -> 0 | H12: =Hotel!T17 -> 1350 | I12: =Hotel!U17 -> 6510 | J12: =Hotel!V17 -> 4860 | K12: =Hotel!W17 -> 3000 | L12: =Hotel!X17 -> 4880 | ... Q12: =Hotel!AC17 -> 15890 | R12: =Hotel!AT17 -> 0 | S12: =Hotel!BA17 -> 548.73 | T12: =Hotel!AX17 -> 0 | U12: =Hotel!B17 -> 232
A13: Kuwait | B13: =B12+1 -> 12 | C13: 2 | D13: =TOTAL!D13 -> 2020 | E13: =Hotel!Q18 -> 560 | F13: =Hotel!R18 -> 3800 | G13: =Hotel!S18 -> 1220 | H13: =Hotel!T18 -> 1410 | I13: =Hotel!U18 -> 6980 | J13: =Hotel!V18 -> 5120 | K13: =Hotel!W18 -> 3220 | L13: =Hotel!X18 -> 5010 | ... Q13: =Hotel!AC18 -> 17160 | R13: =Hotel!AT18 -> 0 | S13: =Hotel!BA18 -> 544.635 | T13: =Hotel!AX18 -> 0 | U13: =Hotel!B18 -> 244
A14: Kuwait | B14: =B13+1 -> 13 | C14: 2 | D14: =TOTAL!D14 -> 2020 | E14: =Hotel!Q19 -> 590 | F14: =Hotel!R19 -> 1980 | G14: =Hotel!S19 -> 2240 | H14: =Hotel!T19 -> 1450 | I14: =Hotel!U19 -> 7700 | J14: =Hotel!V19 -> 5300 | K14: =Hotel!W19 -> 3730 | L14: =Hotel!X19 -> 4970 | ... Q14: =Hotel!AC19 -> 17660 | R14: =Hotel!AT19 -> 0 | S14: =Hotel!BA19 -> 545.454 | T14: =Hotel!AX19 -> 0 | U14: =Hotel!B19 -> 284
... A32: Kuwait | B32: =B31+1 -> 31 | C32: 2 | D32: =TOTAL!D32 -> 2020 | E32: =Hotel!Q37 -> 0 | F32: =Hotel!R37 -> 0 | G32: =Hotel!S37 -> 0 | H32: =Hotel!T37 -> 0 | I32: =Hotel!U37 -> 0 | J32: =Hotel!V37 -> 0 | K32: =Hotel!W37 -> 0 | L32: =Hotel!X37 -> 0 | ... Q32: =Hotel!AC37 -> 0 | R32: =Hotel!AT37 -> 0 | S32: =Hotel!BA37 -> 0 | T32: =Hotel!AX37 -> 0 | U32: =Hotel!B37 -> 0

Sheet Hotel
C1: 1 | D1: 2 | E1: 3 | F1: 4 | G1: 5 | H1: 6 | I1: 7 | J1: 8 | K1: 9 | L1: 10 | M1: 11 | N1: 12 | O1: 13 | Q1: 1 | R1: 2 | S1: 3 | T1: 4 | U1: 5 | V1: 6 | W1: 7 | X1: 8 | Y1: 9 | Z1: 10 | AA1: 11 | AB1: 12 | AC1: 13
A2: 43861 | B2: 194 | C2: 5938950 | D2: 12715040 | E2: 1470310 | F2: 2690220 | G2: 8311430 | H2: 4030860 | I2: 3934670 | J2: 4500570 | K2: 7157780 | L2: 2607590 | M2: 6537970 | N2: 9074790 | O2: 12186070 | Q2: HT.02.02 | R2: HT.02.04 | S2: HT.02.07 | T2: HT.02.03 | U2: HT.02.06 | V2: HT.03.03 | W2: HT.03.07 | X2: HT.03.05 | Y2: HT.03.08 | Z2: HT.03.04 | AA2: HT.03.06 | AB2: HT.03.01 | AC2: HT.03.02 | AY2: 768552
A4: Date | B4: Room Night | C4: February | D4: Electricity - Meter No | Q4: Electricity Consumption -KWh | AD4: Total KWh | AF4: Electricity Consumption - Amount | AS4: Total Kd | AT4: Fuel Consumption (Liters) | AV4: CT Water Meter Reading | AW4: CT Consumption Gallons | AX4: CT Consumption Cubic Meter | AY4: Water Meter Reading | AZ4: Consumption Gallons | BA4: Consumption Cubic Meter | BB4: Total KD
A5: 2020 | C5: HT.02.02 | D5: HT.02.04 | E5: HT.02.07 | F5: HT.02.03 | G5: HT.02.06 | H5: HT.03.03 | I5: HT.03.07 | J5: HT.03.05 | K5: HT.03.08 | L5: HT.03.04 | M5: HT.03.06 | N5: HT.03.01 | O5: HT.03.02 | Q5: 8483196 | R5: 8483193 | S5: 8483178 | T5: 8483176 | U5: 8483206 | V5: 8483170 | W5: 8483168 | X5: 8483169 | Y5: 8483194 | Z5: 8483199 | AA5: 8483187 | AB5: 8483188 | AC5: 8483174 | AF5: 1 | AG5: 2 | AH5: 3 | AI5: 4 | AJ5: 5 | AK5: 6 | AL5: 7 | AM5: 8 | AN5: 9 | AO5: 10 | AP5: 11 | AQ5: 12 | AR5: 13
C6: 8483196 | D6: 8483193 | E6: 8483178 | F6: 8483176 | G6: 8483206 | H6: 8483170 | I6: 8483168 | J6: 8483169 | K6: 8483194 | L6: 8483199 | M6: 8483187 | N6: 8483188 | O6: 8483174 | AV6: 298912 | AY6: =AY2 -> 768552
A7: 43862 | B7: 124 | C7: 5939480 | D7: 12724960 | E7: 1470310 | F7: 2691670 | G7: 8318650 | H7: 4035370 | I7: 3937720 | J7: 4505220 | K7: 7163390 | L7: 2610470 | M7: 6541630 | N7: 9081960 | O7: 12202240 | Q7: =IF((C7-C2<0), "0",C7-C2) -> 530 | R7: =IF((D7-D2<0), "0",D7-D2) -> 9920 | S7: =IF((E7-E2<0), "0",E7-E2) -> 0 | T7: =IF((F7-F2<0), "0",F7-F2) -> 1450 | U7: =IF((G7-G2<0), "0",G7-G2) -> 7220 | V7: =IF((H7-H2<0), "0",H7-H2) -> 4510 | W7: =IF((I7-I2<0), "0",I7-I2) -> 3050 | X7: =IF((J7-J2<0), "0",J7-J2) -> 4650 | ... AC7: =IF((O7-O2<0), "0",O7-O2) -> 16170 | AD7: =SUM(Q7:AC7) -> 66820 | AF7: =Q7*$D$39 -> 2.65 | AG7: =R7*$D$39 -> 49.6 | AH7: =S7*$D$39 -> 0 | AI7: =T7*$D$39 -> 7.25 | AJ7: =U7*$D$39 -> 36.1 | AK7: =V7*$D$39 -> 22.55 | AL7: =W7*$D$39 -> 15.25 | AM7: =X7*$D$39 -> 23.25 | ... AR7: =AC7*$D$39 -> 80.85 | AS7: =SUM(AF7:AR7) -> 334.1 | AV7: 0 | AW7: =(AV8-AV7)*1000 -> 0 | AX7: =AW7*$AX$44 -> 0 | AY7: 769867 | AZ7: =(IF((AY7-AY6<0),"0",AY7-AY6))*100 -> 131500 | BA7: =AZ7*$AZ$44*60% -> 358.995 | BB7: =BA7*0.4444 -> 159.53738
A8: 43863 | B8: 133 | C8: 5940010 | D8: 12734380 | E8: 1470310 | F8: 2693080 | G8: 8325420 | H8: 4040080 | I8: 3941810 | J8: 4509830 | K8: 7168690 | L8: 2613190 | M8: 6545130 | N8: 9088870 | O8: 12218400 | Q8: =IF((C8-C7<0), "0",C8-C7) -> 530 | R8: =IF((D8-D7<0), "0",D8-D7) -> 9420 | S8: =IF((E8-E7<0), "0",E8-E7) -> 0 | T8: =IF((F8-F7<0), "0",F8-F7) -> 1410 | U8: =IF((G8-G7<0), "0",G8-G7) -> 6770 | V8: =IF((H8-H7<0), "0",H8-H7) -> 4710 | W8: =IF((I8-I7<0), "0",I8-I7) -> 4090 | X8: =IF((J8-J7<0), "0",J8-J7) -> 4610 | ... AC8: =IF((O8-O7<0), "0",O8-O7) -> 16160 | AD8: =SUM(Q8:AC8) -> 66130 | AF8: =Q8*$D$39 -> 2.65 | AG8: =R8*$D$39 -> 47.1 | AH8: =S8*$D$39 -> 0 | AI8: =T8*$D$39 -> 7.05 | AJ8: =U8*$D$39 -> 33.85 | AK8: =V8*$D$39 -> 23.55 | AL8: =W8*$D$39 -> 20.45 | AM8: =X8*$D$39 -> 23.05 | ... AR8: =AC8*$D$39 -> 80.8 | AS8: =SUM(AF8:AR8) -> 330.65 | AV8: 0 | AW8: =(AV9-AV8)*1000 -> 0 | AX8: =AW8*$AX$44 -> 0 | AY8: 771535 | AZ8: =(IF((AY8-AY7<0),"0",AY8-AY7))*100 -> 166800 | BA8: =AZ8*$AZ$44*60% -> 455.364 | BB8: =BA8*0.4444 -> 202.36376
A9: 43864 | B9: 152 | C9: 5940550 | D9: 12744010 | E9: 1470310 | F9: 2694530 | G9: 8331900 | H9: 4044510 | I9: 3944180 | J9: 4514580 | K9: 7174100 | L9: 2615970 | M9: 6548470 | N9: 9095760 | O9: 12234770 | Q9: =IF((C9-C8<0), "0",C9-C8) -> 540 | R9: =IF((D9-D8<0), "0",D9-D8) -> 9630 | S9: =IF((E9-E8<0), "0",E9-E8) -> 0 | T9: =IF((F9-F8<0), "0",F9-F8) -> 1450 | U9: =IF((G9-G8<0), "0",G9-G8) -> 6480 | V9: =IF((H9-H8<0), "0",H9-H8) -> 4430 | W9: =IF((I9-I8<0), "0",I9-I8) -> 2370 | X9: =IF((J9-J8<0), "0",J9-J8) -> 4750 | ... AC9: =IF((O9-O8<0), "0",O9-O8) -> 16370 | AD9: =SUM(Q9:AC9) -> 64440 | AF9: =Q9*$D$39 -> 2.7 | AG9: =R9*$D$39 -> 48.15 | AH9: =S9*$D$39 -> 0 | AI9: =T9*$D$39 -> 7.25 | AJ9: =U9*$D$39 -> 32.4 | AK9: =V9*$D$39 -> 22.15 | AL9: =W9*$D$39 -> 11.85 | AM9: =X9*$D$39 -> 23.75 | ... AR9: =AC9*$D$39 -> 81.85 | AS9: =SUM(AF9:AR9) -> 322.2 | AV9: 0 | AW9: =(AV10-AV9)*1000 -> 0 | AX9: =AW9*$AX$44 -> 0 | AY9: 773172 | AZ9: =(IF((AY9-AY8<0),"0",AY9-AY8))*100 -> 163700 | BA9: =AZ9*$AZ$44*60% -> 446.901 | BB9: =BA9*0.4444 -> 198.6028
A10: 43865 | B10: 250 | C10: 5941070 | D10: 12753310 | E10: 1470310 | F10: 2695950 | G10: 8338320 | H10: 4049030 | I10: 3947260 | J10: 4519210 | K10: 7179720 | L10: 2618690 | M10: 6551990 | N10: 9102640 | O10: 12250910 | Q10: =IF((C10-C9<0), "0",C10-C9) -> 520 | R10: =IF((D10-D9<0), "0",D10-D9) -> 9300 | S10: =IF((E10-E9<0), "0",E10-E9) -> 0 | T10: =IF((F10-F9<0), "0",F10-F9) -> 1420 | U10: =IF((G10-G9<0), "0",G10-G9) -> 6420 | V10: =IF((H10-H9<0), "0",H10-H9) -> 4520 | W10: =IF((I10-I9<0), "0",I10-I9) -> 3080 | X10: =IF((J10-J9<0), "0",J10-J9) -> 4630 | ... AC10: =IF((O10-O9<0), "0",O10-O9) -> 16140 | AD10: =SUM(Q10:AC10) -> 64770 | AF10: =Q10*$D$39 -> 2.6 | AG10: =R10*$D$39 -> 46.5 | AH10: =S10*$D$39 -> 0 | AI10: =T10*$D$39 -> 7.1 | AJ10: =U10*$D$39 -> 32.1 | AK10: =V10*$D$39 -> 22.6 | AL10: =W10*$D$39 -> 15.4 | AM10: =X10*$D$39 -> 23.15 | ... AR10: =AC10*$D$39 -> 80.7 | AS10: =SUM(AF10:AR10) -> 323.85 | AV10: 0 | AW10: =(AV11-AV10)*1000 -> 0 | AX10: =AW10*$AX$44 -> 0 | AY10: 774659 | AZ10: =(IF((AY10-AY9<0),"0",AY10-AY9))*100 -> 148700 | BA10: =AZ10*$AZ$44*60% -> 405.951 | BB10: =BA10*0.4444 -> 180.40462
A11: 43866 | B11: 228 | C11: 5941610 | D11: 12763300 | E11: 1470310 | F11: 2697350 | G11: 8345200 | H11: 4053730 | I11: 3950440 | J11: 4523970 | K11: 7185470 | L11: 2621630 | M11: 6555630 | N11: 9109510 | O11: 12267180 | Q11: =IF((C11-C10<0), "0",C11-C10) -> 540 | R11: =IF((D11-D10<0), "0",D11-D10) -> 9990 | S11: =IF((E11-E10<0), "0",E11-E10) -> 0 | T11: =IF((F11-F10<0), "0",F11-F10) -> 1400 | U11: =IF((G11-G10<0), "0",G11-G10) -> 6880 | V11: =IF((H11-H10<0), "0",H11-H10) -> 4700 | W11: =IF((I11-I10<0), "0",I11-I10) -> 3180 | X11: =IF((J11-J10<0), "0",J11-J10) -> 4760 | ... AC11: =IF((O11-O10<0), "0",O11-O10) -> 16270 | AD11: =SUM(Q11:AC11) -> 66920 | AF11: =Q11*$D$39 -> 2.7 | AG11: =R11*$D$39 -> 49.95 | AH11: =S11*$D$39 -> 0 | AI11: =T11*$D$39 -> 7 | AJ11: =U11*$D$39 -> 34.4 | AK11: =V11*$D$39 -> 23.5 | AL11: =W11*$D$39 -> 15.9 | AM11: =X11*$D$39 -> 23.8 | ... AR11: =AC11*$D$39 -> 81.35 | AS11: =SUM(AF11:AR11) -> 334.6 | AV11: 0 | AW11: =(AV12-AV11)*1000 -> 0 | AX11: =AW11*$AX$44 -> 0 | AY11: 776671 | AZ11: =(IF((AY11-AY10<0),"0",AY11-AY10))*100 -> 201200 | BA11: =AZ11*$AZ$44*60% -> 549.276 | BB11: =BA11*0.4444 -> 244.09825
A12: 43867 | B12: 289 | C12: 5942130 | D12: 12774350 | E12: 1470310 | F12: 2698750 | G12: 8352530 | H12: 4058500 | I12: 3954010 | J12: 4528690 | K12: 7191350 | L12: 2624650 | M12: 6559600 | N12: 9116310 | O12: 12283180 | Q12: =IF((C12-C11<0), "0",C12-C11) -> 520 | R12: =IF((D12-D11<0), "0",D12-D11) -> 11050 | S12: =IF((E12-E11<0), "0",E12-E11) -> 0 | T12: =IF((F12-F11<0), "0",F12-F11) -> 1400 | U12: =IF((G12-G11<0), "0",G12-G11) -> 7330 | V12: =IF((H12-H11<0), "0",H12-H11) -> 4770 | W12: =IF((I12-I11<0), "0",I12-I11) -> 3570 | X12: =IF((J12-J11<0), "0",J12-J11) -> 4720 | ... AC12: =IF((O12-O11<0), "0",O12-O11) -> 16000 | AD12: =SUM(Q12:AC12) -> 69030 | AF12: =Q12*$D$39 -> 2.6 | AG12: =R12*$D$39 -> 55.25 | AH12: =S12*$D$39 -> 0 | AI12: =T12*$D$39 -> 7 | AJ12: =U12*$D$39 -> 36.65 | AK12: =V12*$D$39 -> 23.85 | AL12: =W12*$D$39 -> 17.85 | AM12: =X12*$D$39 -> 23.6 | ... AR12: =AC12*$D$39 -> 80 | AS12: =SUM(AF12:AR12) -> 345.15 | AV12: 0 | AW12: =(AV13-AV12)*1000 -> 0 | AX12: =AW12*$AX$44 -> 0 | AY12: 779181 | AZ12: =(IF((AY12-AY11<0),"0",AY12-AY11))*100 -> 251000 | BA12: =AZ12*$AZ$44*60% -> 685.23 | BB12: =BA12*0.4444 -> 304.51621
A13: 43868 | B13: 145 | C13: 5942660 | D13: 12786080 | E13: 1470310 | F13: 2700170 | G13: 8359690 | H13: 4063320 | I13: 3957630 | J13: 4533360 | K13: 7197370 | L13: 2627790 | M13: 6563520 | N13: 9123230 | O13: 12298880 | Q13: =IF((C13-C12<0), "0",C13-C12) -> 530 | R13: =IF((D13-D12<0), "0",D13-D12) -> 11730 | S13: =IF((E13-E12<0), "0",E13-E12) -> 0 | T13: =IF((F13-F12<0), "0",F13-F12) -> 1420 | U13: =IF((G13-G12<0), "0",G13-G12) -> 7160 | V13: =IF((H13-H12<0), "0",H13-H12) -> 4820 | W13: =IF((I13-I12<0), "0",I13-I12) -> 3620 | X13: =IF((J13-J12<0), "0",J13-J12) -> 4670 | ... AC13: =IF((O13-O12<0), "0",O13-O12) -> 15700 | AD13: =SUM(Q13:AC13) -> 69650 | AF13: =Q13*$D$39 -> 2.65 | AG13: =R13*$D$39 -> 58.65 | AH13: =S13*$D$39 -> 0 | AI13: =T13*$D$39 -> 7.1 | AJ13: =U13*$D$39 -> 35.8 | AK13: =V13*$D$39 -> 24.1 | AL13: =W13*$D$39 -> 18.1 | AM13: =X13*$D$39 -> 23.35 | ... AR13: =AC13*$D$39 -> 78.5 | AS13: =SUM(AF13:AR13) -> 348.25 | AV13: 0 | AW13: =(AV14-AV13)*1000 -> 0 | AX13: =AW13*$AX$44 -> 0 | AY13: 780887 | AZ13: =(IF((AY13-AY12<0),"0",AY13-AY12))*100 -> 170600 | BA13: =AZ13*$AZ$44*60% -> 465.738 | BB13: =BA13*0.4444 -> 206.97397
A14: 43869 | B14: 165 | C14: 5943170 | D14: 12797210 | E14: 1470310 | F14: 2701580 | G14: 8366550 | H14: 4068030 | I14: 3960980 | J14: 4537910 | K14: 7203130 | L14: 2630750 | M14: 6567800 | N14: 9129780 | O14: 12313890 | Q14: =IF((C14-C13<0), "0",C14-C13) -> 510 | R14: =IF((D14-D13<0), "0",D14-D13) -> 11130 | S14: =IF((E14-E13<0), "0",E14-E13) -> 0 | T14: =IF((F14-F13<0), "0",F14-F13) -> 1410 | U14: =IF((G14-G13<0), "0",G14-G13) -> 6860 | V14: =IF((H14-H13<0), "0",H14-H13) -> 4710 | W14: =IF((I14-I13<0), "0",I14-I13) -> 3350 | X14: =IF((J14-J13<0), "0",J14-J13) -> 4550 | ... AC14: =IF((O14-O13<0), "0",O14-O13) -> 15010 | AD14: =SUM(Q14:AC14) -> 67080 | AF14: =Q14*$D$39 -> 2.55 | AG14: =R14*$D$39 -> 55.65 | AH14: =S14*$D$39 -> 0 | AI14: =T14*$D$39 -> 7.05 | AJ14: =U14*$D$39 -> 34.3 | AK14: =V14*$D$39 -> 23.55 | AL14: =W14*$D$39 -> 16.75 | AM14: =X14*$D$39 -> 22.75 | ... AR14: =AC14*$D$39 -> 75.05 | AS14: =SUM(AF14:AR14) -> 335.4 | AV14: 0 | AW14: =(AV15-AV14)*1000 -> 0 | AX14: =AW14*$AX$44 -> 0 | AY14: 782695 | AZ14: =(IF((AY14-AY13<0),"0",AY14-AY13))*100 -> 180800 | BA14: =AZ14*$AZ$44*60% -> 493.584 | BB14: =BA14*0.4444 -> 219.34873
A15: 43870 | B15: 184 | C15: 5943700 | D15: 12807280 | E15: 1470310 | F15: 2702940 | G15: 8373340 | H15: 4072080 | I15: 3964470 | J15: 4542370 | K15: 7208550 | L15: 2633730 | M15: 6570880 | N15: 9136600 | O15: 12329130 | Q15: =IF((C15-C14<0), "0",C15-C14) -> 530 | R15: =IF((D15-D14<0), "0",D15-D14) -> 10070 | S15: =IF((E15-E14<0), "0",E15-E14) -> 0 | T15: =IF((F15-F14<0), "0",F15-F14) -> 1360 | U15: =IF((G15-G14<0), "0",G15-G14) -> 6790 | V15: =IF((H15-H14<0), "0",H15-H14) -> 4050 | W15: =IF((I15-I14<0), "0",I15-I14) -> 3490 | X15: =IF((J15-J14<0), "0",J15-J14) -> 4460 | ... AC15: =IF((O15-O14<0), "0",O15-O14) -> 15240 | AD15: =SUM(Q15:AC15) -> 64290 | AF15: =Q15*$D$39 -> 2.65 | AG15: =R15*$D$39 -> 50.35 | AH15: =S15*$D$39 -> 0 | AI15: =T15*$D$39 -> 6.8 | AJ15: =U15*$D$39 -> 33.95 | AK15: =V15*$D$39 -> 20.25 | AL15: =W15*$D$39 -> 17.45 | AM15: =X15*$D$39 -> 22.3 | ... AR15: =AC15*$D$39 -> 76.2 | AS15: =SUM(AF15:AR15) -> 321.45 | AV15: 0 | AW15: =(AV16-AV15)*1000 -> 0 | AX15: =AW15*$AX$44 -> 0 | AY15: 784509 | AZ15: =(IF((AY15-AY14<0),"0",AY15-AY14))*100 -> 181400 | BA15: =AZ15*$AZ$44*60% -> 495.222 | BB15: =BA15*0.4444 -> 220.07666
A16: 43871 | B16: 201 | C16: 5944240 | D16: 12816320 | E16: 1470310 | F16: 2704320 | G16: 8379720 | H16: 4077820 | I16: 3967270 | J16: 4547190 | K16: 7213950 | L16: 2636630 | M16: 6574340 | N16: 9143250 | O16: 12344950 | Q16: =IF((C16-C15<0), "0",C16-C15) -> 540 | R16: =IF((D16-D15<0), "0",D16-D15) -> 9040 | S16: =IF((E16-E15<0), "0",E16-E15) -> 0 | T16: =IF((F16-F15<0), "0",F16-F15) -> 1380 | U16: =IF((G16-G15<0), "0",G16-G15) -> 6380 | V16: =IF((H16-H15<0), "0",H16-H15) -> 5740 | W16: =IF((I16-I15<0), "0",I16-I15) -> 2800 | X16: =IF((J16-J15<0), "0",J16-J15) -> 4820 | ... AC16: =IF((O16-O15<0), "0",O16-O15) -> 15820 | AD16: =SUM(Q16:AC16) -> 64930 | AF16: =Q16*$D$39 -> 2.7 | AG16: =R16*$D$39 -> 45.2 | AH16: =S16*$D$39 -> 0 | AI16: =T16*$D$39 -> 6.9 | AJ16: =U16*$D$39 -> 31.9 | AK16: =V16*$D$39 -> 28.7 | AL16: =W16*$D$39 -> 14 | AM16: =X16*$D$39 -> 24.1 | ... AR16: =AC16*$D$39 -> 79.1 | AS16: =SUM(AF16:AR16) -> 324.65 | AV16: 0 | AW16: =(AV17-AV16)*1000 -> 0 | AX16: =AW16*$AX$44 -> 0 | AY16: 786414 | AZ16: =(IF((AY16-AY15<0),"0",AY16-AY15))*100 -> 190500 | BA16: =AZ16*$AZ$44*60% -> 520.065 | BB16: =BA16*0.4444 -> 231.11689
A17: 43872 | B17: 232 | C17: 5944760 | D17: 12824000 | E17: 1470310 | F17: 2705670 | G17: 8386230 | H17: 4082680 | I17: 3970270 | J17: 4552070 | K17: 7219320 | L17: 2639630 | M17: 6578060 | N17: 9150200 | O17: 12360840 | Q17: =IF((C17-C16<0), "0",C17-C16) -> 520 | R17: =IF((D17-D16<0), "0",D17-D16) -> 7680 | S17: =IF((E17-E16<0), "0",E17-E16) -> 0 | T17: =IF((F17-F16<0), "0",F17-F16) -> 1350 | U17: =IF((G17-G16<0), "0",G17-G16) -> 6510 | V17: =IF((H17-H16<0), "0",H17-H16) -> 4860 | W17: =IF((I17-I16<0), "0",I17-I16) -> 3000 | X17: =IF((J17-J16<0), "0",J17-J16) -> 4880 | ... AC17: =IF((O17-O16<0), "0",O17-O16) -> 15890 | AD17: =SUM(Q17:AC17) -> 63730 | AF17: =Q17*$D$39 -> 2.6 | AG17: =R17*$D$39 -> 38.4 | AH17: =S17*$D$39 -> 0 | AI17: =T17*$D$39 -> 6.75 | AJ17: =U17*$D$39 -> 32.55 | AK17: =V17*$D$39 -> 24.3 | AL17: =W17*$D$39 -> 15 | AM17: =X17*$D$39 -> 24.4 | ... AR17: =AC17*$D$39 -> 79.45 | AS17: =SUM(AF17:AR17) -> 318.65 | AV17: 0 | AW17: =(AV18-AV17)*1000 -> 0 | AX17: =AW17*$AX$44 -> 0 | AY17: 788424 | AZ17: =(IF((AY17-AY16<0),"0",AY17-AY16))*100 -> 201000 | BA17: =AZ17*$AZ$44*60% -> 548.73 | BB17: =BA17*0.4444 -> 243.85561
A18: 43873 | B18: 244 | C18: 5945320 | D18: 12827800 | E18: 1471530 | F18: 2707080 | G18: 8393210 | H18: 4087800 | I18: 3973490 | J18: 4557080 | K18: 7225170 | L18: 2642930 | M18: 6581990 | N18: 9157820 | O18: 12378000 | Q18: =IF((C18-C17<0), "0",C18-C17) -> 560 | R18: =IF((D18-D17<0), "0",D18-D17) -> 3800 | S18: =IF((E18-E17<0), "0",E18-E17) -> 1220 | T18: =IF((F18-F17<0), "0",F18-F17) -> 1410 | U18: =IF((G18-G17<0), "0",G18-G17) -> 6980 | V18: =IF((H18-H17<0), "0",H18-H17) -> 5120 | W18: =IF((I18-I17<0), "0",I18-I17) -> 3220 | X18: =IF((J18-J17<0), "0",J18-J17) -> 5010 | ... AC18: =IF((O18-O17<0), "0",O18-O17) -> 17160 | AD18: =SUM(Q18:AC18) -> 65180 | AF18: =Q18*$D$39 -> 2.8 | AG18: =R18*$D$39 -> 19 | AH18: =S18*$D$39 -> 6.1 | AI18: =T18*$D$39 -> 7.05 | AJ18: =U18*$D$39 -> 34.9 | AK18: =V18*$D$39 -> 25.6 | AL18: =W18*$D$39 -> 16.1 | AM18: =X18*$D$39 -> 25.05 | ... AR18: =AC18*$D$39 -> 85.8 | AS18: =SUM(AF18:AR18) -> 325.9 | AV18: 0 | AW18: =(AV19-AV18)*1000 -> 0 | AX18: =AW18*$AX$44 -> 0 | AY18: 790419 | AZ18: =(IF((AY18-AY17<0),"0",AY18-AY17))*100 -> 199500 | BA18: =AZ18*$AZ$44*60% -> 544.635 | BB18: =BA18*0.4444 -> 242.03579
A19: 43874 | B19: 284 | C19: 5945910 | D19: 12829780 | E19: 1473770 | F19: 2708530 | G19: 8400910 | H19: 4093100 | I19: 3977220 | J19: 4562050 | K19: 7231550 | L19: 2646230 | M19: 6586150 | N19: 9165760 | O19: 12395660 | Q19: =IF((C19-C18<0), "0",C19-C18) -> 590 | R19: =IF((D19-D18<0), "0",D19-D18) -> 1980 | S19: =IF((E19-E18<0), "0",E19-E18) -> 2240 | T19: =IF((F19-F18<0), "0",F19-F18) -> 1450 | U19: =IF((G19-G18<0), "0",G19-G18) -> 7700 | V19: =IF((H19-H18<0), "0",H19-H18) -> 5300 | W19: =IF((I19-I18<0), "0",I19-I18) -> 3730 | X19: =IF((J19-J18<0), "0",J19-J18) -> 4970 | ... AC19: =IF((O19-O18<0), "0",O19-O18) -> 17660 | AD19: =SUM(Q19:AC19) -> 67400 | AF19: =Q19*$D$39 -> 2.95 | AG19: =R19*$D$39 -> 9.9 | AH19: =S19*$D$39 -> 11.2 | AI19: =T19*$D$39 -> 7.25 | AJ19: =U19*$D$39 -> 38.5 | AK19: =V19*$D$39 -> 26.5 | AL19: =W19*$D$39 -> 18.65 | AM19: =X19*$D$39 -> 24.85 | ... AR19: =AC19*$D$39 -> 88.3 | AS19: =SUM(AF19:AR19) -> 337 | AV19: 0 | AW19: =(AV20-AV19)*1000 -> 0 | AX19: =AW19*$AX$44 -> 0 | AY19: 792417 | AZ19: =(IF((AY19-AY18<0),"0",AY19-AY18))*100 -> 199800 | BA19: =AZ19*$AZ$44*60% -> 545.454 | BB19: =BA19*0.4444 -> 242.39976
... A35: 43890 | B35: 44 | C35: 5954760 | D35: 12859650 | E35: 1521350 | F35: 2731400 | G35: 8508630 | H35: 4169690 | I35: 4027220 | J35: 4635190 | K35: 7316650 | L35: 2690660 | M35: 6641820 | N35: 9281190 | O35: 12634490 | Q35: =IF((C35-C34<0), "0",C35-C34) -> 550 | R35: =IF((D35-D34<0), "0",D35-D34) -> 1870 | S35: =IF((E35-E34<0), "0",E35-E34) -> 2990 | T35: =IF((F35-F34<0), "0",F35-F34) -> 1400 | U35: =IF((G35-G34<0), "0",G35-G34) -> 5840 | V35: =IF((H35-H34<0), "0",H35-H34) -> 4460 | W35: =IF((I35-I34<0), "0",I35-I34) -> 2690 | X35: =IF((J35-J34<0), "0",J35-J34) -> 4200 | ... AC35: =IF((O35-O34<0), "0",O35-O34) -> 15930 | AD35: =SUM(Q35:AC35) -> 56570 | AF35: =Q35*$D$39 -> 2.75 | AG35: =R35*$D$39 -> 9.35 | AH35: =S35*$D$39 -> 14.95 | AI35: =T35*$D$39 -> 7 | AJ35: =U35*$D$39 -> 29.2 | AK35: =V35*$D$39 -> 22.3 | AL35: =W35*$D$39 -> 13.45 | AM35: =X35*$D$39 -> 21 | ... AR35: =AC35*$D$39 -> 79.65 | AS35: =SUM(AF35:AR35) -> 282.85 | AV35: 0 | AW35: =(AV36-AV35)*1000 -> 0 | AX35: =AW35*$AX$44 -> 0 | AY35: 824221 | AZ35: =(IF((AY35-AY34<0),"0",AY35-AY34))*100 -> 127800 | BA35: =AZ35*$AZ$44*60% -> 348.894 | BB35: =BA35*0.4444 -> 155.04849
Q36: =IF((C36-C35<0), "0",C36-C35) -> 0 | R36: =IF((D36-D35<0), "0",D36-D35) -> 0 | S36: =IF((E36-E35<0), "0",E36-E35) -> 0 | T36: =IF((F36-F35<0), "0",F36-F35) -> 0 | U36: =IF((G36-G35<0), "0",G36-G35) -> 0 | V36: =IF((H36-H35<0), "0",H36-H35) -> 0 | W36: =IF((I36-I35<0), "0",I36-I35) -> 0 | X36: =IF((J36-J35<0), "0",J36-J35) -> 0 | ... AC36: =IF((O36-O35<0), "0",O36-O35) -> 0 | AD36: =SUM(Q36:AC36) -> 0 | AF36: =Q36*$D$39 -> 0 | AG36: =R36*$D$39 -> 0 | AH36: =S36*$D$39 -> 0 | AI36: =T36*$D$39 -> 0 | AJ36: =U36*$D$39 -> 0 | AK36: =V36*$D$39 -> 0 | AL36: =W36*$D$39 -> 0 | AM36: =X36*$D$39 -> 0 | ... AR36: =AC36*$D$39 -> 0 | AS36: =SUM(AF36:AR36) -> 0 | AV36: 0 | AW36: =(AV37-AV36)*1000 -> 0 | AX36: =AW36*$AX$44 -> 0 | AZ36: =(IF((AY36-AY35<0),"0",AY36-AY35))*100 -> 0 | BA36: =AZ36*$AZ$44*60% -> 0 | BB36: =BA36*0.4444 -> 0
Q37: =IF((C37-C36<0), "0",C37-C36) -> 0 | R37: =IF((D37-D36<0), "0",D37-D36) -> 0 | S37: =IF((E37-E36<0), "0",E37-E36) -> 0 | T37: =IF((F37-F36<0), "0",F37-F36) -> 0 | U37: =IF((G37-G36<0), "0",G37-G36) -> 0 | V37: =IF((H37-H36<0), "0",H37-H36) -> 0 | W37: =IF((I37-I36<0), "0",I37-I36) -> 0 | X37: =IF((J37-J36<0), "0",J37-J36) -> 0 | ... AC37: =IF((O37-O36<0), "0",O37-O36) -> 0 | AD37: =SUM(Q37:AC37) -> 0 | AF37: =Q37*$D$39 -> 0 | AG37: =R37*$D$39 -> 0 | AH37: =S37*$D$39 -> 0 | AI37: =T37*$D$39 -> 0 | AJ37: =U37*$D$39 -> 0 | AK37: =V37*$D$39 -> 0 | AL37: =W37*$D$39 -> 0 | AM37: =X37*$D$39 -> 0 | ... AR37: =AC37*$D$39 -> 0 | AS37: =SUM(AF37:AR37) -> 0 | AV37: 0 | AW37: =(AV38-AV37)*1000 -> 0 | AX37: =AW37*$AX$44 -> 0 | AZ37: =(IF((AY37-AY36<0),"0",AY37-AY36))*100 -> 0 | BA37: =AZ37*$AZ$44*60% -> 0 | BB37: =BA37*0.4444 -> 0
Q38: =SUM(Q7:Q37) -> 15810 | R38: =SUM(R7:R37) -> 144610 | S38: =SUM(S7:S37) -> 51040 | T38: =SUM(T7:T37) -> 41180 | U38: =SUM(U7:U37) -> 197200 | V38: =SUM(V7:V37) -> 138830 | W38: =SUM(W7:W37) -> 92550 | X38: =SUM(X7:X37) -> 134620 | ... AD38: =SUM(AD7:AD37) -> 1816450 | AF38: =SUM(AF7:AF37) -> 79.05 | AG38: =SUM(AG7:AG37) -> 723.05 | AH38: =SUM(AH7:AH37) -> 255.2 | AI38: =SUM(AI7:AI37) -> 205.9 | AJ38: =SUM(AJ7:AJ37) -> 986 | AK38: =SUM(AK7:AK37) -> 694.15 | AL38: =SUM(AL7:AL37) -> 462.75 | AM38: =SUM(AM7:AM37) -> 673.1 | ... AT38: =SUM(AT7:AT37) -> 0 | AV38: 0 | AW38: =(AV39-AV38)*1000 -> 0 | AX38: =AW38*$AX$44 -> 0 | AZ38: =(IF((AY38-AY37<0),"0",AY38-AY37))*100 -> 0 | BA38: =SUM(BA7:BA37) -> 15197.637 | BB38: =BA38*0.4444 -> 6753.8299
B39: =SUM(B7:B37) -> 5083 | D39: 0.005 | AV39: 0 | AW39: =(AV40-AV39)*1000 -> 0 | AX39: =AW39*$AX$44 -> 0 | BA39: =AZ39*$AZ$44*60% -> 0
D40: 0.002
AV44: 0.528 | AX44: 0.00379 | AY44: 0.528 | AZ44: 0.00455
AZ46: =0.002/4.5 -> 0.00044444444
AZ47: =AZ46*1000 -> 0.44444444
