Workbook

Sheet TOTAL
A1: Site Name | B1: Day | C1: Month | D1: Year | E1: Total Electricity Kwh | F1: Electricity Tariff ($/Kwh) | G1: Natural Gas (m3) | H1: Natural Gas $/m3 | I1: Water Utility Supply (m3) m3 | J1: Water Utility Supply (m3) $/m3 | K1: Room Nights | L1: Food Covers
A2: Shenzhen | B2: 1 | C2: 3 | D2: 2022 | E2: 13147 | F2: 0.93 | G2: 1049 | H2: 4.39 | I2: 220 | J2: 1.72 | K2: ='Shenzhen Daily'!I5 -> 0 | L2: ='Shenzhen Daily'!J5 -> 0
A3: Shenzhen | B3: =B2+1 -> 2 | C3: 3 | D3: 2022 | E3: 14247 | F3: 0.93 | G3: 934 | H3: 4.39 | I3: 200 | J3: 1.72 | K3: ='Shenzhen Daily'!I6 -> 0 | L3: ='Shenzhen Daily'!J6 -> 0
A4: Shenzhen | B4: =B3+1 -> 3 | C4: 3 | D4: 2022 | E4: 13473 | F4: 0.93 | G4: 971 | H4: 4.39 | I4: 187 | J4: 1.72 | K4: ='Shenzhen Daily'!I7 -> 0 | L4: ='Shenzhen Daily'!J7 -> 0
A5: Shenzhen | B5: =B4+1 -> 4 | C5: 3 | D5: 2022 | E5: 13484 | F5: 0.93 | G5: 788 | H5: 4.39 | I5: 214 | J5: 1.72 | K5: ='Shenzhen Daily'!I8 -> 0 | L5: ='Shenzhen Daily'!J8 -> 0
A6: Shenzhen | B6: =B5+1 -> 5 | C6: 3 | D6: 2022 | E6: 13859 | F6: 0.93 | G6: 745 | H6: 4.39 | I6: 180 | J6: 1.72 | K6: ='Shenzhen Daily'!I9 -> 0 | L6: ='Shenzhen Daily'!J9 -> 0
A7: Shenzhen | B7: =B6+1 -> 6 | C7: 3 | D7: 2022 | E7: 13664 | F7: 0.93 | G7: 801 | H7: 4.39 | I7: 188 | J7: 1.72 | K7: ='Shenzhen Daily'!I10 -> 0 | L7: ='Shenzhen Daily'!J10 -> 0
A8: Shenzhen | B8: =B7+1 -> 7 | C8: 3 | D8: 2022 | E8: 12550 | F8: 0.93 | G8: 791 | H8: 4.39 | I8: 141 | J8: 1.72 | K8: ='Shenzhen Daily'!I11 -> 0 | L8: ='Shenzhen Daily'!J11 -> 0
A9: Shenzhen | B9: =B8+1 -> 8 | C9: 3 | D9: 2022 | E9: 11786 | F9: 0.93 | G9: 913 | H9: 4.39 | I9: 157 | J9: 1.72 | K9: ='Shenzhen Daily'!I12 -> 0 | L9: ='Shenzhen Daily'!J12 -> 0
A10: Shenzhen | B10: =B9+1 -> 9 | C10: 3 | D10: 2022 | E10: 11987 | F10: 0.93 | G10: 970 | H10: 4.39 | I10: 142 | J10: 1.72 | K10: ='Shenzhen Daily'!I13 -> 0 | L10: ='Shenzhen Daily'!J13 -> 0
A11: Shenzhen | B11: =B10+1 -> 10 | C11: 3 | D11: 2022 | E11: 12415 | F11: 0.93 | G11: 751 | H11: 4.39 | I11: 156 | J11: 1.72 | K11: ='Shenzhen Daily'!I14 -> 0 | L11: ='Shenzhen Daily'!J14 -> 0
A12: Shenzhen | B12: =B11+1 -> 11 | C12: 3 | D12: 2022 | E12: 13556 | F12: 0.93 | G12: 701 | H12: 4.39 | I12: 145 | J12: 1.72 | K12: ='Shenzhen Daily'!I15 -> 0 | L12: ='Shenzhen Daily'!J15 -> 0
A13: Shenzhen | B13: =B12+1 -> 12 | C13: 3 | D13: 2022 | E13: 14257 | F13: 0.93 | G13: 851 | H13: 4.39 | I13: 164 | J13: 1.72 | K13: ='Shenzhen Daily'!I16 -> 0 | L13: ='Shenzhen Daily'!J16 -> 0
A14: Shenzhen | B14: =B13+1 -> 13 | C14: 3 | D14: 2022 | E14: 14998 | F14: 0.93 | G14: 747 | H14: 4.39 | I14: 177 | J14: 1.72 | K14: ='Shenzhen Daily'!I17 -> 0 | L14: ='Shenzhen Daily'!J17 -> 0
... A29: Shenzhen | B29: =B28+1 -> 28 | C29: 3 | D29: 2022 | E29: 15127 | F29: 0.93 | G29: 709 | H29: 4.39 | I29: 154 | J29: 1.72 | K29: ='Shenzhen Daily'!I32 -> 0 | L29: ='Shenzhen Daily'!J32 -> 0
A30: Shenzhen | B30: =B29+1 -> 29 | C30: 2 | D30: 2022 | E30: 16616 | F30: 0.93 | G30: 837 | H30: 4.39 | I30: 195 | J30: 1.72 | K30: ='[1]Shenzhen Daily'!I33 -> 0 | L30: ='[1]Shenzhen Daily'!J33 -> 0
A31: Shenzhen | B31: =B30+1 -> 30 | C31: 2 | D31: 2022 | E31: 18167 | F31: 0.93 | G31: 870 | H31: 4.39 | I31: 238 | J31: 1.72 | K31: ='[1]Shenzhen Daily'!I34 -> 0 | L31: ='[1]Shenzhen Daily'!J34 -> 0
A32: Shenzhen | B32: =B31+1 -> 31 | C32: 2 | D32: 2022 | E32: 19757 | F32: 0.93 | G32: 760 | H32: 4.39 | I32: 249 | J32: 1.72 | K32: ='[1]Shenzhen Daily'!I35 -> 0 | L32: ='[1]Shenzhen Daily'!J35 -> 0

Sheet Shenzhen Daily
A2: Days | C2: Electricity Meter (KWh) | E2: Gas m3 | G2: Water m3
A3: Date | C3: Reading KWH | D3: Difference KWH | E3: Reading m3 | F3: Difference KWH | G3: Reading m³ | H3: Daily Consumption m³ | I3: ROOM NIGHTS | J3: TOTAL GUESTS
A4: 44620 | C4: 14436 | E4: 1241 | G4: 256
A5: 44621 | C5: 13147 | D5: =IF((C5-C4<0), "0",C5-C4) -> 0 | E5: 1049 | F5: =IF((E5-E4<0), "0",E5-E4) -> 0 | G5: 220 | H5: =IF((G5-G4<0), "0",G5-G4) -> 0
A6: 44622 | C6: 14247 | D6: =IF((C6-C5<0), "0",C6-C5) -> 1100 | E6: 934 | F6: =IF((E6-E5<0), "0",E6-E5) -> 0 | G6: 200 | H6: =IF((G6-G5<0), "0",G6-G5) -> 0
A7: 44623 | C7: 13473 | D7: =IF((C7-C6<0), "0",C7-C6) -> 0 | E7: 971 | F7: =IF((E7-E6<0), "0",E7-E6) -> 37 | G7: 187 | H7: =IF((G7-G6<0), "0",G7-G6) -> 0
A8: 44624 | C8: 13484 | D8: =IF((C8-C7<0), "0",C8-C7) -> 11 | E8: 788 | F8: =IF((E8-E7<0), "0",E8-E7) -> 0 | G8: 214 | H8: =IF((G8-G7<0), "0",G8-G7) -> 27
A9: 44625 | C9: 13859 | D9: =IF((C9-C8<0), "0",C9-C8) -> 375 | E9: 745 | F9: =IF((E9-E8<0), "0",E9-E8) -> 0 | G9: 180 | H9: =IF((G9-G8<0), "0",G9-G8) -> 0
A10: 44626 | C10: 13664 | D10: =IF((C10-C9<0), "0",C10-C9) -> 0 | E10: 801 | F10: =IF((E10-E9<0), "0",E10-E9) -> 56 | G10: 188 | H10: =IF((G10-G9<0), "0",G10-G9) -> 8
A11: 44627 | C11: 12550 | D11: =IF((C11-C10<0), "0",C11-C10) -> 0 | E11: 791 | F11: =IF((E11-E10<0), "0",E11-E10) -> 0 | G11: 141 | H11: =IF((G11-G10<0), "0",G11-G10) -> 0
A12: 44628 | C12: 11786 | D12: =IF((C12-C11<0), "0",C12-C11) -> 0 | E12: 913 | F12: =IF((E12-E11<0), "0",E12-E11) -> 122 | G12: 157 | H12: =IF((G12-G11<0), "0",G12-G11) -> 16
A13: 44629 | C13: 11987 | D13: =IF((C13-C12<0), "0",C13-C12) -> 201 | E13: 970 | F13: =IF((E13-E12<0), "0",E13-E12) -> 57 | G13: 142 | H13: =IF((G13-G12<0), "0",G13-G12) -> 0
A14: 44630 | C14: 12415 | D14: =IF((C14-C13<0), "0",C14-C13) -> 428 | E14: 751 | F14: =IF((E14-E13<0), "0",E14-E13) -> 0 | G14: 156 | H14: =IF((G14-G13<0), "0",G14-G13) -> 14
A15: 44631 | C15: 13556 | D15: =IF((C15-C14<0), "0",C15-C14) -> 1141 | E15: 701 | F15: =IF((E15-E14<0), "0",E15-E14) -> 0 | G15: 145 | H15: =IF((G15-G14<0), "0",G15-G14) -> 0
A16: 44632 | C16: 14257 | D16: =IF((C16-C15<0), "0",C16-C15) -> 701 | E16: 851 | F16: =IF((E16-E15<0), "0",E16-E15) -> 150 | G16: 164 | H16: =IF((G16-G15<0), "0",G16-G15) -> 19
... A35: 44651 | C35: 19757 | D35: =IF((C35-C34<0), "0",C35-C34) -> 1590 | E35: 760 | F35: =IF((E35-E34<0), "0",E35-E34) -> 0 | G35: 249 | H35: =IF((G35-G34<0), "0",G35-G34) -> 11
