Workbook

Sheet TOTAL
A1: Site Name | B1: Day | C1: Month | D1: Year | E1: Total Electricity Kwh | F1: Electricity Tariff ($/Kwh) | G1: Water Utility Supply (m3) m3 | H1: Water Utility Supply (m3) $/m3 | I1: Total Fuel Oil (Liters) | J1: Fuel Oil $/Liter | K1: Room Nights
A2: Kuwait | B2: 1 | C2: 5 | D2: 2020 | E2: =Submetering!E2+Submetering!F2+Submetering!G2+Submetering!H2+Submetering!I2+Submetering!J2+Submetering!K2+Submetering!L2+Submetering!M2+Submetering!N2+Submetering!O2+Submetering!P2+Submetering!Q2 -> 28830 | F2: 0.005 | G2: =Submetering!S2 -> 244.881 | H2: 0.4444 | I2: =Submetering!R2 -> 0 | J2: 0.14 | K2: =Hotel!B7 -> 9
A3: Kuwait | B3: =B2+1 -> 2 | C3: 5 | D3: 2020 | E3: =Submetering!E3+Submetering!F3+Submetering!G3+Submetering!H3+Submetering!I3+Submetering!J3+Submetering!K3+Submetering!L3+Submetering!M3+Submetering!N3+Submetering!O3+Submetering!P3+Submetering!Q3 -> 27010 | F3: 0.005 | G3: =Submetering!S3 -> 263.991 | H3: 0.4444 | I3: =Submetering!R3 -> 0 | J3: 0.14 | K3: =Hotel!B8 -> 10
A4: Kuwait | B4: =B3+1 -> 3 | C4: 5 | D4: 2020 | E4: =Submetering!E4+Submetering!F4+Submetering!G4+Submetering!H4+Submetering!I4+Submetering!J4+Submetering!K4+Submetering!L4+Submetering!M4+Submetering!N4+Submetering!O4+Submetering!P4+Submetering!Q4 -> 26770 | F4: 0.005 | G4: =Submetering!S4 -> 264.537 | H4: 0.4444 | I4: =Submetering!R4 -> 0 | J4: 0.14 | K4: =Hotel!B9 -> 7
A5: Kuwait | B5: =B4+1 -> 4 | C5: 5 | D5: 2020 | E5: =Submetering!E5+Submetering!F5+Submetering!G5+Submetering!H5+Submetering!I5+Submetering!J5+Submetering!K5+Submetering!L5+Submetering!M5+Submetering!N5+Submetering!O5+Submetering!P5+Submetering!Q5 -> 26710 | F5: 0.005 | G5: =Submetering!S5 -> 111.93 | H5: 0.4444 | I5: =Submetering!R5 -> 0 | J5: 0.14 | K5: =Hotel!B10 -> 11
A6: Kuwait | B6: =B5+1 -> 5 | C6: 5 | D6: 2020 | E6: =Submetering!E6+Submetering!F6+Submetering!G6+Submetering!H6+Submetering!I6+Submetering!J6+Submetering!K6+Submetering!L6+Submetering!M6+Submetering!N6+Submetering!O6+Submetering!P6+Submetering!Q6 -> 27060 | F6: 0.005 | G6: =Submetering!S6 -> 593.502 | H6: 0.4444 | I6: =Submetering!R6 -> 0 | J6: 0.14 | K6: =Hotel!B11 -> 6
A7: Kuwait | B7: =B6+1 -> 6 | C7: 5 | D7: 2020 | E7: =Submetering!E7+Submetering!F7+Submetering!G7+Submetering!H7+Submetering!I7+Submetering!J7+Submetering!K7+Submetering!L7+Submetering!M7+Submetering!N7+Submetering!O7+Submetering!P7+Submetering!Q7 -> 30160 | F7: 0.005 | G7: =Submetering!S7 -> 262.353 | H7: 0.4444 | I7: =Submetering!R7 -> 0 | J7: 0.14 | K7: =Hotel!B12 -> 11
A8: Kuwait | B8: =B7+1 -> 7 | C8: 5 | D8: 2020 | E8: =Submetering!E8+Submetering!F8+Submetering!G8+Submetering!H8+Submetering!I8+Submetering!J8+Submetering!K8+Submetering!L8+Submetering!M8+Submetering!N8+Submetering!O8+Submetering!P8+Submetering!Q8 -> 24480 | F8: 0.005 | G8: =Submetering!S8 -> 302.757 | H8: 0.4444 | I8: =Submetering!R8 -> 0 | J8: 0.14 | K8: =Hotel!B13 -> 9
A9: Kuwait | B9: =B8+1 -> 8 | C9: 5 | D9: 2020 | E9: =Submetering!E9+Submetering!F9+Submetering!G9+Submetering!H9+Submetering!I9+Submetering!J9+Submetering!K9+Submetering!L9+Submetering!M9+Submetering!N9+Submetering!O9+Submetering!P9+Submetering!Q9 -> 25200 | F9: 0.005 | G9: =Submetering!S9 -> 307.125 | H9: 0.4444 | I9: =Submetering!R9 -> 0 | J9: 0.14 | K9: =Hotel!B14 -> 9
A10: Kuwait | B10: =B9+1 -> 9 | C10: 5 | D10: 2020 | E10: =Submetering!E10+Submetering!F10+Submetering!G10+Submetering!H10+Submetering!I10+Submetering!J10+Submetering!K10+Submetering!L10+Submetering!M10+Submetering!N10+Submetering!O10+Submetering!P10+Submetering!Q10 -> 27040 | F10: 0.005 | G10: =Submetering!S10 -> 307.944 | H10: 0.4444 | I10: =Submetering!R10 -> 0 | J10: 0.14 | K10: =Hotel!B15 -> 9
A11: Kuwait | B11: =B10+1 -> 10 | C11: 5 | D11: 2020 | E11: =Submetering!E11+Submetering!F11+Submetering!G11+Submetering!H11+Submetering!I11+Submetering!J11+Submetering!K11+Submetering!L11+Submetering!M11+Submetering!N11+Submetering!O11+Submetering!P11+Submetering!Q11 -> 26710 | F11: 0.005 | G11: =Submetering!S11 -> 407.316 | H11: 0.4444 | I11: =Submetering!R11 -> 0 | J11: 0.14 | K11: =Hotel!B16 -> 0
A12: Kuwait | B12: =B11+1 -> 11 | C12: 5 | D12: 2020 | E12: =Submetering!E12+Submetering!F12+Submetering!G12+Submetering!H12+Submetering!I12+Submetering!J12+Submetering!K12+Submetering!L12+Submetering!M12+Submetering!N12+Submetering!O12+Submetering!P12+Submetering!Q12 -> 24920 | F12: 0.005 | G12: =Submetering!S12 -> 315.315 | H12: 0.4444 | I12: =Submetering!R12 -> 0 | J12: 0.14 | K12: =Hotel!B17 -> 0
A13: Kuwait | B13: =B12+1 -> 12 | C13: 5 | D13: 2020 | E13: =Submetering!E13+Submetering!F13+Submetering!G13+Submetering!H13+Submetering!I13+Submetering!J13+Submetering!K13+Submetering!L13+Submetering!M13+Submetering!N13+Submetering!O13+Submetering!P13+Submetering!Q13 -> 24230 | F13: 0.005 | G13: =Submetering!S13 -> 399.945 | H13: 0.4444 | I13: =Submetering!R13 -> 0 | J13: 0.14 | K13: =Hotel!B18 -> 10
A14: Kuwait | B14: =B13+1 -> 13 | C14: 5 | D14: 2020 | E14: =Submetering!E14+Submetering!F14+Submetering!G14+Submetering!H14+Submetering!I14+Submetering!J14+Submetering!K14+Submetering!L14+Submetering!M14+Submetering!N14+Submetering!O14+Submetering!P14+Submetering!Q14 -> 24770 | F14: 0.005 | G14: =Submetering!S14 -> 540.54 | H14: 0.4444 | I14: =Submetering!R14 -> 0 | J14: 0.14 | K14: =Hotel!B19 -> 10
... A32: Kuwait | B32: =B31+1 -> 31 | C32: 5 | D32: 2020 | E32: =Submetering!E32+Submetering!F32+Submetering!G32+Submetering!H32+Submetering!I32+Submetering!J32+Submetering!K32+Submetering!L32+Submetering!M32+Submetering!N32+Submetering!O32+Submetering!P32+Submetering!Q32 -> 26210 | F32: 0.005 | G32: =Submetering!S32 -> 239.421 | H32: 0.4444 | I32: =Submetering!R32 -> 0 | J32: 0.14 | K32: =Hotel!B37 -> 12

Sheet Submetering
A1: Site Name | B1: Day | C1: Month | D1: Year | E1: HT.02.02 - KWh | F1: HT.02.04 - KWh | G1: HT.02.07 - KWh | H1: HT.02.03 - KWh | I1: HT.02.06 - KWh | J1: HT.03.03 - KWh | K1: HT.03.07 - KWh | L1: HT.03.05 - KWh | M1: HT.03.08 - KWh | N1: HT.03.04 - KWh | O1: HT.03.06 - KWh | P1: HT.03.01 - KWh | Q1: HT.03.02 - KWh | R1: Fuel (Liters) | S1: Water - m3 | T1: Cooling Towers Water | U1: Room Nights
A2: Kuwait | B2: 1 | C2: =TOTAL!C2 -> 5 | D2: =TOTAL!D2 -> 2020 | E2: =Hotel!Q7 -> 590 | F2: =Hotel!R7 -> 1960 | G2: =Hotel!S7 -> 3090 | H2: =Hotel!T7 -> 1440 | I2: =Hotel!U7 -> 3120 | J2: =Hotel!V7 -> 2300 | K2: =Hotel!W7 -> 2190 | L2: =Hotel!X7 -> 1420 | ... Q2: =Hotel!AC7 -> 2880 | R2: =Hotel!AT7 -> 0 | S2: =Hotel!BA7 -> 244.881 | T2: =Hotel!AX7 -> 0 | U2: =Hotel!B7 -> 9
A3: Kuwait | B3: =B2+1 -> 2 | C3: =TOTAL!C3 -> 5 | D3: =TOTAL!D3 -> 2020 | E3: =Hotel!Q8 -> 570 | F3: =Hotel!R8 -> 1880 | G3: =Hotel!S8 -> 2950 | H3: =Hotel!T8 -> 1380 | I3: =Hotel!U8 -> 3050 | J3: =Hotel!V8 -> 2340 | K3: =Hotel!W8 -> 2040 | L3: =Hotel!X8 -> 1190 | ... Q3: =Hotel!AC8 -> 2680 | R3: =Hotel!AT8 -> 0 | S3: =Hotel!BA8 -> 263.991 | T3: =Hotel!AX8 -> 0 | U3: =Hotel!B8 -> 10
A4: Kuwait | B4: =B3+1 -> 3 | C4: =TOTAL!C4 -> 5 | D4: =TOTAL!D4 -> 2020 | E4: =Hotel!Q9 -> 560 | F4: =Hotel!R9 -> 1880 | G4: =Hotel!S9 -> 2890 | H4: =Hotel!T9 -> 1370 | I4: =Hotel!U9 -> 3020 | J4: =Hotel!V9 -> 2030 | K4: =Hotel!W9 -> 2080 | L4: =Hotel!X9 -> 1100 | ... Q4: =Hotel!AC9 -> 2650 | R4: =Hotel!AT9 -> 0 | S4: =Hotel!BA9 -> 264.537 | T4: =Hotel!AX9 -> 0 | U4: =Hotel!B9 -> 7
A5: Kuwait | B5: =B4+1 -> 4 | C5: =TOTAL!C5 -> 5 | D5: =TOTAL!D5 -> 2020 | E5: =Hotel!Q10 -> 580 | F5: =Hotel!R10 -> 1880 | G5: =Hotel!S10 -> 2850 | H5: =Hotel!T10 -> 1370 | I5: =Hotel!U10 -> 2960 | J5: =Hotel!V10 -> 2010 | K5: =Hotel!W10 -> 2080 | L5: =Hotel!X10 -> 1110 | ... Q5: =Hotel!AC10 -> 2710 | R5: =Hotel!AT10 -> 0 | S5: =Hotel!BA10 -> 111.93 | T5: =Hotel!AX10 -> 0 | U5: =Hotel!B10 -> 11
A6: Kuwait | B6: =B5+1 -> 5 | C6: =TOTAL!C6 -> 5 | D6: =TOTAL!D6 -> 2020 | E6: =Hotel!Q11 -> 560 | F6: =Hotel!R11 -> 1880 | G6: =Hotel!S11 -> 2920 | H6: =Hotel!T11 -> 1380 | I6: =Hotel!U11 -> 2920 | J6: =Hotel!V11 -> 2060 | K6: =Hotel!W11 -> 2110 | L6: =Hotel!X11 -> 1170 | ... Q6: =Hotel!AC11 -> 2740 | R6: =Hotel!AT11 -> 0 | S6: =Hotel!BA11 -> 593.502 | T6: =Hotel!AX11 -> 0 | U6: =Hotel!B11 -> 6
A7: Kuwait | B7: =B6+1 -> 6 | C7: =TOTAL!C7 -> 5 | D7: =TOTAL!D7 -> 2020 | E7: =Hotel!Q12 -> 640 | F7: =Hotel!R12 -> 2100 | G7: =Hotel!S12 -> 3330 | H7: =Hotel!T12 -> 1550 | I7: =Hotel!U12 -> 3190 | J7: =Hotel!V12 -> 2210 | K7: =Hotel!W12 -> 2380 | L7: =Hotel!X12 -> 1420 | ... Q7: =Hotel!AC12 -> 3010 | R7: =Hotel!AT12 -> 0 | S7: =Hotel!BA12 -> 262.353 | T7: =Hotel!AX12 -> 0 | U7: =Hotel!B12 -> 11
A8: Kuwait | B8: =B7+1 -> 7 | C8: =TOTAL!C8 -> 5 | D8: =TOTAL!D8 -> 2020 | E8: =Hotel!Q13 -> 500 | F8: =Hotel!R13 -> 1660 | G8: =Hotel!S13 -> 2550 | H8: =Hotel!T13 -> 1210 | I8: =Hotel!U13 -> 2570 | J8: =Hotel!V13 -> 1790 | K8: =Hotel!W13 -> 2390 | L8: =Hotel!X13 -> 1120 | ... Q8: =Hotel!AC13 -> 2510 | R8: =Hotel!AT13 -> 0 | S8: =Hotel!BA13 -> 302.757 | T8: =Hotel!AX13 -> 0 | U8: =Hotel!B13 -> 9
A9: Kuwait | B9: =B8+1 -> 8 | C9: =TOTAL!C9 -> 5 | D9: =TOTAL!D9 -> 2020 | E9: =Hotel!Q14 -> 550 | F9: =Hotel!R14 -> 1800 | G9: =Hotel!S14 -> 2770 | H9: =Hotel!T14 -> 1320 | I9: =Hotel!U14 -> 2650 | J9: =Hotel!V14 -> 1910 | K9: =Hotel!W14 -> 1400 | L9: =Hotel!X14 -> 1250 | ... Q9: =Hotel!AC14 -> 2690 | R9: =Hotel!AT14 -> 0 | S9: =Hotel!BA14 -> 307.125 | T9: =Hotel!AX14 -> 0 | U9: =Hotel!B14 -> 9
A10: Kuwait | B10: =B9+1 -> 9 | C10: =TOTAL!C10 -> 5 | D10: =TOTAL!D10 -> 2020 | E10: =Hotel!Q15 -> 560 | F10: =Hotel!R15 -> 1870 | G10: =Hotel!S15 -> 2910 | H10: =Hotel!T15 -> 1370 | I10: =Hotel!U15 -> 2840 | J10: =Hotel!V15 -> 1980 | K10: =Hotel!W15 -> 2060 | L10: =Hotel!X15 -> 1280 | ... Q10: =Hotel!AC15 -> 2860 | R10: =Hotel!AT15 -> 0 | S10: =Hotel!BA15 -> 307.944 | T10: =Hotel!AX15 -> 0 | U10: =Hotel!B15 -> 9
A11: Kuwait | B11: =B10+1 -> 10 | C11: =TOTAL!C11 -> 5 | D11: =TOTAL!D11 -> 2020 | E11: =Hotel!Q16 -> 580 | F11: =Hotel!R16 -> 1890 | G11: =Hotel!S16 -> 3030 | H11: =Hotel!T16 -> 1390 | I11: =Hotel!U16 -> 2830 | J11: =Hotel!V16 -> 1980 | K11: =Hotel!W16 -> 2080 | L11: =Hotel!X16 -> 1310 | ... Q11: =Hotel!AC16 -> 2700 | R11: =Hotel!AT16 -> 0 | S11: =Hotel!BA16 -> 407.316 | T11: =Hotel!AX16 -> 0 | U11: =Hotel!B16 -> 0
A12: Kuwait | B12: =B11+1 -> 11 | C12: =TOTAL!C12 -> 5 | D12: =TOTAL!D12 -> 2020 | E12: =Hotel!Q17 -> 560 | F12: =Hotel!R17 -> 1880 | G12: =Hotel!S17 -> 2910 | H12: =Hotel!T17 -> 1380 | I12: =Hotel!U17 -> 2520 | J12: =Hotel!V17 -> 1920 | K12: =Hotel!W17 -> 1980 | L12: =Hotel!X17 -> 1270 | ... Q12: =Hotel!AC17 -> 2480 | R12: =Hotel!AT17 -> 0 | S12: =Hotel!BA17 -> 315.315 | T12: =Hotel!AX17 -> 0 | U12: =Hotel!B17 -> 0
A13: Kuwait | B13: =B12+1 -> 12 | C13: =TOTAL!C13 -> 5 | D13: =TOTAL!D13 -> 2020 | E13: =Hotel!Q18 -> 570 | F13: =Hotel!R18 -> 1870 | G13: =Hotel!S18 -> 2880 | H13: =Hotel!T18 -> 1380 | I13: =Hotel!U18 -> 2500 | J13: =Hotel!V18 -> 1880 | K13: =Hotel!W18 -> 1910 | L13: =Hotel!X18 -> 1160 | ... Q13: =Hotel!AC18 -> 2460 | R13: =Hotel!AT18 -> 0 | S13: =Hotel!BA18 -> 399.945 | T13: =Hotel!AX18 -> 0 | U13: =Hotel!B18 -> 10
A14: Kuwait | B14: =B13+1 -> 13 | C14: =TOTAL!C14 -> 5 | D14: =TOTAL!D14 -> 2020 | E14: =Hotel!Q19 -> 570 | F14: =Hotel!R19 -> 1890 | G14: =Hotel!S19 -> 2910 | H14: =Hotel!T19 -> 1390 | I14: =Hotel!U19 -> 2530 | J14: =Hotel!V19 -> 1960 | K14: =Hotel!W19 -> 1940 | L14: =Hotel!X19 -> 1170 | ... Q14: =Hotel!AC19 -> 2510 | R14: =Hotel!AT19 -> 0 | S14: =Hotel!BA19 -> 540.54 | T14: =Hotel!AX19 -> 0 | U14: =Hotel!B19 -> 10
... A32: Kuwait | B32: =B31+1 -> 31 | C32: =TOTAL!C32 -> 5 | D32: =TOTAL!D32 -> 2020 | E32: =Hotel!Q37 -> 580 | F32: =Hotel!R37 -> 1910 | G32: =Hotel!S37 -> 3380 | H32: =Hotel!T37 -> 1450 | I32: =Hotel!U37 -> 2230 | J32: =Hotel!V37 -> 1820 | K32: =Hotel!W37 -> 2050 | L32: =Hotel!X37 -> 1270 | ... Q32: =Hotel!AC37 -> 3030 | R32: =Hotel!AT37 -> 0 | S32: =Hotel!BA37 -> 239.421 | T32: =Hotel!AX37 -> 0 | U32: =Hotel!B37 -> 12

Sheet Hotel
C1: 1 | D1: 2 | E1: 3 | F1: 4 | G1: 5 | H1: 6 | I1: 7 | J1: 8 | K1: 9 | L1: 10 | M1: 11 | N1: 12 | O1: 13 | Q1: 1 | R1: 2 | S1: 3 | T1: 4 | U1: 5 | V1: 6 | W1: 7 | X1: 8 | Y1: 9 | Z1: 10 | AA1: 11 | AB1: 12 | AC1: 13
A2: 43951 | B2: 19 | C2: 6004670 | D2: 13013880 | E2: 1668350 | F2: 2817830 | G2: 8718530 | H2: 4336080 | I2: 4162230 | J2: 4738070 | K2: 7469390 | L2: 2822710 | M2: 6751070 | N2: 9551840 | O2: 13018870 | Q2: HT.02.02 | R2: HT.02.04 | S2: HT.02.07 | T2: HT.02.03 | U2: HT.02.06 | V2: HT.03.03 | W2: HT.03.07 | X2: HT.03.05 | Y2: HT.03.08 | Z2: HT.03.04 | AA2: HT.03.06 | AB2: HT.03.01 | AC2: HT.03.02 | AY2: 905510
A4: Date | B4: Room Night | C4: May | D4: Electricity - Meter No | Q4: Electricity Consumption -KWh | AD4: Total KWh | AF4: Electricity Consumption - Amount | AS4: Total Kd | AT4: Fuel Consumption (Liters) | AV4: CT Water Meter Reading | AW4: CT Consumption Gallons | AX4: CT Consumption Cubic Meter | AY4: Water Meter Reading | AZ4: Consumption Gallons | BA4: Consumption Cubic Meter | BB4: Total KD
A5: 2020 | C5: HT.02.02 | D5: HT.02.04 | E5: HT.02.07 | F5: HT.02.03 | G5: HT.02.06 | H5: HT.03.03 | I5: HT.03.07 | J5: HT.03.05 | K5: HT.03.08 | L5: HT.03.04 | M5: HT.03.06 | N5: HT.03.01 | O5: HT.03.02 | Q5: 8483196 | R5: 8483193 | S5: 8483178 | T5: 8483176 | U5: 8483206 | V5: 8483170 | W5: 8483168 | X5: 8483169 | Y5: 8483194 | Z5: 8483199 | AA5: 8483187 | AB5: 8483188 | AC5: 8483174 | AF5: 1 | AG5: 2 | AH5: 3 | AI5: 4 | AJ5: 5 | AK5: 6 | AL5: 7 | AM5: 8 | AN5: 9 | AO5: 10 | AP5: 11 | AQ5: 12 | AR5: 13
C6: 8483196 | D6: 8483193 | E6: 8483178 | F6: 8483176 | G6: 8483206 | H6: 8483170 | I6: 8483168 | J6: 8483169 | K6: 8483194 | L6: 8483199 | M6: 8483187 | N6: 8483188 | O6: 8483174 | AV6: 298912 | AY6: 905510
A7: 43952 | B7: 9 | C7: 6005260 | D7: 13015840 | E7: 1671440 | F7: 2819270 | G7: 8721650 | H7: 4338380 | I7: 4164420 | J7: 4739490 | K7: 7471430 | L7: 2825120 | M7: 6752560 | N7: 9555740 | O7: 13021750 | Q7: =IF((C7-C2<0), "0",C7-C2) -> 590 | R7: =IF((D7-D2<0), "0",D7-D2) -> 1960 | S7: =IF((E7-E2<0), "0",E7-E2) -> 3090 | T7: =IF((F7-F2<0), "0",F7-F2) -> 1440 | U7: =IF((G7-G2<0), "0",G7-G2) -> 3120 | V7: =IF((H7-H2<0), "0",H7-H2) -> 2300 | W7: =IF((I7-I2<0), "0",I7-I2) -> 2190 | X7: =IF((J7-J2<0), "0",J7-J2) -> 1420 | ... AC7: =IF((O7-O2<0), "0",O7-O2) -> 2880 | AD7: =SUM(Q7:AC7) -> 28830 | AF7: =Q7*$D$39 -> 2.95 | AG7: =R7*$D$39 -> 9.8 | AH7: =S7*$D$39 -> 15.45 | AI7: =T7*$D$39 -> 7.2 | AJ7: =U7*$D$39 -> 15.6 | AK7: =V7*$D$39 -> 11.5 | AL7: =W7*$D$39 -> 10.95 | AM7: =X7*$D$39 -> 7.1 | ... AR7: =AC7*$D$39 -> 14.4 | AS7: =SUM(AF7:AR7) -> 144.15 | AV7: 0 | AW7: =(AV8-AV7)*1000 -> 0 | AX7: =AW7*$AX$44 -> 0 | AY7: 906407 | AZ7: =(IF((AY7-AY6<0),"0",AY7-AY6))*100 -> 89700 | BA7: =AZ7*$AZ$44*60% -> 244.881 | BB7: =BA7*0.4444 -> 108.82512
A8: 43953 | B8: 10 | C8: 6005830 | D8: 13017720 | E8: 1674390 | F8: 2820650 | G8: 8724700 | H8: 4340720 | I8: 4166460 | J8: 4740680 | K8: 7473370 | L8: 2827470 | M8: 6754020 | N8: 9558920 | O8: 13024430 | Q8: =IF((C8-C7<0), "0",C8-C7) -> 570 | R8: =IF((D8-D7<0), "0",D8-D7) -> 1880 | S8: =IF((E8-E7<0), "0",E8-E7) -> 2950 | T8: =IF((F8-F7<0), "0",F8-F7) -> 1380 | U8: =IF((G8-G7<0), "0",G8-G7) -> 3050 | V8: =IF((H8-H7<0), "0",H8-H7) -> 2340 | W8: =IF((I8-I7<0), "0",I8-I7) -> 2040 | X8: =IF((J8-J7<0), "0",J8-J7) -> 1190 | ... AC8: =IF((O8-O7<0), "0",O8-O7) -> 2680 | AD8: =SUM(Q8:AC8) -> 27010 | AF8: =Q8*$D$39 -> 2.85 | AG8: =R8*$D$39 -> 9.4 | AH8: =S8*$D$39 -> 14.75 | AI8: =T8*$D$39 -> 6.9 | AJ8: =U8*$D$39 -> 15.25 | AK8: =V8*$D$39 -> 11.7 | AL8: =W8*$D$39 -> 10.2 | AM8: =X8*$D$39 -> 5.95 | ... AR8: =AC8*$D$39 -> 13.4 | AS8: =SUM(AF8:AR8) -> 135.05 | AV8: 0 | AW8: =(AV9-AV8)*1000 -> 0 | AX8: =AW8*$AX$44 -> 0 | AY8: 907374 | AZ8: =(IF((AY8-AY7<0),"0",AY8-AY7))*100 -> 96700 | BA8: =AZ8*$AZ$44*60% -> 263.991 | BB8: =BA8*0.4444 -> 117.3176
A9: 43954 | B9: 7 | C9: 6006390 | D9: 13019600 | E9: 1677280 | F9: 2822020 | G9: 8727720 | H9: 4342750 | I9: 4168540 | J9: 4741780 | K9: 7475320 | L9: 2829780 | M9: 6755490 | N9: 9562380 | O9: 13027080 | Q9: =IF((C9-C8<0), "0",C9-C8) -> 560 | R9: =IF((D9-D8<0), "0",D9-D8) -> 1880 | S9: =IF((E9-E8<0), "0",E9-E8) -> 2890 | T9: =IF((F9-F8<0), "0",F9-F8) -> 1370 | U9: =IF((G9-G8<0), "0",G9-G8) -> 3020 | V9: =IF((H9-H8<0), "0",H9-H8) -> 2030 | W9: =IF((I9-I8<0), "0",I9-I8) -> 2080 | X9: =IF((J9-J8<0), "0",J9-J8) -> 1100 | ... AC9: =IF((O9-O8<0), "0",O9-O8) -> 2650 | AD9: =SUM(Q9:AC9) -> 26770 | AF9: =Q9*$D$39 -> 2.8 | AG9: =R9*$D$39 -> 9.4 | AH9: =S9*$D$39 -> 14.45 | AI9: =T9*$D$39 -> 6.85 | AJ9: =U9*$D$39 -> 15.1 | AK9: =V9*$D$39 -> 10.15 | AL9: =W9*$D$39 -> 10.4 | AM9: =X9*$D$39 -> 5.5 | ... AR9: =AC9*$D$39 -> 13.25 | AS9: =SUM(AF9:AR9) -> 133.85 | AV9: 0 | AW9: =(AV10-AV9)*1000 -> 0 | AX9: =AW9*$AX$44 -> 0 | AY9: 908343 | AZ9: =(IF((AY9-AY8<0),"0",AY9-AY8))*100 -> 96900 | BA9: =AZ9*$AZ$44*60% -> 264.537 | BB9: =BA9*0.4444 -> 117.56024
A10: 43955 | B10: 11 | C10: 6006970 | D10: 13021480 | E10: 1680130 | F10: 2823390 | G10: 8730680 | H10: 4344760 | I10: 4170620 | J10: 4742890 | K10: 7477270 | L10: 2832060 | M10: 6756960 | N10: 9565840 | O10: 13029790 | Q10: =IF((C10-C9<0), "0",C10-C9) -> 580 | R10: =IF((D10-D9<0), "0",D10-D9) -> 1880 | S10: =IF((E10-E9<0), "0",E10-E9) -> 2850 | T10: =IF((F10-F9<0), "0",F10-F9) -> 1370 | U10: =IF((G10-G9<0), "0",G10-G9) -> 2960 | V10: =IF((H10-H9<0), "0",H10-H9) -> 2010 | W10: =IF((I10-I9<0), "0",I10-I9) -> 2080 | X10: =IF((J10-J9<0), "0",J10-J9) -> 1110 | ... AC10: =IF((O10-O9<0), "0",O10-O9) -> 2710 | AD10: =SUM(Q10:AC10) -> 26710 | AF10: =Q10*$D$39 -> 2.9 | AG10: =R10*$D$39 -> 9.4 | AH10: =S10*$D$39 -> 14.25 | AI10: =T10*$D$39 -> 6.85 | AJ10: =U10*$D$39 -> 14.8 | AK10: =V10*$D$39 -> 10.05 | AL10: =W10*$D$39 -> 10.4 | AM10: =X10*$D$39 -> 5.55 | ... AR10: =AC10*$D$39 -> 13.55 | AS10: =SUM(AF10:AR10) -> 133.55 | AV10: 0 | AW10: =(AV11-AV10)*1000 -> 0 | AX10: =AW10*$AX$44 -> 0 | AY10: 908753 | AZ10: =(IF((AY10-AY9<0),"0",AY10-AY9))*100 -> 41000 | BA10: =AZ10*$AZ$44*60% -> 111.93 | BB10: =BA10*0.4444 -> 49.741692
A11: 43956 | B11: 6 | C11: 6007530 | D11: 13023360 | E11: 1683050 | F11: 2824770 | G11: 8733600 | H11: 4346820 | I11: 4172730 | J11: 4744060 | K11: 7479230 | L11: 2834360 | M11: 6758370 | N11: 9569490 | O11: 13032530 | Q11: =IF((C11-C10<0), "0",C11-C10) -> 560 | R11: =IF((D11-D10<0), "0",D11-D10) -> 1880 | S11: =IF((E11-E10<0), "0",E11-E10) -> 2920 | T11: =IF((F11-F10<0), "0",F11-F10) -> 1380 | U11: =IF((G11-G10<0), "0",G11-G10) -> 2920 | V11: =IF((H11-H10<0), "0",H11-H10) -> 2060 | W11: =IF((I11-I10<0), "0",I11-I10) -> 2110 | X11: =IF((J11-J10<0), "0",J11-J10) -> 1170 | ... AC11: =IF((O11-O10<0), "0",O11-O10) -> 2740 | AD11: =SUM(Q11:AC11) -> 27060 | AF11: =Q11*$D$39 -> 2.8 | AG11: =R11*$D$39 -> 9.4 | AH11: =S11*$D$39 -> 14.6 | AI11: =T11*$D$39 -> 6.9 | AJ11: =U11*$D$39 -> 14.6 | AK11: =V11*$D$39 -> 10.3 | AL11: =W11*$D$39 -> 10.55 | AM11: =X11*$D$39 -> 5.85 | ... AR11: =AC11*$D$39 -> 13.7 | AS11: =SUM(AF11:AR11) -> 135.3 | AV11: 0 | AW11: =(AV12-AV11)*1000 -> 0 | AX11: =AW11*$AX$44 -> 0 | AY11: 910927 | AZ11: =(IF((AY11-AY10<0),"0",AY11-AY10))*100 -> 217400 | BA11: =AZ11*$AZ$44*60% -> 593.502 | BB11: =BA11*0.4444 -> 263.75229
A12: 43957 | B12: 11 | C12: 6008170 | D12: 13025460 | E12: 1686380 | F12: 2826320 | G12: 8736790 | H12: 4349030 | I12: 4175110 | J12: 4745480 | K12: 7481430 | L12: 2836910 | M12: 6759870 | N12: 9573570 | O12: 13035540 | Q12: =IF((C12-C11<0), "0",C12-C11) -> 640 | R12: =IF((D12-D11<0), "0",D12-D11) -> 2100 | S12: =IF((E12-E11<0), "0",E12-E11) -> 3330 | T12: =IF((F12-F11<0), "0",F12-F11) -> 1550 | U12: =IF((G12-G11<0), "0",G12-G11) -> 3190 | V12: =IF((H12-H11<0), "0",H12-H11) -> 2210 | W12: =IF((I12-I11<0), "0",I12-I11) -> 2380 | X12: =IF((J12-J11<0), "0",J12-J11) -> 1420 | ... AC12: =IF((O12-O11<0), "0",O12-O11) -> 3010 | AD12: =SUM(Q12:AC12) -> 30160 | AF12: =Q12*$D$39 -> 3.2 | AG12: =R12*$D$39 -> 10.5 | AH12: =S12*$D$39 -> 16.65 | AI12: =T12*$D$39 -> 7.75 | AJ12: =U12*$D$39 -> 15.95 | AK12: =V12*$D$39 -> 11.05 | AL12: =W12*$D$39 -> 11.9 | AM12: =X12*$D$39 -> 7.1 | ... AR12: =AC12*$D$39 -> 15.05 | AS12: =SUM(AF12:AR12) -> 150.8 | AV12: 0 | AW12: =(AV13-AV12)*1000 -> 0 | AX12: =AW12*$AX$44 -> 0 | AY12: 911888 | AZ12: =(IF((AY12-AY11<0),"0",AY12-AY11))*100 -> 96100 | BA12: =AZ12*$AZ$44*60% -> 262.353 | BB12: =BA12*0.4444 -> 116.58967
A13: 43958 | B13: 9 | C13: 6008670 | D13: 13027120 | E13: 1688930 | F13: 2827530 | G13: 8739360 | H13: 4350820 | I13: 4177500 | J13: 4746600 | K13: 7483150 | L13: 2838980 | M13: 6761100 | N13: 9576730 | O13: 13038050 | Q13: =IF((C13-C12<0), "0",C13-C12) -> 500 | R13: =IF((D13-D12<0), "0",D13-D12) -> 1660 | S13: =IF((E13-E12<0), "0",E13-E12) -> 2550 | T13: =IF((F13-F12<0), "0",F13-F12) -> 1210 | U13: =IF((G13-G12<0), "0",G13-G12) -> 2570 | V13: =IF((H13-H12<0), "0",H13-H12) -> 1790 | W13: =IF((I13-I12<0), "0",I13-I12) -> 2390 | X13: =IF((J13-J12<0), "0",J13-J12) -> 1120 | ... AC13: =IF((O13-O12<0), "0",O13-O12) -> 2510 | AD13: =SUM(Q13:AC13) -> 24480 | AF13: =Q13*$D$39 -> 2.5 | AG13: =R13*$D$39 -> 8.3 | AH13: =S13*$D$39 -> 12.75 | AI13: =T13*$D$39 -> 6.05 | AJ13: =U13*$D$39 -> 12.85 | AK13: =V13*$D$39 -> 8.95 | AL13: =W13*$D$39 -> 11.95 | AM13: =X13*$D$39 -> 5.6 | ... AR13: =AC13*$D$39 -> 12.55 | AS13: =SUM(AF13:AR13) -> 122.4 | AV13: 0 | AW13: =(AV14-AV13)*1000 -> 0 | AX13: =AW13*$AX$44 -> 0 | AY13: 912997 | AZ13: =(IF((AY13-AY12<0),"0",AY13-AY12))*100 -> 110900 | BA13: =AZ13*$AZ$44*60% -> 302.757 | BB13: =BA13*0.4444 -> 134.54521
A14: 43959 | B14: 9 | C14: 6009220 | D14: 13028920 | E14: 1691700 | F14: 2828850 | G14: 8742010 | H14: 4352730 | I14: 4178900 | J14: 4747850 | K14: 7484990 | L14: 2841140 | M14: 6762520 | N14: 9580170 | O14: 13040740 | Q14: =IF((C14-C13<0), "0",C14-C13) -> 550 | R14: =IF((D14-D13<0), "0",D14-D13) -> 1800 | S14: =IF((E14-E13<0), "0",E14-E13) -> 2770 | T14: =IF((F14-F13<0), "0",F14-F13) -> 1320 | U14: =IF((G14-G13<0), "0",G14-G13) -> 2650 | V14: =IF((H14-H13<0), "0",H14-H13) -> 1910 | W14: =IF((I14-I13<0), "0",I14-I13) -> 1400 | X14: =IF((J14-J13<0), "0",J14-J13) -> 1250 | ... AC14: =IF((O14-O13<0), "0",O14-O13) -> 2690 | AD14: =SUM(Q14:AC14) -> 25200 | AF14: =Q14*$D$39 -> 2.75 | AG14: =R14*$D$39 -> 9 | AH14: =S14*$D$39 -> 13.85 | AI14: =T14*$D$39 -> 6.6 | AJ14: =U14*$D$39 -> 13.25 | AK14: =V14*$D$39 -> 9.55 | AL14: =W14*$D$39 -> 7 | AM14: =X14*$D$39 -> 6.25 | ... AR14: =AC14*$D$39 -> 13.45 | AS14: =SUM(AF14:AR14) -> 126 | AV14: 0 | AW14: =(AV15-AV14)*1000 -> 0 | AX14: =AW14*$AX$44 -> 0 | AY14: 914122 | AZ14: =(IF((AY14-AY13<0),"0",AY14-AY13))*100 -> 112500 | BA14: =AZ14*$AZ$44*60% -> 307.125 | BB14: =BA14*0.4444 -> 136.48635
A15: 43960 | B15: 9 | C15: 6009780 | D15: 13030790 | E15: 1694610 | F15: 2830220 | G15: 8744850 | H15: 4354710 | I15: 4180960 | J15: 4749130 | K15: 7486860 | L15: 2843450 | M15: 6764040 | N15: 9583780 | O15: 13043600 | Q15: =IF((C15-C14<0), "0",C15-C14) -> 560 | R15: =IF((D15-D14<0), "0",D15-D14) -> 1870 | S15: =IF((E15-E14<0), "0",E15-E14) -> 2910 | T15: =IF((F15-F14<0), "0",F15-F14) -> 1370 | U15: =IF((G15-G14<0), "0",G15-G14) -> 2840 | V15: =IF((H15-H14<0), "0",H15-H14) -> 1980 | W15: =IF((I15-I14<0), "0",I15-I14) -> 2060 | X15: =IF((J15-J14<0), "0",J15-J14) -> 1280 | ... AC15: =IF((O15-O14<0), "0",O15-O14) -> 2860 | AD15: =SUM(Q15:AC15) -> 27040 | AF15: =Q15*$D$39 -> 2.8 | AG15: =R15*$D$39 -> 9.35 | AH15: =S15*$D$39 -> 14.55 | AI15: =T15*$D$39 -> 6.85 | AJ15: =U15*$D$39 -> 14.2 | AK15: =V15*$D$39 -> 9.9 | AL15: =W15*$D$39 -> 10.3 | AM15: =X15*$D$39 -> 6.4 | ... AR15: =AC15*$D$39 -> 14.3 | AS15: =SUM(AF15:AR15) -> 135.2 | AV15: 0 | AW15: =(AV16-AV15)*1000 -> 0 | AX15: =AW15*$AX$44 -> 0 | AY15: 915250 | AZ15: =(IF((AY15-AY14<0),"0",AY15-AY14))*100 -> 112800 | BA15: =AZ15*$AZ$44*60% -> 307.944 | BB15: =BA15*0.4444 -> 136.85031
A16: 43961 | B16: 0 | C16: 6010360 | D16: 13032680 | E16: 1697640 | F16: 2831610 | G16: 8747680 | H16: 4356690 | I16: 4183040 | J16: 4750440 | K16: 7488710 | L16: 2845790 | M16: 6765400 | N16: 9587150 | O16: 13046300 | Q16: =IF((C16-C15<0), "0",C16-C15) -> 580 | R16: =IF((D16-D15<0), "0",D16-D15) -> 1890 | S16: =IF((E16-E15<0), "0",E16-E15) -> 3030 | T16: =IF((F16-F15<0), "0",F16-F15) -> 1390 | U16: =IF((G16-G15<0), "0",G16-G15) -> 2830 | V16: =IF((H16-H15<0), "0",H16-H15) -> 1980 | W16: =IF((I16-I15<0), "0",I16-I15) -> 2080 | X16: =IF((J16-J15<0), "0",J16-J15) -> 1310 | ... AC16: =IF((O16-O15<0), "0",O16-O15) -> 2700 | AD16: =SUM(Q16:AC16) -> 26710 | AF16: =Q16*$D$39 -> 2.9 | AG16: =R16*$D$39 -> 9.45 | AH16: =S16*$D$39 -> 15.15 | AI16: =T16*$D$39 -> 6.95 | AJ16: =U16*$D$39 -> 14.15 | AK16: =V16*$D$39 -> 9.9 | AL16: =W16*$D$39 -> 10.4 | AM16: =X16*$D$39 -> 6.55 | ... AR16: =AC16*$D$39 -> 13.5 | AS16: =SUM(AF16:AR16) -> 133.55 | AV16: 0 | AW16: =(AV17-AV16)*1000 -> 0 | AX16: =AW16*$AX$44 -> 0 | AY16: 916742 | AZ16: =(IF((AY16-AY15<0),"0",AY16-AY15))*100 -> 149200 | BA16: =AZ16*$AZ$44*60% -> 407.316 | BB16: =BA16*0.4444 -> 181.01123
A17: 43962 | B17: 0 | C17: 6010920 | D17: 13034560 | E17: 1700550 | F17: 2832990 | G17: 8750200 | H17: 4358610 | I17: 4185020 | J17: 4751710 | K17: 7490340 | L17: 2848030 | M17: 6766650 | N17: 9590050 | O17: 13048780 | Q17: =IF((C17-C16<0), "0",C17-C16) -> 560 | R17: =IF((D17-D16<0), "0",D17-D16) -> 1880 | S17: =IF((E17-E16<0), "0",E17-E16) -> 2910 | T17: =IF((F17-F16<0), "0",F17-F16) -> 1380 | U17: =IF((G17-G16<0), "0",G17-G16) -> 2520 | V17: =IF((H17-H16<0), "0",H17-H16) -> 1920 | W17: =IF((I17-I16<0), "0",I17-I16) -> 1980 | X17: =IF((J17-J16<0), "0",J17-J16) -> 1270 | ... AC17: =IF((O17-O16<0), "0",O17-O16) -> 2480 | AD17: =SUM(Q17:AC17) -> 24920 | AF17: =Q17*$D$39 -> 2.8 | AG17: =R17*$D$39 -> 9.4 | AH17: =S17*$D$39 -> 14.55 | AI17: =T17*$D$39 -> 6.9 | AJ17: =U17*$D$39 -> 12.6 | AK17: =V17*$D$39 -> 9.6 | AL17: =W17*$D$39 -> 9.9 | AM17: =X17*$D$39 -> 6.35 | ... AR17: =AC17*$D$39 -> 12.4 | AS17: =SUM(AF17:AR17) -> 124.6 | AV17: 0 | AW17: =(AV18-AV17)*1000 -> 0 | AX17: =AW17*$AX$44 -> 0 | AY17: 917897 | AZ17: =(IF((AY17-AY16<0),"0",AY17-AY16))*100 -> 115500 | BA17: =AZ17*$AZ$44*60% -> 315.315 | BB17: =BA17*0.4444 -> 140.12599
A18: 43963 | B18: 10 | C18: 6011490 | D18: 13036430 | E18: 1703430 | F18: 2834370 | G18: 8752700 | H18: 4360490 | I18: 4186930 | J18: 4752870 | K18: 7491940 | L18: 2850350 | M18: 6767720 | N18: 9592680 | O18: 13051240 | Q18: =IF((C18-C17<0), "0",C18-C17) -> 570 | R18: =IF((D18-D17<0), "0",D18-D17) -> 1870 | S18: =IF((E18-E17<0), "0",E18-E17) -> 2880 | T18: =IF((F18-F17<0), "0",F18-F17) -> 1380 | U18: =IF((G18-G17<0), "0",G18-G17) -> 2500 | V18: =IF((H18-H17<0), "0",H18-H17) -> 1880 | W18: =IF((I18-I17<0), "0",I18-I17) -> 1910 | X18: =IF((J18-J17<0), "0",J18-J17) -> 1160 | ... AC18: =IF((O18-O17<0), "0",O18-O17) -> 2460 | AD18: =SUM(Q18:AC18) -> 24230 | AF18: =Q18*$D$39 -> 2.85 | AG18: =R18*$D$39 -> 9.35 | AH18: =S18*$D$39 -> 14.4 | AI18: =T18*$D$39 -> 6.9 | AJ18: =U18*$D$39 -> 12.5 | AK18: =V18*$D$39 -> 9.4 | AL18: =W18*$D$39 -> 9.55 | AM18: =X18*$D$39 -> 5.8 | ... AR18: =AC18*$D$39 -> 12.3 | AS18: =SUM(AF18:AR18) -> 121.15 | AV18: 0 | AW18: =(AV19-AV18)*1000 -> 0 | AX18: =AW18*$AX$44 -> 0 | AY18: 919362 | AZ18: =(IF((AY18-AY17<0),"0",AY18-AY17))*100 -> 146500 | BA18: =AZ18*$AZ$44*60% -> 399.945 | BB18: =BA18*0.4444 -> 177.73556
A19: 43964 | B19: 10 | C19: 6012060 | D19: 13038320 | E19: 1706340 | F19: 2835760 | G19: 8755230 | H19: 4362450 | I19: 4188870 | J19: 4754040 | K19: 7493550 | L19: 2852650 | M19: 6769040 | N19: 9595350 | O19: 13053750 | Q19: =IF((C19-C18<0), "0",C19-C18) -> 570 | R19: =IF((D19-D18<0), "0",D19-D18) -> 1890 | S19: =IF((E19-E18<0), "0",E19-E18) -> 2910 | T19: =IF((F19-F18<0), "0",F19-F18) -> 1390 | U19: =IF((G19-G18<0), "0",G19-G18) -> 2530 | V19: =IF((H19-H18<0), "0",H19-H18) -> 1960 | W19: =IF((I19-I18<0), "0",I19-I18) -> 1940 | X19: =IF((J19-J18<0), "0",J19-J18) -> 1170 | ... AC19: =IF((O19-O18<0), "0",O19-O18) -> 2510 | AD19: =SUM(Q19:AC19) -> 24770 | AF19: =Q19*$D$39 -> 2.85 | AG19: =R19*$D$39 -> 9.45 | AH19: =S19*$D$39 -> 14.55 | AI19: =T19*$D$39 -> 6.95 | AJ19: =U19*$D$39 -> 12.65 | AK19: =V19*$D$39 -> 9.8 | AL19: =W19*$D$39 -> 9.7 | AM19: =X19*$D$39 -> 5.85 | ... AR19: =AC19*$D$39 -> 12.55 | AS19: =SUM(AF19:AR19) -> 123.85 | AV19: 0 | AW19: =(AV20-AV19)*1000 -> 0 | AX19: =AW19*$AX$44 -> 0 | AY19: 921342 | AZ19: =(IF((AY19-AY18<0),"0",AY19-AY18))*100 -> 198000 | BA19: =AZ19*$AZ$44*60% -> 540.54 | BB19: =BA19*0.4444 -> 240.21598
... A37: 43982 | B37: 12 | C37: 6022430 | D37: 13072330 | E37: 1763550 | F37: 2860970 | G37: 8796590 | H37: 4397160 | I37: 4224340 | J37: 4776540 | K37: 7522320 | L37: 2894190 | M37: 6789070 | N37: 9651940 | O37: 13111940 | Q37: =IF((C37-C36<0), "0",C37-C36) -> 580 | R37: =IF((D37-D36<0), "0",D37-D36) -> 1910 | S37: =IF((E37-E36<0), "0",E37-E36) -> 3380 | T37: =IF((F37-F36<0), "0",F37-F36) -> 1450 | U37: =IF((G37-G36<0), "0",G37-G36) -> 2230 | V37: =IF((H37-H36<0), "0",H37-H36) -> 1820 | W37: =IF((I37-I36<0), "0",I37-I36) -> 2050 | X37: =IF((J37-J36<0), "0",J37-J36) -> 1270 | ... AC37: =IF((O37-O36<0), "0",O37-O36) -> 3030 | AD37: =SUM(Q37:AC37) -> 26210 | AF37: =Q37*$D$39 -> 2.9 | AG37: =R37*$D$39 -> 9.55 | AH37: =S37*$D$39 -> 16.9 | AI37: =T37*$D$39 -> 7.25 | AJ37: =U37*$D$39 -> 11.15 | AK37: =V37*$D$39 -> 9.1 | AL37: =W37*$D$39 -> 10.25 | AM37: =X37*$D$39 -> 6.35 | ... AR37: =AC37*$D$39 -> 15.15 | AS37: =SUM(AF37:AR37) -> 131.05 | AV37: 0 | AW37: =(AV38-AV37)*1000 -> 0 | AX37: =AW37*$AX$44 -> 0 | AY37: 952372 | AZ37: =(IF((AY37-AY36<0),"0",AY37-AY36))*100 -> 87700 | BA37: =AZ37*$AZ$44*60% -> 239.421 | BB37: =BA37*0.4444 -> 106.39869
Q38: =SUM(Q7:Q37) -> 17760 | R38: =SUM(R7:R37) -> 58450 | S38: =SUM(S7:S37) -> 95200 | T38: =SUM(T7:T37) -> 43140 | U38: =SUM(U7:U37) -> 78060 | V38: =SUM(V7:V37) -> 61080 | W38: =SUM(W7:W37) -> 62110 | X38: =SUM(X7:X37) -> 38470 | ... AD38: =SUM(AD7:AD37) -> 809850 | AF38: =SUM(AF7:AF37) -> 88.8 | AG38: =SUM(AG7:AG37) -> 292.25 | AH38: =SUM(AH7:AH37) -> 476 | AI38: =SUM(AI7:AI37) -> 215.7 | AJ38: =SUM(AJ7:AJ37) -> 390.3 | AK38: =SUM(AK7:AK37) -> 305.4 | AL38: =SUM(AL7:AL37) -> 310.55 | AM38: =SUM(AM7:AM37) -> 192.35 | ... AT38: =SUM(AT7:AT37) -> 0 | AV38: 0 | AW38: =(AV39-AV38)*1000 -> 0 | AX38: =AW38*$AX$44 -> 0 | AZ38: =(IF((AY38-AY37<0),"0",AY38-AY37))*100 -> 0 | BA38: =SUM(BA7:BA37) -> 12793.326 | BB38: =BA38*0.4444 -> 5685.3541
B39: =SUM(B7:B37) -> 285 | D39: 0.005 | AV39: 0 | AW39: =(AV40-AV39)*1000 -> 0 | AX39: =AW39*$AX$44 -> 0 | BA39: =AZ39*$AZ$44*60% -> 0
D40: 0.002
AV44: 0.528 | AX44: 0.00379 | AY44: 0.528 | AZ44: 0.00455
AZ46: =0.002/4.5 -> 0.00044444444
AZ47: =AZ46*1000 -> 0.44444444
