Workbook

Sheet TOTAL
A1: Site Name | B1: Day | C1: Month | D1: Year | E1: Total Electricity Kwh | F1: Electricity Tariff ($/Kwh) | G1: LPG (Kg) | H1: LPG $/Kg | I1: Water Utility Supply (m3) m3 | J1: Water Utility Supply (m3) $/m3 | K1: Room Nights | L1: Food Covers
A2: Maldives at Landaa Giraavaru | B2: 1 | C2: 9 | D2: 2022 | E2: ='Maldives at LG Daily'!D5+'SOLAR METER READING'!D9 -> 22002 | F2: 0.832 | G2: ='Maldives at LG Daily'!E5 -> 270 | H2: 1.24 | I2: ='Maldives at LG Daily'!H5 -> 303 | J2: 0 | K2: ='Maldives at LG Daily'!I5 -> 13.6 | L2: ='Maldives at LG Daily'!J5 -> 102
A3: Maldives at Landaa Giraavaru | B3: 2 | C3: 9 | D3: 2022 | E3: ='Maldives at LG Daily'!D6+'SOLAR METER READING'!D10 -> 23410 | F3: 0.832 | G3: ='Maldives at LG Daily'!E6 -> 270 | H3: 1.24 | I3: ='Maldives at LG Daily'!H6 -> 320 | J3: 0 | K3: ='Maldives at LG Daily'!I6 -> 14.6 | L3: ='Maldives at LG Daily'!J6 -> 114
A4: Maldives at Landaa Giraavaru | B4: 3 | C4: 9 | D4: 2022 | E4: ='Maldives at LG Daily'!D7+'SOLAR METER READING'!D11 -> 23407 | F4: 0.832 | G4: ='Maldives at LG Daily'!E7 -> 225 | H4: 1.24 | I4: ='Maldives at LG Daily'!H7 -> 324 | J4: 0 | K4: ='Maldives at LG Daily'!I7 -> 14.6 | L4: ='Maldives at LG Daily'!J7 -> 169
A5: Maldives at Landaa Giraavaru | B5: 4 | C5: 9 | D5: 2022 | E5: ='Maldives at LG Daily'!D8+'SOLAR METER READING'!D12 -> 23591 | F5: 0.832 | G5: ='Maldives at LG Daily'!E8 -> 270 | H5: 1.24 | I5: ='Maldives at LG Daily'!H8 -> 299 | J5: 0 | K5: ='Maldives at LG Daily'!I8 -> 10.7 | L5: ='Maldives at LG Daily'!J8 -> 108
A6: Maldives at Landaa Giraavaru | B6: 5 | C6: 9 | D6: 2022 | E6: ='Maldives at LG Daily'!D9+'SOLAR METER READING'!D13 -> 21640 | F6: 0.832 | G6: ='Maldives at LG Daily'!E9 -> 225 | H6: 1.24 | I6: ='Maldives at LG Daily'!H9 -> 265 | J6: 0 | K6: ='Maldives at LG Daily'!I9 -> 10.7 | L6: ='Maldives at LG Daily'!J9 -> 106
A7: Maldives at Landaa Giraavaru | B7: 6 | C7: 9 | D7: 2022 | E7: ='Maldives at LG Daily'!D10+'SOLAR METER READING'!D14 -> 20706 | F7: 0.832 | G7: ='Maldives at LG Daily'!E10 -> 180 | H7: 1.24 | I7: ='Maldives at LG Daily'!H10 -> 303 | J7: 0 | K7: ='Maldives at LG Daily'!I10 -> 13.6 | L7: ='Maldives at LG Daily'!J10 -> 124
A8: Maldives at Landaa Giraavaru | B8: 7 | C8: 9 | D8: 2022 | E8: ='Maldives at LG Daily'!D11+'SOLAR METER READING'!D15 -> 23963 | F8: 0.832 | G8: ='Maldives at LG Daily'!E11 -> 315 | H8: 1.24 | I8: ='Maldives at LG Daily'!H11 -> 283 | J8: 0 | K8: ='Maldives at LG Daily'!I11 -> 13.6 | L8: ='Maldives at LG Daily'!J11 -> 133
A9: Maldives at Landaa Giraavaru | B9: 8 | C9: 9 | D9: 2022 | E9: ='Maldives at LG Daily'!D12+'SOLAR METER READING'!D16 -> 24491 | F9: 0.832 | G9: ='Maldives at LG Daily'!E12 -> 225 | H9: 1.24 | I9: ='Maldives at LG Daily'!H12 -> 288 | J9: 0 | K9: ='Maldives at LG Daily'!I12 -> 15 | L9: ='Maldives at LG Daily'!J12 -> 119
A10: Maldives at Landaa Giraavaru | B10: 9 | C10: 9 | D10: 2022 | E10: ='Maldives at LG Daily'!D13+'SOLAR METER READING'!D17 -> 24409 | F10: 0.832 | G10: ='Maldives at LG Daily'!E13 -> 225 | H10: 1.24 | I10: ='Maldives at LG Daily'!H13 -> 429 | J10: 0 | K10: ='Maldives at LG Daily'!I13 -> 12 | L10: ='Maldives at LG Daily'!J13 -> 105
A11: Maldives at Landaa Giraavaru | B11: 10 | C11: 9 | D11: 2022 | E11: ='Maldives at LG Daily'!D14+'SOLAR METER READING'!D18 -> 25409 | F11: 0.832 | G11: ='Maldives at LG Daily'!E14 -> 270 | H11: 1.24 | I11: ='Maldives at LG Daily'!H14 -> 199 | J11: 0 | K11: ='Maldives at LG Daily'!I14 -> 12 | L11: ='Maldives at LG Daily'!J14 -> 101
A12: Maldives at Landaa Giraavaru | B12: 11 | C12: 9 | D12: 2022 | E12: ='Maldives at LG Daily'!D15+'SOLAR METER READING'!D19 -> 25414 | F12: 0.832 | G12: ='Maldives at LG Daily'!E15 -> 225 | H12: 1.24 | I12: ='Maldives at LG Daily'!H15 -> 319 | J12: 0 | K12: ='Maldives at LG Daily'!I15 -> 11 | L12: ='Maldives at LG Daily'!J15 -> 80
A13: Maldives at Landaa Giraavaru | B13: 12 | C13: 9 | D13: 2022 | E13: ='Maldives at LG Daily'!D16+'SOLAR METER READING'!D20 -> 25673 | F13: 0.832 | G13: ='Maldives at LG Daily'!E16 -> 225 | H13: 1.24 | I13: ='Maldives at LG Daily'!H16 -> 302 | J13: 0 | K13: ='Maldives at LG Daily'!I16 -> 14 | L13: ='Maldives at LG Daily'!J16 -> 157
... A30: Maldives at Landaa Giraavaru | B30: 29 | C30: 9 | D30: 2022 | E30: ='Maldives at LG Daily'!D33+'SOLAR METER READING'!D37 -> 27325 | F30: 0.832 | G30: ='Maldives at LG Daily'!E33 -> 270 | H30: 1.24 | I30: ='Maldives at LG Daily'!H33 -> 373 | J30: 0 | K30: ='Maldives at LG Daily'!I33 -> 17.5 | L30: ='Maldives at LG Daily'!J33 -> 143
A31: Maldives at Landaa Giraavaru | B31: 30 | C31: 9 | D31: 2022 | E31: ='Maldives at LG Daily'!D34+'SOLAR METER READING'!D38 -> 23008 | F31: 0.832 | G31: ='Maldives at LG Daily'!E34 -> 225 | H31: 1.24 | I31: ='Maldives at LG Daily'!H35 -> 0 | J31: 0 | K31: ='Maldives at LG Daily'!I35 -> 0 | L31: ='Maldives at LG Daily'!J35 -> 0
E32: =SUM(E2:E31) -> 746484

Sheet Maldives at LG Daily
A2: Days | C2: Electricity Meter (KWh) | E2: Gas Kg | G2: Water m3
A3: Date | C3: Reading KWH | D3: Difference KWH | E3: Reading Kg | F3: Difference Kg | G3: Reading m³ | H3: Daily Consumption m³ | I3: ROOM NIGHTS | J3: Total Food Covers
A4: 44804 | C4: 102548445 | D4: 31701 | E4: ='Gas-2'!G5 -> 0 | F4: 90 | G4: =SUM(WATER!G6,WATER!L6,WATER!Q6,WATER!B6) -> 1137309 | H4: 318 | I4: 16 | J4: 116
A5: =A4+1 -> 44805 | C5: =SUM('GENSET #1'!C10+'GENSET #2'!C10+'GENSET #3'!C10+'GENSET #4'!C10+'GENSET #5'!C10) -> 102568553 | D5: =IF((C5-C4<0), "0",C5-C4) -> 20108 | E5: ='Gas-2'!G6 -> 270 | F5: =IF((E5-E4<0), "0",E5-E4) -> 270 | G5: =SUM(WATER!C6,WATER!H6,WATER!M6,WATER!R6) -> 1137612 | H5: =IF((G5-G4<0), "0",G5-G4) -> 303 | I5: 13.6 | J5: 102
A6: =A5+1 -> 44806 | C6: =SUM('GENSET #1'!C11+'GENSET #2'!C11+'GENSET #3'!C11+'GENSET #4'!C11+'GENSET #5'!C11) -> 102589189 | D6: =IF((C6-C5<0), "0",C6-C5) -> 20636 | E6: ='Gas-2'!G7 -> 270 | F6: =IF((E6-E5<0), "0",E6-E5) -> 0 | G6: =SUM(WATER!C7,WATER!H7,WATER!M7,WATER!R7) -> 1137932 | H6: =IF((G6-G5<0), "0",G6-G5) -> 320 | I6: 14.6 | J6: 114
A7: =A6+1 -> 44807 | C7: =SUM('GENSET #1'!C12+'GENSET #2'!C12+'GENSET #3'!C12+'GENSET #4'!C12+'GENSET #5'!C12) -> 102609785 | D7: =IF((C7-C6<0), "0",C7-C6) -> 20596 | E7: ='Gas-2'!G8 -> 225 | F7: =IF((E7-E6<0), "0",E7-E6) -> 0 | G7: =SUM(WATER!C8,WATER!H8,WATER!M8,WATER!R8) -> 1138256 | H7: =IF((G7-G6<0), "0",G7-G6) -> 324 | I7: 14.6 | J7: 169
A8: =A7+1 -> 44808 | C8: =SUM('GENSET #1'!C13+'GENSET #2'!C13+'GENSET #3'!C13+'GENSET #4'!C13+'GENSET #5'!C13) -> 102631267 | D8: =IF((C8-C7<0), "0",C8-C7) -> 21482 | E8: ='Gas-2'!G9 -> 270 | F8: =IF((E8-E7<0), "0",E8-E7) -> 45 | G8: =SUM(WATER!C9,WATER!H9,WATER!M9,WATER!R9) -> 1138555 | H8: =IF((G8-G7<0), "0",G8-G7) -> 299 | I8: 10.7 | J8: 108
A9: =A8+1 -> 44809 | C9: =SUM('GENSET #1'!C14+'GENSET #2'!C14+'GENSET #3'!C14+'GENSET #4'!C14+'GENSET #5'!C14) -> 102652028 | D9: =IF((C9-C8<0), "0",C9-C8) -> 20761 | E9: ='Gas-2'!G10 -> 225 | F9: =IF((E9-E8<0), "0",E9-E8) -> 0 | G9: =SUM(WATER!C10,WATER!H10,WATER!M10,WATER!R10) -> 1138820 | H9: =IF((G9-G8<0), "0",G9-G8) -> 265 | I9: 10.7 | J9: 106
A10: =A9+1 -> 44810 | C10: =SUM('GENSET #1'!C15+'GENSET #2'!C15+'GENSET #3'!C15+'GENSET #4'!C15+'GENSET #5'!C15) -> 102670963 | D10: =IF((C10-C9<0), "0",C10-C9) -> 18935 | E10: ='Gas-2'!G11 -> 180 | F10: =IF((E10-E9<0), "0",E10-E9) -> 0 | G10: =SUM(WATER!C11,WATER!H11,WATER!M11,WATER!R11) -> 1139123 | H10: =IF((G10-G9<0), "0",G10-G9) -> 303 | I10: 13.6 | J10: 124
A11: =A10+1 -> 44811 | C11: =SUM('GENSET #1'!C16+'GENSET #2'!C16+'GENSET #3'!C16+'GENSET #4'!C16+'GENSET #5'!C16) -> 102692349 | D11: =IF((C11-C10<0), "0",C11-C10) -> 21386 | E11: ='Gas-2'!G12 -> 315 | F11: =IF((E11-E10<0), "0",E11-E10) -> 135 | G11: =SUM(WATER!C12,WATER!H12,WATER!M12,WATER!R12) -> 1139406 | H11: =IF((G11-G10<0), "0",G11-G10) -> 283 | I11: 13.6 | J11: 133
A12: =A11+1 -> 44812 | C12: =SUM('GENSET #1'!C17+'GENSET #2'!C17+'GENSET #3'!C17+'GENSET #4'!C17+'GENSET #5'!C17) -> 102714033 | D12: =IF((C12-C11<0), "0",C12-C11) -> 21684 | E12: ='Gas-2'!G13 -> 225 | F12: =IF((E12-E11<0), "0",E12-E11) -> 0 | G12: =SUM(WATER!C13,WATER!H13,WATER!M13,WATER!R13) -> 1139694 | H12: =IF((G12-G11<0), "0",G12-G11) -> 288 | I12: 15 | J12: 119
A13: =A12+1 -> 44813 | C13: =SUM('GENSET #1'!C18+'GENSET #2'!C18+'GENSET #3'!C18+'GENSET #4'!C18+'GENSET #5'!C18) -> 102735264 | D13: =IF((C13-C12<0), "0",C13-C12) -> 21231 | E13: ='Gas-2'!G14 -> 225 | F13: =IF((E13-E12<0), "0",E13-E12) -> 0 | G13: =SUM(WATER!C14,WATER!H14,WATER!M14,WATER!R14) -> 1140123 | H13: =IF((G13-G12<0), "0",G13-G12) -> 429 | I13: 12 | J13: 105
A14: =A13+1 -> 44814 | C14: =SUM('GENSET #1'!C19+'GENSET #2'!C19+'GENSET #3'!C19+'GENSET #4'!C19+'GENSET #5'!C19) -> 102757447 | D14: =IF((C14-C13<0), "0",C14-C13) -> 22183 | E14: ='Gas-2'!G15 -> 270 | F14: =IF((E14-E13<0), "0",E14-E13) -> 45 | G14: =SUM(WATER!C15,WATER!H15,WATER!M15,WATER!R15) -> 1140322 | H14: =IF((G14-G13<0), "0",G14-G13) -> 199 | I14: 12 | J14: 101
A15: =A14+1 -> 44815 | C15: =SUM('GENSET #1'!C20+'GENSET #2'!C20+'GENSET #3'!C20+'GENSET #4'!C20+'GENSET #5'!C20) -> 102779689 | D15: =IF((C15-C14<0), "0",C15-C14) -> 22242 | E15: ='Gas-2'!G16 -> 225 | F15: =IF((E15-E14<0), "0",E15-E14) -> 0 | G15: =SUM(WATER!C16,WATER!H16,WATER!M16,WATER!R16) -> 1140641 | H15: =IF((G15-G14<0), "0",G15-G14) -> 319 | I15: 11 | J15: 80
A16: =A15+1 -> 44816 | C16: =SUM('GENSET #1'!C21+'GENSET #2'!C21+'GENSET #3'!C21+'GENSET #4'!C21+'GENSET #5'!C21) -> 102802125 | D16: =IF((C16-C15<0), "0",C16-C15) -> 22436 | E16: ='Gas-2'!G17 -> 225 | F16: =IF((E16-E15<0), "0",E16-E15) -> 0 | G16: =SUM(WATER!C17,WATER!H17,WATER!M17,WATER!R17) -> 1140943 | H16: =IF((G16-G15<0), "0",G16-G15) -> 302 | I16: 14 | J16: 157
... A23: =A22+1 -> 44823 | C23: =SUM('GENSET #1'!C28+'GENSET #2'!C28+'GENSET #3'!C28+'GENSET #4'!C28+'GENSET #5'!C28) -> 102958697 | D23: =IF((C23-C22<0), "0",C23-C22) -> 23461 | E23: ='Gas-2'!G24 -> 270 | F23: =IF((E23-E22<0), "0",E23-E22) -> 0 | G23: =SUM(WATER!C24,WATER!H24,WATER!M24,WATER!R24) -> 1143346 | H23: =IF((G23-G22<0), "0",G23-G22) -> 339 | I23: 15.5 | J23: 118
A24: =A23+1 -> 44824 | C24: =SUM('GENSET #1'!C29+'GENSET #2'!C29+'GENSET #3'!C29+'GENSET #4'!C29+'GENSET #5'!C29) -> 102980793 | D24: =IF((C24-C23<0), "0",C24-C23) -> 22096 | E24: ='Gas-2'!G25 -> 315 | F24: =IF((E24-E23<0), "0",E24-E23) -> 45 | G24: =SUM(WATER!C25,WATER!H25,WATER!M25,WATER!R25) -> 1143673 | H24: =IF((G24-G23<0), "0",G24-G23) -> 327 | I24: 12.6 | J24: 83 | Q24: 6348755
A25: =A24+1 -> 44825 | C25: =SUM('GENSET #1'!C30+'GENSET #2'!C30+'GENSET #3'!C30+'GENSET #4'!C30+'GENSET #5'!C30) -> 103001486 | D25: =IF((C25-C24<0), "0",C25-C24) -> 20693 | E25: ='Gas-2'!G26 -> 270 | F25: =IF((E25-E24<0), "0",E25-E24) -> 0 | G25: =SUM(WATER!C26,WATER!H26,WATER!M26,WATER!R26) -> 1143912 | H25: =IF((G25-G24<0), "0",G25-G24) -> 239 | I25: 21.4 | J25: 121
A26: =A25+1 -> 44826 | C26: =SUM('GENSET #1'!C31+'GENSET #2'!C31+'GENSET #3'!C31+'GENSET #4'!C31+'GENSET #5'!C31) -> 103022772 | D26: =IF((C26-C25<0), "0",C26-C25) -> 21286 | E26: ='Gas-2'!G27 -> 225 | F26: =IF((E26-E25<0), "0",E26-E25) -> 0 | G26: =SUM(WATER!C27,WATER!H27,WATER!M27,WATER!R27) -> 1144097 | H26: =IF((G26-G25<0), "0",G26-G25) -> 185 | I26: 26.2 | J26: 116
A27: =A26+1 -> 44827 | C27: =SUM('GENSET #1'!C32+'GENSET #2'!C32+'GENSET #3'!C32+'GENSET #4'!C32+'GENSET #5'!C32) -> 103045638 | D27: =IF((C27-C26<0), "0",C27-C26) -> 22866 | E27: ='Gas-2'!G28 -> 225 | F27: =IF((E27-E26<0), "0",E27-E26) -> 0 | G27: =SUM(WATER!C28,WATER!H28,WATER!M28,WATER!R28) -> 1144385 | H27: =IF((G27-G26<0), "0",G27-G26) -> 288 | I27: 26.2 | J27: 196
A28: =A27+1 -> 44828 | C28: =SUM('GENSET #1'!C33+'GENSET #2'!C33+'GENSET #3'!C33+'GENSET #4'!C33+'GENSET #5'!C33) -> 103069797 | D28: =IF((C28-C27<0), "0",C28-C27) -> 24159 | E28: ='Gas-2'!G29 -> 270 | F28: =IF((E28-E27<0), "0",E28-E27) -> 45 | G28: =SUM(WATER!C29,WATER!H29,WATER!M29,WATER!R29) -> 1144695 | H28: =IF((G28-G27<0), "0",G28-G27) -> 310 | I28: 26.2 | J28: 179
A29: =A28+1 -> 44829 | C29: =SUM('GENSET #1'!C34+'GENSET #2'!C34+'GENSET #3'!C34+'GENSET #4'!C34+'GENSET #5'!C34) -> 103094912 | D29: =IF((C29-C28<0), "0",C29-C28) -> 25115 | E29: ='Gas-2'!G30 -> 180 | F29: =IF((E29-E28<0), "0",E29-E28) -> 0 | G29: =SUM(WATER!C30,WATER!H30,WATER!M30,WATER!R30) -> 1145023 | H29: =IF((G29-G28<0), "0",G29-G28) -> 328 | I29: 23.8 | J29: 141
A30: =A29+1 -> 44830 | C30: =SUM('GENSET #1'!C35+'GENSET #2'!C35+'GENSET #3'!C35+'GENSET #4'!C35+'GENSET #5'!C35) -> 103118207 | D30: =IF((C30-C29<0), "0",C30-C29) -> 23295 | E30: ='Gas-2'!G31 -> 225 | F30: =IF((E30-E29<0), "0",E30-E29) -> 45 | G30: =SUM(WATER!C31,WATER!H31,WATER!M31,WATER!R31) -> 1145373 | H30: =IF((G30-G29<0), "0",G30-G29) -> 350 | I30: 11.7 | J30: 93
A31: =A30+1 -> 44831 | C31: =SUM('GENSET #1'!C36+'GENSET #2'!C36+'GENSET #3'!C36+'GENSET #4'!C36+'GENSET #5'!C36) -> 103142157 | D31: =IF((C31-C30<0), "0",C31-C30) -> 23950 | E31: ='Gas-2'!G32 -> 270 | F31: =IF((E31-E30<0), "0",E31-E30) -> 45 | G31: =SUM(WATER!C32,WATER!H32,WATER!M32,WATER!R32) -> 1145670 | H31: =IF((G31-G30<0), "0",G31-G30) -> 297 | I31: 14.6 | J31: 115
A32: =A31+1 -> 44832 | C32: =SUM('GENSET #1'!C37+'GENSET #2'!C37+'GENSET #3'!C37+'GENSET #4'!C37+'GENSET #5'!C37) -> 103165249 | D32: =IF((C32-C31<0), "0",C32-C31) -> 23092 | E32: ='Gas-2'!G33 -> 180 | F32: =IF((E32-E31<0), "0",E32-E31) -> 0 | G32: =SUM(WATER!C33,WATER!H33,WATER!M33,WATER!R33) -> 1145960 | H32: =IF((G32-G31<0), "0",G32-G31) -> 290 | I32: 16.5 | J32: 125
A33: =A32+1 -> 44833 | C33: =SUM('GENSET #1'!C38+'GENSET #2'!C38+'GENSET #3'!C38+'GENSET #4'!C38+'GENSET #5'!C38) -> 103189401 | D33: =IF((C33-C32<0), "0",C33-C32) -> 24152 | E33: ='Gas-2'!G34 -> 270 | F33: =IF((E33-E32<0), "0",E33-E32) -> 90 | G33: =SUM(WATER!C34,WATER!H34,WATER!M34,WATER!R34) -> 1146333 | H33: =IF((G33-G32<0), "0",G33-G32) -> 373 | I33: 17.5 | J33: 143
A34: =A33+1 -> 44834 | C34: =SUM('GENSET #1'!C39+'GENSET #2'!C39+'GENSET #3'!C39+'GENSET #4'!C39+'GENSET #5'!C39) -> 103210660 | D34: =IF((C34-C33<0), "0",C34-C33) -> 21259 | E34: ='Gas-2'!G35 -> 225 | F34: =IF((E34-E33<0), "0",E34-E33) -> 0 | G34: =SUM(WATER!C35,WATER!H35,WATER!M35,WATER!R35) -> 1146602 | H34: =IF((G34-G33<0), "0",G34-G33) -> 269
A35: =A34+1 -> 44835 | C35: =SUM('GENSET #1'!C40+'GENSET #2'!C40+'GENSET #3'!C40+'GENSET #4'!C40+'GENSET #5'!C40) -> 0 | D35: =IF((C35-C34<0), "0",C35-C34) -> 0 | E35: ='Gas-2'!G36 -> 0 | F35: =IF((E35-E34<0), "0",E35-E34) -> 0 | G35: =SUM(WATER!C36,WATER!H36,WATER!M36,WATER!R36) -> 0 | H35: =IF((G35-G34<0), "0",G35-G34) -> 0

Sheet Finance Only
A1: Four Seasons Landaa Giraavaru
A3: Property | B3: MLG | G3: 44470 | H3: =NOW() -> 44979.431 | J3: =H3-G3 -> 509.43103
A4: Month | B4: 44806
A5: Year | B5: 2022
A7: DAY | B7: Electricity Consumption ( kwh) | C7: Diesel Consumption (Liters) | D7: Solar Power Consumption(kwh) | E7: Gas Consumption (kg) | F7: Water Consumption ( m3) | G7: Occupancy | H7: Weather | I7: Ambian Temperature | J7: Electricity Variance (Today vs Yesterday)
A8: 1 | B8: =SUM('GENSET #1:GENSET #5'!D10) -> 20108 | C8: ='Diesel consumption'!D5 -> 5680 | D8: ='SOLAR METER READING'!D9 -> 1894 | E8: ='Gas-2'!G6 -> 270 | F8: =WATER!V6 -> 303 | G8: =WATER!W6 -> 13.6 | H8: ='SOLAR METER READING'!E9 -> 0 | I8: ='SOLAR METER READING'!F9 -> 0
A9: 2 | B9: =SUM('GENSET #1:GENSET #5'!D11) -> 20636 | C9: ='Diesel consumption'!D6 -> 5720 | D9: ='SOLAR METER READING'!D10 -> 2774 | E9: ='Gas-2'!G7 -> 270 | F9: =WATER!V7 -> 320 | G9: =WATER!W7 -> 14.6 | H9: ='SOLAR METER READING'!E10 -> 0 | I9: ='SOLAR METER READING'!F10 -> 0 | J9: =B9-B8 -> 528
A10: 3 | B10: =SUM('GENSET #1:GENSET #5'!D12) -> 20596 | C10: ='Diesel consumption'!D7 -> 5750 | D10: ='SOLAR METER READING'!D11 -> 2811 | E10: ='Gas-2'!G8 -> 225 | F10: =WATER!V8 -> 324 | G10: =WATER!W8 -> 14.6 | H10: ='SOLAR METER READING'!E11 -> 0 | I10: ='SOLAR METER READING'!F11 -> 0 | J10: =B10-B9 -> -40
A11: 4 | B11: =SUM('GENSET #1:GENSET #5'!D13) -> 21482 | C11: ='Diesel consumption'!D8 -> 6090 | D11: ='SOLAR METER READING'!D12 -> 2109 | E11: ='Gas-2'!G9 -> 270 | F11: =WATER!V9 -> 299 | G11: =WATER!W9 -> 10.7 | H11: ='SOLAR METER READING'!E12 -> 0 | I11: ='SOLAR METER READING'!F12 -> 0 | J11: =B11-B10 -> 886
A12: 5 | B12: =SUM('GENSET #1:GENSET #5'!D14) -> 20761 | C12: ='Diesel consumption'!D9 -> 5720 | D12: ='SOLAR METER READING'!D13 -> 879 | E12: ='Gas-2'!G10 -> 225 | F12: =WATER!V10 -> 265 | G12: =WATER!W10 -> 10.7 | H12: ='SOLAR METER READING'!E13 -> 0 | I12: ='SOLAR METER READING'!F13 -> 0 | J12: =B12-B11 -> -721
A13: 6 | B13: =SUM('GENSET #1:GENSET #5'!D15) -> 18935 | C13: ='Diesel consumption'!D10 -> 5840 | D13: ='SOLAR METER READING'!D14 -> 1771 | E13: ='Gas-2'!G11 -> 180 | F13: =WATER!V11 -> 303 | G13: =WATER!W11 -> 13.6 | H13: ='SOLAR METER READING'!E14 -> 0 | I13: ='SOLAR METER READING'!F14 -> 0 | J13: =B13-B12 -> -1826
A14: 7 | B14: =SUM('GENSET #1:GENSET #5'!D16) -> 21386 | C14: ='Diesel consumption'!D11 -> 5120 | D14: ='SOLAR METER READING'!D15 -> 2577 | E14: ='Gas-2'!G12 -> 315 | F14: =WATER!V12 -> 283 | G14: =WATER!W12 -> 13.6 | H14: ='SOLAR METER READING'!E15 -> 0 | I14: ='SOLAR METER READING'!F15 -> 0 | J14: =B14-B13 -> 2451
A15: 8 | B15: =SUM('GENSET #1:GENSET #5'!D17) -> 21684 | C15: ='Diesel consumption'!D12 -> 6130 | D15: ='SOLAR METER READING'!D16 -> 2807 | E15: ='Gas-2'!G13 -> 225 | F15: =WATER!V13 -> 288 | G15: =WATER!W13 -> 15 | H15: ='SOLAR METER READING'!E16 -> 0 | I15: ='SOLAR METER READING'!F16 -> 0 | J15: =B15-B14 -> 298
A16: 9 | B16: =SUM('GENSET #1:GENSET #5'!D18) -> 21231 | C16: ='Diesel consumption'!D13 -> 5750 | D16: ='SOLAR METER READING'!D17 -> 3178 | E16: ='Gas-2'!G14 -> 225 | F16: =WATER!V14 -> 429 | G16: =WATER!W14 -> 12 | H16: ='SOLAR METER READING'!E17 -> 0 | I16: ='SOLAR METER READING'!F17 -> 0 | J16: =B16-B15 -> -453
A17: 10 | B17: =SUM('GENSET #1:GENSET #5'!D19) -> 22183 | C17: ='Diesel consumption'!D14 -> 6080 | D17: ='SOLAR METER READING'!D18 -> 3226 | E17: ='Gas-2'!G15 -> 270 | F17: =WATER!V15 -> 199 | G17: =WATER!W15 -> 12 | H17: ='SOLAR METER READING'!E18 -> 0 | I17: ='SOLAR METER READING'!F18 -> 0 | J17: =B17-B16 -> 952
A18: 11 | B18: =SUM('GENSET #1:GENSET #5'!D20) -> 22242 | C18: ='Diesel consumption'!D15 -> 6250 | D18: ='SOLAR METER READING'!D19 -> 3172 | E18: ='Gas-2'!G16 -> 225 | F18: =WATER!V16 -> 319 | G18: =WATER!W16 -> 11 | H18: ='SOLAR METER READING'!E19 -> 0 | I18: ='SOLAR METER READING'!F19 -> 0 | J18: =B18-B17 -> 59
A19: 12 | B19: =SUM('GENSET #1:GENSET #5'!D21) -> 22436 | C19: ='Diesel consumption'!D16 -> 5990 | D19: ='SOLAR METER READING'!D20 -> 3237 | E19: ='Gas-2'!G17 -> 225 | F19: =WATER!V17 -> 302 | G19: =WATER!W17 -> 14 | H19: ='SOLAR METER READING'!E20 -> 0 | I19: ='SOLAR METER READING'!F20 -> 0 | J19: =B19-B18 -> 194
A20: 13 | B20: =SUM('GENSET #1:GENSET #5'!D22) -> 22085 | C20: ='Diesel consumption'!D17 -> 6140 | D20: ='SOLAR METER READING'!D21 -> 3356 | E20: ='Gas-2'!G18 -> 270 | F20: =WATER!V18 -> 342 | G20: =WATER!W18 -> 12 | H20: ='SOLAR METER READING'!E21 -> 0 | I20: ='SOLAR METER READING'!F21 -> 0 | J20: =B20-B19 -> -351
... A36: 29 | B36: =SUM('GENSET #1:GENSET #5'!D38) -> 24152 | C36: ='Diesel consumption'!D33 -> 6850 | D36: ='SOLAR METER READING'!D37 -> 3173 | E36: ='Gas-2'!G34 -> 270 | F36: =WATER!V34 -> 373 | G36: =WATER!W34 -> 17.5 | H36: ='SOLAR METER READING'!E37 -> 0 | I36: ='SOLAR METER READING'!F37 -> 0 | J36: =B36-B35 -> 1060
A37: 30 | B37: =SUM('GENSET #1:GENSET #5'!D39) -> 21259 | C37: ='Diesel consumption'!D34 -> 5960 | D37: ='SOLAR METER READING'!D38 -> 1749 | E37: ='Gas-2'!G35 -> 225 | F37: =WATER!V35 -> 269 | G37: 18 | H37: ='SOLAR METER READING'!E38 -> 0 | I37: ='SOLAR METER READING'!F38 -> 0 | J37: =B37-B36 -> -2893
A38: 31 | B38: =SUM('GENSET #1:GENSET #5'!D40) -> 0 | C38: ='Diesel consumption'!D35 -> 0 | D38: ='SOLAR METER READING'!D39 -> 0 | E38: ='Gas-2'!G36 -> 0 | F38: =WATER!V36 -> 0 | G38: =WATER!W36 -> 0 | H38: ='SOLAR METER READING'!E39 -> 0
A39: Total | B39: =SUM(B8:B38) -> 662215 | C39: =SUM(C8:C38) -> 186180 | D39: =SUM(D8:D38) -> 84269 | E39: =SUM(E8:E38) -> 7290 | F39: =SUM(F8:F38) -> 9293 | G39: =SUM(G8:G37)/30 -> 15.686667 | H39: ='SOLAR METER READING'!E40 -> 0 | I39: ='SOLAR METER READING'!F40 -> 0
A40: Avg | B40: =B39/A41 -> 22073.833 | C40: =C39/A41 -> 6206 | D40: =D39/A41 -> 2808.9667 | E40: =E39/A41 -> 243 | F40: =F39/A41 -> 309.76667
A41: 30

Sheet GENSET #1
C1: 1000 KVA
C3: NO#1
A6: 44806
B8: GENSET NO 1
A9: DAY | B9: YESTARDAY | C9: TODAY | D9: Final Electricity Consumption( KWh)
A10: 1 | B10: 19819910 | C10: 19827799 | D10: =MAX(0,C10-B10) -> 7889
A11: 2 | B11: =C10 -> 19827799 | C11: 19830786 | D11: =MAX(0,C11-B11) -> 2987
A12: 3 | B12: =C11 -> 19830786 | C12: 19838488 | D12: =MAX(0,C12-B12) -> 7702
A13: 4 | B13: =C12 -> 19838488 | C13: 19841791 | D13: =MAX(0,C13-B13) -> 3303
A14: 5 | B14: =C13 -> 19841791 | C14: 19849147 | D14: =MAX(0,C14-B14) -> 7356
A15: 6 | B15: =C14 -> 19849147 | C15: 19854694 | D15: =MAX(0,C15-B15) -> 5547
A16: 7 | B16: =C15 -> 19854694 | C16: 19856585 | D16: =MAX(0,C16-B16) -> 1891
A17: 8 | B17: =C16 -> 19856585 | C17: 19859887 | D17: =MAX(0,C17-B17) -> 3302
A18: 9 | B18: =C17 -> 19859887 | C18: 19862821 | D18: =MAX(0,C18-B18) -> 2934
A19: 10 | B19: =C18 -> 19862821 | C19: 19867038 | D19: =MAX(0,C19-B19) -> 4217
A20: 11 | B20: =C19 -> 19867038 | C20: 19875344 | D20: =MAX(0,C20-B20) -> 8306
A21: 12 | B21: =C20 -> 19875344 | C21: 19875746 | D21: =MAX(0,C21-B21) -> 402
A22: 13 | B22: =C21 -> 19875746 | C22: 19883912 | D22: =MAX(0,C22-B22) -> 8166
... A38: 29 | B38: =C37 -> 19994540 | C38: 20000707 | D38: =MAX(0,C38-B38) -> 6167
A39: 30 | B39: =C38 -> 20000707 | C39: 20007701 | D39: =MAX(0,C39-B39) -> 6994 | G39: NEW ENGINE PURCHASED FROM UK
A40: 31 | B40: =C39 -> 20007701 | D40: =MAX(0,C40-B40) -> 0
A41: Total | D41: =SUM(D10:D40) -> 187791 | G41: INSTALLED: NOV 30 2013

Sheet GENSET #2
C1: 1600 KVA
C3: NO#2
A6: 44806
B8: GENSET NO 2
A9: DAY | B9: YESTARDAY | C9: TODAY | D9: Final Electricity Consumption( KW h)
A10: 1 | B10: 33909471 | C10: 33914638 | D10: =MAX(0,C10-B10) -> 5167
A11: 2 | B11: =C10 -> 33914638 | C11: 33919814 | D11: =MAX(0,C11-B11) -> 5176
A12: 3 | B12: =C11 -> 33919814 | C12: 33925402 | D12: =MAX(0,C12-B12) -> 5588
A13: 4 | B13: =C12 -> 33925402 | C13: 33931996 | D13: =MAX(0,C13-B13) -> 6594
A14: 5 | B14: =C13 -> 33931996 | C14: 33937970 | D14: =MAX(0,C14-B14) -> 5974
A15: 6 | B15: =C14 -> 33937970 | C15: 33944077 | D15: =MAX(0,C15-B15) -> 6107
A16: 7 | B16: =C15 -> 33944077 | C16: 33950082 | D16: =MAX(0,C16-B16) -> 6005
A17: 8 | B17: =C16 -> 33950082 | C17: 33956447 | D17: =MAX(0,C17-B17) -> 6365
A18: 9 | B18: =C17 -> 33956447 | C18: 33962868 | D18: =MAX(0,C18-B18) -> 6421
A19: 10 | B19: =C18 -> 33962868 | C19: 33969372 | D19: =MAX(0,C19-B19) -> 6504
A20: 11 | B20: =C19 -> 33969372 | C20: 33974230 | D20: =MAX(0,C20-B20) -> 4858
A21: 12 | B21: =C20 -> 33974230 | C21: 33978886 | D21: =MAX(0,C21-B21) -> 4656
A22: 13 | B22: =C21 -> 33978886 | C22: 33984311 | D22: =MAX(0,C22-B22) -> 5425
... A39: 30 | B39: =C38 -> 34098226 | C39: 34105185 | D39: =MAX(0,C39-B39) -> 6959
A40: 31 | B40: =C39 -> 34105185 | D40: =MAX(0,C40-B40) -> 0
A41: Total | B41: =#REF! -> #REF! | D41: =SUM(D10:D40) -> 195714

Sheet GENSET #3
C1: 900 KVA
C3: NO#3
A6: 44806
B8: GENSET NO 3
A9: DAY | B9: YESTARDAY | C9: TODAY | D9: Final Electricity Consumption( KW h)
A10: 1 | B10: 15377497 | C10: 15384549 | D10: =MAX(0,C10-B10) -> 7052
A11: 2 | B11: =C10 -> 15384549 | C11: 15389062 | D11: =MAX(0,C11-B11) -> 4513
A12: 3 | B12: =C11 -> 15389062 | C12: 15393038 | D12: =MAX(0,C12-B12) -> 3976
A13: 4 | B13: =C12 -> 15393038 | C13: 15396718 | D13: =MAX(0,C13-B13) -> 3680
A14: 5 | B14: =C13 -> 15396718 | C14: 15396718 | D14: =MAX(0,C14-B14) -> 0
A15: 6 | B15: =C14 -> 15396718 | C15: 15400649 | D15: =MAX(0,C15-B15) -> 3931
A16: 7 | B16: =C15 -> 15400649 | C16: 15407018 | D16: =MAX(0,C16-B16) -> 6369
A17: 8 | B17: =C16 -> 15407018 | C17: 15411206 | D17: =MAX(0,C17-B17) -> 4188
A18: 9 | B18: =C17 -> 15411206 | C18: 15415486 | D18: =MAX(0,C18-B18) -> 4280
A19: 10 | B19: =C18 -> 15415486 | C19: 15418805 | D19: =MAX(0,C19-B19) -> 3319
A20: 11 | B20: =C19 -> 15418805 | C20: 15425465 | D20: =MAX(0,C20-B20) -> 6660
A21: 12 | B21: =C20 -> 15425465 | C21: 15432979 | D21: =MAX(0,C21-B21) -> 7514
A22: 13 | B22: =C21 -> 15432979 | C22: 15433036 | D22: =MAX(0,C22-B22) -> 57
... A39: 30 | B39: =C38 -> 15433036 | C39: 15433036 | D39: =MAX(0,C39-B39) -> 0
A40: 31 | B40: =C39 -> 15433036 | D40: =MAX(0,C40-B40) -> 0
A41: Total | B41: =#REF! -> #REF! | D41: =SUM(D10:D40) -> 55539

Sheet GENSET #4
C1: 500 KVA
C3: NO#4
A6: 44806
B8: GENSET NO 4
A9: DAY | B9: YESTARDAY | C9: TODAY | D9: Final Electricity Consumption( KW h)
A10: 1 | B10: 12652507 | C10: 12652507 | D10: =MAX(0,C10-B10) -> 0
A11: 2 | B11: =C10 -> 12652507 | C11: 12652691 | D11: =MAX(0,C11-B11) -> 184
A12: 3 | B12: =C11 -> 12652691 | C12: 12652740 | D12: =MAX(0,C12-B12) -> 49
A13: 4 | B13: =C12 -> 12652740 | C13: 12653248 | D13: =MAX(0,C13-B13) -> 508
A14: 5 | B14: =C13 -> 12653248 | C14: 12653248 | D14: =MAX(0,C14-B14) -> 0
A15: 6 | B15: =C14 -> 12653248 | C15: 12653585 | D15: =MAX(0,C15-B15) -> 337
A16: 7 | B16: =C15 -> 12653585 | C16: 12653585 | D16: =MAX(0,C16-B16) -> 0
A17: 8 | B17: =C16 -> 12653585 | C17: 12653585 | D17: =MAX(0,C17-B17) -> 0
A18: 9 | B18: =C17 -> 12653585 | C18: 12653585 | D18: =MAX(0,C18-B18) -> 0
A19: 10 | B19: =C18 -> 12653585 | C19: 12653860 | D19: =MAX(0,C19-B19) -> 275
A20: 11 | B20: =C19 -> 12653860 | C20: 12655418 | D20: =MAX(0,C20-B20) -> 1558
A21: 12 | B21: =C20 -> 12655418 | C21: 12657371 | D21: =MAX(0,C21-B21) -> 1953
A22: 13 | B22: =C21 -> 12657371 | C22: 12657589 | D22: =MAX(0,C22-B22) -> 218
... A39: 30 | B39: =C38 -> 12676822 | C39: 12677148 | D39: =MAX(0,C39-B39) -> 326
A40: 31 | B40: =C39 -> 12677148 | D40: =MAX(0,C40-B40) -> 0
A41: Total | B41: =#REF! -> #REF! | D41: =SUM(D10:D40) -> 24641

Sheet GENSET #5
C1: 1000 KVA
C3: NO#5
A6: 44806
B8: GENSET NO 5
A9: DAY | B9: YESTARDAY | C9: TODAY | D9: Final Electricity Consumption( KWh)
A10: 1 | B10: 20789060 | C10: 20789060 | D10: =MAX(0,C10-B10) -> 0 | I10: 7040
A11: 2 | B11: =C10 -> 20789060 | C11: 20796836 | D11: =MAX(0,C11-B11) -> 7776 | I11: 8505
A12: 3 | B12: =C11 -> 20796836 | C12: 20800117 | D12: =MAX(0,C12-B12) -> 3281 | I12: 8591
A13: 4 | B13: =C12 -> 20800117 | C13: 20807514 | D13: =MAX(0,C13-B13) -> 7397 | I13: 8045
A14: 5 | B14: =C13 -> 20807514 | C14: 20814945 | D14: =MAX(0,C14-B14) -> 7431
A15: 6 | B15: =C14 -> 20814945 | C15: 20817958 | D15: =MAX(0,C15-B15) -> 3013
A16: 7 | B16: =C15 -> 20817958 | C16: 20825079 | D16: =MAX(0,C16-B16) -> 7121
A17: 8 | B17: =C16 -> 20825079 | C17: 20832908 | D17: =MAX(0,C17-B17) -> 7829
A18: 9 | B18: =C17 -> 20832908 | C18: 20840504 | D18: =MAX(0,C18-B18) -> 7596
A19: 10 | B19: =C18 -> 20840504 | C19: 20848372 | D19: =MAX(0,C19-B19) -> 7868
A20: 11 | B20: =C19 -> 20848372 | C20: 20849232 | D20: =MAX(0,C20-B20) -> 860
A21: 12 | B21: =C20 -> 20849232 | C21: 20857143 | D21: =MAX(0,C21-B21) -> 7911
A22: 13 | B22: =C21 -> 20857143 | C22: 20865362 | D22: =MAX(0,C22-B22) -> 8219
A23: 14 | B23: =C22 -> 20865362 | C23: 20869167 | D23: =MAX(0,C23-B23) -> 3805
A24: 15 | B24: =C23 -> 20869167 | C24: 20878246 | D24: =MAX(0,C24-B24) -> 9079
A25: 16 | B25: =C24 -> 20878246 | C25: 20884682 | D25: =MAX(0,C25-B25) -> 6436
... A39: 30 | B39: =C38 -> 20980610 | C39: 20987590 | D39: =MAX(0,C39-B39) -> 6980
A40: 31 | B40: =C39 -> 20987590 | D40: =MAX(0,C40-B40) -> 0
A41: Total | D41: =SUM(D10:D40) -> 198530

Sheet Diesel consumption
A1: Diesel Consumption - Powerhouse | F1: Diesel Tank Jetty Meter
A2: 44806
D3: Liters | F3: Boat meter Reading
A4: Date | B4: Yesterday | C4: Today | D4: ConsumptionIn 24 hrs | F4: Yesterday | G4: Today | H4: Consumption (Liters) | J4: In Barrels | L4: Carbon Emmision
A5: 1 | B5: 47452760 | C5: 47458440 | D5: =MAX(0,C5-B5) -> 5680 | F5: 1271440 | G5: 1271440 | H5: =MAX(0,G5-F5) -> 0 | J5: =D5/200 -> 28.4 | L5: =2.68*D5 -> 15222.4 | M5: =L5/1000 -> 15.2224
A6: 2 | B6: =C5 -> 47458440 | C6: 47464160 | D6: =MAX(0,C6-B6) -> 5720 | F6: =G5 -> 1271440 | G6: 1273250 | H6: =MAX(0,G6-F6) -> 1810 | J6: =D6/200 -> 28.6 | L6: =2.68*D6 -> 15329.6 | M6: =L6/1000 -> 15.3296
A7: 3 | B7: =C6 -> 47464160 | C7: 47469910 | D7: =MAX(0,C7-B7) -> 5750 | F7: =G6 -> 1273250 | G7: 1274100 | H7: =MAX(0,G7-F7) -> 850 | J7: =D7/200 -> 28.75 | L7: =2.68*D7 -> 15410 | M7: =L7/1000 -> 15.41
A8: 4 | B8: =C7 -> 47469910 | C8: 47476000 | D8: =MAX(0,C8-B8) -> 6090 | F8: =G7 -> 1274100 | G8: 1274100 | H8: =MAX(0,G8-F8) -> 0 | J8: =D8/200 -> 30.45 | L8: =2.68*D8 -> 16321.2 | M8: =L8/1000 -> 16.3212
A9: 5 | B9: =C8 -> 47476000 | C9: 47481720 | D9: =MAX(0,C9-B9) -> 5720 | F9: =G8 -> 1274100 | G9: 1275600 | H9: =MAX(0,G9-F9) -> 1500 | J9: =D9/200 -> 28.6 | L9: =2.68*D9 -> 15329.6 | M9: =L9/1000 -> 15.3296
A10: 6 | B10: =C9 -> 47481720 | C10: 47487560 | D10: =MAX(0,C10-B10) -> 5840 | F10: =G9 -> 1275600 | G10: 1276800 | H10: =MAX(0,G10-F10) -> 1200 | J10: =D10/200 -> 29.2 | L10: =2.68*D10 -> 15651.2 | M10: =L10/1000 -> 15.6512
A11: 7 | B11: =C10 -> 47487560 | C11: 47492680 | D11: =MAX(0,C11-B11) -> 5120 | F11: =G10 -> 1276800 | G11: 1276800 | H11: =MAX(0,G11-F11) -> 0 | J11: =D11/200 -> 25.6 | L11: =2.68*D11 -> 13721.6 | M11: =L11/1000 -> 13.7216
A12: 8 | B12: =C11 -> 47492680 | C12: 47498810 | D12: =MAX(0,C12-B12) -> 6130 | F12: =G11 -> 1276800 | G12: 1279440 | H12: =MAX(0,G12-F12) -> 2640 | J12: =D12/200 -> 30.65 | L12: =2.68*D12 -> 16428.4 | M12: =L12/1000 -> 16.4284
A13: 9 | B13: =C12 -> 47498810 | C13: 47504560 | D13: =MAX(0,C13-B13) -> 5750 | F13: =G12 -> 1279440 | G13: 1279440 | H13: =MAX(0,G13-F13) -> 0 | J13: =D13/200 -> 28.75 | L13: =2.68*D13 -> 15410 | M13: =L13/1000 -> 15.41
A14: 10 | B14: =C13 -> 47504560 | C14: 47510640 | D14: =MAX(0,C14-B14) -> 6080 | F14: =G13 -> 1279440 | G14: 1280780 | H14: =MAX(0,G14-F14) -> 1340 | J14: =D14/200 -> 30.4 | L14: =2.68*D14 -> 16294.4 | M14: =L14/1000 -> 16.2944
A15: 11 | B15: =C14 -> 47510640 | C15: 47516890 | D15: =MAX(0,C15-B15) -> 6250 | F15: =G14 -> 1280780 | G15: 1281080 | H15: =MAX(0,G15-F15) -> 300 | J15: =D15/200 -> 31.25 | L15: =2.68*D15 -> 16750 | M15: =L15/1000 -> 16.75
A16: 12 | B16: =C15 -> 47516890 | C16: 47522880 | D16: =MAX(0,C16-B16) -> 5990 | F16: =G15 -> 1281080 | G16: 1283310 | H16: =MAX(0,G16-F16) -> 2230 | J16: =D16/200 -> 29.95 | L16: =2.68*D16 -> 16053.2 | M16: =L16/1000 -> 16.0532
A17: 13 | B17: =C16 -> 47522880 | C17: 47529020 | D17: =MAX(0,C17-B17) -> 6140 | F17: =G16 -> 1283310 | G17: 1284070 | H17: =MAX(0,G17-F17) -> 760 | J17: =D17/200 -> 30.7 | L17: =2.68*D17 -> 16455.2 | M17: =L17/1000 -> 16.4552
... A34: 30 | B34: =C33 -> 47632980 | C34: 47638940 | D34: =MAX(0,C34-B34) -> 5960 | F34: =G33 -> 1300410 | G34: 1301040 | H34: =MAX(0,G34-F34) -> 630 | J34: =D34/200 -> 29.8 | L34: =2.68*D34 -> 15972.8 | M34: =L34/1000 -> 15.9728
A35: 31 | B35: =C34 -> 47638940 | D35: =MAX(0,C35-B35) -> 0 | F35: =G34 -> 1301040 | H35: =MAX(0,G35-F35) -> 0 | J35: =D35/200 -> 0 | L35: =2.68*D35 -> 0
D36: =SUM(D5:D35) -> 186180 | J36: =SUM(J5:J34) -> 930.9 | L36: =2.68*D36 -> 498962.4 | M36: =L36/1000 -> 498.9624

Sheet SOLAR METER READING
C3: solar reading
B5: 44806
B7: Solar meter reading
A8: DAY | B8: YESTARDAY | C8: TODAY | D8: Final Electricity Consumption( KW h) | E8: Weather Condition | F8: Temperature
A9: 1 | B9: 3938228 | C9: 3940122 | D9: =MAX(0,C9-B9) -> 1894
A10: 2 | B10: =C9 -> 3940122 | C10: 3942896 | D10: =MAX(0,C10-B10) -> 2774
A11: 3 | B11: =C10 -> 3942896 | C11: 3945707 | D11: =MAX(0,C11-B11) -> 2811
A12: 4 | B12: =C11 -> 3945707 | C12: 3947816 | D12: =MAX(0,C12-B12) -> 2109
A13: 5 | B13: =C12 -> 3947816 | C13: 3948695 | D13: =MAX(0,C13-B13) -> 879 | J13: 1 liter diesel | K13: 3.61 kwh
A14: 6 | B14: =C13 -> 3948695 | C14: 3950466 | D14: =MAX(0,C14-B14) -> 1771 | J14: 212.88 diesel | K14: 768.50 kwh
A15: 7 | B15: =C14 -> 3950466 | C15: 3953043 | D15: =MAX(0,C15-B15) -> 2577
A16: 8 | B16: =C15 -> 3953043 | C16: 3955850 | D16: =MAX(0,C16-B16) -> 2807
A17: 9 | B17: =C16 -> 3955850 | C17: 3959028 | D17: =MAX(0,C17-B17) -> 3178
A18: 10 | B18: =C17 -> 3959028 | C18: 3962254 | D18: =MAX(0,C18-B18) -> 3226
A19: 11 | B19: =C18 -> 3962254 | C19: 3965426 | D19: =MAX(0,C19-B19) -> 3172
A20: 12 | B20: =C19 -> 3965426 | C20: 3968663 | D20: =MAX(0,C20-B20) -> 3237
A21: 13 | B21: =C20 -> 3968663 | C21: 3972019 | D21: =MAX(0,C21-B21) -> 3356
A22: 14 | B22: =C21 -> 3972019 | C22: 3975042 | D22: =MAX(0,C22-B22) -> 3023
A23: 15 | B23: =C22 -> 3975042 | C23: 3977952 | D23: =MAX(0,C23-B23) -> 2910
A24: 16 | B24: =C23 -> 3977952 | C24: 3981057 | D24: =MAX(0,C24-B24) -> 3105
A25: 17 | B25: =C24 -> 3981057 | C25: 3984442 | D25: =MAX(0,C25-B25) -> 3385
A26: 18 | B26: =C25 -> 3984442 | C26: 3987512 | D26: =MAX(0,C26-B26) -> 3070
... A38: 30 | B38: =C37 -> 4020748 | C38: 4022497 | D38: =MAX(0,C38-B38) -> 1749
A39: 31 | B39: =C38 -> 4022497 | D39: =MAX(0,C39-B39) -> 0
A40: Total | D40: =SUM(D9:D39) -> 84269

Sheet FEEDER Consumption 
A1: 44806 | GC1: Daily Electricity (Kwh) Consumption by Building Categories
A2: POWER HOUSE FEEDER READING
C3: Main BLU FEEDER PANEL 1 | H3: Main BLU FEEDER PANEL 2 | M3: Main POWER HOUSE FEEDER PANEL NO:3 | R3: Main Kitchen -7 | W3: Main Kitchen -10 | AB3: Water treatment Plant | AH3: Sewage treatment Plant | AM3: Laundry--8SSB (Machineries) | AR3: Laundry-9 (HR/Tuck Shop Building) | AW3: New staff accomodation (E0) | BB3: Staff block-16(E2-E3) | BG3: Staff Block Feeder-3(E4-E5) | BL3: Management block-5 (M1 to M6) | BQ3: SNR STAFF BLOCK (PC Block) | BV3: BOAT DOCK FEEDER - 22 | CA3: RECEPTION Building Full (Finance/Reservation) | CF3: DIVE CENTER (Inc MDC and Recreation) | CK3: 301-307 | CP3: 308-314 | CU3: 315-320 | CZ3: 401-407 | DE3: 408-414 | DJ3: 415-420 | DO3: SPA - 1 | DT3: SPA - 2 | DY3: BLU KITCHEN - 1 | ED3: BLU KITCHEN - 2 | EI3: AL BARAKATH | EN3: STAFF KITCHEN | ES3: MANAGR BLOCK GARDEN (White House) | EX3: 121-131 | FC3: 113-120 | FH3: Room 855 Hot Water Boiler Kw reading | FM3: Room 911 Hot Water Boiler kw reading | FR3: Room 403 Hot Water Boiler kw reading | FW3: Room 131 Hot Water Boiler kw reading | GC3: Blu Feeders | GE3: ALL Kitchens | GG3: Laundry + HR Buidling | GI3: Employee Block | GK3: Managers Block + SNR Block | GM3: HPL Project Team Usage
A4: DAY | B4: Occupancy | C4: Yesterday | D4: Today | E4: Consumption | F4: Variance (Tdy vs Ystdy) | G4: % | H4: Yesterday | I4: Today | J4: Consumption | K4: Var(Tdy vs Ystdy) | L4: % | M4: Yesterday | N4: Today | O4: Consumption | P4: Var (Tdy vs Ystdy) | Q4: % | R4: Yesterday | S4: Today | T4: Consumption | U4: Var(Tdy vs Ystdy) | V4: % | W4: Yesterday | X4: Today | Y4: Consumption | Z4: Var(Tdy vs Ystdy) | AA4: % | AB4: Yesterday | AC4: Today | AD4: Consumption | AE4: Kwh per cubic meter | AF4: Var(Tdy vs Ystdy) | AG4: % | AH4: Yesterday | AI4: Today | AJ4: Consumption | AK4: Var(Tdy vs Ystdy) | AL4: % | AM4: Yesterday | AN4: Today | AO4: Consumption | AP4: Var(Tdy vs Ystdy) | AQ4: % | AR4: Yesterday | AS4: Today | AT4: Consumption | AU4: Var(Tdy vs Ystdy) | AV4: % | AW4: Yesterday | AX4: Today | AY4: Consumption | AZ4: Var(Tdy vs Ystdy) | BA4: % | BB4: Yesterday | BC4: Today | BD4: Consumption | BE4: Var(Tdy vs Ystdy) | BF4: % | BG4: Yesterday | BH4: Today | BI4: Consumption | BJ4: Var(Tdy vs Ystdy) | BK4: % | BL4: Yesterday | BM4: Today | BN4: Consumption | BO4: Var(Tdy vs Ystdy) | BP4: % | BQ4: Yesterday | BR4: Today | BS4: Consumption | BT4: Var(Tdy vs Ystdy) | BU4: % | BV4: Yesterday | BW4: Today | BX4: Consumption | BY4: Var(Tdy vs Ystdy) | BZ4: % | CA4: Yesterday | CB4: Today | CC4: Consumption | CD4: Var(Tdy vs Ystdy) | CE4: % | CF4: Yesterday | CG4: Today | CH4: Consumption | CI4: Var(Tdy vs Ystdy) | CJ4: % | CK4: Yesterday | CL4: Today | CM4: Consumption | CN4: Var(Tdy vs Ystdy) | CO4: % | CP4: Yesterday | CQ4: Today | CR4: Consumption | CS4: Var(Tdy vs Ystdy) | CT4: % | CU4: Yesterday | CV4: Today | CW4: Consumption | CX4: Var(Tdy vs Ystdy) | CY4: % | CZ4: Yesterday | DA4: Today | DB4: Consumption | DC4: Var(Tdy vs Ystdy) | DD4: % | DE4: Yesterday | DF4: Today | DG4: Consumption | DH4: Var(Tdy vs Ystdy) | DI4: % | DJ4: Yesterday | DK4: Today | DL4: Consumption | DM4: Var(Tdy vs Ystdy) | DN4: % | DO4: Yesterday | DP4: Today | DQ4: Consumption | DR4: Var(Tdy vs Ystdy) | DS4: % | DT4: Yesterday | DU4: Today | DV4: Consumption | DW4: Var(Tdy vs Ystdy) | DX4: % | DY4: Yesterday | DZ4: Today | EA4: Consumption | EB4: Var(Tdy vs Ystdy) | EC4: % | ED4: Yesterday | EE4: Today | EF4: Consumption | EG4: Var(Tdy vs Ystdy) | EH4: % | EI4: Yesterday | EJ4: Today | EK4: Consumption | EL4: Var(Tdy vs Ystdy) | EM4: % | EN4: Yesterday | EO4: Today | EP4: Consumption | EQ4: Var(Tdy vs Ystdy) | ER4: % | ES4: Yesterday | ET4: Today | EU4: Consumption | EV4: Var(Tdy vs Ystdy) | EW4: % | EX4: Yesterday | EY4: Today | EZ4: Consumption | FA4: Var(Tdy vs Ystdy) | FB4: % | FC4: Yesterday | FD4: Today | FE4: Consumption | FF4: Var(Tdy vs Ystdy) | FG4: % | FM4: Yesterday | FN4: Today | FO4: Consumption | FP4: Var(Tdy vs Ystdy) | FQ4: % | FR4: Yesterday | FS4: Today | FT4: Consumption | FU4: Var(Tdy vs Ystdy) | FV4: % | FW4: Yesterday | FX4: Today | FY4: Consumption | FZ4: Var(Tdy vs Ystdy) | GA4: % | GC4: Total (Kwh) | GD4: Avg | GE4: Total (Kwh) | GF4: Avg | GG4: Total (Kwh) | GH4: Avg | GI4: Total (Kwh) | GJ4: Avg | GK4: Total (Kwh) | GL4: Avg | GM4: Total (Kwh) | GN4: Avg
A5: 1 | B5: ='Finance Only'!G8 -> 13.6 | C5: 26994672 | D5: 26996974 | E5: =MAX(0,D5-C5) -> 2302 | H5: 24893152 | I5: 24896226 | J5: =MAX(0,I5-H5) -> 3074 | M5: 91816490 | N5: 91826475 | O5: =MAX(0,N5-M5) -> 9985 | R5: 2999800 | S5: 3001900 | T5: =MAX(0,S5-R5) -> 2100 | W5: 4062638 | X5: 4065171 | Y5: =MAX(0,X5-W5) -> 2533 | AB5: 2640200 | AC5: 2642000 | AD5: =MAX(0,AC5-AB5) -> 1800 | AE5: =AD5/WATER!V6 -> 5.9405941 | AH5: 1075773 | AI5: 1076327 | AJ5: =MAX(0,AI5-AH5) -> 554 | AM5: 1077400 | AN5: 1078000 | AO5: =AN5-AM5 -> 600 | AR5: 2433000 | AS5: 2433700 | AT5: =AS5-AR5 -> 700 | AW5: 3932.1 | AX5: 4212.2 | AY5: =AX5-AW5 -> 280.1 | BB5: 984650 | BC5: 985010 | BD5: =BC5-BB5 -> 360 | BG5: 1065100 | BH5: 1065300 | BI5: =BH5-BG5 -> 200 | BL5: 1576400 | BM5: 1576800 | BN5: =BM5-BL5 -> 400 | BQ5: 132710 | BR5: 132830 | BS5: =BR5-BQ5 -> 120 | BV5: 568720 | BW5: 569150 | BX5: =BW5-BV5 -> 430 | CA5: 1045500 | CB5: 1046600 | CC5: =CB5-CA5 -> 1100 | CF5: 3389000 | CG5: 3392000 | CH5: =CG5-CF5 -> 3000 | CK5: 804440 | CL5: 805110 | CM5: =MAX(0,CL5-CK5) -> 670 | CP5: 665180 | CQ5: 665690 | CR5: =MAX(0,CQ5-CP5) -> 510 | CU5: 552600 | CV5: 552990 | CW5: =MAX(0,CV5-CU5) -> 390 | CZ5: 924380 | DA5: 925090 | DB5: =MAX(0,DA5-CZ5) -> 710 | DE5: 705910 | DF5: 706490 | DG5: =MAX(0,DF5-DE5) -> 580 | DJ5: 615270 | DK5: 615790 | DL5: =MAX(0,DK5-DJ5) -> 520 | DO5: 334860 | DP5: 335240 | DQ5: =MAX(0,DP5-DO5) -> 380 | DT5: 109100 | DU5: 109260 | DV5: =MAX(0,DU5-DT5) -> 160 | DY5: 696210 | DZ5: 69707 | EA5: =MAX(0,DZ5-DY5) -> 0 | ED5: 222480 | EE5: 222740 | EF5: =MAX(0,EE5-ED5) -> 260 | EI5: 249530 | EJ5: 249880 | EK5: =MAX(0,EJ5-EI5) -> 350 | EN5: 412360 | EO5: 412830 | EP5: =MAX(0,EO5-EN5) -> 470 | ES5: 69098 | EU5: =MAX(0,ET5-ES5) -> 0 | EX5: 131740 | EZ5: =MAX(0,EY5-EX5) -> 0 | FC5: 74909 | FE5: =MAX(0,FD5-FC5) -> 0 | FM5: 91210 | FO5: =MAX(0,FN5-FM5) -> 0 | FR5: 0 | FT5: =MAX(0,FS5-FR5) -> 0 | FW5: 0 | FY5: =MAX(0,FX5-FW5) -> 0 | GC5: =SUM(E5+J5) -> 5376 | GE5: =SUM(T5+Y5+EA5+EF5+EK5+EP5) -> 5713 | GG5: =SUM(AO5+AT5) -> 1300 | GI5: =SUM(AY5+BD5+BI5) -> 840.1 | GK5: =SUM(BN5+BS5+EU5) -> 520 | GM5: =SUM(EZ5+FE5) -> 0
A6: 2 | B6: ='Finance Only'!G9 -> 14.6 | C6: =D5 -> 26996974 | D6: 26999417 | E6: =MAX(0,D6-C6) -> 2443 | F6: =E6-E5 -> 141 | G6: =(E6/'Finance Only'!B9)*100 -> 11.838535 | H6: =I5 -> 24896226 | I6: 24899691 | J6: =MAX(0,I6-H6) -> 3465 | K6: =J6-J5 -> 391 | L6: =(J6/'Finance Only'!B9)*100 -> 16.791045 | M6: =N5 -> 91826475 | N6: 91835969 | O6: =MAX(0,N6-M6) -> 9494 | P6: =O6-O5 -> -491 | Q6: =(O6/'Finance Only'!B9)*100 -> 46.006978 | R6: =S5 -> 3001900 | S6: 3004200 | T6: =MAX(0,S6-R6) -> 2300 | U6: =T6-T5 -> 200 | V6: =(T6/'Finance Only'!B9)*100 -> 11.145571 | W6: =X5 -> 4065171 | X6: 4067786 | Y6: =MAX(0,X6-W6) -> 2615 | Z6: =Y6-Y5 -> 82 | AA6: =(Y6/'Finance Only'!B9)*100 -> 12.672029 | AB6: =AC5 -> 2642000 | AC6: 2643700 | AD6: =MAX(0,AC6-AB6) -> 1700 | AE6: =AD6/WATER!V7 -> 5.3125 | AF6: =AD6-AD5 -> -100 | AG6: =(AD6/'Finance Only'!B9)*100 -> 8.2380306 | AH6: =AI5 -> 1076327 | AI6: 1076843 | AJ6: =MAX(0,AI6-AH6) -> 516 | AK6: =AJ6-AJ5 -> -38 | AL6: =(AJ6/'Finance Only'!B9)*100 -> 2.5004846 | AM6: =AN5 -> 1078000 | AN6: 1078700 | AO6: =MAX(0,AN6-AM6) -> 700 | AP6: =AO6-AO5 -> 100 | AQ6: =(AO6/'Finance Only'!B9)*100 -> 3.3921303 | AR6: =AS5 -> 2433700 | AS6: 2435100 | AT6: =MAX(0,AS6-AR6) -> 1400 | AU6: =AT6-AT5 -> 700 | AV6: =(AT6/'Finance Only'!B9)*100 -> 6.7842605 | AW6: =AX5 -> 4212.2 | AX6: 4540.2 | AY6: =MAX(0,AX6-AW6) -> 328 | AZ6: =AY6-AY5 -> 47.9 | BA6: =(AY6/'Finance Only'!B9)*100 -> 1.5894553 | BB6: =BC5 -> 985010 | BC6: 985340 | BD6: =MAX(0,BC6-BB6) -> 330 | BE6: =BD6-BD5 -> -30 | BF6: =(BD6/'Finance Only'!B9)*100 -> 1.5991471 | BG6: =BH5 -> 1065300 | BH6: 1065600 | BI6: =MAX(0,BH6-BG6) -> 300 | BJ6: =BI6-BI5 -> 100 | BK6: =(BI6/'Finance Only'!B9)*100 -> 1.4537701 | BL6: =BM5 -> 1576800 | BM6: 1577300 | BN6: =MAX(0,BM6-BL6) -> 500 | BO6: =BN6-BN5 -> 100 | BP6: =(BN6/'Finance Only'!B9)*100 -> 2.4229502 | BQ6: =BR5 -> 132830 | BR6: 132950 | BS6: =MAX(0,BR6-BQ6) -> 120 | BT6: =BS6-BS5 -> 0 | BU6: =(BS6/'Finance Only'!B9)*100 -> 0.58150804 | BV6: =BW5 -> 569150 | BW6: 569540 | BX6: =MAX(0,BW6-BV6) -> 390 | BY6: =BX6-BX5 -> -40 | BZ6: =(BX6/'Finance Only'!B9)*100 -> 1.8899011 | CA6: =CB5 -> 1046600 | CB6: 1047700 | CC6: =MAX(0,CB6-CA6) -> 1100 | CD6: =CC6-CC5 -> 0 | CE6: =(CC6/'Finance Only'!B9)*100 -> 5.3304904 | CF6: =CG5 -> 3392000 | CG6: 3395900 | CH6: =MAX(0,CG6-CF6) -> 3900 | CI6: =CH6-CH5 -> 900 | CJ6: =(CH6/'Finance Only'!B9)*100 -> 18.899011 | CK6: =CL5 -> 805110 | CL6: 805830 | CM6: =MAX(0,CL6-CK6) -> 720 | CN6: =CM6-CM5 -> 50 | CO6: =(CM6/'Finance Only'!B9)*100 -> 3.4890483 | CP6: =CQ5 -> 665690 | CQ6: 666140 | CR6: =MAX(0,CQ6-CP6) -> 450 | CS6: =CR6-CR5 -> -60 | CT6: =(CR6/'Finance Only'!B9)*100 -> 2.1806552 | CU6: =CV5 -> 552990 | CV6: 553460 | CW6: =MAX(0,CV6-CU6) -> 470 | CX6: =CW6-CW5 -> 80 | CY6: =(CW6/'Finance Only'!B9)*100 -> 2.2775732 | CZ6: =DA5 -> 925090 | DA6: 925890 | DB6: =MAX(0,DA6-CZ6) -> 800 | DC6: =DB6-DB5 -> 90 | DD6: =(DB6/'Finance Only'!B9)*100 -> 3.8767203 | DE6: =DF5 -> 706490 | DF6: 707190 | DG6: =MAX(0,DF6-DE6) -> 700 | DH6: =DG6-DG5 -> 120 | DI6: =(DG6/'Finance Only'!B9)*100 -> 3.3921303 | DJ6: =DK5 -> 615790 | DK6: 616360 | DL6: =MAX(0,DK6-DJ6) -> 570 | DM6: =DL6-DL5 -> 50 | DN6: =(DL6/'Finance Only'!B9)*100 -> 2.7621632 | DO6: =DP5 -> 335240 | DP6: 335620 | DQ6: =MAX(0,DP6-DO6) -> 380 | DR6: =DQ6-DQ5 -> 0 | DS6: =(DQ6/'Finance Only'!B9)*100 -> 1.8414421 | DT6: =DU5 -> 109260 | DU6: 109340 | DV6: =MAX(0,DU6-DT6) -> 80 | DW6: =DV6-DV5 -> -80 | DX6: =(DV6/'Finance Only'!B9)*100 -> 0.38767203 | DY6: =DZ5 -> 69707 | DZ6: 69795 | EA6: =MAX(0,DZ6-DY6) -> 88 | EB6: =EA6-EA5 -> 88 | EC6: =(EA6/'Finance Only'!B9)*100 -> 0.42643923 | ED6: =EE5 -> 222740 | EE6: 222990 | EF6: =MAX(0,EE6-ED6) -> 250 | EG6: =EF6-EF5 -> -10 | EH6: =(EF6/'Finance Only'!B9)*100 -> 1.2114751 | EI6: =EJ5 -> 249880 | EJ6: 250140 | EK6: =MAX(0,EJ6-EI6) -> 260 | EL6: =EK6-EK5 -> -90 | EM6: =(EK6/'Finance Only'!B9)*100 -> 1.2599341 | EN6: =EO5 -> 412830 | EO6: 413280 | EP6: =MAX(0,EO6-EN6) -> 450 | EQ6: =EP6-EP5 -> -20 | ER6: =(EP6/'Finance Only'!B9)*100 -> 2.1806552 | ES6: =ET5 -> 0 | EU6: =MAX(0,ET6-ES6) -> 0 | EV6: =EU6-EU5 -> 0 | EW6: =(EU6/'Finance Only'!B9)*100 -> 0 | EX6: =EY5 -> 0 | EZ6: =MAX(0,EY6-EX6) -> 0 | FA6: =EZ6-EZ5 -> 0 | FB6: =(EZ6/'Finance Only'!G9)*100 -> 0 | FC6: =FD5 -> 0 | FE6: =MAX(0,FD6-FC6) -> 0 | FF6: =FE6-FE5 -> 0 | FG6: =(FE6/'Finance Only'!M9)*100 -> #DIV/0! | FM6: =FN5 -> 0 | FO6: =MAX(0,FN6-FM6) -> 0 | FP6: =FO6-FO5 -> 0 | FQ6: =(FO6/'Finance Only'!R9)*100 -> #DIV/0! | FR6: =FS5 -> 0 | FT6: =MAX(0,FS6-FR6) -> 0 | FU6: =FT6-FT5 -> 0 | FV6: =(FT6/'Finance Only'!W9)*100 -> #DIV/0! | FW6: =FX5 -> 0 | FY6: =MAX(0,FX6-FW6) -> 0 | FZ6: =FY6-FY5 -> 0 | GA6: =(FY6/'Finance Only'!AB9)*100 -> #DIV/0! | GC6: =SUM(E6+J6) -> 5908 | GE6: =SUM(T6+Y6+EA6+EF6+EK6+EP6) -> 5963 | GG6: =SUM(AO6+AT6) -> 2100 | GI6: =SUM(AY6+BD6+BI6) -> 958 | GK6: =SUM(BN6+BS6+EU6) -> 620 | GM6: =SUM(EZ6+FE6) -> 0
A7: 3 | B7: ='Finance Only'!G10 -> 14.6 | C7: =D6 -> 26999417 | D7: 27001955 | E7: =MAX(0,D7-C7) -> 2538 | F7: =E7-E6 -> 95 | G7: =(E7/'Finance Only'!B10)*100 -> 12.322781 | H7: =I6 -> 24899691 | I7: 24903145 | J7: =MAX(0,I7-H7) -> 3454 | K7: =J7-J6 -> -11 | L7: =(J7/'Finance Only'!B10)*100 -> 16.770247 | M7: =N6 -> 91835969 | N7: 91845685 | O7: =MAX(0,N7-M7) -> 9716 | P7: =O7-O6 -> 222 | Q7: =(O7/'Finance Only'!B10)*100 -> 47.174209 | R7: =S6 -> 3004200 | S7: 3006400 | T7: =MAX(0,S7-R7) -> 2200 | U7: =T7-T6 -> -100 | V7: =(T7/'Finance Only'!B10)*100 -> 10.681686 | W7: =X6 -> 4067786 | X7: 4070454 | Y7: =MAX(0,X7-W7) -> 2668 | Z7: =Y7-Y6 -> 53 | AA7: =(Y7/'Finance Only'!B10)*100 -> 12.953972 | AB7: =AC6 -> 2643700 | AC7: 2645400 | AD7: =MAX(0,AC7-AB7) -> 1700 | AE7: =AD7/WATER!V8 -> 5.2469136 | AF7: =AD7-AD6 -> 0 | AG7: =(AD7/'Finance Only'!B10)*100 -> 8.2540299 | AH7: =AI6 -> 1076843 | AI7: 1077379 | AJ7: =MAX(0,AI7-AH7) -> 536 | AK7: =AJ7-AJ6 -> 20 | AL7: =(AJ7/'Finance Only'!B10)*100 -> 2.6024471 | AM7: =AN6 -> 1078700 | AN7: 1079400 | AO7: =MAX(0,AN7-AM7) -> 700 | AP7: =AO7-AO6 -> 0 | AQ7: =(AO7/'Finance Only'!B10)*100 -> 3.3987182 | AR7: =AS6 -> 2435100 | AS7: 2436000 | AT7: =MAX(0,AS7-AR7) -> 900 | AU7: =AT7-AT6 -> -500 | AV7: =(AT7/'Finance Only'!B10)*100 -> 4.3697805 | AW7: =AX6 -> 4540.2 | AX7: 4853.9 | AY7: =MAX(0,AX7-AW7) -> 313.7 | AZ7: =AY7-AY6 -> -14.3 | BA7: =(AY7/'Finance Only'!B10)*100 -> 1.5231113 | BB7: =BC6 -> 985340 | BC7: 985710 | BD7: =MAX(0,BC7-BB7) -> 370 | BE7: =BD7-BD6 -> 40 | BF7: =(BD7/'Finance Only'!B10)*100 -> 1.7964653 | BG7: =BH6 -> 1065600 | BH7: 1065800 | BI7: =MAX(0,BH7-BG7) -> 200 | BJ7: =BI7-BI6 -> -100 | BK7: =(BI7/'Finance Only'!B10)*100 -> 0.97106234 | BL7: =BM6 -> 1577300 | BM7: 1577780 | BN7: =MAX(0,BM7-BL7) -> 480 | BO7: =BN7-BN6 -> -20 | BP7: =(BN7/'Finance Only'!B10)*100 -> 2.3305496 | BQ7: =BR6 -> 132950 | BR7: 133060 | BS7: =MAX(0,BR7-BQ7) -> 110 | BT7: =BS7-BS6 -> -10 | BU7: =(BS7/'Finance Only'!B10)*100 -> 0.53408429 | BV7: =BW6 -> 569540 | BW7: 569900 | BX7: =MAX(0,BW7-BV7) -> 360 | BY7: =BX7-BX6 -> -30 | BZ7: =(BX7/'Finance Only'!B10)*100 -> 1.7479122 | CA7: =CB6 -> 1047700 | CB7: 1048900 | CC7: =MAX(0,CB7-CA7) -> 1200 | CD7: =CC7-CC6 -> 100 | CE7: =(CC7/'Finance Only'!B10)*100 -> 5.8263741 | CF7: =CG6 -> 3395900 | CG7: 3399300 | CH7: =MAX(0,CG7-CF7) -> 3400 | CI7: =CH7-CH6 -> -500 | CJ7: =(CH7/'Finance Only'!B10)*100 -> 16.50806 | CK7: =CL6 -> 805830 | CL7: 806500 | CM7: =MAX(0,CL7-CK7) -> 670 | CN7: =CM7-CM6 -> -50 | CO7: =(CM7/'Finance Only'!B10)*100 -> 3.2530588 | CP7: =CQ6 -> 666140 | CQ7: 666660 | CR7: =MAX(0,CQ7-CP7) -> 520 | CS7: =CR7-CR6 -> 70 | CT7: =(CR7/'Finance Only'!B10)*100 -> 2.5247621 | CU7: =CV6 -> 553460 | CV7: 553890 | CW7: =MAX(0,CV7-CU7) -> 430 | CX7: =CW7-CW6 -> -40 | CY7: =(CW7/'Finance Only'!B10)*100 -> 2.087784 | CZ7: =DA6 -> 925890 | DA7: 926760 | DB7: =MAX(0,DA7-CZ7) -> 870 | DC7: =DB7-DB6 -> 70 | DD7: =(DB7/'Finance Only'!B10)*100 -> 4.2241212 | DE7: =DF6 -> 707190 | DF7: 707850 | DG7: =MAX(0,DF7-DE7) -> 660 | DH7: =DG7-DG6 -> -40 | DI7: =(DG7/'Finance Only'!B10)*100 -> 3.2045057 | DJ7: =DK6 -> 616360 | DK7: 616930 | DL7: =MAX(0,DK7-DJ7) -> 570 | DM7: =DL7-DL6 -> 0 | DN7: =(DL7/'Finance Only'!B10)*100 -> 2.7675277 | DO7: =DP6 -> 335620 | DP7: 335990 | DQ7: =MAX(0,DP7-DO7) -> 370 | DR7: =DQ7-DQ6 -> -10 | DS7: =(DQ7/'Finance Only'!B10)*100 -> 1.7964653 | DT7: =DU6 -> 109340 | DU7: 109460 | DV7: =MAX(0,DU7-DT7) -> 120 | DW7: =DV7-DV6 -> 40 | DX7: =(DV7/'Finance Only'!B10)*100 -> 0.58263741 | DY7: =DZ6 -> 69795 | DZ7: 69884 | EA7: =MAX(0,DZ7-DY7) -> 89 | EB7: =EA7-EA6 -> 1 | EC7: =(EA7/'Finance Only'!B10)*100 -> 0.43212274 | ED7: =EE6 -> 222990 | EE7: 223250 | EF7: =MAX(0,EE7-ED7) -> 260 | EG7: =EF7-EF6 -> 10 | EH7: =(EF7/'Finance Only'!B10)*100 -> 1.262381 | EI7: =EJ6 -> 250140 | EJ7: 250470 | EK7: =MAX(0,EJ7-EI7) -> 330 | EL7: =EK7-EK6 -> 70 | EM7: =(EK7/'Finance Only'!B10)*100 -> 1.6022529 | EN7: =EO6 -> 413280 | EO7: 413750 | EP7: =MAX(0,EO7-EN7) -> 470 | EQ7: =EP7-EP6 -> 20 | ER7: =(EP7/'Finance Only'!B10)*100 -> 2.2819965 | ES7: =ET6 -> 0 | EU7: =MAX(0,ET7-ES7) -> 0 | EV7: =EU7-EU6 -> 0 | EW7: =(EU7/'Finance Only'!B10)*100 -> 0 | EX7: =EY6 -> 0 | EZ7: =MAX(0,EY7-EX7) -> 0 | FA7: =EZ7-EZ6 -> 0 | FB7: =(EZ7/'Finance Only'!G10)*100 -> 0 | FC7: =FD6 -> 0 | FE7: =MAX(0,FD7-FC7) -> 0 | FF7: =FE7-FE6 -> 0 | FG7: =(FE7/'Finance Only'!M10)*100 -> #DIV/0! | FM7: =FN6 -> 0 | FO7: =MAX(0,FN7-FM7) -> 0 | FP7: =FO7-FO6 -> 0 | FQ7: =(FO7/'Finance Only'!R10)*100 -> #DIV/0! | FR7: =FS6 -> 0 | FT7: =MAX(0,FS7-FR7) -> 0 | FU7: =FT7-FT6 -> 0 | FV7: =(FT7/'Finance Only'!W10)*100 -> #DIV/0! | FW7: =FX6 -> 0 | FY7: =MAX(0,FX7-FW7) -> 0 | FZ7: =FY7-FY6 -> 0 | GA7: =(FY7/'Finance Only'!AB10)*100 -> #DIV/0! | GC7: =SUM(E7+J7) -> 5992 | GE7: =SUM(T7+Y7+EA7+EF7+EK7+EP7) -> 6017 | GG7: =SUM(AO7+AT7) -> 1600 | GI7: =SUM(AY7+BD7+BI7) -> 883.7 | GK7: =SUM(BN7+BS7+EU7) -> 590 | GM7: =SUM(EZ7+FE7) -> 0
A8: 4 | B8: ='Finance Only'!G11 -> 10.7 | C8: =D7 -> 27001955 | D8: 27004548 | E8: =MAX(0,D8-C8) -> 2593 | F8: =E8-E7 -> 55 | G8: =(E8/'Finance Only'!B11)*100 -> 12.070571 | H8: =I7 -> 24903145 | I8: 24906698 | J8: =MAX(0,I8-H8) -> 3553 | K8: =J8-J7 -> 99 | L8: =(J8/'Finance Only'!B11)*100 -> 16.539428 | M8: =N7 -> 91845685 | N8: 91855584 | O8: =MAX(0,N8-M8) -> 9899 | P8: =O8-O7 -> 183 | Q8: =(O8/'Finance Only'!B11)*100 -> 46.080439 | R8: =S7 -> 3006400 | S8: 3008500 | T8: =MAX(0,S8-R8) -> 2100 | U8: =T8-T7 -> -100 | V8: =(T8/'Finance Only'!B11)*100 -> 9.7756261 | W8: =X7 -> 4070454 | X8: 4072997 | Y8: =MAX(0,X8-W8) -> 2543 | Z8: =Y8-Y7 -> -125 | AA8: =(Y8/'Finance Only'!B11)*100 -> 11.837818 | AB8: =AC7 -> 2645400 | AC8: 2646900 | AD8: =MAX(0,AC8-AB8) -> 1500 | AE8: =AD8/WATER!V9 -> 5.0167224 | AF8: =AD8-AD7 -> -200 | AG8: =(AD8/'Finance Only'!B11)*100 -> 6.9825901 | AH8: =AI7 -> 1077379 | AI8: 1077893 | AJ8: =MAX(0,AI8-AH8) -> 514 | AK8: =AJ8-AJ7 -> -22 | AL8: =(AJ8/'Finance Only'!B11)*100 -> 2.3927009 | AM8: =AN7 -> 1079400 | AN8: 1080000 | AO8: =MAX(0,AN8-AM8) -> 600 | AP8: =AO8-AO7 -> -100 | AQ8: =(AO8/'Finance Only'!B11)*100 -> 2.793036 | AR8: =AS7 -> 2436000 | AS8: 2437300 | AT8: =MAX(0,AS8-AR8) -> 1300 | AU8: =AT8-AT7 -> 400 | AV8: =(AT8/'Finance Only'!B11)*100 -> 6.0515781 | AW8: =AX7 -> 4853.9 | AX8: 5181.4 | AY8: =MAX(0,AX8-AW8) -> 327.5 | AZ8: =AY8-AY7 -> 13.8 | BA8: =(AY8/'Finance Only'!B11)*100 -> 1.5245322 | BB8: =BC7 -> 985710 | BC8: 986080 | BD8: =MAX(0,BC8-BB8) -> 370 | BE8: =BD8-BD7 -> 0 | BF8: =(BD8/'Finance Only'!B11)*100 -> 1.7223722 | BG8: =BH7 -> 1065800 | BH8: 1066100 | BI8: =MAX(0,BH8-BG8) -> 300 | BJ8: =BI8-BI7 -> 100 | BK8: =(BI8/'Finance Only'!B11)*100 -> 1.396518 | BL8: =BM7 -> 1577780 | BM8: 1578300 | BN8: =MAX(0,BM8-BL8) -> 520 | BO8: =BN8-BN7 -> 40 | BP8: =(BN8/'Finance Only'!B11)*100 -> 2.4206312 | BQ8: =BR7 -> 133060 | BR8: 133190 | BS8: =MAX(0,BR8-BQ8) -> 130 | BT8: =BS8-BS7 -> 20 | BU8: =(BS8/'Finance Only'!B11)*100 -> 0.60515781 | BV8: =BW7 -> 569900 | BW8: 570300 | BX8: =MAX(0,BW8-BV8) -> 400 | BY8: =BX8-BX7 -> 40 | BZ8: =(BX8/'Finance Only'!B11)*100 -> 1.862024 | CA8: =CB7 -> 1048900 | CB8: 1050000 | CC8: =MAX(0,CB8-CA8) -> 1100 | CD8: =CC8-CC7 -> -100 | CE8: =(CC8/'Finance Only'!B11)*100 -> 5.1205661 | CF8: =CG7 -> 3399300 | CG8: 3403300 | CH8: =MAX(0,CG8-CF8) -> 4000 | CI8: =CH8-CH7 -> 600 | CJ8: =(CH8/'Finance Only'!B11)*100 -> 18.62024 | CK8: =CL7 -> 806500 | CL8: 807230 | CM8: =MAX(0,CL8-CK8) -> 730 | CN8: =CM8-CM7 -> 60 | CO8: =(CM8/'Finance Only'!B11)*100 -> 3.3981938 | CP8: =CQ7 -> 666660 | CQ8: 667240 | CR8: =MAX(0,CQ8-CP8) -> 580 | CS8: =CR8-CR7 -> 60 | CT8: =(CR8/'Finance Only'!B11)*100 -> 2.6999348 | CU8: =CV7 -> 553890 | CV8: 554370 | CW8: =MAX(0,CV8-CU8) -> 480 | CX8: =CW8-CW7 -> 50 | CY8: =(CW8/'Finance Only'!B11)*100 -> 2.2344288 | CZ8: =DA7 -> 926760 | DA8: 927730 | DB8: =MAX(0,DA8-CZ8) -> 970 | DC8: =DB8-DB7 -> 100 | DD8: =(DB8/'Finance Only'!B11)*100 -> 4.5154082 | DE8: =DF7 -> 707850 | DF8: 708530 | DG8: =MAX(0,DF8-DE8) -> 680 | DH8: =DG8-DG7 -> 20 | DI8: =(DG8/'Finance Only'!B11)*100 -> 3.1654408 | DJ8: =DK7 -> 616930 | DK8: 617500 | DL8: =MAX(0,DK8-DJ8) -> 570 | DM8: =DL8-DL7 -> 0 | DN8: =(DL8/'Finance Only'!B11)*100 -> 2.6533842 | DO8: =DP7 -> 335990 | DP8: 336430 | DQ8: =MAX(0,DP8-DO8) -> 440 | DR8: =DQ8-DQ7 -> 70 | DS8: =(DQ8/'Finance Only'!B11)*100 -> 2.0482264 | DT8: =DU7 -> 109460 | DU8: 109570 | DV8: =MAX(0,DU8-DT8) -> 110 | DW8: =DV8-DV7 -> -10 | DX8: =(DV8/'Finance Only'!B11)*100 -> 0.51205661 | DY8: =DZ7 -> 69884 | DZ8: 69975 | EA8: =MAX(0,DZ8-DY8) -> 91 | EB8: =EA8-EA7 -> 2 | EC8: =(EA8/'Finance Only'!B11)*100 -> 0.42361046 | ED8: =EE7 -> 223250 | EE8: 223510 | EF8: =MAX(0,EE8-ED8) -> 260 | EG8: =EF8-EF7 -> 0 | EH8: =(EF8/'Finance Only'!B11)*100 -> 1.2103156 | EI8: =EJ7 -> 250470 | EJ8: 250840 | EK8: =MAX(0,EJ8-EI8) -> 370 | EL8: =EK8-EK7 -> 40 | EM8: =(EK8/'Finance Only'!B11)*100 -> 1.7223722 | EN8: =EO7 -> 413750 | EO8: 414270 | EP8: =MAX(0,EO8-EN8) -> 520 | EQ8: =EP8-EP7 -> 50 | ER8: =(EP8/'Finance Only'!B11)*100 -> 2.4206312 | ES8: =ET7 -> 0 | EU8: =MAX(0,ET8-ES8) -> 0 | EV8: =EU8-EU7 -> 0 | EW8: =(EU8/'Finance Only'!B11)*100 -> 0 | EX8: =EY7 -> 0 | EZ8: =MAX(0,EY8-EX8) -> 0 | FA8: =EZ8-EZ7 -> 0 | FB8: =(EZ8/'Finance Only'!G11)*100 -> 0 | FC8: =FD7 -> 0 | FE8: =MAX(0,FD8-FC8) -> 0 | FF8: =FE8-FE7 -> 0 | FG8: =(FE8/'Finance Only'!M11)*100 -> #DIV/0! | FM8: =FN7 -> 0 | FO8: =MAX(0,FN8-FM8) -> 0 | FP8: =FO8-FO7 -> 0 | FQ8: =(FO8/'Finance Only'!R11)*100 -> #DIV/0! | FR8: =FS7 -> 0 | FT8: =MAX(0,FS8-FR8) -> 0 | FU8: =FT8-FT7 -> 0 | FV8: =(FT8/'Finance Only'!W11)*100 -> #DIV/0! | FW8: =FX7 -> 0 | FY8: =MAX(0,FX8-FW8) -> 0 | FZ8: =FY8-FY7 -> 0 | GA8: =(FY8/'Finance Only'!AB11)*100 -> #DIV/0! | GC8: =SUM(E8+J8) -> 6146 | GE8: =SUM(T8+Y8+EA8+EF8+EK8+EP8) -> 5884 | GG8: =SUM(AO8+AT8) -> 1900 | GI8: =SUM(AY8+BD8+BI8) -> 997.5 | GK8: =SUM(BN8+BS8+EU8) -> 650 | GM8: =SUM(EZ8+FE8) -> 0
A9: 5 | B9: ='Finance Only'!G12 -> 10.7 | C9: =D8 -> 27004548 | D9: 27007034 | E9: =MAX(0,D9-C9) -> 2486 | F9: =E9-E8 -> -107 | G9: =(E9/'Finance Only'!B12)*100 -> 11.974375 | H9: =I8 -> 24906698 | I9: 24909588 | J9: =MAX(0,I9-H9) -> 2890 | K9: =J9-J8 -> -663 | L9: =(J9/'Finance Only'!B12)*100 -> 13.920331 | M9: =N8 -> 91855584 | N9: 91866074 | O9: =MAX(0,N9-M9) -> 10490 | P9: =O9-O8 -> 591 | Q9: =(O9/'Finance Only'!B12)*100 -> 50.527431 | R9: =S8 -> 3008500 | S9: 3010700 | T9: =MAX(0,S9-R9) -> 2200 | U9: =T9-T8 -> 100 | V9: =(T9/'Finance Only'!B12)*100 -> 10.596792 | W9: =X8 -> 4072997 | X9: 4075600 | Y9: =MAX(0,X9-W9) -> 2603 | Z9: =Y9-Y8 -> 60 | AA9: =(Y9/'Finance Only'!B12)*100 -> 12.537932 | AB9: =AC8 -> 2646900 | AC9: 2648400 | AD9: =MAX(0,AC9-AB9) -> 1500 | AE9: =AD9/WATER!V10 -> 5.6603774 | AF9: =AD9-AD8 -> 0 | AG9: =(AD9/'Finance Only'!B12)*100 -> 7.2250855 | AH9: =AI8 -> 1077893 | AI9: 1078472 | AJ9: =MAX(0,AI9-AH9) -> 579 | AK9: =AJ9-AJ8 -> 65 | AL9: =(AJ9/'Finance Only'!B12)*100 -> 2.788883 | AM9: =AN8 -> 1080000 | AN9: 1080600 | AO9: =MAX(0,AN9-AM9) -> 600 | AP9: =AO9-AO8 -> 0 | AQ9: =(AO9/'Finance Only'!B12)*100 -> 2.8900342 | AR9: =AS8 -> 2437300 | AS9: 2438200 | AT9: =MAX(0,AS9-AR9) -> 900 | AU9: =AT9-AT8 -> -400 | AV9: =(AT9/'Finance Only'!B12)*100 -> 4.3350513 | AW9: =AX8 -> 5181.4 | AX9: 5492.2 | AY9: =MAX(0,AX9-AW9) -> 310.8 | AZ9: =AY9-AY8 -> -16.7 | BA9: =(AY9/'Finance Only'!B12)*100 -> 1.4970377 | BB9: =BC8 -> 986080 | BC9: 986460 | BD9: =MAX(0,BC9-BB9) -> 380 | BE9: =BD9-BD8 -> 10 | BF9: =(BD9/'Finance Only'!B12)*100 -> 1.830355 | BG9: =BH8 -> 1066100 | BH9: 1066300 | BI9: =MAX(0,BH9-BG9) -> 200 | BJ9: =BI9-BI8 -> -100 | BK9: =(BI9/'Finance Only'!B12)*100 -> 0.96334473 | BL9: =BM8 -> 1578300 | BM9: 1578700 | BN9: =MAX(0,BM9-BL9) -> 400 | BO9: =BN9-BN8 -> -120 | BP9: =(BN9/'Finance Only'!B12)*100 -> 1.9266895 | BQ9: =BR8 -> 133190 | BR9: 133340 | BS9: =MAX(0,BR9-BQ9) -> 150 | BT9: =BS9-BS8 -> 20 | BU9: =(BS9/'Finance Only'!B12)*100 -> 0.72250855 | BV9: =BW8 -> 570300 | BW9: 570790 | BX9: =MAX(0,BW9-BV9) -> 490 | BY9: =BX9-BX8 -> 90 | BZ9: =(BX9/'Finance Only'!B12)*100 -> 2.3601946 | CA9: =CB8 -> 1050000 | CB9: 1051100 | CC9: =MAX(0,CB9-CA9) -> 1100 | CD9: =CC9-CC8 -> 0 | CE9: =(CC9/'Finance Only'!B12)*100 -> 5.298396 | CF9: =CG8 -> 3403300 | CG9: 3406800 | CH9: =MAX(0,CG9-CF9) -> 3500 | CI9: =CH9-CH8 -> -500 | CJ9: =(CH9/'Finance Only'!B12)*100 -> 16.858533 | CK9: =CL8 -> 807230 | CL9: 807790 | CM9: =MAX(0,CL9-CK9) -> 560 | CN9: =CM9-CM8 -> -170 | CO9: =(CM9/'Finance Only'!B12)*100 -> 2.6973653 | CP9: =CQ8 -> 667240 | CQ9: 667690 | CR9: =MAX(0,CQ9-CP9) -> 450 | CS9: =CR9-CR8 -> -130 | CT9: =(CR9/'Finance Only'!B12)*100 -> 2.1675256 | CU9: =CV8 -> 554370 | CV9: 554680 | CW9: =MAX(0,CV9-CU9) -> 310 | CX9: =CW9-CW8 -> -170 | CY9: =(CW9/'Finance Only'!B12)*100 -> 1.4931843 | CZ9: =DA8 -> 927730 | DA9: 928390 | DB9: =MAX(0,DA9-CZ9) -> 660 | DC9: =DB9-DB8 -> -310 | DD9: =(DB9/'Finance Only'!B12)*100 -> 3.1790376 | DE9: =DF8 -> 708530 | DF9: 709020 | DG9: =MAX(0,DF9-DE9) -> 490 | DH9: =DG9-DG8 -> -190 | DI9: =(DG9/'Finance Only'!B12)*100 -> 2.3601946 | DJ9: =DK8 -> 617500 | DK9: 617930 | DL9: =MAX(0,DK9-DJ9) -> 430 | DM9: =DL9-DL8 -> -140 | DN9: =(DL9/'Finance Only'!B12)*100 -> 2.0711912 | DO9: =DP8 -> 336430 | DP9: 336790 | DQ9: =MAX(0,DP9-DO9) -> 360 | DR9: =DQ9-DQ8 -> -80 | DS9: =(DQ9/'Finance Only'!B12)*100 -> 1.7340205 | DT9: =DU8 -> 109570 | DU9: 109690 | DV9: =MAX(0,DU9-DT9) -> 120 | DW9: =DV9-DV8 -> 10 | DX9: =(DV9/'Finance Only'!B12)*100 -> 0.57800684 | DY9: =DZ8 -> 69975 | DZ9: 70059 | EA9: =MAX(0,DZ9-DY9) -> 84 | EB9: =EA9-EA8 -> -7 | EC9: =(EA9/'Finance Only'!B12)*100 -> 0.40460479 | ED9: =EE8 -> 223510 | EE9: 223790 | EF9: =MAX(0,EE9-ED9) -> 280 | EG9: =EF9-EF8 -> 20 | EH9: =(EF9/'Finance Only'!B12)*100 -> 1.3486826 | EI9: =EJ8 -> 250840 | EJ9: 251130 | EK9: =MAX(0,EJ9-EI9) -> 290 | EL9: =EK9-EK8 -> -80 | EM9: =(EK9/'Finance Only'!B12)*100 -> 1.3968499 | EN9: =EO8 -> 414270 | EO9: 414780 | EP9: =MAX(0,EO9-EN9) -> 510 | EQ9: =EP9-EP8 -> -10 | ER9: =(EP9/'Finance Only'!B12)*100 -> 2.4565291 | ES9: =ET8 -> 0 | EU9: =MAX(0,ET9-ES9) -> 0 | EV9: =EU9-EU8 -> 0 | EW9: =(EU9/'Finance Only'!B12)*100 -> 0 | EX9: =EY8 -> 0 | EZ9: =MAX(0,EY9-EX9) -> 0 | FA9: =EZ9-EZ8 -> 0 | FB9: =(EZ9/'Finance Only'!G12)*100 -> 0 | FC9: =FD8 -> 0 | FE9: =MAX(0,FD9-FC9) -> 0 | FF9: =FE9-FE8 -> 0 | FG9: =(FE9/'Finance Only'!M12)*100 -> #DIV/0! | FM9: =FN8 -> 0 | FO9: =MAX(0,FN9-FM9) -> 0 | FP9: =FO9-FO8 -> 0 | FQ9: =(FO9/'Finance Only'!R12)*100 -> #DIV/0! | FR9: =FS8 -> 0 | FT9: =MAX(0,FS9-FR9) -> 0 | FU9: =FT9-FT8 -> 0 | FV9: =(FT9/'Finance Only'!W12)*100 -> #DIV/0! | FW9: =FX8 -> 0 | FY9: =MAX(0,FX9-FW9) -> 0 | FZ9: =FY9-FY8 -> 0 | GA9: =(FY9/'Finance Only'!AB12)*100 -> #DIV/0! | GC9: =SUM(E9+J9) -> 5376 | GE9: =SUM(T9+Y9+EA9+EF9+EK9+EP9) -> 5967 | GG9: =SUM(AO9+AT9) -> 1500 | GI9: =SUM(AY9+BD9+BI9) -> 890.8 | GK9: =SUM(BN9+BS9+EU9) -> 550 | GM9: =SUM(EZ9+FE9) -> 0
A10: 6 | B10: ='Finance Only'!G13 -> 13.6 | C10: =D9 -> 27007034 | D10: 27009508 | E10: =MAX(0,D10-C10) -> 2474 | F10: =E10-E9 -> -12 | G10: =(E10/'Finance Only'!B13)*100 -> 13.065751 | H10: =I9 -> 24909588 | I10: 24912707 | J10: =MAX(0,I10-H10) -> 3119 | K10: =J10-J9 -> 229 | L10: =(J10/'Finance Only'!B13)*100 -> 16.472142 | M10: =N9 -> 91866074 | N10: 91875806 | O10: =MAX(0,N10-M10) -> 9732 | P10: =O10-O9 -> -758 | Q10: =(O10/'Finance Only'!B13)*100 -> 51.396884 | R10: =S9 -> 3010700 | S10: 3012900 | T10: =MAX(0,S10-R10) -> 2200 | U10: =T10-T9 -> 0 | V10: =(T10/'Finance Only'!B13)*100 -> 11.618696 | W10: =X9 -> 4075600 | X10: 4078192 | Y10: =MAX(0,X10-W10) -> 2592 | Z10: =Y10-Y9 -> -11 | AA10: =(Y10/'Finance Only'!B13)*100 -> 13.688936 | AB10: =AC9 -> 2648400 | AC10: 2649800 | AD10: =MAX(0,AC10-AB10) -> 1400 | AE10: =AD10/WATER!V11 -> 4.620462 | AF10: =AD10-AD9 -> -100 | AG10: =(AD10/'Finance Only'!B13)*100 -> 7.3937153 | AH10: =AI9 -> 1078472 | AI10: 1079010 | AJ10: =MAX(0,AI10-AH10) -> 538 | AK10: =AJ10-AJ9 -> -41 | AL10: =(AJ10/'Finance Only'!B13)*100 -> 2.8412992 | AM10: =AN9 -> 1080600 | AN10: 1081100 | AO10: =MAX(0,AN10-AM10) -> 500 | AP10: =AO10-AO9 -> -100 | AQ10: =(AO10/'Finance Only'!B13)*100 -> 2.6406126 | AR10: =AS9 -> 2438200 | AS10: 2439500 | AT10: =MAX(0,AS10-AR10) -> 1300 | AU10: =AT10-AT9 -> 400 | AV10: =(AT10/'Finance Only'!B13)*100 -> 6.8655928 | AW10: =AX9 -> 5492.2 | AX10: 5791.8 | AY10: =MAX(0,AX10-AW10) -> 299.6 | AZ10: =AY10-AY9 -> -11.2 | BA10: =(AY10/'Finance Only'!B13)*100 -> 1.5822551 | BB10: =BC9 -> 986460 | BC10: 986850 | BD10: =MAX(0,BC10-BB10) -> 390 | BE10: =BD10-BD9 -> 10 | BF10: =(BD10/'Finance Only'!B13)*100 -> 2.0596778 | BG10: =BH9 -> 1066300 | BH10: 1066600 | BI10: =MAX(0,BH10-BG10) -> 300 | BJ10: =BI10-BI9 -> 100 | BK10: =(BI10/'Finance Only'!B13)*100 -> 1.5843676 | BL10: =BM9 -> 1578700 | BM10: 1579200 | BN10: =MAX(0,BM10-BL10) -> 500 | BO10: =BN10-BN9 -> 100 | BP10: =(BN10/'Finance Only'!B13)*100 -> 2.6406126 | BQ10: =BR9 -> 133340 | BR10: 134700 | BS10: =MAX(0,BR10-BQ10) -> 1360 | BT10: =BS10-BS9 -> 1210 | BU10: =(BS10/'Finance Only'!B13)*100 -> 7.1824663 | BV10: =BW9 -> 570790 | BW10: 571210 | BX10: =MAX(0,BW10-BV10) -> 420 | BY10: =BX10-BX9 -> -70 | BZ10: =(BX10/'Finance Only'!B13)*100 -> 2.2181146 | CA10: =CB9 -> 1051100 | CB10: 1052200 | CC10: =MAX(0,CB10-CA10) -> 1100 | CD10: =CC10-CC9 -> 0 | CE10: =(CC10/'Finance Only'!B13)*100 -> 5.8093478 | CF10: =CG9 -> 3406800 | CG10: 3410700 | CH10: =MAX(0,CG10-CF10) -> 3900 | CI10: =CH10-CH9 -> 400 | CJ10: =(CH10/'Finance Only'!B13)*100 -> 20.596778 | CK10: =CL9 -> 807790 | CL10: 808360 | CM10: =MAX(0,CL10-CK10) -> 570 | CN10: =CM10-CM9 -> 10 | CO10: =(CM10/'Finance Only'!B13)*100 -> 3.0102984 | CP10: =CQ9 -> 667690 | CQ10: 668200 | CR10: =MAX(0,CQ10-CP10) -> 510 | CS10: =CR10-CR9 -> 60 | CT10: =(CR10/'Finance Only'!B13)*100 -> 2.6934249 | CU10: =CV9 -> 554680 | CV10: 555100 | CW10: =MAX(0,CV10-CU10) -> 420 | CX10: =CW10-CW9 -> 110 | CY10: =(CW10/'Finance Only'!B13)*100 -> 2.2181146 | CZ10: =DA9 -> 928390 | DA10: 929090 | DB10: =MAX(0,DA10-CZ10) -> 700 | DC10: =DB10-DB9 -> 40 | DD10: =(DB10/'Finance Only'!B13)*100 -> 3.6968577 | DE10: =DF9 -> 709020 | DF10: 709690 | DG10: =MAX(0,DF10-DE10) -> 670 | DH10: =DG10-DG9 -> 180 | DI10: =(DG10/'Finance Only'!B13)*100 -> 3.5384209 | DJ10: =DK9 -> 617930 | DK10: 618490 | DL10: =MAX(0,DK10-DJ10) -> 560 | DM10: =DL10-DL9 -> 130 | DN10: =(DL10/'Finance Only'!B13)*100 -> 2.9574861 | DO10: =DP9 -> 336790 | DP10: 337200 | DQ10: =MAX(0,DP10-DO10) -> 410 | DR10: =DQ10-DQ9 -> 50 | DS10: =(DQ10/'Finance Only'!B13)*100 -> 2.1653024 | DT10: =DU9 -> 109690 | DU10: 109780 | DV10: =MAX(0,DU10-DT10) -> 90 | DW10: =DV10-DV9 -> -30 | DX10: =(DV10/'Finance Only'!B13)*100 -> 0.47531027 | DY10: =DZ9 -> 70059 | DZ10: 70150 | EA10: =MAX(0,DZ10-DY10) -> 91 | EB10: =EA10-EA9 -> 7 | EC10: =(EA10/'Finance Only'!B13)*100 -> 0.4805915 | ED10: =EE9 -> 223790 | EE10: 224080 | EF10: =MAX(0,EE10-ED10) -> 290 | EG10: =EF10-EF9 -> 10 | EH10: =(EF10/'Finance Only'!B13)*100 -> 1.5315553 | EI10: =EJ9 -> 251130 | EJ10: 251440 | EK10: =MAX(0,EJ10-EI10) -> 310 | EL10: =EK10-EK9 -> 20 | EM10: =(EK10/'Finance Only'!B13)*100 -> 1.6371798 | EN10: =EO9 -> 414780 | EO10: 415290 | EP10: =MAX(0,EO10-EN10) -> 510 | EQ10: =EP10-EP9 -> 0 | ER10: =(EP10/'Finance Only'!B13)*100 -> 2.6934249 | ES10: =ET9 -> 0 | EU10: =MAX(0,ET10-ES10) -> 0 | EV10: =EU10-EU9 -> 0 | EW10: =(EU10/'Finance Only'!B13)*100 -> 0 | EX10: =EY9 -> 0 | EZ10: =MAX(0,EY10-EX10) -> 0 | FA10: =EZ10-EZ9 -> 0 | FB10: =(EZ10/'Finance Only'!G13)*100 -> 0 | FC10: =FD9 -> 0 | FE10: =MAX(0,FD10-FC10) -> 0 | FF10: =FE10-FE9 -> 0 | FG10: =(FE10/'Finance Only'!M13)*100 -> #DIV/0! | FM10: =FN9 -> 0 | FO10: =MAX(0,FN10-FM10) -> 0 | FP10: =FO10-FO9 -> 0 | FQ10: =(FO10/'Finance Only'!R13)*100 -> #DIV/0! | FR10: =FS9 -> 0 | FT10: =MAX(0,FS10-FR10) -> 0 | FU10: =FT10-FT9 -> 0 | FV10: =(FT10/'Finance Only'!W13)*100 -> #DIV/0! | FW10: =FX9 -> 0 | FY10: =MAX(0,FX10-FW10) -> 0 | FZ10: =FY10-FY9 -> 0 | GA10: =(FY10/'Finance Only'!AB13)*100 -> #DIV/0! | GC10: =SUM(E10+J10) -> 5593 | GE10: =SUM(T10+Y10+EA10+EF10+EK10+EP10) -> 5993 | GG10: =SUM(AO10+AT10) -> 1800 | GI10: =SUM(AY10+BD10+BI10) -> 989.6 | GK10: =SUM(BN10+BS10+EU10) -> 1860 | GM10: =SUM(EZ10+FE10) -> 0
A11: 7 | B11: ='Finance Only'!G14 -> 13.6 | C11: =D10 -> 27009508 | D11: 27011885 | E11: =MAX(0,D11-C11) -> 2377 | F11: =E11-E10 -> -97 | G11: =(E11/'Finance Only'!B14)*100 -> 11.114748 | H11: =I10 -> 24912707 | I11: 24915857 | J11: =MAX(0,I11-H11) -> 3150 | K11: =J11-J10 -> 31 | L11: =(J11/'Finance Only'!B14)*100 -> 14.729262 | M11: =N10 -> 91875806 | N11: 91885044 | O11: =MAX(0,N11-M11) -> 9238 | P11: =O11-O10 -> -494 | Q11: =(O11/'Finance Only'!B14)*100 -> 43.196484 | R11: =S10 -> 3012900 | S11: 3015100 | T11: =MAX(0,S11-R11) -> 2200 | U11: =T11-T10 -> 0 | V11: =(T11/'Finance Only'!B14)*100 -> 10.287104 | W11: =X10 -> 4078192 | X11: 4080795 | Y11: =MAX(0,X11-W11) -> 2603 | Z11: =Y11-Y10 -> 11 | AA11: =(Y11/'Finance Only'!B14)*100 -> 12.171514 | AB11: =AC10 -> 2649800 | AC11: 2651200 | AD11: =MAX(0,AC11-AB11) -> 1400 | AE11: =AD11/WATER!V12 -> 4.9469965 | AF11: =AD11-AD10 -> 0 | AG11: =(AD11/'Finance Only'!B14)*100 -> 6.5463387 | AH11: =AI10 -> 1079010 | AI11: 1079538 | AJ11: =MAX(0,AI11-AH11) -> 528 | AK11: =AJ11-AJ10 -> -10 | AL11: =(AJ11/'Finance Only'!B14)*100 -> 2.4689049 | AM11: =AN10 -> 1081100 | AN11: 1081700 | AO11: =MAX(0,AN11-AM11) -> 600 | AP11: =AO11-AO10 -> 100 | AQ11: =(AO11/'Finance Only'!B14)*100 -> 2.8055737 | AR11: =AS10 -> 2439500 | AS11: 2440200 | AT11: =MAX(0,AS11-AR11) -> 700 | AU11: =AT11-AT10 -> -600 | AV11: =(AT11/'Finance Only'!B14)*100 -> 3.2731694 | AW11: =AX10 -> 5791.8 | AX11: 6081.8 | AY11: =MAX(0,AX11-AW11) -> 290 | AZ11: =AY11-AY10 -> -9.6 | BA11: =(AY11/'Finance Only'!B14)*100 -> 1.3560273 | BB11: =BC10 -> 986850 | BC11: 987180 | BD11: =MAX(0,BC11-BB11) -> 330 | BE11: =BD11-BD10 -> -60 | BF11: =(BD11/'Finance Only'!B14)*100 -> 1.5430656 | BG11: =BH10 -> 1066600 | BH11: 1066800 | BI11: =MAX(0,BH11-BG11) -> 200 | BJ11: =BI11-BI10 -> -100 | BK11: =(BI11/'Finance Only'!B14)*100 -> 0.93519125 | BL11: =BM10 -> 1579200 | BM11: 1579600 | BN11: =MAX(0,BM11-BL11) -> 400 | BO11: =BN11-BN10 -> -100 | BP11: =(BN11/'Finance Only'!B14)*100 -> 1.8703825 | BQ11: =BR10 -> 134700 | BR11: 133590 | BS11: =MAX(0,BR11-BQ11) -> 0 | BT11: =BS11-BS10 -> -1360 | BU11: =(BS11/'Finance Only'!B14)*100 -> 0 | BV11: =BW10 -> 571210 | BW11: 571590 | BX11: =MAX(0,BW11-BV11) -> 380 | BY11: =BX11-BX10 -> -40 | BZ11: =(BX11/'Finance Only'!B14)*100 -> 1.7768634 | CA11: =CB10 -> 1052200 | CB11: 1053300 | CC11: =MAX(0,CB11-CA11) -> 1100 | CD11: =CC11-CC10 -> 0 | CE11: =(CC11/'Finance Only'!B14)*100 -> 5.1435519 | CF11: =CG10 -> 3410700 | CG11: 3414700 | CH11: =MAX(0,CG11-CF11) -> 4000 | CI11: =CH11-CH10 -> 100 | CJ11: =(CH11/'Finance Only'!B14)*100 -> 18.703825 | CK11: =CL10 -> 808360 | CL11: 808880 | CM11: =MAX(0,CL11-CK11) -> 520 | CN11: =CM11-CM10 -> -50 | CO11: =(CM11/'Finance Only'!B14)*100 -> 2.4314972 | CP11: =CQ10 -> 668200 | CQ11: 668610 | CR11: =MAX(0,CQ11-CP11) -> 410 | CS11: =CR11-CR10 -> -100 | CT11: =(CR11/'Finance Only'!B14)*100 -> 1.9171421 | CU11: =CV10 -> 555100 | CV11: 555470 | CW11: =MAX(0,CV11-CU11) -> 370 | CX11: =CW11-CW10 -> -50 | CY11: =(CW11/'Finance Only'!B14)*100 -> 1.7301038 | CZ11: =DA10 -> 929090 | DA11: 929840 | DB11: =MAX(0,DA11-CZ11) -> 750 | DC11: =DB11-DB10 -> 50 | DD11: =(DB11/'Finance Only'!B14)*100 -> 3.5069672 | DE11: =DF10 -> 709690 | DF11: 710390 | DG11: =MAX(0,DF11-DE11) -> 700 | DH11: =DG11-DG10 -> 30 | DI11: =(DG11/'Finance Only'!B14)*100 -> 3.2731694 | DJ11: =DK10 -> 618490 | DK11: 618940 | DL11: =MAX(0,DK11-DJ11) -> 450 | DM11: =DL11-DL10 -> -110 | DN11: =(DL11/'Finance Only'!B14)*100 -> 2.1041803 | DO11: =DP10 -> 337200 | DP11: 337570 | DQ11: =MAX(0,DP11-DO11) -> 370 | DR11: =DQ11-DQ10 -> -40 | DS11: =(DQ11/'Finance Only'!B14)*100 -> 1.7301038 | DT11: =DU10 -> 109780 | DU11: 109920 | DV11: =MAX(0,DU11-DT11) -> 140 | DW11: =DV11-DV10 -> 50 | DX11: =(DV11/'Finance Only'!B14)*100 -> 0.65463387 | DY11: =DZ10 -> 70150 | DZ11: 70034 | EA11: =MAX(0,DZ11-DY11) -> 0 | EB11: =EA11-EA10 -> -91 | EC11: =(EA11/'Finance Only'!B14)*100 -> 0 | ED11: =EE10 -> 224080 | EE11: 224310 | EF11: =MAX(0,EE11-ED11) -> 230 | EG11: =EF11-EF10 -> -60 | EH11: =(EF11/'Finance Only'!B14)*100 -> 1.0754699 | EI11: =EJ10 -> 251440 | EJ11: 251750 | EK11: =MAX(0,EJ11-EI11) -> 310 | EL11: =EK11-EK10 -> 0 | EM11: =(EK11/'Finance Only'!B14)*100 -> 1.4495464 | EN11: =EO10 -> 415290 | EO11: 415760 | EP11: =MAX(0,EO11-EN11) -> 470 | EQ11: =EP11-EP10 -> -40 | ER11: =(EP11/'Finance Only'!B14)*100 -> 2.1976994 | ES11: =ET10 -> 0 | EU11: =MAX(0,ET11-ES11) -> 0 | EV11: =EU11-EU10 -> 0 | EW11: =(EU11/'Finance Only'!B14)*100 -> 0 | EX11: =EY10 -> 0 | EZ11: =MAX(0,EY11-EX11) -> 0 | FA11: =EZ11-EZ10 -> 0 | FB11: =(EZ11/'Finance Only'!G14)*100 -> 0 | FC11: =FD10 -> 0 | FE11: =MAX(0,FD11-FC11) -> 0 | FF11: =FE11-FE10 -> 0 | FG11: =(FE11/'Finance Only'!M14)*100 -> #DIV/0! | FM11: =FN10 -> 0 | FO11: =MAX(0,FN11-FM11) -> 0 | FP11: =FO11-FO10 -> 0 | FQ11: =(FO11/'Finance Only'!R14)*100 -> #DIV/0! | FR11: =FS10 -> 0 | FT11: =MAX(0,FS11-FR11) -> 0 | FU11: =FT11-FT10 -> 0 | FV11: =(FT11/'Finance Only'!W14)*100 -> #DIV/0! | FW11: =FX10 -> 0 | FY11: =MAX(0,FX11-FW11) -> 0 | FZ11: =FY11-FY10 -> 0 | GA11: =(FY11/'Finance Only'!AB14)*100 -> #DIV/0! | GC11: =SUM(E11+J11) -> 5527 | GE11: =SUM(T11+Y11+EA11+EF11+EK11+EP11) -> 5813 | GG11: =SUM(AO11+AT11) -> 1300 | GI11: =SUM(AY11+BD11+BI11) -> 820 | GK11: =SUM(BN11+BS11+EU11) -> 400 | GM11: =SUM(EZ11+FE11) -> 0
A12: 8 | B12: ='Finance Only'!G15 -> 15 | C12: =D11 -> 27011885 | D12: 27014536 | E12: =MAX(0,D12-C12) -> 2651 | F12: =E12-E11 -> 274 | G12: =(E12/'Finance Only'!B15)*100 -> 12.225604 | H12: =I11 -> 24915857 | I12: 24919492 | J12: =MAX(0,I12-H12) -> 3635 | K12: =J12-J11 -> 485 | L12: =(J12/'Finance Only'!B15)*100 -> 16.763512 | M12: =N11 -> 91885044 | N12: 91894974 | O12: =MAX(0,N12-M12) -> 9930 | P12: =O12-O11 -> 692 | Q12: =(O12/'Finance Only'!B15)*100 -> 45.794134 | R12: =S11 -> 3015100 | S12: 3017400 | T12: =MAX(0,S12-R12) -> 2300 | U12: =T12-T11 -> 100 | V12: =(T12/'Finance Only'!B15)*100 -> 10.606899 | W12: =X11 -> 4080795 | X12: 4083608 | Y12: =MAX(0,X12-W12) -> 2813 | Z12: =Y12-Y11 -> 210 | AA12: =(Y12/'Finance Only'!B15)*100 -> 12.972699 | AB12: =AC11 -> 2651200 | AC12: 2652900 | AD12: =MAX(0,AC12-AB12) -> 1700 | AE12: =AD12/WATER!V13 -> 5.9027778 | AF12: =AD12-AD11 -> 300 | AG12: =(AD12/'Finance Only'!B15)*100 -> 7.8398819 | AH12: =AI11 -> 1079538 | AI12: 1080076 | AJ12: =MAX(0,AI12-AH12) -> 538 | AK12: =AJ12-AJ11 -> 10 | AL12: =(AJ12/'Finance Only'!B15)*100 -> 2.481092 | AM12: =AN11 -> 1081700 | AN12: 1082400 | AO12: =MAX(0,AN12-AM12) -> 700 | AP12: =AO12-AO11 -> 100 | AQ12: =(AO12/'Finance Only'!B15)*100 -> 3.2281867 | AR12: =AS11 -> 2440200 | AS12: 2441400 | AT12: =MAX(0,AS12-AR12) -> 1200 | AU12: =AT12-AT11 -> 500 | AV12: =(AT12/'Finance Only'!B15)*100 -> 5.5340343 | AW12: =AX11 -> 6081.8 | AX12: 6421.6 | AY12: =MAX(0,AX12-AW12) -> 339.8 | AZ12: =AY12-AY11 -> 49.8 | BA12: =(AY12/'Finance Only'!B15)*100 -> 1.567054 | BB12: =BC11 -> 987180 | BC12: 987530 | BD12: =MAX(0,BC12-BB12) -> 350 | BE12: =BD12-BD11 -> 20 | BF12: =(BD12/'Finance Only'!B15)*100 -> 1.6140933 | BG12: =BH11 -> 1066800 | BH12: 1067100 | BI12: =MAX(0,BH12-BG12) -> 300 | BJ12: =BI12-BI11 -> 100 | BK12: =(BI12/'Finance Only'!B15)*100 -> 1.3835086 | BL12: =BM11 -> 1579600 | BM12: 1580100 | BN12: =MAX(0,BM12-BL12) -> 500 | BO12: =BN12-BN11 -> 100 | BP12: =(BN12/'Finance Only'!B15)*100 -> 2.3058476 | BQ12: =BR11 -> 133590 | BR12: 133730 | BS12: =MAX(0,BR12-BQ12) -> 140 | BT12: =BS12-BS11 -> 140 | BU12: =(BS12/'Finance Only'!B15)*100 -> 0.64563734 | BV12: =BW11 -> 571590 | BW12: 571980 | BX12: =MAX(0,BW12-BV12) -> 390 | BY12: =BX12-BX11 -> 10 | BZ12: =(BX12/'Finance Only'!B15)*100 -> 1.7985612 | CA12: =CB11 -> 1053300 | CB12: 1054400 | CC12: =MAX(0,CB12-CA12) -> 1100 | CD12: =CC12-CC11 -> 0 | CE12: =(CC12/'Finance Only'!B15)*100 -> 5.0728648 | CF12: =CG11 -> 3414700 | CG12: 3419400 | CH12: =MAX(0,CG12-CF12) -> 4700 | CI12: =CH12-CH11 -> 700 | CJ12: =(CH12/'Finance Only'!B15)*100 -> 21.674968 | CK12: =CL11 -> 808880 | CL12: 809560 | CM12: =MAX(0,CL12-CK12) -> 680 | CN12: =CM12-CM11 -> 160 | CO12: =(CM12/'Finance Only'!B15)*100 -> 3.1359528 | CP12: =CQ11 -> 668610 | CQ12: 669220 | CR12: =MAX(0,CQ12-CP12) -> 610 | CS12: =CR12-CR11 -> 200 | CT12: =(CR12/'Finance Only'!B15)*100 -> 2.8131341 | CU12: =CV11 -> 555470 | CV12: 555980 | CW12: =MAX(0,CV12-CU12) -> 510 | CX12: =CW12-CW11 -> 140 | CY12: =(CW12/'Finance Only'!B15)*100 -> 2.3519646 | CZ12: =DA11 -> 929840 | DA12: 930710 | DB12: =MAX(0,DA12-CZ12) -> 870 | DC12: =DB12-DB11 -> 120 | DD12: =(DB12/'Finance Only'!B15)*100 -> 4.0121749 | DE12: =DF11 -> 710390 | DF12: 711340 | DG12: =MAX(0,DF12-DE12) -> 950 | DH12: =DG12-DG11 -> 250 | DI12: =(DG12/'Finance Only'!B15)*100 -> 4.3811105 | DJ12: =DK11 -> 618940 | DK12: 619500 | DL12: =MAX(0,DK12-DJ12) -> 560 | DM12: =DL12-DL11 -> 110 | DN12: =(DL12/'Finance Only'!B15)*100 -> 2.5825493 | DO12: =DP11 -> 337570 | DP12: 337900 | DQ12: =MAX(0,DP12-DO12) -> 330 | DR12: =DQ12-DQ11 -> -40 | DS12: =(DQ12/'Finance Only'!B15)*100 -> 1.5218594 | DT12: =DU11 -> 109920 | DU12: 110050 | DV12: =MAX(0,DU12-DT12) -> 130 | DW12: =DV12-DV11 -> -10 | DX12: =(DV12/'Finance Only'!B15)*100 -> 0.59952038 | DY12: =DZ11 -> 70034 | DZ12: 70328 | EA12: =MAX(0,DZ12-DY12) -> 294 | EB12: =EA12-EA11 -> 294 | EC12: =(EA12/'Finance Only'!B15)*100 -> 1.3558384 | ED12: =EE11 -> 224310 | EE12: 224590 | EF12: =MAX(0,EE12-ED12) -> 280 | EG12: =EF12-EF11 -> 50 | EH12: =(EF12/'Finance Only'!B15)*100 -> 1.2912747 | EI12: =EJ11 -> 251750 | EJ12: 252090 | EK12: =MAX(0,EJ12-EI12) -> 340 | EL12: =EK12-EK11 -> 30 | EM12: =(EK12/'Finance Only'!B15)*100 -> 1.5679764 | EN12: =EO11 -> 415760 | EO12: 416260 | EP12: =MAX(0,EO12-EN12) -> 500 | EQ12: =EP12-EP11 -> 30 | ER12: =(EP12/'Finance Only'!B15)*100 -> 2.3058476 | ES12: =ET11 -> 0 | EU12: =MAX(0,ET12-ES12) -> 0 | EV12: =EU12-EU11 -> 0 | EW12: =(EU12/'Finance Only'!B15)*100 -> 0 | EX12: =EY11 -> 0 | EZ12: =MAX(0,EY12-EX12) -> 0 | FA12: =EZ12-EZ11 -> 0 | FB12: =(EZ12/'Finance Only'!G15)*100 -> 0 | FC12: =FD11 -> 0 | FE12: =MAX(0,FD12-FC12) -> 0 | FF12: =FE12-FE11 -> 0 | FG12: =(FE12/'Finance Only'!M15)*100 -> #DIV/0! | FM12: =FN11 -> 0 | FO12: =MAX(0,FN12-FM12) -> 0 | FP12: =FO12-FO11 -> 0 | FQ12: =(FO12/'Finance Only'!R15)*100 -> #DIV/0! | FR12: =FS11 -> 0 | FT12: =MAX(0,FS12-FR12) -> 0 | FU12: =FT12-FT11 -> 0 | FV12: =(FT12/'Finance Only'!W15)*100 -> #DIV/0! | FW12: =FX11 -> 0 | FY12: =MAX(0,FX12-FW12) -> 0 | FZ12: =FY12-FY11 -> 0 | GA12: =(FY12/'Finance Only'!AB15)*100 -> #DIV/0! | GC12: =SUM(E12+J12) -> 6286 | GE12: =SUM(T12+Y12+EA12+EF12+EK12+EP12) -> 6527 | GG12: =SUM(AO12+AT12) -> 1900 | GI12: =SUM(AY12+BD12+BI12) -> 989.8 | GK12: =SUM(BN12+BS12+EU12) -> 640 | GM12: =SUM(EZ12+FE12) -> 0
A13: 9 | B13: ='Finance Only'!G16 -> 12 | C13: =D12 -> 27014536 | D13: 27017148 | E13: =MAX(0,D13-C13) -> 2612 | F13: =E13-E12 -> -39 | G13: =(E13/'Finance Only'!B16)*100 -> 12.302765 | H13: =I12 -> 24919492 | I13: 24923396 | J13: =MAX(0,I13-H13) -> 3904 | K13: =J13-J12 -> 269 | L13: =(J13/'Finance Only'!B16)*100 -> 18.388206 | M13: =N12 -> 91894974 | N13: 91904545 | O13: =MAX(0,N13-M13) -> 9571 | P13: =O13-O12 -> -359 | Q13: =(O13/'Finance Only'!B16)*100 -> 45.080307 | R13: =S12 -> 3017400 | S13: 3019700 | T13: =MAX(0,S13-R13) -> 2300 | U13: =T13-T12 -> 0 | V13: =(T13/'Finance Only'!B16)*100 -> 10.833216 | W13: =X12 -> 4083608 | X13: 4086413 | Y13: =MAX(0,X13-W13) -> 2805 | Z13: =Y13-Y12 -> -8 | AA13: =(Y13/'Finance Only'!B16)*100 -> 13.211813 | AB13: =AC12 -> 2652900 | AC13: 2654500 | AD13: =MAX(0,AC13-AB13) -> 1600 | AE13: =AD13/WATER!V14 -> 3.7296037 | AF13: =AD13-AD12 -> -100 | AG13: =(AD13/'Finance Only'!B16)*100 -> 7.53615 | AH13: =AI12 -> 1080076 | AI13: 1080559 | AJ13: =MAX(0,AI13-AH13) -> 483 | AK13: =AJ13-AJ12 -> -55 | AL13: =(AJ13/'Finance Only'!B16)*100 -> 2.2749753 | AM13: =AN12 -> 1082400 | AN13: 1083000 | AO13: =MAX(0,AN13-AM13) -> 600 | AP13: =AO13-AO12 -> -100 | AQ13: =(AO13/'Finance Only'!B16)*100 -> 2.8260562 | AR13: =AS12 -> 2441400 | AS13: 2442100 | AT13: =MAX(0,AS13-AR13) -> 700 | AU13: =AT13-AT12 -> -500 | AV13: =(AT13/'Finance Only'!B16)*100 -> 3.2970656 | AW13: =AX12 -> 6421.6 | AX13: 6753.7 | AY13: =MAX(0,AX13-AW13) -> 332.1 | AZ13: =AY13-AY12 -> -7.7 | BA13: =(AY13/'Finance Only'!B16)*100 -> 1.5642221 | BB13: =BC12 -> 987530 | BC13: 987890 | BD13: =MAX(0,BC13-BB13) -> 360 | BE13: =BD13-BD12 -> 10 | BF13: =(BD13/'Finance Only'!B16)*100 -> 1.6956337 | BG13: =BH12 -> 1067100 | BH13: 1067400 | BI13: =MAX(0,BH13-BG13) -> 300 | BJ13: =BI13-BI12 -> 0 | BK13: =(BI13/'Finance Only'!B16)*100 -> 1.4130281 | BL13: =BM12 -> 1580100 | BM13: 1580600 | BN13: =MAX(0,BM13-BL13) -> 500 | BO13: =BN13-BN12 -> 0 | BP13: =(BN13/'Finance Only'!B16)*100 -> 2.3550469 | BQ13: =BR12 -> 133730 | BR13: 133850 | BS13: =MAX(0,BR13-BQ13) -> 120 | BT13: =BS13-BS12 -> -20 | BU13: =(BS13/'Finance Only'!B16)*100 -> 0.56521125 | BV13: =BW12 -> 571980 | BW13: 572370 | BX13: =MAX(0,BW13-BV13) -> 390 | BY13: =BX13-BX12 -> 0 | BZ13: =(BX13/'Finance Only'!B16)*100 -> 1.8369366 | CA13: =CB12 -> 1054400 | CB13: 1055500 | CC13: =MAX(0,CB13-CA13) -> 1100 | CD13: =CC13-CC12 -> 0 | CE13: =(CC13/'Finance Only'!B16)*100 -> 5.1811031 | CF13: =CG12 -> 3419400 | CG13: 3424300 | CH13: =MAX(0,CG13-CF13) -> 4900 | CI13: =CH13-CH12 -> 200 | CJ13: =(CH13/'Finance Only'!B16)*100 -> 23.079459 | CK13: =CL12 -> 809560 | CL13: 810360 | CM13: =MAX(0,CL13-CK13) -> 800 | CN13: =CM13-CM12 -> 120 | CO13: =(CM13/'Finance Only'!B16)*100 -> 3.768075 | CP13: =CQ12 -> 669220 | CQ13: 669860 | CR13: =MAX(0,CQ13-CP13) -> 640 | CS13: =CR13-CR12 -> 30 | CT13: =(CR13/'Finance Only'!B16)*100 -> 3.01446 | CU13: =CV12 -> 555980 | CV13: 556540 | CW13: =MAX(0,CV13-CU13) -> 560 | CX13: =CW13-CW12 -> 50 | CY13: =(CW13/'Finance Only'!B16)*100 -> 2.6376525 | CZ13: =DA12 -> 930710 | DA13: 931650 | DB13: =MAX(0,DA13-CZ13) -> 940 | DC13: =DB13-DB12 -> 70 | DD13: =(DB13/'Finance Only'!B16)*100 -> 4.4274881 | DE13: =DF12 -> 711340 | DF13: 712210 | DG13: =MAX(0,DF13-DE13) -> 870 | DH13: =DG13-DG12 -> -80 | DI13: =(DG13/'Finance Only'!B16)*100 -> 4.0977815 | DJ13: =DK12 -> 619500 | DK13: 620140 | DL13: =MAX(0,DK13-DJ13) -> 640 | DM13: =DL13-DL12 -> 80 | DN13: =(DL13/'Finance Only'!B16)*100 -> 3.01446 | DO13: =DP12 -> 337900 | DP13: 338210 | DQ13: =MAX(0,DP13-DO13) -> 310 | DR13: =DQ13-DQ12 -> -20 | DS13: =(DQ13/'Finance Only'!B16)*100 -> 1.4601291 | DT13: =DU12 -> 110050 | DU13: 110180 | DV13: =MAX(0,DU13-DT13) -> 130 | DW13: =DV13-DV12 -> 0 | DX13: =(DV13/'Finance Only'!B16)*100 -> 0.61231219 | DY13: =DZ12 -> 70328 | DZ13: 70420 | EA13: =MAX(0,DZ13-DY13) -> 92 | EB13: =EA13-EA12 -> -202 | EC13: =(EA13/'Finance Only'!B16)*100 -> 0.43332862 | ED13: =EE12 -> 224590 | EE13: 224850 | EF13: =MAX(0,EE13-ED13) -> 260 | EG13: =EF13-EF12 -> -20 | EH13: =(EF13/'Finance Only'!B16)*100 -> 1.2246244 | EI13: =EJ12 -> 252090 | EJ13: 252330 | EK13: =MAX(0,EJ13-EI13) -> 240 | EL13: =EK13-EK12 -> -100 | EM13: =(EK13/'Finance Only'!B16)*100 -> 1.1304225 | EN13: =EO12 -> 416260 | EO13: 416730 | EP13: =MAX(0,EO13-EN13) -> 470 | EQ13: =EP13-EP12 -> -30 | ER13: =(EP13/'Finance Only'!B16)*100 -> 2.2137441 | ES13: =ET12 -> 0 | EU13: =MAX(0,ET13-ES13) -> 0 | EV13: =EU13-EU12 -> 0 | EW13: =(EU13/'Finance Only'!B16)*100 -> 0 | EX13: =EY12 -> 0 | EZ13: =MAX(0,EY13-EX13) -> 0 | FA13: =EZ13-EZ12 -> 0 | FB13: =(EZ13/'Finance Only'!G16)*100 -> 0 | FC13: =FD12 -> 0 | FE13: =MAX(0,FD13-FC13) -> 0 | FF13: =FE13-FE12 -> 0 | FG13: =(FE13/'Finance Only'!M16)*100 -> #DIV/0! | FM13: =FN12 -> 0 | FO13: =MAX(0,FN13-FM13) -> 0 | FP13: =FO13-FO12 -> 0 | FQ13: =(FO13/'Finance Only'!R16)*100 -> #DIV/0! | FR13: =FS12 -> 0 | FT13: =MAX(0,FS13-FR13) -> 0 | FU13: =FT13-FT12 -> 0 | FV13: =(FT13/'Finance Only'!W16)*100 -> #DIV/0! | FW13: =FX12 -> 0 | FY13: =MAX(0,FX13-FW13) -> 0 | FZ13: =FY13-FY12 -> 0 | GA13: =(FY13/'Finance Only'!AB16)*100 -> #DIV/0! | GC13: =SUM(E13+J13) -> 6516 | GE13: =SUM(T13+Y13+EA13+EF13+EK13+EP13) -> 6167 | GG13: =SUM(AO13+AT13) -> 1300 | GI13: =SUM(AY13+BD13+BI13) -> 992.1 | GK13: =SUM(BN13+BS13+EU13) -> 620 | GM13: =SUM(EZ13+FE13) -> 0
A14: 10 | B14: ='Finance Only'!G17 -> 12 | C14: =D13 -> 27017148 | D14: 27019791 | E14: =MAX(0,D14-C14) -> 2643 | F14: =E14-E13 -> 31 | G14: =(E14/'Finance Only'!B17)*100 -> 11.914529 | H14: =I13 -> 24923396 | I14: 24927475 | J14: =MAX(0,I14-H14) -> 4079 | K14: =J14-J13 -> 175 | L14: =(J14/'Finance Only'!B17)*100 -> 18.387955 | M14: =N13 -> 91904545 | N14: 91914861 | O14: =MAX(0,N14-M14) -> 10316 | P14: =O14-O13 -> 745 | Q14: =(O14/'Finance Only'!B17)*100 -> 46.50408 | R14: =S13 -> 3019700 | S14: 3022200 | T14: =MAX(0,S14-R14) -> 2500 | U14: =T14-T13 -> 200 | V14: =(T14/'Finance Only'!B17)*100 -> 11.269891 | W14: =X13 -> 4086413 | X14: 4089281 | Y14: =MAX(0,X14-W14) -> 2868 | Z14: =Y14-Y13 -> 63 | AA14: =(Y14/'Finance Only'!B17)*100 -> 12.928819 | AB14: =AC13 -> 2654500 | AC14: 2656300 | AD14: =MAX(0,AC14-AB14) -> 1800 | AE14: =AD14/WATER!V15 -> 9.0452261 | AF14: =AD14-AD13 -> 200 | AG14: =(AD14/'Finance Only'!B17)*100 -> 8.1143218 | AH14: =AI13 -> 1080559 | AI14: 1081027 | AJ14: =MAX(0,AI14-AH14) -> 468 | AK14: =AJ14-AJ13 -> -15 | AL14: =(AJ14/'Finance Only'!B17)*100 -> 2.1097237 | AM14: =AN13 -> 1083000 | AN14: 1083700 | AO14: =MAX(0,AN14-AM14) -> 700 | AP14: =AO14-AO13 -> 100 | AQ14: =(AO14/'Finance Only'!B17)*100 -> 3.1555696 | AR14: =AS13 -> 2442100 | AS14: 2443200 | AT14: =MAX(0,AS14-AR14) -> 1100 | AU14: =AT14-AT13 -> 400 | AV14: =(AT14/'Finance Only'!B17)*100 -> 4.9587522 | AW14: =AX13 -> 6753.7 | AX14: 7120.4 | AY14: =MAX(0,AX14-AW14) -> 366.7 | AZ14: =AY14-AY13 -> 34.6 | BA14: =(AY14/'Finance Only'!B17)*100 -> 1.6530677 | BB14: =BC13 -> 987890 | BC14: 988260 | BD14: =MAX(0,BC14-BB14) -> 370 | BE14: =BD14-BD13 -> 10 | BF14: =(BD14/'Finance Only'!B17)*100 -> 1.6679439 | BG14: =BH13 -> 1067400 | BH14: 1067600 | BI14: =MAX(0,BH14-BG14) -> 200 | BJ14: =BI14-BI13 -> -100 | BK14: =(BI14/'Finance Only'!B17)*100 -> 0.90159131 | BL14: =BM13 -> 1580600 | BM14: 1581100 | BN14: =MAX(0,BM14-BL14) -> 500 | BO14: =BN14-BN13 -> 0 | BP14: =(BN14/'Finance Only'!B17)*100 -> 2.2539783 | BQ14: =BR13 -> 133850 | BR14: 133970 | BS14: =MAX(0,BR14-BQ14) -> 120 | BT14: =BS14-BS13 -> 0 | BU14: =(BS14/'Finance Only'!B17)*100 -> 0.54095479 | BV14: =BW13 -> 572370 | BW14: 572790 | BX14: =MAX(0,BW14-BV14) -> 420 | BY14: =BX14-BX13 -> 30 | BZ14: =(BX14/'Finance Only'!B17)*100 -> 1.8933417 | CA14: =CB13 -> 1055500 | CB14: 1056700 | CC14: =MAX(0,CB14-CA14) -> 1200 | CD14: =CC14-CC13 -> 100 | CE14: =(CC14/'Finance Only'!B17)*100 -> 5.4095479 | CF14: =CG13 -> 3424300 | CG14: 3428800 | CH14: =MAX(0,CG14-CF14) -> 4500 | CI14: =CH14-CH13 -> -400 | CJ14: =(CH14/'Finance Only'!B17)*100 -> 20.285804 | CK14: =CL13 -> 810360 | CL14: 810900 | CM14: =MAX(0,CL14-CK14) -> 540 | CN14: =CM14-CM13 -> -260 | CO14: =(CM14/'Finance Only'!B17)*100 -> 2.4342965 | CP14: =CQ13 -> 669860 | CQ14: 670400 | CR14: =MAX(0,CQ14-CP14) -> 540 | CS14: =CR14-CR13 -> -100 | CT14: =(CR14/'Finance Only'!B17)*100 -> 2.4342965 | CU14: =CV13 -> 556540 | CV14: 556980 | CW14: =MAX(0,CV14-CU14) -> 440 | CX14: =CW14-CW13 -> -120 | CY14: =(CW14/'Finance Only'!B17)*100 -> 1.9835009 | CZ14: =DA13 -> 931650 | DA14: 932650 | DB14: =MAX(0,DA14-CZ14) -> 1000 | DC14: =DB14-DB13 -> 60 | DD14: =(DB14/'Finance Only'!B17)*100 -> 4.5079565 | DE14: =DF13 -> 712210 | DF14: 713110 | DG14: =MAX(0,DF14-DE14) -> 900 | DH14: =DG14-DG13 -> 30 | DI14: =(DG14/'Finance Only'!B17)*100 -> 4.0571609 | DJ14: =DK13 -> 620140 | DK14: 620710 | DL14: =MAX(0,DK14-DJ14) -> 570 | DM14: =DL14-DL13 -> -70 | DN14: =(DL14/'Finance Only'!B17)*100 -> 2.5695352 | DO14: =DP13 -> 338210 | DP14: 338500 | DQ14: =MAX(0,DP14-DO14) -> 290 | DR14: =DQ14-DQ13 -> -20 | DS14: =(DQ14/'Finance Only'!B17)*100 -> 1.3073074 | DT14: =DU13 -> 110180 | DU14: 110280 | DV14: =MAX(0,DU14-DT14) -> 100 | DW14: =DV14-DV13 -> -30 | DX14: =(DV14/'Finance Only'!B17)*100 -> 0.45079565 | DY14: =DZ13 -> 70420 | DZ14: 70490 | EA14: =MAX(0,DZ14-DY14) -> 70 | EB14: =EA14-EA13 -> -22 | EC14: =(EA14/'Finance Only'!B17)*100 -> 0.31555696 | ED14: =EE13 -> 224850 | EE14: 225190 | EF14: =MAX(0,EE14-ED14) -> 340 | EG14: =EF14-EF13 -> 80 | EH14: =(EF14/'Finance Only'!B17)*100 -> 1.5327052 | EI14: =EJ13 -> 252330 | EJ14: 252630 | EK14: =MAX(0,EJ14-EI14) -> 300 | EL14: =EK14-EK13 -> 60 | EM14: =(EK14/'Finance Only'!B17)*100 -> 1.352387 | EN14: =EO13 -> 416730 | EO14: 417240 | EP14: =MAX(0,EO14-EN14) -> 510 | EQ14: =EP14-EP13 -> 40 | ER14: =(EP14/'Finance Only'!B17)*100 -> 2.2990578 | ES14: =ET13 -> 0 | EU14: =MAX(0,ET14-ES14) -> 0 | EV14: =EU14-EU13 -> 0 | EW14: =(EU14/'Finance Only'!B17)*100 -> 0 | EX14: =EY13 -> 0 | EZ14: =MAX(0,EY14-EX14) -> 0 | FA14: =EZ14-EZ13 -> 0 | FB14: =(EZ14/'Finance Only'!G17)*100 -> 0 | FC14: =FD13 -> 0 | FE14: =MAX(0,FD14-FC14) -> 0 | FF14: =FE14-FE13 -> 0 | FG14: =(FE14/'Finance Only'!M17)*100 -> #DIV/0! | FM14: =FN13 -> 0 | FO14: =MAX(0,FN14-FM14) -> 0 | FP14: =FO14-FO13 -> 0 | FQ14: =(FO14/'Finance Only'!R17)*100 -> #DIV/0! | FR14: =FS13 -> 0 | FT14: =MAX(0,FS14-FR14) -> 0 | FU14: =FT14-FT13 -> 0 | FV14: =(FT14/'Finance Only'!W17)*100 -> #DIV/0! | FW14: =FX13 -> 0 | FY14: =MAX(0,FX14-FW14) -> 0 | FZ14: =FY14-FY13 -> 0 | GA14: =(FY14/'Finance Only'!AB17)*100 -> #DIV/0! | GC14: =SUM(E14+J14) -> 6722 | GE14: =SUM(T14+Y14+EA14+EF14+EK14+EP14) -> 6588 | GG14: =SUM(AO14+AT14) -> 1800 | GI14: =SUM(AY14+BD14+BI14) -> 936.7 | GK14: =SUM(BN14+BS14+EU14) -> 620 | GM14: =SUM(EZ14+FE14) -> 0
A15: 11 | B15: ='Finance Only'!G18 -> 11 | C15: =D14 -> 27019791 | D15: 27022475 | E15: =MAX(0,D15-C15) -> 2684 | F15: =E15-E14 -> 41 | G15: =(E15/'Finance Only'!B18)*100 -> 12.06726 | H15: =I14 -> 24927475 | I15: 24931559 | J15: =MAX(0,I15-H15) -> 4084 | K15: =J15-J14 -> 5 | L15: =(J15/'Finance Only'!B18)*100 -> 18.361658 | M15: =N14 -> 91914861 | N15: 91925334 | O15: =MAX(0,N15-M15) -> 10473 | P15: =O15-O14 -> 157 | Q15: =(O15/'Finance Only'!B18)*100 -> 47.086593 | R15: =S14 -> 3022200 | S15: 3024600 | T15: =MAX(0,S15-R15) -> 2400 | U15: =T15-T14 -> -100 | V15: =(T15/'Finance Only'!B18)*100 -> 10.790397 | W15: =X14 -> 4089281 | X15: 4092080 | Y15: =MAX(0,X15-W15) -> 2799 | Z15: =Y15-Y14 -> -69 | AA15: =(Y15/'Finance Only'!B18)*100 -> 12.5843 | AB15: =AC14 -> 2656300 | AC15: 2658400 | AD15: =MAX(0,AC15-AB15) -> 2100 | AE15: =AD15/WATER!V16 -> 6.5830721 | AF15: =AD15-AD14 -> 300 | AG15: =(AD15/'Finance Only'!B18)*100 -> 9.441597 | AH15: =AI14 -> 1081027 | AI15: 1081522 | AJ15: =MAX(0,AI15-AH15) -> 495 | AK15: =AJ15-AJ14 -> 27 | AL15: =(AJ15/'Finance Only'!B18)*100 -> 2.2255193 | AM15: =AN14 -> 1083700 | AN15: 1084400 | AO15: =MAX(0,AN15-AM15) -> 700 | AP15: =AO15-AO14 -> 0 | AQ15: =(AO15/'Finance Only'!B18)*100 -> 3.147199 | AR15: =AS14 -> 2443200 | AS15: 2443900 | AT15: =MAX(0,AS15-AR15) -> 700 | AU15: =AT15-AT14 -> -400 | AV15: =(AT15/'Finance Only'!B18)*100 -> 3.147199 | AW15: =AX14 -> 7120.4 | AX15: 7495.6 | AY15: =MAX(0,AX15-AW15) -> 375.2 | AZ15: =AY15-AY14 -> 8.5 | BA15: =(AY15/'Finance Only'!B18)*100 -> 1.6868987 | BB15: =BC14 -> 988260 | BC15: 988610 | BD15: =MAX(0,BC15-BB15) -> 350 | BE15: =BD15-BD14 -> -20 | BF15: =(BD15/'Finance Only'!B18)*100 -> 1.5735995 | BG15: =BH14 -> 1067600 | BH15: 1067900 | BI15: =MAX(0,BH15-BG15) -> 300 | BJ15: =BI15-BI14 -> 100 | BK15: =(BI15/'Finance Only'!B18)*100 -> 1.3487996 | BL15: =BM14 -> 1581100 | BM15: 1581700 | BN15: =MAX(0,BM15-BL15) -> 600 | BO15: =BN15-BN14 -> 100 | BP15: =(BN15/'Finance Only'!B18)*100 -> 2.6975991 | BQ15: =BR14 -> 133970 | BR15: 134090 | BS15: =MAX(0,BR15-BQ15) -> 120 | BT15: =BS15-BS14 -> 0 | BU15: =(BS15/'Finance Only'!B18)*100 -> 0.53951983 | BV15: =BW14 -> 572790 | BW15: 573190 | BX15: =MAX(0,BW15-BV15) -> 400 | BY15: =BX15-BX14 -> -20 | BZ15: =(BX15/'Finance Only'!B18)*100 -> 1.7983994 | CA15: =CB14 -> 1056700 | CB15: 1057900 | CC15: =MAX(0,CB15-CA15) -> 1200 | CD15: =CC15-CC14 -> 0 | CE15: =(CC15/'Finance Only'!B18)*100 -> 5.3951983 | CF15: =CG14 -> 3428800 | CG15: 3433600 | CH15: =MAX(0,CG15-CF15) -> 4800 | CI15: =CH15-CH14 -> 300 | CJ15: =(CH15/'Finance Only'!B18)*100 -> 21.580793 | CK15: =CL14 -> 810900 | CL15: 811930 | CM15: =MAX(0,CL15-CK15) -> 1030 | CN15: =CM15-CM14 -> 490 | CO15: =(CM15/'Finance Only'!B18)*100 -> 4.6308785 | CP15: =CQ14 -> 670400 | CQ15: 671110 | CR15: =MAX(0,CQ15-CP15) -> 710 | CS15: =CR15-CR14 -> 170 | CT15: =(CR15/'Finance Only'!B18)*100 -> 3.192159 | CU15: =CV14 -> 556980 | CV15: 557700 | CW15: =MAX(0,CV15-CU15) -> 720 | CX15: =CW15-CW14 -> 280 | CY15: =(CW15/'Finance Only'!B18)*100 -> 3.237119 | CZ15: =DA14 -> 932650 | DA15: 933650 | DB15: =MAX(0,DA15-CZ15) -> 1000 | DC15: =DB15-DB14 -> 0 | DD15: =(DB15/'Finance Only'!B18)*100 -> 4.4959986 | DE15: =DF14 -> 713110 | DF15: 714010 | DG15: =MAX(0,DF15-DE15) -> 900 | DH15: =DG15-DG14 -> 0 | DI15: =(DG15/'Finance Only'!B18)*100 -> 4.0463987 | DJ15: =DK14 -> 620710 | DK15: 621570 | DL15: =MAX(0,DK15-DJ15) -> 860 | DM15: =DL15-DL14 -> 290 | DN15: =(DL15/'Finance Only'!B18)*100 -> 3.8665588 | DO15: =DP14 -> 338500 | DP15: 338800 | DQ15: =MAX(0,DP15-DO15) -> 300 | DR15: =DQ15-DQ14 -> 10 | DS15: =(DQ15/'Finance Only'!B18)*100 -> 1.3487996 | DT15: =DU14 -> 110280 | DU15: 110410 | DV15: =MAX(0,DU15-DT15) -> 130 | DW15: =DV15-DV14 -> 30 | DX15: =(DV15/'Finance Only'!B18)*100 -> 0.58447981 | DY15: =DZ14 -> 70490 | DZ15: 70598 | EA15: =MAX(0,DZ15-DY15) -> 108 | EB15: =EA15-EA14 -> 38 | EC15: =(EA15/'Finance Only'!B18)*100 -> 0.48556784 | ED15: =EE14 -> 225190 | EE15: 225410 | EF15: =MAX(0,EE15-ED15) -> 220 | EG15: =EF15-EF14 -> -120 | EH15: =(EF15/'Finance Only'!B18)*100 -> 0.98911968 | EI15: =EJ14 -> 252630 | EJ15: 253010 | EK15: =MAX(0,EJ15-EI15) -> 380 | EL15: =EK15-EK14 -> 80 | EM15: =(EK15/'Finance Only'!B18)*100 -> 1.7084795 | EN15: =EO14 -> 417240 | EO15: 417690 | EP15: =MAX(0,EO15-EN15) -> 450 | EQ15: =EP15-EP14 -> -60 | ER15: =(EP15/'Finance Only'!B18)*100 -> 2.0231994 | ES15: =ET14 -> 0 | EU15: =MAX(0,ET15-ES15) -> 0 | EV15: =EU15-EU14 -> 0 | EW15: =(EU15/'Finance Only'!B18)*100 -> 0 | EX15: =EY14 -> 0 | EZ15: =MAX(0,EY15-EX15) -> 0 | FA15: =EZ15-EZ14 -> 0 | FB15: =(EZ15/'Finance Only'!G18)*100 -> 0 | FC15: =FD14 -> 0 | FE15: =MAX(0,FD15-FC15) -> 0 | FF15: =FE15-FE14 -> 0 | FG15: =(FE15/'Finance Only'!M18)*100 -> #DIV/0! | FM15: =FN14 -> 0 | FO15: =MAX(0,FN15-FM15) -> 0 | FP15: =FO15-FO14 -> 0 | FQ15: =(FO15/'Finance Only'!R18)*100 -> #DIV/0! | FR15: =FS14 -> 0 | FT15: =MAX(0,FS15-FR15) -> 0 | FU15: =FT15-FT14 -> 0 | FV15: =(FT15/'Finance Only'!W18)*100 -> #DIV/0! | FW15: =FX14 -> 0 | FY15: =MAX(0,FX15-FW15) -> 0 | FZ15: =FY15-FY14 -> 0 | GA15: =(FY15/'Finance Only'!AB18)*100 -> #DIV/0! | GC15: =SUM(E15+J15) -> 6768 | GE15: =SUM(T15+Y15+EA15+EF15+EK15+EP15) -> 6357 | GG15: =SUM(AO15+AT15) -> 1400 | GI15: =SUM(AY15+BD15+BI15) -> 1025.2 | GK15: =SUM(BN15+BS15+EU15) -> 720 | GM15: =SUM(EZ15+FE15) -> 0
A16: 12 | B16: ='Finance Only'!G19 -> 14 | C16: =D15 -> 27022475 | D16: 27025202 | E16: =MAX(0,D16-C16) -> 2727 | F16: =E16-E15 -> 43 | G16: =(E16/'Finance Only'!B19)*100 -> 12.154573 | H16: =I15 -> 24931559 | I16: 24935462 | J16: =MAX(0,I16-H16) -> 3903 | K16: =J16-J15 -> -181 | L16: =(J16/'Finance Only'!B19)*100 -> 17.396149 | M16: =N15 -> 91925334 | N16: 91935530 | O16: =MAX(0,N16-M16) -> 10196 | P16: =O16-O15 -> -277 | Q16: =(O16/'Finance Only'!B19)*100 -> 45.444821 | R16: =S15 -> 3024600 | S16: 3027000 | T16: =MAX(0,S16-R16) -> 2400 | U16: =T16-T15 -> 0 | V16: =(T16/'Finance Only'!B19)*100 -> 10.697094 | W16: =X15 -> 4092080 | X16: 4094858 | Y16: =MAX(0,X16-W16) -> 2778 | Z16: =Y16-Y15 -> -21 | AA16: =(Y16/'Finance Only'!B19)*100 -> 12.381886 | AB16: =AC15 -> 2658400 | AC16: 2660300 | AD16: =MAX(0,AC16-AB16) -> 1900 | AE16: =AD16/WATER!V17 -> 6.2913907 | AF16: =AD16-AD15 -> -200 | AG16: =(AD16/'Finance Only'!B19)*100 -> 8.4685327 | AH16: =AI15 -> 1081522 | AI16: 1082003 | AJ16: =MAX(0,AI16-AH16) -> 481 | AK16: =AJ16-AJ15 -> -14 | AL16: =(AJ16/'Finance Only'!B19)*100 -> 2.1438759 | AM16: =AN15 -> 1084400 | AN16: 1085100 | AO16: =MAX(0,AN16-AM16) -> 700 | AP16: =AO16-AO15 -> 0 | AQ16: =(AO16/'Finance Only'!B19)*100 -> 3.1199857 | AR16: =AS15 -> 2443900 | AS16: 2445000 | AT16: =MAX(0,AS16-AR16) -> 1100 | AU16: =AT16-AT15 -> 400 | AV16: =(AT16/'Finance Only'!B19)*100 -> 4.9028347 | AW16: =AX15 -> 7495.6 | AX16: 7860.8 | AY16: =MAX(0,AX16-AW16) -> 365.2 | AZ16: =AY16-AY15 -> -10 | BA16: =(AY16/'Finance Only'!B19)*100 -> 1.6277411 | BB16: =BC15 -> 988610 | BC16: 988970 | BD16: =MAX(0,BC16-BB16) -> 360 | BE16: =BD16-BD15 -> 10 | BF16: =(BD16/'Finance Only'!B19)*100 -> 1.6045641 | BG16: =BH15 -> 1067900 | BH16: 1068100 | BI16: =MAX(0,BH16-BG16) -> 200 | BJ16: =BI16-BI15 -> -100 | BK16: =(BI16/'Finance Only'!B19)*100 -> 0.8914245 | BL16: =BM15 -> 1581700 | BM16: 1582200 | BN16: =MAX(0,BM16-BL16) -> 500 | BO16: =BN16-BN15 -> -100 | BP16: =(BN16/'Finance Only'!B19)*100 -> 2.2285612 | BQ16: =BR15 -> 134090 | BR16: 134210 | BS16: =MAX(0,BR16-BQ16) -> 120 | BT16: =BS16-BS15 -> 0 | BU16: =(BS16/'Finance Only'!B19)*100 -> 0.5348547 | BV16: =BW15 -> 573190 | BW16: 573620 | BX16: =MAX(0,BW16-BV16) -> 430 | BY16: =BX16-BX15 -> 30 | BZ16: =(BX16/'Finance Only'!B19)*100 -> 1.9165627 | CA16: =CB15 -> 1057900 | CB16: 1059000 | CC16: =MAX(0,CB16-CA16) -> 1100 | CD16: =CC16-CC15 -> -100 | CE16: =(CC16/'Finance Only'!B19)*100 -> 4.9028347 | CF16: =CG15 -> 3433600 | CG16: 343810 | CH16: =MAX(0,CG16-CF16) -> 0 | CI16: =CH16-CH15 -> -4800 | CJ16: =(CH16/'Finance Only'!B19)*100 -> 0 | CK16: =CL15 -> 811930 | CL16: 812650 | CM16: =MAX(0,CL16-CK16) -> 720 | CN16: =CM16-CM15 -> -310 | CO16: =(CM16/'Finance Only'!B19)*100 -> 3.2091282 | CP16: =CQ15 -> 671110 | CQ16: 671690 | CR16: =MAX(0,CQ16-CP16) -> 580 | CS16: =CR16-CR15 -> -130 | CT16: =(CR16/'Finance Only'!B19)*100 -> 2.585131 | CU16: =CV15 -> 557700 | CV16: 558280 | CW16: =MAX(0,CV16-CU16) -> 580 | CX16: =CW16-CW15 -> -140 | CY16: =(CW16/'Finance Only'!B19)*100 -> 2.585131 | CZ16: =DA15 -> 933650 | DA16: 934640 | DB16: =MAX(0,DA16-CZ16) -> 990 | DC16: =DB16-DB15 -> -10 | DD16: =(DB16/'Finance Only'!B19)*100 -> 4.4125513 | DE16: =DF15 -> 714010 | DF16: 714910 | DG16: =MAX(0,DF16-DE16) -> 900 | DH16: =DG16-DG15 -> 0 | DI16: =(DG16/'Finance Only'!B19)*100 -> 4.0114102 | DJ16: =DK15 -> 621570 | DK16: 622260 | DL16: =MAX(0,DK16-DJ16) -> 690 | DM16: =DL16-DL15 -> -170 | DN16: =(DL16/'Finance Only'!B19)*100 -> 3.0754145 | DO16: =DP15 -> 338800 | DP16: 339100 | DQ16: =MAX(0,DP16-DO16) -> 300 | DR16: =DQ16-DQ15 -> 0 | DS16: =(DQ16/'Finance Only'!B19)*100 -> 1.3371367 | DT16: =DU15 -> 110410 | DU16: 110540 | DV16: =MAX(0,DU16-DT16) -> 130 | DW16: =DV16-DV15 -> 0 | DX16: =(DV16/'Finance Only'!B19)*100 -> 0.57942592 | DY16: =DZ15 -> 70598 | DZ16: 70693 | EA16: =MAX(0,DZ16-DY16) -> 95 | EB16: =EA16-EA15 -> -13 | EC16: =(EA16/'Finance Only'!B19)*100 -> 0.42342664 | ED16: =EE15 -> 225410 | EE16: 225710 | EF16: =MAX(0,EE16-ED16) -> 300 | EG16: =EF16-EF15 -> 80 | EH16: =(EF16/'Finance Only'!B19)*100 -> 1.3371367 | EI16: =EJ15 -> 253010 | EJ16: 253360 | EK16: =MAX(0,EJ16-EI16) -> 350 | EL16: =EK16-EK15 -> -30 | EM16: =(EK16/'Finance Only'!B19)*100 -> 1.5599929 | EN16: =EO15 -> 417690 | EO16: 418210 | EP16: =MAX(0,EO16-EN16) -> 520 | EQ16: =EP16-EP15 -> 70 | ER16: =(EP16/'Finance Only'!B19)*100 -> 2.3177037 | ES16: =ET15 -> 0 | EU16: =MAX(0,ET16-ES16) -> 0 | EV16: =EU16-EU15 -> 0 | EW16: =(EU16/'Finance Only'!B19)*100 -> 0 | EX16: =EY15 -> 0 | EZ16: =MAX(0,EY16-EX16) -> 0 | FA16: =EZ16-EZ15 -> 0 | FB16: =(EZ16/'Finance Only'!G19)*100 -> 0 | FC16: =FD15 -> 0 | FE16: =MAX(0,FD16-FC16) -> 0 | FF16: =FE16-FE15 -> 0 | FG16: =(FE16/'Finance Only'!M19)*100 -> #DIV/0! | FM16: =FN15 -> 0 | FO16: =MAX(0,FN16-FM16) -> 0 | FP16: =FO16-FO15 -> 0 | FQ16: =(FO16/'Finance Only'!R19)*100 -> #DIV/0! | FR16: =FS15 -> 0 | FT16: =MAX(0,FS16-FR16) -> 0 | FU16: =FT16-FT15 -> 0 | FV16: =(FT16/'Finance Only'!W19)*100 -> #DIV/0! | FW16: =FX15 -> 0 | FY16: =MAX(0,FX16-FW16) -> 0 | FZ16: =FY16-FY15 -> 0 | GA16: =(FY16/'Finance Only'!AB19)*100 -> #DIV/0! | GC16: =SUM(E16+J16) -> 6630 | GE16: =SUM(T16+Y16+EA16+EF16+EK16+EP16) -> 6443 | GG16: =SUM(AO16+AT16) -> 1800 | GI16: =SUM(AY16+BD16+BI16) -> 925.2 | GK16: =SUM(BN16+BS16+EU16) -> 620 | GM16: =SUM(EZ16+FE16) -> 0
A17: 13 | B17: ='Finance Only'!G20 -> 12 | C17: =D16 -> 27025202 | D17: 27027935 | E17: =MAX(0,D17-C17) -> 2733 | F17: =E17-E16 -> 6 | G17: =(E17/'Finance Only'!B20)*100 -> 12.374915 | H17: =I16 -> 24935462 | I17: 24939362 | J17: =MAX(0,I17-H17) -> 3900 | K17: =J17-J16 -> -3 | L17: =(J17/'Finance Only'!B20)*100 -> 17.659045 | M17: =N16 -> 91935530 | N17: 91945865 | O17: =MAX(0,N17-M17) -> 10335 | P17: =O17-O16 -> 139 | Q17: =(O17/'Finance Only'!B20)*100 -> 46.796468 | R17: =S16 -> 3027000 | S17: 3029500 | T17: =MAX(0,S17-R17) -> 2500 | U17: =T17-T16 -> 100 | V17: =(T17/'Finance Only'!B20)*100 -> 11.3199 | W17: =X16 -> 4094858 | X17: 4097746 | Y17: =MAX(0,X17-W17) -> 2888 | Z17: =Y17-Y16 -> 110 | AA17: =(Y17/'Finance Only'!B20)*100 -> 13.076749 | AB17: =AC16 -> 2660300 | AC17: 2662100 | AD17: =MAX(0,AC17-AB17) -> 1800 | AE17: =AD17/WATER!V18 -> 5.2631579 | AF17: =AD17-AD16 -> -100 | AG17: =(AD17/'Finance Only'!B20)*100 -> 8.1503283 | AH17: =AI16 -> 1082003 | AI17: 1082474 | AJ17: =MAX(0,AI17-AH17) -> 471 | AK17: =AJ17-AJ16 -> -10 | AL17: =(AJ17/'Finance Only'!B20)*100 -> 2.1326692 | AM17: =AN16 -> 1085100 | AN17: 1085800 | AO17: =MAX(0,AN17-AM17) -> 700 | AP17: =AO17-AO16 -> 0 | AQ17: =(AO17/'Finance Only'!B20)*100 -> 3.1695721 | AR17: =AS16 -> 2445000 | AS17: 2445900 | AT17: =MAX(0,AS17-AR17) -> 900 | AU17: =AT17-AT16 -> -200 | AV17: =(AT17/'Finance Only'!B20)*100 -> 4.0751641 | AW17: =AX16 -> 7860.8 | AX17: 8243.8 | AY17: =MAX(0,AX17-AW17) -> 383 | AZ17: =AY17-AY16 -> 17.8 | BA17: =(AY17/'Finance Only'!B20)*100 -> 1.7342087 | BB17: =BC16 -> 988970 | BC17: 989320 | BD17: =MAX(0,BC17-BB17) -> 350 | BE17: =BD17-BD16 -> -10 | BF17: =(BD17/'Finance Only'!B20)*100 -> 1.5847861 | BG17: =BH16 -> 1068100 | BH17: 1068400 | BI17: =MAX(0,BH17-BG17) -> 300 | BJ17: =BI17-BI16 -> 100 | BK17: =(BI17/'Finance Only'!B20)*100 -> 1.358388 | BL17: =BM16 -> 1582200 | BM17: 1582700 | BN17: =MAX(0,BM17-BL17) -> 500 | BO17: =BN17-BN16 -> 0 | BP17: =(BN17/'Finance Only'!B20)*100 -> 2.2639801 | BQ17: =BR16 -> 134210 | BR17: 134330 | BS17: =MAX(0,BR17-BQ17) -> 120 | BT17: =BS17-BS16 -> 0 | BU17: =(BS17/'Finance Only'!B20)*100 -> 0.54335522 | BV17: =BW16 -> 573620 | BW17: 574050 | BX17: =MAX(0,BW17-BV17) -> 430 | BY17: =BX17-BX16 -> 0 | BZ17: =(BX17/'Finance Only'!B20)*100 -> 1.9470229 | CA17: =CB16 -> 1059000 | CB17: 1060200 | CC17: =MAX(0,CB17-CA17) -> 1200 | CD17: =CC17-CC16 -> 100 | CE17: =(CC17/'Finance Only'!B20)*100 -> 5.4335522 | CF17: =CG16 -> 343810 | CG17: 344240 | CH17: =MAX(0,CG17-CF17) -> 430 | CI17: =CH17-CH16 -> 430 | CJ17: =(CH17/'Finance Only'!B20)*100 -> 1.9470229 | CK17: =CL16 -> 812650 | CL17: 813340 | CM17: =MAX(0,CL17-CK17) -> 690 | CN17: =CM17-CM16 -> -30 | CO17: =(CM17/'Finance Only'!B20)*100 -> 3.1242925 | CP17: =CQ16 -> 671690 | CQ17: 672390 | CR17: =MAX(0,CQ17-CP17) -> 700 | CS17: =CR17-CR16 -> 120 | CT17: =(CR17/'Finance Only'!B20)*100 -> 3.1695721 | CU17: =CV16 -> 558280 | CV17: 558880 | CW17: =MAX(0,CV17-CU17) -> 600 | CX17: =CW17-CW16 -> 20 | CY17: =(CW17/'Finance Only'!B20)*100 -> 2.7167761 | CZ17: =DA16 -> 934640 | DA17: 935530 | DB17: =MAX(0,DA17-CZ17) -> 890 | DC17: =DB17-DB16 -> -100 | DD17: =(DB17/'Finance Only'!B20)*100 -> 4.0298845 | DE17: =DF16 -> 714910 | DF17: 715920 | DG17: =MAX(0,DF17-DE17) -> 1010 | DH17: =DG17-DG16 -> 110 | DI17: =(DG17/'Finance Only'!B20)*100 -> 4.5732398 | DJ17: =DK16 -> 622260 | DK17: 622860 | DL17: =MAX(0,DK17-DJ17) -> 600 | DM17: =DL17-DL16 -> -90 | DN17: =(DL17/'Finance Only'!B20)*100 -> 2.7167761 | DO17: =DP16 -> 339100 | DP17: 339380 | DQ17: =MAX(0,DP17-DO17) -> 280 | DR17: =DQ17-DQ16 -> -20 | DS17: =(DQ17/'Finance Only'!B20)*100 -> 1.2678288 | DT17: =DU16 -> 110540 | DU17: 110650 | DV17: =MAX(0,DU17-DT17) -> 110 | DW17: =DV17-DV16 -> -20 | DX17: =(DV17/'Finance Only'!B20)*100 -> 0.49807562 | DY17: =DZ16 -> 70693 | DZ17: 70789 | EA17: =MAX(0,DZ17-DY17) -> 96 | EB17: =EA17-EA16 -> 1 | EC17: =(EA17/'Finance Only'!B20)*100 -> 0.43468417 | ED17: =EE16 -> 225710 | EE17: 225980 | EF17: =MAX(0,EE17-ED17) -> 270 | EG17: =EF17-EF16 -> -30 | EH17: =(EF17/'Finance Only'!B20)*100 -> 1.2225492 | EI17: =EJ16 -> 253360 | EJ17: 253710 | EK17: =MAX(0,EJ17-EI17) -> 350 | EL17: =EK17-EK16 -> 0 | EM17: =(EK17/'Finance Only'!B20)*100 -> 1.5847861 | EN17: =EO16 -> 418210 | EO17: 418720 | EP17: =MAX(0,EO17-EN17) -> 510 | EQ17: =EP17-EP16 -> -10 | ER17: =(EP17/'Finance Only'!B20)*100 -> 2.3092597 | ES17: =ET16 -> 0 | EU17: =MAX(0,ET17-ES17) -> 0 | EV17: =EU17-EU16 -> 0 | EW17: =(EU17/'Finance Only'!B20)*100 -> 0 | EX17: =EY16 -> 0 | EZ17: =MAX(0,EY17-EX17) -> 0 | FA17: =EZ17-EZ16 -> 0 | FB17: =(EZ17/'Finance Only'!G20)*100 -> 0 | FC17: =FD16 -> 0 | FE17: =MAX(0,FD17-FC17) -> 0 | FF17: =FE17-FE16 -> 0 | FG17: =(FE17/'Finance Only'!M20)*100 -> #DIV/0! | FM17: =FN16 -> 0 | FO17: =MAX(0,FN17-FM17) -> 0 | FP17: =FO17-FO16 -> 0 | FQ17: =(FO17/'Finance Only'!R20)*100 -> #DIV/0! | FR17: =FS16 -> 0 | FT17: =MAX(0,FS17-FR17) -> 0 | FU17: =FT17-FT16 -> 0 | FV17: =(FT17/'Finance Only'!W20)*100 -> #DIV/0! | FW17: =FX16 -> 0 | FY17: =MAX(0,FX17-FW17) -> 0 | FZ17: =FY17-FY16 -> 0 | GA17: =(FY17/'Finance Only'!AB20)*100 -> #DIV/0! | GC17: =SUM(E17+J17) -> 6633 | GE17: =SUM(T17+Y17+EA17+EF17+EK17+EP17) -> 6614 | GG17: =SUM(AO17+AT17) -> 1600 | GI17: =SUM(AY17+BD17+BI17) -> 1033 | GK17: =SUM(BN17+BS17+EU17) -> 620 | GM17: =SUM(EZ17+FE17) -> 0
... A34: 30 | B34: ='Finance Only'!G37 -> 18 | C34: =D33 -> 27074388 | D34: 27077022 | E34: =MAX(0,D34-C34) -> 2634 | F34: =E34-E33 -> -339 | G34: =(E34/'Finance Only'!B37)*100 -> 12.390047 | H34: =I33 -> 25001545 | I34: 25004777 | J34: =MAX(0,I34-H34) -> 3232 | K34: =J34-J33 -> -911 | L34: =(J34/'Finance Only'!B37)*100 -> 15.202973 | M34: =N33 -> 92116163 | N34: 92126615 | O34: =MAX(0,N34-M34) -> 10452 | P34: =O34-O33 -> -610 | Q34: =(O34/'Finance Only'!B37)*100 -> 49.16506 | R34: =S33 -> 3069000 | S34: 3071300 | T34: =MAX(0,S34-R34) -> 2300 | U34: =T34-T33 -> -100 | V34: =(T34/'Finance Only'!B37)*100 -> 10.818947 | W34: =X33 -> 4142651 | X34: 4145389 | Y34: =MAX(0,X34-W34) -> 2738 | Z34: =Y34-Y33 -> -219 | AA34: =(Y34/'Finance Only'!B37)*100 -> 12.879251 | AB34: =AC33 -> 2691400 | AC34: 2692900 | AD34: =MAX(0,AC34-AB34) -> 1500 | AE34: =AD34/WATER!V35 -> 5.5762082 | AF34: =AD34-AD33 -> -600 | AG34: =(AD34/'Finance Only'!B37)*100 -> 7.0558352 | AH34: =AI33 -> 1090018 | AI34: 1090526 | AJ34: =MAX(0,AI34-AH34) -> 508 | AK34: =AJ34-AJ33 -> 21 | AL34: =(AJ34/'Finance Only'!B37)*100 -> 2.3895762 | AM34: =AN33 -> 1097200 | AN34: 1097900 | AO34: =MAX(0,AN34-AM34) -> 700 | AP34: =AO34-AO33 -> 0 | AQ34: =(AO34/'Finance Only'!B37)*100 -> 3.2927231 | AR34: =AS33 -> 2461300 | AS34: 2462200 | AT34: =MAX(0,AS34-AR34) -> 900 | AU34: =AT34-AT33 -> -500 | AV34: =(AT34/'Finance Only'!B37)*100 -> 4.2335011 | AW34: =AX33 -> 14001 | AX34: 14371 | AY34: =MAX(0,AX34-AW34) -> 370 | AZ34: =AY34-AY33 -> 22 | BA34: =(AY34/'Finance Only'!B37)*100 -> 1.7404393 | BB34: =BC33 -> 995090 | BC34: 995500 | BD34: =MAX(0,BC34-BB34) -> 410 | BE34: =BD34-BD33 -> 50 | BF34: =(BD34/'Finance Only'!B37)*100 -> 1.9285949 | BG34: =BH33 -> 1072600 | BH34: 1072900 | BI34: =MAX(0,BH34-BG34) -> 300 | BJ34: =BI34-BI33 -> 100 | BK34: =(BI34/'Finance Only'!B37)*100 -> 1.411167 | BL34: =BM33 -> 1591400 | BM34: 1591900 | BN34: =MAX(0,BM34-BL34) -> 500 | BO34: =BN34-BN33 -> -100 | BP34: =(BN34/'Finance Only'!B37)*100 -> 2.3519451 | BQ34: =BR33 -> 136290 | BR34: 136420 | BS34: =MAX(0,BR34-BQ34) -> 130 | BT34: =BS34-BS33 -> 0 | BU34: =(BS34/'Finance Only'!B37)*100 -> 0.61150572 | BV34: =BW33 -> 581000 | BW34: 581460 | BX34: =MAX(0,BW34-BV34) -> 460 | BY34: =BX34-BX33 -> 20 | BZ34: =(BX34/'Finance Only'!B37)*100 -> 2.1637895 | CA34: =CB33 -> 1078700 | CB34: 1079900 | CC34: =MAX(0,CB34-CA34) -> 1200 | CD34: =CC34-CC33 -> 100 | CE34: =(CC34/'Finance Only'!B37)*100 -> 5.6446681 | CF34: =CG33 -> 351780 | CG34: 352170 | CH34: =MAX(0,CG34-CF34) -> 390 | CI34: =CH34-CH33 -> -80 | CJ34: =(CH34/'Finance Only'!B37)*100 -> 1.8345171 | CK34: =CL33 -> 826030 | CL34: 826630 | CM34: =MAX(0,CL34-CK34) -> 600 | CN34: =CM34-CM33 -> -290 | CO34: =(CM34/'Finance Only'!B37)*100 -> 2.8223341 | CP34: =CQ33 -> 684970 | CQ34: 685640 | CR34: =MAX(0,CQ34-CP34) -> 670 | CS34: =CR34-CR33 -> -80 | CT34: =(CR34/'Finance Only'!B37)*100 -> 3.1516064 | CU34: =CV33 -> 567900 | CV34: 568370 | CW34: =MAX(0,CV34-CU34) -> 470 | CX34: =CW34-CW33 -> -150 | CY34: =(CW34/'Finance Only'!B37)*100 -> 2.2108284 | CZ34: =DA33 -> 950280 | DA34: 951060 | DB34: =MAX(0,DA34-CZ34) -> 780 | DC34: =DB34-DB33 -> -300 | DD34: =(DB34/'Finance Only'!B37)*100 -> 3.6690343 | DE34: =DF33 -> 728020 | DF34: 728630 | DG34: =MAX(0,DF34-DE34) -> 610 | DH34: =DG34-DG33 -> -180 | DI34: =(DG34/'Finance Only'!B37)*100 -> 2.869373 | DJ34: =DK33 -> 632790 | DK34: 633300 | DL34: =MAX(0,DK34-DJ34) -> 510 | DM34: =DL34-DL33 -> -250 | DN34: =(DL34/'Finance Only'!B37)*100 -> 2.398984 | DO34: =DP33 -> 344240 | DP34: 344500 | DQ34: =MAX(0,DP34-DO34) -> 260 | DR34: =DQ34-DQ33 -> -80 | DS34: =(DQ34/'Finance Only'!B37)*100 -> 1.2230114 | DT34: =DU33 -> 112640 | DU34: 112740 | DV34: =MAX(0,DU34-DT34) -> 100 | DW34: =DV34-DV33 -> -50 | DX34: =(DV34/'Finance Only'!B37)*100 -> 0.47038901 | DY34: =DZ33 -> 72172 | DZ34: 72250 | EA34: =MAX(0,DZ34-DY34) -> 78 | EB34: =EA34-EA33 -> 2 | EC34: =(EA34/'Finance Only'!B37)*100 -> 0.36690343 | ED34: =EE33 -> 230250 | EE34: 230520 | EF34: =MAX(0,EE34-ED34) -> 270 | EG34: =EF34-EF33 -> 0 | EH34: =(EF34/'Finance Only'!B37)*100 -> 1.2700503 | EI34: =EJ33 -> 259080 | EJ34: 259470 | EK34: =MAX(0,EJ34-EI34) -> 390 | EL34: =EK34-EK33 -> 40 | EM34: =(EK34/'Finance Only'!B37)*100 -> 1.8345171 | EN34: =EO33 -> 426540 | EO34: 427010 | EP34: =MAX(0,EO34-EN34) -> 470 | EQ34: =EP34-EP33 -> -30 | ER34: =(EP34/'Finance Only'!B37)*100 -> 2.2108284 | ES34: =ET33 -> 0 | EU34: =MAX(0,ET34-ES34) -> 0 | EV34: =EU34-EU33 -> 0 | EW34: =(EU34/'Finance Only'!B37)*100 -> 0 | EX34: =EY33 -> 0 | EZ34: =MAX(0,EY34-EX34) -> 0 | FA34: =EZ34-EZ33 -> 0 | FB34: =(EZ34/'Finance Only'!G37)*100 -> 0 | FC34: =FD33 -> 0 | FE34: =MAX(0,FD34-FC34) -> 0 | FF34: =FE34-FE33 -> 0 | FG34: =(FE34/'Finance Only'!M37)*100 -> #DIV/0! | FM34: =FN33 -> 0 | FO34: =MAX(0,FN34-FM34) -> 0 | FP34: =FO34-FO33 -> 0 | FQ34: =(FO34/'Finance Only'!R37)*100 -> #DIV/0! | FR34: =FS33 -> 0 | FT34: =MAX(0,FS34-FR34) -> 0 | FU34: =FT34-FT33 -> 0 | FV34: =(FT34/'Finance Only'!W37)*100 -> #DIV/0! | FW34: =FX33 -> 0 | FY34: =MAX(0,FX34-FW34) -> 0 | FZ34: =FY34-FY33 -> 0 | GA34: =(FY34/'Finance Only'!AB37)*100 -> #DIV/0! | GC34: =SUM(E34+J34) -> 5866 | GE34: =SUM(T34+Y34+EA34+EF34+EK34+EP34) -> 6246 | GG34: =SUM(AO34+AT34) -> 1600 | GI34: =SUM(AY34+BD34+BI34) -> 1080 | GK34: =SUM(BN34+BS34+EU34) -> 630 | GM34: =SUM(EZ34+FE34) -> 0
A35: 31 | B35: ='Finance Only'!G38 -> 0 | C35: =D34 -> 27077022 | E35: =MAX(0,D35-C35) -> 0 | F35: =E35-E34 -> -2634 | G35: =(E35/'Finance Only'!B39)*100 -> 0 | H35: =I34 -> 25004777 | J35: =MAX(0,I35-H35) -> 0 | K35: =J35-J34 -> -3232 | L35: =(J35/'Finance Only'!B39)*100 -> 0 | M35: =N34 -> 92126615 | O35: =MAX(0,N35-M35) -> 0 | P35: =O35-O34 -> -10452 | Q35: =(O35/'Finance Only'!B39)*100 -> 0 | R35: =S34 -> 3071300 | T35: =MAX(0,S35-R35) -> 0 | U35: =T35-T34 -> -2300 | V35: =(T35/'Finance Only'!B39)*100 -> 0 | W35: =X34 -> 4145389 | Y35: =MAX(0,X35-W35) -> 0 | Z35: =Y35-Y34 -> -2738 | AA35: =(Y35/'Finance Only'!B39)*100 -> 0 | AB35: =AC34 -> 2692900 | AD35: =MAX(0,AC35-AB35) -> 0 | AE35: =AD35/WATER!V36 -> #DIV/0! | AF35: =AD35-AD34 -> -1500 | AG35: =(AD35/'Finance Only'!B39)*100 -> 0 | AH35: =AI34 -> 1090526 | AJ35: =MAX(0,AI35-AH35) -> 0 | AK35: =AJ35-AJ34 -> -508 | AL35: =(AJ35/'Finance Only'!B39)*100 -> 0 | AM35: =AN34 -> 1097900 | AO35: =MAX(0,AN35-AM35) -> 0 | AP35: =AO35-AO34 -> -700 | AQ35: =(AO35/'Finance Only'!B39)*100 -> 0 | AR35: =AS34 -> 2462200 | AT35: =MAX(0,AS35-AR35) -> 0 | AU35: =AT35-AT34 -> -900 | AV35: =(AT35/'Finance Only'!B39)*100 -> 0 | AW35: =AX34 -> 14371 | AY35: =MAX(0,AX35-AW35) -> 0 | AZ35: =AY35-AY34 -> -370 | BA35: =(AY35/'Finance Only'!B39)*100 -> 0 | BB35: =BC34 -> 995500 | BD35: =MAX(0,BC35-BB35) -> 0 | BE35: =BD35-BD34 -> -410 | BF35: =(BD35/'Finance Only'!B39)*100 -> 0 | BG35: =BH34 -> 1072900 | BI35: =MAX(0,BH35-BG35) -> 0 | BJ35: =BI35-BI34 -> -300 | BK35: =(BI35/'Finance Only'!B39)*100 -> 0 | BL35: =BM34 -> 1591900 | BN35: =MAX(0,BM35-BL35) -> 0 | BO35: =BN35-BN34 -> -500 | BP35: =(BN35/'Finance Only'!B39)*100 -> 0 | BQ35: =BR34 -> 136420 | BS35: =MAX(0,BR35-BQ35) -> 0 | BT35: =BS35-BS34 -> -130 | BU35: =(BS35/'Finance Only'!B39)*100 -> 0 | BV35: =BW34 -> 581460 | BX35: =MAX(0,BW35-BV35) -> 0 | BY35: =BX35-BX34 -> -460 | BZ35: =(BX35/'Finance Only'!B39)*100 -> 0 | CA35: =CB34 -> 1079900 | CC35: =MAX(0,CB35-CA35) -> 0 | CD35: =CC35-CC34 -> -1200 | CE35: =(CC35/'Finance Only'!B39)*100 -> 0 | CF35: =CG34 -> 352170 | CH35: =MAX(0,CG35-CF35) -> 0 | CI35: =CH35-CH34 -> -390 | CJ35: =(CH35/'Finance Only'!B39)*100 -> 0 | CK35: =CL34 -> 826630 | CM35: =MAX(0,CL35-CK35) -> 0 | CN35: =CM35-CM34 -> -600 | CO35: =(CM35/'Finance Only'!B39)*100 -> 0 | CP35: =CQ34 -> 685640 | CR35: =MAX(0,CQ35-CP35) -> 0 | CS35: =CR35-CR34 -> -670 | CT35: =(CR35/'Finance Only'!B39)*100 -> 0 | CU35: =CV34 -> 568370 | CW35: =MAX(0,CV35-CU35) -> 0 | CX35: =CW35-CW34 -> -470 | CY35: =(CW35/'Finance Only'!B39)*100 -> 0 | CZ35: =DA34 -> 951060 | DB35: =MAX(0,DA35-CZ35) -> 0 | DC35: =DB35-DB34 -> -780 | DD35: =(DB35/'Finance Only'!B39)*100 -> 0 | DE35: =DF34 -> 728630 | DG35: =MAX(0,DF35-DE35) -> 0 | DH35: =DG35-DG34 -> -610 | DI35: =(DG35/'Finance Only'!B39)*100 -> 0 | DJ35: =DK34 -> 633300 | DL35: =MAX(0,DK35-DJ35) -> 0 | DM35: =DL35-DL34 -> -510 | DN35: =(DL35/'Finance Only'!B39)*100 -> 0 | DO35: =DP34 -> 344500 | DQ35: =MAX(0,DP35-DO35) -> 0 | DR35: =DQ35-DQ34 -> -260 | DS35: =(DQ35/'Finance Only'!B39)*100 -> 0 | DT35: =DU34 -> 112740 | DV35: =MAX(0,DU35-DT35) -> 0 | DW35: =DV35-DV34 -> -100 | DX35: =(DV35/'Finance Only'!B39)*100 -> 0 | DY35: =DZ34 -> 72250 | EA35: =MAX(0,DZ35-DY35) -> 0 | EB35: =EA35-EA34 -> -78 | EC35: =(EA35/'Finance Only'!B39)*100 -> 0 | ED35: =EE34 -> 230520 | EF35: =MAX(0,EE35-ED35) -> 0 | EG35: =EF35-EF34 -> -270 | EH35: =(EF35/'Finance Only'!B39)*100 -> 0 | EI35: =EJ34 -> 259470 | EK35: =MAX(0,EJ35-EI35) -> 0 | EL35: =EK35-EK34 -> -390 | EM35: =(EK35/'Finance Only'!B39)*100 -> 0 | EN35: =EO34 -> 427010 | EP35: =MAX(0,EO35-EN35) -> 0 | EQ35: =EP35-EP34 -> -470 | ER35: =(EP35/'Finance Only'!B39)*100 -> 0 | ES35: =ET34 -> 0 | EU35: =MAX(0,ET35-ES35) -> 0 | EV35: =EU35-EU34 -> 0 | EW35: =(EU35/'Finance Only'!B39)*100 -> 0 | EX35: =EY34 -> 0 | EZ35: =MAX(0,EY35-EX35) -> 0 | FA35: =EZ35-EZ34 -> 0 | FB35: =(EZ35/'Finance Only'!G39)*100 -> 0 | FC35: =FD34 -> 0 | FE35: =MAX(0,FD35-FC35) -> 0 | FF35: =FE35-FE34 -> 0 | FG35: =(FE35/'Finance Only'!M39)*100 -> #DIV/0! | FM35: =FN34 -> 0 | FO35: =MAX(0,FN35-FM35) -> 0 | FP35: =FO35-FO34 -> 0 | FQ35: =(FO35/'Finance Only'!R39)*100 -> #DIV/0! | FR35: =FS34 -> 0 | FT35: =MAX(0,FS35-FR35) -> 0 | FU35: =FT35-FT34 -> 0 | FV35: =(FT35/'Finance Only'!W39)*100 -> #DIV/0! | FW35: =FX34 -> 0 | FY35: =MAX(0,FX35-FW35) -> 0 | FZ35: =FY35-FY34 -> 0 | GA35: =(FY35/'Finance Only'!AB39)*100 -> #DIV/0! | GC35: =SUM(E35+J35) -> 0 | GE35: =SUM(T35+Y35+EA35+EF35+EK35+EP35) -> 0 | GG35: =SUM(AO35+AT35) -> 0 | GI35: =SUM(AY35+BD35+BI35) -> 0 | GK35: =SUM(BN35+BS35+EU35) -> 0 | GM35: =SUM(EZ35+FE35) -> 0
A36: Total | E36: =SUM(E5:E35) -> 82350 | J36: =SUM(J5:J35) -> 111625 | O36: =SUM(O5:O35) -> 310125 | T36: =SUM(T5:T35) -> 71500 | Y36: =SUM(Y5:Y35) -> 82751 | AD36: =SUM(AD5:AD35) -> 52700 | AJ36: =SUM(AJ5:AJ35) -> 14753 | AO36: =SUM(AO5:AO35) -> 20500 | AT36: =SUM(AT5:AT35) -> 29200 | AY36: =SUM(AY5:AY35) -> 10438.9 | BD36: =SUM(BD5:BD35) -> 10850 | BI36: =SUM(BI5:BI35) -> 7800 | BN36: =SUM(BN5:BN35) -> 15500 | BS36: =SUM(BS5:BS35) -> 4820 | BX36: =SUM(BX5:BX35) -> 12740 | CC36: =SUM(CC5:CC35) -> 34400 | CH36: =SUM(CH5:CH35) -> 52960 | CM36: =SUM(CM5:CM35) -> 22190 | CR36: =SUM(CR5:CR35) -> 20460 | CW36: =SUM(CW5:CW35) -> 15770 | DB36: =SUM(DB5:DB35) -> 26680 | DG36: =SUM(DG5:DG35) -> 22720 | DL36: =SUM(DL5:DL35) -> 18030 | DQ36: =SUM(DQ5:DQ35) -> 9640 | DV36: =SUM(DV5:DV35) -> 3640 | EA36: =SUM(EA5:EA35) -> 2659 | EF36: =SUM(EF5:EF35) -> 8040 | EK36: =SUM(EK5:EK35) -> 9940 | EP36: =SUM(EP5:EP35) -> 14650 | EU36: =SUM(EU5:EU34) -> 0 | EZ36: =SUM(EZ5:EZ35) -> 0 | FE36: =SUM(FE5:FE35) -> 0 | FO36: =SUM(FO5:FO34) -> 0

Sheet WATER
A1: RO Plant Water Production Reading | AA1: Water Consumption by locations
A3: Month | C3: {='FEEDER Consumption '!A1:C1} -> 44806 | D3: 0 | E3: 0
A4: R/O Plant A | F4: R/O Plant B | K4: R/O Plant C | P4: R/O Plant D | U4: Total Production - Average Prod 380 m3 | AA4: Laundry - Avg Consumption 28 m3 | AG4: Staff Block - E0 - Avg Consumption 6 m3 | AL4: Staff Block - E1 - Avg Consumption 10 m3 | AQ4: Staff Block - E2 - Avg Consumption 13 m3 | AV4: Staff Block - E3 -Avg Consumption 8 m3 | BA4: Staff Block - E4 - Avg Consumption 7 m3 | BF4: Staff Block - E5 - Avg Consumption 10 m3 | BK4: Management Block - Avg Consumption 6 m3 | BP4: PC Block - Avg Consumption 2 m3 | BU4: GM Bungalow - Avg Consumption 1 m3 | BZ4: Boat Dock - Avg Consumption 4.5 m3 | CE4: Supply Jetty - Avg Consumption 2.5 m3 | CJ4: Main Kitchen - Avg Consumption 30 m3 | CO4: Day Facility - Avg Consumption 3 m3 | CT4: Reception - Avg Consumption 1 m3 | CY4: Main Pool- Avg Consumption 5 m3 | DD4: Dive Center - Avg Consumption 4 m3 | DI4: Albarakthu - Avg Consumption 2 m3 | DN4: Blu Resturant - Avg Consumption 20 m3 | DS4: Main Jetty - Avg Consumption 2 m3 | DX4: Landaa Estate - Avg Consumption 2 m3 | EC4: TG Group | EF4: 3rd Party Kitchen | EI4: HRD | EL4: Jiaz | EO4: Hikawi | ER4: Orchid Garden | EU4: Spa Auvrevdic | EX4: 227 Pantry | FA4: Spa Garden 1 - GKM21A303117A | FD4: Hose 1 | FG4: Hose 2 | FJ4: Hose 3 | FM4: Hose 4 | FP4: Main Pool
A5: DAY | B5: YESTARDAY | C5: TODAY | D5: Production (M3) | F5: DAY | G5: YESTARDAY | H5: TODAY | I5: Production (M3) | K5: DAY | L5: YESTARDAY | M5: TODAY | N5: Production (M3) | P5: DAY | Q5: YESTARDAY | R5: TODAY | S5: Production (M3) | U5: Day | V5: Water | W5: Occ% | X5: Total Number of Guests | Y5: Water Consumption per Guest | AA5: DAY | AB5: Yesterday | AC5: Today | AD5: Usage (m3) | AE5: Variance (Today vs Ystday) | AF5: % | AG5: Yesterday | AH5: Today | AI5: Usage (m3) | AJ5: Variance (Today vs Ystday) | AK5: % | AL5: Yesterday | AM5: Today | AN5: Usage (m3) | AO5: Variance (Today vs Ystday) | AP5: % | AQ5: Yesterday | AR5: Today | AS5: Usage (m3) | AT5: Variance (Today vs Ystday) | AU5: % | AV5: Yesterday | AW5: Today | AX5: Usage (m3) | AY5: Variance (Today vs Ystday) | AZ5: % | BA5: Yesterday | BB5: Today | BC5: Usage (m3) | BD5: Variance (Today vs Ystday) | BE5: % | BF5: Yesterday | BG5: Today | BH5: Usage (m3) | BI5: Variance (Today vs Ystday) | BJ5: % | BK5: Yesterday | BL5: Today | BM5: Usage (m3) | BN5: Variance (Today vs Ystday) | BO5: % | BP5: Yesterday | BQ5: Today | BR5: Usage (m3) | BS5: Variance (Today vs Ystday) | BT5: % | BU5: Yesterday | BV5: Today | BW5: Usage (m3) | BX5: Variance (Today vs Ystday) | BY5: % | BZ5: Yesterday | CA5: Today | CB5: Usage | CC5: Variance (Today vs Ystday) | CD5: % | CE5: Yesterday | CF5: Today | CG5: Usage (m3) | CH5: Variance (Today vs Ystday) | CI5: % | CJ5: Yesterday | CK5: Today | CL5: Usage (m3) | CM5: Variance (Today vs Ystday) | CN5: % | CO5: Yesterday | CP5: Today | CQ5: Usage (m3) | CR5: Variance (Today vs Ystday) | CS5: % | CT5: Yesterday | CU5: Today | CV5: Usage | CW5: Variance (Today vs Ystday) | CX5: % | CY5: Yesterday | CZ5: Today | DA5: Usage (m3) | DB5: Variance (Today vs Ystday) | DC5: % | DD5: Yesterday | DE5: Today | DF5: Usage | DG5: Variance (Today vs Ystday) | DH5: % | DI5: Yesterday | DJ5: Today | DK5: Usage (m3) | DL5: Variance (Today vs Ystday) | DM5: % | DN5: Yesterday | DO5: Today | DP5: Usage (m3) | DQ5: Variance (Today vs Ystday) | DR5: % | DS5: Yesterday | DT5: Today | DU5: Usage | DV5: Variance (Today vs Ystday) | DW5: % | DX5: Yesterday | DY5: Today | DZ5: Usage (m3) | EA5: Variance (Today vs Ystday) | EB5: % | EC5: Yesterday | ED5: Today | EE5: Usage (m3) | EF5: Yesterday | EG5: Today | EH5: Usage (m3) | EI5: Yesterday | EJ5: Today | EK5: Usage (m3) | EL5: Yesterday | EM5: Today | EN5: Usage (m3) | EO5: Yesterday | EP5: Today | EQ5: Usage (m3) | ER5: Yesterday | ES5: Today | ET5: Usage (m3) | EU5: Yesterday | EV5: Today | EW5: Usage (m3) | EX5: Yesterday | EY5: Today | EZ5: Usage (m3) | FA5: Yesterday | FB5: Today | FC5: Usage (m3) | FD5: Yesterday | FE5: Today | FF5: Usage (m3) | FG5: Yesterday | FH5: Today | FI5: Usage (m3) | FJ5: Yesterday | FK5: Today | FL5: Usage (m3) | FM5: Yesterday | FN5: Today | FO5: Usage (m3) | FP5: Yesterday | FQ5: Today | FR5: Usage (m3)
A6: 1 | B6: 22663 | C6: 22722 | D6: =MAX(0,C6-B6) -> 59 | F6: 1 | G6: 39028 | H6: 39028 | I6: =MAX(0,H6-G6) -> 0 | K6: 1 | L6: 838202 | M6: 838400 | N6: =MAX(0,M6-L6) -> 198 | P6: 1 | Q6: 237416 | R6: 237462 | S6: =MAX(0,R6-Q6) -> 46 | U6: 1 | V6: =SUM(S6+N6+I6+D6) -> 303 | W6: ='Maldives at LG Daily'!I5 -> 13.6 | X6: 81 | Y6: =V6/X6 -> 3.7407407 | AA6: 1 | AB6: 45988 | AC6: 46002 | AD6: =AC6-AB6 -> 14 | AG6: 10204 | AH6: 10209 | AI6: 6 | AL6: 9246 | AM6: =9246+10 -> 9256 | AN6: =AM6-AL6 -> 10 | AQ6: 18516 | AR6: =18516+10 -> 18526 | AS6: =AR6-AQ6 -> 10 | AV6: 34750 | AW6: 34989 | AX6: =AW6-AV6 -> 239 | BA6: 8812 | BB6: 8831 | BC6: =BB6-BA6 -> 19 | BF6: 25515 | BG6: 25525 | BH6: =BG6-BF6 -> 10 | BK6: 9525 | BL6: 9531 | BM6: =BL6-BK6 -> 6 | BP6: 4066 | BQ6: 4068 | BR6: =BQ6-BP6 -> 2 | BU6: 1844 | BV6: 1844 | BW6: =BV6-BU6 -> 0 | BZ6: 28840 | CA6: 28845 | CB6: =CA6-BZ6 -> 5 | CE6: 3344 | CF6: 3346 | CG6: =CF6-CE6 -> 2 | CJ6: 83357 | CK6: 83403 | CL6: =CK6-CJ6 -> 46 | CO6: 25522 | CP6: 25525 | CQ6: =CP6-CO6 -> 3 | CT6: 12770 | CU6: 12771 | CV6: =CU6-CT6 -> 1 | CY6: 19562 | CZ6: 19563 | DA6: =CZ6-CY6 -> 1 | DD6: 20777 | DE6: 20779 | DF6: =DE6-DD6 -> 2 | DI6: 9696 | DJ6: 9698 | DK6: =DJ6-DI6 -> 2 | DN6: 25534 | DO6: 25540 | DP6: =DO6-DN6 -> 6 | DS6: 2656 | DT6: 2655 | DU6: =DT6-DS6 -> -1 | DX6: 10547 | DY6: 10547 | DZ6: =DY6-DX6 -> 0 | EC6: 4550 | EE6: =ED6-EC6 -> -4550 | EF6: 2479 | EH6: =EG6-EF6 -> -2479 | EI6: 2008 | EK6: =EJ6-EI6 -> -2008 | EL6: 1556 | EN6: =EM6-EL6 -> -1556 | EO6: 840 | EQ6: =EP6-EO6 -> -840 | ET6: =ES6-ER6 -> 0 | EW6: =EV6-EU6 -> 0 | EZ6: =EY6-EX6 -> 0 | FC6: =FB6-FA6 -> 0 | FF6: =FE6-FD6 -> 0 | FI6: =FH6-FG6 -> 0 | FL6: =FK6-FJ6 -> 0 | FO6: =FN6-FM6 -> 0 | FR6: =FQ6-FP6 -> 0
A7: 2 | B7: =C6 -> 22722 | C7: 22768 | D7: =MAX(0,C7-B7) -> 46 | F7: 2 | G7: =H6 -> 39028 | H7: 39028 | I7: =MAX(0,H7-G7) -> 0 | K7: 2 | L7: =M6 -> 838400 | M7: 838567 | N7: =MAX(0,M7-L7) -> 167 | P7: 2 | Q7: =R6 -> 237462 | R7: 237569 | S7: =MAX(0,R7-Q7) -> 107 | U7: 2 | V7: =SUM(S7+N7+I7+D7) -> 320 | W7: ='Maldives at LG Daily'!I6 -> 14.6 | X7: 93 | Y7: =V7/X7 -> 3.4408602 | AA7: 2 | AB7: =AC6 -> 46002 | AC7: 46018 | AD7: =AC7-AB7 -> 16 | AE7: =AD7-AD6 -> 2 | AG7: =AH6 -> 10209 | AH7: 10214 | AI7: =AH7-AG7 -> 5 | AJ7: =AI7-AI6 -> -1 | AL7: =AM6 -> 9256 | AM7: 9266 | AN7: =AM7-AL7 -> 10 | AO7: =AN7-AN6 -> 0 | AQ7: =AR6 -> 18526 | AR7: 18536 | AS7: =AR7-AQ7 -> 10 | AT7: =AS7-AS6 -> 0 | AV7: =AW6 -> 34989 | AW7: 34997 | AX7: =AW7-AV7 -> 8 | AY7: =AX7-AX6 -> -231 | BA7: =BB6 -> 8831 | BB7: 8837 | BC7: =BB7-BA7 -> 6 | BD7: =BC7-BC6 -> -13 | BF7: =BG6 -> 25525 | BG7: 25535 | BH7: =BG7-BF7 -> 10 | BI7: =BH7-BH6 -> 0 | BK7: =BL6 -> 9531 | BL7: 9537 | BM7: =BL7-BK7 -> 6 | BN7: =BM7-BM6 -> 0 | BP7: =BQ6 -> 4068 | BQ7: 4070 | BR7: =BQ7-BP7 -> 2 | BS7: =BR7-BR6 -> 0 | BU7: =BV6 -> 1844 | BV7: 1844 | BW7: =BV7-BU7 -> 0 | BX7: =BW7-BW6 -> 0 | BZ7: =CA6 -> 28845 | CA7: 28854 | CB7: =CA7-BZ7 -> 9 | CC7: =CB7-CB6 -> 4 | CE7: =CF6 -> 3346 | CF7: 3348 | CG7: =CF7-CE7 -> 2 | CH7: =CG7-CG6 -> 0 | CJ7: =CK6 -> 83403 | CK7: =83403+30 -> 83433 | CL7: =CK7-CJ7 -> 30 | CM7: =CL7-CL6 -> -16 | CO7: =CP6 -> 25525 | CP7: 25529 | CQ7: =CP7-CO7 -> 4 | CR7: =CQ7-CQ6 -> 1 | CT7: =CU6 -> 12771 | CU7: 12772 | CV7: =CU7-CT7 -> 1 | CW7: =CV7-CV6 -> 0 | CY7: =CZ6 -> 19563 | CZ7: 19563 | DA7: =CZ7-CY7 -> 0 | DB7: =DA7-DA6 -> -1 | DD7: =DE6 -> 20779 | DE7: 20783 | DF7: =DE7-DD7 -> 4 | DG7: =DF7-DF6 -> 2 | DI7: =DJ6 -> 9698 | DJ7: 9701 | DK7: =DJ7-DI7 -> 3 | DL7: =DK7-DK6 -> 1 | DN7: =DO6 -> 25540 | DO7: 25546 | DP7: =DO7-DN7 -> 6 | DQ7: =DP7-DP6 -> 0 | DS7: =DT6 -> 2655 | DT7: 2656 | DU7: =DT7-DS7 -> 1 | DV7: =DU7-DU6 -> 2 | DX7: =DY6 -> 10547 | DY7: 10547 | DZ7: =DY7-DX7 -> 0 | EA7: =DZ7-DZ6 -> 0 | EC7: =ED6 -> 0 | EE7: =ED7-EC7 -> 0 | EF7: =EG6 -> 0 | EH7: =EG7-EF7 -> 0 | EI7: =EJ6 -> 0 | EK7: =EJ7-EI7 -> 0 | EL7: =EM6 -> 0 | EN7: =EM7-EL7 -> 0 | EO7: =EP6 -> 0 | EQ7: =EP7-EO7 -> 0 | ER7: =ES6 -> 0 | ES7: 563 | ET7: 0 | EU7: =EV6 -> 0 | EV7: 831 | EW7: 0 | EX7: =EY6 -> 0 | EY7: 1199 | EZ7: 0 | FA7: =FB6 -> 0 | FB7: 15 | FC7: 0 | FD7: =FE6 -> 0 | FE7: 34 | FF7: 0 | FG7: =FH6 -> 0 | FH7: 89 | FI7: 0 | FJ7: =FK6 -> 0 | FK7: 15 | FL7: 0 | FM7: =FN6 -> 0 | FN7: 8 | FO7: 0 | FP7: =FQ6 -> 0 | FQ7: 23 | FR7: =FQ7-FP7 -> 23
A8: 3 | B8: =C7 -> 22768 | C8: 22840 | D8: =MAX(0,C8-B8) -> 72 | F8: 3 | G8: =H7 -> 39028 | H8: 39028 | I8: =MAX(0,H8-G8) -> 0 | K8: 3 | L8: =M7 -> 838567 | M8: 838779 | N8: =MAX(0,M8-L8) -> 212 | P8: 3 | Q8: =R7 -> 237569 | R8: 237609 | S8: =MAX(0,R8-Q8) -> 40 | U8: 3 | V8: =SUM(S8+N8+I8+D8) -> 324 | W8: ='Maldives at LG Daily'!I7 -> 14.6 | X8: 94 | Y8: =V8/X8 -> 3.4468085 | AA8: 3 | AB8: =AC7 -> 46018 | AC8: 46036 | AD8: =AC8-AB8 -> 18 | AE8: =AD8-AD7 -> 2 | AG8: =AH7 -> 10214 | AH8: 10219 | AI8: =AH8-AG8 -> 5 | AJ8: =AI8-AI7 -> 0 | AL8: =AM7 -> 9266 | AM8: 9277 | AN8: =AM8-AL8 -> 11 | AO8: =AN8-AN7 -> 1 | AQ8: =AR7 -> 18536 | AR8: =18536+13 -> 18549 | AS8: =AR8-AQ8 -> 13 | AT8: =AS8-AS7 -> 3 | AV8: =AW7 -> 34997 | AW8: =34997+8 -> 35005 | AX8: =AW8-AV8 -> 8 | AY8: =AX8-AX7 -> 0 | BA8: =BB7 -> 8837 | BB8: =8837+7 -> 8844 | BC8: =BB8-BA8 -> 7 | BD8: =BC8-BC7 -> 1 | BF8: =BG7 -> 25535 | BG8: =25535+10 -> 25545 | BH8: =BG8-BF8 -> 10 | BI8: =BH8-BH7 -> 0 | BK8: =BL7 -> 9537 | BL8: =9537+6 -> 9543 | BM8: =BL8-BK8 -> 6 | BN8: =BM8-BM7 -> 0 | BP8: =BQ7 -> 4070 | BQ8: =4070+2 -> 4072 | BR8: =BQ8-BP8 -> 2 | BS8: =BR8-BR7 -> 0 | BU8: =BV7 -> 1844 | BV8: 1845 | BW8: =BV8-BU8 -> 1 | BX8: =BW8-BW7 -> 1 | BZ8: =CA7 -> 28854 | CA8: =28854+4.5 -> 28858.5 | CB8: =CA8-BZ8 -> 4.5 | CC8: =CB8-CB7 -> -4.5 | CE8: =CF7 -> 3348 | CF8: 3350 | CG8: =CF8-CE8 -> 2 | CH8: =CG8-CG7 -> 0 | CJ8: =CK7 -> 83433 | CK8: =83433+30 -> 83463 | CL8: =CK8-CJ8 -> 30 | CM8: =CL8-CL7 -> 0 | CO8: =CP7 -> 25529 | CP8: =25529+2 -> 25531 | CQ8: =CP8-CO8 -> 2 | CR8: =CQ8-CQ7 -> -2 | CT8: =CU7 -> 12772 | CU8: =12772+1 -> 12773 | CV8: =CU8-CT8 -> 1 | CW8: =CV8-CV7 -> 0 | CY8: =CZ7 -> 19563 | CZ8: =19563+5 -> 19568 | DA8: =CZ8-CY8 -> 5 | DB8: =DA8-DA7 -> 5 | DD8: =DE7 -> 20783 | DE8: =20783+4 -> 20787 | DF8: =DE8-DD8 -> 4 | DG8: =DF8-DF7 -> 0 | DI8: =DJ7 -> 9701 | DJ8: =9701+2 -> 9703 | DK8: =DJ8-DI8 -> 2 | DL8: =DK8-DK7 -> -1 | DN8: =DO7 -> 25546 | DO8: =25546+20 -> 25566 | DP8: =DO8-DN8 -> 20 | DQ8: =DP8-DP7 -> 14 | DS8: =DT7 -> 2656 | DT8: 2658 | DU8: =DT8-DS8 -> 2 | DV8: =DU8-DU7 -> 1 | DX8: =DY7 -> 10547 | DY8: 10549 | DZ8: =DY8-DX8 -> 2 | EA8: =DZ8-DZ7 -> 2 | EC8: =ED7 -> 0 | EE8: =ED8-EC8 -> 0 | EF8: =EG7 -> 0 | EH8: =EG8-EF8 -> 0 | EI8: =EJ7 -> 0 | EK8: =EJ8-EI8 -> 0 | EL8: =EM7 -> 0 | EN8: =EM8-EL8 -> 0 | EO8: =EP7 -> 0 | EQ8: =EP8-EO8 -> 0 | ER8: =ES7 -> 563 | ES8: 578 | ET8: =ES8-ER8 -> 15 | EU8: =EV7 -> 831 | EV8: 840 | EW8: =EV8-EU8 -> 9 | EX8: =EY7 -> 1199 | EY8: 1230 | EZ8: =EY8-EX8 -> 31 | FA8: =FB7 -> 15 | FB8: 0 | FC8: =FB8-FA8 -> -15 | FD8: =FE7 -> 34 | FE8: 71 | FF8: =FE8-FD8 -> 37 | FG8: =FH7 -> 89 | FH8: 123 | FI8: =FH8-FG8 -> 34 | FJ8: =FK7 -> 15 | FK8: 23 | FL8: =FK8-FJ8 -> 8 | FM8: =FN7 -> 8 | FN8: 10 | FO8: =FN8-FM8 -> 2 | FP8: =FQ7 -> 23 | FQ8: 23 | FR8: =FQ8-FP8 -> 0
A9: 4 | B9: =C8 -> 22840 | C9: 22840 | D9: =MAX(0,C9-B9) -> 0 | F9: 4 | G9: =H8 -> 39028 | H9: 39028 | I9: =MAX(0,H9-G9) -> 0 | K9: 4 | L9: =M8 -> 838779 | M9: 838984 | N9: =MAX(0,M9-L9) -> 205 | P9: 4 | Q9: =R8 -> 237609 | R9: 237703 | S9: =MAX(0,R9-Q9) -> 94 | U9: 4 | V9: =SUM(S9+N9+I9+D9) -> 299 | W9: ='Maldives at LG Daily'!I8 -> 10.7 | X9: 98 | Y9: =V9/X9 -> 3.0510204 | AA9: 4 | AB9: =AC8 -> 46036 | AC9: 46055 | AD9: =AC9-AB9 -> 19 | AE9: =AD9-AD8 -> 1 | AG9: =AH8 -> 10219 | AH9: 10224 | AI9: =AH9-AG9 -> 5 | AJ9: =AI9-AI8 -> 0 | AL9: =AM8 -> 9277 | AM9: 9309 | AN9: =AM9-AL9 -> 32 | AO9: =AN9-AN8 -> 21 | AQ9: =AR8 -> 18549 | AR9: 18555 | AS9: =AR9-AQ9 -> 6 | AT9: =AS9-AS8 -> -7 | AV9: =AW8 -> 35005 | AW9: 35012 | AX9: =AW9-AV9 -> 7 | AY9: =AX9-AX8 -> -1 | BA9: =BB8 -> 8844 | BB9: 8850 | BC9: =BB9-BA9 -> 6 | BD9: =BC9-BC8 -> -1 | BF9: =BG8 -> 25545 | BG9: 25555 | BH9: =BG9-BF9 -> 10 | BI9: =BH9-BH8 -> 0 | BK9: =BL8 -> 9543 | BL9: 9575 | BM9: =BL9-BK9 -> 32 | BN9: =BM9-BM8 -> 26 | BP9: =BQ8 -> 4072 | BQ9: 4073 | BR9: =BQ9-BP9 -> 1 | BS9: =BR9-BR8 -> -1 | BU9: =BV8 -> 1845 | BV9: 1846 | BW9: =BV9-BU9 -> 1 | BX9: =BW9-BW8 -> 0 | BZ9: =CA8 -> 28858.5 | CA9: 28866 | CB9: =CA9-BZ9 -> 7.5 | CC9: =CB9-CB8 -> 3 | CE9: =CF8 -> 3350 | CF9: 3352 | CG9: =CF9-CE9 -> 2 | CH9: =CG9-CG8 -> 0 | CJ9: =CK8 -> 83463 | CK9: =83463+30 -> 83493 | CL9: =CK9-CJ9 -> 30 | CM9: =CL9-CL8 -> 0 | CO9: =CP8 -> 25531 | CP9: 25556 | CQ9: =CP9-CO9 -> 25 | CR9: =CQ9-CQ8 -> 23 | CT9: =CU8 -> 12773 | CU9: 12774 | CV9: =CU9-CT9 -> 1 | CW9: =CV9-CV8 -> 0 | CY9: =CZ8 -> 19568 | CZ9: 19564 | DA9: =CZ9-CY9 -> -4 | DB9: =DA9-DA8 -> -9 | DD9: =DE8 -> 20787 | DE9: 20787 | DF9: =DE9-DD9 -> 0 | DG9: =DF9-DF8 -> -4 | DI9: =DJ8 -> 9703 | DJ9: 9706 | DK9: =DJ9-DI9 -> 3 | DL9: =DK9-DK8 -> 1 | DN9: =DO8 -> 25566 | DO9: 25559 | DP9: =DO9-DN9 -> -7 | DQ9: =DP9-DP8 -> -27 | DS9: =DT8 -> 2658 | DT9: 2658 | DU9: =DT9-DS9 -> 0 | DV9: =DU9-DU8 -> -2 | DX9: =DY8 -> 10549 | DY9: 10547 | DZ9: =DY9-DX9 -> -2 | EA9: =DZ9-DZ8 -> -4 | EC9: =ED8 -> 0 | EE9: =ED9-EC9 -> 0 | EF9: =EG8 -> 0 | EH9: =EG9-EF9 -> 0 | EI9: =EJ8 -> 0 | EK9: =EJ9-EI9 -> 0 | EL9: =EM8 -> 0 | EN9: =EM9-EL9 -> 0 | EO9: =EP8 -> 0 | EQ9: =EP9-EO9 -> 0 | ER9: =ES8 -> 578 | ET9: =ES9-ER9 -> -578 | EU9: =EV8 -> 840 | EW9: =EV9-EU9 -> -840 | EX9: =EY8 -> 1230 | EZ9: =EY9-EX9 -> -1230 | FA9: =FB8 -> 0 | FC9: =FB9-FA9 -> 0 | FD9: =FE8 -> 71 | FF9: =FE9-FD9 -> -71 | FG9: =FH8 -> 123 | FI9: =FH9-FG9 -> -123 | FJ9: =FK8 -> 23 | FL9: =FK9-FJ9 -> -23 | FM9: =FN8 -> 10 | FO9: =FN9-FM9 -> -10 | FP9: =FQ8 -> 23 | FR9: =FQ9-FP9 -> -23
A10: 5 | B10: =C9 -> 22840 | C10: 22840 | D10: =MAX(0,C10-B10) -> 0 | F10: 5 | G10: =H9 -> 39028 | H10: 39028 | I10: =MAX(0,H10-G10) -> 0 | K10: 5 | L10: =M9 -> 838984 | M10: 839152 | N10: =MAX(0,M10-L10) -> 168 | P10: 5 | Q10: =R9 -> 237703 | R10: 237800 | S10: =MAX(0,R10-Q10) -> 97 | U10: 5 | V10: =SUM(S10+N10+I10+D10) -> 265 | W10: ='Maldives at LG Daily'!I9 -> 10.7 | X10: 73 | Y10: =V10/X10 -> 3.630137 | AA10: 5 | AB10: =AC9 -> 46055 | AC10: 46069 | AD10: =AC10-AB10 -> 14 | AE10: =AD10-AD9 -> -5 | AG10: =AH9 -> 10224 | AH10: 10230 | AI10: =AH10-AG10 -> 6 | AJ10: =AI10-AI9 -> 1 | AL10: =AM9 -> 9309 | AM10: 9317 | AN10: =AM10-AL10 -> 8 | AO10: =AN10-AN9 -> -24 | AQ10: =AR9 -> 18555 | AR10: 18560 | AS10: =AR10-AQ10 -> 5 | AT10: =AS10-AS9 -> -1 | AV10: =AW9 -> 35012 | AW10: 35020 | AX10: =AW10-AV10 -> 8 | AY10: =AX10-AX9 -> 1 | BA10: =BB9 -> 8850 | BB10: 8856 | BC10: =BB10-BA10 -> 6 | BD10: =BC10-BC9 -> 0 | BF10: =BG9 -> 25555 | BG10: 25565 | BH10: =BG10-BF10 -> 10 | BI10: =BH10-BH9 -> 0 | BK10: =BL9 -> 9575 | BL10: 9583 | BM10: =BL10-BK10 -> 8 | BN10: =BM10-BM9 -> -24 | BP10: =BQ9 -> 4073 | BQ10: 4074 | BR10: =BQ10-BP10 -> 1 | BS10: =BR10-BR9 -> 0 | BU10: =BV9 -> 1846 | BV10: 1847 | BW10: =BV10-BU10 -> 1 | BX10: =BW10-BW9 -> 0 | BZ10: =CA9 -> 28866 | CA10: 28869 | CB10: =CA10-BZ10 -> 3 | CC10: =CB10-CB9 -> -4.5 | CE10: =CF9 -> 3352 | CF10: 3353 | CG10: =CF10-CE10 -> 1 | CH10: =CG10-CG9 -> -1 | CJ10: =CK9 -> 83493 | CK10: 83513 | CL10: =CK10-CJ10 -> 20 | CM10: =CL10-CL9 -> -10 | CO10: =CP9 -> 25556 | CP10: 25567 | CQ10: =CP10-CO10 -> 11 | CR10: =CQ10-CQ9 -> -14 | CT10: =CU9 -> 12774 | CU10: 12774 | CV10: =CU10-CT10 -> 0 | CW10: =CV10-CV9 -> -1 | CY10: =CZ9 -> 19564 | CZ10: 19565 | DA10: =CZ10-CY10 -> 1 | DB10: =DA10-DA9 -> 5 | DD10: =DE9 -> 20787 | DE10: 20789 | DF10: =DE10-DD10 -> 2 | DG10: =DF10-DF9 -> 2 | DI10: =DJ9 -> 9706 | DJ10: 9708 | DK10: =DJ10-DI10 -> 2 | DL10: =DK10-DK9 -> -1 | DN10: =DO9 -> 25559 | DO10: 25566 | DP10: =DO10-DN10 -> 7 | DQ10: =DP10-DP9 -> 14 | DS10: =DT9 -> 2658 | DT10: 2658 | DU10: =DT10-DS10 -> 0 | DV10: =DU10-DU9 -> 0 | DX10: =DY9 -> 10547 | DY10: 10547 | DZ10: =DY10-DX10 -> 0 | EA10: =DZ10-DZ9 -> 2 | EC10: =ED9 -> 0 | EE10: =ED10-EC10 -> 0 | EF10: =EG9 -> 0 | EH10: =EG10-EF10 -> 0 | EI10: =EJ9 -> 0 | EK10: =EJ10-EI10 -> 0 | EL10: =EM9 -> 0 | EN10: =EM10-EL10 -> 0 | EO10: =EP9 -> 0 | EQ10: =EP10-EO10 -> 0 | ER10: =ES9 -> 0 | ET10: =ES10-ER10 -> 0 | EU10: =EV9 -> 0 | EW10: =EV10-EU10 -> 0 | EX10: =EY9 -> 0 | EZ10: =EY10-EX10 -> 0 | FA10: =FB9 -> 0 | FC10: =FB10-FA10 -> 0 | FD10: =FE9 -> 0 | FF10: =FE10-FD10 -> 0 | FG10: =FH9 -> 0 | FI10: =FH10-FG10 -> 0 | FJ10: =FK9 -> 0 | FL10: =FK10-FJ10 -> 0 | FM10: =FN9 -> 0 | FO10: =FN10-FM10 -> 0 | FP10: =FQ9 -> 0 | FR10: =FQ10-FP10 -> 0
A11: 6 | B11: =C10 -> 22840 | C11: 22840 | D11: =MAX(0,C11-B11) -> 0 | F11: 6 | G11: =H10 -> 39028 | H11: 39028 | I11: =MAX(0,H11-G11) -> 0 | K11: 6 | L11: =M10 -> 839152 | M11: 839361 | N11: =MAX(0,M11-L11) -> 209 | P11: 6 | Q11: =R10 -> 237800 | R11: 237894 | S11: =MAX(0,R11-Q11) -> 94 | U11: 6 | V11: =SUM(S11+N11+I11+D11) -> 303 | W11: ='Maldives at LG Daily'!I10 -> 13.6 | X11: 81 | Y11: =V11/X11 -> 3.7407407 | AA11: 6 | AB11: =AC10 -> 46069 | AC11: 46083 | AD11: =AC11-AB11 -> 14 | AE11: =AD11-AD10 -> 0 | AG11: =AH10 -> 10230 | AH11: 10236 | AI11: =AH11-AG11 -> 6 | AJ11: =AI11-AI10 -> 0 | AL11: =AM10 -> 9317 | AM11: 9322 | AN11: =AM11-AL11 -> 5 | AO11: =AN11-AN10 -> -3 | AQ11: =AR10 -> 18560 | AR11: 18569 | AS11: =AR11-AQ11 -> 9 | AT11: =AS11-AS10 -> 4 | AV11: =AW10 -> 35020 | AW11: 35026 | AX11: =AW11-AV11 -> 6 | AY11: =AX11-AX10 -> -2 | BA11: =BB10 -> 8856 | BB11: 8862 | BC11: =BB11-BA11 -> 6 | BD11: =BC11-BC10 -> 0 | BF11: =BG10 -> 25565 | BG11: 25575 | BH11: =BG11-BF11 -> 10 | BI11: =BH11-BH10 -> 0 | BK11: =BL10 -> 9583 | BL11: 9590 | BM11: =BL11-BK11 -> 7 | BN11: =BM11-BM10 -> -1 | BP11: =BQ10 -> 4074 | BQ11: 4075 | BR11: =BQ11-BP11 -> 1 | BS11: =BR11-BR10 -> 0 | BU11: =BV10 -> 1847 | BV11: 1848 | BW11: =BV11-BU11 -> 1 | BX11: =BW11-BW10 -> 0 | BZ11: =CA10 -> 28869 | CA11: 28875 | CB11: =CA11-BZ11 -> 6 | CC11: =CB11-CB10 -> 3 | CE11: =CF10 -> 3353 | CF11: 3356 | CG11: =CF11-CE11 -> 3 | CH11: =CG11-CG10 -> 2 | CJ11: =CK10 -> 83513 | CK11: =83513+30 -> 83543 | CL11: =CK11-CJ11 -> 30 | CM11: =CL11-CL10 -> 10 | CO11: =CP10 -> 25567 | CP11: 25568 | CQ11: =CP11-CO11 -> 1 | CR11: =CQ11-CQ10 -> -10 | CT11: =CU10 -> 12774 | CU11: 12775 | CV11: =CU11-CT11 -> 1 | CW11: =CV11-CV10 -> 1 | CY11: =CZ10 -> 19565 | CZ11: 19565 | DA11: =CZ11-CY11 -> 0 | DB11: =DA11-DA10 -> -1 | DD11: =DE10 -> 20789 | DE11: 20791 | DF11: =DE11-DD11 -> 2 | DG11: =DF11-DF10 -> 0 | DI11: =DJ10 -> 9708 | DJ11: 9711 | DK11: =DJ11-DI11 -> 3 | DL11: =DK11-DK10 -> 1 | DN11: =DO10 -> 25566 | DO11: 25572 | DP11: =DO11-DN11 -> 6 | DQ11: =DP11-DP10 -> -1 | DS11: =DT10 -> 2658 | DT11: 2660 | DU11: =DT11-DS11 -> 2 | DV11: =DU11-DU10 -> 2 | DX11: =DY10 -> 10547 | DY11: 10547 | DZ11: =DY11-DX11 -> 0 | EA11: =DZ11-DZ10 -> 0 | EC11: =ED10 -> 0 | EE11: =ED11-EC11 -> 0 | EF11: =EG10 -> 0 | EH11: =EG11-EF11 -> 0 | EI11: =EJ10 -> 0 | EK11: =EJ11-EI11 -> 0 | EL11: =EM10 -> 0 | EN11: =EM11-EL11 -> 0 | EO11: =EP10 -> 0 | EQ11: =EP11-EO11 -> 0 | ER11: =ES10 -> 0 | ET11: =ES11-ER11 -> 0 | EU11: =EV10 -> 0 | EW11: =EV11-EU11 -> 0 | EX11: =EY10 -> 0 | EZ11: =EY11-EX11 -> 0 | FA11: =FB10 -> 0 | FC11: =FB11-FA11 -> 0 | FD11: =FE10 -> 0 | FF11: =FE11-FD11 -> 0 | FG11: =FH10 -> 0 | FI11: =FH11-FG11 -> 0 | FJ11: =FK10 -> 0 | FL11: =FK11-FJ11 -> 0 | FM11: =FN10 -> 0 | FO11: =FN11-FM11 -> 0 | FP11: =FQ10 -> 0 | FR11: =FQ11-FP11 -> 0
A12: 7 | B12: =C11 -> 22840 | C12: 22840 | D12: =MAX(0,C12-B12) -> 0 | F12: 7 | G12: =H11 -> 39028 | H12: 39028 | I12: =MAX(0,H12-G12) -> 0 | K12: 7 | L12: =M11 -> 839361 | M12: 839562 | N12: =MAX(0,M12-L12) -> 201 | P12: 7 | Q12: =R11 -> 237894 | R12: 237976 | S12: =MAX(0,R12-Q12) -> 82 | U12: 7 | V12: =SUM(S12+N12+I12+D12) -> 283 | W12: ='Maldives at LG Daily'!I11 -> 13.6 | X12: 80 | Y12: =V12/X12 -> 3.5375 | AA12: 7 | AB12: =AC11 -> 46083 | AC12: 46100 | AD12: =AC12-AB12 -> 17 | AE12: =AD12-AD11 -> 3 | AG12: =AH11 -> 10236 | AH12: 10241 | AI12: =AH12-AG12 -> 5 | AJ12: =AI12-AI11 -> -1 | AL12: =AM11 -> 9322 | AM12: 9333 | AN12: =AM12-AL12 -> 11 | AO12: =AN12-AN11 -> 6 | AQ12: =AR11 -> 18569 | AR12: 18575 | AS12: =AR12-AQ12 -> 6 | AT12: =AS12-AS11 -> -3 | AV12: =AW11 -> 35026 | AW12: 35033 | AX12: =AW12-AV12 -> 7 | AY12: =AX12-AX11 -> 1 | BA12: =BB11 -> 8862 | BB12: 8868 | BC12: =BB12-BA12 -> 6 | BD12: =BC12-BC11 -> 0 | BF12: =BG11 -> 25575 | BG12: 25585 | BH12: =BG12-BF12 -> 10 | BI12: =BH12-BH11 -> 0 | BK12: =BL11 -> 9590 | BL12: 9598 | BM12: =BL12-BK12 -> 8 | BN12: =BM12-BM11 -> 1 | BP12: =BQ11 -> 4075 | BQ12: 4076 | BR12: =BQ12-BP12 -> 1 | BS12: =BR12-BR11 -> 0 | BU12: =BV11 -> 1848 | BV12: 1849 | BW12: =BV12-BU12 -> 1 | BX12: =BW12-BW11 -> 0 | BZ12: =CA11 -> 28875 | CA12: 28879 | CB12: =CA12-BZ12 -> 4 | CC12: =CB12-CB11 -> -2 | CE12: =CF11 -> 3356 | CF12: 3359 | CG12: =CF12-CE12 -> 3 | CH12: =CG12-CG11 -> 0 | CJ12: =CK11 -> 83543 | CK12: 83564 | CL12: =CK12-CJ12 -> 21 | CM12: =CL12-CL11 -> -9 | CO12: =CP11 -> 25568 | CP12: 25573 | CQ12: =CP12-CO12 -> 5 | CR12: =CQ12-CQ11 -> 4 | CT12: =CU11 -> 12775 | CU12: 12777 | CV12: =CU12-CT12 -> 2 | CW12: =CV12-CV11 -> 1 | CY12: =CZ11 -> 19565 | CZ12: 19565 | DA12: =CZ12-CY12 -> 0 | DB12: =DA12-DA11 -> 0 | DD12: =DE11 -> 20791 | DE12: 20793 | DF12: =DE12-DD12 -> 2 | DG12: =DF12-DF11 -> 0 | DI12: =DJ11 -> 9711 | DJ12: 9713 | DK12: =DJ12-DI12 -> 2 | DN12: =DO11 -> 25572 | DO12: 25570 | DP12: =DO12-DN12 -> -2 | DQ12: =DP12-DP11 -> -8 | DS12: =DT11 -> 2660 | DT12: 2661 | DU12: =DT12-DS12 -> 1 | DV12: =DU12-DU11 -> -1 | DX12: =DY11 -> 10547 | DY12: 10547 | DZ12: =DY12-DX12 -> 0 | EA12: =DZ12-DZ11 -> 0 | EC12: =ED11 -> 0 | EE12: =ED12-EC12 -> 0 | EF12: =EG11 -> 0 | EH12: =EG12-EF12 -> 0 | EI12: =EJ11 -> 0 | EK12: =EJ12-EI12 -> 0 | EL12: =EM11 -> 0 | EN12: =EM12-EL12 -> 0 | EO12: =EP11 -> 0 | EQ12: =EP12-EO12 -> 0 | ER12: =ES11 -> 0 | ET12: =ES12-ER12 -> 0 | EU12: =EV11 -> 0 | EW12: =EV12-EU12 -> 0 | EX12: =EY11 -> 0 | EZ12: =EY12-EX12 -> 0 | FA12: =FB11 -> 0 | FC12: =FB12-FA12 -> 0 | FD12: =FE11 -> 0 | FF12: =FE12-FD12 -> 0 | FG12: =FH11 -> 0 | FI12: =FH12-FG12 -> 0 | FJ12: =FK11 -> 0 | FL12: =FK12-FJ12 -> 0 | FM12: =FN11 -> 0 | FO12: =FN12-FM12 -> 0 | FP12: =FQ11 -> 0 | FR12: =FQ12-FP12 -> 0
A13: 8 | B13: =C12 -> 22840 | C13: 22840 | D13: =MAX(0,C13-B13) -> 0 | F13: 8 | G13: =H12 -> 39028 | H13: 39028 | I13: =MAX(0,H13-G13) -> 0 | K13: 8 | L13: =M12 -> 839562 | M13: 839726 | N13: =MAX(0,M13-L13) -> 164 | P13: 8 | Q13: =R12 -> 237976 | R13: 238100 | S13: =MAX(0,R13-Q13) -> 124 | U13: 8 | V13: =SUM(S13+N13+I13+D13) -> 288 | W13: ='Maldives at LG Daily'!I12 -> 15 | X13: 46 | Y13: =V13/X13 -> 6.2608696 | AA13: 8 | AB13: =AC12 -> 46100 | AC13: 46115 | AD13: =AC13-AB13 -> 15 | AE13: =AD13-AD12 -> -2 | AG13: =AH12 -> 10241 | AH13: 10246 | AI13: =AH13-AG13 -> 5 | AJ13: =AI13-AI12 -> 0 | AL13: =AM12 -> 9333 | AM13: 9341 | AN13: =AM13-AL13 -> 8 | AO13: =AN13-AN12 -> -3 | AQ13: =AR12 -> 18575 | AR13: 18590 | AS13: =AR13-AQ13 -> 15 | AT13: =AS13-AS12 -> 9 | AV13: =AW12 -> 35033 | AW13: 35040 | AX13: =AW13-AV13 -> 7 | AY13: =AX13-AX12 -> 0 | BA13: =BB12 -> 8868 | BB13: 8875 | BC13: =BB13-BA13 -> 7 | BD13: =BC13-BC12 -> 1 | BF13: =BG12 -> 25585 | BG13: 25585 | BH13: =BG13-BF13 -> 0 | BI13: =BH13-BH12 -> -10 | BK13: =BL12 -> 9598 | BL13: 9613 | BM13: =BL13-BK13 -> 15 | BN13: =BM13-BM12 -> 7 | BP13: =BQ12 -> 4076 | BQ13: 4080 | BR13: =BQ13-BP13 -> 4 | BS13: =BR13-BR12 -> 3 | BU13: =BV12 -> 1849 | BV13: 1849 | BW13: =BV13-BU13 -> 0 | BX13: =BW13-BW12 -> -1 | BZ13: =CA12 -> 28879 | CA13: 28891 | CB13: =CA13-BZ13 -> 12 | CC13: =CB13-CB12 -> 8 | CE13: =CF12 -> 3359 | CF13: 3364 | CG13: =CF13-CE13 -> 5 | CH13: =CG13-CG12 -> 2 | CJ13: =CK12 -> 83564 | CK13: 83593 | CL13: =CK13-CJ13 -> 29 | CM13: =CL13-CL12 -> 8 | CO13: =CP12 -> 25573 | CP13: 25580 | CQ13: =CP13-CO13 -> 7 | CR13: =CQ13-CQ12 -> 2 | CT13: =CU12 -> 12777 | CU13: 12777 | CV13: =CU13-CT13 -> 0 | CW13: =CV13-CV12 -> -2 | CY13: =CZ12 -> 19565 | CZ13: 19566 | DA13: =CZ13-CY13 -> 1 | DB13: =DA13-DA12 -> 1 | DD13: =DE12 -> 20793 | DE13: 20798 | DF13: =DE13-DD13 -> 5 | DG13: =DF13-DF12 -> 3 | DI13: =DJ12 -> 9713 | DJ13: 9715 | DK13: =DJ13-DI13 -> 2 | DL13: =DK13-DK12 -> 0 | DN13: =DO12 -> 25570 | DO13: 25586 | DP13: =DO13-DN13 -> 16 | DQ13: =DP13-DP12 -> 18 | DS13: =DT12 -> 2661 | DT13: 2662 | DU13: =DT13-DS13 -> 1 | DV13: =DU13-DU12 -> 0 | DX13: =DY12 -> 10547 | DY13: 10547 | DZ13: =DY13-DX13 -> 0 | EA13: =DZ13-DZ12 -> 0 | EC13: =ED12 -> 0 | EE13: =ED13-EC13 -> 0 | EF13: =EG12 -> 0 | EH13: =EG13-EF13 -> 0 | EI13: =EJ12 -> 0 | EK13: =EJ13-EI13 -> 0 | EL13: =EM12 -> 0 | EN13: =EM13-EL13 -> 0 | EO13: =EP12 -> 0 | EQ13: =EP13-EO13 -> 0 | ER13: =ES12 -> 0 | ET13: =ES13-ER13 -> 0 | EU13: =EV12 -> 0 | EW13: =EV13-EU13 -> 0 | EX13: =EY12 -> 0 | EZ13: =EY13-EX13 -> 0 | FA13: =FB12 -> 0 | FC13: =FB13-FA13 -> 0 | FD13: =FE12 -> 0 | FF13: =FE13-FD13 -> 0 | FG13: =FH12 -> 0 | FI13: =FH13-FG13 -> 0 | FJ13: =FK12 -> 0 | FL13: =FK13-FJ13 -> 0 | FM13: =FN12 -> 0 | FO13: =FN13-FM13 -> 0 | FP13: =FQ12 -> 0 | FR13: =FQ13-FP13 -> 0
A14: 9 | B14: =C13 -> 22840 | C14: 22849 | D14: =MAX(0,C14-B14) -> 9 | F14: 9 | G14: =H13 -> 39028 | H14: 39028 | I14: =MAX(0,H14-G14) -> 0 | K14: 9 | L14: =M13 -> 839726 | M14: 839914 | N14: =MAX(0,M14-L14) -> 188 | P14: 9 | Q14: =R13 -> 238100 | R14: 238332 | S14: =MAX(0,R14-Q14) -> 232 | U14: 9 | V14: =SUM(S14+N14+I14+D14) -> 429 | W14: ='Maldives at LG Daily'!I13 -> 12 | X14: 36 | Y14: =V14/X14 -> 11.916667 | AA14: 9 | AB14: =AC13 -> 46115 | AC14: 46126 | AD14: =AC14-AB14 -> 11 | AE14: =AD14-AD13 -> -4 | AG14: =AH13 -> 10246 | AH14: 10251 | AI14: =AH14-AG14 -> 5 | AJ14: =AI14-AI13 -> 0 | AL14: =AM13 -> 9341 | AM14: 9349 | AN14: =AM14-AL14 -> 8 | AO14: =AN14-AN13 -> 0 | AQ14: =AR13 -> 18590 | AR14: 18635 | AS14: =AR14-AQ14 -> 45 | AT14: =AS14-AS13 -> 30 | AV14: =AW13 -> 35040 | AW14: 35047 | AX14: =AW14-AV14 -> 7 | AY14: =AX14-AX13 -> 0 | BA14: =BB13 -> 8875 | BB14: 8881 | BC14: =BB14-BA14 -> 6 | BD14: =BC14-BC13 -> -1 | BF14: =BG13 -> 25585 | BG14: 25585 | BH14: =BG14-BF14 -> 0 | BI14: =BH14-BH13 -> 0 | BK14: =BL13 -> 9613 | BL14: 9613 | BM14: =BL14-BK14 -> 0 | BN14: =BM14-BM13 -> -15 | BP14: =BQ13 -> 4080 | BQ14: 4080 | BR14: =BQ14-BP14 -> 0 | BS14: =BR14-BR13 -> -4 | BU14: =BV13 -> 1849 | BV14: 1849 | BW14: =BV14-BU14 -> 0 | BX14: =BW14-BW13 -> 0 | BZ14: =CA13 -> 28891 | CA14: 28899 | CB14: =CA14-BZ14 -> 8 | CC14: =CB14-CB13 -> -4 | CE14: =CF13 -> 3364 | CF14: 3368 | CG14: =CF14-CE14 -> 4 | CH14: =CG14-CG13 -> -1 | CJ14: =CK13 -> 83593 | CK14: 83620 | CL14: =CK14-CJ14 -> 27 | CM14: =CL14-CL13 -> -2 | CO14: =CP13 -> 25580 | CP14: 25586 | CQ14: =CP14-CO14 -> 6 | CR14: =CQ14-CQ13 -> -1 | CT14: =CU13 -> 12777 | CU14: 12778 | CV14: =CU14-CT14 -> 1 | CW14: =CV14-CV13 -> 1 | CY14: =CZ13 -> 19566 | CZ14: 19567 | DA14: =CZ14-CY14 -> 1 | DB14: =DA14-DA13 -> 0 | DD14: =DE13 -> 20798 | DE14: 20801 | DF14: =DE14-DD14 -> 3 | DG14: =DF14-DF13 -> -2 | DI14: =DJ13 -> 9715 | DJ14: 9719 | DK14: =DJ14-DI14 -> 4 | DL14: =DK14-DK13 -> 2 | DN14: =DO13 -> 25586 | DO14: 25591 | DP14: =DO14-DN14 -> 5 | DQ14: =DP14-DP13 -> -11 | DS14: =DT13 -> 2662 | DT14: 2664 | DU14: =DT14-DS14 -> 2 | DV14: =DU14-DU13 -> 1 | DX14: =DY13 -> 10547 | DY14: 10547 | DZ14: =DY14-DX14 -> 0 | EA14: =DZ14-DZ13 -> 0 | EC14: =ED13 -> 0 | EE14: =ED14-EC14 -> 0 | EF14: =EG13 -> 0 | EH14: =EG14-EF14 -> 0 | EI14: =EJ13 -> 0 | EK14: =EJ14-EI14 -> 0 | EL14: =EM13 -> 0 | EN14: =EM14-EL14 -> 0 | EO14: =EP13 -> 0 | EQ14: =EP14-EO14 -> 0 | ER14: =ES13 -> 0 | ET14: =ES14-ER14 -> 0 | EU14: =EV13 -> 0 | EW14: =EV14-EU14 -> 0 | EX14: =EY13 -> 0 | EZ14: =EY14-EX14 -> 0 | FA14: =FB13 -> 0 | FC14: =FB14-FA14 -> 0 | FD14: =FE13 -> 0 | FF14: =FE14-FD14 -> 0 | FG14: =FH13 -> 0 | FI14: =FH14-FG14 -> 0 | FJ14: =FK13 -> 0 | FL14: =FK14-FJ14 -> 0 | FM14: =FN13 -> 0 | FO14: =FN14-FM14 -> 0 | FP14: =FQ13 -> 0 | FR14: =FQ14-FP14 -> 0
A15: 10 | B15: =C14 -> 22849 | C15: 22849 | D15: =MAX(0,C15-B15) -> 0 | F15: 10 | G15: =H14 -> 39028 | H15: 39028 | I15: =MAX(0,H15-G15) -> 0 | K15: 10 | L15: =M14 -> 839914 | M15: 840113 | N15: =MAX(0,M15-L15) -> 199 | P15: 10 | Q15: =R14 -> 238332 | R15: 238332 | S15: =MAX(0,R15-Q15) -> 0 | U15: 10 | V15: =SUM(S15+N15+I15+D15) -> 199 | W15: ='Maldives at LG Daily'!I14 -> 12 | X15: 37 | Y15: =V15/X15 -> 5.3783784 | AA15: 10 | AB15: =AC14 -> 46126 | AC15: 46145 | AD15: =AC15-AB15 -> 19 | AE15: =AD15-AD14 -> 8 | AG15: =AH14 -> 10251 | AH15: 10256 | AI15: =AH15-AG15 -> 5 | AJ15: =AI15-AI14 -> 0 | AL15: =AM14 -> 9349 | AM15: 9358 | AN15: =AM15-AL15 -> 9 | AO15: =AN15-AN14 -> 1 | AQ15: =AR14 -> 18635 | AR15: 18645 | AS15: =AR15-AQ15 -> 10 | AT15: =AS15-AS14 -> -35 | AV15: =AW14 -> 35047 | AW15: 35055 | AX15: =AW15-AV15 -> 8 | AY15: =AX15-AX14 -> 1 | BA15: =BB14 -> 8881 | BB15: 8888 | BC15: =BB15-BA15 -> 7 | BD15: =BC15-BC14 -> 1 | BF15: =BG14 -> 25585 | BG15: 25585 | BH15: =BG15-BF15 -> 0 | BI15: =BH15-BH14 -> 0 | BK15: =BL14 -> 9613 | BL15: 9621 | BM15: =BL15-BK15 -> 8 | BN15: =BM15-BM14 -> 8 | BP15: =BQ14 -> 4080 | BQ15: 4081 | BR15: =BQ15-BP15 -> 1 | BS15: =BR15-BR14 -> 1 | BU15: =BV14 -> 1849 | BV15: 1849 | BW15: =BV15-BU15 -> 0 | BX15: =BW15-BW14 -> 0 | BZ15: =CA14 -> 28899 | CA15: 28905 | CB15: =CA15-BZ15 -> 6 | CC15: =CB15-CB14 -> -2 | CE15: =CF14 -> 3368 | CF15: 3370 | CG15: =CF15-CE15 -> 2 | CH15: =CG15-CG14 -> -2 | CJ15: =CK14 -> 83620 | CK15: 83648 | CL15: =CK15-CJ15 -> 28 | CM15: =CL15-CL14 -> 1 | CO15: =CP14 -> 25586 | CP15: 25592 | CQ15: =CP15-CO15 -> 6 | CR15: =CQ15-CQ14 -> 0 | CT15: =CU14 -> 12778 | CU15: 12778 | CV15: =CU15-CT15 -> 0 | CW15: =CV15-CV14 -> -1 | CY15: =CZ14 -> 19567 | CZ15: 19567 | DA15: =CZ15-CY15 -> 0 | DB15: =DA15-DA14 -> -1 | DD15: =DE14 -> 20801 | DE15: 20805 | DF15: =DE15-DD15 -> 4 | DG15: =DF15-DF14 -> 1 | DI15: =DJ14 -> 9719 | DJ15: 9719 | DK15: =DJ15-DI15 -> 0 | DL15: =DK15-DK14 -> -4 | DN15: =DO14 -> 25591 | DO15: 25591 | DP15: =DO15-DN15 -> 0 | DQ15: =DP15-DP14 -> -5 | DS15: =DT14 -> 2664 | DT15: 2666 | DU15: =DT15-DS15 -> 2 | DV15: =DU15-DU14 -> 0 | DX15: =DY14 -> 10547 | DY15: 10547 | DZ15: =DY15-DX15 -> 0 | EA15: =DZ15-DZ14 -> 0 | EC15: =ED14 -> 0 | EE15: =ED15-EC15 -> 0 | EF15: =EG14 -> 0 | EH15: =EG15-EF15 -> 0 | EI15: =EJ14 -> 0 | EK15: =EJ15-EI15 -> 0 | EL15: =EM14 -> 0 | EN15: =EM15-EL15 -> 0 | EO15: =EP14 -> 0 | EQ15: =EP15-EO15 -> 0 | ER15: =ES14 -> 0 | ET15: =ES15-ER15 -> 0 | EU15: =EV14 -> 0 | EW15: =EV15-EU15 -> 0 | EX15: =EY14 -> 0 | EZ15: =EY15-EX15 -> 0 | FA15: =FB14 -> 0 | FC15: =FB15-FA15 -> 0 | FD15: =FE14 -> 0 | FF15: =FE15-FD15 -> 0 | FG15: =FH14 -> 0 | FI15: =FH15-FG15 -> 0 | FJ15: =FK14 -> 0 | FL15: =FK15-FJ15 -> 0 | FM15: =FN14 -> 0 | FO15: =FN15-FM15 -> 0 | FP15: =FQ14 -> 0 | FR15: =FQ15-FP15 -> 0
A16: 11 | B16: =C15 -> 22849 | C16: 22920 | D16: =MAX(0,C16-B16) -> 71 | F16: 11 | G16: =H15 -> 39028 | H16: 39028 | I16: =MAX(0,H16-G16) -> 0 | K16: 11 | L16: =M15 -> 840113 | M16: 840298 | N16: =MAX(0,M16-L16) -> 185 | P16: 11 | Q16: =R15 -> 238332 | R16: 238395 | S16: =MAX(0,R16-Q16) -> 63 | U16: 11 | V16: =SUM(S16+N16+I16+D16) -> 319 | W16: ='Maldives at LG Daily'!I15 -> 11 | X16: 51 | Y16: =V16/X16 -> 6.254902 | AA16: 11 | AB16: =AC15 -> 46145 | AC16: 46162 | AD16: =AC16-AB16 -> 17 | AE16: =AD16-AD15 -> -2 | AG16: =AH15 -> 10256 | AH16: 10261 | AI16: =AH16-AG16 -> 5 | AJ16: =AI16-AI15 -> 0 | AL16: =AM15 -> 9358 | AM16: 9366 | AN16: =AM16-AL16 -> 8 | AO16: =AN16-AN15 -> -1 | AQ16: =AR15 -> 18645 | AR16: 18654 | AS16: =AR16-AQ16 -> 9 | AT16: =AS16-AS15 -> -1 | AV16: =AW15 -> 35055 | AW16: 35061 | AX16: =AW16-AV16 -> 6 | AY16: =AX16-AX15 -> -2 | BA16: =BB15 -> 8888 | BB16: 8894 | BC16: =BB16-BA16 -> 6 | BD16: =BC16-BC15 -> -1 | BF16: =BG15 -> 25585 | BG16: 25623 | BH16: =BG16-BF16 -> 38 | BI16: =BH16-BH15 -> 38 | BK16: =BL15 -> 9621 | BL16: 9629 | BM16: =BL16-BK16 -> 8 | BN16: =BM16-BM15 -> 0 | BP16: =BQ15 -> 4081 | BQ16: 4082 | BR16: =BQ16-BP16 -> 1 | BS16: =BR16-BR15 -> 0 | BU16: =BV15 -> 1849 | BV16: 1849 | BW16: =BV16-BU16 -> 0 | BX16: =BW16-BW15 -> 0 | BZ16: =CA15 -> 28905 | CA16: 28915 | CB16: =CA16-BZ16 -> 10 | CC16: =CB16-CB15 -> 4 | CE16: =CF15 -> 3370 | CF16: 3370 | CG16: =CF16-CE16 -> 0 | CH16: =CG16-CG15 -> -2 | CJ16: =CK15 -> 83648 | CK16: 83673 | CL16: =CK16-CJ16 -> 25 | CM16: =CL16-CL15 -> -3 | CO16: =CP15 -> 25592 | CP16: 25598 | CQ16: =CP16-CO16 -> 6 | CR16: =CQ16-CQ15 -> 0 | CT16: =CU15 -> 12778 | CU16: 12779 | CV16: =CU16-CT16 -> 1 | CW16: =CV16-CV15 -> 1 | CY16: =CZ15 -> 19567 | CZ16: 19568 | DA16: =CZ16-CY16 -> 1 | DB16: =DA16-DA15 -> 1 | DD16: =DE15 -> 20805 | DE16: 20808 | DF16: =DE16-DD16 -> 3 | DG16: =DF16-DF15 -> -1 | DI16: =DJ15 -> 9719 | DJ16: 9721 | DK16: =DJ16-DI16 -> 2 | DL16: =DK16-DK15 -> 2 | DN16: =DO15 -> 25591 | DO16: 25611 | DP16: =DO16-DN16 -> 20 | DQ16: =DP16-DP15 -> 20 | DS16: =DT15 -> 2666 | DT16: 2667 | DU16: =DT16-DS16 -> 1 | DV16: =DU16-DU15 -> -1 | DX16: =DY15 -> 10547 | DY16: 10547 | DZ16: =DY16-DX16 -> 0 | EA16: =DZ16-DZ15 -> 0 | EC16: =ED15 -> 0 | EE16: =ED16-EC16 -> 0 | EF16: =EG15 -> 0 | EH16: =EG16-EF16 -> 0 | EI16: =EJ15 -> 0 | EK16: =EJ16-EI16 -> 0 | EL16: =EM15 -> 0 | EN16: =EM16-EL16 -> 0 | EO16: =EP15 -> 0 | EQ16: =EP16-EO16 -> 0 | ER16: =ES15 -> 0 | ET16: =ES16-ER16 -> 0 | EU16: =EV15 -> 0 | EW16: =EV16-EU16 -> 0 | EX16: =EY15 -> 0 | EZ16: =EY16-EX16 -> 0 | FA16: =FB15 -> 0 | FC16: =FB16-FA16 -> 0 | FD16: =FE15 -> 0 | FF16: =FE16-FD16 -> 0 | FG16: =FH15 -> 0 | FI16: =FH16-FG16 -> 0 | FJ16: =FK15 -> 0 | FL16: =FK16-FJ16 -> 0 | FM16: =FN15 -> 0 | FO16: =FN16-FM16 -> 0 | FP16: =FQ15 -> 0 | FR16: =FQ16-FP16 -> 0
A17: 12 | B17: =C16 -> 22920 | C17: 22956 | D17: =MAX(0,C17-B17) -> 36 | F17: 12 | G17: =H16 -> 39028 | H17: 39028 | I17: =MAX(0,H17-G17) -> 0 | K17: 12 | L17: =M16 -> 840298 | M17: 840448 | N17: =MAX(0,M17-L17) -> 150 | P17: 12 | Q17: =R16 -> 238395 | R17: 238511 | S17: =MAX(0,R17-Q17) -> 116 | U17: 12 | V17: =SUM(S17+N17+I17+D17) -> 302 | W17: ='Maldives at LG Daily'!I16 -> 14 | X17: 54 | Y17: =V17/X17 -> 5.5925926 | AA17: 12 | AB17: =AC16 -> 46162 | AC17: 46176 | AD17: =AC17-AB17 -> 14 | AE17: =AD17-AD16 -> -3 | AG17: =AH16 -> 10261 | AH17: 10265 | AI17: =AH17-AG17 -> 4 | AJ17: =AI17-AI16 -> -1 | AL17: =AM16 -> 9366 | AM17: 9375 | AN17: =AM17-AL17 -> 9 | AO17: =AN17-AN16 -> 1 | AQ17: =AR16 -> 18654 | AR17: 18664 | AS17: =AR17-AQ17 -> 10 | AT17: =AS17-AS16 -> 1 | AV17: =AW16 -> 35061 | AW17: 35068 | AX17: =AW17-AV17 -> 7 | AY17: =AX17-AX16 -> 1 | BA17: =BB16 -> 8894 | BB17: 8901 | BC17: =BB17-BA17 -> 7 | BD17: =BC17-BC16 -> 1 | BF17: =BG16 -> 25623 | BG17: 25631 | BH17: =BG17-BF17 -> 8 | BI17: =BH17-BH16 -> -30 | BK17: =BL16 -> 9629 | BL17: 9636 | BM17: =BL17-BK17 -> 7 | BN17: =BM17-BM16 -> -1 | BP17: =BQ16 -> 4082 | BQ17: 4083 | BR17: =BQ17-BP17 -> 1 | BS17: =BR17-BR16 -> 0 | BU17: =BV16 -> 1849 | BV17: 1850 | BW17: =BV17-BU17 -> 1 | BX17: =BW17-BW16 -> 1 | BZ17: =CA16 -> 28915 | CA17: 28921 | CB17: =CA17-BZ17 -> 6 | CC17: =CB17-CB16 -> -4 | CE17: =CF16 -> 3370 | CF17: 3371 | CG17: =CF17-CE17 -> 1 | CH17: =CG17-CG16 -> 1 | CJ17: =CK16 -> 83673 | CK17: 83701 | CL17: =CK17-CJ17 -> 28 | CM17: =CL17-CL16 -> 3 | CO17: =CP16 -> 25598 | CP17: 25603 | CQ17: =CP17-CO17 -> 5 | CR17: =CQ17-CQ16 -> -1 | CT17: =CU16 -> 12779 | CU17: 12779 | CV17: =CU17-CT17 -> 0 | CW17: =CV17-CV16 -> -1 | CY17: =CZ16 -> 19568 | CZ17: 19568 | DA17: =CZ17-CY17 -> 0 | DB17: =DA17-DA16 -> -1 | DD17: =DE16 -> 20808 | DE17: 20811 | DF17: =DE17-DD17 -> 3 | DG17: =DF17-DF16 -> 0 | DI17: =DJ16 -> 9721 | DJ17: 9722 | DK17: =DJ17-DI17 -> 1 | DL17: =DK17-DK16 -> -1 | DN17: =DO16 -> 25611 | DO17: 25620 | DP17: =DO17-DN17 -> 9 | DQ17: =DP17-DP16 -> -11 | DS17: =DT16 -> 2667 | DT17: 2668 | DU17: =DT17-DS17 -> 1 | DV17: =DU17-DU16 -> 0 | DX17: =DY16 -> 10547 | DY17: 10547 | DZ17: =DY17-DX17 -> 0 | EA17: =DZ17-DZ16 -> 0 | EC17: =ED16 -> 0 | EE17: =ED17-EC17 -> 0 | EF17: =EG16 -> 0 | EH17: =EG17-EF17 -> 0 | EI17: =EJ16 -> 0 | EK17: =EJ17-EI17 -> 0 | EL17: =EM16 -> 0 | EN17: =EM17-EL17 -> 0 | EO17: =EP16 -> 0 | EQ17: =EP17-EO17 -> 0 | ER17: =ES16 -> 0 | ET17: =ES17-ER17 -> 0 | EU17: =EV16 -> 0 | EW17: =EV17-EU17 -> 0 | EX17: =EY16 -> 0 | EZ17: =EY17-EX17 -> 0 | FA17: =FB16 -> 0 | FC17: =FB17-FA17 -> 0 | FD17: =FE16 -> 0 | FF17: =FE17-FD17 -> 0 | FG17: =FH16 -> 0 | FI17: =FH17-FG17 -> 0 | FJ17: =FK16 -> 0 | FL17: =FK17-FJ17 -> 0 | FM17: =FN16 -> 0 | FO17: =FN17-FM17 -> 0 | FP17: =FQ16 -> 0 | FR17: =FQ17-FP17 -> 0
A18: 13 | B18: =C17 -> 22956 | C18: 22997 | D18: =MAX(0,C18-B18) -> 41 | F18: 13 | G18: =H17 -> 39028 | H18: 39028 | I18: =MAX(0,H18-G18) -> 0 | K18: 13 | L18: =M17 -> 840448 | M18: 840633 | N18: =MAX(0,M18-L18) -> 185 | P18: 13 | Q18: =R17 -> 238511 | R18: 238627 | S18: =MAX(0,R18-Q18) -> 116 | U18: 13 | V18: =SUM(S18+N18+I18+D18) -> 342 | W18: ='Maldives at LG Daily'!I17 -> 12 | X18: 48 | Y18: =V18/X18 -> 7.125 | AA18: 13 | AB18: =AC17 -> 46176 | AC18: 46194 | AD18: =AC18-AB18 -> 18 | AE18: =AD18-AD17 -> 4 | AG18: =AH17 -> 10265 | AH18: 10269 | AI18: =AH18-AG18 -> 4 | AJ18: =AI18-AI17 -> 0 | AL18: =AM17 -> 9375 | AM18: 9383 | AN18: =AM18-AL18 -> 8 | AO18: =AN18-AN17 -> -1 | AQ18: =AR17 -> 18664 | AR18: 18673 | AS18: =AR18-AQ18 -> 9 | AT18: =AS18-AS17 -> -1 | AV18: =AW17 -> 35068 | AW18: 35075 | AX18: =AW18-AV18 -> 7 | AY18: =AX18-AX17 -> 0 | BA18: =BB17 -> 8901 | BB18: 8907 | BC18: =BB18-BA18 -> 6 | BD18: =BC18-BC17 -> -1 | BF18: =BG17 -> 25631 | BG18: 25639 | BH18: =BG18-BF18 -> 8 | BI18: =BH18-BH17 -> 0 | BK18: =BL17 -> 9636 | BL18: 9644 | BM18: =BL18-BK18 -> 8 | BN18: =BM18-BM17 -> 1 | BP18: =BQ17 -> 4083 | BQ18: 4084 | BR18: =BQ18-BP18 -> 1 | BS18: =BR18-BR17 -> 0 | BU18: =BV17 -> 1850 | BV18: 1850 | BW18: =BV18-BU18 -> 0 | BX18: =BW18-BW17 -> -1 | BZ18: =CA17 -> 28921 | CA18: 28928 | CB18: =CA18-BZ18 -> 7 | CC18: =CB18-CB17 -> 1 | CE18: =CF17 -> 3371 | CF18: 3374 | CG18: =CF18-CE18 -> 3 | CH18: =CG18-CG17 -> 2 | CJ18: =CK17 -> 83701 | CK18: 83728 | CL18: =CK18-CJ18 -> 27 | CM18: =CL18-CL17 -> -1 | CO18: =CP17 -> 25603 | CP18: 25610 | CQ18: =CP18-CO18 -> 7 | CR18: =CQ18-CQ17 -> 2 | CT18: =CU17 -> 12779 | CU18: 12780 | CV18: =CU18-CT18 -> 1 | CW18: =CV18-CV17 -> 1 | CY18: =CZ17 -> 19568 | CZ18: 19569 | DA18: =CZ18-CY18 -> 1 | DB18: =DA18-DA17 -> 1 | DD18: =DE17 -> 20811 | DE18: 20814 | DF18: =DE18-DD18 -> 3 | DG18: =DF18-DF17 -> 0 | DI18: =DJ17 -> 9722 | DJ18: 9725 | DK18: =DJ18-DI18 -> 3 | DL18: =DK18-DK17 -> 2 | DN18: =DO17 -> 25620 | DO18: 25627 | DP18: =DO18-DN18 -> 7 | DQ18: =DP18-DP17 -> -2 | DS18: =DT17 -> 2668 | DT18: 2669 | DU18: =DT18-DS18 -> 1 | DV18: =DU18-DU17 -> 0 | DX18: =DY17 -> 10547 | DY18: 10547 | DZ18: =DY18-DX18 -> 0 | EA18: =DZ18-DZ17 -> 0 | EC18: =ED17 -> 0 | EE18: =ED18-EC18 -> 0 | EF18: =EG17 -> 0 | EH18: =EG18-EF18 -> 0 | EI18: =EJ17 -> 0 | EK18: =EJ18-EI18 -> 0 | EL18: =EM17 -> 0 | EN18: =EM18-EL18 -> 0 | EO18: =EP17 -> 0 | EQ18: =EP18-EO18 -> 0 | ER18: =ES17 -> 0 | ET18: =ES18-ER18 -> 0 | EU18: =EV17 -> 0 | EW18: =EV18-EU18 -> 0 | EX18: =EY17 -> 0 | EZ18: =EY18-EX18 -> 0 | FA18: =FB17 -> 0 | FC18: =FB18-FA18 -> 0 | FD18: =FE17 -> 0 | FF18: =FE18-FD18 -> 0 | FG18: =FH17 -> 0 | FI18: =FH18-FG18 -> 0 | FJ18: =FK17 -> 0 | FL18: =FK18-FJ18 -> 0 | FM18: =FN17 -> 0 | FO18: =FN18-FM18 -> 0 | FP18: =FQ17 -> 0 | FR18: =FQ18-FP18 -> 0
A19: 14 | B19: =C18 -> 22997 | C19: 23033 | D19: =MAX(0,C19-B19) -> 36 | F19: 14 | G19: =H18 -> 39028 | H19: 39028 | I19: =MAX(0,H19-G19) -> 0 | K19: 14 | L19: =M18 -> 840633 | M19: 840805 | N19: =MAX(0,M19-L19) -> 172 | P19: 14 | Q19: =R18 -> 238627 | R19: 238715 | S19: =MAX(0,R19-Q19) -> 88 | U19: 14 | V19: =SUM(S19+N19+I19+D19) -> 296 | W19: ='Maldives at LG Daily'!I18 -> 13 | X19: 59 | Y19: =V19/X19 -> 5.0169492 | AA19: 14 | AB19: =AC18 -> 46194 | AC19: 46209 | AD19: =AC19-AB19 -> 15 | AE19: =AD19-AD18 -> -3 | AG19: =AH18 -> 10269 | AH19: 10274 | AI19: =AH19-AG19 -> 5 | AJ19: =AI19-AI18 -> 1 | AL19: =AM18 -> 9383 | AM19: 9392 | AN19: =AM19-AL19 -> 9 | AO19: =AN19-AN18 -> 1 | AQ19: =AR18 -> 18673 | AR19: 18684 | AS19: =AR19-AQ19 -> 11 | AT19: =AS19-AS18 -> 2 | AV19: =AW18 -> 35075 | AW19: 35082 | AX19: =AW19-AV19 -> 7 | AY19: =AX19-AX18 -> 0 | BA19: =BB18 -> 8907 | BB19: 8914 | BC19: =BB19-BA19 -> 7 | BD19: =BC19-BC18 -> 1 | BF19: =BG18 -> 25639 | BG19: 25647 | BH19: =BG19-BF19 -> 8 | BI19: =BH19-BH18 -> 0 | BK19: =BL18 -> 9644 | BL19: 9652 | BM19: =BL19-BK19 -> 8 | BN19: =BM19-BM18 -> 0 | BP19: =BQ18 -> 4084 | BQ19: 4085 | BR19: =BQ19-BP19 -> 1 | BS19: =BR19-BR18 -> 0 | BU19: =BV18 -> 1850 | BV19: 1850 | BW19: =BV19-BU19 -> 0 | BX19: =BW19-BW18 -> 0 | BZ19: =CA18 -> 28928 | CA19: 28933 | CB19: =CA19-BZ19 -> 5 | CC19: =CB19-CB18 -> -2 | CE19: =CF18 -> 3374 | CF19: 3377 | CG19: =CF19-CE19 -> 3 | CH19: =CG19-CG18 -> 0 | CJ19: =CK18 -> 83728 | CK19: 83754 | CL19: =CK19-CJ19 -> 26 | CM19: =CL19-CL18 -> -1 | CO19: =CP18 -> 25610 | CP19: 25616 | CQ19: =CP19-CO19 -> 6 | CR19: =CQ19-CQ18 -> -1 | CT19: =CU18 -> 12780 | CU19: 12781 | CV19: =CU19-CT19 -> 1 | CW19: =CV19-CV18 -> 0 | CY19: =CZ18 -> 19569 | CZ19: 19569 | DA19: =CZ19-CY19 -> 0 | DB19: =DA19-DA18 -> -1 | DD19: =DE18 -> 20814 | DE19: 20817 | DF19: =DE19-DD19 -> 3 | DG19: =DF19-DF18 -> 0 | DI19: =DJ18 -> 9725 | DJ19: 9727 | DK19: =DJ19-DI19 -> 2 | DL19: =DK19-DK18 -> -1 | DN19: =DO18 -> 25627 | DO19: 25639 | DP19: =DO19-DN19 -> 12 | DQ19: =DP19-DP18 -> 5 | DS19: =DT18 -> 2669 | DT19: 2670 | DU19: =DT19-DS19 -> 1 | DV19: =DU19-DU18 -> 0 | DX19: =DY18 -> 10547 | DY19: 10547 | DZ19: =DY19-DX19 -> 0 | EA19: =DZ19-DZ18 -> 0 | EC19: =ED18 -> 0 | EE19: =ED19-EC19 -> 0 | EF19: =EG18 -> 0 | EH19: =EG19-EF19 -> 0 | EI19: =EJ18 -> 0 | EK19: =EJ19-EI19 -> 0 | EL19: =EM18 -> 0 | EN19: =EM19-EL19 -> 0 | EO19: =EP18 -> 0 | EQ19: =EP19-EO19 -> 0 | ER19: =ES18 -> 0 | ET19: =ES19-ER19 -> 0 | EU19: =EV18 -> 0 | EW19: =EV19-EU19 -> 0 | EX19: =EY18 -> 0 | EZ19: =EY19-EX19 -> 0 | FA19: =FB18 -> 0 | FC19: =FB19-FA19 -> 0 | FD19: =FE18 -> 0 | FF19: =FE19-FD19 -> 0 | FG19: =FH18 -> 0 | FI19: =FH19-FG19 -> 0 | FJ19: =FK18 -> 0 | FL19: =FK19-FJ19 -> 0 | FM19: =FN18 -> 0 | FO19: =FN19-FM19 -> 0 | FP19: =FQ18 -> 0 | FR19: =FQ19-FP19 -> 0
A20: 15 | B20: =C19 -> 23033 | C20: 23084 | D20: =MAX(0,C20-B20) -> 51 | F20: 15 | G20: =H19 -> 39028 | H20: 39028 | I20: =MAX(0,H20-G20) -> 0 | K20: 15 | L20: =M19 -> 840805 | M20: 840996 | N20: =MAX(0,M20-L20) -> 191 | P20: 15 | Q20: =R19 -> 238715 | R20: 238834 | S20: =MAX(0,R20-Q20) -> 119 | U20: 15 | V20: =SUM(S20+N20+I20+D20) -> 361 | W20: ='Maldives at LG Daily'!I19 -> 12 | X20: 63 | Y20: =V20/X20 -> 5.7301587 | AA20: 15 | AB20: =AC19 -> 46209 | AC20: 46225 | AD20: =AC20-AB20 -> 16 | AE20: =AD20-AD19 -> 1 | AG20: =AH19 -> 10274 | AH20: 10278 | AI20: =AH20-AG20 -> 4 | AJ20: =AI20-AI19 -> -1 | AL20: =AM19 -> 9392 | AM20: 9401 | AN20: =AM20-AL20 -> 9 | AO20: =AN20-AN19 -> 0 | AQ20: =AR19 -> 18684 | AR20: 18694 | AS20: =AR20-AQ20 -> 10 | AT20: =AS20-AS19 -> -1 | AV20: =AW19 -> 35082 | AW20: 35089 | AX20: =AW20-AV20 -> 7 | AY20: =AX20-AX19 -> 0 | BA20: =BB19 -> 8914 | BB20: 8921 | BC20: =BB20-BA20 -> 7 | BD20: =BC20-BC19 -> 0 | BF20: =BG19 -> 25647 | BG20: 25655 | BH20: =BG20-BF20 -> 8 | BI20: =BH20-BH19 -> 0 | BK20: =BL19 -> 9652 | BL20: 9659 | BM20: =BL20-BK20 -> 7 | BN20: =BM20-BM19 -> -1 | BP20: =BQ19 -> 4085 | BQ20: 4086 | BR20: =BQ20-BP20 -> 1 | BS20: =BR20-BR19 -> 0 | BU20: =BV19 -> 1850 | BV20: 1851 | BW20: =BV20-BU20 -> 1 | BX20: =BW20-BW19 -> 1 | BZ20: =CA19 -> 28933 | CA20: 28946 | CB20: =CA20-BZ20 -> 13 | CC20: =CB20-CB19 -> 8 | CE20: =CF19 -> 3377 | CF20: 3379 | CG20: =CF20-CE20 -> 2 | CH20: =CG20-CG19 -> -1 | CJ20: =CK19 -> 83754 | CK20: 83781 | CL20: =CK20-CJ20 -> 27 | CM20: =CL20-CL19 -> 1 | CO20: =CP19 -> 25616 | CP20: 25622 | CQ20: =CP20-CO20 -> 6 | CR20: =CQ20-CQ19 -> 0 | CT20: =CU19 -> 12781 | CU20: 12782 | CV20: =CU20-CT20 -> 1 | CW20: =CV20-CV19 -> 0 | CY20: =CZ19 -> 19569 | CZ20: 19585 | DA20: =CZ20-CY20 -> 16 | DB20: =DA20-DA19 -> 16 | DD20: =DE19 -> 20817 | DE20: 20819 | DF20: =DE20-DD20 -> 2 | DG20: =DF20-DF19 -> -1 | DI20: =DJ19 -> 9727 | DJ20: 9734 | DK20: =DJ20-DI20 -> 7 | DL20: =DK20-DK19 -> 5 | DN20: =DO19 -> 25639 | DO20: 25645 | DP20: =DO20-DN20 -> 6 | DQ20: =DP20-DP19 -> -6 | DS20: =DT19 -> 2670 | DT20: 2672 | DU20: =DT20-DS20 -> 2 | DV20: =DU20-DU19 -> 1 | DX20: =DY19 -> 10547 | DY20: 10547 | DZ20: =DY20-DX20 -> 0 | EA20: =DZ20-DZ19 -> 0 | EC20: =ED19 -> 0 | EE20: =ED20-EC20 -> 0 | EF20: =EG19 -> 0 | EH20: =EG20-EF20 -> 0 | EI20: =EJ19 -> 0 | EK20: =EJ20-EI20 -> 0 | EL20: =EM19 -> 0 | EN20: =EM20-EL20 -> 0 | EO20: =EP19 -> 0 | EQ20: =EP20-EO20 -> 0 | ER20: =ES19 -> 0 | ET20: =ES20-ER20 -> 0 | EU20: =EV19 -> 0 | EW20: =EV20-EU20 -> 0 | EX20: =EY19 -> 0 | EZ20: =EY20-EX20 -> 0 | FA20: =FB19 -> 0 | FC20: =FB20-FA20 -> 0 | FD20: =FE19 -> 0 | FF20: =FE20-FD20 -> 0 | FG20: =FH19 -> 0 | FI20: =FH20-FG20 -> 0 | FJ20: =FK19 -> 0 | FL20: =FK20-FJ20 -> 0 | FM20: =FN19 -> 0 | FO20: =FN20-FM20 -> 0 | FP20: =FQ19 -> 0 | FR20: =FQ20-FP20 -> 0
A21: 16 | B21: =C20 -> 23084 | C21: 23084 | D21: =MAX(0,C21-B21) -> 0 | F21: 16 | G21: =H20 -> 39028 | H21: 39028 | I21: =MAX(0,H21-G21) -> 0 | K21: 16 | L21: =M20 -> 840996 | M21: 841235 | N21: =MAX(0,M21-L21) -> 239 | P21: 16 | Q21: =R20 -> 238834 | R21: 238965 | S21: =MAX(0,R21-Q21) -> 131 | U21: 16 | V21: =SUM(S21+N21+I21+D21) -> 370 | W21: ='Maldives at LG Daily'!I20 -> 15 | X21: 62 | Y21: =V21/X21 -> 5.9677419 | AA21: 16 | AB21: =AC20 -> 46225 | AC21: 46241 | AD21: =AC21-AB21 -> 16 | AE21: =AD21-AD20 -> 0 | AG21: =AH20 -> 10278 | AH21: 10283 | AI21: =AH21-AG21 -> 5 | AJ21: =AI21-AI20 -> 1 | AL21: =AM20 -> 9401 | AM21: 9409 | AN21: =AM21-AL21 -> 8 | AO21: =AN21-AN20 -> -1 | AQ21: =AR20 -> 18694 | AR21: 18704 | AS21: =AR21-AQ21 -> 10 | AT21: =AS21-AS20 -> 0 | AV21: =AW20 -> 35089 | AW21: 35095 | AX21: =AW21-AV21 -> 6 | AY21: =AX21-AX20 -> -1 | BA21: =BB20 -> 8921 | BB21: 8928 | BC21: =BB21-BA21 -> 7 | BD21: =BC21-BC20 -> 0 | BF21: =BG20 -> 25655 | BG21: 25662 | BH21: =BG21-BF21 -> 7 | BI21: =BH21-BH20 -> -1 | BK21: =BL20 -> 9659 | BL21: 9666 | BM21: =BL21-BK21 -> 7 | BN21: =BM21-BM20 -> 0 | BP21: =BQ20 -> 4086 | BQ21: 4087 | BR21: =BQ21-BP21 -> 1 | BS21: =BR21-BR20 -> 0 | BU21: =BV20 -> 1851 | BV21: 1851 | BW21: =BV21-BU21 -> 0 | BX21: =BW21-BW20 -> -1 | BZ21: =CA20 -> 28946 | CA21: 28952 | CB21: =CA21-BZ21 -> 6 | CC21: =CB21-CB20 -> -7 | CE21: =CF20 -> 3379 | CF21: 3387 | CG21: =CF21-CE21 -> 8 | CH21: =CG21-CG20 -> 6 | CJ21: =CK20 -> 83781 | CK21: 83809 | CL21: =CK21-CJ21 -> 28 | CM21: =CL21-CL20 -> 1 | CO21: =CP20 -> 25622 | CP21: 25630 | CQ21: =CP21-CO21 -> 8 | CR21: =CQ21-CQ20 -> 2 | CT21: =CU20 -> 12782 | CU21: 12782 | CV21: =CU21-CT21 -> 0 | CW21: =CV21-CV20 -> -1 | CY21: =CZ20 -> 19585 | CZ21: 19590 | DA21: =CZ21-CY21 -> 5 | DB21: =DA21-DA20 -> -11 | DD21: =DE20 -> 20819 | DE21: 20823 | DF21: =DE21-DD21 -> 4 | DG21: =DF21-DF20 -> 2 | DI21: =DJ20 -> 9734 | DJ21: 9744 | DK21: =DJ21-DI21 -> 10 | DL21: =DK21-DK20 -> 3 | DN21: =DO20 -> 25645 | DO21: 25654 | DP21: =DO21-DN21 -> 9 | DQ21: =DP21-DP20 -> 3 | DS21: =DT20 -> 2672 | DT21: 2676 | DU21: =DT21-DS21 -> 4 | DV21: =DU21-DU20 -> 2 | DX21: =DY20 -> 10547 | DY21: 10547 | DZ21: =DY21-DX21 -> 0 | EA21: =DZ21-DZ20 -> 0 | EC21: =ED20 -> 0 | EE21: =ED21-EC21 -> 0 | EF21: =EG20 -> 0 | EH21: =EG21-EF21 -> 0 | EI21: =EJ20 -> 0 | EK21: =EJ21-EI21 -> 0 | EL21: =EM20 -> 0 | EN21: =EM21-EL21 -> 0 | EO21: =EP20 -> 0 | EQ21: =EP21-EO21 -> 0 | ER21: =ES20 -> 0 | ET21: =ES21-ER21 -> 0 | EU21: =EV20 -> 0 | EW21: =EV21-EU21 -> 0 | EX21: =EY20 -> 0 | EZ21: =EY21-EX21 -> 0 | FA21: =FB20 -> 0 | FC21: =FB21-FA21 -> 0 | FD21: =FE20 -> 0 | FF21: =FE21-FD21 -> 0 | FG21: =FH20 -> 0 | FI21: =FH21-FG21 -> 0 | FJ21: =FK20 -> 0 | FL21: =FK21-FJ21 -> 0 | FM21: =FN20 -> 0 | FO21: =FN21-FM21 -> 0 | FP21: =FQ20 -> 0 | FR21: =FQ21-FP21 -> 0
A22: 17 | B22: =C21 -> 23084 | C22: 23084 | D22: =MAX(0,C22-B22) -> 0 | F22: 17 | G22: =H21 -> 39028 | H22: 39028 | I22: =MAX(0,H22-G22) -> 0 | K22: 17 | L22: =M21 -> 841235 | M22: 841453 | N22: =MAX(0,M22-L22) -> 218 | P22: 17 | Q22: =R21 -> 238965 | R22: 239092 | S22: =MAX(0,R22-Q22) -> 127 | U22: 17 | V22: =SUM(S22+N22+I22+D22) -> 345 | W22: ='Maldives at LG Daily'!I21 -> 16 | X22: 47 | Y22: =V22/X22 -> 7.3404255 | AA22: 17 | AB22: =AC21 -> 46241 | AC22: 46258 | AD22: =AC22-AB22 -> 17 | AE22: =AD22-AD21 -> 1 | AG22: =AH21 -> 10283 | AH22: 10287 | AI22: =AH22-AG22 -> 4 | AJ22: =AI22-AI21 -> -1 | AL22: =AM21 -> 9409 | AM22: 9418 | AN22: =AM22-AL22 -> 9 | AO22: =AN22-AN21 -> 1 | AQ22: =AR21 -> 18704 | AR22: 18716 | AS22: =AR22-AQ22 -> 12 | AT22: =AS22-AS21 -> 2 | AV22: =AW21 -> 35095 | AW22: 35101 | AX22: =AW22-AV22 -> 6 | AY22: =AX22-AX21 -> 0 | BA22: =BB21 -> 8928 | BB22: 8935 | BC22: =BB22-BA22 -> 7 | BD22: =BC22-BC21 -> 0 | BF22: =BG21 -> 25662 | BG22: 25670 | BH22: =BG22-BF22 -> 8 | BI22: =BH22-BH21 -> 1 | BK22: =BL21 -> 9666 | BL22: 9673 | BM22: =BL22-BK22 -> 7 | BN22: =BM22-BM21 -> 0 | BP22: =BQ21 -> 4087 | BQ22: 4088 | BR22: =BQ22-BP22 -> 1 | BS22: =BR22-BR21 -> 0 | BU22: =BV21 -> 1851 | BV22: 1852 | BW22: =BV22-BU22 -> 1 | BX22: =BW22-BW21 -> 1 | BZ22: =CA21 -> 28952 | CA22: 28957 | CB22: =CA22-BZ22 -> 5 | CC22: =CB22-CB21 -> -1 | CE22: =CF21 -> 3387 | CF22: 3390 | CG22: =CF22-CE22 -> 3 | CH22: =CG22-CG21 -> -5 | CJ22: =CK21 -> 83809 | CK22: 83837 | CL22: =CK22-CJ22 -> 28 | CM22: =CL22-CL21 -> 0 | CO22: =CP21 -> 25630 | CP22: 25638 | CQ22: =CP22-CO22 -> 8 | CR22: =CQ22-CQ21 -> 0 | CT22: =CU21 -> 12782 | CU22: 12784 | CV22: =CU22-CT22 -> 2 | CW22: =CV22-CV21 -> 2 | CY22: =CZ21 -> 19590 | CZ22: 19595 | DA22: =CZ22-CY22 -> 5 | DB22: =DA22-DA21 -> 0 | DD22: =DE21 -> 20823 | DE22: 20826 | DF22: =DE22-DD22 -> 3 | DG22: =DF22-DF21 -> -1 | DI22: =DJ21 -> 9744 | DJ22: 9749 | DK22: =DJ22-DI22 -> 5 | DL22: =DK22-DK21 -> -5 | DN22: =DO21 -> 25654 | DO22: 25664 | DP22: =DO22-DN22 -> 10 | DQ22: =DP22-DP21 -> 1 | DS22: =DT21 -> 2676 | DT22: 2677 | DU22: =DT22-DS22 -> 1 | DV22: =DU22-DU21 -> -3 | DX22: =DY21 -> 10547 | DY22: 10547 | DZ22: =DY22-DX22 -> 0 | EA22: =DZ22-DZ21 -> 0 | EC22: =ED21 -> 0 | EE22: =ED22-EC22 -> 0 | EF22: =EG21 -> 0 | EH22: =EG22-EF22 -> 0 | EI22: =EJ21 -> 0 | EK22: =EJ22-EI22 -> 0 | EL22: =EM21 -> 0 | EN22: =EM22-EL22 -> 0 | EO22: =EP21 -> 0 | EQ22: =EP22-EO22 -> 0 | ER22: =ES21 -> 0 | ET22: =ES22-ER22 -> 0 | EU22: =EV21 -> 0 | EW22: =EV22-EU22 -> 0 | EX22: =EY21 -> 0 | EZ22: =EY22-EX22 -> 0 | FA22: =FB21 -> 0 | FC22: =FB22-FA22 -> 0 | FD22: =FE21 -> 0 | FF22: =FE22-FD22 -> 0 | FG22: =FH21 -> 0 | FI22: =FH22-FG22 -> 0 | FJ22: =FK21 -> 0 | FL22: =FK22-FJ22 -> 0 | FM22: =FN21 -> 0 | FO22: =FN22-FM22 -> 0 | FP22: =FQ21 -> 0 | FR22: =FQ22-FP22 -> 0
A23: 18 | B23: =C22 -> 23084 | C23: 23103 | D23: =MAX(0,C23-B23) -> 19 | F23: 18 | G23: =H22 -> 39028 | H23: 39028 | I23: =MAX(0,H23-G23) -> 0 | K23: 18 | L23: =M22 -> 841453 | M23: 841659 | N23: =MAX(0,M23-L23) -> 206 | P23: 18 | Q23: =R22 -> 239092 | R23: 239217 | S23: =MAX(0,R23-Q23) -> 125 | U23: 18 | V23: =SUM(S23+N23+I23+D23) -> 350 | W23: ='Maldives at LG Daily'!I22 -> 17 | X23: 46 | Y23: =V23/X23 -> 7.6086957 | AA23: 18 | AB23: =AC22 -> 46258 | AC23: 46272 | AD23: =AC23-AB23 -> 14 | AE23: =AD23-AD22 -> -3 | AG23: =AH22 -> 10287 | AH23: 10292 | AI23: =AH23-AG23 -> 5 | AJ23: =AI23-AI22 -> 1 | AL23: =AM22 -> 9418 | AM23: 9427 | AN23: =AM23-AL23 -> 9 | AO23: =AN23-AN22 -> 0 | AQ23: =AR22 -> 18716 | AR23: 18725 | AS23: =AR23-AQ23 -> 9 | AT23: =AS23-AS22 -> -3 | AV23: =AW22 -> 35101 | AW23: 35108 | AX23: =AW23-AV23 -> 7 | AY23: =AX23-AX22 -> 1 | BA23: =BB22 -> 8935 | BB23: 8942 | BC23: =BB23-BA23 -> 7 | BD23: =BC23-BC22 -> 0 | BF23: =BG22 -> 25670 | BG23: 25677 | BH23: =BG23-BF23 -> 7 | BI23: =BH23-BH22 -> -1 | BK23: =BL22 -> 9673 | BL23: 9680 | BM23: =BL23-BK23 -> 7 | BN23: =BM23-BM22 -> 0 | BP23: =BQ22 -> 4088 | BQ23: 4089 | BR23: =BQ23-BP23 -> 1 | BS23: =BR23-BR22 -> 0 | BU23: =BV22 -> 1852 | BV23: 1852 | BW23: =BV23-BU23 -> 0 | BX23: =BW23-BW22 -> -1 | BZ23: =CA22 -> 28957 | CA23: 28964 | CB23: =CA23-BZ23 -> 7 | CC23: =CB23-CB22 -> 2 | CE23: =CF22 -> 3390 | CF23: 3391 | CG23: =CF23-CE23 -> 1 | CH23: =CG23-CG22 -> -2 | CJ23: =CK22 -> 83837 | CK23: 83864 | CL23: =CK23-CJ23 -> 27 | CM23: =CL23-CL22 -> -1 | CO23: =CP22 -> 25638 | CP23: 25645 | CQ23: =CP23-CO23 -> 7 | CR23: =CQ23-CQ22 -> -1 | CT23: =CU22 -> 12784 | CU23: 12785 | CV23: =CU23-CT23 -> 1 | CW23: =CV23-CV22 -> -1 | CY23: =CZ22 -> 19595 | CZ23: 19599 | DA23: =CZ23-CY23 -> 4 | DB23: =DA23-DA22 -> -1 | DD23: =DE22 -> 20826 | DE23: 20828 | DF23: =DE23-DD23 -> 2 | DG23: =DF23-DF22 -> -1 | DI23: =DJ22 -> 9749 | DJ23: 9759 | DK23: =DJ23-DI23 -> 10 | DL23: =DK23-DK22 -> 5 | DN23: =DO22 -> 25664 | DO23: 25674 | DP23: =DO23-DN23 -> 10 | DQ23: =DP23-DP22 -> 0 | DS23: =DT22 -> 2677 | DT23: 2679 | DU23: =DT23-DS23 -> 2 | DV23: =DU23-DU22 -> 1 | DX23: =DY22 -> 10547 | DY23: 10547 | DZ23: =DY23-DX23 -> 0 | EA23: =DZ23-DZ22 -> 0 | EC23: =ED22 -> 0 | EE23: =ED23-EC23 -> 0 | EF23: =EG22 -> 0 | EH23: =EG23-EF23 -> 0 | EI23: =EJ22 -> 0 | EK23: =EJ23-EI23 -> 0 | EL23: =EM22 -> 0 | EN23: =EM23-EL23 -> 0 | EO23: =EP22 -> 0 | EQ23: =EP23-EO23 -> 0 | ER23: =ES22 -> 0 | ET23: =ES23-ER23 -> 0 | EU23: =EV22 -> 0 | EW23: =EV23-EU23 -> 0 | EX23: =EY22 -> 0 | EZ23: =EY23-EX23 -> 0 | FA23: =FB22 -> 0 | FC23: =FB23-FA23 -> 0 | FD23: =FE22 -> 0 | FF23: =FE23-FD23 -> 0 | FG23: =FH22 -> 0 | FI23: =FH23-FG23 -> 0 | FJ23: =FK22 -> 0 | FL23: =FK23-FJ23 -> 0 | FM23: =FN22 -> 0 | FO23: =FN23-FM23 -> 0 | FP23: =FQ22 -> 0 | FR23: =FQ23-FP23 -> 0
A24: 19 | B24: =C23 -> 23103 | C24: 23103 | D24: =MAX(0,C24-B24) -> 0 | F24: 19 | G24: =H23 -> 39028 | H24: 39028 | I24: =MAX(0,H24-G24) -> 0 | K24: 19 | L24: =M23 -> 841659 | M24: 841869 | N24: =MAX(0,M24-L24) -> 210 | P24: 19 | Q24: =R23 -> 239217 | R24: 239346 | S24: =MAX(0,R24-Q24) -> 129 | U24: 19 | V24: =SUM(S24+N24+I24+D24) -> 339 | W24: ='Maldives at LG Daily'!I23 -> 15.5 | Y24: =V24/X24 -> #DIV/0! | AA24: 19 | AB24: =AC23 -> 46272 | AC24: 46288 | AD24: =AC24-AB24 -> 16 | AE24: =AD24-AD23 -> 2 | AG24: =AH23 -> 10292 | AH24: 10297 | AI24: =AH24-AG24 -> 5 | AJ24: =AI24-AI23 -> 0 | AL24: =AM23 -> 9427 | AM24: 9436 | AN24: =AM24-AL24 -> 9 | AO24: =AN24-AN23 -> 0 | AQ24: =AR23 -> 18725 | AR24: 18736 | AS24: =AR24-AQ24 -> 11 | AT24: =AS24-AS23 -> 2 | AV24: =AW23 -> 35108 | AW24: 35114 | AX24: =AW24-AV24 -> 6 | AY24: =AX24-AX23 -> -1 | BA24: =BB23 -> 8942 | BB24: 8949 | BC24: =BB24-BA24 -> 7 | BD24: =BC24-BC23 -> 0 | BF24: =BG23 -> 25677 | BG24: 25685 | BH24: =BG24-BF24 -> 8 | BI24: =BH24-BH23 -> 1 | BK24: =BL23 -> 9680 | BL24: 9688 | BM24: =BL24-BK24 -> 8 | BN24: =BM24-BM23 -> 1 | BP24: =BQ23 -> 4089 | BQ24: 4090 | BR24: =BQ24-BP24 -> 1 | BS24: =BR24-BR23 -> 0 | BU24: =BV23 -> 1852 | BV24: 1852 | BW24: =BV24-BU24 -> 0 | BX24: =BW24-BW23 -> 0 | BZ24: =CA23 -> 28964 | CA24: 28970 | CB24: =CA24-BZ24 -> 6 | CC24: =CB24-CB23 -> -1 | CE24: =CF23 -> 3391 | CF24: 3393 | CG24: =CF24-CE24 -> 2 | CH24: =CG24-CG23 -> 1 | CJ24: =CK23 -> 83864 | CK24: 83892 | CL24: =CK24-CJ24 -> 28 | CM24: =CL24-CL23 -> 1 | CO24: =CP23 -> 25645 | CP24: 25653 | CQ24: =CP24-CO24 -> 8 | CR24: =CQ24-CQ23 -> 1 | CT24: =CU23 -> 12785 | CU24: 12786 | CV24: =CU24-CT24 -> 1 | CW24: =CV24-CV23 -> 0 | CY24: =CZ23 -> 19599 | CZ24: 19603 | DA24: =CZ24-CY24 -> 4 | DB24: =DA24-DA23 -> 0 | DD24: =DE23 -> 20828 | DE24: 20831 | DF24: =DE24-DD24 -> 3 | DG24: =DF24-DF23 -> 1 | DI24: =DJ23 -> 9759 | DJ24: 9762 | DK24: =DJ24-DI24 -> 3 | DL24: =DK24-DK23 -> -7 | DN24: =DO23 -> 25674 | DO24: 25696 | DP24: =DO24-DN24 -> 22 | DQ24: =DP24-DP23 -> 12 | DS24: =DT23 -> 2679 | DT24: 2680 | DU24: =DT24-DS24 -> 1 | DV24: =DU24-DU23 -> -1 | DX24: =DY23 -> 10547 | DY24: 10547 | DZ24: =DY24-DX24 -> 0 | EA24: =DZ24-DZ23 -> 0 | EC24: =ED23 -> 0 | EE24: =ED24-EC24 -> 0 | EF24: =EG23 -> 0 | EH24: =EG24-EF24 -> 0 | EI24: =EJ23 -> 0 | EK24: =EJ24-EI24 -> 0 | EL24: =EM23 -> 0 | EN24: =EM24-EL24 -> 0 | EO24: =EP23 -> 0 | EQ24: =EP24-EO24 -> 0 | ER24: =ES23 -> 0 | ET24: =ES24-ER24 -> 0 | EU24: =EV23 -> 0 | EW24: =EV24-EU24 -> 0 | EX24: =EY23 -> 0 | EZ24: =EY24-EX24 -> 0 | FA24: =FB23 -> 0 | FC24: =FB24-FA24 -> 0 | FD24: =FE23 -> 0 | FF24: =FE24-FD24 -> 0 | FG24: =FH23 -> 0 | FI24: =FH24-FG24 -> 0 | FJ24: =FK23 -> 0 | FL24: =FK24-FJ24 -> 0 | FM24: =FN23 -> 0 | FO24: =FN24-FM24 -> 0 | FP24: =FQ23 -> 0 | FR24: =FQ24-FP24 -> 0
A25: 20 | B25: =C24 -> 23103 | C25: 23152 | D25: =MAX(0,C25-B25) -> 49 | F25: 20 | G25: =H24 -> 39028 | H25: 39028 | I25: =MAX(0,H25-G25) -> 0 | K25: 20 | L25: =M24 -> 841869 | M25: 842062 | N25: =MAX(0,M25-L25) -> 193 | P25: 20 | Q25: =R24 -> 239346 | R25: 239431 | S25: =MAX(0,R25-Q25) -> 85 | U25: 20 | V25: =SUM(S25+N25+I25+D25) -> 327 | W25: ='Maldives at LG Daily'!I24 -> 12.6 | Y25: =V25/X25 -> #DIV/0! | AA25: 20 | AB25: =AC24 -> 46288 | AC25: 46307 | AD25: =AC25-AB25 -> 19 | AE25: =AD25-AD24 -> 3 | AG25: =AH24 -> 10297 | AH25: 10301 | AI25: =AH25-AG25 -> 4 | AJ25: =AI25-AI24 -> -1 | AL25: =AM24 -> 9436 | AM25: 9444 | AN25: =AM25-AL25 -> 8 | AO25: =AN25-AN24 -> -1 | AQ25: =AR24 -> 18736 | AR25: 18747 | AS25: =AR25-AQ25 -> 11 | AT25: =AS25-AS24 -> 0 | AV25: =AW24 -> 35114 | AW25: 35121 | AX25: =AW25-AV25 -> 7 | AY25: =AX25-AX24 -> 1 | BA25: =BB24 -> 8949 | BB25: 8952 | BC25: =BB25-BA25 -> 3 | BD25: =BC25-BC24 -> -4 | BF25: =BG24 -> 25685 | BG25: 25694 | BH25: =BG25-BF25 -> 9 | BI25: =BH25-BH24 -> 1 | BK25: =BL24 -> 9688 | BL25: 9697 | BM25: =BL25-BK25 -> 9 | BN25: =BM25-BM24 -> 1 | BP25: =BQ24 -> 4090 | BQ25: 4091 | BR25: =BQ25-BP25 -> 1 | BS25: =BR25-BR24 -> 0 | BU25: =BV24 -> 1852 | BV25: 1852 | BW25: =BV25-BU25 -> 0 | BX25: =BW25-BW24 -> 0 | BZ25: =CA24 -> 28970 | CA25: 28970 | CB25: =CA25-BZ25 -> 0 | CC25: =CB25-CB24 -> -6 | CE25: =CF24 -> 3393 | CF25: 3397 | CG25: =CF25-CE25 -> 4 | CH25: =CG25-CG24 -> 2 | CJ25: =CK24 -> 83892 | CK25: 83919 | CL25: =CK25-CJ25 -> 27 | CM25: =CL25-CL24 -> -1 | CO25: =CP24 -> 25653 | CP25: 25661 | CQ25: =CP25-CO25 -> 8 | CR25: =CQ25-CQ24 -> 0 | CT25: =CU24 -> 12786 | CU25: 12787 | CV25: =CU25-CT25 -> 1 | CW25: =CV25-CV24 -> 0 | CY25: =CZ24 -> 19603 | CZ25: 19609 | DA25: =CZ25-CY25 -> 6 | DB25: =DA25-DA24 -> 2 | DD25: =DE24 -> 20831 | DE25: 20834 | DF25: =DE25-DD25 -> 3 | DG25: =DF25-DF24 -> 0 | DI25: =DJ24 -> 9762 | DJ25: 9764 | DK25: =DJ25-DI25 -> 2 | DL25: =DK25-DK24 -> -1 | DN25: =DO24 -> 25696 | DO25: 25703 | DP25: =DO25-DN25 -> 7 | DQ25: =DP25-DP24 -> -15 | DS25: =DT24 -> 2680 | DT25: 2687 | DU25: =DT25-DS25 -> 7 | DV25: =DU25-DU24 -> 6 | DX25: =DY24 -> 10547 | DY25: 10547 | DZ25: =DY25-DX25 -> 0 | EA25: =DZ25-DZ24 -> 0 | EC25: =ED24 -> 0 | EE25: =ED25-EC25 -> 0 | EF25: =EG24 -> 0 | EH25: =EG25-EF25 -> 0 | EI25: =EJ24 -> 0 | EK25: =EJ25-EI25 -> 0 | EL25: =EM24 -> 0 | EN25: =EM25-EL25 -> 0 | EO25: =EP24 -> 0 | EQ25: =EP25-EO25 -> 0 | ER25: =ES24 -> 0 | ET25: =ES25-ER25 -> 0 | EU25: =EV24 -> 0 | EW25: =EV25-EU25 -> 0 | EX25: =EY24 -> 0 | EZ25: =EY25-EX25 -> 0 | FA25: =FB24 -> 0 | FC25: =FB25-FA25 -> 0 | FD25: =FE24 -> 0 | FF25: =FE25-FD25 -> 0 | FG25: =FH24 -> 0 | FI25: =FH25-FG25 -> 0 | FJ25: =FK24 -> 0 | FL25: =FK25-FJ25 -> 0 | FM25: =FN24 -> 0 | FO25: =FN25-FM25 -> 0 | FP25: =FQ24 -> 0 | FR25: =FQ25-FP25 -> 0
A26: 21 | B26: =C25 -> 23152 | C26: 23152 | D26: =MAX(0,C26-B26) -> 0 | F26: 21 | G26: =H25 -> 39028 | H26: 39028 | I26: =MAX(0,H26-G26) -> 0 | K26: 21 | L26: =M25 -> 842062 | M26: 842228 | N26: =MAX(0,M26-L26) -> 166 | P26: 21 | Q26: =R25 -> 239431 | R26: 239504 | S26: =MAX(0,R26-Q26) -> 73 | U26: 21 | V26: =SUM(S26+N26+I26+D26) -> 239 | W26: ='Maldives at LG Daily'!I25 -> 21.4 | Y26: =V26/X26 -> #DIV/0! | AA26: 21 | AB26: =AC25 -> 46307 | AC26: 46323 | AD26: =AC26-AB26 -> 16 | AE26: =AD26-AD25 -> -3 | AG26: =AH25 -> 10301 | AH26: 10306 | AI26: =AH26-AG26 -> 5 | AJ26: =AI26-AI25 -> 1 | AL26: =AM25 -> 9444 | AM26: 9452 | AN26: =AM26-AL26 -> 8 | AO26: =AN26-AN25 -> 0 | AQ26: =AR25 -> 18747 | AR26: 18755 | AS26: =AR26-AQ26 -> 8 | AT26: =AS26-AS25 -> -3 | AV26: =AW25 -> 35121 | AW26: 35128 | AX26: =AW26-AV26 -> 7 | AY26: =AX26-AX25 -> 0 | BA26: =BB25 -> 8952 | BB26: 8962 | BC26: =BB26-BA26 -> 10 | BD26: =BC26-BC25 -> 7 | BF26: =BG25 -> 25694 | BG26: 25703 | BH26: =BG26-BF26 -> 9 | BI26: =BH26-BH25 -> 0 | BK26: =BL25 -> 9697 | BL26: 9704 | BM26: =BL26-BK26 -> 7 | BN26: =BM26-BM25 -> -2 | BP26: =BQ25 -> 4091 | BQ26: 4092 | BR26: =BQ26-BP26 -> 1 | BS26: =BR26-BR25 -> 0 | BU26: =BV25 -> 1852 | BV26: 1852 | BW26: =BV26-BU26 -> 0 | BX26: =BW26-BW25 -> 0 | BZ26: =CA25 -> 28970 | CA26: 28982 | CB26: =CA26-BZ26 -> 12 | CC26: =CB26-CB25 -> 12 | CE26: =CF25 -> 3397 | CF26: 3399 | CG26: =CF26-CE26 -> 2 | CH26: =CG26-CG25 -> -2 | CJ26: =CK25 -> 83919 | CK26: 83944 | CL26: =CK26-CJ26 -> 25 | CM26: =CL26-CL25 -> -2 | CO26: =CP25 -> 25661 | CP26: 25668 | CQ26: =CP26-CO26 -> 7 | CR26: =CQ26-CQ25 -> -1 | CT26: =CU25 -> 12787 | CU26: 12787 | CV26: =CU26-CT26 -> 0 | CW26: =CV26-CV25 -> -1 | CY26: =CZ25 -> 19609 | CZ26: 19610 | DA26: =CZ26-CY26 -> 1 | DB26: =DA26-DA25 -> -5 | DD26: =DE25 -> 20834 | DE26: 20837 | DF26: =DE26-DD26 -> 3 | DG26: =DF26-DF25 -> 0 | DI26: =DJ25 -> 9764 | DJ26: 9766 | DK26: =DJ26-DI26 -> 2 | DL26: =DK26-DK25 -> 0 | DN26: =DO25 -> 25703 | DO26: 25708 | DP26: =DO26-DN26 -> 5 | DQ26: =DP26-DP25 -> -2 | DS26: =DT25 -> 2687 | DT26: 2682 | DU26: =DT26-DS26 -> -5 | DV26: =DU26-DU25 -> -12 | DX26: =DY25 -> 10547 | DY26: 10547 | DZ26: =DY26-DX26 -> 0 | EA26: =DZ26-DZ25 -> 0 | EC26: =ED25 -> 0 | EE26: =ED26-EC26 -> 0 | EF26: =EG25 -> 0 | EH26: =EG26-EF26 -> 0 | EI26: =EJ25 -> 0 | EK26: =EJ26-EI26 -> 0 | EL26: =EM25 -> 0 | EN26: =EM26-EL26 -> 0 | EO26: =EP25 -> 0 | EQ26: =EP26-EO26 -> 0 | ER26: =ES25 -> 0 | ET26: =ES26-ER26 -> 0 | EU26: =EV25 -> 0 | EW26: =EV26-EU26 -> 0 | EX26: =EY25 -> 0 | EZ26: =EY26-EX26 -> 0 | FA26: =FB25 -> 0 | FC26: =FB26-FA26 -> 0 | FD26: =FE25 -> 0 | FF26: =FE26-FD26 -> 0 | FG26: =FH25 -> 0 | FI26: =FH26-FG26 -> 0 | FJ26: =FK25 -> 0 | FL26: =FK26-FJ26 -> 0 | FM26: =FN25 -> 0 | FO26: =FN26-FM26 -> 0 | FP26: =FQ25 -> 0 | FR26: =FQ26-FP26 -> 0
A27: 22 | B27: =C26 -> 23152 | C27: 23152 | D27: =MAX(0,C27-B27) -> 0 | F27: 22 | G27: =H26 -> 39028 | H27: 39028 | I27: =MAX(0,H27-G27) -> 0 | K27: 22 | L27: =M26 -> 842228 | M27: 842343 | N27: =MAX(0,M27-L27) -> 115 | P27: 22 | Q27: =R26 -> 239504 | R27: 239574 | S27: =MAX(0,R27-Q27) -> 70 | U27: 22 | V27: =SUM(S27+N27+I27+D27) -> 185 | W27: ='Maldives at LG Daily'!I26 -> 26.2 | Y27: =V27/X27 -> #DIV/0! | AA27: 22 | AB27: =AC26 -> 46323 | AC27: 46336 | AD27: =AC27-AB27 -> 13 | AE27: =AD27-AD26 -> -3 | AG27: =AH26 -> 10306 | AH27: 10311 | AI27: =AH27-AG27 -> 5 | AJ27: =AI27-AI26 -> 0 | AL27: =AM26 -> 9452 | AM27: 9461 | AN27: =AM27-AL27 -> 9 | AO27: =AN27-AN26 -> 1 | AQ27: =AR26 -> 18755 | AR27: 18765 | AS27: =AR27-AQ27 -> 10 | AT27: =AS27-AS26 -> 2 | AV27: =AW26 -> 35128 | AW27: 35135 | AX27: =AW27-AV27 -> 7 | AY27: =AX27-AX26 -> 0 | BA27: =BB26 -> 8962 | BB27: 8968 | BC27: =BB27-BA27 -> 6 | BD27: =BC27-BC26 -> -4 | BF27: =BG26 -> 25703 | BG27: 25712 | BH27: =BG27-BF27 -> 9 | BI27: =BH27-BH26 -> 0 | BK27: =BL26 -> 9704 | BL27: 9712 | BM27: =BL27-BK27 -> 8 | BN27: =BM27-BM26 -> 1 | BP27: =BQ26 -> 4092 | BQ27: 4094 | BR27: =BQ27-BP27 -> 2 | BS27: =BR27-BR26 -> 1 | BU27: =BV26 -> 1852 | BV27: 1853 | BW27: =BV27-BU27 -> 1 | BX27: =BW27-BW26 -> 1 | BZ27: =CA26 -> 28982 | CA27: 28987 | CB27: =CA27-BZ27 -> 5 | CC27: =CB27-CB26 -> -7 | CE27: =CF26 -> 3399 | CF27: 3404 | CG27: =CF27-CE27 -> 5 | CH27: =CG27-CG26 -> 3 | CJ27: =CK26 -> 83944 | CK27: 83971 | CL27: =CK27-CJ27 -> 27 | CM27: =CL27-CL26 -> 2 | CO27: =CP26 -> 25668 | CP27: 25676 | CQ27: =CP27-CO27 -> 8 | CR27: =CQ27-CQ26 -> 1 | CT27: =CU26 -> 12787 | CU27: 12788 | CV27: =CU27-CT27 -> 1 | CW27: =CV27-CV26 -> 1 | CY27: =CZ26 -> 19610 | CZ27: 19610 | DA27: =CZ27-CY27 -> 0 | DB27: =DA27-DA26 -> -1 | DD27: =DE26 -> 20837 | DE27: 20841 | DF27: =DE27-DD27 -> 4 | DG27: =DF27-DF26 -> 1 | DI27: =DJ26 -> 9766 | DJ27: 9768 | DK27: =DJ27-DI27 -> 2 | DL27: =DK27-DK26 -> 0 | DN27: =DO26 -> 25708 | DO27: 25715 | DP27: =DO27-DN27 -> 7 | DQ27: =DP27-DP26 -> 2 | DS27: =DT26 -> 2682 | DT27: 2683 | DU27: =DT27-DS27 -> 1 | DV27: =DU27-DU26 -> 6 | DX27: =DY26 -> 10547 | DY27: 10547 | DZ27: =DY27-DX27 -> 0 | EA27: =DZ27-DZ26 -> 0 | EC27: =ED26 -> 0 | EE27: =ED27-EC27 -> 0 | EF27: =EG26 -> 0 | EH27: =EG27-EF27 -> 0 | EI27: =EJ26 -> 0 | EK27: =EJ27-EI27 -> 0 | EL27: =EM26 -> 0 | EN27: =EM27-EL27 -> 0 | EO27: =EP26 -> 0 | EQ27: =EP27-EO27 -> 0 | ER27: =ES26 -> 0 | ET27: =ES27-ER27 -> 0 | EU27: =EV26 -> 0 | EW27: =EV27-EU27 -> 0 | EX27: =EY26 -> 0 | EZ27: =EY27-EX27 -> 0 | FA27: =FB26 -> 0 | FC27: =FB27-FA27 -> 0 | FD27: =FE26 -> 0 | FF27: =FE27-FD27 -> 0 | FG27: =FH26 -> 0 | FI27: =FH27-FG27 -> 0 | FJ27: =FK26 -> 0 | FL27: =FK27-FJ27 -> 0 | FM27: =FN26 -> 0 | FO27: =FN27-FM27 -> 0 | FP27: =FQ26 -> 0 | FR27: =FQ27-FP27 -> 0
A28: 23 | B28: =C27 -> 23152 | C28: 23152 | D28: =MAX(0,C28-B28) -> 0 | F28: 23 | G28: =H27 -> 39028 | H28: 39028 | I28: =MAX(0,H28-G28) -> 0 | K28: 23 | L28: =M27 -> 842343 | M28: 842502 | N28: =MAX(0,M28-L28) -> 159 | P28: 23 | Q28: =R27 -> 239574 | R28: 239703 | S28: =MAX(0,R28-Q28) -> 129 | U28: 23 | V28: =SUM(S28+N28+I28+D28) -> 288 | W28: ='Maldives at LG Daily'!I27 -> 26.2 | Y28: =V28/X28 -> #DIV/0! | AA28: 23 | AB28: =AC27 -> 46336 | AC28: 46355 | AD28: =AC28-AB28 -> 19 | AE28: =AD28-AD27 -> 6 | AG28: =AH27 -> 10311 | AH28: 10316 | AI28: =AH28-AG28 -> 5 | AJ28: =AI28-AI27 -> 0 | AL28: =AM27 -> 9461 | AM28: 9471 | AN28: =AM28-AL28 -> 10 | AO28: =AN28-AN27 -> 1 | AQ28: =AR27 -> 18765 | AR28: 18775 | AS28: =AR28-AQ28 -> 10 | AT28: =AS28-AS27 -> 0 | AV28: =AW27 -> 35135 | AW28: 35140 | AX28: =AW28-AV28 -> 5 | AY28: =AX28-AX27 -> -2 | BA28: =BB27 -> 8968 | BB28: 8975 | BC28: =BB28-BA28 -> 7 | BD28: =BC28-BC27 -> 1 | BF28: =BG27 -> 25712 | BG28: 25720 | BH28: =BG28-BF28 -> 8 | BI28: =BH28-BH27 -> -1 | BK28: =BL27 -> 9712 | BL28: 9721 | BM28: =BL28-BK28 -> 9 | BN28: =BM28-BM27 -> 1 | BP28: =BQ27 -> 4094 | BQ28: 4096 | BR28: =BQ28-BP28 -> 2 | BS28: =BR28-BR27 -> 0 | BU28: =BV27 -> 1853 | BV28: 1854 | BW28: =BV28-BU28 -> 1 | BX28: =BW28-BW27 -> 0 | BZ28: =CA27 -> 28987 | CA28: 28992 | CB28: =CA28-BZ28 -> 5 | CC28: =CB28-CB27 -> 0 | CE28: =CF27 -> 3404 | CF28: 3407 | CG28: =CF28-CE28 -> 3 | CH28: =CG28-CG27 -> -2 | CJ28: =CK27 -> 83971 | CK28: 83998 | CL28: =CK28-CJ28 -> 27 | CM28: =CL28-CL27 -> 0 | CO28: =CP27 -> 25676 | CP28: 25684 | CQ28: =CP28-CO28 -> 8 | CR28: =CQ28-CQ27 -> 0 | CT28: =CU27 -> 12788 | CU28: 12789 | CV28: =CU28-CT28 -> 1 | CW28: =CV28-CV27 -> 0 | CY28: =CZ27 -> 19610 | CZ28: 19611 | DA28: =CZ28-CY28 -> 1 | DB28: =DA28-DA27 -> 1 | DD28: =DE27 -> 20841 | DE28: 20843 | DF28: =DE28-DD28 -> 2 | DG28: =DF28-DF27 -> -2 | DI28: =DJ27 -> 9768 | DJ28: 9770 | DK28: =DJ28-DI28 -> 2 | DL28: =DK28-DK27 -> 0 | DN28: =DO27 -> 25715 | DO28: 25739 | DP28: =DO28-DN28 -> 24 | DQ28: =DP28-DP27 -> 17 | DS28: =DT27 -> 2683 | DT28: 2686 | DU28: =DT28-DS28 -> 3 | DV28: =DU28-DU27 -> 2 | DX28: =DY27 -> 10547 | DY28: 10547 | DZ28: =DY28-DX28 -> 0 | EA28: =DZ28-DZ27 -> 0 | EC28: =ED27 -> 0 | EE28: =ED28-EC28 -> 0 | EF28: =EG27 -> 0 | EH28: =EG28-EF28 -> 0 | EI28: =EJ27 -> 0 | EK28: =EJ28-EI28 -> 0 | EL28: =EM27 -> 0 | EN28: =EM28-EL28 -> 0 | EO28: =EP27 -> 0 | EQ28: =EP28-EO28 -> 0 | ER28: =ES27 -> 0 | ET28: =ES28-ER28 -> 0 | EU28: =EV27 -> 0 | EW28: =EV28-EU28 -> 0 | EX28: =EY27 -> 0 | EZ28: =EY28-EX28 -> 0 | FA28: =FB27 -> 0 | FC28: =FB28-FA28 -> 0 | FD28: =FE27 -> 0 | FF28: =FE28-FD28 -> 0 | FG28: =FH27 -> 0 | FI28: =FH28-FG28 -> 0 | FJ28: =FK27 -> 0 | FL28: =FK28-FJ28 -> 0 | FM28: =FN27 -> 0 | FO28: =FN28-FM28 -> 0 | FP28: =FQ27 -> 0 | FR28: =FQ28-FP28 -> 0
A29: 24 | B29: =C28 -> 23152 | C29: 23188 | D29: =MAX(0,C29-B29) -> 36 | F29: 24 | G29: =H28 -> 39028 | H29: 39028 | I29: =MAX(0,H29-G29) -> 0 | K29: 24 | L29: =M28 -> 842502 | M29: 842674 | N29: =MAX(0,M29-L29) -> 172 | P29: 24 | Q29: =R28 -> 239703 | R29: 239805 | S29: =MAX(0,R29-Q29) -> 102 | U29: 24 | V29: =SUM(S29+N29+I29+D29) -> 310 | W29: ='Maldives at LG Daily'!I28 -> 26.2 | Y29: =V29/X29 -> #DIV/0! | AA29: 24 | AB29: =AC28 -> 46355 | AC29: 46369 | AD29: =AC29-AB29 -> 14 | AE29: =AD29-AD28 -> -5 | AG29: =AH28 -> 10316 | AH29: 10320 | AI29: =AH29-AG29 -> 4 | AJ29: =AI29-AI28 -> -1 | AL29: =AM28 -> 9471 | AM29: 9479 | AN29: =AM29-AL29 -> 8 | AO29: =AN29-AN28 -> -2 | AQ29: =AR28 -> 18775 | AR29: 18784 | AS29: =AR29-AQ29 -> 9 | AT29: =AS29-AS28 -> -1 | AV29: =AW28 -> 35140 | AW29: 35149 | AX29: =AW29-AV29 -> 9 | AY29: =AX29-AX28 -> 4 | BA29: =BB28 -> 8975 | BB29: 8982 | BC29: =BB29-BA29 -> 7 | BD29: =BC29-BC28 -> 0 | BF29: =BG28 -> 25720 | BG29: 25729 | BH29: =BG29-BF29 -> 9 | BI29: =BH29-BH28 -> 1 | BK29: =BL28 -> 9721 | BL29: 9729 | BM29: =BL29-BK29 -> 8 | BN29: =BM29-BM28 -> -1 | BP29: =BQ28 -> 4096 | BQ29: 4097 | BR29: =BQ29-BP29 -> 1 | BS29: =BR29-BR28 -> -1 | BU29: =BV28 -> 1854 | BV29: 1854 | BW29: =BV29-BU29 -> 0 | BX29: =BW29-BW28 -> -1 | BZ29: =CA28 -> 28992 | CA29: 28997 | CB29: =CA29-BZ29 -> 5 | CC29: =CB29-CB28 -> 0 | CE29: =CF28 -> 3407 | CF29: 3409 | CG29: =CF29-CE29 -> 2 | CH29: =CG29-CG28 -> -1 | CJ29: =CK28 -> 83998 | CK29: 84023 | CL29: =CK29-CJ29 -> 25 | CM29: =CL29-CL28 -> -2 | CO29: =CP28 -> 25684 | CP29: 25690 | CQ29: =CP29-CO29 -> 6 | CR29: =CQ29-CQ28 -> -2 | CT29: =CU28 -> 12789 | CU29: 12790 | CV29: =CU29-CT29 -> 1 | CW29: =CV29-CV28 -> 0 | CY29: =CZ28 -> 19611 | CZ29: 19611 | DA29: =CZ29-CY29 -> 0 | DB29: =DA29-DA28 -> -1 | DD29: =DE28 -> 20843 | DE29: 20846 | DF29: =DE29-DD29 -> 3 | DG29: =DF29-DF28 -> 1 | DI29: =DJ28 -> 9770 | DJ29: 9770 | DK29: =DJ29-DI29 -> 0 | DL29: =DK29-DK28 -> -2 | DN29: =DO28 -> 25739 | DO29: 25757 | DP29: =DO29-DN29 -> 18 | DQ29: =DP29-DP28 -> -6 | DS29: =DT28 -> 2686 | DT29: 2688 | DU29: =DT29-DS29 -> 2 | DV29: =DU29-DU28 -> -1 | DX29: =DY28 -> 10547 | DY29: 10547 | DZ29: =DY29-DX29 -> 0 | EA29: =DZ29-DZ28 -> 0 | EC29: =ED28 -> 0 | EE29: =ED29-EC29 -> 0 | EF29: =EG28 -> 0 | EH29: =EG29-EF29 -> 0 | EI29: =EJ28 -> 0 | EK29: =EJ29-EI29 -> 0 | EL29: =EM28 -> 0 | EN29: =EM29-EL29 -> 0 | EO29: =EP28 -> 0 | EQ29: =EP29-EO29 -> 0 | ER29: =ES28 -> 0 | ET29: =ES29-ER29 -> 0 | EU29: =EV28 -> 0 | EW29: =EV29-EU29 -> 0 | EX29: =EY28 -> 0 | EZ29: =EY29-EX29 -> 0 | FA29: =FB28 -> 0 | FC29: =FB29-FA29 -> 0 | FD29: =FE28 -> 0 | FF29: =FE29-FD29 -> 0 | FG29: =FH28 -> 0 | FI29: =FH29-FG29 -> 0 | FJ29: =FK28 -> 0 | FL29: =FK29-FJ29 -> 0 | FM29: =FN28 -> 0 | FO29: =FN29-FM29 -> 0 | FP29: =FQ28 -> 0 | FR29: =FQ29-FP29 -> 0
A30: 25 | B30: =C29 -> 23188 | C30: 23257 | D30: =MAX(0,C30-B30) -> 69 | F30: 25 | G30: =H29 -> 39028 | H30: 39028 | I30: =MAX(0,H30-G30) -> 0 | K30: 25 | L30: =M29 -> 842674 | M30: 842861 | N30: =MAX(0,M30-L30) -> 187 | P30: 25 | Q30: =R29 -> 239805 | R30: 239877 | S30: =MAX(0,R30-Q30) -> 72 | U30: 25 | V30: =SUM(S30+N30+I30+D30) -> 328 | W30: ='Maldives at LG Daily'!I29 -> 23.8 | Y30: =V30/X30 -> #DIV/0! | AA30: 25 | AB30: =AC29 -> 46369 | AC30: 46385 | AD30: =AC30-AB30 -> 16 | AE30: =AD30-AD29 -> 2 | AG30: =AH29 -> 10320 | AH30: 10326 | AI30: =AH30-AG30 -> 6 | AJ30: =AI30-AI29 -> 2 | AL30: =AM29 -> 9479 | AM30: 9488 | AN30: =AM30-AL30 -> 9 | AO30: =AN30-AN29 -> 1 | AQ30: =AR29 -> 18784 | AR30: 18794 | AS30: =AR30-AQ30 -> 10 | AT30: =AS30-AS29 -> 1 | AV30: =AW29 -> 35149 | AW30: 35156 | AX30: =AW30-AV30 -> 7 | AY30: =AX30-AX29 -> -2 | BA30: =BB29 -> 8982 | BB30: 8988 | BC30: =BB30-BA30 -> 6 | BD30: =BC30-BC29 -> -1 | BF30: =BG29 -> 25729 | BG30: 25736 | BH30: =BG30-BF30 -> 7 | BI30: =BH30-BH29 -> -2 | BK30: =BL29 -> 9729 | BL30: 9737 | BM30: =BL30-BK30 -> 8 | BN30: =BM30-BM29 -> 0 | BP30: =BQ29 -> 4097 | BQ30: 4098 | BR30: =BQ30-BP30 -> 1 | BS30: =BR30-BR29 -> 0 | BU30: =BV29 -> 1854 | BV30: 1854 | BW30: =BV30-BU30 -> 0 | BX30: =BW30-BW29 -> 0 | BZ30: =CA29 -> 28997 | CA30: 29002 | CB30: =CA30-BZ30 -> 5 | CC30: =CB30-CB29 -> 0 | CE30: =CF29 -> 3409 | CF30: 3409 | CG30: =CF30-CE30 -> 0 | CH30: =CG30-CG29 -> -2 | CJ30: =CK29 -> 84023 | CK30: 84053 | CL30: =CK30-CJ30 -> 30 | CM30: =CL30-CL29 -> 5 | CO30: =CP29 -> 25690 | CP30: 25699 | CQ30: =CP30-CO30 -> 9 | CR30: =CQ30-CQ29 -> 3 | CT30: =CU29 -> 12790 | CU30: 12791 | CV30: =CU30-CT30 -> 1 | CW30: =CV30-CV29 -> 0 | CY30: =CZ29 -> 19611 | CZ30: 19612 | DA30: =CZ30-CY30 -> 1 | DB30: =DA30-DA29 -> 1 | DD30: =DE29 -> 20846 | DE30: 20849 | DF30: =DE30-DD30 -> 3 | DG30: =DF30-DF29 -> 0 | DI30: =DJ29 -> 9770 | DJ30: 9772 | DK30: =DJ30-DI30 -> 2 | DL30: =DK30-DK29 -> 2 | DN30: =DO29 -> 25757 | DO30: 25780 | DP30: =DO30-DN30 -> 23 | DQ30: =DP30-DP29 -> 5 | DS30: =DT29 -> 2688 | DT30: 2689 | DU30: =DT30-DS30 -> 1 | DV30: =DU30-DU29 -> -1 | DX30: =DY29 -> 10547 | DY30: 10547 | DZ30: =DY30-DX30 -> 0 | EA30: =DZ30-DZ29 -> 0 | EC30: =ED29 -> 0 | EE30: =ED30-EC30 -> 0 | EF30: =EG29 -> 0 | EH30: =EG30-EF30 -> 0 | EI30: =EJ29 -> 0 | EK30: =EJ30-EI30 -> 0 | EL30: =EM29 -> 0 | EN30: =EM30-EL30 -> 0 | EO30: =EP29 -> 0 | EQ30: =EP30-EO30 -> 0 | ER30: =ES29 -> 0 | ET30: =ES30-ER30 -> 0 | EU30: =EV29 -> 0 | EW30: =EV30-EU30 -> 0 | EX30: =EY29 -> 0 | EZ30: =EY30-EX30 -> 0 | FA30: =FB29 -> 0 | FC30: =FB30-FA30 -> 0 | FD30: =FE29 -> 0 | FF30: =FE30-FD30 -> 0 | FG30: =FH29 -> 0 | FI30: =FH30-FG30 -> 0 | FJ30: =FK29 -> 0 | FL30: =FK30-FJ30 -> 0 | FM30: =FN29 -> 0 | FO30: =FN30-FM30 -> 0 | FP30: =FQ29 -> 0 | FR30: =FQ30-FP30 -> 0
A31: 26 | B31: =C30 -> 23257 | C31: 23315 | D31: =MAX(0,C31-B31) -> 58 | F31: 26 | G31: =H30 -> 39028 | H31: 39028 | I31: =MAX(0,H31-G31) -> 0 | K31: 26 | L31: =M30 -> 842861 | M31: 843062 | N31: =MAX(0,M31-L31) -> 201 | P31: 26 | Q31: =R30 -> 239877 | R31: 239968 | S31: =MAX(0,R31-Q31) -> 91 | U31: 26 | V31: =SUM(S31+N31+I31+D31) -> 350 | W31: ='Maldives at LG Daily'!I30 -> 11.7 | Y31: =V31/X31 -> #DIV/0! | AA31: 26 | AB31: =AC30 -> 46385 | AC31: 46400 | AD31: =AC31-AB31 -> 15 | AE31: =AD31-AD30 -> -1 | AG31: =AH30 -> 10326 | AH31: 10330 | AI31: =AH31-AG31 -> 4 | AJ31: =AI31-AI30 -> -2 | AL31: =AM30 -> 9488 | AM31: 9497 | AN31: =AM31-AL31 -> 9 | AO31: =AN31-AN30 -> 0 | AQ31: =AR30 -> 18794 | AR31: 18802 | AS31: =AR31-AQ31 -> 8 | AT31: =AS31-AS30 -> -2 | AV31: =AW30 -> 35156 | AW31: 35163 | AX31: =AW31-AV31 -> 7 | AY31: =AX31-AX30 -> 0 | BA31: =BB30 -> 8988 | BB31: 8995 | BC31: =BB31-BA31 -> 7 | BD31: =BC31-BC30 -> 1 | BF31: =BG30 -> 25736 | BG31: 25743 | BH31: =BG31-BF31 -> 7 | BI31: =BH31-BH30 -> 0 | BK31: =BL30 -> 9737 | BL31: 9744 | BM31: =BL31-BK31 -> 7 | BN31: =BM31-BM30 -> -1 | BP31: =BQ30 -> 4098 | BQ31: 4099 | BR31: =BQ31-BP31 -> 1 | BS31: =BR31-BR30 -> 0 | BU31: =BV30 -> 1854 | BV31: 1854 | BW31: =BV31-BU31 -> 0 | BX31: =BW31-BW30 -> 0 | BZ31: =CA30 -> 29002 | CA31: 29006 | CB31: =CA31-BZ31 -> 4 | CC31: =CB31-CB30 -> -1 | CE31: =CF30 -> 3409 | CF31: 3410 | CG31: =CF31-CE31 -> 1 | CH31: =CG31-CG30 -> 1 | CJ31: =CK30 -> 84053 | CK31: 84080 | CL31: =CK31-CJ31 -> 27 | CM31: =CL31-CL30 -> -3 | CO31: =CP30 -> 25699 | CP31: 25706 | CQ31: =CP31-CO31 -> 7 | CR31: =CQ31-CQ30 -> -2 | CT31: =CU30 -> 12791 | CU31: 12792 | CV31: =CU31-CT31 -> 1 | CW31: =CV31-CV30 -> 0 | CY31: =CZ30 -> 19612 | CZ31: 19620 | DA31: =CZ31-CY31 -> 8 | DB31: =DA31-DA30 -> 7 | DD31: =DE30 -> 20849 | DE31: 20851 | DF31: =DE31-DD31 -> 2 | DG31: =DF31-DF30 -> -1 | DI31: =DJ30 -> 9772 | DJ31: 9777 | DK31: =DJ31-DI31 -> 5 | DL31: =DK31-DK30 -> 3 | DN31: =DO30 -> 25780 | DO31: 25792 | DP31: =DO31-DN31 -> 12 | DQ31: =DP31-DP30 -> -11 | DS31: =DT30 -> 2689 | DT31: 2691 | DU31: =DT31-DS31 -> 2 | DV31: =DU31-DU30 -> 1 | DX31: =DY30 -> 10547 | DY31: 10548 | DZ31: =DY31-DX31 -> 1 | EA31: =DZ31-DZ30 -> 1 | EC31: =ED30 -> 0 | EE31: =ED31-EC31 -> 0 | EF31: =EG30 -> 0 | EH31: =EG31-EF31 -> 0 | EI31: =EJ30 -> 0 | EK31: =EJ31-EI31 -> 0 | EL31: =EM30 -> 0 | EN31: =EM31-EL31 -> 0 | EO31: =EP30 -> 0 | EQ31: =EP31-EO31 -> 0 | ER31: =ES30 -> 0 | ET31: =ES31-ER31 -> 0 | EU31: =EV30 -> 0 | EW31: =EV31-EU31 -> 0 | EX31: =EY30 -> 0 | EZ31: =EY31-EX31 -> 0 | FA31: =FB30 -> 0 | FC31: =FB31-FA31 -> 0 | FD31: =FE30 -> 0 | FF31: =FE31-FD31 -> 0 | FG31: =FH30 -> 0 | FI31: =FH31-FG31 -> 0 | FJ31: =FK30 -> 0 | FL31: =FK31-FJ31 -> 0 | FM31: =FN30 -> 0 | FO31: =FN31-FM31 -> 0 | FP31: =FQ30 -> 0 | FR31: =FQ31-FP31 -> 0
A32: 27 | B32: =C31 -> 23315 | C32: 23405 | D32: =MAX(0,C32-B32) -> 90 | F32: 27 | G32: =H31 -> 39028 | H32: 39028 | I32: =MAX(0,H32-G32) -> 0 | K32: 27 | L32: =M31 -> 843062 | M32: 843218 | N32: =MAX(0,M32-L32) -> 156 | P32: 27 | Q32: =R31 -> 239968 | R32: 240019 | S32: =MAX(0,R32-Q32) -> 51 | U32: 27 | V32: =SUM(S32+N32+I32+D32) -> 297 | W32: ='Maldives at LG Daily'!I31 -> 14.6 | Y32: =V32/X32 -> #DIV/0! | AA32: 27 | AB32: =AC31 -> 46400 | AC32: 46417 | AD32: =AC32-AB32 -> 17 | AE32: =AD32-AD31 -> 2 | AG32: =AH31 -> 10330 | AH32: 10335 | AI32: =AH32-AG32 -> 5 | AJ32: =AI32-AI31 -> 1 | AL32: =AM31 -> 9497 | AM32: 9506 | AN32: =AM32-AL32 -> 9 | AO32: =AN32-AN31 -> 0 | AQ32: =AR31 -> 18802 | AR32: 18813 | AS32: =AR32-AQ32 -> 11 | AT32: =AS32-AS31 -> 3 | AV32: =AW31 -> 35163 | AW32: 35170 | AX32: =AW32-AV32 -> 7 | AY32: =AX32-AX31 -> 0 | BA32: =BB31 -> 8995 | BB32: 9002 | BC32: =BB32-BA32 -> 7 | BD32: =BC32-BC31 -> 0 | BF32: =BG31 -> 25743 | BG32: 25750 | BH32: =BG32-BF32 -> 7 | BI32: =BH32-BH31 -> 0 | BK32: =BL31 -> 9744 | BL32: 9752 | BM32: =BL32-BK32 -> 8 | BN32: =BM32-BM31 -> 1 | BP32: =BQ31 -> 4099 | BQ32: 4099 | BR32: =BQ32-BP32 -> 0 | BS32: =BR32-BR31 -> -1 | BU32: =BV31 -> 1854 | BV32: 1854 | BW32: =BV32-BU32 -> 0 | BX32: =BW32-BW31 -> 0 | BZ32: =CA31 -> 29006 | CA32: 29012 | CB32: =CA32-BZ32 -> 6 | CC32: =CB32-CB31 -> 2 | CE32: =CF31 -> 3410 | CF32: 3415 | CG32: =CF32-CE32 -> 5 | CH32: =CG32-CG31 -> 4 | CJ32: =CK31 -> 84080 | CK32: 84106 | CL32: =CK32-CJ32 -> 26 | CM32: =CL32-CL31 -> -1 | CO32: =CP31 -> 25706 | CP32: 25713 | CQ32: =CP32-CO32 -> 7 | CR32: =CQ32-CQ31 -> 0 | CT32: =CU31 -> 12792 | CU32: 12793 | CV32: =CU32-CT32 -> 1 | CW32: =CV32-CV31 -> 0 | CY32: =CZ31 -> 19620 | CZ32: 19629 | DA32: =CZ32-CY32 -> 9 | DB32: =DA32-DA31 -> 1 | DD32: =DE31 -> 20851 | DE32: 20854 | DF32: =DE32-DD32 -> 3 | DG32: =DF32-DF31 -> 1 | DI32: =DJ31 -> 9777 | DJ32: 9778 | DK32: =DJ32-DI32 -> 1 | DL32: =DK32-DK31 -> -4 | DN32: =DO31 -> 25792 | DO32: 25808 | DP32: =DO32-DN32 -> 16 | DQ32: =DP32-DP31 -> 4 | DS32: =DT31 -> 2691 | DT32: 2698 | DU32: =DT32-DS32 -> 7 | DV32: =DU32-DU31 -> 5 | DX32: =DY31 -> 10548 | DY32: 10 | DZ32: =DY32-DX32 -> -10538 | EA32: =DZ32-DZ31 -> -10539 | EC32: =ED31 -> 0 | EE32: =ED32-EC32 -> 0 | EF32: =EG31 -> 0 | EH32: =EG32-EF32 -> 0 | EI32: =EJ31 -> 0 | EK32: =EJ32-EI32 -> 0 | EL32: =EM31 -> 0 | EN32: =EM32-EL32 -> 0 | EO32: =EP31 -> 0 | EQ32: =EP32-EO32 -> 0 | ER32: =ES31 -> 0 | ET32: =ES32-ER32 -> 0 | EU32: =EV31 -> 0 | EW32: =EV32-EU32 -> 0 | EX32: =EY31 -> 0 | EZ32: =EY32-EX32 -> 0 | FA32: =FB31 -> 0 | FC32: =FB32-FA32 -> 0 | FD32: =FE31 -> 0 | FF32: =FE32-FD32 -> 0 | FG32: =FH31 -> 0 | FI32: =FH32-FG32 -> 0 | FJ32: =FK31 -> 0 | FL32: =FK32-FJ32 -> 0 | FM32: =FN31 -> 0 | FO32: =FN32-FM32 -> 0 | FP32: =FQ31 -> 0 | FR32: =FQ32-FP32 -> 0
A33: 28 | B33: =C32 -> 23405 | C33: 23433 | D33: =MAX(0,C33-B33) -> 28 | F33: 28 | G33: =H32 -> 39028 | H33: 39028 | I33: =MAX(0,H33-G33) -> 0 | K33: 28 | L33: =M32 -> 843218 | M33: 843372 | N33: =MAX(0,M33-L33) -> 154 | P33: 28 | Q33: =R32 -> 240019 | R33: 240127 | S33: =MAX(0,R33-Q33) -> 108 | U33: 28 | V33: =SUM(S33+N33+I33+D33) -> 290 | W33: ='Maldives at LG Daily'!I32 -> 16.5 | Y33: =V33/X33 -> #DIV/0! | AA33: 28 | AB33: =AC32 -> 46417 | AC33: 46437 | AD33: =AC33-AB33 -> 20 | AE33: =AD33-AD32 -> 3 | AG33: =AH32 -> 10335 | AH33: 10340 | AI33: =AH33-AG33 -> 5 | AJ33: =AI33-AI32 -> 0 | AL33: =AM32 -> 9506 | AM33: 9515 | AN33: =AM33-AL33 -> 9 | AO33: =AN33-AN32 -> 0 | AQ33: =AR32 -> 18813 | AR33: 18823 | AS33: =AR33-AQ33 -> 10 | AT33: =AS33-AS32 -> -1 | AV33: =AW32 -> 35170 | AW33: 35176 | AX33: =AW33-AV33 -> 6 | AY33: =AX33-AX32 -> -1 | BA33: =BB32 -> 9002 | BB33: 9010 | BC33: =BB33-BA33 -> 8 | BD33: =BC33-BC32 -> 1 | BF33: =BG32 -> 25750 | BG33: 25756 | BH33: =BG33-BF33 -> 6 | BI33: =BH33-BH32 -> -1 | BK33: =BL32 -> 9752 | BL33: 9759 | BM33: =BL33-BK33 -> 7 | BN33: =BM33-BM32 -> -1 | BP33: =BQ32 -> 4099 | BQ33: 4099 | BR33: =BQ33-BP33 -> 0 | BS33: =BR33-BR32 -> 0 | BU33: =BV32 -> 1854 | BV33: 1854 | BW33: =BV33-BU33 -> 0 | BX33: =BW33-BW32 -> 0 | BZ33: =CA32 -> 29012 | CA33: 29017 | CB33: =CA33-BZ33 -> 5 | CC33: =CB33-CB32 -> -1 | CE33: =CF32 -> 3415 | CF33: 3416 | CG33: =CF33-CE33 -> 1 | CH33: =CG33-CG32 -> -4 | CJ33: =CK32 -> 84106 | CK33: 84130 | CL33: =CK33-CJ33 -> 24 | CM33: =CL33-CL32 -> -2 | CO33: =CP32 -> 25713 | CP33: 25719 | CQ33: =CP33-CO33 -> 6 | CR33: =CQ33-CQ32 -> -1 | CT33: =CU32 -> 12793 | CU33: 12794 | CV33: =CU33-CT33 -> 1 | CW33: =CV33-CV32 -> 0 | CY33: =CZ32 -> 19629 | CZ33: 19637 | DA33: =CZ33-CY33 -> 8 | DB33: =DA33-DA32 -> -1 | DD33: =DE32 -> 20854 | DE33: 20856 | DF33: =DE33-DD33 -> 2 | DG33: =DF33-DF32 -> -1 | DI33: =DJ32 -> 9778 | DJ33: 9779 | DK33: =DJ33-DI33 -> 1 | DL33: =DK33-DK32 -> 0 | DN33: =DO32 -> 25808 | DO33: 25820 | DP33: =DO33-DN33 -> 12 | DQ33: =DP33-DP32 -> -4 | DS33: =DT32 -> 2698 | DT33: 2699 | DU33: =DT33-DS33 -> 1 | DV33: =DU33-DU32 -> -6 | DX33: =DY32 -> 10 | DY33: 12 | DZ33: =DY33-DX33 -> 2 | EA33: =DZ33-DZ32 -> 10540 | EC33: =ED32 -> 0 | EE33: =ED33-EC33 -> 0 | EF33: =EG32 -> 0 | EH33: =EG33-EF33 -> 0 | EI33: =EJ32 -> 0 | EK33: =EJ33-EI33 -> 0 | EL33: =EM32 -> 0 | EN33: =EM33-EL33 -> 0 | EO33: =EP32 -> 0 | EQ33: =EP33-EO33 -> 0 | ER33: =ES32 -> 0 | ET33: =ES33-ER33 -> 0 | EU33: =EV32 -> 0 | EW33: =EV33-EU33 -> 0 | EX33: =EY32 -> 0 | EZ33: =EY33-EX33 -> 0 | FA33: =FB32 -> 0 | FC33: =FB33-FA33 -> 0 | FD33: =FE32 -> 0 | FF33: =FE33-FD33 -> 0 | FG33: =FH32 -> 0 | FI33: =FH33-FG33 -> 0 | FJ33: =FK32 -> 0 | FL33: =FK33-FJ33 -> 0 | FM33: =FN32 -> 0 | FO33: =FN33-FM33 -> 0 | FP33: =FQ32 -> 0 | FR33: =FQ33-FP33 -> 0
A34: 29 | B34: =C33 -> 23433 | C34: 23523 | D34: =MAX(0,C34-B34) -> 90 | F34: 29 | G34: =H33 -> 39028 | H34: 39028 | I34: =MAX(0,H34-G34) -> 0 | K34: 29 | L34: =M33 -> 843372 | M34: 843583 | N34: =MAX(0,M34-L34) -> 211 | P34: 29 | Q34: =R33 -> 240127 | R34: 240199 | S34: =MAX(0,R34-Q34) -> 72 | U34: 29 | V34: =SUM(S34+N34+I34+D34) -> 373 | W34: ='Maldives at LG Daily'!I33 -> 17.5 | Y34: =V34/X34 -> #DIV/0! | AA34: 29 | AB34: =AC33 -> 46437 | AC34: 46454 | AD34: =AC34-AB34 -> 17 | AE34: =AD34-AD33 -> -3 | AG34: =AH33 -> 10340 | AH34: 10345 | AI34: =AH34-AG34 -> 5 | AJ34: =AI34-AI33 -> 0 | AL34: =AM33 -> 9515 | AM34: 9525 | AN34: =AM34-AL34 -> 10 | AO34: =AN34-AN33 -> 1 | AQ34: =AR33 -> 18823 | AR34: 18832 | AS34: =AR34-AQ34 -> 9 | AT34: =AS34-AS33 -> -1 | AV34: =AW33 -> 35176 | AW34: 35185 | AX34: =AW34-AV34 -> 9 | AY34: =AX34-AX33 -> 3 | BA34: =BB33 -> 9010 | BB34: 9016 | BC34: =BB34-BA34 -> 6 | BD34: =BC34-BC33 -> -2 | BF34: =BG33 -> 25756 | BG34: 25765 | BH34: =BG34-BF34 -> 9 | BI34: =BH34-BH33 -> 3 | BK34: =BL33 -> 9759 | BL34: 9757 | BM34: =BL34-BK34 -> -2 | BN34: =BM34-BM33 -> -9 | BP34: =BQ33 -> 4099 | BQ34: 4104 | BR34: =BQ34-BP34 -> 5 | BS34: =BR34-BR33 -> 5 | BU34: =BV33 -> 1854 | BV34: 1855 | BW34: =BV34-BU34 -> 1 | BX34: =BW34-BW33 -> 1 | BZ34: =CA33 -> 29017 | CA34: 29022 | CB34: =CA34-BZ34 -> 5 | CC34: =CB34-CB33 -> 0 | CE34: =CF33 -> 3416 | CF34: 3416 | CG34: =CF34-CE34 -> 0 | CH34: =CG34-CG33 -> -1 | CJ34: =CK33 -> 84130 | CK34: 84155 | CL34: =CK34-CJ34 -> 25 | CM34: =CL34-CL33 -> 1 | CO34: =CP33 -> 25719 | CP34: 25727 | CQ34: =CP34-CO34 -> 8 | CR34: =CQ34-CQ33 -> 2 | CT34: =CU33 -> 12794 | CU34: 12797 | CV34: =CU34-CT34 -> 3 | CW34: =CV34-CV33 -> 2 | CY34: =CZ33 -> 19637 | CZ34: 19642 | DA34: =CZ34-CY34 -> 5 | DB34: =DA34-DA33 -> -3 | DD34: =DE33 -> 20856 | DE34: 20860 | DF34: =DE34-DD34 -> 4 | DG34: =DF34-DF33 -> 2 | DI34: =DJ33 -> 9779 | DJ34: 9786 | DK34: =DJ34-DI34 -> 7 | DL34: =DK34-DK33 -> 6 | DN34: =DO33 -> 25820 | DO34: 25828 | DP34: =DO34-DN34 -> 8 | DQ34: =DP34-DP33 -> -4 | DS34: =DT33 -> 2699 | DT34: 2706 | DU34: =DT34-DS34 -> 7 | DV34: =DU34-DU33 -> 6 | DX34: =DY33 -> 12 | DY34: 14 | DZ34: =DY34-DX34 -> 2 | EA34: =DZ34-DZ33 -> 0 | EC34: =ED33 -> 0 | EE34: =ED34-EC34 -> 0 | EF34: =EG33 -> 0 | EH34: =EG34-EF34 -> 0 | EI34: =EJ33 -> 0 | EK34: =EJ34-EI34 -> 0 | EL34: =EM33 -> 0 | EN34: =EM34-EL34 -> 0 | EO34: =EP33 -> 0 | EQ34: =EP34-EO34 -> 0 | ER34: =ES33 -> 0 | ET34: =ES34-ER34 -> 0 | EU34: =EV33 -> 0 | EW34: =EV34-EU34 -> 0 | EX34: =EY33 -> 0 | EZ34: =EY34-EX34 -> 0 | FA34: =FB33 -> 0 | FC34: =FB34-FA34 -> 0 | FD34: =FE33 -> 0 | FF34: =FE34-FD34 -> 0 | FG34: =FH33 -> 0 | FI34: =FH34-FG34 -> 0 | FJ34: =FK33 -> 0 | FL34: =FK34-FJ34 -> 0 | FM34: =FN33 -> 0 | FO34: =FN34-FM34 -> 0 | FP34: =FQ33 -> 0 | FR34: =FQ34-FP34 -> 0
A35: 30 | B35: =C34 -> 23523 | C35: 23575 | D35: =MAX(0,C35-B35) -> 52 | F35: 30 | G35: =H34 -> 39028 | H35: 39028 | I35: =MAX(0,H35-G35) -> 0 | K35: 30 | L35: =M34 -> 843583 | M35: 843696 | N35: =MAX(0,M35-L35) -> 113 | P35: 30 | Q35: =R34 -> 240199 | R35: 240303 | S35: =MAX(0,R35-Q35) -> 104 | U35: 30 | V35: =SUM(S35+N35+I35+D35) -> 269 | W35: ='Maldives at LG Daily'!I34 -> 0 | Y35: =V35/X35 -> #DIV/0! | AA35: 30 | AB35: =AC34 -> 46454 | AC35: 46473 | AD35: =AC35-AB35 -> 19 | AE35: =AD35-AD34 -> 2 | AG35: =AH34 -> 10345 | AH35: 10350 | AI35: =AH35-AG35 -> 5 | AJ35: =AI35-AI34 -> 0 | AL35: =AM34 -> 9525 | AM35: 9533 | AN35: =AM35-AL35 -> 8 | AO35: =AN35-AN34 -> -2 | AQ35: =AR34 -> 18832 | AR35: 18844 | AS35: =AR35-AQ35 -> 12 | AT35: =AS35-AS34 -> 3 | AV35: =AW34 -> 35185 | AW35: 35192 | AX35: =AW35-AV35 -> 7 | AY35: =AX35-AX34 -> -2 | BA35: =BB34 -> 9016 | BB35: 9023 | BC35: =BB35-BA35 -> 7 | BD35: =BC35-BC34 -> 1 | BF35: =BG34 -> 25765 | BG35: 25770 | BH35: =BG35-BF35 -> 5 | BI35: =BH35-BH34 -> -4 | BK35: =BL34 -> 9757 | BL35: 9775 | BM35: =BL35-BK35 -> 18 | BN35: =BM35-BM34 -> 20 | BP35: =BQ34 -> 4104 | BQ35: 4105 | BR35: =BQ35-BP35 -> 1 | BS35: =BR35-BR34 -> -4 | BU35: =BV34 -> 1855 | BV35: 1855 | BW35: =BV35-BU35 -> 0 | BX35: =BW35-BW34 -> -1 | BZ35: =CA34 -> 29022 | CA35: 29029 | CB35: =CA35-BZ35 -> 7 | CC35: =CB35-CB34 -> 2 | CE35: =CF34 -> 3416 | CF35: 3421 | CG35: =CF35-CE35 -> 5 | CH35: =CG35-CG34 -> 5 | CJ35: =CK34 -> 84155 | CK35: 84181 | CL35: =CK35-CJ35 -> 26 | CM35: =CL35-CL34 -> 1 | CO35: =CP34 -> 25727 | CP35: 25735 | CQ35: =CP35-CO35 -> 8 | CR35: =CQ35-CQ34 -> 0 | CT35: =CU34 -> 12797 | CU35: 12795 | CV35: =CU35-CT35 -> -2 | CW35: =CV35-CV34 -> -5 | CY35: =CZ34 -> 19642 | CZ35: 19645 | DA35: =CZ35-CY35 -> 3 | DB35: =DA35-DA34 -> -2 | DD35: =DE34 -> 20860 | DE35: 20864 | DF35: =DE35-DD35 -> 4 | DG35: =DF35-DF34 -> 0 | DI35: =DJ34 -> 9786 | DJ35: 9791 | DK35: =DJ35-DI35 -> 5 | DL35: =DK35-DK34 -> -2 | DN35: =DO34 -> 25828 | DO35: 25840 | DP35: =DO35-DN35 -> 12 | DQ35: =DP35-DP34 -> 4 | DS35: =DT34 -> 2706 | DT35: 2707 | DU35: =DT35-DS35 -> 1 | DV35: =DU35-DU34 -> -6 | DX35: =DY34 -> 14 | DY35: 16 | DZ35: =DY35-DX35 -> 2 | EA35: =DZ35-DZ34 -> 0 | EC35: =ED34 -> 0 | EE35: =ED35-EC35 -> 0 | EF35: =EG34 -> 0 | EH35: =EG35-EF35 -> 0 | EI35: =EJ34 -> 0 | EK35: =EJ35-EI35 -> 0 | EL35: =EM34 -> 0 | EN35: =EM35-EL35 -> 0 | EO35: =EP34 -> 0 | EQ35: =EP35-EO35 -> 0 | ER35: =ES34 -> 0 | ET35: =ES35-ER35 -> 0 | EU35: =EV34 -> 0 | EW35: =EV35-EU35 -> 0 | EX35: =EY34 -> 0 | EZ35: =EY35-EX35 -> 0 | FA35: =FB34 -> 0 | FC35: =FB35-FA35 -> 0 | FD35: =FE34 -> 0 | FF35: =FE35-FD35 -> 0 | FG35: =FH34 -> 0 | FI35: =FH35-FG35 -> 0 | FJ35: =FK34 -> 0 | FL35: =FK35-FJ35 -> 0 | FM35: =FN34 -> 0 | FO35: =FN35-FM35 -> 0 | FP35: =FQ34 -> 0 | FR35: =FQ35-FP35 -> 0
