Workbook

Sheet Sheet1
A2: Days | C2: Electricity Meter (KWh) | E2: Gas m3 | G2: Water m3
A3: Date | C3: Reading KWH | D3: Difference KWH | E3: Reading m3 | F3: Difference KWH | G3: Reading m³ | H3: Daily Consumption m³ | I3: ROOM NIGHTS | J3: TOTAL GUESTS
A4: 44681 | C4: 29050 | E4: 1327 | G4: 473
A5: 44682 | C5: 26754 | D5: =IF((C5-C4<0), "0",C5-C4) -> 0 | E5: 1433 | F5: =IF((E5-E4<0), "0",E5-E4) -> 106 | G5: 419 | H5: =IF((G5-G4<0), "0",G5-G4) -> 0
A6: 44683 | C6: 25151 | D6: =IF((C6-C5<0), "0",C6-C5) -> 0 | E6: 1539 | F6: =IF((E6-E5<0), "0",E6-E5) -> 106 | G6: 440 | H6: =IF((G6-G5<0), "0",G6-G5) -> 21
A7: 44684 | C7: 26052 | D7: =IF((C7-C6<0), "0",C7-C6) -> 901 | E7: 1396 | F7: =IF((E7-E6<0), "0",E7-E6) -> 0 | G7: 418 | H7: =IF((G7-G6<0), "0",G7-G6) -> 0
A8: 44685 | C8: 25598 | D8: =IF((C8-C7<0), "0",C8-C7) -> 0 | E8: 1367 | F8: =IF((E8-E7<0), "0",E8-E7) -> 0 | G8: 438 | H8: =IF((G8-G7<0), "0",G8-G7) -> 20
A9: 44686 | C9: 26232 | D9: =IF((C9-C8<0), "0",C9-C8) -> 634 | E9: 1278 | F9: =IF((E9-E8<0), "0",E9-E8) -> 0 | G9: 527 | H9: =IF((G9-G8<0), "0",G9-G8) -> 89
A10: 44687 | C10: 26847 | D10: =IF((C10-C9<0), "0",C10-C9) -> 615 | E10: 1325 | F10: =IF((E10-E9<0), "0",E10-E9) -> 47 | G10: 403 | H10: =IF((G10-G9<0), "0",G10-G9) -> 0
A11: 44688 | C11: 27779 | D11: =IF((C11-C10<0), "0",C11-C10) -> 932 | E11: 1281 | F11: =IF((E11-E10<0), "0",E11-E10) -> 0 | G11: 399 | H11: =IF((G11-G10<0), "0",G11-G10) -> 0
A12: 44689 | C12: 27100 | D12: =IF((C12-C11<0), "0",C12-C11) -> 0 | E12: 1421 | F12: =IF((E12-E11<0), "0",E12-E11) -> 140 | G12: 482 | H12: =IF((G12-G11<0), "0",G12-G11) -> 83
A13: 44690 | C13: 28713 | D13: =IF((C13-C12<0), "0",C13-C12) -> 1613 | E13: 1263 | F13: =IF((E13-E12<0), "0",E13-E12) -> 0 | G13: 424 | H13: =IF((G13-G12<0), "0",G13-G12) -> 0
A14: 44691 | C14: 30899 | D14: =IF((C14-C13<0), "0",C14-C13) -> 2186 | E14: 1327 | F14: =IF((E14-E13<0), "0",E14-E13) -> 64 | G14: 453 | H14: =IF((G14-G13<0), "0",G14-G13) -> 29
A15: 44692 | C15: 29195 | D15: =IF((C15-C14<0), "0",C15-C14) -> 0 | E15: 1292 | F15: =IF((E15-E14<0), "0",E15-E14) -> 0 | G15: 379 | H15: =IF((G15-G14<0), "0",G15-G14) -> 0
A16: 44693 | C16: 28585 | D16: =IF((C16-C15<0), "0",C16-C15) -> 0 | E16: 1243 | F16: =IF((E16-E15<0), "0",E16-E15) -> 0 | G16: 297 | H16: =IF((G16-G15<0), "0",G16-G15) -> 0
... A35: 44712 | C35: 35664 | D35: =IF((C35-C34<0), "0",C35-C34) -> 0 | E35: 1353 | F35: =IF((E35-E34<0), "0",E35-E34) -> 36 | G35: 468 | H35: =IF((G35-G34<0), "0",G35-G34) -> 0

Sheet Sheet2
A1: Site Name | B1: Day | C1: Month | D1: Year | E1: Total Electricity Kwh | F1: Electricity Tariff ($/Kwh) | G1: Natural Gas (m3) | H1: Natural Gas $/m3 | I1: Water Utility Supply (m3) m3 | J1: Water Utility Supply (m3) $/m3 | K1: Room Nights | L1: Food Covers
A2: Shenzhen | B2: 1 | C2: 5 | D2: 2022 | E2: =Sheet1!C5 -> 26754 | F2: 0.93 | G2: =Sheet1!E5 -> 1433 | H2: 4.39 | I2: =Sheet1!G5 -> 419 | J2: 1.72 | K2: ='[1]Shenzhen Daily'!I5 -> #REF! | L2: ='[1]Shenzhen Daily'!J5 -> #REF!
A3: Shenzhen | B3: =B2+1 -> 2 | C3: 5 | D3: 2022 | E3: =Sheet1!C6 -> 25151 | F3: 0.93 | G3: =Sheet1!E6 -> 1539 | H3: 4.39 | I3: =Sheet1!G6 -> 440 | J3: 1.72 | K3: ='[1]Shenzhen Daily'!I6 -> #REF! | L3: ='[1]Shenzhen Daily'!J6 -> #REF!
A4: Shenzhen | B4: =B3+1 -> 3 | C4: 5 | D4: 2022 | E4: =Sheet1!C7 -> 26052 | F4: 0.93 | G4: =Sheet1!E7 -> 1396 | H4: 4.39 | I4: =Sheet1!G7 -> 418 | J4: 1.72 | K4: ='[1]Shenzhen Daily'!I7 -> #REF! | L4: ='[1]Shenzhen Daily'!J7 -> #REF!
A5: Shenzhen | B5: =B4+1 -> 4 | C5: 5 | D5: 2022 | E5: =Sheet1!C8 -> 25598 | F5: 0.93 | G5: =Sheet1!E8 -> 1367 | H5: 4.39 | I5: =Sheet1!G8 -> 438 | J5: 1.72 | K5: ='[1]Shenzhen Daily'!I8 -> #REF! | L5: ='[1]Shenzhen Daily'!J8 -> #REF!
A6: Shenzhen | B6: =B5+1 -> 5 | C6: 5 | D6: 2022 | E6: =Sheet1!C9 -> 26232 | F6: 0.93 | G6: =Sheet1!E9 -> 1278 | H6: 4.39 | I6: =Sheet1!G9 -> 527 | J6: 1.72 | K6: ='[1]Shenzhen Daily'!I9 -> #REF! | L6: ='[1]Shenzhen Daily'!J9 -> #REF!
A7: Shenzhen | B7: =B6+1 -> 6 | C7: 5 | D7: 2022 | E7: =Sheet1!C10 -> 26847 | F7: 0.93 | G7: =Sheet1!E10 -> 1325 | H7: 4.39 | I7: =Sheet1!G10 -> 403 | J7: 1.72 | K7: ='[1]Shenzhen Daily'!I10 -> #REF! | L7: ='[1]Shenzhen Daily'!J10 -> #REF!
A8: Shenzhen | B8: =B7+1 -> 7 | C8: 5 | D8: 2022 | E8: =Sheet1!C11 -> 27779 | F8: 0.93 | G8: =Sheet1!E11 -> 1281 | H8: 4.39 | I8: =Sheet1!G11 -> 399 | J8: 1.72 | K8: ='[1]Shenzhen Daily'!I11 -> #REF! | L8: ='[1]Shenzhen Daily'!J11 -> #REF!
A9: Shenzhen | B9: =B8+1 -> 8 | C9: 5 | D9: 2022 | E9: =Sheet1!C12 -> 27100 | F9: 0.93 | G9: =Sheet1!E12 -> 1421 | H9: 4.39 | I9: =Sheet1!G12 -> 482 | J9: 1.72 | K9: ='[1]Shenzhen Daily'!I12 -> #REF! | L9: ='[1]Shenzhen Daily'!J12 -> #REF!
A10: Shenzhen | B10: =B9+1 -> 9 | C10: 5 | D10: 2022 | E10: =Sheet1!C13 -> 28713 | F10: 0.93 | G10: =Sheet1!E13 -> 1263 | H10: 4.39 | I10: =Sheet1!G13 -> 424 | J10: 1.72 | K10: ='[1]Shenzhen Daily'!I13 -> #REF! | L10: ='[1]Shenzhen Daily'!J13 -> #REF!
A11: Shenzhen | B11: =B10+1 -> 10 | C11: 5 | D11: 2022 | E11: =Sheet1!C14 -> 30899 | F11: 0.93 | G11: =Sheet1!E14 -> 1327 | H11: 4.39 | I11: =Sheet1!G14 -> 453 | J11: 1.72 | K11: ='[1]Shenzhen Daily'!I14 -> #REF! | L11: ='[1]Shenzhen Daily'!J14 -> #REF!
A12: Shenzhen | B12: =B11+1 -> 11 | C12: 5 | D12: 2022 | E12: =Sheet1!C15 -> 29195 | F12: 0.93 | G12: =Sheet1!E15 -> 1292 | H12: 4.39 | I12: =Sheet1!G15 -> 379 | J12: 1.72 | K12: ='[1]Shenzhen Daily'!I15 -> #REF! | L12: ='[1]Shenzhen Daily'!J15 -> #REF!
A13: Shenzhen | B13: =B12+1 -> 12 | C13: 5 | D13: 2022 | E13: =Sheet1!C16 -> 28585 | F13: 0.93 | G13: =Sheet1!E16 -> 1243 | H13: 4.39 | I13: =Sheet1!G16 -> 297 | J13: 1.72 | K13: ='[1]Shenzhen Daily'!I16 -> #REF! | L13: ='[1]Shenzhen Daily'!J16 -> #REF!
A14: Shenzhen | B14: =B13+1 -> 13 | C14: 5 | D14: 2022 | E14: =Sheet1!C17 -> 29736 | F14: 0.93 | G14: =Sheet1!E17 -> 1315 | H14: 4.39 | I14: =Sheet1!G17 -> 361 | J14: 1.72 | K14: ='[1]Shenzhen Daily'!I17 -> #REF! | L14: ='[1]Shenzhen Daily'!J17 -> #REF!
... A32: Shenzhen | B32: =B31+1 -> 31 | C32: 5 | D32: 2022 | E32: =Sheet1!C35 -> 35664 | F32: 0.93 | G32: =Sheet1!E35 -> 1353 | H32: 4.39 | I32: =Sheet1!G35 -> 468 | J32: 1.72 | K32: ='[1]Shenzhen Daily'!I35 -> #REF! | L32: ='[1]Shenzhen Daily'!J35 -> #REF!
