Workbook

Sheet TOTAL
A1: Site Name | B1: Day | C1: Month | D1: Year | E1: Total Electricity Kwh | F1: Electricity Tariff ($/Kwh) | G1: Water Utility Supply (m3) m3 | H1: Water Utility Supply (m3) $/m3 | I1: Total Fuel Oil (Liters) | J1: Fuel Oil $/Liter | K1: Room Nights
A2: Kuwait | B2: 1 | C2: 12 | D2: 2022 | E2: =Submetering!E2+Submetering!F2+Submetering!G2+Submetering!H2+Submetering!I2+Submetering!J2+Submetering!K2+Submetering!L2+Submetering!M2+Submetering!N2+Submetering!O2+Submetering!P2+Submetering!Q2 -> 54900 | F2: 0.005 | G2: =Submetering!S2 -> 482.118 | H2: 0.4444 | I2: =Submetering!R2 -> 0 | J2: 0.14 | K2: =Hotel!B7 -> 170
A3: Kuwait | B3: =B2+1 -> 2 | C3: 12 | D3: 2022 | E3: =Submetering!E3+Submetering!F3+Submetering!G3+Submetering!H3+Submetering!I3+Submetering!J3+Submetering!K3+Submetering!L3+Submetering!M3+Submetering!N3+Submetering!O3+Submetering!P3+Submetering!Q3 -> 57960 | F3: 0.005 | G3: =Submetering!S3 -> 382.2 | H3: 0.4444 | I3: =Submetering!R3 -> 0 | J3: 0.14 | K3: =Hotel!B8 -> 182
A4: Kuwait | B4: =B3+1 -> 3 | C4: 12 | D4: 2022 | E4: =Submetering!E4+Submetering!F4+Submetering!G4+Submetering!H4+Submetering!I4+Submetering!J4+Submetering!K4+Submetering!L4+Submetering!M4+Submetering!N4+Submetering!O4+Submetering!P4+Submetering!Q4 -> 62050 | F4: 0.005 | G4: =Submetering!S4 -> 502.32 | H4: 0.4444 | I4: =Submetering!R4 -> 0 | J4: 0.14 | K4: =Hotel!B9 -> 99
A5: Kuwait | B5: =B4+1 -> 4 | C5: 12 | D5: 2022 | E5: =Submetering!E5+Submetering!F5+Submetering!G5+Submetering!H5+Submetering!I5+Submetering!J5+Submetering!K5+Submetering!L5+Submetering!M5+Submetering!N5+Submetering!O5+Submetering!P5+Submetering!Q5 -> 49010 | F5: 0.005 | G5: =Submetering!S5 -> 493.857 | H5: 0.4444 | I5: =Submetering!R5 -> 0 | J5: 0.14 | K5: =Hotel!B10 -> 86
A6: Kuwait | B6: =B5+1 -> 5 | C6: 12 | D6: 2022 | E6: =Submetering!E6+Submetering!F6+Submetering!G6+Submetering!H6+Submetering!I6+Submetering!J6+Submetering!K6+Submetering!L6+Submetering!M6+Submetering!N6+Submetering!O6+Submetering!P6+Submetering!Q6 -> 53600 | F6: 0.005 | G6: =Submetering!S6 -> 481.845 | H6: 0.4444 | I6: =Submetering!R6 -> 0 | J6: 0.14 | K6: =Hotel!B11 -> 126
A7: Kuwait | B7: =B6+1 -> 6 | C7: 12 | D7: 2022 | E7: =Submetering!E7+Submetering!F7+Submetering!G7+Submetering!H7+Submetering!I7+Submetering!J7+Submetering!K7+Submetering!L7+Submetering!M7+Submetering!N7+Submetering!O7+Submetering!P7+Submetering!Q7 -> 53450 | F7: 0.005 | G7: =Submetering!S7 -> 188.916 | H7: 0.4444 | I7: =Submetering!R7 -> 0 | J7: 0.14 | K7: =Hotel!B12 -> 130
A8: Kuwait | B8: =B7+1 -> 7 | C8: 12 | D8: 2022 | E8: =Submetering!E8+Submetering!F8+Submetering!G8+Submetering!H8+Submetering!I8+Submetering!J8+Submetering!K8+Submetering!L8+Submetering!M8+Submetering!N8+Submetering!O8+Submetering!P8+Submetering!Q8 -> 55020 | F8: 0.005 | G8: =Submetering!S8 -> 140.322 | H8: 0.4444 | I8: =Submetering!R8 -> 0 | J8: 0.14 | K8: =Hotel!B13 -> 109
A9: Kuwait | B9: =B8+1 -> 8 | C9: 12 | D9: 2022 | E9: =Submetering!E9+Submetering!F9+Submetering!G9+Submetering!H9+Submetering!I9+Submetering!J9+Submetering!K9+Submetering!L9+Submetering!M9+Submetering!N9+Submetering!O9+Submetering!P9+Submetering!Q9 -> 58090 | F9: 0.005 | G9: =Submetering!S9 -> 0 | H9: 0.4444 | I9: =Submetering!R9 -> 0 | J9: 0.14 | K9: =Hotel!B14 -> 159
A10: Kuwait | B10: =B9+1 -> 9 | C10: 12 | D10: 2022 | E10: =Submetering!E10+Submetering!F10+Submetering!G10+Submetering!H10+Submetering!I10+Submetering!J10+Submetering!K10+Submetering!L10+Submetering!M10+Submetering!N10+Submetering!O10+Submetering!P10+Submetering!Q10 -> 59180 | F10: 0.005 | G10: =Submetering!S10 -> 0 | H10: 0.4444 | I10: =Submetering!R10 -> 0 | J10: 0.14 | K10: =Hotel!B15 -> 124
A11: Kuwait | B11: =B10+1 -> 10 | C11: 12 | D11: 2022 | E11: =Submetering!E11+Submetering!F11+Submetering!G11+Submetering!H11+Submetering!I11+Submetering!J11+Submetering!K11+Submetering!L11+Submetering!M11+Submetering!N11+Submetering!O11+Submetering!P11+Submetering!Q11 -> 57590 | F11: 0.005 | G11: =Submetering!S11 -> 0 | H11: 0.4444 | I11: =Submetering!R11 -> 0 | J11: 0.14 | K11: =Hotel!B16 -> 76
A12: Kuwait | B12: =B11+1 -> 11 | C12: 12 | D12: 2022 | E12: =Submetering!E12+Submetering!F12+Submetering!G12+Submetering!H12+Submetering!I12+Submetering!J12+Submetering!K12+Submetering!L12+Submetering!M12+Submetering!N12+Submetering!O12+Submetering!P12+Submetering!Q12 -> 55630 | F12: 0.005 | G12: =Submetering!S12 -> 0 | H12: 0.4444 | I12: =Submetering!R12 -> 0 | J12: 0.14 | K12: =Hotel!B17 -> 77
A13: Kuwait | B13: =B12+1 -> 12 | C13: 12 | D13: 2022 | E13: =Submetering!E13+Submetering!F13+Submetering!G13+Submetering!H13+Submetering!I13+Submetering!J13+Submetering!K13+Submetering!L13+Submetering!M13+Submetering!N13+Submetering!O13+Submetering!P13+Submetering!Q13 -> 56390 | F13: 0.005 | G13: =Submetering!S13 -> 0 | H13: 0.4444 | I13: =Submetering!R13 -> 0 | J13: 0.14 | K13: =Hotel!B18 -> 79
A14: Kuwait | B14: =B13+1 -> 13 | C14: 12 | D14: 2022 | E14: =Submetering!E14+Submetering!F14+Submetering!G14+Submetering!H14+Submetering!I14+Submetering!J14+Submetering!K14+Submetering!L14+Submetering!M14+Submetering!N14+Submetering!O14+Submetering!P14+Submetering!Q14 -> 53770 | F14: 0.005 | G14: =Submetering!S14 -> 0 | H14: 0.4444 | I14: =Submetering!R14 -> 0 | J14: 0.14 | K14: =Hotel!B19 -> 68
... A32: Kuwait | B32: =B31+1 -> 31 | C32: 12 | D32: 2022 | E32: =Submetering!E32+Submetering!F32+Submetering!G32+Submetering!H32+Submetering!I32+Submetering!J32+Submetering!K32+Submetering!L32+Submetering!M32+Submetering!N32+Submetering!O32+Submetering!P32+Submetering!Q32 -> 62930 | F32: 0.005 | G32: =Submetering!S32 -> 379.197 | H32: 0.4444 | I32: =Submetering!R32 -> 0 | J32: 0.14 | K32: =Hotel!B37 -> 250

Sheet Submetering
A1: Site Name | B1: Day | C1: Month | D1: Year | E1: HT.02.02 - KWh | F1: HT.02.04 - KWh | G1: HT.02.07 - KWh | H1: HT.02.03 - KWh | I1: HT.02.06 - KWh | J1: HT.03.03 - KWh | K1: HT.03.07 - KWh | L1: HT.03.05 - KWh | M1: HT.03.08 - KWh | N1: HT.03.04 - KWh | O1: HT.03.06 - KWh | P1: HT.03.01 - KWh | Q1: HT.03.02 - KWh | R1: Fuel (Liters) | S1: Water - m3 | T1: Cooling Towers Water | U1: Room Nights
A2: Kuwait | B2: 1 | C2: 12 | D2: 2022 | E2: =Hotel!Q7 -> 620 | F2: =Hotel!R7 -> 1860 | G2: =Hotel!S7 -> 3970 | H2: =Hotel!T7 -> 1480 | I2: =Hotel!U7 -> 5610 | J2: =Hotel!V7 -> 4100 | K2: =Hotel!W7 -> 2980 | L2: =Hotel!X7 -> 4520 | ... Q2: =Hotel!AC7 -> 10360 | R2: =Hotel!AT7 -> 0 | S2: =Hotel!BA7 -> 482.118 | T2: =Hotel!AX7 -> 0 | U2: =Hotel!B7 -> 170
A3: Kuwait | B3: =B2+1 -> 2 | C3: 12 | D3: 2022 | E3: =Hotel!Q8 -> 580 | F3: =Hotel!R8 -> 1850 | G3: =Hotel!S8 -> 3540 | H3: =Hotel!T8 -> 1470 | I3: =Hotel!U8 -> 5950 | J3: =Hotel!V8 -> 4120 | K3: =Hotel!W8 -> 3260 | L3: =Hotel!X8 -> 4610 | ... Q3: =Hotel!AC8 -> 12660 | R3: =Hotel!AT8 -> 0 | S3: =Hotel!BA8 -> 382.2 | T3: =Hotel!AX8 -> 0 | U3: =Hotel!B8 -> 182
A4: Kuwait | B4: =B3+1 -> 3 | C4: 12 | D4: 2022 | E4: =Hotel!Q9 -> 580 | F4: =Hotel!R9 -> 1830 | G4: =Hotel!S9 -> 3280 | H4: =Hotel!T9 -> 1450 | I4: =Hotel!U9 -> 5870 | J4: =Hotel!V9 -> 4080 | K4: =Hotel!W9 -> 3000 | L4: =Hotel!X9 -> 4560 | ... Q4: =Hotel!AC9 -> 15790 | R4: =Hotel!AT9 -> 0 | S4: =Hotel!BA9 -> 502.32 | T4: =Hotel!AX9 -> 0 | U4: =Hotel!B9 -> 99
A5: Kuwait | B5: =B4+1 -> 4 | C5: 12 | D5: 2022 | E5: =Hotel!Q10 -> 590 | F5: =Hotel!R10 -> 1870 | G5: =Hotel!S10 -> 3060 | H5: =Hotel!T10 -> 1490 | I5: =Hotel!U10 -> 5360 | J5: =Hotel!V10 -> 4090 | K5: =Hotel!W10 -> 2770 | L5: =Hotel!X10 -> 4240 | ... Q5: =Hotel!AC10 -> 8550 | R5: =Hotel!AT10 -> 0 | S5: =Hotel!BA10 -> 493.857 | T5: =Hotel!AX10 -> 0 | U5: =Hotel!B10 -> 86
A6: Kuwait | B6: =B5+1 -> 5 | C6: 12 | D6: 2022 | E6: =Hotel!Q11 -> 590 | F6: =Hotel!R11 -> 1850 | G6: =Hotel!S11 -> 2950 | H6: =Hotel!T11 -> 1430 | I6: =Hotel!U11 -> 5160 | J6: =Hotel!V11 -> 3980 | K6: =Hotel!W11 -> 2860 | L6: =Hotel!X11 -> 4800 | ... Q6: =Hotel!AC11 -> 11250 | R6: =Hotel!AT11 -> 0 | S6: =Hotel!BA11 -> 481.845 | T6: =Hotel!AX11 -> 0 | U6: =Hotel!B11 -> 126
A7: Kuwait | B7: =B6+1 -> 6 | C7: 12 | D7: 2022 | E7: =Hotel!Q12 -> 580 | F7: =Hotel!R12 -> 1840 | G7: =Hotel!S12 -> 2800 | H7: =Hotel!T12 -> 1410 | I7: =Hotel!U12 -> 5220 | J7: =Hotel!V12 -> 3880 | K7: =Hotel!W12 -> 3340 | L7: =Hotel!X12 -> 4830 | ... Q7: =Hotel!AC12 -> 11210 | R7: =Hotel!AT12 -> 0 | S7: =Hotel!BA12 -> 188.916 | T7: =Hotel!AX12 -> 0 | U7: =Hotel!B12 -> 130
A8: Kuwait | B8: =B7+1 -> 7 | C8: 12 | D8: 2022 | E8: =Hotel!Q13 -> 580 | F8: =Hotel!R13 -> 1830 | G8: =Hotel!S13 -> 2990 | H8: =Hotel!T13 -> 1420 | I8: =Hotel!U13 -> 5790 | J8: =Hotel!V13 -> 4080 | K8: =Hotel!W13 -> 3300 | L8: =Hotel!X13 -> 4780 | ... Q8: =Hotel!AC13 -> 11160 | R8: =Hotel!AT13 -> 0 | S8: =Hotel!BA13 -> 140.322 | T8: =Hotel!AX13 -> 0 | U8: =Hotel!B13 -> 109
A9: Kuwait | B9: =B8+1 -> 8 | C9: 12 | D9: 2022 | E9: =Hotel!Q14 -> 590 | F9: =Hotel!R14 -> 1880 | G9: =Hotel!S14 -> 3080 | H9: =Hotel!T14 -> 1450 | I9: =Hotel!U14 -> 5700 | J9: =Hotel!V14 -> 4250 | K9: =Hotel!W14 -> 3570 | L9: =Hotel!X14 -> 4960 | ... Q9: =Hotel!AC14 -> 12560 | R9: =Hotel!AT14 -> 0 | S9: =Hotel!BA14 -> 0 | T9: =Hotel!AX14 -> 0 | U9: =Hotel!B14 -> 159
A10: Kuwait | B10: =B9+1 -> 9 | C10: 12 | D10: 2022 | E10: =Hotel!Q15 -> 590 | F10: =Hotel!R15 -> 1850 | G10: =Hotel!S15 -> 2950 | H10: =Hotel!T15 -> 1430 | I10: =Hotel!U15 -> 6320 | J10: =Hotel!V15 -> 4220 | K10: =Hotel!W15 -> 3300 | L10: =Hotel!X15 -> 4770 | ... Q10: =Hotel!AC15 -> 13550 | R10: =Hotel!AT15 -> 0 | S10: =Hotel!BA15 -> 0 | T10: =Hotel!AX15 -> 0 | U10: =Hotel!B15 -> 124
A11: Kuwait | B11: =B10+1 -> 10 | C11: 12 | D11: 2022 | E11: =Hotel!Q16 -> 580 | F11: =Hotel!R16 -> 1850 | G11: =Hotel!S16 -> 2820 | H11: =Hotel!T16 -> 1430 | I11: =Hotel!U16 -> 5910 | J11: =Hotel!V16 -> 4190 | K11: =Hotel!W16 -> 3230 | L11: =Hotel!X16 -> 4770 | ... Q11: =Hotel!AC16 -> 13360 | R11: =Hotel!AT16 -> 0 | S11: =Hotel!BA16 -> 0 | T11: =Hotel!AX16 -> 0 | U11: =Hotel!B16 -> 76
A12: Kuwait | B12: =B11+1 -> 11 | C12: 12 | D12: 2022 | E12: =Hotel!Q17 -> 590 | F12: =Hotel!R17 -> 1850 | G12: =Hotel!S17 -> 2730 | H12: =Hotel!T17 -> 1420 | I12: =Hotel!U17 -> 5460 | J12: =Hotel!V17 -> 4070 | K12: =Hotel!W17 -> 3380 | L12: =Hotel!X17 -> 4490 | ... Q12: =Hotel!AC17 -> 12690 | R12: =Hotel!AT17 -> 0 | S12: =Hotel!BA17 -> 0 | T12: =Hotel!AX17 -> 0 | U12: =Hotel!B17 -> 77
A13: Kuwait | B13: =B12+1 -> 12 | C13: 12 | D13: 2022 | E13: =Hotel!Q18 -> 610 | F13: =Hotel!R18 -> 1920 | G13: =Hotel!S18 -> 3090 | H13: =Hotel!T18 -> 1480 | I13: =Hotel!U18 -> 5560 | J13: =Hotel!V18 -> 4120 | K13: =Hotel!W18 -> 3760 | L13: =Hotel!X18 -> 5140 | ... Q13: =Hotel!AC18 -> 11330 | R13: =Hotel!AT18 -> 0 | S13: =Hotel!BA18 -> 0 | T13: =Hotel!AX18 -> 0 | U13: =Hotel!B18 -> 79
A14: Kuwait | B14: =B13+1 -> 13 | C14: 12 | D14: 2022 | E14: =Hotel!Q19 -> 570 | F14: =Hotel!R19 -> 1810 | G14: =Hotel!S19 -> 3050 | H14: =Hotel!T19 -> 1400 | I14: =Hotel!U19 -> 4900 | J14: =Hotel!V19 -> 3930 | K14: =Hotel!W19 -> 3280 | L14: =Hotel!X19 -> 4910 | ... Q14: =Hotel!AC19 -> 11710 | R14: =Hotel!AT19 -> 0 | S14: =Hotel!BA19 -> 0 | T14: =Hotel!AX19 -> 0 | U14: =Hotel!B19 -> 68
... A32: Kuwait | B32: =B31+1 -> 31 | C32: 12 | D32: 2022 | E32: =Hotel!Q37 -> 560 | F32: =Hotel!R37 -> 9170 | G32: =Hotel!S37 -> 0 | H32: =Hotel!T37 -> 1390 | I32: =Hotel!U37 -> 6350 | J32: =Hotel!V37 -> 4340 | K32: =Hotel!W37 -> 3280 | L32: =Hotel!X37 -> 5190 | ... Q32: =Hotel!AC37 -> 12350 | R32: =Hotel!AT37 -> 0 | S32: =Hotel!BA37 -> 379.197 | T32: =Hotel!AX37 -> 0 | U32: =Hotel!B37 -> 250

Sheet Hotel
C1: 1 | D1: 2 | E1: 3 | F1: 4 | G1: 5 | H1: 6 | I1: 7 | J1: 8 | K1: 9 | L1: 10 | M1: 11 | N1: 12 | O1: 13 | Q1: 1 | R1: 2 | S1: 3 | T1: 4 | U1: 5 | V1: 6 | W1: 7 | X1: 8 | Y1: 9 | Z1: 10 | AA1: 11 | AB1: 12 | AC1: 13
A2: 44895 | B2: 126 | C2: 8638730 | D2: 21019990 | E2: 3832480 | F2: 4373490 | G2: 12908600 | H2: 7653630 | I2: 6629410 | J2: 8268170 | K2: 11994680 | L2: 5235560 | M2: 9562520 | N2: 15903170 | O2: 22255300 | Q2: HT.02.02 | R2: HT.02.04 | S2: HT.02.07 | T2: HT.02.03 | U2: HT.02.06 | V2: HT.03.03 | W2: HT.03.07 | X2: HT.03.05 | Y2: HT.03.08 | Z2: HT.03.04 | AA2: HT.03.06 | AB2: HT.03.01 | AC2: HT.03.02 | AY2: 345994
A4: Date | B4: Room Night | C4: Nov | D4: Electricity - Meter No | Q4: Electricity Consumption -KWh | AD4: Total KWh | AF4: Electricity Consumption - Amount | AS4: Total Kd | AT4: Fuel Consumption (Liters) | AV4: CT Water Meter Reading | AW4: CT Consumption Gallons | AX4: CT Consumption Cubic Meter | AY4: Water Meter Reading | AZ4: Consumption Gallons | BA4: Consumption Cubic Meter | BB4: Total KD
A5: 2022 | C5: HT.02.02 | D5: HT.02.04 | E5: HT.02.07 | F5: HT.02.03 | G5: HT.02.06 | H5: HT.03.03 | I5: HT.03.07 | J5: HT.03.05 | K5: HT.03.08 | L5: HT.03.04 | M5: HT.03.06 | N5: HT.03.01 | O5: HT.03.02 | Q5: 8483196 | R5: 8483193 | S5: 8483178 | T5: 8483176 | U5: 8483206 | V5: 8483170 | W5: 8483168 | X5: 8483169 | Y5: 8483194 | Z5: 8483199 | AA5: 8483187 | AB5: 8483188 | AC5: 8483174 | AF5: 1 | AG5: 2 | AH5: 3 | AI5: 4 | AJ5: 5 | AK5: 6 | AL5: 7 | AM5: 8 | AN5: 9 | AO5: 10 | AP5: 11 | AQ5: 12 | AR5: 13
C6: 8483196 | D6: 8483193 | E6: 8483178 | F6: 8483176 | G6: 8483206 | H6: 8483170 | I6: 8483168 | J6: 8483169 | K6: 8483194 | L6: 8483199 | M6: 8483187 | N6: 8483188 | O6: 8483174 | AV6: 298912 | AY6: 345994
A7: 44896 | B7: 170 | C7: 8639350 | D7: 21021850 | E7: 3836450 | F7: 4374970 | G7: 12914210 | H7: 7657730 | I7: 6632390 | J7: 8272690 | K7: 12000450 | L7: 5238080 | M7: 9565700 | N7: 15911100 | O7: 22265660 | Q7: =IF((C7-C2<0), "0",C7-C2) -> 620 | R7: =IF((D7-D2<0), "0",D7-D2) -> 1860 | S7: =IF((E7-E2<0), "0",E7-E2) -> 3970 | T7: =IF((F7-F2<0), "0",F7-F2) -> 1480 | U7: =IF((G7-G2<0), "0",G7-G2) -> 5610 | V7: =IF((H7-H2<0), "0",H7-H2) -> 4100 | W7: =IF((I7-I2<0), "0",I7-I2) -> 2980 | X7: =IF((J7-J2<0), "0",J7-J2) -> 4520 | ... AC7: =IF((O7-O2<0), "0",O7-O2) -> 10360 | AD7: =SUM(Q7:AC7) -> 54900 | AF7: =Q7*$D$39 -> 3.1 | AG7: =R7*$D$39 -> 9.3 | AH7: =S7*$D$39 -> 19.85 | AI7: =T7*$D$39 -> 7.4 | AJ7: =U7*$D$39 -> 28.05 | AK7: =V7*$D$39 -> 20.5 | AL7: =W7*$D$39 -> 14.9 | AM7: =X7*$D$39 -> 22.6 | ... AR7: =AC7*$D$39 -> 51.8 | AS7: =SUM(AF7:AR7) -> 274.5 | AV7: 0 | AW7: =(AV8-AV7)*1000 -> 0 | AX7: =AW7*$AX$44 -> 0 | AY7: 347760 | AZ7: =(IF((AY7-AY6<0),"0",AY7-AY6))*100 -> 176600 | BA7: =AZ7*$AZ$44*60% -> 482.118 | BB7: =BA7*0.4444 -> 214.25324
A8: 44897 | B8: 182 | C8: 8639930 | D8: 21023700 | E8: 3839990 | F8: 4376440 | G8: 12920160 | H8: 7661850 | I8: 6635650 | J8: 8277300 | K8: 12006490 | L8: 5240820 | M8: 9569080 | N8: 15918860 | O8: 22278320 | Q8: =IF((C8-C7<0), "0",C8-C7) -> 580 | R8: =IF((D8-D7<0), "0",D8-D7) -> 1850 | S8: =IF((E8-E7<0), "0",E8-E7) -> 3540 | T8: =IF((F8-F7<0), "0",F8-F7) -> 1470 | U8: =IF((G8-G7<0), "0",G8-G7) -> 5950 | V8: =IF((H8-H7<0), "0",H8-H7) -> 4120 | W8: =IF((I8-I7<0), "0",I8-I7) -> 3260 | X8: =IF((J8-J7<0), "0",J8-J7) -> 4610 | ... AC8: =IF((O8-O7<0), "0",O8-O7) -> 12660 | AD8: =SUM(Q8:AC8) -> 57960 | AF8: =Q8*$D$39 -> 2.9 | AG8: =R8*$D$39 -> 9.25 | AH8: =S8*$D$39 -> 17.7 | AI8: =T8*$D$39 -> 7.35 | AJ8: =U8*$D$39 -> 29.75 | AK8: =V8*$D$39 -> 20.6 | AL8: =W8*$D$39 -> 16.3 | AM8: =X8*$D$39 -> 23.05 | ... AR8: =AC8*$D$39 -> 63.3 | AS8: =SUM(AF8:AR8) -> 289.8 | AV8: 0 | AW8: =(AV9-AV8)*1000 -> 0 | AX8: =AW8*$AX$44 -> 0 | AY8: 349160 | AZ8: =(IF((AY8-AY7<0),"0",AY8-AY7))*100 -> 140000 | BA8: =AZ8*$AZ$44*60% -> 382.2 | BB8: =BA8*0.4444 -> 169.84968
A9: 44898 | B9: 99 | C9: 8640510 | D9: 21025530 | E9: 3843270 | F9: 4377890 | G9: 12926030 | H9: 7665930 | I9: 6638650 | J9: 8281860 | K9: 12012380 | L9: 5243420 | M9: 9572320 | N9: 15928740 | O9: 22294110 | Q9: =IF((C9-C8<0), "0",C9-C8) -> 580 | R9: =IF((D9-D8<0), "0",D9-D8) -> 1830 | S9: =IF((E9-E8<0), "0",E9-E8) -> 3280 | T9: =IF((F9-F8<0), "0",F9-F8) -> 1450 | U9: =IF((G9-G8<0), "0",G9-G8) -> 5870 | V9: =IF((H9-H8<0), "0",H9-H8) -> 4080 | W9: =IF((I9-I8<0), "0",I9-I8) -> 3000 | X9: =IF((J9-J8<0), "0",J9-J8) -> 4560 | ... AC9: =IF((O9-O8<0), "0",O9-O8) -> 15790 | AD9: =SUM(Q9:AC9) -> 62050 | AF9: =Q9*$D$39 -> 2.9 | AG9: =R9*$D$39 -> 9.15 | AH9: =S9*$D$39 -> 16.4 | AI9: =T9*$D$39 -> 7.25 | AJ9: =U9*$D$39 -> 29.35 | AK9: =V9*$D$39 -> 20.4 | AL9: =W9*$D$39 -> 15 | AM9: =X9*$D$39 -> 22.8 | ... AR9: =AC9*$D$39 -> 78.95 | AS9: =SUM(AF9:AR9) -> 310.25 | AV9: 0 | AW9: =(AV10-AV9)*1000 -> 0 | AX9: =AW9*$AX$44 -> 0 | AY9: 351000 | AZ9: =(IF((AY9-AY8<0),"0",AY9-AY8))*100 -> 184000 | BA9: =AZ9*$AZ$44*60% -> 502.32 | BB9: =BA9*0.4444 -> 223.23101
A10: 44899 | B10: 86 | C10: 8641100 | D10: 21027400 | E10: 3846330 | F10: 4379380 | G10: 12931390 | H10: 7670020 | I10: 6641420 | J10: 8286100 | K10: 12018070 | L10: 5245860 | M10: 9575480 | N10: 15934440 | O10: 22302660 | Q10: =IF((C10-C9<0), "0",C10-C9) -> 590 | R10: =IF((D10-D9<0), "0",D10-D9) -> 1870 | S10: =IF((E10-E9<0), "0",E10-E9) -> 3060 | T10: =IF((F10-F9<0), "0",F10-F9) -> 1490 | U10: =IF((G10-G9<0), "0",G10-G9) -> 5360 | V10: =IF((H10-H9<0), "0",H10-H9) -> 4090 | W10: =IF((I10-I9<0), "0",I10-I9) -> 2770 | X10: =IF((J10-J9<0), "0",J10-J9) -> 4240 | ... AC10: =IF((O10-O9<0), "0",O10-O9) -> 8550 | AD10: =SUM(Q10:AC10) -> 49010 | AF10: =Q10*$D$39 -> 2.95 | AG10: =R10*$D$39 -> 9.35 | AH10: =S10*$D$39 -> 15.3 | AI10: =T10*$D$39 -> 7.45 | AJ10: =U10*$D$39 -> 26.8 | AK10: =V10*$D$39 -> 20.45 | AL10: =W10*$D$39 -> 13.85 | AM10: =X10*$D$39 -> 21.2 | ... AR10: =AC10*$D$39 -> 42.75 | AS10: =SUM(AF10:AR10) -> 245.05 | AV10: 0 | AW10: =(AV11-AV10)*1000 -> 0 | AX10: =AW10*$AX$44 -> 0 | AY10: 352809 | AZ10: =(IF((AY10-AY9<0),"0",AY10-AY9))*100 -> 180900 | BA10: =AZ10*$AZ$44*60% -> 493.857 | BB10: =BA10*0.4444 -> 219.47005
A11: 44900 | B11: 126 | C11: 8641690 | D11: 21029250 | E11: 3849280 | F11: 4380810 | G11: 12936550 | H11: 7674000 | I11: 6644280 | J11: 8290900 | K11: 12023550 | L11: 5248270 | M11: 9578610 | N11: 15942150 | O11: 22313910 | Q11: =IF((C11-C10<0), "0",C11-C10) -> 590 | R11: =IF((D11-D10<0), "0",D11-D10) -> 1850 | S11: =IF((E11-E10<0), "0",E11-E10) -> 2950 | T11: =IF((F11-F10<0), "0",F11-F10) -> 1430 | U11: =IF((G11-G10<0), "0",G11-G10) -> 5160 | V11: =IF((H11-H10<0), "0",H11-H10) -> 3980 | W11: =IF((I11-I10<0), "0",I11-I10) -> 2860 | X11: =IF((J11-J10<0), "0",J11-J10) -> 4800 | ... AC11: =IF((O11-O10<0), "0",O11-O10) -> 11250 | AD11: =SUM(Q11:AC11) -> 53600 | AF11: =Q11*$D$39 -> 2.95 | AG11: =R11*$D$39 -> 9.25 | AH11: =S11*$D$39 -> 14.75 | AI11: =T11*$D$39 -> 7.15 | AJ11: =U11*$D$39 -> 25.8 | AK11: =V11*$D$39 -> 19.9 | AL11: =W11*$D$39 -> 14.3 | AM11: =X11*$D$39 -> 24 | ... AR11: =AC11*$D$39 -> 56.25 | AS11: =SUM(AF11:AR11) -> 268 | AV11: 0 | AW11: =(AV12-AV11)*1000 -> 0 | AX11: =AW11*$AX$44 -> 0 | AY11: 354574 | AZ11: =(IF((AY11-AY10<0),"0",AY11-AY10))*100 -> 176500 | BA11: =AZ11*$AZ$44*60% -> 481.845 | BB11: =BA11*0.4444 -> 214.13192
A12: 44901 | B12: 130 | C12: 8642270 | D12: 21031090 | E12: 3852080 | F12: 4382220 | G12: 12941770 | H12: 7677880 | I12: 6647620 | J12: 8295730 | K12: 12029060 | L12: 5250630 | M12: 9581350 | N12: 15949880 | O12: 22325120 | Q12: =IF((C12-C11<0), "0",C12-C11) -> 580 | R12: =IF((D12-D11<0), "0",D12-D11) -> 1840 | S12: =IF((E12-E11<0), "0",E12-E11) -> 2800 | T12: =IF((F12-F11<0), "0",F12-F11) -> 1410 | U12: =IF((G12-G11<0), "0",G12-G11) -> 5220 | V12: =IF((H12-H11<0), "0",H12-H11) -> 3880 | W12: =IF((I12-I11<0), "0",I12-I11) -> 3340 | X12: =IF((J12-J11<0), "0",J12-J11) -> 4830 | ... AC12: =IF((O12-O11<0), "0",O12-O11) -> 11210 | AD12: =SUM(Q12:AC12) -> 53450 | AF12: =Q12*$D$39 -> 2.9 | AG12: =R12*$D$39 -> 9.2 | AH12: =S12*$D$39 -> 14 | AI12: =T12*$D$39 -> 7.05 | AJ12: =U12*$D$39 -> 26.1 | AK12: =V12*$D$39 -> 19.4 | AL12: =W12*$D$39 -> 16.7 | AM12: =X12*$D$39 -> 24.15 | ... AR12: =AC12*$D$39 -> 56.05 | AS12: =SUM(AF12:AR12) -> 267.25 | AV12: 0 | AW12: =(AV13-AV12)*1000 -> 0 | AX12: =AW12*$AX$44 -> 0 | AY12: 355266 | AZ12: =(IF((AY12-AY11<0),"0",AY12-AY11))*100 -> 69200 | BA12: =AZ12*$AZ$44*60% -> 188.916 | BB12: =BA12*0.4444 -> 83.95427
A13: 44902 | B13: 109 | C13: 8642850 | D13: 21032920 | E13: 3855070 | F13: 4383640 | G13: 12947560 | H13: 7681960 | I13: 6650920 | J13: 8300510 | K13: 12034750 | L13: 5253080 | M13: 9584660 | N13: 15957520 | O13: 22336280 | Q13: =IF((C13-C12<0), "0",C13-C12) -> 580 | R13: =IF((D13-D12<0), "0",D13-D12) -> 1830 | S13: =IF((E13-E12<0), "0",E13-E12) -> 2990 | T13: =IF((F13-F12<0), "0",F13-F12) -> 1420 | U13: =IF((G13-G12<0), "0",G13-G12) -> 5790 | V13: =IF((H13-H12<0), "0",H13-H12) -> 4080 | W13: =IF((I13-I12<0), "0",I13-I12) -> 3300 | X13: =IF((J13-J12<0), "0",J13-J12) -> 4780 | ... AC13: =IF((O13-O12<0), "0",O13-O12) -> 11160 | AD13: =SUM(Q13:AC13) -> 55020 | AF13: =Q13*$D$39 -> 2.9 | AG13: =R13*$D$39 -> 9.15 | AH13: =S13*$D$39 -> 14.95 | AI13: =T13*$D$39 -> 7.1 | AJ13: =U13*$D$39 -> 28.95 | AK13: =V13*$D$39 -> 20.4 | AL13: =W13*$D$39 -> 16.5 | AM13: =X13*$D$39 -> 23.9 | ... AR13: =AC13*$D$39 -> 55.8 | AS13: =SUM(AF13:AR13) -> 275.1 | AV13: 0 | AW13: =(AV14-AV13)*1000 -> 0 | AX13: =AW13*$AX$44 -> 0 | AY13: 355780 | AZ13: =(IF((AY13-AY12<0),"0",AY13-AY12))*100 -> 51400 | BA13: =AZ13*$AZ$44*60% -> 140.322 | BB13: =BA13*0.4444 -> 62.359097
A14: 44903 | B14: 159 | C14: 8643440 | D14: 21034800 | E14: 3858150 | F14: 4385090 | G14: 12953260 | H14: 7686210 | I14: 6654490 | J14: 8305470 | K14: 12040730 | L14: 5255680 | M14: 9588240 | N14: 15965410 | O14: 22348840 | Q14: =IF((C14-C13<0), "0",C14-C13) -> 590 | R14: =IF((D14-D13<0), "0",D14-D13) -> 1880 | S14: =IF((E14-E13<0), "0",E14-E13) -> 3080 | T14: =IF((F14-F13<0), "0",F14-F13) -> 1450 | U14: =IF((G14-G13<0), "0",G14-G13) -> 5700 | V14: =IF((H14-H13<0), "0",H14-H13) -> 4250 | W14: =IF((I14-I13<0), "0",I14-I13) -> 3570 | X14: =IF((J14-J13<0), "0",J14-J13) -> 4960 | ... AC14: =IF((O14-O13<0), "0",O14-O13) -> 12560 | AD14: =SUM(Q14:AC14) -> 58090 | AF14: =Q14*$D$39 -> 2.95 | AG14: =R14*$D$39 -> 9.4 | AH14: =S14*$D$39 -> 15.4 | AI14: =T14*$D$39 -> 7.25 | AJ14: =U14*$D$39 -> 28.5 | AK14: =V14*$D$39 -> 21.25 | AL14: =W14*$D$39 -> 17.85 | AM14: =X14*$D$39 -> 24.8 | ... AR14: =AC14*$D$39 -> 62.8 | AS14: =SUM(AF14:AR14) -> 290.45 | AV14: 0 | AW14: =(AV15-AV14)*1000 -> 0 | AX14: =AW14*$AX$44 -> 0 | AY14: 355780 | AZ14: =(IF((AY14-AY13<0),"0",AY14-AY13))*100 -> 0 | BA14: =AZ14*$AZ$44*60% -> 0 | BB14: =BA14*0.4444 -> 0
A15: 44904 | B15: 124 | C15: 8644030 | D15: 21036650 | E15: 3861100 | F15: 4386520 | G15: 12959580 | H15: 7690430 | I15: 6657790 | J15: 8310240 | K15: 12046810 | L15: 5258300 | M15: 9591880 | N15: 15973270 | O15: 22362390 | Q15: =IF((C15-C14<0), "0",C15-C14) -> 590 | R15: =IF((D15-D14<0), "0",D15-D14) -> 1850 | S15: =IF((E15-E14<0), "0",E15-E14) -> 2950 | T15: =IF((F15-F14<0), "0",F15-F14) -> 1430 | U15: =IF((G15-G14<0), "0",G15-G14) -> 6320 | V15: =IF((H15-H14<0), "0",H15-H14) -> 4220 | W15: =IF((I15-I14<0), "0",I15-I14) -> 3300 | X15: =IF((J15-J14<0), "0",J15-J14) -> 4770 | ... AC15: =IF((O15-O14<0), "0",O15-O14) -> 13550 | AD15: =SUM(Q15:AC15) -> 59180 | AF15: =Q15*$D$39 -> 2.95 | AG15: =R15*$D$39 -> 9.25 | AH15: =S15*$D$39 -> 14.75 | AI15: =T15*$D$39 -> 7.15 | AJ15: =U15*$D$39 -> 31.6 | AK15: =V15*$D$39 -> 21.1 | AL15: =W15*$D$39 -> 16.5 | AM15: =X15*$D$39 -> 23.85 | ... AR15: =AC15*$D$39 -> 67.75 | AS15: =SUM(AF15:AR15) -> 295.9 | AV15: 0 | AW15: =(AV16-AV15)*1000 -> 0 | AX15: =AW15*$AX$44 -> 0 | AY15: 355780 | AZ15: =(IF((AY15-AY14<0),"0",AY15-AY14))*100 -> 0 | BA15: =AZ15*$AZ$44*60% -> 0 | BB15: =BA15*0.4444 -> 0
A16: 44905 | B16: 76 | C16: 8644610 | D16: 21038500 | E16: 3863920 | F16: 4387950 | G16: 12965490 | H16: 7694620 | I16: 6661020 | J16: 8315010 | K16: 12052600 | L16: 5260750 | M16: 9595350 | N16: 15981010 | O16: 22375750 | Q16: =IF((C16-C15<0), "0",C16-C15) -> 580 | R16: =IF((D16-D15<0), "0",D16-D15) -> 1850 | S16: =IF((E16-E15<0), "0",E16-E15) -> 2820 | T16: =IF((F16-F15<0), "0",F16-F15) -> 1430 | U16: =IF((G16-G15<0), "0",G16-G15) -> 5910 | V16: =IF((H16-H15<0), "0",H16-H15) -> 4190 | W16: =IF((I16-I15<0), "0",I16-I15) -> 3230 | X16: =IF((J16-J15<0), "0",J16-J15) -> 4770 | ... AC16: =IF((O16-O15<0), "0",O16-O15) -> 13360 | AD16: =SUM(Q16:AC16) -> 57590 | AF16: =Q16*$D$39 -> 2.9 | AG16: =R16*$D$39 -> 9.25 | AH16: =S16*$D$39 -> 14.1 | AI16: =T16*$D$39 -> 7.15 | AJ16: =U16*$D$39 -> 29.55 | AK16: =V16*$D$39 -> 20.95 | AL16: =W16*$D$39 -> 16.15 | AM16: =X16*$D$39 -> 23.85 | ... AR16: =AC16*$D$39 -> 66.8 | AS16: =SUM(AF16:AR16) -> 287.95 | AV16: 0 | AW16: =(AV17-AV16)*1000 -> 0 | AX16: =AW16*$AX$44 -> 0 | AY16: 355780 | AZ16: =(IF((AY16-AY15<0),"0",AY16-AY15))*100 -> 0 | BA16: =AZ16*$AZ$44*60% -> 0 | BB16: =BA16*0.4444 -> 0
A17: 44906 | B17: 77 | C17: 8645200 | D17: 21040350 | E17: 3866650 | F17: 4389370 | G17: 12970950 | H17: 7698690 | I17: 6664400 | J17: 8319500 | K17: 12058090 | L17: 5263090 | M17: 9598640 | N17: 15988840 | O17: 22388440 | Q17: =IF((C17-C16<0), "0",C17-C16) -> 590 | R17: =IF((D17-D16<0), "0",D17-D16) -> 1850 | S17: =IF((E17-E16<0), "0",E17-E16) -> 2730 | T17: =IF((F17-F16<0), "0",F17-F16) -> 1420 | U17: =IF((G17-G16<0), "0",G17-G16) -> 5460 | V17: =IF((H17-H16<0), "0",H17-H16) -> 4070 | W17: =IF((I17-I16<0), "0",I17-I16) -> 3380 | X17: =IF((J17-J16<0), "0",J17-J16) -> 4490 | ... AC17: =IF((O17-O16<0), "0",O17-O16) -> 12690 | AD17: =SUM(Q17:AC17) -> 55630 | AF17: =Q17*$D$39 -> 2.95 | AG17: =R17*$D$39 -> 9.25 | AH17: =S17*$D$39 -> 13.65 | AI17: =T17*$D$39 -> 7.1 | AJ17: =U17*$D$39 -> 27.3 | AK17: =V17*$D$39 -> 20.35 | AL17: =W17*$D$39 -> 16.9 | AM17: =X17*$D$39 -> 22.45 | ... AR17: =AC17*$D$39 -> 63.45 | AS17: =SUM(AF17:AR17) -> 278.15 | AV17: 0 | AW17: =(AV18-AV17)*1000 -> 0 | AX17: =AW17*$AX$44 -> 0 | AY17: 355780 | AZ17: =(IF((AY17-AY16<0),"0",AY17-AY16))*100 -> 0 | BA17: =AZ17*$AZ$44*60% -> 0 | BB17: =BA17*0.4444 -> 0
A18: 44907 | B18: 79 | C18: 8645810 | D18: 21042270 | E18: 3869740 | F18: 4390850 | G18: 12976510 | H18: 7702810 | I18: 6668160 | J18: 8324640 | K18: 12063890 | L18: 5265420 | M18: 9601960 | N18: 15996770 | O18: 22399770 | Q18: =IF((C18-C17<0), "0",C18-C17) -> 610 | R18: =IF((D18-D17<0), "0",D18-D17) -> 1920 | S18: =IF((E18-E17<0), "0",E18-E17) -> 3090 | T18: =IF((F18-F17<0), "0",F18-F17) -> 1480 | U18: =IF((G18-G17<0), "0",G18-G17) -> 5560 | V18: =IF((H18-H17<0), "0",H18-H17) -> 4120 | W18: =IF((I18-I17<0), "0",I18-I17) -> 3760 | X18: =IF((J18-J17<0), "0",J18-J17) -> 5140 | ... AC18: =IF((O18-O17<0), "0",O18-O17) -> 11330 | AD18: =SUM(Q18:AC18) -> 56390 | AF18: =Q18*$D$39 -> 3.05 | AG18: =R18*$D$39 -> 9.6 | AH18: =S18*$D$39 -> 15.45 | AI18: =T18*$D$39 -> 7.4 | AJ18: =U18*$D$39 -> 27.8 | AK18: =V18*$D$39 -> 20.6 | AL18: =W18*$D$39 -> 18.8 | AM18: =X18*$D$39 -> 25.7 | ... AR18: =AC18*$D$39 -> 56.65 | AS18: =SUM(AF18:AR18) -> 281.95 | AV18: 0 | AW18: =(AV19-AV18)*1000 -> 0 | AX18: =AW18*$AX$44 -> 0 | AY18: 355780 | AZ18: =(IF((AY18-AY17<0),"0",AY18-AY17))*100 -> 0 | BA18: =AZ18*$AZ$44*60% -> 0 | BB18: =BA18*0.4444 -> 0
A19: 44908 | B19: 68 | C19: 8646380 | D19: 21044080 | E19: 3872790 | F19: 4392250 | G19: 12981410 | H19: 7706740 | I19: 6671440 | J19: 8329550 | K19: 12069570 | L19: 5267700 | M19: 9604460 | N19: 16004520 | O19: 22411480 | Q19: =IF((C19-C18<0), "0",C19-C18) -> 570 | R19: =IF((D19-D18<0), "0",D19-D18) -> 1810 | S19: =IF((E19-E18<0), "0",E19-E18) -> 3050 | T19: =IF((F19-F18<0), "0",F19-F18) -> 1400 | U19: =IF((G19-G18<0), "0",G19-G18) -> 4900 | V19: =IF((H19-H18<0), "0",H19-H18) -> 3930 | W19: =IF((I19-I18<0), "0",I19-I18) -> 3280 | X19: =IF((J19-J18<0), "0",J19-J18) -> 4910 | ... AC19: =IF((O19-O18<0), "0",O19-O18) -> 11710 | AD19: =SUM(Q19:AC19) -> 53770 | AF19: =Q19*$D$39 -> 2.85 | AG19: =R19*$D$39 -> 9.05 | AH19: =S19*$D$39 -> 15.25 | AI19: =T19*$D$39 -> 7 | AJ19: =U19*$D$39 -> 24.5 | AK19: =V19*$D$39 -> 19.65 | AL19: =W19*$D$39 -> 16.4 | AM19: =X19*$D$39 -> 24.55 | ... AR19: =AC19*$D$39 -> 58.55 | AS19: =SUM(AF19:AR19) -> 268.85 | AV19: 0 | AW19: =(AV20-AV19)*1000 -> 0 | AX19: =AW19*$AX$44 -> 0 | AY19: 355780 | AZ19: =(IF((AY19-AY18<0),"0",AY19-AY18))*100 -> 0 | BA19: =AZ19*$AZ$44*60% -> 0 | BB19: =BA19*0.4444 -> 0
... A37: 44926 | B37: 250 | C37: 8656810 | D37: 21109670 | E37: 3913650 | F37: 4417470 | G37: 13080580 | H37: 7781950 | I37: 6727850 | J37: 8416180 | K37: 12173940 | L37: 5312950 | M37: 9660720 | N37: 16139600 | O37: 22641000 | Q37: =IF((C37-C36<0), "0",C37-C36) -> 560 | R37: =IF((D37-D36<0), "0",D37-D36) -> 9170 | S37: =IF((E37-E36<0), "0",E37-E36) -> 0 | T37: =IF((F37-F36<0), "0",F37-F36) -> 1390 | U37: =IF((G37-G36<0), "0",G37-G36) -> 6350 | V37: =IF((H37-H36<0), "0",H37-H36) -> 4340 | W37: =IF((I37-I36<0), "0",I37-I36) -> 3280 | X37: =IF((J37-J36<0), "0",J37-J36) -> 5190 | ... AC37: =IF((O37-O36<0), "0",O37-O36) -> 12350 | AD37: =SUM(Q37:AC37) -> 62930 | AF37: =Q37*$D$39 -> 2.8 | AG37: =R37*$D$39 -> 45.85 | AH37: =S37*$D$39 -> 0 | AI37: =T37*$D$39 -> 6.95 | AJ37: =U37*$D$39 -> 31.75 | AK37: =V37*$D$39 -> 21.7 | AL37: =W37*$D$39 -> 16.4 | AM37: =X37*$D$39 -> 25.95 | ... AR37: =AC37*$D$39 -> 61.75 | AS37: =SUM(AF37:AR37) -> 314.65 | AV37: 0 | AW37: =(AV38-AV37)*1000 -> 0 | AX37: =AW37*$AX$44 -> 0 | AY37: 362463 | AZ37: =(IF((AY37-AY36<0),"0",AY37-AY36))*100 -> 138900 | BA37: =AZ37*$AZ$44*60% -> 379.197 | BB37: =BA37*0.4444 -> 168.51515
Q38: =SUM(Q7:Q37) -> 18080 | R38: =SUM(R7:R37) -> 89680 | S38: =SUM(S7:S37) -> 81170 | T38: =SUM(T7:T37) -> 43980 | U38: =SUM(U7:U37) -> 171980 | V38: =SUM(V7:V37) -> 128320 | W38: =SUM(W7:W37) -> 98440 | X38: =SUM(X7:X37) -> 148010 | ... AD38: =SUM(AD7:AD37) -> 1756640 | AF38: =SUM(AF7:AF37) -> 90.4 | AG38: =SUM(AG7:AG37) -> 448.4 | AH38: =SUM(AH7:AH37) -> 405.85 | AI38: =SUM(AI7:AI37) -> 219.9 | AJ38: =SUM(AJ7:AJ37) -> 859.9 | AK38: =SUM(AK7:AK37) -> 641.6 | AL38: =SUM(AL7:AL37) -> 492.2 | AM38: =SUM(AM7:AM37) -> 740.05 | ... AT38: =SUM(AT7:AT37) -> 0 | AV38: 0 | AW38: =(AV39-AV38)*1000 -> 0 | AX38: =AW38*$AX$44 -> 0 | AZ38: =(IF((AY38-AY37<0),"0",AY38-AY37))*100 -> 0 | BA38: =SUM(BA7:BA37) -> 4496.037 | BB38: =BA38*0.4444 -> 1998.0388
B39: =SUM(B7:B37) -> 3405 | D39: 0.005 | AV39: 0 | AW39: =(AV40-AV39)*1000 -> 0 | AX39: =AW39*$AX$44 -> 0 | BA39: =AZ39*$AZ$44*60% -> 0
D40: 0.002
AV44: 0.528 | AX44: 0.00379 | AY44: 0.528 | AZ44: 0.00455
AZ46: =0.002/4.5 -> 0.00044444444
AZ47: =AZ46*1000 -> 0.44444444
