Workbook

Sheet TOTAL
A1: Site Name | B1: Day | C1: Month | D1: Year | E1: Total Electricity Kwh | F1: Electricity Tariff ($/Kwh) | G1: LPG (Kg) | H1: LPG $/Kg | I1: Total Fuel Oil (Liters) | J1: Fuel Oil $/Liter | K1: Water Utility Supply (m3) m3 | L1: Water Utility Supply (m3) $/m3 | M1: Room Nights | N1: Food Covers
A2: Bali Jimbaran | B2: 1 | C2: 11 | D2: 2018 | E2: ='FS Jimbaran November 2018'!P12 -> 16420 | F2: ='FS Jimbaran November 2018'!O12/'FS Jimbaran November 2018'!P12 -> 1255.1421 | G2: ='FS Jimbaran November 2018'!AB12 -> 398.51236 | H2: ='FS Jimbaran November 2018'!AC12/'FS Jimbaran November 2018'!AB12 -> 12634.476 | I2: ='FS Jimbaran November 2018'!AE12 -> 769.68 | J2: ='FS Jimbaran November 2018'!AF12/'FS Jimbaran November 2018'!AE12 -> 11500 | K2: ='FS Jimbaran November 2018'!Q12 -> 906 | L2: ='FS Jimbaran November 2018'!V12/'FS Jimbaran November 2018'!Q12 -> 8141.0748 | M2: ='FS Jimbaran November 2018'!C12 -> 142 | N2: ='FS Jimbaran November 2018'!D12 -> 764
A3: Bali Jimbaran | B3: =B2+1 -> 2 | C3: 11 | D3: 2018 | E3: ='FS Jimbaran November 2018'!P13 -> 28560 | F3: ='FS Jimbaran November 2018'!O13/'FS Jimbaran November 2018'!P13 -> 1187.7198 | G3: ='FS Jimbaran November 2018'!AB13 -> 543.75588 | H3: ='FS Jimbaran November 2018'!AC13/'FS Jimbaran November 2018'!AB13 -> 12748.38 | I3: ='FS Jimbaran November 2018'!AE13 -> 601.3 | J3: ='FS Jimbaran November 2018'!AF13/'FS Jimbaran November 2018'!AE13 -> 11500 | K3: ='FS Jimbaran November 2018'!Q13 -> 949 | L3: ='FS Jimbaran November 2018'!V13/'FS Jimbaran November 2018'!Q13 -> 7874.2811 | M3: ='FS Jimbaran November 2018'!C13 -> 139 | N3: ='FS Jimbaran November 2018'!D13 -> 658
A4: Bali Jimbaran | B4: =B3+1 -> 3 | C4: 11 | D4: 2018 | E4: ='FS Jimbaran November 2018'!P14 -> 28340 | F4: ='FS Jimbaran November 2018'!O14/'FS Jimbaran November 2018'!P14 -> 1183.1246 | G4: ='FS Jimbaran November 2018'!AB14 -> 146.29352 | H4: ='FS Jimbaran November 2018'!AC14/'FS Jimbaran November 2018'!AB14 -> 11909.572 | I4: ='FS Jimbaran November 2018'!AE14 -> 512.48 | J4: ='FS Jimbaran November 2018'!AF14/'FS Jimbaran November 2018'!AE14 -> 11500 | K4: ='FS Jimbaran November 2018'!Q14 -> 751.7 | L4: ='FS Jimbaran November 2018'!V14/'FS Jimbaran November 2018'!Q14 -> 8191.3584 | M4: ='FS Jimbaran November 2018'!C14 -> 74 | N4: ='FS Jimbaran November 2018'!D14 -> 651
A5: Bali Jimbaran | B5: =B4+1 -> 4 | C5: 11 | D5: 2018 | E5: ='FS Jimbaran November 2018'!P15 -> 27500 | F5: ='FS Jimbaran November 2018'!O15/'FS Jimbaran November 2018'!P15 -> 1167.4559 | G5: ='FS Jimbaran November 2018'!AB15 -> 12 | H5: ='FS Jimbaran November 2018'!AC15/'FS Jimbaran November 2018'!AB15 -> 66000 | I5: ='FS Jimbaran November 2018'!AE15 -> 590.17 | J5: ='FS Jimbaran November 2018'!AF15/'FS Jimbaran November 2018'!AE15 -> 11500 | K5: ='FS Jimbaran November 2018'!Q15 -> 813.4 | L5: ='FS Jimbaran November 2018'!V15/'FS Jimbaran November 2018'!Q15 -> 7194.7917 | M5: ='FS Jimbaran November 2018'!C15 -> 29 | N5: ='FS Jimbaran November 2018'!D15 -> 582
A6: Bali Jimbaran | B6: =B5+1 -> 5 | C6: 11 | D6: 2018 | E6: ='FS Jimbaran November 2018'!P16 -> 23360 | F6: ='FS Jimbaran November 2018'!O16/'FS Jimbaran November 2018'!P16 -> 1198.84 | G6: ='FS Jimbaran November 2018'!AB16 -> 146.97828 | H6: ='FS Jimbaran November 2018'!AC16/'FS Jimbaran November 2018'!AB16 -> 11909.69 | I6: ='FS Jimbaran November 2018'!AE16 -> 600 | J6: ='FS Jimbaran November 2018'!AF16/'FS Jimbaran November 2018'!AE16 -> 11500 | K6: ='FS Jimbaran November 2018'!Q16 -> 738 | L6: ='FS Jimbaran November 2018'!V16/'FS Jimbaran November 2018'!Q16 -> 5310.9975 | M6: ='FS Jimbaran November 2018'!C16 -> 34 | N6: ='FS Jimbaran November 2018'!D16 -> 265
A7: Bali Jimbaran | B7: =B6+1 -> 6 | C7: 11 | D7: 2018 | E7: ='FS Jimbaran November 2018'!P17 -> 24860 | F7: ='FS Jimbaran November 2018'!O17/'FS Jimbaran November 2018'!P17 -> 1184.689 | G7: ='FS Jimbaran November 2018'!AB17 -> 380.38292 | H7: ='FS Jimbaran November 2018'!AC17/'FS Jimbaran November 2018'!AB17 -> 12658.035 | I7: ='FS Jimbaran November 2018'!AE17 -> 416.33 | J7: ='FS Jimbaran November 2018'!AF17/'FS Jimbaran November 2018'!AE17 -> 11500 | K7: ='FS Jimbaran November 2018'!Q17 -> 954.9 | L7: ='FS Jimbaran November 2018'!V17/'FS Jimbaran November 2018'!Q17 -> 10491.53 | M7: ='FS Jimbaran November 2018'!C17 -> 42 | N7: ='FS Jimbaran November 2018'!D17 -> 267
A8: Bali Jimbaran | B8: =B7+1 -> 7 | C8: 11 | D8: 2018 | E8: ='FS Jimbaran November 2018'!P18 -> 24040 | F8: ='FS Jimbaran November 2018'!O18/'FS Jimbaran November 2018'!P18 -> 1188.4541 | G8: ='FS Jimbaran November 2018'!AB18 -> 525.99584 | H8: ='FS Jimbaran November 2018'!AC18/'FS Jimbaran November 2018'!AB18 -> 12782.915 | I8: ='FS Jimbaran November 2018'!AE18 -> 616.66 | J8: ='FS Jimbaran November 2018'!AF18/'FS Jimbaran November 2018'!AE18 -> 11500 | K8: ='FS Jimbaran November 2018'!Q18 -> 450 | L8: ='FS Jimbaran November 2018'!V18/'FS Jimbaran November 2018'!Q18 -> 12581.139 | M8: ='FS Jimbaran November 2018'!C18 -> 52 | N8: ='FS Jimbaran November 2018'!D18 -> 311
A9: Bali Jimbaran | B9: =B8+1 -> 8 | C9: 11 | D9: 2018 | E9: ='FS Jimbaran November 2018'!P19 -> 25720 | F9: ='FS Jimbaran November 2018'!O19/'FS Jimbaran November 2018'!P19 -> 1179.7502 | G9: ='FS Jimbaran November 2018'!AB19 -> 175.32508 | H9: ='FS Jimbaran November 2018'!AC19/'FS Jimbaran November 2018'!AB19 -> 11850.129 | I9: ='FS Jimbaran November 2018'!AE19 -> 767.41 | J9: ='FS Jimbaran November 2018'!AF19/'FS Jimbaran November 2018'!AE19 -> 11500 | K9: ='FS Jimbaran November 2018'!Q19 -> 706 | L9: ='FS Jimbaran November 2018'!V19/'FS Jimbaran November 2018'!Q19 -> 9673.7649 | M9: ='FS Jimbaran November 2018'!C19 -> 54 | N9: ='FS Jimbaran November 2018'!D19 -> 351
A10: Bali Jimbaran | B10: =B9+1 -> 9 | C10: 11 | D10: 2018 | E10: ='FS Jimbaran November 2018'!P20 -> 24680 | F10: ='FS Jimbaran November 2018'!O20/'FS Jimbaran November 2018'!P20 -> 1181.4313 | G10: ='FS Jimbaran November 2018'!AB20 -> 133.4442 | H10: ='FS Jimbaran November 2018'!AC20/'FS Jimbaran November 2018'!AB20 -> 11907.123 | I10: ='FS Jimbaran November 2018'!AE20 -> 558.75 | J10: ='FS Jimbaran November 2018'!AF20/'FS Jimbaran November 2018'!AE20 -> 11500 | K10: ='FS Jimbaran November 2018'!Q20 -> 750 | L10: ='FS Jimbaran November 2018'!V20/'FS Jimbaran November 2018'!Q20 -> 9718.7632 | M10: ='FS Jimbaran November 2018'!C20 -> 42 | N10: ='FS Jimbaran November 2018'!D20 -> 385
A11: Bali Jimbaran | B11: =B10+1 -> 10 | C11: 11 | D11: 2018 | E11: ='FS Jimbaran November 2018'!P21 -> 24040 | F11: ='FS Jimbaran November 2018'!O21/'FS Jimbaran November 2018'!P21 -> 1183.0253 | G11: ='FS Jimbaran November 2018'!AB21 -> 115.36192 | H11: ='FS Jimbaran November 2018'!AC21/'FS Jimbaran November 2018'!AB21 -> 17591.113 | I11: ='FS Jimbaran November 2018'!AE21 -> 576.7 | J11: ='FS Jimbaran November 2018'!AF21/'FS Jimbaran November 2018'!AE21 -> 11500 | K11: ='FS Jimbaran November 2018'!Q21 -> 807 | L11: ='FS Jimbaran November 2018'!V21/'FS Jimbaran November 2018'!Q21 -> 9710.4214 | M11: ='FS Jimbaran November 2018'!C21 -> 29 | N11: ='FS Jimbaran November 2018'!D21 -> 308
A12: Bali Jimbaran | B12: =B11+1 -> 11 | C12: 11 | D12: 2018 | E12: ='FS Jimbaran November 2018'!P22 -> 24620 | F12: ='FS Jimbaran November 2018'!O22/'FS Jimbaran November 2018'!P22 -> 1182.9853 | G12: ='FS Jimbaran November 2018'!AB22 -> 361.85756 | H12: ='FS Jimbaran November 2018'!AC22/'FS Jimbaran November 2018'!AB22 -> 12705.331 | I12: ='FS Jimbaran November 2018'!AE22 -> 466.4 | J12: ='FS Jimbaran November 2018'!AF22/'FS Jimbaran November 2018'!AE22 -> 11500 | K12: ='FS Jimbaran November 2018'!Q22 -> 659 | L12: ='FS Jimbaran November 2018'!V22/'FS Jimbaran November 2018'!Q22 -> 8860.8656 | M12: ='FS Jimbaran November 2018'!C22 -> 35 | N12: ='FS Jimbaran November 2018'!D22 -> 241
A13: Bali Jimbaran | B13: =B12+1 -> 12 | C13: 11 | D13: 2018 | E13: ='FS Jimbaran November 2018'!P23 -> 25320 | F13: ='FS Jimbaran November 2018'!O23/'FS Jimbaran November 2018'!P23 -> 1182.495 | G13: ='FS Jimbaran November 2018'!AB23 -> 529.33564 | H13: ='FS Jimbaran November 2018'!AC23/'FS Jimbaran November 2018'!AB23 -> 12770.538 | I13: ='FS Jimbaran November 2018'!AE23 -> 511.75 | J13: ='FS Jimbaran November 2018'!AF23/'FS Jimbaran November 2018'!AE23 -> 11500 | K13: ='FS Jimbaran November 2018'!Q23 -> 827 | L13: ='FS Jimbaran November 2018'!V23/'FS Jimbaran November 2018'!Q23 -> 8980.7893 | M13: ='FS Jimbaran November 2018'!C23 -> 35 | N13: ='FS Jimbaran November 2018'!D23 -> 260
A14: Bali Jimbaran | B14: =B13+1 -> 13 | C14: 11 | D14: 2018 | E14: ='FS Jimbaran November 2018'!P24 -> 22880 | F14: ='FS Jimbaran November 2018'!O24/'FS Jimbaran November 2018'!P24 -> 1189.7663 | G14: ='FS Jimbaran November 2018'!AB24 -> 160.98884 | H14: ='FS Jimbaran November 2018'!AC24/'FS Jimbaran November 2018'!AB24 -> 11865.678 | I14: ='FS Jimbaran November 2018'!AE24 -> 3138.85 | J14: ='FS Jimbaran November 2018'!AF24/'FS Jimbaran November 2018'!AE24 -> 11500 | K14: ='FS Jimbaran November 2018'!Q24 -> 632 | L14: ='FS Jimbaran November 2018'!V24/'FS Jimbaran November 2018'!Q24 -> 10799.143 | M14: ='FS Jimbaran November 2018'!C24 -> 32 | N14: ='FS Jimbaran November 2018'!D24 -> 426
... A31: Bali Jimbaran | B31: =B30+1 -> 30 | C31: 11 | D31: 2018 | E31: ='FS Jimbaran November 2018'!P41 -> 31740 | F31: ='FS Jimbaran November 2018'!O41/'FS Jimbaran November 2018'!P41 -> 1153.7003 | G31: ='FS Jimbaran November 2018'!AB41 -> 127.52304 | H31: ='FS Jimbaran November 2018'!AC41/'FS Jimbaran November 2018'!AB41 -> 11905.829 | I31: ='FS Jimbaran November 2018'!AE41 -> 617.2 | J31: ='FS Jimbaran November 2018'!AF41/'FS Jimbaran November 2018'!AE41 -> 11500 | K31: ='FS Jimbaran November 2018'!Q41 -> 536 | L31: ='FS Jimbaran November 2018'!V41/'FS Jimbaran November 2018'!Q41 -> 11863.501 | M31: ='FS Jimbaran November 2018'!C41 -> 25 | N31: ='FS Jimbaran November 2018'!D41 -> 300

Sheet FS Jimbaran November 2018
B6: Four Seasons Resort Bali at Jimbaran Bay
B7: NOVEMBER 2018
B8: Date | C8: Room Nights | D8: Food Covers | E8: ELECTRICITY Resort, Sundara & Residences | Q8: WATER | X8: GAS
E9: Electricity Resort | J9: Electricity - Sundara | O9: Sub Total (Resort & Sundara) Cost (IDR) | P9: Sub Total (Resort & Sundara), KWh | R9: Water (m3) | V9: Total Water Cost | X9: LPG | AE9: Diesel
E10: BASED LOAD KWh (from 10 pm - 6 pm) | F10: Cost (IDR) | G10: PEAK LOAD KWh (from 6 pm - 10 pm) | H10: Cost (IDR) | I10: Resort Cost (IDR) | J10: BASED LOAD KWh (from 10 pm - 6 pm) | K10: Cost (IDR) | L10: PEAK LOAD KWh (from 6 pm - 10 pm) | M10: Cost (IDR) | N10: Sundara Cost (IDR) | Q10: Water consumption (m3) | R10: Municipal Water (m3) | S10: Municipal Water cost (IDR) | T10: Deepwell Consumption (m3) | U10: Deepwell water Cost (IDR) | V10: IDR | W10: USD | X10: LPG Bulk (m3) | Y10: 50 Kg (tube) IVD & TW | Z10: Sundara 50 kg (tube) | AA10: 12 Kg (tube) | AB10: Total kg | AC10: IDR | AD10: USD | AE10: Used (liters) | AF10: IDR | AG10: USD
D11: `
B12: 1 | C12: 142 | D12: 764 | E12: 10240 | F12: 11136707 | G12: 4520 | H12: 7373717.8 | I12: =H12+F12 -> 18510424 | J12: 1120 | K12: 1218077.3 | L12: 540 | M12: 880930.89 | N12: =M12+K12 -> 2099008.2 | O12: =N12+I12 -> 20609433 | P12: =L12+J12+G12+E12 -> 16420 | Q12: =R12+T12 -> 906 | R12: 234 | S12: 4205022.1 | T12: 672 | U12: 3170791.7 | V12: =U12+S12 -> 7375813.8 | W12: =V12/$AG$47 -> 568.41574 | X12: 148.51236 | Y12: 250 | AA12: 0 | AB12: =SUM(X12:AA12) -> 398.51236 | AC12: 5034995 | AD12: =AC12/$AG$47 -> 388.02097 | AE12: 769.68 | AF12: 8851320 | AG12: =AF12/$AG$47 -> 682.12536
B13: 2 | C13: 139 | D13: 658 | E13: 21080 | F13: 22925955 | G13: 4760 | H13: 7765242.7 | I13: =H13+F13 -> 30691197 | J13: 2220 | K13: 2414403.2 | L13: 500 | M13: 815676.75 | N13: =M13+K13 -> 3230079.9 | O13: =N13+I13 -> 33921277 | P13: =L13+J13+G13+E13 -> 28560 | Q13: =R13+T13 -> 949 | R13: 226 | S13: 4061260.7 | T13: 723 | U13: 3411432.1 | V13: =U13+S13 -> 7472692.8 | W13: =V13/$AG$47 -> 575.8817 | X13: 131.75588 | Z13: 400 | AA13: 12 | AB13: =SUM(X13:AA13) -> 543.75588 | AC13: 6932006.4 | AD13: =AC13/$AG$47 -> 534.21381 | AE13: 601.3 | AF13: 6914950 | AG13: =AF13/$AG$47 -> 532.89936
B14: 3 | C14: 74 | D14: 651 | E14: 20960 | F14: 22795446 | G14: 4520 | H14: 7373717.8 | I14: =H14+F14 -> 30169164 | J14: 2400 | K14: 2610165.6 | L14: 460 | M14: 750422.61 | N14: =M14+K14 -> 3360588.2 | O14: =N14+I14 -> 33529752 | P14: =L14+J14+G14+E14 -> 28340 | Q14: =R14+T14 -> 751.7 | R14: 197 | S14: 3540125.5 | T14: 554.7 | U14: 2617318.7 | V14: =U14+S14 -> 6157444.1 | W14: =V14/$AG$47 -> 474.5223 | X14: 134.29352 | AA14: 12 | AB14: =SUM(X14:AA14) -> 146.29352 | AC14: 1742293.2 | AD14: =AC14/$AG$47 -> 134.2695 | AE14: 512.48 | AF14: 5893520 | AG14: =AF14/$AG$47 -> 454.18304
B15: 4 | C15: 29 | D15: 582 | E15: 21760 | F15: 23665501 | G15: 3640 | H15: 5938126.7 | I15: =H15+F15 -> 29603628 | J15: 1700 | K15: 1848867.3 | L15: 400 | M15: 652541.4 | N15: =M15+K15 -> 2501408.7 | O15: =N15+I15 -> 32105037 | P15: =L15+J15+G15+E15 -> 27500 | Q15: =R15+T15 -> 813.4 | R15: 152 | S15: 2731467.4 | T15: 661.4 | U15: 3120776.2 | V15: =U15+S15 -> 5852243.6 | W15: =V15/$AG$47 -> 451.00208 | X15: 0 | AA15: 12 | AB15: =SUM(X15:AA15) -> 12 | AC15: 792000 | AD15: =AC15/$AG$47 -> 61.035335 | AE15: 590.17 | AF15: 6786955 | AG15: =AF15/$AG$47 -> 523.03544
B16: 5 | C16: 34 | D16: 265 | E16: 16800 | F16: 18271159 | G16: 4320 | H16: 7047447.1 | I16: =H16+F16 -> 25318606 | J16: 1780 | K16: 1935872.8 | L16: 460 | M16: 750422.61 | N16: =M16+K16 -> 2686295.4 | O16: =N16+I16 -> 28004902 | P16: =L16+J16+G16+E16 -> 23360 | Q16: =R16+T16 -> 738 | R16: 33 | S16: 593015.94 | T16: 705 | U16: 3326500.2 | V16: =U16+S16 -> 3919516.1 | W16: =V16/$AG$47 -> 302.05679 | X16: 134.97828 | AA16: 12 | AB16: =SUM(X16:AA16) -> 146.97828 | AC16: 1750465.8 | AD16: =AC16/$AG$47 -> 134.89932 | AE16: 600 | AF16: 6900000 | AG16: =AF16/$AG$47 -> 531.74724
B17: 6 | C17: 42 | D17: 267 | E17: 18520 | F17: 20141778 | G17: 4040 | H17: 6590668.1 | I17: =H17+F17 -> 26732446 | J17: 1900 | K17: 2066381.1 | L17: 400 | M17: 652541.4 | N17: =M17+K17 -> 2718922.5 | O17: =N17+I17 -> 29451369 | P17: =L17+J17+G17+E17 -> 24860 | Q17: =R17+T17 -> 954.9 | R17: 416 | S17: 7475594.9 | T17: 538.9 | U17: 2542767.3 | V17: =U17+S17 -> 10018362 | W17: =V17/$AG$47 -> 772.06325 | X17: 118.38292 | Y17: 250 | AA17: 12 | AB17: =SUM(X17:AA17) -> 380.38292 | AC17: 4814900.2 | AD17: =AC17/$AG$47 -> 371.0594 | AE17: 416.33 | AF17: 4787795 | AG17: =AF17/$AG$47 -> 368.97055
B18: 7 | C18: 52 | D18: 311 | E18: 17880 | F18: 19445734 | G18: 3840 | H18: 6264397.4 | I18: =H18+F18 -> 25710131 | J18: 1700 | K18: 1848867.3 | L18: 620 | M18: 1011439.2 | N18: =M18+K18 -> 2860306.5 | O18: =N18+I18 -> 28570438 | P18: =L18+J18+G18+E18 -> 24040 | Q18: =R18+T18 -> 450 | R18: 267 | S18: 4798038.1 | T18: 183 | U18: 863474.52 | V18: =U18+S18 -> 5661512.6 | W18: =V18/$AG$47 -> 436.30343 | X18: 125.99584 | Z18: 400 | AA18: 0 | AB18: =SUM(X18:AA18) -> 525.99584 | AC18: 6723760.4 | AD18: =AC18/$AG$47 -> 518.16536 | AE18: 616.66 | AF18: 7091590 | AG18: =AF18/$AG$47 -> 546.51208
B19: 8 | C19: 54 | D19: 351 | E19: 19480 | F19: 21185844 | G19: 4040 | H19: 6590668.1 | I19: =H19+F19 -> 27776512 | J19: 1880 | K19: 2044629.7 | L19: 320 | M19: 522033.12 | N19: =M19+K19 -> 2566662.8 | O19: =N19+I19 -> 30343175 | P19: =L19+J19+G19+E19 -> 25720 | Q19: =R19+T19 -> 706 | R19: 264 | S19: 4744127.5 | T19: 442 | U19: 2085550.5 | V19: =U19+S19 -> 6829678 | W19: =V19/$AG$47 -> 526.32788 | X19: 127.32508 | AA19: 48 | AB19: =SUM(X19:AA19) -> 175.32508 | AC19: 2077624.8 | AD19: =AC19/$AG$47 -> 160.11178 | AE19: 767.41 | AF19: 8825215 | AG19: =AF19/$AG$47 -> 680.11358
B20: 9 | C20: 42 | D20: 385 | E20: 18520 | F20: 20141778 | G20: 3800 | H20: 6199143.3 | I20: =H20+F20 -> 26340921 | J20: 1900 | K20: 2066381.1 | L20: 460 | M20: 750422.61 | N20: =M20+K20 -> 2816803.7 | O20: =N20+I20 -> 29157725 | P20: =L20+J20+G20+E20 -> 24680 | Q20: =R20+T20 -> 750 | R20: 283 | S20: 5085560.9 | T20: 467 | U20: 2203511.5 | V20: =U20+S20 -> 7289072.4 | W20: =V20/$AG$47 -> 561.73103 | X20: 121.4442 | AA20: 12 | AB20: =SUM(X20:AA20) -> 133.4442 | AC20: 1588936.5 | AD20: =AC20/$AG$47 -> 122.4511 | AE20: 558.75 | AF20: 6425625 | AG20: =AF20/$AG$47 -> 495.18961
B21: 10 | C21: 29 | D21: 308 | E21: 17920 | F21: 19489236 | G21: 3760 | H21: 6133889.2 | I21: =H21+F21 -> 25623126 | J21: 1900 | K21: 2066381.1 | L21: 460 | M21: 750422.61 | N21: =M21+K21 -> 2816803.7 | O21: =N21+I21 -> 28439929 | P21: =L21+J21+G21+E21 -> 24040 | Q21: =R21+T21 -> 807 | R21: 304 | S21: 5462934.7 | T21: 503 | U21: 2373375.3 | V21: =U21+S21 -> 7836310 | W21: =V21/$AG$47 -> 603.9038 | X21: 115.36192 | AA21: 0 | AB21: =SUM(X21:AA21) -> 115.36192 | AC21: 2029344.5 | AD21: =AC21/$AG$47 -> 156.39106 | AE21: 576.7 | AF21: 6632050 | AG21: =AF21/$AG$47 -> 511.09772
B22: 11 | C22: 35 | D22: 241 | E22: 18360 | F22: 19967767 | G22: 3880 | H22: 6329651.6 | I22: =H22+F22 -> 26297418 | J22: 1940 | K22: 2109883.9 | L22: 440 | M22: 717795.54 | N22: =M22+K22 -> 2827679.4 | O22: =N22+I22 -> 29125098 | P22: =L22+J22+G22+E22 -> 24620 | Q22: =R22+T22 -> 659 | R22: 206 | S22: 3701857.1 | T22: 453 | U22: 2137453.3 | V22: =U22+S22 -> 5839310.4 | W22: =V22/$AG$47 -> 450.00539 | X22: 111.85756 | Y22: 250 | AA22: 0 | AB22: =SUM(X22:AA22) -> 361.85756 | AC22: 4597520 | AD22: =AC22/$AG$47 -> 354.30704 | AE22: 466.4 | AF22: 5363600 | AG22: =AF22/$AG$47 -> 413.34485
B23: 12 | C23: 35 | D23: 260 | E23: 18800 | F23: 20446297 | G23: 3960 | H23: 6460159.9 | I23: =H23+F23 -> 26906457 | J23: 2100 | K23: 2283894.9 | L23: 460 | M23: 750422.61 | N23: =M23+K23 -> 3034317.5 | O23: =N23+I23 -> 29940775 | P23: =L23+J23+G23+E23 -> 25320 | Q23: =R23+T23 -> 827 | R23: 266 | S23: 4780067.9 | T23: 561 | U23: 2647044.8 | V23: =U23+S23 -> 7427112.7 | W23: =V23/$AG$47 -> 572.36908 | X23: 117.33564 | Z23: 400 | AA23: 12 | AB23: =SUM(X23:AA23) -> 529.33564 | AC23: 6759900.9 | AD23: =AC23/$AG$47 -> 520.95052 | AE23: 511.75 | AF23: 5885125 | AG23: =AF23/$AG$47 -> 453.53608
B24: 13 | C24: 32 | D24: 426 | E24: 16640 | F24: 18097148 | G24: 3840 | H24: 6264397.4 | I24: =H24+F24 -> 24361546 | J24: 1940 | K24: 2109883.9 | L24: 460 | M24: 750422.61 | N24: =M24+K24 -> 2860306.5 | O24: =N24+I24 -> 27221852 | P24: =L24+J24+G24+E24 -> 22880 | Q24: =R24+T24 -> 632 | R24: 290 | S24: 5211352.2 | T24: 342 | U24: 1613706.5 | V24: =U24+S24 -> 6825058.7 | W24: =V24/$AG$47 -> 525.9719 | X24: 124.98884 | AA24: 36 | AB24: =SUM(X24:AA24) -> 160.98884 | AC24: 1910241.8 | AD24: =AC24/$AG$47 -> 147.21243 | AE24: 3138.85 | AF24: 36096775 | AG24: =AF24/$AG$47 -> 2781.7914
B25: 14 | C25: 29 | D25: 317 | E25: 18880 | F25: 20533303 | G25: 3960 | H25: 6460159.9 | I25: =H25+F25 -> 26993463 | J25: 1900 | K25: 2066381.1 | L25: 460 | M25: 750422.61 | N25: =M25+K25 -> 2816803.7 | O25: =N25+I25 -> 29810266 | P25: =L25+J25+G25+E25 -> 25200 | Q25: =R25+T25 -> 654 | R25: 250 | S25: 4492545 | T25: 404 | U25: 1906249.8 | V25: =U25+S25 -> 6398794.8 | W25: =V25/$AG$47 -> 493.12195 | X25: 124.82772 | AA25: 0 | AB25: =SUM(X25:AA25) -> 124.82772 | AC25: 1489818.8 | AD25: =AC25/$AG$47 -> 114.81262 | AE25: 708.91 | AF25: 8152465 | AG25: =AF25/$AG$47 -> 628.26822
B26: 15 | C26: 34 | D26: 258 | E26: 19560 | F26: 21272850 | G26: 3960 | H26: 6460159.9 | I26: =H26+F26 -> 27733009 | J26: 1760 | K26: 1914121.4 | L26: 440 | M26: 717795.54 | N26: =M26+K26 -> 2631917 | O26: =N26+I26 -> 30364926 | P26: =L26+J26+G26+E26 -> 25720 | Q26: =R26+T26 -> 555 | R26: 204 | S26: 3665916.7 | T26: 351 | U26: 1656172.4 | V26: =U26+S26 -> 5322089.2 | W26: =V26/$AG$47 -> 410.14583 | X26: 130.46692 | AA26: 12 | AB26: =SUM(X26:AA26) -> 142.46692 | AC26: 1696622.7 | AD26: =AC26/$AG$47 -> 130.74992 | AE26: 769.05 | AF26: 8844075 | AG26: =AF26/$AG$47 -> 681.56702
B27: 16 | C27: 36 | D27: 301 | E27: 18200 | F27: 19793756 | G27: 3840 | H27: 6264397.4 | I27: =H27+F27 -> 26058153 | J27: 1840 | K27: 2001127 | L27: 460 | M27: 750422.61 | N27: =M27+K27 -> 2751549.6 | O27: =N27+I27 -> 28809703 | P27: =L27+J27+G27+E27 -> 24340 | Q27: =R27+T27 -> 728 | R27: 251 | S27: 4510515.2 | T27: 477 | U27: 2250695.9 | V27: =U27+S27 -> 6761211.1 | W27: =V27/$AG$47 -> 521.05149 | X27: 106.742 | Y27: 250 | AA27: 12 | AB27: =SUM(X27:AA27) -> 368.742 | AC27: 5328465.8 | AD27: =AC27/$AG$47 -> 410.63724 | AE27: 754.45 | AF27: 8676175 | AG27: =AF27/$AG$47 -> 668.62784
B28: 17 | C28: 26 | D28: 309 | E28: 17360 | F28: 18880198 | G28: 3760 | H28: 6133889.2 | I28: =H28+F28 -> 25014087 | J28: 1780 | K28: 1935872.8 | L28: 400 | M28: 652541.4 | N28: =M28+K28 -> 2588414.2 | O28: =N28+I28 -> 27602501 | P28: =L28+J28+G28+E28 -> 23300 | Q28: =R28+T28 -> 644 | R28: 247 | S28: 4438634.5 | T28: 397 | U28: 1873220.7 | V28: =U28+S28 -> 6311855.1 | W28: =V28/$AG$47 -> 486.42196 | X28: 114.11324 | Z28: 400 | AA28: 12 | AB28: =SUM(X28:AA28) -> 526.11324 | AC28: 6721441.5 | AD28: =AC28/$AG$47 -> 517.98666 | AE28: 679.69 | AF28: 7816435 | AG28: =AF28/$AG$47 -> 602.37213
B29: 18 | C29: 28 | D29: 315 | E29: 18960 | F29: 20620308 | G29: 3960 | H29: 6460159.9 | I29: =H29+F29 -> 27080468 | J29: 1840 | K29: 2001127 | L29: 380 | M29: 619914.33 | N29: =M29+K29 -> 2621041.3 | O29: =N29+I29 -> 29701509 | P29: =L29+J29+G29+E29 -> 25140 | Q29: =R29+T29 -> 980.7 | R29: 258 | S29: 4636306.4 | T29: 722.7 | U29: 3410016.6 | V29: =U29+S29 -> 8046323 | W29: =V29/$AG$47 -> 620.08841 | X29: 113.71044 | AA29: 24 | AB29: =SUM(X29:AA29) -> 137.71044 | AC29: 1636134.1 | AD29: =AC29/$AG$47 -> 126.08837 | AE29: 509.6 | AF29: 5860400 | AG29: =AF29/$AG$47 -> 451.63065
B30: 19 | C30: 44 | D30: 309 | E30: 19160 | F30: 20837822 | G30: 4200 | H30: 6851684.7 | I30: =H30+F30 -> 27689507 | J30: 1360 | K30: 1479093.8 | L30: 340 | M30: 554660.19 | N30: =M30+K30 -> 2033754 | O30: =N30+I30 -> 29723261 | P30: =L30+J30+G30+E30 -> 25060 | Q30: =R30+T30 -> 672 | R30: 234 | S30: 4205022.1 | T30: 438 | U30: 2066676.7 | V30: =U30+S30 -> 6271698.8 | W30: =V30/$AG$47 -> 483.32732 | X30: 117.65788 | AA30: 24 | AB30: =SUM(X30:AA30) -> 141.65788 | AC30: 1683246.8 | AD30: =AC30/$AG$47 -> 129.71911 | AE30: 621.9 | AF30: 7151850 | AG30: =AF30/$AG$47 -> 551.15601
B31: 20 | C31: 45 | D31: 394 | E31: 19960 | F31: 21707877 | G31: 4160 | H31: 6786430.6 | I31: =H31+F31 -> 28494308 | J31: 1720 | K31: 1870618.7 | L31: 380 | M31: 619914.33 | N31: =M31+K31 -> 2490533 | O31: =N31+I31 -> 30984841 | P31: =L31+J31+G31+E31 -> 26220 | Q31: =R31+T31 -> 615.5 | R31: 258 | S31: 4636306.4 | T31: 357.5 | U31: 1686842.3 | V31: =U31+S31 -> 6323148.7 | W31: =V31/$AG$47 -> 487.2923 | X31: 142.3898 | AA31: 0 | AB31: =SUM(X31:AA31) -> 142.3898 | AC31: 1699422.3 | AD31: =AC31/$AG$47 -> 130.96567 | AE31: 579.6 | AF31: 6665400 | AG31: =AF31/$AG$47 -> 513.66783
B32: 21 | C32: 49 | D32: 332 | E32: 19440 | F32: 21142341 | G32: 4080 | H32: 6655922.3 | I32: =H32+F32 -> 27798264 | J32: 1520 | K32: 1653104.9 | L32: 360 | M32: 587287.26 | N32: =M32+K32 -> 2240392.1 | O32: =N32+I32 -> 30038656 | P32: =L32+J32+G32+E32 -> 25400 | Q32: =R32+T32 -> 793.8 | R32: 257 | S32: 4618336.3 | T32: 536.8 | U32: 2532858.6 | V32: =U32+S32 -> 7151194.9 | W32: =V32/$AG$47 -> 551.10552 | X32: 131.63504 | AA32: 12 | AB32: =SUM(X32:AA32) -> 143.63504 | AC32: 1710564.2 | AD32: =AC32/$AG$47 -> 131.82432 | AE32: 655.41 | AF32: 7537215 | AG32: =AF32/$AG$47 -> 580.85409
B33: 22 | C33: 33 | D33: 410 | E33: 20040 | F33: 21794883 | G33: 3880 | H33: 6329651.6 | I33: =H33+F33 -> 28124534 | J33: 1600 | K33: 1740110.4 | L33: 440 | M33: 717795.54 | N33: =M33+K33 -> 2457905.9 | O33: =N33+I33 -> 30582440 | P33: =L33+J33+G33+E33 -> 25960 | Q33: =R33+T33 -> 667 | R33: 231 | S33: 4151111.6 | T33: 436 | U33: 2057239.8 | V33: =U33+S33 -> 6208351.4 | W33: =V33/$AG$47 -> 478.44547 | X33: 108.59488 | Y33: 250 | Z33: 400 | AA33: 12 | AB33: =SUM(X33:AA33) -> 770.59488 | AC33: 9918079.9 | AD33: =AC33/$AG$47 -> 764.33501 | AE33: 764.59 | AF33: 8792785 | AG33: =AF33/$AG$47 -> 677.61437
B34: 23 | C34: 35 | D34: 329 | E34: 16920 | F34: 18401667 | G34: 3640 | H34: 5938126.7 | I34: =H34+F34 -> 24339794 | J34: 1820 | K34: 1979375.6 | L34: 380 | M34: 619914.33 | N34: =M34+K34 -> 2599289.9 | O34: =N34+I34 -> 26939084 | P34: =L34+J34+G34+E34 -> 22760 | Q34: =R34+T34 -> 592 | R34: 256 | S34: 4600366.1 | T34: 336 | U34: 1585395.8 | V34: =U34+S34 -> 6185761.9 | W34: =V34/$AG$47 -> 476.70461 | X34: 125.55276 | AA34: 36 | AB34: =SUM(X34:AA34) -> 161.55276 | AC34: 2569472.2 | AD34: =AC34/$AG$47 -> 198.0159 | AE34: 605.8 | AF34: 6966700 | AG34: =AF34/$AG$47 -> 536.88746
B35: 24 | C35: 31 | D35: 305 | E35: 17120 | F35: 18619181 | G35: 3520 | H35: 5742364.3 | I35: =H35+F35 -> 24361546 | J35: 1660 | K35: 1805364.5 | L35: 420 | M35: 685168.47 | N35: =M35+K35 -> 2490533 | O35: =N35+I35 -> 26852079 | P35: =L35+J35+G35+E35 -> 22720 | Q35: =R35+T35 -> 624 | R35: 242 | S35: 4348783.6 | T35: 382 | U35: 1802444.1 | V35: =U35+S35 -> 6151227.6 | W35: =V35/$AG$47 -> 474.04323 | X35: 117.53704 | AA35: 24 | AB35: =SUM(X35:AA35) -> 141.53704 | AC35: 1681804.6 | AD35: =AC35/$AG$47 -> 129.60796 | AE35: 583.9 | AF35: 6714850 | AG35: =AF35/$AG$47 -> 517.47869
B36: 25 | C36: 22 | D36: 273 | E36: 17440 | F36: 18967203 | G36: 3480 | H36: 5677110.2 | I36: =H36+F36 -> 24644314 | J36: 1800 | K36: 1957624.2 | L36: 360 | M36: 587287.26 | N36: =M36+K36 -> 2544911.5 | O36: =N36+I36 -> 27189225 | P36: =L36+J36+G36+E36 -> 23080 | Q36: =R36+T36 -> 760 | R36: 255 | S36: 4582395.9 | T36: 505 | U36: 2382812.2 | V36: =U36+S36 -> 6965208.1 | W36: =V36/$AG$47 -> 536.77249 | X36: 116.28836 | AA36: 12 | AB36: =SUM(X36:AA36) -> 128.28836 | AC36: 1527401.6 | AD36: =AC36/$AG$47 -> 117.70892 | AE36: 624.59 | AF36: 7182785 | AG36: =AF36/$AG$47 -> 553.54001
B37: 26 | C37: 26 | D37: 196 | E37: 17080 | F37: 18575679 | G37: 3600 | H37: 5872872.6 | I37: =H37+F37 -> 24448551 | J37: 1480 | K37: 1609602.1 | L37: 260 | M37: 424151.91 | N37: =M37+K37 -> 2033754 | O37: =N37+I37 -> 26482305 | P37: =L37+J37+G37+E37 -> 22420 | Q37: =R37+T37 -> 639 | R37: 236 | S37: 4240962.5 | T37: 403 | U37: 1901531.3 | V37: =U37+S37 -> 6142493.8 | W37: =V37/$AG$47 -> 473.37016 | X37: 111.49504 | AA37: 12 | AB37: =SUM(X37:AA37) -> 123.49504 | AC37: 1470193.3 | AD37: =AC37/$AG$47 -> 113.30018 | AE37: 734.11 | AF37: 8442265 | AG37: =AF37/$AG$47 -> 650.60161
B38: 27 | C38: 28 | D38: 204 | E38: 17280 | F38: 18793192 | G38: 3600 | H38: 5872872.6 | I38: =H38+F38 -> 24666065 | J38: 1680 | K38: 1827115.9 | L38: 500 | M38: 815676.75 | N38: =M38+K38 -> 2642792.7 | O38: =N38+I38 -> 27308858 | P38: =L38+J38+G38+E38 -> 23060 | Q38: =R38+T38 -> 662 | R38: 242 | S38: 4348783.6 | T38: 420 | U38: 1981744.8 | V38: =U38+S38 -> 6330528.4 | W38: =V38/$AG$47 -> 487.86101 | X38: 121.12196 | Y38: 250 | Z38: 400 | AA38: 0 | AB38: =SUM(X38:AA38) -> 771.12196 | AC38: 9928090.6 | AD38: =AC38/$AG$47 -> 765.10648 | AE38: 446.4 | AF38: 5133600 | AG38: =AF38/$AG$47 -> 395.61994
B39: 28 | C39: 27 | D39: 243 | E39: 18000 | F39: 19576242 | G39: 3480 | H39: 5677110.2 | I39: =H39+F39 -> 25253352 | J39: 1560 | K39: 1696607.6 | L39: 360 | M39: 587287.26 | N39: =M39+K39 -> 2283894.9 | O39: =N39+I39 -> 27537247 | P39: =L39+J39+G39+E39 -> 23400 | Q39: =R39+T39 -> 386 | R39: 0 | S39: 0 | T39: 386 | U39: 1821317.8 | V39: =U39+S39 -> 1821317.8 | W39: =V39/$AG$47 -> 140.35953 | X39: 126.60004 | AA39: 12 | AB39: =SUM(X39:AA39) -> 138.60004 | AC39: 1650471.5 | AD39: =AC39/$AG$47 -> 127.19328 | AE39: 631.39 | AF39: 7260985 | AG39: =AF39/$AG$47 -> 559.56648
B40: 29 | C40: 28 | D40: 230 | E40: 16320 | F40: 17749126 | G40: 3320 | H40: 5416093.6 | I40: =H40+F40 -> 23165220 | J40: 1500 | K40: 1631353.5 | L40: 340 | M40: 554660.19 | N40: =M40+K40 -> 2186013.7 | O40: =N40+I40 -> 25351233 | P40: =L40+J40+G40+E40 -> 21480 | Q40: =R40+T40 -> 521 | R40: 274 | S40: 4923829.3 | T40: 247 | U40: 1165454.7 | V40: =U40+S40 -> 6089284 | W40: =V40/$AG$47 -> 469.26956 | X40: 116.89256 | AA40: 12 | AB40: =SUM(X40:AA40) -> 128.89256 | AC40: 2187112.7 | AD40: =AC40/$AG$47 -> 168.54944 | AE40: 832.01 | AF40: 9568115 | AG40: =AF40/$AG$47 -> 737.36503
B41: 30 | C41: 25 | D41: 300 | E41: 25560 | F41: 27798264 | G41: 3520 | H41: 5742364.3 | I41: =H41+F41 -> 33540628 | J41: 2320 | K41: 2523160.1 | L41: 340 | M41: 554660.19 | N41: =M41+K41 -> 3077820.3 | O41: =N41+I41 -> 36618448 | P41: =L41+J41+G41+E41 -> 31740 | Q41: =R41+T41 -> 536 | R41: 289 | S41: 5193382 | T41: 247 | U41: 1165454.7 | V41: =U41+S41 -> 6358836.7 | W41: =V41/$AG$47 -> 490.04259 | X41: 115.52304 | AA41: 12 | AB41: =SUM(X41:AA41) -> 127.52304 | AC41: 1518267.5 | AD41: =AC41/$AG$47 -> 117.00501 | AE41: 617.2 | AF41: 7097800 | AG41: =AF41/$AG$47 -> 546.99066
C46: =SUM(C12:C42) -> 1285 | D46: =SUM(D12:D42) -> 10494 | E46: =SUM(E12:E42) -> 554240 | F46: =SUM(F12:F42) -> 6.0277424e+08 | G46: =SUM(G12:G42) -> 116880 | H46: =SUM(H12:H42) -> 1.906726e+08 | I46: =SUM(I12:I42) -> 7.9344684e+08 | J46: =SUM(J12:J42) -> 53620 | ... P46: =SUM(P12:P42) -> 737340 | Q46: =SUM(Q12:Q41) -> 20974 | R46: =SUM(R12:R41) -> 7122 | S46: =SUM(S12:S41) -> 1.2798362e+08 | T46: =SUM(T12:T42) -> 13852 | U46: =SUM(U12:U41) -> 65359831 | V46: =SUM(V12:V41) -> 1.9334345e+08 | W46: =V46/$AG$47 -> 14899.978 | X46: =SUM(X12:X41) -> 3553.3808 | Y46: =SUM(Y12:Y41) -> 1500 | Z46: =SUM(Z12:Z41) -> 2400 | AA46: =SUM(AA12:AA41) -> 396 | AB46: =SUM(AB12:AB41) -> 7849.3808 | AC46: =SUM(AC12:AC41) -> 1.011706e+08 | AD46: =AC46/$AG$47 -> 7796.6937 | AE46: =SUM(AE12:AE42) -> 21245.08 | AF46: =SUM(AF12:AF42) -> 244318420 | AG46: =AF46/AG47 -> 18828.354
AG47: 12976.09
P49: =O46/P46 -> 1183.0598 | V49: =V46/Q46 -> 9218.2442 | AC49: =AC46/AB46 -> 12888.991 | AF49: =AF46/AE46 -> 11500
Y55: =Y47/31 -> 0

Sheet RNs & Covers November 2018
A1: Four Seasons Resort Bali at Jimbaran Bay
A2: 43405
A3: Date | B3: Room Nights | C3: Food Covers
A6: 1 | B6: 142 | C6: 764
A7: 2 | B7: 139 | C7: 658
A8: =A7+1 -> 3 | B8: 74 | C8: 651
A9: =A8+1 -> 4 | B9: 29 | C9: 582
A10: =A9+1 -> 5 | B10: 34 | C10: 265
A11: =A10+1 -> 6 | B11: 42 | C11: 267
A12: =A11+1 -> 7 | B12: 52 | C12: 311
A13: =A12+1 -> 8 | B13: 54 | C13: 351
A14: =A13+1 -> 9 | B14: 42 | C14: 385
A15: =A14+1 -> 10 | B15: 29 | C15: 308
A16: =A15+1 -> 11 | B16: 35 | C16: 241
A17: =A16+1 -> 12 | B17: 35 | C17: 260
A18: =A17+1 -> 13 | B18: 32 | C18: 426
A19: =A18+1 -> 14 | B19: 29 | C19: 317
... A35: =A34+1 -> 30 | B35: 25 | C35: 300
B37: =SUM(B6:B36) -> 1285 | C37: =SUM(C6:C36) -> 10494
