Workbook

Sheet TOTAL
A1: Site Name | B1: Day | C1: Month | D1: Year | E1: Total Electricity Kwh | F1: Electricity Tariff ($/Kwh) | G1: LPG (Kg) | H1: LPG $/Kg | I1: Total Fuel Oil (Liter) | J1: Fuel Oil $/Liter | K1: Water Utility Supply (m3) m3 | L1: Water Utility Supply (m3) $/m3 | M1: Room Nights | N1: Food Covers
A2: Bali Jimbaran | B2: 1 | C2: 8 | D2: 2018 | E2: ='FS Jimbaran August 2018'!P12 -> 13000 | F2: ='FS Jimbaran August 2018'!O12/'FS Jimbaran August 2018'!P12 -> 1261.58 | G2: ='FS Jimbaran August 2018'!AB12 -> 111.73672 | H2: ='FS Jimbaran August 2018'!AC12/'FS Jimbaran August 2018'!AB12 -> 10153 | I2: ='FS Jimbaran August 2018'!AE12 -> 808.61 | J2: ='FS Jimbaran August 2018'!AF12/'FS Jimbaran August 2018'!AE12 -> 9500 | K2: ='FS Jimbaran August 2018'!Q12 -> 756.7 | L2: ='FS Jimbaran August 2018'!V12/'FS Jimbaran August 2018'!Q12 -> 9774.2816 | M2: 65 | N2: 576
A3: Bali Jimbaran | B3: =B2+1 -> 2 | C3: 8 | D3: 2018 | E3: ='FS Jimbaran August 2018'!P13 -> 23140 | F3: ='FS Jimbaran August 2018'!O13/'FS Jimbaran August 2018'!P13 -> 1179.6881 | G3: ='FS Jimbaran August 2018'!AB13 -> 383.64216 | H3: ='FS Jimbaran August 2018'!AC13/'FS Jimbaran August 2018'!AB13 -> 10907.813 | I3: ='FS Jimbaran August 2018'!AE13 -> 638.11 | J3: ='FS Jimbaran August 2018'!AF13/'FS Jimbaran August 2018'!AE13 -> 9500 | K3: ='FS Jimbaran August 2018'!Q13 -> 452.8 | L3: ='FS Jimbaran August 2018'!V13/'FS Jimbaran August 2018'!Q13 -> 11460.83 | M3: 66 | N3: 612
A4: Bali Jimbaran | B4: =B3+1 -> 3 | C4: 8 | D4: 2018 | E4: ='FS Jimbaran August 2018'!P14 -> 21760 | F4: ='FS Jimbaran August 2018'!O14/'FS Jimbaran August 2018'!P14 -> 1183.531 | G4: ='FS Jimbaran August 2018'!AB14 -> 546.21296 | H4: ='FS Jimbaran August 2018'!AC14/'FS Jimbaran August 2018'!AB14 -> 11952.598 | I4: ='FS Jimbaran August 2018'!AE14 -> 511.41 | J4: ='FS Jimbaran August 2018'!AF14/'FS Jimbaran August 2018'!AE14 -> 9500 | K4: ='FS Jimbaran August 2018'!Q14 -> 840.7 | L4: ='FS Jimbaran August 2018'!V14/'FS Jimbaran August 2018'!Q14 -> 8980.9048 | M4: 74 | N4: 647
A5: Bali Jimbaran | B5: =B4+1 -> 4 | C5: 8 | D5: 2018 | E5: ='FS Jimbaran August 2018'!P15 -> 22120 | F5: ='FS Jimbaran August 2018'!O15/'FS Jimbaran August 2018'!P15 -> 1185.9025 | G5: ='FS Jimbaran August 2018'!AB15 -> 12 | H5: ='FS Jimbaran August 2018'!AC15/'FS Jimbaran August 2018'!AB15 -> 11625 | I5: ='FS Jimbaran August 2018'!AE15 -> 574.78 | J5: ='FS Jimbaran August 2018'!AF15/'FS Jimbaran August 2018'!AE15 -> 9500 | K5: ='FS Jimbaran August 2018'!Q15 -> 738.5 | L5: ='FS Jimbaran August 2018'!V15/'FS Jimbaran August 2018'!Q15 -> 9054.0651 | M5: 78 | N5: 969
A6: Bali Jimbaran | B6: =B5+1 -> 5 | C6: 8 | D6: 2018 | E6: ='FS Jimbaran August 2018'!P16 -> 20820 | F6: ='FS Jimbaran August 2018'!O16/'FS Jimbaran August 2018'!P16 -> 1183.6846 | G6: ='FS Jimbaran August 2018'!AB16 -> 123.777 | H6: ='FS Jimbaran August 2018'!AC16/'FS Jimbaran August 2018'!AB16 -> 10295.708 | I6: ='FS Jimbaran August 2018'!AE16 -> 747.27 | J6: ='FS Jimbaran August 2018'!AF16/'FS Jimbaran August 2018'!AE16 -> 9500 | K6: ='FS Jimbaran August 2018'!Q16 -> 688.1 | L6: ='FS Jimbaran August 2018'!V16/'FS Jimbaran August 2018'!Q16 -> 9412.9602 | M6: 66 | N6: 734
A7: Bali Jimbaran | B7: =B6+1 -> 6 | C7: 8 | D7: 2018 | E7: ='FS Jimbaran August 2018'!P17 -> 23100 | F7: ='FS Jimbaran August 2018'!O17/'FS Jimbaran August 2018'!P17 -> 1221.2788 | G7: ='FS Jimbaran August 2018'!AB17 -> 204.47748 | H7: ='FS Jimbaran August 2018'!AC17/'FS Jimbaran August 2018'!AB17 -> 10757.702 | I7: ='FS Jimbaran August 2018'!AE17 -> 586.36 | J7: ='FS Jimbaran August 2018'!AF17/'FS Jimbaran August 2018'!AE17 -> 9500 | K7: ='FS Jimbaran August 2018'!Q17 -> 728.6 | L7: ='FS Jimbaran August 2018'!V17/'FS Jimbaran August 2018'!Q17 -> 9751.8322 | M7: 69 | N7: 643
A8: Bali Jimbaran | B8: =B7+1 -> 7 | C8: 8 | D8: 2018 | E8: ='FS Jimbaran August 2018'!P18 -> 20200 | F8: ='FS Jimbaran August 2018'!O18/'FS Jimbaran August 2018'!P18 -> 1148.9467 | G8: ='FS Jimbaran August 2018'!AB18 -> 371.4442 | H8: ='FS Jimbaran August 2018'!AC18/'FS Jimbaran August 2018'!AB18 -> 10837.49 | I8: ='FS Jimbaran August 2018'!AE18 -> 610.78 | J8: ='FS Jimbaran August 2018'!AF18/'FS Jimbaran August 2018'!AE18 -> 9500 | K8: ='FS Jimbaran August 2018'!Q18 -> 574 | L8: ='FS Jimbaran August 2018'!V18/'FS Jimbaran August 2018'!Q18 -> 6857.6783 | M8: 76 | N8: 626
A9: Bali Jimbaran | B9: =B8+1 -> 8 | C9: 8 | D9: 2018 | E9: ='FS Jimbaran August 2018'!P19 -> 24640 | F9: ='FS Jimbaran August 2018'!O19/'FS Jimbaran August 2018'!P19 -> 1182.9078 | G9: ='FS Jimbaran August 2018'!AB19 -> 527.56332 | H9: ='FS Jimbaran August 2018'!AC19/'FS Jimbaran August 2018'!AB19 -> 10957.575 | I9: ='FS Jimbaran August 2018'!AE19 -> 758.61 | J9: ='FS Jimbaran August 2018'!AF19/'FS Jimbaran August 2018'!AE19 -> 9500 | K9: ='FS Jimbaran August 2018'!Q19 -> 682 | L9: ='FS Jimbaran August 2018'!V19/'FS Jimbaran August 2018'!Q19 -> 8247.2162 | M9: 82 | N9: 838
A10: Bali Jimbaran | B10: =B9+1 -> 9 | C10: 8 | D10: 2018 | E10: ='FS Jimbaran August 2018'!P20 -> 23520 | F10: ='FS Jimbaran August 2018'!O20/'FS Jimbaran August 2018'!P20 -> 1188.3726 | G10: ='FS Jimbaran August 2018'!AB20 -> 119.59132 | H10: ='FS Jimbaran August 2018'!AC20/'FS Jimbaran August 2018'!AB20 -> 14823.071 | I10: ='FS Jimbaran August 2018'!AE20 -> 626.11 | J10: ='FS Jimbaran August 2018'!AF20/'FS Jimbaran August 2018'!AE20 -> 9500 | K10: ='FS Jimbaran August 2018'!Q20 -> 630 | L10: ='FS Jimbaran August 2018'!V20/'FS Jimbaran August 2018'!Q20 -> 9954.7737 | M10: 95 | N10: 832
A11: Bali Jimbaran | B11: =B10+1 -> 10 | C11: 8 | D11: 2018 | E11: ='FS Jimbaran August 2018'!P21 -> 22840 | F11: ='FS Jimbaran August 2018'!O21/'FS Jimbaran August 2018'!P21 -> 1190.4214 | G11: ='FS Jimbaran August 2018'!AB21 -> 148.58604 | H11: ='FS Jimbaran August 2018'!AC21/'FS Jimbaran August 2018'!AB21 -> 10390.761 | I11: ='FS Jimbaran August 2018'!AE21 -> 546.31 | J11: ='FS Jimbaran August 2018'!AF21/'FS Jimbaran August 2018'!AE21 -> 9500 | K11: ='FS Jimbaran August 2018'!Q21 -> 650 | L11: ='FS Jimbaran August 2018'!V21/'FS Jimbaran August 2018'!Q21 -> 10078.737 | M11: 113 | N11: 905
A12: Bali Jimbaran | B12: =B11+1 -> 11 | C12: 8 | D12: 2018 | E12: ='FS Jimbaran August 2018'!P22 -> 23400 | F12: ='FS Jimbaran August 2018'!O22/'FS Jimbaran August 2018'!P22 -> 1185.1713 | G12: ='FS Jimbaran August 2018'!AB22 -> 135.69988 | H12: ='FS Jimbaran August 2018'!AC22/'FS Jimbaran August 2018'!AB22 -> 10283.17 | I12: ='FS Jimbaran August 2018'!AE22 -> 385.18 | J12: ='FS Jimbaran August 2018'!AF22/'FS Jimbaran August 2018'!AE22 -> 9500 | K12: ='FS Jimbaran August 2018'!Q22 -> 690 | L12: ='FS Jimbaran August 2018'!V22/'FS Jimbaran August 2018'!Q22 -> 10767.319 | M12: 120 | N12: 944
A13: Bali Jimbaran | B13: =B12+1 -> 12 | C13: 8 | D13: 2018 | E13: ='FS Jimbaran August 2018'!P23 -> 23900 | F13: ='FS Jimbaran August 2018'!O23/'FS Jimbaran August 2018'!P23 -> 1183.1295 | G13: ='FS Jimbaran August 2018'!AB23 -> 128.812 | H13: ='FS Jimbaran August 2018'!AC23/'FS Jimbaran August 2018'!AB23 -> 10290.13 | I13: ='FS Jimbaran August 2018'!AE23 -> 561.24 | J13: ='FS Jimbaran August 2018'!AF23/'FS Jimbaran August 2018'!AE23 -> 9500 | K13: ='FS Jimbaran August 2018'!Q23 -> 478.1 | L13: ='FS Jimbaran August 2018'!V23/'FS Jimbaran August 2018'!Q23 -> 12047.105 | M13: 110 | N13: 1116
A14: Bali Jimbaran | B14: =B13+1 -> 13 | C14: 8 | D14: 2018 | E14: ='FS Jimbaran August 2018'!P24 -> 22880 | F14: ='FS Jimbaran August 2018'!O24/'FS Jimbaran August 2018'!P24 -> 1188.3403 | G14: ='FS Jimbaran August 2018'!AB24 -> 791.98356 | H14: ='FS Jimbaran August 2018'!AC24/'FS Jimbaran August 2018'!AB24 -> 11009.98 | I14: ='FS Jimbaran August 2018'!AE24 -> 866.41 | J14: ='FS Jimbaran August 2018'!AF24/'FS Jimbaran August 2018'!AE24 -> 9500 | K14: ='FS Jimbaran August 2018'!Q24 -> 503 | L14: ='FS Jimbaran August 2018'!V24/'FS Jimbaran August 2018'!Q24 -> 12686.403 | M14: 105 | N14: 921
... A32: Bali Jimbaran | B32: =B31+1 -> 31 | C32: 8 | D32: 2018 | E32: ='FS Jimbaran August 2018'!P42 -> 31160 | F32: ='FS Jimbaran August 2018'!O42/'FS Jimbaran August 2018'!P42 -> 1154.9313 | G32: ='FS Jimbaran August 2018'!AB42 -> 133.36364 | H32: ='FS Jimbaran August 2018'!AC42/'FS Jimbaran August 2018'!AB42 -> 10285.45 | I32: ='FS Jimbaran August 2018'!AE42 -> 758.46 | J32: ='FS Jimbaran August 2018'!AF42/'FS Jimbaran August 2018'!AE42 -> 9500 | K32: ='FS Jimbaran August 2018'!Q42 -> 742 | L32: ='FS Jimbaran August 2018'!V42/'FS Jimbaran August 2018'!Q42 -> 7779.7888 | M32: 35 | N32: 418

Sheet FS Jimbaran August 2018
B6: Four Seasons Resort Bali at Jimbaran Bay
B7: AUGUST 2018
B8: Date | C8: Room Nights | D8: Food Covers | E8: ELECTRICITY Resort, Sundara & Residences | Q8: WATER | X8: GAS
E9: Electricity Resort | J9: Electricity - Sundara | O9: Sub Total (Resort & Sundara) Cost (IDR) | P9: Sub Total (Resort & Sundara), KWh | R9: Water (m3) | V9: Total Water Cost | X9: LPG | AE9: Diesel
E10: BASED LOAD KWh (from 10 pm - 6 pm) | F10: Cost (IDR) | G10: PEAK LOAD KWh (from 6 pm - 10 pm) | H10: Cost (IDR) | I10: Resort Cost (IDR) | J10: BASED LOAD KWh (from 10 pm - 6 pm) | K10: Cost (IDR) | L10: PEAK LOAD KWh (from 6 pm - 10 pm) | M10: Cost (IDR) | N10: Sundara Cost (IDR) | Q10: Water consumption (m3) | R10: Municipal Water (m3) | S10: Municipal Water cost (IDR) | T10: Deepwell Consumption (m3) | U10: Deepwell water Cost (IDR) | V10: IDR | W10: USD | X10: LPG Bulk (m3) | Y10: 50 Kg (tube) IVD & TW | Z10: Sundara 50 kg (tube) | AA10: 12 Kg (tube) | AB10: Total kg | AC10: IDR | AD10: USD | AE10: Used (liters) | AF10: IDR | AG10: USD
B12: 1 | C12: 65 | D12: 576 | E12: 7640 | F12: 8309027.2 | G12: 3640 | H12: 5938126.7 | I12: =F12+H12 -> 14247154 | J12: 1200 | K12: 1305082.8 | L12: 520 | M12: 848303.82 | N12: =+K12+M12 -> 2153386.6 | O12: =N12+I12 -> 16400541 | P12: =L12+J12+G12+E12 -> 13000 | Q12: =T12+R12 -> 756.7 | R12: 290 | S12: 5211352.2 | T12: 466.7 | U12: 2184846.7 | V12: =U12+S12 -> 7396198.9 | W12: =V12/$AG$48 -> 569.98672 | X12: 111.73672 | AA12: 0 | AB12: =X12+Z12+Y12+AA12 -> 111.73672 | AC12: 1134462.9 | AD12: =AC12/$AG$48 -> 87.427177 | AE12: 808.61 | AF12: 7681795 | AG12: =AF12/$AG$48 -> 591.99613
B13: 2 | C13: 66 | D13: 612 | E13: 17280 | F13: 18793192 | G13: 3400 | H13: 5546601.9 | I13: =F13+H13 -> 24339794 | J13: 1940 | K13: 2109883.9 | L13: 520 | M13: 848303.82 | N13: =+K13+M13 -> 2958187.7 | O13: =N13+I13 -> 27297982 | P13: =L13+J13+G13+E13 -> 23140 | Q13: =T13+R13 -> 452.8 | R13: 231 | S13: 4151111.6 | T13: 221.8 | U13: 1038352.3 | V13: =U13+S13 -> 5189463.8 | W13: =V13/$AG$48 -> 399.92508 | X13: 109.64216 | Y13: 250 | AA13: 24 | AB13: =X13+Z13+Y13+AA13 -> 383.64216 | AC13: 4184696.9 | AD13: =AC13/$AG$48 -> 322.4929 | AE13: 638.11 | AF13: 6062045 | AG13: =AF13/$AG$48 -> 467.17039
B14: 3 | C14: 74 | D14: 647 | E14: 15800 | F14: 17183590 | G14: 3320 | H14: 5416093.6 | I14: =F14+H14 -> 22599684 | J14: 2120 | K14: 2305646.3 | L14: 520 | M14: 848303.82 | N14: =+K14+M14 -> 3153950.1 | O14: =N14+I14 -> 25753634 | P14: =L14+J14+G14+E14 -> 21760 | Q14: =T14+R14 -> 840.7 | R14: 272 | S14: 4887889 | T14: 568.7 | U14: 2662357.7 | V14: =U14+S14 -> 7550246.6 | W14: =V14/$AG$48 -> 581.85837 | X14: 134.21296 | Z14: 400 | AA14: 12 | AB14: =X14+Z14+Y14+AA14 -> 546.21296 | AC14: 6528664.2 | AD14: =AC14/$AG$48 -> 503.13031 | AE14: 511.41 | AF14: 4858395 | AG14: =AF14/$AG$48 -> 374.41132
B15: 4 | C15: 78 | D15: 969 | E15: 16080 | F15: 17488110 | G15: 3480 | H15: 5677110.2 | I15: =F15+H15 -> 23165220 | J15: 2040 | K15: 2218640.8 | L15: 520 | M15: 848303.82 | N15: =+K15+M15 -> 3066944.6 | O15: =N15+I15 -> 26232164 | P15: =L15+J15+G15+E15 -> 22120 | Q15: =T15+R15 -> 738.5 | R15: 243 | S15: 4366753.7 | T15: 495.5 | U15: 2319673.3 | V15: =U15+S15 -> 6686427.1 | W15: =V15/$AG$48 -> 515.28828 | X15: 0 | AA15: 12 | AB15: =X15+Z15+Y15+AA15 -> 12 | AC15: 139500 | AD15: =AC15/$AG$48 -> 10.750542 | AE15: 574.78 | AF15: 5460410 | AG15: =AF15/$AG$48 -> 420.8055
B16: 5 | C16: 66 | D16: 734 | E16: 15360 | F16: 16705060 | G16: 3200 | H16: 5220331.2 | I16: =F16+H16 -> 21925391 | J16: 1780 | K16: 1935872.8 | L16: 480 | M16: 783049.68 | N16: =+K16+M16 -> 2718922.5 | O16: =N16+I16 -> 24644314 | P16: =L16+J16+G16+E16 -> 20820 | Q16: =T16+R16 -> 688.1 | R16: 245 | S16: 4402694.1 | T16: 443.1 | U16: 2074363.8 | V16: =U16+S16 -> 6477057.9 | W16: =V16/$AG$48 -> 499.15328 | X16: 111.777 | AA16: 12 | AB16: =X16+Z16+Y16+AA16 -> 123.777 | AC16: 1274371.9 | AD16: =AC16/$AG$48 -> 98.209236 | AE16: 747.27 | AF16: 7099065 | AG16: =AF16/$AG$48 -> 547.08814
B17: 6 | C17: 69 | D17: 643 | E17: 15440 | F17: 16792065 | G17: 5160 | H17: 8417784.1 | I17: =F17+H17 -> 25209849 | J17: 1980 | K17: 2153386.6 | L17: 520 | M17: 848303.82 | N17: =+K17+M17 -> 3001690.4 | O17: =N17+I17 -> 28211540 | P17: =L17+J17+G17+E17 -> 23100 | Q17: =T17+R17 -> 728.6 | R17: 278 | S17: 4995710 | T17: 450.6 | U17: 2109474.9 | V17: =U17+S17 -> 7105184.9 | W17: =V17/$AG$48 -> 547.55978 | X17: 120.47748 | AA17: 84 | AB17: =X17+Z17+Y17+AA17 -> 204.47748 | AC17: 2199707.9 | AD17: =AC17/$AG$48 -> 169.52008 | AE17: 586.36 | AF17: 5570420 | AG17: =AF17/$AG$48 -> 429.2834
B18: 7 | C18: 76 | D18: 626 | E18: 15960 | F18: 17357601 | G18: 1760 | H18: 2871182.2 | I18: =F18+H18 -> 20228783 | J18: 1960 | K18: 2131635.2 | L18: 520 | M18: 848303.82 | N18: =+K18+M18 -> 2979939.1 | O18: =N18+I18 -> 23208722 | P18: =L18+J18+G18+E18 -> 20200 | Q18: =T18+R18 -> 574 | R18: 94 | S18: 1689196.9 | T18: 480 | U18: 2247110.4 | V18: =U18+S18 -> 3936307.3 | W18: =V18/$AG$48 -> 303.3508 | X18: 121.4442 | Y18: 250 | AA18: 0 | AB18: =X18+Z18+Y18+AA18 -> 371.4442 | AC18: 4025523 | AD18: =AC18/$AG$48 -> 310.22619 | AE18: 610.78 | AF18: 5802410 | AG18: =AF18/$AG$48 -> 447.16166
B19: 8 | C19: 82 | D19: 838 | E19: 18240 | F19: 19837259 | G19: 3840 | H19: 6264397.4 | I19: =F19+H19 -> 26101656 | J19: 2080 | K19: 2262143.5 | L19: 480 | M19: 783049.68 | N19: =+K19+M19 -> 3045193.2 | O19: =N19+I19 -> 29146849 | P19: =L19+J19+G19+E19 -> 24640 | Q19: =T19+R19 -> 682 | R19: 183 | S19: 3288542.9 | T19: 499 | U19: 2336058.5 | V19: =U19+S19 -> 5624601.5 | W19: =V19/$AG$48 -> 433.45888 | X19: 115.56332 | Z19: 400 | AA19: 12 | AB19: =X19+Z19+Y19+AA19 -> 527.56332 | AC19: 5780814.4 | AD19: =AC19/$AG$48 -> 445.4974 | AE19: 758.61 | AF19: 7206795 | AG19: =AF19/$AG$48 -> 555.39034
B20: 9 | C20: 95 | D20: 832 | E20: 17280 | F20: 18793192 | G20: 3840 | H20: 6264397.4 | I20: =F20+H20 -> 25057590 | J20: 1880 | K20: 2044629.7 | L20: 520 | M20: 848303.82 | N20: =+K20+M20 -> 2892933.5 | O20: =N20+I20 -> 27950523 | P20: =L20+J20+G20+E20 -> 23520 | Q20: =T20+R20 -> 630 | R20: 250 | S20: 4492545 | T20: 380 | U20: 1778962.4 | V20: =U20+S20 -> 6271507.4 | W20: =V20/$AG$48 -> 483.31257 | X20: 119.59132 | AA20: 0 | AB20: =X20+Z20+Y20+AA20 -> 119.59132 | AC20: 1772710.7 | AD20: =AC20/$AG$48 -> 136.61362 | AE20: 626.11 | AF20: 5948045 | AG20: =AF20/$AG$48 -> 458.385
B21: 10 | C21: 113 | D21: 905 | E21: 16320 | F21: 17749126 | G21: 3800 | H21: 6199143.3 | I21: =F21+H21 -> 23948269 | J21: 2200 | K21: 2392651.8 | L21: 520 | M21: 848303.82 | N21: =+K21+M21 -> 3240955.6 | O21: =N21+I21 -> 27189225 | P21: =L21+J21+G21+E21 -> 22840 | Q21: =T21+R21 -> 650 | R21: 264 | S21: 4744127.5 | T21: 386 | U21: 1807051.3 | V21: =U21+S21 -> 6551178.8 | W21: =V21/$AG$48 -> 504.86539 | X21: 124.58604 | AA21: 24 | AB21: =X21+Z21+Y21+AA21 -> 148.58604 | AC21: 1543922.1 | AD21: =AC21/$AG$48 -> 118.98207 | AE21: 546.31 | AF21: 5189945 | AG21: =AF21/$AG$48 -> 399.96216
B22: 11 | C22: 120 | D22: 944 | E22: 16880 | F22: 18358165 | G22: 3680 | H22: 6003380.9 | I22: =F22+H22 -> 24361546 | J22: 2320 | K22: 2523160.1 | L22: 520 | M22: 848303.82 | N22: =+K22+M22 -> 3371463.9 | O22: =N22+I22 -> 27733009 | P22: =L22+J22+G22+E22 -> 23400 | Q22: =T22+R22 -> 690 | R22: 316 | S22: 5678576.9 | T22: 374 | U22: 1750873.5 | V22: =U22+S22 -> 7429450.4 | W22: =V22/$AG$48 -> 572.54923 | X22: 123.69988 | AA22: 12 | AB22: =X22+Z22+Y22+AA22 -> 135.69988 | AC22: 1395424.9 | AD22: =AC22/$AG$48 -> 107.53816 | AE22: 385.18 | AF22: 3659210 | AG22: =AF22/$AG$48 -> 281.99635
B23: 12 | C23: 110 | D23: 1116 | E23: 17320 | F23: 18836695 | G23: 3680 | H23: 6003380.9 | I23: =F23+H23 -> 24840076 | J23: 2380 | K23: 2588414.2 | L23: 520 | M23: 848303.82 | N23: =+K23+M23 -> 3436718 | O23: =N23+I23 -> 28276794 | P23: =L23+J23+G23+E23 -> 23900 | Q23: =T23+R23 -> 478.1 | R23: 265 | S23: 4762097.7 | T23: 213.1 | U23: 997623.39 | V23: =U23+S23 -> 5759721.1 | W23: =V23/$AG$48 -> 443.87185 | X23: 116.812 | AA23: 12 | AB23: =X23+Z23+Y23+AA23 -> 128.812 | AC23: 1325492.2 | AD23: =AC23/$AG$48 -> 102.14882 | AE23: 561.24 | AF23: 5331780 | AG23: =AF23/$AG$48 -> 410.89265
B24: 13 | C24: 105 | D24: 921 | E24: 16560 | F24: 18010143 | G24: 3760 | H24: 6133889.2 | I24: =F24+H24 -> 24144032 | J24: 2080 | K24: 2262143.5 | L24: 480 | M24: 783049.68 | N24: =+K24+M24 -> 3045193.2 | O24: =N24+I24 -> 27189225 | P24: =L24+J24+G24+E24 -> 22880 | Q24: =T24+R24 -> 503 | R24: 303 | S24: 5444964.5 | T24: 200 | U24: 936296 | V24: =U24+S24 -> 6381260.5 | W24: =V24/$AG$48 -> 491.77068 | X24: 129.98356 | Y24: 250 | Z24: 400 | AA24: 12 | AB24: =X24+Z24+Y24+AA24 -> 791.98356 | AC24: 8719723.1 | AD24: =AC24/$AG$48 -> 671.98386 | AE24: 866.41 | AF24: 8230895 | AG24: =AF24/$AG$48 -> 634.31242
B25: 14 | C25: 92 | D25: 884 | E25: 17640 | F25: 19184717 | G25: 3800 | H25: 6199143.3 | I25: =F25+H25 -> 25383860 | J25: 2200 | K25: 2392651.8 | L25: 540 | M25: 880930.89 | N25: =+K25+M25 -> 3273582.7 | O25: =N25+I25 -> 28657443 | P25: =L25+J25+G25+E25 -> 24180 | Q25: =T25+R25 -> 500 | R25: 298 | S25: 5355113.6 | T25: 202 | U25: 945658.96 | V25: =U25+S25 -> 6300772.6 | W25: =V25/$AG$48 -> 485.56789 | X25: 122.16924 | AA25: 0 | AB25: =X25+Z25+Y25+AA25 -> 122.16924 | AC25: 1240384.3 | AD25: =AC25/$AG$48 -> 95.589988 | AE25: 613.51 | AF25: 5828345 | AG25: =AF25/$AG$48 -> 449.16034
B26: 15 | C26: 91 | D26: 754 | E26: 17520 | F26: 19054209 | G26: 3720 | H26: 6068635 | I26: =F26+H26 -> 25122844 | J26: 2120 | K26: 2305646.3 | L26: 500 | M26: 815676.75 | N26: =+K26+M26 -> 3121323 | O26: =N26+I26 -> 28244167 | P26: =L26+J26+G26+E26 -> 23860 | Q26: =T26+R26 -> 492 | R26: 288 | S26: 5175411.8 | T26: 204 | U26: 955021.92 | V26: =U26+S26 -> 6130433.8 | W26: =V26/$AG$48 -> 472.44076 | X26: 133.44764 | AA26: 12 | AB26: =X26+Z26+Y26+AA26 -> 145.44764 | AC26: 2052893.9 | AD26: =AC26/$AG$48 -> 158.20589 | AE26: 554.11 | AF26: 5264045 | AG26: =AF26/$AG$48 -> 405.67266
B27: 16 | C27: 93 | D27: 806 | E27: 16600 | F27: 18053645 | G27: 3600 | H27: 5872872.6 | I27: =F27+H27 -> 23926518 | J27: 1940 | K27: 2109883.9 | L27: 460 | M27: 750422.61 | N27: =+K27+M27 -> 2860306.5 | O27: =N27+I27 -> 26786824 | P27: =L27+J27+G27+E27 -> 22600 | Q27: =T27+R27 -> 570 | R27: 250 | S27: 4492545 | T27: 320 | U27: 1498073.6 | V27: =U27+S27 -> 5990618.6 | W27: =V27/$AG$48 -> 461.66593 | X27: 131.03084 | AA27: 0 | AB27: =X27+Z27+Y27+AA27 -> 131.03084 | AC27: 1330356.1 | AD27: =AC27/$AG$48 -> 102.52365 | AE27: 520.16 | AF27: 4941520 | AG27: =AF27/$AG$48 -> 380.81733
B28: 17 | C28: 123 | D28: 948 | E28: 15400 | F28: 16748563 | G28: 3480 | H28: 5677110.2 | I28: =F28+H28 -> 22425673 | J28: 2160 | K28: 2349149 | L28: 440 | M28: 717795.54 | N28: =+K28+M28 -> 3066944.6 | O28: =N28+I28 -> 25492617 | P28: =L28+J28+G28+E28 -> 21480 | Q28: =T28+R28 -> 518 | R28: 279 | S28: 5013680.2 | T28: 239 | U28: 1118873.7 | V28: =U28+S28 -> 6132553.9 | W28: =V28/$AG$48 -> 472.60415 | X28: 149.15684 | AA28: 12 | AB28: =X28+Z28+Y28+AA28 -> 161.15684 | AC28: 1653889.4 | AD28: =AC28/$AG$48 -> 127.45668 | AE28: 538.76 | AF28: 5118220 | AG28: =AF28/$AG$48 -> 394.43469
B29: 18 | C29: 116 | D29: 907 | E29: 16400 | F29: 17836132 | G29: 3320 | H29: 5416093.6 | I29: =F29+H29 -> 23252225 | J29: 2160 | K29: 2349149 | L29: 540 | M29: 880930.89 | N29: =+K29+M29 -> 3230079.9 | O29: =N29+I29 -> 26482305 | P29: =L29+J29+G29+E29 -> 22420 | Q29: =T29+R29 -> 492 | R29: 254 | S29: 4564425.7 | T29: 238 | U29: 1114192.2 | V29: =U29+S29 -> 5678618 | W29: =V29/$AG$48 -> 437.62165 | X29: 119.47048 | Z29: 400 | AA29: 12 | AB29: =X29+Z29+Y29+AA29 -> 531.47048 | AC29: 5820483.8 | AD29: =AC29/$AG$48 -> 448.55452 | AE29: 571.08 | AF29: 5425260 | AG29: =AF29/$AG$48 -> 418.09667
B30: 19 | C30: 84 | D30: 1015 | E30: 17160 | F30: 18662684 | G30: 3960 | H30: 6460159.9 | I30: =F30+H30 -> 25122844 | J30: 2100 | K30: 2283894.9 | L30: 480 | M30: 783049.68 | N30: =+K30+M30 -> 3066944.6 | O30: =N30+I30 -> 28189788 | P30: =L30+J30+G30+E30 -> 23700 | Q30: =T30+R30 -> 265 | R30: 12 | S30: 215642.16 | T30: 253 | U30: 1184414.4 | V30: =U30+S30 -> 1400056.6 | W30: =V30/$AG$48 -> 107.89511 | X30: 115.16052 | Y30: 250 | AA30: 12 | AB30: =X30+Z30+Y30+AA30 -> 377.16052 | AC30: 4101224.8 | AD30: =AC30/$AG$48 -> 316.06014 | AE30: 574.78 | AF30: 5460410 | AG30: =AF30/$AG$48 -> 420.8055
B31: 20 | C31: 73 | D31: 843 | E31: 17520 | F31: 19054209 | G31: 3720 | H31: 6068635 | I31: =F31+H31 -> 25122844 | J31: 1940 | K31: 2109883.9 | L31: 500 | M31: 815676.75 | N31: =+K31+M31 -> 2925560.6 | O31: =N31+I31 -> 28048405 | P31: =L31+J31+G31+E31 -> 23680 | Q31: =T31+R31 -> 523 | R31: 202 | S31: 3629976.4 | T31: 321 | U31: 1502755.1 | V31: =U31+S31 -> 5132731.4 | W31: =V31/$AG$48 -> 395.55301 | X31: 113.14652 | AA31: 12 | AB31: =X31+Z31+Y31+AA31 -> 125.14652 | AC31: 1288276.6 | AD31: =AC31/$AG$48 -> 99.280802 | AE31: 747.27 | AF31: 7099065 | AG31: =AF31/$AG$48 -> 547.08814
B32: 21 | C32: 77 | D32: 785 | E32: 17920 | F32: 19489236 | G32: 3800 | H32: 6199143.3 | I32: =F32+H32 -> 25688380 | J32: 1920 | K32: 2088132.5 | L32: 500 | M32: 815676.75 | N32: =+K32+M32 -> 2903809.2 | O32: =N32+I32 -> 28592189 | P32: =L32+J32+G32+E32 -> 24140 | Q32: =T32+R32 -> 375 | R32: 0 | S32: 0 | T32: 375 | U32: 1755555 | V32: =U32+S32 -> 1755555 | W32: =V32/$AG$48 -> 135.29152 | X32: 122.93456 | AA32: 24 | AB32: =X32+Z32+Y32+AA32 -> 146.93456 | AC32: 2085654.6 | AD32: =AC32/$AG$48 -> 160.73059 | AE32: 586.36 | AF32: 5570420 | AG32: =AF32/$AG$48 -> 429.2834
B33: 22 | C33: 77 | D33: 705 | E33: 16960 | F33: 18445170 | G33: 3720 | H33: 6068635 | I33: =F33+H33 -> 24513805 | J33: 1920 | K33: 2088132.5 | L33: 500 | M33: 815676.75 | N33: =+K33+M33 -> 2903809.2 | O33: =N33+I33 -> 27417614 | P33: =L33+J33+G33+E33 -> 23100 | Q33: =T33+R33 -> 402 | R33: 0 | S33: 0 | T33: 402 | U33: 1881955 | V33: =U33+S33 -> 1881955 | W33: =V33/$AG$48 -> 145.03251 | X33: 121.40392 | AA33: 24 | AB33: =X33+Z33+Y33+AA33 -> 145.40392 | AC33: 1511614 | AD33: =AC33/$AG$48 -> 116.49226 | AE33: 610.78 | AF33: 5802410 | AG33: =AF33/$AG$48 -> 447.16166
B34: 23 | C34: 76 | D34: 673 | E34: 21320 | F34: 23186971 | G34: 3520 | H34: 5742364.3 | I34: =F34+H34 -> 28929335 | J34: 1940 | K34: 2109883.9 | L34: 480 | M34: 783049.68 | N34: =+K34+M34 -> 2892933.5 | O34: =N34+I34 -> 31822269 | P34: =L34+J34+G34+E34 -> 27260 | Q34: =T34+R34 -> 488 | R34: 265 | S34: 4762097.7 | T34: 223 | U34: 1043970 | V34: =U34+S34 -> 5806067.7 | W34: =V34/$AG$48 -> 447.44355 | X34: 123.69988 | AA34: 0 | AB34: =X34+Z34+Y34+AA34 -> 123.69988 | AC34: 1255924.9 | AD34: =AC34/$AG$48 -> 96.787621 | AE34: 555.79 | AF34: 5280005 | AG34: =AF34/$AG$48 -> 406.90262
B35: 24 | C35: 77 | D35: 727 | E35: 12120 | F35: 13181336 | G35: 3440 | H35: 5611856 | I35: =F35+H35 -> 18793192 | J35: 2020 | K35: 2196889.4 | L35: 480 | M35: 783049.68 | N35: =+K35+M35 -> 2979939.1 | O35: =N35+I35 -> 21773131 | P35: =L35+J35+G35+E35 -> 18060 | Q35: =T35+R35 -> 637 | R35: 206 | S35: 3701857.1 | T35: 431 | U35: 2017717.9 | V35: =U35+S35 -> 5719575 | W35: =V35/$AG$48 -> 440.778 | X35: 122.49148 | Y35: 250 | Z35: 400 | AA35: 60 | AB35: =X35+Z35+Y35+AA35 -> 832.49148 | AC35: 9201656 | AD35: =AC35/$AG$48 -> 709.12393 | AE35: 607.5 | AF35: 5771250 | AG35: =AF35/$AG$48 -> 444.76032
B36: 25 | C36: 69 | D36: 720 | E36: 16120 | F36: 17531612 | G36: 3440 | H36: 5611856 | I36: =F36+H36 -> 23143468 | J36: 1900 | K36: 2066381.1 | L36: 500 | M36: 815676.75 | N36: =+K36+M36 -> 2882057.8 | O36: =N36+I36 -> 26025526 | P36: =L36+J36+G36+E36 -> 21960 | Q36: =T36+R36 -> 664.9 | R36: 187 | S36: 3360423.7 | T36: 477.9 | U36: 2237279.3 | V36: =U36+S36 -> 5597703 | W36: =V36/$AG$48 -> 431.38595 | X36: 114.15352 | AA36: 12 | AB36: =X36+Z36+Y36+AA36 -> 126.15352 | AC36: 1298500.7 | AD36: =AC36/$AG$48 -> 100.06872 | AE36: 604.26 | AF36: 5740470 | AG36: =AF36/$AG$48 -> 442.38827
B37: 26 | C37: 59 | D37: 695 | E37: 16800 | F37: 18271159 | G37: 3560 | H37: 5807618.5 | I37: =F37+H37 -> 24078778 | J37: 1860 | K37: 2022878.3 | L37: 480 | M37: 783049.68 | N37: =+K37+M37 -> 2805928 | O37: =N37+I37 -> 26884706 | P37: =L37+J37+G37+E37 -> 22700 | Q37: =T37+R37 -> 645 | R37: 172 | S37: 3090871 | T37: 473 | U37: 2214340 | V37: =U37+S37 -> 5305211 | W37: =V37/$AG$48 -> 408.84511 | X37: 111.05196 | AA37: 12 | AB37: =X37+Z37+Y37+AA37 -> 123.05196 | AC37: 1267010.5 | AD37: =AC37/$AG$48 -> 97.641936 | AE37: 610.86 | AF37: 5803170 | AG37: =AF37/$AG$48 -> 447.22023
B38: 27 | C38: 43 | D38: 566 | E38: 16000 | F38: 17401104 | G38: 3560 | H38: 5807618.5 | I38: =F38+H38 -> 23208722 | J38: 1940 | K38: 2109883.9 | L38: 480 | M38: 783049.68 | N38: =+K38+M38 -> 2892933.5 | O38: =N38+I38 -> 26101656 | P38: =L38+J38+G38+E38 -> 21980 | Q38: =T38+R38 -> 665 | R38: 150 | S38: 2695527 | T38: 515 | U38: 2410962.2 | V38: =U38+S38 -> 5106489.2 | W38: =V38/$AG$48 -> 393.53066 | X38: 114.63688 | AA38: 24 | AB38: =X38+Z38+Y38+AA38 -> 138.63688 | AC38: 2001408.2 | AD38: =AC38/$AG$48 -> 154.23816 | AE38: 503.61 | AF38: 4784295 | AG38: =AF38/$AG$48 -> 368.70082
B39: 28 | C39: 37 | D39: 361 | E39: 16320 | F39: 17749126 | G39: 3600 | H39: 5872872.6 | I39: =F39+H39 -> 23621999 | J39: 1860 | K39: 2022878.3 | L39: 460 | M39: 750422.61 | N39: =+K39+M39 -> 2773300.9 | O39: =N39+I39 -> 26395300 | P39: =L39+J39+G39+E39 -> 22240 | Q39: =T39+R39 -> 509 | R39: 0 | S39: 0 | T39: 509 | U39: 2382873.3 | V39: =U39+S39 -> 2382873.3 | W39: =V39/$AG$48 -> 183.6357 | X39: 110.89084 | AA39: 0 | AB39: =X39+Z39+Y39+AA39 -> 110.89084 | AC39: 1125874.7 | AD39: =AC39/$AG$48 -> 86.765328 | AE39: 866.41 | AF39: 8230895 | AG39: =AF39/$AG$48 -> 634.31242
B40: 29 | C40: 37 | D40: 396 | E40: 16480 | F40: 17923137 | G40: 3280 | H40: 5350839.5 | I40: =F40+H40 -> 23273977 | J40: 1460 | K40: 1587850.7 | L40: 360 | M40: 587287.26 | N40: =+K40+M40 -> 2175138 | O40: =N40+I40 -> 25449115 | P40: =L40+J40+G40+E40 -> 21580 | Q40: =T40+R40 -> 486 | R40: 0 | S40: 0 | T40: 486 | U40: 2275199.3 | V40: =U40+S40 -> 2275199.3 | W40: =V40/$AG$48 -> 175.33782 | X40: 110.24636 | Y40: 250 | Z40: 400 | AA40: 0 | AB40: =X40+Z40+Y40+AA40 -> 760.24636 | AC40: 8379831.3 | AD40: =AC40/$AG$48 -> 645.79016 | AE40: 613.51 | AF40: 5828345 | AG40: =AF40/$AG$48 -> 449.16034
B41: 30 | C41: 33 | D41: 464 | E41: 15440 | F41: 16792065 | G41: 3400 | H41: 5546601.9 | I41: =F41+H41 -> 22338667 | J41: 1460 | K41: 1587850.7 | L41: 400 | M41: 652541.4 | N41: =+K41+M41 -> 2240392.1 | O41: =N41+I41 -> 24579059 | P41: =L41+J41+G41+E41 -> 20700 | Q41: =T41+R41 -> 712 | R41: 183 | S41: 3288542.9 | T41: 529 | U41: 2476502.9 | V41: =U41+S41 -> 5765045.9 | W41: =V41/$AG$48 -> 444.2822 | X41: 123.33736 | AA41: 24 | AB41: =X41+Z41+Y41+AA41 -> 147.33736 | AC41: 1531244.2 | AD41: =AC41/$AG$48 -> 118.00506 | AE41: 554.11 | AF41: 5264045 | AG41: =AF41/$AG$48 -> 405.67266
B42: 31 | C42: 35 | D42: 418 | E42: 24720 | F42: 26884706 | G42: 3440 | H42: 5611856 | I42: =F42+H42 -> 32496562 | J42: 2580 | K42: 2805928 | L42: 420 | M42: 685168.47 | N42: =+K42+M42 -> 3491096.5 | O42: =N42+I42 -> 35987658 | P42: =L42+J42+G42+E42 -> 31160 | Q42: =T42+R42 -> 742 | R42: 173 | S42: 3108841.1 | T42: 569 | U42: 2663762.1 | V42: =U42+S42 -> 5772603.3 | W42: =V42/$AG$48 -> 444.86461 | X42: 121.36364 | AA42: 12 | AB42: =X42+Z42+Y42+AA42 -> 133.36364 | AC42: 1371705 | AD42: =AC42/$AG$48 -> 105.7102 | AE42: 758.46 | AF42: 7205370 | AG42: =AF42/$AG$48 -> 555.28052
C47: =SUM(C12:C43) -> 2411 | D47: =SUM(D12:D43) -> 23030 | E47: =SUM(E12:E43) -> 514600 | F47: =SUM(F12:F43) -> 5.5966301e+08 | G47: =SUM(G12:G43) -> 110920 | H47: =SUM(H12:H43) -> 1.8094973e+08 | I47: =SUM(I12:I43) -> 7.4061274e+08 | J47: =SUM(J12:J43) -> 61440 | ... P47: =SUM(P12:P43) -> 702120 | Q47: =SUM(Q12:Q42) -> 18098.4 | R47: =SUM(R12:R42) -> 6153 | S47: =SUM(S12:S42) -> 1.1057052e+08 | T47: =SUM(T12:T42) -> 11945.4 | U47: =SUM(U12:U42) -> 55922151 | V47: =SUM(V12:V42) -> 1.6649267e+08 | W47: =V47/$AG$48 -> 12830.727 | X47: =SUM(X12:X41) -> 3497.9555 | Y47: =SUM(Z12:Z41) -> 2400 | Z47: =SUM(#REF!) -> #REF! | AA47: =SUM(AA12:AA42) -> 468 | AB47: =SUM(AB12:AB42) -> 7987.3191 | AC47: =SUM(AC12:AC43) -> 88542947 | AD47: =AC47/$AG$48 -> 6823.546 | AE47: =SUM(AE12:AE43) -> 19212.5 | AF47: =SUM(AF12:AF43) -> 1.8251875e+08 | AG47: =AF47/AG48 -> 14065.774
Q48: m3/RNs | AG48: 12976.09
P50: =O47/P47 -> 1185.2166 | V50: =V47/Q47 -> 9199.3032 | AC50: =AC47/AB47 -> 11085.44 | AF50: =AF47/AE47 -> 9500

Sheet RNs & Covers August 2018
A1: Four Seasons Resort Bali at Jimbaran Bay
A2: 43313
A3: Date | B3: Room Nights | C3: Food Covers
A6: 1 | B6: 65 | C6: 576
A7: 2 | B7: 66 | C7: 612
A8: =A7+1 -> 3 | B8: 74 | C8: 647
A9: =A8+1 -> 4 | B9: 78 | C9: 969
A10: =A9+1 -> 5 | B10: 66 | C10: 734
A11: =A10+1 -> 6 | B11: 69 | C11: 643
A12: =A11+1 -> 7 | B12: 76 | C12: 626
A13: =A12+1 -> 8 | B13: 82 | C13: 838
A14: =A13+1 -> 9 | B14: 95 | C14: 832
A15: =A14+1 -> 10 | B15: 113 | C15: 905
A16: =A15+1 -> 11 | B16: 120 | C16: 944
A17: =A16+1 -> 12 | B17: 110 | C17: 1116
A18: =A17+1 -> 13 | B18: 105 | C18: 921
A19: =A18+1 -> 14 | B19: 92 | C19: 884
... A35: =A34+1 -> 30 | B35: 33 | C35: 464
A36: 31 | B36: 35 | C36: 418
B38: =SUM(B6:B36) -> 2411 | C38: =SUM(C6:C36) -> 23030
