Workbook

Sheet TOTAL
A1: Site Name | B1: Day | C1: Month | D1: Year | E1: Total Electricity Kwh | F1: Electricity Tariff ($/Kwh) | G1: LPG (Kg) | H1: LPG $/Kg | I1: Total Fuel Oil (Liter) | J1: Fuel Oil $/Liter | K1: Water Utility Supply (m3) m3 | L1: Water Utility Supply (m3) $/m3 | M1: Room Nights | N1: Food Covers
A2: Bali Jimbaran | B2: 1 | C2: 10 | D2: 2018 | E2: ='FS Jimbaran October 2018'!P12 -> 14940 | F2: ='FS Jimbaran October 2018'!O12/'FS Jimbaran October 2018'!P12 -> 1254.2713 | G2: ='FS Jimbaran October 2018'!AB12 -> 101.46532 | H2: ='FS Jimbaran October 2018'!AC12/'FS Jimbaran October 2018'!AB12 -> 13376 | I2: ='FS Jimbaran October 2018'!AE12 -> 456.28 | J2: ='FS Jimbaran October 2018'!AF12/'FS Jimbaran October 2018'!AE12 -> 10000 | K2: ='FS Jimbaran October 2018'!Q12 -> 921.1 | L2: ='FS Jimbaran October 2018'!V12/'FS Jimbaran October 2018'!Q12 -> 7701.0927 | M2: =+'RNs & Covers October 2018'!B6 -> 103 | N2: =+'RNs & Covers October 2018'!C6 -> 616
A3: Bali Jimbaran | B3: =B2+1 -> 2 | C3: 10 | D3: 2018 | E3: ='FS Jimbaran October 2018'!P13 -> 25960 | F3: ='FS Jimbaran October 2018'!O13/'FS Jimbaran October 2018'!P13 -> 1183.9253 | G3: ='FS Jimbaran October 2018'!AB13 -> 551.04656 | H3: ='FS Jimbaran October 2018'!AC13/'FS Jimbaran October 2018'!AB13 -> 13856.155 | I3: ='FS Jimbaran October 2018'!AE13 -> 421.8 | J3: ='FS Jimbaran October 2018'!AF13/'FS Jimbaran October 2018'!AE13 -> 10000 | K3: ='FS Jimbaran October 2018'!Q13 -> 952 | L3: ='FS Jimbaran October 2018'!V13/'FS Jimbaran October 2018'!Q13 -> 7745.2301 | M3: =+'RNs & Covers October 2018'!B7 -> 118 | N3: =+'RNs & Covers October 2018'!C7 -> 745
A4: Bali Jimbaran | B4: =B3+1 -> 3 | C4: 10 | D4: 2018 | E4: ='FS Jimbaran October 2018'!P14 -> 25660 | F4: ='FS Jimbaran October 2018'!O14/'FS Jimbaran October 2018'!P14 -> 1182.0849 | G4: ='FS Jimbaran October 2018'!AB14 -> 142.83288 | H4: ='FS Jimbaran October 2018'!AC14/'FS Jimbaran October 2018'!AB14 -> 13376 | I4: ='FS Jimbaran October 2018'!AE14 -> 248.07 | J4: ='FS Jimbaran October 2018'!AF14/'FS Jimbaran October 2018'!AE14 -> 10000 | K4: ='FS Jimbaran October 2018'!Q14 -> 939 | L4: ='FS Jimbaran October 2018'!V14/'FS Jimbaran October 2018'!Q14 -> 7645.7538 | M4: =+'RNs & Covers October 2018'!B8 -> 120 | N4: =+'RNs & Covers October 2018'!C8 -> 878
A5: Bali Jimbaran | B5: =B4+1 -> 4 | C5: 10 | D5: 2018 | E5: ='FS Jimbaran October 2018'!P15 -> 26120 | F5: ='FS Jimbaran October 2018'!O15/'FS Jimbaran October 2018'!P15 -> 1185.0005 | G5: ='FS Jimbaran October 2018'!AB15 -> 24 | H5: ='FS Jimbaran October 2018'!AC15/'FS Jimbaran October 2018'!AB15 -> 40979.167 | I5: ='FS Jimbaran October 2018'!AE15 -> 1150.63 | J5: ='FS Jimbaran October 2018'!AF15/'FS Jimbaran October 2018'!AE15 -> 10000 | K5: ='FS Jimbaran October 2018'!Q15 -> 965.5 | L5: ='FS Jimbaran October 2018'!V15/'FS Jimbaran October 2018'!Q15 -> 7785.8788 | M5: =+'RNs & Covers October 2018'!B9 -> 124 | N5: =+'RNs & Covers October 2018'!C9 -> 790
A6: Bali Jimbaran | B6: =B5+1 -> 5 | C6: 10 | D6: 2018 | E6: ='FS Jimbaran October 2018'!P16 -> 25940 | F6: ='FS Jimbaran October 2018'!O16/'FS Jimbaran October 2018'!P16 -> 1184.4188 | G6: ='FS Jimbaran October 2018'!AB16 -> 406.04472 | H6: ='FS Jimbaran October 2018'!AC16/'FS Jimbaran October 2018'!AB16 -> 13815.607 | I6: ='FS Jimbaran October 2018'!AE16 -> 633.35 | J6: ='FS Jimbaran October 2018'!AF16/'FS Jimbaran October 2018'!AE16 -> 10000 | K6: ='FS Jimbaran October 2018'!Q16 -> 887 | L6: ='FS Jimbaran October 2018'!V16/'FS Jimbaran October 2018'!Q16 -> 7382.0416 | M6: =+'RNs & Covers October 2018'!B10 -> 115 | N6: =+'RNs & Covers October 2018'!C10 -> 918
A7: Bali Jimbaran | B7: =B6+1 -> 6 | C7: 10 | D7: 2018 | E7: ='FS Jimbaran October 2018'!P17 -> 26820 | F7: ='FS Jimbaran October 2018'!O17/'FS Jimbaran October 2018'!P17 -> 1183.6741 | G7: ='FS Jimbaran October 2018'!AB17 -> 164.62092 | H7: ='FS Jimbaran October 2018'!AC17/'FS Jimbaran October 2018'!AB17 -> 13248.361 | I7: ='FS Jimbaran October 2018'!AE17 -> 609.93 | J7: ='FS Jimbaran October 2018'!AF17/'FS Jimbaran October 2018'!AE17 -> 10000 | K7: ='FS Jimbaran October 2018'!Q17 -> 1003.5 | L7: ='FS Jimbaran October 2018'!V17/'FS Jimbaran October 2018'!Q17 -> 7751.4967 | M7: =+'RNs & Covers October 2018'!B11 -> 89 | N7: =+'RNs & Covers October 2018'!C11 -> 807
A8: Bali Jimbaran | B8: =B7+1 -> 7 | C8: 10 | D8: 2018 | E8: ='FS Jimbaran October 2018'!P18 -> 26160 | F8: ='FS Jimbaran October 2018'!O18/'FS Jimbaran October 2018'!P18 -> 1181.9414 | G8: ='FS Jimbaran October 2018'!AB18 -> 578.5072 | H8: ='FS Jimbaran October 2018'!AC18/'FS Jimbaran October 2018'!AB18 -> 13724.4 | I8: ='FS Jimbaran October 2018'!AE18 -> 604.82 | J8: ='FS Jimbaran October 2018'!AF18/'FS Jimbaran October 2018'!AE18 -> 10000 | K8: ='FS Jimbaran October 2018'!Q18 -> 934.3 | L8: ='FS Jimbaran October 2018'!V18/'FS Jimbaran October 2018'!Q18 -> 7815.1604 | M8: =+'RNs & Covers October 2018'!B12 -> 71 | N8: =+'RNs & Covers October 2018'!C12 -> 695
A9: Bali Jimbaran | B9: =B8+1 -> 8 | C9: 10 | D9: 2018 | E9: ='FS Jimbaran October 2018'!P19 -> 24860 | F9: ='FS Jimbaran October 2018'!O19/'FS Jimbaran October 2018'!P19 -> 1177.6894 | G9: ='FS Jimbaran October 2018'!AB19 -> 167.078 | H9: ='FS Jimbaran October 2018'!AC19/'FS Jimbaran October 2018'!AB19 -> 13250.238 | I9: ='FS Jimbaran October 2018'!AE19 -> 550.2 | J9: ='FS Jimbaran October 2018'!AF19/'FS Jimbaran October 2018'!AE19 -> 10000 | K9: ='FS Jimbaran October 2018'!Q19 -> 779.7 | L9: ='FS Jimbaran October 2018'!V19/'FS Jimbaran October 2018'!Q19 -> 8497.8521 | M9: =+'RNs & Covers October 2018'!B13 -> 55 | N9: =+'RNs & Covers October 2018'!C13 -> 596
A10: Bali Jimbaran | B10: =B9+1 -> 9 | C10: 10 | D10: 2018 | E10: ='FS Jimbaran October 2018'!P20 -> 24420 | F10: ='FS Jimbaran October 2018'!O20/'FS Jimbaran October 2018'!P20 -> 1189.1111 | G10: ='FS Jimbaran October 2018'!AB20 -> 140.85916 | H10: ='FS Jimbaran October 2018'!AC20/'FS Jimbaran October 2018'!AB20 -> 13376 | I10: ='FS Jimbaran October 2018'!AE20 -> 413.95 | J10: ='FS Jimbaran October 2018'!AF20/'FS Jimbaran October 2018'!AE20 -> 10000 | K10: ='FS Jimbaran October 2018'!Q20 -> 900 | L10: ='FS Jimbaran October 2018'!V20/'FS Jimbaran October 2018'!Q20 -> 8296.0337 | M10: =+'RNs & Covers October 2018'!B14 -> 73 | N10: =+'RNs & Covers October 2018'!C14 -> 474
A11: Bali Jimbaran | B11: =B10+1 -> 10 | C11: 10 | D11: 2018 | E11: ='FS Jimbaran October 2018'!P21 -> 23860 | F11: ='FS Jimbaran October 2018'!O21/'FS Jimbaran October 2018'!P21 -> 1185.5687 | G11: ='FS Jimbaran October 2018'!AB21 -> 379.13768 | H11: ='FS Jimbaran October 2018'!AC21/'FS Jimbaran October 2018'!AB21 -> 15704.969 | I11: ='FS Jimbaran October 2018'!AE21 -> 628.77 | J11: ='FS Jimbaran October 2018'!AF21/'FS Jimbaran October 2018'!AE21 -> 10000 | K11: ='FS Jimbaran October 2018'!Q21 -> 678.1 | L11: ='FS Jimbaran October 2018'!V21/'FS Jimbaran October 2018'!Q21 -> 8547.1357 | M11: =+'RNs & Covers October 2018'!B15 -> 83 | N11: =+'RNs & Covers October 2018'!C15 -> 586
A12: Bali Jimbaran | B12: =B11+1 -> 11 | C12: 10 | D12: 2018 | E12: ='FS Jimbaran October 2018'!P22 -> 26520 | F12: ='FS Jimbaran October 2018'!O22/'FS Jimbaran October 2018'!P22 -> 1179.8401 | G12: ='FS Jimbaran October 2018'!AB22 -> 141.5842 | H12: ='FS Jimbaran October 2018'!AC22/'FS Jimbaran October 2018'!AB22 -> 13376 | I12: ='FS Jimbaran October 2018'!AE22 -> 790.5 | J12: ='FS Jimbaran October 2018'!AF22/'FS Jimbaran October 2018'!AE22 -> 10000 | K12: ='FS Jimbaran October 2018'!Q22 -> 877.4 | L12: ='FS Jimbaran October 2018'!V22/'FS Jimbaran October 2018'!Q22 -> 7995.805 | M12: =+'RNs & Covers October 2018'!B16 -> 105 | N12: =+'RNs & Covers October 2018'!C16 -> 683
A13: Bali Jimbaran | B13: =B12+1 -> 12 | C13: 10 | D13: 2018 | E13: ='FS Jimbaran October 2018'!P23 -> 26260 | F13: ='FS Jimbaran October 2018'!O23/'FS Jimbaran October 2018'!P23 -> 1186.1377 | G13: ='FS Jimbaran October 2018'!AB23 -> 162.96944 | H13: ='FS Jimbaran October 2018'!AC23/'FS Jimbaran October 2018'!AB23 -> 13247.068 | I13: ='FS Jimbaran October 2018'!AE23 -> 597.98 | J13: ='FS Jimbaran October 2018'!AF23/'FS Jimbaran October 2018'!AE23 -> 10000 | K13: ='FS Jimbaran October 2018'!Q23 -> 933 | L13: ='FS Jimbaran October 2018'!V23/'FS Jimbaran October 2018'!Q23 -> 7621.7127 | M13: =+'RNs & Covers October 2018'!B17 -> 99 | N13: =+'RNs & Covers October 2018'!C17 -> 787
A14: Bali Jimbaran | B14: =B13+1 -> 13 | C14: 10 | D14: 2018 | E14: ='FS Jimbaran October 2018'!P24 -> 24640 | F14: ='FS Jimbaran October 2018'!O24/'FS Jimbaran October 2018'!P24 -> 1183.7906 | G14: ='FS Jimbaran October 2018'!AB24 -> 605.56848 | H14: ='FS Jimbaran October 2018'!AC24/'FS Jimbaran October 2018'!AB24 -> 13639.435 | I14: ='FS Jimbaran October 2018'!AE24 -> 602.28 | J14: ='FS Jimbaran October 2018'!AF24/'FS Jimbaran October 2018'!AE24 -> 10000 | K14: ='FS Jimbaran October 2018'!Q24 -> 883.3 | L14: ='FS Jimbaran October 2018'!V24/'FS Jimbaran October 2018'!Q24 -> 7914.7967 | M14: =+'RNs & Covers October 2018'!B18 -> 83 | N14: =+'RNs & Covers October 2018'!C18 -> 772
... A32: Bali Jimbaran | B32: =B31+1 -> 31 | C32: 10 | D32: 2019 | E32: ='FS Jimbaran October 2018'!P42 -> 37940 | F32: ='FS Jimbaran October 2018'!O42/'FS Jimbaran October 2018'!P42 -> 1159.2327 | G32: ='FS Jimbaran October 2018'!AB42 -> 145.36708 | H32: ='FS Jimbaran October 2018'!AC42/'FS Jimbaran October 2018'!AB42 -> 13231.456 | I32: ='FS Jimbaran October 2018'!AE42 -> 576.14 | J32: ='FS Jimbaran October 2018'!AF42/'FS Jimbaran October 2018'!AE42 -> 10000 | K32: ='FS Jimbaran October 2018'!Q42 -> 952 | L32: ='FS Jimbaran October 2018'!V42/'FS Jimbaran October 2018'!Q42 -> 8215.6608 | M32: =+'RNs & Covers October 2018'!B36 -> 117 | N32: =+'RNs & Covers October 2018'!C36 -> 478

Sheet FS Jimbaran October 2018
B6: Four Seasons Resort Bali at Jimbaran Bay
B7: OCTOBER 2018
B8: Date | C8: Room Nights | D8: Food Covers | E8: ELECTRICITY Resort, Sundara & Residences | Q8: WATER | X8: GAS
E9: Electricity Resort | J9: Electricity - Sundara | O9: Sub Total (Resort & Sundara) Cost (IDR) | P9: Sub Total (Resort & Sundara), KWh | R9: Water (m3) | V9: Total Water Cost | X9: LPG | AE9: Diesel
E10: BASED LOAD KWh (from 10 pm - 6 pm) | F10: Cost (IDR) | G10: PEAK LOAD KWh (from 6 pm - 10 pm) | H10: Cost (IDR) | I10: Resort Cost (IDR) | J10: BASED LOAD KWh (from 10 pm - 6 pm) | K10: Cost (IDR) | L10: PEAK LOAD KWh (from 6 pm - 10 pm) | M10: Cost (IDR) | N10: Sundara Cost (IDR) | Q10: Water consumption (m3) | R10: Municipal Water (m3) | S10: Municipal Water cost (IDR) | T10: Deepwell Consumption (m3) | U10: Deepwell water Cost (IDR) | V10: IDR | W10: USD | X10: LPG Bulk (m3) | Y10: 50 Kg (tube) IVD & TW | Z10: Sundara 50 kg (tube) | AA10: 12 Kg (tube) | AB10: Total kg | AC10: IDR | AD10: USD | AE10: Used (liters) | AF10: IDR | AG10: USD
B12: 1 | C12: 103 | D12: 616 | E12: 9720 | F12: 10571171 | G12: 4200 | H12: 6851684.7 | I12: =F12+H12 -> 17422855 | J12: 640 | K12: 696044.16 | L12: 380 | M12: 619914.33 | N12: =+K12+M12 -> 1315958.5 | O12: =N12+I12 -> 18738814 | P12: =L12+J12+G12+E12 -> 14940 | Q12: =T12+R12 -> 921.1 | R12: 203 | S12: 3647946.5 | T12: 718.1 | U12: 3445530 | V12: =U12+S12 -> 7093476.5 | W12: =V12/$AG$47 -> 546.65747 | X12: 101.46532 | AA12: 0 | AB12: =X12+Y12+Z12+AA12 -> 101.46532 | AC12: 1357200.1 | AD12: =AC12/$AG$47 -> 104.59238 | AE12: 456.28 | AF12: 4562800 | AG12: =AF12/$AG$47 -> 351.63135
B13: 2 | C13: 118 | D13: 745 | E13: 18800 | F13: 20446297 | G13: 4200 | H13: 6851684.7 | I13: =F13+H13 -> 27297982 | J13: 2560 | K13: 2784176.6 | L13: 400 | M13: 652541.4 | N13: =+K13+M13 -> 3436718 | O13: =N13+I13 -> 30734700 | P13: =L13+J13+G13+E13 -> 25960 | Q13: =T13+R13 -> 952 | R13: 213 | S13: 3827648.3 | T13: 739 | U13: 3545810.7 | V13: =U13+S13 -> 7373459 | W13: =V13/$AG$47 -> 568.23427 | X13: 139.04656 | Z13: 400 | AA13: 12 | AB13: =X13+Y13+Z13+AA13 -> 551.04656 | AC13: 7635386.8 | AD13: =AC13/$AG$47 -> 588.41968 | AE13: 421.8 | AF13: 4218000 | AG13: =AF13/$AG$47 -> 325.0594
B14: 3 | C14: 120 | D14: 878 | E14: 19520 | F14: 21229347 | G14: 4080 | H14: 6655922.3 | I14: =F14+H14 -> 27885269 | J14: 1680 | K14: 1827115.9 | L14: 380 | M14: 619914.33 | N14: =+K14+M14 -> 2447030.2 | O14: =N14+I14 -> 30332299 | P14: =L14+J14+G14+E14 -> 25660 | Q14: =T14+R14 -> 939 | R14: 203 | S14: 3647946.5 | T14: 736 | U14: 3531416.3 | V14: =U14+S14 -> 7179362.9 | W14: =V14/$AG$47 -> 553.27628 | X14: 142.83288 | AA14: 0 | AB14: =X14+Y14+Z14+AA14 -> 142.83288 | AC14: 1910532.6 | AD14: =AC14/$AG$47 -> 147.23485 | AE14: 248.07 | AF14: 2480700 | AG14: =AF14/$AG$47 -> 191.17469
B15: 4 | C15: 124 | D15: 790 | E15: 19920 | F15: 21664374 | G15: 4280 | H15: 6982193 | I15: =F15+H15 -> 28646567 | J15: 1520 | K15: 1653104.9 | L15: 400 | M15: 652541.4 | N15: =+K15+M15 -> 2305646.3 | O15: =N15+I15 -> 30952214 | P15: =L15+J15+G15+E15 -> 26120 | Q15: =T15+R15 -> 965.5 | R15: 219 | S15: 3935469.4 | T15: 746.5 | U15: 3581796.6 | V15: =U15+S15 -> 7517266 | W15: =V15/$AG$47 -> 579.31673 | X15: 0 | AA15: 24 | AB15: =X15+Y15+Z15+AA15 -> 24 | AC15: 983500 | AD15: =AC15/$AG$47 -> 75.793247 | AE15: 1150.63 | AF15: 11506300 | AG15: =AF15/$AG$47 -> 886.7309
B16: 5 | C16: 115 | D16: 918 | E16: 19600 | F16: 21316352 | G16: 4240 | H16: 6916938.8 | I16: =F16+H16 -> 28233291 | J16: 1720 | K16: 1870618.7 | L16: 380 | M16: 619914.33 | N16: =+K16+M16 -> 2490533 | O16: =N16+I16 -> 30723824 | P16: =L16+J16+G16+E16 -> 25940 | Q16: =T16+R16 -> 887 | R16: 174 | S16: 3126811.3 | T16: 713 | U16: 3421059.6 | V16: =U16+S16 -> 6547870.9 | W16: =V16/$AG$47 -> 504.61047 | X16: 156.04472 | Y16: 250 | AA16: 0 | AB16: =X16+Y16+Z16+AA16 -> 406.04472 | AC16: 5609754.2 | AD16: =AC16/$AG$47 -> 432.31468 | AE16: 633.35 | AF16: 6333500 | AG16: =AF16/$AG$47 -> 488.09002
B17: 6 | C17: 89 | D17: 807 | E17: 20200 | F17: 21968894 | G17: 4320 | H17: 7047447.1 | I17: =F17+H17 -> 29016341 | J17: 1880 | K17: 2044629.7 | L17: 420 | M17: 685168.47 | N17: =+K17+M17 -> 2729798.2 | O17: =N17+I17 -> 31746139 | P17: =L17+J17+G17+E17 -> 26820 | Q17: =T17+R17 -> 1003.5 | R17: 225 | S17: 4043290.5 | T17: 778.5 | U17: 3735336.4 | V17: =U17+S17 -> 7778626.9 | W17: =V17/$AG$47 -> 599.45846 | X17: 152.62092 | AA17: 12 | AB17: =X17+Y17+Z17+AA17 -> 164.62092 | AC17: 2180957.4 | AD17: =AC17/$AG$47 -> 168.07508 | AE17: 609.93 | AF17: 6099300 | AG17: =AF17/$AG$47 -> 470.04144
B18: 7 | C18: 71 | D18: 695 | E18: 19960 | F18: 21707877 | G18: 4120 | H18: 6721176.4 | I18: =F18+H18 -> 28429054 | J18: 1660 | K18: 1805364.5 | L18: 420 | M18: 685168.47 | N18: =+K18+M18 -> 2490533 | O18: =N18+I18 -> 30919587 | P18: =L18+J18+G18+E18 -> 26160 | Q18: =T18+R18 -> 934.3 | R18: 214 | S18: 3845618.5 | T18: 720.3 | U18: 3456085.8 | V18: =U18+S18 -> 7301704.4 | W18: =V18/$AG$47 -> 562.70451 | X18: 130.5072 | Z18: 400 | AA18: 48 | AB18: =X18+Y18+Z18+AA18 -> 578.5072 | AC18: 7939664.3 | AD18: =AC18/$AG$47 -> 611.86878 | AE18: 604.82 | AF18: 6048200 | AG18: =AF18/$AG$47 -> 466.10343
B19: 8 | C19: 55 | D19: 596 | E19: 19200 | F19: 20881325 | G19: 3720 | H19: 6068635 | I19: =F19+H19 -> 26949960 | J19: 1540 | K19: 1674856.3 | L19: 400 | M19: 652541.4 | N19: =+K19+M19 -> 2327397.7 | O19: =N19+I19 -> 29277357 | P19: =L19+J19+G19+E19 -> 24860 | Q19: =T19+R19 -> 779.7 | R19: 219 | S19: 3935469.4 | T19: 560.7 | U19: 2690305.9 | V19: =U19+S19 -> 6625775.3 | W19: =V19/$AG$47 -> 510.61416 | X19: 155.078 | AA19: 12 | AB19: =X19+Y19+Z19+AA19 -> 167.078 | AC19: 2213823.3 | AD19: =AC19/$AG$47 -> 170.60789 | AE19: 550.2 | AF19: 5502000 | AG19: =AF19/$AG$47 -> 424.01062
B20: 9 | C20: 73 | D20: 474 | E20: 18080 | F20: 19663248 | G20: 4120 | H20: 6721176.4 | I20: =F20+H20 -> 26384424 | J20: 1780 | K20: 1935872.8 | L20: 440 | M20: 717795.54 | N20: =+K20+M20 -> 2653668.4 | O20: =N20+I20 -> 29038092 | P20: =L20+J20+G20+E20 -> 24420 | Q20: =T20+R20 -> 900 | R20: 239 | S20: 4294873 | T20: 661 | U20: 3171557.3 | V20: =U20+S20 -> 7466430.3 | W20: =V20/$AG$47 -> 575.39909 | X20: 140.85916 | AA20: 0 | AB20: =X20+Y20+Z20+AA20 -> 140.85916 | AC20: 1884132.1 | AD20: =AC20/$AG$47 -> 145.2003 | AE20: 413.95 | AF20: 4139500 | AG20: =AF20/$AG$47 -> 319.00981
B21: 10 | C21: 83 | D21: 586 | E21: 17760 | F21: 19315225 | G21: 3880 | H21: 6329651.6 | I21: =F21+H21 -> 25644877 | J21: 1800 | K21: 1957624.2 | L21: 420 | M21: 685168.47 | N21: =+K21+M21 -> 2642792.7 | O21: =N21+I21 -> 28287670 | P21: =L21+J21+G21+E21 -> 23860 | Q21: =T21+R21 -> 678.1 | R21: 193 | S21: 3468244.7 | T21: 485.1 | U21: 2327568 | V21: =U21+S21 -> 5795812.8 | W21: =V21/$AG$47 -> 446.65325 | X21: 129.13768 | Y21: 250 | AA21: 0 | AB21: =X21+Y21+Z21+AA21 -> 379.13768 | AC21: 5954345.6 | AD21: =AC21/$AG$47 -> 458.87055 | AE21: 628.77 | AF21: 6287700 | AG21: =AF21/$AG$47 -> 484.56045
B22: 11 | C22: 105 | D22: 683 | E22: 20160 | F22: 21925391 | G22: 4080 | H22: 6655922.3 | I22: =F22+H22 -> 28581313 | J22: 1860 | K22: 2022878.3 | L22: 420 | M22: 685168.47 | N22: =+K22+M22 -> 2708046.8 | O22: =N22+I22 -> 31289360 | P22: =L22+J22+G22+E22 -> 26520 | Q22: =T22+R22 -> 877.4 | R22: 213 | S22: 3827648.3 | T22: 664.4 | U22: 3187870.9 | V22: =U22+S22 -> 7015519.3 | W22: =V22/$AG$47 -> 540.64971 | X22: 141.5842 | AA22: 0 | AB22: =X22+Y22+Z22+AA22 -> 141.5842 | AC22: 1893830.3 | AD22: =AC22/$AG$47 -> 145.94768 | AE22: 790.5 | AF22: 7905000 | AG22: =AF22/$AG$47 -> 609.19738
B23: 12 | C23: 99 | D23: 787 | E23: 19600 | F23: 21316352 | G23: 4320 | H23: 7047447.1 | I23: =F23+H23 -> 28363800 | J23: 1900 | K23: 2066381.1 | L23: 440 | M23: 717795.54 | N23: =+K23+M23 -> 2784176.6 | O23: =N23+I23 -> 31147976 | P23: =L23+J23+G23+E23 -> 26260 | Q23: =T23+R23 -> 933 | R23: 200 | S23: 3594036 | T23: 733 | U23: 3517022 | V23: =U23+S23 -> 7111058 | W23: =V23/$AG$47 -> 548.01238 | X23: 150.96944 | AA23: 12 | AB23: =X23+Y23+Z23+AA23 -> 162.96944 | AC23: 2158867.2 | AD23: =AC23/$AG$47 -> 166.37271 | AE23: 597.98 | AF23: 5979800 | AG23: =AF23/$AG$47 -> 460.83219
B24: 13 | C24: 83 | D24: 772 | E24: 18360 | F24: 19967767 | G24: 3920 | H24: 6394905.7 | I24: =F24+H24 -> 26362673 | J24: 1920 | K24: 2088132.5 | L24: 440 | M24: 717795.54 | N24: =+K24+M24 -> 2805928 | O24: =N24+I24 -> 29168601 | P24: =L24+J24+G24+E24 -> 24640 | Q24: =T24+R24 -> 883.3 | R24: 209 | S24: 3755767.6 | T24: 674.3 | U24: 3235372.3 | V24: =U24+S24 -> 6991139.9 | W24: =V24/$AG$47 -> 538.77092 | X24: 133.56848 | Z24: 400 | AA24: 72 | AB24: =X24+Y24+Z24+AA24 -> 605.56848 | AC24: 8259612 | AD24: =AC24/$AG$47 -> 636.52549 | AE24: 602.28 | AF24: 6022800 | AG24: =AF24/$AG$47 -> 464.14598
B25: 14 | C25: 56 | D25: 646 | E25: 18760 | F25: 20402794 | G25: 3680 | H25: 6003380.9 | I25: =F25+H25 -> 26406175 | J25: 1900 | K25: 2066381.1 | L25: 440 | M25: 717795.54 | N25: =+K25+M25 -> 2784176.6 | O25: =N25+I25 -> 29190352 | P25: =L25+J25+G25+E25 -> 24780 | Q25: =T25+R25 -> 966.3 | R25: 216 | S25: 3881558.9 | T25: 750.3 | U25: 3600029.4 | V25: =U25+S25 -> 7481588.3 | W25: =V25/$AG$47 -> 576.56723 | X25: 123.29708 | AA25: 12 | AB25: =X25+Y25+Z25+AA25 -> 135.29708 | AC25: 1788721.7 | AD25: =AC25/$AG$47 -> 137.84751 | AE25: 568.72 | AF25: 5687200 | AG25: =AF25/$AG$47 -> 438.28303
B26: 15 | C26: 125 | D26: 646 | E26: 19320 | F26: 21011833 | G26: 4520 | H26: 7373717.8 | I26: =F26+H26 -> 28385551 | J26: 1780 | K26: 1935872.8 | L26: 420 | M26: 685168.47 | N26: =+K26+M26 -> 2621041.3 | O26: =N26+I26 -> 31006592 | P26: =L26+J26+G26+E26 -> 26040 | Q26: =T26+R26 -> 957.5 | R26: 215 | S26: 3863588.7 | T26: 742.5 | U26: 3562604.1 | V26: =U26+S26 -> 7426192.8 | W26: =V26/$AG$47 -> 572.29819 | X26: 134.89772 | Y26: 250 | AA26: 0 | AB26: =X26+Y26+Z26+AA26 -> 384.89772 | AC26: 5326891.9 | AD26: =AC26/$AG$47 -> 410.51595 | AE26: 510.7 | AF26: 5107000 | AG26: =AF26/$AG$47 -> 393.57002
B27: 16 | C27: 127 | D27: 621 | E27: 19040 | F27: 20707314 | G27: 4240 | H27: 6916938.8 | I27: =F27+H27 -> 27624253 | J27: 1860 | K27: 2022878.3 | L27: 460 | M27: 750422.61 | N27: =+K27+M27 -> 2773300.9 | O27: =N27+I27 -> 30397554 | P27: =L27+J27+G27+E27 -> 25600 | Q27: =T27+R27 -> 835.1 | R27: 234 | S27: 4205022.1 | T27: 601.1 | U27: 2884149.9 | V27: =U27+S27 -> 7089172.1 | W27: =V27/$AG$47 -> 546.32575 | X27: 159.46852 | AA27: 12 | AB27: =X27+Y27+Z27+AA27 -> 171.46852 | AC27: 2977050.9 | AD27: =AC27/$AG$47 -> 229.42588 | AE27: 383.3 | AF27: 3833000 | AG27: =AF27/$AG$47 -> 295.38944
B28: 17 | C28: 131 | D28: 891 | E28: 19320 | F28: 21011833 | G28: 4160 | H28: 6786430.6 | I28: =F28+H28 -> 27798264 | J28: 1880 | K28: 2044629.7 | L28: 500 | M28: 815676.75 | N28: =+K28+M28 -> 2860306.5 | O28: =N28+I28 -> 30658570 | P28: =L28+J28+G28+E28 -> 25860 | Q28: =T28+R28 -> 918.6 | R28: 233 | S28: 4187051.9 | T28: 685.6 | U28: 3289591.1 | V28: =U28+S28 -> 7476643 | W28: =V28/$AG$47 -> 576.18612 | X28: 141.54392 | AA28: 0 | AB28: =X28+Y28+Z28+AA28 -> 141.54392 | AC28: 1893291.5 | AD28: =AC28/$AG$47 -> 145.90616 | AE28: 556.62 | AF28: 5566200 | AG28: =AF28/$AG$47 -> 428.95818
B29: 18 | C29: 128 | D29: 653 | E29: 19440 | F29: 21142341 | G29: 4000 | H29: 6525414 | I29: =F29+H29 -> 27667755 | J29: 2040 | K29: 2218640.8 | L29: 540 | M29: 880930.89 | N29: =+K29+M29 -> 3099571.6 | O29: =N29+I29 -> 30767327 | P29: =L29+J29+G29+E29 -> 26020 | Q29: =T29+R29 -> 859.1 | R29: 228 | S29: 4097201 | T29: 631.1 | U29: 3028093.5 | V29: =U29+S29 -> 7125294.6 | W29: =V29/$AG$47 -> 549.10952 | X29: 142.95372 | Z29: 400 | AA29: 24 | AB29: =X29+Y29+Z29+AA29 -> 566.95372 | AC29: 7827149 | AD29: =AC29/$AG$47 -> 603.1978 | AE29: 696.98 | AF29: 6969800 | AG29: =AF29/$AG$47 -> 537.12636
B30: 19 | C30: 123 | D30: 767 | E30: 19800 | F30: 21533866 | G30: 4120 | H30: 6721176.4 | I30: =F30+H30 -> 28255043 | J30: 1980 | K30: 2153386.6 | L30: 520 | M30: 848303.82 | N30: =+K30+M30 -> 3001690.4 | O30: =N30+I30 -> 31256733 | P30: =L30+J30+G30+E30 -> 26420 | Q30: =T30+R30 -> 959.1 | R30: 218 | S30: 3917499.2 | T30: 741.1 | U30: 3555886.7 | V30: =U30+S30 -> 7473386 | W30: =V30/$AG$47 -> 575.93512 | X30: 151.53336 | AA30: 12 | AB30: =X30+Y30+Z30+AA30 -> 163.53336 | AC30: 2166410.2 | AD30: =AC30/$AG$47 -> 166.95401 | AE30: 184.74 | AF30: 1847400 | AG30: =AF30/$AG$47 -> 142.36954
B31: 20 | C31: 118 | D31: 504 | E31: 18000 | F31: 19576242 | G31: 4200 | H31: 6851684.7 | I31: =F31+H31 -> 26427927 | J31: 2140 | K31: 2327397.7 | L31: 540 | M31: 880930.89 | N31: =+K31+M31 -> 3208328.6 | O31: =N31+I31 -> 29636255 | P31: =L31+J31+G31+E31 -> 24880 | Q31: =T31+R31 -> 930.3 | R31: 194 | S31: 3486214.9 | T31: 736.3 | U31: 3532855.8 | V31: =U31+S31 -> 7019070.7 | W31: =V31/$AG$47 -> 540.9234 | X31: 138.68404 | AA31: 12 | AB31: =X31+Y31+Z31+AA31 -> 150.68404 | AC31: 1994537.7 | AD31: =AC31/$AG$47 -> 153.70868 | AE31: 1699.74 | AF31: 16997400 | AG31: =AF31/$AG$47 -> 1309.9015
B32: 21 | C32: 110 | D32: 716 | E32: 20520 | F32: 22316916 | G32: 4360 | H32: 7112701.3 | I32: =F32+H32 -> 29429617 | J32: 2180 | K32: 2370900.4 | L32: 520 | M32: 848303.82 | N32: =+K32+M32 -> 3219204.2 | O32: =N32+I32 -> 32648821 | P32: =L32+J32+G32+E32 -> 27580 | Q32: =T32+R32 -> 832.2 | R32: 187 | S32: 3360423.7 | T32: 645.2 | U32: 3095747 | V32: =U32+S32 -> 6456170.7 | W32: =V32/$AG$47 -> 497.54361 | X32: 129.21824 | Y32: 250 | AA32: 12 | AB32: =X32+Y32+Z32+AA32 -> 391.21824 | AC32: 5390423.2 | AD32: =AC32/$AG$47 -> 415.41198 | AE32: 439.12 | AF32: 4391200 | AG32: =AF32/$AG$47 -> 338.40702
B33: 22 | C33: 113 | D33: 391 | E33: 19960 | F33: 21707877 | G33: 4440 | H33: 7243209.5 | I33: =F33+H33 -> 28951087 | J33: 2160 | K33: 2349149 | L33: 540 | M33: 880930.89 | N33: =+K33+M33 -> 3230079.9 | O33: =N33+I33 -> 32181167 | P33: =L33+J33+G33+E33 -> 27100 | Q33: =T33+R33 -> 862.3 | R33: 215 | S33: 3863588.7 | T33: 647.3 | U33: 3105823.1 | V33: =U33+S33 -> 6969411.8 | W33: =V33/$AG$47 -> 537.09644 | X33: 153.95016 | AA33: 12 | AB33: =X33+Y33+Z33+AA33 -> 165.95016 | AC33: 2903237.3 | AD33: =AC33/$AG$47 -> 223.73745 | AE33: 508.02 | AF33: 5080200 | AG33: =AF33/$AG$47 -> 391.50468
B34: 23 | C34: 122 | D34: 611 | E34: 20000 | F34: 21751380 | G34: 4280 | H34: 6982193 | I34: =F34+H34 -> 28733573 | J34: 2080 | K34: 2262143.5 | L34: 520 | M34: 848303.82 | N34: =+K34+M34 -> 3110447.3 | O34: =N34+I34 -> 31844020 | P34: =L34+J34+G34+E34 -> 26880 | Q34: =T34+R34 -> 960.5 | R34: 201 | S34: 3612006.2 | T34: 759.5 | U34: 3644172.1 | V34: =U34+S34 -> 7256178.3 | W34: =V34/$AG$47 -> 559.19605 | X34: 145.45108 | Z34: 400 | AA34: 24 | AB34: =X34+Y34+Z34+AA34 -> 569.45108 | AC34: 7860553.6 | AD34: =AC34/$AG$47 -> 605.77213 | AE34: 435.08 | AF34: 4350800 | AG34: =AF34/$AG$47 -> 335.29361
B35: 24 | C35: 123 | D35: 572 | E35: 19840 | F35: 21577369 | G35: 4360 | H35: 7112701.3 | I35: =F35+H35 -> 28690070 | J35: 2040 | K35: 2218640.8 | L35: 520 | M35: 848303.82 | N35: =+K35+M35 -> 3066944.6 | O35: =N35+I35 -> 31757015 | P35: =L35+J35+G35+E35 -> 26760 | Q35: =T35+R35 -> 939.6 | R35: 223 | S35: 4007350.1 | T35: 716.6 | U35: 3438332.8 | V35: =U35+S35 -> 7445682.9 | W35: =V35/$AG$47 -> 573.80019 | X35: 141.66476 | AA35: 0 | AB35: =X35+Y35+Z35+AA35 -> 141.66476 | AC35: 1894907.8 | AD35: =AC35/$AG$47 -> 146.03072 | AE35: 952.05 | AF35: 9520500 | AG35: =AF35/$AG$47 -> 733.69559
B36: 25 | C36: 90 | D36: 410 | E36: 20960 | F36: 22795446 | G36: 4200 | H36: 6851684.7 | I36: =F36+H36 -> 29647131 | J36: 1960 | K36: 2131635.2 | L36: 500 | M36: 815676.75 | N36: =+K36+M36 -> 2947312 | O36: =N36+I36 -> 32594443 | P36: =L36+J36+G36+E36 -> 27620 | Q36: =T36+R36 -> 661.1 | R36: 176 | S36: 3162751.7 | T36: 485.1 | U36: 2327568 | V36: =U36+S36 -> 5490319.7 | W36: =V36/$AG$47 -> 423.11048 | X36: 149.11656 | AA36: 12 | AB36: =X36+Y36+Z36+AA36 -> 161.11656 | AC36: 2134083.1 | AD36: =AC36/$AG$47 -> 164.46272 | AE36: 755.75 | AF36: 7557500 | AG36: =AF36/$AG$47 -> 582.41735
B37: 26 | C37: 132 | D37: 703 | E37: 20840 | F37: 22664938 | G37: 4520 | H37: 7373717.8 | I37: =F37+H37 -> 30038656 | J37: 2000 | K37: 2175138 | L37: 500 | M37: 815676.75 | N37: =+K37+M37 -> 2990814.8 | O37: =N37+I37 -> 33029471 | P37: =L37+J37+G37+E37 -> 27860 | Q37: =T37+R37 -> 1066 | R37: 217 | S37: 3899529.1 | T37: 849 | U37: 4073603.9 | V37: =U37+S37 -> 7973132.9 | W37: =V37/$AG$47 -> 614.44803 | X37: 159.18656 | AA37: 12 | AB37: =X37+Y37+Z37+AA37 -> 171.18656 | AC37: 2268779.4 | AD37: =AC37/$AG$47 -> 174.84307 | AE37: 612.2 | AF37: 6122000 | AG37: =AF37/$AG$47 -> 471.79081
B38: 27 | C38: 125 | D38: 515 | E38: 19160 | F38: 20837822 | G38: 4320 | H38: 7047447.1 | I38: =F38+H38 -> 27885269 | J38: 2060 | K38: 2240392.1 | L38: 500 | M38: 815676.75 | N38: =+K38+M38 -> 3056068.9 | O38: =N38+I38 -> 30941338 | P38: =L38+J38+G38+E38 -> 26040 | Q38: =T38+R38 -> 1007 | R38: 235 | S38: 4222992.3 | T38: 772 | U38: 3704148.6 | V38: =U38+S38 -> 7927140.9 | W38: =V38/$AG$47 -> 610.90367 | X38: 119.87328 | Y38: 250 | AA38: 0 | AB38: =X38+Y38+Z38+AA38 -> 369.87328 | AC38: 5125925 | AD38: =AC38/$AG$47 -> 395.02847 | AE38: 617.6 | AF38: 6176000 | AG38: =AF38/$AG$47 -> 475.95231
B39: 28 | C39: 38 | D39: 600 | E39: 20440 | F39: 22229910 | G39: 4120 | H39: 6721176.4 | I39: =F39+H39 -> 28951087 | J39: 2060 | K39: 2240392.1 | L39: 500 | M39: 815676.75 | N39: =+K39+M39 -> 3056068.9 | O39: =N39+I39 -> 32007156 | P39: =L39+J39+G39+E39 -> 27120 | Q39: =T39+R39 -> 845 | R39: 231 | S39: 4151111.6 | T39: 614 | U39: 2946045.7 | V39: =U39+S39 -> 7097157.3 | W39: =V39/$AG$47 -> 546.94112 | X39: 128.57376 | Z39: 400 | AA39: 24 | AB39: =X39+Y39+Z39+AA39 -> 552.57376 | AC39: 7634802.6 | AD39: =AC39/$AG$47 -> 588.37467 | AE39: 553.82 | AF39: 5538200 | AG39: =AF39/$AG$47 -> 426.80037
B40: 29 | C40: 86 | D40: 375 | E40: 18960 | F40: 20620308 | G40: 4000 | H40: 6525414 | I40: =F40+H40 -> 27145722 | J40: 2100 | K40: 2283894.9 | L40: 500 | M40: 815676.75 | N40: =+K40+M40 -> 3099571.6 | O40: =N40+I40 -> 30245294 | P40: =L40+J40+G40+E40 -> 25560 | Q40: =T40+R40 -> 645 | R40: 224 | S40: 4025320.3 | T40: 421 | U40: 2020008.5 | V40: =U40+S40 -> 6045328.8 | W40: =V40/$AG$47 -> 465.88216 | X40: 131.07112 | AA40: 0 | AB40: =X40+Y40+Z40+AA40 -> 131.07112 | AC40: 2457707.3 | AD40: =AC40/$AG$47 -> 189.40276 | AE40: 497.48 | AF40: 4974800 | AG40: =AF40/$AG$47 -> 383.38205
B41: 30 | C41: 119 | D41: 651 | E41: 20280 | F41: 22055899 | G41: 4240 | H41: 6916938.8 | I41: =F41+H41 -> 28972838 | J41: 2020 | K41: 2196889.4 | L41: 500 | M41: 815676.75 | N41: =+K41+M41 -> 3012566.1 | O41: =N41+I41 -> 31985404 | P41: =L41+J41+G41+E41 -> 27040 | Q41: =T41+R41 -> 942 | R41: 255 | S41: 4582395.9 | T41: 687 | U41: 3296308.4 | V41: =U41+S41 -> 7878704.3 | W41: =V41/$AG$47 -> 607.17091 | X41: 144.84688 | AA41: 0 | AB41: =X41+Y41+Z41+AA41 -> 144.84688 | AC41: 1937471.9 | AD41: =AC41/$AG$47 -> 149.31091 | AE41: 410.38 | AF41: 4103800 | AG41: =AF41/$AG$47 -> 316.2586
B42: 31 | C42: 117 | D42: 478 | E42: 30080 | F42: 32714076 | G42: 4480 | H42: 7308463.7 | I42: =F42+H42 -> 40022539 | J42: 2860 | K42: 3110447.3 | L42: 520 | M42: 848303.82 | N42: =+K42+M42 -> 3958751.2 | O42: =N42+I42 -> 43981290 | P42: =L42+J42+G42+E42 -> 37940 | Q42: =T42+R42 -> 952 | R42: 247 | S42: 4438634.5 | T42: 705 | U42: 3382674.6 | V42: =U42+S42 -> 7821309.1 | W42: =V42/$AG$47 -> 602.74775 | X42: 133.36708 | AA42: 12 | AB42: =X42+Y42+Z42+AA42 -> 145.36708 | AC42: 1923418.1 | AD42: =AC42/$AG$47 -> 148.22786 | AE42: 576.14 | AF42: 5761400 | AG42: =AF42/$AG$47 -> 444.00124
C46: =SUM(C12:C42) -> 3221 | D46: =SUM(D12:D42) -> 20097 | E46: =SUM(E12:E42) -> 605600 | F46: =SUM(F12:F42) -> 6.5863179e+08 | G46: =SUM(G12:G42) -> 129720 | H46: =SUM(H12:H42) -> 2.1161918e+08 | I46: =SUM(I12:I42) -> 8.7025096e+08 | J46: =SUM(J12:J42) -> 59560 | ... S46: =SUM(S12:S42) -> 1.1991501e+08 | T46: =SUM(T12:T41) -> 20414.6 | U46: =SUM(U12:U42) -> 1.0133438e+08 | V46: =SUM(V12:V42) -> 2.2124939e+08 | W46: =V46/$AG$47 -> 17050.543 | X46: =SUM(X12:X41) -> 4069.0453 | Y46: =SUM(Y12:Y41) -> 1250 | Z46: =SUM(Z12:Z41) -> 2400 | AA46: =SUM(AA12:AA41) -> 360 | AB46: =SUM(AB12:AB42) -> 8224.4124 | AC46: =SUM(AC12:AC42) -> 1.1548697e+08 | AD46: =AC46/$AG$47 -> 8899.9821 | AE46: =SUM(AE12:AE42) -> 18667 | AF46: =SUM(AF12:AF42) -> 1.8667e+08 | AG46: =AF46/AG47 -> 14385.689
Q47: m3/RNs | AG47: 12976.09
P49: =O46/P46 -> 1184.3974 | V49: =V46/Q46 -> 7960.7301 | AC49: =AC46/AB46 -> 14041.972 | AF49: =AF46/AE46 -> 10000

Sheet RNs & Covers October 2018
A1: Four Seasons Resort Bali at Jimbaran Bay
A2: 43374
A3: Date | B3: Room Nights | C3: Food Covers
A6: 1 | B6: 103 | C6: 616
A7: 2 | B7: 118 | C7: 745
A8: =A7+1 -> 3 | B8: 120 | C8: 878
A9: =A8+1 -> 4 | B9: 124 | C9: 790
A10: =A9+1 -> 5 | B10: 115 | C10: 918
A11: =A10+1 -> 6 | B11: 89 | C11: 807
A12: =A11+1 -> 7 | B12: 71 | C12: 695
A13: =A12+1 -> 8 | B13: 55 | C13: 596
A14: =A13+1 -> 9 | B14: 73 | C14: 474
A15: =A14+1 -> 10 | B15: 83 | C15: 586
A16: =A15+1 -> 11 | B16: 105 | C16: 683
A17: =A16+1 -> 12 | B17: 99 | C17: 787
A18: =A17+1 -> 13 | B18: 83 | C18: 772
A19: =A18+1 -> 14 | B19: 56 | C19: 646
... A36: =A35+1 -> 31 | B36: 117 | C36: 478
B37: =SUM(B6:B36) -> 3221 | C37: =SUM(C6:C36) -> 20097
