Workbook

Sheet TOTAL
A1: Site Name | B1: Day | C1: Month | D1: Year | E1: Total Electricity Kwh | F1: Electricity Tariff ($/Kwh) | G1: LPG (Kg) | H1: LPG $/Kg | I1: Total Fuel Oil (Liter) | J1: Fuel Oil $/Liter | K1: Water Utility Supply (m3) m3 | L1: Water Utility Supply (m3) $/m3 | M1: Room Nights | N1: Food Covers
A2: Bali Jimbaran | B2: 1 | C2: 1 | D2: 2018 | E2: ='FS Jimbaran January 2018'!P12 -> 13980 | F2: ='FS Jimbaran January 2018'!O12/'FS Jimbaran January 2018'!P12 -> 1261.051 | G2: ='FS Jimbaran January 2018'!AB12 -> 347.43732 | H2: ='FS Jimbaran January 2018'!AC12/'FS Jimbaran January 2018'!AB12 -> 12492.271 | I2: ='FS Jimbaran January 2018'!AE12 -> 1573.2 | J2: ='FS Jimbaran January 2018'!AF12/'FS Jimbaran January 2018'!AE12 -> 8700 | K2: ='FS Jimbaran January 2018'!Q12 -> 678.3 | L2: ='FS Jimbaran January 2018'!V12/'FS Jimbaran January 2018'!Q12 -> 8588.9226 | M2: 122 | N2: 955
A3: Bali Jimbaran | B3: =B2+1 -> 2 | C3: 1 | D3: 2018 | E3: ='FS Jimbaran January 2018'!P13 -> 24400 | F3: ='FS Jimbaran January 2018'!O13/'FS Jimbaran January 2018'!P13 -> 1189.64 | G3: ='FS Jimbaran January 2018'!AB13 -> 511.2902 | H3: ='FS Jimbaran January 2018'!AC13/'FS Jimbaran January 2018'!AB13 -> 10983.182 | I3: ='FS Jimbaran January 2018'!AE13 -> 116.7 | J3: ='FS Jimbaran January 2018'!AF13/'FS Jimbaran January 2018'!AE13 -> 8700 | K3: ='FS Jimbaran January 2018'!Q13 -> 438 | L3: ='FS Jimbaran January 2018'!V13/'FS Jimbaran January 2018'!Q13 -> 11918.079 | M3: 108 | N3: 947
A4: Bali Jimbaran | B4: =B3+1 -> 3 | C4: 1 | D4: 2018 | E4: ='FS Jimbaran January 2018'!P14 -> 24940 | F4: ='FS Jimbaran January 2018'!O14/'FS Jimbaran January 2018'!P14 -> 1186.9939 | G4: ='FS Jimbaran January 2018'!AB14 -> 106.81912 | H4: ='FS Jimbaran January 2018'!AC14/'FS Jimbaran January 2018'!AB14 -> 10318.364 | I4: ='FS Jimbaran January 2018'!AE14 -> 0 | J4: ='FS Jimbaran January 2018'!AF14/'FS Jimbaran January 2018'!AE14 -> #DIV/0! | K4: ='FS Jimbaran January 2018'!Q14 -> 502 | L4: ='FS Jimbaran January 2018'!V14/'FS Jimbaran January 2018'!Q14 -> 10049.403 | M4: 106 | N4: 835
A5: Bali Jimbaran | B5: =B4+1 -> 4 | C5: 1 | D5: 2018 | E5: ='FS Jimbaran January 2018'!P15 -> 25420 | F5: ='FS Jimbaran January 2018'!O15/'FS Jimbaran January 2018'!P15 -> 1184.2608 | G5: ='FS Jimbaran January 2018'!AB15 -> 0 | H5: ='FS Jimbaran January 2018'!AC15/'FS Jimbaran January 2018'!AB15 -> #DIV/0! | I5: ='FS Jimbaran January 2018'!AE15 -> 4.8 | J5: ='FS Jimbaran January 2018'!AF15/'FS Jimbaran January 2018'!AE15 -> 8700 | K5: ='FS Jimbaran January 2018'!Q15 -> 352.4 | L5: ='FS Jimbaran January 2018'!V15/'FS Jimbaran January 2018'!Q15 -> 10926.674 | M5: 100 | N5: 921
A6: Bali Jimbaran | B6: =B5+1 -> 5 | C6: 1 | D6: 2018 | E6: ='FS Jimbaran January 2018'!P16 -> 24480 | F6: ='FS Jimbaran January 2018'!O16/'FS Jimbaran January 2018'!P16 -> 1182.1982 | G6: ='FS Jimbaran January 2018'!AB16 -> 150.3112 | H6: ='FS Jimbaran January 2018'!AC16/'FS Jimbaran January 2018'!AB16 -> 10623.065 | I6: ='FS Jimbaran January 2018'!AE16 -> 5.6 | J6: ='FS Jimbaran January 2018'!AF16/'FS Jimbaran January 2018'!AE16 -> 8700 | K6: ='FS Jimbaran January 2018'!Q16 -> 406 | L6: ='FS Jimbaran January 2018'!V16/'FS Jimbaran January 2018'!Q16 -> 11243.215 | M6: 92 | N6: 780
A7: Bali Jimbaran | B7: =B6+1 -> 6 | C7: 1 | D7: 2018 | E7: ='FS Jimbaran January 2018'!P17 -> 23820 | F7: ='FS Jimbaran January 2018'!O17/'FS Jimbaran January 2018'!P17 -> 1191.2122 | G7: ='FS Jimbaran January 2018'!AB17 -> 60.70196 | H7: ='FS Jimbaran January 2018'!AC17/'FS Jimbaran January 2018'!AB17 -> 10153 | I7: ='FS Jimbaran January 2018'!AE17 -> 14.1 | J7: ='FS Jimbaran January 2018'!AF17/'FS Jimbaran January 2018'!AE17 -> 8700 | K7: ='FS Jimbaran January 2018'!Q17 -> 394.1 | L7: ='FS Jimbaran January 2018'!V17/'FS Jimbaran January 2018'!Q17 -> 11240.52 | M7: 78 | N7: 702
A8: Bali Jimbaran | B8: =B7+1 -> 7 | C8: 1 | D8: 2018 | E8: ='FS Jimbaran January 2018'!P18 -> 21460 | F8: ='FS Jimbaran January 2018'!O18/'FS Jimbaran January 2018'!P18 -> 1168.1484 | G8: ='FS Jimbaran January 2018'!AB18 -> 300.1486 | H8: ='FS Jimbaran January 2018'!AC18/'FS Jimbaran January 2018'!AB18 -> 11000.08 | I8: ='FS Jimbaran January 2018'!AE18 -> 44.1 | J8: ='FS Jimbaran January 2018'!AF18/'FS Jimbaran January 2018'!AE18 -> 8700 | K8: ='FS Jimbaran January 2018'!Q18 -> 356 | L8: ='FS Jimbaran January 2018'!V18/'FS Jimbaran January 2018'!Q18 -> 10975.337 | M8: 71 | N8: 556
A9: Bali Jimbaran | B9: =B8+1 -> 8 | C9: 1 | D9: 2018 | E9: ='FS Jimbaran January 2018'!P19 -> 21700 | F9: ='FS Jimbaran January 2018'!O19/'FS Jimbaran January 2018'!P19 -> 1183.7963 | G9: ='FS Jimbaran January 2018'!AB19 -> 475.36044 | H9: ='FS Jimbaran January 2018'!AC19/'FS Jimbaran January 2018'!AB19 -> 12220.829 | I9: ='FS Jimbaran January 2018'!AE19 -> 126.7 | J9: ='FS Jimbaran January 2018'!AF19/'FS Jimbaran January 2018'!AE19 -> 8700 | K9: ='FS Jimbaran January 2018'!Q19 -> 393 | L9: ='FS Jimbaran January 2018'!V19/'FS Jimbaran January 2018'!Q19 -> 11225.091 | M9: 69 | N9: 641
A10: Bali Jimbaran | B10: =B9+1 -> 9 | C10: 1 | D10: 2018 | E10: ='FS Jimbaran January 2018'!P20 -> 22280 | F10: ='FS Jimbaran January 2018'!O20/'FS Jimbaran January 2018'!P20 -> 1185.1964 | G10: ='FS Jimbaran January 2018'!AB20 -> 79.83152 | H10: ='FS Jimbaran January 2018'!AC20/'FS Jimbaran January 2018'!AB20 -> 10374.266 | I10: ='FS Jimbaran January 2018'!AE20 -> 12.1 | J10: ='FS Jimbaran January 2018'!AF20/'FS Jimbaran January 2018'!AE20 -> 8700 | K10: ='FS Jimbaran January 2018'!Q20 -> 407 | L10: ='FS Jimbaran January 2018'!V20/'FS Jimbaran January 2018'!Q20 -> 11654.474 | M10: 55 | N10: 539
A11: Bali Jimbaran | B11: =B10+1 -> 10 | C11: 1 | D11: 2018 | E11: ='FS Jimbaran January 2018'!P21 -> 21060 | F11: ='FS Jimbaran January 2018'!O21/'FS Jimbaran January 2018'!P21 -> 1182.5893 | G11: ='FS Jimbaran January 2018'!AB21 -> 76.89108 | H11: ='FS Jimbaran January 2018'!AC21/'FS Jimbaran January 2018'!AB21 -> 10382.728 | I11: ='FS Jimbaran January 2018'!AE21 -> 0.9 | J11: ='FS Jimbaran January 2018'!AF21/'FS Jimbaran January 2018'!AE21 -> 8700 | K11: ='FS Jimbaran January 2018'!Q21 -> 382 | L11: ='FS Jimbaran January 2018'!V21/'FS Jimbaran January 2018'!Q21 -> 11346.284 | M11: 57 | N11: 500
A12: Bali Jimbaran | B12: =B11+1 -> 11 | C12: 1 | D12: 2018 | E12: ='FS Jimbaran January 2018'!P22 -> 21300 | F12: ='FS Jimbaran January 2018'!O22/'FS Jimbaran January 2018'!P22 -> 1182.5398 | G12: ='FS Jimbaran January 2018'!AB22 -> 69.483 | H12: ='FS Jimbaran January 2018'!AC22/'FS Jimbaran January 2018'!AB22 -> 10153 | I12: ='FS Jimbaran January 2018'!AE22 -> 189 | J12: ='FS Jimbaran January 2018'!AF22/'FS Jimbaran January 2018'!AE22 -> 8700 | K12: ='FS Jimbaran January 2018'!Q22 -> 498.3 | L12: ='FS Jimbaran January 2018'!V22/'FS Jimbaran January 2018'!Q22 -> 9015.306 | M12: 43 | N12: 411
A13: Bali Jimbaran | B13: =B12+1 -> 12 | C13: 1 | D13: 2018 | E13: ='FS Jimbaran January 2018'!P23 -> 20660 | F13: ='FS Jimbaran January 2018'!O23/'FS Jimbaran January 2018'!P23 -> 1182.8497 | G13: ='FS Jimbaran January 2018'!AB23 -> 63.39728 | H13: ='FS Jimbaran January 2018'!AC23/'FS Jimbaran January 2018'!AB23 -> 10431.624 | I13: ='FS Jimbaran January 2018'!AE23 -> 251.5 | J13: ='FS Jimbaran January 2018'!AF23/'FS Jimbaran January 2018'!AE23 -> 8700 | K13: ='FS Jimbaran January 2018'!Q23 -> 525 | L13: ='FS Jimbaran January 2018'!V23/'FS Jimbaran January 2018'!Q23 -> 9070.3609 | M13: 31 | N13: 359
A14: Bali Jimbaran | B14: =B13+1 -> 13 | C14: 1 | D14: 2018 | E14: ='FS Jimbaran January 2018'!P24 -> 20800 | F14: ='FS Jimbaran January 2018'!O24/'FS Jimbaran January 2018'!P24 -> 1189.0057 | G14: ='FS Jimbaran January 2018'!AB24 -> 334.17832 | H14: ='FS Jimbaran January 2018'!AC24/'FS Jimbaran January 2018'!AB24 -> 11019.537 | I14: ='FS Jimbaran January 2018'!AE24 -> 71.1 | J14: ='FS Jimbaran January 2018'!AF24/'FS Jimbaran January 2018'!AE24 -> 8700 | K14: ='FS Jimbaran January 2018'!Q24 -> 554 | L14: ='FS Jimbaran January 2018'!V24/'FS Jimbaran January 2018'!Q24 -> 9222.0775 | M14: 31 | N14: 337
... A32: Bali Jimbaran | B32: =B31+1 -> 31 | C32: 1 | D32: 2018 | E32: ='FS Jimbaran January 2018'!P42 -> 28880 | F32: ='FS Jimbaran January 2018'!O42/'FS Jimbaran January 2018'!P42 -> 1150.4582 | G32: ='FS Jimbaran January 2018'!AB42 -> 727.65984 | H32: ='FS Jimbaran January 2018'!AC42/'FS Jimbaran January 2018'!AB42 -> 11061.46 | I32: ='FS Jimbaran January 2018'!AE42 -> 544.5 | J32: ='FS Jimbaran January 2018'!AF42/'FS Jimbaran January 2018'!AE42 -> 8700 | K32: ='FS Jimbaran January 2018'!Q42 -> 395 | L32: ='FS Jimbaran January 2018'!V42/'FS Jimbaran January 2018'!Q42 -> 11259.243 | M32: 51 | N32: 432

Sheet FS Jimbaran January 2018
B6: Four Seasons Resort Bali at Jimbaran Bay
B7: JANUARY 2018
B8: Date | C8: Room Nights | D8: Food Covers | E8: ELECTRICITY Resort, Sundara & Residences | Q8: WATER | X8: GAS
E9: Electricity Resort | J9: Electricity - Sundara | O9: Sub Total (Resort & Sundara) Cost (IDR) | P9: Sub Total (Resort & Sundara), KWh | R9: Water (m3) | V9: Total Water Cost | X9: LPG | AE9: Diesel
E10: BASED LOAD KWh (from 10 pm - 6 pm) | F10: Cost (IDR) | G10: PEAK LOAD KWh (from 6 pm - 10 pm) | H10: Cost (IDR) | I10: Resort Cost (IDR) | J10: BASED LOAD KWh (from 10 pm - 6 pm) | K10: Cost (IDR) | L10: PEAK LOAD KWh (from 6 pm - 10 pm) | M10: Cost (IDR) | N10: Sundara Cost (IDR) | Q10: Water consumption (m3) | R10: Municipal Water (m3) | S10: Municipal Water cost (IDR) | T10: Deepwell Consumption (m3) | U10: Deepwell water Cost (IDR) | V10: IDR | W10: USD | X10: LPG Bulk (m3) | Y10: 50 Kg (tube) IVD & TW | Z10: Sundara 50 kg (tube) | AA10: 12 Kg (tube) | AB10: Total kg | AC10: IDR | AD10: USD | AE10: Used (liters) | AF10: IDR | AG10: USD
B12: 1 | C12: 98 | D12: 820 | E12: 8520 | F12: 9266087.9 | G12: 4040 | H12: 6590668.1 | I12: =F12+H12 -> 15856756 | J12: 1000 | K12: 1087569 | L12: 420 | M12: 685168.47 | N12: =K12+M12 -> 1772737.5 | O12: =N12+I12 -> 17629493 | P12: =L12+J12+G12+E12 -> 13980 | Q12: =T12+R12 -> 678.3 | R12: 203 | S12: 3647946.5 | T12: 475.3 | U12: 2177919.7 | V12: =U12+S12 -> 5825866.2 | W12: =V12/$AG$48 -> 448.96931 | X12: 97.43732 | Y12: 250 | Z12: 0 | AA12: 0 | AB12: =SUM(X12:AA12) -> 347.43732 | AC12: 4340281.1 | AD12: =AC12/$AG$48 -> 334.48297 | AE12: 1573.2 | AF12: 13686840 | AG12: =AF12/$AG$48 -> 1054.7738
B13: 2 | C13: 85 | D13: 762 | E13: 17880 | F13: 19445734 | G13: 4120 | H13: 6721176.4 | I13: =F13+H13 -> 26166910 | J13: 1940 | K13: 2109883.9 | L13: 460 | M13: 750422.61 | N13: =K13+M13 -> 2860306.5 | O13: =N13+I13 -> 29027217 | P13: =L13+J13+G13+E13 -> 24400 | Q13: =T13+R13 -> 438 | R13: 240 | S13: 4312843.2 | T13: 198 | U13: 907275.6 | V13: =U13+S13 -> 5220118.8 | W13: =V13/$AG$48 -> 402.2875 | X13: 99.2902 | Z13: 400 | AA13: 12 | AB13: =SUM(X13:AA13) -> 511.2902 | AC13: 5615593.4 | AD13: =AC13/$AG$48 -> 432.76468 | AE13: 116.7 | AF13: 1015290 | AG13: =AF13/$AG$48 -> 78.243138
B14: 3 | C14: 71 | D14: 645 | E14: 18360 | F14: 19967767 | G14: 4080 | H14: 6655922.3 | I14: =F14+H14 -> 26623689 | J14: 2020 | K14: 2196889.4 | L14: 480 | M14: 783049.68 | N14: =K14+M14 -> 2979939.1 | O14: =N14+I14 -> 29603628 | P14: =L14+J14+G14+E14 -> 24940 | Q14: =T14+R14 -> 502 | R14: 205 | S14: 3683886.9 | T14: 297 | U14: 1360913.4 | V14: =U14+S14 -> 5044800.3 | W14: =V14/$AG$48 -> 388.77661 | X14: 94.81912 | Z14: 0 | AA14: 12 | AB14: =SUM(X14:AA14) -> 106.81912 | AC14: 1102198.5 | AD14: =AC14/$AG$48 -> 84.940728 | AE14: 0 | AF14: 0 | AG14: =AF14/$AG$48 -> 0
B15: 4 | C15: 65 | D15: 703 | E15: 19120 | F15: 20794319 | G15: 4080 | H15: 6655922.3 | I15: =F15+H15 -> 27450242 | J15: 1780 | K15: 1935872.8 | L15: 440 | M15: 717795.54 | N15: =K15+M15 -> 2653668.4 | O15: =N15+I15 -> 30103910 | P15: =L15+J15+G15+E15 -> 25420 | Q15: =T15+R15 -> 352.4 | R15: 167 | S15: 3001020.1 | T15: 185.4 | U15: 849539.88 | V15: =U15+S15 -> 3850559.9 | W15: =V15/$AG$48 -> 296.7427 | X15: 0 | Z15: 0 | AA15: 0 | AB15: =SUM(X15:AA15) -> 0 | AC15: 0 | AD15: =AC15/$AG$48 -> 0 | AE15: 4.8 | AF15: 41760 | AG15: =AF15/$AG$48 -> 3.2182268
B16: 5 | C16: 58 | D16: 549 | E16: 18200 | F16: 19793756 | G16: 3800 | H16: 6199143.3 | I16: =F16+H16 -> 25992899 | J16: 2020 | K16: 2196889.4 | L16: 460 | M16: 750422.61 | N16: =K16+M16 -> 2947312 | O16: =N16+I16 -> 28940211 | P16: =L16+J16+G16+E16 -> 24480 | Q16: =T16+R16 -> 406 | R16: 202 | S16: 3629976.4 | T16: 204 | U16: 934768.8 | V16: =U16+S16 -> 4564745.2 | W16: =V16/$AG$48 -> 351.78125 | X16: 102.3112 | Z16: 0 | AA16: 48 | AB16: =SUM(X16:AA16) -> 150.3112 | AC16: 1596765.6 | AD16: =AC16/$AG$48 -> 123.05445 | AE16: 5.6 | AF16: 48720 | AG16: =AF16/$AG$48 -> 3.7545979
B17: 6 | C17: 48 | D17: 646 | E17: 17280 | F17: 18793192 | G17: 4040 | H17: 6590668.1 | I17: =F17+H17 -> 25383860 | J17: 2000 | K17: 2175138 | L17: 500 | M17: 815676.75 | N17: =K17+M17 -> 2990814.8 | O17: =N17+I17 -> 28374675 | P17: =L17+J17+G17+E17 -> 23820 | Q17: =T17+R17 -> 394.1 | R17: 196 | S17: 3522155.3 | T17: 198.1 | U17: 907733.82 | V17: =U17+S17 -> 4429889.1 | W17: =V17/$AG$48 -> 341.38859 | X17: 60.70196 | Z17: 0 | AA17: 0 | AB17: =SUM(X17:AA17) -> 60.70196 | AC17: 616307 | AD17: =AC17/$AG$48 -> 47.495586 | AE17: 14.1 | AF17: 122670 | AG17: =AF17/$AG$48 -> 9.4535411
B18: 7 | C18: 45 | D18: 547 | E18: 16200 | F18: 17618618 | G18: 2720 | H18: 4437281.5 | I18: =F18+H18 -> 22055899 | J18: 2080 | K18: 2262143.5 | L18: 460 | M18: 750422.61 | N18: =K18+M18 -> 3012566.1 | O18: =N18+I18 -> 25068465 | P18: =L18+J18+G18+E18 -> 21460 | Q18: =T18+R18 -> 356 | R18: 170 | S18: 3054930.6 | T18: 186 | U18: 852289.2 | V18: =U18+S18 -> 3907219.8 | W18: =V18/$AG$48 -> 301.10918 | X18: 50.1486 | Y18: 250 | Z18: 0 | AA18: 0 | AB18: =SUM(X18:AA18) -> 300.1486 | AC18: 3301658.7 | AD18: =AC18/$AG$48 -> 254.44173 | AE18: 44.1 | AF18: 383670 | AG18: =AF18/$AG$48 -> 29.567458
B19: 8 | C19: 35 | D19: 374 | E19: 15960 | F19: 17357601 | G19: 3400 | H19: 5546601.9 | I19: =F19+H19 -> 22904203 | J19: 1900 | K19: 2066381.1 | L19: 440 | M19: 717795.54 | N19: =K19+M19 -> 2784176.6 | O19: =N19+I19 -> 25688380 | P19: =L19+J19+G19+E19 -> 21700 | Q19: =T19+R19 -> 393 | R19: 195 | S19: 3504185.1 | T19: 198 | U19: 907275.6 | V19: =U19+S19 -> 4411460.7 | W19: =V19/$AG$48 -> 339.96841 | X19: 63.36044 | Z19: 400 | AA19: 12 | AB19: =SUM(X19:AA19) -> 475.36044 | AC19: 5809298.5 | AD19: =AC19/$AG$48 -> 447.69253 | AE19: 126.7 | AF19: 1102290 | AG19: =AF19/$AG$48 -> 84.947777
B20: 9 | C20: 34 | D20: 383 | E20: 16480 | F20: 17923137 | G20: 3560 | H20: 5807618.5 | I20: =F20+H20 -> 23730756 | J20: 1800 | K20: 1957624.2 | L20: 440 | M20: 717795.54 | N20: =K20+M20 -> 2675419.7 | O20: =N20+I20 -> 26406175 | P20: =L20+J20+G20+E20 -> 22280 | Q20: =T20+R20 -> 407 | R20: 215 | S20: 3863588.7 | T20: 192 | U20: 879782.4 | V20: =U20+S20 -> 4743371.1 | W20: =V20/$AG$48 -> 365.54703 | X20: 67.83152 | AA20: 12 | AB20: =SUM(X20:AA20) -> 79.83152 | AC20: 828193.42 | AD20: =AC20/$AG$48 -> 63.824574 | AE20: 12.1 | AF20: 105270 | AG20: =AF20/$AG$48 -> 8.1126133
B21: 10 | C21: 35 | D21: 388 | E21: 15560 | F21: 16922574 | G21: 3240 | H21: 5285585.3 | I21: =F21+H21 -> 22208159 | J21: 1820 | K21: 1979375.6 | L21: 440 | M21: 717795.54 | N21: =K21+M21 -> 2697171.1 | O21: =N21+I21 -> 24905330 | P21: =L21+J21+G21+E21 -> 21060 | Q21: =T21+R21 -> 382 | R21: 193 | S21: 3468244.7 | T21: 189 | U21: 866035.8 | V21: =U21+S21 -> 4334280.5 | W21: =V21/$AG$48 -> 334.02054 | X21: 64.89108 | Z21: 0 | AA21: 12 | AB21: =SUM(X21:AA21) -> 76.89108 | AC21: 798339.14 | AD21: =AC21/$AG$48 -> 61.523859 | AE21: 0.9 | AF21: 7830 | AG21: =AF21/$AG$48 -> 0.60341752
B22: 11 | C22: 32 | D22: 341 | E22: 15680 | F22: 17053082 | G22: 3280 | H22: 5350839.5 | I22: =F22+H22 -> 22403921 | J22: 1900 | K22: 2066381.1 | L22: 440 | M22: 717795.54 | N22: =K22+M22 -> 2784176.6 | O22: =N22+I22 -> 25188098 | P22: =L22+J22+G22+E22 -> 21300 | Q22: =T22+R22 -> 498.3 | R22: 165 | S22: 2965079.7 | T22: 333.3 | U22: 1527247.3 | V22: =U22+S22 -> 4492327 | W22: =V22/$AG$48 -> 346.20035 | X22: 69.483 | Z22: 0 | AA22: 0 | AB22: =SUM(X22:AA22) -> 69.483 | AC22: 705460.9 | AD22: =AC22/$AG$48 -> 54.366215 | AE22: 189 | AF22: 1644300 | AG22: =AF22/$AG$48 -> 126.71768
B23: 12 | C23: 28 | D23: 307 | E23: 15480 | F23: 16835568 | G23: 3200 | H23: 5220331.2 | I23: =F23+H23 -> 22055899 | J23: 1560 | K23: 1696607.6 | L23: 420 | M23: 685168.47 | N23: =K23+M23 -> 2381776.1 | O23: =N23+I23 -> 24437675 | P23: =L23+J23+G23+E23 -> 20660 | Q23: =T23+R23 -> 525 | R23: 176 | S23: 3162751.7 | T23: 349 | U23: 1599187.8 | V23: =U23+S23 -> 4761939.5 | W23: =V23/$AG$48 -> 366.97799 | X23: 51.39728 | Z23: 0 | AA23: 12 | AB23: =SUM(X23:AA23) -> 63.39728 | AC23: 661336.58 | AD23: =AC23/$AG$48 -> 50.965783 | AE23: 251.5 | AF23: 2188050 | AG23: =AF23/$AG$48 -> 168.62167
B24: 13 | C24: 30 | D24: 313 | E24: 15120 | F24: 16444043 | G24: 3440 | H24: 5611856 | I24: =F24+H24 -> 22055899 | J24: 1800 | K24: 1957624.2 | L24: 440 | M24: 717795.54 | N24: =K24+M24 -> 2675419.7 | O24: =N24+I24 -> 24731319 | P24: =L24+J24+G24+E24 -> 20800 | Q24: =T24+R24 -> 554 | R24: 192 | S24: 3450274.6 | T24: 362 | U24: 1658756.4 | V24: =U24+S24 -> 5109031 | W24: =V24/$AG$48 -> 393.72654 | X24: 60.17832 | Y24: 250 | Z24: 0 | AA24: 24 | AB24: =SUM(X24:AA24) -> 334.17832 | AC24: 3682490.5 | AD24: =AC24/$AG$48 -> 283.79045 | AE24: 71.1 | AF24: 618570 | AG24: =AF24/$AG$48 -> 47.669984
B25: 14 | C25: 49 | D25: 386 | E25: 16320 | F25: 17749126 | G25: 3400 | H25: 5546601.9 | I25: =F25+H25 -> 23295728 | J25: 1880 | K25: 2044629.7 | L25: 420 | M25: 685168.47 | N25: =K25+M25 -> 2729798.2 | O25: =N25+I25 -> 26025526 | P25: =L25+J25+G25+E25 -> 22020 | Q25: =T25+R25 -> 525.9 | R25: 168 | S25: 3018990.2 | T25: 357.9 | U25: 1639969.4 | V25: =U25+S25 -> 4658959.6 | W25: =V25/$AG$48 -> 359.04187 | X25: 61.58812 | Z25: 400 | AA25: 0 | AB25: =SUM(X25:AA25) -> 461.58812 | AC25: 5651804.2 | AD25: =AC25/$AG$48 -> 435.55525 | AE25: 95.8 | AF25: 833460 | AG25: =AF25/$AG$48 -> 64.230442
B26: 15 | C26: 49 | D26: 401 | E26: 16800 | F26: 18271159 | G26: 3560 | H26: 5807618.5 | I26: =F26+H26 -> 24078778 | J26: 1760 | K26: 1914121.4 | L26: 420 | M26: 685168.47 | N26: =K26+M26 -> 2599289.9 | O26: =N26+I26 -> 26678068 | P26: =L26+J26+G26+E26 -> 22540 | Q26: =T26+R26 -> 555.4 | R26: 189 | S26: 3396364 | T26: 366.4 | U26: 1678918.1 | V26: =U26+S26 -> 5075282.1 | W26: =V26/$AG$48 -> 391.12569 | X26: 105.81556 | AA26: 12 | AB26: =SUM(X26:AA26) -> 117.81556 | AC26: 1213845.4 | AD26: =AC26/$AG$48 -> 93.544772 | AE26: 337.1 | AF26: 2932770 | AG26: =AF26/$AG$48 -> 226.01338
B27: 16 | C27: 48 | D27: 313 | E27: 16120 | F27: 17531612 | G27: 3440 | H27: 5611856 | I27: =F27+H27 -> 23143468 | J27: 1880 | K27: 2044629.7 | L27: 420 | M27: 685168.47 | N27: =K27+M27 -> 2729798.2 | O27: =N27+I27 -> 25873267 | P27: =L27+J27+G27+E27 -> 21860 | Q27: =T27+R27 -> 558.6 | R27: 191 | S27: 3432304.4 | T27: 367.6 | U27: 1684416.7 | V27: =U27+S27 -> 5116721.1 | W27: =V27/$AG$48 -> 394.31917 | X27: 90.79112 | Z27: 0 | AA27: 0 | AB27: =SUM(X27:AA27) -> 90.79112 | AC27: 921802.24 | AD27: =AC27/$AG$48 -> 71.038521 | AE27: 250.5 | AF27: 2179350 | AG27: =AF27/$AG$48 -> 167.95121
B28: 17 | C28: 51 | D28: 344 | E28: 16000 | F28: 17401104 | G28: 3320 | H28: 5416093.6 | I28: =F28+H28 -> 22817198 | J28: 1800 | K28: 1957624.2 | L28: 420 | M28: 685168.47 | N28: =K28+M28 -> 2642792.7 | O28: =N28+I28 -> 25459990 | P28: =L28+J28+G28+E28 -> 21540 | Q28: =T28+R28 -> 544 | R28: 176 | S28: 3162751.7 | T28: 368 | U28: 1686249.6 | V28: =U28+S28 -> 4849001.3 | W28: =V28/$AG$48 -> 373.6874 | X28: 70.85252 | Z28: 0 | AA28: 0 | AB28: =SUM(X28:AA28) -> 70.85252 | AC28: 719365.64 | AD28: =AC28/$AG$48 -> 55.437781 | AE28: 408.3 | AF28: 3552210 | AG28: =AF28/$AG$48 -> 273.75041
B29: 18 | C29: 31 | D29: 344 | E29: 16960 | F29: 18445170 | G29: 3440 | H29: 5611856 | I29: =F29+H29 -> 24057026 | J29: 1640 | K29: 1783613.2 | L29: 440 | M29: 717795.54 | N29: =K29+M29 -> 2501408.7 | O29: =N29+I29 -> 26558435 | P29: =L29+J29+G29+E29 -> 22480 | Q29: =T29+R29 -> 486.9 | R29: 134 | S29: 2408004.1 | T29: 352.9 | U29: 1617058.4 | V29: =U29+S29 -> 4025062.5 | W29: =V29/$AG$48 -> 310.1907 | X29: 80.80168 | Z29: 0 | AA29: 0 | AB29: =SUM(X29:AA29) -> 80.80168 | AC29: 820379.46 | AD29: =AC29/$AG$48 -> 63.222393 | AE29: 42.4 | AF29: 368880 | AG29: =AF29/$AG$48 -> 28.42767
B30: 19 | C30: 16 | D30: 176 | E30: 15160 | F30: 16487546 | G30: 3240 | H30: 5285585.3 | I30: =F30+H30 -> 21773131 | J30: 1840 | K30: 2001127 | L30: 440 | M30: 717795.54 | N30: =K30+M30 -> 2718922.5 | O30: =N30+I30 -> 24492054 | P30: =L30+J30+G30+E30 -> 20680 | Q30: =T30+R30 -> 353.5 | R30: 172 | S30: 3090871 | T30: 181.5 | U30: 831669.3 | V30: =U30+S30 -> 3922540.3 | W30: =V30/$AG$48 -> 302.28985 | X30: 70.49 | Y30: 250 | Z30: 0 | AA30: 0 | AB30: =SUM(X30:AA30) -> 320.49 | AC30: 3508185 | AD30: =AC30/$AG$48 -> 270.35763 | AE30: 46.2 | AF30: 401940 | AG30: =AF30/$AG$48 -> 30.975433
B31: 20 | C31: 11 | D31: 161 | E31: 14520 | F31: 15791502 | G31: 2880 | H31: 4698298.1 | I31: =F31+H31 -> 20489800 | J31: 1720 | K31: 1870618.7 | L31: 400 | M31: 652541.4 | N31: =K31+M31 -> 2523160.1 | O31: =N31+I31 -> 23012960 | P31: =L31+J31+G31+E31 -> 19520 | Q31: =T31+R31 -> 527 | R31: 161 | S31: 2893199 | T31: 366 | U31: 1677085.2 | V31: =U31+S31 -> 4570284.2 | W31: =V31/$AG$48 -> 352.20811 | X31: 74.518 | Z31: 400 | AA31: 24 | AB31: =SUM(X31:AA31) -> 498.518 | AC31: 6062081.3 | AD31: =AC31/$AG$48 -> 467.17318 | AE31: 118.5 | AF31: 1030950 | AG31: =AF31/$AG$48 -> 79.449973
B32: 21 | C32: 12 | D32: 222 | E32: 13560 | F32: 14747436 | G32: 2680 | H32: 4372027.4 | I32: =F32+H32 -> 19119463 | J32: 1320 | K32: 1435591.1 | L32: 360 | M32: 587287.26 | N32: =K32+M32 -> 2022878.3 | O32: =N32+I32 -> 21142341 | P32: =L32+J32+G32+E32 -> 17920 | Q32: =T32+R32 -> 395.5 | R32: 33 | S32: 593015.94 | T32: 362.5 | U32: 1661047.5 | V32: =U32+S32 -> 2254063.4 | W32: =V32/$AG$48 -> 173.70899 | X32: 71.57756 | Z32: 0 | AA32: 12 | AB32: =SUM(X32:AA32) -> 83.57756 | AC32: 866226.97 | AD32: =AC32/$AG$48 -> 66.755623 | AE32: 129.5 | AF32: 1126650 | AG32: =AF32/$AG$48 -> 86.825076
B33: 22 | C33: 19 | D33: 224 | E33: 13560 | F33: 14747436 | G33: 2920 | H33: 4763552.2 | I33: =F33+H33 -> 19510988 | J33: 2060 | K33: 2240392.1 | L33: 400 | M33: 652541.4 | N33: =K33+M33 -> 2892933.5 | O33: =N33+I33 -> 22403921 | P33: =L33+J33+G33+E33 -> 18940 | Q33: =T33+R33 -> 481 | R33: 115 | S33: 2066570.7 | T33: 366 | U33: 1677085.2 | V33: =U33+S33 -> 3743655.9 | W33: =V33/$AG$48 -> 288.50416 | X33: 74.3166 | Z33: 0 | AA33: 0 | AB33: =SUM(X33:AA33) -> 74.3166 | AC33: 754536.44 | AD33: =AC33/$AG$48 -> 58.148213 | AE33: 108.7 | AF33: 945690 | AG33: =AF33/$AG$48 -> 72.879427
B34: 23 | C34: 18 | D34: 178 | E34: 13200 | F34: 14355911 | G34: 2840 | H34: 4633043.9 | I34: =F34+H34 -> 18988955 | J34: 1540 | K34: 1674856.3 | L34: 380 | M34: 619914.33 | N34: =K34+M34 -> 2294770.6 | O34: =N34+I34 -> 21283725 | P34: =L34+J34+G34+E34 -> 17960 | Q34: =T34+R34 -> 489 | R34: 126 | S34: 2264242.7 | T34: 363 | U34: 1663338.6 | V34: =U34+S34 -> 3927581.3 | W34: =V34/$AG$48 -> 302.67833 | X34: 74.518 | Z34: 0 | AA34: 24 | AB34: =SUM(X34:AA34) -> 98.518 | AC34: 1035581.3 | AD34: =AC34/$AG$48 -> 79.80688 | AE34: 876.2 | AF34: 7622940 | AG34: =AF34/$AG$48 -> 587.46048
B35: 24 | C35: 19 | D35: 173 | E35: 14360 | F35: 15617491 | G35: 2840 | H35: 4633043.9 | I35: =F35+H35 -> 20250535 | J35: 1440 | K35: 1566099.4 | L35: 360 | M35: 587287.26 | N35: =K35+M35 -> 2153386.6 | O35: =N35+I35 -> 22403921 | P35: =L35+J35+G35+E35 -> 19000 | Q35: =T35+R35 -> 358 | R35: 0 | S35: 0 | T35: 358 | U35: 1640427.6 | V35: =U35+S35 -> 1640427.6 | W35: =V35/$AG$48 -> 126.41925 | X35: 61.70896 | Z35: 0 | AA35: 0 | AB35: =SUM(X35:AA35) -> 61.70896 | AC35: 626531.07 | AD35: =AC35/$AG$48 -> 48.283502 | AE35: 731.1 | AF35: 6360570 | AG35: =AF35/$AG$48 -> 490.17616
B36: 25 | C36: 24 | D36: 186 | E36: 13480 | F36: 14660430 | G36: 2680 | H36: 4372027.4 | I36: =F36+H36 -> 19032458 | J36: 1460 | K36: 1587850.7 | L36: 360 | M36: 587287.26 | N36: =K36+M36 -> 2175138 | O36: =N36+I36 -> 21207596 | P36: =L36+J36+G36+E36 -> 17980 | Q36: =T36+R36 -> 364 | R36: 0 | S36: 0 | T36: 364 | U36: 1667920.8 | V36: =U36+S36 -> 1667920.8 | W36: =V36/$AG$48 -> 128.53801 | X36: 75.56528 | Y36: 250 | Z36: 0 | AA36: 0 | AB36: =SUM(X36:AA36) -> 325.56528 | AC36: 3559714.3 | AD36: =AC36/$AG$48 -> 274.32873 | AE36: 538.1 | AF36: 4681470 | AG36: =AF36/$AG$48 -> 360.77663
B37: 26 | C37: 19 | D37: 299 | E37: 13440 | F37: 14616927 | G37: 2920 | H37: 4763552.2 | I37: =F37+H37 -> 19380480 | J37: 1620 | K37: 1761861.8 | L37: 380 | M37: 619914.33 | N37: =K37+M37 -> 2381776.1 | O37: =N37+I37 -> 21762256 | P37: =L37+J37+G37+E37 -> 18360 | Q37: =T37+R37 -> 225.8 | R37: 0 | S37: 0 | T37: 225.8 | U37: 1034660.8 | V37: =U37+S37 -> 1034660.8 | W37: =V37/$AG$48 -> 79.735942 | X37: 74.03464 | Z37: 400 | AA37: 12 | AB37: =SUM(X37:AA37) -> 486.03464 | AC37: 5917673.7 | AD37: =AC37/$AG$48 -> 456.04444 | AE37: 554.8 | AF37: 4826760 | AG37: =AF37/$AG$48 -> 371.97338
B38: 27 | C38: 13 | D38: 229 | E38: 13320 | F38: 14486419 | G38: 2560 | H38: 4176265 | I38: =F38+H38 -> 18662684 | J38: 1700 | K38: 1848867.3 | L38: 420 | M38: 685168.47 | N38: =K38+M38 -> 2534035.8 | O38: =N38+I38 -> 21196720 | P38: =L38+J38+G38+E38 -> 18000 | Q38: =T38+R38 -> 223 | R38: 37 | S38: 664896.66 | T38: 186 | U38: 852289.2 | V38: =U38+S38 -> 1517185.9 | W38: =V38/$AG$48 -> 116.92165 | X38: 63.6424 | Z38: 0 | AA38: 24 | AB38: =SUM(X38:AA38) -> 87.6424 | AC38: 925161.29 | AD38: =AC38/$AG$48 -> 71.297385 | AE38: 539.7 | AF38: 4695390 | AG38: =AF38/$AG$48 -> 361.84937
B39: 28 | C39: 16 | D39: 301 | E39: 13680 | F39: 14877944 | G39: 3000 | H39: 4894060.5 | I39: =F39+H39 -> 19772004 | J39: 1760 | K39: 1914121.4 | L39: 440 | M39: 717795.54 | N39: =K39+M39 -> 2631917 | O39: =N39+I39 -> 22403921 | P39: =L39+J39+G39+E39 -> 18880 | Q39: =T39+R39 -> 223 | R39: 26 | S39: 467224.68 | T39: 197 | U39: 902693.4 | V39: =U39+S39 -> 1369918.1 | W39: =V39/$AG$48 -> 105.57249 | X39: 61.70896 | Z39: 0 | AA39: 12 | AB39: =SUM(X39:AA39) -> 73.70896 | AC39: 766031.07 | AD39: =AC39/$AG$48 -> 59.034044 | AE39: 458.2 | AF39: 3986340 | AG39: =AF39/$AG$48 -> 307.20656
B40: 29 | C40: 13 | D40: 203 | E40: 14480 | F40: 15747999 | G40: 2880 | H40: 4698298.1 | I40: =F40+H40 -> 20446297 | J40: 1740 | K40: 1892370.1 | L40: 400 | M40: 652541.4 | N40: =K40+M40 -> 2544911.5 | O40: =N40+I40 -> 22991209 | P40: =L40+J40+G40+E40 -> 19500 | Q40: =T40+R40 -> 371 | R40: 187 | S40: 3360423.7 | T40: 184 | U40: 843124.8 | V40: =U40+S40 -> 4203548.5 | W40: =V40/$AG$48 -> 323.94569 | X40: 74.96108 | Z40: 0 | AA40: 12 | AB40: =SUM(X40:AA40) -> 86.96108 | AC40: 900579.85 | AD40: =AC40/$AG$48 -> 69.403021 | AE40: 377 | AF40: 3279900 | AG40: =AF40/$AG$48 -> 252.76489
B41: 30 | C41: 17 | D41: 148 | E41: 14240 | F41: 15486983 | G41: 3080 | H41: 5024568.8 | I41: =F41+H41 -> 20511551 | J41: 1760 | K41: 1914121.4 | L41: 400 | M41: 652541.4 | N41: =K41+M41 -> 2566662.8 | O41: =N41+I41 -> 23078214 | P41: =L41+J41+G41+E41 -> 19480 | Q41: =T41+R41 -> 396 | R41: 207 | S41: 3719827.3 | T41: 189 | U41: 866035.8 | V41: =U41+S41 -> 4585863.1 | W41: =V41/$AG$48 -> 353.4087 | X41: 69.32188 | Z41: 0 | AA41: 36 | AB41: =SUM(X41:AA41) -> 105.32188 | AC41: 1680825 | AD41: =AC41/$AG$48 -> 129.53247 | AE41: 395.8 | AF41: 3443460 | AG41: =AF41/$AG$48 -> 265.36961
B42: 31 | C42: 18 | D42: 180 | E42: 22520 | F42: 24492054 | G42: 2920 | H42: 4763552.2 | I42: =F42+H42 -> 29255606 | J42: 3020 | K42: 3284458.4 | L42: 420 | M42: 685168.47 | N42: =K42+M42 -> 3969626.9 | O42: =N42+I42 -> 33225233 | P42: =L42+J42+G42+E42 -> 28880 | Q42: =T42+R42 -> 395 | R42: 197 | S42: 3540125.5 | T42: 198 | U42: 907275.6 | V42: =U42+S42 -> 4447401.1 | W42: =V42/$AG$48 -> 342.73815 | X42: 77.65984 | Y42: 250 | Z42: 400 | AA42: 0 | AB42: =SUM(X42:AA42) -> 727.65984 | AC42: 8048980.4 | AD42: =AC42/$AG$48 -> 620.2932 | AE42: 544.5 | AF42: 4737150 | AG42: =AF42/$AG$48 -> 365.0676
C47: =SUM(C12:C43) -> 1107 | D47: =SUM(D12:D43) -> 11246 | E47: =SUM(E12:E43) -> 481560 | F47: =SUM(F12:F43) -> 5.2372973e+08 | G47: =SUM(G12:G43) -> 101600 | H47: =SUM(H12:H43) -> 1.6574552e+08 | I47: =SUM(I12:I43) -> 6.8947524e+08 | J47: =SUM(J12:J43) -> 55560 | ... P47: =SUM(P12:P43) -> 651840 | Q47: =SUM(Q12:Q42) -> 13358.7 | R47: =SUM(R12:R42) -> 4638 | S47: =SUM(S12:S42) -> 83345695 | T47: =SUM(T12:T42) -> 8720.7 | U47: =SUM(U12:U42) -> 39959992 | V47: =SUM(V12:V42) -> 1.2330569e+08 | W47: =V47/$AG$48 -> 9502.5301 | X47: =SUM(X12:X41) -> 2138.0624 | Y47: =SUM(Y12:Y41) -> 1250 | Z47: =SUM(Z12:Z42) -> 2400 | AA47: =SUM(AA12:AA42) -> 312 | AB47: =SUM(AB12:AB42) -> 6427.7222 | AC47: =SUM(AC12:AC43) -> 73037228 | AD47: =AC47/$AG$48 -> 5628.6006 | AE47: =SUM(AE12:AE43) -> 8962.2 | AF47: =SUM(AF12:AF43) -> 77971140 | AG47: =AF47/AG48 -> 6008.8316
AG48: 12976.09
P50: =O47/P47 -> 1183.2719 | V50: =V47/Q47 -> 9230.3657 | AC50: =AC47/AB47 -> 11362.848 | AF50: =AF47/AE47 -> 8700

Sheet RNs & Covers January 2018
A1: Four Seasons Resort Bali at Jimbaran Bay
A2: 43101
A3: Date | B3: Room Nights | C3: Food Covers
A6: 1 | B6: 98 | C6: 820
A7: 2 | B7: 85 | C7: 762
A8: =A7+1 -> 3 | B8: 71 | C8: 645
A9: =A8+1 -> 4 | B9: 65 | C9: 703
A10: =A9+1 -> 5 | B10: 58 | C10: 549
A11: =A10+1 -> 6 | B11: 48 | C11: 646
A12: =A11+1 -> 7 | B12: 45 | C12: 547
A13: =A12+1 -> 8 | B13: 35 | C13: 374
A14: =A13+1 -> 9 | B14: 34 | C14: 383
A15: =A14+1 -> 10 | B15: 35 | C15: 388
A16: =A15+1 -> 11 | B16: 32 | C16: 341
A17: =A16+1 -> 12 | B17: 28 | C17: 307
A18: =A17+1 -> 13 | B18: 30 | C18: 313
A19: =A18+1 -> 14 | B19: 49 | C19: 386
... A36: =A35+1 -> 31 | B36: 18 | C36: 180
B38: =SUM(B6:B36) -> 1107 | C38: =SUM(C6:C36) -> 11246
