Workbook

Sheet TOTAL
A1: Site Name | B1: Day | C1: Month | D1: Year | E1: Total Electricity Kwh | F1: Electricity Tariff ($/Kwh) | G1: LPG (Kg) | H1: LPG $/Kg | I1: Total Fuel Oil (Liter) | J1: Fuel Oil $/Liter | K1: Water Utility Supply (m3) m3 | L1: Water Utility Supply (m3) $/m3 | M1: Room Nights | N1: Food Covers
A2: Bali Jimbaran | B2: 1 | C2: 5 | D2: 2018 | E2: ='FS Jimbaran May 2018'!P12 -> 13940 | F2: ='FS Jimbaran May 2018'!O12/'FS Jimbaran May 2018'!P12 -> 1257.6479 | G2: ='FS Jimbaran May 2018'!AB12 -> 513.75072 | H2: ='FS Jimbaran May 2018'!AC12/'FS Jimbaran May 2018'!AB12 -> 10944.824 | I2: ='FS Jimbaran May 2018'!AE12 -> 62.09 | J2: ='FS Jimbaran May 2018'!AF12/'FS Jimbaran May 2018'!AE12 -> 9150 | K2: ='FS Jimbaran May 2018'!Q12 -> 881 | L2: ='FS Jimbaran May 2018'!V12/'FS Jimbaran May 2018'!Q12 -> 9895.9004 | M2: 66 | N2: 663
A3: Bali Jimbaran | B3: =B2+1 -> 2 | C3: 5 | D3: 2018 | E3: ='FS Jimbaran May 2018'!P13 -> 25740 | F3: ='FS Jimbaran May 2018'!O13/'FS Jimbaran May 2018'!P13 -> 1183.0587 | G3: ='FS Jimbaran May 2018'!AB13 -> 133.763 | H3: ='FS Jimbaran May 2018'!AC13/'FS Jimbaran May 2018'!AB13 -> 10417.109 | I3: ='FS Jimbaran May 2018'!AE13 -> 67.43 | J3: ='FS Jimbaran May 2018'!AF13/'FS Jimbaran May 2018'!AE13 -> 9150 | K3: ='FS Jimbaran May 2018'!Q13 -> 731 | L3: ='FS Jimbaran May 2018'!V13/'FS Jimbaran May 2018'!Q13 -> 10975.379 | M3: 75 | N3: 547
A4: Bali Jimbaran | B4: =B3+1 -> 3 | C4: 5 | D4: 2018 | E4: ='FS Jimbaran May 2018'!P14 -> 27280 | F4: ='FS Jimbaran May 2018'!O14/'FS Jimbaran May 2018'!P14 -> 1179.2629 | G4: ='FS Jimbaran May 2018'!AB14 -> 204.2196 | H4: ='FS Jimbaran May 2018'!AC14/'FS Jimbaran May 2018'!AB14 -> 12887.801 | I4: ='FS Jimbaran May 2018'!AE14 -> 125.72 | J4: ='FS Jimbaran May 2018'!AF14/'FS Jimbaran May 2018'!AE14 -> 9150 | K4: ='FS Jimbaran May 2018'!Q14 -> 677 | L4: ='FS Jimbaran May 2018'!V14/'FS Jimbaran May 2018'!Q14 -> 10573.982 | M4: 75 | N4: 530
A5: Bali Jimbaran | B5: =B4+1 -> 4 | C5: 5 | D5: 2018 | E5: ='FS Jimbaran May 2018'!P15 -> 26040 | F5: ='FS Jimbaran May 2018'!O15/'FS Jimbaran May 2018'!P15 -> 1184.8822 | G5: ='FS Jimbaran May 2018'!AB15 -> 0 | H5: ='FS Jimbaran May 2018'!AC15/'FS Jimbaran May 2018'!AB15 -> #DIV/0! | I5: ='FS Jimbaran May 2018'!AE15 -> 66.11 | J5: ='FS Jimbaran May 2018'!AF15/'FS Jimbaran May 2018'!AE15 -> 9150 | K5: ='FS Jimbaran May 2018'!Q15 -> 611 | L5: ='FS Jimbaran May 2018'!V15/'FS Jimbaran May 2018'!Q15 -> 6457.9696 | M5: 87 | N5: 671
A6: Bali Jimbaran | B6: =B5+1 -> 5 | C6: 5 | D6: 2018 | E6: ='FS Jimbaran May 2018'!P16 -> 26280 | F6: ='FS Jimbaran May 2018'!O16/'FS Jimbaran May 2018'!P16 -> 1181.5105 | G6: ='FS Jimbaran May 2018'!AB16 -> 407.64904 | H6: ='FS Jimbaran May 2018'!AC16/'FS Jimbaran May 2018'!AB16 -> 10863.361 | I6: ='FS Jimbaran May 2018'!AE16 -> 65.3 | J6: ='FS Jimbaran May 2018'!AF16/'FS Jimbaran May 2018'!AE16 -> 9150 | K6: ='FS Jimbaran May 2018'!Q16 -> 751 | L6: ='FS Jimbaran May 2018'!V16/'FS Jimbaran May 2018'!Q16 -> 9944.5919 | M6: 61 | N6: 658
A7: Bali Jimbaran | B7: =B6+1 -> 6 | C7: 5 | D7: 2018 | E7: ='FS Jimbaran May 2018'!P17 -> 26920 | F7: ='FS Jimbaran May 2018'!O17/'FS Jimbaran May 2018'!P17 -> 1182.9131 | G7: ='FS Jimbaran May 2018'!AB17 -> 557.81016 | H7: ='FS Jimbaran May 2018'!AC17/'FS Jimbaran May 2018'!AB17 -> 10945.614 | I7: ='FS Jimbaran May 2018'!AE17 -> 61.45 | J7: ='FS Jimbaran May 2018'!AF17/'FS Jimbaran May 2018'!AE17 -> 9150 | K7: ='FS Jimbaran May 2018'!Q17 -> 777 | L7: ='FS Jimbaran May 2018'!V17/'FS Jimbaran May 2018'!Q17 -> 10622.307 | M7: 49 | N7: 670
A8: Bali Jimbaran | B8: =B7+1 -> 7 | C8: 5 | D8: 2018 | E8: ='FS Jimbaran May 2018'!P18 -> 26380 | F8: ='FS Jimbaran May 2018'!O18/'FS Jimbaran May 2018'!P18 -> 1182.3912 | G8: ='FS Jimbaran May 2018'!AB18 -> 171.02544 | H8: ='FS Jimbaran May 2018'!AC18/'FS Jimbaran May 2018'!AB18 -> 10256.283 | I8: ='FS Jimbaran May 2018'!AE18 -> 11.2 | J8: ='FS Jimbaran May 2018'!AF18/'FS Jimbaran May 2018'!AE18 -> 9150 | K8: ='FS Jimbaran May 2018'!Q18 -> 517 | L8: ='FS Jimbaran May 2018'!V18/'FS Jimbaran May 2018'!Q18 -> 11820.874 | M8: 44 | N8: 440
A9: Bali Jimbaran | B9: =B8+1 -> 8 | C9: 5 | D9: 2018 | E9: ='FS Jimbaran May 2018'!P19 -> 25540 | F9: ='FS Jimbaran May 2018'!O19/'FS Jimbaran May 2018'!P19 -> 1185.5098 | G9: ='FS Jimbaran May 2018'!AB19 -> 139.73132 | H9: ='FS Jimbaran May 2018'!AC19/'FS Jimbaran May 2018'!AB19 -> 10153 | I9: ='FS Jimbaran May 2018'!AE19 -> 0 | J9: ='FS Jimbaran May 2018'!AF19/'FS Jimbaran May 2018'!AE19 -> #DIV/0! | K9: ='FS Jimbaran May 2018'!Q19 -> 651 | L9: ='FS Jimbaran May 2018'!V19/'FS Jimbaran May 2018'!Q19 -> 11133.21 | M9: 45 | N9: 535
A10: Bali Jimbaran | B10: =B9+1 -> 9 | C10: 5 | D10: 2018 | E10: ='FS Jimbaran May 2018'!P20 -> 26080 | F10: ='FS Jimbaran May 2018'!O20/'FS Jimbaran May 2018'!P20 -> 1180.5628 | G10: ='FS Jimbaran May 2018'!AB20 -> 149.5562 | H10: ='FS Jimbaran May 2018'!AC20/'FS Jimbaran May 2018'!AB20 -> 14005.492 | I10: ='FS Jimbaran May 2018'!AE20 -> 82.9 | J10: ='FS Jimbaran May 2018'!AF20/'FS Jimbaran May 2018'!AE20 -> 9150 | K10: ='FS Jimbaran May 2018'!Q20 -> 271 | L10: ='FS Jimbaran May 2018'!V20/'FS Jimbaran May 2018'!Q20 -> 9611.6054 | M10: 39 | N10: 433
A11: Bali Jimbaran | B11: =B10+1 -> 10 | C11: 5 | D11: 2018 | E11: ='FS Jimbaran May 2018'!P21 -> 26540 | F11: ='FS Jimbaran May 2018'!O21/'FS Jimbaran May 2018'!P21 -> 1183.4587 | G11: ='FS Jimbaran May 2018'!AB21 -> 129.33908 | H11: ='FS Jimbaran May 2018'!AC21/'FS Jimbaran May 2018'!AB21 -> 10153 | I11: ='FS Jimbaran May 2018'!AE21 -> 0 | J11: ='FS Jimbaran May 2018'!AF21/'FS Jimbaran May 2018'!AE21 -> #DIV/0! | K11: ='FS Jimbaran May 2018'!Q21 -> 365 | L11: ='FS Jimbaran May 2018'!V21/'FS Jimbaran May 2018'!Q21 -> 6284.1119 | M11: 43 | N11: 601
A12: Bali Jimbaran | B12: =B11+1 -> 11 | C12: 5 | D12: 2018 | E12: ='FS Jimbaran May 2018'!P22 -> 28440 | F12: ='FS Jimbaran May 2018'!O22/'FS Jimbaran May 2018'!P22 -> 1176.2877 | G12: ='FS Jimbaran May 2018'!AB22 -> 832.45808 | H12: ='FS Jimbaran May 2018'!AC22/'FS Jimbaran May 2018'!AB22 -> 11010.751 | I12: ='FS Jimbaran May 2018'!AE22 -> 1355.86 | J12: ='FS Jimbaran May 2018'!AF22/'FS Jimbaran May 2018'!AE22 -> 9150 | K12: ='FS Jimbaran May 2018'!Q22 -> 440 | L12: ='FS Jimbaran May 2018'!V22/'FS Jimbaran May 2018'!Q22 -> 6680.4385 | M12: 37 | N12: 438
A13: Bali Jimbaran | B13: =B12+1 -> 12 | C13: 5 | D13: 2018 | E13: ='FS Jimbaran May 2018'!P23 -> 27780 | F13: ='FS Jimbaran May 2018'!O23/'FS Jimbaran May 2018'!P23 -> 1181.5274 | G13: ='FS Jimbaran May 2018'!AB23 -> 135.38108 | H13: ='FS Jimbaran May 2018'!AC23/'FS Jimbaran May 2018'!AB23 -> 10153 | I13: ='FS Jimbaran May 2018'!AE23 -> 423.24 | J13: ='FS Jimbaran May 2018'!AF23/'FS Jimbaran May 2018'!AE23 -> 9150 | K13: ='FS Jimbaran May 2018'!Q23 -> 547 | L13: ='FS Jimbaran May 2018'!V23/'FS Jimbaran May 2018'!Q23 -> 8985.7198 | M13: 50 | N13: 369
A14: Bali Jimbaran | B14: =B13+1 -> 13 | C14: 5 | D14: 2018 | E14: ='FS Jimbaran May 2018'!P24 -> 27800 | F14: ='FS Jimbaran May 2018'!O24/'FS Jimbaran May 2018'!P24 -> 1184.9808 | G14: ='FS Jimbaran May 2018'!AB24 -> 146.01156 | H14: ='FS Jimbaran May 2018'!AC24/'FS Jimbaran May 2018'!AB24 -> 10273.977 | I14: ='FS Jimbaran May 2018'!AE24 -> 400.95 | J14: ='FS Jimbaran May 2018'!AF24/'FS Jimbaran May 2018'!AE24 -> 9150 | K14: ='FS Jimbaran May 2018'!Q24 -> 667 | L14: ='FS Jimbaran May 2018'!V24/'FS Jimbaran May 2018'!Q24 -> 8755.133 | M14: 103 | N14: 603
... A32: Bali Jimbaran | B32: =B31+1 -> 31 | C32: 5 | D32: 2018 | E32: ='FS Jimbaran May 2018'!P42 -> 34420 | F32: ='FS Jimbaran May 2018'!O42/'FS Jimbaran May 2018'!P42 -> 1152.9748 | G32: ='FS Jimbaran May 2018'!AB42 -> 123.861 | H32: ='FS Jimbaran May 2018'!AC42/'FS Jimbaran May 2018'!AB42 -> 10153 | I32: ='FS Jimbaran May 2018'!AE42 -> 659.58 | J32: ='FS Jimbaran May 2018'!AF42/'FS Jimbaran May 2018'!AE42 -> 9150 | K32: ='FS Jimbaran May 2018'!Q42 -> 745 | L32: ='FS Jimbaran May 2018'!V42/'FS Jimbaran May 2018'!Q42 -> 8635.3065 | M32: 47 | N32: 377

Sheet FS Jimbaran May 2018
B6: Four Seasons Resort Bali at Jimbaran Bay
B7: MAY 2018
B8: Date | C8: Room Nights | D8: Food Covers | E8: ELECTRICITY Resort, Sundara & Residences | Q8: WATER | X8: GAS
E9: Electricity Resort | J9: Electricity - Sundara | O9: Sub Total (Resort & Sundara) Cost (IDR) | P9: Sub Total (Resort & Sundara), KWh | R9: Water (m3) | V9: Total Water Cost | X9: LPG | AE9: Diesel
E10: BASED LOAD KWh (from 10 pm - 6 pm) | F10: Cost (IDR) | G10: PEAK LOAD KWh (from 6 pm - 10 pm) | H10: Cost (IDR) | I10: Resort Cost (IDR) | J10: BASED LOAD KWh (from 10 pm - 6 pm) | K10: Cost (IDR) | L10: PEAK LOAD KWh (from 6 pm - 10 pm) | M10: Cost (IDR) | N10: Sundara Cost (IDR) | Q10: Water consumption (m3) | R10: Municipal Water (m3) | S10: Municipal Water cost (IDR) | T10: Deepwell Consumption (m3) | U10: Deepwell water Cost (IDR) | V10: IDR | W10: USD | X10: LPG Bulk (m3) | Y10: 50 Kg (tube) IVD & TW | Z10: Sundara 50 kg (tube) | AA10: 12 Kg (tube) | AB10: Total kg | AC10: IDR | AD10: USD | AE10: Used (liters) | AF10: IDR | AG10: USD
B12: 1 | C12: 66 | D12: 663 | E12: 8320 | F12: 9048574.1 | G12: 3840 | H12: 6264397.4 | I12: =F12+H12 -> 15312972 | J12: 1260 | K12: 1370336.9 | L12: 520 | M12: 848303.82 | N12: =+K12+M12 -> 2218640.8 | O12: =N12+I12 -> 17531612 | P12: =L12+J12+G12+E12 -> 13940 | Q12: =T12+R12 -> 881 | R12: 344 | S12: 6181741.9 | T12: 537 | U12: 2536546.4 | V12: =U12+S12 -> 8718288.3 | W12: =V12/$AG$48 -> 671.87329 | X12: 113.75072 | Z12: 400 | AA12: 0 | AB12: =X12+Y12+Z12+AA12 -> 513.75072 | AC12: 5622911.1 | AD12: =AC12/$AG$48 -> 433.32861 | AE12: 62.09 | AF12: 568123.5 | AG12: =AF12/$AG$48 -> 43.782334
B13: 2 | C13: 75 | D13: 547 | E13: 18880 | F13: 20533303 | G13: 4000 | H13: 6525414 | I13: =F13+H13 -> 27058717 | J13: 2340 | K13: 2544911.5 | L13: 520 | M13: 848303.82 | N13: =+K13+M13 -> 3393215.3 | O13: =N13+I13 -> 30451932 | P13: =L13+J13+G13+E13 -> 25740 | Q13: =T13+R13 -> 731 | R13: 345 | S13: 6199712.1 | T13: 386 | U13: 1823290.3 | V13: =U13+S13 -> 8023002.4 | W13: =V13/$AG$48 -> 618.29121 | X13: 109.763 | AA13: 24 | AB13: =X13+Y13+Z13+AA13 -> 133.763 | AC13: 1393423.7 | AD13: =AC13/$AG$48 -> 107.38395 | AE13: 67.43 | AF13: 616984.5 | AG13: =AF13/$AG$48 -> 47.547798
B14: 3 | C14: 75 | D14: 530 | E14: 20280 | F14: 22055899 | G14: 4080 | H14: 6655922.3 | I14: =F14+H14 -> 28711822 | J14: 2400 | K14: 2610165.6 | L14: 520 | M14: 848303.82 | N14: =+K14+M14 -> 3458469.4 | O14: =N14+I14 -> 32170291 | P14: =L14+J14+G14+E14 -> 27280 | Q14: =T14+R14 -> 677 | R14: 299 | S14: 5373083.8 | T14: 378 | U14: 1785501.9 | V14: =U14+S14 -> 7158585.7 | W14: =V14/$AG$48 -> 551.6751 | X14: 204.2196 | AA14: 0 | AB14: =X14+Y14+Z14+AA14 -> 204.2196 | AC14: 2631941.6 | AD14: =AC14/$AG$48 -> 202.8301 | AE14: 125.72 | AF14: 1150338 | AG14: =AF14/$AG$48 -> 88.650587
B15: 4 | C15: 87 | D15: 671 | E15: 19280 | F15: 20968330 | G15: 4120 | H15: 6721176.4 | I15: =F15+H15 -> 27689507 | J15: 2100 | K15: 2283894.9 | L15: 540 | M15: 880930.89 | N15: =+K15+M15 -> 3164825.8 | O15: =N15+I15 -> 30854333 | P15: =L15+J15+G15+E15 -> 26040 | Q15: =T15+R15 -> 611 | R15: 80 | S15: 1437614.4 | T15: 531 | U15: 2508205.1 | V15: =U15+S15 -> 3945819.5 | W15: =V15/$AG$48 -> 304.08385 | X15: 0 | AA15: 0 | AB15: =X15+Y15+Z15+AA15 -> 0 | AC15: 0 | AD15: =AC15/$AG$48 -> 0 | AE15: 66.11 | AF15: 604906.5 | AG15: =AF15/$AG$48 -> 46.617009
B16: 5 | C16: 61 | D16: 658 | E16: 19280 | F16: 20968330 | G16: 4000 | H16: 6525414 | I16: =F16+H16 -> 27493744 | J16: 2460 | K16: 2675419.7 | L16: 540 | M16: 880930.89 | N16: =+K16+M16 -> 3556350.6 | O16: =N16+I16 -> 31050095 | P16: =L16+J16+G16+E16 -> 26280 | Q16: =T16+R16 -> 751 | R16: 296 | S16: 5319173.3 | T16: 455 | U16: 2149215.2 | V16: =U16+S16 -> 7468388.5 | W16: =V16/$AG$48 -> 575.54999 | X16: 133.64904 | Y16: 250 | AA16: 24 | AB16: =X16+Y16+Z16+AA16 -> 407.64904 | AC16: 4428438.7 | AD16: =AC16/$AG$48 -> 341.27682 | AE16: 65.3 | AF16: 597495 | AG16: =AF16/$AG$48 -> 46.045843
B17: 6 | C17: 49 | D17: 670 | E17: 19600 | F17: 21316352 | G17: 4160 | H17: 6786430.6 | I17: =F17+H17 -> 28102783 | J17: 2600 | K17: 2827679.4 | L17: 560 | M17: 913557.96 | N17: =+K17+M17 -> 3741237.4 | O17: =N17+I17 -> 31844020 | P17: =L17+J17+G17+E17 -> 26920 | Q17: =T17+R17 -> 777 | R17: 346 | S17: 6217682.3 | T17: 431 | U17: 2035850.1 | V17: =U17+S17 -> 8253532.3 | W17: =V17/$AG$48 -> 636.05696 | X17: 133.81016 | Z17: 400 | AA17: 24 | AB17: =X17+Y17+Z17+AA17 -> 557.81016 | AC17: 6105574.6 | AD17: =AC17/$AG$48 -> 470.52499 | AE17: 61.45 | AF17: 562267.5 | AG17: =AF17/$AG$48 -> 43.331042
B18: 7 | C18: 44 | D18: 440 | E18: 19760 | F18: 21490363 | G18: 4040 | H18: 6590668.1 | I18: =F18+H18 -> 28081032 | J18: 2020 | K18: 2196889.4 | L18: 560 | M18: 913557.96 | N18: =+K18+M18 -> 3110447.3 | O18: =N18+I18 -> 31191479 | P18: =L18+J18+G18+E18 -> 26380 | Q18: =T18+R18 -> 517 | R18: 277 | S18: 4977739.9 | T18: 240 | U18: 1133652 | V18: =U18+S18 -> 6111391.9 | W18: =V18/$AG$48 -> 470.97329 | X18: 159.02544 | AA18: 12 | AB18: =X18+Y18+Z18+AA18 -> 171.02544 | AC18: 1754085.3 | AD18: =AC18/$AG$48 -> 135.17826 | AE18: 11.2 | AF18: 102480 | AG18: =AF18/$AG$48 -> 7.8976024
B19: 8 | C19: 45 | D19: 535 | E19: 18640 | F19: 20272286 | G19: 4040 | H19: 6590668.1 | I19: =F19+H19 -> 26862954 | J19: 2300 | K19: 2501408.7 | L19: 560 | M19: 913557.96 | N19: =+K19+M19 -> 3414966.7 | O19: =N19+I19 -> 30277921 | P19: =L19+J19+G19+E19 -> 25540 | Q19: =T19+R19 -> 651 | R19: 315 | S19: 5660606.7 | T19: 336 | U19: 1587112.8 | V19: =U19+S19 -> 7247719.5 | W19: =V19/$AG$48 -> 558.54418 | X19: 139.73132 | AA19: 0 | AB19: =X19+Y19+Z19+AA19 -> 139.73132 | AC19: 1418692.1 | AD19: =AC19/$AG$48 -> 109.33125 | AE19: 0 | AF19: 0 | AG19: =AF19/$AG$48 -> 0
B20: 9 | C20: 39 | D20: 433 | E20: 19200 | F20: 20881325 | G20: 3920 | H20: 6394905.7 | I20: =F20+H20 -> 27276231 | J20: 2420 | K20: 2631917 | L20: 540 | M20: 880930.89 | N20: =+K20+M20 -> 3512847.9 | O20: =N20+I20 -> 30789078 | P20: =L20+J20+G20+E20 -> 26080 | Q20: =T20+R20 -> 271 | R20: 100 | S20: 1797018 | T20: 171 | U20: 807727.05 | V20: =U20+S20 -> 2604745 | W20: =V20/$AG$48 -> 200.7342 | X20: 137.5562 | AA20: 12 | AB20: =X20+Y20+Z20+AA20 -> 149.5562 | AC20: 2094608.1 | AD20: =AC20/$AG$48 -> 161.42059 | AE20: 82.9 | AF20: 758535 | AG20: =AF20/$AG$48 -> 58.456361
B21: 10 | C21: 43 | D21: 601 | E21: 19480 | F21: 21185844 | G21: 4120 | H21: 6721176.4 | I21: =F21+H21 -> 27907021 | J21: 2380 | K21: 2588414.2 | L21: 560 | M21: 913557.96 | N21: =+K21+M21 -> 3501972.2 | O21: =N21+I21 -> 31408993 | P21: =L21+J21+G21+E21 -> 26540 | Q21: =T21+R21 -> 365 | R21: 43 | S21: 772717.74 | T21: 322 | U21: 1520983.1 | V21: =U21+S21 -> 2293700.8 | W21: =V21/$AG$48 -> 176.76364 | X21: 129.33908 | AA21: 0 | AB21: =X21+Y21+Z21+AA21 -> 129.33908 | AC21: 1313179.7 | AD21: =AC21/$AG$48 -> 101.19995 | AE21: 0 | AF21: 0 | AG21: =AF21/$AG$48 -> 0
B22: 11 | C22: 37 | D22: 438 | E22: 21480 | F22: 23360982 | G22: 4080 | H22: 6655922.3 | I22: =F22+H22 -> 30016904 | J22: 2320 | K22: 2523160.1 | L22: 560 | M22: 913557.96 | N22: =+K22+M22 -> 3436718 | O22: =N22+I22 -> 33453622 | P22: =L22+J22+G22+E22 -> 28440 | Q22: =T22+R22 -> 440 | R22: 65 | S22: 1168061.7 | T22: 375 | U22: 1771331.2 | V22: =U22+S22 -> 2939393 | W22: =V22/$AG$48 -> 226.52378 | X22: 146.45808 | Y22: 250 | Z22: 400 | AA22: 36 | AB22: =X22+Y22+Z22+AA22 -> 832.45808 | AC22: 9165988.9 | AD22: =AC22/$AG$48 -> 706.37526 | AE22: 1355.86 | AF22: 12406119 | AG22: =AF22/$AG$48 -> 956.07529
B23: 12 | C23: 50 | D23: 369 | E23: 20560 | F23: 22360419 | G23: 4280 | H23: 6982193 | I23: =F23+H23 -> 29342612 | J23: 2420 | K23: 2631917 | L23: 520 | M23: 848303.82 | N23: =+K23+M23 -> 3480220.8 | O23: =N23+I23 -> 32822832 | P23: =L23+J23+G23+E23 -> 27780 | Q23: =T23+R23 -> 547 | R23: 176 | S23: 3162751.7 | T23: 371 | U23: 1752437.1 | V23: =U23+S23 -> 4915188.7 | W23: =V23/$AG$48 -> 378.78812 | X23: 135.38108 | AA23: 0 | AB23: =X23+Y23+Z23+AA23 -> 135.38108 | AC23: 1374524.1 | AD23: =AC23/$AG$48 -> 105.92745 | AE23: 423.24 | AF23: 3872646 | AG23: =AF23/$AG$48 -> 298.44475
B24: 13 | C24: 103 | D24: 603 | E24: 20480 | F24: 22273413 | G24: 4440 | H24: 7243209.5 | I24: =F24+H24 -> 29516623 | J24: 2340 | K24: 2544911.5 | L24: 540 | M24: 880930.89 | N24: =+K24+M24 -> 3425842.4 | O24: =N24+I24 -> 32942465 | P24: =L24+J24+G24+E24 -> 27800 | Q24: =T24+R24 -> 667 | R24: 203 | S24: 3647946.5 | T24: 464 | U24: 2191727.2 | V24: =U24+S24 -> 5839673.7 | W24: =V24/$AG$48 -> 450.03339 | X24: 134.01156 | AA24: 12 | AB24: =X24+Y24+Z24+AA24 -> 146.01156 | AC24: 1500119.4 | AD24: =AC24/$AG$48 -> 115.60642 | AE24: 400.95 | AF24: 3668692.5 | AG24: =AF24/$AG$48 -> 282.72712
B25: 14 | C25: 106 | D25: 564 | E25: 20560 | F25: 22360419 | G25: 4360 | H25: 7112701.3 | I25: =F25+H25 -> 29473120 | J25: 2160 | K25: 2349149 | L25: 540 | M25: 880930.89 | N25: =+K25+M25 -> 3230079.9 | O25: =N25+I25 -> 32703200 | P25: =L25+J25+G25+E25 -> 27620 | Q25: =T25+R25 -> 746 | R25: 184 | S25: 3306513.1 | T25: 562 | U25: 2654635.1 | V25: =U25+S25 -> 5961148.2 | W25: =V25/$AG$48 -> 459.3948 | X25: 136.06584 | AA25: 12 | AB25: =X25+Y25+Z25+AA25 -> 148.06584 | AC25: 1520976.5 | AD25: =AC25/$AG$48 -> 117.21377 | AE25: 113.18 | AF25: 1035597 | AG25: =AF25/$AG$48 -> 79.808093
B26: 15 | C26: 104 | D26: 706 | E26: 20000 | F26: 21751380 | G26: 4280 | H26: 6982193 | I26: =F26+H26 -> 28733573 | J26: 2420 | K26: 2631917 | L26: 500 | M26: 815676.75 | N26: =+K26+M26 -> 3447593.7 | O26: =N26+I26 -> 32181167 | P26: =L26+J26+G26+E26 -> 27200 | Q26: =T26+R26 -> 769 | R26: 241 | S26: 4330813.4 | T26: 528 | U26: 2494034.4 | V26: =U26+S26 -> 6824847.8 | W26: =V26/$AG$48 -> 525.95564 | X26: 130.46692 | AA26: 36 | AB26: =X26+Y26+Z26+AA26 -> 166.46692 | AC26: 1743130.6 | AD26: =AC26/$AG$48 -> 134.33404 | AE26: 0.1 | AF26: 915 | AG26: =AF26/$AG$48 -> 0.070514307
B27: 16 | C27: 99 | D27: 599 | E27: 20080 | F27: 21838386 | G27: 4160 | H27: 6786430.6 | I27: =F27+H27 -> 28624816 | J27: 2260 | K27: 2457905.9 | L27: 520 | M27: 848303.82 | N27: =+K27+M27 -> 3306209.8 | O27: =N27+I27 -> 31931026 | P27: =L27+J27+G27+E27 -> 27020 | Q27: =T27+R27 -> 757 | R27: 184 | S27: 3306513.1 | T27: 573 | U27: 2706594.1 | V27: =U27+S27 -> 6013107.3 | W27: =V27/$AG$48 -> 463.39901 | X27: 133.76988 | AA27: 0 | AB27: =X27+Y27+Z27+AA27 -> 133.76988 | AC27: 1916665.6 | AD27: =AC27/$AG$48 -> 147.70748 | AE27: 365.1 | AF27: 3340665 | AG27: =AF27/$AG$48 -> 257.44774
B28: 17 | C28: 92 | D28: 463 | E28: 19680 | F28: 21403358 | G28: 4080 | H28: 6655922.3 | I28: =F28+H28 -> 28059280 | J28: 2340 | K28: 2544911.5 | L28: 540 | M28: 880930.89 | N28: =+K28+M28 -> 3425842.3 | O28: =N28+I28 -> 31485123 | P28: =L28+J28+G28+E28 -> 26640 | Q28: =T28+R28 -> 502 | R28: 11 | S28: 197671.98 | T28: 491 | U28: 2319263.1 | V28: =U28+S28 -> 2516935 | W28: =V28/$AG$48 -> 193.96714 | X28: 132.7226 | Y28: 250 | Z28: 400 | AA28: 0 | AB28: =X28+Y28+Z28+AA28 -> 782.7226 | AC28: 8608032.6 | AD28: =AC28/$AG$48 -> 663.37645 | AE28: 495.96 | AF28: 4538034 | AG28: =AF28/$AG$48 -> 349.72276
B29: 18 | C29: 94 | D29: 689 | E29: 19280 | F29: 20968330 | G29: 4080 | H29: 6655922.3 | I29: =F29+H29 -> 27624253 | J29: 2080 | K29: 2262143.5 | L29: 520 | M29: 848303.82 | N29: =+K29+M29 -> 3110447.3 | O29: =N29+I29 -> 30734700 | P29: =L29+J29+G29+E29 -> 25960 | Q29: =T29+R29 -> 550 | R29: 36 | S29: 646926.48 | T29: 514 | U29: 2427904.7 | V29: =U29+S29 -> 3074831.2 | W29: =V29/$AG$48 -> 236.9613 | X29: 130.82944 | AA29: 36 | AB29: =X29+Y29+Z29+AA29 -> 166.82944 | AC29: 1746811.3 | AD29: =AC29/$AG$48 -> 134.61769 | AE29: 498.48 | AF29: 4561092 | AG29: =AF29/$AG$48 -> 351.49972
B30: 19 | C30: 29 | D30: 446 | E30: 18080 | F30: 19663248 | G30: 3880 | H30: 6329651.6 | I30: =F30+H30 -> 25992899 | J30: 2080 | K30: 2262143.5 | L30: 540 | M30: 880930.89 | N30: =+K30+M30 -> 3143074.4 | O30: =N30+I30 -> 29135974 | P30: =L30+J30+G30+E30 -> 24580 | Q30: =T30+R30 -> 988 | R30: 262 | S30: 4708187.2 | T30: 726 | U30: 3429297.3 | V30: =U30+S30 -> 8137484.5 | W30: =V30/$AG$48 -> 627.11375 | X30: 105.3322 | AA30: 12 | AB30: =X30+Y30+Z30+AA30 -> 117.3322 | AC30: 1208937.8 | AD30: =AC30/$AG$48 -> 93.166572 | AE30: 521.33 | AF30: 4770169.5 | AG30: =AF30/$AG$48 -> 367.61224
B31: 20 | C31: 18 | D31: 367 | E31: 17800 | F31: 19358728 | G31: 3680 | H31: 6003380.9 | I31: =F31+H31 -> 25362109 | J31: 2140 | K31: 2327397.7 | L31: 540 | M31: 880930.89 | N31: =+K31+M31 -> 3208328.6 | O31: =N31+I31 -> 28570438 | P31: =L31+J31+G31+E31 -> 24160 | Q31: =T31+R31 -> 453 | R31: 218 | S31: 3917499.2 | T31: 235 | U31: 1110034.2 | V31: =U31+S31 -> 5027533.5 | W31: =V31/$AG$48 -> 387.44595 | X31: 98.20264 | AA31: 12 | AB31: =X31+Y31+Z31+AA31 -> 110.20264 | AC31: 1136551.4 | AD31: =AC31/$AG$48 -> 87.588126 | AE31: 465.5 | AF31: 4259325 | AG31: =AF31/$AG$48 -> 328.2441
B32: 21 | C32: 20 | D32: 287 | E32: 18200 | F32: 19793756 | G32: 3720 | H32: 6068635 | I32: =F32+H32 -> 25862391 | J32: 1940 | K32: 2109883.9 | L32: 340 | M32: 554660.19 | N32: =+K32+M32 -> 2664544 | O32: =N32+I32 -> 28526935 | P32: =L32+J32+G32+E32 -> 24200 | Q32: =T32+R32 -> 219 | R32: 219 | S32: 3935469.4 | T32: 0 | U32: 0 | V32: =U32+S32 -> 3935469.4 | W32: =V32/$AG$48 -> 303.28623 | X32: 114.87856 | AA32: 12 | AB32: =X32+Y32+Z32+AA32 -> 126.87856 | AC32: 1305862 | AD32: =AC32/$AG$48 -> 100.63602 | AE32: 415.67 | AF32: 3803380.5 | AG32: =AF32/$AG$48 -> 293.10682
B33: 22 | C33: 27 | D33: 264 | E33: 17680 | F33: 19228220 | G33: 3800 | H33: 6199143.3 | I33: =F33+H33 -> 25427363 | J33: 1980 | K33: 2153386.6 | L33: 680 | M33: 1109320.4 | N33: =+K33+M33 -> 3262707 | O33: =N33+I33 -> 28690070 | P33: =L33+J33+G33+E33 -> 24140 | Q33: =T33+R33 -> 981 | R33: 240 | S33: 4312843.2 | T33: 741 | U33: 3500150.6 | V33: =U33+S33 -> 7812993.8 | W33: =V33/$AG$48 -> 602.10693 | X33: 100.37776 | Y33: 250 | Z33: 400 | AA33: 0 | AB33: =X33+Y33+Z33+AA33 -> 750.37776 | AC33: 8838135.4 | AD33: =AC33/$AG$48 -> 681.10929 | AE33: 346.16 | AF33: 3167364 | AG33: =AF33/$AG$48 -> 244.09233
B34: 23 | C34: 35 | D34: 232 | E34: 18360 | F34: 19967767 | G34: 3880 | H34: 6329651.6 | I34: =F34+H34 -> 26297418 | J34: 2120 | K34: 2305646.3 | L34: 520 | M34: 848303.82 | N34: =+K34+M34 -> 3153950.1 | O34: =N34+I34 -> 29451369 | P34: =L34+J34+G34+E34 -> 24880 | Q34: =T34+R34 -> 814 | R34: 232 | S34: 4169081.8 | T34: 582 | U34: 2749106.1 | V34: =U34+S34 -> 6918187.9 | W34: =V34/$AG$48 -> 533.14888 | X34: 91.8384 | AA34: 0 | AB34: =X34+Y34+Z34+AA34 -> 91.8384 | AC34: 932435.28 | AD34: =AC34/$AG$48 -> 71.857954 | AE34: 860.64 | AF34: 7874856 | AG34: =AF34/$AG$48 -> 606.87434
B35: 24 | C35: 40 | D35: 338 | E35: 19920 | F35: 21664374 | G35: 3840 | H35: 6264397.4 | I35: =F35+H35 -> 27928772 | J35: 2180 | K35: 2370900.4 | L35: 520 | M35: 848303.82 | N35: =+K35+M35 -> 3219204.2 | O35: =N35+I35 -> 31147976 | P35: =L35+J35+G35+E35 -> 26460 | Q35: =T35+R35 -> 791 | R35: 228 | S35: 4097201 | T35: 563 | U35: 2659358.6 | V35: =U35+S35 -> 6756559.7 | W35: =V35/$AG$48 -> 520.69304 | X35: 86.44088 | AA35: 0 | AB35: =X35+Y35+Z35+AA35 -> 86.44088 | AC35: 877634.25 | AD35: =AC35/$AG$48 -> 67.634723 | AE35: 586.32 | AF35: 5364828 | AG35: =AF35/$AG$48 -> 413.43949
B36: 25 | C36: 36 | D36: 418 | E36: 17640 | F36: 19184717 | G36: 3880 | H36: 6329651.6 | I36: =F36+H36 -> 25514369 | J36: 2180 | K36: 2370900.4 | L36: 540 | M36: 880930.89 | N36: =+K36+M36 -> 3251831.3 | O36: =N36+I36 -> 28766200 | P36: =L36+J36+G36+E36 -> 24240 | Q36: =T36+R36 -> 832 | R36: 233 | S36: 4187051.9 | T36: 599 | U36: 2829406.5 | V36: =U36+S36 -> 7016458.4 | W36: =V36/$AG$48 -> 540.72208 | X36: 101.3042 | AA36: 0 | AB36: =X36+Y36+Z36+AA36 -> 101.3042 | AC36: 1028541.5 | AD36: =AC36/$AG$48 -> 79.264366 | AE36: 510.21 | AF36: 4668421.5 | AG36: =AF36/$AG$48 -> 359.77105
B37: 26 | C37: 37 | D37: 399 | E37: 18040 | F37: 19619745 | G37: 3600 | H37: 5872872.6 | I37: =F37+H37 -> 25492617 | J37: 2200 | K37: 2392651.8 | L37: 520 | M37: 848303.82 | N37: =+K37+M37 -> 3240955.6 | O37: =N37+I37 -> 28733573 | P37: =L37+J37+G37+E37 -> 24360 | Q37: =T37+R37 -> 774 | R37: 189 | S37: 3396364 | T37: 585 | U37: 2763276.8 | V37: =U37+S37 -> 6159640.8 | W37: =V37/$AG$48 -> 474.69159 | X37: 101.5056 | AA37: 24 | AB37: =X37+Y37+Z37+AA37 -> 125.5056 | AC37: 1309586.4 | AD37: =AC37/$AG$48 -> 100.92303 | AE37: 479.7 | AF37: 4389255 | AG37: =AF37/$AG$48 -> 338.25713
B38: 27 | C38: 32 | D38: 477 | E38: 18160 | F38: 19750253 | G38: 3760 | H38: 6133889.2 | I38: =F38+H38 -> 25884142 | J38: 2000 | K38: 2175138 | L38: 520 | M38: 848303.82 | N38: =+K38+M38 -> 3023441.8 | O38: =N38+I38 -> 28907584 | P38: =L38+J38+G38+E38 -> 24440 | Q38: =T38+R38 -> 732 | R38: 214 | S38: 3845618.5 | T38: 518 | U38: 2446798.9 | V38: =U38+S38 -> 6292417.4 | W38: =V38/$AG$48 -> 484.924 | X38: 96.10808 | Z38: 400 | AA38: 0 | AB38: =X38+Y38+Z38+AA38 -> 496.10808 | AC38: 5443785.3 | AD38: =AC38/$AG$48 -> 419.52432 | AE38: 486.45 | AF38: 4451017.5 | AG38: =AF38/$AG$48 -> 343.01685
B39: 28 | C39: 44 | D39: 363 | E39: 17520 | F39: 19054209 | G39: 3640 | H39: 5938126.7 | I39: =F39+H39 -> 24992336 | J39: 2080 | K39: 2262143.5 | L39: 520 | M39: 848303.82 | N39: =+K39+M39 -> 3110447.3 | O39: =N39+I39 -> 28102783 | P39: =L39+J39+G39+E39 -> 23760 | Q39: =T39+R39 -> 667 | R39: 241 | S39: 4330813.4 | T39: 426 | U39: 2012232.3 | V39: =U39+S39 -> 6343045.7 | W39: =V39/$AG$48 -> 488.82565 | X39: 106.9434 | Y39: 250 | AA39: 12 | AB39: =X39+Y39+Z39+AA39 -> 368.9434 | AC39: 4576296.3 | AD39: =AC39/$AG$48 -> 352.67144 | AE39: 366.11 | AF39: 3349906.5 | AG39: =AF39/$AG$48 -> 258.15993
B40: 29 | C40: 37 | D40: 412 | E40: 16560 | F40: 18010143 | G40: 3520 | H40: 5742364.3 | I40: =F40+H40 -> 23752507 | J40: 2120 | K40: 2305646.3 | L40: 500 | M40: 815676.75 | N40: =+K40+M40 -> 3121323 | O40: =N40+I40 -> 26873830 | P40: =L40+J40+G40+E40 -> 22700 | Q40: =T40+R40 -> 817 | R40: 263 | S40: 4726157.3 | T40: 554 | U40: 2616846.7 | V40: =U40+S40 -> 7343004 | W40: =V40/$AG$48 -> 565.88726 | X40: 109.44076 | AA40: 12 | AB40: =X40+Y40+Z40+AA40 -> 121.44076 | AC40: 1250652 | AD40: =AC40/$AG$48 -> 96.38127 | AE40: 333.81 | AF40: 3054361.5 | AG40: =AF40/$AG$48 -> 235.38381
B41: 30 | C41: 44 | D41: 530 | E41: 17000 | F41: 18488673 | G41: 3560 | H41: 5807618.5 | I41: =F41+H41 -> 24296291 | J41: 2120 | K41: 2305646.3 | L41: 520 | M41: 848303.82 | N41: =+K41+M41 -> 3153950.1 | O41: =N41+I41 -> 27450242 | P41: =L41+J41+G41+E41 -> 23200 | Q41: =T41+R41 -> 688 | R41: 242 | S41: 4348783.6 | T41: 446 | U41: 2106703.3 | V41: =U41+S41 -> 6455486.9 | W41: =V41/$AG$48 -> 497.49091 | X41: 100.33748 | AA41: 24 | AB41: =X41+Y41+Z41+AA41 -> 124.33748 | AC41: 1297726.4 | AD41: =AC41/$AG$48 -> 100.00905 | AE41: 395.15 | AF41: 3615622.5 | AG41: =AF41/$AG$48 -> 278.63729
B42: 31 | C42: 47 | D42: 377 | E42: 27360 | F42: 29755888 | G42: 3640 | H42: 5938126.7 | I42: =F42+H42 -> 35694015 | J42: 2920 | K42: 3175701.5 | L42: 500 | M42: 815676.75 | N42: =+K42+M42 -> 3991378.2 | O42: =N42+I42 -> 39685393 | P42: =L42+J42+G42+E42 -> 34420 | Q42: =T42+R42 -> 745 | R42: 220 | S42: 3953439.6 | T42: 525 | U42: 2479863.8 | V42: =U42+S42 -> 6433303.3 | W42: =V42/$AG$48 -> 495.78134 | X42: 123.861 | AA42: 0 | AB42: =X42+Y42+Z42+AA42 -> 123.861 | AC42: 1257560.7 | AD42: =AC42/$AG$48 -> 96.913688 | AE42: 659.58 | AF42: 6035157 | AG42: =AF42/$AG$48 -> 465.09827
AA43: 456
C47: =SUM(C12:C43) -> 1715 | D47: =SUM(D12:D43) -> 15089 | E47: =SUM(E12:E43) -> 587160 | F47: =SUM(F12:F43) -> 6.3857701e+08 | G47: =SUM(G12:G43) -> 122480 | H47: =SUM(H12:H43) -> 1.9980818e+08 | I47: =SUM(I12:I43) -> 8.3838519e+08 | J47: =SUM(J12:J43) -> 68680 | ... P47: =SUM(P12:P43) -> 794740 | Q47: =SUM(Q12:Q42) -> 20711 | R47: =SUM(R12:R42) -> 6546 | S47: =SUM(S12:S42) -> 1.176328e+08 | T47: =SUM(T12:T42) -> 14165 | U47: =SUM(U12:U42) -> 66909086 | V47: =SUM(V12:V42) -> 1.8454188e+08 | W47: =V47/$AG$48 -> 14221.687 | X47: =SUM(X12:X41) -> 3553.2599 | Y47: =SUM(Y12:Y41) -> 1250 | Z47: =SUM(Z12:Z42) -> 2400 | AA47: =SUM(AA12:AA42) -> 336 | AB47: =SUM(AB12:AB42) -> 7663.1209 | AC47: =SUM(AC12:AC43) -> 84802809 | AD47: =AC47/$AG$48 -> 6535.3129 | AE47: =SUM(AE12:AE43) -> 10621.7 | AF47: =SUM(AF12:AF43) -> 97188555 | AG47: =AF47/AG48 -> 7489.8182
Q48: m3/RNs | AG48: 12976.09
P50: =O47/P47 -> 1182.6085 | V50: =V47/Q47 -> 8910.3319 | AC50: =AC47/AB47 -> 11066.354 | AF50: =AF47/AE47 -> 9150

Sheet RNs & Covers May 2018
A1: Four Seasons Resort Bali at Jimbaran Bay
A2: 43221
A3: Date | B3: Room Nights | C3: Food Covers
A6: 1 | B6: 66 | C6: 663
A7: 2 | B7: 75 | C7: 547
A8: =A7+1 -> 3 | B8: 75 | C8: 530
A9: =A8+1 -> 4 | B9: 87 | C9: 671
A10: =A9+1 -> 5 | B10: 61 | C10: 658
A11: =A10+1 -> 6 | B11: 49 | C11: 670
A12: =A11+1 -> 7 | B12: 44 | C12: 440
A13: =A12+1 -> 8 | B13: 45 | C13: 535
A14: =A13+1 -> 9 | B14: 39 | C14: 433
A15: =A14+1 -> 10 | B15: 43 | C15: 601
A16: =A15+1 -> 11 | B16: 37 | C16: 438
A17: =A16+1 -> 12 | B17: 50 | C17: 369
A18: =A17+1 -> 13 | B18: 103 | C18: 603
A19: =A18+1 -> 14 | B19: 106 | C19: 564
... A36: =A35+1 -> 31 | B36: 47 | C36: 377
B38: =SUM(B6:B36) -> 1715 | C38: =SUM(C6:C36) -> 15089
