Workbook

Sheet TOTAL
A1: Site Name | B1: Day | C1: Month | D1: Year | E1: Total Electricity Kwh | F1: Electricity Tariff ($/Kwh) | G1: LPG (Kg) | H1: LPG $/Kg | I1: Total Fuel Oil (Liter) | J1: Fuel Oil $/Liter | K1: Water Utility Supply (m3) m3 | L1: Water Utility Supply (m3) $/m3 | M1: Room Nights | N1: Food Covers
A2: Bali Jimbaran | B2: 1 | C2: 4 | D2: 2018 | E2: ='FS Jimbaran April 2018'!P12 -> 15160 | F2: ='FS Jimbaran April 2018'!O12/'FS Jimbaran April 2018'!P12 -> 1253.287 | G2: ='FS Jimbaran April 2018'!AB12 -> 107.18164 | H2: ='FS Jimbaran April 2018'!AC12/'FS Jimbaran April 2018'!AB12 -> 10317.804 | I2: ='FS Jimbaran April 2018'!AE12 -> 501.6 | J2: ='FS Jimbaran April 2018'!AF12/'FS Jimbaran April 2018'!AE12 -> 8700 | K2: ='FS Jimbaran April 2018'!Q12 -> 1013 | L2: ='FS Jimbaran April 2018'!V12/'FS Jimbaran April 2018'!Q12 -> 10652.084 | M2: 71 | N2: 723
A3: Bali Jimbaran | B3: =B2+1 -> 2 | C3: 4 | D3: 2018 | E3: ='FS Jimbaran April 2018'!P13 -> 26300 | F3: ='FS Jimbaran April 2018'!O13/'FS Jimbaran April 2018'!P13 -> 1181.8525 | G3: ='FS Jimbaran April 2018'!AB13 -> 119.95384 | H3: ='FS Jimbaran April 2018'!AC13/'FS Jimbaran April 2018'!AB13 -> 10153 | I3: ='FS Jimbaran April 2018'!AE13 -> 454.3 | J3: ='FS Jimbaran April 2018'!AF13/'FS Jimbaran April 2018'!AE13 -> 8700 | K3: ='FS Jimbaran April 2018'!Q13 -> 727 | L3: ='FS Jimbaran April 2018'!V13/'FS Jimbaran April 2018'!Q13 -> 10002.619 | M3: 68 | N3: 752
A4: Bali Jimbaran | B4: =B3+1 -> 3 | C4: 4 | D4: 2018 | E4: ='FS Jimbaran April 2018'!P14 -> 22020 | F4: ='FS Jimbaran April 2018'!O14/'FS Jimbaran April 2018'!P14 -> 1201.1661 | G4: ='FS Jimbaran April 2018'!AB14 -> 107.06424 | H4: ='FS Jimbaran April 2018'!AC14/'FS Jimbaran April 2018'!AB14 -> 10153 | I4: ='FS Jimbaran April 2018'!AE14 -> 6718.6 | J4: ='FS Jimbaran April 2018'!AF14/'FS Jimbaran April 2018'!AE14 -> 8700 | K4: ='FS Jimbaran April 2018'!Q14 -> 858 | L4: ='FS Jimbaran April 2018'!V14/'FS Jimbaran April 2018'!Q14 -> 9422.9554 | M4: 63 | N4: 606
A5: Bali Jimbaran | B5: =B4+1 -> 4 | C5: 4 | D5: 2018 | E5: ='FS Jimbaran April 2018'!P15 -> 26320 | F5: ='FS Jimbaran April 2018'!O15/'FS Jimbaran April 2018'!P15 -> 1180.9545 | G5: ='FS Jimbaran April 2018'!AB15 -> 12 | H5: ='FS Jimbaran April 2018'!AC15/'FS Jimbaran April 2018'!AB15 -> 58166.667 | I5: ='FS Jimbaran April 2018'!AE15 -> 618.6 | J5: ='FS Jimbaran April 2018'!AF15/'FS Jimbaran April 2018'!AE15 -> 8700 | K5: ='FS Jimbaran April 2018'!Q15 -> 623 | L5: ='FS Jimbaran April 2018'!V15/'FS Jimbaran April 2018'!Q15 -> 10463.845 | M5: 67 | N5: 584
A6: Bali Jimbaran | B6: =B5+1 -> 5 | C6: 4 | D6: 2018 | E6: ='FS Jimbaran April 2018'!P16 -> 27060 | F6: ='FS Jimbaran April 2018'!O16/'FS Jimbaran April 2018'!P16 -> 1180.4103 | G6: ='FS Jimbaran April 2018'!AB16 -> 505.735 | H6: ='FS Jimbaran April 2018'!AC16/'FS Jimbaran April 2018'!AB16 -> 10957.374 | I6: ='FS Jimbaran April 2018'!AE16 -> 788.2 | J6: ='FS Jimbaran April 2018'!AF16/'FS Jimbaran April 2018'!AE16 -> 8700 | K6: ='FS Jimbaran April 2018'!Q16 -> 775.5 | L6: ='FS Jimbaran April 2018'!V16/'FS Jimbaran April 2018'!Q16 -> 9036.1823 | M6: 55 | N6: 553
A7: Bali Jimbaran | B7: =B6+1 -> 6 | C7: 4 | D7: 2018 | E7: ='FS Jimbaran April 2018'!P17 -> 25840 | F7: ='FS Jimbaran April 2018'!O17/'FS Jimbaran April 2018'!P17 -> 1182.6892 | G7: ='FS Jimbaran April 2018'!AB17 -> 390.89256 | H7: ='FS Jimbaran April 2018'!AC17/'FS Jimbaran April 2018'!AB17 -> 10893.812 | I7: ='FS Jimbaran April 2018'!AE17 -> 617.7 | J7: ='FS Jimbaran April 2018'!AF17/'FS Jimbaran April 2018'!AE17 -> 8700 | K7: ='FS Jimbaran April 2018'!Q17 -> 506 | L7: ='FS Jimbaran April 2018'!V17/'FS Jimbaran April 2018'!Q17 -> 12981.606 | M7: 48 | N7: 753
A8: Bali Jimbaran | B8: =B7+1 -> 7 | C8: 4 | D8: 2018 | E8: ='FS Jimbaran April 2018'!P18 -> 25140 | F8: ='FS Jimbaran April 2018'!O18/'FS Jimbaran April 2018'!P18 -> 1182.7421 | G8: ='FS Jimbaran April 2018'!AB18 -> 107.82956 | H8: ='FS Jimbaran April 2018'!AC18/'FS Jimbaran April 2018'!AB18 -> 10153 | I8: ='FS Jimbaran April 2018'!AE18 -> 491 | J8: ='FS Jimbaran April 2018'!AF18/'FS Jimbaran April 2018'!AE18 -> 8700 | K8: ='FS Jimbaran April 2018'!Q18 -> 825.2 | L8: ='FS Jimbaran April 2018'!V18/'FS Jimbaran April 2018'!Q18 -> 9224.897 | M8: 51 | N8: 596
A9: Bali Jimbaran | B9: =B8+1 -> 8 | C9: 4 | D9: 2018 | E9: ='FS Jimbaran April 2018'!P19 -> 25640 | F9: ='FS Jimbaran April 2018'!O19/'FS Jimbaran April 2018'!P19 -> 1181.3103 | G9: ='FS Jimbaran April 2018'!AB19 -> 101.42504 | H9: ='FS Jimbaran April 2018'!AC19/'FS Jimbaran April 2018'!AB19 -> 10153 | I9: ='FS Jimbaran April 2018'!AE19 -> 381.6 | J9: ='FS Jimbaran April 2018'!AF19/'FS Jimbaran April 2018'!AE19 -> 8700 | K9: ='FS Jimbaran April 2018'!Q19 -> 764.3 | L9: ='FS Jimbaran April 2018'!V19/'FS Jimbaran April 2018'!Q19 -> 9134.7116 | M9: 38 | N9: 460
A10: Bali Jimbaran | B10: =B9+1 -> 9 | C10: 4 | D10: 2018 | E10: ='FS Jimbaran April 2018'!P20 -> 26200 | F10: ='FS Jimbaran April 2018'!O20/'FS Jimbaran April 2018'!P20 -> 1180.9671 | G10: ='FS Jimbaran April 2018'!AB20 -> 108.3532 | H10: ='FS Jimbaran April 2018'!AC20/'FS Jimbaran April 2018'!AB20 -> 10153 | I10: ='FS Jimbaran April 2018'!AE20 -> 532.2 | J10: ='FS Jimbaran April 2018'!AF20/'FS Jimbaran April 2018'!AE20 -> 8700 | K10: ='FS Jimbaran April 2018'!Q20 -> 697.4 | L10: ='FS Jimbaran April 2018'!V20/'FS Jimbaran April 2018'!Q20 -> 10018.776 | M10: 30 | N10: 358
A11: Bali Jimbaran | B11: =B10+1 -> 10 | C11: 4 | D11: 2018 | E11: ='FS Jimbaran April 2018'!P21 -> 26020 | F11: ='FS Jimbaran April 2018'!O21/'FS Jimbaran April 2018'!P21 -> 1181.6132 | G11: ='FS Jimbaran April 2018'!AB21 -> 500.13608 | H11: ='FS Jimbaran April 2018'!AC21/'FS Jimbaran April 2018'!AB21 -> 12083.075 | I11: ='FS Jimbaran April 2018'!AE21 -> 475.4 | J11: ='FS Jimbaran April 2018'!AF21/'FS Jimbaran April 2018'!AE21 -> 8700 | K11: ='FS Jimbaran April 2018'!Q21 -> 769 | L11: ='FS Jimbaran April 2018'!V21/'FS Jimbaran April 2018'!Q21 -> 10213.188 | M11: 36 | N11: 315
A12: Bali Jimbaran | B12: =B11+1 -> 11 | C12: 4 | D12: 2018 | E12: ='FS Jimbaran April 2018'!P22 -> 26800 | F12: ='FS Jimbaran April 2018'!O22/'FS Jimbaran April 2018'!P22 -> 1182.9342 | G12: ='FS Jimbaran April 2018'!AB22 -> 130.34608 | H12: ='FS Jimbaran April 2018'!AC22/'FS Jimbaran April 2018'!AB22 -> 10153 | I12: ='FS Jimbaran April 2018'!AE22 -> 611.2 | J12: ='FS Jimbaran April 2018'!AF22/'FS Jimbaran April 2018'!AE22 -> 8700 | K12: ='FS Jimbaran April 2018'!Q22 -> 783.7 | L12: ='FS Jimbaran April 2018'!V22/'FS Jimbaran April 2018'!Q22 -> 9702.6413 | M12: 56 | N12: 403
A13: Bali Jimbaran | B13: =B12+1 -> 12 | C13: 4 | D13: 2018 | E13: ='FS Jimbaran April 2018'!P23 -> 26740 | F13: ='FS Jimbaran April 2018'!O23/'FS Jimbaran April 2018'!P23 -> 1182.7415 | G13: ='FS Jimbaran April 2018'!AB23 -> 374.05896 | H13: ='FS Jimbaran April 2018'!AC23/'FS Jimbaran April 2018'!AB23 -> 10879.928 | I13: ='FS Jimbaran April 2018'!AE23 -> 738.2 | J13: ='FS Jimbaran April 2018'!AF23/'FS Jimbaran April 2018'!AE23 -> 8700 | K13: ='FS Jimbaran April 2018'!Q23 -> 829.1 | L13: ='FS Jimbaran April 2018'!V23/'FS Jimbaran April 2018'!Q23 -> 9219.5648 | M13: 48 | N13: 477
A14: Bali Jimbaran | B14: =B13+1 -> 13 | C14: 4 | D14: 2018 | E14: ='FS Jimbaran April 2018'!P24 -> 27480 | F14: ='FS Jimbaran April 2018'!O24/'FS Jimbaran April 2018'!P24 -> 1177.0124 | G14: ='FS Jimbaran April 2018'!AB24 -> 110.8874 | H14: ='FS Jimbaran April 2018'!AC24/'FS Jimbaran April 2018'!AB24 -> 10312.297 | I14: ='FS Jimbaran April 2018'!AE24 -> 360.9 | J14: ='FS Jimbaran April 2018'!AF24/'FS Jimbaran April 2018'!AE24 -> 8700 | K14: ='FS Jimbaran April 2018'!Q24 -> 697.8 | L14: ='FS Jimbaran April 2018'!V24/'FS Jimbaran April 2018'!Q24 -> 9673.0176 | M14: 48 | N14: 373
... A31: Bali Jimbaran | B31: =B30+1 -> 30 | C31: 4 | D31: 2018 | E31: ='FS Jimbaran April 2018'!P41 -> 37320 | F31: ='FS Jimbaran April 2018'!O41/'FS Jimbaran April 2018'!P41 -> 1154.0121 | G31: ='FS Jimbaran April 2018'!AB41 -> 351.66672 | H31: ='FS Jimbaran April 2018'!AC41/'FS Jimbaran April 2018'!AB41 -> 10875.986 | I31: ='FS Jimbaran April 2018'!AE41 -> 441.7 | J31: ='FS Jimbaran April 2018'!AF41/'FS Jimbaran April 2018'!AE41 -> 8700 | K31: ='FS Jimbaran April 2018'!Q41 -> 526.8 | L31: ='FS Jimbaran April 2018'!V41/'FS Jimbaran April 2018'!Q41 -> 4684.82 | M31: 96 | N31: 695

Sheet FS Jimbaran April 2018
B6: Four Seasons Resort Bali at Jimbaran Bay
B7: APRIL 2018
B8: Date | C8: Room Nights | D8: Food Covers | E8: ELECTRICITY Resort, Sundara & Residences | Q8: WATER | X8: GAS
E9: Electricity Resort | J9: Electricity - Sundara | O9: Sub Total (Resort & Sundara) Cost (IDR) | P9: Sub Total (Resort & Sundara), KWh | R9: Water (m3) | V9: Total Water Cost | X9: LPG | AE9: Diesel
E10: BASED LOAD KWh (from 10 pm - 6 pm) | F10: Cost (IDR) | G10: PEAK LOAD KWh (from 6 pm - 10 pm) | H10: Cost (IDR) | I10: Resort Cost (IDR) | J10: BASED LOAD KWh (from 10 pm - 6 pm) | K10: Cost (IDR) | L10: PEAK LOAD KWh (from 6 pm - 10 pm) | M10: Cost (IDR) | N10: Sundara Cost (IDR) | Q10: Water consumption (m3) | R10: Municipal Water (m3) | S10: Municipal Water cost (IDR) | T10: Deepwell Consumption (m3) | U10: Deepwell water Cost (IDR) | V10: IDR | W10: USD | X10: LPG Bulk (m3) | Y10: 50 Kg (tube) IVD & TW | Z10: Sundara 50 kg (tube) | AA10: 12 Kg (tube) | AB10: Total kg | AC10: IDR | AD10: USD | AE10: Used (liters) | AF10: IDR | AG10: USD
B12: 1 | C12: 71 | D12: 723 | E12: 9480 | F12: 10310154 | G12: 4160 | H12: 6786430.6 | I12: =F12+H12 -> 17096585 | J12: 1060 | K12: 1152823.1 | L12: 460 | M12: 750422.61 | N12: =+K12+M12 -> 1903245.8 | O12: =N12+I12 -> 18999830 | P12: =L12+J12+G12+E12 -> 15160 | Q12: =T12+R12 -> 1013 | R12: 455 | S12: 8176431.9 | T12: 558 | U12: 2614129.6 | V12: =U12+S12 -> 10790561 | W12: =V12/$AG$48 -> 831.57264 | X12: 95.18164 | AA12: 12 | AB12: =X12+Y12+Z12+AA12 -> 107.18164 | AC12: 1105879.2 | AD12: =AC12/$AG$48 -> 85.224377 | AE12: 501.6 | AF12: 4363920 | AG12: =AF12/$AG$48 -> 336.3047
B13: 2 | C13: 68 | D13: 752 | E13: 19760 | F13: 21490363 | G13: 4120 | H13: 6721176.4 | I13: =F13+H13 -> 28211540 | J13: 1980 | K13: 2153386.6 | L13: 440 | M13: 717795.54 | N13: =+K13+M13 -> 2871182.2 | O13: =N13+I13 -> 31082722 | P13: =L13+J13+G13+E13 -> 26300 | Q13: =T13+R13 -> 727 | R13: 291 | S13: 5229322.4 | T13: 436 | U13: 2042581.5 | V13: =U13+S13 -> 7271903.9 | W13: =V13/$AG$48 -> 560.40794 | X13: 119.95384 | AA13: 0 | AB13: =X13+Y13+Z13+AA13 -> 119.95384 | AC13: 1217891.3 | AD13: =AC13/$AG$48 -> 93.856573 | AE13: 454.3 | AF13: 3952410 | AG13: =AF13/$AG$48 -> 304.59175
B14: 3 | C14: 63 | D14: 606 | E14: 15560 | F14: 16922574 | G14: 4160 | H14: 6786430.6 | I14: =F14+H14 -> 23709004 | J14: 1860 | K14: 2022878.3 | L14: 440 | M14: 717795.54 | N14: =+K14+M14 -> 2740673.9 | O14: =N14+I14 -> 26449678 | P14: =L14+J14+G14+E14 -> 22020 | Q14: =T14+R14 -> 858 | R14: 306 | S14: 5498875.1 | T14: 552 | U14: 2586020.6 | V14: =U14+S14 -> 8084895.7 | W14: =V14/$AG$48 -> 623.06101 | X14: 107.06424 | AA14: 0 | AB14: =X14+Y14+Z14+AA14 -> 107.06424 | AC14: 1087023.2 | AD14: =AC14/$AG$48 -> 83.771246 | AE14: 6718.6 | AF14: 58451820 | AG14: =AF14/$AG$48 -> 4504.5788
B15: 4 | C15: 67 | D15: 584 | E15: 19800 | F15: 21533866 | G15: 4080 | H15: 6655922.3 | I15: =F15+H15 -> 28189788 | J15: 2000 | K15: 2175138 | L15: 440 | M15: 717795.54 | N15: =+K15+M15 -> 2892933.5 | O15: =N15+I15 -> 31082722 | P15: =L15+J15+G15+E15 -> 26320 | Q15: =T15+R15 -> 623 | R15: 271 | S15: 4869918.8 | T15: 352 | U15: 1649056.6 | V15: =U15+S15 -> 6518975.4 | W15: =V15/$AG$48 -> 502.38365 | X15: 0 | AA15: 12 | AB15: =X15+Y15+Z15+AA15 -> 12 | AC15: 698000 | AD15: =AC15/$AG$48 -> 53.791242 | AE15: 618.6 | AF15: 5381820 | AG15: =AF15/$AG$48 -> 414.74897
B16: 5 | C16: 55 | D16: 553 | E16: 20560 | F16: 22360419 | G16: 4160 | H16: 6786430.6 | I16: =F16+H16 -> 29146849 | J16: 1880 | K16: 2044629.7 | L16: 460 | M16: 750422.61 | N16: =+K16+M16 -> 2795052.3 | O16: =N16+I16 -> 31941902 | P16: =L16+J16+G16+E16 -> 27060 | Q16: =T16+R16 -> 775.5 | R16: 254 | S16: 4564425.7 | T16: 521.5 | U16: 2443133.6 | V16: =U16+S16 -> 7007559.3 | W16: =V16/$AG$48 -> 540.03628 | X16: 105.735 | Z16: 400 | AA16: 0 | AB16: =X16+Y16+Z16+AA16 -> 505.735 | AC16: 5541527.5 | AD16: =AC16/$AG$48 -> 427.0568 | AE16: 788.2 | AF16: 6857340 | AG16: =AF16/$AG$48 -> 528.45965
B17: 6 | C17: 48 | D17: 753 | E17: 19320 | F17: 21011833 | G17: 4080 | H17: 6655922.3 | I17: =F17+H17 -> 27667755 | J17: 2000 | K17: 2175138 | L17: 440 | M17: 717795.54 | N17: =+K17+M17 -> 2892933.5 | O17: =N17+I17 -> 30560689 | P17: =L17+J17+G17+E17 -> 25840 | Q17: =T17+R17 -> 506 | R17: 316 | S17: 5678576.9 | T17: 190 | U17: 890115.8 | V17: =U17+S17 -> 6568692.7 | W17: =V17/$AG$48 -> 506.2151 | X17: 116.89256 | Y17: 250 | AA17: 24 | AB17: =X17+Y17+Z17+AA17 -> 390.89256 | AC17: 4258310.2 | AD17: =AC17/$AG$48 -> 328.16589 | AE17: 617.7 | AF17: 5373990 | AG17: =AF17/$AG$48 -> 414.14556
B18: 7 | C18: 51 | D18: 596 | E18: 18800 | F18: 20446297 | G18: 3960 | H18: 6460159.9 | I18: =F18+H18 -> 26906457 | J18: 1940 | K18: 2109883.9 | L18: 440 | M18: 717795.54 | N18: =+K18+M18 -> 2827679.4 | O18: =N18+I18 -> 29734136 | P18: =L18+J18+G18+E18 -> 25140 | Q18: =T18+R18 -> 825.2 | R18: 282 | S18: 5067590.8 | T18: 543.2 | U18: 2544794.2 | V18: =U18+S18 -> 7612385 | W18: =V18/$AG$48 -> 586.64706 | X18: 107.82956 | AA18: 0 | AB18: =X18+Y18+Z18+AA18 -> 107.82956 | AC18: 1094793.5 | AD18: =AC18/$AG$48 -> 84.370062 | AE18: 491 | AF18: 4271700 | AG18: =AF18/$AG$48 -> 329.19778
B19: 8 | C19: 38 | D19: 460 | E19: 19440 | F19: 21142341 | G19: 4000 | H19: 6525414 | I19: =F19+H19 -> 27667755 | J19: 1780 | K19: 1935872.8 | L19: 420 | M19: 685168.47 | N19: =+K19+M19 -> 2621041.3 | O19: =N19+I19 -> 30288797 | P19: =L19+J19+G19+E19 -> 25640 | Q19: =T19+R19 -> 764.3 | R19: 256 | S19: 4600366.1 | T19: 508.3 | U19: 2381294 | V19: =U19+S19 -> 6981660.1 | W19: =V19/$AG$48 -> 538.04036 | X19: 101.42504 | AA19: 0 | AB19: =X19+Y19+Z19+AA19 -> 101.42504 | AC19: 1029768.4 | AD19: =AC19/$AG$48 -> 79.358916 | AE19: 381.6 | AF19: 3319920 | AG19: =AF19/$AG$48 -> 255.84903
B20: 9 | C20: 30 | D20: 358 | E20: 19880 | F20: 21620872 | G20: 4080 | H20: 6655922.3 | I20: =F20+H20 -> 28276794 | J20: 1820 | K20: 1979375.6 | L20: 420 | M20: 685168.47 | N20: =+K20+M20 -> 2664544.1 | O20: =N20+I20 -> 30941338 | P20: =L20+J20+G20+E20 -> 26200 | Q20: =T20+R20 -> 697.4 | R20: 280 | S20: 5031650.4 | T20: 417.4 | U20: 1955443.9 | V20: =U20+S20 -> 6987094.3 | W20: =V20/$AG$48 -> 538.45914 | X20: 108.3532 | AA20: 0 | AB20: =X20+Y20+Z20+AA20 -> 108.3532 | AC20: 1100110 | AD20: =AC20/$AG$48 -> 84.779779 | AE20: 532.2 | AF20: 4630140 | AG20: =AF20/$AG$48 -> 356.82089
B21: 10 | C21: 36 | D21: 315 | E21: 19680 | F21: 21403358 | G21: 4080 | H21: 6655922.3 | I21: =F21+H21 -> 28059280 | J21: 1840 | K21: 2001127 | L21: 420 | M21: 685168.47 | N21: =+K21+M21 -> 2686295.4 | O21: =N21+I21 -> 30745576 | P21: =L21+J21+G21+E21 -> 26020 | Q21: =T21+R21 -> 769 | R21: 320 | S21: 5750457.6 | T21: 449 | U21: 2103484.2 | V21: =U21+S21 -> 7853941.8 | W21: =V21/$AG$48 -> 605.26259 | X21: 100.13608 | Z21: 400 | AA21: 0 | AB21: =X21+Y21+Z21+AA21 -> 500.13608 | AC21: 6043181.6 | AD21: =AC21/$AG$48 -> 465.71669 | AE21: 475.4 | AF21: 4135980 | AG21: =AF21/$AG$48 -> 318.73854
B22: 11 | C22: 56 | D22: 403 | E22: 20280 | F22: 22055899 | G22: 4280 | H22: 6982193 | I22: =F22+H22 -> 29038092 | J22: 1820 | K22: 1979375.6 | L22: 420 | M22: 685168.47 | N22: =+K22+M22 -> 2664544 | O22: =N22+I22 -> 31702636 | P22: =L22+J22+G22+E22 -> 26800 | Q22: =T22+R22 -> 783.7 | R22: 296 | S22: 5319173.3 | T22: 487.7 | U22: 2284786.7 | V22: =U22+S22 -> 7603960 | W22: =V22/$AG$48 -> 585.99778 | X22: 130.34608 | AA22: 0 | AB22: =X22+Y22+Z22+AA22 -> 130.34608 | AC22: 1323403.8 | AD22: =AC22/$AG$48 -> 101.98787 | AE22: 611.2 | AF22: 5317440 | AG22: =AF22/$AG$48 -> 409.78754
B23: 12 | C23: 48 | D23: 477 | E23: 20160 | F23: 21925391 | G23: 4240 | H23: 6916938.8 | I23: =F23+H23 -> 28842330 | J23: 1900 | K23: 2066381.1 | L23: 440 | M23: 717795.54 | N23: =+K23+M23 -> 2784176.6 | O23: =N23+I23 -> 31626507 | P23: =L23+J23+G23+E23 -> 26740 | Q23: =T23+R23 -> 829.1 | R23: 283 | S23: 5085560.9 | T23: 546.1 | U23: 2558380.2 | V23: =U23+S23 -> 7643941.1 | W23: =V23/$AG$48 -> 589.07892 | X23: 112.05896 | Y23: 250 | AA23: 12 | AB23: =X23+Y23+Z23+AA23 -> 374.05896 | AC23: 4069734.6 | AD23: =AC23/$AG$48 -> 313.63335 | AE23: 738.2 | AF23: 6422340 | AG23: =AF23/$AG$48 -> 494.93646
B24: 13 | C24: 48 | D24: 373 | E24: 21160 | F24: 23012960 | G24: 4080 | H24: 6655922.3 | I24: =F24+H24 -> 29668882 | J24: 1800 | K24: 1957624.2 | L24: 440 | M24: 717795.54 | N24: =+K24+M24 -> 2675419.7 | O24: =N24+I24 -> 32344302 | P24: =L24+J24+G24+E24 -> 27480 | Q24: =T24+R24 -> 697.8 | R24: 262 | S24: 4708187.2 | T24: 435.8 | U24: 2041644.6 | V24: =U24+S24 -> 6749831.7 | W24: =V24/$AG$48 -> 520.17455 | X24: 98.8874 | AA24: 12 | AB24: =X24+Y24+Z24+AA24 -> 110.8874 | AC24: 1143503.8 | AD24: =AC24/$AG$48 -> 88.123909 | AE24: 360.9 | AF24: 3139830 | AG24: =AF24/$AG$48 -> 241.97042
B25: 14 | C25: 50 | D25: 466 | E25: 20280 | F25: 22055899 | G25: 4160 | H25: 6786430.6 | I25: =F25+H25 -> 28842330 | J25: 1960 | K25: 2131635.2 | L25: 480 | M25: 783049.68 | N25: =+K25+M25 -> 2914684.9 | O25: =N25+I25 -> 31757015 | P25: =L25+J25+G25+E25 -> 26880 | Q25: =T25+R25 -> 531.2 | R25: 320 | S25: 5750457.6 | T25: 211.2 | U25: 989433.98 | V25: =U25+S25 -> 6739891.6 | W25: =V25/$AG$48 -> 519.40851 | X25: 102.55288 | AA25: 24 | AB25: =X25+Y25+Z25+AA25 -> 126.55288 | AC25: 1320219.4 | AD25: =AC25/$AG$48 -> 101.74247 | AE25: 451.3 | AF25: 3926310 | AG25: =AF25/$AG$48 -> 302.58036
B26: 15 | C26: 31 | D26: 451 | E26: 20000 | F26: 21751380 | G26: 4040 | H26: 6590668.1 | I26: =F26+H26 -> 28342048 | J26: 2000 | K26: 2175138 | L26: 460 | M26: 750422.61 | N26: =+K26+M26 -> 2925560.6 | O26: =N26+I26 -> 31267609 | P26: =L26+J26+G26+E26 -> 26500 | Q26: =T26+R26 -> 458 | R26: 275 | S26: 4941799.5 | T26: 183 | U26: 857322.06 | V26: =U26+S26 -> 5799121.6 | W26: =V26/$AG$48 -> 446.90824 | X26: 94.81912 | Z26: 400 | AA26: 0 | AB26: =X26+Y26+Z26+AA26 -> 494.81912 | AC26: 5430698.5 | AD26: =AC26/$AG$48 -> 418.51579 | AE26: 335 | AF26: 2914500 | AG26: =AF26/$AG$48 -> 224.60541
B27: 16 | C27: 38 | D27: 334 | E27: 20280 | F27: 22055899 | G27: 4160 | H27: 6786430.6 | I27: =F27+H27 -> 28842330 | J27: 1880 | K27: 2044629.7 | L27: 460 | M27: 750422.61 | N27: =+K27+M27 -> 2795052.3 | O27: =N27+I27 -> 31637382 | P27: =L27+J27+G27+E27 -> 26780 | Q27: =T27+R27 -> 443 | R27: 261 | S27: 4690217 | T27: 182 | U27: 852637.24 | V27: =U27+S27 -> 5542854.2 | W27: =V27/$AG$48 -> 427.15905 | X27: 83.66156 | AA27: 0 | AB27: =X27+Y27+Z27+AA27 -> 83.66156 | AC27: 1407915.8 | AD27: =AC27/$AG$48 -> 108.50077 | AE27: 404.7 | AF27: 3520890 | AG27: =AF27/$AG$48 -> 271.33674
B28: 17 | C28: 35 | D28: 319 | E28: 19320 | F28: 21011833 | G28: 4160 | H28: 6786430.6 | I28: =F28+H28 -> 27798264 | J28: 1920 | K28: 2088132.5 | L28: 440 | M28: 717795.54 | N28: =+K28+M28 -> 2805928 | O28: =N28+I28 -> 30604192 | P28: =L28+J28+G28+E28 -> 25840 | Q28: =T28+R28 -> 467 | R28: 281 | S28: 5049620.6 | T28: 186 | U28: 871376.52 | V28: =U28+S28 -> 5920997.1 | W28: =V28/$AG$48 -> 456.30056 | X28: 101.9084 | AA28: 0 | AB28: =X28+Y28+Z28+AA28 -> 101.9084 | AC28: 1034676 | AD28: =AC28/$AG$48 -> 79.737115 | AE28: 530.1 | AF28: 4611870 | AG28: =AF28/$AG$48 -> 355.41292
B29: 18 | C29: 40 | D29: 314 | E29: 20760 | F29: 22577932 | G29: 4240 | H29: 6916938.8 | I29: =F29+H29 -> 29494871 | J29: 1880 | K29: 2044629.7 | L29: 440 | M29: 717795.54 | N29: =+K29+M29 -> 2762425.3 | O29: =N29+I29 -> 32257297 | P29: =L29+J29+G29+E29 -> 27320 | Q29: =T29+R29 -> 448 | R29: 263 | S29: 4726157.3 | T29: 185 | U29: 866691.7 | V29: =U29+S29 -> 5592849 | W29: =V29/$AG$48 -> 431.01189 | X29: 93.28848 | Y29: 250 | AA29: 24 | AB29: =X29+Y29+Z29+AA29 -> 367.28848 | AC29: 4018657.9 | AD29: =AC29/$AG$48 -> 309.69714 | AE29: 551.9 | AF29: 4801530 | AG29: =AF29/$AG$48 -> 370.02903
B30: 19 | C30: 39 | D30: 342 | E30: 20000 | F30: 21751380 | G30: 3920 | H30: 6394905.7 | I30: =F30+H30 -> 28146286 | J30: 1920 | K30: 2088132.5 | L30: 460 | M30: 750422.61 | N30: =+K30+M30 -> 2838555.1 | O30: =N30+I30 -> 30984841 | P30: =L30+J30+G30+E30 -> 26300 | Q30: =T30+R30 -> 471 | R30: 287 | S30: 5157441.7 | T30: 184 | U30: 862006.88 | V30: =U30+S30 -> 6019448.5 | W30: =V30/$AG$48 -> 463.8877 | X30: 90.18692 | AA30: 0 | AB30: =X30+Y30+Z30+AA30 -> 90.18692 | AC30: 915667.8 | AD30: =AC30/$AG$48 -> 70.565771 | AE30: 778.3 | AF30: 6771210 | AG30: =AF30/$AG$48 -> 521.82206
B31: 20 | C31: 38 | D31: 469 | E31: 20200 | F31: 21968894 | G31: 4080 | H31: 6655922.3 | I31: =F31+H31 -> 28624816 | J31: 1840 | K31: 2001127 | L31: 480 | M31: 783049.68 | N31: =+K31+M31 -> 2784176.6 | O31: =N31+I31 -> 31408993 | P31: =L31+J31+G31+E31 -> 26600 | Q31: =T31+R31 -> 453 | R31: 264 | S31: 4744127.5 | T31: 189 | U31: 885430.98 | V31: =U31+S31 -> 5629558.5 | W31: =V31/$AG$48 -> 433.8409 | X31: 97.0748 | AA31: 0 | AB31: =X31+Y31+Z31+AA31 -> 97.0748 | AC31: 985600.44 | AD31: =AC31/$AG$48 -> 75.955118 | AE31: 1251.2 | AF31: 10885440 | AG31: =AF31/$AG$48 -> 838.88444
B32: 21 | C32: 31 | D32: 414 | E32: 19600 | F32: 21316352 | G32: 3920 | H32: 6394905.7 | I32: =F32+H32 -> 27711258 | J32: 2080 | K32: 2262143.5 | L32: 480 | M32: 783049.68 | N32: =+K32+M32 -> 3045193.2 | O32: =N32+I32 -> 30756451 | P32: =L32+J32+G32+E32 -> 26080 | Q32: =T32+R32 -> 823.9 | R32: 315 | S32: 5660606.7 | T32: 508.9 | U32: 2384104.9 | V32: =U32+S32 -> 8044711.6 | W32: =V32/$AG$48 -> 619.96423 | X32: 75.36388 | Z32: 400 | AA32: 12 | AB32: =X32+Y32+Z32+AA32 -> 487.36388 | AC32: 5372669.5 | AD32: =AC32/$AG$48 -> 414.04379 | AE32: 456.7 | AF32: 3973290 | AG32: =AF32/$AG$48 -> 306.20087
B33: 22 | C33: 35 | D33: 398 | E33: 20200 | F33: 21968894 | G33: 4080 | H33: 6655922.3 | I33: =F33+H33 -> 28624816 | J33: 2020 | K33: 2196889.4 | L33: 500 | M33: 815676.75 | N33: =+K33+M33 -> 3012566.1 | O33: =N33+I33 -> 31637382 | P33: =L33+J33+G33+E33 -> 26800 | Q33: =T33+R33 -> 630.5 | R33: 268 | S33: 4816008.2 | T33: 362.5 | U33: 1698247.2 | V33: =U33+S33 -> 6514255.5 | W33: =V33/$AG$48 -> 502.01991 | X33: 100.57916 | AA33: 36 | AB33: =X33+Y33+Z33+AA33 -> 136.57916 | AC33: 1998180.2 | AD33: =AC33/$AG$48 -> 153.98939 | AE33: 658.6 | AF33: 5729820 | AG33: =AF33/$AG$48 -> 441.56753
B34: 23 | C34: 54 | D34: 432 | E34: 19560 | F34: 21272850 | G34: 4200 | H34: 6851684.7 | I34: =F34+H34 -> 28124534 | J34: 2040 | K34: 2218640.8 | L34: 500 | M34: 815676.75 | N34: =+K34+M34 -> 3034317.5 | O34: =N34+I34 -> 31158852 | P34: =L34+J34+G34+E34 -> 26300 | Q34: =T34+R34 -> 651.2 | R34: 253 | S34: 4546455.5 | T34: 398.2 | U34: 1865495.3 | V34: =U34+S34 -> 6411950.9 | W34: =V34/$AG$48 -> 494.13582 | X34: 107.82956 | AA34: 0 | AB34: =X34+Y34+Z34+AA34 -> 107.82956 | AC34: 1094793.5 | AD34: =AC34/$AG$48 -> 84.370062 | AE34: 500 | AF34: 4350000 | AG34: =AF34/$AG$48 -> 335.23195
B35: 24 | C35: 52 | D35: 431 | E35: 18960 | F35: 20620308 | G35: 4080 | H35: 6655922.3 | I35: =F35+H35 -> 27276231 | J35: 2420 | K35: 2631917 | L35: 460 | M35: 750422.61 | N35: =+K35+M35 -> 3382339.6 | O35: =N35+I35 -> 30658570 | P35: =L35+J35+G35+E35 -> 25920 | Q35: =T35+R35 -> 855.4 | R35: 277 | S35: 4977739.9 | T35: 578.4 | U35: 2709699.9 | V35: =U35+S35 -> 7687439.7 | W35: =V35/$AG$48 -> 592.43114 | X35: 136.67004 | Y35: 250 | AA35: 36 | AB35: =X35+Y35+Z35+AA35 -> 422.67004 | AC35: 4598610.9 | AD35: =AC35/$AG$48 -> 354.39111 | AE35: 444.1 | AF35: 3863670 | AG35: =AF35/$AG$48 -> 297.75302
B36: 25 | C36: 50 | D36: 351 | E36: 20320 | F36: 22099402 | G36: 3880 | H36: 6329651.6 | I36: =F36+H36 -> 28429054 | J36: 1460 | K36: 1587850.7 | L36: 500 | M36: 815676.75 | N36: =+K36+M36 -> 2403527.5 | O36: =N36+I36 -> 30832581 | P36: =L36+J36+G36+E36 -> 26160 | Q36: =T36+R36 -> 840.8 | R36: 267 | S36: 4798038.1 | T36: 573.8 | U36: 2688149.7 | V36: =U36+S36 -> 7486187.8 | W36: =V36/$AG$48 -> 576.92169 | X36: 91.95924 | AA36: 0 | AB36: =X36+Y36+Z36+AA36 -> 91.95924 | AC36: 933662.16 | AD36: =AC36/$AG$48 -> 71.952504 | AE36: 628.7 | AF36: 5469690 | AG36: =AF36/$AG$48 -> 421.52066
B37: 26 | C37: 51 | D37: 420 | E37: 20000 | F37: 21751380 | G37: 4080 | H37: 6655922.3 | I37: =F37+H37 -> 28407302 | J37: 1840 | K37: 2001127 | L37: 480 | M37: 783049.68 | N37: =+K37+M37 -> 2784176.6 | O37: =N37+I37 -> 31191479 | P37: =L37+J37+G37+E37 -> 26400 | Q37: =T37+R37 -> 465 | R37: 263 | S37: 4726157.3 | T37: 202 | U37: 946333.64 | V37: =U37+S37 -> 5672491 | W37: =V37/$AG$48 -> 437.14948 | X37: 91.0328 | Z37: 400 | AA37: 12 | AB37: =X37+Y37+Z37+AA37 -> 503.0328 | AC37: 5531756 | AD37: =AC37/$AG$48 -> 426.30376 | AE37: 598.6 | AF37: 5207820 | AG37: =AF37/$AG$48 -> 401.33969
B38: 27 | C38: 78 | D38: 559 | E38: 20200 | F38: 21968894 | G38: 4160 | H38: 6786430.6 | I38: =F38+H38 -> 28755324 | J38: 2040 | K38: 2218640.8 | L38: 480 | M38: 783049.68 | N38: =+K38+M38 -> 3001690.4 | O38: =N38+I38 -> 31757015 | P38: =L38+J38+G38+E38 -> 26880 | Q38: =T38+R38 -> 795 | R38: 202 | S38: 3629976.4 | T38: 593 | U38: 2778098.3 | V38: =U38+S38 -> 6408074.6 | W38: =V38/$AG$48 -> 493.8371 | X38: 119.47048 | AA38: 36 | AB38: =X38+Y38+Z38+AA38 -> 155.47048 | AC38: 1631483.8 | AD38: =AC38/$AG$48 -> 125.73 | AE38: 695.8 | AF38: 6053460 | AG38: =AF38/$AG$48 -> 466.50879
B39: 28 | C39: 96 | D39: 684 | E39: 19520 | F39: 21229347 | G39: 4120 | H39: 6721176.4 | I39: =F39+H39 -> 27950523 | J39: 2080 | K39: 2262143.5 | L39: 500 | M39: 815676.75 | N39: =+K39+M39 -> 3077820.3 | O39: =N39+I39 -> 31028344 | P39: =L39+J39+G39+E39 -> 26220 | Q39: =T39+R39 -> 817 | R39: 360 | S39: 6469264.8 | T39: 457 | U39: 2140962.7 | V39: =U39+S39 -> 8610227.5 | W39: =V39/$AG$48 -> 663.54561 | X39: 101.82784 | AA39: 12 | AB39: =X39+Y39+Z39+AA39 -> 113.82784 | AC39: 1731858.1 | AD39: =AC39/$AG$48 -> 133.46532 | AE39: 746.8 | AF39: 6497160 | AG39: =AF39/$AG$48 -> 500.70245
B40: 29 | C40: 98 | D40: 720 | E40: 19760 | F40: 21490363 | G40: 4080 | H40: 6655922.3 | I40: =F40+H40 -> 28146286 | J40: 2180 | K40: 2370900.4 | L40: 520 | M40: 848303.82 | N40: =+K40+M40 -> 3219204.2 | O40: =N40+I40 -> 31365490 | P40: =L40+J40+G40+E40 -> 26540 | Q40: =T40+R40 -> 668.2 | R40: 90 | S40: 1617316.2 | T40: 578.2 | U40: 2708762.9 | V40: =U40+S40 -> 4326079.1 | W40: =V40/$AG$48 -> 333.3885 | X40: 122.4512 | AA40: 12 | AB40: =X40+Y40+Z40+AA40 -> 134.4512 | AC40: 1382747 | AD40: =AC40/$AG$48 -> 106.56115 | AE40: 636.4 | AF40: 5536680 | AG40: =AF40/$AG$48 -> 426.68323
B41: 30 | C41: 96 | D41: 695 | E41: 29600 | F41: 32192042 | G41: 4040 | H41: 6590668.1 | I41: =F41+H41 -> 38782711 | J41: 3160 | K41: 3436718 | L41: 520 | M41: 848303.82 | N41: =+K41+M41 -> 4285021.9 | O41: =N41+I41 -> 43067732 | P41: =L41+J41+G41+E41 -> 37320 | Q41: =T41+R41 -> 526.8 | R41: 0 | S41: 0 | T41: 526.8 | U41: 2467963.2 | V41: =U41+S41 -> 2467963.2 | W41: =V41/$AG$48 -> 190.19313 | X41: 101.66672 | Y41: 250 | AA41: 0 | AB41: =X41+Y41+Z41+AA41 -> 351.66672 | AC41: 3824722.2 | AD41: =AC41/$AG$48 -> 294.75152 | AE41: 441.7 | AF41: 3842790 | AG41: =AF41/$AG$48 -> 296.14391
C47: =SUM(C12:C41) -> 1591 | D47: =SUM(D12:D41) -> 14752 | E47: =SUM(E12:E43) -> 592440 | F47: =SUM(F12:F43) -> 6.4431938e+08 | G47: =SUM(G12:G43) -> 122880 | H47: =SUM(H12:H43) -> 2.0046072e+08 | I47: =SUM(I12:I43) -> 8.447801e+08 | J47: =SUM(J12:J43) -> 58400 | K47: =SUM(K12:K43) -> 63514030 | L47: =SUM(L12:L43) -> 13840 | ... P47: =SUM(P12:P43) -> 787560 | Q47: =SUM(Q12:Q42) -> 20214 | R47: =SUM(R12:R42) -> 8118 | S47: =SUM(S12:S42) -> 1.4588192e+08 | T47: =SUM(T12:T42) -> 12096 | U47: =SUM(U12:U42) -> 56667583 | V47: =SUM(V12:V42) -> 2.025495e+08 | W47: =V47/$AG$48 -> 15609.44 | X47: =SUM(X12:X41) -> 3016.2067 | Y47: =SUM(Y12:Y41) -> 1250 | Z47: =SUM(Z12:Z42) -> 2000 | AA47: =SUM(AA12:AA42) -> 276 | AB47: =SUM(AB12:AB42) -> 6542.2067 | AC47: =SUM(AC12:AC43) -> 72927046 | AD47: =AC47/$AG$48 -> 5620.1095 | AE47: =SUM(AE12:AE43) -> 23399.4 | AF47: =SUM(AF12:AF43) -> 2.0357478e+08 | AG47: =AF47/AG48 -> 15688.453
Q48: m3/RNs | AG48: 12976.09
P50: =O47/P47 -> 1181.9697 | V50: =V47/Q47 -> 10020.258 | AC50: =AC47/AB47 -> 11147.163 | AF50: =AF47/AE47 -> 8700

Sheet RNs & Covers April 2018
A1: Four Seasons Resort Bali at Jimbaran Bay
A2: 43191
A3: Date | B3: Room Nights | C3: Food Covers
A6: 1 | B6: 71 | C6: 723
A7: 2 | B7: 68 | C7: 752
A8: =A7+1 -> 3 | B8: 63 | C8: 606
A9: =A8+1 -> 4 | B9: 67 | C9: 584
A10: =A9+1 -> 5 | B10: 55 | C10: 553
A11: =A10+1 -> 6 | B11: 48 | C11: 753
A12: =A11+1 -> 7 | B12: 51 | C12: 596
A13: =A12+1 -> 8 | B13: 38 | C13: 460
A14: =A13+1 -> 9 | B14: 30 | C14: 358
A15: =A14+1 -> 10 | B15: 36 | C15: 315
A16: =A15+1 -> 11 | B16: 56 | C16: 403
A17: =A16+1 -> 12 | B17: 48 | C17: 477
A18: =A17+1 -> 13 | B18: 48 | C18: 373
A19: =A18+1 -> 14 | B19: 50 | C19: 466
... A35: =A34+1 -> 30 | B35: 96 | C35: 695
B38: =SUM(B6:B36) -> 1591 | C38: =SUM(C6:C36) -> 14752
