Workbook

Sheet TOTAL
A1: Site Name | B1: Day | C1: Month | D1: Year | E1: Total Electricity Kwh | F1: Electricity Tariff ($/Kwh) | G1: LPG (Kg) | H1: LPG $/Kg | I1: Total Fuel Oil (Liter) | J1: Fuel Oil $/Liter | K1: Water Utility Supply (m3) m3 | L1: Water Utility Supply (m3) $/m3 | M1: Room Nights | N1: Food Covers
A2: Bali Jimbaran | B2: 1 | C2: 2 | D2: 2018 | E2: ='FS Jimbaran February 2018'!P12 -> 10160 | F2: ='FS Jimbaran February 2018'!O12/'FS Jimbaran February 2018'!P12 -> 1251.3466 | G2: ='FS Jimbaran February 2018'!AB12 -> 140.1744 | H2: ='FS Jimbaran February 2018'!AC12/'FS Jimbaran February 2018'!AB12 -> 10153 | I2: ='FS Jimbaran February 2018'!AE12 -> 716.8 | J2: ='FS Jimbaran February 2018'!AF12/'FS Jimbaran February 2018'!AE12 -> 8700 | K2: ='FS Jimbaran February 2018'!Q12 -> 404 | L2: ='FS Jimbaran February 2018'!V12/'FS Jimbaran February 2018'!Q12 -> 11735.597 | M2: 15 | N2: 225
A3: Bali Jimbaran | B3: =B2+1 -> 2 | C3: 2 | D3: 2018 | E3: ='FS Jimbaran February 2018'!P13 -> 19420 | F3: ='FS Jimbaran February 2018'!O13/'FS Jimbaran February 2018'!P13 -> 1181.6532 | G3: ='FS Jimbaran February 2018'!AB13 -> 150.07984 | H3: ='FS Jimbaran February 2018'!AC13/'FS Jimbaran February 2018'!AB13 -> 10270.697 | I3: ='FS Jimbaran February 2018'!AE13 -> 464.5 | J3: ='FS Jimbaran February 2018'!AF13/'FS Jimbaran February 2018'!AE13 -> 8700 | K3: ='FS Jimbaran February 2018'!Q13 -> 389 | L3: ='FS Jimbaran February 2018'!V13/'FS Jimbaran February 2018'!Q13 -> 11357.424 | M3: 17 | N3: 218
A4: Bali Jimbaran | B4: =B3+1 -> 3 | C4: 2 | D4: 2018 | E4: ='FS Jimbaran February 2018'!P14 -> 18180 | F4: ='FS Jimbaran February 2018'!O14/'FS Jimbaran February 2018'!P14 -> 1182.0882 | G4: ='FS Jimbaran February 2018'!AB14 -> 141.10084 | H4: ='FS Jimbaran February 2018'!AC14/'FS Jimbaran February 2018'!AB14 -> 10153 | I4: ='FS Jimbaran February 2018'!AE14 -> 647.5 | J4: ='FS Jimbaran February 2018'!AF14/'FS Jimbaran February 2018'!AE14 -> 8700 | K4: ='FS Jimbaran February 2018'!Q14 -> 199 | L4: ='FS Jimbaran February 2018'!V14/'FS Jimbaran February 2018'!Q14 -> 17902.855 | M4: 21 | N4: 311
A5: Bali Jimbaran | B5: =B4+1 -> 4 | C5: 2 | D5: 2018 | E5: ='FS Jimbaran February 2018'!P15 -> 18740 | F5: ='FS Jimbaran February 2018'!O15/'FS Jimbaran February 2018'!P15 -> 1186.2279 | G5: ='FS Jimbaran February 2018'!AB15 -> 403.74876 | H5: ='FS Jimbaran February 2018'!AC15/'FS Jimbaran February 2018'!AB15 -> 10782.723 | I5: ='FS Jimbaran February 2018'!AE15 -> 476.1 | J5: ='FS Jimbaran February 2018'!AF15/'FS Jimbaran February 2018'!AE15 -> 8700 | K5: ='FS Jimbaran February 2018'!Q15 -> 371 | L5: ='FS Jimbaran February 2018'!V15/'FS Jimbaran February 2018'!Q15 -> 11217.151 | M5: 25 | N5: 292
A6: Bali Jimbaran | B6: =B5+1 -> 5 | C6: 2 | D6: 2018 | E6: ='FS Jimbaran February 2018'!P16 -> 20160 | F6: ='FS Jimbaran February 2018'!O16/'FS Jimbaran February 2018'!P16 -> 1180.8971 | G6: ='FS Jimbaran February 2018'!AB16 -> 576.01328 | H6: ='FS Jimbaran February 2018'!AC16/'FS Jimbaran February 2018'!AB16 -> 10951.232 | I6: ='FS Jimbaran February 2018'!AE16 -> 399.2 | J6: ='FS Jimbaran February 2018'!AF16/'FS Jimbaran February 2018'!AE16 -> 8700 | K6: ='FS Jimbaran February 2018'!Q16 -> 384 | L6: ='FS Jimbaran February 2018'!V16/'FS Jimbaran February 2018'!Q16 -> 11131.76 | M6: 23 | N6: 294
A7: Bali Jimbaran | B7: =B6+1 -> 6 | C7: 2 | D7: 2018 | E7: ='FS Jimbaran February 2018'!P17 -> 20340 | F7: ='FS Jimbaran February 2018'!O17/'FS Jimbaran February 2018'!P17 -> 1182.7447 | G7: ='FS Jimbaran February 2018'!AB17 -> 161.47564 | H7: ='FS Jimbaran February 2018'!AC17/'FS Jimbaran February 2018'!AB17 -> 13830.508 | I7: ='FS Jimbaran February 2018'!AE17 -> 442.4 | J7: ='FS Jimbaran February 2018'!AF17/'FS Jimbaran February 2018'!AE17 -> 8700 | K7: ='FS Jimbaran February 2018'!Q17 -> 374 | L7: ='FS Jimbaran February 2018'!V17/'FS Jimbaran February 2018'!Q17 -> 11342.966 | M7: 26 | N7: 262
A8: Bali Jimbaran | B8: =B7+1 -> 7 | C8: 2 | D8: 2018 | E8: ='FS Jimbaran February 2018'!P18 -> 21080 | F8: ='FS Jimbaran February 2018'!O18/'FS Jimbaran February 2018'!P18 -> 1184.5628 | G8: ='FS Jimbaran February 2018'!AB18 -> 154.23212 | H8: ='FS Jimbaran February 2018'!AC18/'FS Jimbaran February 2018'!AB18 -> 10153 | I8: ='FS Jimbaran February 2018'!AE18 -> 521.3 | J8: ='FS Jimbaran February 2018'!AF18/'FS Jimbaran February 2018'!AE18 -> 8700 | K8: ='FS Jimbaran February 2018'!Q18 -> 303 | L8: ='FS Jimbaran February 2018'!V18/'FS Jimbaran February 2018'!Q18 -> 11691.381 | M8: 30 | N8: 329
A9: Bali Jimbaran | B9: =B8+1 -> 8 | C9: 2 | D9: 2018 | E9: ='FS Jimbaran February 2018'!P19 -> 21580 | F9: ='FS Jimbaran February 2018'!O19/'FS Jimbaran February 2018'!P19 -> 1178.2837 | G9: ='FS Jimbaran February 2018'!AB19 -> 159.58936 | H9: ='FS Jimbaran February 2018'!AC19/'FS Jimbaran February 2018'!AB19 -> 10153 | I9: ='FS Jimbaran February 2018'!AE19 -> 727.1 | J9: ='FS Jimbaran February 2018'!AF19/'FS Jimbaran February 2018'!AE19 -> 8700 | K9: ='FS Jimbaran February 2018'!Q19 -> 743 | L9: ='FS Jimbaran February 2018'!V19/'FS Jimbaran February 2018'!Q19 -> 7655.9191 | M9: 30 | N9: 298
A10: Bali Jimbaran | B10: =B9+1 -> 9 | C10: 2 | D10: 2018 | E10: ='FS Jimbaran February 2018'!P20 -> 22160 | F10: ='FS Jimbaran February 2018'!O20/'FS Jimbaran February 2018'!P20 -> 1186.7066 | G10: ='FS Jimbaran February 2018'!AB20 -> 403.34596 | H10: ='FS Jimbaran February 2018'!AC20/'FS Jimbaran February 2018'!AB20 -> 10783.352 | I10: ='FS Jimbaran February 2018'!AE20 -> 695.4 | J10: ='FS Jimbaran February 2018'!AF20/'FS Jimbaran February 2018'!AE20 -> 8700 | K10: ='FS Jimbaran February 2018'!Q20 -> 312 | L10: ='FS Jimbaran February 2018'!V20/'FS Jimbaran February 2018'!Q20 -> 9682.4878 | M10: 53 | N10: 436
A11: Bali Jimbaran | B11: =B10+1 -> 10 | C11: 2 | D11: 2018 | E11: ='FS Jimbaran February 2018'!P21 -> 23360 | F11: ='FS Jimbaran February 2018'!O21/'FS Jimbaran February 2018'!P21 -> 1184.4073 | G11: ='FS Jimbaran February 2018'!AB21 -> 145.28996 | H11: ='FS Jimbaran February 2018'!AC21/'FS Jimbaran February 2018'!AB21 -> 10153 | I11: ='FS Jimbaran February 2018'!AE21 -> 527.7 | J11: ='FS Jimbaran February 2018'!AF21/'FS Jimbaran February 2018'!AE21 -> 8700 | K11: ='FS Jimbaran February 2018'!Q21 -> 332 | L11: ='FS Jimbaran February 2018'!V21/'FS Jimbaran February 2018'!Q21 -> 4653.1692 | M11: 67 | N11: 448
A12: Bali Jimbaran | B12: =B11+1 -> 11 | C12: 2 | D12: 2018 | E12: ='FS Jimbaran February 2018'!P22 -> 24300 | F12: ='FS Jimbaran February 2018'!O22/'FS Jimbaran February 2018'!P22 -> 1182.8991 | G12: ='FS Jimbaran February 2018'!AB22 -> 554.87316 | H12: ='FS Jimbaran February 2018'!AC22/'FS Jimbaran February 2018'!AB22 -> 10917.975 | I12: ='FS Jimbaran February 2018'!AE22 -> 532.9 | J12: ='FS Jimbaran February 2018'!AF22/'FS Jimbaran February 2018'!AE22 -> 8700 | K12: ='FS Jimbaran February 2018'!Q22 -> 250 | L12: ='FS Jimbaran February 2018'!V22/'FS Jimbaran February 2018'!Q22 -> 4572.46 | M12: 75 | N12: 547
A13: Bali Jimbaran | B13: =B12+1 -> 12 | C13: 2 | D13: 2018 | E13: ='FS Jimbaran February 2018'!P23 -> 24700 | F13: ='FS Jimbaran February 2018'!O23/'FS Jimbaran February 2018'!P23 -> 1185.3181 | G13: ='FS Jimbaran February 2018'!AB23 -> 209.036 | H13: ='FS Jimbaran February 2018'!AC23/'FS Jimbaran February 2018'!AB23 -> 10575.511 | I13: ='FS Jimbaran February 2018'!AE23 -> 425 | J13: ='FS Jimbaran February 2018'!AF23/'FS Jimbaran February 2018'!AE23 -> 8700 | K13: ='FS Jimbaran February 2018'!Q23 -> 288 | L13: ='FS Jimbaran February 2018'!V23/'FS Jimbaran February 2018'!Q23 -> 7084.5325 | M13: 81 | N13: 627
A14: Bali Jimbaran | B14: =B13+1 -> 13 | C14: 2 | D14: 2018 | E14: ='FS Jimbaran February 2018'!P24 -> 24920 | F14: ='FS Jimbaran February 2018'!O24/'FS Jimbaran February 2018'!P24 -> 1185.328 | G14: ='FS Jimbaran February 2018'!AB24 -> 210.3618 | H14: ='FS Jimbaran February 2018'!AC24/'FS Jimbaran February 2018'!AB24 -> 13311.767 | I14: ='FS Jimbaran February 2018'!AE24 -> 360.7 | J14: ='FS Jimbaran February 2018'!AF24/'FS Jimbaran February 2018'!AE24 -> 8700 | K14: ='FS Jimbaran February 2018'!Q24 -> 476 | L14: ='FS Jimbaran February 2018'!V24/'FS Jimbaran February 2018'!Q24 -> 6711.5918 | M14: 97 | N14: 639
... A29: Bali Jimbaran | B29: =B28+1 -> 28 | C29: 2 | D29: 2018 | E29: ='FS Jimbaran February 2018'!P39 -> 35200 | F29: ='FS Jimbaran February 2018'!O39/'FS Jimbaran February 2018'!P39 -> 1150.9075 | G29: ='FS Jimbaran February 2018'!AB39 -> 136.22696 | H29: ='FS Jimbaran February 2018'!AC39/'FS Jimbaran February 2018'!AB39 -> 10153 | I29: ='FS Jimbaran February 2018'!AE39 -> 528.9 | J29: ='FS Jimbaran February 2018'!AF39/'FS Jimbaran February 2018'!AE39 -> 8700 | K29: ='FS Jimbaran February 2018'!Q39 -> 602 | L29: ='FS Jimbaran February 2018'!V39/'FS Jimbaran February 2018'!Q39 -> 8467.146 | M29: 25 | N29: 342

Sheet FS Jimbaran February 2018
B6: Four Seasons Resort Bali at Jimbaran Bay
B7: FEBRUARY 2018
B8: Date | C8: Room Nights | D8: Food Covers | E8: ELECTRICITY Resort, Sundara & Residences | Q8: WATER | X8: GAS
E9: Electricity Resort | J9: Electricity - Sundara | O9: Sub Total (Resort & Sundara) Cost (IDR) | P9: Sub Total (Resort & Sundara), KWh | R9: Water (m3) | V9: Total Water Cost | X9: LPG | AE9: Diesel
E10: BASED LOAD KWh (from 10 pm - 6 pm) | F10: Cost (IDR) | G10: PEAK LOAD KWh (from 6 pm - 10 pm) | H10: Cost (IDR) | I10: Resort Cost (IDR) | J10: BASED LOAD KWh (from 10 pm - 6 pm) | K10: Cost (IDR) | L10: PEAK LOAD KWh (from 6 pm - 10 pm) | M10: Cost (IDR) | N10: Sundara Cost (IDR) | Q10: Water consumption (m3) | R10: Municipal Water (m3) | S10: Municipal Water cost (IDR) | T10: Deepwell Consumption (m3) | U10: Deepwell water Cost (IDR) | V10: IDR | W10: USD | X10: LPG Bulk (m3) | Y10: 50 Kg (tube) IVD & TW | Z10: Sundara 50 kg (tube) | AA10: 12 Kg (tube) | AB10: Total kg | AC10: IDR | AD10: USD | AE10: Used (liters) | AF10: IDR | AG10: USD
B12: 1 | C12: 15 | D12: 225 | E12: 6240 | F12: 6786430.6 | G12: 2680 | H12: 4372027.4 | I12: =F12+H12 -> 11158458 | J12: 860 | K12: 935309.34 | L12: 380 | M12: 619914.33 | N12: =K12+M12 -> 1555223.7 | O12: =N12+I12 -> 12713682 | P12: =L12+J12+G12+E12 -> 10160 | Q12: =T12+R12 -> 404 | R12: 216 | S12: 3881558.9 | T12: 188 | U12: 859622.48 | V12: =U12+S12 -> 4741181.4 | W12: =V12/$AG$46 -> 365.37827 | X12: 140.1744 | Z12: 0 | AB12: =SUM(X12:AA12) -> 140.1744 | AC12: 1423190.7 | AD12: =AC12/$AG$46 -> 109.67793 | AE12: 716.8 | AF12: 6236160 | AG12: =AF12/$AG$46 -> 480.58853
B13: 2 | C13: 17 | D13: 218 | E13: 14320 | F13: 15573988 | G13: 2960 | H13: 4828806.4 | I13: =F13+H13 -> 20402794 | J13: 1740 | K13: 1892370.1 | L13: 400 | M13: 652541.4 | N13: =K13+M13 -> 2544911.5 | O13: =N13+I13 -> 22947706 | P13: =L13+J13+G13+E13 -> 19420 | Q13: =T13+R13 -> 389 | R13: 197 | S13: 3540125.5 | T13: 192 | U13: 877912.32 | V13: =U13+S13 -> 4418037.8 | W13: =V13/$AG$46 -> 340.47527 | X13: 138.07984 | Z13: 0 | AA13: 12 | AB13: =SUM(X13:AA13) -> 150.07984 | AC13: 1541424.6 | AD13: =AC13/$AG$46 -> 118.78961 | AE13: 464.5 | AF13: 4041150 | AG13: =AF13/$AG$46 -> 311.43048
B14: 3 | C14: 21 | D14: 311 | E14: 13360 | F14: 14529922 | G14: 2760 | H14: 4502535.7 | I14: =F14+H14 -> 19032458 | J14: 1660 | K14: 1805364.5 | L14: 400 | M14: 652541.4 | N14: =K14+M14 -> 2457905.9 | O14: =N14+I14 -> 21490363 | P14: =L14+J14+G14+E14 -> 18180 | Q14: =T14+R14 -> 199 | R14: 198 | S14: 3558095.6 | T14: 1 | U14: 4572.46 | V14: =U14+S14 -> 3562668.1 | W14: =V14/$AG$46 -> 274.55636 | X14: 141.10084 | Z14: 0 | AA14: 0 | AB14: =SUM(X14:AA14) -> 141.10084 | AC14: 1432596.8 | AD14: =AC14/$AG$46 -> 110.40281 | AE14: 647.5 | AF14: 5633250 | AG14: =AF14/$AG$46 -> 434.12538
B15: 4 | C15: 25 | D15: 292 | E15: 13880 | F15: 15095458 | G15: 3040 | H15: 4959314.6 | I15: =F15+H15 -> 20054772 | J15: 1460 | K15: 1587850.7 | L15: 360 | M15: 587287.26 | N15: =K15+M15 -> 2175138 | O15: =N15+I15 -> 22229910 | P15: =L15+J15+G15+E15 -> 18740 | Q15: =T15+R15 -> 371 | R15: 184 | S15: 3306513.1 | T15: 187 | U15: 855050.02 | V15: =U15+S15 -> 4161563.1 | W15: =V15/$AG$46 -> 320.7101 | X15: 153.74876 | Y15: 250 | Z15: 0 | AA15: 0 | AB15: =SUM(X15:AA15) -> 403.74876 | AC15: 4353511.2 | AD15: =AC15/$AG$46 -> 335.50254 | AE15: 476.1 | AF15: 4142070 | AG15: =AF15/$AG$46 -> 319.20787
B16: 5 | C16: 23 | D16: 294 | E16: 15080 | F16: 16400541 | G16: 3080 | H16: 5024568.8 | I16: =F16+H16 -> 21425109 | J16: 1620 | K16: 1761861.8 | L16: 380 | M16: 619914.33 | N16: =K16+M16 -> 2381776.1 | O16: =N16+I16 -> 23806885 | P16: =L16+J16+G16+E16 -> 20160 | Q16: =T16+R16 -> 384 | R16: 188 | S16: 3378393.8 | T16: 196 | U16: 896202.16 | V16: =U16+S16 -> 4274596 | W16: =V16/$AG$46 -> 329.42096 | X16: 140.01328 | Z16: 400 | AA16: 36 | AB16: =SUM(X16:AA16) -> 576.01328 | AC16: 6308054.8 | AD16: =AC16/$AG$46 -> 486.12909 | AE16: 399.2 | AF16: 3473040 | AG16: =AF16/$AG$46 -> 267.64919
B17: 6 | C17: 26 | D17: 262 | E17: 15160 | F17: 16487546 | G17: 3160 | H17: 5155077.1 | I17: =F17+H17 -> 21642623 | J17: 1620 | K17: 1761861.8 | L17: 400 | M17: 652541.4 | N17: =K17+M17 -> 2414403.2 | O17: =N17+I17 -> 24057026 | P17: =L17+J17+G17+E17 -> 20340 | Q17: =T17+R17 -> 374 | R17: 189 | S17: 3396364 | T17: 185 | U17: 845905.1 | V17: =U17+S17 -> 4242269.1 | W17: =V17/$AG$46 -> 326.92969 | X17: 137.47564 | Z17: 0 | AA17: 24 | AB17: =SUM(X17:AA17) -> 161.47564 | AC17: 2233290.2 | AD17: =AC17/$AG$46 -> 172.1081 | AE17: 442.4 | AF17: 3848880 | AG17: =AF17/$AG$46 -> 296.61323
B18: 7 | C18: 30 | D18: 329 | E18: 15720 | F18: 17096585 | G18: 3360 | H18: 5481347.8 | I18: =F18+H18 -> 22577932 | J18: 1600 | K18: 1740110.4 | L18: 400 | M18: 652541.4 | N18: =K18+M18 -> 2392651.8 | O18: =N18+I18 -> 24970584 | P18: =L18+J18+G18+E18 -> 21080 | Q18: =T18+R18 -> 303 | R18: 161 | S18: 2893199 | T18: 142 | U18: 649289.32 | V18: =U18+S18 -> 3542488.3 | W18: =V18/$AG$46 -> 273.00121 | X18: 154.23212 | Z18: 0 | AA18: 0 | AB18: =SUM(X18:AA18) -> 154.23212 | AC18: 1565918.7 | AD18: =AC18/$AG$46 -> 120.67724 | AE18: 521.3 | AF18: 4535310 | AG18: =AF18/$AG$46 -> 349.51283
B19: 8 | C19: 30 | D19: 298 | E19: 16480 | F19: 17923137 | G19: 3200 | H19: 5220331.2 | I19: =F19+H19 -> 23143468 | J19: 1500 | K19: 1631353.5 | L19: 400 | M19: 652541.4 | N19: =K19+M19 -> 2283894.9 | O19: =N19+I19 -> 25427363 | P19: =L19+J19+G19+E19 -> 21580 | Q19: =T19+R19 -> 743 | R19: 171 | S19: 3072900.8 | T19: 572 | U19: 2615447.1 | V19: =U19+S19 -> 5688347.9 | W19: =V19/$AG$46 -> 438.37149 | X19: 159.58936 | Z19: 0 | AA19: 0 | AB19: =SUM(X19:AA19) -> 159.58936 | AC19: 1620310.8 | AD19: =AC19/$AG$46 -> 124.86895 | AE19: 727.1 | AF19: 6325770 | AG19: =AF19/$AG$46 -> 487.49431
B20: 9 | C20: 53 | D20: 436 | E20: 16560 | F20: 18010143 | G20: 3640 | H20: 5938126.7 | I20: =F20+H20 -> 23948269 | J20: 1560 | K20: 1696607.6 | L20: 400 | M20: 652541.4 | N20: =K20+M20 -> 2349149 | O20: =N20+I20 -> 26297418 | P20: =L20+J20+G20+E20 -> 22160 | Q20: =T20+R20 -> 312 | R20: 119 | S20: 2138451.4 | T20: 193 | U20: 882484.78 | V20: =U20+S20 -> 3020936.2 | W20: =V20/$AG$46 -> 232.8079 | X20: 153.34596 | Y20: 250 | Z20: 0 | AA20: 0 | AB20: =SUM(X20:AA20) -> 403.34596 | AC20: 4349421.5 | AD20: =AC20/$AG$46 -> 335.18737 | AE20: 695.4 | AF20: 6049980 | AG20: =AF20/$AG$46 -> 466.2406
B21: 10 | C21: 67 | D21: 448 | E21: 17440 | F21: 18967203 | G21: 3760 | H21: 6133889.2 | I21: =F21+H21 -> 25101093 | J21: 1760 | K21: 1914121.4 | L21: 400 | M21: 652541.4 | N21: =K21+M21 -> 2566662.8 | O21: =N21+I21 -> 27667755 | P21: =L21+J21+G21+E21 -> 23360 | Q21: =T21+R21 -> 332 | R21: 2 | S21: 35940.36 | T21: 330 | U21: 1508911.8 | V21: =U21+S21 -> 1544852.2 | W21: =V21/$AG$46 -> 119.05375 | X21: 145.28996 | Z21: 0 | AA21: 0 | AB21: =SUM(X21:AA21) -> 145.28996 | AC21: 1475129 | AD21: =AC21/$AG$46 -> 113.68054 | AE21: 527.7 | AF21: 4590990 | AG21: =AF21/$AG$46 -> 353.8038
B22: 11 | C22: 75 | D22: 547 | E22: 18400 | F22: 20011270 | G22: 3840 | H22: 6264397.4 | I22: =F22+H22 -> 26275667 | J22: 1640 | K22: 1783613.2 | L22: 420 | M22: 685168.47 | N22: =K22+M22 -> 2468781.6 | O22: =N22+I22 -> 28744449 | P22: =L22+J22+G22+E22 -> 24300 | Q22: =T22+R22 -> 250 | R22: 0 | S22: 0 | T22: 250 | U22: 1143115 | V22: =U22+S22 -> 1143115 | W22: =V22/$AG$46 -> 88.093948 | X22: 142.87316 | Z22: 400 | AA22: 12 | AB22: =SUM(X22:AA22) -> 554.87316 | AC22: 6058091.2 | AD22: =AC22/$AG$46 -> 466.86569 | AE22: 532.9 | AF22: 4636230 | AG22: =AF22/$AG$46 -> 357.29022
B23: 12 | C23: 81 | D23: 627 | E23: 18680 | F23: 20315789 | G23: 4040 | H23: 6590668.1 | I23: =F23+H23 -> 26906457 | J23: 1580 | K23: 1718359 | L23: 400 | M23: 652541.4 | N23: =K23+M23 -> 2370900.4 | O23: =N23+I23 -> 29277357 | P23: =L23+J23+G23+E23 -> 24700 | Q23: =T23+R23 -> 288 | R23: 54 | S23: 970389.72 | T23: 234 | U23: 1069955.6 | V23: =U23+S23 -> 2040345.4 | W23: =V23/$AG$46 -> 157.23884 | X23: 149.036 | Z23: 0 | AA23: 60 | AB23: =SUM(X23:AA23) -> 209.036 | AC23: 2210662.5 | AD23: =AC23/$AG$46 -> 170.3643 | AE23: 425 | AF23: 3697500 | AG23: =AF23/$AG$46 -> 284.94716
B24: 13 | C24: 97 | D24: 639 | E24: 18760 | F24: 20402794 | G24: 4080 | H24: 6655922.3 | I24: =F24+H24 -> 27058717 | J24: 1680 | K24: 1827115.9 | L24: 400 | M24: 652541.4 | N24: =K24+M24 -> 2479657.3 | O24: =N24+I24 -> 29538374 | P24: =L24+J24+G24+E24 -> 24920 | Q24: =T24+R24 -> 476 | R24: 76 | S24: 1365733.7 | T24: 400 | U24: 1828984 | V24: =U24+S24 -> 3194717.7 | W24: =V24/$AG$46 -> 246.20033 | X24: 138.3618 | Z24: 0 | AA24: 72 | AB24: =SUM(X24:AA24) -> 210.3618 | AC24: 2800287.4 | AD24: =AC24/$AG$46 -> 215.80363 | AE24: 360.7 | AF24: 3138090 | AG24: =AF24/$AG$46 -> 241.83633
B25: 14 | C25: 96 | D25: 773 | E25: 18560 | F25: 20185281 | G25: 3920 | H25: 6394905.7 | I25: =F25+H25 -> 26580186 | J25: 1740 | K25: 1892370.1 | L25: 400 | M25: 652541.4 | N25: =K25+M25 -> 2544911.5 | O25: =N25+I25 -> 29125098 | P25: =L25+J25+G25+E25 -> 24620 | Q25: =T25+R25 -> 373 | R25: 0 | S25: 0 | T25: 373 | U25: 1705527.6 | V25: =U25+S25 -> 1705527.6 | W25: =V25/$AG$46 -> 131.43617 | X25: 136.67004 | Y25: 250 | Z25: 0 | AA25: 0 | AB25: =SUM(X25:AA25) -> 386.67004 | AC25: 4180110.9 | AD25: =AC25/$AG$46 -> 322.13948 | AE25: 499.6 | AF25: 4346520 | AG25: =AF25/$AG$46 -> 334.96377
B26: 15 | C26: 95 | D26: 647 | E26: 17960 | F26: 19532739 | G26: 3560 | H26: 5807618.5 | I26: =F26+H26 -> 25340358 | J26: 1740 | K26: 1892370.1 | L26: 400 | M26: 652541.4 | N26: =K26+M26 -> 2544911.5 | O26: =N26+I26 -> 27885269 | P26: =L26+J26+G26+E26 -> 23660 | Q26: =T26+R26 -> 446 | R26: 0 | S26: 0 | T26: 446 | U26: 2039317.2 | V26: =U26+S26 -> 2039317.2 | W26: =V26/$AG$46 -> 157.1596 | X26: 136.26724 | Z26: 0 | AA26: 12 | AB26: =SUM(X26:AA26) -> 148.26724 | AC26: 1523021.3 | AD26: =AC26/$AG$46 -> 117.37136 | AE26: 652.3 | AF26: 5675010 | AG26: =AF26/$AG$46 -> 437.34361
B27: 16 | C27: 135 | D27: 788 | E27: 19080 | F27: 20750817 | G27: 3920 | H27: 6394905.7 | I27: =F27+H27 -> 27145722 | J27: 1820 | K27: 1979375.6 | L27: 440 | M27: 717795.54 | N27: =K27+M27 -> 2697171.1 | O27: =N27+I27 -> 29842893 | P27: =L27+J27+G27+E27 -> 25260 | Q27: =T27+R27 -> 368 | R27: 98 | S27: 1761077.6 | T27: 270 | U27: 1234564.2 | V27: =U27+S27 -> 2995641.8 | W27: =V27/$AG$46 -> 230.85859 | X27: 126.19724 | Z27: 0 | AA27: 12 | AB27: =SUM(X27:AA27) -> 138.19724 | AC27: 1420780.6 | AD27: =AC27/$AG$46 -> 109.4922 | AE27: 492 | AF27: 4280400 | AG27: =AF27/$AG$46 -> 329.86824
B28: 17 | C28: 144 | D28: 980 | E28: 18680 | F28: 20315789 | G28: 4080 | H28: 6655922.3 | I28: =F28+H28 -> 26971711 | J28: 1960 | K28: 2131635.2 | L28: 400 | M28: 652541.4 | N28: =K28+M28 -> 2784176.6 | O28: =N28+I28 -> 29755888 | P28: =L28+J28+G28+E28 -> 25120 | Q28: =T28+R28 -> 573 | R28: 180 | S28: 3234632.4 | T28: 393 | U28: 1796976.8 | V28: =U28+S28 -> 5031609.2 | W28: =V28/$AG$46 -> 387.76004 | X28: 141.34252 | Z28: 400 | AA28: 48 | AB28: =SUM(X28:AA28) -> 589.34252 | AC28: 6461050.6 | AD28: =AC28/$AG$46 -> 497.91968 | AE28: 446.4 | AF28: 3883680 | AG28: =AF28/$AG$46 -> 299.29509
B29: 18 | C29: 122 | D29: 932 | E29: 20040 | F29: 21794883 | G29: 4280 | H29: 6982193 | I29: =F29+H29 -> 28777076 | J29: 1660 | K29: 1805364.5 | L29: 420 | M29: 685168.47 | N29: =K29+M29 -> 2490533 | O29: =N29+I29 -> 31267609 | P29: =L29+J29+G29+E29 -> 26400 | Q29: =T29+R29 -> 535 | R29: 231 | S29: 4151111.6 | T29: 304 | U29: 1390027.8 | V29: =U29+S29 -> 5541139.4 | W29: =V29/$AG$46 -> 427.02689 | X29: 148.27068 | Z29: 0 | AA29: 12 | AB29: =SUM(X29:AA29) -> 160.27068 | AC29: 1644892.2 | AD29: =AC29/$AG$46 -> 126.76332 | AE29: 575.6 | AF29: 5007720 | AG29: =AF29/$AG$46 -> 385.91902
B30: 19 | C30: 132 | D30: 934 | E30: 19920 | F30: 21664374 | G30: 4240 | H30: 6916938.8 | I30: =F30+H30 -> 28581313 | J30: 1860 | K30: 2022878.3 | L30: 460 | M30: 750422.61 | N30: =K30+M30 -> 2773301 | O30: =N30+I30 -> 31354614 | P30: =L30+J30+G30+E30 -> 26480 | Q30: =T30+R30 -> 563 | R30: 222 | S30: 3989380 | T30: 341 | U30: 1559208.9 | V30: =U30+S30 -> 5548588.8 | W30: =V30/$AG$46 -> 427.60098 | X30: 170.26356 | Y30: 250 | Z30: 0 | AA30: 12 | AB30: =SUM(X30:AA30) -> 432.26356 | AC30: 4660685.9 | AD30: =AC30/$AG$46 -> 359.17491 | AE30: 451.5 | AF30: 3928050 | AG30: =AF30/$AG$46 -> 302.71445
B31: 20 | C31: 114 | D31: 854 | E31: 19440 | F31: 21142341 | G31: 4400 | H31: 7177955.4 | I31: =F31+H31 -> 28320297 | J31: 1960 | K31: 2131635.2 | L31: 520 | M31: 848303.82 | N31: =K31+M31 -> 2979939.1 | O31: =N31+I31 -> 31300236 | P31: =L31+J31+G31+E31 -> 26320 | Q31: =T31+R31 -> 397 | R31: 208 | S31: 3737797.4 | T31: 189 | U31: 864194.94 | V31: =U31+S31 -> 4601992.4 | W31: =V31/$AG$46 -> 354.6517 | X31: 140.98 | Z31: 0 | AA31: 0 | AB31: =SUM(X31:AA31) -> 140.98 | AC31: 1989869.9 | AD31: =AC31/$AG$46 -> 153.34896 | AE31: 368.9 | AF31: 3209430 | AG31: =AF31/$AG$46 -> 247.33414
B32: 21 | C32: 93 | D32: 665 | E32: 19800 | F32: 21533866 | G32: 4200 | H32: 6851684.7 | I32: =F32+H32 -> 28385551 | J32: 1760 | K32: 1914121.4 | L32: 340 | M32: 554660.19 | N32: =K32+M32 -> 2468781.6 | O32: =N32+I32 -> 30854333 | P32: =L32+J32+G32+E32 -> 26100 | Q32: =T32+R32 -> 480 | R32: 201 | S32: 3612006.2 | T32: 279 | U32: 1275716.3 | V32: =U32+S32 -> 4887722.5 | W32: =V32/$AG$46 -> 376.67144 | X32: 142.63148 | Z32: 0 | AA32: 0 | AB32: =SUM(X32:AA32) -> 142.63148 | AC32: 1448137.4 | AD32: =AC32/$AG$46 -> 111.60044 | AE32: 573.6 | AF32: 4990320 | AG32: =AF32/$AG$46 -> 384.5781
B33: 22 | C33: 80 | D33: 776 | E33: 19520 | F33: 21229347 | G33: 3920 | H33: 6394905.7 | I33: =F33+H33 -> 27624253 | J33: 1760 | K33: 1914121.4 | L33: 440 | M33: 717795.54 | N33: =K33+M33 -> 2631917 | O33: =N33+I33 -> 30256170 | P33: =L33+J33+G33+E33 -> 25640 | Q33: =T33+R33 -> 572 | R33: 195 | S33: 3504185.1 | T33: 377 | U33: 1723817.4 | V33: =U33+S33 -> 5228002.5 | W33: =V33/$AG$46 -> 402.89506 | X33: 129.33908 | Z33: 400 | AA33: 12 | AB33: =SUM(X33:AA33) -> 541.33908 | AC33: 5920679.7 | AD33: =AC33/$AG$46 -> 456.2761 | AE33: 706.3 | AF33: 6144810 | AG33: =AF33/$AG$46 -> 473.54866
B34: 23 | C34: 62 | D34: 636 | E34: 18840 | F34: 20489800 | G34: 3960 | H34: 6460159.9 | I34: =F34+H34 -> 26949960 | J34: 1840 | K34: 2001127 | L34: 400 | M34: 652541.4 | N34: =K34+M34 -> 2653668.4 | O34: =N34+I34 -> 29603628 | P34: =L34+J34+G34+E34 -> 25040 | Q34: =T34+R34 -> 630 | R34: 245 | S34: 4402694.1 | T34: 385 | U34: 1760397.1 | V34: =U34+S34 -> 6163091.2 | W34: =V34/$AG$46 -> 474.95749 | X34: 124.2638 | Z34: 0 | AA34: 24 | AB34: =SUM(X34:AA34) -> 148.2638 | AC34: 1540650.4 | AD34: =AC34/$AG$46 -> 118.72994 | AE34: 523.7 | AF34: 4556190 | AG34: =AF34/$AG$46 -> 351.12195
B35: 24 | C35: 48 | D35: 647 | E35: 18040 | F35: 19619745 | G35: 3640 | H35: 5938126.7 | I35: =F35+H35 -> 25557872 | J35: 1780 | K35: 1935872.8 | L35: 400 | M35: 652541.4 | N35: =K35+M35 -> 2588414.2 | O35: =N35+I35 -> 28146286 | P35: =L35+J35+G35+E35 -> 23860 | Q35: =T35+R35 -> 591 | R35: 184 | S35: 3306513.1 | T35: 407 | U35: 1860991.2 | V35: =U35+S35 -> 5167504.3 | W35: =V35/$AG$46 -> 398.23278 | X35: 124.14296 | Z35: 0 | AA35: 12 | AB35: =SUM(X35:AA35) -> 136.14296 | AC35: 1399923.5 | AD35: =AC35/$AG$46 -> 107.88485 | AE35: 469.5 | AF35: 4084650 | AG35: =AF35/$AG$46 -> 314.7828
B36: 25 | C36: 31 | D36: 465 | E36: 16520 | F36: 17966640 | G36: 3400 | H36: 5546601.9 | I36: =F36+H36 -> 23513242 | J36: 1620 | K36: 1761861.8 | L36: 360 | M36: 587287.26 | N36: =K36+M36 -> 2349149 | O36: =N36+I36 -> 25862391 | P36: =L36+J36+G36+E36 -> 21900 | Q36: =T36+R36 -> 634 | R36: 218 | S36: 3917499.2 | T36: 416 | U36: 1902143.4 | V36: =U36+S36 -> 5819642.6 | W36: =V36/$AG$46 -> 448.48969 | X36: 120.31636 | Y36: 250 | Z36: 0 | AA36: 36 | AB36: =SUM(X36:AA36) -> 406.31636 | AC36: 4432572 | AD36: =AC36/$AG$46 -> 341.59535 | AE36: 469.5 | AF36: 4084650 | AG36: =AF36/$AG$46 -> 314.7828
B37: 26 | C37: 29 | D37: 354 | E37: 18000 | F37: 19576242 | G37: 3840 | H37: 6264397.4 | I37: =F37+H37 -> 25840639 | J37: 1560 | K37: 1696607.6 | L37: 400 | M37: 652541.4 | N37: =K37+M37 -> 2349149 | O37: =N37+I37 -> 28189788 | P37: =L37+J37+G37+E37 -> 23800 | Q37: =T37+R37 -> 596 | R37: 184 | S37: 3306513.1 | T37: 412 | U37: 1883853.5 | V37: =U37+S37 -> 5190366.6 | W37: =V37/$AG$46 -> 399.99465 | X37: 127.40564 | Z37: 0 | AA37: 0 | AB37: =SUM(X37:AA37) -> 127.40564 | AC37: 1293549.5 | AD37: =AC37/$AG$46 -> 99.687153 | AE37: 499.7 | AF37: 4347390 | AG37: =AF37/$AG$46 -> 335.03081
B38: 27 | C38: 23 | D38: 309 | E38: 18360 | F38: 19967767 | G38: 3680 | H38: 6003380.9 | I38: =F38+H38 -> 25971148 | J38: 1600 | K38: 1740110.4 | L38: 400 | M38: 652541.4 | N38: =K38+M38 -> 2392651.8 | O38: =N38+I38 -> 28363800 | P38: =L38+J38+G38+E38 -> 24040 | Q38: =T38+R38 -> 625 | R38: 218 | S38: 3917499.2 | T38: 407 | U38: 1860991.2 | V38: =U38+S38 -> 5778490.5 | W38: =V38/$AG$46 -> 445.31831 | X38: 124.42492 | Z38: 400 | AA38: 12 | AB38: =SUM(X38:AA38) -> 536.42492 | AC38: 6429286.2 | AD38: =AC38/$AG$46 -> 495.47176 | AE38: 380.8 | AF38: 3312960 | AG38: =AF38/$AG$46 -> 255.31266
B39: 28 | C39: 25 | D39: 342 | E39: 28600 | F39: 31104473 | G39: 3680 | H39: 6003380.9 | I39: =F39+H39 -> 37107854 | J39: 2500 | K39: 2718922.5 | L39: 420 | M39: 685168.47 | N39: =K39+M39 -> 3404091 | O39: =N39+I39 -> 40511945 | P39: =L39+J39+G39+E39 -> 35200 | Q39: =T39+R39 -> 602 | R39: 175 | S39: 3144781.5 | T39: 427 | U39: 1952440.4 | V39: =U39+S39 -> 5097221.9 | W39: =V39/$AG$46 -> 392.81647 | X39: 136.22696 | AA39: 0 | AB39: =SUM(X39:AA39) -> 136.22696 | AC39: 1383112.3 | AD39: =AC39/$AG$46 -> 106.5893 | AE39: 528.9 | AF39: 4601430 | AG39: =AF39/$AG$46 -> 354.60836
C45: =SUM(C12:C41) -> 1789 | D45: =SUM(D12:D41) -> 15028 | E45: =SUM(E12:E41) -> 491440 | F45: =SUM(F12:F41) -> 5.3447491e+08 | G45: =SUM(G12:G41) -> 102320 | H45: =SUM(H12:H41) -> 1.6692009e+08 | I45: =SUM(I12:I41) -> 7.01395e+08 | J45: =SUM(J12:J41) -> 47440 | ... P45: =SUM(P12:P41) -> 652540 | Q45: =SUM(Q12:Q40) -> 12810 | R45: =SUM(R12:R40) -> 4314 | S45: =SUM(S12:S40) -> 77523357 | T45: =SUM(T12:T40) -> 8496 | U45: =SUM(U12:U40) -> 38847620 | V45: =SUM(V12:V40) -> 1.1637098e+08 | W45: =V45/$AG$46 -> 8968.108 | X45: =SUM(X12:X39) -> 3922.0636 | Y45: =SUM(Y12:Y39) -> 1250 | Z45: =SUM(Z12:Z40) -> 2000 | AA45: =SUM(AA12:AA40) -> 408 | AB45: =SUM(AB12:AB40) -> 7580.0636 | AC45: =SUM(AC12:AC41) -> 83100212 | AD45: =AC45/$AG$46 -> 6404.1026 | AE45: =SUM(AE12:AE41) -> 14574.9 | AF45: =SUM(AF12:AF41) -> 1.2680163e+08 | AG45: =AF45/AG46 -> 9771.9444
AG46: 12976.09
P48: =O45/P45 -> 1182.2859 | V48: =V45/Q45 -> 9084.3854 | AC48: =AC45/AB45 -> 10962.997 | AF48: =AF45/AE45 -> 8700

Sheet RNs & Covers February 2018
A1: Four Seasons Resort Bali at Jimbaran Bay
A2: 43132
A3: Date | B3: Room Nights | C3: Food Covers
A6: 1 | B6: 15 | C6: 225
A7: 2 | B7: 17 | C7: 218
A8: =A7+1 -> 3 | B8: 21 | C8: 311
A9: =A8+1 -> 4 | B9: 25 | C9: 292
A10: =A9+1 -> 5 | B10: 23 | C10: 294
A11: =A10+1 -> 6 | B11: 26 | C11: 262
A12: =A11+1 -> 7 | B12: 30 | C12: 329
A13: =A12+1 -> 8 | B13: 30 | C13: 298
A14: =A13+1 -> 9 | B14: 53 | C14: 436
A15: =A14+1 -> 10 | B15: 67 | C15: 448
A16: =A15+1 -> 11 | B16: 75 | C16: 547
A17: =A16+1 -> 12 | B17: 81 | C17: 627
A18: =A17+1 -> 13 | B18: 97 | C18: 639
A19: =A18+1 -> 14 | B19: 96 | C19: 773
... A33: =A32+1 -> 28 | B33: 25 | C33: 342
B38: =SUM(B6:B36) -> 1789 | C38: =SUM(C6:C36) -> 15028
