Workbook

Sheet TOTAL
A1: Site Name | B1: Day | C1: Month | D1: Year | E1: Total Electricity KWh | F1: Electricity Tariff ($/KWh) | G1: Natual Gas (m3) | H1: Natural Gas $/m3 | I1: District Energy Cooling KWh | J1: District Energy Cooling $/KWh | K1: District Energy Heating KWh | L1: District Energy Heating $/KWh | M1: Water Utility Supply (m3) m3 | N1: Water Utility Supply (m3) $/m3 | O1: Room Nights | P1: Total Guests
A2: Tokyo at Otemachi | B2: 1 | C2: 7 | D2: 2022 | E2: ='Otemachi Daily'!D5 -> 16351 | F2: =[1]見込!$G$3 -> 29.86 | G2: ='Otemachi Daily'!F5 -> 173.1 | H2: =[1]見込!$M$23 -> 146.95054 | I2: ='Otemachi Daily'!H5 -> 31961.446 | J2: =[2]Sheet1!$V$30 -> 38.8531 | K2: ='Otemachi Daily'!J5 -> 6281.6136 | L2: =[2]Sheet1!$AE$30 -> 19.558599 | M2: ='Otemachi Daily'!L5 -> 147 | N2: 741 | O2: ='Otemachi Daily'!M5 -> 88 | P2: ='Otemachi Daily'!N5 -> 155
A3: Tokyo at Otemachi | B3: =B2+1 -> 2 | C3: 7 | D3: 2022 | E3: ='Otemachi Daily'!D6 -> 17023 | F3: =[1]見込!$G$3 -> 29.86 | G3: ='Otemachi Daily'!F6 -> 178.3 | H3: =[1]見込!$M$23 -> 146.95054 | I3: ='Otemachi Daily'!H6 -> 34156.066 | J3: =[2]Sheet1!$V$30 -> 38.8531 | K3: ='Otemachi Daily'!J6 -> 6574.4981 | L3: =[2]Sheet1!$AE$30 -> 19.558599 | M3: ='Otemachi Daily'!L6 -> 172 | N3: 741 | O3: ='Otemachi Daily'!M6 -> 158 | P3: ='Otemachi Daily'!N6 -> 300
A4: Tokyo at Otemachi | B4: =B3+1 -> 3 | C4: 7 | D4: 2022 | E4: ='Otemachi Daily'!D7 -> 16581 | F4: =[1]見込!$G$3 -> 29.86 | G4: ='Otemachi Daily'!F7 -> 170.3 | H4: =[1]見込!$M$23 -> 146.95054 | I4: ='Otemachi Daily'!H7 -> 31707.536 | J4: =[2]Sheet1!$V$30 -> 38.8531 | K4: ='Otemachi Daily'!J7 -> 7283.1937 | L4: =[2]Sheet1!$AE$30 -> 19.558599 | M4: ='Otemachi Daily'!L7 -> 186 | N4: 741 | O4: ='Otemachi Daily'!M7 -> 72 | P4: ='Otemachi Daily'!N7 -> 130
A5: Tokyo at Otemachi | B5: =B4+1 -> 4 | C5: 7 | D5: 2022 | E5: ='Otemachi Daily'!D8 -> 15813 | F5: =[1]見込!$G$3 -> 29.86 | G5: ='Otemachi Daily'!F8 -> 166.4 | H5: =[1]見込!$M$23 -> 146.95054 | I5: ='Otemachi Daily'!H8 -> 22994.062 | J5: =[2]Sheet1!$V$30 -> 38.8531 | K5: ='Otemachi Daily'!J8 -> 5775.5176 | L5: =[2]Sheet1!$AE$30 -> 19.558599 | M5: ='Otemachi Daily'!L8 -> 135 | N5: 741 | O5: ='Otemachi Daily'!M8 -> 66 | P5: ='Otemachi Daily'!N8 -> 118
A6: Tokyo at Otemachi | B6: =B5+1 -> 5 | C6: 7 | D6: 2022 | E6: ='Otemachi Daily'!D9 -> 15975 | F6: =[1]見込!$G$3 -> 29.86 | G6: ='Otemachi Daily'!F9 -> 163.2 | H6: =[1]見込!$M$23 -> 146.95054 | I6: ='Otemachi Daily'!H9 -> 22648.756 | J6: =[2]Sheet1!$V$30 -> 38.8531 | K6: ='Otemachi Daily'!J9 -> 6208.2466 | L6: =[2]Sheet1!$AE$30 -> 19.558599 | M6: ='Otemachi Daily'!L9 -> 124 | N6: 741 | O6: ='Otemachi Daily'!M9 -> 64 | P6: ='Otemachi Daily'!N9 -> 116
A7: Tokyo at Otemachi | B7: =B6+1 -> 6 | C7: 7 | D7: 2022 | E7: ='Otemachi Daily'!D10 -> 16343 | F7: =[1]見込!$G$3 -> 29.86 | G7: ='Otemachi Daily'!F10 -> 193.6 | H7: =[1]見込!$M$23 -> 146.95054 | I7: ='Otemachi Daily'!H10 -> 22560.971 | J7: =[2]Sheet1!$V$30 -> 38.8531 | K7: ='Otemachi Daily'!J10 -> 6137.2687 | L7: =[2]Sheet1!$AE$30 -> 19.558599 | M7: ='Otemachi Daily'!L10 -> 124 | N7: 741 | O7: ='Otemachi Daily'!M10 -> 72 | P7: ='Otemachi Daily'!N10 -> 123
A8: Tokyo at Otemachi | B8: =B7+1 -> 7 | C8: 7 | D8: 2022 | E8: ='Otemachi Daily'!D11 -> 15965 | F8: =[1]見込!$G$3 -> 29.86 | G8: ='Otemachi Daily'!F11 -> 167.3 | H8: =[1]見込!$M$23 -> 146.95054 | I8: ='Otemachi Daily'!H11 -> 19591.567 | J8: =[2]Sheet1!$V$30 -> 38.8531 | K8: ='Otemachi Daily'!J11 -> 6695.5912 | L8: =[2]Sheet1!$AE$30 -> 19.558599 | M8: ='Otemachi Daily'!L11 -> 151 | N8: 741 | O8: ='Otemachi Daily'!M11 -> 84 | P8: ='Otemachi Daily'!N11 -> 137
A9: Tokyo at Otemachi | B9: =B8+1 -> 8 | C9: 7 | D9: 2022 | E9: ='Otemachi Daily'!D12 -> 16443 | F9: =[1]見込!$G$3 -> 29.86 | G9: ='Otemachi Daily'!F12 -> 170.1 | H9: =[1]見込!$M$23 -> 146.95054 | I9: ='Otemachi Daily'!H12 -> 19686.853 | J9: =[2]Sheet1!$V$30 -> 38.8531 | K9: ='Otemachi Daily'!J12 -> 7020.2005 | L9: =[2]Sheet1!$AE$30 -> 19.558599 | M9: ='Otemachi Daily'!L12 -> 148 | N9: 741 | O9: ='Otemachi Daily'!M12 -> 122 | P9: ='Otemachi Daily'!N12 -> 232
A10: Tokyo at Otemachi | B10: =B9+1 -> 9 | C10: 7 | D10: 2022 | E10: ='Otemachi Daily'!D13 -> 17060 | F10: =[1]見込!$G$3 -> 29.86 | G10: ='Otemachi Daily'!F13 -> 177 | H10: =[1]見込!$M$23 -> 146.95054 | I10: ='Otemachi Daily'!H13 -> 23801.071 | J10: =[2]Sheet1!$V$30 -> 38.8531 | K10: ='Otemachi Daily'!J13 -> 7030.5068 | L10: =[2]Sheet1!$AE$30 -> 19.558599 | M10: ='Otemachi Daily'!L13 -> 210 | N10: 741 | O10: ='Otemachi Daily'!M13 -> 165 | P10: ='Otemachi Daily'!N13 -> 349
A11: Tokyo at Otemachi | B11: =B10+1 -> 10 | C11: 7 | D11: 2022 | E11: ='Otemachi Daily'!D14 -> 16697 | F11: =[1]見込!$G$3 -> 29.86 | G11: ='Otemachi Daily'!F14 -> 163.7 | H11: =[1]見込!$M$23 -> 146.95054 | I11: ='Otemachi Daily'!H14 -> 26853.259 | J11: =[2]Sheet1!$V$30 -> 38.8531 | K11: ='Otemachi Daily'!J14 -> 7672.5026 | L11: =[2]Sheet1!$AE$30 -> 19.558599 | M11: ='Otemachi Daily'!L14 -> 189 | N11: 741 | O11: ='Otemachi Daily'!M14 -> 116 | P11: ='Otemachi Daily'!N14 -> 183
A12: Tokyo at Otemachi | B12: =B11+1 -> 11 | C12: 7 | D12: 2022 | E12: ='Otemachi Daily'!D15 -> 16509 | F12: =[1]見込!$G$3 -> 29.86 | G12: ='Otemachi Daily'!F15 -> 170.5 | H12: =[1]見込!$M$23 -> 146.95054 | I12: ='Otemachi Daily'!H15 -> 28885.088 | J12: =[2]Sheet1!$V$30 -> 38.8531 | K12: ='Otemachi Daily'!J15 -> 6166.271 | L12: =[2]Sheet1!$AE$30 -> 19.558599 | M12: ='Otemachi Daily'!L15 -> 138 | N12: 741 | O12: ='Otemachi Daily'!M15 -> 107 | P12: ='Otemachi Daily'!N15 -> 165
A13: Tokyo at Otemachi | B13: =B12+1 -> 12 | C13: 7 | D13: 2022 | E13: ='Otemachi Daily'!D16 -> 16251 | F13: =[1]見込!$G$3 -> 29.86 | G13: ='Otemachi Daily'!F16 -> 166.2 | H13: =[1]見込!$M$23 -> 146.95054 | I13: ='Otemachi Daily'!H16 -> 23438.264 | J13: =[2]Sheet1!$V$30 -> 38.8531 | K13: ='Otemachi Daily'!J16 -> 6124.8511 | L13: =[2]Sheet1!$AE$30 -> 19.558599 | M13: ='Otemachi Daily'!L16 -> 139 | N13: 741 | O13: ='Otemachi Daily'!M16 -> 99 | P13: ='Otemachi Daily'!N16 -> 150
A14: Tokyo at Otemachi | B14: =B13+1 -> 13 | C14: 7 | D14: 2022 | E14: ='Otemachi Daily'!D17 -> 16005 | F14: =[1]見込!$G$3 -> 29.86 | G14: ='Otemachi Daily'!F17 -> 143.4 | H14: =[1]見込!$M$23 -> 146.95054 | I14: ='Otemachi Daily'!H17 -> 20091.052 | J14: =[2]Sheet1!$V$30 -> 38.8531 | K14: ='Otemachi Daily'!J17 -> 6722.4266 | L14: =[2]Sheet1!$AE$30 -> 19.558599 | M14: ='Otemachi Daily'!L17 -> 125 | N14: 741 | O14: ='Otemachi Daily'!M17 -> 87 | P14: ='Otemachi Daily'!N17 -> 133
... A32: Tokyo at Otemachi | B32: =B31+1 -> 31 | C32: 7 | D32: 2022 | E32: ='Otemachi Daily'!D35 -> 16958 | F32: =[1]見込!$G$3 -> 29.86 | G32: ='Otemachi Daily'!F35 -> 170.7 | H32: =[1]見込!$M$23 -> 146.95054 | I32: ='Otemachi Daily'!H35 -> 38427.241 | J32: =[2]Sheet1!$V$30 -> 38.8531 | K32: ='Otemachi Daily'!J35 -> 6375.8156 | L32: =[2]Sheet1!$AE$30 -> 19.558599 | M32: ='Otemachi Daily'!L35 -> 177 | N32: 741 | O32: ='Otemachi Daily'!M35 -> 100 | P32: ='Otemachi Daily'!N35 -> 181

Sheet Otemachi Daily
A2: Days | C2: Electricity Meter (KWh) | E2: Gas m3 | G2: District Cooling (KWh) | I2: District Heating (KWh) | K2: Water m3
A3: Date | C3: Reading KWH | D3: Difference KWH | E3: Reading m3 | F3: Difference KWH | G3: Reading KWh | H3: Difference KWH | I3: Reading KWh | J3: Difference KWH | K3: Reading m³ | L3: Daily Consumption m³ | M3: ROOM NIGHTS | N3: TOTAL GUESTS
A5: 44743 | D5: 16351 | F5: 173.1 | H5: 31961.446 | J5: 6281.6136 | L5: 147 | M5: 88 | N5: 155
A6: 44744 | D6: 17023 | F6: 178.3 | H6: 34156.066 | J6: 6574.4981 | L6: 172 | M6: 158 | N6: 300
A7: 44745 | D7: 16581 | F7: 170.3 | H7: 31707.536 | J7: 7283.1937 | L7: 186 | M7: 72 | N7: 130
A8: 44746 | D8: 15813 | F8: 166.4 | H8: 22994.062 | J8: 5775.5176 | L8: 135 | M8: 66 | N8: 118
A9: 44747 | D9: 15975 | F9: 163.2 | H9: 22648.756 | J9: 6208.2466 | L9: 124 | M9: 64 | N9: 116
A10: 44748 | D10: 16343 | F10: 193.6 | H10: 22560.971 | J10: 6137.2687 | L10: 124 | M10: 72 | N10: 123
A11: 44749 | D11: 15965 | F11: 167.3 | H11: 19591.567 | J11: 6695.5912 | L11: 151 | M11: 84 | N11: 137
A12: 44750 | D12: 16443 | F12: 170.1 | H12: 19686.853 | J12: 7020.2005 | L12: 148 | M12: 122 | N12: 232
A13: 44751 | D13: 17060 | F13: 177 | H13: 23801.071 | J13: 7030.5068 | L13: 210 | M13: 165 | N13: 349
A14: 44752 | D14: 16697 | F14: 163.7 | H14: 26853.259 | J14: 7672.5026 | L14: 189 | M14: 116 | N14: 183
A15: 44753 | D15: 16509 | F15: 170.5 | H15: 28885.088 | J15: 6166.271 | L15: 138 | M15: 107 | N15: 165
A16: 44754 | D16: 16251 | F16: 166.2 | H16: 23438.264 | J16: 6124.8511 | L16: 139 | M16: 99 | N16: 150
... A35: 44773 | D35: 16958 | F35: 170.7 | H35: 38427.241 | J35: 6375.8156 | L35: 177 | M35: 100 | N35: 181
C38: =SUM(C5:C37) -> 0 | E38: =SUM(E5:E37) -> 0 | G38: =SUM(G5:G37) -> 0 | I38: =SUM(I5:I37) -> 0 | K38: =SUM(K5:K37) -> 0 | M38: =SUM(M5:M37) -> 3295 | N38: =SUM(N5:N37) -> 5907
