Workbook

Sheet Total
A1: Site Name | B1: Day | C1: Month | D1: Year | E1: Total Electricity Kwh | F1: Electricity Tariff ($/Kwh) | G1: Natual Gas (m3) | H1: Natural Gas $/m3 | I1: Water Utility Supply (m3) m3 | J1: Water Utility Supply (m3) $/m3 | K1: Room Nights | L1: Total Guests
A2: Kuala Lumpur | B2: 1 | C2: 2 | D2: 2021 | E2: =Submetering!E2+Submetering!F2+Submetering!G2+Submetering!H2 -> 19929 | F2: 0.365 | G2: =Submetering!I2+Submetering!J2+Submetering!K2 -> 18 | H2: =(1/22.25)*30.3 -> 1.3617978 | I2: =Submetering!L2 -> 6 | J2: 2.28 | K2: 29 | L2: 51
A3: Kuala Lumpur | B3: 2 | C3: 2 | D3: 2021 | E3: =Submetering!E3+Submetering!F3+Submetering!G3+Submetering!H3 -> 20628 | F3: 0.365 | G3: =Submetering!I3+Submetering!J3+Submetering!K3 -> 7 | H3: =(1/22.25)*30.3 -> 1.3617978 | I3: =Submetering!L3 -> 156 | J3: 2.28 | K3: 28 | L3: 51
A4: Kuala Lumpur | B4: 3 | C4: 2 | D4: 2021 | E4: =Submetering!E4+Submetering!F4+Submetering!G4+Submetering!H4 -> 20672 | F4: 0.365 | G4: =Submetering!I4+Submetering!J4+Submetering!K4 -> 5 | H4: =(1/22.25)*30.3 -> 1.3617978 | I4: =Submetering!L4 -> 123 | J4: 2.28 | K4: 28 | L4: 51
A5: Kuala Lumpur | B5: 4 | C5: 2 | D5: 2021 | E5: =Submetering!E5+Submetering!F5+Submetering!G5+Submetering!H5 -> 20494 | F5: 0.365 | G5: =Submetering!I5+Submetering!J5+Submetering!K5 -> 19 | H5: =(1/22.25)*30.3 -> 1.3617978 | I5: =Submetering!L5 -> 203 | J5: 2.28 | K5: 29 | L5: 52
A6: Kuala Lumpur | B6: 5 | C6: 2 | D6: 2021 | E6: =Submetering!E6+Submetering!F6+Submetering!G6+Submetering!H6 -> 20766 | F6: 0.365 | G6: =Submetering!I6+Submetering!J6+Submetering!K6 -> 7 | H6: =(1/22.25)*30.3 -> 1.3617978 | I6: =Submetering!L6 -> 53 | J6: 2.28 | K6: 30 | L6: 54
A7: Kuala Lumpur | B7: 6 | C7: 2 | D7: 2021 | E7: =Submetering!E7+Submetering!F7+Submetering!G7+Submetering!H7 -> 21628 | F7: 0.365 | G7: =Submetering!I7+Submetering!J7+Submetering!K7 -> 9 | H7: =(1/22.25)*30.3 -> 1.3617978 | I7: =Submetering!L7 -> 139 | J7: 2.28 | K7: 33 | L7: 61
A8: Kuala Lumpur | B8: 7 | C8: 2 | D8: 2021 | E8: =Submetering!E8+Submetering!F8+Submetering!G8+Submetering!H8 -> 21303 | F8: 0.365 | G8: =Submetering!I8+Submetering!J8+Submetering!K8 -> 31 | H8: =(1/22.25)*30.3 -> 1.3617978 | I8: =Submetering!L8 -> 164 | J8: 2.28 | K8: 27 | L8: 47
A9: Kuala Lumpur | B9: 8 | C9: 2 | D9: 2021 | E9: =Submetering!E9+Submetering!F9+Submetering!G9+Submetering!H9 -> 21875 | F9: 0.365 | G9: =Submetering!I9+Submetering!J9+Submetering!K9 -> 20 | H9: =(1/22.25)*30.3 -> 1.3617978 | I9: =Submetering!L9 -> 61 | J9: 2.28 | K9: 30 | L9: 54
A10: Kuala Lumpur | B10: 9 | C10: 2 | D10: 2021 | E10: =Submetering!E10+Submetering!F10+Submetering!G10+Submetering!H10 -> 22908 | F10: 0.365 | G10: =Submetering!I10+Submetering!J10+Submetering!K10 -> 44 | H10: =(1/22.25)*30.3 -> 1.3617978 | I10: =Submetering!L10 -> 169 | J10: 2.28 | K10: 31 | L10: 58
A11: Kuala Lumpur | B11: 10 | C11: 2 | D11: 2021 | E11: =Submetering!E11+Submetering!F11+Submetering!G11+Submetering!H11 -> 24439 | F11: 0.365 | G11: =Submetering!I11+Submetering!J11+Submetering!K11 -> 98 | H11: =(1/22.25)*30.3 -> 1.3617978 | I11: =Submetering!L11 -> 66 | J11: 2.28 | K11: 31 | L11: 59
A12: Kuala Lumpur | B12: 11 | C12: 2 | D12: 2021 | E12: =Submetering!E12+Submetering!F12+Submetering!G12+Submetering!H12 -> 25085 | F12: 0.365 | G12: =Submetering!I12+Submetering!J12+Submetering!K12 -> 129 | H12: =(1/22.25)*30.3 -> 1.3617978 | I12: =Submetering!L12 -> 215 | J12: 2.28 | K12: 38 | L12: 74
A13: Kuala Lumpur | B13: 12 | C13: 2 | D13: 2021 | E13: =Submetering!E13+Submetering!F13+Submetering!G13+Submetering!H13 -> 25697 | F13: 0.365 | G13: =Submetering!I13+Submetering!J13+Submetering!K13 -> 128 | H13: =(1/22.25)*30.3 -> 1.3617978 | I13: =Submetering!L13 -> 169 | J13: 2.28 | K13: 48 | L13: 100
... A29: Kuala Lumpur | B29: 28 | C29: 2 | D29: 2021 | E29: =Submetering!E29+Submetering!F29+Submetering!G29+Submetering!H29 -> 33382 | F29: 0.365 | G29: =Submetering!I29+Submetering!J29+Submetering!K29 -> 226 | H29: =(1/22.25)*30.3 -> 1.3617978 | I29: =Submetering!L29 -> 287 | J29: 2.28 | K29: 32 | L29: 56

Sheet Submetering
A1: Site Name | B1: Day | C1: Month | D1: Year | E1: ELEC TX1 LBS-1 (Guest Rooms) | F1: ELEC TX2-2 (Public Area) | G1: Chiller TX3 LBS - 3 (Main Chillers) | H1: Chiller TX4 LBS - 4 (Main Chillers) | I1: Gas Supply (6B Floor) | J1: Gas Supply (6A Floor) | K1: Gas Supply (5B Floor) | L1: Water Supply | M1: Room Nights
A2: Kuala Lumpur | B2: 1 | C2: 2 | D2: 2021 | E2: ='Daily Meter Reading'!C3 -> 8596 | F2: ='Daily Meter Reading'!E3 -> 3923 | G2: ='Daily Meter Reading'!G3 -> 1921 | H2: ='Daily Meter Reading'!I3 -> 5489 | I2: ='Daily Meter Reading'!K3 -> 18 | J2: ='Daily Meter Reading'!M3 -> 0 | K2: ='Daily Meter Reading'!O3 -> 0 | L2: ='Daily Meter Reading'!Q3 -> 6 | M2: 29
A3: Kuala Lumpur | B3: 2 | C3: 2 | D3: 2021 | E3: ='Daily Meter Reading'!C4 -> 8837 | F3: ='Daily Meter Reading'!E4 -> 4096 | G3: ='Daily Meter Reading'!G4 -> 1917 | H3: ='Daily Meter Reading'!I4 -> 5778 | I3: ='Daily Meter Reading'!K4 -> 7 | J3: ='Daily Meter Reading'!M4 -> 0 | K3: ='Daily Meter Reading'!O4 -> 0 | L3: ='Daily Meter Reading'!Q4 -> 156 | M3: 28
A4: Kuala Lumpur | B4: 3 | C4: 2 | D4: 2021 | E4: ='Daily Meter Reading'!C5 -> 8810 | F4: ='Daily Meter Reading'!E5 -> 4159 | G4: ='Daily Meter Reading'!G5 -> 1934 | H4: ='Daily Meter Reading'!I5 -> 5769 | I4: ='Daily Meter Reading'!K5 -> 5 | J4: ='Daily Meter Reading'!M5 -> 0 | K4: ='Daily Meter Reading'!O5 -> 0 | L4: ='Daily Meter Reading'!Q5 -> 123 | M4: 28
A5: Kuala Lumpur | B5: 4 | C5: 2 | D5: 2021 | E5: ='Daily Meter Reading'!C6 -> 8793 | F5: ='Daily Meter Reading'!E6 -> 4522 | G5: ='Daily Meter Reading'!G6 -> 1893 | H5: ='Daily Meter Reading'!I6 -> 5286 | I5: ='Daily Meter Reading'!K6 -> 19 | J5: ='Daily Meter Reading'!M6 -> 0 | K5: ='Daily Meter Reading'!O6 -> 0 | L5: ='Daily Meter Reading'!Q6 -> 203 | M5: 29
A6: Kuala Lumpur | B6: 5 | C6: 2 | D6: 2021 | E6: ='Daily Meter Reading'!C7 -> 8754 | F6: ='Daily Meter Reading'!E7 -> 4670 | G6: ='Daily Meter Reading'!G7 -> 1892 | H6: ='Daily Meter Reading'!I7 -> 5450 | I6: ='Daily Meter Reading'!K7 -> 6 | J6: ='Daily Meter Reading'!M7 -> 0 | K6: ='Daily Meter Reading'!O7 -> 1 | L6: ='Daily Meter Reading'!Q7 -> 53 | M6: 30
A7: Kuala Lumpur | B7: 6 | C7: 2 | D7: 2021 | E7: ='Daily Meter Reading'!C8 -> 9171 | F7: ='Daily Meter Reading'!E8 -> 4418 | G7: ='Daily Meter Reading'!G8 -> 1946 | H7: ='Daily Meter Reading'!I8 -> 6093 | I7: ='Daily Meter Reading'!K8 -> 9 | J7: ='Daily Meter Reading'!M8 -> 0 | K7: ='Daily Meter Reading'!O8 -> 0 | L7: ='Daily Meter Reading'!Q8 -> 139 | M7: 33
A8: Kuala Lumpur | B8: 7 | C8: 2 | D8: 2021 | E8: ='Daily Meter Reading'!C9 -> 9195 | F8: ='Daily Meter Reading'!E9 -> 4344 | G8: ='Daily Meter Reading'!G9 -> 1399 | H8: ='Daily Meter Reading'!I9 -> 6365 | I8: ='Daily Meter Reading'!K9 -> 30 | J8: ='Daily Meter Reading'!M9 -> 0 | K8: ='Daily Meter Reading'!O9 -> 1 | L8: ='Daily Meter Reading'!Q9 -> 164 | M8: 27
A9: Kuala Lumpur | B9: 8 | C9: 2 | D9: 2021 | E9: ='Daily Meter Reading'!C10 -> 9489 | F9: ='Daily Meter Reading'!E10 -> 4572 | G9: ='Daily Meter Reading'!G10 -> 0 | H9: ='Daily Meter Reading'!I10 -> 7814 | I9: ='Daily Meter Reading'!K10 -> 20 | J9: ='Daily Meter Reading'!M10 -> 0 | K9: ='Daily Meter Reading'!O10 -> 0 | L9: ='Daily Meter Reading'!Q10 -> 61 | M9: 30
A10: Kuala Lumpur | B10: 9 | C10: 2 | D10: 2021 | E10: ='Daily Meter Reading'!C11 -> 9766 | F10: ='Daily Meter Reading'!E11 -> 4891 | G10: ='Daily Meter Reading'!G11 -> 0 | H10: ='Daily Meter Reading'!I11 -> 8251 | I10: ='Daily Meter Reading'!K11 -> 38 | J10: ='Daily Meter Reading'!M11 -> 0 | K10: ='Daily Meter Reading'!O11 -> 6 | L10: ='Daily Meter Reading'!Q11 -> 169 | M10: 31
A11: Kuala Lumpur | B11: 10 | C11: 2 | D11: 2021 | E11: ='Daily Meter Reading'!C12 -> 10216 | F11: ='Daily Meter Reading'!E12 -> 5416 | G11: ='Daily Meter Reading'!G12 -> 0 | H11: ='Daily Meter Reading'!I12 -> 8807 | I11: ='Daily Meter Reading'!K12 -> 98 | J11: ='Daily Meter Reading'!M12 -> 0 | K11: ='Daily Meter Reading'!O12 -> 0 | L11: ='Daily Meter Reading'!Q12 -> 66 | M11: 31
A12: Kuala Lumpur | B12: 11 | C12: 2 | D12: 2021 | E12: ='Daily Meter Reading'!C13 -> 10654 | F12: ='Daily Meter Reading'!E13 -> 5848 | G12: ='Daily Meter Reading'!G13 -> 0 | H12: ='Daily Meter Reading'!I13 -> 8583 | I12: ='Daily Meter Reading'!K13 -> 122 | J12: ='Daily Meter Reading'!M13 -> 0 | K12: ='Daily Meter Reading'!O13 -> 7 | L12: ='Daily Meter Reading'!Q13 -> 215 | M12: 38
A13: Kuala Lumpur | B13: 12 | C13: 2 | D13: 2021 | E13: ='Daily Meter Reading'!C14 -> 10359 | F13: ='Daily Meter Reading'!E14 -> 6133 | G13: ='Daily Meter Reading'!G14 -> 464 | H13: ='Daily Meter Reading'!I14 -> 8741 | I13: ='Daily Meter Reading'!K14 -> 126 | J13: ='Daily Meter Reading'!M14 -> 0 | K13: ='Daily Meter Reading'!O14 -> 2 | L13: ='Daily Meter Reading'!Q14 -> 169 | M13: 48
... A29: Kuala Lumpur | B29: 28 | C29: 2 | D29: 2021 | E29: ='Daily Meter Reading'!C30 -> 10460 | F29: ='Daily Meter Reading'!E30 -> 9069 | G29: ='Daily Meter Reading'!G30 -> 3954 | H29: ='Daily Meter Reading'!I30 -> 9899 | I29: ='Daily Meter Reading'!K30 -> 126 | J29: ='Daily Meter Reading'!M30 -> 0 | K29: ='Daily Meter Reading'!O30 -> 100 | L29: ='Daily Meter Reading'!Q30 -> 287 | M29: 32

Sheet Daily Meter Reading
A1: Day | B1: ELEC TX1 LBS-1 (Guest Rooms) KWH | D1: ELEC TX2-2 (Public Area) KWH | F1: Chiller TX3 LBS - 3 (Main Chillers) KWH | H1: Chiller TX4 LBS - 4 (Main Chillers) KWH | J1: GAS 6B Floor M3 | L1: GAS 6A Floor M3 | N1: GAS 5B Floor M3 | P1: Water Supply M3
A2: Date | B2: Reading KWH | C2: Difference KWH | D2: Reading KWH | E2: Difference KWH | F2: Reading KWH | G2: Difference KWH | H2: Reading KWH | I2: Difference KWH | J2: Reading M3 | K2: Difference M3 | L2: Reading M3 | M2: Difference M3 | N2: Reading M3 | O2: Difference M3 | P2: Reading M3 | Q2: Difference M3
A3: 1 | B3: 3463353 | C3: =B4-B3 -> 8596 | D3: 2153848 | E3: =D4-D3 -> 3923 | F3: 905921 | G3: =F4-F3 -> 1921 | H3: 2617608 | I3: =H4-H3 -> 5489 | J3: 86275 | K3: =J4-J3 -> 18 | L3: 13068 | M3: =L4-L3 -> 0 | N3: 127065 | O3: =N4-N3 -> 0 | P3: 287810 | Q3: =P4-P3 -> 6
A4: 2 | B4: 3471949 | C4: =B5-B4 -> 8837 | D4: 2157771 | E4: =D5-D4 -> 4096 | F4: 907842 | G4: =F5-F4 -> 1917 | H4: 2623097 | I4: =H5-H4 -> 5778 | J4: 86293 | K4: =J5-J4 -> 7 | L4: 13068 | M4: =L5-L4 -> 0 | N4: 127065 | O4: =N5-N4 -> 0 | P4: 287816 | Q4: =P5-P4 -> 156
A5: 3 | B5: 3480786 | C5: =B6-B5 -> 8810 | D5: 2161867 | E5: =D6-D5 -> 4159 | F5: 909759 | G5: =F6-F5 -> 1934 | H5: 2628875 | I5: =H6-H5 -> 5769 | J5: 86300 | K5: =J6-J5 -> 5 | L5: 13068 | M5: =L6-L5 -> 0 | N5: 127065 | O5: =N6-N5 -> 0 | P5: 287972 | Q5: =P6-P5 -> 123
A6: 4 | B6: 3489596 | C6: =B7-B6 -> 8793 | D6: 2166026 | E6: =D7-D6 -> 4522 | F6: 911693 | G6: =F7-F6 -> 1893 | H6: 2634644 | I6: =H7-H6 -> 5286 | J6: 86305 | K6: =J7-J6 -> 19 | L6: 13068 | M6: =L7-L6 -> 0 | N6: 127065 | O6: =N7-N6 -> 0 | P6: 288095 | Q6: =P7-P6 -> 203
A7: 5 | B7: 3498389 | C7: =B8-B7 -> 8754 | D7: 2170548 | E7: =D8-D7 -> 4670 | F7: 913586 | G7: =F8-F7 -> 1892 | H7: 2639930 | I7: =H8-H7 -> 5450 | J7: 86324 | K7: =SUM(J8-J7) -> 6 | L7: 13068 | M7: =L8-L7 -> 0 | N7: 127065 | O7: =N8-N7 -> 1 | P7: 288298 | Q7: =P8-P7 -> 53
A8: 6 | B8: 3507143 | C8: =B9-B8 -> 9171 | D8: 2175218 | E8: =D9-D8 -> 4418 | F8: 915478 | G8: =F9-F8 -> 1946 | H8: 2645380 | I8: =H9-H8 -> 6093 | J8: 86330 | K8: =SUM(J9-J8) -> 9 | L8: 13068 | M8: =L9-L8 -> 0 | N8: 127066 | O8: =N9-N8 -> 0 | P8: 288351 | Q8: =P9-P8 -> 139
A9: 7 | B9: 3516314 | C9: =B10-B9 -> 9195 | D9: 2179636 | E9: =D10-D9 -> 4344 | F9: 917424 | G9: =F10-F9 -> 1399 | H9: 2651473 | I9: =H10-H9 -> 6365 | J9: 86339 | K9: =SUM(J10-J9) -> 30 | L9: 13068 | M9: =L10-L9 -> 0 | N9: 127066 | O9: =N10-N9 -> 1 | P9: 288490 | Q9: =P10-P9 -> 164
A10: 8 | B10: 3525509 | C10: =B11-B10 -> 9489 | D10: 2183980 | E10: =D11-D10 -> 4572 | F10: 918823 | G10: =F11-F10 -> 0 | H10: 2657838 | I10: =H11-H10 -> 7814 | J10: 86369 | K10: =SUM(J11-J10) -> 20 | L10: 13068 | M10: =L11-L10 -> 0 | N10: 127067 | O10: =N11-N10 -> 0 | P10: 288654 | Q10: =P11-P10 -> 61
A11: 9 | B11: 3534998 | C11: =B12-B11 -> 9766 | D11: 2188552 | E11: =D12-D11 -> 4891 | F11: 918823 | G11: =F12-F11 -> 0 | H11: 2665652 | I11: =H12-H11 -> 8251 | J11: 86389 | K11: =SUM(J12-J11) -> 38 | L11: 13068 | M11: =L12-L11 -> 0 | N11: 127067 | O11: =N12-N11 -> 6 | P11: 288715 | Q11: =P12-P11 -> 169
A12: 10 | B12: 3544764 | C12: =B13-B12 -> 10216 | D12: 2193443 | E12: =D13-D12 -> 5416 | F12: 918823 | G12: =F13-F12 -> 0 | H12: 2673903 | I12: =H13-H12 -> 8807 | J12: 86427 | K12: =SUM(J13-J12) -> 98 | L12: 13068 | M12: =L13-L12 -> 0 | N12: 127073 | O12: =N13-N12 -> 0 | P12: 288884 | Q12: =P13-P12 -> 66
A13: 11 | B13: 3554980 | C13: =B14-B13 -> 10654 | D13: 2198859 | E13: =D14-D13 -> 5848 | F13: 918823 | G13: =F14-F13 -> 0 | H13: 2682710 | I13: =H14-H13 -> 8583 | J13: 86525 | K13: =SUM(J14-J13) -> 122 | L13: 13068 | M13: =L14-L13 -> 0 | N13: 127073 | O13: =N14-N13 -> 7 | P13: 288950 | Q13: =P14-P13 -> 215
A14: 12 | B14: 3565634 | C14: =B15-B14 -> 10359 | D14: 2204707 | E14: =D15-D14 -> 6133 | F14: 918823 | G14: =F15-F14 -> 464 | H14: 2691293 | I14: =H15-H14 -> 8741 | J14: 86647 | K14: =SUM(J15-J14) -> 126 | L14: 13068 | M14: =L15-L14 -> 0 | N14: 127080 | O14: =N15-N14 -> 2 | P14: 289165 | Q14: =P15-P14 -> 169
A15: 13 | B15: 3575993 | C15: =B16-B15 -> 10728 | D15: 2210840 | E15: =D16-D15 -> 5627 | F15: 919287 | G15: =F16-F15 -> 697 | H15: 2700034 | I15: =H16-H15 -> 8864 | J15: 86773 | K15: =SUM(J16-J15) -> 102 | L15: 13068 | M15: =L16-L15 -> 0 | N15: 127082 | O15: =N16-N15 -> 10 | P15: 289334 | Q15: =P16-P15 -> 213
A16: 14 | B16: 3586721 | C16: =B17-B16 -> 10759 | D16: 2216467 | E16: =D17-D16 -> 5642 | F16: 919984 | G16: =F17-F16 -> 931 | H16: 2708898 | I16: =H17-H16 -> 8860 | J16: 86875 | K16: =SUM(J17-J16) -> 107 | L16: 13068 | M16: =L17-L16 -> 0 | N16: 127092 | O16: =N17-N16 -> 6 | P16: 289547 | Q16: =P17-P16 -> 72
A17: 15 | B17: 3597480 | C17: =B18-B17 -> 10754 | D17: 2222109 | E17: =D18-D17 -> 5732 | F17: 920915 | G17: =F18-F17 -> 680 | H17: 2717758 | I17: =H18-H17 -> 8780 | J17: 86982 | K17: =SUM(J18-J17) -> 98 | L17: 13068 | M17: =L18-L17 -> 0 | N17: 127098 | O17: =N18-N17 -> 0 | P17: 289619 | Q17: =P18-P17 -> 212
A18: 16 | B18: 3608234 | C18: =B19-B18 -> 10261 | D18: 2227841 | E18: =D19-D18 -> 5820 | F18: 921595 | G18: =F19-F18 -> 1477 | H18: 2726538 | I18: =H19-H18 -> 8591 | J18: 87080 | K18: =SUM(J19-J18) -> 90 | L18: 13068 | M18: =L19-L18 -> 0 | N18: 127098 | O18: =N19-N18 -> 50 | P18: 289831 | Q18: =P19-P18 -> 122
... A30: 28 | B30: 3732227 | C30: =B31-B30 -> 10460 | D30: 2304142 | E30: =D31-D30 -> 9069 | F30: 943290 | G30: =F31-F30 -> 3954 | H30: 2820601 | I30: =H31-H30 -> 9899 | J30: 88191 | K30: =SUM(J31-J30) -> 126 | L30: 13068 | M30: =L31-L30 -> 0 | N30: 128653 | O30: =N31-N30 -> 100 | P30: 291771 | Q30: =P31-P30 -> 287
A31: 1 | B31: 3742687 | D31: 2313211 | F31: 947244 | H31: 2830500 | J31: 88317 | L31: 13068 | N31: 128753 | P31: 292058
