Workbook

Sheet Bali Jimbaran_HEP_Daily (Total)
A1: Site Name | B1: Day | C1: Month | D1: Year | E1: Total Electricity Kwh | F1: Electricity Tariff ($/Kwh) | G1: LPG (Kg) | H1: LPG $/Kg | I1: Total Fuel Oil (Liter) | J1: Fuel Oil $/Liter | K1: Water Utility Supply (m3) m3 | L1: Water Utility Supply (m3) $/m3 | M1: Room Nights | N1: Total Guests
A2: Bali Jimbaran | B2: 1 | C2: 9 | D2: 2022 | E2: ='Localize Daily Bali Jimbaran'!P7 -> 13080 | F2: ='Localize Daily Bali Jimbaran'!O7/'Localize Daily Bali Jimbaran'!P7 -> 1265.5046 | G2: ='Localize Daily Bali Jimbaran'!AD7 -> 315.05492 | H2: ='Localize Daily Bali Jimbaran'!AE7/'Localize Daily Bali Jimbaran'!AD7 -> 17060 | I2: ='Localize Daily Bali Jimbaran'!AI7 -> 900.04 | J2: ='Localize Daily Bali Jimbaran'!AJ7/'Localize Daily Bali Jimbaran'!AI7 -> 19600 | K2: ='Localize Daily Bali Jimbaran'!Q7 -> 892 | L2: ='Localize Daily Bali Jimbaran'!V7/'Localize Daily Bali Jimbaran'!Q7 -> 6918.8611 | M2: ='Localize Daily Bali Jimbaran'!C7 -> 49 | N2: 259
A3: Bali Jimbaran | B3: 2 | C3: 9 | D3: 2022 | E3: ='Localize Daily Bali Jimbaran'!P8 -> 22080 | F3: ='Localize Daily Bali Jimbaran'!O8/'Localize Daily Bali Jimbaran'!P8 -> 1198.3946 | G3: ='Localize Daily Bali Jimbaran'!AD8 -> 206.95864 | H3: ='Localize Daily Bali Jimbaran'!AE8/'Localize Daily Bali Jimbaran'!AD8 -> 17060 | I3: ='Localize Daily Bali Jimbaran'!AI8 -> 609.65 | J3: ='Localize Daily Bali Jimbaran'!AJ8/'Localize Daily Bali Jimbaran'!AI8 -> 19600 | K3: ='Localize Daily Bali Jimbaran'!Q8 -> 783 | L3: ='Localize Daily Bali Jimbaran'!V8/'Localize Daily Bali Jimbaran'!Q8 -> 6560.1795 | M3: ='Localize Daily Bali Jimbaran'!C8 -> 53 | N3: 253
A4: Bali Jimbaran | B4: 3 | C4: 9 | D4: 2022 | E4: ='Localize Daily Bali Jimbaran'!P9 -> 21820 | F4: ='Localize Daily Bali Jimbaran'!O9/'Localize Daily Bali Jimbaran'!P9 -> 1189.7467 | G4: ='Localize Daily Bali Jimbaran'!AD9 -> 219.71708 | H4: ='Localize Daily Bali Jimbaran'!AE9/'Localize Daily Bali Jimbaran'!AD9 -> 16841.264 | I4: ='Localize Daily Bali Jimbaran'!AI9 -> 446.2 | J4: ='Localize Daily Bali Jimbaran'!AJ9/'Localize Daily Bali Jimbaran'!AI9 -> 19600 | K4: ='Localize Daily Bali Jimbaran'!Q9 -> 762 | L4: ='Localize Daily Bali Jimbaran'!V9/'Localize Daily Bali Jimbaran'!Q9 -> 6037.8971 | M4: ='Localize Daily Bali Jimbaran'!C9 -> 59 | N4: 120
A5: Bali Jimbaran | B5: 4 | C5: 9 | D5: 2022 | E5: ='Localize Daily Bali Jimbaran'!P10 -> 20920 | F5: ='Localize Daily Bali Jimbaran'!O10/'Localize Daily Bali Jimbaran'!P10 -> 1188.9437 | G5: ='Localize Daily Bali Jimbaran'!AD10 -> 191.6488 | H5: ='Localize Daily Bali Jimbaran'!AE10/'Localize Daily Bali Jimbaran'!AD10 -> 16976.41 | I5: ='Localize Daily Bali Jimbaran'!AI10 -> 474.42 | J5: ='Localize Daily Bali Jimbaran'!AJ10/'Localize Daily Bali Jimbaran'!AI10 -> 19600 | K5: ='Localize Daily Bali Jimbaran'!Q10 -> 790 | L5: ='Localize Daily Bali Jimbaran'!V10/'Localize Daily Bali Jimbaran'!Q10 -> 6193.5464 | M5: ='Localize Daily Bali Jimbaran'!C10 -> 67 | N5: 101
A6: Bali Jimbaran | B6: 5 | C6: 9 | D6: 2022 | E6: ='Localize Daily Bali Jimbaran'!P11 -> 20800 | F6: ='Localize Daily Bali Jimbaran'!O11/'Localize Daily Bali Jimbaran'!P11 -> 1196.3259 | G6: ='Localize Daily Bali Jimbaran'!AD11 -> 149.07284 | H6: ='Localize Daily Bali Jimbaran'!AE11/'Localize Daily Bali Jimbaran'!AD11 -> 16952.536 | I6: ='Localize Daily Bali Jimbaran'!AI11 -> 553.02 | J6: ='Localize Daily Bali Jimbaran'!AJ11/'Localize Daily Bali Jimbaran'!AI11 -> 19600 | K6: ='Localize Daily Bali Jimbaran'!Q11 -> 692 | L6: ='Localize Daily Bali Jimbaran'!V11/'Localize Daily Bali Jimbaran'!Q11 -> 6261.1385 | M6: ='Localize Daily Bali Jimbaran'!C11 -> 74 | N6: 113
A7: Bali Jimbaran | B7: 6 | C7: 9 | D7: 2022 | E7: ='Localize Daily Bali Jimbaran'!P12 -> 20520 | F7: ='Localize Daily Bali Jimbaran'!O12/'Localize Daily Bali Jimbaran'!P12 -> 1193.0399 | G7: ='Localize Daily Bali Jimbaran'!AD12 -> 177.82932 | H7: ='Localize Daily Bali Jimbaran'!AE12/'Localize Daily Bali Jimbaran'!AD12 -> 16879.827 | I7: ='Localize Daily Bali Jimbaran'!AI12 -> 375.5 | J7: ='Localize Daily Bali Jimbaran'!AJ12/'Localize Daily Bali Jimbaran'!AI12 -> 19600 | K7: ='Localize Daily Bali Jimbaran'!Q12 -> 717 | L7: ='Localize Daily Bali Jimbaran'!V12/'Localize Daily Bali Jimbaran'!Q12 -> 5951.5933 | M7: ='Localize Daily Bali Jimbaran'!C12 -> 77 | N7: 135
A8: Bali Jimbaran | B8: 7 | C8: 9 | D8: 2022 | E8: ='Localize Daily Bali Jimbaran'!P13 -> 21240 | F8: ='Localize Daily Bali Jimbaran'!O13/'Localize Daily Bali Jimbaran'!P13 -> 1192.0248 | G8: ='Localize Daily Bali Jimbaran'!AD13 -> 213.19172 | H8: ='Localize Daily Bali Jimbaran'!AE13/'Localize Daily Bali Jimbaran'!AD13 -> 16834.569 | I8: ='Localize Daily Bali Jimbaran'!AI13 -> 599.87 | J8: ='Localize Daily Bali Jimbaran'!AJ13/'Localize Daily Bali Jimbaran'!AI13 -> 19600 | K8: ='Localize Daily Bali Jimbaran'!Q13 -> 844 | L8: ='Localize Daily Bali Jimbaran'!V13/'Localize Daily Bali Jimbaran'!Q13 -> 7087.7731 | M8: ='Localize Daily Bali Jimbaran'!C13 -> 72 | N8: 163
A9: Bali Jimbaran | B9: 8 | C9: 9 | D9: 2022 | E9: ='Localize Daily Bali Jimbaran'!P14 -> 23020 | F9: ='Localize Daily Bali Jimbaran'!O14/'Localize Daily Bali Jimbaran'!P14 -> 1201.4283 | G9: ='Localize Daily Bali Jimbaran'!AD14 -> 215.77996 | H9: ='Localize Daily Bali Jimbaran'!AE14/'Localize Daily Bali Jimbaran'!AD14 -> 17060 | I9: ='Localize Daily Bali Jimbaran'!AI14 -> 537.92 | J9: ='Localize Daily Bali Jimbaran'!AJ14/'Localize Daily Bali Jimbaran'!AI14 -> 19600 | K9: ='Localize Daily Bali Jimbaran'!Q14 -> 624 | L9: ='Localize Daily Bali Jimbaran'!V14/'Localize Daily Bali Jimbaran'!Q14 -> 4773.63 | M9: ='Localize Daily Bali Jimbaran'!C14 -> 92 | N9: 165
A10: Bali Jimbaran | B10: 9 | C10: 9 | D10: 2022 | E10: ='Localize Daily Bali Jimbaran'!P15 -> 20940 | F10: ='Localize Daily Bali Jimbaran'!O15/'Localize Daily Bali Jimbaran'!P15 -> 1194.56 | G10: ='Localize Daily Bali Jimbaran'!AD15 -> 278.19872 | H10: ='Localize Daily Bali Jimbaran'!AE15/'Localize Daily Bali Jimbaran'!AD15 -> 17060 | I10: ='Localize Daily Bali Jimbaran'!AI15 -> 623.6 | J10: ='Localize Daily Bali Jimbaran'!AJ15/'Localize Daily Bali Jimbaran'!AI15 -> 19600 | K10: ='Localize Daily Bali Jimbaran'!Q15 -> 888 | L10: ='Localize Daily Bali Jimbaran'!V15/'Localize Daily Bali Jimbaran'!Q15 -> 6601.5748 | M10: ='Localize Daily Bali Jimbaran'!C15 -> 92 | N10: 160
A11: Bali Jimbaran | B11: 10 | C11: 9 | D11: 2022 | E11: ='Localize Daily Bali Jimbaran'!P16 -> 23600 | F11: ='Localize Daily Bali Jimbaran'!O16/'Localize Daily Bali Jimbaran'!P16 -> 1179.275 | G11: ='Localize Daily Bali Jimbaran'!AD16 -> 171.10944 | H11: ='Localize Daily Bali Jimbaran'!AE16/'Localize Daily Bali Jimbaran'!AD16 -> 17060 | I11: ='Localize Daily Bali Jimbaran'!AI16 -> 489.65 | J11: ='Localize Daily Bali Jimbaran'!AJ16/'Localize Daily Bali Jimbaran'!AI16 -> 19600 | K11: ='Localize Daily Bali Jimbaran'!Q16 -> 613 | L11: ='Localize Daily Bali Jimbaran'!V16/'Localize Daily Bali Jimbaran'!Q16 -> 6560.4819 | M11: ='Localize Daily Bali Jimbaran'!C16 -> 69 | N11: 133
A12: Bali Jimbaran | B12: 11 | C12: 9 | D12: 2022 | E12: ='Localize Daily Bali Jimbaran'!P17 -> 17700 | F12: ='Localize Daily Bali Jimbaran'!O17/'Localize Daily Bali Jimbaran'!P17 -> 1204.9281 | G12: ='Localize Daily Bali Jimbaran'!AD17 -> 168.69264 | H12: ='Localize Daily Bali Jimbaran'!AE17/'Localize Daily Bali Jimbaran'!AD17 -> 17060 | I12: ='Localize Daily Bali Jimbaran'!AI17 -> 518.35 | J12: ='Localize Daily Bali Jimbaran'!AJ17/'Localize Daily Bali Jimbaran'!AI17 -> 19600 | K12: ='Localize Daily Bali Jimbaran'!Q17 -> 788 | L12: ='Localize Daily Bali Jimbaran'!V17/'Localize Daily Bali Jimbaran'!Q17 -> 7737.9016 | M12: ='Localize Daily Bali Jimbaran'!C17 -> 62 | N12: 115
A13: Bali Jimbaran | B13: 12 | C13: 9 | D13: 2022 | E13: ='Localize Daily Bali Jimbaran'!P18 -> 20540 | F13: ='Localize Daily Bali Jimbaran'!O18/'Localize Daily Bali Jimbaran'!P18 -> 1192.9372 | G13: ='Localize Daily Bali Jimbaran'!AD18 -> 389.81608 | H13: ='Localize Daily Bali Jimbaran'!AE18/'Localize Daily Bali Jimbaran'!AD18 -> 16433.796 | I13: ='Localize Daily Bali Jimbaran'!AI18 -> 327.55 | J13: ='Localize Daily Bali Jimbaran'!AJ18/'Localize Daily Bali Jimbaran'!AI18 -> 19600 | K13: ='Localize Daily Bali Jimbaran'!Q18 -> 661 | L13: ='Localize Daily Bali Jimbaran'!V18/'Localize Daily Bali Jimbaran'!Q18 -> 7089.5709 | M13: ='Localize Daily Bali Jimbaran'!C18 -> 62 | N13: 107
... A31: Bali Jimbaran | B31: 30 | C31: 9 | D31: 2022 | E31: ='Localize Daily Bali Jimbaran'!P36 -> 28260 | F31: ='Localize Daily Bali Jimbaran'!O36/'Localize Daily Bali Jimbaran'!P36 -> 1162.6136 | G31: ='Localize Daily Bali Jimbaran'!AD36 -> 185.6068 | H31: ='Localize Daily Bali Jimbaran'!AE36/'Localize Daily Bali Jimbaran'!AD36 -> 16973.689 | I31: ='Localize Daily Bali Jimbaran'!AI36 -> 541.7 | J31: ='Localize Daily Bali Jimbaran'!AJ36/'Localize Daily Bali Jimbaran'!AI36 -> 19600 | K31: ='Localize Daily Bali Jimbaran'!Q36 -> 844 | L31: ='Localize Daily Bali Jimbaran'!V36/'Localize Daily Bali Jimbaran'!Q36 -> 7259.7702 | M31: ='Localize Daily Bali Jimbaran'!C36 -> 63 | N31: 169

Sheet Localize Daily Bali Jimbaran
B2: Four Seasons Resort Bali at Jimbaran Bay
B3: SEPTEMBER 2022
B4: Date | C4: Room Nights | D4: Food Covers | E4: ELECTRICITY Resort & Sundara | Q4: WATER | W4: GAS
E5: Electricity Resort | J5: Electricity - Sundara | O5: Sub Total (Resort & Sundara) Cost (IDR) | P5: Sub Total (Resort & Sundara), KWh | R5: Water (m3) | T5: Water (m3) | V5: Total Water Cost | W5: LPG | AF5: Diesel
E6: BASED LOAD KWh (from 10 pm - 6 pm) | F6: Cost (IDR) | G6: PEAK LOAD KWh (from 6 pm - 10 pm) | H6: Cost (IDR) | I6: Resort Cost (IDR) | J6: BASED LOAD KWh (from 10 pm - 6 pm) | K6: Cost (IDR) | L6: PEAK LOAD KWh (from 6 pm - 10 pm) | M6: Cost (IDR) | N6: Sundara Cost (IDR) | Q6: Water consumption (m3) | R6: Municipal Water (m3) | S6: Municipal Water cost (IDR) | T6: Deepwell Consumption (m3) | U6: Deepwell water Cost (IDR) | V6: IDR | W6: LPG Bulk (m3) | X6: 50 Kg IVD & TW (tube) | Y6: Sundara 50 kg (tube) | Z6: Jala 50 kg (tube) | AA6: Canteen and Comissary 50Kg (tube) | AB6: ALU 50 kg (tube) | AC6: 12 Kg (tube) | AD6: Total kg | AE6: IDR | AF6: Gasoline | AG6: Steam (liters) | AH6: Onsite Generators (liters) | AI6: Total liters | AJ6: IDR
B7: 1 | C7: 49 | D7: 583 | E7: 7760 | F7: 8439535.4 | G7: 3760 | H7: 6133889.2 | I7: =F7+H7 -> 14573425 | J7: 1040 | K7: 1131071.8 | L7: 520 | M7: 848303.82 | N7: =K7+M7 -> 1979375.6 | O7: =I7+N7 -> 16552800 | P7: =E7+G7+J7+L7 -> 13080 | Q7: =R7+T7 -> 892 | R7: 145 | S7: 2605722.5 | T7: 747 | U7: 3565901.6 | V7: =S7+U7 -> 6171624.1 | W7: 0 | X7: 126.55976 | Y7: 47.85264 | Z7: 100 | AA7: 40.64252 | AB7: 0 | AC7: 0 | AD7: =W7+X7+Y7+Z7+AA7+AB7+AC7 -> 315.05492 | AE7: 5374836.9 | AG7: 620.24 | AH7: 279.8 | AI7: =AG7+AH7 -> 900.04 | AJ7: 17640784
B8: 2 | C8: 53 | D8: 563 | E8: 15760 | F8: 17140087 | G8: 3960 | H8: 6460159.9 | I8: =F8+H8 -> 23600247 | J8: 1820 | K8: 1979375.6 | L8: 540 | M8: 880930.89 | N8: =K8+M8 -> 2860306.5 | O8: =I8+N8 -> 26460554 | P8: =E8+G8+J8+L8 -> 22080 | Q8: =R8+T8 -> 783 | R8: 106 | S8: 1904873 | T8: 677 | U8: 3231747.5 | V8: =S8+U8 -> 5136620.5 | W8: 0 | X8: 107.38648 | Y8: 71.37616 | AA8: 28.196 | AB8: 0 | AC8: 0 | AD8: =W8+X8+Y8+Z8+AA8+AB8+AC8 -> 206.95864 | AE8: 3530714.4 | AG8: 609.65 | AH8: 0 | AI8: =AG8+AH8 -> 609.65 | AJ8: 11949140
B9: 3 | C9: 59 | D9: 593 | E9: 15960 | F9: 17357601 | G9: 3600 | H9: 5872872.6 | I9: =F9+H9 -> 23230474 | J9: 1760 | K9: 1914121.4 | L9: 500 | M9: 815676.75 | N9: =K9+M9 -> 2729798.2 | O9: =I9+N9 -> 25960272 | P9: =E9+G9+J9+L9 -> 21820 | Q9: =R9+T9 -> 762 | R9: 73 | S9: 1311846.5 | T9: 689 | U9: 3289031.1 | V9: =S9+U9 -> 4600877.6 | W9: 0 | X9: 87.36732 | Y9: 71.01364 | AA9: 25.33612 | AB9: 0 | AC9: 36 | AD9: =W9+X9+Y9+Z9+AA9+AB9+AC9 -> 219.71708 | AE9: 3700313.4 | AG9: 435.8 | AH9: 10.4 | AI9: =AG9+AH9 -> 446.2 | AJ9: 8745520
B10: 4 | C10: 67 | D10: 619 | E10: 15360 | F10: 16705060 | G10: 3440 | H10: 5611856 | I10: =F10+H10 -> 22316916 | J10: 1660 | K10: 1805364.5 | L10: 460 | M10: 750422.61 | N10: =K10+M10 -> 2555787.1 | O10: =I10+N10 -> 24872703 | P10: =E10+G10+J10+L10 -> 20920 | Q10: =R10+T10 -> 790 | R10: 85 | S10: 1527492.5 | T10: 705 | U10: 3365409.1 | V10: =S10+U10 -> 4892901.7 | W10: 0 | X10: 92.48288 | Y10: 60.98392 | AA10: 26.182 | AB10: 0 | AC10: 12 | AD10: =W10+X10+Y10+Z10+AA10+AB10+AC10 -> 191.6488 | AE10: 3253508.5 | AG10: 474.42 | AH10: 0 | AI10: =AG10+AH10 -> 474.42 | AJ10: 9298632
B11: 5 | C11: 74 | D11: 681 | E11: 15080 | F11: 16400541 | G11: 3680 | H11: 6003380.9 | I11: =F11+H11 -> 22403921 | J11: 1560 | K11: 1696607.6 | L11: 480 | M11: 783049.68 | N11: =K11+M11 -> 2479657.3 | O11: =I11+N11 -> 24883579 | P11: =E11+G11+J11+L11 -> 20800 | Q11: =R11+T11 -> 692 | R11: 78 | S11: 1401699 | T11: 614 | U11: 2931008.8 | V11: =S11+U11 -> 4332707.8 | W11: 0 | X11: 79.1502 | Y11: 27.35012 | AA11: 30.57252 | AB11: 0 | AC11: 12 | AD11: =W11+X11+Y11+Z11+AA11+AB11+AC11 -> 149.07284 | AE11: 2527162.7 | AG11: 553.02 | AH11: 0 | AI11: =AG11+AH11 -> 553.02 | AJ11: 10839192
B12: 6 | C12: 77 | D12: 609 | E12: 14960 | F12: 16270032 | G12: 3560 | H12: 5807618.5 | I12: =F12+H12 -> 22077651 | J12: 1580 | K12: 1718359 | L12: 420 | M12: 685168.47 | N12: =K12+M12 -> 2403527.5 | O12: =I12+N12 -> 24481178 | P12: =E12+G12+J12+L12 -> 20520 | Q12: =R12+T12 -> 717 | R12: 64 | S12: 1150112 | T12: 653 | U12: 3117180.4 | V12: =S12+U12 -> 4267292.4 | W12: 0 | X12: 80.03636 | Y12: 48.81936 | AA12: 24.9736 | AB12: 0 | AC12: 24 | AD12: =W12+X12+Y12+Z12+AA12+AB12+AC12 -> 177.82932 | AE12: 3001728.2 | AG12: 375.5 | AH12: 0 | AI12: =AG12+AH12 -> 375.5 | AJ12: 7359800
B13: 7 | C13: 72 | D13: 616 | E13: 15480 | F13: 16835568 | G13: 3640 | H13: 5938126.7 | I13: =F13+H13 -> 22773695 | J13: 1680 | K13: 1827115.9 | L13: 440 | M13: 717795.54 | N13: =K13+M13 -> 2544911.5 | O13: =I13+N13 -> 25318606 | P13: =E13+G13+J13+L13 -> 21240 | Q13: =R13+T13 -> 844 | R13: 148 | S13: 2659634 | T13: 696 | U13: 3322446.5 | V13: =S13+U13 -> 5982080.5 | W13: 0 | X13: 104.728 | Y13: 52.7668 | AA13: 19.69692 | AB13: 0 | AC13: 36 | AD13: =W13+X13+Y13+Z13+AA13+AB13+AC13 -> 213.19172 | AE13: 3588990.7 | AG13: 599.87 | AH13: 0 | AI13: =AG13+AH13 -> 599.87 | AJ13: 11757452
B14: 8 | C14: 92 | D14: 648 | E14: 16560 | F14: 18010143 | G14: 4320 | H14: 7047447.1 | I14: =F14+H14 -> 25057590 | J14: 1640 | K14: 1783613.2 | L14: 500 | M14: 815676.75 | N14: =K14+M14 -> 2599289.9 | O14: =I14+N14 -> 27656880 | P14: =E14+G14+J14+L14 -> 23020 | Q14: =R14+T14 -> 624 | R14: 0 | S14: 0 | T14: 624 | U14: 2978745.1 | V14: =S14+U14 -> 2978745.1 | W14: 0 | X14: 129.33908 | Y14: 62.39372 | AA14: 24.04716 | AB14: 0 | AC14: 0 | AD14: =W14+X14+Y14+Z14+AA14+AB14+AC14 -> 215.77996 | AE14: 3681206.1 | AG14: 537.92 | AH14: 0 | AI14: =AG14+AH14 -> 537.92 | AJ14: 10543232
B15: 9 | C15: 92 | D15: 727 | E15: 15280 | F15: 16618054 | G15: 3680 | H15: 6003380.9 | I15: =F15+H15 -> 22621435 | J15: 1540 | K15: 1674856.3 | L15: 440 | M15: 717795.54 | N15: =K15+M15 -> 2392651.8 | O15: =I15+N15 -> 25014087 | P15: =E15+G15+J15+L15 -> 20940 | Q15: =R15+T15 -> 888 | R15: 123 | S15: 2210371.5 | T15: 765 | U15: 3651827 | V15: =S15+U15 -> 5862198.5 | W15: 0 | X15: 103.84184 | Y15: 48.5374 | Z15: 100 | AA15: 25.81948 | AB15: 0 | AC15: 0 | AD15: =W15+X15+Y15+Z15+AA15+AB15+AC15 -> 278.19872 | AE15: 4746070.2 | AG15: 623.6 | AH15: 0 | AI15: =AG15+AH15 -> 623.6 | AJ15: 12222560
B16: 10 | C16: 69 | D16: 670 | E16: 17920 | F16: 19489236 | G16: 3480 | H16: 5677110.2 | I16: =F16+H16 -> 25166347 | J16: 1700 | K16: 1848867.3 | L16: 500 | M16: 815676.75 | N16: =K16+M16 -> 2664544.1 | O16: =I16+N16 -> 27830891 | P16: =E16+G16+J16+L16 -> 23600 | Q16: =R16+T16 -> 613 | R16: 83 | S16: 1491551.5 | T16: 530 | U16: 2530023.9 | V16: =S16+U16 -> 4021575.4 | W16: 0 | X16: 90.4286 | Y16: 63.441 | AA16: 17.23984 | AB16: 0 | AC16: 0 | AD16: =W16+X16+Y16+Z16+AA16+AB16+AC16 -> 171.10944 | AE16: 2919127 | AG16: 425.35 | AH16: 64.3 | AI16: =AG16+AH16 -> 489.65 | AJ16: 9597140
B17: 11 | C17: 62 | D17: 616 | E17: 12360 | F17: 13442353 | G17: 3400 | H17: 5546601.9 | I17: =F17+H17 -> 18988955 | J17: 1520 | K17: 1653104.9 | L17: 420 | M17: 685168.47 | N17: =K17+M17 -> 2338273.3 | O17: =I17+N17 -> 21327228 | P17: =E17+G17+J17+L17 -> 17700 | Q17: =R17+T17 -> 788 | R17: 177 | S17: 3180778.5 | T17: 611 | U17: 2916687.9 | V17: =S17+U17 -> 6097466.4 | W17: 0 | X17: 95.42332 | Y17: 55.5864 | AA17: 17.68292 | AB17: 0 | AC17: 0 | AD17: =W17+X17+Y17+Z17+AA17+AB17+AC17 -> 168.69264 | AE17: 2877896.4 | AG17: 518.35 | AH17: 0 | AI17: =AG17+AH17 -> 518.35 | AJ17: 10159660
B18: 12 | C18: 62 | D18: 585 | E18: 15120 | F18: 16444043 | G18: 3560 | H18: 5807618.5 | I18: =F18+H18 -> 22251662 | J18: 1440 | K18: 1566099.4 | L18: 420 | M18: 685168.47 | N18: =K18+M18 -> 2251267.8 | O18: =I18+N18 -> 24502930 | P18: =E18+G18+J18+L18 -> 20540 | Q18: =R18+T18 -> 661 | R18: 116 | S18: 2084578 | T18: 545 | U18: 2601628.4 | V18: =S18+U18 -> 4686206.3 | W18: 181.54196 | X18: 96.51088 | Y18: 37.0576 | AA18: 26.70564 | AB18: 0 | AC18: 48 | AD18: =W18+X18+Y18+Z18+AA18+AB18+AC18 -> 389.81608 | AE18: 6406158.1 | AG18: 327.55 | AH18: 0 | AI18: =AG18+AH18 -> 327.55 | AJ18: 6419980
B19: 13 | C19: 51 | D19: 569 | E19: 14840 | F19: 16139524 | G19: 3360 | H19: 5481347.8 | I19: =F19+H19 -> 21620872 | J19: 1320 | K19: 1435591.1 | L19: 360 | M19: 587287.26 | N19: =K19+M19 -> 2022878.3 | O19: =I19+N19 -> 23643750 | P19: =E19+G19+J19+L19 -> 19880 | Q19: =R19+T19 -> 682 | R19: 61 | S19: 1096200.5 | T19: 621 | U19: 2964424.2 | V19: =S19+U19 -> 4060624.7 | W19: 355.91408 | X19: 88.57572 | Y19: 53.1696 | AA19: 25.5778 | AB19: 0 | AC19: 0 | AD19: =W19+X19+Y19+Z19+AA19+AB19+AC19 -> 523.2372 | AE19: 8573488 | AG19: 103.87 | AH19: 0 | AI19: =AG19+AH19 -> 103.87 | AJ19: 2035852
B20: 14 | C20: 71 | D20: 525 | E20: 15360 | F20: 16705060 | G20: 3800 | H20: 6199143.3 | I20: =F20+H20 -> 22904203 | J20: 1620 | K20: 1761861.8 | L20: 440 | M20: 717795.54 | N20: =K20+M20 -> 2479657.3 | O20: =I20+N20 -> 25383860 | P20: =E20+G20+J20+L20 -> 21220 | Q20: =R20+T20 -> 865 | R20: 157 | S20: 2821368.5 | T20: 708 | U20: 3379730 | V20: =S20+U20 -> 6201098.5 | W20: 469.34256 | X20: 98.16236 | Y20: 41.97176 | AA20: 24.08744 | AB20: 0 | AC20: 0 | AD20: =W20+X20+Y20+Z20+AA20+AB20+AC20 -> 633.56412 | AE20: 10343185 | AG20: 150.98 | AH20: 0 | AI20: =AG20+AH20 -> 150.98 | AJ20: 2959208
B21: 15 | C21: 73 | D21: 667 | E21: 15640 | F21: 17009579 | G21: 3680 | H21: 6003380.9 | I21: =F21+H21 -> 23012960 | J21: 1480 | K21: 1609602.1 | L21: 380 | M21: 619914.33 | N21: =K21+M21 -> 2229516.5 | O21: =I21+N21 -> 25242476 | P21: =E21+G21+J21+L21 -> 21180 | Q21: =R21+T21 -> 749 | R21: 91 | S21: 1635315.5 | T21: 658 | U21: 3141048.5 | V21: =S21+U21 -> 4776364 | W21: 440.4618 | X21: 104.64744 | Y21: 58.8088 | AA21: 27.67236 | AB21: 0 | AC21: 0 | AD21: =W21+X21+Y21+Z21+AA21+AB21+AC21 -> 631.5904 | AE21: 10338153 | AG21: 7.9 | AH21: 0 | AI21: =AG21+AH21 -> 7.9 | AJ21: 154840
B22: 16 | C22: 64 | D22: 656 | E22: 15120 | F22: 16444043 | G22: 3720 | H22: 6068635 | I22: =F22+H22 -> 22512678 | J22: 1560 | K22: 1696607.6 | L22: 460 | M22: 750422.61 | N22: =K22+M22 -> 2447030.2 | O22: =I22+N22 -> 24959709 | P22: =E22+G22+J22+L22 -> 20860 | Q22: =R22+T22 -> 693 | R22: 155 | S22: 2785427.5 | T22: 538 | U22: 2568212.9 | V22: =S22+U22 -> 5353640.4 | W22: 411.863 | X22: 100.25692 | Y22: 42.8982 | AA22: 31.4184 | AB22: 0 | AC22: 24 | AD22: =W22+X22+Y22+Z22+AA22+AB22+AC22 -> 610.43652 | AE22: 9973587.2 | AG22: 80.1 | AH22: 0 | AI22: =AG22+AH22 -> 80.1 | AJ22: 1569960
B23: 17 | C23: 57 | D23: 574 | E23: 15200 | F23: 16531049 | G23: 3560 | H23: 5807618.5 | I23: =F23+H23 -> 22338667 | J23: 1540 | K23: 1674856.3 | L23: 460 | M23: 750422.61 | N23: =K23+M23 -> 2425278.9 | O23: =I23+N23 -> 24763946 | P23: =E23+G23+J23+L23 -> 20760 | Q23: =R23+T23 -> 780 | R23: 147 | S23: 2641663.5 | T23: 633 | U23: 3021707.8 | V23: =S23+U23 -> 5663371.3 | W23: 405.70016 | X23: 70.32888 | Y23: 58.64768 | Z23: 100 | AA23: 18.89132 | AB23: 0 | AC23: 12 | AD23: =W23+X23+Y23+Z23+AA23+AB23+AC23 -> 665.56804 | AE23: 10936262 | AG23: 51.12 | AH23: 0 | AI23: =AG23+AH23 -> 51.12 | AJ23: 1001952
B24: 18 | C24: 50 | D24: 555 | E24: 15800 | F24: 17183590 | G24: 3760 | H24: 6133889.2 | I24: =F24+H24 -> 23317479 | J24: 1680 | K24: 1827115.9 | L24: 440 | M24: 717795.54 | N24: =K24+M24 -> 2544911.5 | O24: =I24+N24 -> 25862391 | P24: =E24+G24+J24+L24 -> 21680 | Q24: =R24+T24 -> 591 | R24: 177 | S24: 3180778.5 | T24: 414 | U24: 1976282.8 | V24: =S24+U24 -> 5157061.3 | W24: 255.45576 | X24: 97.23592 | Y24: 87.04508 | AA24: 22.79848 | AB24: 0 | AC24: 36 | AD24: =W24+X24+Y24+Z24+AA24+AB24+AC24 -> 498.53524 | AE24: 8203631 | AG24: 186.3 | AH24: 0 | AI24: =AG24+AH24 -> 186.3 | AJ24: 3651480
B25: 19 | C25: 43 | D25: 480 | E25: 15240 | F25: 16574552 | G25: 3800 | H25: 6199143.3 | I25: =F25+H25 -> 22773695 | J25: 1400 | K25: 1522596.6 | L25: 500 | M25: 815676.75 | N25: =K25+M25 -> 2338273.3 | O25: =I25+N25 -> 25111968 | P25: =E25+G25+J25+L25 -> 20940 | Q25: =R25+T25 -> 824 | R25: 136 | S25: 2443988 | T25: 688 | U25: 3284257.4 | V25: =S25+U25 -> 5728245.4 | W25: 299.079 | X25: 97.4776 | Y25: 60.37972 | AA25: 28.96132 | AB25: 8.2574 | AC25: 12 | AD25: =W25+X25+Y25+Z25+AA25+AB25+AC25 -> 506.15504 | AE25: 8322406.3 | AG25: 129.36 | AH25: 0 | AI25: =AG25+AH25 -> 129.36 | AJ25: 2535456
B26: 20 | C26: 44 | D26: 400 | E26: 15960 | F26: 17357601 | G26: 3560 | H26: 5807618.5 | I26: =F26+H26 -> 23165220 | J26: 1700 | K26: 1848867.3 | L26: 480 | M26: 783049.68 | N26: =K26+M26 -> 2631917 | O26: =I26+N26 -> 25797137 | P26: =E26+G26+J26+L26 -> 21700 | Q26: =R26+T26 -> 793 | R26: 142 | S26: 2551811 | T26: 651 | U26: 3107633.1 | V26: =S26+U26 -> 5659444.1 | W26: 174.89576 | X26: 95.50388 | Y26: 51.43756 | AA26: 21.71092 | AB26: 7.4518 | AC26: 36 | AD26: =W26+X26+Y26+Z26+AA26+AB26+AC26 -> 386.99992 | AE26: 6380725 | AG26: 372.52 | AH26: 0 | AI26: =AG26+AH26 -> 372.52 | AJ26: 7301392
B27: 21 | C27: 53 | D27: 522 | E27: 15800 | F27: 17183590 | G27: 3720 | H27: 6068635 | I27: =F27+H27 -> 23252225 | J27: 2020 | K27: 2196889.4 | L27: 540 | M27: 880930.89 | N27: =K27+M27 -> 3077820.3 | O27: =I27+N27 -> 26330045 | P27: =E27+G27+J27+L27 -> 22080 | Q27: =R27+T27 -> 680 | R27: 146 | S27: 2623693 | T27: 534 | U27: 2549118.4 | V27: =S27+U27 -> 5172811.4 | W27: 0 | X27: 90.34804 | Y27: 60.66168 | AA27: 24.9736 | AB27: 7.97544 | AC27: 24 | AD27: =W27+X27+Y27+Z27+AA27+AB27+AC27 -> 207.95876 | AE27: 3515736.4 | AG27: 197.51 | AH27: 0 | AI27: =AG27+AH27 -> 197.51 | AJ27: 3871196
B28: 22 | C28: 59 | D28: 560 | E28: 15840 | F28: 17227093 | G28: 3920 | H28: 6394905.7 | I28: =F28+H28 -> 23621999 | J28: 1740 | K28: 1892370.1 | L28: 500 | M28: 815676.75 | N28: =K28+M28 -> 2708046.8 | O28: =I28+N28 -> 26330045 | P28: =E28+G28+J28+L28 -> 22000 | Q28: =R28+T28 -> 550 | R28: 130 | S28: 2336165 | T28: 420 | U28: 2004924.6 | V28: =S28+U28 -> 4341089.6 | W28: 0 | X28: 92.8454 | Y28: 65.33416 | AA28: 24.85276 | AB28: 8.29768 | AC28: 12 | AD28: =W28+X28+Y28+Z28+AA28+AB28+AC28 -> 203.33 | AE28: 3452789.8 | AG28: 742.64 | AH28: 0 | AI28: =AG28+AH28 -> 742.64 | AJ28: 14555744
B29: 23 | C29: 63 | D29: 598 | E29: 16200 | F29: 17618618 | G29: 4120 | H29: 6721176.4 | I29: =F29+H29 -> 24339794 | J29: 1800 | K29: 1957624.2 | L29: 560 | M29: 913557.96 | N29: =K29+M29 -> 2871182.2 | O29: =I29+N29 -> 27210976 | P29: =E29+G29+J29+L29 -> 22680 | Q29: =R29+T29 -> 549 | R29: 140 | S29: 2515870 | T29: 409 | U29: 1952414.7 | V29: =S29+U29 -> 4468284.7 | W29: 0 | X29: 120.67888 | Y29: 43.18016 | AA29: 27.7932 | AB29: 8.21712 | AC29: 0 | AD29: =W29+X29+Y29+Z29+AA29+AB29+AC29 -> 199.86936 | AE29: 3409771.3 | AG29: 645.15 | AH29: 50.3 | AI29: =AG29+AH29 -> 695.45 | AJ29: 13630820
B30: 24 | C30: 67 | D30: 607 | E30: 17040 | F30: 18532176 | G30: 4120 | H30: 6721176.4 | I30: =F30+H30 -> 25253352 | J30: 1780 | K30: 1935872.8 | L30: 500 | M30: 815676.75 | N30: =K30+M30 -> 2751549.6 | O30: =I30+N30 -> 28004902 | P30: =E30+G30+J30+L30 -> 23440 | Q30: =R30+T30 -> 705 | R30: 128 | S30: 2300224 | T30: 577 | U30: 2754384.5 | V30: =S30+U30 -> 5054608.5 | W30: 0 | X30: 84.26576 | Y30: 57.23788 | AA30: 25.3764 | AB30: 8.8616 | AC30: 12 | AD30: =W30+X30+Y30+Z30+AA30+AB30+AC30 -> 187.74164 | AE30: 3186852.4 | AG30: 332.3 | AH30: 0.4 | AI30: =AG30+AH30 -> 332.7 | AJ30: 6520920
B31: 25 | C31: 55 | D31: 505 | E31: 16160 | F31: 17575115 | G31: 3760 | H31: 6133889.2 | I31: =F31+H31 -> 23709004 | J31: 1680 | K31: 1827115.9 | L31: 500 | M31: 815676.75 | N31: =K31+M31 -> 2642792.7 | O31: =I31+N31 -> 26351797 | P31: =E31+G31+J31+L31 -> 22100 | Q31: =R31+T31 -> 609 | R31: 164 | S31: 2947162 | T31: 445 | U31: 2124265.4 | V31: =S31+U31 -> 5071427.3 | W31: 0 | X31: 94.21492 | Y31: 76.49172 | Z31: 100 | AA31: 29.88776 | AB31: 7.6532 | AC31: 36 | AD31: =W31+X31+Y31+Z31+AA31+AB31+AC31 -> 344.2476 | AE31: 5824804.1 | AG31: 434.7 | AH31: 0 | AI31: =AG31+AH31 -> 434.7 | AJ31: 8520120
B32: 26 | C32: 53 | D32: 498 | E32: 15640 | F32: 17009579 | G32: 3840 | H32: 6264397.4 | I32: =F32+H32 -> 23273977 | J32: 1720 | K32: 1870618.7 | L32: 500 | M32: 815676.75 | N32: =K32+M32 -> 2686295.4 | O32: =I32+N32 -> 25960272 | P32: =E32+G32+J32+L32 -> 21700 | Q32: =R32+T32 -> 504 | R32: 141 | S32: 2533840.5 | T32: 363 | U32: 1732827.7 | V32: =S32+U32 -> 4266668.2 | W32: 7.12956 | X32: 65.93836 | Y32: 55.385 | AA32: 24.12772 | AB32: 8.53936 | AC32: 48 | AD32: =W32+X32+Y32+Z32+AA32+AB32+AC32 -> 209.12 | AE32: 3496437.2 | AG32: 467.12 | AH32: 0 | AI32: =AG32+AH32 -> 467.12 | AJ32: 9155552
B33: 27 | C33: 57 | D33: 524 | E33: 15000 | F33: 16313535 | G33: 3520 | H33: 5742364.3 | I33: =F33+H33 -> 22055899 | J33: 1280 | K33: 1392088.3 | L33: 480 | M33: 783049.68 | N33: =K33+M33 -> 2175138 | O33: =I33+N33 -> 24231037 | P33: =E33+G33+J33+L33 -> 20280 | Q33: =R33+T33 -> 745 | R33: 101 | S33: 1815020.5 | T33: 644 | U33: 3074217.7 | V33: =S33+U33 -> 4889238.2 | W33: 0 | X33: 97.55816 | Y33: 51.03476 | AA33: 23.60408 | AB33: 8.37824 | AD33: =W33+X33+Y33+Z33+AA33+AB33+AC33 -> 180.57524 | AE33: 3080613.6 | AG33: 628.76 | AH33: 0 | AI33: =AG33+AH33 -> 628.76 | AJ33: 12323696
B34: 28 | C34: 56 | D34: 622 | E34: 15240 | F34: 16574552 | G34: 3520 | H34: 5742364.3 | I34: =F34+H34 -> 22316916 | J34: 1720 | K34: 1870618.7 | L34: 540 | M34: 880930.89 | N34: =K34+M34 -> 2751549.6 | O34: =I34+N34 -> 25068465 | P34: =E34+G34+J34+L34 -> 21020 | Q34: =R34+T34 -> 811 | R34: 105 | S34: 1886902.5 | T34: 706 | U34: 3370182.8 | V34: =S34+U34 -> 5257085.3 | W34: 0 | X34: 93.57044 | Y34: 64.6494 | AA34: 25.85976 | AB34: 8.4588 | AC34: 12 | AD34: =W34+X34+Y34+Z34+AA34+AB34+AC34 -> 204.5384 | AE34: 3473405.1 | AG34: 397.95 | AH34: 0 | AI34: =AG34+AH34 -> 397.95 | AJ34: 7799820
B35: 29 | C35: 57 | D35: 548 | E35: 15480 | F35: 16835568 | G35: 3920 | H35: 6394905.7 | I35: =F35+H35 -> 23230474 | J35: 1600 | K35: 1740110.4 | L35: 520 | M35: 848303.82 | N35: =K35+M35 -> 2588414.2 | O35: =I35+N35 -> 25818888 | P35: =E35+G35+J35+L35 -> 21520 | Q35: =R35+T35 -> 793 | R35: 156 | S35: 2803398 | T35: 637 | U35: 3040802.3 | V35: =S35+U35 -> 5844200.3 | W35: 0 | X35: 112.90484 | Y35: 52.364 | AA35: 31.53924 | AB35: 8.53936 | AC35: 12 | AD35: =W35+X35+Y35+Z35+AA35+AB35+AC35 -> 217.34744 | AE35: 3691927.3 | AG35: 508.29 | AH35: 0 | AI35: =AG35+AH35 -> 508.29 | AJ35: 9962484
B36: 30 | C36: 63 | D36: 600 | E36: 22040 | F36: 23970021 | G36: 3440 | H36: 5611856 | I36: =F36+H36 -> 29581877 | J36: 2320 | K36: 2523160.1 | L36: 460 | M36: 750422.61 | N36: =K36+M36 -> 3273582.7 | O36: =I36+N36 -> 32855459 | P36: =E36+G36+J36+L36 -> 28260 | Q36: =R36+T36 -> 844 | R36: 159 | S36: 2857309.5 | T36: 685 | U36: 3269936.6 | V36: =S36+U36 -> 6127246.1 | W36: 0 | X36: 96.55116 | Y36: 46.84564 | AA36: 21.7512 | AB36: 8.4588 | AC36: 12 | AD36: =W36+X36+Y36+Z36+AA36+AB36+AC36 -> 185.6068 | AE36: 3150432 | AG36: 490.5 | AH36: 51.2 | AI36: =AG36+AH36 -> 541.7 | AJ36: 10617320
C42: =SUM(C7:C36) -> 1864 | D42: =SUM(D7:D36) -> 17520 | E42: =SUM(E7:E36) -> 465200 | F42: =SUM(F7:F36) -> 5.059371e+08 | G42: =SUM(G7:G36) -> 111200 | H42: =SUM(H7:H36) -> 1.8140651e+08 | I42: =SUM(I7:I36) -> 6.8734361e+08 | J42: =SUM(J7:J36) -> 48900 | ... AA42: =SUM(AA7:AA36) -> 767.97848 | AC42: =SUM(AC7:AC36) -> 456 | AD42: =SUM(AD7:AD36) -> 9293.4919 | AE42: =SUM(AE7:AE36) -> 1.5496192e+08 | AF42: =SUM(AF8:AF38) -> 0 | AG42: =SUM(AG7:AG36) -> 12028.34 | AH42: =SUM(AH7:AH36) -> 456.4 | AI42: =SUM(AI7:AI36) -> 12484.74 | AJ42: =SUM(AJ7:AJ36) -> 2.447009e+08
P44: =O42/P42 -> 1194.2411 | V44: =V42/Q42 -> 6971.3948 | AE44: =AE42/AD42 -> 16674.241 | AJ44: =AJ42/AI42 -> 19600
