Workbook

Sheet Sheet1
A1: Site Name | B1: Month | C1: Year | D1: Total (per Unit) bottles cans | E1: Total cost bottles cans | F1: Total (per Unit) cardboard | G1: Total cost cardboard | H1: Total (per Unit) paper | I1: Total cost paper | J1: Total (per Unit) mixed metal | K1: Total cost mixed metal | L1: Total (per Unit) aluminum | M1: Total cost aluminum | N1: Total (per Unit) other plastics | O1: Total cost other plastics | P1: Total (per Unit) soap bars | Q1: Total cost soap bars | R1: Total (per Unit) e waste | S1: Total cost e waste | T1: Total (per Unit) durable goods | U1: Total cost durable goods | V1: Total (per Unit) solid food waste | W1: Total cost solid food waste | X1: Total (per Unit) leftover food | Y1: Total cost leftover food | Z1: Total (per Unit) inedible parts | AA1: Total cost inedible parts | AB1: Total (per Unit) liquid food waste | AC1: Total cost liquid food waste | AD1: Total (per Unit) kitchen grease | AE1: Total cost kitchen grease | AF1: Total (per Unit) liquid hazardous waste | AG1: Total cost liquid hazardous waste | AH1: Total (per Unit) other hazardous waste | AI1: Total cost other hazardous waste | AJ1: Total (per Unit) batteries | AK1: Total cost batteries | AL1: Total (per Unit) light bulbs | AM1: Total cost light bulbs | AN1: Total (per Unit) textiles | AO1: Total cost textiles | AP1: Total (per Unit) paint | AQ1: Total cost paint | AR1: Total (per Unit) recyclable | AS1: Total cost recyclable | AT1: Total (per Unit) commingled recyclables | AU1: Total cost commingled recyclables | AV1: Total (per Unit) paper cardboard | AW1: Total cost paper cardboard | AX1: Total (per Unit) mixed metals | AY1: Total cost mixed metals | AZ1: Total (per Unit) plastics | BA1: Total cost plastics | BB1: Total (per Unit) biodegradable | BC1: Total cost biodegradable | BD1: Total (per Unit) food waste | BE1: Total cost food waste | BF1: Total (per Unit) hazardous waste | BG1: Total cost hazardous waste | BH1: Total (per Unit) universal waste | BI1: Total cost universal waste | BJ1: Total (per Unit) hazardous and universal waste | BK1: Total cost hazardous and universal waste | BL1: Total (per Unit) medical waste | BM1: Total cost medical waste | BN1: Total (per Unit) tin | BO1: Total cost tin
A2: Bali Jimbaran | B2: 1 | C2: 2020 | D2: 406.1 | E2: 0 | F2: 0 | G2: 0 | H2: 0 | I2: 0 | J2: 3335 | K2: 0 | L2: 0 | M2: 0 | N2: 1104 | O2: 0 | P2: 0 | Q2: 0 | R2: 0 | S2: 0 | T2: 0 | U2: 0 | V2: 11732 | W2: 8284726 | X2: 0 | Y2: 0 | Z2: 0 | AA2: 0 | AB2: 0 | AC2: 0 | AD2: 0 | AE2: 0 | AF2: 0 | AG2: 0 | AH2: 0 | AI2: 0 | AJ2: 0 | AK2: 0 | AL2: 0 | AM2: 0 | AN2: 0 | AO2: 0 | AP2: 0 | AQ2: 0 | AR2: 0 | AS2: 0 | AT2: 0 | AU2: 0 | AV2: 921.1 | AW2: 0 | AX2: 0 | AY2: 0 | AZ2: 0 | BA2: 0 | BB2: 16191 | BC2: 0 | BD2: 0 | BE2: 0 | BF2: 0 | BG2: 0 | BH2: 0 | BI2: 0 | BJ2: 0 | BK2: 0 | BL2: 0 | BM2: 0 | BN2: 0 | BO2: 0
A3: Bali Jimbaran | B3: 2 | C3: 2020 | D3: 124.8 | E3: 0 | F3: 0 | G3: 0 | H3: 0 | I3: 0 | J3: 2213 | K3: 0 | L3: 0 | M3: 0 | N3: 210 | O3: 0 | P3: 0 | Q3: 0 | R3: 0 | S3: 0 | T3: 0 | U3: 0 | V3: 11008 | W3: 8284726 | X3: 0 | Y3: 0 | Z3: 0 | AA3: 0 | AB3: 0 | AC3: 0 | AD3: 0 | AE3: 0 | AF3: 0 | AG3: 0 | AH3: 0 | AI3: 0 | AJ3: 0 | AK3: 0 | AL3: 0 | AM3: 0 | AN3: 0 | AO3: 0 | AP3: 0 | AQ3: 0 | AR3: 0 | AS3: 0 | AT3: 0 | AU3: 0 | AV3: 1173.3 | AW3: 0 | AX3: 0 | AY3: 0 | AZ3: 0 | BA3: 0 | BB3: 19048 | BC3: 0 | BD3: 0 | BE3: 0 | BF3: 0 | BG3: 0 | BH3: 0 | BI3: 0 | BJ3: 0 | BK3: 0 | BL3: 0 | BM3: 0 | BN3: 0 | BO3: 0
A4: Bali Jimbaran | B4: 3 | C4: 2020 | D4: 117.9 | E4: 0 | F4: 0 | G4: 0 | H4: 0 | I4: 0 | J4: 329.5 | K4: 0 | L4: 0 | M4: 0 | N4: 384.8 | O4: 0 | P4: 0 | Q4: 0 | R4: 0 | S4: 0 | T4: 0 | U4: 0 | V4: 2110 | W4: 8284726 | X4: 0 | Y4: 0 | Z4: 0 | AA4: 0 | AB4: 0 | AC4: 0 | AD4: 0 | AE4: 0 | AF4: 0 | AG4: 0 | AH4: 0 | AI4: 0 | AJ4: 0 | AK4: 0 | AL4: 0 | AM4: 0 | AN4: 0 | AO4: 0 | AP4: 0 | AQ4: 0 | AR4: 0 | AS4: 0 | AT4: 0 | AU4: 0 | AV4: 300.2 | AW4: 0 | AX4: 0 | AY4: 0 | AZ4: 0 | BA4: 0 | BB4: 19056 | BC4: 0 | BD4: 0 | BE4: 0 | BF4: 0 | BG4: 0 | BH4: 0 | BI4: 0 | BJ4: 0 | BK4: 0 | BL4: 0 | BM4: 0 | BN4: 0 | BO4: 0
A5: Bali Jimbaran | B5: 4 | C5: 2020 | D5: 28.6 | E5: 0 | F5: 0 | G5: 0 | H5: 0 | I5: 0 | J5: 33.4 | K5: 0 | L5: 0 | M5: 0 | N5: 16.4 | O5: 0 | P5: 0 | Q5: 0 | R5: 0 | S5: 0 | T5: 0 | U5: 0 | V5: 0 | W5: 0 | X5: 0 | Y5: 0 | Z5: 0 | AA5: 0 | AB5: 0 | AC5: 0 | AD5: 0 | AE5: 0 | AF5: 0 | AG5: 0 | AH5: 0 | AI5: 0 | AJ5: 0 | AK5: 0 | AL5: 0 | AM5: 0 | AN5: 0 | AO5: 0 | AP5: 0 | AQ5: 0 | AR5: 0 | AS5: 0 | AT5: 0 | AU5: 0 | AV5: 66.8 | AW5: 0 | AX5: 0 | AY5: 0 | AZ5: 0 | BA5: 0 | BB5: 5208 | BC5: 8284726 | BD5: 0 | BE5: 0 | BF5: 0 | BG5: 0 | BH5: 0 | BI5: 0 | BJ5: 0 | BK5: 0 | BL5: 0 | BM5: 0 | BN5: 0 | BO5: 0
A6: Bali Jimbaran | B6: 5 | C6: 2020 | D6: 29.1 | E6: 0 | F6: 0 | G6: 0 | H6: 0 | I6: 0 | J6: 22 | K6: 0 | L6: 0 | M6: 0 | N6: 14.2 | O6: 0 | P6: 0 | Q6: 0 | R6: 0 | S6: 0 | T6: 0 | U6: 0 | V6: 0 | W6: 0 | X6: 0 | Y6: 0 | Z6: 0 | AA6: 0 | AB6: 0 | AC6: 0 | AD6: 0 | AE6: 0 | AF6: 0 | AG6: 0 | AH6: 0 | AI6: 0 | AJ6: 0 | AK6: 0 | AL6: 0 | AM6: 0 | AN6: 0 | AO6: 0 | AP6: 0 | AQ6: 0 | AR6: 0 | AS6: 0 | AT6: 0 | AU6: 0 | AV6: 59.5 | AW6: 0 | AX6: 0 | AY6: 0 | AZ6: 0 | BA6: 0 | BB6: 6450 | BC6: 8284726 | BD6: 0 | BE6: 0 | BF6: 0 | BG6: 0 | BH6: 0 | BI6: 0 | BJ6: 0 | BK6: 0 | BL6: 0 | BM6: 0 | BN6: 0 | BO6: 0
A7: Bali Jimbaran | B7: 6 | C7: 2020 | D7: 24.6 | E7: 0 | F7: 0 | G7: 0 | H7: 0 | I7: 0 | J7: 31.9 | K7: 0 | L7: 0 | M7: 0 | N7: 86.5 | O7: 0 | P7: 0 | Q7: 0 | R7: 0 | S7: 0 | T7: 0 | U7: 0 | V7: 0 | W7: 0 | X7: 0 | Y7: 0 | Z7: 0 | AA7: 0 | AB7: 0 | AC7: 0 | AD7: 0 | AE7: 0 | AF7: 0 | AG7: 0 | AH7: 0 | AI7: 0 | AJ7: 0 | AK7: 0 | AL7: 0 | AM7: 0 | AN7: 0 | AO7: 0 | AP7: 0 | AQ7: 0 | AR7: 0 | AS7: 0 | AT7: 0 | AU7: 0 | AV7: 57.6 | AW7: 0 | AX7: 0 | AY7: 0 | AZ7: 0 | BA7: 0 | BB7: 5320 | BC7: 8284726 | BD7: 0 | BE7: 0 | BF7: 0 | BG7: 0 | BH7: 0 | BI7: 0 | BJ7: 0 | BK7: 0 | BL7: 0 | BM7: 0 | BN7: 0 | BO7: 0
A8: Bali Jimbaran | B8: 7 | C8: 2020 | D8: 130.9 | E8: 0 | F8: 0 | G8: 0 | H8: 0 | I8: 0 | J8: 376.9 | K8: 0 | L8: 0 | M8: 0 | N8: 209.5 | O8: 0 | P8: 0 | Q8: 0 | R8: 0 | S8: 0 | T8: 0 | U8: 0 | V8: 0 | W8: 0 | X8: 0 | Y8: 0 | Z8: 0 | AA8: 0 | AB8: 0 | AC8: 0 | AD8: 0 | AE8: 0 | AF8: 0 | AG8: 0 | AH8: 0 | AI8: 0 | AJ8: 0 | AK8: 0 | AL8: 0 | AM8: 0 | AN8: 0 | AO8: 0 | AP8: 0 | AQ8: 0 | AR8: 0 | AS8: 0 | AT8: 0 | AU8: 0 | AV8: 381.6 | AW8: 0 | AX8: 0 | AY8: 0 | AZ8: 0 | BA8: 0 | BB8: 6656 | BC8: 8284726 | BD8: 0 | BE8: 0 | BF8: 0 | BG8: 0 | BH8: 0 | BI8: 0 | BJ8: 0 | BK8: 0 | BL8: 0 | BM8: 0 | BN8: 0 | BO8: 0
A9: Bali Jimbaran | B9: 8 | C9: 2020
A10: Bali Jimbaran | B10: 9 | C10: 2020
A11: Bali Jimbaran | B11: 10 | C11: 2020
A12: Bali Jimbaran | B12: 11 | C12: 2020
A13: Bali Jimbaran | B13: 12 | C13: 2020

Sheet TOTAL
A1: Site Name | B1: Day | C1: Month | D1: Year | E1: Total (per Unit) bottles cans | F1: Total cost bottles cans | G1: Total (per Unit) cardboard | H1: Total cost cardboard | I1: Total (per Unit) paper | J1: Total cost paper | K1: Total (per Unit) mixed glass | L1: Total cost mixed glass | M1: Total (per Unit) aluminum | N1: Total cost aluminum | O1: Total (per Unit) other plastics | P1: Total cost other plastics | Q1: Total (per Unit) soap bars | R1: Total cost soap bars | S1: Total (per Unit) e waste | T1: Total cost e waste | U1: Total (per Unit) durable goods | V1: Total cost durable goods | W1: Total (per Unit) solid food waste | X1: Total cost solid food waste | Y1: Total (per Unit) leftover food | Z1: Total cost leftover food | AA1: Total (per Unit) inedible parts | AB1: Total cost inedible parts | AC1: Total (per Unit) liquid food waste | AD1: Total cost liquid food waste | AE1: Total (per Unit) kitchen grease | AF1: Total cost kitchen grease | AG1: Total (per Unit) liquid hazardous waste | AH1: Total cost liquid hazardous waste | AI1: Total (per Unit) other hazardous waste | AJ1: Total cost other hazardous waste | AK1: Total (per Unit) batteries | AL1: Total cost batteries | AM1: Total (per Unit) light bulbs | AN1: Total cost light bulbs | AO1: Total (per Unit) textiles | AP1: Total cost textiles | AQ1: Total (per Unit) paint | AR1: Total cost paint | AS1: Total (per Unit) recyclable | AT1: Total cost recyclable | AU1: Total (per Unit) commingled recyclables | AV1: Total cost commingled recyclables | AW1: Total (per Unit) paper cardboard | AX1: Total cost paper cardboard | AY1: Total (per Unit) mixed metals | AZ1: Total cost mixed metals | BA1: Total (per Unit) plastics | BB1: Total cost plastics | BC1: Total (per Unit) biodegradable | BD1: Total cost biodegradable | BE1: Total (per Unit) food waste | BF1: Total cost food waste | BG1: Total (per Unit) hazardous waste | BH1: Total cost hazardous waste | BI1: Total (per Unit) universal waste | BJ1: Total cost universal waste | BK1: Total (per Unit) hazardous and universal waste | BL1: Total cost hazardous and universal waste | BM1: Total (per Unit) medical waste | BN1: Total cost medical waste | BO1: Total (per Unit) tin | BP1: Total cost tin
A2: Bali Jimbaran | B2: 1 | C2: 7 | D2: 2020 | E2: ='FS Jimbaran'!M11 -> 6 | F2: ='FS Jimbaran'!N11 -> 0 | G2: 0 | H2: ='FS Jimbaran'!H11 -> 0 | I2: ='FS Jimbaran'!I11 -> 0 | J2: ='FS Jimbaran'!J11 -> 0 | K2: ='FS Jimbaran'!K11 -> 25.4 | L2: ='FS Jimbaran'!L11 -> 0 | M2: ='FS Jimbaran'!S11 -> 0 | N2: ='FS Jimbaran'!T11 -> 0 | O2: ='FS Jimbaran'!U11 -> 13 | P2: ='FS Jimbaran'!V11 -> 0 | Q2: ='FS Jimbaran'!BE11 -> 0 | R2: ='FS Jimbaran'!BF11 -> 0 | S2: ='FS Jimbaran'!BH11 -> 0 | T2: ='FS Jimbaran'!BH11 -> 0 | U2: ='FS Jimbaran'!BI11 -> 0 | V2: ='FS Jimbaran'!BJ11 -> 0 | W2: ='FS Jimbaran'!Y11 -> 0 | X2: 0 | Y2: ='FS Jimbaran'!AA11 -> 0 | Z2: ='FS Jimbaran'!AB11 -> 0 | AA2: ='FS Jimbaran'!AC11 -> 0 | AB2: ='FS Jimbaran'!AD11 -> 0 | AC2: ='FS Jimbaran'!AE11 -> 0 | AD2: ='FS Jimbaran'!AF11 -> 0 | AE2: ='FS Jimbaran'!AG11 -> 0 | AF2: ='FS Jimbaran'!AH11 -> 0 | AG2: ='FS Jimbaran'!AM11 -> 0 | AH2: ='FS Jimbaran'!AR11 -> 0 | AI2: ='FS Jimbaran'!AQ11 -> 0 | AJ2: ='FS Jimbaran'!AR11 -> 0 | AK2: ='FS Jimbaran'!AY11 -> 0 | AL2: ='FS Jimbaran'!AZ11 -> 0 | AM2: ='FS Jimbaran'!BB11 -> 0 | AN2: ='FS Jimbaran'!BB11 -> 0 | AO2: ='FS Jimbaran'!BK11 -> 0 | AP2: ='FS Jimbaran'!BL11 -> 0 | AQ2: ='FS Jimbaran'!BC11 -> 0 | AR2: ='FS Jimbaran'!BD11 -> 0 | AS2: ='FS Jimbaran'!BM11 -> 0 | AT2: ='FS Jimbaran'!BN11 -> 0 | AU2: ='FS Jimbaran'!BO11 -> 0 | AV2: ='FS Jimbaran'!BP11 -> 0 | AW2: ='FS Jimbaran'!E11 -> 24.1 | AX2: ='FS Jimbaran'!F11 -> 0 | AY2: ='FS Jimbaran'!O11 -> 0 | AZ2: ='FS Jimbaran'!P11 -> 0 | BA2: ='FS Jimbaran'!W11 -> 0 | BB2: ='FS Jimbaran'!X11 -> 0 | BC2: ='FS Jimbaran'!AI11 -> 520 | BD2: ='FS Jimbaran'!AJ11 -> 8284726 | BE2: ='FS Jimbaran'!AK11 -> 0 | BF2: ='FS Jimbaran'!AL11 -> 0 | BG2: ='FS Jimbaran'!AM11 -> 0 | BH2: ='FS Jimbaran'!AN11 -> 0 | BI2: ='FS Jimbaran'!AO11 -> 0 | BJ2: ='FS Jimbaran'!AO11 -> 0 | BK2: ='FS Jimbaran'!AQ11 -> 0 | BL2: ='FS Jimbaran'!AR11 -> 0 | BM2: 0 | BN2: 0 | BO2: ='FS Jimbaran'!Q11 -> 0 | BP2: ='FS Jimbaran'!R11 -> 0
A3: Bali Jimbaran | B3: =B2+1 -> 2 | C3: 7 | D3: 2020 | E3: ='FS Jimbaran'!M12 -> 0 | F3: ='FS Jimbaran'!N12 -> 0 | G3: 0 | H3: ='FS Jimbaran'!H12 -> 0 | I3: ='FS Jimbaran'!I12 -> 0 | J3: ='FS Jimbaran'!J12 -> 0 | K3: ='FS Jimbaran'!K12 -> 0 | L3: ='FS Jimbaran'!L12 -> 0 | M3: ='FS Jimbaran'!S12 -> 0 | N3: ='FS Jimbaran'!T12 -> 0 | O3: ='FS Jimbaran'!U12 -> 0 | P3: ='FS Jimbaran'!V12 -> 0 | Q3: ='FS Jimbaran'!BE12 -> 0 | R3: ='FS Jimbaran'!BF12 -> 0 | S3: ='FS Jimbaran'!BH12 -> 0 | T3: ='FS Jimbaran'!BH12 -> 0 | U3: ='FS Jimbaran'!BI12 -> 0 | V3: ='FS Jimbaran'!BJ12 -> 0 | W3: ='FS Jimbaran'!Y12 -> 0 | X3: ='FS Jimbaran'!Z12 -> 0 | Y3: ='FS Jimbaran'!AA12 -> 0 | Z3: ='FS Jimbaran'!AB12 -> 0 | AA3: ='FS Jimbaran'!AC12 -> 0 | AB3: ='FS Jimbaran'!AD12 -> 0 | AC3: ='FS Jimbaran'!AE12 -> 0 | AD3: ='FS Jimbaran'!AF12 -> 0 | ... AF3: ='FS Jimbaran'!AH12 -> 0 | AG3: ='FS Jimbaran'!AM12 -> 0 | AH3: ='FS Jimbaran'!AR12 -> 0 | AI3: ='FS Jimbaran'!AQ12 -> 0 | AJ3: ='FS Jimbaran'!AR12 -> 0 | AK3: ='FS Jimbaran'!AY12 -> 0 | AL3: ='FS Jimbaran'!AZ12 -> 0 | AM3: ='FS Jimbaran'!BB12 -> 0 | AN3: ='FS Jimbaran'!BB12 -> 0 | AO3: ='FS Jimbaran'!BK12 -> 0 | AP3: ='FS Jimbaran'!BL12 -> 0 | AQ3: ='FS Jimbaran'!BC12 -> 0 | AR3: ='FS Jimbaran'!BD12 -> 0 | AS3: ='FS Jimbaran'!BM12 -> 0 | AT3: ='FS Jimbaran'!BN12 -> 0 | AU3: ='FS Jimbaran'!BO12 -> 0 | AV3: ='FS Jimbaran'!BP12 -> 0 | AW3: ='FS Jimbaran'!E12 -> 0 | AX3: ='FS Jimbaran'!F12 -> 0 | AY3: ='FS Jimbaran'!O12 -> 0 | AZ3: ='FS Jimbaran'!P12 -> 0 | BA3: ='FS Jimbaran'!W12 -> 0 | BB3: ='FS Jimbaran'!X12 -> 0 | BC3: ='FS Jimbaran'!AI12 -> 0 | BD3: ='FS Jimbaran'!AJ12 -> 0 | BE3: ='FS Jimbaran'!AK12 -> 0 | BF3: ='FS Jimbaran'!AL12 -> 0 | BG3: ='FS Jimbaran'!AM12 -> 0 | BH3: ='FS Jimbaran'!AN12 -> 0 | BI3: ='FS Jimbaran'!AO12 -> 0 | BJ3: ='FS Jimbaran'!AO12 -> 0 | BK3: ='FS Jimbaran'!AQ12 -> 0 | BL3: ='FS Jimbaran'!AR12 -> 0 | BM3: 0 | BN3: 0 | BO3: ='FS Jimbaran'!Q12 -> 0 | BP3: ='FS Jimbaran'!R12 -> 0
A4: Bali Jimbaran | B4: =B3+1 -> 3 | C4: 7 | D4: 2020 | E4: ='FS Jimbaran'!M13 -> 6.2 | F4: ='FS Jimbaran'!N13 -> 0 | G4: 0 | H4: ='FS Jimbaran'!H13 -> 0 | I4: ='FS Jimbaran'!I13 -> 0 | J4: ='FS Jimbaran'!J13 -> 0 | K4: ='FS Jimbaran'!K13 -> 23.8 | L4: ='FS Jimbaran'!L13 -> 0 | M4: ='FS Jimbaran'!S13 -> 0 | N4: ='FS Jimbaran'!T13 -> 0 | O4: ='FS Jimbaran'!U13 -> 7.5 | P4: ='FS Jimbaran'!V13 -> 0 | Q4: ='FS Jimbaran'!BE13 -> 0 | R4: ='FS Jimbaran'!BF13 -> 0 | S4: ='FS Jimbaran'!BH13 -> 0 | T4: ='FS Jimbaran'!BH13 -> 0 | U4: ='FS Jimbaran'!BI13 -> 0 | V4: ='FS Jimbaran'!BJ13 -> 0 | W4: ='FS Jimbaran'!Y13 -> 0 | X4: ='FS Jimbaran'!Z13 -> 0 | Y4: ='FS Jimbaran'!AA13 -> 0 | Z4: ='FS Jimbaran'!AB13 -> 0 | AA4: ='FS Jimbaran'!AC13 -> 0 | AB4: ='FS Jimbaran'!AD13 -> 0 | AC4: ='FS Jimbaran'!AE13 -> 0 | AD4: ='FS Jimbaran'!AF13 -> 0 | ... AF4: ='FS Jimbaran'!AH13 -> 0 | AG4: ='FS Jimbaran'!AM13 -> 0 | AH4: ='FS Jimbaran'!AR13 -> 0 | AI4: ='FS Jimbaran'!AQ13 -> 0 | AJ4: ='FS Jimbaran'!AR13 -> 0 | AK4: ='FS Jimbaran'!AY13 -> 0 | AL4: ='FS Jimbaran'!AZ13 -> 0 | AM4: ='FS Jimbaran'!BB13 -> 0 | AN4: ='FS Jimbaran'!BB13 -> 0 | AO4: ='FS Jimbaran'!BK13 -> 0 | AP4: ='FS Jimbaran'!BL13 -> 0 | AQ4: ='FS Jimbaran'!BC13 -> 0 | AR4: ='FS Jimbaran'!BD13 -> 0 | AS4: ='FS Jimbaran'!BM13 -> 0 | AT4: ='FS Jimbaran'!BN13 -> 0 | AU4: ='FS Jimbaran'!BO13 -> 0 | AV4: ='FS Jimbaran'!BP13 -> 0 | AW4: ='FS Jimbaran'!E13 -> 21.2 | AX4: ='FS Jimbaran'!F13 -> 0 | AY4: ='FS Jimbaran'!O13 -> 0 | AZ4: ='FS Jimbaran'!P13 -> 0 | BA4: ='FS Jimbaran'!W13 -> 0 | BB4: ='FS Jimbaran'!X13 -> 0 | BC4: ='FS Jimbaran'!AI13 -> 448 | BD4: ='FS Jimbaran'!AJ13 -> 0 | BE4: ='FS Jimbaran'!AK13 -> 0 | BF4: ='FS Jimbaran'!AL13 -> 0 | BG4: ='FS Jimbaran'!AM13 -> 0 | BH4: ='FS Jimbaran'!AN13 -> 0 | BI4: ='FS Jimbaran'!AO13 -> 0 | BJ4: ='FS Jimbaran'!AO13 -> 0 | BK4: ='FS Jimbaran'!AQ13 -> 0 | BL4: ='FS Jimbaran'!AR13 -> 0 | BM4: 0 | BN4: 0 | BO4: ='FS Jimbaran'!Q13 -> 0 | BP4: ='FS Jimbaran'!R13 -> 0
A5: Bali Jimbaran | B5: =B4+1 -> 4 | C5: 7 | D5: 2020 | E5: ='FS Jimbaran'!M14 -> 0 | F5: ='FS Jimbaran'!N14 -> 0 | G5: 0 | H5: ='FS Jimbaran'!H14 -> 0 | I5: ='FS Jimbaran'!I14 -> 0 | J5: ='FS Jimbaran'!J14 -> 0 | K5: ='FS Jimbaran'!K14 -> 0 | L5: ='FS Jimbaran'!L14 -> 0 | M5: ='FS Jimbaran'!S14 -> 0 | N5: ='FS Jimbaran'!T14 -> 0 | O5: ='FS Jimbaran'!U14 -> 0 | P5: ='FS Jimbaran'!V14 -> 0 | Q5: ='FS Jimbaran'!BE14 -> 0 | R5: ='FS Jimbaran'!BF14 -> 0 | S5: ='FS Jimbaran'!BH14 -> 0 | T5: ='FS Jimbaran'!BH14 -> 0 | U5: ='FS Jimbaran'!BI14 -> 0 | V5: ='FS Jimbaran'!BJ14 -> 0 | W5: ='FS Jimbaran'!Y14 -> 0 | X5: ='FS Jimbaran'!Z14 -> 0 | Y5: ='FS Jimbaran'!AA14 -> 0 | Z5: ='FS Jimbaran'!AB14 -> 0 | AA5: ='FS Jimbaran'!AC14 -> 0 | AB5: ='FS Jimbaran'!AD14 -> 0 | AC5: ='FS Jimbaran'!AE14 -> 0 | AD5: ='FS Jimbaran'!AF14 -> 0 | ... AF5: ='FS Jimbaran'!AH14 -> 0 | AG5: ='FS Jimbaran'!AM14 -> 0 | AH5: ='FS Jimbaran'!AR14 -> 0 | AI5: ='FS Jimbaran'!AQ14 -> 0 | AJ5: ='FS Jimbaran'!AR14 -> 0 | AK5: ='FS Jimbaran'!AY14 -> 0 | AL5: ='FS Jimbaran'!AZ14 -> 0 | AM5: ='FS Jimbaran'!BB14 -> 0 | AN5: ='FS Jimbaran'!BB14 -> 0 | AO5: ='FS Jimbaran'!BK14 -> 0 | AP5: ='FS Jimbaran'!BL14 -> 0 | AQ5: ='FS Jimbaran'!BC14 -> 0 | AR5: ='FS Jimbaran'!BD14 -> 0 | AS5: ='FS Jimbaran'!BM14 -> 0 | AT5: ='FS Jimbaran'!BN14 -> 0 | AU5: ='FS Jimbaran'!BO14 -> 0 | AV5: ='FS Jimbaran'!BP14 -> 0 | AW5: ='FS Jimbaran'!E14 -> 0 | AX5: ='FS Jimbaran'!F14 -> 0 | AY5: ='FS Jimbaran'!O14 -> 0 | AZ5: ='FS Jimbaran'!P14 -> 0 | BA5: ='FS Jimbaran'!W14 -> 0 | BB5: ='FS Jimbaran'!X14 -> 0 | BC5: ='FS Jimbaran'!AI14 -> 0 | BD5: ='FS Jimbaran'!AJ14 -> 0 | BE5: ='FS Jimbaran'!AK14 -> 0 | BF5: ='FS Jimbaran'!AL14 -> 0 | BG5: ='FS Jimbaran'!AM14 -> 0 | BH5: ='FS Jimbaran'!AN14 -> 0 | BI5: ='FS Jimbaran'!AO14 -> 0 | BJ5: ='FS Jimbaran'!AO14 -> 0 | BK5: ='FS Jimbaran'!AQ14 -> 0 | BL5: ='FS Jimbaran'!AR14 -> 0 | BM5: 0 | BN5: 0 | BO5: ='FS Jimbaran'!Q14 -> 0 | BP5: ='FS Jimbaran'!R14 -> 0
A6: Bali Jimbaran | B6: =B5+1 -> 5 | C6: 7 | D6: 2020 | E6: ='FS Jimbaran'!M15 -> 10.5 | F6: ='FS Jimbaran'!N15 -> 0 | G6: 0 | H6: ='FS Jimbaran'!H15 -> 0 | I6: ='FS Jimbaran'!I15 -> 0 | J6: ='FS Jimbaran'!J15 -> 0 | K6: ='FS Jimbaran'!K15 -> 27.2 | L6: ='FS Jimbaran'!L15 -> 0 | M6: ='FS Jimbaran'!S15 -> 0 | N6: ='FS Jimbaran'!T15 -> 0 | O6: ='FS Jimbaran'!U15 -> 16 | P6: ='FS Jimbaran'!V15 -> 0 | Q6: ='FS Jimbaran'!BE15 -> 0 | R6: ='FS Jimbaran'!BF15 -> 0 | S6: ='FS Jimbaran'!BH15 -> 0 | T6: ='FS Jimbaran'!BH15 -> 0 | U6: ='FS Jimbaran'!BI15 -> 0 | V6: ='FS Jimbaran'!BJ15 -> 0 | W6: ='FS Jimbaran'!Y15 -> 0 | X6: ='FS Jimbaran'!Z15 -> 0 | Y6: ='FS Jimbaran'!AA15 -> 0 | Z6: ='FS Jimbaran'!AB15 -> 0 | AA6: ='FS Jimbaran'!AC15 -> 0 | AB6: ='FS Jimbaran'!AD15 -> 0 | AC6: ='FS Jimbaran'!AE15 -> 0 | AD6: ='FS Jimbaran'!AF15 -> 0 | ... AF6: ='FS Jimbaran'!AH15 -> 0 | AG6: ='FS Jimbaran'!AM15 -> 0 | AH6: ='FS Jimbaran'!AR15 -> 0 | AI6: ='FS Jimbaran'!AQ15 -> 0 | AJ6: ='FS Jimbaran'!AR15 -> 0 | AK6: ='FS Jimbaran'!AY15 -> 0 | AL6: ='FS Jimbaran'!AZ15 -> 0 | AM6: ='FS Jimbaran'!BB15 -> 0 | AN6: ='FS Jimbaran'!BB15 -> 0 | AO6: ='FS Jimbaran'!BK15 -> 0 | AP6: ='FS Jimbaran'!BL15 -> 0 | AQ6: ='FS Jimbaran'!BC15 -> 0 | AR6: ='FS Jimbaran'!BD15 -> 0 | AS6: ='FS Jimbaran'!BM15 -> 0 | AT6: ='FS Jimbaran'!BN15 -> 0 | AU6: ='FS Jimbaran'!BO15 -> 0 | AV6: ='FS Jimbaran'!BP15 -> 0 | AW6: ='FS Jimbaran'!E15 -> 26 | AX6: ='FS Jimbaran'!F15 -> 0 | AY6: ='FS Jimbaran'!O15 -> 0 | AZ6: ='FS Jimbaran'!P15 -> 0 | BA6: ='FS Jimbaran'!W15 -> 0 | BB6: ='FS Jimbaran'!X15 -> 0 | BC6: ='FS Jimbaran'!AI15 -> 408 | BD6: ='FS Jimbaran'!AJ15 -> 0 | BE6: ='FS Jimbaran'!AK15 -> 0 | BF6: ='FS Jimbaran'!AL15 -> 0 | BG6: ='FS Jimbaran'!AM15 -> 0 | BH6: ='FS Jimbaran'!AN15 -> 0 | BI6: ='FS Jimbaran'!AO15 -> 0 | BJ6: ='FS Jimbaran'!AO15 -> 0 | BK6: ='FS Jimbaran'!AQ15 -> 0 | BL6: ='FS Jimbaran'!AR15 -> 0 | BM6: 0 | BN6: 0 | BO6: ='FS Jimbaran'!Q15 -> 0 | BP6: ='FS Jimbaran'!R15 -> 0
A7: Bali Jimbaran | B7: =B6+1 -> 6 | C7: 7 | D7: 2020 | E7: ='FS Jimbaran'!M16 -> 0 | F7: ='FS Jimbaran'!N16 -> 0 | G7: 0 | H7: ='FS Jimbaran'!H16 -> 0 | I7: ='FS Jimbaran'!I16 -> 0 | J7: ='FS Jimbaran'!J16 -> 0 | K7: ='FS Jimbaran'!K16 -> 0 | L7: ='FS Jimbaran'!L16 -> 0 | M7: ='FS Jimbaran'!S16 -> 0 | N7: ='FS Jimbaran'!T16 -> 0 | O7: ='FS Jimbaran'!U16 -> 0 | P7: ='FS Jimbaran'!V16 -> 0 | Q7: ='FS Jimbaran'!BE16 -> 0 | R7: ='FS Jimbaran'!BF16 -> 0 | S7: ='FS Jimbaran'!BH16 -> 0 | T7: ='FS Jimbaran'!BH16 -> 0 | U7: ='FS Jimbaran'!BI16 -> 0 | V7: ='FS Jimbaran'!BJ16 -> 0 | W7: ='FS Jimbaran'!Y16 -> 0 | X7: ='FS Jimbaran'!Z16 -> 0 | Y7: ='FS Jimbaran'!AA16 -> 0 | Z7: ='FS Jimbaran'!AB16 -> 0 | AA7: ='FS Jimbaran'!AC16 -> 0 | AB7: ='FS Jimbaran'!AD16 -> 0 | AC7: ='FS Jimbaran'!AE16 -> 0 | AD7: ='FS Jimbaran'!AF16 -> 0 | ... AF7: ='FS Jimbaran'!AH16 -> 0 | AG7: ='FS Jimbaran'!AM16 -> 0 | AH7: ='FS Jimbaran'!AR16 -> 0 | AI7: ='FS Jimbaran'!AQ16 -> 0 | AJ7: ='FS Jimbaran'!AR16 -> 0 | AK7: ='FS Jimbaran'!AY16 -> 0 | AL7: ='FS Jimbaran'!AZ16 -> 0 | AM7: ='FS Jimbaran'!BB16 -> 0 | AN7: ='FS Jimbaran'!BB16 -> 0 | AO7: ='FS Jimbaran'!BK16 -> 0 | AP7: ='FS Jimbaran'!BL16 -> 0 | AQ7: ='FS Jimbaran'!BC16 -> 0 | AR7: ='FS Jimbaran'!BD16 -> 0 | AS7: ='FS Jimbaran'!BM16 -> 0 | AT7: ='FS Jimbaran'!BN16 -> 0 | AU7: ='FS Jimbaran'!BO16 -> 0 | AV7: ='FS Jimbaran'!BP16 -> 0 | AW7: ='FS Jimbaran'!E16 -> 0 | AX7: ='FS Jimbaran'!F16 -> 0 | AY7: ='FS Jimbaran'!O16 -> 0 | AZ7: ='FS Jimbaran'!P16 -> 0 | BA7: ='FS Jimbaran'!W16 -> 0 | BB7: ='FS Jimbaran'!X16 -> 0 | BC7: ='FS Jimbaran'!AI16 -> 0 | BD7: ='FS Jimbaran'!AJ16 -> 0 | BE7: ='FS Jimbaran'!AK16 -> 0 | BF7: ='FS Jimbaran'!AL16 -> 0 | BG7: ='FS Jimbaran'!AM16 -> 0 | BH7: ='FS Jimbaran'!AN16 -> 0 | BI7: ='FS Jimbaran'!AO16 -> 0 | BJ7: ='FS Jimbaran'!AO16 -> 0 | BK7: ='FS Jimbaran'!AQ16 -> 0 | BL7: ='FS Jimbaran'!AR16 -> 0 | BM7: 0 | BN7: 0 | BO7: ='FS Jimbaran'!Q16 -> 0 | BP7: ='FS Jimbaran'!R16 -> 0
A8: Bali Jimbaran | B8: =B7+1 -> 7 | C8: 7 | D8: 2020 | E8: ='FS Jimbaran'!M17 -> 10.3 | F8: ='FS Jimbaran'!N17 -> 0 | G8: 0 | H8: ='FS Jimbaran'!H17 -> 0 | I8: ='FS Jimbaran'!I17 -> 0 | J8: ='FS Jimbaran'!J17 -> 0 | K8: ='FS Jimbaran'!K17 -> 16.1 | L8: ='FS Jimbaran'!L17 -> 0 | M8: ='FS Jimbaran'!S17 -> 0 | N8: ='FS Jimbaran'!T17 -> 0 | O8: ='FS Jimbaran'!U17 -> 12.5 | P8: ='FS Jimbaran'!V17 -> 0 | Q8: ='FS Jimbaran'!BE17 -> 0 | R8: ='FS Jimbaran'!BF17 -> 0 | S8: ='FS Jimbaran'!BH17 -> 0 | T8: ='FS Jimbaran'!BH17 -> 0 | U8: ='FS Jimbaran'!BI17 -> 0 | V8: ='FS Jimbaran'!BJ17 -> 0 | W8: ='FS Jimbaran'!Y17 -> 0 | X8: ='FS Jimbaran'!Z17 -> 0 | Y8: ='FS Jimbaran'!AA17 -> 0 | Z8: ='FS Jimbaran'!AB17 -> 0 | AA8: ='FS Jimbaran'!AC17 -> 0 | AB8: ='FS Jimbaran'!AD17 -> 0 | AC8: ='FS Jimbaran'!AE17 -> 0 | AD8: ='FS Jimbaran'!AF17 -> 0 | ... AF8: ='FS Jimbaran'!AH17 -> 0 | AG8: ='FS Jimbaran'!AM17 -> 0 | AH8: ='FS Jimbaran'!AR17 -> 0 | AI8: ='FS Jimbaran'!AQ17 -> 0 | AJ8: ='FS Jimbaran'!AR17 -> 0 | AK8: ='FS Jimbaran'!AY17 -> 0 | AL8: ='FS Jimbaran'!AZ17 -> 0 | AM8: ='FS Jimbaran'!BB17 -> 0 | AN8: ='FS Jimbaran'!BB17 -> 0 | AO8: ='FS Jimbaran'!BK17 -> 0 | AP8: ='FS Jimbaran'!BL17 -> 0 | AQ8: ='FS Jimbaran'!BC17 -> 0 | AR8: ='FS Jimbaran'!BD17 -> 0 | AS8: ='FS Jimbaran'!BM17 -> 0 | AT8: ='FS Jimbaran'!BN17 -> 0 | AU8: ='FS Jimbaran'!BO17 -> 0 | AV8: ='FS Jimbaran'!BP17 -> 0 | AW8: ='FS Jimbaran'!E17 -> 21.8 | AX8: ='FS Jimbaran'!F17 -> 0 | AY8: ='FS Jimbaran'!O17 -> 0 | AZ8: ='FS Jimbaran'!P17 -> 0 | BA8: ='FS Jimbaran'!W17 -> 0 | BB8: ='FS Jimbaran'!X17 -> 0 | BC8: ='FS Jimbaran'!AI17 -> 544 | BD8: ='FS Jimbaran'!AJ17 -> 0 | BE8: ='FS Jimbaran'!AK17 -> 0 | BF8: ='FS Jimbaran'!AL17 -> 0 | BG8: ='FS Jimbaran'!AM17 -> 0 | BH8: ='FS Jimbaran'!AN17 -> 0 | BI8: ='FS Jimbaran'!AO17 -> 0 | BJ8: ='FS Jimbaran'!AO17 -> 0 | BK8: ='FS Jimbaran'!AQ17 -> 0 | BL8: ='FS Jimbaran'!AR17 -> 0 | BM8: 0 | BN8: 0 | BO8: ='FS Jimbaran'!Q17 -> 0 | BP8: ='FS Jimbaran'!R17 -> 0
A9: Bali Jimbaran | B9: =B8+1 -> 8 | C9: 7 | D9: 2020 | E9: ='FS Jimbaran'!M18 -> 0 | F9: ='FS Jimbaran'!N18 -> 0 | G9: 0 | H9: ='FS Jimbaran'!H18 -> 0 | I9: ='FS Jimbaran'!I18 -> 0 | J9: ='FS Jimbaran'!J18 -> 0 | K9: ='FS Jimbaran'!K18 -> 0 | L9: ='FS Jimbaran'!L18 -> 0 | M9: ='FS Jimbaran'!S18 -> 0 | N9: ='FS Jimbaran'!T18 -> 0 | O9: ='FS Jimbaran'!U18 -> 0 | P9: ='FS Jimbaran'!V18 -> 0 | Q9: ='FS Jimbaran'!BE18 -> 0 | R9: ='FS Jimbaran'!BF18 -> 0 | S9: ='FS Jimbaran'!BH18 -> 0 | T9: ='FS Jimbaran'!BH18 -> 0 | U9: ='FS Jimbaran'!BI18 -> 0 | V9: ='FS Jimbaran'!BJ18 -> 0 | W9: ='FS Jimbaran'!Y18 -> 0 | X9: ='FS Jimbaran'!Z18 -> 0 | Y9: ='FS Jimbaran'!AA18 -> 0 | Z9: ='FS Jimbaran'!AB18 -> 0 | AA9: ='FS Jimbaran'!AC18 -> 0 | AB9: ='FS Jimbaran'!AD18 -> 0 | AC9: ='FS Jimbaran'!AE18 -> 0 | AD9: ='FS Jimbaran'!AF18 -> 0 | ... AF9: ='FS Jimbaran'!AH18 -> 0 | AG9: ='FS Jimbaran'!AM18 -> 0 | AH9: ='FS Jimbaran'!AR18 -> 0 | AI9: ='FS Jimbaran'!AQ18 -> 0 | AJ9: ='FS Jimbaran'!AR18 -> 0 | AK9: ='FS Jimbaran'!AY18 -> 0 | AL9: ='FS Jimbaran'!AZ18 -> 0 | AM9: ='FS Jimbaran'!BB18 -> 0 | AN9: ='FS Jimbaran'!BB18 -> 0 | AO9: ='FS Jimbaran'!BK18 -> 0 | AP9: ='FS Jimbaran'!BL18 -> 0 | AQ9: ='FS Jimbaran'!BC18 -> 0 | AR9: ='FS Jimbaran'!BD18 -> 0 | AS9: ='FS Jimbaran'!BM18 -> 0 | AT9: ='FS Jimbaran'!BN18 -> 0 | AU9: ='FS Jimbaran'!BO18 -> 0 | AV9: ='FS Jimbaran'!BP18 -> 0 | AW9: ='FS Jimbaran'!E18 -> 0 | AX9: ='FS Jimbaran'!F18 -> 0 | AY9: ='FS Jimbaran'!O18 -> 0 | AZ9: ='FS Jimbaran'!P18 -> 0 | BA9: ='FS Jimbaran'!W18 -> 0 | BB9: ='FS Jimbaran'!X18 -> 0 | BC9: ='FS Jimbaran'!AI18 -> 0 | BD9: ='FS Jimbaran'!AJ18 -> 0 | BE9: ='FS Jimbaran'!AK18 -> 0 | BF9: ='FS Jimbaran'!AL18 -> 0 | BG9: ='FS Jimbaran'!AM18 -> 0 | BH9: ='FS Jimbaran'!AN18 -> 0 | BI9: ='FS Jimbaran'!AO18 -> 0 | BJ9: ='FS Jimbaran'!AO18 -> 0 | BK9: ='FS Jimbaran'!AQ18 -> 0 | BL9: ='FS Jimbaran'!AR18 -> 0 | BM9: 0 | BN9: 0 | BO9: ='FS Jimbaran'!Q18 -> 0 | BP9: ='FS Jimbaran'!R18 -> 0
A10: Bali Jimbaran | B10: =B9+1 -> 9 | C10: 7 | D10: 2020 | E10: ='FS Jimbaran'!M19 -> 3.6 | F10: ='FS Jimbaran'!N19 -> 0 | G10: 0 | H10: ='FS Jimbaran'!H19 -> 0 | I10: ='FS Jimbaran'!I19 -> 0 | J10: ='FS Jimbaran'!J19 -> 0 | K10: ='FS Jimbaran'!K19 -> 27.7 | L10: ='FS Jimbaran'!L19 -> 0 | M10: ='FS Jimbaran'!S19 -> 0 | N10: ='FS Jimbaran'!T19 -> 0 | O10: ='FS Jimbaran'!U19 -> 8 | P10: ='FS Jimbaran'!V19 -> 0 | Q10: ='FS Jimbaran'!BE19 -> 0 | R10: ='FS Jimbaran'!BF19 -> 0 | S10: ='FS Jimbaran'!BH19 -> 0 | T10: ='FS Jimbaran'!BH19 -> 0 | U10: ='FS Jimbaran'!BI19 -> 0 | V10: ='FS Jimbaran'!BJ19 -> 0 | W10: ='FS Jimbaran'!Y19 -> 0 | X10: ='FS Jimbaran'!Z19 -> 0 | Y10: ='FS Jimbaran'!AA19 -> 0 | Z10: ='FS Jimbaran'!AB19 -> 0 | AA10: ='FS Jimbaran'!AC19 -> 0 | AB10: ='FS Jimbaran'!AD19 -> 0 | AC10: ='FS Jimbaran'!AE19 -> 0 | AD10: ='FS Jimbaran'!AF19 -> 0 | ... AF10: ='FS Jimbaran'!AH19 -> 0 | AG10: ='FS Jimbaran'!AM19 -> 0 | AH10: ='FS Jimbaran'!AR19 -> 0 | AI10: ='FS Jimbaran'!AQ19 -> 0 | AJ10: ='FS Jimbaran'!AR19 -> 0 | AK10: ='FS Jimbaran'!AY19 -> 0 | AL10: ='FS Jimbaran'!AZ19 -> 0 | AM10: ='FS Jimbaran'!BB19 -> 0 | AN10: ='FS Jimbaran'!BB19 -> 0 | AO10: ='FS Jimbaran'!BK19 -> 0 | AP10: ='FS Jimbaran'!BL19 -> 0 | AQ10: ='FS Jimbaran'!BC19 -> 0 | AR10: ='FS Jimbaran'!BD19 -> 0 | AS10: ='FS Jimbaran'!BM19 -> 0 | AT10: ='FS Jimbaran'!BN19 -> 0 | AU10: ='FS Jimbaran'!BO19 -> 0 | AV10: ='FS Jimbaran'!BP19 -> 0 | AW10: ='FS Jimbaran'!E19 -> 19.8 | AX10: ='FS Jimbaran'!F19 -> 0 | AY10: ='FS Jimbaran'!O19 -> 0 | AZ10: ='FS Jimbaran'!P19 -> 0 | BA10: ='FS Jimbaran'!W19 -> 0 | BB10: ='FS Jimbaran'!X19 -> 0 | BC10: ='FS Jimbaran'!AI19 -> 456 | BD10: ='FS Jimbaran'!AJ19 -> 0 | BE10: ='FS Jimbaran'!AK19 -> 0 | BF10: ='FS Jimbaran'!AL19 -> 0 | BG10: ='FS Jimbaran'!AM19 -> 0 | BH10: ='FS Jimbaran'!AN19 -> 0 | BI10: ='FS Jimbaran'!AO19 -> 0 | BJ10: ='FS Jimbaran'!AO19 -> 0 | BK10: ='FS Jimbaran'!AQ19 -> 0 | BL10: ='FS Jimbaran'!AR19 -> 0 | BM10: 0 | BN10: 0 | BO10: ='FS Jimbaran'!Q19 -> 0 | BP10: ='FS Jimbaran'!R19 -> 0
A11: Bali Jimbaran | B11: =B10+1 -> 10 | C11: 7 | D11: 2020 | E11: ='FS Jimbaran'!M20 -> 0 | F11: ='FS Jimbaran'!N20 -> 0 | G11: 0 | H11: ='FS Jimbaran'!H20 -> 0 | I11: ='FS Jimbaran'!I20 -> 0 | J11: ='FS Jimbaran'!J20 -> 0 | K11: ='FS Jimbaran'!K20 -> 0 | L11: ='FS Jimbaran'!L20 -> 0 | M11: ='FS Jimbaran'!S20 -> 0 | N11: ='FS Jimbaran'!T20 -> 0 | O11: ='FS Jimbaran'!U20 -> 0 | P11: ='FS Jimbaran'!V20 -> 0 | Q11: ='FS Jimbaran'!BE20 -> 0 | R11: ='FS Jimbaran'!BF20 -> 0 | S11: ='FS Jimbaran'!BH20 -> 0 | T11: ='FS Jimbaran'!BH20 -> 0 | U11: ='FS Jimbaran'!BI20 -> 0 | V11: ='FS Jimbaran'!BJ20 -> 0 | W11: ='FS Jimbaran'!Y20 -> 0 | X11: ='FS Jimbaran'!Z20 -> 0 | Y11: ='FS Jimbaran'!AA20 -> 0 | Z11: ='FS Jimbaran'!AB20 -> 0 | AA11: ='FS Jimbaran'!AC20 -> 0 | AB11: ='FS Jimbaran'!AD20 -> 0 | AC11: ='FS Jimbaran'!AE20 -> 0 | AD11: ='FS Jimbaran'!AF20 -> 0 | ... AF11: ='FS Jimbaran'!AH20 -> 0 | AG11: ='FS Jimbaran'!AM20 -> 0 | AH11: ='FS Jimbaran'!AR20 -> 0 | AI11: ='FS Jimbaran'!AQ20 -> 0 | AJ11: ='FS Jimbaran'!AR20 -> 0 | AK11: ='FS Jimbaran'!AY20 -> 0 | AL11: ='FS Jimbaran'!AZ20 -> 0 | AM11: ='FS Jimbaran'!BB20 -> 0 | AN11: ='FS Jimbaran'!BB20 -> 0 | AO11: ='FS Jimbaran'!BK20 -> 0 | AP11: ='FS Jimbaran'!BL20 -> 0 | AQ11: ='FS Jimbaran'!BC20 -> 0 | AR11: ='FS Jimbaran'!BD20 -> 0 | AS11: ='FS Jimbaran'!BM20 -> 0 | AT11: ='FS Jimbaran'!BN20 -> 0 | AU11: ='FS Jimbaran'!BO20 -> 0 | AV11: ='FS Jimbaran'!BP20 -> 0 | AW11: ='FS Jimbaran'!E20 -> 0 | AX11: ='FS Jimbaran'!F20 -> 0 | AY11: ='FS Jimbaran'!O20 -> 0 | AZ11: ='FS Jimbaran'!P20 -> 0 | BA11: ='FS Jimbaran'!W20 -> 0 | BB11: ='FS Jimbaran'!X20 -> 0 | BC11: ='FS Jimbaran'!AI20 -> 0 | BD11: ='FS Jimbaran'!AJ20 -> 0 | BE11: ='FS Jimbaran'!AK20 -> 0 | BF11: ='FS Jimbaran'!AL20 -> 0 | BG11: ='FS Jimbaran'!AM20 -> 0 | BH11: ='FS Jimbaran'!AN20 -> 0 | BI11: ='FS Jimbaran'!AO20 -> 0 | BJ11: ='FS Jimbaran'!AO20 -> 0 | BK11: ='FS Jimbaran'!AQ20 -> 0 | BL11: ='FS Jimbaran'!AR20 -> 0 | BM11: 0 | BN11: 0 | BO11: ='FS Jimbaran'!Q20 -> 0 | BP11: ='FS Jimbaran'!R20 -> 0
A12: Bali Jimbaran | B12: =B11+1 -> 11 | C12: 7 | D12: 2020 | E12: ='FS Jimbaran'!M21 -> 8.8 | F12: ='FS Jimbaran'!N21 -> 0 | G12: 0 | H12: ='FS Jimbaran'!H21 -> 0 | I12: ='FS Jimbaran'!I21 -> 0 | J12: ='FS Jimbaran'!J21 -> 0 | K12: ='FS Jimbaran'!K21 -> 23.3 | L12: ='FS Jimbaran'!L21 -> 0 | M12: ='FS Jimbaran'!S21 -> 0 | N12: ='FS Jimbaran'!T21 -> 0 | O12: ='FS Jimbaran'!U21 -> 17.5 | P12: ='FS Jimbaran'!V21 -> 0 | Q12: ='FS Jimbaran'!BE21 -> 0 | R12: ='FS Jimbaran'!BF21 -> 0 | S12: ='FS Jimbaran'!BH21 -> 0 | T12: ='FS Jimbaran'!BH21 -> 0 | U12: ='FS Jimbaran'!BI21 -> 0 | V12: ='FS Jimbaran'!BJ21 -> 0 | W12: ='FS Jimbaran'!Y21 -> 0 | X12: ='FS Jimbaran'!Z21 -> 0 | Y12: ='FS Jimbaran'!AA21 -> 0 | Z12: ='FS Jimbaran'!AB21 -> 0 | AA12: ='FS Jimbaran'!AC21 -> 0 | AB12: ='FS Jimbaran'!AD21 -> 0 | AC12: ='FS Jimbaran'!AE21 -> 0 | AD12: ='FS Jimbaran'!AF21 -> 0 | ... AF12: ='FS Jimbaran'!AH21 -> 0 | AG12: ='FS Jimbaran'!AM21 -> 0 | AH12: ='FS Jimbaran'!AR21 -> 0 | AI12: ='FS Jimbaran'!AQ21 -> 0 | AJ12: ='FS Jimbaran'!AR21 -> 0 | AK12: ='FS Jimbaran'!AY21 -> 0 | AL12: ='FS Jimbaran'!AZ21 -> 0 | AM12: ='FS Jimbaran'!BB21 -> 0 | AN12: ='FS Jimbaran'!BB21 -> 0 | AO12: ='FS Jimbaran'!BK21 -> 0 | AP12: ='FS Jimbaran'!BL21 -> 0 | AQ12: ='FS Jimbaran'!BC21 -> 0 | AR12: ='FS Jimbaran'!BD21 -> 0 | AS12: ='FS Jimbaran'!BM21 -> 0 | AT12: ='FS Jimbaran'!BN21 -> 0 | AU12: ='FS Jimbaran'!BO21 -> 0 | AV12: ='FS Jimbaran'!BP21 -> 0 | AW12: ='FS Jimbaran'!E21 -> 21.2 | AX12: ='FS Jimbaran'!F21 -> 0 | AY12: ='FS Jimbaran'!O21 -> 0 | AZ12: ='FS Jimbaran'!P21 -> 0 | BA12: ='FS Jimbaran'!W21 -> 0 | BB12: ='FS Jimbaran'!X21 -> 0 | BC12: ='FS Jimbaran'!AI21 -> 328 | BD12: ='FS Jimbaran'!AJ21 -> 0 | BE12: ='FS Jimbaran'!AK21 -> 0 | BF12: ='FS Jimbaran'!AL21 -> 0 | BG12: ='FS Jimbaran'!AM21 -> 0 | BH12: ='FS Jimbaran'!AN21 -> 0 | BI12: ='FS Jimbaran'!AO21 -> 0 | BJ12: ='FS Jimbaran'!AO21 -> 0 | BK12: ='FS Jimbaran'!AQ21 -> 0 | BL12: ='FS Jimbaran'!AR21 -> 0 | BM12: 0 | BN12: 0 | BO12: ='FS Jimbaran'!Q21 -> 0 | BP12: ='FS Jimbaran'!R21 -> 0
A13: Bali Jimbaran | B13: =B12+1 -> 12 | C13: 7 | D13: 2020 | E13: ='FS Jimbaran'!M22 -> 0 | F13: ='FS Jimbaran'!N22 -> 0 | G13: 0 | H13: ='FS Jimbaran'!H22 -> 0 | I13: ='FS Jimbaran'!I22 -> 0 | J13: ='FS Jimbaran'!J22 -> 0 | K13: ='FS Jimbaran'!K22 -> 0 | L13: ='FS Jimbaran'!L22 -> 0 | M13: ='FS Jimbaran'!S22 -> 0 | N13: ='FS Jimbaran'!T22 -> 0 | O13: ='FS Jimbaran'!U22 -> 0 | P13: ='FS Jimbaran'!V22 -> 0 | Q13: ='FS Jimbaran'!BE22 -> 0 | R13: ='FS Jimbaran'!BF22 -> 0 | S13: ='FS Jimbaran'!BH22 -> 0 | T13: ='FS Jimbaran'!BH22 -> 0 | U13: ='FS Jimbaran'!BI22 -> 0 | V13: ='FS Jimbaran'!BJ22 -> 0 | W13: ='FS Jimbaran'!Y22 -> 0 | X13: ='FS Jimbaran'!Z22 -> 0 | Y13: ='FS Jimbaran'!AA22 -> 0 | Z13: ='FS Jimbaran'!AB22 -> 0 | AA13: ='FS Jimbaran'!AC22 -> 0 | AB13: ='FS Jimbaran'!AD22 -> 0 | AC13: ='FS Jimbaran'!AE22 -> 0 | AD13: ='FS Jimbaran'!AF22 -> 0 | ... AF13: ='FS Jimbaran'!AH22 -> 0 | AG13: ='FS Jimbaran'!AM22 -> 0 | AH13: ='FS Jimbaran'!AR22 -> 0 | AI13: ='FS Jimbaran'!AQ22 -> 0 | AJ13: ='FS Jimbaran'!AR22 -> 0 | AK13: ='FS Jimbaran'!AY22 -> 0 | AL13: ='FS Jimbaran'!AZ22 -> 0 | AM13: ='FS Jimbaran'!BB22 -> 0 | AN13: ='FS Jimbaran'!BB22 -> 0 | AO13: ='FS Jimbaran'!BK22 -> 0 | AP13: ='FS Jimbaran'!BL22 -> 0 | AQ13: ='FS Jimbaran'!BC22 -> 0 | AR13: ='FS Jimbaran'!BD22 -> 0 | AS13: ='FS Jimbaran'!BM22 -> 0 | AT13: ='FS Jimbaran'!BN22 -> 0 | AU13: ='FS Jimbaran'!BO22 -> 0 | AV13: ='FS Jimbaran'!BP22 -> 0 | AW13: ='FS Jimbaran'!E22 -> 0 | AX13: ='FS Jimbaran'!F22 -> 0 | AY13: ='FS Jimbaran'!O22 -> 0 | AZ13: ='FS Jimbaran'!P22 -> 0 | BA13: ='FS Jimbaran'!W22 -> 0 | BB13: ='FS Jimbaran'!X22 -> 0 | BC13: ='FS Jimbaran'!AI22 -> 0 | BD13: ='FS Jimbaran'!AJ22 -> 0 | BE13: ='FS Jimbaran'!AK22 -> 0 | BF13: ='FS Jimbaran'!AL22 -> 0 | BG13: ='FS Jimbaran'!AM22 -> 0 | BH13: ='FS Jimbaran'!AN22 -> 0 | BI13: ='FS Jimbaran'!AO22 -> 0 | BJ13: ='FS Jimbaran'!AO22 -> 0 | BK13: ='FS Jimbaran'!AQ22 -> 0 | BL13: ='FS Jimbaran'!AR22 -> 0 | BM13: 0 | BN13: 0 | BO13: ='FS Jimbaran'!Q22 -> 0 | BP13: ='FS Jimbaran'!R22 -> 0
A14: Bali Jimbaran | B14: =B13+1 -> 13 | C14: 7 | D14: 2020 | E14: ='FS Jimbaran'!M23 -> 6.1 | F14: ='FS Jimbaran'!N23 -> 0 | G14: 0 | H14: ='FS Jimbaran'!H23 -> 0 | I14: ='FS Jimbaran'!I23 -> 0 | J14: ='FS Jimbaran'!J23 -> 0 | K14: ='FS Jimbaran'!K23 -> 18.6 | L14: ='FS Jimbaran'!L23 -> 0 | M14: ='FS Jimbaran'!S23 -> 0 | N14: ='FS Jimbaran'!T23 -> 0 | O14: ='FS Jimbaran'!U23 -> 18 | P14: ='FS Jimbaran'!V23 -> 0 | Q14: ='FS Jimbaran'!BE23 -> 0 | R14: ='FS Jimbaran'!BF23 -> 0 | S14: ='FS Jimbaran'!BH23 -> 0 | T14: ='FS Jimbaran'!BH23 -> 0 | U14: ='FS Jimbaran'!BI23 -> 0 | V14: ='FS Jimbaran'!BJ23 -> 0 | W14: ='FS Jimbaran'!Y23 -> 0 | X14: ='FS Jimbaran'!Z23 -> 0 | Y14: ='FS Jimbaran'!AA23 -> 0 | Z14: ='FS Jimbaran'!AB23 -> 0 | AA14: ='FS Jimbaran'!AC23 -> 0 | AB14: ='FS Jimbaran'!AD23 -> 0 | AC14: ='FS Jimbaran'!AE23 -> 0 | AD14: ='FS Jimbaran'!AF23 -> 0 | ... AF14: ='FS Jimbaran'!AH23 -> 0 | AG14: ='FS Jimbaran'!AM23 -> 0 | AH14: ='FS Jimbaran'!AR23 -> 0 | AI14: ='FS Jimbaran'!AQ23 -> 0 | AJ14: ='FS Jimbaran'!AR23 -> 0 | AK14: ='FS Jimbaran'!AY23 -> 0 | AL14: ='FS Jimbaran'!AZ23 -> 0 | AM14: ='FS Jimbaran'!BB23 -> 0 | AN14: ='FS Jimbaran'!BB23 -> 0 | AO14: ='FS Jimbaran'!BK23 -> 0 | AP14: ='FS Jimbaran'!BL23 -> 0 | AQ14: ='FS Jimbaran'!BC23 -> 0 | AR14: ='FS Jimbaran'!BD23 -> 0 | AS14: ='FS Jimbaran'!BM23 -> 0 | AT14: ='FS Jimbaran'!BN23 -> 0 | AU14: ='FS Jimbaran'!BO23 -> 0 | AV14: ='FS Jimbaran'!BP23 -> 0 | AW14: ='FS Jimbaran'!E23 -> 24 | AX14: ='FS Jimbaran'!F23 -> 0 | AY14: ='FS Jimbaran'!O23 -> 0 | AZ14: ='FS Jimbaran'!P23 -> 0 | BA14: ='FS Jimbaran'!W23 -> 0 | BB14: ='FS Jimbaran'!X23 -> 0 | BC14: ='FS Jimbaran'!AI23 -> 416 | BD14: ='FS Jimbaran'!AJ23 -> 0 | BE14: ='FS Jimbaran'!AK23 -> 0 | BF14: ='FS Jimbaran'!AL23 -> 0 | BG14: ='FS Jimbaran'!AM23 -> 0 | BH14: ='FS Jimbaran'!AN23 -> 0 | BI14: ='FS Jimbaran'!AO23 -> 0 | BJ14: ='FS Jimbaran'!AO23 -> 0 | BK14: ='FS Jimbaran'!AQ23 -> 0 | BL14: ='FS Jimbaran'!AR23 -> 0 | BM14: 0 | BN14: 0 | BO14: ='FS Jimbaran'!Q23 -> 0 | BP14: ='FS Jimbaran'!R23 -> 0
... A31: Bali Jimbaran | B31: =B30+1 -> 30 | C31: 7 | D31: 2020 | E31: ='FS Jimbaran'!M40 -> 0 | F31: ='FS Jimbaran'!N40 -> 0 | G31: 0 | H31: ='FS Jimbaran'!H40 -> 0 | I31: ='FS Jimbaran'!I40 -> 0 | J31: ='FS Jimbaran'!J40 -> 0 | K31: ='FS Jimbaran'!K40 -> 0 | L31: ='FS Jimbaran'!L40 -> 0 | M31: ='FS Jimbaran'!S40 -> 0 | N31: ='FS Jimbaran'!T40 -> 0 | O31: ='FS Jimbaran'!U40 -> 0 | P31: ='FS Jimbaran'!V40 -> 0 | Q31: ='FS Jimbaran'!BE40 -> 0 | R31: ='FS Jimbaran'!BF40 -> 0 | S31: ='FS Jimbaran'!BH40 -> 0 | T31: ='FS Jimbaran'!BH40 -> 0 | U31: ='FS Jimbaran'!BI40 -> 0 | V31: ='FS Jimbaran'!BJ40 -> 0 | W31: ='FS Jimbaran'!Y40 -> 0 | X31: ='FS Jimbaran'!Z40 -> 0 | Y31: ='FS Jimbaran'!AA40 -> 0 | Z31: ='FS Jimbaran'!AB40 -> 0 | AA31: ='FS Jimbaran'!AC40 -> 0 | AB31: ='FS Jimbaran'!AD40 -> 0 | AC31: ='FS Jimbaran'!AE40 -> 0 | AD31: ='FS Jimbaran'!AF40 -> 0 | ... AF31: ='FS Jimbaran'!AH40 -> 0 | AG31: ='FS Jimbaran'!AM40 -> 0 | AH31: ='FS Jimbaran'!AR40 -> 0 | AI31: ='FS Jimbaran'!AQ40 -> 0 | AJ31: ='FS Jimbaran'!AR40 -> 0 | AK31: ='FS Jimbaran'!AY40 -> 0 | AL31: ='FS Jimbaran'!AZ40 -> 0 | AM31: ='FS Jimbaran'!BB40 -> 0 | AN31: ='FS Jimbaran'!BB40 -> 0 | AO31: ='FS Jimbaran'!BK40 -> 0 | AP31: ='FS Jimbaran'!BL40 -> 0 | AQ31: ='FS Jimbaran'!BC40 -> 0 | AR31: ='FS Jimbaran'!BD40 -> 0 | AS31: ='FS Jimbaran'!BM40 -> 0 | AT31: ='FS Jimbaran'!BN40 -> 0 | AU31: ='FS Jimbaran'!BO40 -> 0 | AV31: ='FS Jimbaran'!BP40 -> 0 | AW31: ='FS Jimbaran'!E40 -> 0 | AX31: ='FS Jimbaran'!F40 -> 0 | AY31: ='FS Jimbaran'!O40 -> 0 | AZ31: ='FS Jimbaran'!P40 -> 0 | BA31: ='FS Jimbaran'!W40 -> 0 | BB31: ='FS Jimbaran'!X40 -> 0 | BC31: ='FS Jimbaran'!AI40 -> 0 | BD31: ='FS Jimbaran'!AJ40 -> 0 | BE31: ='FS Jimbaran'!AK40 -> 0 | BF31: ='FS Jimbaran'!AL40 -> 0 | BG31: ='FS Jimbaran'!AM40 -> 0 | BH31: ='FS Jimbaran'!AN40 -> 0 | BI31: ='FS Jimbaran'!AO40 -> 0 | BJ31: ='FS Jimbaran'!AO40 -> 0 | BK31: ='FS Jimbaran'!AQ40 -> 0 | BL31: ='FS Jimbaran'!AR40 -> 0 | BM31: 0 | BN31: 0 | BO31: ='FS Jimbaran'!Q40 -> 0 | BP31: ='FS Jimbaran'!R40 -> 0
A32: Bali Jimbaran | B32: =B31+1 -> 31 | C32: 7 | D32: 2020 | E32: ='FS Jimbaran'!M41 -> 12 | F32: ='FS Jimbaran'!N41 -> 0 | G32: 0 | H32: ='FS Jimbaran'!H41 -> 0 | I32: ='FS Jimbaran'!I41 -> 0 | J32: ='FS Jimbaran'!J41 -> 0 | K32: ='FS Jimbaran'!K41 -> 28.1 | L32: ='FS Jimbaran'!L41 -> 0 | M32: ='FS Jimbaran'!S41 -> 0 | N32: ='FS Jimbaran'!T41 -> 0 | O32: ='FS Jimbaran'!U41 -> 19.5 | P32: ='FS Jimbaran'!V41 -> 0 | Q32: ='FS Jimbaran'!BE41 -> 0 | R32: ='FS Jimbaran'!BF41 -> 0 | S32: ='FS Jimbaran'!BH41 -> 0 | T32: ='FS Jimbaran'!BH41 -> 0 | U32: ='FS Jimbaran'!BI41 -> 0 | V32: ='FS Jimbaran'!BJ41 -> 0 | W32: ='FS Jimbaran'!Y41 -> 0 | X32: ='FS Jimbaran'!Z41 -> 0 | Y32: ='FS Jimbaran'!AA41 -> 0 | Z32: ='FS Jimbaran'!AB41 -> 0 | AA32: ='FS Jimbaran'!AC41 -> 0 | AB32: ='FS Jimbaran'!AD41 -> 0 | AC32: ='FS Jimbaran'!AE41 -> 0 | AD32: ='FS Jimbaran'!AF41 -> 0 | ... AF32: ='FS Jimbaran'!AH41 -> 0 | AG32: ='FS Jimbaran'!AM41 -> 0 | AH32: ='FS Jimbaran'!AR41 -> 0 | AI32: ='FS Jimbaran'!AQ41 -> 0 | AJ32: ='FS Jimbaran'!AR41 -> 0 | AK32: ='FS Jimbaran'!AY41 -> 0 | AL32: ='FS Jimbaran'!AZ41 -> 0 | AM32: ='FS Jimbaran'!BB41 -> 0 | AN32: ='FS Jimbaran'!BB41 -> 0 | AO32: ='FS Jimbaran'!BK41 -> 0 | AP32: ='FS Jimbaran'!BL41 -> 0 | AQ32: ='FS Jimbaran'!BC41 -> 0 | AR32: ='FS Jimbaran'!BD41 -> 0 | AS32: ='FS Jimbaran'!BM41 -> 0 | AT32: ='FS Jimbaran'!BN41 -> 0 | AU32: ='FS Jimbaran'!BO41 -> 0 | AV32: ='FS Jimbaran'!BP41 -> 0 | AW32: ='FS Jimbaran'!E41 -> 23.5 | AX32: ='FS Jimbaran'!F41 -> 0 | AY32: ='FS Jimbaran'!O41 -> 0 | AZ32: ='FS Jimbaran'!P41 -> 0 | BA32: ='FS Jimbaran'!W41 -> 0 | BB32: ='FS Jimbaran'!X41 -> 0 | BC32: ='FS Jimbaran'!AI41 -> 400 | BD32: 0 | BE32: ='FS Jimbaran'!AK41 -> 0 | BF32: ='FS Jimbaran'!AL41 -> 0 | BG32: ='FS Jimbaran'!AM41 -> 0 | BH32: ='FS Jimbaran'!AN41 -> 0 | BI32: ='FS Jimbaran'!AO41 -> 0 | BJ32: ='FS Jimbaran'!AO41 -> 0 | BK32: ='FS Jimbaran'!AQ41 -> 0 | BL32: ='FS Jimbaran'!AR41 -> 0 | BM32: 0 | BN32: 0 | BO32: ='FS Jimbaran'!Q41 -> 0 | BP32: ='FS Jimbaran'!R41 -> 0
E33: ='FS Jimbaran'!M42 -> 130.9 | F33: ='FS Jimbaran'!N42 -> 0 | G33: 0 | H33: ='FS Jimbaran'!H42 -> 0 | I33: ='FS Jimbaran'!I42 -> 0 | J33: ='FS Jimbaran'!J42 -> 0 | K33: ='FS Jimbaran'!K42 -> 376.9 | L33: ='FS Jimbaran'!L42 -> 0 | M33: ='FS Jimbaran'!S42 -> 0 | N33: ='FS Jimbaran'!T42 -> 0 | O33: ='FS Jimbaran'!U42 -> 209.5 | P33: ='FS Jimbaran'!V42 -> 0 | Q33: ='FS Jimbaran'!BE42 -> 0 | R33: ='FS Jimbaran'!BF42 -> 0 | S33: ='FS Jimbaran'!BH42 -> 0 | T33: ='FS Jimbaran'!BH42 -> 0 | U33: ='FS Jimbaran'!BI42 -> 0 | V33: ='FS Jimbaran'!BJ42 -> 0 | W33: ='FS Jimbaran'!Y42 -> 0 | X33: ='FS Jimbaran'!Z42 -> 0 | Y33: ='FS Jimbaran'!AA42 -> 0 | Z33: ='FS Jimbaran'!AB42 -> 0 | AA33: ='FS Jimbaran'!AC42 -> 0 | AB33: ='FS Jimbaran'!AD42 -> 0 | AC33: ='FS Jimbaran'!AE42 -> 0 | AD33: ='FS Jimbaran'!AF42 -> 0 | ... AF33: ='FS Jimbaran'!AH42 -> 0 | AG33: ='FS Jimbaran'!AM42 -> 0 | AH33: ='FS Jimbaran'!AR42 -> 0 | AI33: ='FS Jimbaran'!AQ42 -> 0 | AJ33: ='FS Jimbaran'!AR42 -> 0 | AK33: ='FS Jimbaran'!AY42 -> 0 | AL33: ='FS Jimbaran'!AZ42 -> 0 | AM33: ='FS Jimbaran'!BB42 -> 0 | AN33: ='FS Jimbaran'!BB42 -> 0 | AO33: ='FS Jimbaran'!BK42 -> 0 | AP33: ='FS Jimbaran'!BL42 -> 0 | AQ33: ='FS Jimbaran'!BC42 -> 0 | AR33: ='FS Jimbaran'!BD42 -> 0 | AS33: ='FS Jimbaran'!BM42 -> 0 | AT33: ='FS Jimbaran'!BN42 -> 0 | AU33: ='FS Jimbaran'!BO42 -> 0 | AV33: ='FS Jimbaran'!BP42 -> 0 | AW33: ='FS Jimbaran'!E42 -> 381.6 | AX33: ='FS Jimbaran'!F42 -> 0 | AY33: ='FS Jimbaran'!O42 -> 0 | AZ33: ='FS Jimbaran'!P42 -> 0 | BA33: ='FS Jimbaran'!W42 -> 0 | BB33: ='FS Jimbaran'!X42 -> 0 | BC33: ='FS Jimbaran'!AI42 -> 6656 | BD33: =SUM(BD2:BD32) -> 8284726 | BE33: ='FS Jimbaran'!AK42 -> 0 | BF33: ='FS Jimbaran'!AL42 -> 0 | BG33: ='FS Jimbaran'!AM42 -> 0 | BH33: ='FS Jimbaran'!AN42 -> 0 | BI33: ='FS Jimbaran'!AO42 -> 0 | BJ33: ='FS Jimbaran'!AO42 -> 0 | BK33: ='FS Jimbaran'!AQ42 -> 0 | BL33: ='FS Jimbaran'!AR42 -> 0 | BM33: 0 | BN33: 0 | BO33: ='FS Jimbaran'!Q42 -> 0 | BP33: ='FS Jimbaran'!R42 -> 0

Sheet FS Jimbaran
B6: Four Seasons Resort Bali at Jimbaran Bay
B7: Juli 2020
B8: Date | C8: Room Nights | D8: Food Covers | E8: Paper Waste | K8: Glass Waste | M8: Metal Waste | U8: Plastic Waste | Y8: Organic Waste | AM8: Hazardous Waste | BE8: Recycleable
E10: Total (per Unit) paper cardboard | F10: Total cost paper cardboard | G10: Total (per Unit) cardboard | H10: Total cost cardboard | I10: Total (per Unit) paper | J10: Total cost paper | K10: Total (per Unit) mixed glass | L10: Total cost mixed glass | M10: Total (per Unit) bottles cans | N10: Total cost bottles cans | O10: Total (per Unit) mixed metals | P10: Total cost mixed metals | Q10: Total (per Unit) tin | R10: Total cost tin | S10: Total (per Unit) aluminum | T10: Total cost aluminum | U10: Total (per Unit) plastics | V10: Total cost plastics | W10: Total (per Unit) other plastics | X10: Total cost other plastics | Y10: Total (per Unit) solid food waste | Z10: Total cost solid food waste | AA10: Total (per Unit) leftover food | AB10: Total cost leftover food | AC10: Total (per Unit) inedible parts | AD10: Total cost inedible parts | AE10: Total (per Unit) liquid food waste | AF10: Total cost liquid food waste | AG10: Total (per Unit) kitchen grease | AH10: Total cost kitchen grease | AI10: Total (per Unit) biodegradable | AJ10: Total cost biodegradable | AK10: Total (per Unit) food waste | AL10: Total cost food waste | AM10: Total (per Unit) hazardous waste | AN10: Total cost hazardous waste | AO10: Total (per Unit) universal waste | AP10: Total cost universal waste | AQ10: Total (per Unit) hazardous and universal waste | AR10: Total cost hazardous and universal waste | AS10: Total (per Unit) medical waste | AT10: Total cost medical waste | AU10: Total (per Unit) liquid hazardous waste | AV10: Total cost liquid hazardous waste | AW10: Total (per Unit) other hazardous waste | AX10: Total cost other hazardous waste | AY10: Total (per Unit) batteries | AZ10: Total cost batteries | BA10: Total (per Unit) light bulbs | BB10: Total cost light bulbs | BC10: Total (per Unit) paint | BD10: Total cost paint | BE10: Total (per Unit) soap bars | BF10: Total cost soap bars | BG10: Total (per Unit) e waste | BH10: Total cost e waste | BI10: Total (per Unit) durable goods | BJ10: Total cost durable goods | BK10: Total (per Unit) textiles | BL10: Total cost textiles | BM10: Total (per Unit) recyclable | BN10: Total cost recyclable | BO10: Total (per Unit) commingled recyclables | BP10: Total cost commingled recyclables
B11: 1 | C11: 0 | D11: 0 | E11: 24.1 | F11: 0 | G11: 0 | H11: 0 | I11: 0 | J11: 0 | K11: 25.4 | L11: 0 | M11: 6 | N11: 0 | O11: 0 | P11: 0 | Q11: 0 | R11: 0 | S11: 0 | T11: 0 | U11: 13 | V11: 0 | W11: 0 | X11: 0 | Y11: 0 | Z11: 0 | AA11: 0 | AB11: 0 | AC11: 0 | AD11: 0 | AE11: 0 | AF11: 0 | AG11: 0 | AH11: 0 | AI11: 520 | AJ11: 8284726 | AK11: 0 | AL11: 0 | AM11: 0 | AN11: 0 | AO11: 0 | AP11: 0 | AQ11: 0 | AR11: 0 | AS11: 0 | AT11: 0 | AU11: 0 | AV11: 0 | AW11: 0 | AX11: 0 | AY11: 0 | AZ11: 0 | BA11: 0 | BB11: 0 | BC11: 0 | BD11: 0 | BE11: 0 | BF11: 0 | BG11: 0 | BH11: 0 | BI11: 0 | BJ11: 0 | BK11: 0 | BL11: 0 | BM11: 0 | BN11: 0 | BO11: 0 | BP11: 0
B12: 2 | C12: 0 | D12: 0 | E12: 0 | F12: 0 | G12: 0 | H12: 0 | I12: 0 | J12: 0 | K12: 0 | L12: 0 | M12: 0 | N12: 0 | O12: 0 | P12: 0 | Q12: 0 | R12: 0 | S12: 0 | T12: 0 | U12: 0 | V12: 0 | W12: 0 | X12: 0 | Y12: 0 | Z12: 0 | AA12: 0 | AB12: 0 | AC12: 0 | AD12: 0 | AE12: 0 | AF12: 0 | AG12: 0 | AH12: 0 | AI12: 0 | AJ12: 0 | AK12: 0 | AL12: 0 | AM12: 0 | AN12: 0 | AO12: 0 | AP12: 0 | AQ12: 0 | AR12: 0 | AS12: 0 | AT12: 0 | AU12: 0 | AV12: 0 | AW12: 0 | AX12: 0 | AY12: 0 | AZ12: 0 | BA12: 0 | BB12: 0 | BC12: 0 | BD12: 0 | BE12: 0 | BF12: 0 | BG12: 0 | BH12: 0 | BI12: 0 | BJ12: 0 | BK12: 0 | BL12: 0 | BM12: 0 | BN12: 0 | BO12: 0 | BP12: 0
B13: 3 | C13: 0 | D13: 0 | E13: 21.2 | F13: 0 | G13: 0 | H13: 0 | I13: 0 | J13: 0 | K13: 23.8 | L13: 0 | M13: 6.2 | N13: 0 | O13: 0 | P13: 0 | Q13: 0 | R13: 0 | S13: 0 | T13: 0 | U13: 7.5 | V13: 0 | W13: 0 | X13: 0 | Y13: 0 | Z13: 0 | AA13: 0 | AB13: 0 | AC13: 0 | AD13: 0 | AE13: 0 | AF13: 0 | AG13: 0 | AH13: 0 | AI13: 448 | AJ13: 0 | AK13: 0 | AL13: 0 | AM13: 0 | AN13: 0 | AO13: 0 | AP13: 0 | AQ13: 0 | AR13: 0 | AS13: 0 | AT13: 0 | AU13: 0 | AV13: 0 | AW13: 0 | AX13: 0 | AY13: 0 | AZ13: 0 | BA13: 0 | BB13: 0 | BC13: 0 | BD13: 0 | BE13: 0 | BF13: 0 | BG13: 0 | BH13: 0 | BI13: 0 | BJ13: 0 | BK13: 0 | BL13: 0 | BM13: 0 | BN13: 0 | BO13: 0 | BP13: 0
B14: 4 | C14: 0 | D14: 0 | E14: 0 | F14: 0 | G14: 0 | H14: 0 | I14: 0 | J14: 0 | K14: 0 | L14: 0 | M14: 0 | N14: 0 | O14: 0 | P14: 0 | Q14: 0 | R14: 0 | S14: 0 | T14: 0 | U14: 0 | V14: 0 | W14: 0 | X14: 0 | Y14: 0 | Z14: 0 | AA14: 0 | AB14: 0 | AC14: 0 | AD14: 0 | AE14: 0 | AF14: 0 | AG14: 0 | AH14: 0 | AI14: 0 | AJ14: 0 | AK14: 0 | AL14: 0 | AM14: 0 | AN14: 0 | AO14: 0 | AP14: 0 | AQ14: 0 | AR14: 0 | AS14: 0 | AT14: 0 | AU14: 0 | AV14: 0 | AW14: 0 | AX14: 0 | AY14: 0 | AZ14: 0 | BA14: 0 | BB14: 0 | BC14: 0 | BD14: 0 | BE14: 0 | BF14: 0 | BG14: 0 | BH14: 0 | BI14: 0 | BJ14: 0 | BK14: 0 | BL14: 0 | BM14: 0 | BN14: 0 | BO14: 0 | BP14: 0
B15: 5 | C15: 0 | D15: 0 | E15: 26 | F15: 0 | G15: 0 | H15: 0 | I15: 0 | J15: 0 | K15: 27.2 | L15: 0 | M15: 10.5 | N15: 0 | O15: 0 | P15: 0 | Q15: 0 | R15: 0 | S15: 0 | T15: 0 | U15: 16 | V15: 0 | W15: 0 | X15: 0 | Y15: 0 | Z15: 0 | AA15: 0 | AB15: 0 | AC15: 0 | AD15: 0 | AE15: 0 | AF15: 0 | AG15: 0 | AH15: 0 | AI15: 408 | AJ15: 0 | AK15: 0 | AL15: 0 | AM15: 0 | AN15: 0 | AO15: 0 | AP15: 0 | AQ15: 0 | AR15: 0 | AS15: 0 | AT15: 0 | AU15: 0 | AV15: 0 | AW15: 0 | AX15: 0 | AY15: 0 | AZ15: 0 | BA15: 0 | BB15: 0 | BC15: 0 | BD15: 0 | BE15: 0 | BF15: 0 | BG15: 0 | BH15: 0 | BI15: 0 | BJ15: 0 | BK15: 0 | BL15: 0 | BM15: 0 | BN15: 0 | BO15: 0 | BP15: 0
B16: 6 | C16: 0 | D16: 0 | E16: 0 | F16: 0 | G16: 0 | H16: 0 | I16: 0 | J16: 0 | K16: 0 | L16: 0 | M16: 0 | N16: 0 | O16: 0 | P16: 0 | Q16: 0 | R16: 0 | S16: 0 | T16: 0 | U16: 0 | V16: 0 | W16: 0 | X16: 0 | Y16: 0 | Z16: 0 | AA16: 0 | AB16: 0 | AC16: 0 | AD16: 0 | AE16: 0 | AF16: 0 | AG16: 0 | AH16: 0 | AI16: 0 | AJ16: 0 | AK16: 0 | AL16: 0 | AM16: 0 | AN16: 0 | AO16: 0 | AP16: 0 | AQ16: 0 | AR16: 0 | AS16: 0 | AT16: 0 | AU16: 0 | AV16: 0 | AW16: 0 | AX16: 0 | AY16: 0 | AZ16: 0 | BA16: 0 | BB16: 0 | BC16: 0 | BD16: 0 | BE16: 0 | BF16: 0 | BG16: 0 | BH16: 0 | BI16: 0 | BJ16: 0 | BK16: 0 | BL16: 0 | BM16: 0 | BN16: 0 | BO16: 0 | BP16: 0
B17: 7 | C17: 0 | D17: 0 | E17: 21.8 | F17: 0 | G17: 0 | H17: 0 | I17: 0 | J17: 0 | K17: 16.1 | L17: 0 | M17: 10.3 | N17: 0 | O17: 0 | P17: 0 | Q17: 0 | R17: 0 | S17: 0 | T17: 0 | U17: 12.5 | V17: 0 | W17: 0 | X17: 0 | Y17: 0 | Z17: 0 | AA17: 0 | AB17: 0 | AC17: 0 | AD17: 0 | AE17: 0 | AF17: 0 | AG17: 0 | AH17: 0 | AI17: 544 | AJ17: 0 | AK17: 0 | AL17: 0 | AM17: 0 | AN17: 0 | AO17: 0 | AP17: 0 | AQ17: 0 | AR17: 0 | AS17: 0 | AT17: 0 | AU17: 0 | AV17: 0 | AW17: 0 | AX17: 0 | AY17: 0 | AZ17: 0 | BA17: 0 | BB17: 0 | BC17: 0 | BD17: 0 | BE17: 0 | BF17: 0 | BG17: 0 | BH17: 0 | BI17: 0 | BJ17: 0 | BK17: 0 | BL17: 0 | BM17: 0 | BN17: 0 | BO17: 0 | BP17: 0
B18: 8 | C18: 0 | D18: 0 | E18: 0 | F18: 0 | G18: 0 | H18: 0 | I18: 0 | J18: 0 | K18: 0 | L18: 0 | M18: 0 | N18: 0 | O18: 0 | P18: 0 | Q18: 0 | R18: 0 | S18: 0 | T18: 0 | U18: 0 | V18: 0 | W18: 0 | X18: 0 | Y18: 0 | Z18: 0 | AA18: 0 | AB18: 0 | AC18: 0 | AD18: 0 | AE18: 0 | AF18: 0 | AG18: 0 | AH18: 0 | AI18: 0 | AJ18: 0 | AK18: 0 | AL18: 0 | AM18: 0 | AN18: 0 | AO18: 0 | AP18: 0 | AQ18: 0 | AR18: 0 | AS18: 0 | AT18: 0 | AU18: 0 | AV18: 0 | AW18: 0 | AX18: 0 | AY18: 0 | AZ18: 0 | BA18: 0 | BB18: 0 | BC18: 0 | BD18: 0 | BE18: 0 | BF18: 0 | BG18: 0 | BH18: 0 | BI18: 0 | BJ18: 0 | BK18: 0 | BL18: 0 | BM18: 0 | BN18: 0 | BO18: 0 | BP18: 0
B19: 9 | C19: 0 | D19: 0 | E19: 19.8 | F19: 0 | G19: 0 | H19: 0 | I19: 0 | J19: 0 | K19: 27.7 | L19: 0 | M19: 3.6 | N19: 0 | O19: 0 | P19: 0 | Q19: 0 | R19: 0 | S19: 0 | T19: 0 | U19: 8 | V19: 0 | W19: 0 | X19: 0 | Y19: 0 | Z19: 0 | AA19: 0 | AB19: 0 | AC19: 0 | AD19: 0 | AE19: 0 | AF19: 0 | AG19: 0 | AH19: 0 | AI19: 456 | AJ19: 0 | AK19: 0 | AL19: 0 | AM19: 0 | AN19: 0 | AO19: 0 | AP19: 0 | AQ19: 0 | AR19: 0 | AS19: 0 | AT19: 0 | AU19: 0 | AV19: 0 | AW19: 0 | AX19: 0 | AY19: 0 | AZ19: 0 | BA19: 0 | BB19: 0 | BC19: 0 | BD19: 0 | BE19: 0 | BF19: 0 | BG19: 0 | BH19: 0 | BI19: 0 | BJ19: 0 | BK19: 0 | BL19: 0 | BM19: 0 | BN19: 0 | BO19: 0 | BP19: 0
B20: 10 | C20: 0 | D20: 0 | E20: 0 | F20: 0 | G20: 0 | H20: 0 | I20: 0 | J20: 0 | K20: 0 | L20: 0 | M20: 0 | N20: 0 | O20: 0 | P20: 0 | Q20: 0 | R20: 0 | S20: 0 | T20: 0 | U20: 0 | V20: 0 | W20: 0 | X20: 0 | Y20: 0 | Z20: 0 | AA20: 0 | AB20: 0 | AC20: 0 | AD20: 0 | AE20: 0 | AF20: 0 | AG20: 0 | AH20: 0 | AI20: 0 | AJ20: 0 | AK20: 0 | AL20: 0 | AM20: 0 | AN20: 0 | AO20: 0 | AP20: 0 | AQ20: 0 | AR20: 0 | AS20: 0 | AT20: 0 | AU20: 0 | AV20: 0 | AW20: 0 | AX20: 0 | AY20: 0 | AZ20: 0 | BA20: 0 | BB20: 0 | BC20: 0 | BD20: 0 | BE20: 0 | BF20: 0 | BG20: 0 | BH20: 0 | BI20: 0 | BJ20: 0 | BK20: 0 | BL20: 0 | BM20: 0 | BN20: 0 | BO20: 0 | BP20: 0
B21: 11 | C21: 0 | D21: 0 | E21: 21.2 | F21: 0 | G21: 0 | H21: 0 | I21: 0 | J21: 0 | K21: 23.3 | L21: 0 | M21: 8.8 | N21: 0 | O21: 0 | P21: 0 | Q21: 0 | R21: 0 | S21: 0 | T21: 0 | U21: 17.5 | V21: 0 | W21: 0 | X21: 0 | Y21: 0 | Z21: 0 | AA21: 0 | AB21: 0 | AC21: 0 | AD21: 0 | AE21: 0 | AF21: 0 | AG21: 0 | AH21: 0 | AI21: 328 | AJ21: 0 | AK21: 0 | AL21: 0 | AM21: 0 | AN21: 0 | AO21: 0 | AP21: 0 | AQ21: 0 | AR21: 0 | AS21: 0 | AT21: 0 | AU21: 0 | AV21: 0 | AW21: 0 | AX21: 0 | AY21: 0 | AZ21: 0 | BA21: 0 | BB21: 0 | BC21: 0 | BD21: 0 | BE21: 0 | BF21: 0 | BG21: 0 | BH21: 0 | BI21: 0 | BJ21: 0 | BK21: 0 | BL21: 0 | BM21: 0 | BN21: 0 | BO21: 0 | BP21: 0
B22: 12 | C22: 0 | D22: 0 | E22: 0 | F22: 0 | G22: 0 | H22: 0 | I22: 0 | J22: 0 | K22: 0 | L22: 0 | M22: 0 | N22: 0 | O22: 0 | P22: 0 | Q22: 0 | R22: 0 | S22: 0 | T22: 0 | U22: 0 | V22: 0 | W22: 0 | X22: 0 | Y22: 0 | Z22: 0 | AA22: 0 | AB22: 0 | AC22: 0 | AD22: 0 | AE22: 0 | AF22: 0 | AG22: 0 | AH22: 0 | AI22: 0 | AJ22: 0 | AK22: 0 | AL22: 0 | AM22: 0 | AN22: 0 | AO22: 0 | AP22: 0 | AQ22: 0 | AR22: 0 | AS22: 0 | AT22: 0 | AU22: 0 | AV22: 0 | AW22: 0 | AX22: 0 | AY22: 0 | AZ22: 0 | BA22: 0 | BB22: 0 | BC22: 0 | BD22: 0 | BE22: 0 | BF22: 0 | BG22: 0 | BH22: 0 | BI22: 0 | BJ22: 0 | BK22: 0 | BL22: 0 | BM22: 0 | BN22: 0 | BO22: 0 | BP22: 0
... B40: 30 | C40: 0 | D40: 0 | E40: 0 | F40: 0 | G40: 0 | H40: 0 | I40: 0 | J40: 0 | K40: 0 | L40: 0 | M40: 0 | N40: 0 | O40: 0 | P40: 0 | Q40: 0 | R40: 0 | S40: 0 | T40: 0 | U40: 0 | V40: 0 | W40: 0 | X40: 0 | Y40: 0 | Z40: 0 | AA40: 0 | AB40: 0 | AC40: 0 | AD40: 0 | AE40: 0 | AF40: 0 | AG40: 0 | AH40: 0 | AI40: 0 | AJ40: 0 | AK40: 0 | AL40: 0 | AM40: 0 | AN40: 0 | AO40: 0 | AP40: 0 | AQ40: 0 | AR40: 0 | AS40: 0 | AT40: 0 | AU40: 0 | AV40: 0 | AW40: 0 | AX40: 0 | AY40: 0 | AZ40: 0 | BA40: 0 | BB40: 0 | BC40: 0 | BD40: 0 | BE40: 0 | BF40: 0 | BG40: 0 | BH40: 0 | BI40: 0 | BJ40: 0 | BK40: 0 | BL40: 0 | BM40: 0 | BN40: 0 | BO40: 0 | BP40: 0
B41: 31 | C41: 0 | D41: 0 | E41: 23.5 | F41: 0 | G41: 0 | H41: 0 | I41: 0 | J41: 0 | K41: 28.1 | L41: 0 | M41: 12 | N41: 0 | O41: 0 | P41: 0 | Q41: 0 | R41: 0 | S41: 0 | T41: 0 | U41: 19.5 | V41: 0 | W41: 0 | X41: 0 | Y41: 0 | Z41: =SUM(Z11:Z38) -> 0 | AA41: 0 | AB41: 0 | AC41: 0 | AD41: 0 | AE41: 0 | AF41: 0 | AG41: 0 | AH41: 0 | AI41: 400 | AJ41: 0 | AK41: 0 | AL41: 0 | AM41: 0 | AN41: 0 | AO41: 0 | AP41: 0 | AQ41: 0 | AR41: 0 | AS41: 0 | AT41: 0 | AU41: 0 | AV41: 0 | AW41: 0 | AX41: 0 | AY41: 0 | AZ41: 0 | BA41: 0 | BB41: 0 | BC41: 0 | BD41: 0 | BE41: 0 | BF41: 0 | BG41: 0 | BH41: 0 | BI41: 0 | BJ41: 0 | BK41: 0 | BL41: 0 | BM41: 0 | BN41: 0 | BO41: 0 | BP41: 0
E42: =SUM(E11:E41) -> 381.6 | F42: =SUM(F11:F41) -> 0 | G42: =SUM(G11:G41) -> 0 | H42: =SUM(H11:H41) -> 0 | I42: =SUM(I11:I41) -> 0 | J42: =SUM(J11:J41) -> 0 | K42: =SUM(K11:K41) -> 376.9 | L42: =SUM(L11:L41) -> 0 | ... BP42: =SUM(BP11:BP41) -> 0
