Workbook

Sheet Bali Jimbaran_HEP_Daily (Total)
A1: Site Name | B1: Day | C1: Month | D1: Year | E1: Total Electricity Kwh | F1: Electricity Tariff ($/Kwh) | G1: LPG (Kg) | H1: LPG $/Kg | I1: Total Fuel Oil (Liter) | J1: Fuel Oil $/Liter | K1: Water Utility Supply (m3) m3 | L1: Water Utility Supply (m3) $/m3 | M1: Room Nights | N1: Total Guests
A2: Bali Jimbaran | B2: 1 | C2: 5 | D2: 2019 | E2: ='Localize Daily Bali Jimbaran'!P7 -> 25840 | F2: ='Localize Daily Bali Jimbaran'!O7/'Localize Daily Bali Jimbaran'!P7 -> 1183.1101 | G2: ='Localize Daily Bali Jimbaran'!AC7 -> 329.16472 | H2: ='Localize Daily Bali Jimbaran'!AD7/'Localize Daily Bali Jimbaran'!AC7 -> 10760.412 | I2: ='Localize Daily Bali Jimbaran'!AH7 -> 537.66 | J2: ='Localize Daily Bali Jimbaran'!AI7/'Localize Daily Bali Jimbaran'!AH7 -> 10400 | K2: ='Localize Daily Bali Jimbaran'!Q7 -> 492 | L2: ='Localize Daily Bali Jimbaran'!V7/'Localize Daily Bali Jimbaran'!Q7 -> 9266.6385 | M2: 146 | N2: 258
A3: Bali Jimbaran | B3: 2 | C3: 5 | D3: 2019 | E3: ='Localize Daily Bali Jimbaran'!P8 -> 26180 | F3: ='Localize Daily Bali Jimbaran'!O8/'Localize Daily Bali Jimbaran'!P8 -> 1180.2076 | G3: ='Localize Daily Bali Jimbaran'!AC8 -> 282.7226 | H3: ='Localize Daily Bali Jimbaran'!AD8/'Localize Daily Bali Jimbaran'!AC8 -> 11482.309 | I3: ='Localize Daily Bali Jimbaran'!AH8 -> 770.24 | J3: ='Localize Daily Bali Jimbaran'!AI8/'Localize Daily Bali Jimbaran'!AH8 -> 10400 | K3: ='Localize Daily Bali Jimbaran'!Q8 -> 408 | L3: ='Localize Daily Bali Jimbaran'!V8/'Localize Daily Bali Jimbaran'!Q8 -> 8988.4891 | M3: 66 | N3: 140
A4: Bali Jimbaran | B4: 3 | C4: 5 | D4: 2019 | E4: ='Localize Daily Bali Jimbaran'!P9 -> 25480 | F4: ='Localize Daily Bali Jimbaran'!O9/'Localize Daily Bali Jimbaran'!P9 -> 1184.46 | G4: ='Localize Daily Bali Jimbaran'!AC9 -> 191.86272 | H4: ='Localize Daily Bali Jimbaran'!AD9/'Localize Daily Bali Jimbaran'!AC9 -> 11154.477 | I4: ='Localize Daily Bali Jimbaran'!AH9 -> 534.8 | J4: ='Localize Daily Bali Jimbaran'!AI9/'Localize Daily Bali Jimbaran'!AH9 -> 10400 | K4: ='Localize Daily Bali Jimbaran'!Q9 -> 537 | L4: ='Localize Daily Bali Jimbaran'!V9/'Localize Daily Bali Jimbaran'!Q9 -> 7900.1535 | M4: 87 | N4: 202
A5: Bali Jimbaran | B5: 4 | C5: 5 | D5: 2019 | E5: ='Localize Daily Bali Jimbaran'!P10 -> 24240 | F5: ='Localize Daily Bali Jimbaran'!O10/'Localize Daily Bali Jimbaran'!P10 -> 1186.7244 | G5: ='Localize Daily Bali Jimbaran'!AC10 -> 24 | H5: ='Localize Daily Bali Jimbaran'!AD10/'Localize Daily Bali Jimbaran'!AC10 -> 11625 | I5: ='Localize Daily Bali Jimbaran'!AH10 -> 534.42 | J5: ='Localize Daily Bali Jimbaran'!AI10/'Localize Daily Bali Jimbaran'!AH10 -> 10400 | K5: ='Localize Daily Bali Jimbaran'!Q10 -> 483 | L5: ='Localize Daily Bali Jimbaran'!V10/'Localize Daily Bali Jimbaran'!Q10 -> 9843.2919 | M5: 73 | N5: 180
A6: Bali Jimbaran | B6: 5 | C6: 5 | D6: 2019 | E6: ='Localize Daily Bali Jimbaran'!P11 -> 25500 | F6: ='Localize Daily Bali Jimbaran'!O11/'Localize Daily Bali Jimbaran'!P11 -> 1181.825 | G6: ='Localize Daily Bali Jimbaran'!AC11 -> 141.54048 | H6: ='Localize Daily Bali Jimbaran'!AD11/'Localize Daily Bali Jimbaran'!AC11 -> 10803.774 | I6: ='Localize Daily Bali Jimbaran'!AH11 -> 539.98 | J6: ='Localize Daily Bali Jimbaran'!AI11/'Localize Daily Bali Jimbaran'!AH11 -> 10400 | K6: ='Localize Daily Bali Jimbaran'!Q11 -> 468 | L6: ='Localize Daily Bali Jimbaran'!V11/'Localize Daily Bali Jimbaran'!Q11 -> 10286.667 | M6: 53 | N6: 144
A7: Bali Jimbaran | B7: 6 | C7: 5 | D7: 2019 | E7: ='Localize Daily Bali Jimbaran'!P12 -> 24560 | F7: ='Localize Daily Bali Jimbaran'!O12/'Localize Daily Bali Jimbaran'!P12 -> 1181.8899 | G7: ='Localize Daily Bali Jimbaran'!AC12 -> 135.1394 | H7: ='Localize Daily Bali Jimbaran'!AD12/'Localize Daily Bali Jimbaran'!AC12 -> 10727.7 | I7: ='Localize Daily Bali Jimbaran'!AH12 -> 426.75 | J7: ='Localize Daily Bali Jimbaran'!AI12/'Localize Daily Bali Jimbaran'!AH12 -> 10400 | K7: ='Localize Daily Bali Jimbaran'!Q12 -> 475 | L7: ='Localize Daily Bali Jimbaran'!V12/'Localize Daily Bali Jimbaran'!Q12 -> 10053.158 | M7: 42 | N7: 116
A8: Bali Jimbaran | B8: 7 | C8: 5 | D8: 2019 | E8: ='Localize Daily Bali Jimbaran'!P13 -> 24120 | F8: ='Localize Daily Bali Jimbaran'!O13/'Localize Daily Bali Jimbaran'!P13 -> 1181.356 | G8: ='Localize Daily Bali Jimbaran'!AC13 -> 398.5492 | H8: ='Localize Daily Bali Jimbaran'!AD13/'Localize Daily Bali Jimbaran'!AC13 -> 11646.89 | I8: ='Localize Daily Bali Jimbaran'!AH13 -> 428.76 | J8: ='Localize Daily Bali Jimbaran'!AI13/'Localize Daily Bali Jimbaran'!AH13 -> 10400 | K8: ='Localize Daily Bali Jimbaran'!Q13 -> 339 | L8: ='Localize Daily Bali Jimbaran'!V13/'Localize Daily Bali Jimbaran'!Q13 -> 11532.961 | M8: 42 | N8: 108
A9: Bali Jimbaran | B9: 8 | C9: 5 | D9: 2019 | E9: ='Localize Daily Bali Jimbaran'!P14 -> 23460 | F9: ='Localize Daily Bali Jimbaran'!O14/'Localize Daily Bali Jimbaran'!P14 -> 1182.1402 | G9: ='Localize Daily Bali Jimbaran'!AC14 -> 202.58776 | H9: ='Localize Daily Bali Jimbaran'!AD14/'Localize Daily Bali Jimbaran'!AC14 -> 11046.602 | I9: ='Localize Daily Bali Jimbaran'!AH14 -> 508.06 | J9: ='Localize Daily Bali Jimbaran'!AI14/'Localize Daily Bali Jimbaran'!AH14 -> 10400 | K9: ='Localize Daily Bali Jimbaran'!Q14 -> 444 | L9: ='Localize Daily Bali Jimbaran'!V14/'Localize Daily Bali Jimbaran'!Q14 -> 11664.272 | M9: 45 | N9: 114
A10: Bali Jimbaran | B10: 9 | C10: 5 | D10: 2019 | E10: ='Localize Daily Bali Jimbaran'!P15 -> 24140 | F10: ='Localize Daily Bali Jimbaran'!O15/'Localize Daily Bali Jimbaran'!P15 -> 1182.6299 | G10: ='Localize Daily Bali Jimbaran'!AC15 -> 342.75232 | H10: ='Localize Daily Bali Jimbaran'!AD15/'Localize Daily Bali Jimbaran'!AC15 -> 11557.629 | I10: ='Localize Daily Bali Jimbaran'!AH15 -> 782.94 | J10: ='Localize Daily Bali Jimbaran'!AI15/'Localize Daily Bali Jimbaran'!AH15 -> 10400 | K10: ='Localize Daily Bali Jimbaran'!Q15 -> 422 | L10: ='Localize Daily Bali Jimbaran'!V15/'Localize Daily Bali Jimbaran'!Q15 -> 9709.2884 | M10: 48 | N10: 120
A11: Bali Jimbaran | B11: 10 | C11: 5 | D11: 2019 | E11: ='Localize Daily Bali Jimbaran'!P16 -> 23960 | F11: ='Localize Daily Bali Jimbaran'!O16/'Localize Daily Bali Jimbaran'!P16 -> 1186.9753 | G11: ='Localize Daily Bali Jimbaran'!AC16 -> 148.91172 | H11: ='Localize Daily Bali Jimbaran'!AD16/'Localize Daily Bali Jimbaran'!AC16 -> 10800.009 | I11: ='Localize Daily Bali Jimbaran'!AH16 -> 594.8 | J11: ='Localize Daily Bali Jimbaran'!AI16/'Localize Daily Bali Jimbaran'!AH16 -> 10400 | K11: ='Localize Daily Bali Jimbaran'!Q16 -> 439 | L11: ='Localize Daily Bali Jimbaran'!V16/'Localize Daily Bali Jimbaran'!Q16 -> 9966.6687 | M11: 56 | N11: 127
A12: Bali Jimbaran | B12: 11 | C12: 5 | D12: 2019 | E12: ='Localize Daily Bali Jimbaran'!P17 -> 24320 | F12: ='Localize Daily Bali Jimbaran'!O17/'Localize Daily Bali Jimbaran'!P17 -> 1181.032 | G12: ='Localize Daily Bali Jimbaran'!AC17 -> 311.51936 | H12: ='Localize Daily Bali Jimbaran'!AD17/'Localize Daily Bali Jimbaran'!AC17 -> 11447.118 | I12: ='Localize Daily Bali Jimbaran'!AH17 -> 553.94 | J12: ='Localize Daily Bali Jimbaran'!AI17/'Localize Daily Bali Jimbaran'!AH17 -> 10400 | K12: ='Localize Daily Bali Jimbaran'!Q17 -> 404 | L12: ='Localize Daily Bali Jimbaran'!V17/'Localize Daily Bali Jimbaran'!Q17 -> 12025.126 | M12: 85 | N12: 184
A13: Bali Jimbaran | B13: 12 | C13: 5 | D13: 2019 | E13: ='Localize Daily Bali Jimbaran'!P18 -> 24080 | F13: ='Localize Daily Bali Jimbaran'!O18/'Localize Daily Bali Jimbaran'!P18 -> 1188.7382 | G13: ='Localize Daily Bali Jimbaran'!AC18 -> 195.68588 | H13: ='Localize Daily Bali Jimbaran'!AD18/'Localize Daily Bali Jimbaran'!AC18 -> 11201.164 | I13: ='Localize Daily Bali Jimbaran'!AH18 -> 479.11 | J13: ='Localize Daily Bali Jimbaran'!AI18/'Localize Daily Bali Jimbaran'!AH18 -> 10400 | K13: ='Localize Daily Bali Jimbaran'!Q18 -> 236 | L13: ='Localize Daily Bali Jimbaran'!V18/'Localize Daily Bali Jimbaran'!Q18 -> 13317.849 | M13: 110 | N13: 222
... A32: Bali Jimbaran | B32: 31 | C32: 5 | D32: 2019 | E32: ='Localize Daily Bali Jimbaran'!P37 -> 23760 | F32: ='Localize Daily Bali Jimbaran'!O37/'Localize Daily Bali Jimbaran'!P37 -> 1182.3193 | G32: ='Localize Daily Bali Jimbaran'!AC37 -> 160.02556 | H32: ='Localize Daily Bali Jimbaran'!AD37/'Localize Daily Bali Jimbaran'!AC37 -> 10862.274 | I32: ='Localize Daily Bali Jimbaran'!AH37 -> 649.05 | J32: ='Localize Daily Bali Jimbaran'!AI37/'Localize Daily Bali Jimbaran'!AH37 -> 10400 | K32: ='Localize Daily Bali Jimbaran'!Q37 -> 485 | L32: ='Localize Daily Bali Jimbaran'!V37/'Localize Daily Bali Jimbaran'!Q37 -> 8744.821 | M32: 71 | N32: 191
E33: =SUM(E2:E32) -> 739560 | F33: 1180.8468 | G33: =SUM(G2:G32) -> 6953.7274 | H33: 11246.752 | I33: =SUM(I2:I32) -> 24267.37 | J33: 10400 | K33: =SUM(K2:K32) -> 12686 | L33: 9450.3286 | M33: =SUM(M2:M32) -> 2127 | N33: =SUM(N2:N32) -> 4920

Sheet Localize Daily Bali Jimbaran
B2: Four Seasons Resort Bali at Jimbaran Bay
B3: MAY 2019
B4: Date | C4: Room Nights | D4: Food Covers | E4: ELECTRICITY Resort & Sundara | Q4: WATER | W4: GAS
E5: Electricity Resort | J5: Electricity - Sundara | O5: Sub Total (Resort & Sundara) Cost (IDR) | P5: Sub Total (Resort & Sundara), KWh | R5: Water (m3) | T5: Water (m3) | V5: Total Water Cost | W5: LPG | AE5: Diesel
E6: BASED LOAD KWh (from 10 pm - 6 pm) | F6: Cost (IDR) | G6: PEAK LOAD KWh (from 6 pm - 10 pm) | H6: Cost (IDR) | I6: Resort Cost (IDR) | J6: BASED LOAD KWh (from 10 pm - 6 pm) | K6: Cost (IDR) | L6: PEAK LOAD KWh (from 6 pm - 10 pm) | M6: Cost (IDR) | N6: Sundara Cost (IDR) | Q6: Water consumption (m3) | R6: Municipal Water (m3) | S6: Municipal Water cost (IDR) | T6: Deepwell Consumption (m3) | U6: Deepwell water Cost (IDR) | V6: IDR | W6: LPG Bulk (m3) | X6: 50 Kg IVD & TW (tube) | Y6: Sundara 50 kg (tube) | Z6: Jala 50 kg (tube) | AA6: Canteen and Comissary 50Kg (tube) | AB6: 12 Kg (tube) | AC6: Total kg | AD6: IDR | AE6: Gasoline | AF6: Steam (liters) | AG6: Onsite Generators (liters) | AH6: Total liters | AI6: IDR
B7: 1 | C7: 66 | D7: 663 | E7: 19200 | F7: 20881325 | G7: 4040 | H7: 6590668.1 | I7: =F7+H7 -> 27471993 | J7: 2100 | K7: 2283894.9 | L7: 500 | M7: 815676.75 | N7: =K7+M7 -> 3099571.7 | O7: =I7+N7 -> 30571565 | P7: =E7+G7+J7+L7 -> 25840 | Q7: =R7+T7 -> 492 | R7: 180 | S7: 3234690 | T7: 312 | U7: 1324496.2 | V7: =S7+U7 -> 4559186.2 | W7: 317.16472 | Y7: 0 | AB7: 12 | AC7: =W7+X7+Y7+Z7+AA7+AB7 -> 329.16472 | AD7: 3541948 | AF7: 537.66 | AG7: 0 | AH7: =AF7+AG7 -> 537.66 | AI7: 5591664
B8: 2 | C8: 75 | D8: 547 | E8: 19720 | F8: 21446861 | G8: 3960 | H8: 6460159.9 | I8: =F8+H8 -> 27907021 | J8: 2000 | K8: 2175138 | L8: 500 | M8: 815676.75 | N8: =K8+M8 -> 2990814.8 | O8: =I8+N8 -> 30897835 | P8: =E8+G8+J8+L8 -> 26180 | Q8: =R8+T8 -> 408 | R8: 141 | S8: 2533840.5 | T8: 267 | U8: 1133463.1 | V8: =S8+U8 -> 3667303.6 | W8: 132.7226 | Y8: 150 | AB8: 0 | AC8: =W8+X8+Y8+Z8+AA8+AB8 -> 282.7226 | AD8: 3246308.2 | AF8: 691.54 | AG8: 78.7 | AH8: =AF8+AG8 -> 770.24 | AI8: 8010496
B9: 3 | C9: 75 | D9: 530 | E9: 18920 | F9: 20576805 | G9: 4040 | H9: 6590668.1 | I9: =F9+H9 -> 27167474 | J9: 2020 | K9: 2196889.4 | L9: 500 | M9: 815676.75 | N9: =K9+M9 -> 3012566.1 | O9: =I9+N9 -> 30180040 | P9: =E9+G9+J9+L9 -> 25480 | Q9: =R9+T9 -> 537 | R9: 143 | S9: 2569781.5 | T9: 394 | U9: 1672600.9 | V9: =S9+U9 -> 4242382.4 | W9: 129.86272 | Y9: 0 | Z9: 50 | AB9: 12 | AC9: =W9+X9+Y9+Z9+AA9+AB9 -> 191.86272 | AD9: 2140128.3 | AF9: 534.8 | AG9: 0 | AH9: =AF9+AG9 -> 534.8 | AI9: 5561920
B10: 4 | C10: 87 | D10: 671 | E10: 17760 | F10: 19315225 | G10: 3920 | H10: 6394905.7 | I10: =F10+H10 -> 25710131 | J10: 2060 | K10: 2240392.1 | L10: 500 | M10: 815676.75 | N10: =K10+M10 -> 3056068.9 | O10: =I10+N10 -> 28766200 | P10: =E10+G10+J10+L10 -> 24240 | Q10: =R10+T10 -> 483 | R10: 197 | S10: 3540188.5 | T10: 286 | U10: 1214121.5 | V10: =S10+U10 -> 4754310 | W10: 0 | Y10: 0 | AB10: 24 | AC10: =W10+X10+Y10+Z10+AA10+AB10 -> 24 | AD10: 279000 | AF10: 534.42 | AG10: 0 | AH10: =AF10+AG10 -> 534.42 | AI10: 5557968
B11: 5 | C11: 61 | D11: 658 | E11: 18960 | F11: 20620308 | G11: 3920 | H11: 6394905.7 | I11: =F11+H11 -> 27015214 | J11: 2120 | K11: 2305646.3 | L11: 500 | M11: 815676.75 | N11: =K11+M11 -> 3121323 | O11: =I11+N11 -> 30136537 | P11: =E11+G11+J11+L11 -> 25500 | Q11: =R11+T11 -> 468 | R11: 206 | S11: 3701923 | T11: 262 | U11: 1112237.2 | V11: =S11+U11 -> 4814160.2 | W11: 129.54048 | Y11: 0 | AB11: 12 | AC11: =W11+X11+Y11+Z11+AA11+AB11 -> 141.54048 | AD11: 1529171.4 | AF11: 539.98 | AG11: 0 | AH11: =AF11+AG11 -> 539.98 | AI11: 5615792
B12: 6 | C12: 49 | D12: 670 | E12: 18400 | F12: 20011270 | G12: 3760 | H12: 6133889.2 | I12: =F12+H12 -> 26145159 | J12: 1900 | K12: 2066381.1 | L12: 500 | M12: 815676.75 | N12: =K12+M12 -> 2882057.8 | O12: =I12+N12 -> 29027217 | P12: =E12+G12+J12+L12 -> 24560 | Q12: =R12+T12 -> 475 | R12: 201 | S12: 3612070.5 | T12: 274 | U12: 1163179.3 | V12: =S12+U12 -> 4775249.8 | W12: 135.1394 | Y12: 0 | AB12: 0 | AC12: =W12+X12+Y12+Z12+AA12+AB12 -> 135.1394 | AD12: 1449734.9 | AF12: 426.15 | AG12: 0.6 | AH12: =AF12+AG12 -> 426.75 | AI12: 4438200
B13: 7 | C13: 44 | D13: 440 | E13: 18000 | F13: 19576242 | G13: 3680 | H13: 6003380.9 | I13: =F13+H13 -> 25579623 | J13: 1960 | K13: 2131635.2 | L13: 480 | M13: 783049.68 | N13: =K13+M13 -> 2914684.9 | O13: =I13+N13 -> 28494308 | P13: =E13+G13+J13+L13 -> 24120 | Q13: =R13+T13 -> 339 | R13: 180 | S13: 3234690 | T13: 159 | U13: 674983.62 | V13: =S13+U13 -> 3909673.6 | W13: 136.5492 | Y13: 250 | AB13: 12 | AC13: =W13+X13+Y13+Z13+AA13+AB13 -> 398.5492 | AD13: 4641858.9 | AF13: 428.76 | AG13: 0 | AH13: =AF13+AG13 -> 428.76 | AI13: 4459104
B14: 8 | C14: 45 | D14: 535 | E14: 17520 | F14: 19054209 | G14: 3600 | H14: 5872872.6 | I14: =F14+H14 -> 24927081 | J14: 1860 | K14: 2022878.3 | L14: 480 | M14: 783049.68 | N14: =K14+M14 -> 2805928 | O14: =I14+N14 -> 27733009 | P14: =E14+G14+J14+L14 -> 23460 | Q14: =R14+T14 -> 444 | R14: 240 | S14: 4312920 | T14: 204 | U14: 866016.72 | V14: =S14+U14 -> 5178936.7 | W14: 130.58776 | Y14: 0 | AB14: 72 | AC14: =W14+X14+Y14+Z14+AA14+AB14 -> 202.58776 | AD14: 2237906.3 | AF14: 508.06 | AG14: 0 | AH14: =AF14+AG14 -> 508.06 | AI14: 5283824
B15: 9 | C15: 39 | D15: 433 | E15: 18080 | F15: 19663248 | G15: 3720 | H15: 6068635 | I15: =F15+H15 -> 25731883 | J15: 1840 | K15: 2001127 | L15: 500 | M15: 815676.75 | N15: =K15+M15 -> 2816803.7 | O15: =I15+N15 -> 28548686 | P15: =E15+G15+J15+L15 -> 24140 | Q15: =R15+T15 -> 422 | R15: 168 | S15: 3019044 | T15: 254 | U15: 1078275.7 | V15: =S15+U15 -> 4097319.7 | W15: 142.75232 | Y15: 150 | Z15: 50 | AB15: 0 | AC15: =W15+X15+Y15+Z15+AA15+AB15 -> 342.75232 | AD15: 3961404.1 | AF15: 705.14 | AG15: 77.8 | AH15: =AF15+AG15 -> 782.94 | AI15: 8142576
B16: 10 | C16: 43 | D16: 601 | E16: 17640 | F16: 19184717 | G16: 3880 | H16: 6329651.6 | I16: =F16+H16 -> 25514369 | J16: 1940 | K16: 2109883.9 | L16: 500 | M16: 815676.75 | N16: =K16+M16 -> 2925560.6 | O16: =I16+N16 -> 28439929 | P16: =E16+G16+J16+L16 -> 23960 | Q16: =R16+T16 -> 439 | R16: 183 | S16: 3288601.5 | T16: 256 | U16: 1086766.1 | V16: =S16+U16 -> 4375367.6 | W16: 136.91172 | Y16: 0 | AB16: 12 | AC16: =W16+X16+Y16+Z16+AA16+AB16 -> 148.91172 | AD16: 1608247.9 | AF16: 594.8 | AG16: 0 | AH16: =AF16+AG16 -> 594.8 | AI16: 6185920
B17: 11 | C17: 37 | D17: 438 | E17: 18080 | F17: 19663248 | G17: 3720 | H17: 6068635 | I17: =F17+H17 -> 25731883 | J17: 2060 | K17: 2240392.1 | L17: 460 | M17: 750422.61 | N17: =K17+M17 -> 2990814.7 | O17: =I17+N17 -> 28722697 | P17: =E17+G17+J17+L17 -> 24320 | Q17: =R17+T17 -> 404 | R17: 229 | S17: 4115244.5 | T17: 175 | U17: 742906.5 | V17: =S17+U17 -> 4858151 | W17: 149.51936 | Y17: 150 | AB17: 12 | AC17: =W17+X17+Y17+Z17+AA17+AB17 -> 311.51936 | AD17: 3565998.8 | AF17: 553.94 | AG17: 0 | AH17: =AF17+AG17 -> 553.94 | AI17: 5760976
B18: 12 | C18: 50 | D18: 369 | E18: 17880 | F18: 19445734 | G18: 4000 | H18: 6525414 | I18: =F18+H18 -> 25971148 | J18: 1720 | K18: 1870618.7 | L18: 480 | M18: 783049.68 | N18: =K18+M18 -> 2653668.4 | O18: =I18+N18 -> 28624816 | P18: =E18+G18+J18+L18 -> 24080 | Q18: =R18+T18 -> 236 | R18: 156 | S18: 2803398 | T18: 80 | U18: 339614.4 | V18: =S18+U18 -> 3143012.4 | W18: 121.68588 | Y18: 50 | AB18: 24 | AC18: =W18+X18+Y18+Z18+AA18+AB18 -> 195.68588 | AD18: 2191909.6 | AF18: 479.01 | AG18: 0.1 | AH18: =AF18+AG18 -> 479.11 | AI18: 4982744
B19: 13 | C19: 103 | D19: 603 | E19: 18080 | F19: 19663248 | G19: 3840 | H19: 6264397.4 | I19: =F19+H19 -> 25927645 | J19: 1980 | K19: 2153386.6 | L19: 500 | M19: 815676.75 | N19: =K19+M19 -> 2969063.4 | O19: =I19+N19 -> 28896708 | P19: =E19+G19+J19+L19 -> 24400 | Q19: =R19+T19 -> 266 | R19: 156 | S19: 2803398 | T19: 110 | U19: 466969.8 | V19: =S19+U19 -> 3270367.8 | W19: 149.59992 | Y19: 0 | AB19: 0 | AC19: =W19+X19+Y19+Z19+AA19+AB19 -> 149.59992 | AD19: 1604863.1 | AF19: 550.16 | AG19: 0 | AH19: =AF19+AG19 -> 550.16 | AI19: 5721664
B20: 14 | C20: 106 | D20: 564 | E20: 17640 | F20: 19184717 | G20: 3840 | H20: 6264397.4 | I20: =F20+H20 -> 25449115 | J20: 2060 | K20: 2240392.1 | L20: 520 | M20: 848303.82 | N20: =K20+M20 -> 3088696 | O20: =I20+N20 -> 28537811 | P20: =E20+G20+J20+L20 -> 24060 | Q20: =R20+T20 -> 338 | R20: 171 | S20: 3072955.5 | T20: 167 | U20: 708945.06 | V20: =S20+U20 -> 3781900.6 | W20: 150.2444 | Y20: 150 | AB20: 0 | AC20: =W20+X20+Y20+Z20+AA20+AB20 -> 300.2444 | AD20: 3434276.8 | AF20: 442.93 | AG20: 0 | AH20: =AF20+AG20 -> 442.93 | AI20: 4606472
B21: 15 | C21: 104 | D21: 706 | E21: 18240 | F21: 19837259 | G21: 320 | H21: 522033.12 | I21: =F21+H21 -> 20359292 | J21: 2020 | K21: 2196889.4 | L21: 500 | M21: 815676.75 | N21: =K21+M21 -> 3012566.1 | O21: =I21+N21 -> 23371858 | P21: =E21+G21+J21+L21 -> 21080 | Q21: =R21+T21 -> 341 | R21: 126 | S21: 2264283 | T21: 215 | U21: 912713.7 | V21: =S21+U21 -> 3176996.7 | W21: 149.31796 | Y21: 0 | AB21: 12 | AC21: =W21+X21+Y21+Z21+AA21+AB21 -> 161.31796 | AD21: 1741338.3 | AF21: 615.22 | AG21: 5993 | AH21: =AF21+AG21 -> 6608.22 | AI21: 68725488
B22: 16 | C22: 99 | D22: 599 | E22: 17800 | F22: 19358728 | G22: 3800 | H22: 6199143.3 | I22: =F22+H22 -> 25557871 | J22: 2040 | K22: 2218640.8 | L22: 520 | M22: 848303.82 | N22: =K22+M22 -> 3066944.6 | O22: =I22+N22 -> 28624816 | P22: =E22+G22+J22+L22 -> 24160 | Q22: =R22+T22 -> 489 | R22: 141 | S22: 2533840.5 | T22: 348 | U22: 1477322.6 | V22: =S22+U22 -> 4011163.1 | W22: 142.34952 | Y22: 0 | Z22: 50 | AB22: 12 | AC22: =W22+X22+Y22+Z22+AA22+AB22 -> 204.34952 | AD22: 2274082.9 | AF22: 770.93 | AG22: 355.4 | AH22: =AF22+AG22 -> 1126.33 | AI22: 11713832
B23: 17 | C23: 92 | D23: 463 | E23: 17840 | F23: 19402231 | G23: 3640 | H23: 5938126.7 | I23: =F23+H23 -> 25340358 | J23: 1920 | K23: 2088132.5 | L23: 500 | M23: 815676.75 | N23: =K23+M23 -> 2903809.2 | O23: =I23+N23 -> 28244167 | P23: =E23+G23+J23+L23 -> 23900 | Q23: =R23+T23 -> 633 | R23: 204 | S23: 3665982 | T23: 429 | U23: 1821182.2 | V23: =S23+U23 -> 5487164.2 | W23: 144.2024 | Y23: 0 | AB23: 36 | AC23: =W23+X23+Y23+Z23+AA23+AB23 -> 180.2024 | AD23: 1965460.1 | AF23: 629.4 | AG23: 0 | AH23: =AF23+AG23 -> 629.4 | AI23: 6545760
B24: 18 | C24: 94 | D24: 689 | E24: 17680 | F24: 19228220 | G24: 3560 | H24: 5807618.5 | I24: =F24+H24 -> 25035838 | J24: 2020 | K24: 2196889.4 | L24: 500 | M24: 815676.75 | N24: =K24+M24 -> 3012566.1 | O24: =I24+N24 -> 28048405 | P24: =E24+G24+J24+L24 -> 23760 | Q24: =R24+T24 -> 339.4 | R24: 136 | S24: 2443988 | T24: 203.4 | U24: 863469.61 | V24: =S24+U24 -> 3307457.6 | W24: 144.84688 | Y24: 300 | AB24: 12 | AC24: =W24+X24+Y24+Z24+AA24+AB24 -> 456.84688 | AD24: 5338373.9 | AF24: 572.2 | AG24: 0 | AH24: =AF24+AG24 -> 572.2 | AI24: 5950880
B25: 19 | C25: 29 | D25: 446 | E25: 17160 | F25: 18662684 | G25: 3520 | H25: 5742364.3 | I25: =F25+H25 -> 24405048 | J25: 1940 | K25: 2109883.9 | L25: 440 | M25: 717795.54 | N25: =K25+M25 -> 2827679.4 | O25: =I25+N25 -> 27232728 | P25: =E25+G25+J25+L25 -> 23060 | Q25: =R25+T25 -> 366.5 | R25: 113 | S25: 2030666.5 | T25: 253.5 | U25: 1076153.1 | V25: =S25+U25 -> 3106819.6 | W25: 130.54748 | Y25: 0 | AB25: 48 | AC25: =W25+X25+Y25+Z25+AA25+AB25 -> 178.54748 | AD25: 1958474.2 | AF25: 550.6 | AG25: 0 | AH25: =AF25+AG25 -> 550.6 | AI25: 5726240
B26: 20 | C26: 18 | D26: 367 | E26: 16240 | F26: 17662121 | G26: 3320 | H26: 5416093.6 | I26: =F26+H26 -> 23078214 | J26: 1720 | K26: 1870618.7 | L26: 480 | M26: 783049.68 | N26: =K26+M26 -> 2653668.4 | O26: =I26+N26 -> 25731883 | P26: =E26+G26+J26+L26 -> 21760 | Q26: =R26+T26 -> 411.2 | R26: 155 | S26: 2785427.5 | T26: 256.2 | U26: 1087615.1 | V26: =S26+U26 -> 3873042.6 | W26: 100.37776 | Y26: 150 | AB26: 0 | AC26: =W26+X26+Y26+Z26+AA26+AB26 -> 250.37776 | AD26: 2899322.5 | AF26: 474 | AG26: 0 | AH26: =AF26+AG26 -> 474 | AI26: 4929600
B27: 21 | C27: 20 | D27: 287 | E27: 16880 | F27: 18358165 | G27: 3600 | H27: 5872872.6 | I27: =F27+H27 -> 24231037 | J27: 1940 | K27: 2109883.9 | L27: 480 | M27: 783049.68 | N27: =K27+M27 -> 2892933.5 | O27: =I27+N27 -> 27123971 | P27: =E27+G27+J27+L27 -> 22900 | Q27: =R27+T27 -> 440.9 | R27: 169 | S27: 3037014.5 | T27: 271.9 | U27: 1154264.4 | V27: =S27+U27 -> 4191278.9 | W27: 145.28996 | Y27: 0 | AB27: 0 | AC27: =W27+X27+Y27+Z27+AA27+AB27 -> 145.28996 | AD27: 1558627.1 | AF27: 437.91 | AG27: 0 | AH27: =AF27+AG27 -> 437.91 | AI27: 4554264
B28: 22 | C28: 27 | D28: 264 | E28: 18000 | F28: 19576242 | G28: 3720 | H28: 6068635 | I28: =F28+H28 -> 25644877 | J28: 1860 | K28: 2022878.3 | L28: 460 | M28: 750422.61 | N28: =K28+M28 -> 2773300.9 | O28: =I28+N28 -> 28418178 | P28: =E28+G28+J28+L28 -> 24040 | Q28: =R28+T28 -> 370 | R28: 116 | S28: 2084578 | T28: 254 | U28: 1078275.7 | V28: =S28+U28 -> 3162853.7 | W28: 131.5142 | Y28: 0 | Z28: 50 | AB28: 0 | AC28: =W28+X28+Y28+Z28+AA28+AB28 -> 181.5142 | AD28: 2018344.9 | AF28: 576.54 | AG28: 0 | AH28: =AF28+AG28 -> 576.54 | AI28: 5996016
B29: 23 | C29: 35 | D29: 232 | E29: 17880 | F29: 19445734 | G29: 3600 | H29: 5872872.6 | I29: =F29+H29 -> 25318606 | J29: 1880 | K29: 2044629.7 | L29: 480 | M29: 783049.68 | N29: =K29+M29 -> 2827679.4 | O29: =I29+N29 -> 28146286 | P29: =E29+G29+J29+L29 -> 23840 | Q29: =R29+T29 -> 202 | R29: 88 | S29: 1581404 | T29: 114 | U29: 483950.52 | V29: =S29+U29 -> 2065354.5 | W29: 139.5702 | Y29: 0 | AB29: 0 | AC29: =W29+X29+Y29+Z29+AA29+AB29 -> 139.5702 | AD29: 1497267.2 | AF29: 730.24 | AG29: 65.4 | AH29: =AF29+AG29 -> 795.64 | AI29: 8274656
B30: 24 | C30: 40 | D30: 338 | E30: 17200 | F30: 18706187 | G30: 3280 | H30: 5350839.5 | I30: =F30+H30 -> 24057026 | J30: 1880 | K30: 2044629.7 | L30: 500 | M30: 815676.75 | N30: =K30+M30 -> 2860306.5 | O30: =I30+N30 -> 26917333 | P30: =E30+G30+J30+L30 -> 22860 | Q30: =R30+T30 -> 253 | R30: 91 | S30: 1635315.5 | T30: 162 | U30: 687719.16 | V30: =S30+U30 -> 2323034.7 | W30: 119.95384 | Y30: 0 | AB30: 48 | AC30: =W30+X30+Y30+Z30+AA30+AB30 -> 167.95384 | AD30: 1844828.8 | AF30: 644.12 | AG30: 0 | AH30: =AF30+AG30 -> 644.12 | AI30: 6698848
B31: 25 | C31: 36 | D31: 418 | E31: 15920 | F31: 17314098 | G31: 3640 | H31: 5938126.7 | I31: =F31+H31 -> 23252225 | J31: 2020 | K31: 2196889.4 | L31: 500 | M31: 815676.75 | N31: =K31+M31 -> 3012566.1 | O31: =I31+N31 -> 26264791 | P31: =E31+G31+J31+L31 -> 22080 | Q31: =R31+T31 -> 269 | R31: 160 | S31: 2875280 | T31: 109 | U31: 462724.62 | V31: =S31+U31 -> 3338004.6 | W31: 137.79788 | Y31: 250 | AB31: 12 | AC31: =W31+X31+Y31+Z31+AA31+AB31 -> 399.79788 | AD31: 4655254.3 | AF31: 611.55 | AG31: 0 | AH31: =AF31+AG31 -> 611.55 | AI31: 6360120
B32: 26 | C32: 37 | D32: 399 | E32: 17560 | F32: 19097712 | G32: 3560 | H32: 5807618.5 | I32: =F32+H32 -> 24905330 | J32: 2240 | K32: 2436154.6 | L32: 520 | M32: 848303.82 | N32: =K32+M32 -> 3284458.4 | O32: =I32+N32 -> 28189788 | P32: =E32+G32+J32+L32 -> 23880 | Q32: =R32+T32 -> 561.1 | R32: 176 | S32: 3162808 | T32: 385.1 | U32: 1634818.8 | V32: =S32+U32 -> 4797626.8 | W32: 140.01328 | Y32: 0 | AB32: 12 | AC32: =W32+X32+Y32+Z32+AA32+AB32 -> 152.01328 | AD32: 1641520.5 | AF32: 515.34 | AG32: 0 | AH32: =AF32+AG32 -> 515.34 | AI32: 5359536
B33: 27 | C33: 32 | D33: 477 | E33: 17080 | F33: 18575679 | G33: 3640 | H33: 5938126.7 | I33: =F33+H33 -> 24513805 | J33: 1880 | K33: 2044629.7 | L33: 500 | M33: 815676.75 | N33: =K33+M33 -> 2860306.5 | O33: =I33+N33 -> 27374112 | P33: =E33+G33+J33+L33 -> 23100 | Q33: =R33+T33 -> 429 | R33: 99 | S33: 1779079.5 | T33: 330 | U33: 1400909.4 | V33: =S33+U33 -> 3179988.9 | W33: 120.51776 | Y33: 0 | AB33: 12 | AC33: =W33+X33+Y33+Z33+AA33+AB33 -> 132.51776 | AD33: 1432378.4 | AF33: 393.23 | AG33: 0 | AH33: =AF33+AG33 -> 393.23 | AI33: 4089592
B34: 28 | C34: 44 | D34: 363 | E34: 17080 | F34: 18575679 | G34: 3640 | H34: 5938126.7 | I34: =F34+H34 -> 24513805 | J34: 2000 | K34: 2175138 | L34: 500 | M34: 815676.75 | N34: =K34+M34 -> 2990814.8 | O34: =I34+N34 -> 27504620 | P34: =E34+G34+J34+L34 -> 23220 | Q34: =R34+T34 -> 470.9 | R34: 130 | S34: 2336165 | T34: 340.9 | U34: 1447181.9 | V34: =S34+U34 -> 3783346.9 | W34: 138.5632 | Y34: 0 | Z34: 50 | AB34: 0 | AC34: =W34+X34+Y34+Z34+AA34+AB34 -> 188.5632 | AD34: 2093964.4 | AF34: 431.27 | AG34: 0 | AH34: =AF34+AG34 -> 431.27 | AI34: 4485208
B35: 29 | C35: 37 | D35: 412 | E35: 18720 | F35: 20359292 | G35: 4160 | H35: 6786430.6 | I35: =F35+H35 -> 27145722 | J35: 700 | K35: 761298.3 | L35: 0 | M35: 0 | N35: =K35+M35 -> 761298.3 | O35: =I35+N35 -> 27907021 | P35: =E35+G35+J35+L35 -> 23580 | Q35: =R35+T35 -> 437 | R35: 94 | S35: 1689227 | T35: 343 | U35: 1456096.7 | V35: =S35+U35 -> 3145323.7 | W35: 129.05712 | Y35: 0 | AB35: 12 | AC35: =W35+X35+Y35+Z35+AA35+AB35 -> 141.05712 | AD35: 1523986.1 | AF35: 618.97 | AG35: 108.3 | AH35: =AF35+AG35 -> 727.27 | AI35: 7563608
B36: 30 | C36: 44 | D36: 530 | E36: 18360 | F36: 19967767 | G36: 3480 | H36: 5677110.2 | I36: =F36+H36 -> 25644877 | J36: 1880 | K36: 2044629.7 | L36: 520 | M36: 848303.82 | N36: =K36+M36 -> 2892933.5 | O36: =I36+N36 -> 28537811 | P36: =E36+G36+J36+L36 -> 24240 | Q36: =R36+T36 -> 437 | R36: 103 | S36: 1850961.5 | T36: 334 | U36: 1417890.1 | V36: =S36+U36 -> 3268851.6 | W36: 135.50192 | Y36: 400 | AB36: 24 | AC36: =W36+X36+Y36+Z36+AA36+AB36 -> 559.50192 | AD36: 6592623.9 | AF36: 795.75 | AG36: 44.4 | AH36: =AF36+AG36 -> 840.15 | AI36: 8737560
B37: 31 | C37: 47 | D37: 377 | E37: 17560 | F37: 19097712 | G37: 3640 | H37: 5938126.7 | I37: =F37+H37 -> 25035838 | J37: 2060 | K37: 2240392.1 | L37: 500 | M37: 815676.75 | N37: =K37+M37 -> 3056068.9 | O37: =I37+N37 -> 28091907 | P37: =E37+G37+J37+L37 -> 23760 | Q37: =R37+T37 -> 485 | R37: 159 | S37: 2857309.5 | T37: 326 | U37: 1383928.7 | V37: =S37+U37 -> 4241238.2 | W37: 136.02556 | Y37: 0 | AB37: 24 | AC37: =W37+X37+Y37+Z37+AA37+AB37 -> 160.02556 | AD37: 1738241.4 | AF37: 649.05 | AG37: 0 | AH37: =AF37+AG37 -> 649.05 | AI37: 6750120
C43: =SUM(C7:C37) -> 1715 | D43: =SUM(D7:D37) -> 15089 | E43: =SUM(E7:E37) -> 553080 | F43: =SUM(F7:F37) -> 6.0151266e+08 | G43: =SUM(G7:G37) -> 112040 | H43: =SUM(H7:H37) -> 1.8277685e+08 | I43: =SUM(I7:I37) -> 7.8428951e+08 | J43: =SUM(J7:J37) -> 59620 | ... AD43: =SUM(AD7:AD37) -> 78206845 | AE43: =SUM(AE8:AE39) -> 0 | AF43: =SUM(AF7:AF37) -> 17543.67 | AG43: =SUM(AG7:AG37) -> 6723.7 | AH43: =SUM(AH7:AH37) -> 24267.37 | AI43: =SUM(AI7:AI37) -> 2.5238065e+08
AC44: =AC43-W43 -> 2706
P45: =O43/P43 -> 1180.8468 | V45: =V43/Q43 -> 9450.3286 | AD45: =AD43/AC43 -> 11246.752 | AI45: =AI43/AH43 -> 10400
