Workbook

Sheet Sheet1
A1: Site Name | B1: Month | C1: Year | D1: Total (per Unit) bottles cans | E1: Total cost bottles cans | F1: Total (per Unit) cardboard | G1: Total cost cardboard | H1: Total (per Unit) paper | I1: Total cost paper | J1: Total (per Unit) mixed metal | K1: Total cost mixed metal | L1: Total (per Unit) aluminum | M1: Total cost aluminum | N1: Total (per Unit) other plastics | O1: Total cost other plastics | P1: Total (per Unit) soap bars | Q1: Total cost soap bars | R1: Total (per Unit) e waste | S1: Total cost e waste | T1: Total (per Unit) durable goods | U1: Total cost durable goods | V1: Total (per Unit) solid food waste | W1: Total cost solid food waste | X1: Total (per Unit) leftover food | Y1: Total cost leftover food | Z1: Total (per Unit) inedible parts | AA1: Total cost inedible parts | AB1: Total (per Unit) liquid food waste | AC1: Total cost liquid food waste | AD1: Total (per Unit) kitchen grease | AE1: Total cost kitchen grease | AF1: Total (per Unit) liquid hazardous waste | AG1: Total cost liquid hazardous waste | AH1: Total (per Unit) other hazardous waste | AI1: Total cost other hazardous waste | AJ1: Total (per Unit) batteries | AK1: Total cost batteries | AL1: Total (per Unit) light bulbs | AM1: Total cost light bulbs | AN1: Total (per Unit) textiles | AO1: Total cost textiles | AP1: Total (per Unit) paint | AQ1: Total cost paint | AR1: Total (per Unit) recyclable | AS1: Total cost recyclable | AT1: Total (per Unit) commingled recyclables | AU1: Total cost commingled recyclables | AV1: Total (per Unit) paper cardboard | AW1: Total cost paper cardboard | AX1: Total (per Unit) mixed metals | AY1: Total cost mixed metals | AZ1: Total (per Unit) plastics | BA1: Total cost plastics | BB1: Total (per Unit) biodegradable | BC1: Total cost biodegradable | BD1: Total (per Unit) food waste | BE1: Total cost food waste | BF1: Total (per Unit) hazardous waste | BG1: Total cost hazardous waste | BH1: Total (per Unit) universal waste | BI1: Total cost universal waste | BJ1: Total (per Unit) hazardous and universal waste | BK1: Total cost hazardous and universal waste | BL1: Total (per Unit) medical waste | BM1: Total cost medical waste | BN1: Total (per Unit) tin | BO1: Total cost tin
A2: Bali at Sayan | B2: 1 | C2: 2019 | D2: 261.5 | E2: 0 | F2: 0 | G2: 0 | H2: 0 | I2: 0 | J2: 646.5 | K2: 0 | L2: 0 | M2: 0 | N2: 822.5 | O2: 0 | P2: 0 | Q2: 0 | R2: 0 | S2: 0 | T2: 0 | U2: 0 | V2: 7855 | W2: 17800000 | X2: 0 | Y2: 0 | Z2: 0 | AA2: 0 | AB2: 0 | AC2: 0 | AD2: 0 | AE2: 0 | AF2: 0 | AG2: 0 | AH2: 0 | AI2: 0 | AJ2: 0 | AK2: 0 | AL2: 0 | AM2: 0 | AN2: 0 | AO2: 0 | AP2: 0 | AQ2: 0 | AR2: 0 | AS2: 0 | AT2: 0 | AU2: 0 | AV2: 508.5 | AW2: 0 | AX2: 0 | AY2: 0 | AZ2: 822.5 | BA2: 0 | BB2: 13375 | BC2: 0 | BD2: 0 | BE2: 0 | BF2: 0 | BG2: 0 | BH2: 0 | BI2: 0 | BJ2: 0 | BK2: 0 | BL2: 0 | BM2: 0 | BN2: 0 | BO2: 0
A3: Bali at Sayan | B3: 2 | C3: 2019 | D3: 302.2 | E3: 0 | F3: 0 | G3: 0 | H3: 0 | I3: 0 | J3: 657.8 | K3: 0 | L3: 0 | M3: 0 | N3: 1112 | O3: 0 | P3: 0 | Q3: 0 | R3: 0 | S3: 0 | T3: 0 | U3: 0 | V3: 7505 | W3: 17800000 | X3: 0 | Y3: 0 | Z3: 0 | AA3: 0 | AB3: 0 | AC3: 0 | AD3: 0 | AE3: 0 | AF3: 0 | AG3: 0 | AH3: 0 | AI3: 0 | AJ3: 0 | AK3: 0 | AL3: 0 | AM3: 0 | AN3: 0 | AO3: 0 | AP3: 0 | AQ3: 0 | AR3: 0 | AS3: 0 | AT3: 0 | AU3: 0 | AV3: 727.8 | AW3: 0 | AX3: 0 | AY3: 0 | AZ3: 1112 | BA3: 0 | BB3: 11695 | BC3: 0 | BD3: 0 | BE3: 0 | BF3: 0 | BG3: 0 | BH3: 0 | BI3: 0 | BJ3: 0 | BK3: 0 | BL3: 0 | BM3: 0 | BN3: 0 | BO3: 0
A4: Bali at Sayan | B4: 3 | C4: 2019 | D4: 369.5 | E4: 0 | F4: 0 | G4: 0 | H4: 0 | I4: 0 | J4: 262.4 | K4: 0 | L4: 0 | M4: 0 | N4: 1251.4 | O4: 0 | P4: 0 | Q4: 0 | R4: 0 | S4: 0 | T4: 0 | U4: 0 | V4: 9130 | W4: 17800000 | X4: 0 | Y4: 0 | Z4: 0 | AA4: 0 | AB4: 0 | AC4: 0 | AD4: 0 | AE4: 0 | AF4: 0 | AG4: 0 | AH4: 0 | AI4: 0 | AJ4: 0 | AK4: 0 | AL4: 0 | AM4: 0 | AN4: 0 | AO4: 0 | AP4: 0 | AQ4: 0 | AR4: 0 | AS4: 0 | AT4: 0 | AU4: 0 | AV4: 501.3 | AW4: 0 | AX4: 0 | AY4: 0 | AZ4: 1251.4 | BA4: 0 | BB4: 13260 | BC4: 0 | BD4: 0 | BE4: 0 | BF4: 0 | BG4: 0 | BH4: 0 | BI4: 0 | BJ4: 0 | BK4: 0 | BL4: 0 | BM4: 0 | BN4: 0 | BO4: 0
A5: Bali at Sayan | B5: 4 | C5: 2019 | D5: 383.3 | E5: 0 | F5: 0 | G5: 0 | H5: 0 | I5: 0 | J5: 343.5 | K5: 0 | L5: 0 | M5: 0 | N5: 680.8 | O5: 0 | P5: 0 | Q5: 0 | R5: 0 | S5: 0 | T5: 0 | U5: 0 | V5: 7632 | W5: 17800000 | X5: 0 | Y5: 0 | Z5: 0 | AA5: 0 | AB5: 0 | AC5: 0 | AD5: 0 | AE5: 0 | AF5: 0 | AG5: 0 | AH5: 0 | AI5: 0 | AJ5: 0 | AK5: 0 | AL5: 0 | AM5: 0 | AN5: 0 | AO5: 0 | AP5: 0 | AQ5: 0 | AR5: 0 | AS5: 0 | AT5: 0 | AU5: 0 | AV5: 502.4 | AW5: 0 | AX5: 0 | AY5: 0 | AZ5: 680.8 | BA5: 0 | BB5: 12700 | BC5: 0 | BD5: 0 | BE5: 0 | BF5: 0 | BG5: 0 | BH5: 0 | BI5: 0 | BJ5: 0 | BK5: 0 | BL5: 0 | BM5: 0 | BN5: 0 | BO5: 0
A6: Bali at Sayan | B6: 5 | C6: 2019 | D6: 105.7 | E6: 0 | F6: 0 | G6: 0 | H6: 0 | I6: 0 | J6: 272.2 | K6: 0 | L6: 0 | M6: 0 | N6: 610.30437 | O6: 0 | P6: 0 | Q6: 0 | R6: 0 | S6: 0 | T6: 0 | U6: 0 | V6: 6990.6 | W6: 17800000 | X6: 0 | Y6: 0 | Z6: 0 | AA6: 0 | AB6: 0 | AC6: 0 | AD6: 0 | AE6: 0 | AF6: 0 | AG6: 0 | AH6: 0 | AI6: 0 | AJ6: 0 | AK6: 0 | AL6: 0 | AM6: 0 | AN6: 0 | AO6: 0 | AP6: 0 | AQ6: 0 | AR6: 0 | AS6: 0 | AT6: 0 | AU6: 0 | AV6: 343.3 | AW6: 0 | AX6: 0 | AY6: 0 | AZ6: 610.30437 | BA6: 0 | BB6: 13360 | BC6: 0 | BD6: 0 | BE6: 0 | BF6: 0 | BG6: 0 | BH6: 0 | BI6: 0 | BJ6: 0 | BK6: 0 | BL6: 0 | BM6: 0 | BN6: 0 | BO6: 0
A7: Bali at Sayan | B7: 6 | C7: 2019 | D7: 77.3 | E7: 0 | F7: 0 | G7: 0 | H7: 0 | I7: 0 | J7: 244.5 | K7: 0 | L7: 0 | M7: 0 | N7: 380.8 | O7: 0 | P7: 0 | Q7: 0 | R7: 0 | S7: 0 | T7: 0 | U7: 0 | V7: 7377.6 | W7: 17800000 | X7: 0 | Y7: 0 | Z7: 0 | AA7: 0 | AB7: 0 | AC7: 0 | AD7: 0 | AE7: 0 | AF7: 0 | AG7: 0 | AH7: 0 | AI7: 0 | AJ7: 0 | AK7: 0 | AL7: 0 | AM7: 0 | AN7: 0 | AO7: 0 | AP7: 0 | AQ7: 0 | AR7: 0 | AS7: 0 | AT7: 0 | AU7: 0 | AV7: 213.3 | AW7: 0 | AX7: 0 | AY7: 0 | AZ7: 380.8 | BA7: 0 | BB7: 12250 | BC7: 0 | BD7: 0 | BE7: 0 | BF7: 0 | BG7: 0 | BH7: 0 | BI7: 0 | BJ7: 0 | BK7: 0 | BL7: 0 | BM7: 0 | BN7: 0 | BO7: 0
A8: Bali at Sayan | B8: 7 | C8: 2019 | D8: 86 | E8: 0 | F8: 0 | G8: 0 | H8: 0 | I8: 0 | J8: 254.36828 | K8: 0 | L8: 0 | M8: 0 | N8: 206.8 | O8: 0 | P8: 0 | Q8: 0 | R8: 0 | S8: 0 | T8: 0 | U8: 0 | V8: 8684 | W8: 17800000 | X8: 0 | Y8: 0 | Z8: 0 | AA8: 0 | AB8: 0 | AC8: 0 | AD8: 0 | AE8: 0 | AF8: 0 | AG8: 0 | AH8: 0 | AI8: 0 | AJ8: 0 | AK8: 0 | AL8: 0 | AM8: 0 | AN8: 0 | AO8: 0 | AP8: 0 | AQ8: 0 | AR8: 0 | AS8: 0 | AT8: 0 | AU8: 0 | AV8: 269.40759 | AW8: 0 | AX8: 0 | AY8: 0 | AZ8: 206.8 | BA8: 0 | BB8: 12880 | BC8: 0 | BD8: 0 | BE8: 0 | BF8: 0 | BG8: 0 | BH8: 0 | BI8: 0 | BJ8: 0 | BK8: 0 | BL8: 0 | BM8: 0 | BN8: 0 | BO8: 0
A9: Bali at Sayan | B9: 8 | C9: 2019 | D9: 112.2 | E9: 0 | F9: 0 | G9: 0 | H9: 0 | I9: 0 | J9: 235.5 | K9: 0 | L9: 0 | M9: 0 | N9: 160.3 | O9: 0 | P9: 0 | Q9: 0 | R9: 0 | S9: 0 | T9: 0 | U9: 0 | V9: 9352 | W9: 17800000 | X9: 0 | Y9: 0 | Z9: 0 | AA9: 0 | AB9: 0 | AC9: 0 | AD9: 0 | AE9: 0 | AF9: 0 | AG9: 0 | AH9: 0 | AI9: 0 | AJ9: 0 | AK9: 0 | AL9: 0 | AM9: 0 | AN9: 0 | AO9: 0 | AP9: 0 | AQ9: 0 | AR9: 0 | AS9: 0 | AT9: 0 | AU9: 0 | AV9: 404.4 | AW9: 0 | AX9: 0 | AY9: 0 | AZ9: 160.3 | BA9: 0 | BB9: 11950 | BC9: 0 | BD9: 0 | BE9: 0 | BF9: 0 | BG9: 0 | BH9: 0 | BI9: 0 | BJ9: 0 | BK9: 0 | BL9: 0 | BM9: 0 | BN9: 0 | BO9: 0
A10: Bali at Sayan | B10: 9 | C10: 2019 | D10: 122.3 | E10: 0 | F10: 0 | G10: 0 | H10: 0 | I10: 0 | J10: 244.5 | K10: 0 | L10: 0 | M10: 0 | N10: 161.8 | O10: 0 | P10: 0 | Q10: 0 | R10: 0 | S10: 0 | T10: 0 | U10: 0 | V10: 5088 | W10: 17800000 | X10: 0 | Y10: 0 | Z10: 0 | AA10: 0 | AB10: 0 | AC10: 0 | AD10: 0 | AE10: 0 | AF10: 0 | AG10: 0 | AH10: 0 | AI10: 0 | AJ10: 0 | AK10: 0 | AL10: 0 | AM10: 0 | AN10: 0 | AO10: 0 | AP10: 0 | AQ10: 0 | AR10: 0 | AS10: 0 | AT10: 0 | AU10: 0 | AV10: 429.3 | AW10: 0 | AX10: 0 | AY10: 0 | AZ10: 161.8 | BA10: 0 | BB10: 12250 | BC10: 0 | BD10: 0 | BE10: 0 | BF10: 0 | BG10: 0 | BH10: 0 | BI10: 0 | BJ10: 0 | BK10: 0 | BL10: 0 | BM10: 0 | BN10: 0 | BO10: 0
A11: Bali at Sayan | B11: 10 | C11: 2019
A12: Bali at Sayan | B12: 11 | C12: 2019
A13: Bali at Sayan | B13: 12 | C13: 2019

Sheet TOTAL
A1: Site Name | B1: Day | C1: Month | D1: Year | E1: Total (per Unit) bottles cans | F1: Total cost bottles cans | G1: Total (per Unit) cardboard | H1: Total cost cardboard | I1: Total (per Unit) paper | J1: Total cost paper | K1: Total (per Unit) mixed glass | L1: Total cost mixed glass | M1: Total (per Unit) aluminum | N1: Total cost aluminum | O1: Total (per Unit) other plastics | P1: Total cost other plastics | Q1: Total (per Unit) soap bars | R1: Total cost soap bars | S1: Total (per Unit) e waste | T1: Total cost e waste | U1: Total (per Unit) durable goods | V1: Total cost durable goods | W1: Total (per Unit) solid food waste | X1: Total cost solid food waste | Y1: Total (per Unit) leftover food | Z1: Total cost leftover food | AA1: Total (per Unit) inedible parts | AB1: Total cost inedible parts | AC1: Total (per Unit) liquid food waste | AD1: Total cost liquid food waste | AE1: Total (per Unit) kitchen grease | AF1: Total cost kitchen grease | AG1: Total (per Unit) liquid hazardous waste | AH1: Total cost liquid hazardous waste | AI1: Total (per Unit) other hazardous waste | AJ1: Total cost other hazardous waste | AK1: Total (per Unit) batteries | AL1: Total cost batteries | AM1: Total (per Unit) light bulbs | AN1: Total cost light bulbs | AO1: Total (per Unit) textiles | AP1: Total cost textiles | AQ1: Total (per Unit) paint | AR1: Total cost paint | AS1: Total (per Unit) recyclable | AT1: Total cost recyclable | AU1: Total (per Unit) commingled recyclables | AV1: Total cost commingled recyclables | AW1: Total (per Unit) paper cardboard | AX1: Total cost paper cardboard | AY1: Total (per Unit) mixed metals | AZ1: Total cost mixed metals | BA1: Total (per Unit) plastics | BB1: Total cost plastics | BC1: Total (per Unit) biodegradable | BD1: Total cost biodegradable | BE1: Total (per Unit) food waste | BF1: Total cost food waste | BG1: Total (per Unit) hazardous waste | BH1: Total cost hazardous waste | BI1: Total (per Unit) universal waste | BJ1: Total cost universal waste | BK1: Total (per Unit) hazardous and universal waste | BL1: Total cost hazardous and universal waste | BM1: Total (per Unit) medical waste | BN1: Total cost medical waste | BO1: Total (per Unit) tin | BP1: Total cost tin
A2: Bali at Sayan | B2: 1 | C2: 9 | D2: 2019 | E2: ='Sep 2019'!M8 -> 3.8 | F2: ='Sep 2019'!N8 -> 0 | G2: ='Sep 2019'!G13 -> 0 | H2: ='Sep 2019'!H8 -> 0 | I2: ='Sep 2019'!I8 -> 0 | J2: ='Sep 2019'!J8 -> 0 | K2: ='Sep 2019'!K8 -> 9.2 | L2: ='Sep 2019'!L10 -> 0 | M2: ='Sep 2019'!S8 -> 0 | N2: ='Sep 2019'!T8 -> 0 | O2: ='Sep 2019'!U8 -> 5 | P2: ='Sep 2019'!V8 -> 0 | Q2: ='Sep 2019'!BC8 -> 0 | R2: ='Sep 2019'!BD8 -> 0 | S2: ='Sep 2019'!BF8 -> 0 | T2: ='Sep 2019'!BF8 -> 0 | U2: ='Sep 2019'!BG8 -> 0 | V2: ='Sep 2019'!BH8 -> 0 | W2: ='Sep 2019'!W8 -> 164 | X2: ='Sep 2019'!X8 -> 17800000 | Y2: ='Sep 2019'!Y8 -> 0 | Z2: ='Sep 2019'!Z8 -> 0 | AA2: ='Sep 2019'!AA8 -> 0 | AB2: ='Sep 2019'!AB8 -> 0 | AC2: ='Sep 2019'!AC8 -> 0 | AD2: ='Sep 2019'!AD8 -> 0 | ... AF2: ='Sep 2019'!AF8 -> 0 | AG2: ='Sep 2019'!AK8 -> 0 | AH2: ='Sep 2019'!AP8 -> 0 | AI2: ='Sep 2019'!AO8 -> 0 | AJ2: ='Sep 2019'!AP8 -> 0 | AK2: ='Sep 2019'!AW8 -> 0 | AL2: ='Sep 2019'!AX8 -> 0 | AM2: ='Sep 2019'!AZ8 -> 0 | AN2: ='Sep 2019'!AZ8 -> 0 | AO2: ='Sep 2019'!BI8 -> 0 | AP2: ='Sep 2019'!BJ8 -> 0 | AQ2: ='Sep 2019'!BA8 -> 0 | AR2: ='Sep 2019'!BB8 -> 0 | AS2: ='Sep 2019'!BK8 -> 0 | AT2: ='Sep 2019'!BL8 -> 0 | AU2: ='Sep 2019'!BM8 -> 0 | AV2: ='Sep 2019'!BN8 -> 0 | AW2: ='Sep 2019'!E8 -> 14.7 | AX2: ='Sep 2019'!F8 -> 0 | AY2: ='Sep 2019'!O8 -> 0 | AZ2: ='Sep 2019'!P8 -> 0 | BA2: ='Sep 2019'!U8 -> 5 | BB2: ='Sep 2019'!V22 -> 0 | BC2: ='Sep 2019'!AG8 -> 555 | BD2: ='Sep 2019'!AH8 -> 0 | BE2: ='Sep 2019'!AI8 -> 0 | BF2: ='Sep 2019'!AJ8 -> 0 | BG2: ='Sep 2019'!AK8 -> 0 | BH2: ='Sep 2019'!AL8 -> 0 | BI2: ='Sep 2019'!AM8 -> 0 | BJ2: ='Sep 2019'!AM8 -> 0 | BK2: ='Sep 2019'!AO8 -> 0 | BL2: ='Sep 2019'!AP8 -> 0 | BM2: 0 | BN2: 0 | BO2: ='Sep 2019'!Q8 -> 0 | BP2: ='Sep 2019'!R8 -> 0
A3: Bali at Sayan | B3: =B2+1 -> 2 | C3: 9 | D3: 2019 | E3: ='Sep 2019'!M9 -> 5.1 | F3: ='Sep 2019'!N9 -> 0 | G3: ='Sep 2019'!G9 -> 0 | H3: ='Sep 2019'!H9 -> 0 | I3: ='Sep 2019'!I9 -> 0 | J3: ='Sep 2019'!J9 -> 0 | K3: ='Sep 2019'!K9 -> 8.8 | L3: ='Sep 2019'!L11 -> 0 | M3: ='Sep 2019'!S9 -> 0 | N3: ='Sep 2019'!T9 -> 0 | O3: ='Sep 2019'!U9 -> 6.1 | P3: ='Sep 2019'!V9 -> 0 | Q3: ='Sep 2019'!BC9 -> 0 | R3: ='Sep 2019'!BD9 -> 0 | S3: ='Sep 2019'!BF9 -> 0 | T3: ='Sep 2019'!BF9 -> 0 | U3: ='Sep 2019'!BG9 -> 0 | V3: ='Sep 2019'!BH9 -> 0 | W3: ='Sep 2019'!W9 -> 140 | X3: ='Sep 2019'!X9 -> 0 | Y3: ='Sep 2019'!Y9 -> 0 | Z3: ='Sep 2019'!Z9 -> 0 | AA3: ='Sep 2019'!AA9 -> 0 | AB3: ='Sep 2019'!AB9 -> 0 | AC3: ='Sep 2019'!AC9 -> 0 | AD3: ='Sep 2019'!AD9 -> 0 | ... AF3: ='Sep 2019'!AF9 -> 0 | AG3: ='Sep 2019'!AK9 -> 0 | AH3: ='Sep 2019'!AP9 -> 0 | AI3: ='Sep 2019'!AO9 -> 0 | AJ3: ='Sep 2019'!AP9 -> 0 | AK3: ='Sep 2019'!AW9 -> 0 | AL3: ='Sep 2019'!AX9 -> 0 | AM3: ='Sep 2019'!AZ9 -> 0 | AN3: ='Sep 2019'!AZ9 -> 0 | AO3: ='Sep 2019'!BI9 -> 0 | AP3: ='Sep 2019'!BJ9 -> 0 | AQ3: ='Sep 2019'!BA9 -> 0 | AR3: ='Sep 2019'!BB9 -> 0 | AS3: ='Sep 2019'!BK9 -> 0 | AT3: ='Sep 2019'!BL9 -> 0 | AU3: ='Sep 2019'!BM9 -> 0 | AV3: ='Sep 2019'!BN9 -> 0 | AW3: ='Sep 2019'!E9 -> 15.5 | AX3: ='Sep 2019'!F9 -> 0 | AY3: ='Sep 2019'!O9 -> 0 | AZ3: ='Sep 2019'!P9 -> 0 | BA3: ='Sep 2019'!U9 -> 6.1 | BB3: ='Sep 2019'!V23 -> 0 | BC3: ='Sep 2019'!AG9 -> 380 | BD3: ='Sep 2019'!AH9 -> 0 | BE3: ='Sep 2019'!AI9 -> 0 | BF3: ='Sep 2019'!AJ9 -> 0 | BG3: ='Sep 2019'!AK9 -> 0 | BH3: ='Sep 2019'!AL9 -> 0 | BI3: ='Sep 2019'!AM9 -> 0 | BJ3: ='Sep 2019'!AM9 -> 0 | BK3: ='Sep 2019'!AO9 -> 0 | BL3: ='Sep 2019'!AP9 -> 0 | BM3: 0 | BN3: 0 | BO3: ='Sep 2019'!Q9 -> 0 | BP3: ='Sep 2019'!R9 -> 0
A4: Bali at Sayan | B4: =B3+1 -> 3 | C4: 9 | D4: 2019 | E4: ='Sep 2019'!M10 -> 3.9 | F4: ='Sep 2019'!N10 -> 0 | G4: ='Sep 2019'!G10 -> 0 | H4: ='Sep 2019'!H10 -> 0 | I4: ='Sep 2019'!I10 -> 0 | J4: ='Sep 2019'!J10 -> 0 | K4: ='Sep 2019'!K10 -> 9.5 | L4: ='Sep 2019'!L12 -> 0 | M4: ='Sep 2019'!S10 -> 0 | N4: ='Sep 2019'!T10 -> 0 | O4: ='Sep 2019'!U10 -> 5.3 | P4: ='Sep 2019'!V10 -> 0 | Q4: ='Sep 2019'!BC10 -> 0 | R4: ='Sep 2019'!BD10 -> 0 | S4: ='Sep 2019'!BF10 -> 0 | T4: ='Sep 2019'!BF10 -> 0 | U4: ='Sep 2019'!BG10 -> 0 | V4: ='Sep 2019'!BH10 -> 0 | W4: ='Sep 2019'!W10 -> 172 | X4: ='Sep 2019'!X10 -> 0 | Y4: ='Sep 2019'!Y10 -> 0 | Z4: ='Sep 2019'!Z10 -> 0 | AA4: ='Sep 2019'!AA10 -> 0 | AB4: ='Sep 2019'!AB10 -> 0 | AC4: ='Sep 2019'!AC10 -> 0 | AD4: ='Sep 2019'!AD10 -> 0 | ... AF4: ='Sep 2019'!AF10 -> 0 | AG4: ='Sep 2019'!AK10 -> 0 | AH4: ='Sep 2019'!AP10 -> 0 | AI4: ='Sep 2019'!AO10 -> 0 | AJ4: ='Sep 2019'!AP10 -> 0 | AK4: ='Sep 2019'!AW10 -> 0 | AL4: ='Sep 2019'!AX10 -> 0 | AM4: ='Sep 2019'!AZ10 -> 0 | AN4: ='Sep 2019'!AZ10 -> 0 | AO4: ='Sep 2019'!BI10 -> 0 | AP4: ='Sep 2019'!BJ10 -> 0 | AQ4: ='Sep 2019'!BA10 -> 0 | AR4: ='Sep 2019'!BB10 -> 0 | AS4: ='Sep 2019'!BK10 -> 0 | AT4: ='Sep 2019'!BL10 -> 0 | AU4: ='Sep 2019'!BM10 -> 0 | AV4: ='Sep 2019'!BN10 -> 0 | AW4: ='Sep 2019'!E10 -> 14.8 | AX4: ='Sep 2019'!F10 -> 0 | AY4: ='Sep 2019'!O10 -> 0 | AZ4: ='Sep 2019'!P10 -> 0 | BA4: ='Sep 2019'!U10 -> 5.3 | BB4: ='Sep 2019'!V24 -> 0 | BC4: ='Sep 2019'!AG10 -> 415 | BD4: ='Sep 2019'!AH10 -> 0 | BE4: ='Sep 2019'!AI10 -> 0 | BF4: ='Sep 2019'!AJ10 -> 0 | BG4: ='Sep 2019'!AK10 -> 0 | BH4: ='Sep 2019'!AL10 -> 0 | BI4: ='Sep 2019'!AM10 -> 0 | BJ4: ='Sep 2019'!AM10 -> 0 | BK4: ='Sep 2019'!AO10 -> 0 | BL4: ='Sep 2019'!AP10 -> 0 | BM4: 0 | BN4: 0 | BO4: ='Sep 2019'!Q10 -> 0 | BP4: ='Sep 2019'!R10 -> 0
A5: Bali at Sayan | B5: =B4+1 -> 4 | C5: 9 | D5: 2019 | E5: ='Sep 2019'!M11 -> 6 | F5: ='Sep 2019'!N11 -> 0 | G5: ='Sep 2019'!G11 -> 0 | H5: ='Sep 2019'!H11 -> 0 | I5: ='Sep 2019'!I11 -> 0 | J5: ='Sep 2019'!J11 -> 0 | K5: ='Sep 2019'!K11 -> 9.8 | L5: ='Sep 2019'!L13 -> 0 | M5: ='Sep 2019'!S11 -> 0 | N5: ='Sep 2019'!T11 -> 0 | O5: ='Sep 2019'!U11 -> 5.2 | P5: ='Sep 2019'!V11 -> 0 | Q5: ='Sep 2019'!BC11 -> 0 | R5: ='Sep 2019'!BD11 -> 0 | S5: ='Sep 2019'!BF11 -> 0 | T5: ='Sep 2019'!BF11 -> 0 | U5: ='Sep 2019'!BG11 -> 0 | V5: ='Sep 2019'!BH11 -> 0 | W5: ='Sep 2019'!W11 -> 144 | X5: ='Sep 2019'!X11 -> 0 | Y5: ='Sep 2019'!Y11 -> 0 | Z5: ='Sep 2019'!Z11 -> 0 | AA5: ='Sep 2019'!AA11 -> 0 | AB5: ='Sep 2019'!AB11 -> 0 | AC5: ='Sep 2019'!AC11 -> 0 | AD5: ='Sep 2019'!AD11 -> 0 | ... AF5: ='Sep 2019'!AF11 -> 0 | AG5: ='Sep 2019'!AK11 -> 0 | AH5: ='Sep 2019'!AP11 -> 0 | AI5: ='Sep 2019'!AO11 -> 0 | AJ5: ='Sep 2019'!AP11 -> 0 | AK5: ='Sep 2019'!AW11 -> 0 | AL5: ='Sep 2019'!AX11 -> 0 | AM5: ='Sep 2019'!AZ11 -> 0 | AN5: ='Sep 2019'!AZ11 -> 0 | AO5: ='Sep 2019'!BI11 -> 0 | AP5: ='Sep 2019'!BJ11 -> 0 | AQ5: ='Sep 2019'!BA11 -> 0 | AR5: ='Sep 2019'!BB11 -> 0 | AS5: ='Sep 2019'!BK11 -> 0 | AT5: ='Sep 2019'!BL11 -> 0 | AU5: ='Sep 2019'!BM11 -> 0 | AV5: ='Sep 2019'!BN11 -> 0 | AW5: ='Sep 2019'!E11 -> 15 | AX5: ='Sep 2019'!F11 -> 0 | AY5: ='Sep 2019'!O11 -> 0 | AZ5: ='Sep 2019'!P11 -> 0 | BA5: ='Sep 2019'!U11 -> 5.2 | BB5: ='Sep 2019'!V25 -> 0 | BC5: ='Sep 2019'!AG11 -> 385 | BD5: ='Sep 2019'!AH11 -> 0 | BE5: ='Sep 2019'!AI11 -> 0 | BF5: ='Sep 2019'!AJ11 -> 0 | BG5: ='Sep 2019'!AK11 -> 0 | BH5: ='Sep 2019'!AL11 -> 0 | BI5: ='Sep 2019'!AM11 -> 0 | BJ5: ='Sep 2019'!AM11 -> 0 | BK5: ='Sep 2019'!AO11 -> 0 | BL5: ='Sep 2019'!AP11 -> 0 | BM5: 0 | BN5: 0 | BO5: ='Sep 2019'!Q11 -> 0 | BP5: ='Sep 2019'!R11 -> 0
A6: Bali at Sayan | B6: =B5+1 -> 5 | C6: 9 | D6: 2019 | E6: ='Sep 2019'!M12 -> 4.2 | F6: ='Sep 2019'!N12 -> 0 | G6: ='Sep 2019'!G12 -> 0 | H6: ='Sep 2019'!H12 -> 0 | I6: ='Sep 2019'!I12 -> 0 | J6: ='Sep 2019'!J12 -> 0 | K6: ='Sep 2019'!K12 -> 8.2 | L6: ='Sep 2019'!L14 -> 0 | M6: ='Sep 2019'!S12 -> 0 | N6: ='Sep 2019'!T12 -> 0 | O6: ='Sep 2019'!U12 -> 6.2 | P6: ='Sep 2019'!V12 -> 0 | Q6: ='Sep 2019'!BC12 -> 0 | R6: ='Sep 2019'!BD12 -> 0 | S6: ='Sep 2019'!BF12 -> 0 | T6: ='Sep 2019'!BF12 -> 0 | U6: ='Sep 2019'!BG12 -> 0 | V6: ='Sep 2019'!BH12 -> 0 | W6: ='Sep 2019'!W12 -> 208 | X6: ='Sep 2019'!X12 -> 0 | Y6: ='Sep 2019'!Y12 -> 0 | Z6: ='Sep 2019'!Z12 -> 0 | AA6: ='Sep 2019'!AA12 -> 0 | AB6: ='Sep 2019'!AB12 -> 0 | AC6: ='Sep 2019'!AC12 -> 0 | AD6: ='Sep 2019'!AD12 -> 0 | ... AF6: ='Sep 2019'!AF12 -> 0 | AG6: ='Sep 2019'!AK12 -> 0 | AH6: ='Sep 2019'!AP12 -> 0 | AI6: ='Sep 2019'!AO12 -> 0 | AJ6: ='Sep 2019'!AP12 -> 0 | AK6: ='Sep 2019'!AW12 -> 0 | AL6: ='Sep 2019'!AX12 -> 0 | AM6: ='Sep 2019'!AZ12 -> 0 | AN6: ='Sep 2019'!AZ12 -> 0 | AO6: ='Sep 2019'!BI12 -> 0 | AP6: ='Sep 2019'!BJ12 -> 0 | AQ6: ='Sep 2019'!BA12 -> 0 | AR6: ='Sep 2019'!BB12 -> 0 | AS6: ='Sep 2019'!BK12 -> 0 | AT6: ='Sep 2019'!BL12 -> 0 | AU6: ='Sep 2019'!BM12 -> 0 | AV6: ='Sep 2019'!BN12 -> 0 | AW6: ='Sep 2019'!E12 -> 13.3 | AX6: ='Sep 2019'!F12 -> 0 | AY6: ='Sep 2019'!O12 -> 0 | AZ6: ='Sep 2019'!P12 -> 0 | BA6: ='Sep 2019'!U12 -> 6.2 | BB6: ='Sep 2019'!V26 -> 0 | BC6: ='Sep 2019'!AG12 -> 445 | BD6: ='Sep 2019'!AH12 -> 0 | BE6: ='Sep 2019'!AI12 -> 0 | BF6: ='Sep 2019'!AJ12 -> 0 | BG6: ='Sep 2019'!AK12 -> 0 | BH6: ='Sep 2019'!AL12 -> 0 | BI6: ='Sep 2019'!AM12 -> 0 | BJ6: ='Sep 2019'!AM12 -> 0 | BK6: ='Sep 2019'!AO12 -> 0 | BL6: ='Sep 2019'!AP12 -> 0 | BM6: 0 | BN6: 0 | BO6: ='Sep 2019'!Q12 -> 0 | BP6: ='Sep 2019'!R12 -> 0
A7: Bali at Sayan | B7: =B6+1 -> 6 | C7: 9 | D7: 2019 | E7: ='Sep 2019'!M13 -> 4.4 | F7: ='Sep 2019'!N13 -> 0 | G7: ='Sep 2019'!G13 -> 0 | H7: ='Sep 2019'!H13 -> 0 | I7: ='Sep 2019'!I13 -> 0 | J7: ='Sep 2019'!J13 -> 0 | K7: ='Sep 2019'!K13 -> 7.4 | L7: ='Sep 2019'!L15 -> 0 | M7: ='Sep 2019'!S13 -> 0 | N7: ='Sep 2019'!T13 -> 0 | O7: ='Sep 2019'!U13 -> 5 | P7: ='Sep 2019'!V13 -> 0 | Q7: ='Sep 2019'!BC13 -> 0 | R7: ='Sep 2019'!BD13 -> 0 | S7: ='Sep 2019'!BF13 -> 0 | T7: ='Sep 2019'!BF13 -> 0 | U7: ='Sep 2019'!BG13 -> 0 | V7: ='Sep 2019'!BH13 -> 0 | W7: ='Sep 2019'!W13 -> 164 | X7: ='Sep 2019'!X13 -> 0 | Y7: ='Sep 2019'!Y13 -> 0 | Z7: ='Sep 2019'!Z13 -> 0 | AA7: ='Sep 2019'!AA13 -> 0 | AB7: ='Sep 2019'!AB13 -> 0 | AC7: ='Sep 2019'!AC13 -> 0 | AD7: ='Sep 2019'!AD13 -> 0 | ... AF7: ='Sep 2019'!AF13 -> 0 | AG7: ='Sep 2019'!AK13 -> 0 | AH7: ='Sep 2019'!AP13 -> 0 | AI7: ='Sep 2019'!AO13 -> 0 | AJ7: ='Sep 2019'!AP13 -> 0 | AK7: ='Sep 2019'!AW13 -> 0 | AL7: ='Sep 2019'!AX13 -> 0 | AM7: ='Sep 2019'!AZ13 -> 0 | AN7: ='Sep 2019'!AZ13 -> 0 | AO7: ='Sep 2019'!BI13 -> 0 | AP7: ='Sep 2019'!BJ13 -> 0 | AQ7: ='Sep 2019'!BA13 -> 0 | AR7: ='Sep 2019'!BB13 -> 0 | AS7: ='Sep 2019'!BK13 -> 0 | AT7: ='Sep 2019'!BL13 -> 0 | AU7: ='Sep 2019'!BM13 -> 0 | AV7: ='Sep 2019'!BN13 -> 0 | AW7: ='Sep 2019'!E13 -> 16 | AX7: ='Sep 2019'!F13 -> 0 | AY7: ='Sep 2019'!O13 -> 0 | AZ7: ='Sep 2019'!P13 -> 0 | BA7: ='Sep 2019'!U13 -> 5 | BB7: ='Sep 2019'!V27 -> 0 | BC7: ='Sep 2019'!AG13 -> 375 | BD7: ='Sep 2019'!AH13 -> 0 | BE7: ='Sep 2019'!AI13 -> 0 | BF7: ='Sep 2019'!AJ13 -> 0 | BG7: ='Sep 2019'!AK13 -> 0 | BH7: ='Sep 2019'!AL13 -> 0 | BI7: ='Sep 2019'!AM13 -> 0 | BJ7: ='Sep 2019'!AM13 -> 0 | BK7: ='Sep 2019'!AO13 -> 0 | BL7: ='Sep 2019'!AP13 -> 0 | BM7: 0 | BN7: 0 | BO7: ='Sep 2019'!Q13 -> 0 | BP7: ='Sep 2019'!R13 -> 0
A8: Bali at Sayan | B8: =B7+1 -> 7 | C8: 9 | D8: 2019 | E8: ='Sep 2019'!M14 -> 5 | F8: ='Sep 2019'!N14 -> 0 | G8: ='Sep 2019'!G14 -> 0 | H8: ='Sep 2019'!H14 -> 0 | I8: ='Sep 2019'!I14 -> 0 | J8: ='Sep 2019'!J14 -> 0 | K8: ='Sep 2019'!K14 -> 10.8 | L8: ='Sep 2019'!L16 -> 0 | M8: ='Sep 2019'!S14 -> 0 | N8: ='Sep 2019'!T14 -> 0 | O8: ='Sep 2019'!U14 -> 4.9 | P8: ='Sep 2019'!V14 -> 0 | Q8: ='Sep 2019'!BC14 -> 0 | R8: ='Sep 2019'!BD14 -> 0 | S8: ='Sep 2019'!BF14 -> 0 | T8: ='Sep 2019'!BF14 -> 0 | U8: ='Sep 2019'!BG14 -> 0 | V8: ='Sep 2019'!BH14 -> 0 | W8: ='Sep 2019'!W14 -> 124 | X8: ='Sep 2019'!X14 -> 0 | Y8: ='Sep 2019'!Y14 -> 0 | Z8: ='Sep 2019'!Z14 -> 0 | AA8: ='Sep 2019'!AA14 -> 0 | AB8: ='Sep 2019'!AB14 -> 0 | AC8: ='Sep 2019'!AC14 -> 0 | AD8: ='Sep 2019'!AD14 -> 0 | ... AF8: ='Sep 2019'!AF14 -> 0 | AG8: ='Sep 2019'!AK14 -> 0 | AH8: ='Sep 2019'!AP14 -> 0 | AI8: ='Sep 2019'!AO14 -> 0 | AJ8: ='Sep 2019'!AP14 -> 0 | AK8: ='Sep 2019'!AW14 -> 0 | AL8: ='Sep 2019'!AX14 -> 0 | AM8: ='Sep 2019'!AZ14 -> 0 | AN8: ='Sep 2019'!AZ14 -> 0 | AO8: ='Sep 2019'!BI14 -> 0 | AP8: ='Sep 2019'!BJ14 -> 0 | AQ8: ='Sep 2019'!BA14 -> 0 | AR8: ='Sep 2019'!BB14 -> 0 | AS8: ='Sep 2019'!BK14 -> 0 | AT8: ='Sep 2019'!BL14 -> 0 | AU8: ='Sep 2019'!BM14 -> 0 | AV8: ='Sep 2019'!BN14 -> 0 | AW8: ='Sep 2019'!E14 -> 17.2 | AX8: ='Sep 2019'!F14 -> 0 | AY8: ='Sep 2019'!O14 -> 0 | AZ8: ='Sep 2019'!P14 -> 0 | BA8: ='Sep 2019'!U14 -> 4.9 | BB8: ='Sep 2019'!V28 -> 0 | BC8: ='Sep 2019'!AG14 -> 390 | BD8: ='Sep 2019'!AH14 -> 0 | BE8: ='Sep 2019'!AI14 -> 0 | BF8: ='Sep 2019'!AJ14 -> 0 | BG8: ='Sep 2019'!AK14 -> 0 | BH8: ='Sep 2019'!AL14 -> 0 | BI8: ='Sep 2019'!AM14 -> 0 | BJ8: ='Sep 2019'!AM14 -> 0 | BK8: ='Sep 2019'!AO14 -> 0 | BL8: ='Sep 2019'!AP14 -> 0 | BM8: 0 | BN8: 0 | BO8: ='Sep 2019'!Q14 -> 0 | BP8: ='Sep 2019'!R14 -> 0
A9: Bali at Sayan | B9: =B8+1 -> 8 | C9: 9 | D9: 2019 | E9: ='Sep 2019'!M15 -> 3.9 | F9: ='Sep 2019'!N15 -> 0 | G9: ='Sep 2019'!G15 -> 0 | H9: ='Sep 2019'!H15 -> 0 | I9: ='Sep 2019'!I15 -> 0 | J9: ='Sep 2019'!J15 -> 0 | K9: ='Sep 2019'!K15 -> 7.3 | L9: ='Sep 2019'!L17 -> 0 | M9: ='Sep 2019'!S15 -> 0 | N9: ='Sep 2019'!T15 -> 0 | O9: ='Sep 2019'!U15 -> 6.3 | P9: ='Sep 2019'!V15 -> 0 | Q9: ='Sep 2019'!BC15 -> 0 | R9: ='Sep 2019'!BD15 -> 0 | S9: ='Sep 2019'!BF15 -> 0 | T9: ='Sep 2019'!BF15 -> 0 | U9: ='Sep 2019'!BG15 -> 0 | V9: ='Sep 2019'!BH15 -> 0 | W9: ='Sep 2019'!W15 -> 128 | X9: ='Sep 2019'!X15 -> 0 | Y9: ='Sep 2019'!Y15 -> 0 | Z9: ='Sep 2019'!Z15 -> 0 | AA9: ='Sep 2019'!AA15 -> 0 | AB9: ='Sep 2019'!AB15 -> 0 | AC9: ='Sep 2019'!AC15 -> 0 | AD9: ='Sep 2019'!AD15 -> 0 | ... AF9: ='Sep 2019'!AF15 -> 0 | AG9: ='Sep 2019'!AK15 -> 0 | AH9: ='Sep 2019'!AP15 -> 0 | AI9: ='Sep 2019'!AO15 -> 0 | AJ9: ='Sep 2019'!AP15 -> 0 | AK9: ='Sep 2019'!AW15 -> 0 | AL9: ='Sep 2019'!AX15 -> 0 | AM9: ='Sep 2019'!AZ15 -> 0 | AN9: ='Sep 2019'!AZ15 -> 0 | AO9: ='Sep 2019'!BI15 -> 0 | AP9: ='Sep 2019'!BJ15 -> 0 | AQ9: ='Sep 2019'!BA15 -> 0 | AR9: ='Sep 2019'!BB15 -> 0 | AS9: ='Sep 2019'!BK15 -> 0 | AT9: ='Sep 2019'!BL15 -> 0 | AU9: ='Sep 2019'!BM15 -> 0 | AV9: ='Sep 2019'!BN15 -> 0 | AW9: ='Sep 2019'!E15 -> 13 | AX9: ='Sep 2019'!F15 -> 0 | AY9: ='Sep 2019'!O15 -> 0 | AZ9: ='Sep 2019'!P15 -> 0 | BA9: ='Sep 2019'!U15 -> 6.3 | BB9: ='Sep 2019'!V29 -> 0 | BC9: ='Sep 2019'!AG15 -> 390 | BD9: ='Sep 2019'!AH15 -> 0 | BE9: ='Sep 2019'!AI15 -> 0 | BF9: ='Sep 2019'!AJ15 -> 0 | BG9: ='Sep 2019'!AK15 -> 0 | BH9: ='Sep 2019'!AL15 -> 0 | BI9: ='Sep 2019'!AM15 -> 0 | BJ9: ='Sep 2019'!AM15 -> 0 | BK9: ='Sep 2019'!AO15 -> 0 | BL9: ='Sep 2019'!AP15 -> 0 | BM9: 0 | BN9: 0 | BO9: ='Sep 2019'!Q15 -> 0 | BP9: ='Sep 2019'!R15 -> 0
A10: Bali at Sayan | B10: =B9+1 -> 9 | C10: 9 | D10: 2019 | E10: ='Sep 2019'!M16 -> 5 | F10: ='Sep 2019'!N16 -> 0 | G10: ='Sep 2019'!G16 -> 0 | H10: ='Sep 2019'!H16 -> 0 | I10: ='Sep 2019'!I16 -> 0 | J10: ='Sep 2019'!J16 -> 0 | K10: ='Sep 2019'!K16 -> 9 | L10: ='Sep 2019'!L18 -> 0 | M10: ='Sep 2019'!S16 -> 0 | N10: ='Sep 2019'!T16 -> 0 | O10: ='Sep 2019'!U16 -> 5.2 | P10: ='Sep 2019'!V16 -> 0 | Q10: ='Sep 2019'!BC16 -> 0 | R10: ='Sep 2019'!BD16 -> 0 | S10: ='Sep 2019'!BF16 -> 0 | T10: ='Sep 2019'!BF16 -> 0 | U10: ='Sep 2019'!BG16 -> 0 | V10: ='Sep 2019'!BH16 -> 0 | W10: ='Sep 2019'!W16 -> 168 | X10: ='Sep 2019'!X16 -> 0 | Y10: ='Sep 2019'!Y16 -> 0 | Z10: ='Sep 2019'!Z16 -> 0 | AA10: ='Sep 2019'!AA16 -> 0 | AB10: ='Sep 2019'!AB16 -> 0 | AC10: ='Sep 2019'!AC16 -> 0 | AD10: ='Sep 2019'!AD16 -> 0 | ... AF10: ='Sep 2019'!AF16 -> 0 | AG10: ='Sep 2019'!AK16 -> 0 | AH10: ='Sep 2019'!AP16 -> 0 | AI10: ='Sep 2019'!AO16 -> 0 | AJ10: ='Sep 2019'!AP16 -> 0 | AK10: ='Sep 2019'!AW16 -> 0 | AL10: ='Sep 2019'!AX16 -> 0 | AM10: ='Sep 2019'!AZ16 -> 0 | AN10: ='Sep 2019'!AZ16 -> 0 | AO10: ='Sep 2019'!BI16 -> 0 | AP10: ='Sep 2019'!BJ16 -> 0 | AQ10: ='Sep 2019'!BA16 -> 0 | AR10: ='Sep 2019'!BB16 -> 0 | AS10: ='Sep 2019'!BK16 -> 0 | AT10: ='Sep 2019'!BL16 -> 0 | AU10: ='Sep 2019'!BM16 -> 0 | AV10: ='Sep 2019'!BN16 -> 0 | AW10: ='Sep 2019'!E16 -> 14.3 | AX10: ='Sep 2019'!F16 -> 0 | AY10: ='Sep 2019'!O16 -> 0 | AZ10: ='Sep 2019'!P16 -> 0 | BA10: ='Sep 2019'!U16 -> 5.2 | BB10: ='Sep 2019'!V30 -> 0 | BC10: ='Sep 2019'!AG16 -> 420 | BD10: ='Sep 2019'!AH16 -> 0 | BE10: ='Sep 2019'!AI16 -> 0 | BF10: ='Sep 2019'!AJ16 -> 0 | BG10: ='Sep 2019'!AK16 -> 0 | BH10: ='Sep 2019'!AL16 -> 0 | BI10: ='Sep 2019'!AM16 -> 0 | BJ10: ='Sep 2019'!AM16 -> 0 | BK10: ='Sep 2019'!AO16 -> 0 | BL10: ='Sep 2019'!AP16 -> 0 | BM10: 0 | BN10: 0 | BO10: ='Sep 2019'!Q16 -> 0 | BP10: ='Sep 2019'!R16 -> 0
A11: Bali at Sayan | B11: =B10+1 -> 10 | C11: 9 | D11: 2019 | E11: ='Sep 2019'!M17 -> 4.1 | F11: ='Sep 2019'!N17 -> 0 | G11: ='Sep 2019'!G17 -> 0 | H11: ='Sep 2019'!H17 -> 0 | I11: ='Sep 2019'!I17 -> 0 | J11: ='Sep 2019'!J17 -> 0 | K11: ='Sep 2019'!K17 -> 10.6 | L11: ='Sep 2019'!L19 -> 0 | M11: ='Sep 2019'!S17 -> 0 | N11: ='Sep 2019'!T17 -> 0 | O11: ='Sep 2019'!U17 -> 4.9 | P11: ='Sep 2019'!V17 -> 0 | Q11: ='Sep 2019'!BC17 -> 0 | R11: ='Sep 2019'!BD17 -> 0 | S11: ='Sep 2019'!BF17 -> 0 | T11: ='Sep 2019'!BF17 -> 0 | U11: ='Sep 2019'!BG17 -> 0 | V11: ='Sep 2019'!BH17 -> 0 | W11: ='Sep 2019'!W17 -> 192 | X11: ='Sep 2019'!X17 -> 0 | Y11: ='Sep 2019'!Y17 -> 0 | Z11: ='Sep 2019'!Z17 -> 0 | AA11: ='Sep 2019'!AA17 -> 0 | AB11: ='Sep 2019'!AB17 -> 0 | AC11: ='Sep 2019'!AC17 -> 0 | AD11: ='Sep 2019'!AD17 -> 0 | ... AF11: ='Sep 2019'!AF17 -> 0 | AG11: ='Sep 2019'!AK17 -> 0 | AH11: ='Sep 2019'!AP17 -> 0 | AI11: ='Sep 2019'!AO17 -> 0 | AJ11: ='Sep 2019'!AP17 -> 0 | AK11: ='Sep 2019'!AW17 -> 0 | AL11: ='Sep 2019'!AX17 -> 0 | AM11: ='Sep 2019'!AZ17 -> 0 | AN11: ='Sep 2019'!AZ17 -> 0 | AO11: ='Sep 2019'!BI17 -> 0 | AP11: ='Sep 2019'!BJ17 -> 0 | AQ11: ='Sep 2019'!BA17 -> 0 | AR11: ='Sep 2019'!BB17 -> 0 | AS11: ='Sep 2019'!BK17 -> 0 | AT11: ='Sep 2019'!BL17 -> 0 | AU11: ='Sep 2019'!BM17 -> 0 | AV11: ='Sep 2019'!BN17 -> 0 | AW11: ='Sep 2019'!E17 -> 15.4 | AX11: ='Sep 2019'!F17 -> 0 | AY11: ='Sep 2019'!O17 -> 0 | AZ11: ='Sep 2019'!P17 -> 0 | BA11: ='Sep 2019'!U17 -> 4.9 | BB11: ='Sep 2019'!V31 -> 0 | BC11: ='Sep 2019'!AG17 -> 440 | BD11: ='Sep 2019'!AH17 -> 0 | BE11: ='Sep 2019'!AI17 -> 0 | BF11: ='Sep 2019'!AJ17 -> 0 | BG11: ='Sep 2019'!AK17 -> 0 | BH11: ='Sep 2019'!AL17 -> 0 | BI11: ='Sep 2019'!AM17 -> 0 | BJ11: ='Sep 2019'!AM17 -> 0 | BK11: ='Sep 2019'!AO17 -> 0 | BL11: ='Sep 2019'!AP17 -> 0 | BM11: 0 | BN11: 0 | BO11: ='Sep 2019'!Q17 -> 0 | BP11: ='Sep 2019'!R17 -> 0
A12: Bali at Sayan | B12: =B11+1 -> 11 | C12: 9 | D12: 2019 | E12: ='Sep 2019'!M18 -> 3.8 | F12: ='Sep 2019'!N18 -> 0 | G12: ='Sep 2019'!G18 -> 0 | H12: ='Sep 2019'!H18 -> 0 | I12: ='Sep 2019'!I18 -> 0 | J12: ='Sep 2019'!J18 -> 0 | K12: ='Sep 2019'!K18 -> 7.1 | L12: ='Sep 2019'!L20 -> 0 | M12: ='Sep 2019'!S18 -> 0 | N12: ='Sep 2019'!T18 -> 0 | O12: ='Sep 2019'!U18 -> 6.3 | P12: ='Sep 2019'!V18 -> 0 | Q12: ='Sep 2019'!BC18 -> 0 | R12: ='Sep 2019'!BD18 -> 0 | S12: ='Sep 2019'!BF18 -> 0 | T12: ='Sep 2019'!BF18 -> 0 | U12: ='Sep 2019'!BG18 -> 0 | V12: ='Sep 2019'!BH18 -> 0 | W12: ='Sep 2019'!W18 -> 164 | X12: ='Sep 2019'!X18 -> 0 | Y12: ='Sep 2019'!Y18 -> 0 | Z12: ='Sep 2019'!Z18 -> 0 | AA12: ='Sep 2019'!AA18 -> 0 | AB12: ='Sep 2019'!AB18 -> 0 | AC12: ='Sep 2019'!AC18 -> 0 | AD12: ='Sep 2019'!AD18 -> 0 | ... AF12: ='Sep 2019'!AF18 -> 0 | AG12: ='Sep 2019'!AK18 -> 0 | AH12: ='Sep 2019'!AP18 -> 0 | AI12: ='Sep 2019'!AO18 -> 0 | AJ12: ='Sep 2019'!AP18 -> 0 | AK12: ='Sep 2019'!AW18 -> 0 | AL12: ='Sep 2019'!AX18 -> 0 | AM12: ='Sep 2019'!AZ18 -> 0 | AN12: ='Sep 2019'!AZ18 -> 0 | AO12: ='Sep 2019'!BI18 -> 0 | AP12: ='Sep 2019'!BJ18 -> 0 | AQ12: ='Sep 2019'!BA18 -> 0 | AR12: ='Sep 2019'!BB18 -> 0 | AS12: ='Sep 2019'!BK18 -> 0 | AT12: ='Sep 2019'!BL18 -> 0 | AU12: ='Sep 2019'!BM18 -> 0 | AV12: ='Sep 2019'!BN18 -> 0 | AW12: ='Sep 2019'!E18 -> 14.2 | AX12: ='Sep 2019'!F18 -> 0 | AY12: ='Sep 2019'!O18 -> 0 | AZ12: ='Sep 2019'!P18 -> 0 | BA12: ='Sep 2019'!U18 -> 6.3 | BB12: ='Sep 2019'!V32 -> 0 | BC12: ='Sep 2019'!AG18 -> 470 | BD12: ='Sep 2019'!AH18 -> 0 | BE12: ='Sep 2019'!AI18 -> 0 | BF12: ='Sep 2019'!AJ18 -> 0 | BG12: ='Sep 2019'!AK18 -> 0 | BH12: ='Sep 2019'!AL18 -> 0 | BI12: ='Sep 2019'!AM18 -> 0 | BJ12: ='Sep 2019'!AM18 -> 0 | BK12: ='Sep 2019'!AO18 -> 0 | BL12: ='Sep 2019'!AP18 -> 0 | BM12: 0 | BN12: 0 | BO12: ='Sep 2019'!Q18 -> 0 | BP12: ='Sep 2019'!R18 -> 0
A13: Bali at Sayan | B13: =B12+1 -> 12 | C13: 9 | D13: 2019 | E13: ='Sep 2019'!M19 -> 4.9 | F13: ='Sep 2019'!N19 -> 0 | G13: ='Sep 2019'!G19 -> 0 | H13: ='Sep 2019'!H19 -> 0 | I13: ='Sep 2019'!I19 -> 0 | J13: ='Sep 2019'!J19 -> 0 | K13: ='Sep 2019'!K19 -> 7.7 | L13: ='Sep 2019'!L21 -> 0 | M13: ='Sep 2019'!S19 -> 0 | N13: ='Sep 2019'!T19 -> 0 | O13: ='Sep 2019'!U19 -> 5.1 | P13: ='Sep 2019'!V19 -> 0 | Q13: ='Sep 2019'!BC19 -> 0 | R13: ='Sep 2019'!BD19 -> 0 | S13: ='Sep 2019'!BF19 -> 0 | T13: ='Sep 2019'!BF19 -> 0 | U13: ='Sep 2019'!BG19 -> 0 | V13: ='Sep 2019'!BH19 -> 0 | W13: ='Sep 2019'!W19 -> 160 | X13: ='Sep 2019'!X19 -> 0 | Y13: ='Sep 2019'!Y19 -> 0 | Z13: ='Sep 2019'!Z19 -> 0 | AA13: ='Sep 2019'!AA19 -> 0 | AB13: ='Sep 2019'!AB19 -> 0 | AC13: ='Sep 2019'!AC19 -> 0 | AD13: ='Sep 2019'!AD19 -> 0 | ... AF13: ='Sep 2019'!AF19 -> 0 | AG13: ='Sep 2019'!AK19 -> 0 | AH13: ='Sep 2019'!AP19 -> 0 | AI13: ='Sep 2019'!AO19 -> 0 | AJ13: ='Sep 2019'!AP19 -> 0 | AK13: ='Sep 2019'!AW19 -> 0 | AL13: ='Sep 2019'!AX19 -> 0 | AM13: ='Sep 2019'!AZ19 -> 0 | AN13: ='Sep 2019'!AZ19 -> 0 | AO13: ='Sep 2019'!BI19 -> 0 | AP13: ='Sep 2019'!BJ19 -> 0 | AQ13: ='Sep 2019'!BA19 -> 0 | AR13: ='Sep 2019'!BB19 -> 0 | AS13: ='Sep 2019'!BK19 -> 0 | AT13: ='Sep 2019'!BL19 -> 0 | AU13: ='Sep 2019'!BM19 -> 0 | AV13: ='Sep 2019'!BN19 -> 0 | AW13: ='Sep 2019'!E19 -> 12.7 | AX13: ='Sep 2019'!F19 -> 0 | AY13: ='Sep 2019'!O19 -> 0 | AZ13: ='Sep 2019'!P19 -> 0 | BA13: ='Sep 2019'!U19 -> 5.1 | BB13: ='Sep 2019'!V33 -> 0 | BC13: ='Sep 2019'!AG19 -> 500 | BD13: ='Sep 2019'!AH19 -> 0 | BE13: ='Sep 2019'!AI19 -> 0 | BF13: ='Sep 2019'!AJ19 -> 0 | BG13: ='Sep 2019'!AK19 -> 0 | BH13: ='Sep 2019'!AL19 -> 0 | BI13: ='Sep 2019'!AM19 -> 0 | BJ13: ='Sep 2019'!AM19 -> 0 | BK13: ='Sep 2019'!AO19 -> 0 | BL13: ='Sep 2019'!AP19 -> 0 | BM13: 0 | BN13: 0 | BO13: ='Sep 2019'!Q19 -> 0 | BP13: ='Sep 2019'!R19 -> 0
A14: Bali at Sayan | B14: =B13+1 -> 13 | C14: 9 | D14: 2019 | E14: ='Sep 2019'!M20 -> 4.1 | F14: ='Sep 2019'!N20 -> 0 | G14: ='Sep 2019'!G20 -> 0 | H14: ='Sep 2019'!H20 -> 0 | I14: ='Sep 2019'!I20 -> 0 | J14: ='Sep 2019'!J20 -> 0 | K14: ='Sep 2019'!K20 -> 10.8 | L14: ='Sep 2019'!L22 -> 0 | M14: ='Sep 2019'!S20 -> 0 | N14: ='Sep 2019'!T20 -> 0 | O14: ='Sep 2019'!U20 -> 5 | P14: ='Sep 2019'!V20 -> 0 | Q14: ='Sep 2019'!BC20 -> 0 | R14: ='Sep 2019'!BD20 -> 0 | S14: ='Sep 2019'!BF20 -> 0 | T14: ='Sep 2019'!BF20 -> 0 | U14: ='Sep 2019'!BG20 -> 0 | V14: ='Sep 2019'!BH20 -> 0 | W14: ='Sep 2019'!W20 -> 144 | X14: ='Sep 2019'!X20 -> 0 | Y14: ='Sep 2019'!Y20 -> 0 | Z14: ='Sep 2019'!Z20 -> 0 | AA14: ='Sep 2019'!AA20 -> 0 | AB14: ='Sep 2019'!AB20 -> 0 | AC14: ='Sep 2019'!AC20 -> 0 | AD14: ='Sep 2019'!AD20 -> 0 | ... AF14: ='Sep 2019'!AF20 -> 0 | AG14: ='Sep 2019'!AK20 -> 0 | AH14: ='Sep 2019'!AP20 -> 0 | AI14: ='Sep 2019'!AO20 -> 0 | AJ14: ='Sep 2019'!AP20 -> 0 | AK14: ='Sep 2019'!AW20 -> 0 | AL14: ='Sep 2019'!AX20 -> 0 | AM14: ='Sep 2019'!AZ20 -> 0 | AN14: ='Sep 2019'!AZ20 -> 0 | AO14: ='Sep 2019'!BI20 -> 0 | AP14: ='Sep 2019'!BJ20 -> 0 | AQ14: ='Sep 2019'!BA20 -> 0 | AR14: ='Sep 2019'!BB20 -> 0 | AS14: ='Sep 2019'!BK20 -> 0 | AT14: ='Sep 2019'!BL20 -> 0 | AU14: ='Sep 2019'!BM20 -> 0 | AV14: ='Sep 2019'!BN20 -> 0 | AW14: ='Sep 2019'!E20 -> 14.5 | AX14: ='Sep 2019'!F20 -> 0 | AY14: ='Sep 2019'!O20 -> 0 | AZ14: ='Sep 2019'!P20 -> 0 | BA14: ='Sep 2019'!U20 -> 5 | BB14: ='Sep 2019'!V34 -> 0 | BC14: ='Sep 2019'!AG20 -> 520 | BD14: ='Sep 2019'!AH20 -> 0 | BE14: ='Sep 2019'!AI20 -> 0 | BF14: ='Sep 2019'!AJ20 -> 0 | BG14: ='Sep 2019'!AK20 -> 0 | BH14: ='Sep 2019'!AL20 -> 0 | BI14: ='Sep 2019'!AM20 -> 0 | BJ14: ='Sep 2019'!AM20 -> 0 | BK14: ='Sep 2019'!AO20 -> 0 | BL14: ='Sep 2019'!AP20 -> 0 | BM14: 0 | BN14: 0 | BO14: ='Sep 2019'!Q20 -> 0 | BP14: ='Sep 2019'!R20 -> 0
... A29: Bali at Sayan | B29: =B28+1 -> 28 | C29: 9 | D29: 2019 | E29: ='Sep 2019'!M35 -> 4.1 | F29: ='Sep 2019'!N35 -> 0 | G29: ='Sep 2019'!G35 -> 0 | H29: ='Sep 2019'!H35 -> 0 | I29: ='Sep 2019'!I35 -> 0 | J29: ='Sep 2019'!J35 -> 0 | K29: ='Sep 2019'!K35 -> 6.8 | L29: ='Sep 2019'!L37 -> 0 | M29: ='Sep 2019'!S35 -> 0 | N29: ='Sep 2019'!T35 -> 0 | O29: ='Sep 2019'!U35 -> 5.2 | P29: ='Sep 2019'!V35 -> 0 | Q29: ='Sep 2019'!BC35 -> 0 | R29: ='Sep 2019'!BD35 -> 0 | S29: ='Sep 2019'!BF35 -> 0 | T29: ='Sep 2019'!BF35 -> 0 | U29: ='Sep 2019'!BG35 -> 0 | V29: ='Sep 2019'!BH35 -> 0 | W29: ='Sep 2019'!W35 -> 180 | X29: ='Sep 2019'!X35 -> 0 | Y29: ='Sep 2019'!Y35 -> 0 | Z29: ='Sep 2019'!Z35 -> 0 | AA29: ='Sep 2019'!AA35 -> 0 | AB29: ='Sep 2019'!AB35 -> 0 | AC29: ='Sep 2019'!AC35 -> 0 | AD29: ='Sep 2019'!AD35 -> 0 | ... AF29: ='Sep 2019'!AF35 -> 0 | AG29: ='Sep 2019'!AK35 -> 0 | AH29: ='Sep 2019'!AP35 -> 0 | AI29: ='Sep 2019'!AO35 -> 0 | AJ29: ='Sep 2019'!AP35 -> 0 | AK29: ='Sep 2019'!AW35 -> 0 | AL29: ='Sep 2019'!AX35 -> 0 | AM29: ='Sep 2019'!AZ35 -> 0 | AN29: ='Sep 2019'!AZ35 -> 0 | AO29: ='Sep 2019'!BI35 -> 0 | AP29: ='Sep 2019'!BJ35 -> 0 | AQ29: ='Sep 2019'!BA35 -> 0 | AR29: ='Sep 2019'!BB35 -> 0 | AS29: ='Sep 2019'!BK35 -> 0 | AT29: ='Sep 2019'!BL35 -> 0 | AU29: ='Sep 2019'!BM35 -> 0 | AV29: ='Sep 2019'!BN35 -> 0 | AW29: ='Sep 2019'!E35 -> 15.3 | AX29: ='Sep 2019'!F35 -> 0 | AY29: ='Sep 2019'!O35 -> 0 | AZ29: ='Sep 2019'!P35 -> 0 | BA29: ='Sep 2019'!U35 -> 5.2 | BB29: ='Sep 2019'!V49 -> 0 | BC29: ='Sep 2019'!AG35 -> 420 | BD29: ='Sep 2019'!AH35 -> 0 | BE29: ='Sep 2019'!AI35 -> 0 | BF29: ='Sep 2019'!AJ35 -> 0 | BG29: ='Sep 2019'!AK35 -> 0 | BH29: ='Sep 2019'!AL35 -> 0 | BI29: ='Sep 2019'!AM35 -> 0 | BJ29: ='Sep 2019'!AM35 -> 0 | BK29: ='Sep 2019'!AO35 -> 0 | BL29: ='Sep 2019'!AP35 -> 0 | BM29: 0 | BN29: 0 | BO29: ='Sep 2019'!Q35 -> 0 | BP29: ='Sep 2019'!R35 -> 0
A30: Bali at Sayan | B30: =B29+1 -> 29 | C30: 9 | D30: 2019 | E30: ='Sep 2019'!M36 -> 5.4 | F30: ='Sep 2019'!N36 -> 0 | G30: ='Sep 2019'!G36 -> 0 | H30: ='Sep 2019'!H36 -> 0 | I30: ='Sep 2019'!I36 -> 0 | J30: ='Sep 2019'!J36 -> 0 | K30: ='Sep 2019'!K36 -> 8.3 | L30: ='Sep 2019'!L38 -> 0 | M30: ='Sep 2019'!S36 -> 0 | N30: =SUM(N2:N29) -> 0 | O30: ='Sep 2019'!U36 -> 5.2 | P30: =SUM(P2:P29) -> 0 | Q30: =SUM(Q2:Q29) -> 0 | R30: =SUM(R2:R29) -> 0 | S30: =SUM(S2:S29) -> 0 | T30: =SUM(T2:T29) -> 0 | U30: =SUM(U2:U29) -> 0 | V30: =SUM(V2:V29) -> 0 | W30: ='Sep 2019'!W36 -> 140 | X30: ='Sep 2019'!X36 -> 0 | Y30: =SUM(Y2:Y29) -> 0 | Z30: =SUM(Z2:Z29) -> 0 | AA30: =SUM(AA2:AA29) -> 0 | AB30: =SUM(AB2:AB29) -> 0 | AC30: =SUM(AC2:AC29) -> 0 | AD30: =SUM(AD2:AD29) -> 0 | AE30: =SUM(AE2:AE29) -> 0 | AF30: =SUM(AF2:AF29) -> 0 | ... AV30: =SUM(AV2:AV29) -> 0 | AW30: ='Sep 2019'!E36 -> 13.5 | AX30: ='Sep 2019'!F36 -> 0 | AY30: =SUM(AY2:AY29) -> 0 | AZ30: =SUM(AZ2:AZ29) -> 0 | BA30: ='Sep 2019'!U36 -> 5.2 | BB30: ='Sep 2019'!V50 -> 0 | BC30: ='Sep 2019'!AG36 -> 385 | BD30: ='Sep 2019'!AH36 -> 0 | BE30: =SUM(BE2:BE29) -> 0 | BF30: =SUM(BF2:BF29) -> 0 | BG30: =SUM(BG2:BG29) -> 0 | BH30: =SUM(BH2:BH29) -> 0 | BI30: =SUM(BI2:BI29) -> 0 | BJ30: =SUM(BJ2:BJ29) -> 0 | BK30: =SUM(BK2:BK29) -> 0 | BL30: =SUM(BL2:BL29) -> 0 | ... BP30: =SUM(BP2:BP29) -> 0
A31: Bali at Sayan | B31: =B30+1 -> 30 | C31: 9 | D31: 2019 | E31: ='Sep 2019'!M37 -> 2.6 | F31: ='Sep 2019'!N37 -> 0 | G31: ='Sep 2019'!G37 -> 0 | H31: ='Sep 2019'!H37 -> 0 | I31: ='Sep 2019'!I37 -> 0 | J31: ='Sep 2019'!J37 -> 0 | K31: ='Sep 2019'!K37 -> 6.6 | L31: ='Sep 2019'!L39 -> 0 | M31: ='Sep 2019'!S37 -> 0 | N31: =SUM(N3:N30) -> 0 | O31: ='Sep 2019'!U37 -> 4.9 | P31: =SUM(P3:P30) -> 0 | Q31: =SUM(Q3:Q30) -> 0 | R31: =SUM(R3:R30) -> 0 | S31: =SUM(S3:S30) -> 0 | T31: =SUM(T3:T30) -> 0 | U31: =SUM(U3:U30) -> 0 | V31: =SUM(V3:V30) -> 0 | W31: ='Sep 2019'!W37 -> 248 | X31: ='Sep 2019'!X37 -> 0 | Y31: =SUM(Y3:Y30) -> 0 | Z31: =SUM(Z3:Z30) -> 0 | AA31: =SUM(AA3:AA30) -> 0 | AB31: =SUM(AB3:AB30) -> 0 | AC31: =SUM(AC3:AC30) -> 0 | AD31: =SUM(AD3:AD30) -> 0 | AE31: =SUM(AE3:AE30) -> 0 | AF31: =SUM(AF3:AF30) -> 0 | ... AV31: =SUM(AV3:AV30) -> 0 | AW31: ='Sep 2019'!E37 -> 14.3 | AX31: ='Sep 2019'!F37 -> 0 | AY31: ='Sep 2019'!A37 -> 0 | AZ31: ='Sep 2019'!B37 -> 30 | BA31: ='Sep 2019'!U37 -> 4.9 | BB31: ='Sep 2019'!V51 -> 0 | BC31: ='Sep 2019'!AG37 -> 310 | BD31: ='Sep 2019'!F37 -> 0 | BE31: ='Sep 2019'!G37 -> 0 | BF31: ='Sep 2019'!H37 -> 0 | BG31: ='Sep 2019'!I37 -> 0 | BH31: ='Sep 2019'!J37 -> 0 | BI31: ='Sep 2019'!K37 -> 6.6 | BJ31: ='Sep 2019'!L37 -> 0 | BK31: ='Sep 2019'!M37 -> 2.6 | ... BP31: ='Sep 2019'!R37 -> 0
E32: ='Sep 2019'!M38 -> 122.3 | F32: =SUM(F4:F31) -> 0 | G32: =SUM(G4:G31) -> 0 | H32: =SUM(H4:H31) -> 0 | I32: =SUM(I4:I31) -> 0 | J32: =SUM(J4:J31) -> 0 | K32: ='Sep 2019'!K38 -> 244.5 | L32: ='Sep 2019'!L40 -> 0 | M32: =SUM(M4:M31) -> 0 | N32: =SUM(N4:N31) -> 0 | O32: ='Sep 2019'!U38 -> 161.8 | P32: =SUM(P4:P31) -> 0 | Q32: =SUM(Q4:Q31) -> 0 | R32: =SUM(R4:R31) -> 0 | S32: =SUM(S4:S31) -> 0 | T32: =SUM(T4:T31) -> 0 | U32: =SUM(U4:U31) -> 0 | V32: =SUM(V4:V31) -> 0 | W32: ='Sep 2019'!W38 -> 5088 | X32: ='Sep 2019'!X38 -> 17800000 | Y32: =SUM(Y4:Y31) -> 0 | Z32: =SUM(Z4:Z31) -> 0 | AA32: =SUM(AA4:AA31) -> 0 | AB32: =SUM(AB4:AB31) -> 0 | AC32: =SUM(AC4:AC31) -> 0 | AD32: =SUM(AD4:AD31) -> 0 | AE32: =SUM(AE4:AE31) -> 0 | AF32: =SUM(AF4:AF31) -> 0 | ... AV32: =SUM(AV4:AV31) -> 0 | AW32: ='Sep 2019'!E38 -> 429.3 | AX32: ='Sep 2019'!F38 -> 0 | AY32: ='Sep 2019'!A38 -> 0 | AZ32: ='Sep 2019'!B38 -> 0 | BA32: ='Sep 2019'!U38 -> 161.8 | BB32: ='Sep 2019'!V52 -> 0 | BC32: ='Sep 2019'!AG38 -> 12250 | BD32: ='Sep 2019'!F38 -> 0 | BE32: ='Sep 2019'!G38 -> 0 | BF32: ='Sep 2019'!H38 -> 0 | BG32: ='Sep 2019'!I38 -> 0 | BH32: ='Sep 2019'!J38 -> 0 | BI32: ='Sep 2019'!K38 -> 244.5 | BJ32: ='Sep 2019'!L38 -> 0 | BK32: ='Sep 2019'!M38 -> 122.3 | ... BP32: ='Sep 2019'!R38 -> 0

Sheet Sep 2019
B2: Four Seasons Resort Bali at Sayan
B3: Sep 2019
B4: Date | C4: Room Nights | D4: Food Covers | E4: Paper Waste | K4: Glass Waste | M4: Metal Waste | U4: Plastic Waste | W4: Organic Waste | AK4: Hazardous Waste | BC4: Recycleable
E6: Total (per Unit) paper cardboard | F6: Total cost paper cardboard | G6: Total (per Unit) cardboard | H6: Total cost cardboard | I6: Total (per Unit) paper | J6: Total cost paper | K6: Total (per Unit) mixed glass | L6: Total cost mixed glass | M6: Total (per Unit) bottles cans | N6: Total cost bottles cans | O6: Total (per Unit) mixed metals | P6: Total cost mixed metals | Q6: Total (per Unit) tin | R6: Total cost tin | S6: Total (per Unit) aluminum | T6: Total cost aluminum | U6: Total (per Unit) other plastics | V6: Total cost plastics | W6: Total (per Unit) solid food waste | X6: Total cost solid food waste | Y6: Total (per Unit) leftover food | Z6: Total cost leftover food | AA6: Total (per Unit) inedible parts | AB6: Total cost inedible parts | AC6: Total (per Unit) liquid food waste | AD6: Total cost liquid food waste | AE6: Total (per Unit) kitchen grease | AF6: Total cost kitchen grease | AG6: Total (per Unit) biodegradable | AH6: Total cost biodegradable | AI6: Total (per Unit) food waste | AJ6: Total cost food waste | AK6: Total (per Unit) hazardous waste | AL6: Total cost hazardous waste | AM6: Total (per Unit) universal waste | AN6: Total cost universal waste | AO6: Total (per Unit) hazardous and universal waste | AP6: Total cost hazardous and universal waste | AQ6: Total (per Unit) medical waste | AR6: Total cost medical waste | AS6: Total (per Unit) liquid hazardous waste | AT6: Total cost liquid hazardous waste | AU6: Total (per Unit) other hazardous waste | AV6: Total cost other hazardous waste | AW6: Total (per Unit) batteries | AX6: Total cost batteries | AY6: Total (per Unit) light bulbs | AZ6: Total cost light bulbs | BA6: Total (per Unit) paint | BB6: Total cost paint | BC6: Total (per Unit) soap bars | BD6: Total cost soap bars | BE6: Total (per Unit) e waste | BF6: Total cost e waste | BG6: Total (per Unit) durable goods | BH6: Total cost durable goods | BI6: Total (per Unit) textiles | BJ6: Total cost textiles | BK6: Total (per Unit) recyclable | BL6: Total cost recyclable | BM6: Total (per Unit) commingled recyclables | BN6: Total cost commingled recyclables
B8: 1 | C8: 39 | D8: 202 | E8: 14.7 | F8: 0 | G8: 0 | H8: 0 | I8: 0 | J8: 0 | K8: 9.2 | L8: 0 | M8: 3.8 | N8: 0 | O8: 0 | P8: 0 | Q8: 0 | R8: 0 | S8: 0 | T8: 0 | U8: 5 | V8: 0 | W8: 164 | X8: 17800000 | Y8: 0 | Z8: 0 | AA8: 0 | AB8: 0 | AC8: 0 | AD8: 0 | AE8: 0 | AF8: 0 | AG8: 555 | AH8: 0 | AI8: 0 | AJ8: 0 | AK8: 0 | AL8: 0 | AM8: 0 | AN8: 0 | AO8: 0 | AP8: 0 | AQ8: 0 | AR8: 0 | AS8: 0 | AT8: 0 | AU8: 0 | AV8: 0 | AW8: 0 | AX8: 0 | AY8: 0 | AZ8: 0 | BA8: 0 | BB8: 0 | BC8: 0 | BD8: 0 | BE8: 0 | BF8: 0 | BG8: 0 | BH8: 0 | BI8: 0 | BJ8: 0 | BK8: 0 | BL8: 0 | BM8: 0 | BN8: 0
B9: 2 | C9: 41 | D9: 228 | E9: 15.5 | F9: 0 | G9: 0 | H9: 0 | I9: 0 | J9: 0 | K9: 8.8 | L9: 0 | M9: 5.1 | N9: 0 | O9: 0 | P9: 0 | Q9: 0 | R9: 0 | S9: 0 | T9: 0 | U9: 6.1 | V9: 0 | W9: 140 | X9: 0 | Y9: 0 | Z9: 0 | AA9: 0 | AB9: 0 | AC9: 0 | AD9: 0 | AE9: 0 | AF9: 0 | AG9: 380 | AH9: 0 | AI9: 0 | AJ9: 0 | AK9: 0 | AL9: 0 | AM9: 0 | AN9: 0 | AO9: 0 | AP9: 0 | AQ9: 0 | AR9: 0 | AS9: 0 | AT9: 0 | AU9: 0 | AV9: 0 | AW9: 0 | AX9: 0 | AY9: 0 | AZ9: 0 | BA9: 0 | BB9: 0 | BC9: 0 | BD9: 0 | BE9: 0 | BF9: 0 | BG9: 0 | BH9: 0 | BI9: 0 | BJ9: 0 | BK9: 0 | BL9: 0 | BM9: 0 | BN9: 0
B10: 3 | C10: 55 | D10: 231 | E10: 14.8 | F10: 0 | G10: 0 | H10: 0 | I10: 0 | J10: 0 | K10: 9.5 | L10: 0 | M10: 3.9 | N10: 0 | O10: 0 | P10: 0 | Q10: 0 | R10: 0 | S10: 0 | T10: 0 | U10: 5.3 | V10: 0 | W10: 172 | X10: 0 | Y10: 0 | Z10: 0 | AA10: 0 | AB10: 0 | AC10: 0 | AD10: 0 | AE10: 0 | AF10: 0 | AG10: 415 | AH10: 0 | AI10: 0 | AJ10: 0 | AK10: 0 | AL10: 0 | AM10: 0 | AN10: 0 | AO10: 0 | AP10: 0 | AQ10: 0 | AR10: 0 | AS10: 0 | AT10: 0 | AU10: 0 | AV10: 0 | AW10: 0 | AX10: 0 | AY10: 0 | AZ10: 0 | BA10: 0 | BB10: 0 | BC10: 0 | BD10: 0 | BE10: 0 | BF10: 0 | BG10: 0 | BH10: 0 | BI10: 0 | BJ10: 0 | BK10: 0 | BL10: 0 | BM10: 0 | BN10: 0
B11: 4 | C11: 54 | D11: 235 | E11: 15 | F11: 0 | G11: 0 | H11: 0 | I11: 0 | J11: 0 | K11: 9.8 | L11: 0 | M11: 6 | N11: 0 | O11: 0 | P11: 0 | Q11: 0 | R11: 0 | S11: 0 | T11: 0 | U11: 5.2 | V11: 0 | W11: 144 | X11: 0 | Y11: 0 | Z11: 0 | AA11: 0 | AB11: 0 | AC11: 0 | AD11: 0 | AE11: 0 | AF11: 0 | AG11: 385 | AH11: 0 | AI11: 0 | AJ11: 0 | AK11: 0 | AL11: 0 | AM11: 0 | AN11: 0 | AO11: 0 | AP11: 0 | AQ11: 0 | AR11: 0 | AS11: 0 | AT11: 0 | AU11: 0 | AV11: 0 | AW11: 0 | AX11: 0 | AY11: 0 | AZ11: 0 | BA11: 0 | BB11: 0 | BC11: 0 | BD11: 0 | BE11: 0 | BF11: 0 | BG11: 0 | BH11: 0 | BI11: 0 | BJ11: 0 | BK11: 0 | BL11: 0 | BM11: 0 | BN11: 0
B12: 5 | C12: 55 | D12: 353 | E12: 13.3 | F12: 0 | G12: 0 | H12: 0 | I12: 0 | J12: 0 | K12: 8.2 | L12: 0 | M12: 4.2 | N12: 0 | O12: 0 | P12: 0 | Q12: 0 | R12: 0 | S12: 0 | T12: 0 | U12: 6.2 | V12: 0 | W12: 208 | X12: 0 | Y12: 0 | Z12: 0 | AA12: 0 | AB12: 0 | AC12: 0 | AD12: 0 | AE12: 0 | AF12: 0 | AG12: 445 | AH12: 0 | AI12: 0 | AJ12: 0 | AK12: 0 | AL12: 0 | AM12: 0 | AN12: 0 | AO12: 0 | AP12: 0 | AQ12: 0 | AR12: 0 | AS12: 0 | AT12: 0 | AU12: 0 | AV12: 0 | AW12: 0 | AX12: 0 | AY12: 0 | AZ12: 0 | BA12: 0 | BB12: 0 | BC12: 0 | BD12: 0 | BE12: 0 | BF12: 0 | BG12: 0 | BH12: 0 | BI12: 0 | BJ12: 0 | BK12: 0 | BL12: 0 | BM12: 0 | BN12: 0
B13: 6 | C13: 52 | D13: 275 | E13: 16 | F13: 0 | G13: 0 | H13: 0 | I13: 0 | J13: 0 | K13: 7.4 | L13: 0 | M13: 4.4 | N13: 0 | O13: 0 | P13: 0 | Q13: 0 | R13: 0 | S13: 0 | T13: 0 | U13: 5 | V13: 0 | W13: 164 | X13: 0 | Y13: 0 | Z13: 0 | AA13: 0 | AB13: 0 | AC13: 0 | AD13: 0 | AE13: 0 | AF13: 0 | AG13: 375 | AH13: 0 | AI13: 0 | AJ13: 0 | AK13: 0 | AL13: 0 | AM13: 0 | AN13: 0 | AO13: 0 | AP13: 0 | AQ13: 0 | AR13: 0 | AS13: 0 | AT13: 0 | AU13: 0 | AV13: 0 | AW13: 0 | AX13: 0 | AY13: 0 | AZ13: 0 | BA13: 0 | BB13: 0 | BC13: 0 | BD13: 0 | BE13: 0 | BF13: 0 | BG13: 0 | BH13: 0 | BI13: 0 | BJ13: 0 | BK13: 0 | BL13: 0 | BM13: 0 | BN13: 0
B14: 7 | C14: 47 | D14: 221 | E14: 17.2 | F14: 0 | G14: 0 | H14: 0 | I14: 0 | J14: 0 | K14: 10.8 | L14: 0 | M14: 5 | N14: 0 | O14: 0 | P14: 0 | Q14: 0 | R14: 0 | S14: 0 | T14: 0 | U14: 4.9 | V14: 0 | W14: 124 | X14: 0 | Y14: 0 | Z14: 0 | AA14: 0 | AB14: 0 | AC14: 0 | AD14: 0 | AE14: 0 | AF14: 0 | AG14: 390 | AH14: 0 | AI14: 0 | AJ14: 0 | AK14: 0 | AL14: 0 | AM14: 0 | AN14: 0 | AO14: 0 | AP14: 0 | AQ14: 0 | AR14: 0 | AS14: 0 | AT14: 0 | AU14: 0 | AV14: 0 | AW14: 0 | AX14: 0 | AY14: 0 | AZ14: 0 | BA14: 0 | BB14: 0 | BC14: 0 | BD14: 0 | BE14: 0 | BF14: 0 | BG14: 0 | BH14: 0 | BI14: 0 | BJ14: 0 | BK14: 0 | BL14: 0 | BM14: 0 | BN14: 0
B15: 8 | C15: 42 | D15: 207 | E15: 13 | F15: 0 | G15: 0 | H15: 0 | I15: 0 | J15: 0 | K15: 7.3 | L15: 0 | M15: 3.9 | N15: 0 | O15: 0 | P15: 0 | Q15: 0 | R15: 0 | S15: 0 | T15: 0 | U15: 6.3 | V15: 0 | W15: 128 | X15: 0 | Y15: 0 | Z15: 0 | AA15: 0 | AB15: 0 | AC15: 0 | AD15: 0 | AE15: 0 | AF15: 0 | AG15: 390 | AH15: 0 | AI15: 0 | AJ15: 0 | AK15: 0 | AL15: 0 | AM15: 0 | AN15: 0 | AO15: 0 | AP15: 0 | AQ15: 0 | AR15: 0 | AS15: 0 | AT15: 0 | AU15: 0 | AV15: 0 | AW15: 0 | AX15: 0 | AY15: 0 | AZ15: 0 | BA15: 0 | BB15: 0 | BC15: 0 | BD15: 0 | BE15: 0 | BF15: 0 | BG15: 0 | BH15: 0 | BI15: 0 | BJ15: 0 | BK15: 0 | BL15: 0 | BM15: 0 | BN15: 0
B16: 9 | C16: 43 | D16: 194 | E16: 14.3 | F16: 0 | G16: 0 | H16: 0 | I16: 0 | J16: 0 | K16: 9 | L16: 0 | M16: 5 | N16: 0 | O16: 0 | P16: 0 | Q16: 0 | R16: 0 | S16: 0 | T16: 0 | U16: 5.2 | V16: 0 | W16: 168 | X16: 0 | Y16: 0 | Z16: 0 | AA16: 0 | AB16: 0 | AC16: 0 | AD16: 0 | AE16: 0 | AF16: 0 | AG16: 420 | AH16: 0 | AI16: 0 | AJ16: 0 | AK16: 0 | AL16: 0 | AM16: 0 | AN16: 0 | AO16: 0 | AP16: 0 | AQ16: 0 | AR16: 0 | AS16: 0 | AT16: 0 | AU16: 0 | AV16: 0 | AW16: 0 | AX16: 0 | AY16: 0 | AZ16: 0 | BA16: 0 | BB16: 0 | BC16: 0 | BD16: 0 | BE16: 0 | BF16: 0 | BG16: 0 | BH16: 0 | BI16: 0 | BJ16: 0 | BK16: 0 | BL16: 0 | BM16: 0 | BN16: 0
B17: 10 | C17: 50 | D17: 265 | E17: 15.4 | F17: 0 | G17: 0 | H17: 0 | I17: 0 | J17: 0 | K17: 10.6 | L17: 0 | M17: 4.1 | N17: 0 | O17: 0 | P17: 0 | Q17: 0 | R17: 0 | S17: 0 | T17: 0 | U17: 4.9 | V17: 0 | W17: 192 | X17: 0 | Y17: 0 | Z17: 0 | AA17: 0 | AB17: 0 | AC17: 0 | AD17: 0 | AE17: 0 | AF17: 0 | AG17: 440 | AH17: 0 | AI17: 0 | AJ17: 0 | AK17: 0 | AL17: 0 | AM17: 0 | AN17: 0 | AO17: 0 | AP17: 0 | AQ17: 0 | AR17: 0 | AS17: 0 | AT17: 0 | AU17: 0 | AV17: 0 | AW17: 0 | AX17: 0 | AY17: 0 | AZ17: 0 | BA17: 0 | BB17: 0 | BC17: 0 | BD17: 0 | BE17: 0 | BF17: 0 | BG17: 0 | BH17: 0 | BI17: 0 | BJ17: 0 | BK17: 0 | BL17: 0 | BM17: 0 | BN17: 0
B18: 11 | C18: 52 | D18: 261 | E18: 14.2 | F18: 0 | G18: 0 | H18: 0 | I18: 0 | J18: 0 | K18: 7.1 | L18: 0 | M18: 3.8 | N18: 0 | O18: 0 | P18: 0 | Q18: 0 | R18: 0 | S18: 0 | T18: 0 | U18: 6.3 | V18: 0 | W18: 164 | X18: 0 | Y18: 0 | Z18: 0 | AA18: 0 | AB18: 0 | AC18: 0 | AD18: 0 | AE18: 0 | AF18: 0 | AG18: 470 | AH18: 0 | AI18: 0 | AJ18: 0 | AK18: 0 | AL18: 0 | AM18: 0 | AN18: 0 | AO18: 0 | AP18: 0 | AQ18: 0 | AR18: 0 | AS18: 0 | AT18: 0 | AU18: 0 | AV18: 0 | AW18: 0 | AX18: 0 | AY18: 0 | AZ18: 0 | BA18: 0 | BB18: 0 | BC18: 0 | BD18: 0 | BE18: 0 | BF18: 0 | BG18: 0 | BH18: 0 | BI18: 0 | BJ18: 0 | BK18: 0 | BL18: 0 | BM18: 0 | BN18: 0
B19: 12 | C19: 49 | D19: 219 | E19: 12.7 | F19: 0 | G19: 0 | H19: 0 | I19: 0 | J19: 0 | K19: 7.7 | L19: 0 | M19: 4.9 | N19: 0 | O19: 0 | P19: 0 | Q19: 0 | R19: 0 | S19: 0 | T19: 0 | U19: 5.1 | V19: 0 | W19: 160 | X19: 0 | Y19: 0 | Z19: 0 | AA19: 0 | AB19: 0 | AC19: 0 | AD19: 0 | AE19: 0 | AF19: 0 | AG19: 500 | AH19: 0 | AI19: 0 | AJ19: 0 | AK19: 0 | AL19: 0 | AM19: 0 | AN19: 0 | AO19: 0 | AP19: 0 | AQ19: 0 | AR19: 0 | AS19: 0 | AT19: 0 | AU19: 0 | AV19: 0 | AW19: 0 | AX19: 0 | AY19: 0 | AZ19: 0 | BA19: 0 | BB19: 0 | BC19: 0 | BD19: 0 | BE19: 0 | BF19: 0 | BG19: 0 | BH19: 0 | BI19: 0 | BJ19: 0 | BK19: 0 | BL19: 0 | BM19: 0 | BN19: 0
... B35: 28 | C35: 54 | D35: 257 | E35: 15.3 | F35: 0 | G35: 0 | H35: 0 | I35: 0 | J35: 0 | K35: 6.8 | L35: 0 | M35: 4.1 | N35: 0 | O35: 0 | P35: 0 | Q35: 0 | R35: 0 | S35: 0 | T35: 0 | U35: 5.2 | V35: 0 | W35: 180 | X35: 0 | Y35: 0 | Z35: 0 | AA35: 0 | AB35: 0 | AC35: 0 | AD35: 0 | AE35: 0 | AF35: 0 | AG35: 420 | AH35: 0 | AI35: 0 | AJ35: 0 | AK35: 0 | AL35: 0 | AM35: 0 | AN35: 0 | AO35: 0 | AP35: 0 | AQ35: 0 | AR35: 0 | AS35: 0 | AT35: 0 | AU35: 0 | AV35: 0 | AW35: 0 | AX35: 0 | AY35: 0 | AZ35: 0 | BA35: 0 | BB35: 0 | BC35: 0 | BD35: 0 | BE35: 0 | BF35: 0 | BG35: 0 | BH35: 0 | BI35: 0 | BJ35: 0 | BK35: 0 | BL35: 0 | BM35: 0 | BN35: 0
B36: 29 | C36: 58 | D36: 335 | E36: 13.5 | F36: 0 | G36: 0 | H36: 0 | I36: 0 | J36: 0 | K36: 8.3 | L36: 0 | M36: 5.4 | N36: 0 | O36: 0 | P36: 0 | Q36: 0 | R36: 0 | S36: 0 | T36: 0 | U36: 5.2 | V36: 0 | W36: 140 | X36: 0 | Y36: 0 | Z36: 0 | AA36: 0 | AB36: 0 | AC36: 0 | AD36: 0 | AE36: 0 | AF36: 0 | AG36: 385 | AH36: 0 | AI36: =SUM(AI8:AI35) -> 0 | AJ36: =SUM(AJ8:AJ35) -> 0 | AK36: =SUM(AK8:AK35) -> 0 | AL36: =SUM(AL8:AL35) -> 0 | AM36: =SUM(AM8:AM35) -> 0 | AN36: =SUM(AN8:AN35) -> 0 | AO36: =SUM(AO8:AO35) -> 0 | AP36: =SUM(AP8:AP35) -> 0 | ... BN36: =SUM(BN8:BN35) -> 0
B37: 30 | C37: 37 | D37: 242 | E37: 14.3 | F37: 0 | G37: 0 | H37: 0 | I37: 0 | J37: 0 | K37: 6.6 | L37: 0 | M37: 2.6 | N37: 0 | O37: 0 | P37: 0 | Q37: 0 | R37: 0 | S37: 0 | T37: 0 | U37: 4.9 | V37: 0 | W37: 248 | X37: 0 | Y37: 0 | Z37: 0 | AA37: 0 | AB37: 0 | AC37: 0 | AD37: 0 | AE37: 0 | AF37: 0 | AG37: 310 | AH37: 0 | AI37: 0 | AJ37: 0 | AK37: 0 | AL37: 0 | AM37: 0 | AN37: 0 | AO37: 0 | AP37: 0 | AQ37: 0 | AR37: 0 | AS37: 0 | AT37: 0 | AU37: 0 | AV37: 0 | AW37: 0 | AX37: 0 | AY37: 0 | AZ37: 0 | BA37: 0 | BB37: 0 | BC37: 0 | BD37: 0 | BE37: 0 | BF37: 0 | BG37: 0 | BH37: 0 | BI37: 0 | BJ37: 0 | BK37: 0 | BL37: 0 | BM37: 0 | BN37: 0
C38: =SUM(C8:C37) -> 1475 | D38: =SUM(D8:D37) -> 7372 | E38: =SUM(E8:E37) -> 429.3 | F38: =SUM(F8:F37) -> 0 | G38: =SUM(G8:G37) -> 0 | H38: =SUM(H8:H37) -> 0 | I38: =SUM(I8:I37) -> 0 | J38: =SUM(J8:J37) -> 0 | K38: =SUM(K8:K37) -> 244.5 | L38: 0 | M38: =SUM(M8:M37) -> 122.3 | N38: =SUM(N8:N37) -> 0 | O38: =SUM(O8:O37) -> 0 | P38: =SUM(P8:P37) -> 0 | Q38: =SUM(Q8:Q37) -> 0 | R38: =SUM(R8:R37) -> 0 | S38: =SUM(S8:S37) -> 0 | T38: =SUM(T8:T37) -> 0 | ... BN38: =SUM(BN8:BN37) -> 0
