Workbook

Sheet Bali Jimbaran_HEP_Daily (Total)
A1: Site Name | B1: Day | C1: Month | D1: Year | E1: Total Electricity Kwh | F1: Electricity Tariff ($/Kwh) | G1: LPG (Kg) | H1: LPG $/Kg | I1: Total Fuel Oil (Liter) | J1: Fuel Oil $/Liter | K1: Water Utility Supply (m3) m3 | L1: Water Utility Supply (m3) $/m3 | M1: Room Nights | N1: Total Guests
A2: Bali Jimbaran | B2: 1 | C2: 3 | D2: 2018 | E2: ='Localize Daily Bali Jimbaran'!P7 -> 13380 | F2: ='Localize Daily Bali Jimbaran'!O7/'Localize Daily Bali Jimbaran'!P7 -> 1250.1354 | G2: ='Localize Daily Bali Jimbaran'!AC7 -> 172.76092 | H2: ='Localize Daily Bali Jimbaran'!AD7/'Localize Daily Bali Jimbaran'!AC7 -> 10153 | I2: ='Localize Daily Bali Jimbaran'!AH7 -> 570.1 | J2: ='Localize Daily Bali Jimbaran'!AI7/'Localize Daily Bali Jimbaran'!AH7 -> 8700 | K2: ='Localize Daily Bali Jimbaran'!Q7 -> 603 | L2: ='Localize Daily Bali Jimbaran'!V7/'Localize Daily Bali Jimbaran'!Q7 -> 8632.0657 | M2: ='Localize Daily Bali Jimbaran'!C7 -> 28 | N2: ='Localize Daily Bali Jimbaran'!D7 -> 254
A3: Bali Jimbaran | B3: 2 | C3: 3 | D3: 2018 | E3: ='Localize Daily Bali Jimbaran'!P8 -> 24500 | F3: ='Localize Daily Bali Jimbaran'!O8/'Localize Daily Bali Jimbaran'!P8 -> 1181.677 | G3: ='Localize Daily Bali Jimbaran'!AC8 -> 264.73904 | H3: ='Localize Daily Bali Jimbaran'!AD8/'Localize Daily Bali Jimbaran'!AC8 -> 11180.102 | I3: ='Localize Daily Bali Jimbaran'!AH8 -> 512 | J3: ='Localize Daily Bali Jimbaran'!AI8/'Localize Daily Bali Jimbaran'!AH8 -> 8700 | K3: ='Localize Daily Bali Jimbaran'!Q8 -> 515 | L3: ='Localize Daily Bali Jimbaran'!V8/'Localize Daily Bali Jimbaran'!Q8 -> 6674.5531 | M3: ='Localize Daily Bali Jimbaran'!C8 -> 25 | N3: ='Localize Daily Bali Jimbaran'!D8 -> 377
A4: Bali Jimbaran | B4: 3 | C4: 3 | D4: 2018 | E4: ='Localize Daily Bali Jimbaran'!P9 -> 24900 | F4: ='Localize Daily Bali Jimbaran'!O9/'Localize Daily Bali Jimbaran'!P9 -> 1179.2917 | G4: ='Localize Daily Bali Jimbaran'!AC9 -> 101.29732 | H4: ='Localize Daily Bali Jimbaran'!AD9/'Localize Daily Bali Jimbaran'!AC9 -> 10501.756 | I4: ='Localize Daily Bali Jimbaran'!AH9 -> 457 | J4: ='Localize Daily Bali Jimbaran'!AI9/'Localize Daily Bali Jimbaran'!AH9 -> 8700 | K4: ='Localize Daily Bali Jimbaran'!Q9 -> 635 | L4: ='Localize Daily Bali Jimbaran'!V9/'Localize Daily Bali Jimbaran'!Q9 -> 9438.0627 | M4: ='Localize Daily Bali Jimbaran'!C9 -> 28 | N4: ='Localize Daily Bali Jimbaran'!D9 -> 229
A5: Bali Jimbaran | B5: 4 | C5: 3 | D5: 2018 | E5: ='Localize Daily Bali Jimbaran'!P10 -> 25300 | F5: ='Localize Daily Bali Jimbaran'!O10/'Localize Daily Bali Jimbaran'!P10 -> 1180.8506 | G5: ='Localize Daily Bali Jimbaran'!AC10 -> 400 | H5: ='Localize Daily Bali Jimbaran'!AD10/'Localize Daily Bali Jimbaran'!AC10 -> 11170 | I5: ='Localize Daily Bali Jimbaran'!AH10 -> 550.6 | J5: ='Localize Daily Bali Jimbaran'!AI10/'Localize Daily Bali Jimbaran'!AH10 -> 8700 | K5: ='Localize Daily Bali Jimbaran'!Q10 -> 706 | L5: ='Localize Daily Bali Jimbaran'!V10/'Localize Daily Bali Jimbaran'!Q10 -> 9994.4251 | M5: ='Localize Daily Bali Jimbaran'!C10 -> 43 | N5: ='Localize Daily Bali Jimbaran'!D10 -> 307
A6: Bali Jimbaran | B6: 5 | C6: 3 | D6: 2018 | E6: ='Localize Daily Bali Jimbaran'!P11 -> 25320 | F6: ='Localize Daily Bali Jimbaran'!O11/'Localize Daily Bali Jimbaran'!P11 -> 1181.2065 | G6: ='Localize Daily Bali Jimbaran'!AC11 -> 234.57916 | H6: ='Localize Daily Bali Jimbaran'!AD11/'Localize Daily Bali Jimbaran'!AC11 -> 10896.877 | I6: ='Localize Daily Bali Jimbaran'!AH11 -> 124 | J6: ='Localize Daily Bali Jimbaran'!AI11/'Localize Daily Bali Jimbaran'!AH11 -> 8700 | K6: ='Localize Daily Bali Jimbaran'!Q11 -> 744 | L6: ='Localize Daily Bali Jimbaran'!V11/'Localize Daily Bali Jimbaran'!Q11 -> 9811.3471 | M6: ='Localize Daily Bali Jimbaran'!C11 -> 66 | N6: ='Localize Daily Bali Jimbaran'!D11 -> 409
A7: Bali Jimbaran | B7: 6 | C7: 3 | D7: 2018 | E7: ='Localize Daily Bali Jimbaran'!P12 -> 25520 | F7: ='Localize Daily Bali Jimbaran'!O12/'Localize Daily Bali Jimbaran'!P12 -> 1183.0296 | G7: ='Localize Daily Bali Jimbaran'!AC12 -> 97.23248 | H7: ='Localize Daily Bali Jimbaran'!AD12/'Localize Daily Bali Jimbaran'!AC12 -> 10334.668 | I7: ='Localize Daily Bali Jimbaran'!AH12 -> 507.8 | J7: ='Localize Daily Bali Jimbaran'!AI12/'Localize Daily Bali Jimbaran'!AH12 -> 8700 | K7: ='Localize Daily Bali Jimbaran'!Q12 -> 729 | L7: ='Localize Daily Bali Jimbaran'!V12/'Localize Daily Bali Jimbaran'!Q12 -> 9625.2095 | M7: ='Localize Daily Bali Jimbaran'!C12 -> 66 | N7: ='Localize Daily Bali Jimbaran'!D12 -> 309
A8: Bali Jimbaran | B8: 7 | C8: 3 | D8: 2018 | E8: ='Localize Daily Bali Jimbaran'!P13 -> 26000 | F8: ='Localize Daily Bali Jimbaran'!O13/'Localize Daily Bali Jimbaran'!P13 -> 1182.5221 | G8: ='Localize Daily Bali Jimbaran'!AC13 -> 89.46188 | H8: ='Localize Daily Bali Jimbaran'!AD13/'Localize Daily Bali Jimbaran'!AC13 -> 10153 | I8: ='Localize Daily Bali Jimbaran'!AH13 -> 792.1 | J8: ='Localize Daily Bali Jimbaran'!AI13/'Localize Daily Bali Jimbaran'!AH13 -> 8700 | K8: ='Localize Daily Bali Jimbaran'!Q13 -> 519.1 | L8: ='Localize Daily Bali Jimbaran'!V13/'Localize Daily Bali Jimbaran'!Q13 -> 11659.201 | M8: ='Localize Daily Bali Jimbaran'!C13 -> 67 | N8: ='Localize Daily Bali Jimbaran'!D13 -> 477
A9: Bali Jimbaran | B9: 8 | C9: 3 | D9: 2018 | E9: ='Localize Daily Bali Jimbaran'!P14 -> 25220 | F9: ='Localize Daily Bali Jimbaran'!O14/'Localize Daily Bali Jimbaran'!P14 -> 1172.0906 | G9: ='Localize Daily Bali Jimbaran'!AC14 -> 334.50744 | H9: ='Localize Daily Bali Jimbaran'!AD14/'Localize Daily Bali Jimbaran'!AC14 -> 10913.073 | I9: ='Localize Daily Bali Jimbaran'!AH14 -> 523.5 | J9: ='Localize Daily Bali Jimbaran'!AI14/'Localize Daily Bali Jimbaran'!AH14 -> 8700 | K9: ='Localize Daily Bali Jimbaran'!Q14 -> 549 | L9: ='Localize Daily Bali Jimbaran'!V14/'Localize Daily Bali Jimbaran'!Q14 -> 11035.446 | M9: ='Localize Daily Bali Jimbaran'!C14 -> 30 | N9: ='Localize Daily Bali Jimbaran'!D14 -> 454
A10: Bali Jimbaran | B10: 9 | C10: 3 | D10: 2018 | E10: ='Localize Daily Bali Jimbaran'!P15 -> 24100 | F10: ='Localize Daily Bali Jimbaran'!O15/'Localize Daily Bali Jimbaran'!P15 -> 1182.7877 | G10: ='Localize Daily Bali Jimbaran'!AC15 -> 502.10636 | H10: ='Localize Daily Bali Jimbaran'!AD15/'Localize Daily Bali Jimbaran'!AC15 -> 10998.367 | I10: ='Localize Daily Bali Jimbaran'!AH15 -> 298.2 | J10: ='Localize Daily Bali Jimbaran'!AI15/'Localize Daily Bali Jimbaran'!AH15 -> 8700 | K10: ='Localize Daily Bali Jimbaran'!Q15 -> 491 | L10: ='Localize Daily Bali Jimbaran'!V15/'Localize Daily Bali Jimbaran'!Q15 -> 12574.978 | M10: ='Localize Daily Bali Jimbaran'!C15 -> 36 | N10: ='Localize Daily Bali Jimbaran'!D15 -> 369
A11: Bali Jimbaran | B11: 10 | C11: 3 | D11: 2018 | E11: ='Localize Daily Bali Jimbaran'!P16 -> 25080 | F11: ='Localize Daily Bali Jimbaran'!O16/'Localize Daily Bali Jimbaran'!P16 -> 1183.4034 | G11: ='Localize Daily Bali Jimbaran'!AC16 -> 101.8244 | H11: ='Localize Daily Bali Jimbaran'!AD16/'Localize Daily Bali Jimbaran'!AC16 -> 10326.475 | I11: ='Localize Daily Bali Jimbaran'!AH16 -> 196.3 | J11: ='Localize Daily Bali Jimbaran'!AI16/'Localize Daily Bali Jimbaran'!AH16 -> 8700 | K11: ='Localize Daily Bali Jimbaran'!Q16 -> 1021.7 | L11: ='Localize Daily Bali Jimbaran'!V16/'Localize Daily Bali Jimbaran'!Q16 -> 8541.0568 | M11: ='Localize Daily Bali Jimbaran'!C16 -> 44 | N11: ='Localize Daily Bali Jimbaran'!D16 -> 371
A12: Bali Jimbaran | B12: 11 | C12: 3 | D12: 2018 | E12: ='Localize Daily Bali Jimbaran'!P17 -> 24080 | F12: ='Localize Daily Bali Jimbaran'!O17/'Localize Daily Bali Jimbaran'!P17 -> 1181.5118 | G12: ='Localize Daily Bali Jimbaran'!AC17 -> 158.42688 | H12: ='Localize Daily Bali Jimbaran'!AD17/'Localize Daily Bali Jimbaran'!AC17 -> 10696.961 | I12: ='Localize Daily Bali Jimbaran'!AH17 -> 70.9 | J12: ='Localize Daily Bali Jimbaran'!AI17/'Localize Daily Bali Jimbaran'!AH17 -> 8700 | K12: ='Localize Daily Bali Jimbaran'!Q17 -> 781.3 | L12: ='Localize Daily Bali Jimbaran'!V17/'Localize Daily Bali Jimbaran'!Q17 -> 9463.1126 | M12: ='Localize Daily Bali Jimbaran'!C17 -> 43 | N12: ='Localize Daily Bali Jimbaran'!D17 -> 388
A13: Bali Jimbaran | B13: 12 | C13: 3 | D13: 2018 | E13: ='Localize Daily Bali Jimbaran'!P18 -> 24560 | F13: ='Localize Daily Bali Jimbaran'!O18/'Localize Daily Bali Jimbaran'!P18 -> 1182.3327 | G13: ='Localize Daily Bali Jimbaran'!AC18 -> 90.02236 | H13: ='Localize Daily Bali Jimbaran'!AD18/'Localize Daily Bali Jimbaran'!AC18 -> 10349.218 | I13: ='Localize Daily Bali Jimbaran'!AH18 -> 91.5 | J13: ='Localize Daily Bali Jimbaran'!AI18/'Localize Daily Bali Jimbaran'!AH18 -> 8700 | K13: ='Localize Daily Bali Jimbaran'!Q18 -> 635.6 | L13: ='Localize Daily Bali Jimbaran'!V18/'Localize Daily Bali Jimbaran'!Q18 -> 10334.127 | M13: ='Localize Daily Bali Jimbaran'!C18 -> 33 | N13: ='Localize Daily Bali Jimbaran'!D18 -> 319
... A32: Bali Jimbaran | B32: 31 | C32: 3 | D32: 2018 | E32: ='Localize Daily Bali Jimbaran'!P37 -> 38320 | F32: ='Localize Daily Bali Jimbaran'!O37/'Localize Daily Bali Jimbaran'!P37 -> 1153.1297 | G32: ='Localize Daily Bali Jimbaran'!AC37 -> 745.54416 | H32: ='Localize Daily Bali Jimbaran'!AD37/'Localize Daily Bali Jimbaran'!AC37 -> 11039.668 | I32: ='Localize Daily Bali Jimbaran'!AH37 -> 606.4 | J32: ='Localize Daily Bali Jimbaran'!AI37/'Localize Daily Bali Jimbaran'!AH37 -> 8700 | K32: ='Localize Daily Bali Jimbaran'!Q37 -> 642 | L32: ='Localize Daily Bali Jimbaran'!V37/'Localize Daily Bali Jimbaran'!Q37 -> 6980.7043 | M32: ='Localize Daily Bali Jimbaran'!C37 -> 75 | N32: ='Localize Daily Bali Jimbaran'!D37 -> 679

Sheet Localize Daily Bali Jimbaran
B2: Four Seasons Resort Bali at Jimbaran Bay
B3: MARCH 2021
B4: Date | C4: Room Nights | D4: Food Covers | E4: ELECTRICITY Resort & Sundara | Q4: WATER | W4: GAS
E5: Electricity Resort | J5: Electricity - Sundara | O5: Sub Total (Resort & Sundara) Cost (IDR) | P5: Sub Total (Resort & Sundara), KWh | R5: Water (m3) | T5: Water (m3) | V5: Total Water Cost | W5: LPG | AE5: Diesel
E6: BASED LOAD KWh (from 10 pm - 6 pm) | F6: Cost (IDR) | G6: PEAK LOAD KWh (from 6 pm - 10 pm) | H6: Cost (IDR) | I6: Resort Cost (IDR) | J6: BASED LOAD KWh (from 10 pm - 6 pm) | K6: Cost (IDR) | L6: PEAK LOAD KWh (from 6 pm - 10 pm) | M6: Cost (IDR) | N6: Sundara Cost (IDR) | Q6: Water consumption (m3) | R6: Municipal Water (m3) | S6: Municipal Water cost (IDR) | T6: Deepwell Consumption (m3) | U6: Deepwell water Cost (IDR) | V6: IDR | W6: LPG Bulk (m3) | X6: 50 Kg IVD & TW (tube) | Y6: Sundara 50 kg (tube) | Z6: Jala 50 kg (tube) | AA6: Canteen and Comissary 50Kg (tube) | AB6: 12 Kg (tube) | AC6: Total kg | AD6: IDR | AE6: Gasoline | AF6: Steam (liters) | AG6: Onsite Generators (liters) | AH6: Total liters | AI6: IDR
B7: 1 | C7: 28 | D7: 254 | E7: 8480 | F7: 9222585.1 | G7: 3600 | H7: 5872872.6 | I7: =F7+H7 -> 15095458 | J7: 900 | K7: 978812.1 | L7: 400 | M7: 652541.4 | N7: =K7+M7 -> 1631353.5 | O7: =I7+N7 -> 16726811 | P7: =E7+G7+J7+L7 -> 13380 | Q7: =R7+T7 -> 603 | R7: 180 | S7: 3234632.4 | T7: 423 | U7: 1970503.2 | V7: =S7+U7 -> 5205135.6 | W7: 172.76092 | Y7: 0 | AB7: 0 | AC7: =W7+X7+Y7+Z7+AA7+AB7 -> 172.76092 | AD7: 1754041.6 | AF7: 570.1 | AG7: 0 | AH7: =AF7+AG7 -> 570.1 | AI7: 4959870
B8: 2 | C8: 25 | D8: 377 | E8: 18360 | F8: 19967767 | G8: 3840 | H8: 6264397.4 | I8: =F8+H8 -> 26232164 | J8: 1900 | K8: 2066381.1 | L8: 400 | M8: 652541.4 | N8: =K8+M8 -> 2718922.5 | O8: =I8+N8 -> 28951087 | P8: =E8+G8+J8+L8 -> 24500 | Q8: =R8+T8 -> 515 | R8: 78 | S8: 1401674 | T8: 437 | U8: 2035720.8 | V8: =S8+U8 -> 3437394.8 | W8: 2.73904 | X8: 250 | Y8: 0 | AB8: 12 | AC8: =W8+X8+Y8+Z8+AA8+AB8 -> 264.73904 | AD8: 2959809.5 | AF8: 512 | AG8: 0 | AH8: =AF8+AG8 -> 512 | AI8: 4454400
B9: 3 | C9: 28 | D9: 229 | E9: 18840 | F9: 20489800 | G9: 3760 | H9: 6133889.2 | I9: =F9+H9 -> 26623689 | J9: 1860 | K9: 2022878.3 | L9: 440 | M9: 717795.54 | N9: =K9+M9 -> 2740673.9 | O9: =I9+N9 -> 29364363 | P9: =E9+G9+J9+L9 -> 24900 | Q9: =R9+T9 -> 635 | R9: 228 | S9: 4097201 | T9: 407 | U9: 1895968.8 | V9: =S9+U9 -> 5993169.8 | W9: 77.29732 | Y9: 0 | AB9: 24 | AC9: =W9+X9+Y9+Z9+AA9+AB9 -> 101.29732 | AD9: 1063799.7 | AF9: 457 | AG9: 0 | AH9: =AF9+AG9 -> 457 | AI9: 3975900
B10: 4 | C10: 43 | D10: 307 | E10: 19200 | F10: 20881325 | G10: 3920 | H10: 6394905.7 | I10: =F10+H10 -> 27276231 | J10: 1760 | K10: 1914121.4 | L10: 420 | M10: 685168.47 | N10: =K10+M10 -> 2599289.9 | O10: =I10+N10 -> 29875520 | P10: =E10+G10+J10+L10 -> 25300 | Q10: =R10+T10 -> 706 | R10: 283 | S10: 5085560.9 | T10: 423 | U10: 1970503.2 | V10: =S10+U10 -> 7056064.1 | W10: 0 | Y10: 400 | AC10: =W10+X10+Y10+Z10+AA10+AB10 -> 400 | AD10: 4468000 | AF10: 550.6 | AG10: 0 | AH10: =AF10+AG10 -> 550.6 | AI10: 4790220
B11: 5 | C11: 66 | D11: 409 | E11: 19080 | F11: 20750817 | G11: 3920 | H11: 6394905.7 | I11: =F11+H11 -> 27145722 | J11: 1880 | K11: 2044629.7 | L11: 440 | M11: 717795.54 | N11: =K11+M11 -> 2762425.3 | O11: =I11+N11 -> 29908148 | P11: =E11+G11+J11+L11 -> 25320 | Q11: =R11+T11 -> 744 | R11: 288 | S11: 5175411.8 | T11: 456 | U11: 2124230.4 | V11: =S11+U11 -> 7299642.2 | W11: 100.57916 | Y11: 0 | Z11: 50 | AB11: 84 | AC11: =W11+X11+Y11+Z11+AA11+AB11 -> 234.57916 | AD11: 2556180.2 | AF11: 124 | AG11: 0 | AH11: =AF11+AG11 -> 124 | AI11: 1078800
B12: 6 | C12: 66 | D12: 309 | E12: 19240 | F12: 20924828 | G12: 4040 | H12: 6590668.1 | I12: =F12+H12 -> 27515496 | J12: 1800 | K12: 1957624.2 | L12: 440 | M12: 717795.54 | N12: =K12+M12 -> 2675419.7 | O12: =I12+N12 -> 30190915 | P12: =E12+G12+J12+L12 -> 25520 | Q12: =R12+T12 -> 729 | R12: 272 | S12: 4887889 | T12: 457 | U12: 2128888.8 | V12: =S12+U12 -> 7016777.8 | W12: 85.23248 | Y12: 0 | AB12: 12 | AC12: =W12+X12+Y12+Z12+AA12+AB12 -> 97.23248 | AD12: 1004865.4 | AF12: 507.8 | AG12: 0 | AH12: =AF12+AG12 -> 507.8 | AI12: 4417860
B13: 7 | C13: 67 | D13: 477 | E13: 19520 | F13: 21229347 | G13: 4040 | H13: 6590668.1 | I13: =F13+H13 -> 27820015 | J13: 1940 | K13: 2109883.9 | L13: 500 | M13: 815676.75 | N13: =K13+M13 -> 2925560.6 | O13: =I13+N13 -> 30745576 | P13: =E13+G13+J13+L13 -> 26000 | Q13: =R13+T13 -> 519.1 | R13: 273 | S13: 4905859.1 | T13: 246.1 | U13: 1146432.2 | V13: =S13+U13 -> 6052291.4 | W13: 89.46188 | Y13: 0 | AB13: 0 | AC13: =W13+X13+Y13+Z13+AA13+AB13 -> 89.46188 | AD13: 908306.47 | AF13: 738.2 | AG13: 53.9 | AH13: =AF13+AG13 -> 792.1 | AI13: 6891270
B14: 8 | C14: 30 | D14: 454 | E14: 19320 | F14: 21011833 | G14: 3480 | H14: 5677110.2 | I14: =F14+H14 -> 26688943 | J14: 1980 | K14: 2153386.6 | L14: 440 | M14: 717795.54 | N14: =K14+M14 -> 2871182.2 | O14: =I14+N14 -> 29560125 | P14: =E14+G14+J14+L14 -> 25220 | Q14: =R14+T14 -> 549 | R14: 263 | S14: 4726157.3 | T14: 286 | U14: 1332302.4 | V14: =S14+U14 -> 6058459.7 | W14: 84.50744 | X14: 250 | Y14: 0 | AC14: =W14+X14+Y14+Z14+AA14+AB14 -> 334.50744 | AD14: 3650504 | AF14: 523.5 | AG14: 0 | AH14: =AF14+AG14 -> 523.5 | AI14: 4554450
B15: 9 | C15: 36 | D15: 369 | E15: 18000 | F15: 19576242 | G15: 3800 | H15: 6199143.3 | I15: =F15+H15 -> 25775385 | J15: 1880 | K15: 2044629.7 | L15: 420 | M15: 685168.47 | N15: =K15+M15 -> 2729798.2 | O15: =I15+N15 -> 28505183 | P15: =E15+G15+J15+L15 -> 24100 | Q15: =R15+T15 -> 491 | R15: 292 | S15: 5247292.6 | T15: 199 | U15: 927021.6 | V15: =S15+U15 -> 6174314.2 | W15: 90.10636 | Y15: 400 | AB15: 12 | AC15: =W15+X15+Y15+Z15+AA15+AB15 -> 502.10636 | AD15: 5522349.9 | AF15: 298.2 | AG15: 0 | AH15: =AF15+AG15 -> 298.2 | AI15: 2594340
B16: 10 | C16: 44 | D16: 371 | E16: 18720 | F16: 20359292 | G16: 3960 | H16: 6460159.9 | I16: =F16+H16 -> 26819452 | J16: 1940 | K16: 2109883.9 | L16: 460 | M16: 750422.61 | N16: =K16+M16 -> 2860306.5 | O16: =I16+N16 -> 29679758 | P16: =E16+G16+J16+L16 -> 25080 | Q16: =R16+T16 -> 1021.7 | R16: 298 | S16: 5355113.6 | T16: 723.7 | U16: 3371284.1 | V16: =S16+U16 -> 8726397.7 | W16: 89.8244 | Y16: 0 | AB16: 12 | AC16: =W16+X16+Y16+Z16+AA16+AB16 -> 101.8244 | AD16: 1051487.1 | AF16: 196.3 | AG16: 0 | AH16: =AF16+AG16 -> 196.3 | AI16: 1707810
B17: 11 | C17: 43 | D17: 388 | E17: 18000 | F17: 19576242 | G17: 3720 | H17: 6068635 | I17: =F17+H17 -> 25644877 | J17: 1920 | K17: 2088132.5 | L17: 440 | M17: 717795.54 | N17: =K17+M17 -> 2805928 | O17: =I17+N17 -> 28450805 | P17: =E17+G17+J17+L17 -> 24080 | Q17: =R17+T17 -> 781.3 | R17: 282 | S17: 5067590.8 | T17: 499.3 | U17: 2325939.1 | V17: =S17+U17 -> 7393529.9 | W17: 84.42688 | Y17: 0 | Z17: 50 | AB17: 24 | AC17: =W17+X17+Y17+Z17+AA17+AB17 -> 158.42688 | AD17: 1694686.1 | AF17: 70.9 | AG17: 0 | AH17: =AF17+AG17 -> 70.9 | AI17: 616830
B18: 12 | C18: 33 | D18: 319 | E18: 18480 | F18: 20098275 | G18: 3840 | H18: 6264397.4 | I18: =F18+H18 -> 26362673 | J18: 1800 | K18: 1957624.2 | L18: 440 | M18: 717795.54 | N18: =K18+M18 -> 2675419.7 | O18: =I18+N18 -> 29038092 | P18: =E18+G18+J18+L18 -> 24560 | Q18: =R18+T18 -> 635.6 | R18: 271 | S18: 4869918.8 | T18: 364.6 | U18: 1698452.6 | V18: =S18+U18 -> 6568371.4 | W18: 78.02236 | Y18: 0 | AB18: 12 | AC18: =W18+X18+Y18+Z18+AA18+AB18 -> 90.02236 | AD18: 931661.02 | AF18: 91.5 | AG18: 0 | AH18: =AF18+AG18 -> 91.5 | AI18: 796050
B19: 13 | C19: 38 | D19: 247 | E19: 17760 | F19: 19315225 | G19: 3520 | H19: 5742364.3 | I19: =F19+H19 -> 25057590 | J19: 1820 | K19: 1979375.6 | L19: 400 | M19: 652541.4 | N19: =K19+M19 -> 2631917 | O19: =I19+N19 -> 27689507 | P19: =E19+G19+J19+L19 -> 23500 | Q19: =R19+T19 -> 515 | R19: 320 | S19: 5750457.6 | T19: 195 | U19: 908388 | V19: =S19+U19 -> 6658845.6 | W19: 81.00308 | Y19: 0 | AB19: 36 | AC19: =W19+X19+Y19+Z19+AA19+AB19 -> 117.00308 | AD19: 1240924.3 | AF19: 145 | AG19: 0 | AH19: =AF19+AG19 -> 145 | AI19: 1261500
B20: 14 | C20: 40 | D20: 284 | E20: 17520 | F20: 19054209 | G20: 3440 | H20: 5611856 | I20: =F20+H20 -> 24666065 | J20: 1800 | K20: 1957624.2 | L20: 420 | M20: 685168.47 | N20: =K20+M20 -> 2642792.7 | O20: =I20+N20 -> 27308858 | P20: =E20+G20+J20+L20 -> 23180 | Q20: =R20+T20 -> 873.2 | R20: 302 | S20: 5426994.4 | T20: 571.2 | U20: 2660878.1 | V20: =S20+U20 -> 8087872.4 | W20: 92.20092 | X20: 250 | Y20: 400 | AC20: =W20+X20+Y20+Z20+AA20+AB20 -> 742.20092 | AD20: 8196615.9 | AF20: 312.3 | AG20: 50.5 | AH20: =AF20+AG20 -> 362.8 | AI20: 3156360
B21: 15 | C21: 31 | D21: 293 | E21: 17640 | F21: 19184717 | G21: 3440 | H21: 5611856 | I21: =F21+H21 -> 24796573 | J21: 1780 | K21: 1935872.8 | L21: 440 | M21: 717795.54 | N21: =K21+M21 -> 2653668.4 | O21: =I21+N21 -> 27450242 | P21: =E21+G21+J21+L21 -> 23300 | Q21: =R21+T21 -> 474 | R21: 288 | S21: 5175411.8 | T21: 186 | U21: 866462.4 | V21: =S21+U21 -> 6041874.2 | W21: 81.80868 | Y21: 0 | AB21: 12 | AC21: =W21+X21+Y21+Z21+AA21+AB21 -> 93.80868 | AD21: 970103.53 | AF21: 333.5 | AG21: 0 | AH21: =AF21+AG21 -> 333.5 | AI21: 2901450
B22: 16 | C22: 28 | D22: 223 | E22: 16840 | F22: 18314662 | G22: 3320 | H22: 5416093.6 | I22: =F22+H22 -> 23730756 | J22: 1840 | K22: 2001127 | L22: 380 | M22: 619914.33 | N22: =K22+M22 -> 2621041.3 | O22: =I22+N22 -> 26351797 | P22: =E22+G22+J22+L22 -> 22380 | Q22: =R22+T22 -> 761.2 | R22: 343 | S22: 6163771.7 | T22: 418.2 | U22: 1948142.9 | V22: =S22+U22 -> 8111914.6 | W22: 96.30948 | Y22: 0 | AB22: 12 | AC22: =W22+X22+Y22+Z22+AA22+AB22 -> 108.30948 | AD22: 1117330.2 | AF22: 283.8 | AG22: 0 | AH22: =AF22+AG22 -> 283.8 | AI22: 2469060
B23: 17 | C23: 27 | D23: 174 | E23: 17280 | F23: 18793192 | G23: 3480 | H23: 5677110.2 | I23: =F23+H23 -> 24470303 | J23: 980 | K23: 1065817.6 | L23: 160 | M23: 261016.56 | N23: =K23+M23 -> 1326834.2 | O23: =I23+N23 -> 25797137 | P23: =E23+G23+J23+L23 -> 21900 | Q23: =R23+T23 -> 512 | R23: 295 | S23: 5301203.1 | T23: 217 | U23: 1010872.8 | V23: =S23+U23 -> 6312075.9 | W23: 101.38476 | Y23: 0 | Z23: 50 | AB23: 0 | AC23: =W23+X23+Y23+Z23+AA23+AB23 -> 151.38476 | AD23: 1587859.5 | AF23: 254.7 | AG23: 0 | AH23: =AF23+AG23 -> 254.7 | AI23: 2215890
B24: 18 | C24: 27 | D24: 323 | E24: 16800 | F24: 18271159 | G24: 3600 | H24: 5872872.6 | I24: =F24+H24 -> 24144032 | J24: 1660 | K24: 1805364.5 | L24: 440 | M24: 717795.54 | N24: =K24+M24 -> 2523160.1 | O24: =I24+N24 -> 26667192 | P24: =E24+G24+J24+L24 -> 22500 | Q24: =R24+T24 -> 571 | R24: 263 | S24: 4726157.3 | T24: 308 | U24: 1434787.2 | V24: =S24+U24 -> 6160944.5 | W24: 94.77884 | Y24: 0 | AB24: 12 | AC24: =W24+X24+Y24+Z24+AA24+AB24 -> 106.77884 | AD24: 1101789.6 | AF24: 200.9 | AG24: 0 | AH24: =AF24+AG24 -> 200.9 | AI24: 1747830
B25: 19 | C25: 33 | D25: 312 | E25: 17960 | F25: 19532739 | G25: 3600 | H25: 5872872.6 | I25: =F25+H25 -> 25405612 | J25: 1840 | K25: 2001127 | L25: 420 | M25: 685168.47 | N25: =K25+M25 -> 2686295.4 | O25: =I25+N25 -> 28091907 | P25: =E25+G25+J25+L25 -> 23820 | Q25: =R25+T25 -> 554 | R25: 303 | S25: 5444964.5 | T25: 251 | U25: 1169258.4 | V25: =S25+U25 -> 6614222.9 | W25: 93.0468 | Y25: 400 | AB25: 0 | AC25: =W25+X25+Y25+Z25+AA25+AB25 -> 493.0468 | AD25: 5412704.2 | AF25: 310.8 | AG25: 0 | AH25: =AF25+AG25 -> 310.8 | AI25: 2703960
B26: 20 | C26: 37 | D26: 377 | E26: 17840 | F26: 19402231 | G26: 3760 | H26: 6133889.2 | I26: =F26+H26 -> 25536120 | J26: 1860 | K26: 2022878.3 | L26: 440 | M26: 717795.54 | N26: =K26+M26 -> 2740673.9 | O26: =I26+N26 -> 28276794 | P26: =E26+G26+J26+L26 -> 23900 | Q26: =R26+T26 -> 488 | R26: 291 | S26: 5229322.4 | T26: 197 | U26: 917704.8 | V26: =S26+U26 -> 6147027.2 | W26: 108.99768 | X26: 250 | Y26: 0 | AC26: =W26+X26+Y26+Z26+AA26+AB26 -> 358.99768 | AD26: 3899153.4 | AF26: 357.5 | AG26: 0 | AH26: =AF26+AG26 -> 357.5 | AI26: 3110250
B27: 21 | C27: 48 | D27: 347 | E27: 18640 | F27: 20272286 | G27: 3960 | H27: 6460159.9 | I27: =F27+H27 -> 26732446 | J27: 1780 | K27: 1935872.8 | L27: 440 | M27: 717795.54 | N27: =K27+M27 -> 2653668.4 | O27: =I27+N27 -> 29386114 | P27: =E27+G27+J27+L27 -> 24820 | Q27: =R27+T27 -> 650 | R27: 269 | S27: 4833978.4 | T27: 381 | U27: 1774850.4 | V27: =S27+U27 -> 6608828.8 | W27: 109.19908 | Y27: 0 | AB27: 0 | AC27: =W27+X27+Y27+Z27+AA27+AB27 -> 109.19908 | AD27: 1108698.3 | AF27: 389.5 | AG27: 0 | AH27: =AF27+AG27 -> 389.5 | AI27: 3388650
B28: 22 | C28: 49 | D28: 429 | E28: 19800 | F28: 21533866 | G28: 3680 | H28: 6003380.9 | I28: =F28+H28 -> 27537247 | J28: 1760 | K28: 1914121.4 | L28: 420 | M28: 685168.47 | N28: =K28+M28 -> 2599289.9 | O28: =I28+N28 -> 30136537 | P28: =E28+G28+J28+L28 -> 25660 | Q28: =R28+T28 -> 665 | R28: 289 | S28: 5193382 | T28: 376 | U28: 1751558.4 | V28: =S28+U28 -> 6944940.4 | W28: 102.47232 | Y28: 0 | AB28: 0 | AC28: =W28+X28+Y28+Z28+AA28+AB28 -> 102.47232 | AD28: 1040401.5 | AF28: 512 | AG28: 0 | AH28: =AF28+AG28 -> 512 | AI28: 4454400
B29: 23 | C29: 47 | D29: 395 | E29: 18800 | F29: 20446297 | G29: 4120 | H29: 6721176.4 | I29: =F29+H29 -> 27167474 | J29: 1800 | K29: 1957624.2 | L29: 440 | M29: 717795.54 | N29: =K29+M29 -> 2675419.7 | O29: =I29+N29 -> 29842893 | P29: =E29+G29+J29+L29 -> 25160 | Q29: =R29+T29 -> 703 | R29: 304 | S29: 5462934.7 | T29: 399 | U29: 1858701.6 | V29: =S29+U29 -> 7321636.3 | W29: 101.707 | Y29: 0 | Z29: 50 | AB29: 12 | AC29: =W29+X29+Y29+Z29+AA29+AB29 -> 163.707 | AD29: 1730631.2 | AF29: 510 | AG29: 46.6 | AH29: =AF29+AG29 -> 556.6 | AI29: 4842420
B30: 24 | C30: 50 | D30: 511 | E30: 18480 | F30: 20098275 | G30: 3920 | H30: 6394905.7 | I30: =F30+H30 -> 26493181 | J30: 1860 | K30: 2022878.3 | L30: 460 | M30: 750422.61 | N30: =K30+M30 -> 2773301 | O30: =I30+N30 -> 29266482 | P30: =E30+G30+J30+L30 -> 24720 | Q30: =R30+T30 -> 719 | R30: 316 | S30: 5678576.9 | T30: 403 | U30: 1877335.2 | V30: =S30+U30 -> 7555912.1 | W30: 97.23592 | Y30: 0 | AB30: 24 | AC30: =W30+X30+Y30+Z30+AA30+AB30 -> 121.23592 | AD30: 1266236.3 | AF30: 472.4 | AG30: 0 | AH30: =AF30+AG30 -> 472.4 | AI30: 4109880
B31: 25 | C31: 45 | D31: 755 | E31: 19240 | F31: 20924828 | G31: 4040 | H31: 6590668.1 | I31: =F31+H31 -> 27515496 | J31: 1920 | K31: 2088132.5 | L31: 440 | M31: 717795.54 | N31: =K31+M31 -> 2805928 | O31: =I31+N31 -> 30321424 | P31: =E31+G31+J31+L31 -> 25640 | Q31: =R31+T31 -> 671 | R31: 281 | S31: 5049620.6 | T31: 390 | U31: 1816776 | V31: =S31+U31 -> 6866396.6 | W31: 80.64056 | Y31: 400 | AB31: 12 | AC31: =W31+X31+Y31+Z31+AA31+AB31 -> 492.64056 | AD31: 5426243.6 | AF31: 468.8 | AG31: 0 | AH31: =AF31+AG31 -> 468.8 | AI31: 4078560
B32: 26 | C32: 53 | D32: 519 | E32: 19560 | F32: 21272850 | G32: 4000 | H32: 6525414 | I32: =F32+H32 -> 27798264 | J32: 1720 | K32: 1870618.7 | L32: 420 | M32: 685168.47 | N32: =K32+M32 -> 2555787.1 | O32: =I32+N32 -> 30354051 | P32: =E32+G32+J32+L32 -> 25700 | Q32: =R32+T32 -> 442 | R32: 252 | S32: 4528485.4 | T32: 190 | U32: 885096 | V32: =S32+U32 -> 5413581.4 | W32: 85.95752 | X32: 250 | Y32: 0 | AB32: 36 | AC32: =W32+X32+Y32+Z32+AA32+AB32 -> 371.95752 | AD32: 4083726.7 | AF32: 528.1 | AG32: 0 | AH32: =AF32+AG32 -> 528.1 | AI32: 4594470
B33: 27 | C33: 67 | D33: 593 | E33: 19720 | F33: 21446861 | G33: 4200 | H33: 6851684.7 | I33: =F33+H33 -> 28298545 | J33: 1940 | K33: 2109883.9 | L33: 460 | M33: 750422.61 | N33: =K33+M33 -> 2860306.5 | O33: =I33+N33 -> 31158852 | P33: =E33+G33+J33+L33 -> 26320 | Q33: =R33+T33 -> 739 | R33: 345 | S33: 6199712.1 | T33: 394 | U33: 1835409.6 | V33: =S33+U33 -> 8035121.7 | W33: 100.74028 | Y33: 0 | AC33: =W33+X33+Y33+Z33+AA33+AB33 -> 100.74028 | AD33: 1022816.1 | AF33: 412.7 | AG33: 84 | AH33: =AF33+AG33 -> 496.7 | AI33: 4321290
B34: 28 | C34: 71 | D34: 678 | E34: 19680 | F34: 21403358 | G34: 4240 | H34: 6916938.8 | I34: =F34+H34 -> 28320297 | J34: 1960 | K34: 2131635.2 | L34: 420 | M34: 685168.47 | N34: =K34+M34 -> 2816803.7 | O34: =I34+N34 -> 31137100 | P34: =E34+G34+J34+L34 -> 26300 | Q34: =R34+T34 -> 256 | R34: 67 | S34: 1204002.1 | T34: 189 | U34: 880437.6 | V34: =S34+U34 -> 2084439.7 | W34: 116.93284 | Y34: 0 | AB34: 24 | AC34: =W34+X34+Y34+Z34+AA34+AB34 -> 140.93284 | AD34: 1466219.1 | AF34: 335.8 | AG34: 0 | AH34: =AF34+AG34 -> 335.8 | AI34: 2921460
B35: 29 | C35: 80 | D35: 569 | E35: 21480 | F35: 23360982 | G35: 4240 | H35: 6916938.8 | I35: =F35+H35 -> 30277921 | J35: 1860 | K35: 2022878.3 | L35: 440 | M35: 717795.54 | N35: =K35+M35 -> 2740673.9 | O35: =I35+N35 -> 33018595 | P35: =E35+G35+J35+L35 -> 28020 | Q35: =R35+T35 -> 680 | R35: 497 | S35: 8931179.5 | T35: 183 | U35: 852487.2 | V35: =S35+U35 -> 9783666.7 | W35: 101.62644 | Y35: 0 | Z35: 50 | AB35: 0 | AC35: =W35+X35+Y35+Z35+AA35+AB35 -> 151.62644 | AD35: 1590313.2 | AF35: 422.3 | AG35: 58.9 | AH35: =AF35+AG35 -> 481.2 | AI35: 4186440
B36: 30 | C36: 76 | D36: 733 | E36: 20680 | F36: 22490927 | G36: 4280 | H36: 6982193 | I36: =F36+H36 -> 29473120 | J36: 1920 | K36: 2088132.5 | L36: 440 | M36: 717795.54 | N36: =K36+M36 -> 2805928 | O36: =I36+N36 -> 32279048 | P36: =E36+G36+J36+L36 -> 27320 | Q36: =R36+T36 -> 599 | R36: 299 | S36: 5373083.8 | T36: 300 | U36: 1397520 | V36: =S36+U36 -> 6770603.8 | W36: 92.08008 | Y36: 0 | AB36: 12 | AC36: =W36+X36+Y36+Z36+AA36+AB36 -> 104.08008 | AD36: 1074389.1 | AF36: 626.9 | AG36: 0 | AH36: =AF36+AG36 -> 626.9 | AI36: 5454030
B37: 31 | C37: 75 | D37: 679 | E37: 30800 | F37: 33497125 | G37: 4200 | H37: 6851684.7 | I37: =F37+H37 -> 40348810 | J37: 2900 | K37: 3153950.1 | L37: 420 | M37: 685168.47 | N37: =K37+M37 -> 3839118.6 | O37: =I37+N37 -> 44187928 | P37: =E37+G37+J37+L37 -> 38320 | Q37: =R37+T37 -> 642 | R37: 112 | S37: 2012660.2 | T37: 530 | U37: 2468952 | V37: =S37+U37 -> 4481612.2 | W37: 95.54416 | X37: 250 | Y37: 400 | AB37: 0 | AC37: =W37+X37+Y37+Z37+AA37+AB37 -> 745.54416 | AD37: 8230559.9 | AF37: 606.4 | AG37: 0 | AH37: =AF37+AG37 -> 606.4 | AI37: 5275680
C43: =SUM(C7:C37) -> 1431 | D43: =SUM(D7:D37) -> 12704 | E43: =SUM(E7:E37) -> 581760 | F43: =SUM(F7:F37) -> 6.3270414e+08 | G43: =SUM(G7:G37) -> 118960 | H43: =SUM(H7:H37) -> 1.9406581e+08 | I43: =SUM(I7:I37) -> 8.2676995e+08 | J43: =SUM(J7:J37) -> 56560 | ... U43: =SUM(U7:U37) -> 51242866 | V43: =SUM(V8:V38) -> 1.9777793e+08 | W43: =SUM(W7:W37) -> 2788.6247 | X43: =SUM(X7:X37) -> 1500 | Y43: =SUM(Y7:Y37) -> 2400 | Z43: =SUM(Z7:Z37) -> 250 | AA43: =SUM(AA7:AA37) -> 0 | AB43: =SUM(AB7:AB37) -> 384 | AC43: =SUM(AC7:AC37) -> 7322.6247 | AD43: =SUM(AD7:AD37) -> 79132406 | AE43: =SUM(AE8:AE39) -> 0 | AF43: =SUM(AF7:AF37) -> 12123.5 | AG43: =SUM(AG7:AG37) -> 293.9 | AH43: =SUM(AH7:AH37) -> 12417.4 | AI43: =SUM(AI7:AI37) -> 1.0803138e+08
P45: =O43/P43 -> 1180.809 | V45: =V43/Q43 -> 10171.617 | AB45: =AC43-W43 -> 4534 | AD45: =AD43/AC43 -> 10806.563 | AI45: =AI43/AH43 -> 8700
