Workbook

Sheet Bali Jimbaran_HEP_Daily (Total)
A1: Site Name | B1: Day | C1: Month | D1: Year | E1: Total Electricity Kwh | F1: Electricity Tariff ($/Kwh) | G1: LPG (Kg) | H1: LPG $/Kg | I1: Total Fuel Oil (Liter) | J1: Fuel Oil $/Liter | K1: Water Utility Supply (m3) m3 | L1: Water Utility Supply (m3) $/m3 | M1: Room Nights | N1: Total Guests
A2: Bali Jimbaran | B2: 1 | C2: 5 | D2: 2018 | E2: ='Localize Daily Bali Jimbaran'!P7 -> 13940 | F2: ='Localize Daily Bali Jimbaran'!O7/'Localize Daily Bali Jimbaran'!P7 -> 1257.6479 | G2: ='Localize Daily Bali Jimbaran'!AC7 -> 513.75072 | H2: ='Localize Daily Bali Jimbaran'!AD7/'Localize Daily Bali Jimbaran'!AC7 -> 10944.824 | I2: ='Localize Daily Bali Jimbaran'!AH7 -> 62.09 | J2: ='Localize Daily Bali Jimbaran'!AI7/'Localize Daily Bali Jimbaran'!AH7 -> 9150 | K2: ='Localize Daily Bali Jimbaran'!Q7 -> 881 | L2: ='Localize Daily Bali Jimbaran'!V7/'Localize Daily Bali Jimbaran'!Q7 -> 9895.9004 | M2: ='Localize Daily Bali Jimbaran'!C7 -> 66 | N2: 155
A3: Bali Jimbaran | B3: 2 | C3: 5 | D3: 2018 | E3: ='Localize Daily Bali Jimbaran'!P8 -> 25740 | F3: ='Localize Daily Bali Jimbaran'!O8/'Localize Daily Bali Jimbaran'!P8 -> 1183.0587 | G3: ='Localize Daily Bali Jimbaran'!AC8 -> 133.763 | H3: ='Localize Daily Bali Jimbaran'!AD8/'Localize Daily Bali Jimbaran'!AC8 -> 10417.109 | I3: ='Localize Daily Bali Jimbaran'!AH8 -> 67.43 | J3: ='Localize Daily Bali Jimbaran'!AI8/'Localize Daily Bali Jimbaran'!AH8 -> 9150 | K3: ='Localize Daily Bali Jimbaran'!Q8 -> 731 | L3: ='Localize Daily Bali Jimbaran'!V8/'Localize Daily Bali Jimbaran'!Q8 -> 10975.379 | M3: ='Localize Daily Bali Jimbaran'!C8 -> 75 | N3: 173
A4: Bali Jimbaran | B4: 3 | C4: 5 | D4: 2018 | E4: ='Localize Daily Bali Jimbaran'!P9 -> 27280 | F4: ='Localize Daily Bali Jimbaran'!O9/'Localize Daily Bali Jimbaran'!P9 -> 1179.2629 | G4: ='Localize Daily Bali Jimbaran'!AC9 -> 254.2196 | H4: ='Localize Daily Bali Jimbaran'!AD9/'Localize Daily Bali Jimbaran'!AC9 -> 10353.024 | I4: ='Localize Daily Bali Jimbaran'!AH9 -> 125.72 | J4: ='Localize Daily Bali Jimbaran'!AI9/'Localize Daily Bali Jimbaran'!AH9 -> 9150 | K4: ='Localize Daily Bali Jimbaran'!Q9 -> 677 | L4: ='Localize Daily Bali Jimbaran'!V9/'Localize Daily Bali Jimbaran'!Q9 -> 10573.982 | M4: ='Localize Daily Bali Jimbaran'!C9 -> 75 | N4: 174
A5: Bali Jimbaran | B5: 4 | C5: 5 | D5: 2018 | E5: ='Localize Daily Bali Jimbaran'!P10 -> 26040 | F5: ='Localize Daily Bali Jimbaran'!O10/'Localize Daily Bali Jimbaran'!P10 -> 1184.8822 | G5: ='Localize Daily Bali Jimbaran'!AC10 -> 0 | H5: ='Localize Daily Bali Jimbaran'!AD10/'Localize Daily Bali Jimbaran'!AC10 -> #DIV/0! | I5: ='Localize Daily Bali Jimbaran'!AH10 -> 66.11 | J5: ='Localize Daily Bali Jimbaran'!AI10/'Localize Daily Bali Jimbaran'!AH10 -> 9150 | K5: ='Localize Daily Bali Jimbaran'!Q10 -> 611 | L5: ='Localize Daily Bali Jimbaran'!V10/'Localize Daily Bali Jimbaran'!Q10 -> 6457.9696 | M5: ='Localize Daily Bali Jimbaran'!C10 -> 87 | N5: 194
A6: Bali Jimbaran | B6: 5 | C6: 5 | D6: 2018 | E6: ='Localize Daily Bali Jimbaran'!P11 -> 26280 | F6: ='Localize Daily Bali Jimbaran'!O11/'Localize Daily Bali Jimbaran'!P11 -> 1181.5105 | G6: ='Localize Daily Bali Jimbaran'!AC11 -> 407.64904 | H6: ='Localize Daily Bali Jimbaran'!AD11/'Localize Daily Bali Jimbaran'!AC11 -> 10863.361 | I6: ='Localize Daily Bali Jimbaran'!AH11 -> 65.3 | J6: ='Localize Daily Bali Jimbaran'!AI11/'Localize Daily Bali Jimbaran'!AH11 -> 9150 | K6: ='Localize Daily Bali Jimbaran'!Q11 -> 751 | L6: ='Localize Daily Bali Jimbaran'!V11/'Localize Daily Bali Jimbaran'!Q11 -> 9944.5919 | M6: ='Localize Daily Bali Jimbaran'!C11 -> 61 | N6: 158
A7: Bali Jimbaran | B7: 6 | C7: 5 | D7: 2018 | E7: ='Localize Daily Bali Jimbaran'!P12 -> 26920 | F7: ='Localize Daily Bali Jimbaran'!O12/'Localize Daily Bali Jimbaran'!P12 -> 1182.9131 | G7: ='Localize Daily Bali Jimbaran'!AC12 -> 557.81016 | H7: ='Localize Daily Bali Jimbaran'!AD12/'Localize Daily Bali Jimbaran'!AC12 -> 10945.614 | I7: ='Localize Daily Bali Jimbaran'!AH12 -> 61.45 | J7: ='Localize Daily Bali Jimbaran'!AI12/'Localize Daily Bali Jimbaran'!AH12 -> 9150 | K7: ='Localize Daily Bali Jimbaran'!Q12 -> 777 | L7: ='Localize Daily Bali Jimbaran'!V12/'Localize Daily Bali Jimbaran'!Q12 -> 10622.307 | M7: ='Localize Daily Bali Jimbaran'!C12 -> 49 | N7: 144
A8: Bali Jimbaran | B8: 7 | C8: 5 | D8: 2018 | E8: ='Localize Daily Bali Jimbaran'!P13 -> 26380 | F8: ='Localize Daily Bali Jimbaran'!O13/'Localize Daily Bali Jimbaran'!P13 -> 1182.3912 | G8: ='Localize Daily Bali Jimbaran'!AC13 -> 171.02544 | H8: ='Localize Daily Bali Jimbaran'!AD13/'Localize Daily Bali Jimbaran'!AC13 -> 10256.283 | I8: ='Localize Daily Bali Jimbaran'!AH13 -> 11.2 | J8: ='Localize Daily Bali Jimbaran'!AI13/'Localize Daily Bali Jimbaran'!AH13 -> 9150 | K8: ='Localize Daily Bali Jimbaran'!Q13 -> 517 | L8: ='Localize Daily Bali Jimbaran'!V13/'Localize Daily Bali Jimbaran'!Q13 -> 11820.874 | M8: ='Localize Daily Bali Jimbaran'!C13 -> 44 | N8: 121
A9: Bali Jimbaran | B9: 8 | C9: 5 | D9: 2018 | E9: ='Localize Daily Bali Jimbaran'!P14 -> 25540 | F9: ='Localize Daily Bali Jimbaran'!O14/'Localize Daily Bali Jimbaran'!P14 -> 1185.5098 | G9: ='Localize Daily Bali Jimbaran'!AC14 -> 139.73132 | H9: ='Localize Daily Bali Jimbaran'!AD14/'Localize Daily Bali Jimbaran'!AC14 -> 10153 | I9: ='Localize Daily Bali Jimbaran'!AH14 -> 0 | J9: ='Localize Daily Bali Jimbaran'!AI14/'Localize Daily Bali Jimbaran'!AH14 -> #DIV/0! | K9: ='Localize Daily Bali Jimbaran'!Q14 -> 651 | L9: ='Localize Daily Bali Jimbaran'!V14/'Localize Daily Bali Jimbaran'!Q14 -> 11133.21 | M9: ='Localize Daily Bali Jimbaran'!C14 -> 45 | N9: 125
A10: Bali Jimbaran | B10: 9 | C10: 5 | D10: 2018 | E10: ='Localize Daily Bali Jimbaran'!P15 -> 26080 | F10: ='Localize Daily Bali Jimbaran'!O15/'Localize Daily Bali Jimbaran'!P15 -> 1180.5628 | G10: ='Localize Daily Bali Jimbaran'!AC15 -> 199.5562 | H10: ='Localize Daily Bali Jimbaran'!AD15/'Localize Daily Bali Jimbaran'!AC15 -> 10496.332 | I10: ='Localize Daily Bali Jimbaran'!AH15 -> 82.9 | J10: ='Localize Daily Bali Jimbaran'!AI15/'Localize Daily Bali Jimbaran'!AH15 -> 9150 | K10: ='Localize Daily Bali Jimbaran'!Q15 -> 271 | L10: ='Localize Daily Bali Jimbaran'!V15/'Localize Daily Bali Jimbaran'!Q15 -> 9611.6054 | M10: ='Localize Daily Bali Jimbaran'!C15 -> 39 | N10: 108
A11: Bali Jimbaran | B11: 10 | C11: 5 | D11: 2018 | E11: ='Localize Daily Bali Jimbaran'!P16 -> 26540 | F11: ='Localize Daily Bali Jimbaran'!O16/'Localize Daily Bali Jimbaran'!P16 -> 1183.4587 | G11: ='Localize Daily Bali Jimbaran'!AC16 -> 129.33908 | H11: ='Localize Daily Bali Jimbaran'!AD16/'Localize Daily Bali Jimbaran'!AC16 -> 10153 | I11: ='Localize Daily Bali Jimbaran'!AH16 -> 0 | J11: ='Localize Daily Bali Jimbaran'!AI16/'Localize Daily Bali Jimbaran'!AH16 -> #DIV/0! | K11: ='Localize Daily Bali Jimbaran'!Q16 -> 365 | L11: ='Localize Daily Bali Jimbaran'!V16/'Localize Daily Bali Jimbaran'!Q16 -> 6284.1119 | M11: ='Localize Daily Bali Jimbaran'!C16 -> 43 | N11: 124
A12: Bali Jimbaran | B12: 11 | C12: 5 | D12: 2018 | E12: ='Localize Daily Bali Jimbaran'!P17 -> 28440 | F12: ='Localize Daily Bali Jimbaran'!O17/'Localize Daily Bali Jimbaran'!P17 -> 1176.2877 | G12: ='Localize Daily Bali Jimbaran'!AC17 -> 832.45808 | H12: ='Localize Daily Bali Jimbaran'!AD17/'Localize Daily Bali Jimbaran'!AC17 -> 11010.751 | I12: ='Localize Daily Bali Jimbaran'!AH17 -> 1355.86 | J12: ='Localize Daily Bali Jimbaran'!AI17/'Localize Daily Bali Jimbaran'!AH17 -> 9150 | K12: ='Localize Daily Bali Jimbaran'!Q17 -> 440 | L12: ='Localize Daily Bali Jimbaran'!V17/'Localize Daily Bali Jimbaran'!Q17 -> 6680.4385 | M12: ='Localize Daily Bali Jimbaran'!C17 -> 37 | N12: 114
A13: Bali Jimbaran | B13: 12 | C13: 5 | D13: 2018 | E13: ='Localize Daily Bali Jimbaran'!P18 -> 27780 | F13: ='Localize Daily Bali Jimbaran'!O18/'Localize Daily Bali Jimbaran'!P18 -> 1181.5274 | G13: ='Localize Daily Bali Jimbaran'!AC18 -> 135.38108 | H13: ='Localize Daily Bali Jimbaran'!AD18/'Localize Daily Bali Jimbaran'!AC18 -> 10153 | I13: ='Localize Daily Bali Jimbaran'!AH18 -> 423.24 | J13: ='Localize Daily Bali Jimbaran'!AI18/'Localize Daily Bali Jimbaran'!AH18 -> 9150 | K13: ='Localize Daily Bali Jimbaran'!Q18 -> 547 | L13: ='Localize Daily Bali Jimbaran'!V18/'Localize Daily Bali Jimbaran'!Q18 -> 8985.7198 | M13: ='Localize Daily Bali Jimbaran'!C18 -> 50 | N13: 138
... A32: Bali Jimbaran | B32: 31 | C32: 5 | D32: 2018 | E32: ='Localize Daily Bali Jimbaran'!P37 -> 34420 | F32: ='Localize Daily Bali Jimbaran'!O37/'Localize Daily Bali Jimbaran'!P37 -> 1152.9748 | G32: ='Localize Daily Bali Jimbaran'!AC37 -> 123.861 | H32: ='Localize Daily Bali Jimbaran'!AD37/'Localize Daily Bali Jimbaran'!AC37 -> 10153 | I32: ='Localize Daily Bali Jimbaran'!AH37 -> 659.58 | J32: ='Localize Daily Bali Jimbaran'!AI37/'Localize Daily Bali Jimbaran'!AH37 -> 9150 | K32: ='Localize Daily Bali Jimbaran'!Q37 -> 745 | L32: ='Localize Daily Bali Jimbaran'!V37/'Localize Daily Bali Jimbaran'!Q37 -> 8635.3065 | M32: ='Localize Daily Bali Jimbaran'!C37 -> 47 | N32: 141

Sheet Localize Daily Bali Jimbaran
B2: Four Seasons Resort Bali at Jimbaran Bay
B3: JANUARY 2021
B4: Date | C4: Room Nights | D4: Food Covers | E4: ELECTRICITY Resort & Sundara | Q4: WATER | W4: GAS
E5: Electricity Resort | J5: Electricity - Sundara | O5: Sub Total (Resort & Sundara) Cost (IDR) | P5: Sub Total (Resort & Sundara), KWh | R5: Water (m3) | T5: Water (m3) | V5: Total Water Cost | W5: LPG | AE5: Diesel
E6: BASED LOAD KWh (from 10 pm - 6 pm) | F6: Cost (IDR) | G6: PEAK LOAD KWh (from 6 pm - 10 pm) | H6: Cost (IDR) | I6: Resort Cost (IDR) | J6: BASED LOAD KWh (from 10 pm - 6 pm) | K6: Cost (IDR) | L6: PEAK LOAD KWh (from 6 pm - 10 pm) | M6: Cost (IDR) | N6: Sundara Cost (IDR) | Q6: Water consumption (m3) | R6: Municipal Water (m3) | S6: Municipal Water cost (IDR) | T6: Deepwell Consumption (m3) | U6: Deepwell water Cost (IDR) | V6: IDR | W6: LPG Bulk (m3) | X6: 50 Kg IVD & TW (tube) | Y6: Sundara 50 kg (tube) | Z6: Jala 50 kg (tube) | AA6: Canteen and Comissary 50Kg (tube) | AB6: 12 Kg (tube) | AC6: Total kg | AD6: IDR | AE6: Gasoline | AF6: Steam (liters) | AG6: Onsite Generators (liters) | AH6: Total liters | AI6: IDR
B7: 1 | C7: 66 | D7: 663 | E7: 8320 | F7: 9048574.1 | G7: 3840 | H7: 6264397.4 | I7: =F7+H7 -> 15312972 | J7: 1260 | K7: 1370336.9 | L7: 520 | M7: 848303.82 | N7: =K7+M7 -> 2218640.8 | O7: =I7+N7 -> 17531612 | P7: =E7+G7+J7+L7 -> 13940 | Q7: =R7+T7 -> 881 | R7: 344 | S7: 6181741.9 | T7: 537 | U7: 2536546.4 | V7: =S7+U7 -> 8718288.3 | W7: 113.75072 | Y7: 400 | AB7: 0 | AC7: =W7+X7+Y7+Z7+AA7+AB7 -> 513.75072 | AD7: 5622911.1 | AF7: 62.09 | AG7: 0 | AH7: =AF7+AG7 -> 62.09 | AI7: 568123.5
B8: 2 | C8: 75 | D8: 547 | E8: 18880 | F8: 20533303 | G8: 4000 | H8: 6525414 | I8: =F8+H8 -> 27058717 | J8: 2340 | K8: 2544911.5 | L8: 520 | M8: 848303.82 | N8: =K8+M8 -> 3393215.3 | O8: =I8+N8 -> 30451932 | P8: =E8+G8+J8+L8 -> 25740 | Q8: =R8+T8 -> 731 | R8: 345 | S8: 6199712.1 | T8: 386 | U8: 1823290.3 | V8: =S8+U8 -> 8023002.4 | W8: 109.763 | AB8: 24 | AC8: =W8+X8+Y8+Z8+AA8+AB8 -> 133.763 | AD8: 1393423.7 | AF8: 67.43 | AG8: 0 | AH8: =AF8+AG8 -> 67.43 | AI8: 616984.5
B9: 3 | C9: 75 | D9: 530 | E9: 20280 | F9: 22055899 | G9: 4080 | H9: 6655922.3 | I9: =F9+H9 -> 28711822 | J9: 2400 | K9: 2610165.6 | L9: 520 | M9: 848303.82 | N9: =K9+M9 -> 3458469.4 | O9: =I9+N9 -> 32170291 | P9: =E9+G9+J9+L9 -> 27280 | Q9: =R9+T9 -> 677 | R9: 299 | S9: 5373083.8 | T9: 378 | U9: 1785501.9 | V9: =S9+U9 -> 7158585.7 | W9: 204.2196 | Z9: 50 | AB9: 0 | AC9: =W9+X9+Y9+Z9+AA9+AB9 -> 254.2196 | AD9: 2631941.6 | AF9: 77.92 | AG9: 47.8 | AH9: =AF9+AG9 -> 125.72 | AI9: 1150338
B10: 4 | C10: 87 | D10: 671 | E10: 19280 | F10: 20968330 | G10: 4120 | H10: 6721176.4 | I10: =F10+H10 -> 27689507 | J10: 2100 | K10: 2283894.9 | L10: 540 | M10: 880930.89 | N10: =K10+M10 -> 3164825.8 | O10: =I10+N10 -> 30854333 | P10: =E10+G10+J10+L10 -> 26040 | Q10: =R10+T10 -> 611 | R10: 80 | S10: 1437614.4 | T10: 531 | U10: 2508205.1 | V10: =S10+U10 -> 3945819.5 | W10: 0 | AB10: 0 | AC10: =W10+X10+Y10+Z10+AA10+AB10 -> 0 | AD10: 0 | AF10: 66.11 | AG10: 0 | AH10: =AF10+AG10 -> 66.11 | AI10: 604906.5
B11: 5 | C11: 61 | D11: 658 | E11: 19280 | F11: 20968330 | G11: 4000 | H11: 6525414 | I11: =F11+H11 -> 27493744 | J11: 2460 | K11: 2675419.7 | L11: 540 | M11: 880930.89 | N11: =K11+M11 -> 3556350.6 | O11: =I11+N11 -> 31050095 | P11: =E11+G11+J11+L11 -> 26280 | Q11: =R11+T11 -> 751 | R11: 296 | S11: 5319173.3 | T11: 455 | U11: 2149215.2 | V11: =S11+U11 -> 7468388.5 | W11: 133.64904 | X11: 250 | AB11: 24 | AC11: =W11+X11+Y11+Z11+AA11+AB11 -> 407.64904 | AD11: 4428438.7 | AF11: 65.3 | AG11: 0 | AH11: =AF11+AG11 -> 65.3 | AI11: 597495
B12: 6 | C12: 49 | D12: 670 | E12: 19600 | F12: 21316352 | G12: 4160 | H12: 6786430.6 | I12: =F12+H12 -> 28102783 | J12: 2600 | K12: 2827679.4 | L12: 560 | M12: 913557.96 | N12: =K12+M12 -> 3741237.4 | O12: =I12+N12 -> 31844020 | P12: =E12+G12+J12+L12 -> 26920 | Q12: =R12+T12 -> 777 | R12: 346 | S12: 6217682.3 | T12: 431 | U12: 2035850.1 | V12: =S12+U12 -> 8253532.3 | W12: 133.81016 | Y12: 400 | AB12: 24 | AC12: =W12+X12+Y12+Z12+AA12+AB12 -> 557.81016 | AD12: 6105574.6 | AF12: 61.45 | AG12: 0 | AH12: =AF12+AG12 -> 61.45 | AI12: 562267.5
B13: 7 | C13: 44 | D13: 440 | E13: 19760 | F13: 21490363 | G13: 4040 | H13: 6590668.1 | I13: =F13+H13 -> 28081032 | J13: 2020 | K13: 2196889.4 | L13: 560 | M13: 913557.96 | N13: =K13+M13 -> 3110447.3 | O13: =I13+N13 -> 31191479 | P13: =E13+G13+J13+L13 -> 26380 | Q13: =R13+T13 -> 517 | R13: 277 | S13: 4977739.9 | T13: 240 | U13: 1133652 | V13: =S13+U13 -> 6111391.9 | W13: 159.02544 | AB13: 12 | AC13: =W13+X13+Y13+Z13+AA13+AB13 -> 171.02544 | AD13: 1754085.3 | AF13: 11.2 | AG13: 0 | AH13: =AF13+AG13 -> 11.2 | AI13: 102480
B14: 8 | C14: 45 | D14: 535 | E14: 18640 | F14: 20272286 | G14: 4040 | H14: 6590668.1 | I14: =F14+H14 -> 26862954 | J14: 2300 | K14: 2501408.7 | L14: 560 | M14: 913557.96 | N14: =K14+M14 -> 3414966.7 | O14: =I14+N14 -> 30277921 | P14: =E14+G14+J14+L14 -> 25540 | Q14: =R14+T14 -> 651 | R14: 315 | S14: 5660606.7 | T14: 336 | U14: 1587112.8 | V14: =S14+U14 -> 7247719.5 | W14: 139.73132 | AB14: 0 | AC14: =W14+X14+Y14+Z14+AA14+AB14 -> 139.73132 | AD14: 1418692.1 | AF14: 0 | AG14: 0 | AH14: =AF14+AG14 -> 0 | AI14: 0
B15: 9 | C15: 39 | D15: 433 | E15: 19200 | F15: 20881325 | G15: 3920 | H15: 6394905.7 | I15: =F15+H15 -> 27276231 | J15: 2420 | K15: 2631917 | L15: 540 | M15: 880930.89 | N15: =K15+M15 -> 3512847.9 | O15: =I15+N15 -> 30789078 | P15: =E15+G15+J15+L15 -> 26080 | Q15: =R15+T15 -> 271 | R15: 100 | S15: 1797018 | T15: 171 | U15: 807727.05 | V15: =S15+U15 -> 2604745 | W15: 137.5562 | Z15: 50 | AB15: 12 | AC15: =W15+X15+Y15+Z15+AA15+AB15 -> 199.5562 | AD15: 2094608.1 | AF15: 22 | AG15: 60.9 | AH15: =AF15+AG15 -> 82.9 | AI15: 758535
B16: 10 | C16: 43 | D16: 601 | E16: 19480 | F16: 21185844 | G16: 4120 | H16: 6721176.4 | I16: =F16+H16 -> 27907021 | J16: 2380 | K16: 2588414.2 | L16: 560 | M16: 913557.96 | N16: =K16+M16 -> 3501972.2 | O16: =I16+N16 -> 31408993 | P16: =E16+G16+J16+L16 -> 26540 | Q16: =R16+T16 -> 365 | R16: 43 | S16: 772717.74 | T16: 322 | U16: 1520983.1 | V16: =S16+U16 -> 2293700.8 | W16: 129.33908 | AB16: 0 | AC16: =W16+X16+Y16+Z16+AA16+AB16 -> 129.33908 | AD16: 1313179.7 | AF16: 0 | AG16: 0 | AH16: =AF16+AG16 -> 0 | AI16: 0
B17: 11 | C17: 37 | D17: 438 | E17: 21480 | F17: 23360982 | G17: 4080 | H17: 6655922.3 | I17: =F17+H17 -> 30016904 | J17: 2320 | K17: 2523160.1 | L17: 560 | M17: 913557.96 | N17: =K17+M17 -> 3436718 | O17: =I17+N17 -> 33453622 | P17: =E17+G17+J17+L17 -> 28440 | Q17: =R17+T17 -> 440 | R17: 65 | S17: 1168061.7 | T17: 375 | U17: 1771331.2 | V17: =S17+U17 -> 2939393 | W17: 146.45808 | X17: 250 | Y17: 400 | AB17: 36 | AC17: =W17+X17+Y17+Z17+AA17+AB17 -> 832.45808 | AD17: 9165988.9 | AF17: 393.36 | AG17: 962.5 | AH17: =AF17+AG17 -> 1355.86 | AI17: 12406119
B18: 12 | C18: 50 | D18: 369 | E18: 20560 | F18: 22360419 | G18: 4280 | H18: 6982193 | I18: =F18+H18 -> 29342612 | J18: 2420 | K18: 2631917 | L18: 520 | M18: 848303.82 | N18: =K18+M18 -> 3480220.8 | O18: =I18+N18 -> 32822832 | P18: =E18+G18+J18+L18 -> 27780 | Q18: =R18+T18 -> 547 | R18: 176 | S18: 3162751.7 | T18: 371 | U18: 1752437.1 | V18: =S18+U18 -> 4915188.7 | W18: 135.38108 | AB18: 0 | AC18: =W18+X18+Y18+Z18+AA18+AB18 -> 135.38108 | AD18: 1374524.1 | AF18: 423.24 | AG18: 0 | AH18: =AF18+AG18 -> 423.24 | AI18: 3872646
B19: 13 | C19: 103 | D19: 603 | E19: 20480 | F19: 22273413 | G19: 4440 | H19: 7243209.5 | I19: =F19+H19 -> 29516623 | J19: 2340 | K19: 2544911.5 | L19: 540 | M19: 880930.89 | N19: =K19+M19 -> 3425842.4 | O19: =I19+N19 -> 32942465 | P19: =E19+G19+J19+L19 -> 27800 | Q19: =R19+T19 -> 667 | R19: 203 | S19: 3647946.5 | T19: 464 | U19: 2191727.2 | V19: =S19+U19 -> 5839673.7 | W19: 134.01156 | AB19: 12 | AC19: =W19+X19+Y19+Z19+AA19+AB19 -> 146.01156 | AD19: 1500119.4 | AF19: 400.95 | AG19: 0 | AH19: =AF19+AG19 -> 400.95 | AI19: 3668692.5
B20: 14 | C20: 106 | D20: 564 | E20: 20560 | F20: 22360419 | G20: 4360 | H20: 7112701.3 | I20: =F20+H20 -> 29473120 | J20: 2160 | K20: 2349149 | L20: 540 | M20: 880930.89 | N20: =K20+M20 -> 3230079.9 | O20: =I20+N20 -> 32703200 | P20: =E20+G20+J20+L20 -> 27620 | Q20: =R20+T20 -> 746 | R20: 184 | S20: 3306513.1 | T20: 562 | U20: 2654635.1 | V20: =S20+U20 -> 5961148.2 | W20: 136.06584 | AB20: 12 | AC20: =W20+X20+Y20+Z20+AA20+AB20 -> 148.06584 | AD20: 1520976.5 | AF20: 113.18 | AG20: 0 | AH20: =AF20+AG20 -> 113.18 | AI20: 1035597
B21: 15 | C21: 104 | D21: 706 | E21: 20000 | F21: 21751380 | G21: 4280 | H21: 6982193 | I21: =F21+H21 -> 28733573 | J21: 2420 | K21: 2631917 | L21: 500 | M21: 815676.75 | N21: =K21+M21 -> 3447593.7 | O21: =I21+N21 -> 32181167 | P21: =E21+G21+J21+L21 -> 27200 | Q21: =R21+T21 -> 769 | R21: 241 | S21: 4330813.4 | T21: 528 | U21: 2494034.4 | V21: =S21+U21 -> 6824847.8 | W21: 130.46692 | AB21: 36 | AC21: =W21+X21+Y21+Z21+AA21+AB21 -> 166.46692 | AD21: 1743130.6 | AF21: 0 | AG21: 0.1 | AH21: =AF21+AG21 -> 0.1 | AI21: 915
B22: 16 | C22: 99 | D22: 599 | E22: 20080 | F22: 21838386 | G22: 4160 | H22: 6786430.6 | I22: =F22+H22 -> 28624816 | J22: 2260 | K22: 2457905.9 | L22: 520 | M22: 848303.82 | N22: =K22+M22 -> 3306209.8 | O22: =I22+N22 -> 31931026 | P22: =E22+G22+J22+L22 -> 27020 | Q22: =R22+T22 -> 757 | R22: 184 | S22: 3306513.1 | T22: 573 | U22: 2706594.1 | V22: =S22+U22 -> 6013107.3 | W22: 133.76988 | Z22: 50 | AB22: 0 | AC22: =W22+X22+Y22+Z22+AA22+AB22 -> 183.76988 | AD22: 1916665.6 | AF22: 357.6 | AG22: 7.5 | AH22: =AF22+AG22 -> 365.1 | AI22: 3340665
B23: 17 | C23: 92 | D23: 463 | E23: 19680 | F23: 21403358 | G23: 4080 | H23: 6655922.3 | I23: =F23+H23 -> 28059280 | J23: 2340 | K23: 2544911.5 | L23: 540 | M23: 880930.89 | N23: =K23+M23 -> 3425842.3 | O23: =I23+N23 -> 31485123 | P23: =E23+G23+J23+L23 -> 26640 | Q23: =R23+T23 -> 502 | R23: 11 | S23: 197671.98 | T23: 491 | U23: 2319263.1 | V23: =S23+U23 -> 2516935 | W23: 132.7226 | X23: 250 | Y23: 400 | AB23: 0 | AC23: =W23+X23+Y23+Z23+AA23+AB23 -> 782.7226 | AD23: 8608032.6 | AF23: 495.96 | AG23: 0 | AH23: =AF23+AG23 -> 495.96 | AI23: 4538034
B24: 18 | C24: 94 | D24: 689 | E24: 19280 | F24: 20968330 | G24: 4080 | H24: 6655922.3 | I24: =F24+H24 -> 27624253 | J24: 2080 | K24: 2262143.5 | L24: 520 | M24: 848303.82 | N24: =K24+M24 -> 3110447.3 | O24: =I24+N24 -> 30734700 | P24: =E24+G24+J24+L24 -> 25960 | Q24: =R24+T24 -> 550 | R24: 36 | S24: 646926.48 | T24: 514 | U24: 2427904.7 | V24: =S24+U24 -> 3074831.2 | W24: 130.82944 | AB24: 36 | AC24: =W24+X24+Y24+Z24+AA24+AB24 -> 166.82944 | AD24: 1746811.3 | AF24: 494.38 | AG24: 4.1 | AH24: =AF24+AG24 -> 498.48 | AI24: 4561092
B25: 19 | C25: 29 | D25: 446 | E25: 18080 | F25: 19663248 | G25: 3880 | H25: 6329651.6 | I25: =F25+H25 -> 25992899 | J25: 2080 | K25: 2262143.5 | L25: 540 | M25: 880930.89 | N25: =K25+M25 -> 3143074.4 | O25: =I25+N25 -> 29135974 | P25: =E25+G25+J25+L25 -> 24580 | Q25: =R25+T25 -> 988 | R25: 262 | S25: 4708187.2 | T25: 726 | U25: 3429297.3 | V25: =S25+U25 -> 8137484.5 | W25: 105.3322 | AB25: 12 | AC25: =W25+X25+Y25+Z25+AA25+AB25 -> 117.3322 | AD25: 1208937.8 | AF25: 521.33 | AG25: 0 | AH25: =AF25+AG25 -> 521.33 | AI25: 4770169.5
B26: 20 | C26: 18 | D26: 367 | E26: 17800 | F26: 19358728 | G26: 3680 | H26: 6003380.9 | I26: =F26+H26 -> 25362109 | J26: 2140 | K26: 2327397.7 | L26: 540 | M26: 880930.89 | N26: =K26+M26 -> 3208328.6 | O26: =I26+N26 -> 28570438 | P26: =E26+G26+J26+L26 -> 24160 | Q26: =R26+T26 -> 453 | R26: 218 | S26: 3917499.2 | T26: 235 | U26: 1110034.2 | V26: =S26+U26 -> 5027533.5 | W26: 98.20264 | AB26: 12 | AC26: =W26+X26+Y26+Z26+AA26+AB26 -> 110.20264 | AD26: 1136551.4 | AF26: 461.4 | AG26: 4.1 | AH26: =AF26+AG26 -> 465.5 | AI26: 4259325
B27: 21 | C27: 20 | D27: 287 | E27: 18200 | F27: 19793756 | G27: 3720 | H27: 6068635 | I27: =F27+H27 -> 25862391 | J27: 1940 | K27: 2109883.9 | L27: 340 | M27: 554660.19 | N27: =K27+M27 -> 2664544 | O27: =I27+N27 -> 28526935 | P27: =E27+G27+J27+L27 -> 24200 | Q27: =R27+T27 -> 219 | R27: 219 | S27: 3935469.4 | T27: 0 | U27: 0 | V27: =S27+U27 -> 3935469.4 | W27: 114.87856 | AB27: 12 | AC27: =W27+X27+Y27+Z27+AA27+AB27 -> 126.87856 | AD27: 1305862 | AF27: 411.47 | AG27: 4.2 | AH27: =AF27+AG27 -> 415.67 | AI27: 3803380.5
B28: 22 | C28: 27 | D28: 264 | E28: 17680 | F28: 19228220 | G28: 3800 | H28: 6199143.3 | I28: =F28+H28 -> 25427363 | J28: 1980 | K28: 2153386.6 | L28: 680 | M28: 1109320.4 | N28: =K28+M28 -> 3262707 | O28: =I28+N28 -> 28690070 | P28: =E28+G28+J28+L28 -> 24140 | Q28: =R28+T28 -> 981 | R28: 240 | S28: 4312843.2 | T28: 741 | U28: 3500150.6 | V28: =S28+U28 -> 7812993.8 | W28: 100.37776 | X28: 250 | Y28: 400 | Z28: 50 | AB28: 0 | AC28: =W28+X28+Y28+Z28+AA28+AB28 -> 800.37776 | AD28: 8838135.4 | AF28: 346.16 | AG28: 0 | AH28: =AF28+AG28 -> 346.16 | AI28: 3167364
B29: 23 | C29: 35 | D29: 232 | E29: 18360 | F29: 19967767 | G29: 3880 | H29: 6329651.6 | I29: =F29+H29 -> 26297418 | J29: 2120 | K29: 2305646.3 | L29: 520 | M29: 848303.82 | N29: =K29+M29 -> 3153950.1 | O29: =I29+N29 -> 29451369 | P29: =E29+G29+J29+L29 -> 24880 | Q29: =R29+T29 -> 814 | R29: 232 | S29: 4169081.8 | T29: 582 | U29: 2749106.1 | V29: =S29+U29 -> 6918187.9 | W29: 91.8384 | AB29: 0 | AC29: =W29+X29+Y29+Z29+AA29+AB29 -> 91.8384 | AD29: 932435.28 | AF29: 460.44 | AG29: 400.2 | AH29: =AF29+AG29 -> 860.64 | AI29: 7874856
B30: 24 | C30: 40 | D30: 338 | E30: 19920 | F30: 21664374 | G30: 3840 | H30: 6264397.4 | I30: =F30+H30 -> 27928772 | J30: 2180 | K30: 2370900.4 | L30: 520 | M30: 848303.82 | N30: =K30+M30 -> 3219204.2 | O30: =I30+N30 -> 31147976 | P30: =E30+G30+J30+L30 -> 26460 | Q30: =R30+T30 -> 791 | R30: 228 | S30: 4097201 | T30: 563 | U30: 2659358.6 | V30: =S30+U30 -> 6756559.7 | W30: 86.44088 | AB30: 0 | AC30: =W30+X30+Y30+Z30+AA30+AB30 -> 86.44088 | AD30: 877634.25 | AF30: 586.32 | AG30: 0 | AH30: =AF30+AG30 -> 586.32 | AI30: 5364828
B31: 25 | C31: 36 | D31: 418 | E31: 17640 | F31: 19184717 | G31: 3880 | H31: 6329651.6 | I31: =F31+H31 -> 25514369 | J31: 2180 | K31: 2370900.4 | L31: 540 | M31: 880930.89 | N31: =K31+M31 -> 3251831.3 | O31: =I31+N31 -> 28766200 | P31: =E31+G31+J31+L31 -> 24240 | Q31: =R31+T31 -> 832 | R31: 233 | S31: 4187051.9 | T31: 599 | U31: 2829406.5 | V31: =S31+U31 -> 7016458.4 | W31: 101.3042 | AB31: 0 | AC31: =W31+X31+Y31+Z31+AA31+AB31 -> 101.3042 | AD31: 1028541.5 | AF31: 510.21 | AG31: 0 | AH31: =AF31+AG31 -> 510.21 | AI31: 4668421.5
B32: 26 | C32: 37 | D32: 399 | E32: 18040 | F32: 19619745 | G32: 3600 | H32: 5872872.6 | I32: =F32+H32 -> 25492617 | J32: 2200 | K32: 2392651.8 | L32: 520 | M32: 848303.82 | N32: =K32+M32 -> 3240955.6 | O32: =I32+N32 -> 28733573 | P32: =E32+G32+J32+L32 -> 24360 | Q32: =R32+T32 -> 774 | R32: 189 | S32: 3396364 | T32: 585 | U32: 2763276.8 | V32: =S32+U32 -> 6159640.8 | W32: 101.5056 | AB32: 24 | AC32: =W32+X32+Y32+Z32+AA32+AB32 -> 125.5056 | AD32: 1309586.4 | AF32: 479.7 | AG32: 0 | AH32: =AF32+AG32 -> 479.7 | AI32: 4389255
B33: 27 | C33: 32 | D33: 477 | E33: 18160 | F33: 19750253 | G33: 3760 | H33: 6133889.2 | I33: =F33+H33 -> 25884142 | J33: 2000 | K33: 2175138 | L33: 520 | M33: 848303.82 | N33: =K33+M33 -> 3023441.8 | O33: =I33+N33 -> 28907584 | P33: =E33+G33+J33+L33 -> 24440 | Q33: =R33+T33 -> 732 | R33: 214 | S33: 3845618.5 | T33: 518 | U33: 2446798.9 | V33: =S33+U33 -> 6292417.4 | W33: 96.10808 | Y33: 400 | AB33: 0 | AC33: =W33+X33+Y33+Z33+AA33+AB33 -> 496.10808 | AD33: 5443785.3 | AF33: 486.45 | AG33: 0 | AH33: =AF33+AG33 -> 486.45 | AI33: 4451017.5
B34: 28 | C34: 44 | D34: 363 | E34: 17520 | F34: 19054209 | G34: 3640 | H34: 5938126.7 | I34: =F34+H34 -> 24992336 | J34: 2080 | K34: 2262143.5 | L34: 520 | M34: 848303.82 | N34: =K34+M34 -> 3110447.3 | O34: =I34+N34 -> 28102783 | P34: =E34+G34+J34+L34 -> 23760 | Q34: =R34+T34 -> 667 | R34: 241 | S34: 4330813.4 | T34: 426 | U34: 2012232.3 | V34: =S34+U34 -> 6343045.7 | W34: 106.9434 | X34: 250 | Z34: 50 | AB34: 12 | AC34: =W34+X34+Y34+Z34+AA34+AB34 -> 418.9434 | AD34: 4576296.3 | AF34: 361.91 | AG34: 4.2 | AH34: =AF34+AG34 -> 366.11 | AI34: 3349906.5
B35: 29 | C35: 37 | D35: 412 | E35: 16560 | F35: 18010143 | G35: 3520 | H35: 5742364.3 | I35: =F35+H35 -> 23752507 | J35: 2120 | K35: 2305646.3 | L35: 500 | M35: 815676.75 | N35: =K35+M35 -> 3121323 | O35: =I35+N35 -> 26873830 | P35: =E35+G35+J35+L35 -> 22700 | Q35: =R35+T35 -> 817 | R35: 263 | S35: 4726157.3 | T35: 554 | U35: 2616846.7 | V35: =S35+U35 -> 7343004 | W35: 109.44076 | AB35: 12 | AC35: =W35+X35+Y35+Z35+AA35+AB35 -> 121.44076 | AD35: 1250652 | AF35: 325.81 | AG35: 8 | AH35: =AF35+AG35 -> 333.81 | AI35: 3054361.5
B36: 30 | C36: 44 | D36: 530 | E36: 17000 | F36: 18488673 | G36: 3560 | H36: 5807618.5 | I36: =F36+H36 -> 24296291 | J36: 2120 | K36: 2305646.3 | L36: 520 | M36: 848303.82 | N36: =K36+M36 -> 3153950.1 | O36: =I36+N36 -> 27450242 | P36: =E36+G36+J36+L36 -> 23200 | Q36: =R36+T36 -> 688 | R36: 242 | S36: 4348783.6 | T36: 446 | U36: 2106703.3 | V36: =S36+U36 -> 6455486.9 | W36: 100.33748 | AB36: 24 | AC36: =W36+X36+Y36+Z36+AA36+AB36 -> 124.33748 | AD36: 1297726.4 | AF36: 395.15 | AG36: 0 | AH36: =AF36+AG36 -> 395.15 | AI36: 3615622.5
B37: 31 | C37: 47 | D37: 377 | E37: 27360 | F37: 29755888 | G37: 3640 | H37: 5938126.7 | I37: =F37+H37 -> 35694015 | J37: 2920 | K37: 3175701.5 | L37: 500 | M37: 815676.75 | N37: =K37+M37 -> 3991378.2 | O37: =I37+N37 -> 39685393 | P37: =E37+G37+J37+L37 -> 34420 | Q37: =R37+T37 -> 745 | R37: 220 | S37: 3953439.6 | T37: 525 | U37: 2479863.8 | V37: =S37+U37 -> 6433303.3 | W37: 123.861 | AB37: 0 | AC37: =W37+X37+Y37+Z37+AA37+AB37 -> 123.861 | AD37: 1257560.7 | AF37: 659.58 | AG37: 0 | AH37: =AF37+AG37 -> 659.58 | AI37: 6035157
C43: =SUM(C7:C37) -> 1715 | D43: =SUM(D7:D37) -> 15089 | E43: =SUM(E7:E37) -> 587160 | F43: =SUM(F7:F37) -> 6.3857701e+08 | G43: =SUM(G7:G37) -> 122480 | H43: =SUM(H7:H37) -> 1.9980818e+08 | I43: =SUM(I7:I37) -> 8.3838519e+08 | J43: =SUM(J7:J37) -> 68680 | ... U43: =SUM(U7:U37) -> 66909086 | V43: =SUM(V8:V38) -> 1.758236e+08 | W43: =SUM(W7:W37) -> 3677.1209 | X43: =SUM(X7:X37) -> 1250 | Y43: =SUM(Y7:Y37) -> 2400 | Z43: =SUM(Z7:Z37) -> 250 | AA43: =SUM(AA7:AA37) -> 0 | AB43: =SUM(AB7:AB37) -> 336 | AC43: =SUM(AC7:AC37) -> 7913.1209 | AD43: =SUM(AD7:AD37) -> 84802809 | AE43: =SUM(AE8:AE39) -> 0 | AF43: =SUM(AF7:AF37) -> 9118.1 | AG43: =SUM(AG7:AG37) -> 1503.6 | AH43: =SUM(AH7:AH37) -> 10621.7 | AI43: =SUM(AI7:AI37) -> 97188555
P45: =O43/P43 -> 1182.6085 | V45: =V43/Q43 -> 8489.3822 | AD45: =AD43/AC43 -> 10716.734 | AI45: =AI43/AH43 -> 9150
