Workbook

Sheet Bali Jimbaran_HEP_Daily (Total)
A1: Site Name | B1: Day | C1: Month | D1: Year | E1: Total Electricity Kwh | F1: Electricity Tariff ($/Kwh) | G1: LPG (Kg) | H1: LPG $/Kg | I1: Total Fuel Oil (Liter) | J1: Fuel Oil $/Liter | K1: Water Utility Supply (m3) m3 | L1: Water Utility Supply (m3) $/m3 | M1: Room Nights | N1: Food Covers
A2: Bali Jimbaran | B2: 1 | C2: 1 | D2: 2017 | E2: ='Localize Daily Bali Jimbaran'!P7 -> 13980 | F2: ='Localize Daily Bali Jimbaran'!O7 -> 17629493 | G2: ='Localize Daily Bali Jimbaran'!AC7 -> 347.43732 | H2: ='Localize Daily Bali Jimbaran'!AD7 -> 4340281.1 | I2: ='Localize Daily Bali Jimbaran'!AH7 -> 1573.2 | J2: ='Localize Daily Bali Jimbaran'!AI7 -> 13686840 | K2: ='Localize Daily Bali Jimbaran'!Q7 -> 678.3 | L2: ='Localize Daily Bali Jimbaran'!V7 -> 5825866.2 | M2: ='Localize Daily Bali Jimbaran'!C7 -> 98 | N2: ='Localize Daily Bali Jimbaran'!D7 -> 820
A3: Bali Jimbaran | B3: 2 | C3: 1 | D3: 2017 | E3: ='Localize Daily Bali Jimbaran'!P8 -> 24400 | F3: ='Localize Daily Bali Jimbaran'!O8 -> 29027217 | G3: ='Localize Daily Bali Jimbaran'!AC8 -> 511.2902 | H3: ='Localize Daily Bali Jimbaran'!AD8 -> 5615593.4 | I3: ='Localize Daily Bali Jimbaran'!AH8 -> 116.7 | J3: ='Localize Daily Bali Jimbaran'!AI8 -> 1015290 | K3: ='Localize Daily Bali Jimbaran'!Q8 -> 438 | L3: ='Localize Daily Bali Jimbaran'!V8 -> 5220118.8 | M3: ='Localize Daily Bali Jimbaran'!C8 -> 85 | N3: ='Localize Daily Bali Jimbaran'!D8 -> 762
A4: Bali Jimbaran | B4: 3 | C4: 1 | D4: 2017 | E4: ='Localize Daily Bali Jimbaran'!P9 -> 24940 | F4: ='Localize Daily Bali Jimbaran'!O9 -> 29603628 | G4: ='Localize Daily Bali Jimbaran'!AC9 -> 106.81912 | H4: ='Localize Daily Bali Jimbaran'!AD9 -> 1102198.5 | I4: ='Localize Daily Bali Jimbaran'!AH9 -> 0 | J4: ='Localize Daily Bali Jimbaran'!AI9 -> 0 | K4: ='Localize Daily Bali Jimbaran'!Q9 -> 502 | L4: ='Localize Daily Bali Jimbaran'!V9 -> 5044800.3 | M4: ='Localize Daily Bali Jimbaran'!C9 -> 71 | N4: ='Localize Daily Bali Jimbaran'!D9 -> 645
A5: Bali Jimbaran | B5: 4 | C5: 1 | D5: 2017 | E5: ='Localize Daily Bali Jimbaran'!P10 -> 25420 | F5: ='Localize Daily Bali Jimbaran'!O10 -> 30103910 | G5: ='Localize Daily Bali Jimbaran'!AC10 -> 0 | H5: ='Localize Daily Bali Jimbaran'!AD10 -> 0 | I5: ='Localize Daily Bali Jimbaran'!AH10 -> 4.8 | J5: ='Localize Daily Bali Jimbaran'!AI10 -> 41760 | K5: ='Localize Daily Bali Jimbaran'!Q10 -> 352.4 | L5: ='Localize Daily Bali Jimbaran'!V10 -> 3850559.9 | M5: ='Localize Daily Bali Jimbaran'!C10 -> 65 | N5: ='Localize Daily Bali Jimbaran'!D10 -> 703
A6: Bali Jimbaran | B6: 5 | C6: 1 | D6: 2017 | E6: ='Localize Daily Bali Jimbaran'!P11 -> 24480 | F6: ='Localize Daily Bali Jimbaran'!O11 -> 28940211 | G6: ='Localize Daily Bali Jimbaran'!AC11 -> 150.3112 | H6: ='Localize Daily Bali Jimbaran'!AD11 -> 1596765.6 | I6: ='Localize Daily Bali Jimbaran'!AH11 -> 5.6 | J6: ='Localize Daily Bali Jimbaran'!AI11 -> 48720 | K6: ='Localize Daily Bali Jimbaran'!Q11 -> 406 | L6: ='Localize Daily Bali Jimbaran'!V11 -> 4564745.2 | M6: ='Localize Daily Bali Jimbaran'!C11 -> 58 | N6: ='Localize Daily Bali Jimbaran'!D11 -> 549
A7: Bali Jimbaran | B7: 6 | C7: 1 | D7: 2017 | E7: ='Localize Daily Bali Jimbaran'!P12 -> 23820 | F7: ='Localize Daily Bali Jimbaran'!O12 -> 28374675 | G7: ='Localize Daily Bali Jimbaran'!AC12 -> 60.70196 | H7: ='Localize Daily Bali Jimbaran'!AD12 -> 616307 | I7: ='Localize Daily Bali Jimbaran'!AH12 -> 14.1 | J7: ='Localize Daily Bali Jimbaran'!AI12 -> 122670 | K7: ='Localize Daily Bali Jimbaran'!Q12 -> 394.1 | L7: ='Localize Daily Bali Jimbaran'!V12 -> 4429889.1 | M7: ='Localize Daily Bali Jimbaran'!C12 -> 48 | N7: ='Localize Daily Bali Jimbaran'!D12 -> 646
A8: Bali Jimbaran | B8: 7 | C8: 1 | D8: 2017 | E8: ='Localize Daily Bali Jimbaran'!P13 -> 21460 | F8: ='Localize Daily Bali Jimbaran'!O13 -> 25068465 | G8: ='Localize Daily Bali Jimbaran'!AC13 -> 300.1486 | H8: ='Localize Daily Bali Jimbaran'!AD13 -> 3301658.7 | I8: ='Localize Daily Bali Jimbaran'!AH13 -> 44.1 | J8: ='Localize Daily Bali Jimbaran'!AI13 -> 383670 | K8: ='Localize Daily Bali Jimbaran'!Q13 -> 356 | L8: ='Localize Daily Bali Jimbaran'!V13 -> 3907219.8 | M8: ='Localize Daily Bali Jimbaran'!C13 -> 45 | N8: ='Localize Daily Bali Jimbaran'!D13 -> 547
A9: Bali Jimbaran | B9: 8 | C9: 1 | D9: 2017 | E9: ='Localize Daily Bali Jimbaran'!P14 -> 21700 | F9: ='Localize Daily Bali Jimbaran'!O14 -> 25688380 | G9: ='Localize Daily Bali Jimbaran'!AC14 -> 475.36044 | H9: ='Localize Daily Bali Jimbaran'!AD14 -> 5809298.5 | I9: ='Localize Daily Bali Jimbaran'!AH14 -> 126.7 | J9: ='Localize Daily Bali Jimbaran'!AI14 -> 1102290 | K9: ='Localize Daily Bali Jimbaran'!Q14 -> 393 | L9: ='Localize Daily Bali Jimbaran'!V14 -> 4411460.7 | M9: ='Localize Daily Bali Jimbaran'!C14 -> 35 | N9: ='Localize Daily Bali Jimbaran'!D14 -> 374
A10: Bali Jimbaran | B10: 9 | C10: 1 | D10: 2017 | E10: ='Localize Daily Bali Jimbaran'!P15 -> 22280 | F10: ='Localize Daily Bali Jimbaran'!O15 -> 26406175 | G10: ='Localize Daily Bali Jimbaran'!AC15 -> 79.83152 | H10: ='Localize Daily Bali Jimbaran'!AD15 -> 828193.42 | I10: ='Localize Daily Bali Jimbaran'!AH15 -> 12.1 | J10: ='Localize Daily Bali Jimbaran'!AI15 -> 105270 | K10: ='Localize Daily Bali Jimbaran'!Q15 -> 407 | L10: ='Localize Daily Bali Jimbaran'!V15 -> 4743371.1 | M10: ='Localize Daily Bali Jimbaran'!C15 -> 34 | N10: ='Localize Daily Bali Jimbaran'!D15 -> 383
A11: Bali Jimbaran | B11: 10 | C11: 1 | D11: 2017 | E11: ='Localize Daily Bali Jimbaran'!P16 -> 21060 | F11: ='Localize Daily Bali Jimbaran'!O16 -> 24905330 | G11: ='Localize Daily Bali Jimbaran'!AC16 -> 76.89108 | H11: ='Localize Daily Bali Jimbaran'!AD16 -> 798339.14 | I11: ='Localize Daily Bali Jimbaran'!AH16 -> 0.9 | J11: ='Localize Daily Bali Jimbaran'!AI16 -> 7830 | K11: ='Localize Daily Bali Jimbaran'!Q16 -> 382 | L11: ='Localize Daily Bali Jimbaran'!V16 -> 4334280.5 | M11: ='Localize Daily Bali Jimbaran'!C16 -> 35 | N11: ='Localize Daily Bali Jimbaran'!D16 -> 388
A12: Bali Jimbaran | B12: 11 | C12: 1 | D12: 2017 | E12: ='Localize Daily Bali Jimbaran'!P17 -> 21300 | F12: ='Localize Daily Bali Jimbaran'!O17 -> 25188098 | G12: ='Localize Daily Bali Jimbaran'!AC17 -> 69.483 | H12: ='Localize Daily Bali Jimbaran'!AD17 -> 705460.9 | I12: ='Localize Daily Bali Jimbaran'!AH17 -> 189 | J12: ='Localize Daily Bali Jimbaran'!AI17 -> 1644300 | K12: ='Localize Daily Bali Jimbaran'!Q17 -> 498.3 | L12: ='Localize Daily Bali Jimbaran'!V17 -> 4492327 | M12: ='Localize Daily Bali Jimbaran'!C17 -> 32 | N12: ='Localize Daily Bali Jimbaran'!D17 -> 341
A13: Bali Jimbaran | B13: 12 | C13: 1 | D13: 2017 | E13: ='Localize Daily Bali Jimbaran'!P18 -> 20660 | F13: ='Localize Daily Bali Jimbaran'!O18 -> 24437675 | G13: ='Localize Daily Bali Jimbaran'!AC18 -> 63.39728 | H13: ='Localize Daily Bali Jimbaran'!AD18 -> 661336.58 | I13: ='Localize Daily Bali Jimbaran'!AH18 -> 251.5 | J13: ='Localize Daily Bali Jimbaran'!AI18 -> 2188050 | K13: ='Localize Daily Bali Jimbaran'!Q18 -> 525 | L13: ='Localize Daily Bali Jimbaran'!V18 -> 4761939.5 | M13: ='Localize Daily Bali Jimbaran'!C18 -> 28 | N13: ='Localize Daily Bali Jimbaran'!D18 -> 307
... A32: Bali Jimbaran | B32: 31 | C32: 1 | D32: 2017 | E32: ='Localize Daily Bali Jimbaran'!P37 -> 28880 | F32: ='Localize Daily Bali Jimbaran'!O37 -> 33225233 | G32: ='Localize Daily Bali Jimbaran'!AC37 -> 727.65984 | H32: ='Localize Daily Bali Jimbaran'!AD37 -> 8048980.4 | I32: ='Localize Daily Bali Jimbaran'!AH37 -> 544.5 | J32: ='Localize Daily Bali Jimbaran'!AI37 -> 4737150 | K32: ='Localize Daily Bali Jimbaran'!Q37 -> 395 | L32: ='Localize Daily Bali Jimbaran'!V37 -> 4447401.1 | M32: ='Localize Daily Bali Jimbaran'!C37 -> 18 | N32: ='Localize Daily Bali Jimbaran'!D37 -> 180

Sheet Localize Daily Bali Jimbaran
B2: Four Seasons Resort Bali at Jimbaran Bay
B3: JANUARY 2021
B4: Date | C4: Room Nights | D4: Food Covers | E4: ELECTRICITY Resort & Sundara | Q4: WATER | W4: GAS
E5: Electricity Resort | J5: Electricity - Sundara | O5: Sub Total (Resort & Sundara) Cost (IDR) | P5: Sub Total (Resort & Sundara), KWh | R5: Water (m3) | T5: Water (m3) | V5: Total Water Cost | W5: LPG | AE5: Diesel
E6: BASED LOAD KWh (from 10 pm - 6 pm) | F6: Cost (IDR) | G6: PEAK LOAD KWh (from 6 pm - 10 pm) | H6: Cost (IDR) | I6: Resort Cost (IDR) | J6: BASED LOAD KWh (from 10 pm - 6 pm) | K6: Cost (IDR) | L6: PEAK LOAD KWh (from 6 pm - 10 pm) | M6: Cost (IDR) | N6: Sundara Cost (IDR) | Q6: Water consumption (m3) | R6: Municipal Water (m3) | S6: Municipal Water cost (IDR) | T6: Deepwell Consumption (m3) | U6: Deepwell water Cost (IDR) | V6: IDR | W6: LPG Bulk (m3) | X6: 50 Kg IVD & TW (tube) | Y6: Sundara 50 kg (tube) | Z6: Jala 50 kg (tube) | AA6: Canteen and Comissary 50Kg (tube) | AB6: 12 Kg (tube) | AC6: Total kg | AD6: IDR | AE6: Gasoline | AF6: Steam (liters) | AG6: Onsite Generators (liters) | AH6: Total liters | AI6: IDR
B7: 1 | C7: 98 | D7: 820 | E7: 8520 | F7: 9266087.9 | G7: 4040 | H7: 6590668.1 | I7: =F7+H7 -> 15856756 | J7: 1000 | K7: 1087569 | L7: 420 | M7: 685168.47 | N7: =K7+M7 -> 1772737.5 | O7: =I7+N7 -> 17629493 | P7: =E7+G7+J7+L7 -> 13980 | Q7: =R7+T7 -> 678.3 | R7: 203 | S7: 3647946.5 | T7: 475.3 | U7: 2177919.7 | V7: =S7+U7 -> 5825866.2 | W7: 97.43732 | X7: 250 | Y7: 0 | AB7: 0 | AC7: =W7+X7+Y7+Z7+AA7+AB7 -> 347.43732 | AD7: 4340281.1 | AF7: 60.7 | AG7: 1512.5 | AH7: =AF7+AG7 -> 1573.2 | AI7: 13686840
B8: 2 | C8: 85 | D8: 762 | E8: 17880 | F8: 19445734 | G8: 4120 | H8: 6721176.4 | I8: =F8+H8 -> 26166910 | J8: 1940 | K8: 2109883.9 | L8: 460 | M8: 750422.61 | N8: =K8+M8 -> 2860306.5 | O8: =I8+N8 -> 29027217 | P8: =E8+G8+J8+L8 -> 24400 | Q8: =R8+T8 -> 438 | R8: 240 | S8: 4312843.2 | T8: 198 | U8: 907275.6 | V8: =S8+U8 -> 5220118.8 | W8: 99.2902 | Y8: 400 | AB8: 12 | AC8: =W8+X8+Y8+Z8+AA8+AB8 -> 511.2902 | AD8: 5615593.4 | AF8: 13.6 | AG8: 103.1 | AH8: =AF8+AG8 -> 116.7 | AI8: 1015290
B9: 3 | C9: 71 | D9: 645 | E9: 18360 | F9: 19967767 | G9: 4080 | H9: 6655922.3 | I9: =F9+H9 -> 26623689 | J9: 2020 | K9: 2196889.4 | L9: 480 | M9: 783049.68 | N9: =K9+M9 -> 2979939.1 | O9: =I9+N9 -> 29603628 | P9: =E9+G9+J9+L9 -> 24940 | Q9: =R9+T9 -> 502 | R9: 205 | S9: 3683886.9 | T9: 297 | U9: 1360913.4 | V9: =S9+U9 -> 5044800.3 | W9: 94.81912 | Y9: 0 | AB9: 12 | AC9: =W9+X9+Y9+Z9+AA9+AB9 -> 106.81912 | AD9: 1102198.5 | AF9: 0 | AG9: 0 | AH9: =AF9+AG9 -> 0 | AI9: 0
B10: 4 | C10: 65 | D10: 703 | E10: 19120 | F10: 20794319 | G10: 4080 | H10: 6655922.3 | I10: =F10+H10 -> 27450242 | J10: 1780 | K10: 1935872.8 | L10: 440 | M10: 717795.54 | N10: =K10+M10 -> 2653668.4 | O10: =I10+N10 -> 30103910 | P10: =E10+G10+J10+L10 -> 25420 | Q10: =R10+T10 -> 352.4 | R10: 167 | S10: 3001020.1 | T10: 185.4 | U10: 849539.88 | V10: =S10+U10 -> 3850559.9 | W10: 0 | Y10: 0 | AB10: 0 | AC10: =W10+X10+Y10+Z10+AA10+AB10 -> 0 | AD10: 0 | AF10: 4.8 | AG10: 0 | AH10: =AF10+AG10 -> 4.8 | AI10: 41760
B11: 5 | C11: 58 | D11: 549 | E11: 18200 | F11: 19793756 | G11: 3800 | H11: 6199143.3 | I11: =F11+H11 -> 25992899 | J11: 2020 | K11: 2196889.4 | L11: 460 | M11: 750422.61 | N11: =K11+M11 -> 2947312 | O11: =I11+N11 -> 28940211 | P11: =E11+G11+J11+L11 -> 24480 | Q11: =R11+T11 -> 406 | R11: 202 | S11: 3629976.4 | T11: 204 | U11: 934768.8 | V11: =S11+U11 -> 4564745.2 | W11: 102.3112 | Y11: 0 | AB11: 48 | AC11: =W11+X11+Y11+Z11+AA11+AB11 -> 150.3112 | AD11: 1596765.6 | AF11: 5.6 | AG11: 0 | AH11: =AF11+AG11 -> 5.6 | AI11: 48720
B12: 6 | C12: 48 | D12: 646 | E12: 17280 | F12: 18793192 | G12: 4040 | H12: 6590668.1 | I12: =F12+H12 -> 25383860 | J12: 2000 | K12: 2175138 | L12: 500 | M12: 815676.75 | N12: =K12+M12 -> 2990814.8 | O12: =I12+N12 -> 28374675 | P12: =E12+G12+J12+L12 -> 23820 | Q12: =R12+T12 -> 394.1 | R12: 196 | S12: 3522155.3 | T12: 198.1 | U12: 907733.82 | V12: =S12+U12 -> 4429889.1 | W12: 60.70196 | Y12: 0 | AB12: 0 | AC12: =W12+X12+Y12+Z12+AA12+AB12 -> 60.70196 | AD12: 616307 | AF12: 14.1 | AG12: 0 | AH12: =AF12+AG12 -> 14.1 | AI12: 122670
B13: 7 | C13: 45 | D13: 547 | E13: 16200 | F13: 17618618 | G13: 2720 | H13: 4437281.5 | I13: =F13+H13 -> 22055899 | J13: 2080 | K13: 2262143.5 | L13: 460 | M13: 750422.61 | N13: =K13+M13 -> 3012566.1 | O13: =I13+N13 -> 25068465 | P13: =E13+G13+J13+L13 -> 21460 | Q13: =R13+T13 -> 356 | R13: 170 | S13: 3054930.6 | T13: 186 | U13: 852289.2 | V13: =S13+U13 -> 3907219.8 | W13: 50.1486 | X13: 250 | Y13: 0 | AB13: 0 | AC13: =W13+X13+Y13+Z13+AA13+AB13 -> 300.1486 | AD13: 3301658.7 | AF13: 44.1 | AG13: 0 | AH13: =AF13+AG13 -> 44.1 | AI13: 383670
B14: 8 | C14: 35 | D14: 374 | E14: 15960 | F14: 17357601 | G14: 3400 | H14: 5546601.9 | I14: =F14+H14 -> 22904203 | J14: 1900 | K14: 2066381.1 | L14: 440 | M14: 717795.54 | N14: =K14+M14 -> 2784176.6 | O14: =I14+N14 -> 25688380 | P14: =E14+G14+J14+L14 -> 21700 | Q14: =R14+T14 -> 393 | R14: 195 | S14: 3504185.1 | T14: 198 | U14: 907275.6 | V14: =S14+U14 -> 4411460.7 | W14: 63.36044 | Y14: 400 | AB14: 12 | AC14: =W14+X14+Y14+Z14+AA14+AB14 -> 475.36044 | AD14: 5809298.5 | AF14: 126.7 | AG14: 0 | AH14: =AF14+AG14 -> 126.7 | AI14: 1102290
B15: 9 | C15: 34 | D15: 383 | E15: 16480 | F15: 17923137 | G15: 3560 | H15: 5807618.5 | I15: =F15+H15 -> 23730756 | J15: 1800 | K15: 1957624.2 | L15: 440 | M15: 717795.54 | N15: =K15+M15 -> 2675419.7 | O15: =I15+N15 -> 26406175 | P15: =E15+G15+J15+L15 -> 22280 | Q15: =R15+T15 -> 407 | R15: 215 | S15: 3863588.7 | T15: 192 | U15: 879782.4 | V15: =S15+U15 -> 4743371.1 | W15: 67.83152 | AB15: 12 | AC15: =W15+X15+Y15+Z15+AA15+AB15 -> 79.83152 | AD15: 828193.42 | AF15: 12.1 | AG15: 0 | AH15: =AF15+AG15 -> 12.1 | AI15: 105270
B16: 10 | C16: 35 | D16: 388 | E16: 15560 | F16: 16922574 | G16: 3240 | H16: 5285585.3 | I16: =F16+H16 -> 22208159 | J16: 1820 | K16: 1979375.6 | L16: 440 | M16: 717795.54 | N16: =K16+M16 -> 2697171.1 | O16: =I16+N16 -> 24905330 | P16: =E16+G16+J16+L16 -> 21060 | Q16: =R16+T16 -> 382 | R16: 193 | S16: 3468244.7 | T16: 189 | U16: 866035.8 | V16: =S16+U16 -> 4334280.5 | W16: 64.89108 | Y16: 0 | AB16: 12 | AC16: =W16+X16+Y16+Z16+AA16+AB16 -> 76.89108 | AD16: 798339.14 | AF16: 0.9 | AG16: 0 | AH16: =AF16+AG16 -> 0.9 | AI16: 7830
B17: 11 | C17: 32 | D17: 341 | E17: 15680 | F17: 17053082 | G17: 3280 | H17: 5350839.5 | I17: =F17+H17 -> 22403921 | J17: 1900 | K17: 2066381.1 | L17: 440 | M17: 717795.54 | N17: =K17+M17 -> 2784176.6 | O17: =I17+N17 -> 25188098 | P17: =E17+G17+J17+L17 -> 21300 | Q17: =R17+T17 -> 498.3 | R17: 165 | S17: 2965079.7 | T17: 333.3 | U17: 1527247.3 | V17: =S17+U17 -> 4492327 | W17: 69.483 | Y17: 0 | AB17: 0 | AC17: =W17+X17+Y17+Z17+AA17+AB17 -> 69.483 | AD17: 705460.9 | AF17: 189 | AG17: 0 | AH17: =AF17+AG17 -> 189 | AI17: 1644300
B18: 12 | C18: 28 | D18: 307 | E18: 15480 | F18: 16835568 | G18: 3200 | H18: 5220331.2 | I18: =F18+H18 -> 22055899 | J18: 1560 | K18: 1696607.6 | L18: 420 | M18: 685168.47 | N18: =K18+M18 -> 2381776.1 | O18: =I18+N18 -> 24437675 | P18: =E18+G18+J18+L18 -> 20660 | Q18: =R18+T18 -> 525 | R18: 176 | S18: 3162751.7 | T18: 349 | U18: 1599187.8 | V18: =S18+U18 -> 4761939.5 | W18: 51.39728 | Y18: 0 | AB18: 12 | AC18: =W18+X18+Y18+Z18+AA18+AB18 -> 63.39728 | AD18: 661336.58 | AF18: 251.5 | AG18: 0 | AH18: =AF18+AG18 -> 251.5 | AI18: 2188050
B19: 13 | C19: 30 | D19: 313 | E19: 15120 | F19: 16444043 | G19: 3440 | H19: 5611856 | I19: =F19+H19 -> 22055899 | J19: 1800 | K19: 1957624.2 | L19: 440 | M19: 717795.54 | N19: =K19+M19 -> 2675419.7 | O19: =I19+N19 -> 24731319 | P19: =E19+G19+J19+L19 -> 20800 | Q19: =R19+T19 -> 554 | R19: 192 | S19: 3450274.6 | T19: 362 | U19: 1658756.4 | V19: =S19+U19 -> 5109031 | W19: 60.17832 | X19: 250 | Y19: 0 | AB19: 24 | AC19: =W19+X19+Y19+Z19+AA19+AB19 -> 334.17832 | AD19: 3682490.5 | AF19: 71.1 | AG19: 0 | AH19: =AF19+AG19 -> 71.1 | AI19: 618570
B20: 14 | C20: 49 | D20: 386 | E20: 16320 | F20: 17749126 | G20: 3400 | H20: 5546601.9 | I20: =F20+H20 -> 23295728 | J20: 1880 | K20: 2044629.7 | L20: 420 | M20: 685168.47 | N20: =K20+M20 -> 2729798.2 | O20: =I20+N20 -> 26025526 | P20: =E20+G20+J20+L20 -> 22020 | Q20: =R20+T20 -> 525.9 | R20: 168 | S20: 3018990.2 | T20: 357.9 | U20: 1639969.4 | V20: =S20+U20 -> 4658959.6 | W20: 61.58812 | Y20: 400 | AB20: 0 | AC20: =W20+X20+Y20+Z20+AA20+AB20 -> 461.58812 | AD20: 5651804.2 | AF20: 95.8 | AG20: 0 | AH20: =AF20+AG20 -> 95.8 | AI20: 833460
B21: 15 | C21: 49 | D21: 401 | E21: 16800 | F21: 18271159 | G21: 3560 | H21: 5807618.5 | I21: =F21+H21 -> 24078778 | J21: 1760 | K21: 1914121.4 | L21: 420 | M21: 685168.47 | N21: =K21+M21 -> 2599289.9 | O21: =I21+N21 -> 26678068 | P21: =E21+G21+J21+L21 -> 22540 | Q21: =R21+T21 -> 555.4 | R21: 189 | S21: 3396364 | T21: 366.4 | U21: 1678918.1 | V21: =S21+U21 -> 5075282.1 | W21: 105.81556 | AB21: 12 | AC21: =W21+X21+Y21+Z21+AA21+AB21 -> 117.81556 | AD21: 1213845.4 | AF21: 337.1 | AG21: 0 | AH21: =AF21+AG21 -> 337.1 | AI21: 2932770
B22: 16 | C22: 48 | D22: 313 | E22: 16120 | F22: 17531612 | G22: 3440 | H22: 5611856 | I22: =F22+H22 -> 23143468 | J22: 1880 | K22: 2044629.7 | L22: 420 | M22: 685168.47 | N22: =K22+M22 -> 2729798.2 | O22: =I22+N22 -> 25873267 | P22: =E22+G22+J22+L22 -> 21860 | Q22: =R22+T22 -> 558.6 | R22: 191 | S22: 3432304.4 | T22: 367.6 | U22: 1684416.7 | V22: =S22+U22 -> 5116721.1 | W22: 90.79112 | Y22: 0 | AB22: 0 | AC22: =W22+X22+Y22+Z22+AA22+AB22 -> 90.79112 | AD22: 921802.24 | AF22: 250.5 | AG22: 0 | AH22: =AF22+AG22 -> 250.5 | AI22: 2179350
B23: 17 | C23: 51 | D23: 344 | E23: 16000 | F23: 17401104 | G23: 3320 | H23: 5416093.6 | I23: =F23+H23 -> 22817198 | J23: 1800 | K23: 1957624.2 | L23: 420 | M23: 685168.47 | N23: =K23+M23 -> 2642792.7 | O23: =I23+N23 -> 25459990 | P23: =E23+G23+J23+L23 -> 21540 | Q23: =R23+T23 -> 544 | R23: 176 | S23: 3162751.7 | T23: 368 | U23: 1686249.6 | V23: =S23+U23 -> 4849001.3 | W23: 70.85252 | Y23: 0 | AB23: 0 | AC23: =W23+X23+Y23+Z23+AA23+AB23 -> 70.85252 | AD23: 719365.64 | AF23: 408.3 | AG23: 0 | AH23: =AF23+AG23 -> 408.3 | AI23: 3552210
B24: 18 | C24: 31 | D24: 344 | E24: 16960 | F24: 18445170 | G24: 3440 | H24: 5611856 | I24: =F24+H24 -> 24057026 | J24: 1640 | K24: 1783613.2 | L24: 440 | M24: 717795.54 | N24: =K24+M24 -> 2501408.7 | O24: =I24+N24 -> 26558435 | P24: =E24+G24+J24+L24 -> 22480 | Q24: =R24+T24 -> 486.9 | R24: 134 | S24: 2408004.1 | T24: 352.9 | U24: 1617058.4 | V24: =S24+U24 -> 4025062.5 | W24: 80.80168 | Y24: 0 | AB24: 0 | AC24: =W24+X24+Y24+Z24+AA24+AB24 -> 80.80168 | AD24: 820379.46 | AF24: 42.4 | AG24: 0 | AH24: =AF24+AG24 -> 42.4 | AI24: 368880
B25: 19 | C25: 16 | D25: 176 | E25: 15160 | F25: 16487546 | G25: 3240 | H25: 5285585.3 | I25: =F25+H25 -> 21773131 | J25: 1840 | K25: 2001127 | L25: 440 | M25: 717795.54 | N25: =K25+M25 -> 2718922.5 | O25: =I25+N25 -> 24492054 | P25: =E25+G25+J25+L25 -> 20680 | Q25: =R25+T25 -> 353.5 | R25: 172 | S25: 3090871 | T25: 181.5 | U25: 831669.3 | V25: =S25+U25 -> 3922540.3 | W25: 70.49 | X25: 250 | Y25: 0 | AB25: 0 | AC25: =W25+X25+Y25+Z25+AA25+AB25 -> 320.49 | AD25: 3508185 | AF25: 46.2 | AG25: 0 | AH25: =AF25+AG25 -> 46.2 | AI25: 401940
B26: 20 | C26: 11 | D26: 161 | E26: 14520 | F26: 15791502 | G26: 2880 | H26: 4698298.1 | I26: =F26+H26 -> 20489800 | J26: 1720 | K26: 1870618.7 | L26: 400 | M26: 652541.4 | N26: =K26+M26 -> 2523160.1 | O26: =I26+N26 -> 23012960 | P26: =E26+G26+J26+L26 -> 19520 | Q26: =R26+T26 -> 527 | R26: 161 | S26: 2893199 | T26: 366 | U26: 1677085.2 | V26: =S26+U26 -> 4570284.2 | W26: 74.518 | Y26: 400 | AB26: 24 | AC26: =W26+X26+Y26+Z26+AA26+AB26 -> 498.518 | AD26: 6062081.3 | AF26: 118.5 | AG26: 0 | AH26: =AF26+AG26 -> 118.5 | AI26: 1030950
B27: 21 | C27: 12 | D27: 222 | E27: 13560 | F27: 14747436 | G27: 2680 | H27: 4372027.4 | I27: =F27+H27 -> 19119463 | J27: 1320 | K27: 1435591.1 | L27: 360 | M27: 587287.26 | N27: =K27+M27 -> 2022878.3 | O27: =I27+N27 -> 21142341 | P27: =E27+G27+J27+L27 -> 17920 | Q27: =R27+T27 -> 395.5 | R27: 33 | S27: 593015.94 | T27: 362.5 | U27: 1661047.5 | V27: =S27+U27 -> 2254063.4 | W27: 71.57756 | Y27: 0 | AB27: 12 | AC27: =W27+X27+Y27+Z27+AA27+AB27 -> 83.57756 | AD27: 866226.97 | AF27: 129.5 | AG27: 0 | AH27: =AF27+AG27 -> 129.5 | AI27: 1126650
B28: 22 | C28: 19 | D28: 224 | E28: 13560 | F28: 14747436 | G28: 2920 | H28: 4763552.2 | I28: =F28+H28 -> 19510988 | J28: 2060 | K28: 2240392.1 | L28: 400 | M28: 652541.4 | N28: =K28+M28 -> 2892933.5 | O28: =I28+N28 -> 22403921 | P28: =E28+G28+J28+L28 -> 18940 | Q28: =R28+T28 -> 481 | R28: 115 | S28: 2066570.7 | T28: 366 | U28: 1677085.2 | V28: =S28+U28 -> 3743655.9 | W28: 74.3166 | Y28: 0 | AB28: 0 | AC28: =W28+X28+Y28+Z28+AA28+AB28 -> 74.3166 | AD28: 754536.44 | AF28: 108.7 | AG28: 0 | AH28: =AF28+AG28 -> 108.7 | AI28: 945690
B29: 23 | C29: 18 | D29: 178 | E29: 13200 | F29: 14355911 | G29: 2840 | H29: 4633043.9 | I29: =F29+H29 -> 18988955 | J29: 1540 | K29: 1674856.3 | L29: 380 | M29: 619914.33 | N29: =K29+M29 -> 2294770.6 | O29: =I29+N29 -> 21283725 | P29: =E29+G29+J29+L29 -> 17960 | Q29: =R29+T29 -> 489 | R29: 126 | S29: 2264242.7 | T29: 363 | U29: 1663338.6 | V29: =S29+U29 -> 3927581.3 | W29: 74.518 | Y29: 0 | AB29: 24 | AC29: =W29+X29+Y29+Z29+AA29+AB29 -> 98.518 | AD29: 1035581.3 | AF29: 826.2 | AG29: 50 | AH29: =AF29+AG29 -> 876.2 | AI29: 7622940
B30: 24 | C30: 19 | D30: 173 | E30: 14360 | F30: 15617491 | G30: 2840 | H30: 4633043.9 | I30: =F30+H30 -> 20250535 | J30: 1440 | K30: 1566099.4 | L30: 360 | M30: 587287.26 | N30: =K30+M30 -> 2153386.6 | O30: =I30+N30 -> 22403921 | P30: =E30+G30+J30+L30 -> 19000 | Q30: =R30+T30 -> 358 | R30: 0 | S30: 0 | T30: 358 | U30: 1640427.6 | V30: =S30+U30 -> 1640427.6 | W30: 61.70896 | Y30: 0 | AB30: 0 | AC30: =W30+X30+Y30+Z30+AA30+AB30 -> 61.70896 | AD30: 626531.07 | AF30: 711.4 | AG30: 19.7 | AH30: =AF30+AG30 -> 731.1 | AI30: 6360570
B31: 25 | C31: 24 | D31: 186 | E31: 13480 | F31: 14660430 | G31: 2680 | H31: 4372027.4 | I31: =F31+H31 -> 19032458 | J31: 1460 | K31: 1587850.7 | L31: 360 | M31: 587287.26 | N31: =K31+M31 -> 2175138 | O31: =I31+N31 -> 21207596 | P31: =E31+G31+J31+L31 -> 17980 | Q31: =R31+T31 -> 364 | R31: 0 | S31: 0 | T31: 364 | U31: 1667920.8 | V31: =S31+U31 -> 1667920.8 | W31: 75.56528 | X31: 250 | Y31: 0 | AB31: 0 | AC31: =W31+X31+Y31+Z31+AA31+AB31 -> 325.56528 | AD31: 3559714.3 | AF31: 538.1 | AG31: 0 | AH31: =AF31+AG31 -> 538.1 | AI31: 4681470
B32: 26 | C32: 19 | D32: 299 | E32: 13440 | F32: 14616927 | G32: 2920 | H32: 4763552.2 | I32: =F32+H32 -> 19380480 | J32: 1620 | K32: 1761861.8 | L32: 380 | M32: 619914.33 | N32: =K32+M32 -> 2381776.1 | O32: =I32+N32 -> 21762256 | P32: =E32+G32+J32+L32 -> 18360 | Q32: =R32+T32 -> 225.8 | R32: 0 | S32: 0 | T32: 225.8 | U32: 1034660.8 | V32: =S32+U32 -> 1034660.8 | W32: 74.03464 | Y32: 400 | AB32: 12 | AC32: =W32+X32+Y32+Z32+AA32+AB32 -> 486.03464 | AD32: 5917673.7 | AF32: 554.8 | AG32: 0 | AH32: =AF32+AG32 -> 554.8 | AI32: 4826760
B33: 27 | C33: 13 | D33: 229 | E33: 13320 | F33: 14486419 | G33: 2560 | H33: 4176265 | I33: =F33+H33 -> 18662684 | J33: 1700 | K33: 1848867.3 | L33: 420 | M33: 685168.47 | N33: =K33+M33 -> 2534035.8 | O33: =I33+N33 -> 21196720 | P33: =E33+G33+J33+L33 -> 18000 | Q33: =R33+T33 -> 223 | R33: 37 | S33: 664896.66 | T33: 186 | U33: 852289.2 | V33: =S33+U33 -> 1517185.9 | W33: 63.6424 | Y33: 0 | AB33: 24 | AC33: =W33+X33+Y33+Z33+AA33+AB33 -> 87.6424 | AD33: 925161.29 | AF33: 539.7 | AG33: 0 | AH33: =AF33+AG33 -> 539.7 | AI33: 4695390
B34: 28 | C34: 16 | D34: 301 | E34: 13680 | F34: 14877944 | G34: 3000 | H34: 4894060.5 | I34: =F34+H34 -> 19772004 | J34: 1760 | K34: 1914121.4 | L34: 440 | M34: 717795.54 | N34: =K34+M34 -> 2631917 | O34: =I34+N34 -> 22403921 | P34: =E34+G34+J34+L34 -> 18880 | Q34: =R34+T34 -> 223 | R34: 26 | S34: 467224.68 | T34: 197 | U34: 902693.4 | V34: =S34+U34 -> 1369918.1 | W34: 61.70896 | Y34: 0 | AB34: 12 | AC34: =W34+X34+Y34+Z34+AA34+AB34 -> 73.70896 | AD34: 766031.07 | AF34: 458.2 | AG34: 0 | AH34: =AF34+AG34 -> 458.2 | AI34: 3986340
B35: 29 | C35: 13 | D35: 203 | E35: 14480 | F35: 15747999 | G35: 2880 | H35: 4698298.1 | I35: =F35+H35 -> 20446297 | J35: 1740 | K35: 1892370.1 | L35: 400 | M35: 652541.4 | N35: =K35+M35 -> 2544911.5 | O35: =I35+N35 -> 22991209 | P35: =E35+G35+J35+L35 -> 19500 | Q35: =R35+T35 -> 371 | R35: 187 | S35: 3360423.7 | T35: 184 | U35: 843124.8 | V35: =S35+U35 -> 4203548.5 | W35: 74.96108 | Y35: 0 | AB35: 12 | AC35: =W35+X35+Y35+Z35+AA35+AB35 -> 86.96108 | AD35: 900579.85 | AF35: 377 | AG35: 0 | AH35: =AF35+AG35 -> 377 | AI35: 3279900
B36: 30 | C36: 17 | D36: 148 | E36: 14240 | F36: 15486983 | G36: 3080 | H36: 5024568.8 | I36: =F36+H36 -> 20511551 | J36: 1760 | K36: 1914121.4 | L36: 400 | M36: 652541.4 | N36: =K36+M36 -> 2566662.8 | O36: =I36+N36 -> 23078214 | P36: =E36+G36+J36+L36 -> 19480 | Q36: =R36+T36 -> 396 | R36: 207 | S36: 3719827.3 | T36: 189 | U36: 866035.8 | V36: =S36+U36 -> 4585863.1 | W36: 69.32188 | Y36: 0 | AB36: 36 | AC36: =W36+X36+Y36+Z36+AA36+AB36 -> 105.32188 | AD36: 1680825 | AF36: 395.8 | AG36: 0 | AH36: =AF36+AG36 -> 395.8 | AI36: 3443460
B37: 31 | C37: 18 | D37: 180 | E37: 22520 | F37: 24492054 | G37: 2920 | H37: 4763552.2 | I37: =F37+H37 -> 29255606 | J37: 3020 | K37: 3284458.4 | L37: 420 | M37: 685168.47 | N37: =K37+M37 -> 3969626.9 | O37: =I37+N37 -> 33225233 | P37: =E37+G37+J37+L37 -> 28880 | Q37: =R37+T37 -> 395 | R37: 197 | S37: 3540125.5 | T37: 198 | U37: 907275.6 | V37: =S37+U37 -> 4447401.1 | W37: 77.65984 | X37: 250 | Y37: 400 | AB37: 0 | AC37: =W37+X37+Y37+Z37+AA37+AB37 -> 727.65984 | AD37: 8048980.4 | AF37: 544.5 | AG37: 0 | AH37: =AF37+AG37 -> 544.5 | AI37: 4737150
C43: =SUM(C7:C37) -> 1107 | D43: =SUM(D7:D37) -> 11246 | E43: =SUM(E7:E37) -> 481560 | F43: =SUM(F7:F37) -> 5.2372973e+08 | G43: =SUM(G7:G37) -> 101600 | H43: =SUM(H7:H37) -> 1.6574552e+08 | I43: =SUM(I7:I37) -> 6.8947524e+08 | J43: =SUM(J7:J37) -> 55560 | ... U43: =SUM(U7:U37) -> 39959992 | V43: =SUM(V8:V38) -> 1.1747982e+08 | W43: =SUM(W7:W37) -> 2215.7222 | X43: =SUM(X7:X37) -> 1500 | Y43: =SUM(Y7:Y37) -> 2400 | Z43: =SUM(Z7:Z37) -> 0 | AA43: =SUM(AA7:AA37) -> 0 | AB43: =SUM(AB7:AB37) -> 312 | AC43: =SUM(AC7:AC37) -> 6427.7222 | AD43: =SUM(AD7:AD37) -> 73037228 | AE43: =SUM(AE8:AE39) -> 0 | AF43: =SUM(AF7:AF37) -> 7276.9 | AG43: =SUM(AG7:AG37) -> 1685.3 | AH43: =SUM(AH7:AH37) -> 8962.2 | AI43: =SUM(AI7:AI37) -> 77971140
P45: =O43/P43 -> 1183.2719 | V45: =V43/Q43 -> 8794.2554 | AD45: =AD43/AC43 -> 11362.848 | AI45: =AI43/AH43 -> 8700
