Workbook

Sheet Bali Jimbaran_HEP_Daily (Total)
A1: Site Name | B1: Day | C1: Month | D1: Year | E1: Total Electricity Kwh | F1: Electricity Tariff ($/Kwh) | G1: LPG (Kg) | H1: LPG $/Kg | I1: Total Fuel Oil (Liter) | J1: Fuel Oil $/Liter | K1: Water Utility Supply (m3) m3 | L1: Water Utility Supply (m3) $/m3 | M1: Room Nights | N1: Total Guests
A2: Bali Jimbaran | B2: 1 | C2: 8 | D2: 2019 | E2: ='Localize Daily Bali Jimbaran'!P7 -> 22320 | F2: 1183.4729 | G2: ='Localize Daily Bali Jimbaran'!AC7 -> 544.49148 | H2: ='Localize Daily Bali Jimbaran'!AD7/'Localize Daily Bali Jimbaran'!AC7 -> 10311.514 | I2: ='Localize Daily Bali Jimbaran'!AH7 -> 776.15 | J2: ='Localize Daily Bali Jimbaran'!AI7/'Localize Daily Bali Jimbaran'!AH7 -> 10300 | K2: ='Localize Daily Bali Jimbaran'!Q7 -> 159 | L2: ='Localize Daily Bali Jimbaran'!V7/'Localize Daily Bali Jimbaran'!Q7 -> 10719.388 | M2: ='Localize Daily Bali Jimbaran'!C7 -> 67 | N2: 184
A3: Bali Jimbaran | B3: 2 | C3: 8 | D3: 2019 | E3: ='Localize Daily Bali Jimbaran'!P8 -> 22480 | F3: 1183.4729 | G3: ='Localize Daily Bali Jimbaran'!AC8 -> 140.3758 | H3: ='Localize Daily Bali Jimbaran'!AD8/'Localize Daily Bali Jimbaran'!AC8 -> 9143.75 | I3: ='Localize Daily Bali Jimbaran'!AH8 -> 604.48 | J3: ='Localize Daily Bali Jimbaran'!AI8/'Localize Daily Bali Jimbaran'!AH8 -> 10300 | K3: ='Localize Daily Bali Jimbaran'!Q8 -> 118 | L3: ='Localize Daily Bali Jimbaran'!V8/'Localize Daily Bali Jimbaran'!Q8 -> 12619.952 | M3: ='Localize Daily Bali Jimbaran'!C8 -> 88 | N3: 224
A4: Bali Jimbaran | B4: 3 | C4: 8 | D4: 2019 | E4: ='Localize Daily Bali Jimbaran'!P9 -> 22700 | F4: 1183.4729 | G4: ='Localize Daily Bali Jimbaran'!AC9 -> 187.35136 | H4: ='Localize Daily Bali Jimbaran'!AD9/'Localize Daily Bali Jimbaran'!AC9 -> 9651.2857 | I4: ='Localize Daily Bali Jimbaran'!AH9 -> 522.4 | J4: ='Localize Daily Bali Jimbaran'!AI9/'Localize Daily Bali Jimbaran'!AH9 -> 10300 | K4: ='Localize Daily Bali Jimbaran'!Q9 -> 119 | L4: ='Localize Daily Bali Jimbaran'!V9/'Localize Daily Bali Jimbaran'!Q9 -> 12318.898 | M4: ='Localize Daily Bali Jimbaran'!C9 -> 82 | N4: 222
A5: Bali Jimbaran | B5: 4 | C5: 8 | D5: 2019 | E5: ='Localize Daily Bali Jimbaran'!P10 -> 21260 | F5: 1183.4729 | G5: ='Localize Daily Bali Jimbaran'!AC10 -> 0 | H5: ='Localize Daily Bali Jimbaran'!AD10/'Localize Daily Bali Jimbaran'!AC10 -> #DIV/0! | I5: ='Localize Daily Bali Jimbaran'!AH10 -> 591.9 | J5: ='Localize Daily Bali Jimbaran'!AI10/'Localize Daily Bali Jimbaran'!AH10 -> 10300 | K5: ='Localize Daily Bali Jimbaran'!Q10 -> 139 | L5: ='Localize Daily Bali Jimbaran'!V10/'Localize Daily Bali Jimbaran'!Q10 -> 11354.698 | M5: ='Localize Daily Bali Jimbaran'!C10 -> 85 | N5: 228
A6: Bali Jimbaran | B6: 5 | C6: 8 | D6: 2019 | E6: ='Localize Daily Bali Jimbaran'!P11 -> 20740 | F6: 1183.4729 | G6: ='Localize Daily Bali Jimbaran'!AC11 -> 236.6806 | H6: ='Localize Daily Bali Jimbaran'!AD11/'Localize Daily Bali Jimbaran'!AC11 -> 10048.714 | I6: ='Localize Daily Bali Jimbaran'!AH11 -> 526 | J6: ='Localize Daily Bali Jimbaran'!AI11/'Localize Daily Bali Jimbaran'!AH11 -> 10300 | K6: ='Localize Daily Bali Jimbaran'!Q11 -> 97 | L6: ='Localize Daily Bali Jimbaran'!V11/'Localize Daily Bali Jimbaran'!Q11 -> 11603.084 | M6: ='Localize Daily Bali Jimbaran'!C11 -> 89 | N6: 227
A7: Bali Jimbaran | B7: 6 | C7: 8 | D7: 2019 | E7: ='Localize Daily Bali Jimbaran'!P12 -> 21100 | F7: 1183.4729 | G7: ='Localize Daily Bali Jimbaran'!AC12 -> 437.7576 | H7: ='Localize Daily Bali Jimbaran'!AD12/'Localize Daily Bali Jimbaran'!AC12 -> 10038.937 | I7: ='Localize Daily Bali Jimbaran'!AH12 -> 550.35 | J7: ='Localize Daily Bali Jimbaran'!AI12/'Localize Daily Bali Jimbaran'!AH12 -> 10300 | K7: ='Localize Daily Bali Jimbaran'!Q12 -> 129 | L7: ='Localize Daily Bali Jimbaran'!V12/'Localize Daily Bali Jimbaran'!Q12 -> 10522.652 | M7: ='Localize Daily Bali Jimbaran'!C12 -> 93 | N7: 246
A8: Bali Jimbaran | B8: 7 | C8: 8 | D8: 2019 | E8: ='Localize Daily Bali Jimbaran'!P13 -> 21500 | F8: 1183.4729 | G8: ='Localize Daily Bali Jimbaran'!AC13 -> 186.043 | H8: ='Localize Daily Bali Jimbaran'!AD13/'Localize Daily Bali Jimbaran'!AC13 -> 9623.8809 | I8: ='Localize Daily Bali Jimbaran'!AH13 -> 422.96 | J8: ='Localize Daily Bali Jimbaran'!AI13/'Localize Daily Bali Jimbaran'!AH13 -> 10300 | K8: ='Localize Daily Bali Jimbaran'!Q13 -> 172 | L8: ='Localize Daily Bali Jimbaran'!V13/'Localize Daily Bali Jimbaran'!Q13 -> 9033.0823 | M8: ='Localize Daily Bali Jimbaran'!C13 -> 103 | N8: 259
A9: Bali Jimbaran | B9: 8 | C9: 8 | D9: 2019 | E9: ='Localize Daily Bali Jimbaran'!P14 -> 21820 | F9: 1183.4729 | G9: ='Localize Daily Bali Jimbaran'!AC14 -> 146.29696 | H9: ='Localize Daily Bali Jimbaran'!AD14/'Localize Daily Bali Jimbaran'!AC14 -> 9143.75 | I9: ='Localize Daily Bali Jimbaran'!AH14 -> 666.89 | J9: ='Localize Daily Bali Jimbaran'!AI14/'Localize Daily Bali Jimbaran'!AH14 -> 10300 | K9: ='Localize Daily Bali Jimbaran'!Q14 -> 147 | L9: ='Localize Daily Bali Jimbaran'!V14/'Localize Daily Bali Jimbaran'!Q14 -> 6486.0486 | M9: ='Localize Daily Bali Jimbaran'!C14 -> 120 | N9: 304
A10: Bali Jimbaran | B10: 9 | C10: 8 | D10: 2019 | E10: ='Localize Daily Bali Jimbaran'!P15 -> 22180 | F10: 1183.4729 | G10: ='Localize Daily Bali Jimbaran'!AC15 -> 205.23568 | H10: ='Localize Daily Bali Jimbaran'!AD15/'Localize Daily Bali Jimbaran'!AC15 -> 9607.0588 | I10: ='Localize Daily Bali Jimbaran'!AH15 -> 981.72 | J10: ='Localize Daily Bali Jimbaran'!AI15/'Localize Daily Bali Jimbaran'!AH15 -> 10300 | K10: ='Localize Daily Bali Jimbaran'!Q15 -> 49 | L10: ='Localize Daily Bali Jimbaran'!V15/'Localize Daily Bali Jimbaran'!Q15 -> 8446.8086 | M10: ='Localize Daily Bali Jimbaran'!C15 -> 123 | N10: 329
A11: Bali Jimbaran | B11: 10 | C11: 8 | D11: 2019 | E11: ='Localize Daily Bali Jimbaran'!P16 -> 22400 | F11: 1183.4729 | G11: ='Localize Daily Bali Jimbaran'!AC16 -> 342.06756 | H11: ='Localize Daily Bali Jimbaran'!AD16/'Localize Daily Bali Jimbaran'!AC16 -> 9907.488 | I11: ='Localize Daily Bali Jimbaran'!AH16 -> 506.68 | J11: ='Localize Daily Bali Jimbaran'!AI16/'Localize Daily Bali Jimbaran'!AH16 -> 10300 | K11: ='Localize Daily Bali Jimbaran'!Q16 -> 188 | L11: ='Localize Daily Bali Jimbaran'!V16/'Localize Daily Bali Jimbaran'!Q16 -> 5705.3204 | M11: ='Localize Daily Bali Jimbaran'!C16 -> 127 | N11: 338
A12: Bali Jimbaran | B12: 11 | C12: 8 | D12: 2019 | E12: ='Localize Daily Bali Jimbaran'!P17 -> 21800 | F12: 1183.4729 | G12: ='Localize Daily Bali Jimbaran'!AC17 -> 134.1324 | H12: ='Localize Daily Bali Jimbaran'!AD17/'Localize Daily Bali Jimbaran'!AC17 -> 9143.75 | I12: ='Localize Daily Bali Jimbaran'!AH17 -> 612.3 | J12: ='Localize Daily Bali Jimbaran'!AI17/'Localize Daily Bali Jimbaran'!AH17 -> 10300 | K12: ='Localize Daily Bali Jimbaran'!Q17 -> 129 | L12: ='Localize Daily Bali Jimbaran'!V17/'Localize Daily Bali Jimbaran'!Q17 -> 4245.18 | M12: ='Localize Daily Bali Jimbaran'!C17 -> 126 | N12: 331
A13: Bali Jimbaran | B13: 12 | C13: 8 | D13: 2019 | E13: ='Localize Daily Bali Jimbaran'!P18 -> 23660 | F13: 1183.4729 | G13: ='Localize Daily Bali Jimbaran'!AC18 -> 148.952 | H13: ='Localize Daily Bali Jimbaran'!AD18/'Localize Daily Bali Jimbaran'!AC18 -> 9343.6466 | I13: ='Localize Daily Bali Jimbaran'!AH18 -> 504.4 | J13: ='Localize Daily Bali Jimbaran'!AI18/'Localize Daily Bali Jimbaran'!AH18 -> 10300 | K13: ='Localize Daily Bali Jimbaran'!Q18 -> 129 | L13: ='Localize Daily Bali Jimbaran'!V18/'Localize Daily Bali Jimbaran'!Q18 -> 4564.3735 | M13: ='Localize Daily Bali Jimbaran'!C18 -> 130 | N13: 343
... A32: Bali Jimbaran | B32: 31 | C32: 8 | D32: 2019 | E32: ='Localize Daily Bali Jimbaran'!P37 -> 22540 | F32: 1183.4729 | G32: ='Localize Daily Bali Jimbaran'!AC37 -> 170.49492 | H32: ='Localize Daily Bali Jimbaran'!AD37/'Localize Daily Bali Jimbaran'!AC37 -> 9667.6659 | I32: ='Localize Daily Bali Jimbaran'!AH37 -> 397 | J32: ='Localize Daily Bali Jimbaran'!AI37/'Localize Daily Bali Jimbaran'!AH37 -> 10300 | K32: ='Localize Daily Bali Jimbaran'!Q37 -> 72 | L32: ='Localize Daily Bali Jimbaran'!V37/'Localize Daily Bali Jimbaran'!Q37 -> 14539.17 | M32: ='Localize Daily Bali Jimbaran'!C37 -> 43 | N32: 116
E33: =SUM(E2:E32) -> 682680 | F33: 1183.4729 | K33: =SUM(K2:K32) -> 5189 | M33: =SUM(M2:M32) -> 2942 | N33: =SUM(N2:N32) -> 7781

Sheet Localize Daily Bali Jimbaran
B2: Four Seasons Resort Bali at Jimbaran Bay
B3: AUGUST 2019
B4: Date | C4: Room Nights | D4: Food Covers | E4: ELECTRICITY Resort & Sundara | Q4: WATER | W4: GAS
E5: Electricity Resort | J5: Electricity - Sundara | O5: Sub Total (Resort & Sundara) Cost (IDR) | P5: Sub Total (Resort & Sundara), KWh | R5: Water (m3) | T5: Water (m3) | V5: Total Water Cost | W5: LPG | AE5: Diesel
E6: BASED LOAD KWh (from 10 pm - 6 pm) | F6: Cost (IDR) | G6: PEAK LOAD KWh (from 6 pm - 10 pm) | H6: Cost (IDR) | I6: Resort Cost (IDR) | J6: BASED LOAD KWh (from 10 pm - 6 pm) | K6: Cost (IDR) | L6: PEAK LOAD KWh (from 6 pm - 10 pm) | M6: Cost (IDR) | N6: Sundara Cost (IDR) | Q6: Water consumption (m3) | R6: Municipal Water (m3) | S6: Municipal Water cost (IDR) | T6: Deepwell Consumption (m3) | U6: Deepwell water Cost (IDR) | V6: IDR | W6: LPG Bulk (m3) | X6: 50 Kg IVD & TW (tube) | Y6: Sundara 50 kg (tube) | Z6: Jala 50 kg (tube) | AA6: Canteen and Comissary 50Kg (tube) | AB6: 12 Kg (tube) | AC6: Total kg | AD6: IDR | AE6: Gasoline | AF6: Steam (liters) | AG6: Onsite Generators (liters) | AH6: Total liters | AI6: IDR
B7: 1 | C7: 67 | D7: 570 | E7: 16640 | F7: 18097148 | G7: 3520 | H7: 5742364.3 | I7: =F7+H7 -> 23839512 | J7: 1740 | K7: 1892370.1 | L7: 420 | M7: 685168.47 | N7: =K7+M7 -> 2577538.5 | O7: =I7+N7 -> 26417051 | P7: =E7+G7+J7+L7 -> 22320 | Q7: =R7+T7 -> 159 | R7: 75 | S7: 1347787.5 | T7: 84 | U7: 356595.12 | V7: =S7+U7 -> 1704382.6 | W7: 122.49148 | Y7: 350 | AB7: 72 | AC7: =W7+X7+Y7+Z7+AA7+AB7 -> 544.49148 | AD7: 5614531.5 | AF7: 776.15 | AG7: 0 | AH7: =AF7+AG7 -> 776.15 | AI7: 7994345
B8: 2 | C8: 88 | D8: 711 | E8: 16800 | F8: 18271159 | G8: 3560 | H8: 5807618.5 | I8: =F8+H8 -> 24078778 | J8: 1700 | K8: 1848867.3 | L8: 420 | M8: 685168.47 | N8: =K8+M8 -> 2534035.8 | O8: =I8+N8 -> 26612813 | P8: =E8+G8+J8+L8 -> 22480 | Q8: =R8+T8 -> 118 | R8: 72 | S8: 1293876 | T8: 46 | U8: 195278.28 | V8: =S8+U8 -> 1489154.3 | W8: 140.3758 | Y8: 0 | AB8: 0 | AC8: =W8+X8+Y8+Z8+AA8+AB8 -> 140.3758 | AD8: 1283561.2 | AF8: 604.48 | AG8: 0 | AH8: =AF8+AG8 -> 604.48 | AI8: 6226144
B9: 3 | C9: 82 | D9: 683 | E9: 16920 | F9: 18401667 | G9: 3480 | H9: 5677110.2 | I9: =F9+H9 -> 24078778 | J9: 1880 | K9: 2044629.7 | L9: 420 | M9: 685168.47 | N9: =K9+M9 -> 2729798.2 | O9: =I9+N9 -> 26808576 | P9: =E9+G9+J9+L9 -> 22700 | Q9: =R9+T9 -> 119 | R9: 70 | S9: 1257935 | T9: 49 | U9: 208013.82 | V9: =S9+U9 -> 1465948.8 | W9: 125.35136 | Y9: 0 | Z9: 50 | AB9: 12 | AC9: =W9+X9+Y9+Z9+AA9+AB9 -> 187.35136 | AD9: 1808181.5 | AF9: 522.4 | AG9: 0 | AH9: =AF9+AG9 -> 522.4 | AI9: 5380720
B10: 4 | C10: 85 | D10: 742 | E10: 15880 | F10: 17270596 | G10: 3200 | H10: 5220331.2 | I10: =F10+H10 -> 22490927 | J10: 1760 | K10: 1914121.4 | L10: 420 | M10: 685168.47 | N10: =K10+M10 -> 2599289.9 | O10: =I10+N10 -> 25090217 | P10: =E10+G10+J10+L10 -> 21260 | Q10: =R10+T10 -> 139 | R10: 72 | S10: 1293876 | T10: 67 | U10: 284427.06 | V10: =S10+U10 -> 1578303.1 | W10: 0 | Y10: 0 | AB10: 0 | AC10: =W10+X10+Y10+Z10+AA10+AB10 -> 0 | AD10: 0 | AF10: 487 | AG10: 104.9 | AH10: =AF10+AG10 -> 591.9 | AI10: 6096570
B11: 5 | C11: 89 | D11: 672 | E11: 15400 | F11: 16748563 | G11: 3280 | H11: 5350839.5 | I11: =F11+H11 -> 22099402 | J11: 1640 | K11: 1783613.2 | L11: 420 | M11: 685168.47 | N11: =K11+M11 -> 2468781.6 | O11: =I11+N11 -> 24568184 | P11: =E11+G11+J11+L11 -> 20740 | Q11: =R11+T11 -> 97 | R11: 52 | S11: 934466 | T11: 45 | U11: 191033.1 | V11: =S11+U11 -> 1125499.1 | W11: 126.6806 | Y11: 50 | AB11: 60 | AC11: =W11+X11+Y11+Z11+AA11+AB11 -> 236.6806 | AD11: 2378335.7 | AF11: 526 | AG11: 0 | AH11: =AF11+AG11 -> 526 | AI11: 5417800
B12: 6 | C12: 93 | D12: 704 | E12: 15560 | F12: 16922574 | G12: 3320 | H12: 5416093.6 | I12: =F12+H12 -> 22338667 | J12: 1800 | K12: 1957624.2 | L12: 420 | M12: 685168.47 | N12: =K12+M12 -> 2642792.7 | O12: =I12+N12 -> 24981460 | P12: =E12+G12+J12+L12 -> 21100 | Q12: =R12+T12 -> 129 | R12: 59 | S12: 1060259.5 | T12: 70 | U12: 297162.6 | V12: =S12+U12 -> 1357422.1 | W12: 137.7576 | Y12: 300 | AB12: 0 | AC12: =W12+X12+Y12+Z12+AA12+AB12 -> 437.7576 | AD12: 4394621.1 | AF12: 550.35 | AG12: 0 | AH12: =AF12+AG12 -> 550.35 | AI12: 5668605
B13: 7 | C13: 103 | D13: 793 | E13: 15880 | F13: 17270596 | G13: 3400 | H13: 5546601.9 | I13: =F13+H13 -> 22817198 | J13: 1800 | K13: 1957624.2 | L13: 420 | M13: 685168.47 | N13: =K13+M13 -> 2642792.7 | O13: =I13+N13 -> 25459990 | P13: =E13+G13+J13+L13 -> 21500 | Q13: =R13+T13 -> 172 | R13: 60 | S13: 1078230 | T13: 112 | U13: 475460.16 | V13: =S13+U13 -> 1553690.2 | W13: 150.043 | Y13: 0 | AB13: 36 | AC13: =W13+X13+Y13+Z13+AA13+AB13 -> 186.043 | AD13: 1790455.7 | AF13: 422.96 | AG13: 0 | AH13: =AF13+AG13 -> 422.96 | AI13: 4356488
B14: 8 | C14: 120 | D14: 856 | E14: 16040 | F14: 17444607 | G14: 3360 | H14: 5481347.8 | I14: =F14+H14 -> 22925955 | J14: 1980 | K14: 2153386.6 | L14: 440 | M14: 717795.54 | N14: =K14+M14 -> 2871182.2 | O14: =I14+N14 -> 25797137 | P14: =E14+G14+J14+L14 -> 21820 | Q14: =R14+T14 -> 147 | R14: 24 | S14: 431292 | T14: 123 | U14: 522157.14 | V14: =S14+U14 -> 953449.14 | W14: 146.29696 | Y14: 0 | AB14: 0 | AC14: =W14+X14+Y14+Z14+AA14+AB14 -> 146.29696 | AD14: 1337702.8 | AF14: 596.69 | AG14: 70.2 | AH14: =AF14+AG14 -> 666.89 | AI14: 6868967
B15: 9 | C15: 123 | D15: 990 | E15: 16280 | F15: 17705623 | G15: 3480 | H15: 5677110.2 | I15: =F15+H15 -> 23382733 | J15: 1980 | K15: 2153386.6 | L15: 440 | M15: 717795.54 | N15: =K15+M15 -> 2871182.2 | O15: =I15+N15 -> 26253916 | P15: =E15+G15+J15+L15 -> 22180 | Q15: =R15+T15 -> 49 | R15: 15 | S15: 269557.5 | T15: 34 | U15: 144336.12 | V15: =S15+U15 -> 413893.62 | W15: 143.23568 | Y15: 0 | Z15: 50 | AB15: 12 | AC15: =W15+X15+Y15+Z15+AA15+AB15 -> 205.23568 | AD15: 1971711.2 | AF15: 724.52 | AG15: 257.2 | AH15: =AF15+AG15 -> 981.72 | AI15: 10111716
B16: 10 | C16: 127 | D16: 895 | E16: 16440 | F16: 17879634 | G16: 3560 | H16: 5807618.5 | I16: =F16+H16 -> 23687253 | J16: 1980 | K16: 2153386.6 | L16: 420 | M16: 685168.47 | N16: =K16+M16 -> 2838555.1 | O16: =I16+N16 -> 26525808 | P16: =E16+G16+J16+L16 -> 22400 | Q16: =R16+T16 -> 188 | R16: 20 | S16: 359410 | T16: 168 | U16: 713190.24 | V16: =S16+U16 -> 1072600.2 | W16: 142.06756 | Y16: 200 | AB16: 0 | AC16: =W16+X16+Y16+Z16+AA16+AB16 -> 342.06756 | AD16: 3389030.3 | AF16: 506.68 | AG16: 0 | AH16: =AF16+AG16 -> 506.68 | AI16: 5218804
B17: 11 | C17: 126 | D17: 1001 | E17: 16000 | F17: 17401104 | G17: 3520 | H17: 5742364.3 | I17: =F17+H17 -> 23143468 | J17: 1840 | K17: 2001127 | L17: 440 | M17: 717795.54 | N17: =K17+M17 -> 2718922.5 | O17: =I17+N17 -> 25862391 | P17: =E17+G17+J17+L17 -> 21800 | Q17: =R17+T17 -> 129 | R17: 0 | S17: 0 | T17: 129 | U17: 547628.22 | V17: =S17+U17 -> 547628.22 | W17: 134.1324 | Y17: 0 | AB17: 0 | AC17: =W17+X17+Y17+Z17+AA17+AB17 -> 134.1324 | AD17: 1226473.1 | AF17: 612.3 | AG17: 0 | AH17: =AF17+AG17 -> 612.3 | AI17: 6306690
B18: 12 | C18: 130 | D18: 870 | E18: 17440 | F18: 18967203 | G18: 3880 | H18: 6329651.6 | I18: =F18+H18 -> 25296855 | J18: 1900 | K18: 2066381.1 | L18: 440 | M18: 717795.54 | N18: =K18+M18 -> 2784176.6 | O18: =I18+N18 -> 28081032 | P18: =E18+G18+J18+L18 -> 23660 | Q18: =R18+T18 -> 129 | R18: 3 | S18: 53911.5 | T18: 126 | U18: 534892.68 | V18: =S18+U18 -> 588804.18 | W18: 136.952 | Y18: 0 | AB18: 12 | AC18: =W18+X18+Y18+Z18+AA18+AB18 -> 148.952 | AD18: 1391754.9 | AF18: 504.4 | AG18: 0 | AH18: =AF18+AG18 -> 504.4 | AI18: 5195320
B19: 13 | C19: 120 | D19: 687 | E19: 16600 | F19: 18053645 | G19: 3480 | H19: 5677110.2 | I19: =F19+H19 -> 23730756 | J19: 1820 | K19: 1979375.6 | L19: 420 | M19: 685168.47 | N19: =K19+M19 -> 2664544.1 | O19: =I19+N19 -> 26395300 | P19: =E19+G19+J19+L19 -> 22320 | Q19: =R19+T19 -> 85 | R19: 0 | S19: 0 | T19: 85 | U19: 360840.3 | V19: =S19+U19 -> 360840.3 | W19: 136.79088 | Y19: 350 | AB19: 24 | AC19: =W19+X19+Y19+Z19+AA19+AB19 -> 510.79088 | AD19: 5187281.6 | AF19: 540.6 | AG19: 0 | AH19: =AF19+AG19 -> 540.6 | AI19: 5568180
B20: 14 | C20: 115 | D20: 843 | E20: 16600 | F20: 18053645 | G20: 3600 | H20: 5872872.6 | I20: =F20+H20 -> 23926518 | J20: 1900 | K20: 2066381.1 | L20: 420 | M20: 685168.47 | N20: =K20+M20 -> 2751549.6 | O20: =I20+N20 -> 26678068 | P20: =E20+G20+J20+L20 -> 22520 | Q20: =R20+T20 -> 36 | R20: 0 | S20: 0 | T20: 36 | U20: 152826.48 | V20: =S20+U20 -> 152826.48 | W20: 151.61392 | Y20: 0 | AB20: 0 | AC20: =W20+X20+Y20+Z20+AA20+AB20 -> 151.61392 | AD20: 1386319.8 | AF20: 448.2 | AG20: 0 | AH20: =AF20+AG20 -> 448.2 | AI20: 4616460
B21: 15 | C21: 112 | D21: 907 | E21: 17040 | F21: 18532176 | G21: 3560 | H21: 5807618.5 | I21: =F21+H21 -> 24339794 | J21: 1920 | K21: 2088132.5 | L21: 440 | M21: 717795.54 | N21: =K21+M21 -> 2805928 | O21: =I21+N21 -> 27145722 | P21: =E21+G21+J21+L21 -> 22960 | Q21: =R21+T21 -> 183 | R21: 0 | S21: 0 | T21: 183 | U21: 776867.94 | V21: =S21+U21 -> 776867.94 | W21: 150.72776 | Y21: 100 | Z21: 50 | AB21: 12 | AC21: =W21+X21+Y21+Z21+AA21+AB21 -> 312.72776 | AD21: 3085217 | AF21: 795.68 | AG21: 0 | AH21: =AF21+AG21 -> 795.68 | AI21: 8195504
B22: 16 | C22: 115 | D22: 888 | E22: 17240 | F22: 18749690 | G22: 3520 | H22: 5742364.3 | I22: =F22+H22 -> 24492054 | J22: 2000 | K22: 2175138 | L22: 440 | M22: 717795.54 | N22: =K22+M22 -> 2892933.5 | O22: =I22+N22 -> 27384987 | P22: =E22+G22+J22+L22 -> 23200 | Q22: =R22+T22 -> 153 | R22: 44 | S22: 790702 | T22: 109 | U22: 462724.62 | V22: =S22+U22 -> 1253426.6 | W22: 154.19184 | Y22: 0 | AB22: 12 | AC22: =W22+X22+Y22+Z22+AA22+AB22 -> 166.19184 | AD22: 1549391.6 | AF22: 611.02 | AG22: 0 | AH22: =AF22+AG22 -> 611.02 | AI22: 6293506
B23: 17 | C23: 98 | D23: 796 | E23: 16000 | F23: 17401104 | G23: 3400 | H23: 5546601.9 | I23: =F23+H23 -> 22947706 | J23: 1940 | K23: 2109883.9 | L23: 420 | M23: 685168.47 | N23: =K23+M23 -> 2795052.3 | O23: =I23+N23 -> 25742758 | P23: =E23+G23+J23+L23 -> 21760 | Q23: =R23+T23 -> 162 | R23: 120 | S23: 2156460 | T23: 42 | U23: 178297.56 | V23: =S23+U23 -> 2334757.6 | W23: 144.76632 | Y23: 150 | AB23: 36 | AC23: =W23+X23+Y23+Z23+AA23+AB23 -> 330.76632 | AD23: 3309707 | AF23: 601.4 | AG23: 0 | AH23: =AF23+AG23 -> 601.4 | AI23: 6194420
B24: 18 | C24: 100 | D24: 871 | E24: 15560 | F24: 16922574 | G24: 3400 | H24: 5546601.9 | I24: =F24+H24 -> 22469176 | J24: 1760 | K24: 1914121.4 | L24: 440 | M24: 717795.54 | N24: =K24+M24 -> 2631917 | O24: =I24+N24 -> 25101093 | P24: =E24+G24+J24+L24 -> 21160 | Q24: =R24+T24 -> 165 | R24: 43 | S24: 772731.5 | T24: 122 | U24: 517911.96 | V24: =S24+U24 -> 1290643.5 | W24: 143.5982 | Y24: 0 | AB24: 0 | AC24: =W24+X24+Y24+Z24+AA24+AB24 -> 143.5982 | AD24: 1313026 | AF24: 608.4 | AG24: 0 | AH24: =AF24+AG24 -> 608.4 | AI24: 6266520
B25: 19 | C25: 94 | D25: 760 | E25: 15720 | F25: 17096585 | G25: 3440 | H25: 5611856 | I25: =F25+H25 -> 22708441 | J25: 1680 | K25: 1827115.9 | L25: 420 | M25: 685168.47 | N25: =K25+M25 -> 2512284.4 | O25: =I25+N25 -> 25220725 | P25: =E25+G25+J25+L25 -> 21260 | Q25: =R25+T25 -> 206 | R25: 69 | S25: 1239964.5 | T25: 137 | U25: 581589.66 | V25: =S25+U25 -> 1821554.2 | W25: 133.931 | Y25: 450 | AB25: 12 | AC25: =W25+X25+Y25+Z25+AA25+AB25 -> 595.931 | AD25: 6066631.6 | AF25: 519.8 | AG25: 0 | AH25: =AF25+AG25 -> 519.8 | AI25: 5353940
B26: 20 | C26: 98 | D26: 739 | E26: 16120 | F26: 17531612 | G26: 3320 | H26: 5416093.6 | I26: =F26+H26 -> 22947706 | J26: 1720 | K26: 1870618.7 | L26: 420 | M26: 685168.47 | N26: =K26+M26 -> 2555787.2 | O26: =I26+N26 -> 25503493 | P26: =E26+G26+J26+L26 -> 21580 | Q26: =R26+T26 -> 205 | R26: 16 | S26: 287528 | T26: 189 | U26: 802339.02 | V26: =S26+U26 -> 1089867 | W26: 151.29168 | Y26: 0 | AB26: 12 | AC26: =W26+X26+Y26+Z26+AA26+AB26 -> 163.29168 | AD26: 1522873.3 | AF26: 506 | AG26: 0 | AH26: =AF26+AG26 -> 506 | AI26: 5211800
B27: 21 | C27: 122 | D27: 795 | E27: 16080 | F27: 17488110 | G27: 3640 | H27: 5938126.7 | I27: =F27+H27 -> 23426236 | J27: 1880 | K27: 2044629.7 | L27: 460 | M27: 750422.61 | N27: =K27+M27 -> 2795052.3 | O27: =I27+N27 -> 26221289 | P27: =E27+G27+J27+L27 -> 22060 | Q27: =R27+T27 -> 461 | R27: 147 | S27: 2641663.5 | T27: 314 | U27: 1332986.5 | V27: =S27+U27 -> 3974650 | W27: 153.14456 | Y27: 0 | Z27: 50 | AB27: 0 | AC27: =W27+X27+Y27+Z27+AA27+AB27 -> 203.14456 | AD27: 1922815.6 | AF27: 347.08 | AG27: 0 | AH27: =AF27+AG27 -> 347.08 | AI27: 3574924
B28: 22 | C28: 100 | D28: 852 | E28: 16880 | F28: 18358165 | G28: 3520 | H28: 5742364.3 | I28: =F28+H28 -> 24100529 | J28: 1760 | K28: 1914121.4 | L28: 420 | M28: 685168.47 | N28: =K28+M28 -> 2599289.9 | O28: =I28+N28 -> 26699819 | P28: =E28+G28+J28+L28 -> 22580 | Q28: =R28+T28 -> 262 | R28: 27 | S28: 485203.5 | T28: 235 | U28: 997617.3 | V28: =S28+U28 -> 1482820.8 | W28: 155.03772 | Y28: 0 | AB28: 0 | AC28: =W28+X28+Y28+Z28+AA28+AB28 -> 155.03772 | AD28: 1417626.2 | AF28: 616.92 | AG28: 73 | AH28: =AF28+AG28 -> 689.92 | AI28: 7106176
B29: 23 | C29: 90 | D29: 746 | E29: 16560 | F29: 18010143 | G29: 3400 | H29: 5546601.9 | I29: =F29+H29 -> 23556745 | J29: 1880 | K29: 2044629.7 | L29: 420 | M29: 685168.47 | N29: =K29+M29 -> 2729798.2 | O29: =I29+N29 -> 26286543 | P29: =E29+G29+J29+L29 -> 22260 | Q29: =R29+T29 -> 335 | R29: 117 | S29: 2102548.5 | T29: 218 | U29: 925449.24 | V29: =S29+U29 -> 3027997.7 | W29: 150.20412 | Y29: 0 | AB29: 12 | AC29: =W29+X29+Y29+Z29+AA29+AB29 -> 162.20412 | AD29: 1512928.9 | AF29: 476.12 | AG29: 0 | AH29: =AF29+AG29 -> 476.12 | AI29: 4904036
B30: 24 | C30: 80 | D30: 730 | E30: 16680 | F30: 18140651 | G30: 3440 | H30: 5611856 | I30: =F30+H30 -> 23752507 | J30: 1920 | K30: 2088132.5 | L30: 500 | M30: 815676.75 | N30: =K30+M30 -> 2903809.2 | O30: =I30+N30 -> 26656316 | P30: =E30+G30+J30+L30 -> 22540 | Q30: =R30+T30 -> 100 | R30: 19 | S30: 341439.5 | T30: 81 | U30: 343859.58 | V30: =S30+U30 -> 685299.08 | W30: 145.89416 | Y30: 0 | AB30: 36 | AC30: =W30+X30+Y30+Z30+AA30+AB30 -> 181.89416 | AD30: 1752519.7 | AF30: 495.28 | AG30: 0 | AH30: =AF30+AG30 -> 495.28 | AI30: 5101384
B31: 25 | C31: 75 | D31: 681 | E31: 15840 | F31: 17227093 | G31: 3440 | H31: 5611856 | I31: =F31+H31 -> 22838949 | J31: 2000 | K31: 2175138 | L31: 440 | M31: 717795.54 | N31: =K31+M31 -> 2892933.5 | O31: =I31+N31 -> 25731883 | P31: =E31+G31+J31+L31 -> 21720 | Q31: =R31+T31 -> 187 | R31: 82 | S31: 1473581 | T31: 105 | U31: 445743.9 | V31: =S31+U31 -> 1919324.9 | W31: 136.10612 | Y31: 0 | AB31: 12 | AC31: =W31+X31+Y31+Z31+AA31+AB31 -> 148.10612 | AD31: 1384020.3 | AF31: 527.2 | AG31: 0 | AH31: =AF31+AG31 -> 527.2 | AI31: 5430160
B32: 26 | C32: 76 | D32: 598 | E32: 15280 | F32: 16618054 | G32: 3200 | H32: 5220331.2 | I32: =F32+H32 -> 21838386 | J32: 1660 | K32: 1805364.5 | L32: 420 | M32: 685168.47 | N32: =K32+M32 -> 2490533 | O32: =I32+N32 -> 24328919 | P32: =E32+G32+J32+L32 -> 20560 | Q32: =R32+T32 -> 270 | R32: 118 | S32: 2120519 | T32: 152 | U32: 645267.36 | V32: =S32+U32 -> 2765786.4 | W32: 128.97656 | Y32: 0 | AB32: 12 | AC32: =W32+X32+Y32+Z32+AA32+AB32 -> 140.97656 | AD32: 1318829.4 | AF32: 471 | AG32: 0 | AH32: =AF32+AG32 -> 471 | AI32: 4851300
B33: 27 | C33: 75 | D33: 592 | E33: 15280 | F33: 16618054 | G33: 3280 | H33: 5350839.5 | I33: =F33+H33 -> 21968894 | J33: 1720 | K33: 1870618.7 | L33: 420 | M33: 685168.47 | N33: =K33+M33 -> 2555787.2 | O33: =I33+N33 -> 24524681 | P33: =E33+G33+J33+L33 -> 20700 | Q33: =R33+T33 -> 190 | R33: 43 | S33: 772731.5 | T33: 147 | U33: 624041.46 | V33: =S33+U33 -> 1396773 | W33: 160.39496 | Y33: 150 | Z33: 50 | AB33: 12 | AC33: =W33+X33+Y33+Z33+AA33+AB33 -> 372.39496 | AD33: 3696111.4 | AF33: 366.16 | AG33: 0 | AH33: =AF33+AG33 -> 366.16 | AI33: 3771448
B34: 28 | C34: 78 | D34: 529 | E34: 16360 | F34: 17792629 | G34: 3400 | H34: 5546601.9 | I34: =F34+H34 -> 23339231 | J34: 1900 | K34: 2066381.1 | L34: 500 | M34: 815676.75 | N34: =K34+M34 -> 2882057.8 | O34: =I34+N34 -> 26221289 | P34: =E34+G34+J34+L34 -> 22160 | Q34: =R34+T34 -> 186 | R34: 20 | S34: 359410 | T34: 166 | U34: 704699.88 | V34: =S34+U34 -> 1064109.9 | W34: 143.67876 | Y34: 50 | AB34: 0 | AC34: =W34+X34+Y34+Z34+AA34+AB34 -> 193.67876 | AD34: 1836262.7 | AF34: 491.64 | AG34: 68.3 | AH34: =AF34+AG34 -> 559.94 | AI34: 5767382
B35: 29 | C35: 63 | D35: 658 | E35: 16680 | F35: 18140651 | G35: 3360 | H35: 5481347.8 | I35: =F35+H35 -> 23621999 | J35: 2060 | K35: 2240392.1 | L35: 540 | M35: 880930.89 | N35: =K35+M35 -> 3121323 | O35: =I35+N35 -> 26743322 | P35: =E35+G35+J35+L35 -> 22640 | Q35: =R35+T35 -> 263 | R35: 47 | S35: 844613.5 | T35: 216 | U35: 916958.88 | V35: =S35+U35 -> 1761572.4 | W35: 158.17956 | Y35: 0 | AB35: 0 | AC35: =W35+X35+Y35+Z35+AA35+AB35 -> 158.17956 | AD35: 1446354.4 | AF35: 596.18 | AG35: 0 | AH35: =AF35+AG35 -> 596.18 | AI35: 6140654
B36: 30 | C36: 55 | D36: 522 | E36: 16160 | F36: 17575115 | G36: 3440 | H36: 5611856 | I36: =F36+H36 -> 23186971 | J36: 2120 | K36: 2305646.3 | L36: 480 | M36: 783049.68 | N36: =K36+M36 -> 3088696 | O36: =I36+N36 -> 26275667 | P36: =E36+G36+J36+L36 -> 22200 | Q36: =R36+T36 -> 93 | R36: 44 | S36: 790702 | T36: 49 | U36: 208013.82 | V36: =S36+U36 -> 998715.82 | W36: 150.043 | Y36: 0 | AB36: 12 | AC36: =W36+X36+Y36+Z36+AA36+AB36 -> 162.043 | AD36: 1511455.7 | AF36: 354.32 | AG36: 0 | AH36: =AF36+AG36 -> 354.32 | AI36: 3649496
B37: 31 | C37: 43 | D37: 498 | E37: 16480 | F37: 17923137 | G37: 3320 | H37: 5416093.6 | I37: =F37+H37 -> 23339231 | J37: 2200 | K37: 2392651.8 | L37: 540 | M37: 880930.89 | N37: =K37+M37 -> 3273582.7 | O37: =I37+N37 -> 26612813 | P37: =E37+G37+J37+L37 -> 22540 | Q37: =R37+T37 -> 72 | R37: 54 | S37: 970407 | T37: 18 | U37: 76413.24 | V37: =S37+U37 -> 1046820.2 | W37: 134.49492 | Y37: 0 | AB37: 36 | AC37: =W37+X37+Y37+Z37+AA37+AB37 -> 170.49492 | AD37: 1648287.9 | AF37: 397 | AG37: 0 | AH37: =AF37+AG37 -> 397 | AI37: 4089100
C43: =SUM(C7:C37) -> 2942 | D43: =SUM(D7:D37) -> 23179 | E43: =SUM(E7:E37) -> 504440 | F43: =SUM(F7:F37) -> 5.4861331e+08 | G43: =SUM(G7:G37) -> 106720 | H43: =SUM(H7:H37) -> 1.7409805e+08 | I43: =SUM(I7:I37) -> 7.2271135e+08 | J43: =SUM(J7:J37) -> 57840 | ... AD43: =SUM(AD7:AD37) -> 69454019 | AE43: =SUM(AE8:AE39) -> 0 | AF43: =SUM(AF7:AF37) -> 16603.93 | AG43: =SUM(AG7:AG37) -> 573.6 | AH43: =SUM(AH7:AH37) -> 17177.53 | AI43: =SUM(AI7:AI37) -> 1.7692856e+08
AC44: =AC43-W43 -> 2844
P45: =O43/P43 -> 1183.4729 | V45: =V43/Q43 -> 8297.4425 | AD45: =AD43/AC43 -> 9737.7499 | AI45: =AI43/AH43 -> 10300
