Workbook

Sheet Bali at Sayan_HEP_Daily (Total)
A1: Site Name | B1: Day | C1: Month | D1: Year | E1: Total Electricity Kwh | F1: Electricity Tariff ($/Kwh) | G1: LPG (Kg) | H1: LPG $/Kg | I1: Total Fuel Oil (Liter) | J1: Fuel Oil $/Liter | K1: Water Utility Supply (m3) m3 | L1: Water Utility Supply (m3) $/m3 | M1: Room Nights | N1: Food Covers
A2: Bali at Sayan | B2: 1 | C2: 4 | D2: 2018 | E2: ='Apr 18'!M9 -> 11420 | F2: 1241.5397 | G2: ='Apr 18'!Z9 -> 145 | H2: 11650 | I2: ='Apr 18'!AC9 -> 190 | J2: 10700 | K2: ='Apr 18'!AP9 -> 157 | L2: 8907.5621 | M2: 54 | N2: 342
A3: Bali at Sayan | B3: 2 | C3: 4 | D3: 2018 | E3: ='Apr 18'!M10 -> 9140 | F3: 1241.5397 | G3: ='Apr 18'!Z10 -> 145 | H3: 11650 | I3: ='Apr 18'!AC10 -> 0 | J3: 10700 | K3: ='Apr 18'!AP10 -> 186 | L3: 8907.5621 | M3: 45 | N3: 319
A4: Bali at Sayan | B4: 3 | C4: 4 | D4: 2018 | E4: ='Apr 18'!M11 -> 11440 | F4: 1241.5397 | G4: ='Apr 18'!Z11 -> 145 | H4: 11650 | I4: ='Apr 18'!AC11 -> 0 | J4: 10700 | K4: ='Apr 18'!AP11 -> 197 | L4: 8907.5621 | M4: 42 | N4: 303
A5: Bali at Sayan | B5: 4 | C5: 4 | D5: 2018 | E5: ='Apr 18'!M12 -> 11660 | F5: 1241.5397 | G5: ='Apr 18'!Z12 -> 145 | H5: 11650 | I5: ='Apr 18'!AC12 -> 0 | J5: 10700 | K5: ='Apr 18'!AP12 -> 169 | L5: 8907.5621 | M5: 41 | N5: 277
A6: Bali at Sayan | B6: 5 | C6: 4 | D6: 2018 | E6: ='Apr 18'!M13 -> 12180 | F6: 1241.5397 | G6: ='Apr 18'!Z13 -> 145 | H6: 11650 | I6: ='Apr 18'!AC13 -> 0 | J6: 10700 | K6: ='Apr 18'!AP13 -> 161 | L6: 8907.5621 | M6: 46 | N6: 252
A7: Bali at Sayan | B7: 6 | C7: 4 | D7: 2018 | E7: ='Apr 18'!M14 -> 11920 | F7: 1241.5397 | G7: ='Apr 18'!Z14 -> 145 | H7: 11650 | I7: ='Apr 18'!AC14 -> 0 | J7: 10700 | K7: ='Apr 18'!AP14 -> 181 | L7: 8907.5621 | M7: 46 | N7: 300
A8: Bali at Sayan | B8: 7 | C8: 4 | D8: 2018 | E8: ='Apr 18'!M15 -> 13360 | F8: 1241.5397 | G8: ='Apr 18'!Z15 -> 145 | H8: 11650 | I8: ='Apr 18'!AC15 -> 0 | J8: 10700 | K8: ='Apr 18'!AP15 -> 174 | L8: 8907.5621 | M8: 42 | N8: 280
A9: Bali at Sayan | B9: 8 | C9: 4 | D9: 2018 | E9: ='Apr 18'!M16 -> 9620 | F9: 1241.5397 | G9: ='Apr 18'!Z16 -> 145 | H9: 11650 | I9: ='Apr 18'!AC16 -> 0 | J9: 10700 | K9: ='Apr 18'!AP16 -> 175 | L9: 8907.5621 | M9: 42 | N9: 287
A10: Bali at Sayan | B10: 9 | C10: 4 | D10: 2018 | E10: ='Apr 18'!M17 -> 11660 | F10: 1241.5397 | G10: ='Apr 18'!Z17 -> 145 | H10: 11650 | I10: ='Apr 18'!AC17 -> 190 | J10: 10700 | K10: ='Apr 18'!AP17 -> 172 | L10: 8907.5621 | M10: 35 | N10: 222
A11: Bali at Sayan | B11: 10 | C11: 4 | D11: 2018 | E11: ='Apr 18'!M18 -> 11480 | F11: 1241.5397 | G11: ='Apr 18'!Z18 -> 145 | H11: 11650 | I11: ='Apr 18'!AC18 -> 0 | J11: 10700 | K11: ='Apr 18'!AP18 -> 198 | L11: 8907.5621 | M11: 39 | N11: 230
A12: Bali at Sayan | B12: 11 | C12: 4 | D12: 2018 | E12: ='Apr 18'!M19 -> 11720 | F12: 1241.5397 | G12: ='Apr 18'!Z19 -> 145 | H12: 11650 | I12: ='Apr 18'!AC19 -> 0 | J12: 10700 | K12: ='Apr 18'!AP19 -> 226 | L12: 8907.5621 | M12: 42 | N12: 306
A13: Bali at Sayan | B13: 12 | C13: 4 | D13: 2018 | E13: ='Apr 18'!M20 -> 11560 | F13: 1241.5397 | G13: ='Apr 18'!Z20 -> 145 | H13: 11650 | I13: ='Apr 18'!AC20 -> 0 | J13: 10700 | K13: ='Apr 18'!AP20 -> 245 | L13: 8907.5621 | M13: 35 | N13: 263
... A31: Bali at Sayan | B31: 30 | C31: 4 | D31: 2018 | E31: ='Apr 18'!M38 -> 11580 | F31: 1241.5397 | G31: ='Apr 18'!Z38 -> 145 | H31: 11650 | I31: ='Apr 18'!AC38 -> 0 | J31: 10700 | K31: ='Apr 18'!AP38 -> 201 | L31: 8907.5621 | M31: 47 | N31: 294
E32: =SUM(E2:E31) -> 348640 | F32: 1241.5397 | G32: =SUM(G2:G31) -> 4350 | H32: 11650 | I32: =SUM(I2:I31) -> 950 | J32: 10700 | K32: =SUM(K2:K31) -> 6412 | L32: 8907.5621 | M32: =SUM(M2:M31) -> 1238 | N32: =SUM(N2:N31) -> 8092

Sheet Apr 18
B1: Daily Electricity Consumption
B2: Engineering Department | N2: =582500/50 -> 11650
B4: Date: April 2018 | N4: LPG Tube 50kg | Q4: Riverside | T4: Sokasi - Cooking class | W4: Porte Cochere bonfire | Z4: TOTAL Cost (include Tax) | AC4: Diesel | AF4: Gasoline | AG4: USD | AH4: MUNICIPAL WATER | AJ4: DEEP WELL | AN4: Wastewater (m3) | AO4: Total Cost (Municipal + DW1 + DW2 cost) | AP4: Total M3 | AQ4: USD (Total Cost / exchange rate IDR)
B5: Date | C5: Room Nights | D5: Food Covers | E5: BASED LOAD (from 10 pm - 6 pm) | H5: PEAK LOAD (from 6 pm - 10 pm) | K5: Sub-Total Cost (Based + Peak cost) | L5: TOTAL COST include 10% TAX (sub total cost X 1.1) | M5: Total | N5: Ayung Terrace | AH5: Used | AI5: Water Cost (M3 x IDR 13,582) | AJ5: Used | AK5: DW 1 Cost (M3 x IDR 4,000) | AL5: Used | AM5: DW 2 Cost (M3 x IDR 4,000)
E6: Used (reading) | F6: kWh (Used x2000) | G6: IDR Cost (kWh x IDR 1035.5) | H6: Used (reading) | I6: kWh (Used x2000) | J6: Cost (kWh x IDR 1553.25) | N6: METER READING | O6: Used (kg) | P6: IDR Cost kg x rate IDR | Q6: METER READING (tube installed) | R6: Used (kg) | S6: IDR Cost kg x rate IDR | T6: METER READING | U6: Used (kg) | V6: IDR Cost m3 x rate IDR | W6: Tube installed | X6: Used (kg) | Y6: IDR Cost m3 x rate IDR | AC6: METER READING | AD6: Used (ltrs) | AE6: IDR Cost m3 x rate IDR
P7: 11650 | S7: 11650 | V7: 11650 | Y7: 11650 | Z7: Total kg | AA7: IDR | AB7: USD | AE7: 10.700,00
L8: 0 | N8: =87*50 -> 4350 | AC8: 950
B9: 43191 | E9: 4.66 | F9: =E9*2000 -> 9320 | G9: =F9*1035.5 -> 9650860 | H9: 1.05 | I9: =H9*2000 -> 2100 | J9: =I9*1553.25 -> 3261825 | K9: =J9+G9 -> 12912685 | L9: =K9*1.1 -> 14203954 | M9: =F9+I9 -> 11420 | N9: =N8*70% -> 3045 | O9: =N9/30 -> 101.5 | P9: =O9*11650 -> 1182475 | Q9: =N8*20% -> 870 | R9: =Q9/30 -> 29 | S9: =R9*11650 -> 337850 | T9: =N8*7% -> 304.5 | U9: =T9/30 -> 10.15 | V9: =U9*11650 -> 118247.5 | W9: =N8*3% -> 130.5 | X9: =W9/30 -> 4.35 | Y9: =X9*11650 -> 50677.5 | Z9: =O9+R9+U9+X9 -> 145 | AA9: =P9+S9+V9+Y9 -> 1689250 | AC9: =AC8/5 -> 190 | AE9: 10700 | AH9: 43 | AI9: =AH9*13582 -> 584026 | AJ9: 61 | AK9: =AJ9*4000 -> 244000 | AL9: 53 | AM9: =AL9*4000 -> 212000 | AN9: 10 | AO9: =AI9+AK9+AM9 -> 1040026 | AP9: =AH9+AJ9+AL9 -> 157
B10: 43192 | E10: 3.56 | F10: =E10*2000 -> 7120 | G10: =F10*1035.5 -> 7372760 | H10: 1.01 | I10: =H10*2000 -> 2020 | J10: =I10*1553.25 -> 3137565 | K10: =J10+G10 -> 10510325 | L10: =K10*1.1 -> 11561357 | M10: =F10+I10 -> 9140 | O10: 101.5 | P10: =O10*11650 -> 1182475 | R10: 29 | S10: =R10*11650 -> 337850 | U10: 10.15 | V10: =U10*11650 -> 118247.5 | X10: 4.35 | Y10: =X10*11650 -> 50677.5 | Z10: =O10+R10+U10+X10 -> 145 | AA10: =P10+S10+V10+Y10 -> 1689250 | AE10: 10700 | AH10: 68 | AI10: =AH10*13582 -> 923576 | AJ10: 63 | AK10: =AJ10*4000 -> 252000 | AL10: 55 | AM10: =AL10*4000 -> 220000 | AN10: 10 | AO10: =AI10+AK10+AM10 -> 1395576 | AP10: =AH10+AJ10+AL10 -> 186
B11: 43193 | E11: 4.67 | F11: =E11*2000 -> 9340 | G11: =F11*1035.5 -> 9671570 | H11: 1.05 | I11: =H11*2000 -> 2100 | J11: =I11*1553.25 -> 3261825 | K11: =J11+G11 -> 12933395 | L11: =K11*1.1 -> 14226735 | M11: =F11+I11 -> 11440 | O11: 101.5 | P11: =O11*11650 -> 1182475 | R11: 29 | S11: =R11*11650 -> 337850 | U11: 10.15 | V11: =U11*11650 -> 118247.5 | X11: 4.35 | Y11: =X11*11650 -> 50677.5 | Z11: =O11+R11+U11+X11 -> 145 | AA11: =P11+S11+V11+Y11 -> 1689250 | AE11: 10700 | AH11: 81 | AI11: =AH11*13582 -> 1100142 | AJ11: 62 | AK11: =AJ11*4000 -> 248000 | AL11: 54 | AM11: =AL11*4000 -> 216000 | AN11: 10 | AO11: =AI11+AK11+AM11 -> 1564142 | AP11: =AH11+AJ11+AL11 -> 197
B12: 43194 | E12: 4.78 | F12: =E12*2000 -> 9560 | G12: =F12*1035.5 -> 9899380 | H12: 1.05 | I12: =H12*2000 -> 2100 | J12: =I12*1553.25 -> 3261825 | K12: =J12+G12 -> 13161205 | L12: =K12*1.1 -> 14477325 | M12: =F12+I12 -> 11660 | O12: 101.5 | P12: =O12*11650 -> 1182475 | R12: 29 | S12: =R12*11650 -> 337850 | U12: 10.15 | V12: =U12*11650 -> 118247.5 | X12: 4.35 | Y12: =X12*11650 -> 50677.5 | Z12: =O12+R12+U12+X12 -> 145 | AA12: =P12+S12+V12+Y12 -> 1689250 | AE12: 10700 | AH12: 62 | AI12: =AH12*13582 -> 842084 | AJ12: 56 | AK12: =AJ12*4000 -> 224000 | AL12: 51 | AM12: =AL12*4000 -> 204000 | AN12: 10 | AO12: =AI12+AK12+AM12 -> 1270084 | AP12: =AH12+AJ12+AL12 -> 169
B13: 43195 | E13: 5.01 | F13: =E13*2000 -> 10020 | G13: =F13*1035.5 -> 10375710 | H13: 1.08 | I13: =H13*2000 -> 2160 | J13: =I13*1553.25 -> 3355020 | K13: =J13+G13 -> 13730730 | L13: =K13*1.1 -> 15103803 | M13: =F13+I13 -> 12180 | O13: 101.5 | P13: =O13*11650 -> 1182475 | R13: 29 | S13: =R13*11650 -> 337850 | U13: 10.15 | V13: =U13*11650 -> 118247.5 | X13: 4.35 | Y13: =X13*11650 -> 50677.5 | Z13: =O13+R13+U13+X13 -> 145 | AA13: =P13+S13+V13+Y13 -> 1689250 | AE13: 10700 | AH13: 59 | AI13: =AH13*13582 -> 801338 | AJ13: 51 | AK13: =AJ13*4000 -> 204000 | AL13: 51 | AM13: =AL13*4000 -> 204000 | AN13: 10 | AO13: =AI13+AK13+AM13 -> 1209338 | AP13: =AH13+AJ13+AL13 -> 161
B14: 43196 | E14: 4.91 | F14: =E14*2000 -> 9820 | G14: =F14*1035.5 -> 10168610 | H14: 1.05 | I14: =H14*2000 -> 2100 | J14: =I14*1553.25 -> 3261825 | K14: =J14+G14 -> 13430435 | L14: =K14*1.1 -> 14773478 | M14: =F14+I14 -> 11920 | O14: 101.5 | P14: =O14*11650 -> 1182475 | R14: 29 | S14: =R14*11650 -> 337850 | U14: 10.15 | V14: =U14*11650 -> 118247.5 | X14: 4.35 | Y14: =X14*11650 -> 50677.5 | Z14: =O14+R14+U14+X14 -> 145 | AA14: =P14+S14+V14+Y14 -> 1689250 | AE14: 10700 | AH14: 80 | AI14: =AH14*13582 -> 1086560 | AJ14: 50 | AK14: =AJ14*4000 -> 200000 | AL14: 51 | AM14: =AL14*4000 -> 204000 | AN14: 10 | AO14: =AI14+AK14+AM14 -> 1490560 | AP14: =AH14+AJ14+AL14 -> 181
B15: 43197 | E15: 4.67 | F15: =E15*2000 -> 9340 | G15: =F15*1035.5 -> 9671570 | H15: 2.01 | I15: =H15*2000 -> 4020 | J15: =I15*1553.25 -> 6244065 | K15: =J15+G15 -> 15915635 | L15: =K15*1.1 -> 17507199 | M15: =F15+I15 -> 13360 | O15: 101.5 | P15: =O15*11650 -> 1182475 | R15: 29 | S15: =R15*11650 -> 337850 | U15: 10.15 | V15: =U15*11650 -> 118247.5 | X15: 4.35 | Y15: =X15*11650 -> 50677.5 | Z15: =O15+R15+U15+X15 -> 145 | AA15: =P15+S15+V15+Y15 -> 1689250 | AE15: 10700 | AH15: 85 | AI15: =AH15*13582 -> 1154470 | AJ15: 35 | AK15: =AJ15*4000 -> 140000 | AL15: 54 | AM15: =AL15*4000 -> 216000 | AN15: 10 | AO15: =AI15+AK15+AM15 -> 1510470 | AP15: =AH15+AJ15+AL15 -> 174
B16: 43198 | E16: 4.79 | F16: =E16*2000 -> 9580 | G16: =F16*1035.5 -> 9920090 | H16: 0.02 | I16: =H16*2000 -> 40 | J16: =I16*1553.25 -> 62130 | K16: =J16+G16 -> 9982220 | L16: =K16*1.1 -> 10980442 | M16: =F16+I16 -> 9620 | O16: 101.5 | P16: =O16*11650 -> 1182475 | R16: 29 | S16: =R16*11650 -> 337850 | U16: 10.15 | V16: =U16*11650 -> 118247.5 | X16: 4.35 | Y16: =X16*11650 -> 50677.5 | Z16: =O16+R16+U16+X16 -> 145 | AA16: =P16+S16+V16+Y16 -> 1689250 | AE16: 10700 | AH16: 88 | AI16: =AH16*13582 -> 1195216 | AJ16: 33 | AK16: =AJ16*4000 -> 132000 | AL16: 54 | AM16: =AL16*4000 -> 216000 | AN16: 10 | AO16: =AI16+AK16+AM16 -> 1543216 | AP16: =AH16+AJ16+AL16 -> 175
B17: 43199 | E17: 4.78 | F17: =E17*2000 -> 9560 | G17: =F17*1035.5 -> 9899380 | H17: 1.05 | I17: =H17*2000 -> 2100 | J17: =I17*1553.25 -> 3261825 | K17: =J17+G17 -> 13161205 | L17: =K17*1.1 -> 14477326 | M17: =F17+I17 -> 11660 | O17: 101.5 | P17: =O17*11650 -> 1182475 | R17: 29 | S17: =R17*11650 -> 337850 | U17: 10.15 | V17: =U17*11650 -> 118247.5 | X17: 4.35 | Y17: =X17*11650 -> 50677.5 | Z17: =O17+R17+U17+X17 -> 145 | AA17: =P17+S17+V17+Y17 -> 1689250 | AC17: 190 | AE17: 10700 | AH17: 84 | AI17: =AH17*13582 -> 1140888 | AJ17: 32 | AK17: =AJ17*4000 -> 128000 | AL17: 56 | AM17: =AL17*4000 -> 224000 | AN17: 10 | AO17: =AI17+AK17+AM17 -> 1492888 | AP17: =AH17+AJ17+AL17 -> 172
B18: 43200 | E18: 4.69 | F18: =E18*2000 -> 9380 | G18: =F18*1035.5 -> 9712990 | H18: 1.05 | I18: =H18*2000 -> 2100 | J18: =I18*1553.25 -> 3261825 | K18: =J18+G18 -> 12974815 | L18: =K18*1.1 -> 14272297 | M18: =F18+I18 -> 11480 | O18: 101.5 | P18: =O18*11650 -> 1182475 | R18: 29 | S18: =R18*11650 -> 337850 | U18: 10.15 | V18: =U18*11650 -> 118247.5 | X18: 4.35 | Y18: =X18*11650 -> 50677.5 | Z18: =O18+R18+U18+X18 -> 145 | AA18: =P18+S18+V18+Y18 -> 1689250 | AE18: 10700 | AH18: 102 | AI18: =AH18*13582 -> 1385364 | AJ18: 40 | AK18: =AJ18*4000 -> 160000 | AL18: 56 | AM18: =AL18*4000 -> 224000 | AN18: 10 | AO18: =AI18+AK18+AM18 -> 1769364 | AP18: =AH18+AJ18+AL18 -> 198
B19: 43201 | E19: 4.83 | F19: =E19*2000 -> 9660 | G19: =F19*1035.5 -> 10002930 | H19: 1.03 | I19: =H19*2000 -> 2060 | J19: =I19*1553.25 -> 3199695 | K19: =J19+G19 -> 13202625 | L19: =K19*1.1 -> 14522887 | M19: =F19+I19 -> 11720 | O19: 101.5 | P19: =O19*11650 -> 1182475 | R19: 29 | S19: =R19*11650 -> 337850 | U19: 10.15 | V19: =U19*11650 -> 118247.5 | X19: 4.35 | Y19: =X19*11650 -> 50677.5 | Z19: =O19+R19+U19+X19 -> 145 | AA19: =P19+S19+V19+Y19 -> 1689250 | AE19: 10700 | AH19: 120 | AI19: =AH19*13582 -> 1629840 | AJ19: 48 | AK19: =AJ19*4000 -> 192000 | AL19: 58 | AM19: =AL19*4000 -> 232000 | AN19: 10 | AO19: =AI19+AK19+AM19 -> 2053840 | AP19: =AH19+AJ19+AL19 -> 226
B20: 43202 | E20: 4.76 | F20: =E20*2000 -> 9520 | G20: =F20*1035.5 -> 9857960 | H20: 1.02 | I20: =H20*2000 -> 2040 | J20: =I20*1553.25 -> 3168630 | K20: =J20+G20 -> 13026590 | L20: =K20*1.1 -> 14329249 | M20: =F20+I20 -> 11560 | O20: 101.5 | P20: =O20*11650 -> 1182475 | R20: 29 | S20: =R20*11650 -> 337850 | U20: 10.15 | V20: =U20*11650 -> 118247.5 | X20: 4.35 | Y20: =X20*11650 -> 50677.5 | Z20: =O20+R20+U20+X20 -> 145 | AA20: =P20+S20+V20+Y20 -> 1689250 | AE20: 10700 | AH20: 130 | AI20: =AH20*13582 -> 1765660 | AJ20: 59 | AK20: =AJ20*4000 -> 236000 | AL20: 56 | AM20: =AL20*4000 -> 224000 | AN20: 10 | AO20: =AI20+AK20+AM20 -> 2225660 | AP20: =AH20+AJ20+AL20 -> 245
B21: 43203 | E21: 5.03 | F21: =E21*2000 -> 10060 | G21: =F21*1035.5 -> 10417130 | H21: 1.07 | I21: =H21*2000 -> 2140 | J21: =I21*1553.25 -> 3323955 | K21: =J21+G21 -> 13741085 | L21: =K21*1.1 -> 15115194 | M21: =F21+I21 -> 12200 | O21: 101.5 | P21: =O21*11650 -> 1182475 | R21: 29 | S21: =R21*11650 -> 337850 | U21: 10.15 | V21: =U21*11650 -> 118247.5 | X21: 4.35 | Y21: =X21*11650 -> 50677.5 | Z21: =O21+R21+U21+X21 -> 145 | AA21: =P21+S21+V21+Y21 -> 1689250 | AE21: 10700 | AH21: 91 | AI21: =AH21*13582 -> 1235962 | AJ21: 50 | AK21: =AJ21*4000 -> 200000 | AL21: 54 | AM21: =AL21*4000 -> 216000 | AN21: 10 | AO21: =AI21+AK21+AM21 -> 1651962 | AP21: =AH21+AJ21+AL21 -> 195
B22: 43204 | E22: 4.93 | F22: =E22*2000 -> 9860 | G22: =F22*1035.5 -> 10210030 | H22: 1.06 | I22: =H22*2000 -> 2120 | J22: =I22*1553.25 -> 3292890 | K22: =J22+G22 -> 13502920 | L22: =K22*1.1 -> 14853212 | M22: =F22+I22 -> 11980 | O22: 101.5 | P22: =O22*11650 -> 1182475 | R22: 29 | S22: =R22*11650 -> 337850 | U22: 10.15 | V22: =U22*11650 -> 118247.5 | X22: 4.35 | Y22: =X22*11650 -> 50677.5 | Z22: =O22+R22+U22+X22 -> 145 | AA22: =P22+S22+V22+Y22 -> 1689250 | AE22: 10700 | AH22: 102 | AI22: =AH22*13582 -> 1385364 | AJ22: 52 | AK22: =AJ22*4000 -> 208000 | AL22: 55 | AM22: =AL22*4000 -> 220000 | AN22: 10 | AO22: =AI22+AK22+AM22 -> 1813364 | AP22: =AH22+AJ22+AL22 -> 209
B23: 43205 | E23: 4.96 | F23: =E23*2000 -> 9920 | G23: =F23*1035.5 -> 10272160 | H23: 1.06 | I23: =H23*2000 -> 2120 | J23: =I23*1553.25 -> 3292890 | K23: =J23+G23 -> 13565050 | L23: =K23*1.1 -> 14921555 | M23: =F23+I23 -> 12040 | O23: 101.5 | P23: =O23*11650 -> 1182475 | R23: 29 | S23: =R23*11650 -> 337850 | U23: 10.15 | V23: =U23*11650 -> 118247.5 | X23: 4.35 | Y23: =X23*11650 -> 50677.5 | Z23: =O23+R23+U23+X23 -> 145 | AA23: =P23+S23+V23+Y23 -> 1689250 | AC23: 190 | AE23: 10700 | AH23: 120 | AI23: =AH23*13582 -> 1629840 | AJ23: 52 | AK23: =AJ23*4000 -> 208000 | AL23: 60 | AM23: =AL23*4000 -> 240000 | AN23: 10 | AO23: =AI23+AK23+AM23 -> 2077840 | AP23: =AH23+AJ23+AL23 -> 232
B24: 43206 | E24: 4.81 | F24: =E24*2000 -> 9620 | G24: =F24*1035.5 -> 9961510 | H24: 1.04 | I24: =H24*2000 -> 2080 | J24: =I24*1553.25 -> 3230760 | K24: =J24+G24 -> 13192270 | L24: =K24*1.1 -> 14511497 | M24: =F24+I24 -> 11700 | O24: 101.5 | P24: =O24*11650 -> 1182475 | R24: 29 | S24: =R24*11650 -> 337850 | U24: 10.15 | V24: =U24*11650 -> 118247.5 | X24: 4.35 | Y24: =X24*11650 -> 50677.5 | Z24: =O24+R24+U24+X24 -> 145 | AA24: =P24+S24+V24+Y24 -> 1689250 | AE24: 10700 | AH24: 112 | AI24: =AH24*13582 -> 1521184 | AJ24: 55 | AK24: =AJ24*4000 -> 220000 | AL24: 57 | AM24: =AL24*4000 -> 228000 | AN24: 10 | AO24: =AI24+AK24+AM24 -> 1969184 | AP24: =AH24+AJ24+AL24 -> 224
B25: 43207 | E25: 4.83 | F25: =E25*2000 -> 9660 | G25: =F25*1035.5 -> 10002930 | H25: 1.07 | I25: =H25*2000 -> 2140 | J25: =I25*1553.25 -> 3323955 | K25: =J25+G25 -> 13326885 | L25: =K25*1.1 -> 14659573 | M25: =F25+I25 -> 11800 | O25: 101.5 | P25: =O25*11650 -> 1182475 | R25: 29 | S25: =R25*11650 -> 337850 | U25: 10.15 | V25: =U25*11650 -> 118247.5 | X25: 4.35 | Y25: =X25*11650 -> 50677.5 | Z25: =O25+R25+U25+X25 -> 145 | AA25: =P25+S25+V25+Y25 -> 1689250 | AE25: 10700 | AH25: 135 | AI25: =AH25*13582 -> 1833570 | AJ25: 59 | AK25: =AJ25*4000 -> 236000 | AL25: 58 | AM25: =AL25*4000 -> 232000 | AN25: 10 | AO25: =AI25+AK25+AM25 -> 2301570 | AP25: =AH25+AJ25+AL25 -> 252
B26: 43208 | E26: 4.96 | F26: =E26*2000 -> 9920 | G26: =F26*1035.5 -> 10272160 | H26: 1.08 | I26: =H26*2000 -> 2160 | J26: =I26*1553.25 -> 3355020 | K26: =J26+G26 -> 13627180 | L26: =K26*1.1 -> 14989898 | M26: =F26+I26 -> 12080 | O26: 101.5 | P26: =O26*11650 -> 1182475 | R26: 29 | S26: =R26*11650 -> 337850 | U26: 10.15 | V26: =U26*11650 -> 118247.5 | X26: 4.35 | Y26: =X26*11650 -> 50677.5 | Z26: =O26+R26+U26+X26 -> 145 | AA26: =P26+S26+V26+Y26 -> 1689250 | AE26: 10700 | AH26: 134 | AI26: =AH26*13582 -> 1819988 | AJ26: 61 | AK26: =AJ26*4000 -> 244000 | AL26: 59 | AM26: =AL26*4000 -> 236000 | AN26: 10 | AO26: =AI26+AK26+AM26 -> 2299988 | AP26: =AH26+AJ26+AL26 -> 254
B27: 43209 | E27: 4.9 | F27: =E27*2000 -> 9800 | G27: =F27*1035.5 -> 10147900 | H27: 1.03 | I27: =H27*2000 -> 2060 | J27: =I27*1553.25 -> 3199695 | K27: =J27+G27 -> 13347595 | L27: =K27*1.1 -> 14682355 | M27: =F27+I27 -> 11860 | O27: 101.5 | P27: =O27*11650 -> 1182475 | R27: 29 | S27: =R27*11650 -> 337850 | U27: 10.15 | V27: =U27*11650 -> 118247.5 | X27: 4.35 | Y27: =X27*11650 -> 50677.5 | Z27: =O27+R27+U27+X27 -> 145 | AA27: =P27+S27+V27+Y27 -> 1689250 | AE27: 10700 | AH27: 132 | AI27: =AH27*13582 -> 1792824 | AJ27: 58 | AK27: =AJ27*4000 -> 232000 | AL27: 55 | AM27: =AL27*4000 -> 220000 | AN27: 10 | AO27: =AI27+AK27+AM27 -> 2244824 | AP27: =AH27+AJ27+AL27 -> 245
B28: 43210 | E28: 4.9 | F28: =E28*2000 -> 9800 | G28: =F28*1035.5 -> 10147900 | H28: 1.09 | I28: =H28*2000 -> 2180 | J28: =I28*1553.25 -> 3386085 | K28: =J28+G28 -> 13533985 | L28: =K28*1.1 -> 14887384 | M28: =F28+I28 -> 11980 | O28: 101.5 | P28: =O28*11650 -> 1182475 | R28: 29 | S28: =R28*11650 -> 337850 | U28: 10.15 | V28: =U28*11650 -> 118247.5 | X28: 4.35 | Y28: =X28*11650 -> 50677.5 | Z28: =O28+R28+U28+X28 -> 145 | AA28: =P28+S28+V28+Y28 -> 1689250 | AC28: 190 | AE28: 10700 | AH28: 168 | AI28: =AH28*13582 -> 2281776 | AJ28: 63 | AK28: =AJ28*4000 -> 252000 | AL28: 32 | AM28: =AL28*4000 -> 128000 | AN28: 10 | AO28: =AI28+AK28+AM28 -> 2661776 | AP28: =AH28+AJ28+AL28 -> 263
B29: 43211 | E29: 4.38 | F29: =E29*2000 -> 8760 | G29: =F29*1035.5 -> 9070980 | H29: 1.04 | I29: =H29*2000 -> 2080 | J29: =I29*1553.25 -> 3230760 | K29: =J29+G29 -> 12301740 | L29: =K29*1.1 -> 13531914 | M29: =F29+I29 -> 10840 | O29: 101.5 | P29: =O29*11650 -> 1182475 | R29: 29 | S29: =R29*11650 -> 337850 | U29: 10.15 | V29: =U29*11650 -> 118247.5 | X29: 4.35 | Y29: =X29*11650 -> 50677.5 | Z29: =O29+R29+U29+X29 -> 145 | AA29: =P29+S29+V29+Y29 -> 1689250 | AE29: 10700 | AH29: 136 | AI29: =AH29*13582 -> 1847152 | AJ29: 66 | AK29: =AJ29*4000 -> 264000 | AL29: 42 | AM29: =AL29*4000 -> 168000 | AN29: 10 | AO29: =AI29+AK29+AM29 -> 2279152 | AP29: =AH29+AJ29+AL29 -> 244
B30: 43212 | E30: 5.45 | F30: =E30*2000 -> 10900 | G30: =F30*1035.5 -> 11286950 | H30: 1.05 | I30: =H30*2000 -> 2100 | J30: =I30*1553.25 -> 3261825 | K30: =J30+G30 -> 14548775 | L30: =K30*1.1 -> 16003652 | M30: =F30+I30 -> 13000 | O30: 101.5 | P30: =O30*11650 -> 1182475 | R30: 29 | S30: =R30*11650 -> 337850 | U30: 10.15 | V30: =U30*11650 -> 118247.5 | X30: 4.35 | Y30: =X30*11650 -> 50677.5 | Z30: =O30+R30+U30+X30 -> 145 | AA30: =P30+S30+V30+Y30 -> 1689250 | AE30: 10700 | AH30: 109 | AI30: =AH30*13582 -> 1480438 | AJ30: 60 | AK30: =AJ30*4000 -> 240000 | AL30: 58 | AM30: =AL30*4000 -> 232000 | AN30: 10 | AO30: =AI30+AK30+AM30 -> 1952438 | AP30: =AH30+AJ30+AL30 -> 227
B31: 43213 | E31: 4.749 | F31: =E31*2000 -> 9498 | G31: =F31*1035.5 -> 9835179 | H31: 1.03 | I31: =H31*2000 -> 2060 | J31: =I31*1553.25 -> 3199695 | K31: =J31+G31 -> 13034874 | L31: =K31*1.1 -> 14338361 | M31: =F31+I31 -> 11558 | O31: 101.5 | P31: =O31*11650 -> 1182475 | R31: 29 | S31: =R31*11650 -> 337850 | U31: 10.15 | V31: =U31*11650 -> 118247.5 | X31: 4.35 | Y31: =X31*11650 -> 50677.5 | Z31: =O31+R31+U31+X31 -> 145 | AA31: =P31+S31+V31+Y31 -> 1689250 | AE31: 10700 | AH31: 131 | AI31: =AH31*13582 -> 1779242 | AJ31: 65 | AK31: =AJ31*4000 -> 260000 | AL31: 63 | AM31: =AL31*4000 -> 252000 | AN31: 10 | AO31: =AI31+AK31+AM31 -> 2291242 | AP31: =AH31+AJ31+AL31 -> 259
B32: 43214 | E32: 4.721 | F32: =E32*2000 -> 9442 | G32: =F32*1035.5 -> 9777191 | H32: 1.03 | I32: =H32*2000 -> 2060 | J32: =I32*1553.25 -> 3199695 | K32: =J32+G32 -> 12976886 | L32: =K32*1.1 -> 14274575 | M32: =F32+I32 -> 11502 | O32: 101.5 | P32: =O32*11650 -> 1182475 | R32: 29 | S32: =R32*11650 -> 337850 | U32: 10.15 | V32: =U32*11650 -> 118247.5 | X32: 4.35 | Y32: =X32*11650 -> 50677.5 | Z32: =O32+R32+U32+X32 -> 145 | AA32: =P32+S32+V32+Y32 -> 1689250 | AE32: 10700 | AH32: 111 | AI32: =AH32*13582 -> 1507602 | AJ32: 61 | AK32: =AJ32*4000 -> 244000 | AL32: 49 | AM32: =AL32*4000 -> 196000 | AN32: 10 | AO32: =AI32+AK32+AM32 -> 1947602 | AP32: =AH32+AJ32+AL32 -> 221
B33: 43215 | E33: 4.78 | F33: =E33*2000 -> 9560 | G33: =F33*1035.5 -> 9899380 | H33: 1.04 | I33: =H33*2000 -> 2080 | J33: =I33*1553.25 -> 3230760 | K33: =J33+G33 -> 13130140 | L33: =K33*1.1 -> 14443154 | M33: =F33+I33 -> 11640 | O33: 101.5 | P33: =O33*11650 -> 1182475 | R33: 29 | S33: =R33*11650 -> 337850 | U33: 10.15 | V33: =U33*11650 -> 118247.5 | X33: 4.35 | Y33: =X33*11650 -> 50677.5 | Z33: =O33+R33+U33+X33 -> 145 | AA33: =P33+S33+V33+Y33 -> 1689250 | AE33: 10700 | AH33: 119 | AI33: =AH33*13582 -> 1616258 | AJ33: 60 | AK33: =AJ33*4000 -> 240000 | AL33: 52 | AM33: =AL33*4000 -> 208000 | AN33: 10 | AO33: =AI33+AK33+AM33 -> 2064258 | AP33: =AH33+AJ33+AL33 -> 231
B34: 43216 | E34: 4.77 | F34: =E34*2000 -> 9540 | G34: =F34*1035.5 -> 9878670 | H34: 1.07 | I34: =H34*2000 -> 2140 | J34: =I34*1553.25 -> 3323955 | K34: =J34+G34 -> 13202625 | L34: =K34*1.1 -> 14522888 | M34: =F34+I34 -> 11680 | O34: 101.5 | P34: =O34*11650 -> 1182475 | R34: 29 | S34: =R34*11650 -> 337850 | U34: 10.15 | V34: =U34*11650 -> 118247.5 | X34: 4.35 | Y34: =X34*11650 -> 50677.5 | Z34: =O34+R34+U34+X34 -> 145 | AA34: =P34+S34+V34+Y34 -> 1689250 | AC34: 190 | AE34: 10700 | AH34: 108 | AI34: =AH34*13582 -> 1466856 | AJ34: 55 | AK34: =AJ34*4000 -> 220000 | AL34: 58 | AM34: =AL34*4000 -> 232000 | AN34: 10 | AO34: =AI34+AK34+AM34 -> 1918856 | AP34: =AH34+AJ34+AL34 -> 221
B35: 43217 | E35: 4.65 | F35: =E35*2000 -> 9300 | G35: =F35*1035.5 -> 9630150 | H35: 1 | I35: =H35*2000 -> 2000 | J35: =I35*1553.25 -> 3106500 | K35: =J35+G35 -> 12736650 | L35: =K35*1.1 -> 14010315 | M35: =F35+I35 -> 11300 | O35: 101.5 | P35: =O35*11650 -> 1182475 | R35: 29 | S35: =R35*11650 -> 337850 | U35: 10.15 | V35: =U35*11650 -> 118247.5 | X35: 4.35 | Y35: =X35*11650 -> 50677.5 | Z35: =O35+R35+U35+X35 -> 145 | AA35: =P35+S35+V35+Y35 -> 1689250 | AE35: 10700 | AH35: 142 | AI35: =AH35*13582 -> 1928644 | AJ35: 53 | AK35: =AJ35*4000 -> 212000 | AL35: 59 | AM35: =AL35*4000 -> 236000 | AN35: 10 | AO35: =AI35+AK35+AM35 -> 2376644 | AP35: =AH35+AJ35+AL35 -> 254
B36: 43218 | E36: 5.35 | F36: =E36*2000 -> 10700 | G36: =F36*1035.5 -> 11079850 | H36: 1.02 | I36: =H36*2000 -> 2040 | J36: =I36*1553.25 -> 3168630 | K36: =J36+G36 -> 14248480 | L36: =K36*1.1 -> 15673328 | M36: =F36+I36 -> 12740 | O36: 101.5 | P36: =O36*11650 -> 1182475 | R36: 29 | S36: =R36*11650 -> 337850 | U36: 10.15 | V36: =U36*11650 -> 118247.5 | X36: 4.35 | Y36: =X36*11650 -> 50677.5 | Z36: =O36+R36+U36+X36 -> 145 | AA36: =P36+S36+V36+Y36 -> 1689250 | AE36: 10700 | AH36: 111 | AI36: =AH36*13582 -> 1507602 | AJ36: 49 | AK36: =AJ36*4000 -> 196000 | AL36: 66 | AM36: =AL36*4000 -> 264000 | AN36: 10 | AO36: =AI36+AK36+AM36 -> 1967602 | AP36: =AH36+AJ36+AL36 -> 226
B37: 43219 | E37: 3.99 | F37: =E37*2000 -> 7980 | G37: =F37*1035.5 -> 8263290 | H37: 1.01 | I37: =H37*2000 -> 2020 | J37: =I37*1553.25 -> 3137565 | K37: =J37+G37 -> 11400855 | L37: =K37*1.1 -> 12540941 | M37: =F37+I37 -> 10000 | O37: 101.5 | P37: =O37*11650 -> 1182475 | R37: 29 | S37: =R37*11650 -> 337850 | U37: 10.15 | V37: =U37*11650 -> 118247.5 | X37: 4.35 | Y37: =X37*11650 -> 50677.5 | Z37: =O37+R37+U37+X37 -> 145 | AA37: =P37+S37+V37+Y37 -> 1689250 | AE37: 10700 | AH37: 171 | AI37: =AH37*13582 -> 2322522 | AJ37: 35 | AK37: =AJ37*4000 -> 140000 | AL37: 7 | AM37: =AL37*4000 -> 28000 | AN37: 10 | AO37: =AI37+AK37+AM37 -> 2490522 | AP37: =AH37+AJ37+AL37 -> 213
B38: 43220 | E38: 4.68 | F38: =E38*2000 -> 9360 | G38: =F38*1035.5 -> 9692280 | H38: 1.11 | I38: =H38*2000 -> 2220 | J38: =I38*1553.25 -> 3448215 | K38: =J38+G38 -> 13140495 | L38: =K38*1.1 -> 14454544 | M38: =F38+I38 -> 11580 | O38: 101.5 | P38: =O38*11650 -> 1182475 | R38: 29 | S38: =R38*11650 -> 337850 | U38: 10.15 | V38: =U38*11650 -> 118247.5 | X38: 4.35 | Y38: =X38*11650 -> 50677.5 | Z38: =O38+R38+U38+X38 -> 145 | AA38: =P38+S38+V38+Y38 -> 1689250 | AE38: 10700 | AH38: 150 | AI38: =AH38*13582 -> 2037300 | AJ38: 51 | AK38: =AJ38*4000 -> 204000 | AL38: 0 | AM38: =AL38*4000 -> 0 | AN38: 10 | AO38: =AI38+AK38+AM38 -> 2241300 | AP38: =AH38+AJ38+AL38 -> 201
E39: =SUM(E9:E38) -> 142.95 | F39: =SUM(F9:F38) -> 285900 | G39: =SUM(G9:G38) -> 2.9604945e+08 | H39: 1.03 | I39: =SUM(I9:I38) -> 62740 | J39: =SUM(J9:J38) -> 97450905 | K39: =SUM(K9:K38) -> 3.9350036e+08 | L39: =SUM(L9:L38) -> 4.3285039e+08 | M39: =F39+I39 -> 348640 | N39: =SUM(N9:N38) -> 3045 | O39: =SUM(O9:O38) -> 3045 | P39: =SUM(P9:P38) -> 35474250 | Q39: =SUM(Q9:Q38) -> 870 | R39: =SUM(R9:R38) -> 870 | S39: =SUM(S9:S38) -> 10135500 | T39: =SUM(T9:T38) -> 304.5 | U39: =SUM(U9:U38) -> 304.5 | ... Y39: =SUM(Y9:Y38) -> 1520325 | Z39: =O39+R39+U39+X39 -> 4350 | AA39: =SUM(AA9:AA38) -> 50677500 | AB39: =SUM(AB9:AB38) -> 0 | AC39: =SUM(AC9:AC37) -> 950 | AD39: =SUM(AD9:AD38) -> 0 | AE39: =SUM(AE9:AE38) -> 321000 | AF39: =SUM(AF9:AF38) -> 0 | AG39: =SUM(AG9:AG38) -> 0 | AH39: =SUM(AH9:AH38) -> 3284 | AI39: =SUM(AI9:AI38) -> 44603288 | AJ39: =SUM(AJ9:AJ38) -> 1595 | AK39: =SUM(AK9:AK38) -> 6380000 | ... AQ39: =SUM(AQ9:AQ38) -> 0
L40: =L39/M39 -> 1241.5397 | AO40: =AO39/AP39 -> 8907.5621
