Workbook

Sheet TOTAL
A1: Site Name | B1: Day | C1: Month | D1: Year | E1: Total Electricity Kwh | F1: Peak hour Kwh | G1: Low Peak Hour Kwh | H1: Electricity Tariff Peak Hour (Rp/Kwh) | I1: Electricity Tariff Low Peak Hour (Rp/Kwh) | J1: Electricity Total Tariff (Rupiah) | K1: Water Utility Supply (m3) m3 | L1: Water Utility Supply (m3) Rp/m3 | M1: Water Utility Supply (Rupiah) | N1: =Electricity!C5 -> OCC unit Apt
A2: Jakarta PR | B2: 1 | C2: 4 | D2: =Water!D5 -> 2018 | E2: =Electricity!G6 -> 24720 | F2: =Electricity!E6 -> 4840 | G2: =Electricity!F6 -> 19880 | H2: 1553.67 | I2: 1035.78 | J2: =Electricity!L6 -> 28785735 | K2: =Water!G5 -> 265 | L2: 12550 | M2: =TOTAL!K2*TOTAL!L2 -> 3325750 | N2: =+Electricity!C6 -> 164
A3: Jakarta PR | B3: 2 | C3: 4 | D3: 2018 | E3: =Electricity!G7 -> 24560 | F3: =Electricity!E7 -> 4480 | G3: =Electricity!F7 -> 20080 | H3: 1553.67 | I3: 1035.78 | J3: =Electricity!L7 -> 28425118 | K3: =Water!G6 -> 263 | L3: 12550 | M3: =TOTAL!K3*TOTAL!L3 -> 3300650 | N3: =+Electricity!C7 -> 164
A4: Jakarta PR | B4: 3 | C4: 4 | D4: 2018 | E4: =Electricity!G8 -> 26600 | F4: =Electricity!E8 -> 5040 | G4: =Electricity!F8 -> 21560 | H4: 1553.67 | I4: 1035.78 | J4: =Electricity!L8 -> 30885800 | K4: =Water!G7 -> 254 | L4: 12550 | M4: =TOTAL!K4*TOTAL!L4 -> 3187700 | N4: =+Electricity!C8 -> 164
A5: Jakarta PR | B5: 4 | C5: 4 | D5: 2018 | E5: =Electricity!G9 -> 27560 | F5: =Electricity!E9 -> 5800 | G5: =Electricity!F9 -> 21760 | H5: 1553.67 | I5: 1035.78 | J5: =Electricity!L9 -> 32307055 | K5: =Water!G8 -> 320 | L5: 12550 | M5: =TOTAL!K5*TOTAL!L5 -> 4016000 | N5: =+Electricity!C9 -> 164
A6: Jakarta PR | B6: 5 | C6: 4 | D6: 2018 | E6: =Electricity!G10 -> 26760 | F6: =Electricity!E10 -> 5040 | G6: =Electricity!F10 -> 21720 | H6: 1553.67 | I6: 1035.78 | J6: =Electricity!L10 -> 31055502 | K6: =Water!G9 -> 368 | L6: 12550 | M6: =TOTAL!K6*TOTAL!L6 -> 4618400 | N6: =+Electricity!C10 -> 164
A7: Jakarta PR | B7: 6 | C7: 4 | D7: 2018 | E7: =Electricity!G11 -> 26440 | F7: =Electricity!E11 -> 5000 | G7: =Electricity!F11 -> 21440 | H7: 1553.67 | I7: 1035.78 | J7: =Electricity!L11 -> 30694885 | K7: =Water!G10 -> 290 | L7: 12550 | M7: =TOTAL!K7*TOTAL!L7 -> 3639500 | N7: =+Electricity!C11 -> 164
A8: Jakarta PR | B8: 7 | C8: 4 | D8: 2018 | E8: =Electricity!G12 -> 28080 | F8: =Electricity!E12 -> 5120 | G8: =Electricity!F12 -> 22960 | H8: 1553.67 | I8: 1035.78 | J8: =Electricity!L12 -> 32497970 | K8: =Water!G11 -> 352 | L8: 12550 | M8: =TOTAL!K8*TOTAL!L8 -> 4417600 | N8: =+Electricity!C12 -> 164
A9: Jakarta PR | B9: 8 | C9: 4 | D9: 2018 | E9: =Electricity!G13 -> 18680 | F9: =Electricity!E13 -> 1000 | G9: =Electricity!F13 -> 17680 | H9: 1553.67 | I9: 1035.78 | J9: =Electricity!L13 -> 20343051 | K9: =Water!G12 -> 331 | L9: 12550 | M9: =TOTAL!K9*TOTAL!L9 -> 4154050 | N9: =+Electricity!C13 -> 164
A10: Jakarta PR | B10: 9 | C10: 4 | D10: 2018 | E10: =Electricity!G14 -> 33000 | F10: =Electricity!E14 -> 8040 | G10: =Electricity!F14 -> 24960 | H10: 1553.67 | I10: 1035.78 | J10: =Electricity!L14 -> 39264845 | K10: =Water!G13 -> 315 | L10: 12550 | M10: =TOTAL!K10*TOTAL!L10 -> 3953250 | N10: =+Electricity!C14 -> 164
A11: Jakarta PR | B11: 10 | C11: 4 | D11: 2018 | E11: =Electricity!G15 -> 23000 | F11: =Electricity!E15 -> 4360 | G11: =Electricity!F15 -> 18640 | H11: 1553.67 | I11: 1035.78 | J11: =Electricity!L15 -> 26706883 | K11: =Water!G14 -> 370 | L11: 12550 | M11: =TOTAL!K11*TOTAL!L11 -> 4643500 | N11: =+Electricity!C15 -> 164
A12: Jakarta PR | B12: 11 | C12: 4 | D12: 2018 | E12: =Electricity!G16 -> 30720 | F12: =Electricity!E16 -> 6160 | G12: =Electricity!F16 -> 24560 | H12: 1553.67 | I12: 1035.78 | J12: =Electricity!L16 -> 35849589 | K12: =Water!G15 -> 376 | L12: 12550 | M12: =TOTAL!K12*TOTAL!L12 -> 4718800 | N12: =+Electricity!C16 -> 164
A13: Jakarta PR | B13: 12 | C13: 4 | D13: 2018 | E13: =Electricity!G17 -> 29880 | F13: =Electricity!E17 -> 6320 | G13: =Electricity!F17 -> 23560 | H13: 1553.67 | I13: 1035.78 | J13: =Electricity!L17 -> 35043503 | K13: =Water!G16 -> 342 | L13: 12550 | M13: =TOTAL!K13*TOTAL!L13 -> 4292100 | N13: =+Electricity!C17 -> 164
A14: Jakarta PR | B14: 13 | C14: 4 | D14: 2018 | E14: =Electricity!G18 -> 27120 | F14: =Electricity!E18 -> 4960 | G14: =Electricity!F18 -> 22160 | H14: 1553.67 | I14: 1035.78 | J14: =Electricity!L18 -> 31394906 | K14: =Water!G17 -> 536 | L14: 12550 | M14: =TOTAL!K14*TOTAL!L14 -> 6726800 | N14: =+Electricity!C18 -> 164
... A31: Jakarta PR | B31: 30 | C31: 4 | D31: 2018 | E31: =Electricity!G35 -> 29920 | F31: =Electricity!E35 -> 8640 | G31: =Electricity!F35 -> 21280 | H31: 1553.67 | I31: 1035.78 | J31: =Electricity!L35 -> 36316270 | K31: =Water!G34 -> 609 | L31: 12550 | M31: =TOTAL!K31*TOTAL!L31 -> 7642950 | N31: =+Electricity!C35 -> 164

Sheet Electricity
B1: Electricity Distribution 2018
B2: Date | C2: Total Unit 235 | D2: Cost per kWh in Rupiah ( Rp) | E2: DAILY ELECTRICITY METER
E3: Peak Hour | F3: Low Peak Hour | G3: Total Metering | H3: Total Cost | K3: Tax for public service 2.4% | L3: TOTAL BILL
E4: ( 17:01-22:00) | F4: ( 22:01 -17:00) | G4: 24 Hour | H4: Peak Hour | I4: Low Peak Hour | J4: Total (Rp)
C5: OCC unit Apt | D5: 1035.78 | E5: kWh | F5: kWh | G5: kWh | H5: Rupiah | I5: Rupiah | J5: Rupiah | K5: Rupiah | L5: Rupiah
B6: 43191 | C6: 164 | D6: 1035.78 | E6: 4840 | F6: 19880 | G6: =F6+E6 -> 24720 | H6: =E6*1.5*D6 -> 7519762.8 | I6: =F6*D6 -> 20591306 | J6: =I6+H6 -> 28111069 | K6: =J6*0.024 -> 674665.66 | L6: =J6+K6 -> 28785735
B7: 43192 | C7: 164 | D7: 1035.78 | E7: 4480 | F7: 20080 | G7: =F7+E7 -> 24560 | H7: =E7*1.5*D7 -> 6960441.6 | I7: =F7*D7 -> 20798462 | J7: =I7+H7 -> 27758904 | K7: =J7*0.024 -> 666213.7 | L7: =J7+K7 -> 28425118
B8: 43193 | C8: 164 | D8: 1035.78 | E8: 5040 | F8: 21560 | G8: =F8+E8 -> 26600 | H8: =E8*1.5*D8 -> 7830496.8 | I8: =F8*D8 -> 22331417 | J8: =I8+H8 -> 30161914 | K8: =J8*0.024 -> 723885.93 | L8: =J8+K8 -> 30885800
B9: 43194 | C9: 164 | D9: 1035.78 | E9: 5800 | F9: 21760 | G9: =F9+E9 -> 27560 | H9: =E9*1.5*D9 -> 9011286 | I9: =F9*D9 -> 22538573 | J9: =I9+H9 -> 31549859 | K9: =J9*0.024 -> 757196.61 | L9: =J9+K9 -> 32307055
B10: 43195 | C10: 164 | D10: 1035.78 | E10: 5040 | F10: 21720 | G10: =F10+E10 -> 26760 | H10: =E10*1.5*D10 -> 7830496.8 | I10: =F10*D10 -> 22497142 | J10: =I10+H10 -> 30327638 | K10: =J10*0.024 -> 727863.32 | L10: =J10+K10 -> 31055502
B11: 43196 | C11: 164 | D11: 1035.78 | E11: 5000 | F11: 21440 | G11: =F11+E11 -> 26440 | H11: =E11*1.5*D11 -> 7768350 | I11: =F11*D11 -> 22207123 | J11: =I11+H11 -> 29975473 | K11: =J11*0.024 -> 719411.36 | L11: =J11+K11 -> 30694885
B12: 43197 | C12: 164 | D12: 1035.78 | E12: 5120 | F12: 22960 | G12: =F12+E12 -> 28080 | H12: =E12*1.5*D12 -> 7954790.4 | I12: =F12*D12 -> 23781509 | J12: =I12+H12 -> 31736299 | K12: =J12*0.024 -> 761671.18 | L12: =J12+K12 -> 32497970
B13: 43198 | C13: 164 | D13: 1035.78 | E13: 1000 | F13: 17680 | G13: =F13+E13 -> 18680 | H13: =E13*1.5*D13 -> 1553670 | I13: =F13*D13 -> 18312590 | J13: =I13+H13 -> 19866260 | K13: =J13*0.024 -> 476790.25 | L13: =J13+K13 -> 20343051
B14: 43199 | C14: 164 | D14: 1035.78 | E14: 8040 | F14: 24960 | G14: =F14+E14 -> 33000 | H14: =E14*1.5*D14 -> 12491507 | I14: =F14*D14 -> 25853069 | J14: =I14+H14 -> 38344576 | K14: =J14*0.024 -> 920269.81 | L14: =J14+K14 -> 39264845
B15: 43200 | C15: 164 | D15: 1035.78 | E15: 4360 | F15: 18640 | G15: =F15+E15 -> 23000 | H15: =E15*1.5*D15 -> 6774001.2 | I15: =F15*D15 -> 19306939 | J15: =I15+H15 -> 26080940 | K15: =J15*0.024 -> 625942.57 | L15: =J15+K15 -> 26706883
B16: 43201 | C16: 164 | D16: 1035.78 | E16: 6160 | F16: 24560 | G16: =F16+E16 -> 30720 | H16: =E16*1.5*D16 -> 9570607.2 | I16: =F16*D16 -> 25438757 | J16: =I16+H16 -> 35009364 | K16: =J16*0.024 -> 840224.74 | L16: =J16+K16 -> 35849589
B17: 43202 | C17: 164 | D17: 1035.78 | E17: 6320 | F17: 23560 | G17: =F17+E17 -> 29880 | H17: =E17*1.5*D17 -> 9819194.4 | I17: =F17*D17 -> 24402977 | J17: =I17+H17 -> 34222171 | K17: =J17*0.024 -> 821332.11 | L17: =J17+K17 -> 35043503
... B35: 43220 | C35: 164 | D35: 1035.78 | E35: 8640 | F35: 21280 | G35: =F35+E35 -> 29920 | H35: =E35*1.5*D35 -> 13423709 | I35: =F35*D35 -> 22041398 | J35: =I35+H35 -> 35465107 | K35: =J35*0.024 -> 851162.57 | L35: =J35+K35 -> 36316270
C36: =SUM(C6:C33) -> 4592 | E36: =SUM(E6:E35) -> 149600 | F36: =SUM(F6:F35) -> 641720 | G36: =SUM(G6:G35) -> 791320 | H36: =SUM(H6:H35) -> 2.3242903e+08 | I36: =SUM(I6:I35) -> 6.6468074e+08 | J36: =SUM(J6:J35) -> 8.9710977e+08 | K36: =SUM(K6:K35) -> 21530635 | L36: =SUM(L6:L35) -> 9.1864041e+08

Sheet Water
B1: WATER METER READING
B3: Date | C3: Month | D3: Year | E3: Metering 1 | F3: Metering 2 | G3: Total Metering
E4: M3 | F4: M3 | G4: M3
B5: 1 | C5: 4 | D5: 2018 | E5: 56 | F5: 209 | G5: =E5+F5 -> 265
B6: 2 | C6: 4 | D6: =D5 -> 2018 | E6: 55 | F6: 208 | G6: =E6+F6 -> 263
B7: 3 | C7: 4 | D7: =D6 -> 2018 | E7: 53 | F7: 201 | G7: =E7+F7 -> 254
B8: 4 | C8: 4 | D8: =D7 -> 2018 | E8: 65 | F8: 255 | G8: =E8+F8 -> 320
B9: 5 | C9: 4 | D9: =D8 -> 2018 | E9: 66 | F9: 302 | G9: =E9+F9 -> 368
B10: 6 | C10: 4 | D10: =D9 -> 2018 | E10: 70 | F10: 220 | G10: =E10+F10 -> 290
B11: 7 | C11: 4 | D11: =D10 -> 2018 | E11: 72 | F11: 280 | G11: =E11+F11 -> 352
B12: 8 | C12: 4 | D12: =D11 -> 2018 | E12: 68 | F12: 263 | G12: =E12+F12 -> 331
B13: 9 | C13: 4 | D13: =D12 -> 2018 | E13: 67 | F13: 248 | G13: =E13+F13 -> 315
B14: 10 | C14: 4 | D14: =D13 -> 2018 | E14: 76 | F14: 294 | G14: =E14+F14 -> 370
B15: 11 | C15: 4 | D15: =D14 -> 2018 | E15: 78 | F15: 298 | G15: =E15+F15 -> 376
B16: 12 | C16: 4 | D16: =D15 -> 2018 | E16: 70 | F16: 272 | G16: =E16+F16 -> 342
B17: 13 | C17: 4 | D17: =D16 -> 2018 | E17: 110 | F17: 426 | G17: =E17+F17 -> 536
... B34: 30 | C34: 4 | D34: =D33 -> 2018 | E34: 128 | F34: 481 | G34: =E34+F34 -> 609
E36: =SUM(E5:E35) -> 2171 | F36: =SUM(F5:F35) -> 8306 | G36: =SUM(E36:F36) -> 10477
G40: =E36+F36 -> 10477
B43: Unit Price | F43: Rupiah ( Rp) | G43: 12550
F46: Total Bill | G46: =G40*G43 -> 131486350
