Workbook

Sheet TOTAL
A1: Site Name | B1: Day | C1: Month | D1: Year | E1: Total Electricity Kwh | F1: Peak hour Kwh | G1: Low Peak Hour Kwh | H1: Electricity Tariff Peak Hour (Rp/Kwh) | I1: Electricity Tariff Low Peak Hour (Rp/Kwh) | J1: Electricity Total Tariff (Rupiah) | K1: Water Utility Supply (m3) m3 | L1: Water Utility Supply (m3) Rp/m3 | M1: Water Utility Supply (Rupiah) | N1: =[1]Electricity!C5 -> OCC unit Apt
A2: Jakarta PR | B2: 1 | C2: 1 | D2: 2018 | E2: =Electricity!G6 -> 11600 | F2: =+Electricity!E6 -> 480 | G2: =+Electricity!F6 -> 11120 | H2: 1553.67 | I2: 1035.78 | J2: =Electricity!L6 -> 12557962 | K2: =Water!G5 -> 256 | L2: 12550 | M2: =L2*K2 -> 3212800 | N2: =Electricity!C6 -> 163
A3: Jakarta PR | B3: 2 | C3: 1 | D3: 2018 | E3: =Electricity!G7 -> 36280 | F3: =+Electricity!E7 -> 8480 | G3: =+Electricity!F7 -> 27800 | H3: 1553.67 | I3: 1035.78 | J3: =Electricity!L7 -> 42977081 | K3: =Water!G6 -> 258 | L3: 12550 | M3: =L3*K3 -> 3237900 | N3: =Electricity!C7 -> 163
A4: Jakarta PR | B4: 3 | C4: 1 | D4: 2018 | E4: =Electricity!G8 -> 24600 | F4: =+Electricity!E8 -> 4200 | G4: =+Electricity!F8 -> 20400 | H4: 1553.67 | I4: 1035.78 | J4: =Electricity!L8 -> 28319054 | K4: =Water!G7 -> 283 | L4: 12550 | M4: =L4*K4 -> 3551650 | N4: =Electricity!C8 -> 163
A5: Jakarta PR | B5: 4 | C5: 1 | D5: 2018 | E5: =Electricity!G9 -> 22560 | F5: =+Electricity!E9 -> 4800 | G5: =+Electricity!F9 -> 17760 | H5: 1553.67 | I5: 1035.78 | J5: =Electricity!L9 -> 26473542 | K5: =Water!G8 -> 383 | L5: 12550 | M5: =L5*K5 -> 4806650 | N5: =Electricity!C9 -> 163
A6: Jakarta PR | B6: 5 | C6: 1 | D6: 2018 | E6: =Electricity!G10 -> 25840 | F6: =+Electricity!E10 -> 5120 | G6: =+Electricity!F10 -> 20720 | H6: 1553.67 | I6: 1035.78 | J6: =Electricity!L10 -> 30122140 | K6: =Water!G9 -> 346 | L6: 12550 | M6: =L6*K6 -> 4342300 | N6: =Electricity!C10 -> 163
A7: Jakarta PR | B7: 6 | C7: 1 | D7: 2018 | E7: =Electricity!G11 -> 24680 | F7: =+Electricity!E11 -> 4680 | G7: =+Electricity!F11 -> 20000 | H7: 1553.67 | I7: 1035.78 | J7: =Electricity!L11 -> 28658458 | K7: =Water!G10 -> 233 | L7: 12550 | M7: =L7*K7 -> 2924150 | N7: =Electricity!C11 -> 163
A8: Jakarta PR | B8: 7 | C8: 1 | D8: 2018 | E8: =Electricity!G12 -> 24680 | F8: =+Electricity!E12 -> 4600 | G8: =+Electricity!F12 -> 20080 | H8: 1553.67 | I8: 1035.78 | J8: =Electricity!L12 -> 28616033 | K8: =Water!G11 -> 292 | L8: 12550 | M8: =L8*K8 -> 3664600 | N8: =Electricity!C12 -> 163
A9: Jakarta PR | B9: 8 | C9: 1 | D9: 2018 | E9: =Electricity!G13 -> 10280 | F9: =+Electricity!E13 -> 5200 | G9: =+Electricity!F13 -> 5080 | H9: 1553.67 | I9: 1035.78 | J9: =Electricity!L13 -> 13661027 | K9: =Water!G12 -> 383 | L9: 12550 | M9: =L9*K9 -> 4806650 | N9: =Electricity!C13 -> 163
A10: Jakarta PR | B10: 9 | C10: 1 | D10: 2018 | E10: =Electricity!G14 -> 42560 | F10: =+Electricity!E14 -> 5120 | G10: =+Electricity!F14 -> 37440 | H10: 1553.67 | I10: 1035.78 | J10: =Electricity!L14 -> 47856019 | K10: =Water!G13 -> 276 | L10: 12550 | M10: =L10*K10 -> 3463800 | N10: =Electricity!C14 -> 163
A11: Jakarta PR | B11: 10 | C11: 1 | D11: 2018 | E11: =Electricity!G15 -> 26400 | F11: =+Electricity!E15 -> 4520 | G11: =+Electricity!F15 -> 21880 | H11: 1553.67 | I11: 1035.78 | J11: =Electricity!L15 -> 30397906 | K11: =Water!G14 -> 383 | L11: 12550 | M11: =L11*K11 -> 4806650 | N11: =Electricity!C15 -> 163
A12: Jakarta PR | B12: 11 | C12: 1 | D12: 2018 | E12: =Electricity!G16 -> 27440 | F12: =+Electricity!E16 -> 5800 | G12: =+Electricity!F16 -> 21640 | H12: 1553.67 | I12: 1035.78 | J12: =Electricity!L16 -> 32179779 | K12: =Water!G15 -> 279 | L12: 12550 | M12: =L12*K12 -> 3501450 | N12: =Electricity!C16 -> 163
A13: Jakarta PR | B13: 12 | C13: 1 | D13: 2018 | E13: =Electricity!G17 -> 25560 | F13: =+Electricity!E17 -> 4200 | G13: =+Electricity!F17 -> 21360 | H13: 1553.67 | I13: 1035.78 | J13: =Electricity!L17 -> 29337267 | K13: =Water!G16 -> 327 | L13: 12550 | M13: =L13*K13 -> 4103850 | N13: =Electricity!C17 -> 163
... A32: Jakarta PR | B32: 31 | C32: 1 | D32: 2018 | E32: =Electricity!G36 -> 25000 | F32: =+Electricity!E36 -> 4400 | G32: =+Electricity!F36 -> 20600 | H32: 1553.67 | I32: 1035.78 | J32: =Electricity!L36 -> 28849373 | K32: =Water!G35 -> 366 | L32: 12550 | M32: =L32*K32 -> 4593300 | N32: =Electricity!C36 -> 163

Sheet Electricity
B1: Electricity Distribution 2018
B2: Date | C2: Total Unit 235 | D2: Cost per kWh in Rupiah ( Rp) | E2: DAILY ELECTRICITY METER
E3: Peak Hour | F3: Low Peak Hour | G3: Total Metering | H3: Total Cost | K3: Tax for public service 2,4% | L3: TOTAL BILL
E4: ( 17:01-22:00) | F4: ( 22:01 -17:00) | G4: 24 Hour | H4: Peak Hour | I4: Low Peak Hour | J4: Total (Rp)
C5: OCC unit Apt | D5: 1035.78 | E5: kWh | F5: kWh | G5: kWh | H5: Rupiah | I5: Rupiah | J5: Rupiah | K5: Rupiah | L5: Rupiah
B6: 43101 | C6: 163 | D6: 1035.78 | E6: 480 | F6: 11120 | G6: =F6+E6 -> 11600 | H6: =E6*1.5*D6 -> 745761.6 | I6: =F6*D6 -> 11517874 | J6: =I6+H6 -> 12263635 | K6: =J6*0.024 -> 294327.24 | L6: =J6+K6 -> 12557962
B7: 43102 | C7: 163 | D7: 1035.78 | E7: 8480 | F7: 27800 | G7: =F7+E7 -> 36280 | H7: =E7*1.5*D7 -> 13175122 | I7: =F7*D7 -> 28794684 | J7: =I7+H7 -> 41969806 | K7: =J7*0.024 -> 1007275.3 | L7: =J7+K7 -> 42977081
B8: 43103 | C8: 163 | D8: 1035.78 | E8: 4200 | F8: 20400 | G8: =F8+E8 -> 24600 | H8: =E8*1.5*D8 -> 6525414 | I8: =F8*D8 -> 21129912 | J8: =I8+H8 -> 27655326 | K8: =J8*0.024 -> 663727.82 | L8: =J8+K8 -> 28319054
B9: 43104 | C9: 163 | D9: 1035.78 | E9: 4800 | F9: 17760 | G9: =F9+E9 -> 22560 | H9: =E9*1.5*D9 -> 7457616 | I9: =F9*D9 -> 18395453 | J9: =I9+H9 -> 25853069 | K9: =J9*0.024 -> 620473.65 | L9: =J9+K9 -> 26473542
B10: 43105 | C10: 163 | D10: 1035.78 | E10: 5120 | F10: 20720 | G10: =F10+E10 -> 25840 | H10: =E10*1.5*D10 -> 7954790.4 | I10: =F10*D10 -> 21461362 | J10: =I10+H10 -> 29416152 | K10: =J10*0.024 -> 705987.65 | L10: =J10+K10 -> 30122140
B11: 43106 | C11: 163 | D11: 1035.78 | E11: 4680 | F11: 20000 | G11: =F11+E11 -> 24680 | H11: =E11*1.5*D11 -> 7271175.6 | I11: =F11*D11 -> 20715600 | J11: =I11+H11 -> 27986776 | K11: =J11*0.024 -> 671682.61 | L11: =J11+K11 -> 28658458
B12: 43107 | C12: 163 | D12: 1035.78 | E12: 4600 | F12: 20080 | G12: =F12+E12 -> 24680 | H12: =E12*1.5*D12 -> 7146882 | I12: =F12*D12 -> 20798462 | J12: =I12+H12 -> 27945344 | K12: =J12*0.024 -> 670688.27 | L12: =J12+K12 -> 28616033
B13: 43108 | C13: 163 | D13: 1035.78 | E13: 5200 | F13: 5080 | G13: =F13+E13 -> 10280 | H13: =E13*1.5*D13 -> 8079084 | I13: =F13*D13 -> 5261762.4 | J13: =I13+H13 -> 13340846 | K13: =J13*0.024 -> 320180.31 | L13: =J13+K13 -> 13661027
B14: 43109 | C14: 163 | D14: 1035.78 | E14: 5120 | F14: 37440 | G14: =F14+E14 -> 42560 | H14: =E14*1.5*D14 -> 7954790.4 | I14: =F14*D14 -> 38779603 | J14: =I14+H14 -> 46734394 | K14: =J14*0.024 -> 1121625.4 | L14: =J14+K14 -> 47856019
B15: 43110 | C15: 163 | D15: 1035.78 | E15: 4520 | F15: 21880 | G15: =F15+E15 -> 26400 | H15: =E15*1.5*D15 -> 7022588.4 | I15: =F15*D15 -> 22662866 | J15: =I15+H15 -> 29685455 | K15: =J15*0.024 -> 712450.92 | L15: =J15+K15 -> 30397906
B16: 43111 | C16: 163 | D16: 1035.78 | E16: 5800 | F16: 21640 | G16: =F16+E16 -> 27440 | H16: =E16*1.5*D16 -> 9011286 | I16: =F16*D16 -> 22414279 | J16: =I16+H16 -> 31425565 | K16: =J16*0.024 -> 754213.56 | L16: =J16+K16 -> 32179779
B17: 43112 | C17: 163 | D17: 1035.78 | E17: 4200 | F17: 21360 | G17: =F17+E17 -> 25560 | H17: =E17*1.5*D17 -> 6525414 | I17: =F17*D17 -> 22124261 | J17: =I17+H17 -> 28649675 | K17: =J17*0.024 -> 687592.2 | L17: =J17+K17 -> 29337267
... B36: 43131 | C36: 163 | D36: 1035.78 | E36: 4400 | F36: 20600 | G36: =F36+E36 -> 25000 | H36: =E36*1.5*D36 -> 6836148 | I36: =F36*D36 -> 21337068 | J36: =I36+H36 -> 28173216 | K36: =J36*0.024 -> 676157.18 | L36: =J36+K36 -> 28849373
C37: =SUM(C6:C36) -> 5053 | E37: =SUM(E5:E36) -> 147000 | F37: =SUM(F5:F36) -> 636880 | G37: =SUM(G5:G36) -> 783880 | H37: =SUM(H5:H36) -> 2.2838949e+08 | I37: =SUM(I5:I36) -> 6.5966757e+08 | J37: =SUM(J5:J36) -> 8.8805706e+08 | K37: =SUM(K5:K36) -> 21313369 | L37: =SUM(L5:L36) -> 9.0937043e+08

Sheet Water
B1: WATER METER READING
B3: Date | C3: Month | D3: Year | E3: Metering 1 | F3: Metering 2 | G3: Total Metering
E4: M3 | F4: M3 | G4: M3
B5: 1 | C5: 1 | D5: 2018 | E5: 56 | F5: 200 | G5: =E5+F5 -> 256
B6: 2 | C6: 1 | D6: 2018 | E6: 57 | F6: 201 | G6: =E6+F6 -> 258
B7: 3 | C7: 1 | D7: 2018 | E7: 62 | F7: 221 | G7: =E7+F7 -> 283
B8: 4 | C8: 1 | D8: 2018 | E8: 86 | F8: 297 | G8: =E8+F8 -> 383
B9: 5 | C9: 1 | D9: 2018 | E9: 76 | F9: 270 | G9: =E9+F9 -> 346
B10: 6 | C10: 1 | D10: 2018 | E10: 52 | F10: 181 | G10: =E10+F10 -> 233
B11: 7 | C11: 1 | D11: 2018 | E11: 64 | F11: 228 | G11: =E11+F11 -> 292
B12: 8 | C12: 1 | D12: 2018 | E12: 84 | F12: 299 | G12: =E12+F12 -> 383
B13: 9 | C13: 1 | D13: 2018 | E13: 61 | F13: 215 | G13: =E13+F13 -> 276
B14: 10 | C14: 1 | D14: 2018 | E14: 83 | F14: 300 | G14: =E14+F14 -> 383
B15: 11 | C15: 1 | D15: 2018 | E15: 59 | F15: 220 | G15: =E15+F15 -> 279
B16: 12 | C16: 1 | D16: 2018 | E16: 69 | F16: 258 | G16: =E16+F16 -> 327
... B35: 31 | C35: 1 | D35: 2018 | E35: 70 | F35: 296 | G35: =E35+F35 -> 366
E37: =SUM(E5:E35) -> 2156 | F37: =SUM(F5:F35) -> 8036 | G37: =SUM(G5:G35) -> 10192
G41: =E37+F37 -> 10192
B44: Unit Price | F44: Rupiah ( Rp) | G44: 12550
F47: Total Bill | G47: =G41*G44 -> 127909600
