Workbook

Sheet TOTAL
A1: Site Name | B1: Day | C1: Month | D1: Year | E1: Total Electricity Kwh | F1: Electricity Tariff ($/Kwh) | G1: LPG (Kg) | H1: LPG $/Kg | I1: Total Fuel Oil (Liters) | J1: Fuel Oil $/Liter | K1: Water Utility Supply (m3) m3 | L1: Water Utility Supply (m3) $/m3 | M1: Room Nights | N1: Food Covers | O1: Other fleets Petrol (Litres)
A2: Maldives at Landaa Giraavaru | B2: 1 | C2: 1 | D2: 2023 | E2: ='Submetering '!E2+'Submetering '!F2+'Submetering '!G2+'Submetering '!H2+'Submetering '!I2+'Submetering '!J2 -> 33144 | F2: 0.354 | G2: ='Maldives at LG Daily'!E5 -> 405 | H2: 1.24 | I2: ='Diesel consumption'!D5 -> 8380 | J2: 1.3 | K2: ='Maldives at LG Daily'!H5 -> 9389 | L2: 0 | M2: 96 | N2: ='Submetering '!BN2 -> 692 | O2: ='Diesel consumption'!H5+'Diesel consumption'!P5 -> 4200
A3: Maldives at Landaa Giraavaru | B3: 2 | C3: 1 | D3: 2023 | E3: ='Submetering '!E3+'Submetering '!F3+'Submetering '!G3+'Submetering '!H3+'Submetering '!I3+'Submetering '!J3 -> 32415 | F3: 0.354 | G3: ='Maldives at LG Daily'!E6 -> 270 | H3: 1.24 | I3: ='Diesel consumption'!D6 -> 8520 | J3: 1.3 | K3: ='Maldives at LG Daily'!H6 -> 9191 | L3: 0 | M3: 91 | N3: ='Submetering '!BN3 -> 701 | O3: ='Diesel consumption'!H6+'Diesel consumption'!P6 -> 1110
A4: Maldives at Landaa Giraavaru | B4: 3 | C4: 1 | D4: 2023 | E4: ='Submetering '!E4+'Submetering '!F4+'Submetering '!G4+'Submetering '!H4+'Submetering '!I4+'Submetering '!J4 -> 31874 | F4: 0.354 | G4: ='Maldives at LG Daily'!E7 -> 315 | H4: 1.24 | I4: ='Diesel consumption'!D7 -> 8110 | J4: 1.3 | K4: ='Maldives at LG Daily'!H7 -> 6813 | L4: 0 | M4: 91 | N4: ='Submetering '!BN4 -> 740 | O4: ='Diesel consumption'!H7+'Diesel consumption'!P7 -> 2200
A5: Maldives at Landaa Giraavaru | B5: 4 | C5: 1 | D5: 2023 | E5: ='Submetering '!E5+'Submetering '!F5+'Submetering '!G5+'Submetering '!H5+'Submetering '!I5+'Submetering '!J5 -> 31641 | F5: 0.354 | G5: ='Maldives at LG Daily'!E8 -> 270 | H5: 1.24 | I5: ='Diesel consumption'!D8 -> 8050 | J5: 1.3 | K5: ='Maldives at LG Daily'!H8 -> 10465 | L5: 0 | M5: 83 | N5: ='Submetering '!BN5 -> 647 | O5: ='Diesel consumption'!H8+'Diesel consumption'!P8 -> 260
A6: Maldives at Landaa Giraavaru | B6: 5 | C6: 1 | D6: 2023 | E6: ='Submetering '!E6+'Submetering '!F6+'Submetering '!G6+'Submetering '!H6+'Submetering '!I6+'Submetering '!J6 -> 31544 | F6: 0.354 | G6: ='Maldives at LG Daily'!E9 -> 360 | H6: 1.24 | I6: ='Diesel consumption'!D9 -> 8160 | J6: 1.3 | K6: ='Maldives at LG Daily'!H9 -> 9400 | L6: 0 | M6: 79 | N6: ='Submetering '!BN6 -> 639 | O6: ='Diesel consumption'!H9+'Diesel consumption'!P9 -> 3340
A7: Maldives at Landaa Giraavaru | B7: 6 | C7: 1 | D7: 2023 | E7: ='Submetering '!E7+'Submetering '!F7+'Submetering '!G7+'Submetering '!H7+'Submetering '!I7+'Submetering '!J7 -> 31798 | F7: 0.354 | G7: ='Maldives at LG Daily'!E10 -> 315 | H7: 1.24 | I7: ='Diesel consumption'!D10 -> 8160 | J7: 1.3 | K7: ='Maldives at LG Daily'!H10 -> 7536 | L7: 0 | M7: 69 | N7: ='Submetering '!BN7 -> 532 | O7: ='Diesel consumption'!H10+'Diesel consumption'!P10 -> 1750
A8: Maldives at Landaa Giraavaru | B8: 7 | C8: 1 | D8: 2023 | E8: ='Submetering '!E8+'Submetering '!F8+'Submetering '!G8+'Submetering '!H8+'Submetering '!I8+'Submetering '!J8 -> 30700 | F8: 0.354 | G8: ='Maldives at LG Daily'!E11 -> 270 | H8: 1.24 | I8: ='Diesel consumption'!D11 -> 7810 | J8: 1.3 | K8: ='Maldives at LG Daily'!H11 -> 8861 | L8: 0 | M8: 63 | N8: ='Submetering '!BN8 -> 539 | O8: ='Diesel consumption'!H11+'Diesel consumption'!P11 -> 140
A9: Maldives at Landaa Giraavaru | B9: 8 | C9: 1 | D9: 2023 | E9: ='Submetering '!E9+'Submetering '!F9+'Submetering '!G9+'Submetering '!H9+'Submetering '!I9+'Submetering '!J9 -> 29862 | F9: 0.354 | G9: ='Maldives at LG Daily'!E12 -> 315 | H9: 1.24 | I9: ='Diesel consumption'!D12 -> 7650 | J9: 1.3 | K9: ='Maldives at LG Daily'!H12 -> 7577 | L9: 0 | M9: 45 | N9: ='Submetering '!BN9 -> 334 | O9: ='Diesel consumption'!H12+'Diesel consumption'!P12 -> 1660
A10: Maldives at Landaa Giraavaru | B10: 9 | C10: 1 | D10: 2023 | E10: ='Submetering '!E10+'Submetering '!F10+'Submetering '!G10+'Submetering '!H10+'Submetering '!I10+'Submetering '!J10 -> 29322 | F10: 0.354 | G10: ='Maldives at LG Daily'!E13 -> 225 | H10: 1.24 | I10: ='Diesel consumption'!D13 -> 7300 | J10: 1.3 | K10: ='Maldives at LG Daily'!H13 -> 10197 | L10: 0 | M10: 44 | N10: ='Submetering '!BN10 -> 338 | O10: ='Diesel consumption'!H13+'Diesel consumption'!P13 -> 1640
A11: Maldives at Landaa Giraavaru | B11: 10 | C11: 1 | D11: 2023 | E11: ='Submetering '!E11+'Submetering '!F11+'Submetering '!G11+'Submetering '!H11+'Submetering '!I11+'Submetering '!J11 -> 28708 | F11: 0.354 | G11: ='Maldives at LG Daily'!E14 -> 270 | H11: 1.24 | I11: ='Diesel consumption'!D14 -> 7280 | J11: 1.3 | K11: ='Maldives at LG Daily'!H14 -> 6741 | L11: 0 | M11: 38 | N11: ='Submetering '!BN11 -> 285 | O11: ='Diesel consumption'!H14+'Diesel consumption'!P14 -> 1900
A12: Maldives at Landaa Giraavaru | B12: 11 | C12: 1 | D12: 2023 | E12: ='Submetering '!E12+'Submetering '!F12+'Submetering '!G12+'Submetering '!H12+'Submetering '!I12+'Submetering '!J12 -> 27709 | F12: 0.354 | G12: ='Maldives at LG Daily'!E15 -> 270 | H12: 1.24 | I12: ='Diesel consumption'!D15 -> 7340 | J12: 1.3 | K12: ='Maldives at LG Daily'!H15 -> 4793 | L12: 0 | M12: 42 | N12: ='Submetering '!BN12 -> 346 | O12: ='Diesel consumption'!H15+'Diesel consumption'!P15 -> 700
A13: Maldives at Landaa Giraavaru | B13: 12 | C13: 1 | D13: 2023 | E13: ='Submetering '!E13+'Submetering '!F13+'Submetering '!G13+'Submetering '!H13+'Submetering '!I13+'Submetering '!J13 -> 26452 | F13: 0.354 | G13: ='Maldives at LG Daily'!E16 -> 270 | H13: 1.24 | I13: ='Diesel consumption'!D16 -> 6740 | J13: 1.3 | K13: ='Maldives at LG Daily'!H16 -> 0 | L13: 0 | M13: 48 | N13: ='Submetering '!BN13 -> 372 | O13: ='Diesel consumption'!H16+'Diesel consumption'!P16 -> 1500
... A31: Maldives at Landaa Giraavaru | B31: 30 | C31: 1 | D31: 2023 | E31: ='Submetering '!E31+'Submetering '!F31+'Submetering '!G31+'Submetering '!H31+'Submetering '!I31+'Submetering '!J31 -> 26966 | F31: 0.354 | G31: ='Maldives at LG Daily'!E34 -> 315 | H31: 2.24 | I31: ='Diesel consumption'!D34 -> 6830 | J31: 1.3 | K31: ='Maldives at LG Daily'!H34 -> 14341 | L31: 1 | M31: 47 | N31: ='Submetering '!BN31 -> 302 | O31: ='Diesel consumption'!H34+'Diesel consumption'!P34 -> 2650
A32: Maldives at Landaa Giraavaru | B32: 31 | C32: 1 | D32: 2023 | E32: ='Submetering '!E32+'Submetering '!F32+'Submetering '!G32+'Submetering '!H32+'Submetering '!I32+'Submetering '!J32 -> 28139 | F32: 0.354 | G32: ='Maldives at LG Daily'!E35 -> 225 | H32: 1.24 | I32: ='Diesel consumption'!D35 -> 7010 | J32: 1.3 | K32: ='Maldives at LG Daily'!H36 -> 0 | L32: 0 | M32: 51 | N32: ='Submetering '!BN32 -> 317 | O32: ='Diesel consumption'!H35+'Diesel consumption'!P35 -> 2430
M33: =SUM(M2:M32) -> 1828 | N33: =SUM(N2:N32) -> 13333 | O33: =SUM(O2:O32) -> 64580

Sheet Submetering 
A1: Site Name | B1: Day | C1: Month | D1: Year | E1: Solar | F1: GENSET NO 1 | G1: GENSET NO 2 | H1: GENSET NO 3 | I1: GENSET NO 4 | J1: GENSET NO 5 | K1: Main BLU FEEDER PANEL 1 | L1: Main BLU FEEDER PANEL 2 | M1: Main POWER HOUSE FEEDER PANEL NO:3 | N1: Main Kitchen -7 | O1: Main Kitchen -10 | P1: Water treatment Plant | Q1: Sewage treatment Plant | R1: Laundry--8SSB (Machineries) | S1: Laundry-9 (HR/Tuck Shop Building) | T1: New staff accomodation (E0) | U1: Staff block-16(E2-E3) | V1: Staff Block Feeder-3(E4-E5) | W1: Management block-5 (M1 to M6) | X1: SNR STAFF BLOCK (PC Block) | Y1: BOAT DOCK FEEDER - 22 | Z1: RECEPTION Building Full (Finance/Reservation) | AA1: DIVE CENTER (Inc MDC and Recreation) | AB1: 301-307 | AC1: 308-314 | AD1: 315-320 | AE1: 401-407 | AF1: 408-414 | AG1: 415-420 | AH1: SPA - 1 | AI1: SPA - 2 | AJ1: BLU KITCHEN - 1 | AK1: BLU KITCHEN - 2 | AL1: AL BARAKATH | AM1: STAFF KITCHEN | AN1: R/O Plant A | AO1: R/O Plant B | AP1: R/O Plant C | AQ1: R/O Plant D | AR1: Laundry | AS1: Staff Block - E0 | AT1: Staff Block - E1 | AU1: Staff Block - E2 | AV1: Staff Block - E3 | AW1: Staff Block - E4 | AX1: Staff Block - E5 | AY1: Management Block | AZ1: PC Block | BA1: GM Bungalow | BB1: Boat Dock | BC1: Supply Jetty | BD1: Main Kitchen | BE1: Day Facility | BF1: Reception | BG1: Main Pool | BH1: Dive Center | BI1: Albarakthu | BJ1: Blu Resturant | BK1: Main Jetty | BL1: Landaa Estate | BM1: ROOM NIGHTS | BN1: Total Food Covers
A2: Maldives at Landaa Giraavaru | B2: 1 | C2: =TOTAL!C2 -> 1 | D2: =TOTAL!D2 -> 2023 | E2: ='SOLAR METER READING'!D9 -> 2990 | F2: ='Maldives at LG Daily'!G5 -> 6308 | G2: ='Maldives at LG Daily'!H5 -> 9389 | H2: ='Maldives at LG Daily'!I5 -> 5488 | I2: ='Maldives at LG Daily'!J5 -> 2984 | J2: ='Maldives at LG Daily'!K5 -> 5985 | K2: ='Maldives at LG Daily'!L5 -> 4416 | L2: ='Maldives at LG Daily'!M5 -> 4900 | M2: ='Maldives at LG Daily'!N5 -> 12450 | ... AM2: ='Maldives at LG Daily'!AN5 -> 1110 | AN2: ='Maldives at LG Daily'!AQ5 -> 243 | AO2: ='Maldives at LG Daily'!AR5 -> 73 | AP2: ='Maldives at LG Daily'!AS5 -> 0 | AQ2: ='Maldives at LG Daily'!AT5 -> 75 | AR2: ='Maldives at LG Daily'!AU5 -> 38 | AS2: ='Maldives at LG Daily'!AV5 -> 7 | AT2: ='Maldives at LG Daily'!AW5 -> 5 | AU2: ='Maldives at LG Daily'!AX5 -> 11 | ... BL2: ='Maldives at LG Daily'!BO5 -> 1 | BM2: ='Room Nights and Food Covers'!B5 -> 93.2 | BN2: ='Room Nights and Food Covers'!C5 -> 692
A3: Maldives at Landaa Giraavaru | B3: 2 | C3: =TOTAL!C3 -> 1 | D3: =TOTAL!D3 -> 2023 | E3: ='SOLAR METER READING'!D10 -> 3058 | F3: ='Maldives at LG Daily'!G6 -> 5796 | G3: ='Maldives at LG Daily'!H6 -> 9191 | H3: ='Maldives at LG Daily'!I6 -> 3869 | I3: ='Maldives at LG Daily'!J6 -> 4064 | J3: ='Maldives at LG Daily'!K6 -> 6437 | K3: ='Maldives at LG Daily'!L6 -> 4316 | L3: ='Maldives at LG Daily'!M6 -> 4766 | M3: ='Maldives at LG Daily'!N6 -> 12544 | ... AM3: ='Maldives at LG Daily'!AN6 -> 580 | AN3: ='Maldives at LG Daily'!AQ6 -> 216 | AO3: ='Maldives at LG Daily'!AR6 -> 91 | AP3: ='Maldives at LG Daily'!AS6 -> 0 | AQ3: ='Maldives at LG Daily'!AT6 -> 122 | AR3: ='Maldives at LG Daily'!AU6 -> 34 | AS3: ='Maldives at LG Daily'!AV6 -> 6 | AT3: ='Maldives at LG Daily'!AW6 -> 10 | AU3: ='Maldives at LG Daily'!AX6 -> 12 | ... BL3: ='Maldives at LG Daily'!BO6 -> 3 | BM3: ='Room Nights and Food Covers'!B6 -> 88.3 | BN3: ='Room Nights and Food Covers'!C6 -> 701
A4: Maldives at Landaa Giraavaru | B4: 3 | C4: =TOTAL!C4 -> 1 | D4: =TOTAL!D4 -> 2023 | E4: ='SOLAR METER READING'!D11 -> 2887 | F4: ='Maldives at LG Daily'!G7 -> 7321 | G4: ='Maldives at LG Daily'!H7 -> 6813 | H4: ='Maldives at LG Daily'!I7 -> 4139 | I4: ='Maldives at LG Daily'!J7 -> 3476 | J4: ='Maldives at LG Daily'!K7 -> 7238 | K4: ='Maldives at LG Daily'!L7 -> 4338 | L4: ='Maldives at LG Daily'!M7 -> 4664 | M4: ='Maldives at LG Daily'!N7 -> 12712 | ... AM4: ='Maldives at LG Daily'!AN7 -> 560 | AN4: ='Maldives at LG Daily'!AQ7 -> 195 | AO4: ='Maldives at LG Daily'!AR7 -> 85 | AP4: ='Maldives at LG Daily'!AS7 -> 0 | AQ4: ='Maldives at LG Daily'!AT7 -> 119 | AR4: ='Maldives at LG Daily'!AU7 -> 36 | AS4: ='Maldives at LG Daily'!AV7 -> 8 | AT4: ='Maldives at LG Daily'!AW7 -> 9 | AU4: ='Maldives at LG Daily'!AX7 -> 12 | ... BL4: ='Maldives at LG Daily'!BO7 -> 4 | BM4: ='Room Nights and Food Covers'!B7 -> 90.3 | BN4: ='Room Nights and Food Covers'!C7 -> 740
A5: Maldives at Landaa Giraavaru | B5: 4 | C5: =TOTAL!C5 -> 1 | D5: =TOTAL!D5 -> 2023 | E5: ='SOLAR METER READING'!D12 -> 3027 | F5: ='Maldives at LG Daily'!G8 -> 4960 | G5: ='Maldives at LG Daily'!H8 -> 10465 | H5: ='Maldives at LG Daily'!I8 -> 3888 | I5: ='Maldives at LG Daily'!J8 -> 3021 | J5: ='Maldives at LG Daily'!K8 -> 6280 | K5: ='Maldives at LG Daily'!L8 -> 4349 | L5: ='Maldives at LG Daily'!M8 -> 4661 | M5: ='Maldives at LG Daily'!N8 -> 11714 | ... AM5: ='Maldives at LG Daily'!AN8 -> 570 | AN5: ='Maldives at LG Daily'!AQ8 -> 187 | AO5: ='Maldives at LG Daily'!AR8 -> 15 | AP5: ='Maldives at LG Daily'!AS8 -> 179 | AQ5: ='Maldives at LG Daily'!AT8 -> 84 | AR5: ='Maldives at LG Daily'!AU8 -> 32 | AS5: ='Maldives at LG Daily'!AV8 -> 6 | AT5: ='Maldives at LG Daily'!AW8 -> 10 | AU5: ='Maldives at LG Daily'!AX8 -> 13 | ... BL5: ='Maldives at LG Daily'!BO8 -> 2 | BM5: ='Room Nights and Food Covers'!B8 -> 81.6 | BN5: ='Room Nights and Food Covers'!C8 -> 647
A6: Maldives at Landaa Giraavaru | B6: 5 | C6: =TOTAL!C6 -> 1 | D6: =TOTAL!D6 -> 2023 | E6: ='SOLAR METER READING'!D13 -> 2794 | F6: ='Maldives at LG Daily'!G9 -> 5580 | G6: ='Maldives at LG Daily'!H9 -> 9400 | H6: ='Maldives at LG Daily'!I9 -> 4621 | I6: ='Maldives at LG Daily'!J9 -> 1945 | J6: ='Maldives at LG Daily'!K9 -> 7204 | K6: ='Maldives at LG Daily'!L9 -> 4138 | L6: ='Maldives at LG Daily'!M9 -> 4769 | M6: ='Maldives at LG Daily'!N9 -> 12322 | ... AM6: ='Maldives at LG Daily'!AN9 -> 520 | AN6: ='Maldives at LG Daily'!AQ9 -> 180 | AO6: ='Maldives at LG Daily'!AR9 -> 67 | AP6: ='Maldives at LG Daily'!AS9 -> 166 | AQ6: ='Maldives at LG Daily'!AT9 -> 7 | AR6: ='Maldives at LG Daily'!AU9 -> 34 | AS6: ='Maldives at LG Daily'!AV9 -> 7 | AT6: ='Maldives at LG Daily'!AW9 -> 9 | AU6: ='Maldives at LG Daily'!AX9 -> 12 | ... BL6: ='Maldives at LG Daily'!BO9 -> 14 | BM6: ='Room Nights and Food Covers'!B9 -> 77.7 | BN6: ='Room Nights and Food Covers'!C9 -> 639
A7: Maldives at Landaa Giraavaru | B7: 6 | C7: =TOTAL!C7 -> 1 | D7: =TOTAL!D7 -> 2023 | E7: ='SOLAR METER READING'!D14 -> 2867 | F7: ='Maldives at LG Daily'!G10 -> 7411 | G7: ='Maldives at LG Daily'!H10 -> 7536 | H7: ='Maldives at LG Daily'!I10 -> 2796 | I7: ='Maldives at LG Daily'!J10 -> 3476 | J7: ='Maldives at LG Daily'!K10 -> 7712 | K7: ='Maldives at LG Daily'!L10 -> 4423 | L7: ='Maldives at LG Daily'!M10 -> 4621 | M7: ='Maldives at LG Daily'!N10 -> 12388 | ... AM7: ='Maldives at LG Daily'!AN10 -> 570 | AN7: ='Maldives at LG Daily'!AQ10 -> 89 | AO7: ='Maldives at LG Daily'!AR10 -> 42 | AP7: ='Maldives at LG Daily'!AS10 -> 182 | AQ7: ='Maldives at LG Daily'!AT10 -> 62 | AR7: ='Maldives at LG Daily'!AU10 -> 34 | AS7: ='Maldives at LG Daily'!AV10 -> 7 | AT7: ='Maldives at LG Daily'!AW10 -> 11 | AU7: ='Maldives at LG Daily'!AX10 -> 15 | ... BL7: ='Maldives at LG Daily'!BO10 -> 2 | BM7: ='Room Nights and Food Covers'!B10 -> 67 | BN7: ='Room Nights and Food Covers'!C10 -> 532
A8: Maldives at Landaa Giraavaru | B8: 7 | C8: =TOTAL!C8 -> 1 | D8: =TOTAL!D8 -> 2023 | E8: ='SOLAR METER READING'!D15 -> 2807 | F8: ='Maldives at LG Daily'!G11 -> 6511 | G8: ='Maldives at LG Daily'!H11 -> 8861 | H8: ='Maldives at LG Daily'!I11 -> 2573 | I8: ='Maldives at LG Daily'!J11 -> 2473 | J8: ='Maldives at LG Daily'!K11 -> 7475 | K8: ='Maldives at LG Daily'!L11 -> 4356 | L8: ='Maldives at LG Daily'!M11 -> 4463 | M8: ='Maldives at LG Daily'!N11 -> 12336 | ... AM8: ='Maldives at LG Daily'!AN11 -> 540 | AN8: ='Maldives at LG Daily'!AQ11 -> 153 | AO8: ='Maldives at LG Daily'!AR11 -> 53 | AP8: ='Maldives at LG Daily'!AS11 -> 101 | AQ8: ='Maldives at LG Daily'!AT11 -> 0 | AR8: ='Maldives at LG Daily'!AU11 -> 35 | AS8: ='Maldives at LG Daily'!AV11 -> 8 | AT8: ='Maldives at LG Daily'!AW11 -> 10 | AU8: ='Maldives at LG Daily'!AX11 -> 13 | ... BL8: ='Maldives at LG Daily'!BO11 -> 2 | BM8: ='Room Nights and Food Covers'!B11 -> 61.2 | BN8: ='Room Nights and Food Covers'!C11 -> 539
A9: Maldives at Landaa Giraavaru | B9: 8 | C9: =TOTAL!C9 -> 1 | D9: =TOTAL!D9 -> 2023 | E9: ='SOLAR METER READING'!D16 -> 2972 | F9: ='Maldives at LG Daily'!G12 -> 6893 | G9: ='Maldives at LG Daily'!H12 -> 7577 | H9: ='Maldives at LG Daily'!I12 -> 3036 | I9: ='Maldives at LG Daily'!J12 -> 2179 | J9: ='Maldives at LG Daily'!K12 -> 7205 | K9: ='Maldives at LG Daily'!L12 -> 4075 | L9: ='Maldives at LG Daily'!M12 -> 4494 | M9: ='Maldives at LG Daily'!N12 -> 11206 | ... AM9: ='Maldives at LG Daily'!AN12 -> 510 | AN9: ='Maldives at LG Daily'!AQ12 -> 169 | AO9: ='Maldives at LG Daily'!AR12 -> 10 | AP9: ='Maldives at LG Daily'!AS12 -> 125 | AQ9: ='Maldives at LG Daily'!AT12 -> 0 | AR9: ='Maldives at LG Daily'!AU12 -> 32 | AS9: ='Maldives at LG Daily'!AV12 -> 6 | AT9: ='Maldives at LG Daily'!AW12 -> 9 | AU9: ='Maldives at LG Daily'!AX12 -> 12 | ... BL9: ='Maldives at LG Daily'!BO12 -> 2 | BM9: ='Room Nights and Food Covers'!B12 -> 43.7 | BN9: ='Room Nights and Food Covers'!C12 -> 334
A10: Maldives at Landaa Giraavaru | B10: 9 | C10: =TOTAL!C10 -> 1 | D10: =TOTAL!D10 -> 2023 | E10: ='SOLAR METER READING'!D17 -> 2822 | F10: ='Maldives at LG Daily'!G13 -> 0 | G10: ='Maldives at LG Daily'!H13 -> 10197 | H10: ='Maldives at LG Daily'!I13 -> 7274 | I10: ='Maldives at LG Daily'!J13 -> 3110 | J10: ='Maldives at LG Daily'!K13 -> 5919 | K10: ='Maldives at LG Daily'!L13 -> 3970 | L10: ='Maldives at LG Daily'!M13 -> 4695 | M10: ='Maldives at LG Daily'!N13 -> 11415 | ... AM10: ='Maldives at LG Daily'!AN13 -> 560 | AN10: ='Maldives at LG Daily'!AQ13 -> 182 | AO10: ='Maldives at LG Daily'!AR13 -> 0 | AP10: ='Maldives at LG Daily'!AS13 -> 149 | AQ10: ='Maldives at LG Daily'!AT13 -> 0 | AR10: ='Maldives at LG Daily'!AU13 -> 31 | AS10: ='Maldives at LG Daily'!AV13 -> 6 | AT10: ='Maldives at LG Daily'!AW13 -> 10 | AU10: ='Maldives at LG Daily'!AX13 -> 11 | ... BL10: ='Maldives at LG Daily'!BO13 -> 3 | BM10: ='Room Nights and Food Covers'!B13 -> 42.7 | BN10: ='Room Nights and Food Covers'!C13 -> 338
A11: Maldives at Landaa Giraavaru | B11: 10 | C11: =TOTAL!C11 -> 1 | D11: =TOTAL!D11 -> 2023 | E11: ='SOLAR METER READING'!D18 -> 2734 | F11: ='Maldives at LG Daily'!G14 -> 7687 | G11: ='Maldives at LG Daily'!H14 -> 6741 | H11: ='Maldives at LG Daily'!I14 -> 15 | I11: ='Maldives at LG Daily'!J14 -> 3666 | J11: ='Maldives at LG Daily'!K14 -> 7865 | K11: ='Maldives at LG Daily'!L14 -> 3839 | L11: ='Maldives at LG Daily'!M14 -> 4138 | M11: ='Maldives at LG Daily'!N14 -> 11193 | ... AM11: ='Maldives at LG Daily'!AN14 -> 520 | AN11: ='Maldives at LG Daily'!AQ14 -> 181 | AO11: ='Maldives at LG Daily'!AR14 -> 0 | AP11: ='Maldives at LG Daily'!AS14 -> 125 | AQ11: ='Maldives at LG Daily'!AT14 -> 0 | AR11: ='Maldives at LG Daily'!AU14 -> 26 | AS11: ='Maldives at LG Daily'!AV14 -> 7 | AT11: ='Maldives at LG Daily'!AW14 -> 10 | AU11: ='Maldives at LG Daily'!AX14 -> 13 | ... BL11: ='Maldives at LG Daily'!BO14 -> 1 | BM11: ='Room Nights and Food Covers'!B14 -> 35 | BN11: ='Room Nights and Food Covers'!C14 -> 285
A12: Maldives at Landaa Giraavaru | B12: 11 | C12: =TOTAL!C12 -> 1 | D12: =TOTAL!D12 -> 2023 | E12: ='SOLAR METER READING'!D19 -> 2817 | F12: ='Maldives at LG Daily'!G15 -> 7264 | G12: ='Maldives at LG Daily'!H15 -> 4793 | H12: ='Maldives at LG Daily'!I15 -> 2625 | I12: ='Maldives at LG Daily'!J15 -> 4780 | J12: ='Maldives at LG Daily'!K15 -> 5430 | K12: ='Maldives at LG Daily'!L15 -> 3629 | L12: ='Maldives at LG Daily'!M15 -> 3859 | M12: ='Maldives at LG Daily'!N15 -> 10932 | ... AM12: ='Maldives at LG Daily'!AN15 -> 530 | AN12: ='Maldives at LG Daily'!AQ15 -> 175 | AO12: ='Maldives at LG Daily'!AR15 -> 31 | AP12: ='Maldives at LG Daily'!AS15 -> 132 | AQ12: ='Maldives at LG Daily'!AT15 -> 0 | AR12: ='Maldives at LG Daily'!AU15 -> 24 | AS12: ='Maldives at LG Daily'!AV15 -> 6 | AT12: ='Maldives at LG Daily'!AW15 -> 10 | AU12: ='Maldives at LG Daily'!AX15 -> 10 | ... BL12: ='Maldives at LG Daily'!BO15 -> 2 | BM12: ='Room Nights and Food Covers'!B15 -> 40.8 | BN12: ='Room Nights and Food Covers'!C15 -> 346
A13: Maldives at Landaa Giraavaru | B13: 12 | C13: =TOTAL!C13 -> 1 | D13: =TOTAL!D13 -> 2023 | E13: ='SOLAR METER READING'!D20 -> 2161 | F13: ='Maldives at LG Daily'!G16 -> 7040 | G13: ='Maldives at LG Daily'!H16 -> 0 | H13: ='Maldives at LG Daily'!I16 -> 3473 | I13: ='Maldives at LG Daily'!J16 -> 2892 | J13: ='Maldives at LG Daily'!K16 -> 10886 | K13: ='Maldives at LG Daily'!L16 -> 3458 | L13: ='Maldives at LG Daily'!M16 -> 3569 | M13: ='Maldives at LG Daily'!N16 -> 11155 | ... AM13: ='Maldives at LG Daily'!AN16 -> 520 | AN13: ='Maldives at LG Daily'!AQ16 -> 169 | AO13: ='Maldives at LG Daily'!AR16 -> 21 | AP13: ='Maldives at LG Daily'!AS16 -> 120 | AQ13: ='Maldives at LG Daily'!AT16 -> 0 | AR13: ='Maldives at LG Daily'!AU16 -> 28 | AS13: ='Maldives at LG Daily'!AV16 -> 5 | AT13: ='Maldives at LG Daily'!AW16 -> 10 | AU13: ='Maldives at LG Daily'!AX16 -> 11 | ... BL13: ='Maldives at LG Daily'!BO16 -> 8 | BM13: ='Room Nights and Food Covers'!B16 -> 46.6 | BN13: ='Room Nights and Food Covers'!C16 -> 372
... A32: Maldives at Landaa Giraavaru | B32: 31 | C32: =TOTAL!C32 -> 1 | D32: =TOTAL!D32 -> 2023 | E32: ='SOLAR METER READING'!D39 -> 2921 | F32: ='Maldives at LG Daily'!G35 -> 5489 | G32: ='Maldives at LG Daily'!H35 -> 9630 | H32: ='Maldives at LG Daily'!I35 -> 0 | I32: ='Maldives at LG Daily'!J35 -> 3232 | J32: ='Maldives at LG Daily'!K35 -> 6867 | K32: ='Maldives at LG Daily'!L35 -> 3801 | L32: ='Maldives at LG Daily'!M35 -> 4077 | M32: ='Maldives at LG Daily'!N35 -> 10874 | ... AM32: ='Maldives at LG Daily'!AN35 -> 530 | AN32: ='Maldives at LG Daily'!AQ35 -> 173 | AO32: ='Maldives at LG Daily'!AR35 -> 0 | AP32: ='Maldives at LG Daily'!AS35 -> 139 | AQ32: ='Maldives at LG Daily'!AT35 -> 0 | AR32: ='Maldives at LG Daily'!AU35 -> 28 | AS32: ='Maldives at LG Daily'!AV35 -> 6 | AT32: ='Maldives at LG Daily'!AW35 -> 10 | AU32: ='Maldives at LG Daily'!AX35 -> 11 | ... BL32: ='Maldives at LG Daily'!BO35 -> 0 | BM32: ='Room Nights and Food Covers'!B35 -> 49.5 | BN32: ='Room Nights and Food Covers'!C35 -> 317

Sheet Maldives at LG Daily
A2: Days | C2: Electricity Meter (KWh) | E2: Gas Kg | G2: GENSET NO 1 | H2: GENSET NO 2 | I2: GENSET NO 3 | J2: GENSET NO 4 | K2: GENSET NO 5 | L2: Main BLU FEEDER PANEL 1 | M2: Main BLU FEEDER PANEL 2 | N2: Main POWER HOUSE FEEDER PANEL NO:3 | O2: Main Kitchen -7 | P2: Main Kitchen -10 | Q2: Water treatment Plant | R2: Sewage treatment Plant | S2: Laundry--8SSB (Machineries) | T2: Laundry-9 (HR/Tuck Shop Building) | U2: New staff accomodation (E0) | V2: Staff block-16(E2-E3) | W2: Staff Block Feeder-3(E4-E5) | X2: Management block-5 (M1 to M6) | Y2: SNR STAFF BLOCK (PC Block) | Z2: BOAT DOCK FEEDER - 22 | AA2: RECEPTION Building Full (Finance/Reservation) | AB2: DIVE CENTER (Inc MDC and Recreation) | AC2: 301-307 | AD2: 308-314 | AE2: 315-320 | AF2: 401-407 | AG2: 408-414 | AH2: 415-420 | AI2: SPA - 1 | AJ2: SPA - 2 | AK2: BLU KITCHEN - 1 | AL2: BLU KITCHEN - 2 | AM2: AL BARAKATH | AN2: STAFF KITCHEN | AO2: Water m3 | AQ2: R/O Plant A | AR2: R/O Plant B | AS2: R/O Plant C | AT2: R/O Plant D | AU2: Laundry | AV2: Staff Block - E0 | AW2: Staff Block - E1 | AX2: Staff Block - E2 | AY2: Staff Block - E3 | AZ2: Staff Block - E4 | BA2: Staff Block - E5 | BB2: Management Block | BC2: PC Block | BD2: GM Bungalow | BE2: Boat Dock | BF2: Supply Jetty | BG2: Main Kitchen | BH2: Day Facility | BI2: Reception | BJ2: Main Pool | BK2: Dive Center | BL2: Albarakthu | BM2: Blu Resturant | BN2: Main Jetty | BO2: Landaa Estate
A3: Date | C3: Reading KWH | D3: Difference KWH | E3: Reading Kg | F3: Difference Kg | G3: KWh | H3: KWh | I3: KWh | J3: KWh | K3: KWh | L3: KWh | M3: KWh | N3: KWh | O3: KWh | P3: KWh | Q3: KWh | R3: KWh | S3: KWh | T3: KWh | U3: KWh | V3: KWh | W3: KWh | X3: KWh | Y3: KWh | Z3: KWh | AA3: KWh | AB3: KWh | AC3: KWh | AD3: KWh | AE3: KWh | AF3: KWh | AG3: KWh | AH3: KWh | AI3: KWh | AJ3: KWh | AK3: KWh | AL3: KWh | AM3: KWh | AN3: KWh | AO3: Reading m³ | AP3: Daily Consumption m³ | AQ3: Daily Consumption m³ | AR3: Daily Consumption m³ | AS3: Daily Consumption m³ | AT3: Daily Consumption m³ | AU3: Daily Consumption m³ | AV3: Daily Consumption m³ | AW3: Daily Consumption m³ | AX3: Daily Consumption m³ | AY3: Daily Consumption m³ | AZ3: Daily Consumption m³ | BA3: Daily Consumption m³ | BB3: Daily Consumption m³ | BC3: Daily Consumption m³ | BD3: Daily Consumption m³ | BE3: Daily Consumption m³ | BF3: Daily Consumption m³ | BG3: Daily Consumption m³ | BH3: Daily Consumption m³ | BI3: Daily Consumption m³ | BJ3: Daily Consumption m³ | BK3: Daily Consumption m³ | BL3: Daily Consumption m³ | BM3: Daily Consumption m³ | BN3: Daily Consumption m³ | BO3: Daily Consumption m³ | BP3: ROOM NIGHTS | BQ3: Total Food Covers
A4: 44926 | C4: 105508122 | E4: ='[1]Gas-2'!G5 -> 0 | F4: 90 | AO4: 1143399 | AP4: 318 | BP4: ='Room Nights and Food Covers'!B4 -> 0 | BQ4: ='Room Nights and Food Covers'!C4 -> 0
A5: =A4+1 -> 44927 | C5: =SUM('GENSET #1'!C10+'GENSET #2'!C10+'GENSET #3'!C10+'GENSET #4'!C10+'GENSET #5'!C10) -> 105538276 | D5: =IF((C5-C4<0), "0",C5-C4) -> 30154 | E5: ='Gas-2'!G6 -> 405 | F5: =IF((E5-E4<0), "0",E5-E4) -> 405 | G5: ='GENSET #1'!D10 -> 6308 | H5: ='GENSET #2'!D10 -> 9389 | I5: ='GENSET #3'!D10 -> 5488 | J5: ='GENSET #4'!D10 -> 2984 | K5: ='GENSET #5'!D10 -> 5985 | L5: ='FEEDER Consumption '!E5 -> 4416 | M5: ='FEEDER Consumption '!J5 -> 4900 | N5: ='FEEDER Consumption '!O5 -> 12450 | O5: ='FEEDER Consumption '!T5 -> 2500 | P5: ='FEEDER Consumption '!Y5 -> 3072 | Q5: ='FEEDER Consumption '!AD5 -> 2200 | R5: ='FEEDER Consumption '!AJ5 -> 484 | S5: ='FEEDER Consumption '!AO5 -> 700 | T5: ='FEEDER Consumption '!AT5 -> 2900 | U5: ='FEEDER Consumption '!AY5 -> 417 | V5: ='FEEDER Consumption '!BI5 -> 300 | W5: ='FEEDER Consumption '!BI5 -> 300 | X5: ='FEEDER Consumption '!BN5 -> 500 | Y5: ='FEEDER Consumption '!BS5 -> 200 | Z5: ='FEEDER Consumption '!BX5 -> 350 | AA5: ='FEEDER Consumption '!CC5 -> 1200 | AB5: ='FEEDER Consumption '!CH5 -> 430 | AC5: ='FEEDER Consumption '!CM5 -> 1100 | AD5: ='FEEDER Consumption '!CR5 -> 1090 | AE5: ='FEEDER Consumption '!DB5 -> 1100 | AF5: ='FEEDER Consumption '!DB5 -> 1100 | AG5: ='FEEDER Consumption '!DG5 -> 910 | AH5: ='FEEDER Consumption '!DL5 -> 730 | AI5: ='FEEDER Consumption '!DQ5 -> 390 | AJ5: ='FEEDER Consumption '!DV5 -> 150 | AK5: ='FEEDER Consumption '!EA5 -> 1030 | AL5: ='FEEDER Consumption '!EF5 -> 290 | AM5: ='FEEDER Consumption '!EK5 -> 720 | AN5: ='FEEDER Consumption '!EP5 -> 1110 | AO5: =SUM(WATER!C6,WATER!H6,WATER!M6,WATER!R6) -> 1154541 | AP5: =IF((AO5-AO4<0), "0",AO5-AO4) -> 11142 | AQ5: =WATER!D6 -> 243 | AR5: =WATER!I6 -> 73 | AS5: =WATER!N6 -> 0 | AT5: =WATER!S6 -> 75 | AU5: =WATER!AD6 -> 38 | AV5: =WATER!AI6 -> 7 | AW5: =WATER!AN6 -> 5 | AX5: =WATER!AS6 -> 11 | AY5: =WATER!AX6 -> 9 | AZ5: =WATER!BC6 -> 6 | BA5: =WATER!BH6 -> 8 | BB5: =WATER!BM6 -> 8 | BC5: =WATER!BR6 -> 4 | BD5: =WATER!BW6 -> 0 | BE5: =WATER!CB6 -> 3 | BF5: =WATER!CG6 -> 2 | BG5: =WATER!CL6 -> 33 | BH5: =WATER!CQ6 -> 7 | BI5: =WATER!CV6 -> 1 | BJ5: =WATER!DA6 -> 7 | BK5: =WATER!DF6 -> 3 | BL5: =WATER!DK6 -> 2 | BM5: =WATER!DP6 -> 19 | BN5: =WATER!DU6 -> 0 | BO5: =WATER!DZ6 -> 1 | BP5: ='Room Nights and Food Covers'!B5 -> 93.2 | BQ5: ='Room Nights and Food Covers'!C5 -> 692
A6: =A5+1 -> 44928 | C6: =SUM('GENSET #1'!C11+'GENSET #2'!C11+'GENSET #3'!C11+'GENSET #4'!C11+'GENSET #5'!C11) -> 105567633 | D6: =IF((C6-C5<0), "0",C6-C5) -> 29357 | E6: ='Gas-2'!G7 -> 270 | F6: =IF((E6-E5<0), "0",E6-E5) -> 0 | G6: ='GENSET #1'!D11 -> 5796 | H6: ='GENSET #2'!D11 -> 9191 | I6: ='GENSET #3'!D11 -> 3869 | J6: ='GENSET #4'!D11 -> 4064 | K6: ='GENSET #5'!D11 -> 6437 | L6: ='FEEDER Consumption '!E6 -> 4316 | M6: ='FEEDER Consumption '!J6 -> 4766 | N6: ='FEEDER Consumption '!O6 -> 12544 | O6: ='FEEDER Consumption '!T6 -> 2400 | P6: ='FEEDER Consumption '!Y6 -> 3068 | Q6: ='FEEDER Consumption '!AD6 -> 2400 | R6: ='FEEDER Consumption '!AJ6 -> 465 | S6: ='FEEDER Consumption '!AO6 -> 700 | T6: ='FEEDER Consumption '!AT6 -> 2800 | U6: ='FEEDER Consumption '!AY6 -> 438 | V6: ='FEEDER Consumption '!BI6 -> 300 | W6: ='FEEDER Consumption '!BI6 -> 300 | X6: ='FEEDER Consumption '!BN6 -> 600 | Y6: ='FEEDER Consumption '!BS6 -> 130 | Z6: ='FEEDER Consumption '!BX6 -> 360 | AA6: ='FEEDER Consumption '!CC6 -> 1200 | AB6: ='FEEDER Consumption '!CH6 -> 510 | AC6: ='FEEDER Consumption '!CM6 -> 1180 | AD6: ='FEEDER Consumption '!CR6 -> 1070 | AE6: ='FEEDER Consumption '!DB6 -> 1100 | AF6: ='FEEDER Consumption '!DB6 -> 1100 | AG6: ='FEEDER Consumption '!DG6 -> 880 | AH6: ='FEEDER Consumption '!DL6 -> 630 | AI6: ='FEEDER Consumption '!DQ6 -> 320 | AJ6: ='FEEDER Consumption '!DV6 -> 170 | AK6: ='FEEDER Consumption '!EA6 -> 1010 | AL6: ='FEEDER Consumption '!EF6 -> 310 | AM6: ='FEEDER Consumption '!EK6 -> 350 | AN6: ='FEEDER Consumption '!EP6 -> 580 | AO6: =SUM(WATER!C7,WATER!H7,WATER!M7,WATER!R7) -> 1154970 | AP6: =IF((AO6-AO5<0), "0",AO6-AO5) -> 429 | AQ6: =WATER!D7 -> 216 | AR6: =WATER!I7 -> 91 | AS6: =WATER!N7 -> 0 | AT6: =WATER!S7 -> 122 | AU6: =WATER!AD7 -> 34 | AV6: =WATER!AI7 -> 6 | AW6: =WATER!AN7 -> 10 | AX6: =WATER!AS7 -> 12 | AY6: =WATER!AX7 -> 9 | AZ6: =WATER!BC7 -> 7 | BA6: =WATER!BH7 -> 9 | BB6: =WATER!BM7 -> 10 | BC6: =WATER!BR7 -> 2 | BD6: =WATER!BW7 -> 0 | BE6: =WATER!CB7 -> 3 | BF6: =WATER!CG7 -> 4 | BG6: =WATER!CL7 -> 36 | BH6: =WATER!CQ7 -> 14 | BI6: =WATER!CV7 -> 2 | BJ6: =WATER!DA7 -> 4 | BK6: =WATER!DF7 -> 4 | BL6: =WATER!DK7 -> 6 | BM6: =WATER!DP7 -> 21 | BN6: =WATER!DU7 -> 7 | BO6: =WATER!DZ7 -> 3 | BP6: ='Room Nights and Food Covers'!B6 -> 88.3 | BQ6: ='Room Nights and Food Covers'!C6 -> 701
A7: =A6+1 -> 44929 | C7: =SUM('GENSET #1'!C12+'GENSET #2'!C12+'GENSET #3'!C12+'GENSET #4'!C12+'GENSET #5'!C12) -> 105596620 | D7: =IF((C7-C6<0), "0",C7-C6) -> 28987 | E7: ='Gas-2'!G8 -> 315 | F7: =IF((E7-E6<0), "0",E7-E6) -> 45 | G7: ='GENSET #1'!D12 -> 7321 | H7: ='GENSET #2'!D12 -> 6813 | I7: ='GENSET #3'!D12 -> 4139 | J7: ='GENSET #4'!D12 -> 3476 | K7: ='GENSET #5'!D12 -> 7238 | L7: ='FEEDER Consumption '!E7 -> 4338 | M7: ='FEEDER Consumption '!J7 -> 4664 | N7: ='FEEDER Consumption '!O7 -> 12712 | O7: ='FEEDER Consumption '!T7 -> 2500 | P7: ='FEEDER Consumption '!Y7 -> 3034 | Q7: ='FEEDER Consumption '!AD7 -> 2400 | R7: ='FEEDER Consumption '!AJ7 -> 484 | S7: ='FEEDER Consumption '!AO7 -> 600 | T7: ='FEEDER Consumption '!AT7 -> 2600 | U7: ='FEEDER Consumption '!AY7 -> 465 | V7: ='FEEDER Consumption '!BI7 -> 300 | W7: ='FEEDER Consumption '!BI7 -> 300 | X7: ='FEEDER Consumption '!BN7 -> 600 | Y7: ='FEEDER Consumption '!BS7 -> 150 | Z7: ='FEEDER Consumption '!BX7 -> 430 | AA7: ='FEEDER Consumption '!CC7 -> 1200 | AB7: ='FEEDER Consumption '!CH7 -> 510 | AC7: ='FEEDER Consumption '!CM7 -> 1150 | AD7: ='FEEDER Consumption '!CR7 -> 960 | AE7: ='FEEDER Consumption '!DB7 -> 1100 | AF7: ='FEEDER Consumption '!DB7 -> 1100 | AG7: ='FEEDER Consumption '!DG7 -> 800 | AH7: ='FEEDER Consumption '!DL7 -> 610 | AI7: ='FEEDER Consumption '!DQ7 -> 340 | AJ7: ='FEEDER Consumption '!DV7 -> 170 | AK7: ='FEEDER Consumption '!EA7 -> 1080 | AL7: ='FEEDER Consumption '!EF7 -> 330 | AM7: ='FEEDER Consumption '!EK7 -> 380 | AN7: ='FEEDER Consumption '!EP7 -> 560 | AO7: =SUM(WATER!C8,WATER!H8,WATER!M8,WATER!R8) -> 1155369 | AP7: =IF((AO7-AO6<0), "0",AO7-AO6) -> 399 | AQ7: =WATER!D8 -> 195 | AR7: =WATER!I8 -> 85 | AS7: =WATER!N8 -> 0 | AT7: =WATER!S8 -> 119 | AU7: =WATER!AD8 -> 36 | AV7: =WATER!AI8 -> 8 | AW7: =WATER!AN8 -> 9 | AX7: =WATER!AS8 -> 12 | AY7: =WATER!AX8 -> 10 | AZ7: =WATER!BC8 -> 6 | BA7: =WATER!BH8 -> 8 | BB7: =WATER!BM8 -> 9 | BC7: =WATER!BR8 -> 2 | BD7: =WATER!BW8 -> 0 | BE7: =WATER!CB8 -> 4 | BF7: =WATER!CG8 -> 0 | BG7: =WATER!CL8 -> 33 | BH7: =WATER!CQ8 -> 9 | BI7: =WATER!CV8 -> 1 | BJ7: =WATER!DA8 -> 7 | BK7: =WATER!DF8 -> 3 | BL7: =WATER!DK8 -> 5 | BM7: =WATER!DP8 -> 21 | BN7: =WATER!DU8 -> 5 | BO7: =WATER!DZ8 -> 4 | BP7: ='Room Nights and Food Covers'!B7 -> 90.3 | BQ7: ='Room Nights and Food Covers'!C7 -> 740
A8: =A7+1 -> 44930 | C8: =SUM('GENSET #1'!C13+'GENSET #2'!C13+'GENSET #3'!C13+'GENSET #4'!C13+'GENSET #5'!C13) -> 105625234 | D8: =IF((C8-C7<0), "0",C8-C7) -> 28614 | E8: ='Gas-2'!G9 -> 270 | F8: =IF((E8-E7<0), "0",E8-E7) -> 0 | G8: ='GENSET #1'!D13 -> 4960 | H8: ='GENSET #2'!D13 -> 10465 | I8: ='GENSET #3'!D13 -> 3888 | J8: ='GENSET #4'!D13 -> 3021 | K8: ='GENSET #5'!D13 -> 6280 | L8: ='FEEDER Consumption '!E8 -> 4349 | M8: ='FEEDER Consumption '!J8 -> 4661 | N8: ='FEEDER Consumption '!O8 -> 11714 | O8: ='FEEDER Consumption '!T8 -> 2300 | P8: ='FEEDER Consumption '!Y8 -> 2960 | Q8: ='FEEDER Consumption '!AD8 -> 2100 | R8: ='FEEDER Consumption '!AJ8 -> 504 | S8: ='FEEDER Consumption '!AO8 -> 800 | T8: ='FEEDER Consumption '!AT8 -> 2500 | U8: ='FEEDER Consumption '!AY8 -> 426 | V8: ='FEEDER Consumption '!BI8 -> 300 | W8: ='FEEDER Consumption '!BI8 -> 300 | X8: ='FEEDER Consumption '!BN8 -> 600 | Y8: ='FEEDER Consumption '!BS8 -> 120 | Z8: ='FEEDER Consumption '!BX8 -> 390 | AA8: ='FEEDER Consumption '!CC8 -> 1200 | AB8: ='FEEDER Consumption '!CH8 -> 470 | AC8: ='FEEDER Consumption '!CM8 -> 1160 | AD8: ='FEEDER Consumption '!CR8 -> 1060 | AE8: ='FEEDER Consumption '!DB8 -> 220 | AF8: ='FEEDER Consumption '!DB8 -> 220 | AG8: ='FEEDER Consumption '!DG8 -> 720 | AH8: ='FEEDER Consumption '!DL8 -> 610 | AI8: ='FEEDER Consumption '!DQ8 -> 370 | AJ8: ='FEEDER Consumption '!DV8 -> 140 | AK8: ='FEEDER Consumption '!EA8 -> 970 | AL8: ='FEEDER Consumption '!EF8 -> 290 | AM8: ='FEEDER Consumption '!EK8 -> 350 | AN8: ='FEEDER Consumption '!EP8 -> 570 | AO8: =SUM(WATER!C9,WATER!H9,WATER!M9,WATER!R9) -> 1155834 | AP8: =IF((AO8-AO7<0), "0",AO8-AO7) -> 465 | AQ8: =WATER!D9 -> 187 | AR8: =WATER!I9 -> 15 | AS8: =WATER!N9 -> 179 | AT8: =WATER!S9 -> 84 | AU8: =WATER!AD9 -> 32 | AV8: =WATER!AI9 -> 6 | AW8: =WATER!AN9 -> 10 | AX8: =WATER!AS9 -> 13 | AY8: =WATER!AX9 -> 10 | AZ8: =WATER!BC9 -> 8 | BA8: =WATER!BH9 -> 8 | BB8: =WATER!BM9 -> 9 | BC8: =WATER!BR9 -> 2 | BD8: =WATER!BW9 -> 0 | BE8: =WATER!CB9 -> 3 | BF8: =WATER!CG9 -> 2 | BG8: =WATER!CL9 -> 33 | BH8: =WATER!CQ9 -> 13 | BI8: =WATER!CV9 -> 1 | BJ8: =WATER!DA9 -> 16 | BK8: =WATER!DF9 -> 6 | BL8: =WATER!DK9 -> 3 | BM8: =WATER!DP9 -> 20 | BN8: =WATER!DU9 -> 2 | BO8: =WATER!DZ9 -> 2 | BP8: ='Room Nights and Food Covers'!B8 -> 81.6 | BQ8: ='Room Nights and Food Covers'!C8 -> 647
A9: =A8+1 -> 44931 | C9: =SUM('GENSET #1'!C14+'GENSET #2'!C14+'GENSET #3'!C14+'GENSET #4'!C14+'GENSET #5'!C14) -> 105653984 | D9: =IF((C9-C8<0), "0",C9-C8) -> 28750 | E9: ='Gas-2'!G10 -> 360 | F9: =IF((E9-E8<0), "0",E9-E8) -> 90 | G9: ='GENSET #1'!D14 -> 5580 | H9: ='GENSET #2'!D14 -> 9400 | I9: ='GENSET #3'!D14 -> 4621 | J9: ='GENSET #4'!D14 -> 1945 | K9: ='GENSET #5'!D14 -> 7204 | L9: ='FEEDER Consumption '!E9 -> 4138 | M9: ='FEEDER Consumption '!J9 -> 4769 | N9: ='FEEDER Consumption '!O9 -> 12322 | O9: ='FEEDER Consumption '!T9 -> 2500 | P9: ='FEEDER Consumption '!Y9 -> 3077 | Q9: ='FEEDER Consumption '!AD9 -> 1900 | R9: ='FEEDER Consumption '!AJ9 -> 494 | S9: ='FEEDER Consumption '!AO9 -> 700 | T9: ='FEEDER Consumption '!AT9 -> 2900 | U9: ='FEEDER Consumption '!AY9 -> 438 | V9: ='FEEDER Consumption '!BI9 -> 300 | W9: ='FEEDER Consumption '!BI9 -> 300 | X9: ='FEEDER Consumption '!BN9 -> 600 | Y9: ='FEEDER Consumption '!BS9 -> 130 | Z9: ='FEEDER Consumption '!BX9 -> 400 | AA9: ='FEEDER Consumption '!CC9 -> 1200 | AB9: ='FEEDER Consumption '!CH9 -> 480 | AC9: ='FEEDER Consumption '!CM9 -> 1200 | AD9: ='FEEDER Consumption '!CR9 -> 960 | AE9: ='FEEDER Consumption '!DB9 -> 1980 | AF9: ='FEEDER Consumption '!DB9 -> 1980 | AG9: ='FEEDER Consumption '!DG9 -> 680 | AH9: ='FEEDER Consumption '!DL9 -> 680 | AI9: ='FEEDER Consumption '!DQ9 -> 330 | AJ9: ='FEEDER Consumption '!DV9 -> 150 | AK9: ='FEEDER Consumption '!EA9 -> 1040 | AL9: ='FEEDER Consumption '!EF9 -> 320 | AM9: ='FEEDER Consumption '!EK9 -> 370 | AN9: ='FEEDER Consumption '!EP9 -> 520 | AO9: =SUM(WATER!C10,WATER!H10,WATER!M10,WATER!R10) -> 1156254 | AP9: =IF((AO9-AO8<0), "0",AO9-AO8) -> 420 | AQ9: =WATER!D10 -> 180 | AR9: =WATER!I10 -> 67 | AS9: =WATER!N10 -> 166 | AT9: =WATER!S10 -> 7 | AU9: =WATER!AD10 -> 34 | AV9: =WATER!AI10 -> 7 | AW9: =WATER!AN10 -> 9 | AX9: =WATER!AS10 -> 12 | AY9: =WATER!AX10 -> 9 | AZ9: =WATER!BC10 -> 6 | BA9: =WATER!BH10 -> 9 | BB9: =WATER!BM10 -> 9 | BC9: =WATER!BR10 -> 2 | BD9: =WATER!BW10 -> 0 | BE9: =WATER!CB10 -> 5 | BF9: =WATER!CG10 -> 3 | BG9: =WATER!CL10 -> 31 | BH9: =WATER!CQ10 -> 10 | BI9: =WATER!CV10 -> 1 | BJ9: =WATER!DA10 -> 6 | BK9: =WATER!DF10 -> 4 | BL9: =WATER!DK10 -> 6 | BM9: =WATER!DP10 -> 22 | BN9: =WATER!DU10 -> 5 | BO9: =WATER!DZ10 -> 14 | BP9: ='Room Nights and Food Covers'!B9 -> 77.7 | BQ9: ='Room Nights and Food Covers'!C9 -> 639
A10: =A9+1 -> 44932 | C10: =SUM('GENSET #1'!C15+'GENSET #2'!C15+'GENSET #3'!C15+'GENSET #4'!C15+'GENSET #5'!C15) -> 105682915 | D10: =IF((C10-C9<0), "0",C10-C9) -> 28931 | E10: ='Gas-2'!G11 -> 315 | F10: =IF((E10-E9<0), "0",E10-E9) -> 0 | G10: ='GENSET #1'!D15 -> 7411 | H10: ='GENSET #2'!D15 -> 7536 | I10: ='GENSET #3'!D15 -> 2796 | J10: ='GENSET #4'!D15 -> 3476 | K10: ='GENSET #5'!D15 -> 7712 | L10: ='FEEDER Consumption '!E10 -> 4423 | M10: ='FEEDER Consumption '!J10 -> 4621 | N10: ='FEEDER Consumption '!O10 -> 12388 | O10: ='FEEDER Consumption '!T10 -> 2300 | P10: ='FEEDER Consumption '!Y10 -> 3058 | Q10: ='FEEDER Consumption '!AD10 -> 2400 | R10: ='FEEDER Consumption '!AJ10 -> 472 | S10: ='FEEDER Consumption '!AO10 -> 700 | T10: ='FEEDER Consumption '!AT10 -> 2500 | U10: ='FEEDER Consumption '!AY10 -> 429 | V10: ='FEEDER Consumption '!BI10 -> 300 | W10: ='FEEDER Consumption '!BI10 -> 300 | X10: ='FEEDER Consumption '!BN10 -> 500 | Y10: ='FEEDER Consumption '!BS10 -> 110 | Z10: ='FEEDER Consumption '!BX10 -> 370 | AA10: ='FEEDER Consumption '!CC10 -> 1200 | AB10: ='FEEDER Consumption '!CH10 -> 510 | AC10: ='FEEDER Consumption '!CM10 -> 1120 | AD10: ='FEEDER Consumption '!CR10 -> 1020 | AE10: ='FEEDER Consumption '!DB10 -> 1100 | AF10: ='FEEDER Consumption '!DB10 -> 1100 | AG10: ='FEEDER Consumption '!DG10 -> 720 | AH10: ='FEEDER Consumption '!DL10 -> 550 | AI10: ='FEEDER Consumption '!DQ10 -> 350 | AJ10: ='FEEDER Consumption '!DV10 -> 160 | AK10: ='FEEDER Consumption '!EA10 -> 990 | AL10: ='FEEDER Consumption '!EF10 -> 320 | AM10: ='FEEDER Consumption '!EK10 -> 370 | AN10: ='FEEDER Consumption '!EP10 -> 570 | AO10: =SUM(WATER!C11,WATER!H11,WATER!M11,WATER!R11) -> 1156629 | AP10: =IF((AO10-AO9<0), "0",AO10-AO9) -> 375 | AQ10: =WATER!D11 -> 89 | AR10: =WATER!I11 -> 42 | AS10: =WATER!N11 -> 182 | AT10: =WATER!S11 -> 62 | AU10: =WATER!AD11 -> 34 | AV10: =WATER!AI11 -> 7 | AW10: =WATER!AN11 -> 11 | AX10: =WATER!AS11 -> 15 | AY10: =WATER!AX11 -> 11 | AZ10: =WATER!BC11 -> 8 | BA10: =WATER!BH11 -> 9 | BB10: =WATER!BM11 -> 9 | BC10: =WATER!BR11 -> 2 | BD10: =WATER!BW11 -> 0 | BE10: =WATER!CB11 -> 3 | BF10: =WATER!CG11 -> 0 | BG10: =WATER!CL11 -> 26 | BH10: =WATER!CQ11 -> 12 | BI10: =WATER!CV11 -> 0 | BJ10: =WATER!DA11 -> 6 | BK10: =WATER!DF11 -> 3 | BL10: =WATER!DK11 -> 3 | BM10: =WATER!DP11 -> 21 | BN10: =WATER!DU11 -> 3 | BO10: =WATER!DZ11 -> 2 | BP10: ='Room Nights and Food Covers'!B10 -> 67 | BQ10: ='Room Nights and Food Covers'!C10 -> 532
A11: =A10+1 -> 44933 | C11: =SUM('GENSET #1'!C16+'GENSET #2'!C16+'GENSET #3'!C16+'GENSET #4'!C16+'GENSET #5'!C16) -> 105710808 | D11: =IF((C11-C10<0), "0",C11-C10) -> 27893 | E11: ='Gas-2'!G12 -> 270 | F11: =IF((E11-E10<0), "0",E11-E10) -> 0 | G11: ='GENSET #1'!D16 -> 6511 | H11: ='GENSET #2'!D16 -> 8861 | I11: ='GENSET #3'!D16 -> 2573 | J11: ='GENSET #4'!D16 -> 2473 | K11: ='GENSET #5'!D16 -> 7475 | L11: ='FEEDER Consumption '!E11 -> 4356 | M11: ='FEEDER Consumption '!J11 -> 4463 | N11: ='FEEDER Consumption '!O11 -> 12336 | O11: ='FEEDER Consumption '!T11 -> 2400 | P11: ='FEEDER Consumption '!Y11 -> 2974 | Q11: ='FEEDER Consumption '!AD11 -> 2100 | R11: ='FEEDER Consumption '!AJ11 -> 447 | S11: ='FEEDER Consumption '!AO11 -> 800 | T11: ='FEEDER Consumption '!AT11 -> 2500 | U11: ='FEEDER Consumption '!AY11 -> 432 | V11: ='FEEDER Consumption '!BI11 -> 400 | W11: ='FEEDER Consumption '!BI11 -> 400 | X11: ='FEEDER Consumption '!BN11 -> 600 | Y11: ='FEEDER Consumption '!BS11 -> 130 | Z11: ='FEEDER Consumption '!BX11 -> 400 | AA11: ='FEEDER Consumption '!CC11 -> 1200 | AB11: ='FEEDER Consumption '!CH11 -> 470 | AC11: ='FEEDER Consumption '!CM11 -> 1260 | AD11: ='FEEDER Consumption '!CR11 -> 1030 | AE11: ='FEEDER Consumption '!DB11 -> 1300 | AF11: ='FEEDER Consumption '!DB11 -> 1300 | AG11: ='FEEDER Consumption '!DG11 -> 720 | AH11: ='FEEDER Consumption '!DL11 -> 550 | AI11: ='FEEDER Consumption '!DQ11 -> 350 | AJ11: ='FEEDER Consumption '!DV11 -> 140 | AK11: ='FEEDER Consumption '!EA11 -> 1070 | AL11: ='FEEDER Consumption '!EF11 -> 340 | AM11: ='FEEDER Consumption '!EK11 -> 480 | AN11: ='FEEDER Consumption '!EP11 -> 540 | AO11: =SUM(WATER!C12,WATER!H12,WATER!M12,WATER!R12) -> 1156936 | AP11: =IF((AO11-AO10<0), "0",AO11-AO10) -> 307 | AQ11: =WATER!D12 -> 153 | AR11: =WATER!I12 -> 53 | AS11: =WATER!N12 -> 101 | AT11: =WATER!S12 -> 0 | AU11: =WATER!AD12 -> 35 | AV11: =WATER!AI12 -> 8 | AW11: =WATER!AN12 -> 10 | AX11: =WATER!AS12 -> 13 | AY11: =WATER!AX12 -> 9 | AZ11: =WATER!BC12 -> 7 | BA11: =WATER!BH12 -> 9 | BB11: =WATER!BM12 -> 9 | BC11: =WATER!BR12 -> 1 | BD11: =WATER!BW12 -> 2 | BE11: =WATER!CB12 -> 2 | BF11: =WATER!CG12 -> 2 | BG11: =WATER!CL12 -> 27 | BH11: =WATER!CQ12 -> 6 | BI11: =WATER!CV12 -> 2 | BJ11: =WATER!DA12 -> 1 | BK11: =WATER!DF12 -> 4 | BL11: =WATER!DK12 -> 4 | BM11: =WATER!DP12 -> 19 | BN11: =WATER!DU12 -> 2 | BO11: =WATER!DZ12 -> 2 | BP11: ='Room Nights and Food Covers'!B11 -> 61.2 | BQ11: ='Room Nights and Food Covers'!C11 -> 539
A12: =A11+1 -> 44934 | C12: =SUM('GENSET #1'!C17+'GENSET #2'!C17+'GENSET #3'!C17+'GENSET #4'!C17+'GENSET #5'!C17) -> 105737698 | D12: =IF((C12-C11<0), "0",C12-C11) -> 26890 | E12: ='Gas-2'!G13 -> 315 | F12: =IF((E12-E11<0), "0",E12-E11) -> 45 | G12: ='GENSET #1'!D17 -> 6893 | H12: ='GENSET #2'!D17 -> 7577 | I12: ='GENSET #3'!D17 -> 3036 | J12: ='GENSET #4'!D17 -> 2179 | K12: ='GENSET #5'!D17 -> 7205 | L12: ='FEEDER Consumption '!E12 -> 4075 | M12: ='FEEDER Consumption '!J12 -> 4494 | N12: ='FEEDER Consumption '!O12 -> 11206 | O12: ='FEEDER Consumption '!T12 -> 2300 | P12: ='FEEDER Consumption '!Y12 -> 2843 | Q12: ='FEEDER Consumption '!AD12 -> 1600 | R12: ='FEEDER Consumption '!AJ12 -> 466 | S12: ='FEEDER Consumption '!AO12 -> 700 | T12: ='FEEDER Consumption '!AT12 -> 2300 | U12: ='FEEDER Consumption '!AY12 -> 448 | V12: ='FEEDER Consumption '!BI12 -> 300 | W12: ='FEEDER Consumption '!BI12 -> 300 | X12: ='FEEDER Consumption '!BN12 -> 600 | Y12: ='FEEDER Consumption '!BS12 -> 120 | Z12: ='FEEDER Consumption '!BX12 -> 410 | AA12: ='FEEDER Consumption '!CC12 -> 1200 | AB12: ='FEEDER Consumption '!CH12 -> 430 | AC12: ='FEEDER Consumption '!CM12 -> 1070 | AD12: ='FEEDER Consumption '!CR12 -> 840 | AE12: ='FEEDER Consumption '!DB12 -> 800 | AF12: ='FEEDER Consumption '!DB12 -> 800 | AG12: ='FEEDER Consumption '!DG12 -> 700 | AH12: ='FEEDER Consumption '!DL12 -> 510 | AI12: ='FEEDER Consumption '!DQ12 -> 330 | AJ12: ='FEEDER Consumption '!DV12 -> 120 | AK12: ='FEEDER Consumption '!EA12 -> 850 | AL12: ='FEEDER Consumption '!EF12 -> 300 | AM12: ='FEEDER Consumption '!EK12 -> 380 | AN12: ='FEEDER Consumption '!EP12 -> 510 | AO12: =SUM(WATER!C13,WATER!H13,WATER!M13,WATER!R13) -> 1157240 | AP12: =IF((AO12-AO11<0), "0",AO12-AO11) -> 304 | AQ12: =WATER!D13 -> 169 | AR12: =WATER!I13 -> 10 | AS12: =WATER!N13 -> 125 | AT12: =WATER!S13 -> 0 | AU12: =WATER!AD13 -> 32 | AV12: =WATER!AI13 -> 6 | AW12: =WATER!AN13 -> 9 | AX12: =WATER!AS13 -> 12 | AY12: =WATER!AX13 -> 10 | AZ12: =WATER!BC13 -> 7 | BA12: =WATER!BH13 -> 9 | BB12: =WATER!BM13 -> 9 | BC12: =WATER!BR13 -> 2 | BD12: =WATER!BW13 -> 0 | BE12: =WATER!CB13 -> 3 | BF12: =WATER!CG13 -> 1 | BG12: =WATER!CL13 -> 23 | BH12: =WATER!CQ13 -> 17 | BI12: =WATER!CV13 -> 1 | BJ12: =WATER!DA13 -> 1 | BK12: =WATER!DF13 -> 3 | BL12: =WATER!DK13 -> 4 | BM12: =WATER!DP13 -> 20 | BN12: =WATER!DU13 -> 4 | BO12: =WATER!DZ13 -> 2 | BP12: ='Room Nights and Food Covers'!B12 -> 43.7 | BQ12: ='Room Nights and Food Covers'!C12 -> 334
A13: =A12+1 -> 44935 | C13: =SUM('GENSET #1'!C18+'GENSET #2'!C18+'GENSET #3'!C18+'GENSET #4'!C18+'GENSET #5'!C18) -> 105764198 | D13: =IF((C13-C12<0), "0",C13-C12) -> 26500 | E13: ='Gas-2'!G14 -> 225 | F13: =IF((E13-E12<0), "0",E13-E12) -> 0 | G13: ='GENSET #1'!D18 -> 0 | H13: ='GENSET #2'!D18 -> 10197 | I13: ='GENSET #3'!D18 -> 7274 | J13: ='GENSET #4'!D18 -> 3110 | K13: ='GENSET #5'!D18 -> 5919 | L13: ='FEEDER Consumption '!E13 -> 3970 | M13: ='FEEDER Consumption '!J13 -> 4695 | N13: ='FEEDER Consumption '!O13 -> 11415 | O13: ='FEEDER Consumption '!T13 -> 2200 | P13: ='FEEDER Consumption '!Y13 -> 2966 | Q13: ='FEEDER Consumption '!AD13 -> 1600 | R13: ='FEEDER Consumption '!AJ13 -> 475 | S13: ='FEEDER Consumption '!AO13 -> 700 | T13: ='FEEDER Consumption '!AT13 -> 1900 | U13: ='FEEDER Consumption '!AY13 -> 472 | V13: ='FEEDER Consumption '!BI13 -> 200 | W13: ='FEEDER Consumption '!BI13 -> 200 | X13: ='FEEDER Consumption '!BN13 -> 600 | Y13: ='FEEDER Consumption '!BS13 -> 130 | Z13: ='FEEDER Consumption '!BX13 -> 430 | AA13: ='FEEDER Consumption '!CC13 -> 1200 | AB13: ='FEEDER Consumption '!CH13 -> 440 | AC13: ='FEEDER Consumption '!CM13 -> 1050 | AD13: ='FEEDER Consumption '!CR13 -> 1040 | AE13: ='FEEDER Consumption '!DB13 -> 1200 | AF13: ='FEEDER Consumption '!DB13 -> 1200 | AG13: ='FEEDER Consumption '!DG13 -> 760 | AH13: ='FEEDER Consumption '!DL13 -> 570 | AI13: ='FEEDER Consumption '!DQ13 -> 320 | AJ13: ='FEEDER Consumption '!DV13 -> 100 | AK13: ='FEEDER Consumption '!EA13 -> 920 | AL13: ='FEEDER Consumption '!EF13 -> 290 | AM13: ='FEEDER Consumption '!EK13 -> 360 | AN13: ='FEEDER Consumption '!EP13 -> 560 | AO13: =SUM(WATER!C14,WATER!H14,WATER!M14,WATER!R14) -> 1157571 | AP13: =IF((AO13-AO12<0), "0",AO13-AO12) -> 331 | AQ13: =WATER!D14 -> 182 | AR13: =WATER!I14 -> 0 | AS13: =WATER!N14 -> 149 | AT13: =WATER!S14 -> 0 | AU13: =WATER!AD14 -> 31 | AV13: =WATER!AI14 -> 6 | AW13: =WATER!AN14 -> 10 | AX13: =WATER!AS14 -> 11 | AY13: =WATER!AX14 -> 9 | AZ13: =WATER!BC14 -> 7 | BA13: =WATER!BH14 -> 9 | BB13: =WATER!BM14 -> 7 | BC13: =WATER!BR14 -> 2 | BD13: =WATER!BW14 -> 1 | BE13: =WATER!CB14 -> 5 | BF13: =WATER!CG14 -> 4 | BG13: =WATER!CL14 -> 24 | BH13: =WATER!CQ14 -> 8 | BI13: =WATER!CV14 -> 1 | BJ13: =WATER!DA14 -> 1 | BK13: =WATER!DF14 -> 3 | BL13: =WATER!DK14 -> 2 | BM13: =WATER!DP14 -> 10 | BN13: =WATER!DU14 -> 6 | BO13: =WATER!DZ14 -> 3 | BP13: ='Room Nights and Food Covers'!B13 -> 42.7 | BQ13: ='Room Nights and Food Covers'!C13 -> 338
A14: =A13+1 -> 44936 | C14: =SUM('GENSET #1'!C19+'GENSET #2'!C19+'GENSET #3'!C19+'GENSET #4'!C19+'GENSET #5'!C19) -> 105790172 | D14: =IF((C14-C13<0), "0",C14-C13) -> 25974 | E14: ='Gas-2'!G15 -> 270 | F14: =IF((E14-E13<0), "0",E14-E13) -> 45 | G14: ='GENSET #1'!D19 -> 7687 | H14: ='GENSET #2'!D19 -> 6741 | I14: ='GENSET #3'!D19 -> 15 | J14: ='GENSET #4'!D19 -> 3666 | K14: ='GENSET #5'!D19 -> 7865 | L14: ='FEEDER Consumption '!E14 -> 3839 | M14: ='FEEDER Consumption '!J14 -> 4138 | N14: ='FEEDER Consumption '!O14 -> 11193 | O14: ='FEEDER Consumption '!T14 -> 2100 | P14: ='FEEDER Consumption '!Y14 -> 2907 | Q14: ='FEEDER Consumption '!AD14 -> 1600 | R14: ='FEEDER Consumption '!AJ14 -> 466 | S14: ='FEEDER Consumption '!AO14 -> 800 | T14: ='FEEDER Consumption '!AT14 -> 1900 | U14: ='FEEDER Consumption '!AY14 -> 430 | V14: ='FEEDER Consumption '!BI14 -> 300 | W14: ='FEEDER Consumption '!BI14 -> 300 | X14: ='FEEDER Consumption '!BN14 -> 500 | Y14: ='FEEDER Consumption '!BS14 -> 130 | Z14: ='FEEDER Consumption '!BX14 -> 370 | AA14: ='FEEDER Consumption '!CC14 -> 1200 | AB14: ='FEEDER Consumption '!CH14 -> 410 | AC14: ='FEEDER Consumption '!CM14 -> 770 | AD14: ='FEEDER Consumption '!CR14 -> 990 | AE14: ='FEEDER Consumption '!DB14 -> 1000 | AF14: ='FEEDER Consumption '!DB14 -> 1000 | AG14: ='FEEDER Consumption '!DG14 -> 790 | AH14: ='FEEDER Consumption '!DL14 -> 580 | AI14: ='FEEDER Consumption '!DQ14 -> 320 | AJ14: ='FEEDER Consumption '!DV14 -> 140 | AK14: ='FEEDER Consumption '!EA14 -> 940 | AL14: ='FEEDER Consumption '!EF14 -> 300 | AM14: ='FEEDER Consumption '!EK14 -> 430 | AN14: ='FEEDER Consumption '!EP14 -> 520 | AO14: =SUM(WATER!C15,WATER!H15,WATER!M15,WATER!R15) -> 1157877 | AP14: =IF((AO14-AO13<0), "0",AO14-AO13) -> 306 | AQ14: =WATER!D15 -> 181 | AR14: =WATER!I15 -> 0 | AS14: =WATER!N15 -> 125 | AT14: =WATER!S15 -> 0 | AU14: =WATER!AD15 -> 26 | AV14: =WATER!AI15 -> 7 | AW14: =WATER!AN15 -> 10 | AX14: =WATER!AS15 -> 13 | AY14: =WATER!AX15 -> 7 | AZ14: =WATER!BC15 -> 6 | BA14: =WATER!BH15 -> 8 | BB14: =WATER!BM15 -> 7 | BC14: =WATER!BR15 -> 2 | BD14: =WATER!BW15 -> 1 | BE14: =WATER!CB15 -> 4 | BF14: =WATER!CG15 -> 1 | BG14: =WATER!CL15 -> 23 | BH14: =WATER!CQ15 -> 8 | BI14: =WATER!CV15 -> 1 | BJ14: =WATER!DA15 -> 0 | BK14: =WATER!DF15 -> 2 | BL14: =WATER!DK15 -> 2 | BM14: =WATER!DP15 -> 20 | BN14: =WATER!DU15 -> 2 | BO14: =WATER!DZ15 -> 1 | BP14: ='Room Nights and Food Covers'!B14 -> 35 | BQ14: ='Room Nights and Food Covers'!C14 -> 285
A15: =A14+1 -> 44937 | C15: =SUM('GENSET #1'!C20+'GENSET #2'!C20+'GENSET #3'!C20+'GENSET #4'!C20+'GENSET #5'!C20) -> 105815064 | D15: =IF((C15-C14<0), "0",C15-C14) -> 24892 | E15: ='Gas-2'!G16 -> 270 | F15: =IF((E15-E14<0), "0",E15-E14) -> 0 | G15: ='GENSET #1'!D20 -> 7264 | H15: ='GENSET #2'!D20 -> 4793 | I15: ='GENSET #3'!D20 -> 2625 | J15: ='GENSET #4'!D20 -> 4780 | K15: ='GENSET #5'!D20 -> 5430 | L15: ='FEEDER Consumption '!E15 -> 3629 | M15: ='FEEDER Consumption '!J15 -> 3859 | N15: ='FEEDER Consumption '!O15 -> 10932 | O15: ='FEEDER Consumption '!T15 -> 2200 | P15: ='FEEDER Consumption '!Y15 -> 2878 | Q15: ='FEEDER Consumption '!AD15 -> 1500 | R15: ='FEEDER Consumption '!AJ15 -> 425 | S15: ='FEEDER Consumption '!AO15 -> 700 | T15: ='FEEDER Consumption '!AT15 -> 2000 | U15: ='FEEDER Consumption '!AY15 -> 420 | V15: ='FEEDER Consumption '!BI15 -> 300 | W15: ='FEEDER Consumption '!BI15 -> 300 | X15: ='FEEDER Consumption '!BN15 -> 600 | Y15: ='FEEDER Consumption '!BS15 -> 120 | Z15: ='FEEDER Consumption '!BX15 -> 320 | AA15: ='FEEDER Consumption '!CC15 -> 1100 | AB15: ='FEEDER Consumption '!CH15 -> 430 | AC15: ='FEEDER Consumption '!CM15 -> 750 | AD15: ='FEEDER Consumption '!CR15 -> 960 | AE15: ='FEEDER Consumption '!DB15 -> 800 | AF15: ='FEEDER Consumption '!DB15 -> 800 | AG15: ='FEEDER Consumption '!DG15 -> 750 | AH15: ='FEEDER Consumption '!DL15 -> 610 | AI15: ='FEEDER Consumption '!DQ15 -> 290 | AJ15: ='FEEDER Consumption '!DV15 -> 110 | AK15: ='FEEDER Consumption '!EA15 -> 950 | AL15: ='FEEDER Consumption '!EF15 -> 300 | AM15: ='FEEDER Consumption '!EK15 -> 400 | AN15: ='FEEDER Consumption '!EP15 -> 530 | AO15: =SUM(WATER!C16,WATER!H16,WATER!M16,WATER!R16) -> 1158215 | AP15: =IF((AO15-AO14<0), "0",AO15-AO14) -> 338 | AQ15: =WATER!D16 -> 175 | AR15: =WATER!I16 -> 31 | AS15: =WATER!N16 -> 132 | AT15: =WATER!S16 -> 0 | AU15: =WATER!AD16 -> 24 | AV15: =WATER!AI16 -> 6 | AW15: =WATER!AN16 -> 10 | AX15: =WATER!AS16 -> 10 | AY15: =WATER!AX16 -> 9 | AZ15: =WATER!BC16 -> 7 | BA15: =WATER!BH16 -> 8 | BB15: =WATER!BM16 -> 9 | BC15: =WATER!BR16 -> 2 | BD15: =WATER!BW16 -> 1 | BE15: =WATER!CB16 -> 1 | BF15: =WATER!CG16 -> 1 | BG15: =WATER!CL16 -> 25 | BH15: =WATER!CQ16 -> 11 | BI15: =WATER!CV16 -> 1 | BJ15: =WATER!DA16 -> 1 | BK15: =WATER!DF16 -> 4 | BL15: =WATER!DK16 -> 4 | BM15: =WATER!DP16 -> 12 | BN15: =WATER!DU16 -> 1 | BO15: =WATER!DZ16 -> 2 | BP15: ='Room Nights and Food Covers'!B15 -> 40.8 | BQ15: ='Room Nights and Food Covers'!C15 -> 346
A16: =A15+1 -> 44938 | C16: =SUM('GENSET #1'!C21+'GENSET #2'!C21+'GENSET #3'!C21+'GENSET #4'!C21+'GENSET #5'!C21) -> 105839355 | D16: =IF((C16-C15<0), "0",C16-C15) -> 24291 | E16: ='Gas-2'!G17 -> 270 | F16: =IF((E16-E15<0), "0",E16-E15) -> 0 | G16: ='GENSET #1'!D21 -> 7040 | H16: ='GENSET #2'!D21 -> 0 | I16: ='GENSET #3'!D21 -> 3473 | J16: ='GENSET #4'!D21 -> 2892 | K16: ='GENSET #5'!D21 -> 10886 | L16: ='FEEDER Consumption '!E16 -> 3458 | M16: ='FEEDER Consumption '!J16 -> 3569 | N16: ='FEEDER Consumption '!O16 -> 11155 | O16: ='FEEDER Consumption '!T16 -> 2100 | P16: ='FEEDER Consumption '!Y16 -> 2820 | Q16: ='FEEDER Consumption '!AD16 -> 1700 | R16: ='FEEDER Consumption '!AJ16 -> 481 | S16: ='FEEDER Consumption '!AO16 -> 600 | T16: ='FEEDER Consumption '!AT16 -> 1900 | U16: ='FEEDER Consumption '!AY16 -> 358 | V16: ='FEEDER Consumption '!BI16 -> 300 | W16: ='FEEDER Consumption '!BI16 -> 300 | X16: ='FEEDER Consumption '!BN16 -> 500 | Y16: ='FEEDER Consumption '!BS16 -> 100 | Z16: ='FEEDER Consumption '!BX16 -> 400 | AA16: ='FEEDER Consumption '!CC16 -> 1200 | AB16: ='FEEDER Consumption '!CH16 -> 480 | AC16: ='FEEDER Consumption '!CM16 -> 670 | AD16: ='FEEDER Consumption '!CR16 -> 770 | AE16: ='FEEDER Consumption '!DB16 -> 700 | AF16: ='FEEDER Consumption '!DB16 -> 700 | AG16: ='FEEDER Consumption '!DG16 -> 610 | AH16: ='FEEDER Consumption '!DL16 -> 520 | AI16: ='FEEDER Consumption '!DQ16 -> 310 | AJ16: ='FEEDER Consumption '!DV16 -> 120 | AK16: ='FEEDER Consumption '!EA16 -> 870 | AL16: ='FEEDER Consumption '!EF16 -> 260 | AM16: ='FEEDER Consumption '!EK16 -> 330 | AN16: ='FEEDER Consumption '!EP16 -> 520 | AO16: =SUM(WATER!C17,WATER!H17,WATER!M17,WATER!R17) -> 1158525 | AP16: =IF((AO16-AO15<0), "0",AO16-AO15) -> 310 | AQ16: =WATER!D17 -> 169 | AR16: =WATER!I17 -> 21 | AS16: =WATER!N17 -> 120 | AT16: =WATER!S17 -> 0 | AU16: =WATER!AD17 -> 28 | AV16: =WATER!AI17 -> 5 | AW16: =WATER!AN17 -> 10 | AX16: =WATER!AS17 -> 11 | AY16: =WATER!AX17 -> 8 | AZ16: =WATER!BC17 -> 7 | BA16: =WATER!BH17 -> 8 | BB16: =WATER!BM17 -> 7 | BC16: =WATER!BR17 -> 2 | BD16: =WATER!BW17 -> 1 | BE16: =WATER!CB17 -> 5 | BF16: =WATER!CG17 -> 3 | BG16: =WATER!CL17 -> 30 | BH16: =WATER!CQ17 -> 10 | BI16: =WATER!CV17 -> 4 | BJ16: =WATER!DA17 -> 0 | BK16: =WATER!DF17 -> 2 | BL16: =WATER!DK17 -> 3 | BM16: =WATER!DP17 -> 13 | BN16: =WATER!DU17 -> 4 | BO16: =WATER!DZ17 -> 8 | BP16: ='Room Nights and Food Covers'!B16 -> 46.6 | BQ16: ='Room Nights and Food Covers'!C16 -> 372
... A35: =A34+1 -> 44957 | C35: =SUM('GENSET #1'!C40+'GENSET #2'!C40+'GENSET #3'!C40+'GENSET #4'!C40+'GENSET #5'!C40) -> 106322316 | D35: =IF((C35-C34<0), "0",C35-C34) -> 25218 | E35: ='Gas-2'!G36 -> 225 | F35: =IF((E35-E34<0), "0",E35-E34) -> 0 | G35: ='GENSET #1'!D40 -> 5489 | H35: ='GENSET #2'!D40 -> 9630 | I35: ='GENSET #3'!D40 -> 0 | J35: ='GENSET #4'!D40 -> 3232 | K35: ='GENSET #5'!D40 -> 6867 | L35: ='FEEDER Consumption '!E35 -> 3801 | M35: ='FEEDER Consumption '!J35 -> 4077 | N35: ='FEEDER Consumption '!O35 -> 10874 | O35: ='FEEDER Consumption '!T35 -> 2100 | P35: ='FEEDER Consumption '!Y35 -> 2922 | Q35: ='FEEDER Consumption '!AD35 -> 1700 | R35: ='FEEDER Consumption '!AJ35 -> 512 | S35: ='FEEDER Consumption '!AO35 -> 700 | T35: ='FEEDER Consumption '!AT35 -> 1600 | U35: ='FEEDER Consumption '!AY35 -> 357 | V35: ='FEEDER Consumption '!BI35 -> 300 | W35: ='FEEDER Consumption '!BI35 -> 300 | X35: ='FEEDER Consumption '!BN35 -> 500 | Y35: ='FEEDER Consumption '!BS35 -> 110 | Z35: ='FEEDER Consumption '!BX35 -> 310 | AA35: ='FEEDER Consumption '!CC35 -> 1100 | AB35: ='FEEDER Consumption '!CH35 -> 430 | AC35: ='FEEDER Consumption '!CM35 -> 910 | AD35: ='FEEDER Consumption '!CR35 -> 950 | AE35: ='FEEDER Consumption '!DB35 -> 900 | AF35: ='FEEDER Consumption '!DB35 -> 900 | AG35: ='FEEDER Consumption '!DG35 -> 800 | AH35: ='FEEDER Consumption '!DL35 -> 570 | AI35: ='FEEDER Consumption '!DQ35 -> 340 | AJ35: ='FEEDER Consumption '!DV35 -> 120 | AK35: ='FEEDER Consumption '!EA35 -> 1000 | AL35: ='FEEDER Consumption '!EF35 -> 270 | AM35: ='FEEDER Consumption '!EK35 -> 380 | AN35: ='FEEDER Consumption '!EP35 -> 530 | AO35: =SUM(WATER!C36,WATER!H36,WATER!M36,WATER!R36) -> 917575 | AP35: =IF((AO35-AO34<0), "0",AO35-AO34) -> 312 | AQ35: =WATER!D36 -> 173 | AR35: =WATER!I36 -> 0 | AS35: =WATER!N36 -> 139 | AT35: =WATER!S36 -> 0 | AU35: =WATER!AD36 -> 28 | AV35: =WATER!AI36 -> 6 | AW35: =WATER!AN36 -> 10 | AX35: =WATER!AS36 -> 11 | AY35: =WATER!AX36 -> 7 | AZ35: =WATER!BC36 -> 6 | BA35: =WATER!BH36 -> 9 | BB35: =WATER!BM36 -> 7 | BC35: =WATER!BR36 -> 1 | BD35: =WATER!BW36 -> 0 | BE35: =WATER!CB36 -> 4 | BF35: =WATER!CG36 -> 2 | BG35: =WATER!CL36 -> 29 | BH35: =WATER!CQ36 -> 9 | BI35: =WATER!CV36 -> 0 | BJ35: =WATER!DA36 -> 1 | BK35: =WATER!DF36 -> 3 | BL35: =WATER!DK36 -> 2 | BM35: =WATER!DP36 -> 17 | BN35: =WATER!DU36 -> 3 | BO35: =WATER!DZ36 -> 0 | BP35: ='Room Nights and Food Covers'!B35 -> 49.5 | BQ35: ='Room Nights and Food Covers'!C35 -> 317

Sheet Finance and DOE
A4: Daily Utility Report
A5: 44927
A7: DAY | B7: Occupancy | C7: No. of Guests | D7: Genset (Kwh) | E7: Solar (Kwh) | F7: Total (Kwh) | G7: Water Consumption ( m3) | H7: Gas Consumption (kg) | I7: Genset Diesel Consumption (Liters) | J7: Boats Diesel Consumption (Liters) | K7: Boats Petrol Consumption (Liters)
A8: 1 | B8: =TOTAL!M2 -> 96 | C8: ='Room Nights and Food Covers'!D4 -> 0 | D8: =SUM('GENSET #1:GENSET #5'!D10) -> 30154 | E8: ='SOLAR METER READING'!D9 -> 2990 | F8: =E8+D8 -> 33144 | G8: =WATER!V6 -> 391 | H8: ='Gas-2'!G6 -> 405 | I8: ='Diesel consumption'!D5 -> 8380 | J8: ='Diesel consumption'!H5 -> 4200 | K8: ='Diesel consumption'!P5 -> 0
A9: 2 | B9: =TOTAL!M3 -> 91 | C9: ='Room Nights and Food Covers'!D5 -> 258 | D9: =SUM('GENSET #1:GENSET #5'!D11) -> 29357 | E9: ='SOLAR METER READING'!D10 -> 3058 | F9: =E9+D9 -> 32415 | G9: =WATER!V7 -> 429 | H9: ='Gas-2'!G7 -> 270 | I9: ='Diesel consumption'!D6 -> 8520 | J9: ='Diesel consumption'!H6 -> 1110 | K9: ='Diesel consumption'!P6 -> 0
A10: 3 | B10: =TOTAL!M4 -> 91 | C10: ='Room Nights and Food Covers'!D6 -> 246 | D10: =SUM('GENSET #1:GENSET #5'!D12) -> 28987 | E10: ='SOLAR METER READING'!D11 -> 2887 | F10: =E10+D10 -> 31874 | G10: =WATER!V8 -> 399 | H10: ='Gas-2'!G8 -> 315 | I10: ='Diesel consumption'!D7 -> 8110 | J10: ='Diesel consumption'!H7 -> 2200 | K10: ='Diesel consumption'!P7 -> 0
A11: 4 | B11: =TOTAL!M5 -> 83 | C11: ='Room Nights and Food Covers'!D7 -> 253 | D11: =SUM('GENSET #1:GENSET #5'!D13) -> 28614 | E11: ='SOLAR METER READING'!D12 -> 3027 | F11: =E11+D11 -> 31641 | G11: =WATER!V9 -> 465 | H11: ='Gas-2'!G9 -> 270 | I11: ='Diesel consumption'!D8 -> 8050 | J11: ='Diesel consumption'!H8 -> 260 | K11: ='Diesel consumption'!P8 -> 0
A12: 5 | B12: =TOTAL!M6 -> 79 | C12: ='Room Nights and Food Covers'!D8 -> 232 | D12: =SUM('GENSET #1:GENSET #5'!D14) -> 28750 | E12: ='SOLAR METER READING'!D13 -> 2794 | F12: =E12+D12 -> 31544 | G12: =WATER!V10 -> 420 | H12: ='Gas-2'!G10 -> 360 | I12: ='Diesel consumption'!D9 -> 8160 | J12: ='Diesel consumption'!H9 -> 3340 | K12: ='Diesel consumption'!P9 -> 0
A13: 6 | B13: =TOTAL!M7 -> 69 | C13: ='Room Nights and Food Covers'!D9 -> 219 | D13: =SUM('GENSET #1:GENSET #5'!D15) -> 28931 | E13: ='SOLAR METER READING'!D14 -> 2867 | F13: =E13+D13 -> 31798 | G13: =WATER!V11 -> 375 | H13: ='Gas-2'!G11 -> 315 | I13: ='Diesel consumption'!D10 -> 8160 | J13: ='Diesel consumption'!H10 -> 1750 | K13: ='Diesel consumption'!P10 -> 0
A14: 7 | B14: =TOTAL!M8 -> 63 | C14: ='Room Nights and Food Covers'!D10 -> 189 | D14: =SUM('GENSET #1:GENSET #5'!D16) -> 27893 | E14: ='SOLAR METER READING'!D15 -> 2807 | F14: =E14+D14 -> 30700 | G14: =WATER!V12 -> 307 | H14: ='Gas-2'!G12 -> 270 | I14: ='Diesel consumption'!D11 -> 7810 | J14: ='Diesel consumption'!H11 -> 140 | K14: ='Diesel consumption'!P11 -> 0
A15: 8 | B15: =TOTAL!M9 -> 45 | C15: ='Room Nights and Food Covers'!D11 -> 174 | D15: =SUM('GENSET #1:GENSET #5'!D17) -> 26890 | E15: ='SOLAR METER READING'!D16 -> 2972 | F15: =E15+D15 -> 29862 | G15: =WATER!V13 -> 304 | H15: ='Gas-2'!G13 -> 315 | I15: ='Diesel consumption'!D12 -> 7650 | J15: ='Diesel consumption'!H12 -> 1660 | K15: ='Diesel consumption'!P12 -> 0
A16: 9 | B16: =TOTAL!M10 -> 44 | C16: ='Room Nights and Food Covers'!D12 -> 135 | D16: =SUM('GENSET #1:GENSET #5'!D18) -> 26500 | E16: ='SOLAR METER READING'!D17 -> 2822 | F16: =E16+D16 -> 29322 | G16: =WATER!V14 -> 331 | H16: ='Gas-2'!G14 -> 225 | I16: ='Diesel consumption'!D13 -> 7300 | J16: ='Diesel consumption'!H13 -> 1640 | K16: ='Diesel consumption'!P13 -> 0
A17: 10 | B17: =TOTAL!M11 -> 38 | C17: ='Room Nights and Food Covers'!D13 -> 127 | D17: =SUM('GENSET #1:GENSET #5'!D19) -> 25974 | E17: ='SOLAR METER READING'!D18 -> 2734 | F17: =E17+D17 -> 28708 | G17: =WATER!V15 -> 306 | H17: ='Gas-2'!G15 -> 270 | I17: ='Diesel consumption'!D14 -> 7280 | J17: ='Diesel consumption'!H14 -> 1900 | K17: ='Diesel consumption'!P14 -> 0
A18: 11 | B18: =TOTAL!M12 -> 42 | C18: ='Room Nights and Food Covers'!D14 -> 105 | D18: =SUM('GENSET #1:GENSET #5'!D20) -> 24892 | E18: ='SOLAR METER READING'!D19 -> 2817 | F18: =E18+D18 -> 27709 | G18: =WATER!V16 -> 338 | H18: ='Gas-2'!G16 -> 270 | I18: ='Diesel consumption'!D15 -> 7340 | J18: ='Diesel consumption'!H15 -> 700 | K18: ='Diesel consumption'!P15 -> 0
A19: 12 | B19: =TOTAL!M13 -> 48 | C19: ='Room Nights and Food Covers'!D15 -> 128 | D19: =SUM('GENSET #1:GENSET #5'!D21) -> 24291 | E19: ='SOLAR METER READING'!D20 -> 2161 | F19: =E19+D19 -> 26452 | G19: =WATER!V17 -> 310 | H19: ='Gas-2'!G17 -> 270 | I19: ='Diesel consumption'!D16 -> 6740 | J19: ='Diesel consumption'!H16 -> 1500 | K19: ='Diesel consumption'!P16 -> 0
... A38: 31 | B38: =TOTAL!M32 -> 51 | C38: ='Room Nights and Food Covers'!D34 -> 116 | D38: =SUM('GENSET #1:GENSET #5'!D40) -> 25218 | E38: ='SOLAR METER READING'!D39 -> 2921 | F38: =E38+D38 -> 28139 | G38: =WATER!V36 -> 312 | H38: ='Gas-2'!G36 -> 225 | I38: ='Diesel consumption'!D35 -> 7010 | J38: ='Diesel consumption'!H35 -> 1500 | K38: ='Diesel consumption'!P35 -> 930
A39: Total | D39: =SUM(D8:D38) -> 814194 | E39: =SUM(E8:E38) -> 86221 | F39: =SUM(F8:F38) -> 900415 | G39: =SUM(G8:G38) -> 10921 | H39: =SUM(H8:H38) -> 8775 | I39: =SUM(I8:I38) -> 229830 | J39: =SUM(J8:J38) -> 44110 | K39: =SUM(K8:K38) -> 20470
A40: Avg | D40: =D39/A41 -> 26264.323 | E40: =E39/A41 -> 2781.3226 | F40: =F39/A41 -> 29045.645 | G40: =G39/A41 -> 352.29032 | H40: =H39/A41 -> 283.06452 | I40: =I39/A41 -> 7413.871 | J40: =J39/A41 -> 1422.9032 | K40: =K39/A41 -> 660.32258
A41: 31

Sheet Room Nights and Food Covers
A2: Days
A3: Date | B3: ROOM NIGHTS | C3: Total Food Covers | D3: No. of Guests
A4: 45291
A5: =A4+1 -> 45292 | B5: 93.2 | C5: 692 | D5: 258
A6: =A5+1 -> 45293 | B6: 88.3 | C6: 701 | D6: 246
A7: =A6+1 -> 45294 | B7: 90.3 | C7: 740 | D7: 253
A8: =A7+1 -> 45295 | B8: 81.6 | C8: 647 | D8: 232
A9: =A8+1 -> 45296 | B9: 77.7 | C9: 639 | D9: 219
A10: =A9+1 -> 45297 | B10: 67 | C10: 532 | D10: 189
A11: =A10+1 -> 45298 | B11: 61.2 | C11: 539 | D11: 174
A12: =A11+1 -> 45299 | B12: 43.7 | C12: 334 | D12: 135
A13: =A12+1 -> 45300 | B13: 42.7 | C13: 338 | D13: 127
A14: =A13+1 -> 45301 | B14: 35 | C14: 285 | D14: 105
A15: =A14+1 -> 45302 | B15: 40.8 | C15: 346 | D15: 128
A16: =A15+1 -> 45303 | B16: 46.6 | C16: 372 | D16: 141
... A35: =A34+1 -> 45322 | B35: 49.5 | C35: 317 | D35: 127
C36: =SUM(C5:C35) -> 13333

Sheet Gas-2
A2: GAS CONSUMPTION / CYLINDERS
A3: Month: | B3: {='FEEDER Consumption '!A1:C1} -> 44928 | C3: 0 | D3: 0
A4: DAY | B4: Blu Kitchen & Tiki Torch | C4: Albarakath Kitchen & Tiki Torch | D4: Fuego Tiki Torch | E4: Main Kitchen | F4: Total | G4: Total Consumption | H4: Occupancy
A6: 1 | B6: 2 | C6: 3 | D6: 1 | E6: 3 | F6: =SUM(B6:E6) -> 9 | G6: =F6*45 -> 405 | H6: =WATER!W6 -> 5488
A7: 2 | B7: 2 | C7: 0 | D7: 1 | E7: 3 | F7: =SUM(B7:E7) -> 6 | G7: =F7*45 -> 270 | H7: =WATER!W7 -> 3869
A8: 3 | B8: 2 | C8: 0 | D8: 2 | E8: 3 | F8: =SUM(B8:E8) -> 7 | G8: =F8*45 -> 315 | H8: =WATER!W8 -> 4139
A9: 4 | B9: 2 | C9: 0 | D9: 1 | E9: 3 | F9: =SUM(B9:E9) -> 6 | G9: =F9*45 -> 270 | H9: =WATER!W9 -> 3888
A10: 5 | B10: 2 | C10: 1 | D10: 2 | E10: 3 | F10: =SUM(B10:E10) -> 8 | G10: =F10*45 -> 360 | H10: =WATER!W10 -> 4621
A11: 6 | B11: 2 | C11: 1 | D11: 1 | E11: 3 | F11: =SUM(B11:E11) -> 7 | G11: =F11*45 -> 315 | H11: =WATER!W11 -> 2796
A12: 7 | B12: 2 | C12: 0 | D12: 1 | E12: 3 | F12: =SUM(B12:E12) -> 6 | G12: =F12*45 -> 270 | H12: =WATER!W12 -> 2573
A13: 8 | B13: 2 | C13: 1 | D13: 2 | E13: 2 | F13: =SUM(B13:E13) -> 7 | G13: =F13*45 -> 315 | H13: =WATER!W13 -> 3036
A14: 9 | B14: 2 | C14: 0 | D14: 1 | E14: 2 | F14: =SUM(B14:E14) -> 5 | G14: =F14*45 -> 225 | H14: =WATER!W14 -> 7274
A15: 10 | B15: 2 | C15: 1 | D15: 1 | E15: 2 | F15: =SUM(B15:E15) -> 6 | G15: =F15*45 -> 270 | H15: =WATER!W15 -> 15
A16: 11 | B16: 2 | C16: 0 | D16: 2 | E16: 2 | F16: =SUM(B16:E16) -> 6 | G16: =F16*45 -> 270 | H16: =WATER!W16 -> 2625
A17: 12 | B17: 1 | C17: 0 | D17: 2 | E17: 3 | F17: =SUM(B17:E17) -> 6 | G17: =F17*45 -> 270 | H17: =WATER!W17 -> 3473
... A19: 14 | B19: 2 | C19: 0 | D19: 1 | E19: 2 | F19: =SUM(B19:E19) -> 5 | G19: =F19*45 -> 225 | H19: =WATER!W19 -> 1904
A20: 15 | B20: 1 | C20: 2 | D20: 1 | E20: 2 | F20: =SUM(B20:E20) -> 6 | G20: =F20*45 -> 270 | H20: 16
A21: 16 | B21: 2 | C21: 0 | D21: 1 | E21: 3 | F21: =SUM(B21:E21) -> 6 | G21: =F21*45 -> 270 | H21: =WATER!W21 -> 5943
A22: 17 | B22: 2 | C22: 1 | D22: 1 | E22: 2 | F22: =SUM(B22:E22) -> 6 | G22: =F22*45 -> 270 | H22: =WATER!W22 -> 1053
A23: 18 | B23: 1 | C23: 0 | D23: 1 | E23: 3 | F23: =SUM(B23:E23) -> 5 | G23: =F23*45 -> 225 | H23: =WATER!W23 -> 0
A24: 19 | B24: 2 | C24: 1 | D24: 2 | E24: 2 | F24: =SUM(B24:E24) -> 7 | G24: =F24*45 -> 315 | H24: =WATER!W24 -> 0
A25: 20 | B25: 2 | C25: 0 | D25: 1 | E25: 2 | F25: =SUM(B25:E25) -> 5 | G25: =F25*45 -> 225 | H25: =WATER!W25 -> 0
A26: 21 | B26: 2 | C26: 1 | D26: 2 | E26: 2 | F26: =SUM(B26:E26) -> 7 | G26: =F26*45 -> 315 | H26: =WATER!W26 -> 0
A27: 22 | B27: 2 | C27: 1 | D27: 2 | E27: 2 | F27: =SUM(B27:E27) -> 7 | G27: =F27*45 -> 315 | H27: =WATER!W27 -> 0
A28: 23 | B28: 2 | C28: 0 | D28: 1 | E28: 2 | F28: =SUM(B28:E28) -> 5 | G28: =F28*45 -> 225 | H28: =WATER!W28 -> 0
A29: 24 | B29: 2 | C29: 1 | D29: 2 | E29: 2 | F29: =SUM(B29:E29) -> 7 | G29: =F29*45 -> 315 | H29: =WATER!W29 -> 0
A30: 25 | B30: 2 | C30: 1 | D30: 2 | E30: 2 | F30: =SUM(B30:E30) -> 7 | G30: =F30*45 -> 315 | H30: =WATER!W30 -> 0
A31: 26 | B31: 0 | C31: 0 | D31: 2 | E31: 3 | F31: =SUM(B31:E31) -> 5 | G31: =F31*45 -> 225 | H31: =WATER!W31 -> 0
A32: 27 | B32: 2 | C32: 2 | D32: 1 | E32: 2 | F32: =SUM(B32:E32) -> 7 | G32: =F32*45 -> 315 | H32: =WATER!W32 -> 0
... A36: 31 | B36: 2 | C36: 0 | D36: 1 | E36: 2 | F36: =SUM(B36:E36) -> 5 | G36: =F36*45 -> 225 | H36: =WATER!W36 -> 0
A37: Total | F37: =SUM(F6:F36) -> 195 | G37: =SUM(G6:G36) -> 8775 | H37: =SUM(H6:H36)/30 -> 1827.6667

Sheet GENSET #1
A1: 1000 KVA
C3: NO#1
A6: 44928
B8: GENSET NO 1
A9: DAY | B9: YESTARDAY | C9: TODAY | D9: Final Electricity Consumption( KWh)
A10: 1 | B10: 20559448 | C10: 20565756 | D10: =MAX(0,C10-B10) -> 6308
A11: 2 | B11: =C10 -> 20565756 | C11: 20571552 | D11: =MAX(0,C11-B11) -> 5796
A12: 3 | B12: =C11 -> 20571552 | C12: 20578873 | D12: =MAX(0,C12-B12) -> 7321
A13: 4 | B13: =C12 -> 20578873 | C13: 20583833 | D13: =MAX(0,C13-B13) -> 4960
A14: 5 | B14: =C13 -> 20583833 | C14: 20589413 | D14: =MAX(0,C14-B14) -> 5580
A15: 6 | B15: =C14 -> 20589413 | C15: 20596824 | D15: =MAX(0,C15-B15) -> 7411
A16: 7 | B16: =C15 -> 20596824 | C16: 20603335 | D16: =MAX(0,C16-B16) -> 6511
A17: 8 | B17: =C16 -> 20603335 | C17: 20610228 | D17: =MAX(0,C17-B17) -> 6893
A18: 9 | B18: =C17 -> 20610228 | C18: 20610228 | D18: =MAX(0,C18-B18) -> 0
A19: 10 | B19: =C18 -> 20610228 | C19: 20617915 | D19: =MAX(0,C19-B19) -> 7687
A20: 11 | B20: =C19 -> 20617915 | C20: 20625179 | D20: =MAX(0,C20-B20) -> 7264
A21: 12 | B21: =C20 -> 20625179 | C21: 20632219 | D21: =MAX(0,C21-B21) -> 7040
A22: 13 | B22: =C21 -> 20632219 | C22: 20637221 | D22: =MAX(0,C22-B22) -> 5002
... A38: 29 | B38: =C37 -> 20739528 | C38: 20742199 | D38: =MAX(0,C38-B38) -> 2671
A39: 30 | B39: =C38 -> 20742199 | C39: 20744427 | D39: =MAX(0,C39-B39) -> 2228 | G39: NEW ENGINE PURCHASED FROM UK
A40: 31 | B40: =C39 -> 20744427 | C40: 20749916 | D40: =MAX(0,C40-B40) -> 5489
A41: Total | D41: =SUM(D10:D40) -> 190468 | G41: INSTALLED: NOV 30 2013

Sheet GENSET #2
A1: 1600 KVA
C3: NO#2
A6: ='GENSET #1'!A6 -> 44928
B8: GENSET NO 2
A9: DAY | B9: YESTARDAY | C9: TODAY | D9: Final Electricity Consumption( KW h)
A10: 1 | B10: 34861588 | C10: 34870977 | D10: =MAX(0,C10-B10) -> 9389
A11: 2 | B11: =C10 -> 34870977 | C11: 34880168 | D11: =MAX(0,C11-B11) -> 9191
A12: 3 | B12: =C11 -> 34880168 | C12: 34886981 | D12: =MAX(0,C12-B12) -> 6813
A13: 4 | B13: =C12 -> 34886981 | C13: 34897446 | D13: =MAX(0,C13-B13) -> 10465
A14: 5 | B14: =C13 -> 34897446 | C14: 34906846 | D14: =MAX(0,C14-B14) -> 9400
A15: 6 | B15: =C14 -> 34906846 | C15: 34914382 | D15: =MAX(0,C15-B15) -> 7536
A16: 7 | B16: =C15 -> 34914382 | C16: 34923243 | D16: =MAX(0,C16-B16) -> 8861
A17: 8 | B17: =C16 -> 34923243 | C17: 34930820 | D17: =MAX(0,C17-B17) -> 7577
A18: 9 | B18: =C17 -> 34930820 | C18: 34941017 | D18: =MAX(0,C18-B18) -> 10197
A19: 10 | B19: =C18 -> 34941017 | C19: 34947758 | D19: =MAX(0,C19-B19) -> 6741
A20: 11 | B20: =C19 -> 34947758 | C20: 34952551 | D20: =MAX(0,C20-B20) -> 4793
A21: 12 | B21: =C20 -> 34952551 | C21: 34952551 | D21: =MAX(0,C21-B21) -> 0
A22: 13 | B22: =C21 -> 34952551 | C22: 34959958 | D22: =MAX(0,C22-B22) -> 7407
... A40: 31 | B40: =C39 -> 35101713 | C40: 35111343 | D40: =MAX(0,C40-B40) -> 9630
A41: Total | B41: =#REF! -> #REF! | D41: =SUM(D10:D40) -> 249755

Sheet GENSET #3
A1: 900 KVA
C3: NO#3
A6: ='GENSET #2'!A6 -> 44928
B8: GENSET NO 3
A9: DAY | B9: YESTARDAY | C9: TODAY | D9: Final Electricity Consumption( KW h)
A10: 1 | B10: 15789690 | C10: 15795178 | D10: =MAX(0,C10-B10) -> 5488
A11: 2 | B11: =C10 -> 15795178 | C11: 15799047 | D11: =MAX(0,C11-B11) -> 3869
A12: 3 | B12: =C11 -> 15799047 | C12: 15803186 | D12: =MAX(0,C12-B12) -> 4139
A13: 4 | B13: =C12 -> 15803186 | C13: 15807074 | D13: =MAX(0,C13-B13) -> 3888
A14: 5 | B14: =C13 -> 15807074 | C14: 15811695 | D14: =MAX(0,C14-B14) -> 4621
A15: 6 | B15: =C14 -> 15811695 | C15: 15814491 | D15: =MAX(0,C15-B15) -> 2796
A16: 7 | B16: =C15 -> 15814491 | C16: 15817064 | D16: =MAX(0,C16-B16) -> 2573
A17: 8 | B17: =C16 -> 15817064 | C17: 15820100 | D17: =MAX(0,C17-B17) -> 3036
A18: 9 | B18: =C17 -> 15820100 | C18: 15827374 | D18: =MAX(0,C18-B18) -> 7274
A19: 10 | B19: =C18 -> 15827374 | C19: 15827389 | D19: =MAX(0,C19-B19) -> 15
A20: 11 | B20: =C19 -> 15827389 | C20: 15830014 | D20: =MAX(0,C20-B20) -> 2625
A21: 12 | B21: =C20 -> 15830014 | C21: 15833487 | D21: =MAX(0,C21-B21) -> 3473
A22: 13 | B22: =C21 -> 15833487 | C22: 15835604 | D22: =MAX(0,C22-B22) -> 2117
... A40: 31 | B40: =C39 -> 15846794 | C40: 15846794 | D40: =MAX(0,C40-B40) -> 0
A41: Total | B41: =#REF! -> #REF! | D41: =SUM(D10:D40) -> 57104

Sheet GENSET #4
A1: 500 KVA
C3: NO#4
A6: ='GENSET #3'!A6 -> 44928
B8: GENSET NO 4
A9: DAY | B9: YESTARDAY | C9: TODAY | D9: Final Electricity Consumption( KW h)
A10: 1 | B10: 12752636 | C10: 12755620 | D10: =MAX(0,C10-B10) -> 2984
A11: 2 | B11: =C10 -> 12755620 | C11: 12759684 | D11: =MAX(0,C11-B11) -> 4064
A12: 3 | B12: =C11 -> 12759684 | C12: 12763160 | D12: =MAX(0,C12-B12) -> 3476
A13: 4 | B13: =C12 -> 12763160 | C13: 12766181 | D13: =MAX(0,C13-B13) -> 3021
A14: 5 | B14: =C13 -> 12766181 | C14: 12768126 | D14: =MAX(0,C14-B14) -> 1945
A15: 6 | B15: =C14 -> 12768126 | C15: 12771602 | D15: =MAX(0,C15-B15) -> 3476
A16: 7 | B16: =C15 -> 12771602 | C16: 12774075 | D16: =MAX(0,C16-B16) -> 2473
A17: 8 | B17: =C16 -> 12774075 | C17: 12776254 | D17: =MAX(0,C17-B17) -> 2179
A18: 9 | B18: =C17 -> 12776254 | C18: 12779364 | D18: =MAX(0,C18-B18) -> 3110
A19: 10 | B19: =C18 -> 12779364 | C19: 12783030 | D19: =MAX(0,C19-B19) -> 3666
A20: 11 | B20: =C19 -> 12783030 | C20: 12787810 | D20: =MAX(0,C20-B20) -> 4780
A21: 12 | B21: =C20 -> 12787810 | C21: 12790702 | D21: =MAX(0,C21-B21) -> 2892
A22: 13 | B22: =C21 -> 12790702 | C22: 12792306 | D22: =MAX(0,C22-B22) -> 1604
... A40: 31 | B40: =C39 -> 12845395 | C40: 12848627 | D40: =MAX(0,C40-B40) -> 3232
A41: Total | B41: =#REF! -> #REF! | D41: =SUM(D10:D40) -> 95991

Sheet GENSET #5
A1: 1000 KVA
C3: NO#5
A6: ='GENSET #4'!A6 -> 44928
B8: GENSET NO 5
A9: DAY | B9: YESTARDAY | C9: TODAY | D9: Final Electricity Consumption( KWh)
A10: 1 | B10: 21544760 | C10: 21550745 | D10: =MAX(0,C10-B10) -> 5985
A11: 2 | B11: =C10 -> 21550745 | C11: 21557182 | D11: =MAX(0,C11-B11) -> 6437
A12: 3 | B12: =C11 -> 21557182 | C12: 21564420 | D12: =MAX(0,C12-B12) -> 7238
A13: 4 | B13: =C12 -> 21564420 | C13: 21570700 | D13: =MAX(0,C13-B13) -> 6280
A14: 5 | B14: =C13 -> 21570700 | C14: 21577904 | D14: =MAX(0,C14-B14) -> 7204
A15: 6 | B15: =C14 -> 21577904 | C15: 21585616 | D15: =MAX(0,C15-B15) -> 7712
A16: 7 | B16: =C15 -> 21585616 | C16: 21593091 | D16: =MAX(0,C16-B16) -> 7475
A17: 8 | B17: =C16 -> 21593091 | C17: 21600296 | D17: =MAX(0,C17-B17) -> 7205
A18: 9 | B18: =C17 -> 21600296 | C18: 21606215 | D18: =MAX(0,C18-B18) -> 5919
A19: 10 | B19: =C18 -> 21606215 | C19: 21614080 | D19: =MAX(0,C19-B19) -> 7865
A20: 11 | B20: =C19 -> 21614080 | C20: 21619510 | D20: =MAX(0,C20-B20) -> 5430
A21: 12 | B21: =C20 -> 21619510 | C21: 21630396 | D21: =MAX(0,C21-B21) -> 10886
A22: 13 | B22: =C21 -> 21630396 | C22: 21637683 | D22: =MAX(0,C22-B22) -> 7287
... A40: 31 | B40: =C39 -> 21758769 | C40: 21765636 | D40: =MAX(0,C40-B40) -> 6867
A41: Total | D41: =SUM(D10:D40) -> 220876

Sheet Diesel consumption
A1: Diesel Consumption - Powerhouse | F1: Diesel Tank Jetty Meter | N1: Petrol Tank Jetty Meter
A2: ='GENSET #5'!A6 -> 44928
D3: Liters | F3: Boat meter Reading | N3: Boat meter Reading
A4: Date | B4: Yesterday | C4: Today | D4: ConsumptionIn 24 hrs | F4: Yesterday | G4: Today | H4: Consumption (Liters) | J4: In Barrels | L4: Carbon Emmision | N4: Yesterday | O4: Today | P4: Consumption (Liters)
A5: 1 | B5: 48285860 | C5: 48294240 | D5: =MAX(0,C5-B5) -> 8380 | F5: 1407920 | G5: 1412120 | H5: =MAX(0,G5-F5) -> 4200 | J5: =D5/200 -> 41.9 | L5: =2.68*D5 -> 22458.4 | M5: =L5/1000 -> 22.4584 | N5: 0 | O5: 0 | P5: =MAX(0,O5-N5) -> 0
A6: 2 | B6: =C5 -> 48294240 | C6: 48302760 | D6: =MAX(0,C6-B6) -> 8520 | F6: =G5 -> 1412120 | G6: 1413230 | H6: =MAX(0,G6-F6) -> 1110 | J6: =D6/200 -> 42.6 | L6: =2.68*D6 -> 22833.6 | M6: =L6/1000 -> 22.8336 | N6: =O5 -> 0 | O6: 0 | P6: =MAX(0,O6-N6) -> 0
A7: 3 | B7: =C6 -> 48302760 | C7: 48310870 | D7: =MAX(0,C7-B7) -> 8110 | F7: =G6 -> 1413230 | G7: 1415430 | H7: =MAX(0,G7-F7) -> 2200 | J7: =D7/200 -> 40.55 | L7: =2.68*D7 -> 21734.8 | M7: =L7/1000 -> 21.7348 | N7: =O6 -> 0 | O7: 0 | P7: =MAX(0,O7-N7) -> 0
A8: 4 | B8: =C7 -> 48310870 | C8: 48318920 | D8: =MAX(0,C8-B8) -> 8050 | F8: =G7 -> 1415430 | G8: 1415690 | H8: =MAX(0,G8-F8) -> 260 | J8: =D8/200 -> 40.25 | L8: =2.68*D8 -> 21574 | M8: =L8/1000 -> 21.574 | N8: =O7 -> 0 | O8: 0 | P8: =MAX(0,O8-N8) -> 0
A9: 5 | B9: =C8 -> 48318920 | C9: 48327080 | D9: =MAX(0,C9-B9) -> 8160 | F9: =G8 -> 1415690 | G9: 1419030 | H9: =MAX(0,G9-F9) -> 3340 | J9: =D9/200 -> 40.8 | L9: =2.68*D9 -> 21868.8 | M9: =L9/1000 -> 21.8688 | N9: =O8 -> 0 | O9: 0 | P9: =MAX(0,O9-N9) -> 0
A10: 6 | B10: =C9 -> 48327080 | C10: 48335240 | D10: =MAX(0,C10-B10) -> 8160 | F10: =G9 -> 1419030 | G10: 1420780 | H10: =MAX(0,G10-F10) -> 1750 | J10: =D10/200 -> 40.8 | L10: =2.68*D10 -> 21868.8 | M10: =L10/1000 -> 21.8688 | N10: =O9 -> 0 | O10: 0 | P10: =MAX(0,O10-N10) -> 0
A11: 7 | B11: =C10 -> 48335240 | C11: 48343050 | D11: =MAX(0,C11-B11) -> 7810 | F11: =G10 -> 1420780 | G11: 1420920 | H11: =MAX(0,G11-F11) -> 140 | J11: =D11/200 -> 39.05 | L11: =2.68*D11 -> 20930.8 | M11: =L11/1000 -> 20.9308 | N11: =O10 -> 0 | O11: 0 | P11: =MAX(0,O11-N11) -> 0
A12: 8 | B12: =C11 -> 48343050 | C12: 48350700 | D12: =MAX(0,C12-B12) -> 7650 | F12: =G11 -> 1420920 | G12: 1422580 | H12: =MAX(0,G12-F12) -> 1660 | J12: =D12/200 -> 38.25 | L12: =2.68*D12 -> 20502 | M12: =L12/1000 -> 20.502 | N12: =O11 -> 0 | O12: 0 | P12: =MAX(0,O12-N12) -> 0
A13: 9 | B13: =C12 -> 48350700 | C13: 48358000 | D13: =MAX(0,C13-B13) -> 7300 | F13: =G12 -> 1422580 | G13: 1424220 | H13: =MAX(0,G13-F13) -> 1640 | J13: =D13/200 -> 36.5 | L13: =2.68*D13 -> 19564 | M13: =L13/1000 -> 19.564 | N13: =O12 -> 0 | O13: 0 | P13: =MAX(0,O13-N13) -> 0
A14: 10 | B14: =C13 -> 48358000 | C14: 48365280 | D14: =MAX(0,C14-B14) -> 7280 | F14: =G13 -> 1424220 | G14: 1426120 | H14: =MAX(0,G14-F14) -> 1900 | J14: =D14/200 -> 36.4 | L14: =2.68*D14 -> 19510.4 | M14: =L14/1000 -> 19.5104 | N14: =O13 -> 0 | O14: 0 | P14: =MAX(0,O14-N14) -> 0
A15: 11 | B15: =C14 -> 48365280 | C15: 48372620 | D15: =MAX(0,C15-B15) -> 7340 | F15: =G14 -> 1426120 | G15: 1426820 | H15: =MAX(0,G15-F15) -> 700 | J15: =D15/200 -> 36.7 | L15: =2.68*D15 -> 19671.2 | M15: =L15/1000 -> 19.6712 | N15: =O14 -> 0 | O15: 0 | P15: =MAX(0,O15-N15) -> 0
A16: 12 | B16: =C15 -> 48372620 | C16: 48379360 | D16: =MAX(0,C16-B16) -> 6740 | F16: =G15 -> 1426820 | G16: 1428320 | H16: =MAX(0,G16-F16) -> 1500 | J16: =D16/200 -> 33.7 | L16: =2.68*D16 -> 18063.2 | M16: =L16/1000 -> 18.0632 | N16: =O15 -> 0 | O16: 0 | P16: =MAX(0,O16-N16) -> 0
A17: 13 | B17: =C16 -> 48379360 | C17: 48385940 | D17: =MAX(0,C17-B17) -> 6580 | F17: =G16 -> 1428320 | G17: 1428960 | H17: =MAX(0,G17-F17) -> 640 | J17: =D17/200 -> 32.9 | L17: =2.68*D17 -> 17634.4 | M17: =L17/1000 -> 17.6344 | N17: =O16 -> 0 | O17: 260 | P17: =MAX(0,O17-N17) -> 260
... A30: 26 | B30: =C29 -> 48473790 | C30: 48480510 | D30: =MAX(0,C30-B30) -> 6720 | F30: =G29 -> 1446340 | G30: 1447990 | H30: =MAX(0,G30-F30) -> 1650 | J30: =D30/200 -> 33.6 | L30: =2.68*D30 -> 18009.6 | M30: =L30/1000 -> 18.0096 | N30: =O29 -> 14410 | O30: 15640 | P30: =MAX(0,O30-N30) -> 1230
A31: 27 | B31: =C30 -> 48480510 | C31: 48487840 | D31: 7330 | F31: =G30 -> 1447990 | G31: 1448520 | H31: =MAX(0,G31-F31) -> 530 | J31: =D31/200 -> 36.65 | L31: =2.68*D31 -> 19644.4 | M31: =L31/1000 -> 19.6444 | N31: =O30 -> 15640 | O31: 16960 | P31: =MAX(0,O31-N31) -> 1320
A32: 28 | B32: =C31 -> 48487840 | C32: 48494820 | D32: =MAX(0,C32-B32) -> 6980 | F32: =G31 -> 1448520 | G32: 1448880 | H32: =MAX(0,G32-F32) -> 360 | J32: =D32/200 -> 34.9 | L32: =2.68*D32 -> 18706.4 | M32: =L32/1000 -> 18.7064 | N32: =O31 -> 16960 | O32: 17830 | P32: =MAX(0,O32-N32) -> 870
A33: 29 | B33: =C32 -> 48494820 | C33: 48501850 | D33: =MAX(0,C33-B33) -> 7030 | F33: =G32 -> 1448880 | G33: 1448880 | H33: =MAX(0,G33-F33) -> 0 | J33: =D33/200 -> 35.15 | L33: =2.68*D33 -> 18840.4 | M33: =L33/1000 -> 18.8404 | N33: =O32 -> 17830 | O33: 18540 | P33: =MAX(0,O33-N33) -> 710
A34: 30 | B34: =C33 -> 48501850 | C34: 48508680 | D34: =MAX(0,C34-B34) -> 6830 | F34: =G33 -> 1448880 | G34: 1450530 | H34: =MAX(0,G34-F34) -> 1650 | J34: =D34/200 -> 34.15 | L34: =2.68*D34 -> 18304.4 | M34: =L34/1000 -> 18.3044 | N34: =O33 -> 18540 | O34: 19540 | P34: =MAX(0,O34-N34) -> 1000
A35: 31 | B35: =C34 -> 48508680 | C35: 48515690 | D35: =MAX(0,C35-B35) -> 7010 | F35: =G34 -> 1450530 | G35: 1452030 | H35: =MAX(0,G35-F35) -> 1500 | J35: =D35/200 -> 35.05 | L35: =2.68*D35 -> 18786.8 | N35: =O34 -> 19540 | O35: 20470 | P35: =MAX(0,O35-N35) -> 930
D36: =SUM(D5:D35) -> 229830 | H36: =SUM(H5:H35) -> 44110 | J36: =SUM(J5:J34) -> 1114.1 | L36: =2.68*D36 -> 615944.4 | M36: =L36/1000 -> 615.9444 | P36: =SUM(P5:P35) -> 20470 | R36: =H36+P36 -> 64580

Sheet SOLAR METER READING
A1: Solar reading
B5: ='Diesel consumption'!A2 -> 44928
B7: Solar meter reading
A8: DAY | B8: YESTARDAY | C8: TODAY | D8: Final Electricity Consumption( KW h) | E8: Weather Condition | F8: Temperature
A9: 1 | B9: 4251588 | C9: 4254578 | D9: =MAX(0,C9-B9) -> 2990
A10: 2 | B10: =C9 -> 4254578 | C10: 4257636 | D10: =MAX(0,C10-B10) -> 3058
A11: 3 | B11: =C10 -> 4257636 | C11: 4260523 | D11: =MAX(0,C11-B11) -> 2887
A12: 4 | B12: =C11 -> 4260523 | C12: 4263550 | D12: =MAX(0,C12-B12) -> 3027
A13: 5 | B13: =C12 -> 4263550 | C13: 4266344 | D13: =MAX(0,C13-B13) -> 2794 | J13: 1 liter diesel | K13: 3.61 kwh
A14: 6 | B14: =C13 -> 4266344 | C14: 4269211 | D14: =MAX(0,C14-B14) -> 2867 | J14: 212.88 diesel | K14: 768.50 kwh
A15: 7 | B15: =C14 -> 4269211 | C15: 4272018 | D15: =MAX(0,C15-B15) -> 2807
A16: 8 | B16: =C15 -> 4272018 | C16: 4274990 | D16: =MAX(0,C16-B16) -> 2972
A17: 9 | B17: =C16 -> 4274990 | C17: 4277812 | D17: =MAX(0,C17-B17) -> 2822
A18: 10 | B18: =C17 -> 4277812 | C18: 4280546 | D18: =MAX(0,C18-B18) -> 2734
A19: 11 | B19: =C18 -> 4280546 | C19: 4283363 | D19: =MAX(0,C19-B19) -> 2817
A20: 12 | B20: =C19 -> 4283363 | C20: 4285524 | D20: =MAX(0,C20-B20) -> 2161
A21: 13 | B21: =C20 -> 4285524 | C21: 4288599 | D21: =MAX(0,C21-B21) -> 3075
A22: 14 | B22: =C21 -> 4288599 | C22: 4291349 | D22: =MAX(0,C22-B22) -> 2750
A23: 15 | B23: =C22 -> 4291349 | C23: 4294171 | D23: =MAX(0,C23-B23) -> 2822
A24: 16 | B24: =C23 -> 4294171 | C24: 4297066 | D24: =MAX(0,C24-B24) -> 2895
A25: 17 | B25: =C24 -> 4297066 | C25: 4299841 | D25: =MAX(0,C25-B25) -> 2775
A26: 18 | B26: =C25 -> 4299841 | C26: 4302178 | D26: =MAX(0,C26-B26) -> 2337
... A29: 21 | B29: =C28 -> 4307981 | C29: 4311112 | D29: =MAX(0,C29-B29) -> 3131
A30: 22 | B30: 4311112 | C30: 4314110 | D30: =MAX(0,C30-B30) -> 2998
A31: 23 | B31: =C30 -> 4314110 | C31: 4316579 | D31: =MAX(0,C31-B31) -> 2469
A32: 24 | B32: =C31 -> 4316579 | C32: 4318898 | D32: =MAX(0,C32-B32) -> 2319
A33: 25 | B33: =C32 -> 4318898 | C33: 4321539 | D33: =MAX(0,C33-B33) -> 2641
A34: 26 | B34: =C33 -> 4321539 | C34: 4324616 | D34: =MAX(0,C34-B34) -> 3077
A35: 27 | B35: =C34 -> 4324616 | C35: 4327301 | D35: =MAX(0,C35-B35) -> 2685
A36: 28 | B36: =C35 -> 4327301 | C36: 4330244 | D36: =MAX(0,C36-B36) -> 2943
A37: 29 | B37: =C36 -> 4330244 | C37: 4331961 | D37: =MAX(0,C37-B37) -> 1717
A38: 30 | B38: =C37 -> 4331961 | C38: 4334888 | D38: =MAX(0,C38-B38) -> 2927
A39: 31 | B39: =C38 -> 4334888 | C39: 4337809 | D39: =MAX(0,C39-B39) -> 2921
A40: Total | D40: =SUM(D9:D39) -> 86221

Sheet FEEDER Consumption 
A1: ='SOLAR METER READING'!B5 -> 44928 | GC1: Daily Electricity (Kwh) Consumption by Building Categories
A2: POWER HOUSE FEEDER READING
C3: Main BLU FEEDER PANEL 1 | H3: Main BLU FEEDER PANEL 2 | M3: Main POWER HOUSE FEEDER PANEL NO:3 | R3: Main Kitchen -7 | W3: Main Kitchen -10 | AB3: Water treatment Plant | AH3: Sewage treatment Plant | AM3: Laundry--8SSB (Machineries) | AR3: Laundry-9 (HR/Tuck Shop Building) | AW3: New staff accomodation (E0) | BB3: Staff block-16(E2-E3) | BG3: Staff Block Feeder-3(E4-E5) | BL3: Management block-5 (M1 to M6) | BQ3: SNR STAFF BLOCK (PC Block) | BV3: BOAT DOCK FEEDER - 22 | CA3: RECEPTION Building Full (Finance/Reservation) | CF3: DIVE CENTER (Inc MDC and Recreation) | CK3: 301-307 | CP3: 308-314 | CU3: 315-320 | CZ3: 401-407 | DE3: 408-414 | DJ3: 415-420 | DO3: SPA - 1 | DT3: SPA - 2 | DY3: BLU KITCHEN - 1 | ED3: BLU KITCHEN - 2 | EI3: AL BARAKATH | EN3: STAFF KITCHEN | ES3: MANAGR BLOCK GARDEN (White House) | EX3: 121-131 | FC3: 113-120 | FH3: Room 855 Hot Water Boiler Kw reading | FM3: Room 911 Hot Water Boiler kw reading | FR3: Room 403 Hot Water Boiler kw reading | FW3: Room 131 Hot Water Boiler kw reading | GC3: Blu Feeders | GE3: ALL Kitchens | GG3: Laundry + HR Buidling | GI3: Employee Block | GK3: Managers Block + SNR Block | GM3: HPL Project Team Usage
A4: DAY | B4: Occupancy | C4: Yesterday | D4: Today | E4: Consumption | F4: Variance (Tdy vs Ystdy) | G4: % | H4: Yesterday | I4: Today | J4: Consumption | K4: Var(Tdy vs Ystdy) | L4: % | M4: Yesterday | N4: Today | O4: Consumption | P4: Var (Tdy vs Ystdy) | Q4: % | R4: Yesterday | S4: Today | T4: Consumption | U4: Var(Tdy vs Ystdy) | V4: % | W4: Yesterday | X4: Today | Y4: Consumption | Z4: Var(Tdy vs Ystdy) | AA4: % | AB4: Yesterday | AC4: Today | AD4: Consumption | AE4: Kwh per cubic meter | AF4: Var(Tdy vs Ystdy) | AG4: % | AH4: Yesterday | AI4: Today | AJ4: Consumption | AK4: Var(Tdy vs Ystdy) | AL4: % | AM4: Yesterday | AN4: Today | AO4: Consumption | AP4: Var(Tdy vs Ystdy) | AQ4: % | AR4: Yesterday | AS4: Today | AT4: Consumption | AU4: Var(Tdy vs Ystdy) | AV4: % | AW4: Yesterday | AX4: Today | AY4: Consumption | AZ4: Var(Tdy vs Ystdy) | BA4: % | BB4: Yesterday | BC4: Today | BD4: Consumption | BE4: Var(Tdy vs Ystdy) | BF4: % | BG4: Yesterday | BH4: Today | BI4: Consumption | BJ4: Var(Tdy vs Ystdy) | BK4: % | BL4: Yesterday | BM4: Today | BN4: Consumption | BO4: Var(Tdy vs Ystdy) | BP4: % | BQ4: Yesterday | BR4: Today | BS4: Consumption | BT4: Var(Tdy vs Ystdy) | BU4: % | BV4: Yesterday | BW4: Today | BX4: Consumption | BY4: Var(Tdy vs Ystdy) | BZ4: % | CA4: Yesterday | CB4: Today | CC4: Consumption | CD4: Var(Tdy vs Ystdy) | CE4: % | CF4: Yesterday | CG4: Today | CH4: Consumption | CI4: Var(Tdy vs Ystdy) | CJ4: % | CK4: Yesterday | CL4: Today | CM4: Consumption | CN4: Var(Tdy vs Ystdy) | CO4: % | CP4: Yesterday | CQ4: Today | CR4: Consumption | CS4: Var(Tdy vs Ystdy) | CT4: % | CU4: Yesterday | CV4: Today | CW4: Consumption | CX4: Var(Tdy vs Ystdy) | CY4: % | CZ4: Yesterday | DA4: Today | DB4: Consumption | DC4: Var(Tdy vs Ystdy) | DD4: % | DE4: Yesterday | DF4: Today | DG4: Consumption | DH4: Var(Tdy vs Ystdy) | DI4: % | DJ4: Yesterday | DK4: Today | DL4: Consumption | DM4: Var(Tdy vs Ystdy) | DN4: % | DO4: Yesterday | DP4: Today | DQ4: Consumption | DR4: Var(Tdy vs Ystdy) | DS4: % | DT4: Yesterday | DU4: Today | DV4: Consumption | DW4: Var(Tdy vs Ystdy) | DX4: % | DY4: Yesterday | DZ4: Today | EA4: Consumption | EB4: Var(Tdy vs Ystdy) | EC4: % | ED4: Yesterday | EE4: Today | EF4: Consumption | EG4: Var(Tdy vs Ystdy) | EH4: % | EI4: Yesterday | EJ4: Today | EK4: Consumption | EL4: Var(Tdy vs Ystdy) | EM4: % | EN4: Yesterday | EO4: Today | EP4: Consumption | EQ4: Var(Tdy vs Ystdy) | ER4: % | ES4: Yesterday | ET4: Today | EU4: Consumption | EV4: Var(Tdy vs Ystdy) | EW4: % | EX4: Yesterday | EY4: Today | EZ4: Consumption | FA4: Var(Tdy vs Ystdy) | FB4: % | FC4: Yesterday | FD4: Today | FE4: Consumption | FF4: Var(Tdy vs Ystdy) | FG4: % | FM4: Yesterday | FN4: Today | FO4: Consumption | FP4: Var(Tdy vs Ystdy) | FQ4: % | FR4: Yesterday | FS4: Today | FT4: Consumption | FU4: Var(Tdy vs Ystdy) | FV4: % | FW4: Yesterday | FX4: Today | FY4: Consumption | FZ4: Var(Tdy vs Ystdy) | GA4: % | GC4: Total (Kwh) | GD4: Avg | GE4: Total (Kwh) | GF4: Avg | GG4: Total (Kwh) | GH4: Avg | GI4: Total (Kwh) | GJ4: Avg | GK4: Total (Kwh) | GL4: Avg | GM4: Total (Kwh) | GN4: Avg
A5: 1 | B5: =#REF! -> #REF! | C5: 27414800 | D5: 27419216 | E5: =MAX(0,D5-C5) -> 4416 | H5: 25354892 | I5: 25359792 | J5: =MAX(0,I5-H5) -> 4900 | M5: 93179744 | N5: 93192194 | O5: =MAX(0,N5-M5) -> 12450 | R5: 3288100 | S5: 3290600 | T5: =MAX(0,S5-R5) -> 2500 | W5: 4403325 | X5: 4406397 | Y5: =MAX(0,X5-W5) -> 3072 | AB5: 2859600 | AC5: 2861800 | AD5: =MAX(0,AC5-AB5) -> 2200 | AE5: =AD5/WATER!V6 -> 5.6265985 | AH5: 1133888 | AI5: 1134372 | AJ5: =MAX(0,AI5-AH5) -> 484 | AM5: 1161300 | AN5: 1162000 | AO5: =MAX(0,AN5-AM5) -> 700 | AR5: 2609800 | AS5: 2612700 | AT5: =AS5-AR5 -> 2900 | AW5: 47915 | AX5: 48332 | AY5: =AX5-AW5 -> 417 | BB5: 1032000 | BC5: 1032400 | BD5: =BC5-BB5 -> 400 | BG5: 1098700 | BH5: 1099000 | BI5: =BH5-BG5 -> 300 | BL5: 1641100 | BM5: 1641600 | BN5: =BM5-BL5 -> 500 | BQ5: 149660 | BR5: 149860 | BS5: =BR5-BQ5 -> 200 | BV5: 622610 | BW5: 622960 | BX5: =BW5-BV5 -> 350 | CA5: 1186900 | CB5: 1188100 | CC5: =CB5-CA5 -> 1200 | CF5: 392360 | CG5: 392790 | CH5: =CG5-CF5 -> 430 | CK5: 902660 | CL5: 903760 | CM5: =MAX(0,CL5-CK5) -> 1100 | CP5: 749960 | CQ5: 751050 | CR5: =MAX(0,CQ5-CP5) -> 1090 | CU5: 619200 | CV5: 619910 | CW5: =MAX(0,CV5-CU5) -> 710 | CZ5: 1036600 | DA5: 1037700 | DB5: =DA5-CZ5 -> 1100 | DE5: 796170 | DF5: 797080 | DG5: =MAX(0,DF5-DE5) -> 910 | DJ5: 686310 | DK5: 687040 | DL5: =MAX(0,DK5-DJ5) -> 730 | DO5: 372120 | DP5: 372510 | DQ5: =MAX(0,DP5-DO5) -> 390 | DT5: 125860 | DU5: 126010 | DV5: =MAX(0,DU5-DT5) -> 150 | DY5: 807130 | DZ5: 808160 | EA5: =MAX(0,DZ5-DY5) -> 1030 | ED5: 255720 | EE5: 256010 | EF5: =MAX(0,EE5-ED5) -> 290 | EI5: 291150 | EJ5: 291870 | EK5: =MAX(0,EJ5-EI5) -> 720 | EN5: 472930 | EO5: 474040 | EP5: =MAX(0,EO5-EN5) -> 1110 | ES5: 69098 | EU5: =MAX(0,ET5-ES5) -> 0 | EX5: 131740 | EZ5: =MAX(0,EY5-EX5) -> 0 | FC5: 74909 | FE5: =MAX(0,FD5-FC5) -> 0 | FM5: 91210 | FO5: =MAX(0,FN5-FM5) -> 0 | FR5: 0 | FT5: =MAX(0,FS5-FR5) -> 0 | FW5: 0 | FY5: =MAX(0,FX5-FW5) -> 0 | GC5: =SUM(E5+J5) -> 9316 | GE5: =SUM(T5+Y5+EA5+EF5+EK5+EP5) -> 8722 | GG5: =SUM(AO5+AT5) -> 3600 | GI5: =SUM(AY5+BD5+BI5) -> 1117 | GK5: =SUM(BN5+BS5+EU5) -> 700 | GM5: =SUM(EZ5+FE5) -> 0
A6: 2 | B6: =#REF! -> #REF! | C6: =D5 -> 27419216 | D6: 27423532 | E6: =MAX(0,D6-C6) -> 4316 | F6: =E6-E5 -> -100 | G6: =(E6/#REF!)*100 -> #REF! | H6: =I5 -> 25359792 | I6: 25364558 | J6: =MAX(0,I6-H6) -> 4766 | K6: =J6-J5 -> -134 | L6: =(J6/#REF!)*100 -> #REF! | M6: =N5 -> 93192194 | N6: 93204738 | O6: =MAX(0,N6-M6) -> 12544 | P6: =O6-O5 -> 94 | Q6: =(O6/#REF!)*100 -> #REF! | R6: =S5 -> 3290600 | S6: 3293000 | T6: =MAX(0,S6-R6) -> 2400 | U6: =T6-T5 -> -100 | V6: =(T6/#REF!)*100 -> #REF! | W6: =X5 -> 4406397 | X6: 4409465 | Y6: =MAX(0,X6-W6) -> 3068 | Z6: =Y6-Y5 -> -4 | AA6: =(Y6/#REF!)*100 -> #REF! | AB6: =AC5 -> 2861800 | AC6: 2864200 | AD6: =MAX(0,AC6-AB6) -> 2400 | AE6: =AD6/WATER!V7 -> 5.5944056 | AF6: =AD6-AD5 -> 200 | AG6: =(AD6/#REF!)*100 -> #REF! | AH6: =AI5 -> 1134372 | AI6: 1134837 | AJ6: =MAX(0,AI6-AH6) -> 465 | AK6: =AJ6-AJ5 -> -19 | AL6: =(AJ6/#REF!)*100 -> #REF! | AM6: =AN5 -> 1162000 | AN6: 1162700 | AO6: =MAX(0,AN6-AM6) -> 700 | AP6: =AO6-AO5 -> 0 | AQ6: =(AO6/#REF!)*100 -> #REF! | AR6: =AS5 -> 2612700 | AS6: 2615500 | AT6: =MAX(0,AS6-AR6) -> 2800 | AU6: =AT6-AT5 -> -100 | AV6: =(AT6/#REF!)*100 -> #REF! | AW6: =AX5 -> 48332 | AX6: 48770 | AY6: =MAX(0,AX6-AW6) -> 438 | AZ6: =AY6-AY5 -> 21 | BA6: =(AY6/#REF!)*100 -> #REF! | BB6: =BC5 -> 1032400 | BC6: 1032800 | BD6: =MAX(0,BC6-BB6) -> 400 | BE6: =BD6-BD5 -> 0 | BF6: =(BD6/#REF!)*100 -> #REF! | BG6: =BH5 -> 1099000 | BH6: 1099300 | BI6: =MAX(0,BH6-BG6) -> 300 | BJ6: =BI6-BI5 -> 0 | BK6: =(BI6/#REF!)*100 -> #REF! | BL6: =BM5 -> 1641600 | BM6: 1642200 | BN6: =MAX(0,BM6-BL6) -> 600 | BO6: =BN6-BN5 -> 100 | BP6: =(BN6/#REF!)*100 -> #REF! | BQ6: =BR5 -> 149860 | BR6: 149990 | BS6: =MAX(0,BR6-BQ6) -> 130 | BT6: =BS6-BS5 -> -70 | BU6: =(BS6/#REF!)*100 -> #REF! | BV6: =BW5 -> 622960 | BW6: 623320 | BX6: =MAX(0,BW6-BV6) -> 360 | BY6: =BX6-BX5 -> 10 | BZ6: =(BX6/#REF!)*100 -> #REF! | CA6: =CB5 -> 1188100 | CB6: 1189300 | CC6: =MAX(0,CB6-CA6) -> 1200 | CD6: =CC6-CC5 -> 0 | CE6: =(CC6/#REF!)*100 -> #REF! | CF6: =CG5 -> 392790 | CG6: 393300 | CH6: =MAX(0,CG6-CF6) -> 510 | CI6: =CH6-CH5 -> 80 | CJ6: =(CH6/#REF!)*100 -> #REF! | CK6: =CL5 -> 903760 | CL6: 904940 | CM6: =MAX(0,CL6-CK6) -> 1180 | CN6: =CM6-CM5 -> 80 | CO6: =(CM6/#REF!)*100 -> #REF! | CP6: =CQ5 -> 751050 | CQ6: 752120 | CR6: =MAX(0,CQ6-CP6) -> 1070 | CS6: =CR6-CR5 -> -20 | CT6: =(CR6/#REF!)*100 -> #REF! | CU6: =CV5 -> 619910 | CV6: 620610 | CW6: =MAX(0,CV6-CU6) -> 700 | CX6: =CW6-CW5 -> -10 | CY6: =(CW6/#REF!)*100 -> #REF! | CZ6: =DA5 -> 1037700 | DA6: 1038800 | DB6: =MAX(0,DA6-CZ6) -> 1100 | DC6: =DB6-DB5 -> 0 | DD6: =(DB6/#REF!)*100 -> #REF! | DE6: =DF5 -> 797080 | DF6: 797960 | DG6: =MAX(0,DF6-DE6) -> 880 | DH6: =DG6-DG5 -> -30 | DI6: =(DG6/#REF!)*100 -> #REF! | DJ6: =DK5 -> 687040 | DK6: 687670 | DL6: =MAX(0,DK6-DJ6) -> 630 | DM6: =DL6-DL5 -> -100 | DN6: =(DL6/#REF!)*100 -> #REF! | DO6: =DP5 -> 372510 | DP6: 372830 | DQ6: =MAX(0,DP6-DO6) -> 320 | DR6: =DQ6-DQ5 -> -70 | DS6: =(DQ6/#REF!)*100 -> #REF! | DT6: =DU5 -> 126010 | DU6: 126180 | DV6: =MAX(0,DU6-DT6) -> 170 | DW6: =DV6-DV5 -> 20 | DX6: =(DV6/#REF!)*100 -> #REF! | DY6: =DZ5 -> 808160 | DZ6: 809170 | EA6: =MAX(0,DZ6-DY6) -> 1010 | EB6: =EA6-EA5 -> -20 | EC6: =(EA6/#REF!)*100 -> #REF! | ED6: =EE5 -> 256010 | EE6: 256320 | EF6: =MAX(0,EE6-ED6) -> 310 | EG6: =EF6-EF5 -> 20 | EH6: =(EF6/#REF!)*100 -> #REF! | EI6: =EJ5 -> 291870 | EJ6: 292220 | EK6: =MAX(0,EJ6-EI6) -> 350 | EL6: =EK6-EK5 -> -370 | EM6: =(EK6/#REF!)*100 -> #REF! | EN6: =EO5 -> 474040 | EO6: 474620 | EP6: =MAX(0,EO6-EN6) -> 580 | EQ6: =EP6-EP5 -> -530 | ER6: =(EP6/#REF!)*100 -> #REF! | ES6: =ET5 -> 0 | EU6: =MAX(0,ET6-ES6) -> 0 | EV6: =EU6-EU5 -> 0 | EW6: =(EU6/#REF!)*100 -> #REF! | EX6: =EY5 -> 0 | EZ6: =MAX(0,EY6-EX6) -> 0 | FA6: =EZ6-EZ5 -> 0 | FB6: =(EZ6/#REF!)*100 -> #REF! | FC6: =FD5 -> 0 | FE6: =MAX(0,FD6-FC6) -> 0 | FF6: =FE6-FE5 -> 0 | FG6: =(FE6/#REF!)*100 -> #REF! | FM6: =FN5 -> 0 | FO6: =MAX(0,FN6-FM6) -> 0 | FP6: =FO6-FO5 -> 0 | FQ6: =(FO6/#REF!)*100 -> #REF! | FR6: =FS5 -> 0 | FT6: =MAX(0,FS6-FR6) -> 0 | FU6: =FT6-FT5 -> 0 | FV6: =(FT6/#REF!)*100 -> #REF! | FW6: =FX5 -> 0 | FY6: =MAX(0,FX6-FW6) -> 0 | FZ6: =FY6-FY5 -> 0 | GA6: =(FY6/#REF!)*100 -> #REF! | GC6: =SUM(E6+J6) -> 9082 | GE6: =SUM(T6+Y6+EA6+EF6+EK6+EP6) -> 7718 | GG6: =SUM(AO6+AT6) -> 3500 | GI6: =SUM(AY6+BD6+BI6) -> 1138 | GK6: =SUM(BN6+BS6+EU6) -> 730 | GM6: =SUM(EZ6+FE6) -> 0
A7: 3 | B7: =#REF! -> #REF! | C7: =D6 -> 27423532 | D7: 27427870 | E7: =MAX(0,D7-C7) -> 4338 | F7: =E7-E6 -> 22 | G7: =(E7/#REF!)*100 -> #REF! | H7: =I6 -> 25364558 | I7: 25369222 | J7: =MAX(0,I7-H7) -> 4664 | K7: =J7-J6 -> -102 | L7: =(J7/#REF!)*100 -> #REF! | M7: =N6 -> 93204738 | N7: 93217450 | O7: =MAX(0,N7-M7) -> 12712 | P7: =O7-O6 -> 168 | Q7: =(O7/#REF!)*100 -> #REF! | R7: =S6 -> 3293000 | S7: 3295500 | T7: =MAX(0,S7-R7) -> 2500 | U7: =T7-T6 -> 100 | V7: =(T7/#REF!)*100 -> #REF! | W7: =X6 -> 4409465 | X7: 4412499 | Y7: =MAX(0,X7-W7) -> 3034 | Z7: =Y7-Y6 -> -34 | AA7: =(Y7/#REF!)*100 -> #REF! | AB7: =AC6 -> 2864200 | AC7: 2866600 | AD7: =MAX(0,AC7-AB7) -> 2400 | AE7: =AD7/WATER!V8 -> 6.0150376 | AF7: =AD7-AD6 -> 0 | AG7: =(AD7/#REF!)*100 -> #REF! | AH7: =AI6 -> 1134837 | AI7: 1135321 | AJ7: =MAX(0,AI7-AH7) -> 484 | AK7: =AJ7-AJ6 -> 19 | AL7: =(AJ7/#REF!)*100 -> #REF! | AM7: =AN6 -> 1162700 | AN7: 1163300 | AO7: =MAX(0,AN7-AM7) -> 600 | AP7: =AO7-AO6 -> -100 | AQ7: =(AO7/#REF!)*100 -> #REF! | AR7: =AS6 -> 2615500 | AS7: 2618100 | AT7: =MAX(0,AS7-AR7) -> 2600 | AU7: =AT7-AT6 -> -200 | AV7: =(AT7/#REF!)*100 -> #REF! | AW7: =AX6 -> 48770 | AX7: 49235 | AY7: =MAX(0,AX7-AW7) -> 465 | AZ7: =AY7-AY6 -> 27 | BA7: =(AY7/#REF!)*100 -> #REF! | BB7: =BC6 -> 1032800 | BC7: 1033200 | BD7: =MAX(0,BC7-BB7) -> 400 | BE7: =BD7-BD6 -> 0 | BF7: =(BD7/#REF!)*100 -> #REF! | BG7: =BH6 -> 1099300 | BH7: 1099600 | BI7: =MAX(0,BH7-BG7) -> 300 | BJ7: =BI7-BI6 -> 0 | BK7: =(BI7/#REF!)*100 -> #REF! | BL7: =BM6 -> 1642200 | BM7: 1642800 | BN7: =MAX(0,BM7-BL7) -> 600 | BO7: =BN7-BN6 -> 0 | BP7: =(BN7/#REF!)*100 -> #REF! | BQ7: =BR6 -> 149990 | BR7: 150140 | BS7: =MAX(0,BR7-BQ7) -> 150 | BT7: =BS7-BS6 -> 20 | BU7: =(BS7/#REF!)*100 -> #REF! | BV7: =BW6 -> 623320 | BW7: 623750 | BX7: =MAX(0,BW7-BV7) -> 430 | BY7: =BX7-BX6 -> 70 | BZ7: =(BX7/#REF!)*100 -> #REF! | CA7: =CB6 -> 1189300 | CB7: 1190500 | CC7: =MAX(0,CB7-CA7) -> 1200 | CD7: =CC7-CC6 -> 0 | CE7: =(CC7/#REF!)*100 -> #REF! | CF7: =CG6 -> 393300 | CG7: 393810 | CH7: =MAX(0,CG7-CF7) -> 510 | CI7: =CH7-CH6 -> 0 | CJ7: =(CH7/#REF!)*100 -> #REF! | CK7: =CL6 -> 904940 | CL7: 906090 | CM7: =MAX(0,CL7-CK7) -> 1150 | CN7: =CM7-CM6 -> -30 | CO7: =(CM7/#REF!)*100 -> #REF! | CP7: =CQ6 -> 752120 | CQ7: 753080 | CR7: =MAX(0,CQ7-CP7) -> 960 | CS7: =CR7-CR6 -> -110 | CT7: =(CR7/#REF!)*100 -> #REF! | CU7: =CV6 -> 620610 | CV7: 621360 | CW7: =MAX(0,CV7-CU7) -> 750 | CX7: =CW7-CW6 -> 50 | CY7: =(CW7/#REF!)*100 -> #REF! | CZ7: =DA6 -> 1038800 | DA7: 1039900 | DB7: =MAX(0,DA7-CZ7) -> 1100 | DC7: =DB7-DB6 -> 0 | DD7: =(DB7/#REF!)*100 -> #REF! | DE7: =DF6 -> 797960 | DF7: 798760 | DG7: =MAX(0,DF7-DE7) -> 800 | DH7: =DG7-DG6 -> -80 | DI7: =(DG7/#REF!)*100 -> #REF! | DJ7: =DK6 -> 687670 | DK7: 688280 | DL7: =MAX(0,DK7-DJ7) -> 610 | DM7: =DL7-DL6 -> -20 | DN7: =(DL7/#REF!)*100 -> #REF! | DO7: =DP6 -> 372830 | DP7: 373170 | DQ7: =MAX(0,DP7-DO7) -> 340 | DR7: =DQ7-DQ6 -> 20 | DS7: =(DQ7/#REF!)*100 -> #REF! | DT7: =DU6 -> 126180 | DU7: 126350 | DV7: =MAX(0,DU7-DT7) -> 170 | DW7: =DV7-DV6 -> 0 | DX7: =(DV7/#REF!)*100 -> #REF! | DY7: =DZ6 -> 809170 | DZ7: 810250 | EA7: =MAX(0,DZ7-DY7) -> 1080 | EB7: =EA7-EA6 -> 70 | EC7: =(EA7/#REF!)*100 -> #REF! | ED7: =EE6 -> 256320 | EE7: 256650 | EF7: =MAX(0,EE7-ED7) -> 330 | EG7: =EF7-EF6 -> 20 | EH7: =(EF7/#REF!)*100 -> #REF! | EI7: =EJ6 -> 292220 | EJ7: 292600 | EK7: =MAX(0,EJ7-EI7) -> 380 | EL7: =EK7-EK6 -> 30 | EM7: =(EK7/#REF!)*100 -> #REF! | EN7: =EO6 -> 474620 | EO7: 475180 | EP7: =MAX(0,EO7-EN7) -> 560 | EQ7: =EP7-EP6 -> -20 | ER7: =(EP7/#REF!)*100 -> #REF! | ES7: =ET6 -> 0 | EU7: =MAX(0,ET7-ES7) -> 0 | EV7: =EU7-EU6 -> 0 | EW7: =(EU7/#REF!)*100 -> #REF! | EX7: =EY6 -> 0 | EZ7: =MAX(0,EY7-EX7) -> 0 | FA7: =EZ7-EZ6 -> 0 | FB7: =(EZ7/#REF!)*100 -> #REF! | FC7: =FD6 -> 0 | FE7: =MAX(0,FD7-FC7) -> 0 | FF7: =FE7-FE6 -> 0 | FG7: =(FE7/#REF!)*100 -> #REF! | FM7: =FN6 -> 0 | FO7: =MAX(0,FN7-FM7) -> 0 | FP7: =FO7-FO6 -> 0 | FQ7: =(FO7/#REF!)*100 -> #REF! | FR7: =FS6 -> 0 | FT7: =MAX(0,FS7-FR7) -> 0 | FU7: =FT7-FT6 -> 0 | FV7: =(FT7/#REF!)*100 -> #REF! | FW7: =FX6 -> 0 | FY7: =MAX(0,FX7-FW7) -> 0 | FZ7: =FY7-FY6 -> 0 | GA7: =(FY7/#REF!)*100 -> #REF! | GC7: =SUM(E7+J7) -> 9002 | GE7: =SUM(T7+Y7+EA7+EF7+EK7+EP7) -> 7884 | GG7: =SUM(AO7+AT7) -> 3200 | GI7: =SUM(AY7+BD7+BI7) -> 1165 | GK7: =SUM(BN7+BS7+EU7) -> 750 | GM7: =SUM(EZ7+FE7) -> 0
A8: 4 | B8: =#REF! -> #REF! | C8: =D7 -> 27427870 | D8: 27432219 | E8: =MAX(0,D8-C8) -> 4349 | F8: =E8-E7 -> 11 | G8: =(E8/#REF!)*100 -> #REF! | H8: =I7 -> 25369222 | I8: 25373883 | J8: =MAX(0,I8-H8) -> 4661 | K8: =J8-J7 -> -3 | L8: =(J8/#REF!)*100 -> #REF! | M8: =N7 -> 93217450 | N8: 93229164 | O8: =MAX(0,N8-M8) -> 11714 | P8: =O8-O7 -> -998 | Q8: =(O8/#REF!)*100 -> #REF! | R8: =S7 -> 3295500 | S8: 3297800 | T8: =MAX(0,S8-R8) -> 2300 | U8: =T8-T7 -> -200 | V8: =(T8/#REF!)*100 -> #REF! | W8: =X7 -> 4412499 | X8: 4415459 | Y8: =MAX(0,X8-W8) -> 2960 | Z8: =Y8-Y7 -> -74 | AA8: =(Y8/#REF!)*100 -> #REF! | AB8: =AC7 -> 2866600 | AC8: 2868700 | AD8: =MAX(0,AC8-AB8) -> 2100 | AE8: =AD8/WATER!V9 -> 4.516129 | AF8: =AD8-AD7 -> -300 | AG8: =(AD8/#REF!)*100 -> #REF! | AH8: =AI7 -> 1135321 | AI8: 1135825 | AJ8: =MAX(0,AI8-AH8) -> 504 | AK8: =AJ8-AJ7 -> 20 | AL8: =(AJ8/#REF!)*100 -> #REF! | AM8: =AN7 -> 1163300 | AN8: 1164100 | AO8: =MAX(0,AN8-AM8) -> 800 | AP8: =AO8-AO7 -> 200 | AQ8: =(AO8/#REF!)*100 -> #REF! | AR8: =AS7 -> 2618100 | AS8: 2620600 | AT8: =MAX(0,AS8-AR8) -> 2500 | AU8: =AT8-AT7 -> -100 | AV8: =(AT8/#REF!)*100 -> #REF! | AW8: =AX7 -> 49235 | AX8: 49661 | AY8: =MAX(0,AX8-AW8) -> 426 | AZ8: =AY8-AY7 -> -39 | BA8: =(AY8/#REF!)*100 -> #REF! | BB8: =BC7 -> 1033200 | BC8: 1033600 | BD8: =MAX(0,BC8-BB8) -> 400 | BE8: =BD8-BD7 -> 0 | BF8: =(BD8/#REF!)*100 -> #REF! | BG8: =BH7 -> 1099600 | BH8: 1099900 | BI8: =MAX(0,BH8-BG8) -> 300 | BJ8: =BI8-BI7 -> 0 | BK8: =(BI8/#REF!)*100 -> #REF! | BL8: =BM7 -> 1642800 | BM8: 1643400 | BN8: =MAX(0,BM8-BL8) -> 600 | BO8: =BN8-BN7 -> 0 | BP8: =(BN8/#REF!)*100 -> #REF! | BQ8: =BR7 -> 150140 | BR8: 150260 | BS8: =MAX(0,BR8-BQ8) -> 120 | BT8: =BS8-BS7 -> -30 | BU8: =(BS8/#REF!)*100 -> #REF! | BV8: =BW7 -> 623750 | BW8: 624140 | BX8: =MAX(0,BW8-BV8) -> 390 | BY8: =BX8-BX7 -> -40 | BZ8: =(BX8/#REF!)*100 -> #REF! | CA8: =CB7 -> 1190500 | CB8: 1191700 | CC8: =MAX(0,CB8-CA8) -> 1200 | CD8: =CC8-CC7 -> 0 | CE8: =(CC8/#REF!)*100 -> #REF! | CF8: =CG7 -> 393810 | CG8: 394280 | CH8: =MAX(0,CG8-CF8) -> 470 | CI8: =CH8-CH7 -> -40 | CJ8: =(CH8/#REF!)*100 -> #REF! | CK8: =CL7 -> 906090 | CL8: 907250 | CM8: =MAX(0,CL8-CK8) -> 1160 | CN8: =CM8-CM7 -> 10 | CO8: =(CM8/#REF!)*100 -> #REF! | CP8: =CQ7 -> 753080 | CQ8: 754140 | CR8: =MAX(0,CQ8-CP8) -> 1060 | CS8: =CR8-CR7 -> 100 | CT8: =(CR8/#REF!)*100 -> #REF! | CU8: =CV7 -> 621360 | CV8: 622040 | CW8: =MAX(0,CV8-CU8) -> 680 | CX8: =CW8-CW7 -> -70 | CY8: =(CW8/#REF!)*100 -> #REF! | CZ8: =DA7 -> 1039900 | DA8: 1040120 | DB8: =MAX(0,DA8-CZ8) -> 220 | DC8: =DB8-DB7 -> -880 | DD8: =(DB8/#REF!)*100 -> #REF! | DE8: =DF7 -> 798760 | DF8: 799480 | DG8: =MAX(0,DF8-DE8) -> 720 | DH8: =DG8-DG7 -> -80 | DI8: =(DG8/#REF!)*100 -> #REF! | DJ8: =DK7 -> 688280 | DK8: 688890 | DL8: =MAX(0,DK8-DJ8) -> 610 | DM8: =DL8-DL7 -> 0 | DN8: =(DL8/#REF!)*100 -> #REF! | DO8: =DP7 -> 373170 | DP8: 373540 | DQ8: =MAX(0,DP8-DO8) -> 370 | DR8: =DQ8-DQ7 -> 30 | DS8: =(DQ8/#REF!)*100 -> #REF! | DT8: =DU7 -> 126350 | DU8: 126490 | DV8: =MAX(0,DU8-DT8) -> 140 | DW8: =DV8-DV7 -> -30 | DX8: =(DV8/#REF!)*100 -> #REF! | DY8: =DZ7 -> 810250 | DZ8: 811220 | EA8: =MAX(0,DZ8-DY8) -> 970 | EB8: =EA8-EA7 -> -110 | EC8: =(EA8/#REF!)*100 -> #REF! | ED8: =EE7 -> 256650 | EE8: 256940 | EF8: =MAX(0,EE8-ED8) -> 290 | EG8: =EF8-EF7 -> -40 | EH8: =(EF8/#REF!)*100 -> #REF! | EI8: =EJ7 -> 292600 | EJ8: 292950 | EK8: =MAX(0,EJ8-EI8) -> 350 | EL8: =EK8-EK7 -> -30 | EM8: =(EK8/#REF!)*100 -> #REF! | EN8: =EO7 -> 475180 | EO8: 475750 | EP8: =MAX(0,EO8-EN8) -> 570 | EQ8: =EP8-EP7 -> 10 | ER8: =(EP8/#REF!)*100 -> #REF! | ES8: =ET7 -> 0 | EU8: =MAX(0,ET8-ES8) -> 0 | EV8: =EU8-EU7 -> 0 | EW8: =(EU8/#REF!)*100 -> #REF! | EX8: =EY7 -> 0 | EZ8: =MAX(0,EY8-EX8) -> 0 | FA8: =EZ8-EZ7 -> 0 | FB8: =(EZ8/#REF!)*100 -> #REF! | FC8: =FD7 -> 0 | FE8: =MAX(0,FD8-FC8) -> 0 | FF8: =FE8-FE7 -> 0 | FG8: =(FE8/#REF!)*100 -> #REF! | FM8: =FN7 -> 0 | FO8: =MAX(0,FN8-FM8) -> 0 | FP8: =FO8-FO7 -> 0 | FQ8: =(FO8/#REF!)*100 -> #REF! | FR8: =FS7 -> 0 | FT8: =MAX(0,FS8-FR8) -> 0 | FU8: =FT8-FT7 -> 0 | FV8: =(FT8/#REF!)*100 -> #REF! | FW8: =FX7 -> 0 | FY8: =MAX(0,FX8-FW8) -> 0 | FZ8: =FY8-FY7 -> 0 | GA8: =(FY8/#REF!)*100 -> #REF! | GC8: =SUM(E8+J8) -> 9010 | GE8: =SUM(T8+Y8+EA8+EF8+EK8+EP8) -> 7440 | GG8: =SUM(AO8+AT8) -> 3300 | GI8: =SUM(AY8+BD8+BI8) -> 1126 | GK8: =SUM(BN8+BS8+EU8) -> 720 | GM8: =SUM(EZ8+FE8) -> 0
A9: 5 | B9: =#REF! -> #REF! | C9: =D8 -> 27432219 | D9: 27436357 | E9: =MAX(0,D9-C9) -> 4138 | F9: =E9-E8 -> -211 | G9: =(E9/#REF!)*100 -> #REF! | H9: =I8 -> 25373883 | I9: 25378652 | J9: =MAX(0,I9-H9) -> 4769 | K9: =J9-J8 -> 108 | L9: =(J9/#REF!)*100 -> #REF! | M9: =N8 -> 93229164 | N9: 93241486 | O9: =MAX(0,N9-M9) -> 12322 | P9: =O9-O8 -> 608 | Q9: =(O9/#REF!)*100 -> #REF! | R9: =S8 -> 3297800 | S9: 3300300 | T9: =MAX(0,S9-R9) -> 2500 | U9: =T9-T8 -> 200 | V9: =(T9/#REF!)*100 -> #REF! | W9: =X8 -> 4415459 | X9: 4418536 | Y9: =MAX(0,X9-W9) -> 3077 | Z9: =Y9-Y8 -> 117 | AA9: =(Y9/#REF!)*100 -> #REF! | AB9: =AC8 -> 2868700 | AC9: 2870600 | AD9: =MAX(0,AC9-AB9) -> 1900 | AE9: =AD9/WATER!V10 -> 4.5238095 | AF9: =AD9-AD8 -> -200 | AG9: =(AD9/#REF!)*100 -> #REF! | AH9: =AI8 -> 1135825 | AI9: 1136319 | AJ9: =MAX(0,AI9-AH9) -> 494 | AK9: =AJ9-AJ8 -> -10 | AL9: =(AJ9/#REF!)*100 -> #REF! | AM9: =AN8 -> 1164100 | AN9: 1164800 | AO9: =MAX(0,AN9-AM9) -> 700 | AP9: =AO9-AO8 -> -100 | AQ9: =(AO9/#REF!)*100 -> #REF! | AR9: =AS8 -> 2620600 | AS9: 2623500 | AT9: =MAX(0,AS9-AR9) -> 2900 | AU9: =AT9-AT8 -> 400 | AV9: =(AT9/#REF!)*100 -> #REF! | AW9: =AX8 -> 49661 | AX9: 50099 | AY9: =MAX(0,AX9-AW9) -> 438 | AZ9: =AY9-AY8 -> 12 | BA9: =(AY9/#REF!)*100 -> #REF! | BB9: =BC8 -> 1033600 | BC9: 1034100 | BD9: =MAX(0,BC9-BB9) -> 500 | BE9: =BD9-BD8 -> 100 | BF9: =(BD9/#REF!)*100 -> #REF! | BG9: =BH8 -> 1099900 | BH9: 1100200 | BI9: =MAX(0,BH9-BG9) -> 300 | BJ9: =BI9-BI8 -> 0 | BK9: =(BI9/#REF!)*100 -> #REF! | BL9: =BM8 -> 1643400 | BM9: 1644000 | BN9: =MAX(0,BM9-BL9) -> 600 | BO9: =BN9-BN8 -> 0 | BP9: =(BN9/#REF!)*100 -> #REF! | BQ9: =BR8 -> 150260 | BR9: 150390 | BS9: =MAX(0,BR9-BQ9) -> 130 | BT9: =BS9-BS8 -> 10 | BU9: =(BS9/#REF!)*100 -> #REF! | BV9: =BW8 -> 624140 | BW9: 624540 | BX9: =MAX(0,BW9-BV9) -> 400 | BY9: =BX9-BX8 -> 10 | BZ9: =(BX9/#REF!)*100 -> #REF! | CA9: =CB8 -> 1191700 | CB9: 1192900 | CC9: =MAX(0,CB9-CA9) -> 1200 | CD9: =CC9-CC8 -> 0 | CE9: =(CC9/#REF!)*100 -> #REF! | CF9: =CG8 -> 394280 | CG9: 394760 | CH9: =MAX(0,CG9-CF9) -> 480 | CI9: =CH9-CH8 -> 10 | CJ9: =(CH9/#REF!)*100 -> #REF! | CK9: =CL8 -> 907250 | CL9: 908450 | CM9: =MAX(0,CL9-CK9) -> 1200 | CN9: =CM9-CM8 -> 40 | CO9: =(CM9/#REF!)*100 -> #REF! | CP9: =CQ8 -> 754140 | CQ9: 755100 | CR9: =MAX(0,CQ9-CP9) -> 960 | CS9: =CR9-CR8 -> -100 | CT9: =(CR9/#REF!)*100 -> #REF! | CU9: =CV8 -> 622040 | CV9: 622880 | CW9: =MAX(0,CV9-CU9) -> 840 | CX9: =CW9-CW8 -> 160 | CY9: =(CW9/#REF!)*100 -> #REF! | CZ9: =DA8 -> 1040120 | DA9: 1042100 | DB9: =MAX(0,DA9-CZ9) -> 1980 | DC9: =DB9-DB8 -> 1760 | DD9: =(DB9/#REF!)*100 -> #REF! | DE9: =DF8 -> 799480 | DF9: 800160 | DG9: =MAX(0,DF9-DE9) -> 680 | DH9: =DG9-DG8 -> -40 | DI9: =(DG9/#REF!)*100 -> #REF! | DJ9: =DK8 -> 688890 | DK9: 689570 | DL9: =MAX(0,DK9-DJ9) -> 680 | DM9: =DL9-DL8 -> 70 | DN9: =(DL9/#REF!)*100 -> #REF! | DO9: =DP8 -> 373540 | DP9: 373870 | DQ9: =MAX(0,DP9-DO9) -> 330 | DR9: =DQ9-DQ8 -> -40 | DS9: =(DQ9/#REF!)*100 -> #REF! | DT9: =DU8 -> 126490 | DU9: 126640 | DV9: =MAX(0,DU9-DT9) -> 150 | DW9: =DV9-DV8 -> 10 | DX9: =(DV9/#REF!)*100 -> #REF! | DY9: =DZ8 -> 811220 | DZ9: 812260 | EA9: =MAX(0,DZ9-DY9) -> 1040 | EB9: =EA9-EA8 -> 70 | EC9: =(EA9/#REF!)*100 -> #REF! | ED9: =EE8 -> 256940 | EE9: 257260 | EF9: =MAX(0,EE9-ED9) -> 320 | EG9: =EF9-EF8 -> 30 | EH9: =(EF9/#REF!)*100 -> #REF! | EI9: =EJ8 -> 292950 | EJ9: 293320 | EK9: =MAX(0,EJ9-EI9) -> 370 | EL9: =EK9-EK8 -> 20 | EM9: =(EK9/#REF!)*100 -> #REF! | EN9: =EO8 -> 475750 | EO9: 476270 | EP9: =MAX(0,EO9-EN9) -> 520 | EQ9: =EP9-EP8 -> -50 | ER9: =(EP9/#REF!)*100 -> #REF! | ES9: =ET8 -> 0 | EU9: =MAX(0,ET9-ES9) -> 0 | EV9: =EU9-EU8 -> 0 | EW9: =(EU9/#REF!)*100 -> #REF! | EX9: =EY8 -> 0 | EZ9: =MAX(0,EY9-EX9) -> 0 | FA9: =EZ9-EZ8 -> 0 | FB9: =(EZ9/#REF!)*100 -> #REF! | FC9: =FD8 -> 0 | FE9: =MAX(0,FD9-FC9) -> 0 | FF9: =FE9-FE8 -> 0 | FG9: =(FE9/#REF!)*100 -> #REF! | FM9: =FN8 -> 0 | FO9: =MAX(0,FN9-FM9) -> 0 | FP9: =FO9-FO8 -> 0 | FQ9: =(FO9/#REF!)*100 -> #REF! | FR9: =FS8 -> 0 | FT9: =MAX(0,FS9-FR9) -> 0 | FU9: =FT9-FT8 -> 0 | FV9: =(FT9/#REF!)*100 -> #REF! | FW9: =FX8 -> 0 | FY9: =MAX(0,FX9-FW9) -> 0 | FZ9: =FY9-FY8 -> 0 | GA9: =(FY9/#REF!)*100 -> #REF! | GC9: =SUM(E9+J9) -> 8907 | GE9: =SUM(T9+Y9+EA9+EF9+EK9+EP9) -> 7827 | GG9: =SUM(AO9+AT9) -> 3600 | GI9: =SUM(AY9+BD9+BI9) -> 1238 | GK9: =SUM(BN9+BS9+EU9) -> 730 | GM9: =SUM(EZ9+FE9) -> 0
A10: 6 | B10: =#REF! -> #REF! | C10: =D9 -> 27436357 | D10: 27440780 | E10: =MAX(0,D10-C10) -> 4423 | F10: =E10-E9 -> 285 | G10: =(E10/#REF!)*100 -> #REF! | H10: =I9 -> 25378652 | I10: 25383273 | J10: =MAX(0,I10-H10) -> 4621 | K10: =J10-J9 -> -148 | L10: =(J10/#REF!)*100 -> #REF! | M10: =N9 -> 93241486 | N10: 93253874 | O10: =MAX(0,N10-M10) -> 12388 | P10: =O10-O9 -> 66 | Q10: =(O10/#REF!)*100 -> #REF! | R10: =S9 -> 3300300 | S10: 3302600 | T10: =MAX(0,S10-R10) -> 2300 | U10: =T10-T9 -> -200 | V10: =(T10/#REF!)*100 -> #REF! | W10: =X9 -> 4418536 | X10: 4421594 | Y10: =MAX(0,X10-W10) -> 3058 | Z10: =Y10-Y9 -> -19 | AA10: =(Y10/#REF!)*100 -> #REF! | AB10: =AC9 -> 2870600 | AC10: 2873000 | AD10: =MAX(0,AC10-AB10) -> 2400 | AE10: =AD10/WATER!V11 -> 6.4 | AF10: =AD10-AD9 -> 500 | AG10: =(AD10/#REF!)*100 -> #REF! | AH10: =AI9 -> 1136319 | AI10: 1136791 | AJ10: =MAX(0,AI10-AH10) -> 472 | AK10: =AJ10-AJ9 -> -22 | AL10: =(AJ10/#REF!)*100 -> #REF! | AM10: =AN9 -> 1164800 | AN10: 1165500 | AO10: =MAX(0,AN10-AM10) -> 700 | AP10: =AO10-AO9 -> 0 | AQ10: =(AO10/#REF!)*100 -> #REF! | AR10: =AS9 -> 2623500 | AS10: 2626000 | AT10: =MAX(0,AS10-AR10) -> 2500 | AU10: =AT10-AT9 -> -400 | AV10: =(AT10/#REF!)*100 -> #REF! | AW10: =AX9 -> 50099 | AX10: 50528 | AY10: =MAX(0,AX10-AW10) -> 429 | AZ10: =AY10-AY9 -> -9 | BA10: =(AY10/#REF!)*100 -> #REF! | BB10: =BC9 -> 1034100 | BC10: 1034500 | BD10: =MAX(0,BC10-BB10) -> 400 | BE10: =BD10-BD9 -> -100 | BF10: =(BD10/#REF!)*100 -> #REF! | BG10: =BH9 -> 1100200 | BH10: 1100500 | BI10: =MAX(0,BH10-BG10) -> 300 | BJ10: =BI10-BI9 -> 0 | BK10: =(BI10/#REF!)*100 -> #REF! | BL10: =BM9 -> 1644000 | BM10: 1644500 | BN10: =MAX(0,BM10-BL10) -> 500 | BO10: =BN10-BN9 -> -100 | BP10: =(BN10/#REF!)*100 -> #REF! | BQ10: =BR9 -> 150390 | BR10: 150500 | BS10: =MAX(0,BR10-BQ10) -> 110 | BT10: =BS10-BS9 -> -20 | BU10: =(BS10/#REF!)*100 -> #REF! | BV10: =BW9 -> 624540 | BW10: 624910 | BX10: =MAX(0,BW10-BV10) -> 370 | BY10: =BX10-BX9 -> -30 | BZ10: =(BX10/#REF!)*100 -> #REF! | CA10: =CB9 -> 1192900 | CB10: 1194100 | CC10: =MAX(0,CB10-CA10) -> 1200 | CD10: =CC10-CC9 -> 0 | CE10: =(CC10/#REF!)*100 -> #REF! | CF10: =CG9 -> 394760 | CG10: 395270 | CH10: =MAX(0,CG10-CF10) -> 510 | CI10: =CH10-CH9 -> 30 | CJ10: =(CH10/#REF!)*100 -> #REF! | CK10: =CL9 -> 908450 | CL10: 909570 | CM10: =MAX(0,CL10-CK10) -> 1120 | CN10: =CM10-CM9 -> -80 | CO10: =(CM10/#REF!)*100 -> #REF! | CP10: =CQ9 -> 755100 | CQ10: 756120 | CR10: =MAX(0,CQ10-CP10) -> 1020 | CS10: =CR10-CR9 -> 60 | CT10: =(CR10/#REF!)*100 -> #REF! | CU10: =CV9 -> 622880 | CV10: 623670 | CW10: =MAX(0,CV10-CU10) -> 790 | CX10: =CW10-CW9 -> -50 | CY10: =(CW10/#REF!)*100 -> #REF! | CZ10: =DA9 -> 1042100 | DA10: 1043200 | DB10: =MAX(0,DA10-CZ10) -> 1100 | DC10: =DB10-DB9 -> -880 | DD10: =(DB10/#REF!)*100 -> #REF! | DE10: =DF9 -> 800160 | DF10: 800880 | DG10: =MAX(0,DF10-DE10) -> 720 | DH10: =DG10-DG9 -> 40 | DI10: =(DG10/#REF!)*100 -> #REF! | DJ10: =DK9 -> 689570 | DK10: 690120 | DL10: =MAX(0,DK10-DJ10) -> 550 | DM10: =DL10-DL9 -> -130 | DN10: =(DL10/#REF!)*100 -> #REF! | DO10: =DP9 -> 373870 | DP10: 374220 | DQ10: =MAX(0,DP10-DO10) -> 350 | DR10: =DQ10-DQ9 -> 20 | DS10: =(DQ10/#REF!)*100 -> #REF! | DT10: =DU9 -> 126640 | DU10: 126800 | DV10: =MAX(0,DU10-DT10) -> 160 | DW10: =DV10-DV9 -> 10 | DX10: =(DV10/#REF!)*100 -> #REF! | DY10: =DZ9 -> 812260 | DZ10: 813250 | EA10: =MAX(0,DZ10-DY10) -> 990 | EB10: =EA10-EA9 -> -50 | EC10: =(EA10/#REF!)*100 -> #REF! | ED10: =EE9 -> 257260 | EE10: 257580 | EF10: =MAX(0,EE10-ED10) -> 320 | EG10: =EF10-EF9 -> 0 | EH10: =(EF10/#REF!)*100 -> #REF! | EI10: =EJ9 -> 293320 | EJ10: 293690 | EK10: =MAX(0,EJ10-EI10) -> 370 | EL10: =EK10-EK9 -> 0 | EM10: =(EK10/#REF!)*100 -> #REF! | EN10: =EO9 -> 476270 | EO10: 476840 | EP10: =MAX(0,EO10-EN10) -> 570 | EQ10: =EP10-EP9 -> 50 | ER10: =(EP10/#REF!)*100 -> #REF! | ES10: =ET9 -> 0 | EU10: =MAX(0,ET10-ES10) -> 0 | EV10: =EU10-EU9 -> 0 | EW10: =(EU10/#REF!)*100 -> #REF! | EX10: =EY9 -> 0 | EZ10: =MAX(0,EY10-EX10) -> 0 | FA10: =EZ10-EZ9 -> 0 | FB10: =(EZ10/#REF!)*100 -> #REF! | FC10: =FD9 -> 0 | FE10: =MAX(0,FD10-FC10) -> 0 | FF10: =FE10-FE9 -> 0 | FG10: =(FE10/#REF!)*100 -> #REF! | FM10: =FN9 -> 0 | FO10: =MAX(0,FN10-FM10) -> 0 | FP10: =FO10-FO9 -> 0 | FQ10: =(FO10/#REF!)*100 -> #REF! | FR10: =FS9 -> 0 | FT10: =MAX(0,FS10-FR10) -> 0 | FU10: =FT10-FT9 -> 0 | FV10: =(FT10/#REF!)*100 -> #REF! | FW10: =FX9 -> 0 | FY10: =MAX(0,FX10-FW10) -> 0 | FZ10: =FY10-FY9 -> 0 | GA10: =(FY10/#REF!)*100 -> #REF! | GC10: =SUM(E10+J10) -> 9044 | GE10: =SUM(T10+Y10+EA10+EF10+EK10+EP10) -> 7608 | GG10: =SUM(AO10+AT10) -> 3200 | GI10: =SUM(AY10+BD10+BI10) -> 1129 | GK10: =SUM(BN10+BS10+EU10) -> 610 | GM10: =SUM(EZ10+FE10) -> 0
A11: 7 | B11: =#REF! -> #REF! | C11: =D10 -> 27440780 | D11: 27445136 | E11: =MAX(0,D11-C11) -> 4356 | F11: =E11-E10 -> -67 | G11: =(E11/#REF!)*100 -> #REF! | H11: =I10 -> 25383273 | I11: 25387736 | J11: =MAX(0,I11-H11) -> 4463 | K11: =J11-J10 -> -158 | L11: =(J11/#REF!)*100 -> #REF! | M11: =N10 -> 93253874 | N11: 93266210 | O11: =MAX(0,N11-M11) -> 12336 | P11: =O11-O10 -> -52 | Q11: =(O11/#REF!)*100 -> #REF! | R11: =S10 -> 3302600 | S11: 3305000 | T11: =MAX(0,S11-R11) -> 2400 | U11: =T11-T10 -> 100 | V11: =(T11/#REF!)*100 -> #REF! | W11: =X10 -> 4421594 | X11: 4424568 | Y11: =MAX(0,X11-W11) -> 2974 | Z11: =Y11-Y10 -> -84 | AA11: =(Y11/#REF!)*100 -> #REF! | AB11: =AC10 -> 2873000 | AC11: 2875100 | AD11: =MAX(0,AC11-AB11) -> 2100 | AE11: =AD11/WATER!V12 -> 6.8403909 | AF11: =AD11-AD10 -> -300 | AG11: =(AD11/#REF!)*100 -> #REF! | AH11: =AI10 -> 1136791 | AI11: 1137238 | AJ11: =MAX(0,AI11-AH11) -> 447 | AK11: =AJ11-AJ10 -> -25 | AL11: =(AJ11/#REF!)*100 -> #REF! | AM11: =AN10 -> 1165500 | AN11: 1166300 | AO11: =MAX(0,AN11-AM11) -> 800 | AP11: =AO11-AO10 -> 100 | AQ11: =(AO11/#REF!)*100 -> #REF! | AR11: =AS10 -> 2626000 | AS11: 2628500 | AT11: =MAX(0,AS11-AR11) -> 2500 | AU11: =AT11-AT10 -> 0 | AV11: =(AT11/#REF!)*100 -> #REF! | AW11: =AX10 -> 50528 | AX11: 50960 | AY11: =MAX(0,AX11-AW11) -> 432 | AZ11: =AY11-AY10 -> 3 | BA11: =(AY11/#REF!)*100 -> #REF! | BB11: =BC10 -> 1034500 | BC11: 1035000 | BD11: =MAX(0,BC11-BB11) -> 500 | BE11: =BD11-BD10 -> 100 | BF11: =(BD11/#REF!)*100 -> #REF! | BG11: =BH10 -> 1100500 | BH11: 1100900 | BI11: =MAX(0,BH11-BG11) -> 400 | BJ11: =BI11-BI10 -> 100 | BK11: =(BI11/#REF!)*100 -> #REF! | BL11: =BM10 -> 1644500 | BM11: 1645100 | BN11: =MAX(0,BM11-BL11) -> 600 | BO11: =BN11-BN10 -> 100 | BP11: =(BN11/#REF!)*100 -> #REF! | BQ11: =BR10 -> 150500 | BR11: 150630 | BS11: =MAX(0,BR11-BQ11) -> 130 | BT11: =BS11-BS10 -> 20 | BU11: =(BS11/#REF!)*100 -> #REF! | BV11: =BW10 -> 624910 | BW11: 625310 | BX11: =MAX(0,BW11-BV11) -> 400 | BY11: =BX11-BX10 -> 30 | BZ11: =(BX11/#REF!)*100 -> #REF! | CA11: =CB10 -> 1194100 | CB11: 1195300 | CC11: =MAX(0,CB11-CA11) -> 1200 | CD11: =CC11-CC10 -> 0 | CE11: =(CC11/#REF!)*100 -> #REF! | CF11: =CG10 -> 395270 | CG11: 395740 | CH11: =MAX(0,CG11-CF11) -> 470 | CI11: =CH11-CH10 -> -40 | CJ11: =(CH11/#REF!)*100 -> #REF! | CK11: =CL10 -> 909570 | CL11: 910830 | CM11: =MAX(0,CL11-CK11) -> 1260 | CN11: =CM11-CM10 -> 140 | CO11: =(CM11/#REF!)*100 -> #REF! | CP11: =CQ10 -> 756120 | CQ11: 757150 | CR11: =MAX(0,CQ11-CP11) -> 1030 | CS11: =CR11-CR10 -> 10 | CT11: =(CR11/#REF!)*100 -> #REF! | CU11: =CV10 -> 623670 | CV11: 624430 | CW11: =MAX(0,CV11-CU11) -> 760 | CX11: =CW11-CW10 -> -30 | CY11: =(CW11/#REF!)*100 -> #REF! | CZ11: =DA10 -> 1043200 | DA11: 1044500 | DB11: =MAX(0,DA11-CZ11) -> 1300 | DC11: =DB11-DB10 -> 200 | DD11: =(DB11/#REF!)*100 -> #REF! | DE11: =DF10 -> 800880 | DF11: 801600 | DG11: =MAX(0,DF11-DE11) -> 720 | DH11: =DG11-DG10 -> 0 | DI11: =(DG11/#REF!)*100 -> #REF! | DJ11: =DK10 -> 690120 | DK11: 690670 | DL11: =MAX(0,DK11-DJ11) -> 550 | DM11: =DL11-DL10 -> 0 | DN11: =(DL11/#REF!)*100 -> #REF! | DO11: =DP10 -> 374220 | DP11: 374570 | DQ11: =MAX(0,DP11-DO11) -> 350 | DR11: =DQ11-DQ10 -> 0 | DS11: =(DQ11/#REF!)*100 -> #REF! | DT11: =DU10 -> 126800 | DU11: 126940 | DV11: =MAX(0,DU11-DT11) -> 140 | DW11: =DV11-DV10 -> -20 | DX11: =(DV11/#REF!)*100 -> #REF! | DY11: =DZ10 -> 813250 | DZ11: 814320 | EA11: =MAX(0,DZ11-DY11) -> 1070 | EB11: =EA11-EA10 -> 80 | EC11: =(EA11/#REF!)*100 -> #REF! | ED11: =EE10 -> 257580 | EE11: 257920 | EF11: =MAX(0,EE11-ED11) -> 340 | EG11: =EF11-EF10 -> 20 | EH11: =(EF11/#REF!)*100 -> #REF! | EI11: =EJ10 -> 293690 | EJ11: 294170 | EK11: =MAX(0,EJ11-EI11) -> 480 | EL11: =EK11-EK10 -> 110 | EM11: =(EK11/#REF!)*100 -> #REF! | EN11: =EO10 -> 476840 | EO11: 477380 | EP11: =MAX(0,EO11-EN11) -> 540 | EQ11: =EP11-EP10 -> -30 | ER11: =(EP11/#REF!)*100 -> #REF! | ES11: =ET10 -> 0 | EU11: =MAX(0,ET11-ES11) -> 0 | EV11: =EU11-EU10 -> 0 | EW11: =(EU11/#REF!)*100 -> #REF! | EX11: =EY10 -> 0 | EZ11: =MAX(0,EY11-EX11) -> 0 | FA11: =EZ11-EZ10 -> 0 | FB11: =(EZ11/#REF!)*100 -> #REF! | FC11: =FD10 -> 0 | FE11: =MAX(0,FD11-FC11) -> 0 | FF11: =FE11-FE10 -> 0 | FG11: =(FE11/#REF!)*100 -> #REF! | FM11: =FN10 -> 0 | FO11: =MAX(0,FN11-FM11) -> 0 | FP11: =FO11-FO10 -> 0 | FQ11: =(FO11/#REF!)*100 -> #REF! | FR11: =FS10 -> 0 | FT11: =MAX(0,FS11-FR11) -> 0 | FU11: =FT11-FT10 -> 0 | FV11: =(FT11/#REF!)*100 -> #REF! | FW11: =FX10 -> 0 | FY11: =MAX(0,FX11-FW11) -> 0 | FZ11: =FY11-FY10 -> 0 | GA11: =(FY11/#REF!)*100 -> #REF! | GC11: =SUM(E11+J11) -> 8819 | GE11: =SUM(T11+Y11+EA11+EF11+EK11+EP11) -> 7804 | GG11: =SUM(AO11+AT11) -> 3300 | GI11: =SUM(AY11+BD11+BI11) -> 1332 | GK11: =SUM(BN11+BS11+EU11) -> 730 | GM11: =SUM(EZ11+FE11) -> 0
A12: 8 | B12: =#REF! -> #REF! | C12: =D11 -> 27445136 | D12: 27449211 | E12: =MAX(0,D12-C12) -> 4075 | F12: =E12-E11 -> -281 | G12: =(E12/#REF!)*100 -> #REF! | H12: =I11 -> 25387736 | I12: 25392230 | J12: =MAX(0,I12-H12) -> 4494 | K12: =J12-J11 -> 31 | L12: =(J12/#REF!)*100 -> #REF! | M12: =N11 -> 93266210 | N12: 93277416 | O12: =MAX(0,N12-M12) -> 11206 | P12: =O12-O11 -> -1130 | Q12: =(O12/#REF!)*100 -> #REF! | R12: =S11 -> 3305000 | S12: 3307300 | T12: =MAX(0,S12-R12) -> 2300 | U12: =T12-T11 -> -100 | V12: =(T12/#REF!)*100 -> #REF! | W12: =X11 -> 4424568 | X12: 4427411 | Y12: =MAX(0,X12-W12) -> 2843 | Z12: =Y12-Y11 -> -131 | AA12: =(Y12/#REF!)*100 -> #REF! | AB12: =AC11 -> 2875100 | AC12: 2876700 | AD12: =MAX(0,AC12-AB12) -> 1600 | AE12: =AD12/WATER!V13 -> 5.2631579 | AF12: =AD12-AD11 -> -500 | AG12: =(AD12/#REF!)*100 -> #REF! | AH12: =AI11 -> 1137238 | AI12: 1137704 | AJ12: =MAX(0,AI12-AH12) -> 466 | AK12: =AJ12-AJ11 -> 19 | AL12: =(AJ12/#REF!)*100 -> #REF! | AM12: =AN11 -> 1166300 | AN12: 1167000 | AO12: =MAX(0,AN12-AM12) -> 700 | AP12: =AO12-AO11 -> -100 | AQ12: =(AO12/#REF!)*100 -> #REF! | AR12: =AS11 -> 2628500 | AS12: 2630800 | AT12: =MAX(0,AS12-AR12) -> 2300 | AU12: =AT12-AT11 -> -200 | AV12: =(AT12/#REF!)*100 -> #REF! | AW12: =AX11 -> 50960 | AX12: 51408 | AY12: =MAX(0,AX12-AW12) -> 448 | AZ12: =AY12-AY11 -> 16 | BA12: =(AY12/#REF!)*100 -> #REF! | BB12: =BC11 -> 1035000 | BC12: 1035400 | BD12: =MAX(0,BC12-BB12) -> 400 | BE12: =BD12-BD11 -> -100 | BF12: =(BD12/#REF!)*100 -> #REF! | BG12: =BH11 -> 1100900 | BH12: 1101200 | BI12: =MAX(0,BH12-BG12) -> 300 | BJ12: =BI12-BI11 -> -100 | BK12: =(BI12/#REF!)*100 -> #REF! | BL12: =BM11 -> 1645100 | BM12: 1645700 | BN12: =MAX(0,BM12-BL12) -> 600 | BO12: =BN12-BN11 -> 0 | BP12: =(BN12/#REF!)*100 -> #REF! | BQ12: =BR11 -> 150630 | BR12: 150750 | BS12: =MAX(0,BR12-BQ12) -> 120 | BT12: =BS12-BS11 -> -10 | BU12: =(BS12/#REF!)*100 -> #REF! | BV12: =BW11 -> 625310 | BW12: 625720 | BX12: =MAX(0,BW12-BV12) -> 410 | BY12: =BX12-BX11 -> 10 | BZ12: =(BX12/#REF!)*100 -> #REF! | CA12: =CB11 -> 1195300 | CB12: 1196500 | CC12: =MAX(0,CB12-CA12) -> 1200 | CD12: =CC12-CC11 -> 0 | CE12: =(CC12/#REF!)*100 -> #REF! | CF12: =CG11 -> 395740 | CG12: 396170 | CH12: =MAX(0,CG12-CF12) -> 430 | CI12: =CH12-CH11 -> -40 | CJ12: =(CH12/#REF!)*100 -> #REF! | CK12: =CL11 -> 910830 | CL12: 911900 | CM12: =MAX(0,CL12-CK12) -> 1070 | CN12: =CM12-CM11 -> -190 | CO12: =(CM12/#REF!)*100 -> #REF! | CP12: =CQ11 -> 757150 | CQ12: 757990 | CR12: =MAX(0,CQ12-CP12) -> 840 | CS12: =CR12-CR11 -> -190 | CT12: =(CR12/#REF!)*100 -> #REF! | CU12: =CV11 -> 624430 | CV12: 625100 | CW12: =MAX(0,CV12-CU12) -> 670 | CX12: =CW12-CW11 -> -90 | CY12: =(CW12/#REF!)*100 -> #REF! | CZ12: =DA11 -> 1044500 | DA12: 1045300 | DB12: =MAX(0,DA12-CZ12) -> 800 | DC12: =DB12-DB11 -> -500 | DD12: =(DB12/#REF!)*100 -> #REF! | DE12: =DF11 -> 801600 | DF12: 802300 | DG12: =MAX(0,DF12-DE12) -> 700 | DH12: =DG12-DG11 -> -20 | DI12: =(DG12/#REF!)*100 -> #REF! | DJ12: =DK11 -> 690670 | DK12: 691180 | DL12: =MAX(0,DK12-DJ12) -> 510 | DM12: =DL12-DL11 -> -40 | DN12: =(DL12/#REF!)*100 -> #REF! | DO12: =DP11 -> 374570 | DP12: 374900 | DQ12: =MAX(0,DP12-DO12) -> 330 | DR12: =DQ12-DQ11 -> -20 | DS12: =(DQ12/#REF!)*100 -> #REF! | DT12: =DU11 -> 126940 | DU12: 127060 | DV12: =MAX(0,DU12-DT12) -> 120 | DW12: =DV12-DV11 -> -20 | DX12: =(DV12/#REF!)*100 -> #REF! | DY12: =DZ11 -> 814320 | DZ12: 815170 | EA12: =MAX(0,DZ12-DY12) -> 850 | EB12: =EA12-EA11 -> -220 | EC12: =(EA12/#REF!)*100 -> #REF! | ED12: =EE11 -> 257920 | EE12: 258220 | EF12: =MAX(0,EE12-ED12) -> 300 | EG12: =EF12-EF11 -> -40 | EH12: =(EF12/#REF!)*100 -> #REF! | EI12: =EJ11 -> 294170 | EJ12: 294550 | EK12: =MAX(0,EJ12-EI12) -> 380 | EL12: =EK12-EK11 -> -100 | EM12: =(EK12/#REF!)*100 -> #REF! | EN12: =EO11 -> 477380 | EO12: 477890 | EP12: =MAX(0,EO12-EN12) -> 510 | EQ12: =EP12-EP11 -> -30 | ER12: =(EP12/#REF!)*100 -> #REF! | ES12: =ET11 -> 0 | EU12: =MAX(0,ET12-ES12) -> 0 | EV12: =EU12-EU11 -> 0 | EW12: =(EU12/#REF!)*100 -> #REF! | EX12: =EY11 -> 0 | EZ12: =MAX(0,EY12-EX12) -> 0 | FA12: =EZ12-EZ11 -> 0 | FB12: =(EZ12/#REF!)*100 -> #REF! | FC12: =FD11 -> 0 | FE12: =MAX(0,FD12-FC12) -> 0 | FF12: =FE12-FE11 -> 0 | FG12: =(FE12/#REF!)*100 -> #REF! | FM12: =FN11 -> 0 | FO12: =MAX(0,FN12-FM12) -> 0 | FP12: =FO12-FO11 -> 0 | FQ12: =(FO12/#REF!)*100 -> #REF! | FR12: =FS11 -> 0 | FT12: =MAX(0,FS12-FR12) -> 0 | FU12: =FT12-FT11 -> 0 | FV12: =(FT12/#REF!)*100 -> #REF! | FW12: =FX11 -> 0 | FY12: =MAX(0,FX12-FW12) -> 0 | FZ12: =FY12-FY11 -> 0 | GA12: =(FY12/#REF!)*100 -> #REF! | GC12: =SUM(E12+J12) -> 8569 | GE12: =SUM(T12+Y12+EA12+EF12+EK12+EP12) -> 7183 | GG12: =SUM(AO12+AT12) -> 3000 | GI12: =SUM(AY12+BD12+BI12) -> 1148 | GK12: =SUM(BN12+BS12+EU12) -> 720 | GM12: =SUM(EZ12+FE12) -> 0
A13: 9 | B13: =#REF! -> #REF! | C13: =D12 -> 27449211 | D13: 27453181 | E13: =MAX(0,D13-C13) -> 3970 | F13: =E13-E12 -> -105 | G13: =(E13/#REF!)*100 -> #REF! | H13: =I12 -> 25392230 | I13: 25396925 | J13: =MAX(0,I13-H13) -> 4695 | K13: =J13-J12 -> 201 | L13: =(J13/#REF!)*100 -> #REF! | M13: =N12 -> 93277416 | N13: 93288831 | O13: =MAX(0,N13-M13) -> 11415 | P13: =O13-O12 -> 209 | Q13: =(O13/#REF!)*100 -> #REF! | R13: =S12 -> 3307300 | S13: 3309500 | T13: =MAX(0,S13-R13) -> 2200 | U13: =T13-T12 -> -100 | V13: =(T13/#REF!)*100 -> #REF! | W13: =X12 -> 4427411 | X13: 4430377 | Y13: =MAX(0,X13-W13) -> 2966 | Z13: =Y13-Y12 -> 123 | AA13: =(Y13/#REF!)*100 -> #REF! | AB13: =AC12 -> 2876700 | AC13: 2878300 | AD13: =MAX(0,AC13-AB13) -> 1600 | AE13: =AD13/WATER!V14 -> 4.8338369 | AF13: =AD13-AD12 -> 0 | AG13: =(AD13/#REF!)*100 -> #REF! | AH13: =AI12 -> 1137704 | AI13: 1138179 | AJ13: =MAX(0,AI13-AH13) -> 475 | AK13: =AJ13-AJ12 -> 9 | AL13: =(AJ13/#REF!)*100 -> #REF! | AM13: =AN12 -> 1167000 | AN13: 1167700 | AO13: =MAX(0,AN13-AM13) -> 700 | AP13: =AO13-AO12 -> 0 | AQ13: =(AO13/#REF!)*100 -> #REF! | AR13: =AS12 -> 2630800 | AS13: 2632700 | AT13: =MAX(0,AS13-AR13) -> 1900 | AU13: =AT13-AT12 -> -400 | AV13: =(AT13/#REF!)*100 -> #REF! | AW13: =AX12 -> 51408 | AX13: 51880 | AY13: =MAX(0,AX13-AW13) -> 472 | AZ13: =AY13-AY12 -> 24 | BA13: =(AY13/#REF!)*100 -> #REF! | BB13: =BC12 -> 1035400 | BC13: 1035800 | BD13: =MAX(0,BC13-BB13) -> 400 | BE13: =BD13-BD12 -> 0 | BF13: =(BD13/#REF!)*100 -> #REF! | BG13: =BH12 -> 1101200 | BH13: 1101400 | BI13: =MAX(0,BH13-BG13) -> 200 | BJ13: =BI13-BI12 -> -100 | BK13: =(BI13/#REF!)*100 -> #REF! | BL13: =BM12 -> 1645700 | BM13: 1646300 | BN13: =MAX(0,BM13-BL13) -> 600 | BO13: =BN13-BN12 -> 0 | BP13: =(BN13/#REF!)*100 -> #REF! | BQ13: =BR12 -> 150750 | BR13: 150880 | BS13: =MAX(0,BR13-BQ13) -> 130 | BT13: =BS13-BS12 -> 10 | BU13: =(BS13/#REF!)*100 -> #REF! | BV13: =BW12 -> 625720 | BW13: 626150 | BX13: =MAX(0,BW13-BV13) -> 430 | BY13: =BX13-BX12 -> 20 | BZ13: =(BX13/#REF!)*100 -> #REF! | CA13: =CB12 -> 1196500 | CB13: 1197700 | CC13: =MAX(0,CB13-CA13) -> 1200 | CD13: =CC13-CC12 -> 0 | CE13: =(CC13/#REF!)*100 -> #REF! | CF13: =CG12 -> 396170 | CG13: 396610 | CH13: =MAX(0,CG13-CF13) -> 440 | CI13: =CH13-CH12 -> 10 | CJ13: =(CH13/#REF!)*100 -> #REF! | CK13: =CL12 -> 911900 | CL13: 912950 | CM13: =MAX(0,CL13-CK13) -> 1050 | CN13: =CM13-CM12 -> -20 | CO13: =(CM13/#REF!)*100 -> #REF! | CP13: =CQ12 -> 757990 | CQ13: 759030 | CR13: =MAX(0,CQ13-CP13) -> 1040 | CS13: =CR13-CR12 -> 200 | CT13: =(CR13/#REF!)*100 -> #REF! | CU13: =CV12 -> 625100 | CV13: 626040 | CW13: =MAX(0,CV13-CU13) -> 940 | CX13: =CW13-CW12 -> 270 | CY13: =(CW13/#REF!)*100 -> #REF! | CZ13: =DA12 -> 1045300 | DA13: 1046500 | DB13: =MAX(0,DA13-CZ13) -> 1200 | DC13: =DB13-DB12 -> 400 | DD13: =(DB13/#REF!)*100 -> #REF! | DE13: =DF12 -> 802300 | DF13: 803060 | DG13: =MAX(0,DF13-DE13) -> 760 | DH13: =DG13-DG12 -> 60 | DI13: =(DG13/#REF!)*100 -> #REF! | DJ13: =DK12 -> 691180 | DK13: 691750 | DL13: =MAX(0,DK13-DJ13) -> 570 | DM13: =DL13-DL12 -> 60 | DN13: =(DL13/#REF!)*100 -> #REF! | DO13: =DP12 -> 374900 | DP13: 375220 | DQ13: =MAX(0,DP13-DO13) -> 320 | DR13: =DQ13-DQ12 -> -10 | DS13: =(DQ13/#REF!)*100 -> #REF! | DT13: =DU12 -> 127060 | DU13: 127160 | DV13: =MAX(0,DU13-DT13) -> 100 | DW13: =DV13-DV12 -> -20 | DX13: =(DV13/#REF!)*100 -> #REF! | DY13: =DZ12 -> 815170 | DZ13: 816090 | EA13: =MAX(0,DZ13-DY13) -> 920 | EB13: =EA13-EA12 -> 70 | EC13: =(EA13/#REF!)*100 -> #REF! | ED13: =EE12 -> 258220 | EE13: 258510 | EF13: =MAX(0,EE13-ED13) -> 290 | EG13: =EF13-EF12 -> -10 | EH13: =(EF13/#REF!)*100 -> #REF! | EI13: =EJ12 -> 294550 | EJ13: 294910 | EK13: =MAX(0,EJ13-EI13) -> 360 | EL13: =EK13-EK12 -> -20 | EM13: =(EK13/#REF!)*100 -> #REF! | EN13: =EO12 -> 477890 | EO13: 478450 | EP13: =MAX(0,EO13-EN13) -> 560 | EQ13: =EP13-EP12 -> 50 | ER13: =(EP13/#REF!)*100 -> #REF! | ES13: =ET12 -> 0 | EU13: =MAX(0,ET13-ES13) -> 0 | EV13: =EU13-EU12 -> 0 | EW13: =(EU13/#REF!)*100 -> #REF! | EX13: =EY12 -> 0 | EZ13: =MAX(0,EY13-EX13) -> 0 | FA13: =EZ13-EZ12 -> 0 | FB13: =(EZ13/#REF!)*100 -> #REF! | FC13: =FD12 -> 0 | FE13: =MAX(0,FD13-FC13) -> 0 | FF13: =FE13-FE12 -> 0 | FG13: =(FE13/#REF!)*100 -> #REF! | FM13: =FN12 -> 0 | FO13: =MAX(0,FN13-FM13) -> 0 | FP13: =FO13-FO12 -> 0 | FQ13: =(FO13/#REF!)*100 -> #REF! | FR13: =FS12 -> 0 | FT13: =MAX(0,FS13-FR13) -> 0 | FU13: =FT13-FT12 -> 0 | FV13: =(FT13/#REF!)*100 -> #REF! | FW13: =FX12 -> 0 | FY13: =MAX(0,FX13-FW13) -> 0 | FZ13: =FY13-FY12 -> 0 | GA13: =(FY13/#REF!)*100 -> #REF! | GC13: =SUM(E13+J13) -> 8665 | GE13: =SUM(T13+Y13+EA13+EF13+EK13+EP13) -> 7296 | GG13: =SUM(AO13+AT13) -> 2600 | GI13: =SUM(AY13+BD13+BI13) -> 1072 | GK13: =SUM(BN13+BS13+EU13) -> 730 | GM13: =SUM(EZ13+FE13) -> 0
A14: 10 | B14: =#REF! -> #REF! | C14: =D13 -> 27453181 | D14: 27457020 | E14: =MAX(0,D14-C14) -> 3839 | F14: =E14-E13 -> -131 | G14: =(E14/#REF!)*100 -> #REF! | H14: =I13 -> 25396925 | I14: 25401063 | J14: =MAX(0,I14-H14) -> 4138 | K14: =J14-J13 -> -557 | L14: =(J14/#REF!)*100 -> #REF! | M14: =N13 -> 93288831 | N14: 93300024 | O14: =MAX(0,N14-M14) -> 11193 | P14: =O14-O13 -> -222 | Q14: =(O14/#REF!)*100 -> #REF! | R14: =S13 -> 3309500 | S14: 3311600 | T14: =MAX(0,S14-R14) -> 2100 | U14: =T14-T13 -> -100 | V14: =(T14/#REF!)*100 -> #REF! | W14: =X13 -> 4430377 | X14: 4433284 | Y14: =MAX(0,X14-W14) -> 2907 | Z14: =Y14-Y13 -> -59 | AA14: =(Y14/#REF!)*100 -> #REF! | AB14: =AC13 -> 2878300 | AC14: 2879900 | AD14: =MAX(0,AC14-AB14) -> 1600 | AE14: =AD14/WATER!V15 -> 5.2287582 | AF14: =AD14-AD13 -> 0 | AG14: =(AD14/#REF!)*100 -> #REF! | AH14: =AI13 -> 1138179 | AI14: 1138645 | AJ14: =MAX(0,AI14-AH14) -> 466 | AK14: =AJ14-AJ13 -> -9 | AL14: =(AJ14/#REF!)*100 -> #REF! | AM14: =AN13 -> 1167700 | AN14: 1168500 | AO14: =MAX(0,AN14-AM14) -> 800 | AP14: =AO14-AO13 -> 100 | AQ14: =(AO14/#REF!)*100 -> #REF! | AR14: =AS13 -> 2632700 | AS14: 2634600 | AT14: =MAX(0,AS14-AR14) -> 1900 | AU14: =AT14-AT13 -> 0 | AV14: =(AT14/#REF!)*100 -> #REF! | AW14: =AX13 -> 51880 | AX14: 52310 | AY14: =MAX(0,AX14-AW14) -> 430 | AZ14: =AY14-AY13 -> -42 | BA14: =(AY14/#REF!)*100 -> #REF! | BB14: =BC13 -> 1035800 | BC14: 1036300 | BD14: =MAX(0,BC14-BB14) -> 500 | BE14: =BD14-BD13 -> 100 | BF14: =(BD14/#REF!)*100 -> #REF! | BG14: =BH13 -> 1101400 | BH14: 1101700 | BI14: =MAX(0,BH14-BG14) -> 300 | BJ14: =BI14-BI13 -> 100 | BK14: =(BI14/#REF!)*100 -> #REF! | BL14: =BM13 -> 1646300 | BM14: 1646800 | BN14: =MAX(0,BM14-BL14) -> 500 | BO14: =BN14-BN13 -> -100 | BP14: =(BN14/#REF!)*100 -> #REF! | BQ14: =BR13 -> 150880 | BR14: 151010 | BS14: =MAX(0,BR14-BQ14) -> 130 | BT14: =BS14-BS13 -> 0 | BU14: =(BS14/#REF!)*100 -> #REF! | BV14: =BW13 -> 626150 | BW14: 626520 | BX14: =MAX(0,BW14-BV14) -> 370 | BY14: =BX14-BX13 -> -60 | BZ14: =(BX14/#REF!)*100 -> #REF! | CA14: =CB13 -> 1197700 | CB14: 1198900 | CC14: =MAX(0,CB14-CA14) -> 1200 | CD14: =CC14-CC13 -> 0 | CE14: =(CC14/#REF!)*100 -> #REF! | CF14: =CG13 -> 396610 | CG14: 397020 | CH14: =MAX(0,CG14-CF14) -> 410 | CI14: =CH14-CH13 -> -30 | CJ14: =(CH14/#REF!)*100 -> #REF! | CK14: =CL13 -> 912950 | CL14: 913720 | CM14: =MAX(0,CL14-CK14) -> 770 | CN14: =CM14-CM13 -> -280 | CO14: =(CM14/#REF!)*100 -> #REF! | CP14: =CQ13 -> 759030 | CQ14: 760020 | CR14: =MAX(0,CQ14-CP14) -> 990 | CS14: =CR14-CR13 -> -50 | CT14: =(CR14/#REF!)*100 -> #REF! | CU14: =CV13 -> 626040 | CV14: 626720 | CW14: =MAX(0,CV14-CU14) -> 680 | CX14: =CW14-CW13 -> -260 | CY14: =(CW14/#REF!)*100 -> #REF! | CZ14: =DA13 -> 1046500 | DA14: 1047500 | DB14: =MAX(0,DA14-CZ14) -> 1000 | DC14: =DB14-DB13 -> -200 | DD14: =(DB14/#REF!)*100 -> #REF! | DE14: =DF13 -> 803060 | DF14: 803850 | DG14: =MAX(0,DF14-DE14) -> 790 | DH14: =DG14-DG13 -> 30 | DI14: =(DG14/#REF!)*100 -> #REF! | DJ14: =DK13 -> 691750 | DK14: 692330 | DL14: =MAX(0,DK14-DJ14) -> 580 | DM14: =DL14-DL13 -> 10 | DN14: =(DL14/#REF!)*100 -> #REF! | DO14: =DP13 -> 375220 | DP14: 375540 | DQ14: =MAX(0,DP14-DO14) -> 320 | DR14: =DQ14-DQ13 -> 0 | DS14: =(DQ14/#REF!)*100 -> #REF! | DT14: =DU13 -> 127160 | DU14: 127300 | DV14: =MAX(0,DU14-DT14) -> 140 | DW14: =DV14-DV13 -> 40 | DX14: =(DV14/#REF!)*100 -> #REF! | DY14: =DZ13 -> 816090 | DZ14: 817030 | EA14: =MAX(0,DZ14-DY14) -> 940 | EB14: =EA14-EA13 -> 20 | EC14: =(EA14/#REF!)*100 -> #REF! | ED14: =EE13 -> 258510 | EE14: 258810 | EF14: =MAX(0,EE14-ED14) -> 300 | EG14: =EF14-EF13 -> 10 | EH14: =(EF14/#REF!)*100 -> #REF! | EI14: =EJ13 -> 294910 | EJ14: 295340 | EK14: =MAX(0,EJ14-EI14) -> 430 | EL14: =EK14-EK13 -> 70 | EM14: =(EK14/#REF!)*100 -> #REF! | EN14: =EO13 -> 478450 | EO14: 478970 | EP14: =MAX(0,EO14-EN14) -> 520 | EQ14: =EP14-EP13 -> -40 | ER14: =(EP14/#REF!)*100 -> #REF! | ES14: =ET13 -> 0 | EU14: =MAX(0,ET14-ES14) -> 0 | EV14: =EU14-EU13 -> 0 | EW14: =(EU14/#REF!)*100 -> #REF! | EX14: =EY13 -> 0 | EZ14: =MAX(0,EY14-EX14) -> 0 | FA14: =EZ14-EZ13 -> 0 | FB14: =(EZ14/#REF!)*100 -> #REF! | FC14: =FD13 -> 0 | FE14: =MAX(0,FD14-FC14) -> 0 | FF14: =FE14-FE13 -> 0 | FG14: =(FE14/#REF!)*100 -> #REF! | FM14: =FN13 -> 0 | FO14: =MAX(0,FN14-FM14) -> 0 | FP14: =FO14-FO13 -> 0 | FQ14: =(FO14/#REF!)*100 -> #REF! | FR14: =FS13 -> 0 | FT14: =MAX(0,FS14-FR14) -> 0 | FU14: =FT14-FT13 -> 0 | FV14: =(FT14/#REF!)*100 -> #REF! | FW14: =FX13 -> 0 | FY14: =MAX(0,FX14-FW14) -> 0 | FZ14: =FY14-FY13 -> 0 | GA14: =(FY14/#REF!)*100 -> #REF! | GC14: =SUM(E14+J14) -> 7977 | GE14: =SUM(T14+Y14+EA14+EF14+EK14+EP14) -> 7197 | GG14: =SUM(AO14+AT14) -> 2700 | GI14: =SUM(AY14+BD14+BI14) -> 1230 | GK14: =SUM(BN14+BS14+EU14) -> 630 | GM14: =SUM(EZ14+FE14) -> 0
A15: 11 | B15: =#REF! -> #REF! | C15: =D14 -> 27457020 | D15: 27460649 | E15: =MAX(0,D15-C15) -> 3629 | F15: =E15-E14 -> -210 | G15: =(E15/#REF!)*100 -> #REF! | H15: =I14 -> 25401063 | I15: 25404922 | J15: =MAX(0,I15-H15) -> 3859 | K15: =J15-J14 -> -279 | L15: =(J15/#REF!)*100 -> #REF! | M15: =N14 -> 93300024 | N15: 93310956 | O15: =MAX(0,N15-M15) -> 10932 | P15: =O15-O14 -> -261 | Q15: =(O15/#REF!)*100 -> #REF! | R15: =S14 -> 3311600 | S15: 3313800 | T15: =MAX(0,S15-R15) -> 2200 | U15: =T15-T14 -> 100 | V15: =(T15/#REF!)*100 -> #REF! | W15: =X14 -> 4433284 | X15: 4436162 | Y15: =MAX(0,X15-W15) -> 2878 | Z15: =Y15-Y14 -> -29 | AA15: =(Y15/#REF!)*100 -> #REF! | AB15: =AC14 -> 2879900 | AC15: 2881400 | AD15: =MAX(0,AC15-AB15) -> 1500 | AE15: =AD15/WATER!V16 -> 4.4378698 | AF15: =AD15-AD14 -> -100 | AG15: =(AD15/#REF!)*100 -> #REF! | AH15: =AI14 -> 1138645 | AI15: 1139070 | AJ15: =MAX(0,AI15-AH15) -> 425 | AK15: =AJ15-AJ14 -> -41 | AL15: =(AJ15/#REF!)*100 -> #REF! | AM15: =AN14 -> 1168500 | AN15: 1169200 | AO15: =MAX(0,AN15-AM15) -> 700 | AP15: =AO15-AO14 -> -100 | AQ15: =(AO15/#REF!)*100 -> #REF! | AR15: =AS14 -> 2634600 | AS15: 2636600 | AT15: =MAX(0,AS15-AR15) -> 2000 | AU15: =AT15-AT14 -> 100 | AV15: =(AT15/#REF!)*100 -> #REF! | AW15: =AX14 -> 52310 | AX15: 52730 | AY15: =MAX(0,AX15-AW15) -> 420 | AZ15: =AY15-AY14 -> -10 | BA15: =(AY15/#REF!)*100 -> #REF! | BB15: =BC14 -> 1036300 | BC15: 1036700 | BD15: =MAX(0,BC15-BB15) -> 400 | BE15: =BD15-BD14 -> -100 | BF15: =(BD15/#REF!)*100 -> #REF! | BG15: =BH14 -> 1101700 | BH15: 1102000 | BI15: =MAX(0,BH15-BG15) -> 300 | BJ15: =BI15-BI14 -> 0 | BK15: =(BI15/#REF!)*100 -> #REF! | BL15: =BM14 -> 1646800 | BM15: 1647400 | BN15: =MAX(0,BM15-BL15) -> 600 | BO15: =BN15-BN14 -> 100 | BP15: =(BN15/#REF!)*100 -> #REF! | BQ15: =BR14 -> 151010 | BR15: 151130 | BS15: =MAX(0,BR15-BQ15) -> 120 | BT15: =BS15-BS14 -> -10 | BU15: =(BS15/#REF!)*100 -> #REF! | BV15: =BW14 -> 626520 | BW15: 626840 | BX15: =MAX(0,BW15-BV15) -> 320 | BY15: =BX15-BX14 -> -50 | BZ15: =(BX15/#REF!)*100 -> #REF! | CA15: =CB14 -> 1198900 | CB15: 1200000 | CC15: =MAX(0,CB15-CA15) -> 1100 | CD15: =CC15-CC14 -> -100 | CE15: =(CC15/#REF!)*100 -> #REF! | CF15: =CG14 -> 397020 | CG15: 397450 | CH15: =MAX(0,CG15-CF15) -> 430 | CI15: =CH15-CH14 -> 20 | CJ15: =(CH15/#REF!)*100 -> #REF! | CK15: =CL14 -> 913720 | CL15: 914470 | CM15: =MAX(0,CL15-CK15) -> 750 | CN15: =CM15-CM14 -> -20 | CO15: =(CM15/#REF!)*100 -> #REF! | CP15: =CQ14 -> 760020 | CQ15: 760980 | CR15: =MAX(0,CQ15-CP15) -> 960 | CS15: =CR15-CR14 -> -30 | CT15: =(CR15/#REF!)*100 -> #REF! | CU15: =CV14 -> 626720 | CV15: 627390 | CW15: =MAX(0,CV15-CU15) -> 670 | CX15: =CW15-CW14 -> -10 | CY15: =(CW15/#REF!)*100 -> #REF! | CZ15: =DA14 -> 1047500 | DA15: 1048300 | DB15: =MAX(0,DA15-CZ15) -> 800 | DC15: =DB15-DB14 -> -200 | DD15: =(DB15/#REF!)*100 -> #REF! | DE15: =DF14 -> 803850 | DF15: 804600 | DG15: =MAX(0,DF15-DE15) -> 750 | DH15: =DG15-DG14 -> -40 | DI15: =(DG15/#REF!)*100 -> #REF! | DJ15: =DK14 -> 692330 | DK15: 692940 | DL15: =MAX(0,DK15-DJ15) -> 610 | DM15: =DL15-DL14 -> 30 | DN15: =(DL15/#REF!)*100 -> #REF! | DO15: =DP14 -> 375540 | DP15: 375830 | DQ15: =MAX(0,DP15-DO15) -> 290 | DR15: =DQ15-DQ14 -> -30 | DS15: =(DQ15/#REF!)*100 -> #REF! | DT15: =DU14 -> 127300 | DU15: 127410 | DV15: =MAX(0,DU15-DT15) -> 110 | DW15: =DV15-DV14 -> -30 | DX15: =(DV15/#REF!)*100 -> #REF! | DY15: =DZ14 -> 817030 | DZ15: 817980 | EA15: =MAX(0,DZ15-DY15) -> 950 | EB15: =EA15-EA14 -> 10 | EC15: =(EA15/#REF!)*100 -> #REF! | ED15: =EE14 -> 258810 | EE15: 259110 | EF15: =MAX(0,EE15-ED15) -> 300 | EG15: =EF15-EF14 -> 0 | EH15: =(EF15/#REF!)*100 -> #REF! | EI15: =EJ14 -> 295340 | EJ15: 295740 | EK15: =MAX(0,EJ15-EI15) -> 400 | EL15: =EK15-EK14 -> -30 | EM15: =(EK15/#REF!)*100 -> #REF! | EN15: =EO14 -> 478970 | EO15: 479500 | EP15: =MAX(0,EO15-EN15) -> 530 | EQ15: =EP15-EP14 -> 10 | ER15: =(EP15/#REF!)*100 -> #REF! | ES15: =ET14 -> 0 | EU15: =MAX(0,ET15-ES15) -> 0 | EV15: =EU15-EU14 -> 0 | EW15: =(EU15/#REF!)*100 -> #REF! | EX15: =EY14 -> 0 | EZ15: =MAX(0,EY15-EX15) -> 0 | FA15: =EZ15-EZ14 -> 0 | FB15: =(EZ15/#REF!)*100 -> #REF! | FC15: =FD14 -> 0 | FE15: =MAX(0,FD15-FC15) -> 0 | FF15: =FE15-FE14 -> 0 | FG15: =(FE15/#REF!)*100 -> #REF! | FM15: =FN14 -> 0 | FO15: =MAX(0,FN15-FM15) -> 0 | FP15: =FO15-FO14 -> 0 | FQ15: =(FO15/#REF!)*100 -> #REF! | FR15: =FS14 -> 0 | FT15: =MAX(0,FS15-FR15) -> 0 | FU15: =FT15-FT14 -> 0 | FV15: =(FT15/#REF!)*100 -> #REF! | FW15: =FX14 -> 0 | FY15: =MAX(0,FX15-FW15) -> 0 | FZ15: =FY15-FY14 -> 0 | GA15: =(FY15/#REF!)*100 -> #REF! | GC15: =SUM(E15+J15) -> 7488 | GE15: =SUM(T15+Y15+EA15+EF15+EK15+EP15) -> 7258 | GG15: =SUM(AO15+AT15) -> 2700 | GI15: =SUM(AY15+BD15+BI15) -> 1120 | GK15: =SUM(BN15+BS15+EU15) -> 720 | GM15: =SUM(EZ15+FE15) -> 0
A16: 12 | B16: =#REF! -> #REF! | C16: =D15 -> 27460649 | D16: 27464107 | E16: =MAX(0,D16-C16) -> 3458 | F16: =E16-E15 -> -171 | G16: =(E16/#REF!)*100 -> #REF! | H16: =I15 -> 25404922 | I16: 25408491 | J16: =MAX(0,I16-H16) -> 3569 | K16: =J16-J15 -> -290 | L16: =(J16/#REF!)*100 -> #REF! | M16: =N15 -> 93310956 | N16: 93322111 | O16: =MAX(0,N16-M16) -> 11155 | P16: =O16-O15 -> 223 | Q16: =(O16/#REF!)*100 -> #REF! | R16: =S15 -> 3313800 | S16: 3315900 | T16: =MAX(0,S16-R16) -> 2100 | U16: =T16-T15 -> -100 | V16: =(T16/#REF!)*100 -> #REF! | W16: =X15 -> 4436162 | X16: 4438982 | Y16: =MAX(0,X16-W16) -> 2820 | Z16: =Y16-Y15 -> -58 | AA16: =(Y16/#REF!)*100 -> #REF! | AB16: =AC15 -> 2881400 | AC16: 2883100 | AD16: =MAX(0,AC16-AB16) -> 1700 | AE16: =AD16/WATER!V17 -> 5.483871 | AF16: =AD16-AD15 -> 200 | AG16: =(AD16/#REF!)*100 -> #REF! | AH16: =AI15 -> 1139070 | AI16: 1139551 | AJ16: =MAX(0,AI16-AH16) -> 481 | AK16: =AJ16-AJ15 -> 56 | AL16: =(AJ16/#REF!)*100 -> #REF! | AM16: =AN15 -> 1169200 | AN16: 1169800 | AO16: =MAX(0,AN16-AM16) -> 600 | AP16: =AO16-AO15 -> -100 | AQ16: =(AO16/#REF!)*100 -> #REF! | AR16: =AS15 -> 2636600 | AS16: 2638500 | AT16: =MAX(0,AS16-AR16) -> 1900 | AU16: =AT16-AT15 -> -100 | AV16: =(AT16/#REF!)*100 -> #REF! | AW16: =AX15 -> 52730 | AX16: 53088 | AY16: =MAX(0,AX16-AW16) -> 358 | AZ16: =AY16-AY15 -> -62 | BA16: =(AY16/#REF!)*100 -> #REF! | BB16: =BC15 -> 1036700 | BC16: 1037100 | BD16: =MAX(0,BC16-BB16) -> 400 | BE16: =BD16-BD15 -> 0 | BF16: =(BD16/#REF!)*100 -> #REF! | BG16: =BH15 -> 1102000 | BH16: 1102300 | BI16: =MAX(0,BH16-BG16) -> 300 | BJ16: =BI16-BI15 -> 0 | BK16: =(BI16/#REF!)*100 -> #REF! | BL16: =BM15 -> 1647400 | BM16: 1647900 | BN16: =MAX(0,BM16-BL16) -> 500 | BO16: =BN16-BN15 -> -100 | BP16: =(BN16/#REF!)*100 -> #REF! | BQ16: =BR15 -> 151130 | BR16: 151230 | BS16: =MAX(0,BR16-BQ16) -> 100 | BT16: =BS16-BS15 -> -20 | BU16: =(BS16/#REF!)*100 -> #REF! | BV16: =BW15 -> 626840 | BW16: 627240 | BX16: =MAX(0,BW16-BV16) -> 400 | BY16: =BX16-BX15 -> 80 | BZ16: =(BX16/#REF!)*100 -> #REF! | CA16: =CB15 -> 1200000 | CB16: 1201200 | CC16: =MAX(0,CB16-CA16) -> 1200 | CD16: =CC16-CC15 -> 100 | CE16: =(CC16/#REF!)*100 -> #REF! | CF16: =CG15 -> 397450 | CG16: 397930 | CH16: =MAX(0,CG16-CF16) -> 480 | CI16: =CH16-CH15 -> 50 | CJ16: =(CH16/#REF!)*100 -> #REF! | CK16: =CL15 -> 914470 | CL16: 915140 | CM16: =MAX(0,CL16-CK16) -> 670 | CN16: =CM16-CM15 -> -80 | CO16: =(CM16/#REF!)*100 -> #REF! | CP16: =CQ15 -> 760980 | CQ16: 761750 | CR16: =MAX(0,CQ16-CP16) -> 770 | CS16: =CR16-CR15 -> -190 | CT16: =(CR16/#REF!)*100 -> #REF! | CU16: =CV15 -> 627390 | CV16: 627890 | CW16: =MAX(0,CV16-CU16) -> 500 | CX16: =CW16-CW15 -> -170 | CY16: =(CW16/#REF!)*100 -> #REF! | CZ16: =DA15 -> 1048300 | DA16: 1049000 | DB16: =MAX(0,DA16-CZ16) -> 700 | DC16: =DB16-DB15 -> -100 | DD16: =(DB16/#REF!)*100 -> #REF! | DE16: =DF15 -> 804600 | DF16: 805210 | DG16: =MAX(0,DF16-DE16) -> 610 | DH16: =DG16-DG15 -> -140 | DI16: =(DG16/#REF!)*100 -> #REF! | DJ16: =DK15 -> 692940 | DK16: 693460 | DL16: =MAX(0,DK16-DJ16) -> 520 | DM16: =DL16-DL15 -> -90 | DN16: =(DL16/#REF!)*100 -> #REF! | DO16: =DP15 -> 375830 | DP16: 376140 | DQ16: =MAX(0,DP16-DO16) -> 310 | DR16: =DQ16-DQ15 -> 20 | DS16: =(DQ16/#REF!)*100 -> #REF! | DT16: =DU15 -> 127410 | DU16: 127530 | DV16: =MAX(0,DU16-DT16) -> 120 | DW16: =DV16-DV15 -> 10 | DX16: =(DV16/#REF!)*100 -> #REF! | DY16: =DZ15 -> 817980 | DZ16: 818850 | EA16: =MAX(0,DZ16-DY16) -> 870 | EB16: =EA16-EA15 -> -80 | EC16: =(EA16/#REF!)*100 -> #REF! | ED16: =EE15 -> 259110 | EE16: 259370 | EF16: =MAX(0,EE16-ED16) -> 260 | EG16: =EF16-EF15 -> -40 | EH16: =(EF16/#REF!)*100 -> #REF! | EI16: =EJ15 -> 295740 | EJ16: 296070 | EK16: =MAX(0,EJ16-EI16) -> 330 | EL16: =EK16-EK15 -> -70 | EM16: =(EK16/#REF!)*100 -> #REF! | EN16: =EO15 -> 479500 | EO16: 480020 | EP16: =MAX(0,EO16-EN16) -> 520 | EQ16: =EP16-EP15 -> -10 | ER16: =(EP16/#REF!)*100 -> #REF! | ES16: =ET15 -> 0 | EU16: =MAX(0,ET16-ES16) -> 0 | EV16: =EU16-EU15 -> 0 | EW16: =(EU16/#REF!)*100 -> #REF! | EX16: =EY15 -> 0 | EZ16: =MAX(0,EY16-EX16) -> 0 | FA16: =EZ16-EZ15 -> 0 | FB16: =(EZ16/#REF!)*100 -> #REF! | FC16: =FD15 -> 0 | FE16: =MAX(0,FD16-FC16) -> 0 | FF16: =FE16-FE15 -> 0 | FG16: =(FE16/#REF!)*100 -> #REF! | FM16: =FN15 -> 0 | FO16: =MAX(0,FN16-FM16) -> 0 | FP16: =FO16-FO15 -> 0 | FQ16: =(FO16/#REF!)*100 -> #REF! | FR16: =FS15 -> 0 | FT16: =MAX(0,FS16-FR16) -> 0 | FU16: =FT16-FT15 -> 0 | FV16: =(FT16/#REF!)*100 -> #REF! | FW16: =FX15 -> 0 | FY16: =MAX(0,FX16-FW16) -> 0 | FZ16: =FY16-FY15 -> 0 | GA16: =(FY16/#REF!)*100 -> #REF! | GC16: =SUM(E16+J16) -> 7027 | GE16: =SUM(T16+Y16+EA16+EF16+EK16+EP16) -> 6900 | GG16: =SUM(AO16+AT16) -> 2500 | GI16: =SUM(AY16+BD16+BI16) -> 1058 | GK16: =SUM(BN16+BS16+EU16) -> 600 | GM16: =SUM(EZ16+FE16) -> 0
A17: 13 | B17: =#REF! -> #REF! | C17: =D16 -> 27464107 | D17: 27467528 | E17: =MAX(0,D17-C17) -> 3421 | F17: =E17-E16 -> -37 | G17: =(E17/#REF!)*100 -> #REF! | H17: =I16 -> 25408491 | I17: 25411872 | J17: =MAX(0,I17-H17) -> 3381 | K17: =J17-J16 -> -188 | L17: =(J17/#REF!)*100 -> #REF! | M17: =N16 -> 93322111 | N17: 93332234 | O17: =MAX(0,N17-M17) -> 10123 | P17: =O17-O16 -> -1032 | Q17: =(O17/#REF!)*100 -> #REF! | R17: =S16 -> 3315900 | S17: 3317900 | T17: =MAX(0,S17-R17) -> 2000 | U17: =T17-T16 -> -100 | V17: =(T17/#REF!)*100 -> #REF! | W17: =X16 -> 4438982 | X17: 4441719 | Y17: =MAX(0,X17-W17) -> 2737 | Z17: =Y17-Y16 -> -83 | AA17: =(Y17/#REF!)*100 -> #REF! | AB17: =AC16 -> 2883100 | AC17: 2884900 | AD17: =MAX(0,AC17-AB17) -> 1800 | AE17: =AD17/WATER!V18 -> 5.2941176 | AF17: =AD17-AD16 -> 100 | AG17: =(AD17/#REF!)*100 -> #REF! | AH17: =AI16 -> 1139551 | AI17: 1139992 | AJ17: =MAX(0,AI17-AH17) -> 441 | AK17: =AJ17-AJ16 -> -40 | AL17: =(AJ17/#REF!)*100 -> #REF! | AM17: =AN16 -> 1169800 | AN17: 1170500 | AO17: =MAX(0,AN17-AM17) -> 700 | AP17: =AO17-AO16 -> 100 | AQ17: =(AO17/#REF!)*100 -> #REF! | AR17: =AS16 -> 2638500 | AS17: 2640300 | AT17: =MAX(0,AS17-AR17) -> 1800 | AU17: =AT17-AT16 -> -100 | AV17: =(AT17/#REF!)*100 -> #REF! | AW17: =AX16 -> 53088 | AX17: 53434 | AY17: =MAX(0,AX17-AW17) -> 346 | AZ17: =AY17-AY16 -> -12 | BA17: =(AY17/#REF!)*100 -> #REF! | BB17: =BC16 -> 1037100 | BC17: 1037500 | BD17: =MAX(0,BC17-BB17) -> 400 | BE17: =BD17-BD16 -> 0 | BF17: =(BD17/#REF!)*100 -> #REF! | BG17: =BH16 -> 1102300 | BH17: 1102600 | BI17: =MAX(0,BH17-BG17) -> 300 | BJ17: =BI17-BI16 -> 0 | BK17: =(BI17/#REF!)*100 -> #REF! | BL17: =BM16 -> 1647900 | BM17: 1648400 | BN17: =MAX(0,BM17-BL17) -> 500 | BO17: =BN17-BN16 -> 0 | BP17: =(BN17/#REF!)*100 -> #REF! | BQ17: =BR16 -> 151230 | BR17: 151310 | BS17: =MAX(0,BR17-BQ17) -> 80 | BT17: =BS17-BS16 -> -20 | BU17: =(BS17/#REF!)*100 -> #REF! | BV17: =BW16 -> 627240 | BW17: 627550 | BX17: =MAX(0,BW17-BV17) -> 310 | BY17: =BX17-BX16 -> -90 | BZ17: =(BX17/#REF!)*100 -> #REF! | CA17: =CB16 -> 1201200 | CB17: 1202300 | CC17: =MAX(0,CB17-CA17) -> 1100 | CD17: =CC17-CC16 -> -100 | CE17: =(CC17/#REF!)*100 -> #REF! | CF17: =CG16 -> 397930 | CG17: 398350 | CH17: =MAX(0,CG17-CF17) -> 420 | CI17: =CH17-CH16 -> -60 | CJ17: =(CH17/#REF!)*100 -> #REF! | CK17: =CL16 -> 915140 | CL17: 915840 | CM17: =MAX(0,CL17-CK17) -> 700 | CN17: =CM17-CM16 -> 30 | CO17: =(CM17/#REF!)*100 -> #REF! | CP17: =CQ16 -> 761750 | CQ17: 762470 | CR17: =MAX(0,CQ17-CP17) -> 720 | CS17: =CR17-CR16 -> -50 | CT17: =(CR17/#REF!)*100 -> #REF! | CU17: =CV16 -> 627890 | CV17: 628320 | CW17: =MAX(0,CV17-CU17) -> 430 | CX17: =CW17-CW16 -> -70 | CY17: =(CW17/#REF!)*100 -> #REF! | CZ17: =DA16 -> 1049000 | DA17: 1049800 | DB17: =MAX(0,DA17-CZ17) -> 800 | DC17: =DB17-DB16 -> 100 | DD17: =(DB17/#REF!)*100 -> #REF! | DE17: =DF16 -> 805210 | DF17: 805840 | DG17: =MAX(0,DF17-DE17) -> 630 | DH17: =DG17-DG16 -> 20 | DI17: =(DG17/#REF!)*100 -> #REF! | DJ17: =DK16 -> 693460 | DK17: 694010 | DL17: =MAX(0,DK17-DJ17) -> 550 | DM17: =DL17-DL16 -> 30 | DN17: =(DL17/#REF!)*100 -> #REF! | DO17: =DP16 -> 376140 | DP17: 376480 | DQ17: =MAX(0,DP17-DO17) -> 340 | DR17: =DQ17-DQ16 -> 30 | DS17: =(DQ17/#REF!)*100 -> #REF! | DT17: =DU16 -> 127530 | DU17: 127650 | DV17: =MAX(0,DU17-DT17) -> 120 | DW17: =DV17-DV16 -> 0 | DX17: =(DV17/#REF!)*100 -> #REF! | DY17: =DZ16 -> 818850 | DZ17: 819800 | EA17: =MAX(0,DZ17-DY17) -> 950 | EB17: =EA17-EA16 -> 80 | EC17: =(EA17/#REF!)*100 -> #REF! | ED17: =EE16 -> 259370 | EE17: 259660 | EF17: =MAX(0,EE17-ED17) -> 290 | EG17: =EF17-EF16 -> 30 | EH17: =(EF17/#REF!)*100 -> #REF! | EI17: =EJ16 -> 296070 | EJ17: 296460 | EK17: =MAX(0,EJ17-EI17) -> 390 | EL17: =EK17-EK16 -> 60 | EM17: =(EK17/#REF!)*100 -> #REF! | EN17: =EO16 -> 480020 | EO17: 480520 | EP17: =MAX(0,EO17-EN17) -> 500 | EQ17: =EP17-EP16 -> -20 | ER17: =(EP17/#REF!)*100 -> #REF! | ES17: =ET16 -> 0 | EU17: =MAX(0,ET17-ES17) -> 0 | EV17: =EU17-EU16 -> 0 | EW17: =(EU17/#REF!)*100 -> #REF! | EX17: =EY16 -> 0 | EZ17: =MAX(0,EY17-EX17) -> 0 | FA17: =EZ17-EZ16 -> 0 | FB17: =(EZ17/#REF!)*100 -> #REF! | FC17: =FD16 -> 0 | FE17: =MAX(0,FD17-FC17) -> 0 | FF17: =FE17-FE16 -> 0 | FG17: =(FE17/#REF!)*100 -> #REF! | FM17: =FN16 -> 0 | FO17: =MAX(0,FN17-FM17) -> 0 | FP17: =FO17-FO16 -> 0 | FQ17: =(FO17/#REF!)*100 -> #REF! | FR17: =FS16 -> 0 | FT17: =MAX(0,FS17-FR17) -> 0 | FU17: =FT17-FT16 -> 0 | FV17: =(FT17/#REF!)*100 -> #REF! | FW17: =FX16 -> 0 | FY17: =MAX(0,FX17-FW17) -> 0 | FZ17: =FY17-FY16 -> 0 | GA17: =(FY17/#REF!)*100 -> #REF! | GC17: =SUM(E17+J17) -> 6802 | GE17: =SUM(T17+Y17+EA17+EF17+EK17+EP17) -> 6867 | GG17: =SUM(AO17+AT17) -> 2500 | GI17: =SUM(AY17+BD17+BI17) -> 1046 | GK17: =SUM(BN17+BS17+EU17) -> 580 | GM17: =SUM(EZ17+FE17) -> 0
... A25: 21 | B25: =#REF! -> #REF! | C25: =D24 -> 27495291 | D25: 27498923 | E25: =MAX(0,D25-C25) -> 3632 | F25: =E25-E24 -> -353 | G25: =(E25/#REF!)*100 -> #REF! | H25: =I24 -> 25442104 | I25: 25445812 | J25: =MAX(0,I25-H25) -> 3708 | K25: =J25-J24 -> -801 | L25: =(J25/#REF!)*100 -> #REF! | M25: =N24 -> 93412464 | N25: 93422841 | O25: =MAX(0,N25-M25) -> 10377 | P25: =O25-O24 -> -1528 | Q25: =(O25/#REF!)*100 -> #REF! | R25: =S24 -> 3333400 | S25: 3335500 | T25: =MAX(0,S25-R25) -> 2100 | U25: =T25-T24 -> -200 | V25: =(T25/#REF!)*100 -> #REF! | W25: =X24 -> 4461811 | X25: 4464436 | Y25: =MAX(0,X25-W25) -> 2625 | Z25: =Y25-Y24 -> -263 | AA25: =(Y25/#REF!)*100 -> #REF! | AB25: =AC24 -> 2897800 | AC25: 2899600 | AD25: =MAX(0,AC25-AB25) -> 1800 | AE25: =AD25/WATER!V26 -> 4.5112782 | AF25: =AD25-AD24 -> -200 | AG25: =(AD25/#REF!)*100 -> #REF! | AH25: =AI24 -> 1143242 | AI25: 1143683 | AJ25: =MAX(0,AI25-AH25) -> 441 | AK25: =AJ25-AJ24 -> -19 | AL25: =(AJ25/#REF!)*100 -> #REF! | AM25: =AN24 -> 1175300 | AN25: 1176000 | AO25: =MAX(0,AN25-AM25) -> 700 | AP25: =AO25-AO24 -> 0 | AQ25: =(AO25/#REF!)*100 -> #REF! | AR25: =AS24 -> 2653400 | AS25: 2655100 | AT25: =MAX(0,AS25-AR25) -> 1700 | AU25: =AT25-AT24 -> -300 | AV25: =(AT25/#REF!)*100 -> #REF! | AW25: =AX24 -> 56369 | AX25: 56722 | AY25: =MAX(0,AX25-AW25) -> 353 | AZ25: =AY25-AY24 -> -89 | BA25: =(AY25/#REF!)*100 -> #REF! | BB25: =BC24 -> 1040400 | BC25: 1040700 | BD25: =MAX(0,BC25-BB25) -> 300 | BE25: =BD25-BD24 -> -100 | BF25: =(BD25/#REF!)*100 -> #REF! | BG25: =BH24 -> 1104600 | BH25: 1104900 | BI25: =MAX(0,BH25-BG25) -> 300 | BJ25: =BI25-BI24 -> 0 | BK25: =(BI25/#REF!)*100 -> #REF! | BL25: =BM24 -> 1652400 | BM25: 1652900 | BN25: =MAX(0,BM25-BL25) -> 500 | BO25: =BN25-BN24 -> -100 | BP25: =(BN25/#REF!)*100 -> #REF! | BQ25: =BR24 -> 152080 | BR25: 152190 | BS25: =MAX(0,BR25-BQ25) -> 110 | BT25: =BS25-BS24 -> -20 | BU25: =(BS25/#REF!)*100 -> #REF! | BV25: =BW24 -> 629950 | BW25: 630240 | BX25: =MAX(0,BW25-BV25) -> 290 | BY25: =BX25-BX24 -> -50 | BZ25: =(BX25/#REF!)*100 -> #REF! | CA25: =CB24 -> 1210600 | CB25: 1211800 | CC25: =MAX(0,CB25-CA25) -> 1200 | CD25: =CC25-CC24 -> 0 | CE25: =(CC25/#REF!)*100 -> #REF! | CF25: =CG24 -> 401450 | CG25: 401880 | CH25: =MAX(0,CG25-CF25) -> 430 | CI25: =CH25-CH24 -> -70 | CJ25: =(CH25/#REF!)*100 -> #REF! | CK25: =CL24 -> 922750 | CL25: 923630 | CM25: =MAX(0,CL25-CK25) -> 880 | CN25: =CM25-CM24 -> -200 | CO25: =(CM25/#REF!)*100 -> #REF! | CP25: =CQ24 -> 768740 | CQ25: 769330 | CR25: =MAX(0,CQ25-CP25) -> 590 | CS25: =CR25-CR24 -> -240 | CT25: =(CR25/#REF!)*100 -> #REF! | CU25: =CV24 -> 632480 | CV25: 633030 | CW25: =MAX(0,CV25-CU25) -> 550 | CX25: =CW25-CW24 -> -70 | CY25: =(CW25/#REF!)*100 -> #REF! | CZ25: =DA24 -> 1057400 | DA25: 1058400 | DB25: =MAX(0,DA25-CZ25) -> 1000 | DC25: =DB25-DB24 -> -100 | DD25: =(DB25/#REF!)*100 -> #REF! | DE25: =DF24 -> 811270 | DF25: 812130 | DG25: =MAX(0,DF25-DE25) -> 860 | DH25: =DG25-DG24 -> 0 | DI25: =(DG25/#REF!)*100 -> #REF! | DJ25: =DK24 -> 698320 | DK25: 698910 | DL25: =MAX(0,DK25-DJ25) -> 590 | DM25: =DL25-DL24 -> -50 | DN25: =(DL25/#REF!)*100 -> #REF! | DO25: =DP24 -> 378750 | DP25: 379070 | DQ25: =MAX(0,DP25-DO25) -> 320 | DR25: =DQ25-DQ24 -> 0 | DS25: =(DQ25/#REF!)*100 -> #REF! | DT25: =DU24 -> 128670 | DU25: 128800 | DV25: =MAX(0,DU25-DT25) -> 130 | DW25: =DV25-DV24 -> -10 | DX25: =(DV25/#REF!)*100 -> #REF! | DY25: =DZ24 -> 826950 | DZ25: 827980 | EA25: =MAX(0,DZ25-DY25) -> 1030 | EB25: =EA25-EA24 -> 30 | EC25: =(EA25/#REF!)*100 -> #REF! | ED25: =EE24 -> 261590 | EE25: 261870 | EF25: =MAX(0,EE25-ED25) -> 280 | EG25: =EF25-EF24 -> -10 | EH25: =(EF25/#REF!)*100 -> #REF! | EI25: =EJ24 -> 299310 | EJ25: 299680 | EK25: =MAX(0,EJ25-EI25) -> 370 | EL25: =EK25-EK24 -> -140 | EM25: =(EK25/#REF!)*100 -> #REF! | EN25: =EO24 -> 484210 | EO25: 484730 | EP25: =MAX(0,EO25-EN25) -> 520 | EQ25: =EP25-EP24 -> -20 | ER25: =(EP25/#REF!)*100 -> #REF! | ES25: =ET24 -> 0 | EU25: =MAX(0,ET25-ES25) -> 0 | EV25: =EU25-EU24 -> 0 | EW25: =(EU25/#REF!)*100 -> #REF! | EX25: =EY24 -> 0 | EZ25: =MAX(0,EY25-EX25) -> 0 | FA25: =EZ25-EZ24 -> 0 | FB25: =(EZ25/#REF!)*100 -> #REF! | FC25: =FD24 -> 0 | FE25: =MAX(0,FD25-FC25) -> 0 | FF25: =FE25-FE24 -> 0 | FG25: =(FE25/#REF!)*100 -> #REF! | FM25: =FN24 -> 0 | FO25: =MAX(0,FN25-FM25) -> 0 | FP25: =FO25-FO24 -> 0 | FQ25: =(FO25/#REF!)*100 -> #REF! | FR25: =FS24 -> 0 | FT25: =MAX(0,FS25-FR25) -> 0 | FU25: =FT25-FT24 -> 0 | FV25: =(FT25/#REF!)*100 -> #REF! | FW25: =FX24 -> 0 | FY25: =MAX(0,FX25-FW25) -> 0 | FZ25: =FY25-FY24 -> 0 | GA25: =(FY25/#REF!)*100 -> #REF! | GC25: =SUM(E25+J25) -> 7340 | GE25: =SUM(T25+Y25+EA25+EF25+EK25+EP25) -> 6925 | GG25: =SUM(AO25+AT25) -> 2400 | GI25: =SUM(AY25+BD25+BI25) -> 953 | GK25: =SUM(BN25+BS25+EU25) -> 610 | GM25: =SUM(EZ25+FE25) -> 0
A26: 22 | B26: =#REF! -> #REF! | C26: =D25 -> 27498923 | D26: 27503040 | E26: =MAX(0,D26-C26) -> 4117 | F26: =E26-E25 -> 485 | G26: =(E26/#REF!)*100 -> #REF! | H26: 25445812 | I26: 25450439 | J26: =MAX(0,I26-H26) -> 4627 | K26: =J26-J25 -> 919 | L26: =(J26/#REF!)*100 -> #REF! | M26: =N25 -> 93422841 | N26: 93434644 | O26: =MAX(0,N26-M26) -> 11803 | P26: =O26-O25 -> 1426 | Q26: =(O26/#REF!)*100 -> #REF! | R26: =S25 -> 3335500 | S26: 3337800 | T26: =MAX(0,S26-R26) -> 2300 | U26: =T26-T25 -> 200 | V26: =(T26/#REF!)*100 -> #REF! | W26: =X25 -> 4464436 | X26: 4467288 | Y26: =MAX(0,X26-W26) -> 2852 | Z26: =Y26-Y25 -> 227 | AA26: =(Y26/#REF!)*100 -> #REF! | AB26: =AC25 -> 2899600 | AC26: 2901500 | AD26: =MAX(0,AC26-AB26) -> 1900 | AE26: =AD26/WATER!V27 -> 4.8469388 | AF26: =AD26-AD25 -> 100 | AG26: =(AD26/#REF!)*100 -> #REF! | AH26: =AI25 -> 1143683 | AI26: 1144165 | AJ26: =MAX(0,AI26-AH26) -> 482 | AK26: =AJ26-AJ25 -> 41 | AL26: =(AJ26/#REF!)*100 -> #REF! | AM26: =AN25 -> 1176000 | AN26: 1176700 | AO26: =MAX(0,AN26-AM26) -> 700 | AP26: =AO26-AO25 -> 0 | AQ26: =(AO26/#REF!)*100 -> #REF! | AR26: =AS25 -> 2655100 | AS26: 2656900 | AT26: =MAX(0,AS26-AR26) -> 1800 | AU26: =AT26-AT25 -> 100 | AV26: =(AT26/#REF!)*100 -> #REF! | AW26: =AX25 -> 56722 | AX26: 57156 | AY26: =MAX(0,AX26-AW26) -> 434 | AZ26: =AY26-AY25 -> 81 | BA26: =(AY26/#REF!)*100 -> #REF! | BB26: =BC25 -> 1040700 | BC26: 1041100 | BD26: =MAX(0,BC26-BB26) -> 400 | BE26: =BD26-BD25 -> 100 | BF26: =(BD26/#REF!)*100 -> #REF! | BG26: =BH25 -> 1104900 | BH26: 1105200 | BI26: =MAX(0,BH26-BG26) -> 300 | BJ26: =BI26-BI25 -> 0 | BK26: =(BI26/#REF!)*100 -> #REF! | BL26: =BM25 -> 1652900 | BM26: 1653500 | BN26: =MAX(0,BM26-BL26) -> 600 | BO26: =BN26-BN25 -> 100 | BP26: =(BN26/#REF!)*100 -> #REF! | BQ26: =BR25 -> 152190 | BR26: 152310 | BS26: =MAX(0,BR26-BQ26) -> 120 | BT26: =BS26-BS25 -> 10 | BU26: =(BS26/#REF!)*100 -> #REF! | BV26: =BW25 -> 630240 | BW26: 630590 | BX26: =MAX(0,BW26-BV26) -> 350 | BY26: =BX26-BX25 -> 60 | BZ26: =(BX26/#REF!)*100 -> #REF! | CA26: =CB25 -> 1211800 | CB26: 1212900 | CC26: =MAX(0,CB26-CA26) -> 1100 | CD26: =CC26-CC25 -> -100 | CE26: =(CC26/#REF!)*100 -> #REF! | CF26: =CG25 -> 401880 | CG26: 402300 | CH26: =MAX(0,CG26-CF26) -> 420 | CI26: =CH26-CH25 -> -10 | CJ26: =(CH26/#REF!)*100 -> #REF! | CK26: =CL25 -> 923630 | CL26: 924950 | CM26: =MAX(0,CL26-CK26) -> 1320 | CN26: =CM26-CM25 -> 440 | CO26: =(CM26/#REF!)*100 -> #REF! | CP26: =CQ25 -> 769330 | CQ26: 770140 | CR26: =MAX(0,CQ26-CP26) -> 810 | CS26: =CR26-CR25 -> 220 | CT26: =(CR26/#REF!)*100 -> #REF! | CU26: =CV25 -> 633030 | CV26: 633740 | CW26: =MAX(0,CV26-CU26) -> 710 | CX26: =CW26-CW25 -> 160 | CY26: =(CW26/#REF!)*100 -> #REF! | CZ26: =DA25 -> 1058400 | DA26: 1059600 | DB26: =MAX(0,DA26-CZ26) -> 1200 | DC26: =DB26-DB25 -> 200 | DD26: =(DB26/#REF!)*100 -> #REF! | DE26: =DF25 -> 812130 | DF26: 813070 | DG26: =MAX(0,DF26-DE26) -> 940 | DH26: =DG26-DG25 -> 80 | DI26: =(DG26/#REF!)*100 -> #REF! | DJ26: =DK25 -> 698910 | DK26: 699560 | DL26: =MAX(0,DK26-DJ26) -> 650 | DM26: =DL26-DL25 -> 60 | DN26: =(DL26/#REF!)*100 -> #REF! | DO26: =DP25 -> 379070 | DP26: 379400 | DQ26: =MAX(0,DP26-DO26) -> 330 | DR26: =DQ26-DQ25 -> 10 | DS26: =(DQ26/#REF!)*100 -> #REF! | DT26: 128800 | DU26: 128930 | DV26: =MAX(0,DU26-DT26) -> 130 | DW26: =DV26-DV25 -> 0 | DX26: =(DV26/#REF!)*100 -> #REF! | DY26: =DZ25 -> 827980 | DZ26: 829020 | EA26: =MAX(0,DZ26-DY26) -> 1040 | EB26: =EA26-EA25 -> 10 | EC26: =(EA26/#REF!)*100 -> #REF! | ED26: =EE25 -> 261870 | EE26: 262160 | EF26: =MAX(0,EE26-ED26) -> 290 | EG26: 0 | EH26: =(EF26/#REF!)*100 -> #REF! | EI26: =EJ25 -> 299680 | EJ26: 300080 | EK26: =MAX(0,EJ26-EI26) -> 400 | EL26: =EK26-EK25 -> 30 | EM26: =(EK26/#REF!)*100 -> #REF! | EN26: =EO25 -> 484730 | EO26: 485240 | EP26: =MAX(0,EO26-EN26) -> 510 | EQ26: =EP26-EP25 -> -10 | ER26: =(EP26/#REF!)*100 -> #REF! | ES26: =ET25 -> 0 | EU26: =MAX(0,ET26-ES26) -> 0 | EV26: =EU26-EU25 -> 0 | EW26: =(EU26/#REF!)*100 -> #REF! | EX26: =EY25 -> 0 | EZ26: =MAX(0,EY26-EX26) -> 0 | FA26: =EZ26-EZ25 -> 0 | FB26: =(EZ26/#REF!)*100 -> #REF! | FC26: =FD25 -> 0 | FE26: =MAX(0,FD26-FC26) -> 0 | FF26: =FE26-FE25 -> 0 | FG26: =(FE26/#REF!)*100 -> #REF! | FM26: =FN25 -> 0 | FO26: =MAX(0,FN26-FM26) -> 0 | FP26: =FO26-FO25 -> 0 | FQ26: =(FO26/#REF!)*100 -> #REF! | FR26: =FS25 -> 0 | FT26: =MAX(0,FS26-FR26) -> 0 | FU26: =FT26-FT25 -> 0 | FV26: =(FT26/#REF!)*100 -> #REF! | FW26: =FX25 -> 0 | FY26: =MAX(0,FX26-FW26) -> 0 | FZ26: =FY26-FY25 -> 0 | GA26: =(FY26/#REF!)*100 -> #REF! | GC26: =SUM(E26+J26) -> 8744 | GE26: =SUM(T26+Y26+EA26+EF26+EK26+EP26) -> 7392 | GG26: =SUM(AO26+AT26) -> 2500 | GI26: =SUM(AY26+BD26+BI26) -> 1134 | GK26: =SUM(BN26+BS26+EU26) -> 720 | GM26: =SUM(EZ26+FE26) -> 0
A27: 23 | B27: =#REF! -> #REF! | C27: =D26 -> 27503040 | D27: 27507108 | E27: =MAX(0,D27-C27) -> 4068 | F27: =E27-E26 -> -49 | G27: =(E27/#REF!)*100 -> #REF! | H27: =I26 -> 25450439 | I27: 25454986 | J27: =MAX(0,I27-H27) -> 4547 | K27: =J27-J26 -> -80 | L27: =(J27/#REF!)*100 -> #REF! | M27: =N26 -> 93434644 | N27: 93446806 | O27: =MAX(0,N27-M27) -> 12162 | P27: =O27-O26 -> 359 | Q27: =(O27/#REF!)*100 -> #REF! | R27: =S26 -> 3337800 | S27: 3340100 | T27: =MAX(0,S27-R27) -> 2300 | U27: =T27-T26 -> 0 | V27: =(T27/#REF!)*100 -> #REF! | W27: =X26 -> 4467288 | X27: 4470204 | Y27: =MAX(0,X27-W27) -> 2916 | Z27: =Y27-Y26 -> 64 | AA27: =(Y27/#REF!)*100 -> #REF! | AB27: =AC26 -> 2901500 | AC27: 2903400 | AD27: =MAX(0,AC27-AB27) -> 1900 | AE27: =AD27/WATER!V28 -> 5.4441261 | AF27: =AD27-AD26 -> 0 | AG27: =(AD27/#REF!)*100 -> #REF! | AH27: =AI26 -> 1144165 | AI27: 1144604 | AJ27: =MAX(0,AI27-AH27) -> 439 | AK27: =AJ27-AJ26 -> -43 | AL27: =(AJ27/#REF!)*100 -> #REF! | AM27: =AN26 -> 1176700 | AN27: 1177400 | AO27: =MAX(0,AN27-AM27) -> 700 | AP27: =AO27-AO26 -> 0 | AQ27: =(AO27/#REF!)*100 -> #REF! | AR27: =AS26 -> 2656900 | AS27: 2658900 | AT27: =MAX(0,AS27-AR27) -> 2000 | AU27: =AT27-AT26 -> 200 | AV27: =(AT27/#REF!)*100 -> #REF! | AW27: =AX26 -> 57156 | AX27: 57558 | AY27: =MAX(0,AX27-AW27) -> 402 | AZ27: =AY27-AY26 -> -32 | BA27: =(AY27/#REF!)*100 -> #REF! | BB27: =BC26 -> 1041100 | BC27: 1041600 | BD27: =MAX(0,BC27-BB27) -> 500 | BE27: =BD27-BD26 -> 100 | BF27: =(BD27/#REF!)*100 -> #REF! | BG27: =BH26 -> 1105200 | BH27: 1105500 | BI27: =MAX(0,BH27-BG27) -> 300 | BJ27: =BI27-BI26 -> 0 | BK27: =(BI27/#REF!)*100 -> #REF! | BL27: =BM26 -> 1653500 | BM27: 1654100 | BN27: =MAX(0,BM27-BL27) -> 600 | BO27: =BN27-BN26 -> 0 | BP27: =(BN27/#REF!)*100 -> #REF! | BQ27: =BR26 -> 152310 | BR27: 152440 | BS27: =MAX(0,BR27-BQ27) -> 130 | BT27: =BS27-BS26 -> 10 | BU27: =(BS27/#REF!)*100 -> #REF! | BV27: =BW26 -> 630590 | BW27: 631020 | BX27: =MAX(0,BW27-BV27) -> 430 | BY27: =BX27-BX26 -> 80 | BZ27: =(BX27/#REF!)*100 -> #REF! | CA27: =CB26 -> 1212900 | CB27: 1214200 | CC27: =MAX(0,CB27-CA27) -> 1300 | CD27: =CC27-CC26 -> 200 | CE27: =(CC27/#REF!)*100 -> #REF! | CF27: =CG26 -> 402300 | CG27: 402760 | CH27: =MAX(0,CG27-CF27) -> 460 | CI27: =CH27-CH26 -> 40 | CJ27: =(CH27/#REF!)*100 -> #REF! | CK27: =CL26 -> 924950 | CL27: 925970 | CM27: =MAX(0,CL27-CK27) -> 1020 | CN27: =CM27-CM26 -> -300 | CO27: =(CM27/#REF!)*100 -> #REF! | CP27: =CQ26 -> 770140 | CQ27: 770940 | CR27: =MAX(0,CQ27-CP27) -> 800 | CS27: =CR27-CR26 -> -10 | CT27: =(CR27/#REF!)*100 -> #REF! | CU27: =CV26 -> 633740 | CV27: 634500 | CW27: =MAX(0,CV27-CU27) -> 760 | CX27: =CW27-CW26 -> 50 | CY27: =(CW27/#REF!)*100 -> #REF! | CZ27: =DA26 -> 1059600 | DA27: 1060400 | DB27: =MAX(0,DA27-CZ27) -> 800 | DC27: =DB27-DB26 -> -400 | DD27: =(DB27/#REF!)*100 -> #REF! | DE27: =DF26 -> 813070 | DF27: 813950 | DG27: =MAX(0,DF27-DE27) -> 880 | DH27: =DG27-DG26 -> -60 | DI27: =(DG27/#REF!)*100 -> #REF! | DJ27: =DK26 -> 699560 | DK27: 700080 | DL27: =MAX(0,DK27-DJ27) -> 520 | DM27: =DL27-DL26 -> -130 | DN27: =(DL27/#REF!)*100 -> #REF! | DO27: =DP26 -> 379400 | DP27: 379710 | DQ27: =MAX(0,DP27-DO27) -> 310 | DR27: =DQ27-DQ26 -> -20 | DS27: =(DQ27/#REF!)*100 -> #REF! | DT27: =DU26 -> 128930 | DU27: 129050 | DV27: =MAX(0,DU27-DT27) -> 120 | DW27: =DV27-DV26 -> -10 | DX27: =(DV27/#REF!)*100 -> #REF! | DY27: =DZ26 -> 829020 | DZ27: 829910 | EA27: =MAX(0,DZ27-DY27) -> 890 | EB27: =EA27-EA26 -> -150 | EC27: =(EA27/#REF!)*100 -> #REF! | ED27: =EE26 -> 262160 | EE27: 262420 | EF27: =MAX(0,EE27-ED27) -> 260 | EG27: =EF27-EF26 -> -30 | EH27: =(EF27/#REF!)*100 -> #REF! | EI27: =EJ26 -> 300080 | EJ27: 300410 | EK27: =MAX(0,EJ27-EI27) -> 330 | EL27: =EK27-EK26 -> -70 | EM27: =(EK27/#REF!)*100 -> #REF! | EN27: =EO26 -> 485240 | EO27: 485770 | EP27: =MAX(0,EO27-EN27) -> 530 | EQ27: =EP27-EP26 -> 20 | ER27: =(EP27/#REF!)*100 -> #REF! | ES27: =ET26 -> 0 | EU27: =MAX(0,ET27-ES27) -> 0 | EV27: =EU27-EU26 -> 0 | EW27: =(EU27/#REF!)*100 -> #REF! | EX27: =EY26 -> 0 | EZ27: =MAX(0,EY27-EX27) -> 0 | FA27: =EZ27-EZ26 -> 0 | FB27: =(EZ27/#REF!)*100 -> #REF! | FC27: =FD26 -> 0 | FE27: =MAX(0,FD27-FC27) -> 0 | FF27: =FE27-FE26 -> 0 | FG27: =(FE27/#REF!)*100 -> #REF! | FM27: =FN26 -> 0 | FO27: =MAX(0,FN27-FM27) -> 0 | FP27: =FO27-FO26 -> 0 | FQ27: =(FO27/#REF!)*100 -> #REF! | FR27: =FS26 -> 0 | FT27: =MAX(0,FS27-FR27) -> 0 | FU27: =FT27-FT26 -> 0 | FV27: =(FT27/#REF!)*100 -> #REF! | FW27: =FX26 -> 0 | FY27: =MAX(0,FX27-FW27) -> 0 | FZ27: =FY27-FY26 -> 0 | GA27: =(FY27/#REF!)*100 -> #REF! | GC27: =SUM(E27+J27) -> 8615 | GE27: =SUM(T27+Y27+EA27+EF27+EK27+EP27) -> 7226 | GG27: =SUM(AO27+AT27) -> 2700 | GI27: =SUM(AY27+BD27+BI27) -> 1202 | GK27: =SUM(BN27+BS27+EU27) -> 730 | GM27: =SUM(EZ27+FE27) -> 0
A28: 24 | B28: =#REF! -> #REF! | C28: =D27 -> 27507108 | D28: 27510720 | E28: =MAX(0,D28-C28) -> 3612 | F28: =E28-E27 -> -456 | G28: =(E28/#REF!)*100 -> #REF! | H28: =I27 -> 25454986 | I28: 25458503 | J28: =MAX(0,I28-H28) -> 3517 | K28: =J28-J27 -> -1030 | L28: =(J28/#REF!)*100 -> #REF! | M28: =N27 -> 93446806 | N28: 93457548 | O28: =MAX(0,N28-M28) -> 10742 | P28: =O28-O27 -> -1420 | Q28: =(O28/#REF!)*100 -> #REF! | R28: =S27 -> 3340100 | S28: 3342200 | T28: =MAX(0,S28-R28) -> 2100 | U28: =T28-T27 -> -200 | V28: =(T28/#REF!)*100 -> #REF! | W28: =X27 -> 4470204 | X28: 4472903 | Y28: =MAX(0,X28-W28) -> 2699 | Z28: =Y28-Y27 -> -217 | AA28: =(Y28/#REF!)*100 -> #REF! | AB28: =AC27 -> 2903400 | AC28: 2905000 | AD28: =MAX(0,AC28-AB28) -> 1600 | AE28: =AD28/WATER!V29 -> 5.6737589 | AF28: =AD28-AD27 -> -300 | AG28: =(AD28/#REF!)*100 -> #REF! | AH28: =AI27 -> 1144604 | AI28: 1145508 | AJ28: =MAX(0,AI28-AH28) -> 904 | AK28: =AJ28-AJ27 -> 465 | AL28: =(AJ28/#REF!)*100 -> #REF! | AM28: =AN27 -> 1177400 | AN28: 1178100 | AO28: =MAX(0,AN28-AM28) -> 700 | AP28: =AO28-AO27 -> 0 | AQ28: =(AO28/#REF!)*100 -> #REF! | AR28: =AS27 -> 2658900 | AS28: 2661000 | AT28: =MAX(0,AS28-AR28) -> 2100 | AU28: =AT28-AT27 -> 100 | AV28: =(AT28/#REF!)*100 -> #REF! | AW28: =AX27 -> 57558 | AX28: 57895 | AY28: =MAX(0,AX28-AW28) -> 337 | AZ28: =AY28-AY27 -> -65 | BA28: =(AY28/#REF!)*100 -> #REF! | BB28: =BC27 -> 1041600 | BC28: 1042000 | BD28: =MAX(0,BC28-BB28) -> 400 | BE28: =BD28-BD27 -> -100 | BF28: =(BD28/#REF!)*100 -> #REF! | BG28: =BH27 -> 1105500 | BH28: 1105800 | BI28: =MAX(0,BH28-BG28) -> 300 | BJ28: =BI28-BI27 -> 0 | BK28: =(BI28/#REF!)*100 -> #REF! | BL28: =BM27 -> 1654100 | BM28: 1654600 | BN28: =MAX(0,BM28-BL28) -> 500 | BO28: =BN28-BN27 -> -100 | BP28: =(BN28/#REF!)*100 -> #REF! | BQ28: =BR27 -> 152440 | BR28: 152540 | BS28: =MAX(0,BR28-BQ28) -> 100 | BT28: =BS28-BS27 -> -30 | BU28: =(BS28/#REF!)*100 -> #REF! | BV28: =BW27 -> 631020 | BW28: 631370 | BX28: =MAX(0,BW28-BV28) -> 350 | BY28: =BX28-BX27 -> -80 | BZ28: =(BX28/#REF!)*100 -> #REF! | CA28: =CB27 -> 1214200 | CB28: 1215300 | CC28: =MAX(0,CB28-CA28) -> 1100 | CD28: =CC28-CC27 -> -200 | CE28: =(CC28/#REF!)*100 -> #REF! | CF28: =CG27 -> 402760 | CG28: 403200 | CH28: =MAX(0,CG28-CF28) -> 440 | CI28: =CH28-CH27 -> -20 | CJ28: =(CH28/#REF!)*100 -> #REF! | CK28: =CL27 -> 925970 | CL28: 926730 | CM28: =MAX(0,CL28-CK28) -> 760 | CN28: =CM28-CM27 -> -260 | CO28: =(CM28/#REF!)*100 -> #REF! | CP28: =CQ27 -> 770940 | CQ28: 771670 | CR28: =MAX(0,CQ28-CP28) -> 730 | CS28: =CR28-CR27 -> -70 | CT28: =(CR28/#REF!)*100 -> #REF! | CU28: =CV27 -> 634500 | CV28: 635110 | CW28: =MAX(0,CV28-CU28) -> 610 | CX28: =CW28-CW27 -> -150 | CY28: =(CW28/#REF!)*100 -> #REF! | CZ28: =DA27 -> 1060400 | DA28: 1061200 | DB28: =MAX(0,DA28-CZ28) -> 800 | DC28: =DB28-DB27 -> 0 | DD28: =(DB28/#REF!)*100 -> #REF! | DE28: =DF27 -> 813950 | DF28: 814740 | DG28: =MAX(0,DF28-DE28) -> 790 | DH28: =DG28-DG27 -> -90 | DI28: =(DG28/#REF!)*100 -> #REF! | DJ28: =DK27 -> 700080 | DK28: 700530 | DL28: =MAX(0,DK28-DJ28) -> 450 | DM28: =DL28-DL27 -> -70 | DN28: =(DL28/#REF!)*100 -> #REF! | DO28: =DP27 -> 379710 | DP28: 380030 | DQ28: =MAX(0,DP28-DO28) -> 320 | DR28: =DQ28-DQ27 -> 10 | DS28: =(DQ28/#REF!)*100 -> #REF! | DT28: =DU27 -> 129050 | DU28: 129160 | DV28: =MAX(0,DU28-DT28) -> 110 | DW28: =DV28-DV27 -> -10 | DX28: =(DV28/#REF!)*100 -> #REF! | DY28: =DZ27 -> 829910 | DZ28: 830910 | EA28: =MAX(0,DZ28-DY28) -> 1000 | EB28: =EA28-EA27 -> 110 | EC28: =(EA28/#REF!)*100 -> #REF! | ED28: =EE27 -> 262420 | EE28: 262710 | EF28: =MAX(0,EE28-ED28) -> 290 | EG28: =EF28-EF27 -> 30 | EH28: =(EF28/#REF!)*100 -> #REF! | EI28: =EJ27 -> 300410 | EJ28: 300790 | EK28: =MAX(0,EJ28-EI28) -> 380 | EL28: =EK28-EK27 -> 50 | EM28: =(EK28/#REF!)*100 -> #REF! | EN28: =EO27 -> 485770 | EO28: 486300 | EP28: =MAX(0,EO28-EN28) -> 530 | EQ28: =EP28-EP27 -> 0 | ER28: =(EP28/#REF!)*100 -> #REF! | ES28: =ET27 -> 0 | EU28: =MAX(0,ET28-ES28) -> 0 | EV28: =EU28-EU27 -> 0 | EW28: =(EU28/#REF!)*100 -> #REF! | EX28: =EY27 -> 0 | EZ28: =MAX(0,EY28-EX28) -> 0 | FA28: =EZ28-EZ27 -> 0 | FB28: =(EZ28/#REF!)*100 -> #REF! | FC28: =FD27 -> 0 | FE28: =MAX(0,FD28-FC28) -> 0 | FF28: =FE28-FE27 -> 0 | FG28: =(FE28/#REF!)*100 -> #REF! | FM28: =FN27 -> 0 | FO28: =MAX(0,FN28-FM28) -> 0 | FP28: =FO28-FO27 -> 0 | FQ28: =(FO28/#REF!)*100 -> #REF! | FR28: =FS27 -> 0 | FT28: =MAX(0,FS28-FR28) -> 0 | FU28: =FT28-FT27 -> 0 | FV28: =(FT28/#REF!)*100 -> #REF! | FW28: =FX27 -> 0 | FY28: =MAX(0,FX28-FW28) -> 0 | FZ28: =FY28-FY27 -> 0 | GA28: =(FY28/#REF!)*100 -> #REF! | GC28: =SUM(E28+J28) -> 7129 | GE28: =SUM(T28+Y28+EA28+EF28+EK28+EP28) -> 6999 | GG28: =SUM(AO28+AT28) -> 2800 | GI28: =SUM(AY28+BD28+BI28) -> 1037 | GK28: =SUM(BN28+BS28+EU28) -> 600 | GM28: =SUM(EZ28+FE28) -> 0
A29: 25 | B29: =#REF! -> #REF! | C29: =D28 -> 27510720 | D29: 27514322 | E29: =MAX(0,D29-C29) -> 3602 | F29: =E29-E28 -> -10 | G29: =(E29/#REF!)*100 -> #REF! | H29: =I28 -> 25458503 | I29: 25462381 | J29: =MAX(0,I29-H29) -> 3878 | K29: =J29-J28 -> 361 | L29: =(J29/#REF!)*100 -> #REF! | M29: =N28 -> 93457548 | N29: 93468552 | O29: =MAX(0,N29-M29) -> 11004 | P29: =O29-O28 -> 262 | Q29: =(O29/#REF!)*100 -> #REF! | R29: =S28 -> 3342200 | S29: 3344400 | T29: =MAX(0,S29-R29) -> 2200 | U29: =T29-T28 -> 100 | V29: =(T29/#REF!)*100 -> #REF! | W29: =X28 -> 4472903 | X29: 4475664 | Y29: =MAX(0,X29-W29) -> 2761 | Z29: =Y29-Y28 -> 62 | AA29: =(Y29/#REF!)*100 -> #REF! | AB29: =AC28 -> 2905000 | AC29: 2906600 | AD29: =MAX(0,AC29-AB29) -> 1600 | AE29: =AD29/WATER!V30 -> 5.0314465 | AF29: =AD29-AD28 -> 0 | AG29: =(AD29/#REF!)*100 -> #REF! | AH29: =AI28 -> 1145508 | AI29: 1145531 | AJ29: =MAX(0,AI29-AH29) -> 23 | AK29: =AJ29-AJ28 -> -881 | AL29: =(AJ29/#REF!)*100 -> #REF! | AM29: =AN28 -> 1178100 | AN29: 1178800 | AO29: =MAX(0,AN29-AM29) -> 700 | AP29: =AO29-AO28 -> 0 | AQ29: =(AO29/#REF!)*100 -> #REF! | AR29: =AS28 -> 2661000 | AS29: 2662700 | AT29: =MAX(0,AS29-AR29) -> 1700 | AU29: =AT29-AT28 -> -400 | AV29: =(AT29/#REF!)*100 -> #REF! | AW29: =AX28 -> 57895 | AX29: 58251 | AY29: =MAX(0,AX29-AW29) -> 356 | AZ29: =AY29-AY28 -> 19 | BA29: =(AY29/#REF!)*100 -> #REF! | BB29: =BC28 -> 1042000 | BC29: 1042400 | BD29: =MAX(0,BC29-BB29) -> 400 | BE29: =BD29-BD28 -> 0 | BF29: =(BD29/#REF!)*100 -> #REF! | BG29: =BH28 -> 1105800 | BH29: 1106100 | BI29: =MAX(0,BH29-BG29) -> 300 | BJ29: =BI29-BI28 -> 0 | BK29: =(BI29/#REF!)*100 -> #REF! | BL29: =BM28 -> 1654600 | BM29: 1655100 | BN29: =MAX(0,BM29-BL29) -> 500 | BO29: =BN29-BN28 -> 0 | BP29: =(BN29/#REF!)*100 -> #REF! | BQ29: =BR28 -> 152540 | BR29: 152660 | BS29: =MAX(0,BR29-BQ29) -> 120 | BT29: =BS29-BS28 -> 20 | BU29: =(BS29/#REF!)*100 -> #REF! | BV29: =BW28 -> 631370 | BW29: 631700 | BX29: =MAX(0,BW29-BV29) -> 330 | BY29: =BX29-BX28 -> -20 | BZ29: =(BX29/#REF!)*100 -> #REF! | CA29: =CB28 -> 1215300 | CB29: 1216500 | CC29: =MAX(0,CB29-CA29) -> 1200 | CD29: =CC29-CC28 -> 100 | CE29: =(CC29/#REF!)*100 -> #REF! | CF29: =CG28 -> 403200 | CG29: 403650 | CH29: =MAX(0,CG29-CF29) -> 450 | CI29: =CH29-CH28 -> 10 | CJ29: =(CH29/#REF!)*100 -> #REF! | CK29: =CL28 -> 926730 | CL29: 927520 | CM29: =MAX(0,CL29-CK29) -> 790 | CN29: =CM29-CM28 -> 30 | CO29: =(CM29/#REF!)*100 -> #REF! | CP29: =CQ28 -> 771670 | CQ29: 772410 | CR29: =MAX(0,CQ29-CP29) -> 740 | CS29: =CR29-CR28 -> 10 | CT29: =(CR29/#REF!)*100 -> #REF! | CU29: =CV28 -> 635110 | CV29: 635780 | CW29: =MAX(0,CV29-CU29) -> 670 | CX29: =CW29-CW28 -> 60 | CY29: =(CW29/#REF!)*100 -> #REF! | CZ29: =DA28 -> 1061200 | DA29: 1062100 | DB29: =MAX(0,DA29-CZ29) -> 900 | DC29: =DB29-DB28 -> 100 | DD29: =(DB29/#REF!)*100 -> #REF! | DE29: =DF28 -> 814740 | DF29: 815510 | DG29: =MAX(0,DF29-DE29) -> 770 | DH29: =DG29-DG28 -> -20 | DI29: =(DG29/#REF!)*100 -> #REF! | DJ29: =DK28 -> 700530 | DK29: 701020 | DL29: =MAX(0,DK29-DJ29) -> 490 | DM29: =DL29-DL28 -> 40 | DN29: =(DL29/#REF!)*100 -> #REF! | DO29: =DP28 -> 380030 | DP29: 380340 | DQ29: =MAX(0,DP29-DO29) -> 310 | DR29: =DQ29-DQ28 -> -10 | DS29: =(DQ29/#REF!)*100 -> #REF! | DT29: =DU28 -> 129160 | DU29: 129270 | DV29: =MAX(0,DU29-DT29) -> 110 | DW29: =DV29-DV28 -> 0 | DX29: =(DV29/#REF!)*100 -> #REF! | DY29: =DZ28 -> 830910 | DZ29: 831830 | EA29: =MAX(0,DZ29-DY29) -> 920 | EB29: =EA29-EA28 -> -80 | EC29: =(EA29/#REF!)*100 -> #REF! | ED29: =EE28 -> 262710 | EE29: 262980 | EF29: =MAX(0,EE29-ED29) -> 270 | EG29: =EF29-EF28 -> -20 | EH29: =(EF29/#REF!)*100 -> #REF! | EI29: =EJ28 -> 300790 | EJ29: 301160 | EK29: =MAX(0,EJ29-EI29) -> 370 | EL29: =EK29-EK28 -> -10 | EM29: =(EK29/#REF!)*100 -> #REF! | EN29: =EO28 -> 486300 | EO29: 486800 | EP29: =MAX(0,EO29-EN29) -> 500 | EQ29: =EP29-EP28 -> -30 | ER29: =(EP29/#REF!)*100 -> #REF! | ES29: =ET28 -> 0 | EU29: =MAX(0,ET29-ES29) -> 0 | EV29: =EU29-EU28 -> 0 | EW29: =(EU29/#REF!)*100 -> #REF! | EX29: =EY28 -> 0 | EZ29: =MAX(0,EY29-EX29) -> 0 | FA29: =EZ29-EZ28 -> 0 | FB29: =(EZ29/#REF!)*100 -> #REF! | FC29: =FD28 -> 0 | FE29: =MAX(0,FD29-FC29) -> 0 | FF29: =FE29-FE28 -> 0 | FG29: =(FE29/#REF!)*100 -> #REF! | FM29: =FN28 -> 0 | FO29: =MAX(0,FN29-FM29) -> 0 | FP29: =FO29-FO28 -> 0 | FQ29: =(FO29/#REF!)*100 -> #REF! | FR29: =FS28 -> 0 | FT29: =MAX(0,FS29-FR29) -> 0 | FU29: =FT29-FT28 -> 0 | FV29: =(FT29/#REF!)*100 -> #REF! | FW29: =FX28 -> 0 | FY29: =MAX(0,FX29-FW29) -> 0 | FZ29: =FY29-FY28 -> 0 | GA29: =(FY29/#REF!)*100 -> #REF! | GC29: =SUM(E29+J29) -> 7480 | GE29: =SUM(T29+Y29+EA29+EF29+EK29+EP29) -> 7021 | GG29: =SUM(AO29+AT29) -> 2400 | GI29: =SUM(AY29+BD29+BI29) -> 1056 | GK29: =SUM(BN29+BS29+EU29) -> 620 | GM29: =SUM(EZ29+FE29) -> 0
A30: 26 | B30: =#REF! -> #REF! | C30: =D29 -> 27514322 | D30: 27517692 | E30: =MAX(0,D30-C30) -> 3370 | F30: =E30-E29 -> -232 | G30: =(E30/#REF!)*100 -> #REF! | H30: =I29 -> 25462381 | I30: 25466184 | J30: =MAX(0,I30-H30) -> 3803 | K30: =J30-J29 -> -75 | L30: =(J30/#REF!)*100 -> #REF! | M30: =N29 -> 93468552 | N30: 93479196 | O30: =MAX(0,N30-M30) -> 10644 | P30: =O30-O29 -> -360 | Q30: =(O30/#REF!)*100 -> #REF! | R30: =S29 -> 3344400 | S30: 3346500 | T30: =MAX(0,S30-R30) -> 2100 | U30: =T30-T29 -> -100 | V30: =(T30/#REF!)*100 -> #REF! | W30: =X29 -> 4475664 | X30: 4478514 | Y30: =MAX(0,X30-W30) -> 2850 | Z30: =Y30-Y29 -> 89 | AA30: =(Y30/#REF!)*100 -> #REF! | AB30: =AC29 -> 2906600 | AC30: 2908200 | AD30: =MAX(0,AC30-AB30) -> 1600 | AE30: =AD30/WATER!V31 -> 5.5363322 | AF30: =AD30-AD29 -> 0 | AG30: =(AD30/#REF!)*100 -> #REF! | AH30: =AI29 -> 1145531 | AI30: 1146033 | AJ30: =MAX(0,AI30-AH30) -> 502 | AK30: =AJ30-AJ29 -> 479 | AL30: =(AJ30/#REF!)*100 -> #REF! | AM30: =AN29 -> 1178800 | AN30: 1179500 | AO30: =MAX(0,AN30-AM30) -> 700 | AP30: =AO30-AO29 -> 0 | AQ30: =(AO30/#REF!)*100 -> #REF! | AR30: =AS29 -> 2662700 | AS30: 2664700 | AT30: =MAX(0,AS30-AR30) -> 2000 | AU30: =AT30-AT29 -> 300 | AV30: =(AT30/#REF!)*100 -> #REF! | AW30: =AX29 -> 58251 | AX30: 58607 | AY30: =MAX(0,AX30-AW30) -> 356 | AZ30: =AY30-AY29 -> 0 | BA30: =(AY30/#REF!)*100 -> #REF! | BB30: =BC29 -> 1042400 | BC30: 1042700 | BD30: =MAX(0,BC30-BB30) -> 300 | BE30: =BD30-BD29 -> -100 | BF30: =(BD30/#REF!)*100 -> #REF! | BG30: =BH29 -> 1106100 | BH30: 1106300 | BI30: =MAX(0,BH30-BG30) -> 200 | BJ30: =BI30-BI29 -> -100 | BK30: =(BI30/#REF!)*100 -> #REF! | BL30: =BM29 -> 1655100 | BM30: 1655700 | BN30: =MAX(0,BM30-BL30) -> 600 | BO30: =BN30-BN29 -> 100 | BP30: =(BN30/#REF!)*100 -> #REF! | BQ30: =BR29 -> 152660 | BR30: 152780 | BS30: =MAX(0,BR30-BQ30) -> 120 | BT30: =BS30-BS29 -> 0 | BU30: =(BS30/#REF!)*100 -> #REF! | BV30: =BW29 -> 631700 | BW30: 632020 | BX30: =MAX(0,BW30-BV30) -> 320 | BY30: =BX30-BX29 -> -10 | BZ30: =(BX30/#REF!)*100 -> #REF! | CA30: =CB29 -> 1216500 | CB30: 1217600 | CC30: =MAX(0,CB30-CA30) -> 1100 | CD30: =CC30-CC29 -> -100 | CE30: =(CC30/#REF!)*100 -> #REF! | CF30: =CG29 -> 403650 | CG30: 404050 | CH30: =MAX(0,CG30-CF30) -> 400 | CI30: =CH30-CH29 -> -50 | CJ30: =(CH30/#REF!)*100 -> #REF! | CK30: =CL29 -> 927520 | CL30: 928420 | CM30: =MAX(0,CL30-CK30) -> 900 | CN30: =CM30-CM29 -> 110 | CO30: =(CM30/#REF!)*100 -> #REF! | CP30: =CQ29 -> 772410 | CQ30: 773030 | CR30: =MAX(0,CQ30-CP30) -> 620 | CS30: =CR30-CR29 -> -120 | CT30: =(CR30/#REF!)*100 -> #REF! | CU30: =CV29 -> 635780 | CV30: 636400 | CW30: =MAX(0,CV30-CU30) -> 620 | CX30: =CW30-CW29 -> -50 | CY30: =(CW30/#REF!)*100 -> #REF! | CZ30: =DA29 -> 1062100 | DA30: 1063100 | DB30: 100 | DC30: =DB30-DB29 -> -800 | DD30: =(DB30/#REF!)*100 -> #REF! | DE30: =DF29 -> 815510 | DF30: 816220 | DG30: =MAX(0,DF30-DE30) -> 710 | DH30: =DG30-DG29 -> -60 | DI30: =(DG30/#REF!)*100 -> #REF! | DJ30: =DK29 -> 701020 | DK30: 701620 | DL30: =MAX(0,DK30-DJ30) -> 600 | DM30: =DL30-DL29 -> 110 | DN30: =(DL30/#REF!)*100 -> #REF! | DO30: =DP29 -> 380340 | DP30: 380670 | DQ30: =MAX(0,DP30-DO30) -> 330 | DR30: =DQ30-DQ29 -> 20 | DS30: =(DQ30/#REF!)*100 -> #REF! | DT30: =DU29 -> 129270 | DU30: 129390 | DV30: =MAX(0,DU30-DT30) -> 120 | DW30: =DV30-DV29 -> 10 | DX30: =(DV30/#REF!)*100 -> #REF! | DY30: =DZ29 -> 831830 | DZ30: 832780 | EA30: =MAX(0,DZ30-DY30) -> 950 | EB30: =EA30-EA29 -> 30 | EC30: =(EA30/#REF!)*100 -> #REF! | ED30: =EE29 -> 262980 | EE30: 263260 | EF30: =MAX(0,EE30-ED30) -> 280 | EG30: =EF30-EF29 -> 10 | EH30: =(EF30/#REF!)*100 -> #REF! | EI30: =EJ29 -> 301160 | EJ30: 301610 | EK30: =MAX(0,EJ30-EI30) -> 450 | EL30: =EK30-EK29 -> 80 | EM30: =(EK30/#REF!)*100 -> #REF! | EN30: =EO29 -> 486800 | EO30: 487350 | EP30: =MAX(0,EO30-EN30) -> 550 | EQ30: =EP30-EP29 -> 50 | ER30: =(EP30/#REF!)*100 -> #REF! | ES30: =ET29 -> 0 | EU30: =MAX(0,ET30-ES30) -> 0 | EV30: =EU30-EU29 -> 0 | EW30: =(EU30/#REF!)*100 -> #REF! | EX30: =EY29 -> 0 | EZ30: =MAX(0,EY30-EX30) -> 0 | FA30: =EZ30-EZ29 -> 0 | FB30: =(EZ30/#REF!)*100 -> #REF! | FC30: =FD29 -> 0 | FE30: =MAX(0,FD30-FC30) -> 0 | FF30: =FE30-FE29 -> 0 | FG30: =(FE30/#REF!)*100 -> #REF! | FM30: =FN29 -> 0 | FO30: =MAX(0,FN30-FM30) -> 0 | FP30: =FO30-FO29 -> 0 | FQ30: =(FO30/#REF!)*100 -> #REF! | FR30: =FS29 -> 0 | FT30: =MAX(0,FS30-FR30) -> 0 | FU30: =FT30-FT29 -> 0 | FV30: =(FT30/#REF!)*100 -> #REF! | FW30: =FX29 -> 0 | FY30: =MAX(0,FX30-FW30) -> 0 | FZ30: =FY30-FY29 -> 0 | GA30: =(FY30/#REF!)*100 -> #REF! | GC30: =SUM(E30+J30) -> 7173 | GE30: =SUM(T30+Y30+EA30+EF30+EK30+EP30) -> 7180 | GG30: =SUM(AO30+AT30) -> 2700 | GI30: =SUM(AY30+BD30+BI30) -> 856 | GK30: =SUM(BN30+BS30+EU30) -> 720 | GM30: =SUM(EZ30+FE30) -> 0
A31: 27 | B31: =#REF! -> #REF! | C31: =D30 -> 27517692 | D31: 27521142 | E31: =MAX(0,D31-C31) -> 3450 | F31: =E31-E30 -> 80 | G31: =(E31/#REF!)*100 -> #REF! | H31: =I30 -> 25466184 | I31: 25470746 | J31: =MAX(0,I31-H31) -> 4562 | K31: =J31-J30 -> 759 | L31: =(J31/#REF!)*100 -> #REF! | M31: =N30 -> 93479196 | N31: 93490643 | O31: =MAX(0,N31-M31) -> 11447 | P31: =O31-O30 -> 803 | Q31: =(O31/#REF!)*100 -> #REF! | R31: =S30 -> 3346500 | S31: 3348700 | T31: =MAX(0,S31-R31) -> 2200 | U31: =T31-T30 -> 100 | V31: =(T31/#REF!)*100 -> #REF! | W31: =X30 -> 4478514 | X31: 4481406 | Y31: =MAX(0,X31-W31) -> 2892 | Z31: =Y31-Y30 -> 42 | AA31: =(Y31/#REF!)*100 -> #REF! | AB31: =AC30 -> 2908200 | AC31: 2909800 | AD31: =MAX(0,AC31-AB31) -> 1600 | AE31: =AD31/WATER!V32 -> 5.0793651 | AF31: =AD31-AD30 -> 0 | AG31: =(AD31/#REF!)*100 -> #REF! | AH31: =AI30 -> 1146033 | AI31: 1146520 | AJ31: =MAX(0,AI31-AH31) -> 487 | AK31: =AJ31-AJ30 -> -15 | AL31: =(AJ31/#REF!)*100 -> #REF! | AM31: =AN30 -> 1179500 | AN31: 1180100 | AO31: =MAX(0,AN31-AM31) -> 600 | AP31: =AO31-AO30 -> -100 | AQ31: =(AO31/#REF!)*100 -> #REF! | AR31: =AS30 -> 2664700 | AS31: 2666400 | AT31: =MAX(0,AS31-AR31) -> 1700 | AU31: =AT31-AT30 -> -300 | AV31: =(AT31/#REF!)*100 -> #REF! | AW31: =AX30 -> 58607 | AX31: 59038 | AY31: =MAX(0,AX31-AW31) -> 431 | AZ31: =AY31-AY30 -> 75 | BA31: =(AY31/#REF!)*100 -> #REF! | BB31: =BC30 -> 1042700 | BC31: 1043200 | BD31: =MAX(0,BC31-BB31) -> 500 | BE31: =BD31-BD30 -> 200 | BF31: =(BD31/#REF!)*100 -> #REF! | BG31: =BH30 -> 1106300 | BH31: 1106600 | BI31: =MAX(0,BH31-BG31) -> 300 | BJ31: =BI31-BI30 -> 100 | BK31: =(BI31/#REF!)*100 -> #REF! | BL31: =BM30 -> 1655700 | BM31: 1656200 | BN31: =MAX(0,BM31-BL31) -> 500 | BO31: =BN31-BN30 -> -100 | BP31: =(BN31/#REF!)*100 -> #REF! | BQ31: =BR30 -> 152780 | BR31: 152910 | BS31: =MAX(0,BR31-BQ31) -> 130 | BT31: =BS31-BS30 -> 10 | BU31: =(BS31/#REF!)*100 -> #REF! | BV31: =BW30 -> 632020 | BW31: 632350 | BX31: =MAX(0,BW31-BV31) -> 330 | BY31: =BX31-BX30 -> 10 | BZ31: =(BX31/#REF!)*100 -> #REF! | CA31: =CB30 -> 1217600 | CB31: 1218900 | CC31: =MAX(0,CB31-CA31) -> 1300 | CD31: =CC31-CC30 -> 200 | CE31: =(CC31/#REF!)*100 -> #REF! | CF31: =CG30 -> 404050 | CG31: 404450 | CH31: =MAX(0,CG31-CF31) -> 400 | CI31: =CH31-CH30 -> 0 | CJ31: =(CH31/#REF!)*100 -> #REF! | CK31: =CL30 -> 928420 | CL31: 929490 | CM31: =MAX(0,CL31-CK31) -> 1070 | CN31: =CM31-CM30 -> 170 | CO31: =(CM31/#REF!)*100 -> #REF! | CP31: =CQ30 -> 773030 | CQ31: 773980 | CR31: =MAX(0,CQ31-CP31) -> 950 | CS31: =CR31-CR30 -> 330 | CT31: =(CR31/#REF!)*100 -> #REF! | CU31: =CV30 -> 636400 | CV31: 637100 | CW31: =MAX(0,CV31-CU31) -> 700 | CX31: =CW31-CW30 -> 80 | CY31: =(CW31/#REF!)*100 -> #REF! | CZ31: =DA30 -> 1063100 | DA31: 1064200 | DB31: =MAX(0,DA31-CZ31) -> 1100 | DC31: =DB31-DB30 -> 1000 | DD31: =(DB31/#REF!)*100 -> #REF! | DE31: =DF30 -> 816220 | DF31: 817000 | DG31: =MAX(0,DF31-DE31) -> 780 | DH31: =DG31-DG30 -> 70 | DI31: =(DG31/#REF!)*100 -> #REF! | DJ31: =DK30 -> 701620 | DK31: 702160 | DL31: =MAX(0,DK31-DJ31) -> 540 | DM31: =DL31-DL30 -> -60 | DN31: =(DL31/#REF!)*100 -> #REF! | DO31: =DP30 -> 380670 | DP31: 380990 | DQ31: =MAX(0,DP31-DO31) -> 320 | DR31: =DQ31-DQ30 -> -10 | DS31: =(DQ31/#REF!)*100 -> #REF! | DT31: =DU30 -> 129390 | DU31: 129500 | DV31: =MAX(0,DU31-DT31) -> 110 | DW31: =DV31-DV30 -> -10 | DX31: =(DV31/#REF!)*100 -> #REF! | DY31: =DZ30 -> 832780 | DZ31: 833650 | EA31: =MAX(0,DZ31-DY31) -> 870 | EB31: =EA31-EA30 -> -80 | EC31: =(EA31/#REF!)*100 -> #REF! | ED31: =EE30 -> 263260 | EE31: 263520 | EF31: =MAX(0,EE31-ED31) -> 260 | EG31: =EF31-EF30 -> -20 | EH31: =(EF31/#REF!)*100 -> #REF! | EI31: =EJ30 -> 301610 | EJ31: 301950 | EK31: =MAX(0,EJ31-EI31) -> 340 | EL31: =EK31-EK30 -> -110 | EM31: =(EK31/#REF!)*100 -> #REF! | EN31: =EO30 -> 487350 | EO31: 487850 | EP31: =MAX(0,EO31-EN31) -> 500 | EQ31: =EP31-EP30 -> -50 | ER31: =(EP31/#REF!)*100 -> #REF! | ES31: =ET30 -> 0 | EU31: =MAX(0,ET31-ES31) -> 0 | EV31: =EU31-EU30 -> 0 | EW31: =(EU31/#REF!)*100 -> #REF! | EX31: =EY30 -> 0 | EZ31: =MAX(0,EY31-EX31) -> 0 | FA31: =EZ31-EZ30 -> 0 | FB31: =(EZ31/#REF!)*100 -> #REF! | FC31: =FD30 -> 0 | FE31: =MAX(0,FD31-FC31) -> 0 | FF31: =FE31-FE30 -> 0 | FG31: =(FE31/#REF!)*100 -> #REF! | FM31: =FN30 -> 0 | FO31: =MAX(0,FN31-FM31) -> 0 | FP31: =FO31-FO30 -> 0 | FQ31: =(FO31/#REF!)*100 -> #REF! | FR31: =FS30 -> 0 | FT31: =MAX(0,FS31-FR31) -> 0 | FU31: =FT31-FT30 -> 0 | FV31: =(FT31/#REF!)*100 -> #REF! | FW31: =FX30 -> 0 | FY31: =MAX(0,FX31-FW31) -> 0 | FZ31: =FY31-FY30 -> 0 | GA31: =(FY31/#REF!)*100 -> #REF! | GC31: =SUM(E31+J31) -> 8012 | GE31: =SUM(T31+Y31+EA31+EF31+EK31+EP31) -> 7062 | GG31: =SUM(AO31+AT31) -> 2300 | GI31: =SUM(AY31+BD31+BI31) -> 1231 | GK31: =SUM(BN31+BS31+EU31) -> 630 | GM31: =SUM(EZ31+FE31) -> 0
A32: 28 | B32: =#REF! -> #REF! | C32: =D31 -> 27521142 | D32: 27524605 | E32: =MAX(0,D32-C32) -> 3463 | F32: =E32-E31 -> 13 | G32: =(E32/#REF!)*100 -> #REF! | H32: =I31 -> 25470746 | I32: 25475117 | J32: =MAX(0,I32-H32) -> 4371 | K32: =J32-J31 -> -191 | L32: =(J32/#REF!)*100 -> #REF! | M32: =N31 -> 93490643 | N32: 93501579 | O32: =MAX(0,N32-M32) -> 10936 | P32: =O32-O31 -> -511 | Q32: =(O32/#REF!)*100 -> #REF! | R32: =S31 -> 3348700 | S32: 3350900 | T32: =MAX(0,S32-R32) -> 2200 | U32: =T32-T31 -> 0 | V32: =(T32/#REF!)*100 -> #REF! | W32: =X31 -> 4481406 | X32: 4484422 | Y32: =MAX(0,X32-W32) -> 3016 | Z32: =Y32-Y31 -> 124 | AA32: =(Y32/#REF!)*100 -> #REF! | AB32: =AC31 -> 2909800 | AC32: 2911500 | AD32: =MAX(0,AC32-AB32) -> 1700 | AE32: =AD32/WATER!V33 -> 5.0445104 | AF32: =AD32-AD31 -> 100 | AG32: =(AD32/#REF!)*100 -> #REF! | AH32: =AI31 -> 1146520 | AI32: 1146979 | AJ32: =MAX(0,AI32-AH32) -> 459 | AK32: =AJ32-AJ31 -> -28 | AL32: =(AJ32/#REF!)*100 -> #REF! | AM32: =AN31 -> 1180100 | AN32: 1180800 | AO32: =MAX(0,AN32-AM32) -> 700 | AP32: =AO32-AO31 -> 100 | AQ32: =(AO32/#REF!)*100 -> #REF! | AR32: =AS31 -> 2666400 | AS32: 2668000 | AT32: =MAX(0,AS32-AR32) -> 1600 | AU32: =AT32-AT31 -> -100 | AV32: =(AT32/#REF!)*100 -> #REF! | AW32: =AX31 -> 59038 | AX32: 59430 | AY32: =MAX(0,AX32-AW32) -> 392 | AZ32: =AY32-AY31 -> -39 | BA32: =(AY32/#REF!)*100 -> #REF! | BB32: =BC31 -> 1043200 | BC32: 1043500 | BD32: =MAX(0,BC32-BB32) -> 300 | BE32: =BD32-BD31 -> -200 | BF32: =(BD32/#REF!)*100 -> #REF! | BG32: =BH31 -> 1106600 | BH32: 1106900 | BI32: =MAX(0,BH32-BG32) -> 300 | BJ32: =BI32-BI31 -> 0 | BK32: =(BI32/#REF!)*100 -> #REF! | BL32: =BM31 -> 1656200 | BM32: 1656800 | BN32: =MAX(0,BM32-BL32) -> 600 | BO32: =BN32-BN31 -> 100 | BP32: =(BN32/#REF!)*100 -> #REF! | BQ32: =BR31 -> 152910 | BR32: 153030 | BS32: =MAX(0,BR32-BQ32) -> 120 | BT32: =BS32-BS31 -> -10 | BU32: =(BS32/#REF!)*100 -> #REF! | BV32: =BW31 -> 632350 | BW32: 632660 | BX32: =MAX(0,BW32-BV32) -> 310 | BY32: =BX32-BX31 -> -20 | BZ32: =(BX32/#REF!)*100 -> #REF! | CA32: =CB31 -> 1218900 | CB32: 1220100 | CC32: =MAX(0,CB32-CA32) -> 1200 | CD32: =CC32-CC31 -> -100 | CE32: =(CC32/#REF!)*100 -> #REF! | CF32: =CG31 -> 404450 | CG32: 404840 | CH32: =MAX(0,CG32-CF32) -> 390 | CI32: =CH32-CH31 -> -10 | CJ32: =(CH32/#REF!)*100 -> #REF! | CK32: =CL31 -> 929490 | CL32: 930520 | CM32: =MAX(0,CL32-CK32) -> 1030 | CN32: =CM32-CM31 -> -40 | CO32: =(CM32/#REF!)*100 -> #REF! | CP32: =CQ31 -> 773980 | CQ32: 775040 | CR32: =MAX(0,CQ32-CP32) -> 1060 | CS32: =CR32-CR31 -> 110 | CT32: =(CR32/#REF!)*100 -> #REF! | CU32: =CV31 -> 637100 | CV32: 637750 | CW32: =MAX(0,CV32-CU32) -> 650 | CX32: =CW32-CW31 -> -50 | CY32: =(CW32/#REF!)*100 -> #REF! | CZ32: =DA31 -> 1064200 | DA32: 1065300 | DB32: =MAX(0,DA32-CZ32) -> 1100 | DC32: =DB32-DB31 -> 0 | DD32: =(DB32/#REF!)*100 -> #REF! | DE32: =DF31 -> 817000 | DF32: 817830 | DG32: =MAX(0,DF32-DE32) -> 830 | DH32: =DG32-DG31 -> 50 | DI32: =(DG32/#REF!)*100 -> #REF! | DJ32: =DK31 -> 702160 | DK32: 702790 | DL32: =MAX(0,DK32-DJ32) -> 630 | DM32: =DL32-DL31 -> 90 | DN32: =(DL32/#REF!)*100 -> #REF! | DO32: =DP31 -> 380990 | DP32: 381300 | DQ32: =MAX(0,DP32-DO32) -> 310 | DR32: =DQ32-DQ31 -> -10 | DS32: =(DQ32/#REF!)*100 -> #REF! | DT32: =DU31 -> 129500 | DU32: 129620 | DV32: =MAX(0,DU32-DT32) -> 120 | DW32: =DV32-DV31 -> 10 | DX32: =(DV32/#REF!)*100 -> #REF! | DY32: =DZ31 -> 833650 | DZ32: 834680 | EA32: =MAX(0,DZ32-DY32) -> 1030 | EB32: =EA32-EA31 -> 160 | EC32: =(EA32/#REF!)*100 -> #REF! | ED32: =EE31 -> 263520 | EE32: 263810 | EF32: =MAX(0,EE32-ED32) -> 290 | EG32: =EF32-EF31 -> 30 | EH32: =(EF32/#REF!)*100 -> #REF! | EI32: =EJ31 -> 301950 | EJ32: 302310 | EK32: =MAX(0,EJ32-EI32) -> 360 | EL32: =EK32-EK31 -> 20 | EM32: =(EK32/#REF!)*100 -> #REF! | EN32: =EO31 -> 487850 | EO32: 488360 | EP32: =MAX(0,EO32-EN32) -> 510 | EQ32: =EP32-EP31 -> 10 | ER32: =(EP32/#REF!)*100 -> #REF! | ES32: =ET31 -> 0 | EU32: =MAX(0,ET32-ES32) -> 0 | EV32: =EU32-EU31 -> 0 | EW32: =(EU32/#REF!)*100 -> #REF! | EX32: =EY31 -> 0 | EZ32: =MAX(0,EY32-EX32) -> 0 | FA32: =EZ32-EZ31 -> 0 | FB32: =(EZ32/#REF!)*100 -> #REF! | FC32: =FD31 -> 0 | FE32: =MAX(0,FD32-FC32) -> 0 | FF32: =FE32-FE31 -> 0 | FG32: =(FE32/#REF!)*100 -> #REF! | FM32: =FN31 -> 0 | FO32: =MAX(0,FN32-FM32) -> 0 | FP32: =FO32-FO31 -> 0 | FQ32: =(FO32/#REF!)*100 -> #REF! | FR32: =FS31 -> 0 | FT32: =MAX(0,FS32-FR32) -> 0 | FU32: =FT32-FT31 -> 0 | FV32: =(FT32/#REF!)*100 -> #REF! | FW32: =FX31 -> 0 | FY32: =MAX(0,FX32-FW32) -> 0 | FZ32: =FY32-FY31 -> 0 | GA32: =(FY32/#REF!)*100 -> #REF! | GC32: =SUM(E32+J32) -> 7834 | GE32: =SUM(T32+Y32+EA32+EF32+EK32+EP32) -> 7406 | GG32: =SUM(AO32+AT32) -> 2300 | GI32: =SUM(AY32+BD32+BI32) -> 992 | GK32: =SUM(BN32+BS32+EU32) -> 720 | GM32: =SUM(EZ32+FE32) -> 0
A33: 29 | B33: =#REF! -> #REF! | C33: =D32 -> 27524605 | D33: 27527968 | E33: =MAX(0,D33-C33) -> 3363 | F33: =E33-E32 -> -100 | G33: =(E33/#REF!)*100 -> #REF! | H33: =I32 -> 25475117 | I33: 25478752 | J33: =MAX(0,I33-H33) -> 3635 | K33: =J33-J32 -> -736 | L33: =(J33/#REF!)*100 -> #REF! | M33: =N32 -> 93501579 | N33: 93513116 | O33: =MAX(0,N33-M33) -> 11537 | P33: =O33-O32 -> 601 | Q33: =(O33/#REF!)*100 -> #REF! | R33: =S32 -> 3350900 | S33: 3353000 | T33: =MAX(0,S33-R33) -> 2100 | U33: =T33-T32 -> -100 | V33: =(T33/#REF!)*100 -> #REF! | W33: =X32 -> 4484422 | X33: 4487232 | Y33: =MAX(0,X33-W33) -> 2810 | Z33: =Y33-Y32 -> -206 | AA33: =(Y33/#REF!)*100 -> #REF! | AB33: =AC32 -> 2911500 | AC33: 2913000 | AD33: =MAX(0,AC33-AB33) -> 1500 | AE33: =AD33/WATER!V34 -> 4.9833887 | AF33: =AD33-AD32 -> -200 | AG33: =(AD33/#REF!)*100 -> #REF! | AH33: =AI32 -> 1146979 | AI33: 1147493 | AJ33: =MAX(0,AI33-AH33) -> 514 | AK33: =AJ33-AJ32 -> 55 | AL33: =(AJ33/#REF!)*100 -> #REF! | AM33: =AN32 -> 1180800 | AN33: 1181500 | AO33: =MAX(0,AN33-AM33) -> 700 | AP33: =AO33-AO32 -> 0 | AQ33: =(AO33/#REF!)*100 -> #REF! | AR33: =AS32 -> 2668000 | AS33: 2669900 | AT33: =MAX(0,AS33-AR33) -> 1900 | AU33: =AT33-AT32 -> 300 | AV33: =(AT33/#REF!)*100 -> #REF! | AW33: =AX32 -> 59430 | AX33: 59799 | AY33: =MAX(0,AX33-AW33) -> 369 | AZ33: =AY33-AY32 -> -23 | BA33: =(AY33/#REF!)*100 -> #REF! | BB33: =BC32 -> 1043500 | BC33: 1044000 | BD33: =MAX(0,BC33-BB33) -> 500 | BE33: =BD33-BD32 -> 200 | BF33: =(BD33/#REF!)*100 -> #REF! | BG33: =BH32 -> 1106900 | BH33: 1107200 | BI33: =MAX(0,BH33-BG33) -> 300 | BJ33: =BI33-BI32 -> 0 | BK33: =(BI33/#REF!)*100 -> #REF! | BL33: =BM32 -> 1656800 | BM33: 1657300 | BN33: =MAX(0,BM33-BL33) -> 500 | BO33: =BN33-BN32 -> -100 | BP33: =(BN33/#REF!)*100 -> #REF! | BQ33: =BR32 -> 153030 | BR33: 153140 | BS33: =MAX(0,BR33-BQ33) -> 110 | BT33: =BS33-BS32 -> -10 | BU33: =(BS33/#REF!)*100 -> #REF! | BV33: =BW32 -> 632660 | BW33: 633000 | BX33: =MAX(0,BW33-BV33) -> 340 | BY33: =BX33-BX32 -> 30 | BZ33: =(BX33/#REF!)*100 -> #REF! | CA33: =CB32 -> 1220100 | CB33: 1221200 | CC33: =MAX(0,CB33-CA33) -> 1100 | CD33: =CC33-CC32 -> -100 | CE33: =(CC33/#REF!)*100 -> #REF! | CF33: =CG32 -> 404840 | CG33: 405270 | CH33: =MAX(0,CG33-CF33) -> 430 | CI33: =CH33-CH32 -> 40 | CJ33: =(CH33/#REF!)*100 -> #REF! | CK33: =CL32 -> 930520 | CL33: 931310 | CM33: =MAX(0,CL33-CK33) -> 790 | CN33: =CM33-CM32 -> -240 | CO33: =(CM33/#REF!)*100 -> #REF! | CP33: =CQ32 -> 775040 | CQ33: 775820 | CR33: =MAX(0,CQ33-CP33) -> 780 | CS33: =CR33-CR32 -> -280 | CT33: =(CR33/#REF!)*100 -> #REF! | CU33: =CV32 -> 637750 | CV33: 638200 | CW33: =MAX(0,CV33-CU33) -> 450 | CX33: =CW33-CW32 -> -200 | CY33: =(CW33/#REF!)*100 -> #REF! | CZ33: =DA32 -> 1065300 | DA33: 1066300 | DB33: =MAX(0,DA33-CZ33) -> 1000 | DC33: =DB33-DB32 -> -100 | DD33: =(DB33/#REF!)*100 -> #REF! | DE33: =DF32 -> 817830 | DF33: 818400 | DG33: =MAX(0,DF33-DE33) -> 570 | DH33: =DG33-DG32 -> -260 | DI33: =(DG33/#REF!)*100 -> #REF! | DJ33: =DK32 -> 702790 | DK33: 703260 | DL33: =MAX(0,DK33-DJ33) -> 470 | DM33: =DL33-DL32 -> -160 | DN33: =(DL33/#REF!)*100 -> #REF! | DO33: =DP32 -> 381300 | DP33: 381620 | DQ33: =MAX(0,DP33-DO33) -> 320 | DR33: =DQ33-DQ32 -> 10 | DS33: =(DQ33/#REF!)*100 -> #REF! | DT33: =DU32 -> 129620 | DU33: 129730 | DV33: =MAX(0,DU33-DT33) -> 110 | DW33: =DV33-DV32 -> -10 | DX33: =(DV33/#REF!)*100 -> #REF! | DY33: =DZ32 -> 834680 | DZ33: 835590 | EA33: =MAX(0,DZ33-DY33) -> 910 | EB33: =EA33-EA32 -> -120 | EC33: =(EA33/#REF!)*100 -> #REF! | ED33: =EE32 -> 263810 | EE33: 264060 | EF33: =MAX(0,EE33-ED33) -> 250 | EG33: =EF33-EF32 -> -40 | EH33: =(EF33/#REF!)*100 -> #REF! | EI33: =EJ32 -> 302310 | EJ33: 302710 | EK33: =MAX(0,EJ33-EI33) -> 400 | EL33: =EK33-EK32 -> 40 | EM33: =(EK33/#REF!)*100 -> #REF! | EN33: =EO32 -> 488360 | EO33: 488880 | EP33: =MAX(0,EO33-EN33) -> 520 | EQ33: =EP33-EP32 -> 10 | ER33: =(EP33/#REF!)*100 -> #REF! | ES33: =ET32 -> 0 | EU33: =MAX(0,ET33-ES33) -> 0 | EV33: =EU33-EU32 -> 0 | EW33: =(EU33/#REF!)*100 -> #REF! | EX33: =EY32 -> 0 | EZ33: =MAX(0,EY33-EX33) -> 0 | FA33: =EZ33-EZ32 -> 0 | FB33: =(EZ33/#REF!)*100 -> #REF! | FC33: =FD32 -> 0 | FE33: =MAX(0,FD33-FC33) -> 0 | FF33: =FE33-FE32 -> 0 | FG33: =(FE33/#REF!)*100 -> #REF! | FM33: =FN32 -> 0 | FO33: =MAX(0,FN33-FM33) -> 0 | FP33: =FO33-FO32 -> 0 | FQ33: =(FO33/#REF!)*100 -> #REF! | FR33: =FS32 -> 0 | FT33: =MAX(0,FS33-FR33) -> 0 | FU33: =FT33-FT32 -> 0 | FV33: =(FT33/#REF!)*100 -> #REF! | FW33: =FX32 -> 0 | FY33: =MAX(0,FX33-FW33) -> 0 | FZ33: =FY33-FY32 -> 0 | GA33: =(FY33/#REF!)*100 -> #REF! | GC33: =SUM(E33+J33) -> 6998 | GE33: =SUM(T33+Y33+EA33+EF33+EK33+EP33) -> 6990 | GG33: =SUM(AO33+AT33) -> 2600 | GI33: =SUM(AY33+BD33+BI33) -> 1169 | GK33: =SUM(BN33+BS33+EU33) -> 610 | GM33: =SUM(EZ33+FE33) -> 0
A34: 30 | B34: =#REF! -> #REF! | C34: =D33 -> 27527968 | D34: 27531446 | E34: =MAX(0,D34-C34) -> 3478 | F34: =E34-E33 -> 115 | G34: =(E34/#REF!)*100 -> #REF! | H34: =I33 -> 25478752 | I34: 25482676 | J34: =MAX(0,I34-H34) -> 3924 | K34: =J34-J33 -> 289 | L34: =(J34/#REF!)*100 -> #REF! | M34: =N33 -> 93513116 | N34: 93523892 | O34: =MAX(0,N34-M34) -> 10776 | P34: =O34-O33 -> -761 | Q34: =(O34/#REF!)*100 -> #REF! | R34: =S33 -> 3353000 | S34: 3355100 | T34: =MAX(0,S34-R34) -> 2100 | U34: =T34-T33 -> 0 | V34: =(T34/#REF!)*100 -> #REF! | W34: =X33 -> 4487232 | X34: 4490099 | Y34: =MAX(0,X34-W34) -> 2867 | Z34: =Y34-Y33 -> 57 | AA34: =(Y34/#REF!)*100 -> #REF! | AB34: =AC33 -> 2913000 | AC34: 2914600 | AD34: =MAX(0,AC34-AB34) -> 1600 | AE34: =AD34/WATER!V35 -> 4.8338369 | AF34: =AD34-AD33 -> 100 | AG34: =(AD34/#REF!)*100 -> #REF! | AH34: =AI33 -> 1147493 | AI34: 1148003 | AJ34: =MAX(0,AI34-AH34) -> 510 | AK34: =AJ34-AJ33 -> -4 | AL34: =(AJ34/#REF!)*100 -> #REF! | AM34: =AN33 -> 1181500 | AN34: 1182200 | AO34: =MAX(0,AN34-AM34) -> 700 | AP34: =AO34-AO33 -> 0 | AQ34: =(AO34/#REF!)*100 -> #REF! | AR34: =AS33 -> 2669900 | AS34: 2671600 | AT34: =MAX(0,AS34-AR34) -> 1700 | AU34: =AT34-AT33 -> -200 | AV34: =(AT34/#REF!)*100 -> #REF! | AW34: =AX33 -> 59799 | AX34: 60151 | AY34: =MAX(0,AX34-AW34) -> 352 | AZ34: =AY34-AY33 -> -17 | BA34: =(AY34/#REF!)*100 -> #REF! | BB34: =BC33 -> 1044000 | BC34: 1044300 | BD34: =MAX(0,BC34-BB34) -> 300 | BE34: =BD34-BD33 -> -200 | BF34: =(BD34/#REF!)*100 -> #REF! | BG34: =BH33 -> 1107200 | BH34: 1107400 | BI34: =MAX(0,BH34-BG34) -> 200 | BJ34: =BI34-BI33 -> -100 | BK34: =(BI34/#REF!)*100 -> #REF! | BL34: =BM33 -> 1657300 | BM34: 1657800 | BN34: =MAX(0,BM34-BL34) -> 500 | BO34: =BN34-BN33 -> 0 | BP34: =(BN34/#REF!)*100 -> #REF! | BQ34: =BR33 -> 153140 | BR34: 153250 | BS34: =MAX(0,BR34-BQ34) -> 110 | BT34: =BS34-BS33 -> 0 | BU34: =(BS34/#REF!)*100 -> #REF! | BV34: =BW33 -> 633000 | BW34: 633330 | BX34: =MAX(0,BW34-BV34) -> 330 | BY34: =BX34-BX33 -> -10 | BZ34: =(BX34/#REF!)*100 -> #REF! | CA34: =CB33 -> 1221200 | CB34: 1222400 | CC34: =MAX(0,CB34-CA34) -> 1200 | CD34: =CC34-CC33 -> 100 | CE34: =(CC34/#REF!)*100 -> #REF! | CF34: =CG33 -> 405270 | CG34: 405660 | CH34: =MAX(0,CG34-CF34) -> 390 | CI34: =CH34-CH33 -> -40 | CJ34: =(CH34/#REF!)*100 -> #REF! | CK34: =CL33 -> 931310 | CL34: 932120 | CM34: =MAX(0,CL34-CK34) -> 810 | CN34: =CM34-CM33 -> 20 | CO34: =(CM34/#REF!)*100 -> #REF! | CP34: =CQ33 -> 775820 | CQ34: 776650 | CR34: =MAX(0,CQ34-CP34) -> 830 | CS34: =CR34-CR33 -> 50 | CT34: =(CR34/#REF!)*100 -> #REF! | CU34: =CV33 -> 638200 | CV34: 638700 | CW34: =MAX(0,CV34-CU34) -> 500 | CX34: =CW34-CW33 -> 50 | CY34: =(CW34/#REF!)*100 -> #REF! | CZ34: =DA33 -> 1066300 | DA34: 1067300 | DB34: =MAX(0,DA34-CZ34) -> 1000 | DC34: =DB34-DB33 -> 0 | DD34: =(DB34/#REF!)*100 -> #REF! | DE34: =DF33 -> 818400 | DF34: 819260 | DG34: =MAX(0,DF34-DE34) -> 860 | DH34: =DG34-DG33 -> 290 | DI34: =(DG34/#REF!)*100 -> #REF! | DJ34: =DK33 -> 703260 | DK34: 703860 | DL34: =MAX(0,DK34-DJ34) -> 600 | DM34: =DL34-DL33 -> 130 | DN34: =(DL34/#REF!)*100 -> #REF! | DO34: =DP33 -> 381620 | DP34: 381950 | DQ34: =MAX(0,DP34-DO34) -> 330 | DR34: =DQ34-DQ33 -> 10 | DS34: =(DQ34/#REF!)*100 -> #REF! | DT34: =DU33 -> 129730 | DU34: 129860 | DV34: =MAX(0,DU34-DT34) -> 130 | DW34: =DV34-DV33 -> 20 | DX34: =(DV34/#REF!)*100 -> #REF! | DY34: =DZ33 -> 835590 | DZ34: 836610 | EA34: =MAX(0,DZ34-DY34) -> 1020 | EB34: =EA34-EA33 -> 110 | EC34: =(EA34/#REF!)*100 -> #REF! | ED34: =EE33 -> 264060 | EE34: 264370 | EF34: =MAX(0,EE34-ED34) -> 310 | EG34: =EF34-EF33 -> 60 | EH34: =(EF34/#REF!)*100 -> #REF! | EI34: =EJ33 -> 302710 | EJ34: 303080 | EK34: =MAX(0,EJ34-EI34) -> 370 | EL34: =EK34-EK33 -> -30 | EM34: =(EK34/#REF!)*100 -> #REF! | EN34: =EO33 -> 488880 | EO34: 489420 | EP34: =MAX(0,EO34-EN34) -> 540 | EQ34: =EP34-EP33 -> 20 | ER34: =(EP34/#REF!)*100 -> #REF! | ES34: =ET33 -> 0 | EU34: =MAX(0,ET34-ES34) -> 0 | EV34: =EU34-EU33 -> 0 | EW34: =(EU34/#REF!)*100 -> #REF! | EX34: =EY33 -> 0 | EZ34: =MAX(0,EY34-EX34) -> 0 | FA34: =EZ34-EZ33 -> 0 | FB34: =(EZ34/#REF!)*100 -> #REF! | FC34: =FD33 -> 0 | FE34: =MAX(0,FD34-FC34) -> 0 | FF34: =FE34-FE33 -> 0 | FG34: =(FE34/#REF!)*100 -> #REF! | FM34: =FN33 -> 0 | FO34: =MAX(0,FN34-FM34) -> 0 | FP34: =FO34-FO33 -> 0 | FQ34: =(FO34/#REF!)*100 -> #REF! | FR34: =FS33 -> 0 | FT34: =MAX(0,FS34-FR34) -> 0 | FU34: =FT34-FT33 -> 0 | FV34: =(FT34/#REF!)*100 -> #REF! | FW34: =FX33 -> 0 | FY34: =MAX(0,FX34-FW34) -> 0 | FZ34: =FY34-FY33 -> 0 | GA34: =(FY34/#REF!)*100 -> #REF! | GC34: =SUM(E34+J34) -> 7402 | GE34: =SUM(T34+Y34+EA34+EF34+EK34+EP34) -> 7207 | GG34: =SUM(AO34+AT34) -> 2400 | GI34: =SUM(AY34+BD34+BI34) -> 852 | GK34: =SUM(BN34+BS34+EU34) -> 610 | GM34: =SUM(EZ34+FE34) -> 0
A35: 31 | B35: =#REF! -> #REF! | C35: =D34 -> 27531446 | D35: 27535247 | E35: =MAX(0,D35-C35) -> 3801 | F35: =E35-E34 -> 323 | G35: =(E35/#REF!)*100 -> #REF! | H35: =I34 -> 25482676 | I35: 25486753 | J35: =MAX(0,I35-H35) -> 4077 | K35: =J35-J34 -> 153 | L35: =(J35/#REF!)*100 -> #REF! | M35: =N34 -> 93523892 | N35: 93534766 | O35: =MAX(0,N35-M35) -> 10874 | P35: =O35-O34 -> 98 | Q35: =(O35/#REF!)*100 -> #REF! | R35: =S34 -> 3355100 | S35: 3357200 | T35: =MAX(0,S35-R35) -> 2100 | U35: =T35-T34 -> 0 | V35: =(T35/#REF!)*100 -> #REF! | W35: =X34 -> 4490099 | X35: 4493021 | Y35: =MAX(0,X35-W35) -> 2922 | Z35: =Y35-Y34 -> 55 | AA35: =(Y35/#REF!)*100 -> #REF! | AB35: =AC34 -> 2914600 | AC35: 2916300 | AD35: =MAX(0,AC35-AB35) -> 1700 | AE35: =AD35/WATER!V36 -> 5.4487179 | AF35: =AD35-AD34 -> 100 | AG35: =(AD35/#REF!)*100 -> #REF! | AH35: =AI34 -> 1148003 | AI35: 1148515 | AJ35: =MAX(0,AI35-AH35) -> 512 | AK35: =AJ35-AJ34 -> 2 | AL35: =(AJ35/#REF!)*100 -> #REF! | AM35: =AN34 -> 1182200 | AN35: 1182900 | AO35: =MAX(0,AN35-AM35) -> 700 | AP35: =AO35-AO34 -> 0 | AQ35: =(AO35/#REF!)*100 -> #REF! | AR35: =AS34 -> 2671600 | AS35: 2673200 | AT35: =MAX(0,AS35-AR35) -> 1600 | AU35: =AT35-AT34 -> -100 | AV35: =(AT35/#REF!)*100 -> #REF! | AW35: =AX34 -> 60151 | AX35: 60508 | AY35: =MAX(0,AX35-AW35) -> 357 | AZ35: =AY35-AY34 -> 5 | BA35: =(AY35/#REF!)*100 -> #REF! | BB35: =BC34 -> 1044300 | BC35: 1044700 | BD35: =MAX(0,BC35-BB35) -> 400 | BE35: =BD35-BD34 -> 100 | BF35: =(BD35/#REF!)*100 -> #REF! | BG35: =BH34 -> 1107400 | BH35: 1107700 | BI35: =MAX(0,BH35-BG35) -> 300 | BJ35: =BI35-BI34 -> 100 | BK35: =(BI35/#REF!)*100 -> #REF! | BL35: =BM34 -> 1657800 | BM35: 1658300 | BN35: =MAX(0,BM35-BL35) -> 500 | BO35: =BN35-BN34 -> 0 | BP35: =(BN35/#REF!)*100 -> #REF! | BQ35: =BR34 -> 153250 | BR35: 153360 | BS35: =MAX(0,BR35-BQ35) -> 110 | BT35: =BS35-BS34 -> 0 | BU35: =(BS35/#REF!)*100 -> #REF! | BV35: =BW34 -> 633330 | BW35: 633640 | BX35: =MAX(0,BW35-BV35) -> 310 | BY35: =BX35-BX34 -> -20 | BZ35: =(BX35/#REF!)*100 -> #REF! | CA35: =CB34 -> 1222400 | CB35: 1223500 | CC35: =MAX(0,CB35-CA35) -> 1100 | CD35: =CC35-CC34 -> -100 | CE35: =(CC35/#REF!)*100 -> #REF! | CF35: =CG34 -> 405660 | CG35: 406090 | CH35: =MAX(0,CG35-CF35) -> 430 | CI35: =CH35-CH34 -> 40 | CJ35: =(CH35/#REF!)*100 -> #REF! | CK35: =CL34 -> 932120 | CL35: 933030 | CM35: =MAX(0,CL35-CK35) -> 910 | CN35: =CM35-CM34 -> 100 | CO35: =(CM35/#REF!)*100 -> #REF! | CP35: =CQ34 -> 776650 | CQ35: 777600 | CR35: =MAX(0,CQ35-CP35) -> 950 | CS35: =CR35-CR34 -> 120 | CT35: =(CR35/#REF!)*100 -> #REF! | CU35: =CV34 -> 638700 | CV35: 639240 | CW35: =MAX(0,CV35-CU35) -> 540 | CX35: =CW35-CW34 -> 40 | CY35: =(CW35/#REF!)*100 -> #REF! | CZ35: =DA34 -> 1067300 | DA35: 1068200 | DB35: =MAX(0,DA35-CZ35) -> 900 | DC35: =DB35-DB34 -> -100 | DD35: =(DB35/#REF!)*100 -> #REF! | DE35: =DF34 -> 819260 | DF35: 820060 | DG35: =MAX(0,DF35-DE35) -> 800 | DH35: =DG35-DG34 -> -60 | DI35: =(DG35/#REF!)*100 -> #REF! | DJ35: =DK34 -> 703860 | DK35: 704430 | DL35: =MAX(0,DK35-DJ35) -> 570 | DM35: =DL35-DL34 -> -30 | DN35: =(DL35/#REF!)*100 -> #REF! | DO35: =DP34 -> 381950 | DP35: 382290 | DQ35: =MAX(0,DP35-DO35) -> 340 | DR35: =DQ35-DQ34 -> 10 | DS35: =(DQ35/#REF!)*100 -> #REF! | DT35: =DU34 -> 129860 | DU35: 129980 | DV35: =MAX(0,DU35-DT35) -> 120 | DW35: =DV35-DV34 -> -10 | DX35: =(DV35/#REF!)*100 -> #REF! | DY35: =DZ34 -> 836610 | DZ35: 837610 | EA35: =MAX(0,DZ35-DY35) -> 1000 | EB35: =EA35-EA34 -> -20 | EC35: =(EA35/#REF!)*100 -> #REF! | ED35: =EE34 -> 264370 | EE35: 264640 | EF35: =MAX(0,EE35-ED35) -> 270 | EG35: =EF35-EF34 -> -40 | EH35: =(EF35/#REF!)*100 -> #REF! | EI35: =EJ34 -> 303080 | EJ35: 303460 | EK35: =MAX(0,EJ35-EI35) -> 380 | EL35: =EK35-EK34 -> 10 | EM35: =(EK35/#REF!)*100 -> #REF! | EN35: =EO34 -> 489420 | EO35: 489950 | EP35: =MAX(0,EO35-EN35) -> 530 | EQ35: =EP35-EP34 -> -10 | ER35: =(EP35/#REF!)*100 -> #REF! | ES35: =ET34 -> 0 | EU35: =MAX(0,ET35-ES35) -> 0 | EV35: =EU35-EU34 -> 0 | EW35: =(EU35/#REF!)*100 -> #REF! | EX35: =EY34 -> 0 | EZ35: =MAX(0,EY35-EX35) -> 0 | FA35: =EZ35-EZ34 -> 0 | FB35: =(EZ35/#REF!)*100 -> #REF! | FC35: =FD34 -> 0 | FE35: =MAX(0,FD35-FC35) -> 0 | FF35: =FE35-FE34 -> 0 | FG35: =(FE35/#REF!)*100 -> #REF! | FM35: =FN34 -> 0 | FO35: =MAX(0,FN35-FM35) -> 0 | FP35: =FO35-FO34 -> 0 | FQ35: =(FO35/#REF!)*100 -> #REF! | FR35: =FS34 -> 0 | FT35: =MAX(0,FS35-FR35) -> 0 | FU35: =FT35-FT34 -> 0 | FV35: =(FT35/#REF!)*100 -> #REF! | FW35: =FX34 -> 0 | FY35: =MAX(0,FX35-FW35) -> 0 | FZ35: =FY35-FY34 -> 0 | GA35: =(FY35/#REF!)*100 -> #REF! | GC35: =SUM(E35+J35) -> 7878 | GE35: =SUM(T35+Y35+EA35+EF35+EK35+EP35) -> 7202 | GG35: =SUM(AO35+AT35) -> 2300 | GI35: =SUM(AY35+BD35+BI35) -> 1057 | GK35: =SUM(BN35+BS35+EU35) -> 610 | GM35: =SUM(EZ35+FE35) -> 0
A36: Total | E36: =SUM(E5:E35) -> 120447 | J36: =SUM(J5:J35) -> 131861 | O36: =SUM(O5:O35) -> 355022 | T36: =SUM(T5:T35) -> 69100 | Y36: =SUM(Y5:Y35) -> 89696 | AD36: =SUM(AD5:AD35) -> 56700 | AJ36: =SUM(AJ5:AJ35) -> 14627 | AO36: =SUM(AO5:AO35) -> 21600 | AT36: =SUM(AT5:AT35) -> 63400 | AY36: =SUM(AY5:AY35) -> 12593 | BD36: =SUM(BD5:BD35) -> 12700 | BI36: =SUM(BI5:BI35) -> 9000 | BN36: =SUM(BN5:BN35) -> 17200 | BS36: =SUM(BS5:BS35) -> 3700 | BX36: =SUM(BX5:BX35) -> 11030 | CC36: =SUM(CC5:CC35) -> 36600 | CH36: =SUM(CH5:CH35) -> 13730 | CM36: =SUM(CM5:CM35) -> 30370 | CR36: =SUM(CR5:CR35) -> 27640 | CW36: =SUM(CW5:CW35) -> 20040 | DB36: =SUM(DB5:DB35) -> 30700 | DG36: =SUM(DG5:DG35) -> 23890 | DL36: =SUM(DL5:DL35) -> 18120 | DQ36: =SUM(DQ5:DQ35) -> 10170 | DV36: =SUM(DV5:DV35) -> 4120 | EA36: =SUM(EA5:EA35) -> 30480 | EF36: =SUM(EF5:EF35) -> 8920 | EK36: =SUM(EK5:EK35) -> 12310 | EP36: =SUM(EP5:EP35) -> 17020 | EU36: =SUM(EU5:EU34) -> 0 | EZ36: =SUM(EZ5:EZ35) -> 0 | FE36: =SUM(FE5:FE35) -> 0 | FO36: =SUM(FO5:FO34) -> 0

Sheet WATER
A1: RO Plant Water Production Reading | AA1: Water Consumption by locations
A3: Month | C3: {='FEEDER Consumption '!A1:C1} -> 44928 | D3: 0 | E3: 0
A4: R/O Plant A | F4: R/O Plant B | K4: R/O Plant C | P4: R/O Plant D | U4: Total Production - Average Prod 380 m3 | AA4: Laundry - Avg Consumption 28 m3 | AG4: Staff Block - E0 - Avg Consumption 6 m3 | AL4: Staff Block - E1 - Avg Consumption 10 m3 | AQ4: Staff Block - E2 - Avg Consumption 13 m3 | AV4: Staff Block - E3 -Avg Consumption 8 m3 | BA4: Staff Block - E4 - Avg Consumption 7 m3 | BF4: Staff Block - E5 - Avg Consumption 10 m3 | BK4: Management Block - Avg Consumption 6 m3 | BP4: PC Block - Avg Consumption 2 m3 | BU4: GM Bungalow - Avg Consumption 1 m3 | BZ4: Boat Dock - Avg Consumption 4.5 m3 | CE4: Supply Jetty - Avg Consumption 2.5 m3 | CJ4: Main Kitchen - Avg Consumption 30 m3 | CO4: Day Facility - Avg Consumption 3 m3 | CT4: Reception - Avg Consumption 1 m3 | CY4: Main Pool- Avg Consumption 5 m3 | DD4: Dive Center - Avg Consumption 4 m3 | DI4: Albarakthu - Avg Consumption 2 m3 | DN4: Blu Resturant - Avg Consumption 20 m3 | DS4: Main Jetty - Avg Consumption 2 m3 | DX4: Landaa Estate - Avg Consumption 2 m3 | EC4: TG Group | EF4: 3rd Party Kitchen | EI4: HRD | EL4: Jiaz | EO4: Hikawi | ER4: Orchid Garden | EU4: Spa Auvrevdic | EX4: 227 Pantry | FA4: Spa Garden 1 - GKM21A303117A | FD4: Hose 1 | FG4: Hose 2 | FJ4: Hose 3 | FM4: Hose 4 | FP4: Main Pool
