Workbook

Sheet TOTAL
A1: Site Name | B1: Day | C1: Month | D1: Year | E1: Total Electricity Kwh | F1: Electricity Tariff ($/Kwh) | G1: Natual Gas (m3) | H1: Natural Gas $/m3 | I1: Water Utility Supply (m3) m3 | J1: Water Utility Supply (m3) $/m3 | K1: District Energy Heating Kwh | L1: District Energy Heating $/Kwh | M1: Room Nights | N1: Total Guests
A2: Seattle | B2: 1 | C2: 2 | D2: 2023 | E2: =IF('Submetering '!E3+'Submetering '!F3+'Submetering '!G3+'Submetering '!H3+'Submetering '!I3+'Submetering '!J3+'Submetering '!K3+'Submetering '!L3>0,'Submetering '!E3+'Submetering '!F3+'Submetering '!G3+'Submetering '!H3+'Submetering '!I3+'Submetering '!J3+'Submetering '!K3+'Submetering '!L3,0) -> 196 | F2: 0.04505015 | G2: =IF(('Submetering '!M3)*2.8>0,('Submetering '!M3)*2.8,0) -> 1103.2 | H2: 0.2281817 | I2: =IF(('Submetering '!N3+'Submetering '!O3)*2.83>0,('Submetering '!N3+'Submetering '!O3)*2.83,0) -> 168.951 | J2: 7.4882148 | K2: =IF(('Submetering '!P3+'Submetering '!Q3)*346.26>0,('Submetering '!P3+'Submetering '!Q3)*346.26,0) -> 22860.085 | L2: 0.089402633 | M2: 71 | N2: 93
A3: Seattle | B3: =B2+1 -> 2 | C3: 2 | D3: 2023 | E3: =IF('Submetering '!E4+'Submetering '!F4+'Submetering '!G4+'Submetering '!H4+'Submetering '!I4+'Submetering '!J4+'Submetering '!K4+'Submetering '!L4>0,'Submetering '!E4+'Submetering '!F4+'Submetering '!G4+'Submetering '!H4+'Submetering '!I4+'Submetering '!J4+'Submetering '!K4+'Submetering '!L4,0) -> 204 | F3: 0.04505015 | G3: =IF(('Submetering '!M4)*2.8>0,('Submetering '!M4)*2.8,0) -> 1108.8 | H3: 0.2281817 | I3: =IF(('Submetering '!N4+'Submetering '!O4)*2.83>0,('Submetering '!N4+'Submetering '!O4)*2.83,0) -> 161.7062 | J3: 7.4882148 | K3: =IF(('Submetering '!P4+'Submetering '!Q4)*346.26>0,('Submetering '!P4+'Submetering '!Q4)*346.26,0) -> 22984.739 | L3: 0.089402633 | M3: 49 | N3: 70
A4: Seattle | B4: =B3+1 -> 3 | C4: 2 | D4: 2023 | E4: =IF('Submetering '!E5+'Submetering '!F5+'Submetering '!G5+'Submetering '!H5+'Submetering '!I5+'Submetering '!J5+'Submetering '!K5+'Submetering '!L5>0,'Submetering '!E5+'Submetering '!F5+'Submetering '!G5+'Submetering '!H5+'Submetering '!I5+'Submetering '!J5+'Submetering '!K5+'Submetering '!L5,0) -> 211 | F4: 0.04505015 | G4: =IF(('Submetering '!M5)*2.8>0,('Submetering '!M5)*2.8,0) -> 1128.4 | H4: 0.2281817 | I4: =IF(('Submetering '!N5+'Submetering '!O5)*2.83>0,('Submetering '!N5+'Submetering '!O5)*2.83,0) -> 175.0355 | J4: 7.4882148 | K4: =IF(('Submetering '!P5+'Submetering '!Q5)*346.26>0,('Submetering '!P5+'Submetering '!Q5)*346.26,0) -> 23310.223 | L4: 0.089402633 | M4: 46 | N4: 75
A5: Seattle | B5: =B4+1 -> 4 | C5: 2 | D5: 2023 | E5: =IF('Submetering '!E6+'Submetering '!F6+'Submetering '!G6+'Submetering '!H6+'Submetering '!I6+'Submetering '!J6+'Submetering '!K6+'Submetering '!L6>0,'Submetering '!E6+'Submetering '!F6+'Submetering '!G6+'Submetering '!H6+'Submetering '!I6+'Submetering '!J6+'Submetering '!K6+'Submetering '!L6,0) -> 205 | F5: 0.04505015 | G5: =IF(('Submetering '!M6)*2.8>0,('Submetering '!M6)*2.8,0) -> 1167.6 | H5: 0.2281817 | I5: =IF(('Submetering '!N6+'Submetering '!O6)*2.83>0,('Submetering '!N6+'Submetering '!O6)*2.83,0) -> 145.6035 | J5: 7.4882148 | K5: =IF(('Submetering '!P6+'Submetering '!Q6)*346.26>0,('Submetering '!P6+'Submetering '!Q6)*346.26,0) -> 22333.77 | L5: 0.089402633 | M5: 39 | N5: 62
A6: Seattle | B6: =B5+1 -> 5 | C6: 2 | D6: 2023 | E6: =IF('Submetering '!E7+'Submetering '!F7+'Submetering '!G7+'Submetering '!H7+'Submetering '!I7+'Submetering '!J7+'Submetering '!K7+'Submetering '!L7>0,'Submetering '!E7+'Submetering '!F7+'Submetering '!G7+'Submetering '!H7+'Submetering '!I7+'Submetering '!J7+'Submetering '!K7+'Submetering '!L7,0) -> 210 | F6: 0.04505015 | G6: =IF(('Submetering '!M7)*2.8>0,('Submetering '!M7)*2.8,0) -> 1173.2 | H6: 0.2281817 | I6: =IF(('Submetering '!N7+'Submetering '!O7)*2.83>0,('Submetering '!N7+'Submetering '!O7)*2.83,0) -> 199.3169 | J6: 7.4882148 | K6: =IF(('Submetering '!P7+'Submetering '!Q7)*346.26>0,('Submetering '!P7+'Submetering '!Q7)*346.26,0) -> 23628.782 | L6: 0.089402633 | M6: 51 | N6: 69
A7: Seattle | B7: =B6+1 -> 6 | C7: 2 | D7: 2023 | E7: =IF('Submetering '!E8+'Submetering '!F8+'Submetering '!G8+'Submetering '!H8+'Submetering '!I8+'Submetering '!J8+'Submetering '!K8+'Submetering '!L8>0,'Submetering '!E8+'Submetering '!F8+'Submetering '!G8+'Submetering '!H8+'Submetering '!I8+'Submetering '!J8+'Submetering '!K8+'Submetering '!L8,0) -> 203 | F7: 0.04505015 | G7: =IF(('Submetering '!M8)*2.8>0,('Submetering '!M8)*2.8,0) -> 1122.8 | H7: 0.2281817 | I7: =IF(('Submetering '!N8+'Submetering '!O8)*2.83>0,('Submetering '!N8+'Submetering '!O8)*2.83,0) -> 201.4677 | J7: 7.4882148 | K7: =IF(('Submetering '!P8+'Submetering '!Q8)*346.26>0,('Submetering '!P8+'Submetering '!Q8)*346.26,0) -> 23878.09 | L7: 0.089402633 | M7: 102 | N7: 123
A8: Seattle | B8: =B7+1 -> 7 | C8: 2 | D8: 2023 | E8: =IF('Submetering '!E9+'Submetering '!F9+'Submetering '!G9+'Submetering '!H9+'Submetering '!I9+'Submetering '!J9+'Submetering '!K9+'Submetering '!L9>0,'Submetering '!E9+'Submetering '!F9+'Submetering '!G9+'Submetering '!H9+'Submetering '!I9+'Submetering '!J9+'Submetering '!K9+'Submetering '!L9,0) -> 207 | F8: 0.04505015 | G8: =IF(('Submetering '!M9)*2.8>0,('Submetering '!M9)*2.8,0) -> 1117.2 | H8: 0.2281817 | I8: =IF(('Submetering '!N9+'Submetering '!O9)*2.83>0,('Submetering '!N9+'Submetering '!O9)*2.83,0) -> 163.6872 | J8: 7.4882148 | K8: =IF(('Submetering '!P9+'Submetering '!Q9)*346.26>0,('Submetering '!P9+'Submetering '!Q9)*346.26,0) -> 24459.806 | L8: 0.089402633 | M8: 98 | N8: 121
A9: Seattle | B9: =B8+1 -> 8 | C9: 2 | D9: 2023 | E9: =IF('Submetering '!E10+'Submetering '!F10+'Submetering '!G10+'Submetering '!H10+'Submetering '!I10+'Submetering '!J10+'Submetering '!K10+'Submetering '!L10>0,'Submetering '!E10+'Submetering '!F10+'Submetering '!G10+'Submetering '!H10+'Submetering '!I10+'Submetering '!J10+'Submetering '!K10+'Submetering '!L10,0) -> 202 | F9: 0.04505015 | G9: =IF(('Submetering '!M10)*2.8>0,('Submetering '!M10)*2.8,0) -> 1097.6 | H9: 0.2281817 | I9: =IF(('Submetering '!N10+'Submetering '!O10)*2.83>0,('Submetering '!N10+'Submetering '!O10)*2.83,0) -> 123.3031 | J9: 7.4882148 | K9: =IF(('Submetering '!P10+'Submetering '!Q10)*346.26>0,('Submetering '!P10+'Submetering '!Q10)*346.26,0) -> 23053.991 | L9: 0.089402633 | M9: 119 | N9: 146
A10: Seattle | B10: =B9+1 -> 9 | C10: 2 | D10: 2023 | E10: =IF('Submetering '!E11+'Submetering '!F11+'Submetering '!G11+'Submetering '!H11+'Submetering '!I11+'Submetering '!J11+'Submetering '!K11+'Submetering '!L11>0,'Submetering '!E11+'Submetering '!F11+'Submetering '!G11+'Submetering '!H11+'Submetering '!I11+'Submetering '!J11+'Submetering '!K11+'Submetering '!L11,0) -> 194 | F10: 0.04505015 | G10: =IF(('Submetering '!M11)*2.8>0,('Submetering '!M11)*2.8,0) -> 1134 | H10: 0.2281817 | I10: =IF(('Submetering '!N11+'Submetering '!O11)*2.83>0,('Submetering '!N11+'Submetering '!O11)*2.83,0) -> 321.6578 | J10: 7.4882148 | K10: =IF(('Submetering '!P11+'Submetering '!Q11)*346.26>0,('Submetering '!P11+'Submetering '!Q11)*346.26,0) -> 23573.381 | L10: 0.089402633 | M10: 74 | N10: 99
A11: Seattle | B11: =B10+1 -> 10 | C11: 2 | D11: 2023 | E11: =IF('Submetering '!E12+'Submetering '!F12+'Submetering '!G12+'Submetering '!H12+'Submetering '!I12+'Submetering '!J12+'Submetering '!K12+'Submetering '!L12>0,'Submetering '!E12+'Submetering '!F12+'Submetering '!G12+'Submetering '!H12+'Submetering '!I12+'Submetering '!J12+'Submetering '!K12+'Submetering '!L12,0) -> 221 | F11: 0.04505015 | G11: =IF(('Submetering '!M12)*2.8>0,('Submetering '!M12)*2.8,0) -> 1131.2 | H11: 0.2281817 | I11: =IF(('Submetering '!N12+'Submetering '!O12)*2.83>0,('Submetering '!N12+'Submetering '!O12)*2.83,0) -> 194.0531 | J11: 7.4882148 | K11: =IF(('Submetering '!P12+'Submetering '!Q12)*346.26>0,('Submetering '!P12+'Submetering '!Q12)*346.26,0) -> 22963.963 | L11: 0.089402633 | M11: 52 | N11: 95
A12: Seattle | B12: =B11+1 -> 11 | C12: 2 | D12: 2023 | E12: =IF('Submetering '!E13+'Submetering '!F13+'Submetering '!G13+'Submetering '!H13+'Submetering '!I13+'Submetering '!J13+'Submetering '!K13+'Submetering '!L13>0,'Submetering '!E13+'Submetering '!F13+'Submetering '!G13+'Submetering '!H13+'Submetering '!I13+'Submetering '!J13+'Submetering '!K13+'Submetering '!L13,0) -> 208 | F12: 0.04505015 | G12: =IF(('Submetering '!M13)*2.8>0,('Submetering '!M13)*2.8,0) -> 1131.2 | H12: 0.2281817 | I12: =IF(('Submetering '!N13+'Submetering '!O13)*2.83>0,('Submetering '!N13+'Submetering '!O13)*2.83,0) -> 174.2148 | J12: 7.4882148 | K12: =IF(('Submetering '!P13+'Submetering '!Q13)*346.26>0,('Submetering '!P13+'Submetering '!Q13)*346.26,0) -> 24349.003 | L12: 0.089402633 | M12: 55 | N12: 101
A13: Seattle | B13: =B12+1 -> 12 | C13: 2 | D13: 2023 | E13: =IF('Submetering '!E14+'Submetering '!F14+'Submetering '!G14+'Submetering '!H14+'Submetering '!I14+'Submetering '!J14+'Submetering '!K14+'Submetering '!L14>0,'Submetering '!E14+'Submetering '!F14+'Submetering '!G14+'Submetering '!H14+'Submetering '!I14+'Submetering '!J14+'Submetering '!K14+'Submetering '!L14,0) -> 206 | F13: 0.04505015 | G13: =IF(('Submetering '!M14)*2.8>0,('Submetering '!M14)*2.8,0) -> 1198.4 | H13: 0.2281817 | I13: =IF(('Submetering '!N14+'Submetering '!O14)*2.83>0,('Submetering '!N14+'Submetering '!O14)*2.83,0) -> 186.0442 | J13: 7.4882148 | K13: =IF(('Submetering '!P14+'Submetering '!Q14)*346.26>0,('Submetering '!P14+'Submetering '!Q14)*346.26,0) -> 26578.918 | L13: 0.089402633 | M13: 46 | N13: 69
A14: Seattle | B14: =B13+1 -> 13 | C14: 2 | D14: 2023 | E14: =IF('Submetering '!E15+'Submetering '!F15+'Submetering '!G15+'Submetering '!H15+'Submetering '!I15+'Submetering '!J15+'Submetering '!K15+'Submetering '!L15>0,'Submetering '!E15+'Submetering '!F15+'Submetering '!G15+'Submetering '!H15+'Submetering '!I15+'Submetering '!J15+'Submetering '!K15+'Submetering '!L15,0) -> 203 | F14: 0.04505015 | G14: =IF(('Submetering '!M15)*2.8>0,('Submetering '!M15)*2.8,0) -> 1145.2 | H14: 0.2281817 | I14: =IF(('Submetering '!N15+'Submetering '!O15)*2.83>0,('Submetering '!N15+'Submetering '!O15)*2.83,0) -> 217.627 | J14: 7.4882148 | K14: =IF(('Submetering '!P15+'Submetering '!Q15)*346.26>0,('Submetering '!P15+'Submetering '!Q15)*346.26,0) -> 25934.874 | L14: 0.089402633 | M14: 66 | N14: 90
... A29: Seattle | B29: =B28+1 -> 28 | C29: 2 | D29: 2023 | E29: =IF('Submetering '!E30+'Submetering '!F30+'Submetering '!G30+'Submetering '!H30+'Submetering '!I30+'Submetering '!J30+'Submetering '!K30+'Submetering '!L30>0,'Submetering '!E30+'Submetering '!F30+'Submetering '!G30+'Submetering '!H30+'Submetering '!I30+'Submetering '!J30+'Submetering '!K30+'Submetering '!L30,0) -> 201 | F29: 0.04505015 | G29: =IF(('Submetering '!M30)*2.8>0,('Submetering '!M30)*2.8,0) -> 1148 | H29: 0.2281817 | I29: =IF(('Submetering '!N30+'Submetering '!O30)*2.83>0,('Submetering '!N30+'Submetering '!O30)*2.83,0) -> 173.5073 | J29: 7.4882148 | K29: =IF(('Submetering '!P30+'Submetering '!Q30)*346.26>0,('Submetering '!P30+'Submetering '!Q30)*346.26,0) -> 27984.733 | L29: 0.089402633 | M29: 61 | N29: 75

Sheet Submetering 
A1: Site Name | B1: Day | C1: Month | D1: Year | E1: C Level Meter 768867 | F1: C Level Meter 768898 | G1: C Level Meter 789059 | H1: C Level 796579 | I1: C Level 796593 | J1: D Level 789073 | K1: 16th FL N 788970 | L1: 19th FL S 798644 | M1: Gas meter | N1: Domestic Water South | O1: Domestic Water North | P1: Condensate 1 (Steam 103-G) | Q1: Condensate 2 (Steam 7034-G)
A3: Seattle | B3: 1 | C3: 2 | D3: 2023 | E3: =DAILY!C4-DAILY!B4 -> 15 | F3: =DAILY!$C$5-DAILY!$B$5 -> 21 | G3: =DAILY!$C$6-DAILY!$B$6 -> 8 | H3: =DAILY!$C$7-DAILY!$B$7 -> 41 | I3: =DAILY!$C$8-DAILY!$B$8 -> 11 | J3: =DAILY!$C$9-DAILY!$B$9 -> 0 | K3: =DAILY!$C$10-DAILY!$B$10 -> 6 | L3: =DAILY!$C$11-DAILY!$B$11 -> 94 | M3: =DAILY!$C$12-DAILY!$B$12 -> 394 | N3: =DAILY!$C$13-DAILY!$B$13 -> 59.7 | O3: =DAILY!$C$14-DAILY!$B$14 -> 0 | P3: =DAILY!$C$15-DAILY!$B$15 -> 46.44 | Q3: =DAILY!$C$16-DAILY!$B$16 -> 19.58
A4: Seattle | B4: =B3+1 -> 2 | C4: 2 | D4: 2023 | E4: =DAILY!D4-DAILY!C4 -> 16 | F4: =DAILY!$D$5-DAILY!$C$5 -> 21 | G4: =DAILY!$D$6-DAILY!$C$6 -> 9 | H4: =DAILY!$D$7-DAILY!$C$7 -> 44 | I4: =DAILY!$D$8-DAILY!$C$8 -> 11 | J4: =DAILY!$D$9-DAILY!$C$9 -> 1 | K4: =DAILY!$D$10-DAILY!$C$10 -> 5 | L4: =DAILY!$D$11-DAILY!$C$11 -> 97 | M4: =DAILY!$D$12-DAILY!$C$12 -> 396 | N4: =DAILY!$D$13-DAILY!$C$13 -> 57.14 | O4: =DAILY!$D$14-DAILY!$C$14 -> 0 | P4: =DAILY!$D$15-DAILY!$C$15 -> 47.1 | Q4: =DAILY!$D$16-DAILY!$C$16 -> 19.28
A5: Seattle | B5: =B4+1 -> 3 | C5: 2 | D5: 2023 | E5: =DAILY!E4-DAILY!D4 -> 16 | F5: =DAILY!$E$5-DAILY!$D$5 -> 22 | G5: =DAILY!$E$6-DAILY!$D$6 -> 10 | H5: =DAILY!$E$7-DAILY!$D$7 -> 45 | I5: =DAILY!$E$8-DAILY!$D$8 -> 13 | J5: =DAILY!$E$9-DAILY!$D$9 -> 0 | K5: =DAILY!$E$10-DAILY!$D$10 -> 5 | L5: =DAILY!$E$11-DAILY!$D$11 -> 100 | M5: =DAILY!$E$12-DAILY!$D$12 -> 403 | N5: =DAILY!$E$13-DAILY!$D$13 -> 61.85 | O5: =DAILY!$E$14-DAILY!$D$14 -> 0 | P5: =DAILY!$E$15-DAILY!$D$15 -> 47.82 | Q5: =DAILY!$E$16-DAILY!$D$16 -> 19.5
A6: Seattle | B6: =B5+1 -> 4 | C6: 2 | D6: 2023 | E6: =DAILY!F4-DAILY!E4 -> 16 | F6: =DAILY!$F$5-DAILY!$E$5 -> 23 | G6: =DAILY!$F$6-DAILY!$E$6 -> 9 | H6: =DAILY!$F$7-DAILY!$E$7 -> 44 | I6: =DAILY!$F$8-DAILY!$E$8 -> 12 | J6: =DAILY!$F$9-DAILY!$E$9 -> 0 | K6: =DAILY!$F$10-DAILY!$E$10 -> 5 | L6: =DAILY!$F$11-DAILY!$E$11 -> 96 | M6: =DAILY!$F$12-DAILY!$E$12 -> 417 | N6: =DAILY!$F$13-DAILY!$E$13 -> 51.45 | O6: =DAILY!$F$14-DAILY!$E$14 -> 0 | P6: =DAILY!$F$15-DAILY!$E$15 -> 45.9 | Q6: =DAILY!$F$16-DAILY!$E$16 -> 18.6
A7: Seattle | B7: =B6+1 -> 5 | C7: 2 | D7: 2023 | E7: =DAILY!G4-DAILY!F4 -> 16 | F7: =DAILY!$G$5-DAILY!$F$5 -> 23 | G7: =DAILY!$G$6-DAILY!$F$6 -> 9 | H7: =DAILY!$G$7-DAILY!$F$7 -> 46 | I7: =DAILY!$G$8-DAILY!$F$8 -> 14 | J7: =DAILY!$G$9-DAILY!$F$9 -> 0 | K7: =DAILY!$G$10-DAILY!$F$10 -> 6 | L7: =DAILY!$G$11-DAILY!$F$11 -> 96 | M7: =DAILY!$G$12-DAILY!$F$12 -> 419 | N7: =DAILY!$G$13-DAILY!$F$13 -> 70.43 | O7: =DAILY!$G$14-DAILY!$F$14 -> 0 | P7: =DAILY!$G$15-DAILY!$F$15 -> 48.64 | Q7: =DAILY!$G$16-DAILY!$F$16 -> 19.6
A8: Seattle | B8: =B7+1 -> 6 | C8: 2 | D8: 2023 | E8: =DAILY!H4-DAILY!G4 -> 16 | F8: =DAILY!$H$5-DAILY!$G$5 -> 22 | G8: =DAILY!$H$6-DAILY!$G$6 -> 9 | H8: =DAILY!$H$7-DAILY!$G$7 -> 44 | I8: =DAILY!$H$8-DAILY!$G$8 -> 12 | J8: =DAILY!$H$9-DAILY!$G$9 -> 0 | K8: =DAILY!$H$10-DAILY!$G$10 -> 5 | L8: =DAILY!$H$11-DAILY!$G$11 -> 95 | M8: =DAILY!$H$12-DAILY!$G$12 -> 401 | N8: =DAILY!$H$13-DAILY!$G$13 -> 71.19 | O8: =DAILY!$H$14-DAILY!$G$14 -> 0 | P8: =DAILY!$H$15-DAILY!$G$15 -> 48.68 | Q8: =DAILY!$H$16-DAILY!$G$16 -> 20.28
A9: Seattle | B9: =B8+1 -> 7 | C9: 2 | D9: 2023 | E9: =DAILY!I4-DAILY!H4 -> 15 | F9: =DAILY!$I$5-DAILY!$H$5 -> 24 | G9: =DAILY!$I$6-DAILY!$H$6 -> 9 | H9: =DAILY!$I$7-DAILY!$H$7 -> 45 | I9: =DAILY!$I$8-DAILY!$H$8 -> 13 | J9: =DAILY!$I$9-DAILY!$H$9 -> 0 | K9: =DAILY!$I$10-DAILY!$H$10 -> 5 | L9: =DAILY!$I$11-DAILY!$H$11 -> 96 | M9: =DAILY!$I$12-DAILY!$H$12 -> 399 | N9: =DAILY!$I$13-DAILY!$H$13 -> 57.84 | O9: =DAILY!$I$14-DAILY!$H$14 -> 0 | P9: =DAILY!$I$15-DAILY!$H$15 -> 49.64 | Q9: =DAILY!$I$16-DAILY!$H$16 -> 21
A10: Seattle | B10: =B9+1 -> 8 | C10: 2 | D10: 2023 | E10: =DAILY!J4-DAILY!I4 -> 16 | F10: =DAILY!$J$5-DAILY!$I$5 -> 20 | G10: =DAILY!$J$6-DAILY!$I$6 -> 8 | H10: =DAILY!$J$7-DAILY!$I$7 -> 44 | I10: =DAILY!$J$8-DAILY!$I$8 -> 12 | J10: =DAILY!$J$9-DAILY!$I$9 -> 0 | K10: =DAILY!$J$10-DAILY!$I$10 -> 6 | L10: =DAILY!$J$11-DAILY!$I$11 -> 96 | M10: =DAILY!$J$12-DAILY!$I$12 -> 392 | N10: =DAILY!$J$13-DAILY!$I$13 -> 43.57 | O10: =DAILY!$J$14-DAILY!$I$14 -> 0 | P10: =DAILY!$J$15-DAILY!$I$15 -> 46.96 | Q10: =DAILY!$J$16-DAILY!$I$16 -> 19.62
A11: Seattle | B11: =B10+1 -> 9 | C11: 2 | D11: 2023 | E11: =DAILY!K4-DAILY!J4 -> 15 | F11: =DAILY!$K$5-DAILY!$J$5 -> 23 | G11: =DAILY!$K$6-DAILY!$J$6 -> 9 | H11: =DAILY!$K$7-DAILY!$J$7 -> 35 | I11: =DAILY!$K$8-DAILY!$J$8 -> 13 | J11: =DAILY!$K$9-DAILY!$J$9 -> 0 | K11: =DAILY!$K$10-DAILY!$J$10 -> 5 | L11: =DAILY!$K$11-DAILY!$J$11 -> 94 | M11: =DAILY!$K$12-DAILY!$J$12 -> 405 | N11: =DAILY!$K$13-DAILY!$J$13 -> 113.66 | O11: =DAILY!$K$14-DAILY!$J$14 -> 0 | P11: =DAILY!$K$15-DAILY!$J$15 -> 48.08 | Q11: =DAILY!$K$16-DAILY!$J$16 -> 20
A12: Seattle | B12: =B11+1 -> 10 | C12: 2 | D12: 2023 | E12: =DAILY!L4-DAILY!K4 -> 16 | F12: =DAILY!$L$5-DAILY!$K$5 -> 22 | G12: =DAILY!$L$6-DAILY!$K$6 -> 10 | H12: =DAILY!$L$7-DAILY!$K$7 -> 54 | I12: =DAILY!$L$8-DAILY!$K$8 -> 14 | J12: =DAILY!$L$9-DAILY!$K$9 -> 0 | K12: =DAILY!$L$10-DAILY!$K$10 -> 5 | L12: =DAILY!$L$11-DAILY!$K$11 -> 100 | M12: =DAILY!$L$12-DAILY!$K$12 -> 404 | N12: =DAILY!$L$13-DAILY!$K$13 -> 68.57 | O12: =DAILY!$L$14-DAILY!$K$14 -> 0 | P12: =DAILY!$L$15-DAILY!$K$15 -> 47.14 | Q12: =DAILY!$L$16-DAILY!$K$16 -> 19.18
A13: Seattle | B13: =B12+1 -> 11 | C13: 2 | D13: 2023 | E13: =DAILY!M4-DAILY!L4 -> 16 | F13: =DAILY!$M$5-DAILY!$L$5 -> 23 | G13: =DAILY!$M$6-DAILY!$L$6 -> 10 | H13: =DAILY!$M$7-DAILY!$L$7 -> 44 | I13: =DAILY!$M$8-DAILY!$L$8 -> 12 | J13: =DAILY!$M$9-DAILY!$L$9 -> 0 | K13: =DAILY!$M$10-DAILY!$L$10 -> 6 | L13: =DAILY!$M$11-DAILY!$L$11 -> 97 | M13: =DAILY!$M$12-DAILY!$L$12 -> 404 | N13: =DAILY!$M$13-DAILY!$L$13 -> 61.56 | O13: =DAILY!$M$14-DAILY!$L$14 -> 0 | P13: =DAILY!$M$15-DAILY!$L$15 -> 49.7 | Q13: =DAILY!$M$16-DAILY!$L$16 -> 20.62
A14: Seattle | B14: =B13+1 -> 12 | C14: 2 | D14: 2023 | E14: =DAILY!N4-DAILY!M4 -> 17 | F14: =DAILY!$N$5-DAILY!$M$5 -> 22 | G14: =DAILY!$N$6-DAILY!$M$6 -> 9 | H14: =DAILY!$N$7-DAILY!$M$7 -> 48 | I14: =DAILY!$N$8-DAILY!$M$8 -> 13 | J14: =DAILY!$N$9-DAILY!$M$9 -> 0 | K14: =DAILY!$N$10-DAILY!$M$10 -> 5 | L14: =DAILY!$N$11-DAILY!$M$11 -> 92 | M14: =DAILY!$N$12-DAILY!$M$12 -> 428 | N14: =DAILY!$N$13-DAILY!$M$13 -> 65.74 | O14: =DAILY!$N$14-DAILY!$M$14 -> 0 | P14: =DAILY!$N$15-DAILY!$M$15 -> 53.9 | Q14: =DAILY!$N$16-DAILY!$M$16 -> 22.86
A15: Seattle | B15: =B14+1 -> 13 | C15: 2 | D15: 2023 | E15: =DAILY!O4-DAILY!N4 -> 16 | F15: =DAILY!$O$5-DAILY!$N$5 -> 21 | G15: =DAILY!$O$6-DAILY!$N$6 -> 9 | H15: =DAILY!$O$7-DAILY!$N$7 -> 46 | I15: =DAILY!$O$8-DAILY!$N$8 -> 13 | J15: =DAILY!$O$9-DAILY!$N$9 -> 0 | K15: =DAILY!$O$10-DAILY!$N$10 -> 5 | L15: =DAILY!$O$11-DAILY!$N$11 -> 93 | M15: =DAILY!$O$12-DAILY!$N$12 -> 409 | N15: =DAILY!$O$13-DAILY!$N$13 -> 76.9 | O15: =DAILY!$O$14-DAILY!$N$14 -> 0 | P15: =DAILY!$O$15-DAILY!$N$15 -> 52.24 | Q15: =DAILY!$O$16-DAILY!$N$16 -> 22.66
A16: Seattle | B16: =B15+1 -> 14 | C16: 2 | D16: 2023 | E16: =DAILY!P4-DAILY!O4 -> 16 | F16: =DAILY!$P$5-DAILY!$O$5 -> 21 | G16: =DAILY!$P$6-DAILY!$O$6 -> 9 | H16: =DAILY!$P$7-DAILY!$O$7 -> 46 | I16: =DAILY!$P$8-DAILY!$O$8 -> 14 | J16: =DAILY!$P$9-DAILY!$O$9 -> 0 | K16: =DAILY!$P$10-DAILY!$O$10 -> 5 | L16: =DAILY!$P$11-DAILY!$O$11 -> 87 | M16: =DAILY!$P$12-DAILY!$O$12 -> 396 | N16: =DAILY!$P$13-DAILY!$O$13 -> 64.64 | O16: =DAILY!$P$14-DAILY!$O$14 -> 0 | P16: =DAILY!$P$15-DAILY!$O$15 -> 56.56 | Q16: =DAILY!$P$16-DAILY!$O$16 -> 24.92
A17: Seattle | B17: =B16+1 -> 15 | C17: 2 | D17: 2023 | E17: =DAILY!Q4-DAILY!P4 -> 15 | F17: =DAILY!$Q$5-DAILY!$P$5 -> 21 | G17: =DAILY!$Q$6-DAILY!$P$6 -> 9 | H17: =DAILY!$Q$7-DAILY!$P$7 -> 44 | I17: =DAILY!$Q$8-DAILY!$P$8 -> 13 | J17: =DAILY!$Q$9-DAILY!$P$9 -> 0 | K17: =DAILY!$Q$10-DAILY!$P$10 -> 6 | L17: =DAILY!$Q$11-DAILY!$P$11 -> 90 | M17: =DAILY!$Q$12-DAILY!$P$12 -> 314 | N17: =DAILY!$Q$13-DAILY!$P$13 -> 66.72 | O17: =DAILY!$Q$14-DAILY!$P$14 -> 0 | P17: =DAILY!$Q$15-DAILY!$P$15 -> 52.8 | Q17: =DAILY!$Q$16-DAILY!$P$16 -> 23.42
A18: Seattle | B18: =B17+1 -> 16 | C18: 2 | D18: 2023 | E18: =DAILY!R4-DAILY!Q4 -> 17 | F18: =DAILY!$R$5-DAILY!$Q$5 -> 20 | G18: =DAILY!$R$6-DAILY!$Q$6 -> 10 | H18: =DAILY!$R$7-DAILY!$Q$7 -> 45 | I18: =DAILY!$R$8-DAILY!$Q$8 -> 13 | J18: =DAILY!$R$9-DAILY!$Q$9 -> 0 | K18: =DAILY!$R$10-DAILY!$Q$10 -> 5 | L18: =DAILY!$R$11-DAILY!$Q$11 -> 86 | M18: =DAILY!$R$12-DAILY!$Q$12 -> 417 | N18: =DAILY!$R$13-DAILY!$Q$13 -> 51.99 | O18: =DAILY!$R$14-DAILY!$Q$14 -> 0 | P18: =DAILY!$R$15-DAILY!$Q$15 -> 54.2 | Q18: =DAILY!$R$16-DAILY!$Q$16 -> 23.58
A19: Seattle | B19: =B18+1 -> 17 | C19: 2 | D19: 2023 | E19: =DAILY!S4-DAILY!R4 -> 16 | F19: =DAILY!$S$5-DAILY!$R$5 -> 22 | G19: =DAILY!$S$6-DAILY!$R$6 -> 10 | H19: =DAILY!$S$7-DAILY!$R$7 -> 46 | I19: =DAILY!$S$8-DAILY!$R$8 -> 13 | J19: =DAILY!$S$9-DAILY!$R$9 -> 0 | K19: =DAILY!$S$10-DAILY!$R$10 -> 6 | L19: =DAILY!$S$11-DAILY!$R$11 -> 94 | M19: =DAILY!$S$12-DAILY!$R$12 -> 422 | N19: =DAILY!$S$13-DAILY!$R$13 -> 75.29 | O19: =DAILY!$S$14-DAILY!$R$14 -> 0 | P19: =DAILY!$S$15-DAILY!$R$15 -> 53 | Q19: =DAILY!$S$16-DAILY!$R$16 -> 22.96
A20: Seattle | B20: =B19+1 -> 18 | C20: 2 | D20: 2023 | E20: =DAILY!T4-DAILY!S4 -> 18 | F20: =DAILY!$T$5-DAILY!$S$5 -> 22 | G20: =DAILY!$T$6-DAILY!$S$6 -> 10 | H20: =DAILY!$T$7-DAILY!$S$7 -> 45 | I20: =DAILY!$T$8-DAILY!$S$8 -> 13 | J20: =DAILY!$T$9-DAILY!$S$9 -> 0 | K20: =DAILY!$T$10-DAILY!$S$10 -> 5 | L20: =DAILY!$T$11-DAILY!$S$11 -> 95 | M20: =DAILY!$T$12-DAILY!$S$12 -> 446 | N20: =DAILY!$T$13-DAILY!$S$13 -> 51.15 | O20: =DAILY!$T$14-DAILY!$S$14 -> 0 | P20: =DAILY!$T$15-DAILY!$S$15 -> 53.88 | Q20: =DAILY!$T$16-DAILY!$S$16 -> 23.36
A21: Seattle | B21: =B20+1 -> 19 | C21: 2 | D21: 2023 | E21: =DAILY!U4-DAILY!T4 -> 17 | F21: =DAILY!$U$5-DAILY!$T$5 -> 22 | G21: =DAILY!$U$6-DAILY!$T$6 -> 10 | H21: =DAILY!$U$7-DAILY!$T$7 -> 46 | I21: =DAILY!$U$8-DAILY!$T$8 -> 12 | J21: =DAILY!$U$9-DAILY!$T$9 -> 0 | K21: =DAILY!$U$10-DAILY!$T$10 -> 5 | L21: =DAILY!$U$11-DAILY!$T$11 -> 77 | M21: =DAILY!$U$12-DAILY!$T$12 -> 429 | N21: =DAILY!$U$13-DAILY!$T$13 -> 60.28 | O21: =DAILY!$U$14-DAILY!$T$14 -> 0 | P21: =DAILY!$U$15-DAILY!$T$15 -> 55.9 | Q21: =DAILY!$U$16-DAILY!$T$16 -> 24
A22: Seattle | B22: =B21+1 -> 20 | C22: 2 | D22: 2023 | E22: =DAILY!V4-DAILY!U4 -> 16 | F22: =DAILY!$V$5-DAILY!$U$5 -> 23 | G22: =DAILY!$V$6-DAILY!$U$6 -> 10 | H22: =DAILY!$V$7-DAILY!$U$7 -> 46 | I22: =DAILY!$V$8-DAILY!$U$8 -> 12 | J22: =DAILY!$V$9-DAILY!$U$9 -> 0 | K22: =DAILY!$V$10-DAILY!$U$10 -> 5 | L22: =DAILY!$V$11-DAILY!$U$11 -> 88 | M22: =DAILY!$V$12-DAILY!$U$12 -> 413 | N22: =DAILY!$V$13-DAILY!$U$13 -> 99.21 | O22: =DAILY!$V$14-DAILY!$U$14 -> 0 | P22: =DAILY!$V$15-DAILY!$U$15 -> 52.46 | Q22: =DAILY!$V$16-DAILY!$U$16 -> 22.48
A23: Seattle | B23: =B22+1 -> 21 | C23: 2 | D23: 2023 | E23: =DAILY!W4-DAILY!V4 -> 16 | F23: =DAILY!$W$5-DAILY!$V$5 -> 21 | G23: =DAILY!$W$6-DAILY!$V$6 -> 10 | H23: =DAILY!$W$7-DAILY!$V$7 -> 46 | I23: =DAILY!$W$8-DAILY!$V$8 -> 13 | J23: =DAILY!$W$9-DAILY!$V$9 -> 0 | K23: =DAILY!$W$10-DAILY!$V$10 -> 6 | L23: =DAILY!$W$11-DAILY!$V$11 -> 90 | M23: =DAILY!$W$12-DAILY!$V$12 -> 420 | N23: =DAILY!$W$13-DAILY!$V$13 -> 60.73 | O23: =DAILY!$W$14-DAILY!$V$14 -> 0 | P23: =DAILY!$W$15-DAILY!$V$15 -> 54.48 | Q23: =DAILY!$W$16-DAILY!$V$16 -> 23.6
A24: Seattle | B24: =B23+1 -> 22 | C24: 2 | D24: 2023 | E24: =DAILY!X4-DAILY!W4 -> 16 | F24: =DAILY!$X$5-DAILY!$W$5 -> 20 | G24: =DAILY!$X$6-DAILY!$W$6 -> 9 | H24: =DAILY!$X$7-DAILY!$W$7 -> 44 | I24: =DAILY!$X$8-DAILY!$W$8 -> 12 | J24: =DAILY!$X$9-DAILY!$W$9 -> 0 | K24: =DAILY!$X$10-DAILY!$W$10 -> 5 | L24: =DAILY!$X$11-DAILY!$W$11 -> 90 | M24: =DAILY!$X$12-DAILY!$W$12 -> 419 | N24: =DAILY!$X$13-DAILY!$W$13 -> 49.99 | O24: =DAILY!$X$14-DAILY!$W$14 -> 0 | P24: =DAILY!$X$15-DAILY!$W$15 -> 57.92 | Q24: =DAILY!$X$16-DAILY!$W$16 -> 26.44
A25: Seattle | B25: =B24+1 -> 23 | C25: 2 | D25: 2023 | E25: =DAILY!Y4-DAILY!X4 -> 18 | F25: =DAILY!$Y$5-DAILY!$X$5 -> 22 | G25: =DAILY!$Y$6-DAILY!$X$6 -> 10 | H25: =DAILY!$Y$7-DAILY!$X$7 -> 47 | I25: =DAILY!$Y$8-DAILY!$X$8 -> 12 | J25: =DAILY!$Y$9-DAILY!$X$9 -> 0 | K25: =DAILY!$Y$10-DAILY!$X$10 -> 5 | L25: =DAILY!$Y$11-DAILY!$X$11 -> 89 | M25: =DAILY!$Y$12-DAILY!$X$12 -> 417 | N25: =DAILY!$Y$13-DAILY!$X$13 -> 77.61 | O25: =DAILY!$Y$14-DAILY!$X$14 -> 1 | P25: =DAILY!$Y$15-DAILY!$X$15 -> 61.46 | Q25: =DAILY!$Y$16-DAILY!$X$16 -> 28.6
A26: Seattle | B26: =B25+1 -> 24 | C26: 2 | D26: 2023 | E26: =DAILY!Z4-DAILY!Y4 -> 17 | F26: =DAILY!$Z$5-DAILY!$Y$5 -> 20 | G26: =DAILY!$Z$6-DAILY!$Y$6 -> 9 | H26: =DAILY!$Z$7-DAILY!$Y$7 -> 46 | I26: =DAILY!$Z$8-DAILY!$Y$8 -> 13 | J26: =DAILY!$Z$9-DAILY!$Y$9 -> 0 | K26: =DAILY!$Z$10-DAILY!$Y$10 -> 6 | L26: =DAILY!$Z$11-DAILY!$Y$11 -> 94 | M26: =DAILY!$Z$12-DAILY!$Y$12 -> 410 | N26: =DAILY!$Z$13-DAILY!$Y$13 -> 39.29 | O26: =DAILY!$Z$14-DAILY!$Y$14 -> 0 | P26: =DAILY!$Z$15-DAILY!$Y$15 -> 59.94 | Q26: =DAILY!$Z$16-DAILY!$Y$16 -> 29
A27: Seattle | B27: =B26+1 -> 25 | C27: 2 | D27: 2023 | E27: =DAILY!AA4-DAILY!Z4 -> 18 | F27: =DAILY!$AA$5-DAILY!$Z$5 -> 20 | G27: =DAILY!$AA$6-DAILY!$Z$6 -> 9 | H27: =DAILY!$AA$7-DAILY!$Z$7 -> 46 | I27: =DAILY!$AA$8-DAILY!$Z$8 -> 12 | J27: =DAILY!$AA$9-DAILY!$Z$9 -> 0 | K27: =DAILY!$AA$10-DAILY!$Z$10 -> 5 | L27: =DAILY!$AA$11-DAILY!$Z$11 -> 85 | M27: =DAILY!$AA$12-DAILY!$Z$12 -> 426 | N27: =DAILY!$AA$13-DAILY!$Z$13 -> 56.48 | O27: =DAILY!$AA$14-DAILY!$Z$14 -> 0 | P27: =DAILY!$AA$15-DAILY!$Z$15 -> 57.7 | Q27: =DAILY!$AA$16-DAILY!$Z$16 -> 26.76
A28: Seattle | B28: =B27+1 -> 26 | C28: 2 | D28: 2023 | E28: =DAILY!AB4-DAILY!AA4 -> 20 | F28: =DAILY!$AB$5-DAILY!$AA$5 -> 23 | G28: =DAILY!$AB$6-DAILY!$AA$6 -> 10 | H28: =DAILY!$AB$7-DAILY!$AA$7 -> 49 | I28: =DAILY!$AB$8-DAILY!$AA$8 -> 14 | J28: =DAILY!$AB$9-DAILY!$AA$9 -> 0 | K28: =DAILY!$AB$10-DAILY!$AA$10 -> 5 | L28: =DAILY!$AB$11-DAILY!$AA$11 -> 86 | M28: =DAILY!$AB$12-DAILY!$AA$12 -> 459 | N28: =DAILY!$AB$13-DAILY!$AA$13 -> 40.15 | O28: =DAILY!$AB$14-DAILY!$AA$14 -> 0 | P28: =DAILY!$AB$15-DAILY!$AA$15 -> 58.56 | Q28: =DAILY!$AB$16-DAILY!$AA$16 -> 26.26
A29: Seattle | B29: =B28+1 -> 27 | C29: 2 | D29: 2023 | E29: =DAILY!AC4-DAILY!AB4 -> 18 | F29: =DAILY!$AC$5-DAILY!$AB$5 -> 21 | G29: =DAILY!$AC$6-DAILY!$AB$6 -> 10 | H29: =DAILY!$AC$7-DAILY!$AB$7 -> 47 | I29: =DAILY!$AC$8-DAILY!$AB$8 -> 11 | J29: =DAILY!$AC$9-DAILY!$AB$9 -> 0 | K29: =DAILY!$AC$10-DAILY!$AB$10 -> 6 | L29: =DAILY!$AC$11-DAILY!$AB$11 -> 87 | M29: =DAILY!$AC$12-DAILY!$AB$12 -> 419 | N29: =DAILY!$AC$13-DAILY!$AB$13 -> 119.26 | O29: =DAILY!$AC$14-DAILY!$AB$14 -> 0 | P29: =DAILY!$AC$15-DAILY!$AB$15 -> 56.24 | Q29: =DAILY!$AC$16-DAILY!$AB$16 -> 25.38
A30: Seattle | B30: =B29+1 -> 28 | C30: 2 | D30: 2023 | E30: =DAILY!AD4-DAILY!AC4 -> 18 | F30: =DAILY!$AD$5-DAILY!$AC$5 -> 20 | G30: =DAILY!$AD$6-DAILY!$AC$6 -> 10 | H30: =DAILY!$AD$7-DAILY!$AC$7 -> 47 | I30: =DAILY!$AD$8-DAILY!$AC$8 -> 12 | J30: =DAILY!$AD$9-DAILY!$AC$9 -> 0 | K30: =DAILY!$AD$10-DAILY!$AC$10 -> 5 | L30: =DAILY!$AD$11-DAILY!$AC$11 -> 89 | M30: =DAILY!$AD$12-DAILY!$AC$12 -> 410 | N30: =DAILY!$AD$13-DAILY!$AC$13 -> 61.31 | O30: =DAILY!$AD$14-DAILY!$AC$14 -> 0 | P30: =DAILY!$AD$15-DAILY!$AC$15 -> 56.1 | Q30: =DAILY!$AD$16-DAILY!$AC$16 -> 24.72

Sheet DAILY
A1: July Meter Readings
A2: Location/Meter | C2: Readings
B3: 44957 | C3: 44958 | D3: =SUM(C3+1) -> 44959 | E3: =SUM(D3+1) -> 44960 | F3: =SUM(E3+1) -> 44961 | G3: =SUM(F3+1) -> 44962 | H3: =SUM(G3+1) -> 44963 | I3: =SUM(H3+1) -> 44964 | J3: =SUM(I3+1) -> 44965 | K3: =SUM(J3+1) -> 44966 | ... AD3: =SUM(AC3+1) -> 44985
A4: C Level Meter 768867 | B4: 98222 | C4: 98237 | D4: 98253 | E4: 98269 | F4: 98285 | G4: 98301 | H4: 98317 | I4: 98332 | J4: 98348 | K4: 98363 | L4: 98379 | M4: 98395 | N4: 98412 | O4: 98428 | P4: 98444 | Q4: 98459 | R4: 98476 | S4: 98492 | T4: 98510 | U4: 98527 | V4: 98543 | W4: 98559 | X4: 98575 | Y4: 98593 | Z4: 98610 | AA4: 98628 | AB4: 98648 | AC4: 98666 | AD4: 98684
A5: C Level Meter 768898 | B5: 131414 | C5: 131435 | D5: 131456 | E5: 131478 | F5: 131501 | G5: 131524 | H5: 131546 | I5: 131570 | J5: 131590 | K5: 131613 | L5: 131635 | M5: 131658 | N5: 131680 | O5: 131701 | P5: 131722 | Q5: 131743 | R5: 131763 | S5: 131785 | T5: 131807 | U5: 131829 | V5: 131852 | W5: 131873 | X5: 131893 | Y5: 131915 | Z5: 131935 | AA5: 131955 | AB5: 131978 | AC5: 131999 | AD5: 132019
A6: C Level Meter 789059 | B6: 58408 | C6: 58416 | D6: 58425 | E6: 58435 | F6: 58444 | G6: 58453 | H6: 58462 | I6: 58471 | J6: 58479 | K6: 58488 | L6: 58498 | M6: 58508 | N6: 58517 | O6: 58526 | P6: 58535 | Q6: 58544 | R6: 58554 | S6: 58564 | T6: 58574 | U6: 58584 | V6: 58594 | W6: 58604 | X6: 58613 | Y6: 58623 | Z6: 58632 | AA6: 58641 | AB6: 58651 | AC6: 58661 | AD6: 58671
A7: C Level 796579 | B7: 371692 | C7: 371733 | D7: 371777 | E7: 371822 | F7: 371866 | G7: 371912 | H7: 371956 | I7: 372001 | J7: 372045 | K7: 372080 | L7: 372134 | M7: 372178 | N7: 372226 | O7: 372272 | P7: 372318 | Q7: 372362 | R7: 372407 | S7: 372453 | T7: 372498 | U7: 372544 | V7: 372590 | W7: 372636 | X7: 372680 | Y7: 372727 | Z7: 372773 | AA7: 372819 | AB7: 372868 | AC7: 372915 | AD7: 372962
A8: C Level 796593 | B8: 52240 | C8: 52251 | D8: 52262 | E8: 52275 | F8: 52287 | G8: 52301 | H8: 52313 | I8: 52326 | J8: 52338 | K8: 52351 | L8: 52365 | M8: 52377 | N8: 52390 | O8: 52403 | P8: 52417 | Q8: 52430 | R8: 52443 | S8: 52456 | T8: 52469 | U8: 52481 | V8: 52493 | W8: 52506 | X8: 52518 | Y8: 52530 | Z8: 52543 | AA8: 52555 | AB8: 52569 | AC8: 52580 | AD8: 52592
A9: D Level 789073 | B9: 0142 | C9: 0142 | D9: 0143 | E9: 0143 | F9: 0143 | G9: 0143 | H9: 0143 | I9: 0143 | J9: 0143 | K9: 0143 | L9: 0143 | M9: 0143 | N9: 0143 | O9: 0143 | P9: 0143 | Q9: 0143 | R9: 0143 | S9: 0143 | T9: 0143 | U9: 0143 | V9: 0143 | W9: 0143 | X9: 0143 | Y9: 0143 | Z9: 0143 | AA9: 0143 | AB9: 0143 | AC9: 0143 | AD9: 0143
A10: 16th FL N 788970 | B10: 90990 | C10: 90996 | D10: 91001 | E10: 91006 | F10: 91011 | G10: 91017 | H10: 91022 | I10: 91027 | J10: 91033 | K10: 91038 | L10: 91043 | M10: 91049 | N10: 91054 | O10: 91059 | P10: 91064 | Q10: 91070 | R10: 91075 | S10: 91081 | T10: 91086 | U10: 91091 | V10: 91096 | W10: 91102 | X10: 91107 | Y10: 91112 | Z10: 91118 | AA10: 91123 | AB10: 91128 | AC10: 91134 | AD10: 91139
A11: 19th FL S 798644 | B11: 66319 | C11: 66413 | D11: 66510 | E11: 66610 | F11: 66706 | G11: 66802 | H11: 66897 | I11: 66993 | J11: 67089 | K11: 67183 | L11: 67283 | M11: 67380 | N11: 67472 | O11: 67565 | P11: 67652 | Q11: 67742 | R11: 67828 | S11: 67922 | T11: 68017 | U11: 68094 | V11: 68182 | W11: 68272 | X11: 68362 | Y11: 68451 | Z11: 68545 | AA11: 68630 | AB11: 68716 | AC11: 68803 | AD11: 68892
A12: Gas meter | B12: 497176 | C12: 497570 | D12: 497966 | E12: 498369 | F12: 498786 | G12: 499205 | H12: 499606 | I12: 500005 | J12: 500397 | K12: 500802 | L12: 501206 | M12: 501610 | N12: 502038 | O12: 502447 | P12: 502843 | Q12: 503157 | R12: 503574 | S12: 503996 | T12: 504442 | U12: 504871 | V12: 505284 | W12: 505704 | X12: 506123 | Y12: 506540 | Z12: 506950 | AA12: 507376 | AB12: 507835 | AC12: 508254 | AD12: 508664
A13: Domestic Water South | B13: 85659.28 | C13: 85718.98 | D13: 85776.12 | E13: 85837.97 | F13: 85889.42 | G13: 85959.85 | H13: 86031.04 | I13: 86088.88 | J13: 86132.45 | K13: 86246.11 | L13: 86314.68 | M13: 86376.24 | N13: 86441.98 | O13: 86518.88 | P13: 86583.52 | Q13: 86650.24 | R13: 86702.23 | S13: 86777.52 | T13: 86828.67 | U13: 86888.95 | V13: 86988.16 | W13: 87048.89 | X13: 87098.88 | Y13: 87176.49 | Z13: 87215.78 | AA13: 87272.26 | AB13: 87312.41 | AC13: 87431.67 | AD13: 87492.98
A14: Domestic Water North | B14: 8660 | C14: 8660 | D14: 8660 | E14: 8660 | F14: 8660 | G14: 8660 | H14: 8660 | I14: 8660 | J14: 8660 | K14: 8660 | L14: 8660 | M14: 8660 | N14: 8660 | O14: 8660 | P14: 8660 | Q14: 8660 | R14: 8660 | S14: 8660 | T14: 8660 | U14: 8660 | V14: 8660 | W14: 8660 | X14: 8660 | Y14: 8661 | Z14: 8661 | AA14: 8661 | AB14: 8661 | AC14: 8661 | AD14: 8661
A15: Condensate 1 (Steam 103-G) | B15: 147441.48 | C15: 147487.92 | D15: 147535.02 | E15: 147582.84 | F15: 147628.74 | G15: 147677.38 | H15: 147726.06 | I15: 147775.70 | J15: 147822.66 | K15: 147870.74 | L15: 147917.88 | M15: 147967.58 | N15: 148021.48 | O15: 148073.72 | P15: 148130.28 | Q15: 148183.08 | R15: 148237.28 | S15: 148290.28 | T15: 148344.16 | U15: 148400.06 | V15: 148452.52 | W15: 148507.00 | X15: 148564.92 | Y15: 148626.38 | Z15: 148686.32 | AA15: 148744.02 | AB15: 148802.58 | AC15: 148858.82 | AD15: 148914.92
A16: Condensate 2 (Steam 7034-G) | B16: 51680.97 | C16: 51700.55 | D16: 51719.83 | E16: 51739.33 | F16: 51757.93 | G16: 51777.53 | H16: 51797.81 | I16: 51818.81 | J16: 51838.43 | K16: 51858.43 | L16: 51877.61 | M16: 51898.23 | N16: 51921.09 | O16: 51943.75 | P16: 51968.67 | Q16: 51992.09 | R16: 52015.67 | S16: 52038.63 | T16: 52061.99 | U16: 52085.99 | V16: 52108.47 | W16: 52132.07 | X16: 52158.51 | Y16: 52187.11 | Z16: 52216.11 | AA16: 52242.87 | AB16: 52269.13 | AC16: 52294.51 | AD16: 52319.23
