Workbook

Sheet TOTAL
A1: Site Name | B1: Day | C1: Month | D1: Year | E1: Total Electricity KWh | F1: Electricity Tariff ($/KWh) | G1: Natual Gas (m3) | H1: Natural Gas $/m3 | I1: District Energy Cooling KWh | J1: District Energy Cooling $/KWh | K1: District Energy Heating KWh | L1: District Energy Heating $/KWh | M1: Water Utility Supply (m3) m3 | N1: Water Utility Supply (m3) $/m3 | O1: Room Nights | P1: Total Guests
A2: Tokyo at Otemachi | B2: 1 | C2: 2 | D2: 2023 | E2: ='Otemachi Daily'!D5 -> 15952 | F2: =[1]見込!$G$3 -> 35.06 | G2: ='Otemachi Daily'!F5 -> 198.3 | H2: =[1]見込!$M$23 -> 158.86825 | I2: ='Otemachi Daily'!H5 -> 1890.7068 | J2: =[2]Sheet1!$V$3 -> 39.765556 | K2: ='Otemachi Daily'!J5 -> 32100.262 | L2: =[2]Sheet1!$AE$3 -> 24.422197 | M2: ='Otemachi Daily'!L5 -> 167 | N2: 741 | O2: ='Otemachi Daily'!M5 -> 139 | P2: ='Otemachi Daily'!N5 -> 199
A3: Tokyo at Otemachi | B3: =B2+1 -> 2 | C3: 2 | D3: 2023 | E3: ='Otemachi Daily'!D6 -> 15744 | F3: =[1]見込!$G$3 -> 35.06 | G3: ='Otemachi Daily'!F6 -> 210.9 | H3: =[1]見込!$M$23 -> 158.86825 | I3: ='Otemachi Daily'!H6 -> 2111.0022 | J3: =[2]Sheet1!$V$3 -> 39.765556 | K3: ='Otemachi Daily'!J6 -> 35081.445 | L3: =[2]Sheet1!$AE$3 -> 24.422197 | M3: ='Otemachi Daily'!L6 -> 183 | N3: 741 | O3: ='Otemachi Daily'!M6 -> 124 | P3: ='Otemachi Daily'!N6 -> 181
A4: Tokyo at Otemachi | B4: =B3+1 -> 3 | C4: 2 | D4: 2023 | E4: ='Otemachi Daily'!D7 -> 16561 | F4: =[1]見込!$G$3 -> 35.06 | G4: ='Otemachi Daily'!F7 -> 220.7 | H4: =[1]見込!$M$23 -> 158.86825 | I4: ='Otemachi Daily'!H7 -> 454.203 | J4: =[2]Sheet1!$V$3 -> 39.765556 | K4: ='Otemachi Daily'!J7 -> 34753.419 | L4: =[2]Sheet1!$AE$3 -> 24.422197 | M4: ='Otemachi Daily'!L7 -> 166 | N4: 741 | O4: ='Otemachi Daily'!M7 -> 98 | P4: ='Otemachi Daily'!N7 -> 169
A5: Tokyo at Otemachi | B5: =B4+1 -> 4 | C5: 2 | D5: 2023 | E5: ='Otemachi Daily'!D8 -> 15622 | F5: =[1]見込!$G$3 -> 35.06 | G5: ='Otemachi Daily'!F8 -> 217.6 | H5: =[1]見込!$M$23 -> 158.86825 | I5: ='Otemachi Daily'!H8 -> 1592.6274 | J5: =[2]Sheet1!$V$3 -> 39.765556 | K5: ='Otemachi Daily'!J8 -> 30802.658 | L5: =[2]Sheet1!$AE$3 -> 24.422197 | M5: ='Otemachi Daily'!L8 -> 171 | N5: 741 | O5: ='Otemachi Daily'!M8 -> 94 | P5: ='Otemachi Daily'!N8 -> 179
A6: Tokyo at Otemachi | B6: =B5+1 -> 5 | C6: 2 | D6: 2023 | E6: ='Otemachi Daily'!D9 -> 15364 | F6: =[1]見込!$G$3 -> 35.06 | G6: ='Otemachi Daily'!F9 -> 208.5 | H6: =[1]見込!$M$23 -> 158.86825 | I6: ='Otemachi Daily'!H9 -> 2146.5606 | J6: =[2]Sheet1!$V$3 -> 39.765556 | K6: ='Otemachi Daily'!J9 -> 31234.137 | L6: =[2]Sheet1!$AE$3 -> 24.422197 | M6: ='Otemachi Daily'!L9 -> 174 | N6: 741 | O6: ='Otemachi Daily'!M9 -> 66 | P6: ='Otemachi Daily'!N9 -> 107
A7: Tokyo at Otemachi | B7: =B6+1 -> 6 | C7: 2 | D7: 2023 | E7: ='Otemachi Daily'!D10 -> 14135 | F7: =[1]見込!$G$3 -> 35.06 | G7: ='Otemachi Daily'!F10 -> 183.5 | H7: =[1]見込!$M$23 -> 158.86825 | I7: ='Otemachi Daily'!H10 -> 2427.972 | J7: =[2]Sheet1!$V$3 -> 39.765556 | K7: ='Otemachi Daily'!J10 -> 24850.432 | L7: =[2]Sheet1!$AE$3 -> 24.422197 | M7: ='Otemachi Daily'!L10 -> 146 | N7: 741 | O7: ='Otemachi Daily'!M10 -> 90 | P7: ='Otemachi Daily'!N10 -> 148
A8: Tokyo at Otemachi | B8: =B7+1 -> 7 | C8: 2 | D8: 2023 | E8: ='Otemachi Daily'!D11 -> 14424 | F8: =[1]見込!$G$3 -> 35.06 | G8: ='Otemachi Daily'!F11 -> 190.5 | H8: =[1]見込!$M$23 -> 158.86825 | I8: ='Otemachi Daily'!H11 -> 2686.6038 | J8: =[2]Sheet1!$V$3 -> 39.765556 | K8: ='Otemachi Daily'!J11 -> 21535.112 | L8: =[2]Sheet1!$AE$3 -> 24.422197 | M8: ='Otemachi Daily'!L11 -> 140 | N8: 741 | O8: ='Otemachi Daily'!M11 -> 90 | P8: ='Otemachi Daily'!N11 -> 145
A9: Tokyo at Otemachi | B9: =B8+1 -> 8 | C9: 2 | D9: 2023 | E9: ='Otemachi Daily'!D12 -> 14965 | F9: =[1]見込!$G$3 -> 35.06 | G9: ='Otemachi Daily'!F12 -> 203.2 | H9: =[1]見込!$M$23 -> 158.86825 | I9: ='Otemachi Daily'!H12 -> 2623.5432 | J9: =[2]Sheet1!$V$3 -> 39.765556 | K9: ='Otemachi Daily'!J12 -> 27039.941 | L9: =[2]Sheet1!$AE$3 -> 24.422197 | M9: ='Otemachi Daily'!L12 -> 258 | N9: 741 | O9: ='Otemachi Daily'!M12 -> 83 | P9: ='Otemachi Daily'!N12 -> 140
A10: Tokyo at Otemachi | B10: =B9+1 -> 9 | C10: 2 | D10: 2023 | E10: ='Otemachi Daily'!D13 -> 15543 | F10: =[1]見込!$G$3 -> 35.06 | G10: ='Otemachi Daily'!F13 -> 199.7 | H10: =[1]見込!$M$23 -> 158.86825 | I10: ='Otemachi Daily'!H13 -> 2147.6718 | J10: =[2]Sheet1!$V$3 -> 39.765556 | K10: ='Otemachi Daily'!J13 -> 32946.691 | L10: =[2]Sheet1!$AE$3 -> 24.422197 | M10: ='Otemachi Daily'!L13 -> 168 | N10: 741 | O10: ='Otemachi Daily'!M13 -> 85 | P10: ='Otemachi Daily'!N13 -> 140
A11: Tokyo at Otemachi | B11: =B10+1 -> 10 | C11: 2 | D11: 2023 | E11: ='Otemachi Daily'!D14 -> 16494 | F11: =[1]見込!$G$3 -> 35.06 | G11: ='Otemachi Daily'!F14 -> 221.5 | H11: =[1]見込!$M$23 -> 158.86825 | I11: ='Otemachi Daily'!H14 -> 472.5378 | J11: =[2]Sheet1!$V$3 -> 39.765556 | K11: ='Otemachi Daily'!J14 -> 38341.928 | L11: =[2]Sheet1!$AE$3 -> 24.422197 | M11: ='Otemachi Daily'!L14 -> 180 | N11: 741 | O11: ='Otemachi Daily'!M14 -> 134 | P11: ='Otemachi Daily'!N14 -> 260
A12: Tokyo at Otemachi | B12: =B11+1 -> 11 | C12: 2 | D12: 2023 | E12: ='Otemachi Daily'!D15 -> 16349 | F12: =[1]見込!$G$3 -> 35.06 | G12: ='Otemachi Daily'!F15 -> 233.3 | H12: =[1]見込!$M$23 -> 158.86825 | I12: ='Otemachi Daily'!H15 -> 2859.951 | J12: =[2]Sheet1!$V$3 -> 39.765556 | K12: ='Otemachi Daily'!J15 -> 31261.667 | L12: =[2]Sheet1!$AE$3 -> 24.422197 | M12: ='Otemachi Daily'!L15 -> 226 | N12: 741 | O12: ='Otemachi Daily'!M15 -> 142 | P12: ='Otemachi Daily'!N15 -> 274
A13: Tokyo at Otemachi | B13: =B12+1 -> 12 | C13: 2 | D13: 2023 | E13: ='Otemachi Daily'!D16 -> 15715 | F13: =[1]見込!$G$3 -> 35.06 | G13: ='Otemachi Daily'!F16 -> 207.6 | H13: =[1]見込!$M$23 -> 158.86825 | I13: ='Otemachi Daily'!H16 -> 3412.773 | J13: =[2]Sheet1!$V$3 -> 39.765556 | K13: ='Otemachi Daily'!J16 -> 25885.848 | L13: =[2]Sheet1!$AE$3 -> 24.422197 | M13: ='Otemachi Daily'!L16 -> 217 | N13: 741 | O13: ='Otemachi Daily'!M16 -> 146 | P13: ='Otemachi Daily'!N16 -> 289
A14: Tokyo at Otemachi | B14: =B13+1 -> 13 | C14: 2 | D14: 2023 | E14: ='Otemachi Daily'!D17 -> 15445 | F14: =[1]見込!$G$3 -> 35.06 | G14: ='Otemachi Daily'!F17 -> 195.6 | H14: =[1]見込!$M$23 -> 158.86825 | I14: ='Otemachi Daily'!H17 -> 2589.9294 | J14: =[2]Sheet1!$V$3 -> 39.765556 | K14: ='Otemachi Daily'!J17 -> 27824.587 | L14: =[2]Sheet1!$AE$3 -> 24.422197 | M14: ='Otemachi Daily'!L17 -> 167 | N14: 741 | O14: ='Otemachi Daily'!M17 -> 118 | P14: ='Otemachi Daily'!N17 -> 186
... A32: Tokyo at Otemachi | B32: =B31+1 -> 31 | C32: 2 | D32: 2023 | E32: ='Otemachi Daily'!D35 -> 0 | F32: =[1]見込!$G$3 -> 35.06 | G32: ='Otemachi Daily'!F35 -> 0 | H32: =[1]見込!$M$23 -> 158.86825 | I32: ='Otemachi Daily'!H35 -> 0 | J32: =[2]Sheet1!$V$3 -> 39.765556 | K32: ='Otemachi Daily'!J35 -> 0 | L32: =[2]Sheet1!$AE$3 -> 24.422197 | M32: ='Otemachi Daily'!L35 -> 0 | N32: 741 | O32: ='Otemachi Daily'!M35 -> 0 | P32: ='Otemachi Daily'!N35 -> 0

Sheet Otemachi Daily
A2: Days | C2: Electricity Meter (KWh) | E2: Gas m3 | G2: District Cooling (KWh) | I2: District Heating (KWh) | K2: Water m3
A3: Date | C3: Reading KWH | D3: Difference KWH | E3: Reading m3 | F3: Difference KWH | G3: Reading KWh | H3: Difference KWH | I3: Reading KWh | J3: Difference KWH | K3: Reading m³ | L3: Daily Consumption m³ | M3: ROOM NIGHTS | N3: TOTAL GUESTS
A5: 44958 | D5: =[1]コスト!$G$147 -> 15952 | F5: =[1]コスト!$G$23 -> 198.3 | H5: =[1]コスト!$G$115+'[1]1日'!$C$29 -> 1890.7068 | J5: =[1]コスト!$G$91+[1]コスト!$G$66 -> 32100.262 | L5: =[1]コスト!$G$41 -> 167 | M5: =[1]使用量!$G$387 -> 139 | N5: =[1]使用量!$G$388 -> 199
A6: 44959 | D6: =[1]コスト!$H$147 -> 15744 | F6: =[1]コスト!$H$23 -> 210.9 | H6: =[1]コスト!$H$115+'[1]2日'!$C$29 -> 2111.0022 | J6: =[1]コスト!$H$91+[1]コスト!$H$66 -> 35081.445 | L6: =[1]コスト!$H$41 -> 183 | M6: =[1]使用量!$H$387 -> 124 | N6: =[1]使用量!$H$388 -> 181
A7: 44960 | D7: =[1]コスト!$I$147 -> 16561 | F7: =[1]コスト!$I$23 -> 220.7 | H7: =[1]コスト!$I$115+'[1]3日'!$C$29 -> 454.203 | J7: =[1]コスト!$I$91+[1]コスト!$I$66 -> 34753.419 | L7: =[1]コスト!$I$41 -> 166 | M7: =[1]使用量!$I$387 -> 98 | N7: =[1]使用量!$I$388 -> 169
A8: 44961 | D8: =[1]コスト!$J$147 -> 15622 | F8: =[1]コスト!$J$23 -> 217.6 | H8: =[1]コスト!$J$115+'[1]4日'!$C$29 -> 1592.6274 | J8: =[1]コスト!$J$91+[1]コスト!$J$66 -> 30802.658 | L8: =[1]コスト!$J$41 -> 171 | M8: =[1]使用量!$J$387 -> 94 | N8: =[1]使用量!$J$388 -> 179
A9: 44962 | D9: =[1]コスト!$K$147 -> 15364 | F9: =[1]コスト!$K$23 -> 208.5 | H9: =[1]コスト!$K$115+'[1]5日'!$C$29 -> 2146.5606 | J9: =[1]コスト!$K$91+[1]コスト!$K$66 -> 31234.137 | L9: =[1]コスト!$K$41 -> 174 | M9: =[1]使用量!$K$387 -> 66 | N9: =[1]使用量!$K$388 -> 107
A10: 44963 | D10: =[1]コスト!$L$147 -> 14135 | F10: =[1]コスト!$L$23 -> 183.5 | H10: =[1]コスト!$L$115+'[1]6日'!$C$29 -> 2427.972 | J10: =[1]コスト!$L$91+[1]コスト!$L$66 -> 24850.432 | L10: =[1]コスト!$L$41 -> 146 | M10: =[1]使用量!$L$387 -> 90 | N10: =[1]使用量!$L$388 -> 148
A11: 44964 | D11: =[1]コスト!$M$147 -> 14424 | F11: =[1]コスト!$M$23 -> 190.5 | H11: =[1]コスト!$M$115+'[1]7日'!$C$29 -> 2686.6038 | J11: =[1]コスト!$M$91+[1]コスト!$M$66 -> 21535.112 | L11: =[1]コスト!$M$41 -> 140 | M11: =[1]使用量!$M$387 -> 90 | N11: =[1]使用量!$M$388 -> 145
A12: 44965 | D12: =[1]コスト!$N$147 -> 14965 | F12: =[1]コスト!$N$23 -> 203.2 | H12: =[1]コスト!$N$115+'[1]8日'!$C$29 -> 2623.5432 | J12: =[1]コスト!$N$91+[1]コスト!$N$66 -> 27039.941 | L12: =[1]コスト!$N$41 -> 258 | M12: =[1]使用量!$N$387 -> 83 | N12: =[1]使用量!$N$388 -> 140
A13: 44966 | D13: =[1]コスト!$O$147 -> 15543 | F13: =[1]コスト!$O$23 -> 199.7 | H13: =[1]コスト!$O$115+'[1]9日'!$C$29 -> 2147.6718 | J13: =[1]コスト!$O$91+[1]コスト!$O$66 -> 32946.691 | L13: =[1]コスト!$O$41 -> 168 | M13: =[1]使用量!$O$387 -> 85 | N13: =[1]使用量!$O$388 -> 140
A14: 44967 | D14: =[1]コスト!$P$147 -> 16494 | F14: =[1]コスト!$P$23 -> 221.5 | H14: =[1]コスト!$P$115+'[1]10日'!$C$29 -> 472.5378 | J14: =[1]コスト!$P$91+[1]コスト!$P$66 -> 38341.928 | L14: =[1]コスト!$P$41 -> 180 | M14: =[1]使用量!$P$387 -> 134 | N14: =[1]使用量!$P$388 -> 260
A15: 44968 | D15: =[1]コスト!$Q$147 -> 16349 | F15: =[1]コスト!$Q$23 -> 233.3 | H15: =[1]コスト!$Q$115+'[1]11日'!$C$29 -> 2859.951 | J15: =[1]コスト!$Q$91+[1]コスト!$Q$66 -> 31261.667 | L15: =[1]コスト!$Q$41 -> 226 | M15: =[1]使用量!$Q$387 -> 142 | N15: =[1]使用量!$Q$388 -> 274
A16: 44969 | D16: =[1]コスト!$R$147 -> 15715 | F16: =[1]コスト!$R$23 -> 207.6 | H16: =[1]コスト!$R$115+'[1]12日'!$C$29 -> 3412.773 | J16: =[1]コスト!$R$91+[1]コスト!$R$66 -> 25885.848 | L16: =[1]コスト!$R$41 -> 217 | M16: =[1]使用量!$R$387 -> 146 | N16: =[1]使用量!$R$388 -> 289
A17: 44970 | D17: =[1]コスト!$S$147 -> 15445 | F17: =[1]コスト!$S$23 -> 195.6 | H17: =[1]コスト!$S$115+'[1]13日'!$C$29 -> 2589.9294 | J17: =[1]コスト!$S$91+[1]コスト!$S$66 -> 27824.587 | L17: =[1]コスト!$S$41 -> 167 | M17: =[1]使用量!$S$387 -> 118 | N17: =[1]使用量!$S$388 -> 186
A18: 44971 | D18: =[1]コスト!$T$147 -> 15655 | F18: =[1]コスト!$T$23 -> 188.3 | H18: =[1]コスト!$T$115+'[1]14日'!$C$29 -> 1392.6114 | J18: =[1]コスト!$T$91+[1]コスト!$T$66 -> 33807.315 | L18: =[1]コスト!$T$41 -> 170 | M18: =[1]使用量!$T$387 -> 149 | N18: =[1]使用量!$T$388 -> 236
A19: 44972 | D19: =[1]コスト!$U$147 -> 16449 | F19: =[1]コスト!$U$23 -> 215.9 | H19: =[1]コスト!$U$115+'[1]15日'!$C$29 -> 531.7092 | J19: =[1]コスト!$U$91+[1]コスト!$U$66 -> 37943.785 | L19: =[1]コスト!$U$41 -> 181 | M19: =[1]使用量!$U$387 -> 138 | N19: =[1]使用量!$U$388 -> 210
A20: 44973 | D20: =[1]コスト!$V$147 -> 16329 | F20: =[1]コスト!$V$23 -> 216 | H20: =[1]コスト!$V$115+'[1]16日'!$C$29 -> 1284.825 | J20: =[1]コスト!$V$91+[1]コスト!$V$66 -> 37399.714 | L20: =[1]コスト!$V$41 -> 200 | M20: =[1]使用量!$V$387 -> 116 | N20: =[1]使用量!$V$388 -> 190
A21: 44974 | D21: =[1]コスト!$W$147 -> 16012 | F21: =[1]コスト!$W$23 -> 223.2 | H21: =[1]コスト!$W$115+'[1]17日'!$C$29 -> 2115.1692 | J21: =[1]コスト!$W$91+[1]コスト!$W$66 -> 32468.014 | L21: =[1]コスト!$W$41 -> 180 | M21: =[1]使用量!$W$387 -> 130 | N21: =[1]使用量!$W$388 -> 234
A22: 44975 | D22: =[1]コスト!$X$147 -> 15813 | F22: =[1]コスト!$X$23 -> 233.1 | H22: =[1]コスト!$X$115+'[1]18日'!$C$29 -> 3120.8052 | J22: =[1]コスト!$X$91+[1]コスト!$X$66 -> 27271.154 | L22: =[1]コスト!$X$41 -> 197 | M22: =[1]使用量!$X$387 -> 136 | N22: =[1]使用量!$X$388 -> 261
A23: 44976 | D23: =[1]コスト!$Y$147 -> 15774 | F23: =[1]コスト!$Y$23 -> 216.8 | H23: =[1]コスト!$Y$115+'[1]19日'!$C$29 -> 3449.7204 | J23: =[1]コスト!$Y$91+[1]コスト!$Y$66 -> 24949.912 | L23: =[1]コスト!$Y$41 -> 213 | M23: =[1]使用量!$Y$387 -> 152 | N23: =[1]使用量!$Y$388 -> 256
A24: 44977 | D24: =[1]コスト!$Z$147 -> 14637 | F24: =[1]コスト!$Z$23 -> 186.2 | H24: =[1]コスト!$Z$115+'[1]20日'!$C$29 -> 3960.5946 | J24: =[1]コスト!$Z$91+[1]コスト!$Z$66 -> 25884.321 | L24: =[1]コスト!$Z$41 -> 195 | M24: =[1]使用量!$Z$387 -> 163 | N24: =[1]使用量!$Z$388 -> 263
A25: 44978 | D25: =[1]コスト!$AA$147 -> 15924 | F25: =[1]コスト!$AA$23 -> 203.2 | H25: =[1]コスト!$AA$115+'[1]21日'!$C$29 -> 1612.629 | J25: =[1]コスト!$AA$91+[1]コスト!$AA$66 -> 34926.349 | L25: =[1]コスト!$AA$41 -> 181 | M25: =[1]使用量!$AA$387 -> 166 | N25: =[1]使用量!$AA$388 -> 272
A26: 44979 | D26: =[1]コスト!$AB$147 -> 15377 | F26: =[1]コスト!$AB$23 -> 208.2 | H26: =[1]コスト!$AB$115+'[1]22日'!$C$29 -> 2139.6156 | J26: =[1]コスト!$AB$91+[1]コスト!$AB$66 -> 32837.599 | L26: =[1]コスト!$AB$41 -> 182 | M26: =[1]使用量!$AB$387 -> 122 | N26: =[1]使用量!$AB$388 -> 204
A27: 44980 | D27: =[1]コスト!$AC$147 -> 15295 | F27: =[1]コスト!$AC$23 -> 219.4 | H27: =[1]コスト!$AC$115+'[1]23日'!$C$29 -> 2764.6656 | J27: =[1]コスト!$AC$91+[1]コスト!$AC$66 -> 27000.271 | L27: =[1]コスト!$AC$41 -> 183 | M27: =[1]使用量!$AC$387 -> 103 | N27: =[1]使用量!$AC$388 -> 180
A28: 44981 | D28: =[1]コスト!$AD$147 -> 15225 | F28: =[1]コスト!$AD$23 -> 224.3 | H28: =[1]コスト!$AD$115+'[1]24日'!$C$29 -> 2711.0502 | J28: =[1]コスト!$AD$91+[1]コスト!$AD$66 -> 25290.662 | L28: =[1]コスト!$AD$41 -> 163 | M28: =[1]使用量!$AD$387 -> 124 | N28: =[1]使用量!$AD$388 -> 215
A29: 44982 | D29: =[1]コスト!$AE$147 -> 15353 | F29: =[1]コスト!$AE$23 -> 227.6 | H29: =[1]コスト!$AE$115+'[1]25日'!$C$29 -> 2741.0526 | J29: =[1]コスト!$AE$91+[1]コスト!$AE$66 -> 30257.448 | L29: =[1]コスト!$AE$41 -> 192 | M29: =[1]使用量!$AE$387 -> 117 | N29: =[1]使用量!$AE$388 -> 216
A30: 44983 | D30: =[1]コスト!$AF$147 -> 15272 | F30: =[1]コスト!$AF$23 -> 207.6 | H30: =[1]コスト!$AF$115+'[1]26日'!$C$29 -> 2367.6894 | J30: =[1]コスト!$AF$91+[1]コスト!$AF$66 -> 34569.793 | L30: =[1]コスト!$AF$41 -> 193 | M30: =[1]使用量!$AF$387 -> 134 | N30: =[1]使用量!$AF$388 -> 205
A31: 44984 | D31: =[1]コスト!$AG$147 -> 14944 | F31: =[1]コスト!$AG$23 -> 203.8 | H31: =[1]コスト!$AG$115+'[1]27日'!$C$29 -> 2808.558 | J31: =[1]コスト!$AG$91+[1]コスト!$AG$66 -> 28855.169 | L31: =[1]コスト!$AG$41 -> 196 | M31: =[1]使用量!$AG$387 -> 163 | N31: =[1]使用量!$AG$388 -> 223
A32: 44985 | D32: =[1]コスト!$AH$147 -> 15004 | F32: =[1]コスト!$AH$23 -> 206.7 | H32: =[1]コスト!$AH$115+'[1]28日'!$C$29 -> 3964.4838 | J32: =[1]コスト!$AH$91+[1]コスト!$AH$66 -> 22865.162 | L32: =[1]コスト!$AH$41 -> 184 | M32: =[1]使用量!$AH$387 -> 171 | N32: =[1]使用量!$AH$388 -> 232
A33: 44986 | D33: =[1]コスト!$AI$147 -> 0 | F33: =[1]コスト!$AI$23 -> 0 | H33: =[1]コスト!$AI$115+'[1]29日'!$C$29 -> 0 | J33: =[1]コスト!$AI$91+[1]コスト!$AI$66 -> 0 | L33: =[1]コスト!$AI$41 -> 0 | M33: =[1]使用量!$AI$387 -> 0 | N33: =[1]使用量!$AI$388 -> 0
A34: 44987 | D34: =[1]コスト!$AJ$147 -> 0 | F34: =[1]コスト!$AJ$23 -> 0 | H34: =[1]コスト!$AJ$115+'[1]30日'!$C$29 -> 0 | J34: =[1]コスト!$AJ$91+[1]コスト!$AJ$66 -> 0 | L34: =[1]コスト!$AJ$41 -> 0 | M34: =[1]使用量!$AJ$387 -> 0 | N34: =[1]使用量!$AJ$388 -> 0
A35: 44988 | D35: =[1]コスト!$AK$147 -> 0 | F35: =[1]コスト!$AK$23 -> 0 | H35: =[1]コスト!$AK$115+'[1]31日'!$C$29 -> 0 | J35: =[1]コスト!$AK$91+[1]コスト!$AK$66 -> 0 | L35: =[1]コスト!$AK$41 -> 0 | M35: =[1]使用量!$AK$387 -> 0 | N35: =[1]使用量!$AK$388 -> 0
D38: =SUM(D5:D37) -> 435376 | F38: =SUM(F5:F37) -> 5871.2 | H38: =SUM(H5:H37) -> 64381.261 | J38: =SUM(J5:J37) -> 849984.8 | L38: =SUM(L5:L37) -> 5173 | M38: =SUM(M5:M37) -> 3493 | N38: =SUM(N5:N37) -> 5814
