Workbook

Sheet TOTAL
A1: Site Name | B1: Day | C1: Month | D1: Year | E1: Total Electricity Kwh | F1: Electricity Tariff ($/Kwh) | G1: Natual Gas (m3) | H1: Natural Gas $/m3 | I1: Water Utility Supply (m3) m3 | J1: Water Utility Supply (m3) $/m3 | K1: Total Guests | L1: Room Nights
A2: Prague | B2: 1 | C2: 2 | D2: 2023 | E2: =February!B4 -> 10049 | F2: 0.099 | G2: =February!C4 -> 1267 | H2: 0.28 | I2: =February!D4 -> 58 | J2: 3.272 | K2: =February!J4 -> 65 | L2: =February!K4 -> 47
A3: Prague | B3: =B2+1 -> 2 | C3: 2 | D3: 2023 | E3: =February!B5 -> 10192 | F3: 0.099 | G3: =February!C5 -> 1352 | H3: 0.28 | I3: =February!D5 -> 51 | J3: 3.272 | K3: =February!J5 -> 82 | L3: =February!K5 -> 45
A4: Prague | B4: =B3+1 -> 3 | C4: 2 | D4: 2023 | E4: =February!B6 -> 10328 | F4: 0.099 | G4: =February!C6 -> 1374 | H4: 0.28 | I4: =February!D6 -> 55 | J4: 3.272 | K4: =February!J6 -> 64 | L4: =February!K6 -> 37
A5: Prague | B5: =B4+1 -> 4 | C5: 2 | D5: 2023 | E5: =February!B7 -> 9758 | F5: 0.099 | G5: =February!C7 -> 1436 | H5: 0.28 | I5: =February!D7 -> 46 | J5: 3.272 | K5: =February!J7 -> 76 | L5: =February!K7 -> 46
A6: Prague | B6: =B5+1 -> 5 | C6: 2 | D6: 2023 | E6: =February!B8 -> 9955 | F6: 0.099 | G6: =February!C8 -> 1591 | H6: 0.28 | I6: =February!D8 -> 48 | J6: 3.272 | K6: =February!J8 -> 71 | L6: =February!K8 -> 38
A7: Prague | B7: =B6+1 -> 6 | C7: 2 | D7: 2023 | E7: =February!B9 -> 9763 | F7: 0.099 | G7: =February!C9 -> 1684 | H7: 0.28 | I7: =February!D9 -> 50 | J7: 3.272 | K7: =February!J9 -> 72 | L7: =February!K9 -> 39
A8: Prague | B8: =B7+1 -> 7 | C8: 2 | D8: 2023 | E8: =February!B10 -> 9595 | F8: 0.099 | G8: =February!C10 -> 1613 | H8: 0.28 | I8: =February!D10 -> 79 | J8: 3.272 | K8: =February!J10 -> 68 | L8: =February!K10 -> 34
A9: Prague | B9: =B8+1 -> 8 | C9: 2 | D9: 2023 | E9: =February!B11 -> 11495 | F9: 0.099 | G9: =February!C11 -> 2068 | H9: 0.28 | I9: =February!D11 -> 90 | J9: 3.272 | K9: =February!J11 -> 65 | L9: =February!K11 -> 34
A10: Prague | B10: =B9+1 -> 9 | C10: 2 | D10: 2023 | E10: =February!B12 -> 19069 | F10: 0.099 | G10: =February!C12 -> 3017 | H10: 0.28 | I10: =February!D12 -> 99 | J10: 3.272 | K10: =February!J12 -> 53 | L10: =February!K12 -> 29
A11: Prague | B11: =B10+1 -> 10 | C11: 2 | D11: 2023 | E11: =February!B13 -> 10396 | F11: 0.099 | G11: =February!C13 -> 1419 | H11: 0.28 | I11: =February!D13 -> 58 | J11: 3.272 | K11: =February!J13 -> 79 | L11: =February!K13 -> 40
A12: Prague | B12: =B11+1 -> 11 | C12: 2 | D12: 2023 | E12: =February!B14 -> 10071 | F12: 0.099 | G12: =February!C14 -> 1207 | H12: 0.28 | I12: =February!D14 -> 48 | J12: 3.272 | K12: =February!J14 -> 53 | L12: =February!K14 -> 27
A13: Prague | B13: =B12+1 -> 12 | C13: 2 | D13: 2023 | E13: =February!B15 -> 9595 | F13: 0.099 | G13: =February!C15 -> 1303 | H13: 0.28 | I13: =February!D15 -> 55 | J13: 3.272 | K13: =February!J15 -> 61 | L13: =February!K15 -> 33
A14: Prague | B14: =B13+1 -> 13 | C14: 2 | D14: 2023 | E14: =February!B16 -> 8656 | F14: 0.099 | G14: =February!C16 -> 1083 | H14: 0.28 | I14: =February!D16 -> 49 | J14: 3.272 | K14: =February!J16 -> 62 | L14: =February!K16 -> 33
... A32: Prague | B32: =B31+1 -> 31 | C32: 2 | D32: 2023 | E32: =February!B34 -> 0 | F32: 1.099 | G32: =February!C34 -> 0 | H32: 1.28 | I32: =February!D34 -> 0 | J32: 4.272 | K32: =February!J34 -> 0 | L32: =February!K34 -> 0

Sheet February
A1: Four Seasons Hotel Prague - Utilities Daily Consumption - JUNE 2021
A2: DATE | B2: Electricity | C2: Gas | D2: Water | F2: Temperature °C | J2: Guests | K2: Room Night | L2: MTG
B3: [kWh] | C3: [m3] | D3: [m3] | F3: min. ČR | G3: max. ČR | H3: FSHP-max | J3: in house | K3: rooms | L3: rooms
A4: 1 | B4: 10049 | C4: 1267 | D4: 58 | F4: 1 | G4: 6 | H4: 6 | J4: 65 | K4: 47 | L4: 2
A5: 2 | B5: 10192 | C5: 1352 | D5: 51 | F5: 0 | G5: 6 | H5: 6 | J5: 82 | K5: 45 | L5: 2
A6: 3 | B6: 10328 | C6: 1374 | D6: 55 | F6: 1 | G6: 7 | H6: 7 | J6: 64 | K6: 37 | L6: 2
A7: 4 | B7: 9758 | C7: 1436 | D7: 46 | F7: -1 | G7: 6 | H7: 6 | J7: 76 | K7: 46 | L7: 0
A8: 5 | B8: 9955 | C8: 1591 | D8: 48 | F8: -6 | G8: 0 | H8: 0 | J8: 71 | K8: 38 | L8: 1
A9: 6 | B9: 9763 | C9: 1684 | D9: 50 | F9: -8 | G9: 0 | H9: 0 | J9: 72 | K9: 39 | L9: 2
A10: 7 | B10: 9595 | C10: 1613 | D10: 79 | F10: -9 | G10: 1 | H10: 1 | J10: 68 | K10: 34 | L10: 2
A11: 8 | B11: 11495 | C11: 2068 | D11: 90 | F11: -9 | G11: 2 | H11: 2 | J11: 65 | K11: 34 | L11: 2
A12: 9 | B12: 19069 | C12: 3017 | D12: 99 | F12: -7 | G12: 5 | H12: 5 | J12: 53 | K12: 29 | L12: 2
A13: 10 | B13: 10396 | C13: 1419 | D13: 58 | F13: -5 | G13: 4 | H13: 4 | J13: 79 | K13: 40 | L13: 1
A14: 11 | B14: 10071 | C14: 1207 | D14: 48 | F14: -1 | G14: 5 | H14: 5 | J14: 53 | K14: 27 | L14: 0
A15: 12 | B15: 9595 | C15: 1303 | D15: 55 | F15: 3 | G15: 7 | H15: 8 | J15: 61 | K15: 33 | L15: 0
... A31: 28 | B31: 10142 | C31: 1466 | D31: 52 | F31: -3 | G31: 3 | H31: 5 | J31: 64 | K31: 43 | L31: 0
A32: 29
A33: 30
A35: TOTAL | B35: =SUM(B4:B34) -> 290450 | C35: =SUM(C4:C34) -> 38473 | D35: =SUM(D4:D34) -> 1568 | F35: =AVERAGE(F4:F34) -> -0.5 | G35: =AVERAGE(G4:G34) -> 6.4642857 | H35: =AVERAGE(H4:H34) -> 6.5357143 | J35: =SUM(J4:J34) -> 2066 | K35: =SUM(K4:K34) -> 1156 | L35: =SUM(L4:L34) -> 28
A36: AVG | B36: =AVERAGE(B4:B34) -> 10373.214 | C36: =AVERAGE(C4:C34) -> 1374.0357 | D36: =AVERAGE(D4:D34) -> 56
B37: Average consumption per guest
B38: =B35/J35 -> 140.58567 | C38: =C35/J35 -> 18.621975 | D38: =D35/J35 -> 0.7589545
A41: Kremosyn | B41: 810659
A42: Stefano Ricci | B42: 22904
