Workbook

Sheet Bali at Sayan_HEP_Daily (Total)
A1: Site Name | B1: Day | C1: Month | D1: Year | E1: Total Electricity Kwh | F1: Electricity Tariff ($/Kwh) | G1: LPG (Kg) | H1: LPG $/Kg | I1: Total Fuel Oil (Liter) | J1: Fuel Oil $/Liter | K1: Water Utility Supply (m3) m3 | L1: Water Utility Supply (m3) $/m3 | M1: Room Nights | N1: Food Covers
A2: Bali at Sayan | B2: 1 | C2: 5 | D2: 2018 | E2: ='May 18'!M9 -> 9960 | F2: 1240.0422 | G2: ='May 18'!Z9 -> 146.77419 | H2: ='May 18'!Y7 -> 11650 | I2: ='May 18'!AC9 -> 40 | J2: ='May 18'!AE9 -> 10700 | K2: ='May 18'!AP9 -> 205 | L2: 9268.0444 | M2: ='May 18'!C9 -> 47 | N2: ='May 18'!D9 -> 297
A3: Bali at Sayan | B3: 2 | C3: 5 | D3: 2018 | E3: ='May 18'!M10 -> 12260 | F3: 1240.0422 | G3: ='May 18'!Z10 -> 146.77419 | H3: 11650 | I3: ='May 18'!AC10 -> 0 | J3: ='May 18'!AE10 -> 10700 | K3: ='May 18'!AP10 -> 222 | L3: 9268.0444 | M3: ='May 18'!C10 -> 52 | N3: ='May 18'!D10 -> 289
A4: Bali at Sayan | B4: 3 | C4: 5 | D4: 2018 | E4: ='May 18'!M11 -> 11000 | F4: 1240.0422 | G4: ='May 18'!Z11 -> 146.77419 | H4: 11650 | I4: ='May 18'!AC11 -> 0 | J4: ='May 18'!AE11 -> 10700 | K4: ='May 18'!AP11 -> 208 | L4: 9268.0444 | M4: ='May 18'!C11 -> 48 | N4: ='May 18'!D11 -> 268
A5: Bali at Sayan | B5: 4 | C5: 5 | D5: 2018 | E5: ='May 18'!M12 -> 11020 | F5: 1240.0422 | G5: ='May 18'!Z12 -> 146.77419 | H5: 11650 | I5: ='May 18'!AC12 -> 0 | J5: ='May 18'!AE12 -> 10700 | K5: ='May 18'!AP12 -> 219 | L5: 9268.0444 | M5: ='May 18'!C12 -> 42 | N5: ='May 18'!D12 -> 293
A6: Bali at Sayan | B6: 5 | C6: 5 | D6: 2018 | E6: ='May 18'!M13 -> 11560 | F6: 1240.0422 | G6: ='May 18'!Z13 -> 146.77419 | H6: 11650 | I6: ='May 18'!AC13 -> 0 | J6: ='May 18'!AE13 -> 10700 | K6: ='May 18'!AP13 -> 224 | L6: 9268.0444 | M6: ='May 18'!C13 -> 41 | N6: ='May 18'!D13 -> 265
A7: Bali at Sayan | B7: 6 | C7: 5 | D7: 2018 | E7: ='May 18'!M14 -> 11120 | F7: 1240.0422 | G7: ='May 18'!Z14 -> 146.77419 | H7: 11650 | I7: ='May 18'!AC14 -> 40 | J7: ='May 18'!AE14 -> 10700 | K7: ='May 18'!AP14 -> 254 | L7: 9268.0444 | M7: ='May 18'!C14 -> 37 | N7: ='May 18'!D14 -> 261
A8: Bali at Sayan | B8: 7 | C8: 5 | D8: 2018 | E8: ='May 18'!M15 -> 11300 | F8: 1240.0422 | G8: ='May 18'!Z15 -> 146.77419 | H8: 11650 | I8: ='May 18'!AC15 -> 0 | J8: ='May 18'!AE15 -> 10700 | K8: ='May 18'!AP15 -> 227 | L8: 9268.0444 | M8: ='May 18'!C15 -> 38 | N8: ='May 18'!D15 -> 276
A9: Bali at Sayan | B9: 8 | C9: 5 | D9: 2018 | E9: ='May 18'!M16 -> 11060 | F9: 1240.0422 | G9: ='May 18'!Z16 -> 146.77419 | H9: 11650 | I9: ='May 18'!AC16 -> 0 | J9: ='May 18'!AE16 -> 10700 | K9: ='May 18'!AP16 -> 256 | L9: 9268.0444 | M9: ='May 18'!C16 -> 39 | N9: ='May 18'!D16 -> 244
A10: Bali at Sayan | B10: 9 | C10: 5 | D10: 2018 | E10: ='May 18'!M17 -> 11120 | F10: 1240.0422 | G10: ='May 18'!Z17 -> 146.77419 | H10: 11650 | I10: ='May 18'!AC17 -> 0 | J10: ='May 18'!AE17 -> 10700 | K10: ='May 18'!AP17 -> 229 | L10: 9268.0444 | M10: ='May 18'!C17 -> 37 | N10: ='May 18'!D17 -> 292
A11: Bali at Sayan | B11: 10 | C11: 5 | D11: 2018 | E11: ='May 18'!M18 -> 10900 | F11: 1240.0422 | G11: ='May 18'!Z18 -> 146.77419 | H11: 11650 | I11: ='May 18'!AC18 -> 0 | J11: ='May 18'!AE18 -> 10700 | K11: ='May 18'!AP18 -> 216 | L11: 9268.0444 | M11: ='May 18'!C18 -> 33 | N11: ='May 18'!D18 -> 276
A12: Bali at Sayan | B12: 11 | C12: 5 | D12: 2018 | E12: ='May 18'!M19 -> 11840 | F12: 1240.0422 | G12: ='May 18'!Z19 -> 146.77419 | H12: 11650 | I12: ='May 18'!AC19 -> 0 | J12: ='May 18'!AE19 -> 10700 | K12: ='May 18'!AP19 -> 246 | L12: 9268.0444 | M12: ='May 18'!C19 -> 39 | N12: ='May 18'!D19 -> 220
A13: Bali at Sayan | B13: 12 | C13: 5 | D13: 2018 | E13: ='May 18'!M20 -> 11140 | F13: 1240.0422 | G13: ='May 18'!Z20 -> 146.77419 | H13: 11650 | I13: ='May 18'!AC20 -> 40 | J13: ='May 18'!AE20 -> 10700 | K13: ='May 18'!AP20 -> 221 | L13: 9268.0444 | M13: ='May 18'!C20 -> 36 | N13: ='May 18'!D20 -> 269
A14: Bali at Sayan | B14: 13 | C14: 5 | D14: 2018 | E14: ='May 18'!M21 -> 11040 | F14: 1240.0422 | G14: ='May 18'!Z21 -> 146.77419 | H14: 11650 | I14: ='May 18'!AC21 -> 0 | J14: ='May 18'!AE21 -> 10700 | K14: ='May 18'!AP21 -> 215 | L14: 9268.0444 | M14: ='May 18'!C21 -> 38 | N14: ='May 18'!D21 -> 280
... A32: Bali at Sayan | B32: 31 | C32: 5 | D32: 2018 | E32: ='May 18'!M39 -> 10020 | F32: 1240.0422 | G32: ='May 18'!Z39 -> 146.77419 | H32: 11650 | I32: ='May 18'!AC39 -> 0 | J32: ='May 18'!AE39 -> 10700 | K32: ='May 18'!AP39 -> 188 | L32: 9268.0444 | M32: ='May 18'!C39 -> 29 | N32: ='May 18'!D39 -> 226
E33: =SUM(E2:E32) -> 339260 | F33: 1240.0422 | G33: =SUM(G2:G32) -> 4550 | H33: 11650 | I33: =SUM(I2:I32) -> 200 | J33: 10700 | K33: =SUM(K2:K32) -> 6759 | L33: 9268.0444 | M33: =SUM(M2:M32) -> 1061 | N33: =SUM(N2:N32) -> 7298

Sheet May 18
B1: Daily Electricity Consumption
B2: Engineering Department | N2: =582500/50 -> 11650
B4: Date: May 2018 | N4: LPG Tube 50kg | Q4: Riverside | T4: Sokasi - Cooking class | W4: Porte Cochere bonfire | Z4: TOTAL Cost (include Tax) | AC4: Diesel | AF4: Gasoline | AG4: USD | AH4: MUNICIPAL WATER | AJ4: DEEP WELL | AN4: Wastewater (m3) | AO4: Total Cost (Municipal + DW1 + DW2 cost) | AP4: Total M3 | AQ4: USD (Total Cost / exchange rate IDR)
B5: Date | C5: Room Nights | D5: Food Covers | E5: BASED LOAD (from 10 pm - 6 pm) | H5: PEAK LOAD (from 6 pm - 10 pm) | K5: Sub-Total Cost (Based + Peak cost) | L5: TOTAL COST include 10% TAX (sub total cost X 1.1) | M5: Total | N5: Ayung Terrace | AH5: Used | AI5: Water Cost (M3 x IDR 13,582) | AJ5: Used | AK5: DW 1 Cost (M3 x IDR 4,000) | AL5: Used | AM5: DW 2 Cost (M3 x IDR 4,000)
E6: Used (reading) | F6: kWh (Used x2000) | G6: IDR Cost (kWh x IDR 1035.5) | H6: Used (reading) | I6: kWh (Used x2000) | J6: Cost (kWh x IDR 1553.25) | N6: METER READING | O6: Used (kg) | P6: IDR Cost kg x rate IDR | Q6: METER READING (tube installed) | R6: Used (kg) | S6: IDR Cost kg x rate IDR | T6: METER READING | U6: Used (kg) | V6: IDR Cost m3 x rate IDR | W6: Tube installed | X6: Used (kg) | Y6: IDR Cost m3 x rate IDR | AC6: METER READING | AD6: Used (ltrs) | AE6: IDR Cost m3 x rate IDR
P7: 11650 | S7: 11650 | V7: 11650 | Y7: 11650 | Z7: Total kg | AA7: IDR | AB7: USD | AE7: 10.700,00
L8: 0 | N8: =91*50 -> 4550 | AC8: 200
B9: 43221 | C9: 47 | D9: 297 | E9: 4.03 | F9: =E9*2000 -> 8060 | G9: =F9*1035.5 -> 8346130 | H9: 0.95 | I9: =H9*2000 -> 1900 | J9: =I9*1553.25 -> 2951175 | K9: =J9+G9 -> 11297305 | L9: =K9*1.1 -> 12427035 | M9: =F9+I9 -> 9960 | N9: =N8*70% -> 3185 | O9: 102.74194 | P9: =O9*11650 -> 1196943.5 | Q9: =N8*20% -> 910 | R9: =Q9/31 -> 29.354839 | S9: =R9*11650 -> 341983.87 | T9: =N8*7% -> 318.5 | U9: =T9/31 -> 10.274194 | V9: =U9*11650 -> 119694.35 | W9: =N8*3% -> 136.5 | X9: =W9/31 -> 4.4032258 | Y9: =X9*11650 -> 51297.581 | Z9: =O9+R9+U9+X9 -> 146.77419 | AA9: =P9+S9+V9+Y9 -> 1709919.4 | AC9: =AC8/5 -> 40 | AE9: 10700 | AH9: 155 | AI9: =AH9*13582 -> 2105210 | AJ9: 46 | AK9: =AJ9*4000 -> 184000 | AL9: 4 | AM9: =AL9*4000 -> 16000 | AN9: 10 | AO9: =AI9+AK9+AM9 -> 2305210 | AP9: =AH9+AJ9+AL9 -> 205
B10: 43222 | C10: 52 | D10: 289 | E10: 5.09 | F10: =E10*2000 -> 10180 | G10: =F10*1035.5 -> 10541390 | H10: 1.04 | I10: =H10*2000 -> 2080 | J10: =I10*1553.25 -> 3230760 | K10: =J10+G10 -> 13772150 | L10: =K10*1.1 -> 15149365 | M10: =F10+I10 -> 12260 | O10: 102.74194 | P10: =O10*11650 -> 1196943.5 | R10: 29.354839 | S10: =R10*11650 -> 341983.87 | U10: 10.274194 | V10: =U10*11650 -> 119694.35 | X10: 4.4032258 | Y10: =X10*11650 -> 51297.581 | Z10: =O10+R10+U10+X10 -> 146.77419 | AA10: =P10+S10+V10+Y10 -> 1709919.4 | AE10: 10700 | AH10: 140 | AI10: =AH10*13582 -> 1901480 | AJ10: 44 | AK10: =AJ10*4000 -> 176000 | AL10: 38 | AM10: =AL10*4000 -> 152000 | AN10: 10 | AO10: =AI10+AK10+AM10 -> 2229480 | AP10: =AH10+AJ10+AL10 -> 222
B11: 43223 | C11: 48 | D11: 268 | E11: 4.51 | F11: =E11*2000 -> 9020 | G11: =F11*1035.5 -> 9340210 | H11: 0.99 | I11: =H11*2000 -> 1980 | J11: =I11*1553.25 -> 3075435 | K11: =J11+G11 -> 12415645 | L11: =K11*1.1 -> 13657210 | M11: =F11+I11 -> 11000 | O11: 102.74194 | P11: =O11*11650 -> 1196943.5 | R11: 29.354839 | S11: =R11*11650 -> 341983.87 | U11: 10.274194 | V11: =U11*11650 -> 119694.35 | X11: 4.4032258 | Y11: =X11*11650 -> 51297.581 | Z11: =O11+R11+U11+X11 -> 146.77419 | AA11: =P11+S11+V11+Y11 -> 1709919.4 | AE11: 10700 | AH11: 139 | AI11: =AH11*13582 -> 1887898 | AJ11: 35 | AK11: =AJ11*4000 -> 140000 | AL11: 34 | AM11: =AL11*4000 -> 136000 | AN11: 10 | AO11: =AI11+AK11+AM11 -> 2163898 | AP11: =AH11+AJ11+AL11 -> 208
B12: 43224 | C12: 42 | D12: 293 | E12: 4.5 | F12: =E12*2000 -> 9000 | G12: =F12*1035.5 -> 9319500 | H12: 1.01 | I12: =H12*2000 -> 2020 | J12: =I12*1553.25 -> 3137565 | K12: =J12+G12 -> 12457065 | L12: =K12*1.1 -> 13702771 | M12: =F12+I12 -> 11020 | O12: 102.74194 | P12: =O12*11650 -> 1196943.5 | R12: 29.354839 | S12: =R12*11650 -> 341983.87 | U12: 10.274194 | V12: =U12*11650 -> 119694.35 | X12: 4.4032258 | Y12: =X12*11650 -> 51297.581 | Z12: =O12+R12+U12+X12 -> 146.77419 | AA12: =P12+S12+V12+Y12 -> 1709919.4 | AE12: 10700 | AH12: 158 | AI12: =AH12*13582 -> 2145956 | AJ12: 42 | AK12: =AJ12*4000 -> 168000 | AL12: 19 | AM12: =AL12*4000 -> 76000 | AN12: 10 | AO12: =AI12+AK12+AM12 -> 2389956 | AP12: =AH12+AJ12+AL12 -> 219
B13: 43225 | C13: 41 | D13: 265 | E13: 4.76 | F13: =E13*2000 -> 9520 | G13: =F13*1035.5 -> 9857960 | H13: 1.02 | I13: =H13*2000 -> 2040 | J13: =I13*1553.25 -> 3168630 | K13: =J13+G13 -> 13026590 | L13: =K13*1.1 -> 14329249 | M13: =F13+I13 -> 11560 | O13: 102.74194 | P13: =O13*11650 -> 1196943.5 | R13: 29.354839 | S13: =R13*11650 -> 341983.87 | U13: 10.274194 | V13: =U13*11650 -> 119694.35 | X13: 4.4032258 | Y13: =X13*11650 -> 51297.581 | Z13: =O13+R13+U13+X13 -> 146.77419 | AA13: =P13+S13+V13+Y13 -> 1709919.4 | AE13: 10700 | AH13: 161 | AI13: =AH13*13582 -> 2186702 | AJ13: 49 | AK13: =AJ13*4000 -> 196000 | AL13: 14 | AM13: =AL13*4000 -> 56000 | AN13: 10 | AO13: =AI13+AK13+AM13 -> 2438702 | AP13: =AH13+AJ13+AL13 -> 224
B14: 43226 | C14: 37 | D14: 261 | E14: 4.54 | F14: =E14*2000 -> 9080 | G14: =F14*1035.5 -> 9402340 | H14: 1.02 | I14: =H14*2000 -> 2040 | J14: =I14*1553.25 -> 3168630 | K14: =J14+G14 -> 12570970 | L14: =K14*1.1 -> 13828067 | M14: =F14+I14 -> 11120 | O14: 102.74194 | P14: =O14*11650 -> 1196943.5 | R14: 29.354839 | S14: =R14*11650 -> 341983.87 | U14: 10.274194 | V14: =U14*11650 -> 119694.35 | X14: 4.4032258 | Y14: =X14*11650 -> 51297.581 | Z14: =O14+R14+U14+X14 -> 146.77419 | AA14: =P14+S14+V14+Y14 -> 1709919.4 | AC14: 40 | AE14: 10700 | AH14: 156 | AI14: =AH14*13582 -> 2118792 | AJ14: 52 | AK14: =AJ14*4000 -> 208000 | AL14: 46 | AM14: =AL14*4000 -> 184000 | AN14: 10 | AO14: =AI14+AK14+AM14 -> 2510792 | AP14: =AH14+AJ14+AL14 -> 254
B15: 43227 | C15: 38 | D15: 276 | E15: 4.65 | F15: =E15*2000 -> 9300 | G15: =F15*1035.5 -> 9630150 | H15: 1 | I15: =H15*2000 -> 2000 | J15: =I15*1553.25 -> 3106500 | K15: =J15+G15 -> 12736650 | L15: =K15*1.1 -> 14010315 | M15: =F15+I15 -> 11300 | O15: 102.74194 | P15: =O15*11650 -> 1196943.5 | R15: 29.354839 | S15: =R15*11650 -> 341983.87 | U15: 10.274194 | V15: =U15*11650 -> 119694.35 | X15: 4.4032258 | Y15: =X15*11650 -> 51297.581 | Z15: =O15+R15+U15+X15 -> 146.77419 | AA15: =P15+S15+V15+Y15 -> 1709919.4 | AE15: 10700 | AH15: 130 | AI15: =AH15*13582 -> 1765660 | AJ15: 39 | AK15: =AJ15*4000 -> 156000 | AL15: 58 | AM15: =AL15*4000 -> 232000 | AN15: 10 | AO15: =AI15+AK15+AM15 -> 2153660 | AP15: =AH15+AJ15+AL15 -> 227
B16: 43228 | C16: 39 | D16: 244 | E16: 4.51 | F16: =E16*2000 -> 9020 | G16: =F16*1035.5 -> 9340210 | H16: 1.02 | I16: =H16*2000 -> 2040 | J16: =I16*1553.25 -> 3168630 | K16: =J16+G16 -> 12508840 | L16: =K16*1.1 -> 13759724 | M16: =F16+I16 -> 11060 | O16: 102.74194 | P16: =O16*11650 -> 1196943.5 | R16: 29.354839 | S16: =R16*11650 -> 341983.87 | U16: 10.274194 | V16: =U16*11650 -> 119694.35 | X16: 4.4032258 | Y16: =X16*11650 -> 51297.581 | Z16: =O16+R16+U16+X16 -> 146.77419 | AA16: =P16+S16+V16+Y16 -> 1709919.4 | AE16: 10700 | AH16: 120 | AI16: =AH16*13582 -> 1629840 | AJ16: 79 | AK16: =AJ16*4000 -> 316000 | AL16: 57 | AM16: =AL16*4000 -> 228000 | AN16: 10 | AO16: =AI16+AK16+AM16 -> 2173840 | AP16: =AH16+AJ16+AL16 -> 256
B17: 43229 | C17: 37 | D17: 292 | E17: 4.57 | F17: =E17*2000 -> 9140 | G17: =F17*1035.5 -> 9464470 | H17: 0.99 | I17: =H17*2000 -> 1980 | J17: =I17*1553.25 -> 3075435 | K17: =J17+G17 -> 12539905 | L17: =K17*1.1 -> 13793895 | M17: =F17+I17 -> 11120 | O17: 102.74194 | P17: =O17*11650 -> 1196943.5 | R17: 29.354839 | S17: =R17*11650 -> 341983.87 | U17: 10.274194 | V17: =U17*11650 -> 119694.35 | X17: 4.4032258 | Y17: =X17*11650 -> 51297.581 | Z17: =O17+R17+U17+X17 -> 146.77419 | AA17: =P17+S17+V17+Y17 -> 1709919.4 | AE17: 10700 | AH17: 128 | AI17: =AH17*13582 -> 1738496 | AJ17: 48 | AK17: =AJ17*4000 -> 192000 | AL17: 53 | AM17: =AL17*4000 -> 212000 | AN17: 10 | AO17: =AI17+AK17+AM17 -> 2142496 | AP17: =AH17+AJ17+AL17 -> 229
B18: 43230 | C18: 33 | D18: 276 | E18: 4.57 | F18: =E18*2000 -> 9140 | G18: =F18*1035.5 -> 9464470 | H18: 0.88 | I18: =H18*2000 -> 1760 | J18: =I18*1553.25 -> 2733720 | K18: =J18+G18 -> 12198190 | L18: =K18*1.1 -> 13418009 | M18: =F18+I18 -> 10900 | O18: 102.74194 | P18: =O18*11650 -> 1196943.5 | R18: 29.354839 | S18: =R18*11650 -> 341983.87 | U18: 10.274194 | V18: =U18*11650 -> 119694.35 | X18: 4.4032258 | Y18: =X18*11650 -> 51297.581 | Z18: =O18+R18+U18+X18 -> 146.77419 | AA18: =P18+S18+V18+Y18 -> 1709919.4 | AE18: 10700 | AH18: 131 | AI18: =AH18*13582 -> 1779242 | AJ18: 40 | AK18: =AJ18*4000 -> 160000 | AL18: 45 | AM18: =AL18*4000 -> 180000 | AN18: 10 | AO18: =AI18+AK18+AM18 -> 2119242 | AP18: =AH18+AJ18+AL18 -> 216
B19: 43231 | C19: 39 | D19: 220 | E19: 4.78 | F19: =E19*2000 -> 9560 | G19: =F19*1035.5 -> 9899380 | H19: 1.14 | I19: =H19*2000 -> 2280 | J19: =I19*1553.25 -> 3541410 | K19: =J19+G19 -> 13440790 | L19: =K19*1.1 -> 14784869 | M19: =F19+I19 -> 11840 | O19: 102.74194 | P19: =O19*11650 -> 1196943.5 | R19: 29.354839 | S19: =R19*11650 -> 341983.87 | U19: 10.274194 | V19: =U19*11650 -> 119694.35 | X19: 4.4032258 | Y19: =X19*11650 -> 51297.581 | Z19: =O19+R19+U19+X19 -> 146.77419 | AA19: =P19+S19+V19+Y19 -> 1709919.4 | AE19: 10700 | AH19: 134 | AI19: =AH19*13582 -> 1819988 | AJ19: 54 | AK19: =AJ19*4000 -> 216000 | AL19: 58 | AM19: =AL19*4000 -> 232000 | AN19: 10 | AO19: =AI19+AK19+AM19 -> 2267988 | AP19: =AH19+AJ19+AL19 -> 246
B20: 43232 | C20: 36 | D20: 269 | E20: 4.58 | F20: =E20*2000 -> 9160 | G20: =F20*1035.5 -> 9485180 | H20: 0.99 | I20: =H20*2000 -> 1980 | J20: =I20*1553.25 -> 3075435 | K20: =J20+G20 -> 12560615 | L20: =K20*1.1 -> 13816677 | M20: =F20+I20 -> 11140 | O20: 102.74194 | P20: =O20*11650 -> 1196943.5 | R20: 29.354839 | S20: =R20*11650 -> 341983.87 | U20: 10.274194 | V20: =U20*11650 -> 119694.35 | X20: 4.4032258 | Y20: =X20*11650 -> 51297.581 | Z20: =O20+R20+U20+X20 -> 146.77419 | AA20: =P20+S20+V20+Y20 -> 1709919.4 | AC20: 40 | AE20: 10700 | AH20: 121 | AI20: =AH20*13582 -> 1643422 | AJ20: 46 | AK20: =AJ20*4000 -> 184000 | AL20: 54 | AM20: =AL20*4000 -> 216000 | AN20: 10 | AO20: =AI20+AK20+AM20 -> 2043422 | AP20: =AH20+AJ20+AL20 -> 221
B21: 43233 | C21: 38 | D21: 280 | E21: 4.59 | F21: =E21*2000 -> 9180 | G21: =F21*1035.5 -> 9505890 | H21: 0.93 | I21: =H21*2000 -> 1860 | J21: =I21*1553.25 -> 2889045 | K21: =J21+G21 -> 12394935 | L21: =K21*1.1 -> 13634428 | M21: =F21+I21 -> 11040 | O21: 102.74194 | P21: =O21*11650 -> 1196943.5 | R21: 29.354839 | S21: =R21*11650 -> 341983.87 | U21: 10.274194 | V21: =U21*11650 -> 119694.35 | X21: 4.4032258 | Y21: =X21*11650 -> 51297.581 | Z21: =O21+R21+U21+X21 -> 146.77419 | AA21: =P21+S21+V21+Y21 -> 1709919.4 | AE21: 10700 | AH21: 116 | AI21: =AH21*13582 -> 1575512 | AJ21: 48 | AK21: =AJ21*4000 -> 192000 | AL21: 51 | AM21: =AL21*4000 -> 204000 | AN21: 10 | AO21: =AI21+AK21+AM21 -> 1971512 | AP21: =AH21+AJ21+AL21 -> 215
B22: 43234 | C22: 33 | D22: 238 | E22: 4.68 | F22: =E22*2000 -> 9360 | G22: =F22*1035.5 -> 9692280 | H22: 1.04 | I22: =H22*2000 -> 2080 | J22: =I22*1553.25 -> 3230760 | K22: =J22+G22 -> 12923040 | L22: =K22*1.1 -> 14215344 | M22: =F22+I22 -> 11440 | O22: 102.74194 | P22: =O22*11650 -> 1196943.5 | R22: 29.354839 | S22: =R22*11650 -> 341983.87 | U22: 10.274194 | V22: =U22*11650 -> 119694.35 | X22: 4.4032258 | Y22: =X22*11650 -> 51297.581 | Z22: =O22+R22+U22+X22 -> 146.77419 | AA22: =P22+S22+V22+Y22 -> 1709919.4 | AE22: 10700 | AH22: 108 | AI22: =AH22*13582 -> 1466856 | AJ22: 49 | AK22: =AJ22*4000 -> 196000 | AL22: 52 | AM22: =AL22*4000 -> 208000 | AN22: 10 | AO22: =AI22+AK22+AM22 -> 1870856 | AP22: =AH22+AJ22+AL22 -> 209
B23: 43235 | C23: 36 | D23: 241 | E23: 4.62 | F23: =E23*2000 -> 9240 | G23: =F23*1035.5 -> 9568020 | H23: 1 | I23: =H23*2000 -> 2000 | J23: =I23*1553.25 -> 3106500 | K23: =J23+G23 -> 12674520 | L23: =K23*1.1 -> 13941972 | M23: =F23+I23 -> 11240 | O23: 102.74194 | P23: =O23*11650 -> 1196943.5 | R23: 29.354839 | S23: =R23*11650 -> 341983.87 | U23: 10.274194 | V23: =U23*11650 -> 119694.35 | X23: 4.4032258 | Y23: =X23*11650 -> 51297.581 | Z23: =O23+R23+U23+X23 -> 146.77419 | AA23: =P23+S23+V23+Y23 -> 1709919.4 | AE23: 10700 | AH23: 95 | AI23: =AH23*13582 -> 1290290 | AJ23: 40 | AK23: =AJ23*4000 -> 160000 | AL23: 45 | AM23: =AL23*4000 -> 180000 | AN23: 10 | AO23: =AI23+AK23+AM23 -> 1630290 | AP23: =AH23+AJ23+AL23 -> 180
B24: 43236 | C24: 34 | D24: 187 | E24: 4.34 | F24: =E24*2000 -> 8680 | G24: =F24*1035.5 -> 8988140 | H24: 0.97 | I24: =H24*2000 -> 1940 | J24: =I24*1553.25 -> 3013305 | K24: =J24+G24 -> 12001445 | L24: =K24*1.1 -> 13201590 | M24: =F24+I24 -> 10620 | O24: 102.74194 | P24: =O24*11650 -> 1196943.5 | R24: 29.354839 | S24: =R24*11650 -> 341983.87 | U24: 10.274194 | V24: =U24*11650 -> 119694.35 | X24: 4.4032258 | Y24: =X24*11650 -> 51297.581 | Z24: =O24+R24+U24+X24 -> 146.77419 | AA24: =P24+S24+V24+Y24 -> 1709919.4 | AE24: 10700 | AH24: 107 | AI24: =AH24*13582 -> 1453274 | AJ24: 49 | AK24: =AJ24*4000 -> 196000 | AL24: 52 | AM24: =AL24*4000 -> 208000 | AN24: 10 | AO24: =AI24+AK24+AM24 -> 1857274 | AP24: =AH24+AJ24+AL24 -> 208
B25: 43237 | C25: 26 | D25: 217 | E25: 4.38 | F25: =E25*2000 -> 8760 | G25: =F25*1035.5 -> 9070980 | H25: 0.93 | I25: =H25*2000 -> 1860 | J25: =I25*1553.25 -> 2889045 | K25: =J25+G25 -> 11960025 | L25: =K25*1.1 -> 13156027 | M25: =F25+I25 -> 10620 | O25: 102.74194 | P25: =O25*11650 -> 1196943.5 | R25: 29.354839 | S25: =R25*11650 -> 341983.87 | U25: 10.274194 | V25: =U25*11650 -> 119694.35 | X25: 4.4032258 | Y25: =X25*11650 -> 51297.581 | Z25: =O25+R25+U25+X25 -> 146.77419 | AA25: =P25+S25+V25+Y25 -> 1709919.4 | AE25: 10700 | AH25: 92 | AI25: =AH25*13582 -> 1249544 | AJ25: 44 | AK25: =AJ25*4000 -> 176000 | AL25: 49 | AM25: =AL25*4000 -> 196000 | AN25: 10 | AO25: =AI25+AK25+AM25 -> 1621544 | AP25: =AH25+AJ25+AL25 -> 185
B26: 43238 | C26: 31 | D26: 238 | E26: 4.47 | F26: =E26*2000 -> 8940 | G26: =F26*1035.5 -> 9257370 | H26: 0.9 | I26: =H26*2000 -> 1800 | J26: =I26*1553.25 -> 2795850 | K26: =J26+G26 -> 12053220 | L26: =K26*1.1 -> 13258542 | M26: =F26+I26 -> 10740 | O26: 102.74194 | P26: =O26*11650 -> 1196943.5 | R26: 29.354839 | S26: =R26*11650 -> 341983.87 | U26: 10.274194 | V26: =U26*11650 -> 119694.35 | X26: 4.4032258 | Y26: =X26*11650 -> 51297.581 | Z26: =O26+R26+U26+X26 -> 146.77419 | AA26: =P26+S26+V26+Y26 -> 1709919.4 | AE26: 10700 | AH26: 115 | AI26: =AH26*13582 -> 1561930 | AJ26: 48 | AK26: =AJ26*4000 -> 192000 | AL26: 53 | AM26: =AL26*4000 -> 212000 | AN26: 10 | AO26: =AI26+AK26+AM26 -> 1965930 | AP26: =AH26+AJ26+AL26 -> 216
B27: 43239 | C27: 31 | D27: 215 | E27: 4.28 | F27: =E27*2000 -> 8560 | G27: =F27*1035.5 -> 8863880 | H27: 0.95 | I27: =H27*2000 -> 1900 | J27: =I27*1553.25 -> 2951175 | K27: =J27+G27 -> 11815055 | L27: =K27*1.1 -> 12996560 | M27: =F27+I27 -> 10460 | O27: 102.74194 | P27: =O27*11650 -> 1196943.5 | R27: 29.354839 | S27: =R27*11650 -> 341983.87 | U27: 10.274194 | V27: =U27*11650 -> 119694.35 | X27: 4.4032258 | Y27: =X27*11650 -> 51297.581 | Z27: =O27+R27+U27+X27 -> 146.77419 | AA27: =P27+S27+V27+Y27 -> 1709919.4 | AE27: 10700 | AH27: 97 | AI27: =AH27*13582 -> 1317454 | AJ27: 40 | AK27: =AJ27*4000 -> 160000 | AL27: 51 | AM27: =AL27*4000 -> 204000 | AN27: 10 | AO27: =AI27+AK27+AM27 -> 1681454 | AP27: =AH27+AJ27+AL27 -> 188
B28: 43240 | C28: 26 | D28: 183 | E28: 4.26 | F28: =E28*2000 -> 8520 | G28: =F28*1035.5 -> 8822460 | H28: 0.96 | I28: =H28*2000 -> 1920 | J28: =I28*1553.25 -> 2982240 | K28: =J28+G28 -> 11804700 | L28: =K28*1.1 -> 12985170 | M28: =F28+I28 -> 10440 | O28: 102.74194 | P28: =O28*11650 -> 1196943.5 | R28: 29.354839 | S28: =R28*11650 -> 341983.87 | U28: 10.274194 | V28: =U28*11650 -> 119694.35 | X28: 4.4032258 | Y28: =X28*11650 -> 51297.581 | Z28: =O28+R28+U28+X28 -> 146.77419 | AA28: =P28+S28+V28+Y28 -> 1709919.4 | AC28: 40 | AE28: 10700 | AH28: 106 | AI28: =AH28*13582 -> 1439692 | AJ28: 52 | AK28: =AJ28*4000 -> 208000 | AL28: 49 | AM28: =AL28*4000 -> 196000 | AN28: 10 | AO28: =AI28+AK28+AM28 -> 1843692 | AP28: =AH28+AJ28+AL28 -> 207
B29: 43241 | C29: 22 | D29: 181 | E29: 4.51 | F29: =E29*2000 -> 9020 | G29: =F29*1035.5 -> 9340210 | H29: 0.9 | I29: =H29*2000 -> 1800 | J29: =I29*1553.25 -> 2795850 | K29: =J29+G29 -> 12136060 | L29: =K29*1.1 -> 13349666 | M29: =F29+I29 -> 10820 | O29: 102.74194 | P29: =O29*11650 -> 1196943.5 | R29: 29.354839 | S29: =R29*11650 -> 341983.87 | U29: 10.274194 | V29: =U29*11650 -> 119694.35 | X29: 4.4032258 | Y29: =X29*11650 -> 51297.581 | Z29: =O29+R29+U29+X29 -> 146.77419 | AA29: =P29+S29+V29+Y29 -> 1709919.4 | AE29: 10700 | AH29: 117 | AI29: =AH29*13582 -> 1589094 | AJ29: 52 | AK29: =AJ29*4000 -> 208000 | AL29: 58 | AM29: =AL29*4000 -> 232000 | AN29: 10 | AO29: =AI29+AK29+AM29 -> 2029094 | AP29: =AH29+AJ29+AL29 -> 227
B30: 43242 | C30: 28 | D30: 192 | E30: 4.41 | F30: =E30*2000 -> 8820 | G30: =F30*1035.5 -> 9133110 | H30: 0.94 | I30: =H30*2000 -> 1880 | J30: =I30*1553.25 -> 2920110 | K30: =J30+G30 -> 12053220 | L30: =K30*1.1 -> 13258542 | M30: =F30+I30 -> 10700 | O30: 102.74194 | P30: =O30*11650 -> 1196943.5 | R30: 29.354839 | S30: =R30*11650 -> 341983.87 | U30: 10.274194 | V30: =U30*11650 -> 119694.35 | X30: 4.4032258 | Y30: =X30*11650 -> 51297.581 | Z30: =O30+R30+U30+X30 -> 146.77419 | AA30: =P30+S30+V30+Y30 -> 1709919.4 | AE30: 10700 | AH30: 123 | AI30: =AH30*13582 -> 1670586 | AJ30: 53 | AK30: =AJ30*4000 -> 212000 | AL30: 57 | AM30: =AL30*4000 -> 228000 | AN30: 10 | AO30: =AI30+AK30+AM30 -> 2110586 | AP30: =AH30+AJ30+AL30 -> 233
B31: 43243 | C31: 30 | D31: 212 | E31: 4.52 | F31: =E31*2000 -> 9040 | G31: =F31*1035.5 -> 9360920 | H31: 0.98 | I31: =H31*2000 -> 1960 | J31: =I31*1553.25 -> 3044370 | K31: =J31+G31 -> 12405290 | L31: =K31*1.1 -> 13645819 | M31: =F31+I31 -> 11000 | O31: 102.74194 | P31: =O31*11650 -> 1196943.5 | R31: 29.354839 | S31: =R31*11650 -> 341983.87 | U31: 10.274194 | V31: =U31*11650 -> 119694.35 | X31: 4.4032258 | Y31: =X31*11650 -> 51297.581 | Z31: =O31+R31+U31+X31 -> 146.77419 | AA31: =P31+S31+V31+Y31 -> 1709919.4 | AE31: 10700 | AH31: 134 | AI31: =AH31*13582 -> 1819988 | AJ31: 56 | AK31: =AJ31*4000 -> 224000 | AL31: 67 | AM31: =AL31*4000 -> 268000 | AN31: 10 | AO31: =AI31+AK31+AM31 -> 2311988 | AP31: =AH31+AJ31+AL31 -> 257
B32: 43244 | C32: 31 | D32: 209 | E32: 4.53 | F32: =E32*2000 -> 9060 | G32: =F32*1035.5 -> 9381630 | H32: 0.93 | I32: =H32*2000 -> 1860 | J32: =I32*1553.25 -> 2889045 | K32: =J32+G32 -> 12270675 | L32: =K32*1.1 -> 13497742 | M32: =F32+I32 -> 10920 | O32: 102.74194 | P32: =O32*11650 -> 1196943.5 | R32: 29.354839 | S32: =R32*11650 -> 341983.87 | U32: 10.274194 | V32: =U32*11650 -> 119694.35 | X32: 4.4032258 | Y32: =X32*11650 -> 51297.581 | Z32: =O32+R32+U32+X32 -> 146.77419 | AA32: =P32+S32+V32+Y32 -> 1709919.4 | AE32: 10700 | AH32: 117 | AI32: =AH32*13582 -> 1589094 | AJ32: 64 | AK32: =AJ32*4000 -> 256000 | AL32: 65 | AM32: =AL32*4000 -> 260000 | AN32: 10 | AO32: =AI32+AK32+AM32 -> 2105094 | AP32: =AH32+AJ32+AL32 -> 246
B33: 43245 | C33: 36 | D33: 229 | E33: 4.56 | F33: =E33*2000 -> 9120 | G33: =F33*1035.5 -> 9443760 | H33: 1.01 | I33: =H33*2000 -> 2020 | J33: =I33*1553.25 -> 3137565 | K33: =J33+G33 -> 12581325 | L33: =K33*1.1 -> 13839457 | M33: =F33+I33 -> 11140 | O33: 102.74194 | P33: =O33*11650 -> 1196943.5 | R33: 29.354839 | S33: =R33*11650 -> 341983.87 | U33: 10.274194 | V33: =U33*11650 -> 119694.35 | X33: 4.4032258 | Y33: =X33*11650 -> 51297.581 | Z33: =O33+R33+U33+X33 -> 146.77419 | AA33: =P33+S33+V33+Y33 -> 1709919.4 | AE33: 10700 | AH33: 52 | AI33: =AH33*13582 -> 706264 | AJ33: 66 | AK33: =AJ33*4000 -> 264000 | AL33: 63 | AM33: =AL33*4000 -> 252000 | AN33: 10 | AO33: =AI33+AK33+AM33 -> 1222264 | AP33: =AH33+AJ33+AL33 -> 181
B34: 43246 | C34: 32 | D34: 237 | E34: 4.73 | F34: =E34*2000 -> 9460 | G34: =F34*1035.5 -> 9795830 | H34: 0.97 | I34: =H34*2000 -> 1940 | J34: =I34*1553.25 -> 3013305 | K34: =J34+G34 -> 12809135 | L34: =K34*1.1 -> 14090049 | M34: =F34+I34 -> 11400 | O34: 102.74194 | P34: =O34*11650 -> 1196943.5 | R34: 29.354839 | S34: =R34*11650 -> 341983.87 | U34: 10.274194 | V34: =U34*11650 -> 119694.35 | X34: 4.4032258 | Y34: =X34*11650 -> 51297.581 | Z34: =O34+R34+U34+X34 -> 146.77419 | AA34: =P34+S34+V34+Y34 -> 1709919.4 | AC34: 40 | AE34: 10700 | AH34: 83 | AI34: =AH34*13582 -> 1127306 | AJ34: 65 | AK34: =AJ34*4000 -> 260000 | AL34: 64 | AM34: =AL34*4000 -> 256000 | AN34: 10 | AO34: =AI34+AK34+AM34 -> 1643306 | AP34: =AH34+AJ34+AL34 -> 212
B35: 43247 | C35: 31 | D35: 168 | E35: 4.61 | F35: =E35*2000 -> 9220 | G35: =F35*1035.5 -> 9547310 | H35: 0.98 | I35: =H35*2000 -> 1960 | J35: =I35*1553.25 -> 3044370 | K35: =J35+G35 -> 12591680 | L35: =K35*1.1 -> 13850848 | M35: =F35+I35 -> 11180 | O35: 102.74194 | P35: =O35*11650 -> 1196943.5 | R35: 29.354839 | S35: =R35*11650 -> 341983.87 | U35: 10.274194 | V35: =U35*11650 -> 119694.35 | X35: 4.4032258 | Y35: =X35*11650 -> 51297.581 | Z35: =O35+R35+U35+X35 -> 146.77419 | AA35: =P35+S35+V35+Y35 -> 1709919.4 | AE35: 10700 | AH35: 114 | AI35: =AH35*13582 -> 1548348 | AJ35: 59 | AK35: =AJ35*4000 -> 236000 | AL35: 61 | AM35: =AL35*4000 -> 244000 | AN35: 10 | AO35: =AI35+AK35+AM35 -> 2028348 | AP35: =AH35+AJ35+AL35 -> 234
B36: 43248 | C36: 23 | D36: 222 | E36: 4.4 | F36: =E36*2000 -> 8800 | G36: =F36*1035.5 -> 9112400 | H36: 0.94 | I36: =H36*2000 -> 1880 | J36: =I36*1553.25 -> 2920110 | K36: =J36+G36 -> 12032510 | L36: =K36*1.1 -> 13235761 | M36: =F36+I36 -> 10680 | O36: 102.74194 | P36: =O36*11650 -> 1196943.5 | R36: 29.354839 | S36: =R36*11650 -> 341983.87 | U36: 10.274194 | V36: =U36*11650 -> 119694.35 | X36: 4.4032258 | Y36: =X36*11650 -> 51297.581 | Z36: =O36+R36+U36+X36 -> 146.77419 | AA36: =P36+S36+V36+Y36 -> 1709919.4 | AE36: 10700 | AH36: 129 | AI36: =AH36*13582 -> 1752078 | AJ36: 59 | AK36: =AJ36*4000 -> 236000 | AL36: 62 | AM36: =AL36*4000 -> 248000 | AN36: 10 | AO36: =AI36+AK36+AM36 -> 2236078 | AP36: =AH36+AJ36+AL36 -> 250
B37: 43249 | C37: 25 | D37: 180 | E37: 4.25 | F37: =E37*2000 -> 8500 | G37: =F37*1035.5 -> 8801750 | H37: 0.93 | I37: =H37*2000 -> 1860 | J37: =I37*1553.25 -> 2889045 | K37: =J37+G37 -> 11690795 | L37: =K37*1.1 -> 12859875 | M37: =F37+I37 -> 10360 | O37: 102.74194 | P37: =O37*11650 -> 1196943.5 | R37: 29.354839 | S37: =R37*11650 -> 341983.87 | U37: 10.274194 | V37: =U37*11650 -> 119694.35 | X37: 4.4032258 | Y37: =X37*11650 -> 51297.581 | Z37: =O37+R37+U37+X37 -> 146.77419 | AA37: =P37+S37+V37+Y37 -> 1709919.4 | AE37: 10700 | AH37: 122 | AI37: =AH37*13582 -> 1657004 | AJ37: 42 | AK37: =AJ37*4000 -> 168000 | AL37: 39 | AM37: =AL37*4000 -> 156000 | AN37: 10 | AO37: =AI37+AK37+AM37 -> 1981004 | AP37: =AH37+AJ37+AL37 -> 203
B38: 43250 | C38: 30 | D38: 193 | E38: 4.18 | F38: =E38*2000 -> 8360 | G38: =F38*1035.5 -> 8656780 | H38: 0.9 | I38: =H38*2000 -> 1800 | J38: =I38*1553.25 -> 2795850 | K38: =J38+G38 -> 11452630 | L38: =K38*1.1 -> 12597893 | M38: =F38+I38 -> 10160 | O38: 102.74194 | P38: =O38*11650 -> 1196943.5 | R38: 29.354839 | S38: =R38*11650 -> 341983.87 | U38: 10.274194 | V38: =U38*11650 -> 119694.35 | X38: 4.4032258 | Y38: =X38*11650 -> 51297.581 | Z38: =O38+R38+U38+X38 -> 146.77419 | AA38: =P38+S38+V38+Y38 -> 1709919.4 | AE38: 10700 | AH38: 120 | AI38: =AH38*13582 -> 1629840 | AJ38: 35 | AK38: =AJ38*4000 -> 140000 | AL38: 38 | AM38: =AL38*4000 -> 152000 | AN38: 10 | AO38: =AI38+AK38+AM38 -> 1921840 | AP38: =AH38+AJ38+AL38 -> 193
B39: 43251 | C39: 29 | D39: 226 | E39: 4.14 | F39: =E39*2000 -> 8280 | G39: =F39*1035.5 -> 8573940 | H39: 0.87 | I39: =H39*2000 -> 1740 | J39: =I39*1553.25 -> 2702655 | K39: =J39+G39 -> 11276595 | L39: =K39*1.1 -> 12404254 | M39: =F39+I39 -> 10020 | O39: 102.74194 | P39: =O39*11650 -> 1196943.5 | R39: 29.354839 | S39: =R39*11650 -> 341983.87 | U39: 10.274194 | V39: =U39*11650 -> 119694.35 | X39: 4.4032258 | Y39: =X39*11650 -> 51297.581 | Z39: =O39+R39+U39+X39 -> 146.77419 | AA39: =P39+S39+V39+Y39 -> 1709919.4 | AB39: =SUM(AB9:AB38) -> 0 | AD39: =SUM(AD9:AD38) -> 0 | AE39: 10700 | AF39: =SUM(AF9:AF38) -> 0 | AG39: =SUM(AG9:AG38) -> 0 | AH39: 96 | AI39: =AH39*13582 -> 1303872 | AJ39: 47 | AK39: =AJ39*4000 -> 188000 | AL39: 45 | AM39: =AL39*4000 -> 180000 | AN39: =SUM(AN9:AN38) -> 300 | AO39: =AI39+AK39+AM39 -> 1671872 | AP39: =AH39+AJ39+AL39 -> 188 | AQ39: =SUM(AQ9:AQ38) -> 0
E40: =SUM(E9:E39) -> 139.55 | F40: =SUM(F9:F39) -> 279100 | G40: =SUM(G9:G39) -> 2.8900805e+08 | H40: =SUM(H9:H39) -> 30.08 | I40: =SUM(I9:I39) -> 60160 | J40: =SUM(J9:J39) -> 93443520 | K40: =SUM(K9:K39) -> 3.8245157e+08 | L40: =SUM(L9:L39) -> 4.2069673e+08 | M40: =F40+I40 -> 339260 | N40: =SUM(N9:N39) -> 3185 | O40: =SUM(O9:O39) -> 3185 | P40: =SUM(P9:P39) -> 37105250 | Q40: =SUM(Q9:Q39) -> 910 | R40: =SUM(R9:R39) -> 910 | S40: =SUM(S9:S39) -> 10601500 | T40: =SUM(T9:T39) -> 318.5 | U40: =SUM(U9:U39) -> 318.5 | ... Y40: =SUM(Y9:Y39) -> 1590225 | Z40: =O40+R40+U40+X40 -> 4550 | AA40: =SUM(AA9:AA39) -> 53007500 | AB40: =SUM(AB9:AB39) -> 0 | AC40: =SUM(AC9:AC39) -> 200 | AD40: =SUM(AD9:AD39) -> 0 | AE40: =SUM(AE9:AE39) -> 331700 | AF40: =SUM(AF9:AF39) -> 0 | AG40: =SUM(AG9:AG39) -> 0 | AH40: =SUM(AH9:AH39) -> 3716 | ... AQ40: =SUM(AQ9:AQ39) -> 0
L41: =L40/M40 -> 1240.0422 | AO41: =AO40/AP40 -> 9268.0444
