Workbook

Sheet TOTAL
A1: Site Name | B1: Day | C1: Month | D1: Year | E1: Total Electricity Kwh | F1: Electricity Tariff ($/Kwh) | G1: LPG (Kg) | H1: LPG $/Kg | I1: Water Utility Supply (m3) m3 | J1: Water Utility Supply (m3) $/m3 | K1: Irrigation Water (m3) m3 | L1: Irrigation water $/m3 | M1: Room Nights | N1: Total Guests
A2: Dubai at Jumeirah Beach | B2: 1 | C2: 4 | D2: 2022 | E2: =Submetering!M2+Submetering!N2+Submetering!O2+Submetering!P2+Submetering!Q2+Submetering!R2+Submetering!S2+Submetering!T2+Submetering!U2+Submetering!V2 -> 42337.68 | F2: 0.44448 | G2: =SUM(Submetering!Z2:AB2,Submetering!AD2:AI2) -> 852.39 | H2: =2.32/0.52 -> 4.4615385 | I2: =Submetering!G2 -> 691 | J2: 13.83 | K2: =Submetering!I2 -> 137 | L2: 1.2 | M2: =Submetering!E2 -> 199.08 | N2: =Submetering!F2 -> 380
A3: Dubai at Jumeirah Beach | B3: =B2+1 -> 2 | C3: 4 | D3: 2022 | E3: =Submetering!M3+Submetering!N3+Submetering!O3+Submetering!P3+Submetering!Q3+Submetering!R3+Submetering!S3+Submetering!T3+Submetering!U3+Submetering!V3 -> 44432.64 | F3: 0.44448 | G3: =SUM(Submetering!Z3:AB3,Submetering!AD3:AI3) -> 644.49 | H3: =2.32/0.52 -> 4.4615385 | I3: =Submetering!G3 -> 754 | J3: 13.83 | K3: =Submetering!I3 -> 328 | L3: 1.2 | M3: =Submetering!E3 -> 180.12 | N3: =Submetering!F3 -> 365
A4: Dubai at Jumeirah Beach | B4: =B3+1 -> 3 | C4: 4 | D4: 2022 | E4: =Submetering!M4+Submetering!N4+Submetering!O4+Submetering!P4+Submetering!Q4+Submetering!R4+Submetering!S4+Submetering!T4+Submetering!U4+Submetering!V4 -> 43068.48 | F4: 0.44448 | G4: =SUM(Submetering!Z4:AB4,Submetering!AD4:AI4) -> 678.51 | H4: =2.32/0.52 -> 4.4615385 | I4: =Submetering!G4 -> 709 | J4: 13.83 | K4: =Submetering!I4 -> 330 | L4: 1.2 | M4: =Submetering!E4 -> 173.01 | N4: =Submetering!F4 -> 389
A5: Dubai at Jumeirah Beach | B5: =B4+1 -> 4 | C5: 4 | D5: 2022 | E5: =Submetering!M5+Submetering!N5+Submetering!O5+Submetering!P5+Submetering!Q5+Submetering!R5+Submetering!S5+Submetering!T5+Submetering!U5+Submetering!V5 -> 42678.72 | F5: 0.44448 | G5: =SUM(Submetering!Z5:AB5,Submetering!AD5:AI5) -> 680.4 | H5: =2.32/0.52 -> 4.4615385 | I5: =Submetering!G5 -> 782 | J5: 13.83 | K5: =Submetering!I5 -> 319 | L5: 1.2 | M5: =Submetering!E5 -> 173.01 | N5: =Submetering!F5 -> 334
A6: Dubai at Jumeirah Beach | B6: =B5+1 -> 5 | C6: 4 | D6: 2022 | E6: =Submetering!M6+Submetering!N6+Submetering!O6+Submetering!P6+Submetering!Q6+Submetering!R6+Submetering!S6+Submetering!T6+Submetering!U6+Submetering!V6 -> 44432.64 | F6: 0.44448 | G6: =SUM(Submetering!Z6:AB6,Submetering!AD6:AI6) -> 570.78 | H6: =2.32/0.52 -> 4.4615385 | I6: =Submetering!G6 -> 668 | J6: 13.83 | K6: =Submetering!I6 -> 323 | L6: 1.2 | M6: =Submetering!E6 -> 175.38 | N6: =Submetering!F6 -> 331
A7: Dubai at Jumeirah Beach | B7: =B6+1 -> 6 | C7: 4 | D7: 2022 | E7: =Submetering!M7+Submetering!N7+Submetering!O7+Submetering!P7+Submetering!Q7+Submetering!R7+Submetering!S7+Submetering!T7+Submetering!U7+Submetering!V7 -> 44042.88 | F7: 0.44448 | G7: =SUM(Submetering!Z7:AB7,Submetering!AD7:AI7) -> 561.33 | H7: =2.32/0.52 -> 4.4615385 | I7: =Submetering!G7 -> 709 | J7: 13.83 | K7: =Submetering!I7 -> 336 | L7: 1.2 | M7: =Submetering!E7 -> 168.27 | N7: =Submetering!F7 -> 346
A8: Dubai at Jumeirah Beach | B8: =B7+1 -> 7 | C8: 4 | D8: 2022 | E8: =Submetering!M8+Submetering!N8+Submetering!O8+Submetering!P8+Submetering!Q8+Submetering!R8+Submetering!S8+Submetering!T8+Submetering!U8+Submetering!V8 -> 42824.88 | F8: 0.44448 | G8: =SUM(Submetering!Z8:AB8,Submetering!AD8:AI8) -> 557.55 | H8: =2.32/0.52 -> 4.4615385 | I8: =Submetering!G8 -> 704 | J8: 13.83 | K8: =Submetering!I8 -> 310 | L8: 1.2 | M8: =Submetering!E8 -> 170.64 | N8: =Submetering!F8 -> 345
A9: Dubai at Jumeirah Beach | B9: =B8+1 -> 8 | C9: 4 | D9: 2022 | E9: =Submetering!M9+Submetering!N9+Submetering!O9+Submetering!P9+Submetering!Q9+Submetering!R9+Submetering!S9+Submetering!T9+Submetering!U9+Submetering!V9 -> 45601.92 | F9: 0.44448 | G9: =SUM(Submetering!Z9:AB9,Submetering!AD9:AI9) -> 585.9 | H9: =2.32/0.52 -> 4.4615385 | I9: =Submetering!G9 -> 790 | J9: 13.83 | K9: =Submetering!I9 -> 338 | L9: 1.2 | M9: =Submetering!E9 -> 177.75 | N9: =Submetering!F9 -> 367
A10: Dubai at Jumeirah Beach | B10: =B9+1 -> 9 | C10: 4 | D10: 2022 | E10: =Submetering!M10+Submetering!N10+Submetering!O10+Submetering!P10+Submetering!Q10+Submetering!R10+Submetering!S10+Submetering!T10+Submetering!U10+Submetering!V10 -> 43360.8 | F10: 0.44448 | G10: =SUM(Submetering!Z10:AB10,Submetering!AD10:AI10) -> 693.63 | H10: =2.32/0.52 -> 4.4615385 | I10: =Submetering!G10 -> 734 | J10: 13.83 | K10: =Submetering!I10 -> 313 | L10: 1.2 | M10: =Submetering!E10 -> 189.6 | N10: =Submetering!F10 -> 405
A11: Dubai at Jumeirah Beach | B11: =B10+1 -> 10 | C11: 4 | D11: 2022 | E11: =Submetering!M11+Submetering!N11+Submetering!O11+Submetering!P11+Submetering!Q11+Submetering!R11+Submetering!S11+Submetering!T11+Submetering!U11+Submetering!V11 -> 44432.64 | F11: 0.44448 | G11: =SUM(Submetering!Z11:AB11,Submetering!AD11:AI11) -> 824.04 | H11: =2.32/0.52 -> 4.4615385 | I11: =Submetering!G11 -> 712 | J11: 13.83 | K11: =Submetering!I11 -> 320 | L11: 1.2 | M11: =Submetering!E11 -> 206.19 | N11: =Submetering!F11 -> 446
A12: Dubai at Jumeirah Beach | B12: =B11+1 -> 11 | C12: 4 | D12: 2022 | E12: =Submetering!M12+Submetering!N12+Submetering!O12+Submetering!P12+Submetering!Q12+Submetering!R12+Submetering!S12+Submetering!T12+Submetering!U12+Submetering!V12 -> 44237.76 | F12: 0.44448 | G12: =SUM(Submetering!Z12:AB12,Submetering!AD12:AI12) -> 725.76 | H12: =2.32/0.52 -> 4.4615385 | I12: =Submetering!G12 -> 741 | J12: 13.83 | K12: =Submetering!I12 -> 322 | L12: 1.2 | M12: =Submetering!E12 -> 201.45 | N12: =Submetering!F12 -> 417
A13: Dubai at Jumeirah Beach | B13: =B12+1 -> 12 | C13: 4 | D13: 2022 | E13: =Submetering!M13+Submetering!N13+Submetering!O13+Submetering!P13+Submetering!Q13+Submetering!R13+Submetering!S13+Submetering!T13+Submetering!U13+Submetering!V13 -> 44335.2 | F13: 0.44448 | G13: =SUM(Submetering!Z13:AB13,Submetering!AD13:AI13) -> 680.4 | H13: =2.32/0.52 -> 4.4615385 | I13: =Submetering!G13 -> 822 | J13: 13.83 | K13: =Submetering!I13 -> 326 | L13: 1.2 | M13: =Submetering!E13 -> 201.45 | N13: =Submetering!F13 -> 424
A14: Dubai at Jumeirah Beach | B14: =B13+1 -> 13 | C14: 4 | D14: 2022 | E14: =Submetering!M14+Submetering!N14+Submetering!O14+Submetering!P14+Submetering!Q14+Submetering!R14+Submetering!S14+Submetering!T14+Submetering!U14+Submetering!V14 -> 44189.04 | F14: 0.44448 | G14: =SUM(Submetering!Z14:AB14,Submetering!AD14:AI14) -> 674.73 | H14: =2.32/0.52 -> 4.4615385 | I14: =Submetering!G14 -> 706 | J14: 13.83 | K14: =Submetering!I14 -> 330 | L14: 1.2 | M14: =Submetering!E14 -> 203.82 | N14: =Submetering!F14 -> 424
... A31: Dubai at Jumeirah Beach | B31: =B30+1 -> 30 | C31: 4 | D31: 2022 | E31: =Submetering!M31+Submetering!N31+Submetering!O31+Submetering!P31+Submetering!Q31+Submetering!R31+Submetering!S31+Submetering!T31+Submetering!U31+Submetering!V31 -> 46576.32 | F31: 0.44448 | G31: =SUM(Submetering!Z31:AB31,Submetering!AD31:AI31) -> 616.14 | H31: =2.32/0.52 -> 4.4615385 | I31: =Submetering!G31 -> 767 | J31: 13.83 | K31: =Submetering!I31 -> 302 | L31: 1.2 | M31: =Submetering!E31 -> 173.01 | N31: =Submetering!F31 -> 341

Sheet Submetering
A1: Site Name | B1: Day | C1: Month | D1: Year | E1: Room Nights | F1: Total Guests | G1: Potable Water -IG (m3) | H1: Resort Water (m3) | I1: Tse Water (m3) | J1: Irrigation (m3) | K1: Cooling Tower Water (m3) | L1: Cooling Tower Blowdown (m3) | M1: EMDB-1 All Pumps (KWh) | N1: EMDB-2 Elevators (KWh) | O1: MDB-1 Chiller #1 (KWh) | P1: MDB-2 Chiller #2 (KWh) | Q1: MDB-3 Chiller #3(KWh) | R1: MDB-4 North Riser (KWh) | S1: MDB-5 North Riser (KWh) | T1: MDB-6 Main Kitchen (KWh) | U1: MDB-7 South Riser (KWh) | V1: MDB-8 F&B (KWh) | W1: Chiller 1 (Kwh cooling) | X1: Chiller 2 (Kwh cooling) | Y1: Chiller 3 (Kwh cooling) | Z1: Steam Boiler LPG (Kg) | AA1: Solar Hot Water Boiler LPG (Kg) | AB1: Low Temp Hot Water Boiler LPG (Kg) | AC1: Steam Boiler Steam (Kg) | AD1: Ird Kitchen (Kg) | AE1: Suq Kitchen (Kg) | AF1: Bakery Kitchen (Kg) | AG1: Shai Saloon Kitchen (kg) | AH1: Banquet Kitchen (Kg) | AI1: Sea Fu Kitchen (Kg) | AJ1: Jean George Cold Water (m³) | AK1: Jean George Hot Water (m³) | AL1: Coya Cold Water (m³) | AM1: Coya Hot Water (m³) | AN1: Nusrat Cold Water (m³) | AO1: Nusrat Hot Water (m³) | AP1: Provocateur Cold Water (m³) | AQ1: Provocateur Hot Water (m³) | AR1: Scalini Cold Water (m³) | AS1: Scalini Hot Water (m³) | AT1: F&B V Irrigation (m³) | AU1: MDB Coya (KWh) | AV1: MDB Jean Georges (KWh) | AW1: MDB Nusrat(KWh) | AX1: SMDB Provocateur (KWh) | AY1: SMDB Scalini (KWh) | AZ1: Common ESMDB (KWh) | BA1: Chilled Water Coya (Kwh) | BB1: Chilled Water Coya Cold Room (Kwh) | BC1: Chilled Water Jean Georges (Kwh) | BD1: Chilled Water Nusrat (Kwh) | BE1: Chilled Water Provocateur A (Kwh) | BF1: Chilled Water Provocateur B (Kwh) | BG1: Coya LPG (Kg) | BH1: Nusrat LPG (Kg) | BI1: Jean Georges LPG (Kg) | BJ1: Provocateur LPG (Kg) | BK1: Scalini LPG (Kg)
A2: Dubai at Jumeirah Beach | B2: 1 | C2: 4 | D2: 2022 | E2: =237*0.84 -> 199.08 | F2: =335+45 -> 380 | G2: ='DJB Daily Readings'!C10-'DJB Daily Readings'!C9 -> 691 | H2: ='DJB Daily Readings'!F10-'DJB Daily Readings'!F9 -> 441 | I2: ='DJB Daily Readings'!K10-'DJB Daily Readings'!K9 -> 137 | J2: ='DJB Daily Readings'!K10-'DJB Daily Readings'!K9 -> 137 | K2: ='DJB Daily Readings'!O10-'DJB Daily Readings'!O9 -> 107.68 | L2: ='DJB Daily Readings'!R10-'DJB Daily Readings'!R9 -> 7 | M2: ='DJB Daily Readings'!U10-'DJB Daily Readings'!U9 -> 2046.24 | N2: ='DJB Daily Readings'!X10-'DJB Daily Readings'!X9 -> 4823.28 | O2: ='DJB Daily Readings'!AA10-'DJB Daily Readings'!AA9 -> 341.04 | P2: ='DJB Daily Readings'!AD10-'DJB Daily Readings'!AD9 -> 10962 | Q2: ='DJB Daily Readings'!AG10-'DJB Daily Readings'!AG9 -> 779.52 | R2: ='DJB Daily Readings'!AJ10-'DJB Daily Readings'!AJ9 -> 5456.64 | S2: ='DJB Daily Readings'!AM10-'DJB Daily Readings'!AM9 -> 4336.08 | T2: ='DJB Daily Readings'!AP10-'DJB Daily Readings'!AP9 -> 4677.12 | U2: ='DJB Daily Readings'!AS10-'DJB Daily Readings'!AS9 -> 3069.36 | V2: ='DJB Daily Readings'!AV10-'DJB Daily Readings'!AV9 -> 5846.4 | W2: ='DJB Daily Readings'!AZ10-'DJB Daily Readings'!AZ9 -> 0 | X2: ='DJB Daily Readings'!BC10-'DJB Daily Readings'!BC9 -> 61400 | Y2: ='DJB Daily Readings'!BF10-'DJB Daily Readings'!BF9 -> 0 | Z2: =('DJB Daily Readings'!CK10-'DJB Daily Readings'!CK9)*1.89 -> 198.45 | AA2: =('DJB Daily Readings'!CN10-'DJB Daily Readings'!CN9)*1.89 -> 221.13 | AB2: =('DJB Daily Readings'!CQ10-'DJB Daily Readings'!CQ9)*1.89 -> 266.49 | AC2: ='DJB Daily Readings'!CT10-'DJB Daily Readings'!CT9 -> 228 | AD2: =('DJB Daily Readings'!BY10-'DJB Daily Readings'!BY9)*1.89 -> 39.69 | AE2: =('DJB Daily Readings'!CA10-'DJB Daily Readings'!CA9)*1.89 -> 35.91 | AF2: =('DJB Daily Readings'!CC10-'DJB Daily Readings'!CC9)*1.89 -> 11.34 | AG2: =('DJB Daily Readings'!CE10-'DJB Daily Readings'!CE9)*1.89 -> 13.23 | AH2: =('DJB Daily Readings'!CG10-'DJB Daily Readings'!CG9)*1.89 -> 22.68 | AI2: =('DJB Daily Readings'!CI10-'DJB Daily Readings'!CI9)*1.89 -> 43.47 | AJ2: ='DJB Daily Readings'!CY10-'DJB Daily Readings'!CY9 -> 6 | AK2: ='DJB Daily Readings'!CW10-'DJB Daily Readings'!CW9 -> 8 | AL2: ='DJB Daily Readings'!DC10-'DJB Daily Readings'!DC9 -> 13 | AM2: ='DJB Daily Readings'!DA10-'DJB Daily Readings'!DA9 -> 16 | AN2: ='DJB Daily Readings'!DG10-'DJB Daily Readings'!DG9 -> 7 | AO2: ='DJB Daily Readings'!DE10-'DJB Daily Readings'!DE9 -> 10 | AP2: ='DJB Daily Readings'!DK10-'DJB Daily Readings'!DK9 -> 8 | AQ2: ='DJB Daily Readings'!DI10-'DJB Daily Readings'!DI9 -> 11 | AR2: ='DJB Daily Readings'!DO10-'DJB Daily Readings'!DO9 -> 7 | AS2: ='DJB Daily Readings'!DM10-'DJB Daily Readings'!DM9 -> 3 | AT2: ='DJB Daily Readings'!DQ10-'DJB Daily Readings'!DQ9 -> 9 | AU2: ='DJB Daily Readings'!DT10-'DJB Daily Readings'!DT9 -> 9.2 | AW2: ='DJB Daily Readings'!DX10-'DJB Daily Readings'!DX9 -> 6.5 | AX2: ='DJB Daily Readings'!DZ10-'DJB Daily Readings'!DZ9 -> 8.7 | AY2: ='DJB Daily Readings'!EB10-'DJB Daily Readings'!EB9 -> 707 | AZ2: ='DJB Daily Readings'!ED10-'DJB Daily Readings'!ED9 -> 154.7 | BA2: ='DJB Daily Readings'!EG10-'DJB Daily Readings'!EG9 -> 4000 | BB2: ='DJB Daily Readings'!EI10-'DJB Daily Readings'!EI9 -> 230 | BC2: ='DJB Daily Readings'!EQ10-'DJB Daily Readings'!EQ9 -> 4200 | BD2: ='DJB Daily Readings'!EK10-'DJB Daily Readings'!EK9 -> 1900 | BE2: ='DJB Daily Readings'!EM10-'DJB Daily Readings'!EM9 -> 500 | BF2: ='DJB Daily Readings'!EO10-'DJB Daily Readings'!EO9 -> 610 | BG2: =('DJB Daily Readings'!ET10-'DJB Daily Readings'!ET9)*1.89 -> 32.13 | BH2: =('DJB Daily Readings'!EV10-'DJB Daily Readings'!EV9)*1.89 -> 24.57 | BI2: =('DJB Daily Readings'!EZ10-'DJB Daily Readings'!EZ9)*1.89 -> 22.68 | BJ2: =('DJB Daily Readings'!EX10-'DJB Daily Readings'!EX9)*1.89 -> 18.9 | BK2: =('DJB Daily Readings'!FB10-'DJB Daily Readings'!FB9)*1.89 -> 56.7
A3: Dubai at Jumeirah Beach | B3: =B2+1 -> 2 | C3: 4 | D3: 2022 | E3: =237*0.76 -> 180.12 | F3: =317+48 -> 365 | G3: ='DJB Daily Readings'!C11-'DJB Daily Readings'!C10 -> 754 | H3: ='DJB Daily Readings'!F11-'DJB Daily Readings'!F10 -> 436 | I3: ='DJB Daily Readings'!K11-'DJB Daily Readings'!K10 -> 328 | J3: ='DJB Daily Readings'!K11-'DJB Daily Readings'!K10 -> 328 | K3: ='DJB Daily Readings'!O11-'DJB Daily Readings'!O10 -> 126.81 | L3: ='DJB Daily Readings'!R11-'DJB Daily Readings'!R10 -> 12 | M3: ='DJB Daily Readings'!U11-'DJB Daily Readings'!U10 -> 2777.04 | N3: ='DJB Daily Readings'!X11-'DJB Daily Readings'!X10 -> 4677.12 | O3: ='DJB Daily Readings'!AA11-'DJB Daily Readings'!AA10 -> 876.96 | P3: ='DJB Daily Readings'!AD11-'DJB Daily Readings'!AD10 -> 779.52 | Q3: ='DJB Daily Readings'!AG11-'DJB Daily Readings'!AG10 -> 11790.24 | R3: ='DJB Daily Readings'!AJ11-'DJB Daily Readings'!AJ10 -> 5748.96 | S3: ='DJB Daily Readings'!AM11-'DJB Daily Readings'!AM10 -> 4189.92 | T3: ='DJB Daily Readings'!AP11-'DJB Daily Readings'!AP10 -> 4969.44 | U3: ='DJB Daily Readings'!AS11-'DJB Daily Readings'!AS10 -> 2825.76 | V3: ='DJB Daily Readings'!AV11-'DJB Daily Readings'!AV10 -> 5797.68 | W3: ='DJB Daily Readings'!AZ11-'DJB Daily Readings'!AZ10 -> 0 | X3: ='DJB Daily Readings'!BC11-'DJB Daily Readings'!BC10 -> 2300 | Y3: ='DJB Daily Readings'!BF11-'DJB Daily Readings'!BF10 -> 64100 | Z3: =('DJB Daily Readings'!CK11-'DJB Daily Readings'!CK10)*1.89 -> 204.12 | AA3: =('DJB Daily Readings'!CN11-'DJB Daily Readings'!CN10)*1.89 -> 198.45 | AB3: =('DJB Daily Readings'!CQ11-'DJB Daily Readings'!CQ10)*1.89 -> 83.16 | AC3: ='DJB Daily Readings'!CT11-'DJB Daily Readings'!CT10 -> 252 | AD3: =('DJB Daily Readings'!BY11-'DJB Daily Readings'!BY10)*1.89 -> 37.8 | AE3: =('DJB Daily Readings'!CA11-'DJB Daily Readings'!CA10)*1.89 -> 35.91 | AF3: =('DJB Daily Readings'!CC11-'DJB Daily Readings'!CC10)*1.89 -> 7.56 | AG3: =('DJB Daily Readings'!CE11-'DJB Daily Readings'!CE10)*1.89 -> 11.34 | AH3: =('DJB Daily Readings'!CG11-'DJB Daily Readings'!CG10)*1.89 -> 17.01 | AI3: =('DJB Daily Readings'!CI11-'DJB Daily Readings'!CI10)*1.89 -> 49.14 | AJ3: ='DJB Daily Readings'!CY11-'DJB Daily Readings'!CY10 -> 6 | AK3: ='DJB Daily Readings'!CW11-'DJB Daily Readings'!CW10 -> 6 | AL3: ='DJB Daily Readings'!DC11-'DJB Daily Readings'!DC10 -> 13 | AM3: ='DJB Daily Readings'!DA11-'DJB Daily Readings'!DA10 -> 16 | AN3: ='DJB Daily Readings'!DG11-'DJB Daily Readings'!DG10 -> 7 | AO3: ='DJB Daily Readings'!DE11-'DJB Daily Readings'!DE10 -> 10 | AP3: ='DJB Daily Readings'!DK11-'DJB Daily Readings'!DK10 -> 8 | AQ3: ='DJB Daily Readings'!DI11-'DJB Daily Readings'!DI10 -> 11 | AR3: ='DJB Daily Readings'!DO11-'DJB Daily Readings'!DO10 -> 7 | AS3: ='DJB Daily Readings'!DM11-'DJB Daily Readings'!DM10 -> 4 | AT3: ='DJB Daily Readings'!DQ11-'DJB Daily Readings'!DQ10 -> 18 | AU3: ='DJB Daily Readings'!DT11-'DJB Daily Readings'!DT10 -> 9.4 | AW3: ='DJB Daily Readings'!DX11-'DJB Daily Readings'!DX10 -> 6.3 | AX3: ='DJB Daily Readings'!DZ11-'DJB Daily Readings'!DZ10 -> 9.9 | AY3: ='DJB Daily Readings'!EB11-'DJB Daily Readings'!EB10 -> 672 | AZ3: ='DJB Daily Readings'!ED11-'DJB Daily Readings'!ED10 -> 158.2 | BA3: ='DJB Daily Readings'!EG11-'DJB Daily Readings'!EG10 -> 4800 | BB3: ='DJB Daily Readings'!EI11-'DJB Daily Readings'!EI10 -> 250 | BC3: ='DJB Daily Readings'!EQ11-'DJB Daily Readings'!EQ10 -> 5400 | BD3: ='DJB Daily Readings'!EK11-'DJB Daily Readings'!EK10 -> 2200 | BE3: ='DJB Daily Readings'!EM11-'DJB Daily Readings'!EM10 -> 800 | BF3: ='DJB Daily Readings'!EO11-'DJB Daily Readings'!EO10 -> 320 | BG3: =('DJB Daily Readings'!ET11-'DJB Daily Readings'!ET10)*1.89 -> 35.91 | BH3: =('DJB Daily Readings'!EV11-'DJB Daily Readings'!EV10)*1.89 -> 20.79 | BI3: =('DJB Daily Readings'!EZ11-'DJB Daily Readings'!EZ10)*1.89 -> 22.68 | BJ3: =('DJB Daily Readings'!EX11-'DJB Daily Readings'!EX10)*1.89 -> 24.57 | BK3: =('DJB Daily Readings'!FB11-'DJB Daily Readings'!FB10)*1.89 -> 51.03
A4: Dubai at Jumeirah Beach | B4: =B3+1 -> 3 | C4: 4 | D4: 2022 | E4: =237*0.73 -> 173.01 | F4: =333+56 -> 389 | G4: ='DJB Daily Readings'!C12-'DJB Daily Readings'!C11 -> 709 | H4: ='DJB Daily Readings'!F12-'DJB Daily Readings'!F11 -> 369 | I4: ='DJB Daily Readings'!K12-'DJB Daily Readings'!K11 -> 330 | J4: ='DJB Daily Readings'!K12-'DJB Daily Readings'!K11 -> 330 | K4: ='DJB Daily Readings'!O12-'DJB Daily Readings'!O11 -> 118.14 | L4: ='DJB Daily Readings'!R12-'DJB Daily Readings'!R11 -> 15 | M4: ='DJB Daily Readings'!U12-'DJB Daily Readings'!U11 -> 2777.04 | N4: ='DJB Daily Readings'!X12-'DJB Daily Readings'!X11 -> 4725.84 | O4: ='DJB Daily Readings'!AA12-'DJB Daily Readings'!AA11 -> 876.96 | P4: ='DJB Daily Readings'!AD12-'DJB Daily Readings'!AD11 -> 389.76 | Q4: ='DJB Daily Readings'!AG12-'DJB Daily Readings'!AG11 -> 11546.64 | R4: ='DJB Daily Readings'!AJ12-'DJB Daily Readings'!AJ11 -> 5602.8 | S4: ='DJB Daily Readings'!AM12-'DJB Daily Readings'!AM11 -> 4336.08 | T4: ='DJB Daily Readings'!AP12-'DJB Daily Readings'!AP11 -> 4677.12 | U4: ='DJB Daily Readings'!AS12-'DJB Daily Readings'!AS11 -> 2825.76 | V4: ='DJB Daily Readings'!AV12-'DJB Daily Readings'!AV11 -> 5310.48 | W4: ='DJB Daily Readings'!AZ12-'DJB Daily Readings'!AZ11 -> 0 | X4: ='DJB Daily Readings'!BC12-'DJB Daily Readings'!BC11 -> 0 | Y4: ='DJB Daily Readings'!BF12-'DJB Daily Readings'!BF11 -> 65300 | Z4: =('DJB Daily Readings'!CK12-'DJB Daily Readings'!CK11)*1.89 -> 207.9 | AA4: =('DJB Daily Readings'!CN12-'DJB Daily Readings'!CN11)*1.89 -> 206.01 | AB4: =('DJB Daily Readings'!CQ12-'DJB Daily Readings'!CQ11)*1.89 -> 105.84 | AC4: ='DJB Daily Readings'!CT12-'DJB Daily Readings'!CT11 -> 256 | AD4: =('DJB Daily Readings'!BY12-'DJB Daily Readings'!BY11)*1.89 -> 32.13 | AE4: =('DJB Daily Readings'!CA12-'DJB Daily Readings'!CA11)*1.89 -> 34.02 | AF4: =('DJB Daily Readings'!CC12-'DJB Daily Readings'!CC11)*1.89 -> 9.45 | AG4: =('DJB Daily Readings'!CE12-'DJB Daily Readings'!CE11)*1.89 -> 13.23 | AH4: =('DJB Daily Readings'!CG12-'DJB Daily Readings'!CG11)*1.89 -> 24.57 | AI4: =('DJB Daily Readings'!CI12-'DJB Daily Readings'!CI11)*1.89 -> 45.36 | AJ4: ='DJB Daily Readings'!CY12-'DJB Daily Readings'!CY11 -> 2 | AK4: ='DJB Daily Readings'!CW12-'DJB Daily Readings'!CW11 -> 2 | AL4: ='DJB Daily Readings'!DC12-'DJB Daily Readings'!DC11 -> 15 | AM4: ='DJB Daily Readings'!DA12-'DJB Daily Readings'!DA11 -> 18 | AN4: ='DJB Daily Readings'!DG12-'DJB Daily Readings'!DG11 -> 6 | AO4: ='DJB Daily Readings'!DE12-'DJB Daily Readings'!DE11 -> 4 | AP4: ='DJB Daily Readings'!DK12-'DJB Daily Readings'!DK11 -> 6 | AQ4: ='DJB Daily Readings'!DI12-'DJB Daily Readings'!DI11 -> 12 | AR4: ='DJB Daily Readings'!DO12-'DJB Daily Readings'!DO11 -> 1 | AS4: ='DJB Daily Readings'!DM12-'DJB Daily Readings'!DM11 -> 3 | AT4: ='DJB Daily Readings'!DQ12-'DJB Daily Readings'!DQ11 -> 17 | AU4: ='DJB Daily Readings'!DT12-'DJB Daily Readings'!DT11 -> 8.4 | AW4: ='DJB Daily Readings'!DX12-'DJB Daily Readings'!DX11 -> 6 | AX4: ='DJB Daily Readings'!DZ12-'DJB Daily Readings'!DZ11 -> 8.9 | AY4: ='DJB Daily Readings'!EB12-'DJB Daily Readings'!EB11 -> 652 | AZ4: ='DJB Daily Readings'!ED12-'DJB Daily Readings'!ED11 -> 146.2 | BA4: ='DJB Daily Readings'!EG12-'DJB Daily Readings'!EG11 -> 4200 | BB4: ='DJB Daily Readings'!EI12-'DJB Daily Readings'!EI11 -> 220 | BC4: ='DJB Daily Readings'!EQ12-'DJB Daily Readings'!EQ11 -> 4900 | BD4: ='DJB Daily Readings'!EK12-'DJB Daily Readings'!EK11 -> 2000 | BE4: ='DJB Daily Readings'!EM12-'DJB Daily Readings'!EM11 -> 600 | BF4: ='DJB Daily Readings'!EO12-'DJB Daily Readings'!EO11 -> 990 | BG4: =('DJB Daily Readings'!ET12-'DJB Daily Readings'!ET11)*1.89 -> 28.35 | BH4: =('DJB Daily Readings'!EV12-'DJB Daily Readings'!EV11)*1.89 -> 17.01 | BI4: =('DJB Daily Readings'!EZ12-'DJB Daily Readings'!EZ11)*1.89 -> 13.23 | BJ4: =('DJB Daily Readings'!EX12-'DJB Daily Readings'!EX11)*1.89 -> 24.57 | BK4: =('DJB Daily Readings'!FB12-'DJB Daily Readings'!FB11)*1.89 -> 39.69
A5: Dubai at Jumeirah Beach | B5: =B4+1 -> 4 | C5: 4 | D5: 2022 | E5: =237*0.73 -> 173.01 | F5: =276+58 -> 334 | G5: ='DJB Daily Readings'!C13-'DJB Daily Readings'!C12 -> 782 | H5: ='DJB Daily Readings'!F13-'DJB Daily Readings'!F12 -> 351 | I5: ='DJB Daily Readings'!K13-'DJB Daily Readings'!K12 -> 319 | J5: ='DJB Daily Readings'!K13-'DJB Daily Readings'!K12 -> 319 | K5: ='DJB Daily Readings'!O13-'DJB Daily Readings'!O12 -> 122.58 | L5: ='DJB Daily Readings'!R13-'DJB Daily Readings'!R12 -> 8 | M5: ='DJB Daily Readings'!U13-'DJB Daily Readings'!U12 -> 2728.32 | N5: ='DJB Daily Readings'!X13-'DJB Daily Readings'!X12 -> 4774.56 | O5: ='DJB Daily Readings'!AA13-'DJB Daily Readings'!AA12 -> 828.24 | P5: ='DJB Daily Readings'!AD13-'DJB Daily Readings'!AD12 -> 438.48 | Q5: ='DJB Daily Readings'!AG13-'DJB Daily Readings'!AG12 -> 11692.8 | R5: ='DJB Daily Readings'!AJ13-'DJB Daily Readings'!AJ12 -> 5651.52 | S5: ='DJB Daily Readings'!AM13-'DJB Daily Readings'!AM12 -> 4141.2 | T5: ='DJB Daily Readings'!AP13-'DJB Daily Readings'!AP12 -> 4482.24 | U5: ='DJB Daily Readings'!AS13-'DJB Daily Readings'!AS12 -> 2679.6 | V5: ='DJB Daily Readings'!AV13-'DJB Daily Readings'!AV12 -> 5261.76 | W5: ='DJB Daily Readings'!AZ13-'DJB Daily Readings'!AZ12 -> 0 | X5: ='DJB Daily Readings'!BC13-'DJB Daily Readings'!BC12 -> 0 | Y5: ='DJB Daily Readings'!BF13-'DJB Daily Readings'!BF12 -> 63500 | Z5: =('DJB Daily Readings'!CK13-'DJB Daily Readings'!CK12)*1.89 -> 207.9 | AA5: =('DJB Daily Readings'!CN13-'DJB Daily Readings'!CN12)*1.89 -> 192.78 | AB5: =('DJB Daily Readings'!CQ13-'DJB Daily Readings'!CQ12)*1.89 -> 128.52 | AC5: ='DJB Daily Readings'!CT13-'DJB Daily Readings'!CT12 -> 256 | AD5: =('DJB Daily Readings'!BY13-'DJB Daily Readings'!BY12)*1.89 -> 28.35 | AE5: =('DJB Daily Readings'!CA13-'DJB Daily Readings'!CA12)*1.89 -> 35.91 | AF5: =('DJB Daily Readings'!CC13-'DJB Daily Readings'!CC12)*1.89 -> 7.56 | AG5: =('DJB Daily Readings'!CE13-'DJB Daily Readings'!CE12)*1.89 -> 17.01 | AH5: =('DJB Daily Readings'!CG13-'DJB Daily Readings'!CG12)*1.89 -> 15.12 | AI5: =('DJB Daily Readings'!CI13-'DJB Daily Readings'!CI12)*1.89 -> 47.25 | AJ5: ='DJB Daily Readings'!CY13-'DJB Daily Readings'!CY12 -> 3 | AK5: ='DJB Daily Readings'!CW13-'DJB Daily Readings'!CW12 -> 3 | AL5: ='DJB Daily Readings'!DC13-'DJB Daily Readings'!DC12 -> 14 | AM5: ='DJB Daily Readings'!DA13-'DJB Daily Readings'!DA12 -> 14 | AN5: ='DJB Daily Readings'!DG13-'DJB Daily Readings'!DG12 -> 6 | AO5: ='DJB Daily Readings'!DE13-'DJB Daily Readings'!DE12 -> 8 | AP5: ='DJB Daily Readings'!DK13-'DJB Daily Readings'!DK12 -> 3 | AQ5: ='DJB Daily Readings'!DI13-'DJB Daily Readings'!DI12 -> 8 | AR5: ='DJB Daily Readings'!DO13-'DJB Daily Readings'!DO12 -> 5 | AS5: ='DJB Daily Readings'!DM13-'DJB Daily Readings'!DM12 -> 3 | AT5: ='DJB Daily Readings'!DQ13-'DJB Daily Readings'!DQ12 -> 18 | AU5: ='DJB Daily Readings'!DT13-'DJB Daily Readings'!DT12 -> 8.2 | AW5: ='DJB Daily Readings'!DX13-'DJB Daily Readings'!DX12 -> 6.2 | AX5: ='DJB Daily Readings'!DZ13-'DJB Daily Readings'!DZ12 -> 8.6 | AY5: ='DJB Daily Readings'!EB13-'DJB Daily Readings'!EB12 -> 670 | AZ5: ='DJB Daily Readings'!ED13-'DJB Daily Readings'!ED12 -> 148 | BA5: ='DJB Daily Readings'!EG13-'DJB Daily Readings'!EG12 -> 4500 | BB5: ='DJB Daily Readings'!EI13-'DJB Daily Readings'!EI12 -> 230 | BC5: ='DJB Daily Readings'!EQ13-'DJB Daily Readings'!EQ12 -> 4800 | BD5: ='DJB Daily Readings'!EK13-'DJB Daily Readings'!EK12 -> 2200 | BE5: ='DJB Daily Readings'!EM13-'DJB Daily Readings'!EM12 -> 400 | BF5: ='DJB Daily Readings'!EO13-'DJB Daily Readings'!EO12 -> 630 | BG5: =('DJB Daily Readings'!ET13-'DJB Daily Readings'!ET12)*1.89 -> 26.46 | BH5: =('DJB Daily Readings'!EV13-'DJB Daily Readings'!EV12)*1.89 -> 18.9 | BI5: =('DJB Daily Readings'!EZ13-'DJB Daily Readings'!EZ12)*1.89 -> 18.9 | BJ5: =('DJB Daily Readings'!EX13-'DJB Daily Readings'!EX12)*1.89 -> 15.12 | BK5: =('DJB Daily Readings'!FB13-'DJB Daily Readings'!FB12)*1.89 -> 43.47
A6: Dubai at Jumeirah Beach | B6: =B5+1 -> 5 | C6: 4 | D6: 2022 | E6: =237*0.74 -> 175.38 | F6: =271+60 -> 331 | G6: ='DJB Daily Readings'!C14-'DJB Daily Readings'!C13 -> 668 | H6: ='DJB Daily Readings'!F14-'DJB Daily Readings'!F13 -> 354 | I6: ='DJB Daily Readings'!K14-'DJB Daily Readings'!K13 -> 323 | J6: ='DJB Daily Readings'!K14-'DJB Daily Readings'!K13 -> 323 | K6: ='DJB Daily Readings'!O14-'DJB Daily Readings'!O13 -> 128.65 | L6: ='DJB Daily Readings'!R14-'DJB Daily Readings'!R13 -> 0 | M6: ='DJB Daily Readings'!U14-'DJB Daily Readings'!U13 -> 2971.92 | N6: ='DJB Daily Readings'!X14-'DJB Daily Readings'!X13 -> 4774.56 | O6: ='DJB Daily Readings'!AA14-'DJB Daily Readings'!AA13 -> 974.4 | P6: ='DJB Daily Readings'!AD14-'DJB Daily Readings'!AD13 -> 535.92 | Q6: ='DJB Daily Readings'!AG14-'DJB Daily Readings'!AG13 -> 12618.48 | R6: ='DJB Daily Readings'!AJ14-'DJB Daily Readings'!AJ13 -> 5700.24 | S6: ='DJB Daily Readings'!AM14-'DJB Daily Readings'!AM13 -> 4336.08 | T6: ='DJB Daily Readings'!AP14-'DJB Daily Readings'!AP13 -> 4336.08 | U6: ='DJB Daily Readings'!AS14-'DJB Daily Readings'!AS13 -> 2728.32 | V6: ='DJB Daily Readings'!AV14-'DJB Daily Readings'!AV13 -> 5456.64 | W6: ='DJB Daily Readings'!AZ14-'DJB Daily Readings'!AZ13 -> 0 | X6: ='DJB Daily Readings'!BC14-'DJB Daily Readings'!BC13 -> 0 | Y6: ='DJB Daily Readings'!BF14-'DJB Daily Readings'!BF13 -> 67200 | Z6: =('DJB Daily Readings'!CK14-'DJB Daily Readings'!CK13)*1.89 -> 206.01 | AA6: =('DJB Daily Readings'!CN14-'DJB Daily Readings'!CN13)*1.89 -> 192.78 | AB6: =('DJB Daily Readings'!CQ14-'DJB Daily Readings'!CQ13)*1.89 -> 0 | AC6: ='DJB Daily Readings'!CT14-'DJB Daily Readings'!CT13 -> 251 | AD6: =('DJB Daily Readings'!BY14-'DJB Daily Readings'!BY13)*1.89 -> 39.69 | AE6: =('DJB Daily Readings'!CA14-'DJB Daily Readings'!CA13)*1.89 -> 32.13 | AF6: =('DJB Daily Readings'!CC14-'DJB Daily Readings'!CC13)*1.89 -> 11.34 | AG6: =('DJB Daily Readings'!CE14-'DJB Daily Readings'!CE13)*1.89 -> 15.12 | AH6: =('DJB Daily Readings'!CG14-'DJB Daily Readings'!CG13)*1.89 -> 22.68 | AI6: =('DJB Daily Readings'!CI14-'DJB Daily Readings'!CI13)*1.89 -> 51.03 | AJ6: ='DJB Daily Readings'!CY14-'DJB Daily Readings'!CY13 -> 2 | AK6: ='DJB Daily Readings'!CW14-'DJB Daily Readings'!CW13 -> 4 | AL6: ='DJB Daily Readings'!DC14-'DJB Daily Readings'!DC13 -> 13 | AM6: ='DJB Daily Readings'!DA14-'DJB Daily Readings'!DA13 -> 14 | AN6: ='DJB Daily Readings'!DG14-'DJB Daily Readings'!DG13 -> 7 | AO6: ='DJB Daily Readings'!DE14-'DJB Daily Readings'!DE13 -> 8 | AP6: ='DJB Daily Readings'!DK14-'DJB Daily Readings'!DK13 -> 5 | AQ6: ='DJB Daily Readings'!DI14-'DJB Daily Readings'!DI13 -> 8 | AR6: ='DJB Daily Readings'!DO14-'DJB Daily Readings'!DO13 -> 5 | AS6: ='DJB Daily Readings'!DM14-'DJB Daily Readings'!DM13 -> 2 | AT6: ='DJB Daily Readings'!DQ14-'DJB Daily Readings'!DQ13 -> 18 | AU6: ='DJB Daily Readings'!DT14-'DJB Daily Readings'!DT13 -> 8.5 | AW6: ='DJB Daily Readings'!DX14-'DJB Daily Readings'!DX13 -> 6.3 | AX6: ='DJB Daily Readings'!DZ14-'DJB Daily Readings'!DZ13 -> 8.7 | AY6: ='DJB Daily Readings'!EB14-'DJB Daily Readings'!EB13 -> 667 | AZ6: ='DJB Daily Readings'!ED14-'DJB Daily Readings'!ED13 -> 153.1 | BA6: ='DJB Daily Readings'!EG14-'DJB Daily Readings'!EG13 -> 4700 | BB6: ='DJB Daily Readings'!EI14-'DJB Daily Readings'!EI13 -> 240 | BC6: ='DJB Daily Readings'!EQ14-'DJB Daily Readings'!EQ13 -> 4600 | BD6: ='DJB Daily Readings'!EK14-'DJB Daily Readings'!EK13 -> 2200 | BE6: ='DJB Daily Readings'!EM14-'DJB Daily Readings'!EM13 -> 300 | BF6: ='DJB Daily Readings'!EO14-'DJB Daily Readings'!EO13 -> 640 | BG6: =('DJB Daily Readings'!ET14-'DJB Daily Readings'!ET13)*1.89 -> 30.24 | BH6: =('DJB Daily Readings'!EV14-'DJB Daily Readings'!EV13)*1.89 -> 18.9 | BI6: =('DJB Daily Readings'!EZ14-'DJB Daily Readings'!EZ13)*1.89 -> 11.34 | BJ6: =('DJB Daily Readings'!EX14-'DJB Daily Readings'!EX13)*1.89 -> 15.12 | BK6: =('DJB Daily Readings'!FB14-'DJB Daily Readings'!FB13)*1.89 -> 47.25
A7: Dubai at Jumeirah Beach | B7: =B6+1 -> 6 | C7: 4 | D7: 2022 | E7: =237*0.71 -> 168.27 | F7: =283+63 -> 346 | G7: ='DJB Daily Readings'!C15-'DJB Daily Readings'!C14 -> 709 | H7: ='DJB Daily Readings'!F15-'DJB Daily Readings'!F14 -> 354 | I7: ='DJB Daily Readings'!K15-'DJB Daily Readings'!K14 -> 336 | J7: ='DJB Daily Readings'!K15-'DJB Daily Readings'!K14 -> 336 | K7: ='DJB Daily Readings'!O15-'DJB Daily Readings'!O14 -> 126.41 | L7: ='DJB Daily Readings'!R15-'DJB Daily Readings'!R14 -> 0 | M7: ='DJB Daily Readings'!U15-'DJB Daily Readings'!U14 -> 4043.76 | N7: ='DJB Daily Readings'!X15-'DJB Daily Readings'!X14 -> 4969.44 | O7: ='DJB Daily Readings'!AA15-'DJB Daily Readings'!AA14 -> 876.96 | P7: ='DJB Daily Readings'!AD15-'DJB Daily Readings'!AD14 -> 487.2 | Q7: ='DJB Daily Readings'!AG15-'DJB Daily Readings'!AG14 -> 10620.96 | R7: ='DJB Daily Readings'!AJ15-'DJB Daily Readings'!AJ14 -> 5895.12 | S7: ='DJB Daily Readings'!AM15-'DJB Daily Readings'!AM14 -> 4384.8 | T7: ='DJB Daily Readings'!AP15-'DJB Daily Readings'!AP14 -> 4677.12 | U7: ='DJB Daily Readings'!AS15-'DJB Daily Readings'!AS14 -> 2728.32 | V7: ='DJB Daily Readings'!AV15-'DJB Daily Readings'!AV14 -> 5359.2 | W7: ='DJB Daily Readings'!AZ15-'DJB Daily Readings'!AZ14 -> 0 | X7: ='DJB Daily Readings'!BC15-'DJB Daily Readings'!BC14 -> 0 | Y7: ='DJB Daily Readings'!BF15-'DJB Daily Readings'!BF14 -> 63000 | Z7: =('DJB Daily Readings'!CK15-'DJB Daily Readings'!CK14)*1.89 -> 207.9 | AA7: =('DJB Daily Readings'!CN15-'DJB Daily Readings'!CN14)*1.89 -> 185.22 | AB7: =('DJB Daily Readings'!CQ15-'DJB Daily Readings'!CQ14)*1.89 -> 0 | AC7: ='DJB Daily Readings'!CT15-'DJB Daily Readings'!CT14 -> 256 | AD7: =('DJB Daily Readings'!BY15-'DJB Daily Readings'!BY14)*1.89 -> 39.69 | AE7: =('DJB Daily Readings'!CA15-'DJB Daily Readings'!CA14)*1.89 -> 35.91 | AF7: =('DJB Daily Readings'!CC15-'DJB Daily Readings'!CC14)*1.89 -> 11.34 | AG7: =('DJB Daily Readings'!CE15-'DJB Daily Readings'!CE14)*1.89 -> 13.23 | AH7: =('DJB Daily Readings'!CG15-'DJB Daily Readings'!CG14)*1.89 -> 18.9 | AI7: =('DJB Daily Readings'!CI15-'DJB Daily Readings'!CI14)*1.89 -> 49.14 | AJ7: ='DJB Daily Readings'!CY15-'DJB Daily Readings'!CY14 -> 2 | AK7: ='DJB Daily Readings'!CW15-'DJB Daily Readings'!CW14 -> 4 | AL7: ='DJB Daily Readings'!DC15-'DJB Daily Readings'!DC14 -> 11 | AM7: ='DJB Daily Readings'!DA15-'DJB Daily Readings'!DA14 -> 15 | AN7: ='DJB Daily Readings'!DG15-'DJB Daily Readings'!DG14 -> 7 | AO7: ='DJB Daily Readings'!DE15-'DJB Daily Readings'!DE14 -> 9 | AP7: ='DJB Daily Readings'!DK15-'DJB Daily Readings'!DK14 -> 6 | AQ7: ='DJB Daily Readings'!DI15-'DJB Daily Readings'!DI14 -> 9 | AR7: ='DJB Daily Readings'!DO15-'DJB Daily Readings'!DO14 -> 6 | AS7: ='DJB Daily Readings'!DM15-'DJB Daily Readings'!DM14 -> 3 | AT7: ='DJB Daily Readings'!DQ15-'DJB Daily Readings'!DQ14 -> 18 | AU7: ='DJB Daily Readings'!DT15-'DJB Daily Readings'!DT14 -> 8.7 | AW7: ='DJB Daily Readings'!DX15-'DJB Daily Readings'!DX14 -> 6.2 | AX7: ='DJB Daily Readings'!DZ15-'DJB Daily Readings'!DZ14 -> 8.8 | AY7: ='DJB Daily Readings'!EB15-'DJB Daily Readings'!EB14 -> 708 | AZ7: ='DJB Daily Readings'!ED15-'DJB Daily Readings'!ED14 -> 155.8 | BA7: ='DJB Daily Readings'!EG15-'DJB Daily Readings'!EG14 -> 4500 | BB7: ='DJB Daily Readings'!EI15-'DJB Daily Readings'!EI14 -> 240 | BC7: ='DJB Daily Readings'!EQ15-'DJB Daily Readings'!EQ14 -> 4000 | BD7: ='DJB Daily Readings'!EK15-'DJB Daily Readings'!EK14 -> 2100 | BE7: ='DJB Daily Readings'!EM15-'DJB Daily Readings'!EM14 -> 300 | BF7: ='DJB Daily Readings'!EO15-'DJB Daily Readings'!EO14 -> 640 | BG7: =('DJB Daily Readings'!ET15-'DJB Daily Readings'!ET14)*1.89 -> 26.46 | BH7: =('DJB Daily Readings'!EV15-'DJB Daily Readings'!EV14)*1.89 -> 20.79 | BI7: =('DJB Daily Readings'!EZ15-'DJB Daily Readings'!EZ14)*1.89 -> 15.12 | BJ7: =('DJB Daily Readings'!EX15-'DJB Daily Readings'!EX14)*1.89 -> 15.12 | BK7: =('DJB Daily Readings'!FB15-'DJB Daily Readings'!FB14)*1.89 -> 45.36
A8: Dubai at Jumeirah Beach | B8: =B7+1 -> 7 | C8: 4 | D8: 2022 | E8: =237*0.72 -> 170.64 | F8: =273+72 -> 345 | G8: ='DJB Daily Readings'!C16-'DJB Daily Readings'!C15 -> 704 | H8: ='DJB Daily Readings'!F16-'DJB Daily Readings'!F15 -> 351 | I8: ='DJB Daily Readings'!K16-'DJB Daily Readings'!K15 -> 310 | J8: ='DJB Daily Readings'!K16-'DJB Daily Readings'!K15 -> 310 | K8: ='DJB Daily Readings'!O16-'DJB Daily Readings'!O15 -> 126.3 | L8: ='DJB Daily Readings'!R16-'DJB Daily Readings'!R15 -> 0 | M8: ='DJB Daily Readings'!U16-'DJB Daily Readings'!U15 -> 4141.2 | N8: ='DJB Daily Readings'!X16-'DJB Daily Readings'!X15 -> 4677.12 | O8: ='DJB Daily Readings'!AA16-'DJB Daily Readings'!AA15 -> 1023.12 | P8: ='DJB Daily Readings'!AD16-'DJB Daily Readings'!AD15 -> 389.76 | Q8: ='DJB Daily Readings'!AG16-'DJB Daily Readings'!AG15 -> 10133.76 | R8: ='DJB Daily Readings'!AJ16-'DJB Daily Readings'!AJ15 -> 5700.24 | S8: ='DJB Daily Readings'!AM16-'DJB Daily Readings'!AM15 -> 4384.8 | T8: ='DJB Daily Readings'!AP16-'DJB Daily Readings'!AP15 -> 4482.24 | U8: ='DJB Daily Readings'!AS16-'DJB Daily Readings'!AS15 -> 2582.16 | V8: ='DJB Daily Readings'!AV16-'DJB Daily Readings'!AV15 -> 5310.48 | W8: ='DJB Daily Readings'!AZ16-'DJB Daily Readings'!AZ15 -> 0 | X8: ='DJB Daily Readings'!BC16-'DJB Daily Readings'!BC15 -> 0 | Y8: ='DJB Daily Readings'!BF16-'DJB Daily Readings'!BF15 -> 61800 | Z8: =('DJB Daily Readings'!CK16-'DJB Daily Readings'!CK15)*1.89 -> 202.23 | AA8: =('DJB Daily Readings'!CN16-'DJB Daily Readings'!CN15)*1.89 -> 189 | AB8: =('DJB Daily Readings'!CQ16-'DJB Daily Readings'!CQ15)*1.89 -> 0 | AC8: ='DJB Daily Readings'!CT16-'DJB Daily Readings'!CT15 -> 248 | AD8: =('DJB Daily Readings'!BY16-'DJB Daily Readings'!BY15)*1.89 -> 41.58 | AE8: =('DJB Daily Readings'!CA16-'DJB Daily Readings'!CA15)*1.89 -> 35.91 | AF8: =('DJB Daily Readings'!CC16-'DJB Daily Readings'!CC15)*1.89 -> 9.45 | AG8: =('DJB Daily Readings'!CE16-'DJB Daily Readings'!CE15)*1.89 -> 13.23 | AH8: =('DJB Daily Readings'!CG16-'DJB Daily Readings'!CG15)*1.89 -> 17.01 | AI8: =('DJB Daily Readings'!CI16-'DJB Daily Readings'!CI15)*1.89 -> 49.14 | AJ8: ='DJB Daily Readings'!CY16-'DJB Daily Readings'!CY15 -> 3 | AK8: ='DJB Daily Readings'!CW16-'DJB Daily Readings'!CW15 -> 4 | AL8: ='DJB Daily Readings'!DC16-'DJB Daily Readings'!DC15 -> 14 | AM8: ='DJB Daily Readings'!DA16-'DJB Daily Readings'!DA15 -> 13 | AN8: ='DJB Daily Readings'!DG16-'DJB Daily Readings'!DG15 -> 6 | AO8: ='DJB Daily Readings'!DE16-'DJB Daily Readings'!DE15 -> 7 | AP8: ='DJB Daily Readings'!DK16-'DJB Daily Readings'!DK15 -> 4 | AQ8: ='DJB Daily Readings'!DI16-'DJB Daily Readings'!DI15 -> 10 | AR8: ='DJB Daily Readings'!DO16-'DJB Daily Readings'!DO15 -> 6 | AS8: ='DJB Daily Readings'!DM16-'DJB Daily Readings'!DM15 -> 3 | AT8: ='DJB Daily Readings'!DQ16-'DJB Daily Readings'!DQ15 -> 18 | AU8: ='DJB Daily Readings'!DT16-'DJB Daily Readings'!DT15 -> 8.6 | AW8: ='DJB Daily Readings'!DX16-'DJB Daily Readings'!DX15 -> 6 | AX8: ='DJB Daily Readings'!DZ16-'DJB Daily Readings'!DZ15 -> 8.5 | AY8: ='DJB Daily Readings'!EB16-'DJB Daily Readings'!EB15 -> 683 | AZ8: ='DJB Daily Readings'!ED16-'DJB Daily Readings'!ED15 -> 151.5 | BA8: ='DJB Daily Readings'!EG16-'DJB Daily Readings'!EG15 -> 4000 | BB8: ='DJB Daily Readings'!EI16-'DJB Daily Readings'!EI15 -> 230 | BC8: ='DJB Daily Readings'!EQ16-'DJB Daily Readings'!EQ15 -> 4700 | BD8: ='DJB Daily Readings'!EK16-'DJB Daily Readings'!EK15 -> 2100 | BE8: ='DJB Daily Readings'!EM16-'DJB Daily Readings'!EM15 -> 300 | BF8: ='DJB Daily Readings'!EO16-'DJB Daily Readings'!EO15 -> 620 | BG8: =('DJB Daily Readings'!ET16-'DJB Daily Readings'!ET15)*1.89 -> 26.46 | BH8: =('DJB Daily Readings'!EV16-'DJB Daily Readings'!EV15)*1.89 -> 18.9 | BI8: =('DJB Daily Readings'!EZ16-'DJB Daily Readings'!EZ15)*1.89 -> 17.01 | BJ8: =('DJB Daily Readings'!EX16-'DJB Daily Readings'!EX15)*1.89 -> 17.01 | BK8: =('DJB Daily Readings'!FB16-'DJB Daily Readings'!FB15)*1.89 -> 47.25
A9: Dubai at Jumeirah Beach | B9: =B8+1 -> 8 | C9: 4 | D9: 2022 | E9: =237*0.75 -> 177.75 | F9: =280+87 -> 367 | G9: ='DJB Daily Readings'!C17-'DJB Daily Readings'!C16 -> 790 | H9: ='DJB Daily Readings'!F17-'DJB Daily Readings'!F16 -> 416 | I9: ='DJB Daily Readings'!K17-'DJB Daily Readings'!K16 -> 338 | J9: ='DJB Daily Readings'!K17-'DJB Daily Readings'!K16 -> 338 | K9: ='DJB Daily Readings'!O17-'DJB Daily Readings'!O16 -> 134.12 | L9: ='DJB Daily Readings'!R17-'DJB Daily Readings'!R16 -> 0 | M9: ='DJB Daily Readings'!U17-'DJB Daily Readings'!U16 -> 4287.36 | N9: ='DJB Daily Readings'!X17-'DJB Daily Readings'!X16 -> 4920.72 | O9: ='DJB Daily Readings'!AA17-'DJB Daily Readings'!AA16 -> 925.68 | P9: ='DJB Daily Readings'!AD17-'DJB Daily Readings'!AD16 -> 389.76 | Q9: ='DJB Daily Readings'!AG17-'DJB Daily Readings'!AG16 -> 11595.36 | R9: ='DJB Daily Readings'!AJ17-'DJB Daily Readings'!AJ16 -> 5992.56 | S9: ='DJB Daily Readings'!AM17-'DJB Daily Readings'!AM16 -> 4482.24 | T9: ='DJB Daily Readings'!AP17-'DJB Daily Readings'!AP16 -> 4677.12 | U9: ='DJB Daily Readings'!AS17-'DJB Daily Readings'!AS16 -> 2874.48 | V9: ='DJB Daily Readings'!AV17-'DJB Daily Readings'!AV16 -> 5456.64 | W9: ='DJB Daily Readings'!AZ17-'DJB Daily Readings'!AZ16 -> 0 | X9: ='DJB Daily Readings'!BC17-'DJB Daily Readings'!BC16 -> 0 | Y9: ='DJB Daily Readings'!BF17-'DJB Daily Readings'!BF16 -> 62900 | Z9: =('DJB Daily Readings'!CK17-'DJB Daily Readings'!CK16)*1.89 -> 204.12 | AA9: =('DJB Daily Readings'!CN17-'DJB Daily Readings'!CN16)*1.89 -> 202.23 | AB9: =('DJB Daily Readings'!CQ17-'DJB Daily Readings'!CQ16)*1.89 -> 0 | AC9: ='DJB Daily Readings'!CT17-'DJB Daily Readings'!CT16 -> 249 | AD9: =('DJB Daily Readings'!BY17-'DJB Daily Readings'!BY16)*1.89 -> 43.47 | AE9: =('DJB Daily Readings'!CA17-'DJB Daily Readings'!CA16)*1.89 -> 39.69 | AF9: =('DJB Daily Readings'!CC17-'DJB Daily Readings'!CC16)*1.89 -> 7.56 | AG9: =('DJB Daily Readings'!CE17-'DJB Daily Readings'!CE16)*1.89 -> 13.23 | AH9: =('DJB Daily Readings'!CG17-'DJB Daily Readings'!CG16)*1.89 -> 24.57 | AI9: =('DJB Daily Readings'!CI17-'DJB Daily Readings'!CI16)*1.89 -> 51.03 | AJ9: ='DJB Daily Readings'!CY17-'DJB Daily Readings'!CY16 -> 8 | AK9: ='DJB Daily Readings'!CW17-'DJB Daily Readings'!CW16 -> 6 | AL9: ='DJB Daily Readings'!DC17-'DJB Daily Readings'!DC16 -> 15 | AM9: ='DJB Daily Readings'!DA17-'DJB Daily Readings'!DA16 -> 15 | AN9: ='DJB Daily Readings'!DG17-'DJB Daily Readings'!DG16 -> 10 | AO9: ='DJB Daily Readings'!DE17-'DJB Daily Readings'!DE16 -> 10 | AP9: ='DJB Daily Readings'!DK17-'DJB Daily Readings'!DK16 -> 0 | AQ9: ='DJB Daily Readings'!DI17-'DJB Daily Readings'!DI16 -> 13 | AR9: ='DJB Daily Readings'!DO17-'DJB Daily Readings'!DO16 -> 4 | AS9: ='DJB Daily Readings'!DM17-'DJB Daily Readings'!DM16 -> 4 | AT9: ='DJB Daily Readings'!DQ17-'DJB Daily Readings'!DQ16 -> 18 | AU9: ='DJB Daily Readings'!DT17-'DJB Daily Readings'!DT16 -> 9 | AW9: ='DJB Daily Readings'!DX17-'DJB Daily Readings'!DX16 -> 6.1 | AX9: ='DJB Daily Readings'!DZ17-'DJB Daily Readings'!DZ16 -> 8.6 | AY9: ='DJB Daily Readings'!EB17-'DJB Daily Readings'!EB16 -> 720 | AZ9: ='DJB Daily Readings'!ED17-'DJB Daily Readings'!ED16 -> 155.7 | BA9: ='DJB Daily Readings'!EG17-'DJB Daily Readings'!EG16 -> 4000 | BB9: ='DJB Daily Readings'!EI17-'DJB Daily Readings'!EI16 -> 230 | BC9: ='DJB Daily Readings'!EQ17-'DJB Daily Readings'!EQ16 -> 4600 | BD9: ='DJB Daily Readings'!EK17-'DJB Daily Readings'!EK16 -> 2000 | BE9: ='DJB Daily Readings'!EM17-'DJB Daily Readings'!EM16 -> 200 | BF9: ='DJB Daily Readings'!EO17-'DJB Daily Readings'!EO16 -> 630 | BG9: =('DJB Daily Readings'!ET17-'DJB Daily Readings'!ET16)*1.89 -> 26.46 | BH9: =('DJB Daily Readings'!EV17-'DJB Daily Readings'!EV16)*1.89 -> 20.79 | BI9: =('DJB Daily Readings'!EZ17-'DJB Daily Readings'!EZ16)*1.89 -> 17.01 | BJ9: =('DJB Daily Readings'!EX17-'DJB Daily Readings'!EX16)*1.89 -> 17.01 | BK9: =('DJB Daily Readings'!FB17-'DJB Daily Readings'!FB16)*1.89 -> 49.14
A10: Dubai at Jumeirah Beach | B10: =B9+1 -> 9 | C10: 4 | D10: 2022 | E10: =237*0.8 -> 189.6 | F10: =315+90 -> 405 | G10: ='DJB Daily Readings'!C18-'DJB Daily Readings'!C17 -> 734 | H10: ='DJB Daily Readings'!F18-'DJB Daily Readings'!F17 -> 394 | I10: ='DJB Daily Readings'!K18-'DJB Daily Readings'!K17 -> 313 | J10: ='DJB Daily Readings'!K18-'DJB Daily Readings'!K17 -> 313 | K10: ='DJB Daily Readings'!O18-'DJB Daily Readings'!O17 -> 128.36 | M10: ='DJB Daily Readings'!U18-'DJB Daily Readings'!U17 -> 2143.68 | N10: ='DJB Daily Readings'!X18-'DJB Daily Readings'!X17 -> 4920.72 | O10: ='DJB Daily Readings'!AA18-'DJB Daily Readings'!AA17 -> 97.44 | P10: ='DJB Daily Readings'!AD18-'DJB Daily Readings'!AD17 -> 12764.64 | Q10: ='DJB Daily Readings'!AG18-'DJB Daily Readings'!AG17 -> 341.04 | R10: ='DJB Daily Readings'!AJ18-'DJB Daily Readings'!AJ17 -> 5748.96 | S10: ='DJB Daily Readings'!AM18-'DJB Daily Readings'!AM17 -> 4336.08 | T10: ='DJB Daily Readings'!AP18-'DJB Daily Readings'!AP17 -> 4725.84 | U10: ='DJB Daily Readings'!AS18-'DJB Daily Readings'!AS17 -> 2533.44 | V10: ='DJB Daily Readings'!AV18-'DJB Daily Readings'!AV17 -> 5748.96 | W10: ='DJB Daily Readings'!AZ18-'DJB Daily Readings'!AZ17 -> 0 | X10: ='DJB Daily Readings'!BC18-'DJB Daily Readings'!BC17 -> 63600 | Y10: ='DJB Daily Readings'!BF18-'DJB Daily Readings'!BF17 -> 2400 | Z10: =('DJB Daily Readings'!CK18-'DJB Daily Readings'!CK17)*1.89 -> 200.34 | AA10: =('DJB Daily Readings'!CN18-'DJB Daily Readings'!CN17)*1.89 -> 198.45 | AB10: =('DJB Daily Readings'!CQ18-'DJB Daily Readings'!CQ17)*1.89 -> 120.96 | AC10: ='DJB Daily Readings'!CT18-'DJB Daily Readings'!CT17 -> 243 | AD10: =('DJB Daily Readings'!BY18-'DJB Daily Readings'!BY17)*1.89 -> 41.58 | AE10: =('DJB Daily Readings'!CA18-'DJB Daily Readings'!CA17)*1.89 -> 37.8 | AF10: =('DJB Daily Readings'!CC18-'DJB Daily Readings'!CC17)*1.89 -> 7.56 | AG10: =('DJB Daily Readings'!CE18-'DJB Daily Readings'!CE17)*1.89 -> 15.12 | AH10: =('DJB Daily Readings'!CG18-'DJB Daily Readings'!CG17)*1.89 -> 20.79 | AI10: =('DJB Daily Readings'!CI18-'DJB Daily Readings'!CI17)*1.89 -> 51.03 | AJ10: ='DJB Daily Readings'!CY18-'DJB Daily Readings'!CY17 -> 3 | AK10: ='DJB Daily Readings'!CW18-'DJB Daily Readings'!CW17 -> 6 | AL10: ='DJB Daily Readings'!DC18-'DJB Daily Readings'!DC17 -> 12 | AM10: ='DJB Daily Readings'!DA18-'DJB Daily Readings'!DA17 -> 15 | AN10: ='DJB Daily Readings'!DG18-'DJB Daily Readings'!DG17 -> 10 | AO10: ='DJB Daily Readings'!DE18-'DJB Daily Readings'!DE17 -> 10 | AP10: ='DJB Daily Readings'!DK18-'DJB Daily Readings'!DK17 -> 4 | AQ10: ='DJB Daily Readings'!DI18-'DJB Daily Readings'!DI17 -> 12 | AR10: ='DJB Daily Readings'!DO18-'DJB Daily Readings'!DO17 -> 4 | AS10: ='DJB Daily Readings'!DM18-'DJB Daily Readings'!DM17 -> 8 | AT10: ='DJB Daily Readings'!DQ18-'DJB Daily Readings'!DQ17 -> 19 | AU10: ='DJB Daily Readings'!DT18-'DJB Daily Readings'!DT17 -> 9.4 | AW10: ='DJB Daily Readings'!DX18-'DJB Daily Readings'!DX17 -> 6.5 | AX10: ='DJB Daily Readings'!DZ18-'DJB Daily Readings'!DZ17 -> 9.8 | AY10: ='DJB Daily Readings'!EB18-'DJB Daily Readings'!EB17 -> 779 | AZ10: ='DJB Daily Readings'!ED18-'DJB Daily Readings'!ED17 -> 158.2 | BA10: ='DJB Daily Readings'!EG18-'DJB Daily Readings'!EG17 -> 4000 | BB10: ='DJB Daily Readings'!EI18-'DJB Daily Readings'!EI17 -> 230 | BC10: ='DJB Daily Readings'!EQ18-'DJB Daily Readings'!EQ17 -> 4700 | BD10: ='DJB Daily Readings'!EK18-'DJB Daily Readings'!EK17 -> 2100 | BE10: ='DJB Daily Readings'!EM18-'DJB Daily Readings'!EM17 -> 800 | BF10: ='DJB Daily Readings'!EO18-'DJB Daily Readings'!EO17 -> 630 | BG10: =('DJB Daily Readings'!ET18-'DJB Daily Readings'!ET17)*1.89 -> 32.13 | BH10: =('DJB Daily Readings'!EV18-'DJB Daily Readings'!EV17)*1.89 -> 20.79 | BI10: =('DJB Daily Readings'!EZ18-'DJB Daily Readings'!EZ17)*1.89 -> 17.01 | BJ10: =('DJB Daily Readings'!EX18-'DJB Daily Readings'!EX17)*1.89 -> 24.57 | BK10: =('DJB Daily Readings'!FB18-'DJB Daily Readings'!FB17)*1.89 -> 47.25
A11: Dubai at Jumeirah Beach | B11: =B10+1 -> 10 | C11: 4 | D11: 2022 | E11: =237*0.87 -> 206.19 | F11: =340+106 -> 446 | G11: ='DJB Daily Readings'!C19-'DJB Daily Readings'!C18 -> 712 | H11: ='DJB Daily Readings'!F19-'DJB Daily Readings'!F18 -> 398 | I11: ='DJB Daily Readings'!K19-'DJB Daily Readings'!K18 -> 320 | J11: ='DJB Daily Readings'!K19-'DJB Daily Readings'!K18 -> 320 | K11: ='DJB Daily Readings'!O19-'DJB Daily Readings'!O18 -> 127.67 | L11: ='DJB Daily Readings'!R19-'DJB Daily Readings'!R18 -> 22 | M11: ='DJB Daily Readings'!U19-'DJB Daily Readings'!U18 -> 2192.4 | N11: ='DJB Daily Readings'!X19-'DJB Daily Readings'!X18 -> 4969.44 | O11: ='DJB Daily Readings'!AA19-'DJB Daily Readings'!AA18 -> 97.44 | P11: ='DJB Daily Readings'!AD19-'DJB Daily Readings'!AD18 -> 12131.28 | Q11: ='DJB Daily Readings'!AG19-'DJB Daily Readings'!AG18 -> 1120.56 | R11: ='DJB Daily Readings'!AJ19-'DJB Daily Readings'!AJ18 -> 5992.56 | S11: ='DJB Daily Readings'!AM19-'DJB Daily Readings'!AM18 -> 4823.28 | T11: ='DJB Daily Readings'!AP19-'DJB Daily Readings'!AP18 -> 4725.84 | U11: ='DJB Daily Readings'!AS19-'DJB Daily Readings'!AS18 -> 2777.04 | V11: ='DJB Daily Readings'!AV19-'DJB Daily Readings'!AV18 -> 5602.8 | W11: ='DJB Daily Readings'!AZ19-'DJB Daily Readings'!AZ18 -> 0 | X11: ='DJB Daily Readings'!BC19-'DJB Daily Readings'!BC18 -> 63700 | Y11: ='DJB Daily Readings'!BF19-'DJB Daily Readings'!BF18 -> 0 | Z11: =('DJB Daily Readings'!CK19-'DJB Daily Readings'!CK18)*1.89 -> 215.46 | AA11: =('DJB Daily Readings'!CN19-'DJB Daily Readings'!CN18)*1.89 -> 196.56 | AB11: =('DJB Daily Readings'!CQ19-'DJB Daily Readings'!CQ18)*1.89 -> 249.48 | AC11: ='DJB Daily Readings'!CT19-'DJB Daily Readings'!CT18 -> 253 | AD11: =('DJB Daily Readings'!BY19-'DJB Daily Readings'!BY18)*1.89 -> 43.47 | AE11: =('DJB Daily Readings'!CA19-'DJB Daily Readings'!CA18)*1.89 -> 37.8 | AF11: =('DJB Daily Readings'!CC19-'DJB Daily Readings'!CC18)*1.89 -> 9.45 | AG11: =('DJB Daily Readings'!CE19-'DJB Daily Readings'!CE18)*1.89 -> 11.34 | AH11: =('DJB Daily Readings'!CG19-'DJB Daily Readings'!CG18)*1.89 -> 9.45 | AI11: =('DJB Daily Readings'!CI19-'DJB Daily Readings'!CI18)*1.89 -> 51.03 | AJ11: ='DJB Daily Readings'!CY19-'DJB Daily Readings'!CY18 -> 4 | AK11: ='DJB Daily Readings'!CW19-'DJB Daily Readings'!CW18 -> 3 | AL11: ='DJB Daily Readings'!DC19-'DJB Daily Readings'!DC18 -> 12 | AM11: ='DJB Daily Readings'!DA19-'DJB Daily Readings'!DA18 -> 17 | AN11: ='DJB Daily Readings'!DG19-'DJB Daily Readings'!DG18 -> 3 | AO11: ='DJB Daily Readings'!DE19-'DJB Daily Readings'!DE18 -> 7 | AP11: ='DJB Daily Readings'!DK19-'DJB Daily Readings'!DK18 -> 10 | AQ11: ='DJB Daily Readings'!DI19-'DJB Daily Readings'!DI18 -> 16 | AR11: ='DJB Daily Readings'!DO19-'DJB Daily Readings'!DO18 -> 6 | AS11: ='DJB Daily Readings'!DM19-'DJB Daily Readings'!DM18 -> 0 | AT11: ='DJB Daily Readings'!DQ19-'DJB Daily Readings'!DQ18 -> 20 | AU11: ='DJB Daily Readings'!DT19-'DJB Daily Readings'!DT18 -> 8.5 | AW11: ='DJB Daily Readings'!DX19-'DJB Daily Readings'!DX18 -> 6 | AX11: ='DJB Daily Readings'!DZ19-'DJB Daily Readings'!DZ18 -> 9.2 | AY11: ='DJB Daily Readings'!EB19-'DJB Daily Readings'!EB18 -> 678 | AZ11: ='DJB Daily Readings'!ED19-'DJB Daily Readings'!ED18 -> 144.9 | BA11: ='DJB Daily Readings'!EG19-'DJB Daily Readings'!EG18 -> 3800 | BB11: ='DJB Daily Readings'!EI19-'DJB Daily Readings'!EI18 -> 230 | BC11: ='DJB Daily Readings'!EQ19-'DJB Daily Readings'!EQ18 -> 4500 | BD11: ='DJB Daily Readings'!EK19-'DJB Daily Readings'!EK18 -> 2000 | BE11: ='DJB Daily Readings'!EM19-'DJB Daily Readings'!EM18 -> 500 | BF11: ='DJB Daily Readings'!EO19-'DJB Daily Readings'!EO18 -> 630 | BG11: =('DJB Daily Readings'!ET19-'DJB Daily Readings'!ET18)*1.89 -> 24.57 | BH11: =('DJB Daily Readings'!EV19-'DJB Daily Readings'!EV18)*1.89 -> 20.79 | BI11: =('DJB Daily Readings'!EZ19-'DJB Daily Readings'!EZ18)*1.89 -> 17.01 | BJ11: =('DJB Daily Readings'!EX19-'DJB Daily Readings'!EX18)*1.89 -> 24.57 | BK11: =('DJB Daily Readings'!FB19-'DJB Daily Readings'!FB18)*1.89 -> 41.58
A12: Dubai at Jumeirah Beach | B12: =B11+1 -> 11 | C12: 4 | D12: 2022 | E12: =237*0.85 -> 201.45 | F12: =329+88 -> 417 | G12: ='DJB Daily Readings'!C20-'DJB Daily Readings'!C19 -> 741 | H12: ='DJB Daily Readings'!F20-'DJB Daily Readings'!F19 -> 366 | I12: ='DJB Daily Readings'!K20-'DJB Daily Readings'!K19 -> 322 | J12: ='DJB Daily Readings'!K20-'DJB Daily Readings'!K19 -> 322 | K12: ='DJB Daily Readings'!O20-'DJB Daily Readings'!O19 -> 137.93 | L12: ='DJB Daily Readings'!R20-'DJB Daily Readings'!R19 -> 25 | M12: ='DJB Daily Readings'!U20-'DJB Daily Readings'!U19 -> 2094.96 | N12: ='DJB Daily Readings'!X20-'DJB Daily Readings'!X19 -> 4677.12 | O12: ='DJB Daily Readings'!AA20-'DJB Daily Readings'!AA19 -> 97.44 | P12: ='DJB Daily Readings'!AD20-'DJB Daily Readings'!AD19 -> 13739.04 | Q12: ='DJB Daily Readings'!AG20-'DJB Daily Readings'!AG19 -> 1364.16 | R12: ='DJB Daily Readings'!AJ20-'DJB Daily Readings'!AJ19 -> 5554.08 | S12: ='DJB Daily Readings'!AM20-'DJB Daily Readings'!AM19 -> 4189.92 | T12: ='DJB Daily Readings'!AP20-'DJB Daily Readings'!AP19 -> 4482.24 | U12: ='DJB Daily Readings'!AS20-'DJB Daily Readings'!AS19 -> 2630.88 | V12: ='DJB Daily Readings'!AV20-'DJB Daily Readings'!AV19 -> 5407.92 | W12: ='DJB Daily Readings'!AZ20-'DJB Daily Readings'!AZ19 -> 0 | X12: ='DJB Daily Readings'!BC20-'DJB Daily Readings'!BC19 -> 72400 | Y12: ='DJB Daily Readings'!BF20-'DJB Daily Readings'!BF19 -> 0 | Z12: =('DJB Daily Readings'!CK20-'DJB Daily Readings'!CK19)*1.89 -> 200.34 | AA12: =('DJB Daily Readings'!CN20-'DJB Daily Readings'!CN19)*1.89 -> 183.33 | AB12: =('DJB Daily Readings'!CQ20-'DJB Daily Readings'!CQ19)*1.89 -> 175.77 | AC12: ='DJB Daily Readings'!CT20-'DJB Daily Readings'!CT19 -> 244 | AD12: =('DJB Daily Readings'!BY20-'DJB Daily Readings'!BY19)*1.89 -> 41.58 | AE12: =('DJB Daily Readings'!CA20-'DJB Daily Readings'!CA19)*1.89 -> 35.91 | AF12: =('DJB Daily Readings'!CC20-'DJB Daily Readings'!CC19)*1.89 -> 11.34 | AG12: =('DJB Daily Readings'!CE20-'DJB Daily Readings'!CE19)*1.89 -> 13.23 | AH12: =('DJB Daily Readings'!CG20-'DJB Daily Readings'!CG19)*1.89 -> 17.01 | AI12: =('DJB Daily Readings'!CI20-'DJB Daily Readings'!CI19)*1.89 -> 47.25 | AJ12: ='DJB Daily Readings'!CY20-'DJB Daily Readings'!CY19 -> 2 | AK12: ='DJB Daily Readings'!CW20-'DJB Daily Readings'!CW19 -> 3 | AL12: ='DJB Daily Readings'!DC20-'DJB Daily Readings'!DC19 -> 14 | AM12: ='DJB Daily Readings'!DA20-'DJB Daily Readings'!DA19 -> 15 | AN12: ='DJB Daily Readings'!DG20-'DJB Daily Readings'!DG19 -> 8 | AO12: ='DJB Daily Readings'!DE20-'DJB Daily Readings'!DE19 -> 8 | AP12: ='DJB Daily Readings'!DK20-'DJB Daily Readings'!DK19 -> 3 | AQ12: ='DJB Daily Readings'!DI20-'DJB Daily Readings'!DI19 -> 11 | AR12: ='DJB Daily Readings'!DO20-'DJB Daily Readings'!DO19 -> 5 | AS12: ='DJB Daily Readings'!DM20-'DJB Daily Readings'!DM19 -> 4 | AT12: ='DJB Daily Readings'!DQ20-'DJB Daily Readings'!DQ19 -> 19 | AU12: ='DJB Daily Readings'!DT20-'DJB Daily Readings'!DT19 -> 8.4 | AW12: ='DJB Daily Readings'!DX20-'DJB Daily Readings'!DX19 -> 6.8 | AX12: ='DJB Daily Readings'!DZ20-'DJB Daily Readings'!DZ19 -> 7.9 | AY12: ='DJB Daily Readings'!EB20-'DJB Daily Readings'!EB19 -> 683 | AZ12: ='DJB Daily Readings'!ED20-'DJB Daily Readings'!ED19 -> 146.8 | BA12: ='DJB Daily Readings'!EG20-'DJB Daily Readings'!EG19 -> 4400 | BB12: ='DJB Daily Readings'!EI20-'DJB Daily Readings'!EI19 -> 250 | BC12: ='DJB Daily Readings'!EQ20-'DJB Daily Readings'!EQ19 -> 5600 | BD12: ='DJB Daily Readings'!EK20-'DJB Daily Readings'!EK19 -> 2300 | BE12: ='DJB Daily Readings'!EM20-'DJB Daily Readings'!EM19 -> 800 | BF12: ='DJB Daily Readings'!EO20-'DJB Daily Readings'!EO19 -> 630 | BG12: =('DJB Daily Readings'!ET20-'DJB Daily Readings'!ET19)*1.89 -> 26.46 | BH12: =('DJB Daily Readings'!EV20-'DJB Daily Readings'!EV19)*1.89 -> 22.68 | BI12: =('DJB Daily Readings'!EZ20-'DJB Daily Readings'!EZ19)*1.89 -> 17.01 | BJ12: =('DJB Daily Readings'!EX20-'DJB Daily Readings'!EX19)*1.89 -> 15.12 | BK12: =('DJB Daily Readings'!FB20-'DJB Daily Readings'!FB19)*1.89 -> 49.14
A13: Dubai at Jumeirah Beach | B13: =B12+1 -> 12 | C13: 4 | D13: 2022 | E13: =237*0.85 -> 201.45 | F13: =336+88 -> 424 | G13: ='DJB Daily Readings'!C21-'DJB Daily Readings'!C20 -> 822 | H13: ='DJB Daily Readings'!F21-'DJB Daily Readings'!F20 -> 414 | I13: ='DJB Daily Readings'!K21-'DJB Daily Readings'!K20 -> 326 | J13: ='DJB Daily Readings'!K21-'DJB Daily Readings'!K20 -> 326 | K13: ='DJB Daily Readings'!O21-'DJB Daily Readings'!O20 -> 143.72 | L13: ='DJB Daily Readings'!R21-'DJB Daily Readings'!R20 -> 19 | M13: ='DJB Daily Readings'!U21-'DJB Daily Readings'!U20 -> 2436 | N13: ='DJB Daily Readings'!X21-'DJB Daily Readings'!X20 -> 4774.56 | O13: ='DJB Daily Readings'!AA21-'DJB Daily Readings'!AA20 -> 194.88 | P13: ='DJB Daily Readings'!AD21-'DJB Daily Readings'!AD20 -> 10669.68 | Q13: ='DJB Daily Readings'!AG21-'DJB Daily Readings'!AG20 -> 3215.52 | R13: ='DJB Daily Readings'!AJ21-'DJB Daily Readings'!AJ20 -> 5846.4 | S13: ='DJB Daily Readings'!AM21-'DJB Daily Readings'!AM20 -> 4482.24 | T13: ='DJB Daily Readings'!AP21-'DJB Daily Readings'!AP20 -> 4530.96 | U13: ='DJB Daily Readings'!AS21-'DJB Daily Readings'!AS20 -> 2825.76 | V13: ='DJB Daily Readings'!AV21-'DJB Daily Readings'!AV20 -> 5359.2 | W13: ='DJB Daily Readings'!AZ21-'DJB Daily Readings'!AZ20 -> 0 | X13: ='DJB Daily Readings'!BC21-'DJB Daily Readings'!BC20 -> 52800 | Y13: ='DJB Daily Readings'!BF21-'DJB Daily Readings'!BF20 -> 14000 | Z13: =('DJB Daily Readings'!CK21-'DJB Daily Readings'!CK20)*1.89 -> 206.01 | AA13: =('DJB Daily Readings'!CN21-'DJB Daily Readings'!CN20)*1.89 -> 147.42 | AB13: =('DJB Daily Readings'!CQ21-'DJB Daily Readings'!CQ20)*1.89 -> 149.31 | AC13: ='DJB Daily Readings'!CT21-'DJB Daily Readings'!CT20 -> 250 | AD13: =('DJB Daily Readings'!BY21-'DJB Daily Readings'!BY20)*1.89 -> 37.8 | AE13: =('DJB Daily Readings'!CA21-'DJB Daily Readings'!CA20)*1.89 -> 37.8 | AF13: =('DJB Daily Readings'!CC21-'DJB Daily Readings'!CC20)*1.89 -> 11.34 | AG13: =('DJB Daily Readings'!CE21-'DJB Daily Readings'!CE20)*1.89 -> 15.12 | AH13: =('DJB Daily Readings'!CG21-'DJB Daily Readings'!CG20)*1.89 -> 22.68 | AI13: =('DJB Daily Readings'!CI21-'DJB Daily Readings'!CI20)*1.89 -> 52.92 | AJ13: ='DJB Daily Readings'!CY21-'DJB Daily Readings'!CY20 -> 2 | AK13: ='DJB Daily Readings'!CW21-'DJB Daily Readings'!CW20 -> 5 | AL13: ='DJB Daily Readings'!DC21-'DJB Daily Readings'!DC20 -> 14 | AM13: ='DJB Daily Readings'!DA21-'DJB Daily Readings'!DA20 -> 17 | AN13: ='DJB Daily Readings'!DG21-'DJB Daily Readings'!DG20 -> 7 | AO13: ='DJB Daily Readings'!DE21-'DJB Daily Readings'!DE20 -> 10 | AP13: ='DJB Daily Readings'!DK21-'DJB Daily Readings'!DK20 -> 4 | AQ13: ='DJB Daily Readings'!DI21-'DJB Daily Readings'!DI20 -> 10 | AR13: ='DJB Daily Readings'!DO21-'DJB Daily Readings'!DO20 -> 5 | AS13: ='DJB Daily Readings'!DM21-'DJB Daily Readings'!DM20 -> 4 | AT13: ='DJB Daily Readings'!DQ21-'DJB Daily Readings'!DQ20 -> 20 | AU13: ='DJB Daily Readings'!DT21-'DJB Daily Readings'!DT20 -> 8.8 | AW13: ='DJB Daily Readings'!DX21-'DJB Daily Readings'!DX20 -> 6.7 | AX13: ='DJB Daily Readings'!DZ21-'DJB Daily Readings'!DZ20 -> 7.2 | AY13: ='DJB Daily Readings'!EB21-'DJB Daily Readings'!EB20 -> 642 | AZ13: ='DJB Daily Readings'!ED21-'DJB Daily Readings'!ED20 -> 151.8 | BA13: ='DJB Daily Readings'!EG21-'DJB Daily Readings'!EG20 -> 4100 | BB13: ='DJB Daily Readings'!EI21-'DJB Daily Readings'!EI20 -> 240 | BC13: ='DJB Daily Readings'!EQ21-'DJB Daily Readings'!EQ20 -> 5300 | BD13: ='DJB Daily Readings'!EK21-'DJB Daily Readings'!EK20 -> 2200 | BE13: ='DJB Daily Readings'!EM21-'DJB Daily Readings'!EM20 -> 600 | BF13: ='DJB Daily Readings'!EO21-'DJB Daily Readings'!EO20 -> 650 | BG13: =('DJB Daily Readings'!ET21-'DJB Daily Readings'!ET20)*1.89 -> 30.24 | BH13: =('DJB Daily Readings'!EV21-'DJB Daily Readings'!EV20)*1.89 -> 24.57 | BI13: =('DJB Daily Readings'!EZ21-'DJB Daily Readings'!EZ20)*1.89 -> 22.68 | BJ13: =('DJB Daily Readings'!EX21-'DJB Daily Readings'!EX20)*1.89 -> 18.9 | BK13: =('DJB Daily Readings'!FB21-'DJB Daily Readings'!FB20)*1.89 -> 49.14
A14: Dubai at Jumeirah Beach | B14: =B13+1 -> 13 | C14: 4 | D14: 2022 | E14: =237*0.86 -> 203.82 | F14: =337+87 -> 424 | G14: ='DJB Daily Readings'!C22-'DJB Daily Readings'!C21 -> 706 | H14: ='DJB Daily Readings'!F22-'DJB Daily Readings'!F21 -> 397 | I14: ='DJB Daily Readings'!K22-'DJB Daily Readings'!K21 -> 330 | J14: ='DJB Daily Readings'!K22-'DJB Daily Readings'!K21 -> 330 | K14: ='DJB Daily Readings'!O22-'DJB Daily Readings'!O21 -> 136.74 | L14: ='DJB Daily Readings'!R22-'DJB Daily Readings'!R21 -> 27 | M14: ='DJB Daily Readings'!U22-'DJB Daily Readings'!U21 -> 2143.68 | N14: ='DJB Daily Readings'!X22-'DJB Daily Readings'!X21 -> 4920.72 | O14: ='DJB Daily Readings'!AA22-'DJB Daily Readings'!AA21 -> 146.16 | P14: ='DJB Daily Readings'!AD22-'DJB Daily Readings'!AD21 -> 12228.72 | Q14: ='DJB Daily Readings'!AG22-'DJB Daily Readings'!AG21 -> 1218 | R14: ='DJB Daily Readings'!AJ22-'DJB Daily Readings'!AJ21 -> 5943.84 | S14: ='DJB Daily Readings'!AM22-'DJB Daily Readings'!AM21 -> 4482.24 | T14: ='DJB Daily Readings'!AP22-'DJB Daily Readings'!AP21 -> 4774.56 | U14: ='DJB Daily Readings'!AS22-'DJB Daily Readings'!AS21 -> 2874.48 | V14: ='DJB Daily Readings'!AV22-'DJB Daily Readings'!AV21 -> 5456.64 | W14: ='DJB Daily Readings'!AZ22-'DJB Daily Readings'!AZ21 -> 0 | X14: ='DJB Daily Readings'!BC22-'DJB Daily Readings'!BC21 -> 64500 | Y14: ='DJB Daily Readings'!BF22-'DJB Daily Readings'!BF21 -> 0 | Z14: =('DJB Daily Readings'!CK22-'DJB Daily Readings'!CK21)*1.89 -> 209.79 | AA14: =('DJB Daily Readings'!CN22-'DJB Daily Readings'!CN21)*1.89 -> 192.78 | AB14: =('DJB Daily Readings'!CQ22-'DJB Daily Readings'!CQ21)*1.89 -> 98.28 | AC14: ='DJB Daily Readings'!CT22-'DJB Daily Readings'!CT21 -> 252 | AD14: =('DJB Daily Readings'!BY22-'DJB Daily Readings'!BY21)*1.89 -> 41.58 | AE14: =('DJB Daily Readings'!CA22-'DJB Daily Readings'!CA21)*1.89 -> 39.69 | AF14: =('DJB Daily Readings'!CC22-'DJB Daily Readings'!CC21)*1.89 -> 9.45 | AG14: =('DJB Daily Readings'!CE22-'DJB Daily Readings'!CE21)*1.89 -> 13.23 | AH14: =('DJB Daily Readings'!CG22-'DJB Daily Readings'!CG21)*1.89 -> 17.01 | AI14: =('DJB Daily Readings'!CI22-'DJB Daily Readings'!CI21)*1.89 -> 52.92 | AJ14: ='DJB Daily Readings'!CY22-'DJB Daily Readings'!CY21 -> 3 | AK14: ='DJB Daily Readings'!CW22-'DJB Daily Readings'!CW21 -> 4 | AL14: ='DJB Daily Readings'!DC22-'DJB Daily Readings'!DC21 -> 14 | AM14: ='DJB Daily Readings'!DA22-'DJB Daily Readings'!DA21 -> 17 | AN14: ='DJB Daily Readings'!DG22-'DJB Daily Readings'!DG21 -> 7 | AO14: ='DJB Daily Readings'!DE22-'DJB Daily Readings'!DE21 -> 8 | AP14: ='DJB Daily Readings'!DK22-'DJB Daily Readings'!DK21 -> 5 | AQ14: ='DJB Daily Readings'!DI22-'DJB Daily Readings'!DI21 -> 10 | AR14: ='DJB Daily Readings'!DO22-'DJB Daily Readings'!DO21 -> 5 | AS14: ='DJB Daily Readings'!DM22-'DJB Daily Readings'!DM21 -> 4 | AT14: ='DJB Daily Readings'!DQ22-'DJB Daily Readings'!DQ21 -> 20 | AU14: ='DJB Daily Readings'!DT22-'DJB Daily Readings'!DT21 -> 8.8 | AW14: ='DJB Daily Readings'!DX22-'DJB Daily Readings'!DX21 -> 6.6 | AX14: ='DJB Daily Readings'!DZ22-'DJB Daily Readings'!DZ21 -> 7.7 | AY14: ='DJB Daily Readings'!EB22-'DJB Daily Readings'!EB21 -> 651 | AZ14: ='DJB Daily Readings'!ED22-'DJB Daily Readings'!ED21 -> 152.7 | BA14: ='DJB Daily Readings'!EG22-'DJB Daily Readings'!EG21 -> 4000 | BB14: ='DJB Daily Readings'!EI22-'DJB Daily Readings'!EI21 -> 230 | BC14: ='DJB Daily Readings'!EQ22-'DJB Daily Readings'!EQ21 -> 5100 | BD14: ='DJB Daily Readings'!EK22-'DJB Daily Readings'!EK21 -> 2200 | BE14: ='DJB Daily Readings'!EM22-'DJB Daily Readings'!EM21 -> 400 | BF14: ='DJB Daily Readings'!EO22-'DJB Daily Readings'!EO21 -> 630 | BG14: =('DJB Daily Readings'!ET22-'DJB Daily Readings'!ET21)*1.89 -> 26.46 | BH14: =('DJB Daily Readings'!EV22-'DJB Daily Readings'!EV21)*1.89 -> 22.68 | BI14: =('DJB Daily Readings'!EZ22-'DJB Daily Readings'!EZ21)*1.89 -> 15.12 | BJ14: =('DJB Daily Readings'!EX22-'DJB Daily Readings'!EX21)*1.89 -> 18.9 | BK14: =('DJB Daily Readings'!FB22-'DJB Daily Readings'!FB21)*1.89 -> 51.03
A15: Dubai at Jumeirah Beach | B15: =B14+1 -> 14 | C15: 4 | D15: 2022 | E15: =237*0.91 -> 215.67 | F15: =364+112 -> 476 | G15: ='DJB Daily Readings'!C23-'DJB Daily Readings'!C22 -> 854 | H15: ='DJB Daily Readings'!F23-'DJB Daily Readings'!F22 -> 424 | I15: ='DJB Daily Readings'!K23-'DJB Daily Readings'!K22 -> 362.8 | J15: ='DJB Daily Readings'!K23-'DJB Daily Readings'!K22 -> 362.8 | K15: ='DJB Daily Readings'!O23-'DJB Daily Readings'!O22 -> 148.76 | L15: ='DJB Daily Readings'!R23-'DJB Daily Readings'!R22 -> 26 | M15: ='DJB Daily Readings'!U23-'DJB Daily Readings'!U22 -> 2192.4 | N15: ='DJB Daily Readings'!X23-'DJB Daily Readings'!X22 -> 5066.88 | O15: ='DJB Daily Readings'!AA23-'DJB Daily Readings'!AA22 -> 97.44 | P15: ='DJB Daily Readings'!AD23-'DJB Daily Readings'!AD22 -> 13349.28 | Q15: ='DJB Daily Readings'!AG23-'DJB Daily Readings'!AG22 -> 1364.16 | R15: ='DJB Daily Readings'!AJ23-'DJB Daily Readings'!AJ22 -> 6090 | S15: ='DJB Daily Readings'!AM23-'DJB Daily Readings'!AM22 -> 4774.56 | T15: ='DJB Daily Readings'!AP23-'DJB Daily Readings'!AP22 -> 4969.44 | U15: ='DJB Daily Readings'!AS23-'DJB Daily Readings'!AS22 -> 2923.2 | V15: ='DJB Daily Readings'!AV23-'DJB Daily Readings'!AV22 -> 5748.96 | W15: ='DJB Daily Readings'!AZ23-'DJB Daily Readings'!AZ22 -> 0 | X15: ='DJB Daily Readings'!BC23-'DJB Daily Readings'!BC22 -> 68500 | Y15: ='DJB Daily Readings'!BF23-'DJB Daily Readings'!BF22 -> 0 | Z15: =('DJB Daily Readings'!CK23-'DJB Daily Readings'!CK22)*1.89 -> 213.57 | AA15: =('DJB Daily Readings'!CN23-'DJB Daily Readings'!CN22)*1.89 -> 221.13 | AB15: =('DJB Daily Readings'!CQ23-'DJB Daily Readings'!CQ22)*1.89 -> 113.4 | AC15: ='DJB Daily Readings'!CT23-'DJB Daily Readings'!CT22 -> 257 | AD15: =('DJB Daily Readings'!BY23-'DJB Daily Readings'!BY22)*1.89 -> 39.69 | AE15: =('DJB Daily Readings'!CA23-'DJB Daily Readings'!CA22)*1.89 -> 41.58 | AF15: =('DJB Daily Readings'!CC23-'DJB Daily Readings'!CC22)*1.89 -> 9.45 | AG15: =('DJB Daily Readings'!CE23-'DJB Daily Readings'!CE22)*1.89 -> 15.12 | AH15: =('DJB Daily Readings'!CG23-'DJB Daily Readings'!CG22)*1.89 -> 24.57 | AI15: =('DJB Daily Readings'!CI23-'DJB Daily Readings'!CI22)*1.89 -> 52.92 | AJ15: ='DJB Daily Readings'!CY23-'DJB Daily Readings'!CY22 -> 4 | AK15: ='DJB Daily Readings'!CW23-'DJB Daily Readings'!CW22 -> 4 | AL15: ='DJB Daily Readings'!DC23-'DJB Daily Readings'!DC22 -> 14 | AM15: ='DJB Daily Readings'!DA23-'DJB Daily Readings'!DA22 -> 18 | AN15: ='DJB Daily Readings'!DG23-'DJB Daily Readings'!DG22 -> 7 | AO15: ='DJB Daily Readings'!DE23-'DJB Daily Readings'!DE22 -> 8 | AP15: ='DJB Daily Readings'!DK23-'DJB Daily Readings'!DK22 -> 5 | AQ15: ='DJB Daily Readings'!DI23-'DJB Daily Readings'!DI22 -> 10 | AR15: ='DJB Daily Readings'!DO23-'DJB Daily Readings'!DO22 -> 5 | AS15: ='DJB Daily Readings'!DM23-'DJB Daily Readings'!DM22 -> 4 | AT15: ='DJB Daily Readings'!DQ23-'DJB Daily Readings'!DQ22 -> 29 | AU15: ='DJB Daily Readings'!DT23-'DJB Daily Readings'!DT22 -> 9.9 | AW15: ='DJB Daily Readings'!DX23-'DJB Daily Readings'!DX22 -> 7.4 | AX15: ='DJB Daily Readings'!DZ23-'DJB Daily Readings'!DZ22 -> 8.3 | AY15: ='DJB Daily Readings'!EB23-'DJB Daily Readings'!EB22 -> 801 | AZ15: ='DJB Daily Readings'!ED23-'DJB Daily Readings'!ED22 -> 167.2 | BA15: ='DJB Daily Readings'!EG23-'DJB Daily Readings'!EG22 -> 3800 | BB15: ='DJB Daily Readings'!EI23-'DJB Daily Readings'!EI22 -> 220 | BC15: ='DJB Daily Readings'!EQ23-'DJB Daily Readings'!EQ22 -> 4600 | BD15: ='DJB Daily Readings'!EK23-'DJB Daily Readings'!EK22 -> 2000 | BE15: ='DJB Daily Readings'!EM23-'DJB Daily Readings'!EM22 -> 600 | BF15: ='DJB Daily Readings'!EO23-'DJB Daily Readings'!EO22 -> 580 | BG15: =('DJB Daily Readings'!ET23-'DJB Daily Readings'!ET22)*1.89 -> 32.13 | BH15: =('DJB Daily Readings'!EV23-'DJB Daily Readings'!EV22)*1.89 -> 24.57 | BI15: =('DJB Daily Readings'!EZ23-'DJB Daily Readings'!EZ22)*1.89 -> 15.12 | BJ15: =('DJB Daily Readings'!EX23-'DJB Daily Readings'!EX22)*1.89 -> 20.79 | BK15: =('DJB Daily Readings'!FB23-'DJB Daily Readings'!FB22)*1.89 -> 58.59
A16: Dubai at Jumeirah Beach | B16: =B15+1 -> 15 | C16: 4 | D16: 2022 | E16: =237*0.94 -> 222.78 | F16: =367+122 -> 489 | G16: ='DJB Daily Readings'!C24-'DJB Daily Readings'!C23 -> 717 | H16: ='DJB Daily Readings'!F24-'DJB Daily Readings'!F23 -> 437 | I16: ='DJB Daily Readings'!K24-'DJB Daily Readings'!K23 -> 114.2 | J16: ='DJB Daily Readings'!K24-'DJB Daily Readings'!K23 -> 114.2 | K16: ='DJB Daily Readings'!O24-'DJB Daily Readings'!O23 -> 168.54 | L16: ='DJB Daily Readings'!R24-'DJB Daily Readings'!R23 -> 28 | M16: ='DJB Daily Readings'!U24-'DJB Daily Readings'!U23 -> 2484.72 | N16: ='DJB Daily Readings'!X24-'DJB Daily Readings'!X23 -> 4872 | O16: ='DJB Daily Readings'!AA24-'DJB Daily Readings'!AA23 -> 243.6 | P16: ='DJB Daily Readings'!AD24-'DJB Daily Readings'!AD23 -> 12277.44 | Q16: ='DJB Daily Readings'!AG24-'DJB Daily Readings'!AG23 -> 3995.04 | R16: ='DJB Daily Readings'!AJ24-'DJB Daily Readings'!AJ23 -> 5700.24 | S16: ='DJB Daily Readings'!AM24-'DJB Daily Readings'!AM23 -> 4872 | T16: ='DJB Daily Readings'!AP24-'DJB Daily Readings'!AP23 -> 4336.08 | U16: ='DJB Daily Readings'!AS24-'DJB Daily Readings'!AS23 -> 2874.48 | V16: ='DJB Daily Readings'!AV24-'DJB Daily Readings'!AV23 -> 5748.96 | W16: ='DJB Daily Readings'!AZ24-'DJB Daily Readings'!AZ23 -> 0 | X16: ='DJB Daily Readings'!BC24-'DJB Daily Readings'!BC23 -> 62000 | Y16: ='DJB Daily Readings'!BF24-'DJB Daily Readings'!BF23 -> 17500 | Z16: =('DJB Daily Readings'!CK24-'DJB Daily Readings'!CK23)*1.89 -> 204.12 | AA16: =('DJB Daily Readings'!CN24-'DJB Daily Readings'!CN23)*1.89 -> 211.68 | AB16: =('DJB Daily Readings'!CQ24-'DJB Daily Readings'!CQ23)*1.89 -> 98.28 | AC16: ='DJB Daily Readings'!CT24-'DJB Daily Readings'!CT23 -> 246 | AD16: =('DJB Daily Readings'!BY24-'DJB Daily Readings'!BY23)*1.89 -> 37.8 | AE16: =('DJB Daily Readings'!CA24-'DJB Daily Readings'!CA23)*1.89 -> 35.91 | AF16: =('DJB Daily Readings'!CC24-'DJB Daily Readings'!CC23)*1.89 -> 11.34 | AG16: =('DJB Daily Readings'!CE24-'DJB Daily Readings'!CE23)*1.89 -> 13.23 | AH16: =('DJB Daily Readings'!CG24-'DJB Daily Readings'!CG23)*1.89 -> 15.12 | AI16: =('DJB Daily Readings'!CI24-'DJB Daily Readings'!CI23)*1.89 -> 51.03 | AJ16: ='DJB Daily Readings'!CY24-'DJB Daily Readings'!CY23 -> 3 | AK16: ='DJB Daily Readings'!CW24-'DJB Daily Readings'!CW23 -> 7 | AL16: ='DJB Daily Readings'!DC24-'DJB Daily Readings'!DC23 -> 16 | AM16: ='DJB Daily Readings'!DA24-'DJB Daily Readings'!DA23 -> 16 | AN16: ='DJB Daily Readings'!DG24-'DJB Daily Readings'!DG23 -> 12 | AO16: ='DJB Daily Readings'!DE24-'DJB Daily Readings'!DE23 -> 11 | AP16: ='DJB Daily Readings'!DK24-'DJB Daily Readings'!DK23 -> 8 | AQ16: ='DJB Daily Readings'!DI24-'DJB Daily Readings'!DI23 -> 12 | AR16: ='DJB Daily Readings'!DO24-'DJB Daily Readings'!DO23 -> 8 | AS16: ='DJB Daily Readings'!DM24-'DJB Daily Readings'!DM23 -> 7 | AT16: ='DJB Daily Readings'!DQ24-'DJB Daily Readings'!DQ23 -> 2 | AU16: ='DJB Daily Readings'!DT24-'DJB Daily Readings'!DT23 -> 8.7 | AW16: ='DJB Daily Readings'!DX24-'DJB Daily Readings'!DX23 -> 6.5 | AX16: ='DJB Daily Readings'!DZ24-'DJB Daily Readings'!DZ23 -> 8.4 | AY16: ='DJB Daily Readings'!EB24-'DJB Daily Readings'!EB23 -> 705 | AZ16: ='DJB Daily Readings'!ED24-'DJB Daily Readings'!ED23 -> 141.7 | BA16: ='DJB Daily Readings'!EG24-'DJB Daily Readings'!EG23 -> 4700 | BB16: ='DJB Daily Readings'!EI24-'DJB Daily Readings'!EI23 -> 260 | BC16: ='DJB Daily Readings'!EQ24-'DJB Daily Readings'!EQ23 -> 5900 | BD16: ='DJB Daily Readings'!EK24-'DJB Daily Readings'!EK23 -> 2400 | BE16: ='DJB Daily Readings'!EM24-'DJB Daily Readings'!EM23 -> 700 | BF16: ='DJB Daily Readings'!EO24-'DJB Daily Readings'!EO23 -> 620 | BG16: =('DJB Daily Readings'!ET24-'DJB Daily Readings'!ET23)*1.89 -> 32.13 | BH16: =('DJB Daily Readings'!EV24-'DJB Daily Readings'!EV23)*1.89 -> 24.57 | BI16: =('DJB Daily Readings'!EZ24-'DJB Daily Readings'!EZ23)*1.89 -> 17.01 | BJ16: =('DJB Daily Readings'!EX24-'DJB Daily Readings'!EX23)*1.89 -> 18.9 | BK16: =('DJB Daily Readings'!FB24-'DJB Daily Readings'!FB23)*1.89 -> 49.14
A17: Dubai at Jumeirah Beach | B17: =B16+1 -> 16 | C17: 4 | D17: 2022 | E17: =237*0.89 -> 210.93 | F17: =354+120 -> 474 | G17: ='DJB Daily Readings'!C25-'DJB Daily Readings'!C24 -> 718 | H17: ='DJB Daily Readings'!F25-'DJB Daily Readings'!F24 -> 448 | I17: ='DJB Daily Readings'!K25-'DJB Daily Readings'!K24 -> 76 | J17: ='DJB Daily Readings'!K25-'DJB Daily Readings'!K24 -> 76 | K17: ='DJB Daily Readings'!O25-'DJB Daily Readings'!O24 -> 180.68 | L17: ='DJB Daily Readings'!R25-'DJB Daily Readings'!R24 -> 29 | M17: ='DJB Daily Readings'!U25-'DJB Daily Readings'!U24 -> 2923.2 | N17: ='DJB Daily Readings'!X25-'DJB Daily Readings'!X24 -> 4725.84 | O17: ='DJB Daily Readings'!AA25-'DJB Daily Readings'!AA24 -> 11546.64 | P17: ='DJB Daily Readings'!AD25-'DJB Daily Readings'!AD24 -> 5943.84 | Q17: ='DJB Daily Readings'!AG25-'DJB Daily Readings'!AG24 -> 48.72 | R17: ='DJB Daily Readings'!AJ25-'DJB Daily Readings'!AJ24 -> 5797.68 | S17: ='DJB Daily Readings'!AM25-'DJB Daily Readings'!AM24 -> 5066.88 | T17: ='DJB Daily Readings'!AP25-'DJB Daily Readings'!AP24 -> 4677.12 | U17: ='DJB Daily Readings'!AS25-'DJB Daily Readings'!AS24 -> 3264.24 | V17: ='DJB Daily Readings'!AV25-'DJB Daily Readings'!AV24 -> 6187.44 | W17: ='DJB Daily Readings'!AZ25-'DJB Daily Readings'!AZ24 -> 56800 | X17: ='DJB Daily Readings'!BC25-'DJB Daily Readings'!BC24 -> 34100 | Y17: ='DJB Daily Readings'!BF25-'DJB Daily Readings'!BF24 -> 0 | Z17: =('DJB Daily Readings'!CK25-'DJB Daily Readings'!CK24)*1.89 -> 204.12 | AA17: =('DJB Daily Readings'!CN25-'DJB Daily Readings'!CN24)*1.89 -> 217.35 | AB17: =('DJB Daily Readings'!CQ25-'DJB Daily Readings'!CQ24)*1.89 -> 86.94 | AC17: ='DJB Daily Readings'!CT25-'DJB Daily Readings'!CT24 -> 243 | AD17: =('DJB Daily Readings'!BY25-'DJB Daily Readings'!BY24)*1.89 -> 41.58 | AE17: =('DJB Daily Readings'!CA25-'DJB Daily Readings'!CA24)*1.89 -> 37.8 | AF17: =('DJB Daily Readings'!CC25-'DJB Daily Readings'!CC24)*1.89 -> 13.23 | AG17: =('DJB Daily Readings'!CE25-'DJB Daily Readings'!CE24)*1.89 -> 13.23 | AH17: =('DJB Daily Readings'!CG25-'DJB Daily Readings'!CG24)*1.89 -> 28.35 | AI17: =('DJB Daily Readings'!CI25-'DJB Daily Readings'!CI24)*1.89 -> 49.14 | AJ17: ='DJB Daily Readings'!CY25-'DJB Daily Readings'!CY24 -> 3 | AK17: ='DJB Daily Readings'!CW25-'DJB Daily Readings'!CW24 -> 6 | AL17: ='DJB Daily Readings'!DC25-'DJB Daily Readings'!DC24 -> 16 | AM17: ='DJB Daily Readings'!DA25-'DJB Daily Readings'!DA24 -> 16 | AN17: ='DJB Daily Readings'!DG25-'DJB Daily Readings'!DG24 -> 10 | AO17: ='DJB Daily Readings'!DE25-'DJB Daily Readings'!DE24 -> 11 | AP17: ='DJB Daily Readings'!DK25-'DJB Daily Readings'!DK24 -> 8 | AQ17: ='DJB Daily Readings'!DI25-'DJB Daily Readings'!DI24 -> 12 | AR17: ='DJB Daily Readings'!DO25-'DJB Daily Readings'!DO24 -> 8 | AS17: ='DJB Daily Readings'!DM25-'DJB Daily Readings'!DM24 -> 7 | AT17: ='DJB Daily Readings'!DQ25-'DJB Daily Readings'!DQ24 -> 2 | AU17: ='DJB Daily Readings'!DT25-'DJB Daily Readings'!DT24 -> 10.4 | AW17: ='DJB Daily Readings'!DX25-'DJB Daily Readings'!DX24 -> 6.9 | AX17: ='DJB Daily Readings'!DZ25-'DJB Daily Readings'!DZ24 -> 9.8 | AY17: ='DJB Daily Readings'!EB25-'DJB Daily Readings'!EB24 -> 801 | AZ17: ='DJB Daily Readings'!ED25-'DJB Daily Readings'!ED24 -> 157.4 | BA17: ='DJB Daily Readings'!EG25-'DJB Daily Readings'!EG24 -> 5600 | BB17: ='DJB Daily Readings'!EI25-'DJB Daily Readings'!EI24 -> 290 | BC17: ='DJB Daily Readings'!EQ25-'DJB Daily Readings'!EQ24 -> 6800 | BD17: ='DJB Daily Readings'!EK25-'DJB Daily Readings'!EK24 -> 2800 | BE17: ='DJB Daily Readings'!EM25-'DJB Daily Readings'!EM24 -> 800 | BF17: ='DJB Daily Readings'!EO25-'DJB Daily Readings'!EO24 -> 690 | BG17: =('DJB Daily Readings'!ET25-'DJB Daily Readings'!ET24)*1.89 -> 30.24 | BH17: =('DJB Daily Readings'!EV25-'DJB Daily Readings'!EV24)*1.89 -> 28.35 | BI17: =('DJB Daily Readings'!EZ25-'DJB Daily Readings'!EZ24)*1.89 -> 15.12 | BJ17: =('DJB Daily Readings'!EX25-'DJB Daily Readings'!EX24)*1.89 -> 28.35 | BK17: =('DJB Daily Readings'!FB25-'DJB Daily Readings'!FB24)*1.89 -> 51.03
A18: Dubai at Jumeirah Beach | B18: =B17+1 -> 17 | C18: 4 | D18: 2022 | E18: =237*0.88 -> 208.56 | F18: =354+120 -> 474 | G18: ='DJB Daily Readings'!C26-'DJB Daily Readings'!C25 -> 630 | H18: ='DJB Daily Readings'!F26-'DJB Daily Readings'!F25 -> 417 | I18: ='DJB Daily Readings'!K26-'DJB Daily Readings'!K25 -> 265 | J18: ='DJB Daily Readings'!K26-'DJB Daily Readings'!K25 -> 265 | K18: ='DJB Daily Readings'!O26-'DJB Daily Readings'!O25 -> 155.89 | L18: ='DJB Daily Readings'!R26-'DJB Daily Readings'!R25 -> 25 | M18: ='DJB Daily Readings'!U26-'DJB Daily Readings'!U25 -> 2728.32 | N18: ='DJB Daily Readings'!X26-'DJB Daily Readings'!X25 -> 4823.28 | O18: ='DJB Daily Readings'!AA26-'DJB Daily Readings'!AA25 -> 11644.08 | P18: ='DJB Daily Readings'!AD26-'DJB Daily Readings'!AD25 -> 3654 | Q18: ='DJB Daily Readings'!AG26-'DJB Daily Readings'!AG25 -> 0 | R18: ='DJB Daily Readings'!AJ26-'DJB Daily Readings'!AJ25 -> 5700.24 | S18: ='DJB Daily Readings'!AM26-'DJB Daily Readings'!AM25 -> 4384.8 | T18: ='DJB Daily Readings'!AP26-'DJB Daily Readings'!AP25 -> 4677.12 | U18: ='DJB Daily Readings'!AS26-'DJB Daily Readings'!AS25 -> 2874.48 | V18: ='DJB Daily Readings'!AV26-'DJB Daily Readings'!AV25 -> 5992.56 | W18: ='DJB Daily Readings'!AZ26-'DJB Daily Readings'!AZ25 -> 58200 | X18: ='DJB Daily Readings'!BC26-'DJB Daily Readings'!BC25 -> 19300 | Y18: ='DJB Daily Readings'!BF26-'DJB Daily Readings'!BF25 -> 0 | Z18: =('DJB Daily Readings'!CK26-'DJB Daily Readings'!CK25)*1.89 -> 207.9 | AA18: =('DJB Daily Readings'!CN26-'DJB Daily Readings'!CN25)*1.89 -> 226.8 | AB18: =('DJB Daily Readings'!CQ26-'DJB Daily Readings'!CQ25)*1.89 -> 20.79 | AC18: ='DJB Daily Readings'!CT26-'DJB Daily Readings'!CT25 -> 250 | AD18: =('DJB Daily Readings'!BY26-'DJB Daily Readings'!BY25)*1.89 -> 41.58 | AE18: =('DJB Daily Readings'!CA26-'DJB Daily Readings'!CA25)*1.89 -> 37.8 | AF18: =('DJB Daily Readings'!CC26-'DJB Daily Readings'!CC25)*1.89 -> 7.56 | AG18: =('DJB Daily Readings'!CE26-'DJB Daily Readings'!CE25)*1.89 -> 13.23 | AH18: =('DJB Daily Readings'!CG26-'DJB Daily Readings'!CG25)*1.89 -> 28.35 | AI18: =('DJB Daily Readings'!CI26-'DJB Daily Readings'!CI25)*1.89 -> 51.03 | AJ18: ='DJB Daily Readings'!CY26-'DJB Daily Readings'!CY25 -> 3 | AK18: ='DJB Daily Readings'!CW26-'DJB Daily Readings'!CW25 -> 3 | AL18: ='DJB Daily Readings'!DC26-'DJB Daily Readings'!DC25 -> 17 | AM18: ='DJB Daily Readings'!DA26-'DJB Daily Readings'!DA25 -> 18 | AN18: ='DJB Daily Readings'!DG26-'DJB Daily Readings'!DG25 -> 6 | AO18: ='DJB Daily Readings'!DE26-'DJB Daily Readings'!DE25 -> 8 | AP18: ='DJB Daily Readings'!DK26-'DJB Daily Readings'!DK25 -> 12 | AQ18: ='DJB Daily Readings'!DI26-'DJB Daily Readings'!DI25 -> 13 | AR18: ='DJB Daily Readings'!DO26-'DJB Daily Readings'!DO25 -> 7 | AS18: ='DJB Daily Readings'!DM26-'DJB Daily Readings'!DM25 -> 4 | AT18: ='DJB Daily Readings'!DQ26-'DJB Daily Readings'!DQ25 -> 18 | AU18: ='DJB Daily Readings'!DT26-'DJB Daily Readings'!DT25 -> 9.2 | AW18: ='DJB Daily Readings'!DX26-'DJB Daily Readings'!DX25 -> 6.8 | AX18: ='DJB Daily Readings'!DZ26-'DJB Daily Readings'!DZ25 -> 9.5 | AY18: ='DJB Daily Readings'!EB26-'DJB Daily Readings'!EB25 -> 770 | AZ18: ='DJB Daily Readings'!ED26-'DJB Daily Readings'!ED25 -> 144.1 | BA18: ='DJB Daily Readings'!EG26-'DJB Daily Readings'!EG25 -> 4500 | BB18: ='DJB Daily Readings'!EI26-'DJB Daily Readings'!EI25 -> 250 | BC18: ='DJB Daily Readings'!EQ26-'DJB Daily Readings'!EQ25 -> 5700 | BD18: ='DJB Daily Readings'!EK26-'DJB Daily Readings'!EK25 -> 2200 | BE18: ='DJB Daily Readings'!EM26-'DJB Daily Readings'!EM25 -> 700 | BF18: ='DJB Daily Readings'!EO26-'DJB Daily Readings'!EO25 -> 630 | BG18: =('DJB Daily Readings'!ET26-'DJB Daily Readings'!ET25)*1.89 -> 26.46 | BH18: =('DJB Daily Readings'!EV26-'DJB Daily Readings'!EV25)*1.89 -> 26.46 | BI18: =('DJB Daily Readings'!EZ26-'DJB Daily Readings'!EZ25)*1.89 -> 15.12 | BJ18: =('DJB Daily Readings'!EX26-'DJB Daily Readings'!EX25)*1.89 -> 22.68 | BK18: =('DJB Daily Readings'!FB26-'DJB Daily Readings'!FB25)*1.89 -> 56.7
A19: Dubai at Jumeirah Beach | B19: =B18+1 -> 18 | C19: 4 | D19: 2022 | E19: =237*0.88 -> 208.56 | F19: =352+104 -> 456 | G19: ='DJB Daily Readings'!C27-'DJB Daily Readings'!C26 -> 718 | H19: ='DJB Daily Readings'!F27-'DJB Daily Readings'!F26 -> 412 | I19: ='DJB Daily Readings'!K27-'DJB Daily Readings'!K26 -> 332 | J19: ='DJB Daily Readings'!K27-'DJB Daily Readings'!K26 -> 332 | K19: ='DJB Daily Readings'!O27-'DJB Daily Readings'!O26 -> 113.41 | L19: ='DJB Daily Readings'!R27-'DJB Daily Readings'!R26 -> 18 | M19: ='DJB Daily Readings'!U27-'DJB Daily Readings'!U26 -> 2533.44 | N19: ='DJB Daily Readings'!X27-'DJB Daily Readings'!X26 -> 4969.44 | O19: ='DJB Daily Readings'!AA27-'DJB Daily Readings'!AA26 -> 11400.48 | P19: ='DJB Daily Readings'!AD27-'DJB Daily Readings'!AD26 -> 97.44 | Q19: ='DJB Daily Readings'!AG27-'DJB Daily Readings'!AG26 -> 0 | R19: ='DJB Daily Readings'!AJ27-'DJB Daily Readings'!AJ26 -> 5943.84 | S19: ='DJB Daily Readings'!AM27-'DJB Daily Readings'!AM26 -> 4725.84 | T19: ='DJB Daily Readings'!AP27-'DJB Daily Readings'!AP26 -> 4774.56 | U19: ='DJB Daily Readings'!AS27-'DJB Daily Readings'!AS26 -> 3020.64 | V19: ='DJB Daily Readings'!AV27-'DJB Daily Readings'!AV26 -> 5505.36 | W19: ='DJB Daily Readings'!AZ27-'DJB Daily Readings'!AZ26 -> 61000 | X19: ='DJB Daily Readings'!BC27-'DJB Daily Readings'!BC26 -> 0 | Y19: ='DJB Daily Readings'!BF27-'DJB Daily Readings'!BF26 -> 0 | Z19: =('DJB Daily Readings'!CK27-'DJB Daily Readings'!CK26)*1.89 -> 206.01 | AA19: =('DJB Daily Readings'!CN27-'DJB Daily Readings'!CN26)*1.89 -> 213.57 | AB19: =('DJB Daily Readings'!CQ27-'DJB Daily Readings'!CQ26)*1.89 -> 306.18 | AC19: ='DJB Daily Readings'!CT27-'DJB Daily Readings'!CT26 -> 247 | AD19: =('DJB Daily Readings'!BY27-'DJB Daily Readings'!BY26)*1.89 -> 37.8 | AE19: =('DJB Daily Readings'!CA27-'DJB Daily Readings'!CA26)*1.89 -> 37.8 | AF19: =('DJB Daily Readings'!CC27-'DJB Daily Readings'!CC26)*1.89 -> 11.34 | AG19: =('DJB Daily Readings'!CE27-'DJB Daily Readings'!CE26)*1.89 -> 13.23 | AH19: =('DJB Daily Readings'!CG27-'DJB Daily Readings'!CG26)*1.89 -> 18.9 | AI19: =('DJB Daily Readings'!CI27-'DJB Daily Readings'!CI26)*1.89 -> 52.92 | AJ19: ='DJB Daily Readings'!CY27-'DJB Daily Readings'!CY26 -> 3 | AK19: ='DJB Daily Readings'!CW27-'DJB Daily Readings'!CW26 -> 4 | AL19: ='DJB Daily Readings'!DC27-'DJB Daily Readings'!DC26 -> 18 | AM19: ='DJB Daily Readings'!DA27-'DJB Daily Readings'!DA26 -> 13 | AN19: ='DJB Daily Readings'!DG27-'DJB Daily Readings'!DG26 -> 7 | AO19: ='DJB Daily Readings'!DE27-'DJB Daily Readings'!DE26 -> 8 | AP19: ='DJB Daily Readings'!DK27-'DJB Daily Readings'!DK26 -> 6 | AQ19: ='DJB Daily Readings'!DI27-'DJB Daily Readings'!DI26 -> 11 | AR19: ='DJB Daily Readings'!DO27-'DJB Daily Readings'!DO26 -> 6 | AS19: ='DJB Daily Readings'!DM27-'DJB Daily Readings'!DM26 -> 2 | AT19: ='DJB Daily Readings'!DQ27-'DJB Daily Readings'!DQ26 -> 20 | AU19: ='DJB Daily Readings'!DT27-'DJB Daily Readings'!DT26 -> 9.4 | AW19: ='DJB Daily Readings'!DX27-'DJB Daily Readings'!DX26 -> 6.4 | AX19: ='DJB Daily Readings'!DZ27-'DJB Daily Readings'!DZ26 -> 7.6 | AY19: ='DJB Daily Readings'!EB27-'DJB Daily Readings'!EB26 -> 627 | AZ19: ='DJB Daily Readings'!ED27-'DJB Daily Readings'!ED26 -> 149.5 | BA19: ='DJB Daily Readings'!EG27-'DJB Daily Readings'!EG26 -> 3700 | BB19: ='DJB Daily Readings'!EI27-'DJB Daily Readings'!EI26 -> 240 | BC19: ='DJB Daily Readings'!EQ27-'DJB Daily Readings'!EQ26 -> 3900 | BD19: ='DJB Daily Readings'!EK27-'DJB Daily Readings'!EK26 -> 1800 | BE19: ='DJB Daily Readings'!EM27-'DJB Daily Readings'!EM26 -> 600 | BF19: ='DJB Daily Readings'!EO27-'DJB Daily Readings'!EO26 -> 600 | BG19: =('DJB Daily Readings'!ET27-'DJB Daily Readings'!ET26)*1.89 -> 30.24 | BH19: =('DJB Daily Readings'!EV27-'DJB Daily Readings'!EV26)*1.89 -> 26.46 | BI19: =('DJB Daily Readings'!EZ27-'DJB Daily Readings'!EZ26)*1.89 -> 17.01 | BJ19: =('DJB Daily Readings'!EX27-'DJB Daily Readings'!EX26)*1.89 -> 20.79 | BK19: =('DJB Daily Readings'!FB27-'DJB Daily Readings'!FB26)*1.89 -> 51.03
A20: Dubai at Jumeirah Beach | B20: =B19+1 -> 19 | C20: 4 | D20: 2022 | E20: =237*0.85 -> 201.45 | F20: =339+113 -> 452 | G20: ='DJB Daily Readings'!C28-'DJB Daily Readings'!C27 -> 757 | H20: ='DJB Daily Readings'!F28-'DJB Daily Readings'!F27 -> 387 | I20: ='DJB Daily Readings'!K28-'DJB Daily Readings'!K27 -> 325 | J20: ='DJB Daily Readings'!K28-'DJB Daily Readings'!K27 -> 325 | K20: ='DJB Daily Readings'!O28-'DJB Daily Readings'!O27 -> 142.6 | L20: ='DJB Daily Readings'!R28-'DJB Daily Readings'!R27 -> 22 | M20: ='DJB Daily Readings'!U28-'DJB Daily Readings'!U27 -> 2923.2 | N20: ='DJB Daily Readings'!X28-'DJB Daily Readings'!X27 -> 4872 | O20: ='DJB Daily Readings'!AA28-'DJB Daily Readings'!AA27 -> 13008.24 | P20: ='DJB Daily Readings'!AD28-'DJB Daily Readings'!AD27 -> 48.72 | Q20: ='DJB Daily Readings'!AG28-'DJB Daily Readings'!AG27 -> 0 | R20: ='DJB Daily Readings'!AJ28-'DJB Daily Readings'!AJ27 -> 5700.24 | S20: ='DJB Daily Readings'!AM28-'DJB Daily Readings'!AM27 -> 4579.68 | T20: ='DJB Daily Readings'!AP28-'DJB Daily Readings'!AP27 -> 4628.4 | U20: ='DJB Daily Readings'!AS28-'DJB Daily Readings'!AS27 -> 2874.48 | V20: ='DJB Daily Readings'!AV28-'DJB Daily Readings'!AV27 -> 5407.92 | W20: ='DJB Daily Readings'!AZ28-'DJB Daily Readings'!AZ27 -> 69200 | X20: ='DJB Daily Readings'!BC28-'DJB Daily Readings'!BC27 -> 0 | Y20: ='DJB Daily Readings'!BF28-'DJB Daily Readings'!BF27 -> 0 | Z20: =('DJB Daily Readings'!CK28-'DJB Daily Readings'!CK27)*1.89 -> 198.45 | AA20: =('DJB Daily Readings'!CN28-'DJB Daily Readings'!CN27)*1.89 -> 211.68 | AB20: =('DJB Daily Readings'!CQ28-'DJB Daily Readings'!CQ27)*1.89 -> 145.53 | AC20: ='DJB Daily Readings'!CT28-'DJB Daily Readings'!CT27 -> 56 | AD20: =('DJB Daily Readings'!BY28-'DJB Daily Readings'!BY27)*1.89 -> 39.69 | AE20: =('DJB Daily Readings'!CA28-'DJB Daily Readings'!CA27)*1.89 -> 35.91 | AF20: =('DJB Daily Readings'!CC28-'DJB Daily Readings'!CC27)*1.89 -> 11.34 | AG20: =('DJB Daily Readings'!CE28-'DJB Daily Readings'!CE27)*1.89 -> 15.12 | AH20: =('DJB Daily Readings'!CG28-'DJB Daily Readings'!CG27)*1.89 -> 20.79 | AI20: =('DJB Daily Readings'!CI28-'DJB Daily Readings'!CI27)*1.89 -> 52.92 | AJ20: ='DJB Daily Readings'!CY28-'DJB Daily Readings'!CY27 -> 3 | AK20: ='DJB Daily Readings'!CW28-'DJB Daily Readings'!CW27 -> 4 | AL20: ='DJB Daily Readings'!DC28-'DJB Daily Readings'!DC27 -> 14 | AM20: ='DJB Daily Readings'!DA28-'DJB Daily Readings'!DA27 -> 16 | AN20: ='DJB Daily Readings'!DG28-'DJB Daily Readings'!DG27 -> 6 | AO20: ='DJB Daily Readings'!DE28-'DJB Daily Readings'!DE27 -> 9 | AP20: ='DJB Daily Readings'!DK28-'DJB Daily Readings'!DK27 -> 5 | AQ20: ='DJB Daily Readings'!DI28-'DJB Daily Readings'!DI27 -> 7 | AR20: ='DJB Daily Readings'!DO28-'DJB Daily Readings'!DO27 -> 7 | AS20: ='DJB Daily Readings'!DM28-'DJB Daily Readings'!DM27 -> 4 | AT20: ='DJB Daily Readings'!DQ28-'DJB Daily Readings'!DQ27 -> 20 | AU20: ='DJB Daily Readings'!DT28-'DJB Daily Readings'!DT27 -> 9.3 | AW20: ='DJB Daily Readings'!DX28-'DJB Daily Readings'!DX27 -> 6.5 | AX20: ='DJB Daily Readings'!DZ28-'DJB Daily Readings'!DZ27 -> 7.6 | AY20: ='DJB Daily Readings'!EB28-'DJB Daily Readings'!EB27 -> 690 | AZ20: ='DJB Daily Readings'!ED28-'DJB Daily Readings'!ED27 -> 153.2 | BA20: ='DJB Daily Readings'!EG28-'DJB Daily Readings'!EG27 -> 4500 | BB20: ='DJB Daily Readings'!EI28-'DJB Daily Readings'!EI27 -> 230 | BC20: ='DJB Daily Readings'!EQ28-'DJB Daily Readings'!EQ27 -> 4700 | BD20: ='DJB Daily Readings'!EK28-'DJB Daily Readings'!EK27 -> 2100 | BE20: ='DJB Daily Readings'!EM28-'DJB Daily Readings'!EM27 -> 500 | BF20: ='DJB Daily Readings'!EO28-'DJB Daily Readings'!EO27 -> 610 | BG20: =('DJB Daily Readings'!ET28-'DJB Daily Readings'!ET27)*1.89 -> 30.24 | BH20: =('DJB Daily Readings'!EV28-'DJB Daily Readings'!EV27)*1.89 -> 24.57 | BI20: =('DJB Daily Readings'!EZ28-'DJB Daily Readings'!EZ27)*1.89 -> 15.12 | BJ20: =('DJB Daily Readings'!EX28-'DJB Daily Readings'!EX27)*1.89 -> 15.12 | BK20: =('DJB Daily Readings'!FB28-'DJB Daily Readings'!FB27)*1.89 -> 51.03
A21: Dubai at Jumeirah Beach | B21: =B20+1 -> 20 | C21: 4 | D21: 2022 | E21: =237*0.93 -> 220.41 | F21: =349+120 -> 469 | G21: ='DJB Daily Readings'!C29-'DJB Daily Readings'!C28 -> 848 | H21: ='DJB Daily Readings'!F29-'DJB Daily Readings'!F28 -> 400 | I21: ='DJB Daily Readings'!K29-'DJB Daily Readings'!K28 -> 345 | J21: ='DJB Daily Readings'!K29-'DJB Daily Readings'!K28 -> 345 | K21: ='DJB Daily Readings'!O29-'DJB Daily Readings'!O28 -> 129.61 | L21: ='DJB Daily Readings'!R29-'DJB Daily Readings'!R28 -> 11 | M21: ='DJB Daily Readings'!U29-'DJB Daily Readings'!U28 -> 2874.48 | N21: ='DJB Daily Readings'!X29-'DJB Daily Readings'!X28 -> 4969.44 | O21: ='DJB Daily Readings'!AA29-'DJB Daily Readings'!AA28 -> 13495.44 | P21: ='DJB Daily Readings'!AD29-'DJB Daily Readings'!AD28 -> 146.16 | Q21: ='DJB Daily Readings'!AG29-'DJB Daily Readings'!AG28 -> 0 | R21: ='DJB Daily Readings'!AJ29-'DJB Daily Readings'!AJ28 -> 5797.68 | S21: ='DJB Daily Readings'!AM29-'DJB Daily Readings'!AM28 -> 4530.96 | T21: ='DJB Daily Readings'!AP29-'DJB Daily Readings'!AP28 -> 4628.4 | U21: ='DJB Daily Readings'!AS29-'DJB Daily Readings'!AS28 -> 2728.32 | V21: ='DJB Daily Readings'!AV29-'DJB Daily Readings'!AV28 -> 5554.08 | W21: ='DJB Daily Readings'!AZ29-'DJB Daily Readings'!AZ28 -> 71000 | X21: ='DJB Daily Readings'!BC29-'DJB Daily Readings'!BC28 -> 0 | Y21: ='DJB Daily Readings'!BF29-'DJB Daily Readings'!BF28 -> 0 | Z21: =('DJB Daily Readings'!CK29-'DJB Daily Readings'!CK28)*1.89 -> 177.66 | AA21: =('DJB Daily Readings'!CN29-'DJB Daily Readings'!CN28)*1.89 -> 202.23 | AB21: =('DJB Daily Readings'!CQ29-'DJB Daily Readings'!CQ28)*1.89 -> 0 | AC21: ='DJB Daily Readings'!CT29-'DJB Daily Readings'!CT28 -> 0 | AD21: =('DJB Daily Readings'!BY29-'DJB Daily Readings'!BY28)*1.89 -> 35.91 | AE21: =('DJB Daily Readings'!CA29-'DJB Daily Readings'!CA28)*1.89 -> 35.91 | AF21: =('DJB Daily Readings'!CC29-'DJB Daily Readings'!CC28)*1.89 -> 9.45 | AG21: =('DJB Daily Readings'!CE29-'DJB Daily Readings'!CE28)*1.89 -> 17.01 | AH21: =('DJB Daily Readings'!CG29-'DJB Daily Readings'!CG28)*1.89 -> 15.12 | AI21: =('DJB Daily Readings'!CI29-'DJB Daily Readings'!CI28)*1.89 -> 54.81 | AJ21: ='DJB Daily Readings'!CY29-'DJB Daily Readings'!CY28 -> 3 | AK21: ='DJB Daily Readings'!CW29-'DJB Daily Readings'!CW28 -> 4 | AL21: ='DJB Daily Readings'!DC29-'DJB Daily Readings'!DC28 -> 14 | AM21: ='DJB Daily Readings'!DA29-'DJB Daily Readings'!DA28 -> 10 | AN21: ='DJB Daily Readings'!DG29-'DJB Daily Readings'!DG28 -> 10 | AO21: ='DJB Daily Readings'!DE29-'DJB Daily Readings'!DE28 -> 9 | AP21: ='DJB Daily Readings'!DK29-'DJB Daily Readings'!DK28 -> 5 | AQ21: ='DJB Daily Readings'!DI29-'DJB Daily Readings'!DI28 -> 12 | AR21: ='DJB Daily Readings'!DO29-'DJB Daily Readings'!DO28 -> 7 | AS21: ='DJB Daily Readings'!DM29-'DJB Daily Readings'!DM28 -> 4 | AT21: ='DJB Daily Readings'!DQ29-'DJB Daily Readings'!DQ28 -> 19 | AU21: ='DJB Daily Readings'!DT29-'DJB Daily Readings'!DT28 -> 10 | AW21: ='DJB Daily Readings'!DX29-'DJB Daily Readings'!DX28 -> 6.9 | AX21: ='DJB Daily Readings'!DZ29-'DJB Daily Readings'!DZ28 -> 7.6 | AY21: ='DJB Daily Readings'!EB29-'DJB Daily Readings'!EB28 -> 711 | AZ21: ='DJB Daily Readings'!ED29-'DJB Daily Readings'!ED28 -> 161.3 | BA21: ='DJB Daily Readings'!EG29-'DJB Daily Readings'!EG28 -> 4300 | BB21: ='DJB Daily Readings'!EI29-'DJB Daily Readings'!EI28 -> 240 | BC21: ='DJB Daily Readings'!EQ29-'DJB Daily Readings'!EQ28 -> 5200 | BD21: ='DJB Daily Readings'!EK29-'DJB Daily Readings'!EK28 -> 2300 | BE21: ='DJB Daily Readings'!EM29-'DJB Daily Readings'!EM28 -> 300 | BF21: ='DJB Daily Readings'!EO29-'DJB Daily Readings'!EO28 -> 640 | BG21: =('DJB Daily Readings'!ET29-'DJB Daily Readings'!ET28)*1.89 -> 28.35 | BH21: =('DJB Daily Readings'!EV29-'DJB Daily Readings'!EV28)*1.89 -> 24.57 | BI21: =('DJB Daily Readings'!EZ29-'DJB Daily Readings'!EZ28)*1.89 -> 22.68 | BJ21: =('DJB Daily Readings'!EX29-'DJB Daily Readings'!EX28)*1.89 -> 18.9 | BK21: =('DJB Daily Readings'!FB29-'DJB Daily Readings'!FB28)*1.89 -> 56.7
A22: Dubai at Jumeirah Beach | B22: =B21+1 -> 21 | C22: 4 | D22: 2022 | E22: =237*0.944 -> 223.728 | F22: =341+117 -> 458 | G22: ='DJB Daily Readings'!C30-'DJB Daily Readings'!C29 -> 828 | H22: ='DJB Daily Readings'!F30-'DJB Daily Readings'!F29 -> 426 | I22: ='DJB Daily Readings'!K30-'DJB Daily Readings'!K29 -> 331 | J22: ='DJB Daily Readings'!K30-'DJB Daily Readings'!K29 -> 331 | K22: ='DJB Daily Readings'!O30-'DJB Daily Readings'!O29 -> 137.16 | L22: ='DJB Daily Readings'!R30-'DJB Daily Readings'!R29 -> 26 | M22: ='DJB Daily Readings'!U30-'DJB Daily Readings'!U29 -> 2923.2 | N22: ='DJB Daily Readings'!X30-'DJB Daily Readings'!X29 -> 4774.56 | O22: ='DJB Daily Readings'!AA30-'DJB Daily Readings'!AA29 -> 13592.88 | P22: ='DJB Daily Readings'!AD30-'DJB Daily Readings'!AD29 -> 97.44 | Q22: ='DJB Daily Readings'!AG30-'DJB Daily Readings'!AG29 -> 0 | R22: ='DJB Daily Readings'!AJ30-'DJB Daily Readings'!AJ29 -> 5943.84 | S22: ='DJB Daily Readings'!AM30-'DJB Daily Readings'!AM29 -> 4530.96 | T22: ='DJB Daily Readings'!AP30-'DJB Daily Readings'!AP29 -> 4872 | U22: ='DJB Daily Readings'!AS30-'DJB Daily Readings'!AS29 -> 2777.04 | V22: ='DJB Daily Readings'!AV30-'DJB Daily Readings'!AV29 -> 5554.08 | W22: ='DJB Daily Readings'!AZ30-'DJB Daily Readings'!AZ29 -> 70400 | X22: ='DJB Daily Readings'!BC30-'DJB Daily Readings'!BC29 -> 0 | Y22: ='DJB Daily Readings'!BF30-'DJB Daily Readings'!BF29 -> 0 | Z22: =('DJB Daily Readings'!CK30-'DJB Daily Readings'!CK29)*1.89 -> 187.11 | AA22: =('DJB Daily Readings'!CN30-'DJB Daily Readings'!CN29)*1.89 -> 224.91 | AB22: =('DJB Daily Readings'!CQ30-'DJB Daily Readings'!CQ29)*1.89 -> 151.2 | AC22: ='DJB Daily Readings'!CT30-'DJB Daily Readings'!CT29 -> 0 | AD22: =('DJB Daily Readings'!BY30-'DJB Daily Readings'!BY29)*1.89 -> 41.58 | AE22: =('DJB Daily Readings'!CA30-'DJB Daily Readings'!CA29)*1.89 -> 34.02 | AF22: =('DJB Daily Readings'!CC30-'DJB Daily Readings'!CC29)*1.89 -> 5.67 | AG22: =('DJB Daily Readings'!CE30-'DJB Daily Readings'!CE29)*1.89 -> 20.79 | AH22: =('DJB Daily Readings'!CG30-'DJB Daily Readings'!CG29)*1.89 -> 11.34 | AI22: =('DJB Daily Readings'!CI30-'DJB Daily Readings'!CI29)*1.89 -> 54.81 | AJ22: ='DJB Daily Readings'!CY30-'DJB Daily Readings'!CY29 -> 7 | AK22: ='DJB Daily Readings'!CW30-'DJB Daily Readings'!CW29 -> 5 | AL22: ='DJB Daily Readings'!DC30-'DJB Daily Readings'!DC29 -> 14 | AM22: ='DJB Daily Readings'!DA30-'DJB Daily Readings'!DA29 -> 27 | AN22: ='DJB Daily Readings'!DG30-'DJB Daily Readings'!DG29 -> 1 | AO22: ='DJB Daily Readings'!DE30-'DJB Daily Readings'!DE29 -> 8 | AP22: ='DJB Daily Readings'!DK30-'DJB Daily Readings'!DK29 -> 7 | AQ22: ='DJB Daily Readings'!DI30-'DJB Daily Readings'!DI29 -> 9 | AR22: ='DJB Daily Readings'!DO30-'DJB Daily Readings'!DO29 -> 3 | AS22: ='DJB Daily Readings'!DM30-'DJB Daily Readings'!DM29 -> 4 | AT22: ='DJB Daily Readings'!DQ30-'DJB Daily Readings'!DQ29 -> 20 | AU22: ='DJB Daily Readings'!DT30-'DJB Daily Readings'!DT29 -> 9.4 | AW22: ='DJB Daily Readings'!DX30-'DJB Daily Readings'!DX29 -> 6.3 | AX22: ='DJB Daily Readings'!DZ30-'DJB Daily Readings'!DZ29 -> 8.4 | AY22: ='DJB Daily Readings'!EB30-'DJB Daily Readings'!EB29 -> 752 | AZ22: ='DJB Daily Readings'!ED30-'DJB Daily Readings'!ED29 -> 149.1 | BA22: ='DJB Daily Readings'!EG30-'DJB Daily Readings'!EG29 -> 4100 | BB22: ='DJB Daily Readings'!EI30-'DJB Daily Readings'!EI29 -> 250 | BC22: ='DJB Daily Readings'!EQ30-'DJB Daily Readings'!EQ29 -> 5000 | BD22: ='DJB Daily Readings'!EK30-'DJB Daily Readings'!EK29 -> 2200 | BE22: ='DJB Daily Readings'!EM30-'DJB Daily Readings'!EM29 -> 400 | BF22: ='DJB Daily Readings'!EO30-'DJB Daily Readings'!EO29 -> 620 | BG22: =('DJB Daily Readings'!ET30-'DJB Daily Readings'!ET29)*1.89 -> 32.13 | BH22: =('DJB Daily Readings'!EV30-'DJB Daily Readings'!EV29)*1.89 -> 22.68 | BI22: =('DJB Daily Readings'!EZ30-'DJB Daily Readings'!EZ29)*1.89 -> 15.12 | BJ22: =('DJB Daily Readings'!EX30-'DJB Daily Readings'!EX29)*1.89 -> 15.12 | BK22: =('DJB Daily Readings'!FB30-'DJB Daily Readings'!FB29)*1.89 -> 54.81
A23: Dubai at Jumeirah Beach | B23: =B22+1 -> 22 | C23: 4 | D23: 2022 | E23: =237*0.85 -> 201.45 | F23: =320+101 -> 421 | G23: ='DJB Daily Readings'!C31-'DJB Daily Readings'!C30 -> 855 | H23: ='DJB Daily Readings'!F31-'DJB Daily Readings'!F30 -> 427 | I23: ='DJB Daily Readings'!K31-'DJB Daily Readings'!K30 -> 317 | J23: ='DJB Daily Readings'!K31-'DJB Daily Readings'!K30 -> 317 | K23: ='DJB Daily Readings'!O31-'DJB Daily Readings'!O30 -> 143.03 | L23: ='DJB Daily Readings'!R31-'DJB Daily Readings'!R30 -> 20 | M23: ='DJB Daily Readings'!U31-'DJB Daily Readings'!U30 -> 2825.76 | N23: ='DJB Daily Readings'!X31-'DJB Daily Readings'!X30 -> 4920.72 | O23: ='DJB Daily Readings'!AA31-'DJB Daily Readings'!AA30 -> 10864.56 | P23: ='DJB Daily Readings'!AD31-'DJB Daily Readings'!AD30 -> 3410.4 | Q23: ='DJB Daily Readings'!AG31-'DJB Daily Readings'!AG30 -> 0 | R23: ='DJB Daily Readings'!AJ31-'DJB Daily Readings'!AJ30 -> 5797.68 | S23: ='DJB Daily Readings'!AM31-'DJB Daily Readings'!AM30 -> 4628.4 | T23: ='DJB Daily Readings'!AP31-'DJB Daily Readings'!AP30 -> 4823.28 | U23: ='DJB Daily Readings'!AS31-'DJB Daily Readings'!AS30 -> 2825.76 | V23: ='DJB Daily Readings'!AV31-'DJB Daily Readings'!AV30 -> 5748.96 | W23: ='DJB Daily Readings'!AZ31-'DJB Daily Readings'!AZ30 -> 54200 | X23: ='DJB Daily Readings'!BC31-'DJB Daily Readings'!BC30 -> 18000 | Y23: ='DJB Daily Readings'!BF31-'DJB Daily Readings'!BF30 -> 0 | Z23: =('DJB Daily Readings'!CK31-'DJB Daily Readings'!CK30)*1.89 -> 0 | AA23: =('DJB Daily Readings'!CN31-'DJB Daily Readings'!CN30)*1.89 -> 232.47 | AB23: =('DJB Daily Readings'!CQ31-'DJB Daily Readings'!CQ30)*1.89 -> 90.72 | AC23: ='DJB Daily Readings'!CT31-'DJB Daily Readings'!CT30 -> 5 | AD23: =('DJB Daily Readings'!BY31-'DJB Daily Readings'!BY30)*1.89 -> 41.58 | AE23: =('DJB Daily Readings'!CA31-'DJB Daily Readings'!CA30)*1.89 -> 35.91 | AF23: =('DJB Daily Readings'!CC31-'DJB Daily Readings'!CC30)*1.89 -> 11.34 | AG23: =('DJB Daily Readings'!CE31-'DJB Daily Readings'!CE30)*1.89 -> 20.79 | AH23: =('DJB Daily Readings'!CG31-'DJB Daily Readings'!CG30)*1.89 -> 13.23 | AI23: =('DJB Daily Readings'!CI31-'DJB Daily Readings'!CI30)*1.89 -> 52.92 | AJ23: ='DJB Daily Readings'!CY31-'DJB Daily Readings'!CY30 -> 4 | AK23: ='DJB Daily Readings'!CW31-'DJB Daily Readings'!CW30 -> 6 | AL23: ='DJB Daily Readings'!DC31-'DJB Daily Readings'!DC30 -> 16 | AM23: ='DJB Daily Readings'!DA31-'DJB Daily Readings'!DA30 -> 16 | AN23: ='DJB Daily Readings'!DG31-'DJB Daily Readings'!DG30 -> 5 | AO23: ='DJB Daily Readings'!DE31-'DJB Daily Readings'!DE30 -> 10 | AP23: ='DJB Daily Readings'!DK31-'DJB Daily Readings'!DK30 -> 6 | AQ23: ='DJB Daily Readings'!DI31-'DJB Daily Readings'!DI30 -> 11 | AR23: ='DJB Daily Readings'!DO31-'DJB Daily Readings'!DO30 -> 11 | AS23: ='DJB Daily Readings'!DM31-'DJB Daily Readings'!DM30 -> 4 | AT23: ='DJB Daily Readings'!DQ31-'DJB Daily Readings'!DQ30 -> 18 | AU23: ='DJB Daily Readings'!DT31-'DJB Daily Readings'!DT30 -> 10 | AW23: ='DJB Daily Readings'!DX31-'DJB Daily Readings'!DX30 -> 6.1 | AX23: ='DJB Daily Readings'!DZ31-'DJB Daily Readings'!DZ30 -> 9.2 | AY23: ='DJB Daily Readings'!EB31-'DJB Daily Readings'!EB30 -> 777 | AZ23: ='DJB Daily Readings'!ED31-'DJB Daily Readings'!ED30 -> 155.4 | BA23: ='DJB Daily Readings'!EG31-'DJB Daily Readings'!EG30 -> 4700 | BB23: ='DJB Daily Readings'!EI31-'DJB Daily Readings'!EI30 -> 230 | BC23: ='DJB Daily Readings'!EQ31-'DJB Daily Readings'!EQ30 -> 4900 | BD23: ='DJB Daily Readings'!EK31-'DJB Daily Readings'!EK30 -> 2200 | BE23: ='DJB Daily Readings'!EM31-'DJB Daily Readings'!EM30 -> 400 | BF23: ='DJB Daily Readings'!EO31-'DJB Daily Readings'!EO30 -> 600 | BG23: =('DJB Daily Readings'!ET31-'DJB Daily Readings'!ET30)*1.89 -> 32.13 | BH23: =('DJB Daily Readings'!EV31-'DJB Daily Readings'!EV30)*1.89 -> 24.57 | BI23: =('DJB Daily Readings'!EZ31-'DJB Daily Readings'!EZ30)*1.89 -> 20.79 | BJ23: =('DJB Daily Readings'!EX31-'DJB Daily Readings'!EX30)*1.89 -> 18.9 | BK23: =('DJB Daily Readings'!FB31-'DJB Daily Readings'!FB30)*1.89 -> 56.7
A24: Dubai at Jumeirah Beach | B24: =B23+1 -> 23 | C24: 4 | D24: 2022 | E24: =237*0.79 -> 187.23 | F24: =329+80 -> 409 | G24: ='DJB Daily Readings'!C32-'DJB Daily Readings'!C31 -> 836 | H24: ='DJB Daily Readings'!F32-'DJB Daily Readings'!F31 -> 422 | I24: ='DJB Daily Readings'!K32-'DJB Daily Readings'!K31 -> 298 | J24: ='DJB Daily Readings'!K32-'DJB Daily Readings'!K31 -> 298 | K24: ='DJB Daily Readings'!O32-'DJB Daily Readings'!O31 -> 149.45 | L24: ='DJB Daily Readings'!R32-'DJB Daily Readings'!R31 -> 31 | M24: ='DJB Daily Readings'!U32-'DJB Daily Readings'!U31 -> 2046.24 | N24: ='DJB Daily Readings'!X32-'DJB Daily Readings'!X31 -> 4774.56 | O24: ='DJB Daily Readings'!AA32-'DJB Daily Readings'!AA31 -> 5456.64 | P24: ='DJB Daily Readings'!AD32-'DJB Daily Readings'!AD31 -> 8915.76 | Q24: ='DJB Daily Readings'!AG32-'DJB Daily Readings'!AG31 -> 876.96 | R24: ='DJB Daily Readings'!AJ32-'DJB Daily Readings'!AJ31 -> 7064.4 | S24: ='DJB Daily Readings'!AM32-'DJB Daily Readings'!AM31 -> 4433.52 | T24: ='DJB Daily Readings'!AP32-'DJB Daily Readings'!AP31 -> 4482.24 | U24: ='DJB Daily Readings'!AS32-'DJB Daily Readings'!AS31 -> 2436 | V24: ='DJB Daily Readings'!AV32-'DJB Daily Readings'!AV31 -> 5895.12 | W24: ='DJB Daily Readings'!AZ32-'DJB Daily Readings'!AZ31 -> 32600 | X24: ='DJB Daily Readings'!BC32-'DJB Daily Readings'!BC31 -> 42300 | Y24: ='DJB Daily Readings'!BF32-'DJB Daily Readings'!BF31 -> 0 | Z24: =('DJB Daily Readings'!CK32-'DJB Daily Readings'!CK31)*1.89 -> 362.88 | AA24: =('DJB Daily Readings'!CN32-'DJB Daily Readings'!CN31)*1.89 -> 241.92 | AB24: =('DJB Daily Readings'!CQ32-'DJB Daily Readings'!CQ31)*1.89 -> 86.94 | AC24: ='DJB Daily Readings'!CT32-'DJB Daily Readings'!CT31 -> 0 | AD24: =('DJB Daily Readings'!BY32-'DJB Daily Readings'!BY31)*1.89 -> 39.69 | AE24: =('DJB Daily Readings'!CA32-'DJB Daily Readings'!CA31)*1.89 -> 35.91 | AF24: =('DJB Daily Readings'!CC32-'DJB Daily Readings'!CC31)*1.89 -> 11.34 | AG24: =('DJB Daily Readings'!CE32-'DJB Daily Readings'!CE31)*1.89 -> 15.12 | AH24: =('DJB Daily Readings'!CG32-'DJB Daily Readings'!CG31)*1.89 -> 17.01 | AI24: =('DJB Daily Readings'!CI32-'DJB Daily Readings'!CI31)*1.89 -> 51.03 | AJ24: ='DJB Daily Readings'!CY32-'DJB Daily Readings'!CY31 -> 6 | AK24: ='DJB Daily Readings'!CW32-'DJB Daily Readings'!CW31 -> 6 | AL24: ='DJB Daily Readings'!DC32-'DJB Daily Readings'!DC31 -> 15 | AM24: ='DJB Daily Readings'!DA32-'DJB Daily Readings'!DA31 -> 15 | AN24: ='DJB Daily Readings'!DG32-'DJB Daily Readings'!DG31 -> 4 | AO24: ='DJB Daily Readings'!DE32-'DJB Daily Readings'!DE31 -> 8 | AP24: ='DJB Daily Readings'!DK32-'DJB Daily Readings'!DK31 -> 6 | AQ24: ='DJB Daily Readings'!DI32-'DJB Daily Readings'!DI31 -> 10 | AR24: ='DJB Daily Readings'!DO32-'DJB Daily Readings'!DO31 -> 10 | AS24: ='DJB Daily Readings'!DM32-'DJB Daily Readings'!DM31 -> 4 | AT24: ='DJB Daily Readings'!DQ32-'DJB Daily Readings'!DQ31 -> 9 | AU24: ='DJB Daily Readings'!DT32-'DJB Daily Readings'!DT31 -> 10.1 | AW24: ='DJB Daily Readings'!DX32-'DJB Daily Readings'!DX31 -> 6.4 | AX24: ='DJB Daily Readings'!DZ32-'DJB Daily Readings'!DZ31 -> 10.8 | AY24: ='DJB Daily Readings'!EB32-'DJB Daily Readings'!EB31 -> 755 | AZ24: ='DJB Daily Readings'!ED32-'DJB Daily Readings'!ED31 -> 156.4 | BA24: ='DJB Daily Readings'!EG32-'DJB Daily Readings'!EG31 -> 5300 | BB24: ='DJB Daily Readings'!EI32-'DJB Daily Readings'!EI31 -> 240 | BC24: ='DJB Daily Readings'!EQ32-'DJB Daily Readings'!EQ31 -> 5300 | BD24: ='DJB Daily Readings'!EK32-'DJB Daily Readings'!EK31 -> 2400 | BE24: ='DJB Daily Readings'!EM32-'DJB Daily Readings'!EM31 -> 600 | BF24: ='DJB Daily Readings'!EO32-'DJB Daily Readings'!EO31 -> 640 | BG24: =('DJB Daily Readings'!ET32-'DJB Daily Readings'!ET31)*1.89 -> 30.24 | BH24: =('DJB Daily Readings'!EV32-'DJB Daily Readings'!EV31)*1.89 -> 24.57 | BI24: =('DJB Daily Readings'!EZ32-'DJB Daily Readings'!EZ31)*1.89 -> 18.9 | BJ24: =('DJB Daily Readings'!EX32-'DJB Daily Readings'!EX31)*1.89 -> 26.46 | BK24: =('DJB Daily Readings'!FB32-'DJB Daily Readings'!FB31)*1.89 -> 60.48
A25: Dubai at Jumeirah Beach | B25: =B24+1 -> 24 | C25: 4 | D25: 2022 | E25: =237*0.75 -> 177.75 | F25: =370+65 -> 435 | G25: ='DJB Daily Readings'!C33-'DJB Daily Readings'!C32 -> 784 | H25: ='DJB Daily Readings'!F33-'DJB Daily Readings'!F32 -> 379 | I25: ='DJB Daily Readings'!K33-'DJB Daily Readings'!K32 -> 291 | J25: ='DJB Daily Readings'!K33-'DJB Daily Readings'!K32 -> 291 | K25: ='DJB Daily Readings'!O33-'DJB Daily Readings'!O32 -> 162.55 | L25: ='DJB Daily Readings'!R33-'DJB Daily Readings'!R32 -> 30 | M25: ='DJB Daily Readings'!U33-'DJB Daily Readings'!U32 -> 2046.24 | N25: ='DJB Daily Readings'!X33-'DJB Daily Readings'!X32 -> 4725.84 | O25: ='DJB Daily Readings'!AA33-'DJB Daily Readings'!AA32 -> 3654 | P25: ='DJB Daily Readings'!AD33-'DJB Daily Readings'!AD32 -> 11985.12 | Q25: ='DJB Daily Readings'!AG33-'DJB Daily Readings'!AG32 -> 1023.12 | R25: ='DJB Daily Readings'!AJ33-'DJB Daily Readings'!AJ32 -> 4043.76 | S25: ='DJB Daily Readings'!AM33-'DJB Daily Readings'!AM32 -> 4628.4 | T25: ='DJB Daily Readings'!AP33-'DJB Daily Readings'!AP32 -> 4823.28 | U25: ='DJB Daily Readings'!AS33-'DJB Daily Readings'!AS32 -> 2971.92 | V25: ='DJB Daily Readings'!AV33-'DJB Daily Readings'!AV32 -> 5943.84 | W25: ='DJB Daily Readings'!AZ33-'DJB Daily Readings'!AZ32 -> 20500 | X25: ='DJB Daily Readings'!BC33-'DJB Daily Readings'!BC32 -> 59400 | Y25: ='DJB Daily Readings'!BF33-'DJB Daily Readings'!BF32 -> 0 | Z25: =('DJB Daily Readings'!CK33-'DJB Daily Readings'!CK32)*1.89 -> 181.44 | AA25: =('DJB Daily Readings'!CN33-'DJB Daily Readings'!CN32)*1.89 -> 240.03 | AB25: =('DJB Daily Readings'!CQ33-'DJB Daily Readings'!CQ32)*1.89 -> 85.05 | AC25: ='DJB Daily Readings'!CT33-'DJB Daily Readings'!CT32 -> 0 | AD25: =('DJB Daily Readings'!BY33-'DJB Daily Readings'!BY32)*1.89 -> 39.69 | AE25: =('DJB Daily Readings'!CA33-'DJB Daily Readings'!CA32)*1.89 -> 35.91 | AF25: =('DJB Daily Readings'!CC33-'DJB Daily Readings'!CC32)*1.89 -> 11.34 | AG25: =('DJB Daily Readings'!CE33-'DJB Daily Readings'!CE32)*1.89 -> 13.23 | AH25: =('DJB Daily Readings'!CG33-'DJB Daily Readings'!CG32)*1.89 -> 20.79 | AI25: =('DJB Daily Readings'!CI33-'DJB Daily Readings'!CI32)*1.89 -> 49.14 | AJ25: ='DJB Daily Readings'!CY33-'DJB Daily Readings'!CY32 -> 0 | AK25: ='DJB Daily Readings'!CW33-'DJB Daily Readings'!CW32 -> 1 | AL25: ='DJB Daily Readings'!DC33-'DJB Daily Readings'!DC32 -> 12 | AM25: ='DJB Daily Readings'!DA33-'DJB Daily Readings'!DA32 -> 20 | AN25: ='DJB Daily Readings'!DG33-'DJB Daily Readings'!DG32 -> 7 | AO25: ='DJB Daily Readings'!DE33-'DJB Daily Readings'!DE32 -> 9 | AP25: ='DJB Daily Readings'!DK33-'DJB Daily Readings'!DK32 -> 20 | AQ25: ='DJB Daily Readings'!DI33-'DJB Daily Readings'!DI32 -> 10 | AR25: ='DJB Daily Readings'!DO33-'DJB Daily Readings'!DO32 -> 5 | AS25: ='DJB Daily Readings'!DM33-'DJB Daily Readings'!DM32 -> 3 | AT25: ='DJB Daily Readings'!DQ33-'DJB Daily Readings'!DQ32 -> 0 | AU25: ='DJB Daily Readings'!DT33-'DJB Daily Readings'!DT32 -> 9.1 | AW25: ='DJB Daily Readings'!DX33-'DJB Daily Readings'!DX32 -> 6 | AX25: ='DJB Daily Readings'!DZ33-'DJB Daily Readings'!DZ32 -> 10.1 | AY25: ='DJB Daily Readings'!EB33-'DJB Daily Readings'!EB32 -> 775 | AZ25: ='DJB Daily Readings'!ED33-'DJB Daily Readings'!ED32 -> 143.3 | BA25: ='DJB Daily Readings'!EG33-'DJB Daily Readings'!EG32 -> 5600 | BB25: ='DJB Daily Readings'!EI33-'DJB Daily Readings'!EI32 -> 250 | BC25: ='DJB Daily Readings'!EQ33-'DJB Daily Readings'!EQ32 -> 5900 | BD25: ='DJB Daily Readings'!EK33-'DJB Daily Readings'!EK32 -> 2500 | BE25: ='DJB Daily Readings'!EM33-'DJB Daily Readings'!EM32 -> 700 | BF25: ='DJB Daily Readings'!EO33-'DJB Daily Readings'!EO32 -> 410 | BG25: =('DJB Daily Readings'!ET33-'DJB Daily Readings'!ET32)*1.89 -> 28.35 | BH25: =('DJB Daily Readings'!EV33-'DJB Daily Readings'!EV32)*1.89 -> 22.68 | BI25: =('DJB Daily Readings'!EZ33-'DJB Daily Readings'!EZ32)*1.89 -> 22.68 | BJ25: =('DJB Daily Readings'!EX33-'DJB Daily Readings'!EX32)*1.89 -> 22.68 | BK25: =('DJB Daily Readings'!FB33-'DJB Daily Readings'!FB32)*1.89 -> 47.25
A26: Dubai at Jumeirah Beach | B26: =B25+1 -> 25 | C26: 4 | D26: 2022 | E26: =237*0.67 -> 158.79 | F26: =266+49 -> 315 | G26: ='DJB Daily Readings'!C34-'DJB Daily Readings'!C33 -> 789 | H26: ='DJB Daily Readings'!F34-'DJB Daily Readings'!F33 -> 390 | I26: ='DJB Daily Readings'!K34-'DJB Daily Readings'!K33 -> 333 | J26: ='DJB Daily Readings'!K34-'DJB Daily Readings'!K33 -> 333 | K26: ='DJB Daily Readings'!O34-'DJB Daily Readings'!O33 -> 154.95 | L26: ='DJB Daily Readings'!R34-'DJB Daily Readings'!R33 -> 30 | M26: ='DJB Daily Readings'!U34-'DJB Daily Readings'!U33 -> 1851.36 | N26: ='DJB Daily Readings'!X34-'DJB Daily Readings'!X33 -> 4823.28 | O26: ='DJB Daily Readings'!AA34-'DJB Daily Readings'!AA33 -> 2630.88 | P26: ='DJB Daily Readings'!AD34-'DJB Daily Readings'!AD33 -> 12033.84 | Q26: ='DJB Daily Readings'!AG34-'DJB Daily Readings'!AG33 -> 974.4 | R26: ='DJB Daily Readings'!AJ34-'DJB Daily Readings'!AJ33 -> 5651.52 | S26: ='DJB Daily Readings'!AM34-'DJB Daily Readings'!AM33 -> 4336.08 | T26: ='DJB Daily Readings'!AP34-'DJB Daily Readings'!AP33 -> 4530.96 | U26: ='DJB Daily Readings'!AS34-'DJB Daily Readings'!AS33 -> 2777.04 | V26: ='DJB Daily Readings'!AV34-'DJB Daily Readings'!AV33 -> 5456.64 | W26: ='DJB Daily Readings'!AZ34-'DJB Daily Readings'!AZ33 -> 14100 | X26: ='DJB Daily Readings'!BC34-'DJB Daily Readings'!BC33 -> 58100 | Y26: ='DJB Daily Readings'!BF34-'DJB Daily Readings'!BF33 -> 0 | Z26: =('DJB Daily Readings'!CK34-'DJB Daily Readings'!CK33)*1.89 -> 166.32 | AA26: =('DJB Daily Readings'!CN34-'DJB Daily Readings'!CN33)*1.89 -> 226.8 | AB26: =('DJB Daily Readings'!CQ34-'DJB Daily Readings'!CQ33)*1.89 -> 68.04 | AC26: ='DJB Daily Readings'!CT34-'DJB Daily Readings'!CT33 -> 2 | AD26: =('DJB Daily Readings'!BY34-'DJB Daily Readings'!BY33)*1.89 -> 35.91 | AE26: =('DJB Daily Readings'!CA34-'DJB Daily Readings'!CA33)*1.89 -> 35.91 | AF26: =('DJB Daily Readings'!CC34-'DJB Daily Readings'!CC33)*1.89 -> 7.56 | AG26: =('DJB Daily Readings'!CE34-'DJB Daily Readings'!CE33)*1.89 -> 13.23 | AH26: =('DJB Daily Readings'!CG34-'DJB Daily Readings'!CG33)*1.89 -> 18.9 | AI26: =('DJB Daily Readings'!CI34-'DJB Daily Readings'!CI33)*1.89 -> 47.25 | AJ26: ='DJB Daily Readings'!CY34-'DJB Daily Readings'!CY33 -> 2 | AK26: ='DJB Daily Readings'!CW34-'DJB Daily Readings'!CW33 -> 4 | AL26: ='DJB Daily Readings'!DC34-'DJB Daily Readings'!DC33 -> 16 | AM26: ='DJB Daily Readings'!DA34-'DJB Daily Readings'!DA33 -> 12 | AN26: ='DJB Daily Readings'!DG34-'DJB Daily Readings'!DG33 -> 6 | AO26: ='DJB Daily Readings'!DE34-'DJB Daily Readings'!DE33 -> 9 | AP26: ='DJB Daily Readings'!DK34-'DJB Daily Readings'!DK33 -> 5 | AQ26: ='DJB Daily Readings'!DI34-'DJB Daily Readings'!DI33 -> 8 | AR26: ='DJB Daily Readings'!DO34-'DJB Daily Readings'!DO33 -> 5 | AS26: ='DJB Daily Readings'!DM34-'DJB Daily Readings'!DM33 -> 4 | AT26: ='DJB Daily Readings'!DQ34-'DJB Daily Readings'!DQ33 -> 10 | AU26: ='DJB Daily Readings'!DT34-'DJB Daily Readings'!DT33 -> 9.2 | AW26: ='DJB Daily Readings'!DX34-'DJB Daily Readings'!DX33 -> 6.1 | AX26: ='DJB Daily Readings'!DZ34-'DJB Daily Readings'!DZ33 -> 7.9 | AY26: ='DJB Daily Readings'!EB34-'DJB Daily Readings'!EB33 -> 734 | AZ26: ='DJB Daily Readings'!ED34-'DJB Daily Readings'!ED33 -> 149.7 | BA26: ='DJB Daily Readings'!EG34-'DJB Daily Readings'!EG33 -> 4800 | BB26: ='DJB Daily Readings'!EI34-'DJB Daily Readings'!EI33 -> 240 | BC26: ='DJB Daily Readings'!EQ34-'DJB Daily Readings'!EQ33 -> 5300 | BD26: ='DJB Daily Readings'!EK34-'DJB Daily Readings'!EK33 -> 1900 | BE26: ='DJB Daily Readings'!EM34-'DJB Daily Readings'!EM33 -> 600 | BF26: ='DJB Daily Readings'!EO34-'DJB Daily Readings'!EO33 -> 360 | BG26: =('DJB Daily Readings'!ET34-'DJB Daily Readings'!ET33)*1.89 -> 26.46 | BH26: =('DJB Daily Readings'!EV34-'DJB Daily Readings'!EV33)*1.89 -> 18.9 | BI26: =('DJB Daily Readings'!EZ34-'DJB Daily Readings'!EZ33)*1.89 -> 17.01 | BJ26: =('DJB Daily Readings'!EX34-'DJB Daily Readings'!EX33)*1.89 -> 15.12 | BK26: =('DJB Daily Readings'!FB34-'DJB Daily Readings'!FB33)*1.89 -> 56.7
A27: Dubai at Jumeirah Beach | B27: =B26+1 -> 26 | C27: 4 | D27: 2022 | E27: =237*0.71 -> 168.27 | F27: =286+56 -> 342 | G27: ='DJB Daily Readings'!C35-'DJB Daily Readings'!C34 -> 770 | H27: ='DJB Daily Readings'!F35-'DJB Daily Readings'!F34 -> 366 | I27: ='DJB Daily Readings'!K35-'DJB Daily Readings'!K34 -> 284 | J27: ='DJB Daily Readings'!K35-'DJB Daily Readings'!K34 -> 284 | K27: ='DJB Daily Readings'!O35-'DJB Daily Readings'!O34 -> 168.01 | L27: ='DJB Daily Readings'!R35-'DJB Daily Readings'!R34 -> 30 | M27: ='DJB Daily Readings'!U35-'DJB Daily Readings'!U34 -> 1851.36 | N27: ='DJB Daily Readings'!X35-'DJB Daily Readings'!X34 -> 4872 | O27: ='DJB Daily Readings'!AA35-'DJB Daily Readings'!AA34 -> 4823.28 | P27: ='DJB Daily Readings'!AD35-'DJB Daily Readings'!AD34 -> 11838.96 | Q27: ='DJB Daily Readings'!AG35-'DJB Daily Readings'!AG34 -> 925.68 | R27: ='DJB Daily Readings'!AJ35-'DJB Daily Readings'!AJ34 -> 5554.08 | S27: ='DJB Daily Readings'!AM35-'DJB Daily Readings'!AM34 -> 4384.8 | T27: ='DJB Daily Readings'!AP35-'DJB Daily Readings'!AP34 -> 4530.96 | U27: ='DJB Daily Readings'!AS35-'DJB Daily Readings'!AS34 -> 2825.76 | V27: ='DJB Daily Readings'!AV35-'DJB Daily Readings'!AV34 -> 5505.36 | W27: ='DJB Daily Readings'!AZ35-'DJB Daily Readings'!AZ34 -> 21000 | X27: ='DJB Daily Readings'!BC35-'DJB Daily Readings'!BC34 -> 60200 | Y27: ='DJB Daily Readings'!BF35-'DJB Daily Readings'!BF34 -> 0 | Z27: =('DJB Daily Readings'!CK35-'DJB Daily Readings'!CK34)*1.89 -> 173.88 | AA27: =('DJB Daily Readings'!CN35-'DJB Daily Readings'!CN34)*1.89 -> 223.02 | AB27: =('DJB Daily Readings'!CQ35-'DJB Daily Readings'!CQ34)*1.89 -> 102.06 | AC27: ='DJB Daily Readings'!CT35-'DJB Daily Readings'!CT34 -> 1 | AD27: =('DJB Daily Readings'!BY35-'DJB Daily Readings'!BY34)*1.89 -> 35.91 | AE27: =('DJB Daily Readings'!CA35-'DJB Daily Readings'!CA34)*1.89 -> 34.02 | AF27: =('DJB Daily Readings'!CC35-'DJB Daily Readings'!CC34)*1.89 -> 3.78 | AG27: =('DJB Daily Readings'!CE35-'DJB Daily Readings'!CE34)*1.89 -> 13.23 | AH27: =('DJB Daily Readings'!CG35-'DJB Daily Readings'!CG34)*1.89 -> 20.79 | AI27: =('DJB Daily Readings'!CI35-'DJB Daily Readings'!CI34)*1.89 -> 47.25 | AJ27: ='DJB Daily Readings'!CY35-'DJB Daily Readings'!CY34 -> 3 | AK27: ='DJB Daily Readings'!CW35-'DJB Daily Readings'!CW34 -> 3 | AL27: ='DJB Daily Readings'!DC35-'DJB Daily Readings'!DC34 -> 14 | AM27: ='DJB Daily Readings'!DA35-'DJB Daily Readings'!DA34 -> 13 | AN27: ='DJB Daily Readings'!DG35-'DJB Daily Readings'!DG34 -> 5 | AO27: ='DJB Daily Readings'!DE35-'DJB Daily Readings'!DE34 -> 7 | AP27: ='DJB Daily Readings'!DK35-'DJB Daily Readings'!DK34 -> 5 | AQ27: ='DJB Daily Readings'!DI35-'DJB Daily Readings'!DI34 -> 9 | AR27: ='DJB Daily Readings'!DO35-'DJB Daily Readings'!DO34 -> 5 | AS27: ='DJB Daily Readings'!DM35-'DJB Daily Readings'!DM34 -> 4 | AT27: ='DJB Daily Readings'!DQ35-'DJB Daily Readings'!DQ34 -> 0 | AU27: ='DJB Daily Readings'!DT35-'DJB Daily Readings'!DT34 -> 9 | AW27: ='DJB Daily Readings'!DX35-'DJB Daily Readings'!DX34 -> 6.6 | AX27: ='DJB Daily Readings'!DZ35-'DJB Daily Readings'!DZ34 -> 8.5 | AY27: ='DJB Daily Readings'!EB35-'DJB Daily Readings'!EB34 -> 777 | AZ27: ='DJB Daily Readings'!ED35-'DJB Daily Readings'!ED34 -> 151.4 | BA27: ='DJB Daily Readings'!EG35-'DJB Daily Readings'!EG34 -> 5300 | BB27: ='DJB Daily Readings'!EI35-'DJB Daily Readings'!EI34 -> 190 | BC27: ='DJB Daily Readings'!EQ35-'DJB Daily Readings'!EQ34 -> 6100 | BD27: ='DJB Daily Readings'!EK35-'DJB Daily Readings'!EK34 -> 2900 | BE27: ='DJB Daily Readings'!EM35-'DJB Daily Readings'!EM34 -> 500 | BF27: ='DJB Daily Readings'!EO35-'DJB Daily Readings'!EO34 -> 380 | BG27: =('DJB Daily Readings'!ET35-'DJB Daily Readings'!ET34)*1.89 -> 26.46 | BH27: =('DJB Daily Readings'!EV35-'DJB Daily Readings'!EV34)*1.89 -> 18.9 | BI27: =('DJB Daily Readings'!EZ35-'DJB Daily Readings'!EZ34)*1.89 -> 15.12 | BJ27: =('DJB Daily Readings'!EX35-'DJB Daily Readings'!EX34)*1.89 -> 15.12 | BK27: =('DJB Daily Readings'!FB35-'DJB Daily Readings'!FB34)*1.89 -> 51.03
A28: Dubai at Jumeirah Beach | B28: =B27+1 -> 27 | C28: 4 | D28: 2022 | E28: =237*0.74 -> 175.38 | F28: =282+60 -> 342 | G28: ='DJB Daily Readings'!C36-'DJB Daily Readings'!C35 -> 781 | H28: ='DJB Daily Readings'!F36-'DJB Daily Readings'!F35 -> 356 | I28: ='DJB Daily Readings'!K36-'DJB Daily Readings'!K35 -> 361 | J28: ='DJB Daily Readings'!K36-'DJB Daily Readings'!K35 -> 361 | K28: ='DJB Daily Readings'!O36-'DJB Daily Readings'!O35 -> 160.29 | L28: ='DJB Daily Readings'!R36-'DJB Daily Readings'!R35 -> 31 | M28: ='DJB Daily Readings'!U36-'DJB Daily Readings'!U35 -> 1851.36 | N28: ='DJB Daily Readings'!X36-'DJB Daily Readings'!X35 -> 4823.28 | O28: ='DJB Daily Readings'!AA36-'DJB Daily Readings'!AA35 -> 2825.76 | P28: ='DJB Daily Readings'!AD36-'DJB Daily Readings'!AD35 -> 11692.8 | Q28: ='DJB Daily Readings'!AG36-'DJB Daily Readings'!AG35 -> 974.4 | R28: ='DJB Daily Readings'!AJ36-'DJB Daily Readings'!AJ35 -> 5797.68 | S28: ='DJB Daily Readings'!AM36-'DJB Daily Readings'!AM35 -> 4482.24 | T28: ='DJB Daily Readings'!AP36-'DJB Daily Readings'!AP35 -> 4628.4 | U28: ='DJB Daily Readings'!AS36-'DJB Daily Readings'!AS35 -> 2777.04 | V28: ='DJB Daily Readings'!AV36-'DJB Daily Readings'!AV35 -> 5554.08 | W28: ='DJB Daily Readings'!AZ36-'DJB Daily Readings'!AZ35 -> 21000 | X28: ='DJB Daily Readings'!BC36-'DJB Daily Readings'!BC35 -> 58100 | Y28: ='DJB Daily Readings'!BF36-'DJB Daily Readings'!BF35 -> 0 | Z28: =('DJB Daily Readings'!CK36-'DJB Daily Readings'!CK35)*1.89 -> 179.55 | AA28: =('DJB Daily Readings'!CN36-'DJB Daily Readings'!CN35)*1.89 -> 224.91 | AB28: =('DJB Daily Readings'!CQ36-'DJB Daily Readings'!CQ35)*1.89 -> 41.58 | AC28: ='DJB Daily Readings'!CT36-'DJB Daily Readings'!CT35 -> 0 | AD28: =('DJB Daily Readings'!BY36-'DJB Daily Readings'!BY35)*1.89 -> 35.91 | AE28: =('DJB Daily Readings'!CA36-'DJB Daily Readings'!CA35)*1.89 -> 35.91 | AF28: =('DJB Daily Readings'!CC36-'DJB Daily Readings'!CC35)*1.89 -> 5.67 | AG28: =('DJB Daily Readings'!CE36-'DJB Daily Readings'!CE35)*1.89 -> 13.23 | AH28: =('DJB Daily Readings'!CG36-'DJB Daily Readings'!CG35)*1.89 -> 24.57 | AI28: =('DJB Daily Readings'!CI36-'DJB Daily Readings'!CI35)*1.89 -> 51.03 | AJ28: ='DJB Daily Readings'!CY36-'DJB Daily Readings'!CY35 -> 3 | AK28: ='DJB Daily Readings'!CW36-'DJB Daily Readings'!CW35 -> 4 | AL28: ='DJB Daily Readings'!DC36-'DJB Daily Readings'!DC35 -> 13 | AM28: ='DJB Daily Readings'!DA36-'DJB Daily Readings'!DA35 -> 16 | AN28: ='DJB Daily Readings'!DG36-'DJB Daily Readings'!DG35 -> 4 | AO28: ='DJB Daily Readings'!DE36-'DJB Daily Readings'!DE35 -> 9 | AP28: ='DJB Daily Readings'!DK36-'DJB Daily Readings'!DK35 -> 8 | AQ28: ='DJB Daily Readings'!DI36-'DJB Daily Readings'!DI35 -> 8 | AR28: ='DJB Daily Readings'!DO36-'DJB Daily Readings'!DO35 -> 5 | AS28: ='DJB Daily Readings'!DM36-'DJB Daily Readings'!DM35 -> 5 | AT28: ='DJB Daily Readings'!DQ36-'DJB Daily Readings'!DQ35 -> 0 | AU28: ='DJB Daily Readings'!DT36-'DJB Daily Readings'!DT35 -> 8.8 | AW28: ='DJB Daily Readings'!DX36-'DJB Daily Readings'!DX35 -> 6.6 | AX28: ='DJB Daily Readings'!DZ36-'DJB Daily Readings'!DZ35 -> 7.9 | AY28: ='DJB Daily Readings'!EB36-'DJB Daily Readings'!EB35 -> 812 | AZ28: ='DJB Daily Readings'!ED36-'DJB Daily Readings'!ED35 -> 152.1 | BA28: ='DJB Daily Readings'!EG36-'DJB Daily Readings'!EG35 -> 5100 | BB28: ='DJB Daily Readings'!EI36-'DJB Daily Readings'!EI35 -> 190 | BC28: ='DJB Daily Readings'!EQ36-'DJB Daily Readings'!EQ35 -> 6100 | BD28: ='DJB Daily Readings'!EK36-'DJB Daily Readings'!EK35 -> 2800 | BE28: ='DJB Daily Readings'!EM36-'DJB Daily Readings'!EM35 -> 600 | BF28: ='DJB Daily Readings'!EO36-'DJB Daily Readings'!EO35 -> 390 | BG28: =('DJB Daily Readings'!ET36-'DJB Daily Readings'!ET35)*1.89 -> 28.35 | BH28: =('DJB Daily Readings'!EV36-'DJB Daily Readings'!EV35)*1.89 -> 20.79 | BI28: =('DJB Daily Readings'!EZ36-'DJB Daily Readings'!EZ35)*1.89 -> 17.01 | BJ28: =('DJB Daily Readings'!EX36-'DJB Daily Readings'!EX35)*1.89 -> 18.9 | BK28: =('DJB Daily Readings'!FB36-'DJB Daily Readings'!FB35)*1.89 -> 56.7
A29: Dubai at Jumeirah Beach | B29: =B28+1 -> 28 | C29: 4 | D29: 2022 | E29: =237*0.82 -> 194.34 | F29: =307+63 -> 370 | G29: ='DJB Daily Readings'!C37-'DJB Daily Readings'!C36 -> 778 | H29: ='DJB Daily Readings'!F37-'DJB Daily Readings'!F36 -> 371 | I29: ='DJB Daily Readings'!K37-'DJB Daily Readings'!K36 -> 326 | J29: ='DJB Daily Readings'!K37-'DJB Daily Readings'!K36 -> 326 | K29: ='DJB Daily Readings'!O37-'DJB Daily Readings'!O36 -> 164.09 | L29: ='DJB Daily Readings'!R37-'DJB Daily Readings'!R36 -> 28 | M29: ='DJB Daily Readings'!U37-'DJB Daily Readings'!U36 -> 1997.52 | N29: ='DJB Daily Readings'!X37-'DJB Daily Readings'!X36 -> 4920.72 | O29: ='DJB Daily Readings'!AA37-'DJB Daily Readings'!AA36 -> 2582.16 | P29: ='DJB Daily Readings'!AD37-'DJB Daily Readings'!AD36 -> 12618.48 | Q29: ='DJB Daily Readings'!AG37-'DJB Daily Readings'!AG36 -> 974.4 | R29: ='DJB Daily Readings'!AJ37-'DJB Daily Readings'!AJ36 -> 5895.12 | S29: ='DJB Daily Readings'!AM37-'DJB Daily Readings'!AM36 -> 4774.56 | T29: ='DJB Daily Readings'!AP37-'DJB Daily Readings'!AP36 -> 4725.84 | U29: ='DJB Daily Readings'!AS37-'DJB Daily Readings'!AS36 -> 2923.2 | V29: ='DJB Daily Readings'!AV37-'DJB Daily Readings'!AV36 -> 5602.8 | W29: ='DJB Daily Readings'!AZ37-'DJB Daily Readings'!AZ36 -> 13800 | X29: ='DJB Daily Readings'!BC37-'DJB Daily Readings'!BC36 -> 62700 | Y29: ='DJB Daily Readings'!BF37-'DJB Daily Readings'!BF36 -> 0 | Z29: =('DJB Daily Readings'!CK37-'DJB Daily Readings'!CK36)*1.89 -> 181.44 | AA29: =('DJB Daily Readings'!CN37-'DJB Daily Readings'!CN36)*1.89 -> 211.68 | AB29: =('DJB Daily Readings'!CQ37-'DJB Daily Readings'!CQ36)*1.89 -> 0 | AC29: ='DJB Daily Readings'!CT37-'DJB Daily Readings'!CT36 -> 0 | AD29: =('DJB Daily Readings'!BY37-'DJB Daily Readings'!BY36)*1.89 -> 34.02 | AE29: =('DJB Daily Readings'!CA37-'DJB Daily Readings'!CA36)*1.89 -> 43.47 | AF29: =('DJB Daily Readings'!CC37-'DJB Daily Readings'!CC36)*1.89 -> 9.45 | AG29: =('DJB Daily Readings'!CE37-'DJB Daily Readings'!CE36)*1.89 -> 13.23 | AH29: =('DJB Daily Readings'!CG37-'DJB Daily Readings'!CG36)*1.89 -> 17.01 | AI29: =('DJB Daily Readings'!CI37-'DJB Daily Readings'!CI36)*1.89 -> 49.14 | AJ29: ='DJB Daily Readings'!CY37-'DJB Daily Readings'!CY36 -> 2 | AK29: ='DJB Daily Readings'!CW37-'DJB Daily Readings'!CW36 -> 4 | AL29: ='DJB Daily Readings'!DC37-'DJB Daily Readings'!DC36 -> 13 | AM29: ='DJB Daily Readings'!DA37-'DJB Daily Readings'!DA36 -> 15 | AN29: ='DJB Daily Readings'!DG37-'DJB Daily Readings'!DG36 -> 4 | AO29: ='DJB Daily Readings'!DE37-'DJB Daily Readings'!DE36 -> 8 | AP29: ='DJB Daily Readings'!DK37-'DJB Daily Readings'!DK36 -> 6 | AQ29: ='DJB Daily Readings'!DI37-'DJB Daily Readings'!DI36 -> 9 | AR29: ='DJB Daily Readings'!DO37-'DJB Daily Readings'!DO36 -> 8 | AS29: ='DJB Daily Readings'!DM37-'DJB Daily Readings'!DM36 -> 4 | AT29: ='DJB Daily Readings'!DQ37-'DJB Daily Readings'!DQ36 -> 100 | AU29: ='DJB Daily Readings'!DT37-'DJB Daily Readings'!DT36 -> 8.9 | AW29: ='DJB Daily Readings'!DX37-'DJB Daily Readings'!DX36 -> 6.8 | AX29: ='DJB Daily Readings'!DZ37-'DJB Daily Readings'!DZ36 -> 8.7 | AY29: ='DJB Daily Readings'!EB37-'DJB Daily Readings'!EB36 -> 832 | AZ29: ='DJB Daily Readings'!ED37-'DJB Daily Readings'!ED36 -> 158.8 | BA29: ='DJB Daily Readings'!EG37-'DJB Daily Readings'!EG36 -> 4800 | BB29: ='DJB Daily Readings'!EI37-'DJB Daily Readings'!EI36 -> 220 | BC29: ='DJB Daily Readings'!EQ37-'DJB Daily Readings'!EQ36 -> 6200 | BD29: ='DJB Daily Readings'!EK37-'DJB Daily Readings'!EK36 -> 2600 | BE29: ='DJB Daily Readings'!EM37-'DJB Daily Readings'!EM36 -> 700 | BF29: ='DJB Daily Readings'!EO37-'DJB Daily Readings'!EO36 -> 370 | BG29: =('DJB Daily Readings'!ET37-'DJB Daily Readings'!ET36)*1.89 -> 30.24 | BH29: =('DJB Daily Readings'!EV37-'DJB Daily Readings'!EV36)*1.89 -> 20.79 | BI29: =('DJB Daily Readings'!EZ37-'DJB Daily Readings'!EZ36)*1.89 -> 17.01 | BJ29: =('DJB Daily Readings'!EX37-'DJB Daily Readings'!EX36)*1.89 -> 17.01 | BK29: =('DJB Daily Readings'!FB37-'DJB Daily Readings'!FB36)*1.89 -> 64.26
A30: Dubai at Jumeirah Beach | B30: =B29+1 -> 29 | C30: 4 | D30: 2022 | E30: =237*0.76 -> 180.12 | F30: =283+57 -> 340 | G30: ='DJB Daily Readings'!C38-'DJB Daily Readings'!C37 -> 779 | H30: ='DJB Daily Readings'!F38-'DJB Daily Readings'!F37 -> 372 | I30: ='DJB Daily Readings'!K38-'DJB Daily Readings'!K37 -> 299 | J30: ='DJB Daily Readings'!K38-'DJB Daily Readings'!K37 -> 299 | K30: ='DJB Daily Readings'!O38-'DJB Daily Readings'!O37 -> 178.48 | L30: ='DJB Daily Readings'!R38-'DJB Daily Readings'!R37 -> 33 | M30: ='DJB Daily Readings'!U38-'DJB Daily Readings'!U37 -> 1997.52 | N30: ='DJB Daily Readings'!X38-'DJB Daily Readings'!X37 -> 4725.84 | O30: ='DJB Daily Readings'!AA38-'DJB Daily Readings'!AA37 -> 4092.48 | P30: ='DJB Daily Readings'!AD38-'DJB Daily Readings'!AD37 -> 12131.28 | Q30: ='DJB Daily Readings'!AG38-'DJB Daily Readings'!AG37 -> 1023.12 | R30: ='DJB Daily Readings'!AJ38-'DJB Daily Readings'!AJ37 -> 5651.52 | S30: ='DJB Daily Readings'!AM38-'DJB Daily Readings'!AM37 -> 4336.08 | T30: ='DJB Daily Readings'!AP38-'DJB Daily Readings'!AP37 -> 4725.84 | U30: ='DJB Daily Readings'!AS38-'DJB Daily Readings'!AS37 -> 2777.04 | V30: ='DJB Daily Readings'!AV38-'DJB Daily Readings'!AV37 -> 5505.36 | W30: ='DJB Daily Readings'!AZ38-'DJB Daily Readings'!AZ37 -> 21300 | X30: ='DJB Daily Readings'!BC38-'DJB Daily Readings'!BC37 -> 61400 | Y30: ='DJB Daily Readings'!BF38-'DJB Daily Readings'!BF37 -> 0 | Z30: =('DJB Daily Readings'!CK38-'DJB Daily Readings'!CK37)*1.89 -> 162.54 | AA30: =('DJB Daily Readings'!CN38-'DJB Daily Readings'!CN37)*1.89 -> 209.79 | AB30: =('DJB Daily Readings'!CQ38-'DJB Daily Readings'!CQ37)*1.89 -> 0 | AC30: ='DJB Daily Readings'!CT38-'DJB Daily Readings'!CT37 -> 203 | AD30: =('DJB Daily Readings'!BY38-'DJB Daily Readings'!BY37)*1.89 -> 28.35 | AE30: =('DJB Daily Readings'!CA38-'DJB Daily Readings'!CA37)*1.89 -> 35.91 | AF30: =('DJB Daily Readings'!CC38-'DJB Daily Readings'!CC37)*1.89 -> 9.45 | AG30: =('DJB Daily Readings'!CE38-'DJB Daily Readings'!CE37)*1.89 -> 13.23 | AH30: =('DJB Daily Readings'!CG38-'DJB Daily Readings'!CG37)*1.89 -> 15.12 | AI30: =('DJB Daily Readings'!CI38-'DJB Daily Readings'!CI37)*1.89 -> 51.03 | AJ30: ='DJB Daily Readings'!CY38-'DJB Daily Readings'!CY37 -> 3 | AK30: ='DJB Daily Readings'!CW38-'DJB Daily Readings'!CW37 -> 4 | AL30: ='DJB Daily Readings'!DC38-'DJB Daily Readings'!DC37 -> 14 | AM30: ='DJB Daily Readings'!DA38-'DJB Daily Readings'!DA37 -> 14 | AN30: ='DJB Daily Readings'!DG38-'DJB Daily Readings'!DG37 -> 4 | AO30: ='DJB Daily Readings'!DE38-'DJB Daily Readings'!DE37 -> 10 | AP30: ='DJB Daily Readings'!DK38-'DJB Daily Readings'!DK37 -> 7 | AQ30: ='DJB Daily Readings'!DI38-'DJB Daily Readings'!DI37 -> 9 | AR30: ='DJB Daily Readings'!DO38-'DJB Daily Readings'!DO37 -> 7 | AS30: ='DJB Daily Readings'!DM38-'DJB Daily Readings'!DM37 -> 4 | AT30: ='DJB Daily Readings'!DQ38-'DJB Daily Readings'!DQ37 -> 0 | AU30: ='DJB Daily Readings'!DT38-'DJB Daily Readings'!DT37 -> 9.1 | AW30: ='DJB Daily Readings'!DX38-'DJB Daily Readings'!DX37 -> 6.6 | AX30: ='DJB Daily Readings'!DZ38-'DJB Daily Readings'!DZ37 -> 8.5 | AY30: ='DJB Daily Readings'!EB38-'DJB Daily Readings'!EB37 -> 797 | AZ30: ='DJB Daily Readings'!ED38-'DJB Daily Readings'!ED37 -> 150.5 | BA30: ='DJB Daily Readings'!EG38-'DJB Daily Readings'!EG37 -> 4900 | BB30: ='DJB Daily Readings'!EI38-'DJB Daily Readings'!EI37 -> 230 | BC30: ='DJB Daily Readings'!EQ38-'DJB Daily Readings'!EQ37 -> 5900 | BD30: ='DJB Daily Readings'!EK38-'DJB Daily Readings'!EK37 -> 2700 | BE30: ='DJB Daily Readings'!EM38-'DJB Daily Readings'!EM37 -> 300 | BF30: ='DJB Daily Readings'!EO38-'DJB Daily Readings'!EO37 -> 580 | BG30: =('DJB Daily Readings'!ET38-'DJB Daily Readings'!ET37)*1.89 -> 32.13 | BH30: =('DJB Daily Readings'!EV38-'DJB Daily Readings'!EV37)*1.89 -> 20.79 | BI30: =('DJB Daily Readings'!EZ38-'DJB Daily Readings'!EZ37)*1.89 -> 18.9 | BJ30: =('DJB Daily Readings'!EX38-'DJB Daily Readings'!EX37)*1.89 -> 18.9 | BK30: =('DJB Daily Readings'!FB38-'DJB Daily Readings'!FB37)*1.89 -> 56.7
A31: Dubai at Jumeirah Beach | B31: =B30+1 -> 30 | C31: 4 | D31: 2022 | E31: =237*0.73 -> 173.01 | F31: =278+63 -> 341 | G31: ='DJB Daily Readings'!C39-'DJB Daily Readings'!C38 -> 767 | H31: ='DJB Daily Readings'!F39-'DJB Daily Readings'!F38 -> 394 | I31: ='DJB Daily Readings'!K39-'DJB Daily Readings'!K38 -> 302 | J31: ='DJB Daily Readings'!K39-'DJB Daily Readings'!K38 -> 302 | K31: ='DJB Daily Readings'!O39-'DJB Daily Readings'!O38 -> 169.51 | L31: ='DJB Daily Readings'!R39-'DJB Daily Readings'!R38 -> 34 | M31: ='DJB Daily Readings'!U39-'DJB Daily Readings'!U38 -> 3848.88 | N31: ='DJB Daily Readings'!X39-'DJB Daily Readings'!X38 -> 4725.84 | O31: ='DJB Daily Readings'!AA39-'DJB Daily Readings'!AA38 -> 925.68 | P31: ='DJB Daily Readings'!AD39-'DJB Daily Readings'!AD38 -> 5505.36 | Q31: ='DJB Daily Readings'!AG39-'DJB Daily Readings'!AG38 -> 8282.4 | R31: ='DJB Daily Readings'!AJ39-'DJB Daily Readings'!AJ38 -> 5748.96 | S31: ='DJB Daily Readings'!AM39-'DJB Daily Readings'!AM38 -> 4238.64 | T31: ='DJB Daily Readings'!AP39-'DJB Daily Readings'!AP38 -> 4725.84 | U31: ='DJB Daily Readings'!AS39-'DJB Daily Readings'!AS38 -> 2630.88 | V31: ='DJB Daily Readings'!AV39-'DJB Daily Readings'!AV38 -> 5943.84 | W31: ='DJB Daily Readings'!AZ39-'DJB Daily Readings'!AZ38 -> 0 | X31: ='DJB Daily Readings'!BC39-'DJB Daily Readings'!BC38 -> 31600 | Y31: ='DJB Daily Readings'!BF39-'DJB Daily Readings'!BF38 -> 47800 | Z31: =('DJB Daily Readings'!CK39-'DJB Daily Readings'!CK38)*1.89 -> 166.32 | AA31: =('DJB Daily Readings'!CN39-'DJB Daily Readings'!CN38)*1.89 -> 198.45 | AB31: =('DJB Daily Readings'!CQ39-'DJB Daily Readings'!CQ38)*1.89 -> 90.72 | AC31: ='DJB Daily Readings'!CT39-'DJB Daily Readings'!CT38 -> 217 | AD31: =('DJB Daily Readings'!BY39-'DJB Daily Readings'!BY38)*1.89 -> 37.8 | AE31: =('DJB Daily Readings'!CA39-'DJB Daily Readings'!CA38)*1.89 -> 37.8 | AF31: =('DJB Daily Readings'!CC39-'DJB Daily Readings'!CC38)*1.89 -> 5.67 | AG31: =('DJB Daily Readings'!CE39-'DJB Daily Readings'!CE38)*1.89 -> 13.23 | AH31: =('DJB Daily Readings'!CG39-'DJB Daily Readings'!CG38)*1.89 -> 17.01 | AI31: =('DJB Daily Readings'!CI39-'DJB Daily Readings'!CI38)*1.89 -> 49.14 | AJ31: ='DJB Daily Readings'!CY39-'DJB Daily Readings'!CY38 -> 4 | AK31: ='DJB Daily Readings'!CW39-'DJB Daily Readings'!CW38 -> 3 | AL31: ='DJB Daily Readings'!DC39-'DJB Daily Readings'!DC38 -> 15 | AM31: ='DJB Daily Readings'!DA39-'DJB Daily Readings'!DA38 -> 18 | AN31: ='DJB Daily Readings'!DG39-'DJB Daily Readings'!DG38 -> 5 | AO31: ='DJB Daily Readings'!DE39-'DJB Daily Readings'!DE38 -> 9 | AP31: ='DJB Daily Readings'!DK39-'DJB Daily Readings'!DK38 -> 12 | AQ31: ='DJB Daily Readings'!DI39-'DJB Daily Readings'!DI38 -> 12 | AR31: ='DJB Daily Readings'!DO39-'DJB Daily Readings'!DO38 -> 7 | AS31: ='DJB Daily Readings'!DM39-'DJB Daily Readings'!DM38 -> 4 | AT31: ='DJB Daily Readings'!DQ39-'DJB Daily Readings'!DQ38 -> 0 | AU31: ='DJB Daily Readings'!DT39-'DJB Daily Readings'!DT38 -> 11.2 | AW31: ='DJB Daily Readings'!DX39-'DJB Daily Readings'!DX38 -> 8.1 | AX31: ='DJB Daily Readings'!DZ39-'DJB Daily Readings'!DZ38 -> 11.3 | AY31: ='DJB Daily Readings'!EB39-'DJB Daily Readings'!EB38 -> 645 | AZ31: ='DJB Daily Readings'!ED39-'DJB Daily Readings'!ED38 -> 181.1 | BA31: ='DJB Daily Readings'!EG39-'DJB Daily Readings'!EG38 -> 6100 | BB31: ='DJB Daily Readings'!EI39-'DJB Daily Readings'!EI38 -> 280 | BC31: ='DJB Daily Readings'!EQ39-'DJB Daily Readings'!EQ38 -> 8300 | BD31: ='DJB Daily Readings'!EK39-'DJB Daily Readings'!EK38 -> 3400 | BE31: ='DJB Daily Readings'!EM39-'DJB Daily Readings'!EM38 -> 1800 | BF31: ='DJB Daily Readings'!EO39-'DJB Daily Readings'!EO38 -> 880 | BG31: =('DJB Daily Readings'!ET39-'DJB Daily Readings'!ET38)*1.89 -> 34.02 | BH31: =('DJB Daily Readings'!EV39-'DJB Daily Readings'!EV38)*1.89 -> 22.68 | BI31: =('DJB Daily Readings'!EZ39-'DJB Daily Readings'!EZ38)*1.89 -> 22.68 | BJ31: =('DJB Daily Readings'!EX39-'DJB Daily Readings'!EX38)*1.89 -> 22.68 | BK31: =('DJB Daily Readings'!FB39-'DJB Daily Readings'!FB38)*1.89 -> 52.92

Sheet DJB Daily Readings
A6: Daily Water Consumption April 2020 | U6: Electricity Daily Consumption April 2020 | AZ6: Chiller BTU Meter Reading April 2020 | BV6: Lpg Daily Consumption April 2020 | CW6: F& B Village Daily Water Meter Reading 2020 | DT6: F & B Electrical Daily Reading April 2020 | EG6: F & B Village Chilled Water Reading April 2020 | ET6: F & B Village Daily Lpg Reading April 2020
A7: Date | B7: Daily Occupancy % | C7: Potable Water meter Reading -M³ | F7: Resort Water Meter Reading M³ | I7: Tse Water meter Reading M³ | K7: Irrigation Water Meter Reading M³ | M7: Domestic Water For Irrigation M³ | O7: Cooling Tower Meter ReadingM³ | R7: Cooling Tower Blowdown Reading | U7: EMDB-1 All Pumps | X7: EMDB-2 Elevators | AA7: MDB-1 Chiller # 1 | AD7: MDB-2 Chiller # 2 | AG7: MDB-3 Chiller # 3 | AJ7: MDB-4 North Riser Guest Rooms | AM7: MDB-5 North Riser Guest Rooms | AP7: MDB-6 Main Kitchen | AS7: MDB-7 South Riser Guest Rooms | AV7: MDB-8 F & B | AZ7: Chiller 1 | BC7: Chiller 2 | BF7: Chiller 3 | BI7: Active Pool Heat Exchanger Hot Water | BK7: Active Pool Heat Exchanger Chilled Water | BM7: Quiet Pool Heat Exchanger Hot Water | BO7: Quiet Pool Heat Exchanger Chilled Water | BQ7: Sea Fu Restaurant | BS7: cold water heat exchanger | BV7: Lpg Main Tank | BY7: Ird Kitchen | CA7: Suq Kitchen | CC7: Bakery Kitchen | CE7: Shai Saloon Kitchen | CG7: Banquet Kitchen | CI7: Sea Fu Kitchen | CK7: Steam Boiler | CN7: Solar Hot Water Boiler | CQ7: Low Temp Hot Water Boiler | CT7: Steam Boiler Steam Meter Reading | CW7: Verde Water Meter Reading | DA7: Coya Water Meter Reading M³ | DE7: Nusret Water meter Reading M³ | DI7: Provoceteur Meter Reading M³ | DM7: Scalini Meter Reading M³ | DQ7: Irrigation | DT7: MDB - Coya | DV7: MDB Verde | DX7: MDB - Nusret | DZ7: Peovoceteur SMDB | EB7: SMDB - Scalini | ED7: Common ESMDB | EG7: Coya Btu | EI7: Coya Cold Room Btu | EK7: Nusret Btu | EM7: Provocateur- A | EO7: Provocateur- B | EQ7: Verde Btu | ET7: Coya Lpg | EV7: Nusret Lpg | EX7: Provocateur Lpg | EZ7: Verde Lpg | FB7: Scalini
C8: Reading In M³ | D8: Daily consumption M³ 2018 | E8: Daily consumption M³ December-2017 | F8: Reading M³ | G8: Daily Consumption M³ | H8: Daily consumption M³ December-2017 | I8: Reading M³ | J8: Daily consumption M³ | K8: Reading M³ | L8: Daily consumption M³ | M8: Reading M³ | N8: Daily consumption M³ | O8: Reading M³ | P8: Daily Consumption M³ | Q8: Daily consumption M³ December-2017 | R8: Reading M³ | S8: Daily Consumption M³ | U8: Reading KWH | V8: Daily Consumption Kwh 2018 | W8: Daily Consumption Kwh 2017 | X8: Reading KWH | Y8: Daily Consumption Kwh 2018 | Z8: Daily Consumption Kwh 2017 | AA8: Reading KWH | AB8: Daily Consumption Kwh 2018 | AC8: Daily Consumption Kwh 2017 | AD8: Reading KWH | AE8: Daily Consumption Kwh 2018 | AF8: Daily Consumption Kwh 2017 | AG8: Reading KWH | AH8: Daily Consumption Kwh 2018 | AI8: Daily Consumption Kwh 2017 | AJ8: Reading KWH | AK8: Daily Consumption Kwh 2018 | AL8: Daily Consumption Kwh 2017 | AM8: Reading KWH | AN8: Daily Consumption Kwh 2018 | AO8: Daily Consumption Kwh 2017 | AP8: Reading KWH | AQ8: Daily Consumption Kwh 2018 | AR8: Daily Consumption Kwh 2017 | AS8: Reading KWH | AT8: Daily Consumption Kwh 2018 | AU8: Daily Consumption Kwh 2017 | AV8: Reading KWH | AW8: Daily Consumption Kwh 2018 | AX8: Daily Consumption Kwh 2017 | AZ8: Reading Kwh | BA8: Daily Consumption Kwh | BB8: Daily Consumption Kwh 2017 | BC8: Reading Kwh | BD8: Daily Consumption Kwh | BE8: Daily Consumption Kwh 2017 | BF8: Reading Kwh | BG8: Daily Consumption Kwh | BH8: Daily Consumption Kwh 2017 | BI8: Reading Kwh | BJ8: Daily Consumption Kwh | BK8: Reading Kwh | BL8: Daily Consumption Kwh | BM8: Reading Kwh | BN8: Daily Consumption Kwh | BO8: Reading Kwh | BP8: Daily Consumption Kwh | BQ8: Reading Kwh | BR8: Daily Consumption Kwh | BS8: Reading Kwh | BT8: Daily Consumption Kwh | BV8: Reading % | BW8: Reading M³ | BX8: Daily consumption M³ December-2017 | BY8: Reading M³ | BZ8: Daily Consumption M³ | CA8: Reading M³ | CB8: Daily Consumption M³ | CC8: Reading M³ | CD8: Daily Consumption M³ | CE8: Reading M³ | CF8: Daily Consumption M³ | CG8: Reading M³ | CH8: Daily Consumption M³ | CI8: Reading M³ | CJ8: Daily Consumption M³ | CK8: Reading M³ | CL8: Daily Consumption M³ | CM8: Daily consumption M³ December-2017 | CN8: Reading M³ | CO8: Daily Consumption M³ | CP8: Daily consumption M³ December-2017 | CQ8: Reading M³ | CR8: Daily Consumption M³ | CS8: Daily consumption M³ December-2017 | CT8: Reading Kg | CU8: Daily Consumption Kg | CW8: Hot Water M³ | CX8: Daily consumption M³ | CY8: Cold Water M³ | CZ8: Daily consumption M³ | DA8: Hot Water M³ | DB8: Daily Consumption M³ | DC8: Cold Water M³ | DD8: Daily Consumption M³ | DE8: Hot Water M³ | DF8: Daily consumption M³ | DG8: Cold Water M³ | DH8: Daily consumption M³ | DI8: Hot Water M³ | DJ8: Daily Consumption M³ | DK8: Cold Water M³ | DL8: Daily Consumption M³ | DM8: Hot Water M³ | DN8: Daily Consumption M³ | DO8: Cold Water M³ | DP8: Daily Consumption M³ | DQ8: Daily Reading | DR8: Daily Consumption M³ | DT8: Reading KWH | DU8: Difference KWH | DV8: Reading KWH | DW8: Difference KWH | DX8: Reading KWH | DY8: Difference KWH | DZ8: Reading KWH | EA8: Difference KWH | EB8: Reading KWH | EC8: Difference KWH | ED8: Reading KWH | EE8: Difference KWH | EG8: Reading KWH | EH8: Difference KWH | EI8: Reading KWH | EJ8: Difference KWH | EK8: Reading KWH | EL8: Difference KWH | EM8: Reading KWH | EN8: Difference KWH | EO8: Reading KWH | EP8: Difference KWH | EQ8: Reading KWH | ER8: Difference KWH | ET8: Reading M³ | EU8: Daily Consumption M³ | EV8: Reading M³ | EW8: Daily Consumption M³ | EX8: Reading M³ | EY8: Daily Consumption M³ | EZ8: Reading M³ | FA8: Daily Consumption M³ | FB8: Reading M³ | FC8: Daily Consumption M³
A9: 43830 | B9: ='[1]April - 2022'!B9 -> 0.89 | C9: ='[1]April - 2022'!E9 -> 90113 | D9: =C10-C9 -> 691 | E9: ='[1]April - 2022'!G9 -> 560 | F9: ='[1]April - 2022'!H9 -> 140888 | G9: =F10-F9 -> 441 | H9: ='[1]April - 2022'!J9 -> 380.56 | I9: ='[1]April - 2022'!K9 -> 164625 | J9: =I10-I9 -> 0 | K9: ='[1]April - 2022'!N9 -> 840477 | L9: =K10-K9 -> 137 | M9: ='[1]April - 2022'!Q9 -> 196477 | N9: =M10-M9 -> 87 | O9: ='[1]April - 2022'!U9 -> 62426.38 | P9: =O10-O9 -> 107.68 | Q9: ='[1]April - 2022'!W9 -> 104.3 | R9: ='[1]April - 2022'!X9 -> 4780 | S9: =R10-R9 -> 7 | U9: ='[1]April - 2022'!AE9 -> 7469653 | V9: =U10-U9 -> 2046.24 | W9: ='[1]April - 2022'!AG9 -> 2289.84 | X9: ='[1]April - 2022'!AH9 -> 14282560 | Y9: =X10-X9 -> 4823.28 | Z9: ='[1]April - 2022'!AJ9 -> 3946.32 | AA9: ='[1]April - 2022'!AK9 -> 13973188 | AB9: =AA10-AA9 -> 341.04 | AC9: ='[1]April - 2022'!AM9 -> 26308.8 | AD9: ='[1]April - 2022'!AN9 -> 17117139 | AE9: =AD10-AD9 -> 10962 | AF9: ='[1]April - 2022'!AP9 -> 0 | AG9: ='[1]April - 2022'!AQ9 -> 17485657 | AH9: =AG10-AG9 -> 779.52 | AI9: ='[1]April - 2022'!AS9 -> 389.76 | AJ9: ='[1]April - 2022'!AT9 -> 16126856 | AK9: =AJ10-AJ9 -> 5456.64 | AL9: ='[1]April - 2022'!AV9 -> 4238.64 | AM9: ='[1]April - 2022'!AW9 -> 13650272 | AN9: =AM10-AM9 -> 4336.08 | AO9: ='[1]April - 2022'!AY9 -> 3995.04 | AP9: ='[1]April - 2022'!AZ9 -> 13151428 | AQ9: =AP10-AP9 -> 4677.12 | AR9: ='[1]April - 2022'!BB9 -> 3800.16 | AS9: ='[1]April - 2022'!BC9 -> 10442986 | AT9: =AS10-AS9 -> 3069.36 | AU9: ='[1]April - 2022'!BE9 -> 2777.04 | AV9: ='[1]April - 2022'!BF9 -> 16281152 | AW9: =AV10-AV9 -> 5846.4 | AX9: ='[1]April - 2022'!BH9 -> 5797.68 | AZ9: ='[1]April - 2022'!BM9 -> 69273700 | BA9: =AZ10-AZ9 -> 0 | BB9: ='[1]April - 2022'!BO9 -> 74100 | BC9: ='[1]April - 2022'!BP9 -> 72391900 | BD9: =BC10-BC9 -> 61400 | BE9: ='[1]April - 2022'!BR9 -> 0 | BF9: ='[1]April - 2022'!BS9 -> 66850000 | BG9: =BF10-BF9 -> 0 | BH9: ='[1]April - 2022'!BU9 -> 0 | BS9: ='[1]April - 2022'!BV9 -> 8371720 | BT9: =BS10-BS9 -> 6250 | BV9: ='[1]April - 2022'!BY9 -> 0.52 | BW9: =BV10-BV9 -> -0.03 | BX9: ='[1]April - 2022'!$CA$9 -> -0.09 | BY9: ='[1]April - 2022'!CB9 -> 59117 | BZ9: =BY10-BY9 -> 21 | CA9: ='[1]April - 2022'!CD9 -> 50684 | CB9: =CA10-CA9 -> 19 | CC9: ='[1]April - 2022'!CF9 -> 17318 | CD9: =CC10-CC9 -> 6 | CE9: ='[1]April - 2022'!CH9 -> 23241 | CF9: =CE10-CE9 -> 7 | CG9: ='[1]April - 2022'!CJ9 -> 25355 | CH9: =CG10-CG9 -> 12 | CI9: ='[1]April - 2022'!CL9 -> 56327 | CJ9: =CI10-CI9 -> 23 | CK9: ='[1]April - 2022'!CN9 -> 245765 | CL9: =CK10-CK9 -> 105 | CM9: ='[1]April - 2022'!CP9 -> 90 | CN9: ='[1]April - 2022'!CQ9 -> 193345 | CO9: =CN10-CN9 -> 117 | CP9: ='[1]April - 2022'!CS9 -> 100.78 | CQ9: ='[1]April - 2022'!CT9 -> 347698 | CR9: =CQ10-CQ9 -> 141 | CS9: ='[1]April - 2022'!CV9 -> 73.91 | CT9: ='[1]April - 2022'!CW9 -> 646018 | CU9: =CT10-CT9 -> 228 | CW9: ='[1]April - 2022'!CZ9 -> 7400 | CX9: =CW10-CW9 -> 8 | CY9: ='[1]April - 2022'!DB9 -> 4765 | CZ9: =CY10-CY9 -> 6 | DA9: ='[1]April - 2022'!DD9 -> 28885 | DB9: =DA10-DA9 -> 16 | DC9: ='[1]April - 2022'!DF9 -> 29425 | DD9: =DC10-DC9 -> 13 | DE9: ='[1]April - 2022'!DH9 -> 19721 | DF9: =DE10-DE9 -> 10 | DG9: ='[1]April - 2022'!DJ9 -> 22656 | DH9: =DG10-DG9 -> 7 | DI9: ='[1]April - 2022'!DL9 -> 4579 | DJ9: =DI10-DI9 -> 11 | DK9: ='[1]April - 2022'!DN9 -> 7896 | DL9: =DK10-DK9 -> 8 | DM9: ='[1]April - 2022'!DP9 -> 2323 | DN9: =DM10-DM9 -> 3 | DO9: ='[1]April - 2022'!DR9 -> 4413 | DP9: =DO10-DO9 -> 7 | DQ9: ='[1]April - 2022'!DT9 -> 27222 | DR9: =DQ10-DQ9 -> 9 | DT9: ='[1]April - 2022'!DW9 -> 4115.8 | DU9: =DT10-DT9 -> 9.2 | DV9: ='[1]April - 2022'!DY9 -> 9059.8 | DW9: =DV10-DV9 -> 8 | DX9: ='[1]April - 2022'!EA9 -> 3115.9 | DY9: =DX10-DX9 -> 6.5 | DZ9: ='[1]April - 2022'!EC9 -> 3293.1 | EA9: =DZ10-DZ9 -> 8.7 | EB9: ='[1]April - 2022'!EE9 -> 937311 | EC9: =EB10-EB9 -> 707 | ED9: ='[1]April - 2022'!EI9 -> 193734.4 | EE9: =ED10-ED9 -> 154.7 | EG9: ='[1]April - 2022'!EL9 -> 10743200 | EH9: =EG10-EG9 -> 4000 | EI9: ='[1]April - 2022'!EN9 -> 855720 | EJ9: =EI10-EI9 -> 230 | EK9: ='[1]April - 2022'!EP9 -> 6490300 | EL9: =EK10-EK9 -> 1900 | EM9: ='[1]April - 2022'!ER9 -> 2288700 | EN9: =EM10-EM9 -> 500 | EO9: ='[1]April - 2022'!ET9 -> 1068070 | EP9: =EO10-EO9 -> 610 | EQ9: ='[1]April - 2022'!EV9 -> 14595300 | ER9: =EQ10-EQ9 -> 4200 | ET9: ='[1]April - 2022'!EY9 -> 39140 | EU9: =ET10-ET9 -> 17 | EV9: ='[1]April - 2022'!FA9 -> 33895 | EW9: =EV10-EV9 -> 13 | EX9: ='[1]April - 2022'!FC9 -> 4971 | EY9: =EX10-EX9 -> 10 | EZ9: ='[1]April - 2022'!FE9 -> 56138 | FA9: =EZ10-EZ9 -> 12 | FB9: ='[1]April - 2022'!FG9 -> 41306 | FC9: =FB10-FB9 -> 30
A10: 43831 | B10: ='[1]April - 2022'!B10 -> 0.84 | C10: ='[1]April - 2022'!E10 -> 90804 | F10: ='[1]April - 2022'!H10 -> 141329 | I10: ='[1]April - 2022'!K10 -> 164625 | K10: ='[1]April - 2022'!N10 -> 840614 | M10: ='[1]April - 2022'!Q10 -> 196564 | O10: ='[1]April - 2022'!U10 -> 62534.06 | R10: ='[1]April - 2022'!X10 -> 4787 | U10: ='[1]April - 2022'!AE10 -> 7471699.2 | X10: ='[1]April - 2022'!AH10 -> 14287384 | AA10: ='[1]April - 2022'!AK10 -> 13973529 | AD10: ='[1]April - 2022'!AN10 -> 17128101 | AG10: ='[1]April - 2022'!AQ10 -> 17486436 | AJ10: ='[1]April - 2022'!AT10 -> 16132313 | AM10: ='[1]April - 2022'!AW10 -> 13654608 | AP10: ='[1]April - 2022'!AZ10 -> 13156105 | AS10: ='[1]April - 2022'!BC10 -> 10446055 | AV10: ='[1]April - 2022'!BF10 -> 16286999 | AZ10: ='[1]April - 2022'!BM10 -> 69273700 | BC10: ='[1]April - 2022'!BP10 -> 72453300 | BF10: ='[1]April - 2022'!BS10 -> 66850000 | BS10: ='[1]April - 2022'!BV10 -> 8377970 | BV10: ='[1]April - 2022'!BY10 -> 0.49 | BY10: ='[1]April - 2022'!CB10 -> 59138 | CA10: ='[1]April - 2022'!CD10 -> 50703 | CC10: ='[1]April - 2022'!CF10 -> 17324 | CE10: ='[1]April - 2022'!CH10 -> 23248 | CG10: ='[1]April - 2022'!CJ10 -> 25367 | CI10: ='[1]April - 2022'!CL10 -> 56350 | CK10: ='[1]April - 2022'!CN10 -> 245870 | CN10: ='[1]April - 2022'!CQ10 -> 193462 | CQ10: ='[1]April - 2022'!CT10 -> 347839 | CT10: ='[1]April - 2022'!CW10 -> 646246 | CW10: ='[1]April - 2022'!CZ10 -> 7408 | CY10: ='[1]April - 2022'!DB10 -> 4771 | DA10: ='[1]April - 2022'!DD10 -> 28901 | DC10: ='[1]April - 2022'!DF10 -> 29438 | DE10: ='[1]April - 2022'!DH10 -> 19731 | DG10: ='[1]April - 2022'!DJ10 -> 22663 | DI10: ='[1]April - 2022'!DL10 -> 4590 | DK10: ='[1]April - 2022'!DN10 -> 7904 | DM10: ='[1]April - 2022'!DP10 -> 2326 | DO10: ='[1]April - 2022'!DR10 -> 4420 | DQ10: ='[1]April - 2022'!DT10 -> 27231 | DT10: ='[1]April - 2022'!DW10 -> 4125 | DV10: ='[1]April - 2022'!DY10 -> 9067.8 | DX10: ='[1]April - 2022'!EA10 -> 3122.4 | DZ10: ='[1]April - 2022'!EC10 -> 3301.8 | EB10: ='[1]April - 2022'!EE10 -> 938018 | ED10: ='[1]April - 2022'!EI10 -> 193889.1 | EG10: ='[1]April - 2022'!EL10 -> 10747200 | EI10: ='[1]April - 2022'!EN10 -> 855950 | EK10: ='[1]April - 2022'!EP10 -> 6492200 | EM10: ='[1]April - 2022'!ER10 -> 2289200 | EO10: ='[1]April - 2022'!ET10 -> 1068680 | EQ10: ='[1]April - 2022'!EV10 -> 14599500 | ET10: ='[1]April - 2022'!EY10 -> 39157 | EV10: ='[1]April - 2022'!FA10 -> 33908 | EX10: ='[1]April - 2022'!FC10 -> 4981 | EZ10: ='[1]April - 2022'!FE10 -> 56150 | FB10: ='[1]April - 2022'!FG10 -> 41336
A11: 43832 | B11: ='[1]April - 2022'!B11 -> 0.76 | C11: ='[1]April - 2022'!E11 -> 91558 | D11: ='[1]April - 2022'!F11 -> 754 | E11: ='[1]April - 2022'!G11 -> 589 | F11: ='[1]April - 2022'!H11 -> 141765 | G11: ='[1]April - 2022'!I11 -> 436 | H11: ='[1]April - 2022'!J11 -> 440.99 | I11: ='[1]April - 2022'!K11 -> 164625 | J11: ='[1]April - 2022'!L11 -> 0 | K11: ='[1]April - 2022'!N11 -> 840942 | L11: ='[1]April - 2022'!O11 -> 328 | M11: ='[1]April - 2022'!Q11 -> 196700 | N11: ='[1]April - 2022'!R11 -> 136 | O11: ='[1]April - 2022'!U11 -> 62660.87 | P11: ='[1]April - 2022'!V11 -> 126.81 | Q11: ='[1]April - 2022'!W11 -> 96.18 | R11: ='[1]April - 2022'!X11 -> 4799 | S11: ='[1]April - 2022'!Y11 -> 12 | U11: ='[1]April - 2022'!AE11 -> 7474476.2 | V11: ='[1]April - 2022'!AF11 -> 2777.04 | W11: ='[1]April - 2022'!AG11 -> 2582.16 | X11: ='[1]April - 2022'!AH11 -> 14292061 | Y11: ='[1]April - 2022'!AI11 -> 4677.12 | Z11: ='[1]April - 2022'!AJ11 -> 4433.52 | AA11: ='[1]April - 2022'!AK11 -> 13974406 | AB11: ='[1]April - 2022'!AL11 -> 876.96 | ... AP11: ='[1]April - 2022'!AZ11 -> 13161075 | AQ11: ='[1]April - 2022'!BD11 -> 2825.76 | AR11: ='[1]April - 2022'!BB11 -> 3995.04 | AS11: ='[1]April - 2022'!BC11 -> 10448881 | AT11: ='[1]April - 2022'!BD11 -> 2825.76 | AU11: ='[1]April - 2022'!BE11 -> 3020.64 | AV11: ='[1]April - 2022'!BF11 -> 16292796 | AW11: ='[1]April - 2022'!BG11 -> 5797.68 | AX11: ='[1]April - 2022'!BH11 -> 5943.84 | AZ11: ='[1]April - 2022'!BM11 -> 69273700 | BA11: ='[1]April - 2022'!BN11 -> 0 | BB11: ='[1]April - 2022'!BO11 -> 57900 | BC11: ='[1]April - 2022'!BP11 -> 72455600 | BD11: ='[1]April - 2022'!BQ11 -> 2300 | BE11: ='[1]April - 2022'!BR11 -> 9800 | BF11: ='[1]April - 2022'!BS11 -> 66914100 | BG11: ='[1]April - 2022'!BT11 -> 64100 | BH11: ='[1]April - 2022'!BU11 -> 100 | BS11: ='[1]April - 2022'!BV11 -> 8384330 | BT11: ='[1]April - 2022'!BW11 -> 6360 | BV11: ='[1]April - 2022'!BY11 -> 0.66 | BW11: ='[1]April - 2022'!BZ11 -> -0.17 | BX11: ='[1]April - 2022'!CA11 -> 0.08 | BY11: ='[1]April - 2022'!CB11 -> 59158 | BZ11: ='[1]April - 2022'!CC11 -> 20 | CA11: ='[1]April - 2022'!CD11 -> 50722 | CB11: ='[1]April - 2022'!CE11 -> 19 | CC11: ='[1]April - 2022'!CF11 -> 17328 | ... CU11: ='[1]April - 2022'!CX11 -> 252 | CW11: ='[1]April - 2022'!CZ11 -> 7414 | CX11: ='[1]April - 2022'!DA11 -> 6 | CY11: ='[1]April - 2022'!DB11 -> 4777 | CZ11: ='[1]April - 2022'!DC11 -> 6 | DA11: ='[1]April - 2022'!DD11 -> 28917 | DB11: ='[1]April - 2022'!DE11 -> 16 | DC11: ='[1]April - 2022'!DF11 -> 29451 | DD11: ='[1]April - 2022'!DG11 -> 13 | ... DR11: ='[1]April - 2022'!DU11 -> 18 | DT11: ='[1]April - 2022'!DW11 -> 4134.4 | DU11: ='[1]April - 2022'!DX11 -> 9.4 | DV11: ='[1]April - 2022'!DY11 -> 9075.6 | DW11: ='[1]April - 2022'!DZ11 -> 7.8 | DX11: ='[1]April - 2022'!EA11 -> 3128.7 | DY11: ='[1]April - 2022'!EB11 -> 6.3 | DZ11: ='[1]April - 2022'!EC11 -> 3311.7 | EA11: ='[1]April - 2022'!ED11 -> 9.9 | ... EC11: ='[1]April - 2022'!EF11 -> 672 | ED11: ='[1]April - 2022'!EI11 -> 194047.3 | EE11: ='[1]April - 2022'!EJ11 -> 158.2 | EG11: ='[1]April - 2022'!EL11 -> 10752000 | EH11: ='[1]April - 2022'!EM11 -> 4800 | EI11: ='[1]April - 2022'!EN11 -> 856200 | EJ11: ='[1]April - 2022'!EO11 -> 250 | EK11: ='[1]April - 2022'!EP11 -> 6494400 | EL11: ='[1]April - 2022'!EQ11 -> 2200 | EM11: ='[1]April - 2022'!ER11 -> 2290000 | EN11: ='[1]April - 2022'!ES11 -> 800 | ... ER11: ='[1]April - 2022'!EW11 -> 5400 | ET11: ='[1]April - 2022'!EY11 -> 39176 | EU11: ='[1]April - 2022'!EZ11 -> 19 | EV11: ='[1]April - 2022'!FA11 -> 33919 | EW11: ='[1]April - 2022'!FB11 -> 11 | EX11: ='[1]April - 2022'!FC11 -> 4994 | EY11: ='[1]April - 2022'!FD11 -> 13 | EZ11: ='[1]April - 2022'!FE11 -> 56162 | FA11: ='[1]April - 2022'!FF11 -> 12 | ... FC11: ='[1]April - 2022'!FH11 -> 27
A12: 43833 | B12: ='[1]April - 2022'!B12 -> 0.73 | C12: ='[1]April - 2022'!E12 -> 92267 | D12: ='[1]April - 2022'!F12 -> 709 | E12: ='[1]April - 2022'!G12 -> 543 | F12: ='[1]April - 2022'!H12 -> 142134 | G12: ='[1]April - 2022'!I12 -> 369 | H12: ='[1]April - 2022'!J12 -> 384.65 | I12: ='[1]April - 2022'!K12 -> 164625 | J12: ='[1]April - 2022'!L12 -> 0 | K12: ='[1]April - 2022'!N12 -> 841272 | L12: ='[1]April - 2022'!O12 -> 330 | M12: ='[1]April - 2022'!Q12 -> 196855 | N12: ='[1]April - 2022'!R12 -> 155 | O12: ='[1]April - 2022'!U12 -> 62779.01 | P12: ='[1]April - 2022'!V12 -> 118.14 | Q12: ='[1]April - 2022'!W12 -> 114.31 | R12: ='[1]April - 2022'!X12 -> 4814 | S12: ='[1]April - 2022'!Y12 -> 15 | U12: ='[1]April - 2022'!AE12 -> 7477253.3 | V12: ='[1]April - 2022'!AF12 -> 2777.04 | W12: ='[1]April - 2022'!AG12 -> 2046.24 | X12: ='[1]April - 2022'!AH12 -> 14296787 | Y12: ='[1]April - 2022'!AI12 -> 4725.84 | Z12: ='[1]April - 2022'!AJ12 -> 4482.24 | AA12: ='[1]April - 2022'!AK12 -> 13975283 | AB12: ='[1]April - 2022'!AL12 -> 876.96 | ... AP12: ='[1]April - 2022'!AZ12 -> 13165752 | AQ12: ='[1]April - 2022'!BD12 -> 2825.76 | AR12: ='[1]April - 2022'!BB12 -> 4092.48 | AS12: ='[1]April - 2022'!BC12 -> 10451707 | AT12: ='[1]April - 2022'!BD12 -> 2825.76 | AU12: ='[1]April - 2022'!BE12 -> 3069.36 | AV12: ='[1]April - 2022'!BF12 -> 16298107 | AW12: ='[1]April - 2022'!BG12 -> 5310.48 | AX12: ='[1]April - 2022'!BH12 -> 6138.72 | AZ12: ='[1]April - 2022'!BM12 -> 69273700 | BA12: ='[1]April - 2022'!BN12 -> 0 | BB12: ='[1]April - 2022'!BO12 -> 3500 | BC12: ='[1]April - 2022'!BP12 -> 72455600 | BD12: ='[1]April - 2022'!BQ12 -> 0 | BE12: ='[1]April - 2022'!BR12 -> 25000 | BF12: ='[1]April - 2022'!BS12 -> 66979400 | BG12: ='[1]April - 2022'!BT12 -> 65300 | BH12: ='[1]April - 2022'!BU12 -> 40300 | BS12: ='[1]April - 2022'!BV12 -> 8390020 | BT12: ='[1]April - 2022'!BW12 -> 5690 | BV12: ='[1]April - 2022'!BY12 -> 0.79 | BW12: ='[1]April - 2022'!BZ12 -> -0.13 | BX12: ='[1]April - 2022'!CA12 -> -0.07 | BY12: ='[1]April - 2022'!CB12 -> 59175 | BZ12: ='[1]April - 2022'!CC12 -> 17 | CA12: ='[1]April - 2022'!CD12 -> 50740 | CB12: ='[1]April - 2022'!CE12 -> 18 | CC12: ='[1]April - 2022'!CF12 -> 17333 | ... CU12: ='[1]April - 2022'!CX12 -> 256 | CW12: ='[1]April - 2022'!CZ12 -> 7416 | CX12: ='[1]April - 2022'!DA12 -> 2 | CY12: ='[1]April - 2022'!DB12 -> 4779 | CZ12: ='[1]April - 2022'!DC12 -> 2 | DA12: ='[1]April - 2022'!DD12 -> 28935 | DB12: ='[1]April - 2022'!DE12 -> 18 | DC12: ='[1]April - 2022'!DF12 -> 29466 | DD12: ='[1]April - 2022'!DG12 -> 15 | ... DR12: ='[1]April - 2022'!DU12 -> 17 | DT12: ='[1]April - 2022'!DW12 -> 4142.8 | DU12: ='[1]April - 2022'!DX12 -> 8.4 | DV12: ='[1]April - 2022'!DY12 -> 9083.3 | DW12: ='[1]April - 2022'!DZ12 -> 7.7 | DX12: ='[1]April - 2022'!EA12 -> 3134.7 | DY12: ='[1]April - 2022'!EB12 -> 6 | DZ12: ='[1]April - 2022'!EC12 -> 3320.6 | EA12: ='[1]April - 2022'!ED12 -> 8.9 | ... EC12: ='[1]April - 2022'!EF12 -> 652 | ED12: ='[1]April - 2022'!EI12 -> 194193.5 | EE12: ='[1]April - 2022'!EJ12 -> 146.2 | EG12: ='[1]April - 2022'!EL12 -> 10756200 | EH12: ='[1]April - 2022'!EM12 -> 4200 | EI12: ='[1]April - 2022'!EN12 -> 856420 | EJ12: ='[1]April - 2022'!EO12 -> 220 | EK12: ='[1]April - 2022'!EP12 -> 6496400 | EL12: ='[1]April - 2022'!EQ12 -> 2000 | EM12: ='[1]April - 2022'!ER12 -> 2290600 | EN12: ='[1]April - 2022'!ES12 -> 600 | ... ER12: ='[1]April - 2022'!EW12 -> 4900 | ET12: ='[1]April - 2022'!EY12 -> 39191 | EU12: ='[1]April - 2022'!EZ12 -> 15 | EV12: ='[1]April - 2022'!FA12 -> 33928 | EW12: ='[1]April - 2022'!FB12 -> 9 | EX12: ='[1]April - 2022'!FC12 -> 5007 | EY12: ='[1]April - 2022'!FD12 -> 13 | EZ12: ='[1]April - 2022'!FE12 -> 56169 | FA12: ='[1]April - 2022'!FF12 -> 7 | ... FC12: ='[1]April - 2022'!FH12 -> 21
A13: 43834 | B13: ='[1]April - 2022'!B13 -> 0.73 | C13: ='[1]April - 2022'!E13 -> 93049 | D13: ='[1]April - 2022'!F13 -> 782 | E13: ='[1]April - 2022'!G13 -> 548 | F13: ='[1]April - 2022'!H13 -> 142485 | G13: ='[1]April - 2022'!I13 -> 351 | H13: ='[1]April - 2022'!J13 -> 401.87 | I13: ='[1]April - 2022'!K13 -> 164625 | J13: ='[1]April - 2022'!L13 -> 0 | K13: ='[1]April - 2022'!N13 -> 841591 | L13: ='[1]April - 2022'!O13 -> 319 | M13: ='[1]April - 2022'!Q13 -> 197093 | N13: ='[1]April - 2022'!R13 -> 238 | O13: ='[1]April - 2022'!U13 -> 62901.59 | P13: ='[1]April - 2022'!V13 -> 122.58 | Q13: ='[1]April - 2022'!W13 -> 95.92 | R13: ='[1]April - 2022'!X13 -> 4822 | S13: ='[1]April - 2022'!Y13 -> 8 | U13: ='[1]April - 2022'!AE13 -> 7479981.6 | V13: ='[1]April - 2022'!AF13 -> 2728.32 | W13: ='[1]April - 2022'!AG13 -> 1948.8 | X13: ='[1]April - 2022'!AH13 -> 14301561 | Y13: ='[1]April - 2022'!AI13 -> 4774.56 | Z13: ='[1]April - 2022'!AJ13 -> 4579.68 | AA13: ='[1]April - 2022'!AK13 -> 13976112 | AB13: ='[1]April - 2022'!AL13 -> 828.24 | ... AP13: ='[1]April - 2022'!AZ13 -> 13170234 | AQ13: ='[1]April - 2022'!BD13 -> 2679.6 | AR13: ='[1]April - 2022'!BB13 -> 4189.92 | AS13: ='[1]April - 2022'!BC13 -> 10454386 | AT13: ='[1]April - 2022'!BD13 -> 2679.6 | AU13: ='[1]April - 2022'!BE13 -> 2874.48 | AV13: ='[1]April - 2022'!BF13 -> 16303368 | AW13: ='[1]April - 2022'!BG13 -> 5261.76 | AX13: ='[1]April - 2022'!BH13 -> 6041.28 | AZ13: ='[1]April - 2022'!BM13 -> 69273700 | BA13: ='[1]April - 2022'!BN13 -> 0 | BB13: ='[1]April - 2022'!BO13 -> 0 | BC13: ='[1]April - 2022'!BP13 -> 72455600 | BD13: ='[1]April - 2022'!BQ13 -> 0 | BE13: ='[1]April - 2022'!BR13 -> 0 | BF13: ='[1]April - 2022'!BS13 -> 67042900 | BG13: ='[1]April - 2022'!BT13 -> 63500 | BH13: ='[1]April - 2022'!BU13 -> 63500 | BS13: ='[1]April - 2022'!BV13 -> 8395190 | BT13: ='[1]April - 2022'!BW13 -> 5170 | BV13: ='[1]April - 2022'!BY13 -> 0.71 | BW13: ='[1]April - 2022'!BZ13 -> 0.08 | BX13: ='[1]April - 2022'!CA13 -> 0.08 | BY13: ='[1]April - 2022'!CB13 -> 59190 | BZ13: ='[1]April - 2022'!CC13 -> 15 | CA13: ='[1]April - 2022'!CD13 -> 50759 | CB13: ='[1]April - 2022'!CE13 -> 19 | CC13: ='[1]April - 2022'!CF13 -> 17337 | ... CU13: ='[1]April - 2022'!CX13 -> 256 | CW13: ='[1]April - 2022'!CZ13 -> 7419 | CX13: ='[1]April - 2022'!DA13 -> 3 | CY13: ='[1]April - 2022'!DB13 -> 4782 | CZ13: ='[1]April - 2022'!DC13 -> 3 | DA13: ='[1]April - 2022'!DD13 -> 28949 | DB13: ='[1]April - 2022'!DE13 -> 14 | DC13: ='[1]April - 2022'!DF13 -> 29480 | DD13: ='[1]April - 2022'!DG13 -> 14 | ... DR13: ='[1]April - 2022'!DU13 -> 18 | DT13: ='[1]April - 2022'!DW13 -> 4151 | DU13: ='[1]April - 2022'!DX13 -> 8.2 | DV13: ='[1]April - 2022'!DY13 -> 9091 | DW13: ='[1]April - 2022'!DZ13 -> 7.7 | DX13: ='[1]April - 2022'!EA13 -> 3140.9 | DY13: ='[1]April - 2022'!EB13 -> 6.2 | DZ13: ='[1]April - 2022'!EC13 -> 3329.2 | EA13: ='[1]April - 2022'!ED13 -> 8.6 | ... EC13: ='[1]April - 2022'!EF13 -> 670 | ED13: ='[1]April - 2022'!EI13 -> 194341.5 | EE13: ='[1]April - 2022'!EJ13 -> 148 | EG13: ='[1]April - 2022'!EL13 -> 10760700 | EH13: ='[1]April - 2022'!EM13 -> 4500 | EI13: ='[1]April - 2022'!EN13 -> 856650 | EJ13: ='[1]April - 2022'!EO13 -> 230 | EK13: ='[1]April - 2022'!EP13 -> 6498600 | EL13: ='[1]April - 2022'!EQ13 -> 2200 | EM13: ='[1]April - 2022'!ER13 -> 2291000 | EN13: ='[1]April - 2022'!ES13 -> 400 | ... ER13: ='[1]April - 2022'!EW13 -> 4800 | ET13: ='[1]April - 2022'!EY13 -> 39205 | EU13: ='[1]April - 2022'!EZ13 -> 14 | EV13: ='[1]April - 2022'!FA13 -> 33938 | EW13: ='[1]April - 2022'!FB13 -> 10 | EX13: ='[1]April - 2022'!FC13 -> 5015 | EY13: ='[1]April - 2022'!FD13 -> 8 | EZ13: ='[1]April - 2022'!FE13 -> 56179 | FA13: ='[1]April - 2022'!FF13 -> 10 | ... FC13: ='[1]April - 2022'!FH13 -> 23
A14: 43835 | B14: ='[1]April - 2022'!B14 -> 0.74 | C14: ='[1]April - 2022'!E14 -> 93717 | D14: ='[1]April - 2022'!F14 -> 668 | E14: ='[1]April - 2022'!G14 -> 532 | F14: ='[1]April - 2022'!H14 -> 142839 | G14: ='[1]April - 2022'!I14 -> 354 | H14: ='[1]April - 2022'!J14 -> 388.49 | I14: ='[1]April - 2022'!K14 -> 164625 | J14: ='[1]April - 2022'!L14 -> 0 | K14: ='[1]April - 2022'!N14 -> 841914 | L14: ='[1]April - 2022'!O14 -> 323 | M14: ='[1]April - 2022'!Q14 -> 197241 | N14: ='[1]April - 2022'!R14 -> 148 | O14: ='[1]April - 2022'!U14 -> 63030.24 | P14: ='[1]April - 2022'!V14 -> 128.65 | Q14: ='[1]April - 2022'!W14 -> 78.78 | R14: ='[1]April - 2022'!X14 -> 4822 | S14: ='[1]April - 2022'!Y14 -> 0 | U14: ='[1]April - 2022'!AE14 -> 7482953.5 | V14: ='[1]April - 2022'!AF14 -> 2971.92 | W14: ='[1]April - 2022'!AG14 -> 1900.08 | X14: ='[1]April - 2022'!AH14 -> 14306336 | Y14: ='[1]April - 2022'!AI14 -> 4774.56 | Z14: ='[1]April - 2022'!AJ14 -> 4433.52 | AA14: ='[1]April - 2022'!AK14 -> 13977086 | AB14: ='[1]April - 2022'!AL14 -> 974.4 | ... AP14: ='[1]April - 2022'!AZ14 -> 13174570 | AQ14: ='[1]April - 2022'!BD14 -> 2728.32 | AR14: ='[1]April - 2022'!BB14 -> 4238.64 | AS14: ='[1]April - 2022'!BC14 -> 10457115 | AT14: ='[1]April - 2022'!BD14 -> 2728.32 | AU14: ='[1]April - 2022'!BE14 -> 3118.08 | AV14: ='[1]April - 2022'!BF14 -> 16308825 | AW14: ='[1]April - 2022'!BG14 -> 5456.64 | AX14: ='[1]April - 2022'!BH14 -> 5846.4 | AZ14: ='[1]April - 2022'!BM14 -> 69273700 | BA14: ='[1]April - 2022'!BN14 -> 0 | BB14: ='[1]April - 2022'!BO14 -> 0 | BC14: ='[1]April - 2022'!BP14 -> 72455600 | BD14: ='[1]April - 2022'!BQ14 -> 0 | BE14: ='[1]April - 2022'!BR14 -> 0 | BF14: ='[1]April - 2022'!BS14 -> 67110100 | BG14: ='[1]April - 2022'!BT14 -> 67200 | BH14: ='[1]April - 2022'!BU14 -> 56700 | BS14: ='[1]April - 2022'!BV14 -> 8400530 | BT14: ='[1]April - 2022'!BW14 -> 5340 | BV14: ='[1]April - 2022'!BY14 -> 0.68 | BW14: ='[1]April - 2022'!BZ14 -> 0.03 | BX14: ='[1]April - 2022'!CA14 -> -0.07 | BY14: ='[1]April - 2022'!CB14 -> 59211 | BZ14: ='[1]April - 2022'!CC14 -> 21 | CA14: ='[1]April - 2022'!CD14 -> 50776 | CB14: ='[1]April - 2022'!CE14 -> 17 | CC14: ='[1]April - 2022'!CF14 -> 17343 | ... CU14: ='[1]April - 2022'!CX14 -> 251 | CW14: ='[1]April - 2022'!CZ14 -> 7423 | CX14: ='[1]April - 2022'!DA14 -> 4 | CY14: ='[1]April - 2022'!DB14 -> 4784 | CZ14: ='[1]April - 2022'!DC14 -> 2 | DA14: ='[1]April - 2022'!DD14 -> 28963 | DB14: ='[1]April - 2022'!DE14 -> 14 | DC14: ='[1]April - 2022'!DF14 -> 29493 | DD14: ='[1]April - 2022'!DG14 -> 13 | ... DR14: ='[1]April - 2022'!DU14 -> 18 | DT14: ='[1]April - 2022'!DW14 -> 4159.5 | DU14: ='[1]April - 2022'!DX14 -> 8.5 | DV14: ='[1]April - 2022'!DY14 -> 9098.8 | DW14: ='[1]April - 2022'!DZ14 -> 7.8 | DX14: ='[1]April - 2022'!EA14 -> 3147.2 | DY14: ='[1]April - 2022'!EB14 -> 6.3 | DZ14: ='[1]April - 2022'!EC14 -> 3337.9 | EA14: ='[1]April - 2022'!ED14 -> 8.7 | ... EC14: ='[1]April - 2022'!EF14 -> 667 | ED14: ='[1]April - 2022'!EI14 -> 194494.6 | EE14: ='[1]April - 2022'!EJ14 -> 153.1 | EG14: ='[1]April - 2022'!EL14 -> 10765400 | EH14: ='[1]April - 2022'!EM14 -> 4700 | EI14: ='[1]April - 2022'!EN14 -> 856890 | EJ14: ='[1]April - 2022'!EO14 -> 240 | EK14: ='[1]April - 2022'!EP14 -> 6500800 | EL14: ='[1]April - 2022'!EQ14 -> 2200 | EM14: ='[1]April - 2022'!ER14 -> 2291300 | EN14: ='[1]April - 2022'!ES14 -> 300 | ... ER14: ='[1]April - 2022'!EW14 -> 4600 | ET14: ='[1]April - 2022'!EY14 -> 39221 | EU14: ='[1]April - 2022'!EZ14 -> 16 | EV14: ='[1]April - 2022'!FA14 -> 33948 | EW14: ='[1]April - 2022'!FB14 -> 10 | EX14: ='[1]April - 2022'!FC14 -> 5023 | EY14: ='[1]April - 2022'!FD14 -> 8 | EZ14: ='[1]April - 2022'!FE14 -> 56185 | FA14: ='[1]April - 2022'!FF14 -> 6 | ... FC14: ='[1]April - 2022'!FH14 -> 25
A15: 43836 | B15: ='[1]April - 2022'!B15 -> 0.71 | C15: ='[1]April - 2022'!E15 -> 94426 | D15: ='[1]April - 2022'!F15 -> 709 | E15: ='[1]April - 2022'!G15 -> 479 | F15: ='[1]April - 2022'!H15 -> 143193 | G15: ='[1]April - 2022'!I15 -> 354 | H15: ='[1]April - 2022'!J15 -> 343 | I15: ='[1]April - 2022'!K15 -> 164625 | J15: ='[1]April - 2022'!L15 -> 0 | K15: ='[1]April - 2022'!N15 -> 842250 | L15: ='[1]April - 2022'!O15 -> 336 | M15: ='[1]April - 2022'!Q15 -> 197394 | N15: ='[1]April - 2022'!R15 -> 153 | O15: ='[1]April - 2022'!U15 -> 63156.65 | P15: ='[1]April - 2022'!V15 -> 126.41 | Q15: ='[1]April - 2022'!W15 -> 75.7 | R15: ='[1]April - 2022'!X15 -> 4822 | S15: ='[1]April - 2022'!Y15 -> 0 | U15: ='[1]April - 2022'!AE15 -> 7486997.3 | V15: ='[1]April - 2022'!AF15 -> 4043.76 | W15: ='[1]April - 2022'!AG15 -> 1851.36 | X15: ='[1]April - 2022'!AH15 -> 14311305 | Y15: ='[1]April - 2022'!AI15 -> 4969.44 | Z15: ='[1]April - 2022'!AJ15 -> 4482.24 | AA15: ='[1]April - 2022'!AK15 -> 13977963 | AB15: ='[1]April - 2022'!AL15 -> 876.96 | ... AP15: ='[1]April - 2022'!AZ15 -> 13179247 | AQ15: ='[1]April - 2022'!BD15 -> 2728.32 | AR15: ='[1]April - 2022'!BB15 -> 4141.2 | AS15: ='[1]April - 2022'!BC15 -> 10459843 | AT15: ='[1]April - 2022'!BD15 -> 2728.32 | AU15: ='[1]April - 2022'!BE15 -> 2825.76 | AV15: ='[1]April - 2022'!BF15 -> 16314184 | AW15: ='[1]April - 2022'!BG15 -> 5359.2 | AX15: ='[1]April - 2022'!BH15 -> 5846.4 | AZ15: ='[1]April - 2022'!BM15 -> 69273700 | BA15: ='[1]April - 2022'!BN15 -> 0 | BB15: ='[1]April - 2022'!BO15 -> 0 | BC15: ='[1]April - 2022'!BP15 -> 72455600 | BD15: ='[1]April - 2022'!BQ15 -> 0 | BE15: ='[1]April - 2022'!BR15 -> 0 | BF15: ='[1]April - 2022'!BS15 -> 67173100 | BG15: ='[1]April - 2022'!BT15 -> 63000 | BH15: ='[1]April - 2022'!BU15 -> 57000 | BS15: ='[1]April - 2022'!BV15 -> 8406220 | BT15: ='[1]April - 2022'!BW15 -> 5690 | BV15: ='[1]April - 2022'!BY15 -> 0.81 | BW15: ='[1]April - 2022'!BZ15 -> -0.13 | BX15: ='[1]April - 2022'!CA15 -> 0.06 | BY15: ='[1]April - 2022'!CB15 -> 59232 | BZ15: ='[1]April - 2022'!CC15 -> 21 | CA15: ='[1]April - 2022'!CD15 -> 50795 | CB15: ='[1]April - 2022'!CE15 -> 19 | CC15: ='[1]April - 2022'!CF15 -> 17349 | ... CU15: ='[1]April - 2022'!CX15 -> 256 | CW15: ='[1]April - 2022'!CZ15 -> 7427 | CX15: ='[1]April - 2022'!DA15 -> 4 | CY15: ='[1]April - 2022'!DB15 -> 4786 | CZ15: ='[1]April - 2022'!DC15 -> 2 | DA15: ='[1]April - 2022'!DD15 -> 28978 | DB15: ='[1]April - 2022'!DE15 -> 15 | DC15: ='[1]April - 2022'!DF15 -> 29504 | DD15: ='[1]April - 2022'!DG15 -> 11 | ... DR15: ='[1]April - 2022'!DU15 -> 18 | DT15: ='[1]April - 2022'!DW15 -> 4168.2 | DU15: ='[1]April - 2022'!DX15 -> 8.7 | DV15: ='[1]April - 2022'!DY15 -> 9106.8 | DW15: ='[1]April - 2022'!DZ15 -> 8 | DX15: ='[1]April - 2022'!EA15 -> 3153.4 | DY15: ='[1]April - 2022'!EB15 -> 6.2 | DZ15: ='[1]April - 2022'!EC15 -> 3346.7 | EA15: ='[1]April - 2022'!ED15 -> 8.8 | ... EC15: ='[1]April - 2022'!EF15 -> 708 | ED15: ='[1]April - 2022'!EI15 -> 194650.4 | EE15: ='[1]April - 2022'!EJ15 -> 155.8 | EG15: ='[1]April - 2022'!EL15 -> 10769900 | EH15: ='[1]April - 2022'!EM15 -> 4500 | EI15: ='[1]April - 2022'!EN15 -> 857130 | EJ15: ='[1]April - 2022'!EO15 -> 240 | EK15: ='[1]April - 2022'!EP15 -> 6502900 | EL15: ='[1]April - 2022'!EQ15 -> 2100 | EM15: ='[1]April - 2022'!ER15 -> 2291600 | EN15: ='[1]April - 2022'!ES15 -> 300 | ... ER15: ='[1]April - 2022'!EW15 -> 4000 | ET15: ='[1]April - 2022'!EY15 -> 39235 | EU15: ='[1]April - 2022'!EZ15 -> 14 | EV15: ='[1]April - 2022'!FA15 -> 33959 | EW15: ='[1]April - 2022'!FB15 -> 11 | EX15: ='[1]April - 2022'!FC15 -> 5031 | EY15: ='[1]April - 2022'!FD15 -> 8 | EZ15: ='[1]April - 2022'!FE15 -> 56193 | FA15: ='[1]April - 2022'!FF15 -> 8 | ... FC15: ='[1]April - 2022'!FH15 -> 24
A16: 43837 | B16: ='[1]April - 2022'!B16 -> 0.72 | C16: ='[1]April - 2022'!E16 -> 95130 | D16: ='[1]April - 2022'!F16 -> 704 | E16: ='[1]April - 2022'!G16 -> 541 | F16: ='[1]April - 2022'!H16 -> 143544 | G16: ='[1]April - 2022'!I16 -> 351 | H16: ='[1]April - 2022'!J16 -> 395 | I16: ='[1]April - 2022'!K16 -> 164625 | J16: ='[1]April - 2022'!L16 -> 0 | K16: ='[1]April - 2022'!N16 -> 842560 | L16: ='[1]April - 2022'!O16 -> 310 | M16: ='[1]April - 2022'!Q16 -> 197562 | N16: ='[1]April - 2022'!R16 -> 168 | O16: ='[1]April - 2022'!U16 -> 63282.95 | P16: ='[1]April - 2022'!V16 -> 126.3 | Q16: ='[1]April - 2022'!W16 -> 82.15 | R16: ='[1]April - 2022'!X16 -> 4822 | S16: ='[1]April - 2022'!Y16 -> 0 | U16: ='[1]April - 2022'!AE16 -> 7491138.5 | V16: ='[1]April - 2022'!AF16 -> 4141.2 | W16: ='[1]April - 2022'!AG16 -> 1510.32 | X16: ='[1]April - 2022'!AH16 -> 14315982 | Y16: ='[1]April - 2022'!AI16 -> 4677.12 | Z16: ='[1]April - 2022'!AJ16 -> 4579.68 | AA16: ='[1]April - 2022'!AK16 -> 13978986 | AB16: ='[1]April - 2022'!AL16 -> 1023.12 | ... AP16: ='[1]April - 2022'!AZ16 -> 13183729 | AQ16: ='[1]April - 2022'!BD16 -> 2582.16 | AR16: ='[1]April - 2022'!BB16 -> 4092.48 | AS16: ='[1]April - 2022'!BC16 -> 10462425 | AT16: ='[1]April - 2022'!BD16 -> 2582.16 | AU16: ='[1]April - 2022'!BE16 -> 2971.92 | AV16: ='[1]April - 2022'!BF16 -> 16319495 | AW16: ='[1]April - 2022'!BG16 -> 5310.48 | AX16: ='[1]April - 2022'!BH16 -> 5895.12 | AZ16: ='[1]April - 2022'!BM16 -> 69273700 | BA16: ='[1]April - 2022'!BN16 -> 0 | BB16: ='[1]April - 2022'!BO16 -> 0 | BC16: ='[1]April - 2022'!BP16 -> 72455600 | BD16: ='[1]April - 2022'!BQ16 -> 0 | BE16: ='[1]April - 2022'!BR16 -> 0 | BF16: ='[1]April - 2022'!BS16 -> 67234900 | BG16: ='[1]April - 2022'!BT16 -> 61800 | BH16: ='[1]April - 2022'!BU16 -> 63900 | BS16: ='[1]April - 2022'!BV16 -> 8411630 | BT16: ='[1]April - 2022'!BW16 -> 5410 | BV16: ='[1]April - 2022'!BY16 -> 0.75 | BW16: ='[1]April - 2022'!BZ16 -> 0.06 | BX16: ='[1]April - 2022'!CA16 -> -0.08 | BY16: ='[1]April - 2022'!CB16 -> 59254 | BZ16: ='[1]April - 2022'!CC16 -> 22 | CA16: ='[1]April - 2022'!CD16 -> 50814 | CB16: ='[1]April - 2022'!CE16 -> 19 | CC16: ='[1]April - 2022'!CF16 -> 17354 | ... CU16: ='[1]April - 2022'!CX16 -> 248 | CW16: ='[1]April - 2022'!CZ16 -> 7431 | CX16: ='[1]April - 2022'!DA16 -> 4 | CY16: ='[1]April - 2022'!DB16 -> 4789 | CZ16: ='[1]April - 2022'!DC16 -> 3 | DA16: ='[1]April - 2022'!DD16 -> 28991 | DB16: ='[1]April - 2022'!DE16 -> 13 | DC16: ='[1]April - 2022'!DF16 -> 29518 | DD16: ='[1]April - 2022'!DG16 -> 14 | ... DR16: ='[1]April - 2022'!DU16 -> 18 | DT16: ='[1]April - 2022'!DW16 -> 4176.8 | DU16: ='[1]April - 2022'!DX16 -> 8.6 | DV16: ='[1]April - 2022'!DY16 -> 9114.5 | DW16: ='[1]April - 2022'!DZ16 -> 7.7 | DX16: ='[1]April - 2022'!EA16 -> 3159.4 | DY16: ='[1]April - 2022'!EB16 -> 6 | DZ16: ='[1]April - 2022'!EC16 -> 3355.2 | EA16: ='[1]April - 2022'!ED16 -> 8.5 | ... EC16: ='[1]April - 2022'!EF16 -> 683 | ED16: ='[1]April - 2022'!EI16 -> 194801.9 | EE16: ='[1]April - 2022'!EJ16 -> 151.5 | EG16: ='[1]April - 2022'!EL16 -> 10773900 | EH16: ='[1]April - 2022'!EM16 -> 4000 | EI16: ='[1]April - 2022'!EN16 -> 857360 | EJ16: ='[1]April - 2022'!EO16 -> 230 | EK16: ='[1]April - 2022'!EP16 -> 6505000 | EL16: ='[1]April - 2022'!EQ16 -> 2100 | EM16: ='[1]April - 2022'!ER16 -> 2291900 | EN16: ='[1]April - 2022'!ES16 -> 300 | ... ER16: ='[1]April - 2022'!EW16 -> 4700 | ET16: ='[1]April - 2022'!EY16 -> 39249 | EU16: ='[1]April - 2022'!EZ16 -> 14 | EV16: ='[1]April - 2022'!FA16 -> 33969 | EW16: ='[1]April - 2022'!FB16 -> 10 | EX16: ='[1]April - 2022'!FC16 -> 5040 | EY16: ='[1]April - 2022'!FD16 -> 9 | EZ16: ='[1]April - 2022'!FE16 -> 56202 | FA16: ='[1]April - 2022'!FF16 -> 9 | ... FC16: ='[1]April - 2022'!FH16 -> 25
A17: 43838 | B17: ='[1]April - 2022'!B17 -> 0.75 | C17: ='[1]April - 2022'!E17 -> 95920 | D17: ='[1]April - 2022'!F17 -> 790 | E17: ='[1]April - 2022'!G17 -> 562 | F17: ='[1]April - 2022'!H17 -> 143960 | G17: ='[1]April - 2022'!I17 -> 416 | H17: ='[1]April - 2022'!J17 -> 417 | I17: ='[1]April - 2022'!K17 -> 164625 | J17: ='[1]April - 2022'!L17 -> 0 | K17: ='[1]April - 2022'!N17 -> 842898 | L17: ='[1]April - 2022'!O17 -> 338 | M17: ='[1]April - 2022'!Q17 -> 197751 | N17: ='[1]April - 2022'!R17 -> 189 | O17: ='[1]April - 2022'!U17 -> 63417.07 | P17: ='[1]April - 2022'!V17 -> 134.12 | Q17: ='[1]April - 2022'!W17 -> 90.32 | R17: ='[1]April - 2022'!X17 -> 4822 | S17: ='[1]April - 2022'!Y17 -> 0 | U17: ='[1]April - 2022'!AE17 -> 7495425.8 | V17: ='[1]April - 2022'!AF17 -> 4287.36 | W17: ='[1]April - 2022'!AG17 -> 2484.72 | X17: ='[1]April - 2022'!AH17 -> 14320903 | Y17: ='[1]April - 2022'!AI17 -> 4920.72 | Z17: ='[1]April - 2022'!AJ17 -> 4774.56 | AA17: ='[1]April - 2022'!AK17 -> 13979912 | AB17: ='[1]April - 2022'!AL17 -> 925.68 | ... AP17: ='[1]April - 2022'!AZ17 -> 13188407 | AQ17: ='[1]April - 2022'!BD17 -> 2874.48 | AR17: ='[1]April - 2022'!BB17 -> 4189.92 | AS17: ='[1]April - 2022'!BC17 -> 10465300 | AT17: ='[1]April - 2022'!BD17 -> 2874.48 | AU17: ='[1]April - 2022'!BE17 -> 3166.8 | AV17: ='[1]April - 2022'!BF17 -> 16324951 | AW17: ='[1]April - 2022'!BG17 -> 5456.64 | AX17: ='[1]April - 2022'!BH17 -> 5992.56 | AZ17: ='[1]April - 2022'!BM17 -> 69273700 | BA17: ='[1]April - 2022'!BN17 -> 0 | BB17: ='[1]April - 2022'!BO17 -> 0 | BC17: ='[1]April - 2022'!BP17 -> 72455600 | BD17: ='[1]April - 2022'!BQ17 -> 0 | BE17: ='[1]April - 2022'!BR17 -> 0 | BF17: ='[1]April - 2022'!BS17 -> 67297800 | BG17: ='[1]April - 2022'!BT17 -> 62900 | BH17: ='[1]April - 2022'!BU17 -> 63500 | BS17: ='[1]April - 2022'!BV17 -> 8417630 | BT17: ='[1]April - 2022'!BW17 -> 6000 | BV17: ='[1]April - 2022'!BY17 -> 0.8 | BW17: ='[1]April - 2022'!BZ17 -> -0.05 | BX17: ='[1]April - 2022'!CA17 -> 0.05 | BY17: ='[1]April - 2022'!CB17 -> 59277 | BZ17: ='[1]April - 2022'!CC17 -> 23 | CA17: ='[1]April - 2022'!CD17 -> 50835 | CB17: ='[1]April - 2022'!CE17 -> 21 | CC17: ='[1]April - 2022'!CF17 -> 17358 | ... CU17: ='[1]April - 2022'!CX17 -> 249 | CW17: ='[1]April - 2022'!CZ17 -> 7437 | CX17: ='[1]April - 2022'!DA17 -> 6 | CY17: ='[1]April - 2022'!DB17 -> 4797 | CZ17: ='[1]April - 2022'!DC17 -> 8 | DA17: ='[1]April - 2022'!DD17 -> 29006 | DB17: ='[1]April - 2022'!DE17 -> 15 | DC17: ='[1]April - 2022'!DF17 -> 29533 | DD17: ='[1]April - 2022'!DG17 -> 15 | ... DR17: ='[1]April - 2022'!DU17 -> 18 | DT17: ='[1]April - 2022'!DW17 -> 4185.8 | DU17: ='[1]April - 2022'!DX17 -> 9 | DV17: ='[1]April - 2022'!DY17 -> 9122.4 | DW17: ='[1]April - 2022'!DZ17 -> 7.9 | DX17: ='[1]April - 2022'!EA17 -> 3165.5 | DY17: ='[1]April - 2022'!EB17 -> 6.1 | DZ17: ='[1]April - 2022'!EC17 -> 3363.8 | EA17: ='[1]April - 2022'!ED17 -> 8.6 | ... EC17: ='[1]April - 2022'!EF17 -> 720 | ED17: ='[1]April - 2022'!EI17 -> 194957.6 | EE17: ='[1]April - 2022'!EJ17 -> 155.7 | EG17: ='[1]April - 2022'!EL17 -> 10777900 | EH17: ='[1]April - 2022'!EM17 -> 4000 | EI17: ='[1]April - 2022'!EN17 -> 857590 | EJ17: ='[1]April - 2022'!EO17 -> 230 | EK17: ='[1]April - 2022'!EP17 -> 6507000 | EL17: ='[1]April - 2022'!EQ17 -> 2000 | EM17: ='[1]April - 2022'!ER17 -> 2292100 | EN17: ='[1]April - 2022'!ES17 -> 200 | ... ER17: ='[1]April - 2022'!EW17 -> 4600 | ET17: ='[1]April - 2022'!EY17 -> 39263 | EU17: ='[1]April - 2022'!EZ17 -> 14 | EV17: ='[1]April - 2022'!FA17 -> 33980 | EW17: ='[1]April - 2022'!FB17 -> 11 | EX17: ='[1]April - 2022'!FC17 -> 5049 | EY17: ='[1]April - 2022'!FD17 -> 9 | EZ17: ='[1]April - 2022'!FE17 -> 56211 | FA17: ='[1]April - 2022'!FF17 -> 9 | ... FC17: ='[1]April - 2022'!FH17 -> 26
A18: 43839 | B18: ='[1]April - 2022'!B18 -> 0.8 | C18: ='[1]April - 2022'!E18 -> 96654 | D18: ='[1]April - 2022'!F18 -> 734 | E18: ='[1]April - 2022'!G18 -> 571 | F18: ='[1]April - 2022'!H18 -> 144354 | G18: ='[1]April - 2022'!I18 -> 394 | H18: ='[1]April - 2022'!J18 -> 418 | I18: ='[1]April - 2022'!K18 -> 164625 | J18: ='[1]April - 2022'!L18 -> 0 | K18: ='[1]April - 2022'!N18 -> 843211 | L18: ='[1]April - 2022'!O18 -> 313 | M18: ='[1]April - 2022'!Q18 -> 197890 | N18: ='[1]April - 2022'!R18 -> 139 | O18: ='[1]April - 2022'!U18 -> 63545.43 | P18: ='[1]April - 2022'!V18 -> 128.36 | Q18: ='[1]April - 2022'!W18 -> 105.97 | R18: ='[1]April - 2022'!X18 -> 22 | S18: ='[1]April - 2022'!Y18 -> 0 | U18: ='[1]April - 2022'!AE18 -> 7497569.5 | V18: ='[1]April - 2022'!AF18 -> 2143.68 | W18: ='[1]April - 2022'!AG18 -> 2046.24 | X18: ='[1]April - 2022'!AH18 -> 14325824 | Y18: ='[1]April - 2022'!AI18 -> 4920.72 | Z18: ='[1]April - 2022'!AJ18 -> 4482.24 | AA18: ='[1]April - 2022'!AK18 -> 13980009 | AB18: ='[1]April - 2022'!AL18 -> 97.44 | ... AP18: ='[1]April - 2022'!AZ18 -> 13193132 | AQ18: ='[1]April - 2022'!BD18 -> 2533.44 | AR18: ='[1]April - 2022'!BB18 -> 4092.48 | AS18: ='[1]April - 2022'!BC18 -> 10467833 | AT18: ='[1]April - 2022'!BD18 -> 2533.44 | AU18: ='[1]April - 2022'!BE18 -> 3361.68 | AV18: ='[1]April - 2022'!BF18 -> 16330700 | AW18: ='[1]April - 2022'!BG18 -> 5748.96 | AX18: ='[1]April - 2022'!BH18 -> 6333.6 | AZ18: ='[1]April - 2022'!BM18 -> 69273700 | BA18: ='[1]April - 2022'!BN18 -> 0 | BB18: ='[1]April - 2022'!BO18 -> 0 | BC18: ='[1]April - 2022'!BP18 -> 72519200 | BD18: ='[1]April - 2022'!BQ18 -> 63600 | BE18: ='[1]April - 2022'!BR18 -> 20900 | BF18: ='[1]April - 2022'!BS18 -> 67300200 | BG18: ='[1]April - 2022'!BT18 -> 2400 | BH18: ='[1]April - 2022'!BU18 -> 50100 | BS18: ='[1]April - 2022'!BV18 -> 8423500 | BT18: ='[1]April - 2022'!BW18 -> 5870 | BV18: ='[1]April - 2022'!BY18 -> 0.73 | BW18: ='[1]April - 2022'!BZ18 -> 0.07 | BX18: ='[1]April - 2022'!CA18 -> -0.03 | BY18: ='[1]April - 2022'!CB18 -> 59299 | BZ18: ='[1]April - 2022'!CC18 -> 22 | CA18: ='[1]April - 2022'!CD18 -> 50855 | CB18: ='[1]April - 2022'!CE18 -> 20 | CC18: ='[1]April - 2022'!CF18 -> 17362 | ... CU18: ='[1]April - 2022'!CX18 -> 243 | CW18: ='[1]April - 2022'!CZ18 -> 7443 | CX18: ='[1]April - 2022'!DA18 -> 6 | CY18: ='[1]April - 2022'!DB18 -> 4800 | CZ18: ='[1]April - 2022'!DC18 -> 3 | DA18: ='[1]April - 2022'!DD18 -> 29021 | DB18: ='[1]April - 2022'!DE18 -> 15 | DC18: ='[1]April - 2022'!DF18 -> 29545 | DD18: ='[1]April - 2022'!DG18 -> 12 | ... DR18: ='[1]April - 2022'!DU18 -> 19 | DT18: ='[1]April - 2022'!DW18 -> 4195.2 | DU18: ='[1]April - 2022'!DX18 -> 9.4 | DV18: ='[1]April - 2022'!DY18 -> 9130.2 | DW18: ='[1]April - 2022'!DZ18 -> 7.8 | DX18: ='[1]April - 2022'!EA18 -> 3172 | DY18: ='[1]April - 2022'!EB18 -> 6.5 | DZ18: ='[1]April - 2022'!EC18 -> 3373.6 | EA18: ='[1]April - 2022'!ED18 -> 9.8 | ... EC18: ='[1]April - 2022'!EF18 -> 779 | ED18: ='[1]April - 2022'!EI18 -> 195115.8 | EE18: ='[1]April - 2022'!EJ18 -> 158.2 | EG18: ='[1]April - 2022'!EL18 -> 10781900 | EH18: ='[1]April - 2022'!EM18 -> 4000 | EI18: ='[1]April - 2022'!EN18 -> 857820 | EJ18: ='[1]April - 2022'!EO18 -> 230 | EK18: ='[1]April - 2022'!EP18 -> 6509100 | EL18: ='[1]April - 2022'!EQ18 -> 2100 | EM18: ='[1]April - 2022'!ER18 -> 2292900 | EN18: ='[1]April - 2022'!ES18 -> 800 | ... ER18: ='[1]April - 2022'!EW18 -> 4700 | ET18: ='[1]April - 2022'!EY18 -> 39280 | EU18: ='[1]April - 2022'!EZ18 -> 17 | EV18: ='[1]April - 2022'!FA18 -> 33991 | EW18: ='[1]April - 2022'!FB18 -> 11 | EX18: ='[1]April - 2022'!FC18 -> 5062 | EY18: ='[1]April - 2022'!FD18 -> 13 | EZ18: ='[1]April - 2022'!FE18 -> 56220 | FA18: ='[1]April - 2022'!FF18 -> 9 | ... FC18: ='[1]April - 2022'!FH18 -> 25
A19: 43840 | B19: ='[1]April - 2022'!B19 -> 0.87 | C19: ='[1]April - 2022'!E19 -> 97366 | D19: ='[1]April - 2022'!F19 -> 712 | E19: ='[1]April - 2022'!G19 -> 602 | F19: ='[1]April - 2022'!H19 -> 144752 | G19: ='[1]April - 2022'!I19 -> 398 | H19: ='[1]April - 2022'!J19 -> 394.52 | I19: ='[1]April - 2022'!K19 -> 164625 | J19: ='[1]April - 2022'!L19 -> 0 | K19: ='[1]April - 2022'!N19 -> 843531 | L19: ='[1]April - 2022'!O19 -> 320 | M19: ='[1]April - 2022'!Q19 -> 198008 | N19: ='[1]April - 2022'!R19 -> 118 | O19: ='[1]April - 2022'!U19 -> 63673.1 | P19: ='[1]April - 2022'!V19 -> 127.67 | Q19: ='[1]April - 2022'!W19 -> 114.83 | R19: ='[1]April - 2022'!X19 -> 44 | S19: ='[1]April - 2022'!Y19 -> 22 | U19: ='[1]April - 2022'!AE19 -> 7499761.9 | V19: ='[1]April - 2022'!AF19 -> 2192.4 | W19: ='[1]April - 2022'!AG19 -> 2094.96 | X19: ='[1]April - 2022'!AH19 -> 14330793 | Y19: ='[1]April - 2022'!AI19 -> 4969.44 | Z19: ='[1]April - 2022'!AJ19 -> 4872 | AA19: ='[1]April - 2022'!AK19 -> 13980107 | AB19: ='[1]April - 2022'!AL19 -> 97.44 | ... AP19: ='[1]April - 2022'!AZ19 -> 13197858 | AQ19: ='[1]April - 2022'!BD19 -> 2777.04 | AR19: ='[1]April - 2022'!BB19 -> 4384.8 | AS19: ='[1]April - 2022'!BC19 -> 10470610 | AT19: ='[1]April - 2022'!BD19 -> 2777.04 | AU19: ='[1]April - 2022'!BE19 -> 3410.4 | AV19: ='[1]April - 2022'!BF19 -> 16336303 | AW19: ='[1]April - 2022'!BG19 -> 5602.8 | AX19: ='[1]April - 2022'!BH19 -> 6431.04 | AZ19: ='[1]April - 2022'!BM19 -> 69273700 | BA19: ='[1]April - 2022'!BN19 -> 0 | BB19: ='[1]April - 2022'!BO19 -> 62300 | BC19: ='[1]April - 2022'!BP19 -> 72582900 | BD19: ='[1]April - 2022'!BQ19 -> 63700 | BE19: ='[1]April - 2022'!BR19 -> 0 | BF19: ='[1]April - 2022'!BS19 -> 67300200 | BG19: ='[1]April - 2022'!BT19 -> 0 | BH19: ='[1]April - 2022'!BU19 -> 2800 | BS19: ='[1]April - 2022'!BV19 -> 8429490 | BT19: ='[1]April - 2022'!BW19 -> 5990 | BV19: ='[1]April - 2022'!BY19 -> 0.68 | BW19: ='[1]April - 2022'!BZ19 -> 0.05 | BX19: ='[1]April - 2022'!CA19 -> 0.06 | BY19: ='[1]April - 2022'!CB19 -> 59322 | BZ19: ='[1]April - 2022'!CC19 -> 23 | CA19: ='[1]April - 2022'!CD19 -> 50875 | CB19: ='[1]April - 2022'!CE19 -> 20 | CC19: ='[1]April - 2022'!CF19 -> 17367 | ... CU19: ='[1]April - 2022'!CX19 -> 253 | CW19: ='[1]April - 2022'!CZ19 -> 7446 | CX19: ='[1]April - 2022'!DA19 -> 3 | CY19: ='[1]April - 2022'!DB19 -> 4804 | CZ19: ='[1]April - 2022'!DC19 -> 4 | DA19: ='[1]April - 2022'!DD19 -> 29038 | DB19: ='[1]April - 2022'!DE19 -> 17 | DC19: ='[1]April - 2022'!DF19 -> 29557 | DD19: ='[1]April - 2022'!DG19 -> 12 | ... DR19: ='[1]April - 2022'!DU19 -> 20 | DT19: ='[1]April - 2022'!DW19 -> 4203.7 | DU19: ='[1]April - 2022'!DX19 -> 8.5 | DV19: ='[1]April - 2022'!DY19 -> 9138.2 | DW19: ='[1]April - 2022'!DZ19 -> 8 | DX19: ='[1]April - 2022'!EA19 -> 3178 | DY19: ='[1]April - 2022'!EB19 -> 6 | DZ19: ='[1]April - 2022'!EC19 -> 3382.8 | EA19: ='[1]April - 2022'!ED19 -> 9.2 | ... EC19: ='[1]April - 2022'!EF19 -> 678 | ED19: ='[1]April - 2022'!EI19 -> 195260.7 | EE19: ='[1]April - 2022'!EJ19 -> 144.9 | EG19: ='[1]April - 2022'!EL19 -> 10785700 | EH19: ='[1]April - 2022'!EM19 -> 3800 | EI19: ='[1]April - 2022'!EN19 -> 858050 | EJ19: ='[1]April - 2022'!EO19 -> 230 | EK19: ='[1]April - 2022'!EP19 -> 6511100 | EL19: ='[1]April - 2022'!EQ19 -> 2000 | EM19: ='[1]April - 2022'!ER19 -> 2293400 | EN19: ='[1]April - 2022'!ES19 -> 500 | ... ER19: ='[1]April - 2022'!EW19 -> 4500 | ET19: ='[1]April - 2022'!EY19 -> 39293 | EU19: ='[1]April - 2022'!EZ19 -> 13 | EV19: ='[1]April - 2022'!FA19 -> 34002 | EW19: ='[1]April - 2022'!FB19 -> 11 | EX19: ='[1]April - 2022'!FC19 -> 5075 | EY19: ='[1]April - 2022'!FD19 -> 13 | EZ19: ='[1]April - 2022'!FE19 -> 56229 | FA19: ='[1]April - 2022'!FF19 -> 9 | ... FC19: ='[1]April - 2022'!FH19 -> 22
A20: 43841 | B20: ='[1]April - 2022'!B20 -> 0.85 | C20: ='[1]April - 2022'!E20 -> 98107 | D20: ='[1]April - 2022'!F20 -> 741 | E20: ='[1]April - 2022'!G20 -> 546 | F20: ='[1]April - 2022'!H20 -> 145118 | G20: ='[1]April - 2022'!I20 -> 366 | H20: ='[1]April - 2022'!J20 -> 395.48 | I20: ='[1]April - 2022'!K20 -> 164625 | J20: ='[1]April - 2022'!L20 -> 0 | K20: ='[1]April - 2022'!N20 -> 843853 | L20: ='[1]April - 2022'!O20 -> 322 | M20: ='[1]April - 2022'!Q20 -> 198196 | N20: ='[1]April - 2022'!R20 -> 188 | O20: ='[1]April - 2022'!U20 -> 63811.03 | P20: ='[1]April - 2022'!V20 -> 137.93 | Q20: ='[1]April - 2022'!W20 -> 116.47 | R20: ='[1]April - 2022'!X20 -> 69 | S20: ='[1]April - 2022'!Y20 -> 25 | U20: ='[1]April - 2022'!AE20 -> 7501856.9 | V20: ='[1]April - 2022'!AF20 -> 2094.96 | W20: ='[1]April - 2022'!AG20 -> 2241.12 | X20: ='[1]April - 2022'!AH20 -> 14335470 | Y20: ='[1]April - 2022'!AI20 -> 4677.12 | Z20: ='[1]April - 2022'!AJ20 -> 4384.8 | AA20: ='[1]April - 2022'!AK20 -> 13980204 | AB20: ='[1]April - 2022'!AL20 -> 97.44 | ... AP20: ='[1]April - 2022'!AZ20 -> 13202340 | AQ20: ='[1]April - 2022'!BD20 -> 2630.88 | AR20: ='[1]April - 2022'!BB20 -> 4043.76 | AS20: ='[1]April - 2022'!BC20 -> 10473241 | AT20: ='[1]April - 2022'!BD20 -> 2630.88 | AU20: ='[1]April - 2022'!BE20 -> 2874.48 | AV20: ='[1]April - 2022'!BF20 -> 16341711 | AW20: ='[1]April - 2022'!BG20 -> 5407.92 | AX20: ='[1]April - 2022'!BH20 -> 6090 | AZ20: ='[1]April - 2022'!BM20 -> 69273700 | BA20: ='[1]April - 2022'!BN20 -> 0 | BB20: ='[1]April - 2022'!BO20 -> 55000 | BC20: ='[1]April - 2022'!BP20 -> 72655300 | BD20: ='[1]April - 2022'!BQ20 -> 72400 | BE20: ='[1]April - 2022'!BR20 -> 0 | BF20: ='[1]April - 2022'!BS20 -> 67300200 | BG20: ='[1]April - 2022'!BT20 -> 0 | BH20: ='[1]April - 2022'!BU20 -> 10100 | BS20: ='[1]April - 2022'!BV20 -> 8435010 | BT20: ='[1]April - 2022'!BW20 -> 5520 | BV20: ='[1]April - 2022'!BY20 -> 0.79 | BW20: ='[1]April - 2022'!BZ20 -> -0.11 | BX20: ='[1]April - 2022'!CA20 -> -0.06 | BY20: ='[1]April - 2022'!CB20 -> 59344 | BZ20: ='[1]April - 2022'!CC20 -> 22 | CA20: ='[1]April - 2022'!CD20 -> 50894 | CB20: ='[1]April - 2022'!CE20 -> 19 | CC20: ='[1]April - 2022'!CF20 -> 17373 | ... CU20: ='[1]April - 2022'!CX20 -> 244 | CW20: ='[1]April - 2022'!CZ20 -> 7449 | CX20: ='[1]April - 2022'!DA20 -> 3 | CY20: ='[1]April - 2022'!DB20 -> 4806 | CZ20: ='[1]April - 2022'!DC20 -> 2 | DA20: ='[1]April - 2022'!DD20 -> 29053 | DB20: ='[1]April - 2022'!DE20 -> 15 | DC20: ='[1]April - 2022'!DF20 -> 29571 | DD20: ='[1]April - 2022'!DG20 -> 14 | ... DR20: ='[1]April - 2022'!DU20 -> 19 | DT20: ='[1]April - 2022'!DW20 -> 4212.1 | DU20: ='[1]April - 2022'!DX20 -> 8.4 | DV20: ='[1]April - 2022'!DY20 -> 9145.7 | DW20: ='[1]April - 2022'!DZ20 -> 7.5 | DX20: ='[1]April - 2022'!EA20 -> 3184.8 | DY20: ='[1]April - 2022'!EB20 -> 6.8 | DZ20: ='[1]April - 2022'!EC20 -> 3390.7 | EA20: ='[1]April - 2022'!ED20 -> 7.9 | ... EC20: ='[1]April - 2022'!EF20 -> 683 | ED20: ='[1]April - 2022'!EI20 -> 195407.5 | EE20: ='[1]April - 2022'!EJ20 -> 146.8 | EG20: ='[1]April - 2022'!EL20 -> 10790100 | EH20: ='[1]April - 2022'!EM20 -> 4400 | EI20: ='[1]April - 2022'!EN20 -> 858300 | EJ20: ='[1]April - 2022'!EO20 -> 250 | EK20: ='[1]April - 2022'!EP20 -> 6513400 | EL20: ='[1]April - 2022'!EQ20 -> 2300 | EM20: ='[1]April - 2022'!ER20 -> 2294200 | EN20: ='[1]April - 2022'!ES20 -> 800 | ... ER20: ='[1]April - 2022'!EW20 -> 5600 | ET20: ='[1]April - 2022'!EY20 -> 39307 | EU20: ='[1]April - 2022'!EZ20 -> 14 | EV20: ='[1]April - 2022'!FA20 -> 34014 | EW20: ='[1]April - 2022'!FB20 -> 12 | EX20: ='[1]April - 2022'!FC20 -> 5083 | EY20: ='[1]April - 2022'!FD20 -> 8 | EZ20: ='[1]April - 2022'!FE20 -> 56238 | FA20: ='[1]April - 2022'!FF20 -> 9 | ... FC20: ='[1]April - 2022'!FH20 -> 26
A21: 43842 | B21: ='[1]April - 2022'!B21 -> 0.85 | C21: ='[1]April - 2022'!E21 -> 98929 | D21: ='[1]April - 2022'!F21 -> 822 | E21: ='[1]April - 2022'!G21 -> 515 | F21: ='[1]April - 2022'!H21 -> 145532 | G21: ='[1]April - 2022'!I21 -> 414 | H21: ='[1]April - 2022'!J21 -> 347 | I21: ='[1]April - 2022'!K21 -> 164625 | J21: ='[1]April - 2022'!L21 -> 0 | K21: ='[1]April - 2022'!N21 -> 844179 | L21: ='[1]April - 2022'!O21 -> 326 | M21: ='[1]April - 2022'!Q21 -> 198392 | N21: ='[1]April - 2022'!R21 -> 196 | O21: ='[1]April - 2022'!U21 -> 63954.75 | P21: ='[1]April - 2022'!V21 -> 143.72 | Q21: ='[1]April - 2022'!W21 -> 108.74 | R21: ='[1]April - 2022'!X21 -> 88 | S21: ='[1]April - 2022'!Y21 -> 19 | U21: ='[1]April - 2022'!AE21 -> 7504292.9 | V21: ='[1]April - 2022'!AF21 -> 2436 | W21: ='[1]April - 2022'!AG21 -> 1948.8 | X21: ='[1]April - 2022'!AH21 -> 14340245 | Y21: ='[1]April - 2022'!AI21 -> 4774.56 | Z21: ='[1]April - 2022'!AJ21 -> 4628.4 | AA21: ='[1]April - 2022'!AK21 -> 13980399 | AB21: ='[1]April - 2022'!AL21 -> 194.88 | ... AP21: ='[1]April - 2022'!AZ21 -> 13206871 | AQ21: ='[1]April - 2022'!BD21 -> 2825.76 | AR21: ='[1]April - 2022'!BB21 -> 4189.92 | AS21: ='[1]April - 2022'!BC21 -> 10476067 | AT21: ='[1]April - 2022'!BD21 -> 2825.76 | AU21: ='[1]April - 2022'!BE21 -> 3020.64 | AV21: ='[1]April - 2022'!BF21 -> 16347070 | AW21: ='[1]April - 2022'!BG21 -> 5359.2 | AX21: ='[1]April - 2022'!BH21 -> 6090 | AZ21: ='[1]April - 2022'!BM21 -> 69273700 | BA21: ='[1]April - 2022'!BN21 -> 0 | BB21: ='[1]April - 2022'!BO21 -> 65700 | BC21: ='[1]April - 2022'!BP21 -> 72708100 | BD21: ='[1]April - 2022'!BQ21 -> 52800 | BE21: ='[1]April - 2022'!BR21 -> 0 | BF21: ='[1]April - 2022'!BS21 -> 67314200 | BG21: ='[1]April - 2022'!BT21 -> 14000 | BH21: ='[1]April - 2022'!BU21 -> 0 | BS21: ='[1]April - 2022'!BV21 -> 8441080 | BT21: ='[1]April - 2022'!BW21 -> 6070 | BV21: ='[1]April - 2022'!BY21 -> 0.74 | BW21: ='[1]April - 2022'!BZ21 -> 0.05 | BX21: ='[1]April - 2022'!CA21 -> 0.06 | BY21: ='[1]April - 2022'!CB21 -> 59364 | BZ21: ='[1]April - 2022'!CC21 -> 20 | CA21: ='[1]April - 2022'!CD21 -> 50914 | CB21: ='[1]April - 2022'!CE21 -> 20 | CC21: ='[1]April - 2022'!CF21 -> 17379 | ... CU21: ='[1]April - 2022'!CX21 -> 250 | CW21: ='[1]April - 2022'!CZ21 -> 7454 | CX21: ='[1]April - 2022'!DA21 -> 5 | CY21: ='[1]April - 2022'!DB21 -> 4808 | CZ21: ='[1]April - 2022'!DC21 -> 2 | DA21: ='[1]April - 2022'!DD21 -> 29070 | DB21: ='[1]April - 2022'!DE21 -> 17 | DC21: ='[1]April - 2022'!DF21 -> 29585 | DD21: ='[1]April - 2022'!DG21 -> 14 | ... DR21: ='[1]April - 2022'!DU21 -> 20 | DT21: ='[1]April - 2022'!DW21 -> 4220.9 | DU21: ='[1]April - 2022'!DX21 -> 8.8 | DV21: ='[1]April - 2022'!DY21 -> 9153.3 | DW21: ='[1]April - 2022'!DZ21 -> 7.6 | DX21: ='[1]April - 2022'!EA21 -> 3191.5 | DY21: ='[1]April - 2022'!EB21 -> 6.7 | DZ21: ='[1]April - 2022'!EC21 -> 3397.9 | EA21: ='[1]April - 2022'!ED21 -> 7.2 | ... EC21: ='[1]April - 2022'!EF21 -> 642 | ED21: ='[1]April - 2022'!EI21 -> 195559.3 | EE21: ='[1]April - 2022'!EJ21 -> 151.8 | EG21: ='[1]April - 2022'!EL21 -> 10794200 | EH21: ='[1]April - 2022'!EM21 -> 4100 | EI21: ='[1]April - 2022'!EN21 -> 858540 | EJ21: ='[1]April - 2022'!EO21 -> 240 | EK21: ='[1]April - 2022'!EP21 -> 6515600 | EL21: ='[1]April - 2022'!EQ21 -> 2200 | EM21: ='[1]April - 2022'!ER21 -> 2294800 | EN21: ='[1]April - 2022'!ES21 -> 600 | ... ER21: ='[1]April - 2022'!EW21 -> 5300 | ET21: ='[1]April - 2022'!EY21 -> 39323 | EU21: ='[1]April - 2022'!EZ21 -> 16 | EV21: ='[1]April - 2022'!FA21 -> 34027 | EW21: ='[1]April - 2022'!FB21 -> 13 | EX21: ='[1]April - 2022'!FC21 -> 5093 | EY21: ='[1]April - 2022'!FD21 -> 10 | EZ21: ='[1]April - 2022'!FE21 -> 56250 | FA21: ='[1]April - 2022'!FF21 -> 12 | ... FC21: ='[1]April - 2022'!FH21 -> 26
A22: 43843 | B22: ='[1]April - 2022'!B22 -> 0.86 | C22: ='[1]April - 2022'!E22 -> 99635 | D22: ='[1]April - 2022'!F22 -> 706 | E22: ='[1]April - 2022'!G22 -> 566 | F22: ='[1]April - 2022'!H22 -> 145929 | G22: ='[1]April - 2022'!I22 -> 397 | H22: ='[1]April - 2022'!J22 -> 333 | I22: ='[1]April - 2022'!K22 -> 164625 | J22: ='[1]April - 2022'!L22 -> 0 | K22: ='[1]April - 2022'!N22 -> 844509 | L22: ='[1]April - 2022'!O22 -> 330 | M22: ='[1]April - 2022'!Q22 -> 198508 | N22: ='[1]April - 2022'!R22 -> 116 | O22: ='[1]April - 2022'!U22 -> 64091.49 | P22: ='[1]April - 2022'!V22 -> 136.74 | Q22: ='[1]April - 2022'!W22 -> 118.55 | R22: ='[1]April - 2022'!X22 -> 115 | S22: ='[1]April - 2022'!Y22 -> 27 | U22: ='[1]April - 2022'!AE22 -> 7506436.6 | V22: ='[1]April - 2022'!AF22 -> 2143.68 | W22: ='[1]April - 2022'!AG22 -> 2143.68 | X22: ='[1]April - 2022'!AH22 -> 14345166 | Y22: ='[1]April - 2022'!AI22 -> 4920.72 | Z22: ='[1]April - 2022'!AJ22 -> 4920.72 | AA22: ='[1]April - 2022'!AK22 -> 13980545 | AB22: ='[1]April - 2022'!AL22 -> 146.16 | ... AP22: ='[1]April - 2022'!AZ22 -> 13211646 | AQ22: ='[1]April - 2022'!BD22 -> 2874.48 | AR22: ='[1]April - 2022'!BB22 -> 4384.8 | AS22: ='[1]April - 2022'!BC22 -> 10478941 | AT22: ='[1]April - 2022'!BD22 -> 2874.48 | AU22: ='[1]April - 2022'!BE22 -> 3215.52 | AV22: ='[1]April - 2022'!BF22 -> 16352527 | AW22: ='[1]April - 2022'!BG22 -> 5456.64 | AX22: ='[1]April - 2022'!BH22 -> 6284.88 | AZ22: ='[1]April - 2022'!BM22 -> 69273700 | BA22: ='[1]April - 2022'!BN22 -> 0 | BB22: ='[1]April - 2022'!BO22 -> 62500 | BC22: ='[1]April - 2022'!BP22 -> 72772600 | BD22: ='[1]April - 2022'!BQ22 -> 64500 | BE22: ='[1]April - 2022'!BR22 -> 0 | BF22: ='[1]April - 2022'!BS22 -> 67314200 | BG22: ='[1]April - 2022'!BT22 -> 0 | BH22: ='[1]April - 2022'!BU22 -> 5500 | BS22: ='[1]April - 2022'!BV22 -> 8447020 | BT22: ='[1]April - 2022'!BW22 -> 5940 | BV22: ='[1]April - 2022'!BY22 -> 0.69 | BW22: ='[1]April - 2022'!BZ22 -> 0.05 | BX22: ='[1]April - 2022'!CA22 -> -0.08 | BY22: ='[1]April - 2022'!CB22 -> 59386 | BZ22: ='[1]April - 2022'!CC22 -> 22 | CA22: ='[1]April - 2022'!CD22 -> 50935 | CB22: ='[1]April - 2022'!CE22 -> 21 | CC22: ='[1]April - 2022'!CF22 -> 17384 | ... CU22: ='[1]April - 2022'!CX22 -> 252 | CW22: ='[1]April - 2022'!CZ22 -> 7458 | CX22: ='[1]April - 2022'!DA22 -> 4 | CY22: ='[1]April - 2022'!DB22 -> 4811 | CZ22: ='[1]April - 2022'!DC22 -> 3 | DA22: ='[1]April - 2022'!DD22 -> 29087 | DB22: ='[1]April - 2022'!DE22 -> 17 | DC22: ='[1]April - 2022'!DF22 -> 29599 | DD22: ='[1]April - 2022'!DG22 -> 14 | ... DR22: ='[1]April - 2022'!DU22 -> 20 | DT22: ='[1]April - 2022'!DW22 -> 4229.7 | DU22: ='[1]April - 2022'!DX22 -> 8.8 | DV22: ='[1]April - 2022'!DY22 -> 9161.1 | DW22: ='[1]April - 2022'!DZ22 -> 7.8 | DX22: ='[1]April - 2022'!EA22 -> 3198.1 | DY22: ='[1]April - 2022'!EB22 -> 6.6 | DZ22: ='[1]April - 2022'!EC22 -> 3405.6 | EA22: ='[1]April - 2022'!ED22 -> 7.7 | ... EC22: ='[1]April - 2022'!EF22 -> 651 | ED22: ='[1]April - 2022'!EI22 -> 195712 | EE22: ='[1]April - 2022'!EJ22 -> 152.7 | EG22: ='[1]April - 2022'!EL22 -> 10798200 | EH22: ='[1]April - 2022'!EM22 -> 4000 | EI22: ='[1]April - 2022'!EN22 -> 858770 | EJ22: ='[1]April - 2022'!EO22 -> 230 | EK22: ='[1]April - 2022'!EP22 -> 6517800 | EL22: ='[1]April - 2022'!EQ22 -> 2200 | EM22: ='[1]April - 2022'!ER22 -> 2295200 | EN22: ='[1]April - 2022'!ES22 -> 400 | ... ER22: ='[1]April - 2022'!EW22 -> 5100 | ET22: ='[1]April - 2022'!EY22 -> 39337 | EU22: ='[1]April - 2022'!EZ22 -> 14 | EV22: ='[1]April - 2022'!FA22 -> 34039 | EW22: ='[1]April - 2022'!FB22 -> 12 | EX22: ='[1]April - 2022'!FC22 -> 5103 | EY22: ='[1]April - 2022'!FD22 -> 10 | EZ22: ='[1]April - 2022'!FE22 -> 56258 | FA22: ='[1]April - 2022'!FF22 -> 8 | ... FC22: ='[1]April - 2022'!FH22 -> 27
... A40: 43861 | B40: ='[1]April - 2022'!B40 -> 0 | C40: ='[1]April - 2022'!E40 -> 0 | D40: ='[1]April - 2022'!F40 -> 0 | E40: ='[1]April - 2022'!G40 -> 0 | F40: ='[1]April - 2022'!H40 -> 0 | G40: ='[1]April - 2022'!I40 -> 0 | H40: ='[1]April - 2022'!J40 -> 0 | I40: ='[1]April - 2022'!K40 -> 0 | J40: ='[1]April - 2022'!L40 -> 0 | K40: ='[1]April - 2022'!N40 -> 0 | L40: ='[1]April - 2022'!O40 -> 0 | M40: ='[1]April - 2022'!Q40 -> 0 | N40: ='[1]April - 2022'!R40 -> 0 | O40: ='[1]April - 2022'!U40 -> 0 | P40: ='[1]April - 2022'!V40 -> 0 | Q40: ='[1]April - 2022'!W40 -> 0 | R40: ='[1]April - 2022'!X40 -> 0 | S40: ='[1]April - 2022'!Y40 -> 0 | U40: ='[1]April - 2022'!AE40 -> 0 | V40: ='[1]April - 2022'!AF40 -> 0 | W40: ='[1]April - 2022'!AG40 -> 0 | X40: ='[1]April - 2022'!AH40 -> 0 | Y40: ='[1]April - 2022'!AI40 -> 0 | Z40: ='[1]April - 2022'!AJ40 -> 0 | AA40: ='[1]April - 2022'!AK40 -> 0 | AB40: ='[1]April - 2022'!AL40 -> 0 | ... AP40: ='[1]April - 2022'!AZ40 -> 0 | AQ40: ='[1]April - 2022'!BD40 -> 0 | AR40: ='[1]April - 2022'!BB40 -> 0 | AS40: ='[1]April - 2022'!BC40 -> 0 | AT40: ='[1]April - 2022'!BD40 -> 0 | AU40: ='[1]April - 2022'!BE40 -> 0 | AV40: ='[1]April - 2022'!BF40 -> 0 | AW40: ='[1]April - 2022'!BG40 -> 0 | AX40: ='[1]April - 2022'!BH40 -> 0 | AZ40: ='[1]April - 2022'!BM40 -> 0 | BA40: ='[1]April - 2022'!BN40 -> 0 | BB40: ='[1]April - 2022'!BO40 -> 0 | BC40: ='[1]April - 2022'!BP40 -> 0 | BD40: ='[1]April - 2022'!BQ40 -> 0 | BE40: ='[1]April - 2022'!BR40 -> 0 | BF40: ='[1]April - 2022'!BS40 -> 0 | BG40: ='[1]April - 2022'!BT40 -> 0 | BH40: ='[1]April - 2022'!BU40 -> 0 | BS40: ='[1]April - 2022'!BV40 -> 0 | BT40: ='[1]April - 2022'!BW40 -> 0 | BV40: ='[1]April - 2022'!BY40 -> 0 | BW40: ='[1]April - 2022'!BZ40 -> 0 | BX40: ='[1]April - 2022'!CA40 -> 0 | BY40: ='[1]April - 2022'!CB40 -> 0 | BZ40: ='[1]April - 2022'!CC40 -> 0 | CA40: ='[1]April - 2022'!CD40 -> 0 | CB40: ='[1]April - 2022'!CE40 -> 0 | CC40: ='[1]April - 2022'!CF40 -> 0 | ... CU40: ='[1]April - 2022'!CX40 -> 0 | CW40: ='[1]April - 2022'!CZ40 -> 0 | CX40: ='[1]April - 2022'!DA40 -> 0 | CY40: ='[1]April - 2022'!DB40 -> 0 | CZ40: ='[1]April - 2022'!DC40 -> 0 | DA40: ='[1]April - 2022'!DD40 -> 0 | DB40: ='[1]April - 2022'!DE40 -> 0 | DC40: ='[1]April - 2022'!DF40 -> 0 | DD40: ='[1]April - 2022'!DG40 -> 0 | ... DR40: ='[1]April - 2022'!DU40 -> 0 | DT40: ='[1]April - 2022'!DW40 -> 0 | DU40: ='[1]April - 2022'!DX40 -> 0 | DV40: ='[1]April - 2022'!DY40 -> 0 | DW40: ='[1]April - 2022'!DZ40 -> 0 | DX40: ='[1]April - 2022'!EA40 -> 0 | DY40: ='[1]April - 2022'!EB40 -> 0 | DZ40: ='[1]April - 2022'!EC40 -> 0 | EA40: ='[1]April - 2022'!ED40 -> 0 | ... EC40: ='[1]April - 2022'!EF40 -> 0 | ED40: ='[1]April - 2022'!EI40 -> 0 | EE40: ='[1]April - 2022'!EJ40 -> 0 | EG40: ='[1]April - 2022'!EL40 -> 0 | EH40: ='[1]April - 2022'!EM40 -> 0 | EI40: ='[1]April - 2022'!EN40 -> 0 | EJ40: ='[1]April - 2022'!EO40 -> 0 | EK40: ='[1]April - 2022'!EP40 -> 0 | EL40: ='[1]April - 2022'!EQ40 -> 0 | EM40: ='[1]April - 2022'!ER40 -> 0 | EN40: ='[1]April - 2022'!ES40 -> 0 | ... ER40: ='[1]April - 2022'!EW40 -> 0 | ET40: ='[1]April - 2022'!EY40 -> 0 | EU40: ='[1]April - 2022'!EZ40 -> 0 | EV40: ='[1]April - 2022'!FA40 -> 0 | EW40: ='[1]April - 2022'!FB40 -> 0 | EX40: ='[1]April - 2022'!FC40 -> 0 | EY40: ='[1]April - 2022'!FD40 -> 0 | EZ40: ='[1]April - 2022'!FE40 -> 0 | FA40: ='[1]April - 2022'!FF40 -> 0 | ... FC40: ='[1]April - 2022'!FH40 -> 0
A42: Potable Water Daily Consumption April 2018 | U42: Electricity Daily Consumption April 2018 | AZ42: Total Chillers Btu Meter Monthly Consumption 2018 | BS42: Cold water Heat Exchanger 2018 | BV42: Lpg Daily Consumption April 2018 | DU42: .
A43: Location | C43: Domestic Water | F43: Resort Water | I43: Tse Water | K43: Irrigation Water | O43: Cooling Tower make up & Blowdown | U43: EMDB-1 | X43: EMDB-2 | AA43: MDB-1 | AD43: MDB-2 | AG43: MDB-3 | AJ43: MDB-4 | AM43: MDB-5 | AP43: MDB-6 | AS43: MDB-7 | AV43: MDB-8 | AZ43: Chiiler # 1 | BC43: Chiiler # 2 | BF43: Chiiler # 3 | BS43: Heat Exchanger | BV43: Lpg Main Tank | BY43: Ird Kitchen | CA43: Suq Kitchen | CC43: Bakery Kitchen | CE43: Shai Saloon Kitchen | CG43: Banquet Kitchen | CI43: Sea Fu Kitchen | CK43: Steam Boiler | CN43: Solar Hot Water Boiler | CQ43: Lthw Boiler | CT43: Steam Boiler Steam Meter Reading Kg
A44: April Reading 2017 two weeks | C44: =SUM(E9:E24) -> 8239 | F44: =SUM(H9:H24) -> 5778.56 | O44: =SUM(Q9:Q24) -> 1544.14 | U44: =SUM(W9:W24) -> 31473.12 | X44: =SUM(Z9:Z24) -> 68110.56 | AA44: =SUM(AC9:AC24) -> 112250.88 | AD44: =SUM(AF9:AF24) -> 22167.6 | AG44: =SUM(AI9:AI24) -> 91885.92 | AJ44: =SUM(AL9:AL24) -> 71082.48 | AM44: =SUM(AO9:AO24) -> 66210.48 | AP44: =SUM(AR9:AR24) -> 62020.56 | AS44: =SUM(AU9:AU24) -> 45748.08 | AV44: =SUM(AX9:AX24) -> 90862.8 | AZ44: =SUM(BB9:BB24) -> 499600 | BC44: =SUM(BE9:BE24) -> 55700 | BF44: =SUM(BH9:BH24) -> 440500 | CK44: =SUM(CM9:CM24) -> 1452 | CN44: =SUM(CP9:CP24) -> 1483.66 | CQ44: =SUM(CS9:CS24) -> 1792.91
A45: April Reading 2018 two weeks | C45: =SUM(D9:D24) -> 11093 | F45: =SUM(G9:G24) -> 5902 | O45: =SUM(P9:P24) -> 1982.41 | U45: =SUM(V9:V24) -> 41460.72 | X45: =SUM(Y9:Y24) -> 72544.08 | AA45: =SUM(AB9:AB24) -> 7697.76 | AD45: =SUM(AE9:AE24) -> 101532.48 | AG45: =SUM(AH9:AH24) -> 93396.24 | AJ45: =SUM(AK9:AK24) -> 86624.16 | AM45: =SUM(AN9:AN24) -> 66551.52 | AP45: =SUM(AQ9:AQ24) -> 43360.8 | AS45: =SUM(AT9:AT24) -> 41753.04 | AV45: =SUM(AW9:AW24) -> 82872.72 | AZ45: =SUM(BA9:BA24) -> 0 | BC45: =SUM(BD9:BD24) -> 511200 | BF45: =SUM(BG9:BG24) -> 481700 | CK45: =SUM(CL9:CL24) -> 1634 | CN45: =SUM(CO9:CO24) -> 1555 | CQ45: =SUM(CR9:CR24) -> 841 | DT45: Grand Total All EMDB KWH
A46: Difference | AZ46: =AZ44-AZ45 -> 499600 | BC46: =BC45-BC44 -> 455500 | BF46: =BF45-BF44 -> 41200
A47: April Reading 2017 Monthly | C47: =SUM(E9:E39) -> 16603 | F47: =SUM(H9:H39) -> 11080.56 | I47: 7048.9 | K47: 7702.2 | O47: =SUM(Q9:Q39) -> 3477.25 | R47: 476 | U47: =SUM(W9:W39) -> 77123.76 | X47: =SUM(Z9:Z39) -> 137244.24 | AA47: =SUM(AC9:AC39) -> 150106.32 | AD47: =SUM(AF9:AF39) -> 119607.6 | AG47: =SUM(AI9:AI39) -> 162919.68 | AJ47: =SUM(AL9:AL39) -> 152298.72 | AM47: =SUM(AO9:AO39) -> 130520.88 | AP47: =SUM(AR9:AR39) -> 124479.6 | AS47: =SUM(AU9:AU39) -> 90765.36 | AV47: =SUM(AX9:AX39) -> 173979.12 | AZ47: 347300 | BC47: 361100 | BF47: 558842 | BS47: 131110 | BY47: 718 | CA47: 719 | CC47: 234 | CE47: 265 | CG47: 368 | CI47: 820 | CK47: =SUM(CM9:CM39) -> 2946 | CN47: =SUM(CP9:CP39) -> 2960.66 | CQ47: =SUM(CS9:CS39) -> 2873.91 | CT47: 3894 | DJ47: 487.2
A48: April Reading 2018 Monthly | C48: =SUM(D10:D39) -> 22040 | F48: =SUM(G9:G39) -> 11869 | I48: =SUM(J10:J39) -> 0 | K48: =SUM(L9:L39) -> 8994 | O48: =SUM(P9:P39) -> 4292.12 | R48: =SUM(S9:S39) -> 587 | U48: =SUM(V9:V39) -> 78682.8 | X48: =SUM(Y9:Y39) -> 144990.72 | AA48: =SUM(AB9:AB39) -> 120240.96 | AD48: =SUM(AE9:AE39) -> 201652.08 | AG48: =SUM(AH9:AH39) -> 108499.44 | AJ48: =SUM(AK9:AK39) -> 172712.4 | AM48: =SUM(AN9:AN39) -> 134613.36 | AP48: =SUM(AQ9:AQ39) -> 85844.64 | AS48: =SUM(AT9:AT39) -> 84236.88 | AV48: =SUM(AW9:AW39) -> 168230.16 | AZ48: =SUM(BA9:BA40) -> 585100 | BC48: =SUM(BD9:BD40) -> 1016400 | BF48: =SUM(BG9:BG40) -> 529500 | BS48: =SUM(BT9:BT39) -> 182710 | BY48: =SUM(BZ9:BZ39) -> 610 | CA48: =SUM(CB9:CB39) -> 583 | CC48: =SUM(CD9:CD39) -> 148 | CE48: =SUM(CF9:CF39) -> 226 | CG48: =SUM(CH9:CH39) -> 305 | CI48: =SUM(CJ9:CJ39) -> 798 | CK48: =SUM(CL9:CL39) -> 3092 | CN48: =SUM(CO9:CO39) -> 3304 | CQ48: =SUM(CR9:CR39) -> 1516 | CT48: =SUM(CU9:CU39) -> 4965
A49: Difference | C49: =C47-C48 -> -5437 | F49: =F47-F48 -> -788.44 | I49: =I47-I48 -> 7048.9 | K49: =K47-K48 -> -1291.8 | O49: =O47-O48 -> -814.87 | R49: =R47-R48 -> -111 | U49: =U48-U47 -> 1559.04 | X49: =X47-X48 -> -7746.48 | AA49: =AA47-AA48 -> 29865.36 | AD49: =AD47-AD48 -> -82044.48 | AG49: =AG47-AG48 -> 54420.24 | AJ49: =AJ47-AJ48 -> -20413.68 | AM49: =AM47-AM48 -> -4092.48 | AP49: =AP47-AP48 -> 38634.96 | AS49: =AS47-AS48 -> 6528.48 | AV49: =AV47-AV48 -> 5748.96 | AZ49: =AZ48-AZ47 -> 237800 | BC49: =BC48-BC47 -> 655300 | BF49: =BF48-BF47 -> -29342 | CK49: =CK47-CK48 -> -146 | CN49: =CN47-CN48 -> -343.34 | CQ49: =CQ47-CQ48 -> 1357.91 | CT49: =CT47-CT48 -> -1071
A50: Total Monthly Electrical Kwh | U50: April 2017 Kwh | AA50: =SUM(U47,X47,AA47,AD47,AG47,AJ47,AM47,AP47,AS47,AV47) -> 1319045.3 | AG50: April 2018 Kwh | AM50: =SUM(U48,X48,AA48,AD48,AG48,AJ48,AM48,AP48,AS48,AV48) -> 1299703.4 | AS50: Saving Kwh | AV50: =AA50-AM50 -> 19341.84 | AZ50: 42751 | BC50: 43116 | BF50: Difference
U51: April 2017 Kwh two weeks | AA51: =SUM(U44:AX44) -> 661812.48 | AG51: April 2018 Kwh two weeks | AM51: =SUM(U45:AX45) -> 637793.52 | AS51: Saving Kwh | AV51: =AA51-AM51 -> 24018.96 | AZ51: =SUM(AZ47,BC47,BF47) -> 1267242 | BC51: =SUM(AZ48:BG48) -> 2131000 | BF51: 643100
A53: 487.2
V56: 487.2
H57: 487.2 | AC57: 487.2 | AT57: 487.2
