Workbook

Sheet TOTAL
A1: Site Name | B1: Day | C1: Month | D1: Year | E1: Total Electricity Kwh | F1: Electricity Tariff ($/Kwh) | G1: Natual Gas (m3) | H1: Natural Gas $/m3 | I1: Water Utility Supply (m3) m3 | J1: Water Utility Supply (m3) $/m3 | K1: Room Nights | L1: Total Guests | M1: Utilities day cost dh
A2: Mumbai | B2: 1 | C2: 2 | D2: 2023 | E2: =(IF('Daily HLP'!H4>0,'Daily HLP'!H4,0)) -> 22366 | F2: 10 | G2: =(IF('Daily HLP'!L4>0,'Daily HLP'!L4,0)) -> 1161.285 | H2: 66 | I2: =(IF('Daily HLP'!O4>0,'Daily HLP'!O4,0)) -> 222 | J2: 100 | K2: =Occupancy!G2 -> 161 | L2: =Occupancy!F2 -> 451 | M2: =E2*F2+G2*H2+#REF!*#REF!+I2*J2 -> #REF!
A3: Mumbai | B3: =B2+1 -> 2 | C3: 2 | D3: 2023 | E3: =(IF('Daily HLP'!H5>0,'Daily HLP'!H5,0)) -> 22458 | F3: 10 | G3: =(IF('Daily HLP'!L5>0,'Daily HLP'!L5,0)) -> 1083 | H3: 66 | I3: =(IF('Daily HLP'!O5>0,'Daily HLP'!O5,0)) -> 249 | J3: 100 | K3: =Occupancy!G3 -> 152 | L3: =Occupancy!F3 -> 351 | M3: =E3*F3+G3*H3+#REF!*#REF!+I3*J3 -> #REF!
A4: Mumbai | B4: =B3+1 -> 3 | C4: 2 | D4: 2023 | E4: =(IF('Daily HLP'!H6>0,'Daily HLP'!H6,0)) -> 23549.31 | F4: 10 | G4: =(IF('Daily HLP'!L6>0,'Daily HLP'!L6,0)) -> 1112 | H4: 66 | I4: =(IF('Daily HLP'!O6>0,'Daily HLP'!O6,0)) -> 277 | J4: 100 | K4: =Occupancy!G4 -> 176 | L4: =Occupancy!F4 -> 369 | M4: =E4*F4+G4*H4+#REF!*#REF!+I4*J4 -> #REF!
A5: Mumbai | B5: =B4+1 -> 4 | C5: 2 | D5: 2023 | E5: =(IF('Daily HLP'!H7>0,'Daily HLP'!H7,0)) -> 22365.69 | F5: 10 | G5: =(IF('Daily HLP'!L7>0,'Daily HLP'!L7,0)) -> 1150 | H5: 66 | I5: =(IF('Daily HLP'!O7>0,'Daily HLP'!O7,0)) -> 265 | J5: 100 | K5: =Occupancy!G5 -> 179 | L5: =Occupancy!F5 -> 455 | M5: =E5*F5+G5*H5+#REF!*#REF!+I5*J5 -> #REF!
A6: Mumbai | B6: =B5+1 -> 5 | C6: 2 | D6: 2023 | E6: =(IF('Daily HLP'!H8>0,'Daily HLP'!H8,0)) -> 23051.87 | F6: 10 | G6: =(IF('Daily HLP'!L8>0,'Daily HLP'!L8,0)) -> 1134.2 | H6: 66 | I6: =(IF('Daily HLP'!O8>0,'Daily HLP'!O8,0)) -> 302 | J6: 100 | K6: =Occupancy!G6 -> 174 | L6: =Occupancy!F6 -> 482 | M6: =E6*F6+G6*H6+#REF!*#REF!+I6*J6 -> #REF!
A7: Mumbai | B7: =B6+1 -> 6 | C7: 2 | D7: 2023 | E7: =(IF('Daily HLP'!H9>0,'Daily HLP'!H9,0)) -> 23696.13 | F7: 10 | G7: =(IF('Daily HLP'!L9>0,'Daily HLP'!L9,0)) -> 1087.8 | H7: 66 | I7: =(IF('Daily HLP'!O9>0,'Daily HLP'!O9,0)) -> 311 | J7: 100 | K7: =Occupancy!G7 -> 167 | L7: =Occupancy!F7 -> 551 | M7: =E7*F7+G7*H7+#REF!*#REF!+I7*J7 -> #REF!
A8: Mumbai | B8: =B7+1 -> 7 | C8: 2 | D8: 2023 | E8: =(IF('Daily HLP'!H10>0,'Daily HLP'!H10,0)) -> 23753 | F8: 10 | G8: =(IF('Daily HLP'!L10>0,'Daily HLP'!L10,0)) -> 1130 | H8: 66 | I8: =(IF('Daily HLP'!O10>0,'Daily HLP'!O10,0)) -> 220 | J8: 100 | K8: =Occupancy!G8 -> 161 | L8: =Occupancy!F8 -> 658 | M8: =E8*F8+G8*H8+#REF!*#REF!+I8*J8 -> #REF!
A9: Mumbai | B9: =B8+1 -> 8 | C9: 2 | D9: 2023 | E9: =(IF('Daily HLP'!H11>0,'Daily HLP'!H11,0)) -> 23272 | F9: 10 | G9: =(IF('Daily HLP'!L11>0,'Daily HLP'!L11,0)) -> 1248 | H9: 66 | I9: =(IF('Daily HLP'!O11>0,'Daily HLP'!O11,0)) -> 415 | J9: 100 | K9: =Occupancy!G9 -> 145 | L9: =Occupancy!F9 -> 542 | M9: =E9*F9+G9*H9+#REF!*#REF!+I9*J9 -> #REF!
A10: Mumbai | B10: =B9+1 -> 9 | C10: 2 | D10: 2023 | E10: =(IF('Daily HLP'!H12>0,'Daily HLP'!H12,0)) -> 22239.42 | F10: 10 | G10: =(IF('Daily HLP'!L12>0,'Daily HLP'!L12,0)) -> 1162.76 | H10: 66 | I10: =(IF('Daily HLP'!O12>0,'Daily HLP'!O12,0)) -> 105 | J10: 100 | K10: =Occupancy!G10 -> 161 | L10: =Occupancy!F10 -> 398 | M10: =E10*F10+G10*H10+#REF!*#REF!+I10*J10 -> #REF!
A11: Mumbai | B11: =B10+1 -> 10 | C11: 2 | D11: 2023 | E11: =(IF('Daily HLP'!H13>0,'Daily HLP'!H13,0)) -> 22634.09 | F11: 10 | G11: =(IF('Daily HLP'!L13>0,'Daily HLP'!L13,0)) -> 1074.82 | H11: 66 | I11: =(IF('Daily HLP'!O13>0,'Daily HLP'!O13,0)) -> 47 | J11: 100 | K11: =Occupancy!G11 -> 158 | L11: =Occupancy!F11 -> 474 | M11: =E11*F11+G11*H11+#REF!*#REF!+I11*J11 -> #REF!
A12: Mumbai | B12: =B11+1 -> 11 | C12: 2 | D12: 2023 | E12: =(IF('Daily HLP'!H14>0,'Daily HLP'!H14,0)) -> 21484.03 | F12: 10 | G12: =(IF('Daily HLP'!L14>0,'Daily HLP'!L14,0)) -> 1066.42 | H12: 66 | I12: =(IF('Daily HLP'!O14>0,'Daily HLP'!O14,0)) -> 54 | J12: 100 | K12: =Occupancy!G12 -> 164 | L12: =Occupancy!F12 -> 0 | M12: =E12*F12+G12*H12+#REF!*#REF!+I12*J12 -> #REF!
A13: Mumbai | B13: =B12+1 -> 12 | C13: 2 | D13: 2023 | E13: =(IF('Daily HLP'!H15>0,'Daily HLP'!H15,0)) -> 20559.38 | F13: 10 | G13: =(IF('Daily HLP'!L15>0,'Daily HLP'!L15,0)) -> 741.61 | H13: 66 | I13: =(IF('Daily HLP'!O15>0,'Daily HLP'!O15,0)) -> 57 | J13: 100 | K13: =Occupancy!G13 -> 164 | L13: =Occupancy!F13 -> 0 | M13: =E13*F13+G13*H13+#REF!*#REF!+I13*J13 -> #REF!
A14: Mumbai | B14: =B13+1 -> 13 | C14: 2 | D14: 2023 | E14: =(IF('Daily HLP'!H16>0,'Daily HLP'!H16,0)) -> 21408.77 | F14: 10 | G14: =(IF('Daily HLP'!L16>0,'Daily HLP'!L16,0)) -> 738.4136 | H14: 66 | I14: =(IF('Daily HLP'!O16>0,'Daily HLP'!O16,0)) -> 64 | J14: 100 | K14: =Occupancy!G14 -> 167 | L14: =Occupancy!F14 -> 0 | M14: =E14*F14+G14*H14+#REF!*#REF!+I14*J14 -> #REF!
... A29: Mumbai | B29: =B28+1 -> 28 | C29: 2 | D29: 2023 | E29: =(IF('Daily HLP'!H31>0,'Daily HLP'!H31,0)) -> 22679.05 | F29: 10 | G29: =(IF('Daily HLP'!L31>0,'Daily HLP'!L31,0)) -> 1186 | H29: 66 | I29: =(IF('Daily HLP'!O31>0,'Daily HLP'!O31,0)) -> 202 | J29: 100 | K29: =Occupancy!G29 -> 0 | L29: =Occupancy!F29 -> 0 | M29: =E29*F29+G29*H29+#REF!*#REF!+I29*J29 -> #REF!
A30: Mumbai | B30: =B29+1 -> 29 | C30: 2 | D30: 2023 | K30: =Occupancy!G30 -> 0 | L30: =Occupancy!F30 -> 0 | M30: =E30*F30+G30*H30+#REF!*#REF!+I30*J30 -> #REF!
A31: Mumbai | B31: =B30+1 -> 30 | C31: 2 | D31: 2023 | K31: =Occupancy!G31 -> 0 | L31: =Occupancy!F31 -> 0 | M31: =E31*F31+G31*H31+#REF!*#REF!+I31*J31 -> #REF!
A32: Mumbai | B32: =B31+1 -> 31 | C32: 2 | D32: 2023 | K32: =Occupancy!G32 -> 0 | L32: =Occupancy!F32 -> 0

Sheet Submetering
A1: Site Name | B1: Day | C1: Month | D1: Year | E1: ='Section Load'!F4 -> HVAC | F1: ='Section Load'!G4 -> Fire & Emergency PP | G1: ='Section Load'!H4 -> Main PP | H1: ='Section Load'!I4 -> Lighting PP | I1: ='Section Load'!J4 -> CH-1+ CH2+CH3+CH4 | J1: ='Section Load'!K4 -> Chilled water Pump | K1: ='Section Load'!L4 -> Ball Room-1 | L1: ='Section Load'!M4 -> Ball Room-2 | ... AL1: ='Section Load'!AM4 -> Cooling Tower | AM1: R.o.plant | AN1: STP Water Prod | AO1: Domestic Zone-1 | AP1: Domestic Zone-2 | AQ1: Domestic Zone-3 | AR1: Flush Zone -1 | AS1: Flush Zone -2 | AT1: Flush Zone -3 | AU1: Swimming pool | AV1: B2 Laundry | AW1: Boiler Feed Water | AX1: cooling tower filling water | AY1: STP flush(new water meter) | AZ1: Garden Water Pump | BA1: Flush Zone 2 pump meter | BB1: Flush Zone 3 Pump Meter (wtp transfer ) | BC1: Flush Tanker-Zone-1 | BD1: Total Domestic Water (Tanker (R.O) +BMC) | BE1: Total Domestic Consumption | BF1: Total STP Consumption | BG1: ='Section Load'!AN4 -> MGL | BH1: ='Section Load'!AO4 -> HWG | BI1: ='Section Load'!AP4 -> Prato | BJ1: ='Section Load'!AQ4 -> BR-1 | BK1: ='Section Load'!AR4 -> SanQi IND | BL1: ='Section Load'!AS4 -> SanQi JPN | BM1: ='Section Load'!AT4 -> Boiler
A2: Mumbai | B2: 1 | C2: 2 | D2: 2023 | E2: =(IF('Section Load'!F5>0,'Section Load'!F5,0)) -> 3155 | F2: =(IF('Section Load'!G5>0,'Section Load'!G5,0)) -> 1493.44 | G2: =(IF('Section Load'!H5>0,'Section Load'!H5,0)) -> 2665 | H2: =(IF('Section Load'!I5>0,'Section Load'!I5,0)) -> 2949 | I2: =(IF('Section Load'!J5>0,'Section Load'!J5,0)) -> 5272.36 | J2: =(IF('Section Load'!K5>0,'Section Load'!K5,0)) -> 2516 | K2: =(IF('Section Load'!L5>0,'Section Load'!L5,0)) -> 1254 | L2: =(IF('Section Load'!M5>0,'Section Load'!M5,0)) -> 1049 | ... AL2: =(IF('Section Load'!AM5>0,'Section Load'!AM5,0)) -> 507 | AM2: =(IF('Water Report'!$D$7>0,'Water Report'!$D$7,0)) -> 119 | AN2: =(IF('Water Report'!$D$8>0,'Water Report'!$D$8,0)) -> 143 | AO2: =(IF('Water Report'!$D$9>0,'Water Report'!$D$9,0)) -> 129 | AP2: =(IF('Water Report'!$D$10>0,'Water Report'!$D$10,0)) -> 29 | AQ2: =(IF('Water Report'!$D$11>0,'Water Report'!$D$11,0)) -> 7 | AR2: =(IF('Water Report'!$D$13>0,'Water Report'!$D$13,0)) -> 15 | AS2: =(IF('Water Report'!$D$14>0,'Water Report'!$D$14,0)) -> 5 | AT2: =(IF('Water Report'!$D$15>0,'Water Report'!$D$15,0)) -> 8 | AU2: =(IF('Water Report'!$D$17>0,'Water Report'!$D$17,0)) -> 0 | AV2: =(IF('Water Report'!$D$18>0,'Water Report'!$D$18,0)) -> 11 | AW2: =(IF('Water Report'!$D$19>0,'Water Report'!$D$19,0)) -> 14 | AX2: =(IF('Water Report'!$D$21>0,'Water Report'!$D$21,0)) -> 154 | AY2: =(IF('Water Report'!$D$22>0,'Water Report'!$D$22,0)) -> 0 | AZ2: =(IF('Water Report'!$D$23>0,'Water Report'!$D$23,0)) -> 7 | BA2: =(IF('Water Report'!$D$14>0,'Water Report'!$D$14,0)) -> 5 | BB2: =(IF('Water Report'!$D$15>0,'Water Report'!$D$15,0)) -> 8 | BC2: =(IF('Water Report'!$D$13>0,'Water Report'!$D$13,0)) -> 15 | BD2: =(IF('Water Report'!$D$24>0,'Water Report'!$D$24,0)) -> 222 | BE2: =(IF('Water Report'!$D$25>0,'Water Report'!$D$25,0)) -> 178 | BF2: =(IF('Water Report'!$D$27>0,'Water Report'!$D$27,0)) -> 176 | BG2: =(IF('Section Load'!AN5>0,'Section Load'!AN5,0)) -> 1161.285 | BH2: =(IF('Section Load'!AO5>0,'Section Load'!AO5,0)) -> 370 | BI2: =(IF('Section Load'!AP5>0,'Section Load'!AP5,0)) -> 0 | BJ2: =(IF('Section Load'!AQ5>0,'Section Load'!AQ5,0)) -> 129 | BK2: =(IF('Section Load'!AR5>0,'Section Load'!AR5,0)) -> 51 | BL2: =(IF('Section Load'!AS5>0,'Section Load'!AS5,0)) -> 0 | BM2: =(IF('Section Load'!AT5>0,'Section Load'!AT5,0)) -> 611.285
A3: Mumbai | B3: =B2+1 -> 2 | C3: 2 | D3: 2023 | E3: =(IF('Section Load'!F6>0,'Section Load'!F6,0)) -> 3052.71 | F3: =(IF('Section Load'!G6>0,'Section Load'!G6,0)) -> 1444.96 | G3: =(IF('Section Load'!H6>0,'Section Load'!H6,0)) -> 2647.57 | H3: =(IF('Section Load'!I6>0,'Section Load'!I6,0)) -> 2798.19 | I3: =(IF('Section Load'!J6>0,'Section Load'!J6,0)) -> 4638.19 | J3: =(IF('Section Load'!K6>0,'Section Load'!K6,0)) -> 2483.99 | K3: =(IF('Section Load'!L6>0,'Section Load'!L6,0)) -> 1293.39 | L3: =(IF('Section Load'!M6>0,'Section Load'!M6,0)) -> 1009 | ... AL3: =(IF('Section Load'!AM6>0,'Section Load'!AM6,0)) -> 582 | AM3: =(IF('Water Report'!$E$7>0,'Water Report'!$E$7,0)) -> 129 | AN3: =(IF('Water Report'!$E$8>0,'Water Report'!$E$8,0)) -> 74 | AO3: =(IF('Water Report'!$E$9>0,'Water Report'!$E$9,0)) -> 142 | AP3: =(IF('Water Report'!$E$10>0,'Water Report'!$E$10,0)) -> 15 | AQ3: =(IF('Water Report'!$E$11>0,'Water Report'!$E$11,0)) -> 16 | AR3: =(IF('Water Report'!$E$13>0,'Water Report'!$E$13,0)) -> 15 | AS3: =(IF('Water Report'!$E$14>0,'Water Report'!$E$14,0)) -> 6 | AT3: =(IF('Water Report'!$E$15>0,'Water Report'!$E$15,0)) -> 7 | AU3: =(IF('Water Report'!$E$17>0,'Water Report'!$E$17,0)) -> 2 | AV3: =(IF('Water Report'!$E$18>0,'Water Report'!$E$18,0)) -> 9 | AW3: =(IF('Water Report'!$E$19>0,'Water Report'!$E$19,0)) -> 12 | AX3: =(IF('Water Report'!$E$21>0,'Water Report'!$E$21,0)) -> 116 | AY3: =(IF('Water Report'!$E$22>0,'Water Report'!$E$22,0)) -> 0 | AZ3: =(IF('Water Report'!$E$23>0,'Water Report'!$E$23,0)) -> 3 | BA3: =(IF('Water Report'!$E$14>0,'Water Report'!$E$14,0)) -> 6 | BB3: =(IF('Water Report'!$E$15>0,'Water Report'!$E$15,0)) -> 7 | BC3: =(IF('Water Report'!$E$13>0,'Water Report'!$E$13,0)) -> 15 | BD3: =(IF('Water Report'!$E$24>0,'Water Report'!$E$24,0)) -> 249 | BE3: =(IF('Water Report'!$E$25>0,'Water Report'!$E$25,0)) -> 186 | BF3: =(IF('Water Report'!$E$27>0,'Water Report'!$E$27,0)) -> 134 | BG3: =(IF('Section Load'!AN6>0,'Section Load'!AN6,0)) -> 1083 | BH3: =(IF('Section Load'!AO6>0,'Section Load'!AO6,0)) -> 293 | BI3: =(IF('Section Load'!AP6>0,'Section Load'!AP6,0)) -> 0 | BJ3: =(IF('Section Load'!AQ6>0,'Section Load'!AQ6,0)) -> 111 | BK3: =(IF('Section Load'!AR6>0,'Section Load'!AR6,0)) -> 43 | BL3: =(IF('Section Load'!AS6>0,'Section Load'!AS6,0)) -> 0 | BM3: =(IF('Section Load'!AT6>0,'Section Load'!AT6,0)) -> 636
A4: Mumbai | B4: =B3+1 -> 3 | C4: 2 | D4: 2023 | E4: =(IF('Section Load'!F7>0,'Section Load'!F7,0)) -> 2999.29 | F4: =(IF('Section Load'!G7>0,'Section Load'!G7,0)) -> 1455.03 | G4: =(IF('Section Load'!H7>0,'Section Load'!H7,0)) -> 2822.43 | H4: =(IF('Section Load'!I7>0,'Section Load'!I7,0)) -> 2880.23 | I4: =(IF('Section Load'!J7>0,'Section Load'!J7,0)) -> 3321 | J4: =(IF('Section Load'!K7>0,'Section Load'!K7,0)) -> 2638.01 | K4: =(IF('Section Load'!L7>0,'Section Load'!L7,0)) -> 1949.68 | L4: =(IF('Section Load'!M7>0,'Section Load'!M7,0)) -> 1123.9 | ... AL4: =(IF('Section Load'!AM7>0,'Section Load'!AM7,0)) -> 504 | AM4: =(IF('Water Report'!$F$7>0,'Water Report'!$F$7,0)) -> 129.3 | AN4: =(IF('Water Report'!$F$8>0,'Water Report'!$F$8,0)) -> 74 | AO4: =(IF('Water Report'!$F$9>0,'Water Report'!$G$9,0)) -> 145 | AP4: =(IF('Water Report'!$F$10>0,'Water Report'!$F$10,0)) -> 17 | AQ4: =(IF('Water Report'!$F$11>0,'Water Report'!$F$11,0)) -> 30 | AR4: =(IF('Water Report'!$F$13>0,'Water Report'!$F$13,0)) -> 20 | AS4: =(IF('Water Report'!$F$14>0,'Water Report'!$F$14,0)) -> 4 | AT4: =(IF('Water Report'!$F$15>0,'Water Report'!$F$15,0)) -> 9 | AU4: =(IF('Water Report'!$F$17>0,'Water Report'!$F$17,0)) -> 2 | AV4: =(IF('Water Report'!$F$18>0,'Water Report'!$F$18,0)) -> 14 | AW4: =(IF('Water Report'!$F$19>0,'Water Report'!$F$19,0)) -> 11 | AX4: =(IF('Water Report'!$F$21>0,'Water Report'!$F$21,0)) -> 121 | AY4: =(IF('Water Report'!$F$22>0,'Water Report'!$F$22,0)) -> 0 | AZ4: =(IF('Water Report'!$F$23>0,'Water Report'!$F$23,0)) -> 6 | BA4: =(IF('Water Report'!$F$14>0,'Water Report'!$F$14,0)) -> 4 | BB4: =(IF('Water Report'!$F$15>0,'Water Report'!$F$15,0)) -> 9 | BC4: =(IF('Water Report'!$F$13>0,'Water Report'!$F$13,0)) -> 20 | BD4: =(IF('Water Report'!$F$24>0,'Water Report'!$F$24,0)) -> 277 | BE4: =(IF('Water Report'!$F$25>0,'Water Report'!$F$25,0)) -> 200 | BF4: =(IF('Water Report'!$F$27>0,'Water Report'!$F$27,0)) -> 147 | BG4: =(IF('Section Load'!AN7>0,'Section Load'!AN7,0)) -> 1112 | BH4: =(IF('Section Load'!AO7>0,'Section Load'!AO7,0)) -> 304 | BI4: =(IF('Section Load'!AP7>0,'Section Load'!AP7,0)) -> 0 | BJ4: =(IF('Section Load'!AQ7>0,'Section Load'!AQ7,0)) -> 101 | BK4: =(IF('Section Load'!AR7>0,'Section Load'!AR7,0)) -> 49 | BL4: =(IF('Section Load'!AS7>0,'Section Load'!AS7,0)) -> 0 | BM4: =(IF('Section Load'!AT7>0,'Section Load'!AT7,0)) -> 658
A5: Mumbai | B5: =B4+1 -> 4 | C5: 2 | D5: 2023 | E5: =(IF('Section Load'!F8>0,'Section Load'!F8,0)) -> 2937 | F5: =(IF('Section Load'!G8>0,'Section Load'!G8,0)) -> 1470.57 | G5: =(IF('Section Load'!H8>0,'Section Load'!H8,0)) -> 2762 | H5: =(IF('Section Load'!I8>0,'Section Load'!I8,0)) -> 2818.34 | I5: =(IF('Section Load'!J8>0,'Section Load'!J8,0)) -> 3150.57 | J5: =(IF('Section Load'!K8>0,'Section Load'!K8,0)) -> 2585 | K5: =(IF('Section Load'!L8>0,'Section Load'!L8,0)) -> 1188.93 | L5: =(IF('Section Load'!M8>0,'Section Load'!M8,0)) -> 925.1 | ... AL5: =(IF('Section Load'!AM8>0,'Section Load'!AM8,0)) -> 467 | AM5: =(IF('Water Report'!$G$7>0,'Water Report'!$F$7,0)) -> 129.3 | AN5: =(IF('Water Report'!$G$8>0,'Water Report'!$F$8,0)) -> 74 | AO5: =(IF('Water Report'!$G$9>0,'Water Report'!$H$9,0)) -> 114 | AP5: =(IF('Water Report'!$G$10>0,'Water Report'!$G$10,0)) -> 18 | AQ5: =(IF('Water Report'!$G$11>0,'Water Report'!$G$11,0)) -> 30 | AR5: =(IF('Water Report'!$G$13>0,'Water Report'!$G$13,0)) -> 32 | AS5: =(IF('Water Report'!$G$14>0,'Water Report'!$G$14,0)) -> 3 | AT5: =(IF('Water Report'!$G$15>0,'Water Report'!$G$15,0)) -> 5 | AU5: =(IF('Water Report'!$G$17>0,'Water Report'!$G$17,0)) -> 2 | AV5: =(IF('Water Report'!$G$18>0,'Water Report'!$G$18,0)) -> 9 | AW5: =(IF('Water Report'!$G$19>0,'Water Report'!$G$19,0)) -> 4 | AX5: =(IF('Water Report'!$G$21>0,'Water Report'!$G$21,0)) -> 143 | AY5: =(IF('Water Report'!$G$22>0,'Water Report'!$G$22,0)) -> 0 | AZ5: =(IF('Water Report'!$G$23>0,'Water Report'!$G$23,0)) -> 10 | BA5: =(IF('Water Report'!$G$14>0,'Water Report'!$G$14,0)) -> 3 | BB5: =(IF('Water Report'!$G$15>0,'Water Report'!$G$15,0)) -> 5 | BC5: =(IF('Water Report'!$G$13>0,'Water Report'!$G$13,0)) -> 32 | BD5: =(IF('Water Report'!$G$24>0,'Water Report'!$G$24,0)) -> 265 | BE5: =(IF('Water Report'!$G$25>0,'Water Report'!$G$25,0)) -> 201 | BF5: =(IF('Water Report'!$G$27>0,'Water Report'!$G$27,0)) -> 185 | BG5: =(IF('Section Load'!AN8>0,'Section Load'!AN8,0)) -> 1150 | BH5: =(IF('Section Load'!AO8>0,'Section Load'!AO8,0)) -> 305 | BI5: =(IF('Section Load'!AP8>0,'Section Load'!AP8,0)) -> 0 | BJ5: =(IF('Section Load'!AQ8>0,'Section Load'!AQ8,0)) -> 116 | BK5: =(IF('Section Load'!AR8>0,'Section Load'!AR8,0)) -> 54 | BL5: =(IF('Section Load'!AS8>0,'Section Load'!AS8,0)) -> 0 | BM5: =(IF('Section Load'!AT8>0,'Section Load'!AT8,0)) -> 675
A6: Mumbai | B6: =B5+1 -> 5 | C6: 2 | D6: 2023 | E6: =(IF('Section Load'!F9>0,'Section Load'!F9,0)) -> 3086.83 | F6: =(IF('Section Load'!G9>0,'Section Load'!G9,0)) -> 1511 | G6: =(IF('Section Load'!H9>0,'Section Load'!H9,0)) -> 2739.43 | H6: =(IF('Section Load'!I9>0,'Section Load'!I9,0)) -> 2837.21 | I6: =(IF('Section Load'!J9>0,'Section Load'!J9,0)) -> 3609.84 | J6: =(IF('Section Load'!K9>0,'Section Load'!K9,0)) -> 2660 | K6: =(IF('Section Load'!L9>0,'Section Load'!L9,0)) -> 1129.36 | L6: =(IF('Section Load'!M9>0,'Section Load'!M9,0)) -> 1036.59 | ... AL6: =(IF('Section Load'!AM9>0,'Section Load'!AM9,0)) -> 483 | AM6: =(IF('Water Report'!$H$7>0,'Water Report'!$H$7,0)) -> 124 | AN6: =(IF('Water Report'!$H$8>0,'Water Report'!$H$8,0)) -> 66 | AO6: =(IF('Water Report'!$H$9>0,'Water Report'!$H$9,0)) -> 114 | AP6: =(IF('Water Report'!$H$10>0,'Water Report'!$H$10,0)) -> 22 | AQ6: =(IF('Water Report'!$H$11>0,'Water Report'!$H$11,0)) -> 26 | AR6: =(IF('Water Report'!$H$13>0,'Water Report'!$H$13,0)) -> 20 | AS6: =(IF('Water Report'!$H$14>0,'Water Report'!$H$14,0)) -> 2 | AT6: =(IF('Water Report'!$H$15>0,'Water Report'!$H$15,0)) -> 7 | AU6: =(IF('Water Report'!$H$17>0,'Water Report'!$H$17,0)) -> 0 | AV6: =(IF('Water Report'!$H$18>0,'Water Report'!$H$18,0)) -> 11 | AW6: =(IF('Water Report'!$H$19>0,'Water Report'!$H$19,0)) -> 28 | AX6: =(IF('Water Report'!$H$21>0,'Water Report'!$H$21,0)) -> 61 | AY6: =(IF('Water Report'!$H$22>0,'Water Report'!$H$22,0)) -> 0 | AZ6: =(IF('Water Report'!$H$23>0,'Water Report'!$H$23,0)) -> 0 | BA6: =(IF('Water Report'!$H$14>0,'Water Report'!$H$14,0)) -> 2 | BB6: =(IF('Water Report'!$H$15>0,'Water Report'!$H$15,0)) -> 7 | BC6: =(IF('Water Report'!$H$13>0,'Water Report'!$H$13,0)) -> 20 | BD6: =(IF('Water Report'!$H$24>0,'Water Report'!$H$24,0)) -> 302 | BE6: =(IF('Water Report'!$H$25>0,'Water Report'!$H$25,0)) -> 171 | BF6: =(IF('Water Report'!$H$27>0,'Water Report'!$H$27,0)) -> 81 | BG6: =(IF('Section Load'!AN9>0,'Section Load'!AN9,0)) -> 1134.2 | BH6: =(IF('Section Load'!AO9>0,'Section Load'!AO9,0)) -> 342 | BI6: =(IF('Section Load'!AP9>0,'Section Load'!AP9,0)) -> 0 | BJ6: =(IF('Section Load'!AQ9>0,'Section Load'!AQ9,0)) -> 109 | BK6: =(IF('Section Load'!AR9>0,'Section Load'!AR9,0)) -> 56 | BL6: =(IF('Section Load'!AS9>0,'Section Load'!AS9,0)) -> 0.5 | BM6: =(IF('Section Load'!AT9>0,'Section Load'!AT9,0)) -> 626.7
A7: Mumbai | B7: =B6+1 -> 6 | C7: 2 | D7: 2023 | E7: =(IF('Section Load'!F10>0,'Section Load'!F10,0)) -> 3158.17 | F7: =(IF('Section Load'!G10>0,'Section Load'!G10,0)) -> 1555 | G7: =(IF('Section Load'!H10>0,'Section Load'!H10,0)) -> 2717.57 | H7: =(IF('Section Load'!I10>0,'Section Load'!I10,0)) -> 2829 | I7: =(IF('Section Load'!J10>0,'Section Load'!J10,0)) -> 3625.49 | J7: =(IF('Section Load'!K10>0,'Section Load'!K10,0)) -> 2664 | K7: =(IF('Section Load'!L10>0,'Section Load'!L10,0)) -> 1416.64 | L7: =(IF('Section Load'!M10>0,'Section Load'!M10,0)) -> 1112.41 | ... AL7: =(IF('Section Load'!AM10>0,'Section Load'!AM10,0)) -> 442 | AM7: =(IF('Water Report'!$I$7>0,'Water Report'!$I$7,0)) -> 111 | AN7: =(IF('Water Report'!$I$8>0,'Water Report'!$I$8,0)) -> 88 | AO7: =(IF('Water Report'!$I$9>0,'Water Report'!$I$9,0)) -> 135 | AP7: =(IF('Water Report'!$I$10>0,'Water Report'!$I$10,0)) -> 27 | AQ7: =(IF('Water Report'!$I$11>0,'Water Report'!$I$11,0)) -> 19 | AR7: =(IF('Water Report'!$I$13>0,'Water Report'!$I$13,0)) -> 30 | AS7: =(IF('Water Report'!$I$14>0,'Water Report'!$I$14,0)) -> 4 | AT7: =(IF('Water Report'!$I$15>0,'Water Report'!$I$15,0)) -> 4 | AU7: =(IF('Water Report'!$I$17>0,'Water Report'!$I$17,0)) -> 0 | AV7: =(IF('Water Report'!$I$18>0,'Water Report'!$I$18,0)) -> 11 | AW7: =(IF('Water Report'!$I$19>0,'Water Report'!$I$19,0)) -> 14 | AX7: =(IF('Water Report'!$I$21>0,'Water Report'!$I$21,0)) -> 118 | AY7: =(IF('Water Report'!$I$22>0,'Water Report'!$I$22,0)) -> 0 | AZ7: =(IF('Water Report'!$I$23>0,'Water Report'!$I$23,0)) -> 9 | BA7: =(IF('Water Report'!$I$14>0,'Water Report'!$I$14,0)) -> 4 | BB7: =(IF('Water Report'!$I$15>0,'Water Report'!$I$15,0)) -> 4 | BC7: =(IF('Water Report'!$I$13>0,'Water Report'!$I$13,0)) -> 30 | BD7: =(IF('Water Report'!$I$24>0,'Water Report'!$I$24,0)) -> 311 | BE7: =(IF('Water Report'!$I$25>0,'Water Report'!$I$25,0)) -> 189 | BF7: =(IF('Water Report'!$I$27>0,'Water Report'!$I$27,0)) -> 157 | BG7: =(IF('Section Load'!AN10>0,'Section Load'!AN10,0)) -> 1087.8 | BH7: =(IF('Section Load'!AO10>0,'Section Load'!AO10,0)) -> 318 | BI7: =(IF('Section Load'!AP10>0,'Section Load'!AP10,0)) -> 0 | BJ7: =(IF('Section Load'!AQ10>0,'Section Load'!AQ10,0)) -> 114 | BK7: =(IF('Section Load'!AR10>0,'Section Load'!AR10,0)) -> 55 | BL7: =(IF('Section Load'!AS10>0,'Section Load'!AS10,0)) -> 0 | BM7: =(IF('Section Load'!AT10>0,'Section Load'!AT10,0)) -> 600.8
A8: Mumbai | B8: =B7+1 -> 7 | C8: 2 | D8: 2023 | E8: =(IF('Section Load'!F11>0,'Section Load'!F11,0)) -> 3302 | F8: =(IF('Section Load'!G11>0,'Section Load'!G11,0)) -> 1488 | G8: =(IF('Section Load'!H11>0,'Section Load'!H11,0)) -> 2729 | H8: =(IF('Section Load'!I11>0,'Section Load'!I11,0)) -> 2806 | I8: =(IF('Section Load'!J11>0,'Section Load'!J11,0)) -> 3472 | J8: =(IF('Section Load'!K11>0,'Section Load'!K11,0)) -> 2678 | K8: =(IF('Section Load'!L11>0,'Section Load'!L11,0)) -> 1524 | L8: =(IF('Section Load'!M11>0,'Section Load'!M11,0)) -> 1116 | ... AL8: =(IF('Section Load'!AM11>0,'Section Load'!AM11,0)) -> 600 | AM8: =(IF('Water Report'!$J$7>0,'Water Report'!$J$7,0)) -> 147 | AN8: =(IF('Water Report'!$J$8>0,'Water Report'!$J$8,0)) -> 94 | AO8: =(IF('Water Report'!$J$9>0,'Water Report'!$J$9,0)) -> 140 | AP8: =(IF('Water Report'!$J$10>0,'Water Report'!$J$10,0)) -> 22 | AQ8: =(IF('Water Report'!$J$11>0,'Water Report'!$J$11,0)) -> 20 | AR8: =(IF('Water Report'!$J$13>0,'Water Report'!$J$13,0)) -> 21 | AS8: =(IF('Water Report'!$J$14>0,'Water Report'!$J$14,0)) -> 2 | AT8: =(IF('Water Report'!$J$15>0,'Water Report'!$J$15,0)) -> 8 | AU8: =(IF('Water Report'!$J$17>0,'Water Report'!$J$17,0)) -> 1 | AV8: =(IF('Water Report'!$J$18>0,'Water Report'!$J$18,0)) -> 10 | AW8: =(IF('Water Report'!$J$19>0,'Water Report'!$J$19,0)) -> 14 | AX8: =(IF('Water Report'!$J$21>0,'Water Report'!$J$21,0)) -> 92 | AY8: =(IF('Water Report'!$J$22>0,'Water Report'!$J$22,0)) -> 0 | AZ8: =(IF('Water Report'!$J$23>0,'Water Report'!$J$23,0)) -> 4 | BA8: =(IF('Water Report'!$J$14>0,'Water Report'!$J$14,0)) -> 2 | BB8: =(IF('Water Report'!$J$15>0,'Water Report'!$J$15,0)) -> 8 | BC8: =(IF('Water Report'!$J$13>0,'Water Report'!$J$13,0)) -> 21 | BD8: =(IF('Water Report'!$J$24>0,'Water Report'!$J$24,0)) -> 220 | BE8: =(IF('Water Report'!$J$25>0,'Water Report'!$J$25,0)) -> 192 | BF8: =(IF('Water Report'!$J$27>0,'Water Report'!$J$27,0)) -> 117 | BG8: =(IF('Section Load'!AN11>0,'Section Load'!AN11,0)) -> 1130 | BH8: =(IF('Section Load'!AO11>0,'Section Load'!AO11,0)) -> 320 | BI8: =(IF('Section Load'!AP11>0,'Section Load'!AP11,0)) -> 0 | BJ8: =(IF('Section Load'!AQ11>0,'Section Load'!AQ11,0)) -> 116 | BK8: =(IF('Section Load'!AR11>0,'Section Load'!AR11,0)) -> 47 | BL8: =(IF('Section Load'!AS11>0,'Section Load'!AS11,0)) -> 0 | BM8: =(IF('Section Load'!AT11>0,'Section Load'!AT11,0)) -> 647
A9: Mumbai | B9: =B8+1 -> 8 | C9: 2 | D9: 2023 | E9: =(IF('Section Load'!F12>0,'Section Load'!F12,0)) -> 3250.79 | F9: =(IF('Section Load'!G12>0,'Section Load'!G12,0)) -> 1465 | G9: =(IF('Section Load'!H12>0,'Section Load'!H12,0)) -> 2794 | H9: =(IF('Section Load'!I12>0,'Section Load'!I12,0)) -> 2838 | I9: =(IF('Section Load'!J12>0,'Section Load'!J12,0)) -> 3412 | J9: =(IF('Section Load'!K12>0,'Section Load'!K12,0)) -> 2448 | K9: =(IF('Section Load'!L12>0,'Section Load'!L12,0)) -> 1565 | L9: =(IF('Section Load'!M12>0,'Section Load'!M12,0)) -> 946 | ... AL9: =(IF('Section Load'!AM12>0,'Section Load'!AM12,0)) -> 723 | AM9: =(IF('Water Report'!$K$7>0,'Water Report'!$K$7,0)) -> 156 | AN9: =(IF('Water Report'!$K$8>0,'Water Report'!$K$8,0)) -> 1 | AO9: =(IF('Water Report'!$K$9>0,'Water Report'!$K$9,0)) -> 137 | AP9: =(IF('Water Report'!$K$10>0,'Water Report'!$K$10,0)) -> 10 | AQ9: =(IF('Water Report'!$K$11>0,'Water Report'!$K$11,0)) -> 24 | AR9: =(IF('Water Report'!$K$13>0,'Water Report'!$K$13,0)) -> 24 | AS9: =(IF('Water Report'!$K$14>0,'Water Report'!$K$14,0)) -> 9 | AT9: =(IF('Water Report'!$K$15>0,'Water Report'!$K$15,0)) -> 9 | AU9: =(IF('Water Report'!$K$17>0,'Water Report'!$K$17,0)) -> 0 | AV9: =(IF('Water Report'!$K$18>0,'Water Report'!$K$18,0)) -> 13 | AW9: =(IF('Water Report'!$K$19>0,'Water Report'!$K$19,0)) -> 15 | AX9: =(IF('Water Report'!$K$21>0,'Water Report'!$K$21,0)) -> 88 | AY9: =(IF('Water Report'!$K$22>0,'Water Report'!$K$22,0)) -> 0 | AZ9: =(IF('Water Report'!$K$23>0,'Water Report'!$K$23,0)) -> 0 | BA9: =(IF('Water Report'!$K$14>0,'Water Report'!$K$14,0)) -> 9 | BB9: =(IF('Water Report'!$K$15>0,'Water Report'!$K$15,0)) -> 9 | BC9: =(IF('Water Report'!$K$13>0,'Water Report'!$K$13,0)) -> 24 | BD9: =(IF('Water Report'!$K$24>0,'Water Report'!$K$24,0)) -> 415 | BE9: =(IF('Water Report'!$K$25>0,'Water Report'!$K$25,0)) -> 189 | BF9: =(IF('Water Report'!$K$27>0,'Water Report'!$K$27,0)) -> 112 | BG9: =(IF('Section Load'!AN12>0,'Section Load'!AN12,0)) -> 1248 | BH9: =(IF('Section Load'!AO12>0,'Section Load'!AO12,0)) -> 344 | BI9: =(IF('Section Load'!AP12>0,'Section Load'!AP12,0)) -> 0.2 | BJ9: =(IF('Section Load'!AQ12>0,'Section Load'!AQ12,0)) -> 125 | BK9: =(IF('Section Load'!AR12>0,'Section Load'!AR12,0)) -> 57 | BL9: =(IF('Section Load'!AS12>0,'Section Load'!AS12,0)) -> 0 | BM9: =(IF('Section Load'!AT12>0,'Section Load'!AT12,0)) -> 721.8
A10: Mumbai | B10: =B9+1 -> 9 | C10: 2 | D10: 2023 | E10: =(IF('Section Load'!F13>0,'Section Load'!F13,0)) -> 3086.27 | F10: =(IF('Section Load'!G13>0,'Section Load'!G13,0)) -> 1388.59 | G10: =(IF('Section Load'!H13>0,'Section Load'!H13,0)) -> 2435.86 | H10: =(IF('Section Load'!I13>0,'Section Load'!I13,0)) -> 2782.34 | I10: =(IF('Section Load'!J13>0,'Section Load'!J13,0)) -> 3380.17 | J10: =(IF('Section Load'!K13>0,'Section Load'!K13,0)) -> 2617.79 | K10: =(IF('Section Load'!L13>0,'Section Load'!L13,0)) -> 1214.71 | L10: =(IF('Section Load'!M13>0,'Section Load'!M13,0)) -> 987.55 | ... AL10: =(IF('Section Load'!AM13>0,'Section Load'!AM13,0)) -> 544 | AM10: =(IF('Water Report'!$L$7>0,'Water Report'!$L$7,0)) -> 9 | AN10: =(IF('Water Report'!$L$8>0,'Water Report'!$L$8,0)) -> 45 | AO10: =(IF('Water Report'!$L$9>0,'Water Report'!$L$9,0)) -> 131 | AP10: =(IF('Water Report'!$L$10>0,'Water Report'!$L$10,0)) -> 6 | AQ10: =(IF('Water Report'!$L$11>0,'Water Report'!$L$11,0)) -> 22 | AR10: =(IF('Water Report'!$L$13>0,'Water Report'!$L$13,0)) -> 10 | AS10: =(IF('Water Report'!$L$14>0,'Water Report'!$L$14,0)) -> 3 | AT10: =(IF('Water Report'!$L$15>0,'Water Report'!$L$15,0)) -> 7 | AU10: =(IF('Water Report'!$L$17>0,'Water Report'!$L$17,0)) -> 3 | AV10: =(IF('Water Report'!$L$18>0,'Water Report'!$L$18,0)) -> 11 | AW10: =(IF('Water Report'!$L$19>0,'Water Report'!$L$19,0)) -> 17 | AX10: =(IF('Water Report'!$L$21>0,'Water Report'!$L$21,0)) -> 93 | AY10: =(IF('Water Report'!$L$22>0,'Water Report'!$L$22,0)) -> 0 | AZ10: =(IF('Water Report'!$L$23>0,'Water Report'!$L$23,0)) -> 5 | BA10: =(IF('Water Report'!$L$14>0,'Water Report'!$L$14,0)) -> 3 | BB10: =(IF('Water Report'!$L$15>0,'Water Report'!$L$15,0)) -> 7 | BC10: =(IF('Water Report'!$L$13>0,'Water Report'!$L$13,0)) -> 10 | BD10: =(IF('Water Report'!$L$24>0,'Water Report'!$L$24,0)) -> 105 | BE10: =(IF('Water Report'!$L$25>0,'Water Report'!$L$25,0)) -> 169 | BF10: =(IF('Water Report'!$L$27>0,'Water Report'!$L$27,0)) -> 108 | BG10: =(IF('Section Load'!AN13>0,'Section Load'!AN13,0)) -> 1162.76 | BH10: =(IF('Section Load'!AO13>0,'Section Load'!AO13,0)) -> 305.61 | BI10: =(IF('Section Load'!AP13>0,'Section Load'!AP13,0)) -> 0 | BJ10: =(IF('Section Load'!AQ13>0,'Section Load'!AQ13,0)) -> 84 | BK10: =(IF('Section Load'!AR13>0,'Section Load'!AR13,0)) -> 42 | BL10: =(IF('Section Load'!AS13>0,'Section Load'!AS13,0)) -> 0 | BM10: =(IF('Section Load'!AT13>0,'Section Load'!AT13,0)) -> 731.35
A11: Mumbai | B11: =B10+1 -> 10 | C11: 2 | D11: 2023 | E11: =(IF('Section Load'!F14>0,'Section Load'!F14,0)) -> 3098.94 | F11: =(IF('Section Load'!G14>0,'Section Load'!G14,0)) -> 1391.41 | G11: =(IF('Section Load'!H14>0,'Section Load'!H14,0)) -> 2439.57 | H11: =(IF('Section Load'!I14>0,'Section Load'!I14,0)) -> 2862.66 | I11: =(IF('Section Load'!J14>0,'Section Load'!J14,0)) -> 3491.04 | J11: =(IF('Section Load'!K14>0,'Section Load'!K14,0)) -> 2611.81 | K11: =(IF('Section Load'!L14>0,'Section Load'!L14,0)) -> 1246.29 | L11: =(IF('Section Load'!M14>0,'Section Load'!M14,0)) -> 1005.45 | ... AL11: =(IF('Section Load'!AM14>0,'Section Load'!AM14,0)) -> 506 | AM11: =(IF('Water Report'!$M$7>0,'Water Report'!$M$7,0)) -> 0 | AN11: =(IF('Water Report'!$M$8>0,'Water Report'!$M$8,0)) -> 93 | AO11: =(IF('Water Report'!$M$9>0,'Water Report'!$M$9,0)) -> 114 | AP11: =(IF('Water Report'!$M$10>0,'Water Report'!$M$10,0)) -> 9 | AQ11: =(IF('Water Report'!$M$11>0,'Water Report'!$M$11,0)) -> 22 | AR11: =(IF('Water Report'!$M$13>0,'Water Report'!$M$13,0)) -> 10 | AS11: =(IF('Water Report'!$M$14>0,'Water Report'!$M$14,0)) -> 6 | AT11: =(IF('Water Report'!$M$15>0,'Water Report'!$M$15,0)) -> 6 | AU11: =(IF('Water Report'!$M$17>0,'Water Report'!$M$17,0)) -> 2 | AV11: =(IF('Water Report'!$M$18>0,'Water Report'!$M$18,0)) -> 10 | AW11: =(IF('Water Report'!$M$19>0,'Water Report'!$M$19,0)) -> 13 | AX11: =(IF('Water Report'!$M$21>0,'Water Report'!$M$21,0)) -> 92 | AY11: =(IF('Water Report'!$M$22>0,'Water Report'!$M$22,0)) -> 0 | AZ11: =(IF('Water Report'!$M$23>0,'Water Report'!$M$23,0)) -> 1 | BA11: =(IF('Water Report'!$M$14>0,'Water Report'!$M$14,0)) -> 6 | BB11: =(IF('Water Report'!$M$15>0,'Water Report'!$M$15,0)) -> 6 | BC11: =(IF('Water Report'!$M$13>0,'Water Report'!$M$13,0)) -> 10 | BD11: =(IF('Water Report'!$M$24>0,'Water Report'!$M$24,0)) -> 47 | BE11: =(IF('Water Report'!$M$25>0,'Water Report'!$M$25,0)) -> 157 | BF11: =(IF('Water Report'!$M$27>0,'Water Report'!$M$27,0)) -> 103 | BG11: =(IF('Section Load'!AN14>0,'Section Load'!AN14,0)) -> 1074.82 | BH11: =(IF('Section Load'!AO14>0,'Section Load'!AO14,0)) -> 311.39 | BI11: =(IF('Section Load'!AP14>0,'Section Load'!AP14,0)) -> 0 | BJ11: =(IF('Section Load'!AQ14>0,'Section Load'!AQ14,0)) -> 100 | BK11: =(IF('Section Load'!AR14>0,'Section Load'!AR14,0)) -> 47 | BL11: =(IF('Section Load'!AS14>0,'Section Load'!AS14,0)) -> 0 | BM11: =(IF('Section Load'!AT14>0,'Section Load'!AT14,0)) -> 616.43
A12: Mumbai | B12: =B11+1 -> 11 | C12: 2 | D12: 2023 | E12: =(IF('Section Load'!F15>0,'Section Load'!F15,0)) -> 3210.46 | F12: =(IF('Section Load'!G15>0,'Section Load'!G15,0)) -> 1366.19 | G12: =(IF('Section Load'!H15>0,'Section Load'!H15,0)) -> 2416.75 | H12: =(IF('Section Load'!I15>0,'Section Load'!I15,0)) -> 2794.22 | I12: =(IF('Section Load'!J15>0,'Section Load'!J15,0)) -> 2718.21 | J12: =(IF('Section Load'!K15>0,'Section Load'!K15,0)) -> 2619.87 | K12: =(IF('Section Load'!L15>0,'Section Load'!L15,0)) -> 1156.95 | L12: =(IF('Section Load'!M15>0,'Section Load'!M15,0)) -> 1010.47 | ... AL12: =(IF('Section Load'!AM15>0,'Section Load'!AM15,0)) -> 860 | AM12: =(IF('Water Report'!$N$7>0,'Water Report'!$N$7,0)) -> 0 | AN12: =(IF('Water Report'!$N$8>0,'Water Report'!$N$8,0)) -> 132 | AO12: =(IF('Water Report'!$N$9>0,'Water Report'!$N$9,0)) -> 106 | AP12: =(IF('Water Report'!$N$10>0,'Water Report'!$N$10,0)) -> 10 | AQ12: =(IF('Water Report'!$N$11>0,'Water Report'!$N$11,0)) -> 36 | AR12: =(IF('Water Report'!$N$13>0,'Water Report'!$N$13,0)) -> 8 | AS12: =(IF('Water Report'!$N$14>0,'Water Report'!$N$14,0)) -> 3 | AT12: =(IF('Water Report'!$N$15>0,'Water Report'!$N$15,0)) -> 6 | AU12: =(IF('Water Report'!$N$17>0,'Water Report'!$N$17,0)) -> 2 | AV12: =(IF('Water Report'!$N$18>0,'Water Report'!$N$18,0)) -> 11 | AW12: =(IF('Water Report'!$N$19>0,'Water Report'!$N$19,0)) -> 12 | AX12: =(IF('Water Report'!$N$21>0,'Water Report'!$N$21,0)) -> 109 | AY12: =(IF('Water Report'!$N$22>0,'Water Report'!$N$22,0)) -> 0 | AZ12: =(IF('Water Report'!$N$23>0,'Water Report'!$N$23,0)) -> 2 | BA12: =(IF('Water Report'!$N$14>0,'Water Report'!$N$14,0)) -> 3 | BB12: =(IF('Water Report'!$N$15>0,'Water Report'!$N$15,0)) -> 6 | BC12: =(IF('Water Report'!$N$13>0,'Water Report'!$N$13,0)) -> 8 | BD12: =(IF('Water Report'!$N$24>0,'Water Report'!$N$24,0)) -> 54 | BE12: =(IF('Water Report'!$N$25>0,'Water Report'!$N$25,0)) -> 161 | BF12: =(IF('Water Report'!$N$27>0,'Water Report'!$N$27,0)) -> 119 | BG12: =(IF('Section Load'!AN15>0,'Section Load'!AN15,0)) -> 1066.42 | BH12: =(IF('Section Load'!AO15>0,'Section Load'!AO15,0)) -> 295.92 | BI12: =(IF('Section Load'!AP15>0,'Section Load'!AP15,0)) -> 0 | BJ12: =(IF('Section Load'!AQ15>0,'Section Load'!AQ15,0)) -> 131 | BK12: =(IF('Section Load'!AR15>0,'Section Load'!AR15,0)) -> 49 | BL12: =(IF('Section Load'!AS15>0,'Section Load'!AS15,0)) -> 0 | BM12: =(IF('Section Load'!AT15>0,'Section Load'!AT15,0)) -> 590.5
A13: Mumbai | B13: =B12+1 -> 12 | C13: 2 | D13: 2023 | E13: =(IF('Section Load'!F16>0,'Section Load'!F16,0)) -> 3075.2 | F13: =(IF('Section Load'!G16>0,'Section Load'!G16,0)) -> 1336.16 | G13: =(IF('Section Load'!H16>0,'Section Load'!H16,0)) -> 2375.52 | H13: =(IF('Section Load'!I16>0,'Section Load'!I16,0)) -> 2793.6 | I13: =(IF('Section Load'!J16>0,'Section Load'!J16,0)) -> 2806.04 | J13: =(IF('Section Load'!K16>0,'Section Load'!K16,0)) -> 2614.24 | K13: =(IF('Section Load'!L16>0,'Section Load'!L16,0)) -> 1137.48 | L13: =(IF('Section Load'!M16>0,'Section Load'!M16,0)) -> 734.44 | ... AL13: =(IF('Section Load'!AM16>0,'Section Load'!AM16,0)) -> 699 | AM13: =(IF('Water Report'!$O$7>0,'Water Report'!$O$7,0)) -> 0 | AN13: =(IF('Water Report'!$O$8>0,'Water Report'!$O$8,0)) -> 116 | AO13: =(IF('Water Report'!$O$9>0,'Water Report'!$O$9,0)) -> 101 | AP13: =(IF('Water Report'!$O$10>0,'Water Report'!$O$10,0)) -> 9 | AQ13: =(IF('Water Report'!$O$11>0,'Water Report'!$O$11,0)) -> 35 | AR13: =(IF('Water Report'!$O$13>0,'Water Report'!$O$13,0)) -> 13 | AS13: =(IF('Water Report'!$O$14>0,'Water Report'!$O$14,0)) -> 4 | AT13: =(IF('Water Report'!$O$15>0,'Water Report'!$O$15,0)) -> 6 | AU13: =(IF('Water Report'!$O$17>0,'Water Report'!$O$17,0)) -> 0 | AV13: =(IF('Water Report'!$O$18>0,'Water Report'!$O$18,0)) -> 0 | AW13: =(IF('Water Report'!$O$19>0,'Water Report'!$O$19,0)) -> 9 | AX13: =(IF('Water Report'!$O$21>0,'Water Report'!$O$21,0)) -> 92 | AY13: =(IF('Water Report'!$O$22>0,'Water Report'!$O$22,0)) -> 0 | AZ13: =(IF('Water Report'!$O$23>0,'Water Report'!$O$23,0)) -> 0 | BA13: =(IF('Water Report'!$O$14>0,'Water Report'!$O$14,0)) -> 4 | BB13: =(IF('Water Report'!$O$15>0,'Water Report'!$O$15,0)) -> 6 | BC13: =(IF('Water Report'!$O$13>0,'Water Report'!$O$13,0)) -> 13 | BD13: =(IF('Water Report'!$O$24>0,'Water Report'!$O$24,0)) -> 57 | BE13: =(IF('Water Report'!$O$25>0,'Water Report'!$O$25,0)) -> 155 | BF13: =(IF('Water Report'!$O$27>0,'Water Report'!$O$27,0)) -> 105 | BG13: =(IF('Section Load'!AN16>0,'Section Load'!AN16,0)) -> 741.61 | BH13: =(IF('Section Load'!AO16>0,'Section Load'!AO16,0)) -> 286.08 | BI13: =(IF('Section Load'!AP16>0,'Section Load'!AP16,0)) -> 0.2 | BJ13: =(IF('Section Load'!AQ16>0,'Section Load'!AQ16,0)) -> 112 | BK13: =(IF('Section Load'!AR16>0,'Section Load'!AR16,0)) -> 58 | BL13: =(IF('Section Load'!AS16>0,'Section Load'!AS16,0)) -> 0 | BM13: =(IF('Section Load'!AT16>0,'Section Load'!AT16,0)) -> 285.33
A14: Mumbai | B14: =B13+1 -> 13 | C14: 2 | D14: 2023 | E14: =(IF('Section Load'!F17>0,'Section Load'!F17,0)) -> 2867.61 | F14: =(IF('Section Load'!G17>0,'Section Load'!G17,0)) -> 1353.65 | G14: =(IF('Section Load'!H17>0,'Section Load'!H17,0)) -> 2302.16 | H14: =(IF('Section Load'!I17>0,'Section Load'!I17,0)) -> 2751.41 | I14: =(IF('Section Load'!J17>0,'Section Load'!J17,0)) -> 3416.84 | J14: =(IF('Section Load'!K17>0,'Section Load'!K17,0)) -> 2558.96 | K14: =(IF('Section Load'!L17>0,'Section Load'!L17,0)) -> 1562.52 | L14: =(IF('Section Load'!M17>0,'Section Load'!M17,0)) -> 807.09 | ... AL14: =(IF('Section Load'!AM17>0,'Section Load'!AM17,0)) -> 536 | AM14: =(IF('Water Report'!$P$7>0,'Water Report'!$P$7,0)) -> 0 | AN14: =(IF('Water Report'!$P$8>0,'Water Report'!$P$8,0)) -> 91 | AO14: =(IF('Water Report'!$P$9>0,'Water Report'!$P$9,0)) -> 83 | AP14: =(IF('Water Report'!$P$10>0,'Water Report'!$P$10,0)) -> 9 | AQ14: =(IF('Water Report'!$P$11>0,'Water Report'!$P$11,0)) -> 32 | AR14: =(IF('Water Report'!$P$13>0,'Water Report'!$P$13,0)) -> 9 | AS14: =(IF('Water Report'!$P$14>0,'Water Report'!$P$14,0)) -> 7 | AT14: =(IF('Water Report'!$P$15>0,'Water Report'!$P$15,0)) -> 11 | AU14: =(IF('Water Report'!$P$17>0,'Water Report'!$P$17,0)) -> 4 | AV14: =(IF('Water Report'!$P$18>0,'Water Report'!$P$18,0)) -> 0 | AW14: =(IF('Water Report'!$P$19>0,'Water Report'!$P$19,0)) -> 9 | AX14: =(IF('Water Report'!$P$21>0,'Water Report'!$P$21,0)) -> 78 | AY14: =(IF('Water Report'!$P$22>0,'Water Report'!$P$22,0)) -> 0 | AZ14: =(IF('Water Report'!$P$23>0,'Water Report'!$P$23,0)) -> 0 | BA14: =(IF('Water Report'!$P$14>0,'Water Report'!$P$14,0)) -> 7 | BB14: =(IF('Water Report'!$P$15>0,'Water Report'!$P$15,0)) -> 11 | BC14: =(IF('Water Report'!$P$13>0,'Water Report'!$P$13,0)) -> 9 | BD14: =(IF('Water Report'!$P$24>0,'Water Report'!$P$24,0)) -> 64 | BE14: =(IF('Water Report'!$P$25>0,'Water Report'!$P$25,0)) -> 142 | BF14: =(IF('Water Report'!$P$27>0,'Water Report'!$P$27,0)) -> 87 | BG14: =(IF('Section Load'!AN17>0,'Section Load'!AN17,0)) -> 738.4136 | BH14: =(IF('Section Load'!AO17>0,'Section Load'!AO17,0)) -> 299 | BI14: =(IF('Section Load'!AP17>0,'Section Load'!AP17,0)) -> 0 | BJ14: =(IF('Section Load'!AQ17>0,'Section Load'!AQ17,0)) -> 105 | BK14: =(IF('Section Load'!AR17>0,'Section Load'!AR17,0)) -> 48 | BL14: =(IF('Section Load'!AS17>0,'Section Load'!AS17,0)) -> 0 | BM14: =(IF('Section Load'!AT17>0,'Section Load'!AT17,0)) -> 286.8136
A15: Mumbai | B15: =B14+1 -> 14 | C15: 2 | D15: 2023 | E15: =(IF('Section Load'!F18>0,'Section Load'!F18,0)) -> 3173.73 | F15: =(IF('Section Load'!G18>0,'Section Load'!G18,0)) -> 1369.75 | G15: =(IF('Section Load'!H18>0,'Section Load'!H18,0)) -> 2361.49 | H15: =(IF('Section Load'!I18>0,'Section Load'!I18,0)) -> 2759.55 | I15: =(IF('Section Load'!J18>0,'Section Load'!J18,0)) -> 3541.01 | J15: =(IF('Section Load'!K18>0,'Section Load'!K18,0)) -> 2594.08 | K15: =(IF('Section Load'!L18>0,'Section Load'!L18,0)) -> 1637.72 | L15: =(IF('Section Load'!M18>0,'Section Load'!M18,0)) -> 948.87 | ... AL15: =(IF('Section Load'!AM18>0,'Section Load'!AM18,0)) -> 588 | AM15: =(IF('Water Report'!$Q$7>0,'Water Report'!$Q$7,0)) -> 0 | AN15: =(IF('Water Report'!$Q$8>0,'Water Report'!$Q$8,0)) -> 102 | AO15: =(IF('Water Report'!$Q$9>0,'Water Report'!$Q$9,0)) -> 99 | AP15: =(IF('Water Report'!$Q$10>0,'Water Report'!$Q$10,0)) -> 12 | AQ15: =(IF('Water Report'!$Q$11>0,'Water Report'!$Q$11,0)) -> 40 | AR15: =(IF('Water Report'!$Q$13>0,'Water Report'!$Q$13,0)) -> 11 | AS15: =(IF('Water Report'!$Q$14>0,'Water Report'!$Q$14,0)) -> 4 | AT15: =(IF('Water Report'!$Q$15>0,'Water Report'!$Q$15,0)) -> 6 | AU15: =(IF('Water Report'!$Q$17>0,'Water Report'!$Q$17,0)) -> 0 | AV15: =(IF('Water Report'!$Q$18>0,'Water Report'!$Q$18,0)) -> 0 | AW15: =(IF('Water Report'!$Q$19>0,'Water Report'!$Q$19,0)) -> 9 | AX15: =(IF('Water Report'!$Q$21>0,'Water Report'!$Q$21,0)) -> 45 | AY15: =(IF('Water Report'!$Q$22>0,'Water Report'!$Q$22,0)) -> 0 | AZ15: =(IF('Water Report'!$Q$23>0,'Water Report'!$Q$23,0)) -> 0 | BA15: =(IF('Water Report'!$Q$14>0,'Water Report'!$Q$14,0)) -> 4 | BB15: =(IF('Water Report'!$Q$15>0,'Water Report'!$Q$15,0)) -> 6 | BC15: =(IF('Water Report'!$Q$13>0,'Water Report'!$Q$13,0)) -> 11 | BD15: =(IF('Water Report'!$Q$24>0,'Water Report'!$Q$24,0)) -> 174 | BE15: =(IF('Water Report'!$Q$25>0,'Water Report'!$Q$25,0)) -> 161 | BF15: =(IF('Water Report'!$Q$27>0,'Water Report'!$Q$27,0)) -> 56 | BG15: =(IF('Section Load'!AN18>0,'Section Load'!AN18,0)) -> 823.9764 | BH15: =(IF('Section Load'!AO18>0,'Section Load'!AO18,0)) -> 286 | BI15: =(IF('Section Load'!AP18>0,'Section Load'!AP18,0)) -> 0 | BJ15: =(IF('Section Load'!AQ18>0,'Section Load'!AQ18,0)) -> 113 | BK15: =(IF('Section Load'!AR18>0,'Section Load'!AR18,0)) -> 64 | BL15: =(IF('Section Load'!AS18>0,'Section Load'!AS18,0)) -> 0 | BM15: =(IF('Section Load'!AT18>0,'Section Load'!AT18,0)) -> 360.9764
A16: Mumbai | B16: =B15+1 -> 15 | C16: 2 | D16: 2023 | E16: =(IF('Section Load'!F19>0,'Section Load'!F19,0)) -> 3189.83 | F16: =(IF('Section Load'!G19>0,'Section Load'!G19,0)) -> 1354.69 | G16: =(IF('Section Load'!H19>0,'Section Load'!H19,0)) -> 2676.24 | H16: =(IF('Section Load'!I19>0,'Section Load'!I19,0)) -> 2852.25 | I16: =(IF('Section Load'!J19>0,'Section Load'!J19,0)) -> 3568.97 | J16: =(IF('Section Load'!K19>0,'Section Load'!K19,0)) -> 2608.25 | K16: =(IF('Section Load'!L19>0,'Section Load'!L19,0)) -> 1526.33 | L16: =(IF('Section Load'!M19>0,'Section Load'!M19,0)) -> 1252 | ... AL16: =(IF('Section Load'!AM19>0,'Section Load'!AM19,0)) -> 724 | AM16: =(IF('Water Report'!$R$7>0,'Water Report'!$R$7,0)) -> 52 | AN16: =(IF('Water Report'!$R$8>0,'Water Report'!$R$8,0)) -> 89 | AO16: =(IF('Water Report'!$R$9>0,'Water Report'!$R$9,0)) -> 145 | AP16: =(IF('Water Report'!$R$10>0,'Water Report'!$R$10,0)) -> 9 | AQ16: =(IF('Water Report'!$R$11>0,'Water Report'!$R$11,0)) -> 16 | AR16: =(IF('Water Report'!$R$13>0,'Water Report'!$R$13,0)) -> 17 | AS16: =(IF('Water Report'!$R$14>0,'Water Report'!$R$14,0)) -> 9 | AT16: =(IF('Water Report'!$R$15>0,'Water Report'!$R$15,0)) -> 7 | AU16: =(IF('Water Report'!$R$17>0,'Water Report'!$R$17,0)) -> 0 | AV16: =(IF('Water Report'!$R$18>0,'Water Report'!$R$18,0)) -> 11 | AW16: =(IF('Water Report'!$R$19>0,'Water Report'!$R$19,0)) -> 15 | AX16: =(IF('Water Report'!$R$21>0,'Water Report'!$R$21,0)) -> 159 | AY16: =(IF('Water Report'!$R$22>0,'Water Report'!$R$22,0)) -> 0 | AZ16: =(IF('Water Report'!$R$23>0,'Water Report'!$R$23,0)) -> 13 | BA16: =(IF('Water Report'!$R$14>0,'Water Report'!$R$14,0)) -> 9 | BB16: =(IF('Water Report'!$R$15>0,'Water Report'!$R$15,0)) -> 7 | BC16: =(IF('Water Report'!$R$13>0,'Water Report'!$R$13,0)) -> 17 | BD16: =(IF('Water Report'!$R$24>0,'Water Report'!$R$24,0)) -> 308 | BE16: =(IF('Water Report'!$R$25>0,'Water Report'!$R$25,0)) -> 186 | BF16: =(IF('Water Report'!$R$27>0,'Water Report'!$R$27,0)) -> 189 | BG16: =(IF('Section Load'!AN19>0,'Section Load'!AN19,0)) -> 1071 | BH16: =(IF('Section Load'!AO19>0,'Section Load'!AO19,0)) -> 326.71 | BI16: =(IF('Section Load'!AP19>0,'Section Load'!AP19,0)) -> 0.2 | BJ16: =(IF('Section Load'!AQ19>0,'Section Load'!AQ19,0)) -> 122 | BK16: =(IF('Section Load'!AR19>0,'Section Load'!AR19,0)) -> 49 | BL16: =(IF('Section Load'!AS19>0,'Section Load'!AS19,0)) -> 0 | BM16: =(IF('Section Load'!AT19>0,'Section Load'!AT19,0)) -> 573.09
A17: Mumbai | B17: =B16+1 -> 16 | C17: 2 | D17: 2023 | E17: =(IF('Section Load'!F20>0,'Section Load'!F20,0)) -> 3462.71 | F17: =(IF('Section Load'!G20>0,'Section Load'!G20,0)) -> 1415.63 | G17: =(IF('Section Load'!H20>0,'Section Load'!H20,0)) -> 2706.91 | H17: =(IF('Section Load'!I20>0,'Section Load'!I20,0)) -> 2907.11 | I17: =(IF('Section Load'!J20>0,'Section Load'!J20,0)) -> 3528.06 | J17: =(IF('Section Load'!K20>0,'Section Load'!K20,0)) -> 2706.15 | K17: =(IF('Section Load'!L20>0,'Section Load'!L20,0)) -> 1797.55 | L17: =(IF('Section Load'!M20>0,'Section Load'!M20,0)) -> 1219.84 | ... AL17: =(IF('Section Load'!AM20>0,'Section Load'!AM20,0)) -> 775 | AM17: =(IF('Water Report'!$S$7>0,'Water Report'!$S$7,0)) -> 85 | AN17: =(IF('Water Report'!$S$8>0,'Water Report'!$S$8,0)) -> 127 | AO17: =(IF('Water Report'!$S$9>0,'Water Report'!$S$9,0)) -> 132 | AP17: =(IF('Water Report'!$S$10>0,'Water Report'!$D$10,0)) -> 29 | AQ17: =(IF('Water Report'!$S$11>0,'Water Report'!$D$11,0)) -> 7 | AR17: =(IF('Water Report'!$S$13>0,'Water Report'!$D$13,0)) -> 15 | AS17: =(IF('Water Report'!$S$14>0,'Water Report'!$D$14,0)) -> 5 | AT17: =(IF('Water Report'!$S$15>0,'Water Report'!$D$15,0)) -> 8 | AU17: =(IF('Water Report'!$S$17>0,'Water Report'!$D$17,0)) -> 0 | AV17: =(IF('Water Report'!$S$18>0,'Water Report'!$D$18,0)) -> 11 | AW17: =(IF('Water Report'!$S$19>0,'Water Report'!$D$19,0)) -> 14 | AX17: =(IF('Water Report'!$S$21>0,'Water Report'!$D$21,0)) -> 154 | AY17: =(IF('Water Report'!$S$22>0,'Water Report'!$D$22,0)) -> 0 | AZ17: =(IF('Water Report'!$S$23>0,'Water Report'!$D$23,0)) -> 7 | BA17: =(IF('Water Report'!$S$14>0,'Water Report'!$D$14,0)) -> 5 | BB17: =(IF('Water Report'!$S$15>0,'Water Report'!$D$15,0)) -> 8 | BC17: =(IF('Water Report'!$S$13>0,'Water Report'!$D$13,0)) -> 15 | BD17: =(IF('Water Report'!$S$24>0,'Water Report'!$D$24,0)) -> 222 | BE17: =(IF('Water Report'!$S$25>0,'Water Report'!$D$25,0)) -> 178 | BF17: =(IF('Water Report'!$S$27>0,'Water Report'!$D$27,0)) -> 176 | BG17: =(IF('Section Load'!AN20>0,'Section Load'!AN20,0)) -> 1110 | BH17: =(IF('Section Load'!AO20>0,'Section Load'!AO20,0)) -> 318.64 | BI17: =(IF('Section Load'!AP20>0,'Section Load'!AP20,0)) -> 0 | BJ17: =(IF('Section Load'!AQ20>0,'Section Load'!AQ20,0)) -> 154 | BK17: =(IF('Section Load'!AR20>0,'Section Load'!AR20,0)) -> 56.6 | BL17: =(IF('Section Load'!AS20>0,'Section Load'!AS20,0)) -> 0 | BM17: =(IF('Section Load'!AT20>0,'Section Load'!AT20,0)) -> 580.76
A18: Mumbai | B18: =B17+1 -> 17 | C18: 2 | D18: 2023 | E18: =(IF('Section Load'!F21>0,'Section Load'!F21,0)) -> 3505.49 | F18: =(IF('Section Load'!G21>0,'Section Load'!G21,0)) -> 1531.37 | G18: =(IF('Section Load'!H21>0,'Section Load'!H21,0)) -> 2781.93 | H18: =(IF('Section Load'!I21>0,'Section Load'!I21,0)) -> 2889.44 | I18: =(IF('Section Load'!J21>0,'Section Load'!J21,0)) -> 4460.8 | J18: =(IF('Section Load'!K21>0,'Section Load'!K21,0)) -> 2772.85 | K18: =(IF('Section Load'!L21>0,'Section Load'!L21,0)) -> 1798.45 | L18: =(IF('Section Load'!M21>0,'Section Load'!M21,0)) -> 1213.29 | ... AL18: =(IF('Section Load'!AM21>0,'Section Load'!AM21,0)) -> 880 | AM18: =(IF('Water Report'!$T$7>0,'Water Report'!$T$7,0)) -> 144 | AN18: =(IF('Water Report'!$T$8>0,'Water Report'!$T$8,0)) -> 76 | AO18: =(IF('Water Report'!$T$9>0,'Water Report'!$T$9,0)) -> 133 | AP18: =(IF('Water Report'!$T$10>0,'Water Report'!$T$10,0)) -> 13 | AQ18: =(IF('Water Report'!$T$11>0,'Water Report'!$T$11,0)) -> 22 | AR18: =(IF('Water Report'!$T$13>0,'Water Report'!$T$13,0)) -> 28 | AS18: =(IF('Water Report'!$T$14>0,'Water Report'!$T$14,0)) -> 4 | AT18: =(IF('Water Report'!$T$15>0,'Water Report'!$T$15,0)) -> 13 | AU18: =(IF('Water Report'!$T$17>0,'Water Report'!$T$17,0)) -> 0 | AV18: =(IF('Water Report'!$T$18>0,'Water Report'!$T$18,0)) -> 13 | AW18: =(IF('Water Report'!$T$19>0,'Water Report'!$T$19,0)) -> 12 | AX18: =(IF('Water Report'!$T$21>0,'Water Report'!$T$21,0)) -> 136 | AY18: =(IF('Water Report'!$T$22>0,'Water Report'!$T$22,0)) -> 0 | AZ18: =(IF('Water Report'!$T$23>0,'Water Report'!$T$23,0)) -> 7 | BA18: =(IF('Water Report'!$T$14>0,'Water Report'!$T$14,0)) -> 4 | BB18: =(IF('Water Report'!$T$15>0,'Water Report'!$T$15,0)) -> 13 | BC18: =(IF('Water Report'!$T$13>0,'Water Report'!$T$13,0)) -> 28 | BD18: =(IF('Water Report'!$T$24>0,'Water Report'!$T$24,0)) -> 279 | BE18: =(IF('Water Report'!$T$25>0,'Water Report'!$T$25,0)) -> 185 | BF18: =(IF('Water Report'!$T$27>0,'Water Report'!$T$27,0)) -> 171 | BG18: =(IF('Section Load'!AN21>0,'Section Load'!AN21,0)) -> 1229 | BH18: =(IF('Section Load'!AO21>0,'Section Load'!AO21,0)) -> 305.65 | BI18: =(IF('Section Load'!AP21>0,'Section Load'!AP21,0)) -> 0 | BJ18: =(IF('Section Load'!AQ21>0,'Section Load'!AQ21,0)) -> 148 | BK18: =(IF('Section Load'!AR21>0,'Section Load'!AR21,0)) -> 61.4 | BL18: =(IF('Section Load'!AS21>0,'Section Load'!AS21,0)) -> 0 | BM18: =(IF('Section Load'!AT21>0,'Section Load'!AT21,0)) -> 713.95
A19: Mumbai | B19: =B18+1 -> 18 | C19: 2 | D19: 2023 | E19: =(IF('Section Load'!F22>0,'Section Load'!F22,0)) -> 3468.35 | F19: =(IF('Section Load'!G22>0,'Section Load'!G22,0)) -> 1258.549 | G19: =(IF('Section Load'!H22>0,'Section Load'!H22,0)) -> 2661.73 | H19: =(IF('Section Load'!I22>0,'Section Load'!I22,0)) -> 2879.49 | I19: =(IF('Section Load'!J22>0,'Section Load'!J22,0)) -> 3962.77 | J19: =(IF('Section Load'!K22>0,'Section Load'!K22,0)) -> 2447.1 | K19: =(IF('Section Load'!L22>0,'Section Load'!L22,0)) -> 1837.19 | L19: =(IF('Section Load'!M22>0,'Section Load'!M22,0)) -> 1264.91 | ... AL19: =(IF('Section Load'!AM22>0,'Section Load'!AM22,0)) -> 0 | AM19: =(IF('Water Report'!$U$7>0,'Water Report'!$U$7,0)) -> 92 | AN19: =(IF('Water Report'!$U$8>0,'Water Report'!$U$8,0)) -> 90 | AO19: =(IF('Water Report'!$U$9>0,'Water Report'!$U$9,0)) -> 162 | AP19: =(IF('Water Report'!$U$10>0,'Water Report'!$U$10,0)) -> 10 | AQ19: =(IF('Water Report'!$U$11>0,'Water Report'!$U$11,0)) -> 28 | AR19: =(IF('Water Report'!$U$13>0,'Water Report'!$U$13,0)) -> 30 | AS19: =(IF('Water Report'!$U$14>0,'Water Report'!$U$14,0)) -> 4 | AT19: =(IF('Water Report'!$U$15>0,'Water Report'!$U$15,0)) -> 7 | AU19: =(IF('Water Report'!$U$17>0,'Water Report'!$U$17,0)) -> 1 | AV19: =(IF('Water Report'!$U$18>0,'Water Report'!$U$18,0)) -> 10 | AW19: =(IF('Water Report'!$U$19>0,'Water Report'!$U$19,0)) -> 17 | AX19: =(IF('Water Report'!$U$21>0,'Water Report'!$U$21,0)) -> 114 | AY19: =(IF('Water Report'!$U$22>0,'Water Report'!$U$22,0)) -> 0 | AZ19: =(IF('Water Report'!$U$23>0,'Water Report'!$U$23,0)) -> 8 | BA19: =(IF('Water Report'!$U$14>0,'Water Report'!$U$14,0)) -> 4 | BB19: =(IF('Water Report'!$U$15>0,'Water Report'!$U$15,0)) -> 7 | BC19: =(IF('Water Report'!$U$13>0,'Water Report'!$U$13,0)) -> 30 | BD19: =(IF('Water Report'!$U$24>0,'Water Report'!$U$24,0)) -> 235 | BE19: =(IF('Water Report'!$U$25>0,'Water Report'!$U$25,0)) -> 211 | BF19: =(IF('Water Report'!$U$27>0,'Water Report'!$U$27,0)) -> 152 | BG19: =(IF('Section Load'!AN22>0,'Section Load'!AN22,0)) -> 1250 | BH19: =(IF('Section Load'!AO22>0,'Section Load'!AO22,0)) -> 307.56 | BI19: =(IF('Section Load'!AP22>0,'Section Load'!AP22,0)) -> 0 | BJ19: =(IF('Section Load'!AQ22>0,'Section Load'!AQ22,0)) -> 57 | BK19: =(IF('Section Load'!AR22>0,'Section Load'!AR22,0)) -> 60.8 | BL19: =(IF('Section Load'!AS22>0,'Section Load'!AS22,0)) -> 0 | BM19: =(IF('Section Load'!AT22>0,'Section Load'!AT22,0)) -> 824.64
A20: Mumbai | B20: =B19+1 -> 19 | C20: 2 | D20: 2023 | E20: =(IF('Section Load'!F23>0,'Section Load'!F23,0)) -> 3305.19 | F20: =(IF('Section Load'!G23>0,'Section Load'!G23,0)) -> 1356.481 | G20: =(IF('Section Load'!H23>0,'Section Load'!H23,0)) -> 2578.5 | H20: =(IF('Section Load'!I23>0,'Section Load'!I23,0)) -> 2894.43 | I20: =(IF('Section Load'!J23>0,'Section Load'!J23,0)) -> 4257.44 | J20: =(IF('Section Load'!K23>0,'Section Load'!K23,0)) -> 2367.8 | K20: =(IF('Section Load'!L23>0,'Section Load'!L23,0)) -> 1450.4 | L20: =(IF('Section Load'!M23>0,'Section Load'!M23,0)) -> 1068.64 | ... AL20: =(IF('Section Load'!AM23>0,'Section Load'!AM23,0)) -> 0 | AM20: =(IF('Water Report'!$V$7>0,'Water Report'!$V$7,0)) -> 74 | AN20: =(IF('Water Report'!$V$8>0,'Water Report'!$V$8,0)) -> 110 | AO20: =(IF('Water Report'!$V$9>0,'Water Report'!$V$9,0)) -> 108 | AP20: =(IF('Water Report'!$V$10>0,'Water Report'!$V$10,0)) -> 12 | AQ20: =(IF('Water Report'!$V$11>0,'Water Report'!$V$11,0)) -> 20 | AR20: =(IF('Water Report'!$V$13>0,'Water Report'!$V$13,0)) -> 22 | AS20: =(IF('Water Report'!$V$14>0,'Water Report'!$V$14,0)) -> 3 | AT20: =(IF('Water Report'!$V$15>0,'Water Report'!$V$15,0)) -> 5 | AU20: =(IF('Water Report'!$V$17>0,'Water Report'!$V$17,0)) -> 1 | AV20: =(IF('Water Report'!$V$18>0,'Water Report'!$V$18,0)) -> 15 | AW20: =(IF('Water Report'!$V$19>0,'Water Report'!$V$19,0)) -> 15 | AX20: =(IF('Water Report'!$V$21>0,'Water Report'!$V$21,0)) -> 99 | AY20: =(IF('Water Report'!$V$22>0,'Water Report'!$V$22,0)) -> 0 | AZ20: =(IF('Water Report'!$V$23>0,'Water Report'!$V$23,0)) -> 0 | BA20: =(IF('Water Report'!$V$14>0,'Water Report'!$V$14,0)) -> 3 | BB20: =(IF('Water Report'!$V$15>0,'Water Report'!$V$15,0)) -> 5 | BC20: =(IF('Water Report'!$V$13>0,'Water Report'!$V$13,0)) -> 22 | BD20: =(IF('Water Report'!$V$24>0,'Water Report'!$V$24,0)) -> 239 | BE20: =(IF('Water Report'!$V$25>0,'Water Report'!$V$25,0)) -> 148 | BF20: =(IF('Water Report'!$V$27>0,'Water Report'!$V$27,0)) -> 121 | BG20: =(IF('Section Load'!AN23>0,'Section Load'!AN23,0)) -> 1250 | BH20: =(IF('Section Load'!AO23>0,'Section Load'!AO23,0)) -> 305.51 | BI20: =(IF('Section Load'!AP23>0,'Section Load'!AP23,0)) -> 0 | BJ20: =(IF('Section Load'!AQ23>0,'Section Load'!AQ23,0)) -> 216 | BK20: =(IF('Section Load'!AR23>0,'Section Load'!AR23,0)) -> 54.2 | BL20: =(IF('Section Load'!AS23>0,'Section Load'!AS23,0)) -> 0 | BM20: =(IF('Section Load'!AT23>0,'Section Load'!AT23,0)) -> 674.29
A21: Mumbai | B21: =B20+1 -> 20 | C21: 2 | D21: 2023 | E21: =(IF('Section Load'!F24>0,'Section Load'!F24,0)) -> 3448.43 | F21: =(IF('Section Load'!G24>0,'Section Load'!G24,0)) -> 1472.53 | G21: =(IF('Section Load'!H24>0,'Section Load'!H24,0)) -> 2652.77 | H21: =(IF('Section Load'!I24>0,'Section Load'!I24,0)) -> 3029.5 | I21: =(IF('Section Load'!J24>0,'Section Load'!J24,0)) -> 3986.37 | J21: =(IF('Section Load'!K24>0,'Section Load'!K24,0)) -> 2442.1 | K21: =(IF('Section Load'!L24>0,'Section Load'!L24,0)) -> 1719.41 | L21: =(IF('Section Load'!M24>0,'Section Load'!M24,0)) -> 1063.45 | ... AL21: =(IF('Section Load'!AM24>0,'Section Load'!AM24,0)) -> 0 | AM21: =(IF('Water Report'!$W$7>0,'Water Report'!$W$7,0)) -> 56 | AN21: =(IF('Water Report'!$W$8>0,'Water Report'!$W$8,0)) -> 97 | AO21: =(IF('Water Report'!$W$9>0,'Water Report'!$W$9,0)) -> 137 | AP21: =(IF('Water Report'!$W$10>0,'Water Report'!$W$10,0)) -> 13 | AQ21: =(IF('Water Report'!$W$11>0,'Water Report'!$W$11,0)) -> 16 | AR21: =(IF('Water Report'!$W$13>0,'Water Report'!$W$13,0)) -> 21 | AS21: =(IF('Water Report'!$W$14>0,'Water Report'!$W$14,0)) -> 12 | AT21: =(IF('Water Report'!$W$15>0,'Water Report'!$W$15,0)) -> 5 | AU21: =(IF('Water Report'!$W$17>0,'Water Report'!$W$17,0)) -> 0 | AV21: =(IF('Water Report'!$W$18>0,'Water Report'!$W$18,0)) -> 14 | AW21: =(IF('Water Report'!$W$19>0,'Water Report'!$W$19,0)) -> 17 | AX21: =(IF('Water Report'!$W$21>0,'Water Report'!$W$21,0)) -> 115 | AY21: =(IF('Water Report'!$W$22>0,'Water Report'!$W$22,0)) -> 0 | AZ21: =(IF('Water Report'!$W$23>0,'Water Report'!$W$23,0)) -> 6 | BA21: =(IF('Water Report'!$W$14>0,'Water Report'!$W$14,0)) -> 12 | BB21: =(IF('Water Report'!$W$15>0,'Water Report'!$W$15,0)) -> 5 | BC21: =(IF('Water Report'!$W$13>0,'Water Report'!$W$13,0)) -> 21 | BD21: =(IF('Water Report'!$W$24>0,'Water Report'!$W$24,0)) -> 235 | BE21: =(IF('Water Report'!$W$25>0,'Water Report'!$W$25,0)) -> 183 | BF21: =(IF('Water Report'!$W$27>0,'Water Report'!$W$27,0)) -> 142 | BG21: =(IF('Section Load'!AN24>0,'Section Load'!AN24,0)) -> 1237 | BH21: =(IF('Section Load'!AO24>0,'Section Load'!AO24,0)) -> 303.93 | BI21: =(IF('Section Load'!AP24>0,'Section Load'!AP24,0)) -> 0 | BJ21: =(IF('Section Load'!AQ24>0,'Section Load'!AQ24,0)) -> 149 | BK21: =(IF('Section Load'!AR24>0,'Section Load'!AR24,0)) -> 53 | BL21: =(IF('Section Load'!AS24>0,'Section Load'!AS24,0)) -> 0 | BM21: =(IF('Section Load'!AT24>0,'Section Load'!AT24,0)) -> 731.07
A22: Mumbai | B22: =B21+1 -> 21 | C22: 2 | D22: 2023 | E22: =(IF('Section Load'!F25>0,'Section Load'!F25,0)) -> 3405 | F22: =(IF('Section Load'!G25>0,'Section Load'!G25,0)) -> 1453 | G22: =(IF('Section Load'!H25>0,'Section Load'!H25,0)) -> 2677.57 | H22: =(IF('Section Load'!I25>0,'Section Load'!I25,0)) -> 2880 | I22: =(IF('Section Load'!J25>0,'Section Load'!J25,0)) -> 4981 | J22: =(IF('Section Load'!K25>0,'Section Load'!K25,0)) -> 2656 | K22: =(IF('Section Load'!L25>0,'Section Load'!L25,0)) -> 1622 | L22: =(IF('Section Load'!M25>0,'Section Load'!M25,0)) -> 1103 | ... AL22: =(IF('Section Load'!AM25>0,'Section Load'!AM25,0)) -> 0 | AM22: =(IF('Water Report'!$X$7>0,'Water Report'!$X$7,0)) -> 52 | AN22: =(IF('Water Report'!$X$8>0,'Water Report'!$X$8,0)) -> 104 | AO22: =(IF('Water Report'!$X$9>0,'Water Report'!$X$9,0)) -> 138 | AP22: =(IF('Water Report'!$X$10>0,'Water Report'!$X$10,0)) -> 17 | AQ22: =(IF('Water Report'!$X$11>0,'Water Report'!$X$11,0)) -> 20 | AR22: =(IF('Water Report'!$X$13>0,'Water Report'!$X$13,0)) -> 38 | AS22: =(IF('Water Report'!$X$14>0,'Water Report'!$X$14,0)) -> 3 | AT22: =(IF('Water Report'!$X$15>0,'Water Report'!$X$15,0)) -> 6 | AU22: =(IF('Water Report'!$X$17>0,'Water Report'!$X$17,0)) -> 0 | AV22: =(IF('Water Report'!$X$18>0,'Water Report'!$X$18,0)) -> 13 | AW22: =(IF('Water Report'!$X$19>0,'Water Report'!$X$19,0)) -> 17 | AX22: =(IF('Water Report'!$X$21>0,'Water Report'!$X$21,0)) -> 115 | AY22: =(IF('Water Report'!$X$22>0,'Water Report'!$X$22,0)) -> 0 | AZ22: =(IF('Water Report'!$X$23>0,'Water Report'!$X$23,0)) -> 7 | BA22: =(IF('Water Report'!$X$14>0,'Water Report'!$X$14,0)) -> 3 | BB22: =(IF('Water Report'!$X$15>0,'Water Report'!$X$15,0)) -> 6 | BC22: =(IF('Water Report'!$X$13>0,'Water Report'!$X$13,0)) -> 38 | BD22: =(IF('Water Report'!$X$24>0,'Water Report'!$X$24,0)) -> 258 | BE22: =(IF('Water Report'!$X$25>0,'Water Report'!$X$25,0)) -> 184 | BF22: =(IF('Water Report'!$X$27>0,'Water Report'!$X$27,0)) -> 160 | BG22: =(IF('Section Load'!AN25>0,'Section Load'!AN25,0)) -> 1216 | BH22: =(IF('Section Load'!AO25>0,'Section Load'!AO25,0)) -> 291 | BI22: =(IF('Section Load'!AP25>0,'Section Load'!AP25,0)) -> 0 | BJ22: =(IF('Section Load'!AQ25>0,'Section Load'!AQ25,0)) -> 127 | BK22: =(IF('Section Load'!AR25>0,'Section Load'!AR25,0)) -> 59 | BL22: =(IF('Section Load'!AS25>0,'Section Load'!AS25,0)) -> 0 | BM22: =(IF('Section Load'!AT25>0,'Section Load'!AT25,0)) -> 739
A23: Mumbai | B23: =B22+1 -> 22 | C23: 2 | D23: 2023 | E23: =(IF('Section Load'!F26>0,'Section Load'!F26,0)) -> 3398 | F23: =(IF('Section Load'!G26>0,'Section Load'!G26,0)) -> 1511 | G23: =(IF('Section Load'!H26>0,'Section Load'!H26,0)) -> 2767 | H23: =(IF('Section Load'!I26>0,'Section Load'!I26,0)) -> 2880 | I23: =(IF('Section Load'!J26>0,'Section Load'!J26,0)) -> 6595.45 | J23: =(IF('Section Load'!K26>0,'Section Load'!K26,0)) -> 2663 | K23: =(IF('Section Load'!L26>0,'Section Load'!L26,0)) -> 1951 | L23: =(IF('Section Load'!M26>0,'Section Load'!M26,0)) -> 1220 | ... AL23: =(IF('Section Load'!AM26>0,'Section Load'!AM26,0)) -> 0 | AM23: =(IF('Water Report'!$Y$7>0,'Water Report'!$Y$7,0)) -> 136 | AN23: =(IF('Water Report'!$Y$8>0,'Water Report'!$Y$8,0)) -> 64 | AO23: =(IF('Water Report'!$Y$9>0,'Water Report'!$Y$9,0)) -> 139 | AP23: =(IF('Water Report'!$Y$10>0,'Water Report'!$Y$10,0)) -> 14 | AQ23: =(IF('Water Report'!$Y$11>0,'Water Report'!$Y$11,0)) -> 20 | AR23: =(IF('Water Report'!$Y$13>0,'Water Report'!$Y$13,0)) -> 27 | AS23: =(IF('Water Report'!$Y$14>0,'Water Report'!$Y$14,0)) -> 10 | AT23: =(IF('Water Report'!$Y$15>0,'Water Report'!$Y$15,0)) -> 7 | AU23: =(IF('Water Report'!$Y$17>0,'Water Report'!$Y$17,0)) -> 1 | AV23: =(IF('Water Report'!$Y$18>0,'Water Report'!$Y$18,0)) -> 10 | AW23: =(IF('Water Report'!$Y$19>0,'Water Report'!$Y$19,0)) -> 11 | AX23: =(IF('Water Report'!$Y$21>0,'Water Report'!$Y$21,0)) -> 59 | AY23: =(IF('Water Report'!$Y$22>0,'Water Report'!$Y$22,0)) -> 0 | AZ23: =(IF('Water Report'!$Y$23>0,'Water Report'!$Y$23,0)) -> 2 | BA23: =(IF('Water Report'!$Y$14>0,'Water Report'!$Y$14,0)) -> 10 | BB23: =(IF('Water Report'!$Y$15>0,'Water Report'!$Y$15,0)) -> 7 | BC23: =(IF('Water Report'!$Y$13>0,'Water Report'!$Y$13,0)) -> 27 | BD23: =(IF('Water Report'!$Y$24>0,'Water Report'!$Y$24,0)) -> 260 | BE23: =(IF('Water Report'!$Y$25>0,'Water Report'!$Y$25,0)) -> 190 | BF23: =(IF('Water Report'!$Y$27>0,'Water Report'!$Y$27,0)) -> 88 | BG23: =(IF('Section Load'!AN26>0,'Section Load'!AN26,0)) -> 1149 | BH23: =(IF('Section Load'!AO26>0,'Section Load'!AO26,0)) -> 301 | BI23: =(IF('Section Load'!AP26>0,'Section Load'!AP26,0)) -> 0 | BJ23: =(IF('Section Load'!AQ26>0,'Section Load'!AQ26,0)) -> 121 | BK23: =(IF('Section Load'!AR26>0,'Section Load'!AR26,0)) -> 58 | BL23: =(IF('Section Load'!AS26>0,'Section Load'!AS26,0)) -> 0 | BM23: =(IF('Section Load'!AT26>0,'Section Load'!AT26,0)) -> 669
A24: Mumbai | B24: =B23+1 -> 23 | C24: 2 | D24: 2023 | E24: =(IF('Section Load'!F27>0,'Section Load'!F27,0)) -> 3361 | F24: =(IF('Section Load'!G27>0,'Section Load'!G27,0)) -> 1527 | G24: =(IF('Section Load'!H27>0,'Section Load'!H27,0)) -> 2763 | H24: =(IF('Section Load'!I27>0,'Section Load'!I27,0)) -> 2919 | I24: =(IF('Section Load'!J27>0,'Section Load'!J27,0)) -> 5364.63 | J24: =(IF('Section Load'!K27>0,'Section Load'!K27,0)) -> 2508 | K24: =(IF('Section Load'!L27>0,'Section Load'!L27,0)) -> 1606 | L24: =(IF('Section Load'!M27>0,'Section Load'!M27,0)) -> 1150 | ... AL24: =(IF('Section Load'!AM27>0,'Section Load'!AM27,0)) -> 0.17 | AM24: =(IF('Water Report'!$Z$7>0,'Water Report'!$Z$7,0)) -> 101 | AN24: =(IF('Water Report'!$Z$8>0,'Water Report'!$Z$8,0)) -> 17 | AO24: =(IF('Water Report'!$Z$9>0,'Water Report'!$Z$9,0)) -> 187 | AP24: =(IF('Water Report'!$Z$10>0,'Water Report'!$Z$10,0)) -> 15 | AQ24: =(IF('Water Report'!$Z$11>0,'Water Report'!$Z$11,0)) -> 72 | AR24: =(IF('Water Report'!$Z$13>0,'Water Report'!$Z$13,0)) -> 36 | AS24: =(IF('Water Report'!$Z$14>0,'Water Report'!$Z$14,0)) -> 28 | AT24: =(IF('Water Report'!$Z$15>0,'Water Report'!$Z$15,0)) -> 18 | AU24: =(IF('Water Report'!$Z$17>0,'Water Report'!$Z$17,0)) -> 0 | AV24: =(IF('Water Report'!$Z$18>0,'Water Report'!$Z$18,0)) -> 14 | AW24: =(IF('Water Report'!$Z$19>0,'Water Report'!$Z$19,0)) -> 14 | AX24: =(IF('Water Report'!$Z$21>0,'Water Report'!$Z$21,0)) -> 59 | AY24: =(IF('Water Report'!$Z$22>0,'Water Report'!$Z$22,0)) -> 0 | AZ24: =(IF('Water Report'!$Z$23>0,'Water Report'!$Z$23,0)) -> 1 | BA24: =(IF('Water Report'!$Z$14>0,'Water Report'!$Z$14,0)) -> 28 | BB24: =(IF('Water Report'!$Z$15>0,'Water Report'!$Z$15,0)) -> 18 | BC24: =(IF('Water Report'!$Z$13>0,'Water Report'!$Z$13,0)) -> 36 | BD24: =(IF('Water Report'!$Z$24>0,'Water Report'!$Z$24,0)) -> 393 | BE24: =(IF('Water Report'!$Z$25>0,'Water Report'!$Z$25,0)) -> 320 | BF24: =(IF('Water Report'!$Z$27>0,'Water Report'!$Z$27,0)) -> 96 | BG24: =(IF('Section Load'!AN27>0,'Section Load'!AN27,0)) -> 1205 | BH24: =(IF('Section Load'!AO27>0,'Section Load'!AO27,0)) -> 257 | BI24: =(IF('Section Load'!AP27>0,'Section Load'!AP27,0)) -> 0 | BJ24: =(IF('Section Load'!AQ27>0,'Section Load'!AQ27,0)) -> 155 | BK24: =(IF('Section Load'!AR27>0,'Section Load'!AR27,0)) -> 51 | BL24: =(IF('Section Load'!AS27>0,'Section Load'!AS27,0)) -> 0 | BM24: =(IF('Section Load'!AT27>0,'Section Load'!AT27,0)) -> 742
A25: Mumbai | B25: =B24+1 -> 24 | C25: 2 | D25: 2023 | E25: =(IF('Section Load'!F28>0,'Section Load'!F28,0)) -> 3434.22 | F25: =(IF('Section Load'!G28>0,'Section Load'!G28,0)) -> 1529.91 | G25: =(IF('Section Load'!H28>0,'Section Load'!H28,0)) -> 2899.98 | H25: =(IF('Section Load'!I28>0,'Section Load'!I28,0)) -> 2852.67 | I25: =(IF('Section Load'!J28>0,'Section Load'!J28,0)) -> 4055.22 | J25: =(IF('Section Load'!K28>0,'Section Load'!K28,0)) -> 2435.07 | K25: =(IF('Section Load'!L28>0,'Section Load'!L28,0)) -> 1472.19 | L25: =(IF('Section Load'!M28>0,'Section Load'!M28,0)) -> 1297.55 | ... AL25: =(IF('Section Load'!AM28>0,'Section Load'!AM28,0)) -> 783 | AM25: =(IF('Water Report'!$AA$7>0,'Water Report'!$AA$7,0)) -> 135 | AN25: =(IF('Water Report'!$AA$8>0,'Water Report'!$AA$8,0)) -> 79 | AO25: =(IF('Water Report'!$AA$9>0,'Water Report'!$AA$9,0)) -> 150 | AP25: =(IF('Water Report'!$AA$10>0,'Water Report'!$AA$10,0)) -> 13 | AQ25: =(IF('Water Report'!$AA$11>0,'Water Report'!$AA$11,0)) -> 70 | AR25: =(IF('Water Report'!$AA$13>0,'Water Report'!$AA$13,0)) -> 27 | AS25: =(IF('Water Report'!$AA$14>0,'Water Report'!$AA$14,0)) -> 3 | AT25: =(IF('Water Report'!$AA$15>0,'Water Report'!$AA$15,0)) -> 10 | AU25: =(IF('Water Report'!$AA$17>0,'Water Report'!$AA$17,0)) -> 4 | AV25: =(IF('Water Report'!$AA$18>0,'Water Report'!$AA$18,0)) -> 9 | AW25: =(IF('Water Report'!$AA$19>0,'Water Report'!$AA$19,0)) -> 13 | AX25: =(IF('Water Report'!$AA$21>0,'Water Report'!$AA$21,0)) -> 48 | AY25: =(IF('Water Report'!$AA$22>0,'Water Report'!$AA$22,0)) -> 0 | AZ25: =(IF('Water Report'!$AA$23>0,'Water Report'!$AA$23,0)) -> 9 | BA25: =(IF('Water Report'!$AA$14>0,'Water Report'!$AA$14,0)) -> 3 | BB25: =(IF('Water Report'!$AA$15>0,'Water Report'!$AA$15,0)) -> 10 | BC25: =(IF('Water Report'!$AA$13>0,'Water Report'!$AA$13,0)) -> 27 | BD25: =(IF('Water Report'!$AA$24>0,'Water Report'!$AA$24,0)) -> 433 | BE25: =(IF('Water Report'!$AA$25>0,'Water Report'!$AA$25,0)) -> 246 | BF25: =(IF('Water Report'!$AA$27>0,'Water Report'!$AA$27,0)) -> 84 | BG25: =(IF('Section Load'!AN28>0,'Section Load'!AN28,0)) -> 1149 | BH25: =(IF('Section Load'!AO28>0,'Section Load'!AO28,0)) -> 274.55 | BI25: =(IF('Section Load'!AP28>0,'Section Load'!AP28,0)) -> 0 | BJ25: =(IF('Section Load'!AQ28>0,'Section Load'!AQ28,0)) -> 134.6 | BK25: =(IF('Section Load'!AR28>0,'Section Load'!AR28,0)) -> 63 | BL25: =(IF('Section Load'!AS28>0,'Section Load'!AS28,0)) -> 0 | BM25: =(IF('Section Load'!AT28>0,'Section Load'!AT28,0)) -> 676.85
A26: Mumbai | B26: =B25+1 -> 25 | C26: 2 | D26: 2023 | E26: =(IF('Section Load'!F29>0,'Section Load'!F29,0)) -> 3177.32 | F26: =(IF('Section Load'!G29>0,'Section Load'!G29,0)) -> 1439.24 | G26: =(IF('Section Load'!H29>0,'Section Load'!H29,0)) -> 2763.12 | H26: =(IF('Section Load'!I29>0,'Section Load'!I29,0)) -> 2834.43 | I26: =(IF('Section Load'!J29>0,'Section Load'!J29,0)) -> 3214.32 | J26: =(IF('Section Load'!K29>0,'Section Load'!K29,0)) -> 2257.92 | K26: =(IF('Section Load'!L29>0,'Section Load'!L29,0)) -> 1262.04 | L26: =(IF('Section Load'!M29>0,'Section Load'!M29,0)) -> 1132.84 | ... AL26: =(IF('Section Load'!AM29>0,'Section Load'!AM29,0)) -> 702 | AM26: =(IF('Water Report'!$AB$7>0,'Water Report'!$AB$7,0)) -> 175 | AN26: =(IF('Water Report'!$AB$8>0,'Water Report'!$AB$8,0)) -> 90 | AO26: =(IF('Water Report'!$AB$9>0,'Water Report'!$AB$9,0)) -> 146 | AP26: =(IF('Water Report'!$AB$10>0,'Water Report'!$AB$10,0)) -> 21 | AQ26: =(IF('Water Report'!$AB$11>0,'Water Report'!$AB$11,0)) -> 39 | AR26: =(IF('Water Report'!$AB$13>0,'Water Report'!$AB$13,0)) -> 14 | AS26: =(IF('Water Report'!$AB$14>0,'Water Report'!$AB$14,0)) -> 6 | AT26: =(IF('Water Report'!$AB$15>0,'Water Report'!$AB$15,0)) -> 7 | AU26: =(IF('Water Report'!$AB$17>0,'Water Report'!$AB$17,0)) -> 4 | AV26: =(IF('Water Report'!$AB$18>0,'Water Report'!$AB$18,0)) -> 12 | AW26: =(IF('Water Report'!$AB$19>0,'Water Report'!$AB$19,0)) -> 13 | AX26: =(IF('Water Report'!$AB$21>0,'Water Report'!$AB$21,0)) -> 0 | AY26: =(IF('Water Report'!$AB$22>0,'Water Report'!$AB$22,0)) -> 28 | AZ26: =(IF('Water Report'!$AB$23>0,'Water Report'!$AB$23,0)) -> 13 | BA26: =(IF('Water Report'!$AB$14>0,'Water Report'!$AB$14,0)) -> 6 | BB26: =(IF('Water Report'!$AB$15>0,'Water Report'!$AB$15,0)) -> 7 | BC26: =(IF('Water Report'!$AB$13>0,'Water Report'!$AB$13,0)) -> 14 | BD26: =(IF('Water Report'!$AB$24>0,'Water Report'!$AB$24,0)) -> 371 | BE26: =(IF('Water Report'!$AB$25>0,'Water Report'!$AB$25,0)) -> 219 | BF26: =(IF('Water Report'!$AB$27>0,'Water Report'!$AB$27,0)) -> 27 | BG26: =(IF('Section Load'!AN29>0,'Section Load'!AN29,0)) -> 1179 | BH26: =(IF('Section Load'!AO29>0,'Section Load'!AO29,0)) -> 289.55 | BI26: =(IF('Section Load'!AP29>0,'Section Load'!AP29,0)) -> 0 | BJ26: =(IF('Section Load'!AQ29>0,'Section Load'!AQ29,0)) -> 108.1 | BK26: =(IF('Section Load'!AR29>0,'Section Load'!AR29,0)) -> 58 | BL26: =(IF('Section Load'!AS29>0,'Section Load'!AS29,0)) -> 0 | BM26: =(IF('Section Load'!AT29>0,'Section Load'!AT29,0)) -> 723.35
A27: Mumbai | B27: =B26+1 -> 26 | C27: 2 | D27: 2023 | E27: =(IF('Section Load'!F30>0,'Section Load'!F30,0)) -> 3391.8 | F27: =(IF('Section Load'!G30>0,'Section Load'!G30,0)) -> 1401 | G27: =(IF('Section Load'!H30>0,'Section Load'!H30,0)) -> 2712.64 | H27: =(IF('Section Load'!I30>0,'Section Load'!I30,0)) -> 2791.04 | I27: =(IF('Section Load'!J30>0,'Section Load'!J30,0)) -> 3409.96 | J27: =(IF('Section Load'!K30>0,'Section Load'!K30,0)) -> 2294.88 | K27: =(IF('Section Load'!L30>0,'Section Load'!L30,0)) -> 1226.68 | L27: =(IF('Section Load'!M30>0,'Section Load'!M30,0)) -> 903.48 | ... AL27: =(IF('Section Load'!AM30>0,'Section Load'!AM30,0)) -> 765 | AM27: =(IF('Water Report'!$AC$7>0,'Water Report'!$AC$7,0)) -> 105 | AN27: =(IF('Water Report'!$AC$8>0,'Water Report'!$AC$8,0)) -> 84 | AO27: =(IF('Water Report'!$AC$9>0,'Water Report'!$AC$9,0)) -> 95 | AP27: =(IF('Water Report'!$AC$10>0,'Water Report'!$AC$10,0)) -> 11 | AQ27: =(IF('Water Report'!$AC$11>0,'Water Report'!$AC$11,0)) -> 34 | AR27: =(IF('Water Report'!$AC$13>0,'Water Report'!$AC$13,0)) -> 10 | AS27: =(IF('Water Report'!$AC$14>0,'Water Report'!$AC$14,0)) -> 9.3 | AT27: =(IF('Water Report'!$AC$15>0,'Water Report'!$AC$15,0)) -> 1 | AU27: =(IF('Water Report'!$AC$17>0,'Water Report'!$AC$17,0)) -> 2 | AV27: =(IF('Water Report'!$AC$18>0,'Water Report'!$AC$18,0)) -> 13 | AW27: =(IF('Water Report'!$AC$19>0,'Water Report'!$AC$19,0)) -> 16 | AX27: =(IF('Water Report'!$AC$21>0,'Water Report'!$AC$21,0)) -> 72 | AY27: =(IF('Water Report'!$AC$22>0,'Water Report'!$AC$22,0)) -> 3 | AZ27: =(IF('Water Report'!$AC$23>0,'Water Report'!$AC$23,0)) -> 0 | BA27: =(IF('Water Report'!$AC$14>0,'Water Report'!$AC$14,0)) -> 9.3 | BB27: =(IF('Water Report'!$AC$15>0,'Water Report'!$AC$15,0)) -> 1 | BC27: =(IF('Water Report'!$AC$13>0,'Water Report'!$AC$13,0)) -> 10 | BD27: =(IF('Water Report'!$AC$24>0,'Water Report'!$AC$24,0)) -> 338 | BE27: =(IF('Water Report'!$AC$25>0,'Water Report'!$AC$25,0)) -> 150.3 | BF27: =(IF('Water Report'!$AC$27>0,'Water Report'!$AC$27,0)) -> 82 | BG27: =(IF('Section Load'!AN30>0,'Section Load'!AN30,0)) -> 1200 | BH27: =(IF('Section Load'!AO30>0,'Section Load'!AO30,0)) -> 302.54 | BI27: =(IF('Section Load'!AP30>0,'Section Load'!AP30,0)) -> 0 | BJ27: =(IF('Section Load'!AQ30>0,'Section Load'!AQ30,0)) -> 105.61 | BK27: =(IF('Section Load'!AR30>0,'Section Load'!AR30,0)) -> 61 | BL27: =(IF('Section Load'!AS30>0,'Section Load'!AS30,0)) -> 0 | BM27: =(IF('Section Load'!AT30>0,'Section Load'!AT30,0)) -> 730.85
A28: Mumbai | B28: =B27+1 -> 27 | C28: 2 | D28: 2023 | E28: =(IF('Section Load'!F31>0,'Section Load'!F31,0)) -> 3174.16 | F28: =(IF('Section Load'!G31>0,'Section Load'!G31,0)) -> 1530.2 | G28: =(IF('Section Load'!H31>0,'Section Load'!H31,0)) -> 2671.28 | H28: =(IF('Section Load'!I31>0,'Section Load'!I31,0)) -> 2808.8 | I28: =(IF('Section Load'!J31>0,'Section Load'!J31,0)) -> 4240.36 | J28: =(IF('Section Load'!K31>0,'Section Load'!K31,0)) -> 2372.24 | K28: =(IF('Section Load'!L31>0,'Section Load'!L31,0)) -> 1419.24 | L28: =(IF('Section Load'!M31>0,'Section Load'!M31,0)) -> 1008.36 | ... AL28: =(IF('Section Load'!AM31>0,'Section Load'!AM31,0)) -> 763 | AM28: =(IF('Water Report'!$AD$7>0,'Water Report'!$AD$7,0)) -> 120.2 | AN28: =(IF('Water Report'!$AD$8>0,'Water Report'!$AD$8,0)) -> 45 | AO28: =(IF('Water Report'!$AD$9>0,'Water Report'!$AD$9,0)) -> 125 | AP28: =(IF('Water Report'!$AD$10>0,'Water Report'!AD$10,0)) -> 17 | AQ28: =(IF('Water Report'!$AD$11>0,'Water Report'!AE$11,0)) -> 24 | AR28: =(IF('Water Report'!$AD$13>0,'Water Report'!AF$13,0)) -> -605 | AS28: =(IF('Water Report'!$AD$14>0,'Water Report'!AG$14,0)) -> 10 | AT28: =(IF('Water Report'!$AD$15>0,'Water Report'!AH$15,0)) -> 17 | AU28: =(IF('Water Report'!$AD$17>0,'Water Report'!AI$17,0)) -> 0 | AV28: =(IF('Water Report'!$AD$18>0,'Water Report'!AJ$18,0)) -> 0 | AW28: =(IF('Water Report'!$AD$19>0,'Water Report'!AK$19,0)) -> 0 | AX28: =(IF('Water Report'!$AD$21>0,'Water Report'!AL$21,0)) -> 0 | AY28: =(IF('Water Report'!$AD$22>0,'Water Report'!AM$22,0)) -> 0 | AZ28: =(IF('Water Report'!$AD$23>0,'Water Report'!AN$23,0)) -> 0 | BA28: =(IF('Water Report'!$AD$14>0,'Water Report'!AO$14,0)) -> 0 | BB28: =(IF('Water Report'!$AD$15>0,'Water Report'!AP$15,0)) -> 0 | BC28: =(IF('Water Report'!$AD$13>0,'Water Report'!AQ$13,0)) -> 0 | BD28: =(IF('Water Report'!$AD$24>0,'Water Report'!AR$24,0)) -> 0 | BE28: =(IF('Water Report'!$AD$25>0,'Water Report'!AS$25,0)) -> 0 | BF28: =(IF('Water Report'!$AD$27>0,'Water Report'!AT$27,0)) -> 0 | BG28: =(IF('Section Load'!AN31>0,'Section Load'!AN31,0)) -> 1170 | BH28: =(IF('Section Load'!AO31>0,'Section Load'!AO31,0)) -> 232.09 | BI28: =(IF('Section Load'!AP31>0,'Section Load'!AP31,0)) -> 0 | BJ28: =(IF('Section Load'!AQ31>0,'Section Load'!AQ31,0)) -> 100.59 | BK28: =(IF('Section Load'!AR31>0,'Section Load'!AR31,0)) -> 40.6 | BL28: =(IF('Section Load'!AS31>0,'Section Load'!AS31,0)) -> 0 | BM28: =(IF('Section Load'!AT31>0,'Section Load'!AT31,0)) -> 796.72
A29: Mumbai | B29: =B28+1 -> 28 | C29: 2 | D29: 2023 | E29: =(IF('Section Load'!F32>0,'Section Load'!F32,0)) -> 3139.69 | F29: =(IF('Section Load'!G32>0,'Section Load'!G32,0)) -> 1489.09 | G29: =(IF('Section Load'!H32>0,'Section Load'!H32,0)) -> 2644.41 | H29: =(IF('Section Load'!I32>0,'Section Load'!I32,0)) -> 2727.04 | I29: =(IF('Section Load'!J32>0,'Section Load'!J32,0)) -> 4798.9 | J29: =(IF('Section Load'!K32>0,'Section Load'!K32,0)) -> 2448.89 | K29: =(IF('Section Load'!L32>0,'Section Load'!L32,0)) -> 1859.85 | L29: =(IF('Section Load'!M32>0,'Section Load'!M32,0)) -> 691.96 | ... AL29: =(IF('Section Load'!AM32>0,'Section Load'!AM32,0)) -> 812 | AM29: =(IF('Water Report'!$AE$7>0,'Water Report'!$AE$7,0)) -> 112.8 | AN29: =(IF('Water Report'!$AE$8>0,'Water Report'!$AE$8,0)) -> 84 | AO29: =(IF('Water Report'!$AE$9>0,'Water Report'!$AE$9,0)) -> 98 | AP29: =(IF('Water Report'!$AE$10>0,'Water Report'!$AE$10,0)) -> 6 | AQ29: =(IF('Water Report'!$AE$11>0,'Water Report'!$AE$11,0)) -> 24 | AR29: =(IF('Water Report'!$AE$13>0,'Water Report'!$AE$13,0)) -> 16 | AS29: =(IF('Water Report'!$AE$14>0,'Water Report'!$AE$14,0)) -> 4 | AT29: =(IF('Water Report'!$AE$15>0,'Water Report'!$AE$15,0)) -> 3 | AU29: =(IF('Water Report'!$AE$17>0,'Water Report'!$AE$17,0)) -> 0 | AV29: =(IF('Water Report'!$AE$18>0,'Water Report'!$AE$18,0)) -> 11 | AW29: =(IF('Water Report'!$AE$19>0,'Water Report'!$AE$19,0)) -> 18 | AX29: =(IF('Water Report'!$AE$21>0,'Water Report'!$AE$21,0)) -> 79 | AY29: =(IF('Water Report'!$AE$22>0,'Water Report'!$AE$22,0)) -> 16 | AZ29: =(IF('Water Report'!$AE$23>0,'Water Report'!$AE$23,0)) -> 3 | BA29: =(IF('Water Report'!$AE$14>0,'Water Report'!$AE$14,0)) -> 4 | BB29: =(IF('Water Report'!$AE$15>0,'Water Report'!$AE$15,0)) -> 3 | BC29: =(IF('Water Report'!$AE$13>0,'Water Report'!$AE$13,0)) -> 16 | BD29: =(IF('Water Report'!$AE$24>0,'Water Report'!$AE$24,0)) -> 202 | BE29: =(IF('Water Report'!$AE$25>0,'Water Report'!$AE$25,0)) -> 135 | BF29: =(IF('Water Report'!$AE$27>0,'Water Report'!$AE$27,0)) -> 98 | BG29: =(IF('Section Load'!AN32>0,'Section Load'!AN32,0)) -> 1186 | BH29: =(IF('Section Load'!AO32>0,'Section Load'!AO32,0)) -> 275.98 | BI29: =(IF('Section Load'!AP32>0,'Section Load'!AP32,0)) -> 0 | BJ29: =(IF('Section Load'!AQ32>0,'Section Load'!AQ32,0)) -> 99.1 | BK29: =(IF('Section Load'!AR32>0,'Section Load'!AR32,0)) -> 54.4 | BL29: =(IF('Section Load'!AS32>0,'Section Load'!AS32,0)) -> 0 | BM29: =(IF('Section Load'!AT32>0,'Section Load'!AT32,0)) -> 756.52
A30: Mumbai
A31: Mumbai
A32: Mumbai

Sheet Daily HLP
A2: Date | B2: Date | C2: Min.Tem (Degee) | D2: Avg.Temp (Degree) | E2: Hum % | F2: Occu. | H2: Electricity | L2: Gas | O2: Water | R2: Water per occiped room | S2: Diesel | V2: Water Consumption Zone | Z2: Chiller Running Hrs | AE2: Chiller Total | AF2: Chiller Avg. Laod | AG2: Boiler Running Hrs | AJ2: Total boiler | AK2: Hot Water Generator | AN2: Total HWG RH | AO2: HWG Gas consumption | AP2: Transformer -1 | AZ2: Transformer -2 | BN2: Total HLP Cost | BP2: Chiller lock at 70%
F3: % | G3: KwH | H3: Units (Kvah) | I3: Rate | J3: Total Cost(Rs) | K3: Per room | L3: Total Units(CuM) | M3: Rate | N3: Total Cost(Rs) | O3: Units(KL) | P3: Rate | Q3: Total Cost(Rs) | S3: Ltrs | T3: Rate | U3: Total Cost(Rs) | V3: Zone-1 | W3: Zone-2 | X3: Zone-3 | Z3: CH1 | AA3: CH2 | AB3: CH3 | AC3: CH4 | AD3: Total chiller | AG3: Boiler1 | AH3: Boiler2 | AI3: Boiler3 | AK3: HWG1 | AL3: HWG2 | AP3: HVAC-1 | AQ3: FPP-1 | AR3: MPP | AS3: Lighting-1 | AT3: Cap bank 1100KVAR-1 | AU3: CH-1 | AV3: CH-2 | AW3: Chilled water Pump | AX3: Co Generator | AY3: Ball Room-2 | AZ3: HVAC-2 | BA3: FPP-2 | BB3: MPP | BC3: Lighting-2 | BD3: Cap bank 1200KVAR-2 | BE3: CH-3 | BF3: CH-4 | BG3: Chilled water Pump | BH3: Ball Room-1 | BJ3: Cooling Tower consumption | BK3: HVAC% | BL3: Lighting% | BM3: Power% | BO3: Chiller Plant IKW
A4: 1 | B4: 1 | D4: ='1'!D3 -> 26 | E4: ='1'!D4 -> 0.78 | F4: ='1'!D2 -> 0.92 | G4: ='1'!G7 -> 22064 | H4: ='1'!G8 -> 22366 | I4: 9 | J4: =H4*I4 -> 201294 | K4: =H4/202 -> 110.72277 | L4: ='1'!G15 -> 1161.285 | M4: 56.2 | N4: =L4*M4 -> 65264.217 | O4: ='1'!G20 -> 222 | P4: 108 | Q4: =O4*P4 -> 23976 | R4: =O4/(F4*202/100) -> 119.4576 | S4: ='1'!G24 -> 0 | T4: 69 | U4: =S4*T4 -> 0 | V4: ='1'!G65 -> 129 | W4: ='1'!G66 -> 29 | X4: ='1'!G67 -> 7 | Y4: =V4+W4+X4 -> 165 | Z4: ='1'!G84 -> 0 | AA4: ='1'!G85 -> 24 | AB4: ='1'!G86 -> 0 | AC4: ='1'!G87 -> 0 | AD4: =Z4+AA4+AB4+AC4 -> 24 | AE4: =AU4+AV4+BE4+BF4 -> 5272.36 | AF4: =AE4/AD4 -> 219.68167 | AG4: ='1'!G88 -> 10 | AH4: ='1'!G89 -> 4.48 | AI4: ='1'!G90 -> 7 | AJ4: =AG4+AH4+AI4 -> 21.48 | AK4: ='1'!G91 -> 0 | AL4: ='1'!G92 -> 13.44 | AN4: =AK4+AL4 -> 13.44 | AO4: ='1'!G74 -> 370 | AP4: ='1'!G35 -> 2579 | AQ4: ='1'!G37 -> 1493 | AR4: ='1'!G38 -> 2665 | AS4: ='1'!G39 -> 2949 | AT4: ='1'!G40 -> 458 | AU4: ='1'!G41 -> -0.01 | AV4: ='1'!G42 -> 5272.37 | AW4: ='1'!G43 -> 0 | AX4: ='1'!G44 -> 0 | AY4: ='1'!G36 -> 1049 | AZ4: ='1'!G49 -> 576 | BA4: ='1'!G51 -> 0.44 | BB4: ='1'!G52 -> 0 | BC4: ='1'!G53 -> 0 | BD4: ='1'!G54 -> 399.79 | BE4: ='1'!G55 -> 0 | BF4: ='1'!G56 -> 0 | BG4: ='1'!G57 -> 2516 | BH4: ='1'!G50 -> 1254 | BI4: =SUM(AU4,AV4,BE4,BF4) -> 5272.36 | BJ4: ='1'!G133 -> 507 | BK4: =SUM(AP4,AU4,AV4,AW4,AZ4,BE4,BF4,BG4)/H4% -> 48.928552 | BL4: =SUM(AS4,BC4)/H4% -> 13.185192 | BM4: =(AR4+BB4)/H4 -> 0.11915407 | BN4: =J4+N4+Q4+U4 -> 290534.22 | BO4: =SUM(AU4,AV4,AW4,BE4,BF4,BG4,BJ4) -> 8295.36 | BP4: =BO4/(AD4*280) -> 1.2344286 | BQ4: =SUM(AU4,AV4,BE4,BF4)/(AD4*400) -> 0.54920417
A5: 2 | B5: 2 | D5: ='2'!D3 -> 28 | E5: ='2'!D4 -> 0.79 | F5: ='2'!D2 -> 0.46 | G5: ='2'!G7 -> 22098.21 | H5: ='2'!G8 -> 22458 | I5: 9 | J5: =H5*I5 -> 202122 | K5: =H5/202 -> 111.17822 | L5: ='2'!G15 -> 1083 | M5: 56.2 | N5: =L5*M5 -> 60864.6 | O5: ='2'!G20 -> 249 | P5: 108 | Q5: =O5*P5 -> 26892 | R5: =O5/(F5*202/100) -> 267.97245 | S5: ='2'!G24 -> 0 | T5: 69 | U5: =S5*T5 -> 0 | V5: ='2'!G65 -> 142 | W5: ='2'!G66 -> 15 | X5: ='2'!G67 -> 16 | Y5: =V5+W5+X5 -> 173 | Z5: ='2'!G84 -> 0 | AA5: ='2'!G85 -> 21 | AB5: ='2'!G86 -> 0 | AC5: ='2'!G87 -> 5 | AD5: =Z5+AA5+AB5+AC5 -> 26 | AE5: =AU5+AV5+BE5+BF5 -> 4638.19 | AF5: =AE5/AD5 -> 178.39192 | AG5: ='2'!G88 -> 3.22 | AH5: ='2'!G89 -> 9.89 | AI5: ='2'!G90 -> 5.75 | AJ5: =AG5+AH5+AI5 -> 18.86 | AK5: ='2'!G91 -> 0 | AL5: ='2'!G92 -> 10.28 | AN5: =AK5+AL5 -> 10.28 | AO5: ='2'!G74 -> 293 | AP5: ='2'!G35 -> 2523 | AQ5: ='2'!G37 -> 1444.91 | AR5: ='2'!G38 -> 2647.57 | AS5: ='2'!G39 -> 2798.19 | AT5: ='2'!G40 -> 544.97 | AU5: ='2'!G41 -> 0.01 | AV5: ='2'!G42 -> 3974.59 | AW5: ='2'!G43 -> 0 | AX5: ='2'!G44 -> 0 | AY5: ='2'!G36 -> 1009 | AZ5: ='2'!G49 -> 529.71 | BA5: ='2'!G51 -> 0.05 | BB5: ='2'!G52 -> 0 | BC5: ='2'!G53 -> 0 | BD5: ='2'!G54 -> 354.1 | BE5: ='2'!G55 -> 0 | BF5: ='2'!G56 -> 663.59 | BG5: ='2'!G57 -> 2483.99 | BH5: ='2'!G50 -> 1293.39 | BI5: =SUM(AU5,AV5,BE5,BF5) -> 4638.19 | BJ5: ='2'!G133 -> 582 | BK5: =SUM(AP5,AU5,AV5,AW5,AZ5,BE5,BF5,BG5)/H5% -> 45.306305 | BL5: =SUM(AS5,BC5)/H5% -> 12.459658 | BM5: =(AR5+BB5)/H5 -> 0.11788984 | BN5: =J5+N5+Q5+U5 -> 289878.6 | BO5: =SUM(AU5,AV5,AW5,BE5,BF5,BG5,BJ5) -> 7704.18 | BP5: =BO5/(AD5*280) -> 1.0582665
A6: 3 | B6: 3 | D6: ='3'!D3 -> 28 | E6: ='3'!D4 -> 0.9 | F6: ='3'!D2 -> 0.8 | G6: ='3'!G7 -> 22965.79 | H6: ='3'!G8 -> 23549.31 | I6: 9 | J6: =H6*I6 -> 211943.79 | K6: =H6/202 -> 116.58074 | L6: ='3'!G15 -> 1112 | M6: 56.2 | N6: =L6*M6 -> 62494.4 | O6: ='3'!G20 -> 277 | P6: 108 | Q6: =O6*P6 -> 29916 | R6: =O6/(F6*202/100) -> 171.41089 | S6: ='3'!G24 -> 0 | T6: 69 | U6: =S6*T6 -> 0 | V6: ='3'!G65 -> 140 | W6: ='3'!G66 -> 17 | X6: ='3'!G67 -> 30 | Y6: =V6+W6+X6 -> 187 | Z6: ='3'!G84 -> 0 | AA6: ='3'!G85 -> 0 | AB6: ='3'!G86 -> 0 | AC6: ='3'!G87 -> 25 | AD6: =Z6+AA6+AB6+AC6 -> 25 | AE6: =AU6+AV6+BE6+BF6 -> 3321 | AF6: =AE6/AD6 -> 132.84 | AG6: ='3'!G88 -> 7.78 | AH6: ='3'!G89 -> 4.63 | AI6: ='3'!G90 -> 8.95 | AJ6: =AG6+AH6+AI6 -> 21.36 | AK6: ='3'!G91 -> 3.39 | AL6: ='3'!G92 -> 8.56 | AN6: =AK6+AL6 -> 11.95 | AO6: ='3'!G74 -> 304 | AP6: ='3'!G35 -> 2500 | AQ6: ='3'!G37 -> 1455.08 | AR6: ='3'!G38 -> 2822.43 | AS6: ='3'!G39 -> 2880.26 | AT6: ='3'!G40 -> 210.98 | AU6: ='3'!G41 -> -0.41 | AV6: ='3'!G42 -> 0 | AW6: ='3'!G43 -> 0 | AX6: ='3'!G44 -> 0 | AY6: ='3'!G36 -> 1123.9 | AZ6: ='3'!G49 -> 499.29 | BA6: ='3'!G51 -> -0.05 | BB6: ='3'!G52 -> 0 | BC6: ='3'!G53 -> -0.03 | BD6: ='3'!G54 -> 284.9 | BE6: ='3'!G55 -> 0 | BF6: ='3'!G56 -> 3321.41 | BG6: ='3'!G57 -> 2638.01 | BH6: ='3'!G50 -> 1949.68 | BI6: =SUM(AU6,AV6,BE6,BF6) -> 3321 | BJ6: ='3'!G133 -> 504 | BK6: =SUM(AP6,AU6,AV6,AW6,AZ6,BE6,BF6,BG6)/H6% -> 38.040605 | BL6: =SUM(AS6,BC6)/H6% -> 12.230634 | BM6: =(AR6+BB6)/H6 -> 0.11985192 | BN6: =J6+N6+Q6+U6 -> 304354.19 | BO6: =SUM(AU6,AV6,AW6,BE6,BF6,BG6,BJ6) -> 6463.01 | BP6: =BO6/(AD6*280) -> 0.92328714
A7: 4 | B7: 4 | D7: ='4'!D3 -> 29 | E7: ='4'!D4 -> 0.9 | F7: ='4'!D2 -> 1 | G7: ='4'!G7 -> 21764 | H7: ='4'!G8 -> 22365.69 | I7: 9 | J7: =H7*I7 -> 201291.21 | K7: =H7/202 -> 110.72124 | L7: ='4'!G15 -> 1150 | M7: 56.2 | N7: =L7*M7 -> 64630 | O7: ='4'!G20 -> 265 | P7: 108 | Q7: =O7*P7 -> 28620 | R7: =O7/(F7*202/100) -> 131.18812 | S7: ='4'!G24 -> 0 | T7: 69 | U7: =S7*T7 -> 0 | V7: ='4'!G65 -> 145 | W7: ='4'!G66 -> 18 | X7: ='4'!G67 -> 30 | Y7: =V7+W7+X7 -> 193 | Z7: ='4'!G84 -> 0 | AA7: ='4'!G85 -> 0 | AB7: ='4'!G86 -> 0 | AC7: ='4'!G87 -> 24 | AD7: =Z7+AA7+AB7+AC7 -> 24 | AE7: =AU7+AV7+BE7+BF7 -> 3150.57 | AF7: =AE7/AD7 -> 131.27375 | AG7: ='4'!G88 -> 9 | AH7: ='4'!G89 -> 5 | AI7: ='4'!G90 -> 9.3 | AJ7: =AG7+AH7+AI7 -> 23.3 | AK7: ='4'!G91 -> 8.91 | AL7: ='4'!G92 -> 2.31 | AN7: =AK7+AL7 -> 11.22 | AO7: ='4'!G74 -> 305 | AP7: ='4'!G35 -> 2404 | AQ7: ='4'!G37 -> 1471.01 | AR7: ='4'!G38 -> 2762 | AS7: ='4'!G39 -> 2818.34 | AT7: ='4'!G40 -> 210.05 | AU7: ='4'!G41 -> -0.1 | AV7: ='4'!G42 -> 0 | AW7: ='4'!G43 -> 0 | AX7: ='4'!G44 -> 0 | AY7: ='4'!G36 -> 925.1 | AZ7: ='4'!G49 -> 533 | BA7: ='4'!G51 -> -0.44 | BB7: ='4'!G52 -> 0 | BC7: ='4'!G53 -> 0 | BD7: ='4'!G54 -> 276 | BE7: ='4'!G55 -> 0 | BF7: ='4'!G56 -> 3150.67 | BG7: ='4'!G57 -> 2585 | BH7: ='4'!G50 -> 1188.93 | BI7: =SUM(AU7,AV7,BE7,BF7) -> 3150.57 | BJ7: ='3'!G133 -> 504 | BK7: =SUM(AP7,AU7,AV7,AW7,AZ7,BE7,BF7,BG7)/H7% -> 38.776224 | BL7: =SUM(AS7,BC7)/H7% -> 12.601176 | BM7: =(AR7+BB7)/H7 -> 0.12349272 | BN7: =J7+N7+Q7+U7 -> 294541.21 | BO7: =SUM(AU7,AV7,AW7,BE7,BF7,BG7,BJ7) -> 6239.57 | BP7: =BO7/(AD7*280) -> 0.92850744
A8: 5 | B8: 5 | D8: ='5'!D3 -> 29 | E8: ='5'!D4 -> 0.7 | F8: ='5'!D2 -> 0.81 | G8: ='5'!G7 -> 22531 | H8: ='5'!G8 -> 23051.87 | I8: 9 | J8: =H8*I8 -> 207466.83 | K8: =H8/202 -> 114.11817 | L8: ='5'!G15 -> 1134.2 | M8: 56.2 | N8: =L8*M8 -> 63742.04 | O8: ='5'!G20 -> 302 | P8: 108 | Q8: =O8*P8 -> 32616 | R8: =O8/(F8*202/100) -> 184.57401 | S8: ='5'!G24 -> 0 | T8: 69 | U8: =S8*T8 -> 0 | V8: ='5'!G65 -> 114 | W8: ='5'!G66 -> 22 | X8: ='5'!G67 -> 26 | Y8: =V8+W8+X8 -> 162 | Z8: ='5'!G84 -> 0 | AA8: ='5'!G85 -> 0 | AB8: ='5'!G86 -> 0 | AC8: ='5'!G87 -> 24 | AD8: =Z8+AA8+AB8+AC8 -> 24 | AE8: =AU8+AV8+BE8+BF8 -> 3609.84 | AF8: =AE8/AD8 -> 150.41 | AG8: ='5'!G88 -> 10 | AH8: ='5'!G89 -> 5 | AI8: ='5'!G90 -> 6 | AJ8: =AG8+AH8+AI8 -> 21 | AK8: ='5'!G91 -> 13.24 | AL8: ='5'!G92 -> 0 | AN8: =AK8+AL8 -> 13.24 | AO8: ='5'!G74 -> 342 | AP8: ='5'!G35 -> 2537 | AQ8: ='5'!G37 -> 1511 | AR8: ='5'!G38 -> 2739 | AS8: ='5'!G39 -> 2837.21 | AT8: ='5'!G40 -> 211 | AU8: ='5'!G41 -> 0 | AV8: ='5'!G42 -> 0 | AW8: ='5'!G43 -> 0 | AX8: ='5'!G44 -> 0 | AY8: ='5'!G36 -> 1036.59 | AZ8: ='5'!G49 -> 549.83 | BA8: ='5'!G51 -> 0 | BB8: ='5'!G52 -> 0.43 | BC8: ='5'!G53 -> 0 | BD8: ='5'!G54 -> 285.3 | BE8: ='5'!G55 -> 0 | BF8: ='5'!G56 -> 3609.84 | BG8: ='5'!G57 -> 2660 | BH8: ='5'!G50 -> 1129.36 | BI8: =SUM(AU8,AV8,BE8,BF8) -> 3609.84 | BJ8: ='5'!G133 -> 483 | BK8: =SUM(AP8,AU8,AV8,AW8,AZ8,BE8,BF8,BG8)/H8% -> 40.589635 | BL8: =SUM(AS8,BC8)/H8% -> 12.307939 | BM8: =(AR8+BB8)/H8 -> 0.11883765 | BN8: =J8+N8+Q8+U8 -> 303824.87 | BO8: =SUM(AU8,AV8,AW8,BE8,BF8,BG8,BJ8) -> 6752.84 | BP8: =BO8/(AD8*280) -> 1.0048869
A9: 6 | B9: 6 | D9: ='6'!D3 -> 26 | E9: ='6'!D4 -> 0.78 | F9: ='6'!D2 -> 0.74 | G9: ='6'!G7 -> 23089 | H9: ='6'!G8 -> 23696.13 | I9: 9 | J9: =H9*I9 -> 213265.17 | K9: =H9/202 -> 117.30757 | L9: ='6'!G15 -> 1087.8 | M9: 56.2 | N9: =L9*M9 -> 61134.36 | O9: ='6'!G20 -> 311 | P9: 108 | Q9: =O9*P9 -> 33588 | R9: =O9/(F9*202/100) -> 208.05459 | S9: ='6'!G24 -> 0 | T9: 69 | U9: =S9*T9 -> 0 | V9: ='6'!G65 -> 135 | W9: ='6'!G66 -> 27 | X9: ='6'!G67 -> 19 | Y9: =V9+W9+X9 -> 181 | Z9: ='6'!G84 -> 0 | AA9: ='6'!G85 -> 0 | AB9: ='6'!G86 -> 0 | AC9: ='6'!G87 -> 24 | AD9: =Z9+AA9+AB9+AC9 -> 24 | AE9: =AU9+AV9+BE9+BF9 -> 3625.49 | AF9: =AE9/AD9 -> 151.06208 | AG9: ='6'!G88 -> 7.5 | AH9: ='6'!G89 -> 5.63 | AI9: ='6'!G90 -> 7.96 | AJ9: =AG9+AH9+AI9 -> 21.09 | AK9: ='6'!G91 -> 12.25 | AL9: ='6'!G92 -> 0 | AN9: =AK9+AL9 -> 12.25 | AO9: ='6'!G74 -> 318 | AP9: ='6'!G35 -> 2617 | AQ9: ='6'!G37 -> 1555 | AR9: ='6'!G38 -> 2718 | AS9: ='6'!G39 -> 2829 | AT9: ='6'!G40 -> 218 | AU9: ='6'!G41 -> 0 | AV9: ='6'!G42 -> 0 | AW9: ='6'!G43 -> 0 | AX9: ='6'!G44 -> 0 | AY9: ='6'!G36 -> 1112.41 | AZ9: ='6'!G49 -> 541.17 | BA9: ='6'!G51 -> 0 | BB9: ='6'!G52 -> -0.43 | BC9: ='6'!G53 -> 0 | BD9: ='6'!G54 -> 285.7 | BE9: ='6'!G55 -> 0 | BF9: ='6'!G56 -> 3625.49 | BG9: ='6'!G57 -> 2664 | BH9: ='6'!G50 -> 1416.64 | BI9: =SUM(AU9,AV9,BE9,BF9) -> 3625.49 | BJ9: ='6'!G133 -> 442 | BK9: =SUM(AP9,AU9,AV9,AW9,AZ9,BE9,BF9,BG9)/H9% -> 39.870055 | BL9: =SUM(AS9,BC9)/H9% -> 11.938658 | BM9: =(AR9+BB9)/H9 -> 0.11468413 | BN9: =J9+N9+Q9+U9 -> 307987.53 | BO9: =SUM(AU9,AV9,AW9,BE9,BF9,BG9,BJ9) -> 6731.49 | BP9: =BO9/(AD9*280) -> 1.0017098
A10: 7 | B10: 7 | D10: ='7'!D3 -> 28 | E10: ='7'!D4 -> 0.78 | F10: ='7'!D2 -> 0.84 | G10: ='7'!G7 -> 23161 | H10: ='7'!G8 -> 23753 | I10: 9 | J10: =H10*I10 -> 213777 | K10: =H10/202 -> 117.58911 | L10: ='7'!G15 -> 1130 | M10: 56.2 | N10: =L10*M10 -> 63506 | O10: ='7'!G20 -> 220 | P10: 108 | Q10: =O10*P10 -> 23760 | R10: =O10/(F10*202/100) -> 129.65582 | S10: ='7'!G24 -> 0 | T10: 69 | U10: =S10*T10 -> 0 | V10: ='7'!G65 -> 140 | W10: ='7'!G66 -> 22 | X10: ='7'!G67 -> 20 | Y10: =V10+W10+X10 -> 182 | Z10: ='7'!G84 -> 0 | AA10: ='7'!G85 -> 0 | AB10: ='7'!G86 -> 0 | AC10: ='7'!G87 -> 24 | AD10: =Z10+AA10+AB10+AC10 -> 24 | AE10: =AU10+AV10+BE10+BF10 -> 3472 | AF10: =AE10/AD10 -> 144.66667 | AG10: ='7'!G88 -> 4.39 | AH10: ='7'!G89 -> 9.37 | AI10: ='7'!G90 -> 5.97 | AJ10: =AG10+AH10+AI10 -> 19.73 | AK10: ='7'!G91 -> 12 | AL10: ='7'!G92 -> 0 | AN10: =AK10+AL10 -> 12 | AO10: ='7'!G74 -> 320 | AP10: ='7'!G35 -> 2745 | AQ10: ='7'!G37 -> 1488 | AR10: ='7'!G38 -> 2729 | AS10: ='7'!G39 -> 2806 | AT10: ='7'!G40 -> 214 | AU10: ='7'!G41 -> 0 | AV10: ='7'!G42 -> 0 | AW10: ='7'!G43 -> 0 | AX10: ='7'!G44 -> 0 | AY10: ='7'!G36 -> 1116 | AZ10: ='7'!G49 -> 557 | BA10: ='7'!G51 -> 0 | BB10: ='7'!G52 -> 0 | BC10: ='7'!G53 -> 0 | BD10: ='7'!G54 -> 280 | BE10: ='7'!G55 -> 0 | BF10: ='7'!G56 -> 3472 | BG10: ='7'!G57 -> 2678 | BH10: ='7'!G50 -> 1524 | BI10: =SUM(AU10,AV10,BE10,BF10) -> 3472 | BJ10: ='7'!G133 -> 600 | BK10: =SUM(AP10,AU10,AV10,AW10,AZ10,BE10,BF10,BG10)/H10% -> 39.792868 | BL10: =SUM(AS10,BC10)/H10% -> 11.813245 | BM10: =(AR10+BB10)/H10 -> 0.11489075 | BN10: =J10+N10+Q10+U10 -> 301043 | BO10: =SUM(AU10,AV10,AW10,BE10,BF10,BG10,BJ10) -> 6750 | BP10: =BO10/(AD10*280) -> 1.0044643
A11: 8 | B11: 8 | D11: ='8'!D3 -> 26 | E11: ='8'!D4 -> 0.78 | F11: ='8'!D2 -> 0.78 | G11: ='8'!G7 -> 22705 | H11: ='8'!G8 -> 23272 | I11: 9 | J11: =H11*I11 -> 209448 | K11: =H11/202 -> 115.20792 | L11: ='8'!G15 -> 1248 | M11: 56.2 | N11: =L11*M11 -> 70137.6 | O11: ='8'!G20 -> 415 | P11: 108 | Q11: =O11*P11 -> 44820 | R11: =O11/(F11*202/100) -> 263.39172 | S11: ='8'!G24 -> 0 | T11: 69 | U11: =S11*T11 -> 0 | V11: ='8'!G65 -> 137 | W11: ='8'!G66 -> 10 | X11: ='8'!G67 -> 24 | Y11: =V11+W11+X11 -> 171 | Z11: ='8'!G84 -> 0 | AA11: ='8'!G85 -> 0 | AB11: ='8'!G86 -> 0 | AC11: ='8'!G87 -> 24 | AD11: =Z11+AA11+AB11+AC11 -> 24 | AE11: =AU11+AV11+BE11+BF11 -> 3412 | AF11: =AE11/AD11 -> 142.16667 | AG11: ='8'!G88 -> 4.6 | AH11: ='8'!G89 -> 11.5 | AI11: ='8'!G90 -> 7.5 | AJ11: =AG11+AH11+AI11 -> 23.6 | AK11: ='8'!G91 -> 12.89 | AL11: ='8'!G92 -> 0 | AN11: =AK11+AL11 -> 12.89 | AO11: ='8'!G74 -> 344 | AP11: ='8'!G35 -> 2682 | AQ11: ='8'!G37 -> 1465 | AR11: ='8'!G38 -> 2794 | AS11: ='8'!G39 -> 2838 | AT11: ='8'!G40 -> 220 | AU11: ='8'!G41 -> 0 | AV11: ='8'!G42 -> 0 | AW11: ='8'!G43 -> 0 | AX11: ='8'!G44 -> 0 | AY11: ='8'!G36 -> 946 | AZ11: ='8'!G49 -> 568.79 | BA11: ='8'!G51 -> 0 | BB11: ='8'!G52 -> 0 | BC11: ='8'!G53 -> 0 | BD11: ='8'!G54 -> 285 | BE11: ='8'!G55 -> 0 | BF11: ='8'!G56 -> 3412 | BG11: ='8'!G57 -> 2448 | BH11: ='8'!G50 -> 1565 | BI11: =SUM(AU11,AV11,BE11,BF11) -> 3412 | BJ11: ='8'!G133 -> 723 | BK11: =SUM(AP11,AU11,AV11,AW11,AZ11,BE11,BF11,BG11)/H11% -> 39.149149 | BL11: =SUM(AS11,BC11)/H11% -> 12.194912 | BM11: =(AR11+BB11)/H11 -> 0.12005844 | BN11: =J11+N11+Q11+U11 -> 324405.6 | BO11: =SUM(AU11,AV11,AW11,BE11,BF11,BG11,BJ11) -> 6583 | BP11: =BO11/(AD11*280) -> 0.9796131
A12: 9 | B12: 9 | D12: ='9'!D3 -> 32 | E12: ='9'!D4 -> 0.7 | F12: ='9'!D2 -> 0.49 | G12: ='9'!G7 -> 21811.47 | H12: ='9'!G8 -> 22239.42 | I12: 9 | J12: =H12*I12 -> 200154.78 | K12: =H12/202 -> 110.09614 | L12: ='9'!G15 -> 1162.76 | M12: 56.2 | N12: =L12*M12 -> 65347.112 | O12: ='9'!G20 -> 105 | P12: 108 | Q12: =O12*P12 -> 11340 | R12: =O12/(F12*202/100) -> 106.08204 | S12: ='9'!G24 -> 0 | T12: 69 | U12: =S12*T12 -> 0 | V12: ='9'!G65 -> 131 | W12: ='9'!G66 -> 6 | X12: ='9'!G67 -> 22 | Y12: =V12+W12+X12 -> 159 | Z12: ='9'!G84 -> 0 | AA12: ='9'!G85 -> 0 | AB12: ='9'!G86 -> 0 | AC12: ='9'!G87 -> 24.47 | AD12: =Z12+AA12+AB12+AC12 -> 24.47 | AE12: =AU12+AV12+BE12+BF12 -> 3380.17 | AF12: =AE12/AD12 -> 138.13527 | AG12: ='9'!G88 -> 4.36 | AH12: ='9'!G89 -> 10.73 | AI12: ='9'!G90 -> 8.7 | AJ12: =AG12+AH12+AI12 -> 23.79 | AK12: ='9'!G91 -> 12.41 | AL12: ='9'!G92 -> 0 | AN12: =AK12+AL12 -> 12.41 | AO12: ='9'!G74 -> 305.61 | AP12: ='9'!G35 -> 2543.15 | AQ12: ='9'!G37 -> 1388.15 | AR12: ='9'!G38 -> 2435.43 | AS12: ='9'!G39 -> 2782.31 | AT12: ='9'!G40 -> 223.97 | AU12: ='9'!G41 -> 0.5 | AV12: ='9'!G42 -> 0 | AW12: ='9'!G43 -> 0 | AX12: ='9'!G44 -> 0 | AY12: ='9'!G36 -> 987.55 | AZ12: ='9'!G49 -> 543.12 | BA12: ='9'!G51 -> 0.44 | BB12: ='9'!G52 -> 0.43 | BC12: ='9'!G53 -> 0.03 | BD12: ='9'!G54 -> 284.42 | BE12: ='9'!G55 -> 0 | BF12: ='9'!G56 -> 3379.67 | BG12: ='9'!G57 -> 2617.79 | BH12: ='9'!G50 -> 1214.71 | BI12: =SUM(AU12,AV12,BE12,BF12) -> 3380.17 | BJ12: ='8'!G133 -> 723 | BK12: =SUM(AP12,AU12,AV12,AW12,AZ12,BE12,BF12,BG12)/H12% -> 40.847423 | BL12: =SUM(AS12,BC12)/H12% -> 12.510848 | BM12: =(AR12+BB12)/H12 -> 0.10952894 | BN12: =J12+N12+Q12+U12 -> 276841.89 | BO12: =SUM(AU12,AV12,AW12,BE12,BF12,BG12,BJ12) -> 6720.96 | BP12: =BO12/(AD12*280) -> 0.98093292
A13: 10 | B13: 10 | D13: ='10'!D3 -> 25 | E13: ='10'!D4 -> 0.78 | F13: ='10'!D2 -> 0.47 | G13: ='10'!G7 -> 22153.2 | H13: ='10'!G8 -> 22634.09 | I13: 9 | J13: =H13*I13 -> 203706.81 | K13: =H13/202 -> 112.04995 | L13: ='10'!G15 -> 1074.82 | M13: 56.2 | N13: =L13*M13 -> 60404.884 | O13: ='10'!G20 -> 47 | P13: 108 | Q13: =O13*P13 -> 5076 | R13: =O13/(F13*202/100) -> 49.50495 | S13: ='10'!G24 -> 0 | T13: 69 | U13: =S13*T13 -> 0 | V13: ='10'!G65 -> 114 | W13: ='10'!G66 -> 9 | X13: ='10'!G67 -> 22 | Y13: =V13+W13+X13 -> 145 | Z13: ='10'!G84 -> 0 | AA13: ='10'!G85 -> 0 | AB13: ='10'!G86 -> 0 | AC13: ='10'!G87 -> 24.42 | AD13: =Z13+AA13+AB13+AC13 -> 24.42 | AE13: =AU13+AV13+BE13+BF13 -> 3491.04 | AF13: =AE13/AD13 -> 142.95823 | AG13: ='10'!G88 -> 8.67 | AH13: ='10'!G89 -> 4.4 | AI13: ='10'!G90 -> 8.55 | AJ13: =AG13+AH13+AI13 -> 21.62 | AK13: ='10'!G91 -> 12.11 | AL13: ='10'!G92 -> 0 | AN13: =AK13+AL13 -> 12.11 | AO13: ='10'!G74 -> 311.39 | AP13: ='10'!G35 -> 2550.85 | AQ13: ='10'!G37 -> 1391.85 | AR13: ='10'!G38 -> 2439.57 | AS13: ='10'!G39 -> 2862.69 | AT13: ='10'!G40 -> 224.03 | AU13: ='10'!G41 -> 0 | AV13: ='10'!G42 -> 0 | AW13: ='10'!G43 -> 0 | AX13: ='10'!G44 -> 0 | AY13: ='10'!G36 -> 1005.45 | AZ13: ='10'!G49 -> 548.09 | BA13: ='10'!G51 -> -0.44 | BB13: ='10'!G52 -> 0 | BC13: ='10'!G53 -> -0.03 | BD13: ='10'!G54 -> 284.53 | BE13: ='10'!G55 -> 0 | BF13: ='10'!G56 -> 3491.04 | BG13: ='10'!G57 -> 2611.81 | BH13: ='10'!G50 -> 1246.29 | BI13: =SUM(AU13,AV13,BE13,BF13) -> 3491.04 | BJ13: ='8'!G133 -> 723 | BK13: =SUM(AP13,AU13,AV13,AW13,AZ13,BE13,BF13,BG13)/H13% -> 40.654561 | BL13: =SUM(AS13,BC13)/H13% -> 12.647559 | BM13: =(AR13+BB13)/H13 -> 0.10778299 | BN13: =J13+N13+Q13+U13 -> 269187.69 | BO13: =SUM(AU13,AV13,AW13,BE13,BF13,BG13,BJ13) -> 6825.85 | BP13: =BO13/(AD13*280) -> 0.99828156
A14: 11 | B14: 11 | D14: ='11'!D3 -> 31 | E14: ='11'!D4 -> 0.78 | F14: ='11'!D2 -> 0.5 | G14: ='11'!G7 -> 20876.4 | H14: ='11'!G8 -> 21484.03 | I14: 9 | J14: =H14*I14 -> 193356.27 | K14: =H14/202 -> 106.35658 | L14: ='11'!G15 -> 1066.42 | M14: 56.2 | N14: =L14*M14 -> 59932.804 | O14: ='11'!G20 -> 54 | P14: 108 | Q14: =O14*P14 -> 5832 | R14: =O14/(F14*202/100) -> 53.465347 | S14: ='11'!G24 -> 0 | T14: 69 | U14: =S14*T14 -> 0 | V14: ='11'!G65 -> 106 | W14: ='11'!G66 -> 10 | X14: ='11'!G67 -> 36 | Y14: =V14+W14+X14 -> 152 | Z14: ='11'!G84 -> 0 | AA14: ='11'!G85 -> 0 | AB14: ='11'!G86 -> 0 | AC14: ='11'!G87 -> 24.06 | AD14: =Z14+AA14+AB14+AC14 -> 24.06 | AE14: =AU14+AV14+BE14+BF14 -> 2718.21 | AF14: =AE14/AD14 -> 112.97631 | AG14: ='11'!G88 -> 4.68 | AH14: ='11'!G89 -> 7.44 | AI14: ='11'!G90 -> 7.12 | AJ14: =AG14+AH14+AI14 -> 19.24 | AK14: ='11'!G91 -> 11.5 | AL14: ='11'!G92 -> 0 | AN14: =AK14+AL14 -> 11.5 | AO14: ='11'!G74 -> 295.92 | AP14: ='11'!G35 -> 2700.71 | AQ14: ='11'!G37 -> 1365.75 | AR14: ='11'!G38 -> 2416.75 | AS14: ='11'!G39 -> 2794.19 | AT14: ='11'!G40 -> 217.31 | AU14: ='11'!G41 -> 0.01 | AV14: ='11'!G42 -> 0 | AW14: ='11'!G43 -> 0 | AX14: ='11'!G44 -> 0 | AY14: ='11'!G36 -> 1010.47 | AZ14: ='11'!G49 -> 509.75 | BA14: ='11'!G51 -> 0.44 | BB14: ='11'!G52 -> 0 | BC14: ='11'!G53 -> 0.03 | BD14: ='11'!G54 -> 388.84 | BE14: ='11'!G55 -> 0 | BF14: ='11'!G56 -> 2718.2 | BG14: ='11'!G57 -> 2619.87 | BH14: ='11'!G50 -> 1156.95 | BI14: =SUM(AU14,AV14,BE14,BF14) -> 2718.21 | BJ14: ='11'!G133 -> 860 | BK14: =SUM(AP14,AU14,AV14,AW14,AZ14,BE14,BF14,BG14)/H14% -> 39.790207 | BL14: =SUM(AS14,BC14)/H14% -> 13.006033 | BM14: =(AR14+BB14)/H14 -> 0.11249053 | BN14: =J14+N14+Q14+U14 -> 259121.07 | BO14: =SUM(AU14,AV14,AW14,BE14,BF14,BG14,BJ14) -> 6198.08 | BP14: =BO14/(AD14*280) -> 0.92003325
A15: 12 | B15: 12 | D15: ='12'!D3 -> 33 | E15: ='12'!D4 -> 0.81 | F15: ='12'!D2 -> 0.49 | G15: ='12'!G7 -> 20081.84 | H15: ='12'!G8 -> 20559.38 | I15: 9 | J15: =H15*I15 -> 185034.42 | K15: =H15/202 -> 101.77911 | L15: ='12'!G15 -> 741.61 | M15: 56.2 | N15: =L15*M15 -> 41678.482 | O15: ='12'!G20 -> 57 | P15: 108 | Q15: =O15*P15 -> 6156 | R15: =O15/(F15*202/100) -> 57.587391 | S15: ='12'!G24 -> 0 | T15: 69 | U15: =S15*T15 -> 0 | V15: ='12'!G65 -> 101 | W15: ='12'!G66 -> 9 | X15: ='12'!G67 -> 35 | Y15: =V15+W15+X15 -> 145 | Z15: ='12'!G84 -> 0 | AA15: ='12'!G85 -> 0 | AB15: ='12'!G86 -> 10 | AC15: ='12'!G87 -> 15.05 | AD15: =Z15+AA15+AB15+AC15 -> 25.05 | AE15: =AU15+AV15+BE15+BF15 -> 2806.04 | AF15: =AE15/AD15 -> 112.01756 | AG15: ='12'!G88 -> 0 | AH15: ='12'!G89 -> 0 | AI15: ='12'!G90 -> 9.46 | AJ15: =AG15+AH15+AI15 -> 9.46 | AK15: ='12'!G91 -> 11.36 | AL15: ='12'!G92 -> 0 | AN15: =AK15+AL15 -> 11.36 | AO15: ='12'!G74 -> 286.08 | AP15: ='12'!G35 -> 2548.08 | AQ15: ='12'!G37 -> 1336.16 | AR15: ='12'!G38 -> 2375.52 | AS15: ='12'!G39 -> 2793.6 | AT15: ='12'!G40 -> 213.62 | AU15: ='12'!G41 -> 0 | AV15: ='12'!G42 -> 0 | AW15: ='12'!G43 -> 0 | AX15: ='12'!G44 -> 0 | AY15: ='12'!G36 -> 734.44 | AZ15: ='12'!G49 -> 527.12 | BA15: ='12'!G51 -> 0 | BB15: ='12'!G52 -> 0 | BC15: ='12'!G53 -> 0 | BD15: ='12'!G54 -> 410.17 | BE15: ='12'!G55 -> 1334.4 | BF15: ='12'!G56 -> 1471.64 | BG15: ='12'!G57 -> 2614.24 | BH15: ='12'!G50 -> 1137.48 | BI15: =SUM(AU15,AV15,BE15,BF15) -> 2806.04 | BJ15: ='12'!G133 -> 699 | BK15: =SUM(AP15,AU15,AV15,AW15,AZ15,BE15,BF15,BG15)/H15% -> 41.321674 | BL15: =SUM(AS15,BC15)/H15% -> 13.587958 | BM15: =(AR15+BB15)/H15 -> 0.11554434 | BN15: =J15+N15+Q15+U15 -> 232868.9 | BO15: =SUM(AU15,AV15,AW15,BE15,BF15,BG15,BJ15) -> 6119.28 | BP15: =BO15/(AD15*280) -> 0.87243798
A16: 13 | B16: 13 | D16: ='13'!D3 -> 33 | E16: ='13'!D4 -> 0.82 | F16: ='13'!D2 -> 0.49 | G16: ='13'!G7 -> 20966.08 | H16: ='13'!G8 -> 21408.77 | I16: 9 | J16: =H16*I16 -> 192678.93 | K16: =H16/202 -> 105.98401 | L16: ='13'!G15 -> 738.4136 | M16: 56.2 | N16: =L16*M16 -> 41498.844 | O16: ='13'!G20 -> 64 | P16: 108 | Q16: =O16*P16 -> 6912 | R16: =O16/(F16*202/100) -> 64.659527 | S16: ='13'!G24 -> 0 | T16: 69 | U16: =S16*T16 -> 0 | V16: ='13'!G65 -> 83 | W16: ='13'!G66 -> 9 | X16: ='13'!G67 -> 32 | Y16: =V16+W16+X16 -> 124 | Z16: ='13'!G84 -> 0 | AA16: ='13'!G85 -> 0 | AB16: ='13'!G86 -> 24.06 | AC16: ='13'!G87 -> 0 | AD16: =Z16+AA16+AB16+AC16 -> 24.06 | AE16: =AU16+AV16+BE16+BF16 -> 3416.84 | AF16: =AE16/AD16 -> 142.0133 | AG16: ='13'!G88 -> -0.2 | AH16: ='13'!G89 -> -0.07 | AI16: ='13'!G90 -> 9.74 | AJ16: =AG16+AH16+AI16 -> 9.47 | AK16: ='13'!G91 -> 9.35 | AL16: ='13'!G92 -> 2.37 | AN16: =AK16+AL16 -> 11.72 | AO16: ='13'!G74 -> 299 | AP16: ='13'!G35 -> 2352.48 | AQ16: ='13'!G37 -> 1354.09 | AR16: ='13'!G38 -> 2302.16 | AS16: ='13'!G39 -> 2751.44 | AT16: ='13'!G40 -> 201.72 | AU16: ='13'!G41 -> 0 | AV16: ='13'!G42 -> 0 | AW16: ='13'!G43 -> 0 | AX16: ='13'!G44 -> 0 | AY16: ='13'!G36 -> 807.09 | AZ16: ='13'!G49 -> 515.13 | BA16: ='13'!G51 -> -0.44 | BB16: ='13'!G52 -> 0 | BC16: ='13'!G53 -> -0.03 | BD16: ='13'!G54 -> 373.64 | BE16: ='13'!G55 -> 3416.84 | BF16: ='13'!G56 -> 0 | BG16: ='13'!G57 -> 2558.96 | BH16: ='13'!G50 -> 1562.52 | BI16: =SUM(AU16,AV16,BE16,BF16) -> 3416.84 | BJ16: ='13'!G133 -> 536 | BK16: =SUM(AP16,AU16,AV16,AW16,AZ16,BE16,BF16,BG16)/H16% -> 41.307417 | BL16: =SUM(AS16,BC16)/H16% -> 12.851789 | BM16: =(AR16+BB16)/H16 -> 0.1075335 | BN16: =J16+N16+Q16+U16 -> 241089.77 | BO16: =SUM(AU16,AV16,AW16,BE16,BF16,BG16,BJ16) -> 6511.8 | BP16: =BO16/(AD16*280) -> 0.96660135
A17: 14 | B17: 14 | D17: ='14'!D3 -> 29 | E17: ='14'!D4 -> 0.8 | F17: ='14'!D2 -> 0.5 | G17: ='14'!G7 -> 21687.94 | H17: ='14'!G8 -> 22111.61 | I17: 9 | J17: =H17*I17 -> 199004.49 | K17: =H17/202 -> 109.46342 | L17: ='14'!G15 -> 823.9764 | M17: 56.2 | N17: =L17*M17 -> 46307.474 | O17: ='14'!G20 -> 174 | P17: 108 | Q17: =O17*P17 -> 18792 | R17: =O17/(F17*202/100) -> 172.27723 | S17: ='14'!G24 -> 0 | T17: 69 | U17: =S17*T17 -> 0 | V17: ='14'!G65 -> 99 | W17: ='14'!G66 -> 12 | X17: ='14'!G67 -> 40 | Y17: =V17+W17+X17 -> 151 | Z17: ='14'!G84 -> 0 | AA17: ='14'!G85 -> 0 | AB17: ='14'!G86 -> 23.94 | AC17: ='14'!G87 -> 0 | AD17: =Z17+AA17+AB17+AC17 -> 23.94 | AE17: =AU17+AV17+BE17+BF17 -> 3541.01 | AF17: =AE17/AD17 -> 147.91186 | AG17: ='14'!G88 -> 9.6 | AH17: ='14'!G89 -> 0.33 | AI17: ='14'!G90 -> 1 | AJ17: =AG17+AH17+AI17 -> 10.93 | AK17: ='14'!G91 -> 11.84 | AL17: ='14'!G92 -> -0.24 | AN17: =AK17+AL17 -> 11.6 | AO17: ='14'!G44 -> 0 | AP17: ='14'!G35 -> 2629.73 | AQ17: ='14'!G37 -> 1369.31 | AR17: ='14'!G38 -> 2361.92 | AS17: ='14'!G39 -> 2759.52 | AT17: ='14'!G40 -> 201.66 | AU17: ='14'!G41 -> 0 | AV17: ='14'!G42 -> 0 | AW17: ='14'!G43 -> 0 | AX17: ='14'!G44 -> 0 | AY17: ='14'!G36 -> 948.87 | AZ17: ='14'!G49 -> 544 | BA17: ='14'!G51 -> 0.44 | BB17: ='14'!G52 -> -0.43 | BC17: ='14'!G53 -> 0.03 | BD17: ='14'!G54 -> 281.32 | BE17: ='14'!G55 -> 3541.01 | BF17: ='14'!G56 -> 0 | BG17: ='14'!G57 -> 2594.08 | BH17: ='14'!G50 -> 1637.72 | BI17: =SUM(AU17,AV17,BE17,BF17) -> 3541.01 | BJ17: ='14'!G133 -> 588 | BK17: =SUM(AP17,AU17,AV17,AW17,AZ17,BE17,BF17,BG17)/H17% -> 42.099241 | BL17: =SUM(AS17,BC17)/H17% -> 12.480095 | BM17: =(AR17+BB17)/H17 -> 0.10679865 | BN17: =J17+N17+Q17+U17 -> 264103.96 | BO17: =SUM(AU17,AV17,AW17,BE17,BF17,BG17,BJ17) -> 6723.09 | BP17: =BO17/(AD17*280) -> 1.0029672
A18: 15 | B18: 15 | D18: ='15'!D3 -> 25 | E18: ='15'!D4 -> 0.78 | F18: ='15'!D2 -> 0.5 | G18: ='15'!G7 -> 22618.07 | H18: ='15'!G8 -> 23074.84 | I18: 9 | J18: =H18*I18 -> 207673.56 | K18: =H18/202 -> 114.23188 | L18: ='15'!G15 -> 1071 | M18: 56.2 | N18: =L18*M18 -> 60190.2 | O18: ='15'!G20 -> 308 | P18: 108 | Q18: =O18*P18 -> 33264 | R18: =O18/(F18*202/100) -> 304.9505 | S18: ='15'!G24 -> 0 | T18: 69 | U18: =S18*T18 -> 0 | V18: ='15'!G65 -> 145 | W18: ='15'!G66 -> 9 | X18: ='15'!G67 -> 16 | Y18: =V18+W18+X18 -> 170 | Z18: ='15'!G84 -> 0 | AA18: ='15'!G85 -> 0 | AB18: ='15'!G86 -> 24 | AC18: ='15'!G87 -> 0 | AD18: =Z18+AA18+AB18+AC18 -> 24 | AE18: =AU18+AV18+BE18+BF18 -> 3568.97 | AF18: =AE18/AD18 -> 148.70708 | AG18: ='15'!G88 -> 8.4 | AH18: ='15'!G89 -> 5.67 | AI18: ='15'!G90 -> 4 | AJ18: =AG18+AH18+AI18 -> 18.07 | AK18: ='15'!G91 -> 12.12 | AL18: ='15'!G92 -> 0 | AN18: =AK18+AL18 -> 12.12 | AO18: ='15'!G74 -> 326.71 | AP18: ='15'!G35 -> 2646 | AQ18: ='15'!G37 -> 1354.69 | AR18: ='15'!G38 -> 2676.24 | AS18: ='15'!G39 -> 2852.25 | AT18: ='15'!G40 -> 199.69 | AU18: ='15'!G41 -> 0 | AV18: ='15'!G42 -> -0.03 | AW18: ='15'!G43 -> 0 | AX18: ='15'!G44 -> 0 | AY18: ='15'!G36 -> 1252 | AZ18: ='15'!G49 -> 543.83 | BA18: ='15'!G51 -> 0 | BB18: ='15'!G52 -> 0 | BC18: ='15'!G53 -> 0 | BD18: ='15'!G54 -> 281.63 | BE18: ='15'!G55 -> 3569 | BF18: ='15'!G56 -> 0 | BG18: ='15'!G57 -> 2608.25 | BH18: ='15'!G50 -> 1526.33 | BI18: =SUM(AU18,AV18,BE18,BF18) -> 3568.97 | BJ18: ='15'!G133 -> 724 | BK18: =SUM(AP18,AU18,AV18,AW18,AZ18,BE18,BF18,BG18)/H18% -> 40.594214 | BL18: =SUM(AS18,BC18)/H18% -> 12.360866 | BM18: =(AR18+BB18)/H18 -> 0.11598087 | BN18: =J18+N18+Q18+U18 -> 301127.76 | BO18: =SUM(AU18,AV18,AW18,BE18,BF18,BG18,BJ18) -> 6901.22 | BP18: =BO18/(AD18*280) -> 1.0269673
A19: 16 | B19: 16 | D19: ='16'!D3 -> 23 | E19: ='16'!D4 -> 0.77 | F19: ='16'!D2 -> 0.83 | G19: ='16'!G7 -> 23088.39 | H19: ='16'!G8 -> 23633.15 | I19: 9 | J19: =H19*I19 -> 212698.35 | K19: =H19/202 -> 116.99579 | L19: ='16'!G15 -> 1110 | M19: 56.2 | N19: =L19*M19 -> 62382 | O19: ='16'!G20 -> 396 | P19: 108 | Q19: =O19*P19 -> 42768 | R19: =O19/(F19*202/100) -> 236.19229 | S19: ='16'!G24 -> 0 | T19: 69 | U19: =S19*T19 -> 0 | V19: ='16'!G65 -> 132 | W19: ='16'!G66 -> 13 | X19: ='16'!G67 -> 20 | Y19: =V19+W19+X19 -> 165 | Z19: ='16'!G84 -> 0 | AA19: ='16'!G85 -> 0.03 | AB19: ='16'!G86 -> 24.48 | AC19: ='16'!G87 -> 0.1 | AD19: =Z19+AA19+AB19+AC19 -> 24.61 | AE19: =AU19+AV19+BE19+BF19 -> 3528.06 | AF19: =AE19/AD19 -> 143.3588 | AG19: ='16'!G88 -> 4.63 | AH19: ='16'!G89 -> 11.17 | AI19: ='16'!G90 -> 4.97 | AJ19: =AG19+AH19+AI19 -> 20.77 | AK19: ='16'!G91 -> 12.34 | AL19: ='16'!G92 -> 0 | AN19: =AK19+AL19 -> 12.34 | AO19: ='16'!G74 -> 318.64 | AP19: ='16'!G35 -> 2949.83 | AQ19: ='16'!G37 -> 1415.63 | AR19: ='16'!G38 -> 2706.48 | AS19: ='16'!G39 -> 2907.11 | AT19: ='16'!G40 -> 204.85 | AU19: ='16'!G41 -> 0 | AV19: ='16'!G42 -> 0.03 | AW19: ='16'!G43 -> 0 | AX19: ='16'!G44 -> 0 | AY19: ='16'!G36 -> 1219.84 | AZ19: ='16'!G49 -> 512.88 | BA19: ='16'!G51 -> 0 | BB19: ='16'!G52 -> 0.43 | BC19: ='16'!G53 -> 0 | BD19: ='16'!G54 -> 287.63 | BE19: ='16'!G55 -> 3528.03 | BF19: ='16'!G56 -> 0 | BG19: ='16'!G57 -> 2706.15 | BH19: ='16'!G50 -> 1797.55 | BI19: =SUM(AU19,AV19,BE19,BF19) -> 3528.06 | BJ19: ='16'!G133 -> 775 | BK19: =SUM(AP19,AU19,AV19,AW19,AZ19,BE19,BF19,BG19)/H19% -> 41.031009 | BL19: =SUM(AS19,BC19)/H19% -> 12.300984 | BM19: =(AR19+BB19)/H19 -> 0.11453869 | BN19: =J19+N19+Q19+U19 -> 317848.35 | BO19: =SUM(AU19,AV19,AW19,BE19,BF19,BG19,BJ19) -> 7009.21 | BP19: =BO19/(AD19*280) -> 1.0171838
A20: 17 | B20: 17 | D20: ='17'!D3 -> 23 | E20: ='17'!D4 -> 0.77 | F20: ='17'!D2 -> 0.91 | G20: ='17'!G7 -> 23527.61 | H20: ='17'!G8 -> 24332.71 | I20: 9 | J20: =H20*I20 -> 218994.39 | K20: =H20/202 -> 120.45896 | L20: ='17'!G15 -> 1229 | M20: 56.2 | N20: =L20*M20 -> 69069.8 | O20: ='17'!G20 -> 279 | P20: 108 | Q20: =O20*P20 -> 30132 | R20: =O20/(F20*202/100) -> 151.77891 | S20: ='17'!G24 -> 0 | T20: 69 | U20: =S20*T20 -> 0 | V20: ='17'!G65 -> 133 | W20: ='17'!G66 -> 13 | X20: ='17'!G67 -> 22 | Y20: =V20+W20+X20 -> 168 | Z20: ='17'!G84 -> 0 | AA20: ='17'!G85 -> 6.27 | AB20: ='17'!G86 -> 23.52 | AC20: ='17'!G87 -> 0 | AD20: =Z20+AA20+AB20+AC20 -> 29.79 | AE20: =AU20+AV20+BE20+BF20 -> 4460.8 | AF20: =AE20/AD20 -> 149.74152 | AG20: ='17'!G88 -> 3.37 | AH20: ='17'!G89 -> 10.08 | AI20: ='17'!G90 -> 6.03 | AJ20: =AG20+AH20+AI20 -> 19.48 | AK20: ='17'!G91 -> 11.84 | AL20: ='17'!G92 -> 0.24 | AN20: =AK20+AL20 -> 12.08 | AO20: ='17'!G74 -> 305.65 | AP20: ='17'!G35 -> 3004.2 | AQ20: ='17'!G37 -> 1531.37 | AR20: ='17'!G38 -> 2781.93 | AS20: ='17'!G39 -> 2889.44 | AT20: ='17'!G40 -> 225.92 | AU20: ='17'!G41 -> 0 | AV20: ='17'!G42 -> 1159.04 | AW20: ='17'!G43 -> 0 | AX20: ='17'!G44 -> 0 | AY20: ='17'!G36 -> 1213.29 | AZ20: ='17'!G49 -> 501.29 | BA20: ='17'!G51 -> 0 | BB20: ='17'!G52 -> 0 | BC20: ='17'!G53 -> 0 | BD20: ='17'!G54 -> 275.8 | BE20: ='17'!G55 -> 3301.76 | BF20: ='17'!G56 -> 0 | BG20: ='17'!G57 -> 2772.85 | BH20: ='17'!G50 -> 1798.45 | BI20: =SUM(AU20,AV20,BE20,BF20) -> 4460.8 | BJ20: ='17'!G133 -> 880 | BK20: =SUM(AP20,AU20,AV20,AW20,AZ20,BE20,BF20,BG20)/H20% -> 44.134583 | BL20: =SUM(AS20,BC20)/H20% -> 11.874715 | BM20: =(AR20+BB20)/H20 -> 0.11432882 | BN20: =J20+N20+Q20+U20 -> 318196.19 | BO20: =SUM(AU20,AV20,AW20,BE20,BF20,BG20,BJ20) -> 8113.65 | BP20: =BO20/(AD20*280) -> 0.97271975
A21: 18 | B21: 18 | D21: ='18 '!D3 -> 22 | E21: ='18 '!D4 -> 0.78 | F21: ='18 '!D2 -> 0.82 | G21: ='18 '!G7 -> 23547 | H21: ='18 '!G8 -> 24352 | I21: 9 | J21: =H21*I21 -> 219168 | K21: =H21/202 -> 120.55446 | L21: ='18 '!G15 -> 1250 | M21: 56.2 | N21: =L21*M21 -> 70250 | O21: ='18 '!G20 -> 235 | P21: 108 | Q21: =O21*P21 -> 25380 | R21: =O21/(F21*202/100) -> 141.87394 | S21: ='18 '!G24 -> 0 | T21: 69 | U21: =S21*T21 -> 0 | V21: ='18 '!G65 -> 162 | W21: ='18 '!G66 -> 10 | X21: ='18 '!G67 -> 28 | Y21: =V21+W21+X21 -> 200 | Z21: ='18 '!G84 -> 0 | AA21: ='18 '!G85 -> 1.7 | AB21: ='18 '!G86 -> 24.2 | AC21: ='18 '!G87 -> 0 | AD21: =Z21+AA21+AB21+AC21 -> 25.9 | AE21: =AU21+AV21+BE21+BF21 -> 3962.77 | AF21: =AE21/AD21 -> 153.0027 | AG21: ='18 '!G88 -> 11.75 | AH21: ='18 '!G89 -> 2.97 | AI21: ='18 '!G90 -> 9.03 | AJ21: =AG21+AH21+AI21 -> 23.75 | AK21: ='18 '!G91 -> 11.86 | AL21: ='18 '!G92 -> 0 | AN21: =AK21+AL21 -> 11.86 | AO21: ='18 '!G74 -> 307.56 | AP21: ='18 '!G35 -> 2925 | AQ21: ='18 '!G37 -> 1258.549 | AR21: ='18 '!G38 -> 2661.73 | AS21: ='18 '!G39 -> 2879.52 | AT21: ='18 '!G40 -> 210.95 | AU21: ='18 '!G41 -> 0 | AV21: ='18 '!G42 -> 514.37 | AW21: ='18 '!G43 -> 0 | AX21: ='18 '!G44 -> 0 | AY21: ='18 '!G36 -> 1264.91 | AZ21: ='18 '!G49 -> 543.35 | BA21: ='18 '!G51 -> 0 | BB21: ='18 '!G52 -> 0 | BC21: ='18 '!G53 -> -0.03 | BD21: ='18 '!G54 -> 275.84 | BE21: ='18 '!G55 -> 3448.4 | BF21: ='18 '!G56 -> 0 | BG21: ='18 '!G57 -> 2447.1 | BH21: ='18 '!G50 -> 1837.19 | BI21: =SUM(AU21,AV21,BE21,BF21) -> 3962.77 | BJ21: ='18 '!G133 -> 0 | BK21: =SUM(AP21,AU21,AV21,AW21,AZ21,BE21,BF21,BG21)/H21% -> 40.564307 | BL21: =SUM(AS21,BC21)/H21% -> 11.82445 | BM21: =(AR21+BB21)/H21 -> 0.10930232 | BN21: =J21+N21+Q21+U21 -> 314798 | BO21: =SUM(AU21,AV21,AW21,BE21,BF21,BG21,BJ21) -> 6409.87 | BP21: =BO21/(AD21*280) -> 0.88387617
A22: 19 | B22: 19 | D22: ='19'!D3 -> 29 | E22: ='19'!D4 -> 0.79 | F22: ='19'!D2 -> 0.82 | G22: ='19'!G7 -> 22027 | H22: ='19'!G8 -> 22484 | I22: 9 | J22: =H22*I22 -> 202356 | K22: =H22/202 -> 111.30693 | L22: ='19'!G15 -> 1250 | M22: 56.2 | N22: =L22*M22 -> 70250 | O22: ='19'!G20 -> 239 | P22: 108 | Q22: =O22*P22 -> 25812 | R22: =O22/(F22*202/100) -> 144.28882 | S22: ='19'!G24 -> 0 | T22: 69 | U22: =S22*T22 -> 0 | V22: ='19'!G65 -> 108 | W22: ='19'!G66 -> 12 | X22: ='19'!G67 -> 20 | Y22: =V22+W22+X22 -> 140 | Z22: ='19'!G84 -> 0 | AA22: ='19'!G85 -> 3 | AB22: ='19'!G86 -> 23.8 | AC22: ='19'!G87 -> 0 | AD22: =Z22+AA22+AB22+AC22 -> 26.8 | AE22: =AU22+AV22+BE22+BF22 -> 4257.44 | AF22: =AE22/AD22 -> 158.8597 | AG22: ='19'!G88 -> 12.17 | AH22: ='19'!G89 -> 2.11 | AI22: ='19'!G90 -> 10.44 | AJ22: =AG22+AH22+AI22 -> 24.72 | AK22: ='19'!G91 -> 11.77 | AL22: ='19'!G92 -> 0 | AN22: =AK22+AL22 -> 11.77 | AO22: ='19'!G74 -> 305.51 | AP22: ='19'!G35 -> 2761.04 | AQ22: ='19'!G37 -> 1356.481 | AR22: ='19'!G38 -> 2578.5 | AS22: ='19'!G39 -> 2894.4 | AT22: ='19'!G40 -> 200.43 | AU22: ='19'!G41 -> 0 | AV22: ='19'!G42 -> 733 | AW22: ='19'!G43 -> 0 | AX22: ='19'!G44 -> 0 | AY22: ='19'!G36 -> 1068.64 | AZ22: ='19'!G49 -> 544.15 | BA22: ='19'!G51 -> 0 | BB22: ='19'!G52 -> 0 | BC22: ='19'!G53 -> 0.03 | BD22: ='19'!G54 -> 279.92 | BE22: ='19'!G55 -> 3524.44 | BF22: ='19'!G56 -> 0 | BG22: ='19'!G57 -> 2367.8 | BH22: ='19'!G50 -> 1450.4 | BI22: =SUM(AU22,AV22,BE22,BF22) -> 4257.44 | BJ22: ='19'!G133 -> -0.17 | BK22: =SUM(AP22,AU22,AV22,AW22,AZ22,BE22,BF22,BG22)/H22% -> 44.166652 | BL22: =SUM(AS22,BC22)/H22% -> 12.873288 | BM22: =(AR22+BB22)/H22 -> 0.11468155 | BN22: =J22+N22+Q22+U22 -> 298418 | BO22: =SUM(AU22,AV22,AW22,BE22,BF22,BG22,BJ22) -> 6625.07 | BP22: =BO22/(AD22*280) -> 0.8828718
A23: 20 | B23: 20 | D23: ='20'!D3 -> 26 | E23: ='20'!D4 -> 0.78 | F23: ='20'!D2 -> 0.85 | G23: ='20'!G7 -> 24669 | H23: ='20'!G8 -> 25225 | I23: 9 | J23: =H23*I23 -> 227025 | K23: =H23/202 -> 124.87624 | L23: ='20'!G15 -> 1237 | M23: 56.2 | N23: =L23*M23 -> 69519.4 | O23: ='20'!G20 -> 235 | P23: 108 | Q23: =O23*P23 -> 25380 | R23: =O23/(F23*202/100) -> 136.86663 | S23: ='20'!G24 -> 0 | T23: 69 | U23: =S23*T23 -> 0 | V23: ='20'!G65 -> 137 | W23: ='20'!G66 -> 13 | X23: ='20'!G67 -> 16 | Y23: =V23+W23+X23 -> 166 | Z23: ='20'!G84 -> 0 | AA23: ='20'!G85 -> 0 | AB23: ='20'!G86 -> 24 | AC23: ='20'!G87 -> -0.1 | AD23: =Z23+AA23+AB23+AC23 -> 23.9 | AE23: =AU23+AV23+BE23+BF23 -> 3986.37 | AF23: =AE23/AD23 -> 166.79372 | AG23: ='20'!G88 -> 5.08 | AH23: ='20'!G89 -> 9.46 | AI23: ='20'!G90 -> 9.53 | AJ23: =AG23+AH23+AI23 -> 24.07 | AK23: ='20'!G91 -> 11.61 | AL23: ='20'!G92 -> 0 | AN23: =AK23+AL23 -> 11.61 | AO23: ='20'!G74 -> 303.93 | AP23: ='20'!G35 -> 2863.93 | AQ23: ='20'!G37 -> 1472.97 | AR23: ='20'!G38 -> 2652.77 | AS23: ='20'!G39 -> 3029.53 | AT23: ='20'!G40 -> 207.85 | AU23: ='20'!G41 -> 0 | AV23: ='20'!G42 -> 0 | AW23: ='20'!G43 -> 0 | AX23: ='20'!G44 -> 0 | AY23: ='20'!G36 -> 1063.45 | AZ23: ='20'!G49 -> 584.5 | BA23: ='20'!G51 -> -0.44 | BB23: ='20'!G52 -> 0 | BC23: ='20'!G588 -> 0 | BD23: ='20'!G54 -> 285.26 | BE23: ='20'!G55 -> 3986.37 | BF23: ='20'!G56 -> 0 | BG23: ='20'!G57 -> 2442.1 | BH23: ='20'!G50 -> 1719.41 | BI23: =SUM(AU23,AV23,BE23,BF23) -> 3986.37 | BJ23: ='20'!G133 -> 0 | BK23: =SUM(AP23,AU23,AV23,AW23,AZ23,BE23,BF23,BG23)/H23% -> 39.155203 | BL23: =SUM(AS23,BC23)/H23% -> 12.01003 | BM23: =(AR23+BB23)/H23 -> 0.10516432 | BN23: =J23+N23+Q23+U23 -> 321924.4 | BO23: =SUM(AU23,AV23,AW23,BE23,BF23,BG23,BJ23) -> 6428.47 | BP23: =BO23/(AD23*280) -> 0.96062014
A24: 21 | B24: 21 | D24: 21 | E24: ='21'!D4 -> 0.77 | F24: ='21'!D2 -> 0.88 | G24: ='21'!G7 -> 24286 | H24: ='21'!G8 -> 24854 | I24: 9 | J24: =H24*I24 -> 223686 | K24: =H24/202 -> 123.0396 | L24: ='21'!G15 -> 1216 | M24: 56.2 | N24: =L24*M24 -> 68339.2 | O24: ='21'!G20 -> 258 | P24: 108 | Q24: =O24*P24 -> 27864 | R24: =O24/(F24*202/100) -> 145.13951 | S24: ='21'!G24 -> 0 | T24: 69 | U24: =S24*T24 -> 0 | V24: ='21'!G65 -> 138 | W24: ='21'!G66 -> 17 | X24: ='21'!G67 -> 20 | Y24: =V24+W24+X24 -> 175 | Z24: ='21'!G84 -> 0 | AA24: ='21'!G85 -> 9 | AB24: ='21'!G86 -> 24 | AC24: ='21'!G87 -> 0 | AD24: =Z24+AA24+AB24+AC24 -> 33 | AE24: =AU24+AV24+BE24+BF24 -> 4981 | AF24: =AE24/AD24 -> 150.93939 | AG24: ='21'!G88 -> 6 | AH24: ='21'!G89 -> 11.21 | AI24: ='21'!G90 -> 6.74 | AJ24: =AG24+AH24+AI24 -> 23.95 | AK24: ='21'!G91 -> 11 | AL24: ='21'!G92 -> -0.24 | AN24: =AK24+AL24 -> 10.76 | AO24: ='21'!G74 -> 291 | AP24: ='21'!G35 -> 2896 | AQ24: ='21'!G37 -> 1453 | AR24: ='21'!G38 -> 2678 | AS24: ='21'!G39 -> 2880 | AT24: ='21'!G40 -> 386 | AU24: ='21'!G41 -> 0 | AV24: ='21'!G42 -> 1522 | AW24: ='21'!G43 -> 0 | AX24: ='21'!G44 -> 0 | AY24: ='21'!G36 -> 1103 | AZ24: ='21'!G49 -> 509 | BA24: ='21'!G51 -> 0 | BB24: ='21'!G52 -> -0.43 | BC24: ='21'!G53 -> 0 | BD24: ='21'!G54 -> 281 | BE24: ='21'!G55 -> 3459 | BF24: ='21'!G56 -> 0 | BG24: ='21'!G57 -> 2656 | BH24: ='21'!G50 -> 1622 | BI24: =SUM(AU24,AV24,BE24,BF24) -> 4981 | BJ24: ='21'!G133 -> 0 | BK24: =SUM(AP24,AU24,AV24,AW24,AZ24,BE24,BF24,BG24)/H24% -> 44.427456 | BL24: =SUM(AS24,BC24)/H24% -> 11.587672 | BM24: =(AR24+BB24)/H24 -> 0.10773195 | BN24: =J24+N24+Q24+U24 -> 319889.2 | BO24: =SUM(AU24,AV24,AW24,BE24,BF24,BG24,BJ24) -> 7637 | BP24: =BO24/(AD24*280) -> 0.82651515
A25: 22 | B25: 22 | D25: ='22'!D3 -> 24 | E25: ='22'!D4 -> 0.78 | F25: ='22'!D2 -> 0.83 | G25: ='22'!G7 -> 25520 | H25: ='22'!G8 -> 26019 | I25: 9 | J25: =H25*I25 -> 234171 | K25: =H25/202 -> 128.80693 | L25: ='22'!G15 -> 1149 | M25: 56.2 | N25: =L25*M25 -> 64573.8 | O25: ='22'!G20 -> 260 | P25: 108 | Q25: =O25*P25 -> 28080 | R25: =O25/(F25*202/100) -> 155.07575 | S25: ='22'!G24 -> 0 | T25: 69 | U25: =S25*T25 -> 0 | V25: ='22'!G65 -> 139 | W25: ='22'!G66 -> 14 | X25: ='22'!G67 -> 20 | Y25: =V25+W25+X25 -> 173 | Z25: ='22'!G84 -> -0.35 | AA25: ='22'!G85 -> 24 | AB25: ='22'!G86 -> 7 | AC25: ='22'!G87 -> 2 | AD25: =Z25+AA25+AB25+AC25 -> 32.65 | AE25: =AU25+AV25+BE25+BF25 -> 6595.45 | AF25: =AE25/AD25 -> 202.00459 | AG25: ='22'!G88 -> 3.62 | AH25: ='22'!G89 -> 10.57 | AI25: ='22'!G90 -> 2.26 | AJ25: =AG25+AH25+AI25 -> 16.45 | AK25: ='22'!G91 -> 10.65 | AL25: ='22'!G92 -> 0 | AN25: =AK25+AL25 -> 10.65 | AO25: ='22'!G74 -> 301 | AP25: ='22'!G35 -> 2877 | AQ25: ='22'!G37 -> 1511 | AR25: ='22'!G38 -> 2767 | AS25: ='22'!G39 -> 2880 | AT25: ='22'!G40 -> 691 | AU25: ='22'!G41 -> 0 | AV25: ='22'!G42 -> 5405 | AW25: ='22'!G43 -> 0 | AX25: ='22'!G44 -> 0 | AY25: ='22'!G36 -> 1220 | AZ25: ='22'!G49 -> 521 | BA25: ='22'!G51 -> 0 | BB25: ='22'!G52 -> 0 | BC25: ='22'!G53 -> 0 | BD25: ='22'!G54 -> 363 | BE25: ='22'!G55 -> 847 | BF25: ='22'!G56 -> 343.45 | BG25: ='22'!G57 -> 2663 | BH25: ='22'!G50 -> 1951 | BI25: =SUM(AU25,AV25,BE25,BF25) -> 6595.45 | BJ25: ='22'!G133 -> 0 | BK25: =SUM(AP25,AU25,AV25,AW25,AZ25,BE25,BF25,BG25)/H25% -> 48.643107 | BL25: =SUM(AS25,BC25)/H25% -> 11.068834 | BM25: =(AR25+BB25)/H25 -> 0.10634536 | BN25: =J25+N25+Q25+U25 -> 326824.8 | BO25: =SUM(AU25,AV25,AW25,BE25,BF25,BG25,BJ25) -> 9258.45 | BP25: =BO25/(AD25*280) -> 1.0127379
A26: 23 | B26: 23 | D26: ='23'!D3 -> 25 | E26: ='23'!D4 -> 0.79 | F26: ='23'!D2 -> 0.89 | G26: ='23'!G7 -> 24021 | H26: ='23'!G8 -> 24414 | I26: 9 | J26: =H26*I26 -> 219726 | K26: =H26/202 -> 120.86139 | L26: ='23'!G15 -> 1205 | M26: 56.2 | N26: =L26*M26 -> 67721 | O26: ='23'!G20 -> 393 | P26: 108 | Q26: =O26*P26 -> 42444 | R26: =O26/(F26*202/100) -> 218.60051 | S26: ='23'!G24 -> 0 | T26: 69 | U26: =S26*T26 -> 0 | V26: ='23'!G65 -> 187 | W26: ='23'!G66 -> 15 | X26: ='23'!G67 -> 72 | Y26: =V26+W26+X26 -> 274 | Z26: ='23'!G84 -> 0 | AA26: ='23'!G85 -> 18.56 | AB26: ='23'!G86 -> 9 | AC26: ='23'!G87 -> 0 | AD26: =Z26+AA26+AB26+AC26 -> 27.56 | AE26: =AU26+AV26+BE26+BF26 -> 5364.63 | AF26: =AE26/AD26 -> 194.65276 | AG26: ='23'!G88 -> 10.38 | AH26: ='23'!G89 -> 1.33 | AI26: ='23'!G90 -> 11 | AJ26: =AG26+AH26+AI26 -> 22.71 | AK26: ='23'!G91 -> 11.16 | AL26: ='23'!G92 -> 0 | AN26: =AK26+AL26 -> 11.16 | AO26: ='23'!G74 -> 257 | AP26: ='23'!G35 -> 2773 | AQ26: ='23'!G37 -> 1527 | AR26: ='23'!G38 -> 2763 | AS26: ='23'!G39 -> 2919 | AT26: ='23'!G40 -> 490 | AU26: ='23'!G41 -> 0 | AV26: ='23'!G42 -> 3877.63 | AW26: ='23'!G43 -> 0 | AX26: ='23'!G44 -> 0 | AY26: ='23'!G36 -> 1150 | AZ26: ='23'!G49 -> 588 | BA26: ='23'!G51 -> 0 | BB26: ='23'!G52 -> 0 | BC26: ='23'!G53 -> 0 | BD26: ='23'!G54 -> 357 | BE26: ='23'!G55 -> 1487 | BF26: ='23'!G56 -> 0 | BG26: ='23'!G57 -> 2508 | BH26: ='23'!G50 -> 1606 | BI26: =SUM(AU26,AV26,BE26,BF26) -> 5364.63 | BJ26: ='23'!G133 -> 0.17 | BK26: =SUM(AP26,AU26,AV26,AW26,AZ26,BE26,BF26,BG26)/H26% -> 46.013066 | BL26: =SUM(AS26,BC26)/H26% -> 11.956255 | BM26: =(AR26+BB26)/H26 -> 0.11317277 | BN26: =J26+N26+Q26+U26 -> 329891 | BO26: =SUM(AU26,AV26,AW26,BE26,BF26,BG26,BJ26) -> 7872.8 | BP26: =BO26/(AD26*280) -> 1.0202156
A27: 24 | B27: 24 | D27: ='24'!D3 -> 29 | E27: ='24'!D4 -> 0.79 | F27: ='24'!D2 -> 0.41 | G27: ='24'!G7 -> 23934.71 | H27: ='24'!G8 -> 24656.63 | I27: 9 | J27: =H27*I27 -> 221909.67 | K27: =H27/202 -> 122.06252 | L27: ='24'!G15 -> 1149 | M27: 56.2 | N27: =L27*M27 -> 64573.8 | O27: ='24'!G20 -> 433 | P27: 108 | Q27: =O27*P27 -> 46764 | R27: =O27/(F27*202/100) -> 522.82057 | S27: ='24'!G24 -> 0 | T27: 69 | U27: =S27*T27 -> 0 | V27: ='24'!G65 -> 150 | W27: ='24'!G66 -> 13 | X27: ='24'!G67 -> 70 | Y27: =V27+W27+X27 -> 233 | Z27: ='24'!G84 -> 0 | AA27: ='24'!G85 -> 0 | AB27: ='24'!G86 -> 18.55 | AC27: ='24'!G87 -> 11.21 | AD27: =Z27+AA27+AB27+AC27 -> 29.76 | AE27: =AU27+AV27+BE27+BF27 -> 4055.22 | AF27: =AE27/AD27 -> 136.26411 | AG27: ='24'!G88 -> 6.92 | AH27: ='24'!G89 -> 1.4 | AI27: ='24'!G90 -> 16.08 | AJ27: =AG27+AH27+AI27 -> 24.4 | AK27: ='24'!G91 -> 10.71 | AL27: ='24'!G92 -> 0 | AN27: =AK27+AL27 -> 10.71 | AO27: ='24'!G74 -> 274.55 | AP27: ='24'!G35 -> 2773.43 | AQ27: ='24'!G37 -> 1529.47 | AR27: ='24'!G38 -> 2899.55 | AS27: ='24'!G39 -> 2852.67 | AT27: ='24'!G40 -> 213.23 | AU27: ='24'!G41 -> 0 | AV27: ='24'!G42 -> 0 | AW27: ='24'!G43 -> 0 | AX27: ='24'!G44 -> 0 | AY27: ='24'!G36 -> 1297.55 | AZ27: ='24'!G49 -> 660.79 | BA27: ='24'!G51 -> 0.44 | BB27: ='24'!G52 -> 0.43 | BC27: ='24'!G53 -> 0 | BD27: ='24'!G54 -> 281.3 | BE27: ='24'!G55 -> 2544.91 | BF27: ='24'!G56 -> 1510.31 | BG27: ='24'!G57 -> 2435.07 | BH27: ='24'!G50 -> 1472.19 | BI27: =SUM(AU27,AV27,BE27,BF27) -> 4055.22 | BJ27: ='24'!G133 -> 783 | BK27: =SUM(AP27,AU27,AV27,AW27,AZ27,BE27,BF27,BG27)/H27% -> 40.250878 | BL27: =SUM(AS27,BC27)/H27% -> 11.569586 | BM27: =(AR27+BB27)/H27 -> 0.11761461 | BN27: =J27+N27+Q27+U27 -> 333247.47 | BO27: =SUM(AU27,AV27,AW27,BE27,BF27,BG27,BJ27) -> 7273.29 | BP27: =BO27/(AD27*280) -> 0.87285066
A28: 25 | B28: 25 | D28: ='25'!D3 -> 28 | E28: ='25'!D4 -> 0.79 | F28: ='25'!D2 -> 0.3861 | G28: ='25'!G7 -> 21921.08 | H28: ='25'!G8 -> 22396.96 | I28: 9 | J28: =H28*I28 -> 201572.64 | K28: =H28/202 -> 110.87604 | L28: ='25'!G15 -> 1179 | M28: 56.2 | N28: =L28*M28 -> 66259.8 | O28: ='25'!G20 -> 371 | P28: 108 | Q28: =O28*P28 -> 40068 | R28: =O28/(F28*202/100) -> 475.68859 | S28: ='25'!G24 -> 0 | T28: 69 | U28: =S28*T28 -> 0 | V28: ='25'!G65 -> 146 | W28: ='25'!G66 -> 21 | X28: ='25'!G67 -> 39 | Y28: =V28+W28+X28 -> 206 | Z28: ='25'!G84 -> 0 | AA28: ='25'!G85 -> 0 | AB28: ='25'!G86 -> 0 | AC28: ='25'!G87 -> 24.22 | AD28: =Z28+AA28+AB28+AC28 -> 24.22 | AE28: =AU28+AV28+BE28+BF28 -> 3214.32 | AF28: =AE28/AD28 -> 132.71346 | AG28: ='25'!G88 -> 1.34 | AH28: ='25'!G89 -> 10.12 | AI28: ='25'!G90 -> 9.12 | AJ28: =AG28+AH28+AI28 -> 20.58 | AK28: ='25'!G91 -> 11.06 | AL28: ='25'!G92 -> 0.34 | AN28: =AK28+AL28 -> 11.4 | AO28: ='25'!G74 -> 289.55 | AP28: ='25'!G35 -> 2616.12 | AQ28: ='25'!G37 -> 1439.24 | AR28: ='25'!G38 -> 2763.12 | AS28: ='25'!G39 -> 2834.4 | AT28: ='25'!G40 -> 207.2 | AU28: ='25'!G41 -> 0 | AW28: ='25'!G43 -> 0 | AX28: ='25'!G44 -> 0 | AY28: ='25'!G36 -> 1132.84 | AZ28: ='25'!G49 -> 561.2 | BA28: ='25'!G51 -> 0 | BB28: ='25'!G52 -> 0 | BC28: ='25'!G53 -> 0.03 | BD28: ='24'!G54 -> 281.3 | BE28: ='25'!G55 -> 0 | BF28: ='25'!G56 -> 3214.32 | BG28: ='25'!G57 -> 2257.92 | BH28: ='25'!G50 -> 1262.04 | BI28: =SUM(AU28,AV28,BE28,BF28) -> 3214.32 | BJ28: ='25'!G133 -> 702 | BK28: =SUM(AP28,AU28,AV28,AW28,AZ28,BE28,BF28,BG28)/H28% -> 38.619348 | BL28: =SUM(AS28,BC28)/H28% -> 12.655423 | BM28: =(AR28+BB28)/H28 -> 0.12337031 | BN28: =J28+N28+Q28+U28 -> 307900.44 | BO28: =SUM(AU28,AV28,AW28,BE28,BF28,BG28,BJ28) -> 6174.24 | BP28: =BO28/(AD28*280) -> 0.91044001
A29: 26 | B29: 26 | D29: ='26'!D3 -> 28 | E29: ='26'!D4 -> 0.79 | F29: ='26'!D2 -> 0.37 | G29: ='26'!G7 -> 22123.82 | H29: ='26'!G8 -> 22752.2 | I29: 9 | J29: =H29*I29 -> 204769.8 | K29: =H29/202 -> 112.63465 | L29: ='26'!G15 -> 1200 | M29: 56.2 | N29: =L29*M29 -> 67440 | O29: ='26'!G20 -> 338 | P29: 108 | Q29: =O29*P29 -> 36504 | R29: =O29/(F29*202/100) -> 452.23441 | S29: ='26'!G24 -> 0 | T29: 69 | U29: =S29*T29 -> 0 | V29: ='26'!G65 -> 95 | W29: ='26'!G66 -> 11 | X29: ='26'!G67 -> 34 | Y29: =V29+W29+X29 -> 140 | Z29: ='26'!G84 -> 0 | AA29: ='26'!G85 -> 0 | AB29: ='26'!G86 -> 0 | AC29: ='26'!G87 -> 23.655 | AD29: =Z29+AA29+AB29+AC29 -> 23.655 | AE29: =AU29+AV29+BE29+BF29 -> 3409.96 | AF29: =AE29/AD29 -> 144.15388 | AG29: ='26'!G88 -> 5.15 | AH29: ='26'!G89 -> 12.48 | AI29: ='26'!G90 -> 6.18 | AJ29: =AG29+AH29+AI29 -> 23.81 | AK29: ='26'!G91 -> 11.68 | AL29: ='26'!G92 -> 0 | AN29: =AK29+AL29 -> 11.68 | AO29: ='26'!G74 -> 302.54 | AP29: ='26'!G35 -> 2914.2 | AQ29: ='26'!G37 -> 1401 | AR29: ='26'!G38 -> 2712.64 | AS29: ='26'!G39 -> 2791.04 | AT29: ='26'!G40 -> 213.36 | AU29: ='26'!G41 -> 0 | AV29: ='26'!G42 -> 0 | AW29: ='26'!G43 -> 0 | AX29: ='26'!G44 -> 0 | AY29: ='26'!G36 -> 903.48 | AZ29: ='26'!G49 -> 477.6 | BA29: ='26'!G51 -> 0 | BB29: ='26'!G52 -> 0 | BC29: ='26'!G53 -> 0 | BD29: ='26'!G54 -> 361.73 | BE29: ='26'!G55 -> 0 | BF29: ='26'!G56 -> 3409.96 | BG29: ='26'!G57 -> 2294.88 | BH29: ='26'!G50 -> 1226.68 | BI29: =SUM(AU29,AV29,BE29,BF29) -> 3409.96 | BJ29: ='26'!G133 -> 765 | BK29: =SUM(AP29,AU29,AV29,AW29,AZ29,BE29,BF29,BG29)/H29% -> 39.981364 | BL29: =SUM(AS29,BC29)/H29% -> 12.267121 | BM29: =(AR29+BB29)/H29 -> 0.11922539 | BN29: =J29+N29+Q29+U29 -> 308713.8 | BO29: =SUM(AU29,AV29,AW29,BE29,BF29,BG29,BJ29) -> 6469.84 | BP29: =BO29/(AD29*280) -> 0.97681553
A30: 27 | B30: 27 | D30: ='27'!D3 -> 32 | E30: ='27'!D4 -> 0.76 | F30: ='27'!D2 -> 0.5099 | G30: ='27'!G7 -> 22037.32 | H30: ='27'!G8 -> 22562.16 | I30: 9 | J30: =H30*I30 -> 203059.44 | K30: =H30/202 -> 111.69386 | L30: ='27'!G15 -> 1170 | M30: 56.2 | N30: =L30*M30 -> 65754 | O30: ='27'!G20 -> 262 | P30: 108 | Q30: =O30*P30 -> 28296 | R30: =O30/(F30*202/100) -> 254.36943 | S30: ='27'!G24 -> 0 | T30: 69 | U30: =S30*T30 -> 0 | V30: ='27'!G65 -> 125 | W30: ='27'!G66 -> 17 | X30: ='27'!G67 -> 23 | Y30: =V30+W30+X30 -> 165 | Z30: ='27'!G84 -> 0 | AA30: ='27'!G85 -> 13.52 | AB30: ='27'!G86 -> 0 | AC30: ='27'!G87 -> 14.485 | AD30: =Z30+AA30+AB30+AC30 -> 28.005 | AE30: =AU30+AV30+BE30+BF30 -> 4240.36 | AF30: =AE30/AD30 -> 151.41439 | AG30: ='27'!G88 -> 4.64 | AH30: ='27'!G89 -> 9.76 | AI30: ='27'!G90 -> 4.02 | AJ30: =AG30+AH30+AI30 -> 18.42 | AK30: ='27'!G91 -> 9.04 | AL30: ='27'!G92 -> 0 | AN30: =AK30+AL30 -> 9.04 | AO30: ='27'!G74 -> 232.09 | AP30: ='27'!G35 -> 2708.8 | AQ30: ='27'!G37 -> 1530.2 | AR30: ='27'!G38 -> 2671.28 | AS30: ='27'!G39 -> 2808.8 | AT30: ='27'!G40 -> 462.6 | AU30: ='27'!G41 -> 0 | AV30: ='27'!G42 -> 2733.84 | AW30: ='27'!G43 -> 0 | AX30: ='27'!G44 -> 0 | AY30: ='27'!G36 -> 1008.36 | AZ30: ='27'!G49 -> 465.36 | BA30: ='27'!G51 -> 0 | BB30: ='27'!G52 -> 0 | BC30: ='27'!G53 -> 0 | BD30: ='27'!G54 -> 393.85 | BE30: ='27'!G55 -> 0 | BF30: ='27'!G56 -> 1506.52 | BG30: ='27'!G57 -> 2372.24 | BH30: ='27'!G50 -> 1419.24 | BI30: =SUM(AU30,AV30,BE30,BF30) -> 4240.36 | BJ30: ='27'!G133 -> 763 | BK30: =SUM(AP30,AU30,AV30,AW30,AZ30,BE30,BF30,BG30)/H30% -> 43.376875 | BL30: =SUM(AS30,BC30)/H30% -> 12.449163 | BM30: =(AR30+BB30)/H30 -> 0.11839647 | BN30: =J30+N30+Q30+U30 -> 297109.44 | BO30: =SUM(AU30,AV30,AW30,BE30,BF30,BG30,BJ30) -> 7375.6 | BP30: =BO30/(AD30*280) -> 0.94059734
A31: 28 | B31: 28 | D31: ='28'!D3 -> 32 | E31: ='28'!D4 -> 0.7 | F31: ='28'!D2 -> 0.8 | G31: ='28'!G7 -> 22166.07 | H31: ='28'!G8 -> 22679.05 | I31: 9 | J31: =H31*I31 -> 204111.45 | K31: =H31/202 -> 112.27252 | L31: ='28'!G15 -> 1186 | M31: 56.2 | N31: =L31*M31 -> 66653.2 | O31: ='28'!G20 -> 202 | P31: 108 | Q31: =O31*P31 -> 21816 | R31: =O31/(F31*202/100) -> 125 | S31: ='28'!G24 -> 0 | T31: 69 | U31: =S31*T31 -> 0 | V31: ='28'!G65 -> 98 | W31: ='28'!G66 -> 6 | X31: ='28'!G67 -> 24 | Y31: =V31+W31+X31 -> 128 | Z31: ='28'!G84 -> 0 | AA31: ='28'!G85 -> 22.92 | AB31: ='28'!G86 -> 6.45 | AC31: ='28'!G87 -> 0 | AD31: =Z31+AA31+AB31+AC31 -> 29.37 | AE31: =AU31+AV31+BE31+BF31 -> 4798.9 | AF31: =AE31/AD31 -> 163.39462 | AG31: ='28'!G88 -> 6.72 | AH31: ='28'!G89 -> 9.34 | AI31: ='28'!G90 -> 1.6 | AJ31: =AG31+AH31+AI31 -> 17.66 | AK31: ='28'!G91 -> 10.72 | AL31: ='28'!G92 -> 0 | AN31: =AK31+AL31 -> 10.72 | AO31: ='28'!G74 -> 275.98 | AP31: ='28'!G35 -> 2655.64 | AQ31: ='28'!G37 -> 1489.09 | AR31: ='28'!G38 -> 2644.41 | AS31: ='28'!G39 -> 2727.04 | AT31: ='28'!G40 -> 659.62 | AU31: ='28'!G41 -> -0.01 | AV31: ='28'!G42 -> 4068.93 | AW31: ='28'!G43 -> 0 | AX31: ='28'!G44 -> 0 | AY31: ='28'!G36 -> 691.96 | AZ31: ='28'!G49 -> 484.05 | BA31: ='28'!G51 -> 0 | BB31: ='28'!G52 -> 0 | BC31: ='28'!G53 -> 0 | BD31: ='28'!G54 -> 360.44 | BE31: ='28'!G55 -> 730.09 | BF31: ='28'!G56 -> -0.11 | BG31: ='28'!G57 -> 2448.89 | BH31: ='28'!G50 -> 1859.85 | BI31: =SUM(AU31,AV31,BE31,BF31) -> 4798.9 | BJ31: ='28'!G133 -> 812 | BK31: =SUM(AP31,AU31,AV31,AW31,AZ31,BE31,BF31,BG31)/H31% -> 45.802095 | BL31: =SUM(AS31,BC31)/H31% -> 12.02449 | BM31: =(AR31+BB31)/H31 -> 0.11660144 | BN31: =J31+N31+Q31+U31 -> 292580.65 | BO31: =SUM(AU31,AV31,AW31,BE31,BF31,BG31,BJ31) -> 8059.79 | BP31: =BO31/(AD31*280) -> 0.9800805
A32: 29 | B32: 29 | D32: ='29'!D3 -> 27 | E32: ='29'!D4 -> 0.79 | F32: ='29'!D2 -> 1 | G32: ='29'!G7 -> 320619.9 | H32: ='29'!G8 -> 305280.3 | I32: 9 | J32: =H32*I32 -> 2747522.7 | K32: =H32/202 -> 1511.2886 | L32: ='29'!G15 -> -33530.9 | M32: 56.2 | N32: =L32*M32 -> -1884436.6 | O32: ='29'!G20 -> -1306 | P32: 108 | Q32: =O32*P32 -> -141048 | R32: =O32/(F32*202/100) -> -646.53465 | S32: ='29'!G24 -> 0 | T32: 69 | U32: =S32*T32 -> 0 | V32: ='29'!G65 -> -3857 | W32: ='29'!G66 -> -477 | X32: ='29'!G67 -> -833 | Y32: =V32+W32+X32 -> -5167 | Z32: ='29'!G84 -> 0 | AA32: ='29'!G85 -> -154 | AB32: ='29'!G86 -> -267 | AC32: ='29'!G87 -> -355.57 | AD32: =Z32+AA32+AB32+AC32 -> -776.57 | AE32: =AU32+AV32+BE32+BF32 -> -118177.43 | AF32: =AE32/AD32 -> 152.17872 | AG32: ='29'!G88 -> -192.77 | AH32: ='29'!G89 -> -195.46 | AI32: ='29'!G90 -> -217.43 | AJ32: =AG32+AH32+AI32 -> -605.66 | AK32: ='29'!G91 -> -289.02 | AL32: ='29'!G92 -> -58.83 | AN32: =AK32+AL32 -> -347.85 | AO32: ='29'!G74 -> -9070.81 | AP32: ='29'!G35 -> -80489.64 | AQ32: ='29'!G37 -> -43252.05 | AR32: ='29'!G38 -> -79588.97 | AS32: ='29'!G39 -> -85297.36 | AT32: ='29'!G40 -> -8592.28 | AU32: ='29'!G41 -> 0 | AV32: ='29'!G42 -> -31645.97 | AW32: ='29'!G43 -> 0 | AX32: ='29'!G44 -> 0 | AY32: ='29'!G36 -> -31489.6 | AZ32: ='29'!G49 -> -16133.09 | BA32: ='29'!G51 -> 0 | BB32: ='29'!G52 -> -0.43 | BC32: ='29'!G53 -> -0.03 | BD32: ='29'!G54 -> -9422.43 | BE32: ='29'!G55 -> -38718.25 | BF32: ='29'!G56 -> -47813.21 | BG32: ='29'!G57 -> -76302.41 | BH32: ='29'!G50 -> -44485.41 | BI32: =SUM(AU32,AV32,BE32,BF32) -> -118177.43 | BJ32: ='29'!G133 -> -20380 | BK32: =SUM(AP32,AU32,AV32,AW32,AZ32,BE32,BF32,BG32)/H32% -> -95.355832 | BL32: =SUM(AS32,BC32)/H32% -> -27.940679 | BM32: =(AR32+BB32)/H32 -> -0.26070926 | BN32: =J32+N32+Q32+U32 -> 722038.12 | BO32: =SUM(AU32,AV32,AW32,BE32,BF32,BG32,BJ32) -> -214859.84 | BP32: =BO32/(AD32*280) -> 0.98813574
A33: 30 | B33: 30 | D33: ='30'!D3 -> 28 | E33: ='30'!D4 -> 0.78 | F33: ='30'!D2 -> 0.5 | G33: ='30'!G7 -> 21796.1 | H33: ='30'!G8 -> 22328.7 | I33: 9 | J33: =H33*I33 -> 200958.3 | K33: =H33/202 -> 110.53812 | L33: ='30'!G15 -> 1104.653 | M33: 56.2 | N33: =L33*M33 -> 62081.499 | O33: ='30'!G20 -> 321 | P33: 108 | Q33: =O33*P33 -> 34668 | R33: =O33/(F33*202/100) -> 317.82178 | S33: ='30'!G24 -> 0 | T33: 69 | U33: =S33*T33 -> 0 | V33: ='30'!G65 -> 109 | W33: ='30'!G66 -> 38 | X33: ='30'!G67 -> 28 | Y33: =V33+W33+X33 -> 175 | Z33: ='30'!G84 -> 0 | AA33: ='30'!G85 -> 0 | AB33: ='30'!G86 -> 0 | AC33: ='30'!G87 -> 24 | AD33: =Z33+AA33+AB33+AC33 -> 24 | AE33: =AU33+AV33+BE33+BF33 -> 3269.72 | AF33: =AE33/AD33 -> 136.23833 | AG33: ='30'!G88 -> 10 | AH33: ='30'!G89 -> 4.46 | AI33: ='30'!G90 -> 7.43 | AJ33: =AG33+AH33+AI33 -> 21.89 | AK33: ='30'!G91 -> 0 | AL33: ='30'!G92 -> 9.49 | AN33: =AK33+AL33 -> 9.49 | AO33: ='30'!G74 -> 265.1 | AP33: ='30'!G35 -> 2464.45 | AQ33: ='30'!G37 -> 1422.4 | AR33: ='30'!G38 -> 2733.45 | AS33: ='30'!G39 -> 2812 | AT33: ='30'!G40 -> 196.16 | AU33: ='30'!G41 -> 0 | AV33: ='30'!G42 -> 0 | AW33: ='30'!G43 -> 0 | AX33: ='30'!G44 -> 0 | AY33: ='30'!G36 -> 888.3 | AZ33: ='30'!G49 -> 519.2 | BA33: ='30'!G51 -> -0.44 | BB33: ='30'!G52 -> 0.43 | BC33: ='30'!G53 -> 0 | BD33: ='30'!G54 -> 278.12 | BE33: ='30'!G55 -> 0 | BF33: ='30'!G56 -> 3269.72 | BG33: ='30'!G57 -> 2442.72 | BH33: ='30'!G50 -> 1146.24 | BI33: =SUM(AU33,AV33,BE33,BF33) -> 3269.72 | BJ33: ='30'!G133 -> 616 | BK33: =SUM(AP33,AU33,AV33,AW33,AZ33,BE33,BF33,BG33)/H33% -> 38.945796 | BL33: =SUM(AS33,BC33)/H33% -> 12.593657 | BM33: =(AR33+BB33)/H33 -> 0.12243794 | BN33: =J33+N33+Q33+U33 -> 297707.8 | BO33: =SUM(AU33,AV33,AW33,BE33,BF33,BG33,BJ33) -> 6328.44 | BP33: =BO33/(AD33*280) -> 0.94173214
A34: 31 | B34: 31 | D34: 30 | E34: ='30'!D5 -> Unit | F34: ='30'!D3 -> 28 | G34: ='31'!G7 -> 23574 | H34: ='31'!G8 -> 24006 | I34: 9 | J34: =H34*I34 -> 216054 | K34: =H34/202 -> 118.84158 | L34: ='31'!G15 -> 1110.962 | M34: 56.2 | N34: =L34*M34 -> 62436.064 | O34: ='31'!G20 -> 194 | P34: 108 | Q34: =O34*P34 -> 20952 | R34: =O34/(F34*202/100) -> 3.4299859 | S34: ='30'!G25 -> 0 | T34: 70 | U34: =S34*T34 -> 0 | V34: ='31'!G65 -> 137 | W34: ='31'!G66 -> 40 | X34: ='31'!G67 -> 22 | Y34: =V34+W34+X34 -> 199 | Z34: ='31'!G84 -> 0 | AA34: ='31'!G85 -> 10 | AB34: ='31'!G86 -> 0 | AC34: ='31'!G87 -> 18 | AD34: =Z34+AA34+AB34+AC34 -> 28 | AE34: =AU34+AV34+BE34+BF34 -> 4628.7 | AF34: =AE34/AD34 -> 165.31071 | AG34: ='31'!G88 -> 9 | AH34: ='31'!G89 -> 5 | AI34: ='31'!G90 -> 6 | AJ34: =AG34+AH34+AI34 -> 20 | AK34: ='31'!G91 -> 0.21 | AL34: ='31'!G92 -> 12.28 | AN34: =AK34+AL34 -> 12.49 | AO34: ='31'!G74 -> 334 | AP34: ='31'!G35 -> 2749 | AQ34: ='31'!G37 -> 1471.65 | AR34: ='31'!G38 -> 2690.52 | AS34: ='31'!G39 -> 2840.41 | AT34: ='31'!G40 -> 254.11 | AU34: ='31'!G41 -> 0.01 | AV34: ='31'!G42 -> 2385.2 | AW34: ='31'!G43 -> 0 | AX34: ='31'!G44 -> 0 | AY34: ='31'!G36 -> 1200.11 | AZ34: ='31'!G49 -> 574.89 | BA34: ='31'!G51 -> 0 | BB34: ='31'!G52 -> -0.43 | BC34: ='31'!G53 -> 0.03 | BD34: ='31'!G54 -> 307.52 | BE34: ='31'!G55 -> 0 | BF34: ='31'!G56 -> 2243.49 | BG34: ='31'!G57 -> 2589.69 | BH34: ='31'!G50 -> 1514.17 | BI34: =SUM(AU34,AV34,BE34,BF34) -> 4628.7 | BJ34: ='31'!G133 -> 693 | BK34: =SUM(AP34,AU34,AV34,AW34,AZ34,BE34,BF34,BG34)/H34% -> 43.915188 | BL34: =SUM(AS34,BC34)/H34% -> 11.832209 | BM34: =(AR34+BB34)/H34 -> 0.11205907 | BN34: =J34+N34+Q34+U34 -> 299442.06 | BO34: =SUM(AU34,AV34,AW34,BE34,BF34,BG34,BJ34) -> 7911.39 | BP34: =BO34/(AD34*280) -> 1.0091059
A35: Total | D35: =AVERAGE(D4:D34) -> 27.580645 | F35: =AVERAGE(F4:F34) -> 1.5676129 | G35: =SUM(G4:G34) -> 999432 | H35: =SUM(H4:H34) -> 1000000 | I35: 9 | J35: =SUM(J4:J34) -> 9000000 | K35: =SUM(K4:K34) -> 4950.495 | L35: =SUM(L4:L34) -> 0 | M35: =SUM(M4:M34) -> 1742.2 | N35: =SUM(N4:N34) -> -4.0745363e-10 | O35: =SUM(O4:O34) -> 6180 | P35: =SUM(P4:P34) -> 3348 | Q35: =SUM(Q4:Q34) -> 667440 | ... BN35: =SUM(BN4:BN34) -> 9667440 | BO35: =SUM(AU35,AV35,AW35,BE35,BF35,BG35,BJ35) -> -4393 | BP35: =BO35/(AD35*280) -> 44.826531
B36: =B18-B17 -> 1 | C36: =C18-C17 -> 0 | D36: =D18-D17 -> -4 | E36: =E18-E17 -> -0.02 | F36: =F18-F17 -> 0 | H36: =H18-H17 -> 963.23 | I36: =I18-I17 -> 0 | J36: =J18-J17 -> 8669.07 | K36: =K18-K17 -> 4.7684653 | L36: =L18-L17 -> 247.0236 | M36: =M18-M17 -> 0 | N36: =N18-N17 -> 13882.726 | O36: =O18-O17 -> 134 | ... AN36: =AN18-AN17 -> 0.52 | AP36: =AP18-AP17 -> 16.27 | AQ36: =AQ18-AQ17 -> -14.62 | AR36: =AR18-AR17 -> 314.32 | AS36: =AS18-AS17 -> 92.73 | AT36: =AT18-AT17 -> -1.97 | AU36: =AU18-AU17 -> 0 | AV36: =AV18-AV17 -> -0.03 | AW36: =AW18-AW17 -> 0 | AZ36: =AZ18-AZ17 -> -0.17 | BA36: =BA18-BA17 -> -0.44 | BB36: =BB18-BB17 -> 0.43 | BC36: =BC18-BC17 -> -0.03 | BD36: =BD18-BD17 -> 0.31 | BE36: =BE18-BE17 -> 27.99 | BF36: =BF18-BF17 -> 0 | BG36: =BG18-BG17 -> 14.17 | BK36: =BK18-BK17 -> -1.5050268 | BL36: =BL18-BL17 -> -0.11922952 | BN36: =BN18-BN17 -> 37023.796 | BO36: =BO18-BO17 -> 178.13
F37: =AVERAGE(F4:F35) -> 1.5676129 | H37: =AVERAGE(H4:H35) -> 62500
B38: Guest complaint | F38: =AVERAGE(F4:F35) -> 1.5676129
BI41: =(BI31+BJ31)/400 -> 14.02725

Sheet Occupancy
B1: Hotel Paid Occupancy Occ% | C1: Room Nights | D1: Comp Night | E1: Cummulative % | F1: Total Covers Guests | G1: Total Room Nights | H1: Paid occ % | J1: KWH/Room
A2: 1 | B2: =C2/202% -> 77.227723 | C2: 156 | D2: 5 | E2: =(C2+D2)/202% -> 79.70297 | F2: 451 | G2: =C2+D2 -> 161 | H2: =C2/202% -> 77.227723 | J2: ='Section Load'!C5/G2 -> 138.91925 | K2: =10/202 -> 0.04950495
A3: 2 | B3: =C3/202% -> 73.267327 | C3: 148 | D3: 4 | E3: =(C3+D3)/202% -> 75.247525 | F3: 351 | G3: =C3+D3 -> 152 | H3: =C3/202% -> 73.267327 | J3: ='Section Load'!C6/G3 -> 147.75
A4: 3 | B4: =C4/202% -> 84.653465 | C4: 171 | D4: 5 | E4: =(C4+D4)/202% -> 87.128713 | F4: 369 | G4: =C4+D4 -> 176 | H4: =C4/202% -> 84.653465 | J4: ='Section Load'!C7/G4 -> 133.8029 | Q4: =C2/202 -> 0.77227723
A5: 4 | B5: =C5/202% -> 86.138614 | C5: 174 | D5: 5 | E5: =(C5+D5)/202% -> 88.613861 | F5: 455 | G5: =C5+D5 -> 179 | H5: =C5/202% -> 86.138614 | J5: ='Section Load'!C8/G5 -> 124.94799
A6: 5 | B6: =C6/202% -> 83.168317 | C6: 168 | D6: 6 | E6: =(C6+D6)/202% -> 86.138614 | F6: 482 | G6: =C6+D6 -> 174 | H6: =C6/202% -> 83.168317 | J6: ='Section Load'!C9/G6 -> 132.48201
A7: 6 | B7: =C7/202% -> 80.19802 | C7: 162 | D7: 5 | E7: =(C7+D7)/202% -> 82.673267 | F7: 551 | G7: =C7+D7 -> 167 | H7: =C7/202% -> 80.19802 | J7: ='Section Load'!C10/G7 -> 141.89299
A8: 7 | B8: =C8/202% -> 76.237624 | C8: 154 | D8: 7 | E8: =(C8+D8)/202% -> 79.70297 | F8: 658 | G8: =C8+D8 -> 161 | H8: =C8/202% -> 76.237624 | J8: ='Section Load'!C11/G8 -> 147.53416
A9: 8 | B9: =C9/202% -> 69.306931 | C9: 140 | D9: 5 | E9: =(C9+D9)/202% -> 71.782178 | F9: 542 | G9: =C9+D9 -> 145 | H9: =C9/202% -> 69.306931 | J9: ='Section Load'!C12/G9 -> 160.49655
A10: 9 | B10: =C10/202% -> 76.732673 | C10: 155 | D10: 6 | E10: =(C10+D10)/202% -> 79.70297 | F10: 398 | G10: =C10+D10 -> 161 | H10: =C10/202% -> 76.732673 | J10: ='Section Load'!C13/G10 -> 138.13304 | K10: Water Tanker strike 9thMay-10-11-12 May
A11: 10 | B11: =C11/202% -> 76.237624 | C11: 154 | D11: 4 | E11: =(C11+D11)/202% -> 78.217822 | F11: 474 | G11: =C11+D11 -> 158 | H11: =C11/202% -> 76.237624 | J11: ='Section Load'!C14/G11 -> 143.25373
A12: 11 | B12: =C12/202% -> 79.207921 | C12: 160 | D12: 4 | E12: =(C12+D12)/202% -> 81.188119 | G12: =C12+D12 -> 164 | H12: =C12/202% -> 79.207921 | J12: ='Section Load'!C15/G12 -> 131.00018
A13: 12 | B13: =C13/202% -> 80.693069 | C13: 163 | D13: 1 | E13: =(C13+D13)/202% -> 81.188119 | G13: =C13+D13 -> 164 | H13: =C13/202% -> 80.693069 | J13: ='Section Load'!C16/G13 -> 125.36207
A14: 13 | B14: =C14/202% -> 82.178218 | C14: 166 | D14: 1 | E14: =(C14+D14)/202% -> 82.673267 | G14: =C14+D14 -> 167 | H14: =C14/202% -> 82.178218 | J14: ='Section Load'!C17/G14 -> 128.19623
A15: 14 | B15: =C15/202% -> 83.168317 | C15: 168 | D15: 1 | E15: =(C15+D15)/202% -> 83.663366 | G15: =C15+D15 -> 169 | H15: =C15/202% -> 83.168317 | J15: ='Section Load'!C18/G15 -> 130.83793
A16: 15 | B16: =C16/202% -> 59.90099 | C16: 121 | D16: 1 | E16: =(C16+D16)/202% -> 60.39604 | G16: =C16+D16 -> 122 | H16: =C16/202% -> 59.90099 | J16: ='Section Load'!C19/G16 -> 189.13803
A17: 16 | B17: =C17/202% -> 76.237624 | C17: 154 | D17: 4 | E17: =(C17+D17)/202% -> 78.217822 | G17: =C17+D17 -> 158 | H17: =C17/202% -> 76.237624 | J17: ='Section Load'!C20/G17 -> 149.5769
A18: 17 | B18: =C18/202% -> 74.257426 | C18: 150 | D18: 8 | E18: =(C18+D18)/202% -> 78.217822 | G18: =C18+D18 -> 158 | H18: =C18/202% -> 74.257426 | J18: ='Section Load'!C21/G18 -> 154.00449
A19: 18 | B19: =C19/202% -> 75.247525 | C19: 152 | D19: 8 | E19: =(C19+D19)/202% -> 79.207921 | G19: =C19+D19 -> 160 | H19: =C19/202% -> 75.247525 | J19: ='Section Load'!C22/G19 -> 152.2
A20: 19 | B20: =C20/202% -> 78.217822 | C20: 158 | D20: 8 | E20: =(C20+D20)/202% -> 82.178218 | G20: =C20+D20 -> 166 | H20: =C20/202% -> 78.217822 | J20: ='Section Load'!C23/G20 -> 135.44578
A21: 20 | B21: =C21/202% -> 74.257426 | C21: 150 | D21: 2 | E21: =(C21+D21)/202% -> 75.247525 | G21: =C21+D21 -> 152 | H21: =C21/202% -> 74.257426 | J21: ='Section Load'!C24/G21 -> 165.95395
A22: 21 | B22: =C22/202% -> 70.29703 | C22: 142 | D22: 2 | E22: =(C22+D22)/202% -> 71.287129 | G22: =C22+D22 -> 144 | H22: =C22/202% -> 70.29703 | J22: ='Section Load'!C25/G22 -> 172.59722
A23: 22 | B23: 83 | C23: 131 | D23: 4 | E23: =(C23+D23)/202% -> 66.831683 | G23: =C23+D23 -> 135 | H23: =C23/202% -> 64.851485 | J23: ='Section Load'!C26/G23 -> 192.73333
A24: 23 | B24: 98 | C24: 137 | D24: 4 | E24: =(C24+D24)/202% -> 69.80198 | G24: =C24+D24 -> 141 | H24: =C24/202% -> 67.821782 | J24: ='Section Load'!C27/G24 -> 173.14894
A25: 24 | B25: =C25/202% -> 74.257426 | C25: 150 | D25: 5 | E25: =(C25+D25)/202% -> 76.732673 | G25: =C25+D25 -> 155 | H25: =C25/202% -> 74.257426 | J25: ='Section Load'!C28/G25 -> 159.07503
A26: 25 | B26: =C26/202% -> 74.752475 | C26: 151 | D26: 7 | E26: =(C26+D26)/202% -> 78.217822 | G26: =C26+D26 -> 158 | H26: =C26/202% -> 74.752475 | J26: ='Section Load'!C29/G26 -> 141.75291
A27: 26 | B27: =C27/202% -> 70.792079 | C27: 143 | D27: 8 | E27: =(C27+D27)/202% -> 74.752475 | G27: =C27+D27 -> 151 | H27: =C27/202% -> 70.792079 | J27: ='Section Load'!C30/G27 -> 150.67682
A28: 27 | B28: =C28/202% -> 75.742574 | C28: 153 | D28: 8 | E28: =(C28+D28)/202% -> 79.70297 | G28: =C28+D28 -> 161 | H28: =C28/202% -> 75.742574 | J28: ='Section Load'!C31/G28 -> 140.13764
A29: 28 | B29: =C29/202% -> 0 | E29: =(C29+D29)/202% -> 0 | G29: =C29+D29 -> 0 | H29: =C29/202% -> 0 | J29: ='Section Load'!C32/G29 -> #DIV/0!
A30: 29 | B30: =C30/202% -> 0 | E30: =(C30+D30)/202% -> 0 | G30: =C30+D30 -> 0 | H30: =C30/202% -> 0 | J30: ='Section Load'!C33/G30 -> #DIV/0!
A31: 30 | B31: =C31/202% -> 0 | E31: =(C31+D31)/202% -> 0 | G31: =C31+D31 -> 0 | H31: =C31/202% -> 0 | J31: ='Section Load'!C34/G31 -> #DIV/0!
A32: 31 | B32: =C32/202% -> 0 | E32: =(C32+D32)/202% -> 0 | H32: =C32/202% -> 0 | J32: ='Section Load'!C35/G32 -> #DIV/0!
A33: Average | B33: =AVERAGE(B2:B31) -> 69.779208 | C33: 154 | D33: =AVERAGE(D2:D31) -> 4.7407407 | E33: =AVERAGE(E2:E31) -> 70.280528 | F33: =AVERAGE(F2:F31) -> 473.1 | G33: =AVERAGE(G2:G31) -> 141.96667 | H33: =AVERAGE(H2:H31) -> 68.168317
C34: 4855 | D34: 158 | G34: 16958

Sheet Water Report
C3: Date | D3: 1 | E3: 2 | F3: 3 | G3: 4 | H3: 5 | I3: 6 | J3: 7 | K3: 8 | L3: 9 | M3: 10 | N3: 11 | O3: 12 | P3: 13 | Q3: 14 | R3: 15 | S3: 16 | T3: 17 | U3: 18 | V3: 19 | W3: 20 | X3: 21 | Y3: 22 | Z3: 23 | AA3: 24 | AB3: 25 | AC3: 26 | AD3: 27 | AE3: 28 | AF3: 29 | AG3: 30 | AH3: 31
C4: occupancy | D4: =Occupancy!B2 -> 77.227723 | E4: =Occupancy!B3 -> 73.267327 | F4: =Occupancy!C3 -> 148 | G4: =Occupancy!D3 -> 4 | H4: =Occupancy!E3 -> 75.247525 | I4: =Occupancy!F3 -> 351 | J4: =Occupancy!G3 -> 152 | K4: =Occupancy!H3 -> 73.267327 | L4: =Occupancy!I3 -> 0 | ... AH4: =Occupancy!AE3 -> 0
C5: Tanker | D5: ='1'!G18 -> 170 | E5: ='2'!G18 -> 190 | F5: ='3'!G18 -> 220 | G5: ='4'!G18 -> 210 | H5: ='5'!G18 -> 250 | I5: ='6'!G18 -> 260 | J5: ='7'!G18 -> 170 | K5: ='8'!G18 -> 370 | L5: ='9'!G18 -> 50 | M5: ='10'!G18 -> 0 | N5: ='11'!G18 -> 0 | O5: ='12'!G18 -> 0 | P5: ='13'!G18 -> 0 | Q5: ='14'!G18 -> 110 | R5: ='15'!G18 -> 270 | S5: ='16'!G18 -> 360 | T5: ='17'!G18 -> 230 | U5: ='18 '!G18 -> 180 | V5: ='19'!G18 -> 190 | W5: ='20'!G18 -> 180 | X5: ='21'!G18 -> 200 | Y5: ='22'!G18 -> 200 | Z5: ='23'!G18 -> 340 | AA5: ='24'!G18 -> 390 | AB5: ='25'!G18 -> 320 | AC5: ='26'!G18 -> 300 | AD5: ='27'!G18 -> 210 | AE5: ='28'!G18 -> 150 | AF5: ='29'!G18 -> 250 | AG5: ='30'!G18 -> 280 | AH5: ='31'!G18 -> 130
C6: BMC | D6: ='1'!G19 -> 52 | E6: ='2'!G19 -> 59 | F6: ='3'!G19 -> 57 | G6: ='4'!G19 -> 55 | H6: ='5'!G19 -> 52 | I6: ='6'!G19 -> 51 | J6: ='7'!G19 -> 50 | K6: ='8'!G19 -> 45 | L6: ='9'!G19 -> 55 | M6: ='10'!G19 -> 47 | N6: ='11'!G19 -> 54 | O6: ='12'!G19 -> 57 | P6: ='13'!G19 -> 64 | Q6: ='14'!G19 -> 64 | R6: ='15'!G19 -> 38 | S6: ='16'!G19 -> 36 | T6: ='17'!G19 -> 49 | U6: ='18 '!G19 -> 55 | V6: ='19'!G19 -> 49 | W6: ='20'!G19 -> 55 | X6: ='21'!G19 -> 58 | Y6: ='22'!G19 -> 60 | Z6: ='23'!G19 -> 53 | AA6: ='24'!G19 -> 43 | AB6: ='25'!G19 -> 51 | AC6: ='26'!G19 -> 38 | AD6: ='27'!G19 -> 52 | AE6: ='28'!G19 -> 52 | AF6: ='29'!G19 -> -1556 | AG6: ='30'!G19 -> 41 | AH6: ='31'!G19 -> 64
C7: R.O. Plant Production | D7: ='1'!G62 -> 119 | E7: ='2'!G62 -> 129 | F7: ='3'!G62 -> 129.3 | G7: ='4'!G62 -> 141.7 | H7: ='5'!G62 -> 124 | I7: ='6'!G62 -> 111 | J7: ='7'!G62 -> 147 | K7: ='8'!G62 -> 156 | L7: ='9'!G62 -> 9 | M7: ='10'!G62 -> 0 | N7: ='11'!G62 -> 0 | O7: ='12'!G62 -> 0 | P7: ='13'!G62 -> 0 | Q7: ='14'!G62 -> 0 | R7: ='15'!G62 -> 52 | S7: ='16'!G62 -> 85 | T7: ='17'!G62 -> 144 | U7: ='18 '!G62 -> 92 | V7: ='19'!G62 -> 74 | W7: ='20'!G62 -> 56 | X7: ='21'!G62 -> 52 | Y7: ='22'!G62 -> 136 | Z7: ='23'!G62 -> 101 | AA7: ='24'!G62 -> 135 | AB7: ='25'!G62 -> 175 | AC7: ='26'!G62 -> 105 | AD7: ='27'!G62 -> 120.2 | AE7: ='28'!G62 -> 112.8 | AF7: ='29'!G62 -> -2780 | AG7: ='30'!G62 -> 109 | AH7: ='31'!G62 -> 165
C8: STP Production | D8: ='1'!G63 -> 143 | E8: ='2'!G63 -> 74 | F8: ='3'!G63 -> 74 | G8: ='4'!G63 -> 99 | H8: ='5'!G63 -> 66 | I8: ='6'!G63 -> 88 | J8: ='7'!G63 -> 94 | K8: ='8'!G63 -> 1 | L8: ='9'!G63 -> 45 | M8: ='10'!G63 -> 93 | N8: ='11'!G63 -> 132 | O8: ='12'!G63 -> 116 | P8: ='13'!G63 -> 91 | Q8: ='14'!G63 -> 102 | R8: ='15'!G63 -> 89 | S8: ='16'!G63 -> 127 | T8: ='17'!G63 -> 76 | U8: ='18 '!G63 -> 90 | V8: ='19'!G63 -> 110 | W8: ='20'!G63 -> 97 | X8: ='21'!G63 -> 104 | Y8: ='22'!G63 -> 64 | Z8: ='23'!G63 -> 17 | AA8: ='24'!G63 -> 79 | AB8: ='25'!G63 -> 90 | AC8: ='26'!G63 -> 84 | AD8: ='27'!G63 -> 45 | AE8: ='28'!G63 -> 84 | AF8: ='29'!G63 -> -2604 | AG8: ='30'!G63 -> 140 | AH8: ='31'!G63 -> 90
B9: Domestic Water | C9: Zone-1 | D9: ='1'!G65 -> 129 | E9: ='2'!G65 -> 142 | F9: ='3'!G65 -> 140 | G9: ='4'!G65 -> 145 | H9: ='5'!G65 -> 114 | I9: ='6'!G65 -> 135 | J9: ='7'!G65 -> 140 | K9: ='8'!G65 -> 137 | L9: ='9'!G65 -> 131 | M9: ='10'!G65 -> 114 | N9: ='11'!G65 -> 106 | O9: ='12'!G65 -> 101 | P9: ='13'!G65 -> 83 | Q9: ='14'!G65 -> 99 | R9: ='15'!G65 -> 145 | S9: ='16'!G65 -> 132 | T9: ='17'!G65 -> 133 | U9: ='18 '!G65 -> 162 | V9: ='19'!G65 -> 108 | W9: ='20'!G65 -> 137 | X9: ='21'!G65 -> 138 | Y9: ='22'!G65 -> 139 | Z9: ='23'!G65 -> 187 | AA9: ='24'!G65 -> 150 | AB9: ='25'!G65 -> 146 | AC9: ='26'!G65 -> 95 | AD9: ='27'!G65 -> 125 | AE9: ='28'!G65 -> 98 | AF9: ='29'!G65 -> -3857 | AG9: ='30'!G65 -> 109 | AH9: ='31'!G65 -> 137
C10: Zone-2 | D10: ='1'!G66 -> 29 | E10: ='2'!G66 -> 15 | F10: ='3'!G66 -> 17 | G10: ='4'!G66 -> 18 | H10: ='5'!G66 -> 22 | I10: ='6'!G66 -> 27 | J10: ='7'!G66 -> 22 | K10: ='8'!G66 -> 10 | L10: ='9'!G66 -> 6 | M10: ='10'!G66 -> 9 | N10: ='11'!G66 -> 10 | O10: ='12'!G66 -> 9 | P10: ='13'!G66 -> 9 | Q10: ='14'!G66 -> 12 | R10: ='15'!G66 -> 9 | S10: ='16'!G66 -> 13 | T10: ='17'!G66 -> 13 | U10: ='18 '!G66 -> 10 | V10: ='19'!G66 -> 12 | W10: ='20'!G66 -> 13 | X10: ='21'!G66 -> 17 | Y10: ='22'!G66 -> 14 | Z10: ='23'!G66 -> 15 | AA10: ='24'!G66 -> 13 | AB10: ='25'!G66 -> 21 | AC10: ='26'!G66 -> 11 | AD10: ='27'!G66 -> 17 | AE10: ='28'!G66 -> 6 | AF10: ='29'!G66 -> -477 | AG10: ='30'!G66 -> 38 | AH10: ='31'!G66 -> 40
C11: Zone-3 | D11: ='1'!G67 -> 7 | E11: ='2'!G67 -> 16 | F11: ='3'!G67 -> 30 | G11: ='4'!G67 -> 30 | H11: ='5'!G67 -> 26 | I11: ='6'!G67 -> 19 | J11: ='7'!G67 -> 20 | K11: ='8'!G67 -> 24 | L11: ='9'!G67 -> 22 | M11: ='10'!G67 -> 22 | N11: ='11'!G67 -> 36 | O11: ='12'!G67 -> 35 | P11: ='13'!G67 -> 32 | Q11: ='14'!G67 -> 40 | R11: ='15'!G67 -> 16 | S11: ='16'!G67 -> 20 | T11: ='17'!G67 -> 22 | U11: ='18 '!G67 -> 28 | V11: ='19'!G67 -> 20 | W11: ='20'!G67 -> 16 | X11: ='21'!G67 -> 20 | Y11: ='22'!G67 -> 20 | Z11: ='23'!G67 -> 72 | AA11: ='24'!G67 -> 70 | AB11: ='25'!G67 -> 39 | AC11: ='26'!G67 -> 34 | AD11: ='27'!G67 -> 23 | AE11: ='28'!G67 -> 24 | AF11: ='29'!G67 -> -833 | AG11: ='30'!G67 -> 28 | AH11: ='31'!G67 -> 22
B13: Flushing Water | C13: Zone-1 | D13: ='1'!G68 -> 15 | E13: ='2'!G68 -> 15 | F13: ='3'!G68 -> 20 | G13: ='4'!G68 -> 32 | H13: ='5'!G68 -> 20 | I13: ='6'!G68 -> 30 | J13: ='7'!G68 -> 21 | K13: ='8'!G68 -> 24 | L13: ='9'!G68 -> 10 | M13: ='10'!G68 -> 10 | N13: ='11'!G68 -> 8 | O13: ='12'!G68 -> 13 | P13: ='13'!G68 -> 9 | Q13: ='14'!G68 -> 11 | R13: ='15'!G68 -> 17 | S13: ='16'!G68 -> 14 | T13: ='17'!G68 -> 28 | U13: ='18 '!G68 -> 30 | V13: ='19'!G68 -> 22 | W13: ='20'!G68 -> 21 | X13: ='21'!G68 -> 38 | Y13: ='22'!G68 -> 27 | Z13: ='23'!G68 -> 36 | AA13: ='24'!G68 -> 27 | AB13: ='25'!G68 -> 14 | AC13: ='26'!G68 -> 10 | AD13: ='27'!G68 -> 29 | AE13: ='28'!G68 -> 16 | AF13: ='29'!G68 -> -605 | AG13: ='30'!G68 -> 11 | AH13: ='31'!G68 -> 27
C14: Zone-2 | D14: ='1'!G69 -> 5 | E14: ='2'!G69 -> 6 | F14: ='3'!G69 -> 4 | G14: ='4'!G69 -> 3 | H14: ='5'!G69 -> 2 | I14: ='6'!G69 -> 4 | J14: ='7'!G69 -> 2 | K14: ='8'!G69 -> 9 | L14: ='9'!G69 -> 3 | M14: ='10'!G69 -> 6 | N14: ='11'!G69 -> 3 | O14: ='12'!G69 -> 4 | P14: ='13'!G69 -> 7 | Q14: ='14'!G69 -> 4 | R14: ='15'!G69 -> 9 | S14: ='16'!G69 -> 7 | T14: ='17'!G69 -> 4 | U14: ='18 '!G69 -> 4 | V14: ='19'!G69 -> 3 | W14: ='20'!G69 -> 12 | X14: ='21'!G69 -> 3 | Y14: ='22'!G69 -> 10 | Z14: ='23'!G69 -> 28 | AA14: ='24'!G69 -> 3 | AB14: ='25'!G69 -> 6 | AC14: ='26'!G69 -> 9.3 | AD14: ='27'!G69 -> 13.7 | AE14: ='28'!G69 -> 4 | AF14: ='29'!G69 -> -161 | AG14: ='30'!G69 -> 10 | AH14: ='31'!G69 -> 7
C15: Zone-3 | D15: ='1'!G70 -> 8 | E15: ='2'!G70 -> 7 | F15: ='3'!G70 -> 9 | G15: ='4'!G70 -> 5 | H15: ='5'!G70 -> 7 | I15: ='6'!G70 -> 4 | J15: ='7'!G70 -> 8 | K15: ='8'!G70 -> 9 | L15: ='9'!G70 -> 7 | M15: ='10'!G70 -> 6 | N15: ='11'!G70 -> 6 | O15: ='12'!G70 -> 6 | P15: ='13'!G70 -> 11 | Q15: ='14'!G70 -> 6 | R15: ='15'!G70 -> 7 | S15: ='16'!G70 -> 5 | T15: ='17'!G70 -> 13 | U15: ='18 '!G70 -> 7 | V15: ='19'!G70 -> 5 | W15: ='20'!G70 -> 5 | X15: ='21'!G70 -> 6 | Y15: ='22'!G70 -> 7 | Z15: ='23'!G70 -> 18 | AA15: ='24'!G70 -> 10 | AB15: ='25'!G70 -> 7 | AC15: ='26'!G70 -> 1 | AD15: ='27'!G70 -> 4 | AE15: ='28'!G70 -> 3 | AF15: ='29'!G70 -> -217 | AG15: ='30'!G70 -> 11 | AH15: ='31'!G70 -> 17
B17: Branches ( Domestic water ) | C17: Pool | D17: ='1'!G173 -> 0 | E17: ='2'!G173 -> 2 | F17: ='3'!G173 -> 2 | G17: ='4'!G173 -> 2 | H17: ='5'!G173 -> 0 | I17: ='6'!G173 -> 0 | J17: ='7'!G173 -> 1 | K17: ='8'!G173 -> 0 | L17: ='9'!G173 -> 3 | M17: ='10'!G173 -> 2 | N17: ='11'!G173 -> 2 | O17: ='12'!G173 -> 0 | P17: ='13'!G173 -> 4 | Q17: ='14'!G173 -> 0 | R17: ='15'!G173 -> 0 | S17: ='16'!G173 -> 1 | T17: ='17'!G173 -> 0 | U17: ='18 '!G173 -> 1 | V17: ='19'!G173 -> 1 | W17: ='20'!G173 -> 0 | X17: ='21'!G173 -> 0 | Y17: ='22'!G173 -> 1 | Z17: ='23'!G173 -> 0 | AA17: ='24'!G173 -> 4 | AB17: ='25'!G173 -> 4 | AC17: ='26'!G173 -> 2 | AD17: ='27'!G173 -> 0 | AE17: ='28'!G173 -> 0 | AF17: ='29'!G173 -> -2 | AG17: ='30'!G173 -> 0 | AH17: ='31'!G173 -> 0
C18: B2 Laundry | D18: ='1'!G174 -> 11 | E18: ='2'!G174 -> 9 | F18: ='3'!G174 -> 14 | G18: ='4'!G174 -> 9 | H18: ='5'!G174 -> 11 | I18: ='6'!G174 -> 11 | J18: ='7'!G174 -> 10 | K18: ='8'!G174 -> 13 | L18: ='9'!G174 -> 11 | M18: ='10'!G174 -> 10 | N18: ='11'!G174 -> 11 | O18: ='12'!G174 -> 0 | P18: ='13'!G174 -> 0 | Q18: ='14'!G174 -> 0 | R18: ='15'!G174 -> 11 | S18: ='16'!G174 -> 11 | T18: ='17'!G174 -> 13 | U18: ='18 '!G174 -> 10 | V18: ='19'!G174 -> 15 | W18: ='20'!G174 -> 14 | X18: ='21'!G174 -> 13 | Y18: ='22'!G174 -> 10 | Z18: ='23'!G174 -> 14 | AA18: ='24'!G174 -> 9 | AB18: ='25'!G174 -> 12 | AC18: ='26'!G174 -> 13 | AD18: ='27'!G174 -> 11 | AE18: ='28'!G174 -> 11 | AF18: ='29'!G174 -> -311 | AG18: ='30'!G174 -> 13 | AH18: ='31'!G174 -> 11
C19: Boiler Feed Water | D19: ='1'!G175 -> 14 | E19: ='2'!G175 -> 12 | F19: ='3'!G175 -> 11 | G19: ='4'!G175 -> 4 | H19: ='5'!G175 -> 28 | I19: ='6'!G175 -> 14 | J19: ='7'!G175 -> 14 | K19: ='8'!G175 -> 15 | L19: ='9'!G175 -> 17 | M19: ='10'!G175 -> 13 | N19: ='11'!G175 -> 12 | O19: ='12'!G175 -> 9 | P19: ='13'!G175 -> 9 | Q19: ='14'!G175 -> 9 | R19: ='15'!G175 -> 15 | S19: ='16'!G175 -> 13 | T19: ='17'!G175 -> 12 | U19: ='18 '!G175 -> 17 | V19: ='19'!G175 -> 15 | W19: ='20'!G175 -> 17 | X19: ='21'!G175 -> 17 | Y19: ='22'!G175 -> 11 | Z19: ='23'!G175 -> 14 | AA19: ='24'!G175 -> 13 | AB19: ='25'!G175 -> 13 | AC19: ='26'!G175 -> 16 | AD19: ='27'!G175 -> 13 | AE19: ='28'!G175 -> 18 | AF19: ='29'!G175 -> -413 | AG19: ='30'!G175 -> 14 | AH19: ='31'!G175 -> 14
B21: Branches ( STP Water ) | C21: CT water | D21: ='1'!G178 -> 154 | E21: ='2'!G178 -> 116 | F21: ='3'!G178 -> 121 | G21: ='4'!G178 -> 143 | H21: ='5'!G178 -> 61 | I21: ='6'!G178 -> 118 | J21: ='7'!G178 -> 92 | K21: ='8'!G178 -> 88 | L21: ='9'!G178 -> 93 | M21: ='10'!G178 -> 92 | N21: ='11'!G178 -> 109 | O21: ='12'!G178 -> 92 | P21: ='13'!G178 -> 78 | Q21: ='14'!G178 -> 45 | R21: ='15'!G178 -> 159 | S21: ='16'!G178 -> 83 | T21: ='17'!G178 -> 136 | U21: ='18 '!G178 -> 114 | V21: ='19'!G178 -> 99 | W21: ='20'!G178 -> 115 | X21: ='21'!G178 -> 115 | Y21: ='22'!G178 -> 59 | Z21: ='23'!G178 -> 59 | AA21: ='24'!G178 -> 48 | AB21: ='25'!G178 -> 0 | AC21: ='26'!G178 -> 72 | AD21: ='27'!G178 -> 74 | AE21: ='28'!G178 -> 79 | AF21: ='29'!G178 -> -2768 | AG21: ='30'!G178 -> 72 | AH21: ='31'!G178 -> 82
C22: STP flush | D22: ='1'!G179 -> 0 | E22: ='2'!G179 -> 0 | F22: ='3'!G179 -> 0 | G22: ='4'!G179 -> 0 | H22: ='5'!G179 -> 0 | I22: ='6'!G179 -> 0 | J22: ='7'!G179 -> 0 | K22: ='8'!G179 -> 0 | L22: ='9'!G179 -> 0 | M22: ='10'!G179 -> 0 | N22: ='11'!G179 -> 0 | O22: ='12'!G179 -> 0 | P22: ='13'!G179 -> 0 | Q22: ='14'!G179 -> 0 | R22: ='15'!G179 -> 0 | S22: ='16'!G179 -> 0 | T22: ='17'!G179 -> 0 | U22: ='18 '!G179 -> 0 | V22: ='19'!G179 -> 0 | W22: ='20'!G179 -> 0 | X22: ='21'!G179 -> 0 | Y22: ='22'!G179 -> 0 | Z22: ='23'!G179 -> 0 | AA22: ='24'!G179 -> 0 | AB22: ='25'!G179 -> 28 | AC22: ='26'!G179 -> 3 | AD22: ='27'!G179 -> 20 | AE22: ='28'!G179 -> 16 | AF22: ='29'!G179 -> -67 | AG22: ='30'!G179 -> 0 | AH22: ='31'!G179 -> 0
C23: Garden | D23: ='1'!G180 -> 7 | E23: ='2'!G180 -> 3 | F23: ='3'!G180 -> 6 | G23: ='4'!G180 -> 10 | H23: ='5'!G180 -> 0 | I23: ='6'!G180 -> 9 | J23: ='7'!G180 -> 4 | K23: ='8'!G180 -> 0 | L23: ='9'!G180 -> 5 | M23: ='10'!G180 -> 1 | N23: ='11'!G180 -> 2 | O23: ='12'!G180 -> 0 | P23: ='13'!G180 -> 0 | Q23: ='14'!G180 -> 0 | R23: ='15'!G180 -> 13 | S23: ='16'!G180 -> 2 | T23: ='17'!G180 -> 7 | U23: ='18 '!G180 -> 8 | V23: ='19'!G180 -> 0 | W23: ='20'!G180 -> 6 | X23: ='21'!G180 -> 7 | Y23: ='22'!G180 -> 2 | Z23: ='23'!G180 -> 1 | AA23: ='24'!G180 -> 9 | AB23: ='25'!G180 -> 13 | AC23: ='26'!G180 -> 0 | AD23: ='27'!G180 -> 10 | AE23: ='28'!G180 -> 3 | AF23: ='29'!G180 -> -137 | AG23: ='30'!G180 -> 4 | AH23: ='31'!G180 -> 5
B24: Total Tanke(RO) + BMC | D24: =SUM(D5:D6) -> 222 | E24: =SUM(E5:E6) -> 249 | F24: =SUM(F5:F6) -> 277 | G24: =SUM(G5:G6) -> 265 | H24: =SUM(H5:H6) -> 302 | I24: =SUM(I5:I6) -> 311 | J24: =SUM(J5:J6) -> 220 | K24: =SUM(K5:K6) -> 415 | ... AH24: =SUM(AH5:AH6) -> 194
B25: Domestic consumption | D25: =SUM(D9:D11,D14:D15,) -> 178 | E25: =SUM(E9:E11,E14:E15,) -> 186 | F25: =SUM(F9:F11,F14:F15,) -> 200 | G25: =SUM(G9:G11,G14:G15,) -> 201 | H25: =SUM(H9:H11,H14:H15,) -> 171 | I25: =SUM(I9:I11,I14:I15,) -> 189 | J25: =SUM(J9:J11,J14:J15,) -> 192 | K25: =SUM(K9:K11,K14:K15,) -> 189 | ... AI25: =SUM(AI9:AI11,AI14:AI15,) -> 0
B27: STP +Flush Consumption | D27: =SUM(D13,D21,D23) -> 176 | E27: =SUM(E13,E21,E23) -> 134 | F27: =SUM(F13,F21,F23) -> 147 | G27: =SUM(G13,G21,G23) -> 185 | H27: =SUM(H13,H21,H23) -> 81 | I27: =SUM(I13,I21,I23) -> 157 | J27: =SUM(J13,J21,J23) -> 117 | K27: =SUM(K13,K21,K23) -> 112 | ... AH27: =SUM(AH13,AH21,AH23) -> 114 | AI27: =SUM(AI13) -> 0
B29: BOH | D29: =D9 -> 129 | E29: =E9 -> 142 | F29: =F9 -> 140 | G29: =G9 -> 145 | H29: =H9 -> 114 | I29: =I9 -> 135 | J29: =J9 -> 140 | K29: =K9 -> 137 | ... AH29: =AH9 -> 137
B30: Guest Floor | D30: =SUM(D10:D11,D14:D15) -> 49 | E30: =SUM(E10:E11,E14:E15) -> 44 | F30: =SUM(F10:F11,F14:F15) -> 60 | G30: =SUM(G10:G11,G14:G15) -> 56 | H30: =SUM(H10:H11,H14:H15) -> 57 | I30: =SUM(I10:I11,I14:I15) -> 54 | J30: =SUM(J10:J11,J14:J15) -> 52 | K30: =SUM(K10:K11,K14:K15) -> 52 | ... AH30: =SUM(AH10:AH11,AH14:AH15) -> 86
B31: Guest floor% | D31: =D30/SUM(D29:D30)% -> 27.52809 | E31: =E30/SUM(E29:E30)% -> 23.655914 | F31: =F30/SUM(F29:F30)% -> 30 | G31: =G30/SUM(G29:G30)% -> 27.860697 | H31: =H30/SUM(H29:H30)% -> 33.333333 | I31: =I30/SUM(I29:I30)% -> 28.571429 | J31: =J30/SUM(J29:J30)% -> 27.083333 | K31: =K30/SUM(K29:K30)% -> 27.513228 | ... AH31: =AH30/SUM(AH29:AH30)% -> 38.565022

Sheet Section Load
F2: Transformer -Load | N2: Electrical | AV2: Boiler Running | BB2: diff wrt feeder | BC2: Var%
AN3: Gas consumption | AU3: Boiler Running Hours
A4: Date | B4: HT Kwh | C4: HT Kvah | D4: MGL Gas | E4: Water | F4: HVAC | G4: Fire & Emergency PP | H4: Main PP | I4: Lighting PP | J4: CH-1+ CH2+CH3+CH4 | K4: Chilled water Pump | L4: Ball Room-1 | M4: Ball Room-2 | N4: MK-1 | O4: MK-2 | P4: Prato | Q4: San- Qi Indian | R4: San- Qi Japanese | S4: The club | T4: AER | U4: COLD ROOM'S | V4: Ball Room 1 | W4: Ball Room 2 | X4: B1 Laundry | Y4: B2 Laundry | Z4: STP | AA4: MOCK Up Room | AB4: 27th Floor | AC4: Physic57 | AD4: Pinoor Legal- Power+lighting | AE4: 2nd floor plant room | AF4: 5th Floor SPA | AG4: 5th Floor | AH4: 12th Floor | AI4: 20th Floor | AJ4: 27th Floor | AK4: 34th Floor | AL4: Sanqi | AM4: Cooling Tower | AN4: MGL | AO4: HWG | AP4: Prato | AQ4: BR-1 | AR4: SanQi IND | AS4: SanQi JPN | AT4: Boiler | AU4: HWG | AV4: Boiler1 | AW4: Boiler2 | AX4: Boiler3 (400Kg) | AY4: Total
A5: 1 | B5: ='1'!G7 -> 22064 | C5: ='1'!G8 -> 22366 | D5: ='1'!G15 -> 1161.285 | E5: ='1'!G20 -> 222 | F5: =SUM('1'!G35,'1'!G49) -> 3155 | G5: =SUM('1'!H37,'1'!H51) -> 1493.44 | H5: =SUM('1'!G38,'1'!G52) -> 2665 | I5: =SUM('1'!G39,'1'!G53) -> 2949 | J5: =SUM('1'!G41,'1'!G42,'1'!G55,'1'!G56) -> 5272.36 | K5: =SUM('1'!G43,'1'!G57) -> 2516 | L5: ='1'!G50 -> 1254 | M5: ='1'!G36 -> 1049 | N5: ='1'!G138 -> 100 | O5: ='1'!G139 -> 134 | P5: ='1'!G140 -> 33 | Q5: ='1'!G141 -> 245 | R5: ='1'!G142 -> 109 | S5: ='1'!$G$145 -> 164 | T5: ='1'!$G$146 -> 42 | U5: ='1'!$G$144 -> 375 | V5: ='1'!$G$147 -> 388.12 | W5: ='1'!$G$148 -> 365.76 | X5: ='1'!$G$143 -> 34 | Y5: ='1'!$G$58 -> 254.18 | Z5: ='1'!$G$151 -> 301 | AA5: ='1'!G161 -> 177 | AB5: ='1'!G162 -> 40 | AD5: ='1'!G163+'1'!G164 -> 3 | AE5: ='1'!$G$116 -> 561 | AF5: ='1'!$G$117 -> 276.601 | AG5: ='1'!$G$118 -> 677.47 | AH5: ='1'!$G$119 -> 37 | AI5: ='1'!$G$120 -> 367 | AJ5: ='1'!$G$121 -> 448 | AK5: ='1'!$G$122 -> 297 | AL5: ='1'!$G$123 -> 315 | AM5: ='1'!$G$133 -> 507 | AN5: ='1'!$G$15 -> 1161.285 | AO5: ='1'!$G$74 -> 370 | AP5: ='1'!$G$75 -> 0 | AQ5: ='1'!$G$76 -> 129 | AR5: ='1'!$G$77 -> 51 | AS5: ='1'!$G$78 -> 0 | AT5: =AN5-SUM(AO5:AS5) -> 611.285 | AU5: =SUM('1'!G91:G92) -> 13.44 | AV5: ='1'!$G$88 -> 10 | AW5: ='1'!$G$89 -> 4.48 | AX5: ='1'!$G$90 -> 7 | AY5: =SUM(AV5:AX5) -> 21.48 | AZ5: =AO5/AU5 -> 27.529762 | BA5: =AT5/AY5 -> 28.458333 | BB5: =C5-SUM(F5:K5,Y5) -> 4061.02 | BC5: =BB5/B5% -> 18.405638
A6: 2 | B6: ='2'!G7 -> 22098.21 | C6: ='2'!G8 -> 22458 | D6: ='2'!G15 -> 1083 | E6: ='2'!G20 -> 249 | F6: =SUM('2'!G35,'2'!G49) -> 3052.71 | G6: =SUM('2'!G37,'2'!G51) -> 1444.96 | H6: =SUM('2'!G38,'2'!G52) -> 2647.57 | I6: =SUM('2'!G39,'2'!G53) -> 2798.19 | J6: =SUM('2'!G41,'2'!G42,'2'!G55,'2'!G56) -> 4638.19 | K6: =SUM('2'!G43,'2'!G57) -> 2483.99 | L6: ='2'!G50 -> 1293.39 | M6: ='2'!G36 -> 1009 | N6: ='2'!G138 -> 128 | O6: ='2'!$G$139 -> 160 | P6: ='2'!$G$140 -> 31.1775 | Q6: ='2'!$G$141 -> 222.37 | R6: ='2'!$G$142 -> 98.9 | S6: ='2'!$G$145 -> 258 | T6: ='2'!$G$146 -> 37 | U6: ='2'!$G$144 -> 165 | V6: ='2'!$G$147 -> 377.64 | W6: ='2'!$G$148 -> 386.08 | X6: ='2'!$G$143 -> 34 | Y6: ='2'!$G$58 -> 245.46 | Z6: ='2'!$G$151 -> 304 | AA6: ='2'!G161 -> 236 | AB6: ='2'!G162 -> 40 | AD6: ='2'!G163+'2'!G164 -> 6.5 | AE6: ='2'!$G$116 -> 473 | AF6: ='2'!$G$117 -> 276 | AG6: ='2'!$G$118 -> 683 | AH6: ='2'!$G$119 -> 36.94 | AI6: ='2'!$G$120 -> 377.44 | AJ6: ='2'!$G$121 -> 438 | AK6: ='2'!$G$122 -> 281 | AL6: ='2'!$G$123 -> 298 | AM6: ='2'!$G$133 -> 582 | AN6: ='2'!$G$15 -> 1083 | AO6: ='2'!$G$74 -> 293 | AP6: ='2'!$G$75 -> 0 | AQ6: ='2'!$G$76 -> 111 | AR6: ='2'!$G$77 -> 43 | AS6: ='2'!$G$78 -> 0 | AT6: =AN6-SUM(AO6:AS6) -> 636 | AU6: =SUM('2'!G91:G92) -> 10.28 | AV6: ='2'!$G$88 -> 3.22 | AW6: ='2'!$G$89 -> 9.89 | AX6: ='2'!$G$90 -> 5.75 | AY6: =SUM(AV6:AX6) -> 18.86 | AZ6: =AO6/AU6 -> 28.501946 | BA6: =AT6/AY6 -> 33.722163 | BB6: =C6-SUM(F6:K6,Y6) -> 5146.93 | BC6: =BB6/B6% -> 23.291162
A7: 3 | B7: ='3'!G7 -> 22965.79 | C7: ='3'!G8 -> 23549.31 | D7: ='3'!G15 -> 1112 | E7: ='3'!G20 -> 277 | F7: =SUM('3'!G35,'3'!G49) -> 2999.29 | G7: =SUM('3'!G37,'3'!G51) -> 1455.03 | H7: =SUM('3'!G38,'3'!G52) -> 2822.43 | I7: =SUM('3'!G39,'3'!G53) -> 2880.23 | J7: =SUM('3'!G41,'3'!G42,'3'!G55,'3'!G56) -> 3321 | K7: =SUM('3'!G43,'3'!G57) -> 2638.01 | L7: ='3'!G50 -> 1949.68 | M7: ='3'!G36 -> 1123.9 | N7: ='3'!G138 -> 133 | O7: ='3'!$G$139 -> 180 | P7: ='3'!$G$140 -> 30.8225 | Q7: ='3'!$G$141 -> 237.63 | R7: ='3'!$G$142 -> 99.6 | S7: ='3'!$G$145 -> 181 | T7: ='3'!$G$146 -> 55 | U7: ='3'!$G$144 -> 277 | V7: ='3'!$G$147 -> 400.8 | W7: ='3'!$G$148 -> 339.92 | X7: ='3'!$G$143 -> 31.74 | Y7: ='3'!$G$58 -> 244.16 | Z7: ='3'!$G$151 -> 328 | AA7: ='3'!G161 -> 167 | AB7: ='3'!G162 -> 39.7 | AD7: ='3'!G163+'3'!G164 -> 0.5 | AE7: ='3'!$G$116 -> 439 | AF7: ='3'!$G$117 -> 268 | AG7: ='3'!$G$118 -> 710 | AH7: ='3'!$G$119 -> 40.06 | AI7: ='3'!$G$120 -> 398.67 | AJ7: ='3'!$G$121 -> 457.5 | AK7: ='3'!$G$122 -> 300 | AL7: ='3'!$G$123 -> 311.143 | AM7: ='3'!$G$133 -> 504 | AN7: ='3'!$G$15 -> 1112 | AO7: ='3'!$G$74 -> 304 | AP7: ='3'!$G$75 -> 0 | AQ7: ='3'!$G$76 -> 101 | AR7: ='3'!$G$77 -> 49 | AS7: ='3'!$G$78 -> 0 | AT7: =AN7-SUM(AO7:AS7) -> 658 | AU7: =SUM('3'!G91:G92) -> 11.95 | AV7: ='3'!$G$88 -> 7.78 | AW7: ='3'!$G$89 -> 4.63 | AX7: ='3'!$G$90 -> 8.95 | AY7: =SUM(AV7:AX7) -> 21.36 | AZ7: =AO7/AU7 -> 25.439331 | BA7: =AT7/AY7 -> 30.805243 | BB7: =C7-SUM(F7:K7,Y7) -> 7189.16 | BC7: =BB7/B7% -> 31.303778
A8: 4 | B8: ='4'!G7 -> 21764 | C8: ='4'!G8 -> 22365.69 | D8: ='4'!G15 -> 1150 | E8: ='4'!G20 -> 265 | F8: =SUM('4'!G35,'4'!G49) -> 2937 | G8: =SUM('4'!G37,'4'!G51) -> 1470.57 | H8: =SUM('4'!G38,'4'!G52) -> 2762 | I8: =SUM('4'!G39,'4'!G53) -> 2818.34 | J8: =SUM('4'!G41,'4'!G42,'4'!G55,'4'!G56) -> 3150.57 | K8: =SUM('4'!G43,'4'!G57) -> 2585 | L8: ='4'!G50 -> 1188.93 | M8: ='4'!G36 -> 925.1 | N8: ='4'!G138 -> 133 | O8: ='4'!$G$139 -> 134 | P8: ='4'!$G$140 -> 30.98 | Q8: ='4'!$G$141 -> 243 | R8: ='4'!$G$142 -> 81.09 | S8: ='4'!$G$145 -> 147 | T8: ='4'!$G$146 -> 67 | U8: ='4'!$G$144 -> 290 | V8: ='4'!$G$147 -> 344.8 | W8: ='4'!$G$148 -> 342 | X8: ='4'!$G$143 -> 37.93 | Y8: ='4'!$G$58 -> 253.7 | Z8: ='4'!$G$151 -> 332 | AA8: ='4'!G161 -> 118.16 | AB8: ='4'!G162 -> 32.3 | AD8: ='4'!G163+'4'!G164 -> 1.4 | AE8: ='4'!$G$116 -> 491 | AF8: ='4'!$G$117 -> 269 | AG8: ='4'!$G$118 -> 642 | AH8: ='4'!$G$119 -> 39.21 | AI8: ='4'!$G$120 -> 398.58 | AJ8: ='4'!$G$121 -> 459.5 | AK8: ='4'!$G$122 -> 301 | AL8: ='4'!$G$123 -> 302.557 | AM8: ='4'!$G$133 -> 467 | AN8: ='4'!$G$15 -> 1150 | AO8: ='4'!$G$74 -> 305 | AP8: ='4'!$G$75 -> 0 | AQ8: ='4'!$G$76 -> 116 | AR8: ='4'!$G$77 -> 54 | AS8: ='4'!$G$78 -> 0 | AT8: =AN8-SUM(AO8:AS8) -> 675 | AU8: =SUM('4'!G91:G92) -> 11.22 | AV8: ='4'!$G$88 -> 9 | AW8: ='4'!$G$89 -> 5 | AX8: ='4'!$G$90 -> 9.3 | AY8: =SUM(AV8:AX8) -> 23.3 | AZ8: =AO8/AU8 -> 27.183601 | BA8: =AT8/AY8 -> 28.969957 | BB8: =C8-SUM(F8:K8,Y8) -> 6388.51 | BC8: =BB8/B8% -> 29.353566
A9: 5 | B9: ='5'!G7 -> 22531 | C9: ='5'!G8 -> 23051.87 | D9: ='5'!G15 -> 1134.2 | E9: ='5'!G20 -> 302 | F9: =SUM('5'!G35,'5'!G49) -> 3086.83 | G9: =SUM('5'!G37,'5'!G51) -> 1511 | H9: =SUM('5'!G38,'5'!G52) -> 2739.43 | I9: =SUM('5'!G39,'5'!G53) -> 2837.21 | J9: =SUM('5'!G41,'5'!G42,'5'!G55,'5'!G56) -> 3609.84 | K9: =SUM('5'!G43,'5'!G57) -> 2660 | L9: ='5'!G50 -> 1129.36 | M9: ='5'!G36 -> 1036.59 | N9: ='5'!G138 -> 96 | O9: ='5'!$G$139 -> 138 | P9: ='5'!$G$140 -> 31.23 | Q9: ='5'!$G$141 -> 264 | R9: ='5'!$G$142 -> 82.41 | S9: ='5'!$G$145 -> 317 | T9: ='5'!$G$146 -> 38 | U9: ='5'!$G$144 -> 281 | V9: ='5'!$G$147 -> 367.52 | W9: ='5'!$G$148 -> 326.4 | X9: ='5'!$G$143 -> 30.33 | Y9: ='5'!$G$58 -> 269.567 | Z9: ='5'!$G$151 -> 342 | AA9: ='5'!G161 -> 46.84 | AB9: ='5'!G162 -> 21 | AD9: ='5'!G163+'5'!G164 -> -0.4 | AE9: ='5'!$G$116 -> 426 | AF9: ='5'!$G$117 -> 258 | AG9: ='5'!$G$118 -> 676 | AH9: ='5'!$G$119 -> 39.79 | AI9: ='5'!$G$120 -> 396.02 | AJ9: ='5'!$G$121 -> 413 | AK9: ='5'!$G$122 -> 328 | AL9: ='5'!$G$123 -> 310.3 | AM9: ='5'!$G$133 -> 483 | AN9: ='5'!$G$15 -> 1134.2 | AO9: ='5'!$G$74 -> 342 | AP9: ='5'!$G$75 -> 0 | AQ9: ='5'!$G$76 -> 109 | AR9: ='5'!$G$77 -> 56 | AS9: ='5'!$G$78 -> 0.5 | AT9: =AN9-SUM(AO9:AS9) -> 626.7 | AU9: =SUM('5'!G91:G92) -> 13.24 | AV9: ='5'!$G$88 -> 10 | AW9: ='5'!$G$89 -> 5 | AX9: ='5'!$G$90 -> 6 | AY9: =SUM(AV9:AX9) -> 21 | AZ9: =AO9/AU9 -> 25.830816 | BA9: =AT9/AY9 -> 29.842857 | BB9: =C9-SUM(F9:K9,Y9) -> 6337.993 | BC9: =BB9/B9% -> 28.130101
A10: 6 | B10: ='6'!G7 -> 23089 | C10: ='6'!G8 -> 23696.13 | D10: ='6'!G15 -> 1087.8 | E10: ='6'!G20 -> 311 | F10: =SUM('6'!G35,'6'!G49) -> 3158.17 | G10: =SUM('6'!G37,'6'!G51) -> 1555 | H10: =SUM('6'!G38,'6'!G52) -> 2717.57 | I10: =SUM('6'!G39,'6'!G53) -> 2829 | J10: =SUM('6'!G41,'6'!G42,'6'!G55,'6'!G56) -> 3625.49 | K10: =SUM('6'!G43,'6'!G57) -> 2664 | L10: ='6'!G50 -> 1416.64 | M10: ='6'!G36 -> 1112.41 | N10: ='6'!G138 -> 107 | O10: ='6'!$G$139 -> 136 | P10: ='6'!$G$140 -> 30.79 | Q10: ='6'!$G$141 -> 254 | R10: ='6'!$G$142 -> 85 | S10: ='6'!$G$145 -> 322 | T10: ='6'!$G$146 -> 31 | U10: ='6'!$G$144 -> 284 | V10: ='6'!$G$147 -> 380.24 | W10: ='6'!$G$148 -> 363.6 | X10: ='6'!$G$143 -> 32 | Y10: ='6'!$G$58 -> 250.113 | Z10: ='6'!$G$151 -> 377 | AA10: ='6'!G161 -> 124 | AB10: ='6'!G162 -> 31 | AD10: ='6'!G163+'6'!G164 -> 16 | AE10: ='6'!$G$116 -> 471 | AF10: ='6'!$G$117 -> 229 | AG10: ='6'!$G$118 -> 721 | AH10: ='6'!$G$119 -> 49 | AI10: ='6'!$G$120 -> 377.29 | AJ10: ='6'!$G$121 -> 409 | AK10: ='6'!$G$122 -> 335 | AL10: ='6'!$G$123 -> 310 | AM10: ='6'!$G$133 -> 442 | AN10: ='6'!$G$15 -> 1087.8 | AO10: ='6'!$G$74 -> 318 | AP10: ='6'!$G$75 -> 0 | AQ10: ='6'!$G$76 -> 114 | AR10: ='6'!$G$77 -> 55 | AS10: ='6'!$G$78 -> 0 | AT10: =AN10-SUM(AO10:AS10) -> 600.8 | AU10: =SUM('6'!G91:G92) -> 12.25 | AV10: ='6'!$G$88 -> 7.5 | AW10: ='6'!$G$89 -> 5.63 | AX10: ='6'!$G$90 -> 7.96 | AY10: =SUM(AV10:AX10) -> 21.09 | AZ10: =AO10/AU10 -> 25.959184 | BA10: =AT10/AY10 -> 28.487435 | BB10: =C10-SUM(F10:K10,Y10) -> 6896.787 | BC10: =BB10/B10% -> 29.870445
A11: 7 | B11: ='7'!G7 -> 23161 | C11: ='7'!G8 -> 23753 | D11: ='7'!G15 -> 1130 | E11: ='7'!G20 -> 220 | F11: =SUM('7'!G35,'7'!G49) -> 3302 | G11: =SUM('7'!G37,'7'!G51) -> 1488 | H11: =SUM('7'!G38,'7'!G52) -> 2729 | I11: =SUM('7'!G39,'7'!G53) -> 2806 | J11: =SUM('7'!G41,'7'!G42,'7'!G55,'7'!G56) -> 3472 | K11: =SUM('7'!G43,'7'!G57) -> 2678 | L11: ='7'!G50 -> 1524 | M11: ='7'!G36 -> 1116 | N11: ='7'!G138 -> 113 | O11: ='7'!$G$139 -> 149 | P11: ='7'!$G$140 -> 31 | Q11: ='7'!$G$141 -> 227 | R11: ='7'!$G$142 -> 96 | S11: ='7'!$G$145 -> 118 | T11: ='7'!$G$146 -> 30 | U11: ='7'!$G$144 -> 263 | V11: ='7'!$G$147 -> 370 | W11: ='7'!$G$148 -> 375 | X11: ='7'!$G$143 -> 31 | Y11: ='7'!$G$58 -> 307 | Z11: ='7'!$G$151 -> 347 | AA11: ='7'!G161 -> 126 | AB11: ='7'!G162 -> 41 | AD11: ='7'!G163+'7'!G164 -> 4 | AE11: ='7'!$G$116 -> 411 | AF11: ='7'!$G$117 -> 253 | AG11: ='7'!$G$118 -> 732 | AH11: ='7'!$G$119 -> 59 | AI11: ='7'!$G$120 -> 364 | AJ11: ='7'!$G$121 -> 397 | AK11: ='7'!$G$122 -> 319 | AL11: ='7'!$G$123 -> 309 | AM11: ='7'!$G$133 -> 600 | AN11: ='7'!$G$15 -> 1130 | AO11: ='7'!$G$74 -> 320 | AP11: ='7'!$G$75 -> 0 | AQ11: ='7'!$G$76 -> 116 | AR11: ='7'!$G$77 -> 47 | AS11: ='7'!$G$78 -> 0 | AT11: =AN11-SUM(AO11:AS11) -> 647 | AU11: =SUM('7'!G91:G92) -> 12 | AV11: ='7'!$G$88 -> 4.39 | AW11: ='7'!$G$89 -> 9.37 | AX11: ='7'!$G$90 -> 5.97 | AY11: =SUM(AV11:AX11) -> 19.73 | AZ11: =AO11/AU11 -> 26.666667 | BA11: =AT11/AY11 -> 32.792701 | BB11: =C11-SUM(F11:K11,Y11) -> 6971 | BC11: =BB11/B11% -> 30.09801
A12: 8 | B12: ='8'!G7 -> 22705 | C12: ='8'!G8 -> 23272 | D12: ='8'!G15 -> 1248 | E12: ='8'!G20 -> 415 | F12: =SUM('8'!G35,'8'!G49) -> 3250.79 | G12: =SUM('8'!G37,'8'!G51) -> 1465 | H12: =SUM('8'!G38,'8'!G52) -> 2794 | I12: =SUM('8'!G39,'8'!G53) -> 2838 | J12: =SUM('8'!G41,'8'!G42,'8'!G55,'8'!G56) -> 3412 | K12: =SUM('8'!G43,'8'!G57) -> 2448 | L12: ='8'!G50 -> 1565 | M12: ='8'!G36 -> 946 | N12: ='8'!G138 -> 155 | O12: ='8'!$G$139 -> 156 | P12: ='8'!$G$140 -> 31 | Q12: ='8'!$G$141 -> 253 | R12: ='8'!$G$142 -> 91 | S12: ='8'!$G$145 -> 125 | T12: ='8'!$G$146 -> 33 | U12: ='8'!$G$144 -> 271 | V12: ='8'!$G$147 -> 387 | W12: ='8'!$G$148 -> 352 | X12: ='8'!$G$143 -> 32 | Y12: ='8'!$G$58 -> 267 | Z12: ='8'!$G$151 -> 317 | AA12: ='8'!G161 -> 122 | AB12: ='8'!G162 -> 28 | AD12: ='8'!G163+'8'!G164 -> 0.5 | AE12: ='8'!$G$116 -> 496 | AF12: ='8'!$G$117 -> 242 | AG12: ='8'!$G$118 -> 704 | AH12: ='8'!$G$119 -> 62 | AI12: ='8'!$G$120 -> 385 | AJ12: ='8'!$G$121 -> 390 | AK12: ='8'!$G$122 -> 318 | AL12: ='8'!$G$123 -> 302 | AM12: ='8'!$G$133 -> 723 | AN12: ='8'!$G$15 -> 1248 | AO12: ='8'!$G$74 -> 344 | AP12: ='8'!$G$75 -> 0.2 | AQ12: ='8'!$G$76 -> 125 | AR12: ='8'!$G$77 -> 57 | AS12: ='8'!$G$78 -> 0 | AT12: =AN12-SUM(AO12:AS12) -> 721.8 | AU12: =SUM('8'!G91:G92) -> 12.89 | AV12: ='8'!$G$88 -> 4.6 | AW12: ='8'!$G$89 -> 11.5 | AX12: ='8'!$G$90 -> 7.5 | AY12: =SUM(AV12:AX12) -> 23.6 | AZ12: =AO12/AU12 -> 26.687355 | BA12: =AT12/AY12 -> 30.584746 | BB12: =C12-SUM(F12:K12,Y12) -> 6797.21 | BC12: =BB12/B12% -> 29.937062
A13: 9 | B13: ='9'!G7 -> 21811.47 | C13: ='9'!G8 -> 22239.42 | D13: ='9'!G15 -> 1162.76 | E13: ='9'!G20 -> 105 | F13: =SUM('9'!G35,'9'!G49) -> 3086.27 | G13: =SUM('9'!G37,'9'!G51) -> 1388.59 | H13: =SUM('9'!G38,'9'!G52) -> 2435.86 | I13: =SUM('9'!G39,'9'!G53) -> 2782.34 | J13: =SUM('9'!G41,'9'!G42,'9'!G55,'9'!G56) -> 3380.17 | K13: =SUM('9'!G43,'9'!G57) -> 2617.79 | L13: ='9'!G50 -> 1214.71 | M13: ='9'!G36 -> 987.55 | N13: ='9'!G138 -> 113 | O13: ='9'!$G$139 -> 158 | P13: ='9'!$G$140 -> 32 | Q13: ='9'!$G$141 -> 254 | R13: ='9'!$G$142 -> 90 | S13: ='9'!$G$145 -> 294 | T13: ='9'!$G$146 -> 28 | U13: ='9'!$G$144 -> 237 | V13: ='9'!$G$147 -> 340 | W13: ='9'!$G$148 -> 334 | X13: ='9'!$G$143 -> 32 | Y13: ='9'!$G$58 -> 260.59 | Z13: ='9'!$G$151 -> 367 | AA13: ='9'!G161 -> 195 | AB13: ='9'!G162 -> 29 | AD13: ='9'!G163+'9'!G164 -> 2.5 | AE13: ='9'!$G$116 -> 446 | AF13: ='9'!$G$117 -> 261 | AG13: ='9'!$G$118 -> 711 | AH13: ='9'!$G$119 -> 60 | AI13: ='9'!$G$120 -> 364 | AJ13: ='9'!$G$121 -> 412 | AK13: ='9'!$G$122 -> 308 | AL13: ='9'!$G$123 -> 306.6 | AM13: ='9'!$G$133 -> 544 | AN13: ='9'!$G$15 -> 1162.76 | AO13: ='9'!$G$74 -> 305.61 | AP13: ='9'!$G$75 -> -0.2 | AQ13: ='9'!$G$76 -> 84 | AR13: ='9'!$G$77 -> 42 | AS13: ='9'!$G$78 -> 0 | AT13: =AN13-SUM(AO13:AS13) -> 731.35 | AU13: =SUM('9'!G91:G92) -> 12.41 | AV13: ='9'!$G$88 -> 4.36 | AW13: ='9'!$G$89 -> 10.73 | AX13: ='9'!$G$90 -> 8.7 | AY13: =SUM(AV13:AX13) -> 23.79 | AZ13: =AO13/AU13 -> 24.626108 | BA13: =AT13/AY13 -> 30.741908 | BB13: =C13-SUM(F13:K13,Y13) -> 6287.81 | BC13: =BB13/B13% -> 28.827997
A14: 10 | B14: ='10'!G7 -> 22153.2 | C14: ='10'!G8 -> 22634.09 | D14: ='10'!G15 -> 1074.82 | E14: ='10'!G20 -> 47 | F14: =SUM('10'!G35,'10'!G49) -> 3098.94 | G14: =SUM('10'!G37,'10'!G51) -> 1391.41 | H14: =SUM('10'!G38,'10'!G52) -> 2439.57 | I14: =SUM('10'!G39,'10'!G53) -> 2862.66 | J14: =SUM('10'!G41,'10'!G42,'10'!G55,'10'!G56) -> 3491.04 | K14: =SUM('10'!G43,'10'!G57) -> 2611.81 | L14: ='10'!G50 -> 1246.29 | M14: ='10'!G36 -> 1005.45 | N14: ='10'!G138 -> 101 | O14: ='10'!$G$139 -> 153 | P14: ='10'!$G$140 -> 30.89 | Q14: ='10'!$G$141 -> 245.67 | R14: ='10'!$G$142 -> 89 | S14: ='10'!$G$145 -> 214 | T14: ='10'!$G$146 -> 31 | U14: ='10'!$G$144 -> 243 | V14: ='10'!$G$147 -> 341 | W14: ='10'!$G$148 -> 256 | X14: ='10'!$G$143 -> 34.4 | Y14: ='10'!$G$58 -> 258.28 | Z14: ='10'!$G$151 -> 340 | AA14: ='10'!G161 -> 199 | AB14: ='10'!G162 -> 46.4 | AD14: ='10'!G163+'10'!G164 -> 1.4 | AE14: ='10'!$G$116 -> 458 | AF14: ='10'!$G$117 -> 222.9 | AG14: ='10'!$G$118 -> 737.4 | AH14: ='10'!$G$119 -> 61.58 | AI14: ='10'!$G$120 -> 401.7 | AJ14: ='10'!$G$121 -> 445.6 | AK14: ='10'!$G$122 -> 313.3 | AL14: ='10'!$G$123 -> 303.4 | AM14: ='10'!$G$133 -> 506 | AN14: ='10'!$G$15 -> 1074.82 | AO14: ='10'!$G$74 -> 311.39 | AP14: ='10'!$G$75 -> 0 | AQ14: ='10'!$G$76 -> 100 | AR14: ='10'!$G$77 -> 47 | AS14: ='10'!$G$78 -> 0 | AT14: =AN14-SUM(AO14:AS14) -> 616.43 | AU14: =SUM('10'!G91:G92) -> 12.11 | AV14: ='10'!$G$88 -> 8.67 | AW14: ='10'!$G$89 -> 4.4 | AX14: ='10'!$G$90 -> 8.55 | AY14: =SUM(AV14:AX14) -> 21.62 | AZ14: =AO14/AU14 -> 25.71346 | BA14: =AT14/AY14 -> 28.512026 | BB14: =C14-SUM(F14:K14,Y14) -> 6480.38 | BC14: =BB14/B14% -> 29.252568
A15: 11 | B15: ='11'!G7 -> 20876.4 | C15: ='11'!G8 -> 21484.03 | D15: ='11'!G15 -> 1066.42 | E15: ='11'!G20 -> 54 | F15: =SUM('11'!G35,'11'!G49) -> 3210.46 | G15: =SUM('11'!G37,'11'!G51) -> 1366.19 | H15: =SUM('11'!G38,'11'!G52) -> 2416.75 | I15: =SUM('11'!G39,'11'!G53) -> 2794.22 | J15: =SUM('11'!G41,'11'!G42,'11'!G55,'11'!G56) -> 2718.21 | K15: =SUM('11'!G43,'11'!G57) -> 2619.87 | L15: ='11'!G50 -> 1156.95 | M15: ='11'!G36 -> 1010.47 | N15: ='11'!G138 -> 105 | O15: ='11'!$G$139 -> 121 | P15: ='11'!$G$140 -> 30.94 | Q15: ='11'!$G$141 -> 250.94 | R15: ='11'!$G$142 -> 81.9 | S15: ='11'!$G$145 -> 191 | T15: ='11'!$G$146 -> 31 | U15: ='11'!$G$144 -> 232 | V15: ='11'!$G$147 -> 368 | W15: ='11'!$G$148 -> 361 | X15: ='11'!$G$143 -> 28.91 | Y15: ='11'!$G$58 -> 258.64 | Z15: ='11'!$G$151 -> 353 | AA15: ='11'!G161 -> 162 | AB15: ='11'!G162 -> 53.3 | AC15: ='11'!G88 -> 4.68 | AD15: ='11'!G163+'11'!G164 -> 1.7 | AE15: ='11'!$G$116 -> 429 | AF15: ='11'!$G$117 -> 209.1 | AG15: ='11'!$G$118 -> 728.6 | AH15: ='11'!$G$119 -> 61.42 | AI15: ='11'!$G$120 -> 388.3 | AJ15: ='11'!$G$121 -> 450.4 | AK15: ='11'!$G$122 -> 319.3 | AL15: ='11'!$G$123 -> 307 | AM15: ='11'!$G$133 -> 860 | AN15: ='11'!$G$15 -> 1066.42 | AO15: ='11'!$G$74 -> 295.92 | AP15: ='11'!$G$75 -> 0 | AQ15: ='11'!$G$76 -> 131 | AR15: ='11'!$G$77 -> 49 | AS15: ='11'!$G$78 -> 0 | AT15: =AN15-SUM(AO15:AS15) -> 590.5 | AU15: =SUM('11'!G91:G92) -> 11.5 | AV15: ='11'!$G$88 -> 4.68 | AW15: ='11'!$G$89 -> 7.44 | AX15: ='11'!$G$90 -> 7.12 | AY15: =SUM(AV15:AX15) -> 19.24 | AZ15: =AO15/AU15 -> 25.732174 | BA15: =AT15/AY15 -> 30.691268 | BB15: =C15-SUM(F15:K15,Y15) -> 6099.69 | BC15: =BB15/B15% -> 29.218112
A16: 12 | B16: ='12'!G7 -> 20081.84 | C16: ='12'!G8 -> 20559.38 | D16: ='12'!G15 -> 741.61 | E16: ='12'!G20 -> 57 | F16: =SUM('12'!G35,'12'!G49) -> 3075.2 | G16: =SUM('12'!G37,'12'!G51) -> 1336.16 | H16: =SUM('12'!G38,'12'!G52) -> 2375.52 | I16: =SUM('12'!G39,'12'!G53) -> 2793.6 | J16: =SUM('12'!G41,'12'!G42,'12'!G55,'12'!G56) -> 2806.04 | K16: =SUM('12'!G43,'12'!G57) -> 2614.24 | L16: ='12'!G50 -> 1137.48 | M16: ='12'!G36 -> 734.44 | N16: ='12'!G138 -> 112 | O16: ='12'!$G$139 -> 150 | P16: ='12'!$G$140 -> 30.98 | Q16: ='12'!$G$141 -> 255.35 | R16: ='12'!$G$142 -> 83 | S16: ='12'!$G$145 -> 161 | T16: ='12'!$G$146 -> 30 | U16: ='12'!$G$144 -> 227 | V16: ='12'!$G$147 -> 360 | W16: ='12'!$G$148 -> 321.6 | X16: ='12'!$G$143 -> 31.06 | Y16: ='12'!$G$58 -> 53.01 | Z16: ='12'!$G$151 -> 335 | AA16: ='12'!G161 -> 71.1 | AB16: ='12'!G162 -> 50.8 | AC16: ='12'!G88 -> 0 | AD16: ='12'!G163+'12'!G164 -> 0.7 | AE16: ='12'!$G$116 -> 404 | AF16: ='12'!$G$117 -> 234.45 | AG16: ='12'!$G$118 -> 705.2 | AH16: ='12'!$G$119 -> 65.4 | AI16: ='12'!$G$120 -> 387.8 | AJ16: ='12'!$G$121 -> 438.9 | AK16: ='12'!$G$122 -> 334 | AL16: ='12'!$G$123 -> 317.8 | AM16: ='12'!$G$133 -> 699 | AN16: ='12'!$G$15 -> 741.61 | AO16: ='12'!$G$74 -> 286.08 | AP16: ='12'!$G$75 -> 0.2 | AQ16: ='12'!$G$76 -> 112 | AR16: ='12'!$G$77 -> 58 | AS16: ='12'!$G$78 -> 0 | AT16: =AN16-SUM(AO16:AS16) -> 285.33 | AU16: =SUM('12'!G91:G92) -> 11.36 | AV16: ='12'!$G$88 -> 0 | AW16: ='12'!$G$89 -> 0 | AX16: ='12'!$G$90 -> 9.46 | AY16: =SUM(AV16:AX16) -> 9.46 | AZ16: =AO16/AU16 -> 25.183099 | BA16: =AT16/AY16 -> 30.161734 | BB16: =C16-SUM(F16:K16,Y16) -> 5505.61 | BC16: =BB16/B16% -> 27.415864
A17: 13 | B17: ='13'!G7 -> 20966.08 | C17: ='13'!G8 -> 21408.77 | D17: ='13'!G15 -> 738.4136 | E17: ='13'!G20 -> 64 | F17: =SUM('13'!G35,'13'!G49) -> 2867.61 | G17: =SUM('13'!G37,'13'!G51) -> 1353.65 | H17: =SUM('13'!G38,'13'!G52) -> 2302.16 | I17: =SUM('13'!G39,'13'!G53) -> 2751.41 | J17: =SUM('13'!G41,'13'!G42,'13'!G55,'13'!G56) -> 3416.84 | K17: =SUM('13'!G43,'13'!G57) -> 2558.96 | L17: ='13'!G50 -> 1562.52 | M17: ='13'!G36 -> 807.09 | N17: ='13'!G138 -> 120 | O17: ='13'!$G$139 -> 116 | P17: ='13'!$G$140 -> 32.89 | Q17: ='13'!$G$141 -> 261.04 | R17: ='13'!$G$142 -> 83.9 | S17: ='13'!$G$145 -> 219 | T17: ='13'!$G$146 -> 37 | U17: ='13'!$G$144 -> 222 | V17: ='13'!$G$147 -> 383.92 | W17: ='13'!$G$148 -> 300.48 | X17: ='13'!$G$143 -> 30.348 | Y17: ='13'!$G$58 -> 50.48 | Z17: ='13'!$G$151 -> 335 | AA17: ='13'!G161 -> 177.94 | AB17: ='13'!G162 -> 55.8 | AC17: ='13'!G88 -> -0.2 | AD17: ='13'!G163+'13'!G164 -> 1.3 | AE17: ='13'!$G$116 -> 395 | AF17: ='13'!$G$117 -> 220.92 | AG17: ='13'!$G$118 -> 695.97 | AH17: ='13'!$G$119 -> 58.6 | AI17: ='13'!$G$120 -> 374.2 | AJ17: ='13'!$G$121 -> 424.1 | AK17: ='13'!$G$122 -> 305.75 | AL17: ='13'!$G$123 -> 306.247 | AM17: ='13'!$G$133 -> 536 | AN17: ='13'!$G$15 -> 738.4136 | AO17: ='13'!$G$74 -> 299 | AP17: ='13'!$G$75 -> -0.4 | AQ17: ='13'!$G$76 -> 105 | AR17: ='13'!$G$77 -> 48 | AS17: ='13'!$G$78 -> 0 | AT17: =AN17-SUM(AO17:AS17) -> 286.8136 | AU17: =SUM('13'!G91:G92) -> 11.72 | AV17: ='13'!$G$88 -> -0.2 | AW17: ='13'!$G$89 -> -0.07 | AX17: ='13'!$G$90 -> 9.74 | AY17: =SUM(AV17:AX17) -> 9.47 | AZ17: =AO17/AU17 -> 25.511945 | BA17: =AT17/AY17 -> 30.286547 | BB17: =C17-SUM(F17:K17,Y17) -> 6107.66 | BC17: =BB17/B17% -> 29.131149
A18: 14 | B18: ='14'!G7 -> 21687.94 | C18: ='14'!G8 -> 22111.61 | D18: ='14'!G15 -> 823.9764 | E18: ='14'!G20 -> 174 | F18: =SUM('14'!G35,'14'!G49) -> 3173.73 | G18: =SUM('14'!G37,'14'!G51) -> 1369.75 | H18: =SUM('14'!G38,'14'!G52) -> 2361.49 | I18: =SUM('14'!G39,'14'!G53) -> 2759.55 | J18: =SUM('14'!G41,'14'!G42,'14'!G55,'14'!G56) -> 3541.01 | K18: =SUM('14'!G43,'14'!G57) -> 2594.08 | L18: ='14'!G50 -> 1637.72 | M18: ='14'!G36 -> 948.87 | N18: ='14'!G138 -> 115 | O18: ='14'!$G$139 -> 124 | P18: ='14'!$G$140 -> 30.3 | Q18: ='14'!$G$141 -> 231.05 | R18: ='14'!$G$142 -> 82.535 | S18: ='14'!$G$145 -> 226 | T18: ='14'!$G$146 -> 25 | U18: ='14'!$G$144 -> 226 | V18: ='14'!$G$147 -> 395.36 | W18: ='14'!$G$148 -> 347.92 | X18: ='14'!$G$143 -> 32.332 | Y18: ='14'!$G$58 -> 55.59 | Z18: ='14'!$G$151 -> 342 | AA18: ='14'!G161 -> 158.28 | AB18: ='14'!G162 -> 46.7 | AC18: ='14'!G88 -> 9.6 | AD18: ='14'!G163+'14'!G164 -> -0.1 | AE18: ='14'!$G$116 -> 410.68 | AF18: ='14'!$G$117 -> 213.845 | AG18: ='14'!$G$118 -> 720.58 | AH18: ='14'!$G$119 -> 60.699 | AI18: ='14'!$G$120 -> 384.4 | AJ18: ='14'!$G$121 -> 431.64 | AK18: ='14'!$G$122 -> 280.12 | AL18: ='14'!$G$123 -> 315.808 | AM18: ='14'!$G$133 -> 588 | AN18: ='14'!$G$15 -> 823.9764 | AO18: ='14'!$G$74 -> 286 | AP18: ='14'!$G$75 -> 0 | AQ18: ='14'!$G$76 -> 113 | AR18: ='14'!$G$77 -> 64 | AS18: ='14'!$G$78 -> 0 | AT18: =AN18-SUM(AO18:AS18) -> 360.9764 | AU18: =SUM('14'!G91:G92) -> 11.6 | AV18: ='14'!$G$88 -> 9.6 | AW18: ='14'!$G$89 -> 0.33 | AX18: ='14'!$G$90 -> 1 | AY18: =SUM(AV18:AX18) -> 10.93 | AZ18: =AO18/AU18 -> 24.655172 | BA18: =AT18/AY18 -> 33.026203 | BB18: =C18-SUM(F18:K18,Y18) -> 6256.41 | BC18: =BB18/B18% -> 28.847415
A19: 15 | B19: ='15'!G7 -> 22618.07 | C19: ='15'!G8 -> 23074.84 | D19: ='15'!G15 -> 1071 | E19: ='15'!G20 -> 308 | F19: =SUM('15'!G35,'15'!G49) -> 3189.83 | G19: =SUM('15'!G37,'15'!G51) -> 1354.69 | H19: =SUM('15'!G38,'15'!G52) -> 2676.24 | I19: =SUM('15'!G39,'15'!G53) -> 2852.25 | J19: =SUM('15'!G41,'15'!G42,'15'!G55,'15'!G56) -> 3568.97 | K19: =SUM('15'!G43,'15'!G57) -> 2608.25 | L19: ='15'!G50 -> 1526.33 | M19: ='15'!G36 -> 1252 | N19: ='15'!G138 -> 107 | O19: ='15'!$G$139 -> 155 | P19: ='15'!$G$140 -> 33 | Q19: ='15'!$G$141 -> 306.19 | R19: ='15'!$G$142 -> 82.665 | S19: ='15'!$G$145 -> 322 | T19: ='15'!$G$146 -> 49 | U19: ='15'!$G$144 -> 234 | V19: ='15'!$G$147 -> 380.72 | W19: ='15'!$G$148 -> 411.12 | X19: ='15'!$G$143 -> 29.95 | Y19: ='15'!$G$58 -> 242.92 | Z19: ='15'!$G$151 -> 426 | AA19: ='15'!G161 -> 157.2 | AB19: ='15'!G162 -> 46 | AC19: ='15'!G88 -> 8.4 | AD19: ='15'!G163+'15'!G164 -> 0 | AE19: ='15'!$G$116 -> 415.32 | AF19: ='15'!$G$117 -> 241.385 | AG19: ='15'!$G$118 -> 710.92 | AH19: ='15'!$G$119 -> 56.601 | AI19: ='15'!$G$120 -> 400.6 | AJ19: ='15'!$G$121 -> 436.36 | AK19: ='15'!$G$122 -> 298.1 | AL19: ='15'!$G$123 -> 314.145 | AM19: ='15'!$G$133 -> 724 | AN19: ='15'!$G$15 -> 1071 | AO19: ='15'!$G$74 -> 326.71 | AP19: ='15'!$G$75 -> 0.2 | AQ19: ='15'!$G$76 -> 122 | AR19: ='15'!$G$77 -> 49 | AS19: ='15'!$G$78 -> 0 | AT19: =AN19-SUM(AO19:AS19) -> 573.09 | AU19: =SUM('15'!G91:G92) -> 12.12 | AV19: ='15'!$G$88 -> 8.4 | AW19: ='15'!$G$89 -> 5.67 | AX19: ='15'!$G$90 -> 4 | AY19: =SUM(AV19:AX19) -> 18.07 | AZ19: =AO19/AU19 -> 26.956271 | BA19: =AT19/AY19 -> 31.714997 | BB19: =C19-SUM(F19:K19,Y19) -> 6581.69 | BC19: =BB19/B19% -> 29.099256
A20: 16 | B20: ='16'!G7 -> 23088.39 | C20: ='16'!G8 -> 23633.15 | D20: ='16'!G15 -> 1110 | E20: ='16'!G20 -> 396 | F20: =SUM('16'!G35,'16'!G49) -> 3462.71 | G20: =SUM('16'!G37,'16'!G51) -> 1415.63 | H20: =SUM('16'!G38,'16'!G52) -> 2706.91 | I20: =SUM('16'!G39,'16'!G53) -> 2907.11 | J20: =SUM('16'!G41,'16'!G42,'16'!G55,'16'!G56) -> 3528.06 | K20: =SUM('16'!G43,'16'!G57) -> 2706.15 | L20: ='16'!G50 -> 1797.55 | M20: ='16'!G36 -> 1219.84 | N20: ='16'!G138 -> 131 | O20: ='16'!$G$139 -> 155 | P20: ='16'!$G$140 -> 37 | Q20: ='16'!$G$141 -> 259.76 | R20: ='16'!$G$142 -> 91.99 | S20: ='16'!$G$145 -> 98 | T20: ='16'!$G$146 -> 55 | U20: ='16'!$G$144 -> 232 | V20: ='16'!$G$147 -> 403 | W20: ='16'!$G$148 -> 353.76 | X20: ='16'!$G$143 -> 34.13 | Y20: ='16'!$G$58 -> 262.59 | Z20: ='16'!$G$151 -> 388 | AA20: ='16'!G161 -> 178.48 | AB20: ='16'!G162 -> 64 | AC20: ='16'!G88 -> 4.63 | AD20: ='16'!G163+'16'!G164 -> 0 | AE20: ='16'!$G$116 -> 428.05 | AF20: ='16'!$G$117 -> 241.36 | AG20: ='16'!$G$118 -> 664.84 | AH20: ='16'!$G$119 -> 58.89 | AI20: ='16'!$G$120 -> 430.6 | AJ20: ='16'!$G$121 -> 461.63 | AK20: ='16'!$G$122 -> 301.1 | AL20: ='16'!$G$123 -> 318.62 | AM20: ='16'!$G$133 -> 775 | AN20: ='16'!$G$15 -> 1110 | AO20: ='16'!$G$74 -> 318.64 | AP20: ='16'!$G$75 -> 0 | AQ20: ='16'!$G$76 -> 154 | AR20: ='16'!$G$77 -> 56.6 | AS20: ='16'!$G$78 -> 0 | AT20: =AN20-SUM(AO20:AS20) -> 580.76 | AU20: =SUM('16'!G91:G92) -> 12.34 | AV20: ='16'!$G$88 -> 4.63 | AW20: ='16'!$G$89 -> 11.17 | AX20: ='16'!$G$90 -> 4.97 | AY20: =SUM(AV20:AX20) -> 20.77 | AZ20: =AO20/AU20 -> 25.821718 | BA20: =AT20/AY20 -> 27.961483 | BB20: =C20-SUM(F20:K20,Y20) -> 6643.99 | BC20: =BB20/B20% -> 28.776324
A21: 17 | B21: ='17'!G7 -> 23527.61 | C21: ='17'!G8 -> 24332.71 | D21: ='17'!G15 -> 1229 | E21: ='17'!G20 -> 279 | F21: =SUM('17'!G35,'17'!G49) -> 3505.49 | G21: =SUM('17'!G37,'17'!G51) -> 1531.37 | H21: =SUM('17'!G38,'17'!G52) -> 2781.93 | I21: =SUM('17'!G39,'17'!G53) -> 2889.44 | J21: =SUM('17'!G41,'17'!G42,'17'!G55,'17'!G56) -> 4460.8 | K21: =SUM('17'!G43,'17'!G57) -> 2772.85 | L21: ='17'!G50 -> 1798.45 | M21: ='17'!G36 -> 1213.29 | N21: ='18 '!G138 -> 139 | O21: ='17'!$G$139 -> 185 | P21: ='17'!$G$140 -> 36 | Q21: ='17'!$G$141 -> 252 | R21: ='17'!$G$142 -> 101.88 | S21: ='17'!$G$145 -> 234 | T21: ='17'!$G$146 -> 57 | U21: ='17'!$G$144 -> 254 | V21: ='17'!$G$147 -> 433 | W21: ='17'!$G$148 -> 439.23 | X21: ='17'!$G$143 -> 27.87 | Y21: ='17'!$G$58 -> 260.86 | Z21: ='17'!$G$151 -> 389 | AA21: ='17'!G161 -> 180.2 | AB21: ='17'!G162 -> 53 | AC21: ='17'!G88 -> 3.37 | AD21: ='17'!G163+'17'!G164 -> 9 | AE21: ='17'!$G$116 -> 394.27 | AF21: ='17'!$G$117 -> 191.51 | AG21: ='17'!$G$118 -> 706.42 | AH21: ='17'!$G$119 -> 60.81 | AI21: ='17'!$G$120 -> 412.63 | AJ21: ='17'!$G$121 -> 468.97 | AK21: ='17'!$G$122 -> 281.8 | AL21: ='17'!$G$123 -> 311.01 | AM21: ='17'!$G$133 -> 880 | AN21: ='17'!$G$15 -> 1229 | AO21: ='17'!$G$74 -> 305.65 | AP21: ='17'!$G$75 -> 0 | AQ21: ='17'!$G$76 -> 148 | AR21: ='17'!$G$77 -> 61.4 | AS21: ='17'!$G$78 -> 0 | AT21: =AN21-SUM(AO21:AS21) -> 713.95 | AU21: =SUM('17'!G91:G92) -> 12.08 | AV21: ='17'!$G$88 -> 3.37 | AW21: ='17'!$G$89 -> 10.08 | AX21: ='17'!$G$90 -> 6.03 | AY21: =SUM(AV21:AX21) -> 19.48 | AZ21: =AO21/AU21 -> 25.302152 | BA21: =AT21/AY21 -> 36.650411 | BB21: =C21-SUM(F21:K21,Y21) -> 6129.97 | BC21: =BB21/B21% -> 26.054368
A22: 18 | B22: ='18 '!G7 -> 23547 | C22: ='18 '!G8 -> 24352 | D22: ='18 '!G15 -> 1250 | E22: ='18 '!G20 -> 235 | F22: =SUM('18 '!G35,'18 '!G49) -> 3468.35 | G22: =SUM('18 '!G37,'18 '!G51) -> 1258.549 | H22: =SUM('18 '!G38,'18 '!G52) -> 2661.73 | I22: =SUM('18 '!G39,'18 '!G53) -> 2879.49 | J22: =SUM('18 '!G41,'18 '!G42,'18 '!G55,'18 '!G56) -> 3962.77 | K22: =SUM('18 '!G43,'18 '!G57) -> 2447.1 | L22: ='18 '!G50 -> 1837.19 | M22: ='18 '!G36 -> 1264.91 | N22: ='18 '!G138 -> 139 | O22: ='18 '!$G$139 -> 154 | P22: ='18 '!$G$140 -> 32 | Q22: ='18 '!$G$141 -> 267.5 | R22: ='18 '!$G$142 -> 98.23 | S22: ='18 '!$G$145 -> 235 | T22: ='18 '!$G$146 -> 41 | U22: ='18 '!$G$144 -> 257 | V22: ='18 '!$G$147 -> 408.32 | W22: ='18 '!$G$148 -> 444.93 | X22: ='18 '!$G$143 -> 34.5 | Y22: ='18 '!$G$58 -> 269.98 | Z22: ='18 '!$G$151 -> 369 | AA22: ='18 '!G161 -> 178.44 | AB22: ='18 '!G162 -> 51.3 | AC22: ='18 '!G88 -> 11.75 | AD22: ='18 '!G163+'18 '!G164 -> 1.5 | AE22: ='18 '!$G$116 -> 422.41 | AF22: ='18 '!$G$117 -> 292.13 | AG22: ='18 '!$G$118 -> 687.07 | AH22: ='18 '!$G$119 -> 71.05 | AI22: ='18 '!$G$120 -> 404.49 | AJ22: ='18 '!$G$121 -> 520.9 | AK22: ='18 '!$G$122 -> 283.33 | AL22: ='18 '!$G$123 -> 306.519 | AM22: ='18 '!$G$133 -> 0 | AN22: ='18 '!$G$15 -> 1250 | AO22: ='18 '!$G$74 -> 307.56 | AP22: ='18 '!$G$75 -> 0 | AQ22: ='18 '!$G$76 -> 57 | AR22: ='18 '!$G$77 -> 60.8 | AS22: ='18 '!$G$78 -> 0 | AT22: =AN22-SUM(AO22:AS22) -> 824.64 | AU22: =SUM('18 '!G91:G92) -> 11.86 | AV22: ='18 '!$G$88 -> 11.75 | AW22: ='18 '!$G$89 -> 2.97 | AX22: ='18 '!$G$90 -> 9.03 | AY22: =SUM(AV22:AX22) -> 23.75 | AZ22: =AO22/AU22 -> 25.932546 | BA22: =AT22/AY22 -> 34.721684 | BB22: =C22-SUM(F22:K22,Y22) -> 7404.031 | BC22: =BB22/B22% -> 31.443628
A23: 19 | B23: ='19'!G7 -> 22027 | C23: ='19'!G8 -> 22484 | D23: ='19'!G15 -> 1250 | E23: ='19'!G20 -> 239 | F23: =SUM('19'!G35,'19'!G49) -> 3305.19 | G23: =SUM('19'!G37,'19'!G51) -> 1356.481 | H23: =SUM('19'!G38,'19'!G52) -> 2578.5 | I23: =SUM('19'!G39,'19'!G53) -> 2894.43 | J23: =SUM('19'!G41,'19'!G42,'19'!G55,'19'!G56) -> 4257.44 | K23: =SUM('19'!G43,'19'!G57) -> 2367.8 | L23: ='19'!G50 -> 1450.4 | M23: ='19'!G36 -> 1068.64 | N23: ='19'!G138 -> 135 | O23: ='19'!$G$139 -> 154 | P23: ='19'!$G$140 -> 34 | Q23: ='19'!$G$141 -> 250.65 | R23: ='19'!G142 -> 95.9 | S23: ='19'!$G$145 -> 189 | T23: ='19'!$G$146 -> 25 | U23: ='19'!$G$144 -> 244 | V23: ='19'!$G$147 -> 406.96 | W23: ='19'!$G$148 -> 396.88 | X23: ='19'!$G$143 -> 37.2 | Y23: ='19'!$G$58 -> 313.26 | Z23: ='19'!$G$151 -> 366 | AA23: ='19'!G161 -> 70.32 | AB23: ='19'!G162 -> 39.2 | AC23: ='19'!G88 -> 12.17 | AD23: ='19'!G163+'19'!G164 -> 0.1 | AE23: ='19'!$G$116 -> 400.57 | AF23: ='19'!$G$117 -> 240 | AG23: ='19'!$G$118 -> 715.19 | AH23: ='19'!$G$119 -> 69.95 | AI23: ='19'!$G$120 -> 399.28 | AJ23: ='19'!$G$121 -> 413.5 | AK23: ='19'!$G$122 -> 293.7 | AL23: ='19'!$G$123 -> 307.851 | AM23: ='19'!$G$133 -> -0.17 | AN23: ='19'!$G$15 -> 1250 | AO23: ='19'!$G$74 -> 305.51 | AP23: ='19'!$G$75 -> 0 | AQ23: ='19'!$G$76 -> 216 | AR23: ='19'!$G$77 -> 54.2 | AS23: ='19'!$G$78 -> 0 | AT23: =AN23-SUM(AO23:AS23) -> 674.29 | AU23: =SUM('19'!G91:G92) -> 11.77 | AV23: ='19'!$G$88 -> 12.17 | AW23: ='19'!$G$89 -> 2.11 | AX23: ='19'!$G$90 -> 10.44 | AY23: =SUM(AV23:AX23) -> 24.72 | AZ23: =AO23/AU23 -> 25.956669 | BA23: =AT23/AY23 -> 27.277104 | BB23: =C23-SUM(F23:K23,Y23) -> 5410.899 | BC23: =BB23/B23% -> 24.564848
A24: 20 | B24: ='20'!G7 -> 24669 | C24: ='20'!G8 -> 25225 | D24: ='20'!G15 -> 1237 | E24: ='20'!G20 -> 235 | F24: =SUM('20'!G35,'20'!G49) -> 3448.43 | G24: =SUM('20'!G37,'20'!G51) -> 1472.53 | H24: =SUM('20'!G38,'20'!G52) -> 2652.77 | I24: =SUM('20'!G39,'20'!G53) -> 3029.5 | J24: =SUM('20'!G41,'20'!G42,'20'!G55,'20'!G56) -> 3986.37 | K24: =SUM('20'!G43,'20'!G57) -> 2442.1 | L24: ='20'!G50 -> 1719.41 | M24: ='20'!G36 -> 1063.45 | N24: ='20'!G138 -> 123 | O24: ='20'!$G$139 -> 179 | P24: ='20'!$G$140 -> 35 | Q24: ='20'!$G$141 -> 254.85 | R24: ='20'!$G$142 -> 92 | S24: ='20'!$G$145 -> 245 | T24: ='20'!$G$146 -> 34 | U24: ='20'!$G$144 -> 254 | V24: ='20'!$G$147 -> 411.72 | W24: ='20'!$G$148 -> 380.08 | X24: ='20'!$G$143 -> 29.3 | Y24: ='20'!$G$58 -> 323.8 | Z24: ='20'!$G$151 -> 359 | AA24: ='20'!G161 -> 217.04 | AB24: ='20'!G162 -> 50.5 | AC24: ='20'!G88 -> 5.08 | AD24: ='20'!G163+'20'!G164 -> 4.4 | AE24: ='20'!$G$116 -> 499.7 | AF24: ='20'!$G$117 -> 259.4 | AG24: ='20'!$G$118 -> 723.81 | AH24: ='20'!$G$119 -> 73 | AI24: ='20'!$G$120 -> 403 | AJ24: ='20'!$G$121 -> 461 | AK24: ='20'!$G$122 -> 300.5 | AL24: ='20'!$G$123 -> 309 | AM24: ='20'!$G$133 -> 0 | AN24: ='20'!$G$15 -> 1237 | AO24: ='20'!$G$74 -> 303.93 | AP24: ='20'!$G$75 -> 0 | AQ24: ='20'!$G$76 -> 149 | AR24: ='20'!$G$77 -> 53 | AS24: ='20'!$G$78 -> 0 | AT24: =AN24-SUM(AO24:AS24) -> 731.07 | AU24: =SUM('20'!G91:G92) -> 11.61 | AV24: ='20'!$G$88 -> 5.08 | AW24: ='20'!$G$89 -> 9.46 | AX24: ='20'!$G$90 -> 9.53 | AY24: =SUM(AV24:AX24) -> 24.07 | AZ24: =AO24/AU24 -> 26.178295 | BA24: =AT24/AY24 -> 30.372663 | BB24: =C24-SUM(F24:K24,Y24) -> 7869.5 | BC24: =BB24/B24% -> 31.900361
A25: 21 | B25: ='21'!G7 -> 24286 | C25: ='21'!G8 -> 24854 | D25: ='21'!G15 -> 1216 | E25: ='21'!G20 -> 258 | F25: =SUM('21'!G35,'21'!G49) -> 3405 | G25: =SUM('21'!G37,'21'!G51) -> 1453 | H25: =SUM('21'!G38,'21'!G52) -> 2677.57 | I25: =SUM('21'!G39,'21'!G53) -> 2880 | J25: =SUM('21'!G41,'21'!G42,'21'!G55,'21'!G56) -> 4981 | K25: =SUM('21'!G43,'21'!G57) -> 2656 | L25: ='21'!G50 -> 1622 | M25: ='21'!G36 -> 1103 | N25: ='21'!G138 -> 124 | O25: ='21'!$G$139 -> 157 | P25: ='21'!$G$140 -> 34 | Q25: ='21'!$G$141 -> 271 | R25: ='21'!$G$142 -> 98 | S25: ='21'!$G$145 -> 237 | T25: ='21'!$G$146 -> 36 | U25: ='21'!$G$144 -> 259 | V25: ='21'!$G$147 -> 437 | W25: ='21'!$G$148 -> 413 | X25: ='21'!$G$143 -> 35 | Y25: ='21'!$G$58 -> 285 | Z25: ='21'!$G$151 -> 386 | AA25: ='21'!G161 -> 209 | AB25: ='21'!G162 -> 47 | AC25: ='21'!G88 -> 6 | AD25: ='21'!G163+'21'!G164 -> 3 | AE25: ='21'!$G$116 -> 413 | AF25: ='21'!$G$117 -> 248 | AG25: ='21'!$G$118 -> 730 | AH25: ='21'!$G$119 -> 72 | AI25: ='21'!$G$120 -> 387 | AJ25: ='21'!$G$121 -> 439 | AK25: ='21'!$G$122 -> 287 | AL25: ='21'!$G$123 -> 303 | AM25: ='21'!$G$133 -> 0 | AN25: ='21'!$G$15 -> 1216 | AO25: ='21'!$G$74 -> 291 | AP25: ='21'!$G$75 -> 0 | AQ25: ='21'!$G$76 -> 127 | AR25: ='21'!$G$77 -> 59 | AS25: ='21'!$G$78 -> 0 | AT25: =AN25-SUM(AO25:AS25) -> 739 | AU25: =SUM('21'!G91:G92) -> 10.76 | AV25: ='21'!$G$88 -> 6 | AW25: ='21'!$G$89 -> 11.21 | AX25: ='21'!$G$90 -> 6.74 | AY25: =SUM(AV25:AX25) -> 23.95 | AZ25: =AO25/AU25 -> 27.04461 | BA25: =AT25/AY25 -> 30.85595 | BB25: =C25-SUM(F25:K25,Y25) -> 6516.43 | BC25: =BB25/B25% -> 26.832043
A26: 22 | B26: ='22'!G7 -> 25520 | C26: ='22'!G8 -> 26019 | D26: ='22'!G15 -> 1149 | E26: ='22'!G20 -> 260 | F26: =SUM('22'!G35,'22'!G49) -> 3398 | G26: =SUM('22'!G37,'22'!G51) -> 1511 | H26: =SUM('22'!G38,'22'!G52) -> 2767 | I26: =SUM('22'!G39,'22'!G53) -> 2880 | J26: =SUM('22'!G41,'22'!G42,'22'!G55,'22'!G56) -> 6595.45 | K26: =SUM('22'!G43,'22'!G57) -> 2663 | L26: ='22'!G50 -> 1951 | M26: ='22'!G36 -> 1220 | N26: ='22'!G138 -> 157 | O26: ='22'!$G$139 -> 148 | P26: ='22'!$G$140 -> 34 | Q26: ='22'!$G$141 -> 284 | R26: ='22'!$G$142 -> 96 | S26: ='22'!$G$145 -> 195 | T26: ='22'!$G$146 -> 28 | U26: ='22'!$G$144 -> 251 | V26: ='22'!$G$147 -> 423 | W26: ='22'!$G$148 -> 437 | X26: ='22'!$G$143 -> 34 | Y26: ='22'!$G$58 -> 251 | Z26: ='22'!$G$151 -> 328 | AA26: ='22'!G161 -> 201 | AB26: ='22'!G162 -> 41 | AC26: ='22'!G88 -> 3.62 | AD26: ='22'!G163+'22'!G164 -> 2 | AE26: ='22'!$G$116 -> 378 | AF26: ='22'!$G$117 -> 279 | AG26: ='22'!$G$118 -> 731 | AH26: ='22'!$G$119 -> 78 | AI26: ='22'!$G$120 -> 389 | AJ26: ='22'!$G$121 -> 431 | AK26: ='22'!$G$122 -> 302 | AL26: ='22'!$G$123 -> 309 | AM26: ='22'!$G$133 -> 0 | AN26: ='22'!$G$15 -> 1149 | AO26: ='22'!$G$74 -> 301 | AP26: ='22'!$G$75 -> 0 | AQ26: ='22'!$G$76 -> 121 | AR26: ='22'!$G$77 -> 58 | AS26: ='22'!$G$78 -> 0 | AT26: =AN26-SUM(AO26:AS26) -> 669 | AU26: =SUM('22'!G91:G92) -> 10.65 | AV26: ='22'!$G$88 -> 3.62 | AW26: ='22'!$G$89 -> 10.57 | AX26: ='22'!$G$90 -> 2.26 | AY26: =SUM(AV26:AX26) -> 16.45 | AZ26: =AO26/AU26 -> 28.262911 | BA26: =AT26/AY26 -> 40.668693 | BB26: =C26-SUM(F26:K26,Y26) -> 5953.55 | BC26: =BB26/B26% -> 23.328958
A27: 23 | B27: ='23'!G7 -> 24021 | C27: ='23'!G8 -> 24414 | D27: ='23'!G15 -> 1205 | E27: ='23'!G20 -> 393 | F27: =SUM('23'!G35,'23'!G49) -> 3361 | G27: =SUM('23'!G37,'23'!G51) -> 1527 | H27: =SUM('23'!G38,'23'!G52) -> 2763 | I27: =SUM('23'!G39,'23'!G53) -> 2919 | J27: =SUM('23'!G41,'23'!G42,'23'!G55,'23'!G56) -> 5364.63 | K27: =SUM('23'!G43,'23'!G57) -> 2508 | L27: ='23'!G50 -> 1606 | M27: ='23'!G36 -> 1150 | N27: ='23'!G138 -> 198 | O27: ='23'!G139 -> 162 | P27: ='23'!$G$140 -> 37 | Q27: ='23'!$G$141 -> 269 | R27: ='23'!$G$142 -> 98 | S27: ='23'!$G$145 -> 238 | T27: ='23'!$G$146 -> 35 | U27: ='23'!$G$144 -> 254 | V27: ='23'!$G$147 -> 434 | W27: ='23'!$G$148 -> 455 | X27: ='23'!$G$143 -> 37 | Y27: ='23'!$G$58 -> 339 | Z27: ='23'!$G$151 -> 270 | AA27: ='23'!$G$161 -> 192 | AB27: ='23'!G162 -> 44 | AC27: ='23'!G88 -> 10.38 | AD27: ='23'!G163+'23'!G164 -> 3 | AE27: ='23'!$G$116 -> 424 | AF27: ='23'!$G$117 -> 278 | AG27: ='23'!$G$118 -> 730 | AH27: ='23'!$G$119 -> 76 | AI27: ='23'!$G$120 -> 376 | AJ27: ='23'!$G$121 -> 425 | AK27: ='23'!$G$122 -> 301 | AL27: ='23'!$G$123 -> 305 | AM27: ='23'!$G$133 -> 0.17 | AN27: ='23'!$G$15 -> 1205 | AO27: ='23'!$G$74 -> 257 | AP27: ='23'!$G$75 -> 0 | AQ27: ='23'!$G$76 -> 155 | AR27: ='23'!$G$77 -> 51 | AS27: ='23'!$G$78 -> 0 | AT27: =AN27-SUM(AO27:AS27) -> 742 | AU27: =SUM('23'!G91:G92) -> 11.16 | AV27: ='23'!$G$88 -> 10.38 | AW27: ='23'!$G$89 -> 1.33 | AX27: ='23'!$G$90 -> 11 | AY27: =SUM(AV27:AX27) -> 22.71 | AZ27: =AO27/AU27 -> 23.028674 | BA27: =AT27/AY27 -> 32.672831 | BB27: =C27-SUM(F27:K27,Y27) -> 5632.37 | BC27: =BB27/B27% -> 23.447692
A28: 24 | B28: ='24'!G7 -> 23934.71 | C28: ='24'!G8 -> 24656.63 | D28: ='24'!G15 -> 1149 | E28: ='24'!G20 -> 433 | F28: =SUM('24'!G35,'24'!G49) -> 3434.22 | G28: =SUM('24'!G37,'24'!G51) -> 1529.91 | H28: =SUM('24'!G38,'24'!G52) -> 2899.98 | I28: =SUM('24'!G39,'24'!G53) -> 2852.67 | J28: =SUM('24'!G41,'24'!G42,'24'!G55,'24'!G56) -> 4055.22 | K28: =SUM('24'!G43,'24'!G57) -> 2435.07 | L28: ='24'!G50 -> 1472.19 | M28: ='24'!G36 -> 1297.55 | N28: ='24'!G138 -> 168 | O28: ='24'!G139 -> 157 | P28: ='24'!$G$140 -> 35.7 | Q28: ='24'!$G$141 -> 296.72 | R28: ='24'!$G$142 -> 110.33 | S28: ='24'!$G$145 -> 222 | T28: ='24'!$G$146 -> 30 | U28: ='24'!$G$144 -> 257 | V28: ='24'!$G$147 -> 392 | W28: ='24'!$G$148 -> 472.84 | X28: ='24'!$G$143 -> 30.41 | Y28: ='24'!$G$58 -> 336.03 | Z28: ='24'!$G$151 -> 297 | AA28: ='24'!G161 -> 189.64 | AB28: ='24'!G162 -> 42.8 | AC28: ='24'!G88 -> 6.92 | AD28: ='24'!G163+'24'!G164 -> 1 | AE28: ='24'!$G$116 -> 316.56 | AF28: ='24'!$G$117 -> 297.59 | AG28: ='24'!$G$118 -> 696.43 | AH28: ='24'!$G$119 -> 74.61 | AI28: ='24'!$G$120 -> 408.67 | AJ28: ='24'!$G$121 -> 437.25 | AK28: ='24'!$G$122 -> 311.63 | AL28: ='24'!$G$123 -> 315.72 | AM28: ='24'!$G$133 -> 783 | AN28: ='24'!$G$15 -> 1149 | AO28: ='24'!$G$74 -> 274.55 | AP28: ='24'!$G$75 -> 0 | AQ28: ='24'!$G$76 -> 134.6 | AR28: ='24'!$G$77 -> 63 | AS28: ='24'!$G$78 -> 0 | AT28: =AN28-SUM(AO28:AS28) -> 676.85 | AU28: =SUM('24'!G91:G92) -> 10.71 | AV28: ='24'!$G$88 -> 6.92 | AW28: ='24'!$G$89 -> 1.4 | AX28: ='24'!$G$90 -> 16.08 | AY28: =SUM(AV28:AX28) -> 24.4 | AZ28: =AO28/AU28 -> 25.634921 | BA28: =AT28/AY28 -> 27.739754 | BB28: =C28-SUM(F28:K28,Y28) -> 7113.53 | BC28: =BB28/B28% -> 29.720561
A29: 25 | B29: ='25'!G7 -> 21921.08 | C29: ='25'!G8 -> 22396.96 | D29: ='25'!G15 -> 1179 | E29: ='25'!G20 -> 371 | F29: =SUM('25'!G35,'25'!G49) -> 3177.32 | G29: =SUM('25'!G37,'25'!G51) -> 1439.24 | H29: =SUM('25'!G38,'25'!G52) -> 2763.12 | I29: =SUM('25'!G39,'25'!G53) -> 2834.43 | J29: =SUM('25'!G41,'25'!G42,'25'!G55,'25'!G56) -> 3214.32 | K29: =SUM('25'!G43,'25'!G57) -> 2257.92 | L29: ='25'!G50 -> 1262.04 | M29: ='25'!G36 -> 1132.84 | N29: ='25'!G138 -> 62 | O29: ='25'!$G$139 -> 145 | P29: ='25'!$G$140 -> 35.3 | Q29: ='25'!$G$141 -> 248.03 | R29: ='25'!$G$142 -> 85.14 | S29: ='25'!$G$145 -> 219 | T29: ='25'!$G$146 -> 29 | U29: ='25'!$G$144 -> 259 | V29: ='25'!$G$147 -> 375 | W29: ='25'!$G$148 -> 388.48 | X29: ='25'!$G$143 -> 30.58 | Y29: ='25'!$G$58 -> 305.2 | Z29: ='25'!$G$151 -> 315 | AA29: ='25'!G161 -> 159.2 | AB29: ='25'!G162 -> 28 | AC29: ='25'!G88 -> 1.34 | AD29: ='25'!G163+'25'!G164 -> 0 | AE29: ='25'!$G$116 -> 374.06 | AF29: ='25'!$G$117 -> 276.44 | AG29: ='25'!$G$118 -> 649.26 | AH29: ='25'!$G$119 -> 77.63 | AI29: ='25'!$G$120 -> 401.49 | AJ29: ='25'!$G$121 -> 427.38 | AK29: ='25'!$G$122 -> 292.6 | AL29: ='25'!$G$123 -> 306.88 | AM29: ='25'!$G$133 -> 702 | AN29: ='25'!$G$15 -> 1179 | AO29: ='25'!$G$74 -> 289.55 | AP29: ='25'!$G$75 -> 0 | AQ29: ='25'!$G$76 -> 108.1 | AR29: ='25'!$G$77 -> 58 | AS29: ='25'!$G$78 -> 0 | AT29: =AN29-SUM(AO29:AS29) -> 723.35 | AU29: =SUM('25'!G91:G92) -> 11.4 | AV29: ='25'!$G$88 -> 1.34 | AW29: ='25'!$G$89 -> 10.12 | AX29: ='25'!$G$90 -> 9.12 | AY29: =SUM(AV29:AX29) -> 20.58 | BA29: =AT29/AY29 -> 35.148202 | BB29: =C29-SUM(F29:K29,Y29) -> 6405.41 | BC29: =BB29/B29% -> 29.220321
A30: 26 | B30: ='26'!G7 -> 22123.82 | C30: ='26'!G8 -> 22752.2 | D30: ='26'!G15 -> 1200 | E30: ='26'!G20 -> 338 | F30: =SUM('26'!G35,'26'!G49) -> 3391.8 | G30: =SUM('26'!G37,'26'!G51) -> 1401 | H30: =SUM('26'!G38,'26'!G52) -> 2712.64 | I30: =SUM('26'!G39,'26'!G53) -> 2791.04 | J30: =SUM('26'!G41,'26'!G42,'26'!G55,'26'!G56) -> 3409.96 | K30: =SUM('26'!G43,'26'!G57) -> 2294.88 | L30: ='26'!G50 -> 1226.68 | M30: ='26'!G36 -> 903.48 | N30: ='26'!G138 -> 260 | O30: ='26'!$G$139 -> 146 | P30: ='26'!$G$140 -> 35.51 | Q30: ='26'!$G$141 -> 256.74 | R30: ='26'!$G$142 -> 82.95 | S30: ='26'!$G$145 -> 209 | T30: ='26'!$G$146 -> 26 | U30: ='26'!$G$144 -> 246 | V30: ='26'!$G$147 -> 381.12 | W30: ='26'!$G$148 -> 303.76 | X30: ='26'!$G$143 -> 33.21 | Y30: ='26'!$G$58 -> 298.25 | Z30: ='26'!$G$151 -> 317 | AA30: ='26'!G161 -> 68.45 | AB30: ='26'!G162 -> 12.7 | AC30: ='26'!G88 -> 5.15 | AD30: ='26'!G163+'26'!G164 -> 1.3 | AE30: ='26'!$G$116 -> 342.12 | AF30: ='26'!$G$117 -> 289.74 | AG30: ='26'!$G$118 -> 628.62 | AH30: ='26'!$G$119 -> 81.75 | AI30: ='26'!$G$120 -> 402.79 | AJ30: ='26'!$G$121 -> 427.55 | AK30: ='26'!$G$122 -> 300.36 | AL30: ='26'!$G$123 -> 313.2 | AM30: ='26'!$G$133 -> 765 | AN30: ='26'!$G$15 -> 1200 | AO30: ='26'!$G$74 -> 302.54 | AP30: ='26'!$G$75 -> 0 | AQ30: ='26'!$G$76 -> 105.61 | AR30: ='26'!$G$77 -> 61 | AS30: ='26'!$G$78 -> 0 | AT30: =AN30-SUM(AO30:AS30) -> 730.85 | AU30: =SUM('26'!G91:G92) -> 11.68 | AV30: ='26'!$G$88 -> 5.15 | AW30: ='26'!$G$89 -> 12.48 | AX30: ='26'!$G$90 -> 6.18 | AY30: =SUM(AV30:AX30) -> 23.81 | BA30: =AT30/AY30 -> 30.695086 | BB30: =C30-SUM(F30:K30,Y30) -> 6452.63 | BC30: =BB30/B30% -> 29.165985
A31: 27 | B31: ='27'!G7 -> 22037.32 | C31: ='27'!G8 -> 22562.16 | D31: ='27'!G15 -> 1170 | E31: ='27'!G20 -> 262 | F31: =SUM('27'!G35,'27'!G49) -> 3174.16 | G31: =SUM('27'!G37,'27'!G51) -> 1530.2 | H31: =SUM('27'!G38,'27'!G52) -> 2671.28 | I31: =SUM('27'!G39,'27'!G53) -> 2808.8 | J31: =SUM('27'!G41,'27'!G42,'27'!G55,'27'!G56) -> 4240.36 | K31: =SUM('27'!G43,'27'!G57) -> 2372.24 | L31: ='27'!G50 -> 1419.24 | M31: ='27'!G36 -> 1008.36 | N31: ='27'!G138 -> 148 | O31: ='27'!$G$139 -> 149 | P31: ='27'!$G$140 -> 34.54 | Q31: ='27'!$G$141 -> 273.23 | R31: ='27'!$G$142 -> 89.05 | S31: ='27'!$G$145 -> 194 | T31: ='27'!$G$146 -> 30 | U31: ='27'!$G$144 -> 252 | V31: ='27'!$G$147 -> 347.52 | W31: ='27'!$G$148 -> 318.24 | X31: ='27'!$G$143 -> 27.75 | Y31: ='27'!$G$58 -> 255.06 | Z31: ='27'!$G$151 -> 344 | AA31: ='27'!G161 -> 210.63 | AB31: ='27'!G162 -> 36.7 | AC31: ='27'!G88 -> 4.64 | AD31: ='27'!G163+'27'!G164 -> 1.4 | AE31: ='27'!$G$116 -> 361.72 | AF31: ='27'!$G$117 -> 286.5 | AG31: ='27'!$G$118 -> 640.96 | AH31: ='27'!$G$119 -> 88.44 | AI31: ='27'!$G$120 -> 380.84 | AJ31: ='27'!$G$121 -> 432.99 | AK31: ='27'!$G$122 -> 296 | AL31: ='27'!$G$123 -> 304.11 | AM31: ='27'!$G$133 -> 763 | AN31: ='27'!$G$15 -> 1170 | AO31: ='27'!$G$74 -> 232.09 | AP31: ='27'!$G$75 -> 0 | AQ31: ='27'!$G$76 -> 100.59 | AR31: ='27'!$G$77 -> 40.6 | AS31: ='27'!$G$78 -> 0 | AT31: =AN31-SUM(AO31:AS31) -> 796.72 | AU31: =SUM('27'!G91:G92) -> 9.04 | AV31: ='27'!$G$88 -> 4.64 | AW31: ='27'!$G$89 -> 9.76 | AX31: ='27'!$G$90 -> 4.02 | AY31: =SUM(AV31:AX31) -> 18.42 | BA31: =AT31/AY31 -> 43.252986 | BB31: =C31-SUM(F31:K31,Y31) -> 5510.06 | BC31: =BB31/B31% -> 25.003313
A32: 28 | B32: ='28'!G7 -> 22166.07 | C32: ='28'!G8 -> 22679.05 | D32: ='28'!G15 -> 1186 | E32: ='28'!G20 -> 202 | F32: =SUM('28'!G35,'28'!G49) -> 3139.69 | G32: =SUM('28'!G37,'28'!G51) -> 1489.09 | H32: =SUM('28'!G38,'28'!G52) -> 2644.41 | I32: =SUM('28'!G39,'28'!G53) -> 2727.04 | J32: =SUM('28'!G41,'28'!G42,'28'!G55,'28'!G56) -> 4798.9 | K32: =SUM('28'!G43,'28'!G57) -> 2448.89 | L32: ='28'!G50 -> 1859.85 | M32: ='28'!G36 -> 691.96 | N32: ='28'!G138 -> 158 | O32: ='28'!$G$139 -> 157 | P32: ='28'!$G$140 -> 32.95 | Q32: ='28'!$G$141 -> 264.28 | R32: ='28'!$G$142 -> 87.53 | S32: ='28'!$G$145 -> 176 | T32: ='28'!$G$146 -> 26 | U32: ='28'!$G$144 -> 240 | V32: ='28'!$G$147 -> 380.16 | W32: ='28'!$G$148 -> 242.72 | X32: ='28'!$G$143 -> 29.05 | Y32: ='28'!$G$58 -> 257.46 | Z32: ='28'!$G$151 -> 343 | AA32: ='28'!G161 -> 217.12 | AB32: ='28'!G162 -> 24.8 | AC32: ='28'!G88 -> 6.72 | AD32: ='28'!G163+'28'!G164 -> 2.3 | AE32: ='28'!$G$116 -> 346.54 | AF32: ='28'!$G$117 -> 257.73 | AG32: ='28'!$G$118 -> 626.73 | AH32: ='28'!$G$119 -> 98.56 | AI32: ='28'!$G$120 -> 363.21 | AJ32: ='28'!$G$121 -> 415.83 | AK32: ='28'!$G$122 -> 289.41 | AL32: ='28'!$G$123 -> 297.63 | AM32: ='28'!$G$133 -> 812 | AN32: ='28'!$G$15 -> 1186 | AO32: ='28'!$G$74 -> 275.98 | AP32: ='28'!$G$75 -> 0 | AQ32: ='28'!$G$76 -> 99.1 | AR32: ='28'!$G$77 -> 54.4 | AS32: ='28'!$G$78 -> 0 | AT32: =AN32-SUM(AO32:AS32) -> 756.52 | AU32: =SUM('28'!G91:G92) -> 10.72 | AV32: ='28'!$G$88 -> 6.72 | AW32: ='28'!$G$89 -> 9.34 | AX32: ='28'!$G$90 -> 1.6 | AY32: =SUM(AV32:AX32) -> 17.66 | BA32: =AT32/AY32 -> 42.838052 | BB32: =C32-SUM(F32:K32,Y32) -> 5173.57 | BC32: =BB32/B32% -> 23.340042
