Workbook

Sheet TOTAL
A1: Site Name | B1: Day | C1: Month | D1: Year | E1: Total Electricity Kwh | F1: Electricity Tariff ($/Kwh) | G1: Natual Gas (m3) | H1: Natural Gas $/m3 | I1: Water Utility Supply (m3) m3 | J1: Water Utility Supply (m3) $/m3 | K1: Room Nights | L1: Food Covers
A2: Shenzhen | B2: 1 | C2: 4 | D2: 2022 | E2: ='Shenzhen Daily'!D5 -> 18.94 | F2: 0.93 | G2: ='Shenzhen Daily'!F5 -> 1919 | H2: 4.39 | I2: ='Shenzhen Daily'!H5 -> 477 | J2: 1.72 | K2: ='Shenzhen Daily'!I5 -> 227.1374 | L2: ='Shenzhen Daily'!J5 -> 473
A3: Shenzhen | B3: =B2+1 -> 2 | C3: 4 | D3: 2022 | E3: ='Shenzhen Daily'!D6 -> 17.5 | F3: 0.93 | G3: ='Shenzhen Daily'!F6 -> 1706 | H3: 4.39 | I3: ='Shenzhen Daily'!H6 -> 423 | J3: 1.72 | K3: ='Shenzhen Daily'!I6 -> 199.7394 | L3: ='Shenzhen Daily'!J6 -> 345
A4: Shenzhen | B4: =B3+1 -> 3 | C4: 4 | D4: 2022 | E4: ='Shenzhen Daily'!D7 -> 18.15 | F4: 0.93 | G4: ='Shenzhen Daily'!F7 -> 1648 | H4: 4.39 | I4: ='Shenzhen Daily'!H7 -> 379 | J4: 1.72 | K4: ='Shenzhen Daily'!I7 -> 182.6888 | L4: ='Shenzhen Daily'!J7 -> 335
A5: Shenzhen | B5: =B4+1 -> 4 | C5: 4 | D5: 2022 | E5: ='Shenzhen Daily'!D8 -> 16.72 | F5: 0.93 | G5: ='Shenzhen Daily'!F8 -> 1466 | H5: 4.39 | I5: ='Shenzhen Daily'!H8 -> 333 | J5: 1.72 | K5: ='Shenzhen Daily'!I8 -> 154.9184 | L5: ='Shenzhen Daily'!J8 -> 209
A6: Shenzhen | B6: =B5+1 -> 5 | C6: 4 | D6: 2022 | E6: ='Shenzhen Daily'!D9 -> 17.57 | F6: 0.93 | G6: ='Shenzhen Daily'!F9 -> 1448 | H6: 4.39 | I6: ='Shenzhen Daily'!H9 -> 305 | J6: 1.72 | K6: ='Shenzhen Daily'!I9 -> 149.5718 | L6: ='Shenzhen Daily'!J9 -> 247
A7: Shenzhen | B7: =B6+1 -> 6 | C7: 4 | D7: 2022 | E7: ='Shenzhen Daily'!D10 -> 19.27 | F7: 0.93 | G7: ='Shenzhen Daily'!F10 -> 1671 | H7: 4.39 | I7: ='Shenzhen Daily'!H10 -> 383 | J7: 1.72 | K7: ='Shenzhen Daily'!I10 -> 157.3922 | L7: ='Shenzhen Daily'!J10 -> 375
A8: Shenzhen | B8: =B7+1 -> 7 | C8: 4 | D8: 2022 | E8: ='Shenzhen Daily'!D11 -> 18.24 | F8: 0.93 | G8: ='Shenzhen Daily'!F11 -> 1790 | H8: 4.39 | I8: ='Shenzhen Daily'!H11 -> 506 | J8: 1.72 | K8: ='Shenzhen Daily'!I11 -> 170.7986 | L8: ='Shenzhen Daily'!J11 -> 455
A9: Shenzhen | B9: =B8+1 -> 8 | C9: 4 | D9: 2022 | E9: ='Shenzhen Daily'!D12 -> 18.98 | F9: 0.93 | G9: ='Shenzhen Daily'!F12 -> 1868 | H9: 4.39 | I9: ='Shenzhen Daily'!H12 -> 411 | J9: 1.72 | K9: ='Shenzhen Daily'!I12 -> 174.9482 | L9: ='Shenzhen Daily'!J12 -> 295
A10: Shenzhen | B10: =B9+1 -> 9 | C10: 4 | D10: 2022 | E10: ='Shenzhen Daily'!D13 -> 16.49 | F10: 0.93 | G10: ='Shenzhen Daily'!F13 -> 1592 | H10: 4.39 | I10: ='Shenzhen Daily'!H13 -> 341 | J10: 1.72 | K10: ='Shenzhen Daily'!I13 -> 172.1552 | L10: ='Shenzhen Daily'!J13 -> 241
A11: Shenzhen | B11: =B10+1 -> 10 | C11: 4 | D11: 2022 | E11: ='Shenzhen Daily'!D14 -> 15.81 | F11: 0.93 | G11: ='Shenzhen Daily'!F14 -> 1425 | H11: 4.39 | I11: ='Shenzhen Daily'!H14 -> 357 | J11: 1.72 | K11: ='Shenzhen Daily'!I14 -> 164.388 | L11: ='Shenzhen Daily'!J14 -> 205
A12: Shenzhen | B12: =B11+1 -> 11 | C12: 4 | D12: 2022 | E12: ='Shenzhen Daily'!D15 -> 18.64 | F12: 0.93 | G12: ='Shenzhen Daily'!F15 -> 1447 | H12: 4.39 | I12: ='Shenzhen Daily'!H15 -> 314 | J12: 1.72 | K12: ='Shenzhen Daily'!I15 -> 157.605 | L12: ='Shenzhen Daily'!J15 -> 307
A13: Shenzhen | B13: =B12+1 -> 12 | C13: 4 | D13: 2022 | E13: ='Shenzhen Daily'!D16 -> 15.87 | F13: 0.93 | G13: ='Shenzhen Daily'!F16 -> 1421 | H13: 4.39 | I13: ='Shenzhen Daily'!H16 -> 305 | J13: 1.72 | K13: ='Shenzhen Daily'!I16 -> 151.1944 | L13: ='Shenzhen Daily'!J16 -> 217
A14: Shenzhen | B14: =B13+1 -> 13 | C14: 4 | D14: 2022 | E14: ='Shenzhen Daily'!D17 -> 14.57 | F14: 0.93 | G14: ='Shenzhen Daily'!F17 -> 1518 | H14: 4.39 | I14: ='Shenzhen Daily'!H17 -> 332 | J14: 1.72 | K14: ='Shenzhen Daily'!I17 -> 145.5552 | L14: ='Shenzhen Daily'!J17 -> 199
... A31: Shenzhen | B31: =B30+1 -> 30 | C31: 4 | D31: 2022 | E31: ='Shenzhen Daily'!D34 -> 16.43 | F31: 0.93 | G31: ='Shenzhen Daily'!F34 -> 1422 | H31: 4.39 | I31: ='Shenzhen Daily'!H34 -> 275 | J31: 1.72 | K31: ='Shenzhen Daily'!I34 -> 44.156 | L31: ='Shenzhen Daily'!J34 -> 141

Sheet Shenzhen Daily
A2: Days | C2: Electricity Meter (KWh) | E2: Gas m3 | G2: Water m3
A3: Date | C3: Reading KWH | D3: Difference KWH | E3: Reading m3 | F3: Difference KWH | G3: Reading m³ | H3: Daily Consumption m³ | I3: ROOM NIGHTS | J3: TOTAL GUESTS
A4: 44561 | C4: 27108.19 | E4: 3008640 | G4: 548721 | I4: 226 | J4: 450
A5: 44562 | C5: 27127.13 | D5: =IF((C5-C4<0), "0",C5-C4) -> 18.94 | E5: 3010559 | F5: =IF((E5-E4<0), "0",E5-E4) -> 1919 | G5: 549198 | H5: =IF((G5-G4<0), "0",G5-G4) -> 477 | I5: 227.1374 | J5: 473
A6: 44563 | C6: 27144.63 | D6: =IF((C6-C5<0), "0",C6-C5) -> 17.5 | E6: 3012265 | F6: =IF((E6-E5<0), "0",E6-E5) -> 1706 | G6: 549621 | H6: =IF((G6-G5<0), "0",G6-G5) -> 423 | I6: 199.7394 | J6: 345
A7: 44564 | C7: 27162.78 | D7: =IF((C7-C6<0), "0",C7-C6) -> 18.15 | E7: 3013913 | F7: =IF((E7-E6<0), "0",E7-E6) -> 1648 | G7: 550000 | H7: =IF((G7-G6<0), "0",G7-G6) -> 379 | I7: 182.6888 | J7: 335
A8: 44565 | C8: 27179.5 | D8: =IF((C8-C7<0), "0",C8-C7) -> 16.72 | E8: 3015379 | F8: =IF((E8-E7<0), "0",E8-E7) -> 1466 | G8: 550333 | H8: =IF((G8-G7<0), "0",G8-G7) -> 333 | I8: 154.9184 | J8: 209
A9: 44566 | C9: 27197.07 | D9: =IF((C9-C8<0), "0",C9-C8) -> 17.57 | E9: 3016827 | F9: =IF((E9-E8<0), "0",E9-E8) -> 1448 | G9: 550638 | H9: =IF((G9-G8<0), "0",G9-G8) -> 305 | I9: 149.5718 | J9: 247
A10: 44567 | C10: 27216.34 | D10: =IF((C10-C9<0), "0",C10-C9) -> 19.27 | E10: 3018498 | F10: =IF((E10-E9<0), "0",E10-E9) -> 1671 | G10: 551021 | H10: =IF((G10-G9<0), "0",G10-G9) -> 383 | I10: 157.3922 | J10: 375
A11: 44568 | C11: 27234.58 | D11: =IF((C11-C10<0), "0",C11-C10) -> 18.24 | E11: 3020288 | F11: =IF((E11-E10<0), "0",E11-E10) -> 1790 | G11: 551527 | H11: =IF((G11-G10<0), "0",G11-G10) -> 506 | I11: 170.7986 | J11: 455
A12: 44569 | C12: 27253.56 | D12: =IF((C12-C11<0), "0",C12-C11) -> 18.98 | E12: 3022156 | F12: =IF((E12-E11<0), "0",E12-E11) -> 1868 | G12: 551938 | H12: =IF((G12-G11<0), "0",G12-G11) -> 411 | I12: 174.9482 | J12: 295
A13: 44570 | C13: 27270.05 | D13: =IF((C13-C12<0), "0",C13-C12) -> 16.49 | E13: 3023748 | F13: =IF((E13-E12<0), "0",E13-E12) -> 1592 | G13: 552279 | H13: =IF((G13-G12<0), "0",G13-G12) -> 341 | I13: 172.1552 | J13: 241
A14: 44571 | C14: 27285.86 | D14: =IF((C14-C13<0), "0",C14-C13) -> 15.81 | E14: 3025173 | F14: =IF((E14-E13<0), "0",E14-E13) -> 1425 | G14: 552636 | H14: =IF((G14-G13<0), "0",G14-G13) -> 357 | I14: 164.388 | J14: 205
A15: 44572 | C15: 27304.5 | D15: =IF((C15-C14<0), "0",C15-C14) -> 18.64 | E15: 3026620 | F15: =IF((E15-E14<0), "0",E15-E14) -> 1447 | G15: 552950 | H15: =IF((G15-G14<0), "0",G15-G14) -> 314 | I15: 157.605 | J15: 307
A16: 44573 | C16: 27320.37 | D16: =IF((C16-C15<0), "0",C16-C15) -> 15.87 | E16: 3028041 | F16: =IF((E16-E15<0), "0",E16-E15) -> 1421 | G16: 553255 | H16: =IF((G16-G15<0), "0",G16-G15) -> 305 | I16: 151.1944 | J16: 217
... A34: 44591 | C34: 27574 | D34: =IF((C34-C33<0), "0",C34-C33) -> 16.43 | E34: 3052541 | F34: =IF((E34-E33<0), "0",E34-E33) -> 1422 | G34: 558380 | H34: =IF((G34-G33<0), "0",G34-G33) -> 275 | I34: 44.156 | J34: 141
A35: 44592 | C35: 27680.95 | E35: 3054054 | G35: 558671 | I35: 39.1552 | J35: 381
