Workbook

Sheet TOTAL
A1: Site Name | B1: Day | C1: Month | D1: Year | E1: Total Electricity Kwh | F1: Electricity Tariff ($/Kwh) | G1: Natual Gas (m3) | H1: Natural Gas $/m3 | I1: Water Utility Supply (m3) m3 | J1: Water Utility Supply (m3) $/m3 | K1: Room Nights | L1: Total Guests
A2: Milan | B2: 1 | C2: 12 | D2: 2022 | E2: ='Hotel Data'!X5 -> 11726 | F2: 0.346 | G2: =INT('Hotel Data'!E5) -> 910 | H2: 1.267 | I2: =INT('Hotel Data'!K5) -> 155 | J2: 1 | K2: 66 | L2: 120
A3: Milan | B3: =B2+1 -> 2 | C3: 12 | D3: 2022 | E3: ='Hotel Data'!X6 -> 11021 | F3: 0.346 | G3: =INT('Hotel Data'!E6) -> 1037 | H3: 1.267 | I3: =INT('Hotel Data'!K6) -> 163 | J3: 1 | K3: 83 | L3: 154
A4: Milan | B4: =B3+1 -> 3 | C4: 12 | D4: 2022 | E4: ='Hotel Data'!X7 -> 10865 | F4: 0.346 | G4: =INT('Hotel Data'!E7) -> 982 | H4: 1.267 | I4: =INT('Hotel Data'!K7) -> 178 | J4: 1 | K4: 74 | L4: 132
A5: Milan | B5: =B4+1 -> 4 | C5: 12 | D5: 2022 | E5: ='Hotel Data'!X8 -> 9850 | F5: 0.346 | G5: =INT('Hotel Data'!E8) -> 893 | H5: 1.267 | I5: =INT('Hotel Data'!K8) -> 177 | J5: 1 | K5: 57 | L5: 94
A6: Milan | B6: =B5+1 -> 5 | C6: 12 | D6: 2022 | E6: ='Hotel Data'!X9 -> 10482 | F6: 0.346 | G6: =INT('Hotel Data'!E9) -> 833 | H6: 1.267 | I6: =INT('Hotel Data'!K9) -> 183 | J6: 1 | K6: 53 | L6: 89
A7: Milan | B7: =B6+1 -> 6 | C7: 12 | D7: 2022 | E7: ='Hotel Data'!X10 -> 10254 | F7: 0.346 | G7: =INT('Hotel Data'!E10) -> 960 | H7: 1.267 | I7: =INT('Hotel Data'!K10) -> 151 | J7: 1 | K7: 78 | L7: 124
A8: Milan | B8: =B7+1 -> 7 | C8: 12 | D8: 2022 | E8: ='Hotel Data'!X11 -> 10153 | F8: 0.346 | G8: =INT('Hotel Data'!E11) -> 1166 | H8: 1.267 | I8: =INT('Hotel Data'!K11) -> 171 | J8: 1 | K8: 75 | L8: 124
A9: Milan | B9: =B8+1 -> 8 | C9: 12 | D9: 2022 | E9: ='Hotel Data'!X12 -> 10134 | F9: 0.346 | G9: =INT('Hotel Data'!E12) -> 1123 | H9: 1.267 | I9: =INT('Hotel Data'!K12) -> 154 | J9: 1 | K9: 59 | L9: 100
A10: Milan | B10: =B9+1 -> 9 | C10: 12 | D10: 2022 | E10: ='Hotel Data'!X13 -> 10162 | F10: 0.346 | G10: =INT('Hotel Data'!E13) -> 1149 | H10: 1.267 | I10: =INT('Hotel Data'!K13) -> 168 | J10: 1 | K10: 68 | L10: 110
A11: Milan | B11: =B10+1 -> 10 | C11: 12 | D11: 2022 | E11: ='Hotel Data'!X14 -> 10416 | F11: 0.346 | G11: =INT('Hotel Data'!E14) -> 1390 | H11: 1.267 | I11: =INT('Hotel Data'!K14) -> 167 | J11: 1 | K11: 64 | L11: 116
A12: Milan | B12: =B11+1 -> 11 | C12: 12 | D12: 2022 | E12: ='Hotel Data'!X15 -> 10752 | F12: 0.346 | G12: =INT('Hotel Data'!E15) -> 1450 | H12: 1.267 | I12: =INT('Hotel Data'!K15) -> 142 | J12: 1 | K12: 52 | L12: 91
A13: Milan | B13: =B12+1 -> 12 | C13: 12 | D13: 2022 | E13: ='Hotel Data'!X16 -> 10894 | F13: 0.346 | G13: =INT('Hotel Data'!E16) -> 1581 | H13: 1.267 | I13: =INT('Hotel Data'!K16) -> 159 | J13: 1 | K13: 60 | L13: 99
A14: Milan | B14: =B13+1 -> 13 | C14: 12 | D14: 2022 | E14: ='Hotel Data'!X17 -> 10518 | F14: 0.346 | G14: =INT('Hotel Data'!E17) -> 1544 | H14: 1.267 | I14: =INT('Hotel Data'!K17) -> 165 | J14: 1 | K14: 80 | L14: 125
... A32: Milan | B32: =B31+1 -> 31 | C32: 12 | D32: 2022 | E32: ='Hotel Data'!X35 -> 10519 | F32: 0.346 | G32: =INT('Hotel Data'!E35) -> 789 | H32: 1.267 | I32: =INT('Hotel Data'!K35) -> 137 | J32: 1 | K32: 63 | L32: 128

Sheet Submetering 
A1: Site Name | B1: Day | C1: Month | D1: Year | E1: GAS RISCALD.(m3) | F1: GAS CUCINA (m3) | G1: H2O CONDIZION.ADD (m3) | H1: REINT. H2O ADD (m3) | I1: H2O ADD F CUC P (m3) | J1: H2O SANIT. CALDA (m3) | K1: ENEL CUC.PRINC. P (KWh) | L1: ENEL CUC.PRINC. N. (KWh) | M1: ENEL CUC.PREP. (KWh) | N1: ENEL CUC.VERANDA (KWh) | O1: ENEL LAVANDERIA (KWh) | P1: Room Nights
A3: Milan | B3: 1 | C3: 12 | D3: 2022 | E3: ='Hotel Data'!E5 -> 910 | F3: ='Hotel Data'!G5 -> 3 | G3: ='Hotel Data'!O5 -> 5 | H3: ='Hotel Data'!Q5 -> 14 | I3: ='Hotel Data'!S5 -> 0 | J3: ='Hotel Data'!U5 -> 37 | K3: ='Hotel Data'!AD5 -> 239 | L3: ='Hotel Data'!AG5 -> 1286 | M3: ='Hotel Data'!AJ5 -> 280 | N3: ='Hotel Data'!AN5 -> 628 | O3: ='Hotel Data'!AR5 -> 264 | P3: =TOTAL!K2 -> 66
A4: Milan | B4: =B3+1 -> 2 | C4: 12 | D4: 2022 | E4: ='Hotel Data'!E6 -> 1037 | F4: ='Hotel Data'!G6 -> 2 | G4: ='Hotel Data'!O6 -> 5 | H4: ='Hotel Data'!Q6 -> 16 | I4: ='Hotel Data'!S6 -> 0 | J4: ='Hotel Data'!U6 -> 43 | K4: ='Hotel Data'!AD6 -> 225 | L4: ='Hotel Data'!AG6 -> 1303 | M4: ='Hotel Data'!AJ6 -> 264 | N4: ='Hotel Data'!AN6 -> 563 | O4: ='Hotel Data'!AR6 -> 224 | P4: =TOTAL!K3 -> 83
A5: Milan | B5: =B4+1 -> 3 | C5: 12 | D5: 2022 | E5: ='Hotel Data'!E7 -> 982 | F5: ='Hotel Data'!G7 -> 2 | G5: ='Hotel Data'!O7 -> 5 | H5: ='Hotel Data'!Q7 -> 22 | I5: ='Hotel Data'!S7 -> 0 | J5: ='Hotel Data'!U7 -> 47 | K5: ='Hotel Data'!AD7 -> 222 | L5: ='Hotel Data'!AG7 -> 1348 | M5: ='Hotel Data'!AJ7 -> 264 | N5: ='Hotel Data'!AN7 -> 564 | O5: ='Hotel Data'!AR7 -> 304 | P5: =TOTAL!K4 -> 74
A6: Milan | B6: =B5+1 -> 4 | C6: 12 | D6: 2022 | E6: ='Hotel Data'!E8 -> 893 | F6: ='Hotel Data'!G8 -> 0 | G6: ='Hotel Data'!O8 -> 5 | H6: ='Hotel Data'!Q8 -> 20 | I6: ='Hotel Data'!S8 -> 0 | J6: ='Hotel Data'!U8 -> 47 | K6: ='Hotel Data'!AD8 -> 236 | L6: ='Hotel Data'!AG8 -> 1145 | M6: ='Hotel Data'!AJ8 -> 200 | N6: ='Hotel Data'!AN8 -> 536 | O6: ='Hotel Data'!AR8 -> 272 | P6: =TOTAL!K5 -> 57
A7: Milan | B7: =B6+1 -> 5 | C7: 12 | D7: 2022 | E7: ='Hotel Data'!E9 -> 833 | F7: ='Hotel Data'!G9 -> 3 | G7: ='Hotel Data'!O9 -> 5 | H7: ='Hotel Data'!Q9 -> 20 | I7: ='Hotel Data'!S9 -> 0 | J7: ='Hotel Data'!U9 -> 45 | K7: ='Hotel Data'!AD9 -> 223 | L7: ='Hotel Data'!AG9 -> 1300 | M7: ='Hotel Data'!AJ9 -> 272 | N7: ='Hotel Data'!AN9 -> 569 | O7: ='Hotel Data'!AR9 -> 224 | P7: =TOTAL!K6 -> 53
A8: Milan | B8: =B7+1 -> 6 | C8: 12 | D8: 2022 | E8: ='Hotel Data'!E10 -> 960 | F8: ='Hotel Data'!G10 -> 0 | G8: ='Hotel Data'!O10 -> 4 | H8: ='Hotel Data'!Q10 -> 17 | I8: ='Hotel Data'!S10 -> 0 | J8: ='Hotel Data'!U10 -> 38 | K8: ='Hotel Data'!AD10 -> 227 | L8: ='Hotel Data'!AG10 -> 1453 | M8: ='Hotel Data'!AJ10 -> 168 | N8: ='Hotel Data'!AN10 -> 572 | O8: ='Hotel Data'!AR10 -> 240 | P8: =TOTAL!K7 -> 78
A9: Milan | B9: =B8+1 -> 7 | C9: 12 | D9: 2022 | E9: ='Hotel Data'!E11 -> 1166 | F9: ='Hotel Data'!G11 -> 3 | G9: ='Hotel Data'!O11 -> 5 | H9: ='Hotel Data'!Q11 -> 16 | I9: ='Hotel Data'!S11 -> 0 | J9: ='Hotel Data'!U11 -> 40 | K9: ='Hotel Data'!AD11 -> 230 | L9: ='Hotel Data'!AG11 -> 1424 | M9: ='Hotel Data'!AJ11 -> 416 | N9: ='Hotel Data'!AN11 -> 557 | O9: ='Hotel Data'!AR11 -> 512 | P9: =TOTAL!K8 -> 75
A10: Milan | B10: =B9+1 -> 8 | C10: 12 | D10: 2022 | E10: ='Hotel Data'!E12 -> 1123 | F10: ='Hotel Data'!G12 -> 1 | G10: ='Hotel Data'!O12 -> 5 | H10: ='Hotel Data'!Q12 -> 16 | I10: ='Hotel Data'!S12 -> 1 | J10: ='Hotel Data'!U12 -> 37 | K10: ='Hotel Data'!AD12 -> 242 | L10: ='Hotel Data'!AG12 -> 1243 | M10: ='Hotel Data'!AJ12 -> 208 | N10: ='Hotel Data'!AN12 -> 551 | O10: ='Hotel Data'!AR12 -> 328 | P10: =TOTAL!K9 -> 59
A11: Milan | B11: =B10+1 -> 9 | C11: 12 | D11: 2022 | E11: ='Hotel Data'!E13 -> 1149 | F11: ='Hotel Data'!G13 -> 0 | G11: ='Hotel Data'!O13 -> 5 | H11: ='Hotel Data'!Q13 -> 15 | I11: ='Hotel Data'!S13 -> 0 | J11: ='Hotel Data'!U13 -> 40 | K11: ='Hotel Data'!AD13 -> 241 | L11: ='Hotel Data'!AG13 -> 1273 | M11: ='Hotel Data'!AJ13 -> 144 | N11: ='Hotel Data'!AN13 -> 583 | O11: ='Hotel Data'!AR13 -> 280 | P11: =TOTAL!K10 -> 68
A12: Milan | B12: =B11+1 -> 10 | C12: 12 | D12: 2022 | E12: ='Hotel Data'!E14 -> 1390 | F12: ='Hotel Data'!G14 -> 1 | G12: ='Hotel Data'!O14 -> 8 | H12: ='Hotel Data'!Q14 -> 8 | I12: ='Hotel Data'!S14 -> 0 | J12: ='Hotel Data'!U14 -> 35 | K12: ='Hotel Data'!AD14 -> 212 | L12: ='Hotel Data'!AG14 -> 1446 | M12: ='Hotel Data'!AJ14 -> 192 | N12: ='Hotel Data'!AN14 -> 549 | O12: ='Hotel Data'!AR14 -> 288 | P12: =TOTAL!K11 -> 64
A13: Milan | B13: =B12+1 -> 11 | C13: 12 | D13: 2022 | E13: ='Hotel Data'!E15 -> 1450 | F13: ='Hotel Data'!G15 -> 1 | G13: ='Hotel Data'!O15 -> 7 | H13: ='Hotel Data'!Q15 -> 22 | I13: ='Hotel Data'!S15 -> 0 | J13: ='Hotel Data'!U15 -> 35 | K13: ='Hotel Data'!AD15 -> 220 | L13: ='Hotel Data'!AG15 -> 1343 | M13: ='Hotel Data'!AJ15 -> 208 | N13: ='Hotel Data'!AN15 -> 580 | O13: ='Hotel Data'!AR15 -> 256 | P13: =TOTAL!K12 -> 52
A14: Milan | B14: =B13+1 -> 12 | C14: 12 | D14: 2022 | E14: ='Hotel Data'!E16 -> 1581 | F14: ='Hotel Data'!G16 -> 1.4 | G14: ='Hotel Data'!O16 -> 6 | H14: ='Hotel Data'!Q16 -> 15 | I14: ='Hotel Data'!S16 -> 0 | J14: ='Hotel Data'!U16 -> 40 | K14: ='Hotel Data'!AD16 -> 220 | L14: ='Hotel Data'!AG16 -> 1258 | M14: ='Hotel Data'!AJ16 -> 224 | N14: ='Hotel Data'!AN16 -> 556 | O14: ='Hotel Data'!AR16 -> 232 | P14: =TOTAL!K13 -> 60
A15: Milan | B15: =B14+1 -> 13 | C15: 12 | D15: 2022 | E15: ='Hotel Data'!E17 -> 1544 | F15: ='Hotel Data'!G17 -> 4 | G15: ='Hotel Data'!O17 -> 6 | H15: ='Hotel Data'!Q17 -> 16 | I15: ='Hotel Data'!S17 -> 0 | J15: ='Hotel Data'!U17 -> 34 | K15: ='Hotel Data'!AD17 -> 216 | L15: ='Hotel Data'!AG17 -> 1317 | M15: ='Hotel Data'!AJ17 -> 232 | N15: ='Hotel Data'!AN17 -> 541 | O15: ='Hotel Data'!AR17 -> 216 | P15: =TOTAL!K14 -> 80
... A33: Milan | B33: =B32+1 -> 31 | C33: 12 | D33: 2022 | E33: ='Hotel Data'!E35 -> 789 | F33: ='Hotel Data'!G35 -> 1 | G33: ='Hotel Data'!O35 -> 1 | H33: ='Hotel Data'!Q35 -> 20 | I33: ='Hotel Data'!S35 -> 0 | J33: ='Hotel Data'!U35 -> 52 | K33: ='Hotel Data'!AD35 -> 241 | L33: ='Hotel Data'!AG35 -> 1144 | M33: ='Hotel Data'!AJ35 -> 160 | N33: ='Hotel Data'!AN35 -> 627 | O33: ='Hotel Data'!AR35 -> 288 | P33: =TOTAL!K32 -> 63

Sheet Hotel Data
D1: GAS RISCALD. | F1: GAS CUCINA | H1: H2O GENERALE | N1: H2O CONDIZION.ADD | P1: REINT. H2O ADD rfrig | R1: H2O ADD F CUC P | T1: H2O SANIT. CALDA | V1: ENEL ATTIVA | Y1: ENEL REATT. | AB1: ENEL CUC.PRINC. P | AE1: ENEL CUC.PRINC. N. | AH1: ENEL CUC.PREP. | AL1: ENEL CUC.VERANDA | AP1: ENEL LAVANDERIA | AS1: TEMPER.GG. | AU1: RICAVI | AV1: REFRIGERATA | AW1: lt/ G | AZ1: GAS RISCALDAM. | BA1: GAS CUCINA | BB1: ACQUA GENER. | BC1: ACQUA CONDIZ. | BD1: ENERGIA | BE1: Proiezione BA | BF1: ENEL CUC.PRINC | BG1: ENEL CUC.PREP. | BH1: ENEL CUC.VER. | BI1: ENEL LAVAND.
A3: GG | B3: ORA | C3: NOTE | D3: LETTURA MC | E3: DIFF. G | F3: LETTURA MC | G3: DIFF. G | H3: LETTURA MC | I3: DIFF. G | J3: lett. BA | K3: DIFF. G | L3: GUESTS | M3: mcxcl | N3: LETTURA MC | O3: DIFF. G | P3: LETTURA MC | Q3: DIFF. G | R3: LETTURA MC | S3: DIFF. G | T3: LETTURA MC | U3: DIFF. G | V3: LET. KWH*2200 | W3: DIFF. G | X3: Consumo BA | Y3: LET.KWT | Z3: DIFF. G | AB3: LET. KWH | AC3: DIFF. G | AD3: Consumo BA | AE3: LET. KWH | AF3: DIFF. G | AG3: Consumo BA | AH3: LET. KWH*80 | AI3: DIFF. G | AJ3: Consumo BA | AK3: COVERS | AL3: LET. KWH | AM3: DIFF. G | AN3: Consumo BA | AO3: COVERS | AP3: LET. KWH*80 | AQ3: DIFF. G | AR3: Consumo BA | AS3: MIN | AT3: MAX | AU3: LAVANDERIA
D4: 369176 | F4: 7099 | H4: 114715 | J4: 628598 | N4: 15083 | P4: 100407 | R4: 44 | T4: 207141 | V4: 5808.74 | Y4: 1101.143 | AB4: 1783697.8 | AE4: 5300045 | AH4: 34337.7 | AL4: 262109.3 | AP4: 47121.7 | AV4: 0 | AX4: 613 | AZ4: 25000 | BA4: 150 | BB4: 4250 | BC4: 75 | BD4: 390000 | BE4: 390000 | BF4: 41488 | BG4: 6944 | BH4: 20303 | BI4: 10008
A5: 1 | B5: 00:00 | C5: HEP disabilitato log. Recupero invernale.f | D5: 370086 | E5: 910 | F5: 7102 | G5: 3 | H5: 114877 | I5: 162 | J5: 628753 | K5: 155 | M5: #DIV/0! | N5: 15088 | O5: 5 | P5: 100421 | Q5: 14 | R5: 44 | S5: 0 | T5: 207178 | U5: 37 | W5: 0 | X5: 11726 | Z5: 0 | AA5: 1957 | AC5: 0 | AD5: 239 | AF5: 0 | AG5: 1286 | AI5: 0 | AJ5: 280 | AM5: 0 | AN5: 628 | AQ5: 0 | AR5: 264 | AS5: 2 | AT5: 8 | AW5: 121.884 | AX5: 614 | AY5: 1 | AZ5: 28210 | BA5: 93
A6: 2 | B6: 00:00 | D6: 371123 | E6: 1037 | F6: 7104 | G6: 2 | H6: 115047 | I6: 170 | J6: 628916 | K6: 163 | M6: #DIV/0! | N6: 15093 | O6: 5 | P6: 100437 | Q6: 16 | R6: 44 | S6: 0 | T6: 207221 | U6: 43 | W6: 0 | X6: 11021 | Z6: 0 | AA6: 1808 | AC6: 0 | AD6: 225 | AF6: 0 | AG6: 1303 | AI6: 0 | AJ6: 264 | AM6: 0 | AN6: 563 | AQ6: 0 | AR6: 224 | AS6: 4 | AT6: 9 | AW6: 121.884 | AX6: 615 | AY6: 1 | AZ6: 30178.5 | BA6: 77.5 | BB6: 5146 | BC6: 155 | BD6: 0 | BE6: 339233 | BF6: 48019 | BG6: 8184 | BH6: 17468.5 | BI6: 8184
A7: 3 | B7: 00:00 | D7: 372105 | E7: 982 | F7: 7106 | G7: 2 | H7: 115233 | I7: 186 | J7: 629094 | K7: 178 | M7: #DIV/0! | N7: 15098 | O7: 5 | P7: 100459 | Q7: 22 | R7: 44 | S7: 0 | T7: 207268 | U7: 47 | W7: 0 | X7: 10865 | Z7: 0 | AA7: 1628 | AC7: 0 | AD7: 222 | AF7: 0 | AG7: 1348 | AI7: 0 | AJ7: 264 | AM7: 0 | AN7: 564 | AQ7: 0 | AR7: 304 | AS7: 4 | AT7: 8 | AW7: 121.884 | AX7: 615 | AY7: 0 | AZ7: 30266.333 | BA7: 72.333333 | BB7: 5352.6667 | BC7: 155 | BD7: 0 | BE7: 336815 | BF7: 48670 | BG7: 8184 | BH7: 17484 | BI7: 9424
A8: 4 | B8: 00:00 | D8: 372998 | E8: 893 | F8: 7106 | G8: 0 | H8: 115418 | I8: 185 | J8: 629271 | K8: 177 | M8: #DIV/0! | N8: 15103 | O8: 5 | P8: 100479 | Q8: 20 | R8: 44 | S8: 0 | T8: 207315 | U8: 47 | W8: 0 | X8: 9850 | Z8: 0 | AA8: 1362 | AC8: 0 | AD8: 236 | AF8: 0 | AG8: 1145 | AI8: 0 | AJ8: 200 | AM8: 0 | AN8: 536 | AQ8: 0 | AR8: 272 | AS8: 8 | AT8: 10 | AW8: 121.884 | AX8: 616 | AY8: 1 | AZ8: 29620.5 | BA8: 54.25 | BB8: 5448.25 | BC8: 155 | BD8: 0 | BE8: 321082.5 | BF8: 45740.5 | BG8: 7192 | BH8: 17050 | BI8: 8928
A9: 5 | B9: 00:00 | D9: 373831 | E9: 833 | F9: 7109 | G9: 3 | H9: 115610 | I9: 192 | J9: 629454 | K9: 183 | M9: #DIV/0! | N9: 15108 | O9: 5 | P9: 100499 | Q9: 20 | R9: 44 | S9: 0 | T9: 207360 | U9: 45 | W9: 0 | X9: 10482 | Z9: 0 | AA9: 2271 | AC9: 0 | AD9: 223 | AF9: 0 | AG9: 1300 | AI9: 0 | AJ9: 272 | AM9: 0 | AN9: 569 | AQ9: 0 | AR9: 224 | AS9: 4 | AT9: 9 | AW9: 121.884 | AX9: 619 | AY9: 3 | AZ9: 28861 | BA9: 62 | BB9: 5549 | BC9: 155 | BD9: 0 | BE9: 322369 | BF9: 46231.333 | BG9: 7605.3333 | BH9: 17246.333 | BI9: 8266.6667
A10: 6 | B10: 00:00 | D10: 374791 | E10: 960 | F10: 7109 | G10: 0 | H10: 115767 | I10: 157 | J10: 629605 | K10: 151 | M10: #DIV/0! | N10: 15112 | O10: 4 | P10: 100516 | Q10: 17 | R10: 44 | S10: 0 | T10: 207398 | U10: 38 | W10: 0 | X10: 10254 | Z10: 0 | AA10: 2270 | AC10: 0 | AD10: 227 | AF10: 0 | AG10: 1453 | AI10: 0 | AJ10: 168 | AM10: 0 | AN10: 572 | AQ10: 0 | AR10: 240 | AS10: 1 | AT10: 9 | AW10: 121.884 | AX10: 621 | AY10: 2 | AZ10: 29010.833 | BA10: 51.666667 | BB10: 5435.3333 | BC10: 149.83333 | BD10: 0 | BE10: 321245.25 | BF10: 47693.5 | BG10: 7006 | BH10: 17367.75 | BI10: 8060
A11: 7 | B11: 00:00 | D11: 375957 | E11: 1166 | F11: 7112 | G11: 3 | H11: 115945 | I11: 178 | J11: 629776 | K11: 171 | M11: #DIV/0! | N11: 15117 | O11: 5 | P11: 100532 | Q11: 16 | R11: 44 | S11: 0 | T11: 207438 | U11: 40 | W11: 0 | X11: 10153 | Z11: 0 | AA11: 2063 | AC11: 0 | AD11: 230 | AF11: 0 | AG11: 1424 | AI11: 0 | AJ11: 416 | AM11: 0 | AN11: 557 | AQ11: 0 | AR11: 512 | AS11: -2 | AT11: 6 | AW11: 121.884 | AX11: 622 | AY11: 1 | AZ11: 30030.143 | BA11: 57.571429 | BB11: 5447.1429 | BC11: 150.57143 | BD11: 0 | BE11: 319944.8 | BF11: 48409.6 | BG11: 8184 | BH11: 17347.6 | BI11: 9622.4
A12: 8 | B12: 00:00 | D12: 377080 | E12: 1123 | F12: 7113 | G12: 1 | H12: 116107 | I12: 162 | J12: 629930 | K12: 154 | M12: #DIV/0! | N12: 15122 | O12: 5 | P12: 100548 | Q12: 16 | R12: 45 | S12: 1 | T12: 207475 | U12: 37 | W12: 0 | X12: 10134 | Z12: 0 | AA12: 2266 | AC12: 0 | AD12: 242 | AF12: 0 | AG12: 1243 | AI12: 0 | AJ12: 208 | AM12: 0 | AN12: 551 | AQ12: 0 | AR12: 328 | AS12: 1 | AT12: 8 | AW12: 121.884 | AX12: 623 | AY12: 1 | AZ12: 30628 | BA12: 54.25 | BB12: 5394 | BC12: 151.125 | BD12: 0 | BE12: 318979.67 | BF12: 48013.833 | BG12: 7894.6667 | BH12: 17303.167 | BI12: 9713.3333
A13: 9 | B13: 00:00 | D13: 378229 | E13: 1149 | F13: 7113 | G13: 0 | H13: 116282 | I13: 175 | J13: 630098 | K13: 168 | M13: #DIV/0! | N13: 15127 | O13: 5 | P13: 100563 | Q13: 15 | R13: 45 | S13: 0 | T13: 207515 | U13: 40 | W13: 0 | X13: 10162 | Z13: 0 | AA13: 2264 | AC13: 0 | AD13: 241 | AF13: 0 | AG13: 1273 | AI13: 0 | AJ13: 144 | AM13: 0 | AN13: 583 | AQ13: 0 | AR13: 280 | AS13: 3 | AT13: 6 | AW13: 121.886 | AX13: 624 | AY13: 1 | AZ13: 31182.556 | BA13: 48.222222 | BB13: 5397.4444 | BC13: 151.55556 | BD13: 0 | BE13: 318414.29 | BF13: 47859.571 | BG13: 7404.5714 | BH13: 17413.143 | BI13: 9565.7143
A14: 10 | B14: 00:00 | D14: 379619 | E14: 1390 | F14: 7114 | G14: 1 | H14: 116457 | I14: 175 | J14: 630265 | K14: 167 | M14: #DIV/0! | N14: 15135 | O14: 8 | P14: 100571 | Q14: 8 | R14: 45 | S14: 0 | T14: 207550 | U14: 35 | W14: 0 | X14: 10416 | Z14: 0 | AA14: 2397 | AC14: 0 | AD14: 212 | AF14: 0 | AG14: 1446 | AI14: 0 | AJ14: 192 | AM14: 0 | AN14: 549 | AQ14: 0 | AR14: 288 | AS14: 1 | AT14: 8 | AW14: 121.88 | AX14: 633 | AY14: 9 | AZ14: 32373.3 | BA14: 46.5 | BB14: 5400.2 | BC14: 161.2 | BD14: 0 | BE14: 318974.5 | BF14: 48301.875 | BG14: 7223 | BH14: 17363.875 | BI14: 9486
A15: 11 | B15: 00:00 | D15: 381069 | E15: 1450 | F15: 7115 | G15: 1 | H15: 116605 | I15: 148 | J15: 630407 | K15: 142 | M15: #DIV/0! | N15: 15142 | O15: 7 | P15: 100593 | Q15: 22 | R15: 45 | S15: 0 | T15: 207585 | U15: 35 | W15: 0 | X15: 10752 | Z15: 0 | AA15: 2334 | AC15: 0 | AD15: 220 | AF15: 0 | AG15: 1343 | AI15: 0 | AJ15: 208 | AM15: 0 | AN15: 580 | AQ15: 0 | AR15: 256 | AS15: 1 | AT15: 5 | AW15: 121.88 | AX15: 635 | AY15: 2 | AZ15: 33516.636 | BA15: 45.090909 | BB15: 5326.3636 | BC15: 166.27273 | BD15: 0 | BE15: 320567.56 | BF15: 48318.667 | BG15: 7136.8889 | BH15: 17432.333 | BI15: 9313.7778
A16: 12 | B16: 00:00 | D16: 382650 | E16: 1581 | F16: 7116.4 | G16: 1.4 | H16: 116771 | I16: 166 | J16: 630566 | K16: 159 | M16: #DIV/0! | N16: 15148 | O16: 6 | P16: 100608 | Q16: 15 | R16: 45 | S16: 0 | T16: 207625 | U16: 40 | W16: 0 | X16: 10894 | Z16: 0 | AA16: 1917 | AC16: 0 | AD16: 220 | AF16: 0 | AG16: 1258 | AI16: 0 | AJ16: 224 | AM16: 0 | AN16: 556 | AQ16: 0 | AR16: 232 | AS16: -1 | AT16: 5 | AW16: 121.88 | AX16: 635 | AY16: 0 | AZ16: 34807.833 | BA16: 44.95 | BB16: 5311.3333 | BC16: 167.91667 | BD16: 0 | BE16: 322282.2 | BF16: 48068.6 | BG16: 7117.6 | BH16: 17412.7 | BI16: 9101.6
A17: 13 | B17: 00:00 | D17: 384194 | E17: 1544 | F17: 7120.4 | G17: 4 | H17: 116944 | I17: 173 | J17: 630731 | K17: 165 | M17: #DIV/0! | N17: 15154 | O17: 6 | P17: 100624 | Q17: 16 | R17: 45 | S17: 0 | T17: 207659 | U17: 34 | W17: 0 | X17: 10518 | Z17: 0 | AA17: 1686 | AC17: 0 | AD17: 216 | AF17: 0 | AG17: 1317 | AI17: 0 | AJ17: 232 | AM17: 0 | AN17: 541 | AQ17: 0 | AR17: 216 | AS17: -1 | AT17: 3 | AW17: 121.88 | AX17: 637 | AY17: 2 | AZ17: 35812.154 | BA17: 51.030769 | BB17: 5315.3077 | BC17: 169.30769 | BD17: 0 | BE17: 322625.45 | BF17: 48019 | BG17: 7124.3636 | BH17: 17354.364 | BI17: 8882.9091
... A21: 17 | B21: 00:00 | D21: 389124 | E21: 1088 | F21: 7129 | G21: 0.27 | H21: 117661 | I21: 180 | J21: 631418 | K21: 172 | M21: #DIV/0! | N21: 15176 | O21: 4 | P21: 100682 | Q21: 16 | R21: 46 | S21: 0 | T21: 207832 | U21: 52 | W21: 0 | X21: 10700 | Z21: 0 | AA21: 1966 | AC21: 0 | AD21: 220 | AF21: 0 | AG21: 1298 | AI21: 0 | AJ21: 352 | AM21: 0 | AN21: 561 | AQ21: 0 | AR21: 288 | AS21: 3 | AT21: 6 | AW21: 121.88 | AX21: 640 | AY21: 0 | AZ21: 36375.765 | BA21: 54.705882 | BB21: 5372.1176 | BC21: 169.58824 | BD21: 0 | BE21: 326225.4 | BF21: 48045.867 | BG21: 7671.4667 | BH21: 17707.2 | BI21: 8779.2
A22: 18 | B22: 00:00 | C22: off. Imp. Analisi e dosaggio T.EV | D22: 390124 | E22: 1000 | F22: 7130 | G22: 1 | H22: 117823 | I22: 162 | J22: 631574 | K22: 156 | M22: #DIV/0! | N22: 15176 | O22: 0 | P22: 100698 | Q22: 16 | R22: 46 | S22: 0 | T22: 207871 | U22: 39 | W22: 0 | X22: 10732 | Z22: 0 | AA22: 1963 | AC22: 0 | AD22: 243 | AF22: 0 | AG22: 1250 | AI22: 0 | AJ22: 224 | AM22: 0 | AN22: 618 | AQ22: 0 | AR22: 264 | AS22: 3 | AT22: 8 | AW22: 121.88 | AX22: 640 | AY22: 0 | AZ22: 36077.111 | BA22: 53.388889 | BB22: 5352.6667 | BC22: 160.16667 | BD22: 0 | BE22: 326629.56 | BF22: 47935.688 | BG22: 7626 | BH22: 17797.875 | BI22: 8742
A23: 19 | B23: 00:00 | D23: 391119 | E23: 995 | F23: 7130 | G23: 0 | H23: 117991 | I23: 168 | J23: 631733 | K23: 159 | M23: #DIV/0! | N23: 15176 | O23: 0 | P23: 100712 | Q23: 14 | R23: 46 | S23: 0 | T23: 207904 | U23: 33 | W23: 0 | X23: 10369 | Z23: 0 | AA23: 1914 | AC23: 0 | AD23: 250 | AF23: 0 | AG23: 1227 | AI23: 0 | AJ23: 176 | AM23: 0 | AN23: 568 | AQ23: 0 | AR23: 304 | AS23: 3 | AT23: 6 | AW23: 121.88 | AX23: 640 | AY23: 0 | AZ23: 35801.737 | BA23: 50.578947 | BB23: 5345.0526 | BC23: 151.73684 | BD23: 0 | BE23: 326324.24 | BF23: 47809.294 | BG23: 7498.3529 | BH23: 17786.706 | BI23: 8782.1176
A24: 20 | B24: 00:00 | D24: 392171 | E24: 1052 | F24: 7130 | G24: 0 | H24: 118148 | I24: 157 | J24: 631886 | K24: 153 | M24: #DIV/0! | N24: 15176 | O24: 0 | P24: 100729 | Q24: 17 | R24: 46 | S24: 0 | T24: 207948 | U24: 44 | V24: 5915.073 | W24: 13013161 | X24: 10611 | Y24: 1120.988 | Z24: 2466173.6 | AA24: 1963 | AB24: 1788282 | AC24: 1788282 | AD24: 230 | AE24: 5326288 | AF24: 5326288 | AG24: 1266 | AH24: 34398 | AI24: 2751840 | AJ24: 176 | AL24: 273663 | AM24: 273663 | AN24: 605 | AP24: 47188 | AQ24: 3775040 | AR24: 288 | AS24: 4 | AT24: 7 | AW24: 121.88 | AX24: 641 | AY24: 1 | AZ24: 35642.25 | BA24: 48.05 | BB24: 5321.15 | BC24: 144.15 | BD24: 362595.53 | BE24: 326469.61 | BF24: 47729.667 | BG24: 7384.8889 | BH24: 17840.5 | BI24: 8790.2222
A25: 21 | B25: 00:00 | C25: Valvola T1 di reintegro acqua da regolare | D25: 393184 | E25: 1013 | F25: 7130 | G25: 0 | H25: 118310 | I25: 162 | J25: 632039 | K25: 153 | M25: #DIV/0! | N25: 15178 | O25: 2 | P25: 100744 | Q25: 15 | R25: 46 | S25: 0 | T25: 207995 | U25: 47 | W25: 0 | X25: 10597 | Z25: 0 | AA25: 2189 | AC25: 0 | AD25: 228 | AF25: 0 | AG25: 1291 | AI25: 0 | AJ25: 168 | AM25: 0 | AN25: 568 | AQ25: 0 | AR25: 272 | AS25: 4 | AT25: 8 | AW25: 121.88 | AX25: 643 | AY25: 2 | AZ25: 35440.381 | BA25: 45.761905 | BB25: 5306.9048 | BC25: 140.2381 | BD25: 0 | BE25: 326576.84 | BF25: 47695.947 | BG25: 7270.3158 | BH25: 17828.263 | BI25: 8771.3684
A26: 22 | B26: 00:00 | D26: 394022 | E26: 838 | F26: 7130 | G26: 0 | H26: 118497 | I26: 187 | J26: 632219 | K26: 180 | M26: #DIV/0! | N26: 15183 | O26: 5 | P26: 100760 | Q26: 16 | R26: 47 | S26: 1 | T26: 208032 | U26: 37 | W26: 0 | X26: 10519 | Z26: 0 | AA26: 2360 | AC26: 0 | AD26: 243 | AF26: 0 | AG26: 1154 | AI26: 0 | AJ26: 200 | AM26: 0 | AN26: 564 | AQ26: 0 | AR26: 312 | AS26: 4 | AT26: 8 | AW26: 121.88 | AX26: 644 | AY26: 1 | AZ26: 35010.273 | BA26: 43.681818 | BB26: 5329.1818 | BC26: 140.90909 | BD26: 0 | BE26: 326552.45 | BF26: 47476.5 | BG26: 7216.8 | BH26: 17811.05 | BI26: 8816.4
A27: 23 | B27: 00:00 | C27: Valvola VM 12 fila-impostato caldaie a 65° | D27: 395069 | E27: 1047 | F27: 7130 | G27: 0 | H27: 118673 | I27: 176 | J27: 632387 | K27: 168 | M27: #DIV/0! | N27: 15190 | O27: 7 | P27: 100777 | Q27: 17 | R27: 47 | S27: 0 | T27: 208084 | U27: 52 | W27: 0 | X27: 10671 | Z27: 0 | AA27: 2391 | AC27: 0 | AD27: 232 | AF27: 0 | AG27: 1264 | AI27: 0 | AJ27: 200 | AM27: 0 | AN27: 540 | AQ27: 0 | AR27: 344 | AS27: 5 | AT27: 9 | AW27: 121.89 | AX27: 644 | AY27: 0 | AZ27: 34899.261 | BA27: 41.782609 | BB27: 5334.6957 | BC27: 144.21739 | BD27: 0 | BE27: 326754.76 | BF27: 47424.095 | BG27: 7168.381 | BH27: 17760.048 | BI27: 8904.381
A28: 24 | B28: 00:00 | D28: 395794 | E28: 725 | F28: 7133 | G28: 3 | H28: 118815 | I28: 142 | J28: 632523 | K28: 136 | M28: #DIV/0! | N28: 15195 | O28: 5 | P28: 100793 | Q28: 16 | R28: 47 | S28: 0 | T28: 208123 | U28: 39 | W28: 0 | X28: 10642 | Z28: 0 | AA28: 2597 | AC28: 0 | AD28: 254 | AF28: 0 | AG28: 1195 | AI28: 0 | AJ28: 176 | AM28: 0 | AN28: 551 | AQ28: 0 | AR28: 216 | AS28: 7 | AT28: 9 | AW28: 121.896 | AX28: 645 | AY28: 1 | AZ28: 34381.583 | BA28: 43.916667 | BB28: 5295.8333 | BC28: 144.66667 | BD28: 0 | BE28: 326897.82 | BF28: 47310.227 | BG28: 7090.5455 | BH28: 17729.182 | BI28: 8804
A29: 25 | B29: 00:00 | D29: 396506 | E29: 712 | F29: 7133 | G29: 0 | H29: 118955 | I29: 140 | J29: 632655 | K29: 132 | M29: #DIV/0! | N29: 15201 | O29: 6 | P29: 100808 | Q29: 15 | R29: 47 | S29: 0 | T29: 208161 | U29: 38 | W29: 0 | X29: 10513 | Z29: 0 | AA29: 2635 | AC29: 0 | AD29: 223 | AF29: 0 | AG29: 1186 | AI29: 0 | AJ29: 160 | AM29: 0 | AN29: 587 | AQ29: 0 | AR29: 192 | AS29: 9 | AT29: 11 | AW29: 121.896 | AX29: 645 | AY29: 0 | AZ29: 33889.2 | BA29: 42.16 | BB29: 5257.6 | BC29: 146.32 | BD29: 0 | BE29: 326854.57 | BF29: 47152.348 | BG29: 6997.913 | BH29: 17749.522 | BI29: 8680
A30: 26 | B30: 00:00 | D30: 397218 | E30: 712 | F30: 7133 | G30: 0 | H30: 119107 | I30: 152 | J30: 632800 | K30: 145 | M30: #DIV/0! | N30: 15207 | O30: 6 | P30: 100824 | Q30: 16 | R30: 47 | S30: 0 | T30: 208203 | U30: 42 | W30: 0 | X30: 10375 | Z30: 0 | AA30: 2595 | AC30: 0 | AD30: 222 | AF30: 0 | AG30: 1108 | AI30: 0 | AJ30: 160 | AM30: 0 | AN30: 563 | AQ30: 0 | AR30: 192 | AS30: 8 | AT30: 11 | AW30: 121.896 | AX30: 646 | AY30: 1 | AZ30: 33434.692 | BA30: 40.538462 | BB30: 5236.6154 | BC30: 147.84615 | BD30: 0 | BE30: 326636.67 | BF30: 46905.583 | BG30: 6913 | BH30: 17737.167 | BI30: 8566.3333
A31: 27 | B31: 00:00 | D31: 397962 | E31: 744 | F31: 7133 | G31: 0 | H31: 119259 | I31: 152 | J31: 632945 | K31: 145 | M31: #DIV/0! | N31: 15212 | O31: 5 | P31: 100837 | Q31: 13 | R31: 47 | S31: 0 | T31: 208239 | U31: 36 | W31: 0 | X31: 10327 | Z31: 0 | AA31: 2536 | AC31: 0 | AD31: 248 | AF31: 0 | AG31: 1171 | AI31: 0 | AJ31: 136 | AM31: 0 | AN31: 514 | AQ31: 0 | AR31: 264 | AS31: 8 | AT31: 12 | AW31: 121.896 | AX31: 646 | AY31: 0 | AZ31: 33050.593 | BA31: 39.037037 | BB31: 5217.1852 | BC31: 148.11111 | BD31: 0 | BE31: 326376.68 | BF31: 46788.92 | BG31: 6805.12 | BH31: 17665.04 | BI31: 8551.04
A32: 28 | B32: 00:00 | D32: 398706 | E32: 744 | F32: 7135 | G32: 2 | H32: 119408 | I32: 149 | J32: 633088 | K32: 143 | M32: #DIV/0! | N32: 15216 | O32: 4 | P32: 100852 | Q32: 15 | R32: 47 | S32: 0 | T32: 208279 | U32: 40 | W32: 0 | X32: 10482 | Z32: 0 | AA32: 2576 | AC32: 0 | AD32: 221 | AF32: 0 | AG32: 1173 | AI32: 0 | AJ32: 168 | AM32: 0 | AN32: 538 | AQ32: 0 | AR32: 280 | AS32: 9 | AT32: 13 | AW32: 121.89 | AX32: 646 | AY32: 0 | AZ32: 32693.929 | BA32: 39.857143 | BB32: 5195.8214 | BC32: 147.25 | BD32: 0 | BE32: 326321.5 | BF32: 46651.423 | BG32: 6743.6923 | BH32: 17627.077 | BI32: 8556
A33: 29 | B33: 00:00 | D33: 399482 | E33: 776 | F33: 7135 | G33: 0 | H33: 119568 | I33: 160 | J33: 633240 | K33: 152 | M33: #DIV/0! | N33: 15218 | O33: 2 | P33: 100868 | Q33: 16 | R33: 47 | S33: 0 | T33: 208323 | U33: 44 | W33: 0 | X33: 10365 | Z33: 0 | AA33: 2531 | AC33: 0 | AD33: 241 | AF33: 0 | AG33: 1052 | AI33: 0 | AJ33: 152 | AM33: 0 | AN33: 536 | AQ33: 0 | AR33: 304 | AS33: 10 | AT33: 13 | AW33: 121.89 | AX33: 647 | AY33: 1 | AZ33: 32396.069 | BA33: 38.482759 | BB33: 5187.6897 | BC33: 144.31034 | BD33: 0 | BE33: 326136.07 | BF33: 46408.148 | BG33: 6668.4444 | BH33: 17589.63 | BI33: 8588.1481
A34: 30 | B34: 00:00 | D34: 400276 | E34: 794 | F34: 7135 | G34: 0 | H34: 119714 | I34: 146 | J34: 633380 | K34: 140 | M34: #DIV/0! | N34: 15219 | O34: 1 | P34: 100883 | Q34: 15 | R34: 47 | S34: 0 | T34: 208362 | U34: 39 | W34: 0 | X34: 10386 | Z34: 0 | AA34: 2498 | AC34: 0 | AD34: 230 | AF34: 0 | AG34: 1070 | AI34: 0 | AJ34: 144 | AM34: 0 | AN34: 548 | AQ34: 0 | AR34: 256 | AS34: 9 | AT34: 13 | AW34: 121.89 | AX34: 648 | AY34: 1 | AZ34: 32136.667 | BA34: 37.2 | BB34: 5165.6333 | BC34: 140.53333 | BD34: 0 | BE34: 325987.14 | BF34: 46190 | BG34: 6589.7143 | BH34: 17568.143 | BI34: 8564.8571
A35: 31 | B35: 00:00 | D35: 401065 | E35: 789 | F35: 7136 | G35: 1 | H35: 119857 | I35: 143 | J35: 633517 | K35: 137 | M35: #DIV/0! | N35: 15220 | O35: 1 | P35: 100903 | Q35: 20 | R35: 47 | S35: 0 | T35: 208414 | U35: 52 | V35: 5972.8 | W35: 13140160 | X35: 10519 | Y35: 1134.7 | Z35: 2496340 | AA35: 2535 | AB35: 1790862 | AC35: 1790862 | AD35: 241 | AE35: 5339095 | AF35: 5339095 | AG35: 1144 | AH35: 34421 | AI35: 2753680 | AJ35: 160 | AL35: 279811 | AM35: 279811 | AN35: 627 | AP35: 47225 | AQ35: 3778000 | AR35: 288 | AS35: 7 | AT35: 10 | AW35: 121.89 | AX35: 650 | AZ35: 31889 | BA35: 37 | BB35: 5142 | BC35: 137 | BD35: 360932 | BE35: 325990.66 | BF35: 46077.759 | BG35: 6533.5172 | BH35: 17632.586 | BI35: 8577.3793
A36: TOTALE | D36: =D35-D4 -> 31889 | F36: =F35-F4 -> 37 | H36: =H35-H4 -> 5142 | N36: =N35-N4 -> 137 | P36: =P35-P5 -> 482 | R36: =R35-R5 -> 3 | T36: =T35-T5 -> 1236 | V36: =SUM(+V35-V4)*2200 -> 360932 | X36: =SUM(X5:X35) -> 327706 | Y36: =Y35-Y4 -> 33.557 | AA36: =SUM(Y4:Y36) -> 3390.388 | AB36: =SUM(+AB35-AB4) -> 7164.2 | AD36: =SUM(AD5:AD35) -> 7156 | AE36: =SUM(+AE35-AE4) -> 39050 | AG36: =SUM(AG5:AG35) -> 39002 | AH36: =SUM(+AH35-AH4)*80 -> 6664 | AJ36: =SUM(AJ4:AJ35) -> 6656 | AL36: =AL35-AL4 -> 17701.7 | AN36: =SUM(AN5:AN35) -> 17686 | AP36: =SUM(+AP35-AP4)*80 -> 8264 | AR36: =SUM(AR5:AR35) -> 8512 | AS36: =AVERAGE(AS5:AS35) -> 3.9032258 | AT36: =AVERAGE(AT5:AT35) -> 8.1935484 | AX36: =AX35-AX5 -> 36
A37: CONSUMI
AB38: =AD36+AG36 -> 46158 | AJ38: =AB38+AJ36 -> 52814
