Workbook

Sheet TOTAL
A1: Site Name | B1: Day | C1: Month | D1: Year | E1: Total Electricity Kwh | F1: Electricity Tariff ($/Kwh) | G1: Natual Gas (m3) | H1: Natural Gas $/m3 | I1: Water Utility Supply (m3) m3 | J1: Water Utility Supply (m3) $/m3 | K1: District Energy Cooling Kwh | L1: District Energy Cooling $/Kwh | M1: Room Nights | N1: Total Guests | O1: Utilities day cost dh
A2: Guangzhou | B2: 1 | C2: 1 | D2: 2023 | E2: ='总计 '!O5 -> 34624 | F2: 0.7182 | G2: ='总计 '!H5 -> 2249 | H2: 3.62 | I2: ='总计 '!S5 -> 447 | J2: 4.86 | K2: ='总计 '!M5*1000 -> 4000 | L2: 0.42 | M2: =('总计 '!D5/100)*344 -> 258.9976 | N2: ='[1]Consommation mensuel énergie'!E10 -> 0 | O2: =E2*F2+G2*H2+#REF!*#REF!+I2*J2 -> #REF!
A3: Guangzhou | B3: =B2+1 -> 2 | C3: 1 | D3: 2023 | E3: ='总计 '!O6 -> 34824 | F3: 0.7182 | G3: ='总计 '!H6 -> 1978 | H3: =H2 -> 3.62 | I3: ='总计 '!S6 -> 363 | J3: =J2 -> 4.86 | K3: ='总计 '!M6*1000 -> 4000 | L3: 0.42 | M3: =('总计 '!D6/100)*344 -> 218.9904 | N3: ='[1]Consommation mensuel énergie'!E11 -> 0 | O3: =E3*F3+G3*H3+#REF!*#REF!+I3*J3 -> #REF!
A4: Guangzhou | B4: =B3+1 -> 3 | C4: 1 | D4: 2023 | E4: ='总计 '!O7 -> 32224 | F4: 0.7182 | G4: ='总计 '!H7 -> 2098 | H4: =H3 -> 3.62 | I4: ='总计 '!S7 -> 538 | J4: =J3 -> 4.86 | K4: ='总计 '!M7*1000 -> 5000 | L4: 0.42 | M4: =('总计 '!D7/100)*344 -> 181.0128 | N4: ='[1]Consommation mensuel énergie'!E12 -> 0 | O4: =E4*F4+G4*H4+#REF!*#REF!+I4*J4 -> #REF!
A5: Guangzhou | B5: =B4+1 -> 4 | C5: 1 | D5: 2023 | E5: ='总计 '!O8 -> 32424 | F5: 0.7182 | G5: ='总计 '!H8 -> 2005 | H5: =H4 -> 3.62 | I5: ='总计 '!S8 -> 504 | J5: =J4 -> 4.86 | K5: ='总计 '!M8*1000 -> 6000 | L5: 0.42 | M5: =('总计 '!D8/100)*344 -> 229.9984 | N5: ='[1]Consommation mensuel énergie'!E13 -> 0 | O5: =E5*F5+G5*H5+#REF!*#REF!+I5*J5 -> #REF!
A6: Guangzhou | B6: =B5+1 -> 5 | C6: 1 | D6: 2023 | E6: ='总计 '!O9 -> 37024 | F6: 0.7182 | G6: ='总计 '!H9 -> 2049 | H6: =H5 -> 3.62 | I6: ='总计 '!S9 -> 479 | J6: =J5 -> 4.86 | K6: ='总计 '!M9*1000 -> 6000 | L6: 0.42 | M6: =('总计 '!D9/100)*344 -> 239.0112 | N6: ='[1]Consommation mensuel énergie'!E14 -> 0 | O6: =E6*F6+G6*H6+#REF!*#REF!+I6*J6 -> #REF!
A7: Guangzhou | B7: =B6+1 -> 6 | C7: 1 | D7: 2023 | E7: ='总计 '!O10 -> 36424 | F7: 0.7182 | G7: ='总计 '!H10 -> 2037 | H7: =H6 -> 3.62 | I7: ='总计 '!S10 -> 572 | J7: =J6 -> 4.86 | K7: ='总计 '!M10*1000 -> 7000 | L7: 0.42 | M7: =('总计 '!D10/100)*344 -> 258 | N7: ='[1]Consommation mensuel énergie'!E15 -> 0 | O7: =E7*F7+G7*H7+#REF!*#REF!+I7*J7 -> #REF!
A8: Guangzhou | B8: =B7+1 -> 7 | C8: 1 | D8: 2023 | E8: ='总计 '!O11 -> 37324 | F8: 0.7182 | G8: ='总计 '!H11 -> 1926 | H8: =H7 -> 3.62 | I8: ='总计 '!S11 -> 549 | J8: =J7 -> 4.86 | K8: ='总计 '!M11*1000 -> 7000 | L8: 0.42 | M8: =('总计 '!D11/100)*344 -> 320.9864 | N8: ='[1]Consommation mensuel énergie'!E16 -> 0 | O8: =E8*F8+G8*H8+#REF!*#REF!+I8*J8 -> #REF!
A9: Guangzhou | B9: =B8+1 -> 8 | C9: 1 | D9: 2023 | E9: ='总计 '!O12 -> 37724 | F9: 0.7182 | G9: ='总计 '!H12 -> 2251 | H9: =H8 -> 3.62 | I9: ='总计 '!S12 -> 740 | J9: =J8 -> 4.86 | K9: ='总计 '!M12*1000 -> 8000 | L9: 0.42 | M9: =('总计 '!D12/100)*344 -> 244.9968 | N9: ='[1]Consommation mensuel énergie'!E17 -> 0 | O9: =E9*F9+G9*H9+#REF!*#REF!+I9*J9 -> #REF!
A10: Guangzhou | B10: =B9+1 -> 9 | C10: 1 | D10: 2023 | E10: ='总计 '!O13 -> 37324 | F10: 0.7182 | G10: ='总计 '!H13 -> 2002 | H10: =H9 -> 3.62 | I10: ='总计 '!S13 -> 568 | J10: =J9 -> 4.86 | K10: ='总计 '!M13*1000 -> 8000 | L10: 0.42 | M10: =('总计 '!D13/100)*344 -> 252.0144 | N10: ='[1]Consommation mensuel énergie'!E18 -> 0 | O10: =E10*F10+G10*H10+#REF!*#REF!+I10*J10 -> #REF!
A11: Guangzhou | B11: =B10+1 -> 10 | C11: 1 | D11: 2023 | E11: ='总计 '!O14 -> 36424 | F11: 0.7182 | G11: ='总计 '!H14 -> 2187 | H11: =H10 -> 3.62 | I11: ='总计 '!S14 -> 560 | J11: =J10 -> 4.86 | K11: ='总计 '!M14*1000 -> 9000 | L11: 0.42 | M11: =('总计 '!D14/100)*344 -> 277.9864 | N11: ='[1]Consommation mensuel énergie'!E19 -> 0 | O11: =E11*F11+G11*H11+#REF!*#REF!+I11*J11 -> #REF!
A12: Guangzhou | B12: =B11+1 -> 11 | C12: 1 | D12: 2023 | E12: ='总计 '!O15 -> 37124 | F12: 0.7182 | G12: ='总计 '!H15 -> 2480 | H12: =H11 -> 3.62 | I12: ='总计 '!S15 -> 660 | J12: =J11 -> 4.86 | K12: ='总计 '!M15*1000 -> 9000 | L12: 0.42 | M12: =('总计 '!D15/100)*344 -> 295.0144 | N12: ='[1]Consommation mensuel énergie'!E20 -> 0 | O12: =E12*F12+G12*H12+#REF!*#REF!+I12*J12 -> #REF!
A13: Guangzhou | B13: =B12+1 -> 12 | C13: 1 | D13: 2023 | E13: ='总计 '!O16 -> 37924 | F13: 0.7182 | G13: ='总计 '!H16 -> 2475 | H13: =H12 -> 3.62 | I13: ='总计 '!S16 -> 675 | J13: =J12 -> 4.86 | K13: ='总计 '!M16*1000 -> 9000 | L13: 0.42 | M13: =('总计 '!D16/100)*344 -> 294.4296 | N13: ='[1]Consommation mensuel énergie'!E21 -> 0 | O13: =E13*F13+G13*H13+#REF!*#REF!+I13*J13 -> #REF!
A14: Guangzhou | B14: =B13+1 -> 13 | C14: 1 | D14: 2023 | E14: ='总计 '!O17 -> 39524 | F14: 0.7182 | G14: ='总计 '!H17 -> 2455 | H14: =H13 -> 3.62 | I14: ='总计 '!S17 -> 687 | J14: =J13 -> 4.86 | K14: ='总计 '!M17*1000 -> 11000 | L14: 0.42 | M14: =('总计 '!D17/100)*344 -> 293.26 | N14: ='[1]Consommation mensuel énergie'!E22 -> 0 | O14: =E14*F14+G14*H14+#REF!*#REF!+I14*J14 -> #REF!
... A29: Guangzhou | B29: =B28+1 -> 28 | C29: 1 | D29: 2023 | E29: ='总计 '!O32 -> 37928 | F29: 0.7182 | G29: ='总计 '!H32 -> 3013 | H29: =H28 -> 3.62 | I29: ='总计 '!S32 -> 633 | J29: =J28 -> 4.86 | K29: ='总计 '!M32*1000 -> 3000 | L29: 0.42 | M29: =('总计 '!D32/100)*344 -> 323.016 | N29: ='[1]Consommation mensuel énergie'!E37 -> 0 | O29: =E29*F29+G29*H29+#REF!*#REF!+I29*J29 -> #REF!
A30: Guangzhou | B30: =B29+1 -> 29 | C30: 1 | D30: 2023 | E30: ='总计 '!O33 -> 37924 | F30: 0.7182 | G30: ='总计 '!H33 -> 2799 | H30: =H29 -> 3.62 | I30: ='总计 '!S33 -> 779 | J30: =J29 -> 4.86 | K30: ='总计 '!M33*1000 -> 3000 | L30: 0.42 | M30: =('总计 '!D33/100)*344 -> 341.0072 | N30: 0
A31: Guangzhou | B31: =B30+1 -> 30 | C31: 1 | D31: 2023 | E31: ='总计 '!O34 -> 37424 | F31: 0.7182 | G31: ='总计 '!H34 -> 2794 | H31: =H30 -> 3.62 | I31: ='总计 '!S34 -> 667 | J31: =J30 -> 4.86 | K31: ='总计 '!M34*1000 -> 3000 | L31: 0.42 | M31: =('总计 '!D34/100)*344 -> 332.9576 | N31: 0
A32: Guangzhou | B32: =B31+1 -> 31 | C32: 1 | D32: 2023 | E32: ='总计 '!O35 -> 37724 | F32: 0.7182 | G32: ='总计 '!H35 -> 2909 | H32: =H31 -> 3.62 | I32: ='总计 '!S35 -> 462 | J32: =J31 -> 4.86 | K32: ='总计 '!M35*1000 -> 4000 | L32: 1.42 | M32: =('总计 '!D35/100)*344 -> 290.9896 | N32: 0

Sheet 总计 
A1: UTILITIES CONSUMPTION REPORT(2023-1) 电费从2022年8月1号开始改为0.6963/Kwh，天然气从2023年1月20号开始改为4.6/m³
A2: DATE 日期 | B2: Out door Temp℃ 户外温度 | C2: Event Cover 宴会 人数 | D2: RoomOcc.% 客房率 | E2: Kitchen Gas厨房燃气 | F2: Boiler Gas 蒸汽锅炉燃气 | G2: Boiler Gas热水锅炉燃气 | H2: General Gas 总天然气 (RMB4.6/m³) | J2: Chiller Electricity 制冷主机用电 | K2: 裙楼用电（每月10.30号抄表） | L2: Tower electricity 主塔用电 | M2: Podium AC Consumption 裙楼空调用量 （RMB275.066/Mw/h+每日人工费等1655/日） | O2: General electricity总电量 (RMB0.7182/Kwh) | Q2: 主塔用水 | R2: 裙楼用水 （每月10.30日抄表） | S2: 总用水 RMB*4.7592 | U2: Daily Total Utility Expense(RMB) 每日能耗总费用
E4: Totalgas(m³) | F4: Totalgas(m³) | G4: Totalgas(m³) | H4: Totalgas(m³) | I4: Total RMB | J4: (KWH) | K4: (KWH) | L4: (KWH) | M4: Total (Mw/h0 | N4: Total RMB | O4: Total electric (KWH) | P4: Total RMB | Q4: Water (m3) | R4: Water(m3) | S4: Total Water(m3) | T4: Total RMB
A5: 1 | B5: 10\19 | C5: 250 | D5: 75.29 | E5: =SUM([2]厨房燃气!BH7) -> 403 | F5: =SUM('[2]B1 & 102F 锅炉房'!C7) -> 1033 | G5: =SUM('[2]B1 & 102F 锅炉房'!H7) -> 813 | H5: =SUM(G5+F5+E5) -> 2249 | I5: =IF(H5>0,H5*3.62,0) -> 8141.38 | J5: =SUM([2]主塔楼空调用电量!V4) -> 2441 | K5: 10524 | L5: =SUM('[2]68F 高压F13&F30'!F7) -> 24100 | M5: =SUM([2]裙楼空调用量!L4) -> 4 | N5: =IF(M5*417>0,M5*275.066+1655) -> 2755.264 | O5: =K5+L5 -> 34624 | P5: =O5*0.7182 -> 24866.957 | Q5: =SUM('[2]B4 水表'!C7) -> 403 | R5: 44 | S5: =Q5+R5 -> 447 | T5: =S5*4.86 -> 2172.42 | U5: =SUM(I5+N5+P5+T5) -> 37936.021
A6: 2 | B6: 12\19 | C6: 185 | D6: 63.66 | E6: =SUM([2]厨房燃气!BH8) -> 247 | F6: =SUM('[2]B1 & 102F 锅炉房'!C8) -> 940 | G6: =SUM('[2]B1 & 102F 锅炉房'!H8) -> 791 | H6: =SUM(G6+F6+E6) -> 1978 | I6: =IF(H6>0,H6*3.62,0) -> 7160.36 | J6: =SUM([2]主塔楼空调用电量!V5) -> 2223 | K6: 10524 | L6: =SUM('[2]68F 高压F13&F30'!F8) -> 24300 | M6: =SUM([2]裙楼空调用量!L5) -> 4 | N6: =IF(M6*417>0,M6*275.066+1655) -> 2755.264 | O6: =K6+L6 -> 34824 | P6: =O6*0.7182 -> 25010.597 | Q6: =SUM('[2]B4 水表'!C8) -> 319 | R6: 44 | S6: =Q6+R6 -> 363 | T6: =S6*4.7592 -> 1727.5896 | U6: =SUM(I6+N6+P6+T6) -> 36653.81
A7: 3 | B7: 12\20 | C7: 0 | D7: 52.62 | E7: =SUM([2]厨房燃气!BH9) -> 282 | F7: =SUM('[2]B1 & 102F 锅炉房'!C9) -> 981 | G7: =SUM('[2]B1 & 102F 锅炉房'!H9) -> 835 | H7: =SUM(G7+F7+E7) -> 2098 | I7: =IF(H7>0,H7*3.62,0) -> 7594.76 | J7: =SUM([2]主塔楼空调用电量!V6) -> 2663 | K7: 10524 | L7: =SUM('[2]68F 高压F13&F30'!F9) -> 21700 | M7: =SUM([2]裙楼空调用量!L6) -> 5 | N7: =IF(M7*417>0,M7*275.066+1655) -> 3030.33 | O7: =K7+L7 -> 32224 | P7: =O7*0.7182 -> 23143.277 | Q7: =SUM('[2]B4 水表'!C9) -> 494 | R7: 44 | S7: =Q7+R7 -> 538 | T7: =S7*4.7592 -> 2560.4496 | U7: =SUM(I7+N7+P7+T7) -> 36328.816
A8: 4 | B8: 13\18 | C8: 217 | D8: 66.86 | E8: =SUM([2]厨房燃气!BH10) -> 415 | F8: =SUM('[2]B1 & 102F 锅炉房'!C10) -> 987 | G8: =SUM('[2]B1 & 102F 锅炉房'!H10) -> 603 | H8: =SUM(G8+F8+E8) -> 2005 | I8: =IF(H8>0,H8*3.62,0) -> 7258.1 | J8: =SUM([2]主塔楼空调用电量!V7) -> 2180 | K8: 10524 | L8: =SUM('[2]68F 高压F13&F30'!F10) -> 21900 | M8: =SUM([2]裙楼空调用量!L7) -> 6 | N8: =IF(M8*417>0,M8*275.066+1655) -> 3305.396 | O8: =K8+L8 -> 32424 | P8: =O8*0.7182 -> 23286.917 | Q8: =SUM('[2]B4 水表'!C10) -> 460 | R8: 44 | S8: =Q8+R8 -> 504 | T8: =S8*4.7592 -> 2398.6368 | U8: =SUM(I8+N8+P8+T8) -> 36249.05
A9: 5 | B9: 12\22 | C9: 186 | D9: 69.48 | E9: =SUM([2]厨房燃气!BH11) -> 570 | F9: =SUM('[2]B1 & 102F 锅炉房'!C11) -> 976 | G9: =SUM('[2]B1 & 102F 锅炉房'!H11) -> 503 | H9: =SUM(G9+F9+E9) -> 2049 | I9: =IF(H9>0,H9*3.62,0) -> 7417.38 | J9: =SUM([2]主塔楼空调用电量!V8) -> 3940 | K9: 10524 | L9: =SUM('[2]68F 高压F13&F30'!F11) -> 26500 | M9: =SUM([2]裙楼空调用量!L8) -> 6 | N9: =IF(M9*417>0,M9*275.066+1655) -> 3305.396 | O9: =K9+L9 -> 37024 | P9: =O9*0.7182 -> 26590.637 | Q9: =SUM('[2]B4 水表'!C11) -> 435 | R9: 44 | S9: =Q9+R9 -> 479 | T9: =S9*4.7592 -> 2279.6568 | U9: =SUM(I9+N9+P9+T9) -> 39593.07
A10: 6 | B10: 12\22 | C10: 172 | D10: 75 | E10: =SUM([2]厨房燃气!BH12) -> 567 | F10: =SUM('[2]B1 & 102F 锅炉房'!C12) -> 955 | G10: =SUM('[2]B1 & 102F 锅炉房'!H12) -> 515 | H10: =SUM(G10+F10+E10) -> 2037 | I10: =IF(H10>0,H10*3.62,0) -> 7373.94 | J10: =SUM([2]主塔楼空调用电量!V9) -> 3429 | K10: 10524 | L10: =SUM('[2]68F 高压F13&F30'!F12) -> 25900 | M10: =SUM([2]裙楼空调用量!L9) -> 7 | N10: =IF(M10*417>0,M10*275.066+1655) -> 3580.462 | O10: =K10+L10 -> 36424 | P10: =O10*0.7182 -> 26159.717 | Q10: =SUM('[2]B4 水表'!C12) -> 528 | R10: 44 | S10: =Q10+R10 -> 572 | T10: =S10*4.7592 -> 2722.2624 | U10: =SUM(I10+N10+P10+T10) -> 39836.381
A11: 7 | B11: 14\22 | C11: 377 | D11: 93.31 | E11: =SUM([2]厨房燃气!BH13) -> 555 | F11: =SUM('[2]B1 & 102F 锅炉房'!C13) -> 1077 | G11: =SUM('[2]B1 & 102F 锅炉房'!H13) -> 294 | H11: =SUM(G11+F11+E11) -> 1926 | I11: =IF(H11>0,H11*3.62,0) -> 6972.12 | J11: =SUM([2]主塔楼空调用电量!V10) -> 3883 | K11: 10524 | L11: =SUM('[2]68F 高压F13&F30'!F13) -> 26800 | M11: =SUM([2]裙楼空调用量!L10) -> 7 | N11: =IF(M11*417>0,M11*275.066+1655) -> 3580.462 | O11: =K11+L11 -> 37324 | P11: =O11*0.7182 -> 26806.097 | Q11: =SUM('[2]B4 水表'!C13) -> 505 | R11: 44 | S11: =Q11+R11 -> 549 | T11: =S11*4.7592 -> 2612.8008 | U11: =SUM(I11+N11+P11+T11) -> 39971.48
A12: 8 | B12: 14\17 | C12: 0 | D12: 71.22 | E12: =SUM([2]厨房燃气!BH14) -> 573 | F12: =SUM('[2]B1 & 102F 锅炉房'!C14) -> 1081 | G12: =SUM('[2]B1 & 102F 锅炉房'!H14) -> 597 | H12: =SUM(G12+F12+E12) -> 2251 | I12: =IF(H12>0,H12*3.62,0) -> 8148.62 | J12: =SUM([2]主塔楼空调用电量!V11) -> 3358 | K12: 10524 | L12: =SUM('[2]68F 高压F13&F30'!F14) -> 27200 | M12: =SUM([2]裙楼空调用量!L11) -> 8 | N12: =IF(M12*417>0,M12*275.066+1655) -> 3855.528 | O12: =K12+L12 -> 37724 | P12: =O12*0.7182 -> 27093.377 | Q12: =SUM('[2]B4 水表'!C14) -> 696 | R12: 44 | S12: =Q12+R12 -> 740 | T12: =S12*4.7592 -> 3521.808 | U12: =SUM(I12+N12+P12+T12) -> 42619.333
A13: 9 | B13: 14\18 | C13: 135 | D13: 73.26 | E13: =SUM([2]厨房燃气!BH15) -> 549 | F13: =SUM('[2]B1 & 102F 锅炉房'!C15) -> 1093 | G13: =SUM('[2]B1 & 102F 锅炉房'!H15) -> 360 | H13: =SUM(G13+F13+E13) -> 2002 | I13: =IF(H13>0,H13*3.62,0) -> 7247.24 | J13: =SUM([2]主塔楼空调用电量!V12) -> 3267 | K13: 10524 | L13: =SUM('[2]68F 高压F13&F30'!F15) -> 26800 | M13: =SUM([2]裙楼空调用量!L12) -> 8 | N13: =IF(M13*417>0,M13*275.066+1655) -> 3855.528 | O13: =K13+L13 -> 37324 | P13: =O13*0.7182 -> 26806.097 | Q13: =SUM('[2]B4 水表'!C15) -> 524 | R13: 44 | S13: =Q13+R13 -> 568 | T13: =S13*4.7592 -> 2703.2256 | U13: =SUM(I13+N13+P13+T13) -> 40612.09
A14: 10 | B14: 15\18 | C14: 550 | D14: 80.81 | E14: =SUM([2]厨房燃气!BH16) -> 543 | F14: =SUM('[2]B1 & 102F 锅炉房'!C16) -> 1265 | G14: =SUM('[2]B1 & 102F 锅炉房'!H16) -> 379 | H14: =SUM(G14+F14+E14) -> 2187 | I14: =IF(H14>0,H14*3.62,0) -> 7916.94 | J14: =SUM([2]主塔楼空调用电量!V13) -> 2503 | K14: 10524 | L14: =SUM('[2]68F 高压F13&F30'!F16) -> 25900 | M14: =SUM([2]裙楼空调用量!L13) -> 9 | N14: =IF(M14*417>0,M14*275.066+1655) -> 4130.594 | O14: =K14+L14 -> 36424 | P14: =O14*0.7182 -> 26159.717 | Q14: =SUM('[2]B4 水表'!C16) -> 516 | R14: 44 | S14: =Q14+R14 -> 560 | T14: =S14*4.7592 -> 2665.152 | U14: =SUM(I14+N14+P14+T14) -> 40872.403
A15: 11 | B15: 16\20 | C15: 350 | D15: 85.76 | E15: =SUM([2]厨房燃气!BH17) -> 715 | F15: =SUM('[2]B1 & 102F 锅炉房'!C17) -> 1248 | G15: =SUM('[2]B1 & 102F 锅炉房'!H17) -> 517 | H15: =SUM(G15+F15+E15) -> 2480 | I15: =IF(H15>0,H15*3.62,0) -> 8977.6 | J15: =SUM([2]主塔楼空调用电量!V14) -> 2672 | K15: 10524 | L15: =SUM('[2]68F 高压F13&F30'!F17) -> 26600 | M15: =SUM([2]裙楼空调用量!L14) -> 9 | N15: =IF(M15*417>0,M15*275.066+1655) -> 4130.594 | O15: =K15+L15 -> 37124 | P15: =O15*0.7182 -> 26662.457 | Q15: =SUM('[2]B4 水表'!C17) -> 616 | R15: 44 | S15: =Q15+R15 -> 660 | T15: =S15*4.7592 -> 3141.072 | U15: =SUM(I15+N15+P15+T15) -> 42911.723
A16: 12 | B16: 19\26 | C16: 110 | D16: 85.59 | E16: =SUM([2]厨房燃气!BH18) -> 656 | F16: =SUM('[2]B1 & 102F 锅炉房'!C18) -> 1345 | G16: =SUM('[2]B1 & 102F 锅炉房'!H18) -> 474 | H16: =SUM(G16+F16+E16) -> 2475 | I16: =IF(H16>0,H16*3.62,0) -> 8959.5 | J16: =SUM([2]主塔楼空调用电量!V15) -> 3528 | K16: 10524 | L16: =SUM('[2]68F 高压F13&F30'!F18) -> 27400 | M16: =SUM([2]裙楼空调用量!L15) -> 9 | N16: =IF(M16*417>0,M16*275.066+1655) -> 4130.594 | O16: =K16+L16 -> 37924 | P16: =O16*0.7182 -> 27237.017 | Q16: =SUM('[2]B4 水表'!C18) -> 631 | R16: 44 | S16: =Q16+R16 -> 675 | T16: =S16*4.7592 -> 3212.46 | U16: =SUM(I16+N16+P16+T16) -> 43539.571
A17: 13 | B17: 19/26 | C17: 250 | D17: 85.25 | E17: =SUM([2]厨房燃气!BH19) -> 589 | F17: =SUM('[2]B1 & 102F 锅炉房'!C19) -> 1384 | G17: =SUM('[2]B1 & 102F 锅炉房'!H19) -> 482 | H17: =SUM(G17+F17+E17) -> 2455 | I17: =IF(H17>0,H17*3.62,0) -> 8887.1 | J17: =SUM([2]主塔楼空调用电量!V16) -> 4373 | K17: 10524 | L17: =SUM('[2]68F 高压F13&F30'!F19) -> 29000 | M17: =SUM([2]裙楼空调用量!L16) -> 11 | N17: =IF(M17*417>0,M17*275.066+1655) -> 4680.726 | O17: =K17+L17 -> 39524 | P17: =O17*0.7182 -> 28386.137 | Q17: =SUM('[2]B4 水表'!C19) -> 643 | R17: 44 | S17: =Q17+R17 -> 687 | T17: =S17*4.7592 -> 3269.5704 | U17: =SUM(I17+N17+P17+T17) -> 45223.533
... A20: 16 | B20: 6/14 | C20: 50 | D20: 82.51 | E20: =SUM([2]厨房燃气!BH22) -> 556 | F20: =SUM('[2]B1 & 102F 锅炉房'!C22) -> 1608 | G20: =SUM('[2]B1 & 102F 锅炉房'!H22) -> 963 | H20: =SUM(G20+F20+E20) -> 3127 | I20: =IF(H20>0,H20*3.62,0) -> 11319.74 | J20: =SUM([2]主塔楼空调用电量!V19) -> 786 | K20: 10524 | L20: =SUM('[2]68F 高压F13&F30'!F22) -> 23600 | M20: =SUM([2]裙楼空调用量!L19) -> 5 | N20: =IF(M20*417>0,M20*275.066+1655) -> 3030.33 | O20: =K20+L20 -> 34124 | P20: =O20*0.7182 -> 24507.857 | Q20: =SUM('[2]B4 水表'!C22) -> 555 | R20: 44 | S20: =Q20+R20 -> 599 | T20: =S20*4.7592 -> 2850.7608 | U20: =SUM(I20+N20+P20+T20) -> 41708.688
A21: 17 | B21: 6/15 | C21: 0 | D21: 82.56 | E21: =SUM([2]厨房燃气!BH23) -> 488 | F21: =SUM('[2]B1 & 102F 锅炉房'!C23) -> 1383 | G21: =SUM('[2]B1 & 102F 锅炉房'!H23) -> 868 | H21: =SUM(E21+F21+G21) -> 2739 | I21: =IF(H21>0,H21*3.62,0) -> 9915.18 | J21: =SUM([2]主塔楼空调用电量!V20) -> 1672 | K21: 10524 | L21: =SUM('[2]68F 高压F13&F30'!F23) -> 24900 | M21: =SUM([2]裙楼空调用量!L20) -> 4 | N21: =IF(M21*417>0,M21*275.066+1655) -> 2755.264 | O21: =K21+L21 -> 35424 | P21: =O21*0.7182 -> 25441.517 | Q21: =SUM('[2]B4 水表'!C23) -> 620 | R21: 44 | S21: =Q21+R21 -> 664 | T21: =S21*4.7592 -> 3160.1088 | U21: =SUM(I21+N21+P21+T21) -> 41272.07
A22: 18 | B22: 7/19 | C22: 0 | D22: 84.01 | E22: =SUM([2]厨房燃气!BH24) -> 564 | F22: =SUM('[2]B1 & 102F 锅炉房'!C24) -> 1371 | G22: =SUM('[2]B1 & 102F 锅炉房'!H24) -> 969 | H22: =SUM(G22+F22+E22) -> 2904 | I22: =IF(H22>0,H22*3.62,0) -> 10512.48 | J22: =SUM([2]主塔楼空调用电量!V21) -> 2335 | K22: 10524 | L22: =SUM('[2]68F 高压F13&F30'!F24) -> 26100 | M22: =SUM([2]裙楼空调用量!L21) -> 4 | N22: =IF(M22*417>0,M22*275.066+1655) -> 2755.264 | O22: =K22+L22 -> 36624 | P22: =O22*0.7182 -> 26303.357 | Q22: =SUM('[2]B4 水表'!C24) -> 539 | R22: 44 | S22: =Q22+R22 -> 583 | T22: =S22*4.7592 -> 2774.6136 | U22: =SUM(I22+N22+P22+T22) -> 42345.714
A23: 19 | B23: 8\20 | C23: 0 | D23: 78.2 | E23: =SUM([2]厨房燃气!BH25) -> 571 | F23: =SUM('[2]B1 & 102F 锅炉房'!C25) -> 1395 | G23: =SUM('[2]B1 & 102F 锅炉房'!H25) -> 811 | H23: =SUM(G23+F23+E23) -> 2777 | I23: =IF(H23>0,H23*3.62,0) -> 10052.74 | J23: =SUM([2]主塔楼空调用电量!V22) -> 3133 | K23: 10524 | L23: =SUM('[2]68F 高压F13&F30'!F25) -> 26200 | M23: =SUM([2]裙楼空调用量!L22) -> 5 | N23: =IF(M23*417>0,M23*275.066+1655) -> 3030.33 | O23: =K23+L23 -> 36724 | P23: =O23*0.7182 -> 26375.177 | Q23: =SUM('[2]B4 水表'!C25) -> 631 | R23: 44 | S23: =Q23+R23 -> 675 | T23: =S23*4.7592 -> 3212.46 | U23: =SUM(I23+N23+P23+T23) -> 42670.707
A24: 20 | B24: 11\21 | C24: 0 | D24: 78.2 | E24: =SUM([2]厨房燃气!BH26) -> 488 | F24: =SUM('[2]B1 & 102F 锅炉房'!C26) -> 1410 | G24: =SUM('[2]B1 & 102F 锅炉房'!H26) -> 469 | H24: =SUM(G24+F24+E24) -> 2367 | I24: =IF(H24>0,H24*3.62,0) -> 8568.54 | J24: =SUM([2]主塔楼空调用电量!V23) -> 3262 | K24: 10524 | L24: =SUM('[2]68F 高压F13&F30'!F26) -> 27600 | M24: =SUM([2]裙楼空调用量!L23) -> 6 | N24: =IF(M24*417>0,M24*275.066+1655) -> 3305.396 | O24: =K24+L24 -> 38124 | P24: =O24*0.7182 -> 27380.657 | Q24: =SUM('[2]B4 水表'!C26) -> 607 | R24: 44 | S24: =Q24+R24 -> 651 | T24: =S24*4.7592 -> 3098.2392 | U24: =SUM(I24+N24+P24+T24) -> 42352.832
A25: 21 | B25: 14/23 | C25: 80 | D25: 89.93 | E25: =SUM([2]厨房燃气!BH27) -> 547 | F25: =SUM('[2]B1 & 102F 锅炉房'!C27) -> 927 | G25: =SUM('[2]B1 & 102F 锅炉房'!H27) -> 249 | H25: =SUM(G25+F25+E25) -> 1723 | I25: =IF(H25>0,H25*3.62,0) -> 6237.26 | J25: =SUM([2]主塔楼空调用电量!V24) -> 3614 | K25: 10524 | L25: =SUM('[2]68F 高压F13&F30'!F27) -> 27700 | M25: =SUM([2]裙楼空调用量!L24) -> 4 | N25: =IF(M25*417>0,M25*275.066+1655) -> 2755.264 | O25: =K25+L25 -> 38224 | P25: =O25*0.7182 -> 27452.477 | Q25: =SUM('[2]B4 水表'!C27) -> 587 | R25: 44 | S25: =Q25+R25 -> 631 | T25: =S25*4.7592 -> 3003.0552 | U25: =SUM(I25+N25+P25+T25) -> 39448.056
A26: 22 | B26: 11\23 | C26: 80 | D26: 86.92 | E26: =SUM([2]厨房燃气!BH28) -> 509 | F26: =SUM('[2]B1 & 102F 锅炉房'!C28) -> 1398 | G26: =SUM('[2]B1 & 102F 锅炉房'!H28) -> 553 | H26: =SUM(G26+F26+E26) -> 2460 | I26: =IF(H26>0,H26*3.62,0) -> 8905.2 | J26: =SUM([2]主塔楼空调用电量!V25) -> 4174 | K26: 10524 | L26: =SUM('[2]68F 高压F13&F30'!F28) -> 27900 | M26: =SUM([2]裙楼空调用量!L25) -> 7 | N26: =IF(M26*417>0,M26*275.066+1655) -> 3580.462 | O26: =K26+L26 -> 38424 | P26: =O26*0.7182 -> 27596.117 | Q26: =SUM('[2]B4 水表'!C28) -> 498 | R26: 44 | S26: =Q26+R26 -> 542 | T26: =S26*4.7592 -> 2579.4864 | U26: =SUM(I26+N26+P26+T26) -> 42661.265
A27: 23 | B27: 6\14 | C27: 80 | D27: 97.67 | E27: =SUM([2]厨房燃气!BH29) -> 484 | F27: =SUM('[2]B1 & 102F 锅炉房'!C29) -> 1406 | G27: =SUM('[2]B1 & 102F 锅炉房'!H29) -> 420 | H27: =SUM(G27+F27+E27) -> 2310 | I27: =IF(H27>0,H27*3.62,0) -> 8362.2 | J27: =SUM([2]主塔楼空调用电量!V26) -> 3503 | K27: 10524 | L27: =SUM('[2]68F 高压F13&F30'!F29) -> 27300 | M27: =SUM([2]裙楼空调用量!L26) -> 5 | N27: =IF(M27*417>0,M27*275.066+1655) -> 3030.33 | O27: =K27+L27 -> 37824 | P27: =O27*0.7182 -> 27165.197 | Q27: =SUM('[2]B4 水表'!C29) -> 549 | R27: 44 | S27: =Q27+R27 -> 593 | T27: =S27*4.7592 -> 2822.2056 | U27: =SUM(I27+N27+P27+T27) -> 41379.932
A28: 24 | B28: 6\15 | C28: 80 | D28: 100 | E28: =SUM([2]厨房燃气!BH30) -> 506 | F28: =SUM('[2]B1 & 102F 锅炉房'!C30) -> 1417 | G28: =SUM('[2]B1 & 102F 锅炉房'!H30) -> 515 | H28: =SUM(G28+F28+E28) -> 2438 | I28: =IF(H28>0,H28*3.62,0) -> 8825.56 | J28: =SUM([2]主塔楼空调用电量!V27) -> 3151 | K28: 10524 | L28: =SUM('[2]68F 高压F13&F30'!F30) -> 28100 | M28: =SUM([2]裙楼空调用量!L27) -> 4 | N28: =IF(M28*417>0,M28*275.066+1655) -> 2755.264 | O28: =K28+L28 -> 38624 | P28: =O28*0.7182 -> 27739.757 | Q28: =SUM('[2]B4 水表'!C30) -> 568 | R28: 44 | S28: =Q28+R28 -> 612 | T28: =S28*4.7592 -> 2912.6304 | U28: =SUM(I28+N28+P28+T28) -> 42233.211
A29: 25 | B29: 9\17 | C29: 80 | D29: 99.71 | E29: =SUM([2]厨房燃气!BH31) -> 515 | F29: =SUM('[2]B1 & 102F 锅炉房'!C31) -> 1436 | G29: =SUM('[2]B1 & 102F 锅炉房'!H31) -> 896 | H29: =SUM(G29+F29+E29) -> 2847 | I29: =IF(H29>0,H29*3.62,0) -> 10306.14 | J29: =SUM([2]主塔楼空调用电量!V28) -> 1952 | K29: 10524 | L29: =SUM('[2]68F 高压F13&F30'!F31) -> 26100 | M29: =SUM([2]裙楼空调用量!L28) -> 3 | N29: =IF(M29*417>0,M29*275.066+1655) -> 2480.198 | O29: =K29+L29 -> 36624 | P29: =O29*0.7182 -> 26303.357 | Q29: =SUM('[2]B4 水表'!C31) -> 528 | R29: 45 | S29: =Q29+R29 -> 573 | T29: =S29*4.7592 -> 2727.0216 | U29: =SUM(I29+N29+P29+T29) -> 41816.716
A30: 26 | B30: 6\14 | C30: 80 | D30: 96.8 | E30: =SUM([2]厨房燃气!BH32) -> 525 | F30: =SUM('[2]B1 & 102F 锅炉房'!C32) -> 1456 | G30: =SUM('[2]B1 & 102F 锅炉房'!H32) -> 896 | H30: =SUM(G30+F30+E30) -> 2877 | I30: =IF(H30>0,H30*3.62,0) -> 10414.74 | J30: =SUM([2]主塔楼空调用电量!V29) -> 2091 | K30: 10524 | L30: =SUM('[2]68F 高压F13&F30'!F32) -> 25800 | M30: =SUM([2]裙楼空调用量!L29) -> 3 | N30: =IF(M30*417>0,M30*275.066+1655) -> 2480.198 | O30: =K30+L30 -> 36324 | P30: =O30*0.7182 -> 26087.897 | Q30: =SUM('[2]B4 水表'!C32) -> 601 | R30: 45 | S30: =Q30+R30 -> 646 | T30: =S30*4.7592 -> 3074.4432 | U30: =SUM(I30+N30+P30+T30) -> 42057.278
A31: 27 | B31: 5\15 | C31: 80 | D31: 95.93 | E31: =SUM([2]厨房燃气!BH33) -> 502 | F31: =SUM('[2]B1 & 102F 锅炉房'!C33) -> 1442 | G31: =SUM('[2]B1 & 102F 锅炉房'!H33) -> 840 | H31: =SUM(G31+F31+E31) -> 2784 | I31: =IF(H31>0,H31*3.62,0) -> 10078.08 | J31: =SUM([2]主塔楼空调用电量!V30) -> 2186 | K31: 10524 | L31: =SUM('[2]68F 高压F13&F30'!F33) -> 25600 | M31: =SUM([2]裙楼空调用量!L30) -> 4 | N31: =IF(M31*417>0,M31*275.066+1655) -> 2755.264 | O31: =K31+L31 -> 36124 | P31: =O31*0.7182 -> 25944.257 | Q31: =SUM('[2]B4 水表'!C33) -> 724 | R31: 45 | S31: =Q31+R31 -> 769 | T31: =S31*4.7592 -> 3659.8248 | U31: =SUM(I31+N31+P31+T31) -> 42437.426
A32: 28 | B32: 5\17 | C32: 0 | D32: 93.9 | E32: =SUM([2]厨房燃气!BH34) -> 474 | F32: =SUM('[2]B1 & 102F 锅炉房'!C34) -> 1581 | G32: =SUM('[2]B1 & 102F 锅炉房'!H34) -> 958 | H32: =SUM(G32+F32+E32) -> 3013 | I32: =IF(H32>0,H32*3.62,0) -> 10907.06 | J32: =SUM([2]主塔楼空调用电量!V31) -> 2489 | K32: 10528 | L32: =SUM('[2]68F 高压F13&F30'!F34) -> 27400 | M32: =SUM([2]裙楼空调用量!L31) -> 3 | N32: =IF(M32*417>0,M32*275.066+1655) -> 2480.198 | O32: =K32+L32 -> 37928 | P32: =O32*0.7182 -> 27239.89 | Q32: =SUM('[2]B4 水表'!C34) -> 588 | R32: 45 | S32: =Q32+R32 -> 633 | T32: =S32*4.7592 -> 3012.5736 | U32: =SUM(I32+N32+P32+T32) -> 43639.721
A33: 29 | B33: 5\20 | C33: 0 | D33: 99.13 | E33: =SUM([2]厨房燃气!BH35) -> 500 | F33: =SUM('[2]B1 & 102F 锅炉房'!C35) -> 1428 | G33: =SUM('[2]B1 & 102F 锅炉房'!H35) -> 871 | H33: =SUM(G33+F33+E33) -> 2799 | I33: =IF(H33>0,H33*3.62,0) -> 10132.38 | J33: =SUM([2]主塔楼空调用电量!V32) -> 2670 | K33: 10524 | L33: =SUM('[2]68F 高压F13&F30'!F35) -> 27400 | M33: =SUM([2]裙楼空调用量!L32) -> 3 | N33: =IF(M33*417>0,M33*275.066+1655) -> 2480.198 | O33: =K33+L33 -> 37924 | P33: =O33*0.7182 -> 27237.017 | Q33: =SUM('[2]B4 水表'!C35) -> 734 | R33: 45 | S33: =Q33+R33 -> 779 | T33: =S33*4.7592 -> 3707.4168 | U33: =SUM(I33+N33+P33+T33) -> 43557.012
... A35: 31 | B35: 15/22 | C35: 16 | D35: 84.59 | E35: =SUM([2]厨房燃气!BH37) -> 512 | F35: =SUM('[2]B1 & 102F 锅炉房'!C37) -> 1499 | G35: =SUM('[2]B1 & 102F 锅炉房'!H37) -> 898 | H35: =SUM(G35+F35+E35) -> 2909 | I35: =IF(H35>0,H35*3.62,0) -> 10530.58 | J35: =SUM([2]主塔楼空调用电量!V34) -> 3209 | K35: 10524 | L35: =SUM('[2]68F 高压F13&F30'!F37) -> 27200 | M35: =SUM([2]裙楼空调用量!L34) -> 4 | N35: =IF(M35*417>0,M35*275.066+1655) -> 2755.264 | O35: =K35+L35 -> 37724 | P35: =O35*0.7182 -> 27093.377 | Q35: =SUM('[2]B4 水表'!C37) -> 417 | R35: 45 | S35: =Q35+R35 -> 462 | T35: =S35*4.7592 -> 2198.7504 | U35: =SUM(I35+N35+P35+T35) -> 42577.971
A36: Aver.
A37: Total | E37: =SUM(E5:E35) -> 16072 | F37: =SUM(F5:F35) -> 39695 | G37: =SUM(G5:G35) -> 19539 | H37: =SUM(H5:H35) -> 75306 | I37: =SUM(I5:I35) -> 272607.72 | J37: =SUM(J5:J35) -> 89714 | K37: =SUM(K5:K35) -> 326248 | L37: =SUM(L5:L35) -> 814500 | ... U37: =SUM(U5:U35) -> 1282216.4
