Workbook

Sheet TOTAL
A1: Site Name | B1: Day | C1: Month | D1: Year | E1: Total Electricity Kwh | F1: Electricity Tariff ($/Kwh) | G1: LPG (Kg) | H1: LPG $/Kg | I1: Total Fuel Oil (Liters) | J1: Fuel Oil $/Liter | K1: Water Utility Supply (m3) m3 | L1: Water Utility Supply (m3) $/m3 | M1: Room Nights | N1: Food Covers | O1: Total Guests | P1: Other fleets Petrol (Litres)
A2: Maldives at Landaa Giraavaru | B2: 1 | C2: 3 | D2: 2023 | E2: ='Daily Utility Report'!F8 -> 30677 | F2: 0.354 | G2: ='Daily Utility Report'!H8 -> 225 | H2: 1.15 | I2: ='Diesel consumption'!C8 -> 7750 | J2: 1.3 | K2: ='Daily Utility Report'!G8 -> 350 | L2: 0 | M2: ='Room Nights & Food Covers'!B5 -> 57 | N2: ='Room Nights & Food Covers'!D5 -> 334 | O2: ='Room Nights & Food Covers'!C5 -> 123 | P2: ='Diesel consumption'!F8+'Diesel consumption'!M8 -> 1300
A3: Maldives at Landaa Giraavaru | B3: 2 | C3: 3 | D3: 2023 | E3: ='Daily Utility Report'!F9 -> 31340 | F3: 0.354 | G3: ='Daily Utility Report'!H9 -> 225 | H3: 1.15 | I3: ='Diesel consumption'!C9 -> 7890 | J3: 1.3 | K3: ='Daily Utility Report'!G9 -> 341 | L3: 0 | M3: ='Room Nights & Food Covers'!B6 -> 57 | N3: ='Room Nights & Food Covers'!D6 -> 360 | O3: ='Room Nights & Food Covers'!C6 -> 125 | P3: ='Diesel consumption'!F9+'Diesel consumption'!M9 -> 5190
A4: Maldives at Landaa Giraavaru | B4: 3 | C4: 3 | D4: 2023 | E4: ='Daily Utility Report'!F10 -> 31078 | F4: 0.354 | G4: ='Daily Utility Report'!H10 -> 315 | H4: 1.15 | I4: ='Diesel consumption'!C10 -> 7780 | J4: 1.3 | K4: ='Daily Utility Report'!G10 -> 338 | L4: 0 | M4: ='Room Nights & Food Covers'!B7 -> 58 | N4: ='Room Nights & Food Covers'!D7 -> 355 | O4: ='Room Nights & Food Covers'!C7 -> 128 | P4: ='Diesel consumption'!F10+'Diesel consumption'!M10 -> 1380
A5: Maldives at Landaa Giraavaru | B5: 4 | C5: 3 | D5: 2023 | E5: ='Daily Utility Report'!F11 -> 30229 | F5: 0.354 | G5: ='Daily Utility Report'!H11 -> 270 | H5: 1.15 | I5: ='Diesel consumption'!C11 -> 7580 | J5: 1.3 | K5: ='Daily Utility Report'!G11 -> 377 | L5: 0 | M5: ='Room Nights & Food Covers'!B8 -> 59 | N5: ='Room Nights & Food Covers'!D8 -> 358 | O5: ='Room Nights & Food Covers'!C8 -> 124 | P5: ='Diesel consumption'!F11+'Diesel consumption'!M11 -> 2640
A6: Maldives at Landaa Giraavaru | B6: 5 | C6: 3 | D6: 2023 | E6: ='Daily Utility Report'!F12 -> 28828 | F6: 0.354 | G6: ='Daily Utility Report'!H12 -> 270 | H6: 1.15 | I6: ='Diesel consumption'!C12 -> 7360 | J6: 1.3 | K6: ='Daily Utility Report'!G12 -> 298 | L6: 0 | M6: ='Room Nights & Food Covers'!B9 -> 56 | N6: ='Room Nights & Food Covers'!D9 -> 344 | O6: ='Room Nights & Food Covers'!C9 -> 126 | P6: ='Diesel consumption'!F12+'Diesel consumption'!M12 -> 1200
A7: Maldives at Landaa Giraavaru | B7: 6 | C7: 3 | D7: 2023 | E7: ='Daily Utility Report'!F13 -> 26740 | F7: 0.354 | G7: ='Daily Utility Report'!H13 -> 180 | H7: 1.15 | I7: ='Diesel consumption'!C13 -> 7070 | J7: 1.3 | K7: ='Daily Utility Report'!G13 -> 297 | L7: 0 | M7: ='Room Nights & Food Covers'!B10 -> 63 | N7: ='Room Nights & Food Covers'!D10 -> 393 | O7: ='Room Nights & Food Covers'!C10 -> 135 | P7: ='Diesel consumption'!F13+'Diesel consumption'!M13 -> 3950
A8: Maldives at Landaa Giraavaru | B8: 7 | C8: 3 | D8: 2023 | E8: ='Daily Utility Report'!F14 -> 29279 | F8: 0.354 | G8: ='Daily Utility Report'!H14 -> 315 | H8: 1.15 | I8: ='Diesel consumption'!C14 -> 6410 | J8: 1.3 | K8: ='Daily Utility Report'!G14 -> 344 | L8: 0 | M8: ='Room Nights & Food Covers'!B11 -> 61 | N8: ='Room Nights & Food Covers'!D11 -> 363 | O8: ='Room Nights & Food Covers'!C11 -> 139 | P8: ='Diesel consumption'!F14+'Diesel consumption'!M14 -> 1460
A9: Maldives at Landaa Giraavaru | B9: 8 | C9: 3 | D9: 2023 | E9: ='Daily Utility Report'!F15 -> 31410 | F9: 0.354 | G9: ='Daily Utility Report'!H15 -> 135 | H9: 1.15 | I9: ='Diesel consumption'!C15 -> 9460 | J9: 1.3 | K9: ='Daily Utility Report'!G15 -> 351 | L9: 0 | M9: ='Room Nights & Food Covers'!B12 -> 0 | N9: ='Room Nights & Food Covers'!D12 -> 0 | O9: ='Room Nights & Food Covers'!C12 -> 0 | P9: ='Diesel consumption'!F15+'Diesel consumption'!M15 -> 1290
A10: Maldives at Landaa Giraavaru | B10: 9 | C10: 3 | D10: 2023 | E10: ='Daily Utility Report'!F16 -> 0 | F10: 0.354 | G10: ='Daily Utility Report'!H16 -> 0 | H10: 1.15 | I10: ='Diesel consumption'!C16 -> 0 | J10: 1.3 | K10: ='Daily Utility Report'!G16 -> 0 | L10: 0 | M10: ='Room Nights & Food Covers'!B13 -> 0 | N10: ='Room Nights & Food Covers'!D13 -> 0 | O10: ='Room Nights & Food Covers'!C13 -> 0 | P10: ='Diesel consumption'!F16+'Diesel consumption'!M16 -> 0
A11: Maldives at Landaa Giraavaru | B11: 10 | C11: 3 | D11: 2023 | E11: ='Daily Utility Report'!F17 -> 0 | F11: 0.354 | G11: ='Daily Utility Report'!H17 -> 0 | H11: 1.15 | I11: ='Diesel consumption'!C17 -> 0 | J11: 1.3 | K11: ='Daily Utility Report'!G17 -> 0 | L11: 0 | M11: ='Room Nights & Food Covers'!B14 -> 0 | N11: ='Room Nights & Food Covers'!D14 -> 0 | O11: ='Room Nights & Food Covers'!C14 -> 0 | P11: ='Diesel consumption'!F17+'Diesel consumption'!M17 -> 0
A12: Maldives at Landaa Giraavaru | B12: 11 | C12: 3 | D12: 2023 | E12: ='Daily Utility Report'!F18 -> 0 | F12: 0.354 | G12: ='Daily Utility Report'!H18 -> 0 | H12: 1.15 | I12: ='Diesel consumption'!C18 -> 0 | J12: 1.3 | K12: ='Daily Utility Report'!G18 -> 0 | L12: 0 | M12: ='Room Nights & Food Covers'!B15 -> 0 | N12: ='Room Nights & Food Covers'!D15 -> 0 | O12: ='Room Nights & Food Covers'!C15 -> 0 | P12: ='Diesel consumption'!F18+'Diesel consumption'!M18 -> 0
A13: Maldives at Landaa Giraavaru | B13: 12 | C13: 3 | D13: 2023 | E13: ='Daily Utility Report'!F19 -> 0 | F13: 0.354 | G13: ='Daily Utility Report'!H19 -> 0 | H13: 1.15 | I13: ='Diesel consumption'!C19 -> 0 | J13: 1.3 | K13: ='Daily Utility Report'!G19 -> 0 | L13: 0 | M13: ='Room Nights & Food Covers'!B16 -> 0 | N13: ='Room Nights & Food Covers'!D16 -> 0 | O13: ='Room Nights & Food Covers'!C16 -> 0 | P13: ='Diesel consumption'!F19+'Diesel consumption'!M19 -> 0
... A32: Maldives at Landaa Giraavaru | B32: 31 | C32: 3 | D32: 2023 | E32: ='Daily Utility Report'!F38 -> 0 | F32: 3.354 | G32: ='Daily Utility Report'!H38 -> 0 | H32: 1.15 | I32: ='Diesel consumption'!C38 -> 0 | J32: 4.3 | K32: ='Daily Utility Report'!G38 -> 0 | L32: 3 | M32: ='Room Nights & Food Covers'!B35 -> 0 | N32: ='Room Nights & Food Covers'!D35 -> 0 | O32: ='Room Nights & Food Covers'!C35 -> 0 | P32: ='Diesel consumption'!F38+'Diesel consumption'!M38 -> 0

Sheet Submetering 
A1: Site Name | B1: Day | C1: Month | D1: Year | E1: Solar | F1: GENSET NO 1 | G1: GENSET NO 2 | H1: GENSET NO 3 | I1: GENSET NO 4 | J1: GENSET NO 5 | K1: Main BLU FEEDER PANEL 1 | L1: Main BLU FEEDER PANEL 2 | M1: Main POWER HOUSE FEEDER PANEL NO:3 | N1: Main Kitchen -7 | O1: Main Kitchen -10 | P1: Water treatment Plant | Q1: Sewage treatment Plant | R1: Laundry--8SSB (Machineries) | S1: Laundry-9 (HR/Tuck Shop Building) | T1: New staff accomodation (E0) | U1: Staff block-16(E2-E3) | V1: Staff Block Feeder-3(E4-E5) | W1: Management block-5 (M1 to M6) | X1: SNR STAFF BLOCK (PC Block) | Y1: BOAT DOCK FEEDER - 22 | Z1: RECEPTION Building Full (Finance/Reservation) | AA1: DIVE CENTER (Inc MDC and Recreation) | AB1: 301-307 | AC1: 308-314 | AD1: 315-320 | AE1: 401-407 | AF1: 408-414 | AG1: 415-420 | AH1: SPA - 1 | AI1: SPA - 2 | AJ1: BLU KITCHEN - 1 | AK1: BLU KITCHEN - 2 | AL1: AL BARAKATH | AM1: STAFF KITCHEN | AN1: R/O Plant A | AO1: R/O Plant B | AP1: R/O Plant C | AQ1: R/O Plant D | AR1: Laundry | AS1: Staff Block - E0 | AT1: Staff Block - E1 | AU1: Staff Block - E2 | AV1: Staff Block - E3 | AW1: Staff Block - E4 | AX1: Staff Block - E5 | AY1: Management Block | AZ1: PC Block | BA1: GM Bungalow | BB1: Boat Dock | BC1: Supply Jetty | BD1: Main Kitchen | BE1: Day Facility | BF1: Reception | BG1: Main Pool | BH1: Dive Center | BI1: Albarakthu | BJ1: Blu Resturant | BK1: Main Jetty | BL1: Landaa Estate | BM1: ROOM NIGHTS | BN1: Total Food Covers
A2: Maldives at Landaa Giraavaru | B2: 1 | C2: =TOTAL!C2 -> 3 | D2: =TOTAL!D2 -> 2023 | E2: =Solar!C6 -> 3199 | F2: ='Powerhouse Daily Performance'!C4 -> 4913 | G2: ='Powerhouse Daily Performance'!I4 -> 10599 | H2: ='Powerhouse Daily Performance'!O4 -> 4211 | I2: ='Powerhouse Daily Performance'!U4 -> 2300 | J2: ='Powerhouse Daily Performance'!AA4 -> 5455 | K2: ='FEEDER Consumption '!C6 -> 4504 | L2: ='FEEDER Consumption '!E6 -> 4773 | M2: ='FEEDER Consumption '!G6 -> 11643 | N2: ='FEEDER Consumption '!I6 -> 2300 | O2: ='FEEDER Consumption '!K6 -> 2939 | P2: ='FEEDER Consumption '!M6 -> 1600 | Q2: ='FEEDER Consumption '!O6 -> 433 | R2: ='FEEDER Consumption '!Q6 -> 700 | S2: ='FEEDER Consumption '!S6 -> 1700 | T2: ='FEEDER Consumption '!U6 -> 456 | U2: ='FEEDER Consumption '!W6 -> 400 | V2: ='FEEDER Consumption '!Y6 -> 300 | W2: ='FEEDER Consumption '!AA6 -> 600 | X2: ='FEEDER Consumption '!AC6 -> 140 | Y2: ='FEEDER Consumption '!AE6 -> 380 | Z2: ='FEEDER Consumption '!AG6 -> 1200 | AA2: ='FEEDER Consumption '!AI6 -> 430 | AB2: ='FEEDER Consumption '!AK6 -> 1140 | AC2: ='FEEDER Consumption '!AM6 -> 950 | AD2: ='FEEDER Consumption '!AO6 -> 720 | AE2: ='FEEDER Consumption '!AQ6 -> 1100 | AF2: ='FEEDER Consumption '!AS6 -> 1070 | AG2: ='FEEDER Consumption '!AU6 -> 640 | AH2: ='FEEDER Consumption '!AW6 -> 360 | AI2: ='FEEDER Consumption '!AY6 -> 150 | AJ2: ='FEEDER Consumption '!BA6 -> 1050 | AK2: ='FEEDER Consumption '!BC6 -> 270 | AL2: ='FEEDER Consumption '!BE6 -> 400 | AM2: ='FEEDER Consumption '!BG6 -> 490 | AN2: ='Water Plant Daily Performance'!C4 -> 179 | AO2: ='Water Plant Daily Performance'!I4 -> 0 | AP2: ='Water Plant Daily Performance'!O4 -> 161 | AQ2: ='Water Plant Daily Performance'!U4 -> 10 | AR2: =Water!AD7 -> 25 | AS2: =Water!AH7 -> 6 | AT2: =Water!AJ7 -> 9 | AU2: =Water!AL7 -> 10 | AV2: =Water!AN7 -> 6 | AW2: =Water!AP7 -> 5 | AX2: =Water!AR7 -> 7 | AY2: =Water!AT7 -> 8 | AZ2: =Water!AT7 -> 8 | BA2: =Water!AX7 -> 0 | BB2: =Water!AZ7 -> 3 | BC2: =Water!BB7 -> 2 | BD2: =Water!BD7 -> 28 | BE2: =Water!BF7 -> 8 | BF2: =Water!BH7 -> 1 | BG2: =Water!BJ7 -> 8 | BH2: =Water!BL7 -> 3 | BI2: =Water!BP7 -> 2 | BJ2: =Water!BR7 -> 15 | BK2: =Water!BT7 -> 1 | BL2: =Water!BV7 -> 1 | BM2: ='Room Nights & Food Covers'!B5 -> 57 | BN2: ='Room Nights & Food Covers'!D5 -> 334
A3: Maldives at Landaa Giraavaru | B3: 2 | C3: =TOTAL!C3 -> 3 | D3: =TOTAL!D3 -> 2023 | E3: =Solar!C7 -> 2956 | F3: ='Powerhouse Daily Performance'!C5 -> 6424 | G3: ='Powerhouse Daily Performance'!I5 -> 8247 | H3: ='Powerhouse Daily Performance'!O5 -> 6657 | I3: ='Powerhouse Daily Performance'!U5 -> 2406 | J3: ='Powerhouse Daily Performance'!AA5 -> 4650 | K3: ='FEEDER Consumption '!C7 -> 4442 | L3: ='FEEDER Consumption '!E7 -> 4885 | M3: ='FEEDER Consumption '!G7 -> 12500 | N3: ='FEEDER Consumption '!I7 -> 2400 | O3: ='FEEDER Consumption '!K7 -> 2988 | P3: ='FEEDER Consumption '!M7 -> 1900 | Q3: ='FEEDER Consumption '!O7 -> 462 | R3: ='FEEDER Consumption '!Q7 -> 700 | S3: ='FEEDER Consumption '!S7 -> 1800 | T3: ='FEEDER Consumption '!U7 -> 483 | U3: ='FEEDER Consumption '!W7 -> 400 | V3: ='FEEDER Consumption '!Y7 -> 400 | W3: ='FEEDER Consumption '!AA7 -> 700 | X3: ='FEEDER Consumption '!AC7 -> 160 | Y3: ='FEEDER Consumption '!AE7 -> 390 | Z3: ='FEEDER Consumption '!AG7 -> 1200 | AA3: ='FEEDER Consumption '!AI7 -> 430 | AB3: ='FEEDER Consumption '!AK7 -> 1200 | AC3: ='FEEDER Consumption '!AM7 -> 950 | AD3: ='FEEDER Consumption '!AO7 -> 820 | AE3: ='FEEDER Consumption '!AQ7 -> 1000 | AF3: ='FEEDER Consumption '!AS7 -> 970 | AG3: ='FEEDER Consumption '!AU7 -> 640 | AH3: ='FEEDER Consumption '!AW7 -> 350 | AI3: ='FEEDER Consumption '!AY7 -> 150 | AJ3: ='FEEDER Consumption '!BA7 -> 1030 | AK3: ='FEEDER Consumption '!BC7 -> 260 | AL3: ='FEEDER Consumption '!BE7 -> 440 | AM3: ='FEEDER Consumption '!BG7 -> 500 | AN3: ='Water Plant Daily Performance'!C5 -> 159 | AO3: ='Water Plant Daily Performance'!I5 -> 29 | AP3: ='Water Plant Daily Performance'!O5 -> 151 | AQ3: ='Water Plant Daily Performance'!U5 -> 2 | AR3: =Water!AD8 -> 27 | AS3: =Water!AH8 -> 4 | AT3: =Water!AJ8 -> 8 | AU3: =Water!AL8 -> 11 | AV3: =Water!AN8 -> 10 | AW3: =Water!AP8 -> 5 | AX3: =Water!AR8 -> 10 | AY3: =Water!AT8 -> 9 | AZ3: =Water!AT8 -> 9 | BA3: =Water!AX8 -> 6 | BB3: =Water!AZ8 -> 3 | BC3: =Water!BB8 -> 4 | BD3: =Water!BD8 -> 26 | BE3: =Water!BF8 -> 11 | BF3: =Water!BH8 -> 0 | BG3: =Water!BJ8 -> 11 | BH3: =Water!BL8 -> 4 | BI3: =Water!BP8 -> 6 | BJ3: =Water!BR8 -> 18 | BK3: =Water!BT8 -> 4 | BL3: =Water!BV8 -> 2 | BM3: ='Room Nights & Food Covers'!B6 -> 57 | BN3: ='Room Nights & Food Covers'!D6 -> 360
A4: Maldives at Landaa Giraavaru | B4: 3 | C4: =TOTAL!C4 -> 3 | D4: =TOTAL!D4 -> 2023 | E4: =Solar!C8 -> 3031 | F4: ='Powerhouse Daily Performance'!C6 -> 6018 | G4: ='Powerhouse Daily Performance'!I6 -> 7152 | H4: ='Powerhouse Daily Performance'!O6 -> 4976 | I4: ='Powerhouse Daily Performance'!U6 -> 2650 | J4: ='Powerhouse Daily Performance'!AA6 -> 7251 | K4: ='FEEDER Consumption '!C8 -> 4386 | L4: ='FEEDER Consumption '!E8 -> 4703 | M4: ='FEEDER Consumption '!G8 -> 12335 | N4: ='FEEDER Consumption '!I8 -> 2500 | O4: ='FEEDER Consumption '!K8 -> 2961 | P4: ='FEEDER Consumption '!M8 -> 1700 | Q4: ='FEEDER Consumption '!O8 -> 490 | R4: ='FEEDER Consumption '!Q8 -> 700 | S4: ='FEEDER Consumption '!S8 -> 1900 | T4: ='FEEDER Consumption '!U8 -> 517 | U4: ='FEEDER Consumption '!W8 -> 400 | V4: ='FEEDER Consumption '!Y8 -> 200 | W4: ='FEEDER Consumption '!AA8 -> 700 | X4: ='FEEDER Consumption '!AC8 -> 170 | Y4: ='FEEDER Consumption '!AE8 -> 460 | Z4: ='FEEDER Consumption '!AG8 -> 1100 | AA4: ='FEEDER Consumption '!AI8 -> 510 | AB4: ='FEEDER Consumption '!AK8 -> 1250 | AC4: ='FEEDER Consumption '!AM8 -> 1020 | AD4: ='FEEDER Consumption '!AO8 -> 730 | AE4: ='FEEDER Consumption '!AQ8 -> 1000 | AF4: ='FEEDER Consumption '!AS8 -> 820 | AG4: ='FEEDER Consumption '!AU8 -> 670 | AH4: ='FEEDER Consumption '!AW8 -> 340 | AI4: ='FEEDER Consumption '!AY8 -> 150 | AJ4: ='FEEDER Consumption '!BA8 -> 1060 | AK4: ='FEEDER Consumption '!BC8 -> 280 | AL4: ='FEEDER Consumption '!BE8 -> 430 | AM4: ='FEEDER Consumption '!BG8 -> 460 | AN4: ='Water Plant Daily Performance'!C6 -> 175 | AO4: ='Water Plant Daily Performance'!I6 -> 13 | AP4: ='Water Plant Daily Performance'!O6 -> 150 | AQ4: ='Water Plant Daily Performance'!U6 -> 0 | AR4: =Water!AD9 -> 26 | AS4: =Water!AH9 -> 6 | AT4: =Water!AJ9 -> 8 | AU4: =Water!AL9 -> 12 | AV4: =Water!AN9 -> 6 | AW4: =Water!AP9 -> 6 | AX4: =Water!AR9 -> 9 | AY4: =Water!AT9 -> 8 | AZ4: =Water!AT9 -> 8 | BA4: =Water!AX9 -> 0 | BB4: =Water!AZ9 -> 3 | BC4: =Water!BB9 -> 3 | BD4: =Water!BD9 -> 27 | BE4: =Water!BF9 -> 10 | BF4: =Water!BH9 -> 1 | BG4: =Water!BJ9 -> 3 | BH4: =Water!BL9 -> 3 | BI4: =Water!BP9 -> 3 | BJ4: =Water!BR9 -> 29 | BK4: =Water!BT9 -> 2 | BL4: =Water!BV9 -> 0 | BM4: ='Room Nights & Food Covers'!B7 -> 58 | BN4: ='Room Nights & Food Covers'!D7 -> 355
A5: Maldives at Landaa Giraavaru | B5: 4 | C5: =TOTAL!C5 -> 3 | D5: =TOTAL!D5 -> 2023 | E5: =Solar!C9 -> 2866 | F5: ='Powerhouse Daily Performance'!C7 -> 7692 | G5: ='Powerhouse Daily Performance'!I7 -> 6433 | H5: ='Powerhouse Daily Performance'!O7 -> 4928 | I5: ='Powerhouse Daily Performance'!U7 -> 2943 | J5: ='Powerhouse Daily Performance'!AA7 -> 5367 | K5: ='FEEDER Consumption '!C9 -> 4211 | L5: ='FEEDER Consumption '!E9 -> 4493 | M5: ='FEEDER Consumption '!G9 -> 12340 | N5: ='FEEDER Consumption '!I9 -> 2500 | O5: ='FEEDER Consumption '!K9 -> 2795 | P5: ='FEEDER Consumption '!M9 -> 1800 | Q5: ='FEEDER Consumption '!O9 -> 455 | R5: ='FEEDER Consumption '!Q9 -> 700 | S5: ='FEEDER Consumption '!S9 -> 1800 | T5: ='FEEDER Consumption '!U9 -> 489 | U5: ='FEEDER Consumption '!W9 -> 400 | V5: ='FEEDER Consumption '!Y9 -> 400 | W5: ='FEEDER Consumption '!AA9 -> 600 | X5: ='FEEDER Consumption '!AC9 -> 170 | Y5: ='FEEDER Consumption '!AE9 -> 430 | Z5: ='FEEDER Consumption '!AG9 -> 1200 | AA5: ='FEEDER Consumption '!AI9 -> 440 | AB5: ='FEEDER Consumption '!AK9 -> 1020 | AC5: ='FEEDER Consumption '!AM9 -> 950 | AD5: ='FEEDER Consumption '!AO9 -> 640 | AE5: ='FEEDER Consumption '!AQ9 -> 900 | AF5: ='FEEDER Consumption '!AS9 -> 850 | AG5: ='FEEDER Consumption '!AU9 -> 680 | AH5: ='FEEDER Consumption '!AW9 -> 350 | AI5: ='FEEDER Consumption '!AY9 -> 120 | AJ5: ='FEEDER Consumption '!BA9 -> 980 | AK5: ='FEEDER Consumption '!BC9 -> 250 | AL5: ='FEEDER Consumption '!BE9 -> 410 | AM5: ='FEEDER Consumption '!BG9 -> 460 | AN5: ='Water Plant Daily Performance'!C7 -> 169 | AO5: ='Water Plant Daily Performance'!I7 -> 0 | AP5: ='Water Plant Daily Performance'!O7 -> 118 | AQ5: ='Water Plant Daily Performance'!U7 -> 90 | AR5: =Water!AD10 -> 25 | AS5: =Water!AH10 -> 4 | AT5: =Water!AJ10 -> 5 | AU5: =Water!AL10 -> 9 | AV5: =Water!AN10 -> 9 | AW5: =Water!AP10 -> 6 | AX5: =Water!AR10 -> 8 | AY5: =Water!AT10 -> 7 | AZ5: =Water!AT10 -> 7 | BA5: =Water!AX10 -> 0 | BB5: =Water!AZ10 -> 3 | BC5: =Water!BB10 -> 0 | BD5: =Water!BD10 -> 31 | BE5: =Water!BF10 -> 10 | BF5: =Water!BH10 -> 2 | BG5: =Water!BJ10 -> 6 | BH5: =Water!BL10 -> 3 | BI5: =Water!BP10 -> 6 | BJ5: =Water!BR10 -> 5 | BK5: =Water!BT10 -> 3 | BL5: =Water!BV10 -> 0 | BM5: ='Room Nights & Food Covers'!B8 -> 59 | BN5: ='Room Nights & Food Covers'!D8 -> 358
A6: Maldives at Landaa Giraavaru | B6: 5 | C6: =TOTAL!C6 -> 3 | D6: =TOTAL!D6 -> 2023 | E6: =Solar!C10 -> 2096 | F6: ='Powerhouse Daily Performance'!C8 -> 1750 | G6: ='Powerhouse Daily Performance'!I8 -> 5722 | H6: ='Powerhouse Daily Performance'!O8 -> 7546 | I6: ='Powerhouse Daily Performance'!U8 -> 3257 | J6: ='Powerhouse Daily Performance'!AA8 -> 8457 | K6: ='FEEDER Consumption '!C10 -> 4139 | L6: ='FEEDER Consumption '!E10 -> 4173 | M6: ='FEEDER Consumption '!G10 -> 11889 | N6: ='FEEDER Consumption '!I10 -> 2300 | O6: ='FEEDER Consumption '!K10 -> 2766 | P6: ='FEEDER Consumption '!M10 -> 1500 | Q6: ='FEEDER Consumption '!O10 -> 482 | R6: ='FEEDER Consumption '!Q10 -> 600 | S6: ='FEEDER Consumption '!S10 -> 2100 | T6: ='FEEDER Consumption '!U10 -> 440 | U6: ='FEEDER Consumption '!W10 -> 500 | V6: ='FEEDER Consumption '!Y10 -> 300 | W6: ='FEEDER Consumption '!AA10 -> 600 | X6: ='FEEDER Consumption '!AC10 -> 160 | Y6: ='FEEDER Consumption '!AE10 -> 410 | Z6: ='FEEDER Consumption '!AG10 -> 1100 | AA6: ='FEEDER Consumption '!AI10 -> 440 | AB6: ='FEEDER Consumption '!AK10 -> 950 | AC6: ='FEEDER Consumption '!AM10 -> 930 | AD6: ='FEEDER Consumption '!AO10 -> 700 | AE6: ='FEEDER Consumption '!AQ10 -> 900 | AF6: ='FEEDER Consumption '!AS10 -> 870 | AG6: ='FEEDER Consumption '!AU10 -> 750 | AH6: ='FEEDER Consumption '!AW10 -> 350 | AI6: ='FEEDER Consumption '!AY10 -> 140 | AJ6: ='FEEDER Consumption '!BA10 -> 1130 | AK6: ='FEEDER Consumption '!BC10 -> 280 | AL6: ='FEEDER Consumption '!BE10 -> 460 | AM6: ='FEEDER Consumption '!BG10 -> 460 | AN6: ='Water Plant Daily Performance'!C8 -> 180 | AO6: ='Water Plant Daily Performance'!I8 -> 0 | AP6: ='Water Plant Daily Performance'!O8 -> 104 | AQ6: ='Water Plant Daily Performance'!U8 -> 14 | AR6: =Water!AD11 -> 27 | AS6: =Water!AH11 -> 7 | AT6: =Water!AJ11 -> 7 | AU6: =Water!AL11 -> 11 | AV6: =Water!AN11 -> 9 | AW6: =Water!AP11 -> 5 | AX6: =Water!AR11 -> 8 | AY6: =Water!AT11 -> 3 | AZ6: =Water!AT11 -> 3 | BA6: =Water!AX11 -> 0 | BB6: =Water!AZ11 -> 9 | BC6: =Water!BB11 -> 2 | BD6: =Water!BD11 -> 32 | BE6: =Water!BF11 -> 10 | BF6: =Water!BH11 -> 1 | BG6: =Water!BJ11 -> 2 | BH6: =Water!BL11 -> 3 | BI6: =Water!BP11 -> 3 | BJ6: =Water!BR11 -> 9 | BK6: =Water!BT11 -> 1 | BL6: =Water!BV11 -> 1 | BM6: ='Room Nights & Food Covers'!B9 -> 56 | BN6: ='Room Nights & Food Covers'!D9 -> 344
A7: Maldives at Landaa Giraavaru | B7: 6 | C7: =TOTAL!C7 -> 3 | D7: =TOTAL!D7 -> 2023 | E7: =Solar!C11 -> 1133 | F7: ='Powerhouse Daily Performance'!C9 -> 0 | G7: ='Powerhouse Daily Performance'!I9 -> 16557 | H7: ='Powerhouse Daily Performance'!O9 -> 922 | I7: ='Powerhouse Daily Performance'!U9 -> 626 | J7: ='Powerhouse Daily Performance'!AA9 -> 7502 | K7: ='FEEDER Consumption '!C11 -> 3817 | L7: ='FEEDER Consumption '!E11 -> 3402 | M7: ='FEEDER Consumption '!G11 -> 12185 | N7: ='FEEDER Consumption '!I11 -> 2200 | O7: ='FEEDER Consumption '!K11 -> 2679 | P7: ='FEEDER Consumption '!M11 -> 1500 | Q7: ='FEEDER Consumption '!O11 -> 478 | R7: ='FEEDER Consumption '!Q11 -> 600 | S7: ='FEEDER Consumption '!S11 -> 2100 | T7: ='FEEDER Consumption '!U11 -> 493 | U7: ='FEEDER Consumption '!W11 -> 400 | V7: ='FEEDER Consumption '!Y11 -> 300 | W7: ='FEEDER Consumption '!AA11 -> 700 | X7: ='FEEDER Consumption '!AC11 -> 170 | Y7: ='FEEDER Consumption '!AE11 -> 480 | Z7: ='FEEDER Consumption '!AG11 -> 1100 | AA7: ='FEEDER Consumption '!AI11 -> 380 | AB7: ='FEEDER Consumption '!AK11 -> 630 | AC7: ='FEEDER Consumption '!AM11 -> 640 | AD7: ='FEEDER Consumption '!AO11 -> 420 | AE7: ='FEEDER Consumption '!AQ11 -> 700 | AF7: ='FEEDER Consumption '!AS11 -> 550 | AG7: ='FEEDER Consumption '!AU11 -> 490 | AH7: ='FEEDER Consumption '!AW11 -> 300 | AI7: ='FEEDER Consumption '!AY11 -> 110 | AJ7: ='FEEDER Consumption '!BA11 -> 930 | AK7: ='FEEDER Consumption '!BC11 -> 250 | AL7: ='FEEDER Consumption '!BE11 -> 390 | AM7: ='FEEDER Consumption '!BG11 -> 480 | AN7: ='Water Plant Daily Performance'!C9 -> 189 | AO7: ='Water Plant Daily Performance'!I9 -> 0 | AP7: ='Water Plant Daily Performance'!O9 -> 108 | AQ7: ='Water Plant Daily Performance'!U9 -> 0 | AR7: =Water!AD12 -> 24 | AS7: =Water!AH12 -> 6 | AT7: =Water!AJ12 -> 4 | AU7: =Water!AL12 -> 11 | AV7: =Water!AN12 -> 6 | AW7: =Water!AP12 -> 6 | AX7: =Water!AR12 -> 8 | AY7: =Water!AT12 -> 3 | AZ7: =Water!AT12 -> 3 | BA7: =Water!AX12 -> 1 | BB7: =Water!AZ12 -> 2 | BC7: =Water!BB12 -> 1 | BD7: =Water!BD12 -> 30 | BE7: =Water!BF12 -> 1 | BF7: =Water!BH12 -> 1 | BG7: =Water!BJ12 -> 0 | BH7: =Water!BL12 -> 1 | BI7: =Water!BP12 -> 6 | BJ7: =Water!BR12 -> 0 | BK7: =Water!BT12 -> 1 | BL7: =Water!BV12 -> 0 | BM7: ='Room Nights & Food Covers'!B10 -> 63 | BN7: ='Room Nights & Food Covers'!D10 -> 393
A8: Maldives at Landaa Giraavaru | B8: 7 | C8: =TOTAL!C8 -> 3 | D8: =TOTAL!D8 -> 2023 | E8: =Solar!C12 -> 3060 | F8: ='Powerhouse Daily Performance'!C10 -> 3383 | G8: ='Powerhouse Daily Performance'!I10 -> 12822 | H8: ='Powerhouse Daily Performance'!O10 -> 5953 | I8: ='Powerhouse Daily Performance'!U10 -> 1912 | J8: ='Powerhouse Daily Performance'!AA10 -> 2149 | K8: ='FEEDER Consumption '!C12 -> 3995 | L8: ='FEEDER Consumption '!E12 -> 4439 | M8: ='FEEDER Consumption '!G12 -> 11271 | N8: ='FEEDER Consumption '!I12 -> 2300 | O8: ='FEEDER Consumption '!K12 -> 2797 | P8: ='FEEDER Consumption '!M12 -> 1800 | Q8: ='FEEDER Consumption '!O12 -> 426 | R8: ='FEEDER Consumption '!Q12 -> 700 | S8: ='FEEDER Consumption '!S12 -> 2000 | T8: ='FEEDER Consumption '!U12 -> 445 | U8: ='FEEDER Consumption '!W12 -> 300 | V8: ='FEEDER Consumption '!Y12 -> 300 | W8: ='FEEDER Consumption '!AA12 -> 500 | X8: ='FEEDER Consumption '!AC12 -> 130 | Y8: ='FEEDER Consumption '!AE12 -> 370 | Z8: ='FEEDER Consumption '!AG12 -> 1200 | AA8: ='FEEDER Consumption '!AI12 -> 480 | AB8: ='FEEDER Consumption '!AK12 -> 920 | AC8: ='FEEDER Consumption '!AM12 -> 860 | AD8: ='FEEDER Consumption '!AO12 -> 720 | AE8: ='FEEDER Consumption '!AQ12 -> 1100 | AF8: ='FEEDER Consumption '!AS12 -> 750 | AG8: ='FEEDER Consumption '!AU12 -> 690 | AH8: ='FEEDER Consumption '!AW12 -> 290 | AI8: ='FEEDER Consumption '!AY12 -> 150 | AJ8: ='FEEDER Consumption '!BA12 -> 970 | AK8: ='FEEDER Consumption '!BC12 -> 260 | AL8: ='FEEDER Consumption '!BE12 -> 420 | AM8: ='FEEDER Consumption '!BG12 -> 470 | AN8: ='Water Plant Daily Performance'!C10 -> 148 | AO8: ='Water Plant Daily Performance'!I10 -> 59 | AP8: ='Water Plant Daily Performance'!O10 -> 18 | AQ8: ='Water Plant Daily Performance'!U10 -> 119 | AR8: =Water!AD13 -> 0 | AS8: =Water!AH13 -> 0 | AT8: =Water!AJ13 -> 0 | AU8: =Water!AL13 -> 0 | AV8: =Water!AN13 -> 0 | AW8: =Water!AP13 -> 0 | AX8: =Water!AR13 -> 0 | AY8: =Water!AT13 -> 0 | AZ8: =Water!AT13 -> 0 | BA8: =Water!AX13 -> 0 | BB8: =Water!AZ13 -> 0 | BC8: =Water!BB13 -> 0 | BD8: =Water!BD13 -> 0 | BE8: =Water!BF13 -> 0 | BF8: =Water!BH13 -> 0 | BG8: =Water!BJ13 -> 0 | BH8: =Water!BL13 -> 0 | BI8: =Water!BP13 -> 0 | BJ8: =Water!BR13 -> 0 | BK8: =Water!BT13 -> 0 | BL8: =Water!BV13 -> 0 | BM8: ='Room Nights & Food Covers'!B11 -> 61 | BN8: ='Room Nights & Food Covers'!D11 -> 363
A9: Maldives at Landaa Giraavaru | B9: 8 | C9: =TOTAL!C9 -> 3 | D9: =TOTAL!D9 -> 2023 | E9: =Solar!C13 -> 2975 | F9: ='Powerhouse Daily Performance'!C11 -> 5533 | G9: ='Powerhouse Daily Performance'!I11 -> 9792 | H9: ='Powerhouse Daily Performance'!O11 -> 7800 | I9: ='Powerhouse Daily Performance'!U11 -> 554 | J9: ='Powerhouse Daily Performance'!AA11 -> 4756 | K9: ='FEEDER Consumption '!C13 -> 4488 | L9: ='FEEDER Consumption '!E13 -> 5117 | M9: ='FEEDER Consumption '!G13 -> 12412 | N9: ='FEEDER Consumption '!I13 -> 2400 | O9: ='FEEDER Consumption '!K13 -> 2838 | P9: ='FEEDER Consumption '!M13 -> 1900 | Q9: ='FEEDER Consumption '!O13 -> 488 | R9: ='FEEDER Consumption '!Q13 -> 600 | S9: ='FEEDER Consumption '!S13 -> 1900 | T9: ='FEEDER Consumption '!U13 -> 547 | U9: ='FEEDER Consumption '!W13 -> 400 | V9: ='FEEDER Consumption '!Y13 -> 300 | W9: ='FEEDER Consumption '!AA13 -> 700 | X9: ='FEEDER Consumption '!AC13 -> 160 | Y9: ='FEEDER Consumption '!AE13 -> 390 | Z9: ='FEEDER Consumption '!AG13 -> 1200 | AA9: ='FEEDER Consumption '!AI13 -> 490 | AB9: ='FEEDER Consumption '!AK13 -> 1270 | AC9: ='FEEDER Consumption '!AM13 -> 1120 | AD9: ='FEEDER Consumption '!AO13 -> 1040 | AE9: ='FEEDER Consumption '!AQ13 -> 1200 | AF9: ='FEEDER Consumption '!AS13 -> 900 | AG9: ='FEEDER Consumption '!AU13 -> 760 | AH9: ='FEEDER Consumption '!AW13 -> 250 | AI9: ='FEEDER Consumption '!AY13 -> 130 | AJ9: ='FEEDER Consumption '!BA13 -> 1090 | AK9: ='FEEDER Consumption '!BC13 -> 280 | AL9: ='FEEDER Consumption '!BE13 -> 440 | AM9: ='FEEDER Consumption '!BG13 -> 490 | AN9: ='Water Plant Daily Performance'!C11 -> 176 | AO9: ='Water Plant Daily Performance'!I11 -> 29 | AP9: ='Water Plant Daily Performance'!O11 -> 58 | AQ9: ='Water Plant Daily Performance'!U11 -> 88 | AR9: =Water!AD14 -> 0 | AS9: =Water!AH14 -> 0 | AT9: =Water!AJ14 -> 0 | AU9: =Water!AL14 -> 0 | AV9: =Water!AN14 -> 0 | AW9: =Water!AP14 -> 0 | AX9: =Water!AR14 -> 0 | AY9: =Water!AT14 -> 0 | AZ9: =Water!AT14 -> 0 | BA9: =Water!AX14 -> 0 | BB9: =Water!AZ14 -> 0 | BC9: =Water!BB14 -> 0 | BD9: =Water!BD14 -> 0 | BE9: =Water!BF14 -> 0 | BF9: =Water!BH14 -> 0 | BG9: =Water!BJ14 -> 0 | BH9: =Water!BL14 -> 0 | BI9: =Water!BP14 -> 0 | BJ9: =Water!BR14 -> 0 | BK9: =Water!BT14 -> 0 | BL9: =Water!BV14 -> 0 | BM9: ='Room Nights & Food Covers'!B12 -> 0 | BN9: ='Room Nights & Food Covers'!D12 -> 0
A10: Maldives at Landaa Giraavaru | B10: 9 | C10: =TOTAL!C10 -> 3 | D10: =TOTAL!D10 -> 2023 | E10: =Solar!C14 -> 0 | F10: ='Powerhouse Daily Performance'!C12 -> 0 | G10: ='Powerhouse Daily Performance'!I12 -> 0 | H10: ='Powerhouse Daily Performance'!O12 -> 0 | I10: ='Powerhouse Daily Performance'!U12 -> 0 | J10: ='Powerhouse Daily Performance'!AA12 -> 0 | K10: ='FEEDER Consumption '!C14 -> 0 | L10: ='FEEDER Consumption '!E14 -> 0 | M10: ='FEEDER Consumption '!G14 -> 0 | N10: ='FEEDER Consumption '!I14 -> 0 | O10: ='FEEDER Consumption '!K14 -> 0 | P10: ='FEEDER Consumption '!M14 -> 0 | Q10: ='FEEDER Consumption '!O14 -> 0 | R10: ='FEEDER Consumption '!Q14 -> 0 | S10: ='FEEDER Consumption '!S14 -> 0 | T10: ='FEEDER Consumption '!U14 -> 0 | U10: ='FEEDER Consumption '!W14 -> 0 | V10: ='FEEDER Consumption '!Y14 -> 0 | W10: ='FEEDER Consumption '!AA14 -> 0 | X10: ='FEEDER Consumption '!AC14 -> 0 | Y10: ='FEEDER Consumption '!AE14 -> 0 | Z10: ='FEEDER Consumption '!AG14 -> 0 | AA10: ='FEEDER Consumption '!AI14 -> 0 | AB10: ='FEEDER Consumption '!AK14 -> 0 | AC10: ='FEEDER Consumption '!AM14 -> 0 | AD10: ='FEEDER Consumption '!AO14 -> 0 | AE10: ='FEEDER Consumption '!AQ14 -> 0 | AF10: ='FEEDER Consumption '!AS14 -> 0 | AG10: ='FEEDER Consumption '!AU14 -> 0 | AH10: ='FEEDER Consumption '!AW14 -> 0 | AI10: ='FEEDER Consumption '!AY14 -> 0 | AJ10: ='FEEDER Consumption '!BA14 -> 0 | AK10: ='FEEDER Consumption '!BC14 -> 0 | AL10: ='FEEDER Consumption '!BE14 -> 0 | AM10: ='FEEDER Consumption '!BG14 -> 0 | AN10: ='Water Plant Daily Performance'!C12 -> 0 | AO10: ='Water Plant Daily Performance'!I12 -> 0 | AP10: ='Water Plant Daily Performance'!O12 -> 0 | AQ10: ='Water Plant Daily Performance'!U12 -> 0 | AR10: =Water!AD15 -> 0 | AS10: =Water!AH15 -> 0 | AT10: =Water!AJ15 -> 0 | AU10: =Water!AL15 -> 0 | AV10: =Water!AN15 -> 0 | AW10: =Water!AP15 -> 0 | AX10: =Water!AR15 -> 0 | AY10: =Water!AT15 -> 0 | AZ10: =Water!AT15 -> 0 | BA10: =Water!AX15 -> 0 | BB10: =Water!AZ15 -> 0 | BC10: =Water!BB15 -> 0 | BD10: =Water!BD15 -> 0 | BE10: =Water!BF15 -> 0 | BF10: =Water!BH15 -> 0 | BG10: =Water!BJ15 -> 0 | BH10: =Water!BL15 -> 0 | BI10: =Water!BP15 -> 0 | BJ10: =Water!BR15 -> 0 | BK10: =Water!BT15 -> 0 | BL10: =Water!BV15 -> 0 | BM10: ='Room Nights & Food Covers'!B13 -> 0 | BN10: ='Room Nights & Food Covers'!D13 -> 0
A11: Maldives at Landaa Giraavaru | B11: 10 | C11: =TOTAL!C11 -> 3 | D11: =TOTAL!D11 -> 2023 | E11: =Solar!C15 -> 0 | F11: ='Powerhouse Daily Performance'!C13 -> 0 | G11: ='Powerhouse Daily Performance'!I13 -> 0 | H11: ='Powerhouse Daily Performance'!O13 -> 0 | I11: ='Powerhouse Daily Performance'!U13 -> 0 | J11: ='Powerhouse Daily Performance'!AA13 -> 0 | K11: ='FEEDER Consumption '!C15 -> 0 | L11: ='FEEDER Consumption '!E15 -> 0 | M11: ='FEEDER Consumption '!G15 -> 0 | N11: ='FEEDER Consumption '!I15 -> 0 | O11: ='FEEDER Consumption '!K15 -> 0 | P11: ='FEEDER Consumption '!M15 -> 0 | Q11: ='FEEDER Consumption '!O15 -> 0 | R11: ='FEEDER Consumption '!Q15 -> 0 | S11: ='FEEDER Consumption '!S15 -> 0 | T11: ='FEEDER Consumption '!U15 -> 0 | U11: ='FEEDER Consumption '!W15 -> 0 | V11: ='FEEDER Consumption '!Y15 -> 0 | W11: ='FEEDER Consumption '!AA15 -> 0 | X11: ='FEEDER Consumption '!AC15 -> 0 | Y11: ='FEEDER Consumption '!AE15 -> 0 | Z11: ='FEEDER Consumption '!AG15 -> 0 | AA11: ='FEEDER Consumption '!AI15 -> 0 | AB11: ='FEEDER Consumption '!AK15 -> 0 | AC11: ='FEEDER Consumption '!AM15 -> 0 | AD11: ='FEEDER Consumption '!AO15 -> 0 | AE11: ='FEEDER Consumption '!AQ15 -> 0 | AF11: ='FEEDER Consumption '!AS15 -> 0 | AG11: ='FEEDER Consumption '!AU15 -> 0 | AH11: ='FEEDER Consumption '!AW15 -> 0 | AI11: ='FEEDER Consumption '!AY15 -> 0 | AJ11: ='FEEDER Consumption '!BA15 -> 0 | AK11: ='FEEDER Consumption '!BC15 -> 0 | AL11: ='FEEDER Consumption '!BE15 -> 0 | AM11: ='FEEDER Consumption '!BG15 -> 0 | AN11: ='Water Plant Daily Performance'!C13 -> 0 | AO11: ='Water Plant Daily Performance'!I13 -> 0 | AP11: ='Water Plant Daily Performance'!O13 -> 0 | AQ11: ='Water Plant Daily Performance'!U13 -> 0 | AR11: =Water!AD16 -> 0 | AS11: =Water!AH16 -> 0 | AT11: =Water!AJ16 -> 0 | AU11: =Water!AL16 -> 0 | AV11: =Water!AN16 -> 0 | AW11: =Water!AP16 -> 0 | AX11: =Water!AR16 -> 0 | AY11: =Water!AT16 -> 0 | AZ11: =Water!AT16 -> 0 | BA11: =Water!AX16 -> 0 | BB11: =Water!AZ16 -> 0 | BC11: =Water!BB16 -> 0 | BD11: =Water!BD16 -> 0 | BE11: =Water!BF16 -> 0 | BF11: =Water!BH16 -> 0 | BG11: =Water!BJ16 -> 0 | BH11: =Water!BL16 -> 0 | BI11: =Water!BP16 -> 0 | BJ11: =Water!BR16 -> 0 | BK11: =Water!BT16 -> 0 | BL11: =Water!BV16 -> 0 | BM11: ='Room Nights & Food Covers'!B14 -> 0 | BN11: ='Room Nights & Food Covers'!D14 -> 0
A12: Maldives at Landaa Giraavaru | B12: 11 | C12: =TOTAL!C12 -> 3 | D12: =TOTAL!D12 -> 2023 | E12: =Solar!C16 -> 0 | F12: ='Powerhouse Daily Performance'!C14 -> 0 | G12: ='Powerhouse Daily Performance'!I14 -> 0 | H12: ='Powerhouse Daily Performance'!O14 -> 0 | I12: ='Powerhouse Daily Performance'!U14 -> 0 | J12: ='Powerhouse Daily Performance'!AA14 -> 0 | K12: ='FEEDER Consumption '!C16 -> 0 | L12: ='FEEDER Consumption '!E16 -> 0 | M12: ='FEEDER Consumption '!G16 -> 0 | N12: ='FEEDER Consumption '!I16 -> 0 | O12: ='FEEDER Consumption '!K16 -> 0 | P12: ='FEEDER Consumption '!M16 -> 0 | Q12: ='FEEDER Consumption '!O16 -> 0 | R12: ='FEEDER Consumption '!Q16 -> 0 | S12: ='FEEDER Consumption '!S16 -> 0 | T12: ='FEEDER Consumption '!U16 -> 0 | U12: ='FEEDER Consumption '!W16 -> 0 | V12: ='FEEDER Consumption '!Y16 -> 0 | W12: ='FEEDER Consumption '!AA16 -> 0 | X12: ='FEEDER Consumption '!AC16 -> 0 | Y12: ='FEEDER Consumption '!AE16 -> 0 | Z12: ='FEEDER Consumption '!AG16 -> 0 | AA12: ='FEEDER Consumption '!AI16 -> 0 | AB12: ='FEEDER Consumption '!AK16 -> 0 | AC12: ='FEEDER Consumption '!AM16 -> 0 | AD12: ='FEEDER Consumption '!AO16 -> 0 | AE12: ='FEEDER Consumption '!AQ16 -> 0 | AF12: ='FEEDER Consumption '!AS16 -> 0 | AG12: ='FEEDER Consumption '!AU16 -> 0 | AH12: ='FEEDER Consumption '!AW16 -> 0 | AI12: ='FEEDER Consumption '!AY16 -> 0 | AJ12: ='FEEDER Consumption '!BA16 -> 0 | AK12: ='FEEDER Consumption '!BC16 -> 0 | AL12: ='FEEDER Consumption '!BE16 -> 0 | AM12: ='FEEDER Consumption '!BG16 -> 0 | AN12: ='Water Plant Daily Performance'!C14 -> 0 | AO12: ='Water Plant Daily Performance'!I14 -> 0 | AP12: ='Water Plant Daily Performance'!O14 -> 0 | AQ12: ='Water Plant Daily Performance'!U14 -> 0 | AR12: =Water!AD17 -> 0 | AS12: =Water!AH17 -> 0 | AT12: =Water!AJ17 -> 0 | AU12: =Water!AL17 -> 0 | AV12: =Water!AN17 -> 0 | AW12: =Water!AP17 -> 0 | AX12: =Water!AR17 -> 0 | AY12: =Water!AT17 -> 0 | AZ12: =Water!AT17 -> 0 | BA12: =Water!AX17 -> 0 | BB12: =Water!AZ17 -> 0 | BC12: =Water!BB17 -> 0 | BD12: =Water!BD17 -> 0 | BE12: =Water!BF17 -> 0 | BF12: =Water!BH17 -> 0 | BG12: =Water!BJ17 -> 0 | BH12: =Water!BL17 -> 0 | BI12: =Water!BP17 -> 0 | BJ12: =Water!BR17 -> 0 | BK12: =Water!BT17 -> 0 | BL12: =Water!BV17 -> 0 | BM12: ='Room Nights & Food Covers'!B15 -> 0 | BN12: ='Room Nights & Food Covers'!D15 -> 0
A13: Maldives at Landaa Giraavaru | B13: 12 | C13: =TOTAL!C13 -> 3 | D13: =TOTAL!D13 -> 2023 | E13: =Solar!C17 -> 0 | F13: ='Powerhouse Daily Performance'!C15 -> 0 | G13: ='Powerhouse Daily Performance'!I15 -> 0 | H13: ='Powerhouse Daily Performance'!O15 -> 0 | I13: ='Powerhouse Daily Performance'!U15 -> 0 | J13: ='Powerhouse Daily Performance'!AA15 -> 0 | K13: ='FEEDER Consumption '!C17 -> 0 | L13: ='FEEDER Consumption '!E17 -> 0 | M13: ='FEEDER Consumption '!G17 -> 0 | N13: ='FEEDER Consumption '!I17 -> 0 | O13: ='FEEDER Consumption '!K17 -> 0 | P13: ='FEEDER Consumption '!M17 -> 0 | Q13: ='FEEDER Consumption '!O17 -> 0 | R13: ='FEEDER Consumption '!Q17 -> 0 | S13: ='FEEDER Consumption '!S17 -> 0 | T13: ='FEEDER Consumption '!U17 -> 0 | U13: ='FEEDER Consumption '!W17 -> 0 | V13: ='FEEDER Consumption '!Y17 -> 0 | W13: ='FEEDER Consumption '!AA17 -> 0 | X13: ='FEEDER Consumption '!AC17 -> 0 | Y13: ='FEEDER Consumption '!AE17 -> 0 | Z13: ='FEEDER Consumption '!AG17 -> 0 | AA13: ='FEEDER Consumption '!AI17 -> 0 | AB13: ='FEEDER Consumption '!AK17 -> 0 | AC13: ='FEEDER Consumption '!AM17 -> 0 | AD13: ='FEEDER Consumption '!AO17 -> 0 | AE13: ='FEEDER Consumption '!AQ17 -> 0 | AF13: ='FEEDER Consumption '!AS17 -> 0 | AG13: ='FEEDER Consumption '!AU17 -> 0 | AH13: ='FEEDER Consumption '!AW17 -> 0 | AI13: ='FEEDER Consumption '!AY17 -> 0 | AJ13: ='FEEDER Consumption '!BA17 -> 0 | AK13: ='FEEDER Consumption '!BC17 -> 0 | AL13: ='FEEDER Consumption '!BE17 -> 0 | AM13: ='FEEDER Consumption '!BG17 -> 0 | AN13: ='Water Plant Daily Performance'!C15 -> 0 | AO13: ='Water Plant Daily Performance'!I15 -> 0 | AP13: ='Water Plant Daily Performance'!O15 -> 0 | AQ13: ='Water Plant Daily Performance'!U15 -> 0 | AR13: =Water!AD18 -> 0 | AS13: =Water!AH18 -> 0 | AT13: =Water!AJ18 -> 0 | AU13: =Water!AL18 -> 0 | AV13: =Water!AN18 -> 0 | AW13: =Water!AP18 -> 0 | AX13: =Water!AR18 -> 0 | AY13: =Water!AT18 -> 0 | AZ13: =Water!AT18 -> 0 | BA13: =Water!AX18 -> 0 | BB13: =Water!AZ18 -> 0 | BC13: =Water!BB18 -> 0 | BD13: =Water!BD18 -> 0 | BE13: =Water!BF18 -> 0 | BF13: =Water!BH18 -> 0 | BG13: =Water!BJ18 -> 0 | BH13: =Water!BL18 -> 0 | BI13: =Water!BP18 -> 0 | BJ13: =Water!BR18 -> 0 | BK13: =Water!BT18 -> 0 | BL13: =Water!BV18 -> 0 | BM13: ='Room Nights & Food Covers'!B16 -> 0 | BN13: ='Room Nights & Food Covers'!D16 -> 0
... A29: Maldives at Landaa Giraavaru | B29: 28 | C29: =TOTAL!C29 -> 3 | D29: =TOTAL!D29 -> 2023 | E29: =Solar!C33 -> 0 | F29: ='Powerhouse Daily Performance'!C31 -> 0 | G29: ='Powerhouse Daily Performance'!I31 -> 0 | H29: ='Powerhouse Daily Performance'!O31 -> 0 | I29: ='Powerhouse Daily Performance'!U31 -> 0 | J29: ='Powerhouse Daily Performance'!AA31 -> 0 | K29: ='FEEDER Consumption '!C33 -> 0 | L29: ='FEEDER Consumption '!E33 -> 0 | M29: ='FEEDER Consumption '!G33 -> 0 | N29: ='FEEDER Consumption '!I33 -> 0 | O29: ='FEEDER Consumption '!K33 -> 0 | P29: ='FEEDER Consumption '!M33 -> 0 | Q29: ='FEEDER Consumption '!O33 -> 0 | R29: ='FEEDER Consumption '!Q33 -> 0 | S29: ='FEEDER Consumption '!S33 -> 0 | T29: ='FEEDER Consumption '!U33 -> 0 | U29: ='FEEDER Consumption '!W33 -> 0 | V29: ='FEEDER Consumption '!Y33 -> 0 | W29: ='FEEDER Consumption '!AA33 -> 0 | X29: ='FEEDER Consumption '!AC33 -> 0 | Y29: ='FEEDER Consumption '!AE33 -> 0 | Z29: ='FEEDER Consumption '!AG33 -> 0 | AA29: ='FEEDER Consumption '!AI33 -> 0 | AB29: ='FEEDER Consumption '!AK33 -> 0 | AC29: ='FEEDER Consumption '!AM33 -> 0 | AD29: ='FEEDER Consumption '!AO33 -> 0 | AE29: ='FEEDER Consumption '!AQ33 -> 0 | AF29: ='FEEDER Consumption '!AS33 -> 0 | AG29: ='FEEDER Consumption '!AU33 -> 0 | AH29: ='FEEDER Consumption '!AW33 -> 0 | AI29: ='FEEDER Consumption '!AY33 -> 0 | AJ29: ='FEEDER Consumption '!BA33 -> 0 | AK29: ='FEEDER Consumption '!BC33 -> 0 | AL29: ='FEEDER Consumption '!BE33 -> 0 | AM29: ='FEEDER Consumption '!BG33 -> 0 | AN29: ='Water Plant Daily Performance'!C31 -> 0 | AO29: ='Water Plant Daily Performance'!I31 -> 0 | AP29: ='Water Plant Daily Performance'!O31 -> 0 | AQ29: ='Water Plant Daily Performance'!U31 -> 0 | AR29: =Water!AD34 -> 0 | AS29: =Water!AH34 -> 0 | AT29: =Water!AJ34 -> 0 | AU29: =Water!AL34 -> 0 | AV29: =Water!AN34 -> 0 | AW29: =Water!AP34 -> 0 | AX29: =Water!AR34 -> 0 | AY29: =Water!AT34 -> 0 | AZ29: =Water!AT34 -> 0 | BA29: =Water!AX34 -> 0 | BB29: =Water!AZ34 -> 0 | BC29: =Water!BB34 -> 0 | BD29: =Water!BD34 -> 0 | BE29: =Water!BF34 -> 0 | BF29: =Water!BH34 -> 0 | BG29: =Water!BJ34 -> 0 | BH29: =Water!BL34 -> 0 | BI29: =Water!BP34 -> 0 | BJ29: =Water!BR34 -> 0 | BK29: =Water!BT34 -> 0 | BL29: =Water!BV34 -> 0 | BM29: ='Room Nights & Food Covers'!B32 -> 0 | BN29: ='Room Nights & Food Covers'!D32 -> 0
A30: Maldives at Landaa Giraavaru | B30: 29 | C30: =TOTAL!C30 -> 3 | D30: =TOTAL!D30 -> 2023 | E30: =Solar!C34 -> 0 | F30: ='Powerhouse Daily Performance'!C32 -> 0 | G30: ='Powerhouse Daily Performance'!I32 -> 0 | H30: ='Powerhouse Daily Performance'!O32 -> 0 | I30: ='Powerhouse Daily Performance'!U32 -> 0 | J30: ='Powerhouse Daily Performance'!AA32 -> 0 | K30: ='FEEDER Consumption '!C34 -> 0 | L30: ='FEEDER Consumption '!E34 -> 0 | M30: ='FEEDER Consumption '!G34 -> 0 | N30: ='FEEDER Consumption '!I34 -> 0 | O30: ='FEEDER Consumption '!K34 -> 0 | P30: ='FEEDER Consumption '!M34 -> 0 | Q30: ='FEEDER Consumption '!O34 -> 0 | R30: ='FEEDER Consumption '!Q34 -> 0 | S30: ='FEEDER Consumption '!S34 -> 0 | T30: ='FEEDER Consumption '!U34 -> 0 | U30: ='FEEDER Consumption '!W34 -> 0 | V30: ='FEEDER Consumption '!Y34 -> 0 | W30: ='FEEDER Consumption '!AA34 -> 0 | X30: ='FEEDER Consumption '!AC34 -> 0 | Y30: ='FEEDER Consumption '!AE34 -> 0 | Z30: ='FEEDER Consumption '!AG34 -> 0 | AA30: ='FEEDER Consumption '!AI34 -> 0 | AB30: ='FEEDER Consumption '!AK34 -> 0 | AC30: ='FEEDER Consumption '!AM34 -> 0 | AD30: ='FEEDER Consumption '!AO34 -> 0 | AE30: ='FEEDER Consumption '!AQ34 -> 0 | AF30: ='FEEDER Consumption '!AS34 -> 0 | AG30: ='FEEDER Consumption '!AU34 -> 0 | AH30: ='FEEDER Consumption '!AW34 -> 0 | AI30: ='FEEDER Consumption '!AY34 -> 0 | AJ30: ='FEEDER Consumption '!BA34 -> 0 | AK30: ='FEEDER Consumption '!BC34 -> 0 | AL30: ='FEEDER Consumption '!BE34 -> 0 | AM30: ='FEEDER Consumption '!BG34 -> 0 | AN30: ='Water Plant Daily Performance'!C32 -> 0 | AO30: ='Water Plant Daily Performance'!I32 -> 0 | AP30: ='Water Plant Daily Performance'!O32 -> 0 | AQ30: ='Water Plant Daily Performance'!U32 -> 0 | AR30: =Water!AD35 -> 0 | AS30: =Water!AH35 -> 0 | AT30: =Water!AJ35 -> 0 | AU30: =Water!AL35 -> 0 | AV30: =Water!AN35 -> 0 | AW30: =Water!AP35 -> 0 | AX30: =Water!AR35 -> 0 | AY30: =Water!AT35 -> 0 | AZ30: =Water!AT35 -> 0 | BA30: =Water!AX35 -> 0 | BB30: =Water!AZ35 -> 0 | BC30: =Water!BB35 -> 0 | BD30: =Water!BD35 -> 0 | BE30: =Water!BF35 -> 0 | BF30: =Water!BH35 -> 0 | BG30: =Water!BJ35 -> 0 | BH30: =Water!BL35 -> 0 | BI30: =Water!BP35 -> 0 | BJ30: =Water!BR35 -> 0 | BK30: =Water!BT35 -> 0 | BL30: =Water!BV35 -> 0 | BM30: ='Room Nights & Food Covers'!B36 -> 0 | BN30: ='Room Nights & Food Covers'!D36 -> 2507
A31: Maldives at Landaa Giraavaru | B31: 30 | C31: =TOTAL!C31 -> 3 | D31: =TOTAL!D31 -> 2023 | E31: =Solar!C35 -> 0 | F31: ='Powerhouse Daily Performance'!C33 -> 0 | G31: ='Powerhouse Daily Performance'!I33 -> 0 | H31: ='Powerhouse Daily Performance'!O33 -> 0 | I31: ='Powerhouse Daily Performance'!U33 -> 0 | J31: ='Powerhouse Daily Performance'!AA33 -> 0 | K31: ='FEEDER Consumption '!C35 -> 0 | L31: ='FEEDER Consumption '!E35 -> 0 | M31: ='FEEDER Consumption '!G35 -> 0 | N31: ='FEEDER Consumption '!I35 -> 0 | O31: ='FEEDER Consumption '!K35 -> 0 | P31: ='FEEDER Consumption '!M35 -> 0 | Q31: ='FEEDER Consumption '!O35 -> 0 | R31: ='FEEDER Consumption '!Q35 -> 0 | S31: ='FEEDER Consumption '!S35 -> 0 | T31: ='FEEDER Consumption '!U35 -> 0 | U31: ='FEEDER Consumption '!W35 -> 0 | V31: ='FEEDER Consumption '!Y35 -> 0 | W31: ='FEEDER Consumption '!AA35 -> 0 | X31: ='FEEDER Consumption '!AC35 -> 0 | Y31: ='FEEDER Consumption '!AE35 -> 0 | Z31: ='FEEDER Consumption '!AG35 -> 0 | AA31: ='FEEDER Consumption '!AI35 -> 0 | AB31: ='FEEDER Consumption '!AK35 -> 0 | AC31: ='FEEDER Consumption '!AM35 -> 0 | AD31: ='FEEDER Consumption '!AO35 -> 0 | AE31: ='FEEDER Consumption '!AQ35 -> 0 | AF31: ='FEEDER Consumption '!AS35 -> 0 | AG31: ='FEEDER Consumption '!AU35 -> 0 | AH31: ='FEEDER Consumption '!AW35 -> 0 | AI31: ='FEEDER Consumption '!AY35 -> 0 | AJ31: ='FEEDER Consumption '!BA35 -> 0 | AK31: ='FEEDER Consumption '!BC35 -> 0 | AL31: ='FEEDER Consumption '!BE35 -> 0 | AM31: ='FEEDER Consumption '!BG35 -> 0 | AN31: ='Water Plant Daily Performance'!C33 -> 0 | AO31: ='Water Plant Daily Performance'!I33 -> 0 | AP31: ='Water Plant Daily Performance'!O33 -> 0 | AQ31: ='Water Plant Daily Performance'!U33 -> 0 | AR31: =Water!AD36 -> 0 | AS31: =Water!AH36 -> 0 | AT31: =Water!AJ36 -> 0 | AU31: =Water!AL36 -> 0 | AV31: =Water!AN36 -> 0 | AW31: =Water!AP36 -> 0 | AX31: =Water!AR36 -> 0 | AY31: =Water!AT36 -> 0 | AZ31: =Water!AT36 -> 0 | BA31: =Water!AX36 -> 0 | BB31: =Water!AZ36 -> 0 | BC31: =Water!BB36 -> 0 | BD31: =Water!BD36 -> 0 | BE31: =Water!BF36 -> 0 | BF31: =Water!BH36 -> 0 | BG31: =Water!BJ36 -> 0 | BH31: =Water!BL36 -> 0 | BI31: =Water!BP36 -> 0 | BJ31: =Water!BR36 -> 0 | BK31: =Water!BT36 -> 0 | BL31: =Water!BV36 -> 0 | BM31: ='Room Nights & Food Covers'!B37 -> 0 | BN31: ='Room Nights & Food Covers'!D37 -> 0
A32: Maldives at Landaa Giraavaru | B32: 31 | C32: =TOTAL!C32 -> 3 | D32: =TOTAL!D32 -> 2023 | E32: =Solar!C36 -> 0 | F32: ='Powerhouse Daily Performance'!C34 -> 0 | G32: ='Powerhouse Daily Performance'!I34 -> 0 | H32: ='Powerhouse Daily Performance'!O34 -> 0 | I32: ='Powerhouse Daily Performance'!U34 -> 0 | J32: ='Powerhouse Daily Performance'!AA34 -> 0 | K32: ='FEEDER Consumption '!C36 -> 0 | L32: ='FEEDER Consumption '!E36 -> 0 | M32: ='FEEDER Consumption '!G36 -> 0 | N32: ='FEEDER Consumption '!I36 -> 0 | O32: ='FEEDER Consumption '!K36 -> 0 | P32: ='FEEDER Consumption '!M36 -> 0 | Q32: ='FEEDER Consumption '!O36 -> 0 | R32: ='FEEDER Consumption '!Q36 -> 0 | S32: ='FEEDER Consumption '!S36 -> 0 | T32: ='FEEDER Consumption '!U36 -> 0 | U32: ='FEEDER Consumption '!W36 -> 0 | V32: ='FEEDER Consumption '!Y36 -> 0 | W32: ='FEEDER Consumption '!AA36 -> 0 | X32: ='FEEDER Consumption '!AC36 -> 0 | Y32: ='FEEDER Consumption '!AE36 -> 0 | Z32: ='FEEDER Consumption '!AG36 -> 0 | AA32: ='FEEDER Consumption '!AI36 -> 0 | AB32: ='FEEDER Consumption '!AK36 -> 0 | AC32: ='FEEDER Consumption '!AM36 -> 0 | AD32: ='FEEDER Consumption '!AO36 -> 0 | AE32: ='FEEDER Consumption '!AQ36 -> 0 | AF32: ='FEEDER Consumption '!AS36 -> 0 | AG32: ='FEEDER Consumption '!AU36 -> 0 | AH32: ='FEEDER Consumption '!AW36 -> 0 | AI32: ='FEEDER Consumption '!AY36 -> 0 | AJ32: ='FEEDER Consumption '!BA36 -> 0 | AK32: ='FEEDER Consumption '!BC36 -> 0 | AL32: ='FEEDER Consumption '!BE36 -> 0 | AM32: ='FEEDER Consumption '!BG36 -> 0 | AN32: ='Water Plant Daily Performance'!C34 -> 0 | AO32: ='Water Plant Daily Performance'!I34 -> 0 | AP32: ='Water Plant Daily Performance'!O34 -> 0 | AQ32: ='Water Plant Daily Performance'!U34 -> 0 | AR32: =Water!AD37 -> 0 | AS32: =Water!AH37 -> 0 | AT32: =Water!AJ37 -> 0 | AU32: =Water!AL37 -> 0 | AV32: =Water!AN37 -> 0 | AW32: =Water!AP37 -> 0 | AX32: =Water!AR37 -> 0 | AY32: =Water!AT37 -> 0 | AZ32: =Water!AT37 -> 0 | BA32: =Water!AX37 -> 0 | BB32: =Water!AZ37 -> 0 | BC32: =Water!BB37 -> 0 | BD32: =Water!BD37 -> 0 | BE32: =Water!BF37 -> 0 | BF32: =Water!BH37 -> 0 | BG32: =Water!BJ37 -> 0 | BH32: =Water!BL37 -> 0 | BI32: =Water!BP37 -> 0 | BJ32: =Water!BR37 -> 0 | BK32: =Water!BT37 -> 0 | BL32: =Water!BV37 -> 0 | BM32: ='Room Nights & Food Covers'!B38 -> 0 | BN32: ='Room Nights & Food Covers'!D38 -> 0

Sheet Daily Utility Report
A4: Daily Utility Report
A5: 44958
A7: DAY | B7: Occupancy | C7: No. of Guests | D7: Genset (Kwh) | E7: Solar (Kwh) | F7: Total (Kwh) | G7: Water Consumption ( m3) | H7: Gas Consumption (kg) | I7: Genset Diesel Consumption (Liters) | J7: Boats Diesel Consumption (Liters) | K7: Boats Petrol Consumption (Liters)
A8: 1 | B8: =TOTAL!M2 -> 57 | C8: ='Room Nights & Food Covers'!C5 -> 123 | D8: ='Powerhouse Daily Performance'!AG4 -> 27478 | E8: =Solar!C6 -> 3199 | F8: =E8+D8 -> 30677 | G8: ='Water Plant Daily Performance'!AG4 -> 350 | H8: ='LPG Gas'!G5 -> 225 | I8: ='Diesel consumption'!C8 -> 7750 | J8: ='Diesel consumption'!F8 -> 500 | K8: ='Diesel consumption'!M8 -> 800
A9: 2 | B9: =TOTAL!M3 -> 57 | C9: ='Room Nights & Food Covers'!C6 -> 125 | D9: ='Powerhouse Daily Performance'!AG5 -> 28384 | E9: =Solar!C7 -> 2956 | F9: =E9+D9 -> 31340 | G9: ='Water Plant Daily Performance'!AG5 -> 341 | H9: ='LPG Gas'!G6 -> 225 | I9: ='Diesel consumption'!C9 -> 7890 | J9: ='Diesel consumption'!F9 -> 3440 | K9: ='Diesel consumption'!M9 -> 1750
A10: 3 | B10: =TOTAL!M4 -> 58 | C10: ='Room Nights & Food Covers'!C7 -> 128 | D10: ='Powerhouse Daily Performance'!AG6 -> 28047 | E10: =Solar!C8 -> 3031 | F10: =E10+D10 -> 31078 | G10: ='Water Plant Daily Performance'!AG6 -> 338 | H10: ='LPG Gas'!G7 -> 315 | I10: ='Diesel consumption'!C10 -> 7780 | J10: ='Diesel consumption'!F10 -> 640 | K10: ='Diesel consumption'!M10 -> 740
A11: 4 | B11: =TOTAL!M5 -> 59 | C11: ='Room Nights & Food Covers'!C8 -> 124 | D11: ='Powerhouse Daily Performance'!AG7 -> 27363 | E11: =Solar!C9 -> 2866 | F11: =E11+D11 -> 30229 | G11: ='Water Plant Daily Performance'!AG7 -> 377 | H11: ='LPG Gas'!G8 -> 270 | I11: ='Diesel consumption'!C11 -> 7580 | J11: ='Diesel consumption'!F11 -> 2090 | K11: ='Diesel consumption'!M11 -> 550
A12: 5 | B12: =TOTAL!M6 -> 56 | C12: ='Room Nights & Food Covers'!C9 -> 126 | D12: ='Powerhouse Daily Performance'!AG8 -> 26732 | E12: =Solar!C10 -> 2096 | F12: =E12+D12 -> 28828 | G12: ='Water Plant Daily Performance'!AG8 -> 298 | H12: ='LPG Gas'!G9 -> 270 | I12: ='Diesel consumption'!C12 -> 7360 | J12: ='Diesel consumption'!F12 -> 0 | K12: ='Diesel consumption'!M12 -> 1200
A13: 6 | B13: =TOTAL!M7 -> 63 | C13: ='Room Nights & Food Covers'!C10 -> 135 | D13: ='Powerhouse Daily Performance'!AG9 -> 25607 | E13: =Solar!C11 -> 1133 | F13: =E13+D13 -> 26740 | G13: ='Water Plant Daily Performance'!AG9 -> 297 | H13: ='LPG Gas'!G10 -> 180 | I13: ='Diesel consumption'!C13 -> 7070 | J13: ='Diesel consumption'!F13 -> 1640 | K13: ='Diesel consumption'!M13 -> 2310
A14: 7 | B14: =TOTAL!M8 -> 61 | C14: ='Room Nights & Food Covers'!C11 -> 139 | D14: ='Powerhouse Daily Performance'!AG10 -> 26219 | E14: =Solar!C12 -> 3060 | F14: =E14+D14 -> 29279 | G14: ='Water Plant Daily Performance'!AG10 -> 344 | H14: ='LPG Gas'!G11 -> 315 | I14: ='Diesel consumption'!C14 -> 6410 | J14: ='Diesel consumption'!F14 -> 500 | K14: ='Diesel consumption'!M14 -> 960
A15: 8 | B15: =TOTAL!M9 -> 0 | C15: ='Room Nights & Food Covers'!C12 -> 0 | D15: ='Powerhouse Daily Performance'!AG11 -> 28435 | E15: =Solar!C13 -> 2975 | F15: =E15+D15 -> 31410 | G15: ='Water Plant Daily Performance'!AG11 -> 351 | H15: ='LPG Gas'!G12 -> 135 | I15: ='Diesel consumption'!C15 -> 9460 | J15: ='Diesel consumption'!F15 -> 0 | K15: ='Diesel consumption'!M15 -> 1290
A16: 9 | B16: =TOTAL!M10 -> 0 | C16: ='Room Nights & Food Covers'!C13 -> 0 | D16: ='Powerhouse Daily Performance'!AG12 -> 0 | E16: =Solar!C14 -> 0 | F16: =E16+D16 -> 0 | G16: ='Water Plant Daily Performance'!AG12 -> 0 | H16: ='LPG Gas'!G13 -> 0 | I16: ='Diesel consumption'!C16 -> 0 | J16: ='Diesel consumption'!F16 -> 0 | K16: ='Diesel consumption'!M16 -> 0
A17: 10 | B17: =TOTAL!M11 -> 0 | C17: ='Room Nights & Food Covers'!C14 -> 0 | D17: ='Powerhouse Daily Performance'!AG13 -> 0 | E17: =Solar!C15 -> 0 | F17: =E17+D17 -> 0 | G17: ='Water Plant Daily Performance'!AG13 -> 0 | H17: ='LPG Gas'!G14 -> 0 | I17: ='Diesel consumption'!C17 -> 0 | J17: ='Diesel consumption'!F17 -> 0 | K17: ='Diesel consumption'!M17 -> 0
A18: 11 | B18: =TOTAL!M12 -> 0 | C18: ='Room Nights & Food Covers'!C15 -> 0 | D18: ='Powerhouse Daily Performance'!AG14 -> 0 | E18: =Solar!C16 -> 0 | F18: =E18+D18 -> 0 | G18: ='Water Plant Daily Performance'!AG14 -> 0 | H18: ='LPG Gas'!G15 -> 0 | I18: ='Diesel consumption'!C18 -> 0 | J18: ='Diesel consumption'!F18 -> 0 | K18: ='Diesel consumption'!M18 -> 0
A19: 12 | B19: =TOTAL!M13 -> 0 | C19: ='Room Nights & Food Covers'!C16 -> 0 | D19: ='Powerhouse Daily Performance'!AG15 -> 0 | E19: =Solar!C17 -> 0 | F19: =E19+D19 -> 0 | G19: ='Water Plant Daily Performance'!AG15 -> 0 | H19: ='LPG Gas'!G16 -> 0 | I19: ='Diesel consumption'!C19 -> 0 | J19: ='Diesel consumption'!F19 -> 0 | K19: ='Diesel consumption'!M19 -> 0
... A35: 28 | B35: =TOTAL!M29 -> 0 | C35: ='Room Nights & Food Covers'!C32 -> 0 | D35: ='Powerhouse Daily Performance'!AG31 -> 0 | E35: =Solar!C33 -> 0 | F35: =E35+D35 -> 0 | G35: ='Water Plant Daily Performance'!AG31 -> 0 | H35: ='LPG Gas'!G32 -> 0 | I35: ='Diesel consumption'!C35 -> 0 | J35: ='Diesel consumption'!F35 -> 0 | K35: ='Diesel consumption'!M35 -> 0
A36: 29 | B36: =TOTAL!M30 -> 0 | C36: ='Room Nights & Food Covers'!C36 -> 0 | D36: ='Powerhouse Daily Performance'!AG32 -> 0 | E36: =Solar!C34 -> 0 | F36: =E36+D36 -> 0 | G36: ='Water Plant Daily Performance'!AG32 -> 0 | H36: ='LPG Gas'!G33 -> 0 | I36: ='Diesel consumption'!C36 -> 0 | J36: ='Diesel consumption'!F36 -> 0 | K36: ='Diesel consumption'!M36 -> 0
A37: 30 | B37: =TOTAL!M31 -> 0 | C37: ='Room Nights & Food Covers'!C37 -> 0 | D37: ='Powerhouse Daily Performance'!AG33 -> 0 | E37: =Solar!C35 -> 0 | F37: =E37+D37 -> 0 | G37: ='Water Plant Daily Performance'!AG33 -> 0 | H37: ='LPG Gas'!G34 -> 0 | I37: ='Diesel consumption'!C37 -> 0 | J37: ='Diesel consumption'!F37 -> 0 | K37: ='Diesel consumption'!M37 -> 0
A38: 31 | B38: =TOTAL!M32 -> 0 | C38: ='Room Nights & Food Covers'!C38 -> 0 | D38: ='Powerhouse Daily Performance'!AG34 -> 0 | E38: =Solar!C36 -> 0 | F38: =E38+D38 -> 0 | G38: ='Water Plant Daily Performance'!AG34 -> 0 | H38: ='LPG Gas'!G35 -> 0 | I38: ='Diesel consumption'!C38 -> 0 | J38: ='Diesel consumption'!F38 -> 0 | K38: ='Diesel consumption'!M38 -> 0
A39: Total | D39: ='Powerhouse Daily Performance'!AG35 -> 218265 | E39: =SUM(E8:E38) -> 21316 | F39: =SUM(F8:F35) -> 239581 | G39: =SUM(G8:G38) -> 2696 | H39: ='LPG Gas'!G36 -> 0 | I39: =SUM(I8:I35) -> 61300 | J39: =SUM(J8:J35) -> 8810 | K39: =SUM(K8:K35) -> 9600
A40: Avg | D40: ='Powerhouse Daily Performance'!AG36 -> 0 | E40: =Solar!C38 -> 0 | F40: =F39/A41 -> 7728.4194 | G40: ='Water Plant Daily Performance'!AG36 -> 0 | H40: ='LPG Gas'!G37 -> 0 | I40: =I39/A41 -> 1977.4194 | J40: =J39/A41 -> 284.19355 | K40: =K39/A41 -> 309.67742
A41: 31

Sheet All Genset Readings
A1: All Genset Meter Readings
A4: Date | C4: Generator No. 1 - 1000 KVA | G4: Generator No. 2 - 1600 KVA | K4: Generator No. 3 - 900 KVA | O4: Generator No. 4 - 500 KVA | S4: Generator No. 5 - 1000 KVA
C5: Kwh | D5: R. Hours | E5: Diesel | G5: Kwh | H5: R. Hours | I5: Diesel | K5: Kwh | L5: R. Hours | M5: Diesel | O5: Kwh | P5: R. Hours | Q5: Diesel | S5: Kwh | T5: R. Hours | U5: Diesel
A6: 44985 | C6: 20933641 | D6: 37985 | G6: 35323684 | H6: 43254 | K6: 15890284 | L6: 80806 | O6: 12942208 | P6: 53927 | S6: 21963230 | T6: 83260
A7: =A6+1 -> 44986 | C7: 20938554 | D7: 37996 | E7: 1520 | G7: 35334283 | H7: 43268 | I7: 3230 | K7: 15894495 | L7: 80817 | M7: 1140 | O7: 12944508 | P7: 53937 | Q7: 720 | S7: 21968685 | T7: 83272 | U7: 1120
A8: =A7+1 -> 44987 | C8: 20944978 | D8: 38009 | E8: 1830 | G8: 35342530 | H8: 43278 | I8: 2470 | K8: 15901152 | L8: 80833 | M8: 1600 | O8: 12946914 | P8: 53947 | Q8: 610 | S8: 21973335 | T8: 83282 | U8: 1460
A9: =A8+1 -> 44988 | C9: 20950996 | D9: 38022 | E9: 2070 | G9: 35349682 | H9: 43288 | I9: 2110 | K9: 15906128 | L9: 80845 | M9: 1320 | O9: 12949564 | P9: 53958 | Q9: 810 | S9: 21980586 | T9: 83299 | U9: 1450
A10: =A9+1 -> 44989 | C10: 20958688 | D10: 38038 | E10: 2000 | G10: 35356115 | H10: 43296 | I10: 1920 | K10: 15911056 | L10: 80856 | M10: 1190 | O10: 12952507 | P10: 53970 | Q10: 780 | S10: 21985953 | T10: 83309 | U10: 1480
A11: =A10+1 -> 44990 | C11: 20960438 | D11: 38043 | E11: 500 | G11: 35361837 | H11: 43303 | I11: 1600 | K11: 15918602 | L11: 80873 | M11: 1880 | O11: 12955764 | P11: 53983 | Q11: 590 | S11: 21994410 | T11: 83326 | U11: 2300
A12: =A11+1 -> 44991 | C12: 20960438 | D12: 38043 | E12: 0 | G12: 35378394 | H12: 43325 | I12: 4820 | K12: 15919524 | L12: 80876 | M12: 250 | O12: 12956390 | P12: 53987 | Q12: 120 | S12: 22001912 | T12: 83343 | U12: 1860
A13: =A12+1 -> 44992 | C13: 20963821 | D13: 38051 | E13: 0 | G13: 35391216 | H13: 43343 | I13: 3570 | K13: 15925477 | L13: 80890 | M13: 1890 | O13: 12958302 | P13: 53995 | Q13: 530 | S13: 22004061 | T13: 83348 | U13: 400
A14: =A13+1 -> 44993 | C14: 20969354 | D14: 38063 | E14: 3270 | G14: 35401008 | H14: 43356 | I14: 2770 | K14: 15933277 | L14: 80908 | M14: 2000 | O14: 12958856 | P14: 53998 | Q14: 170 | S14: 22008817 | T14: 83358 | U14: 1190
A15: =A14+1 -> 44994
A16: =A15+1 -> 44995
A17: =A16+1 -> 44996
A18: =A17+1 -> 44997
A19: =A18+1 -> 44998
A20: =A19+1 -> 44999
A21: =A20+1 -> 45000
A22: =A21+1 -> 45001
A23: =A22+1 -> 45002
A24: =A23+1 -> 45003
A25: =A24+1 -> 45004
A26: =A25+1 -> 45005
... A37: =A36+1 -> 45016

Sheet Diesel consumption
A1: Diesel Consumption meter reading
A3: Diesel Consumption - Powerhouse | E3: Diesel Tank Jetty Meter | L3: Petrol Tank Jetty Meter
E5: Boat meter Reading | L5: Boat meter Reading
A6: Date | B6: Today | C6: ConsumptionIn 24 hrs | E6: Reading | F6: Consumption (Liters) | H6: In Barrels | J6: Carbon Emmision | L6: Reading | M6: Consumption (Liters)
A7: ='All Genset Readings'!A6 -> 44985 | B7: 48722640 | E7: 1488590 | H7: =C7/200 -> 0 | J7: =2.68*C7 -> 0 | K7: =J7/1000 -> 0 | L7: 51170
A8: ='All Genset Readings'!A7 -> 44986 | B8: 48730390 | C8: =MAX(0,B8-B7) -> 7750 | E8: 1489090 | F8: =MAX(0,E8-E7) -> 500 | H8: =C8/200 -> 38.75 | J8: =2.68*C8 -> 20770 | K8: =J8/1000 -> 20.77 | L8: 51970 | M8: =MAX(0,L8-L7) -> 800
A9: ='All Genset Readings'!A8 -> 44987 | B9: 48738280 | C9: =MAX(0,B9-B8) -> 7890 | E9: 1492530 | F9: =MAX(0,E9-E8) -> 3440 | H9: =C9/200 -> 39.45 | J9: =2.68*C9 -> 21145.2 | K9: =J9/1000 -> 21.1452 | L9: 53720 | M9: =MAX(0,L9-L8) -> 1750
A10: ='All Genset Readings'!A9 -> 44988 | B10: 48746060 | C10: =MAX(0,B10-B9) -> 7780 | E10: 1493170 | F10: =MAX(0,E10-E9) -> 640 | H10: =C10/200 -> 38.9 | J10: =2.68*C10 -> 20850.4 | K10: =J10/1000 -> 20.8504 | L10: 54460 | M10: =MAX(0,L10-L9) -> 740
A11: ='All Genset Readings'!A10 -> 44989 | B11: 48753640 | C11: =MAX(0,B11-B10) -> 7580 | E11: 1495260 | F11: =MAX(0,E11-E10) -> 2090 | H11: =C11/200 -> 37.9 | J11: =2.68*C11 -> 20314.4 | K11: =J11/1000 -> 20.3144 | L11: 55010 | M11: =MAX(0,L11-L10) -> 550
A12: ='All Genset Readings'!A11 -> 44990 | B12: 48761000 | C12: =MAX(0,B12-B11) -> 7360 | E12: 1495260 | F12: =MAX(0,E12-E11) -> 0 | H12: =C12/200 -> 36.8 | J12: =2.68*C12 -> 19724.8 | K12: =J12/1000 -> 19.7248 | L12: 56210 | M12: =MAX(0,L12-L11) -> 1200
A13: ='All Genset Readings'!A12 -> 44991 | B13: 48768070 | C13: =MAX(0,B13-B12) -> 7070 | E13: 1496900 | F13: =MAX(0,E13-E12) -> 1640 | H13: =C13/200 -> 35.35 | J13: =2.68*C13 -> 18947.6 | K13: =J13/1000 -> 18.9476 | L13: 58520 | M13: =MAX(0,L13-L12) -> 2310
A14: ='All Genset Readings'!A13 -> 44992 | B14: 48774480 | C14: =MAX(0,B14-B13) -> 6410 | E14: 1497400 | F14: =MAX(0,E14-E13) -> 500 | H14: =C14/200 -> 32.05 | J14: =2.68*C14 -> 17178.8 | K14: =J14/1000 -> 17.1788 | L14: 59480 | M14: =MAX(0,L14-L13) -> 960
A15: ='All Genset Readings'!A14 -> 44993 | B15: 48783940 | C15: =MAX(0,B15-B14) -> 9460 | E15: 1497400 | F15: =MAX(0,E15-E14) -> 0 | H15: =C15/200 -> 47.3 | J15: =2.68*C15 -> 25352.8 | K15: =J15/1000 -> 25.3528 | L15: 60770 | M15: =MAX(0,L15-L14) -> 1290
A16: ='All Genset Readings'!A15 -> 44994 | C16: =MAX(0,B16-B15) -> 0 | F16: =MAX(0,E16-E15) -> 0 | H16: =C16/200 -> 0 | J16: =2.68*C16 -> 0 | K16: =J16/1000 -> 0 | M16: =MAX(0,L16-L15) -> 0
A17: ='All Genset Readings'!A16 -> 44995 | C17: =MAX(0,B17-B16) -> 0 | F17: =MAX(0,E17-E16) -> 0 | H17: =C17/200 -> 0 | J17: =2.68*C17 -> 0 | K17: =J17/1000 -> 0 | M17: =MAX(0,L17-L16) -> 0
A18: ='All Genset Readings'!A17 -> 44996 | C18: =MAX(0,B18-B17) -> 0 | F18: =MAX(0,E18-E17) -> 0 | H18: =C18/200 -> 0 | J18: =2.68*C18 -> 0 | K18: =J18/1000 -> 0 | M18: =MAX(0,L18-L17) -> 0
A19: ='All Genset Readings'!A18 -> 44997 | C19: =MAX(0,B19-B18) -> 0 | F19: =MAX(0,E19-E18) -> 0 | H19: =C19/200 -> 0 | J19: =2.68*C19 -> 0 | K19: =J19/1000 -> 0 | M19: =MAX(0,L19-L18) -> 0
A20: ='All Genset Readings'!A19 -> 44998 | C20: =MAX(0,B20-B19) -> 0 | F20: =MAX(0,E20-E19) -> 0 | H20: =C20/200 -> 0 | J20: =2.68*C20 -> 0 | K20: =J20/1000 -> 0 | M20: =MAX(0,L20-L19) -> 0
A21: ='All Genset Readings'!A20 -> 44999 | C21: =MAX(0,B21-B20) -> 0 | F21: =MAX(0,E21-E20) -> 0 | H21: =C21/200 -> 0 | J21: =2.68*C21 -> 0 | K21: =J21/1000 -> 0 | M21: =MAX(0,L21-L20) -> 0
A22: ='All Genset Readings'!A21 -> 45000 | C22: =MAX(0,B22-B21) -> 0 | F22: =MAX(0,E22-E21) -> 0 | H22: =C22/200 -> 0 | J22: =2.68*C22 -> 0 | K22: =J22/1000 -> 0 | M22: =MAX(0,L22-L21) -> 0
A23: ='All Genset Readings'!A22 -> 45001 | C23: =MAX(0,B23-B22) -> 0 | F23: =MAX(0,E23-E22) -> 0 | H23: =C23/200 -> 0 | J23: =2.68*C23 -> 0 | K23: =J23/1000 -> 0 | M23: =MAX(0,L23-L22) -> 0
A24: ='All Genset Readings'!A23 -> 45002 | C24: =MAX(0,B24-B23) -> 0 | F24: =MAX(0,E24-E23) -> 0 | H24: =C24/200 -> 0 | J24: =2.68*C24 -> 0 | K24: =J24/1000 -> 0 | M24: =MAX(0,L24-L23) -> 0
A25: ='All Genset Readings'!A24 -> 45003 | C25: =MAX(0,B25-B24) -> 0 | F25: =MAX(0,E25-E24) -> 0 | H25: =C25/200 -> 0 | J25: =2.68*C25 -> 0 | K25: =J25/1000 -> 0 | M25: =MAX(0,L25-L24) -> 0
A26: ='All Genset Readings'!A25 -> 45004 | C26: =MAX(0,B26-B25) -> 0 | F26: =MAX(0,E26-E25) -> 0 | H26: =C26/200 -> 0 | J26: =2.68*C26 -> 0 | K26: =J26/1000 -> 0 | M26: =MAX(0,L26-L25) -> 0
A27: ='All Genset Readings'!A26 -> 45005 | C27: =MAX(0,B27-B26) -> 0 | F27: =MAX(0,E27-E26) -> 0 | H27: =C27/200 -> 0 | J27: =2.68*C27 -> 0 | K27: =J27/1000 -> 0 | M27: =MAX(0,L27-L26) -> 0
... A35: ='All Genset Readings'!A34 -> 45013 | C35: =MAX(0,B35-B34) -> 0 | F35: =MAX(0,E35-E34) -> 0 | H35: =C35/200 -> 0 | J35: =2.68*C35 -> 0 | K35: =J35/1000 -> 0 | M35: =MAX(0,L35-L34) -> 0
A36: ='All Genset Readings'!A35 -> 45014 | C36: =MAX(0,B36-B35) -> 0 | F36: =MAX(0,E36-E35) -> 0 | H36: =SUM(H7:H35) -> 306.5 | J36: =2.68*C36 -> 0 | K36: =J36/1000 -> 0 | M36: =MAX(0,L36-L35) -> 0
A37: ='All Genset Readings'!A36 -> 45015 | C37: =MAX(0,B37-B36) -> 0 | F37: =MAX(0,E37-E36) -> 0 | M37: =MAX(0,L37-L36) -> 0
A38: ='All Genset Readings'!A37 -> 45016 | C38: =MAX(0,B38-B37) -> 0 | F38: =MAX(0,E38-E37) -> 0 | M38: =MAX(0,L38-L37) -> 0

Sheet Solar
A1: Solar Meter Reading
A4: DAY | B4: TODAY | C4: Final Consumption( KWh) | D4: Weather Condition | E4: Temperature
A5: ='Diesel consumption'!A7 -> 44985 | B5: 4422588
A6: ='Diesel consumption'!A8 -> 44986 | B6: 4425787 | C6: =MAX(0,B6-B5) -> 3199
A7: ='Diesel consumption'!A9 -> 44987 | B7: 4428743 | C7: =MAX(0,B7-B6) -> 2956
A8: ='Diesel consumption'!A10 -> 44988 | B8: 4431774 | C8: =MAX(0,B8-B7) -> 3031
A9: ='Diesel consumption'!A11 -> 44989 | B9: 4434640 | C9: =MAX(0,B9-B8) -> 2866
A10: ='Diesel consumption'!A12 -> 44990 | B10: 4436736 | C10: =MAX(0,B10-B9) -> 2096 | I10: 1 liter diesel | J10: 3.61 kwh
A11: ='Diesel consumption'!A13 -> 44991 | B11: 4437869 | C11: =MAX(0,B11-B10) -> 1133 | I11: 212.88 diesel | J11: 768.50 kwh
A12: ='Diesel consumption'!A14 -> 44992 | B12: 4440929 | C12: =MAX(0,B12-B11) -> 3060
A13: ='Diesel consumption'!A15 -> 44993 | B13: 4443904 | C13: =MAX(0,B13-B12) -> 2975
A14: ='Diesel consumption'!A16 -> 44994 | C14: =MAX(0,B14-B13) -> 0
A15: ='Diesel consumption'!A17 -> 44995 | C15: =MAX(0,B15-B14) -> 0
A16: ='Diesel consumption'!A18 -> 44996 | C16: =MAX(0,B16-B15) -> 0
A17: ='Diesel consumption'!A19 -> 44997 | C17: =MAX(0,B17-B16) -> 0
A18: ='Diesel consumption'!A20 -> 44998 | C18: =MAX(0,B18-B17) -> 0
A19: ='Diesel consumption'!A21 -> 44999 | C19: =MAX(0,B19-B18) -> 0
A20: ='Diesel consumption'!A22 -> 45000 | C20: =MAX(0,B20-B19) -> 0
A21: ='Diesel consumption'!A23 -> 45001 | C21: =MAX(0,B21-B20) -> 0
A22: ='Diesel consumption'!A24 -> 45002 | C22: =MAX(0,B22-B21) -> 0
A23: ='Diesel consumption'!A25 -> 45003 | C23: =MAX(0,B23-B22) -> 0
A24: ='Diesel consumption'!A26 -> 45004 | C24: =MAX(0,B24-B23) -> 0
A25: ='Diesel consumption'!A27 -> 45005 | C25: =MAX(0,B25-B24) -> 0
... A36: ='Diesel consumption'!A38 -> 45016 | C36: =MAX(0,B36-B35) -> 0
A37: Total | C37: =SUM(C6:C36) -> 21316

Sheet Water
A1: RO Plant Water Production Meter Reading | AB1: Water Consumption Submeters
A4: Plant A - 250 m3/day | F4: Plant B - 110 m3/day | K4: Plant C - 270 m3/day | P4: Plant D - 110 m3/day | U4: Drinking Water | AB4: Laundry - Avg Consumption 28 m3 | AG4: Staff Block - E0 - Avg Consumption 6 m3 | AI4: Staff Block - E1 - Avg Consumption 10 m3 | AK4: Staff Block - E2 - Avg Consumption 13 m3 | AM4: Staff Block - E3 -Avg Consumption 8 m3 | AO4: Staff Block - E4 - Avg Consumption 7 m3 | AQ4: Staff Block - E5 - Avg Consumption 10 m3 | AS4: Management Block - Avg Consumption 6 m3 | AU4: PC Block - Avg Consumption 2 m3 | AW4: GM Bungalow - Avg Consumption 1 m3 | AY4: Boat Dock - Avg Consumption 4.5 m3 | BA4: Supply Jetty - Avg Consumption 2.5 m3 | BC4: Main Kitchen - Avg Consumption 30 m3 | BE4: Day Facility - Avg Consumption 3 m3 | BG4: Reception - Avg Consumption 1 m3 | BI4: Main Pool- Avg Consumption 5 m3 | BK4: Dive Center - Avg Consumption 4 m3 | BO4: Albarakthu - Avg Consumption 2 m3 | BQ4: Blu Resturant - Avg Consumption 20 m3 | BS4: Main Jetty - Avg Consumption 2 m3 | BU4: Landaa Estate - Avg Consumption 2 m3 | BX4: Hose 3 | CA4: Hose 4 | CD4: Main Pool
A5: DAY | B5: Water Production (M3) | C5: Running Hrs | D5: Elect Cons. (Kwh) | F5: DAY | G5: Water Production (m3) | H5: Running Hrs | I5: Elect Cons. (Kwh) | K5: DAY | L5: Water Production (m3) | M5: Running Hrs | N5: Elect Cons. (Kwh) | P5: DAY | Q5: Water Production (m3) | R5: Running Hrs | S5: Elect Cons. (Kwh) | U5: Water Production (m3) | V5: Running Hrs | W5: Elect Cons. (Kwh) | X5: Occ% | Y5: Total Number of Guests | Z5: Water Consumption per Guest | AB5: DAY | AC5: Reading | AD5: Usage (m3) | AE5: Variance (Today vs Ystday) | AF5: % | AG5: Reading | AH5: Usage (m3) | AI5: Reading | AJ5: Usage (m3) | AK5: Reading | AL5: Usage (m3) | AM5: Reading | AN5: Usage (m3) | AO5: Reading | AP5: Usage (m3) | AQ5: Reading | AR5: Usage (m3) | AS5: Reading | AT5: Usage (m3) | AU5: Reading | AV5: Usage (m3) | AW5: Reading | AX5: Usage (m3) | AY5: Reading | AZ5: Usage | BA5: Reading | BB5: Usage (m3) | BC5: Reading | BD5: Usage (m3) | BE5: Reading | BF5: Usage (m3) | BG5: Reading | BH5: Usage | BI5: Reading | BJ5: Usage (m3) | BK5: Reading | BL5: Usage | BM5: Variance (Today vs Ystday) | BN5: % | BO5: Reading | BP5: Usage (m3) | BQ5: Reading | BR5: Usage (m3) | BS5: Reading | BT5: Usage | BU5: Reading | BV5: Usage (m3) | BW5: Usage (m3) | BX5: Yesterday | BY5: Today | BZ5: Usage (m3) | CA5: Yesterday | CB5: Today | CC5: Usage (m3) | CD5: Yesterday | CE5: Today | CF5: Usage (m3)
A6: =Solar!A5 -> 44985 | B6: 23742 | C6: 2288 | F6: 1 | G6: 43304 | H6: 77933 | K6: 1 | L6: 857545 | M6: 61006 | P6: 1 | Q6: 3244 | R6: 82862 | U6: 4610 | X6: =#REF! -> #REF! | Y6: 81 | Z6: =#REF!/Y6 -> #REF! | AB6: =A6 -> 44985 | AC6: 50201 | AG6: 11254 | AI6: 10902 | AK6: 20579 | AM6: 36464 | AO6: 10000 | AQ6: 26995 | AS6: 10985 | AU6: 4333 | AW6: 1908 | AY6: 29569 | BA6: 3718 | BC6: 88631 | BE6: 27133 | BG6: 12936 | BI6: 20175 | BK6: 21368 | BO6: 10376 | BQ6: 28237 | BS6: 3064 | BU6: 368 | BW6: =#REF!-#REF! -> #REF! | BZ6: =BY6-BX6 -> 0 | CC6: =CB6-CA6 -> 0 | CF6: =CE6-CD6 -> 0
A7: =Solar!A6 -> 44986 | B7: 23921 | C7: 2306 | G7: 43304 | H7: 77933 | L7: 857706 | M7: 61022 | Q7: 3254 | R7: 82863 | U7: 4612 | X7: =#REF! -> #REF! | Y7: 81 | Z7: =#REF!/Y7 -> #REF! | AB7: =A7 -> 44986 | AC7: 50226 | AD7: =MAX(0,AC7-AC6) -> 25 | AG7: 11260 | AH7: =MAX(0,AG7-AG6) -> 6 | AI7: 10911 | AJ7: =MAX(0,AI7-AI6) -> 9 | AK7: 20589 | AL7: =MAX(0,AK7-AK6) -> 10 | AM7: 36470 | AN7: =MAX(0,AM7-AM6) -> 6 | AO7: 10005 | AP7: =MAX(0,AO7-AO6) -> 5 | AQ7: 27002 | AR7: =MAX(0,AQ7-AQ6) -> 7 | AS7: 10993 | AT7: =MAX(0,AS7-AS6) -> 8 | AU7: 4334 | AV7: =MAX(0,AU7-AU6) -> 1 | AW7: 1908 | AX7: =MAX(0,AW7-AW6) -> 0 | AY7: 29572 | AZ7: =MAX(0,AY7-AY6) -> 3 | BA7: 3720 | BB7: =MAX(0,BA7-BA6) -> 2 | BC7: 88659 | BD7: =MAX(0,BC7-BC6) -> 28 | BE7: 27141 | BF7: =MAX(0,BE7-BE6) -> 8 | BG7: 12937 | BH7: =MAX(0,BG7-BG6) -> 1 | BI7: 20183 | BJ7: =MAX(0,BI7-BI6) -> 8 | BK7: 21371 | BL7: =MAX(0,BK7-BK6) -> 3 | BO7: 10378 | BP7: =MAX(0,BO7-BO6) -> 2 | BQ7: 28252 | BR7: =MAX(0,BQ7-BQ6) -> 15 | BS7: 3065 | BT7: =MAX(0,BS7-BS6) -> 1 | BU7: 369 | BV7: =MAX(0,BU7-BU6) -> 1 | BW7: =#REF!-#REF! -> #REF! | BZ7: =BY7-BX7 -> 0 | CC7: =CB7-CA7 -> 0 | CF7: =CE7-CD7 -> 0
A8: =Solar!A7 -> 44987 | B8: 24080 | C8: 2322 | G8: 43333 | H8: 77938 | L8: 857857 | M8: 61037 | Q8: 3256 | R8: 82864 | U8: 4614 | X8: =#REF! -> #REF! | Y8: 93 | Z8: =#REF!/Y8 -> #REF! | AB8: =A8 -> 44987 | AC8: 50253 | AD8: =MAX(0,AC8-AC7) -> 27 | AE8: =AD8-AD7 -> 2 | AG8: 11264 | AH8: =MAX(0,AG8-AG7) -> 4 | AI8: 10919 | AJ8: =MAX(0,AI8-AI7) -> 8 | AK8: 20600 | AL8: =MAX(0,AK8-AK7) -> 11 | AM8: 36480 | AN8: =MAX(0,AM8-AM7) -> 10 | AO8: 10010 | AP8: =MAX(0,AO8-AO7) -> 5 | AQ8: 27012 | AR8: =MAX(0,AQ8-AQ7) -> 10 | AS8: 11002 | AT8: =MAX(0,AS8-AS7) -> 9 | AU8: 4336 | AV8: =MAX(0,AU8-AU7) -> 2 | AW8: 1914 | AX8: =MAX(0,AW8-AW7) -> 6 | AY8: 29575 | AZ8: =MAX(0,AY8-AY7) -> 3 | BA8: 3724 | BB8: =MAX(0,BA8-BA7) -> 4 | BC8: 88685 | BD8: =MAX(0,BC8-BC7) -> 26 | BE8: 27152 | BF8: =MAX(0,BE8-BE7) -> 11 | BG8: 12937 | BH8: =MAX(0,BG8-BG7) -> 0 | BI8: 20194 | BJ8: =MAX(0,BI8-BI7) -> 11 | BK8: 21375 | BL8: =MAX(0,BK8-BK7) -> 4 | BO8: 10384 | BP8: =MAX(0,BO8-BO7) -> 6 | BQ8: 28270 | BR8: =MAX(0,BQ8-BQ7) -> 18 | BS8: 3069 | BT8: =MAX(0,BS8-BS7) -> 4 | BU8: 371 | BV8: =MAX(0,BU8-BU7) -> 2 | BW8: =#REF!-#REF! -> #REF! | BX8: 23 | BY8: 0 | BZ8: =BY8-BX8 -> -23 | CA8: 10 | CB8: 0 | CC8: =CB8-CA8 -> -10 | CD8: 23 | CE8: 0 | CF8: =CE8-CD8 -> -23
A9: =Solar!A8 -> 44988 | B9: 24255 | C9: 2339 | G9: 43346 | H9: 77940 | L9: 858007 | M9: 61052 | Q9: 3256 | R9: 82864 | U9: 4616 | X9: =#REF! -> #REF! | Y9: 94 | Z9: =#REF!/Y9 -> #REF! | AB9: =A9 -> 44988 | AC9: 50279 | AD9: =MAX(0,AC9-AC8) -> 26 | AE9: =AD9-AD8 -> -1 | AG9: 11270 | AH9: =MAX(0,AG9-AG8) -> 6 | AI9: 10927 | AJ9: =MAX(0,AI9-AI8) -> 8 | AK9: 20612 | AL9: =MAX(0,AK9-AK8) -> 12 | AM9: 36486 | AN9: =MAX(0,AM9-AM8) -> 6 | AO9: 10016 | AP9: =MAX(0,AO9-AO8) -> 6 | AQ9: 27021 | AR9: =MAX(0,AQ9-AQ8) -> 9 | AS9: 11010 | AT9: =MAX(0,AS9-AS8) -> 8 | AU9: 4337 | AV9: =MAX(0,AU9-AU8) -> 1 | AW9: 1914 | AX9: =MAX(0,AW9-AW8) -> 0 | AY9: 29578 | AZ9: =MAX(0,AY9-AY8) -> 3 | BA9: 3727 | BB9: =MAX(0,BA9-BA8) -> 3 | BC9: 88712 | BD9: =MAX(0,BC9-BC8) -> 27 | BE9: 27162 | BF9: =MAX(0,BE9-BE8) -> 10 | BG9: 12938 | BH9: =MAX(0,BG9-BG8) -> 1 | BI9: 20197 | BJ9: =MAX(0,BI9-BI8) -> 3 | BK9: 21378 | BL9: =MAX(0,BK9-BK8) -> 3 | BO9: 10387 | BP9: =MAX(0,BO9-BO8) -> 3 | BQ9: 28299 | BR9: =MAX(0,BQ9-BQ8) -> 29 | BS9: 3071 | BT9: =MAX(0,BS9-BS8) -> 2 | BU9: 371 | BV9: =MAX(0,BU9-BU8) -> 0 | BW9: =#REF!-#REF! -> #REF! | BX9: =BY8 -> 0 | BZ9: =BY9-BX9 -> 0 | CA9: =CB8 -> 0 | CC9: =CB9-CA9 -> 0 | CD9: =CE8 -> 0 | CF9: =CE9-CD9 -> 0
A10: =Solar!A9 -> 44989 | B10: 24424 | C10: 2355 | G10: 43346 | H10: 77940 | L10: 858125 | M10: 61064 | Q10: 3346 | R10: 82877 | U10: 4618 | X10: =#REF! -> #REF! | Y10: 98 | Z10: =#REF!/Y10 -> #REF! | AB10: =A10 -> 44989 | AC10: 50304 | AD10: =MAX(0,AC10-AC9) -> 25 | AE10: =AD10-AD9 -> -1 | AG10: 11274 | AH10: =MAX(0,AG10-AG9) -> 4 | AI10: 10932 | AJ10: =MAX(0,AI10-AI9) -> 5 | AK10: 20621 | AL10: =MAX(0,AK10-AK9) -> 9 | AM10: 36495 | AN10: =MAX(0,AM10-AM9) -> 9 | AO10: 10022 | AP10: =MAX(0,AO10-AO9) -> 6 | AQ10: 27029 | AR10: =MAX(0,AQ10-AQ9) -> 8 | AS10: 11017 | AT10: =MAX(0,AS10-AS9) -> 7 | AU10: 4338 | AV10: =MAX(0,AU10-AU9) -> 1 | AW10: 1914 | AX10: =MAX(0,AW10-AW9) -> 0 | AY10: 29581 | AZ10: =MAX(0,AY10-AY9) -> 3 | BA10: 3727 | BB10: =MAX(0,BA10-BA9) -> 0 | BC10: 88743 | BD10: =MAX(0,BC10-BC9) -> 31 | BE10: 27172 | BF10: =MAX(0,BE10-BE9) -> 10 | BG10: 12940 | BH10: =MAX(0,BG10-BG9) -> 2 | BI10: 20203 | BJ10: =MAX(0,BI10-BI9) -> 6 | BK10: 21381 | BL10: =MAX(0,BK10-BK9) -> 3 | BO10: 10393 | BP10: =MAX(0,BO10-BO9) -> 6 | BQ10: 28304 | BR10: =MAX(0,BQ10-BQ9) -> 5 | BS10: 3074 | BT10: =MAX(0,BS10-BS9) -> 3 | BU10: 371 | BV10: =MAX(0,BU10-BU9) -> 0 | BW10: =#REF!-#REF! -> #REF! | BX10: =BY9 -> 0 | BZ10: =BY10-BX10 -> 0 | CA10: =CB9 -> 0 | CC10: =CB10-CA10 -> 0 | CD10: =CE9 -> 0 | CF10: =CE10-CD10 -> 0
A11: =Solar!A10 -> 44990 | B11: 24604 | C11: 2373 | G11: 43346 | H11: 77940 | L11: 858229 | M11: 61074 | Q11: 3360 | R11: 82880 | U11: 4618 | X11: =#REF! -> #REF! | Y11: 73 | Z11: =#REF!/Y11 -> #REF! | AB11: =A11 -> 44990 | AC11: 50331 | AD11: =MAX(0,AC11-AC10) -> 27 | AE11: =AD11-AD10 -> 2 | AG11: 11281 | AH11: =MAX(0,AG11-AG10) -> 7 | AI11: 10939 | AJ11: =MAX(0,AI11-AI10) -> 7 | AK11: 20632 | AL11: =MAX(0,AK11-AK10) -> 11 | AM11: 36504 | AN11: =MAX(0,AM11-AM10) -> 9 | AO11: 10027 | AP11: =MAX(0,AO11-AO10) -> 5 | AQ11: 27037 | AR11: =MAX(0,AQ11-AQ10) -> 8 | AS11: 11020 | AT11: =MAX(0,AS11-AS10) -> 3 | AU11: 4339 | AV11: =MAX(0,AU11-AU10) -> 1 | AW11: 1914 | AX11: =MAX(0,AW11-AW10) -> 0 | AY11: 29590 | AZ11: =MAX(0,AY11-AY10) -> 9 | BA11: 3729 | BB11: =MAX(0,BA11-BA10) -> 2 | BC11: 88775 | BD11: =MAX(0,BC11-BC10) -> 32 | BE11: 27182 | BF11: =MAX(0,BE11-BE10) -> 10 | BG11: 12941 | BH11: =MAX(0,BG11-BG10) -> 1 | BI11: 20205 | BJ11: =MAX(0,BI11-BI10) -> 2 | BK11: 21384 | BL11: =MAX(0,BK11-BK10) -> 3 | BO11: 10396 | BP11: =MAX(0,BO11-BO10) -> 3 | BQ11: 28313 | BR11: =MAX(0,BQ11-BQ10) -> 9 | BS11: 3075 | BT11: =MAX(0,BS11-BS10) -> 1 | BU11: 372 | BV11: =MAX(0,BU11-BU10) -> 1 | BW11: =#REF!-#REF! -> #REF! | BX11: =BY10 -> 0 | BZ11: =BY11-BX11 -> 0 | CA11: =CB10 -> 0 | CC11: =CB11-CA11 -> 0 | CD11: =CE10 -> 0 | CF11: =CE11-CD11 -> 0
A12: =Solar!A11 -> 44991 | B12: 24793 | C12: 2391 | G12: 43346 | H12: 77940 | L12: 858337 | M12: 61086 | Q12: 3360 | R12: 82880 | U12: 4619 | X12: =#REF! -> #REF! | Y12: 81 | Z12: =#REF!/Y12 -> #REF! | AB12: =A12 -> 44991 | AC12: 50355 | AD12: =MAX(0,AC12-AC11) -> 24 | AE12: =AD12-AD11 -> -3 | AG12: 11287 | AH12: =MAX(0,AG12-AG11) -> 6 | AI12: 10943 | AJ12: =MAX(0,AI12-AI11) -> 4 | AK12: 20643 | AL12: =MAX(0,AK12-AK11) -> 11 | AM12: 36510 | AN12: =MAX(0,AM12-AM11) -> 6 | AO12: 10033 | AP12: =MAX(0,AO12-AO11) -> 6 | AQ12: 27045 | AR12: =MAX(0,AQ12-AQ11) -> 8 | AS12: 11023 | AT12: =MAX(0,AS12-AS11) -> 3 | AU12: 4340 | AV12: =MAX(0,AU12-AU11) -> 1 | AW12: 1915 | AX12: =MAX(0,AW12-AW11) -> 1 | AY12: 29592 | AZ12: =MAX(0,AY12-AY11) -> 2 | BA12: 3730 | BB12: =MAX(0,BA12-BA11) -> 1 | BC12: 88805 | BD12: =MAX(0,BC12-BC11) -> 30 | BE12: 27183 | BF12: =MAX(0,BE12-BE11) -> 1 | BG12: 12942 | BH12: =MAX(0,BG12-BG11) -> 1 | BI12: 20205 | BJ12: =MAX(0,BI12-BI11) -> 0 | BK12: 21385 | BL12: =MAX(0,BK12-BK11) -> 1 | BO12: 10402 | BP12: =MAX(0,BO12-BO11) -> 6 | BR12: =MAX(0,BQ12-BQ11) -> 0 | BS12: 3076 | BT12: =MAX(0,BS12-BS11) -> 1 | BU12: 372 | BV12: =MAX(0,BU12-BU11) -> 0 | BW12: =#REF!-#REF! -> #REF! | BX12: =BY11 -> 0 | BZ12: =BY12-BX12 -> 0 | CA12: =CB11 -> 0 | CC12: =CB12-CA12 -> 0 | CD12: =CE11 -> 0 | CF12: =CE12-CD12 -> 0
A13: =Solar!A12 -> 44992 | B13: 24941 | C13: 2409 | G13: 43405 | H13: 77951 | L13: 858355 | M13: 61087 | Q13: 3479 | R13: 82900 | U13: 4620 | X13: =#REF! -> #REF! | Y13: 80 | Z13: =#REF!/Y13 -> #REF! | AB13: =A13 -> 44992 | AD13: =MAX(0,AC13-AC12) -> 0 | AE13: =AD13-AD12 -> -24 | AH13: =MAX(0,AG13-AG12) -> 0 | AJ13: =MAX(0,AI13-AI12) -> 0 | AL13: =MAX(0,AK13-AK12) -> 0 | AN13: =MAX(0,AM13-AM12) -> 0 | AP13: =MAX(0,AO13-AO12) -> 0 | AR13: =MAX(0,AQ13-AQ12) -> 0 | AT13: =MAX(0,AS13-AS12) -> 0 | AV13: =MAX(0,AU13-AU12) -> 0 | AX13: =MAX(0,AW13-AW12) -> 0 | AZ13: =MAX(0,AY13-AY12) -> 0 | BB13: =MAX(0,BA13-BA12) -> 0 | BD13: =MAX(0,BC13-BC12) -> 0 | BF13: =MAX(0,BE13-BE12) -> 0 | BH13: =MAX(0,BG13-BG12) -> 0 | BJ13: =MAX(0,BI13-BI12) -> 0 | BL13: =MAX(0,BK13-BK12) -> 0 | BP13: =MAX(0,BO13-BO12) -> 0 | BR13: =MAX(0,BQ13-BQ12) -> 0 | BT13: =MAX(0,BS13-BS12) -> 0 | BV13: =MAX(0,BU13-BU12) -> 0 | BW13: =#REF!-#REF! -> #REF! | BX13: =BY12 -> 0 | BZ13: =BY13-BX13 -> 0 | CA13: =CB12 -> 0 | CC13: =CB13-CA13 -> 0 | CD13: =CE12 -> 0 | CF13: =CE13-CD13 -> 0
A14: =Solar!A13 -> 44993 | B14: 25117 | C14: 2423 | G14: 43434 | H14: 77957 | L14: 858413 | M14: 61393 | Q14: 3567 | R14: 82915 | U14: 4623 | X14: =#REF! -> #REF! | Y14: 46 | Z14: =#REF!/Y14 -> #REF! | AB14: =A14 -> 44993 | AD14: =MAX(0,AC14-AC13) -> 0 | AE14: =AD14-AD13 -> 0 | AH14: =MAX(0,AG14-AG13) -> 0 | AJ14: =MAX(0,AI14-AI13) -> 0 | AL14: =MAX(0,AK14-AK13) -> 0 | AN14: =MAX(0,AM14-AM13) -> 0 | AP14: =MAX(0,AO14-AO13) -> 0 | AR14: =MAX(0,AQ14-AQ13) -> 0 | AT14: =MAX(0,AS14-AS13) -> 0 | AV14: =MAX(0,AU14-AU13) -> 0 | AX14: =MAX(0,AW14-AW13) -> 0 | AZ14: =MAX(0,AY14-AY13) -> 0 | BB14: =MAX(0,BA14-BA13) -> 0 | BD14: =MAX(0,BC14-BC13) -> 0 | BF14: =MAX(0,BE14-BE13) -> 0 | BH14: =MAX(0,BG14-BG13) -> 0 | BJ14: =MAX(0,BI14-BI13) -> 0 | BL14: =MAX(0,BK14-BK13) -> 0 | BP14: =MAX(0,BO14-BO13) -> 0 | BR14: =MAX(0,BQ14-BQ13) -> 0 | BT14: =MAX(0,BS14-BS13) -> 0 | BV14: =MAX(0,BU14-BU13) -> 0 | BW14: =#REF!-#REF! -> #REF! | BX14: =BY13 -> 0 | BZ14: =BY14-BX14 -> 0 | CA14: =CB13 -> 0 | CC14: =CB14-CA14 -> 0 | CD14: =CE13 -> 0 | CF14: =CE14-CD14 -> 0
A15: =Solar!A14 -> 44994 | X15: =#REF! -> #REF! | Y15: 36 | Z15: =#REF!/Y15 -> #REF! | AB15: =A15 -> 44994 | AD15: =MAX(0,AC15-AC14) -> 0 | AE15: =AD15-AD14 -> 0 | AH15: =MAX(0,AG15-AG14) -> 0 | AJ15: =MAX(0,AI15-AI14) -> 0 | AL15: =MAX(0,AK15-AK14) -> 0 | AN15: =MAX(0,AM15-AM14) -> 0 | AP15: =MAX(0,AO15-AO14) -> 0 | AR15: =MAX(0,AQ15-AQ14) -> 0 | AT15: =MAX(0,AS15-AS14) -> 0 | AV15: =MAX(0,AU15-AU14) -> 0 | AX15: =MAX(0,AW15-AW14) -> 0 | AZ15: =MAX(0,AY15-AY14) -> 0 | BB15: =MAX(0,BA15-BA14) -> 0 | BD15: =MAX(0,BC15-BC14) -> 0 | BF15: =MAX(0,BE15-BE14) -> 0 | BH15: =MAX(0,BG15-BG14) -> 0 | BJ15: =MAX(0,BI15-BI14) -> 0 | BL15: =MAX(0,BK15-BK14) -> 0 | BP15: =MAX(0,BO15-BO14) -> 0 | BR15: =MAX(0,BQ15-BQ14) -> 0 | BT15: =MAX(0,BS15-BS14) -> 0 | BV15: =MAX(0,BU15-BU14) -> 0 | BW15: =#REF!-#REF! -> #REF! | BX15: =BY14 -> 0 | BZ15: =BY15-BX15 -> 0 | CA15: =CB14 -> 0 | CC15: =CB15-CA15 -> 0 | CD15: =CE14 -> 0 | CF15: =CE15-CD15 -> 0
A16: =Solar!A15 -> 44995 | X16: =#REF! -> #REF! | Y16: 37 | Z16: =#REF!/Y16 -> #REF! | AB16: =A16 -> 44995 | AD16: =MAX(0,AC16-AC15) -> 0 | AE16: =AD16-AD15 -> 0 | AH16: =MAX(0,AG16-AG15) -> 0 | AJ16: =MAX(0,AI16-AI15) -> 0 | AL16: =MAX(0,AK16-AK15) -> 0 | AN16: =MAX(0,AM16-AM15) -> 0 | AP16: =MAX(0,AO16-AO15) -> 0 | AR16: =MAX(0,AQ16-AQ15) -> 0 | AT16: =MAX(0,AS16-AS15) -> 0 | AV16: =MAX(0,AU16-AU15) -> 0 | AX16: =MAX(0,AW16-AW15) -> 0 | AZ16: =MAX(0,AY16-AY15) -> 0 | BB16: =MAX(0,BA16-BA15) -> 0 | BD16: =MAX(0,BC16-BC15) -> 0 | BF16: =MAX(0,BE16-BE15) -> 0 | BH16: =MAX(0,BG16-BG15) -> 0 | BJ16: =MAX(0,BI16-BI15) -> 0 | BL16: =MAX(0,BK16-BK15) -> 0 | BP16: =MAX(0,BO16-BO15) -> 0 | BR16: =MAX(0,BQ16-BQ15) -> 0 | BT16: =MAX(0,BS16-BS15) -> 0 | BV16: =MAX(0,BU16-BU15) -> 0 | BW16: =#REF!-#REF! -> #REF! | BX16: =BY15 -> 0 | BZ16: =BY16-BX16 -> 0 | CA16: =CB15 -> 0 | CC16: =CB16-CA16 -> 0 | CD16: =CE15 -> 0 | CF16: =CE16-CD16 -> 0
A17: =Solar!A16 -> 44996 | X17: =#REF! -> #REF! | Y17: 51 | Z17: =#REF!/Y17 -> #REF! | AB17: =A17 -> 44996 | AD17: =MAX(0,AC17-AC16) -> 0 | AE17: =AD17-AD16 -> 0 | AH17: =MAX(0,AG17-AG16) -> 0 | AJ17: =MAX(0,AI17-AI16) -> 0 | AL17: =MAX(0,AK17-AK16) -> 0 | AN17: =MAX(0,AM17-AM16) -> 0 | AP17: =MAX(0,AO17-AO16) -> 0 | AR17: =MAX(0,AQ17-AQ16) -> 0 | AT17: =MAX(0,AS17-AS16) -> 0 | AV17: =MAX(0,AU17-AU16) -> 0 | AX17: =MAX(0,AW17-AW16) -> 0 | AZ17: =MAX(0,AY17-AY16) -> 0 | BB17: =MAX(0,BA17-BA16) -> 0 | BD17: =MAX(0,BC17-BC16) -> 0 | BF17: =MAX(0,BE17-BE16) -> 0 | BH17: =MAX(0,BG17-BG16) -> 0 | BJ17: =MAX(0,BI17-BI16) -> 0 | BL17: =MAX(0,BK17-BK16) -> 0 | BP17: =MAX(0,BO17-BO16) -> 0 | BR17: =MAX(0,BQ17-BQ16) -> 0 | BT17: =MAX(0,BS17-BS16) -> 0 | BV17: =MAX(0,BU17-BU16) -> 0 | BW17: =#REF!-#REF! -> #REF! | BX17: =BY16 -> 0 | BZ17: =BY17-BX17 -> 0 | CA17: =CB16 -> 0 | CC17: =CB17-CA17 -> 0 | CD17: =CE16 -> 0 | CF17: =CE17-CD17 -> 0
A18: =Solar!A17 -> 44997 | X18: =#REF! -> #REF! | Y18: 54 | Z18: =#REF!/Y18 -> #REF! | AB18: =A18 -> 44997 | AD18: =MAX(0,AC18-AC17) -> 0 | AE18: =AD18-AD17 -> 0 | AH18: =MAX(0,AG18-AG17) -> 0 | AJ18: =MAX(0,AI18-AI17) -> 0 | AL18: =MAX(0,AK18-AK17) -> 0 | AN18: =MAX(0,AM18-AM17) -> 0 | AP18: =MAX(0,AO18-AO17) -> 0 | AR18: =MAX(0,AQ18-AQ17) -> 0 | AT18: =MAX(0,AS18-AS17) -> 0 | AV18: =MAX(0,AU18-AU17) -> 0 | AX18: =MAX(0,AW18-AW17) -> 0 | AZ18: =MAX(0,AY18-AY17) -> 0 | BB18: =MAX(0,BA18-BA17) -> 0 | BD18: =MAX(0,BC18-BC17) -> 0 | BF18: =MAX(0,BE18-BE17) -> 0 | BH18: =MAX(0,BG18-BG17) -> 0 | BJ18: =MAX(0,BI18-BI17) -> 0 | BL18: =MAX(0,BK18-BK17) -> 0 | BP18: =MAX(0,BO18-BO17) -> 0 | BR18: =MAX(0,BQ18-BQ17) -> 0 | BT18: =MAX(0,BS18-BS17) -> 0 | BV18: =MAX(0,BU18-BU17) -> 0 | BW18: =#REF!-#REF! -> #REF! | BX18: =BY17 -> 0 | BZ18: =BY18-BX18 -> 0 | CA18: =CB17 -> 0 | CC18: =CB18-CA18 -> 0 | CD18: =CE17 -> 0 | CF18: =CE18-CD18 -> 0
A19: =Solar!A18 -> 44998 | X19: =#REF! -> #REF! | Y19: 48 | Z19: =#REF!/Y19 -> #REF! | AB19: =A19 -> 44998 | AD19: =MAX(0,AC19-AC18) -> 0 | AE19: =AD19-AD18 -> 0 | AH19: =MAX(0,AG19-AG18) -> 0 | AJ19: =MAX(0,AI19-AI18) -> 0 | AL19: =MAX(0,AK19-AK18) -> 0 | AN19: =MAX(0,AM19-AM18) -> 0 | AP19: =MAX(0,AO19-AO18) -> 0 | AR19: =MAX(0,AQ19-AQ18) -> 0 | AT19: =MAX(0,AS19-AS18) -> 0 | AV19: =MAX(0,AU19-AU18) -> 0 | AX19: =MAX(0,AW19-AW18) -> 0 | AZ19: =MAX(0,AY19-AY18) -> 0 | BB19: =MAX(0,BA19-BA18) -> 0 | BD19: =MAX(0,BC19-BC18) -> 0 | BF19: =MAX(0,BE19-BE18) -> 0 | BH19: =MAX(0,BG19-BG18) -> 0 | BJ19: =MAX(0,BI19-BI18) -> 0 | BL19: =MAX(0,BK19-BK18) -> 0 | BP19: =MAX(0,BO19-BO18) -> 0 | BR19: =MAX(0,BQ19-BQ18) -> 0 | BT19: =MAX(0,BS19-BS18) -> 0 | BV19: =MAX(0,BU19-BU18) -> 0 | BW19: =#REF!-#REF! -> #REF! | BX19: =BY18 -> 0 | BZ19: =BY19-BX19 -> 0 | CA19: =CB18 -> 0 | CC19: =CB19-CA19 -> 0 | CD19: =CE18 -> 0 | CF19: =CE19-CD19 -> 0
A20: =Solar!A19 -> 44999 | X20: =#REF! -> #REF! | Y20: 59 | Z20: =#REF!/Y20 -> #REF! | AB20: =A20 -> 44999 | AD20: =MAX(0,AC20-AC19) -> 0 | AE20: =AD20-AD19 -> 0 | AH20: =MAX(0,AG20-AG19) -> 0 | AJ20: =MAX(0,AI20-AI19) -> 0 | AL20: =MAX(0,AK20-AK19) -> 0 | AN20: =MAX(0,AM20-AM19) -> 0 | AP20: =MAX(0,AO20-AO19) -> 0 | AR20: =MAX(0,AQ20-AQ19) -> 0 | AT20: =MAX(0,AS20-AS19) -> 0 | AV20: =MAX(0,AU20-AU19) -> 0 | AX20: =MAX(0,AW20-AW19) -> 0 | AZ20: =MAX(0,AY20-AY19) -> 0 | BB20: =MAX(0,BA20-BA19) -> 0 | BD20: =MAX(0,BC20-BC19) -> 0 | BF20: =MAX(0,BE20-BE19) -> 0 | BH20: =MAX(0,BG20-BG19) -> 0 | BJ20: =MAX(0,BI20-BI19) -> 0 | BL20: =MAX(0,BK20-BK19) -> 0 | BP20: =MAX(0,BO20-BO19) -> 0 | BR20: =MAX(0,BQ20-BQ19) -> 0 | BT20: =MAX(0,BS20-BS19) -> 0 | BV20: =MAX(0,BU20-BU19) -> 0 | BW20: =#REF!-#REF! -> #REF! | BX20: =BY19 -> 0 | BZ20: =BY20-BX20 -> 0 | CA20: =CB19 -> 0 | CC20: =CB20-CA20 -> 0 | CD20: =CE19 -> 0 | CF20: =CE20-CD20 -> 0
A21: =Solar!A20 -> 45000 | X21: =#REF! -> #REF! | Y21: 63 | Z21: =#REF!/Y21 -> #REF! | AB21: =A21 -> 45000 | AD21: =MAX(0,AC21-AC20) -> 0 | AE21: =AD21-AD20 -> 0 | AH21: =MAX(0,AG21-AG20) -> 0 | AJ21: =MAX(0,AI21-AI20) -> 0 | AL21: =MAX(0,AK21-AK20) -> 0 | AN21: =MAX(0,AM21-AM20) -> 0 | AP21: =MAX(0,AO21-AO20) -> 0 | AR21: =MAX(0,AQ21-AQ20) -> 0 | AT21: =MAX(0,AS21-AS20) -> 0 | AV21: =MAX(0,AU21-AU20) -> 0 | AX21: =MAX(0,AW21-AW20) -> 0 | AZ21: =MAX(0,AY21-AY20) -> 0 | BB21: =MAX(0,BA21-BA20) -> 0 | BD21: =MAX(0,BC21-BC20) -> 0 | BF21: =MAX(0,BE21-BE20) -> 0 | BH21: =MAX(0,BG21-BG20) -> 0 | BJ21: =MAX(0,BI21-BI20) -> 0 | BL21: =MAX(0,BK21-BK20) -> 0 | BP21: =MAX(0,BO21-BO20) -> 0 | BR21: =MAX(0,BQ21-BQ20) -> 0 | BT21: =MAX(0,BS21-BS20) -> 0 | BV21: =MAX(0,BU21-BU20) -> 0 | BW21: =#REF!-#REF! -> #REF! | BX21: =BY20 -> 0 | BZ21: =BY21-BX21 -> 0 | CA21: =CB20 -> 0 | CC21: =CB21-CA21 -> 0 | CD21: =CE20 -> 0 | CF21: =CE21-CD21 -> 0
A22: =Solar!A21 -> 45001 | X22: =#REF! -> #REF! | Y22: 62 | Z22: =#REF!/Y22 -> #REF! | AB22: =A22 -> 45001 | AD22: =MAX(0,AC22-AC21) -> 0 | AE22: =AD22-AD21 -> 0 | AH22: =MAX(0,AG22-AG21) -> 0 | AJ22: =MAX(0,AI22-AI21) -> 0 | AL22: =MAX(0,AK22-AK21) -> 0 | AN22: =MAX(0,AM22-AM21) -> 0 | AP22: =MAX(0,AO22-AO21) -> 0 | AR22: =MAX(0,AQ22-AQ21) -> 0 | AT22: =MAX(0,AS22-AS21) -> 0 | AV22: =MAX(0,AU22-AU21) -> 0 | AX22: =MAX(0,AW22-AW21) -> 0 | AZ22: =MAX(0,AY22-AY21) -> 0 | BB22: =MAX(0,BA22-BA21) -> 0 | BD22: =MAX(0,BC22-BC21) -> 0 | BF22: =MAX(0,BE22-BE21) -> 0 | BH22: =MAX(0,BG22-BG21) -> 0 | BJ22: =MAX(0,BI22-BI21) -> 0 | BL22: =MAX(0,BK22-BK21) -> 0 | BP22: =MAX(0,BO22-BO21) -> 0 | BR22: =MAX(0,BQ22-BQ21) -> 0 | BT22: =MAX(0,BS22-BS21) -> 0 | BV22: =MAX(0,BU22-BU21) -> 0 | BW22: =#REF!-#REF! -> #REF! | BX22: =BY21 -> 0 | BZ22: =BY22-BX22 -> 0 | CA22: =CB21 -> 0 | CC22: =CB22-CA22 -> 0 | CD22: =CE21 -> 0 | CF22: =CE22-CD22 -> 0
A23: =Solar!A22 -> 45002 | X23: =#REF! -> #REF! | Y23: 47 | Z23: =#REF!/Y23 -> #REF! | AB23: =A23 -> 45002 | AD23: =MAX(0,AC23-AC22) -> 0 | AE23: =AD23-AD22 -> 0 | AH23: =MAX(0,AG23-AG22) -> 0 | AJ23: =MAX(0,AI23-AI22) -> 0 | AL23: =MAX(0,AK23-AK22) -> 0 | AN23: =MAX(0,AM23-AM22) -> 0 | AP23: =MAX(0,AO23-AO22) -> 0 | AR23: =MAX(0,AQ23-AQ22) -> 0 | AT23: =MAX(0,AS23-AS22) -> 0 | AV23: =MAX(0,AU23-AU22) -> 0 | AX23: =MAX(0,AW23-AW22) -> 0 | AZ23: =MAX(0,AY23-AY22) -> 0 | BB23: =MAX(0,BA23-BA22) -> 0 | BD23: =MAX(0,BC23-BC22) -> 0 | BF23: =MAX(0,BE23-BE22) -> 0 | BH23: =MAX(0,BG23-BG22) -> 0 | BJ23: =MAX(0,BI23-BI22) -> 0 | BL23: =MAX(0,BK23-BK22) -> 0 | BP23: =MAX(0,BO23-BO22) -> 0 | BR23: =MAX(0,BQ23-BQ22) -> 0 | BT23: =MAX(0,BS23-BS22) -> 0 | BV23: =MAX(0,BU23-BU22) -> 0 | BW23: =#REF!-#REF! -> #REF! | BX23: =BY22 -> 0 | BZ23: =BY23-BX23 -> 0 | CA23: =CB22 -> 0 | CC23: =CB23-CA23 -> 0 | CD23: =CE22 -> 0 | CF23: =CE23-CD23 -> 0
A24: =Solar!A23 -> 45003 | X24: =#REF! -> #REF! | Y24: 46 | Z24: =#REF!/Y24 -> #REF! | AB24: =A24 -> 45003 | AD24: =MAX(0,AC24-AC23) -> 0 | AE24: =AD24-AD23 -> 0 | AH24: =MAX(0,AG24-AG23) -> 0 | AJ24: =MAX(0,AI24-AI23) -> 0 | AL24: =MAX(0,AK24-AK23) -> 0 | AN24: =MAX(0,AM24-AM23) -> 0 | AP24: =MAX(0,AO24-AO23) -> 0 | AR24: =MAX(0,AQ24-AQ23) -> 0 | AT24: =MAX(0,AS24-AS23) -> 0 | AV24: =MAX(0,AU24-AU23) -> 0 | AX24: =MAX(0,AW24-AW23) -> 0 | AZ24: =MAX(0,AY24-AY23) -> 0 | BB24: =MAX(0,BA24-BA23) -> 0 | BD24: =MAX(0,BC24-BC23) -> 0 | BF24: =MAX(0,BE24-BE23) -> 0 | BH24: =MAX(0,BG24-BG23) -> 0 | BJ24: =MAX(0,BI24-BI23) -> 0 | BL24: =MAX(0,BK24-BK23) -> 0 | BP24: =MAX(0,BO24-BO23) -> 0 | BR24: =MAX(0,BQ24-BQ23) -> 0 | BT24: =MAX(0,BS24-BS23) -> 0 | BV24: =MAX(0,BU24-BU23) -> 0 | BW24: =#REF!-#REF! -> #REF! | BX24: =BY23 -> 0 | BZ24: =BY24-BX24 -> 0 | CA24: =CB23 -> 0 | CC24: =CB24-CA24 -> 0 | CD24: =CE23 -> 0 | CF24: =CE24-CD24 -> 0
A25: =Solar!A24 -> 45004 | X25: =#REF! -> #REF! | Z25: =#REF!/Y25 -> #REF! | AB25: =A25 -> 45004 | AD25: =MAX(0,AC25-AC24) -> 0 | AE25: =AD25-AD24 -> 0 | AH25: =MAX(0,AG25-AG24) -> 0 | AJ25: =MAX(0,AI25-AI24) -> 0 | AL25: =MAX(0,AK25-AK24) -> 0 | AN25: =MAX(0,AM25-AM24) -> 0 | AP25: =MAX(0,AO25-AO24) -> 0 | AR25: =MAX(0,AQ25-AQ24) -> 0 | AT25: =MAX(0,AS25-AS24) -> 0 | AV25: =MAX(0,AU25-AU24) -> 0 | AX25: =MAX(0,AW25-AW24) -> 0 | AZ25: =MAX(0,AY25-AY24) -> 0 | BB25: =MAX(0,BA25-BA24) -> 0 | BD25: =MAX(0,BC25-BC24) -> 0 | BF25: =MAX(0,BE25-BE24) -> 0 | BH25: =MAX(0,BG25-BG24) -> 0 | BJ25: =MAX(0,BI25-BI24) -> 0 | BL25: =MAX(0,BK25-BK24) -> 0 | BP25: =MAX(0,BO25-BO24) -> 0 | BR25: =MAX(0,BQ25-BQ24) -> 0 | BT25: =MAX(0,BS25-BS24) -> 0 | BV25: =MAX(0,BU25-BU24) -> 0 | BW25: =#REF!-#REF! -> #REF! | BX25: =BY24 -> 0 | BZ25: =BY25-BX25 -> 0 | CA25: =CB24 -> 0 | CC25: =CB25-CA25 -> 0 | CD25: =CE24 -> 0 | CF25: =CE25-CD25 -> 0
A26: =Solar!A25 -> 45005 | X26: =#REF! -> #REF! | Z26: =#REF!/Y26 -> #REF! | AB26: =A26 -> 45005 | AD26: =MAX(0,AC26-AC25) -> 0 | AE26: =AD26-AD25 -> 0 | AH26: =MAX(0,AG26-AG25) -> 0 | AJ26: =MAX(0,AI26-AI25) -> 0 | AL26: =MAX(0,AK26-AK25) -> 0 | AN26: =MAX(0,AM26-AM25) -> 0 | AP26: =MAX(0,AO26-AO25) -> 0 | AR26: =MAX(0,AQ26-AQ25) -> 0 | AT26: =MAX(0,AS26-AS25) -> 0 | AV26: =MAX(0,AU26-AU25) -> 0 | AX26: =MAX(0,AW26-AW25) -> 0 | AZ26: =MAX(0,AY26-AY25) -> 0 | BB26: =MAX(0,BA26-BA25) -> 0 | BD26: =MAX(0,BC26-BC25) -> 0 | BF26: =MAX(0,BE26-BE25) -> 0 | BH26: =MAX(0,BG26-BG25) -> 0 | BJ26: =MAX(0,BI26-BI25) -> 0 | BL26: =MAX(0,BK26-BK25) -> 0 | BP26: =MAX(0,BO26-BO25) -> 0 | BR26: =MAX(0,BQ26-BQ25) -> 0 | BT26: =MAX(0,BS26-BS25) -> 0 | BV26: =MAX(0,BU26-BU25) -> 0 | BW26: =#REF!-#REF! -> #REF! | BX26: =BY25 -> 0 | BZ26: =BY26-BX26 -> 0 | CA26: =CB25 -> 0 | CC26: =CB26-CA26 -> 0 | CD26: =CE25 -> 0 | CF26: =CE26-CD26 -> 0
A27: =Solar!A26 -> 45006 | X27: =#REF! -> #REF! | Z27: =#REF!/Y27 -> #REF! | AB27: =A27 -> 45006 | AD27: =MAX(0,AC27-AC26) -> 0 | AE27: =AD27-AD26 -> 0 | AH27: =MAX(0,AG27-AG26) -> 0 | AJ27: =MAX(0,AI27-AI26) -> 0 | AL27: =MAX(0,AK27-AK26) -> 0 | AN27: =MAX(0,AM27-AM26) -> 0 | AP27: =MAX(0,AO27-AO26) -> 0 | AR27: =MAX(0,AQ27-AQ26) -> 0 | AT27: =MAX(0,AS27-AS26) -> 0 | AV27: =MAX(0,AU27-AU26) -> 0 | AX27: =MAX(0,AW27-AW26) -> 0 | AZ27: =MAX(0,AY27-AY26) -> 0 | BB27: =MAX(0,BA27-BA26) -> 0 | BD27: =MAX(0,BC27-BC26) -> 0 | BF27: =MAX(0,BE27-BE26) -> 0 | BH27: =MAX(0,BG27-BG26) -> 0 | BJ27: =MAX(0,BI27-BI26) -> 0 | BL27: =MAX(0,BK27-BK26) -> 0 | BP27: =MAX(0,BO27-BO26) -> 0 | BR27: =MAX(0,BQ27-BQ26) -> 0 | BT27: =MAX(0,BS27-BS26) -> 0 | BV27: =MAX(0,BU27-BU26) -> 0 | BW27: =#REF!-#REF! -> #REF! | BX27: =BY26 -> 0 | BZ27: =BY27-BX27 -> 0 | CA27: =CB26 -> 0 | CC27: =CB27-CA27 -> 0 | CD27: =CE26 -> 0 | CF27: =CE27-CD27 -> 0
A28: =Solar!A27 -> 45007 | X28: =#REF! -> #REF! | Z28: =#REF!/Y28 -> #REF! | AB28: =A28 -> 45007 | AD28: =MAX(0,AC28-AC27) -> 0 | AE28: =AD28-AD27 -> 0 | AH28: =MAX(0,AG28-AG27) -> 0 | AJ28: =MAX(0,AI28-AI27) -> 0 | AL28: =MAX(0,AK28-AK27) -> 0 | AN28: =MAX(0,AM28-AM27) -> 0 | AP28: =MAX(0,AO28-AO27) -> 0 | AR28: =MAX(0,AQ28-AQ27) -> 0 | AT28: =MAX(0,AS28-AS27) -> 0 | AV28: =MAX(0,AU28-AU27) -> 0 | AX28: =MAX(0,AW28-AW27) -> 0 | AZ28: =MAX(0,AY28-AY27) -> 0 | BB28: =MAX(0,BA28-BA27) -> 0 | BD28: =MAX(0,BC28-BC27) -> 0 | BF28: =MAX(0,BE28-BE27) -> 0 | BH28: =MAX(0,BG28-BG27) -> 0 | BJ28: =MAX(0,BI28-BI27) -> 0 | BL28: =MAX(0,BK28-BK27) -> 0 | BP28: =MAX(0,BO28-BO27) -> 0 | BR28: =MAX(0,BQ28-BQ27) -> 0 | BT28: =MAX(0,BS28-BS27) -> 0 | BV28: =MAX(0,BU28-BU27) -> 0 | BW28: =#REF!-#REF! -> #REF! | BX28: =BY27 -> 0 | BZ28: =BY28-BX28 -> 0 | CA28: =CB27 -> 0 | CC28: =CB28-CA28 -> 0 | CD28: =CE27 -> 0 | CF28: =CE28-CD28 -> 0
A29: =Solar!A28 -> 45008 | X29: =#REF! -> #REF! | Z29: =#REF!/Y29 -> #REF! | AB29: =A29 -> 45008 | AD29: =MAX(0,AC29-AC28) -> 0 | AE29: =AD29-AD28 -> 0 | AH29: =MAX(0,AG29-AG28) -> 0 | AJ29: =MAX(0,AI29-AI28) -> 0 | AL29: =MAX(0,AK29-AK28) -> 0 | AN29: =MAX(0,AM29-AM28) -> 0 | AP29: =MAX(0,AO29-AO28) -> 0 | AR29: =MAX(0,AQ29-AQ28) -> 0 | AT29: =MAX(0,AS29-AS28) -> 0 | AV29: =MAX(0,AU29-AU28) -> 0 | AX29: =MAX(0,AW29-AW28) -> 0 | AZ29: =MAX(0,AY29-AY28) -> 0 | BB29: =MAX(0,BA29-BA28) -> 0 | BD29: =MAX(0,BC29-BC28) -> 0 | BF29: =MAX(0,BE29-BE28) -> 0 | BH29: =MAX(0,BG29-BG28) -> 0 | BJ29: =MAX(0,BI29-BI28) -> 0 | BL29: =MAX(0,BK29-BK28) -> 0 | BP29: =MAX(0,BO29-BO28) -> 0 | BR29: =MAX(0,BQ29-BQ28) -> 0 | BT29: =MAX(0,BS29-BS28) -> 0 | BV29: =MAX(0,BU29-BU28) -> 0 | BW29: =#REF!-#REF! -> #REF! | BX29: =BY28 -> 0 | BZ29: =BY29-BX29 -> 0 | CA29: =CB28 -> 0 | CC29: =CB29-CA29 -> 0 | CD29: =CE28 -> 0 | CF29: =CE29-CD29 -> 0
A30: =Solar!A29 -> 45009 | X30: =#REF! -> #REF! | Z30: =#REF!/Y30 -> #REF! | AB30: =A30 -> 45009 | AD30: =MAX(0,AC30-AC29) -> 0 | AE30: =AD30-AD29 -> 0 | AH30: =MAX(0,AG30-AG29) -> 0 | AJ30: =MAX(0,AI30-AI29) -> 0 | AL30: =MAX(0,AK30-AK29) -> 0 | AN30: =MAX(0,AM30-AM29) -> 0 | AP30: =MAX(0,AO30-AO29) -> 0 | AR30: =MAX(0,AQ30-AQ29) -> 0 | AT30: =MAX(0,AS30-AS29) -> 0 | AV30: =MAX(0,AU30-AU29) -> 0 | AX30: =MAX(0,AW30-AW29) -> 0 | AZ30: =MAX(0,AY30-AY29) -> 0 | BB30: =MAX(0,BA30-BA29) -> 0 | BD30: =MAX(0,BC30-BC29) -> 0 | BF30: =MAX(0,BE30-BE29) -> 0 | BH30: =MAX(0,BG30-BG29) -> 0 | BJ30: =MAX(0,BI30-BI29) -> 0 | BL30: =MAX(0,BK30-BK29) -> 0 | BP30: =MAX(0,BO30-BO29) -> 0 | BR30: =MAX(0,BQ30-BQ29) -> 0 | BT30: =MAX(0,BS30-BS29) -> 0 | BV30: =MAX(0,BU30-BU29) -> 0 | BW30: =#REF!-#REF! -> #REF! | BX30: =BY29 -> 0 | BZ30: =BY30-BX30 -> 0 | CA30: =CB29 -> 0 | CC30: =CB30-CA30 -> 0 | CD30: =CE29 -> 0 | CF30: =CE30-CD30 -> 0
A31: =Solar!A30 -> 45010 | X31: =#REF! -> #REF! | Z31: =#REF!/Y31 -> #REF! | AB31: =A31 -> 45010 | AD31: =MAX(0,AC31-AC30) -> 0 | AE31: =AD31-AD30 -> 0 | AH31: =MAX(0,AG31-AG30) -> 0 | AJ31: =MAX(0,AI31-AI30) -> 0 | AL31: =MAX(0,AK31-AK30) -> 0 | AN31: =MAX(0,AM31-AM30) -> 0 | AP31: =MAX(0,AO31-AO30) -> 0 | AR31: =MAX(0,AQ31-AQ30) -> 0 | AT31: =MAX(0,AS31-AS30) -> 0 | AV31: =MAX(0,AU31-AU30) -> 0 | AX31: =MAX(0,AW31-AW30) -> 0 | AZ31: =MAX(0,AY31-AY30) -> 0 | BB31: =MAX(0,BA31-BA30) -> 0 | BD31: =MAX(0,BC31-BC30) -> 0 | BF31: =MAX(0,BE31-BE30) -> 0 | BH31: =MAX(0,BG31-BG30) -> 0 | BJ31: =MAX(0,BI31-BI30) -> 0 | BL31: =MAX(0,BK31-BK30) -> 0 | BP31: =MAX(0,BO31-BO30) -> 0 | BR31: =MAX(0,BQ31-BQ30) -> 0 | BT31: =MAX(0,BS31-BS30) -> 0 | BV31: =MAX(0,BU31-BU30) -> 0 | BW31: =#REF!-#REF! -> #REF! | BX31: =BY30 -> 0 | BZ31: =BY31-BX31 -> 0 | CA31: =CB30 -> 0 | CC31: =CB31-CA31 -> 0 | CD31: =CE30 -> 0 | CF31: =CE31-CD31 -> 0
A32: =Solar!A31 -> 45011 | X32: =#REF! -> #REF! | Z32: =#REF!/Y32 -> #REF! | AB32: =A32 -> 45011 | AD32: =MAX(0,AC32-AC31) -> 0 | AE32: =AD32-AD31 -> 0 | AH32: =MAX(0,AG32-AG31) -> 0 | AJ32: =MAX(0,AI32-AI31) -> 0 | AL32: =MAX(0,AK32-AK31) -> 0 | AN32: =MAX(0,AM32-AM31) -> 0 | AP32: =MAX(0,AO32-AO31) -> 0 | AR32: =MAX(0,AQ32-AQ31) -> 0 | AT32: =MAX(0,AS32-AS31) -> 0 | AV32: =MAX(0,AU32-AU31) -> 0 | AX32: =MAX(0,AW32-AW31) -> 0 | AZ32: =MAX(0,AY32-AY31) -> 0 | BB32: =MAX(0,BA32-BA31) -> 0 | BD32: =MAX(0,BC32-BC31) -> 0 | BF32: =MAX(0,BE32-BE31) -> 0 | BH32: =MAX(0,BG32-BG31) -> 0 | BJ32: =MAX(0,BI32-BI31) -> 0 | BL32: =MAX(0,BK32-BK31) -> 0 | BP32: =MAX(0,BO32-BO31) -> 0 | BR32: =MAX(0,BQ32-BQ31) -> 0 | BT32: =MAX(0,BS32-BS31) -> 0 | BV32: =MAX(0,BU32-BU31) -> 0 | BW32: =#REF!-#REF! -> #REF! | BX32: =BY31 -> 0 | BZ32: =BY32-BX32 -> 0 | CA32: =CB31 -> 0 | CC32: =CB32-CA32 -> 0 | CD32: =CE31 -> 0 | CF32: =CE32-CD32 -> 0
A33: =Solar!A32 -> 45012 | X33: =#REF! -> #REF! | Z33: =#REF!/Y33 -> #REF! | AB33: =A33 -> 45012 | AD33: =MAX(0,AC33-AC32) -> 0 | AE33: =AD33-AD32 -> 0 | AH33: =MAX(0,AG33-AG32) -> 0 | AJ33: =MAX(0,AI33-AI32) -> 0 | AL33: =MAX(0,AK33-AK32) -> 0 | AN33: =MAX(0,AM33-AM32) -> 0 | AP33: =MAX(0,AO33-AO32) -> 0 | AR33: =MAX(0,AQ33-AQ32) -> 0 | AT33: =MAX(0,AS33-AS32) -> 0 | AV33: =MAX(0,AU33-AU32) -> 0 | AX33: =MAX(0,AW33-AW32) -> 0 | AZ33: =MAX(0,AY33-AY32) -> 0 | BB33: =MAX(0,BA33-BA32) -> 0 | BD33: =MAX(0,BC33-BC32) -> 0 | BF33: =MAX(0,BE33-BE32) -> 0 | BH33: =MAX(0,BG33-BG32) -> 0 | BJ33: =MAX(0,BI33-BI32) -> 0 | BL33: =MAX(0,BK33-BK32) -> 0 | BP33: =MAX(0,BO33-BO32) -> 0 | BR33: =MAX(0,BQ33-BQ32) -> 0 | BT33: =MAX(0,BS33-BS32) -> 0 | BV33: =MAX(0,BU33-BU32) -> 0 | BW33: =#REF!-#REF! -> #REF! | BX33: =BY32 -> 0 | BZ33: =BY33-BX33 -> 0 | CA33: =CB32 -> 0 | CC33: =CB33-CA33 -> 0 | CD33: =CE32 -> 0 | CF33: =CE33-CD33 -> 0
A34: =Solar!A33 -> 45013 | X34: =#REF! -> #REF! | Z34: =#REF!/Y34 -> #REF! | AB34: =A34 -> 45013 | AD34: =MAX(0,AC34-AC33) -> 0 | AE34: =AD34-AD33 -> 0 | AH34: =MAX(0,AG34-AG33) -> 0 | AJ34: =MAX(0,AI34-AI33) -> 0 | AL34: =MAX(0,AK34-AK33) -> 0 | AN34: =MAX(0,AM34-AM33) -> 0 | AP34: =MAX(0,AO34-AO33) -> 0 | AR34: =MAX(0,AQ34-AQ33) -> 0 | AT34: =MAX(0,AS34-AS33) -> 0 | AV34: =MAX(0,AU34-AU33) -> 0 | AX34: =MAX(0,AW34-AW33) -> 0 | AZ34: =MAX(0,AY34-AY33) -> 0 | BB34: =MAX(0,BA34-BA33) -> 0 | BD34: =MAX(0,BC34-BC33) -> 0 | BF34: =MAX(0,BE34-BE33) -> 0 | BH34: =MAX(0,BG34-BG33) -> 0 | BJ34: =MAX(0,BI34-BI33) -> 0 | BL34: =MAX(0,BK34-BK33) -> 0 | BP34: =MAX(0,BO34-BO33) -> 0 | BR34: =MAX(0,BQ34-BQ33) -> 0 | BT34: =MAX(0,BS34-BS33) -> 0 | BV34: =MAX(0,BU34-BU33) -> 0 | BW34: =#REF!-#REF! -> #REF! | BX34: =BY33 -> 0 | BZ34: =BY34-BX34 -> 0 | CA34: =CB33 -> 0 | CC34: =CB34-CA34 -> 0 | CD34: =CE33 -> 0 | CF34: =CE34-CD34 -> 0
A35: =Solar!A34 -> 45014 | X35: =#REF! -> #REF! | Z35: =#REF!/Y35 -> #REF! | AB35: =A35 -> 45014 | AD35: =MAX(0,AC35-AC34) -> 0 | AE35: =AD35-AD34 -> 0 | AH35: =MAX(0,AG35-AG34) -> 0 | AJ35: =MAX(0,AI35-AI34) -> 0 | AL35: =MAX(0,AK35-AK34) -> 0 | AN35: =MAX(0,AM35-AM34) -> 0 | AP35: =MAX(0,AO35-AO34) -> 0 | AR35: =MAX(0,AQ35-AQ34) -> 0 | AT35: =MAX(0,AS35-AS34) -> 0 | AV35: =MAX(0,AU35-AU34) -> 0 | AX35: =MAX(0,AW35-AW34) -> 0 | AZ35: =MAX(0,AY35-AY34) -> 0 | BB35: =MAX(0,BA35-BA34) -> 0 | BD35: =MAX(0,BC35-BC34) -> 0 | BF35: =MAX(0,BE35-BE34) -> 0 | BH35: =MAX(0,BG35-BG34) -> 0 | BJ35: =MAX(0,BI35-BI34) -> 0 | BL35: =MAX(0,BK35-BK34) -> 0 | BP35: =MAX(0,BO35-BO34) -> 0 | BR35: =MAX(0,BQ35-BQ34) -> 0 | BT35: =MAX(0,BS35-BS34) -> 0 | BV35: =MAX(0,BU35-BU34) -> 0
A36: =Solar!A35 -> 45015 | X36: =#REF! -> #REF! | Z36: =#REF!/Y36 -> #REF! | AB36: =A36 -> 45015 | AD36: =MAX(0,AC36-AC35) -> 0 | AE36: =AD36-AD35 -> 0 | AH36: =MAX(0,AG36-AG35) -> 0 | AJ36: =MAX(0,AI36-AI35) -> 0 | AL36: =MAX(0,AK36-AK35) -> 0 | AN36: =MAX(0,AM36-AM35) -> 0 | AP36: =MAX(0,AO36-AO35) -> 0 | AR36: =MAX(0,AQ36-AQ35) -> 0 | AT36: =MAX(0,AS36-AS35) -> 0 | AV36: =MAX(0,AU36-AU35) -> 0 | AX36: =MAX(0,AW36-AW35) -> 0 | AZ36: =MAX(0,AY36-AY35) -> 0 | BB36: =MAX(0,BA36-BA35) -> 0 | BD36: =MAX(0,BC36-BC35) -> 0 | BF36: =MAX(0,BE36-BE35) -> 0 | BH36: =MAX(0,BG36-BG35) -> 0 | BJ36: =MAX(0,BI36-BI35) -> 0 | BL36: =MAX(0,BK36-BK35) -> 0 | BP36: =MAX(0,BO36-BO35) -> 0 | BR36: =MAX(0,BQ36-BQ35) -> 0 | BT36: =MAX(0,BS36-BS35) -> 0 | BV36: =MAX(0,BU36-BU35) -> 0
A37: =Solar!A36 -> 45016 | X37: =#REF! -> #REF! | Z37: =#REF!/Y37 -> #REF! | AB37: =A37 -> 45016 | AD37: =MAX(0,AC37-AC36) -> 0 | AE37: =AD37-AD36 -> 0 | AH37: =MAX(0,AG37-AG36) -> 0 | AJ37: =MAX(0,AI37-AI36) -> 0 | AL37: =MAX(0,AK37-AK36) -> 0 | AN37: =MAX(0,AM37-AM36) -> 0 | AP37: =MAX(0,AO37-AO36) -> 0 | AR37: =MAX(0,AQ37-AQ36) -> 0 | AT37: =MAX(0,AS37-AS36) -> 0 | AV37: =MAX(0,AU37-AU36) -> 0 | AX37: =MAX(0,AW37-AW36) -> 0 | AZ37: =MAX(0,AY37-AY36) -> 0 | BB37: =MAX(0,BA37-BA36) -> 0 | BD37: =MAX(0,BC37-BC36) -> 0 | BF37: =MAX(0,BE37-BE36) -> 0 | BH37: =MAX(0,BG37-BG36) -> 0 | BJ37: =MAX(0,BI37-BI36) -> 0 | BL37: =MAX(0,BK37-BK36) -> 0 | BP37: =MAX(0,BO37-BO36) -> 0 | BR37: =MAX(0,BQ37-BQ36) -> 0 | BT37: =MAX(0,BS37-BS36) -> 0 | BV37: =MAX(0,BU37-BU36) -> 0

Sheet FEEDER Consumption 
A1: Electric Submeters
A3: DAY | B3: Main BLU FEEDER PANEL 1 | D3: Main BLU FEEDER PANEL 2 | F3: Main POWER HOUSE FEEDER PANEL NO:3 | H3: Main Kitchen -7 | J3: Main Kitchen -10 | L3: Water treatment Plant | N3: Sewage treatment Plant | P3: Laundry--8SSB (Machineries) | R3: Laundry-9 (HR/Tuck Shop Building) | T3: New staff accomodation (E0) | V3: Staff block-16(E1-E2-E3) | X3: Staff Block Feeder-3(E4-E5) | Z3: Management block-5 (M1 to M6) | AB3: SNR STAFF BLOCK (PC Block) | AD3: BOAT DOCK FEEDER - 22 | AF3: RECEPTION Building Full (Finance/Reservation) | AH3: DIVE CENTER (Inc MDC and Recreation) | AJ3: 301-307 | AL3: 308-314 | AN3: 315-320 | AP3: 401-407 | AR3: 408-414 | AT3: 415-420 | AV3: SPA - 1 | AX3: SPA - 2 | AZ3: BLU KITCHEN - 1 | BB3: BLU KITCHEN - 2 | BD3: AL BARAKATH | BF3: STAFF KITCHEN
B4: Reading | C4: Consumption | D4: Reading | E4: Consumption | F4: Reading | G4: Consumption | H4: Reading | I4: Consumption | J4: Reading | K4: Consumption | L4: Reading | M4: Consumption | N4: Reading | O4: Consumption | P4: Reading | Q4: Consumption | R4: Reading | S4: Consumption | T4: Reading | U4: Consumption | V4: Reading | W4: Consumption | X4: Reading | Y4: Consumption | Z4: Reading | AA4: Consumption | AB4: Reading | AC4: Consumption | AD4: Reading | AE4: Consumption | AF4: Reading | AG4: Consumption | AH4: Reading | AI4: Consumption | AJ4: Reading | AK4: Consumption | AL4: Reading | AM4: Consumption | AN4: Reading | AO4: Consumption | AP4: Reading | AQ4: Consumption | AR4: Reading | AS4: Consumption | AT4: Reading | AU4: Consumption | AV4: Reading | AW4: Consumption | AX4: Reading | AY4: Consumption | AZ4: Reading | BA4: Consumption | BB4: Reading | BC4: Consumption | BD4: Reading | BE4: Consumption | BF4: Reading | BG4: Consumption
A5: =Water!A6 -> 44985 | B5: 27650868 | D5: 25609648 | F5: 93856126 | H5: 3421600 | J5: 4574804 | L5: 2968600 | N5: 1161658 | P5: 1202200 | R5: 2722500 | T5: 72135 | V5: 1055800 | X5: 1116100 | Z5: 1673900 | AB5: 156610 | AD5: 643530 | AF5: 1256900 | AH5: 418690 | AJ5: 960560 | AL5: 802830 | AN5: 657450 | AP5: 1099600 | AR5: 843600 | AT5: 720690 | AV5: 391890 | AX5: 133650 | AZ5: 866330 | BB5: 272050 | BD5: 314270 | BF5: 504030
A6: =Water!A7 -> 44986 | B6: 27655372 | C6: =MAX(0,B6-B5) -> 4504 | D6: 25614421 | E6: =MAX(0,D6-D5) -> 4773 | F6: 93867769 | G6: =MAX(0,F6-F5) -> 11643 | H6: 3423900 | I6: =MAX(0,H6-H5) -> 2300 | J6: 4577743 | K6: =MAX(0,J6-J5) -> 2939 | L6: 2970200 | M6: =MAX(0,L6-L5) -> 1600 | N6: 1162091 | O6: =MAX(0,N6-N5) -> 433 | P6: 1202900 | Q6: =MAX(0,P6-P5) -> 700 | R6: 2724200 | S6: =MAX(0,R6-R5) -> 1700 | T6: 72591 | U6: =MAX(0,T6-T5) -> 456 | V6: 1056200 | W6: =MAX(0,V6-V5) -> 400 | X6: 1116400 | Y6: =MAX(0,X6-X5) -> 300 | Z6: 1674500 | AA6: =MAX(0,Z6-Z5) -> 600 | AB6: 156750 | AC6: =MAX(0,AB6-AB5) -> 140 | AD6: 643910 | AE6: =MAX(0,AD6-AD5) -> 380 | AF6: 1258100 | AG6: =MAX(0,AF6-AF5) -> 1200 | AH6: 419120 | AI6: =MAX(0,AH6-AH5) -> 430 | AJ6: 961700 | AK6: =MAX(0,AJ6-AJ5) -> 1140 | AL6: 803780 | AM6: =MAX(0,AL6-AL5) -> 950 | AN6: 658170 | AO6: =MAX(0,AN6-AN5) -> 720 | AP6: 1100700 | AQ6: =MAX(0,AP6-AP5) -> 1100 | AR6: 844670 | AS6: =MAX(0,AR6-AR5) -> 1070 | AT6: 721330 | AU6: =MAX(0,AT6-AT5) -> 640 | AV6: 392250 | AW6: =MAX(0,AV6-AV5) -> 360 | AX6: 133800 | AY6: =MAX(0,AX6-AX5) -> 150 | AZ6: 867380 | BA6: =MAX(0,AZ6-AZ5) -> 1050 | BB6: 272320 | BC6: =MAX(0,BB6-BB5) -> 270 | BD6: 314670 | BE6: =MAX(0,BD6-BD5) -> 400 | BF6: 504520 | BG6: =MAX(0,BF6-BF5) -> 490
A7: =Water!A8 -> 44987 | B7: 27659814 | C7: =MAX(0,B7-B6) -> 4442 | D7: 25619306 | E7: =MAX(0,D7-D6) -> 4885 | F7: 93880269 | G7: =MAX(0,F7-F6) -> 12500 | H7: 3426300 | I7: =MAX(0,H7-H6) -> 2400 | J7: 4580731 | K7: =MAX(0,J7-J6) -> 2988 | L7: 2972100 | M7: =MAX(0,L7-L6) -> 1900 | N7: 1162553 | O7: =MAX(0,N7-N6) -> 462 | P7: 1203600 | Q7: =MAX(0,P7-P6) -> 700 | R7: 2726000 | S7: =MAX(0,R7-R6) -> 1800 | T7: 73074 | U7: =MAX(0,T7-T6) -> 483 | V7: 1056600 | W7: =MAX(0,V7-V6) -> 400 | X7: 1116800 | Y7: =MAX(0,X7-X6) -> 400 | Z7: 1675200 | AA7: =MAX(0,Z7-Z6) -> 700 | AB7: 156910 | AC7: =MAX(0,AB7-AB6) -> 160 | AD7: 644300 | AE7: =MAX(0,AD7-AD6) -> 390 | AF7: 1259300 | AG7: =MAX(0,AF7-AF6) -> 1200 | AH7: 419550 | AI7: =MAX(0,AH7-AH6) -> 430 | AJ7: 962900 | AK7: =MAX(0,AJ7-AJ6) -> 1200 | AL7: 804730 | AM7: =MAX(0,AL7-AL6) -> 950 | AN7: 658990 | AO7: =MAX(0,AN7-AN6) -> 820 | AP7: 1101700 | AQ7: =MAX(0,AP7-AP6) -> 1000 | AR7: 845640 | AS7: =MAX(0,AR7-AR6) -> 970 | AT7: 721970 | AU7: =MAX(0,AT7-AT6) -> 640 | AV7: 392600 | AW7: =MAX(0,AV7-AV6) -> 350 | AX7: 133950 | AY7: =MAX(0,AX7-AX6) -> 150 | AZ7: 868410 | BA7: =MAX(0,AZ7-AZ6) -> 1030 | BB7: 272580 | BC7: =MAX(0,BB7-BB6) -> 260 | BD7: 315110 | BE7: =MAX(0,BD7-BD6) -> 440 | BF7: 505020 | BG7: =MAX(0,BF7-BF6) -> 500
A8: =Water!A9 -> 44988 | B8: 27664200 | C8: =MAX(0,B8-B7) -> 4386 | D8: 25624009 | E8: =MAX(0,D8-D7) -> 4703 | F8: 93892604 | G8: =MAX(0,F8-F7) -> 12335 | H8: 3428800 | I8: =MAX(0,H8-H7) -> 2500 | J8: 4583692 | K8: =MAX(0,J8-J7) -> 2961 | L8: 2973800 | M8: =MAX(0,L8-L7) -> 1700 | N8: 1163043 | O8: =MAX(0,N8-N7) -> 490 | P8: 1204300 | Q8: =MAX(0,P8-P7) -> 700 | R8: 2727900 | S8: =MAX(0,R8-R7) -> 1900 | T8: 73591 | U8: =MAX(0,T8-T7) -> 517 | V8: 1057000 | W8: =MAX(0,V8-V7) -> 400 | X8: 1117000 | Y8: =MAX(0,X8-X7) -> 200 | Z8: 1675900 | AA8: =MAX(0,Z8-Z7) -> 700 | AB8: 157080 | AC8: =MAX(0,AB8-AB7) -> 170 | AD8: 644760 | AE8: =MAX(0,AD8-AD7) -> 460 | AF8: 1260400 | AG8: =MAX(0,AF8-AF7) -> 1100 | AH8: 420060 | AI8: =MAX(0,AH8-AH7) -> 510 | AJ8: 964150 | AK8: =MAX(0,AJ8-AJ7) -> 1250 | AL8: 805750 | AM8: =MAX(0,AL8-AL7) -> 1020 | AN8: 659720 | AO8: =MAX(0,AN8-AN7) -> 730 | AP8: 1102700 | AQ8: =MAX(0,AP8-AP7) -> 1000 | AR8: 846460 | AS8: =MAX(0,AR8-AR7) -> 820 | AT8: 722640 | AU8: =MAX(0,AT8-AT7) -> 670 | AV8: 392940 | AW8: =MAX(0,AV8-AV7) -> 340 | AX8: 134100 | AY8: =MAX(0,AX8-AX7) -> 150 | AZ8: 869470 | BA8: =MAX(0,AZ8-AZ7) -> 1060 | BB8: 272860 | BC8: =MAX(0,BB8-BB7) -> 280 | BD8: 315540 | BE8: =MAX(0,BD8-BD7) -> 430 | BF8: 505480 | BG8: =MAX(0,BF8-BF7) -> 460
A9: =Water!A10 -> 44989 | B9: 27668411 | C9: =MAX(0,B9-B8) -> 4211 | D9: 25628502 | E9: =MAX(0,D9-D8) -> 4493 | F9: 93904944 | G9: =MAX(0,F9-F8) -> 12340 | H9: 3431300 | I9: =MAX(0,H9-H8) -> 2500 | J9: 4586487 | K9: =MAX(0,J9-J8) -> 2795 | L9: 2975600 | M9: =MAX(0,L9-L8) -> 1800 | N9: 1163498 | O9: =MAX(0,N9-N8) -> 455 | P9: 1205000 | Q9: =MAX(0,P9-P8) -> 700 | R9: 2729700 | S9: =MAX(0,R9-R8) -> 1800 | T9: 74080 | U9: =MAX(0,T9-T8) -> 489 | V9: 1057400 | W9: =MAX(0,V9-V8) -> 400 | X9: 1117400 | Y9: =MAX(0,X9-X8) -> 400 | Z9: 1676500 | AA9: =MAX(0,Z9-Z8) -> 600 | AB9: 157250 | AC9: =MAX(0,AB9-AB8) -> 170 | AD9: 645190 | AE9: =MAX(0,AD9-AD8) -> 430 | AF9: 1261600 | AG9: =MAX(0,AF9-AF8) -> 1200 | AH9: 420500 | AI9: =MAX(0,AH9-AH8) -> 440 | AJ9: 965170 | AK9: =MAX(0,AJ9-AJ8) -> 1020 | AL9: 806700 | AM9: =MAX(0,AL9-AL8) -> 950 | AN9: 660360 | AO9: =MAX(0,AN9-AN8) -> 640 | AP9: 1103600 | AQ9: =MAX(0,AP9-AP8) -> 900 | AR9: 847310 | AS9: =MAX(0,AR9-AR8) -> 850 | AT9: 723320 | AU9: =MAX(0,AT9-AT8) -> 680 | AV9: 393290 | AW9: =MAX(0,AV9-AV8) -> 350 | AX9: 134220 | AY9: =MAX(0,AX9-AX8) -> 120 | AZ9: 870450 | BA9: =MAX(0,AZ9-AZ8) -> 980 | BB9: 273110 | BC9: =MAX(0,BB9-BB8) -> 250 | BD9: 315950 | BE9: =MAX(0,BD9-BD8) -> 410 | BF9: 505940 | BG9: =MAX(0,BF9-BF8) -> 460
A10: =Water!A11 -> 44990 | B10: 27672550 | C10: =MAX(0,B10-B9) -> 4139 | D10: 25632675 | E10: =MAX(0,D10-D9) -> 4173 | F10: 93916833 | G10: =MAX(0,F10-F9) -> 11889 | H10: 3433600 | I10: =MAX(0,H10-H9) -> 2300 | J10: 4589253 | K10: =MAX(0,J10-J9) -> 2766 | L10: 2977100 | M10: =MAX(0,L10-L9) -> 1500 | N10: 1163980 | O10: =MAX(0,N10-N9) -> 482 | P10: 1205600 | Q10: =MAX(0,P10-P9) -> 600 | R10: 2731800 | S10: =MAX(0,R10-R9) -> 2100 | T10: 74520 | U10: =MAX(0,T10-T9) -> 440 | V10: 1057900 | W10: =MAX(0,V10-V9) -> 500 | X10: 1117700 | Y10: =MAX(0,X10-X9) -> 300 | Z10: 1677100 | AA10: =MAX(0,Z10-Z9) -> 600 | AB10: 157410 | AC10: =MAX(0,AB10-AB9) -> 160 | AD10: 645600 | AE10: =MAX(0,AD10-AD9) -> 410 | AF10: 1262700 | AG10: =MAX(0,AF10-AF9) -> 1100 | AH10: 420940 | AI10: =MAX(0,AH10-AH9) -> 440 | AJ10: 966120 | AK10: =MAX(0,AJ10-AJ9) -> 950 | AL10: 807630 | AM10: =MAX(0,AL10-AL9) -> 930 | AN10: 661060 | AO10: =MAX(0,AN10-AN9) -> 700 | AP10: 1104500 | AQ10: =MAX(0,AP10-AP9) -> 900 | AR10: 848180 | AS10: =MAX(0,AR10-AR9) -> 870 | AT10: 724070 | AU10: =MAX(0,AT10-AT9) -> 750 | AV10: 393640 | AW10: =MAX(0,AV10-AV9) -> 350 | AX10: 134360 | AY10: =MAX(0,AX10-AX9) -> 140 | AZ10: 871580 | BA10: =MAX(0,AZ10-AZ9) -> 1130 | BB10: 273390 | BC10: =MAX(0,BB10-BB9) -> 280 | BD10: 316410 | BE10: =MAX(0,BD10-BD9) -> 460 | BF10: 506400 | BG10: =MAX(0,BF10-BF9) -> 460
A11: =Water!A12 -> 44991 | B11: 27676367 | C11: =MAX(0,B11-B10) -> 3817 | D11: 25636077 | E11: =MAX(0,D11-D10) -> 3402 | F11: 93929018 | G11: =MAX(0,F11-F10) -> 12185 | H11: 3435800 | I11: =MAX(0,H11-H10) -> 2200 | J11: 4591932 | K11: =MAX(0,J11-J10) -> 2679 | L11: 2978600 | M11: =MAX(0,L11-L10) -> 1500 | N11: 1164458 | O11: =MAX(0,N11-N10) -> 478 | P11: 1206200 | Q11: =MAX(0,P11-P10) -> 600 | R11: 2733900 | S11: =MAX(0,R11-R10) -> 2100 | T11: 75013 | U11: =MAX(0,T11-T10) -> 493 | V11: 1058300 | W11: =MAX(0,V11-V10) -> 400 | X11: 1118000 | Y11: =MAX(0,X11-X10) -> 300 | Z11: 1677800 | AA11: =MAX(0,Z11-Z10) -> 700 | AB11: 157580 | AC11: =MAX(0,AB11-AB10) -> 170 | AD11: 646080 | AE11: =MAX(0,AD11-AD10) -> 480 | AF11: 1263800 | AG11: =MAX(0,AF11-AF10) -> 1100 | AH11: 421320 | AI11: =MAX(0,AH11-AH10) -> 380 | AJ11: 966750 | AK11: =MAX(0,AJ11-AJ10) -> 630 | AL11: 808270 | AM11: =MAX(0,AL11-AL10) -> 640 | AN11: 661480 | AO11: =MAX(0,AN11-AN10) -> 420 | AP11: 1105200 | AQ11: =MAX(0,AP11-AP10) -> 700 | AR11: 848730 | AS11: =MAX(0,AR11-AR10) -> 550 | AT11: 724560 | AU11: =MAX(0,AT11-AT10) -> 490 | AV11: 393940 | AW11: =MAX(0,AV11-AV10) -> 300 | AX11: 134470 | AY11: =MAX(0,AX11-AX10) -> 110 | AZ11: 872510 | BA11: =MAX(0,AZ11-AZ10) -> 930 | BB11: 273640 | BC11: =MAX(0,BB11-BB10) -> 250 | BD11: 316800 | BE11: =MAX(0,BD11-BD10) -> 390 | BF11: 506880 | BG11: =MAX(0,BF11-BF10) -> 480
A12: =Water!A13 -> 44992 | B12: 27680362 | C12: =MAX(0,B12-B11) -> 3995 | D12: 25640516 | E12: =MAX(0,D12-D11) -> 4439 | F12: 93940289 | G12: =MAX(0,F12-F11) -> 11271 | H12: 3438100 | I12: =MAX(0,H12-H11) -> 2300 | J12: 4594729 | K12: =MAX(0,J12-J11) -> 2797 | L12: 2980400 | M12: =MAX(0,L12-L11) -> 1800 | N12: 1164884 | O12: =MAX(0,N12-N11) -> 426 | P12: 1206900 | Q12: =MAX(0,P12-P11) -> 700 | R12: 2735900 | S12: =MAX(0,R12-R11) -> 2000 | T12: 75458 | U12: =MAX(0,T12-T11) -> 445 | V12: 1058600 | W12: =MAX(0,V12-V11) -> 300 | X12: 1118300 | Y12: =MAX(0,X12-X11) -> 300 | Z12: 1678300 | AA12: =MAX(0,Z12-Z11) -> 500 | AB12: 157710 | AC12: =MAX(0,AB12-AB11) -> 130 | AD12: 646450 | AE12: =MAX(0,AD12-AD11) -> 370 | AF12: 1265000 | AG12: =MAX(0,AF12-AF11) -> 1200 | AH12: 421800 | AI12: =MAX(0,AH12-AH11) -> 480 | AJ12: 967670 | AK12: =MAX(0,AJ12-AJ11) -> 920 | AL12: 809130 | AM12: =MAX(0,AL12-AL11) -> 860 | AN12: 662200 | AO12: =MAX(0,AN12-AN11) -> 720 | AP12: 1106300 | AQ12: =MAX(0,AP12-AP11) -> 1100 | AR12: 849480 | AS12: =MAX(0,AR12-AR11) -> 750 | AT12: 725250 | AU12: =MAX(0,AT12-AT11) -> 690 | AV12: 394230 | AW12: =MAX(0,AV12-AV11) -> 290 | AX12: 134620 | AY12: =MAX(0,AX12-AX11) -> 150 | AZ12: 873480 | BA12: =MAX(0,AZ12-AZ11) -> 970 | BB12: 273900 | BC12: =MAX(0,BB12-BB11) -> 260 | BD12: 317220 | BE12: =MAX(0,BD12-BD11) -> 420 | BF12: 507350 | BG12: =MAX(0,BF12-BF11) -> 470
A13: =Water!A14 -> 44993 | B13: 27684850 | C13: =MAX(0,B13-B12) -> 4488 | D13: 25645633 | E13: =MAX(0,D13-D12) -> 5117 | F13: 93952701 | G13: =MAX(0,F13-F12) -> 12412 | H13: 3440500 | I13: =MAX(0,H13-H12) -> 2400 | J13: 4597567 | K13: =MAX(0,J13-J12) -> 2838 | L13: 2982300 | M13: =MAX(0,L13-L12) -> 1900 | N13: 1165372 | O13: =MAX(0,N13-N12) -> 488 | P13: 1207500 | Q13: =MAX(0,P13-P12) -> 600 | R13: 2737800 | S13: =MAX(0,R13-R12) -> 1900 | T13: 76005 | U13: =MAX(0,T13-T12) -> 547 | V13: 1059000 | W13: =MAX(0,V13-V12) -> 400 | X13: 1118600 | Y13: =MAX(0,X13-X12) -> 300 | Z13: 1679000 | AA13: =MAX(0,Z13-Z12) -> 700 | AB13: 157870 | AC13: =MAX(0,AB13-AB12) -> 160 | AD13: 646840 | AE13: =MAX(0,AD13-AD12) -> 390 | AF13: 1266200 | AG13: =MAX(0,AF13-AF12) -> 1200 | AH13: 422290 | AI13: =MAX(0,AH13-AH12) -> 490 | AJ13: 968940 | AK13: =MAX(0,AJ13-AJ12) -> 1270 | AL13: 810250 | AM13: =MAX(0,AL13-AL12) -> 1120 | AN13: 663240 | AO13: =MAX(0,AN13-AN12) -> 1040 | AP13: 1107500 | AQ13: =MAX(0,AP13-AP12) -> 1200 | AR13: 850380 | AS13: =MAX(0,AR13-AR12) -> 900 | AT13: 726010 | AU13: =MAX(0,AT13-AT12) -> 760 | AV13: 394480 | AW13: =MAX(0,AV13-AV12) -> 250 | AX13: 134750 | AY13: =MAX(0,AX13-AX12) -> 130 | AZ13: 874570 | BA13: =MAX(0,AZ13-AZ12) -> 1090 | BB13: 274180 | BC13: =MAX(0,BB13-BB12) -> 280 | BD13: 317660 | BE13: =MAX(0,BD13-BD12) -> 440 | BF13: 507840 | BG13: =MAX(0,BF13-BF12) -> 490
A14: =Water!A15 -> 44994 | C14: =MAX(0,B14-B13) -> 0 | E14: =MAX(0,D14-D13) -> 0 | G14: =MAX(0,F14-F13) -> 0 | I14: =MAX(0,H14-H13) -> 0 | K14: =MAX(0,J14-J13) -> 0 | M14: =MAX(0,L14-L13) -> 0 | O14: =MAX(0,N14-N13) -> 0 | Q14: =MAX(0,P14-P13) -> 0 | S14: =MAX(0,R14-R13) -> 0 | U14: =MAX(0,T14-T13) -> 0 | W14: =MAX(0,V14-V13) -> 0 | Y14: =MAX(0,X14-X13) -> 0 | AA14: =MAX(0,Z14-Z13) -> 0 | AC14: =MAX(0,AB14-AB13) -> 0 | AE14: =MAX(0,AD14-AD13) -> 0 | AG14: =MAX(0,AF14-AF13) -> 0 | AI14: =MAX(0,AH14-AH13) -> 0 | AK14: =MAX(0,AJ14-AJ13) -> 0 | AM14: =MAX(0,AL14-AL13) -> 0 | AO14: =MAX(0,AN14-AN13) -> 0 | AQ14: =MAX(0,AP14-AP13) -> 0 | AS14: =MAX(0,AR14-AR13) -> 0 | AU14: =MAX(0,AT14-AT13) -> 0 | AW14: =MAX(0,AV14-AV13) -> 0 | AY14: =MAX(0,AX14-AX13) -> 0 | BA14: =MAX(0,AZ14-AZ13) -> 0 | BC14: =MAX(0,BB14-BB13) -> 0 | BE14: =MAX(0,BD14-BD13) -> 0 | BG14: =MAX(0,BF14-BF13) -> 0
A15: =Water!A16 -> 44995 | C15: =MAX(0,B15-B14) -> 0 | E15: =MAX(0,D15-D14) -> 0 | G15: =MAX(0,F15-F14) -> 0 | I15: =MAX(0,H15-H14) -> 0 | K15: =MAX(0,J15-J14) -> 0 | M15: =MAX(0,L15-L14) -> 0 | O15: =MAX(0,N15-N14) -> 0 | Q15: =MAX(0,P15-P14) -> 0 | S15: =MAX(0,R15-R14) -> 0 | U15: =MAX(0,T15-T14) -> 0 | W15: =MAX(0,V15-V14) -> 0 | Y15: =MAX(0,X15-X14) -> 0 | AA15: =MAX(0,Z15-Z14) -> 0 | AC15: =MAX(0,AB15-AB14) -> 0 | AE15: =MAX(0,AD15-AD14) -> 0 | AG15: =MAX(0,AF15-AF14) -> 0 | AI15: =MAX(0,AH15-AH14) -> 0 | AK15: =MAX(0,AJ15-AJ14) -> 0 | AM15: =MAX(0,AL15-AL14) -> 0 | AO15: =MAX(0,AN15-AN14) -> 0 | AQ15: =MAX(0,AP15-AP14) -> 0 | AS15: =MAX(0,AR15-AR14) -> 0 | AU15: =MAX(0,AT15-AT14) -> 0 | AW15: =MAX(0,AV15-AV14) -> 0 | AY15: =MAX(0,AX15-AX14) -> 0 | BA15: =MAX(0,AZ15-AZ14) -> 0 | BC15: =MAX(0,BB15-BB14) -> 0 | BE15: =MAX(0,BD15-BD14) -> 0 | BG15: =MAX(0,BF15-BF14) -> 0
A16: =Water!A17 -> 44996 | C16: =MAX(0,B16-B15) -> 0 | E16: =MAX(0,D16-D15) -> 0 | G16: =MAX(0,F16-F15) -> 0 | I16: =MAX(0,H16-H15) -> 0 | K16: =MAX(0,J16-J15) -> 0 | M16: =MAX(0,L16-L15) -> 0 | O16: =MAX(0,N16-N15) -> 0 | Q16: =MAX(0,P16-P15) -> 0 | S16: =MAX(0,R16-R15) -> 0 | U16: =MAX(0,T16-T15) -> 0 | W16: =MAX(0,V16-V15) -> 0 | Y16: =MAX(0,X16-X15) -> 0 | AA16: =MAX(0,Z16-Z15) -> 0 | AC16: =MAX(0,AB16-AB15) -> 0 | AE16: =MAX(0,AD16-AD15) -> 0 | AG16: =MAX(0,AF16-AF15) -> 0 | AI16: =MAX(0,AH16-AH15) -> 0 | AK16: =MAX(0,AJ16-AJ15) -> 0 | AM16: =MAX(0,AL16-AL15) -> 0 | AO16: =MAX(0,AN16-AN15) -> 0 | AQ16: =MAX(0,AP16-AP15) -> 0 | AS16: =MAX(0,AR16-AR15) -> 0 | AU16: =MAX(0,AT16-AT15) -> 0 | AW16: =MAX(0,AV16-AV15) -> 0 | AY16: =MAX(0,AX16-AX15) -> 0 | BA16: =MAX(0,AZ16-AZ15) -> 0 | BC16: =MAX(0,BB16-BB15) -> 0 | BE16: =MAX(0,BD16-BD15) -> 0 | BG16: =MAX(0,BF16-BF15) -> 0
A17: =Water!A18 -> 44997 | C17: =MAX(0,B17-B16) -> 0 | E17: =MAX(0,D17-D16) -> 0 | G17: =MAX(0,F17-F16) -> 0 | I17: =MAX(0,H17-H16) -> 0 | K17: =MAX(0,J17-J16) -> 0 | M17: =MAX(0,L17-L16) -> 0 | O17: =MAX(0,N17-N16) -> 0 | Q17: =MAX(0,P17-P16) -> 0 | S17: =MAX(0,R17-R16) -> 0 | U17: =MAX(0,T17-T16) -> 0 | W17: =MAX(0,V17-V16) -> 0 | Y17: =MAX(0,X17-X16) -> 0 | AA17: =MAX(0,Z17-Z16) -> 0 | AC17: =MAX(0,AB17-AB16) -> 0 | AE17: =MAX(0,AD17-AD16) -> 0 | AG17: =MAX(0,AF17-AF16) -> 0 | AI17: =MAX(0,AH17-AH16) -> 0 | AK17: =MAX(0,AJ17-AJ16) -> 0 | AM17: =MAX(0,AL17-AL16) -> 0 | AO17: =MAX(0,AN17-AN16) -> 0 | AQ17: =MAX(0,AP17-AP16) -> 0 | AS17: =MAX(0,AR17-AR16) -> 0 | AU17: =MAX(0,AT17-AT16) -> 0 | AW17: =MAX(0,AV17-AV16) -> 0 | AY17: =MAX(0,AX17-AX16) -> 0 | BA17: =MAX(0,AZ17-AZ16) -> 0 | BC17: =MAX(0,BB17-BB16) -> 0 | BE17: =MAX(0,BD17-BD16) -> 0 | BG17: =MAX(0,BF17-BF16) -> 0
A18: =Water!A19 -> 44998 | C18: =MAX(0,B18-B17) -> 0 | E18: =MAX(0,D18-D17) -> 0 | G18: =MAX(0,F18-F17) -> 0 | I18: =MAX(0,H18-H17) -> 0 | K18: =MAX(0,J18-J17) -> 0 | M18: =MAX(0,L18-L17) -> 0 | O18: =MAX(0,N18-N17) -> 0 | Q18: =MAX(0,P18-P17) -> 0 | S18: =MAX(0,R18-R17) -> 0 | U18: =MAX(0,T18-T17) -> 0 | W18: =MAX(0,V18-V17) -> 0 | Y18: =MAX(0,X18-X17) -> 0 | AA18: =MAX(0,Z18-Z17) -> 0 | AC18: =MAX(0,AB18-AB17) -> 0 | AE18: =MAX(0,AD18-AD17) -> 0 | AG18: =MAX(0,AF18-AF17) -> 0 | AI18: =MAX(0,AH18-AH17) -> 0 | AK18: =MAX(0,AJ18-AJ17) -> 0 | AM18: =MAX(0,AL18-AL17) -> 0 | AO18: =MAX(0,AN18-AN17) -> 0 | AQ18: =MAX(0,AP18-AP17) -> 0 | AS18: =MAX(0,AR18-AR17) -> 0 | AU18: =MAX(0,AT18-AT17) -> 0 | AW18: =MAX(0,AV18-AV17) -> 0 | AY18: =MAX(0,AX18-AX17) -> 0 | BA18: =MAX(0,AZ18-AZ17) -> 0 | BC18: =MAX(0,BB18-BB17) -> 0 | BE18: =MAX(0,BD18-BD17) -> 0 | BG18: =MAX(0,BF18-BF17) -> 0
A19: =Water!A20 -> 44999 | C19: =MAX(0,B19-B18) -> 0 | E19: =MAX(0,D19-D18) -> 0 | G19: =MAX(0,F19-F18) -> 0 | I19: =MAX(0,H19-H18) -> 0 | K19: =MAX(0,J19-J18) -> 0 | M19: =MAX(0,L19-L18) -> 0 | O19: =MAX(0,N19-N18) -> 0 | Q19: =MAX(0,P19-P18) -> 0 | S19: =MAX(0,R19-R18) -> 0 | U19: =MAX(0,T19-T18) -> 0 | W19: =MAX(0,V19-V18) -> 0 | Y19: =MAX(0,X19-X18) -> 0 | AA19: =MAX(0,Z19-Z18) -> 0 | AC19: =MAX(0,AB19-AB18) -> 0 | AE19: =MAX(0,AD19-AD18) -> 0 | AG19: =MAX(0,AF19-AF18) -> 0 | AI19: =MAX(0,AH19-AH18) -> 0 | AK19: =MAX(0,AJ19-AJ18) -> 0 | AM19: =MAX(0,AL19-AL18) -> 0 | AO19: =MAX(0,AN19-AN18) -> 0 | AQ19: =MAX(0,AP19-AP18) -> 0 | AS19: =MAX(0,AR19-AR18) -> 0 | AU19: =MAX(0,AT19-AT18) -> 0 | AW19: =MAX(0,AV19-AV18) -> 0 | AY19: =MAX(0,AX19-AX18) -> 0 | BA19: =MAX(0,AZ19-AZ18) -> 0 | BC19: =MAX(0,BB19-BB18) -> 0 | BE19: =MAX(0,BD19-BD18) -> 0 | BG19: =MAX(0,BF19-BF18) -> 0
A20: =Water!A21 -> 45000 | C20: =MAX(0,B20-B19) -> 0 | E20: =MAX(0,D20-D19) -> 0 | G20: =MAX(0,F20-F19) -> 0 | I20: =MAX(0,H20-H19) -> 0 | K20: =MAX(0,J20-J19) -> 0 | M20: =MAX(0,L20-L19) -> 0 | O20: =MAX(0,N20-N19) -> 0 | Q20: =MAX(0,P20-P19) -> 0 | S20: =MAX(0,R20-R19) -> 0 | U20: =MAX(0,T20-T19) -> 0 | W20: =MAX(0,V20-V19) -> 0 | Y20: =MAX(0,X20-X19) -> 0 | AA20: =MAX(0,Z20-Z19) -> 0 | AC20: =MAX(0,AB20-AB19) -> 0 | AE20: =MAX(0,AD20-AD19) -> 0 | AG20: =MAX(0,AF20-AF19) -> 0 | AI20: =MAX(0,AH20-AH19) -> 0 | AK20: =MAX(0,AJ20-AJ19) -> 0 | AM20: =MAX(0,AL20-AL19) -> 0 | AO20: =MAX(0,AN20-AN19) -> 0 | AQ20: =MAX(0,AP20-AP19) -> 0 | AS20: =MAX(0,AR20-AR19) -> 0 | AU20: =MAX(0,AT20-AT19) -> 0 | AW20: =MAX(0,AV20-AV19) -> 0 | AY20: =MAX(0,AX20-AX19) -> 0 | BA20: =MAX(0,AZ20-AZ19) -> 0 | BC20: =MAX(0,BB20-BB19) -> 0 | BE20: =MAX(0,BD20-BD19) -> 0 | BG20: =MAX(0,BF20-BF19) -> 0
A21: =Water!A22 -> 45001 | C21: =MAX(0,B21-B20) -> 0 | E21: =MAX(0,D21-D20) -> 0 | G21: =MAX(0,F21-F20) -> 0 | I21: =MAX(0,H21-H20) -> 0 | K21: =MAX(0,J21-J20) -> 0 | M21: =MAX(0,L21-L20) -> 0 | O21: =MAX(0,N21-N20) -> 0 | Q21: =MAX(0,P21-P20) -> 0 | S21: =MAX(0,R21-R20) -> 0 | U21: =MAX(0,T21-T20) -> 0 | W21: =MAX(0,V21-V20) -> 0 | Y21: =MAX(0,X21-X20) -> 0 | AA21: =MAX(0,Z21-Z20) -> 0 | AC21: =MAX(0,AB21-AB20) -> 0 | AE21: =MAX(0,AD21-AD20) -> 0 | AG21: =MAX(0,AF21-AF20) -> 0 | AI21: =MAX(0,AH21-AH20) -> 0 | AK21: =MAX(0,AJ21-AJ20) -> 0 | AM21: =MAX(0,AL21-AL20) -> 0 | AO21: =MAX(0,AN21-AN20) -> 0 | AQ21: =MAX(0,AP21-AP20) -> 0 | AS21: =MAX(0,AR21-AR20) -> 0 | AU21: =MAX(0,AT21-AT20) -> 0 | AW21: =MAX(0,AV21-AV20) -> 0 | AY21: =MAX(0,AX21-AX20) -> 0 | BA21: =MAX(0,AZ21-AZ20) -> 0 | BC21: =MAX(0,BB21-BB20) -> 0 | BE21: =MAX(0,BD21-BD20) -> 0 | BG21: =MAX(0,BF21-BF20) -> 0
A22: =Water!A23 -> 45002 | C22: =MAX(0,B22-B21) -> 0 | E22: =MAX(0,D22-D21) -> 0 | G22: =MAX(0,F22-F21) -> 0 | I22: =MAX(0,H22-H21) -> 0 | K22: =MAX(0,J22-J21) -> 0 | M22: =MAX(0,L22-L21) -> 0 | O22: =MAX(0,N22-N21) -> 0 | Q22: =MAX(0,P22-P21) -> 0 | S22: =MAX(0,R22-R21) -> 0 | U22: =MAX(0,T22-T21) -> 0 | W22: =MAX(0,V22-V21) -> 0 | Y22: =MAX(0,X22-X21) -> 0 | AA22: =MAX(0,Z22-Z21) -> 0 | AC22: =MAX(0,AB22-AB21) -> 0 | AE22: =MAX(0,AD22-AD21) -> 0 | AG22: =MAX(0,AF22-AF21) -> 0 | AI22: =MAX(0,AH22-AH21) -> 0 | AK22: =MAX(0,AJ22-AJ21) -> 0 | AM22: =MAX(0,AL22-AL21) -> 0 | AO22: =MAX(0,AN22-AN21) -> 0 | AQ22: =MAX(0,AP22-AP21) -> 0 | AS22: =MAX(0,AR22-AR21) -> 0 | AU22: =MAX(0,AT22-AT21) -> 0 | AW22: =MAX(0,AV22-AV21) -> 0 | AY22: =MAX(0,AX22-AX21) -> 0 | BA22: =MAX(0,AZ22-AZ21) -> 0 | BC22: =MAX(0,BB22-BB21) -> 0 | BE22: =MAX(0,BD22-BD21) -> 0 | BG22: =MAX(0,BF22-BF21) -> 0
A23: =Water!A24 -> 45003 | C23: =MAX(0,B23-B22) -> 0 | E23: =MAX(0,D23-D22) -> 0 | G23: =MAX(0,F23-F22) -> 0 | I23: =MAX(0,H23-H22) -> 0 | K23: =MAX(0,J23-J22) -> 0 | M23: =MAX(0,L23-L22) -> 0 | O23: =MAX(0,N23-N22) -> 0 | Q23: =MAX(0,P23-P22) -> 0 | S23: =MAX(0,R23-R22) -> 0 | U23: =MAX(0,T23-T22) -> 0 | W23: =MAX(0,V23-V22) -> 0 | Y23: =MAX(0,X23-X22) -> 0 | AA23: =MAX(0,Z23-Z22) -> 0 | AC23: =MAX(0,AB23-AB22) -> 0 | AE23: =MAX(0,AD23-AD22) -> 0 | AG23: =MAX(0,AF23-AF22) -> 0 | AI23: =MAX(0,AH23-AH22) -> 0 | AK23: =MAX(0,AJ23-AJ22) -> 0 | AM23: =MAX(0,AL23-AL22) -> 0 | AO23: =MAX(0,AN23-AN22) -> 0 | AQ23: =MAX(0,AP23-AP22) -> 0 | AS23: =MAX(0,AR23-AR22) -> 0 | AU23: =MAX(0,AT23-AT22) -> 0 | AW23: =MAX(0,AV23-AV22) -> 0 | AY23: =MAX(0,AX23-AX22) -> 0 | BA23: =MAX(0,AZ23-AZ22) -> 0 | BC23: =MAX(0,BB23-BB22) -> 0 | BE23: =MAX(0,BD23-BD22) -> 0 | BG23: =MAX(0,BF23-BF22) -> 0
A24: =Water!A25 -> 45004 | C24: =MAX(0,B24-B23) -> 0 | E24: =MAX(0,D24-D23) -> 0 | G24: =MAX(0,F24-F23) -> 0 | I24: =MAX(0,H24-H23) -> 0 | K24: =MAX(0,J24-J23) -> 0 | M24: =MAX(0,L24-L23) -> 0 | O24: =MAX(0,N24-N23) -> 0 | Q24: =MAX(0,P24-P23) -> 0 | S24: =MAX(0,R24-R23) -> 0 | U24: =MAX(0,T24-T23) -> 0 | W24: =MAX(0,V24-V23) -> 0 | Y24: =MAX(0,X24-X23) -> 0 | AA24: =MAX(0,Z24-Z23) -> 0 | AC24: =MAX(0,AB24-AB23) -> 0 | AE24: =MAX(0,AD24-AD23) -> 0 | AG24: =MAX(0,AF24-AF23) -> 0 | AI24: =MAX(0,AH24-AH23) -> 0 | AK24: =MAX(0,AJ24-AJ23) -> 0 | AM24: =MAX(0,AL24-AL23) -> 0 | AO24: =MAX(0,AN24-AN23) -> 0 | AQ24: =MAX(0,AP24-AP23) -> 0 | AS24: =MAX(0,AR24-AR23) -> 0 | AU24: =MAX(0,AT24-AT23) -> 0 | AW24: =MAX(0,AV24-AV23) -> 0 | AY24: =MAX(0,AX24-AX23) -> 0 | BA24: =MAX(0,AZ24-AZ23) -> 0 | BC24: =MAX(0,BB24-BB23) -> 0 | BE24: =MAX(0,BD24-BD23) -> 0 | BG24: =MAX(0,BF24-BF23) -> 0
A25: =Water!A26 -> 45005 | C25: =MAX(0,B25-B24) -> 0 | E25: =MAX(0,D25-D24) -> 0 | G25: =MAX(0,F25-F24) -> 0 | I25: =MAX(0,H25-H24) -> 0 | K25: =MAX(0,J25-J24) -> 0 | M25: =MAX(0,L25-L24) -> 0 | O25: =MAX(0,N25-N24) -> 0 | Q25: =MAX(0,P25-P24) -> 0 | S25: =MAX(0,R25-R24) -> 0 | U25: =MAX(0,T25-T24) -> 0 | W25: =MAX(0,V25-V24) -> 0 | Y25: =MAX(0,X25-X24) -> 0 | AA25: =MAX(0,Z25-Z24) -> 0 | AC25: =MAX(0,AB25-AB24) -> 0 | AE25: =MAX(0,AD25-AD24) -> 0 | AG25: =MAX(0,AF25-AF24) -> 0 | AI25: =MAX(0,AH25-AH24) -> 0 | AK25: =MAX(0,AJ25-AJ24) -> 0 | AM25: =MAX(0,AL25-AL24) -> 0 | AO25: =MAX(0,AN25-AN24) -> 0 | AQ25: =MAX(0,AP25-AP24) -> 0 | AS25: =MAX(0,AR25-AR24) -> 0 | AU25: =MAX(0,AT25-AT24) -> 0 | AW25: =MAX(0,AV25-AV24) -> 0 | AY25: =MAX(0,AX25-AX24) -> 0 | BA25: =MAX(0,AZ25-AZ24) -> 0 | BC25: =MAX(0,BB25-BB24) -> 0 | BE25: =MAX(0,BD25-BD24) -> 0 | BG25: =MAX(0,BF25-BF24) -> 0
... A36: =Water!A37 -> 45016 | C36: =MAX(0,B36-B35) -> 0 | E36: =MAX(0,D36-D35) -> 0 | G36: =MAX(0,F36-F35) -> 0 | I36: =MAX(0,H36-H35) -> 0 | K36: =MAX(0,J36-J35) -> 0 | M36: =MAX(0,L36-L35) -> 0 | O36: =MAX(0,N36-N35) -> 0 | Q36: =MAX(0,P36-P35) -> 0 | S36: =MAX(0,R36-R35) -> 0 | U36: =MAX(0,T36-T35) -> 0 | W36: =MAX(0,V36-V35) -> 0 | Y36: =MAX(0,X36-X35) -> 0 | AA36: =MAX(0,Z36-Z35) -> 0 | AC36: =MAX(0,AB36-AB35) -> 0 | AE36: =MAX(0,AD36-AD35) -> 0 | AG36: =MAX(0,AF36-AF35) -> 0 | AI36: =MAX(0,AH36-AH35) -> 0 | AK36: =MAX(0,AJ36-AJ35) -> 0 | AM36: =MAX(0,AL36-AL35) -> 0 | AO36: =MAX(0,AN36-AN35) -> 0 | AQ36: =MAX(0,AP36-AP35) -> 0 | AS36: =MAX(0,AR36-AR35) -> 0 | AU36: =MAX(0,AT36-AT35) -> 0 | AW36: =MAX(0,AV36-AV35) -> 0 | AY36: =MAX(0,AX36-AX35) -> 0 | BA36: =MAX(0,AZ36-AZ35) -> 0 | BC36: =MAX(0,BB36-BB35) -> 0 | BE36: =MAX(0,BD36-BD35) -> 0 | BG36: =MAX(0,BF36-BF35) -> 0

Sheet Room Nights & Food Covers
A1: From Daily Revenue Report
A3: Date | B3: ROOM NIGHTS | C3: No. of Guests | D3: Total Food Covers
A4: 45291
A5: ='FEEDER Consumption '!A6 -> 44986 | B5: 57 | C5: 123 | D5: 334
A6: ='FEEDER Consumption '!A7 -> 44987 | B6: 57 | C6: 125 | D6: 360
A7: ='FEEDER Consumption '!A8 -> 44988 | B7: 58 | C7: 128 | D7: 355
A8: ='FEEDER Consumption '!A9 -> 44989 | B8: 59 | C8: 124 | D8: 358
A9: ='FEEDER Consumption '!A10 -> 44990 | B9: 56 | C9: 126 | D9: 344
A10: ='FEEDER Consumption '!A11 -> 44991 | B10: 63 | C10: 135 | D10: 393
A11: ='FEEDER Consumption '!A12 -> 44992 | B11: 61 | C11: 139 | D11: 363
A12: ='FEEDER Consumption '!A13 -> 44993
A13: ='FEEDER Consumption '!A14 -> 44994
A14: ='FEEDER Consumption '!A15 -> 44995
A15: ='FEEDER Consumption '!A16 -> 44996
A16: ='FEEDER Consumption '!A17 -> 44997
A17: ='FEEDER Consumption '!A18 -> 44998
A18: ='FEEDER Consumption '!A19 -> 44999
A19: ='FEEDER Consumption '!A20 -> 45000
A20: ='FEEDER Consumption '!A21 -> 45001
A21: ='FEEDER Consumption '!A22 -> 45002
A22: ='FEEDER Consumption '!A23 -> 45003
A23: ='FEEDER Consumption '!A24 -> 45004
... A35: ='FEEDER Consumption '!A36 -> 45016
D36: =SUM(D5:D32) -> 2507

Sheet LPG Gas
A1: GAS CONSUMPTION / CYLINDERS
A4: DAY | B4: Blu Kitchen & Tiki Torch | C4: Albarakath Kitchen & Tiki Torch | D4: Fuego Tiki Torch | E4: Main Kitchen | F4: Total | G4: Total Consumption (KG)
A5: ='Room Nights & Food Covers'!A5 -> 44986 | B5: 2 | C5: 0 | D5: 1 | E5: 2 | F5: =SUM(B5:E5) -> 5 | G5: =F5*45 -> 225
A6: ='Room Nights & Food Covers'!A6 -> 44987 | B6: 2 | C6: 0 | D6: 1 | E6: 2 | F6: =SUM(B6:E6) -> 5 | G6: =F6*45 -> 225
A7: ='Room Nights & Food Covers'!A7 -> 44988 | B7: 1 | C7: 2 | D7: 2 | E7: 2 | F7: =SUM(B7:E7) -> 7 | G7: =F7*45 -> 315
A8: ='Room Nights & Food Covers'!A8 -> 44989 | B8: 2 | C8: 0 | D8: 1 | E8: 3 | F8: =SUM(B8:E8) -> 6 | G8: =F8*45 -> 270
A9: ='Room Nights & Food Covers'!A9 -> 44990 | B9: 2 | C9: 1 | D9: 1 | E9: 2 | F9: =SUM(B9:E9) -> 6 | G9: =F9*45 -> 270
A10: ='Room Nights & Food Covers'!A10 -> 44991 | B10: 1 | C10: 0 | D10: 1 | E10: 2 | F10: =SUM(B10:E10) -> 4 | G10: =F10*45 -> 180
A11: ='Room Nights & Food Covers'!A11 -> 44992 | B11: 2 | C11: 1 | D11: 2 | E11: 2 | F11: =SUM(B11:E11) -> 7 | G11: =F11*45 -> 315
A12: ='Room Nights & Food Covers'!A12 -> 44993 | B12: 1 | C12: 0 | D12: 0 | E12: 2 | F12: =SUM(B12:E12) -> 3 | G12: =F12*45 -> 135
A13: ='Room Nights & Food Covers'!A13 -> 44994 | F13: =SUM(B13:E13) -> 0 | G13: =F13*45 -> 0
A14: ='Room Nights & Food Covers'!A14 -> 44995 | F14: =SUM(B14:E14) -> 0 | G14: =F14*45 -> 0
A15: ='Room Nights & Food Covers'!A15 -> 44996 | F15: =SUM(B15:E15) -> 0 | G15: =F15*45 -> 0
A16: ='Room Nights & Food Covers'!A16 -> 44997 | F16: =SUM(B16:E16) -> 0 | G16: =F16*45 -> 0
A17: ='Room Nights & Food Covers'!A17 -> 44998 | F17: =SUM(B17:E17) -> 0 | G17: =F17*45 -> 0
A18: ='Room Nights & Food Covers'!A18 -> 44999 | F18: =SUM(B18:E18) -> 0 | G18: =F18*45 -> 0
A19: ='Room Nights & Food Covers'!A19 -> 45000 | F19: =SUM(B19:E19) -> 0 | G19: =F19*45 -> 0
A20: ='Room Nights & Food Covers'!A20 -> 45001 | F20: =SUM(B20:E20) -> 0 | G20: =F20*45 -> 0
A21: ='Room Nights & Food Covers'!A21 -> 45002 | F21: =SUM(B21:E21) -> 0 | G21: =F21*45 -> 0
A22: ='Room Nights & Food Covers'!A22 -> 45003 | F22: =SUM(B22:E22) -> 0 | G22: =F22*45 -> 0
A23: ='Room Nights & Food Covers'!A23 -> 45004 | F23: =SUM(B23:E23) -> 0 | G23: =F23*45 -> 0
A24: ='Room Nights & Food Covers'!A24 -> 45005 | F24: =SUM(B24:E24) -> 0 | G24: =F24*45 -> 0
... A35: ='Room Nights & Food Covers'!A35 -> 45016 | F35: =SUM(B35:E35) -> 0 | G35: =F35*45 -> 0
A36: ='Room Nights & Food Covers'!A36 -> 0

Sheet Powerhouse Daily Performance
B1: Generators Daily Performance
B2: Date | C2: Generator No. 1 | I2: Generator No. 2 | O2: Generator No. 3 | U2: Generator No. 4 | AA2: Generator No. 5 | AG2: Total Generator 1 : 5
C3: Kwh | D3: R. Hours | E3: Diesel Lit. | F3: kwh/RH | G3: kwh/Lit. | I3: Kwh | J3: R. Hours | K3: Diesel Lit. | L3: kwh/RH | M3: kwh/Lit. | O3: Kwh | P3: R. Hours | Q3: Diesel Lit. | R3: kwh/RH | S3: kwh/Lit. | U3: Kwh | V3: R. Hours | W3: Diesel Lit. | X3: kwh/RH | Y3: kwh/Lit. | AA3: Kwh | AB3: R. Hours | AC3: Diesel Lit. | AD3: kwh/RH | AE3: kwh/Lit. | AG3: Kwh | AH3: R. Hours | AI3: Diesel Lit. | AJ3: kwh/RH | AK3: kwh/Lit.
B4: 44621 | C4: =MAX(0,'All Genset Readings'!C7-'All Genset Readings'!C6) -> 4913 | D4: =MAX(0,'All Genset Readings'!D7-'All Genset Readings'!D6) -> 11 | E4: ='All Genset Readings'!E7 -> 1520 | F4: =C4/D4 -> 446.63636 | G4: =C4/E4 -> 3.2322368 | I4: =MAX(0,'All Genset Readings'!G7-'All Genset Readings'!G6) -> 10599 | J4: =MAX(0,'All Genset Readings'!H7-'All Genset Readings'!H6) -> 14 | K4: ='All Genset Readings'!I7 -> 3230 | L4: =I4/J4 -> 757.07143 | M4: =I4/K4 -> 3.2814241 | O4: =MAX(0,'All Genset Readings'!K7-'All Genset Readings'!K6) -> 4211 | P4: =MAX(0,'All Genset Readings'!L7-'All Genset Readings'!L6) -> 11 | Q4: ='All Genset Readings'!M7 -> 1140 | R4: =O4/P4 -> 382.81818 | S4: =O4/Q4 -> 3.6938596 | U4: =MAX(0,'All Genset Readings'!O7-'All Genset Readings'!O6) -> 2300 | V4: =MAX(0,'All Genset Readings'!P7-'All Genset Readings'!P6) -> 10 | W4: ='All Genset Readings'!Q7 -> 720 | X4: =U4/V4 -> 230 | Y4: =U4/W4 -> 3.1944444 | AA4: =MAX(0,'All Genset Readings'!S7-'All Genset Readings'!S6) -> 5455 | AB4: =MAX(0,'All Genset Readings'!T7-'All Genset Readings'!T6) -> 12 | AC4: ='All Genset Readings'!U7 -> 1120 | AD4: =AA4/AB4 -> 454.58333 | AE4: =AA4/AC4 -> 4.8705357 | AG4: =C4+I4+O4+U4+AA4 -> 27478 | AH4: =D4+J4+P4+V4+AB4 -> 58 | AI4: =E4+K4+Q4+W4+AC4 -> 7730 | AJ4: =AG4/AH4 -> 473.75862 | AK4: =AG4/AI4 -> 3.5547219
B5: 44622 | C5: =MAX(0,'All Genset Readings'!C8-'All Genset Readings'!C7) -> 6424 | D5: =MAX(0,'All Genset Readings'!D8-'All Genset Readings'!D7) -> 13 | E5: ='All Genset Readings'!E8 -> 1830 | F5: =C5/D5 -> 494.15385 | G5: =C5/E5 -> 3.5103825 | I5: =MAX(0,'All Genset Readings'!G8-'All Genset Readings'!G7) -> 8247 | J5: =MAX(0,'All Genset Readings'!H8-'All Genset Readings'!H7) -> 10 | K5: ='All Genset Readings'!I8 -> 2470 | L5: =I5/J5 -> 824.7 | M5: =I5/K5 -> 3.3388664 | O5: =MAX(0,'All Genset Readings'!K8-'All Genset Readings'!K7) -> 6657 | P5: =MAX(0,'All Genset Readings'!L8-'All Genset Readings'!L7) -> 16 | Q5: ='All Genset Readings'!M8 -> 1600 | R5: =O5/P5 -> 416.0625 | S5: =O5/Q5 -> 4.160625 | U5: =MAX(0,'All Genset Readings'!O8-'All Genset Readings'!O7) -> 2406 | V5: =MAX(0,'All Genset Readings'!P8-'All Genset Readings'!P7) -> 10 | W5: ='All Genset Readings'!Q8 -> 610 | X5: =U5/V5 -> 240.6 | Y5: =U5/W5 -> 3.9442623 | AA5: =MAX(0,'All Genset Readings'!S8-'All Genset Readings'!S7) -> 4650 | AB5: =MAX(0,'All Genset Readings'!T8-'All Genset Readings'!T7) -> 10 | AC5: ='All Genset Readings'!U8 -> 1460 | AD5: =AA5/AB5 -> 465 | AE5: =AA5/AC5 -> 3.1849315 | AG5: =C5+I5+O5+U5+AA5 -> 28384 | AH5: =D5+J5+P5+V5+AB5 -> 59 | AI5: =E5+K5+Q5+W5+AC5 -> 7970 | AJ5: =AG5/AH5 -> 481.08475 | AK5: =AG5/AI5 -> 3.5613551
B6: 44623 | C6: =MAX(0,'All Genset Readings'!C9-'All Genset Readings'!C8) -> 6018 | D6: =MAX(0,'All Genset Readings'!D9-'All Genset Readings'!D8) -> 13 | E6: ='All Genset Readings'!E9 -> 2070 | F6: =C6/D6 -> 462.92308 | G6: =C6/E6 -> 2.9072464 | I6: =MAX(0,'All Genset Readings'!G9-'All Genset Readings'!G8) -> 7152 | J6: =MAX(0,'All Genset Readings'!H9-'All Genset Readings'!H8) -> 10 | K6: ='All Genset Readings'!I9 -> 2110 | L6: =I6/J6 -> 715.2 | M6: =I6/K6 -> 3.3895735 | O6: =MAX(0,'All Genset Readings'!K9-'All Genset Readings'!K8) -> 4976 | P6: =MAX(0,'All Genset Readings'!L9-'All Genset Readings'!L8) -> 12 | Q6: ='All Genset Readings'!M9 -> 1320 | R6: =O6/P6 -> 414.66667 | S6: =O6/Q6 -> 3.769697 | U6: =MAX(0,'All Genset Readings'!O9-'All Genset Readings'!O8) -> 2650 | V6: =MAX(0,'All Genset Readings'!P9-'All Genset Readings'!P8) -> 11 | W6: ='All Genset Readings'!Q9 -> 810 | X6: =U6/V6 -> 240.90909 | Y6: =U6/W6 -> 3.2716049 | AA6: =MAX(0,'All Genset Readings'!S9-'All Genset Readings'!S8) -> 7251 | AB6: =MAX(0,'All Genset Readings'!T9-'All Genset Readings'!T8) -> 17 | AC6: ='All Genset Readings'!U9 -> 1450 | AD6: =AA6/AB6 -> 426.52941 | AE6: =AA6/AC6 -> 5.0006897 | AG6: =C6+I6+O6+U6+AA6 -> 28047 | AH6: =D6+J6+P6+V6+AB6 -> 63 | AI6: =E6+K6+Q6+W6+AC6 -> 7760 | AJ6: =AG6/AH6 -> 445.19048 | AK6: =AG6/AI6 -> 3.6143041
B7: 44624 | C7: =MAX(0,'All Genset Readings'!C10-'All Genset Readings'!C9) -> 7692 | D7: =MAX(0,'All Genset Readings'!D10-'All Genset Readings'!D9) -> 16 | E7: ='All Genset Readings'!E10 -> 2000 | F7: =C7/D7 -> 480.75 | G7: =C7/E7 -> 3.846 | I7: =MAX(0,'All Genset Readings'!G10-'All Genset Readings'!G9) -> 6433 | J7: =MAX(0,'All Genset Readings'!H10-'All Genset Readings'!H9) -> 8 | K7: ='All Genset Readings'!I10 -> 1920 | L7: =I7/J7 -> 804.125 | M7: =I7/K7 -> 3.3505208 | O7: =MAX(0,'All Genset Readings'!K10-'All Genset Readings'!K9) -> 4928 | P7: =MAX(0,'All Genset Readings'!L10-'All Genset Readings'!L9) -> 11 | Q7: ='All Genset Readings'!M10 -> 1190 | R7: =O7/P7 -> 448 | S7: =O7/Q7 -> 4.1411765 | U7: =MAX(0,'All Genset Readings'!O10-'All Genset Readings'!O9) -> 2943 | V7: =MAX(0,'All Genset Readings'!P10-'All Genset Readings'!P9) -> 12 | W7: ='All Genset Readings'!Q10 -> 780 | X7: =U7/V7 -> 245.25 | Y7: =U7/W7 -> 3.7730769 | AA7: =MAX(0,'All Genset Readings'!S10-'All Genset Readings'!S9) -> 5367 | AB7: =MAX(0,'All Genset Readings'!T10-'All Genset Readings'!T9) -> 10 | AC7: ='All Genset Readings'!U10 -> 1480 | AD7: =AA7/AB7 -> 536.7 | AE7: =AA7/AC7 -> 3.6263514 | AG7: =C7+I7+O7+U7+AA7 -> 27363 | AH7: =D7+J7+P7+V7+AB7 -> 57 | AI7: =E7+K7+Q7+W7+AC7 -> 7370 | AJ7: =AG7/AH7 -> 480.05263 | AK7: =AG7/AI7 -> 3.7127544
B8: 44625 | C8: =MAX(0,'All Genset Readings'!C11-'All Genset Readings'!C10) -> 1750 | D8: =MAX(0,'All Genset Readings'!D11-'All Genset Readings'!D10) -> 5 | E8: ='All Genset Readings'!E11 -> 500 | F8: =C8/D8 -> 350 | G8: =C8/E8 -> 3.5 | I8: =MAX(0,'All Genset Readings'!G11-'All Genset Readings'!G10) -> 5722 | J8: =MAX(0,'All Genset Readings'!H11-'All Genset Readings'!H10) -> 7 | K8: ='All Genset Readings'!I11 -> 1600 | L8: =I8/J8 -> 817.42857 | M8: =I8/K8 -> 3.57625 | O8: =MAX(0,'All Genset Readings'!K11-'All Genset Readings'!K10) -> 7546 | P8: =MAX(0,'All Genset Readings'!L11-'All Genset Readings'!L10) -> 17 | Q8: ='All Genset Readings'!M11 -> 1880 | R8: =O8/P8 -> 443.88235 | S8: =O8/Q8 -> 4.0138298 | U8: =MAX(0,'All Genset Readings'!O11-'All Genset Readings'!O10) -> 3257 | V8: =MAX(0,'All Genset Readings'!P11-'All Genset Readings'!P10) -> 13 | W8: ='All Genset Readings'!Q11 -> 590 | X8: =U8/V8 -> 250.53846 | Y8: =U8/W8 -> 5.520339 | AA8: =MAX(0,'All Genset Readings'!S11-'All Genset Readings'!S10) -> 8457 | AB8: =MAX(0,'All Genset Readings'!T11-'All Genset Readings'!T10) -> 17 | AC8: ='All Genset Readings'!U11 -> 2300 | AD8: =AA8/AB8 -> 497.47059 | AE8: =AA8/AC8 -> 3.6769565 | AG8: =C8+I8+O8+U8+AA8 -> 26732 | AH8: =D8+J8+P8+V8+AB8 -> 59 | AI8: =E8+K8+Q8+W8+AC8 -> 6870 | AJ8: =AG8/AH8 -> 453.08475 | AK8: =AG8/AI8 -> 3.8911208
B9: 44626 | C9: =MAX(0,'All Genset Readings'!C12-'All Genset Readings'!C11) -> 0 | D9: =MAX(0,'All Genset Readings'!D12-'All Genset Readings'!D11) -> 0 | E9: ='All Genset Readings'!E12 -> 0 | F9: =C9/D9 -> #DIV/0! | G9: =C9/E9 -> #DIV/0! | I9: =MAX(0,'All Genset Readings'!G12-'All Genset Readings'!G11) -> 16557 | J9: =MAX(0,'All Genset Readings'!H12-'All Genset Readings'!H11) -> 22 | K9: ='All Genset Readings'!I12 -> 4820 | L9: =I9/J9 -> 752.59091 | M9: =I9/K9 -> 3.4350622 | O9: =MAX(0,'All Genset Readings'!K12-'All Genset Readings'!K11) -> 922 | P9: =MAX(0,'All Genset Readings'!L12-'All Genset Readings'!L11) -> 3 | Q9: ='All Genset Readings'!M12 -> 250 | R9: =O9/P9 -> 307.33333 | S9: =O9/Q9 -> 3.688 | U9: =MAX(0,'All Genset Readings'!O12-'All Genset Readings'!O11) -> 626 | V9: =MAX(0,'All Genset Readings'!P12-'All Genset Readings'!P11) -> 4 | W9: ='All Genset Readings'!Q12 -> 120 | X9: =U9/V9 -> 156.5 | Y9: =U9/W9 -> 5.2166667 | AA9: =MAX(0,'All Genset Readings'!S12-'All Genset Readings'!S11) -> 7502 | AB9: =MAX(0,'All Genset Readings'!T12-'All Genset Readings'!T11) -> 17 | AC9: ='All Genset Readings'!U12 -> 1860 | AD9: =AA9/AB9 -> 441.29412 | AE9: =AA9/AC9 -> 4.0333333 | AG9: =C9+I9+O9+U9+AA9 -> 25607 | AH9: =D9+J9+P9+V9+AB9 -> 46 | AI9: =E9+K9+Q9+W9+AC9 -> 7050 | AJ9: =AG9/AH9 -> 556.67391 | AK9: =AG9/AI9 -> 3.6321986
B10: 44627 | C10: =MAX(0,'All Genset Readings'!C13-'All Genset Readings'!C12) -> 3383 | D10: =MAX(0,'All Genset Readings'!D13-'All Genset Readings'!D12) -> 8 | E10: ='All Genset Readings'!E13 -> 0 | F10: =C10/D10 -> 422.875 | G10: =C10/E10 -> #DIV/0! | I10: =MAX(0,'All Genset Readings'!G13-'All Genset Readings'!G12) -> 12822 | J10: =MAX(0,'All Genset Readings'!H13-'All Genset Readings'!H12) -> 18 | K10: ='All Genset Readings'!I13 -> 3570 | L10: =I10/J10 -> 712.33333 | M10: =I10/K10 -> 3.5915966 | O10: =MAX(0,'All Genset Readings'!K13-'All Genset Readings'!K12) -> 5953 | P10: =MAX(0,'All Genset Readings'!L13-'All Genset Readings'!L12) -> 14 | Q10: ='All Genset Readings'!M13 -> 1890 | R10: =O10/P10 -> 425.21429 | S10: =O10/Q10 -> 3.1497354 | U10: =MAX(0,'All Genset Readings'!O13-'All Genset Readings'!O12) -> 1912 | V10: =MAX(0,'All Genset Readings'!P13-'All Genset Readings'!P12) -> 8 | W10: ='All Genset Readings'!Q13 -> 530 | X10: =U10/V10 -> 239 | Y10: =U10/W10 -> 3.6075472 | AA10: =MAX(0,'All Genset Readings'!S13-'All Genset Readings'!S12) -> 2149 | AB10: =MAX(0,'All Genset Readings'!T13-'All Genset Readings'!T12) -> 5 | AC10: ='All Genset Readings'!U13 -> 400 | AD10: =AA10/AB10 -> 429.8 | AE10: =AA10/AC10 -> 5.3725 | AG10: =C10+I10+O10+U10+AA10 -> 26219 | AH10: =D10+J10+P10+V10+AB10 -> 53 | AI10: =E10+K10+Q10+W10+AC10 -> 6390 | AJ10: =AG10/AH10 -> 494.69811 | AK10: =AG10/AI10 -> 4.1031299
B11: 44628 | C11: =MAX(0,'All Genset Readings'!C14-'All Genset Readings'!C13) -> 5533 | D11: =MAX(0,'All Genset Readings'!D14-'All Genset Readings'!D13) -> 12 | E11: ='All Genset Readings'!E14 -> 3270 | F11: =C11/D11 -> 461.08333 | G11: =C11/E11 -> 1.6920489 | I11: =MAX(0,'All Genset Readings'!G14-'All Genset Readings'!G13) -> 9792 | J11: =MAX(0,'All Genset Readings'!H14-'All Genset Readings'!H13) -> 13 | K11: ='All Genset Readings'!I14 -> 2770 | L11: =I11/J11 -> 753.23077 | M11: =I11/K11 -> 3.5350181 | O11: =MAX(0,'All Genset Readings'!K14-'All Genset Readings'!K13) -> 7800 | P11: =MAX(0,'All Genset Readings'!L14-'All Genset Readings'!L13) -> 18 | Q11: ='All Genset Readings'!M14 -> 2000 | R11: =O11/P11 -> 433.33333 | S11: =O11/Q11 -> 3.9 | U11: =MAX(0,'All Genset Readings'!O14-'All Genset Readings'!O13) -> 554 | V11: =MAX(0,'All Genset Readings'!P14-'All Genset Readings'!P13) -> 3 | W11: ='All Genset Readings'!Q14 -> 170 | X11: =U11/V11 -> 184.66667 | Y11: =U11/W11 -> 3.2588235 | AA11: =MAX(0,'All Genset Readings'!S14-'All Genset Readings'!S13) -> 4756 | AB11: =MAX(0,'All Genset Readings'!T14-'All Genset Readings'!T13) -> 10 | AC11: ='All Genset Readings'!U14 -> 1190 | AD11: =AA11/AB11 -> 475.6 | AE11: =AA11/AC11 -> 3.9966387 | AG11: =C11+I11+O11+U11+AA11 -> 28435 | AH11: =D11+J11+P11+V11+AB11 -> 56 | AI11: =E11+K11+Q11+W11+AC11 -> 9400 | AJ11: =AG11/AH11 -> 507.76786 | AK11: =AG11/AI11 -> 3.025
B12: 44629 | C12: =MAX(0,'All Genset Readings'!C15-'All Genset Readings'!C14) -> 0 | D12: =MAX(0,'All Genset Readings'!D15-'All Genset Readings'!D14) -> 0 | E12: ='All Genset Readings'!E15 -> 0 | F12: =C12/D12 -> #DIV/0! | G12: =C12/E12 -> #DIV/0! | I12: =MAX(0,'All Genset Readings'!G15-'All Genset Readings'!G14) -> 0 | J12: =MAX(0,'All Genset Readings'!H15-'All Genset Readings'!H14) -> 0 | K12: ='All Genset Readings'!I15 -> 0 | L12: =I12/J12 -> #DIV/0! | M12: =I12/K12 -> #DIV/0! | O12: =MAX(0,'All Genset Readings'!K15-'All Genset Readings'!K14) -> 0 | P12: =MAX(0,'All Genset Readings'!L15-'All Genset Readings'!L14) -> 0 | Q12: ='All Genset Readings'!M15 -> 0 | R12: =O12/P12 -> #DIV/0! | S12: =O12/Q12 -> #DIV/0! | U12: =MAX(0,'All Genset Readings'!O15-'All Genset Readings'!O14) -> 0 | V12: =MAX(0,'All Genset Readings'!P15-'All Genset Readings'!P14) -> 0 | W12: ='All Genset Readings'!Q15 -> 0 | X12: =U12/V12 -> #DIV/0! | Y12: =U12/W12 -> #DIV/0! | AA12: =MAX(0,'All Genset Readings'!S15-'All Genset Readings'!S14) -> 0 | AB12: =MAX(0,'All Genset Readings'!T15-'All Genset Readings'!T14) -> 0 | AC12: ='All Genset Readings'!U15 -> 0 | AD12: =AA12/AB12 -> #DIV/0! | AE12: =AA12/AC12 -> #DIV/0! | AG12: =C12+I12+O12+U12+AA12 -> 0 | AH12: =D12+J12+P12+V12+AB12 -> 0 | AI12: =E12+K12+Q12+W12+AC12 -> 0 | AJ12: =AG12/AH12 -> #DIV/0! | AK12: =AG12/AI12 -> #DIV/0!
B13: 44630 | C13: =MAX(0,'All Genset Readings'!C16-'All Genset Readings'!C15) -> 0 | D13: =MAX(0,'All Genset Readings'!D16-'All Genset Readings'!D15) -> 0 | E13: ='All Genset Readings'!E16 -> 0 | F13: =C13/D13 -> #DIV/0! | G13: =C13/E13 -> #DIV/0! | I13: =MAX(0,'All Genset Readings'!G16-'All Genset Readings'!G15) -> 0 | J13: =MAX(0,'All Genset Readings'!H16-'All Genset Readings'!H15) -> 0 | K13: ='All Genset Readings'!I16 -> 0 | L13: =I13/J13 -> #DIV/0! | M13: =I13/K13 -> #DIV/0! | O13: =MAX(0,'All Genset Readings'!K16-'All Genset Readings'!K15) -> 0 | P13: =MAX(0,'All Genset Readings'!L16-'All Genset Readings'!L15) -> 0 | Q13: ='All Genset Readings'!M16 -> 0 | R13: =O13/P13 -> #DIV/0! | S13: =O13/Q13 -> #DIV/0! | U13: =MAX(0,'All Genset Readings'!O16-'All Genset Readings'!O15) -> 0 | V13: =MAX(0,'All Genset Readings'!P16-'All Genset Readings'!P15) -> 0 | W13: ='All Genset Readings'!Q16 -> 0 | X13: =U13/V13 -> #DIV/0! | Y13: =U13/W13 -> #DIV/0! | AA13: =MAX(0,'All Genset Readings'!S16-'All Genset Readings'!S15) -> 0 | AB13: =MAX(0,'All Genset Readings'!T16-'All Genset Readings'!T15) -> 0 | AC13: ='All Genset Readings'!U16 -> 0 | AD13: =AA13/AB13 -> #DIV/0! | AE13: =AA13/AC13 -> #DIV/0! | AG13: =C13+I13+O13+U13+AA13 -> 0 | AH13: =D13+J13+P13+V13+AB13 -> 0 | AI13: =E13+K13+Q13+W13+AC13 -> 0 | AJ13: =AG13/AH13 -> #DIV/0! | AK13: =AG13/AI13 -> #DIV/0!
B14: 44631 | C14: =MAX(0,'All Genset Readings'!C17-'All Genset Readings'!C16) -> 0 | D14: =MAX(0,'All Genset Readings'!D17-'All Genset Readings'!D16) -> 0 | E14: ='All Genset Readings'!E17 -> 0 | F14: =C14/D14 -> #DIV/0! | G14: =C14/E14 -> #DIV/0! | I14: =MAX(0,'All Genset Readings'!G17-'All Genset Readings'!G16) -> 0 | J14: =MAX(0,'All Genset Readings'!H17-'All Genset Readings'!H16) -> 0 | K14: ='All Genset Readings'!I17 -> 0 | L14: =I14/J14 -> #DIV/0! | M14: =I14/K14 -> #DIV/0! | O14: =MAX(0,'All Genset Readings'!K17-'All Genset Readings'!K16) -> 0 | P14: =MAX(0,'All Genset Readings'!L17-'All Genset Readings'!L16) -> 0 | Q14: ='All Genset Readings'!M17 -> 0 | R14: =O14/P14 -> #DIV/0! | S14: =O14/Q14 -> #DIV/0! | U14: =MAX(0,'All Genset Readings'!O17-'All Genset Readings'!O16) -> 0 | V14: =MAX(0,'All Genset Readings'!P17-'All Genset Readings'!P16) -> 0 | W14: ='All Genset Readings'!Q17 -> 0 | X14: =U14/V14 -> #DIV/0! | Y14: =U14/W14 -> #DIV/0! | AA14: =MAX(0,'All Genset Readings'!S17-'All Genset Readings'!S16) -> 0 | AB14: =MAX(0,'All Genset Readings'!T17-'All Genset Readings'!T16) -> 0 | AC14: ='All Genset Readings'!U17 -> 0 | AD14: =AA14/AB14 -> #DIV/0! | AE14: =AA14/AC14 -> #DIV/0! | AG14: =C14+I14+O14+U14+AA14 -> 0 | AH14: =D14+J14+P14+V14+AB14 -> 0 | AI14: =E14+K14+Q14+W14+AC14 -> 0 | AJ14: =AG14/AH14 -> #DIV/0! | AK14: =AG14/AI14 -> #DIV/0!
B15: 44632 | C15: =MAX(0,'All Genset Readings'!C18-'All Genset Readings'!C17) -> 0 | D15: =MAX(0,'All Genset Readings'!D18-'All Genset Readings'!D17) -> 0 | E15: ='All Genset Readings'!E18 -> 0 | F15: =C15/D15 -> #DIV/0! | G15: =C15/E15 -> #DIV/0! | I15: =MAX(0,'All Genset Readings'!G18-'All Genset Readings'!G17) -> 0 | J15: =MAX(0,'All Genset Readings'!H18-'All Genset Readings'!H17) -> 0 | K15: ='All Genset Readings'!I18 -> 0 | L15: =I15/J15 -> #DIV/0! | M15: =I15/K15 -> #DIV/0! | O15: =MAX(0,'All Genset Readings'!K18-'All Genset Readings'!K17) -> 0 | P15: =MAX(0,'All Genset Readings'!L18-'All Genset Readings'!L17) -> 0 | Q15: ='All Genset Readings'!M18 -> 0 | R15: =O15/P15 -> #DIV/0! | S15: =O15/Q15 -> #DIV/0! | U15: =MAX(0,'All Genset Readings'!O18-'All Genset Readings'!O17) -> 0 | V15: =MAX(0,'All Genset Readings'!P18-'All Genset Readings'!P17) -> 0 | W15: ='All Genset Readings'!Q18 -> 0 | X15: =U15/V15 -> #DIV/0! | Y15: =U15/W15 -> #DIV/0! | AA15: =MAX(0,'All Genset Readings'!S18-'All Genset Readings'!S17) -> 0 | AB15: =MAX(0,'All Genset Readings'!T18-'All Genset Readings'!T17) -> 0 | AC15: ='All Genset Readings'!U18 -> 0 | AD15: =AA15/AB15 -> #DIV/0! | AE15: =AA15/AC15 -> #DIV/0! | AG15: =C15+I15+O15+U15+AA15 -> 0 | AH15: =D15+J15+P15+V15+AB15 -> 0 | AI15: =E15+K15+Q15+W15+AC15 -> 0 | AJ15: =AG15/AH15 -> #DIV/0! | AK15: =AG15/AI15 -> #DIV/0!
... B34: 44651 | C34: =MAX(0,'All Genset Readings'!C37-'All Genset Readings'!C36) -> 0 | D34: =MAX(0,'All Genset Readings'!D37-'All Genset Readings'!D36) -> 0 | E34: ='All Genset Readings'!E37 -> 0 | F34: =C34/D34 -> #DIV/0! | G34: =C34/E34 -> #DIV/0! | I34: =MAX(0,'All Genset Readings'!G37-'All Genset Readings'!G36) -> 0 | J34: =MAX(0,'All Genset Readings'!H37-'All Genset Readings'!H36) -> 0 | K34: ='All Genset Readings'!I37 -> 0 | L34: =I34/J34 -> #DIV/0! | M34: =I34/K34 -> #DIV/0! | O34: =MAX(0,'All Genset Readings'!K37-'All Genset Readings'!K36) -> 0 | P34: =MAX(0,'All Genset Readings'!L37-'All Genset Readings'!L36) -> 0 | Q34: ='All Genset Readings'!M37 -> 0 | R34: =O34/P34 -> #DIV/0! | S34: =O34/Q34 -> #DIV/0! | U34: =MAX(0,'All Genset Readings'!O37-'All Genset Readings'!O36) -> 0 | V34: =MAX(0,'All Genset Readings'!P37-'All Genset Readings'!P36) -> 0 | W34: ='All Genset Readings'!Q37 -> 0 | X34: =U34/V34 -> #DIV/0! | Y34: =U34/W34 -> #DIV/0! | AA34: =MAX(0,'All Genset Readings'!S37-'All Genset Readings'!S36) -> 0 | AB34: =MAX(0,'All Genset Readings'!T37-'All Genset Readings'!T36) -> 0 | AC34: ='All Genset Readings'!U37 -> 0 | AD34: =AA34/AB34 -> #DIV/0! | AE34: =AA34/AC34 -> #DIV/0! | AG34: =C34+I34+O34+U34+AA34 -> 0 | AH34: =D34+J34+P34+V34+AB34 -> 0 | AI34: =E34+K34+Q34+W34+AC34 -> 0 | AJ34: =AG34/AH34 -> #DIV/0! | AK34: =AG34/AI34 -> #DIV/0!
B35: Total | C35: =SUM(C4:C31) -> 35713 | D35: =SUM(D4:D31) -> 78 | E35: =SUM(E4:E31) -> 11190 | F35: =C35/D35 -> 457.85897 | G35: =C35/E35 -> 3.1915103 | I35: =SUM(I4:I31) -> 77324 | J35: =SUM(J4:J31) -> 102 | K35: =SUM(K4:K31) -> 22490 | L35: =I35/J35 -> 758.07843 | M35: =I35/K35 -> 3.4381503 | O35: =SUMIF($O$4:$O$31,">0") -> 42993 | P35: =SUMIF($P$4:$P$31,">0") -> 102 | Q35: =SUM(Q4:Q31) -> 11270 | R35: =O35/P35 -> 421.5 | S35: =O35/Q35 -> 3.8148181 | U35: =SUM(U4:U31) -> 16648 | V35: =SUM(V4:V31) -> 71 | W35: =SUM(W4:W31) -> 4330 | X35: =U35/V35 -> 234.47887 | Y35: =U35/W35 -> 3.8448037 | AA35: =SUM(AA4:AA31) -> 45587 | AB35: =SUM(AB4:AB31) -> 98 | AC35: =SUM(AC4:AC31) -> 11260 | AD35: =AA35/AB35 -> 465.17347 | AE35: =AA35/AC35 -> 4.048579 | AG35: =SUM(AG4:AG31) -> 218265 | AH35: =SUM(AH4:AH31) -> 451 | AI35: =SUM(AI4:AI31) -> 60540 | AJ35: =AG35/AH35 -> 483.95787 | AK35: =AG35/AI35 -> 3.6053023

Sheet Water Plant Daily Performance
B1: RO Plants Daily Performance
B2: Date | C2: Plant A - 250 m3/day | I2: Plant B - 110 m3/day | O2: Plant C - 270 m3/day | U2: Plant D - 110 m3/day | AA2: Drinking Water | AG2: Total (RO 1: RO4)
C3: Water Production (M3) | D3: R. Hours | E3: Elect Cons. (Kwh) | F3: M3 / R.H | G3: Kwh / M3 | I3: Water Production (M3) | J3: R. Hours | K3: Elect Cons. (Kwh) | L3: M3 / R.H | M3: Kwh / M3 | O3: Water Production (M3) | P3: R. Hours | Q3: Elect Cons. (Kwh) | R3: M3 / R.H | S3: Kwh / M3 | U3: Water Production (M3) | V3: R. Hours | W3: Elect Cons. (Kwh) | X3: M3 / R.H | Y3: Kwh / M3 | AA3: Water Production (M3) | AB3: R. Hours | AC3: Elect Cons. (Kwh) | AD3: M3 / R.H | AE3: Kwh / M3 | AG3: Water Production (M3) | AH3: R. Hours | AI3: Elect Cons. (Kwh) | AJ3: M3 / R.H | AK3: Kwh / M3
B4: 44986 | C4: =MAX(0,Water!B7-Water!B6) -> 179 | D4: =MAX(0,Water!C7-Water!C6) -> 18 | E4: =MAX(0,Water!D7-Water!D6) -> 0 | F4: =C4/D4 -> 9.9444444 | G4: =E4/C4 -> 0 | I4: =MAX(0,Water!G7-Water!G6) -> 0 | J4: =MAX(0,Water!H7-Water!H6) -> 0 | K4: =MAX(0,Water!I7-Water!I6) -> 0 | L4: =I4/J4 -> #DIV/0! | M4: =K4/I4 -> #DIV/0! | O4: =MAX(0,Water!L7-Water!L6) -> 161 | P4: =MAX(0,Water!M7-Water!M6) -> 16 | Q4: =MAX(0,Water!N7-Water!N6) -> 0 | R4: =O4/P4 -> 10.0625 | S4: =Q4/O4 -> 0 | U4: =MAX(0,Water!Q7-Water!Q6) -> 10 | V4: =MAX(0,Water!R7-Water!R6) -> 1 | W4: =MAX(0,Water!S7-Water!S6) -> 0 | X4: =U4/V4 -> 10 | Y4: =W4/U4 -> 0 | AA4: =MAX(0,Water!U7-Water!U6) -> 2 | AB4: =MAX(0,Water!V7-Water!V6) -> 0 | AC4: =MAX(0,Water!W7-Water!W6) -> 0 | AD4: =AA4/AB4 -> #DIV/0! | AE4: =AC4/AA4 -> 0 | AG4: =C4+I4+O4+U4 -> 350 | AH4: =D4+J4+P4+V4 -> 35 | AI4: =E4+K4+Q4+W4 -> 0 | AJ4: =AG4/AH4 -> 10 | AK4: =AI4/AG4 -> 0
B5: 44987 | C5: =MAX(0,Water!B8-Water!B7) -> 159 | D5: =MAX(0,Water!C8-Water!C7) -> 16 | E5: =MAX(0,Water!D8-Water!D7) -> 0 | F5: =C5/D5 -> 9.9375 | G5: =E5/C5 -> 0 | I5: =MAX(0,Water!G8-Water!G7) -> 29 | J5: =MAX(0,Water!H8-Water!H7) -> 5 | K5: =MAX(0,Water!I8-Water!I7) -> 0 | L5: =I5/J5 -> 5.8 | M5: =K5/I5 -> 0 | O5: =MAX(0,Water!L8-Water!L7) -> 151 | P5: =MAX(0,Water!M8-Water!M7) -> 15 | Q5: =MAX(0,Water!N8-Water!N7) -> 0 | R5: =O5/P5 -> 10.066667 | S5: =Q5/O5 -> 0 | U5: =MAX(0,Water!Q8-Water!Q7) -> 2 | V5: =MAX(0,Water!R8-Water!R7) -> 1 | W5: =MAX(0,Water!S8-Water!S7) -> 0 | X5: =U5/V5 -> 2 | Y5: =W5/U5 -> 0 | AA5: =MAX(0,Water!U8-Water!U7) -> 2 | AB5: =MAX(0,Water!V8-Water!V7) -> 0 | AC5: =MAX(0,Water!W8-Water!W7) -> 0 | AD5: =AA5/AB5 -> #DIV/0! | AE5: =AC5/AA5 -> 0 | AG5: =C5+I5+O5+U5 -> 341 | AH5: =D5+J5+P5+V5 -> 37 | AI5: =E5+K5+Q5+W5 -> 0 | AJ5: =AG5/AH5 -> 9.2162162 | AK5: =AI5/AG5 -> 0
B6: 44988 | C6: =MAX(0,Water!B9-Water!B8) -> 175 | D6: =MAX(0,Water!C9-Water!C8) -> 17 | E6: =MAX(0,Water!D9-Water!D8) -> 0 | F6: =C6/D6 -> 10.294118 | G6: =E6/C6 -> 0 | I6: =MAX(0,Water!G9-Water!G8) -> 13 | J6: =MAX(0,Water!H9-Water!H8) -> 2 | K6: =MAX(0,Water!I9-Water!I8) -> 0 | L6: =I6/J6 -> 6.5 | M6: =K6/I6 -> 0 | O6: =MAX(0,Water!L9-Water!L8) -> 150 | P6: =MAX(0,Water!M9-Water!M8) -> 15 | Q6: =MAX(0,Water!N9-Water!N8) -> 0 | R6: =O6/P6 -> 10 | S6: =Q6/O6 -> 0 | U6: =MAX(0,Water!Q9-Water!Q8) -> 0 | V6: =MAX(0,Water!R9-Water!R8) -> 0 | W6: =MAX(0,Water!S9-Water!S8) -> 0 | X6: =U6/V6 -> #DIV/0! | Y6: =W6/U6 -> #DIV/0! | AA6: =MAX(0,Water!U9-Water!U8) -> 2 | AB6: =MAX(0,Water!V9-Water!V8) -> 0 | AC6: =MAX(0,Water!W9-Water!W8) -> 0 | AD6: =AA6/AB6 -> #DIV/0! | AE6: =AC6/AA6 -> 0 | AG6: =C6+I6+O6+U6 -> 338 | AH6: =D6+J6+P6+V6 -> 34 | AI6: =E6+K6+Q6+W6 -> 0 | AJ6: =AG6/AH6 -> 9.9411765 | AK6: =AI6/AG6 -> 0
B7: 44989 | C7: =MAX(0,Water!B10-Water!B9) -> 169 | D7: =MAX(0,Water!C10-Water!C9) -> 16 | E7: =MAX(0,Water!D10-Water!D9) -> 0 | F7: =C7/D7 -> 10.5625 | G7: =E7/C7 -> 0 | I7: =MAX(0,Water!G10-Water!G9) -> 0 | J7: =MAX(0,Water!H10-Water!H9) -> 0 | K7: =MAX(0,Water!I10-Water!I9) -> 0 | L7: =I7/J7 -> #DIV/0! | M7: =K7/I7 -> #DIV/0! | O7: =MAX(0,Water!L10-Water!L9) -> 118 | P7: =MAX(0,Water!M10-Water!M9) -> 12 | Q7: =MAX(0,Water!N10-Water!N9) -> 0 | R7: =O7/P7 -> 9.8333333 | S7: =Q7/O7 -> 0 | U7: =MAX(0,Water!Q10-Water!Q9) -> 90 | V7: =MAX(0,Water!R10-Water!R9) -> 13 | W7: =MAX(0,Water!S10-Water!S9) -> 0 | X7: =U7/V7 -> 6.9230769 | Y7: =W7/U7 -> 0 | AA7: =MAX(0,Water!U10-Water!U9) -> 2 | AB7: =MAX(0,Water!V10-Water!V9) -> 0 | AC7: =MAX(0,Water!W10-Water!W9) -> 0 | AD7: =AA7/AB7 -> #DIV/0! | AE7: =AC7/AA7 -> 0 | AG7: =C7+I7+O7+U7 -> 377 | AH7: =D7+J7+P7+V7 -> 41 | AI7: =E7+K7+Q7+W7 -> 0 | AJ7: =AG7/AH7 -> 9.195122 | AK7: =AI7/AG7 -> 0
B8: 44990 | C8: =MAX(0,Water!B11-Water!B10) -> 180 | D8: =MAX(0,Water!C11-Water!C10) -> 18 | E8: =MAX(0,Water!D11-Water!D10) -> 0 | F8: =C8/D8 -> 10 | G8: =E8/C8 -> 0 | I8: =MAX(0,Water!G11-Water!G10) -> 0 | J8: =MAX(0,Water!H11-Water!H10) -> 0 | K8: =MAX(0,Water!I11-Water!I10) -> 0 | L8: =I8/J8 -> #DIV/0! | M8: =K8/I8 -> #DIV/0! | O8: =MAX(0,Water!L11-Water!L10) -> 104 | P8: =MAX(0,Water!M11-Water!M10) -> 10 | Q8: =MAX(0,Water!N11-Water!N10) -> 0 | R8: =O8/P8 -> 10.4 | S8: =Q8/O8 -> 0 | U8: =MAX(0,Water!Q11-Water!Q10) -> 14 | V8: =MAX(0,Water!R11-Water!R10) -> 3 | W8: =MAX(0,Water!S11-Water!S10) -> 0 | X8: =U8/V8 -> 4.6666667 | Y8: =W8/U8 -> 0 | AA8: =MAX(0,Water!U11-Water!U10) -> 0 | AB8: =MAX(0,Water!V11-Water!V10) -> 0 | AC8: =MAX(0,Water!W11-Water!W10) -> 0 | AD8: =AA8/AB8 -> #DIV/0! | AE8: =AC8/AA8 -> #DIV/0! | AG8: =C8+I8+O8+U8 -> 298 | AH8: =D8+J8+P8+V8 -> 31 | AI8: =E8+K8+Q8+W8 -> 0 | AJ8: =AG8/AH8 -> 9.6129032 | AK8: =AI8/AG8 -> 0
B9: 44991 | C9: =MAX(0,Water!B12-Water!B11) -> 189 | D9: =MAX(0,Water!C12-Water!C11) -> 18 | E9: =MAX(0,Water!D12-Water!D11) -> 0 | F9: =C9/D9 -> 10.5 | G9: =E9/C9 -> 0 | I9: =MAX(0,Water!G12-Water!G11) -> 0 | J9: =MAX(0,Water!H12-Water!H11) -> 0 | K9: =MAX(0,Water!I12-Water!I11) -> 0 | L9: =I9/J9 -> #DIV/0! | M9: =K9/I9 -> #DIV/0! | O9: =MAX(0,Water!L12-Water!L11) -> 108 | P9: =MAX(0,Water!M12-Water!M11) -> 12 | Q9: =MAX(0,Water!N12-Water!N11) -> 0 | R9: =O9/P9 -> 9 | S9: =Q9/O9 -> 0 | U9: =MAX(0,Water!Q12-Water!Q11) -> 0 | V9: =MAX(0,Water!R12-Water!R11) -> 0 | W9: =MAX(0,Water!S12-Water!S11) -> 0 | X9: =U9/V9 -> #DIV/0! | Y9: =W9/U9 -> #DIV/0! | AA9: =MAX(0,Water!U12-Water!U11) -> 1 | AB9: =MAX(0,Water!V12-Water!V11) -> 0 | AC9: =MAX(0,Water!W12-Water!W11) -> 0 | AD9: =AA9/AB9 -> #DIV/0! | AE9: =AC9/AA9 -> 0 | AG9: =C9+I9+O9+U9 -> 297 | AH9: =D9+J9+P9+V9 -> 30 | AI9: =E9+K9+Q9+W9 -> 0 | AJ9: =AG9/AH9 -> 9.9 | AK9: =AI9/AG9 -> 0
B10: 44992 | C10: =MAX(0,Water!B13-Water!B12) -> 148 | D10: =MAX(0,Water!C13-Water!C12) -> 18 | E10: =MAX(0,Water!D13-Water!D12) -> 0 | F10: =C10/D10 -> 8.2222222 | G10: =E10/C10 -> 0 | I10: =MAX(0,Water!G13-Water!G12) -> 59 | J10: =MAX(0,Water!H13-Water!H12) -> 11 | K10: =MAX(0,Water!I13-Water!I12) -> 0 | L10: =I10/J10 -> 5.3636364 | M10: =K10/I10 -> 0 | O10: =MAX(0,Water!L13-Water!L12) -> 18 | P10: =MAX(0,Water!M13-Water!M12) -> 1 | Q10: =MAX(0,Water!N13-Water!N12) -> 0 | R10: =O10/P10 -> 18 | S10: =Q10/O10 -> 0 | U10: =MAX(0,Water!Q13-Water!Q12) -> 119 | V10: =MAX(0,Water!R13-Water!R12) -> 20 | W10: =MAX(0,Water!S13-Water!S12) -> 0 | X10: =U10/V10 -> 5.95 | Y10: =W10/U10 -> 0 | AA10: =MAX(0,Water!U13-Water!U12) -> 1 | AB10: =MAX(0,Water!V13-Water!V12) -> 0 | AC10: =MAX(0,Water!W13-Water!W12) -> 0 | AD10: =AA10/AB10 -> #DIV/0! | AE10: =AC10/AA10 -> 0 | AG10: =C10+I10+O10+U10 -> 344 | AH10: =D10+J10+P10+V10 -> 50 | AI10: =E10+K10+Q10+W10 -> 0 | AJ10: =AG10/AH10 -> 6.88 | AK10: =AI10/AG10 -> 0
B11: 44993 | C11: =MAX(0,Water!B14-Water!B13) -> 176 | D11: =MAX(0,Water!C14-Water!C13) -> 14 | E11: =MAX(0,Water!D14-Water!D13) -> 0 | F11: =C11/D11 -> 12.571429 | G11: =E11/C11 -> 0 | I11: =MAX(0,Water!G14-Water!G13) -> 29 | J11: =MAX(0,Water!H14-Water!H13) -> 6 | K11: =MAX(0,Water!I14-Water!I13) -> 0 | L11: =I11/J11 -> 4.8333333 | M11: =K11/I11 -> 0 | O11: =MAX(0,Water!L14-Water!L13) -> 58 | P11: =MAX(0,Water!M14-Water!M13) -> 306 | Q11: =MAX(0,Water!N14-Water!N13) -> 0 | R11: =O11/P11 -> 0.18954248 | S11: =Q11/O11 -> 0 | U11: =MAX(0,Water!Q14-Water!Q13) -> 88 | V11: =MAX(0,Water!R14-Water!R13) -> 15 | W11: =MAX(0,Water!S14-Water!S13) -> 0 | X11: =U11/V11 -> 5.8666667 | Y11: =W11/U11 -> 0 | AA11: =MAX(0,Water!U14-Water!U13) -> 3 | AB11: =MAX(0,Water!V14-Water!V13) -> 0 | AC11: =MAX(0,Water!W14-Water!W13) -> 0 | AD11: =AA11/AB11 -> #DIV/0! | AE11: =AC11/AA11 -> 0 | AG11: =C11+I11+O11+U11 -> 351 | AH11: =D11+J11+P11+V11 -> 341 | AI11: =E11+K11+Q11+W11 -> 0 | AJ11: =AG11/AH11 -> 1.0293255 | AK11: =AI11/AG11 -> 0
B12: 44994 | C12: =MAX(0,Water!B15-Water!B14) -> 0 | D12: =MAX(0,Water!C15-Water!C14) -> 0 | E12: =MAX(0,Water!D15-Water!D14) -> 0 | F12: =C12/D12 -> #DIV/0! | G12: =E12/C12 -> #DIV/0! | I12: =MAX(0,Water!G15-Water!G14) -> 0 | J12: =MAX(0,Water!H15-Water!H14) -> 0 | K12: =MAX(0,Water!I15-Water!I14) -> 0 | L12: =I12/J12 -> #DIV/0! | M12: =K12/I12 -> #DIV/0! | O12: =MAX(0,Water!L15-Water!L14) -> 0 | P12: =MAX(0,Water!M15-Water!M14) -> 0 | Q12: =MAX(0,Water!N15-Water!N14) -> 0 | R12: =O12/P12 -> #DIV/0! | S12: =Q12/O12 -> #DIV/0! | U12: =MAX(0,Water!Q15-Water!Q14) -> 0 | V12: =MAX(0,Water!R15-Water!R14) -> 0 | W12: =MAX(0,Water!S15-Water!S14) -> 0 | X12: =U12/V12 -> #DIV/0! | Y12: =W12/U12 -> #DIV/0! | AA12: =MAX(0,Water!U15-Water!U14) -> 0 | AB12: =MAX(0,Water!V15-Water!V14) -> 0 | AC12: =MAX(0,Water!W15-Water!W14) -> 0 | AD12: =AA12/AB12 -> #DIV/0! | AE12: =AC12/AA12 -> #DIV/0! | AG12: =C12+I12+O12+U12 -> 0 | AH12: =D12+J12+P12+V12 -> 0 | AI12: =E12+K12+Q12+W12 -> 0 | AJ12: =AG12/AH12 -> #DIV/0! | AK12: =AI12/AG12 -> #DIV/0!
B13: 44995 | C13: =MAX(0,Water!B16-Water!B15) -> 0 | D13: =MAX(0,Water!C16-Water!C15) -> 0 | E13: =MAX(0,Water!D16-Water!D15) -> 0 | F13: =C13/D13 -> #DIV/0! | G13: =E13/C13 -> #DIV/0! | I13: =MAX(0,Water!G16-Water!G15) -> 0 | J13: =MAX(0,Water!H16-Water!H15) -> 0 | K13: =MAX(0,Water!I16-Water!I15) -> 0 | L13: =I13/J13 -> #DIV/0! | M13: =K13/I13 -> #DIV/0! | O13: =MAX(0,Water!L16-Water!L15) -> 0 | P13: =MAX(0,Water!M16-Water!M15) -> 0 | Q13: =MAX(0,Water!N16-Water!N15) -> 0 | R13: =O13/P13 -> #DIV/0! | S13: =Q13/O13 -> #DIV/0! | U13: =MAX(0,Water!Q16-Water!Q15) -> 0 | V13: =MAX(0,Water!R16-Water!R15) -> 0 | W13: =MAX(0,Water!S16-Water!S15) -> 0 | X13: =U13/V13 -> #DIV/0! | Y13: =W13/U13 -> #DIV/0! | AA13: =MAX(0,Water!U16-Water!U15) -> 0 | AB13: =MAX(0,Water!V16-Water!V15) -> 0 | AC13: =MAX(0,Water!W16-Water!W15) -> 0 | AD13: =AA13/AB13 -> #DIV/0! | AE13: =AC13/AA13 -> #DIV/0! | AG13: =C13+I13+O13+U13 -> 0 | AH13: =D13+J13+P13+V13 -> 0 | AI13: =E13+K13+Q13+W13 -> 0 | AJ13: =AG13/AH13 -> #DIV/0! | AK13: =AI13/AG13 -> #DIV/0!
B14: 44996 | C14: =MAX(0,Water!B17-Water!B16) -> 0 | D14: =MAX(0,Water!C17-Water!C16) -> 0 | E14: =MAX(0,Water!D17-Water!D16) -> 0 | F14: =C14/D14 -> #DIV/0! | G14: =E14/C14 -> #DIV/0! | I14: =MAX(0,Water!G17-Water!G16) -> 0 | J14: =MAX(0,Water!H17-Water!H16) -> 0 | K14: =MAX(0,Water!I17-Water!I16) -> 0 | L14: =I14/J14 -> #DIV/0! | M14: =K14/I14 -> #DIV/0! | O14: =MAX(0,Water!L17-Water!L16) -> 0 | P14: =MAX(0,Water!M17-Water!M16) -> 0 | Q14: =MAX(0,Water!N17-Water!N16) -> 0 | R14: =O14/P14 -> #DIV/0! | S14: =Q14/O14 -> #DIV/0! | U14: =MAX(0,Water!Q17-Water!Q16) -> 0 | V14: =MAX(0,Water!R17-Water!R16) -> 0 | W14: =MAX(0,Water!S17-Water!S16) -> 0 | X14: =U14/V14 -> #DIV/0! | Y14: =W14/U14 -> #DIV/0! | AA14: =MAX(0,Water!U17-Water!U16) -> 0 | AB14: =MAX(0,Water!V17-Water!V16) -> 0 | AC14: =MAX(0,Water!W17-Water!W16) -> 0 | AD14: =AA14/AB14 -> #DIV/0! | AE14: =AC14/AA14 -> #DIV/0! | AG14: =C14+I14+O14+U14 -> 0 | AH14: =D14+J14+P14+V14 -> 0 | AI14: =E14+K14+Q14+W14 -> 0 | AJ14: =AG14/AH14 -> #DIV/0! | AK14: =AI14/AG14 -> #DIV/0!
B15: 44997 | C15: =MAX(0,Water!B18-Water!B17) -> 0 | D15: =MAX(0,Water!C18-Water!C17) -> 0 | E15: =MAX(0,Water!D18-Water!D17) -> 0 | F15: =C15/D15 -> #DIV/0! | G15: =E15/C15 -> #DIV/0! | I15: =MAX(0,Water!G18-Water!G17) -> 0 | J15: =MAX(0,Water!H18-Water!H17) -> 0 | K15: =MAX(0,Water!I18-Water!I17) -> 0 | L15: =I15/J15 -> #DIV/0! | M15: =K15/I15 -> #DIV/0! | O15: =MAX(0,Water!L18-Water!L17) -> 0 | P15: =MAX(0,Water!M18-Water!M17) -> 0 | Q15: =MAX(0,Water!N18-Water!N17) -> 0 | R15: =O15/P15 -> #DIV/0! | S15: =Q15/O15 -> #DIV/0! | U15: =MAX(0,Water!Q18-Water!Q17) -> 0 | V15: =MAX(0,Water!R18-Water!R17) -> 0 | W15: =MAX(0,Water!S18-Water!S17) -> 0 | X15: =U15/V15 -> #DIV/0! | Y15: =W15/U15 -> #DIV/0! | AA15: =MAX(0,Water!U18-Water!U17) -> 0 | AB15: =MAX(0,Water!V18-Water!V17) -> 0 | AC15: =MAX(0,Water!W18-Water!W17) -> 0 | AD15: =AA15/AB15 -> #DIV/0! | AE15: =AC15/AA15 -> #DIV/0! | AG15: =C15+I15+O15+U15 -> 0 | AH15: =D15+J15+P15+V15 -> 0 | AI15: =E15+K15+Q15+W15 -> 0 | AJ15: =AG15/AH15 -> #DIV/0! | AK15: =AI15/AG15 -> #DIV/0!
... B34: 45016 | C34: =MAX(0,Water!B37-Water!B36) -> 0 | D34: =MAX(0,Water!C37-Water!C36) -> 0 | E34: =MAX(0,Water!D37-Water!D36) -> 0 | F34: =C34/D34 -> #DIV/0! | G34: =E34/C34 -> #DIV/0! | I34: =MAX(0,Water!G37-Water!G36) -> 0 | J34: =MAX(0,Water!H37-Water!H36) -> 0 | K34: =MAX(0,Water!I37-Water!I36) -> 0 | L34: =I34/J34 -> #DIV/0! | M34: =K34/I34 -> #DIV/0! | O34: =MAX(0,Water!L37-Water!L36) -> 0 | P34: =MAX(0,Water!M37-Water!M36) -> 0 | Q34: =MAX(0,Water!N37-Water!N36) -> 0 | R34: =O34/P34 -> #DIV/0! | S34: =Q34/O34 -> #DIV/0! | U34: =MAX(0,Water!Q37-Water!Q36) -> 0 | V34: =MAX(0,Water!R37-Water!R36) -> 0 | W34: =MAX(0,Water!S37-Water!S36) -> 0 | X34: =U34/V34 -> #DIV/0! | Y34: =W34/U34 -> #DIV/0! | AA34: =MAX(0,Water!U37-Water!U36) -> 0 | AB34: =MAX(0,Water!V37-Water!V36) -> 0 | AC34: =MAX(0,Water!W37-Water!W36) -> 0 | AD34: =AA34/AB34 -> #DIV/0! | AE34: =AC34/AA34 -> #DIV/0! | AG34: =C34+I34+O34+U34 -> 0 | AH34: =D34+J34+P34+V34 -> 0 | AI34: =E34+K34+Q34+W34 -> 0 | AJ34: =AG34/AH34 -> #DIV/0! | AK34: =AI34/AG34 -> #DIV/0!
