Workbook

Sheet TOTAL
A1: Site Name | B1: Day | C1: Month | D1: Year | E1: Total Electricity Kwh | F1: Electricity Tariff ($/Kwh) | G1: Natual Gas (m3) | H1: Natural Gas $/m3 | I1: Water Utility Supply (m3) m3 | J1: Water Utility Supply (m3) $/m3 | K1: District Energy Cooling Kwh | L1: District Energy Cooling $/Kwh | M1: Room Nights | N1: Total Guests | O1: Utilities day cost dh
A2: Guangzhou | B2: 1 | C2: 4 | D2: 2022 | E2: =总计!O5 -> 33386 | F2: 0.7044 | G2: =总计!H5 -> 1954 | H2: 3.76 | I2: =总计!S5 -> 409 | J2: 4.86 | K2: =总计!M5*1000 -> 12000 | L2: =总计!N5/TOTAL!K2 -> 0.417 | M2: =(总计!D5/100)*344 -> 118.9896 | N2: ='[1]Consommation mensuel énergie'!E10 -> 0 | O2: =E2*F2+G2*H2+#REF!*#REF!+I2*J2 -> #REF!
A3: Guangzhou | B3: =B2+1 -> 2 | C3: 4 | D3: 2022 | E3: =总计!O6 -> 31086 | F3: =F2 -> 0.7044 | G3: =总计!H6 -> 1959 | H3: =H2 -> 3.76 | I3: =总计!S6 -> 449 | J3: =J2 -> 4.86 | K3: =总计!M6*1000 -> 6000 | L3: =总计!N6/TOTAL!K3 -> 0.417 | M3: =(总计!D6/100)*344 -> 165.0168 | N3: ='[1]Consommation mensuel énergie'!E11 -> 0 | O3: =E3*F3+G3*H3+#REF!*#REF!+I3*J3 -> #REF!
A4: Guangzhou | B4: =B3+1 -> 3 | C4: 4 | D4: 2022 | E4: =总计!O7 -> 33686 | F4: =F3 -> 0.7044 | G4: =总计!H7 -> 1994 | H4: =H3 -> 3.76 | I4: =总计!S7 -> 400 | J4: =J3 -> 4.86 | K4: =总计!M7*1000 -> 8000 | L4: =总计!N7/TOTAL!K4 -> 0.417 | M4: =(总计!D7/100)*344 -> 243.0016 | N4: ='[1]Consommation mensuel énergie'!E12 -> 0 | O4: =E4*F4+G4*H4+#REF!*#REF!+I4*J4 -> #REF!
A5: Guangzhou | B5: =B4+1 -> 4 | C5: 4 | D5: 2022 | E5: =总计!O8 -> 35086 | F5: =F4 -> 0.7044 | G5: =总计!H8 -> 2160 | H5: =H4 -> 3.76 | I5: =总计!S8 -> 627 | J5: =J4 -> 4.86 | K5: =总计!M8*1000 -> 8000 | L5: =总计!N8/TOTAL!K5 -> 0.417 | M5: =(总计!D8/100)*344 -> 245.9944 | N5: ='[1]Consommation mensuel énergie'!E13 -> 0 | O5: =E5*F5+G5*H5+#REF!*#REF!+I5*J5 -> #REF!
A6: Guangzhou | B6: =B5+1 -> 5 | C6: 4 | D6: 2022 | E6: =总计!O9 -> 35486 | F6: =F5 -> 0.7044 | G6: =总计!H9 -> 2007 | H6: =H5 -> 3.76 | I6: =总计!S9 -> 366 | J6: =J5 -> 4.86 | K6: =总计!M9*1000 -> 7000 | L6: =总计!N9/TOTAL!K6 -> 0.417 | M6: =(总计!D9/100)*344 -> 75.9896 | N6: ='[1]Consommation mensuel énergie'!E14 -> 0 | O6: =E6*F6+G6*H6+#REF!*#REF!+I6*J6 -> #REF!
A7: Guangzhou | B7: =B6+1 -> 6 | C7: 4 | D7: 2022 | E7: =总计!O10 -> 35186 | F7: =F6 -> 0.7044 | G7: =总计!H10 -> 1650 | H7: =H6 -> 3.76 | I7: =总计!S10 -> 412 | J7: =J6 -> 4.86 | K7: =总计!M10*1000 -> 11000 | L7: =总计!N10/TOTAL!K7 -> 0.417 | M7: =(总计!D10/100)*344 -> 109.0136 | N7: ='[1]Consommation mensuel énergie'!E15 -> 0 | O7: =E7*F7+G7*H7+#REF!*#REF!+I7*J7 -> #REF!
A8: Guangzhou | B8: =B7+1 -> 7 | C8: 4 | D8: 2022 | E8: =总计!O11 -> 35886 | F8: =F7 -> 0.7044 | G8: =总计!H11 -> 1839 | H8: =H7 -> 3.76 | I8: =总计!S11 -> 459 | J8: =J7 -> 4.86 | K8: =总计!M11*1000 -> 10000 | L8: =总计!N11/TOTAL!K8 -> 0.417 | M8: =(总计!D11/100)*344 -> 138.0128 | N8: ='[1]Consommation mensuel énergie'!E16 -> 0 | O8: =E8*F8+G8*H8+#REF!*#REF!+I8*J8 -> #REF!
A9: Guangzhou | B9: =B8+1 -> 8 | C9: 4 | D9: 2022 | E9: =总计!O12 -> 36086 | F9: =F8 -> 0.7044 | G9: =总计!H12 -> 1654 | H9: =H8 -> 3.76 | I9: =总计!S12 -> 407 | J9: =J8 -> 4.86 | K9: =总计!M12*1000 -> 13000 | L9: =总计!N12/TOTAL!K9 -> 0.417 | M9: =(总计!D12/100)*344 -> 127.0048 | N9: ='[1]Consommation mensuel énergie'!E17 -> 0 | O9: =E9*F9+G9*H9+#REF!*#REF!+I9*J9 -> #REF!
A10: Guangzhou | B10: =B9+1 -> 9 | C10: 4 | D10: 2022 | E10: =总计!O13 -> 35586 | F10: =F9 -> 0.7044 | G10: =总计!H13 -> 1588 | H10: =H9 -> 3.76 | I10: =总计!S13 -> 460 | J10: =J9 -> 4.86 | K10: =总计!M13*1000 -> 9000 | L10: =总计!N13/TOTAL!K10 -> 0.417 | M10: =(总计!D13/100)*344 -> 111.0088 | N10: ='[1]Consommation mensuel énergie'!E18 -> 0 | O10: =E10*F10+G10*H10+#REF!*#REF!+I10*J10 -> #REF!
A11: Guangzhou | B11: =B10+1 -> 10 | C11: 4 | D11: 2022 | E11: =总计!O14 -> 34186 | F11: =F10 -> 0.7044 | G11: =总计!H14 -> 1536 | H11: =H10 -> 3.76 | I11: =总计!S14 -> 289 | J11: =J10 -> 4.86 | K11: =总计!M14*1000 -> 9000 | L11: =总计!N14/TOTAL!K11 -> 0.417 | M11: =(总计!D14/100)*344 -> 68.0088 | N11: ='[1]Consommation mensuel énergie'!E19 -> 0 | O11: =E11*F11+G11*H11+#REF!*#REF!+I11*J11 -> #REF!
A12: Guangzhou | B12: =B11+1 -> 11 | C12: 4 | D12: 2022 | E12: =总计!O15 -> 34486 | F12: =F11 -> 0.7044 | G12: =总计!H15 -> 1118 | H12: =H11 -> 3.76 | I12: =总计!S15 -> 357 | J12: =J11 -> 4.86 | K12: =总计!M15*1000 -> 11000 | L12: =总计!N15/TOTAL!K12 -> 0.417 | M12: =(总计!D15/100)*344 -> 55.0056 | N12: ='[1]Consommation mensuel énergie'!E20 -> 0 | O12: =E12*F12+G12*H12+#REF!*#REF!+I12*J12 -> #REF!
A13: Guangzhou | B13: =B12+1 -> 12 | C13: 4 | D13: 2022 | E13: =总计!O16 -> 34586 | F13: =F12 -> 0.7044 | G13: =总计!H16 -> 1239 | H13: =H12 -> 3.76 | I13: =总计!S16 -> 490 | J13: =J12 -> 4.86 | K13: =总计!M16*1000 -> 14000 | L13: =总计!N16/TOTAL!K13 -> 0.417 | M13: =(总计!D16/100)*344 -> 47.988 | N13: ='[1]Consommation mensuel énergie'!E21 -> 0 | O13: =E13*F13+G13*H13+#REF!*#REF!+I13*J13 -> #REF!
A14: Guangzhou | B14: =B13+1 -> 13 | C14: 4 | D14: 2022 | E14: =总计!O17 -> 35586 | F14: =F13 -> 0.7044 | G14: =总计!H17 -> 856 | H14: =H13 -> 3.76 | I14: =总计!S17 -> 257 | J14: =J13 -> 4.86 | K14: =总计!M17*1000 -> 12000 | L14: =总计!N17/TOTAL!K14 -> 0.417 | M14: =(总计!D17/100)*344 -> 46.9904 | N14: ='[1]Consommation mensuel énergie'!E22 -> 0 | O14: =E14*F14+G14*H14+#REF!*#REF!+I14*J14 -> #REF!
... A29: Guangzhou | B29: =B28+1 -> 28 | C29: 4 | D29: 2022 | E29: =总计!O32 -> 40386 | F29: =F28 -> 0.7044 | G29: =总计!H32 -> 1279 | H29: =H28 -> 3.76 | I29: =总计!S32 -> 417 | J29: =J28 -> 4.86 | K29: =总计!M32*1000 -> 18000 | L29: =总计!N32/TOTAL!K29 -> 0.417 | M29: =(总计!D32/100)*344 -> 130.9952 | N29: ='[1]Consommation mensuel énergie'!E37 -> 0 | O29: =E29*F29+G29*H29+#REF!*#REF!+I29*J29 -> #REF!
A30: Guangzhou | B30: =B29+1 -> 29 | C30: 4 | D30: 2022 | E30: =总计!O33 -> 41286 | F30: =F29 -> 0.7044 | G30: =总计!H33 -> 1411 | H30: =H29 -> 3.76 | I30: =总计!S33 -> 533 | J30: =J29 -> 4.86 | K30: =总计!M33*1000 -> 22000 | L30: =总计!N33/TOTAL!K30 -> 0.417 | M30: =(总计!D33/100)*344 -> 111.0088 | N30: 0
A31: Guangzhou | B31: =B30+1 -> 30 | C31: 4 | D31: 2022 | E31: =总计!O34 -> 40386 | F31: =F30 -> 0.7044 | G31: =总计!H34 -> 1435 | H31: =H30 -> 3.76 | I31: =总计!S34 -> 604 | J31: =J30 -> 4.86 | K31: =总计!M34*1000 -> 18000 | L31: =总计!N34/TOTAL!K31 -> 0.417 | M31: =(总计!D34/100)*344 -> 160.992 | N31: 0

Sheet 总计
A1: UTILITIES CONSUMPTION REPORT(2022-4) 电费从2022年4月1号开始改为0.7044/Kwh，天然气从2022年4月15号开始改为4.36/m³
A2: DATE 日期 | B2: Out door Temp℃ 户外温度 | C2: Event Cover 宴会 人数 | D2: RoomOcc.% 客房率 | E2: Kitchen Gas厨房燃气 | F2: Boiler Gas 蒸汽锅炉燃气 | G2: Boiler Gas热水锅炉燃气 | H2: General Gas 总天然气 (RMB3.76/m³) | J2: Chiller Electricity 制冷主机用电 | K2: 裙楼用电（每月10.30号抄表） | L2: Tower electricity 主塔用电 | M2: Podium AC Consumption 裙楼空调用量 （RMB291.57/Mw/h+每日人工费等1655/日） | O2: General electricity总电量 (RMB0.7044/Kwh) | Q2: 主塔用水 | R2: 裙楼用水 （每月10.30日抄表） | S2: 总用水 | U2: Daily Total Utility Expense(RMB) 每日能耗总费用
E4: Totalgas(m³) | F4: Totalgas(m³) | G4: Totalgas(m³) | H4: Totalgas(m³) | I4: Total RMB | J4: (KWH) | K4: (KWH) | L4: (KWH) | M4: Total (Mw/h0 | N4: Total RMB | O4: Total electric (KWH) | P4: Total RMB | Q4: Water (m3) | R4: Water(m3) | S4: Total Water(m3) | T4: Total RMB
A5: 1 | B5: 13/24 | C5: 6 | D5: 34.59 | E5: =SUM([2]厨房燃气!BH7) -> 429 | F5: =SUM('[2]B1 & 102F 锅炉房'!C7) -> 921 | G5: =SUM('[2]B1 & 102F 锅炉房'!H7) -> 604 | H5: =SUM(G5+F5+E5) -> 1954 | I5: =IF(H5>0,H5*3.76,0) -> 7347.04 | J5: =SUM([2]主塔楼空调用电量!V4) -> 4428 | K5: 8386 | L5: =SUM('[2]68F 高压F13&F30'!F7) -> 25000 | M5: =SUM([2]裙楼空调用量!L4) -> 12 | N5: =IF(M5*417>0,M5*417,0) -> 5004 | O5: =K5+L5 -> 33386 | P5: =O5*0.7044 -> 23517.098 | Q5: =SUM('[2]B4 水表'!C7) -> 374 | R5: 35 | S5: =Q5+R5 -> 409 | T5: =S5*4.86 -> 1987.74 | U5: =SUM(I5+N5+P5+T5) -> 37855.878
A6: 2 | B6: 13/26 | C6: 5 | D6: 47.97 | E6: =SUM([2]厨房燃气!BH8) -> 419 | F6: =SUM('[2]B1 & 102F 锅炉房'!C8) -> 868 | G6: =SUM('[2]B1 & 102F 锅炉房'!H8) -> 672 | H6: =SUM(G6+F6+E6) -> 1959 | I6: =IF(H6>0,H6*3.76,0) -> 7365.84 | J6: =SUM([2]主塔楼空调用电量!V5) -> 2076 | K6: 8386 | L6: =SUM('[2]68F 高压F13&F30'!F8) -> 22700 | M6: =SUM([2]裙楼空调用量!L5) -> 6 | N6: =IF(M6*417>0,M6*417,0) -> 2502 | O6: =K6+L6 -> 31086 | P6: =O6*0.7044 -> 21896.978 | Q6: =SUM('[2]B4 水表'!C8) -> 414 | R6: 35 | S6: =Q6+R6 -> 449 | T6: =S6*4.86 -> 2182.14 | U6: =SUM(I6+N6+P6+T6) -> 33946.958
A7: 3 | B7: 13/26 | C7: 0 | D7: 70.64 | E7: =SUM([2]厨房燃气!BH9) -> 427 | F7: =SUM('[2]B1 & 102F 锅炉房'!C9) -> 812 | G7: =SUM('[2]B1 & 102F 锅炉房'!H9) -> 755 | H7: =SUM(G7+F7+E7) -> 1994 | I7: =IF(H7>0,H7*3.76,0) -> 7497.44 | J7: =SUM([2]主塔楼空调用电量!V6) -> 3925 | K7: 8386 | L7: =SUM('[2]68F 高压F13&F30'!F9) -> 25300 | M7: =SUM([2]裙楼空调用量!L6) -> 8 | N7: =IF(M7*417>0,M7*417,0) -> 3336 | O7: =K7+L7 -> 33686 | P7: =O7*0.7044 -> 23728.418 | Q7: =SUM('[2]B4 水表'!C9) -> 365 | R7: 35 | S7: =Q7+R7 -> 400 | T7: =S7*4.86 -> 1944 | U7: =SUM(I7+N7+P7+T7) -> 36505.858
A8: 4 | B8: 15/27 | C8: 0 | D8: 71.51 | E8: =SUM([2]厨房燃气!BH10) -> 438 | F8: =SUM('[2]B1 & 102F 锅炉房'!C10) -> 976 | G8: =SUM('[2]B1 & 102F 锅炉房'!H10) -> 746 | H8: =SUM(G8+F8+E8) -> 2160 | I8: =IF(H8>0,H8*3.76,0) -> 8121.6 | J8: =SUM([2]主塔楼空调用电量!V7) -> 4511 | K8: 8386 | L8: =SUM('[2]68F 高压F13&F30'!F10) -> 26700 | M8: =SUM([2]裙楼空调用量!L7) -> 8 | N8: =IF(M8*417>0,M8*417,0) -> 3336 | O8: =K8+L8 -> 35086 | P8: =O8*0.7044 -> 24714.578 | Q8: =SUM('[2]B4 水表'!C10) -> 592 | R8: 35 | S8: =Q8+R8 -> 627 | T8: =S8*4.86 -> 3047.22 | U8: =SUM(I8+N8+P8+T8) -> 39219.398
A9: 5 | B9: 17/29 | C9: 48 | D9: 22.09 | E9: =SUM([2]厨房燃气!BH11) -> 439 | F9: =SUM('[2]B1 & 102F 锅炉房'!C11) -> 915 | G9: =SUM('[2]B1 & 102F 锅炉房'!H11) -> 653 | H9: =SUM(G9+F9+E9) -> 2007 | I9: =IF(H9>0,H9*3.76,0) -> 7546.32 | J9: =SUM([2]主塔楼空调用电量!V8) -> 4827 | K9: 8386 | L9: =SUM('[2]68F 高压F13&F30'!F11) -> 27100 | M9: =SUM([2]裙楼空调用量!L8) -> 7 | N9: =IF(M9*417>0,M9*417,0) -> 2919 | O9: =K9+L9 -> 35486 | P9: =O9*0.7044 -> 24996.338 | Q9: =SUM('[2]B4 水表'!C11) -> 331 | R9: 35 | S9: =Q9+R9 -> 366 | T9: =S9*4.86 -> 1778.76 | U9: =SUM(I9+N9+P9+T9) -> 37240.418
A10: 6 | B10: 19/30 | C10: 40 | D10: 31.69 | E10: =SUM([2]厨房燃气!BH12) -> 372 | F10: =SUM('[2]B1 & 102F 锅炉房'!C12) -> 945 | G10: =SUM('[2]B1 & 102F 锅炉房'!H12) -> 333 | H10: =SUM(G10+F10+E10) -> 1650 | I10: =IF(H10>0,H10*3.76,0) -> 6204 | J10: =SUM([2]主塔楼空调用电量!V9) -> 5054 | K10: 8386 | L10: =SUM('[2]68F 高压F13&F30'!F12) -> 26800 | M10: =SUM([2]裙楼空调用量!L9) -> 11 | N10: =IF(M10*417>0,M10*417,0) -> 4587 | O10: =K10+L10 -> 35186 | P10: =O10*0.7044 -> 24785.018 | Q10: =SUM('[2]B4 水表'!C12) -> 377 | R10: 35 | S10: =Q10+R10 -> 412 | T10: =S10*4.86 -> 2002.32 | U10: =SUM(I10+N10+P10+T10) -> 37578.338
A11: 7 | B11: 18/30 | C11: 100 | D11: 40.12 | E11: =SUM([2]厨房燃气!BH13) -> 427 | F11: =SUM('[2]B1 & 102F 锅炉房'!C13) -> 935 | G11: =SUM('[2]B1 & 102F 锅炉房'!H13) -> 477 | H11: =SUM(G11+F11+E11) -> 1839 | I11: =IF(H11>0,H11*3.76,0) -> 6914.64 | J11: =SUM([2]主塔楼空调用电量!V10) -> 5493 | K11: 8386 | L11: =SUM('[2]68F 高压F13&F30'!F13) -> 27500 | M11: =SUM([2]裙楼空调用量!L10) -> 10 | N11: =IF(M11*417>0,M11*417,0) -> 4170 | O11: =K11+L11 -> 35886 | P11: =O11*0.7044 -> 25278.098 | Q11: =SUM('[2]B4 水表'!C13) -> 424 | R11: 35 | S11: =Q11+R11 -> 459 | T11: =S11*4.86 -> 2230.74 | U11: =SUM(I11+N11+P11+T11) -> 38593.478
A12: 8 | B12: 17/31 | C12: 158 | D12: 36.92 | E12: =SUM([2]厨房燃气!BH14) -> 435 | F12: =SUM('[2]B1 & 102F 锅炉房'!C14) -> 877 | G12: =SUM('[2]B1 & 102F 锅炉房'!H14) -> 342 | H12: =SUM(G12+F12+E12) -> 1654 | I12: =IF(H12>0,H12*3.76,0) -> 6219.04 | J12: =SUM([2]主塔楼空调用电量!V11) -> 5425 | K12: 8386 | L12: =SUM('[2]68F 高压F13&F30'!F14) -> 27700 | M12: =SUM([2]裙楼空调用量!L11) -> 13 | N12: =IF(M12*417>0,M12*417,0) -> 5421 | O12: =K12+L12 -> 36086 | P12: =O12*0.7044 -> 25418.978 | Q12: =SUM('[2]B4 水表'!C14) -> 372 | R12: 35 | S12: =Q12+R12 -> 407 | T12: =S12*4.86 -> 1978.02 | U12: =SUM(I12+N12+P12+T12) -> 39037.038
A13: 9 | B13: 19/31 | C13: 0 | D13: 32.27 | E13: =SUM([2]厨房燃气!BH15) -> 390 | F13: =SUM('[2]B1 & 102F 锅炉房'!C15) -> 858 | G13: =SUM('[2]B1 & 102F 锅炉房'!H15) -> 340 | H13: =SUM(G13+F13+E13) -> 1588 | I13: =IF(H13>0,H13*3.76,0) -> 5970.88 | J13: =SUM([2]主塔楼空调用电量!V12) -> 5106 | K13: 8386 | L13: =SUM('[2]68F 高压F13&F30'!F15) -> 27200 | M13: =SUM([2]裙楼空调用量!L12) -> 9 | N13: =IF(M13*417>0,M13*417,0) -> 3753 | O13: =K13+L13 -> 35586 | P13: =O13*0.7044 -> 25066.778 | Q13: =SUM('[2]B4 水表'!C15) -> 425 | R13: 35 | S13: =Q13+R13 -> 460 | T13: =S13*4.86 -> 2235.6 | U13: =SUM(I13+N13+P13+T13) -> 37026.258
A14: 10 | B14: 18/31 | C14: 32 | D14: 19.77 | E14: =SUM([2]厨房燃气!BH16) -> 365 | F14: =SUM('[2]B1 & 102F 锅炉房'!C16) -> 869 | G14: =SUM('[2]B1 & 102F 锅炉房'!H16) -> 302 | H14: =SUM(G14+F14+E14) -> 1536 | I14: =IF(H14>0,H14*3.76,0) -> 5775.36 | J14: =SUM([2]主塔楼空调用电量!V13) -> 5353 | K14: 8386 | L14: =SUM('[2]68F 高压F13&F30'!F16) -> 25800 | M14: =SUM([2]裙楼空调用量!L13) -> 9 | N14: =IF(M14*417>0,M14*417,0) -> 3753 | O14: =K14+L14 -> 34186 | P14: =O14*0.7044 -> 24080.618 | Q14: =SUM('[2]B4 水表'!C16) -> 254 | R14: 35 | S14: =Q14+R14 -> 289 | T14: =S14*4.86 -> 1404.54 | U14: =SUM(I14+N14+P14+T14) -> 35013.518
A15: 11 | B15: 20/30 | C15: 9 | D15: 15.99 | E15: =SUM([2]厨房燃气!BH17) -> 325 | F15: =SUM('[2]B1 & 102F 锅炉房'!C17) -> 793 | G15: =SUM('[2]B1 & 102F 锅炉房'!H17) -> 0 | H15: =SUM(G15+F15+E15) -> 1118 | I15: =IF(H15>0,H15*3.76,0) -> 4203.68 | J15: =SUM([2]主塔楼空调用电量!V14) -> 6152 | K15: 8386 | L15: =SUM('[2]68F 高压F13&F30'!F17) -> 26100 | M15: =SUM([2]裙楼空调用量!L14) -> 11 | N15: =IF(M15*417>0,M15*417,0) -> 4587 | O15: =K15+L15 -> 34486 | P15: =O15*0.7044 -> 24291.938 | Q15: =SUM('[2]B4 水表'!C17) -> 322 | R15: 35 | S15: =Q15+R15 -> 357 | T15: =S15*4.86 -> 1735.02 | U15: =SUM(I15+N15+P15+T15) -> 34817.638
A16: 12 | B16: 17/27 | C16: 8 | D16: 13.95 | E16: =SUM([2]厨房燃气!BH18) -> 345 | F16: =SUM('[2]B1 & 102F 锅炉房'!C18) -> 894 | G16: =SUM('[2]B1 & 102F 锅炉房'!H18) -> 0 | H16: =SUM(G16+F16+E16) -> 1239 | I16: =IF(H16>0,H16*3.76,0) -> 4658.64 | J16: =SUM([2]主塔楼空调用电量!V15) -> 7477 | K16: 8386 | L16: =SUM('[2]68F 高压F13&F30'!F18) -> 26200 | M16: =SUM([2]裙楼空调用量!L15) -> 14 | N16: =IF(M16*417>0,M16*417,0) -> 5838 | O16: =K16+L16 -> 34586 | P16: =O16*0.7044 -> 24362.378 | Q16: =SUM('[2]B4 水表'!C18) -> 455 | R16: 35 | S16: =Q16+R16 -> 490 | T16: =S16*4.86 -> 2381.4 | U16: =SUM(I16+N16+P16+T16) -> 37240.418
... A20: 16 | B20: 18/26 | C20: 0 | D20: 11.05 | E20: =SUM([2]厨房燃气!BH22) -> 390 | F20: =SUM('[2]B1 & 102F 锅炉房'!C22) -> 455 | G20: =SUM('[2]B1 & 102F 锅炉房'!H22) -> 0 | H20: =SUM(G20+F20+E20) -> 845 | I20: =IF(H20>0,H20*3.76,0) -> 3177.2 | J20: =SUM([2]主塔楼空调用电量!V19) -> 4678 | K20: 8386 | L20: =SUM('[2]68F 高压F13&F30'!F22) -> 24200 | M20: =SUM([2]裙楼空调用量!L19) -> 11 | N20: =IF(M20*417>0,M20*417,0) -> 4587 | O20: =K20+L20 -> 32586 | P20: =O20*0.7044 -> 22953.578 | Q20: =SUM('[2]B4 水表'!C22) -> 205 | R20: 35 | S20: =Q20+R20 -> 240 | T20: =S20*4.86 -> 1166.4 | U20: =SUM(I20+N20+P20+T20) -> 31884.178
A21: 17 | B21: 17/23 | C21: 16 | D21: 9.88 | E21: =SUM([2]厨房燃气!BH23) -> 344 | F21: =SUM('[2]B1 & 102F 锅炉房'!C23) -> 142 | G21: =SUM('[2]B1 & 102F 锅炉房'!H23) -> 0 | H21: =SUM(E21+F21+G21) -> 486 | I21: =IF(H21>0,H21*3.76,0) -> 1827.36 | J21: =SUM([2]主塔楼空调用电量!V20) -> 3654 | K21: 8386 | L21: =SUM('[2]68F 高压F13&F30'!F23) -> 22500 | M21: =SUM([2]裙楼空调用量!L20) -> 9 | N21: =IF(M21*417>0,M21*417,0) -> 3753 | O21: =K21+L21 -> 30886 | P21: =O21*0.7044 -> 21756.098 | Q21: =SUM('[2]B4 水表'!C23) -> 151 | R21: 35 | S21: =Q21+R21 -> 186 | T21: =S21*4.86 -> 903.96 | U21: =SUM(I21+N21+P21+T21) -> 28240.418
A22: 18 | B22: 15/29 | C22: 42 | D22: 12.79 | E22: =SUM([2]厨房燃气!BH24) -> 363 | F22: =SUM('[2]B1 & 102F 锅炉房'!C24) -> 638 | G22: =SUM('[2]B1 & 102F 锅炉房'!H24) -> 0 | H22: =SUM(G22+F22+E22) -> 1001 | I22: =IF(H22>0,H22*3.76,0) -> 3763.76 | J22: =SUM([2]主塔楼空调用电量!V21) -> 3460 | K22: 8386 | L22: =SUM('[2]68F 高压F13&F30'!F24) -> 22600 | M22: =SUM([2]裙楼空调用量!L21) -> 10 | N22: =IF(M22*417>0,M22*417,0) -> 4170 | O22: =K22+L22 -> 30986 | P22: =O22*0.7044 -> 21826.538 | Q22: =SUM('[2]B4 水表'!C24) -> 269 | R22: 35 | S22: =Q22+R22 -> 304 | T22: =S22*4.86 -> 1477.44 | U22: =SUM(I22+N22+P22+T22) -> 31237.738
A23: 19 | B23: 19/29 | C23: 68 | D23: 11.63 | E23: =SUM([2]厨房燃气!BH25) -> 369 | F23: =SUM('[2]B1 & 102F 锅炉房'!C25) -> 667 | G23: =SUM('[2]B1 & 102F 锅炉房'!H25) -> 0 | H23: =SUM(G23+F23+E23) -> 1036 | I23: =IF(H23>0,H23*3.76,0) -> 3895.36 | J23: =SUM([2]主塔楼空调用电量!V22) -> 3125 | K23: 8386 | L23: =SUM('[2]68F 高压F13&F30'!F25) -> 22200 | M23: =SUM([2]裙楼空调用量!L22) -> 9 | N23: =IF(M23*417>0,M23*417,0) -> 3753 | O23: =K23+L23 -> 30586 | P23: =O23*0.7044 -> 21544.778 | Q23: =SUM('[2]B4 水表'!C25) -> 378 | R23: 35 | S23: =Q23+R23 -> 413 | T23: =S23*4.86 -> 2007.18 | U23: =SUM(I23+N23+P23+T23) -> 31200.318
A24: 20 | B24: 22/30 | C24: 0 | D24: 10.76 | E24: =SUM([2]厨房燃气!BH26) -> 318 | F24: =SUM('[2]B1 & 102F 锅炉房'!C26) -> 446 | G24: =SUM('[2]B1 & 102F 锅炉房'!H26) -> 0 | H24: =SUM(G24+F24+E24) -> 764 | I24: =IF(H24>0,H24*3.76,0) -> 2872.64 | J24: =SUM([2]主塔楼空调用电量!V23) -> 3365 | K24: 8386 | L24: =SUM('[2]68F 高压F13&F30'!F26) -> 21800 | M24: =SUM([2]裙楼空调用量!L23) -> 9 | N24: =IF(M24*417>0,M24*417,0) -> 3753 | O24: =K24+L24 -> 30186 | P24: =O24*0.7044 -> 21263.018 | Q24: =SUM('[2]B4 水表'!C26) -> 299 | R24: 35 | S24: =Q24+R24 -> 334 | T24: =S24*4.86 -> 1623.24 | U24: =SUM(I24+N24+P24+T24) -> 29511.898
A25: 21 | B25: 22/28 | C25: 35 | D25: 12.79 | E25: =SUM([2]厨房燃气!BH27) -> 328 | F25: =SUM('[2]B1 & 102F 锅炉房'!C27) -> 329 | G25: =SUM('[2]B1 & 102F 锅炉房'!H27) -> 0 | H25: =SUM(G25+F25+E25) -> 657 | I25: =IF(H25>0,H25*3.76,0) -> 2470.32 | J25: =SUM([2]主塔楼空调用电量!V24) -> 4506 | K25: 8386 | L25: =SUM('[2]68F 高压F13&F30'!F27) -> 23800 | M25: =SUM([2]裙楼空调用量!L24) -> 10 | N25: =IF(M25*417>0,M25*417,0) -> 4170 | O25: =K25+L25 -> 32186 | P25: =O25*0.7044 -> 22671.818 | Q25: =SUM('[2]B4 水表'!C27) -> 176 | R25: 35 | S25: =Q25+R25 -> 211 | T25: =S25*4.86 -> 1025.46 | U25: =SUM(I25+N25+P25+T25) -> 30337.598
A26: 22 | B26: 22/30 | C26: 37 | D26: 15.7 | E26: =SUM([2]厨房燃气!BH28) -> 347 | F26: =SUM('[2]B1 & 102F 锅炉房'!C28) -> 735 | G26: =SUM('[2]B1 & 102F 锅炉房'!H28) -> 0 | H26: =SUM(G26+F26+E26) -> 1082 | I26: =IF(H26>0,H26*3.76,0) -> 4068.32 | J26: =SUM([2]主塔楼空调用电量!V25) -> 5296 | K26: 8386 | L26: =SUM('[2]68F 高压F13&F30'!F28) -> 24400 | M26: =SUM([2]裙楼空调用量!L25) -> 12 | N26: =IF(M26*417>0,M26*417,0) -> 5004 | O26: =K26+L26 -> 32786 | P26: =O26*0.7044 -> 23094.458 | Q26: =SUM('[2]B4 水表'!C28) -> 201 | R26: 35 | S26: =Q26+R26 -> 236 | T26: =S26*4.86 -> 1146.96 | U26: =SUM(I26+N26+P26+T26) -> 33313.738
A27: 23 | B27: 22/30 | C27: 0 | D27: 28.2 | E27: =SUM([2]厨房燃气!BH29) -> 383 | F27: =SUM('[2]B1 & 102F 锅炉房'!C29) -> 406 | G27: =SUM('[2]B1 & 102F 锅炉房'!H29) -> 0 | H27: =SUM(G27+F27+E27) -> 789 | I27: =IF(H27>0,H27*3.76,0) -> 2966.64 | J27: =SUM([2]主塔楼空调用电量!V26) -> 5967 | K27: 8386 | L27: =SUM('[2]68F 高压F13&F30'!F29) -> 25100 | M27: =SUM([2]裙楼空调用量!L26) -> 13 | N27: =IF(M27*417>0,M27*417,0) -> 5421 | O27: =K27+L27 -> 33486 | P27: =O27*0.7044 -> 23587.538 | Q27: =SUM('[2]B4 水表'!C29) -> 437 | R27: 35 | S27: =Q27+R27 -> 472 | T27: =S27*4.86 -> 2293.92 | U27: =SUM(I27+N27+P27+T27) -> 34269.098
A28: 24 | B28: 26/33 | C28: 0 | D28: 23.84 | E28: =SUM([2]厨房燃气!BH30) -> 449 | F28: =SUM('[2]B1 & 102F 锅炉房'!C30) -> 0 | G28: =SUM('[2]B1 & 102F 锅炉房'!H30) -> 0 | H28: =SUM(G28+F28+E28) -> 449 | I28: =IF(H28>0,H28*3.76,0) -> 1688.24 | J28: =SUM([2]主塔楼空调用电量!V27) -> 7316 | K28: 8386 | L28: =SUM('[2]68F 高压F13&F30'!F30) -> 27600 | M28: =SUM([2]裙楼空调用量!L27) -> 12 | N28: =IF(M28*417>0,M28*417,0) -> 5004 | O28: =K28+L28 -> 35986 | P28: =O28*0.7044 -> 25348.538 | Q28: =SUM('[2]B4 水表'!C30) -> 103 | R28: 35 | S28: =Q28+R28 -> 138 | T28: =S28*4.86 -> 670.68 | U28: =SUM(I28+N28+P28+T28) -> 32711.458
A29: 25 | B29: 24/32 | C29: 60 | D29: 25 | E29: =SUM([2]厨房燃气!BH31) -> 381 | F29: =SUM('[2]B1 & 102F 锅炉房'!C31) -> 595 | G29: =SUM('[2]B1 & 102F 锅炉房'!H31) -> 0 | H29: =SUM(G29+F29+E29) -> 976 | I29: =IF(H29>0,H29*3.76,0) -> 3669.76 | J29: =SUM([2]主塔楼空调用电量!V28) -> 7323 | K29: 8386 | L29: =SUM('[2]68F 高压F13&F30'!F31) -> 28100 | M29: =SUM([2]裙楼空调用量!L28) -> 16 | N29: =IF(M29*417>0,M29*417,0) -> 6672 | O29: =K29+L29 -> 36486 | P29: =O29*0.7044 -> 25700.738 | Q29: =SUM('[2]B4 水表'!C31) -> 359 | R29: 35 | S29: =Q29+R29 -> 394 | T29: =S29*4.86 -> 1914.84 | U29: =SUM(I29+N29+P29+T29) -> 37957.338
A30: 26 | B30: 26/33 | C30: 100 | D30: 35.17 | E30: =SUM([2]厨房燃气!BH32) -> 409 | F30: =SUM('[2]B1 & 102F 锅炉房'!C32) -> 795 | G30: =SUM('[2]B1 & 102F 锅炉房'!H32) -> 0 | H30: =SUM(G30+F30+E30) -> 1204 | I30: =IF(H30>0,H30*3.76,0) -> 4527.04 | J30: =SUM([2]主塔楼空调用电量!V29) -> 7924 | K30: 8386 | L30: =SUM('[2]68F 高压F13&F30'!F32) -> 29300 | M30: =SUM([2]裙楼空调用量!L29) -> 20 | N30: =IF(M30*417>0,M30*417,0) -> 8340 | O30: =K30+L30 -> 37686 | P30: =O30*0.7044 -> 26546.018 | Q30: =SUM('[2]B4 水表'!C32) -> 352 | R30: 35 | S30: =Q30+R30 -> 387 | T30: =S30*4.86 -> 1880.82 | U30: =SUM(I30+N30+P30+T30) -> 41293.878
A31: 27 | B31: 26/33 | C31: 150 | D31: 38.95 | E31: =SUM([2]厨房燃气!BH33) -> 441 | F31: =SUM('[2]B1 & 102F 锅炉房'!C33) -> 740 | G31: =SUM('[2]B1 & 102F 锅炉房'!H33) -> 0 | H31: =SUM(G31+F31+E31) -> 1181 | I31: =IF(H31>0,H31*3.76,0) -> 4440.56 | J31: =SUM([2]主塔楼空调用电量!V30) -> 9634 | K31: 8386 | L31: =SUM('[2]68F 高压F13&F30'!F33) -> 31300 | M31: =SUM([2]裙楼空调用量!L30) -> 16 | N31: =IF(M31*417>0,M31*417,0) -> 6672 | O31: =K31+L31 -> 39686 | P31: =O31*0.7044 -> 27954.818 | Q31: =SUM('[2]B4 水表'!C33) -> 472 | R31: 35 | S31: =Q31+R31 -> 507 | T31: =S31*4.86 -> 2464.02 | U31: =SUM(I31+N31+P31+T31) -> 41531.398
A32: 28 | B32: 24/31 | C32: 520 | D32: 38.08 | E32: =SUM([2]厨房燃气!BH34) -> 476 | F32: =SUM('[2]B1 & 102F 锅炉房'!C34) -> 803 | G32: =SUM('[2]B1 & 102F 锅炉房'!H34) -> 0 | H32: =SUM(G32+F32+E32) -> 1279 | I32: =IF(H32>0,H32*3.76,0) -> 4809.04 | J32: =SUM([2]主塔楼空调用电量!V31) -> 9986 | K32: 8386 | L32: =SUM('[2]68F 高压F13&F30'!F34) -> 32000 | M32: =SUM([2]裙楼空调用量!L31) -> 18 | N32: =IF(M32*417>0,M32*417,0) -> 7506 | O32: =K32+L32 -> 40386 | P32: =O32*0.7044 -> 28447.898 | Q32: =SUM('[2]B4 水表'!C34) -> 382 | R32: 35 | S32: =Q32+R32 -> 417 | T32: =S32*4.86 -> 2026.62 | U32: =SUM(I32+N32+P32+T32) -> 42789.558
A33: 29 | B33: 23/27 | C33: 0 | D33: 32.27 | E33: =SUM([2]厨房燃气!BH35) -> 585 | F33: =SUM('[2]B1 & 102F 锅炉房'!C35) -> 826 | G33: =SUM('[2]B1 & 102F 锅炉房'!H35) -> 0 | H33: =SUM(G33+F33+E33) -> 1411 | I33: =IF(H33>0,H33*3.76,0) -> 5305.36 | J33: =SUM([2]主塔楼空调用电量!V32) -> 9712 | K33: 8386 | L33: =SUM('[2]68F 高压F13&F30'!F35) -> 32900 | M33: =SUM([2]裙楼空调用量!L32) -> 22 | N33: =IF(M33*417>0,M33*417,0) -> 9174 | O33: =K33+L33 -> 41286 | P33: =O33*0.7044 -> 29081.858 | Q33: =SUM('[2]B4 水表'!C35) -> 498 | R33: 35 | S33: =Q33+R33 -> 533 | T33: =S33*4.86 -> 2590.38 | U33: =SUM(I33+N33+P33+T33) -> 46151.598
A34: 30 | B34: 16/22 | C34: 180 | D34: 46.8 | E34: =SUM([2]厨房燃气!BH36) -> 478 | F34: =SUM('[2]B1 & 102F 锅炉房'!C36) -> 957 | G34: =SUM('[2]B1 & 102F 锅炉房'!H36) -> 0 | H34: =SUM(G34+F34+E34) -> 1435 | I34: =IF(H34>0,H34*3.76,0) -> 5395.6 | J34: =SUM([2]主塔楼空调用电量!V33) -> 8897 | K34: 8386 | L34: =SUM('[2]68F 高压F13&F30'!F36) -> 32000 | M34: =SUM([2]裙楼空调用量!L33) -> 18 | N34: =IF(M34*417>0,M34*417,0) -> 7506 | O34: =K34+L34 -> 40386 | P34: =O34*0.7044 -> 28447.898 | Q34: =SUM('[2]B4 水表'!C36) -> 569 | R34: 35 | S34: =Q34+R34 -> 604 | T34: =S34*4.86 -> 2935.44 | U34: =SUM(I34+N34+P34+T34) -> 44284.938
A35: Aver.
A36: Total | E36: =SUM(E5:E34) -> 11878 | F36: =SUM(F5:F34) -> 20789 | G36: =SUM(G5:G34) -> 5224 | H36: =SUM(H5:H34) -> 37891 | I36: =SUM(I5:I34) -> 142470.16 | J36: =SUM(J3:J34) -> 172266 | K36: =SUM(K3:K34) -> 251580 | L36: =SUM(L3:L34) -> 791600 | M36: =SUM(M3:M34) -> 358 | N36: =SUM(N5:N34) -> 149286 | O36: =SUM(O5:O34) -> 1043180 | P36: =SUM(P5:P34) -> 734815.99 | Q36: =SUM(Q5:Q34) -> 10316 | R36: =SUM('[2]B4 水表'!D38) -> 0 | S36: =SUM(S5:S34) -> 11366 | T36: =SUM(T5:T34) -> 55238.76 | U36: =SUM(U5:U34) -> 1081810.9
