Workbook

Sheet TOTAL
A1: Site Name | B1: Day | C1: Month | D1: Year | E1: Total Electricity Kwh | F1: Peak hour Kwh | G1: Low Peak Hour Kwh | H1: Electricity Tariff Peak Hour ($/Kwh) | I1: Electricity Tariff Low Peak Hour ($/Kwh) | J1: Electricity Total Tariff (Rupiah) | K1: Electricity Tariff ($/Kwh) | L1: Water Utility Supply (m3) m3 | M1: Water Utility Supply (m3) $/m3 | N1: Water Utility Supply (Rupiah) | O1: Room Nights
A2: Jakarta Private Residences | B2: 1 | C2: 2 | D2: 2018 | E2: =Electricity!G6 -> 25520 | F2: =+Electricity!E6 -> 4480 | G2: =+Electricity!F6 -> 21040 | H2: 1553.67 | I2: 1035.78 | J2: =Electricity!L6 -> 29443331 | K2: =J2/E2 -> 1153.7355 | L2: =Water!G5 -> 454 | M2: 12550 | N2: =M2*L2 -> 5697700 | O2: 163
A3: Jakarta Private Residences | B3: 2 | C3: 2 | D3: 2018 | E3: =Electricity!G7 -> 26160 | F3: =+Electricity!E7 -> 5480 | G3: =+Electricity!F7 -> 20680 | H3: 1553.67 | I3: 1035.78 | J3: =Electricity!L7 -> 30652459 | K3: =J3/E3 -> 1171.7301 | L3: =Water!G6 -> 122 | M3: 12550 | N3: =M3*L3 -> 1531100 | O3: 163
A4: Jakarta Private Residences | B4: 3 | C4: 2 | D4: 2018 | E4: =Electricity!G8 -> 25400 | F4: =+Electricity!E8 -> 4720 | G4: =+Electricity!F8 -> 20680 | H4: 1553.67 | I4: 1035.78 | J4: =Electricity!L8 -> 29443331 | K4: =J4/E4 -> 1159.1863 | L4: =Water!G7 -> 394 | M4: 12550 | N4: =M4*L4 -> 4944700 | O4: 163
A5: Jakarta Private Residences | B5: 4 | C5: 2 | D5: 2018 | E5: =Electricity!G9 -> 24320 | F5: =+Electricity!E9 -> 4720 | G5: =+Electricity!F9 -> 19600 | H5: 1553.67 | I5: 1035.78 | J5: =Electricity!L9 -> 28297841 | K5: =J5/E5 -> 1163.5625 | L5: =Water!G8 -> 404 | M5: 12550 | N5: =M5*L5 -> 5070200 | O5: 163
A6: Jakarta Private Residences | B6: 5 | C6: 2 | D6: 2018 | E6: =Electricity!G10 -> 25160 | F6: =+Electricity!E10 -> 3960 | G6: =+Electricity!F10 -> 21200 | H6: 1553.67 | I6: 1035.78 | J6: =Electricity!L10 -> 28785735 | K6: =J6/E6 -> 1144.1071 | L6: =Water!G9 -> 3 | M6: 12550 | N6: =M6*L6 -> 37650 | O6: 163
A7: Jakarta Private Residences | B7: 6 | C7: 2 | D7: 2018 | E7: =Electricity!G11 -> 24480 | F7: =+Electricity!E11 -> 4760 | G7: =+Electricity!F11 -> 19720 | H7: 1553.67 | I7: 1035.78 | J7: =Electricity!L11 -> 28488756 | K7: =J7/E7 -> 1163.7564 | L7: =Water!G10 -> 480 | M7: 12550 | N7: =M7*L7 -> 6024000 | O7: 163
A8: Jakarta Private Residences | B8: 7 | C8: 2 | D8: 2018 | E8: =Electricity!G12 -> 22840 | F8: =+Electricity!E12 -> 2920 | G8: =+Electricity!F12 -> 19920 | H8: 1553.67 | I8: 1035.78 | J8: =Electricity!L12 -> 25773521 | K8: =J8/E8 -> 1128.4379 | L8: =Water!G11 -> 415 | M8: 12550 | N8: =M8*L8 -> 5208250 | O8: 163
A9: Jakarta Private Residences | B9: 8 | C9: 2 | D9: 2018 | E9: =Electricity!G13 -> 27000 | F9: =+Electricity!E13 -> 6960 | G9: =+Electricity!F13 -> 20040 | H9: 1553.67 | I9: 1035.78 | J9: =Electricity!L13 -> 32328268 | K9: =J9/E9 -> 1197.3433 | L9: =Water!G12 -> 256 | M9: 12550 | N9: =M9*L9 -> 3212800 | O9: 163
A10: Jakarta Private Residences | B10: 9 | C10: 2 | D10: 2018 | E10: =Electricity!G14 -> 24160 | F10: =+Electricity!E14 -> 3720 | G10: =+Electricity!F14 -> 20440 | H10: 1553.67 | I10: 1035.78 | J10: =Electricity!L14 -> 27597819 | K10: =J10/E10 -> 1142.2939 | L10: =Water!G13 -> 212 | M10: 12550 | N10: =M10*L10 -> 2660600 | O10: 163
A11: Jakarta Private Residences | B11: 10 | C11: 2 | D11: 2018 | E11: =Electricity!G15 -> 25960 | F11: =+Electricity!E15 -> 5600 | G11: =+Electricity!F15 -> 20360 | H11: 1553.67 | I11: 1035.78 | J11: =Electricity!L15 -> 30503970 | K11: =J11/E11 -> 1175.0373 | L11: =Water!G14 -> 471 | M11: 12550 | N11: =M11*L11 -> 5911050 | O11: 163
A12: Jakarta Private Residences | B12: 11 | C12: 2 | D12: 2018 | E12: =Electricity!G16 -> 24600 | F12: =+Electricity!E16 -> 4080 | G12: =+Electricity!F16 -> 20520 | H12: 1553.67 | I12: 1035.78 | J12: =Electricity!L16 -> 28255416 | K12: =J12/E12 -> 1148.5941 | L12: =Water!G15 -> 406 | M12: 12550 | N12: =M12*L12 -> 5095300 | O12: 163
A13: Jakarta Private Residences | B13: 12 | C13: 2 | D13: 2018 | E13: =Electricity!G17 -> 22760 | F13: =+Electricity!E17 -> 4560 | G13: =+Electricity!F17 -> 18200 | H13: 1553.67 | I13: 1035.78 | J13: =Electricity!L17 -> 26558394 | K13: =J13/E13 -> 1166.889 | L13: =Water!G16 -> 36 | M13: 12550 | N13: =M13*L13 -> 451800 | O13: 163
... A29: Jakarta Private Residences | B29: 28 | C29: 2 | D29: 2018 | E29: =Electricity!G33 -> 25680 | F29: =+Electricity!E33 -> 4360 | G29: =+Electricity!F33 -> 21320 | H29: 1553.67 | I29: 1035.78 | J29: =Electricity!L33 -> 29549395 | K29: =J29/E29 -> 1150.6774 | L29: =Water!G32 -> 484 | M29: 12550 | N29: =M29*L29 -> 6074200 | O29: 163

Sheet Electricity
B1: Electricity Distribution 2018
B2: Date | C2: Total Unit 235 | D2: Cost per kWh in Rupiah ( Rp) | E2: DAILY ELECTRICITY METER
E3: Peak Hour | F3: Low Peak Hour | G3: Total Metering | H3: Total Cost | K3: Tax for public service 2.4% | L3: TOTAL BILL
E4: ( 17:01-22:00) | F4: ( 22:01 -17:00) | G4: 24 Hour | H4: Peak Hour | I4: Low Peak Hour | J4: Total (Rp)
C5: OCC unit Apt | D5: 1035.78 | E5: kWh | F5: kWh | G5: kWh | H5: Rupiah | I5: Rupiah | J5: Rupiah | K5: Rupiah | L5: Rupiah
B6: 43132 | C6: 163 | D6: 1035.78 | E6: 4480 | F6: 21040 | G6: =F6+E6 -> 25520 | H6: =E6*1.5*D6 -> 6960441.6 | I6: =F6*D6 -> 21792811 | J6: =I6+H6 -> 28753253 | K6: =J6*0.024 -> 690078.07 | L6: =J6+K6 -> 29443331
B7: 43133 | C7: 163 | D7: 1035.78 | E7: 5480 | F7: 20680 | G7: =F7+E7 -> 26160 | H7: =E7*1.5*D7 -> 8514111.6 | I7: =F7*D7 -> 21419930 | J7: =I7+H7 -> 29934042 | K7: =J7*0.024 -> 718417.01 | L7: =J7+K7 -> 30652459
B8: 43134 | C8: 163 | D8: 1035.78 | E8: 4720 | F8: 20680 | G8: =F8+E8 -> 25400 | H8: =E8*1.5*D8 -> 7333322.4 | I8: =F8*D8 -> 21419930 | J8: =I8+H8 -> 28753253 | K8: =J8*0.024 -> 690078.07 | L8: =J8+K8 -> 29443331
B9: 43135 | C9: 163 | D9: 1035.78 | E9: 4720 | F9: 19600 | G9: =F9+E9 -> 24320 | H9: =E9*1.5*D9 -> 7333322.4 | I9: =F9*D9 -> 20301288 | J9: =I9+H9 -> 27634610 | K9: =J9*0.024 -> 663230.65 | L9: =J9+K9 -> 28297841
B10: 43136 | C10: 163 | D10: 1035.78 | E10: 3960 | F10: 21200 | G10: =F10+E10 -> 25160 | H10: =E10*1.5*D10 -> 6152533.2 | I10: =F10*D10 -> 21958536 | J10: =I10+H10 -> 28111069 | K10: =J10*0.024 -> 674665.66 | L10: =J10+K10 -> 28785735
B11: 43137 | C11: 163 | D11: 1035.78 | E11: 4760 | F11: 19720 | G11: =F11+E11 -> 24480 | H11: =E11*1.5*D11 -> 7395469.2 | I11: =F11*D11 -> 20425582 | J11: =I11+H11 -> 27821051 | K11: =J11*0.024 -> 667705.22 | L11: =J11+K11 -> 28488756
B12: 43138 | C12: 163 | D12: 1035.78 | E12: 2920 | F12: 19920 | G12: =F12+E12 -> 22840 | H12: =E12*1.5*D12 -> 4536716.4 | I12: =F12*D12 -> 20632738 | J12: =I12+H12 -> 25169454 | K12: =J12*0.024 -> 604066.9 | L12: =J12+K12 -> 25773521
B13: 43139 | C13: 163 | D13: 1035.78 | E13: 6960 | F13: 20040 | G13: =F13+E13 -> 27000 | H13: =E13*1.5*D13 -> 10813543 | I13: =F13*D13 -> 20757031 | J13: =I13+H13 -> 31570574 | K13: =J13*0.024 -> 757693.79 | L13: =J13+K13 -> 32328268
B14: 43140 | C14: 163 | D14: 1035.78 | E14: 3720 | F14: 20440 | G14: =F14+E14 -> 24160 | H14: =E14*1.5*D14 -> 5779652.4 | I14: =F14*D14 -> 21171343 | J14: =I14+H14 -> 26950996 | K14: =J14*0.024 -> 646823.89 | L14: =J14+K14 -> 27597819
B15: 43141 | C15: 163 | D15: 1035.78 | E15: 5600 | F15: 20360 | G15: =F15+E15 -> 25960 | H15: =E15*1.5*D15 -> 8700552 | I15: =F15*D15 -> 21088481 | J15: =I15+H15 -> 29789033 | K15: =J15*0.024 -> 714936.79 | L15: =J15+K15 -> 30503970
B16: 43142 | C16: 163 | D16: 1035.78 | E16: 4080 | F16: 20520 | G16: =F16+E16 -> 24600 | H16: =E16*1.5*D16 -> 6338973.6 | I16: =F16*D16 -> 21254206 | J16: =I16+H16 -> 27593179 | K16: =J16*0.024 -> 662236.3 | L16: =J16+K16 -> 28255416
B17: 43143 | C17: 163 | D17: 1035.78 | E17: 4560 | F17: 18200 | G17: =F17+E17 -> 22760 | H17: =E17*1.5*D17 -> 7084735.2 | I17: =F17*D17 -> 18851196 | J17: =I17+H17 -> 25935931 | K17: =J17*0.024 -> 622462.35 | L17: =J17+K17 -> 26558394
... B33: 43159 | C33: 163 | D33: 1035.78 | E33: 4360 | F33: 21320 | G33: =F33+E33 -> 25680 | H33: =E33*1.5*D33 -> 6774001.2 | I33: =F33*D33 -> 22082830 | J33: =I33+H33 -> 28856831 | K33: =J33*0.024 -> 692563.94 | L33: =J33+K33 -> 29549395
C34: =SUM(C6:C33) -> 4564 | D34: Hotel | E34: =SUM(E5:E33) -> 132040 | F34: =SUM(F5:F33) -> 573440 | G34: =SUM(G5:G33) -> 705480 | H34: =SUM(H5:H33) -> 2.0514659e+08 | I34: =SUM(I5:I33) -> 5.9395768e+08 | J34: =SUM(J5:J33) -> 7.9910427e+08 | K34: =SUM(K5:K33) -> 19178502 | L34: =SUM(L5:L33) -> 8.1828277e+08

Sheet Water
B1: WATER METER READING
B3: Date | C3: Month | D3: Year | E3: Metering 1 | F3: Metering 2 | G3: Total Metering
E4: M3 | F4: M3 | G4: M3
B5: 1 | C5: 2 | D5: 2018 | E5: 100 | F5: 354 | G5: =E5+F5 -> 454
B6: 2 | C6: 2 | D6: 2018 | E6: 25 | F6: 97 | G6: =E6+F6 -> 122
B7: 3 | C7: 2 | D7: 2018 | E7: 80 | F7: 314 | G7: =E7+F7 -> 394
B8: 4 | C8: 2 | D8: 2018 | E8: 82 | F8: 322 | G8: =E8+F8 -> 404
B9: 5 | C9: 2 | D9: 2018 | E9: 0 | F9: 3 | G9: =E9+F9 -> 3
B10: 6 | C10: 2 | D10: 2018 | E10: 98 | F10: 382 | G10: =E10+F10 -> 480
B11: 7 | C11: 2 | D11: 2018 | E11: 88 | F11: 327 | G11: =E11+F11 -> 415
B12: 8 | C12: 2 | D12: 2018 | E12: 50 | F12: 206 | G12: =E12+F12 -> 256
B13: 9 | C13: 2 | D13: 2018 | E13: 43 | F13: 169 | G13: =E13+F13 -> 212
B14: 10 | C14: 2 | D14: 2018 | E14: 98 | F14: 373 | G14: =E14+F14 -> 471
B15: 11 | C15: 2 | D15: 2018 | E15: 84 | F15: 322 | G15: =E15+F15 -> 406
B16: 12 | C16: 2 | D16: 2018 | E16: 7 | F16: 29 | G16: =E16+F16 -> 36
... B32: 28 | C32: 2 | D32: 2018 | E32: 94 | F32: 390 | G32: =E32+F32 -> 484
E34: =SUM(E5:E33) -> 1896 | F34: =SUM(F5:F32) -> 7488 | G34: =SUM(G5:G32) -> 9384
G38: =E34+F34 -> 9384
B41: Unit Price | F41: Rupiah ( Rp) | G41: 12550
F44: Total Bill | G44: =G38*G41 -> 117769200
