Workbook

Sheet TOTAL
A1: Site Name | B1: Day | C1: Month | D1: Year | E1: Total Electricity Kwh | F1: Peak hour Kwh | G1: Low Peak Hour Kwh | H1: Electricity Tariff Peak Hour ($/Kwh) | I1: Electricity Tariff Low Peak Hour ($/Kwh) | J1: Electricity Total Tariff (Rupiah) | K1: Electricity Tariff ($/Kwh) | L1: Water Utility Supply (m3) m3 | M1: Water Utility Supply (m3) $/m3 | N1: Water Utility Supply (Rupiah) | O1: Room Nights
A2: Jakarta Private Residences | B2: 1 | C2: 7 | D2: =Water!D5 -> 2018 | E2: =Electricity!G6 -> 23400 | F2: =Electricity!E6 -> 2960 | G2: =Electricity!F6 -> 20440 | H2: 1553.67 | I2: 1035.78 | J2: =Electricity!L6 -> 26388691 | K2: =J2/E2 -> 1127.7219 | L2: =Water!G5 -> 230 | M2: 12550 | N2: =M2*L2 -> 2886500 | O2: =Electricity!C6 -> 160
A3: Jakarta Private Residences | B3: 2 | C3: 7 | D3: =D2 -> 2018 | E3: =Electricity!G7 -> 25800 | F3: =Electricity!E7 -> 6040 | G3: =Electricity!F7 -> 19760 | H3: 1553.67 | I3: 1035.78 | J3: =Electricity!L7 -> 30567608 | K3: =J3/E3 -> 1184.791 | L3: =Water!G6 -> 253 | M3: 12550 | N3: =M3*L3 -> 3175150 | O3: =O2 -> 160
A4: Jakarta Private Residences | B4: 3 | C4: 7 | D4: =D3 -> 2018 | E4: =Electricity!G8 -> 24720 | F4: =Electricity!E8 -> 4600 | G4: =Electricity!F8 -> 20120 | H4: 1553.67 | I4: 1035.78 | J4: =Electricity!L8 -> 28658458 | K4: =J4/E4 -> 1159.3227 | L4: =Water!G7 -> 252 | M4: 12550 | N4: =M4*L4 -> 3162600 | O4: =O3 -> 160
A5: Jakarta Private Residences | B5: 4 | C5: 7 | D5: =D4 -> 2018 | E5: =Electricity!G9 -> 24560 | F5: =Electricity!E9 -> 4600 | G5: =Electricity!F9 -> 19960 | H5: 1553.67 | I5: 1035.78 | J5: =Electricity!L9 -> 28488756 | K5: =J5/E5 -> 1159.9656 | L5: =Water!G8 -> 268 | M5: 12550 | N5: =M5*L5 -> 3363400 | O5: =O4 -> 160
A6: Jakarta Private Residences | B6: 5 | C6: 7 | D6: =D5 -> 2018 | E6: =Electricity!G10 -> 24720 | F6: =Electricity!E10 -> 4720 | G6: =Electricity!F10 -> 20000 | H6: 1553.67 | I6: 1035.78 | J6: =Electricity!L10 -> 28722097 | K6: =J6/E6 -> 1161.8971 | L6: =Water!G9 -> 314 | M6: 12550 | N6: =M6*L6 -> 3940700 | O6: =O5 -> 160
A7: Jakarta Private Residences | B7: 6 | C7: 7 | D7: =D6 -> 2018 | E7: =Electricity!G11 -> 23920 | F7: =Electricity!E11 -> 4360 | G7: =Electricity!F11 -> 19560 | H7: 1553.67 | I7: 1035.78 | J7: =Electricity!L11 -> 27682671 | K7: =J7/E7 -> 1157.3023 | L7: =Water!G10 -> 336 | M7: 12550 | N7: =M7*L7 -> 4216800 | O7: =O6 -> 160
A8: Jakarta Private Residences | B8: 7 | C8: 7 | D8: =D7 -> 2018 | E8: =Electricity!G12 -> 26560 | F8: =Electricity!E12 -> 4480 | G8: =Electricity!F12 -> 22080 | H8: 1553.67 | I8: 1035.78 | J8: =Electricity!L12 -> 30546395 | K8: =J8/E8 -> 1150.0902 | L8: =Water!G11 -> 271 | M8: 12550 | N8: =M8*L8 -> 3401050 | O8: =O7 -> 160
A9: Jakarta Private Residences | B9: 8 | C9: 7 | D9: =D8 -> 2018 | E9: =Electricity!G13 -> 22080 | F9: =Electricity!E13 -> 3840 | G9: =Electricity!F13 -> 18240 | H9: 1553.67 | I9: 1035.78 | J9: =Electricity!L13 -> 25455329 | K9: =J9/E9 -> 1152.8682 | L9: =Water!G12 -> 272 | M9: 12550 | N9: =M9*L9 -> 3413600 | O9: =O8 -> 160
A10: Jakarta Private Residences | B10: 9 | C10: 7 | D10: =D9 -> 2018 | E10: =Electricity!G14 -> 25640 | F10: =Electricity!E14 -> 4960 | G10: =Electricity!F14 -> 20680 | H10: 1553.67 | I10: 1035.78 | J10: =Electricity!L14 -> 29825161 | K10: =J10/E10 -> 1163.2278 | L10: =Water!G13 -> 213 | M10: 12550 | N10: =M10*L10 -> 2673150 | O10: =O9 -> 160
A11: Jakarta Private Residences | B11: 10 | C11: 7 | D11: =D10 -> 2018 | E11: =Electricity!G15 -> 25160 | F11: =Electricity!E15 -> 4640 | G11: =Electricity!F15 -> 20520 | H11: 1553.67 | I11: 1035.78 | J11: =Electricity!L15 -> 29146352 | K11: =J11/E11 -> 1158.4401 | L11: =Water!G14 -> 327 | M11: 12550 | N11: =M11*L11 -> 4103850 | O11: =O10 -> 160
A12: Jakarta Private Residences | B12: 11 | C12: 7 | D12: =D11 -> 2018 | E12: =Electricity!G16 -> 26320 | F12: =Electricity!E16 -> 4760 | G12: =Electricity!F16 -> 21560 | H12: 1553.67 | I12: 1035.78 | J12: =Electricity!L16 -> 30440331 | K12: =J12/E12 -> 1156.5475 | L12: =Water!G15 -> 273 | M12: 12550 | N12: =M12*L12 -> 3426150 | O12: =O11 -> 160
A13: Jakarta Private Residences | B13: 12 | C13: 7 | D13: =D12 -> 2018 | E13: =Electricity!G17 -> 26360 | F13: =Electricity!E17 -> 5360 | G13: =Electricity!F17 -> 21000 | H13: 1553.67 | I13: 1035.78 | J13: =Electricity!L17 -> 30800948 | K13: =J13/E13 -> 1168.473 | L13: =Water!G16 -> 331 | M13: 12550 | N13: =M13*L13 -> 4154050 | O13: =O12 -> 160
A14: Jakarta Private Residences | B14: 13 | C14: 7 | D14: =D13 -> 2018 | E14: =Electricity!G18 -> 25080 | F14: =Electricity!E18 -> 4480 | G14: =Electricity!F18 -> 20600 | H14: 1553.67 | I14: 1035.78 | J14: =Electricity!L18 -> 28976650 | K14: =J14/E14 -> 1155.3688 | L14: =Water!G17 -> 319 | M14: 12550 | N14: =M14*L14 -> 4003450 | O14: =O13 -> 160
... A32: Jakarta Private Residences | B32: 31 | C32: 7 | D32: =D31 -> 2018 | E32: =Electricity!G36 -> 25760 | F32: =Electricity!E36 -> 4680 | G32: =Electricity!F36 -> 21080 | H32: 1554.67 | I32: 1035.79 | J32: =Electricity!L36 -> 29803948 | K32: =J32/E32 -> 1156.9856 | L32: =Water!G35 -> 986 | M32: 12550 | N32: =M32*L32 -> 12374300 | O32: =O31 -> 160

Sheet Electricity
B1: Electricity Distribution 2018
B2: Date | C2: Total Unit 235 | D2: Cost per kWh in Rupiah ( Rp) | E2: DAILY ELECTRICITY METER
E3: Peak Hour | F3: Low Peak Hour | G3: Total Metering | H3: Total Cost | K3: Tax for public service 2.4% | L3: TOTAL BILL
E4: ( 17:01-22:00) | F4: ( 22:01 -17:00) | G4: 24 Hour | H4: Peak Hour | I4: Low Peak Hour | J4: Total (Rp)
C5: OCC unit Apt | D5: 1035.78 | E5: kWh | F5: kWh | G5: kWh | H5: Rupiah | I5: Rupiah | J5: Rupiah | K5: Rupiah | L5: Rupiah
B6: 43282 | C6: 160 | D6: 1035.78 | E6: 2960 | F6: 20440 | G6: =F6+E6 -> 23400 | H6: =E6*1.5*D6 -> 4598863.2 | I6: =F6*D6 -> 21171343 | J6: =I6+H6 -> 25770206 | K6: =J6*0.024 -> 618484.95 | L6: =J6+K6 -> 26388691
B7: 43283 | C7: =C6 -> 160 | D7: 1035.78 | E7: 6040 | F7: 19760 | G7: =F7+E7 -> 25800 | H7: =E7*1.5*D7 -> 9384166.8 | I7: =F7*D7 -> 20467013 | J7: =I7+H7 -> 29851180 | K7: =J7*0.024 -> 716428.31 | L7: =J7+K7 -> 30567608
B8: 43284 | C8: =C7 -> 160 | D8: 1035.78 | E8: 4600 | F8: 20120 | G8: =F8+E8 -> 24720 | H8: =E8*1.5*D8 -> 7146882 | I8: =F8*D8 -> 20839894 | J8: =I8+H8 -> 27986776 | K8: =J8*0.024 -> 671682.61 | L8: =J8+K8 -> 28658458
B9: 43285 | C9: =C8 -> 160 | D9: 1035.78 | E9: 4600 | F9: 19960 | G9: =F9+E9 -> 24560 | H9: =E9*1.5*D9 -> 7146882 | I9: =F9*D9 -> 20674169 | J9: =I9+H9 -> 27821051 | K9: =J9*0.024 -> 667705.22 | L9: =J9+K9 -> 28488756
B10: 43286 | C10: =C9 -> 160 | D10: 1035.78 | E10: 4720 | F10: 20000 | G10: =F10+E10 -> 24720 | H10: =E10*1.5*D10 -> 7333322.4 | I10: =F10*D10 -> 20715600 | J10: =I10+H10 -> 28048922 | K10: =J10*0.024 -> 673174.14 | L10: =J10+K10 -> 28722097
B11: 43287 | C11: =C10 -> 160 | D11: 1035.78 | E11: 4360 | F11: 19560 | G11: =F11+E11 -> 23920 | H11: =E11*1.5*D11 -> 6774001.2 | I11: =F11*D11 -> 20259857 | J11: =I11+H11 -> 27033858 | K11: =J11*0.024 -> 648812.59 | L11: =J11+K11 -> 27682671
B12: 43288 | C12: =C11 -> 160 | D12: 1035.78 | E12: 4480 | F12: 22080 | G12: =F12+E12 -> 26560 | H12: =E12*1.5*D12 -> 6960441.6 | I12: =F12*D12 -> 22870022 | J12: =I12+H12 -> 29830464 | K12: =J12*0.024 -> 715931.14 | L12: =J12+K12 -> 30546395
B13: 43289 | C13: =C12 -> 160 | D13: 1035.78 | E13: 3840 | F13: 18240 | G13: =F13+E13 -> 22080 | H13: =E13*1.5*D13 -> 5966092.8 | I13: =F13*D13 -> 18892627 | J13: =I13+H13 -> 24858720 | K13: =J13*0.024 -> 596609.28 | L13: =J13+K13 -> 25455329
B14: 43290 | C14: =C13 -> 160 | D14: 1035.78 | E14: 4960 | F14: 20680 | G14: =F14+E14 -> 25640 | H14: =E14*1.5*D14 -> 7706203.2 | I14: =F14*D14 -> 21419930 | J14: =I14+H14 -> 29126134 | K14: =J14*0.024 -> 699027.21 | L14: =J14+K14 -> 29825161
B15: 43291 | C15: =C14 -> 160 | D15: 1035.78 | E15: 4640 | F15: 20520 | G15: =F15+E15 -> 25160 | H15: =E15*1.5*D15 -> 7209028.8 | I15: =F15*D15 -> 21254206 | J15: =I15+H15 -> 28463234 | K15: =J15*0.024 -> 683117.63 | L15: =J15+K15 -> 29146352
B16: 43292 | C16: =C15 -> 160 | D16: 1035.78 | E16: 4760 | F16: 21560 | G16: =F16+E16 -> 26320 | H16: =E16*1.5*D16 -> 7395469.2 | I16: =F16*D16 -> 22331417 | J16: =I16+H16 -> 29726886 | K16: =J16*0.024 -> 713445.26 | L16: =J16+K16 -> 30440331
B17: 43293 | C17: =C16 -> 160 | D17: 1035.78 | E17: 5360 | F17: 21000 | G17: =F17+E17 -> 26360 | H17: =E17*1.5*D17 -> 8327671.2 | I17: =F17*D17 -> 21751380 | J17: =I17+H17 -> 30079051 | K17: =J17*0.024 -> 721897.23 | L17: =J17+K17 -> 30800948
B18: 43294 | C18: =C17 -> 160 | D18: 1035.78 | E18: 4480 | F18: 20600 | G18: =F18+E18 -> 25080 | H18: =E18*1.5*D18 -> 6960441.6 | I18: =F18*D18 -> 21337068 | J18: =I18+H18 -> 28297510 | K18: =J18*0.024 -> 679140.23 | L18: =J18+K18 -> 28976650
... B36: 43312 | C36: =C35 -> 160 | D36: 1035.78 | E36: 4680 | F36: 21080 | G36: =F36+E36 -> 25760 | H36: =E36*1.5*D36 -> 7271175.6 | I36: =F36*D36 -> 21834242 | J36: =I36+H36 -> 29105418 | K36: =J36*0.024 -> 698530.03 | L36: =J36+K36 -> 29803948
C37: =SUM(C6:C33) -> 4480 | E37: =SUM(E6:E35) -> 140360 | F37: =SUM(F6:F35) -> 617720 | G37: =SUM(G6:G35) -> 758080 | H37: =SUM(H6:H35) -> 2.1807312e+08 | I37: =SUM(I6:I35) -> 6.3982202e+08 | J37: =SUM(J6:J35) -> 8.5789514e+08 | K37: =SUM(K6:K35) -> 20589483 | L37: =SUM(L6:L36) -> 9.0828857e+08

Sheet Water
B1: WATER METER READING
B3: Date | C3: Month | D3: Year | E3: Metering 1 | F3: Metering 2 | G3: Total Metering
E4: M3 | F4: M3 | G4: M3
B5: 1 | C5: 7 | D5: 2018 | E5: 54 | F5: 176 | G5: =E5+F5 -> 230
B6: 2 | C6: 7 | D6: =D5 -> 2018 | E6: 52 | F6: 201 | G6: =E6+F6 -> 253
B7: 3 | C7: 7 | D7: =D6 -> 2018 | E7: 52 | F7: 200 | G7: =E7+F7 -> 252
B8: 4 | C8: 7 | D8: =D7 -> 2018 | E8: 53 | F8: 215 | G8: =E8+F8 -> 268
B9: 5 | C9: 7 | D9: =D8 -> 2018 | E9: 66 | F9: 248 | G9: =E9+F9 -> 314
B10: 6 | C10: 7 | D10: =D9 -> 2018 | E10: 69 | F10: 267 | G10: =E10+F10 -> 336
B11: 7 | C11: 7 | D11: =D10 -> 2018 | E11: 53 | F11: 218 | G11: =E11+F11 -> 271
B12: 8 | C12: 7 | D12: =D11 -> 2018 | E12: 55 | F12: 217 | G12: =E12+F12 -> 272
B13: 9 | C13: 7 | D13: =D12 -> 2018 | E13: 44 | F13: 169 | G13: =E13+F13 -> 213
B14: 10 | C14: 7 | D14: =D13 -> 2018 | E14: 67 | F14: 260 | G14: =E14+F14 -> 327
B15: 11 | C15: 7 | D15: =D14 -> 2018 | E15: 55 | F15: 218 | G15: =E15+F15 -> 273
B16: 12 | C16: 7 | D16: =D15 -> 2018 | E16: 68 | F16: 263 | G16: =E16+F16 -> 331
B17: 13 | C17: 7 | D17: =D16 -> 2018 | E17: 65 | F17: 254 | G17: =E17+F17 -> 319
... B35: 31 | C35: 7 | D35: =D34 -> 2018 | E35: 204 | F35: 782 | G35: =E35+F35 -> 986
E36: =SUM(E5:E35) -> 2360 | F36: =SUM(F5:F35) -> 9274 | G36: =SUM(G5:G35) -> 11634
G40: =G36 -> 11634
B43: Unit Price | F43: Rupiah ( Rp) | G43: 12550
F46: Total Bill | G46: =G40*G43 -> 146006700
