Workbook

Sheet TOTAL
A1: Site Name | B1: Day | C1: Month | D1: Year | E1: Total Electricity Kwh | F1: Peak hour Kwh | G1: Low Peak Hour Kwh | H1: Electricity Tariff Peak Hour ($/Kwh) | I1: Electricity Tariff Low Peak Hour ($/Kwh) | J1: Electricity Total Tariff (Rupiah) | K1: Electricity Tariff ($/Kwh) | L1: Water Utility Supply (m3) m3 | M1: Water Utility Supply (m3) $/m3 | N1: Water Utility Supply (Rupiah) | O1: Room Nights
A2: Jakarta Private Residences | B2: 1 | C2: 5 | D2: =Water!D5 -> 2019 | E2: =Electricity!G6 -> 26800 | F2: =Electricity!E6 -> 5160 | G2: =Electricity!F6 -> 21640 | H2: 1553.67 | I2: 1035.78 | J2: =Electricity!L6 -> 31161566 | K2: =J2/E2 -> 1162.745 | L2: =Water!G5 -> 253 | M2: 12550 | N2: =TOTAL!L2*TOTAL!M2 -> 3175150 | O2: 161
A3: Jakarta Private Residences | B3: 2 | C3: 5 | D3: =Water!D6 -> 2019 | E3: =Electricity!G7 -> 24200 | F3: =Electricity!E7 -> 6320 | G3: =Electricity!F7 -> 17880 | H3: 1553.67 | I3: 1035.78 | J3: =Electricity!L7 -> 29019075 | K3: =J3/E3 -> 1199.1353 | L3: =Water!G6 -> 379 | M3: 12550 | N3: =TOTAL!L3*TOTAL!M3 -> 4756450 | O3: 161
A4: Jakarta Private Residences | B4: 3 | C4: 5 | D4: =Water!D7 -> 2019 | E4: =Electricity!G8 -> 29320 | F4: =Electricity!E8 -> 3680 | G4: =Electricity!F8 -> 25640 | H4: 1553.67 | I4: 1035.78 | J4: =Electricity!L8 -> 33049503 | K4: =J4/E4 -> 1127.1999 | L4: =Water!G7 -> 369 | M4: 12550 | N4: =TOTAL!L4*TOTAL!M4 -> 4630950 | O4: 161
A5: Jakarta Private Residences | B5: 4 | C5: 5 | D5: =Water!D8 -> 2019 | E5: =Electricity!G9 -> 27120 | F5: =Electricity!E9 -> 5080 | G5: =Electricity!F9 -> 22040 | H5: 1553.67 | I5: 1035.78 | J5: =Electricity!L9 -> 31458544 | K5: =J5/E5 -> 1159.9758 | L5: =Water!G8 -> 239 | M5: 12550 | N5: =TOTAL!L5*TOTAL!M5 -> 2999450 | O5: 161
A6: Jakarta Private Residences | B6: 5 | C6: 5 | D6: =Water!D9 -> 2019 | E6: =Electricity!G10 -> 27920 | F6: =Electricity!E10 -> 5560 | G6: =Electricity!F10 -> 22360 | H6: 1553.67 | I6: 1035.78 | J6: =Electricity!L10 -> 32561609 | K6: =J6/E6 -> 1166.2467 | L6: =Water!G9 -> 239 | M6: 12550 | N6: =TOTAL!L6*TOTAL!M6 -> 2999450 | O6: 161
A7: Jakarta Private Residences | B7: 6 | C7: 5 | D7: =Water!D10 -> 2019 | E7: =Electricity!G11 -> 27080 | F7: =Electricity!E11 -> 5280 | G7: =Electricity!F11 -> 21800 | H7: 1553.67 | I7: 1035.78 | J7: =Electricity!L11 -> 31522183 | K7: =J7/E7 -> 1164.0392 | L7: =Water!G10 -> 344 | M7: 12550 | N7: =TOTAL!L7*TOTAL!M7 -> 4317200 | O7: 161
A8: Jakarta Private Residences | B8: 7 | C8: 5 | D8: =Water!D11 -> 2019 | E8: =Electricity!G12 -> 36440 | F8: =Electricity!E12 -> 8640 | G8: =Electricity!F12 -> 27800 | H8: 1553.67 | I8: 1035.78 | J8: =Electricity!L12 -> 43231634 | K8: =J8/E8 -> 1186.3785 | L8: =Water!G11 -> 441 | M8: 12550 | N8: =TOTAL!L8*TOTAL!M8 -> 5534550 | O8: 161
A9: Jakarta Private Residences | B9: 8 | C9: 5 | D9: =Water!D12 -> 2019 | E9: =Electricity!G13 -> 23000 | F9: =Electricity!E13 -> 1680 | G9: =Electricity!F13 -> 21320 | H9: 1553.67 | I9: 1035.78 | J9: =Electricity!L13 -> 25285627 | K9: =J9/E9 -> 1099.3751 | L9: =Water!G12 -> 244 | M9: 12550 | N9: =TOTAL!L9*TOTAL!M9 -> 3062200 | O9: 161
A10: Jakarta Private Residences | B10: 9 | C10: 5 | D10: =Water!D13 -> 2019 | E10: =Electricity!G14 -> 21120 | F10: =Electricity!E14 -> 4640 | G10: =Electricity!F14 -> 16480 | H10: 1553.67 | I10: 1035.78 | J10: =Electricity!L14 -> 24861372 | K10: =J10/E10 -> 1177.1483 | L10: =Water!G13 -> 244 | M10: 12550 | N10: =TOTAL!L10*TOTAL!M10 -> 3062200 | O10: 161
A11: Jakarta Private Residences | B11: 10 | C11: 5 | D11: =Water!D14 -> 2019 | E11: =Electricity!G15 -> 26400 | F11: =Electricity!E15 -> 4800 | G11: =Electricity!F15 -> 21600 | H11: 1553.67 | I11: 1035.78 | J11: =Electricity!L15 -> 30546395 | K11: =J11/E11 -> 1157.0604 | L11: =Water!G14 -> 429 | M11: 12550 | N11: =TOTAL!L11*TOTAL!M11 -> 5383950 | O11: 161
A12: Jakarta Private Residences | B12: 11 | C12: 5 | D12: =Water!D15 -> 2019 | E12: =Electricity!G16 -> 26040 | F12: =Electricity!E16 -> 4640 | G12: =Electricity!F16 -> 21400 | H12: 1553.67 | I12: 1035.78 | J12: =Electricity!L16 -> 30079714 | K12: =J12/E12 -> 1155.135 | L12: =Water!G15 -> 299 | M12: 12550 | N12: =TOTAL!L12*TOTAL!M12 -> 3752450 | O12: 161
A13: Jakarta Private Residences | B13: 12 | C13: 5 | D13: =Water!D16 -> 2019 | E13: =Electricity!G17 -> 26280 | F13: =Electricity!E17 -> 4960 | G13: =Electricity!F17 -> 21320 | H13: 1553.67 | I13: 1035.78 | J13: =Electricity!L17 -> 30503970 | K13: =J13/E13 -> 1160.7294 | L13: =Water!G16 -> 215 | M13: 12550 | N13: =TOTAL!L13*TOTAL!M13 -> 2698250 | O13: 161
... A32: Jakarta Private Residences | B32: 31 | C32: 5 | D32: =Water!D35 -> 2019 | E32: =Electricity!G36 -> 26520 | F32: =Electricity!E36 -> 5240 | G32: =Electricity!F36 -> 21280 | H32: 1553.67 | I32: 1035.78 | J32: =Electricity!L36 -> 30907012 | K32: =J32/E32 -> 1165.4228 | L32: =Water!G35 -> 312 | M32: 12550 | N32: =TOTAL!L32*TOTAL!M32 -> 3915600 | O32: 161

Sheet Electricity
B1: Electricity Distribution 2019
B2: Date | C2: Total Unit 235 | D2: Cost per kWh in Rupiah ( Rp) | E2: DAILY ELECTRICITY METER
E3: Peak Hour | F3: Low Peak Hour | G3: Total Metering | H3: Total Cost | K3: Tax for public service 2.4% | L3: TOTAL BILL
E4: ( 17:01-22:00) | F4: ( 22:01 -17:00) | G4: 24 Hour | H4: Peak Hour | I4: Low Peak Hour | J4: Total (Rp)
C5: OCC unit Apt | D5: 1035.78 | E5: kWh | F5: kWh | G5: kWh | H5: Rupiah | I5: Rupiah | J5: Rupiah | K5: Rupiah | L5: Rupiah
B6: 43586 | C6: 161 | D6: 1035.78 | E6: 5160 | F6: 21640 | G6: =F6+E6 -> 26800 | H6: =E6*1.5*D6 -> 8016937.2 | I6: =F6*D6 -> 22414279 | J6: =I6+H6 -> 30431216 | K6: =J6*0.024 -> 730349.19 | L6: =J6+K6 -> 31161566
B7: 43587 | C7: 161 | D7: 1035.78 | E7: 6320 | F7: 17880 | G7: =F7+E7 -> 24200 | H7: =E7*1.5*D7 -> 9819194.4 | I7: =F7*D7 -> 18519746 | J7: =I7+H7 -> 28338941 | K7: =J7*0.024 -> 680134.58 | L7: =J7+K7 -> 29019075
B8: 43588 | C8: 161 | D8: 1035.78 | E8: 3680 | F8: 25640 | G8: =F8+E8 -> 29320 | H8: =E8*1.5*D8 -> 5717505.6 | I8: =F8*D8 -> 26557399 | J8: =I8+H8 -> 32274905 | K8: =J8*0.024 -> 774597.72 | L8: =J8+K8 -> 33049503
B9: 43589 | C9: 161 | D9: 1035.78 | E9: 5080 | F9: 22040 | G9: =F9+E9 -> 27120 | H9: =E9*1.5*D9 -> 7892643.6 | I9: =F9*D9 -> 22828591 | J9: =I9+H9 -> 30721235 | K9: =J9*0.024 -> 737309.64 | L9: =J9+K9 -> 31458544
B10: 43590 | C10: 161 | D10: 1035.78 | E10: 5560 | F10: 22360 | G10: =F10+E10 -> 27920 | H10: =E10*1.5*D10 -> 8638405.2 | I10: =F10*D10 -> 23160041 | J10: =I10+H10 -> 31798446 | K10: =J10*0.024 -> 763162.7 | L10: =J10+K10 -> 32561609
B11: 43591 | C11: 161 | D11: 1035.78 | E11: 5280 | F11: 21800 | G11: =F11+E11 -> 27080 | H11: =E11*1.5*D11 -> 8203377.6 | I11: =F11*D11 -> 22580004 | J11: =I11+H11 -> 30783382 | K11: =J11*0.024 -> 738801.16 | L11: =J11+K11 -> 31522183
B12: 43592 | C12: 161 | D12: 1035.78 | E12: 8640 | F12: 27800 | G12: =F12+E12 -> 36440 | H12: =E12*1.5*D12 -> 13423709 | I12: =F12*D12 -> 28794684 | J12: =I12+H12 -> 42218393 | K12: =J12*0.024 -> 1013241.4 | L12: =J12+K12 -> 43231634
B13: 43593 | C13: 161 | D13: 1035.78 | E13: 1680 | F13: 21320 | G13: =F13+E13 -> 23000 | H13: =E13*1.5*D13 -> 2610165.6 | I13: =F13*D13 -> 22082830 | J13: =I13+H13 -> 24692995 | K13: =J13*0.024 -> 592631.88 | L13: =J13+K13 -> 25285627
B14: 43594 | C14: 161 | D14: 1035.78 | E14: 4640 | F14: 16480 | G14: =F14+E14 -> 21120 | H14: =E14*1.5*D14 -> 7209028.8 | I14: =F14*D14 -> 17069654 | J14: =I14+H14 -> 24278683 | K14: =J14*0.024 -> 582688.4 | L14: =J14+K14 -> 24861372
B15: 43595 | C15: 161 | D15: 1035.78 | E15: 4800 | F15: 21600 | G15: =F15+E15 -> 26400 | H15: =E15*1.5*D15 -> 7457616 | I15: =F15*D15 -> 22372848 | J15: =I15+H15 -> 29830464 | K15: =J15*0.024 -> 715931.14 | L15: =J15+K15 -> 30546395
B16: 43596 | C16: 161 | D16: 1035.78 | E16: 4640 | F16: 21400 | G16: =F16+E16 -> 26040 | H16: =E16*1.5*D16 -> 7209028.8 | I16: =F16*D16 -> 22165692 | J16: =I16+H16 -> 29374721 | K16: =J16*0.024 -> 704993.3 | L16: =J16+K16 -> 30079714
B17: 43597 | C17: 161 | D17: 1035.78 | E17: 4960 | F17: 21320 | G17: =F17+E17 -> 26280 | H17: =E17*1.5*D17 -> 7706203.2 | I17: =F17*D17 -> 22082830 | J17: =I17+H17 -> 29789033 | K17: =J17*0.024 -> 714936.79 | L17: =J17+K17 -> 30503970
... B36: 43616 | C36: 161 | D36: 1035.78 | E36: 5240 | F36: 21280 | G36: =F36+E36 -> 26520 | H36: =E36*1.5*D36 -> 8141230.8 | I36: =F36*D36 -> 22041398 | J36: =I36+H36 -> 30182629 | K36: =J36*0.024 -> 724383.1 | L36: =J36+K36 -> 30907012
C37: =SUM(C6:C33) -> 4508 | E37: =SUM(E6:E36) -> 156720 | F37: =SUM(F6:F36) -> 678920 | G37: =SUM(G6:G36) -> 835640 | H37: =SUM(H6:H36) -> 2.4349116e+08 | I37: =SUM(I6:I36) -> 7.0321176e+08 | J37: =SUM(J6:J36) -> 9.4670292e+08 | K37: =SUM(K6:K36) -> 22720870 | L37: =SUM(L6:L36) -> 9.6942379e+08

Sheet Water
B1: WATER METER READING
B3: Date | C3: Month | D3: Year | E3: Metering 1 | F3: Metering 2 | G3: Total Metering
E4: M3 | F4: M3 | G4: M3
B5: 1 | C5: 5 | D5: 2019 | E5: 46 | F5: 207 | G5: =E5+F5 -> 253
B6: 2 | C6: 5 | D6: =D5 -> 2019 | E6: 74 | F6: 305 | G6: =E6+F6 -> 379
B7: 3 | C7: 5 | D7: =D6 -> 2019 | E7: 70 | F7: 299 | G7: =E7+F7 -> 369
B8: 4 | C8: 5 | D8: =D7 -> 2019 | E8: 44 | F8: 195 | G8: =E8+F8 -> 239
B9: 5 | C9: 5 | D9: =D8 -> 2019 | E9: 44 | F9: 195 | G9: =E9+F9 -> 239
B10: 6 | C10: 5 | D10: =D9 -> 2019 | E10: 65 | F10: 279 | G10: =E10+F10 -> 344
B11: 7 | C11: 5 | D11: =D10 -> 2019 | E11: 70 | F11: 371 | G11: =E11+F11 -> 441
B12: 8 | C12: 5 | D12: =D11 -> 2019 | E12: 45 | F12: 199 | G12: =E12+F12 -> 244
B13: 9 | C13: 5 | D13: =D12 -> 2019 | E13: 45 | F13: 199 | G13: =E13+F13 -> 244
B14: 10 | C14: 5 | D14: =D13 -> 2019 | E14: 84 | F14: 345 | G14: =E14+F14 -> 429
B15: 11 | C15: 5 | D15: =D14 -> 2019 | E15: 58 | F15: 241 | G15: =E15+F15 -> 299
B16: 12 | C16: 5 | D16: =D15 -> 2019 | E16: 42 | F16: 173 | G16: =E16+F16 -> 215
B17: 13 | C17: 5 | D17: =D16 -> 2019 | E17: 48 | F17: 185 | G17: =E17+F17 -> 233
... B35: 31 | C35: 5 | D35: =D34 -> 2019 | E35: 69 | F35: 243 | G35: =E35+F35 -> 312
E36: =SUM(E5:E35) -> 1820 | F36: =SUM(F5:F35) -> 7625 | G36: =SUM(G5:G35) -> 9445
G40: =E36+F36 -> 9445
B43: Unit Price | F43: Rupiah ( Rp) | G43: 12550
F46: Total Bill | G46: =G40*G43 -> 118534750
