Workbook

Sheet TOTAL
A1: Site Name | B1: Day | C1: Month | D1: Year | E1: Total Electricity Kwh | F1: Electricity Tariff ($/Kwh) | G1: Natural Gas (m3) | H1: Natural Gas $/m3 | I1: Water Utility Supply (m3) m3 | J1: Water Utility Supply (m3) $/m3 | K1: Room Nights | L1: Food Covers
A2: Hangzhou | B2: 1 | C2: 2 | D2: 2022 | E2: 11640 | F2: 0.75 | G2: 3238 | H2: 4.42 | I2: 608 | J2: 4.28 | K2: 11 | L2: =HangzhouDaily!J5 -> 0
A3: Hangzhou | B3: =B2+1 -> 2 | C3: 2 | D3: 2022 | E3: 10950 | F3: 0.75 | G3: 3320 | H3: 4.42 | I3: 254 | J3: 4.28 | K3: 5 | L3: =HangzhouDaily!J6 -> 0
A4: Hangzhou | B4: =B3+1 -> 3 | C4: 2 | D4: 2022 | E4: 11520 | F4: 0.75 | G4: 3298 | H4: 4.42 | I4: 386 | J4: 4.28 | K4: 2 | L4: =HangzhouDaily!J7 -> 0
A5: Hangzhou | B5: =B4+1 -> 4 | C5: 2 | D5: 2022 | E5: 10830 | F5: 0.75 | G5: 3310 | H5: 4.42 | I5: 373 | J5: 4.28 | K5: 4 | L5: =HangzhouDaily!J8 -> 0
A6: Hangzhou | B6: =B5+1 -> 5 | C6: 2 | D6: 2022 | E6: 11160 | F6: 0.75 | G6: 3221 | H6: 4.42 | I6: 362 | J6: 4.28 | K6: 3 | L6: =HangzhouDaily!J9 -> 0
A7: Hangzhou | B7: =B6+1 -> 6 | C7: 2 | D7: 2022 | E7: 10890 | F7: 0.75 | G7: 3368 | H7: 4.42 | I7: 436 | J7: 4.28 | K7: 4 | L7: =HangzhouDaily!J10 -> 0
A8: Hangzhou | B8: =B7+1 -> 7 | C8: 2 | D8: 2022 | E8: 10890 | F8: 0.75 | G8: 3604 | H8: 4.42 | I8: 398 | J8: 4.28 | K8: 5 | L8: =HangzhouDaily!J11 -> 0
A9: Hangzhou | B9: =B8+1 -> 8 | C9: 2 | D9: 2022 | E9: 12510 | F9: 0.75 | G9: 3480 | H9: 4.42 | I9: 440 | J9: 4.28 | K9: 8 | L9: =HangzhouDaily!J12 -> 0
A10: Hangzhou | B10: =B9+1 -> 9 | C10: 2 | D10: 2022 | E10: 11790 | F10: 0.75 | G10: 3323 | H10: 4.42 | I10: 370 | J10: 4.28 | K10: 7 | L10: =HangzhouDaily!J13 -> 0
A11: Hangzhou | B11: =B10+1 -> 10 | C11: 2 | D11: 2022 | E11: 11190 | F11: 0.75 | G11: 33556 | H11: 4.42 | I11: 406 | J11: 4.28 | K11: 8 | L11: =HangzhouDaily!J14 -> 0
A12: Hangzhou | B12: =B11+1 -> 11 | C12: 2 | D12: 2022 | E12: 11310 | F12: 0.75 | G12: 3339 | H12: 4.42 | I12: 385 | J12: 4.28 | K12: 6 | L12: =HangzhouDaily!J15 -> 0
A13: Hangzhou | B13: =B12+1 -> 12 | C13: 2 | D13: 2022 | E13: 11010 | F13: 0.75 | G13: 3408 | H13: 4.42 | I13: 404 | J13: 4.28 | K13: 7 | L13: =HangzhouDaily!J16 -> 0
A14: Hangzhou | B14: =B13+1 -> 13 | C14: 2 | D14: 2022 | E14: 11970 | F14: 0.75 | G14: 3115 | H14: 4.42 | I14: 376 | J14: 4.28 | K14: 16 | L14: =HangzhouDaily!J17 -> 0
... A21: Hangzhou | B21: =B20+1 -> 20 | C21: 2 | D21: 2022 | E21: 11250 | F21: 0.75 | G21: 3658 | H21: 4.42 | I21: 411 | J21: 4.28 | K21: 18 | L21: =HangzhouDaily!J24 -> 0
A22: Hangzhou | B22: =B21+1 -> 21 | C22: 2 | D22: 2022 | E22: =HangzhouDaily!D25 -> 0 | F22: 0.75 | G22: =HangzhouDaily!F25 -> 0 | H22: 4.42 | I22: =HangzhouDaily!H25 -> 0 | J22: 4.28 | K22: =HangzhouDaily!I25 -> 0 | L22: =HangzhouDaily!J25 -> 0
A23: Hangzhou | B23: =B22+1 -> 22 | C23: 2 | D23: 2022 | E23: =HangzhouDaily!D26 -> 0 | F23: 0.75 | G23: =HangzhouDaily!F26 -> 0 | H23: 4.42 | I23: =HangzhouDaily!H26 -> 0 | J23: 4.28 | K23: =HangzhouDaily!I26 -> 0 | L23: =HangzhouDaily!J26 -> 0
A24: Hangzhou | B24: =B23+1 -> 23 | C24: 2 | D24: 2022 | E24: =HangzhouDaily!D27 -> 0 | F24: 0.75 | G24: =HangzhouDaily!F27 -> 0 | H24: 4.42 | I24: =HangzhouDaily!H27 -> 0 | J24: 4.28 | K24: =HangzhouDaily!I27 -> 0 | L24: =HangzhouDaily!J27 -> 0
A25: Hangzhou | B25: =B24+1 -> 24 | C25: 2 | D25: 2022 | E25: =HangzhouDaily!D28 -> 0 | F25: 0.75 | G25: =HangzhouDaily!F28 -> 0 | H25: 4.42 | I25: =HangzhouDaily!H28 -> 0 | J25: 4.28 | K25: =HangzhouDaily!I28 -> 0 | L25: =HangzhouDaily!J28 -> 0
A26: Hangzhou | B26: =B25+1 -> 25 | C26: 2 | D26: 2022 | E26: =HangzhouDaily!D29 -> 0 | F26: 0.75 | G26: =HangzhouDaily!F29 -> 0 | H26: 4.42 | I26: =HangzhouDaily!H29 -> 0 | J26: 4.28 | K26: =HangzhouDaily!I29 -> 0 | L26: =HangzhouDaily!J29 -> 0
A27: Hangzhou | B27: =B26+1 -> 26 | C27: 2 | D27: 2022 | E27: =HangzhouDaily!D30 -> 0 | F27: 0.75 | G27: =HangzhouDaily!F30 -> 0 | H27: 4.42 | I27: =HangzhouDaily!H30 -> 0 | J27: 4.28 | K27: =HangzhouDaily!I30 -> 0 | L27: =HangzhouDaily!J30 -> 0
A28: Hangzhou | B28: =B27+1 -> 27 | C28: 2 | D28: 2022 | E28: =HangzhouDaily!D31 -> 0 | F28: 0.75 | G28: =HangzhouDaily!F31 -> 0 | H28: 4.42 | I28: =HangzhouDaily!H31 -> 0 | J28: 4.28 | K28: =HangzhouDaily!I31 -> 0 | L28: =HangzhouDaily!J31 -> 0
A29: Hangzhou | B29: =B28+1 -> 28 | C29: 2 | D29: 2022 | E29: =HangzhouDaily!D32 -> 0 | F29: 0.75 | G29: =HangzhouDaily!F32 -> 0 | H29: 4.42 | I29: =HangzhouDaily!H32 -> 0 | J29: 4.28 | K29: =HangzhouDaily!I32 -> 0 | L29: =HangzhouDaily!J32 -> 0

Sheet HangzhouDaily
A2: Days | C2: Electricity Meter (KWh) | E2: Gas m3 | G2: Water m3
A3: Date | C3: Reading KWH | D3: Difference KWH | E3: Reading m3 | F3: Difference KWH | G3: Reading m³ | H3: Daily Consumption m³ | I3: ROOM NIGHTS | J3: TOTAL GUESTS
A4: 44592 | C4: 1500 | E4: 796700 | G4: 348000
A5: 44593 | D5: =IF((C5-C4<0), "0",C5-C4) -> 0 | E5: 0 | F5: =IF((E5-E4<0), "0",E5-E4) -> 0 | G5: 0 | H5: =IF((G5-G4<0), "0",G5-G4) -> 0
A6: 44594 | C6: 0 | D6: =IF((C6-C5<0), "0",C6-C5) -> 0 | E6: 0 | F6: =IF((E6-E5<0), "0",E6-E5) -> 0 | G6: 0 | H6: =IF((G6-G5<0), "0",G6-G5) -> 0
A7: 44595 | C7: 0 | D7: =IF((C7-C6<0), "0",C7-C6) -> 0 | E7: 0 | F7: =IF((E7-E6<0), "0",E7-E6) -> 0 | G7: 0 | H7: =IF((G7-G6<0), "0",G7-G6) -> 0
A8: 44596 | C8: 0 | D8: =IF((C8-C7<0), "0",C8-C7) -> 0 | E8: 0 | F8: =IF((E8-E7<0), "0",E8-E7) -> 0 | G8: 0 | H8: =IF((G8-G7<0), "0",G8-G7) -> 0
A9: 44597 | C9: 0 | D9: =IF((C9-C8<0), "0",C9-C8) -> 0 | E9: 0 | F9: =IF((E9-E8<0), "0",E9-E8) -> 0 | G9: 0 | H9: =IF((G9-G8<0), "0",G9-G8) -> 0
A10: 44598 | C10: 0 | D10: =IF((C10-C9<0), "0",C10-C9) -> 0 | E10: 0 | F10: =IF((E10-E9<0), "0",E10-E9) -> 0 | G10: 0 | H10: =IF((G10-G9<0), "0",G10-G9) -> 0
A11: 44599 | C11: 0 | D11: =IF((C11-C10<0), "0",C11-C10) -> 0 | E11: 0 | F11: =IF((E11-E10<0), "0",E11-E10) -> 0 | G11: 0 | H11: =IF((G11-G10<0), "0",G11-G10) -> 0
A12: 44600 | C12: 0 | D12: =IF((C12-C11<0), "0",C12-C11) -> 0 | E12: 0 | F12: =IF((E12-E11<0), "0",E12-E11) -> 0 | G12: 0 | H12: =IF((G12-G11<0), "0",G12-G11) -> 0
A13: 44601 | C13: 0 | D13: =IF((C13-C12<0), "0",C13-C12) -> 0 | E13: 0 | F13: =IF((E13-E12<0), "0",E13-E12) -> 0 | G13: 0 | H13: =IF((G13-G12<0), "0",G13-G12) -> 0
A14: 44602 | C14: 0 | D14: =IF((C14-C13<0), "0",C14-C13) -> 0 | E14: 0 | F14: =IF((E14-E13<0), "0",E14-E13) -> 0 | G14: 0 | H14: =IF((G14-G13<0), "0",G14-G13) -> 0
A15: 44603 | C15: 0 | D15: =IF((C15-C14<0), "0",C15-C14) -> 0 | E15: 0 | F15: =IF((E15-E14<0), "0",E15-E14) -> 0 | G15: 0 | H15: =IF((G15-G14<0), "0",G15-G14) -> 0
A16: 44604 | C16: 0 | D16: =IF((C16-C15<0), "0",C16-C15) -> 0 | E16: 0 | F16: =IF((E16-E15<0), "0",E16-E15) -> 0 | G16: 0 | H16: =IF((G16-G15<0), "0",G16-G15) -> 0
A17: 44605 | C17: 0 | D17: =IF((C17-C16<0), "0",C17-C16) -> 0 | E17: 0 | F17: =IF((E17-E16<0), "0",E17-E16) -> 0 | G17: 0 | H17: =IF((G17-G16<0), "0",G17-G16) -> 0
... A32: 44620 | C32: 0 | D32: =IF((C32-C31<0), "0",C32-C31) -> 0 | E32: 0 | F32: =IF((E32-E31<0), "0",E32-E31) -> 0 | G32: 0 | H32: =IF((G32-G31<0), "0",G32-G31) -> 0

Sheet 2023.1
A1: Site Name | B1: Day | C1: Month | D1: Year | E1: Total Electricity Kwh | F1: Electricity Tariff ($/Kwh) | G1: Natural Gas (m3) | H1: Natural Gas $/m3 | I1: Water Utility Supply (m3) m3 | J1: Water Utility Supply (m3) $/m3 | K1: Room Nights | L1: Food Covers
A2: Tianjin | B2: 1 | C2: 1 | D2: 2023 | E2: 16987 | F2: 0.78 | G2: 5184 | H2: 4.16 | I2: 165 | J2: 8.47 | K2: 156 | L2: 512
A3: Tianjin | B3: =B2+1 -> 2 | C3: 1 | D3: 2023 | E3: 15752 | F3: 0.78 | G3: 5492 | H3: 4.16 | I3: 123 | J3: 8.47 | K3: 64 | L3: 373
A4: Tianjin | B4: =B3+1 -> 3 | C4: 1 | D4: 2023 | E4: 15032 | F4: 0.78 | G4: 5143 | H4: 4.16 | I4: 88 | J4: 8.47 | K4: 81 | L4: 181
A5: Tianjin | B5: =B4+1 -> 4 | C5: 1 | D5: 2023 | E5: 16159 | F5: 0.78 | G5: 5647 | H5: 4.16 | I5: 97 | J5: 8.47 | K5: 101 | L5: 410
A6: Tianjin | B6: =B5+1 -> 5 | C6: 1 | D6: 2023 | E6: 15468 | F6: 0.78 | G6: 4921 | H6: 4.16 | I6: 178 | J6: 8.47 | K6: 115 | L6: 252
A7: Tianjin | B7: =B6+1 -> 6 | C7: 1 | D7: 2023 | E7: 16329 | F7: 0.78 | G7: 5530 | H7: 4.16 | I7: 103 | J7: 8.47 | K7: 124 | L7: 504
A8: Tianjin | B8: =B7+1 -> 7 | C8: 1 | D8: 2023 | E8: 16907 | F8: 0.78 | G8: 5491 | H8: 4.16 | I8: 146 | J8: 8.47 | K8: 133 | L8: 597
A9: Tianjin | B9: =B8+1 -> 8 | C9: 1 | D9: 2023 | E9: 15774 | F9: 0.78 | G9: 4622 | H9: 4.16 | I9: 214 | J9: 8.47 | K9: 88 | L9: 310
A10: Tianjin | B10: =B9+1 -> 9 | C10: 1 | D10: 2023 | E10: 14556 | F10: 0.78 | G10: 4294 | H10: 4.16 | I10: 105 | J10: 8.47 | K10: 102 | L10: 184
A11: Tianjin | B11: =B10+1 -> 10 | C11: 1 | D11: 2023 | E11: 15702 | F11: 0.78 | G11: 4605 | H11: 4.16 | I11: 39 | J11: 8.47 | K11: 113 | L11: 336
A12: Tianjin | B12: =B11+1 -> 11 | C12: 1 | D12: 2023 | E12: 16609 | F12: 0.78 | G12: 4203 | H12: 4.16 | I12: 170 | J12: 8.47 | K12: 188 | L12: 385
A13: Tianjin | B13: =B12+1 -> 12 | C13: 1 | D13: 2023 | E13: 17865 | F13: 0.78 | G13: 5661 | H13: 4.16 | I13: 132 | J13: 8.47 | K13: 227 | L13: 812
A14: Tianjin | B14: =B13+1 -> 13 | C14: 1 | D14: 2023 | E14: 18480 | F14: 0.78 | G14: 5356 | H14: 4.16 | I14: 251 | J14: 8.47 | K14: 217 | L14: 1069
... A32: Tianjin | B32: =B31+1 -> 31 | C32: 1 | D32: 2023 | E32: 14588 | F32: 0.78 | G32: 4247 | H32: 4.16 | I32: 103 | J32: 8.47 | K32: 126 | L32: 306
