Workbook

Sheet TOTAL
A1: Site Name | B1: Day | C1: Month | D1: Year | E1: Total Electricity Kwh | F1: Electricity Tariff ($/Kwh) | G1: Natual Gas (m3) | H1: Natural Gas $/m3 | I1: Water Utility Supply (m3) m3 | J1: Water Utility Supply (m3) $/m3 | K1: Room Nights | L1: Food Covers
A2: Shenzhen | B2: 1 | C2: 9 | D2: 2022 | E2: 26242 | F2: 0.7333 | G2: ='Shenzhen Daily'!F5 -> 853 | H2: 4.39 | I2: ='Shenzhen Daily'!H5 -> 253 | J2: 5.09 | K2: ='Shenzhen Daily'!I5 -> 76.5814 | L2: ='Shenzhen Daily'!J5 -> 57
A3: Shenzhen | B3: =B2+1 -> 2 | C3: 9 | D3: 2022 | E3: 24385 | F3: 0.7333 | G3: ='Shenzhen Daily'!F6 -> 838 | H3: 4.39 | I3: ='Shenzhen Daily'!H6 -> 413 | J3: 5.09 | K3: ='Shenzhen Daily'!I6 -> 49.3696 | L3: ='Shenzhen Daily'!J6 -> 24
A4: Shenzhen | B4: =B3+1 -> 3 | C4: 9 | D4: 2022 | E4: 22709 | F4: 0.7333 | G4: ='Shenzhen Daily'!F7 -> 722 | H4: 4.39 | I4: ='Shenzhen Daily'!H7 -> 146 | J4: 5.09 | K4: ='Shenzhen Daily'!I7 -> 48.3588 | L4: ='Shenzhen Daily'!J7 -> 39
A5: Shenzhen | B5: =B4+1 -> 4 | C5: 9 | D5: 2022 | E5: 22920 | F5: 0.7333 | G5: ='Shenzhen Daily'!F8 -> 726 | H5: 4.39 | I5: ='Shenzhen Daily'!H8 -> 267 | J5: 5.09 | K5: ='Shenzhen Daily'!I8 -> 34.2608 | L5: ='Shenzhen Daily'!J8 -> 31
A6: Shenzhen | B6: =B5+1 -> 5 | C6: 9 | D6: 2022 | E6: 23993 | F6: 0.7333 | G6: ='Shenzhen Daily'!F9 -> 799 | H6: 4.39 | I6: ='Shenzhen Daily'!H9 -> 308 | J6: 5.09 | K6: ='Shenzhen Daily'!I9 -> 27.2118 | L6: ='Shenzhen Daily'!J9 -> 51
A7: Shenzhen | B7: =B6+1 -> 6 | C7: 9 | D7: 2022 | E7: 26244 | F7: 0.7333 | G7: ='Shenzhen Daily'!F10 -> 845 | H7: 4.39 | I7: ='Shenzhen Daily'!H10 -> 315 | J7: 5.09 | K7: ='Shenzhen Daily'!I10 -> 34.2608 | L7: ='Shenzhen Daily'!J10 -> 90
A8: Shenzhen | B8: =B7+1 -> 7 | C8: 9 | D8: 2022 | E8: 26839 | F8: 0.7333 | G8: ='Shenzhen Daily'!F11 -> 850 | H8: 4.39 | I8: ='Shenzhen Daily'!H11 -> 276 | J8: 5.09 | K8: ='Shenzhen Daily'!I11 -> 41.3098 | L8: ='Shenzhen Daily'!J11 -> 72
A9: Shenzhen | B9: =B8+1 -> 8 | C9: 9 | D9: 2022 | E9: 25822 | F9: 0.7333 | G9: ='Shenzhen Daily'!F12 -> 844 | H9: 4.39 | I9: ='Shenzhen Daily'!H12 -> 337 | J9: 5.09 | K9: ='Shenzhen Daily'!I12 -> 44.3422 | L9: ='Shenzhen Daily'!J12 -> 95
A10: Shenzhen | B10: =B9+1 -> 9 | C10: 9 | D10: 2022 | E10: 25820 | F10: 0.7333 | G10: ='Shenzhen Daily'!F13 -> 830 | H10: 4.39 | I10: ='Shenzhen Daily'!H13 -> 297 | J10: 5.09 | K10: ='Shenzhen Daily'!I13 -> 47.348 | L10: ='Shenzhen Daily'!J13 -> 170
A11: Shenzhen | B11: =B10+1 -> 10 | C11: 9 | D11: 2022 | E11: 26835 | F11: 0.7333 | G11: ='Shenzhen Daily'!F14 -> 913 | H11: 4.39 | I11: ='Shenzhen Daily'!H14 -> 325 | J11: 5.09 | K11: ='Shenzhen Daily'!I14 -> 42.3206 | L11: ='Shenzhen Daily'!J14 -> 258
A12: Shenzhen | B12: =B11+1 -> 11 | C12: 9 | D12: 2022 | E12: 28411 | F12: 0.7333 | G12: ='Shenzhen Daily'!F15 -> 908 | H12: 4.39 | I12: ='Shenzhen Daily'!H15 -> 316 | J12: 5.09 | K12: ='Shenzhen Daily'!I15 -> 36.2824 | L12: ='Shenzhen Daily'!J15 -> 140
A13: Shenzhen | B13: =B12+1 -> 12 | C13: 9 | D13: 2022 | E13: 25768 | F13: 0.7333 | G13: ='Shenzhen Daily'!F16 -> 992 | H13: 4.39 | I13: ='Shenzhen Daily'!H16 -> 281 | J13: 5.09 | K13: ='Shenzhen Daily'!I16 -> 41.3098 | L13: ='Shenzhen Daily'!J16 -> 195
A14: Shenzhen | B14: =B13+1 -> 13 | C14: 9 | D14: 2022 | E14: 26896 | F14: 0.7333 | G14: ='Shenzhen Daily'!F17 -> 861 | H14: 4.39 | I14: ='Shenzhen Daily'!H17 -> 307 | J14: 5.09 | K14: ='Shenzhen Daily'!I17 -> 33.25 | L14: ='Shenzhen Daily'!J17 -> 75
... A31: Shenzhen | B31: =B30+1 -> 30 | C31: 9 | D31: 2022 | E31: 29464 | F31: 0.7333 | G31: ='Shenzhen Daily'!F34 -> 920 | H31: 4.39 | I31: ='Shenzhen Daily'!H34 -> 345 | J31: 5.09 | K31: ='Shenzhen Daily'!I34 -> 69.5324 | L31: ='Shenzhen Daily'!J34 -> 184

Sheet Shenzhen Daily
A2: Days | C2: Electricity Meter (KWh) | E2: Gas m3 | G2: Water m3
A3: Date | C3: Reading KWH | D3: Difference KWH | E3: Reading m3 | F3: Difference KWH | G3: Reading m³ | H3: Daily Consumption m³ | I3: ROOM NIGHTS | J3: TOTAL GUESTS
A4: 44804 | C4: 32370.67 | E4: 3304415 | G4: 636533 | I4: 97 | J4: 94
A5: 44805 | C5: 32389.48 | D5: =IF((C5-C4<0), "0",C5-C4) -> 18.81 | E5: 3305268 | F5: =IF((E5-E4<0), "0",E5-E4) -> 853 | G5: 636786 | H5: =IF((G5-G4<0), "0",G5-G4) -> 253 | I5: 76.5814 | J5: 57
A6: 44806 | C6: 32406.56 | D6: =IF((C6-C5<0), "0",C6-C5) -> 17.08 | E6: 3306106 | F6: =IF((E6-E5<0), "0",E6-E5) -> 838 | G6: 637199 | H6: =IF((G6-G5<0), "0",G6-G5) -> 413 | I6: 49.3696 | J6: 24
A7: 44807 | C7: 32421.87 | D7: =IF((C7-C6<0), "0",C7-C6) -> 15.31 | E7: 3306828 | F7: =IF((E7-E6<0), "0",E7-E6) -> 722 | G7: 637345 | H7: =IF((G7-G6<0), "0",G7-G6) -> 146 | I7: 48.3588 | J7: 39
A8: 44808 | C8: 32437.23 | D8: =IF((C8-C7<0), "0",C8-C7) -> 15.36 | E8: 3307554 | F8: =IF((E8-E7<0), "0",E8-E7) -> 726 | G8: 637612 | H8: =IF((G8-G7<0), "0",G8-G7) -> 267 | I8: 34.2608 | J8: 31
A9: 44809 | C9: 32454.82 | D9: =IF((C9-C8<0), "0",C9-C8) -> 17.59 | E9: 3308353 | F9: =IF((E9-E8<0), "0",E9-E8) -> 799 | G9: 637920 | H9: =IF((G9-G8<0), "0",G9-G8) -> 308 | I9: 27.2118 | J9: 51
A10: 44810 | C10: 32474 | D10: =IF((C10-C9<0), "0",C10-C9) -> 19.18 | E10: 3309198 | F10: =IF((E10-E9<0), "0",E10-E9) -> 845 | G10: 638235 | H10: =IF((G10-G9<0), "0",G10-G9) -> 315 | I10: 34.2608 | J10: 90
A11: 44811 | C11: 32493.48 | D11: =IF((C11-C10<0), "0",C11-C10) -> 19.48 | E11: 3310048 | F11: =IF((E11-E10<0), "0",E11-E10) -> 850 | G11: 638511 | H11: =IF((G11-G10<0), "0",G11-G10) -> 276 | I11: 41.3098 | J11: 72
A12: 44812 | C12: 32512.54 | D12: =IF((C12-C11<0), "0",C12-C11) -> 19.06 | E12: 3310892 | F12: =IF((E12-E11<0), "0",E12-E11) -> 844 | G12: 638848 | H12: =IF((G12-G11<0), "0",G12-G11) -> 337 | I12: 44.3422 | J12: 95
A13: 44813 | C13: 32531.13 | D13: =IF((C13-C12<0), "0",C13-C12) -> 18.59 | E13: 3311722 | F13: =IF((E13-E12<0), "0",E13-E12) -> 830 | G13: 639145 | H13: =IF((G13-G12<0), "0",G13-G12) -> 297 | I13: 47.348 | J13: 170
A14: 44814 | C14: 32550.9 | D14: =IF((C14-C13<0), "0",C14-C13) -> 19.77 | E14: 3312635 | F14: =IF((E14-E13<0), "0",E14-E13) -> 913 | G14: 639470 | H14: =IF((G14-G13<0), "0",G14-G13) -> 325 | I14: 42.3206 | J14: 258
A15: 44815 | C15: 32571.69 | D15: =IF((C15-C14<0), "0",C15-C14) -> 20.79 | E15: 3313543 | F15: =IF((E15-E14<0), "0",E15-E14) -> 908 | G15: 639786 | H15: =IF((G15-G14<0), "0",G15-G14) -> 316 | I15: 36.2824 | J15: 140
A16: 44816 | C16: 32590.41 | D16: =IF((C16-C15<0), "0",C16-C15) -> 18.72 | E16: 3314535 | F16: =IF((E16-E15<0), "0",E16-E15) -> 992 | G16: 640067 | H16: =IF((G16-G15<0), "0",G16-G15) -> 281 | I16: 41.3098 | J16: 195
... A34: 44834 | C34: 33024.87 | D34: =IF((C34-C33<0), "0",C34-C33) -> 24.22 | E34: 3332565 | F34: =IF((E34-E33<0), "0",E34-E33) -> 920 | G34: 646747 | H34: =IF((G34-G33<0), "0",G34-G33) -> 345 | I34: 69.5324 | J34: 184
E35: 0
