Workbook

Sheet TOTAL
A1: Site Name | B1: Day | C1: Month | D1: Year | E1: Total Electricity Kwh | F1: Peak hour Kwh | G1: Low Peak Hour Kwh | H1: Electricity Tariff Peak Hour ($/Kwh) | I1: Electricity Tariff Low Peak Hour ($/Kwh) | J1: Electricity Total Tariff (Rupiah) | K1: Electricity Tariff ($/Kwh) | L1: Water Utility Supply (m3) m3 | M1: Water Utility Supply (m3) $/m3 | N1: Water Utility Supply (Rupiah) | O1: Room Nights
A2: Jakarta Private Residences | B2: 1 | C2: 9 | D2: 2021 | E2: =Electricity!G6 -> 25960 | F2: =Electricity!E6 -> 4880 | G2: =Electricity!F6 -> 21080 | H2: 1553.67 | I2: 1035.78 | J2: =Electricity!L6 -> 30122140 | K2: =J2/E2 -> 1160.329 | L2: =Water!G5 -> 395 | M2: 12550 | N2: =M2*L2 -> 4957250 | O2: 161
A3: Jakarta Private Residences | B3: 2 | C3: 9 | D3: 2021 | E3: =Electricity!G7 -> 25920 | F3: =Electricity!E7 -> 4760 | G3: =Electricity!F7 -> 21160 | H3: 1553.67 | I3: 1035.78 | J3: =Electricity!L7 -> 30016076 | K3: =J3/E3 -> 1158.0276 | L3: =Water!G6 -> 359 | M3: 12550 | N3: =M3*L3 -> 4505450 | O3: 161
A4: Jakarta Private Residences | B4: 3 | C4: 9 | D4: 2021 | E4: =Electricity!G8 -> 25680 | F4: =Electricity!E8 -> 4720 | G4: =Electricity!F8 -> 20960 | H4: 1553.67 | I4: 1035.78 | J4: =Electricity!L8 -> 29740310 | K4: =J4/E4 -> 1158.1117 | L4: =Water!G7 -> 386 | M4: 12550 | N4: =M4*L4 -> 4844300 | O4: 161
A5: Jakarta Private Residences | B5: 4 | C5: 9 | D5: 2021 | E5: =Electricity!G9 -> 25120 | F5: =Electricity!E9 -> 4480 | G5: =Electricity!F9 -> 20640 | H5: 1553.67 | I5: 1035.78 | J5: =Electricity!L9 -> 29019075 | K5: =J5/E5 -> 1155.218 | L5: =Water!G8 -> 388 | M5: 12550 | N5: =M5*L5 -> 4869400 | O5: 161
A6: Jakarta Private Residences | B6: 5 | C6: 9 | D6: 2021 | E6: =Electricity!G10 -> 26480 | F6: =Electricity!E10 -> 4600 | G6: =Electricity!F10 -> 21880 | H6: 1553.67 | I6: 1035.78 | J6: =Electricity!L10 -> 30525182 | K6: =J6/E6 -> 1152.7637 | L6: =Water!G9 -> 309 | M6: 12550 | N6: =M6*L6 -> 3877950 | O6: 161
A7: Jakarta Private Residences | B7: 6 | C7: 9 | D7: 2021 | E7: =Electricity!G11 -> 22800 | F7: =Electricity!E11 -> 4560 | G7: =Electricity!F11 -> 18240 | H7: 1553.67 | I7: 1035.78 | J7: =Electricity!L11 -> 26600819 | K7: =J7/E7 -> 1166.7026 | L7: =Water!G10 -> 338 | M7: 12550 | N7: =M7*L7 -> 4241900 | O7: 161
A8: Jakarta Private Residences | B8: 7 | C8: 9 | D8: 2021 | E8: =Electricity!G12 -> 25840 | F8: =Electricity!E12 -> 4600 | G8: =Electricity!F12 -> 21240 | H8: 1553.67 | I8: 1035.78 | J8: =Electricity!L12 -> 29846374 | K8: =J8/E8 -> 1155.0454 | L8: =Water!G11 -> 370 | M8: 12550 | N8: =M8*L8 -> 4643500 | O8: 161
A9: Jakarta Private Residences | B9: 8 | C9: 9 | D9: 2021 | E9: =Electricity!G13 -> 26800 | F9: =Electricity!E13 -> 5360 | G9: =Electricity!F13 -> 21440 | H9: 1553.67 | I9: 1035.78 | J9: =Electricity!L13 -> 31267629 | K9: =J9/E9 -> 1166.7026 | L9: =Water!G12 -> 309 | M9: 12550 | N9: =M9*L9 -> 3877950 | O9: 161
A10: Jakarta Private Residences | B10: 9 | C10: 9 | D10: 2021 | E10: =Electricity!G14 -> 23360 | F10: =Electricity!E14 -> 3600 | G10: =Electricity!F14 -> 19760 | H10: 1553.67 | I10: 1035.78 | J10: =Electricity!L14 -> 26685670 | K10: =J10/E10 -> 1142.366 | L10: =Water!G13 -> 348 | M10: 12550 | N10: =M10*L10 -> 4367400 | O10: 161
A11: Jakarta Private Residences | B11: 10 | C11: 9 | D11: 2021 | E11: =Electricity!G15 -> 24320 | F11: =Electricity!E15 -> 4400 | G11: =Electricity!F15 -> 19920 | H11: 1553.67 | I11: 1035.78 | J11: =Electricity!L15 -> 28128139 | K11: =J11/E11 -> 1156.5847 | L11: =Water!G14 -> 367 | M11: 12550 | N11: =M11*L11 -> 4605850 | O11: 161
A12: Jakarta Private Residences | B12: 11 | C12: 9 | D12: 2021 | E12: =Electricity!G16 -> 24760 | F12: =Electricity!E16 -> 4400 | G12: =Electricity!F16 -> 20360 | H12: 1553.67 | I12: 1035.78 | J12: =Electricity!L16 -> 28594820 | K12: =J12/E12 -> 1154.8796 | L12: =Water!G15 -> 302 | M12: 12550 | N12: =M12*L12 -> 3790100 | O12: 161
A13: Jakarta Private Residences | B13: 12 | C13: 9 | D13: 2021 | E13: =Electricity!G17 -> 25280 | F13: =Electricity!E17 -> 4560 | G13: =Electricity!F17 -> 20720 | H13: 1553.67 | I13: 1035.78 | J13: =Electricity!L17 -> 29231203 | K13: =J13/E13 -> 1156.2976 | L13: =Water!G16 -> 352 | M13: 12550 | N13: =M13*L13 -> 4417600 | O13: 161
... A31: Jakarta Private Residences | B31: 30 | C31: 9 | D31: 2021 | E31: =Electricity!G35 -> 26480 | F31: =Electricity!E35 -> 4960 | G31: =Electricity!F35 -> 21520 | H31: 1553.67 | I31: 1035.78 | J31: =Electricity!L35 -> 30716097 | K31: =J31/E31 -> 1159.9735 | L31: =Water!G34 -> 278 | M31: 12550 | N31: =M31*L31 -> 3488900 | O31: 161

Sheet Electricity
B1: Electricity Distribution 2021
B2: Date | C2: Total Unit 235 | D2: Cost per kWh in Rupiah ( Rp) | E2: DAILY ELECTRICITY METER
E3: Peak Hour | F3: Low Peak Hour | G3: Total Metering | H3: Total Cost | K3: Tax for public service 2.4% | L3: TOTAL BILL
E4: ( 17:01-22:00) | F4: ( 22:01 -17:00) | G4: 24 Hour | H4: Peak Hour | I4: Low Peak Hour | J4: Total (Rp)
C5: OCC unit Apt | D5: 1035.78 | E5: kWh | F5: kWh | G5: kWh | H5: Rupiah | I5: Rupiah | J5: Rupiah | K5: Rupiah | L5: Rupiah
B6: 44440 | C6: 161 | D6: 1035.78 | E6: 4880 | F6: 21080 | G6: =F6+E6 -> 25960 | H6: =E6*1.5*D6 -> 7581909.6 | I6: =F6*D6 -> 21834242 | J6: =I6+H6 -> 29416152 | K6: =J6*0.024 -> 705987.65 | L6: =J6+K6 -> 30122140
B7: 44441 | C7: 161 | D7: 1035.78 | E7: 4760 | F7: 21160 | G7: =F7+E7 -> 25920 | H7: =E7*1.5*D7 -> 7395469.2 | I7: =F7*D7 -> 21917105 | J7: =I7+H7 -> 29312574 | K7: =J7*0.024 -> 703501.78 | L7: =J7+K7 -> 30016076
B8: 44442 | C8: 161 | D8: 1035.78 | E8: 4720 | F8: 20960 | G8: =F8+E8 -> 25680 | H8: =E8*1.5*D8 -> 7333322.4 | I8: =F8*D8 -> 21709949 | J8: =I8+H8 -> 29043271 | K8: =J8*0.024 -> 697038.51 | L8: =J8+K8 -> 29740310
B9: 44443 | C9: 161 | D9: 1035.78 | E9: 4480 | F9: 20640 | G9: =F9+E9 -> 25120 | H9: =E9*1.5*D9 -> 6960441.6 | I9: =F9*D9 -> 21378499 | J9: =I9+H9 -> 28338941 | K9: =J9*0.024 -> 680134.58 | L9: =J9+K9 -> 29019075
B10: 44444 | C10: 161 | D10: 1035.78 | E10: 4600 | F10: 21880 | G10: =F10+E10 -> 26480 | H10: =E10*1.5*D10 -> 7146882 | I10: =F10*D10 -> 22662866 | J10: =I10+H10 -> 29809748 | K10: =J10*0.024 -> 715433.96 | L10: =J10+K10 -> 30525182
B11: 44445 | C11: 161 | D11: 1035.78 | E11: 4560 | F11: 18240 | G11: =F11+E11 -> 22800 | H11: =E11*1.5*D11 -> 7084735.2 | I11: =F11*D11 -> 18892627 | J11: =I11+H11 -> 25977362 | K11: =J11*0.024 -> 623456.7 | L11: =J11+K11 -> 26600819
B12: 44446 | C12: 161 | D12: 1035.78 | E12: 4600 | F12: 21240 | G12: =F12+E12 -> 25840 | H12: =E12*1.5*D12 -> 7146882 | I12: =F12*D12 -> 21999967 | J12: =I12+H12 -> 29146849 | K12: =J12*0.024 -> 699524.38 | L12: =J12+K12 -> 29846374
B13: 44447 | C13: 161 | D13: 1035.78 | E13: 5360 | F13: 21440 | G13: =F13+E13 -> 26800 | H13: =E13*1.5*D13 -> 8327671.2 | I13: =F13*D13 -> 22207123 | J13: =I13+H13 -> 30534794 | K13: =J13*0.024 -> 732835.07 | L13: =J13+K13 -> 31267629
B14: 44448 | C14: 161 | D14: 1035.78 | E14: 3600 | F14: 19760 | G14: =F14+E14 -> 23360 | H14: =E14*1.5*D14 -> 5593212 | I14: =F14*D14 -> 20467013 | J14: =I14+H14 -> 26060225 | K14: =J14*0.024 -> 625445.4 | L14: =J14+K14 -> 26685670
B15: 44449 | C15: 161 | D15: 1035.78 | E15: 4400 | F15: 19920 | G15: =F15+E15 -> 24320 | H15: =E15*1.5*D15 -> 6836148 | I15: =F15*D15 -> 20632738 | J15: =I15+H15 -> 27468886 | K15: =J15*0.024 -> 659253.25 | L15: =J15+K15 -> 28128139
B16: 44450 | C16: 161 | D16: 1035.78 | E16: 4400 | F16: 20360 | G16: =F16+E16 -> 24760 | H16: =E16*1.5*D16 -> 6836148 | I16: =F16*D16 -> 21088481 | J16: =I16+H16 -> 27924629 | K16: =J16*0.024 -> 670191.09 | L16: =J16+K16 -> 28594820
B17: 44451 | C17: 161 | D17: 1035.78 | E17: 4560 | F17: 20720 | G17: =F17+E17 -> 25280 | H17: =E17*1.5*D17 -> 7084735.2 | I17: =F17*D17 -> 21461362 | J17: =I17+H17 -> 28546097 | K17: =J17*0.024 -> 685106.32 | L17: =J17+K17 -> 29231203
... B35: 44469 | C35: 161 | D35: 1035.78 | E35: 4960 | F35: 21520 | G35: =F35+E35 -> 26480 | H35: =E35*1.5*D35 -> 7706203.2 | I35: =F35*D35 -> 22289986 | J35: =I35+H35 -> 29996189 | K35: =J35*0.024 -> 719908.53 | L35: =J35+K35 -> 30716097
C36: =SUM(C6:C33) -> 4508 | E36: =SUM(E6:E35) -> 137560 | F36: =SUM(F6:F35) -> 619880 | G36: =SUM(G6:G35) -> 757440 | H36: =SUM(H6:H35) -> 2.1372285e+08 | I36: =SUM(I6:I35) -> 6.4205931e+08 | J36: =SUM(J6:J35) -> 8.5578215e+08 | K36: =SUM(K6:K35) -> 20538772 | L36: =SUM(L6:L35) -> 8.7632092e+08

Sheet Water
B1: WATER METER READING
B3: Date | C3: Month | D3: Year | E3: Metering 1 | F3: Metering 2 | G3: Total Metering
E4: M3 | F4: M3 | G4: M3
B5: 1 | C5: 9 | D5: 2021 | E5: 7 | F5: 388 | G5: =E5+F5 -> 395
B6: 2 | C6: 9 | D6: 2021 | E6: 6 | F6: 353 | G6: =E6+F6 -> 359
B7: 3 | C7: 9 | D7: 2021 | E7: 7 | F7: 379 | G7: =E7+F7 -> 386
B8: 4 | C8: 9 | D8: 2021 | E8: 6 | F8: 382 | G8: =E8+F8 -> 388
B9: 5 | C9: 9 | D9: 2021 | E9: 6 | F9: 303 | G9: =E9+F9 -> 309
B10: 6 | C10: 9 | D10: 2021 | E10: 6 | F10: 332 | G10: =E10+F10 -> 338
B11: 7 | C11: 9 | D11: 2021 | E11: 7 | F11: 363 | G11: =E11+F11 -> 370
B12: 8 | C12: 9 | D12: 2021 | E12: 5 | F12: 304 | G12: =E12+F12 -> 309
B13: 9 | C13: 9 | D13: 2021 | E13: 6 | F13: 342 | G13: =E13+F13 -> 348
B14: 10 | C14: 9 | D14: 2021 | E14: 6 | F14: 361 | G14: =E14+F14 -> 367
B15: 11 | C15: 9 | D15: 2021 | E15: 6 | F15: 296 | G15: =E15+F15 -> 302
B16: 12 | C16: 9 | D16: 2021 | E16: 5 | F16: 347 | G16: =E16+F16 -> 352
... B34: 30 | C34: 9 | D34: 2021 | E34: 4 | F34: 274 | G34: =E34+F34 -> 278
E35: =SUM(E5:E34) -> 157 | F35: =SUM(F5:F34) -> 9581 | G35: =SUM(G5:G34) -> 9738
G39: =G35 -> 9738
B42: Unit Price | F42: Rupiah ( Rp) | G42: 12550
F45: Total Bill | G45: =G39*G42 -> 122211900
