Workbook

Sheet TOTAL
A1: Site Name | B1: Day | C1: Month | D1: Year | E1: Total Electricity Kwh | F1: Peak hour Kwh | G1: Low Peak Hour Kwh | H1: Electricity Tariff Peak Hour ($/Kwh) | I1: Electricity Tariff Low Peak Hour ($/Kwh) | J1: Electricity Total Tariff (Rupiah) | K1: Electricity Tariff ($/Kwh) | L1: Water Utility Supply (m3) m3 | M1: Water Utility Supply (m3) $/m3 | N1: Water Utility Supply (Rupiah) | O1: Room Nights
A2: Jakarta Private Residences | B2: 1 | C2: 5 | D2: =Water!D5 -> 2020 | E2: =Electricity!G6 -> 10640 | F2: =Electricity!E6 -> 1400 | G2: =Electricity!F6 -> 9240 | H2: 1553.67 | I2: 1035.78 | J2: =Electricity!L6 -> 12027643 | K2: =J2/E2 -> 1130.4176 | L2: =Water!G5 -> 313 | M2: 12550 | N2: =TOTAL!L2*TOTAL!M2 -> 3928150 | O2: =Electricity!C6 -> 170
A3: Jakarta Private Residences | B3: 2 | C3: 5 | D3: =Water!D6 -> 2020 | E3: =Electricity!G7 -> 27520 | F3: =Electricity!E7 -> 5360 | G3: =Electricity!F7 -> 22160 | H3: 1553.67 | I3: 1035.78 | J3: =Electricity!L7 -> 32031289 | K3: =J3/E3 -> 1163.9277 | L3: =Water!G6 -> 277 | M3: 12550 | N3: =TOTAL!L3*TOTAL!M3 -> 3476350 | O3: =O2 -> 170
A4: Jakarta Private Residences | B4: 3 | C4: 5 | D4: =Water!D7 -> 2020 | E4: =Electricity!G8 -> 27120 | F4: =Electricity!E8 -> 5200 | G4: =Electricity!F8 -> 21920 | H4: 1553.67 | I4: 1035.78 | J4: =Electricity!L8 -> 31522183 | K4: =J4/E4 -> 1162.3224 | L4: =Water!G7 -> 277 | M4: 12550 | N4: =TOTAL!L4*TOTAL!M4 -> 3476350 | O4: =O3 -> 170
A5: Jakarta Private Residences | B5: 4 | C5: 5 | D5: =Water!D8 -> 2020 | E5: =Electricity!G9 -> 27400 | F5: =Electricity!E9 -> 5440 | G5: =Electricity!F9 -> 21960 | H5: 1553.67 | I5: 1035.78 | J5: =Electricity!L9 -> 31946438 | K5: =J5/E5 -> 1165.9284 | L5: =Water!G8 -> 280 | M5: 12550 | N5: =TOTAL!L5*TOTAL!M5 -> 3514000 | O5: =O4 -> 170
A6: Jakarta Private Residences | B6: 5 | C6: 5 | D6: =Water!D9 -> 2020 | E6: =Electricity!G10 -> 25520 | F6: =Electricity!E10 -> 2720 | G6: =Electricity!F10 -> 22800 | H6: 1553.67 | I6: 1035.78 | J6: =Electricity!L10 -> 28509969 | K6: =J6/E6 -> 1117.1618 | L6: =Water!G9 -> 338 | M6: 12550 | N6: =TOTAL!L6*TOTAL!M6 -> 4241900 | O6: =O5 -> 170
A7: Jakarta Private Residences | B7: 6 | C7: 5 | D7: =Water!D10 -> 2020 | E7: =Electricity!G11 -> 30200 | F7: =Electricity!E11 -> 8080 | G7: =Electricity!F11 -> 22120 | H7: 1553.67 | I7: 1035.78 | J7: =Electricity!L11 -> 36316270 | K7: =J7/E7 -> 1202.5255 | L7: =Water!G10 -> 465 | M7: 12550 | N7: =TOTAL!L7*TOTAL!M7 -> 5835750 | O7: =O6 -> 170
A8: Jakarta Private Residences | B8: 7 | C8: 5 | D8: =Water!D11 -> 2020 | E8: =Electricity!G12 -> 28080 | F8: =Electricity!E12 -> 5240 | G8: =Electricity!F12 -> 22840 | H8: 1553.67 | I8: 1035.78 | J8: =Electricity!L12 -> 32561609 | K8: =J8/E8 -> 1159.6014 | L8: =Water!G11 -> 308 | M8: 12550 | N8: =TOTAL!L8*TOTAL!M8 -> 3865400 | O8: =O7 -> 170
A9: Jakarta Private Residences | B9: 8 | C9: 5 | D9: =Water!D12 -> 2020 | E9: =Electricity!G13 -> 29320 | F9: =Electricity!E13 -> 5120 | G9: =Electricity!F13 -> 24200 | H9: 1553.67 | I9: 1035.78 | J9: =Electricity!L13 -> 33813162 | K9: =J9/E9 -> 1153.2456 | L9: =Water!G12 -> 285 | M9: 12550 | N9: =TOTAL!L9*TOTAL!M9 -> 3576750 | O9: =O8 -> 170
A10: Jakarta Private Residences | B10: 9 | C10: 5 | D10: =Water!D13 -> 2020 | E10: =Electricity!G14 -> 28640 | F10: =Electricity!E14 -> 6160 | G10: =Electricity!F14 -> 22480 | H10: 1553.67 | I10: 1035.78 | J10: =Electricity!L14 -> 33643460 | K10: =J10/E10 -> 1174.7018 | L10: =Water!G13 -> 281 | M10: 12550 | N10: =TOTAL!L10*TOTAL!M10 -> 3526550 | O10: =O9 -> 170
A11: Jakarta Private Residences | B11: 10 | C11: 5 | D11: =Water!D14 -> 2020 | E11: =Electricity!G15 -> 26760 | F11: =Electricity!E15 -> 5120 | G11: =Electricity!F15 -> 21640 | H11: 1553.67 | I11: 1035.78 | J11: =Electricity!L15 -> 31097927 | K11: =J11/E11 -> 1162.1049 | L11: =Water!G14 -> 278 | M11: 12550 | N11: =TOTAL!L11*TOTAL!M11 -> 3488900 | O11: =O10 -> 170
A12: Jakarta Private Residences | B12: 11 | C12: 5 | D12: =Water!D15 -> 2020 | E12: =Electricity!G16 -> 27520 | F12: =Electricity!E16 -> 5240 | G12: =Electricity!F16 -> 22280 | H12: 1553.67 | I12: 1035.78 | J12: =Electricity!L16 -> 31967651 | K12: =J12/E12 -> 1161.6152 | L12: =Water!G15 -> 273 | M12: 12550 | N12: =TOTAL!L12*TOTAL!M12 -> 3426150 | O12: =O11 -> 170
A13: Jakarta Private Residences | B13: 12 | C13: 5 | D13: =Water!D16 -> 2020 | E13: =Electricity!G17 -> 28120 | F13: =Electricity!E17 -> 5440 | G13: =Electricity!F17 -> 22680 | H13: 1553.67 | I13: 1035.78 | J13: =Electricity!L17 -> 32710098 | K13: =J13/E13 -> 1163.2325 | L13: =Water!G16 -> 305 | M13: 12550 | N13: =TOTAL!L13*TOTAL!M13 -> 3827750 | O13: =O12 -> 170
A14: Jakarta Private Residences | B14: 13 | C14: 5 | D14: =Water!D17 -> 2020 | E14: =Electricity!G18 -> 29200 | F14: =Electricity!E18 -> 5600 | G14: =Electricity!F18 -> 23600 | H14: 1553.67 | I14: 1035.78 | J14: =Electricity!L18 -> 33940439 | K14: =J14/E14 -> 1162.3438 | L14: =Water!G17 -> 300 | M14: 12550 | N14: =TOTAL!L14*TOTAL!M14 -> 3765000 | O14: =O13 -> 170
... A32: Jakarta Private Residences | B32: 31 | C32: 5 | D32: =Water!D35 -> 2020 | E32: =Electricity!G36 -> 28000 | F32: =Electricity!E36 -> 5560 | G32: =Electricity!F36 -> 22440 | H32: 1553.67 | I32: 1035.78 | J32: =Electricity!L36 -> 32646460 | K32: =J32/E32 -> 1165.945 | L32: =Water!G35 -> 274 | M32: 12550 | N32: =TOTAL!L32*TOTAL!M32 -> 3438700 | O32: =O31 -> 170

Sheet Electricity
B1: Electricity Distribution 2020
B2: Date | C2: Total Unit 235 | D2: Cost per kWh in Rupiah ( Rp) | E2: DAILY ELECTRICITY METER
E3: Peak Hour | F3: Low Peak Hour | G3: Total Metering | H3: Total Cost | K3: Tax for public service 2.4% | L3: TOTAL BILL
E4: ( 17:01-22:00) | F4: ( 22:01 -17:00) | G4: 24 Hour | H4: Peak Hour | I4: Low Peak Hour | J4: Total (Rp)
C5: OCC unit Apt | D5: 1035.78 | E5: kWh | F5: kWh | G5: kWh | H5: Rupiah | I5: Rupiah | J5: Rupiah | K5: Rupiah | L5: Rupiah
B6: 43952 | C6: 170 | D6: 1035.78 | E6: 1400 | F6: 9240 | G6: =F6+E6 -> 10640 | H6: =E6*1.5*D6 -> 2175138 | I6: =F6*D6 -> 9570607.2 | J6: =I6+H6 -> 11745745 | K6: =J6*0.024 -> 281897.88 | L6: =J6+K6 -> 12027643
B7: 43953 | C7: =C6 -> 170 | D7: 1035.78 | E7: 5360 | F7: 22160 | G7: =F7+E7 -> 27520 | H7: =E7*1.5*D7 -> 8327671.2 | I7: =F7*D7 -> 22952885 | J7: =I7+H7 -> 31280556 | K7: =J7*0.024 -> 750733.34 | L7: =J7+K7 -> 32031289
B8: 43954 | C8: =C7 -> 170 | D8: 1035.78 | E8: 5200 | F8: 21920 | G8: =F8+E8 -> 27120 | H8: =E8*1.5*D8 -> 8079084 | I8: =F8*D8 -> 22704298 | J8: =I8+H8 -> 30783382 | K8: =J8*0.024 -> 738801.16 | L8: =J8+K8 -> 31522183
B9: 43955 | C9: =C8 -> 170 | D9: 1035.78 | E9: 5440 | F9: 21960 | G9: =F9+E9 -> 27400 | H9: =E9*1.5*D9 -> 8451964.8 | I9: =F9*D9 -> 22745729 | J9: =I9+H9 -> 31197694 | K9: =J9*0.024 -> 748744.65 | L9: =J9+K9 -> 31946438
B10: 43956 | C10: =C9 -> 170 | D10: 1035.78 | E10: 2720 | F10: 22800 | G10: =F10+E10 -> 25520 | H10: =E10*1.5*D10 -> 4225982.4 | I10: =F10*D10 -> 23615784 | J10: =I10+H10 -> 27841766 | K10: =J10*0.024 -> 668202.39 | L10: =J10+K10 -> 28509969
B11: 43957 | C11: =C10 -> 170 | D11: 1035.78 | E11: 8080 | F11: 22120 | G11: =F11+E11 -> 30200 | H11: =E11*1.5*D11 -> 12553654 | I11: =F11*D11 -> 22911454 | J11: =I11+H11 -> 35465107 | K11: =J11*0.024 -> 851162.57 | L11: =J11+K11 -> 36316270
B12: 43958 | C12: =C11 -> 170 | D12: 1035.78 | E12: 5240 | F12: 22840 | G12: =F12+E12 -> 28080 | H12: =E12*1.5*D12 -> 8141230.8 | I12: =F12*D12 -> 23657215 | J12: =I12+H12 -> 31798446 | K12: =J12*0.024 -> 763162.7 | L12: =J12+K12 -> 32561609
B13: 43959 | C13: =C12 -> 170 | D13: 1035.78 | E13: 5120 | F13: 24200 | G13: =F13+E13 -> 29320 | H13: =E13*1.5*D13 -> 7954790.4 | I13: =F13*D13 -> 25065876 | J13: =I13+H13 -> 33020666 | K13: =J13*0.024 -> 792495.99 | L13: =J13+K13 -> 33813162
B14: 43960 | C14: =C13 -> 170 | D14: 1035.78 | E14: 6160 | F14: 22480 | G14: =F14+E14 -> 28640 | H14: =E14*1.5*D14 -> 9570607.2 | I14: =F14*D14 -> 23284334 | J14: =I14+H14 -> 32854942 | K14: =J14*0.024 -> 788518.6 | L14: =J14+K14 -> 33643460
B15: 43961 | C15: =C14 -> 170 | D15: 1035.78 | E15: 5120 | F15: 21640 | G15: =F15+E15 -> 26760 | H15: =E15*1.5*D15 -> 7954790.4 | I15: =F15*D15 -> 22414279 | J15: =I15+H15 -> 30369070 | K15: =J15*0.024 -> 728857.67 | L15: =J15+K15 -> 31097927
B16: 43962 | C16: =C15 -> 170 | D16: 1035.78 | E16: 5240 | F16: 22280 | G16: =F16+E16 -> 27520 | H16: =E16*1.5*D16 -> 8141230.8 | I16: =F16*D16 -> 23077178 | J16: =I16+H16 -> 31218409 | K16: =J16*0.024 -> 749241.82 | L16: =J16+K16 -> 31967651
B17: 43963 | C17: =C16 -> 170 | D17: 1035.78 | E17: 5440 | F17: 22680 | G17: =F17+E17 -> 28120 | H17: =E17*1.5*D17 -> 8451964.8 | I17: =F17*D17 -> 23491490 | J17: =I17+H17 -> 31943455 | K17: =J17*0.024 -> 766642.92 | L17: =J17+K17 -> 32710098
B18: 43964 | C18: =C17 -> 170 | D18: 1035.78 | E18: 5600 | F18: 23600 | G18: =F18+E18 -> 29200 | H18: =E18*1.5*D18 -> 8700552 | I18: =F18*D18 -> 24444408 | J18: =I18+H18 -> 33144960 | K18: =J18*0.024 -> 795479.04 | L18: =J18+K18 -> 33940439
... B36: 43982 | C36: =C35 -> 170 | D36: 1035.78 | E36: 5560 | F36: 22440 | G36: =F36+E36 -> 28000 | H36: =E36*1.5*D36 -> 8638405.2 | I36: =F36*D36 -> 23242903 | J36: =I36+H36 -> 31881308 | K36: =J36*0.024 -> 765151.4 | L36: =J36+K36 -> 32646460
C37: =SUM(C6:C33) -> 4760 | E37: =SUM(E6:E36) -> 165480 | F37: =SUM(F6:F36) -> 704280 | G37: =SUM(G6:G36) -> 869760 | H37: =SUM(H6:H36) -> 2.5710131e+08 | I37: =SUM(I6:I36) -> 7.2947914e+08 | J37: =SUM(J6:J36) -> 9.8658045e+08 | K37: =SUM(K6:K36) -> 23677931 | L37: =SUM(L6:L36) -> 1.0102584e+09

Sheet Water
B1: WATER METER READING
B3: Date | C3: Month | D3: Year | E3: Metering 1 | F3: Metering 2 | G3: Total Metering
E4: M3 | F4: M3 | G4: M3
B5: 1 | C5: 5 | D5: 2020 | E5: 90 | F5: 223 | G5: =E5+F5 -> 313
B6: 2 | C6: 5 | D6: =D5 -> 2020 | E6: 47 | F6: 230 | G6: =E6+F6 -> 277
B7: 3 | C7: 5 | D7: =D6 -> 2020 | E7: 48 | F7: 229 | G7: =E7+F7 -> 277
B8: 4 | C8: 5 | D8: =D7 -> 2020 | E8: 49 | F8: 231 | G8: =E8+F8 -> 280
B9: 5 | C9: 5 | D9: =D8 -> 2020 | E9: 58 | F9: 280 | G9: =E9+F9 -> 338
B10: 6 | C10: 5 | D10: =D9 -> 2020 | E10: 82 | F10: 383 | G10: =E10+F10 -> 465
B11: 7 | C11: 5 | D11: =D10 -> 2020 | E11: 54 | F11: 254 | G11: =E11+F11 -> 308
B12: 8 | C12: 5 | D12: =D11 -> 2020 | E12: 50 | F12: 235 | G12: =E12+F12 -> 285
B13: 9 | C13: 5 | D13: =D12 -> 2020 | E13: 48 | F13: 233 | G13: =E13+F13 -> 281
B14: 10 | C14: 5 | D14: =D13 -> 2020 | E14: 48 | F14: 230 | G14: =E14+F14 -> 278
B15: 11 | C15: 5 | D15: =D14 -> 2020 | E15: 47 | F15: 226 | G15: =E15+F15 -> 273
B16: 12 | C16: 5 | D16: =D15 -> 2020 | E16: 54 | F16: 251 | G16: =E16+F16 -> 305
B17: 13 | C17: 5 | D17: =D16 -> 2020 | E17: 53 | F17: 247 | G17: =E17+F17 -> 300
... B35: 31 | C35: 5 | D35: =D34 -> 2020 | E35: 47 | F35: 227 | G35: =E35+F35 -> 274
E36: =SUM(E5:E35) -> 1727 | F36: =SUM(F5:F35) -> 8031 | G36: =SUM(G5:G35) -> 9758
G40: =E36+F36 -> 9758
B43: Unit Price | F43: Rupiah ( Rp) | G43: 12550
F46: Total Bill | G46: =G40*G43 -> 122462900
