Workbook

Sheet TOTAL
A1: Site Name | B1: Day | C1: Month | D1: Year | E1: Total Electricity Kwh | F1: Peak hour Kwh | G1: Low Peak Hour Kwh | H1: Electricity Tariff Peak Hour ($/Kwh) | I1: Electricity Tariff Low Peak Hour ($/Kwh) | J1: Electricity Total Tariff (Rupiah) | K1: Electricity Tariff ($/Kwh) | L1: Water Utility Supply (m3) m3 | M1: Water Utility Supply (m3) $/m3 | N1: Water Utility Supply (Rupiah) | O1: Room Nights
A2: Jakarta Private Residences | B2: 1 | C2: 3 | D2: 2022 | E2: =Electricity!G6 -> 24520 | F2: =Electricity!E6 -> 4400 | G2: =Electricity!F6 -> 20120 | H2: 1553.67 | I2: 1035.78 | J2: =Electricity!L6 -> 28340267 | K2: =J2/E2 -> 1155.8021 | L2: =Water!G5 -> 288 | M2: 12550 | N2: =M2*L2 -> 3614400 | O2: =Electricity!C6 -> 157
A3: Jakarta Private Residences | B3: 2 | C3: 3 | D3: 2022 | E3: =Electricity!G7 -> 21760 | F3: =Electricity!E7 -> 2400 | G3: =Electricity!F7 -> 19360 | H3: 1553.67 | I3: 1035.78 | J3: =Electricity!L7 -> 24352265 | K3: =J3/E3 -> 1119.1298 | L3: =Water!G6 -> 291 | M3: 12550 | N3: =M3*L3 -> 3652050 | O3: =Electricity!C7 -> 157
A4: Jakarta Private Residences | B4: 3 | C4: 3 | D4: 2022 | E4: =Electricity!G8 -> 26720 | F4: =Electricity!E8 -> 6360 | G4: =Electricity!F8 -> 20360 | H4: 1553.67 | I4: 1035.78 | J4: =Electricity!L8 -> 31713098 | K4: =J4/E4 -> 1186.8674 | L4: =Water!G7 -> 288 | M4: 12550 | N4: =M4*L4 -> 3614400 | O4: =Electricity!C8 -> 157
A5: Jakarta Private Residences | B5: 4 | C5: 3 | D5: 2022 | E5: =Electricity!G9 -> 24440 | F5: =Electricity!E9 -> 4640 | G5: =Electricity!F9 -> 19800 | H5: 1553.67 | I5: 1035.78 | J5: =Electricity!L9 -> 28382692 | K5: =J5/E5 -> 1161.3213 | L5: =Water!G8 -> 275 | M5: 12550 | N5: =M5*L5 -> 3451250 | O5: =Electricity!C9 -> 157
A6: Jakarta Private Residences | B6: 5 | C6: 3 | D6: 2022 | E6: =Electricity!G10 -> 24320 | F6: =Electricity!E10 -> 4400 | G6: =Electricity!F10 -> 19920 | H6: 1553.67 | I6: 1035.78 | J6: =Electricity!L10 -> 28128139 | K6: =J6/E6 -> 1156.5847 | L6: =Water!G9 -> 280 | M6: 12550 | N6: =M6*L6 -> 3514000 | O6: =Electricity!C10 -> 157
A7: Jakarta Private Residences | B7: 6 | C7: 3 | D7: 2022 | E7: =Electricity!G11 -> 24280 | F7: =Electricity!E11 -> 4120 | G7: =Electricity!F11 -> 20160 | H7: 1553.67 | I7: 1035.78 | J7: =Electricity!L11 -> 27937224 | K7: =J7/E7 -> 1150.627 | L7: =Water!G10 -> 293 | M7: 12550 | N7: =M7*L7 -> 3677150 | O7: =Electricity!C11 -> 157
A8: Jakarta Private Residences | B8: 7 | C8: 3 | D8: 2022 | E8: =Electricity!G12 -> 24480 | F8: =Electricity!E12 -> 4520 | G8: =Electricity!F12 -> 19960 | H8: 1553.67 | I8: 1035.78 | J8: =Electricity!L12 -> 28361479 | K8: =J8/E8 -> 1158.5572 | L8: =Water!G11 -> 267 | M8: 12550 | N8: =M8*L8 -> 3350850 | O8: =Electricity!C12 -> 157
A9: Jakarta Private Residences | B9: 8 | C9: 3 | D9: 2022 | E9: =Electricity!G13 -> 24920 | F9: =Electricity!E13 -> 4360 | G9: =Electricity!F13 -> 20560 | H9: 1553.67 | I9: 1035.78 | J9: =Electricity!L13 -> 28743309 | K9: =J9/E9 -> 1153.4233 | L9: =Water!G12 -> 283 | M9: 12550 | N9: =M9*L9 -> 3551650 | O9: =Electricity!C13 -> 157
A10: Jakarta Private Residences | B10: 9 | C10: 3 | D10: 2022 | E10: =Electricity!G14 -> 24960 | F10: =Electricity!E14 -> 4320 | G10: =Electricity!F14 -> 20640 | H10: 1553.67 | I10: 1035.78 | J10: =Electricity!L14 -> 28764522 | K10: =J10/E10 -> 1152.4248 | L10: =Water!G13 -> 285 | M10: 12550 | N10: =M10*L10 -> 3576750 | O10: =Electricity!C14 -> 157
A11: Jakarta Private Residences | B11: 10 | C11: 3 | D11: 2022 | E11: =Electricity!G15 -> 26000 | F11: =Electricity!E15 -> 4920 | G11: =Electricity!F15 -> 21080 | H11: 1553.67 | I11: 1035.78 | J11: =Electricity!L15 -> 30185778 | K11: =J11/E11 -> 1160.9915 | L11: =Water!G14 -> 344 | M11: 12550 | N11: =M11*L11 -> 4317200 | O11: =Electricity!C15 -> 157
A12: Jakarta Private Residences | B12: 11 | C12: 3 | D12: 2022 | E12: =Electricity!G16 -> 22080 | F12: =Electricity!E16 -> 4600 | G12: =Electricity!F16 -> 17480 | H12: 1553.67 | I12: 1035.78 | J12: =Electricity!L16 -> 25858372 | K12: =J12/E12 -> 1171.1219 | L12: =Water!G15 -> 434 | M12: 12550 | N12: =M12*L12 -> 5446700 | O12: =Electricity!C16 -> 157
A13: Jakarta Private Residences | B13: 12 | C13: 3 | D13: 2022 | E13: =Electricity!G17 -> 25920 | F13: =Electricity!E17 -> 1760 | G13: =Electricity!F17 -> 24160 | H13: 1553.67 | I13: 1035.78 | J13: =Electricity!L17 -> 28425118 | K13: =J13/E13 -> 1096.6481 | L13: =Water!G16 -> 333 | M13: 12550 | N13: =M13*L13 -> 4179150 | O13: =Electricity!C17 -> 157
... A32: Jakarta Private Residences | B32: 31 | C32: 3 | D32: 2022 | E32: =Electricity!G36 -> 25480 | F32: =Electricity!E36 -> 4720 | G32: =Electricity!F36 -> 20760 | H32: 1553.67 | I32: 1035.78 | J32: =Electricity!L36 -> 29528182 | K32: =J32/E32 -> 1158.8768 | L32: =Water!G35 -> 311 | M32: 12550 | N32: =M32*L32 -> 3903050 | O32: =Electricity!C36 -> 157

Sheet Electricity
B1: Electricity Distribution 2022
B2: Date | C2: Total Unit 235 | D2: Cost per kWh in Rupiah ( Rp) | E2: DAILY ELECTRICITY METER
E3: Peak Hour | F3: Low Peak Hour | G3: Total Metering | H3: Total Cost | K3: Tax for public service 2.4% | L3: TOTAL BILL
E4: ( 17:01-22:00) | F4: ( 22:01 -17:00) | G4: 24 Hour | H4: Peak Hour | I4: Low Peak Hour | J4: Total (Rp)
C5: OCC unit Apt | D5: 1035.78 | E5: kWh | F5: kWh | G5: kWh | H5: Rupiah | I5: Rupiah | J5: Rupiah | K5: Rupiah | L5: Rupiah
B6: 44621 | C6: 157 | D6: 1035.78 | E6: 4400 | F6: 20120 | G6: =F6+E6 -> 24520 | H6: =E6*1.5*D6 -> 6836148 | I6: =F6*D6 -> 20839894 | J6: =I6+H6 -> 27676042 | K6: =J6*0.024 -> 664225 | L6: =J6+K6 -> 28340267
B7: 44622 | C7: 157 | D7: 1035.78 | E7: 2400 | F7: 19360 | G7: =F7+E7 -> 21760 | H7: =E7*1.5*D7 -> 3728808 | I7: =F7*D7 -> 20052701 | J7: =I7+H7 -> 23781509 | K7: =J7*0.024 -> 570756.21 | L7: =J7+K7 -> 24352265
B8: 44623 | C8: 157 | D8: 1035.78 | E8: 6360 | F8: 20360 | G8: =F8+E8 -> 26720 | H8: =E8*1.5*D8 -> 9881341.2 | I8: =F8*D8 -> 21088481 | J8: =I8+H8 -> 30969822 | K8: =J8*0.024 -> 743275.73 | L8: =J8+K8 -> 31713098
B9: 44624 | C9: 157 | D9: 1035.78 | E9: 4640 | F9: 19800 | G9: =F9+E9 -> 24440 | H9: =E9*1.5*D9 -> 7209028.8 | I9: =F9*D9 -> 20508444 | J9: =I9+H9 -> 27717473 | K9: =J9*0.024 -> 665219.35 | L9: =J9+K9 -> 28382692
B10: 44625 | C10: 157 | D10: 1035.78 | E10: 4400 | F10: 19920 | G10: =F10+E10 -> 24320 | H10: =E10*1.5*D10 -> 6836148 | I10: =F10*D10 -> 20632738 | J10: =I10+H10 -> 27468886 | K10: =J10*0.024 -> 659253.25 | L10: =J10+K10 -> 28128139
B11: 44626 | C11: 157 | D11: 1035.78 | E11: 4120 | F11: 20160 | G11: =F11+E11 -> 24280 | H11: =E11*1.5*D11 -> 6401120.4 | I11: =F11*D11 -> 20881325 | J11: =I11+H11 -> 27282445 | K11: =J11*0.024 -> 654778.68 | L11: =J11+K11 -> 27937224
B12: 44627 | C12: 157 | D12: 1035.78 | E12: 4520 | F12: 19960 | G12: =F12+E12 -> 24480 | H12: =E12*1.5*D12 -> 7022588.4 | I12: =F12*D12 -> 20674169 | J12: =I12+H12 -> 27696757 | K12: =J12*0.024 -> 664722.17 | L12: =J12+K12 -> 28361479
B13: 44628 | C13: 157 | D13: 1035.78 | E13: 4360 | F13: 20560 | G13: =F13+E13 -> 24920 | H13: =E13*1.5*D13 -> 6774001.2 | I13: =F13*D13 -> 21295637 | J13: =I13+H13 -> 28069638 | K13: =J13*0.024 -> 673671.31 | L13: =J13+K13 -> 28743309
B14: 44629 | C14: 157 | D14: 1035.78 | E14: 4320 | F14: 20640 | G14: =F14+E14 -> 24960 | H14: =E14*1.5*D14 -> 6711854.4 | I14: =F14*D14 -> 21378499 | J14: =I14+H14 -> 28090354 | K14: =J14*0.024 -> 674168.49 | L14: =J14+K14 -> 28764522
B15: 44630 | C15: 157 | D15: 1035.78 | E15: 4920 | F15: 21080 | G15: =F15+E15 -> 26000 | H15: =E15*1.5*D15 -> 7644056.4 | I15: =F15*D15 -> 21834242 | J15: =I15+H15 -> 29478299 | K15: =J15*0.024 -> 707479.17 | L15: =J15+K15 -> 30185778
B16: 44631 | C16: 157 | D16: 1035.78 | E16: 4600 | F16: 17480 | G16: =F16+E16 -> 22080 | H16: =E16*1.5*D16 -> 7146882 | I16: =F16*D16 -> 18105434 | J16: =I16+H16 -> 25252316 | K16: =J16*0.024 -> 606055.59 | L16: =J16+K16 -> 25858372
B17: 44632 | C17: 157 | D17: 1035.78 | E17: 1760 | F17: 24160 | G17: =F17+E17 -> 25920 | H17: =E17*1.5*D17 -> 2734459.2 | I17: =F17*D17 -> 25024445 | J17: =I17+H17 -> 27758904 | K17: =J17*0.024 -> 666213.7 | L17: =J17+K17 -> 28425118
... B36: 44651 | C36: 157 | D36: 1035.78 | E36: 4720 | F36: 20760 | G36: =F36+E36 -> 25480 | H36: =E36*1.5*D36 -> 7333322.4 | I36: =F36*D36 -> 21502793 | J36: =I36+H36 -> 28836115 | K36: =J36*0.024 -> 692066.76 | L36: =J36+K36 -> 29528182
C37: =SUM(C6:C35) -> 4710 | E37: =SUM(E6:E36) -> 141600 | F37: =SUM(F6:F36) -> 641120 | G37: =SUM(G6:G36) -> 782720 | H37: =SUM(H6:H36) -> 219999672 | I37: =SUM(I6:I36) -> 6.6405927e+08 | J37: =SUM(J6:J36) -> 8.8405895e+08 | K37: =SUM(K6:K36) -> 21217415 | L37: =SUM(L6:L36) -> 9.0527636e+08

Sheet Water
B1: WATER METER READING
B3: Date | C3: Month | D3: Year | E3: Metering 1 | F3: Metering 2 | G3: Total Metering
E4: M3 | F4: M3 | G4: M3
B5: 1 | C5: 3 | D5: 2022 | E5: 5 | F5: 283 | G5: =E5+F5 -> 288
B6: 2 | C6: 3 | D6: 2022 | E6: 6 | F6: 285 | G6: =E6+F6 -> 291
B7: 3 | C7: 3 | D7: 2022 | E7: 6 | F7: 282 | G7: =E7+F7 -> 288
B8: 4 | C8: 3 | D8: 2022 | E8: 6 | F8: 269 | G8: =E8+F8 -> 275
B9: 5 | C9: 3 | D9: 2022 | E9: 6 | F9: 274 | G9: =E9+F9 -> 280
B10: 6 | C10: 3 | D10: 2022 | E10: 9 | F10: 284 | G10: =E10+F10 -> 293
B11: 7 | C11: 3 | D11: 2022 | E11: 3 | F11: 264 | G11: =E11+F11 -> 267
B12: 8 | C12: 3 | D12: 2022 | E12: 5 | F12: 278 | G12: =E12+F12 -> 283
B13: 9 | C13: 3 | D13: 2022 | E13: 6 | F13: 279 | G13: =E13+F13 -> 285
B14: 10 | C14: 3 | D14: 2022 | E14: 8 | F14: 336 | G14: =E14+F14 -> 344
B15: 11 | C15: 3 | D15: 2022 | E15: 10 | F15: 424 | G15: =E15+F15 -> 434
B16: 12 | C16: 3 | D16: 2022 | E16: 6 | F16: 327 | G16: =E16+F16 -> 333
... B35: 31 | C35: 3 | D35: 2022 | E35: 10 | F35: 301 | G35: =E35+F35 -> 311
E36: =SUM(E5:E35) -> 242 | F36: =SUM(F5:F35) -> 9524 | G36: =SUM(G5:G35) -> 9766
G40: =G36 -> 9766
B43: Unit Price | F43: Rupiah ( Rp) | G43: 12550
F46: Total Bill | G46: =G40*G43 -> 122563300
