Workbook

Sheet TOTAL
A1: Site Name | B1: Day | C1: Month | D1: Year | E1: Total Electricity Kwh | F1: Peak hour Kwh | G1: Low Peak Hour Kwh | H1: Electricity Tariff Peak Hour ($/Kwh) | I1: Electricity Tariff Low Peak Hour ($/Kwh) | J1: Electricity Total Tariff (Rupiah) | K1: Electricity Tariff ($/Kwh) | L1: Water Utility Supply (m3) m3 | M1: Water Utility Supply (m3) $/m3 | N1: Water Utility Supply (Rupiah) | O1: Room Nights
A2: Jakarta Private Residences | B2: 1 | C2: =Water!C5 -> 7 | D2: 2022 | E2: =Electricity!G6 -> 25760 | F2: =Electricity!E6 -> 4480 | G2: =Electricity!F6 -> 21280 | H2: 1553.67 | I2: 1035.78 | J2: =Electricity!L6 -> 29697884 | K2: =J2/E2 -> 1152.8682 | L2: =Water!G5 -> 322 | M2: 12550 | N2: =M2*L2 -> 4041100 | O2: =Electricity!C6 -> 156
A3: Jakarta Private Residences | B3: 2 | C3: =Water!C6 -> 7 | D3: 2022 | E3: =Electricity!G7 -> 23960 | F3: =Electricity!E7 -> 4600 | G3: =Electricity!F7 -> 19360 | H3: 1553.67 | I3: 1035.78 | J3: =Electricity!L7 -> 27852373 | K3: =J3/E3 -> 1162.453 | L3: =Water!G6 -> 306 | M3: 12550 | N3: =M3*L3 -> 3840300 | O3: =Electricity!C7 -> 156
A4: Jakarta Private Residences | B4: 3 | C4: =Water!C7 -> 7 | D4: 2022 | E4: =Electricity!G8 -> 25800 | F4: =Electricity!E8 -> 4560 | G4: =Electricity!F8 -> 21240 | H4: 1553.67 | I4: 1035.78 | J4: =Electricity!L8 -> 29782735 | K4: =J4/E4 -> 1154.3696 | L4: =Water!G7 -> 293 | M4: 12550 | N4: =M4*L4 -> 3677150 | O4: =Electricity!C8 -> 156
A5: Jakarta Private Residences | B5: 4 | C5: =Water!C8 -> 7 | D5: 2022 | E5: =Electricity!G9 -> 24640 | F5: =Electricity!E9 -> 4600 | G5: =Electricity!F9 -> 20040 | H5: 1553.67 | I5: 1035.78 | J5: =Electricity!L9 -> 28573607 | K5: =J5/E5 -> 1159.6431 | L5: =Water!G8 -> 291 | M5: 12550 | N5: =M5*L5 -> 3652050 | O5: =Electricity!C9 -> 156
A6: Jakarta Private Residences | B6: 5 | C6: =Water!C9 -> 7 | D6: 2022 | E6: =Electricity!G10 -> 26440 | F6: =Electricity!E10 -> 4760 | G6: =Electricity!F10 -> 21680 | H6: 1553.67 | I6: 1035.78 | J6: =Electricity!L10 -> 30567608 | K6: =J6/E6 -> 1156.1123 | L6: =Water!G9 -> 314 | M6: 12550 | N6: =M6*L6 -> 3940700 | O6: =Electricity!C10 -> 156
A7: Jakarta Private Residences | B7: 6 | C7: =Water!C10 -> 7 | D7: 2022 | E7: =Electricity!G11 -> 26400 | F7: =Electricity!E11 -> 4640 | G7: =Electricity!F11 -> 21760 | H7: 1553.67 | I7: 1035.78 | J7: =Electricity!L11 -> 30461544 | K7: =J7/E7 -> 1153.8464 | L7: =Water!G10 -> 342 | M7: 12550 | N7: =M7*L7 -> 4292100 | O7: =Electricity!C11 -> 156
A8: Jakarta Private Residences | B8: 7 | C8: =Water!C11 -> 7 | D8: 2022 | E8: =Electricity!G12 -> 26240 | F8: =Electricity!E12 -> 4800 | G8: =Electricity!F12 -> 21440 | H8: 1553.67 | I8: 1035.78 | J8: =Electricity!L12 -> 30376693 | K8: =J8/E8 -> 1157.6484 | L8: =Water!G11 -> 334 | M8: 12550 | N8: =M8*L8 -> 4191700 | O8: =Electricity!C12 -> 156
A9: Jakarta Private Residences | B9: 8 | C9: =Water!C12 -> 7 | D9: 2022 | E9: =Electricity!G13 -> 26160 | F9: =Electricity!E13 -> 4680 | G9: =Electricity!F13 -> 21480 | H9: 1553.67 | I9: 1035.78 | J9: =Electricity!L13 -> 30228204 | K9: =J9/E9 -> 1155.5124 | L9: =Water!G12 -> 284 | M9: 12550 | N9: =M9*L9 -> 3564200 | O9: =Electricity!C13 -> 156
A10: Jakarta Private Residences | B10: 9 | C10: =Water!C13 -> 7 | D10: 2022 | E10: =Electricity!G14 -> 24920 | F10: =Electricity!E14 -> 4640 | G10: =Electricity!F14 -> 20280 | H10: 1553.67 | I10: 1035.78 | J10: =Electricity!L14 -> 28891799 | K10: =J10/E10 -> 1159.382 | L10: =Water!G13 -> 338 | M10: 12550 | N10: =M10*L10 -> 4241900 | O10: =Electricity!C14 -> 156
A11: Jakarta Private Residences | B11: 10 | C11: =Water!C14 -> 7 | D11: 2022 | E11: =Electricity!G15 -> 26440 | F11: =Electricity!E15 -> 4520 | G11: =Electricity!F15 -> 21920 | H11: 1553.67 | I11: 1035.78 | J11: =Electricity!L15 -> 30440331 | K11: =J11/E11 -> 1151.2985 | L11: =Water!G14 -> 393 | M11: 12550 | N11: =M11*L11 -> 4932150 | O11: =Electricity!C15 -> 156
A12: Jakarta Private Residences | B12: 11 | C12: =Water!C15 -> 7 | D12: 2022 | E12: =Electricity!G16 -> 22840 | F12: =Electricity!E16 -> 4600 | G12: =Electricity!F16 -> 18240 | H12: 1553.67 | I12: 1035.78 | J12: =Electricity!L16 -> 26664457 | K12: =J12/E12 -> 1167.4456 | L12: =Water!G15 -> 246 | M12: 12550 | N12: =M12*L12 -> 3087300 | O12: =Electricity!C16 -> 156
A13: Jakarta Private Residences | B13: 12 | C13: =Water!C16 -> 7 | D13: 2022 | E13: =Electricity!G17 -> 25560 | F13: =Electricity!E17 -> 4600 | G13: =Electricity!F17 -> 20960 | H13: 1553.67 | I13: 1035.78 | J13: =Electricity!L17 -> 29549395 | K13: =J13/E13 -> 1156.0796 | L13: =Water!G16 -> 265 | M13: 12550 | N13: =M13*L13 -> 3325750 | O13: =Electricity!C17 -> 156
... A32: Jakarta Private Residences | B32: 31 | C32: =Water!C35 -> 7 | D32: 2022 | E32: =Electricity!G36 -> 26040 | F32: =Electricity!E36 -> 4800 | G32: =Electricity!F36 -> 21240 | H32: 1553.67 | I32: 1035.78 | J32: =Electricity!L36 -> 30164565 | K32: =J32/E32 -> 1158.3934 | L32: =Water!G35 -> 254 | M32: 12550 | N32: =M32*L32 -> 3187700 | O32: =Electricity!C36 -> 156

Sheet Electricity
B1: Electricity Distribution 2022
B2: Date | C2: Total Unit 235 | D2: Cost per kWh in Rupiah ( Rp) | E2: DAILY ELECTRICITY METER
E3: Peak Hour | F3: Low Peak Hour | G3: Total Metering | H3: Total Cost | K3: Tax for public service 2.4% | L3: TOTAL BILL
E4: ( 17:01-22:00) | F4: ( 22:01 -17:00) | G4: 24 Hour | H4: Peak Hour | I4: Low Peak Hour | J4: Total (Rp)
C5: OCC unit Apt | D5: 1035.78 | E5: kWh | F5: kWh | G5: kWh | H5: Rupiah | I5: Rupiah | J5: Rupiah | K5: Rupiah | L5: Rupiah
B6: 44743 | C6: 156 | D6: 1035.78 | E6: 4480 | F6: 21280 | G6: =F6+E6 -> 25760 | H6: =E6*1.5*D6 -> 6960441.6 | I6: =F6*D6 -> 22041398 | J6: =I6+H6 -> 29001840 | K6: =J6*0.024 -> 696044.16 | L6: =J6+K6 -> 29697884
B7: 44744 | C7: 156 | D7: 1035.78 | E7: 4600 | F7: 19360 | G7: =F7+E7 -> 23960 | H7: =E7*1.5*D7 -> 7146882 | I7: =F7*D7 -> 20052701 | J7: =I7+H7 -> 27199583 | K7: =J7*0.024 -> 652789.99 | L7: =J7+K7 -> 27852373
B8: 44745 | C8: 156 | D8: 1035.78 | E8: 4560 | F8: 21240 | G8: =F8+E8 -> 25800 | H8: =E8*1.5*D8 -> 7084735.2 | I8: =F8*D8 -> 21999967 | J8: =I8+H8 -> 29084702 | K8: =J8*0.024 -> 698032.86 | L8: =J8+K8 -> 29782735
B9: 44746 | C9: 156 | D9: 1035.78 | E9: 4600 | F9: 20040 | G9: =F9+E9 -> 24640 | H9: =E9*1.5*D9 -> 7146882 | I9: =F9*D9 -> 20757031 | J9: =I9+H9 -> 27903913 | K9: =J9*0.024 -> 669693.92 | L9: =J9+K9 -> 28573607
B10: 44747 | C10: 156 | D10: 1035.78 | E10: 4760 | F10: 21680 | G10: =F10+E10 -> 26440 | H10: =E10*1.5*D10 -> 7395469.2 | I10: =F10*D10 -> 22455710 | J10: =I10+H10 -> 29851180 | K10: =J10*0.024 -> 716428.31 | L10: =J10+K10 -> 30567608
B11: 44748 | C11: 156 | D11: 1035.78 | E11: 4640 | F11: 21760 | G11: =F11+E11 -> 26400 | H11: =E11*1.5*D11 -> 7209028.8 | I11: =F11*D11 -> 22538573 | J11: =I11+H11 -> 29747602 | K11: =J11*0.024 -> 713942.44 | L11: =J11+K11 -> 30461544
B12: 44749 | C12: 156 | D12: 1035.78 | E12: 4800 | F12: 21440 | G12: =F12+E12 -> 26240 | H12: =E12*1.5*D12 -> 7457616 | I12: =F12*D12 -> 22207123 | J12: =I12+H12 -> 29664739 | K12: =J12*0.024 -> 711953.74 | L12: =J12+K12 -> 30376693
B13: 44750 | C13: 156 | D13: 1035.78 | E13: 4680 | F13: 21480 | G13: =F13+E13 -> 26160 | H13: =E13*1.5*D13 -> 7271175.6 | I13: =F13*D13 -> 22248554 | J13: =I13+H13 -> 29519730 | K13: =J13*0.024 -> 708473.52 | L13: =J13+K13 -> 30228204
B14: 44751 | C14: 156 | D14: 1035.78 | E14: 4640 | F14: 20280 | G14: =F14+E14 -> 24920 | H14: =E14*1.5*D14 -> 7209028.8 | I14: =F14*D14 -> 21005618 | J14: =I14+H14 -> 28214647 | K14: =J14*0.024 -> 677151.53 | L14: =J14+K14 -> 28891799
B15: 44752 | C15: 156 | D15: 1035.78 | E15: 4520 | F15: 21920 | G15: =F15+E15 -> 26440 | H15: =E15*1.5*D15 -> 7022588.4 | I15: =F15*D15 -> 22704298 | J15: =I15+H15 -> 29726886 | K15: =J15*0.024 -> 713445.26 | L15: =J15+K15 -> 30440331 | N15: =SUM(L6:L16) -> 3.2353724e+08
B16: 44753 | C16: 156 | D16: 1035.78 | E16: 4600 | F16: 18240 | G16: =F16+E16 -> 22840 | H16: =E16*1.5*D16 -> 7146882 | I16: =F16*D16 -> 18892627 | J16: =I16+H16 -> 26039509 | K16: =J16*0.024 -> 624948.22 | L16: =J16+K16 -> 26664457
B17: 44754 | C17: 156 | D17: 1035.78 | E17: 4600 | F17: 20960 | G17: =F17+E17 -> 25560 | H17: =E17*1.5*D17 -> 7146882 | I17: =F17*D17 -> 21709949 | J17: =I17+H17 -> 28856831 | K17: =J17*0.024 -> 692563.94 | L17: =J17+K17 -> 29549395
B18: 44755 | C18: 156 | D18: 1035.78 | E18: 4760 | F18: 21200 | G18: =F18+E18 -> 25960 | H18: =E18*1.5*D18 -> 7395469.2 | I18: =F18*D18 -> 21958536 | J18: =I18+H18 -> 29354005 | K18: =J18*0.024 -> 704496.12 | L18: =J18+K18 -> 30058501
B19: 44756 | C19: 156 | D19: 1035.78 | E19: 4360 | F19: 19440 | G19: =F19+E19 -> 23800 | H19: =E19*1.5*D19 -> 6774001.2 | I19: =F19*D19 -> 20135563 | J19: =I19+H19 -> 26909564 | K19: =J19*0.024 -> 645829.55 | L19: =J19+K19 -> 27555394
B20: 44757 | C20: 156 | D20: 1035.78 | E20: 4520 | F20: 21880 | G20: =F20+E20 -> 26400 | H20: =E20*1.5*D20 -> 7022588.4 | I20: =F20*D20 -> 22662866 | J20: =I20+H20 -> 29685455 | K20: =J20*0.024 -> 712450.92 | L20: =J20+K20 -> 30397906
B21: 44758 | C21: 156 | D21: 1035.78 | E21: 4600 | F21: 20680 | G21: =F21+E21 -> 25280 | H21: =E21*1.5*D21 -> 7146882 | I21: =F21*D21 -> 21419930 | J21: =I21+H21 -> 28566812 | K21: =J21*0.024 -> 685603.5 | L21: =J21+K21 -> 29252416
B22: 44759 | C22: 156 | D22: 1035.78 | E22: 4240 | F22: 18480 | G22: =F22+E22 -> 22720 | H22: =E22*1.5*D22 -> 6587560.8 | I22: =F22*D22 -> 19141214 | J22: =I22+H22 -> 25728775 | K22: =J22*0.024 -> 617490.6 | L22: =J22+K22 -> 26346266
B23: 44760 | C23: 156 | D23: 1035.78 | E23: 6520 | F23: 17280 | G23: =F23+E23 -> 23800 | H23: =E23*1.5*D23 -> 10129928 | I23: =F23*D23 -> 17898278 | J23: =I23+H23 -> 28028207 | K23: =J23*0.024 -> 672676.96 | L23: =J23+K23 -> 28700884
B24: 44761 | C24: 156 | D24: 1035.78 | E24: 2400 | F24: 23720 | G24: =F24+E24 -> 26120 | H24: =E24*1.5*D24 -> 3728808 | I24: =F24*D24 -> 24568702 | J24: =I24+H24 -> 28297510 | K24: =J24*0.024 -> 679140.23 | L24: =J24+K24 -> 28976650
B25: 44762 | C25: 156 | D25: 1035.78 | E25: 4720 | F25: 20800 | G25: =F25+E25 -> 25520 | H25: =E25*1.5*D25 -> 7333322.4 | I25: =F25*D25 -> 21544224 | J25: =I25+H25 -> 28877546 | K25: =J25*0.024 -> 693061.11 | L25: =J25+K25 -> 29570608
B26: 44763 | C26: 156 | D26: 1035.78 | E26: 4840 | F26: 21960 | G26: =F26+E26 -> 26800 | H26: =E26*1.5*D26 -> 7519762.8 | I26: =F26*D26 -> 22745729 | J26: =I26+H26 -> 30265492 | K26: =J26*0.024 -> 726371.8 | L26: =J26+K26 -> 30991863 | N26: =SUM(L17:L26) -> 2.9139988e+08
B27: 44764 | C27: 156 | D27: 1035.78 | E27: 4920 | F27: 22160 | G27: =F27+E27 -> 27080 | H27: =E27*1.5*D27 -> 7644056.4 | I27: =F27*D27 -> 22952885 | J27: =I27+H27 -> 30596941 | K27: =J27*0.024 -> 734326.59 | L27: =J27+K27 -> 31331268
B28: 44765 | C28: 156 | D28: 1035.78 | E28: 4600 | F28: 21200 | G28: =F28+E28 -> 25800 | H28: =E28*1.5*D28 -> 7146882 | I28: =F28*D28 -> 21958536 | J28: =I28+H28 -> 29105418 | K28: =J28*0.024 -> 698530.03 | L28: =J28+K28 -> 29803948
B29: 44766 | C29: 156 | D29: 1035.78 | E29: 4560 | F29: 20880 | G29: =F29+E29 -> 25440 | H29: =E29*1.5*D29 -> 7084735.2 | I29: =F29*D29 -> 21627086 | J29: =I29+H29 -> 28711822 | K29: =J29*0.024 -> 689083.72 | L29: =J29+K29 -> 29400905
B30: 44767 | C30: 156 | D30: 1035.78 | E30: 4840 | F30: 20880 | G30: =F30+E30 -> 25720 | H30: =E30*1.5*D30 -> 7519762.8 | I30: =F30*D30 -> 21627086 | J30: =I30+H30 -> 29146849 | K30: =J30*0.024 -> 699524.38 | L30: =J30+K30 -> 29846374
B31: 44768 | C31: 156 | D31: 1035.78 | E31: 1560 | F31: 20040 | G31: =F31+E31 -> 21600 | H31: =E31*1.5*D31 -> 2423725.2 | I31: =F31*D31 -> 20757031 | J31: =I31+H31 -> 23180756 | K31: =J31*0.024 -> 556338.15 | L31: =J31+K31 -> 23737095
B32: 44769 | C32: 156 | D32: 1035.78 | E32: 7760 | F32: 20000 | G32: =F32+E32 -> 27760 | H32: =E32*1.5*D32 -> 12056479 | I32: =F32*D32 -> 20715600 | J32: =I32+H32 -> 32772079 | K32: =J32*0.024 -> 786529.9 | L32: =J32+K32 -> 33558609
B33: 44770 | C33: 156 | D33: 1035.78 | E33: 4680 | F33: 21200 | G33: =F33+E33 -> 25880 | H33: =E33*1.5*D33 -> 7271175.6 | I33: =F33*D33 -> 21958536 | J33: =I33+H33 -> 29229712 | K33: =J33*0.024 -> 701513.08 | L33: =J33+K33 -> 29931225
B34: 44771 | C34: 156 | D34: 1035.78 | E34: 3320 | F34: 22800 | G34: =F34+E34 -> 26120 | H34: =E34*1.5*D34 -> 5158184.4 | I34: =F34*D34 -> 23615784 | J34: =I34+H34 -> 28773968 | K34: =J34*0.024 -> 690575.24 | L34: =J34+K34 -> 29464544
B35: 44772 | C35: 156 | D35: 1035.78 | E35: 6360 | F35: 22680 | G35: =F35+E35 -> 29040 | H35: =E35*1.5*D35 -> 9881341.2 | I35: =F35*D35 -> 23491490 | J35: =I35+H35 -> 33372832 | K35: =J35*0.024 -> 800947.96 | L35: =J35+K35 -> 34173780
B36: 44773 | C36: 156 | D36: 1035.78 | E36: 4800 | F36: 21240 | G36: =F36+E36 -> 26040 | H36: =E36*1.5*D36 -> 7457616 | I36: =F36*D36 -> 21999967 | J36: =I36+H36 -> 29457583 | K36: =J36*0.024 -> 706982 | L36: =J36+K36 -> 30164565 | N36: =SUM(L27:L36) -> 3.0141231e+08
C37: =SUM(C6:C35) -> 4680 | E37: =SUM(E6:E36) -> 143840 | F37: =SUM(F6:F36) -> 648200 | G37: =SUM(G6:G36) -> 792040 | H37: =SUM(H6:H36) -> 2.2347989e+08 | I37: =SUM(I6:I36) -> 671392596 | J37: =SUM(J6:J36) -> 8.9487249e+08 | K37: =SUM(K6:K36) -> 21476940 | L37: =SUM(L6:L36) -> 9.1634943e+08

Sheet Water
B1: WATER METER READING
B3: Date | C3: Month | D3: Year | E3: Metering 1 | F3: Metering 2 | G3: Total Metering
E4: M3 | F4: M3 | G4: M3
B5: 1 | C5: 7 | D5: 2022 | E5: 11 | F5: 311 | G5: =E5+F5 -> 322
B6: 2 | C6: 7 | D6: 2022 | E6: 12 | F6: 294 | G6: =E6+F6 -> 306
B7: 3 | C7: 7 | D7: 2022 | E7: 11 | F7: 282 | G7: =E7+F7 -> 293
B8: 4 | C8: 7 | D8: 2022 | E8: 11 | F8: 280 | G8: =E8+F8 -> 291
B9: 5 | C9: 7 | D9: 2022 | E9: 12 | F9: 302 | G9: =E9+F9 -> 314
B10: 6 | C10: 7 | D10: 2022 | E10: 17 | F10: 325 | G10: =E10+F10 -> 342
B11: 7 | C11: 7 | D11: 2022 | E11: 8 | F11: 326 | G11: =E11+F11 -> 334
B12: 8 | C12: 7 | D12: 2022 | E12: 10 | F12: 274 | G12: =E12+F12 -> 284
B13: 9 | C13: 7 | D13: 2022 | E13: 11 | F13: 327 | G13: =E13+F13 -> 338
B14: 10 | C14: 7 | D14: 2022 | E14: 17 | F14: 376 | G14: =E14+F14 -> 393
B15: 11 | C15: 7 | D15: 2022 | E15: 10 | F15: 236 | G15: =E15+F15 -> 246
B16: 12 | C16: 7 | D16: 2022 | E16: 9 | F16: 256 | G16: =E16+F16 -> 265
... B35: 31 | C35: 7 | D35: 2022 | E35: 0 | F35: 254 | G35: =E35+F35 -> 254
E36: =SUM(E5:E35) -> 310 | F36: =SUM(F5:F35) -> 9495 | G36: =SUM(G5:G35) -> 9805
G40: =G36 -> 9805
B43: Unit Price | F43: Rupiah ( Rp) | G43: 12550
F46: Total Bill | G46: =G40*G43 -> 123052750
