Workbook

Sheet TOTAL
A1: Site Name | B1: Day | C1: Month | D1: Year | E1: Total Electricity Kwh | F1: Peak hour Kwh | G1: Low Peak Hour Kwh | H1: Electricity Tariff Peak Hour ($/Kwh) | I1: Electricity Tariff Low Peak Hour ($/Kwh) | J1: Electricity Total Tariff (Rupiah) | K1: Electricity Tariff ($/Kwh) | L1: Water Utility Supply (m3) m3 | M1: Water Utility Supply (m3) $/m3 | N1: Water Utility Supply (Rupiah) | O1: Room Nights
A2: Jakarta Private Residences | B2: 1 | C2: 11 | D2: 2021 | E2: =Electricity!G6 -> 24720 | F2: =Electricity!E6 -> 4480 | G2: =Electricity!F6 -> 20240 | H2: 1553.67 | I2: 1035.78 | J2: =Electricity!L6 -> 28594820 | K2: =J2/E2 -> 1156.7484 | L2: =Water!G5 -> 319 | M2: 12550 | N2: =M2*L2 -> 4003450 | O2: =Electricity!D6 -> 1035.78
A3: Jakarta Private Residences | B3: 2 | C3: 11 | D3: 2021 | E3: =Electricity!G7 -> 25320 | F3: =Electricity!E7 -> 4480 | G3: =Electricity!F7 -> 20840 | H3: 1553.67 | I3: 1035.78 | J3: =Electricity!L7 -> 29231203 | K3: =J3/E3 -> 1154.4709 | L3: =Water!G6 -> 300 | M3: 12550 | N3: =M3*L3 -> 3765000 | O3: =Electricity!D7 -> 1035.78
A4: Jakarta Private Residences | B4: 3 | C4: 11 | D4: 2021 | E4: =Electricity!G8 -> 25840 | F4: =Electricity!E8 -> 4440 | G4: =Electricity!F8 -> 21400 | H4: 1553.67 | I4: 1035.78 | J4: =Electricity!L8 -> 29761522 | K4: =J4/E4 -> 1151.7617 | L4: =Water!G7 -> 279 | M4: 12550 | N4: =M4*L4 -> 3501450 | O4: =Electricity!D8 -> 1035.78
A5: Jakarta Private Residences | B5: 4 | C5: 11 | D5: 2021 | E5: =Electricity!G9 -> 25200 | F5: =Electricity!E9 -> 4400 | G5: =Electricity!F9 -> 20800 | H5: 1553.67 | I5: 1035.78 | J5: =Electricity!L9 -> 29061501 | K5: =J5/E5 -> 1153.2342 | L5: =Water!G8 -> 358 | M5: 12550 | N5: =M5*L5 -> 4492900 | O5: =Electricity!D9 -> 1035.78
A6: Jakarta Private Residences | B6: 5 | C6: 11 | D6: 2021 | E6: =Electricity!G10 -> 26440 | F6: =Electricity!E10 -> 4640 | G6: =Electricity!F10 -> 21800 | H6: 1553.67 | I6: 1035.78 | J6: =Electricity!L10 -> 30503970 | K6: =J6/E6 -> 1153.7054 | L6: =Water!G9 -> 354 | M6: 12550 | N6: =M6*L6 -> 4442700 | O6: =Electricity!D10 -> 1035.78
A7: Jakarta Private Residences | B7: 6 | C7: 11 | D7: 2021 | E7: =Electricity!G11 -> 24760 | F7: =Electricity!E11 -> 4320 | G7: =Electricity!F11 -> 20440 | H7: 1553.67 | I7: 1035.78 | J7: =Electricity!L11 -> 28552394 | K7: =J7/E7 -> 1153.1662 | L7: =Water!G10 -> 303 | M7: 12550 | N7: =M7*L7 -> 3802650 | O7: =Electricity!D11 -> 1035.78
A8: Jakarta Private Residences | B8: 7 | C8: 11 | D8: 2021 | E8: =Electricity!G12 -> 22880 | F8: =Electricity!E12 -> 4400 | G8: =Electricity!F12 -> 18480 | H8: 1553.67 | I8: 1035.78 | J8: =Electricity!L12 -> 26600819 | K8: =J8/E8 -> 1162.6232 | L8: =Water!G11 -> 383 | M8: 12550 | N8: =M8*L8 -> 4806650 | O8: =Electricity!D12 -> 1035.78
A9: Jakarta Private Residences | B9: 8 | C9: 11 | D9: 2021 | E9: =Electricity!G13 -> 23920 | F9: =Electricity!E13 -> 4160 | G9: =Electricity!F13 -> 19760 | H9: 1553.67 | I9: 1035.78 | J9: =Electricity!L13 -> 27576607 | K9: =J9/E9 -> 1152.8682 | L9: =Water!G12 -> 349 | M9: 12550 | N9: =M9*L9 -> 4379950 | O9: =Electricity!D13 -> 1035.78
A10: Jakarta Private Residences | B10: 9 | C10: 11 | D10: 2021 | E10: =Electricity!G14 -> 24440 | F10: =Electricity!E14 -> 4440 | G10: =Electricity!F14 -> 20000 | H10: 1553.67 | I10: 1035.78 | J10: =Electricity!L14 -> 28276628 | K10: =J10/E10 -> 1156.9815 | L10: =Water!G13 -> 302 | M10: 12550 | N10: =M10*L10 -> 3790100 | O10: =Electricity!D14 -> 1035.78
A11: Jakarta Private Residences | B11: 10 | C11: 11 | D11: 2021 | E11: =Electricity!G15 -> 24240 | F11: =Electricity!E15 -> 4600 | G11: =Electricity!F15 -> 19640 | H11: 1553.67 | I11: 1035.78 | J11: =Electricity!L15 -> 28149352 | K11: =J11/E11 -> 1161.2769 | L11: =Water!G14 -> 430 | M11: 12550 | N11: =M11*L11 -> 5396500 | O11: =Electricity!D15 -> 1035.78
A12: Jakarta Private Residences | B12: 11 | C12: 11 | D12: 2021 | E12: =Electricity!G16 -> 25640 | F12: =Electricity!E16 -> 4480 | G12: =Electricity!F16 -> 21160 | H12: 1553.67 | I12: 1035.78 | J12: =Electricity!L16 -> 29570608 | K12: =J12/E12 -> 1153.2998 | L12: =Water!G15 -> 384 | M12: 12550 | N12: =M12*L12 -> 4819200 | O12: =Electricity!D16 -> 1035.78
A13: Jakarta Private Residences | B13: 12 | C13: 11 | D13: 2021 | E13: =Electricity!G17 -> 24360 | F13: =Electricity!E17 -> 4400 | G13: =Electricity!F17 -> 19960 | H13: 1553.67 | I13: 1035.78 | J13: =Electricity!L17 -> 28170564 | K13: =J13/E13 -> 1156.4271 | L13: =Water!G16 -> 316 | M13: 12550 | N13: =M13*L13 -> 3965800 | O13: =Electricity!D17 -> 1035.78
... A31: Jakarta Private Residences | B31: 30 | C31: 11 | D31: 2021 | E31: =Electricity!G35 -> 25560 | F31: =Electricity!E35 -> 4560 | G31: =Electricity!F35 -> 21000 | H31: 1553.67 | I31: 1035.78 | J31: =Electricity!L35 -> 29528182 | K31: =J31/E31 -> 1155.2497 | L31: =Water!G34 -> 330 | M31: 12550 | N31: =M31*L31 -> 4141500 | O31: =Electricity!D35 -> 1035.78

Sheet Electricity
B1: Electricity Distribution 2021
B2: Date | C2: Total Unit 235 | D2: Cost per kWh in Rupiah ( Rp) | E2: DAILY ELECTRICITY METER
E3: Peak Hour | F3: Low Peak Hour | G3: Total Metering | H3: Total Cost | K3: Tax for public service 2.4% | L3: TOTAL BILL
E4: ( 17:01-22:00) | F4: ( 22:01 -17:00) | G4: 24 Hour | H4: Peak Hour | I4: Low Peak Hour | J4: Total (Rp)
C5: OCC unit Apt | D5: 1035.78 | E5: kWh | F5: kWh | G5: kWh | H5: Rupiah | I5: Rupiah | J5: Rupiah | K5: Rupiah | L5: Rupiah
B6: 44501 | C6: 159 | D6: 1035.78 | E6: 4480 | F6: 20240 | G6: =F6+E6 -> 24720 | H6: =E6*1.5*D6 -> 6960441.6 | I6: =F6*D6 -> 20964187 | J6: =I6+H6 -> 27924629 | K6: =J6*0.024 -> 670191.09 | L6: =J6+K6 -> 28594820
B7: 44502 | C7: 159 | D7: 1035.78 | E7: 4480 | F7: 20840 | G7: =F7+E7 -> 25320 | H7: =E7*1.5*D7 -> 6960441.6 | I7: =F7*D7 -> 21585655 | J7: =I7+H7 -> 28546097 | K7: =J7*0.024 -> 685106.32 | L7: =J7+K7 -> 29231203
B8: 44503 | C8: 159 | D8: 1035.78 | E8: 4440 | F8: 21400 | G8: =F8+E8 -> 25840 | H8: =E8*1.5*D8 -> 6898294.8 | I8: =F8*D8 -> 22165692 | J8: =I8+H8 -> 29063987 | K8: =J8*0.024 -> 697535.68 | L8: =J8+K8 -> 29761522
B9: 44504 | C9: 159 | D9: 1035.78 | E9: 4400 | F9: 20800 | G9: =F9+E9 -> 25200 | H9: =E9*1.5*D9 -> 6836148 | I9: =F9*D9 -> 21544224 | J9: =I9+H9 -> 28380372 | K9: =J9*0.024 -> 681128.93 | L9: =J9+K9 -> 29061501
B10: 44505 | C10: 159 | D10: 1035.78 | E10: 4640 | F10: 21800 | G10: =F10+E10 -> 26440 | H10: =E10*1.5*D10 -> 7209028.8 | I10: =F10*D10 -> 22580004 | J10: =I10+H10 -> 29789033 | K10: =J10*0.024 -> 714936.79 | L10: =J10+K10 -> 30503970
B11: 44506 | C11: 159 | D11: 1035.78 | E11: 4320 | F11: 20440 | G11: =F11+E11 -> 24760 | H11: =E11*1.5*D11 -> 6711854.4 | I11: =F11*D11 -> 21171343 | J11: =I11+H11 -> 27883198 | K11: =J11*0.024 -> 669196.74 | L11: =J11+K11 -> 28552394
B12: 44507 | C12: 159 | D12: 1035.78 | E12: 4400 | F12: 18480 | G12: =F12+E12 -> 22880 | H12: =E12*1.5*D12 -> 6836148 | I12: =F12*D12 -> 19141214 | J12: =I12+H12 -> 25977362 | K12: =J12*0.024 -> 623456.7 | L12: =J12+K12 -> 26600819
B13: 44508 | C13: 159 | D13: 1035.78 | E13: 4160 | F13: 19760 | G13: =F13+E13 -> 23920 | H13: =E13*1.5*D13 -> 6463267.2 | I13: =F13*D13 -> 20467013 | J13: =I13+H13 -> 26930280 | K13: =J13*0.024 -> 646326.72 | L13: =J13+K13 -> 27576607
B14: 44509 | C14: 159 | D14: 1035.78 | E14: 4440 | F14: 20000 | G14: =F14+E14 -> 24440 | H14: =E14*1.5*D14 -> 6898294.8 | I14: =F14*D14 -> 20715600 | J14: =I14+H14 -> 27613895 | K14: =J14*0.024 -> 662733.48 | L14: =J14+K14 -> 28276628
B15: 44510 | C15: 159 | D15: 1035.78 | E15: 4600 | F15: 19640 | G15: =F15+E15 -> 24240 | H15: =E15*1.5*D15 -> 7146882 | I15: =F15*D15 -> 20342719 | J15: =I15+H15 -> 27489601 | K15: =J15*0.024 -> 659750.43 | L15: =J15+K15 -> 28149352
B16: 44511 | C16: 159 | D16: 1035.78 | E16: 4480 | F16: 21160 | G16: =F16+E16 -> 25640 | H16: =E16*1.5*D16 -> 6960441.6 | I16: =F16*D16 -> 21917105 | J16: =I16+H16 -> 28877546 | K16: =J16*0.024 -> 693061.11 | L16: =J16+K16 -> 29570608
B17: 44512 | C17: 159 | D17: 1035.78 | E17: 4400 | F17: 19960 | G17: =F17+E17 -> 24360 | H17: =E17*1.5*D17 -> 6836148 | I17: =F17*D17 -> 20674169 | J17: =I17+H17 -> 27510317 | K17: =J17*0.024 -> 660247.6 | L17: =J17+K17 -> 28170564
... B35: 44530 | C35: 159 | D35: 1035.78 | E35: 4560 | F35: 21000 | G35: =F35+E35 -> 25560 | H35: =E35*1.5*D35 -> 7084735.2 | I35: =F35*D35 -> 21751380 | J35: =I35+H35 -> 28836115 | K35: =J35*0.024 -> 692066.76 | L35: =J35+K35 -> 29528182
C36: =SUM(C6:C35) -> 4770 | E36: =SUM(E6:E35) -> 132240 | F36: =SUM(F6:F35) -> 612640 | G36: =SUM(G6:G35) -> 744880 | H36: =SUM(H6:H35) -> 2.0545732e+08 | I36: =SUM(I6:I35) -> 6.3456026e+08 | J36: =SUM(J6:J35) -> 8.4001758e+08 | K36: =SUM(K6:K35) -> 20160422 | L36: =SUM(L6:L35) -> 8.60178e+08

Sheet Water
B1: WATER METER READING
B3: Date | C3: Month | D3: Year | E3: Metering 1 | F3: Metering 2 | G3: Total Metering
E4: M3 | F4: M3 | G4: M3
B5: 1 | C5: 11 | D5: 2021 | E5: 5 | F5: 314 | G5: =E5+F5 -> 319
B6: 2 | C6: 11 | D6: 2021 | E6: 4 | F6: 296 | G6: =E6+F6 -> 300
B7: 3 | C7: 11 | D7: 2021 | E7: 4 | F7: 275 | G7: =E7+F7 -> 279
B8: 4 | C8: 11 | D8: 2021 | E8: 5 | F8: 353 | G8: =E8+F8 -> 358
B9: 5 | C9: 11 | D9: 2021 | E9: 5 | F9: 349 | G9: =E9+F9 -> 354
B10: 6 | C10: 11 | D10: 2021 | E10: 5 | F10: 298 | G10: =E10+F10 -> 303
B11: 7 | C11: 11 | D11: 2021 | E11: 5 | F11: 378 | G11: =E11+F11 -> 383
B12: 8 | C12: 11 | D12: 2021 | E12: 6 | F12: 343 | G12: =E12+F12 -> 349
B13: 9 | C13: 11 | D13: 2021 | E13: 4 | F13: 298 | G13: =E13+F13 -> 302
B14: 10 | C14: 11 | D14: 2021 | E14: 6 | F14: 424 | G14: =E14+F14 -> 430
B15: 11 | C15: 11 | D15: 2021 | E15: 6 | F15: 378 | G15: =E15+F15 -> 384
B16: 12 | C16: 11 | D16: 2021 | E16: 4 | F16: 312 | G16: =E16+F16 -> 316
... B34: 30 | C34: 11 | D34: 2021 | E34: 10 | F34: 320 | G34: =E34+F34 -> 330
E35: =SUM(E5:E34) -> 237 | F35: =SUM(F5:F34) -> 10299 | G35: =SUM(G5:G34) -> 10536
G39: =G35 -> 10536
B42: Unit Price | F42: Rupiah ( Rp) | G42: 12550
F45: Total Bill | G45: =G39*G42 -> 132226800
