Workbook

Sheet Total Daily 
A1: Site Name | B1: Day | C1: Month | D1: Year | E1: Total Electricity Kwh | F1: Electricity Tariff ($/Kwh) | G1: LPG (Kg) | H1: LPG $/Kg | I1: District Energy Cooling Kwh | J1: District Energy Cooling $/Kwh | K1: Water Utility Supply (m3) m3 | L1: Water Utility Supply (m3) m3 | M1: Water Utility Supply (m3) $/m3 | N1: Room Nights | O1: Total Guest
A2: Dubai DIFC | B2: 1 | C2: 3 | D2: 2023 | E2: ='Submetering Daily '!E2+'Submetering Daily '!F2 -> 9607 | F2: 0.118 | G2: ='Submetering Daily '!J2+'Submetering Daily '!K2+'Submetering Daily '!L2 -> 129.2949 | H2: 0.99 | I2: ='Submetering Daily '!N2 -> 16336 | J2: ='Submetering Daily '!O2 -> 0.081 | K2: ='03 - 2023'!H8-'03 - 2023'!H7 -> 0 | L2: ='Submetering Daily '!H2-'Submetering Daily '!P2-'Submetering Daily '!Q2 -> 104.59 | M2: 4.3936294 | N2: 99 | O2: 117
A3: Dubai DIFC | B3: =B2+1 -> 2 | C3: 3 | D3: 2023 | E3: ='Submetering Daily '!E3+'Submetering Daily '!F3 -> 9482 | F3: 0.118 | G3: ='Submetering Daily '!J3+'Submetering Daily '!K3+'Submetering Daily '!L3 -> 127.9341 | H3: 0.99 | I3: ='Submetering Daily '!N3 -> 16663 | J3: ='Submetering Daily '!O3 -> 0.081 | K3: ='03 - 2023'!H9-'03 - 2023'!H8 -> 0 | L3: ='Submetering Daily '!H3-'Submetering Daily '!P3-'Submetering Daily '!Q3 -> 99.1 | M3: 4.3936294 | N3: 100 | O3: 116
A4: Dubai DIFC | B4: =B3+1 -> 3 | C4: 3 | D4: 2023 | E4: ='Submetering Daily '!E4+'Submetering Daily '!F4 -> 9748 | F4: 0.118 | G4: ='Submetering Daily '!J4+'Submetering Daily '!K4+'Submetering Daily '!L4 -> 120.582 | H4: 0.99 | I4: ='Submetering Daily '!N4 -> 16918 | J4: ='Submetering Daily '!O4 -> 0.081 | K4: ='03 - 2023'!H10-'03 - 2023'!H9 -> 0 | L4: ='Submetering Daily '!H4-'Submetering Daily '!P4-'Submetering Daily '!Q4 -> 97.81 | M4: 4.3936294 | N4: 103 | O4: 130
A5: Dubai DIFC | B5: =B4+1 -> 4 | C5: 3 | D5: 2023 | E5: ='Submetering Daily '!E5+'Submetering Daily '!F5 -> 10136 | F5: 0.118 | G5: ='Submetering Daily '!J5+'Submetering Daily '!K5+'Submetering Daily '!L5 -> 141.8256 | H5: 0.99 | I5: ='Submetering Daily '!N5 -> 19171 | J5: ='Submetering Daily '!O5 -> 0.081 | K5: ='03 - 2023'!H11-'03 - 2023'!H10 -> 0 | L5: ='Submetering Daily '!H5-'Submetering Daily '!P5-'Submetering Daily '!Q5 -> 116.99 | M5: 4.3936294 | N5: 104 | O5: 145
A6: Dubai DIFC | B6: =B5+1 -> 5 | C6: 3 | D6: 2023 | E6: ='Submetering Daily '!E6+'Submetering Daily '!F6 -> 9805 | F6: 0.118 | G6: ='Submetering Daily '!J6+'Submetering Daily '!K6+'Submetering Daily '!L6 -> 128.6901 | H6: 0.99 | I6: ='Submetering Daily '!N6 -> 17757 | J6: ='Submetering Daily '!O6 -> 0.081 | K6: ='03 - 2023'!H12-'03 - 2023'!H11 -> 0 | L6: ='Submetering Daily '!H6-'Submetering Daily '!P6-'Submetering Daily '!Q6 -> 96.6 | M6: 4.3936294 | N6: 81 | O6: 117
A7: Dubai DIFC | B7: =B6+1 -> 6 | C7: 3 | D7: 2023 | E7: ='Submetering Daily '!E7+'Submetering Daily '!F7 -> 9649 | F7: 0.118 | G7: ='Submetering Daily '!J7+'Submetering Daily '!K7+'Submetering Daily '!L7 -> 121.7349 | H7: 0.99 | I7: ='Submetering Daily '!N7 -> 15704 | J7: ='Submetering Daily '!O7 -> 0.081 | K7: ='03 - 2023'!H13-'03 - 2023'!H12 -> 0 | L7: ='Submetering Daily '!H7-'Submetering Daily '!P7-'Submetering Daily '!Q7 -> 96.65 | M7: 4.3936294 | N7: 82 | O7: 119
A8: Dubai DIFC | B8: =B7+1 -> 7 | C8: 3 | D8: 2023 | E8: ='Submetering Daily '!E8+'Submetering Daily '!F8 -> 9702 | F8: 0.118 | G8: ='Submetering Daily '!J8+'Submetering Daily '!K8+'Submetering Daily '!L8 -> 131.9031 | H8: 0.99 | I8: ='Submetering Daily '!N8 -> 15711 | J8: ='Submetering Daily '!O8 -> 0.081 | K8: ='03 - 2023'!H14-'03 - 2023'!H13 -> 0 | L8: ='Submetering Daily '!H8-'Submetering Daily '!P8-'Submetering Daily '!Q8 -> 97.06 | M8: 4.3936294 | N8: 104 | O8: 137
A9: Dubai DIFC | B9: =B8+1 -> 8 | C9: 3 | D9: 2023 | E9: ='Submetering Daily '!E9+'Submetering Daily '!F9 -> 9594 | F9: 0.118 | G9: ='Submetering Daily '!J9+'Submetering Daily '!K9+'Submetering Daily '!L9 -> 134.2278 | H9: 0.99 | I9: ='Submetering Daily '!N9 -> 16121 | J9: ='Submetering Daily '!O9 -> 0.081 | K9: ='03 - 2023'!H15-'03 - 2023'!H14 -> 0 | L9: ='Submetering Daily '!H9-'Submetering Daily '!P9-'Submetering Daily '!Q9 -> 89.33 | M9: 4.3936294 | N9: 102 | O9: 130
A10: Dubai DIFC | B10: =B9+1 -> 9 | C10: 3 | D10: 2023 | E10: ='Submetering Daily '!E10+'Submetering Daily '!F10 -> 9808 | F10: 0.118 | G10: ='Submetering Daily '!J10+'Submetering Daily '!K10+'Submetering Daily '!L10 -> 120.4497 | H10: 0.99 | I10: ='Submetering Daily '!N10 -> 16463 | J10: ='Submetering Daily '!O10 -> 0.081 | K10: ='03 - 2023'!H16-'03 - 2023'!H15 -> 0 | L10: ='Submetering Daily '!H10-'Submetering Daily '!P10-'Submetering Daily '!Q10 -> 99.15 | M10: 4.3936294 | N10: 106 | O10: 132
A11: Dubai DIFC | B11: =B10+1 -> 10 | C11: 3 | D11: 2023 | E11: ='Submetering Daily '!E11+'Submetering Daily '!F11 -> 9866 | F11: 0.118 | G11: ='Submetering Daily '!J11+'Submetering Daily '!K11+'Submetering Daily '!L11 -> 144.4527 | H11: 0.99 | I11: ='Submetering Daily '!N11 -> 17799 | J11: ='Submetering Daily '!O11 -> 0.081 | K11: ='03 - 2023'!H17-'03 - 2023'!H16 -> 0 | L11: ='Submetering Daily '!H11-'Submetering Daily '!P11-'Submetering Daily '!Q11 -> 110.25 | M11: 4.3936294 | N11: 104 | O11: 126
A12: Dubai DIFC | B12: =B11+1 -> 11 | C12: 3 | D12: 2023 | E12: ='Submetering Daily '!E12+'Submetering Daily '!F12 -> 10072 | F12: 0.118 | G12: ='Submetering Daily '!J12+'Submetering Daily '!K12+'Submetering Daily '!L12 -> 117.0666 | H12: 0.99 | I12: ='Submetering Daily '!N12 -> 17393 | J12: ='Submetering Daily '!O12 -> 0.081 | K12: 0 | L12: ='Submetering Daily '!H12-'Submetering Daily '!P12-'Submetering Daily '!Q12 -> 102.86 | M12: 4.3936294 | N12: 104 | O12: 133
A13: Dubai DIFC | B13: =B12+1 -> 12 | C13: 3 | D13: 2023 | E13: ='Submetering Daily '!E13+'Submetering Daily '!F13 -> 9687 | F13: 0.118 | G13: ='Submetering Daily '!J13+'Submetering Daily '!K13+'Submetering Daily '!L13 -> 127.2915 | H13: 0.99 | I13: ='Submetering Daily '!N13 -> 18256 | J13: ='Submetering Daily '!O13 -> 0.081 | K13: ='03 - 2023'!H19-'03 - 2023'!H18 -> 0 | L13: ='Submetering Daily '!H13-'Submetering Daily '!P13-'Submetering Daily '!Q13 -> 97.5 | M13: 4.3936294 | N13: 82 | O13: 113
A14: Dubai DIFC | B14: =B13+1 -> 13 | C14: 3 | D14: 2023 | E14: ='Submetering Daily '!E14+'Submetering Daily '!F14 -> 9452 | F14: 0.118 | G14: ='Submetering Daily '!J14+'Submetering Daily '!K14+'Submetering Daily '!L14 -> 124.1541 | H14: 0.99 | I14: ='Submetering Daily '!N14 -> 18175 | J14: ='Submetering Daily '!O14 -> 0.081 | K14: ='03 - 2023'!H20-'03 - 2023'!H19 -> 0 | L14: ='Submetering Daily '!H14-'Submetering Daily '!P14-'Submetering Daily '!Q14 -> 87.39 | M14: 4.3936294 | N14: 82 | O14: 113
A15: Dubai DIFC | B15: =B14+1 -> 14 | C15: 3 | D15: 2023 | E15: ='Submetering Daily '!E15+'Submetering Daily '!F15 -> 9554 | F15: 0.118 | G15: ='Submetering Daily '!J15+'Submetering Daily '!K15+'Submetering Daily '!L15 -> 116.235 | H15: 0.99 | I15: ='Submetering Daily '!N15 -> 16704 | J15: ='Submetering Daily '!O15 -> 0.081 | K15: 0 | L15: ='Submetering Daily '!H15-'Submetering Daily '!P15-'Submetering Daily '!Q15 -> 103.41 | M15: 4.3936294 | N15: 87 | O15: 118
A16: Dubai DIFC | B16: =B15+1 -> 15 | C16: 3 | D16: 2023 | E16: ='Submetering Daily '!E16+'Submetering Daily '!F16 -> 9616 | F16: 0.118 | G16: ='Submetering Daily '!J16+'Submetering Daily '!K16+'Submetering Daily '!L16 -> 122.661 | H16: 0.99 | I16: ='Submetering Daily '!N16 -> 17599 | J16: ='Submetering Daily '!O16 -> 0.081 | K16: 0 | L16: ='Submetering Daily '!H16-'Submetering Daily '!P16-'Submetering Daily '!Q16 -> 94.77 | M16: 4.3936294 | N16: 91 | O16: 121
A17: Dubai DIFC | B17: =B16+1 -> 16 | C17: 3 | D17: 2023 | E17: ='Submetering Daily '!E17+'Submetering Daily '!F17 -> 9736 | F17: 0.118 | G17: ='Submetering Daily '!J17+'Submetering Daily '!K17+'Submetering Daily '!L17 -> 125.7417 | H17: 0.99 | I17: ='Submetering Daily '!N17 -> 18358 | J17: ='Submetering Daily '!O17 -> 0.081 | K17: 0 | L17: ='Submetering Daily '!H17-'Submetering Daily '!P17-'Submetering Daily '!Q17 -> 96.76 | M17: 4.3936294 | N17: 98 | O17: 129
A18: Dubai DIFC | B18: =B17+1 -> 17 | C18: 3 | D18: 2023 | E18: ='Submetering Daily '!E18+'Submetering Daily '!F18 -> 0 | F18: 0.118 | G18: ='Submetering Daily '!J18+'Submetering Daily '!K18+'Submetering Daily '!L18 -> 0 | H18: 0.99 | I18: ='Submetering Daily '!N18 -> 0 | J18: ='Submetering Daily '!O18 -> 0.081 | K18: 0 | L18: ='Submetering Daily '!H18-'Submetering Daily '!P18-'Submetering Daily '!Q18 -> 0 | M18: 4.3936294
A19: Dubai DIFC | B19: =B18+1 -> 18 | C19: 3 | D19: 2023 | E19: ='Submetering Daily '!E19+'Submetering Daily '!F19 -> 0 | F19: 0.118 | G19: ='Submetering Daily '!J19+'Submetering Daily '!K19+'Submetering Daily '!L19 -> 0 | H19: 0.99 | I19: ='Submetering Daily '!N19 -> 0 | J19: ='Submetering Daily '!O19 -> 0.081 | K19: ='03 - 2023'!H25-'03 - 2023'!H24 -> 0 | L19: ='Submetering Daily '!H19-'Submetering Daily '!P19-'Submetering Daily '!Q19 -> 0 | M19: 4.3936294
A20: Dubai DIFC | B20: =B19+1 -> 19 | C20: 3 | D20: 2023 | E20: ='Submetering Daily '!E20+'Submetering Daily '!F20 -> 0 | F20: 0.118 | G20: ='Submetering Daily '!J20+'Submetering Daily '!K20+'Submetering Daily '!L20 -> 0 | H20: 0.99 | I20: ='Submetering Daily '!N20 -> 0 | J20: ='Submetering Daily '!O20 -> 0.081 | K20: ='03 - 2023'!H26-'03 - 2023'!H25 -> 0 | L20: ='Submetering Daily '!H20-'Submetering Daily '!P20-'Submetering Daily '!Q20 -> 0 | M20: 4.3936294
A21: Dubai DIFC | B21: =B20+1 -> 20 | C21: 3 | D21: 2023 | E21: ='Submetering Daily '!E21+'Submetering Daily '!F21 -> 0 | F21: 0.118 | G21: ='Submetering Daily '!J21+'Submetering Daily '!K21+'Submetering Daily '!L21 -> 0 | H21: 0.99 | I21: ='Submetering Daily '!N21 -> 0 | J21: ='Submetering Daily '!O21 -> 0.081 | K21: ='03 - 2023'!H27-'03 - 2023'!H26 -> 0 | L21: ='Submetering Daily '!H21-'Submetering Daily '!P21-'Submetering Daily '!Q21 -> 0 | M21: 4.3936294
A22: Dubai DIFC | B22: =B21+1 -> 21 | C22: 3 | D22: 2023 | E22: ='Submetering Daily '!E22+'Submetering Daily '!F22 -> 0 | F22: 0.118 | G22: ='Submetering Daily '!J22+'Submetering Daily '!K22+'Submetering Daily '!L22 -> 0 | H22: 0.99 | I22: ='Submetering Daily '!N22 -> 0 | J22: ='Submetering Daily '!O22 -> 0.081 | K22: ='03 - 2023'!H28-'03 - 2023'!H27 -> 0 | L22: ='Submetering Daily '!H22-'Submetering Daily '!P22-'Submetering Daily '!Q22 -> 0 | M22: 4.3936294
A23: Dubai DIFC | B23: =B22+1 -> 22 | C23: 3 | D23: 2023 | E23: ='Submetering Daily '!E23+'Submetering Daily '!F23 -> 0 | F23: 0.118 | G23: ='Submetering Daily '!J23+'Submetering Daily '!K23+'Submetering Daily '!L23 -> 0 | H23: 0.99 | I23: ='Submetering Daily '!N23 -> 0 | J23: ='Submetering Daily '!O23 -> 0.081 | K23: ='03 - 2023'!H29-'03 - 2023'!H28 -> 0 | L23: ='Submetering Daily '!H23-'Submetering Daily '!P23-'Submetering Daily '!Q23 -> 0 | M23: 4.3936294
A24: Dubai DIFC | B24: =B23+1 -> 23 | C24: 3 | D24: 2023 | E24: ='Submetering Daily '!E24+'Submetering Daily '!F24 -> 0 | F24: 0.118 | G24: ='Submetering Daily '!J24+'Submetering Daily '!K24+'Submetering Daily '!L24 -> 0 | H24: 0.99 | I24: ='Submetering Daily '!N24 -> 0 | J24: ='Submetering Daily '!O24 -> 0.081 | K24: ='03 - 2023'!H30-'03 - 2023'!H29 -> 0 | L24: ='Submetering Daily '!H24-'Submetering Daily '!P24-'Submetering Daily '!Q24 -> 0 | M24: 4.3936294
A25: Dubai DIFC | B25: =B24+1 -> 24 | C25: 3 | D25: 2023 | E25: ='Submetering Daily '!E25+'Submetering Daily '!F25 -> 0 | F25: 0.118 | G25: ='Submetering Daily '!J25+'Submetering Daily '!K25+'Submetering Daily '!L25 -> 0 | H25: 0.99 | I25: ='Submetering Daily '!N25 -> 0 | J25: ='Submetering Daily '!O25 -> 0.081 | K25: ='03 - 2023'!H31-'03 - 2023'!H30 -> 0 | L25: ='Submetering Daily '!H25-'Submetering Daily '!P25-'Submetering Daily '!Q25 -> 0 | M25: 4.3936294
A26: Dubai DIFC | B26: =B25+1 -> 25 | C26: 3 | D26: 2023 | E26: ='Submetering Daily '!E26+'Submetering Daily '!F26 -> 0 | F26: 0.118 | G26: ='Submetering Daily '!J26+'Submetering Daily '!K26+'Submetering Daily '!L26 -> 0 | H26: 0.99 | I26: ='Submetering Daily '!N26 -> 0 | J26: ='Submetering Daily '!O26 -> 0.081 | K26: ='03 - 2023'!H32-'03 - 2023'!H31 -> 0 | L26: ='Submetering Daily '!H26-'Submetering Daily '!P26-'Submetering Daily '!Q26 -> 0 | M26: 4.3936294
A27: Dubai DIFC | B27: =B26+1 -> 26 | C27: 3 | D27: 2023 | E27: ='Submetering Daily '!E27+'Submetering Daily '!F27 -> 0 | F27: 0.118 | G27: ='Submetering Daily '!J27+'Submetering Daily '!K27+'Submetering Daily '!L27 -> 0 | H27: 0.99 | I27: ='Submetering Daily '!N27 -> 0 | J27: ='Submetering Daily '!O27 -> 0.081 | K27: ='03 - 2023'!H33-'03 - 2023'!H32 -> 0 | L27: ='Submetering Daily '!H27-'Submetering Daily '!P27-'Submetering Daily '!Q27 -> 0 | M27: 4.3936294
A28: Dubai DIFC | B28: =B27+1 -> 27 | C28: 3 | D28: 2023 | E28: ='Submetering Daily '!E28+'Submetering Daily '!F28 -> 0 | F28: 0.118 | G28: ='Submetering Daily '!J28+'Submetering Daily '!K28+'Submetering Daily '!L28 -> 0 | H28: 0.99 | I28: ='Submetering Daily '!N28 -> 0 | J28: ='Submetering Daily '!O28 -> 0.081 | K28: ='03 - 2023'!H34-'03 - 2023'!H33 -> 0 | L28: ='Submetering Daily '!H28-'Submetering Daily '!P28-'Submetering Daily '!Q28 -> 0 | M28: 4.3936294
A29: Dubai DIFC | B29: =B28+1 -> 28 | C29: 3 | D29: 2023 | E29: ='Submetering Daily '!E29+'Submetering Daily '!F29 -> 0 | F29: 0.118 | G29: ='Submetering Daily '!J29+'Submetering Daily '!K29+'Submetering Daily '!L29 -> 0 | H29: 0.99 | I29: ='Submetering Daily '!N29 -> 0 | J29: ='Submetering Daily '!O29 -> 0.081 | K29: ='03 - 2023'!H35-'03 - 2023'!H34 -> 0 | L29: ='Submetering Daily '!H29-'Submetering Daily '!P29-'Submetering Daily '!Q29 -> 0 | M29: 4.3936294
A30: Dubai DIFC | B30: 29 | C30: 3 | D30: 2023 | E30: ='Submetering Daily '!E30+'Submetering Daily '!F30 -> 0 | F30: 0.118 | G30: ='Submetering Daily '!J30+'Submetering Daily '!K30+'Submetering Daily '!L30 -> 0 | H30: 0.99 | I30: ='Submetering Daily '!N30 -> 0 | J30: ='Submetering Daily '!O30 -> 0.081 | K30: ='03 - 2023'!H36-'03 - 2023'!H35 -> 0 | L30: ='Submetering Daily '!H30-'Submetering Daily '!P30-'Submetering Daily '!Q30 -> 0 | M30: 4.3936294
A31: Dubai DIFC | B31: 30 | C31: 3 | D31: 2023 | E31: ='Submetering Daily '!E31+'Submetering Daily '!F31 -> 0 | F31: 0.118 | G31: ='Submetering Daily '!J31+'Submetering Daily '!K31+'Submetering Daily '!L31 -> 0 | H31: 0.99 | I31: ='Submetering Daily '!N31 -> 0 | J31: ='Submetering Daily '!O31 -> 0.081 | K31: ='03 - 2023'!H37-'03 - 2023'!H36 -> 0 | L31: ='Submetering Daily '!H31-'Submetering Daily '!P31-'Submetering Daily '!Q31 -> 0 | M31: 4.3936294
A32: Dubai DIFC | B32: 31 | C32: 3 | D32: 2023 | E32: ='Submetering Daily '!E32+'Submetering Daily '!F32 -> 0 | F32: 0.118 | G32: ='Submetering Daily '!J32+'Submetering Daily '!K32+'Submetering Daily '!L32 -> 0 | H32: 0.99 | I32: ='Submetering Daily '!N32 -> 0 | J32: ='Submetering Daily '!O32 -> 0.081 | K32: ='03 - 2023'!H38-'03 - 2023'!H37 -> 0 | L32: ='Submetering Daily '!H32-'Submetering Daily '!P32-'Submetering Daily '!Q32 -> 0 | M32: 4.3936294

Sheet Submetering Daily 
A1: Site Name | B1: Day | C1: Month | D1: Year | E1: Panel LV1 Kwh | F1: Panel LV2 Kwh | G1: Electricity Tariff ($/Kwh) | H1: Water Utility Supply (m3) m3 | I1: Water Utility Supply (m3) $/m3 | J1: Main Kitchen LPG (Kg) | K1: Podium Kitchen LPG (Kg) | L1: Boiler LPG (Kg) | M1: LPG $/Kg | N1: District Energy Cooling (kWh) | O1: District Energy Cooling $/Kwh | P1: Water C AVLI (m3) | Q1: Water H AVLI (m3) | R1: Electricity AVLI (kWh) | S1: AVLI District Energy Cooling (kWh) | T1: Room Nights | U1: Total Guest
A2: Dubai DIFC | B2: 1 | C2: 3 | D2: 2023 | E2: ='03 - 2023'!B8-'03 - 2023'!B7 -> 3955 | F2: ='03 - 2023'!C8-'03 - 2023'!C7 -> 5652 | G2: 0.118 | H2: ='03 - 2023'!I8-'03 - 2023'!I7 -> 118 | I2: 4.3936294 | J2: =('03 - 2023'!E8-'03 - 2023'!E7)*1.89 -> 51.4269 | K2: =('03 - 2023'!F8-'03 - 2023'!F7)*1.89 -> 15.5925 | L2: =('03 - 2023'!G8-'03 - 2023'!G7)*1.89 -> 62.2755 | M2: 0.74 | N2: ='03 - 2023'!J8-'03 - 2023'!J7 -> 16336 | O2: 0.081 | P2: ='03 - 2023'!M8-'03 - 2023'!M7 -> 4.22 | Q2: ='03 - 2023'!N8-'03 - 2023'!N7 -> 9.19 | R2: =('03 - 2023'!O8-'03 - 2023'!O7)*160 -> 1424 | S2: =('03 - 2023'!P8-'03 - 2023'!P7)*1000 -> 2300 | T2: 99 | U2: 117
A3: Dubai DIFC | B3: =B2+1 -> 2 | C3: 3 | D3: 2023 | E3: ='03 - 2023'!B9-'03 - 2023'!B8 -> 3835 | F3: ='03 - 2023'!C9-'03 - 2023'!C8 -> 5647 | G3: 0.118 | H3: ='03 - 2023'!I9-'03 - 2023'!I8 -> 113 | I3: 4.3936294 | J3: =('03 - 2023'!E9-'03 - 2023'!E8)*1.89 -> 54.2241 | K3: =('03 - 2023'!F9-'03 - 2023'!F8)*1.89 -> 14.6097 | L3: =('03 - 2023'!G9-'03 - 2023'!G8)*1.89 -> 59.1003 | M3: 0.74 | N3: ='03 - 2023'!J9-'03 - 2023'!J8 -> 16663 | O3: 0.081 | P3: ='03 - 2023'!M9-'03 - 2023'!M8 -> 4.62 | Q3: ='03 - 2023'!N9-'03 - 2023'!N8 -> 9.28 | R3: =('03 - 2023'!O9-'03 - 2023'!O8)*160 -> 1472 | S3: =('03 - 2023'!P9-'03 - 2023'!P8)*1000 -> 2400 | T3: 100 | U3: 116
A4: Dubai DIFC | B4: =B3+1 -> 3 | C4: 3 | D4: 2023 | E4: ='03 - 2023'!B10-'03 - 2023'!B9 -> 3955 | F4: ='03 - 2023'!C10-'03 - 2023'!C9 -> 5793 | G4: 0.118 | H4: ='03 - 2023'!I10-'03 - 2023'!I9 -> 112 | I4: 4.3936294 | J4: =('03 - 2023'!E10-'03 - 2023'!E9)*1.89 -> 46.7397 | K4: =('03 - 2023'!F10-'03 - 2023'!F9)*1.89 -> 16.1406 | L4: =('03 - 2023'!G10-'03 - 2023'!G9)*1.89 -> 57.7017 | M4: 0.74 | N4: ='03 - 2023'!J10-'03 - 2023'!J9 -> 16918 | O4: 0.081 | P4: ='03 - 2023'!M10-'03 - 2023'!M9 -> 4.86 | Q4: ='03 - 2023'!N10-'03 - 2023'!N9 -> 9.33 | R4: =('03 - 2023'!O10-'03 - 2023'!O9)*160 -> 1520 | S4: =('03 - 2023'!P10-'03 - 2023'!P9)*1000 -> 2500 | T4: 103 | U4: 130
A5: Dubai DIFC | B5: =B4+1 -> 4 | C5: 3 | D5: 2023 | E5: ='03 - 2023'!B11-'03 - 2023'!B10 -> 4092 | F5: ='03 - 2023'!C11-'03 - 2023'!C10 -> 6044 | G5: 0.118 | H5: ='03 - 2023'!I11-'03 - 2023'!I10 -> 134 | I5: 4.3936294 | J5: =('03 - 2023'!E11-'03 - 2023'!E10)*1.89 -> 58.6089 | K5: =('03 - 2023'!F11-'03 - 2023'!F10)*1.89 -> 16.9911 | L5: =('03 - 2023'!G11-'03 - 2023'!G10)*1.89 -> 66.2256 | M5: 0.74 | N5: ='03 - 2023'!J11-'03 - 2023'!J10 -> 19171 | O5: 0.081 | P5: ='03 - 2023'!M11-'03 - 2023'!M10 -> 6.27 | Q5: ='03 - 2023'!N11-'03 - 2023'!N10 -> 10.74 | R5: =('03 - 2023'!O11-'03 - 2023'!O10)*160 -> 1584 | S5: =('03 - 2023'!P11-'03 - 2023'!P10)*1000 -> 3000 | T5: 104 | U5: 145
A6: Dubai DIFC | B6: =B5+1 -> 5 | C6: 3 | D6: 2023 | E6: ='03 - 2023'!B12-'03 - 2023'!B11 -> 4048 | F6: ='03 - 2023'!C12-'03 - 2023'!C11 -> 5757 | G6: 0.118 | H6: ='03 - 2023'!I12-'03 - 2023'!I11 -> 111 | I6: 4.3936294 | J6: =('03 - 2023'!E12-'03 - 2023'!E11)*1.89 -> 50.5197 | K6: =('03 - 2023'!F12-'03 - 2023'!F11)*1.89 -> 15.7437 | L6: =('03 - 2023'!G12-'03 - 2023'!G11)*1.89 -> 62.4267 | M6: 0.74 | N6: ='03 - 2023'!J12-'03 - 2023'!J11 -> 17757 | O6: 0.081 | P6: ='03 - 2023'!M12-'03 - 2023'!M11 -> 4.66 | Q6: ='03 - 2023'!N12-'03 - 2023'!N11 -> 9.74 | R6: =('03 - 2023'!O12-'03 - 2023'!O11)*160 -> 1552 | S6: =('03 - 2023'!P12-'03 - 2023'!P11)*1000 -> 2700 | T6: 81 | U6: 117
A7: Dubai DIFC | B7: =B6+1 -> 6 | C7: 3 | D7: 2023 | E7: ='03 - 2023'!B13-'03 - 2023'!B12 -> 3977 | F7: ='03 - 2023'!C13-'03 - 2023'!C12 -> 5672 | G7: 0.118 | H7: ='03 - 2023'!I13-'03 - 2023'!I12 -> 108 | I7: 4.3936294 | J7: =('03 - 2023'!E13-'03 - 2023'!E12)*1.89 -> 47.6091 | K7: =('03 - 2023'!F13-'03 - 2023'!F12)*1.89 -> 14.7798 | L7: =('03 - 2023'!G13-'03 - 2023'!G12)*1.89 -> 59.346 | M7: 0.74 | N7: ='03 - 2023'!J13-'03 - 2023'!J12 -> 15704 | O7: 0.081 | P7: ='03 - 2023'!M13-'03 - 2023'!M12 -> 3.32 | Q7: ='03 - 2023'!N13-'03 - 2023'!N12 -> 8.03 | R7: =('03 - 2023'!O13-'03 - 2023'!O12)*160 -> 1728 | S7: =('03 - 2023'!P13-'03 - 2023'!P12)*1000 -> 2300 | T7: 82 | U7: 119
A8: Dubai DIFC | B8: =B7+1 -> 7 | C8: 3 | D8: 2023 | E8: ='03 - 2023'!B14-'03 - 2023'!B13 -> 3981 | F8: ='03 - 2023'!C14-'03 - 2023'!C13 -> 5721 | G8: 0.118 | H8: ='03 - 2023'!I14-'03 - 2023'!I13 -> 108 | I8: 4.3936294 | J8: =('03 - 2023'!E14-'03 - 2023'!E13)*1.89 -> 58.0986 | K8: =('03 - 2023'!F14-'03 - 2023'!F13)*1.89 -> 15.1767 | L8: =('03 - 2023'!G14-'03 - 2023'!G13)*1.89 -> 58.6278 | M8: 0.74 | N8: ='03 - 2023'!J14-'03 - 2023'!J13 -> 15711 | O8: 0.081 | P8: ='03 - 2023'!M14-'03 - 2023'!M13 -> 3.29 | Q8: ='03 - 2023'!N14-'03 - 2023'!N13 -> 7.65 | R8: =('03 - 2023'!O14-'03 - 2023'!O13)*160 -> 1456 | S8: =('03 - 2023'!P14-'03 - 2023'!P13)*1000 -> 2500 | T8: 104 | U8: 137
A9: Dubai DIFC | B9: =B8+1 -> 8 | C9: 3 | D9: 2023 | E9: ='03 - 2023'!B15-'03 - 2023'!B14 -> 3890 | F9: ='03 - 2023'!C15-'03 - 2023'!C14 -> 5704 | G9: 0.118 | H9: ='03 - 2023'!I15-'03 - 2023'!I14 -> 105 | I9: 4.3936294 | J9: =('03 - 2023'!E15-'03 - 2023'!E14)*1.89 -> 54.6021 | K9: =('03 - 2023'!F15-'03 - 2023'!F14)*1.89 -> 16.1595 | L9: =('03 - 2023'!G15-'03 - 2023'!G14)*1.89 -> 63.4662 | M9: 0.74 | N9: ='03 - 2023'!J15-'03 - 2023'!J14 -> 16121 | O9: 0.081 | P9: ='03 - 2023'!M15-'03 - 2023'!M14 -> 5.05 | Q9: ='03 - 2023'!N15-'03 - 2023'!N14 -> 10.62 | R9: =('03 - 2023'!O15-'03 - 2023'!O14)*160 -> 1568 | S9: =('03 - 2023'!P15-'03 - 2023'!P14)*1000 -> 2600 | T9: 102 | U9: 130
A10: Dubai DIFC | B10: =B9+1 -> 9 | C10: 3 | D10: 2023 | E10: ='03 - 2023'!B16-'03 - 2023'!B15 -> 3963 | F10: ='03 - 2023'!C16-'03 - 2023'!C15 -> 5845 | G10: 0.118 | H10: ='03 - 2023'!I16-'03 - 2023'!I15 -> 112 | I10: 4.3936294 | J10: =('03 - 2023'!E16-'03 - 2023'!E15)*1.89 -> 46.9098 | K10: =('03 - 2023'!F16-'03 - 2023'!F15)*1.89 -> 14.1183 | L10: =('03 - 2023'!G16-'03 - 2023'!G15)*1.89 -> 59.4216 | M10: 0.74 | N10: ='03 - 2023'!J16-'03 - 2023'!J15 -> 16463 | O10: 0.081 | P10: ='03 - 2023'!M16-'03 - 2023'!M15 -> 4.1 | Q10: ='03 - 2023'!N16-'03 - 2023'!N15 -> 8.75 | R10: =('03 - 2023'!O16-'03 - 2023'!O15)*160 -> 1648 | S10: =('03 - 2023'!P16-'03 - 2023'!P15)*1000 -> 2400 | T10: 106 | U10: 132
A11: Dubai DIFC | B11: =B10+1 -> 10 | C11: 3 | D11: 2023 | E11: ='03 - 2023'!B17-'03 - 2023'!B16 -> 4010 | F11: ='03 - 2023'!C17-'03 - 2023'!C16 -> 5856 | G11: 0.118 | H11: ='03 - 2023'!I17-'03 - 2023'!I16 -> 125 | I11: 4.3936294 | J11: =('03 - 2023'!E17-'03 - 2023'!E16)*1.89 -> 69.9678 | K11: =('03 - 2023'!F17-'03 - 2023'!F16)*1.89 -> 13.3056 | L11: =('03 - 2023'!G17-'03 - 2023'!G16)*1.89 -> 61.1793 | M11: 0.74 | N11: ='03 - 2023'!J17-'03 - 2023'!J16 -> 17799 | O11: 0.081 | P11: ='03 - 2023'!M17-'03 - 2023'!M16 -> 5 | Q11: ='03 - 2023'!N17-'03 - 2023'!N16 -> 9.75 | R11: =('03 - 2023'!O17-'03 - 2023'!O16)*160 -> 1520 | S11: =('03 - 2023'!P17-'03 - 2023'!P16)*1000 -> 2300 | T11: 104 | U11: 126
A12: Dubai DIFC | B12: =B11+1 -> 11 | C12: 3 | D12: 2023 | E12: ='03 - 2023'!B18-'03 - 2023'!B17 -> 3999 | F12: ='03 - 2023'!C18-'03 - 2023'!C17 -> 6073 | G12: 0.118 | H12: ='03 - 2023'!I18-'03 - 2023'!I17 -> 120 | I12: 4.3936294 | J12: =('03 - 2023'!E18-'03 - 2023'!E17)*1.89 -> 39.7089 | K12: =('03 - 2023'!F18-'03 - 2023'!F17)*1.89 -> 15.5169 | L12: =('03 - 2023'!G18-'03 - 2023'!G17)*1.89 -> 61.8408 | M12: 0.74 | N12: ='03 - 2023'!J18-'03 - 2023'!J17 -> 17393 | O12: 0.081 | P12: ='03 - 2023'!M18-'03 - 2023'!M17 -> 6.08 | Q12: ='03 - 2023'!N18-'03 - 2023'!N17 -> 11.06 | R12: =('03 - 2023'!O18-'03 - 2023'!O17)*160 -> 2464 | S12: =('03 - 2023'!P18-'03 - 2023'!P17)*1000 -> 2400 | T12: 104 | U12: 133
A13: Dubai DIFC | B13: =B12+1 -> 12 | C13: 3 | D13: 2023 | E13: ='03 - 2023'!B19-'03 - 2023'!B18 -> 3894 | F13: ='03 - 2023'!C19-'03 - 2023'!C18 -> 5793 | G13: 0.118 | H13: ='03 - 2023'!I19-'03 - 2023'!I18 -> 113 | I13: 4.3936294 | J13: =('03 - 2023'!E19-'03 - 2023'!E18)*1.89 -> 51.6348 | K13: =('03 - 2023'!F19-'03 - 2023'!F18)*1.89 -> 14.2128 | L13: =('03 - 2023'!G19-'03 - 2023'!G18)*1.89 -> 61.4439 | M13: 0.74 | N13: ='03 - 2023'!J19-'03 - 2023'!J18 -> 18256 | O13: 0.081 | P13: ='03 - 2023'!M19-'03 - 2023'!M18 -> 5.01 | Q13: ='03 - 2023'!N19-'03 - 2023'!N18 -> 10.49 | R13: =('03 - 2023'!O19-'03 - 2023'!O18)*160 -> 960 | S13: =('03 - 2023'!P19-'03 - 2023'!P18)*1000 -> 3000 | T13: 82 | U13: 113
A14: Dubai DIFC | B14: =B13+1 -> 13 | C14: 3 | D14: 2023 | E14: ='03 - 2023'!B20-'03 - 2023'!B19 -> 3693 | F14: ='03 - 2023'!C20-'03 - 2023'!C19 -> 5759 | G14: 0.118 | H14: ='03 - 2023'!I20-'03 - 2023'!I19 -> 97 | I14: 4.3936294 | J14: =('03 - 2023'!E20-'03 - 2023'!E19)*1.89 -> 52.9389 | K14: =('03 - 2023'!F20-'03 - 2023'!F19)*1.89 -> 14.0049 | L14: =('03 - 2023'!G20-'03 - 2023'!G19)*1.89 -> 57.2103 | M14: 0.74 | N14: ='03 - 2023'!J20-'03 - 2023'!J19 -> 18175 | O14: 0.081 | P14: ='03 - 2023'!M20-'03 - 2023'!M19 -> 1.89 | Q14: ='03 - 2023'!N20-'03 - 2023'!N19 -> 7.72 | R14: =('03 - 2023'!O20-'03 - 2023'!O19)*160 -> 1520 | S14: =('03 - 2023'!P20-'03 - 2023'!P19)*1000 -> 3000 | T14: 82 | U14: 113
... A17: Dubai DIFC | B17: =B16+1 -> 16 | C17: 3 | D17: 2023 | E17: ='03 - 2023'!B23-'03 - 2023'!B22 -> 3868 | F17: ='03 - 2023'!C23-'03 - 2023'!C22 -> 5868 | G17: 0.118 | H17: ='03 - 2023'!I23-'03 - 2023'!I22 -> 111 | I17: 4.3936294 | J17: =('03 - 2023'!E23-'03 - 2023'!E22)*1.89 -> 50.5008 | K17: =('03 - 2023'!F23-'03 - 2023'!F22)*1.89 -> 14.2128 | L17: =('03 - 2023'!G23-'03 - 2023'!G22)*1.89 -> 61.0281 | M17: 0.74 | N17: ='03 - 2023'!J23-'03 - 2023'!J22 -> 18358 | O17: 0.081 | P17: ='03 - 2023'!M23-'03 - 2023'!M22 -> 2.46 | Q17: ='03 - 2023'!N23-'03 - 2023'!N22 -> 11.78 | R17: =('03 - 2023'!O23-'03 - 2023'!O22)*160 -> 1648 | S17: =('03 - 2023'!P23-'03 - 2023'!P22)*1000 -> 2900 | T17: 98 | U17: 129
A18: Dubai DIFC | B18: =B17+1 -> 17 | C18: 3 | D18: 2023 | E18: 0 | F18: 0 | G18: 0.118 | H18: 0 | I18: 4.3936294 | J18: 0 | K18: 0 | L18: 0 | M18: 0.74 | N18: 0 | O18: 0.081 | P18: 0 | Q18: 0 | R18: 0 | S18: 0
A19: Dubai DIFC | B19: =B18+1 -> 18 | C19: 3 | D19: 2023 | E19: ='03 - 2023'!B25-'03 - 2023'!B24 -> 0 | F19: ='03 - 2023'!C25-'03 - 2023'!C24 -> 0 | G19: 0.118 | H19: ='03 - 2023'!I25-'03 - 2023'!I24 -> 0 | I19: 4.3936294 | J19: =('03 - 2023'!E25-'03 - 2023'!E24)*1.89 -> 0 | K19: =('03 - 2023'!F25-'03 - 2023'!F24)*1.89 -> 0 | L19: =('03 - 2023'!G25-'03 - 2023'!G24)*1.89 -> 0 | M19: 0.74 | N19: ='03 - 2023'!J25-'03 - 2023'!J24 -> 0 | O19: 0.081 | P19: ='03 - 2023'!M25-'03 - 2023'!M24 -> 0 | Q19: ='03 - 2023'!N25-'03 - 2023'!N24 -> 0 | R19: =('03 - 2023'!O25-'03 - 2023'!O24)*160 -> 0 | S19: =('03 - 2023'!P25-'03 - 2023'!P24)*1000 -> 0
A20: Dubai DIFC | B20: =B19+1 -> 19 | C20: 3 | D20: 2023 | E20: ='03 - 2023'!B26-'03 - 2023'!B25 -> 0 | F20: ='03 - 2023'!C26-'03 - 2023'!C25 -> 0 | G20: 0.118 | H20: ='03 - 2023'!I26-'03 - 2023'!I25 -> 0 | I20: 4.3936294 | J20: =('03 - 2023'!E26-'03 - 2023'!E25)*1.89 -> 0 | K20: =('03 - 2023'!F26-'03 - 2023'!F25)*1.89 -> 0 | L20: =('03 - 2023'!G26-'03 - 2023'!G25)*1.89 -> 0 | M20: 0.74 | N20: ='03 - 2023'!J26-'03 - 2023'!J25 -> 0 | O20: 0.081 | P20: ='03 - 2023'!M26-'03 - 2023'!M25 -> 0 | Q20: ='03 - 2023'!N26-'03 - 2023'!N25 -> 0 | R20: =('03 - 2023'!O26-'03 - 2023'!O25)*160 -> 0 | S20: =('03 - 2023'!P26-'03 - 2023'!P25)*1000 -> 0
A21: Dubai DIFC | B21: =B20+1 -> 20 | C21: 3 | D21: 2023 | E21: ='03 - 2023'!B27-'03 - 2023'!B26 -> 0 | F21: ='03 - 2023'!C27-'03 - 2023'!C26 -> 0 | G21: 0.118 | H21: ='03 - 2023'!I27-'03 - 2023'!I26 -> 0 | I21: 4.3936294 | J21: =('03 - 2023'!E27-'03 - 2023'!E26)*1.89 -> 0 | K21: =('03 - 2023'!F27-'03 - 2023'!F26)*1.89 -> 0 | L21: =('03 - 2023'!G27-'03 - 2023'!G26)*1.89 -> 0 | M21: 0.74 | N21: ='03 - 2023'!J27-'03 - 2023'!J26 -> 0 | O21: 0.081 | P21: ='03 - 2023'!M27-'03 - 2023'!M26 -> 0 | Q21: ='03 - 2023'!N27-'03 - 2023'!N26 -> 0 | R21: =('03 - 2023'!O27-'03 - 2023'!O26)*160 -> 0 | S21: =('03 - 2023'!P27-'03 - 2023'!P26)*1000 -> 0
A22: Dubai DIFC | B22: =B21+1 -> 21 | C22: 3 | D22: 2023 | E22: ='03 - 2023'!B28-'03 - 2023'!B27 -> 0 | F22: ='03 - 2023'!C28-'03 - 2023'!C27 -> 0 | G22: 0.118 | H22: ='03 - 2023'!I28-'03 - 2023'!I27 -> 0 | I22: 4.3936294 | J22: =('03 - 2023'!E28-'03 - 2023'!E27)*1.89 -> 0 | K22: =('03 - 2023'!F28-'03 - 2023'!F27)*1.89 -> 0 | L22: =('03 - 2023'!G28-'03 - 2023'!G27)*1.89 -> 0 | M22: 0.74 | N22: ='03 - 2023'!J28-'03 - 2023'!J27 -> 0 | O22: 0.081 | P22: ='03 - 2023'!M28-'03 - 2023'!M27 -> 0 | Q22: ='03 - 2023'!N28-'03 - 2023'!N27 -> 0 | R22: =('03 - 2023'!O28-'03 - 2023'!O27)*160 -> 0 | S22: =('03 - 2023'!P28-'03 - 2023'!P27)*1000 -> 0
A23: Dubai DIFC | B23: =B22+1 -> 22 | C23: 3 | D23: 2023 | E23: ='03 - 2023'!B29-'03 - 2023'!B28 -> 0 | F23: ='03 - 2023'!C29-'03 - 2023'!C28 -> 0 | G23: 0.118 | H23: ='03 - 2023'!I29-'03 - 2023'!I28 -> 0 | I23: 4.3936294 | J23: =('03 - 2023'!E29-'03 - 2023'!E28)*1.89 -> 0 | K23: =('03 - 2023'!F29-'03 - 2023'!F28)*1.89 -> 0 | L23: =('03 - 2023'!G29-'03 - 2023'!G28)*1.89 -> 0 | M23: 0.74 | N23: ='03 - 2023'!J29-'03 - 2023'!J28 -> 0 | O23: 0.081 | P23: ='03 - 2023'!M29-'03 - 2023'!M28 -> 0 | Q23: ='03 - 2023'!N29-'03 - 2023'!N28 -> 0 | R23: =('03 - 2023'!O29-'03 - 2023'!O28)*160 -> 0 | S23: =('03 - 2023'!P29-'03 - 2023'!P28)*1000 -> 0
A24: Dubai DIFC | B24: =B23+1 -> 23 | C24: 3 | D24: 2023 | E24: ='03 - 2023'!B30-'03 - 2023'!B29 -> 0 | F24: ='03 - 2023'!C30-'03 - 2023'!C29 -> 0 | G24: 0.118 | H24: ='03 - 2023'!I30-'03 - 2023'!I29 -> 0 | I24: 4.3936294 | J24: =('03 - 2023'!E30-'03 - 2023'!E29)*1.89 -> 0 | K24: =('03 - 2023'!F30-'03 - 2023'!F29)*1.89 -> 0 | L24: =('03 - 2023'!G30-'03 - 2023'!G29)*1.89 -> 0 | M24: 0.74 | N24: ='03 - 2023'!J30-'03 - 2023'!J29 -> 0 | O24: 0.081 | P24: ='03 - 2023'!M30-'03 - 2023'!M29 -> 0 | Q24: ='03 - 2023'!N30-'03 - 2023'!N29 -> 0 | R24: =('03 - 2023'!O30-'03 - 2023'!O29)*160 -> 0 | S24: =('03 - 2023'!P30-'03 - 2023'!P29)*1000 -> 0
A25: Dubai DIFC | B25: =B24+1 -> 24 | C25: 3 | D25: 2023 | E25: ='03 - 2023'!B31-'03 - 2023'!B30 -> 0 | F25: ='03 - 2023'!C31-'03 - 2023'!C30 -> 0 | G25: 0.118 | H25: ='03 - 2023'!I31-'03 - 2023'!I30 -> 0 | I25: 4.3936294 | J25: =('03 - 2023'!E31-'03 - 2023'!E30)*1.89 -> 0 | K25: =('03 - 2023'!F31-'03 - 2023'!F30)*1.89 -> 0 | L25: =('03 - 2023'!G31-'03 - 2023'!G30)*1.89 -> 0 | M25: 0.74 | N25: ='03 - 2023'!J31-'03 - 2023'!J30 -> 0 | O25: 0.081 | P25: ='03 - 2023'!M31-'03 - 2023'!M30 -> 0 | Q25: ='03 - 2023'!N31-'03 - 2023'!N30 -> 0 | R25: =('03 - 2023'!O31-'03 - 2023'!O30)*160 -> 0 | S25: =('03 - 2023'!P31-'03 - 2023'!P30)*1000 -> 0
A26: Dubai DIFC | B26: =B25+1 -> 25 | C26: 3 | D26: 2023 | E26: ='03 - 2023'!B32-'03 - 2023'!B31 -> 0 | F26: ='03 - 2023'!C32-'03 - 2023'!C31 -> 0 | G26: 0.118 | H26: ='03 - 2023'!I32-'03 - 2023'!I31 -> 0 | I26: 4.3936294 | J26: =('03 - 2023'!E32-'03 - 2023'!E31)*1.89 -> 0 | K26: =('03 - 2023'!F32-'03 - 2023'!F31)*1.89 -> 0 | L26: =('03 - 2023'!G32-'03 - 2023'!G31)*1.89 -> 0 | M26: 0.74 | N26: ='03 - 2023'!J32-'03 - 2023'!J31 -> 0 | O26: 0.081 | P26: ='03 - 2023'!M32-'03 - 2023'!M31 -> 0 | Q26: ='03 - 2023'!N32-'03 - 2023'!N31 -> 0 | R26: =('03 - 2023'!O32-'03 - 2023'!O31)*160 -> 0 | S26: =('03 - 2023'!P32-'03 - 2023'!P31)*1000 -> 0
A27: Dubai DIFC | B27: =B26+1 -> 26 | C27: 3 | D27: 2023 | E27: ='03 - 2023'!B33-'03 - 2023'!B32 -> 0 | F27: ='03 - 2023'!C33-'03 - 2023'!C32 -> 0 | G27: 0.118 | H27: ='03 - 2023'!I33-'03 - 2023'!I32 -> 0 | I27: 4.3936294 | J27: =('03 - 2023'!E33-'03 - 2023'!E32)*1.89 -> 0 | K27: =('03 - 2023'!F33-'03 - 2023'!F32)*1.89 -> 0 | L27: =('03 - 2023'!G33-'03 - 2023'!G32)*1.89 -> 0 | M27: 0.74 | N27: ='03 - 2023'!J33-'03 - 2023'!J32 -> 0 | O27: 0.081 | P27: ='03 - 2023'!M33-'03 - 2023'!M32 -> 0 | Q27: ='03 - 2023'!N33-'03 - 2023'!N32 -> 0 | R27: =('03 - 2023'!O33-'03 - 2023'!O32)*160 -> 0 | S27: =('03 - 2023'!P33-'03 - 2023'!P32)*1000 -> 0
A28: Dubai DIFC | B28: =B27+1 -> 27 | C28: 3 | D28: 2023 | E28: ='03 - 2023'!B34-'03 - 2023'!B33 -> 0 | F28: ='03 - 2023'!C34-'03 - 2023'!C33 -> 0 | G28: 0.118 | H28: ='03 - 2023'!I34-'03 - 2023'!I33 -> 0 | I28: 4.3936294 | J28: =('03 - 2023'!E34-'03 - 2023'!E33)*1.89 -> 0 | K28: =('03 - 2023'!F34-'03 - 2023'!F33)*1.89 -> 0 | L28: =('03 - 2023'!G34-'03 - 2023'!G33)*1.89 -> 0 | M28: 0.74 | N28: ='03 - 2023'!J34-'03 - 2023'!J33 -> 0 | O28: 0.081 | P28: ='03 - 2023'!M34-'03 - 2023'!M33 -> 0 | Q28: ='03 - 2023'!N34-'03 - 2023'!N33 -> 0 | R28: =('03 - 2023'!O34-'03 - 2023'!O33)*160 -> 0 | S28: =('03 - 2023'!P34-'03 - 2023'!P33)*1000 -> 0
A29: Dubai DIFC | B29: =B28+1 -> 28 | C29: 3 | D29: 2023 | E29: ='03 - 2023'!B35-'03 - 2023'!B34 -> 0 | F29: ='03 - 2023'!C35-'03 - 2023'!C34 -> 0 | G29: 0.118 | H29: ='03 - 2023'!I35-'03 - 2023'!I34 -> 0 | I29: 4.3936294 | J29: =('03 - 2023'!E35-'03 - 2023'!E34)*1.89 -> 0 | K29: =('03 - 2023'!F35-'03 - 2023'!F34)*1.89 -> 0 | L29: =('03 - 2023'!G35-'03 - 2023'!G34)*1.89 -> 0 | M29: 0.74 | N29: ='03 - 2023'!J35-'03 - 2023'!J34 -> 0 | O29: 0.081 | P29: ='03 - 2023'!M35-'03 - 2023'!M34 -> 0 | Q29: ='03 - 2023'!N35-'03 - 2023'!N34 -> 0 | R29: =('03 - 2023'!O35-'03 - 2023'!O34)*160 -> 0 | S29: =('03 - 2023'!P35-'03 - 2023'!P34)*1000 -> 0
A30: Dubai DIFC | B30: 29 | C30: 3 | D30: 2023 | E30: ='03 - 2023'!B36-'03 - 2023'!B35 -> 0 | F30: ='03 - 2023'!C36-'03 - 2023'!C35 -> 0 | G30: 0.118 | H30: ='03 - 2023'!I36-'03 - 2023'!I35 -> 0 | I30: 4.3936294 | J30: =('03 - 2023'!E36-'03 - 2023'!E35)*1.89 -> 0 | K30: =('03 - 2023'!F36-'03 - 2023'!F35)*1.89 -> 0 | L30: =('03 - 2023'!G36-'03 - 2023'!G35)*1.89 -> 0 | M30: 0.74 | N30: ='03 - 2023'!J36-'03 - 2023'!J35 -> 0 | O30: 0.081 | P30: ='03 - 2023'!M36-'03 - 2023'!M35 -> 0 | Q30: ='03 - 2023'!N36-'03 - 2023'!N35 -> 0 | R30: =('03 - 2023'!O36-'03 - 2023'!O35)*160 -> 0 | S30: =('03 - 2023'!P36-'03 - 2023'!P35)*1000 -> 0
A31: Dubai DIFC | B31: 30 | C31: 3 | D31: 2023 | E31: ='03 - 2023'!B37-'03 - 2023'!B36 -> 0 | F31: ='03 - 2023'!C37-'03 - 2023'!C36 -> 0 | G31: 0.118 | H31: ='03 - 2023'!I37-'03 - 2023'!I36 -> 0 | I31: 4.3936294 | J31: =('03 - 2023'!E37-'03 - 2023'!E36)*1.89 -> 0 | K31: =('03 - 2023'!F37-'03 - 2023'!F36)*1.89 -> 0 | L31: =('03 - 2023'!G37-'03 - 2023'!G36)*1.89 -> 0 | M31: 0.74 | N31: ='03 - 2023'!J37-'03 - 2023'!J36 -> 0 | O31: 0.081 | P31: ='03 - 2023'!M37-'03 - 2023'!M36 -> 0 | Q31: ='03 - 2023'!N37-'03 - 2023'!N36 -> 0 | R31: =('03 - 2023'!O37-'03 - 2023'!O36)*160 -> 0 | S31: =('03 - 2023'!P37-'03 - 2023'!P36)*1000 -> 0
A32: Dubai DIFC | B32: 31 | C32: 3 | D32: 2023 | E32: ='03 - 2023'!B38-'03 - 2023'!B37 -> 0 | F32: ='03 - 2023'!C38-'03 - 2023'!C37 -> 0 | G32: 0.118 | H32: ='03 - 2023'!I38-'03 - 2023'!I37 -> 0 | I32: 4.3936294 | J32: =('03 - 2023'!E38-'03 - 2023'!E37)*1.89 -> 0 | K32: =('03 - 2023'!F38-'03 - 2023'!F37)*1.89 -> 0 | L32: =('03 - 2023'!G38-'03 - 2023'!G37)*1.89 -> 0 | M32: 0.74 | N32: ='03 - 2023'!J38-'03 - 2023'!J37 -> 0 | O32: 0.081 | P32: ='03 - 2023'!M38-'03 - 2023'!M37 -> 0 | Q32: ='03 - 2023'!N38-'03 - 2023'!N37 -> 0 | R32: =('03 - 2023'!O38-'03 - 2023'!O37)*160 -> 0 | S32: =('03 - 2023'!P38-'03 - 2023'!P37)*1000 -> 0
R33: ='03 - 2023'!O39-'03 - 2023'!O38 -> 0

Sheet 03 - 2023
A3: FOUR SEASONS HOTEL - DIFC
A4: HLP READING MONTH OF MARCH' 2023
B5: Electricity | D5: LPG (cu.m) | H5: Water (cu.m) | J5: BTU
A6: Date | B6: LV-01, 2025952759 | C6: LV-2, 2030235407 | D6: Main Meter % | E6: Main Kitchen | F6: Podium Kitchen | G6: Boiler | H6: B-3 Water Meter (DIFC) | I6: MainWater Meter (DEWA) | J6: Chilled Water (KWH) | K6: Electricity (AVLI) | L6: Chilled Water (AVLI) | M6: Domestic Water (AVLI) | N6: Hot Water (AVLI) | O6: Electricity (kwh) | P6: Chilled Water | Q6: Gas Received (Litres) | R6: Remark
A7: 44985 | B7: 219098 | C7: 489303 | D7: 0.46 | E7: 8683.45 | F7: 4681.5 | G7: 51180.12 | H7: 14528 | I7: 189407 | J7: 63082168 | K7: 16547.6 | L7: 7358.5 | M7: 4058.41 | N7: 12010.31 | O7: 16547.6 | P7: 7358.5
A8: 44986 | B8: 223053 | C8: 494955 | D8: 0.4 | E8: 8710.66 | F8: 4689.75 | G8: 51213.07 | H8: 14528 | I8: 189525 | J8: 63098504 | K8: 16556.5 | L8: 7360.8 | M8: 4062.63 | N8: 12019.5 | O8: 16556.5 | P8: 7360.8
A9: 44987 | B9: 226888 | C9: 500602 | D9: 0.34 | E9: 8739.35 | F9: 4697.48 | G9: 51244.34 | H9: 14528 | I9: 189638 | J9: 63115167 | K9: 16565.7 | L9: 7363.2 | M9: 4067.25 | N9: 12028.78 | O9: 16565.7 | P9: 7363.2
A10: 44988 | B10: 230843 | C10: 506395 | D10: 0.25 | E10: 8764.08 | F10: 4706.02 | G10: 51274.87 | H10: 14528 | I10: 189750 | J10: 63132085 | K10: 16575.2 | L10: 7365.7 | M10: 4072.11 | N10: 12038.11 | O10: 16575.2 | P10: 7365.7
A11: 44989 | B11: 234935 | C11: 512439 | D11: 0.8 | E11: 8795.09 | F11: 4715.01 | G11: 51309.91 | H11: 14528 | I11: 189884 | J11: 63151256 | K11: 16585.1 | L11: 7368.7 | M11: 4078.38 | N11: 12048.85 | O11: 16585.1 | P11: 7368.7
A12: 44990 | B12: 238983 | C12: 518196 | D12: 0.7 | E12: 8821.82 | F12: 4723.34 | G12: 51342.94 | H12: 14528 | I12: 189995 | J12: 63169013 | M12: 4083.04 | N12: 12058.59 | O12: 16594.8 | P12: 7371.4
A13: 44991 | B13: 242960 | C13: 523868 | D13: 0.62 | E13: 8847.01 | F13: 4731.16 | G13: 51374.34 | H13: 14528 | I13: 190103 | J13: 63184717 | M13: 4086.36 | N13: 12066.62 | O13: 16605.6 | P13: 7373.7
A14: 44992 | B14: 246941 | C14: 529589 | D14: 0.55 | E14: 8877.75 | F14: 4739.19 | G14: 51405.36 | H14: 14528 | I14: 190211 | J14: 63200428 | M14: 4089.65 | N14: 12074.27 | O14: 16614.7 | P14: 7376.2
A15: 44993 | B15: 250831 | C15: 535293 | D15: 0.48 | E15: 8906.64 | F15: 4747.74 | G15: 51438.94 | H15: 14528 | I15: 190316 | J15: 63216549 | M15: 4094.7 | N15: 12084.89 | O15: 16624.5 | P15: 7378.8
A16: 44994 | B16: 254794 | C16: 541138 | D16: 0.41 | E16: 8931.46 | F16: 4755.21 | G16: 51470.38 | H16: 14528 | I16: 190428 | J16: 63233012 | M16: 4098.8 | N16: 12093.64 | O16: 16634.8 | P16: 7381.2
A17: 44995 | B17: 258804 | C17: 546994 | D17: 0.33 | E17: 8968.48 | F17: 4762.25 | G17: 51502.75 | H17: 14528 | I17: 190553 | J17: 63250811 | M17: 4103.8 | N17: 12103.39 | O17: 16644.3 | P17: 7383.5
A18: 44996 | B18: 262803 | C18: 553067 | D18: 0.23 | E18: 8989.49 | F18: 4770.46 | G18: 51535.47 | H18: 14528 | I18: 190673 | J18: 63268204 | M18: 4109.88 | N18: 12114.45 | O18: 16659.7 | P18: 7385.9
A19: 44997 | B19: 266697 | C19: 558860 | D19: 0.78 | E19: 9016.81 | F19: 4777.98 | G19: 51567.98 | H19: 14528 | I19: 190786 | J19: 63286460 | M19: 4114.89 | N19: 12124.94 | O19: 16665.7 | P19: 7388.9
A20: 44998 | B20: 270390 | C20: 564619 | D20: 0.7 | E20: 9044.82 | F20: 4785.39 | G20: 51598.25 | H20: 14528 | I20: 190883 | J20: 63304635 | M20: 4116.78 | N20: 12132.66 | O20: 16675.2 | P20: 7391.9
A21: 44999 | B21: 274334 | C21: 570229 | D21: 0.62 | E21: 9068.19 | F21: 4793.06 | G21: 51628.71 | H21: 14528 | I21: 190994 | J21: 63321339 | M21: 4118.27 | N21: 12138.76 | O21: 16684.9 | P21: 7393.7
A22: 45000 | B22: 278228 | C22: 575951 | D22: 0.55 | E22: 9093.68 | F22: 4801.23 | G22: 51659.95 | H22: 14528 | I22: 191101 | J22: 63338938 | M22: 4121.41 | N22: 12147.85 | O22: 16695 | P22: 7396.3
A23: 45001 | B23: 282096 | C23: 581819 | D23: 0.47 | E23: 9120.4 | F23: 4808.75 | G23: 51692.24 | H23: 14528 | I23: 191212 | J23: 63357296 | M23: 4123.87 | N23: 12159.63 | O23: 16705.3 | P23: 7399.2
A24: 45002
A25: 45003
A26: 45004
A27: 45005
A28: 45006
A29: 45007
A30: 45008
A31: 45009
A32: 45010
A33: 45011
A34: 45012
A35: 45013
... A38: 45016
A39: Readings | B39: -219098 | C39: -489303 | E39: -8683 | F39: -4682 | G39: -51180 | H39: -14528 | I39: -189407 | J39: -63082168 | Q39: 0
H40: -3195710 | I40: -41663668
