Workbook

Sheet TOTAL
A1: Site Name | B1: Day | C1: Month | D1: Year | E1: Total Electricity Kwh | F1: Electricity Tariff ($/Kwh) | G1: Natual Gas (m3) | H1: Natural Gas $/m3 | I1: Water Utility Supply (m3) | J1: Water Utility Supply ($/m3) | K1: Room Nights
A2: Cairo at Nile Plaza | B2: 1 | C2: 2 | D2: 2023 | E2: =(((Submetering!O2+Submetering!P2)*0.842284+Submetering!Q2+(Submetering!M2+Submetering!N2+Submetering!Y2)*0.7362)+(Submetering!O2+Submetering!P2+Submetering!Q2)*0.1488+(Submetering!M2+Submetering!N2+Submetering!Y2)*0.1167+(Submetering!K2+Submetering!L2-Submetering!Z2-Submetering!AA2-Submetering!AB2-Submetering!AC2-Submetering!Q2)+(Submetering!M2+Submetering!N2+Submetering!Y2)*0.1139) -> 64232.126 | F2: 1.27 | G2: =Gas!C3*0.9147 -> 2165.0949 | H2: 3.78 | I2: =Submetering!H2+Submetering!AD2+Submetering!AE2 -> 766 | J2: 9.13 | K2: =ELECT.!B3 -> 305
A3: Cairo at Nile Plaza | B3: =B2+1 -> 2 | C3: 2 | D3: 2023 | E3: =(((Submetering!O3+Submetering!P3)*0.842284+Submetering!Q3+(Submetering!M3+Submetering!N3+Submetering!Y3)*0.7362)+(Submetering!O3+Submetering!P3+Submetering!Q3)*0.1488+(Submetering!M3+Submetering!N3+Submetering!Y3)*0.1167+(Submetering!K3+Submetering!L3-Submetering!Z3-Submetering!AA3-Submetering!AB3-Submetering!AC3-Submetering!Q3)+(Submetering!M3+Submetering!N3+Submetering!Y3)*0.1139) -> 34321.858 | F3: 1.27 | G3: =Gas!C4*0.9147 -> 1797.3855 | H3: 3.78 | I3: =Submetering!H3+Submetering!AD3+Submetering!AE3 -> 636 | J3: 9.13 | K3: =ELECT.!B4 -> 295
A4: Cairo at Nile Plaza | B4: =B3+1 -> 3 | C4: 2 | D4: 2023 | E4: =(((Submetering!O4+Submetering!P4)*0.842284+Submetering!Q4+(Submetering!M4+Submetering!N4+Submetering!Y4)*0.7362)+(Submetering!O4+Submetering!P4+Submetering!Q4)*0.1488+(Submetering!M4+Submetering!N4+Submetering!Y4)*0.1167+(Submetering!K4+Submetering!L4-Submetering!Z4-Submetering!AA4-Submetering!AB4-Submetering!AC4-Submetering!Q4)+(Submetering!M4+Submetering!N4+Submetering!Y4)*0.1139) -> 55949.283 | F4: 1.27 | G4: =Gas!C5*0.9147 -> 2065.3926 | H4: 3.78 | I4: =Submetering!H4+Submetering!AD4+Submetering!AE4 -> 446 | J4: 9.13 | K4: =ELECT.!B5 -> 294
A5: Cairo at Nile Plaza | B5: =B4+1 -> 4 | C5: 2 | D5: 2023 | E5: =(((Submetering!O5+Submetering!P5)*0.842284+Submetering!Q5+(Submetering!M5+Submetering!N5+Submetering!Y5)*0.7362)+(Submetering!O5+Submetering!P5+Submetering!Q5)*0.1488+(Submetering!M5+Submetering!N5+Submetering!Y5)*0.1167+(Submetering!K5+Submetering!L5-Submetering!Z5-Submetering!AA5-Submetering!AB5-Submetering!AC5-Submetering!Q5)+(Submetering!M5+Submetering!N5+Submetering!Y5)*0.1139) -> 49099.67 | F5: 1.27 | G5: =Gas!C6*0.9147 -> 2112.0423 | H5: 3.78 | I5: =Submetering!H5+Submetering!AD5+Submetering!AE5 -> 486 | J5: 9.13 | K5: =ELECT.!B6 -> 310
A6: Cairo at Nile Plaza | B6: =B5+1 -> 5 | C6: 2 | D6: 2023 | E6: =(((Submetering!O6+Submetering!P6)*0.842284+Submetering!Q6+(Submetering!M6+Submetering!N6+Submetering!Y6)*0.7362)+(Submetering!O6+Submetering!P6+Submetering!Q6)*0.1488+(Submetering!M6+Submetering!N6+Submetering!Y6)*0.1167+(Submetering!K6+Submetering!L6-Submetering!Z6-Submetering!AA6-Submetering!AB6-Submetering!AC6-Submetering!Q6)+(Submetering!M6+Submetering!N6+Submetering!Y6)*0.1139) -> 59330.284 | F6: 1.27 | G6: =Gas!C7*0.9147 -> 1904.4054 | H6: 3.78 | I6: =Submetering!H6+Submetering!AD6+Submetering!AE6 -> 566 | J6: 9.13 | K6: =ELECT.!B7 -> 318
A7: Cairo at Nile Plaza | B7: =B6+1 -> 6 | C7: 2 | D7: 2023 | E7: =(((Submetering!O7+Submetering!P7)*0.842284+Submetering!Q7+(Submetering!M7+Submetering!N7+Submetering!Y7)*0.7362)+(Submetering!O7+Submetering!P7+Submetering!Q7)*0.1488+(Submetering!M7+Submetering!N7+Submetering!Y7)*0.1167+(Submetering!K7+Submetering!L7-Submetering!Z7-Submetering!AA7-Submetering!AB7-Submetering!AC7-Submetering!Q7)+(Submetering!M7+Submetering!N7+Submetering!Y7)*0.1139) -> 38078.816 | F7: 1.27 | G7: =Gas!C8*0.9147 -> 1780.9209 | H7: 3.78 | I7: =Submetering!H7+Submetering!AD7+Submetering!AE7 -> 476 | J7: 9.13 | K7: =ELECT.!B8 -> 317
A8: Cairo at Nile Plaza | B8: =B7+1 -> 7 | C8: 2 | D8: 2023 | E8: =(((Submetering!O8+Submetering!P8)*0.842284+Submetering!Q8+(Submetering!M8+Submetering!N8+Submetering!Y8)*0.7362)+(Submetering!O8+Submetering!P8+Submetering!Q8)*0.1488+(Submetering!M8+Submetering!N8+Submetering!Y8)*0.1167+(Submetering!K8+Submetering!L8-Submetering!Z8-Submetering!AA8-Submetering!AB8-Submetering!AC8-Submetering!Q8)+(Submetering!M8+Submetering!N8+Submetering!Y8)*0.1139) -> 65367.366 | F8: 1.27 | G8: =Gas!C9*0.9147 -> 2235.5268 | H8: 3.78 | I8: =Submetering!H8+Submetering!AD8+Submetering!AE8 -> 546 | J8: 9.13 | K8: =ELECT.!B9 -> 319
A9: Cairo at Nile Plaza | B9: =B8+1 -> 8 | C9: 2 | D9: 2023 | E9: =(((Submetering!O9+Submetering!P9)*0.842284+Submetering!Q9+(Submetering!M9+Submetering!N9+Submetering!Y9)*0.7362)+(Submetering!O9+Submetering!P9+Submetering!Q9)*0.1488+(Submetering!M9+Submetering!N9+Submetering!Y9)*0.1167+(Submetering!K9+Submetering!L9-Submetering!Z9-Submetering!AA9-Submetering!AB9-Submetering!AC9-Submetering!Q9)+(Submetering!M9+Submetering!N9+Submetering!Y9)*0.1139) -> 43295.225 | F9: 1.27 | G9: =Gas!C10*0.9147 -> 1773.6033 | H9: 3.78 | I9: =Submetering!H9+Submetering!AD9+Submetering!AE9 -> 486 | J9: 9.13 | K9: =ELECT.!B10 -> 309
A10: Cairo at Nile Plaza | B10: =B9+1 -> 9 | C10: 2 | D10: 2023 | E10: =(((Submetering!O10+Submetering!P10)*0.842284+Submetering!Q10+(Submetering!M10+Submetering!N10+Submetering!Y10)*0.7362)+(Submetering!O10+Submetering!P10+Submetering!Q10)*0.1488+(Submetering!M10+Submetering!N10+Submetering!Y10)*0.1167+(Submetering!K10+Submetering!L10-Submetering!Z10-Submetering!AA10-Submetering!AB10-Submetering!AC10-Submetering!Q10)+(Submetering!M10+Submetering!N10+Submetering!Y10)*0.1139) -> 45313.952 | F10: 1.27 | G10: =Gas!C11*0.9147 -> 1875.135 | H10: 3.78 | I10: =Submetering!H10+Submetering!AD10+Submetering!AE10 -> 586 | J10: 9.13 | K10: =ELECT.!B11 -> 312
A11: Cairo at Nile Plaza | B11: =B10+1 -> 10 | C11: 2 | D11: 2023 | E11: =(((Submetering!O11+Submetering!P11)*0.842284+Submetering!Q11+(Submetering!M11+Submetering!N11+Submetering!Y11)*0.7362)+(Submetering!O11+Submetering!P11+Submetering!Q11)*0.1488+(Submetering!M11+Submetering!N11+Submetering!Y11)*0.1167+(Submetering!K11+Submetering!L11-Submetering!Z11-Submetering!AA11-Submetering!AB11-Submetering!AC11-Submetering!Q11)+(Submetering!M11+Submetering!N11+Submetering!Y11)*0.1139) -> 59430.96 | F11: 1.27 | G11: =Gas!C12*0.9147 -> 1730.6124 | H11: 3.78 | I11: =Submetering!H11+Submetering!AD11+Submetering!AE11 -> 436 | J11: 9.13 | K11: =ELECT.!B12 -> 320
A12: Cairo at Nile Plaza | B12: =B11+1 -> 11 | C12: 2 | D12: 2023 | E12: =(((Submetering!O12+Submetering!P12)*0.842284+Submetering!Q12+(Submetering!M12+Submetering!N12+Submetering!Y12)*0.7362)+(Submetering!O12+Submetering!P12+Submetering!Q12)*0.1488+(Submetering!M12+Submetering!N12+Submetering!Y12)*0.1167+(Submetering!K12+Submetering!L12-Submetering!Z12-Submetering!AA12-Submetering!AB12-Submetering!AC12-Submetering!Q12)+(Submetering!M12+Submetering!N12+Submetering!Y12)*0.1139) -> 50606.891 | F12: 1.27 | G12: =Gas!C13*0.9147 -> 1828.4853 | H12: 3.78 | I12: =Submetering!H12+Submetering!AD12+Submetering!AE12 -> 566 | J12: 9.13 | K12: =ELECT.!B13 -> 310
A13: Cairo at Nile Plaza | B13: =B12+1 -> 12 | C13: 2 | D13: 2023 | E13: =(((Submetering!O13+Submetering!P13)*0.842284+Submetering!Q13+(Submetering!M13+Submetering!N13+Submetering!Y13)*0.7362)+(Submetering!O13+Submetering!P13+Submetering!Q13)*0.1488+(Submetering!M13+Submetering!N13+Submetering!Y13)*0.1167+(Submetering!K13+Submetering!L13-Submetering!Z13-Submetering!AA13-Submetering!AB13-Submetering!AC13-Submetering!Q13)+(Submetering!M13+Submetering!N13+Submetering!Y13)*0.1139) -> 55600.665 | F13: 1.27 | G13: =Gas!C14*0.9147 -> 2075.4543 | H13: 3.78 | I13: =Submetering!H13+Submetering!AD13+Submetering!AE13 -> 516 | J13: 9.13 | K13: =ELECT.!B14 -> 321
A14: Cairo at Nile Plaza | B14: =B13+1 -> 13 | C14: 2 | D14: 2023 | E14: =(((Submetering!O14+Submetering!P14)*0.842284+Submetering!Q14+(Submetering!M14+Submetering!N14+Submetering!Y14)*0.7362)+(Submetering!O14+Submetering!P14+Submetering!Q14)*0.1488+(Submetering!M14+Submetering!N14+Submetering!Y14)*0.1167+(Submetering!K14+Submetering!L14-Submetering!Z14-Submetering!AA14-Submetering!AB14-Submetering!AC14-Submetering!Q14)+(Submetering!M14+Submetering!N14+Submetering!Y14)*0.1139) -> 61007.48 | F14: 1.27 | G14: =Gas!C15*0.9147 -> 1798.3002 | H14: 3.78 | I14: =Submetering!H14+Submetering!AD14+Submetering!AE14 -> 576 | J14: 9.13 | K14: =ELECT.!B15 -> 308
... A32: Cairo at Nile Plaza | B32: =B31+1 -> 31 | C32: 2 | D32: 2023 | E32: =(((Submetering!O32+Submetering!P32)*0.842284+Submetering!Q32+(Submetering!M32+Submetering!N32+Submetering!Y32)*0.7362)+(Submetering!O32+Submetering!P32+Submetering!Q32)*0.1488+(Submetering!M32+Submetering!N32+Submetering!Y32)*0.1167+(Submetering!K32+Submetering!L32-Submetering!Z32-Submetering!AA32-Submetering!AB32-Submetering!AC32-Submetering!Q32)+(Submetering!M32+Submetering!N32+Submetering!Y32)*0.1139) -> 0 | F32: 4.27 | G32: =Gas!C33*0.9147 -> 0 | H32: 6.78 | I32: =Submetering!H32+Submetering!AD32+Submetering!AE32 -> -194 | J32: 12.13 | K32: =ELECT.!B33 -> 0

Sheet Submetering
A1: Site Name | B1: Day | C1: Month | D1: Year | E1: Main (m3) | F1: Podium (m3) | G1: Hotel (m3) | H1: Large (m3) | I1: Feeder 1 (KWh) | J1: Feeder 2 (KWh) | K1: T1 (KWh) | L1: T2 (KWh) | M1: T3 (KWh) | N1: T4 (KWh) | O1: T5 (KWh) | P1: T7 (KWh) | Q1: New Chiller (KWh) | R1: Hotel (BTU) | S1: B.S (BTU) | T1: LS (BTU) | U1: Mall (BTU) | V1: AHU#25 (BTU) | W1: AHU#9 (BTU) | X1: Room Nights | Y1: Loss (KWH) | Z1: Mall (KWH) | AA1: Citadel (KWH) | AB1: Rotana (KWH) | AC1: CIB (KWH) | AD1: Plaza suits water consumption (M3) | AE1: Hotel water consumption (M3)
A2: Cairo at Nile Plaza | B2: 1 | C2: 2 | D2: 2023 | E2: =Water!C3 -> 960 | F2: =Water!E3 -> 620 | G2: =Water!G3 -> 348.3 | H2: =Water!I3 -> 4.725 | I2: =ELECT.!F3 -> 9718 | J2: =ELECT.!H3 -> 56821 | K2: =ELECT.!K3 -> 11476 | L2: =ELECT.!M3 -> 6559 | M2: =ELECT.!O3 -> 2980 | N2: =ELECT.!Q3 -> 11726 | O2: =ELECT.!S3 -> 13602 | P2: =ELECT.!W3*2 -> 24606 | Q2: =ELECT.!D3 -> 320 | R2: =BTU!C3 -> 3.828 | S2: =BTU!F3 -> 1.156 | T2: =BTU!I3 -> 5 | U2: =BTU!O3 -> 3.008 | V2: =BTU!L3 -> 0.96 | W2: =BTU!R3 -> 0 | X2: =ELECT.!B3 -> 305 | Y2: =I2+J2-(K2+L2+M2+N2+O2+P2) -> -4410 | Z2: ='Mall, Citadel, Rotana'!C3+'Mall, Citadel, Rotana'!E3+'Mall, Citadel, Rotana'!G3+'Mall, Citadel, Rotana'!I3 -> 1196 | AA2: ='Mall, Citadel, Rotana'!K3+'Mall, Citadel, Rotana'!M3 -> 240 | AB2: ='Mall, Citadel, Rotana'!O3 -> 116 | AC2: ='Mall, Citadel, Rotana'!Q3+'Mall, Citadel, Rotana'!S3 -> 120 | AD2: =(E2-H2-194)*0.1318 -> 100.33604 | AE2: =E2-H2-AD2-194 -> 660.93895
A3: Cairo at Nile Plaza | B3: =B2+1 -> 2 | C3: 2 | D3: 2023 | E3: =Water!C4 -> 830 | F3: =Water!E4 -> 420 | G3: =Water!G4 -> 469.8 | H3: =Water!I4 -> 5.211 | I3: =ELECT.!F4 -> 5083 | J3: =ELECT.!H4 -> 31019 | K3: =ELECT.!K4 -> 6634 | L3: =ELECT.!M4 -> 3639 | M3: =ELECT.!O4 -> 1974 | N3: =ELECT.!Q4 -> 6107 | O3: =ELECT.!S4 -> 7385 | P3: =ELECT.!W4*2 -> 13450 | Q3: =ELECT.!D4 -> 480 | R3: =BTU!C4 -> 4.428 | S3: =BTU!F4 -> 1.526 | T3: =BTU!I4 -> 4 | U3: =BTU!O4 -> 3.511 | V3: =BTU!L4 -> 0.56 | W3: =BTU!R4 -> 0.4 | X3: =ELECT.!B4 -> 295 | Y3: =I3+J3-(K3+L3+M3+N3+O3+P3) -> -3087 | Z3: ='Mall, Citadel, Rotana'!C4+'Mall, Citadel, Rotana'!E4+'Mall, Citadel, Rotana'!G4+'Mall, Citadel, Rotana'!I4 -> 1035 | AA3: ='Mall, Citadel, Rotana'!K4+'Mall, Citadel, Rotana'!M4 -> 180 | AB3: ='Mall, Citadel, Rotana'!O4 -> 165 | AC3: ='Mall, Citadel, Rotana'!Q4+'Mall, Citadel, Rotana'!S4 -> 120 | AD3: =(E3-H3-194)*0.1318 -> 83.13799 | AE3: =E3-H3-AD3-194 -> 547.65101
A4: Cairo at Nile Plaza | B4: =B3+1 -> 3 | C4: 2 | D4: 2023 | E4: =Water!C5 -> 640 | F4: =Water!E5 -> 370 | G4: =Water!G5 -> 313.2 | H4: =Water!I5 -> 4.455 | I4: =ELECT.!F5 -> 8452 | J4: =ELECT.!H5 -> 49587 | K4: =ELECT.!K5 -> 9222 | L4: =ELECT.!M5 -> 5839 | M4: =ELECT.!O5 -> 1792 | N4: =ELECT.!Q5 -> 9916 | O4: =ELECT.!S5 -> 11903 | P4: =ELECT.!W5*2 -> 22298 | Q4: =ELECT.!D5 -> 320 | R4: =BTU!C5 -> 3.599 | S4: =BTU!F5 -> 0.591 | T4: =BTU!I5 -> 4 | U4: =BTU!O5 -> 2.662 | V4: =BTU!L5 -> 0 | W4: =BTU!R5 -> 0.13 | X4: =ELECT.!B5 -> 294 | Y4: =I4+J4-(K4+L4+M4+N4+O4+P4) -> -2931 | Z4: ='Mall, Citadel, Rotana'!C5+'Mall, Citadel, Rotana'!E5+'Mall, Citadel, Rotana'!G5+'Mall, Citadel, Rotana'!I5 -> 1178 | AA4: ='Mall, Citadel, Rotana'!K5+'Mall, Citadel, Rotana'!M5 -> 180 | AB4: ='Mall, Citadel, Rotana'!O5 -> 62 | AC4: ='Mall, Citadel, Rotana'!Q5+'Mall, Citadel, Rotana'!S5 -> 121 | AD4: =(E4-H4-194)*0.1318 -> 58.195631 | AE4: =E4-H4-AD4-194 -> 383.34937
A5: Cairo at Nile Plaza | B5: =B4+1 -> 4 | C5: 2 | D5: 2023 | E5: =Water!C6 -> 680 | F5: =Water!E6 -> 380 | G5: =Water!G6 -> 324 | H5: =Water!I6 -> 5.076 | I5: =ELECT.!F6 -> 7450 | J5: =ELECT.!H6 -> 43673 | K5: =ELECT.!K6 -> 8130 | L5: =ELECT.!M6 -> 5174 | M5: =ELECT.!O6 -> 2124 | N5: =ELECT.!Q6 -> 9209 | O5: =ELECT.!S6 -> 10403 | P5: =ELECT.!W6*2 -> 19108 | Q5: =ELECT.!D6 -> 320 | R5: =BTU!C6 -> 5.637 | S5: =BTU!F6 -> 1.076 | T5: =BTU!I6 -> 6 | U5: =BTU!O6 -> 4.191 | V5: =BTU!L6 -> 1.6 | W5: =BTU!R6 -> 0.13 | X5: =ELECT.!B6 -> 310 | Y5: =I5+J5-(K5+L5+M5+N5+O5+P5) -> -3025 | Z5: ='Mall, Citadel, Rotana'!C6+'Mall, Citadel, Rotana'!E6+'Mall, Citadel, Rotana'!G6+'Mall, Citadel, Rotana'!I6 -> 1175 | AA5: ='Mall, Citadel, Rotana'!K6+'Mall, Citadel, Rotana'!M6 -> 120 | AB5: ='Mall, Citadel, Rotana'!O6 -> 119 | AC5: ='Mall, Citadel, Rotana'!Q6+'Mall, Citadel, Rotana'!S6 -> 118 | AD5: =(E5-H5-194)*0.1318 -> 63.385783 | AE5: =E5-H5-AD5-194 -> 417.53822
A6: Cairo at Nile Plaza | B6: =B5+1 -> 5 | C6: 2 | D6: 2023 | E6: =Water!C7 -> 760 | F6: =Water!E7 -> 430 | G6: =Water!G7 -> 364.5 | H6: =Water!I7 -> 4.86 | I6: =ELECT.!F7 -> 9121 | J6: =ELECT.!H7 -> 52240 | K6: =ELECT.!K7 -> 10406 | L6: =ELECT.!M7 -> 6556 | M6: =ELECT.!O7 -> 2382 | N6: =ELECT.!Q7 -> 10675 | O6: =ELECT.!S7 -> 12361 | P6: =ELECT.!W7*2 -> 22918 | Q6: =ELECT.!D7 -> 320 | R6: =BTU!C7 -> 3.263 | S6: =BTU!F7 -> 1.128 | T6: =BTU!I7 -> 4 | U6: =BTU!O7 -> 2.32 | V6: =BTU!L7 -> 1.01 | W6: =BTU!R7 -> 0.13 | X6: =ELECT.!B7 -> 318 | Y6: =I6+J6-(K6+L6+M6+N6+O6+P6) -> -3937 | Z6: ='Mall, Citadel, Rotana'!C7+'Mall, Citadel, Rotana'!E7+'Mall, Citadel, Rotana'!G7+'Mall, Citadel, Rotana'!I7 -> 1053 | AA6: ='Mall, Citadel, Rotana'!K7+'Mall, Citadel, Rotana'!M7 -> 180 | AB6: ='Mall, Citadel, Rotana'!O7 -> 108 | AC6: ='Mall, Citadel, Rotana'!Q7+'Mall, Citadel, Rotana'!S7 -> 120 | AD6: =(E6-H6-194)*0.1318 -> 73.958252 | AE6: =E6-H6-AD6-194 -> 487.18175
A7: Cairo at Nile Plaza | B7: =B6+1 -> 6 | C7: 2 | D7: 2023 | E7: =Water!C8 -> 670 | F7: =Water!E8 -> 370 | G7: =Water!G8 -> 332.1 | H7: =Water!I8 -> 4.347 | I7: =ELECT.!F8 -> 6038 | J7: =ELECT.!H8 -> 33916 | K7: =ELECT.!K8 -> 5826 | L7: =ELECT.!M8 -> 4473 | M7: =ELECT.!O8 -> 1444 | N7: =ELECT.!Q8 -> 6902 | O7: =ELECT.!S8 -> 8094 | P7: =ELECT.!W8*2 -> 14956 | Q7: =ELECT.!D8 -> 320 | R7: =BTU!C8 -> 4.931 | S7: =BTU!F8 -> 1.817 | T7: =BTU!I8 -> 5 | U7: =BTU!O8 -> 3.039 | V7: =BTU!L8 -> 1.42 | W7: =BTU!R8 -> 0.33 | X7: =ELECT.!B8 -> 317 | Y7: =I7+J7-(K7+L7+M7+N7+O7+P7) -> -1741 | Z7: ='Mall, Citadel, Rotana'!C8+'Mall, Citadel, Rotana'!E8+'Mall, Citadel, Rotana'!G8+'Mall, Citadel, Rotana'!I8 -> 1080 | AA7: ='Mall, Citadel, Rotana'!K8+'Mall, Citadel, Rotana'!M8 -> 240 | AB7: ='Mall, Citadel, Rotana'!O8 -> 59 | AC7: ='Mall, Citadel, Rotana'!Q8+'Mall, Citadel, Rotana'!S8 -> 119 | AD7: =(E7-H7-194)*0.1318 -> 62.163865 | AE7: =E7-H7-AD7-194 -> 409.48913
A8: Cairo at Nile Plaza | B8: =B7+1 -> 7 | C8: 2 | D8: 2023 | E8: =Water!C9 -> 740 | F8: =Water!E9 -> 380 | G8: =Water!G9 -> 364.5 | H8: =Water!I9 -> 6.021 | I8: =ELECT.!F9 -> 9735 | J8: =ELECT.!H9 -> 58356 | K8: =ELECT.!K9 -> 12276 | L8: =ELECT.!M9 -> 7275 | M8: =ELECT.!O9 -> 2272 | N8: =ELECT.!Q9 -> 11570 | O8: =ELECT.!S9 -> 13519 | P8: =ELECT.!W9*2 -> 26362 | Q8: =ELECT.!D9 -> 480 | R8: =BTU!C9 -> 3.298 | S8: =BTU!F9 -> 1.112 | T8: =BTU!I9 -> 4 | U8: =BTU!O9 -> 2.606 | V8: =BTU!L9 -> 1.27 | W8: =BTU!R9 -> 0.12 | X8: =ELECT.!B9 -> 319 | Y8: =I8+J8-(K8+L8+M8+N8+O8+P8) -> -5183 | Z8: ='Mall, Citadel, Rotana'!C9+'Mall, Citadel, Rotana'!E9+'Mall, Citadel, Rotana'!G9+'Mall, Citadel, Rotana'!I9 -> 1681 | AA8: ='Mall, Citadel, Rotana'!K9+'Mall, Citadel, Rotana'!M9 -> 180 | AB8: ='Mall, Citadel, Rotana'!O9 -> 110 | AC8: ='Mall, Citadel, Rotana'!Q9+'Mall, Citadel, Rotana'!S9 -> 181 | AD8: =(E8-H8-194)*0.1318 -> 71.169232 | AE8: =E8-H8-AD8-194 -> 468.80977
A9: Cairo at Nile Plaza | B9: =B8+1 -> 8 | C9: 2 | D9: 2023 | E9: =Water!C10 -> 680 | F9: =Water!E10 -> 360 | G9: =Water!G10 -> 359.1 | H9: =Water!I10 -> 5.589 | I9: =ELECT.!F10 -> 7045 | J9: =ELECT.!H10 -> 38093 | K9: =ELECT.!K10 -> 7946 | L9: =ELECT.!M10 -> 5072 | M9: =ELECT.!O10 -> 1560 | N9: =ELECT.!Q10 -> 7496 | O9: =ELECT.!S10 -> 8754 | P9: =ELECT.!W10*2 -> 17138 | Q9: =ELECT.!D10 -> 960 | R9: =BTU!C10 -> 3.562 | S9: =BTU!F10 -> 1.279 | T9: =BTU!I10 -> 5 | U9: =BTU!O10 -> 3.113 | V9: =BTU!L10 -> 1.77 | W9: =BTU!R10 -> 0.17 | X9: =ELECT.!B10 -> 309 | Y9: =I9+J9-(K9+L9+M9+N9+O9+P9) -> -2828 | Z9: ='Mall, Citadel, Rotana'!C10+'Mall, Citadel, Rotana'!E10+'Mall, Citadel, Rotana'!G10+'Mall, Citadel, Rotana'!I10 -> 1193 | AA9: ='Mall, Citadel, Rotana'!K10+'Mall, Citadel, Rotana'!M10 -> 240 | AB9: ='Mall, Citadel, Rotana'!O10 -> 115 | AC9: ='Mall, Citadel, Rotana'!Q10+'Mall, Citadel, Rotana'!S10 -> 0 | AD9: =(E9-H9-194)*0.1318 -> 63.31817 | AE9: =E9-H9-AD9-194 -> 417.09283
A10: Cairo at Nile Plaza | B10: =B9+1 -> 9 | C10: 2 | D10: 2023 | E10: =Water!C11 -> 780 | F10: =Water!E11 -> 420 | G10: =Water!G11 -> 359.1 | H10: =Water!I11 -> 5.157 | I10: =ELECT.!F11 -> 6784 | J10: =ELECT.!H11 -> 40987 | K10: =ELECT.!K11 -> 8088 | L10: =ELECT.!M11 -> 5143 | M10: =ELECT.!O11 -> 1774 | N10: =ELECT.!Q11 -> 8254 | O10: =ELECT.!S11 -> 9211 | P10: =ELECT.!W11*2 -> 18678 | Q10: =ELECT.!D11 -> 480 | R10: =BTU!C11 -> 3.518 | S10: =BTU!F11 -> 1.407 | T10: =BTU!I11 -> 4 | U10: =BTU!O11 -> 3.174 | V10: =BTU!L11 -> 1.72 | W10: =BTU!R11 -> 0.28 | X10: =ELECT.!B11 -> 312 | Y10: =I10+J10-(K10+L10+M10+N10+O10+P10) -> -3377 | Z10: ='Mall, Citadel, Rotana'!C11+'Mall, Citadel, Rotana'!E11+'Mall, Citadel, Rotana'!G11+'Mall, Citadel, Rotana'!I11 -> 1373 | AA10: ='Mall, Citadel, Rotana'!K11+'Mall, Citadel, Rotana'!M11 -> 240 | AB10: ='Mall, Citadel, Rotana'!O11 -> 153 | AC10: ='Mall, Citadel, Rotana'!Q11+'Mall, Citadel, Rotana'!S11 -> 293 | AD10: =(E10-H10-194)*0.1318 -> 76.555107 | AE10: =E10-H10-AD10-194 -> 504.28789
A11: Cairo at Nile Plaza | B11: =B10+1 -> 10 | C11: 2 | D11: 2023 | E11: =Water!C12 -> 630 | F11: =Water!E12 -> 320 | G11: =Water!G12 -> 369.9 | H11: =Water!I12 -> 3.78 | I11: =ELECT.!F12 -> 8779 | J11: =ELECT.!H12 -> 52887 | K11: =ELECT.!K12 -> 9548 | L11: =ELECT.!M12 -> 6241 | M11: =ELECT.!O12 -> 2362 | N11: =ELECT.!Q12 -> 11017 | O11: =ELECT.!S12 -> 12360 | P11: =ELECT.!W12*2 -> 23740 | Q11: =ELECT.!D12 -> 480 | R11: =BTU!C12 -> 3.998 | S11: =BTU!F12 -> 1.03 | T11: =BTU!I12 -> 5 | U11: =BTU!O12 -> 3.264 | V11: =BTU!L12 -> 1.7 | W11: =BTU!R12 -> 0.33 | X11: =ELECT.!B12 -> 320 | Y11: =I11+J11-(K11+L11+M11+N11+O11+P11) -> -3602 | Z11: ='Mall, Citadel, Rotana'!C12+'Mall, Citadel, Rotana'!E12+'Mall, Citadel, Rotana'!G12+'Mall, Citadel, Rotana'!I12 -> 1349 | AA11: ='Mall, Citadel, Rotana'!K12+'Mall, Citadel, Rotana'!M12 -> 120 | AB11: ='Mall, Citadel, Rotana'!O12 -> 46 | AC11: ='Mall, Citadel, Rotana'!Q12+'Mall, Citadel, Rotana'!S12 -> 145 | AD11: =(E11-H11-194)*0.1318 -> 56.966596 | AE11: =E11-H11-AD11-194 -> 375.2534
A12: Cairo at Nile Plaza | B12: =B11+1 -> 11 | C12: 2 | D12: 2023 | E12: =Water!C13 -> 760 | F12: =Water!E13 -> 360 | G12: =Water!G13 -> 423.9 | H12: =Water!I13 -> 4.536 | I12: =ELECT.!F13 -> 7685 | J12: =ELECT.!H13 -> 44951 | K12: =ELECT.!K13 -> 8412 | L12: =ELECT.!M13 -> 5458 | M12: =ELECT.!O13 -> 2066 | N12: =ELECT.!Q13 -> 9703 | O12: =ELECT.!S13 -> 9843 | P12: =ELECT.!W13*2 -> 20362 | Q12: =ELECT.!D13 -> 480 | R12: =BTU!C13 -> 4.747 | S12: =BTU!F13 -> 0.974 | T12: =BTU!I13 -> 5 | U12: =BTU!O13 -> 3.258 | V12: =BTU!L13 -> 1.77 | W12: =BTU!R13 -> 0.43 | X12: =ELECT.!B13 -> 310 | Y12: =I12+J12-(K12+L12+M12+N12+O12+P12) -> -3208 | Z12: ='Mall, Citadel, Rotana'!C13+'Mall, Citadel, Rotana'!E13+'Mall, Citadel, Rotana'!G13+'Mall, Citadel, Rotana'!I13 -> 1217 | AA12: ='Mall, Citadel, Rotana'!K13+'Mall, Citadel, Rotana'!M13 -> 120 | AB12: ='Mall, Citadel, Rotana'!O13 -> 98 | AC12: ='Mall, Citadel, Rotana'!Q13+'Mall, Citadel, Rotana'!S13 -> 112 | AD12: =(E12-H12-194)*0.1318 -> 74.000955 | AE12: =E12-H12-AD12-194 -> 487.46304
A13: Cairo at Nile Plaza | B13: =B12+1 -> 12 | C13: 2 | D13: 2023 | E13: =Water!C14 -> 710 | F13: =Water!E14 -> 400 | G13: =Water!G14 -> 410.4 | H13: =Water!I14 -> 5.049 | I13: =ELECT.!F14 -> 8544 | J13: =ELECT.!H14 -> 49095 | K13: =ELECT.!K14 -> 10780 | L13: =ELECT.!M14 -> 6092 | M13: =ELECT.!O14 -> 2290 | N13: =ELECT.!Q14 -> 10693 | O13: =ELECT.!S14 -> 11115 | P13: =ELECT.!W14*2 -> 21734 | Q13: =ELECT.!D14 -> 480 | R13: =BTU!C14 -> 4.906 | S13: =BTU!F14 -> 1.299 | T13: =BTU!I14 -> 5 | U13: =BTU!O14 -> 3.413 | V13: =BTU!L14 -> 1.62 | W13: =BTU!R14 -> 0.4 | X13: =ELECT.!B14 -> 321 | Y13: =I13+J13-(K13+L13+M13+N13+O13+P13) -> -5065 | Z13: ='Mall, Citadel, Rotana'!C14+'Mall, Citadel, Rotana'!E14+'Mall, Citadel, Rotana'!G14+'Mall, Citadel, Rotana'!I14 -> 1192 | AA13: ='Mall, Citadel, Rotana'!K14+'Mall, Citadel, Rotana'!M14 -> 240 | AB13: ='Mall, Citadel, Rotana'!O14 -> 122 | AC13: ='Mall, Citadel, Rotana'!Q14+'Mall, Citadel, Rotana'!S14 -> 0 | AD13: =(E13-H13-194)*0.1318 -> 67.343342 | AE13: =E13-H13-AD13-194 -> 443.60766
A14: Cairo at Nile Plaza | B14: =B13+1 -> 13 | C14: 2 | D14: 2023 | E14: =Water!C15 -> 770 | F14: =Water!E15 -> 360 | G14: =Water!G15 -> 380.7 | H14: =Water!I15 -> 4.86 | I14: =ELECT.!F15 -> 9477 | J14: =ELECT.!H15 -> 54089 | K14: =ELECT.!K15 -> 8552 | L14: =ELECT.!M15 -> 6643 | M14: =ELECT.!O15 -> 2660 | N14: =ELECT.!Q15 -> 11414 | O14: =ELECT.!S15 -> 12641 | P14: =ELECT.!W15*2 -> 23884 | Q14: =ELECT.!D15 -> 480 | R14: =BTU!C15 -> 4.877 | S14: =BTU!F15 -> 1.648 | T14: =BTU!I15 -> 5 | U14: =BTU!O15 -> 3.057 | V14: =BTU!L15 -> 1.56 | W14: =BTU!R15 -> 0.43 | X14: =ELECT.!B15 -> 308 | Y14: =I14+J14-(K14+L14+M14+N14+O14+P14) -> -2228 | Z14: ='Mall, Citadel, Rotana'!C15+'Mall, Citadel, Rotana'!E15+'Mall, Citadel, Rotana'!G15+'Mall, Citadel, Rotana'!I15 -> 1354 | AA14: ='Mall, Citadel, Rotana'!K15+'Mall, Citadel, Rotana'!M15 -> 180 | AB14: ='Mall, Citadel, Rotana'!O15 -> 116 | AC14: ='Mall, Citadel, Rotana'!Q15+'Mall, Citadel, Rotana'!S15 -> 261 | AD14: =(E14-H14-194)*0.1318 -> 75.276252 | AE14: =E14-H14-AD14-194 -> 495.86375
... A32: Cairo at Nile Plaza | B32: =B31+1 -> 31 | C32: 2 | D32: 2023 | E32: =Water!C33 -> 0 | F32: =Water!E33 -> 0 | G32: =Water!G33 -> 0 | H32: =Water!I33 -> 0 | I32: =ELECT.!F33 -> 0 | J32: =ELECT.!H33 -> 0 | K32: =ELECT.!K33 -> 0 | L32: =ELECT.!M33 -> 0 | M32: =ELECT.!O33 -> 0 | N32: =ELECT.!Q33 -> 0 | O32: =ELECT.!S33 -> 0 | P32: =ELECT.!W33*2 -> 0 | Q32: =ELECT.!D33 -> 0 | R32: =BTU!C33 -> 0 | S32: =BTU!F33 -> 0 | T32: =BTU!I33 -> 0 | U32: =BTU!O33 -> 0 | V32: =BTU!L33 -> 0 | W32: =BTU!R33 -> 0 | X32: =ELECT.!B33 -> 0 | Y32: =I32+J32-(K32+L32+M32+N32+O32+P32) -> 0 | Z32: ='Mall, Citadel, Rotana'!C33+'Mall, Citadel, Rotana'!E33+'Mall, Citadel, Rotana'!G33+'Mall, Citadel, Rotana'!I33 -> 0 | AA32: ='Mall, Citadel, Rotana'!K33+'Mall, Citadel, Rotana'!M33 -> 0 | AB32: ='Mall, Citadel, Rotana'!O33 -> 0 | AC32: ='Mall, Citadel, Rotana'!Q33+'Mall, Citadel, Rotana'!S33 -> 0 | AD32: =(E32-H32-194)*0.1318 -> -25.5692 | AE32: =E32-H32-AD32-194 -> -168.4308

Sheet Mall, Citadel, Rotana
A1: Day | B1: R1 | C1: Cons | D1: R2 | E1: Cons | F1: R3 | G1: Cons | H1: R4 | I1: Cons | J1: RO1 | K1: Cons | L1: RO2 | M1: Cons | N1: ROE | O1: Cons | P1: CIB. 1 | Q1: Cons | R1: CIB. E | S1: Cons | T1: Co | U1: Cons
A2: 44985 | B2: 48315 | D2: 41451 | F2: 22651 | H2: 262062 | J2: 349512 | L2: 27001 | N2: 233490 | P2: 191923 | R2: 55047 | T2: 4197
A3: 44986 | B3: 48319 | C3: =(B3-B2)*800/5 -> 640 | D3: 41454 | E3: =(D3-D2)*800/5 -> 480 | F3: 22654 | G3: =(F3-F2)*100/5 -> 60 | H3: 262078 | I3: =(H3-H2) -> 16 | J3: 349512 | K3: =(J3-J2) -> 0 | L3: 27005 | M3: =(L3-L2)*300/5 -> 240 | N3: 233606 | O3: =N3-N2 -> 116 | P3: 192043 | Q3: =P3-P2 -> 120 | R3: =R2 -> 55047 | S3: 0 | T3: 4199 | U3: =(T3-T2)*800/5 -> 320
A4: 44987 | B4: 48323 | C4: =(B4-B3)*800/5 -> 640 | D4: 41456 | E4: =(D4-D3)*800/5 -> 320 | F4: 22657 | G4: =(F4-F3)*100/5 -> 60 | H4: 262093 | I4: =(H4-H3) -> 15 | J4: 349512 | K4: =(J4-J3) -> 0 | L4: 27008 | M4: =(L4-L3)*300/5 -> 180 | N4: 233771 | O4: =N4-N3 -> 165 | P4: 192163 | Q4: =P4-P3 -> 120 | R4: =R3 -> 55047 | S4: 0 | T4: 4200 | U4: =(T4-T3)*800/5 -> 160
A5: 44988 | B5: 48327 | C5: =(B5-B4)*800/5 -> 640 | D5: 41459 | E5: =(D5-D4)*800/5 -> 480 | F5: 22659 | G5: =(F5-F4)*100/5 -> 40 | H5: 262111 | I5: =(H5-H4) -> 18 | J5: 349512 | K5: =(J5-J4) -> 0 | L5: 27011 | M5: =(L5-L4)*300/5 -> 180 | N5: 233833 | O5: =N5-N4 -> 62 | P5: 192284 | Q5: =P5-P4 -> 121 | R5: 55047 | S5: =R5-R4 -> 0 | T5: 4201 | U5: =(T5-T4)*800/5 -> 160
A6: 44989 | B6: 48331 | C6: =(B6-B5)*800/5 -> 640 | D6: 41462 | E6: =(D6-D5)*800/5 -> 480 | F6: 22661 | G6: =(F6-F5)*100/5 -> 40 | H6: 262126 | I6: =(H6-H5) -> 15 | J6: 349512 | K6: =(J6-J5) -> 0 | L6: 27013 | M6: =(L6-L5)*300/5 -> 120 | N6: 233952 | O6: =N6-N5 -> 119 | P6: 192402 | Q6: =P6-P5 -> 118 | R6: 55047 | S6: 0 | T6: 4202 | U6: =(T6-T5)*800/5 -> 160
A7: 44990 | B7: 48334 | C7: =(B7-B6)*800/5 -> 480 | D7: 41465 | E7: =(D7-D6)*800/5 -> 480 | F7: 22665 | G7: =(F7-F6)*100/5 -> 80 | H7: 262139 | I7: =(H7-H6) -> 13 | J7: 349512 | K7: =(J7-J6) -> 0 | L7: 27016 | M7: =(L7-L6)*300/5 -> 180 | N7: 234060 | O7: =N7-N6 -> 108 | P7: 192522 | Q7: =P7-P6 -> 120 | R7: 55047 | S7: 0 | T7: 4203 | U7: =(T7-T6)*800/5 -> 160
A8: 44991 | B8: 48338 | C8: =(B8-B7)*800/5 -> 640 | D8: 41467 | E8: =(D8-D7)*800/5 -> 320 | F8: 22671 | G8: =(F8-F7)*100/5 -> 120 | H8: 262139 | I8: =(H8-H7) -> 0 | J8: 349512 | K8: =(J8-J7) -> 0 | L8: 27020 | M8: =(L8-L7)*300/5 -> 240 | N8: 234119 | O8: =N8-N7 -> 59 | P8: 192641 | Q8: =P8-P7 -> 119 | R8: 55047 | S8: =R8-R7 -> 0 | T8: 4204 | U8: =(T8-T7)*800/5 -> 160
A9: 44992 | B9: 48345 | C9: =(B9-B8)*800/5 -> 1120 | D9: 41470 | E9: =(D9-D8)*800/5 -> 480 | F9: 22674 | G9: =(F9-F8)*100/5 -> 60 | H9: 262160 | I9: =(H9-H8) -> 21 | J9: 349512 | K9: 0 | L9: 27023 | M9: =(L9-L8)*300/5 -> 180 | N9: 234229 | O9: =N9-N8 -> 110 | P9: 192822 | Q9: =P9-P8 -> 181 | R9: =R8 -> 55047 | S9: =R9-R8 -> 0 | T9: 4205 | U9: =(T9-T8)*800/5 -> 160
A10: 44993 | B10: 48349 | C10: =(B10-B9)*800/5 -> 640 | D10: 41473 | E10: =(D10-D9)*800/5 -> 480 | F10: 22677 | G10: =(F10-F9)*100/5 -> 60 | H10: 262173 | I10: =(H10-H9) -> 13 | J10: 349512 | K10: =(J10-J9) -> 0 | L10: 27027 | M10: =(L10-L9)*300/5 -> 240 | N10: 234344 | O10: =N10-N9 -> 115 | P10: 192822 | Q10: =P10-P9 -> 0 | R10: =R9 -> 55047 | S10: =R10-R9 -> 0 | T10: 4208 | U10: =(T10-T9)*800/5 -> 480
A11: 44994 | B11: 48354 | C11: =(B11-B10)*800/5 -> 800 | D11: 41476 | E11: =(D11-D10)*800/5 -> 480 | F11: 22681 | G11: =(F11-F10)*100/5 -> 80 | H11: 262186 | I11: =(H11-H10) -> 13 | J11: 349512 | K11: =(J11-J10) -> 0 | L11: 27031 | M11: =(L11-L10)*300/5 -> 240 | N11: 234497 | O11: =N11-N10 -> 153 | P11: 193115 | Q11: =P11-P10 -> 293 | R11: =R10 -> 55047 | S11: =R11-R10 -> 0 | T11: 4209 | U11: =(T11-T10)*800/5 -> 160
A12: 44995 | B12: 48359 | C12: =(B12-B11)*800/5 -> 800 | D12: 41479 | E12: =(D12-D11)*800/5 -> 480 | F12: 22684 | G12: =(F12-F11)*100/5 -> 60 | H12: 262195 | I12: =(H12-H11) -> 9 | J12: 349512 | K12: =(J12-J11) -> 0 | L12: 27033 | M12: =(L12-L11)*300/5 -> 120 | N12: 234543 | O12: =N12-N11 -> 46 | P12: 193260 | Q12: =P12-P11 -> 145 | R12: =R11 -> 55047 | S12: =R12-R11 -> 0 | T12: 4210 | U12: =(T12-T11)*800/5 -> 160
A13: 44996 | B13: 48363 | C13: =(B13-B12)*800/5 -> 640 | D13: 41482 | E13: =(D13-D12)*800/5 -> 480 | F13: 22688 | G13: =(F13-F12)*100/5 -> 80 | H13: 262212 | I13: =(H13-H12) -> 17 | J13: 349512 | K13: =(J13-J12) -> 0 | L13: 27035 | M13: =(L13-L12)*300/5 -> 120 | N13: 234641 | O13: =N13-N12 -> 98 | P13: 193372 | Q13: =P13-P12 -> 112 | R13: =R12 -> 55047 | S13: =R13-R12 -> 0 | T13: 4211 | U13: =(T13-T12)*800/5 -> 160
A14: 44997 | B14: 48368 | C14: =(B14-B13)*800/5 -> 800 | D14: 41484 | E14: =(D14-D13)*800/5 -> 320 | F14: 22691 | G14: =(F14-F13)*100/5 -> 60 | H14: 262224 | I14: =(H14-H13) -> 12 | J14: 349512 | K14: =(J14-J13) -> 0 | L14: 27039 | M14: =(L14-L13)*300/5 -> 240 | N14: 234763 | O14: =N14-N13 -> 122 | P14: =P13 -> 193372 | Q14: =P14-P13 -> 0 | R14: =R13 -> 55047 | S14: 0 | T14: 4213 | U14: =(T14-T13)*800/5 -> 320
A15: 44998 | B15: 48373 | C15: =(B15-B14)*800/5 -> 800 | D15: 41487 | E15: =(D15-D14)*800/5 -> 480 | F15: 22694 | G15: =(F15-F14)*100/5 -> 60 | H15: 262238 | I15: =(H15-H14) -> 14 | J15: 349512 | K15: =(J15-J14) -> 0 | L15: 27042 | M15: =(L15-L14)*300/5 -> 180 | N15: 234879 | O15: =N15-N14 -> 116 | P15: 193633 | Q15: =P15-P14 -> 261 | R15: 55047 | S15: 0 | T15: 4214 | U15: =(T15-T14)*800/5 -> 160
A16: 44999 | B16: 48377 | C16: =(B16-B15)*800/5 -> 640 | D16: 41490 | E16: =(D16-D15)*800/5 -> 480 | F16: 22697 | G16: =(F16-F15)*100/5 -> 60 | H16: 262255 | I16: =(H16-H15) -> 17 | J16: 349512 | K16: =(J16-J15) -> 0 | L16: 27045 | M16: =(L16-L15)*300/5 -> 180 | N16: 235000 | O16: =N16-N15 -> 121 | P16: =P15 -> 193633 | Q16: =P16-P15 -> 0 | R16: =R15 -> 55047 | S16: =R16-R15 -> 0 | T16: 4215 | U16: =(T16-T15)*800/5 -> 160
A17: 45000 | B17: 48382 | C17: =(B17-B16)*800/5 -> 800 | D17: 41493 | E17: =(D17-D16)*800/5 -> 480 | F17: 22701 | G17: =(F17-F16)*100/5 -> 80 | H17: 262271 | I17: =(H17-H16) -> 16 | J17: 349512 | K17: =(J17-J16) -> 0 | L17: 27049 | M17: =(L17-L16)*300/5 -> 240 | N17: 235121 | O17: =N17-N16 -> 121 | P17: 193857 | Q17: =P17-P16 -> 224 | R17: =R16 -> 55047 | S17: =S16 -> 0 | T17: 4217 | U17: =(T17-T16)*800/5 -> 320
A18: 45001 | B18: 48386 | C18: =(B18-B17)*800/5 -> 640 | D18: 41496 | E18: =(D18-D17)*800/5 -> 480 | F18: 22705 | G18: =(F18-F17)*100/5 -> 80 | H18: 262293 | I18: =(H18-H17) -> 22 | J18: 349512 | K18: =(J18-J17) -> 0 | L18: 27052 | M18: =(L18-L17)*300/5 -> 180 | N18: 235235 | O18: =N18-N17 -> 114 | P18: =P17 -> 193857 | Q18: =P18-P17 -> 0 | R18: =R17 -> 55047 | S18: =R18-R17 -> 0 | T18: 4218 | U18: =(T18-T17)*800/5 -> 160
A19: 45002 | B19: 48391 | C19: =(B19-B18)*800/5 -> 800 | D19: 41499 | E19: =(D19-D18)*800/5 -> 480 | F19: 22708 | G19: =(F19-F18)*100/5 -> 60 | H19: 262304 | I19: =(H19-H18) -> 11 | J19: 349512 | K19: =(J19-J18) -> 0 | L19: 27054 | M19: =(L19-L18)*300/5 -> 120 | N19: 235318 | O19: =N19-N18 -> 83 | P19: =P18 -> 193857 | Q19: =P19-P18 -> 0 | R19: =R18 -> 55047 | S19: =R19-R18 -> 0 | T19: 4219 | U19: =(T19-T18)*800/5 -> 160
A20: 45003 | B20: 48395 | C20: =(B20-B19)*800/5 -> 640 | D20: 41502 | E20: =(D20-D19)*800/5 -> 480 | F20: 22712 | G20: =(F20-F19)*100/5 -> 80 | H20: 262323 | I20: =(H20-H19) -> 19 | J20: =J19 -> 349512 | K20: =(J20-J19) -> 0 | L20: 27056 | M20: =(L20-L19)*300/5 -> 120 | N20: 235395 | O20: =N20-N19 -> 77 | P20: 194275 | Q20: =P20-P19 -> 418 | R20: 55047 | S20: =R20-R19 -> 0 | T20: 4220 | U20: =(T20-T19)*800/5 -> 160
A21: 45004 | B21: 48399 | C21: =(B21-B20)*800/5 -> 640 | D21: 41505 | E21: =(D21-D20)*800/5 -> 480 | F21: 22715 | G21: =(F21-F20)*100/5 -> 60 | H21: 262333 | I21: =(H21-H20) -> 10 | J21: 349512 | K21: =(J21-J20) -> 0 | L21: 27060 | M21: =(L21-L20)*300/5 -> 240 | N21: 235516 | O21: =N21-N20 -> 121 | P21: =P20 -> 194275 | Q21: =P21-P20 -> 0 | R21: 55047 | S21: =R21-R20 -> 0 | T21: 4222 | U21: =(T21-T20)*800/5 -> 320
A22: 45005 | B22: 48404 | C22: =(B22-B21)*800/5 -> 800 | D22: 41508 | E22: =(D22-D21)*800/5 -> 480 | F22: 22718 | G22: =(F22-F21)*100/5 -> 60 | H22: 262355 | I22: =(H22-H21) -> 22 | J22: 349512 | K22: =(J22-J21) -> 0 | L22: 27064 | M22: =(L22-L21)*300/5 -> 240 | N22: 235643 | O22: =N22-N21 -> 127 | P22: =P21 -> 194275 | Q22: =P22-P21 -> 0 | R22: =R21 -> 55047 | S22: =R22-R21 -> 0 | T22: 4223 | U22: =(T22-T21)*800/5 -> 160
A23: 45006 | B23: =B22 -> 48404 | C23: =(B23-B22)*800/5 -> 0 | D23: =D22 -> 41508 | E23: =(D23-D22)*800/5 -> 0 | F23: =F22 -> 22718 | G23: =(F23-F22)*100/5 -> 0 | H23: =H22 -> 262355 | I23: =(H23-H22) -> 0 | J23: =J22 -> 349512 | K23: =(J23-J22) -> 0 | L23: =L22 -> 27064 | M23: =(L23-L22)*300/5 -> 0 | N23: =N22 -> 235643 | O23: =N23-N22 -> 0 | P23: =P22 -> 194275 | Q23: =P23-P22 -> 0 | R23: =R22 -> 55047 | S23: =R23-R22 -> 0 | T23: =T22 -> 4223 | U23: =(T23-T22)*800/5 -> 0
A24: 45007 | B24: =B23 -> 48404 | C24: =(B24-B23)*800/5 -> 0 | D24: =D23 -> 41508 | E24: =(D24-D23)*800/5 -> 0 | F24: =F23 -> 22718 | G24: =(F24-F23)*100/5 -> 0 | H24: =H23 -> 262355 | I24: =(H24-H23) -> 0 | J24: =J23 -> 349512 | K24: =(J24-J23) -> 0 | L24: =L23 -> 27064 | M24: =(L24-L23)*300/5 -> 0 | N24: =N23 -> 235643 | O24: =N24-N23 -> 0 | P24: =P23 -> 194275 | Q24: =P24-P23 -> 0 | R24: =R23 -> 55047 | S24: =R24-R23 -> 0 | T24: =T23 -> 4223 | U24: =(T24-T23)*800/5 -> 0
A25: 45008 | B25: =B24 -> 48404 | C25: =(B25-B24)*800/5 -> 0 | D25: =D24 -> 41508 | E25: =(D25-D24)*800/5 -> 0 | F25: =F24 -> 22718 | G25: =(F25-F24)*100/5 -> 0 | H25: =H24 -> 262355 | I25: =(H25-H24) -> 0 | J25: =J24 -> 349512 | K25: =(J25-J24) -> 0 | L25: =L24 -> 27064 | M25: =(L25-L24)*300/5 -> 0 | N25: =N24 -> 235643 | O25: =N25-N24 -> 0 | P25: =P24 -> 194275 | Q25: =P25-P24 -> 0 | R25: =R24 -> 55047 | S25: =R25-R24 -> 0 | T25: =T24 -> 4223 | U25: =(T25-T24)*800/5 -> 0
A26: 45009 | B26: =B25 -> 48404 | C26: =(B26-B25)*800/5 -> 0 | D26: =D25 -> 41508 | E26: =(D26-D25)*800/5 -> 0 | F26: =F25 -> 22718 | G26: =(F26-F25)*100/5 -> 0 | H26: =H25 -> 262355 | I26: =(H26-H25) -> 0 | J26: =J25 -> 349512 | K26: =(J26-J25) -> 0 | L26: =L25 -> 27064 | M26: =(L26-L25)*300/5 -> 0 | N26: =N25 -> 235643 | O26: =N26-N25 -> 0 | P26: =P25 -> 194275 | Q26: =P26-P25 -> 0 | R26: =R25 -> 55047 | S26: =R26-R25 -> 0 | T26: =T25 -> 4223 | U26: =(T26-T25)*800/5 -> 0
A27: 45010 | B27: =B26 -> 48404 | C27: =(B27-B26)*800/5 -> 0 | D27: =D26 -> 41508 | E27: =(D27-D26)*800/5 -> 0 | F27: =F26 -> 22718 | G27: =(F27-F26)*100/5 -> 0 | H27: =H26 -> 262355 | I27: =(H27-H26) -> 0 | J27: =J26 -> 349512 | K27: =(J27-J26) -> 0 | L27: =L26 -> 27064 | M27: =(L27-L26)*300/5 -> 0 | N27: =N26 -> 235643 | O27: =N27-N26 -> 0 | P27: =P26 -> 194275 | Q27: =P27-P26 -> 0 | R27: =R26 -> 55047 | S27: =R27-R26 -> 0 | T27: =T26 -> 4223 | U27: =(T27-T26)*800/5 -> 0
A28: 45011 | B28: =B27 -> 48404 | C28: =(B28-B27)*800/5 -> 0 | D28: =D27 -> 41508 | E28: =(D28-D27)*800/5 -> 0 | F28: =F27 -> 22718 | G28: =(F28-F27)*100/5 -> 0 | H28: =H27 -> 262355 | I28: =(H28-H27) -> 0 | J28: =J27 -> 349512 | K28: =(J28-J27) -> 0 | L28: =L27 -> 27064 | M28: =(L28-L27)*300/5 -> 0 | N28: =N27 -> 235643 | O28: =N28-N27 -> 0 | P28: =P27 -> 194275 | Q28: =P28-P27 -> 0 | R28: =R27 -> 55047 | S28: =R28-R27 -> 0 | T28: =T27 -> 4223 | U28: =(T28-T27)*800/5 -> 0
A29: 45012 | B29: =B28 -> 48404 | C29: =(B29-B28)*800/5 -> 0 | D29: =D28 -> 41508 | E29: =(D29-D28)*800/5 -> 0 | F29: =F28 -> 22718 | G29: =(F29-F28)*100/5 -> 0 | H29: =H28 -> 262355 | I29: =(H29-H28) -> 0 | J29: =J28 -> 349512 | K29: =(J29-J28) -> 0 | L29: =L28 -> 27064 | M29: =(L29-L28)*300/5 -> 0 | N29: =N28 -> 235643 | O29: =N29-N28 -> 0 | P29: =P28 -> 194275 | Q29: =P29-P28 -> 0 | R29: 55047 | S29: =R29-R28 -> 0 | T29: =T28 -> 4223 | U29: =(T29-T28)*800/5 -> 0
A30: 45013 | B30: =B29 -> 48404 | C30: =(B30-B29)*800/5 -> 0 | D30: =D29 -> 41508 | E30: =(D30-D29)*800/5 -> 0 | F30: =F29 -> 22718 | G30: =(F30-F29)*100/5 -> 0 | H30: =H29 -> 262355 | I30: =(H30-H29) -> 0 | J30: =J29 -> 349512 | K30: =(J30-J29) -> 0 | L30: =L29 -> 27064 | M30: =(L30-L29)*300/5 -> 0 | N30: =N29 -> 235643 | O30: =N30-N29 -> 0 | P30: =P29 -> 194275 | Q30: =P30-P29 -> 0 | R30: =R29 -> 55047 | S30: =R30-R29 -> 0 | T30: =T29 -> 4223 | U30: =(T30-T29)*800/5 -> 0
A31: 45014 | B31: =B30 -> 48404 | C31: =(B31-B30)*800/5 -> 0 | D31: =D30 -> 41508 | E31: =(D31-D30)*800/5 -> 0 | F31: =F30 -> 22718 | G31: =(F31-F30)*100/5 -> 0 | H31: =H30 -> 262355 | I31: =(H31-H30) -> 0 | J31: =J30 -> 349512 | K31: =(J31-J30) -> 0 | L31: =L30 -> 27064 | M31: =(L31-L30)*300/5 -> 0 | N31: =N30 -> 235643 | O31: =N31-N30 -> 0 | P31: =P30 -> 194275 | Q31: =P31-P30 -> 0 | R31: =R30 -> 55047 | S31: =R31-R30 -> 0 | T31: =T30 -> 4223 | U31: =(T31-T30)*800/5 -> 0
A32: 45015 | B32: =B31 -> 48404 | C32: =(B32-B31)*800/5 -> 0 | D32: =D31 -> 41508 | E32: =(D32-D31)*800/5 -> 0 | F32: =F31 -> 22718 | G32: =(F32-F31)*100/5 -> 0 | H32: =H31 -> 262355 | I32: =(H32-H31) -> 0 | J32: =J31 -> 349512 | K32: =(J32-J31) -> 0 | L32: =L31 -> 27064 | M32: =(L32-L31)*300/5 -> 0 | N32: =N31 -> 235643 | O32: =N32-N31 -> 0 | P32: =P31 -> 194275 | Q32: =P32-P31 -> 0 | R32: =R31 -> 55047 | S32: =R32-R31 -> 0 | T32: =T31 -> 4223 | U32: =(T32-T31)*800/5 -> 0
A33: 45016 | B33: =B32 -> 48404 | C33: =(B33-B32)*800/5 -> 0 | D33: =D32 -> 41508 | E33: =(D33-D32)*800/5 -> 0 | F33: =F32 -> 22718 | G33: =(F33-F32)*100/5 -> 0 | H33: =H32 -> 262355 | I33: =(H33-H32) -> 0 | J33: =J32 -> 349512 | K33: =(J33-J32) -> 0 | L33: =L32 -> 27064 | M33: =(L33-L32)*300/5 -> 0 | N33: =N32 -> 235643 | O33: =N33-N32 -> 0 | P33: =P32 -> 194275 | Q33: =P33-P32 -> 0 | R33: =R32 -> 55047 | S33: =R33-R32 -> 0 | T33: =T32 -> 4223 | U33: =(T33-T32)*800/5 -> 0
A34: Total | C34: =SUM(C3:C33) -> 14240 | E34: =SUM(E3:E33) -> 9120 | G34: =SUM(G3:G33) -> 1340 | I34: =SUM(I3:I33) -> 293 | K34: =SUM(K3:K33) -> 0 | M34: =SUM(M3:M33) -> 3780 | O34: =SUM(O3:O33) -> 2153 | Q34: =SUM(Q3:Q33) -> 2352 | S34: =SUM(S3:S33) -> 0 | U34: =SUM(U3:U33) -> 4160

Sheet ELECT.
A1: Day | B1: Rooms Sold | C1: New Chillers | D1: Cons | E1: F-1 | F1: Cons. | G1: F-2 | H1: Cons. | I1: Total | J1: T-1 | K1: Cons. | L1: T-2 | M1: Cons. | N1: T-3 | O1: Cons. | P1: T-4 | Q1: Cons. | R1: T-5 | S1: Cons. | T1: T-6 | U1: Cons. | V1: T-7 | W1: Cons. | X1: Total | Y1: Diff | Z1: Daily Money Value | AA1: MTD Total Money
A2: 44985 | B2: 272 | C2: 20588 | E2: 35988211 | G2: 13096752 | I2: =F2+H2 -> 0 | J2: 1431498 | L2: 1764229 | N2: 8229214 | P2: 9311652 | R2: 24164694 | V2: 2180893 | X2: =K2+M2+O2+Q2+S2+U2+W2 -> 0 | Y2: =I2-X2 -> 0 | Z2: =(0.93352*(W2+S2)+0.5568*(Q2+O2))*0.26 -> 0
A3: 44986 | B3: 305 | C3: 20590 | D3: =IF((C3-C2)<0,"0",(C3-C2))*160 -> 320 | E3: 35997929 | F3: =IF((E3-E2)<0,"0",(E3-E2)) -> 9718 | G3: 13153573 | H3: =IF((G3-G2)<0,"0",(G3-G2)) -> 56821 | I3: =F3+H3 -> 66539 | J3: 1437236 | K3: =(IF((J3-J2)<L86,"0",(J3-J2)))*2 -> 11476 | L3: 1770788 | M3: =IF((L3-L2)<0,"0",(L3-L2)) -> 6559 | N3: 8230704 | O3: =(IF((N3-N2)<P86,"0",(N3-N2)))*2 -> 2980 | P3: 9323378 | Q3: =IF((P3-P2)<0,"0",(P3-P2)) -> 11726 | R3: 24178296 | S3: =IF((R3-R2)<0,"0",(R3-R2)) -> 13602 | V3: 2193196 | W3: =IF((V3-V2)<0,"0",(V3-V2)) -> 12303 | X3: =K3+M3+O3+Q3+S3+U3+W3 -> 58646 | Y3: =I3-X3 -> 7893 | Z3: =(0.93352*(W3+S3)+0.5568*(Q3+O3))*0.26 -> 8416.4955 | AA3: =SUM(Z1:Z3) -> 8416.4955
A4: 44987 | B4: 295 | C4: 20593 | D4: =IF((C4-C3)<0,"0",(C4-C3))*160 -> 480 | E4: 36003012 | F4: =IF((E4-E3)<0,"0",(E4-E3)) -> 5083 | G4: 13184592 | H4: =IF((G4-G3)<0,"0",(G4-G3)) -> 31019 | I4: =F4+H4 -> 36102 | J4: 1440553 | K4: =(IF((J4-J3)<L88,"0",(J4-J3)))*2 -> 6634 | L4: 1774427 | M4: =IF((L4-L3)<0,"0",(L4-L3)) -> 3639 | N4: 8231691 | O4: =(IF((N4-N3)<P88,"0",(N4-N3)))*2 -> 1974 | P4: 9329485 | Q4: =IF((P4-P3)<0,"0",(P4-P3)) -> 6107 | R4: 24185681 | S4: =IF((R4-R3)<0,"0",(R4-R3)) -> 7385 | V4: 2199921 | W4: =IF((V4-V3)<0,"0",(V4-V3)) -> 6725 | X4: =K4+M4+O4+Q4+S4+U4+W4 -> 32464 | Y4: =I4-X4 -> 3638 | Z4: =(0.93352*(W4+S4)+0.5568*(Q4+O4))*0.26 -> 4594.5817 | AA4: =SUM(Z1:Z4) -> 13011.077
A5: 44988 | B5: 294 | C5: 20595 | D5: =IF((C5-C4)<0,"0",(C5-C4))*160 -> 320 | E5: 36011464 | F5: =IF((E5-E4)<0,"0",(E5-E4)) -> 8452 | G5: 13234179 | H5: =IF((G5-G4)<0,"0",(G5-G4)) -> 49587 | I5: =F5+H5 -> 58039 | J5: 1445164 | K5: =(IF((J5-J4)<0,"0",(J5-J4)))*2 -> 9222 | L5: 1780266 | M5: =IF((L5-L4)<0,"0",(L5-L4)) -> 5839 | N5: 8232587 | O5: =(IF((N5-N4)<0,"0",(N5-N4)))*2 -> 1792 | P5: 9339401 | Q5: =IF((P5-P4)<0,"0",(P5-P4)) -> 9916 | R5: 24197584 | S5: =IF((R5-R4)<0,"0",(R5-R4)) -> 11903 | V5: 2211070 | W5: =IF((V5-V4)<0,"0",(V5-V4)) -> 11149 | X5: =K5+M5+O5+Q5+S5+U5+W5 -> 49821 | Y5: =I5-X5 -> 8218 | Z5: =(0.93352*(W5+S5)+0.5568*(Q5+O5))*0.26 -> 7290.0145 | AA5: =SUM(Z1:Z5) -> 20301.092
A6: 44989 | B6: 310 | C6: 20597 | D6: =IF((C6-C5)<0,"0",(C6-C5))*160 -> 320 | E6: 36018914 | F6: =IF((E6-E5)<0,"0",(E6-E5)) -> 7450 | G6: 13277852 | H6: =IF((G6-G5)<0,"0",(G6-G5)) -> 43673 | I6: =F6+H6 -> 51123 | J6: 1449229 | K6: =(IF((J6-J5)<0,"0",(J6-J5)))*2 -> 8130 | L6: 1785440 | M6: =IF((L6-L5)<0,"0",(L6-L5)) -> 5174 | N6: 8233649 | O6: =(IF((N6-N5)<0,"0",(N6-N5)))*2 -> 2124 | P6: 9348610 | Q6: =IF((P6-P5)<0,"0",(P6-P5)) -> 9209 | R6: 24207987 | S6: =IF((R6-R5)<0,"0",(R6-R5)) -> 10403 | V6: 2220624 | W6: =IF((V6-V5)<0,"0",(V6-V5)) -> 9554 | X6: =K6+M6+O6+Q6+S6+U6+W6 -> 44594 | Y6: =I6-X6 -> 6529 | Z6: =(0.93352*(W6+S6)+0.5568*(Q6+O6))*0.26 -> 6484.523 | AA6: =SUM(Z1:Z6) -> 26785.615
A7: 44990 | B7: 318 | C7: 20599 | D7: =IF((C7-C6)<0,"0",(C7-C6))*160 -> 320 | E7: 36028035 | F7: =IF((E7-E6)<0,"0",(E7-E6)) -> 9121 | G7: 13330092 | H7: =IF((G7-G6)<0,"0",(G7-G6)) -> 52240 | I7: =F7+H7 -> 61361 | J7: 1454432 | K7: =(IF((J7-J6)<0,"0",(J7-J6)))*2 -> 10406 | L7: 1791996 | M7: =IF((L7-L6)<0,"0",(L7-L6)) -> 6556 | N7: 8234840 | O7: =(IF((N7-N6)<0,"0",(N7-N6)))*2 -> 2382 | P7: 9359285 | Q7: =IF((P7-P6)<0,"0",(P7-P6)) -> 10675 | R7: 24220348 | S7: =IF((R7-R6)<0,"0",(R7-R6)) -> 12361 | V7: 2232083 | W7: =IF((V7-V6)<0,"0",(V7-V6)) -> 11459 | X7: =K7+M7+O7+Q7+S7+U7+W7 -> 53839 | Y7: =Y6 -> 6529 | Z7: =(0.93352*(W7+S7)+0.5568*(Q7+O7))*0.26 -> 7671.7118 | AA7: =SUM(Z1:Z7) -> 34457.327
A8: 44991 | B8: 317 | C8: 20601 | D8: =IF((C8-C7)<0,"0",(C8-C7))*160 -> 320 | E8: 36034073 | F8: =IF((E8-E7)<0,"0",(E8-E7)) -> 6038 | G8: 13364008 | H8: =IF((G8-G7)<0,"0",(G8-G7)) -> 33916 | I8: =F8+H8 -> 39954 | J8: 1457345 | K8: =(IF((J8-J7)<0,"0",(J8-J7)))*2 -> 5826 | L8: 1796469 | M8: =IF((L8-L7)<0,"0",(L8-L7)) -> 4473 | N8: 8235562 | O8: =(IF((N8-N7)<0,"0",(N8-N7)))*2 -> 1444 | P8: 9366187 | Q8: =IF((P8-P7)<0,"0",(P8-P7)) -> 6902 | R8: 24228442 | S8: =IF((R8-R7)<0,"0",(R8-R7)) -> 8094 | V8: 2239561 | W8: =IF((V8-V7)<0,"0",(V8-V7)) -> 7478 | X8: =K8+M8+O8+Q8+S8+U8+W8 -> 34217 | Y8: =I8-X8 -> 5737 | Z8: =(0.93352*(W8+S8)+0.5568*(Q8+O8))*0.26 -> 4987.7948 | AA8: =SUM(Z1:Z8) -> 39445.121
A9: 44992 | B9: 319 | C9: 20604 | D9: =IF((C9-C8)<0,"0",(C9-C8))*160 -> 480 | E9: 36043808 | F9: =IF((E9-E8)<0,"0",(E9-E8)) -> 9735 | G9: 13422364 | H9: =IF((G9-G8)<0,"0",(G9-G8)) -> 58356 | I9: =F9+H9 -> 68091 | J9: 1463483 | K9: =(IF((J9-J8)<0,"0",(J9-J8)))*2 -> 12276 | L9: 1803744 | M9: =IF((L9-L8)<0,"0",(L9-L8)) -> 7275 | N9: 8236698 | O9: =(IF((N9-N8)<0,"0",(N9-N8)))*2 -> 2272 | P9: 9377757 | Q9: =IF((P9-P8)<0,"0",(P9-P8)) -> 11570 | R9: 24241961 | S9: =IF((R9-R8)<0,"0",(R9-R8)) -> 13519 | V9: 2252742 | W9: =IF((V9-V8)<0,"0",(V9-V8)) -> 13181 | X9: =K9+M9+O9+Q9+S9+U9+W9 -> 60093 | Y9: =I9-X9 -> 7998 | Z9: =(0.93352*(W9+S9)+0.5568*(Q9+O9))*0.26 -> 8484.3745 | AA9: =SUM(Z1:Z9) -> 47929.496
A10: 44993 | B10: 309 | C10: 20610 | D10: =IF((C10-C9)<0,"0",(C10-C9))*160 -> 960 | E10: 36050853 | F10: =IF((E10-E9)<0,"0",(E10-E9)) -> 7045 | G10: 13460457 | H10: =IF((G10-G9)<0,"0",(G10-G9)) -> 38093 | I10: =F10+H10 -> 45138 | J10: 1467456 | K10: =(IF((J10-J9)<0,"0",(J10-J9)))*2 -> 7946 | L10: 1808816 | M10: =IF((L10-L9)<0,"0",(L10-L9)) -> 5072 | N10: 8237478 | O10: =(IF((N10-N9)<0,"0",(N10-N9)))*2 -> 1560 | P10: 9385253 | Q10: =IF((P10-P9)<0,"0",(P10-P9)) -> 7496 | R10: 24250715 | S10: =IF((R10-R9)<0,"0",(R10-R9)) -> 8754 | V10: 2261311 | W10: =IF((V10-V9)<0,"0",(V10-V9)) -> 8569 | X10: =K10+M10+O10+Q10+S10+U10+W10 -> 39397 | Y10: =I10-X10 -> 5741 | Z10: =(0.93352*(W10+S10)+0.5568*(Q10+O10))*0.26 -> 5515.5744 | AA10: =SUM(Z1:Z10) -> 53445.07
A11: 44994 | B11: 312 | C11: 20613 | D11: =IF((C11-C10)<0,"0",(C11-C10))*160 -> 480 | E11: 36057637 | F11: =IF((E11-E10)<0,"0",(E11-E10)) -> 6784 | G11: 13501444 | H11: =IF((G11-G10)<0,"0",(G11-G10)) -> 40987 | I11: =F11+H11 -> 47771 | J11: 1471500 | K11: =(IF((J11-J10)<0,"0",(J11-J10)))*2 -> 8088 | L11: 1813959 | M11: =IF((L11-L10)<0,"0",(L11-L10)) -> 5143 | N11: 8238365 | O11: =(IF((N11-N10)<0,"0",(N11-N10)))*2 -> 1774 | P11: 9393507 | Q11: =IF((P11-P10)<0,"0",(P11-P10)) -> 8254 | R11: 24259926 | S11: =IF((R11-R10)<0,"0",(R11-R10)) -> 9211 | V11: 2270650 | W11: =IF((V11-V10)<0,"0",(V11-V10)) -> 9339 | X11: =K11+M11+O11+Q11+S11+U11+W11 -> 41809 | Y11: =I11-X11 -> 5962 | Z11: =(0.93352*(W11+S11)+0.5568*(Q11+O11))*0.26 -> 5954.1005 | AA11: =SUM(Z1:Z11) -> 59399.171
A12: 44995 | B12: 320 | C12: 20616 | D12: =IF((C12-C11)<0,"0",(C12-C11))*160 -> 480 | E12: 36066416 | F12: =IF((E12-E11)<0,"0",(E12-E11)) -> 8779 | G12: 13554331 | H12: =IF((G12-G11)<0,"0",(G12-G11)) -> 52887 | I12: =F12+H12 -> 61666 | J12: 1476274 | K12: =(IF((J12-J11)<0,"0",(J12-J11)))*2 -> 9548 | L12: 1820200 | M12: =IF((L12-L11)<0,"0",(L12-L11)) -> 6241 | N12: 8239546 | O12: =(IF((N12-N11)<0,"0",(N12-N11)))*2 -> 2362 | P12: 9404524 | Q12: =IF((P12-P11)<0,"0",(P12-P11)) -> 11017 | R12: 24272286 | S12: =IF((R12-R11)<0,"0",(R12-R11)) -> 12360 | V12: 2282520 | W12: =IF((V12-V11)<0,"0",(V12-V11)) -> 11870 | X12: =K12+M12+O12+Q12+S12+U12+W12 -> 53398 | Y12: =I12-X12 -> 8268 | Z12: =(0.93352*(W12+S12)+0.5568*(Q12+O12))*0.26 -> 7817.8404 | AA12: =SUM(Z1:Z12) -> 67217.011
A13: 44996 | B13: 310 | C13: 20619 | D13: =IF((C13-C12)<0,"0",(C13-C12))*160 -> 480 | E13: 36074101 | F13: =IF((E13-E12)<0,"0",(E13-E12)) -> 7685 | G13: 13599282 | H13: =IF((G13-G12)<0,"0",(G13-G12)) -> 44951 | I13: =F13+H13 -> 52636 | J13: 1480480 | K13: =(IF((J13-J12)<0,"0",(J13-J12)))*2 -> 8412 | L13: 1825658 | M13: =IF((L13-L12)<0,"0",(L13-L12)) -> 5458 | N13: 8240579 | O13: =(IF((N13-N12)<0,"0",(N13-N12)))*2 -> 2066 | P13: 9414227 | Q13: =IF((P13-P12)<0,"0",(P13-P12)) -> 9703 | R13: 24282129 | S13: =IF((R13-R12)<0,"0",(R13-R12)) -> 9843 | V13: 2292701 | W13: =IF((V13-V12)<0,"0",(V13-V12)) -> 10181 | X13: =K13+M13+O13+Q13+S13+U13+W13 -> 45663 | Y13: =I13-X13 -> 6973 | Z13: =(0.93352*(W13+S13)+0.5568*(Q13+O13))*0.26 -> 6563.9038 | AA13: =SUM(Z1:Z13) -> 73780.915
A14: 44997 | B14: 321 | C14: 20622 | D14: =IF((C14-C13)<0,"0",(C14-C13))*160 -> 480 | E14: 36082645 | F14: =IF((E14-E13)<0,"0",(E14-E13)) -> 8544 | G14: 13648377 | H14: =IF((G14-G13)<0,"0",(G14-G13)) -> 49095 | I14: =F14+H14 -> 57639 | J14: 1485870 | K14: =(IF((J14-J13)<0,"0",(J14-J13)))*2 -> 10780 | L14: 1831750 | M14: =IF((L14-L13)<0,"0",(L14-L13)) -> 6092 | N14: 8241724 | O14: =(IF((N14-N13)<0,"0",(N14-N13)))*2 -> 2290 | P14: 9424920 | Q14: =IF((P14-P13)<0,"0",(P14-P13)) -> 10693 | R14: 24293244 | S14: =IF((R14-R13)<0,"0",(R14-R13)) -> 11115 | V14: 2303568 | W14: =IF((V14-V13)<0,"0",(V14-V13)) -> 10867 | X14: =K14+M14+O14+Q14+S14+U14+W14 -> 51837 | Y14: =I14-X14 -> 5802 | Z14: =(0.93352*(W14+S14)+0.5568*(Q14+O14))*0.26 -> 7214.8885 | AA14: =SUM(Z1:Z14) -> 80995.803
A15: 44998 | B15: 308 | C15: 20625 | D15: =IF((C15-C14)<0,"0",(C15-C14))*160 -> 480 | E15: 36092122 | F15: =IF((E15-E14)<0,"0",(E15-E14)) -> 9477 | G15: 13702466 | H15: =IF((G15-G14)<0,"0",(G15-G14)) -> 54089 | I15: =F15+H15 -> 63566 | J15: 1490146 | K15: =(IF((J15-J14)<0,"0",(J15-J14)))*2 -> 8552 | L15: 1838393 | M15: =IF((L15-L14)<0,"0",(L15-L14)) -> 6643 | N15: 8243054 | O15: =(IF((N15-N14)<0,"0",(N15-N14)))*2 -> 2660 | P15: 9436334 | Q15: =IF((P15-P14)<0,"0",(P15-P14)) -> 11414 | R15: 24305885 | S15: =IF((R15-R14)<0,"0",(R15-R14)) -> 12641 | V15: 2315510 | W15: =IF((V15-V14)<0,"0",(V15-V14)) -> 11942 | X15: =K15+M15+O15+Q15+S15+U15+W15 -> 53852 | Y15: =I15-X15 -> 9714 | Z15: =(0.93352*(W15+S15)+0.5568*(Q15+O15))*0.26 -> 8004.1326 | AA15: =SUM(Z1:Z15) -> 88999.936
A16: 44999 | B16: 328 | C16: 20628 | D16: =IF((C16-C15)<0,"0",(C16-C15))*160 -> 480 | E16: 36099613 | F16: =IF((E16-E15)<0,"0",(E16-E15)) -> 7491 | G16: 13742060 | H16: =IF((G16-G15)<0,"0",(G16-G15)) -> 39594 | I16: =F16+H16 -> 47085 | J16: 1494029 | K16: =(IF((J16-J15)<0,"0",(J16-J15)))*2 -> 7766 | L16: 1843556 | M16: =IF((L16-L15)<0,"0",(L16-L15)) -> 5163 | N16: 8244145 | O16: =(IF((N16-N15)<0,"0",(N16-N15)))*2 -> 2182 | P16: 9443898 | Q16: =IF((P16-P15)<0,"0",(P16-P15)) -> 7564 | R16: 24315260 | S16: =IF((R16-R15)<0,"0",(R16-R15)) -> 9375 | V16: 2324483 | W16: =IF((V16-V15)<0,"0",(V16-V15)) -> 8973 | X16: =K16+M16+O16+Q16+S16+U16+W16 -> 41023 | Y16: =I16-X16 -> 6062 | Z16: =(0.93352*(W16+S16)+0.5568*(Q16+O16))*0.26 -> 5864.2474 | AA16: =SUM(Z1:Z16) -> 94864.183
A17: 45000 | B17: 391 | C17: 20631 | D17: =IF((C17-C16)<0,"0",(C17-C16))*160 -> 480 | E17: 36108650 | F17: =IF((E17-E16)<0,"0",(E17-E16)) -> 9037 | G17: 13797167 | H17: =IF((G17-G16)<0,"0",(G17-G16)) -> 55107 | I17: =F17+H17 -> 64144 | J17: 1499326 | K17: =(IF((J17-J16)<0,"0",(J17-J16)))*2 -> 10594 | L17: 1850155 | M17: =IF((L17-L16)<0,"0",(L17-L16)) -> 6599 | N17: 8245272 | O17: =(IF((N17-N16)<0,"0",(N17-N16)))*2 -> 2254 | P17: 9454462 | Q17: =IF((P17-P16)<0,"0",(P17-P16)) -> 10564 | R17: 24328189 | S17: =IF((R17-R16)<0,"0",(R17-R16)) -> 12929 | V17: 2337070 | W17: =IF((V17-V16)<0,"0",(V17-V16)) -> 12587 | X17: =K17+M17+O17+Q17+S17+U17+W17 -> 55527 | Y17: =I17-X17 -> 8617 | Z17: =(0.93352*(W17+S17)+0.5568*(Q17+O17))*0.26 -> 8048.7573 | AA17: =SUM(Z1:Z17) -> 102912.94
A18: 45001 | B18: 344 | C18: 20634 | D18: =IF((C18-C17)<0,"0",(C18-C17))*160 -> 480 | E18: 36114575 | F18: =IF((E18-E17)<0,"0",(E18-E17)) -> 5925 | G18: 13831835 | H18: =IF((G18-G17)<0,"0",(G18-G17)) -> 34668 | I18: =F18+H18 -> 40593 | J18: 1502689 | K18: =(IF((J18-J17)<0,"0",(J18-J17)))*2 -> 6726 | L18: 1854527 | M18: =IF((L18-L17)<0,"0",(L18-L17)) -> 4372 | N18: 8245988 | O18: =(IF((N18-N17)<0,"0",(N18-N17)))*2 -> 1432 | P18: 9461305 | Q18: =IF((P18-P17)<0,"0",(P18-P17)) -> 6843 | R18: 24336192 | S18: =IF((R18-R17)<0,"0",(R18-R17)) -> 8003 | V18: 2344951 | W18: =IF((V18-V17)<0,"0",(V18-V17)) -> 7881 | X18: =K18+M18+O18+Q18+S18+U18+W18 -> 35257 | Y18: =I18-X18 -> 5336 | Z18: =(0.93352*(W18+S18)+0.5568*(Q18+O18))*0.26 -> 5053.2434 | AA18: =SUM(Z1:Z18) -> 107966.18
A19: 45002 | B19: 187 | C19: 20636 | D19: =IF((C19-C18)<0,"0",(C19-C18))*160 -> 320 | E19: 36123078 | F19: =IF((E19-E18)<0,"0",(E19-E18)) -> 8503 | G19: 13883106 | H19: =IF((G19-G18)<0,"0",(G19-G18)) -> 51271 | I19: =F19+H19 -> 59774 | J19: 1507136 | K19: =(IF((J19-J18)<0,"0",(J19-J18)))*2 -> 8894 | L19: 1860571 | M19: =IF((L19-L18)<0,"0",(L19-L18)) -> 6044 | N19: 8247120 | O19: =(IF((N19-N18)<0,"0",(N19-N18)))*2 -> 2264 | P19: 9471918 | Q19: =IF((P19-P18)<0,"0",(P19-P18)) -> 10613 | R19: 24347968 | S19: =IF((R19-R18)<0,"0",(R19-R18)) -> 11776 | V19: 2356647 | W19: =IF((V19-V18)<0,"0",(V19-V18)) -> 11696 | X19: =K19+M19+O19+Q19+S19+U19+W19 -> 51287 | Y19: =I19-X19 -> 8487 | Z19: =(0.93352*(W19+S19)+0.5568*(Q19+O19))*0.26 -> 7561.1887 | AA19: =SUM(Z1:Z19) -> 115527.37
A20: 45003 | B20: 316 | C20: 20638 | D20: =IF((C20-C19)<0,"0",(C20-C19))*160 -> 320 | E20: 36128651 | F20: =IF((E20-E19)<0,"0",(E20-E19)) -> 5573 | G20: 13919101 | H20: =IF((G20-G19)<0,"0",(G20-G19)) -> 35995 | I20: =F20+H20 -> 41568 | J20: 1510486 | K20: =(IF((J20-J19)<0,"0",(J20-J19)))*2 -> 6700 | L20: 1864524 | M20: =IF((L20-L19)<0,"0",(L20-L19)) -> 3953 | N20: 8247871 | O20: =(IF((N20-N19)<0,"0",(N20-N19)))*2 -> 1502 | P20: 9479172 | Q20: =IF((P20-P19)<0,"0",(P20-P19)) -> 7254 | R20: 24356405 | S20: =IF((R20-R19)<0,"0",(R20-R19)) -> 8437 | V20: 2364743 | W20: =IF((V20-V19)<0,"0",(V20-V19)) -> 8096 | X20: =K20+M20+O20+Q20+S20+U20+W20 -> 35942 | Y20: =I20-X20 -> 5626 | Z20: =(0.93352*(W20+S20)+0.5568*(Q20+O20))*0.26 -> 5280.399 | AA20: =SUM(Z1:Z20) -> 120807.77
A21: 45004 | B21: 287 | C21: 20641 | D21: =IF((C21-C20)<0,"0",(C21-C20))*160 -> 480 | E21: 36139084 | F21: =IF((E21-E20)<0,"0",(E21-E20)) -> 10433 | G21: 13974312 | H21: =IF((G21-G20)<0,"0",(G21-G20)) -> 55211 | I21: =F21+H21 -> 65644 | J21: 1516150 | K21: =(IF((J21-J20)<0,"0",(J21-J20)))*2 -> 11328 | L21: 1871739 | M21: =IF((L21-L20)<0,"0",(L21-L20)) -> 7215 | N21: 8249382 | O21: =(IF((N21-N20)<0,"0",(N21-N20)))*2 -> 3022 | P21: 9489086 | Q21: =IF((P21-P20)<0,"0",(P21-P20)) -> 9914 | R21: 24369367 | S21: =IF((R21-R20)<0,"0",(R21-R20)) -> 12962 | V21: 2374839 | W21: =IF((V21-V20)<0,"0",(V21-V20)) -> 10096 | X21: =K21+M21+O21+Q21+S21+U21+W21 -> 54537 | Y21: =I21-X21 -> 11107 | Z21: =(0.93352*(W21+S21)+0.5568*(Q21+O21))*0.26 -> 7469.2459 | AA21: =SUM(Z1:Z21) -> 128277.02
A22: 45005 | B22: 253 | C22: 20644 | D22: =IF((C22-C21)<0,"0",(C22-C21))*160 -> 480 | E22: 36145640 | F22: =IF((E22-E21)<0,"0",(E22-E21)) -> 6556 | G22: 14011796 | H22: =IF((G22-G21)<0,"0",(G22-G21)) -> 37484 | I22: =F22+H22 -> 44040 | J22: 1520130 | K22: =(IF((J22-J21)<0,"0",(J22-J21)))*2 -> 7960 | L22: 1876731 | M22: =IF((L22-L21)<0,"0",(L22-L21)) -> 4992 | N22: 8250094 | O22: =(IF((N22-N21)<0,"0",(N22-N21)))*2 -> 1424 | P22: 9496296 | Q22: =IF((P22-P21)<0,"0",(P22-P21)) -> 7210 | R22: 24377913 | S22: =IF((R22-R21)<0,"0",(R22-R21)) -> 8546 | V22: 2385973 | W22: =IF((V22-V21)<0,"0",(V22-V21)) -> 11134 | X22: =K22+M22+O22+Q22+S22+U22+W22 -> 41266 | Y22: =I22-X22 -> 2774 | Z22: =(0.93352*(W22+S22)+0.5568*(Q22+O22))*0.26 -> 6026.562 | AA22: =SUM(Z1:Z22) -> 134303.58
A23: 45006 | C23: =C22 -> 20644 | D23: =IF((C23-C22)<0,"0",(C23-C22))*160 -> 0 | E23: =E22 -> 36145640 | F23: =IF((E23-E22)<0,"0",(E23-E22)) -> 0 | G23: =G22 -> 14011796 | H23: =IF((G23-G22)<0,"0",(G23-G22)) -> 0 | I23: =F23+H23 -> 0 | J23: =J22 -> 1520130 | K23: =(IF((J23-J22)<0,"0",(J23-J22)))*2 -> 0 | L23: =L22 -> 1876731 | M23: =IF((L23-L22)<0,"0",(L23-L22)) -> 0 | N23: =N22 -> 8250094 | O23: =(IF((N23-N22)<0,"0",(N23-N22)))*2 -> 0 | P23: =P22 -> 9496296 | Q23: =IF((P23-P22)<0,"0",(P23-P22)) -> 0 | R23: =R22 -> 24377913 | S23: =IF((R23-R22)<0,"0",(R23-R22)) -> 0 | V23: =V22 -> 2385973 | W23: =IF((V23-V22)<0,"0",(V23-V22)) -> 0 | X23: =K23+M23+O23+Q23+S23+U23+W23 -> 0 | Y23: =I23-X23 -> 0 | Z23: =(0.93352*(W23+S23)+0.5568*(Q23+O23))*0.26 -> 0 | AA23: =SUM(Z1:Z23) -> 134303.58
A24: 45007 | C24: =C23 -> 20644 | D24: =IF((C24-C23)<0,"0",(C24-C23))*160 -> 0 | E24: =E23 -> 36145640 | F24: =IF((E24-E23)<0,"0",(E24-E23)) -> 0 | G24: =G23 -> 14011796 | H24: =IF((G24-G23)<0,"0",(G24-G23)) -> 0 | I24: =F24+H24 -> 0 | J24: =J23 -> 1520130 | K24: =(IF((J24-J23)<0,"0",(J24-J23)))*2 -> 0 | L24: =L23 -> 1876731 | M24: =IF((L24-L23)<0,"0",(L24-L23)) -> 0 | N24: =N23 -> 8250094 | O24: =(IF((N24-N23)<0,"0",(N24-N23)))*2 -> 0 | P24: =P23 -> 9496296 | Q24: =IF((P24-P23)<0,"0",(P24-P23)) -> 0 | R24: =R23 -> 24377913 | S24: =IF((R24-R23)<0,"0",(R24-R23)) -> 0 | V24: =V23 -> 2385973 | W24: =IF((V24-V23)<0,"0",(V24-V23)) -> 0 | X24: =K24+M24+O24+Q24+S24+U24+W24 -> 0 | Y24: =I24-X24 -> 0 | Z24: =(0.93352*(W24+S24)+0.5568*(Q24+O24))*0.26 -> 0 | AA24: =SUM(Z1:Z24) -> 134303.58
A25: 45008 | C25: =C24 -> 20644 | D25: =IF((C25-C24)<0,"0",(C25-C24))*160 -> 0 | E25: =E24 -> 36145640 | F25: =IF((E25-E24)<0,"0",(E25-E24)) -> 0 | G25: =G24 -> 14011796 | H25: =IF((G25-G24)<0,"0",(G25-G24)) -> 0 | I25: =F25+H25 -> 0 | J25: =J24 -> 1520130 | K25: =(IF((J25-J24)<0,"0",(J25-J24)))*2 -> 0 | L25: =L24 -> 1876731 | M25: =IF((L25-L24)<0,"0",(L25-L24)) -> 0 | N25: =N24 -> 8250094 | O25: =(IF((N25-N24)<0,"0",(N25-N24)))*2 -> 0 | P25: =P24 -> 9496296 | Q25: =IF((P25-P24)<0,"0",(P25-P24)) -> 0 | R25: =R24 -> 24377913 | S25: =IF((R25-R24)<0,"0",(R25-R24)) -> 0 | V25: =V24 -> 2385973 | W25: =IF((V25-V24)<0,"0",(V25-V24)) -> 0 | X25: =K25+M25+O25+Q25+S25+U25+W25 -> 0 | Y25: =I25-X25 -> 0 | Z25: =(0.93352*(W25+S25)+0.5568*(Q25+O25))*0.26 -> 0 | AA25: =SUM(Z1:Z25) -> 134303.58
A26: 45009 | C26: =C25 -> 20644 | D26: =IF((C26-C25)<0,"0",(C26-C25))*160 -> 0 | E26: =E25 -> 36145640 | F26: =IF((E26-E25)<0,"0",(E26-E25)) -> 0 | G26: =G25 -> 14011796 | H26: =IF((G26-G25)<0,"0",(G26-G25)) -> 0 | I26: =F26+H26 -> 0 | J26: =J25 -> 1520130 | K26: =(IF((J26-J25)<0,"0",(J26-J25)))*2 -> 0 | L26: =L25 -> 1876731 | M26: =IF((L26-L25)<0,"0",(L26-L25)) -> 0 | N26: =N25 -> 8250094 | O26: =(IF((N26-N25)<0,"0",(N26-N25)))*2 -> 0 | P26: =P25 -> 9496296 | Q26: =IF((P26-P25)<0,"0",(P26-P25)) -> 0 | R26: =R25 -> 24377913 | S26: =IF((R26-R25)<0,"0",(R26-R25)) -> 0 | V26: =V25 -> 2385973 | W26: =IF((V26-V25)<0,"0",(V26-V25)) -> 0 | X26: =K26+M26+O26+Q26+S26+U26+W26 -> 0 | Y26: =I26-X26 -> 0 | Z26: =(0.93352*(W26+S26)+0.5568*(Q26+O26))*0.26 -> 0 | AA26: =SUM(Z1:Z26) -> 134303.58
A27: 45010 | C27: =C26 -> 20644 | D27: =IF((C27-C26)<0,"0",(C27-C26))*160 -> 0 | E27: =E26 -> 36145640 | F27: =IF((E27-E26)<0,"0",(E27-E26)) -> 0 | G27: =G26 -> 14011796 | H27: =IF((G27-G26)<0,"0",(G27-G26)) -> 0 | I27: =F27+H27 -> 0 | J27: =J26 -> 1520130 | K27: =(IF((J27-J26)<0,"0",(J27-J26)))*2 -> 0 | L27: =L26 -> 1876731 | M27: =IF((L27-L26)<0,"0",(L27-L26)) -> 0 | N27: =N26 -> 8250094 | O27: =(IF((N27-N26)<0,"0",(N27-N26)))*2 -> 0 | P27: =P26 -> 9496296 | Q27: =IF((P27-P26)<0,"0",(P27-P26)) -> 0 | R27: =R26 -> 24377913 | S27: =IF((R27-R26)<0,"0",(R27-R26)) -> 0 | V27: =V26 -> 2385973 | W27: =IF((V27-V26)<0,"0",(V27-V26)) -> 0 | X27: =K27+M27+O27+Q27+S27+U27+W27 -> 0 | Y27: =I27-X27 -> 0 | Z27: =(0.93352*(W27+S27)+0.5568*(Q27+O27))*0.26 -> 0 | AA27: =SUM(Z1:Z27) -> 134303.58
A28: 45011 | C28: =C27 -> 20644 | D28: =IF((C28-C27)<0,"0",(C28-C27))*160 -> 0 | E28: =E27 -> 36145640 | F28: =IF((E28-E27)<0,"0",(E28-E27)) -> 0 | G28: =G27 -> 14011796 | H28: =IF((G28-G27)<0,"0",(G28-G27)) -> 0 | I28: =F28+H28 -> 0 | J28: =J27 -> 1520130 | K28: =(IF((J28-J27)<0,"0",(J28-J27)))*2 -> 0 | L28: =L27 -> 1876731 | M28: =IF((L28-L27)<0,"0",(L28-L27)) -> 0 | N28: =N27 -> 8250094 | O28: =(IF((N28-N27)<0,"0",(N28-N27)))*2 -> 0 | P28: =P27 -> 9496296 | Q28: =IF((P28-P27)<0,"0",(P28-P27)) -> 0 | R28: =R27 -> 24377913 | S28: =IF((R28-R27)<0,"0",(R28-R27)) -> 0 | V28: =V27 -> 2385973 | W28: =IF((V28-V27)<0,"0",(V28-V27)) -> 0 | X28: =K28+M28+O28+Q28+S28+U28+W28 -> 0 | Y28: =I28-X28 -> 0 | Z28: =(0.93352*(W28+S28)+0.5568*(Q28+O28))*0.26 -> 0 | AA28: =SUM(Z1:Z28) -> 134303.58
A29: 45012 | C29: =C28 -> 20644 | D29: =IF((C29-C28)<0,"0",(C29-C28))*160 -> 0 | E29: =E28 -> 36145640 | F29: =IF((E29-E28)<0,"0",(E29-E28)) -> 0 | G29: =G28 -> 14011796 | H29: =IF((G29-G28)<0,"0",(G29-G28)) -> 0 | I29: =F29+H29 -> 0 | J29: =J28 -> 1520130 | K29: =(IF((J29-J28)<0,"0",(J29-J28)))*2 -> 0 | L29: =L28 -> 1876731 | M29: =IF((L29-L28)<0,"0",(L29-L28)) -> 0 | N29: =N28 -> 8250094 | O29: =(IF((N29-N28)<0,"0",(N29-N28)))*2 -> 0 | P29: =P28 -> 9496296 | Q29: =IF((P29-P28)<0,"0",(P29-P28)) -> 0 | R29: =R28 -> 24377913 | S29: =IF((R29-R28)<0,"0",(R29-R28)) -> 0 | V29: =V28 -> 2385973 | W29: =IF((V29-V28)<0,"0",(V29-V28)) -> 0 | X29: =K29+M29+O29+Q29+S29+U29+W29 -> 0 | Y29: =I29-X29 -> 0 | Z29: =(0.93352*(W29+S29)+0.5568*(Q29+O29))*0.26 -> 0 | AA29: =SUM(Z1:Z29) -> 134303.58
A30: 45013 | C30: =C29 -> 20644 | D30: =IF((C30-C29)<0,"0",(C30-C29))*160 -> 0 | E30: =E29 -> 36145640 | F30: =IF((E30-E29)<0,"0",(E30-E29)) -> 0 | G30: =G29 -> 14011796 | H30: =IF((G30-G29)<0,"0",(G30-G29)) -> 0 | I30: =F30+H30 -> 0 | J30: =J29 -> 1520130 | K30: =(IF((J30-J29)<0,"0",(J30-J29)))*2 -> 0 | L30: =L29 -> 1876731 | M30: =IF((L30-L29)<0,"0",(L30-L29)) -> 0 | N30: =N29 -> 8250094 | O30: =(IF((N30-N29)<0,"0",(N30-N29)))*2 -> 0 | P30: =P29 -> 9496296 | Q30: =IF((P30-P29)<0,"0",(P30-P29)) -> 0 | R30: =R29 -> 24377913 | S30: =IF((R30-R29)<0,"0",(R30-R29)) -> 0 | V30: =V29 -> 2385973 | W30: =IF((V30-V29)<0,"0",(V30-V29)) -> 0 | X30: =K30+M30+O30+Q30+S30+U30+W30 -> 0 | Y30: =I30-X30 -> 0 | Z30: =(0.93352*(W30+S30)+0.5568*(Q30+O30))*0.26 -> 0 | AA30: =SUM(Z1:Z30) -> 134303.58
A31: 45014 | C31: =C30 -> 20644 | D31: =IF((C31-C30)<0,"0",(C31-C30))*160 -> 0 | E31: =E30 -> 36145640 | F31: =IF((E31-E30)<0,"0",(E31-E30)) -> 0 | G31: =G30 -> 14011796 | H31: =IF((G31-G30)<0,"0",(G31-G30)) -> 0 | I31: =F31+H31 -> 0 | J31: =J30 -> 1520130 | K31: =(IF((J31-J30)<0,"0",(J31-J30)))*2 -> 0 | L31: =L30 -> 1876731 | M31: =IF((L31-L30)<0,"0",(L31-L30)) -> 0 | N31: =N30 -> 8250094 | O31: =(IF((N31-N30)<0,"0",(N31-N30)))*2 -> 0 | P31: =P30 -> 9496296 | Q31: =IF((P31-P30)<0,"0",(P31-P30)) -> 0 | R31: =R30 -> 24377913 | S31: =IF((R31-R30)<0,"0",(R31-R30)) -> 0 | V31: =V30 -> 2385973 | W31: =IF((V31-V30)<0,"0",(V31-V30)) -> 0 | X31: =K31+M31+O31+Q31+S31+U31+W31 -> 0 | Y31: =I31-X31 -> 0 | Z31: =(0.93352*(W31+S31)+0.5568*(Q31+O31))*0.26 -> 0 | AA31: =SUM(Z2:Z31) -> 134303.58
A32: 45015 | C32: =C31 -> 20644 | D32: =IF((C32-C31)<0,"0",(C32-C31))*160 -> 0 | E32: =E31 -> 36145640 | F32: =IF((E32-E31)<0,"0",(E32-E31)) -> 0 | G32: =G31 -> 14011796 | H32: =IF((G32-G31)<0,"0",(G32-G31)) -> 0 | I32: =F32+H32 -> 0 | J32: =J31 -> 1520130 | K32: =(IF((J32-J31)<0,"0",(J32-J31)))*2 -> 0 | L32: =L31 -> 1876731 | M32: =IF((L32-L31)<0,"0",(L32-L31)) -> 0 | N32: =N31 -> 8250094 | O32: =(IF((N32-N31)<0,"0",(N32-N31)))*2 -> 0 | P32: =P31 -> 9496296 | Q32: =IF((P32-P31)<0,"0",(P32-P31)) -> 0 | R32: =R31 -> 24377913 | S32: =IF((R32-R31)<0,"0",(R32-R31)) -> 0 | V32: =V31 -> 2385973 | W32: =IF((V32-V31)<0,"0",(V32-V31)) -> 0 | X32: =K32+M32+O32+Q32+S32+U32+W32 -> 0 | Y32: =I32-X32 -> 0 | Z32: =(0.93352*(W32+S32)+0.5568*(Q32+O32))*0.26 -> 0 | AA32: =SUM(Z3:Z32) -> 134303.58
A33: 45016 | C33: =C32 -> 20644 | D33: =IF((C33-C32)<0,"0",(C33-C32))*160 -> 0 | E33: =E32 -> 36145640 | F33: =IF((E33-E32)<0,"0",(E33-E32)) -> 0 | G33: =G32 -> 14011796 | H33: =IF((G33-G32)<0,"0",(G33-G32)) -> 0 | I33: =F33+H33 -> 0 | J33: =J32 -> 1520130 | K33: =(IF((J33-J32)<0,"0",(J33-J32)))*2 -> 0 | L33: =L32 -> 1876731 | M33: =IF((L33-L32)<0,"0",(L33-L32)) -> 0 | N33: =N32 -> 8250094 | O33: =(IF((N33-N32)<0,"0",(N33-N32)))*2 -> 0 | P33: =P32 -> 9496296 | Q33: =IF((P33-P32)<0,"0",(P33-P32)) -> 0 | R33: =R32 -> 24377913 | S33: =IF((R33-R32)<0,"0",(R33-R32)) -> 0 | V33: =V32 -> 2385973 | W33: =IF((V33-V32)<0,"0",(V33-V32)) -> 0 | X33: =K33+M33+O33+Q33+S33+U33+W33 -> 0 | Y33: =I33-X33 -> 0 | Z33: =(0.93352*(W33+S33)+0.5568*(Q33+O33))*0.26 -> 0 | AA33: =SUM(Z4:Z33) -> 125887.08
A34: Total | B34: =SUM(B3:B33) -> 6144 | D34: =SUM(D3:D33) -> 8960 | F34: =SUM(F3:F33) -> 157429 | H34: =SUM(H3:H33) -> 915044 | I34: =F34+H34 -> 1072473 | K34: =SUM(K3:K33) -> 177264 | M34: =SUM(M3:M33) -> 112502 | O34: =SUM(O3:O33) -> 41760 | Q34: =SUM(Q3:Q33) -> 184644 | S34: =SUM(S3:S33) -> 213219 | U34: =SUM(U3:U33) -> 0 | W34: =SUM(W3:W33) -> 205080 | X34: =SUM(X3:X33) -> 934469 | Y34: =SUM(Y3:Y33) -> 137011 | Z34: =SUM(Z3:Z33) -> 134303.58 | AA34: =SUM(AA2:AA33) -> 2887766.1

Sheet Gas
A1: Day | B1: Main | C1: Cons.
A2: 44985 | B2: 18781662
A3: 44986 | B3: 18784029 | C3: =IF((B3-B2)<0,"0",(B3-B2)) -> 2367
A4: 44987 | B4: 18785994 | C4: =IF((B4-B3)<0,"0",(B4-B3)) -> 1965
A5: 44988 | B5: 18788252 | C5: =IF((B5-B4)<0,"0",(B5-B4)) -> 2258
A6: 44989 | B6: 18790561 | C6: =IF((B6-B5)<0,"0",(B6-B5)) -> 2309
A7: 44990 | B7: 18792643 | C7: =IF((B7-B6)<0,"0",(B7-B6)) -> 2082
A8: 44991 | B8: 18794590 | C8: =IF((B8-B7)<0,"0",(B8-B7)) -> 1947
A9: 44992 | B9: 18797034 | C9: =IF((B9-B8)<0,"0",(B9-B8)) -> 2444
A10: 44993 | B10: 18798973 | C10: =IF((B10-B9)<0,"0",(B10-B9)) -> 1939
A11: 44994 | B11: 18801023 | C11: =IF((B11-B10)<0,"0",(B11-B10)) -> 2050
A12: 44995 | B12: 18802915 | C12: =IF((B12-B11)<0,"0",(B12-B11)) -> 1892
A13: 44996 | B13: 18804914 | C13: =IF((B13-B12)<0,"0",(B13-B12)) -> 1999
A14: 44997 | B14: 18807183 | C14: =IF((B14-B13)<0,"0",(B14-B13)) -> 2269
... A22: 45005 | B22: 18823096 | C22: =IF((B22-B21)<0,"0",(B22-B21)) -> 1934
A23: 45006 | C23: =IF((B23-B22)<0,"0",(B23-B22)) -> 0
A24: 45007 | C24: =IF((B24-B23)<0,"0",(B24-B23)) -> 0
A25: 45008 | C25: =IF((B25-B24)<0,"0",(B25-B24)) -> 0
A26: 45009 | C26: =IF((B26-B25)<0,"0",(B26-B25)) -> 0
A27: 45010 | C27: =IF((B27-B26)<0,"0",(B27-B26)) -> 0
A28: 45011 | C28: =IF((B28-B27)<0,"0",(B28-B27)) -> 0
A29: 45012 | C29: =IF((B29-B28)<0,"0",(B29-B28)) -> 0
A30: 45013 | C30: =IF((B30-B29)<0,"0",(B30-B29)) -> 0
A31: 45014 | C31: =IF((B31-B30)<0,"0",(B31-B30)) -> 0
A32: 45015 | C32: =IF((B32-B31)<0,"0",(B32-B31)) -> 0
A33: 45016 | C33: =IF((B33-B32)<0,"0",(B33-B32)) -> 0
A34: Total | C34: =SUM(C4:C33) -> 39067

Sheet Water
A1: Day | B1: Main Reading | C1: Cons. | D1: Podium | E1: Cons. | F1: Hotel | G1: Cons. | H1: Large | I1: Cons. | J1: Total | K1: cost.LE
A2: 44985 | B2: 475236 | D2: 19742 | F2: 14080900 | H2: 840840 | J2: =C2+E2+G2+I2 -> 0 | K2: =J2*5.86 -> 0
A3: 44986 | B3: 475332 | C3: =(IF((B3-B2)<0,"0",(B3-B2)))*10 -> 960 | D3: 19804 | E3: =(IF((D3-D2)<0,"0",(D3-D2)))*10 -> 620 | F3: 14093800 | G3: =(IF((F3-F2)<0,"0",(F3-F2)))*0.027 -> 348.3 | H3: 841015 | I3: =(IF((H3-H2)<0,"0",(H3-H2)))*0.027 -> 4.725 | J3: =C3+E3+G3+I3 -> 1933.025 | K3: =J3*5.86 -> 11327.526
A4: 44987 | B4: 475415 | C4: =(IF((B4-B3)<0,"0",(B4-B3)))*10 -> 830 | D4: 19846 | E4: =(IF((D4-D3)<0,"0",(D4-D3)))*10 -> 420 | F4: 14111200 | G4: =(IF((F4-F3)<0,"0",(F4-F3)))*0.027 -> 469.8 | H4: 841208 | I4: =(IF((H4-H3)<0,"0",(H4-H3)))*0.027 -> 5.211 | J4: =C4+E4+G4+I4 -> 1725.011 | K4: =J4*5.86 -> 10108.564
A5: 44988 | B5: 475479 | C5: =(IF((B5-B4)<0,"0",(B5-B4)))*10 -> 640 | D5: 19883 | E5: =(IF((D5-D4)<0,"0",(D5-D4)))*10 -> 370 | F5: 14122800 | G5: =(IF((F5-F4)<0,"0",(F5-F4)))*0.027 -> 313.2 | H5: 841373 | I5: =(IF((H5-H4)<0,"0",(H5-H4)))*0.027 -> 4.455 | J5: =C5+E5+G5+I5 -> 1327.655 | K5: =J5*5.86 -> 7780.0583
A6: 44989 | B6: 475547 | C6: =(IF((B6-B5)<0,"0",(B6-B5)))*10 -> 680 | D6: 19921 | E6: =(IF((D6-D5)<0,"0",(D6-D5)))*10 -> 380 | F6: 14134800 | G6: =(IF((F6-F5)<0,"0",(F6-F5)))*0.027 -> 324 | H6: 841561 | I6: =(IF((H6-H5)<0,"0",(H6-H5)))*0.027 -> 5.076 | J6: =C6+E6+G6+I6 -> 1389.076 | K6: =J6*5.86 -> 8139.9854
A7: 44990 | B7: 475623 | C7: =(IF((B7-B6)<0,"0",(B7-B6)))*10 -> 760 | D7: 19964 | E7: =(IF((D7-D6)<0,"0",(D7-D6)))*10 -> 430 | F7: 14148300 | G7: =(IF((F7-F6)<0,"0",(F7-F6)))*0.027 -> 364.5 | H7: 841741 | I7: =(IF((H7-H6)<0,"0",(H7-H6)))*0.027 -> 4.86 | J7: =C7+E7+G7+I7 -> 1559.36 | K7: =J7*5.86 -> 9137.8496
A8: 44991 | B8: 475690 | C8: =(IF((B8-B7)<0,"0",(B8-B7)))*10 -> 670 | D8: 20001 | E8: =(IF((D8-D7)<0,"0",(D8-D7)))*10 -> 370 | F8: 14160600 | G8: =(IF((F8-F7)<0,"0",(F8-F7)))*0.027 -> 332.1 | H8: 841902 | I8: =(IF((H8-H7)<0,"0",(H8-H7)))*0.027 -> 4.347 | J8: =C8+E8+G8+I8 -> 1376.447 | K8: =J8*5.86 -> 8065.9794
A9: 44992 | B9: 475764 | C9: =(IF((B9-B8)<0,"0",(B9-B8)))*10 -> 740 | D9: 20039 | E9: =(IF((D9-D8)<0,"0",(D9-D8)))*10 -> 380 | F9: 14174100 | G9: =(IF((F9-F8)<0,"0",(F9-F8)))*0.027 -> 364.5 | H9: 842125 | I9: =(IF((H9-H8)<0,"0",(H9-H8)))*0.027 -> 6.021 | J9: =C9+E9+G9+I9 -> 1490.521 | K9: =J9*5.86 -> 8734.4531
A10: 44993 | B10: 475832 | C10: =(IF((B10-B9)<0,"0",(B10-B9)))*10 -> 680 | D10: 20075 | E10: =(IF((D10-D9)<0,"0",(D10-D9)))*10 -> 360 | F10: 14187400 | G10: =(IF((F10-F9)<0,"0",(F10-F9)))*0.027 -> 359.1 | H10: 842332 | I10: =(IF((H10-H9)<0,"0",(H10-H9)))*0.027 -> 5.589 | J10: =C10+E10+G10+I10 -> 1404.689 | K10: =J10*5.86 -> 8231.4775
A11: 44994 | B11: 475910 | C11: =(IF((B11-B10)<0,"0",(B11-B10)))*10 -> 780 | D11: 20117 | E11: =(IF((D11-D10)<0,"0",(D11-D10)))*10 -> 420 | F11: 14200700 | G11: =(IF((F11-F10)<0,"0",(F11-F10)))*0.027 -> 359.1 | H11: 842523 | I11: =(IF((H11-H10)<0,"0",(H11-H10)))*0.027 -> 5.157 | J11: =C11+E11+G11+I11 -> 1564.257 | K11: =J11*5.86 -> 9166.546
A12: 44995 | B12: 475973 | C12: =(IF((B12-B11)<0,"0",(B12-B11)))*10 -> 630 | D12: 20149 | E12: =(IF((D12-D11)<0,"0",(D12-D11)))*10 -> 320 | F12: 14214400 | G12: =(IF((F12-F11)<0,"0",(F12-F11)))*0.027 -> 369.9 | H12: 842663 | I12: =(IF((H12-H11)<0,"0",(H12-H11)))*0.027 -> 3.78 | J12: =C12+E12+G12+I12 -> 1323.68 | K12: =J12*5.86 -> 7756.7648
A13: 44996 | B13: 476049 | C13: =(IF((B13-B12)<0,"0",(B13-B12)))*10 -> 760 | D13: 20185 | E13: =(IF((D13-D12)<0,"0",(D13-D12)))*10 -> 360 | F13: 14230100 | G13: =(IF((F13-F12)<0,"0",(F13-F12)))*0.027 -> 423.9 | H13: 842831 | I13: =(IF((H13-H12)<0,"0",(H13-H12)))*0.027 -> 4.536 | J13: =C13+E13+G13+I13 -> 1548.436 | K13: =J13*5.86 -> 9073.835
A14: 44997 | B14: 476120 | C14: =(IF((B14-B13)<0,"0",(B14-B13)))*10 -> 710 | D14: 20225 | E14: =(IF((D14-D13)<0,"0",(D14-D13)))*10 -> 400 | F14: 14245300 | G14: =(IF((F14-F13)<0,"0",(F14-F13)))*0.027 -> 410.4 | H14: 843018 | I14: =(IF((H14-H13)<0,"0",(H14-H13)))*0.027 -> 5.049 | J14: =C14+E14+G14+I14 -> 1525.449 | K14: =J14*5.86 -> 8939.1311
... A17: 45000 | B17: 476361 | C17: =(IF((B17-B16)<0,"0",(B17-B16)))*10 -> 790 | D17: 20355 | E17: =(IF((D17-D16)<0,"0",(D17-D16)))*10 -> 460 | F17: 14286400 | G17: =(IF((F17-F16)<0,"0",(F17-F16)))*0.027 -> 353.7 | H17: 843582 | I17: =(IF((H17-H16)<0,"0",(H17-H16)))*0.027 -> 4.617 | J17: =C17+E17+G17+I17 -> 1608.317 | K17: =J17*5.86 -> 9424.7376
A18: 45001 | B18: 476437 | C18: =(IF((B18-B17)<0,"0",(B18-B17)))*10 -> 760 | D18: 20397 | E18: =(IF((D18-D17)<0,"0",(D18-D17)))*10 -> 420 | F18: 14299800 | G18: =(IF((F18-F17)<0,"0",(F18-F17)))*0.027 -> 361.8 | H18: 843770 | I18: =(IF((H18-H17)<0,"0",(H18-H17)))*0.027 -> 5.076 | J18: =C18+E18+G18+I18 -> 1546.876 | K18: =J18*5.86 -> 9064.6934 | Q18: `
A19: 45002 | B19: 476503 | C19: =(IF((B19-B18)<0,"0",(B19-B18)))*10 -> 660 | D19: 20432 | E19: =(IF((D19-D18)<0,"0",(D19-D18)))*10 -> 350 | F19: 14312400 | G19: =(IF((F19-F18)<0,"0",(F19-F18)))*0.027 -> 340.2 | H19: 843930 | I19: =(IF((H19-H18)<0,"0",(H19-H18)))*0.027 -> 4.32 | J19: =C19+E19+G19+I19 -> 1354.52 | K19: =J19*5.86 -> 7937.4872
A20: 45003 | B20: 476573 | C20: =(IF((B20-B19)<0,"0",(B20-B19)))*10 -> 700 | D20: 20469 | E20: =(IF((D20-D19)<0,"0",(D20-D19)))*10 -> 370 | F20: 14325700 | G20: =(IF((F20-F19)<0,"0",(F20-F19)))*0.027 -> 359.1 | H20: 844091 | I20: =(IF((H20-H19)<0,"0",(H20-H19)))*0.027 -> 4.347 | J20: =C20+E20+G20+I20 -> 1433.447 | K20: =J20*5.86 -> 8399.9994
A21: 45004 | B21: 476643 | C21: =(IF((B21-B20)<0,"0",(B21-B20)))*10 -> 700 | D21: 20512 | E21: =(IF((D21-D20)<0,"0",(D21-D20)))*10 -> 430 | F21: 14338200 | G21: =(IF((F21-F20)<0,"0",(F21-F20)))*0.027 -> 337.5 | H21: 844267 | I21: =(IF((H21-H20)<0,"0",(H21-H20)))*0.027 -> 4.752 | J21: =C21+E21+G21+I21 -> 1472.252 | K21: =J21*5.86 -> 8627.3967
A22: 45005 | B22: 476768 | C22: =(IF((B22-B21)<0,"0",(B22-B21)))*10 -> 1250 | D22: 20555 | E22: =(IF((D22-D21)<0,"0",(D22-D21)))*10 -> 430 | F22: 14370200 | G22: =(IF((F22-F21)<0,"0",(F22-F21)))*0.027 -> 864 | H22: 844461 | I22: =(IF((H22-H21)<0,"0",(H22-H21)))*0.027 -> 5.238 | J22: =C22+E22+G22+I22 -> 2549.238 | K22: =J22*5.86 -> 14938.535
A23: 45006 | C23: =(IF((B23-B22)<0,"0",(B23-B22)))*10 -> 0 | E23: =(IF((D23-D22)<0,"0",(D23-D22)))*10 -> 0 | G23: =(IF((F23-F22)<0,"0",(F23-F22)))*0.027 -> 0 | I23: =(IF((H23-H22)<0,"0",(H23-H22)))*0.027 -> 0 | J23: =C23+E23+G23+I23 -> 0 | K23: =J23*5.86 -> 0
A24: 45007 | C24: =(IF((B24-B23)<0,"0",(B24-B23)))*10 -> 0 | E24: =(IF((D24-D23)<0,"0",(D24-D23)))*10 -> 0 | G24: =(IF((F24-F23)<0,"0",(F24-F23)))*0.027 -> 0 | I24: =(IF((H24-H23)<0,"0",(H24-H23)))*0.027 -> 0 | J24: =C24+E24+G24+I24 -> 0 | K24: =J24*5.86 -> 0
A25: 45008 | C25: =(IF((B25-B24)<0,"0",(B25-B24)))*10 -> 0 | E25: =(IF((D25-D24)<0,"0",(D25-D24)))*10 -> 0 | G25: =(IF((F25-F24)<0,"0",(F25-F24)))*0.027 -> 0 | I25: =(IF((H25-H24)<0,"0",(H25-H24)))*0.027 -> 0 | J25: =C25+E25+G25+I25 -> 0 | K25: =J25*5.86 -> 0
A26: 45009 | C26: =(IF((B26-B25)<0,"0",(B26-B25)))*10 -> 0 | E26: =(IF((D26-D25)<0,"0",(D26-D25)))*10 -> 0 | G26: =(IF((F26-F25)<0,"0",(F26-F25)))*0.027 -> 0 | I26: =(IF((H26-H25)<0,"0",(H26-H25)))*0.027 -> 0 | J26: =C26+E26+G26+I26 -> 0 | K26: =J26*5.86 -> 0
A27: 45010 | C27: =(IF((B27-B26)<0,"0",(B27-B26)))*10 -> 0 | E27: =(IF((D27-D26)<0,"0",(D27-D26)))*10 -> 0 | G27: =(IF((F27-F26)<0,"0",(F27-F26)))*0.027 -> 0 | I27: =(IF((H27-H26)<0,"0",(H27-H26)))*0.027 -> 0 | J27: =C27+E27+G27+I27 -> 0 | K27: =J27*5.86 -> 0
A28: 45011 | C28: =(IF((B28-B27)<0,"0",(B28-B27)))*10 -> 0 | E28: =(IF((D28-D27)<0,"0",(D28-D27)))*10 -> 0 | G28: =(IF((F28-F27)<0,"0",(F28-F27)))*0.027 -> 0 | I28: =(IF((H28-H27)<0,"0",(H28-H27)))*0.027 -> 0 | J28: =C28+E28+G28+I28 -> 0 | K28: =J28*5.86 -> 0
A29: 45012 | C29: =(IF((B29-B28)<0,"0",(B29-B28)))*10 -> 0 | E29: =(IF((D29-D28)<0,"0",(D29-D28)))*10 -> 0 | G29: =(IF((F29-F28)<0,"0",(F29-F28)))*0.027 -> 0 | I29: =(IF((H29-H28)<0,"0",(H29-H28)))*0.027 -> 0 | J29: =C29+E29+G29+I29 -> 0 | K29: =J29*5.86 -> 0
A30: 45013 | C30: =(IF((B30-B29)<0,"0",(B30-B29)))*10 -> 0 | E30: =(IF((D30-D29)<0,"0",(D30-D29)))*10 -> 0 | G30: =(IF((F30-F29)<0,"0",(F30-F29)))*0.027 -> 0 | I30: =(IF((H30-H29)<0,"0",(H30-H29)))*0.027 -> 0 | J30: =C30+E30+G30+I30 -> 0 | K30: =J30*5.86 -> 0
A31: 45014 | C31: =(IF((B31-B30)<0,"0",(B31-B30)))*10 -> 0 | E31: =(IF((D31-D30)<0,"0",(D31-D30)))*10 -> 0 | G31: =(IF((F31-F30)<0,"0",(F31-F30)))*0.027 -> 0 | I31: =(IF((H31-H30)<0,"0",(H31-H30)))*0.027 -> 0 | J31: =C31+E31+G31+I31 -> 0 | K31: =J31*5.86 -> 0
A32: 45015 | C32: =(IF((B32-B31)<0,"0",(B32-B31)))*10 -> 0 | E32: =(IF((D32-D31)<0,"0",(D32-D31)))*10 -> 0 | G32: =(IF((F32-F31)<0,"0",(F32-F31)))*0.027 -> 0 | I32: =(IF((H32-H31)<0,"0",(H32-H31)))*0.027 -> 0 | J32: =C32+E32+G32+I32 -> 0 | K32: =J32*5.86 -> 0
A33: 45016 | C33: =(IF((B33-B32)<0,"0",(B33-B32)))*10 -> 0 | E33: =(IF((D33-D32)<0,"0",(D33-D32)))*10 -> 0 | G33: =(IF((F33-F32)<0,"0",(F33-F32)))*0.027 -> 0 | I33: =(IF((H33-H32)<0,"0",(H33-H32)))*0.027 -> 0 | J33: =C33+E33+G33+I33 -> 0 | K33: =J33*5.86 -> 0
A34: Total | C34: =SUM(C3:C33) -> 15320 | E34: =SUM(E3:E33) -> 8130 | G34: =SUM(G3:G33) -> 7811.1 | I34: =SUM(I3:I33) -> 97.767 | J34: =SUM(J3:J33) -> 31358.867 | K34: =SUM(K3:K33) -> 183762.96

Sheet BTU
A1: Day | B1: Hotel | C1: Cons. Mwh | D1: Cost (LE) | E1: B.S | F1: Cons. Mwh | G1: Cost (LE) | H1: LS | I1: Cons.Mwh | J1: Cost (LE) | K1: AHU # 25 | L1: Cons.Mwh | M1: Cost (LE) | N1: Mall | O1: Cons.Mwh | P1: Cost (LE) | Q1: AHU # 9 | R1: Cons.Mwh | S1: Cost (LE) | T1: Total Cons. | U1: Total Cost (LE) | W1: Water consumption for cooling towers | AB1: Chilled Water | AD1: Oil Boiler | AF1: B2 Cooling tower
A2: 44985 | B2: 25764.624 | D2: =C2*1.9*1000 -> 0 | E2: 4746.539 | G2: =F2*1.9*1000 -> 0 | H2: 6856 | J2: =I2*1.9*1000 -> 0 | K2: 14378.1 | M2: =L2*1.9*1000 -> 0 | N2: 4109.132 | P2: =O2*1.9*1000 -> 0 | Q2: 5673.71 | S2: =R2*1.9*1000 -> 0 | T2: =C2+F2+I2+L2+O2+R2 -> 0 | U2: =T2*1.9*1000 -> 0 | W2: 44985 | X2: 229443 | Z2: 10622 | AB2: 146.5 | AD2: 973 | AF2: 10447
A3: 44986 | B3: 25768.452 | C3: =IF((B3-B2)<0,"0",(B3-B2)) -> 3.828 | D3: =C3*1.9*1000 -> 7273.2 | E3: 4747.695 | F3: =IF((E3-E2)<0,"0",(E3-E2)) -> 1.156 | G3: =F3*1.9*1000 -> 2196.4 | H3: 6861 | I3: =IF((H3-H2)<0,"0",(H3-H2)) -> 5 | J3: =I3*1.9*1000 -> 9500 | K3: 14379.06 | L3: =IF((K3-K2)<0,"0",(K3-K2)) -> 0.96 | M3: =L3*1.9*1000 -> 1824 | N3: 4112.14 | O3: =IF((N3-N2)<0,"0",(N3-N2)) -> 3.008 | P3: =O3*1.9*1000 -> 5715.2 | Q3: 5673.71 | R3: =IF((Q3-Q2)<0,"0",(Q3-Q2)) -> 0 | S3: =R3*1.9*1000 -> 0 | T3: =C3+F3+I3+L3+O3+R3 -> 13.952 | U3: =T3*1.9*1000 -> 26508.8 | W3: 44986 | X3: 229514 | Y3: =IF((X3-X2)<0,"0",(X3-X2)) -> 71 | Z3: 10633 | AA3: =IF((Z3-Z2)<0,"0",(Z3-Z2)) -> 11 | AB3: =AB2 -> 146.5 | AC3: =IF((AB3-AB2)<0,"0",(AB3-AB2)) -> 0 | AD3: 975 | AE3: =IF((AD3-AD2)<0,"0",(AD3-AD2)) -> 2 | AF3: 10449 | AG3: =IF((AF3-AF2)<0,"0",(AF3-AF2)) -> 2
A4: 44987 | B4: 25772.88 | C4: =IF((B4-B3)<0,"0",(B4-B3)) -> 4.428 | D4: =C4*1.9*1000 -> 8413.2 | E4: 4749.221 | F4: =IF((E4-E3)<0,"0",(E4-E3)) -> 1.526 | G4: =F4*1.9*1000 -> 2899.4 | H4: 6865 | I4: =IF((H4-H3)<0,"0",(H4-H3)) -> 4 | J4: =I4*1.9*1000 -> 7600 | K4: 14379.62 | L4: =IF((K4-K3)<0,"0",(K4-K3)) -> 0.56 | M4: =L4*1.9*1000 -> 1064 | N4: 4115.651 | O4: =IF((N4-N3)<0,"0",(N4-N3)) -> 3.511 | P4: =O4*1.9*1000 -> 6670.9 | Q4: 5674.11 | R4: =IF((Q4-Q3)<0,"0",(Q4-Q3)) -> 0.4 | S4: =R4*1.9*1000 -> 760 | T4: =C4+F4+I4+L4+O4+R4 -> 14.425 | U4: =T4*1.9*1000 -> 27407.5 | W4: 44987 | X4: 229740 | Y4: =IF((X4-X3)<0,"0",(X4-X3)) -> 226 | Z4: 10645 | AA4: =IF((Z4-Z3)<0,"0",(Z4-Z3)) -> 12 | AB4: =AB3 -> 146.5 | AC4: =IF((AB4-AB3)<0,"0",(AB4-AB3)) -> 0 | AD4: 979 | AE4: =IF((AD4-AD3)<0,"0",(AD4-AD3)) -> 4 | AF4: 10452 | AG4: =IF((AF4-AF3)<0,"0",(AF4-AF3)) -> 3
A5: 44988 | B5: 25776.479 | C5: =IF((B5-B4)<0,"0",(B5-B4)) -> 3.599 | D5: =C5*1.9*1000 -> 6838.1 | E5: 4749.812 | F5: =IF((E5-E4)<0,"0",(E5-E4)) -> 0.591 | G5: =F5*1.9*1000 -> 1122.9 | H5: 6869 | I5: =IF((H5-H4)<0,"0",(H5-H4)) -> 4 | J5: =I5*1.9*1000 -> 7600 | K5: 14379.62 | L5: =IF((K5-K4)<0,"0",(K5-K4)) -> 0 | M5: =L5*1.9*1000 -> 0 | N5: 4118.313 | O5: =IF((N5-N4)<0,"0",(N5-N4)) -> 2.662 | P5: =O5*1.9*1000 -> 5057.8 | Q5: 5674.24 | R5: =IF((Q5-Q4)<0,"0",(Q5-Q4)) -> 0.13 | S5: =R5*1.9*1000 -> 247 | T5: =C5+F5+I5+L5+O5+R5 -> 10.982 | U5: =T5*1.9*1000 -> 20865.8 | W5: 44988 | X5: 229798 | Y5: =IF((X5-X4)<0,"0",(X5-X4)) -> 58 | Z5: 10650 | AA5: =IF((Z5-Z4)<0,"0",(Z5-Z4)) -> 5 | AB5: =AB4 -> 146.5 | AC5: =IF((AB5-AB4)<0,"0",(AB5-AB4)) -> 0 | AD5: 982 | AE5: =IF((AD5-AD4)<0,"0",(AD5-AD4)) -> 3 | AF5: 10456 | AG5: =IF((AF5-AF4)<0,"0",(AF5-AF4)) -> 4
A6: 44989 | B6: 25782.116 | C6: =IF((B6-B5)<0,"0",(B6-B5)) -> 5.637 | D6: =C6*1.9*1000 -> 10710.3 | E6: 4750.888 | F6: =IF((E6-E5)<0,"0",(E6-E5)) -> 1.076 | G6: =F6*1.9*1000 -> 2044.4 | H6: 6875 | I6: =IF((H6-H5)<0,"0",(H6-H5)) -> 6 | J6: =I6*1.9*1000 -> 11400 | K6: 14381.22 | L6: =IF((K6-K5)<0,"0",(K6-K5)) -> 1.6 | M6: =L6*1.9*1000 -> 3040 | N6: 4122.504 | O6: =IF((N6-N5)<0,"0",(N6-N5)) -> 4.191 | P6: =O6*1.9*1000 -> 7962.9 | Q6: 5674.37 | R6: =IF((Q6-Q5)<0,"0",(Q6-Q5)) -> 0.13 | S6: =R6*1.9*1000 -> 247 | T6: =C6+F6+I6+L6+O6+R6 -> 18.634 | U6: =T6*1.9*1000 -> 35404.6 | W6: 44989 | X6: 229837 | Y6: =IF((X6-X5)<0,"0",(X6-X5)) -> 39 | Z6: 10656 | AA6: =IF((Z6-Z5)<0,"0",(Z6-Z5)) -> 6 | AB6: =AB5 -> 146.5 | AC6: =IF((AB6-AB5)<0,"0",(AB6-AB5)) -> 0 | AD6: 985 | AE6: =IF((AD6-AD5)<0,"0",(AD6-AD5)) -> 3 | AF6: 10461 | AG6: =IF((AF6-AF5)<0,"0",(AF6-AF5)) -> 5
A7: 44990 | B7: 25785.379 | C7: =IF((B7-B6)<0,"0",(B7-B6)) -> 3.263 | D7: =C7*1.9*1000 -> 6199.7 | E7: 4752.016 | F7: =IF((E7-E6)<0,"0",(E7-E6)) -> 1.128 | G7: =F7*1.9*1000 -> 2143.2 | H7: 6879 | I7: =IF((H7-H6)<0,"0",(H7-H6)) -> 4 | J7: =I7*1.9*1000 -> 7600 | K7: 14382.23 | L7: =IF((K7-K6)<0,"0",(K7-K6)) -> 1.01 | M7: =L7*1.9*1000 -> 1919 | N7: 4124.824 | O7: =IF((N7-N6)<0,"0",(N7-N6)) -> 2.32 | P7: =O7*1.9*1000 -> 4408 | Q7: 5674.5 | R7: =IF((Q7-Q6)<0,"0",(Q7-Q6)) -> 0.13 | S7: =R7*1.9*1000 -> 247 | T7: =C7+F7+I7+L7+O7+R7 -> 11.851 | U7: =T7*1.9*1000 -> 22516.9 | W7: 44990 | X7: 229893 | Y7: =IF((X7-X6)<0,"0",(X7-X6)) -> 56 | Z7: 10660 | AA7: =IF((Z7-Z6)<0,"0",(Z7-Z6)) -> 4 | AB7: =AB6 -> 146.5 | AC7: =IF((AB7-AB6)<0,"0",(AB7-AB6)) -> 0 | AD7: 988 | AE7: =IF((AD7-AD6)<0,"0",(AD7-AD6)) -> 3 | AF7: 10464 | AG7: =IF((AF7-AF6)<0,"0",(AF7-AF6)) -> 3
A8: 44991 | B8: 25790.31 | C8: =IF((B8-B7)<0,"0",(B8-B7)) -> 4.931 | D8: =C8*1.9*1000 -> 9368.9 | E8: 4753.833 | F8: =IF((E8-E7)<0,"0",(E8-E7)) -> 1.817 | G8: =F8*1.9*1000 -> 3452.3 | H8: 6884 | I8: =IF((H8-H7)<0,"0",(H8-H7)) -> 5 | J8: =I8*1.9*1000 -> 9500 | K8: 14383.65 | L8: =IF((K8-K7)<0,"0",(K8-K7)) -> 1.42 | M8: =L8*1.9*1000 -> 2698 | N8: 4127.863 | O8: =IF((N8-N7)<0,"0",(N8-N7)) -> 3.039 | P8: =O8*1.9*1000 -> 5774.1 | Q8: 5674.83 | R8: =IF((Q8-Q7)<0,"0",(Q8-Q7)) -> 0.33 | S8: =R8*1.9*1000 -> 627 | T8: =C8+F8+I8+L8+O8+R8 -> 16.537 | U8: =T8*1.9*1000 -> 31420.3 | W8: 44991 | X8: 229997 | Y8: =IF((X8-X7)<0,"0",(X8-X7)) -> 104 | Z8: 10665 | AA8: =IF((Z8-Z7)<0,"0",(Z8-Z7)) -> 5 | AB8: =AB7 -> 146.5 | AC8: =IF((AB8-AB7)<0,"0",(AB8-AB7)) -> 0 | AD8: 991 | AE8: =IF((AD8-AD7)<0,"0",(AD8-AD7)) -> 3 | AF8: 10468 | AG8: =IF((AF8-AF7)<0,"0",(AF8-AF7)) -> 4
A9: 44992 | B9: 25793.608 | C9: =IF((B9-B8)<0,"0",(B9-B8)) -> 3.298 | D9: =C9*1.9*1000 -> 6266.2 | E9: 4754.945 | F9: =IF((E9-E8)<0,"0",(E9-E8)) -> 1.112 | G9: =F9*1.9*1000 -> 2112.8 | H9: 6888 | I9: =IF((H9-H8)<0,"0",(H9-H8)) -> 4 | J9: =I9*1.9*1000 -> 7600 | K9: 14384.92 | L9: =IF((K9-K8)<0,"0",(K9-K8)) -> 1.27 | M9: =L9*1.9*1000 -> 2413 | N9: 4130.469 | O9: =IF((N9-N8)<0,"0",(N9-N8)) -> 2.606 | P9: =O9*1.9*1000 -> 4951.4 | Q9: 5674.95 | R9: =IF((Q9-Q8)<0,"0",(Q9-Q8)) -> 0.12 | S9: =R9*1.9*1000 -> 228 | T9: =C9+F9+I9+L9+O9+R9 -> 12.406 | U9: =T9*1.9*1000 -> 23571.4 | W9: 44992 | X9: 230093 | Y9: =IF((X9-X8)<0,"0",(X9-X8)) -> 96 | Z9: 10669 | AA9: =IF((Z9-Z8)<0,"0",(Z9-Z8)) -> 4 | AB9: =AB8 -> 146.5 | AC9: =IF((AB9-AB8)<0,"0",(AB9-AB8)) -> 0 | AD9: 993 | AE9: =IF((AD9-AD8)<0,"0",(AD9-AD8)) -> 2 | AF9: 10473 | AG9: =IF((AF9-AF8)<0,"0",(AF9-AF8)) -> 5
A10: 44993 | B10: 25797.17 | C10: =IF((B10-B9)<0,"0",(B10-B9)) -> 3.562 | D10: =C10*1.9*1000 -> 6767.8 | E10: 4756.224 | F10: =IF((E10-E9)<0,"0",(E10-E9)) -> 1.279 | G10: =F10*1.9*1000 -> 2430.1 | H10: 6893 | I10: =IF((H10-H9)<0,"0",(H10-H9)) -> 5 | J10: =I10*1.9*1000 -> 9500 | K10: 14386.69 | L10: =IF((K10-K9)<0,"0",(K10-K9)) -> 1.77 | M10: =L10*1.9*1000 -> 3363 | N10: 4133.582 | O10: =IF((N10-N9)<0,"0",(N10-N9)) -> 3.113 | P10: =O10*1.9*1000 -> 5914.7 | Q10: 5675.12 | R10: =IF((Q10-Q9)<0,"0",(Q10-Q9)) -> 0.17 | S10: =R10*1.9*1000 -> 323 | T10: =C10+F10+I10+L10+O10+R10 -> 14.894 | U10: =T10*1.9*1000 -> 28298.6 | W10: 44993 | X10: 230114 | Y10: =IF((X10-X9)<0,"0",(X10-X9)) -> 21 | Z10: 10674 | AA10: =IF((Z10-Z9)<0,"0",(Z10-Z9)) -> 5 | AB10: 146.5 | AC10: =IF((AB10-AB9)<0,"0",(AB10-AB9)) -> 0 | AD10: 995 | AE10: =IF((AD10-AD9)<0,"0",(AD10-AD9)) -> 2 | AF10: 10476 | AG10: =IF((AF10-AF9)<0,"0",(AF10-AF9)) -> 3
A11: 44994 | B11: 25800.688 | C11: =IF((B11-B10)<0,"0",(B11-B10)) -> 3.518 | D11: =C11*1.9*1000 -> 6684.2 | E11: 4757.631 | F11: =IF((E11-E10)<0,"0",(E11-E10)) -> 1.407 | G11: =F11*1.9*1000 -> 2673.3 | H11: 6897 | I11: =IF((H11-H10)<0,"0",(H11-H10)) -> 4 | J11: =I11*1.9*1000 -> 7600 | K11: 14388.41 | L11: =IF((K11-K10)<0,"0",(K11-K10)) -> 1.72 | M11: =L11*1.9*1000 -> 3268 | N11: 4136.756 | O11: =IF((N11-N10)<0,"0",(N11-N10)) -> 3.174 | P11: =O11*1.9*1000 -> 6030.6 | Q11: 5675.4 | R11: =IF((Q11-Q10)<0,"0",(Q11-Q10)) -> 0.28 | S11: =R11*1.9*1000 -> 532 | T11: =C11+F11+I11+L11+O11+R11 -> 14.099 | U11: =T11*1.9*1000 -> 26788.1 | W11: 44994 | X11: 230196 | Y11: =IF((X11-X10)<0,"0",(X11-X10)) -> 82 | Z11: 10676 | AA11: =IF((Z11-Z10)<0,"0",(Z11-Z10)) -> 2 | AB11: =AB10 -> 146.5 | AC11: =IF((AB11-AB10)<0,"0",(AB11-AB10)) -> 0 | AD11: 998 | AE11: =IF((AD11-AD10)<0,"0",(AD11-AD10)) -> 3 | AF11: 10479 | AG11: =IF((AF11-AF10)<0,"0",(AF11-AF10)) -> 3
A12: 44995 | B12: 25804.686 | C12: =IF((B12-B11)<0,"0",(B12-B11)) -> 3.998 | D12: =C12*1.9*1000 -> 7596.2 | E12: 4758.661 | F12: =IF((E12-E11)<0,"0",(E12-E11)) -> 1.03 | G12: =F12*1.9*1000 -> 1957 | H12: 6902 | I12: =IF((H12-H11)<0,"0",(H12-H11)) -> 5 | J12: =I12*1.9*1000 -> 9500 | K12: 14390.11 | L12: =IF((K12-K11)<0,"0",(K12-K11)) -> 1.7 | M12: =L12*1.9*1000 -> 3230 | N12: 4140.02 | O12: =IF((N12-N11)<0,"0",(N12-N11)) -> 3.264 | P12: =O12*1.9*1000 -> 6201.6 | Q12: 5675.73 | R12: =IF((Q12-Q11)<0,"0",(Q12-Q11)) -> 0.33 | S12: =R12*1.9*1000 -> 627 | T12: =C12+F12+I12+L12+O12+R12 -> 15.322 | U12: =T12*1.9*1000 -> 29111.8 | W12: 44995 | X12: 230266 | Y12: =IF((X12-X11)<0,"0",(X12-X11)) -> 70 | Z12: 10683 | AA12: =IF((Z12-Z11)<0,"0",(Z12-Z11)) -> 7 | AB12: =AB11 -> 146.5 | AC12: =IF((AB12-AB11)<0,"0",(AB12-AB11)) -> 0 | AD12: 1003 | AE12: =IF((AD12-AD11)<0,"0",(AD12-AD11)) -> 5 | AF12: 10484 | AG12: =IF((AF12-AF11)<0,"0",(AF12-AF11)) -> 5
A13: 44996 | B13: 25809.433 | C13: =IF((B13-B12)<0,"0",(B13-B12)) -> 4.747 | D13: =C13*1.9*1000 -> 9019.3 | E13: 4759.635 | F13: =IF((E13-E12)<0,"0",(E13-E12)) -> 0.974 | G13: =F13*1.9*1000 -> 1850.6 | H13: 6907 | I13: =IF((H13-H12)<0,"0",(H13-H12)) -> 5 | J13: =I13*1.9*1000 -> 9500 | K13: 14391.88 | L13: =IF((K13-K12)<0,"0",(K13-K12)) -> 1.77 | M13: =L13*1.9*1000 -> 3363 | N13: 4143.278 | O13: =IF((N13-N12)<0,"0",(N13-N12)) -> 3.258 | P13: =O13*1.9*1000 -> 6190.2 | Q13: 5676.16 | R13: =IF((Q13-Q12)<0,"0",(Q13-Q12)) -> 0.43 | S13: =R13*1.9*1000 -> 817 | T13: =C13+F13+I13+L13+O13+R13 -> 16.179 | U13: =T13*1.9*1000 -> 30740.1 | W13: 44996 | X13: 230390 | Y13: =IF((X13-X12)<0,"0",(X13-X12)) -> 124 | Z13: 10689 | AA13: =IF((Z13-Z12)<0,"0",(Z13-Z12)) -> 6 | AB13: =AB12 -> 146.5 | AC13: =IF((AB13-AB12)<0,"0",(AB13-AB12)) -> 0 | AD13: 1005 | AE13: =IF((AD13-AD12)<0,"0",(AD13-AD12)) -> 2 | AF13: 10489 | AG13: =IF((AF13-AF12)<0,"0",(AF13-AF12)) -> 5
A14: 44997 | B14: 25814.339 | C14: =IF((B14-B13)<0,"0",(B14-B13)) -> 4.906 | D14: =C14*1.9*1000 -> 9321.4 | E14: 4760.934 | F14: =IF((E14-E13)<0,"0",(E14-E13)) -> 1.299 | G14: =F14*1.9*1000 -> 2468.1 | H14: 6912 | I14: =IF((H14-H13)<0,"0",(H14-H13)) -> 5 | J14: =I14*1.9*1000 -> 9500 | K14: 14393.5 | L14: =IF((K14-K13)<0,"0",(K14-K13)) -> 1.62 | M14: =L14*1.9*1000 -> 3078 | N14: 4146.691 | O14: =IF((N14-N13)<0,"0",(N14-N13)) -> 3.413 | P14: =O14*1.9*1000 -> 6484.7 | Q14: 5676.56 | R14: =IF((Q14-Q13)<0,"0",(Q14-Q13)) -> 0.4 | S14: =R14*1.9*1000 -> 760 | T14: =C14+F14+I14+L14+O14+R14 -> 16.638 | U14: =T14*1.9*1000 -> 31612.2 | W14: 44997 | X14: 230456 | Y14: =IF((X14-X13)<0,"0",(X14-X13)) -> 66 | Z14: 10694 | AA14: =IF((Z14-Z13)<0,"0",(Z14-Z13)) -> 5 | AB14: =AB13 -> 146.5 | AC14: =IF((AB14-AB13)<0,"0",(AB14-AB13)) -> 0 | AD14: 1010 | AE14: =IF((AD14-AD13)<0,"0",(AD14-AD13)) -> 5 | AF14: 10492 | AG14: =IF((AF14-AF13)<0,"0",(AF14-AF13)) -> 3
A15: 44998 | B15: 25819.216 | C15: =IF((B15-B14)<0,"0",(B15-B14)) -> 4.877 | D15: =C15*1.9*1000 -> 9266.3 | E15: 4762.582 | F15: =IF((E15-E14)<0,"0",(E15-E14)) -> 1.648 | G15: =F15*1.9*1000 -> 3131.2 | H15: 6917 | I15: =IF((H15-H14)<0,"0",(H15-H14)) -> 5 | J15: =I15*1.9*1000 -> 9500 | K15: 14395.06 | L15: =IF((K15-K14)<0,"0",(K15-K14)) -> 1.56 | M15: =L15*1.9*1000 -> 2964 | N15: 4149.748 | O15: =IF((N15-N14)<0,"0",(N15-N14)) -> 3.057 | P15: =O15*1.9*1000 -> 5808.3 | Q15: 5676.99 | R15: =IF((Q15-Q14)<0,"0",(Q15-Q14)) -> 0.43 | S15: =R15*1.9*1000 -> 817 | T15: =C15+F15+I15+L15+O15+R15 -> 16.572 | U15: =T15*1.9*1000 -> 31486.8 | W15: 44998 | X15: 230545 | Y15: =IF((X15-X14)<0,"0",(X15-X14)) -> 89 | Z15: 10698 | AA15: =IF((Z15-Z14)<0,"0",(Z15-Z14)) -> 4 | AB15: =AB14 -> 146.5 | AC15: =IF((AB15-AB14)<0,"0",(AB15-AB14)) -> 0 | AD15: 1014 | AE15: =IF((AD15-AD14)<0,"0",(AD15-AD14)) -> 4 | AF15: 10497 | AG15: =IF((AF15-AF14)<0,"0",(AF15-AF14)) -> 5
A16: 44999 | B16: 25823.569 | C16: =IF((B16-B15)<0,"0",(B16-B15)) -> 4.353 | D16: =C16*1.9*1000 -> 8270.7 | E16: 4764.183 | F16: =IF((E16-E15)<0,"0",(E16-E15)) -> 1.601 | G16: =F16*1.9*1000 -> 3041.9 | H16: 6923 | I16: =IF((H16-H15)<0,"0",(H16-H15)) -> 6 | J16: =I16*1.9*1000 -> 11400 | K16: 14396.65 | L16: =IF((K16-K15)<0,"0",(K16-K15)) -> 1.59 | M16: =L16*1.9*1000 -> 3021 | N16: 4153.016 | O16: =IF((N16-N15)<0,"0",(N16-N15)) -> 3.268 | P16: =O16*1.9*1000 -> 6209.2 | Q16: 5677.24 | R16: =IF((Q16-Q15)<0,"0",(Q16-Q15)) -> 0.25 | S16: =R16*1.9*1000 -> 475 | T16: =C16+F16+I16+L16+O16+R16 -> 17.062 | U16: =T16*1.9*1000 -> 32417.8 | W16: 44999 | X16: 230617 | Y16: =IF((X16-X15)<0,"0",(X16-X15)) -> 72 | Z16: 10702 | AA16: =IF((Z16-Z15)<0,"0",(Z16-Z15)) -> 4 | AB16: =AB15 -> 146.5 | AC16: =IF((AB16-AB15)<0,"0",(AB16-AB15)) -> 0 | AD16: 1017 | AE16: =IF((AD16-AD15)<0,"0",(AD16-AD15)) -> 3 | AF16: 10502 | AG16: =IF((AF16-AF15)<0,"0",(AF16-AF15)) -> 5
A17: 45000 | B17: 25826.514 | C17: =IF((B17-B16)<0,"0",(B17-B16)) -> 2.945 | D17: =C17*1.9*1000 -> 5595.5 | E17: 4765.265 | F17: =IF((E17-E16)<0,"0",(E17-E16)) -> 1.082 | G17: =F17*1.9*1000 -> 2055.8 | H17: 6927 | I17: =IF((H17-H16)<0,"0",(H17-H16)) -> 4 | J17: =I17*1.9*1000 -> 7600 | K17: 14398.19 | L17: =IF((K17-K16)<0,"0",(K17-K16)) -> 1.54 | M17: =L17*1.9*1000 -> 2926 | N17: 4156.058 | O17: =IF((N17-N16)<0,"0",(N17-N16)) -> 3.042 | P17: =O17*1.9*1000 -> 5779.8 | Q17: 5677.32 | R17: =IF((Q17-Q16)<0,"0",(Q17-Q16)) -> 0.08 | S17: =R17*1.9*1000 -> 152 | T17: =C17+F17+I17+L17+O17+R17 -> 12.689 | U17: =T17*1.9*1000 -> 24109.1 | W17: 45000 | X17: 230672 | Y17: =IF((X17-X16)<0,"0",(X17-X16)) -> 55 | Z17: 10705 | AA17: =IF((Z17-Z16)<0,"0",(Z17-Z16)) -> 3 | AB17: =AB16 -> 146.5 | AC17: =IF((AB17-AB16)<0,"0",(AB17-AB16)) -> 0 | AD17: 1020 | AE17: =IF((AD17-AD16)<0,"0",(AD17-AD16)) -> 3 | AF17: 10506 | AG17: =IF((AF17-AF16)<0,"0",(AF17-AF16)) -> 4
A18: 45001 | B18: 25830.597 | C18: =IF((B18-B17)<0,"0",(B18-B17)) -> 4.083 | D18: =C18*1.9*1000 -> 7757.7 | E18: 4766.879 | F18: =IF((E18-E17)<0,"0",(E18-E17)) -> 1.614 | G18: =F18*1.9*1000 -> 3066.6 | H18: 6932 | I18: =IF((H18-H17)<0,"0",(H18-H17)) -> 5 | J18: =I18*1.9*1000 -> 9500 | K18: 14398.74 | L18: =IF((K18-K17)<0,"0",(K18-K17)) -> 0.55 | M18: =L18*1.9*1000 -> 1045 | N18: 4158.97 | O18: =IF((N18-N17)<0,"0",(N18-N17)) -> 2.912 | P18: =O18*1.9*1000 -> 5532.8 | Q18: 5677.49 | R18: =IF((Q18-Q17)<0,"0",(Q18-Q17)) -> 0.17 | S18: =R18*1.9*1000 -> 323 | T18: =C18+F18+I18+L18+O18+R18 -> 14.329 | U18: =T18*1.9*1000 -> 27225.1 | W18: 45001 | X18: 230748 | Y18: =IF((X18-X17)<0,"0",(X18-X17)) -> 76 | Z18: 10709 | AA18: =IF((Z18-Z17)<0,"0",(Z18-Z17)) -> 4 | AB18: =AB17 -> 146.5 | AC18: =IF((AB18-AB17)<0,"0",(AB18-AB17)) -> 0 | AD18: 1024 | AE18: =IF((AD18-AD17)<0,"0",(AD18-AD17)) -> 4 | AF18: 10509 | AG18: =IF((AF18-AF17)<0,"0",(AF18-AF17)) -> 3
A19: 45002 | B19: 25834.645 | C19: =IF((B19-B18)<0,"0",(B19-B18)) -> 4.048 | D19: =C19*1.9*1000 -> 7691.2 | E19: 4767.75 | F19: =IF((E19-E18)<0,"0",(E19-E18)) -> 0.871 | G19: =F19*1.9*1000 -> 1654.9 | H19: 6937 | I19: =IF((H19-H18)<0,"0",(H19-H18)) -> 5 | J19: =I19*1.9*1000 -> 9500 | K19: 14399.43 | L19: =IF((K19-K18)<0,"0",(K19-K18)) -> 0.69 | M19: =L19*1.9*1000 -> 1311 | N19: 4161.549 | O19: =IF((N19-N18)<0,"0",(N19-N18)) -> 2.579 | P19: =O19*1.9*1000 -> 4900.1 | Q19: 5677.82 | R19: =IF((Q19-Q18)<0,"0",(Q19-Q18)) -> 0.33 | S19: =R19*1.9*1000 -> 627 | T19: =C19+F19+I19+L19+O19+R19 -> 13.518 | U19: =T19*1.9*1000 -> 25684.2 | W19: 45002 | X19: 230804 | Y19: =IF((X19-X18)<0,"0",(X19-X18)) -> 56 | Z19: 10714 | AA19: =IF((Z19-Z18)<0,"0",(Z19-Z18)) -> 5 | AB19: =AB18 -> 146.5 | AC19: =IF((AB19-AB18)<0,"0",(AB19-AB18)) -> 0 | AD19: 1026 | AE19: =IF((AD19-AD18)<0,"0",(AD19-AD18)) -> 2 | AF19: 10513 | AG19: =IF((AF19-AF18)<0,"0",(AF19-AF18)) -> 4
A20: 45003 | B20: 25839.048 | C20: =IF((B20-B19)<0,"0",(B20-B19)) -> 4.403 | D20: =C20*1.9*1000 -> 8365.7 | E20: 4768.583 | F20: =IF((E20-E19)<0,"0",(E20-E19)) -> 0.833 | G20: =F20*1.9*1000 -> 1582.7 | H20: 6942 | I20: =IF((H20-H19)<0,"0",(H20-H19)) -> 5 | J20: =I20*1.9*1000 -> 9500 | K20: 14400.31 | L20: =IF((K20-K19)<0,"0",(K20-K19)) -> 0.88 | M20: =L20*1.9*1000 -> 1672 | N20: 4164.602 | O20: =IF((N20-N19)<0,"0",(N20-N19)) -> 3.053 | P20: =O20*1.9*1000 -> 5800.7 | Q20: 5678.04 | R20: =IF((Q20-Q19)<0,"0",(Q20-Q19)) -> 0.22 | S20: =R20*1.9*1000 -> 418 | T20: =C20+F20+I20+L20+O20+R20 -> 14.389 | U20: =T20*1.9*1000 -> 27339.1 | W20: 45003 | X20: 230867 | Y20: =IF((X20-X19)<0,"0",(X20-X19)) -> 63 | Z20: 10725 | AA20: =IF((Z20-Z19)<0,"0",(Z20-Z19)) -> 11 | AB20: =AB19 -> 146.5 | AC20: =IF((AB20-AB19)<0,"0",(AB20-AB19)) -> 0 | AD20: 1029 | AE20: =IF((AD20-AD19)<0,"0",(AD20-AD19)) -> 3 | AF20: 10520 | AG20: =IF((AF20-AF19)<0,"0",(AF20-AF19)) -> 7
A21: 45004 | B21: 25843.564 | C21: =IF((B21-B20)<0,"0",(B21-B20)) -> 4.516 | D21: =C21*1.9*1000 -> 8580.4 | E21: 4769.82 | F21: =IF((E21-E20)<0,"0",(E21-E20)) -> 1.237 | G21: =F21*1.9*1000 -> 2350.3 | H21: 6947 | I21: =IF((H21-H20)<0,"0",(H21-H20)) -> 5 | J21: =I21*1.9*1000 -> 9500 | K21: 14401.09 | L21: =IF((K21-K20)<0,"0",(K21-K20)) -> 0.78 | M21: =L21*1.9*1000 -> 1482 | N21: 4167.495 | O21: =IF((N21-N20)<0,"0",(N21-N20)) -> 2.893 | P21: =O21*1.9*1000 -> 5496.7 | Q21: 5678.09 | R21: =IF((Q21-Q20)<0,"0",(Q21-Q20)) -> 0.05 | S21: =R21*1.9*1000 -> 95 | T21: =C21+F21+I21+L21+O21+R21 -> 14.476 | U21: =T21*1.9*1000 -> 27504.4 | W21: 45004 | X21: 230928 | Y21: =IF((X21-X20)<0,"0",(X21-X20)) -> 61 | Z21: 10730 | AA21: =IF((Z21-Z20)<0,"0",(Z21-Z20)) -> 5 | AB21: 147 | AC21: =IF((AB21-AB20)<0,"0",(AB21-AB20)) -> 0.5 | AD21: 1032 | AE21: =IF((AD21-AD20)<0,"0",(AD21-AD20)) -> 3 | AF21: 10528 | AG21: =IF((AF21-AF20)<0,"0",(AF21-AF20)) -> 8
A22: 45005 | B22: 25847.047 | C22: =IF((B22-B21)<0,"0",(B22-B21)) -> 3.483 | D22: =C22*1.9*1000 -> 6617.7 | E22: 4770.886 | F22: =IF((E22-E21)<0,"0",(E22-E21)) -> 1.066 | G22: =F22*1.9*1000 -> 2025.4 | H22: 6951 | I22: =IF((H22-H21)<0,"0",(H22-H21)) -> 4 | J22: =I22*1.9*1000 -> 7600 | K22: 14401.69 | L22: =IF((K22-K21)<0,"0",(K22-K21)) -> 0.6 | M22: =L22*1.9*1000 -> 1140 | N22: 4169.967 | O22: =IF((N22-N21)<0,"0",(N22-N21)) -> 2.472 | P22: =O22*1.9*1000 -> 4696.8 | Q22: 5679.09 | R22: =IF((Q22-Q21)<0,"0",(Q22-Q21)) -> 1 | S22: =R22*1.9*1000 -> 1900 | T22: =C22+F22+I22+L22+O22+R22 -> 12.621 | U22: =T22*1.9*1000 -> 23979.9 | W22: 45005 | X22: 230980 | Y22: =IF((X22-X21)<0,"0",(X22-X21)) -> 52 | Z22: 10737 | AA22: =IF((Z22-Z21)<0,"0",(Z22-Z21)) -> 7 | AB22: 147 | AC22: =IF((AB22-AB21)<0,"0",(AB22-AB21)) -> 0 | AD22: 1035 | AE22: =IF((AD22-AD21)<0,"0",(AD22-AD21)) -> 3 | AF22: 10533 | AG22: =IF((AF22-AF21)<0,"0",(AF22-AF21)) -> 5
A23: 45006 | B23: =B22 -> 25847.047 | C23: =IF((B23-B22)<0,"0",(B23-B22)) -> 0 | D23: =C23*1.9*1000 -> 0 | E23: =E22 -> 4770.886 | F23: =IF((E23-E22)<0,"0",(E23-E22)) -> 0 | G23: =F23*1.9*1000 -> 0 | H23: =H22 -> 6951 | I23: =IF((H23-H22)<0,"0",(H23-H22)) -> 0 | J23: =I23*1.9*1000 -> 0 | K23: =K22 -> 14401.69 | L23: =IF((K23-K22)<0,"0",(K23-K22)) -> 0 | M23: =L23*1.9*1000 -> 0 | N23: =N22 -> 4169.967 | O23: =IF((N23-N22)<0,"0",(N23-N22)) -> 0 | P23: =O23*1.9*1000 -> 0 | Q23: =Q22 -> 5679.09 | R23: =IF((Q23-Q22)<0,"0",(Q23-Q22)) -> 0 | S23: =R23*1.9*1000 -> 0 | T23: =C23+F23+I23+L23+O23+R23 -> 0 | U23: =T23*1.9*1000 -> 0 | W23: 45006 | X23: =X22 -> 230980 | Y23: =IF((X23-X22)<0,"0",(X23-X22)) -> 0 | Z23: =Z22 -> 10737 | AA23: =IF((Z23-Z22)<0,"0",(Z23-Z22)) -> 0 | AB23: =AB22 -> 147 | AC23: =IF((AB23-AB22)<0,"0",(AB23-AB22)) -> 0 | AD23: =AD22 -> 1035 | AE23: =IF((AD23-AD22)<0,"0",(AD23-AD22)) -> 0 | AF23: =AF22 -> 10533 | AG23: =IF((AF23-AF22)<0,"0",(AF23-AF22)) -> 0
A24: 45007 | B24: =B23 -> 25847.047 | C24: =IF((B24-B23)<0,"0",(B24-B23)) -> 0 | D24: =C24*1.9*1000 -> 0 | E24: =E23 -> 4770.886 | F24: =IF((E24-E23)<0,"0",(E24-E23)) -> 0 | G24: =F24*1.9*1000 -> 0 | H24: =H23 -> 6951 | I24: =IF((H24-H23)<0,"0",(H24-H23)) -> 0 | J24: =I24*1.9*1000 -> 0 | K24: =K23 -> 14401.69 | L24: =IF((K24-K23)<0,"0",(K24-K23)) -> 0 | M24: =L24*1.9*1000 -> 0 | N24: =N23 -> 4169.967 | O24: =IF((N24-N23)<0,"0",(N24-N23)) -> 0 | P24: =O24*1.9*1000 -> 0 | Q24: =Q23 -> 5679.09 | R24: =IF((Q24-Q23)<0,"0",(Q24-Q23)) -> 0 | S24: =R24*1.9*1000 -> 0 | T24: =C24+F24+I24+L24+O24+R24 -> 0 | U24: =T24*1.9*1000 -> 0 | W24: 45007 | X24: =X23 -> 230980 | Y24: =IF((X24-X23)<0,"0",(X24-X23)) -> 0 | Z24: =Z23 -> 10737 | AA24: =IF((Z24-Z23)<0,"0",(Z24-Z23)) -> 0 | AB24: =AB23 -> 147 | AC24: =IF((AB24-AB23)<0,"0",(AB24-AB23)) -> 0 | AD24: =AD23 -> 1035 | AE24: =IF((AD24-AD23)<0,"0",(AD24-AD23)) -> 0 | AF24: =AF23 -> 10533 | AG24: =IF((AF24-AF23)<0,"0",(AF24-AF23)) -> 0
A25: 45008 | B25: =B24 -> 25847.047 | C25: =IF((B25-B24)<0,"0",(B25-B24)) -> 0 | D25: =C25*1.9*1000 -> 0 | E25: =E24 -> 4770.886 | F25: =IF((E25-E24)<0,"0",(E25-E24)) -> 0 | G25: =F25*1.9*1000 -> 0 | H25: =H24 -> 6951 | I25: =IF((H25-H24)<0,"0",(H25-H24)) -> 0 | J25: =I25*1.9*1000 -> 0 | K25: =K24 -> 14401.69 | L25: =IF((K25-K24)<0,"0",(K25-K24)) -> 0 | M25: =L25*1.9*1000 -> 0 | N25: =N24 -> 4169.967 | O25: =IF((N25-N24)<0,"0",(N25-N24)) -> 0 | P25: =O25*1.9*1000 -> 0 | Q25: =Q24 -> 5679.09 | R25: =IF((Q25-Q24)<0,"0",(Q25-Q24)) -> 0 | S25: =R25*1.9*1000 -> 0 | T25: =C25+F25+I25+L25+O25+R25 -> 0 | U25: =T25*1.9*1000 -> 0 | W25: 45008 | X25: =X24 -> 230980 | Y25: =IF((X25-X24)<0,"0",(X25-X24)) -> 0 | Z25: =Z24 -> 10737 | AA25: =IF((Z25-Z24)<0,"0",(Z25-Z24)) -> 0 | AB25: =AB24 -> 147 | AC25: =IF((AB25-AB24)<0,"0",(AB25-AB24)) -> 0 | AD25: =AD24 -> 1035 | AE25: =IF((AD25-AD24)<0,"0",(AD25-AD24)) -> 0 | AF25: =AF24 -> 10533 | AG25: =IF((AF25-AF24)<0,"0",(AF25-AF24)) -> 0
A26: 45009 | B26: =B25 -> 25847.047 | C26: =IF((B26-B25)<0,"0",(B26-B25)) -> 0 | D26: =C26*1.9*1000 -> 0 | E26: =E25 -> 4770.886 | F26: =IF((E26-E25)<0,"0",(E26-E25)) -> 0 | G26: =F26*1.9*1000 -> 0 | H26: =H25 -> 6951 | I26: =IF((H26-H25)<0,"0",(H26-H25)) -> 0 | J26: =I26*1.9*1000 -> 0 | K26: =K25 -> 14401.69 | L26: =IF((K26-K25)<0,"0",(K26-K25)) -> 0 | M26: =L26*1.9*1000 -> 0 | N26: =N25 -> 4169.967 | O26: =IF((N26-N25)<0,"0",(N26-N25)) -> 0 | P26: =O26*1.9*1000 -> 0 | Q26: =Q25 -> 5679.09 | R26: =IF((Q26-Q25)<0,"0",(Q26-Q25)) -> 0 | S26: =R26*1.9*1000 -> 0 | T26: =C26+F26+I26+L26+O26+R26 -> 0 | U26: =T26*1.9*1000 -> 0 | W26: 45009 | X26: =X25 -> 230980 | Y26: =IF((X26-X25)<0,"0",(X26-X25)) -> 0 | Z26: =Z25 -> 10737 | AA26: =IF((Z26-Z25)<0,"0",(Z26-Z25)) -> 0 | AB26: =AB25 -> 147 | AC26: =IF((AB26-AB25)<0,"0",(AB26-AB25)) -> 0 | AD26: =AD25 -> 1035 | AE26: =IF((AD26-AD25)<0,"0",(AD26-AD25)) -> 0 | AF26: =AF25 -> 10533 | AG26: =IF((AF26-AF25)<0,"0",(AF26-AF25)) -> 0
A27: 45010 | B27: =B26 -> 25847.047 | C27: =IF((B27-B26)<0,"0",(B27-B26)) -> 0 | D27: =C27*1.9*1000 -> 0 | E27: =E26 -> 4770.886 | F27: =IF((E27-E26)<0,"0",(E27-E26)) -> 0 | G27: =F27*1.9*1000 -> 0 | H27: =H26 -> 6951 | I27: =IF((H27-H26)<0,"0",(H27-H26)) -> 0 | J27: =I27*1.9*1000 -> 0 | K27: =K26 -> 14401.69 | L27: =IF((K27-K26)<0,"0",(K27-K26)) -> 0 | M27: =L27*1.9*1000 -> 0 | N27: =N26 -> 4169.967 | O27: =IF((N27-N26)<0,"0",(N27-N26)) -> 0 | P27: =O27*1.9*1000 -> 0 | Q27: =Q26 -> 5679.09 | R27: =IF((Q27-Q26)<0,"0",(Q27-Q26)) -> 0 | S27: =R27*1.9*1000 -> 0 | T27: =C27+F27+I27+L27+O27+R27 -> 0 | U27: =T27*1.9*1000 -> 0 | W27: 45010 | X27: =X26 -> 230980 | Y27: =IF((X27-X26)<0,"0",(X27-X26)) -> 0 | Z27: =Z26 -> 10737 | AA27: =IF((Z27-Z26)<0,"0",(Z27-Z26)) -> 0 | AB27: =AB26 -> 147 | AC27: =IF((AB27-AB26)<0,"0",(AB27-AB26)) -> 0 | AD27: =AD26 -> 1035 | AE27: =IF((AD27-AD26)<0,"0",(AD27-AD26)) -> 0 | AF27: =AF26 -> 10533 | AG27: =IF((AF27-AF26)<0,"0",(AF27-AF26)) -> 0
A28: 45011 | B28: =B27 -> 25847.047 | C28: =IF((B28-B27)<0,"0",(B28-B27)) -> 0 | D28: =C28*1.9*1000 -> 0 | E28: =E27 -> 4770.886 | F28: =IF((E28-E27)<0,"0",(E28-E27)) -> 0 | G28: =F28*1.9*1000 -> 0 | H28: =H27 -> 6951 | I28: =IF((H28-H27)<0,"0",(H28-H27)) -> 0 | J28: =I28*1.9*1000 -> 0 | K28: =K27 -> 14401.69 | L28: =IF((K28-K27)<0,"0",(K28-K27)) -> 0 | M28: =L28*1.9*1000 -> 0 | N28: =N27 -> 4169.967 | O28: =IF((N28-N27)<0,"0",(N28-N27)) -> 0 | P28: =O28*1.9*1000 -> 0 | Q28: =Q27 -> 5679.09 | R28: =IF((Q28-Q27)<0,"0",(Q28-Q27)) -> 0 | S28: =R28*1.9*1000 -> 0 | T28: =C28+F28+I28+L28+O28+R28 -> 0 | U28: =T28*1.9*1000 -> 0 | W28: 45011 | X28: =X27 -> 230980 | Y28: =IF((X28-X27)<0,"0",(X28-X27)) -> 0 | Z28: =Z27 -> 10737 | AA28: =IF((Z28-Z27)<0,"0",(Z28-Z27)) -> 0 | AB28: =AB27 -> 147 | AC28: =IF((AB28-AB27)<0,"0",(AB28-AB27)) -> 0 | AD28: =AD27 -> 1035 | AE28: =IF((AD28-AD27)<0,"0",(AD28-AD27)) -> 0 | AF28: =AF27 -> 10533 | AG28: =IF((AF28-AF27)<0,"0",(AF28-AF27)) -> 0
A29: 45012 | B29: =B28 -> 25847.047 | C29: =IF((B29-B28)<0,"0",(B29-B28)) -> 0 | D29: =C29*1.9*1000 -> 0 | E29: =E28 -> 4770.886 | F29: =IF((E29-E28)<0,"0",(E29-E28)) -> 0 | G29: =F29*1.9*1000 -> 0 | H29: =H28 -> 6951 | I29: =IF((H29-H28)<0,"0",(H29-H28)) -> 0 | J29: =I29*1.9*1000 -> 0 | K29: =K28 -> 14401.69 | L29: =IF((K29-K28)<0,"0",(K29-K28)) -> 0 | M29: =L29*1.9*1000 -> 0 | N29: =N28 -> 4169.967 | O29: =IF((N29-N28)<0,"0",(N29-N28)) -> 0 | P29: =O29*1.9*1000 -> 0 | Q29: =Q28 -> 5679.09 | R29: =IF((Q29-Q28)<0,"0",(Q29-Q28)) -> 0 | S29: =R29*1.9*1000 -> 0 | T29: =C29+F29+I29+L29+O29+R29 -> 0 | U29: =T29*1.9*1000 -> 0 | W29: 45012 | X29: =X28 -> 230980 | Y29: =IF((X29-X28)<0,"0",(X29-X28)) -> 0 | Z29: =Z28 -> 10737 | AA29: =IF((Z29-Z28)<0,"0",(Z29-Z28)) -> 0 | AB29: =AB28 -> 147 | AC29: =IF((AB29-AB28)<0,"0",(AB29-AB28)) -> 0 | AD29: =AD28 -> 1035 | AE29: =IF((AD29-AD28)<0,"0",(AD29-AD28)) -> 0 | AF29: =AF28 -> 10533 | AG29: =IF((AF29-AF28)<0,"0",(AF29-AF28)) -> 0
A30: 45013 | B30: =B29 -> 25847.047 | C30: =IF((B30-B29)<0,"0",(B30-B29)) -> 0 | D30: =C30*1.9*1000 -> 0 | E30: =E29 -> 4770.886 | F30: =IF((E30-E29)<0,"0",(E30-E29)) -> 0 | G30: =F30*1.9*1000 -> 0 | H30: =H29 -> 6951 | I30: =IF((H30-H29)<0,"0",(H30-H29)) -> 0 | J30: =I30*1.9*1000 -> 0 | K30: =K29 -> 14401.69 | L30: =IF((K30-K29)<0,"0",(K30-K29)) -> 0 | M30: =L30*1.9*1000 -> 0 | N30: =N29 -> 4169.967 | O30: =IF((N30-N29)<0,"0",(N30-N29)) -> 0 | P30: =O30*1.9*1000 -> 0 | Q30: =Q29 -> 5679.09 | R30: =IF((Q30-Q29)<0,"0",(Q30-Q29)) -> 0 | S30: =R30*1.9*1000 -> 0 | T30: =C30+F30+I30+L30+O30+R30 -> 0 | U30: =T30*1.9*1000 -> 0 | W30: 45013 | X30: =X29 -> 230980 | Y30: =IF((X30-X29)<0,"0",(X30-X29)) -> 0 | Z30: =Z29 -> 10737 | AA30: =IF((Z30-Z29)<0,"0",(Z30-Z29)) -> 0 | AB30: =AB29 -> 147 | AC30: =IF((AB30-AB29)<0,"0",(AB30-AB29)) -> 0 | AD30: =AD29 -> 1035 | AE30: =IF((AD30-AD29)<0,"0",(AD30-AD29)) -> 0 | AF30: =AF29 -> 10533 | AG30: =IF((AF30-AF29)<0,"0",(AF30-AF29)) -> 0
A31: 45014 | B31: =B30 -> 25847.047 | C31: =IF((B31-B30)<0,"0",(B31-B30)) -> 0 | D31: =C31*1.9*1000 -> 0 | E31: =E30 -> 4770.886 | F31: =IF((E31-E30)<0,"0",(E31-E30)) -> 0 | G31: =F31*1.9*1000 -> 0 | H31: =H30 -> 6951 | I31: =IF((H31-H30)<0,"0",(H31-H30)) -> 0 | J31: =I31*1.9*1000 -> 0 | K31: =K30 -> 14401.69 | L31: =IF((K31-K30)<0,"0",(K31-K30)) -> 0 | M31: =L31*1.9*1000 -> 0 | N31: =N30 -> 4169.967 | O31: =IF((N31-N30)<0,"0",(N31-N30)) -> 0 | P31: =O31*1.9*1000 -> 0 | Q31: =Q30 -> 5679.09 | R31: =IF((Q31-Q30)<0,"0",(Q31-Q30)) -> 0 | S31: =R31*1.9*1000 -> 0 | T31: =C31+F31+I31+L31+O31+R31 -> 0 | U31: =T31*1.9*1000 -> 0 | W31: 45014 | X31: =X30 -> 230980 | Y31: =IF((X31-X30)<0,"0",(X31-X30)) -> 0 | Z31: =Z30 -> 10737 | AA31: =IF((Z31-Z30)<0,"0",(Z31-Z30)) -> 0 | AB31: =AB30 -> 147 | AC31: =IF((AB31-AB30)<0,"0",(AB31-AB30)) -> 0 | AD31: =AD30 -> 1035 | AE31: =IF((AD31-AD30)<0,"0",(AD31-AD30)) -> 0 | AF31: =AF30 -> 10533 | AG31: =IF((AF31-AF30)<0,"0",(AF31-AF30)) -> 0
A32: 45015 | B32: =B31 -> 25847.047 | C32: =IF((B32-B31)<0,"0",(B32-B31)) -> 0 | D32: =C32*1.9*1000 -> 0 | E32: =E31 -> 4770.886 | F32: =IF((E32-E31)<0,"0",(E32-E31)) -> 0 | G32: =F32*1.9*1000 -> 0 | H32: =H31 -> 6951 | I32: =IF((H32-H31)<0,"0",(H32-H31)) -> 0 | J32: =I32*1.9*1000 -> 0 | K32: =K31 -> 14401.69 | L32: =IF((K32-K31)<0,"0",(K32-K31)) -> 0 | M32: =L32*1.9*1000 -> 0 | N32: =N31 -> 4169.967 | O32: =IF((N32-N31)<0,"0",(N32-N31)) -> 0 | P32: =O32*1.9*1000 -> 0 | Q32: =Q31 -> 5679.09 | R32: =IF((Q32-Q31)<0,"0",(Q32-Q31)) -> 0 | S32: =R32*1.9*1000 -> 0 | T32: =C32+F32+I32+L32+O32+R32 -> 0 | U32: =T32*1.9*1000 -> 0 | W32: 45015 | X32: =X31 -> 230980 | Y32: =IF((X32-X31)<0,"0",(X32-X31)) -> 0 | Z32: =Z31 -> 10737 | AA32: =IF((Z32-Z31)<0,"0",(Z32-Z31)) -> 0 | AB32: =AB31 -> 147 | AC32: =IF((AB32-AB31)<0,"0",(AB32-AB31)) -> 0 | AD32: =AD31 -> 1035 | AE32: =IF((AD32-AD31)<0,"0",(AD32-AD31)) -> 0 | AF32: =AF31 -> 10533 | AG32: =IF((AF32-AF31)<0,"0",(AF32-AF31)) -> 0
A33: 45016 | B33: =B32 -> 25847.047 | C33: =IF((B33-B32)<0,"0",(B33-B32)) -> 0 | D33: =C33*1.9*1000 -> 0 | E33: =E32 -> 4770.886 | F33: =IF((E33-E32)<0,"0",(E33-E32)) -> 0 | G33: =F33*1.9*1000 -> 0 | H33: =H32 -> 6951 | I33: =IF((H33-H32)<0,"0",(H33-H32)) -> 0 | J33: =I33*1.9*1000 -> 0 | K33: =K32 -> 14401.69 | L33: =IF((K33-K32)<0,"0",(K33-K32)) -> 0 | M33: =L33*1.9*1000 -> 0 | N33: =N32 -> 4169.967 | O33: =IF((N33-N32)<0,"0",(N33-N32)) -> 0 | P33: =O33*1.9*1000 -> 0 | Q33: =Q32 -> 5679.09 | R33: =IF((Q33-Q32)<0,"0",(Q33-Q32)) -> 0 | S33: =R33*1.9*1000 -> 0 | T33: =C33+F33+I33+L33+O33+R33 -> 0 | U33: =T33*1.9*1000 -> 0 | W33: 45016 | X33: =X32 -> 230980 | Y33: =IF((X33-X32)<0,"0",(X33-X32)) -> 0 | Z33: =Z32 -> 10737 | AA33: =IF((Z33-Z32)<0,"0",(Z33-Z32)) -> 0 | AB33: =AB32 -> 147 | AC33: =IF((AB33-AB32)<0,"0",(AB33-AB32)) -> 0 | AD33: =AD32 -> 1035 | AE33: =IF((AD33-AD32)<0,"0",(AD33-AD32)) -> 0 | AF33: =AF32 -> 10533 | AG33: =IF((AF33-AF32)<0,"0",(AF33-AF32)) -> 0
A34: Total | C34: =SUM(C3:C33) -> 82.423 | D34: =SUM(D3:D33) -> 156603.7 | F34: =SUM(F3:F33) -> 24.347 | G34: =SUM(G3:G33) -> 46259.3 | I34: =SUM(I3:I33) -> 95 | J34: =SUM(J3:J33) -> 180500 | L34: =SUM(L3:L33) -> 23.59 | M34: =SUM(M3:M33) -> 44821 | O34: =SUM(O3:O33) -> 60.835 | P34: =SUM(P3:P33) -> 115586.5 | R34: =SUM(R3:R33) -> 5.38 | S34: =SUM(S3:S33) -> 10222 | T34: =SUM(T3:T33) -> 291.575 | U34: =SUM(U3:U33) -> 553992.5 | W34: 45017 | AA34: =SUM(AA3:AA33) -> 115 | AC34: =SUM(AC3:AC33) -> 0.5 | AE34: =SUM(AE3:AE33) -> 62 | AG34: =SUM(AG3:AG33) -> 86

Sheet Plaza and residential
B1: Floor | C1: Type | D1: Acutal till NOV 2022 | E1: Acutal till DEC 2022 | F1: Consumption | G1: Note | I1: Floor | J1: Type | K1: Acutal till DEC 2022 | L1: Acutal till JAN 2023 | M1: Consumption | N1: Note | P1: Floor | Q1: Type | R1: Acutal till JAN 2023 | S1: Acutal till FEB 2023 | T1: Consumption | U1: Note
B2: 6 | C2: Jade | D2: 291777 | E2: 292457 | F2: =IF((E2-D2)<0,"0",(E2-D2)) -> 680 | I2: 6 | J2: Jade | K2: 292457 | L2: 293935 | M2: =IF((L2-K2)<0,"0",(L2-K2)) -> 1478 | P2: 6 | Q2: Jade | R2: 293935 | S2: 295090 | T2: =IF((S2-R2)<0,"0",(S2-R2)) -> 1155
C3: Pearl | D3: 253211 | E3: 253658 | F3: =IF((E3-D3)<0,"0",(E3-D3)) -> 447 | J3: Pearl | K3: 253658 | L3: 254187 | M3: =IF((L3-K3)<0,"0",(L3-K3)) -> 529 | Q3: Pearl | R3: 254187 | S3: 255297 | T3: =IF((S3-R3)<0,"0",(S3-R3)) -> 1110
C4: Topaz | D4: 198029 | E4: 198244 | F4: =IF((E4-D4)<0,"0",(E4-D4)) -> 215 | J4: Topaz | K4: 198244 | L4: 198851 | M4: =IF((L4-K4)<0,"0",(L4-K4)) -> 607 | Q4: Topaz | R4: 198851 | S4: 199234 | T4: =IF((S4-R4)<0,"0",(S4-R4)) -> 383
B5: 7 | C5: Jade | D5: 260708 | E5: 261718 | F5: =IF((E5-D5)<0,"0",(E5-D5)) -> 1010 | I5: 7 | J5: Jade | K5: 261718 | L5: 262836 | M5: =IF((L5-K5)<0,"0",(L5-K5)) -> 1118 | P5: 7 | Q5: Jade | R5: 262836 | S5: 263899 | T5: =IF((S5-R5)<0,"0",(S5-R5)) -> 1063
C6: Pearl | D6: 158711 | E6: 158921 | F6: =IF((E6-D6)<0,"0",(E6-D6)) -> 210 | J6: Pearl | K6: 158921 | L6: 160643 | M6: =IF((L6-K6)<0,"0",(L6-K6)) -> 1722 | Q6: Pearl | R6: 160643 | S6: 161291 | T6: =IF((S6-R6)<0,"0",(S6-R6)) -> 648
C7: Topaz | D7: 133219 | E7: 133450 | F7: =IF((E7-D7)<0,"0",(E7-D7)) -> 231 | J7: Topaz | K7: 133450 | L7: 134146 | M7: =IF((L7-K7)<0,"0",(L7-K7)) -> 696 | Q7: Topaz | R7: 134146 | S7: 135694 | T7: =IF((S7-R7)<0,"0",(S7-R7)) -> 1548
B8: 8 | C8: Jade | D8: 85731 | E8: 87174 | F8: =IF((E8-D8)<0,"0",(E8-D8)) -> 1443 | I8: 8 | J8: Jade | K8: 87174 | L8: 88258 | M8: =IF((L8-K8)<0,"0",(L8-K8)) -> 1084 | P8: 8 | Q8: Jade | R8: 88258 | S8: 88510 | T8: =IF((S8-R8)<0,"0",(S8-R8)) -> 252
C9: Pearl | D9: 158 | E9: 158 | F9: =IF((E9-D9)<0,"0",(E9-D9)) -> 0 | J9: Pearl | K9: 158 | L9: 158 | M9: =IF((L9-K9)<0,"0",(L9-K9)) -> 0 | Q9: Pearl | R9: 158 | S9: 158 | T9: =IF((S9-R9)<0,"0",(S9-R9)) -> 0
C10: Topaz | D10: 108945 | E10: 109437 | F10: =IF((E10-D10)<0,"0",(E10-D10)) -> 492 | J10: Topaz | K10: 109437 | L10: 109792 | M10: =IF((L10-K10)<0,"0",(L10-K10)) -> 355 | Q10: Topaz | R10: 109792 | S10: 110299 | T10: =IF((S10-R10)<0,"0",(S10-R10)) -> 507
B11: 9 | C11: Jade | D11: 35452 | E11: 35473 | F11: =IF((E11-D11)<0,"0",(E11-D11)) -> 21 | I11: 9 | J11: Jade | K11: 35473 | L11: 35501 | M11: =IF((L11-K11)<0,"0",(L11-K11)) -> 28 | P11: 9 | Q11: Jade | R11: 35501 | S11: 35526 | T11: =IF((S11-R11)<0,"0",(S11-R11)) -> 25
C12: Pearl | D12: 0 | E12: 0 | F12: =IF((E12-D12)<0,"0",(E12-D12)) -> 0 | J12: Pearl | K12: 0 | L12: 0 | M12: =IF((L12-K12)<0,"0",(L12-K12)) -> 0 | Q12: Pearl | R12: 0 | S12: 0 | T12: =IF((S12-R12)<0,"0",(S12-R12)) -> 0
C13: Topaz | D13: 30120 | E13: 30190 | F13: =IF((E13-D13)<0,"0",(E13-D13)) -> 70 | J13: Topaz | K13: 30190 | L13: 30262 | M13: =IF((L13-K13)<0,"0",(L13-K13)) -> 72 | Q13: Topaz | R13: 30262 | S13: 30328 | T13: =IF((S13-R13)<0,"0",(S13-R13)) -> 66
B14: 10 | C14: Jade | D14: 228837 | E14: 230762 | F14: =IF((E14-D14)<0,"0",(E14-D14)) -> 1925 | I14: 10 | J14: Jade | K14: 230762 | L14: 233194 | M14: =IF((L14-K14)<0,"0",(L14-K14)) -> 2432 | P14: 10 | Q14: Jade | R14: 233194 | S14: 235273 | T14: =IF((S14-R14)<0,"0",(S14-R14)) -> 2079
C15: Pearl | D15: 8011 | E15: 8011 | F15: =IF((E15-D15)<0,"0",(E15-D15)) -> 0 | J15: Pearl | K15: 8011 | L15: 8011 | M15: =IF((L15-K15)<0,"0",(L15-K15)) -> 0 | Q15: Pearl | R15: 8011 | S15: 8011 | T15: =IF((S15-R15)<0,"0",(S15-R15)) -> 0
C16: Topaz | D16: 204856 | E16: 205601 | F16: =IF((E16-D16)<0,"0",(E16-D16)) -> 745 | J16: Topaz | K16: 205601 | L16: 206828 | M16: =IF((L16-K16)<0,"0",(L16-K16)) -> 1227 | Q16: Topaz | R16: 206828 | S16: 208903 | T16: =IF((S16-R16)<0,"0",(S16-R16)) -> 2075
B17: 11 | C17: Jade | D17: 69227 | E17: 69545 | F17: =IF((E17-D17)<0,"0",(E17-D17)) -> 318 | I17: 11 | J17: Jade | K17: 69545 | L17: 69609 | M17: =IF((L17-K17)<0,"0",(L17-K17)) -> 64 | P17: 11 | Q17: Jade | R17: 69609 | S17: 69666 | T17: =IF((S17-R17)<0,"0",(S17-R17)) -> 57
C18: Pearl | D18: 231045 | E18: 232341 | F18: =IF((E18-D18)<0,"0",(E18-D18)) -> 1296 | J18: Pearl | K18: 232341 | L18: 236441 | M18: =IF((L18-K18)<0,"0",(L18-K18)) -> 4100 | Q18: Pearl | R18: 236441 | S18: 241465 | T18: =IF((S18-R18)<0,"0",(S18-R18)) -> 5024
C19: Topaz | D19: 31628 | E19: 31672 | F19: =IF((E19-D19)<0,"0",(E19-D19)) -> 44 | J19: Topaz | K19: 31672 | L19: 31716 | M19: =IF((L19-K19)<0,"0",(L19-K19)) -> 44 | Q19: Topaz | R19: 31716 | S19: 31759 | T19: =IF((S19-R19)<0,"0",(S19-R19)) -> 43
B20: 12 | C20: Jade | D20: 148182 | E20: 148544 | F20: =IF((E20-D20)<0,"0",(E20-D20)) -> 362 | I20: 12 | J20: Jade | K20: 148544 | L20: 148639 | M20: =IF((L20-K20)<0,"0",(L20-K20)) -> 95 | P20: 12 | Q20: Jade | R20: 148639 | S20: 148727 | T20: =IF((S20-R20)<0,"0",(S20-R20)) -> 88
C21: Pearl | D21: 23571 | E21: 23802 | F21: =IF((E21-D21)<0,"0",(E21-D21)) -> 231 | J21: Pearl | K21: 23802 | L21: 24528 | M21: =IF((L21-K21)<0,"0",(L21-K21)) -> 726 | Q21: Pearl | R21: 24528 | S21: 24580 | T21: =IF((S21-R21)<0,"0",(S21-R21)) -> 52
C22: Topaz | D22: 258661 | E22: 258664 | F22: =IF((E22-D22)<0,"0",(E22-D22)) -> 3 | J22: Topaz | K22: 258664 | L22: 258666 | M22: =IF((L22-K22)<0,"0",(L22-K22)) -> 2 | Q22: Topaz | R22: 258666 | S22: 58666 | T22: =IF((S22-R22)<0,"0",(S22-R22)) -> 0
B23: 14 | C23: Jade | D23: 121254 | E23: 121528 | F23: =IF((E23-D23)<0,"0",(E23-D23)) -> 274 | I23: 14 | J23: Jade | K23: 121528 | L23: 121820 | M23: =IF((L23-K23)<0,"0",(L23-K23)) -> 292 | P23: 14 | Q23: Jade | R23: 121820 | S23: 122032 | T23: =IF((S23-R23)<0,"0",(S23-R23)) -> 212
C24: Pearl | D24: 41359 | E24: 42438 | F24: =IF((E24-D24)<0,"0",(E24-D24)) -> 1079 | J24: Pearl | K24: 42438 | L24: 44341 | M24: =IF((L24-K24)<0,"0",(L24-K24)) -> 1903 | Q24: Pearl | R24: 44341 | S24: 46124 | T24: =IF((S24-R24)<0,"0",(S24-R24)) -> 1783
C25: Topaz | D25: 2047 | E25: 2100 | F25: =IF((E25-D25)<0,"0",(E25-D25)) -> 53 | J25: Topaz | K25: 2100 | L25: 2140 | M25: =IF((L25-K25)<0,"0",(L25-K25)) -> 40 | Q25: Topaz | R25: 2140 | S25: 2163 | T25: =IF((S25-R25)<0,"0",(S25-R25)) -> 23
B26: 15 | C26: Jade | D26: 39547 | E26: 39796 | F26: =IF((E26-D26)<0,"0",(E26-D26)) -> 249 | I26: 15 | J26: Jade | K26: 39796 | L26: 39863 | M26: =IF((L26-K26)<0,"0",(L26-K26)) -> 67 | P26: 15 | Q26: Jade | R26: 39863 | S26: 39863 | T26: =IF((S26-R26)<0,"0",(S26-R26)) -> 0
C27: Pearl | D27: 87398 | E27: 87857 | F27: =IF((E27-D27)<0,"0",(E27-D27)) -> 459 | J27: Pearl | K27: 87857 | L27: 88614 | M27: =IF((L27-K27)<0,"0",(L27-K27)) -> 757 | Q27: Pearl | R27: 88614 | S27: 89078 | T27: =IF((S27-R27)<0,"0",(S27-R27)) -> 464
C28: Topaz | D28: 169585 | E28: 170353 | F28: =IF((E28-D28)<0,"0",(E28-D28)) -> 768 | J28: Topaz | K28: 170353 | L28: 171187 | M28: =IF((L28-K28)<0,"0",(L28-K28)) -> 834 | Q28: Topaz | R28: 171187 | S28: 171946 | T28: =IF((S28-R28)<0,"0",(S28-R28)) -> 759
B29: 16 | C29: Jade | D29: 97792 | E29: 98151 | F29: =IF((E29-D29)<0,"0",(E29-D29)) -> 359 | I29: 16 | J29: Jade | K29: 98151 | L29: 99768 | M29: =IF((L29-K29)<0,"0",(L29-K29)) -> 1617 | P29: 16 | Q29: Jade | R29: 99768 | S29: 101207 | T29: =IF((S29-R29)<0,"0",(S29-R29)) -> 1439
C30: Pearl | D30: 67032 | E30: 67508 | F30: =IF((E30-D30)<0,"0",(E30-D30)) -> 476 | J30: Pearl | K30: 67508 | L30: 67769 | M30: =IF((L30-K30)<0,"0",(L30-K30)) -> 261 | Q30: Pearl | R30: 67769 | S30: 68488 | T30: =IF((S30-R30)<0,"0",(S30-R30)) -> 719
C31: Topaz | D31: 69444 | E31: 69444 | F31: =IF((E31-D31)<0,"0",(E31-D31)) -> 0 | J31: Topaz | K31: 69444 | L31: 69447 | M31: =IF((L31-K31)<0,"0",(L31-K31)) -> 3 | Q31: Topaz | R31: 69447 | S31: 70053 | T31: =IF((S31-R31)<0,"0",(S31-R31)) -> 606
B32: 17 | C32: Jade | D32: 37610 | E32: 37691 | F32: =IF((E32-D32)<0,"0",(E32-D32)) -> 81 | I32: 17 | J32: Jade | K32: 37691 | L32: 37801 | M32: =IF((L32-K32)<0,"0",(L32-K32)) -> 110 | P32: 17 | Q32: Jade | R32: 37801 | S32: 38133 | T32: =IF((S32-R32)<0,"0",(S32-R32)) -> 332
C33: Pearl | D33: 64143 | E33: 64151 | F33: =IF((E33-D33)<0,"0",(E33-D33)) -> 8 | J33: Pearl | K33: 64151 | L33: 64151 | M33: =IF((L33-K33)<0,"0",(L33-K33)) -> 0 | Q33: Pearl | R33: 64151 | S33: 64151 | T33: =IF((S33-R33)<0,"0",(S33-R33)) -> 0
C34: Topaz | D34: 12904 | E34: 13059 | F34: =IF((E34-D34)<0,"0",(E34-D34)) -> 155 | J34: Topaz | K34: 13059 | L34: 13240 | M34: =IF((L34-K34)<0,"0",(L34-K34)) -> 181 | Q34: Topaz | R34: 13240 | S34: 13392 | T34: =IF((S34-R34)<0,"0",(S34-R34)) -> 152
B35: 18 | C35: Jade | D35: 263440 | E35: 265015 | F35: =IF((E35-D35)<0,"0",(E35-D35)) -> 1575 | I35: 18 | J35: Jade | K35: 265015 | L35: 266497 | M35: =IF((L35-K35)<0,"0",(L35-K35)) -> 1482 | P35: 18 | Q35: Jade | R35: 266497 | S35: 267745 | T35: =IF((S35-R35)<0,"0",(S35-R35)) -> 1248
C36: Pearl | D36: 21127 | E36: 21690 | F36: =IF((E36-D36)<0,"0",(E36-D36)) -> 563 | J36: Pearl | K36: 21690 | L36: 21840 | M36: =IF((L36-K36)<0,"0",(L36-K36)) -> 150 | Q36: Pearl | R36: 21840 | S36: 22268 | T36: =IF((S36-R36)<0,"0",(S36-R36)) -> 428
C37: Topaz | D37: 102798 | E37: 104357 | F37: =IF((E37-D37)<0,"0",(E37-D37)) -> 1559 | J37: Topaz | K37: 104357 | L37: 105837 | M37: =IF((L37-K37)<0,"0",(L37-K37)) -> 1480 | Q37: Topaz | R37: 105837 | S37: 107135 | T37: =IF((S37-R37)<0,"0",(S37-R37)) -> 1298
B38: 19 | C38: Jade | D38: 26533 | E38: 26729 | F38: =IF((E38-D38)<0,"0",(E38-D38)) -> 196 | I38: 19 | J38: Jade | K38: 26729 | L38: 26929 | M38: =IF((L38-K38)<0,"0",(L38-K38)) -> 200 | P38: 19 | Q38: Jade | R38: 26929 | S38: 27111 | T38: =IF((S38-R38)<0,"0",(S38-R38)) -> 182
C39: Pearl | D39: 86152 | E39: 86270 | F39: =IF((E39-D39)<0,"0",(E39-D39)) -> 118 | J39: Pearl | K39: 86270 | L39: 86487 | M39: =IF((L39-K39)<0,"0",(L39-K39)) -> 217 | Q39: Pearl | R39: 86487 | S39: 87794 | T39: =IF((S39-R39)<0,"0",(S39-R39)) -> 1307
C40: Topaz | D40: 53053 | E40: 53053 | F40: =IF((E40-D40)<0,"0",(E40-D40)) -> 0 | J40: Topaz | K40: 53053 | L40: 53053 | M40: =IF((L40-K40)<0,"0",(L40-K40)) -> 0 | Q40: Topaz | R40: 53053 | S40: 53053 | T40: =IF((S40-R40)<0,"0",(S40-R40)) -> 0
B41: 20 | C41: Jade | D41: 123343 | E41: 123571 | F41: =IF((E41-D41)<0,"0",(E41-D41)) -> 228 | I41: 20 | J41: Jade | K41: 123571 | L41: 123836 | M41: =IF((L41-K41)<0,"0",(L41-K41)) -> 265 | P41: 20 | Q41: Jade | R41: 123836 | S41: 124624 | T41: =IF((S41-R41)<0,"0",(S41-R41)) -> 788
C42: Pearl | D42: 79464 | E42: 80580 | F42: =IF((E42-D42)<0,"0",(E42-D42)) -> 1116 | J42: Pearl | K42: 80580 | L42: 81721 | M42: =IF((L42-K42)<0,"0",(L42-K42)) -> 1141 | Q42: Pearl | R42: 81721 | S42: 82443 | T42: =IF((S42-R42)<0,"0",(S42-R42)) -> 722
C43: Topaz | D43: 3934 | E43: 4842 | F43: =IF((E43-D43)<0,"0",(E43-D43)) -> 908 | J43: Topaz | K43: 4842 | L43: 5648 | M43: =IF((L43-K43)<0,"0",(L43-K43)) -> 806 | Q43: Topaz | R43: 5648 | S43: 6737 | T43: =IF((S43-R43)<0,"0",(S43-R43)) -> 1089
B45: 21 | C45: Emerald | D45: 4548 | E45: 5625 | F45: =IF((E45-D45)<0,"0",(E45-D45)) -> 1077 | I45: 21 | J45: Emerald | K45: 5625 | L45: 6905 | M45: =IF((L45-K45)<0,"0",(L45-K45)) -> 1280 | P45: 21 | Q45: Emerald | R45: 6905 | S45: 8268 | T45: =IF((S45-R45)<0,"0",(S45-R45)) -> 1363
C46: Topaz | D46: 46299 | E46: 46299 | F46: =IF((E46-D46)<0,"0",(E46-D46)) -> 0 | J46: Topaz | K46: 46299 | L46: 46299 | M46: =IF((L46-K46)<0,"0",(L46-K46)) -> 0 | Q46: Topaz | R46: 46299 | S46: 46299 | T46: =IF((S46-R46)<0,"0",(S46-R46)) -> 0
B47: 22 | C47: Emerald | D47: 13781 | E47: 13789 | F47: =IF((E47-D47)<0,"0",(E47-D47)) -> 8 | I47: 22 | J47: Emerald | K47: 13789 | L47: 13805 | M47: =IF((L47-K47)<0,"0",(L47-K47)) -> 16 | P47: 22 | Q47: Emerald | R47: 13805 | S47: 13806 | T47: =IF((S47-R47)<0,"0",(S47-R47)) -> 1
C48: Topaz | D48: 22001 | E48: 22117 | F48: =IF((E48-D48)<0,"0",(E48-D48)) -> 116 | J48: Topaz | K48: 22117 | L48: 22201 | M48: =IF((L48-K48)<0,"0",(L48-K48)) -> 84 | Q48: Topaz | R48: 22201 | S48: 22270 | T48: =IF((S48-R48)<0,"0",(S48-R48)) -> 69
B49: 23 | C49: Emerald | F49: =IF((E49-D49)<0,"0",(E49-D49)) -> 0 | I49: 23 | J49: Emerald | M49: =IF((L49-K49)<0,"0",(L49-K49)) -> 0 | P49: 23 | Q49: Emerald | T49: =IF((S49-R49)<0,"0",(S49-R49)) -> 0
C50: Topaz | F50: =IF((E50-D50)<0,"0",(E50-D50)) -> 0 | J50: Topaz | M50: =IF((L50-K50)<0,"0",(L50-K50)) -> 0 | Q50: Topaz | T50: =IF((S50-R50)<0,"0",(S50-R50)) -> 0
F51: =IF((E51-D51)<0,"0",(E51-D51)) -> 0 | M51: =IF((L51-K51)<0,"0",(L51-K51)) -> 0 | T51: =IF((S51-R51)<0,"0",(S51-R51)) -> 0
B52: 24 | C52: Sapphire | D52: 261233 | E52: 262251 | F52: =IF((E52-D52)<0,"0",(E52-D52)) -> 1018 | I52: 24 | J52: Sapphire | K52: 262251 | L52: 263907 | M52: =IF((L52-K52)<0,"0",(L52-K52)) -> 1656 | P52: 24 | Q52: Sapphire | R52: 263907 | S52: 266094 | T52: =IF((S52-R52)<0,"0",(S52-R52)) -> 2187
C53: Ruby | D53: 543684 | E53: 544153 | F53: =IF((E53-D53)<0,"0",(E53-D53)) -> 469 | J53: Ruby | K53: 544153 | L53: 544610 | M53: =IF((L53-K53)<0,"0",(L53-K53)) -> 457 | Q53: Ruby | R53: 544610 | S53: 545038 | T53: =IF((S53-R53)<0,"0",(S53-R53)) -> 428
C54: Sapphire | D54: 34567 | E54: 34567 | F54: =IF((E54-D54)<0,"0",(E54-D54)) -> 0 | J54: Sapphire | K54: 34567 | L54: 34567 | M54: =IF((L54-K54)<0,"0",(L54-K54)) -> 0 | Q54: Sapphire | R54: 34567 | S54: 34567 | T54: =IF((S54-R54)<0,"0",(S54-R54)) -> 0
B55: 25 | C55: Sapphire | D55: 330 | E55: 330 | F55: =IF((E55-D55)<0,"0",(E55-D55)) -> 0 | I55: 25 | J55: Sapphire | K55: 330 | L55: 330 | M55: =IF((L55-K55)<0,"0",(L55-K55)) -> 0 | P55: 25 | Q55: Sapphire | R55: 330 | S55: 330 | T55: =IF((S55-R55)<0,"0",(S55-R55)) -> 0
C56: Ruby | D56: 3 | E56: 3 | F56: =IF((E56-D56)<0,"0",(E56-D56)) -> 0 | J56: Ruby | K56: 3 | L56: 3 | M56: =IF((L56-K56)<0,"0",(L56-K56)) -> 0 | Q56: Ruby | R56: 3 | S56: 3 | T56: =IF((S56-R56)<0,"0",(S56-R56)) -> 0
B57: 26 | C57: Sapphire | D57: 758964 | E57: 762285 | F57: =IF((E57-D57)<0,"0",(E57-D57)) -> 3321 | I57: 26 | J57: Sapphire | K57: 762285 | L57: 765385 | M57: =IF((L57-K57)<0,"0",(L57-K57)) -> 3100 | P57: 26 | Q57: Sapphire | R57: 765385 | S57: 768051 | T57: =IF((S57-R57)<0,"0",(S57-R57)) -> 2666
C58: Ruby | D58: 838562 | E58: 842426 | F58: =IF((E58-D58)<0,"0",(E58-D58)) -> 3864 | J58: Ruby | K58: 842426 | L58: 846604 | M58: =IF((L58-K58)<0,"0",(L58-K58)) -> 4178 | Q58: Ruby | R58: 846604 | S58: 850919 | T58: =IF((S58-R58)<0,"0",(S58-R58)) -> 4315
B59: 27 | C59: Sapphire | D59: 257549 | E59: 258446 | F59: =IF((E59-D59)<0,"0",(E59-D59)) -> 897 | I59: 27 | J59: Sapphire | K59: 258446 | L59: 259438 | M59: =IF((L59-K59)<0,"0",(L59-K59)) -> 992 | P59: 27 | Q59: Sapphire | R59: 259438 | S59: 260523 | T59: =IF((S59-R59)<0,"0",(S59-R59)) -> 1085
C60: Ruby | D60: 117419 | E60: 118997 | F60: =IF((E60-D60)<0,"0",(E60-D60)) -> 1578 | J60: Ruby | K60: 118997 | L60: 120918 | M60: =IF((L60-K60)<0,"0",(L60-K60)) -> 1921 | Q60: Ruby | R60: 120918 | S60: 122367 | T60: =IF((S60-R60)<0,"0",(S60-R60)) -> 1449
F61: =IF((E61-D61)<0,"0",(E61-D61)) -> 0 | M61: =IF((L61-K61)<0,"0",(L61-K61)) -> 0 | T61: =IF((S61-R61)<0,"0",(S61-R61)) -> 0
B62: 28 | C62: Diamond | F62: =IF((E62-D62)<0,"0",(E62-D62)) -> 0 | G62: without | I62: 28 | J62: Diamond | M62: =IF((L62-K62)<0,"0",(L62-K62)) -> 0 | N62: without | P62: 28 | Q62: Diamond | T62: =IF((S62-R62)<0,"0",(S62-R62)) -> 0 | U62: without
F63: =IF((E63-D63)<0,"0",(E63-D63)) -> 0 | M63: =IF((L63-K63)<0,"0",(L63-K63)) -> 0 | T63: =IF((S63-R63)<0,"0",(S63-R63)) -> 0
B64: Total Electricity Consumption KW | F64: =SUM(F2:F63) -> 32315 | I64: Total Electricity Consumption KW | M64: =SUM(M2:M63) -> 41869 | P64: Total Electricity Consumption KW | T64: =SUM(T2:T63) -> 43289
A69: 44927 | F69: 44958 | K69: Cons.
A70: . | B70: 30 | C70: 35,40 | D70: 45,50 | F70: . | G70: 30 | H70: 35,40 | I70: 45,50 | K70: Floor | L70: 30 | M70: 35,40 | N70: 45,50
A71: 6 | B71: 102902 | C71: 64154 | D71: 79058 | F71: 6 | G71: 103289 | H71: 64606 | I71: 79058 | K71: 6 | L71: =G71-B71 -> 387 | M71: =H71-C71 -> 452 | N71: =I71-D71 -> 0
A72: 7 | B72: 103902 | C72: 108429 | D72: 69286 | F72: 7 | G72: 103902 | H72: 108699 | I72: 69735 | K72: 7 | L72: =G72-B72 -> 0 | M72: =H72-C72 -> 270 | N72: =I72-D72 -> 449
A73: 8 | B73: 128108 | C73: 280263 | D73: 117154 | F73: 8 | G73: 128734 | H73: 281320 | I73: 117383 | K73: 8 | L73: =G73-B73 -> 626 | M73: =H73-C73 -> 1057 | N73: =I73-D73 -> 229
A74: 9 | B74: 71345 | C74: 161033 | D74: 173867 | F74: 9 | G74: 72131 | H74: 161310 | I74: 174247 | K74: 9 | L74: =G74-B74 -> 786 | M74: =H74-C74 -> 277 | N74: =I74-D74 -> 380
A75: 10 | B75: 79891 | C75: 133713 | D75: 166559 | F75: 10 | G75: 79892 | H75: 134728 | I75: 167341 | K75: 10 | L75: =G75-B75 -> 1 | M75: =H75-C75 -> 1015 | N75: =I75-D75 -> 782
A76: 11 | B76: 167919 | C76: 193864 | D76: 217596 | F76: 11 | G76: 168480 | H76: 194586 | I76: 217691 | K76: 11 | L76: =G76-B76 -> 561 | M76: =H76-C76 -> 722 | N76: =I76-D76 -> 95
A77: 12 | B77: 162253 | C77: 107296 | D77: 105825 | F77: 12 | G77: 163254 | H77: 108071 | I77: 106300 | K77: 12 | L77: =G77-B77 -> 1001 | M77: =H77-C77 -> 775 | N77: =I77-D77 -> 475
A78: 14 | B78: 126594 | C78: 50198 | D78: 52879 | F78: 14 | G78: 127028 | H78: 50329 | I78: 52979 | K78: 14 | L78: =G78-B78 -> 434 | M78: =H78-C78 -> 131 | N78: =I78-D78 -> 100
A79: 15 | B79: 181287 | C79: 166602 | D79: 169574 | F79: 15 | G79: 181600 | H79: 166855 | I79: 169944 | K79: 15 | L79: =G79-B79 -> 313 | M79: =H79-C79 -> 253 | N79: =I79-D79 -> 370
A80: 16 | B80: 135289 | C80: 163677 | D80: 223075 | F80: 16 | G80: 135557 | H80: 165116 | I80: 223103 | K80: 16 | L80: =G80-B80 -> 268 | M80: =H80-C80 -> 1439 | N80: =I80-D80 -> 28
A81: 17 | B81: 38476 | C81: 89739 | D81: 205844 | F81: 17 | G81: 38476 | H81: 89739 | I81: 207246 | K81: 17 | L81: =G81-B81 -> 0 | M81: =H81-C81 -> 0 | N81: =I81-D81 -> 1402
A82: 18 | B82: 145802 | C82: 77230 | D82: 170144 | F82: 18 | G82: 146263 | H82: 77299 | I82: 170419 | K82: 18 | L82: =G82-B82 -> 461 | M82: =H82-C82 -> 69 | N82: =I82-D82 -> 275
... A92: 28 | B92: 205327 | C92: 104535 | D92: 118458 | F92: 28 | G92: 205442 | H92: 104577 | I92: 118803 | K92: 28 | L92: =G92-B92 -> 115 | M92: =H92-C92 -> 42 | N92: =I92-D92 -> 345
A93: 29 | F93: 29 | K93: 29 | L93: =G93-B93 -> 0 | M93: 0
A94: 30 | F94: 30 | K94: 30 | L94: =G94-B94 -> 0 | M94: 0

Sheet Energy Monthly Statement
A1: Energy Monthly Statement Febreuary 2023
B2: Plant room | C2: =K8+K9+K14 -> 247960 | D2: =C2*1.27 -> 314909.2 | H2: Electric
H3: Feeder 1 | I3: =ELECT.!E2 -> 35988211 | J3: =ELECT.!E30 -> 36145640 | K3: =J3-I3 -> 157429
B4: With out Plant room | C4: Kwh | D4: LE | H4: Feeder 2 | I4: =ELECT.!G2 -> 13096752 | J4: =ELECT.!G30 -> 14011796 | K4: =J4-I4 -> 915044
B5: Hotel | C5: =(K10+K12)*0.842284+K26 -> 534022.16 | D5: =C5*1.27 -> 678208.14 | H5: Total | K5: =K3+K4 -> 1072473
B6: Plaza | C6: =(K10+K12+K26)*0.1488 -> 94092.043 | D6: =C6*1.27 -> 119496.89 | H6: Tr1 | I6: =ELECT.!J2 -> 1431498 | J6: =ELECT.!J30 -> 1520130 | K6: =J6-I6 -> 88632
B7: Large s. | C7: =(K6+K7)-(C8+C9+C10+C11+K26) -> 151996 | D7: =C7*1.27 -> 193034.92 | H7: Tr2 | I7: =ELECT.!L2 -> 1764229 | J7: =ELECT.!L30 -> 1876731 | K7: =J7-I7 -> 112502
B8: Mall | C8: =K21+K22+K23+K24 -> 21433 | D8: =C8*1.27 -> 27219.91 | H8: Tr3 | I8: =ELECT.!N2 -> 8229214 | J8: =ELECT.!N30 -> 8250094 | K8: =(J8-I8)*2 -> 41760
B9: EZZ | C9: =K25+K16+K17 -> 6313 | D9: =C9*1.27 -> 8017.51 | H9: Tr4 | I9: =ELECT.!P2 -> 9311652 | J9: =ELECT.!P30 -> 9496296 | K9: =J9-I9 -> 184644
B10: Citadle | C10: =K18 -> 10080 | D10: =C10*1.27 -> 12801.6 | H10: Tr5 | I10: =ELECT.!R2 -> 24164694 | J10: =ELECT.!R30 -> 24377913 | K10: =J10-I10 -> 213219
B11: CIB Bank | C11: =K19+K20 -> 2352 | D11: =C11*1.27 -> 2987.04 | H11: Tr6 | I11: 0 | J11: =ELECT.!G36 -> 0 | K11: =J11-I11 -> 0
H12: Tr7 | I12: =ELECT.!V2 -> 2180893 | J12: =ELECT.!V30 -> 2385973 | K12: =(J12-I12)*2 -> 410160
B13: Water | C13: M3 | D13: LE | H13: Total | K13: =SUM(K6:K12) -> 1050917
B14: Main | C14: =K29 -> -4752360 | D14: =C14*10.03 -> -47666171 | H14: loss | K14: =K5-K13 -> 21556
B15: Large suite | C15: =K30 -> -22702.68 | D15: =C15*10.03 -> -227707.88
B16: Plaza | C16: =(C14-C15-C17-C18-C19-C20-C21)*0.1318 -> -624135.91 | D16: =C16*10.03 -> -6260083.2 | H16: CO | I16: ='Mall, Citadel, Rotana'!T2 -> 4197 | J16: ='Mall, Citadel, Rotana'!T30 -> 4223 | K16: =(J16-I16)*160 -> 4160
B17: Mall | C17: 1420 | D17: =C17*10.03 -> 14242.6 | H17: RO1 | I17: ='Mall, Citadel, Rotana'!J2 -> 349512 | J17: ='Mall, Citadel, Rotana'!J30 -> 349512 | K17: =(J17-I17) -> 0
B18: CIB Bank | C18: 200 | D18: =C18*10.03 -> 2006 | H18: RO2 | I18: ='Mall, Citadel, Rotana'!L2 -> 27001 | J18: ='Mall, Citadel, Rotana'!L30 -> 27064 | K18: =(J18-I18)*160 -> 10080
B19: EZZ | C19: 600 | D19: =C19*10.03 -> 6018 | E19: Estimated value as there is no water Flow meter | H19: CIB 1 | I19: ='Mall, Citadel, Rotana'!P2 -> 191923 | J19: ='Mall, Citadel, Rotana'!P30 -> 194275 | K19: =J19-I19 -> 2352
B20: Citadle | C20: 600 | D20: =C20*10.03 -> 6018 | H20: CIB E | I20: ='Mall, Citadel, Rotana'!R2 -> 55047 | J20: ='Mall, Citadel, Rotana'!R30 -> 55047 | K20: =J20-I20 -> 0
B21: Plant room | C21: 3000 | D21: =C21*10.03 -> 30090 | H21: R1 | I21: ='Mall, Citadel, Rotana'!B2 -> 48315 | J21: ='Mall, Citadel, Rotana'!B30 -> 48404 | K21: =(J21-I21)*120 -> 10680
B22: Hotel | C22: =C14-(C15+C16+C17+C18+C19+C20+C21) -> -4111341.4 | D22: =C22*10.03 -> -41236754 | H22: R2 | I22: ='Mall, Citadel, Rotana'!D2 -> 41451 | J22: ='Mall, Citadel, Rotana'!D30 -> 41508 | K22: =(J22-I22)*160 -> 9120
H23: R3 | I23: ='Mall, Citadel, Rotana'!F2 -> 22651 | J23: ='Mall, Citadel, Rotana'!F30 -> 22718 | K23: =(J23-I23)*20 -> 1340
B24: Gas | H24: R4 | I24: ='Mall, Citadel, Rotana'!H2 -> 262062 | J24: ='Mall, Citadel, Rotana'!H30 -> 262355 | K24: =J24-I24 -> 293
C25: M3 | D25: L.E | H25: RO.E | I25: ='Mall, Citadel, Rotana'!N2 -> 233490 | J25: ='Mall, Citadel, Rotana'!N30 -> 235643 | K25: =J25-I25 -> 2153
B26: Main | C26: =K35 -> -18781662 | D26: =C26*3.65 -> -68553066 | H26: New chiller | I26: =ELECT.!C2 -> 20588 | J26: =ELECT.!C30 -> 20644 | K26: =(J26-I26)*160 -> 8960
B27: Plant Room | C27: =C26 -> -18781662 | D27: =C27*3.65 -> -68553066
H28: Water
H29: Main Reading | I29: =Water!B2 -> 475236 | J29: =Water!B30 -> 0 | K29: =(J29-I29)*10 -> -4752360
H30: Large Reading | I30: =Water!H2 -> 840840 | J30: =Water!H30 -> 0 | K30: =(J30-I30)*0.027 -> -22702.68
H31: Pdium Reading | I31: =Water!D2 -> 19742 | J31: =Water!D30 -> 0 | K31: =(J31-I31)*0.027 -> -533.034
H32: Hotel reading | I32: =Water!F2 -> 14080900 | J32: =Water!F30 -> 0 | K32: =(J32-I32)*0.027 -> -380184.3
H34: Gas
H35: Main | I35: =Gas!B2 -> 18781662 | J35: =Gas!B30 -> 0 | K35: =J35-I35 -> -18781662
