Workbook

Sheet TOTAL
A1: Site Name | B1: Day | C1: Month | D1: Year | E1: Total Electricity Kwh | F1: Electricity Tariff ($/Kwh) | G1: LPG (Kg) | H1: LPG $/Kg | I1: Water Utility Supply (m3) m3 | J1: Water Utility Supply (m3) $/m3 | K1: Irrigation Water (m3) m3 | L1: Irrigation water $/m3 | M1: Room Nights | N1: Total Guests
A2: Dubai at Jumeirah Beach | B2: 1 | C2: 3 | D2: 2023 | E2: =SUM(Submetering!M2:V2)-SUM(Submetering!AU2:AY2,Submetering!BS2) -> 37075.86 | F2: 0.44448 | G2: =Submetering!Z2+Submetering!AA2+Submetering!AB2+Submetering!AD2+Submetering!AE2+Submetering!AF2+Submetering!AG2+Submetering!AH2+Submetering!AI2 -> 927.99 | H2: =1.62/0.52 -> 3.1153846 | I2: =Submetering!G2-SUM(Submetering!AJ2:AS2,Submetering!BM2:BR2) -> 386.858 | J2: 13.83 | K2: =Submetering!BL2-Submetering!AT2 -> 1 | L2: 1.2 | M2: =Submetering!E2 -> 184.86 | N2: =Submetering!F2 -> 366
A3: Dubai at Jumeirah Beach | B3: =B2+1 -> 2 | C3: 3 | D3: 2023 | E3: =SUM(Submetering!M3:V3)-SUM(Submetering!AU3:AY3,Submetering!BS3) -> 34474.04 | F3: 0.44448 | G3: =Submetering!Z3+Submetering!AA3+Submetering!AB3+Submetering!AD3+Submetering!AE3+Submetering!AF3+Submetering!AG3+Submetering!AH3+Submetering!AI3 -> 824.04 | H3: =1.62/0.52 -> 3.1153846 | I3: =Submetering!G3-SUM(Submetering!AJ3:AS3,Submetering!BM3:BR3) -> 386.115 | J3: 13.83 | K3: =Submetering!BL3 -> 210 | L3: 1.2 | M3: =Submetering!E3 -> 218.04 | N3: =Submetering!F3 -> 413
A4: Dubai at Jumeirah Beach | B4: =B3+1 -> 3 | C4: 3 | D4: 2023 | E4: =SUM(Submetering!M4:V4)-SUM(Submetering!AU4:AY4,Submetering!BS4) -> 42713.22 | F4: 0.44448 | G4: =Submetering!Z4+Submetering!AA4+Submetering!AB4+Submetering!AD4+Submetering!AE4+Submetering!AF4+Submetering!AG4+Submetering!AH4+Submetering!AI4 -> 846.72 | H4: =1.62/0.52 -> 3.1153846 | I4: =Submetering!G4-SUM(Submetering!AJ4:AS4,Submetering!BM4:BR4) -> 449.655 | J4: 13.83 | K4: =Submetering!BL4 -> 356 | L4: 1.2 | M4: =Submetering!E4 -> 206.19 | N4: =Submetering!F4 -> 411
A5: Dubai at Jumeirah Beach | B5: =B4+1 -> 4 | C5: 3 | D5: 2023 | E5: =SUM(Submetering!M5:V5)-SUM(Submetering!AU5:AY5,Submetering!BS5) -> 38471.1 | F5: 0.44448 | G5: =Submetering!Z5+Submetering!AA5+Submetering!AB5+Submetering!AD5+Submetering!AE5+Submetering!AF5+Submetering!AG5+Submetering!AH5+Submetering!AI5 -> 1120.77 | H5: =1.62/0.52 -> 3.1153846 | I5: =Submetering!G5-SUM(Submetering!AJ5:AS5,Submetering!BM5:BR5) -> 441.07 | J5: 13.83 | K5: =Submetering!BL5 -> 328 | L5: 1.2 | M5: =Submetering!E5 -> 215.67 | N5: =Submetering!F5 -> 401
A6: Dubai at Jumeirah Beach | B6: =B5+1 -> 5 | C6: 3 | D6: 2023 | E6: =SUM(Submetering!M6:V6)-SUM(Submetering!AU6:AY6,Submetering!BS6) -> 35732.9 | F6: 0.44448 | G6: =Submetering!Z6+Submetering!AA6+Submetering!AB6+Submetering!AD6+Submetering!AE6+Submetering!AF6+Submetering!AG6+Submetering!AH6+Submetering!AI6 -> 699.3 | H6: =1.62/0.52 -> 3.1153846 | I6: =Submetering!G6-SUM(Submetering!AJ6:AS6,Submetering!BM6:BR6) -> 393.788 | J6: 13.83 | K6: =Submetering!BL6 -> 182 | L6: 1.2 | M6: =Submetering!E6 -> 201.45 | N6: =Submetering!F6 -> 364
A7: Dubai at Jumeirah Beach | B7: =B6+1 -> 6 | C7: 3 | D7: 2023 | E7: =SUM(Submetering!M7:V7)-SUM(Submetering!AU7:AY7,Submetering!BS7) -> 38439.2 | F7: 0.44448 | G7: =Submetering!Z7+Submetering!AA7+Submetering!AB7+Submetering!AD7+Submetering!AE7+Submetering!AF7+Submetering!AG7+Submetering!AH7+Submetering!AI7 -> 997.92 | H7: =1.62/0.52 -> 3.1153846 | I7: =Submetering!G7-SUM(Submetering!AJ7:AS7,Submetering!BM7:BR7) -> 333.6369 | J7: 13.83 | K7: =Submetering!BL7 -> 285 | L7: 1.2 | M7: =Submetering!E7 -> 210.93 | N7: =Submetering!F7 -> 354
A8: Dubai at Jumeirah Beach | B8: =B7+1 -> 7 | C8: 3 | D8: 2023 | E8: =SUM(Submetering!M8:V8)-SUM(Submetering!AU8:AY8,Submetering!BS8) -> 29548.44 | F8: 0.44448 | G8: =Submetering!Z8+Submetering!AA8+Submetering!AB8+Submetering!AD8+Submetering!AE8+Submetering!AF8+Submetering!AG8+Submetering!AH8+Submetering!AI8 -> 670.95 | H8: =1.62/0.52 -> 3.1153846 | I8: =Submetering!G8-SUM(Submetering!AJ8:AS8,Submetering!BM8:BR8) -> 366.9981 | J8: 13.83 | K8: =Submetering!BL8 -> 198 | L8: 1.2 | M8: =Submetering!E8 -> 215.67 | N8: =Submetering!F8 -> 377
A9: Dubai at Jumeirah Beach | B9: =B8+1 -> 8 | C9: 3 | D9: 2023 | E9: =SUM(Submetering!M9:V9)-SUM(Submetering!AU9:AY9,Submetering!BS9) -> 37300.62 | F9: 0.44448 | G9: =Submetering!Z9+Submetering!AA9+Submetering!AB9+Submetering!AD9+Submetering!AE9+Submetering!AF9+Submetering!AG9+Submetering!AH9+Submetering!AI9 -> 767.34 | H9: =1.62/0.52 -> 3.1153846 | I9: =Submetering!G9-SUM(Submetering!AJ9:AS9,Submetering!BM9:BR9) -> 425.17 | J9: 13.83 | K9: =Submetering!BL9 -> 152 | L9: 1.2 | M9: =Submetering!E9 -> 180.12 | N9: =Submetering!F9 -> 350
A10: Dubai at Jumeirah Beach | B10: =B9+1 -> 9 | C10: 3 | D10: 2023 | E10: =SUM(Submetering!M10:V10)-SUM(Submetering!AU10:AY10,Submetering!BS10) -> 36088.54 | F10: 0.44448 | G10: =Submetering!Z10+Submetering!AA10+Submetering!AB10+Submetering!AD10+Submetering!AE10+Submetering!AF10+Submetering!AG10+Submetering!AH10+Submetering!AI10 -> 835.38 | H10: =1.62/0.52 -> 3.1153846 | I10: =Submetering!G10-SUM(Submetering!AJ10:AS10,Submetering!BM10:BR10) -> 356.122 | J10: 13.83 | K10: =Submetering!BL10 -> 270 | L10: 1.2 | M10: =Submetering!E10 -> 203.82 | N10: =Submetering!F10 -> 344
A11: Dubai at Jumeirah Beach | B11: =B10+1 -> 10 | C11: 3 | D11: 2023 | E11: =SUM(Submetering!M11:V11)-SUM(Submetering!AU11:AY11,Submetering!BS11) -> 36099.08 | F11: 0.44448 | G11: =Submetering!Z11+Submetering!AA11+Submetering!AB11+Submetering!AD11+Submetering!AE11+Submetering!AF11+Submetering!AG11+Submetering!AH11+Submetering!AI11 -> 954.45 | H11: =1.62/0.52 -> 3.1153846 | I11: =Submetering!G11-SUM(Submetering!AJ11:AS11,Submetering!BM11:BR11) -> 425.346 | J11: 13.83 | K11: =Submetering!BL11 -> 275 | L11: 1.2 | M11: =Submetering!E11 -> 201.45 | N11: =Submetering!F11 -> 360
A12: Dubai at Jumeirah Beach | B12: =B11+1 -> 11 | C12: 3 | D12: 2023 | E12: =SUM(Submetering!M12:V12)-SUM(Submetering!AU12:AY12,Submetering!BS12) -> 39008.86 | F12: 0.44448 | G12: =Submetering!Z12+Submetering!AA12+Submetering!AB12+Submetering!AD12+Submetering!AE12+Submetering!AF12+Submetering!AG12+Submetering!AH12+Submetering!AI12 -> 812.7 | H12: =1.62/0.52 -> 3.1153846 | I12: =Submetering!G12-SUM(Submetering!AJ12:AS12,Submetering!BM12:BR12) -> 418.314 | J12: 13.83 | K12: =Submetering!BL12 -> 307 | L12: 1.2 | M12: =Submetering!E12 -> 194.34 | N12: =Submetering!F12 -> 373
A13: Dubai at Jumeirah Beach | B13: =B12+1 -> 12 | C13: 3 | D13: 2023 | E13: =SUM(Submetering!M13:V13)-SUM(Submetering!AU13:AY13,Submetering!BS13) -> 35795.86 | F13: 0.44448 | G13: =Submetering!Z13+Submetering!AA13+Submetering!AB13+Submetering!AD13+Submetering!AE13+Submetering!AF13+Submetering!AG13+Submetering!AH13+Submetering!AI13 -> 795.69 | H13: =1.62/0.52 -> 3.1153846 | I13: =Submetering!G13-SUM(Submetering!AJ13:AS13,Submetering!BM13:BR13) -> 422.125 | J13: 13.83 | K13: =Submetering!BL13 -> 255 | L13: 1.2 | M13: =Submetering!E13 -> 180.12 | N13: =Submetering!F13 -> 339
A14: Dubai at Jumeirah Beach | B14: =B13+1 -> 13 | C14: 3 | D14: 2023 | E14: =SUM(Submetering!M14:V14)-SUM(Submetering!AU14:AY14,Submetering!BS14) -> 36865.12 | F14: 0.44448 | G14: =Submetering!Z14+Submetering!AA14+Submetering!AB14+Submetering!AD14+Submetering!AE14+Submetering!AF14+Submetering!AG14+Submetering!AH14+Submetering!AI14 -> 841.05 | H14: =1.62/0.52 -> 3.1153846 | I14: =Submetering!G14-SUM(Submetering!AJ14:AS14,Submetering!BM14:BR14) -> 408.116 | J14: 13.83 | K14: =Submetering!BL14 -> 291 | L14: 1.2 | M14: =Submetering!E14 -> 196.71 | N14: =Submetering!F14 -> 348
... A32: Dubai at Jumeirah Beach | B32: =B31+1 -> 31 | C32: 3 | D32: 2023 | E32: =SUM(Submetering!M32:V32)-SUM(Submetering!AU32:AY32,Submetering!BS32) -> 0 | F32: 0.44448 | G32: =Submetering!Z32+Submetering!AA32+Submetering!AB32+Submetering!AD32+Submetering!AE32+Submetering!AF32+Submetering!AG32+Submetering!AH32+Submetering!AI32 -> 0 | H32: =1.62/0.52 -> 3.1153846 | I32: =Submetering!G32-SUM(Submetering!AJ32:AS32,Submetering!BM32:BR32) -> 0 | J32: 13.83 | K32: =Submetering!BL32 -> 0 | L32: 1.2 | M32: =Submetering!E32 -> 0 | N32: =Submetering!F32 -> 0

Sheet Submetering
A1: Site Name | B1: Day | C1: Month | D1: Year | E1: Room Nights | F1: Total Guests | G1: Potable Water -IG (m3) | H1: Resort Water (m3) | I1: Irrigation Water (m3) | J1: Domestic Water for Irrigation (m3) | K1: Cooling Tower Water (m3) | L1: Cooling Tower Blowdown (m3) | M1: EMDB-1 All Pumps (KWh) | N1: EMDB-2 Elevators (KWh) | O1: MDB-1 Chiller #1 (KWh) | P1: MDB-2 Chiller #2 (KWh) | Q1: MDB-3 Chiller #3(KWh) | R1: MDB-4 North Riser (KWh) | S1: MDB-5 North Riser (KWh) | T1: MDB-6 Main Kitchen (KWh) | U1: MDB-7 South Riser (KWh) | V1: MDB-8 F&B (KWh) | W1: Chiller 1 (Kwh cooling) | X1: Chiller 2 (Kwh cooling) | Y1: Chiller 3 (Kwh cooling) | Z1: Steam Boiler LPG (Kg) | AA1: Solar Hot Water Boiler LPG (Kg) | AB1: Low Temp Hot Water Boiler LPG (Kg) | AC1: Steam Boiler Steam (Kg) | AD1: Ird Kitchen (Kg) | AE1: Suq Kitchen (Kg) | AF1: Bakery Kitchen (Kg) | AG1: Shai Saloon Kitchen (kg) | AH1: Banquet Kitchen (Kg) | AI1: Sea Fu Kitchen (Kg) | AJ1: Jean George Cold Water (m³) | AK1: Jean George Hot Water (m³) | AL1: Coya Cold Water (m³) | AM1: Coya Hot Water (m³) | AN1: Nusrat Cold Water (m³) | AO1: Nusrat Hot Water (m³) | AP1: Provocateur Cold Water (m³) | AQ1: Provocateur Hot Water (m³) | AR1: Scalini Cold Water (m³) | AS1: Scalini Hot Water (m³) | AT1: F&B V Irrigation (m³) | AU1: MDB Coya (KWh) | AV1: MDB Jean Georges (KWh) | AW1: MDB Nusrat(KWh) | AX1: SMDB Provocateur (KWh) | AY1: SMDB Scalini (KWh) | AZ1: Common ESMDB (KWh) | BA1: Chilled Water Coya (Kwh) | BB1: Chilled Water Coya Cold Room (Kwh) | BC1: Chilled Water Jean Georges (Kwh) | BD1: Chilled Water Nusrat (Kwh) | BE1: Chilled Water Provocateur A (Kwh) | BF1: Chilled Water Provocateur B (Kwh) | BG1: Coya LPG (Kg) | BH1: Nusrat LPG (Kg) | BI1: Jean Georges LPG (Kg) | BJ1: Provocateur LPG (Kg) | BK1: Scalini LPG (Kg) | BL1: TSE Irrigation (m3) | BM1: Nammos Main Waterline (m3) | BN1: Nammos Water 1 (m3) | BO1: Nammos Water 2 (m3) | BP1: Nammos Water 3 (m3) | BQ1: Nammos Water 4 (m3) | BR1: Pavilion (m3) | BS1: Pavilion (kwh)
A2: Dubai at Jumeirah Beach | B2: 1 | C2: 3 | D2: 2023 | E2: =237*0.78 -> 184.86 | F2: =322+44 -> 366 | G2: ='DJB Daily Readings'!C10-'DJB Daily Readings'!C9 -> 606 | H2: ='DJB Daily Readings'!F10-'DJB Daily Readings'!F9 -> 453 | I2: ='DJB Daily Readings'!L9 -> 116 | J2: ='DJB Daily Readings'!N9 -> 0 | K2: ='DJB Daily Readings'!O10-'DJB Daily Readings'!O9 -> 99 | L2: ='DJB Daily Readings'!R10-'DJB Daily Readings'!R9 -> 17 | M2: ='DJB Daily Readings'!U10-'DJB Daily Readings'!U9 -> 1997.52 | N2: ='DJB Daily Readings'!X10-'DJB Daily Readings'!X9 -> 4774.56 | O2: ='DJB Daily Readings'!AA10-'DJB Daily Readings'!AA9 -> 8233.68 | P2: ='DJB Daily Readings'!AD10-'DJB Daily Readings'!AD9 -> 2630.88 | Q2: ='DJB Daily Readings'!AG10-'DJB Daily Readings'!AG9 -> 633.36 | R2: ='DJB Daily Readings'!AJ10-'DJB Daily Readings'!AJ9 -> 5748.96 | S2: ='DJB Daily Readings'!AM10-'DJB Daily Readings'!AM9 -> 3897.6 | T2: ='DJB Daily Readings'!AP10-'DJB Daily Readings'!AP9 -> 4482.24 | U2: ='DJB Daily Readings'!AS10-'DJB Daily Readings'!AS9 -> 3118.08 | V2: ='DJB Daily Readings'!AV10-'DJB Daily Readings'!AV9 -> 5797.68 | W2: ='DJB Daily Readings'!AZ10-'DJB Daily Readings'!AZ9 -> 49400 | X2: ='DJB Daily Readings'!BC10-'DJB Daily Readings'!BC9 -> 5900 | Y2: ='DJB Daily Readings'!BF10-'DJB Daily Readings'!BF9 -> 0 | Z2: =('DJB Daily Readings'!CK10-'DJB Daily Readings'!CK9)*1.89 -> 156.87 | AA2: =('DJB Daily Readings'!CN10-'DJB Daily Readings'!CN9)*1.89 -> 224.91 | AB2: =('DJB Daily Readings'!CQ10-'DJB Daily Readings'!CQ9)*1.89 -> 351.54 | AC2: ='DJB Daily Readings'!CT10-'DJB Daily Readings'!CT9 -> 184 | AD2: =('DJB Daily Readings'!BY10-'DJB Daily Readings'!BY9)*1.89 -> 34.02 | AE2: =('DJB Daily Readings'!CA10-'DJB Daily Readings'!CA9)*1.89 -> 39.69 | AF2: =('DJB Daily Readings'!CC10-'DJB Daily Readings'!CC9)*1.89 -> 11.34 | AG2: =('DJB Daily Readings'!CE10-'DJB Daily Readings'!CE9)*1.89 -> 17.01 | AH2: =('DJB Daily Readings'!CG10-'DJB Daily Readings'!CG9)*1.89 -> 28.35 | AI2: =('DJB Daily Readings'!CI10-'DJB Daily Readings'!CI9)*1.89 -> 64.26 | AJ2: ='DJB Daily Readings'!CY10-'DJB Daily Readings'!CY9 -> 8 | AK2: ='DJB Daily Readings'!CW10-'DJB Daily Readings'!CW9 -> 10 | AL2: ='DJB Daily Readings'!DC10-'DJB Daily Readings'!DC9 -> 14 | AM2: ='DJB Daily Readings'!DA10-'DJB Daily Readings'!DA9 -> 19 | AN2: ='DJB Daily Readings'!DG10-'DJB Daily Readings'!DG9 -> 5 | AO2: ='DJB Daily Readings'!DE10-'DJB Daily Readings'!DE9 -> 10 | AP2: ='DJB Daily Readings'!DK10-'DJB Daily Readings'!DK9 -> 7 | AQ2: ='DJB Daily Readings'!DI10-'DJB Daily Readings'!DI9 -> 11 | AR2: ='DJB Daily Readings'!DO10-'DJB Daily Readings'!DO9 -> 9 | AS2: ='DJB Daily Readings'!DM10-'DJB Daily Readings'!DM9 -> 4 | AT2: ='DJB Daily Readings'!DQ10-'DJB Daily Readings'!DQ9 -> 3 | AU2: =('DJB Daily Readings'!DT10-'DJB Daily Readings'!DT9)*100 -> 1140 | AV2: =('DJB Daily Readings'!DV10-'DJB Daily Readings'!DV9)*100 -> 920 | AW2: =('DJB Daily Readings'!DX10-'DJB Daily Readings'!DX9)*100 -> 660 | AX2: =('DJB Daily Readings'!DZ10-'DJB Daily Readings'!DZ9)*100 -> 650 | AY2: ='DJB Daily Readings'!EB10-'DJB Daily Readings'!EB9 -> 619 | AZ2: ='DJB Daily Readings'!ED10-'DJB Daily Readings'!ED9 -> 159.1 | BA2: ='DJB Daily Readings'!EG10-'DJB Daily Readings'!EG9 -> 4600 | BB2: ='DJB Daily Readings'!EI10-'DJB Daily Readings'!EI9 -> 290 | BC2: ='DJB Daily Readings'!EQ10-'DJB Daily Readings'!EQ9 -> 3700 | BD2: ='DJB Daily Readings'!EK10-'DJB Daily Readings'!EK9 -> 1100 | BE2: ='DJB Daily Readings'!EM10-'DJB Daily Readings'!EM9 -> 500 | BF2: ='DJB Daily Readings'!EO10-'DJB Daily Readings'!EO9 -> 720 | BG2: =('DJB Daily Readings'!ET10-'DJB Daily Readings'!ET9)*1.89 -> 26.46 | BH2: =('DJB Daily Readings'!EV10-'DJB Daily Readings'!EV9)*1.89 -> 22.68 | BI2: =('DJB Daily Readings'!EZ10-'DJB Daily Readings'!EZ9)*1.89 -> 18.9 | BJ2: =('DJB Daily Readings'!EX10-'DJB Daily Readings'!EX9)*1.89 -> 15.12 | BK2: =('DJB Daily Readings'!FB10-'DJB Daily Readings'!FB9)*1.89 -> 69.93 | BL2: ='DJB Daily Readings'!J9 -> 4 | BM2: ='DJB Daily Readings'!FF9 -> 107.112 | BN2: ='DJB Daily Readings'!FH9 -> 0 | BO2: ='DJB Daily Readings'!FJ9 -> 7 | BP2: ='DJB Daily Readings'!FL9 -> 5 | BQ2: ='DJB Daily Readings'!FN9 -> 3 | BR2: ='DJB Daily Readings'!FP9 -> 0.03 | BS2: ='DJB Daily Readings'!FR9 -> 249.7
A3: Dubai at Jumeirah Beach | B3: =B2+1 -> 2 | C3: 3 | D3: 2023 | E3: =237*0.92 -> 218.04 | F3: =365+48 -> 413 | G3: ='DJB Daily Readings'!C11-'DJB Daily Readings'!C10 -> 641 | H3: ='DJB Daily Readings'!F11-'DJB Daily Readings'!F10 -> 443 | I3: ='DJB Daily Readings'!L10 -> 0 | J3: ='DJB Daily Readings'!N10 -> 0 | K3: ='DJB Daily Readings'!O11-'DJB Daily Readings'!O10 -> 106 | L3: ='DJB Daily Readings'!R11-'DJB Daily Readings'!R10 -> 16 | M3: ='DJB Daily Readings'!U11-'DJB Daily Readings'!U10 -> 1997.52 | N3: ='DJB Daily Readings'!X11-'DJB Daily Readings'!X10 -> 4287.36 | O3: ='DJB Daily Readings'!AA11-'DJB Daily Readings'!AA10 -> 0 | P3: ='DJB Daily Readings'!AD11-'DJB Daily Readings'!AD10 -> 8672.16 | Q3: ='DJB Daily Readings'!AG11-'DJB Daily Readings'!AG10 -> 1900.08 | R3: ='DJB Daily Readings'!AJ11-'DJB Daily Readings'!AJ10 -> 5164.32 | S3: ='DJB Daily Readings'!AM11-'DJB Daily Readings'!AM10 -> 3848.88 | T3: ='DJB Daily Readings'!AP11-'DJB Daily Readings'!AP10 -> 4092.48 | U3: ='DJB Daily Readings'!AS11-'DJB Daily Readings'!AS10 -> 3020.64 | V3: ='DJB Daily Readings'!AV11-'DJB Daily Readings'!AV10 -> 5359.2 | W3: ='DJB Daily Readings'!AZ11-'DJB Daily Readings'!AZ10 -> 0 | X3: ='DJB Daily Readings'!BC11-'DJB Daily Readings'!BC10 -> 49700 | Y3: ='DJB Daily Readings'!BF11-'DJB Daily Readings'!BF10 -> 6000 | Z3: =('DJB Daily Readings'!CK11-'DJB Daily Readings'!CK10)*1.89 -> 134.19 | AA3: =('DJB Daily Readings'!CN11-'DJB Daily Readings'!CN10)*1.89 -> 207.9 | AB3: =('DJB Daily Readings'!CQ11-'DJB Daily Readings'!CQ10)*1.89 -> 313.74 | AC3: ='DJB Daily Readings'!CT11-'DJB Daily Readings'!CT10 -> 158 | AD3: =('DJB Daily Readings'!BY11-'DJB Daily Readings'!BY10)*1.89 -> 28.35 | AE3: =('DJB Daily Readings'!CA11-'DJB Daily Readings'!CA10)*1.89 -> 32.13 | AF3: =('DJB Daily Readings'!CC11-'DJB Daily Readings'!CC10)*1.89 -> 13.23 | AG3: =('DJB Daily Readings'!CE11-'DJB Daily Readings'!CE10)*1.89 -> 18.9 | AH3: =('DJB Daily Readings'!CG11-'DJB Daily Readings'!CG10)*1.89 -> 11.34 | AI3: =('DJB Daily Readings'!CI11-'DJB Daily Readings'!CI10)*1.89 -> 64.26 | AJ3: ='DJB Daily Readings'!CY11-'DJB Daily Readings'!CY10 -> 8 | AK3: ='DJB Daily Readings'!CW11-'DJB Daily Readings'!CW10 -> 9 | AL3: ='DJB Daily Readings'!DC11-'DJB Daily Readings'!DC10 -> 13 | AM3: ='DJB Daily Readings'!DA11-'DJB Daily Readings'!DA10 -> 20 | AN3: ='DJB Daily Readings'!DG11-'DJB Daily Readings'!DG10 -> 4 | AO3: ='DJB Daily Readings'!DE11-'DJB Daily Readings'!DE10 -> 9 | AP3: ='DJB Daily Readings'!DK11-'DJB Daily Readings'!DK10 -> 6 | AQ3: ='DJB Daily Readings'!DI11-'DJB Daily Readings'!DI10 -> 11 | AR3: ='DJB Daily Readings'!DO11-'DJB Daily Readings'!DO10 -> 8 | AS3: ='DJB Daily Readings'!DM11-'DJB Daily Readings'!DM10 -> 4 | AT3: ='DJB Daily Readings'!DQ11-'DJB Daily Readings'!DQ10 -> 7 | AU3: =('DJB Daily Readings'!DT11-'DJB Daily Readings'!DT10)*100 -> 1020 | AV3: =('DJB Daily Readings'!DV11-'DJB Daily Readings'!DV10)*100 -> 810 | AW3: =('DJB Daily Readings'!DX11-'DJB Daily Readings'!DX10)*100 -> 600 | AX3: =('DJB Daily Readings'!DZ11-'DJB Daily Readings'!DZ10)*100 -> 610 | AY3: ='DJB Daily Readings'!EB11-'DJB Daily Readings'!EB10 -> 594 | AZ3: ='DJB Daily Readings'!ED11-'DJB Daily Readings'!ED10 -> 139.9 | BA3: ='DJB Daily Readings'!EG11-'DJB Daily Readings'!EG10 -> 4100 | BB3: ='DJB Daily Readings'!EI11-'DJB Daily Readings'!EI10 -> 230 | BC3: ='DJB Daily Readings'!EQ11-'DJB Daily Readings'!EQ10 -> 2900 | BD3: ='DJB Daily Readings'!EK11-'DJB Daily Readings'!EK10 -> 1200 | BE3: ='DJB Daily Readings'!EM11-'DJB Daily Readings'!EM10 -> 700 | BF3: ='DJB Daily Readings'!EO11-'DJB Daily Readings'!EO10 -> 670 | BG3: =('DJB Daily Readings'!ET11-'DJB Daily Readings'!ET10)*1.89 -> 26.46 | BH3: =('DJB Daily Readings'!EV11-'DJB Daily Readings'!EV10)*1.89 -> 18.9 | BI3: =('DJB Daily Readings'!EZ11-'DJB Daily Readings'!EZ10)*1.89 -> 41.58 | BJ3: =('DJB Daily Readings'!EX11-'DJB Daily Readings'!EX10)*1.89 -> 17.01 | BK3: =('DJB Daily Readings'!FB11-'DJB Daily Readings'!FB10)*1.89 -> 62.37 | BL3: ='DJB Daily Readings'!J11 -> 210 | BM3: ='DJB Daily Readings'!FF11 -> 148.855 | BN3: ='DJB Daily Readings'!FH11 -> 0 | BO3: ='DJB Daily Readings'!FJ11 -> 5 | BP3: ='DJB Daily Readings'!FL11 -> 4 | BQ3: ='DJB Daily Readings'!FN11 -> 5 | BR3: ='DJB Daily Readings'!FP11 -> 0.03 | BS3: ='DJB Daily Readings'!FR11 -> 234.6
A4: Dubai at Jumeirah Beach | B4: =B3+1 -> 3 | C4: 3 | D4: 2023 | E4: =237*0.87 -> 206.19 | F4: =357+54 -> 411 | G4: ='DJB Daily Readings'!C12-'DJB Daily Readings'!C11 -> 721 | H4: ='DJB Daily Readings'!F12-'DJB Daily Readings'!F11 -> 532 | I4: ='DJB Daily Readings'!L11 -> 210 | J4: ='DJB Daily Readings'!N11 -> 0 | K4: ='DJB Daily Readings'!O12-'DJB Daily Readings'!O11 -> 115 | L4: ='DJB Daily Readings'!R12-'DJB Daily Readings'!R11 -> 17 | M4: ='DJB Daily Readings'!U12-'DJB Daily Readings'!U11 -> 2046.24 | N4: ='DJB Daily Readings'!X12-'DJB Daily Readings'!X11 -> 6677.12 | O4: ='DJB Daily Readings'!AA12-'DJB Daily Readings'!AA11 -> 0 | P4: ='DJB Daily Readings'!AD12-'DJB Daily Readings'!AD11 -> 4289.84 | Q4: ='DJB Daily Readings'!AG12-'DJB Daily Readings'!AG11 -> 10523.52 | R4: ='DJB Daily Readings'!AJ12-'DJB Daily Readings'!AJ11 -> 5554.08 | S4: ='DJB Daily Readings'!AM12-'DJB Daily Readings'!AM11 -> 4336.08 | T4: ='DJB Daily Readings'!AP12-'DJB Daily Readings'!AP11 -> 4482.24 | U4: ='DJB Daily Readings'!AS12-'DJB Daily Readings'!AS11 -> 3215.52 | V4: ='DJB Daily Readings'!AV12-'DJB Daily Readings'!AV11 -> 5797.68 | W4: ='DJB Daily Readings'!AZ12-'DJB Daily Readings'!AZ11 -> 0 | X4: ='DJB Daily Readings'!BC12-'DJB Daily Readings'!BC11 -> 6400 | Y4: ='DJB Daily Readings'!BF12-'DJB Daily Readings'!BF11 -> 56100 | Z4: =('DJB Daily Readings'!CK12-'DJB Daily Readings'!CK11)*1.89 -> 151.2 | AA4: =('DJB Daily Readings'!CN12-'DJB Daily Readings'!CN11)*1.89 -> 219.24 | AB4: =('DJB Daily Readings'!CQ12-'DJB Daily Readings'!CQ11)*1.89 -> 279.72 | AC4: ='DJB Daily Readings'!CT12-'DJB Daily Readings'!CT11 -> 176 | AD4: =('DJB Daily Readings'!BY12-'DJB Daily Readings'!BY11)*1.89 -> 34.02 | AE4: =('DJB Daily Readings'!CA12-'DJB Daily Readings'!CA11)*1.89 -> 37.8 | AF4: =('DJB Daily Readings'!CC12-'DJB Daily Readings'!CC11)*1.89 -> 15.12 | AG4: =('DJB Daily Readings'!CE12-'DJB Daily Readings'!CE11)*1.89 -> 17.01 | AH4: =('DJB Daily Readings'!CG12-'DJB Daily Readings'!CG11)*1.89 -> 24.57 | AI4: =('DJB Daily Readings'!CI12-'DJB Daily Readings'!CI11)*1.89 -> 68.04 | AJ4: ='DJB Daily Readings'!CY12-'DJB Daily Readings'!CY11 -> 8 | AK4: ='DJB Daily Readings'!CW12-'DJB Daily Readings'!CW11 -> 9 | AL4: ='DJB Daily Readings'!DC12-'DJB Daily Readings'!DC11 -> 14 | AM4: ='DJB Daily Readings'!DA12-'DJB Daily Readings'!DA11 -> 21 | AN4: ='DJB Daily Readings'!DG12-'DJB Daily Readings'!DG11 -> 6 | AO4: ='DJB Daily Readings'!DE12-'DJB Daily Readings'!DE11 -> 10 | AP4: ='DJB Daily Readings'!DK12-'DJB Daily Readings'!DK11 -> 11 | AQ4: ='DJB Daily Readings'!DI12-'DJB Daily Readings'!DI11 -> 14 | AR4: ='DJB Daily Readings'!DO12-'DJB Daily Readings'!DO11 -> 8 | AS4: ='DJB Daily Readings'!DM12-'DJB Daily Readings'!DM11 -> 4 | AT4: ='DJB Daily Readings'!DQ12-'DJB Daily Readings'!DQ11 -> 6 | AU4: =('DJB Daily Readings'!DT12-'DJB Daily Readings'!DT11)*100 -> 1100 | AV4: =('DJB Daily Readings'!DV12-'DJB Daily Readings'!DV11)*100 -> 900 | AW4: =('DJB Daily Readings'!DX12-'DJB Daily Readings'!DX11)*100 -> 670 | AX4: =('DJB Daily Readings'!DZ12-'DJB Daily Readings'!DZ11)*100 -> 720 | AY4: ='DJB Daily Readings'!EB12-'DJB Daily Readings'!EB11 -> 658 | AZ4: ='DJB Daily Readings'!ED12-'DJB Daily Readings'!ED11 -> 152 | BA4: ='DJB Daily Readings'!EG12-'DJB Daily Readings'!EG11 -> 4800 | BB4: ='DJB Daily Readings'!EI12-'DJB Daily Readings'!EI11 -> 330 | BC4: ='DJB Daily Readings'!EQ12-'DJB Daily Readings'!EQ11 -> 4800 | BD4: ='DJB Daily Readings'!EK12-'DJB Daily Readings'!EK11 -> 1500 | BE4: ='DJB Daily Readings'!EM12-'DJB Daily Readings'!EM11 -> 700 | BF4: ='DJB Daily Readings'!EO12-'DJB Daily Readings'!EO11 -> 810 | BG4: =('DJB Daily Readings'!ET12-'DJB Daily Readings'!ET11)*1.89 -> 32.13 | BH4: =('DJB Daily Readings'!EV12-'DJB Daily Readings'!EV11)*1.89 -> 24.57 | BI4: =('DJB Daily Readings'!EZ12-'DJB Daily Readings'!EZ11)*1.89 -> 30.24 | BJ4: =('DJB Daily Readings'!EX12-'DJB Daily Readings'!EX11)*1.89 -> 24.57 | BK4: =('DJB Daily Readings'!FB12-'DJB Daily Readings'!FB11)*1.89 -> 60.48 | BL4: ='DJB Daily Readings'!J12 -> 356 | BM4: ='DJB Daily Readings'!FF12 -> 152.295 | BN4: ='DJB Daily Readings'!FH12 -> 0 | BO4: ='DJB Daily Readings'!FJ12 -> 6 | BP4: ='DJB Daily Readings'!FL12 -> 5 | BQ4: ='DJB Daily Readings'!FN12 -> 3 | BR4: ='DJB Daily Readings'!FP12 -> 0.05 | BS4: ='DJB Daily Readings'!FR12 -> 161.1
A5: Dubai at Jumeirah Beach | B5: =B4+1 -> 4 | C5: 3 | D5: 2023 | E5: =237*0.91 -> 215.67 | F5: =354+47 -> 401 | G5: ='DJB Daily Readings'!C13-'DJB Daily Readings'!C12 -> 739 | H5: ='DJB Daily Readings'!F13-'DJB Daily Readings'!F12 -> 618 | I5: ='DJB Daily Readings'!L12 -> 276 | J5: ='DJB Daily Readings'!N12 -> 0 | K5: ='DJB Daily Readings'!O13-'DJB Daily Readings'!O12 -> 120 | L5: ='DJB Daily Readings'!R13-'DJB Daily Readings'!R12 -> 23 | M5: ='DJB Daily Readings'!U13-'DJB Daily Readings'!U12 -> 3410.4 | N5: ='DJB Daily Readings'!X13-'DJB Daily Readings'!X12 -> 3554.08 | O5: ='DJB Daily Readings'!AA13-'DJB Daily Readings'!AA12 -> 0 | P5: ='DJB Daily Readings'!AD13-'DJB Daily Readings'!AD12 -> 6813.36 | Q5: ='DJB Daily Readings'!AG13-'DJB Daily Readings'!AG12 -> 1315.44 | R5: ='DJB Daily Readings'!AJ13-'DJB Daily Readings'!AJ12 -> 6723.36 | S5: ='DJB Daily Readings'!AM13-'DJB Daily Readings'!AM12 -> 5018.16 | T5: ='DJB Daily Readings'!AP13-'DJB Daily Readings'!AP12 -> 5748.96 | U5: ='DJB Daily Readings'!AS13-'DJB Daily Readings'!AS12 -> 3848.88 | V5: ='DJB Daily Readings'!AV13-'DJB Daily Readings'!AV12 -> 7210.56 | W5: ='DJB Daily Readings'!AZ13-'DJB Daily Readings'!AZ12 -> 0 | X5: ='DJB Daily Readings'!BC13-'DJB Daily Readings'!BC12 -> 59700 | Y5: ='DJB Daily Readings'!BF13-'DJB Daily Readings'!BF12 -> 0 | Z5: =('DJB Daily Readings'!CK13-'DJB Daily Readings'!CK12)*1.89 -> 179.55 | AA5: =('DJB Daily Readings'!CN13-'DJB Daily Readings'!CN12)*1.89 -> 260.82 | AB5: =('DJB Daily Readings'!CQ13-'DJB Daily Readings'!CQ12)*1.89 -> 427.14 | AC5: ='DJB Daily Readings'!CT13-'DJB Daily Readings'!CT12 -> 213 | AD5: =('DJB Daily Readings'!BY13-'DJB Daily Readings'!BY12)*1.89 -> 39.69 | AE5: =('DJB Daily Readings'!CA13-'DJB Daily Readings'!CA12)*1.89 -> 43.47 | AF5: =('DJB Daily Readings'!CC13-'DJB Daily Readings'!CC12)*1.89 -> 18.9 | AG5: =('DJB Daily Readings'!CE13-'DJB Daily Readings'!CE12)*1.89 -> 24.57 | AH5: =('DJB Daily Readings'!CG13-'DJB Daily Readings'!CG12)*1.89 -> 37.8 | AI5: =('DJB Daily Readings'!CI13-'DJB Daily Readings'!CI12)*1.89 -> 88.83 | AJ5: ='DJB Daily Readings'!CY13-'DJB Daily Readings'!CY12 -> 9 | AK5: ='DJB Daily Readings'!CW13-'DJB Daily Readings'!CW12 -> 10 | AL5: ='DJB Daily Readings'!DC13-'DJB Daily Readings'!DC12 -> 14 | AM5: ='DJB Daily Readings'!DA13-'DJB Daily Readings'!DA12 -> 27 | AN5: ='DJB Daily Readings'!DG13-'DJB Daily Readings'!DG12 -> 5 | AO5: ='DJB Daily Readings'!DE13-'DJB Daily Readings'!DE12 -> 11 | AP5: ='DJB Daily Readings'!DK13-'DJB Daily Readings'!DK12 -> 8 | AQ5: ='DJB Daily Readings'!DI13-'DJB Daily Readings'!DI12 -> 11 | AR5: ='DJB Daily Readings'!DO13-'DJB Daily Readings'!DO12 -> 13 | AS5: ='DJB Daily Readings'!DM13-'DJB Daily Readings'!DM12 -> 6 | AT5: ='DJB Daily Readings'!DQ13-'DJB Daily Readings'!DQ12 -> 7 | AU5: =('DJB Daily Readings'!DT13-'DJB Daily Readings'!DT12)*100 -> 1320 | AV5: =('DJB Daily Readings'!DV13-'DJB Daily Readings'!DV12)*100 -> 1060 | AW5: =('DJB Daily Readings'!DX13-'DJB Daily Readings'!DX12)*100 -> 790 | AX5: =('DJB Daily Readings'!DZ13-'DJB Daily Readings'!DZ12)*100 -> 980 | AY5: ='DJB Daily Readings'!EB13-'DJB Daily Readings'!EB12 -> 765 | AZ5: ='DJB Daily Readings'!ED13-'DJB Daily Readings'!ED12 -> 181.6 | BA5: ='DJB Daily Readings'!EG13-'DJB Daily Readings'!EG12 -> 5900 | BB5: ='DJB Daily Readings'!EI13-'DJB Daily Readings'!EI12 -> 380 | BC5: ='DJB Daily Readings'!EQ13-'DJB Daily Readings'!EQ12 -> 7000 | BD5: ='DJB Daily Readings'!EK13-'DJB Daily Readings'!EK12 -> 1700 | BE5: ='DJB Daily Readings'!EM13-'DJB Daily Readings'!EM12 -> 800 | BF5: ='DJB Daily Readings'!EO13-'DJB Daily Readings'!EO12 -> 870 | BG5: =('DJB Daily Readings'!ET13-'DJB Daily Readings'!ET12)*1.89 -> 37.8 | BH5: =('DJB Daily Readings'!EV13-'DJB Daily Readings'!EV12)*1.89 -> 28.35 | BI5: =('DJB Daily Readings'!EZ13-'DJB Daily Readings'!EZ12)*1.89 -> 30.24 | BJ5: =('DJB Daily Readings'!EX13-'DJB Daily Readings'!EX12)*1.89 -> 32.13 | BK5: =('DJB Daily Readings'!FB13-'DJB Daily Readings'!FB12)*1.89 -> 85.05 | BL5: ='DJB Daily Readings'!J13 -> 328 | BM5: ='DJB Daily Readings'!FF13 -> 166.26 | BN5: ='DJB Daily Readings'!FH13 -> 0 | BO5: ='DJB Daily Readings'!FJ13 -> 5 | BP5: ='DJB Daily Readings'!FL13 -> 8 | BQ5: ='DJB Daily Readings'!FN13 -> 4 | BR5: ='DJB Daily Readings'!FP13 -> 0.67 | BS5: ='DJB Daily Readings'!FR13 -> 257.1
A6: Dubai at Jumeirah Beach | B6: =B5+1 -> 5 | C6: 3 | D6: 2023 | E6: =237*0.85 -> 201.45 | F6: =328+36 -> 364 | G6: ='DJB Daily Readings'!C14-'DJB Daily Readings'!C13 -> 607 | H6: ='DJB Daily Readings'!F14-'DJB Daily Readings'!F13 -> 387 | I6: ='DJB Daily Readings'!L13 -> 265 | J6: ='DJB Daily Readings'!N13 -> 0 | K6: ='DJB Daily Readings'!O14-'DJB Daily Readings'!O13 -> 104 | L6: ='DJB Daily Readings'!R14-'DJB Daily Readings'!R13 -> 15 | M6: ='DJB Daily Readings'!U14-'DJB Daily Readings'!U13 -> 3046.24 | N6: ='DJB Daily Readings'!X14-'DJB Daily Readings'!X13 -> 4507.84 | O6: ='DJB Daily Readings'!AA14-'DJB Daily Readings'!AA13 -> 0 | P6: ='DJB Daily Readings'!AD14-'DJB Daily Readings'!AD13 -> 13600.32 | Q6: ='DJB Daily Readings'!AG14-'DJB Daily Readings'!AG13 -> 535.92 | R6: ='DJB Daily Readings'!AJ14-'DJB Daily Readings'!AJ13 -> 4238.64 | S6: ='DJB Daily Readings'!AM14-'DJB Daily Readings'!AM13 -> 3069.36 | T6: ='DJB Daily Readings'!AP14-'DJB Daily Readings'!AP13 -> 3264.24 | U6: ='DJB Daily Readings'!AS14-'DJB Daily Readings'!AS13 -> 2338.56 | V6: ='DJB Daily Readings'!AV14-'DJB Daily Readings'!AV13 -> 4336.08 | W6: ='DJB Daily Readings'!AZ14-'DJB Daily Readings'!AZ13 -> 0 | X6: ='DJB Daily Readings'!BC14-'DJB Daily Readings'!BC13 -> 55500 | Y6: ='DJB Daily Readings'!BF14-'DJB Daily Readings'!BF13 -> 0 | Z6: =('DJB Daily Readings'!CK14-'DJB Daily Readings'!CK13)*1.89 -> 122.85 | AA6: =('DJB Daily Readings'!CN14-'DJB Daily Readings'!CN13)*1.89 -> 170.1 | AB6: =('DJB Daily Readings'!CQ14-'DJB Daily Readings'!CQ13)*1.89 -> 251.37 | AC6: ='DJB Daily Readings'!CT14-'DJB Daily Readings'!CT13 -> 144 | AD6: =('DJB Daily Readings'!BY14-'DJB Daily Readings'!BY13)*1.89 -> 24.57 | AE6: =('DJB Daily Readings'!CA14-'DJB Daily Readings'!CA13)*1.89 -> 30.24 | AF6: =('DJB Daily Readings'!CC14-'DJB Daily Readings'!CC13)*1.89 -> 11.34 | AG6: =('DJB Daily Readings'!CE14-'DJB Daily Readings'!CE13)*1.89 -> 13.23 | AH6: =('DJB Daily Readings'!CG14-'DJB Daily Readings'!CG13)*1.89 -> 18.9 | AI6: =('DJB Daily Readings'!CI14-'DJB Daily Readings'!CI13)*1.89 -> 56.7 | AJ6: ='DJB Daily Readings'!CY14-'DJB Daily Readings'!CY13 -> 3 | AK6: ='DJB Daily Readings'!CW14-'DJB Daily Readings'!CW13 -> 3 | AL6: ='DJB Daily Readings'!DC14-'DJB Daily Readings'!DC13 -> 11 | AM6: ='DJB Daily Readings'!DA14-'DJB Daily Readings'!DA13 -> 13 | AN6: ='DJB Daily Readings'!DG14-'DJB Daily Readings'!DG13 -> 5 | AO6: ='DJB Daily Readings'!DE14-'DJB Daily Readings'!DE13 -> 7 | AP6: ='DJB Daily Readings'!DK14-'DJB Daily Readings'!DK13 -> 21 | AQ6: ='DJB Daily Readings'!DI14-'DJB Daily Readings'!DI13 -> 7 | AR6: ='DJB Daily Readings'!DO14-'DJB Daily Readings'!DO13 -> 6 | AS6: ='DJB Daily Readings'!DM14-'DJB Daily Readings'!DM13 -> 4 | AT6: ='DJB Daily Readings'!DQ14-'DJB Daily Readings'!DQ13 -> 6 | AU6: =('DJB Daily Readings'!DT14-'DJB Daily Readings'!DT13)*100 -> 830 | AV6: =('DJB Daily Readings'!DV14-'DJB Daily Readings'!DV13)*100 -> 660 | AW6: =('DJB Daily Readings'!DX14-'DJB Daily Readings'!DX13)*100 -> 490 | AX6: =('DJB Daily Readings'!DZ14-'DJB Daily Readings'!DZ13)*100 -> 620 | AY6: ='DJB Daily Readings'!EB14-'DJB Daily Readings'!EB13 -> 496 | AZ6: ='DJB Daily Readings'!ED14-'DJB Daily Readings'!ED13 -> 120.1 | BA6: ='DJB Daily Readings'!EG14-'DJB Daily Readings'!EG13 -> 2600 | BB6: ='DJB Daily Readings'!EI14-'DJB Daily Readings'!EI13 -> 200 | BC6: ='DJB Daily Readings'!EQ14-'DJB Daily Readings'!EQ13 -> 3000 | BD6: ='DJB Daily Readings'!EK14-'DJB Daily Readings'!EK13 -> 500 | BE6: ='DJB Daily Readings'!EM14-'DJB Daily Readings'!EM13 -> 500 | BF6: ='DJB Daily Readings'!EO14-'DJB Daily Readings'!EO13 -> 430 | BG6: =('DJB Daily Readings'!ET14-'DJB Daily Readings'!ET13)*1.89 -> 20.79 | BH6: =('DJB Daily Readings'!EV14-'DJB Daily Readings'!EV13)*1.89 -> 17.01 | BI6: =('DJB Daily Readings'!EZ14-'DJB Daily Readings'!EZ13)*1.89 -> 24.57 | BJ6: =('DJB Daily Readings'!EX14-'DJB Daily Readings'!EX13)*1.89 -> 15.12 | BK6: =('DJB Daily Readings'!FB14-'DJB Daily Readings'!FB13)*1.89 -> 39.69 | BL6: ='DJB Daily Readings'!J14 -> 182 | BM6: ='DJB Daily Readings'!FF14 -> 117.182 | BN6: ='DJB Daily Readings'!FH14 -> 0 | BO6: ='DJB Daily Readings'!FJ14 -> 8 | BP6: ='DJB Daily Readings'!FL14 -> 4 | BQ6: ='DJB Daily Readings'!FN14 -> 4 | BR6: ='DJB Daily Readings'!FP14 -> 0.03 | BS6: ='DJB Daily Readings'!FR14 -> 108.3
A7: Dubai at Jumeirah Beach | B7: =B6+1 -> 6 | C7: 3 | D7: 2023 | E7: =237*0.89 -> 210.93 | F7: =319+35 -> 354 | G7: ='DJB Daily Readings'!C15-'DJB Daily Readings'!C14 -> 608 | H7: ='DJB Daily Readings'!F15-'DJB Daily Readings'!F14 -> 504 | I7: ='DJB Daily Readings'!L14 -> 210 | J7: ='DJB Daily Readings'!N14 -> 0 | K7: ='DJB Daily Readings'!O15-'DJB Daily Readings'!O14 -> 103 | L7: ='DJB Daily Readings'!R15-'DJB Daily Readings'!R14 -> 13 | M7: ='DJB Daily Readings'!U15-'DJB Daily Readings'!U14 -> 2215.52 | N7: ='DJB Daily Readings'!X15-'DJB Daily Readings'!X14 -> 4456.64 | O7: ='DJB Daily Readings'!AA15-'DJB Daily Readings'!AA14 -> 194.88 | P7: ='DJB Daily Readings'!AD15-'DJB Daily Readings'!AD14 -> 7792.72 | Q7: ='DJB Daily Readings'!AG15-'DJB Daily Readings'!AG14 -> 2143.68 | R7: ='DJB Daily Readings'!AJ15-'DJB Daily Readings'!AJ14 -> 6577.2 | S7: ='DJB Daily Readings'!AM15-'DJB Daily Readings'!AM14 -> 4628.4 | T7: ='DJB Daily Readings'!AP15-'DJB Daily Readings'!AP14 -> 4969.44 | U7: ='DJB Daily Readings'!AS15-'DJB Daily Readings'!AS14 -> 3605.28 | V7: ='DJB Daily Readings'!AV15-'DJB Daily Readings'!AV14 -> 6187.44 | W7: ='DJB Daily Readings'!AZ15-'DJB Daily Readings'!AZ14 -> 0 | X7: ='DJB Daily Readings'!BC15-'DJB Daily Readings'!BC14 -> 53200 | Y7: ='DJB Daily Readings'!BF15-'DJB Daily Readings'!BF14 -> 0 | Z7: =('DJB Daily Readings'!CK15-'DJB Daily Readings'!CK14)*1.89 -> 175.77 | AA7: =('DJB Daily Readings'!CN15-'DJB Daily Readings'!CN14)*1.89 -> 232.47 | AB7: =('DJB Daily Readings'!CQ15-'DJB Daily Readings'!CQ14)*1.89 -> 351.54 | AC7: ='DJB Daily Readings'!CT15-'DJB Daily Readings'!CT14 -> 207 | AD7: =('DJB Daily Readings'!BY15-'DJB Daily Readings'!BY14)*1.89 -> 39.69 | AE7: =('DJB Daily Readings'!CA15-'DJB Daily Readings'!CA14)*1.89 -> 43.47 | AF7: =('DJB Daily Readings'!CC15-'DJB Daily Readings'!CC14)*1.89 -> 18.9 | AG7: =('DJB Daily Readings'!CE15-'DJB Daily Readings'!CE14)*1.89 -> 18.9 | AH7: =('DJB Daily Readings'!CG15-'DJB Daily Readings'!CG14)*1.89 -> 37.8 | AI7: =('DJB Daily Readings'!CI15-'DJB Daily Readings'!CI14)*1.89 -> 79.38 | AJ7: ='DJB Daily Readings'!CY15-'DJB Daily Readings'!CY14 -> 5 | AK7: ='DJB Daily Readings'!CW15-'DJB Daily Readings'!CW14 -> 6 | AL7: ='DJB Daily Readings'!DC15-'DJB Daily Readings'!DC14 -> 16 | AM7: ='DJB Daily Readings'!DA15-'DJB Daily Readings'!DA14 -> 19 | AN7: ='DJB Daily Readings'!DG15-'DJB Daily Readings'!DG14 -> 5 | AO7: ='DJB Daily Readings'!DE15-'DJB Daily Readings'!DE14 -> 9 | AP7: ='DJB Daily Readings'!DK15-'DJB Daily Readings'!DK14 -> 5 | AQ7: ='DJB Daily Readings'!DI15-'DJB Daily Readings'!DI14 -> 9 | AR7: ='DJB Daily Readings'!DO15-'DJB Daily Readings'!DO14 -> 9 | AS7: ='DJB Daily Readings'!DM15-'DJB Daily Readings'!DM14 -> 4 | AT7: ='DJB Daily Readings'!DQ15-'DJB Daily Readings'!DQ14 -> 6 | AU7: =('DJB Daily Readings'!DT15-'DJB Daily Readings'!DT14)*100 -> 1190 | AV7: =('DJB Daily Readings'!DV15-'DJB Daily Readings'!DV14)*100 -> 810 | AW7: =('DJB Daily Readings'!DX15-'DJB Daily Readings'!DX14)*100 -> 720 | AX7: =('DJB Daily Readings'!DZ15-'DJB Daily Readings'!DZ14)*100 -> 690 | AY7: ='DJB Daily Readings'!EB15-'DJB Daily Readings'!EB14 -> 672 | AZ7: ='DJB Daily Readings'!ED15-'DJB Daily Readings'!ED14 -> 176.1 | BA7: ='DJB Daily Readings'!EG15-'DJB Daily Readings'!EG14 -> 4600 | BB7: ='DJB Daily Readings'!EI15-'DJB Daily Readings'!EI14 -> 310 | BC7: ='DJB Daily Readings'!EQ15-'DJB Daily Readings'!EQ14 -> 5400 | BD7: ='DJB Daily Readings'!EK15-'DJB Daily Readings'!EK14 -> 1200 | BE7: ='DJB Daily Readings'!EM15-'DJB Daily Readings'!EM14 -> 600 | BF7: ='DJB Daily Readings'!EO15-'DJB Daily Readings'!EO14 -> 720 | BG7: =('DJB Daily Readings'!ET15-'DJB Daily Readings'!ET14)*1.89 -> 39.69 | BH7: =('DJB Daily Readings'!EV15-'DJB Daily Readings'!EV14)*1.89 -> 24.57 | BI7: =('DJB Daily Readings'!EZ15-'DJB Daily Readings'!EZ14)*1.89 -> 24.57 | BJ7: =('DJB Daily Readings'!EX15-'DJB Daily Readings'!EX14)*1.89 -> 15.12 | BK7: =('DJB Daily Readings'!FB15-'DJB Daily Readings'!FB14)*1.89 -> 68.04 | BL7: ='DJB Daily Readings'!J15 -> 285 | BM7: ='DJB Daily Readings'!FF15 -> 162.1311 | BN7: ='DJB Daily Readings'!FH15 -> 10 | BO7: ='DJB Daily Readings'!FJ15 -> 7 | BP7: ='DJB Daily Readings'!FL15 -> 4 | BQ7: ='DJB Daily Readings'!FN15 -> 3 | BR7: ='DJB Daily Readings'!FP15 -> 1.232 | BS7: ='DJB Daily Readings'!FR15 -> 250
A8: Dubai at Jumeirah Beach | B8: =B7+1 -> 7 | C8: 3 | D8: 2023 | E8: =237*0.91 -> 215.67 | F8: =339+38 -> 377 | G8: ='DJB Daily Readings'!C16-'DJB Daily Readings'!C15 -> 618 | H8: ='DJB Daily Readings'!F16-'DJB Daily Readings'!F15 -> 390 | I8: ='DJB Daily Readings'!L15 -> 255 | J8: ='DJB Daily Readings'!N15 -> 0 | K8: ='DJB Daily Readings'!O16-'DJB Daily Readings'!O15 -> 103 | L8: ='DJB Daily Readings'!R16-'DJB Daily Readings'!R15 -> 16 | M8: ='DJB Daily Readings'!U16-'DJB Daily Readings'!U15 -> 2143.68 | N8: ='DJB Daily Readings'!X16-'DJB Daily Readings'!X15 -> 3800.16 | O8: ='DJB Daily Readings'!AA16-'DJB Daily Readings'!AA15 -> 8574.72 | P8: ='DJB Daily Readings'!AD16-'DJB Daily Readings'!AD15 -> 48.72 | Q8: ='DJB Daily Readings'!AG16-'DJB Daily Readings'!AG15 -> 682.08 | R8: ='DJB Daily Readings'!AJ16-'DJB Daily Readings'!AJ15 -> 4384.8 | S8: ='DJB Daily Readings'!AM16-'DJB Daily Readings'!AM15 -> 3069.36 | T8: ='DJB Daily Readings'!AP16-'DJB Daily Readings'!AP15 -> 3312.96 | U8: ='DJB Daily Readings'!AS16-'DJB Daily Readings'!AS15 -> 2387.28 | V8: ='DJB Daily Readings'!AV16-'DJB Daily Readings'!AV15 -> 4579.68 | W8: ='DJB Daily Readings'!AZ16-'DJB Daily Readings'!AZ15 -> 46000 | X8: ='DJB Daily Readings'!BC16-'DJB Daily Readings'!BC15 -> 2300 | Y8: ='DJB Daily Readings'!BF16-'DJB Daily Readings'!BF15 -> 6300 | Z8: =('DJB Daily Readings'!CK16-'DJB Daily Readings'!CK15)*1.89 -> 124.74 | AA8: =('DJB Daily Readings'!CN16-'DJB Daily Readings'!CN15)*1.89 -> 168.21 | AB8: =('DJB Daily Readings'!CQ16-'DJB Daily Readings'!CQ15)*1.89 -> 211.68 | AC8: ='DJB Daily Readings'!CT16-'DJB Daily Readings'!CT15 -> 147 | AD8: =('DJB Daily Readings'!BY16-'DJB Daily Readings'!BY15)*1.89 -> 30.24 | AE8: =('DJB Daily Readings'!CA16-'DJB Daily Readings'!CA15)*1.89 -> 35.91 | AF8: =('DJB Daily Readings'!CC16-'DJB Daily Readings'!CC15)*1.89 -> 11.34 | AG8: =('DJB Daily Readings'!CE16-'DJB Daily Readings'!CE15)*1.89 -> 15.12 | AH8: =('DJB Daily Readings'!CG16-'DJB Daily Readings'!CG15)*1.89 -> 18.9 | AI8: =('DJB Daily Readings'!CI16-'DJB Daily Readings'!CI15)*1.89 -> 54.81 | AJ8: ='DJB Daily Readings'!CY16-'DJB Daily Readings'!CY15 -> 8 | AK8: ='DJB Daily Readings'!CW16-'DJB Daily Readings'!CW15 -> 8 | AL8: ='DJB Daily Readings'!DC16-'DJB Daily Readings'!DC15 -> 14 | AM8: ='DJB Daily Readings'!DA16-'DJB Daily Readings'!DA15 -> 16 | AN8: ='DJB Daily Readings'!DG16-'DJB Daily Readings'!DG15 -> 5 | AO8: ='DJB Daily Readings'!DE16-'DJB Daily Readings'!DE15 -> 6 | AP8: ='DJB Daily Readings'!DK16-'DJB Daily Readings'!DK15 -> 7 | AQ8: ='DJB Daily Readings'!DI16-'DJB Daily Readings'!DI15 -> 8 | AR8: ='DJB Daily Readings'!DO16-'DJB Daily Readings'!DO15 -> 7 | AS8: ='DJB Daily Readings'!DM16-'DJB Daily Readings'!DM15 -> 4 | AT8: ='DJB Daily Readings'!DQ16-'DJB Daily Readings'!DQ15 -> 7 | AU8: =('DJB Daily Readings'!DT16-'DJB Daily Readings'!DT15)*100 -> 840 | AV8: =('DJB Daily Readings'!DV16-'DJB Daily Readings'!DV15)*100 -> 800 | AW8: =('DJB Daily Readings'!DX16-'DJB Daily Readings'!DX15)*100 -> 500 | AX8: =('DJB Daily Readings'!DZ16-'DJB Daily Readings'!DZ15)*100 -> 590 | AY8: ='DJB Daily Readings'!EB16-'DJB Daily Readings'!EB15 -> 465 | AZ8: ='DJB Daily Readings'!ED16-'DJB Daily Readings'!ED15 -> 123 | BA8: ='DJB Daily Readings'!EG16-'DJB Daily Readings'!EG15 -> 3200 | BB8: ='DJB Daily Readings'!EI16-'DJB Daily Readings'!EI15 -> 240 | BC8: ='DJB Daily Readings'!EQ16-'DJB Daily Readings'!EQ15 -> 4100 | BD8: ='DJB Daily Readings'!EK16-'DJB Daily Readings'!EK15 -> 800 | BE8: ='DJB Daily Readings'!EM16-'DJB Daily Readings'!EM15 -> 600 | BF8: ='DJB Daily Readings'!EO16-'DJB Daily Readings'!EO15 -> 360 | BG8: =('DJB Daily Readings'!ET16-'DJB Daily Readings'!ET15)*1.89 -> 26.46 | BH8: =('DJB Daily Readings'!EV16-'DJB Daily Readings'!EV15)*1.89 -> 15.12 | BI8: =('DJB Daily Readings'!EZ16-'DJB Daily Readings'!EZ15)*1.89 -> 24.57 | BJ8: =('DJB Daily Readings'!EX16-'DJB Daily Readings'!EX15)*1.89 -> 17.01 | BK8: =('DJB Daily Readings'!FB16-'DJB Daily Readings'!FB15)*1.89 -> 41.58 | BL8: ='DJB Daily Readings'!J16 -> 198 | BM8: ='DJB Daily Readings'!FF16 -> 148.7739 | BN8: ='DJB Daily Readings'!FH16 -> 4 | BO8: ='DJB Daily Readings'!FJ16 -> 4 | BP8: ='DJB Daily Readings'!FL16 -> 6 | BQ8: ='DJB Daily Readings'!FN16 -> 4 | BR8: ='DJB Daily Readings'!FP16 -> 1.228 | BS8: ='DJB Daily Readings'!FR16 -> 240
A9: Dubai at Jumeirah Beach | B9: =B8+1 -> 8 | C9: 3 | D9: 2023 | E9: =237*0.76 -> 180.12 | F9: =307+43 -> 350 | G9: ='DJB Daily Readings'!C17-'DJB Daily Readings'!C16 -> 627 | H9: ='DJB Daily Readings'!F17-'DJB Daily Readings'!F16 -> 480 | I9: ='DJB Daily Readings'!L16 -> 237 | J9: ='DJB Daily Readings'!N16 -> 0 | K9: ='DJB Daily Readings'!O17-'DJB Daily Readings'!O16 -> 112 | L9: ='DJB Daily Readings'!R17-'DJB Daily Readings'!R16 -> 16 | M9: ='DJB Daily Readings'!U17-'DJB Daily Readings'!U16 -> 2777.04 | N9: ='DJB Daily Readings'!X17-'DJB Daily Readings'!X16 -> 4677.12 | O9: ='DJB Daily Readings'!AA17-'DJB Daily Readings'!AA16 -> 10523.52 | P9: ='DJB Daily Readings'!AD17-'DJB Daily Readings'!AD16 -> 48.72 | Q9: ='DJB Daily Readings'!AG17-'DJB Daily Readings'!AG16 -> 925.68 | R9: ='DJB Daily Readings'!AJ17-'DJB Daily Readings'!AJ16 -> 5505.36 | S9: ='DJB Daily Readings'!AM17-'DJB Daily Readings'!AM16 -> 3897.6 | T9: ='DJB Daily Readings'!AP17-'DJB Daily Readings'!AP16 -> 4384.8 | U9: ='DJB Daily Readings'!AS17-'DJB Daily Readings'!AS16 -> 2971.92 | V9: ='DJB Daily Readings'!AV17-'DJB Daily Readings'!AV16 -> 5748.96 | W9: ='DJB Daily Readings'!AZ17-'DJB Daily Readings'!AZ16 -> 57400 | X9: ='DJB Daily Readings'!BC17-'DJB Daily Readings'!BC16 -> 0 | Y9: ='DJB Daily Readings'!BF17-'DJB Daily Readings'!BF16 -> 0 | Z9: =('DJB Daily Readings'!CK17-'DJB Daily Readings'!CK16)*1.89 -> 151.2 | AA9: =('DJB Daily Readings'!CN17-'DJB Daily Readings'!CN16)*1.89 -> 185.22 | AB9: =('DJB Daily Readings'!CQ17-'DJB Daily Readings'!CQ16)*1.89 -> 247.59 | AC9: ='DJB Daily Readings'!CT17-'DJB Daily Readings'!CT16 -> 176 | AD9: =('DJB Daily Readings'!BY17-'DJB Daily Readings'!BY16)*1.89 -> 26.46 | AE9: =('DJB Daily Readings'!CA17-'DJB Daily Readings'!CA16)*1.89 -> 35.91 | AF9: =('DJB Daily Readings'!CC17-'DJB Daily Readings'!CC16)*1.89 -> 11.34 | AG9: =('DJB Daily Readings'!CE17-'DJB Daily Readings'!CE16)*1.89 -> 15.12 | AH9: =('DJB Daily Readings'!CG17-'DJB Daily Readings'!CG16)*1.89 -> 28.35 | AI9: =('DJB Daily Readings'!CI17-'DJB Daily Readings'!CI16)*1.89 -> 66.15 | AJ9: ='DJB Daily Readings'!CY17-'DJB Daily Readings'!CY16 -> 5 | AK9: ='DJB Daily Readings'!CW17-'DJB Daily Readings'!CW16 -> 3 | AL9: ='DJB Daily Readings'!DC17-'DJB Daily Readings'!DC16 -> 17 | AM9: ='DJB Daily Readings'!DA17-'DJB Daily Readings'!DA16 -> 19 | AN9: ='DJB Daily Readings'!DG17-'DJB Daily Readings'!DG16 -> 6 | AO9: ='DJB Daily Readings'!DE17-'DJB Daily Readings'!DE16 -> 7 | AP9: ='DJB Daily Readings'!DK17-'DJB Daily Readings'!DK16 -> 12 | AQ9: ='DJB Daily Readings'!DI17-'DJB Daily Readings'!DI16 -> 8 | AR9: ='DJB Daily Readings'!DO17-'DJB Daily Readings'!DO16 -> 9 | AS9: ='DJB Daily Readings'!DM17-'DJB Daily Readings'!DM16 -> 4 | AT9: ='DJB Daily Readings'!DQ17-'DJB Daily Readings'!DQ16 -> 3 | AU9: =('DJB Daily Readings'!DT17-'DJB Daily Readings'!DT16)*100 -> 1120 | AV9: =('DJB Daily Readings'!DV17-'DJB Daily Readings'!DV16)*100 -> 860 | AW9: =('DJB Daily Readings'!DX17-'DJB Daily Readings'!DX16)*100 -> 640 | AX9: =('DJB Daily Readings'!DZ17-'DJB Daily Readings'!DZ16)*100 -> 670 | AY9: ='DJB Daily Readings'!EB17-'DJB Daily Readings'!EB16 -> 593 | AZ9: ='DJB Daily Readings'!ED17-'DJB Daily Readings'!ED16 -> 154.4 | BA9: ='DJB Daily Readings'!EG17-'DJB Daily Readings'!EG16 -> 4300 | BB9: ='DJB Daily Readings'!EI17-'DJB Daily Readings'!EI16 -> 300 | BC9: ='DJB Daily Readings'!EQ17-'DJB Daily Readings'!EQ16 -> 5400 | BD9: ='DJB Daily Readings'!EK17-'DJB Daily Readings'!EK16 -> 1100 | BE9: ='DJB Daily Readings'!EM17-'DJB Daily Readings'!EM16 -> 700 | BF9: ='DJB Daily Readings'!EO17-'DJB Daily Readings'!EO16 -> 570 | BG9: =('DJB Daily Readings'!ET17-'DJB Daily Readings'!ET16)*1.89 -> 30.24 | BH9: =('DJB Daily Readings'!EV17-'DJB Daily Readings'!EV16)*1.89 -> 20.79 | BI9: =('DJB Daily Readings'!EZ17-'DJB Daily Readings'!EZ16)*1.89 -> 30.24 | BJ9: =('DJB Daily Readings'!EX17-'DJB Daily Readings'!EX16)*1.89 -> 18.9 | BK9: =('DJB Daily Readings'!FB17-'DJB Daily Readings'!FB16)*1.89 -> 64.26 | BL9: ='DJB Daily Readings'!J17 -> 152 | BM9: ='DJB Daily Readings'!FF17 -> 92.602 | BN9: ='DJB Daily Readings'!FH17 -> 2 | BO9: ='DJB Daily Readings'!FJ17 -> 5 | BP9: ='DJB Daily Readings'!FL17 -> 6 | BQ9: ='DJB Daily Readings'!FN17 -> 4 | BR9: ='DJB Daily Readings'!FP17 -> 2.228 | BS9: ='DJB Daily Readings'!FR17 -> 277.1
A10: Dubai at Jumeirah Beach | B10: =B9+1 -> 9 | C10: 3 | D10: 2023 | E10: =237*0.86 -> 203.82 | F10: =309+35 -> 344 | G10: ='DJB Daily Readings'!C18-'DJB Daily Readings'!C17 -> 585 | H10: ='DJB Daily Readings'!F18-'DJB Daily Readings'!F17 -> 485 | I10: ='DJB Daily Readings'!L17 -> 148 | J10: ='DJB Daily Readings'!N17 -> 0 | K10: ='DJB Daily Readings'!O18-'DJB Daily Readings'!O17 -> 113 | L10: ='DJB Daily Readings'!R18-'DJB Daily Readings'!R17 -> 17 | M10: ='DJB Daily Readings'!U18-'DJB Daily Readings'!U17 -> 2728.32 | N10: ='DJB Daily Readings'!X18-'DJB Daily Readings'!X17 -> 4579.68 | O10: ='DJB Daily Readings'!AA18-'DJB Daily Readings'!AA17 -> 9987.6 | P10: ='DJB Daily Readings'!AD18-'DJB Daily Readings'!AD17 -> 48.72 | Q10: ='DJB Daily Readings'!AG18-'DJB Daily Readings'!AG17 -> 828.24 | R10: ='DJB Daily Readings'!AJ18-'DJB Daily Readings'!AJ17 -> 5456.64 | S10: ='DJB Daily Readings'!AM18-'DJB Daily Readings'!AM17 -> 3946.32 | T10: ='DJB Daily Readings'!AP18-'DJB Daily Readings'!AP17 -> 4238.64 | U10: ='DJB Daily Readings'!AS18-'DJB Daily Readings'!AS17 -> 2825.76 | V10: ='DJB Daily Readings'!AV18-'DJB Daily Readings'!AV17 -> 5407.92 | W10: ='DJB Daily Readings'!AZ18-'DJB Daily Readings'!AZ17 -> 56700 | X10: ='DJB Daily Readings'!BC18-'DJB Daily Readings'!BC17 -> 0 | Y10: ='DJB Daily Readings'!BF18-'DJB Daily Readings'!BF17 -> 0 | Z10: =('DJB Daily Readings'!CK18-'DJB Daily Readings'!CK17)*1.89 -> 154.98 | AA10: =('DJB Daily Readings'!CN18-'DJB Daily Readings'!CN17)*1.89 -> 213.57 | AB10: =('DJB Daily Readings'!CQ18-'DJB Daily Readings'!CQ17)*1.89 -> 283.5 | AC10: ='DJB Daily Readings'!CT18-'DJB Daily Readings'!CT17 -> 183 | AD10: =('DJB Daily Readings'!BY18-'DJB Daily Readings'!BY17)*1.89 -> 26.46 | AE10: =('DJB Daily Readings'!CA18-'DJB Daily Readings'!CA17)*1.89 -> 35.91 | AF10: =('DJB Daily Readings'!CC18-'DJB Daily Readings'!CC17)*1.89 -> 11.34 | AG10: =('DJB Daily Readings'!CE18-'DJB Daily Readings'!CE17)*1.89 -> 15.12 | AH10: =('DJB Daily Readings'!CG18-'DJB Daily Readings'!CG17)*1.89 -> 30.24 | AI10: =('DJB Daily Readings'!CI18-'DJB Daily Readings'!CI17)*1.89 -> 64.26 | AJ10: ='DJB Daily Readings'!CY18-'DJB Daily Readings'!CY17 -> 6 | AK10: ='DJB Daily Readings'!CW18-'DJB Daily Readings'!CW17 -> 3 | AL10: ='DJB Daily Readings'!DC18-'DJB Daily Readings'!DC17 -> 12 | AM10: ='DJB Daily Readings'!DA18-'DJB Daily Readings'!DA17 -> 17 | AN10: ='DJB Daily Readings'!DG18-'DJB Daily Readings'!DG17 -> 6 | AO10: ='DJB Daily Readings'!DE18-'DJB Daily Readings'!DE17 -> 8 | AP10: ='DJB Daily Readings'!DK18-'DJB Daily Readings'!DK17 -> 7 | AQ10: ='DJB Daily Readings'!DI18-'DJB Daily Readings'!DI17 -> 10 | AR10: ='DJB Daily Readings'!DO18-'DJB Daily Readings'!DO17 -> 8 | AS10: ='DJB Daily Readings'!DM18-'DJB Daily Readings'!DM17 -> 4 | AT10: ='DJB Daily Readings'!DQ18-'DJB Daily Readings'!DQ17 -> 3 | AU10: =('DJB Daily Readings'!DT18-'DJB Daily Readings'!DT17)*100 -> 1020 | AV10: =('DJB Daily Readings'!DV18-'DJB Daily Readings'!DV17)*100 -> 890 | AW10: =('DJB Daily Readings'!DX18-'DJB Daily Readings'!DX17)*100 -> 620 | AX10: =('DJB Daily Readings'!DZ18-'DJB Daily Readings'!DZ17)*100 -> 640 | AY10: ='DJB Daily Readings'!EB18-'DJB Daily Readings'!EB17 -> 628 | AZ10: ='DJB Daily Readings'!ED18-'DJB Daily Readings'!ED17 -> 150.5 | BA10: ='DJB Daily Readings'!EG18-'DJB Daily Readings'!EG17 -> 4000 | BB10: ='DJB Daily Readings'!EI18-'DJB Daily Readings'!EI17 -> 260 | BC10: ='DJB Daily Readings'!EQ18-'DJB Daily Readings'!EQ17 -> 5100 | BD10: ='DJB Daily Readings'!EK18-'DJB Daily Readings'!EK17 -> 1200 | BE10: ='DJB Daily Readings'!EM18-'DJB Daily Readings'!EM17 -> 500 | BF10: ='DJB Daily Readings'!EO18-'DJB Daily Readings'!EO17 -> 670 | BG10: =('DJB Daily Readings'!ET18-'DJB Daily Readings'!ET17)*1.89 -> 22.68 | BH10: =('DJB Daily Readings'!EV18-'DJB Daily Readings'!EV17)*1.89 -> 22.68 | BI10: =('DJB Daily Readings'!EZ18-'DJB Daily Readings'!EZ17)*1.89 -> 30.24 | BJ10: =('DJB Daily Readings'!EX18-'DJB Daily Readings'!EX17)*1.89 -> 17.01 | BK10: =('DJB Daily Readings'!FB18-'DJB Daily Readings'!FB17)*1.89 -> 60.48 | BL10: ='DJB Daily Readings'!J18 -> 270 | BM10: ='DJB Daily Readings'!FF18 -> 120.856 | BN10: ='DJB Daily Readings'!FH18 -> 9 | BO10: ='DJB Daily Readings'!FJ18 -> 6 | BP10: ='DJB Daily Readings'!FL18 -> 6 | BQ10: ='DJB Daily Readings'!FN18 -> 4 | BR10: ='DJB Daily Readings'!FP18 -> 2.022 | BS10: ='DJB Daily Readings'!FR18 -> 161.3
A11: Dubai at Jumeirah Beach | B11: =B10+1 -> 10 | C11: 3 | D11: 2023 | E11: =237*0.85 -> 201.45 | F11: =311+49 -> 360 | G11: ='DJB Daily Readings'!C19-'DJB Daily Readings'!C18 -> 681 | H11: ='DJB Daily Readings'!F19-'DJB Daily Readings'!F18 -> 523 | I11: ='DJB Daily Readings'!L18 -> 263 | J11: ='DJB Daily Readings'!N18 -> 0 | K11: ='DJB Daily Readings'!O19-'DJB Daily Readings'!O18 -> 103 | L11: ='DJB Daily Readings'!R19-'DJB Daily Readings'!R18 -> 10 | M11: ='DJB Daily Readings'!U19-'DJB Daily Readings'!U18 -> 2874.48 | N11: ='DJB Daily Readings'!X19-'DJB Daily Readings'!X18 -> 4628.4 | O11: ='DJB Daily Readings'!AA19-'DJB Daily Readings'!AA18 -> 7210.56 | P11: ='DJB Daily Readings'!AD19-'DJB Daily Readings'!AD18 -> 779.52 | Q11: ='DJB Daily Readings'!AG19-'DJB Daily Readings'!AG18 -> 2046.24 | R11: ='DJB Daily Readings'!AJ19-'DJB Daily Readings'!AJ18 -> 5602.8 | S11: ='DJB Daily Readings'!AM19-'DJB Daily Readings'!AM18 -> 4043.76 | T11: ='DJB Daily Readings'!AP19-'DJB Daily Readings'!AP18 -> 4530.96 | U11: ='DJB Daily Readings'!AS19-'DJB Daily Readings'!AS18 -> 2874.48 | V11: ='DJB Daily Readings'!AV19-'DJB Daily Readings'!AV18 -> 5554.08 | W11: ='DJB Daily Readings'!AZ19-'DJB Daily Readings'!AZ18 -> 43000 | X11: ='DJB Daily Readings'!BC19-'DJB Daily Readings'!BC18 -> 4000 | Y11: ='DJB Daily Readings'!BF19-'DJB Daily Readings'!BF18 -> 5700 | Z11: =('DJB Daily Readings'!CK19-'DJB Daily Readings'!CK18)*1.89 -> 153.09 | AA11: =('DJB Daily Readings'!CN19-'DJB Daily Readings'!CN18)*1.89 -> 224.91 | AB11: =('DJB Daily Readings'!CQ19-'DJB Daily Readings'!CQ18)*1.89 -> 381.78 | AC11: ='DJB Daily Readings'!CT19-'DJB Daily Readings'!CT18 -> 180 | AD11: =('DJB Daily Readings'!BY19-'DJB Daily Readings'!BY18)*1.89 -> 34.02 | AE11: =('DJB Daily Readings'!CA19-'DJB Daily Readings'!CA18)*1.89 -> 30.24 | AF11: =('DJB Daily Readings'!CC19-'DJB Daily Readings'!CC18)*1.89 -> 11.34 | AG11: =('DJB Daily Readings'!CE19-'DJB Daily Readings'!CE18)*1.89 -> 17.01 | AH11: =('DJB Daily Readings'!CG19-'DJB Daily Readings'!CG18)*1.89 -> 28.35 | AI11: =('DJB Daily Readings'!CI19-'DJB Daily Readings'!CI18)*1.89 -> 73.71 | AJ11: ='DJB Daily Readings'!CY19-'DJB Daily Readings'!CY18 -> 5 | AK11: ='DJB Daily Readings'!CW19-'DJB Daily Readings'!CW18 -> 3 | AL11: ='DJB Daily Readings'!DC19-'DJB Daily Readings'!DC18 -> 15 | AM11: ='DJB Daily Readings'!DA19-'DJB Daily Readings'!DA18 -> 19 | AN11: ='DJB Daily Readings'!DG19-'DJB Daily Readings'!DG18 -> 7 | AO11: ='DJB Daily Readings'!DE19-'DJB Daily Readings'!DE18 -> 8 | AP11: ='DJB Daily Readings'!DK19-'DJB Daily Readings'!DK18 -> 11 | AQ11: ='DJB Daily Readings'!DI19-'DJB Daily Readings'!DI18 -> 10 | AR11: ='DJB Daily Readings'!DO19-'DJB Daily Readings'!DO18 -> 9 | AS11: ='DJB Daily Readings'!DM19-'DJB Daily Readings'!DM18 -> 4 | AT11: ='DJB Daily Readings'!DQ19-'DJB Daily Readings'!DQ18 -> 3 | AU11: =('DJB Daily Readings'!DT19-'DJB Daily Readings'!DT18)*100 -> 1040 | AV11: =('DJB Daily Readings'!DV19-'DJB Daily Readings'!DV18)*100 -> 880 | AW11: =('DJB Daily Readings'!DX19-'DJB Daily Readings'!DX18)*100 -> 570 | AX11: =('DJB Daily Readings'!DZ19-'DJB Daily Readings'!DZ18)*100 -> 750 | AY11: ='DJB Daily Readings'!EB19-'DJB Daily Readings'!EB18 -> 645 | AZ11: ='DJB Daily Readings'!ED19-'DJB Daily Readings'!ED18 -> 151.4 | BA11: ='DJB Daily Readings'!EG19-'DJB Daily Readings'!EG18 -> 3500 | BB11: ='DJB Daily Readings'!EI19-'DJB Daily Readings'!EI18 -> 260 | BC11: ='DJB Daily Readings'!EQ19-'DJB Daily Readings'!EQ18 -> 4300 | BD11: ='DJB Daily Readings'!EK19-'DJB Daily Readings'!EK18 -> 1200 | BE11: ='DJB Daily Readings'!EM19-'DJB Daily Readings'!EM18 -> 600 | BF11: ='DJB Daily Readings'!EO19-'DJB Daily Readings'!EO18 -> 690 | BG11: =('DJB Daily Readings'!ET19-'DJB Daily Readings'!ET18)*1.89 -> 26.46 | BH11: =('DJB Daily Readings'!EV19-'DJB Daily Readings'!EV18)*1.89 -> 22.68 | BI11: =('DJB Daily Readings'!EZ19-'DJB Daily Readings'!EZ18)*1.89 -> 30.24 | BJ11: =('DJB Daily Readings'!EX19-'DJB Daily Readings'!EX18)*1.89 -> 22.68 | BK11: =('DJB Daily Readings'!FB19-'DJB Daily Readings'!FB18)*1.89 -> 66.15 | BL11: ='DJB Daily Readings'!J19 -> 275 | BM11: ='DJB Daily Readings'!FF19 -> 138.614 | BN11: ='DJB Daily Readings'!FH19 -> 9 | BO11: ='DJB Daily Readings'!FJ19 -> 6 | BP11: ='DJB Daily Readings'!FL19 -> 6 | BQ11: ='DJB Daily Readings'!FN19 -> 5 | BR11: ='DJB Daily Readings'!FP19 -> 0.04 | BS11: ='DJB Daily Readings'!FR19 -> 161.2
A12: Dubai at Jumeirah Beach | B12: =B11+1 -> 11 | C12: 3 | D12: 2023 | E12: =237*0.82 -> 194.34 | F12: =321+52 -> 373 | G12: ='DJB Daily Readings'!C20-'DJB Daily Readings'!C19 -> 673 | H12: ='DJB Daily Readings'!F20-'DJB Daily Readings'!F19 -> 511 | I12: ='DJB Daily Readings'!L19 -> 266 | J12: ='DJB Daily Readings'!N19 -> 0 | K12: ='DJB Daily Readings'!O20-'DJB Daily Readings'!O19 -> 109 | L12: ='DJB Daily Readings'!R20-'DJB Daily Readings'!R19 -> 15 | M12: ='DJB Daily Readings'!U20-'DJB Daily Readings'!U19 -> 2923.2 | N12: ='DJB Daily Readings'!X20-'DJB Daily Readings'!X19 -> 4872 | O12: ='DJB Daily Readings'!AA20-'DJB Daily Readings'!AA19 -> 1656.48 | P12: ='DJB Daily Readings'!AD20-'DJB Daily Readings'!AD19 -> 876.96 | Q12: ='DJB Daily Readings'!AG20-'DJB Daily Readings'!AG19 -> 9451.68 | R12: ='DJB Daily Readings'!AJ20-'DJB Daily Readings'!AJ19 -> 5651.52 | S12: ='DJB Daily Readings'!AM20-'DJB Daily Readings'!AM19 -> 4092.48 | T12: ='DJB Daily Readings'!AP20-'DJB Daily Readings'!AP19 -> 4628.4 | U12: ='DJB Daily Readings'!AS20-'DJB Daily Readings'!AS19 -> 3069.36 | V12: ='DJB Daily Readings'!AV20-'DJB Daily Readings'!AV19 -> 6041.28 | W12: ='DJB Daily Readings'!AZ20-'DJB Daily Readings'!AZ19 -> 5700 | X12: ='DJB Daily Readings'!BC20-'DJB Daily Readings'!BC19 -> 0 | Y12: ='DJB Daily Readings'!BF20-'DJB Daily Readings'!BF19 -> 50200 | Z12: =('DJB Daily Readings'!CK20-'DJB Daily Readings'!CK19)*1.89 -> 154.98 | AA12: =('DJB Daily Readings'!CN20-'DJB Daily Readings'!CN19)*1.89 -> 215.46 | AB12: =('DJB Daily Readings'!CQ20-'DJB Daily Readings'!CQ19)*1.89 -> 240.03 | AC12: ='DJB Daily Readings'!CT20-'DJB Daily Readings'!CT19 -> 182 | AD12: =('DJB Daily Readings'!BY20-'DJB Daily Readings'!BY19)*1.89 -> 34.02 | AE12: =('DJB Daily Readings'!CA20-'DJB Daily Readings'!CA19)*1.89 -> 39.69 | AF12: =('DJB Daily Readings'!CC20-'DJB Daily Readings'!CC19)*1.89 -> 13.23 | AG12: =('DJB Daily Readings'!CE20-'DJB Daily Readings'!CE19)*1.89 -> 18.9 | AH12: =('DJB Daily Readings'!CG20-'DJB Daily Readings'!CG19)*1.89 -> 30.24 | AI12: =('DJB Daily Readings'!CI20-'DJB Daily Readings'!CI19)*1.89 -> 66.15 | AJ12: ='DJB Daily Readings'!CY20-'DJB Daily Readings'!CY19 -> 3 | AK12: ='DJB Daily Readings'!CW20-'DJB Daily Readings'!CW19 -> 3 | AL12: ='DJB Daily Readings'!DC20-'DJB Daily Readings'!DC19 -> 13 | AM12: ='DJB Daily Readings'!DA20-'DJB Daily Readings'!DA19 -> 19 | AN12: ='DJB Daily Readings'!DG20-'DJB Daily Readings'!DG19 -> 5 | AO12: ='DJB Daily Readings'!DE20-'DJB Daily Readings'!DE19 -> 9 | AP12: ='DJB Daily Readings'!DK20-'DJB Daily Readings'!DK19 -> 9 | AQ12: ='DJB Daily Readings'!DI20-'DJB Daily Readings'!DI19 -> 9 | AR12: ='DJB Daily Readings'!DO20-'DJB Daily Readings'!DO19 -> 11 | AS12: ='DJB Daily Readings'!DM20-'DJB Daily Readings'!DM19 -> 5 | AT12: ='DJB Daily Readings'!DQ20-'DJB Daily Readings'!DQ19 -> 4 | AU12: =('DJB Daily Readings'!DT20-'DJB Daily Readings'!DT19)*100 -> 1090 | AV12: =('DJB Daily Readings'!DV20-'DJB Daily Readings'!DV19)*100 -> 890 | AW12: =('DJB Daily Readings'!DX20-'DJB Daily Readings'!DX19)*100 -> 600 | AX12: =('DJB Daily Readings'!DZ20-'DJB Daily Readings'!DZ19)*100 -> 740 | AY12: ='DJB Daily Readings'!EB20-'DJB Daily Readings'!EB19 -> 685 | AZ12: ='DJB Daily Readings'!ED20-'DJB Daily Readings'!ED19 -> 152.3 | BA12: ='DJB Daily Readings'!EG20-'DJB Daily Readings'!EG19 -> 4300 | BB12: ='DJB Daily Readings'!EI20-'DJB Daily Readings'!EI19 -> 300 | BC12: ='DJB Daily Readings'!EQ20-'DJB Daily Readings'!EQ19 -> 5000 | BD12: ='DJB Daily Readings'!EK20-'DJB Daily Readings'!EK19 -> 1300 | BE12: ='DJB Daily Readings'!EM20-'DJB Daily Readings'!EM19 -> 500 | BF12: ='DJB Daily Readings'!EO20-'DJB Daily Readings'!EO19 -> 790 | BG12: =('DJB Daily Readings'!ET20-'DJB Daily Readings'!ET19)*1.89 -> 30.24 | BH12: =('DJB Daily Readings'!EV20-'DJB Daily Readings'!EV19)*1.89 -> 22.68 | BI12: =('DJB Daily Readings'!EZ20-'DJB Daily Readings'!EZ19)*1.89 -> 32.13 | BJ12: =('DJB Daily Readings'!EX20-'DJB Daily Readings'!EX19)*1.89 -> 24.57 | BK12: =('DJB Daily Readings'!FB20-'DJB Daily Readings'!FB19)*1.89 -> 69.93 | BL12: ='DJB Daily Readings'!J20 -> 307 | BM12: ='DJB Daily Readings'!FF20 -> 142.086 | BN12: ='DJB Daily Readings'!FH20 -> 8 | BO12: ='DJB Daily Readings'!FJ20 -> 8 | BP12: ='DJB Daily Readings'!FL20 -> 6 | BQ12: ='DJB Daily Readings'!FN20 -> 4 | BR12: ='DJB Daily Readings'!FP20 -> 0.6 | BS12: ='DJB Daily Readings'!FR20 -> 249.5
A13: Dubai at Jumeirah Beach | B13: =B12+1 -> 12 | C13: 3 | D13: 2023 | E13: =237*0.76 -> 180.12 | F13: =298+41 -> 339 | G13: ='DJB Daily Readings'!C21-'DJB Daily Readings'!C20 -> 684 | H13: ='DJB Daily Readings'!F21-'DJB Daily Readings'!F20 -> 506 | I13: ='DJB Daily Readings'!L20 -> 267 | J13: ='DJB Daily Readings'!N20 -> 0 | K13: ='DJB Daily Readings'!O21-'DJB Daily Readings'!O20 -> 119 | L13: ='DJB Daily Readings'!R21-'DJB Daily Readings'!R20 -> 15 | M13: ='DJB Daily Readings'!U21-'DJB Daily Readings'!U20 -> 2630.88 | N13: ='DJB Daily Readings'!X21-'DJB Daily Readings'!X20 -> 4530.96 | O13: ='DJB Daily Readings'!AA21-'DJB Daily Readings'!AA20 -> 9061.92 | P13: ='DJB Daily Readings'!AD21-'DJB Daily Readings'!AD20 -> 2094.96 | Q13: ='DJB Daily Readings'!AG21-'DJB Daily Readings'!AG20 -> 0 | R13: ='DJB Daily Readings'!AJ21-'DJB Daily Readings'!AJ20 -> 5261.76 | S13: ='DJB Daily Readings'!AM21-'DJB Daily Readings'!AM20 -> 3946.32 | T13: ='DJB Daily Readings'!AP21-'DJB Daily Readings'!AP20 -> 4433.52 | U13: ='DJB Daily Readings'!AS21-'DJB Daily Readings'!AS20 -> 2971.92 | V13: ='DJB Daily Readings'!AV21-'DJB Daily Readings'!AV20 -> 5407.92 | W13: ='DJB Daily Readings'!AZ21-'DJB Daily Readings'!AZ20 -> 55400 | X13: ='DJB Daily Readings'!BC21-'DJB Daily Readings'!BC20 -> 5400 | Y13: ='DJB Daily Readings'!BF21-'DJB Daily Readings'!BF20 -> 0 | Z13: =('DJB Daily Readings'!CK21-'DJB Daily Readings'!CK20)*1.89 -> 153.09 | AA13: =('DJB Daily Readings'!CN21-'DJB Daily Readings'!CN20)*1.89 -> 221.13 | AB13: =('DJB Daily Readings'!CQ21-'DJB Daily Readings'!CQ20)*1.89 -> 221.13 | AC13: ='DJB Daily Readings'!CT21-'DJB Daily Readings'!CT20 -> 178 | AD13: =('DJB Daily Readings'!BY21-'DJB Daily Readings'!BY20)*1.89 -> 32.13 | AE13: =('DJB Daily Readings'!CA21-'DJB Daily Readings'!CA20)*1.89 -> 39.69 | AF13: =('DJB Daily Readings'!CC21-'DJB Daily Readings'!CC20)*1.89 -> 11.34 | AG13: =('DJB Daily Readings'!CE21-'DJB Daily Readings'!CE20)*1.89 -> 17.01 | AH13: =('DJB Daily Readings'!CG21-'DJB Daily Readings'!CG20)*1.89 -> 28.35 | AI13: =('DJB Daily Readings'!CI21-'DJB Daily Readings'!CI20)*1.89 -> 71.82 | AJ13: ='DJB Daily Readings'!CY21-'DJB Daily Readings'!CY20 -> 3 | AK13: ='DJB Daily Readings'!CW21-'DJB Daily Readings'!CW20 -> 3 | AL13: ='DJB Daily Readings'!DC21-'DJB Daily Readings'!DC20 -> 18 | AM13: ='DJB Daily Readings'!DA21-'DJB Daily Readings'!DA20 -> 21 | AN13: ='DJB Daily Readings'!DG21-'DJB Daily Readings'!DG20 -> 7 | AO13: ='DJB Daily Readings'!DE21-'DJB Daily Readings'!DE20 -> 8 | AP13: ='DJB Daily Readings'!DK21-'DJB Daily Readings'!DK20 -> 15 | AQ13: ='DJB Daily Readings'!DI21-'DJB Daily Readings'!DI20 -> 11 | AR13: ='DJB Daily Readings'!DO21-'DJB Daily Readings'!DO20 -> 10 | AS13: ='DJB Daily Readings'!DM21-'DJB Daily Readings'!DM20 -> 4 | AT13: ='DJB Daily Readings'!DQ21-'DJB Daily Readings'!DQ20 -> 9 | AU13: =('DJB Daily Readings'!DT21-'DJB Daily Readings'!DT20)*100 -> 1260 | AV13: =('DJB Daily Readings'!DV21-'DJB Daily Readings'!DV20)*100 -> 850 | AW13: =('DJB Daily Readings'!DX21-'DJB Daily Readings'!DX20)*100 -> 710 | AX13: =('DJB Daily Readings'!DZ21-'DJB Daily Readings'!DZ20)*100 -> 760 | AY13: ='DJB Daily Readings'!EB21-'DJB Daily Readings'!EB20 -> 635 | AZ13: ='DJB Daily Readings'!ED21-'DJB Daily Readings'!ED20 -> 175.5 | BA13: ='DJB Daily Readings'!EG21-'DJB Daily Readings'!EG20 -> 3700 | BB13: ='DJB Daily Readings'!EI21-'DJB Daily Readings'!EI20 -> 260 | BC13: ='DJB Daily Readings'!EQ21-'DJB Daily Readings'!EQ20 -> 4900 | BD13: ='DJB Daily Readings'!EK21-'DJB Daily Readings'!EK20 -> 1200 | BE13: ='DJB Daily Readings'!EM21-'DJB Daily Readings'!EM20 -> 500 | BF13: ='DJB Daily Readings'!EO21-'DJB Daily Readings'!EO20 -> 670 | BG13: =('DJB Daily Readings'!ET21-'DJB Daily Readings'!ET20)*1.89 -> 26.46 | BH13: =('DJB Daily Readings'!EV21-'DJB Daily Readings'!EV20)*1.89 -> 22.68 | BI13: =('DJB Daily Readings'!EZ21-'DJB Daily Readings'!EZ20)*1.89 -> 28.35 | BJ13: =('DJB Daily Readings'!EX21-'DJB Daily Readings'!EX20)*1.89 -> 22.68 | BK13: =('DJB Daily Readings'!FB21-'DJB Daily Readings'!FB20)*1.89 -> 60.48 | BL13: ='DJB Daily Readings'!J21 -> 255 | BM13: ='DJB Daily Readings'!FF21 -> 139.825 | BN13: ='DJB Daily Readings'!FH21 -> 7 | BO13: ='DJB Daily Readings'!FJ21 -> 4 | BP13: ='DJB Daily Readings'!FL21 -> 6 | BQ13: ='DJB Daily Readings'!FN21 -> 5 | BR13: ='DJB Daily Readings'!FP21 -> 0.05 | BS13: ='DJB Daily Readings'!FR21 -> 329.3
A14: Dubai at Jumeirah Beach | B14: =B13+1 -> 13 | C14: 3 | D14: 2023 | E14: =237*0.83 -> 196.71 | F14: =308+40 -> 348 | G14: ='DJB Daily Readings'!C22-'DJB Daily Readings'!C21 -> 624 | H14: ='DJB Daily Readings'!F22-'DJB Daily Readings'!F21 -> 467 | I14: ='DJB Daily Readings'!L21 -> 269 | J14: ='DJB Daily Readings'!N21 -> 0 | K14: ='DJB Daily Readings'!O22-'DJB Daily Readings'!O21 -> 116 | L14: ='DJB Daily Readings'!R22-'DJB Daily Readings'!R21 -> 9 | M14: ='DJB Daily Readings'!U22-'DJB Daily Readings'!U21 -> 2777.04 | N14: ='DJB Daily Readings'!X22-'DJB Daily Readings'!X21 -> 4579.68 | O14: ='DJB Daily Readings'!AA22-'DJB Daily Readings'!AA21 -> 0 | P14: ='DJB Daily Readings'!AD22-'DJB Daily Readings'!AD21 -> 9500.4 | Q14: ='DJB Daily Readings'!AG22-'DJB Daily Readings'!AG21 -> 1412.88 | R14: ='DJB Daily Readings'!AJ22-'DJB Daily Readings'!AJ21 -> 5505.36 | S14: ='DJB Daily Readings'!AM22-'DJB Daily Readings'!AM21 -> 3800.16 | T14: ='DJB Daily Readings'!AP22-'DJB Daily Readings'!AP21 -> 4628.4 | U14: ='DJB Daily Readings'!AS22-'DJB Daily Readings'!AS21 -> 2728.32 | V14: ='DJB Daily Readings'!AV22-'DJB Daily Readings'!AV21 -> 5554.08 | W14: ='DJB Daily Readings'!AZ22-'DJB Daily Readings'!AZ21 -> 0 | X14: ='DJB Daily Readings'!BC22-'DJB Daily Readings'!BC21 -> 51900 | Y14: ='DJB Daily Readings'!BF22-'DJB Daily Readings'!BF21 -> 5900 | Z14: =('DJB Daily Readings'!CK22-'DJB Daily Readings'!CK21)*1.89 -> 153.09 | AA14: =('DJB Daily Readings'!CN22-'DJB Daily Readings'!CN21)*1.89 -> 181.44 | AB14: =('DJB Daily Readings'!CQ22-'DJB Daily Readings'!CQ21)*1.89 -> 308.07 | AC14: ='DJB Daily Readings'!CT22-'DJB Daily Readings'!CT21 -> 179 | AD14: =('DJB Daily Readings'!BY22-'DJB Daily Readings'!BY21)*1.89 -> 30.24 | AE14: =('DJB Daily Readings'!CA22-'DJB Daily Readings'!CA21)*1.89 -> 35.91 | AF14: =('DJB Daily Readings'!CC22-'DJB Daily Readings'!CC21)*1.89 -> 13.23 | AG14: =('DJB Daily Readings'!CE22-'DJB Daily Readings'!CE21)*1.89 -> 18.9 | AH14: =('DJB Daily Readings'!CG22-'DJB Daily Readings'!CG21)*1.89 -> 28.35 | AI14: =('DJB Daily Readings'!CI22-'DJB Daily Readings'!CI21)*1.89 -> 71.82 | AJ14: ='DJB Daily Readings'!CY22-'DJB Daily Readings'!CY21 -> 3 | AK14: ='DJB Daily Readings'!CW22-'DJB Daily Readings'!CW21 -> 3 | AL14: ='DJB Daily Readings'!DC22-'DJB Daily Readings'!DC21 -> 14 | AM14: ='DJB Daily Readings'!DA22-'DJB Daily Readings'!DA21 -> 17 | AN14: ='DJB Daily Readings'!DG22-'DJB Daily Readings'!DG21 -> 5 | AO14: ='DJB Daily Readings'!DE22-'DJB Daily Readings'!DE21 -> 7 | AP14: ='DJB Daily Readings'!DK22-'DJB Daily Readings'!DK21 -> 8 | AQ14: ='DJB Daily Readings'!DI22-'DJB Daily Readings'!DI21 -> 8 | AR14: ='DJB Daily Readings'!DO22-'DJB Daily Readings'!DO21 -> 8 | AS14: ='DJB Daily Readings'!DM22-'DJB Daily Readings'!DM21 -> 4 | AT14: ='DJB Daily Readings'!DQ22-'DJB Daily Readings'!DQ21 -> 6 | AU14: =('DJB Daily Readings'!DT22-'DJB Daily Readings'!DT21)*100 -> 870 | AV14: =('DJB Daily Readings'!DV22-'DJB Daily Readings'!DV21)*100 -> 840 | AW14: =('DJB Daily Readings'!DX22-'DJB Daily Readings'!DX21)*100 -> 450 | AX14: =('DJB Daily Readings'!DZ22-'DJB Daily Readings'!DZ21)*100 -> 650 | AY14: ='DJB Daily Readings'!EB22-'DJB Daily Readings'!EB21 -> 600 | AZ14: ='DJB Daily Readings'!ED22-'DJB Daily Readings'!ED21 -> 125.7 | BA14: ='DJB Daily Readings'!EG22-'DJB Daily Readings'!EG21 -> 4000 | BB14: ='DJB Daily Readings'!EI22-'DJB Daily Readings'!EI21 -> 280 | BC14: ='DJB Daily Readings'!EQ22-'DJB Daily Readings'!EQ21 -> 5600 | BD14: ='DJB Daily Readings'!EK22-'DJB Daily Readings'!EK21 -> 1300 | BE14: ='DJB Daily Readings'!EM22-'DJB Daily Readings'!EM21 -> 600 | BF14: ='DJB Daily Readings'!EO22-'DJB Daily Readings'!EO21 -> 680 | BG14: =('DJB Daily Readings'!ET22-'DJB Daily Readings'!ET21)*1.89 -> 28.35 | BH14: =('DJB Daily Readings'!EV22-'DJB Daily Readings'!EV21)*1.89 -> 20.79 | BI14: =('DJB Daily Readings'!EZ22-'DJB Daily Readings'!EZ21)*1.89 -> 26.46 | BJ14: =('DJB Daily Readings'!EX22-'DJB Daily Readings'!EX21)*1.89 -> 17.01 | BK14: =('DJB Daily Readings'!FB22-'DJB Daily Readings'!FB21)*1.89 -> 54.81 | BL14: ='DJB Daily Readings'!J22 -> 291 | BM14: ='DJB Daily Readings'!FF22 -> 116.864 | BN14: ='DJB Daily Readings'!FH22 -> 5 | BO14: ='DJB Daily Readings'!FJ22 -> 7 | BP14: ='DJB Daily Readings'!FL22 -> 6 | BQ14: ='DJB Daily Readings'!FN22 -> 4 | BR14: ='DJB Daily Readings'!FP22 -> 0.02 | BS14: ='DJB Daily Readings'!FR22 -> 211.2
A15: Dubai at Jumeirah Beach | B15: =B14+1 -> 14 | C15: 3 | D15: 2023 | E15: =237*0.78 -> 184.86 | F15: =296+28 -> 324 | G15: ='DJB Daily Readings'!C23-'DJB Daily Readings'!C22 -> 626 | H15: ='DJB Daily Readings'!F23-'DJB Daily Readings'!F22 -> 445 | I15: ='DJB Daily Readings'!L22 -> 269 | J15: ='DJB Daily Readings'!N22 -> 0 | K15: ='DJB Daily Readings'!O23-'DJB Daily Readings'!O22 -> 115 | L15: ='DJB Daily Readings'!R23-'DJB Daily Readings'!R22 -> 12 | M15: ='DJB Daily Readings'!U23-'DJB Daily Readings'!U22 -> 2728.32 | N15: ='DJB Daily Readings'!X23-'DJB Daily Readings'!X22 -> 4677.12 | O15: ='DJB Daily Readings'!AA23-'DJB Daily Readings'!AA22 -> 1412.88 | P15: ='DJB Daily Readings'!AD23-'DJB Daily Readings'!AD22 -> 682.08 | Q15: ='DJB Daily Readings'!AG23-'DJB Daily Readings'!AG22 -> 9354.24 | R15: ='DJB Daily Readings'!AJ23-'DJB Daily Readings'!AJ22 -> 5505.36 | S15: ='DJB Daily Readings'!AM23-'DJB Daily Readings'!AM22 -> 3654 | T15: ='DJB Daily Readings'!AP23-'DJB Daily Readings'!AP22 -> 4287.36 | U15: ='DJB Daily Readings'!AS23-'DJB Daily Readings'!AS22 -> 3020.64 | V15: ='DJB Daily Readings'!AV23-'DJB Daily Readings'!AV22 -> 5310.48 | W15: ='DJB Daily Readings'!AZ23-'DJB Daily Readings'!AZ22 -> 6000 | X15: ='DJB Daily Readings'!BC23-'DJB Daily Readings'!BC22 -> 0 | Y15: ='DJB Daily Readings'!BF23-'DJB Daily Readings'!BF22 -> 53200 | Z15: =('DJB Daily Readings'!CK23-'DJB Daily Readings'!CK22)*1.89 -> 151.2 | AA15: =('DJB Daily Readings'!CN23-'DJB Daily Readings'!CN22)*1.89 -> 217.35 | AB15: =('DJB Daily Readings'!CQ23-'DJB Daily Readings'!CQ22)*1.89 -> 181.44 | AC15: ='DJB Daily Readings'!CT23-'DJB Daily Readings'!CT22 -> 177 | AD15: =('DJB Daily Readings'!BY23-'DJB Daily Readings'!BY22)*1.89 -> 28.35 | AE15: =('DJB Daily Readings'!CA23-'DJB Daily Readings'!CA22)*1.89 -> 37.8 | AF15: =('DJB Daily Readings'!CC23-'DJB Daily Readings'!CC22)*1.89 -> 11.34 | AG15: =('DJB Daily Readings'!CE23-'DJB Daily Readings'!CE22)*1.89 -> 18.9 | AH15: =('DJB Daily Readings'!CG23-'DJB Daily Readings'!CG22)*1.89 -> 20.79 | AI15: =('DJB Daily Readings'!CI23-'DJB Daily Readings'!CI22)*1.89 -> 68.04 | AJ15: ='DJB Daily Readings'!CY23-'DJB Daily Readings'!CY22 -> 3 | AK15: ='DJB Daily Readings'!CW23-'DJB Daily Readings'!CW22 -> 3 | AL15: ='DJB Daily Readings'!DC23-'DJB Daily Readings'!DC22 -> 13 | AM15: ='DJB Daily Readings'!DA23-'DJB Daily Readings'!DA22 -> 17 | AN15: ='DJB Daily Readings'!DG23-'DJB Daily Readings'!DG22 -> 6 | AO15: ='DJB Daily Readings'!DE23-'DJB Daily Readings'!DE22 -> 8 | AP15: ='DJB Daily Readings'!DK23-'DJB Daily Readings'!DK22 -> 7 | AQ15: ='DJB Daily Readings'!DI23-'DJB Daily Readings'!DI22 -> 10 | AR15: ='DJB Daily Readings'!DO23-'DJB Daily Readings'!DO22 -> 8 | AS15: ='DJB Daily Readings'!DM23-'DJB Daily Readings'!DM22 -> 4 | AT15: ='DJB Daily Readings'!DQ23-'DJB Daily Readings'!DQ22 -> 7 | AU15: =('DJB Daily Readings'!DT23-'DJB Daily Readings'!DT22)*100 -> 990 | AV15: =('DJB Daily Readings'!DV23-'DJB Daily Readings'!DV22)*100 -> 820 | AW15: =('DJB Daily Readings'!DX23-'DJB Daily Readings'!DX22)*100 -> 530 | AX15: =('DJB Daily Readings'!DZ23-'DJB Daily Readings'!DZ22)*100 -> 680 | AY15: ='DJB Daily Readings'!EB23-'DJB Daily Readings'!EB22 -> 586 | AZ15: ='DJB Daily Readings'!ED23-'DJB Daily Readings'!ED22 -> 150.4 | BA15: ='DJB Daily Readings'!EG23-'DJB Daily Readings'!EG22 -> 3900 | BB15: ='DJB Daily Readings'!EI23-'DJB Daily Readings'!EI22 -> 280 | BC15: ='DJB Daily Readings'!EQ23-'DJB Daily Readings'!EQ22 -> 5700 | BD15: ='DJB Daily Readings'!EK23-'DJB Daily Readings'!EK22 -> 1200 | BE15: ='DJB Daily Readings'!EM23-'DJB Daily Readings'!EM22 -> 500 | BF15: ='DJB Daily Readings'!EO23-'DJB Daily Readings'!EO22 -> 640 | BG15: =('DJB Daily Readings'!ET23-'DJB Daily Readings'!ET22)*1.89 -> 28.35 | BH15: =('DJB Daily Readings'!EV23-'DJB Daily Readings'!EV22)*1.89 -> 20.79 | BI15: =('DJB Daily Readings'!EZ23-'DJB Daily Readings'!EZ22)*1.89 -> 30.24 | BJ15: =('DJB Daily Readings'!EX23-'DJB Daily Readings'!EX22)*1.89 -> 18.9 | BK15: =('DJB Daily Readings'!FB23-'DJB Daily Readings'!FB22)*1.89 -> 56.7 | BL15: ='DJB Daily Readings'!J23 -> 213 | BM15: ='DJB Daily Readings'!FF23 -> 132.223 | BN15: ='DJB Daily Readings'!FH23 -> 0 | BO15: ='DJB Daily Readings'!FJ23 -> 5 | BP15: ='DJB Daily Readings'!FL23 -> 6 | BQ15: ='DJB Daily Readings'!FN23 -> 4 | BR15: ='DJB Daily Readings'!FP23 -> 0.03 | BS15: ='DJB Daily Readings'!FR23 -> 238.1
A16: Dubai at Jumeirah Beach | B16: =B15+1 -> 15 | C16: 3 | D16: 2023 | E16: =237*0.93 -> 220.41 | F16: =342+31 -> 373 | G16: ='DJB Daily Readings'!C24-'DJB Daily Readings'!C23 -> 639 | H16: ='DJB Daily Readings'!F24-'DJB Daily Readings'!F23 -> 477 | I16: ='DJB Daily Readings'!L23 -> 259 | J16: ='DJB Daily Readings'!N23 -> 0 | K16: ='DJB Daily Readings'!O24-'DJB Daily Readings'!O23 -> 116 | L16: ='DJB Daily Readings'!R24-'DJB Daily Readings'!R23 -> 18 | M16: ='DJB Daily Readings'!U24-'DJB Daily Readings'!U23 -> 2777.04 | N16: ='DJB Daily Readings'!X24-'DJB Daily Readings'!X23 -> 4872 | O16: ='DJB Daily Readings'!AA24-'DJB Daily Readings'!AA23 -> 9451.68 | P16: ='DJB Daily Readings'!AD24-'DJB Daily Readings'!AD23 -> 2387.28 | Q16: ='DJB Daily Readings'!AG24-'DJB Daily Readings'!AG23 -> 292.32 | R16: ='DJB Daily Readings'!AJ24-'DJB Daily Readings'!AJ23 -> 5651.52 | S16: ='DJB Daily Readings'!AM24-'DJB Daily Readings'!AM23 -> 3848.88 | T16: ='DJB Daily Readings'!AP24-'DJB Daily Readings'!AP23 -> 4530.96 | U16: ='DJB Daily Readings'!AS24-'DJB Daily Readings'!AS23 -> 2971.92 | V16: ='DJB Daily Readings'!AV24-'DJB Daily Readings'!AV23 -> 5651.52 | W16: ='DJB Daily Readings'!AZ24-'DJB Daily Readings'!AZ23 -> 57000 | X16: ='DJB Daily Readings'!BC24-'DJB Daily Readings'!BC23 -> 5500 | Y16: ='DJB Daily Readings'!BF24-'DJB Daily Readings'!BF23 -> 0 | Z16: =('DJB Daily Readings'!CK24-'DJB Daily Readings'!CK23)*1.89 -> 175.77 | AA16: =('DJB Daily Readings'!CN24-'DJB Daily Readings'!CN23)*1.89 -> 219.24 | AB16: =('DJB Daily Readings'!CQ24-'DJB Daily Readings'!CQ23)*1.89 -> 249.48 | AC16: ='DJB Daily Readings'!CT24-'DJB Daily Readings'!CT23 -> 194 | AD16: =('DJB Daily Readings'!BY24-'DJB Daily Readings'!BY23)*1.89 -> 28.35 | AE16: =('DJB Daily Readings'!CA24-'DJB Daily Readings'!CA23)*1.89 -> 39.69 | AF16: =('DJB Daily Readings'!CC24-'DJB Daily Readings'!CC23)*1.89 -> 15.12 | AG16: =('DJB Daily Readings'!CE24-'DJB Daily Readings'!CE23)*1.89 -> 17.01 | AH16: =('DJB Daily Readings'!CG24-'DJB Daily Readings'!CG23)*1.89 -> 20.79 | AI16: =('DJB Daily Readings'!CI24-'DJB Daily Readings'!CI23)*1.89 -> 69.93 | AJ16: ='DJB Daily Readings'!CY24-'DJB Daily Readings'!CY23 -> 5 | AK16: ='DJB Daily Readings'!CW24-'DJB Daily Readings'!CW23 -> 3 | AL16: ='DJB Daily Readings'!DC24-'DJB Daily Readings'!DC23 -> 12 | AM16: ='DJB Daily Readings'!DA24-'DJB Daily Readings'!DA23 -> 17 | AN16: ='DJB Daily Readings'!DG24-'DJB Daily Readings'!DG23 -> 6 | AO16: ='DJB Daily Readings'!DE24-'DJB Daily Readings'!DE23 -> 7 | AP16: ='DJB Daily Readings'!DK24-'DJB Daily Readings'!DK23 -> 15 | AQ16: ='DJB Daily Readings'!DI24-'DJB Daily Readings'!DI23 -> 7 | AR16: ='DJB Daily Readings'!DO24-'DJB Daily Readings'!DO23 -> 9 | AS16: ='DJB Daily Readings'!DM24-'DJB Daily Readings'!DM23 -> 4 | AT16: ='DJB Daily Readings'!DQ24-'DJB Daily Readings'!DQ23 -> 0 | AU16: =('DJB Daily Readings'!DT24-'DJB Daily Readings'!DT23)*100 -> 1030 | AV16: =('DJB Daily Readings'!DV24-'DJB Daily Readings'!DV23)*100 -> 910 | AW16: =('DJB Daily Readings'!DX24-'DJB Daily Readings'!DX23)*100 -> 580 | AX16: =('DJB Daily Readings'!DZ24-'DJB Daily Readings'!DZ23)*100 -> 700 | AY16: ='DJB Daily Readings'!EB24-'DJB Daily Readings'!EB23 -> 591 | AZ16: ='DJB Daily Readings'!ED24-'DJB Daily Readings'!ED23 -> 159.5 | BA16: ='DJB Daily Readings'!EG24-'DJB Daily Readings'!EG23 -> 3800 | BB16: ='DJB Daily Readings'!EI24-'DJB Daily Readings'!EI23 -> 300 | BC16: ='DJB Daily Readings'!EQ24-'DJB Daily Readings'!EQ23 -> 6100 | BD16: ='DJB Daily Readings'!EK24-'DJB Daily Readings'!EK23 -> 1400 | BE16: ='DJB Daily Readings'!EM24-'DJB Daily Readings'!EM23 -> 600 | BF16: ='DJB Daily Readings'!EO24-'DJB Daily Readings'!EO23 -> 670 | BG16: =('DJB Daily Readings'!ET24-'DJB Daily Readings'!ET23)*1.89 -> 30.24 | BH16: =('DJB Daily Readings'!EV24-'DJB Daily Readings'!EV23)*1.89 -> 22.68 | BI16: =('DJB Daily Readings'!EZ24-'DJB Daily Readings'!EZ23)*1.89 -> 28.35 | BJ16: =('DJB Daily Readings'!EX24-'DJB Daily Readings'!EX23)*1.89 -> 17.01 | BK16: =('DJB Daily Readings'!FB24-'DJB Daily Readings'!FB23)*1.89 -> 69.93 | BL16: ='DJB Daily Readings'!J24 -> 164 | BM16: ='DJB Daily Readings'!FF24 -> 135.265 | BN16: ='DJB Daily Readings'!FH24 -> 0 | BO16: ='DJB Daily Readings'!FJ24 -> 4 | BP16: ='DJB Daily Readings'!FL24 -> 3 | BQ16: ='DJB Daily Readings'!FN24 -> 3 | BR16: ='DJB Daily Readings'!FP24 -> 0.05 | BS16: ='DJB Daily Readings'!FR24 -> 287.2
A17: Dubai at Jumeirah Beach | B17: =B16+1 -> 16 | C17: 3 | D17: 2023 | E17: =237*0.94 -> 222.78 | F17: =364+34 -> 398 | G17: ='DJB Daily Readings'!C25-'DJB Daily Readings'!C24 -> 627 | H17: ='DJB Daily Readings'!F25-'DJB Daily Readings'!F24 -> 451 | I17: ='DJB Daily Readings'!L24 -> 114 | J17: ='DJB Daily Readings'!N24 -> 0 | K17: ='DJB Daily Readings'!O25-'DJB Daily Readings'!O24 -> 122 | L17: ='DJB Daily Readings'!R25-'DJB Daily Readings'!R24 -> 17 | M17: ='DJB Daily Readings'!U25-'DJB Daily Readings'!U24 -> 2679.6 | N17: ='DJB Daily Readings'!X25-'DJB Daily Readings'!X24 -> 4482.24 | O17: ='DJB Daily Readings'!AA25-'DJB Daily Readings'!AA24 -> 0 | P17: ='DJB Daily Readings'!AD25-'DJB Daily Readings'!AD24 -> 10377.36 | Q17: ='DJB Daily Readings'!AG25-'DJB Daily Readings'!AG24 -> 1851.36 | R17: ='DJB Daily Readings'!AJ25-'DJB Daily Readings'!AJ24 -> 5164.32 | S17: ='DJB Daily Readings'!AM25-'DJB Daily Readings'!AM24 -> 3848.88 | T17: ='DJB Daily Readings'!AP25-'DJB Daily Readings'!AP24 -> 4482.24 | U17: ='DJB Daily Readings'!AS25-'DJB Daily Readings'!AS24 -> 2971.92 | V17: ='DJB Daily Readings'!AV25-'DJB Daily Readings'!AV24 -> 5407.92 | W17: ='DJB Daily Readings'!AZ25-'DJB Daily Readings'!AZ24 -> 0 | X17: ='DJB Daily Readings'!BC25-'DJB Daily Readings'!BC24 -> 58600 | Y17: ='DJB Daily Readings'!BF25-'DJB Daily Readings'!BF24 -> 6600 | Z17: =('DJB Daily Readings'!CK25-'DJB Daily Readings'!CK24)*1.89 -> 143.64 | AA17: =('DJB Daily Readings'!CN25-'DJB Daily Readings'!CN24)*1.89 -> 228.69 | AB17: =('DJB Daily Readings'!CQ25-'DJB Daily Readings'!CQ24)*1.89 -> 190.89 | AC17: ='DJB Daily Readings'!CT25-'DJB Daily Readings'!CT24 -> 173 | AD17: =('DJB Daily Readings'!BY25-'DJB Daily Readings'!BY24)*1.89 -> 32.13 | AE17: =('DJB Daily Readings'!CA25-'DJB Daily Readings'!CA24)*1.89 -> 37.8 | AF17: =('DJB Daily Readings'!CC25-'DJB Daily Readings'!CC24)*1.89 -> 11.34 | AG17: =('DJB Daily Readings'!CE25-'DJB Daily Readings'!CE24)*1.89 -> 18.9 | AH17: =('DJB Daily Readings'!CG25-'DJB Daily Readings'!CG24)*1.89 -> 18.9 | AI17: =('DJB Daily Readings'!CI25-'DJB Daily Readings'!CI24)*1.89 -> 64.26 | AJ17: ='DJB Daily Readings'!CY25-'DJB Daily Readings'!CY24 -> 3 | AK17: ='DJB Daily Readings'!CW25-'DJB Daily Readings'!CW24 -> 3 | AL17: ='DJB Daily Readings'!DC25-'DJB Daily Readings'!DC24 -> 12 | AM17: ='DJB Daily Readings'!DA25-'DJB Daily Readings'!DA24 -> 16 | AN17: ='DJB Daily Readings'!DG25-'DJB Daily Readings'!DG24 -> 7 | AO17: ='DJB Daily Readings'!DE25-'DJB Daily Readings'!DE24 -> 7 | AP17: ='DJB Daily Readings'!DK25-'DJB Daily Readings'!DK24 -> 3 | AQ17: ='DJB Daily Readings'!DI25-'DJB Daily Readings'!DI24 -> 9 | AR17: ='DJB Daily Readings'!DO25-'DJB Daily Readings'!DO24 -> 9 | AS17: ='DJB Daily Readings'!DM25-'DJB Daily Readings'!DM24 -> 4 | AT17: ='DJB Daily Readings'!DQ25-'DJB Daily Readings'!DQ24 -> 6 | AU17: =('DJB Daily Readings'!DT25-'DJB Daily Readings'!DT24)*100 -> 990 | AV17: =('DJB Daily Readings'!DV25-'DJB Daily Readings'!DV24)*100 -> 790 | AW17: =('DJB Daily Readings'!DX25-'DJB Daily Readings'!DX24)*100 -> 520 | AX17: =('DJB Daily Readings'!DZ25-'DJB Daily Readings'!DZ24)*100 -> 660 | AY17: ='DJB Daily Readings'!EB25-'DJB Daily Readings'!EB24 -> 621 | AZ17: ='DJB Daily Readings'!ED25-'DJB Daily Readings'!ED24 -> 142.2 | BA17: ='DJB Daily Readings'!EG25-'DJB Daily Readings'!EG24 -> 3900 | BB17: ='DJB Daily Readings'!EI25-'DJB Daily Readings'!EI24 -> 300 | BC17: ='DJB Daily Readings'!EQ25-'DJB Daily Readings'!EQ24 -> 5600 | BD17: ='DJB Daily Readings'!EK25-'DJB Daily Readings'!EK24 -> 1300 | BE17: ='DJB Daily Readings'!EM25-'DJB Daily Readings'!EM24 -> 600 | BF17: ='DJB Daily Readings'!EO25-'DJB Daily Readings'!EO24 -> 670 | BG17: =('DJB Daily Readings'!ET25-'DJB Daily Readings'!ET24)*1.89 -> 26.46 | BH17: =('DJB Daily Readings'!EV25-'DJB Daily Readings'!EV24)*1.89 -> 20.79 | BI17: =('DJB Daily Readings'!EZ25-'DJB Daily Readings'!EZ24)*1.89 -> 32.13 | BJ17: =('DJB Daily Readings'!EX25-'DJB Daily Readings'!EX24)*1.89 -> 17.01 | BK17: =('DJB Daily Readings'!FB25-'DJB Daily Readings'!FB24)*1.89 -> 58.59 | BL17: ='DJB Daily Readings'!J25 -> 261 | BM17: ='DJB Daily Readings'!FF25 -> 127.275 | BN17: ='DJB Daily Readings'!FH25 -> 9 | BO17: ='DJB Daily Readings'!FJ25 -> 5 | BP17: ='DJB Daily Readings'!FL25 -> 5 | BQ17: ='DJB Daily Readings'!FN25 -> 4 | BR17: ='DJB Daily Readings'!FP25 -> 0.04 | BS17: ='DJB Daily Readings'!FR25 -> 247.6
A18: Dubai at Jumeirah Beach | B18: =B17+1 -> 17 | C18: 3 | D18: 2023 | E18: =237*0.96 -> 227.52 | F18: =381+46 -> 427 | G18: ='DJB Daily Readings'!C26-'DJB Daily Readings'!C25 -> 691 | H18: ='DJB Daily Readings'!F26-'DJB Daily Readings'!F25 -> 533 | I18: ='DJB Daily Readings'!L25 -> 267 | J18: ='DJB Daily Readings'!N25 -> 0 | K18: ='DJB Daily Readings'!O26-'DJB Daily Readings'!O25 -> 107 | L18: ='DJB Daily Readings'!R26-'DJB Daily Readings'!R25 -> 15 | M18: ='DJB Daily Readings'!U26-'DJB Daily Readings'!U25 -> 2728.32 | N18: ='DJB Daily Readings'!X26-'DJB Daily Readings'!X25 -> 4872 | O18: ='DJB Daily Readings'!AA26-'DJB Daily Readings'!AA25 -> 1315.44 | P18: ='DJB Daily Readings'!AD26-'DJB Daily Readings'!AD25 -> 730.8 | Q18: ='DJB Daily Readings'!AG26-'DJB Daily Readings'!AG25 -> 9500.4 | R18: ='DJB Daily Readings'!AJ26-'DJB Daily Readings'!AJ25 -> 5554.08 | S18: ='DJB Daily Readings'!AM26-'DJB Daily Readings'!AM25 -> 4189.92 | T18: ='DJB Daily Readings'!AP26-'DJB Daily Readings'!AP25 -> 4725.84 | U18: ='DJB Daily Readings'!AS26-'DJB Daily Readings'!AS25 -> 3264.24 | V18: ='DJB Daily Readings'!AV26-'DJB Daily Readings'!AV25 -> 5895.12 | W18: ='DJB Daily Readings'!AZ26-'DJB Daily Readings'!AZ25 -> 5400 | X18: ='DJB Daily Readings'!BC26-'DJB Daily Readings'!BC25 -> 0 | Y18: ='DJB Daily Readings'!BF26-'DJB Daily Readings'!BF25 -> 53300 | Z18: =('DJB Daily Readings'!CK26-'DJB Daily Readings'!CK25)*1.89 -> 154.98 | AA18: =('DJB Daily Readings'!CN26-'DJB Daily Readings'!CN25)*1.89 -> 260.82 | AB18: =('DJB Daily Readings'!CQ26-'DJB Daily Readings'!CQ25)*1.89 -> 385.56 | AC18: ='DJB Daily Readings'!CT26-'DJB Daily Readings'!CT25 -> 186 | AD18: =('DJB Daily Readings'!BY26-'DJB Daily Readings'!BY25)*1.89 -> 35.91 | AE18: =('DJB Daily Readings'!CA26-'DJB Daily Readings'!CA25)*1.89 -> 41.58 | AF18: =('DJB Daily Readings'!CC26-'DJB Daily Readings'!CC25)*1.89 -> 13.23 | AG18: =('DJB Daily Readings'!CE26-'DJB Daily Readings'!CE25)*1.89 -> 17.01 | AH18: =('DJB Daily Readings'!CG26-'DJB Daily Readings'!CG25)*1.89 -> 20.79 | AI18: =('DJB Daily Readings'!CI26-'DJB Daily Readings'!CI25)*1.89 -> 54.81 | AJ18: ='DJB Daily Readings'!CY26-'DJB Daily Readings'!CY25 -> 3 | AK18: ='DJB Daily Readings'!CW26-'DJB Daily Readings'!CW25 -> 4 | AL18: ='DJB Daily Readings'!DC26-'DJB Daily Readings'!DC25 -> 14 | AM18: ='DJB Daily Readings'!DA26-'DJB Daily Readings'!DA25 -> 19 | AN18: ='DJB Daily Readings'!DG26-'DJB Daily Readings'!DG25 -> 8 | AO18: ='DJB Daily Readings'!DE26-'DJB Daily Readings'!DE25 -> 8 | AP18: ='DJB Daily Readings'!DK26-'DJB Daily Readings'!DK25 -> 11 | AQ18: ='DJB Daily Readings'!DI26-'DJB Daily Readings'!DI25 -> 10 | AR18: ='DJB Daily Readings'!DO26-'DJB Daily Readings'!DO25 -> 9 | AS18: ='DJB Daily Readings'!DM26-'DJB Daily Readings'!DM25 -> 5 | AT18: ='DJB Daily Readings'!DQ26-'DJB Daily Readings'!DQ25 -> 0 | AU18: =('DJB Daily Readings'!DT26-'DJB Daily Readings'!DT25)*100 -> 1070 | AV18: =('DJB Daily Readings'!DV26-'DJB Daily Readings'!DV25)*100 -> 890 | AW18: =('DJB Daily Readings'!DX26-'DJB Daily Readings'!DX25)*100 -> 590 | AX18: =('DJB Daily Readings'!DZ26-'DJB Daily Readings'!DZ25)*100 -> 800 | AY18: ='DJB Daily Readings'!EB26-'DJB Daily Readings'!EB25 -> 653 | AZ18: ='DJB Daily Readings'!ED26-'DJB Daily Readings'!ED25 -> 156.3 | BA18: ='DJB Daily Readings'!EG26-'DJB Daily Readings'!EG25 -> 4400 | BB18: ='DJB Daily Readings'!EI26-'DJB Daily Readings'!EI25 -> 310 | BC18: ='DJB Daily Readings'!EQ26-'DJB Daily Readings'!EQ25 -> 6100 | BD18: ='DJB Daily Readings'!EK26-'DJB Daily Readings'!EK25 -> 1700 | BE18: ='DJB Daily Readings'!EM26-'DJB Daily Readings'!EM25 -> 500 | BF18: ='DJB Daily Readings'!EO26-'DJB Daily Readings'!EO25 -> 750 | BG18: =('DJB Daily Readings'!ET26-'DJB Daily Readings'!ET25)*1.89 -> 32.13 | BH18: =('DJB Daily Readings'!EV26-'DJB Daily Readings'!EV25)*1.89 -> 22.68 | BI18: =('DJB Daily Readings'!EZ26-'DJB Daily Readings'!EZ25)*1.89 -> 30.24 | BJ18: =('DJB Daily Readings'!EX26-'DJB Daily Readings'!EX25)*1.89 -> 24.57 | BK18: =('DJB Daily Readings'!FB26-'DJB Daily Readings'!FB25)*1.89 -> 68.04 | BL18: ='DJB Daily Readings'!J26 -> 151 | BM18: ='DJB Daily Readings'!FF26 -> 149.186 | BN18: ='DJB Daily Readings'!FH26 -> 0 | BO18: ='DJB Daily Readings'!FJ26 -> 10 | BP18: ='DJB Daily Readings'!FL26 -> 3 | BQ18: ='DJB Daily Readings'!FN26 -> 0 | BR18: ='DJB Daily Readings'!FP26 -> 0.51 | BS18: ='DJB Daily Readings'!FR26 -> 160.4
A19: Dubai at Jumeirah Beach | B19: =B18+1 -> 18 | C19: 3 | D19: 2023 | E19: =237*0.91 -> 215.67 | F19: =357+57 -> 414 | G19: ='DJB Daily Readings'!C27-'DJB Daily Readings'!C26 -> 616 | H19: ='DJB Daily Readings'!F27-'DJB Daily Readings'!F26 -> 543 | I19: ='DJB Daily Readings'!L26 -> 130 | J19: ='DJB Daily Readings'!N26 -> 0 | K19: ='DJB Daily Readings'!O27-'DJB Daily Readings'!O26 -> 100 | L19: ='DJB Daily Readings'!R27-'DJB Daily Readings'!R26 -> 12 | M19: ='DJB Daily Readings'!U27-'DJB Daily Readings'!U26 -> 2289.84 | N19: ='DJB Daily Readings'!X27-'DJB Daily Readings'!X26 -> 4920.72 | O19: ='DJB Daily Readings'!AA27-'DJB Daily Readings'!AA26 -> 9256.8 | P19: ='DJB Daily Readings'!AD27-'DJB Daily Readings'!AD26 -> 2338.56 | Q19: ='DJB Daily Readings'!AG27-'DJB Daily Readings'!AG26 -> 0 | R19: ='DJB Daily Readings'!AJ27-'DJB Daily Readings'!AJ26 -> 5700.24 | S19: ='DJB Daily Readings'!AM27-'DJB Daily Readings'!AM26 -> 4287.36 | T19: ='DJB Daily Readings'!AP27-'DJB Daily Readings'!AP26 -> 5115.6 | U19: ='DJB Daily Readings'!AS27-'DJB Daily Readings'!AS26 -> 3166.8 | V19: ='DJB Daily Readings'!AV27-'DJB Daily Readings'!AV26 -> 6382.32 | W19: ='DJB Daily Readings'!AZ27-'DJB Daily Readings'!AZ26 -> 51000 | X19: ='DJB Daily Readings'!BC27-'DJB Daily Readings'!BC26 -> 4800 | Y19: ='DJB Daily Readings'!BF27-'DJB Daily Readings'!BF26 -> 0 | Z19: =('DJB Daily Readings'!CK27-'DJB Daily Readings'!CK26)*1.89 -> 158.76 | AA19: =('DJB Daily Readings'!CN27-'DJB Daily Readings'!CN26)*1.89 -> 268.38 | AB19: =('DJB Daily Readings'!CQ27-'DJB Daily Readings'!CQ26)*1.89 -> 355.32 | AC19: ='DJB Daily Readings'!CT27-'DJB Daily Readings'!CT26 -> 191 | AD19: =('DJB Daily Readings'!BY27-'DJB Daily Readings'!BY26)*1.89 -> 37.8 | AE19: =('DJB Daily Readings'!CA27-'DJB Daily Readings'!CA26)*1.89 -> 41.58 | AF19: =('DJB Daily Readings'!CC27-'DJB Daily Readings'!CC26)*1.89 -> 13.23 | AG19: =('DJB Daily Readings'!CE27-'DJB Daily Readings'!CE26)*1.89 -> 20.79 | AH19: =('DJB Daily Readings'!CG27-'DJB Daily Readings'!CG26)*1.89 -> 26.46 | AI19: =('DJB Daily Readings'!CI27-'DJB Daily Readings'!CI26)*1.89 -> 75.6 | AJ19: ='DJB Daily Readings'!CY27-'DJB Daily Readings'!CY26 -> 6 | AK19: ='DJB Daily Readings'!CW27-'DJB Daily Readings'!CW26 -> 5 | AL19: ='DJB Daily Readings'!DC27-'DJB Daily Readings'!DC26 -> 16 | AM19: ='DJB Daily Readings'!DA27-'DJB Daily Readings'!DA26 -> 24 | AN19: ='DJB Daily Readings'!DG27-'DJB Daily Readings'!DG26 -> 5 | AO19: ='DJB Daily Readings'!DE27-'DJB Daily Readings'!DE26 -> 12 | AP19: ='DJB Daily Readings'!DK27-'DJB Daily Readings'!DK26 -> 13 | AQ19: ='DJB Daily Readings'!DI27-'DJB Daily Readings'!DI26 -> 13 | AR19: ='DJB Daily Readings'!DO27-'DJB Daily Readings'!DO26 -> 14 | AS19: ='DJB Daily Readings'!DM27-'DJB Daily Readings'!DM26 -> 7 | AT19: ='DJB Daily Readings'!DQ27-'DJB Daily Readings'!DQ26 -> 0 | AU19: =('DJB Daily Readings'!DT27-'DJB Daily Readings'!DT26)*100 -> 1220 | AV19: =('DJB Daily Readings'!DV27-'DJB Daily Readings'!DV26)*100 -> 920 | AW19: =('DJB Daily Readings'!DX27-'DJB Daily Readings'!DX26)*100 -> 700 | AX19: =('DJB Daily Readings'!DZ27-'DJB Daily Readings'!DZ26)*100 -> 890 | AY19: ='DJB Daily Readings'!EB27-'DJB Daily Readings'!EB26 -> 727 | AZ19: ='DJB Daily Readings'!ED27-'DJB Daily Readings'!ED26 -> 171.4 | BA19: ='DJB Daily Readings'!EG27-'DJB Daily Readings'!EG26 -> 2700 | BB19: ='DJB Daily Readings'!EI27-'DJB Daily Readings'!EI26 -> 280 | BC19: ='DJB Daily Readings'!EQ27-'DJB Daily Readings'!EQ26 -> 4600 | BD19: ='DJB Daily Readings'!EK27-'DJB Daily Readings'!EK26 -> 1600 | BE19: ='DJB Daily Readings'!EM27-'DJB Daily Readings'!EM26 -> 800 | BF19: ='DJB Daily Readings'!EO27-'DJB Daily Readings'!EO26 -> 690 | BG19: =('DJB Daily Readings'!ET27-'DJB Daily Readings'!ET26)*1.89 -> 32.13 | BH19: =('DJB Daily Readings'!EV27-'DJB Daily Readings'!EV26)*1.89 -> 26.46 | BI19: =('DJB Daily Readings'!EZ27-'DJB Daily Readings'!EZ26)*1.89 -> 41.58 | BJ19: =('DJB Daily Readings'!EX27-'DJB Daily Readings'!EX26)*1.89 -> 30.24 | BK19: =('DJB Daily Readings'!FB27-'DJB Daily Readings'!FB26)*1.89 -> 81.27 | BL19: ='DJB Daily Readings'!J27 -> 357 | BM19: ='DJB Daily Readings'!FF27 -> 143.625 | BN19: ='DJB Daily Readings'!FH27 -> 1 | BO19: ='DJB Daily Readings'!FJ27 -> 6 | BP19: ='DJB Daily Readings'!FL27 -> 6 | BQ19: ='DJB Daily Readings'!FN27 -> 2 | BR19: ='DJB Daily Readings'!FP27 -> 0.14 | BS19: ='DJB Daily Readings'!FR27 -> 243.9
A20: Dubai at Jumeirah Beach | B20: =B19+1 -> 19 | C20: 3 | D20: 2023 | E20: =237*0.74 -> 175.38 | F20: =277+48 -> 325 | G20: ='DJB Daily Readings'!C28-'DJB Daily Readings'!C27 -> 695 | H20: ='DJB Daily Readings'!F28-'DJB Daily Readings'!F27 -> 463 | I20: ='DJB Daily Readings'!L27 -> 259 | J20: ='DJB Daily Readings'!N27 -> 0 | K20: ='DJB Daily Readings'!O28-'DJB Daily Readings'!O27 -> 93 | L20: ='DJB Daily Readings'!R28-'DJB Daily Readings'!R27 -> 14 | M20: ='DJB Daily Readings'!U28-'DJB Daily Readings'!U27 -> 1948.8 | N20: ='DJB Daily Readings'!X28-'DJB Daily Readings'!X27 -> 4287.36 | O20: ='DJB Daily Readings'!AA28-'DJB Daily Readings'!AA27 -> 730.8 | P20: ='DJB Daily Readings'!AD28-'DJB Daily Readings'!AD27 -> 8087.52 | Q20: ='DJB Daily Readings'!AG28-'DJB Daily Readings'!AG27 -> 1266.72 | R20: ='DJB Daily Readings'!AJ28-'DJB Daily Readings'!AJ27 -> 4920.72 | S20: ='DJB Daily Readings'!AM28-'DJB Daily Readings'!AM27 -> 3605.28 | T20: ='DJB Daily Readings'!AP28-'DJB Daily Readings'!AP27 -> 3946.32 | U20: ='DJB Daily Readings'!AS28-'DJB Daily Readings'!AS27 -> 2728.32 | V20: ='DJB Daily Readings'!AV28-'DJB Daily Readings'!AV27 -> 5261.76 | W20: ='DJB Daily Readings'!AZ28-'DJB Daily Readings'!AZ27 -> 0 | X20: ='DJB Daily Readings'!BC28-'DJB Daily Readings'!BC27 -> 47300 | Y20: ='DJB Daily Readings'!BF28-'DJB Daily Readings'!BF27 -> 4700 | Z20: =('DJB Daily Readings'!CK28-'DJB Daily Readings'!CK27)*1.89 -> 145.53 | AA20: =('DJB Daily Readings'!CN28-'DJB Daily Readings'!CN27)*1.89 -> 243.81 | AB20: =('DJB Daily Readings'!CQ28-'DJB Daily Readings'!CQ27)*1.89 -> 309.96 | AC20: ='DJB Daily Readings'!CT28-'DJB Daily Readings'!CT27 -> 175 | AD20: =('DJB Daily Readings'!BY28-'DJB Daily Readings'!BY27)*1.89 -> 28.35 | AE20: =('DJB Daily Readings'!CA28-'DJB Daily Readings'!CA27)*1.89 -> 32.13 | AF20: =('DJB Daily Readings'!CC28-'DJB Daily Readings'!CC27)*1.89 -> 11.34 | AG20: =('DJB Daily Readings'!CE28-'DJB Daily Readings'!CE27)*1.89 -> 15.12 | AH20: =('DJB Daily Readings'!CG28-'DJB Daily Readings'!CG27)*1.89 -> 17.01 | AI20: =('DJB Daily Readings'!CI28-'DJB Daily Readings'!CI27)*1.89 -> 60.48 | AJ20: ='DJB Daily Readings'!CY28-'DJB Daily Readings'!CY27 -> 6 | AK20: ='DJB Daily Readings'!CW28-'DJB Daily Readings'!CW27 -> 3 | AL20: ='DJB Daily Readings'!DC28-'DJB Daily Readings'!DC27 -> 13 | AM20: ='DJB Daily Readings'!DA28-'DJB Daily Readings'!DA27 -> 14 | AN20: ='DJB Daily Readings'!DG28-'DJB Daily Readings'!DG27 -> 5 | AO20: ='DJB Daily Readings'!DE28-'DJB Daily Readings'!DE27 -> 4 | AP20: ='DJB Daily Readings'!DK28-'DJB Daily Readings'!DK27 -> 12 | AQ20: ='DJB Daily Readings'!DI28-'DJB Daily Readings'!DI27 -> 8 | AR20: ='DJB Daily Readings'!DO28-'DJB Daily Readings'!DO27 -> 5 | AS20: ='DJB Daily Readings'!DM28-'DJB Daily Readings'!DM27 -> 2 | AT20: ='DJB Daily Readings'!DQ28-'DJB Daily Readings'!DQ27 -> 6 | AU20: =('DJB Daily Readings'!DT28-'DJB Daily Readings'!DT27)*100 -> 860 | AV20: =('DJB Daily Readings'!DV28-'DJB Daily Readings'!DV27)*100 -> 770 | AW20: =('DJB Daily Readings'!DX28-'DJB Daily Readings'!DX27)*100 -> 520 | AX20: =('DJB Daily Readings'!DZ28-'DJB Daily Readings'!DZ27)*100 -> 670 | AY20: ='DJB Daily Readings'!EB28-'DJB Daily Readings'!EB27 -> 518 | AZ20: ='DJB Daily Readings'!ED28-'DJB Daily Readings'!ED27 -> 130.5 | BA20: ='DJB Daily Readings'!EG28-'DJB Daily Readings'!EG27 -> 4100 | BB20: ='DJB Daily Readings'!EI28-'DJB Daily Readings'!EI27 -> 170 | BC20: ='DJB Daily Readings'!EQ28-'DJB Daily Readings'!EQ27 -> 3500 | BD20: ='DJB Daily Readings'!EK28-'DJB Daily Readings'!EK27 -> 1200 | BE20: ='DJB Daily Readings'!EM28-'DJB Daily Readings'!EM27 -> 500 | BF20: ='DJB Daily Readings'!EO28-'DJB Daily Readings'!EO27 -> 560 | BG20: =('DJB Daily Readings'!ET28-'DJB Daily Readings'!ET27)*1.89 -> 20.79 | BH20: =('DJB Daily Readings'!EV28-'DJB Daily Readings'!EV27)*1.89 -> 17.01 | BI20: =('DJB Daily Readings'!EZ28-'DJB Daily Readings'!EZ27)*1.89 -> 15.12 | BJ20: =('DJB Daily Readings'!EX28-'DJB Daily Readings'!EX27)*1.89 -> 20.79 | BK20: =('DJB Daily Readings'!FB28-'DJB Daily Readings'!FB27)*1.89 -> 47.25 | BL20: ='DJB Daily Readings'!J28 -> 166 | BM20: ='DJB Daily Readings'!FF28 -> 134.502 | BN20: ='DJB Daily Readings'!FH28 -> 3 | BO20: ='DJB Daily Readings'!FJ28 -> 8 | BP20: ='DJB Daily Readings'!FL28 -> 6 | BQ20: ='DJB Daily Readings'!FN28 -> 3 | BR20: ='DJB Daily Readings'!FP28 -> 1.06 | BS20: ='DJB Daily Readings'!FR28 -> 193.2
A21: Dubai at Jumeirah Beach | B21: =B20+1 -> 20 | C21: 3 | D21: 2023 | E21: =237*0.73 -> 173.01 | F21: =267+37 -> 304 | G21: ='DJB Daily Readings'!C29-'DJB Daily Readings'!C28 -> 571 | H21: ='DJB Daily Readings'!F29-'DJB Daily Readings'!F28 -> 416 | I21: ='DJB Daily Readings'!L28 -> 262 | J21: ='DJB Daily Readings'!N28 -> 0 | K21: ='DJB Daily Readings'!O29-'DJB Daily Readings'!O28 -> 94 | L21: ='DJB Daily Readings'!R29-'DJB Daily Readings'!R28 -> 12 | M21: ='DJB Daily Readings'!U29-'DJB Daily Readings'!U28 -> 2046.24 | N21: ='DJB Daily Readings'!X29-'DJB Daily Readings'!X28 -> 4579.68 | O21: ='DJB Daily Readings'!AA29-'DJB Daily Readings'!AA28 -> 1948.8 | P21: ='DJB Daily Readings'!AD29-'DJB Daily Readings'!AD28 -> 633.36 | Q21: ='DJB Daily Readings'!AG29-'DJB Daily Readings'!AG28 -> 7746.48 | R21: ='DJB Daily Readings'!AJ29-'DJB Daily Readings'!AJ28 -> 5359.2 | S21: ='DJB Daily Readings'!AM29-'DJB Daily Readings'!AM28 -> 3702.72 | T21: ='DJB Daily Readings'!AP29-'DJB Daily Readings'!AP28 -> 4336.08 | U21: ='DJB Daily Readings'!AS29-'DJB Daily Readings'!AS28 -> 2923.2 | V21: ='DJB Daily Readings'!AV29-'DJB Daily Readings'!AV28 -> 5310.48 | W21: ='DJB Daily Readings'!AZ29-'DJB Daily Readings'!AZ28 -> 4600 | X21: ='DJB Daily Readings'!BC29-'DJB Daily Readings'!BC28 -> 0 | Y21: ='DJB Daily Readings'!BF29-'DJB Daily Readings'!BF28 -> 43500 | Z21: =('DJB Daily Readings'!CK29-'DJB Daily Readings'!CK28)*1.89 -> 154.98 | AA21: =('DJB Daily Readings'!CN29-'DJB Daily Readings'!CN28)*1.89 -> 243.81 | AB21: =('DJB Daily Readings'!CQ29-'DJB Daily Readings'!CQ28)*1.89 -> 274.05 | AC21: ='DJB Daily Readings'!CT29-'DJB Daily Readings'!CT28 -> 183 | AD21: =('DJB Daily Readings'!BY29-'DJB Daily Readings'!BY28)*1.89 -> 30.24 | AE21: =('DJB Daily Readings'!CA29-'DJB Daily Readings'!CA28)*1.89 -> 35.91 | AF21: =('DJB Daily Readings'!CC29-'DJB Daily Readings'!CC28)*1.89 -> 13.23 | AG21: =('DJB Daily Readings'!CE29-'DJB Daily Readings'!CE28)*1.89 -> 18.9 | AH21: =('DJB Daily Readings'!CG29-'DJB Daily Readings'!CG28)*1.89 -> 18.9 | AI21: =('DJB Daily Readings'!CI29-'DJB Daily Readings'!CI28)*1.89 -> 66.15 | AJ21: ='DJB Daily Readings'!CY29-'DJB Daily Readings'!CY28 -> 3 | AK21: ='DJB Daily Readings'!CW29-'DJB Daily Readings'!CW28 -> 3 | AL21: ='DJB Daily Readings'!DC29-'DJB Daily Readings'!DC28 -> 19 | AM21: ='DJB Daily Readings'!DA29-'DJB Daily Readings'!DA28 -> 12 | AN21: ='DJB Daily Readings'!DG29-'DJB Daily Readings'!DG28 -> 7 | AO21: ='DJB Daily Readings'!DE29-'DJB Daily Readings'!DE28 -> 7 | AP21: ='DJB Daily Readings'!DK29-'DJB Daily Readings'!DK28 -> 7 | AQ21: ='DJB Daily Readings'!DI29-'DJB Daily Readings'!DI28 -> 6 | AR21: ='DJB Daily Readings'!DO29-'DJB Daily Readings'!DO28 -> 7 | AS21: ='DJB Daily Readings'!DM29-'DJB Daily Readings'!DM28 -> 4 | AT21: ='DJB Daily Readings'!DQ29-'DJB Daily Readings'!DQ28 -> 7 | AU21: =('DJB Daily Readings'!DT29-'DJB Daily Readings'!DT28)*100 -> 980 | AV21: =('DJB Daily Readings'!DV29-'DJB Daily Readings'!DV28)*100 -> 780 | AW21: =('DJB Daily Readings'!DX29-'DJB Daily Readings'!DX28)*100 -> 600 | AX21: =('DJB Daily Readings'!DZ29-'DJB Daily Readings'!DZ28)*100 -> 610 | AY21: ='DJB Daily Readings'!EB29-'DJB Daily Readings'!EB28 -> 573 | AZ21: ='DJB Daily Readings'!ED29-'DJB Daily Readings'!ED28 -> 151.1 | BA21: ='DJB Daily Readings'!EG29-'DJB Daily Readings'!EG28 -> 3100 | BB21: ='DJB Daily Readings'!EI29-'DJB Daily Readings'!EI28 -> 240 | BC21: ='DJB Daily Readings'!EQ29-'DJB Daily Readings'!EQ28 -> 3900 | BD21: ='DJB Daily Readings'!EK29-'DJB Daily Readings'!EK28 -> 1500 | BE21: ='DJB Daily Readings'!EM29-'DJB Daily Readings'!EM28 -> 500 | BF21: ='DJB Daily Readings'!EO29-'DJB Daily Readings'!EO28 -> 670 | BG21: =('DJB Daily Readings'!ET29-'DJB Daily Readings'!ET28)*1.89 -> 26.46 | BH21: =('DJB Daily Readings'!EV29-'DJB Daily Readings'!EV28)*1.89 -> 20.79 | BI21: =('DJB Daily Readings'!EZ29-'DJB Daily Readings'!EZ28)*1.89 -> 20.79 | BJ21: =('DJB Daily Readings'!EX29-'DJB Daily Readings'!EX28)*1.89 -> 17.01 | BK21: =('DJB Daily Readings'!FB29-'DJB Daily Readings'!FB28)*1.89 -> 58.59 | BL21: ='DJB Daily Readings'!J29 -> 275 | BM21: ='DJB Daily Readings'!FF29 -> 120.253 | BN21: ='DJB Daily Readings'!FH29 -> 12 | BO21: ='DJB Daily Readings'!FJ29 -> 6 | BP21: ='DJB Daily Readings'!FL29 -> 6 | BQ21: ='DJB Daily Readings'!FN29 -> 5 | BR21: ='DJB Daily Readings'!FP29 -> 0.05 | BS21: ='DJB Daily Readings'!FR29 -> 190.5
A22: Dubai at Jumeirah Beach | B22: =B21+1 -> 21 | C22: 3 | D22: 2023 | E22: =237*0.8 -> 189.6 | F22: =279+26 -> 305 | G22: ='DJB Daily Readings'!C30-'DJB Daily Readings'!C29 -> 551 | H22: ='DJB Daily Readings'!F30-'DJB Daily Readings'!F29 -> 412 | I22: ='DJB Daily Readings'!L29 -> 268 | J22: ='DJB Daily Readings'!N29 -> 0 | K22: ='DJB Daily Readings'!O30-'DJB Daily Readings'!O29 -> 98 | L22: ='DJB Daily Readings'!R30-'DJB Daily Readings'!R29 -> 13 | M22: ='DJB Daily Readings'!U30-'DJB Daily Readings'!U29 -> 1948.8 | N22: ='DJB Daily Readings'!X30-'DJB Daily Readings'!X29 -> 4530.96 | O22: ='DJB Daily Readings'!AA30-'DJB Daily Readings'!AA29 -> 8623.44 | P22: ='DJB Daily Readings'!AD30-'DJB Daily Readings'!AD29 -> 1753.92 | Q22: ='DJB Daily Readings'!AG30-'DJB Daily Readings'!AG29 -> 48.72 | R22: ='DJB Daily Readings'!AJ30-'DJB Daily Readings'!AJ29 -> 5359.2 | S22: ='DJB Daily Readings'!AM30-'DJB Daily Readings'!AM29 -> 3556.56 | T22: ='DJB Daily Readings'!AP30-'DJB Daily Readings'!AP29 -> 4238.64 | U22: ='DJB Daily Readings'!AS30-'DJB Daily Readings'!AS29 -> 2825.76 | V22: ='DJB Daily Readings'!AV30-'DJB Daily Readings'!AV29 -> 5164.32 | W22: ='DJB Daily Readings'!AZ30-'DJB Daily Readings'!AZ29 -> 47900 | X22: ='DJB Daily Readings'!BC30-'DJB Daily Readings'!BC29 -> 4800 | Y22: ='DJB Daily Readings'!BF30-'DJB Daily Readings'!BF29 -> 0 | Z22: =('DJB Daily Readings'!CK30-'DJB Daily Readings'!CK29)*1.89 -> 153.09 | AA22: =('DJB Daily Readings'!CN30-'DJB Daily Readings'!CN29)*1.89 -> 253.26 | AB22: =('DJB Daily Readings'!CQ30-'DJB Daily Readings'!CQ29)*1.89 -> 351.54 | AC22: ='DJB Daily Readings'!CT30-'DJB Daily Readings'!CT29 -> 183 | AD22: =('DJB Daily Readings'!BY30-'DJB Daily Readings'!BY29)*1.89 -> 32.13 | AE22: =('DJB Daily Readings'!CA30-'DJB Daily Readings'!CA29)*1.89 -> 37.8 | AF22: =('DJB Daily Readings'!CC30-'DJB Daily Readings'!CC29)*1.89 -> 13.23 | AG22: =('DJB Daily Readings'!CE30-'DJB Daily Readings'!CE29)*1.89 -> 18.9 | AH22: =('DJB Daily Readings'!CG30-'DJB Daily Readings'!CG29)*1.89 -> 18.9 | AI22: =('DJB Daily Readings'!CI30-'DJB Daily Readings'!CI29)*1.89 -> 64.26 | AJ22: ='DJB Daily Readings'!CY30-'DJB Daily Readings'!CY29 -> 5 | AK22: ='DJB Daily Readings'!CW30-'DJB Daily Readings'!CW29 -> 3 | AL22: ='DJB Daily Readings'!DC30-'DJB Daily Readings'!DC29 -> 7 | AM22: ='DJB Daily Readings'!DA30-'DJB Daily Readings'!DA29 -> 16 | AN22: ='DJB Daily Readings'!DG30-'DJB Daily Readings'!DG29 -> 6 | AO22: ='DJB Daily Readings'!DE30-'DJB Daily Readings'!DE29 -> 8 | AP22: ='DJB Daily Readings'!DK30-'DJB Daily Readings'!DK29 -> 9 | AQ22: ='DJB Daily Readings'!DI30-'DJB Daily Readings'!DI29 -> 8 | AR22: ='DJB Daily Readings'!DO30-'DJB Daily Readings'!DO29 -> 9 | AS22: ='DJB Daily Readings'!DM30-'DJB Daily Readings'!DM29 -> 4 | AT22: ='DJB Daily Readings'!DQ30-'DJB Daily Readings'!DQ29 -> 6 | AU22: =('DJB Daily Readings'!DT30-'DJB Daily Readings'!DT29)*100 -> 960 | AV22: =('DJB Daily Readings'!DV30-'DJB Daily Readings'!DV29)*100 -> 790 | AW22: =('DJB Daily Readings'!DX30-'DJB Daily Readings'!DX29)*100 -> 590 | AX22: =('DJB Daily Readings'!DZ30-'DJB Daily Readings'!DZ29)*100 -> 610 | AY22: ='DJB Daily Readings'!EB30-'DJB Daily Readings'!EB29 -> 601 | AZ22: ='DJB Daily Readings'!ED30-'DJB Daily Readings'!ED29 -> 146.9 | BA22: ='DJB Daily Readings'!EG30-'DJB Daily Readings'!EG29 -> 3200 | BB22: ='DJB Daily Readings'!EI30-'DJB Daily Readings'!EI29 -> 250 | BC22: ='DJB Daily Readings'!EQ30-'DJB Daily Readings'!EQ29 -> 4400 | BD22: ='DJB Daily Readings'!EK30-'DJB Daily Readings'!EK29 -> 1500 | BE22: ='DJB Daily Readings'!EM30-'DJB Daily Readings'!EM29 -> 400 | BF22: ='DJB Daily Readings'!EO30-'DJB Daily Readings'!EO29 -> 640 | BG22: =('DJB Daily Readings'!ET30-'DJB Daily Readings'!ET29)*1.89 -> 28.35 | BH22: =('DJB Daily Readings'!EV30-'DJB Daily Readings'!EV29)*1.89 -> 20.79 | BI22: =('DJB Daily Readings'!EZ30-'DJB Daily Readings'!EZ29)*1.89 -> 18.9 | BJ22: =('DJB Daily Readings'!EX30-'DJB Daily Readings'!EX29)*1.89 -> 18.9 | BK22: =('DJB Daily Readings'!FB30-'DJB Daily Readings'!FB29)*1.89 -> 56.7 | BL22: ='DJB Daily Readings'!J30 -> 285 | BM22: ='DJB Daily Readings'!FF30 -> 127.035 | BN22: ='DJB Daily Readings'!FH30 -> 8 | BO22: ='DJB Daily Readings'!FJ30 -> 5 | BP22: ='DJB Daily Readings'!FL30 -> 5 | BQ22: ='DJB Daily Readings'!FN30 -> 4 | BR22: ='DJB Daily Readings'!FP30 -> 0.03 | BS22: ='DJB Daily Readings'!FR30 -> 215.7
A23: Dubai at Jumeirah Beach | B23: =B22+1 -> 22 | C23: 3 | D23: 2023 | F23: =310+51 -> 361
A24: Dubai at Jumeirah Beach | B24: =B23+1 -> 23 | C24: 3 | D24: 2023
A25: Dubai at Jumeirah Beach | B25: =B24+1 -> 24 | C25: 3 | D25: 2023
A26: Dubai at Jumeirah Beach | B26: =B25+1 -> 25 | C26: 3 | D26: 2023
A27: Dubai at Jumeirah Beach | B27: =B26+1 -> 26 | C27: 3 | D27: 2023
A28: Dubai at Jumeirah Beach | B28: =B27+1 -> 27 | C28: 3 | D28: 2023
A29: Dubai at Jumeirah Beach | B29: =B28+1 -> 28 | C29: 3 | D29: 2023
A30: Dubai at Jumeirah Beach | B30: =B29+1 -> 29 | C30: 3 | D30: 2023
A31: Dubai at Jumeirah Beach | B31: =B30+1 -> 30 | C31: 3 | D31: 2023
A32: Dubai at Jumeirah Beach | B32: =B31+1 -> 31 | C32: 3 | D32: 2023

Sheet DJB Daily Readings
A6: Daily Water Consumption March 2023 | U6: Electricity Daily Consumption March 2020 | AZ6: Chiller BTU Meter Reading March 2023 | BV6: Lpg Daily Consumption March 2023 | CW6: F& B Village Daily Water Meter Reading 2023 | DT6: F & B Electrical Daily Reading March 2023 | EG6: F & B Village Chilled Water Reading March 2023 | ET6: F & B Village Daily Lpg Reading March 2023 | FE6: Nammos Reading
A7: Date | B7: Daily Occupancy % | C7: Potable Water meter Reading -M³ | F7: Resort Water Meter Reading M³ | I7: Tse Water meter Reading M³ | K7: Irrigation Water Meter Reading M³ | M7: Domestic Water For Irrigation M³ | O7: Cooling Tower Meter ReadingM³ | R7: Cooling Tower Blowdown Reading | U7: EMDB-1 All Pumps | X7: EMDB-2 Elevators | AA7: MDB-1 Chiller # 1 | AD7: MDB-2 Chiller # 2 | AG7: MDB-3 Chiller # 3 | AJ7: MDB-4 North Riser Guest Rooms | AM7: MDB-5 North Riser Guest Rooms | AP7: MDB-6 Main Kitchen | AS7: MDB-7 South Riser Guest Rooms | AV7: MDB-8 F & B | AZ7: Chiller 1 | BC7: Chiller 2 | BF7: Chiller 3 | BI7: Active Pool Heat Exchanger Hot Water | BK7: Active Pool Heat Exchanger Chilled Water | BM7: Quiet Pool Heat Exchanger Hot Water | BO7: Quiet Pool Heat Exchanger Chilled Water | BQ7: Sea Fu Restaurant | BS7: cold water heat exchanger | BV7: Lpg Main Tank | BY7: Ird Kitchen | CA7: Suq Kitchen | CC7: Bakery Kitchen | CE7: Shai Saloon Kitchen | CG7: Banquet Kitchen | CI7: Sea Fu Kitchen | CK7: Steam Boiler | CN7: Solar Hot Water Boiler | CQ7: Low Temp Hot Water Boiler | CT7: Steam Boiler Steam Meter Reading | CW7: Verde Water Meter Reading | DA7: Coya Water Meter Reading M³ | DE7: Nusret Water meter Reading M³ | DI7: Provoceteur Meter Reading M³ | DM7: Scalini Meter Reading M³ | DQ7: Irrigation | DT7: MDB - Coya | DV7: MDB Verde | DX7: MDB - Nusret | DZ7: Peovoceteur SMDB | EB7: SMDB - Scalini | ED7: Common ESMDB | EG7: Coya Btu | EI7: Coya Cold Room Btu | EK7: Nusret Btu | EM7: Provocateur- A | EO7: Provocateur- B | EQ7: Verde Btu | ET7: Coya Lpg | EV7: Nusret Lpg | EX7: Provocateur Lpg | EZ7: Verde Lpg | FB7: Scalini | FE7: Namos Water Main | FG7: Water 1 | FI7: Water 2 | FK7: Water 3 | FM7: Water 4 | FO7: Pavilion Water | FQ7: Pavilion Electricity
C8: Reading In M³ | D8: Daily consumption M³ 2023 | E8: Daily consumption M³ March-2022 | F8: Reading M³ | G8: Daily Consumption M³ | H8: Daily consumption M³ March-2022 | I8: Reading M³ | J8: Daily consumption M³ | K8: Reading M³ | L8: Daily consumption M³ | M8: Reading M³ | N8: Daily consumption M³ | O8: Reading M³ | P8: Daily Consumption M³ | Q8: Daily consumption M³ March-2022 | R8: Reading M³ | S8: Daily Consumption M³ | U8: Reading KWH | V8: Daily Consumption Kwh 2023 | W8: Daily Consumption Kwh 2022 | X8: Reading KWH | Y8: Daily Consumption Kwh 2023 | Z8: Daily Consumption Kwh 2022 | AA8: Reading KWH | AB8: Daily Consumption Kwh 2023 | AC8: Daily Consumption Kwh 2022 | AD8: Reading KWH | AE8: Daily Consumption Kwh 2023 | AF8: Daily Consumption Kwh 2022 | AG8: Reading KWH | AH8: Daily Consumption Kwh 2023 | AI8: Daily Consumption Kwh 2022 | AJ8: Reading KWH | AK8: Daily Consumption Kwh 2023 | AL8: Daily Consumption Kwh 2022 | AM8: Reading KWH | AN8: Daily Consumption Kwh 2023 | AO8: Daily Consumption Kwh 2022 | AP8: Reading KWH | AQ8: Daily Consumption Kwh 2023 | AR8: Daily Consumption Kwh 2022 | AS8: Reading KWH | AT8: Daily Consumption Kwh 2023 | AU8: Daily Consumption Kwh 2022 | AV8: Reading KWH | AW8: Daily Consumption Kwh 2023 | AX8: Daily Consumption Kwh 2022 | AZ8: Reading Kwh | BA8: Daily Consumption Kwh | BB8: Daily Consumption Kwh 2022 | BC8: Reading Kwh | BD8: Daily Consumption Kwh | BE8: Daily Consumption Kwh 2022 | BF8: Reading Kwh | BG8: Daily Consumption Kwh | BH8: Daily Consumption Kwh 2022 | BI8: Reading Kwh | BJ8: Daily Consumption Kwh | BK8: Reading Kwh | BL8: Daily Consumption Kwh | BM8: Reading Kwh | BN8: Daily Consumption Kwh | BO8: Reading Kwh | BP8: Daily Consumption Kwh | BQ8: Reading Kwh | BR8: Daily Consumption Kwh | BS8: Reading Kwh | BT8: Daily Consumption Kwh | BV8: Reading % | BW8: Reading M³ | BX8: Daily consumption M³ March-2022 | BY8: Reading M³ | BZ8: Daily Consumption M³ | CA8: Reading M³ | CB8: Daily Consumption M³ | CC8: Reading M³ | CD8: Daily Consumption M³ | CE8: Reading M³ | CF8: Daily Consumption M³ | CG8: Reading M³ | CH8: Daily Consumption M³ | CI8: Reading M³ | CJ8: Daily Consumption M³ | CK8: Reading M³ | CL8: Daily Consumption M³ | CM8: Daily consumption M³ March-2022 | CN8: Reading M³ | CO8: Daily Consumption M³ | CP8: Daily consumption M³ March-2022 | CQ8: Reading M³ | CR8: Daily Consumption M³ | CS8: Daily consumption M³ March-2022 | CT8: Reading Kg | CU8: Daily Consumption Kg | CW8: Hot Water M³ | CX8: Daily consumption M³ | CY8: Cold Water M³ | CZ8: Daily consumption M³ | DA8: Hot Water M³ | DB8: Daily Consumption M³ | DC8: Cold Water M³ | DD8: Daily Consumption M³ | DE8: Hot Water M³ | DF8: Daily consumption M³ | DG8: Cold Water M³ | DH8: Daily consumption M³ | DI8: Hot Water M³ | DJ8: Daily Consumption M³ | DK8: Cold Water M³ | DL8: Daily Consumption M³ | DM8: Hot Water M³ | DN8: Daily Consumption M³ | DO8: Cold Water M³ | DP8: Daily Consumption M³ | DQ8: Daily Reading | DR8: Daily Consumption M³ | DT8: Reading KWH | DU8: Difference KWH | DV8: Reading KWH | DW8: Difference KWH | DX8: Reading KWH | DY8: Difference KWH | DZ8: Reading KWH | EA8: Difference KWH | EB8: Reading KWH | EC8: Difference KWH | ED8: Reading KWH | EE8: Difference KWH | EG8: Reading KWH | EH8: Difference KWH | EI8: Reading KWH | EJ8: Difference KWH | EK8: Reading KWH | EL8: Difference KWH | EM8: Reading KWH | EN8: Difference KWH | EO8: Reading KWH | EP8: Difference KWH | EQ8: Reading KWH | ER8: Difference KWH | ET8: Reading M³ | EU8: Daily Consumption M³ | EV8: Reading M³ | EW8: Daily Consumption M³ | EX8: Reading M³ | EY8: Daily Consumption M³ | EZ8: Reading M³ | FA8: Daily Consumption M³ | FB8: Reading M³ | FC8: Daily Consumption M³ | FE8: Reading M³ | FF8: Daily Consumption M³ | FG8: Reading M³ | FH8: Daily Consumption M³ | FI8: Reading M³ | FJ8: Daily Consumption M³ | FK8: Reading M³ | FL8: Daily Consumption M³ | FM8: Reading M³ | FN8: Daily Consumption M³ | FO8: Reading M³ | FP8: Daily Consumption M³ | FQ8: Reading kwh | FR8: Daily Consumption kwh
A9: 44620 | B9: ='[1]March - 2023'!$B$9 -> 0.74 | C9: ='[1]March - 2023'!E9 -> 259612 | D9: =C10-C9 -> 606 | E9: ='[1]March - 2023'!G9 -> 550 | F9: ='[1]March - 2023'!H9 -> 277903 | G9: =F10-F9 -> 453 | H9: ='[1]March - 2023'!J9 -> 416 | I9: ='[1]March - 2023'!K9 -> 22339 | J9: =I10-I9 -> 4 | K9: ='[1]March - 2023'!N9 -> 936132 | L9: =K10-K9 -> 116 | M9: ='[1]March - 2023'!Q9 -> 246269 | N9: =M10-M9 -> 0 | O9: ='[1]March - 2023'!U9 -> 122539 | P9: =O10-O9 -> 99 | Q9: ='[1]March - 2023'!W9 -> 3.035 | R9: ='[1]March - 2023'!X9 -> 6958 | S9: =R10-R9 -> 17 | U9: ='[1]March - 2023'!AE9 -> 8344420.6 | V9: =U10-U9 -> 1997.52 | W9: ='[1]March - 2023'!AF9 -> 1997.52 | X9: ='[1]March - 2023'!AH9 -> 15846667 | Y9: =X10-X9 -> 4774.56 | Z9: ='[1]March - 2023'!AI9 -> 4774.56 | AA9: ='[1]March - 2023'!AK9 -> 15989319 | AB9: =AA10-AA9 -> 8233.68 | AC9: ='[1]March - 2023'!AL9 -> 8233.68 | AD9: ='[1]March - 2023'!AN9 -> 19147447 | AE9: =AD10-AD9 -> 2630.88 | AF9: ='[1]March - 2023'!AO9 -> 2630.88 | AG9: ='[1]March - 2023'!AQ9 -> 19399914 | AH9: =AG10-AG9 -> 633.36 | AI9: ='[1]March - 2023'!AR9 -> 633.36 | AJ9: ='[1]March - 2023'!AT9 -> 18005304 | AK9: =AJ10-AJ9 -> 5748.96 | AL9: ='[1]March - 2023'!AU9 -> 5748.96 | AM9: ='[1]March - 2023'!AW9 -> 15118011 | AN9: =AM10-AM9 -> 3897.6 | AO9: ='[1]March - 2023'!AX9 -> 3897.6 | AP9: ='[1]March - 2023'!AZ9 -> 14675536 | AQ9: =AP10-AP9 -> 4482.24 | AR9: ='[1]March - 2023'!BA9 -> 4482.24 | AS9: ='[1]March - 2023'!BC9 -> 11425571 | AT9: =AS10-AS9 -> 3118.08 | AU9: ='[1]March - 2023'!BD9 -> 3118.08 | AV9: ='[1]March - 2023'!BF9 -> 18159649 | AW9: =AV10-AV9 -> 5797.68 | AX9: ='[1]March - 2023'!BG9 -> 5797.68 | AZ9: ='[1]March - 2023'!BM9 -> 78980400 | BA9: =AZ10-AZ9 -> 49400 | BB9: ='[1]March - 2023'!BN9 -> 49400 | BC9: ='[1]March - 2023'!BP9 -> 81987800 | BD9: =BC10-BC9 -> 5900 | BE9: ='[1]March - 2023'!BQ9 -> 5900 | BF9: ='[1]March - 2023'!BS9 -> 75851600 | BG9: =BF10-BF9 -> 0 | BH9: ='[1]March - 2023'!BT9 -> 0 | BS9: ='[1]March - 2023'!BV9 -> 10777520 | BT9: =BS10-BS9 -> 7350 | BV9: ='[1]March - 2023'!BY9 -> 0.7 | BW9: =BV10-BV9 -> 0.15 | BX9: ='[1]March - 2023'!$BZ$9:$BZ$10 -> -0.15 | BY9: ='[1]March - 2023'!CB9 -> 65793 | BZ9: =BY10-BY9 -> 18 | CA9: ='[1]March - 2023'!CD9 -> 57015 | CB9: =CA10-CA9 -> 21 | CC9: ='[1]March - 2023'!CF9 -> 19252 | CD9: =CC10-CC9 -> 6 | CE9: ='[1]March - 2023'!CH9 -> 26376 | CF9: =CE10-CE9 -> 9 | CG9: ='[1]March - 2023'!CJ9 -> 29678 | CH9: =CG10-CG9 -> 15 | CI9: ='[1]March - 2023'!CL9 -> 65373 | CJ9: =CI10-CI9 -> 34 | CK9: ='[1]March - 2023'!CN9 -> 274245 | CL9: =CK10-CK9 -> 83 | CM9: ='[1]March - 2023'!CO9 -> 83 | CN9: ='[1]March - 2023'!CQ9 -> 224360 | CO9: =CN10-CN9 -> 119 | CP9: ='[1]March - 2023'!CR9 -> 119 | CQ9: ='[1]March - 2023'!CT9 -> 376314 | CR9: =CQ10-CQ9 -> 186 | CS9: ='[1]March - 2023'!CU9 -> 186 | CT9: ='[1]March - 2023'!CW9 -> 708909 | CU9: =CT10-CT9 -> 184 | CW9: ='[1]March - 2023'!CZ9 -> 9548 | CX9: =CW10-CW9 -> 10 | CY9: ='[1]March - 2023'!DB9 -> 6443 | CZ9: =CY10-CY9 -> 8 | DA9: ='[1]March - 2023'!DD9 -> 33423 | DB9: =DA10-DA9 -> 19 | DC9: ='[1]March - 2023'!DF9 -> 33545 | DD9: =DC10-DC9 -> 14 | DE9: ='[1]March - 2023'!DH9 -> 22668 | DF9: =DE10-DE9 -> 10 | DG9: ='[1]March - 2023'!DJ9 -> 24484 | DH9: =DG10-DG9 -> 5 | DI9: ='[1]March - 2023'!DL9 -> 7989 | DJ9: =DI10-DI9 -> 11 | DK9: ='[1]March - 2023'!DN9 -> 10418 | DL9: =DK10-DK9 -> 7 | DM9: ='[1]March - 2023'!DP9 -> 3637 | DN9: =DM10-DM9 -> 4 | DO9: ='[1]March - 2023'!DR9 -> 7113 | DP9: =DO10-DO9 -> 9 | DQ9: ='[1]March - 2023'!DT9 -> 30623 | DR9: =DQ10-DQ9 -> 3 | DT9: ='[1]March - 2023'!DW9 -> 7224.3 | DU9: =(DT10-DT9) -> 11.4 | DV9: ='[1]March - 2023'!DY9 -> 11927.6 | DW9: =(DV10-DV9) -> 9.2 | DX9: ='[1]March - 2023'!EA9 -> 5311 | DY9: =(DX10-DX9) -> 6.6 | DZ9: ='[1]March - 2023'!EC9 -> 5926 | EA9: =(DZ10-DZ9) -> 6.5 | EB9: ='[1]March - 2023'!EE9 -> 1172656 | EC9: =EB10-EB9 -> 619 | ED9: ='[1]March - 2023'!EI9 -> 243423.5 | EE9: =ED10-ED9 -> 159.1 | EG9: ='[1]March - 2023'!EL9 -> 12370700 | EH9: =EG10-EG9 -> 4600 | EI9: ='[1]March - 2023'!EN9 -> 953090 | EJ9: =EI10-EI9 -> 290 | EK9: ='[1]March - 2023'!EP9 -> 7321800 | EL9: =EK10-EK9 -> 1100 | EM9: ='[1]March - 2023'!ER9 -> 2521500 | EN9: =EM10-EM9 -> 500 | EO9: ='[1]March - 2023'!ET9 -> 1325980 | EP9: =EO10-EO9 -> 720 | EQ9: ='[1]March - 2023'!EV9 -> 16802500 | ER9: =EQ10-EQ9 -> 3700 | ET9: ='[1]March - 2023'!EY9 -> 43395 | EU9: =ET10-ET9 -> 14 | EV9: ='[1]March - 2023'!FA9 -> 37805 | EW9: =EV10-EV9 -> 12 | EX9: ='[1]March - 2023'!FC9 -> 8358 | EY9: 0 | EZ9: ='[1]March - 2023'!FE9 -> 60441 | FA9: =EZ10-EZ9 -> 10 | FB9: ='[1]March - 2023'!FG9 -> 52292 | FC9: =FB10-FB9 -> 37 | FE9: ='[1]March - 2023'!$FN$9 -> 90044.888 | FF9: =FE10-FE9 -> 107.112 | FG9: ='[1]March - 2023'!$FP$9 -> 12381 | FH9: =FG10-FG9 -> 0 | FI9: ='[1]March - 2023'!$FR9 -> 11035 | FJ9: =FI10-FI9 -> 7 | FK9: ='[1]March - 2023'!$FT9 -> 8730 | FL9: =FK10-FK9 -> 5 | FM9: ='[1]March - 2023'!$FV9 -> 9107 | FN9: =FM10-FM9 -> 3 | FO9: ='[1]March - 2023'!$FJ$9 -> 181.52 | FP9: =FO10-FO9 -> 0.03 | FQ9: ='[1]March - 2023'!$FL$9 -> 262080.3 | FR9: =FQ10-FQ9 -> 249.7
A10: 44621 | B10: ='[1]March - 2023'!B10 -> 0.78 | C10: ='[1]March - 2023'!E10 -> 260218 | F10: ='[1]March - 2023'!H10 -> 278356 | I10: ='[1]March - 2023'!K10 -> 22343 | K10: ='[1]March - 2023'!N10 -> 936248 | M10: ='[1]March - 2023'!Q10 -> 246269 | O10: ='[1]March - 2023'!U10 -> 122638 | R10: ='[1]March - 2023'!X10 -> 6975 | U10: ='[1]March - 2023'!AE10 -> 8346418.1 | X10: ='[1]March - 2023'!AH10 -> 15851442 | AA10: ='[1]March - 2023'!AK10 -> 15997553 | AD10: ='[1]March - 2023'!AN10 -> 19150078 | AG10: ='[1]March - 2023'!AQ10 -> 19400548 | AJ10: ='[1]March - 2023'!AT10 -> 18011053 | AM10: ='[1]March - 2023'!AW10 -> 15121908 | AP10: ='[1]March - 2023'!AZ10 -> 14680018 | AS10: ='[1]March - 2023'!BC10 -> 11428689 | AV10: ='[1]March - 2023'!BF10 -> 18165447 | AZ10: ='[1]March - 2023'!BM10 -> 79029800 | BC10: ='[1]March - 2023'!BP10 -> 81993700 | BF10: ='[1]March - 2023'!BS10 -> 75851600 | BS10: ='[1]March - 2023'!BV10 -> 10784870 | BV10: ='[1]March - 2023'!BY10 -> 0.85 | BY10: ='[1]March - 2023'!CB10 -> 65811 | CA10: ='[1]March - 2023'!CD10 -> 57036 | CC10: ='[1]March - 2023'!CF10 -> 19258 | CE10: ='[1]March - 2023'!CH10 -> 26385 | CG10: ='[1]March - 2023'!CJ10 -> 29693 | CI10: ='[1]March - 2023'!CL10 -> 65407 | CK10: ='[1]March - 2023'!CN10 -> 274328 | CN10: ='[1]March - 2023'!CQ10 -> 224479 | CQ10: ='[1]March - 2023'!CT10 -> 376500 | CT10: ='[1]March - 2023'!CW10 -> 709093 | CW10: ='[1]March - 2023'!CZ10 -> 9558 | CY10: ='[1]March - 2023'!DB10 -> 6451 | DA10: ='[1]March - 2023'!DD10 -> 33442 | DC10: ='[1]March - 2023'!DF10 -> 33559 | DE10: ='[1]March - 2023'!DH10 -> 22678 | DG10: ='[1]March - 2023'!DJ10 -> 24489 | DI10: ='[1]March - 2023'!DL10 -> 8000 | DK10: ='[1]March - 2023'!DN10 -> 10425 | DM10: ='[1]March - 2023'!DP10 -> 3641 | DO10: ='[1]March - 2023'!DR10 -> 7122 | DQ10: ='[1]March - 2023'!DT10 -> 30626 | DT10: ='[1]March - 2023'!DW10 -> 7235.7 | DV10: ='[1]March - 2023'!DY10 -> 11936.8 | DX10: ='[1]March - 2023'!EA10 -> 5317.6 | DZ10: ='[1]March - 2023'!EC10 -> 5932.5 | EB10: ='[1]March - 2023'!EE10 -> 1173275 | ED10: ='[1]March - 2023'!EI10 -> 243582.6 | EG10: ='[1]March - 2023'!EL10 -> 12375300 | EI10: ='[1]March - 2023'!EN10 -> 953380 | EK10: ='[1]March - 2023'!EP10 -> 7322900 | EM10: ='[1]March - 2023'!ER10 -> 2522000 | EO10: ='[1]March - 2023'!ET10 -> 1326700 | EQ10: ='[1]March - 2023'!EV10 -> 16806200 | ET10: ='[1]March - 2023'!EY10 -> 43409 | EV10: ='[1]March - 2023'!FA10 -> 37817 | EX10: ='[1]March - 2023'!FC10 -> 8366 | EZ10: ='[1]March - 2023'!FE10 -> 60451 | FB10: ='[1]March - 2023'!FG10 -> 52329 | FE10: ='[1]March - 2023'!$FN10 -> 90152 | FG10: ='[1]March - 2023'!$FP10 -> 12381 | FI10: ='[1]March - 2023'!$FR10 -> 11042 | FK10: ='[1]March - 2023'!$FT10 -> 8735 | FM10: ='[1]March - 2023'!$FV10 -> 9110 | FO10: ='[1]March - 2023'!$FJ10 -> 181.55 | FQ10: ='[1]March - 2023'!$FL10 -> 262330
A11: 44622 | B11: ='[1]March - 2023'!B11 -> 0.92 | C11: ='[1]March - 2023'!E11 -> 260859 | D11: ='[1]March - 2023'!F11 -> 641 | E11: ='[1]March - 2023'!G11 -> 564 | F11: ='[1]March - 2023'!H11 -> 278799 | G11: ='[1]March - 2023'!I11 -> 443 | H11: ='[1]March - 2023'!J11 -> 429 | I11: ='[1]March - 2023'!K11 -> 22553 | J11: ='[1]March - 2023'!L11 -> 210 | K11: ='[1]March - 2023'!N11 -> 936458 | L11: ='[1]March - 2023'!O11 -> 210 | M11: ='[1]March - 2023'!Q11 -> 246269 | N11: ='[1]March - 2023'!R11 -> 0 | O11: ='[1]March - 2023'!U11 -> 122744 | P11: ='[1]March - 2023'!V11 -> 106 | Q11: ='[1]March - 2023'!W11 -> 3.262 | R11: ='[1]March - 2023'!X11 -> 6991 | S11: ='[1]March - 2023'!Y11 -> 16 | U11: ='[1]March - 2023'!AE11 -> 8348415.6 | V11: ='[1]March - 2023'!AF11 -> 1997.52 | W11: ='[1]March - 2023'!AF11 -> 1997.52 | X11: ='[1]March - 2023'!AH11 -> 15855729 | Y11: ='[1]March - 2023'!AI11 -> 4287.36 | Z11: ='[1]March - 2023'!AI11 -> 4287.36 | AA11: ='[1]March - 2023'!AK11 -> 15997553 | AB11: ='[1]March - 2023'!AL11 -> 0 | AC11: ='[1]March - 2023'!AL11 -> 0 | AD11: ='[1]March - 2023'!AN11 -> 19158750 | AE11: ='[1]March - 2023'!AO11 -> 8672.16 | AF11: ='[1]March - 2023'!AO11 -> 8672.16 | AG11: ='[1]March - 2023'!AQ11 -> 19402448 | AH11: ='[1]March - 2023'!AR11 -> 1900.08 | AI11: ='[1]March - 2023'!AR11 -> 1900.08 | AJ11: ='[1]March - 2023'!AT11 -> 18016218 | AK11: ='[1]March - 2023'!AU11 -> 5164.32 | AL11: ='[1]March - 2023'!AU11 -> 5164.32 | AM11: ='[1]March - 2023'!AW11 -> 15125757 | AN11: ='[1]March - 2023'!AX11 -> 3848.88 | AO11: ='[1]March - 2023'!AX11 -> 3848.88 | AP11: ='[1]March - 2023'!AZ11 -> 14684111 | AQ11: ='[1]March - 2023'!BA11 -> 4092.48 | AR11: ='[1]March - 2023'!BA11 -> 4092.48 | AS11: ='[1]March - 2023'!BC11 -> 11431710 | AT11: ='[1]March - 2023'!BD11 -> 3020.64 | AU11: ='[1]March - 2023'!BD11 -> 3020.64 | AV11: ='[1]March - 2023'!BF11 -> 18170806 | AW11: ='[1]March - 2023'!BG11 -> 5359.2 | AX11: ='[1]March - 2023'!BG11 -> 5359.2 | AZ11: ='[1]March - 2023'!BM11 -> 79029800 | BA11: ='[1]March - 2023'!BN11 -> 0 | BB11: ='[1]March - 2023'!BN11 -> 0 | BC11: ='[1]March - 2023'!BP11 -> 82043400 | BD11: ='[1]March - 2023'!BQ11 -> 49700 | BE11: ='[1]March - 2023'!BQ11 -> 49700 | BF11: ='[1]March - 2023'!BS11 -> 75857600 | BG11: ='[1]March - 2023'!BT11 -> 6000 | BH11: ='[1]March - 2023'!BT11 -> 6000 | BS11: ='[1]March - 2023'!BV11 -> 10791670 | BT11: ='[1]March - 2023'!BW11 -> 6800 | BV11: ='[1]March - 2023'!BY11 -> 0.78 | BW11: ='[1]March - 2023'!BZ11 -> 0.07 | BX11: ='[1]March - 2023'!BZ11 -> 0.07 | BY11: ='[1]March - 2023'!CB11 -> 65826 | BZ11: ='[1]March - 2023'!CC11 -> 15 | CA11: ='[1]March - 2023'!CD11 -> 57053 | CB11: ='[1]March - 2023'!CE11 -> 17 | CC11: ='[1]March - 2023'!CF11 -> 19265 | CD11: ='[1]March - 2023'!CG11 -> 7 | CE11: ='[1]March - 2023'!CH11 -> 26395 | CF11: ='[1]March - 2023'!CI11 -> 10 | ... CL11: ='[1]March - 2023'!CO11 -> 71 | CM11: ='[1]March - 2023'!CO11 -> 71 | CN11: ='[1]March - 2023'!CQ11 -> 224589 | CO11: ='[1]March - 2023'!CR11 -> 110 | CP11: ='[1]March - 2023'!CR11 -> 110 | CQ11: ='[1]March - 2023'!CT11 -> 376666 | CR11: ='[1]March - 2023'!CU11 -> 166 | CS11: ='[1]March - 2023'!CU11 -> 166 | CT11: ='[1]March - 2023'!CW11 -> 709251 | CU11: ='[1]March - 2023'!CX11 -> 158 | CW11: ='[1]March - 2023'!CZ11 -> 9567 | CX11: ='[1]March - 2023'!DA11 -> 9 | CY11: ='[1]March - 2023'!DB11 -> 6459 | CZ11: ='[1]March - 2023'!DC11 -> 8 | DA11: ='[1]March - 2023'!DD11 -> 33462 | DB11: ='[1]March - 2023'!DE11 -> 20 | DC11: ='[1]March - 2023'!DF11 -> 33572 | DD11: ='[1]March - 2023'!DG11 -> 13 | ... DR11: ='[1]March - 2023'!DU11 -> 7 | DT11: ='[1]March - 2023'!DW11 -> 7245.9 | DU11: ='[1]March - 2023'!DX11 -> 10.2 | DV11: ='[1]March - 2023'!DY11 -> 11944.9 | DW11: ='[1]March - 2023'!DZ11 -> 8.1 | DX11: ='[1]March - 2023'!EA11 -> 5323.6 | DY11: ='[1]March - 2023'!EB11 -> 6 | DZ11: ='[1]March - 2023'!EC11 -> 5938.6 | EA11: ='[1]March - 2023'!ED11 -> 6.1 | ... EC11: ='[1]March - 2023'!EF11 -> 594 | ED11: ='[1]March - 2023'!EI11 -> 243722.5 | EE11: ='[1]March - 2023'!EJ11 -> 139.9 | EG11: ='[1]March - 2023'!EL11 -> 12379400 | EH11: ='[1]March - 2023'!EM11 -> 4100 | EI11: ='[1]March - 2023'!EN11 -> 953610 | EJ11: ='[1]March - 2023'!EO11 -> 230 | EK11: ='[1]March - 2023'!EP11 -> 7324100 | EL11: ='[1]March - 2023'!EQ11 -> 1200 | EM11: ='[1]March - 2023'!ER11 -> 2522700 | EN11: ='[1]March - 2023'!ES11 -> 700 | ... ER11: ='[1]March - 2023'!EW11 -> 2900 | ET11: ='[1]March - 2023'!EY11 -> 43423 | EU11: ='[1]March - 2023'!EZ11 -> 14 | EV11: ='[1]March - 2023'!FA11 -> 37827 | EW11: ='[1]March - 2023'!FB11 -> 10 | EX11: ='[1]March - 2023'!FC11 -> 8375 | EY11: ='[1]March - 2023'!FD11 -> 9 | EZ11: ='[1]March - 2023'!FE11 -> 60473 | FA11: ='[1]March - 2023'!FF11 -> 22 | ... FC11: ='[1]March - 2023'!FH11 -> 33 | FE11: ='[1]March - 2023'!$FN11 -> 90300.855 | FF11: =FE11-FE10 -> 148.855 | FG11: ='[1]March - 2023'!$FP11 -> 12381 | FH11: =FG11-FG10 -> 0 | FI11: ='[1]March - 2023'!$FR11 -> 11047 | FJ11: =FI11-FI10 -> 5 | FK11: ='[1]March - 2023'!$FT11 -> 8739 | FL11: =FK11-FK10 -> 4 | FM11: ='[1]March - 2023'!$FV11 -> 9115 | FN11: =FM11-FM10 -> 5 | FO11: ='[1]March - 2023'!$FJ11 -> 181.58 | FP11: =FO11-FO10 -> 0.03 | FQ11: ='[1]March - 2023'!$FL11 -> 262564.6 | FR11: =FQ11-FQ10 -> 234.6
A12: 44623 | B12: ='[1]March - 2023'!B12 -> 0.87 | C12: ='[1]March - 2023'!E12 -> 261580 | D12: ='[1]March - 2023'!F12 -> 721 | E12: ='[1]March - 2023'!G12 -> 682 | F12: ='[1]March - 2023'!H12 -> 279331 | G12: ='[1]March - 2023'!I12 -> 532 | H12: ='[1]March - 2023'!J12 -> 463 | I12: ='[1]March - 2023'!K12 -> 22909 | J12: ='[1]March - 2023'!L12 -> 356 | K12: ='[1]March - 2023'!N12 -> 936734 | L12: ='[1]March - 2023'!O12 -> 276 | M12: ='[1]March - 2023'!Q12 -> 246269 | N12: ='[1]March - 2023'!R12 -> 0 | O12: ='[1]March - 2023'!U12 -> 122859 | P12: ='[1]March - 2023'!V12 -> 115 | Q12: ='[1]March - 2023'!W12 -> 2.086 | R12: ='[1]March - 2023'!X12 -> 7008 | S12: ='[1]March - 2023'!Y12 -> 17 | U12: ='[1]March - 2023'!AE12 -> 8350461.8 | V12: ='[1]March - 2023'!AF12 -> 2046.24 | W12: ='[1]March - 2023'!AF12 -> 2046.24 | X12: ='[1]March - 2023'!AH12 -> 15862406 | Y12: ='[1]March - 2023'!AI12 -> 6677.12 | Z12: ='[1]March - 2023'!AI12 -> 6677.12 | AA12: ='[1]March - 2023'!AK12 -> 15997553 | AB12: ='[1]March - 2023'!AL12 -> 0 | AC12: ='[1]March - 2023'!AL12 -> 0 | AD12: ='[1]March - 2023'!AN12 -> 19163040 | AE12: ='[1]March - 2023'!AO12 -> 4289.84 | AF12: ='[1]March - 2023'!AO12 -> 4289.84 | AG12: ='[1]March - 2023'!AQ12 -> 19412971 | AH12: ='[1]March - 2023'!AR12 -> 10523.52 | AI12: ='[1]March - 2023'!AR12 -> 10523.52 | AJ12: ='[1]March - 2023'!AT12 -> 18021772 | AK12: ='[1]March - 2023'!AU12 -> 5554.08 | AL12: ='[1]March - 2023'!AU12 -> 5554.08 | AM12: ='[1]March - 2023'!AW12 -> 15130093 | AN12: ='[1]March - 2023'!AX12 -> 4336.08 | AO12: ='[1]March - 2023'!AX12 -> 4336.08 | AP12: ='[1]March - 2023'!AZ12 -> 14688593 | AQ12: ='[1]March - 2023'!BA12 -> 4482.24 | AR12: ='[1]March - 2023'!BA12 -> 4482.24 | AS12: ='[1]March - 2023'!BC12 -> 11434925 | AT12: ='[1]March - 2023'!BD12 -> 3215.52 | AU12: ='[1]March - 2023'!BD12 -> 3215.52 | AV12: ='[1]March - 2023'!BF12 -> 18176604 | AW12: ='[1]March - 2023'!BG12 -> 5797.68 | AX12: ='[1]March - 2023'!BG12 -> 5797.68 | AZ12: ='[1]March - 2023'!BM12 -> 79029800 | BA12: ='[1]March - 2023'!BN12 -> 0 | BB12: ='[1]March - 2023'!BN12 -> 0 | BC12: ='[1]March - 2023'!BP12 -> 82049800 | BD12: ='[1]March - 2023'!BQ12 -> 6400 | BE12: ='[1]March - 2023'!BQ12 -> 6400 | BF12: ='[1]March - 2023'!BS12 -> 75913700 | BG12: ='[1]March - 2023'!BT12 -> 56100 | BH12: ='[1]March - 2023'!BT12 -> 56100 | BS12: ='[1]March - 2023'!BV12 -> 10799680 | BT12: ='[1]March - 2023'!BW12 -> 8010 | BV12: ='[1]March - 2023'!BY12 -> 0.7 | BW12: ='[1]March - 2023'!BZ12 -> 0.08 | BX12: ='[1]March - 2023'!BZ12 -> 0.08 | BY12: ='[1]March - 2023'!CB12 -> 65844 | BZ12: ='[1]March - 2023'!CC12 -> 18 | CA12: ='[1]March - 2023'!CD12 -> 57073 | CB12: ='[1]March - 2023'!CE12 -> 20 | CC12: ='[1]March - 2023'!CF12 -> 19273 | CD12: ='[1]March - 2023'!CG12 -> 8 | CE12: ='[1]March - 2023'!CH12 -> 26404 | CF12: ='[1]March - 2023'!CI12 -> 9 | ... CL12: ='[1]March - 2023'!CO12 -> 80 | CM12: ='[1]March - 2023'!CO12 -> 80 | CN12: ='[1]March - 2023'!CQ12 -> 224705 | CO12: ='[1]March - 2023'!CR12 -> 116 | CP12: ='[1]March - 2023'!CR12 -> 116 | CQ12: ='[1]March - 2023'!CT12 -> 376814 | CR12: ='[1]March - 2023'!CU12 -> 148 | CS12: ='[1]March - 2023'!CU12 -> 148 | CT12: ='[1]March - 2023'!CW12 -> 709427 | CU12: ='[1]March - 2023'!CX12 -> 176 | CW12: ='[1]March - 2023'!CZ12 -> 9576 | CX12: ='[1]March - 2023'!DA12 -> 9 | CY12: ='[1]March - 2023'!DB12 -> 6467 | CZ12: ='[1]March - 2023'!DC12 -> 8 | DA12: ='[1]March - 2023'!DD12 -> 33483 | DB12: ='[1]March - 2023'!DE12 -> 21 | DC12: ='[1]March - 2023'!DF12 -> 33586 | DD12: ='[1]March - 2023'!DG12 -> 14 | ... DR12: ='[1]March - 2023'!DU12 -> 6 | DT12: ='[1]March - 2023'!DW12 -> 7256.9 | DU12: ='[1]March - 2023'!DX12 -> 11 | DV12: ='[1]March - 2023'!DY12 -> 11953.9 | DW12: ='[1]March - 2023'!DZ12 -> 9 | DX12: ='[1]March - 2023'!EA12 -> 5330.3 | DY12: ='[1]March - 2023'!EB12 -> 6.7 | DZ12: ='[1]March - 2023'!EC12 -> 5945.8 | EA12: ='[1]March - 2023'!ED12 -> 7.2 | ... EC12: ='[1]March - 2023'!EF12 -> 658 | ED12: ='[1]March - 2023'!EI12 -> 243874.5 | EE12: ='[1]March - 2023'!EJ12 -> 152 | EG12: ='[1]March - 2023'!EL12 -> 12384200 | EH12: ='[1]March - 2023'!EM12 -> 4800 | EI12: ='[1]March - 2023'!EN12 -> 953940 | EJ12: ='[1]March - 2023'!EO12 -> 330 | EK12: ='[1]March - 2023'!EP12 -> 7325600 | EL12: ='[1]March - 2023'!EQ12 -> 1500 | EM12: ='[1]March - 2023'!ER12 -> 2523400 | EN12: ='[1]March - 2023'!ES12 -> 700 | ... ER12: ='[1]March - 2023'!EW12 -> 4800 | ET12: ='[1]March - 2023'!EY12 -> 43440 | EU12: ='[1]March - 2023'!EZ12 -> 17 | EV12: ='[1]March - 2023'!FA12 -> 37840 | EW12: ='[1]March - 2023'!FB12 -> 13 | EX12: ='[1]March - 2023'!FC12 -> 8388 | EY12: ='[1]March - 2023'!FD12 -> 13 | EZ12: ='[1]March - 2023'!FE12 -> 60489 | FA12: ='[1]March - 2023'!FF12 -> 16 | ... FC12: ='[1]March - 2023'!FH12 -> 32 | FE12: ='[1]March - 2023'!$FN12 -> 90453.15 | FF12: =FE12-FE11 -> 152.295 | FG12: ='[1]March - 2023'!$FP12 -> 12381 | FH12: =FG12-FG11 -> 0 | FI12: ='[1]March - 2023'!$FR12 -> 11053 | FJ12: =FI12-FI11 -> 6 | FK12: ='[1]March - 2023'!$FT12 -> 8744 | FL12: =FK12-FK11 -> 5 | FM12: ='[1]March - 2023'!$FV12 -> 9118 | FN12: =FM12-FM11 -> 3 | FO12: ='[1]March - 2023'!$FJ12 -> 181.63 | FP12: =FO12-FO11 -> 0.05 | FQ12: ='[1]March - 2023'!$FL12 -> 262725.7 | FR12: =FQ12-FQ11 -> 161.1
A13: 44624 | B13: ='[1]March - 2023'!B13 -> 0.91 | C13: ='[1]March - 2023'!E13 -> 262319 | D13: ='[1]March - 2023'!F13 -> 739 | E13: ='[1]March - 2023'!G13 -> 680 | F13: ='[1]March - 2023'!H13 -> 279949 | G13: ='[1]March - 2023'!I13 -> 618 | H13: ='[1]March - 2023'!J13 -> 508 | I13: ='[1]March - 2023'!K13 -> 23237 | J13: ='[1]March - 2023'!L13 -> 328 | K13: ='[1]March - 2023'!N13 -> 936999 | L13: ='[1]March - 2023'!O13 -> 265 | M13: ='[1]March - 2023'!Q13 -> 246269 | N13: ='[1]March - 2023'!R13 -> 0 | O13: ='[1]March - 2023'!U13 -> 122979 | P13: ='[1]March - 2023'!V13 -> 120 | Q13: ='[1]March - 2023'!W13 -> 2.087 | R13: ='[1]March - 2023'!X13 -> 7031 | S13: ='[1]March - 2023'!Y13 -> 23 | U13: ='[1]March - 2023'!AE13 -> 8353872.2 | V13: ='[1]March - 2023'!AF13 -> 3410.4 | W13: ='[1]March - 2023'!AF13 -> 3410.4 | X13: ='[1]March - 2023'!AH13 -> 15865960 | Y13: ='[1]March - 2023'!AI13 -> 3554.08 | Z13: ='[1]March - 2023'!AI13 -> 3554.08 | AA13: ='[1]March - 2023'!AK13 -> 15997553 | AB13: ='[1]March - 2023'!AL13 -> 0 | AC13: ='[1]March - 2023'!AL13 -> 0 | AD13: ='[1]March - 2023'!AN13 -> 19169853 | AE13: ='[1]March - 2023'!AO13 -> 6813.36 | AF13: ='[1]March - 2023'!AO13 -> 6813.36 | AG13: ='[1]March - 2023'!AQ13 -> 19414287 | AH13: ='[1]March - 2023'!AR13 -> 1315.44 | AI13: ='[1]March - 2023'!AR13 -> 1315.44 | AJ13: ='[1]March - 2023'!AT13 -> 18028495 | AK13: ='[1]March - 2023'!AU13 -> 6723.36 | AL13: ='[1]March - 2023'!AU13 -> 6723.36 | AM13: ='[1]March - 2023'!AW13 -> 15135112 | AN13: ='[1]March - 2023'!AX13 -> 5018.16 | AO13: ='[1]March - 2023'!AX13 -> 5018.16 | AP13: ='[1]March - 2023'!AZ13 -> 14694342 | AQ13: ='[1]March - 2023'!BA13 -> 5748.96 | AR13: ='[1]March - 2023'!BA13 -> 5748.96 | AS13: ='[1]March - 2023'!BC13 -> 11438774 | AT13: ='[1]March - 2023'!BD13 -> 3848.88 | AU13: ='[1]March - 2023'!BD13 -> 3848.88 | AV13: ='[1]March - 2023'!BF13 -> 18183814 | AW13: ='[1]March - 2023'!BG13 -> 7210.56 | AX13: ='[1]March - 2023'!BG13 -> 7210.56 | AZ13: ='[1]March - 2023'!BM13 -> 79029800 | BA13: ='[1]March - 2023'!BN13 -> 0 | BB13: ='[1]March - 2023'!BN13 -> 0 | BC13: ='[1]March - 2023'!BP13 -> 82109500 | BD13: ='[1]March - 2023'!BQ13 -> 59700 | BE13: ='[1]March - 2023'!BQ13 -> 59700 | BF13: ='[1]March - 2023'!BS13 -> 75913700 | BG13: ='[1]March - 2023'!BT13 -> 0 | BH13: ='[1]March - 2023'!BT13 -> 0 | BS13: ='[1]March - 2023'!BV13 -> 10808810 | BT13: ='[1]March - 2023'!BW13 -> 9130 | BV13: ='[1]March - 2023'!BY13 -> 0.79 | BW13: ='[1]March - 2023'!BZ13 -> -0.09 | BX13: ='[1]March - 2023'!BZ13 -> -0.09 | BY13: ='[1]March - 2023'!CB13 -> 65865 | BZ13: ='[1]March - 2023'!CC13 -> 21 | CA13: ='[1]March - 2023'!CD13 -> 57096 | CB13: ='[1]March - 2023'!CE13 -> 23 | CC13: ='[1]March - 2023'!CF13 -> 19283 | CD13: ='[1]March - 2023'!CG13 -> 10 | CE13: ='[1]March - 2023'!CH13 -> 26417 | CF13: ='[1]March - 2023'!CI13 -> 13 | ... CL13: ='[1]March - 2023'!CO13 -> 95 | CM13: ='[1]March - 2023'!CO13 -> 95 | CN13: ='[1]March - 2023'!CQ13 -> 224843 | CO13: ='[1]March - 2023'!CR13 -> 138 | CP13: ='[1]March - 2023'!CR13 -> 138 | CQ13: ='[1]March - 2023'!CT13 -> 377040 | CR13: ='[1]March - 2023'!CU13 -> 226 | CS13: ='[1]March - 2023'!CU13 -> 226 | CT13: ='[1]March - 2023'!CW13 -> 709640 | CU13: ='[1]March - 2023'!CX13 -> 213 | CW13: ='[1]March - 2023'!CZ13 -> 9586 | CX13: ='[1]March - 2023'!DA13 -> 10 | CY13: ='[1]March - 2023'!DB13 -> 6476 | CZ13: ='[1]March - 2023'!DC13 -> 9 | DA13: ='[1]March - 2023'!DD13 -> 33510 | DB13: ='[1]March - 2023'!DE13 -> 27 | DC13: ='[1]March - 2023'!DF13 -> 33600 | DD13: ='[1]March - 2023'!DG13 -> 14 | ... DR13: ='[1]March - 2023'!DU13 -> 7 | DT13: ='[1]March - 2023'!DW13 -> 7270.1 | DU13: ='[1]March - 2023'!DX13 -> 13.2 | DV13: ='[1]March - 2023'!DY13 -> 11964.5 | DW13: ='[1]March - 2023'!DZ13 -> 10.6 | DX13: ='[1]March - 2023'!EA13 -> 5338.2 | DY13: ='[1]March - 2023'!EB13 -> 7.9 | DZ13: ='[1]March - 2023'!EC13 -> 5955.6 | EA13: ='[1]March - 2023'!ED13 -> 9.8 | ... EC13: ='[1]March - 2023'!EF13 -> 765 | ED13: ='[1]March - 2023'!EI13 -> 244056.1 | EE13: ='[1]March - 2023'!EJ13 -> 181.6 | EG13: ='[1]March - 2023'!EL13 -> 12390100 | EH13: ='[1]March - 2023'!EM13 -> 5900 | EI13: ='[1]March - 2023'!EN13 -> 954320 | EJ13: ='[1]March - 2023'!EO13 -> 380 | EK13: ='[1]March - 2023'!EP13 -> 7327300 | EL13: ='[1]March - 2023'!EQ13 -> 1700 | EM13: ='[1]March - 2023'!ER13 -> 2524200 | EN13: ='[1]March - 2023'!ES13 -> 800 | ... ER13: ='[1]March - 2023'!EW13 -> 7000 | ET13: ='[1]March - 2023'!EY13 -> 43460 | EU13: ='[1]March - 2023'!EZ13 -> 20 | EV13: ='[1]March - 2023'!FA13 -> 37855 | EW13: ='[1]March - 2023'!FB13 -> 15 | EX13: ='[1]March - 2023'!FC13 -> 8405 | EY13: ='[1]March - 2023'!FD13 -> 17 | EZ13: ='[1]March - 2023'!FE13 -> 60505 | FA13: ='[1]March - 2023'!FF13 -> 16 | ... FC13: ='[1]March - 2023'!FH13 -> 45 | FE13: ='[1]March - 2023'!$FN13 -> 90619.41 | FF13: =FE13-FE12 -> 166.26 | FG13: ='[1]March - 2023'!$FP13 -> 12381 | FH13: =FG13-FG12 -> 0 | FI13: ='[1]March - 2023'!$FR13 -> 11058 | FJ13: =FI13-FI12 -> 5 | FK13: ='[1]March - 2023'!$FT13 -> 8752 | FL13: =FK13-FK12 -> 8 | FM13: ='[1]March - 2023'!$FV13 -> 9122 | FN13: =FM13-FM12 -> 4 | FO13: ='[1]March - 2023'!$FJ13 -> 182.3 | FP13: =FO13-FO12 -> 0.67 | FQ13: ='[1]March - 2023'!$FL13 -> 262982.8 | FR13: =FQ13-FQ12 -> 257.1
A14: 44625 | B14: ='[1]March - 2023'!B14 -> 0.85 | C14: ='[1]March - 2023'!E14 -> 262926 | D14: ='[1]March - 2023'!F14 -> 607 | E14: ='[1]March - 2023'!G14 -> 675 | F14: ='[1]March - 2023'!H14 -> 280336 | G14: ='[1]March - 2023'!I14 -> 387 | H14: ='[1]March - 2023'!J14 -> 486 | I14: ='[1]March - 2023'!K14 -> 23419 | J14: ='[1]March - 2023'!L14 -> 182 | K14: ='[1]March - 2023'!N14 -> 937209 | L14: ='[1]March - 2023'!O14 -> 210 | M14: ='[1]March - 2023'!Q14 -> 246269 | N14: ='[1]March - 2023'!R14 -> 0 | O14: ='[1]March - 2023'!U14 -> 123083 | P14: ='[1]March - 2023'!V14 -> 104 | Q14: ='[1]March - 2023'!W14 -> 2.095 | R14: ='[1]March - 2023'!X14 -> 7046 | S14: ='[1]March - 2023'!Y14 -> 15 | U14: ='[1]March - 2023'!AE14 -> 8356918.5 | V14: ='[1]March - 2023'!AF14 -> 3046.24 | W14: ='[1]March - 2023'!AF14 -> 3046.24 | X14: ='[1]March - 2023'!AH14 -> 15870468 | Y14: ='[1]March - 2023'!AI14 -> 4507.84 | Z14: ='[1]March - 2023'!AI14 -> 4507.84 | AA14: ='[1]March - 2023'!AK14 -> 15997553 | AB14: ='[1]March - 2023'!AL14 -> 0 | AC14: ='[1]March - 2023'!AL14 -> 0 | AD14: ='[1]March - 2023'!AN14 -> 19183454 | AE14: ='[1]March - 2023'!AO14 -> 13600.32 | AF14: ='[1]March - 2023'!AO14 -> 13600.32 | AG14: ='[1]March - 2023'!AQ14 -> 19414823 | AH14: ='[1]March - 2023'!AR14 -> 535.92 | AI14: ='[1]March - 2023'!AR14 -> 535.92 | AJ14: ='[1]March - 2023'!AT14 -> 18032734 | AK14: ='[1]March - 2023'!AU14 -> 4238.64 | AL14: ='[1]March - 2023'!AU14 -> 4238.64 | AM14: ='[1]March - 2023'!AW14 -> 15138181 | AN14: ='[1]March - 2023'!AX14 -> 3069.36 | AO14: ='[1]March - 2023'!AX14 -> 3069.36 | AP14: ='[1]March - 2023'!AZ14 -> 14697606 | AQ14: ='[1]March - 2023'!BA14 -> 3264.24 | AR14: ='[1]March - 2023'!BA14 -> 3264.24 | AS14: ='[1]March - 2023'!BC14 -> 11441112 | AT14: ='[1]March - 2023'!BD14 -> 2338.56 | AU14: ='[1]March - 2023'!BD14 -> 2338.56 | AV14: ='[1]March - 2023'!BF14 -> 18188150 | AW14: ='[1]March - 2023'!BG14 -> 4336.08 | AX14: ='[1]March - 2023'!BG14 -> 4336.08 | AZ14: ='[1]March - 2023'!BM14 -> 79029800 | BA14: ='[1]March - 2023'!BN14 -> 0 | BB14: ='[1]March - 2023'!BN14 -> 0 | BC14: ='[1]March - 2023'!BP14 -> 82165000 | BD14: ='[1]March - 2023'!BQ14 -> 55500 | BE14: ='[1]March - 2023'!BQ14 -> 55500 | BF14: ='[1]March - 2023'!BS14 -> 75913700 | BG14: ='[1]March - 2023'!BT14 -> 0 | BH14: ='[1]March - 2023'!BT14 -> 0 | BS14: ='[1]March - 2023'!BV14 -> 10815120 | BT14: ='[1]March - 2023'!BW14 -> 6310 | BV14: ='[1]March - 2023'!BY14 -> 0.71 | BW14: ='[1]March - 2023'!BZ14 -> 0.08 | BX14: ='[1]March - 2023'!BZ14 -> 0.08 | BY14: ='[1]March - 2023'!CB14 -> 65878 | BZ14: ='[1]March - 2023'!CC14 -> 13 | CA14: ='[1]March - 2023'!CD14 -> 57112 | CB14: ='[1]March - 2023'!CE14 -> 16 | CC14: ='[1]March - 2023'!CF14 -> 19289 | CD14: ='[1]March - 2023'!CG14 -> 6 | CE14: ='[1]March - 2023'!CH14 -> 26424 | CF14: ='[1]March - 2023'!CI14 -> 7 | ... CL14: ='[1]March - 2023'!CO14 -> 65 | CM14: ='[1]March - 2023'!CO14 -> 65 | CN14: ='[1]March - 2023'!CQ14 -> 224933 | CO14: ='[1]March - 2023'!CR14 -> 90 | CP14: ='[1]March - 2023'!CR14 -> 90 | CQ14: ='[1]March - 2023'!CT14 -> 377173 | CR14: ='[1]March - 2023'!CU14 -> 133 | CS14: ='[1]March - 2023'!CU14 -> 133 | CT14: ='[1]March - 2023'!CW14 -> 709784 | CU14: ='[1]March - 2023'!CX14 -> 144 | CW14: ='[1]March - 2023'!CZ14 -> 9589 | CX14: ='[1]March - 2023'!DA14 -> 3 | CY14: ='[1]March - 2023'!DB14 -> 6479 | CZ14: ='[1]March - 2023'!DC14 -> 3 | DA14: ='[1]March - 2023'!DD14 -> 33523 | DB14: ='[1]March - 2023'!DE14 -> 13 | DC14: ='[1]March - 2023'!DF14 -> 33611 | DD14: ='[1]March - 2023'!DG14 -> 11 | ... DR14: ='[1]March - 2023'!DU14 -> 6 | DT14: ='[1]March - 2023'!DW14 -> 7278.4 | DU14: ='[1]March - 2023'!DX14 -> 8.3 | DV14: ='[1]March - 2023'!DY14 -> 11971.1 | DW14: ='[1]March - 2023'!DZ14 -> 6.6 | DX14: ='[1]March - 2023'!EA14 -> 5343.1 | DY14: ='[1]March - 2023'!EB14 -> 4.9 | DZ14: ='[1]March - 2023'!EC14 -> 5961.8 | EA14: ='[1]March - 2023'!ED14 -> 6.2 | ... EC14: ='[1]March - 2023'!EF14 -> 496 | ED14: ='[1]March - 2023'!EI14 -> 244176.2 | EE14: ='[1]March - 2023'!EJ14 -> 120.1 | EG14: ='[1]March - 2023'!EL14 -> 12392700 | EH14: ='[1]March - 2023'!EM14 -> 2600 | EI14: ='[1]March - 2023'!EN14 -> 954520 | EJ14: ='[1]March - 2023'!EO14 -> 200 | EK14: ='[1]March - 2023'!EP14 -> 7327800 | EL14: ='[1]March - 2023'!EQ14 -> 500 | EM14: ='[1]March - 2023'!ER14 -> 2524700 | EN14: ='[1]March - 2023'!ES14 -> 500 | ... ER14: ='[1]March - 2023'!EW14 -> 3000 | ET14: ='[1]March - 2023'!EY14 -> 43471 | EU14: ='[1]March - 2023'!EZ14 -> 11 | EV14: ='[1]March - 2023'!FA14 -> 37864 | EW14: ='[1]March - 2023'!FB14 -> 9 | EX14: ='[1]March - 2023'!FC14 -> 8413 | EY14: ='[1]March - 2023'!FD14 -> 8 | EZ14: ='[1]March - 2023'!FE14 -> 60518 | FA14: ='[1]March - 2023'!FF14 -> 13 | ... FC14: ='[1]March - 2023'!FH14 -> 21 | FE14: ='[1]March - 2023'!$FN14 -> 90736.592 | FF14: =FE14-FE13 -> 117.182 | FG14: ='[1]March - 2023'!$FP14 -> 12381 | FH14: =FG14-FG13 -> 0 | FI14: ='[1]March - 2023'!$FR14 -> 11066 | FJ14: =FI14-FI13 -> 8 | FK14: ='[1]March - 2023'!$FT14 -> 8756 | FL14: =FK14-FK13 -> 4 | FM14: ='[1]March - 2023'!$FV14 -> 9126 | FN14: =FM14-FM13 -> 4 | FO14: ='[1]March - 2023'!$FJ14 -> 182.33 | FP14: =FO14-FO13 -> 0.03 | FQ14: ='[1]March - 2023'!$FL14 -> 263091.1 | FR14: =FQ14-FQ13 -> 108.3
A15: 44626 | B15: ='[1]March - 2023'!B15 -> 0.89 | C15: ='[1]March - 2023'!E15 -> 263534 | D15: ='[1]March - 2023'!F15 -> 608 | E15: ='[1]March - 2023'!G15 -> 644 | F15: ='[1]March - 2023'!H15 -> 280840 | G15: ='[1]March - 2023'!I15 -> 504 | H15: ='[1]March - 2023'!J15 -> 438 | I15: ='[1]March - 2023'!K15 -> 23704 | J15: ='[1]March - 2023'!L15 -> 285 | K15: ='[1]March - 2023'!N15 -> 937464 | L15: ='[1]March - 2023'!O15 -> 255 | M15: ='[1]March - 2023'!Q15 -> 246269 | N15: ='[1]March - 2023'!R15 -> 0 | O15: ='[1]March - 2023'!U15 -> 123186 | P15: ='[1]March - 2023'!V15 -> 103 | Q15: ='[1]March - 2023'!W15 -> 9.236 | R15: ='[1]March - 2023'!X15 -> 7059 | S15: ='[1]March - 2023'!Y15 -> 13 | U15: ='[1]March - 2023'!AE15 -> 8359134 | V15: ='[1]March - 2023'!AF15 -> 2215.52 | W15: ='[1]March - 2023'!AF15 -> 2215.52 | X15: ='[1]March - 2023'!AH15 -> 15874925 | Y15: ='[1]March - 2023'!AI15 -> 4456.64 | Z15: ='[1]March - 2023'!AI15 -> 4456.64 | AA15: ='[1]March - 2023'!AK15 -> 15997748 | AB15: ='[1]March - 2023'!AL15 -> 194.88 | AC15: ='[1]March - 2023'!AL15 -> 194.88 | AD15: ='[1]March - 2023'!AN15 -> 19191246 | AE15: ='[1]March - 2023'!AO15 -> 7792.72 | AF15: ='[1]March - 2023'!AO15 -> 7792.72 | AG15: ='[1]March - 2023'!AQ15 -> 19416966 | AH15: ='[1]March - 2023'!AR15 -> 2143.68 | AI15: ='[1]March - 2023'!AR15 -> 2143.68 | AJ15: ='[1]March - 2023'!AT15 -> 18039311 | AK15: ='[1]March - 2023'!AU15 -> 6577.2 | AL15: ='[1]March - 2023'!AU15 -> 6577.2 | AM15: ='[1]March - 2023'!AW15 -> 15142809 | AN15: ='[1]March - 2023'!AX15 -> 4628.4 | AO15: ='[1]March - 2023'!AX15 -> 4628.4 | AP15: ='[1]March - 2023'!AZ15 -> 14702575 | AQ15: ='[1]March - 2023'!BA15 -> 4969.44 | AR15: ='[1]March - 2023'!BA15 -> 4969.44 | AS15: ='[1]March - 2023'!BC15 -> 11444718 | AT15: ='[1]March - 2023'!BD15 -> 3605.28 | AU15: ='[1]March - 2023'!BD15 -> 3605.28 | AV15: ='[1]March - 2023'!BF15 -> 18194338 | AW15: ='[1]March - 2023'!BG15 -> 6187.44 | AX15: ='[1]March - 2023'!BG15 -> 6187.44 | AZ15: ='[1]March - 2023'!BM15 -> 79029800 | BA15: ='[1]March - 2023'!BN15 -> 0 | BB15: ='[1]March - 2023'!BN15 -> 0 | BC15: ='[1]March - 2023'!BP15 -> 82218200 | BD15: ='[1]March - 2023'!BQ15 -> 53200 | BE15: ='[1]March - 2023'!BQ15 -> 53200 | BF15: ='[1]March - 2023'!BS15 -> 75913700 | BG15: ='[1]March - 2023'!BT15 -> 0 | BH15: ='[1]March - 2023'!BT15 -> 0 | BS15: ='[1]March - 2023'!BV15 -> 10823360 | BT15: ='[1]March - 2023'!BW15 -> 8240 | BV15: ='[1]March - 2023'!BY15 -> 0.74 | BW15: ='[1]March - 2023'!BZ15 -> -0.03 | BX15: ='[1]March - 2023'!BZ15 -> -0.03 | BY15: ='[1]March - 2023'!CB15 -> 65899 | BZ15: ='[1]March - 2023'!CC15 -> 21 | CA15: ='[1]March - 2023'!CD15 -> 57135 | CB15: ='[1]March - 2023'!CE15 -> 23 | CC15: ='[1]March - 2023'!CF15 -> 19299 | CD15: ='[1]March - 2023'!CG15 -> 10 | CE15: ='[1]March - 2023'!CH15 -> 26434 | CF15: ='[1]March - 2023'!CI15 -> 10 | ... CL15: ='[1]March - 2023'!CO15 -> 93 | CM15: ='[1]March - 2023'!CO15 -> 93 | CN15: ='[1]March - 2023'!CQ15 -> 225056 | CO15: ='[1]March - 2023'!CR15 -> 123 | CP15: ='[1]March - 2023'!CR15 -> 123 | CQ15: ='[1]March - 2023'!CT15 -> 377359 | CR15: ='[1]March - 2023'!CU15 -> 186 | CS15: ='[1]March - 2023'!CU15 -> 186 | CT15: ='[1]March - 2023'!CW15 -> 709991 | CU15: ='[1]March - 2023'!CX15 -> 207 | CW15: ='[1]March - 2023'!CZ15 -> 9595 | CX15: ='[1]March - 2023'!DA15 -> 6 | CY15: ='[1]March - 2023'!DB15 -> 6484 | CZ15: ='[1]March - 2023'!DC15 -> 5 | DA15: ='[1]March - 2023'!DD15 -> 33542 | DB15: ='[1]March - 2023'!DE15 -> 19 | DC15: ='[1]March - 2023'!DF15 -> 33627 | DD15: ='[1]March - 2023'!DG15 -> 16 | ... DR15: ='[1]March - 2023'!DU15 -> 6 | DT15: ='[1]March - 2023'!DW15 -> 7290.3 | DU15: ='[1]March - 2023'!DX15 -> 11.9 | DV15: ='[1]March - 2023'!DY15 -> 11979.2 | DW15: ='[1]March - 2023'!DZ15 -> 8.1 | DX15: ='[1]March - 2023'!EA15 -> 5350.3 | DY15: ='[1]March - 2023'!EB15 -> 7.2 | DZ15: ='[1]March - 2023'!EC15 -> 5968.7 | EA15: ='[1]March - 2023'!ED15 -> 6.9 | ... EC15: ='[1]March - 2023'!EF15 -> 672 | ED15: ='[1]March - 2023'!EI15 -> 244352.3 | EE15: ='[1]March - 2023'!EJ15 -> 176.1 | EG15: ='[1]March - 2023'!EL15 -> 12397300 | EH15: ='[1]March - 2023'!EM15 -> 4600 | EI15: ='[1]March - 2023'!EN15 -> 954830 | EJ15: ='[1]March - 2023'!EO15 -> 310 | EK15: ='[1]March - 2023'!EP15 -> 7329000 | EL15: ='[1]March - 2023'!EQ15 -> 1200 | EM15: ='[1]March - 2023'!ER15 -> 2525300 | EN15: ='[1]March - 2023'!ES15 -> 600 | ... ER15: ='[1]March - 2023'!EW15 -> 5400 | ET15: ='[1]March - 2023'!EY15 -> 43492 | EU15: ='[1]March - 2023'!EZ15 -> 21 | EV15: ='[1]March - 2023'!FA15 -> 37877 | EW15: ='[1]March - 2023'!FB15 -> 13 | EX15: ='[1]March - 2023'!FC15 -> 8421 | EY15: ='[1]March - 2023'!FD15 -> 8 | EZ15: ='[1]March - 2023'!FE15 -> 60531 | FA15: ='[1]March - 2023'!FF15 -> 13 | ... FC15: ='[1]March - 2023'!FH15 -> 36 | FE15: ='[1]March - 2023'!$FN15 -> 90898.723 | FF15: =FE15-FE14 -> 162.1311 | FG15: ='[1]March - 2023'!$FP15 -> 12391 | FH15: =FG15-FG14 -> 10 | FI15: ='[1]March - 2023'!$FR15 -> 11073 | FJ15: =FI15-FI14 -> 7 | FK15: ='[1]March - 2023'!$FT15 -> 8760 | FL15: =FK15-FK14 -> 4 | FM15: ='[1]March - 2023'!$FV15 -> 9129 | FN15: =FM15-FM14 -> 3 | FO15: ='[1]March - 2023'!$FJ15 -> 183.562 | FP15: =FO15-FO14 -> 1.232 | FQ15: ='[1]March - 2023'!$FL15 -> 263341.1 | FR15: =FQ15-FQ14 -> 250
A16: 44627 | B16: ='[1]March - 2023'!B16 -> 0.91 | C16: ='[1]March - 2023'!E16 -> 264152 | D16: ='[1]March - 2023'!F16 -> 618 | E16: ='[1]March - 2023'!G16 -> 643 | F16: ='[1]March - 2023'!H16 -> 281230 | G16: ='[1]March - 2023'!I16 -> 390 | H16: ='[1]March - 2023'!J16 -> 425 | I16: ='[1]March - 2023'!K16 -> 23902 | J16: ='[1]March - 2023'!L16 -> 198 | K16: ='[1]March - 2023'!N16 -> 937701 | L16: ='[1]March - 2023'!O16 -> 237 | M16: ='[1]March - 2023'!Q16 -> 246269 | N16: ='[1]March - 2023'!R16 -> 0 | O16: ='[1]March - 2023'!U16 -> 123289 | P16: ='[1]March - 2023'!V16 -> 103 | Q16: ='[1]March - 2023'!W16 -> 4.928 | R16: ='[1]March - 2023'!X16 -> 7075 | S16: ='[1]March - 2023'!Y16 -> 16 | U16: ='[1]March - 2023'!AE16 -> 8361277.7 | V16: ='[1]March - 2023'!AF16 -> 2143.68 | W16: ='[1]March - 2023'!AF16 -> 2143.68 | X16: ='[1]March - 2023'!AH16 -> 15878725 | Y16: ='[1]March - 2023'!AI16 -> 3800.16 | Z16: ='[1]March - 2023'!AI16 -> 3800.16 | AA16: ='[1]March - 2023'!AK16 -> 16006323 | AB16: ='[1]March - 2023'!AL16 -> 8574.72 | AC16: ='[1]March - 2023'!AL16 -> 8574.72 | AD16: ='[1]March - 2023'!AN16 -> 19191295 | AE16: ='[1]March - 2023'!AO16 -> 48.72 | AF16: ='[1]March - 2023'!AO16 -> 48.72 | AG16: ='[1]March - 2023'!AQ16 -> 19417648 | AH16: ='[1]March - 2023'!AR16 -> 682.08 | AI16: ='[1]March - 2023'!AR16 -> 682.08 | AJ16: ='[1]March - 2023'!AT16 -> 18043696 | AK16: ='[1]March - 2023'!AU16 -> 4384.8 | AL16: ='[1]March - 2023'!AU16 -> 4384.8 | AM16: ='[1]March - 2023'!AW16 -> 15145879 | AN16: ='[1]March - 2023'!AX16 -> 3069.36 | AO16: ='[1]March - 2023'!AX16 -> 3069.36 | AP16: ='[1]March - 2023'!AZ16 -> 14705888 | AQ16: ='[1]March - 2023'!BA16 -> 3312.96 | AR16: ='[1]March - 2023'!BA16 -> 3312.96 | AS16: ='[1]March - 2023'!BC16 -> 11447105 | AT16: ='[1]March - 2023'!BD16 -> 2387.28 | AU16: ='[1]March - 2023'!BD16 -> 2387.28 | AV16: ='[1]March - 2023'!BF16 -> 18198918 | AW16: ='[1]March - 2023'!BG16 -> 4579.68 | AX16: ='[1]March - 2023'!BG16 -> 4579.68 | AZ16: ='[1]March - 2023'!BM16 -> 79075800 | BA16: ='[1]March - 2023'!BN16 -> 46000 | BB16: ='[1]March - 2023'!BN16 -> 46000 | BC16: ='[1]March - 2023'!BP16 -> 82220500 | BD16: ='[1]March - 2023'!BQ16 -> 2300 | BE16: ='[1]March - 2023'!BQ16 -> 2300 | BF16: ='[1]March - 2023'!BS16 -> 75920000 | BG16: ='[1]March - 2023'!BT16 -> 6300 | BH16: ='[1]March - 2023'!BT16 -> 6300 | BS16: ='[1]March - 2023'!BV16 -> 10829780 | BT16: ='[1]March - 2023'!BW16 -> 6420 | BV16: ='[1]March - 2023'!BY16 -> 0.81 | BW16: ='[1]March - 2023'!BZ16 -> -0.07 | BX16: ='[1]March - 2023'!BZ16 -> -0.07 | BY16: ='[1]March - 2023'!CB16 -> 65915 | BZ16: ='[1]March - 2023'!CC16 -> 16 | CA16: ='[1]March - 2023'!CD16 -> 57154 | CB16: ='[1]March - 2023'!CE16 -> 19 | CC16: ='[1]March - 2023'!CF16 -> 19305 | CD16: ='[1]March - 2023'!CG16 -> 6 | CE16: ='[1]March - 2023'!CH16 -> 26442 | CF16: ='[1]March - 2023'!CI16 -> 8 | ... CL16: ='[1]March - 2023'!CO16 -> 66 | CM16: ='[1]March - 2023'!CO16 -> 66 | CN16: ='[1]March - 2023'!CQ16 -> 225145 | CO16: ='[1]March - 2023'!CR16 -> 89 | CP16: ='[1]March - 2023'!CR16 -> 89 | CQ16: ='[1]March - 2023'!CT16 -> 377471 | CR16: ='[1]March - 2023'!CU16 -> 112 | CS16: ='[1]March - 2023'!CU16 -> 112 | CT16: ='[1]March - 2023'!CW16 -> 710138 | CU16: ='[1]March - 2023'!CX16 -> 147 | CW16: ='[1]March - 2023'!CZ16 -> 9603 | CX16: ='[1]March - 2023'!DA16 -> 8 | CY16: ='[1]March - 2023'!DB16 -> 6492 | CZ16: ='[1]March - 2023'!DC16 -> 8 | DA16: ='[1]March - 2023'!DD16 -> 33558 | DB16: ='[1]March - 2023'!DE16 -> 16 | DC16: ='[1]March - 2023'!DF16 -> 33641 | DD16: ='[1]March - 2023'!DG16 -> 14 | ... DR16: ='[1]March - 2023'!DU16 -> 7 | DT16: ='[1]March - 2023'!DW16 -> 7298.7 | DU16: ='[1]March - 2023'!DX16 -> 8.4 | DV16: ='[1]March - 2023'!DY16 -> 11987.2 | DW16: ='[1]March - 2023'!DZ16 -> 8 | DX16: ='[1]March - 2023'!EA16 -> 5355.3 | DY16: ='[1]March - 2023'!EB16 -> 5 | DZ16: ='[1]March - 2023'!EC16 -> 5974.6 | EA16: ='[1]March - 2023'!ED16 -> 5.9 | ... EC16: ='[1]March - 2023'!EF16 -> 465 | ED16: ='[1]March - 2023'!EI16 -> 244475.3 | EE16: ='[1]March - 2023'!EJ16 -> 123 | EG16: ='[1]March - 2023'!EL16 -> 12400500 | EH16: ='[1]March - 2023'!EM16 -> 3200 | EI16: ='[1]March - 2023'!EN16 -> 955070 | EJ16: ='[1]March - 2023'!EO16 -> 240 | EK16: ='[1]March - 2023'!EP16 -> 7329800 | EL16: ='[1]March - 2023'!EQ16 -> 800 | EM16: ='[1]March - 2023'!ER16 -> 2525900 | EN16: ='[1]March - 2023'!ES16 -> 600 | ... ER16: ='[1]March - 2023'!EW16 -> 4100 | ET16: ='[1]March - 2023'!EY16 -> 43506 | EU16: ='[1]March - 2023'!EZ16 -> 14 | EV16: ='[1]March - 2023'!FA16 -> 37885 | EW16: ='[1]March - 2023'!FB16 -> 8 | EX16: ='[1]March - 2023'!FC16 -> 8430 | EY16: ='[1]March - 2023'!FD16 -> 9 | EZ16: ='[1]March - 2023'!FE16 -> 60544 | FA16: ='[1]March - 2023'!FF16 -> 13 | ... FC16: ='[1]March - 2023'!FH16 -> 22 | FE16: ='[1]March - 2023'!$FN16 -> 91047.497 | FF16: =FE16-FE15 -> 148.7739 | FG16: ='[1]March - 2023'!$FP16 -> 12395 | FH16: =FG16-FG15 -> 4 | FI16: ='[1]March - 2023'!$FR16 -> 11077 | FJ16: =FI16-FI15 -> 4 | FK16: ='[1]March - 2023'!$FT16 -> 8766 | FL16: =FK16-FK15 -> 6 | FM16: ='[1]March - 2023'!$FV16 -> 9133 | FN16: =FM16-FM15 -> 4 | FO16: ='[1]March - 2023'!$FJ16 -> 184.79 | FP16: =FO16-FO15 -> 1.228 | FQ16: ='[1]March - 2023'!$FL16 -> 263581.1 | FR16: =FQ16-FQ15 -> 240
A17: 44628 | B17: ='[1]March - 2023'!B17 -> 0.76 | C17: ='[1]March - 2023'!E17 -> 264779 | D17: ='[1]March - 2023'!F17 -> 627 | E17: ='[1]March - 2023'!G17 -> 696 | F17: ='[1]March - 2023'!H17 -> 281710 | G17: ='[1]March - 2023'!I17 -> 480 | H17: ='[1]March - 2023'!J17 -> 451 | I17: ='[1]March - 2023'!K17 -> 24054 | J17: ='[1]March - 2023'!L17 -> 152 | K17: ='[1]March - 2023'!N17 -> 937849 | L17: ='[1]March - 2023'!O17 -> 148 | M17: ='[1]March - 2023'!Q17 -> 246269 | N17: ='[1]March - 2023'!R17 -> 0 | O17: ='[1]March - 2023'!U17 -> 123401 | P17: ='[1]March - 2023'!V17 -> 112 | Q17: ='[1]March - 2023'!W17 -> 4.916 | R17: ='[1]March - 2023'!X17 -> 7091 | S17: ='[1]March - 2023'!Y17 -> 16 | U17: ='[1]March - 2023'!AE17 -> 8364054.7 | V17: ='[1]March - 2023'!AF17 -> 2777.04 | W17: ='[1]March - 2023'!AF17 -> 2777.04 | X17: ='[1]March - 2023'!AH17 -> 15883402 | Y17: ='[1]March - 2023'!AI17 -> 4677.12 | Z17: ='[1]March - 2023'!AI17 -> 4677.12 | AA17: ='[1]March - 2023'!AK17 -> 16016846 | AB17: ='[1]March - 2023'!AL17 -> 10523.52 | AC17: ='[1]March - 2023'!AL17 -> 10523.52 | AD17: ='[1]March - 2023'!AN17 -> 19191344 | AE17: ='[1]March - 2023'!AO17 -> 48.72 | AF17: ='[1]March - 2023'!AO17 -> 48.72 | AG17: ='[1]March - 2023'!AQ17 -> 19418574 | AH17: ='[1]March - 2023'!AR17 -> 925.68 | AI17: ='[1]March - 2023'!AR17 -> 925.68 | AJ17: ='[1]March - 2023'!AT17 -> 18049201 | AK17: ='[1]March - 2023'!AU17 -> 5505.36 | AL17: ='[1]March - 2023'!AU17 -> 5505.36 | AM17: ='[1]March - 2023'!AW17 -> 15149776 | AN17: ='[1]March - 2023'!AX17 -> 3897.6 | AO17: ='[1]March - 2023'!AX17 -> 3897.6 | AP17: ='[1]March - 2023'!AZ17 -> 14710273 | AQ17: ='[1]March - 2023'!BA17 -> 4384.8 | AR17: ='[1]March - 2023'!BA17 -> 4384.8 | AS17: ='[1]March - 2023'!BC17 -> 11450077 | AT17: ='[1]March - 2023'!BD17 -> 2971.92 | AU17: ='[1]March - 2023'!BD17 -> 2971.92 | AV17: ='[1]March - 2023'!BF17 -> 18204666 | AW17: ='[1]March - 2023'!BG17 -> 5748.96 | AX17: ='[1]March - 2023'!BG17 -> 5748.96 | AZ17: ='[1]March - 2023'!BM17 -> 79133200 | BA17: ='[1]March - 2023'!BN17 -> 57400 | BB17: ='[1]March - 2023'!BN17 -> 57400 | BC17: ='[1]March - 2023'!BP17 -> 82220500 | BD17: ='[1]March - 2023'!BQ17 -> 0 | BE17: ='[1]March - 2023'!BQ17 -> 0 | BF17: ='[1]March - 2023'!BS17 -> 75920000 | BG17: ='[1]March - 2023'!BT17 -> 0 | BH17: ='[1]March - 2023'!BT17 -> 0 | BS17: ='[1]March - 2023'!BV17 -> 10837630 | BT17: ='[1]March - 2023'!BW17 -> 7850 | BV17: ='[1]March - 2023'!BY17 -> 0.81 | BW17: ='[1]March - 2023'!BZ17 -> 0 | BX17: ='[1]March - 2023'!BZ17 -> 0 | BY17: ='[1]March - 2023'!CB17 -> 65929 | BZ17: ='[1]March - 2023'!CC17 -> 14 | CA17: ='[1]March - 2023'!CD17 -> 57173 | CB17: ='[1]March - 2023'!CE17 -> 19 | CC17: ='[1]March - 2023'!CF17 -> 19311 | CD17: ='[1]March - 2023'!CG17 -> 6 | CE17: ='[1]March - 2023'!CH17 -> 26450 | CF17: ='[1]March - 2023'!CI17 -> 8 | ... CL17: ='[1]March - 2023'!CO17 -> 80 | CM17: ='[1]March - 2023'!CO17 -> 80 | CN17: ='[1]March - 2023'!CQ17 -> 225243 | CO17: ='[1]March - 2023'!CR17 -> 98 | CP17: ='[1]March - 2023'!CR17 -> 98 | CQ17: ='[1]March - 2023'!CT17 -> 377602 | CR17: ='[1]March - 2023'!CU17 -> 131 | CS17: ='[1]March - 2023'!CU17 -> 131 | CT17: ='[1]March - 2023'!CW17 -> 710314 | CU17: ='[1]March - 2023'!CX17 -> 176 | CW17: ='[1]March - 2023'!CZ17 -> 9606 | CX17: ='[1]March - 2023'!DA17 -> 3 | CY17: ='[1]March - 2023'!DB17 -> 6497 | CZ17: ='[1]March - 2023'!DC17 -> 5 | DA17: ='[1]March - 2023'!DD17 -> 33577 | DB17: ='[1]March - 2023'!DE17 -> 19 | DC17: ='[1]March - 2023'!DF17 -> 33658 | DD17: ='[1]March - 2023'!DG17 -> 17 | ... DR17: ='[1]March - 2023'!DU17 -> 3 | DT17: ='[1]March - 2023'!DW17 -> 7309.9 | DU17: ='[1]March - 2023'!DX17 -> 11.2 | DV17: ='[1]March - 2023'!DY17 -> 11995.8 | DW17: ='[1]March - 2023'!DZ17 -> 8.6 | DX17: ='[1]March - 2023'!EA17 -> 5361.7 | DY17: ='[1]March - 2023'!EB17 -> 6.4 | DZ17: ='[1]March - 2023'!EC17 -> 5981.3 | EA17: ='[1]March - 2023'!ED17 -> 6.7 | ... EC17: ='[1]March - 2023'!EF17 -> 593 | ED17: ='[1]March - 2023'!EI17 -> 244629.7 | EE17: ='[1]March - 2023'!EJ17 -> 154.4 | EG17: ='[1]March - 2023'!EL17 -> 12404800 | EH17: ='[1]March - 2023'!EM17 -> 4300 | EI17: ='[1]March - 2023'!EN17 -> 955370 | EJ17: ='[1]March - 2023'!EO17 -> 300 | EK17: ='[1]March - 2023'!EP17 -> 7330900 | EL17: ='[1]March - 2023'!EQ17 -> 1100 | EM17: ='[1]March - 2023'!ER17 -> 2526600 | EN17: ='[1]March - 2023'!ES17 -> 700 | ... ER17: ='[1]March - 2023'!EW17 -> 5400 | ET17: ='[1]March - 2023'!EY17 -> 43522 | EU17: ='[1]March - 2023'!EZ17 -> 16 | EV17: ='[1]March - 2023'!FA17 -> 37896 | EW17: ='[1]March - 2023'!FB17 -> 11 | EX17: ='[1]March - 2023'!FC17 -> 8440 | EY17: ='[1]March - 2023'!FD17 -> 10 | EZ17: ='[1]March - 2023'!FE17 -> 60560 | FA17: ='[1]March - 2023'!FF17 -> 16 | ... FC17: ='[1]March - 2023'!FH17 -> 34 | FE17: ='[1]March - 2023'!$FN17 -> 91140.099 | FF17: =FE17-FE16 -> 92.602 | FG17: ='[1]March - 2023'!$FP17 -> 12397 | FH17: =FG17-FG16 -> 2 | FI17: ='[1]March - 2023'!$FR17 -> 11082 | FJ17: =FI17-FI16 -> 5 | FK17: ='[1]March - 2023'!$FT17 -> 8772 | FL17: =FK17-FK16 -> 6 | FM17: ='[1]March - 2023'!$FV17 -> 9137 | FN17: =FM17-FM16 -> 4 | FO17: ='[1]March - 2023'!$FJ17 -> 187.018 | FP17: =FO17-FO16 -> 2.228 | FQ17: ='[1]March - 2023'!$FL17 -> 263858.2 | FR17: =FQ17-FQ16 -> 277.1
A18: 44629 | B18: ='[1]March - 2023'!B18 -> 0.86 | C18: ='[1]March - 2023'!E18 -> 265364 | D18: ='[1]March - 2023'!F18 -> 585 | E18: ='[1]March - 2023'!G18 -> 687 | F18: ='[1]March - 2023'!H18 -> 282195 | G18: ='[1]March - 2023'!I18 -> 485 | H18: ='[1]March - 2023'!J18 -> 450 | I18: ='[1]March - 2023'!K18 -> 24324 | J18: ='[1]March - 2023'!L18 -> 270 | K18: ='[1]March - 2023'!N18 -> 938112 | L18: ='[1]March - 2023'!O18 -> 263 | M18: ='[1]March - 2023'!Q18 -> 246269 | N18: ='[1]March - 2023'!R18 -> 0 | O18: ='[1]March - 2023'!U18 -> 123514 | P18: ='[1]March - 2023'!V18 -> 113 | Q18: ='[1]March - 2023'!W18 -> 4.93 | R18: ='[1]March - 2023'!X18 -> 7108 | S18: ='[1]March - 2023'!Y18 -> 17 | U18: ='[1]March - 2023'!AE18 -> 8366783 | V18: ='[1]March - 2023'!AF18 -> 2728.32 | W18: ='[1]March - 2023'!AF18 -> 2728.32 | X18: ='[1]March - 2023'!AH18 -> 15887982 | Y18: ='[1]March - 2023'!AI18 -> 4579.68 | Z18: ='[1]March - 2023'!AI18 -> 4579.68 | AA18: ='[1]March - 2023'!AK18 -> 16026834 | AB18: ='[1]March - 2023'!AL18 -> 9987.6 | AC18: ='[1]March - 2023'!AL18 -> 9987.6 | AD18: ='[1]March - 2023'!AN18 -> 19191393 | AE18: ='[1]March - 2023'!AO18 -> 48.72 | AF18: ='[1]March - 2023'!AO18 -> 48.72 | AG18: ='[1]March - 2023'!AQ18 -> 19419402 | AH18: ='[1]March - 2023'!AR18 -> 828.24 | AI18: ='[1]March - 2023'!AR18 -> 828.24 | AJ18: ='[1]March - 2023'!AT18 -> 18054658 | AK18: ='[1]March - 2023'!AU18 -> 5456.64 | AL18: ='[1]March - 2023'!AU18 -> 5456.64 | AM18: ='[1]March - 2023'!AW18 -> 15153723 | AN18: ='[1]March - 2023'!AX18 -> 3946.32 | AO18: ='[1]March - 2023'!AX18 -> 3946.32 | AP18: ='[1]March - 2023'!AZ18 -> 14714512 | AQ18: ='[1]March - 2023'!BA18 -> 4238.64 | AR18: ='[1]March - 2023'!BA18 -> 4238.64 | AS18: ='[1]March - 2023'!BC18 -> 11452903 | AT18: ='[1]March - 2023'!BD18 -> 2825.76 | AU18: ='[1]March - 2023'!BD18 -> 2825.76 | AV18: ='[1]March - 2023'!BF18 -> 18210074 | AW18: ='[1]March - 2023'!BG18 -> 5407.92 | AX18: ='[1]March - 2023'!BG18 -> 5407.92 | AZ18: ='[1]March - 2023'!BM18 -> 79189900 | BA18: ='[1]March - 2023'!BN18 -> 56700 | BB18: ='[1]March - 2023'!BN18 -> 56700 | BC18: ='[1]March - 2023'!BP18 -> 82220500 | BD18: ='[1]March - 2023'!BQ18 -> 0 | BE18: ='[1]March - 2023'!BQ18 -> 0 | BF18: ='[1]March - 2023'!BS18 -> 75920000 | BG18: ='[1]March - 2023'!BT18 -> 0 | BH18: ='[1]March - 2023'!BT18 -> 0 | BS18: ='[1]March - 2023'!BV18 -> 10845760 | BT18: ='[1]March - 2023'!BW18 -> 8130 | BV18: ='[1]March - 2023'!BY18 -> 0.79 | BW18: ='[1]March - 2023'!BZ18 -> 0.02 | BX18: ='[1]March - 2023'!BZ18 -> 0.02 | BY18: ='[1]March - 2023'!CB18 -> 65943 | BZ18: ='[1]March - 2023'!CC18 -> 14 | CA18: ='[1]March - 2023'!CD18 -> 57192 | CB18: ='[1]March - 2023'!CE18 -> 19 | CC18: ='[1]March - 2023'!CF18 -> 19317 | CD18: ='[1]March - 2023'!CG18 -> 6 | CE18: ='[1]March - 2023'!CH18 -> 26458 | CF18: ='[1]March - 2023'!CI18 -> 8 | ... CL18: ='[1]March - 2023'!CO18 -> 82 | CM18: ='[1]March - 2023'!CO18 -> 82 | CN18: ='[1]March - 2023'!CQ18 -> 225356 | CO18: ='[1]March - 2023'!CR18 -> 113 | CP18: ='[1]March - 2023'!CR18 -> 113 | CQ18: ='[1]March - 2023'!CT18 -> 377752 | CR18: ='[1]March - 2023'!CU18 -> 150 | CS18: ='[1]March - 2023'!CU18 -> 150 | CT18: ='[1]March - 2023'!CW18 -> 710497 | CU18: ='[1]March - 2023'!CX18 -> 183 | CW18: ='[1]March - 2023'!CZ18 -> 9609 | CX18: ='[1]March - 2023'!DA18 -> 3 | CY18: ='[1]March - 2023'!DB18 -> 6503 | CZ18: ='[1]March - 2023'!DC18 -> 6 | DA18: ='[1]March - 2023'!DD18 -> 33594 | DB18: ='[1]March - 2023'!DE18 -> 17 | DC18: ='[1]March - 2023'!DF18 -> 33670 | DD18: ='[1]March - 2023'!DG18 -> 12 | ... DR18: ='[1]March - 2023'!DU18 -> 3 | DT18: ='[1]March - 2023'!DW18 -> 7320.1 | DU18: ='[1]March - 2023'!DX18 -> 10.2 | DV18: ='[1]March - 2023'!DY18 -> 12004.7 | DW18: ='[1]March - 2023'!DZ18 -> 8.9 | DX18: ='[1]March - 2023'!EA18 -> 5367.9 | DY18: ='[1]March - 2023'!EB18 -> 6.2 | DZ18: ='[1]March - 2023'!EC18 -> 5987.7 | EA18: ='[1]March - 2023'!ED18 -> 6.4 | ... EC18: ='[1]March - 2023'!EF18 -> 628 | ED18: ='[1]March - 2023'!EI18 -> 244780.2 | EE18: ='[1]March - 2023'!EJ18 -> 150.5 | EG18: ='[1]March - 2023'!EL18 -> 12408800 | EH18: ='[1]March - 2023'!EM18 -> 4000 | EI18: ='[1]March - 2023'!EN18 -> 955630 | EJ18: ='[1]March - 2023'!EO18 -> 260 | EK18: ='[1]March - 2023'!EP18 -> 7332100 | EL18: ='[1]March - 2023'!EQ18 -> 1200 | EM18: ='[1]March - 2023'!ER18 -> 2527100 | EN18: ='[1]March - 2023'!ES18 -> 500 | ... ER18: ='[1]March - 2023'!EW18 -> 5100 | ET18: ='[1]March - 2023'!EY18 -> 43534 | EU18: ='[1]March - 2023'!EZ18 -> 12 | EV18: ='[1]March - 2023'!FA18 -> 37908 | EW18: ='[1]March - 2023'!FB18 -> 12 | EX18: ='[1]March - 2023'!FC18 -> 8449 | EY18: ='[1]March - 2023'!FD18 -> 9 | EZ18: ='[1]March - 2023'!FE18 -> 60576 | FA18: ='[1]March - 2023'!FF18 -> 16 | ... FC18: ='[1]March - 2023'!FH18 -> 32 | FE18: ='[1]March - 2023'!$FN18 -> 91260.955 | FF18: =FE18-FE17 -> 120.856 | FG18: ='[1]March - 2023'!$FP18 -> 12406 | FH18: =FG18-FG17 -> 9 | FI18: ='[1]March - 2023'!$FR18 -> 11088 | FJ18: =FI18-FI17 -> 6 | FK18: ='[1]March - 2023'!$FT18 -> 8778 | FL18: =FK18-FK17 -> 6 | FM18: ='[1]March - 2023'!$FV18 -> 9141 | FN18: =FM18-FM17 -> 4 | FO18: ='[1]March - 2023'!$FJ18 -> 189.04 | FP18: =FO18-FO17 -> 2.022 | FQ18: ='[1]March - 2023'!$FL18 -> 264019.5 | FR18: =FQ18-FQ17 -> 161.3
A19: 44630 | B19: ='[1]March - 2023'!B19 -> 0.85 | C19: ='[1]March - 2023'!E19 -> 266045 | D19: ='[1]March - 2023'!F19 -> 681 | E19: ='[1]March - 2023'!G19 -> 682 | F19: ='[1]March - 2023'!H19 -> 282718 | G19: ='[1]March - 2023'!I19 -> 523 | H19: ='[1]March - 2023'!J19 -> 481 | I19: ='[1]March - 2023'!K19 -> 24599 | J19: ='[1]March - 2023'!L19 -> 275 | K19: ='[1]March - 2023'!N19 -> 938378 | L19: ='[1]March - 2023'!O19 -> 266 | M19: ='[1]March - 2023'!Q19 -> 246269 | N19: ='[1]March - 2023'!R19 -> 0 | O19: ='[1]March - 2023'!U19 -> 123617 | P19: ='[1]March - 2023'!V19 -> 103 | Q19: ='[1]March - 2023'!W19 -> 0.622 | R19: ='[1]March - 2023'!X19 -> 7118 | S19: ='[1]March - 2023'!Y19 -> 10 | U19: ='[1]March - 2023'!AE19 -> 8369657.5 | V19: ='[1]March - 2023'!AF19 -> 2874.48 | W19: ='[1]March - 2023'!AF19 -> 2874.48 | X19: ='[1]March - 2023'!AH19 -> 15892610 | Y19: ='[1]March - 2023'!AI19 -> 4628.4 | Z19: ='[1]March - 2023'!AI19 -> 4628.4 | AA19: ='[1]March - 2023'!AK19 -> 16034044 | AB19: ='[1]March - 2023'!AL19 -> 7210.56 | AC19: ='[1]March - 2023'!AL19 -> 7210.56 | AD19: ='[1]March - 2023'!AN19 -> 19192172 | AE19: ='[1]March - 2023'!AO19 -> 779.52 | AF19: ='[1]March - 2023'!AO19 -> 779.52 | AG19: ='[1]March - 2023'!AQ19 -> 19421448 | AH19: ='[1]March - 2023'!AR19 -> 2046.24 | AI19: ='[1]March - 2023'!AR19 -> 2046.24 | AJ19: ='[1]March - 2023'!AT19 -> 18060260 | AK19: ='[1]March - 2023'!AU19 -> 5602.8 | AL19: ='[1]March - 2023'!AU19 -> 5602.8 | AM19: ='[1]March - 2023'!AW19 -> 15157766 | AN19: ='[1]March - 2023'!AX19 -> 4043.76 | AO19: ='[1]March - 2023'!AX19 -> 4043.76 | AP19: ='[1]March - 2023'!AZ19 -> 14719043 | AQ19: ='[1]March - 2023'!BA19 -> 4530.96 | AR19: ='[1]March - 2023'!BA19 -> 4530.96 | AS19: ='[1]March - 2023'!BC19 -> 11455777 | AT19: ='[1]March - 2023'!BD19 -> 2874.48 | AU19: ='[1]March - 2023'!BD19 -> 2874.48 | AV19: ='[1]March - 2023'!BF19 -> 18215628 | AW19: ='[1]March - 2023'!BG19 -> 5554.08 | AX19: ='[1]March - 2023'!BG19 -> 5554.08 | AZ19: ='[1]March - 2023'!BM19 -> 79232900 | BA19: ='[1]March - 2023'!BN19 -> 43000 | BB19: ='[1]March - 2023'!BN19 -> 43000 | BC19: ='[1]March - 2023'!BP19 -> 82224500 | BD19: ='[1]March - 2023'!BQ19 -> 4000 | BE19: ='[1]March - 2023'!BQ19 -> 4000 | BF19: ='[1]March - 2023'!BS19 -> 75925700 | BG19: ='[1]March - 2023'!BT19 -> 5700 | BH19: ='[1]March - 2023'!BT19 -> 5700 | BS19: ='[1]March - 2023'!BV19 -> 10853780 | BT19: ='[1]March - 2023'!BW19 -> 8020 | BV19: ='[1]March - 2023'!BY19 -> 0.85 | BW19: ='[1]March - 2023'!BZ19 -> -0.06 | BX19: ='[1]March - 2023'!BZ19 -> -0.06 | BY19: ='[1]March - 2023'!CB19 -> 65961 | BZ19: ='[1]March - 2023'!CC19 -> 18 | CA19: ='[1]March - 2023'!CD19 -> 57208 | CB19: ='[1]March - 2023'!CE19 -> 16 | CC19: ='[1]March - 2023'!CF19 -> 19323 | CD19: ='[1]March - 2023'!CG19 -> 6 | CE19: ='[1]March - 2023'!CH19 -> 26467 | CF19: ='[1]March - 2023'!CI19 -> 9 | ... CL19: ='[1]March - 2023'!CO19 -> 81 | CM19: ='[1]March - 2023'!CO19 -> 81 | CN19: ='[1]March - 2023'!CQ19 -> 225475 | CO19: ='[1]March - 2023'!CR19 -> 119 | CP19: ='[1]March - 2023'!CR19 -> 119 | CQ19: ='[1]March - 2023'!CT19 -> 377954 | CR19: ='[1]March - 2023'!CU19 -> 202 | CS19: ='[1]March - 2023'!CU19 -> 202 | CT19: ='[1]March - 2023'!CW19 -> 710677 | CU19: ='[1]March - 2023'!CX19 -> 180 | CW19: ='[1]March - 2023'!CZ19 -> 9612 | CX19: ='[1]March - 2023'!DA19 -> 3 | CY19: ='[1]March - 2023'!DB19 -> 6508 | CZ19: ='[1]March - 2023'!DC19 -> 5 | DA19: ='[1]March - 2023'!DD19 -> 33613 | DB19: ='[1]March - 2023'!DE19 -> 19 | DC19: ='[1]March - 2023'!DF19 -> 33685 | DD19: ='[1]March - 2023'!DG19 -> 15 | ... DR19: ='[1]March - 2023'!DU19 -> 3 | DT19: ='[1]March - 2023'!DW19 -> 7330.5 | DU19: ='[1]March - 2023'!DX19 -> 10.4 | DV19: ='[1]March - 2023'!DY19 -> 12013.5 | DW19: ='[1]March - 2023'!DZ19 -> 8.8 | DX19: ='[1]March - 2023'!EA19 -> 5373.6 | DY19: ='[1]March - 2023'!EB19 -> 5.7 | DZ19: ='[1]March - 2023'!EC19 -> 5995.2 | EA19: ='[1]March - 2023'!ED19 -> 7.5 | ... EC19: ='[1]March - 2023'!EF19 -> 645 | ED19: ='[1]March - 2023'!EI19 -> 244931.6 | EE19: ='[1]March - 2023'!EJ19 -> 151.4 | EG19: ='[1]March - 2023'!EL19 -> 12412300 | EH19: ='[1]March - 2023'!EM19 -> 3500 | EI19: ='[1]March - 2023'!EN19 -> 955890 | EJ19: ='[1]March - 2023'!EO19 -> 260 | EK19: ='[1]March - 2023'!EP19 -> 7333300 | EL19: ='[1]March - 2023'!EQ19 -> 1200 | EM19: ='[1]March - 2023'!ER19 -> 2527700 | EN19: ='[1]March - 2023'!ES19 -> 600 | ... ER19: ='[1]March - 2023'!EW19 -> 4300 | ET19: ='[1]March - 2023'!EY19 -> 43548 | EU19: ='[1]March - 2023'!EZ19 -> 14 | EV19: ='[1]March - 2023'!FA19 -> 37920 | EW19: ='[1]March - 2023'!FB19 -> 12 | EX19: ='[1]March - 2023'!FC19 -> 8461 | EY19: ='[1]March - 2023'!FD19 -> 12 | EZ19: ='[1]March - 2023'!FE19 -> 60592 | FA19: ='[1]March - 2023'!FF19 -> 16 | ... FC19: ='[1]March - 2023'!FH19 -> 35 | FE19: ='[1]March - 2023'!$FN19 -> 91399.569 | FF19: =FE19-FE18 -> 138.614 | FG19: ='[1]March - 2023'!$FP19 -> 12415 | FH19: =FG19-FG18 -> 9 | FI19: ='[1]March - 2023'!$FR19 -> 11094 | FJ19: =FI19-FI18 -> 6 | FK19: ='[1]March - 2023'!$FT19 -> 8784 | FL19: =FK19-FK18 -> 6 | FM19: ='[1]March - 2023'!$FV19 -> 9146 | FN19: =FM19-FM18 -> 5 | FO19: ='[1]March - 2023'!$FJ19 -> 189.08 | FP19: =FO19-FO18 -> 0.04 | FQ19: ='[1]March - 2023'!$FL19 -> 264180.7 | FR19: =FQ19-FQ18 -> 161.2
A20: 44631 | B20: ='[1]March - 2023'!B20 -> 0.82 | C20: ='[1]March - 2023'!E20 -> 266718 | D20: ='[1]March - 2023'!F20 -> 673 | E20: ='[1]March - 2023'!G20 -> 725 | F20: ='[1]March - 2023'!H20 -> 283229 | G20: ='[1]March - 2023'!I20 -> 511 | H20: ='[1]March - 2023'!J20 -> 472 | I20: ='[1]March - 2023'!K20 -> 24906 | J20: ='[1]March - 2023'!L20 -> 307 | K20: ='[1]March - 2023'!N20 -> 938645 | L20: ='[1]March - 2023'!O20 -> 267 | M20: ='[1]March - 2023'!Q20 -> 246269 | N20: ='[1]March - 2023'!R20 -> 0 | O20: ='[1]March - 2023'!U20 -> 123726 | P20: ='[1]March - 2023'!V20 -> 109 | Q20: ='[1]March - 2023'!W20 -> 0.558 | R20: ='[1]March - 2023'!X20 -> 7133 | S20: ='[1]March - 2023'!Y20 -> 15 | U20: ='[1]March - 2023'!AE20 -> 8372580.7 | V20: ='[1]March - 2023'!AF20 -> 2923.2 | W20: ='[1]March - 2023'!AF20 -> 2923.2 | X20: ='[1]March - 2023'!AH20 -> 15897482 | Y20: ='[1]March - 2023'!AI20 -> 4872 | Z20: ='[1]March - 2023'!AI20 -> 4872 | AA20: ='[1]March - 2023'!AK20 -> 16035701 | AB20: ='[1]March - 2023'!AL20 -> 1656.48 | AC20: ='[1]March - 2023'!AL20 -> 1656.48 | AD20: ='[1]March - 2023'!AN20 -> 19193049 | AE20: ='[1]March - 2023'!AO20 -> 876.96 | AF20: ='[1]March - 2023'!AO20 -> 876.96 | AG20: ='[1]March - 2023'!AQ20 -> 19430900 | AH20: ='[1]March - 2023'!AR20 -> 9451.68 | AI20: ='[1]March - 2023'!AR20 -> 9451.68 | AJ20: ='[1]March - 2023'!AT20 -> 18065912 | AK20: ='[1]March - 2023'!AU20 -> 5651.52 | AL20: ='[1]March - 2023'!AU20 -> 5651.52 | AM20: ='[1]March - 2023'!AW20 -> 15161859 | AN20: ='[1]March - 2023'!AX20 -> 4092.48 | AO20: ='[1]March - 2023'!AX20 -> 4092.48 | AP20: ='[1]March - 2023'!AZ20 -> 14723671 | AQ20: ='[1]March - 2023'!BA20 -> 4628.4 | AR20: ='[1]March - 2023'!BA20 -> 4628.4 | AS20: ='[1]March - 2023'!BC20 -> 11458847 | AT20: ='[1]March - 2023'!BD20 -> 3069.36 | AU20: ='[1]March - 2023'!BD20 -> 3069.36 | AV20: ='[1]March - 2023'!BF20 -> 18221670 | AW20: ='[1]March - 2023'!BG20 -> 6041.28 | AX20: ='[1]March - 2023'!BG20 -> 6041.28 | AZ20: ='[1]March - 2023'!BM20 -> 79238600 | BA20: ='[1]March - 2023'!BN20 -> 5700 | BB20: ='[1]March - 2023'!BN20 -> 5700 | BC20: ='[1]March - 2023'!BP20 -> 82224500 | BD20: ='[1]March - 2023'!BQ20 -> 0 | BE20: ='[1]March - 2023'!BQ20 -> 0 | BF20: ='[1]March - 2023'!BS20 -> 75975900 | BG20: ='[1]March - 2023'!BT20 -> 50200 | BH20: ='[1]March - 2023'!BT20 -> 50200 | BS20: ='[1]March - 2023'!BV20 -> 10861820 | BT20: ='[1]March - 2023'!BW20 -> 8040 | BV20: ='[1]March - 2023'!BY20 -> 0.77 | BW20: ='[1]March - 2023'!BZ20 -> 0.08 | BX20: ='[1]March - 2023'!BZ20 -> 0.08 | BY20: ='[1]March - 2023'!CB20 -> 65979 | BZ20: ='[1]March - 2023'!CC20 -> 18 | CA20: ='[1]March - 2023'!CD20 -> 57229 | CB20: ='[1]March - 2023'!CE20 -> 21 | CC20: ='[1]March - 2023'!CF20 -> 19330 | CD20: ='[1]March - 2023'!CG20 -> 7 | CE20: ='[1]March - 2023'!CH20 -> 26477 | CF20: ='[1]March - 2023'!CI20 -> 10 | ... CL20: ='[1]March - 2023'!CO20 -> 82 | CM20: ='[1]March - 2023'!CO20 -> 82 | CN20: ='[1]March - 2023'!CQ20 -> 225589 | CO20: ='[1]March - 2023'!CR20 -> 114 | CP20: ='[1]March - 2023'!CR20 -> 114 | CQ20: ='[1]March - 2023'!CT20 -> 378081 | CR20: ='[1]March - 2023'!CU20 -> 127 | CS20: ='[1]March - 2023'!CU20 -> 127 | CT20: ='[1]March - 2023'!CW20 -> 710859 | CU20: ='[1]March - 2023'!CX20 -> 182 | CW20: ='[1]March - 2023'!CZ20 -> 9615 | CX20: ='[1]March - 2023'!DA20 -> 3 | CY20: ='[1]March - 2023'!DB20 -> 6511 | CZ20: ='[1]March - 2023'!DC20 -> 3 | DA20: ='[1]March - 2023'!DD20 -> 33632 | DB20: ='[1]March - 2023'!DE20 -> 19 | DC20: ='[1]March - 2023'!DF20 -> 33698 | DD20: ='[1]March - 2023'!DG20 -> 13 | ... DR20: ='[1]March - 2023'!DU20 -> 4 | DT20: ='[1]March - 2023'!DW20 -> 7341.4 | DU20: ='[1]March - 2023'!DX20 -> 10.9 | DV20: ='[1]March - 2023'!DY20 -> 12022.4 | DW20: ='[1]March - 2023'!DZ20 -> 8.9 | DX20: ='[1]March - 2023'!EA20 -> 5379.6 | DY20: ='[1]March - 2023'!EB20 -> 6 | DZ20: ='[1]March - 2023'!EC20 -> 6002.6 | EA20: ='[1]March - 2023'!ED20 -> 7.4 | ... EC20: ='[1]March - 2023'!EF20 -> 685 | ED20: ='[1]March - 2023'!EI20 -> 245083.9 | EE20: ='[1]March - 2023'!EJ20 -> 152.3 | EG20: ='[1]March - 2023'!EL20 -> 12416600 | EH20: ='[1]March - 2023'!EM20 -> 4300 | EI20: ='[1]March - 2023'!EN20 -> 956190 | EJ20: ='[1]March - 2023'!EO20 -> 300 | EK20: ='[1]March - 2023'!EP20 -> 7334600 | EL20: ='[1]March - 2023'!EQ20 -> 1300 | EM20: ='[1]March - 2023'!ER20 -> 2528200 | EN20: ='[1]March - 2023'!ES20 -> 500 | ... ER20: ='[1]March - 2023'!EW20 -> 5000 | ET20: ='[1]March - 2023'!EY20 -> 43564 | EU20: ='[1]March - 2023'!EZ20 -> 16 | EV20: ='[1]March - 2023'!FA20 -> 37932 | EW20: ='[1]March - 2023'!FB20 -> 12 | EX20: ='[1]March - 2023'!FC20 -> 8474 | EY20: ='[1]March - 2023'!FD20 -> 13 | EZ20: ='[1]March - 2023'!FE20 -> 60609 | FA20: ='[1]March - 2023'!FF20 -> 17 | ... FC20: ='[1]March - 2023'!FH20 -> 37 | FE20: ='[1]March - 2023'!$FN20 -> 91541.655 | FF20: =FE20-FE19 -> 142.086 | FG20: ='[1]March - 2023'!$FP20 -> 12423 | FH20: =FG20-FG19 -> 8 | FI20: ='[1]March - 2023'!$FR20 -> 11102 | FJ20: =FI20-FI19 -> 8 | FK20: ='[1]March - 2023'!$FT20 -> 8790 | FL20: =FK20-FK19 -> 6 | FM20: ='[1]March - 2023'!$FV20 -> 9150 | FN20: =FM20-FM19 -> 4 | FO20: ='[1]March - 2023'!$FJ20 -> 189.68 | FP20: =FO20-FO19 -> 0.6 | FQ20: ='[1]March - 2023'!$FL20 -> 264430.2 | FR20: =FQ20-FQ19 -> 249.5
A21: 44632 | B21: ='[1]March - 2023'!B21 -> 0.76 | C21: ='[1]March - 2023'!E21 -> 267402 | D21: ='[1]March - 2023'!F21 -> 684 | E21: ='[1]March - 2023'!G21 -> 789 | F21: ='[1]March - 2023'!H21 -> 283735 | G21: ='[1]March - 2023'!I21 -> 506 | H21: ='[1]March - 2023'!J21 -> 518 | I21: ='[1]March - 2023'!K21 -> 25161 | J21: ='[1]March - 2023'!L21 -> 255 | K21: ='[1]March - 2023'!N21 -> 938914 | L21: ='[1]March - 2023'!O21 -> 269 | M21: ='[1]March - 2023'!Q21 -> 246269 | N21: ='[1]March - 2023'!R21 -> 0 | O21: ='[1]March - 2023'!U21 -> 123845 | P21: ='[1]March - 2023'!V21 -> 119 | Q21: ='[1]March - 2023'!W21 -> 0.554 | R21: ='[1]March - 2023'!X21 -> 7148 | S21: ='[1]March - 2023'!Y21 -> 15 | U21: ='[1]March - 2023'!AE21 -> 8375211.6 | V21: ='[1]March - 2023'!AF21 -> 2630.88 | W21: ='[1]March - 2023'!AF21 -> 2630.88 | X21: ='[1]March - 2023'!AH21 -> 15902013 | Y21: ='[1]March - 2023'!AI21 -> 4530.96 | Z21: ='[1]March - 2023'!AI21 -> 4530.96 | AA21: ='[1]March - 2023'!AK21 -> 16044763 | AB21: ='[1]March - 2023'!AL21 -> 9061.92 | AC21: ='[1]March - 2023'!AL21 -> 9061.92 | AD21: ='[1]March - 2023'!AN21 -> 19195144 | AE21: ='[1]March - 2023'!AO21 -> 2094.96 | AF21: ='[1]March - 2023'!AO21 -> 2094.96 | AG21: ='[1]March - 2023'!AQ21 -> 19430900 | AH21: ='[1]March - 2023'!AR21 -> 0 | AI21: ='[1]March - 2023'!AR21 -> 0 | AJ21: ='[1]March - 2023'!AT21 -> 18071174 | AK21: ='[1]March - 2023'!AU21 -> 5261.76 | AL21: ='[1]March - 2023'!AU21 -> 5261.76 | AM21: ='[1]March - 2023'!AW21 -> 15165805 | AN21: ='[1]March - 2023'!AX21 -> 3946.32 | AO21: ='[1]March - 2023'!AX21 -> 3946.32 | AP21: ='[1]March - 2023'!AZ21 -> 14728105 | AQ21: ='[1]March - 2023'!BA21 -> 4433.52 | AR21: ='[1]March - 2023'!BA21 -> 4433.52 | AS21: ='[1]March - 2023'!BC21 -> 11461818 | AT21: ='[1]March - 2023'!BD21 -> 2971.92 | AU21: ='[1]March - 2023'!BD21 -> 2971.92 | AV21: ='[1]March - 2023'!BF21 -> 18227078 | AW21: ='[1]March - 2023'!BG21 -> 5407.92 | AX21: ='[1]March - 2023'!BG21 -> 5407.92 | AZ21: ='[1]March - 2023'!BM21 -> 79294000 | BA21: ='[1]March - 2023'!BN21 -> 55400 | BB21: ='[1]March - 2023'!BN21 -> 55400 | BC21: ='[1]March - 2023'!BP21 -> 82229900 | BD21: ='[1]March - 2023'!BQ21 -> 5400 | BE21: ='[1]March - 2023'!BQ21 -> 5400 | BF21: ='[1]March - 2023'!BS21 -> 75975900 | BG21: ='[1]March - 2023'!BT21 -> 0 | BH21: ='[1]March - 2023'!BT21 -> 0 | BS21: ='[1]March - 2023'!BV21 -> 10869660 | BT21: ='[1]March - 2023'!BW21 -> 7840 | BV21: ='[1]March - 2023'!BY21 -> 0.81 | BW21: ='[1]March - 2023'!BZ21 -> -0.04 | BX21: ='[1]March - 2023'!BZ21 -> -0.04 | BY21: ='[1]March - 2023'!CB21 -> 65996 | BZ21: ='[1]March - 2023'!CC21 -> 17 | CA21: ='[1]March - 2023'!CD21 -> 57250 | CB21: ='[1]March - 2023'!CE21 -> 21 | CC21: ='[1]March - 2023'!CF21 -> 19336 | CD21: ='[1]March - 2023'!CG21 -> 6 | CE21: ='[1]March - 2023'!CH21 -> 26486 | CF21: ='[1]March - 2023'!CI21 -> 9 | ... CL21: ='[1]March - 2023'!CO21 -> 81 | CM21: ='[1]March - 2023'!CO21 -> 81 | CN21: ='[1]March - 2023'!CQ21 -> 225706 | CO21: ='[1]March - 2023'!CR21 -> 117 | CP21: ='[1]March - 2023'!CR21 -> 117 | CQ21: ='[1]March - 2023'!CT21 -> 378198 | CR21: ='[1]March - 2023'!CU21 -> 117 | CS21: ='[1]March - 2023'!CU21 -> 117 | CT21: ='[1]March - 2023'!CW21 -> 711037 | CU21: ='[1]March - 2023'!CX21 -> 178 | CW21: ='[1]March - 2023'!CZ21 -> 9618 | CX21: ='[1]March - 2023'!DA21 -> 3 | CY21: ='[1]March - 2023'!DB21 -> 6514 | CZ21: ='[1]March - 2023'!DC21 -> 3 | DA21: ='[1]March - 2023'!DD21 -> 33653 | DB21: ='[1]March - 2023'!DE21 -> 21 | DC21: ='[1]March - 2023'!DF21 -> 33716 | DD21: ='[1]March - 2023'!DG21 -> 18 | ... DR21: ='[1]March - 2023'!DU21 -> 9 | DT21: ='[1]March - 2023'!DW21 -> 7354 | DU21: ='[1]March - 2023'!DX21 -> 12.6 | DV21: ='[1]March - 2023'!DY21 -> 12030.9 | DW21: ='[1]March - 2023'!DZ21 -> 8.5 | DX21: ='[1]March - 2023'!EA21 -> 5386.7 | DY21: ='[1]March - 2023'!EB21 -> 7.1 | DZ21: ='[1]March - 2023'!EC21 -> 6010.2 | EA21: ='[1]March - 2023'!ED21 -> 7.6 | ... EC21: ='[1]March - 2023'!EF21 -> 635 | ED21: ='[1]March - 2023'!EI21 -> 245259.4 | EE21: ='[1]March - 2023'!EJ21 -> 175.5 | EG21: ='[1]March - 2023'!EL21 -> 12420300 | EH21: ='[1]March - 2023'!EM21 -> 3700 | EI21: ='[1]March - 2023'!EN21 -> 956450 | EJ21: ='[1]March - 2023'!EO21 -> 260 | EK21: ='[1]March - 2023'!EP21 -> 7335800 | EL21: ='[1]March - 2023'!EQ21 -> 1200 | EM21: ='[1]March - 2023'!ER21 -> 2528700 | EN21: ='[1]March - 2023'!ES21 -> 500 | ... ER21: ='[1]March - 2023'!EW21 -> 4900 | ET21: ='[1]March - 2023'!EY21 -> 43578 | EU21: ='[1]March - 2023'!EZ21 -> 14 | EV21: ='[1]March - 2023'!FA21 -> 37944 | EW21: ='[1]March - 2023'!FB21 -> 12 | EX21: ='[1]March - 2023'!FC21 -> 8486 | EY21: ='[1]March - 2023'!FD21 -> 12 | EZ21: ='[1]March - 2023'!FE21 -> 60624 | FA21: ='[1]March - 2023'!FF21 -> 15 | ... FC21: ='[1]March - 2023'!FH21 -> 32 | FE21: ='[1]March - 2023'!$FN21 -> 91681.48 | FF21: =FE21-FE20 -> 139.825 | FG21: ='[1]March - 2023'!$FP21 -> 12430 | FH21: =FG21-FG20 -> 7 | FI21: ='[1]March - 2023'!$FR21 -> 11106 | FJ21: =FI21-FI20 -> 4 | FK21: ='[1]March - 2023'!$FT21 -> 8796 | FL21: =FK21-FK20 -> 6 | FM21: ='[1]March - 2023'!$FV21 -> 9155 | FN21: =FM21-FM20 -> 5 | FO21: ='[1]March - 2023'!$FJ21 -> 189.73 | FP21: =FO21-FO20 -> 0.05 | FQ21: ='[1]March - 2023'!$FL21 -> 264759.5 | FR21: =FQ21-FQ20 -> 329.3
A22: 44633 | B22: ='[1]March - 2023'!$B$22 -> 0.83 | C22: ='[1]March - 2023'!E22 -> 268026 | D22: ='[1]March - 2023'!F22 -> 624 | E22: ='[1]March - 2023'!G22 -> 748 | F22: ='[1]March - 2023'!H22 -> 284202 | G22: ='[1]March - 2023'!I22 -> 467 | H22: ='[1]March - 2023'!J22 -> 441 | I22: ='[1]March - 2023'!K22 -> 25452 | J22: ='[1]March - 2023'!L22 -> 291 | K22: ='[1]March - 2023'!N22 -> 939183 | L22: ='[1]March - 2023'!O22 -> 269 | M22: ='[1]March - 2023'!Q22 -> 246269 | N22: ='[1]March - 2023'!R22 -> 0 | O22: ='[1]March - 2023'!U22 -> 123961 | P22: ='[1]March - 2023'!V22 -> 116 | Q22: ='[1]March - 2023'!W22 -> 0.552 | R22: ='[1]March - 2023'!X22 -> 7157 | S22: ='[1]March - 2023'!Y22 -> 9 | U22: ='[1]March - 2023'!AE22 -> 8377988.6 | V22: ='[1]March - 2023'!AF22 -> 2777.04 | W22: ='[1]March - 2023'!AF22 -> 2777.04 | X22: ='[1]March - 2023'!AH22 -> 15906593 | Y22: ='[1]March - 2023'!AI22 -> 4579.68 | Z22: ='[1]March - 2023'!AI22 -> 4579.68 | AA22: ='[1]March - 2023'!AK22 -> 16044763 | AB22: ='[1]March - 2023'!AL22 -> 0 | AC22: ='[1]March - 2023'!AL22 -> 0 | AD22: ='[1]March - 2023'!AN22 -> 19204644 | AE22: ='[1]March - 2023'!AO22 -> 9500.4 | AF22: ='[1]March - 2023'!AO22 -> 9500.4 | AG22: ='[1]March - 2023'!AQ22 -> 19432313 | AH22: ='[1]March - 2023'!AR22 -> 1412.88 | AI22: ='[1]March - 2023'!AR22 -> 1412.88 | AJ22: ='[1]March - 2023'!AT22 -> 18076679 | AK22: ='[1]March - 2023'!AU22 -> 5505.36 | AL22: ='[1]March - 2023'!AU22 -> 5505.36 | AM22: ='[1]March - 2023'!AW22 -> 15169605 | AN22: ='[1]March - 2023'!AX22 -> 3800.16 | AO22: ='[1]March - 2023'!AX22 -> 3800.16 | AP22: ='[1]March - 2023'!AZ22 -> 14732733 | AQ22: ='[1]March - 2023'!BA22 -> 4628.4 | AR22: ='[1]March - 2023'!BA22 -> 4628.4 | AS22: ='[1]March - 2023'!BC22 -> 11464547 | AT22: ='[1]March - 2023'!BD22 -> 2728.32 | AU22: ='[1]March - 2023'!BD22 -> 2728.32 | AV22: ='[1]March - 2023'!BF22 -> 18232632 | AW22: ='[1]March - 2023'!BG22 -> 5554.08 | AX22: ='[1]March - 2023'!BG22 -> 5554.08 | AZ22: ='[1]March - 2023'!BM22 -> 79294000 | BA22: ='[1]March - 2023'!BN22 -> 0 | BB22: ='[1]March - 2023'!BN22 -> 0 | BC22: ='[1]March - 2023'!BP22 -> 82281800 | BD22: ='[1]March - 2023'!BQ22 -> 51900 | BE22: ='[1]March - 2023'!BQ22 -> 51900 | BF22: ='[1]March - 2023'!BS22 -> 75981800 | BG22: ='[1]March - 2023'!BT22 -> 5900 | BH22: ='[1]March - 2023'!BT22 -> 5900 | BS22: ='[1]March - 2023'!BV22 -> 10877290 | BT22: ='[1]March - 2023'!BW22 -> 7630 | BV22: ='[1]March - 2023'!BY22 -> 0.84 | BW22: ='[1]March - 2023'!BZ22 -> -0.03 | BX22: ='[1]March - 2023'!BZ22 -> -0.03 | BY22: ='[1]March - 2023'!CB22 -> 66012 | BZ22: ='[1]March - 2023'!CC22 -> 16 | CA22: ='[1]March - 2023'!CD22 -> 57269 | CB22: ='[1]March - 2023'!CE22 -> 19 | CC22: ='[1]March - 2023'!CF22 -> 19343 | CD22: ='[1]March - 2023'!CG22 -> 7 | CE22: ='[1]March - 2023'!CH22 -> 26496 | CF22: ='[1]March - 2023'!CI22 -> 10 | ... CL22: ='[1]March - 2023'!CO22 -> 81 | CM22: ='[1]March - 2023'!CO22 -> 81 | CN22: ='[1]March - 2023'!CQ22 -> 225802 | CO22: ='[1]March - 2023'!CR22 -> 96 | CP22: ='[1]March - 2023'!CR22 -> 96 | CQ22: ='[1]March - 2023'!CT22 -> 378361 | CR22: ='[1]March - 2023'!CU22 -> 163 | CS22: ='[1]March - 2023'!CU22 -> 163 | CT22: ='[1]March - 2023'!CW22 -> 711216 | CU22: ='[1]March - 2023'!CX22 -> 179 | CW22: ='[1]March - 2023'!CZ22 -> 9621 | CX22: ='[1]March - 2023'!DA22 -> 3 | CY22: ='[1]March - 2023'!DB22 -> 6517 | CZ22: ='[1]March - 2023'!DC22 -> 3 | DA22: ='[1]March - 2023'!DD22 -> 33670 | DB22: ='[1]March - 2023'!DE22 -> 17 | DC22: ='[1]March - 2023'!DF22 -> 33730 | DD22: ='[1]March - 2023'!DG22 -> 14 | ... DR22: ='[1]March - 2023'!DU22 -> 6 | DT22: ='[1]March - 2023'!DW22 -> 7362.7 | DU22: ='[1]March - 2023'!DX22 -> 8.7 | DV22: ='[1]March - 2023'!DY22 -> 12039.3 | DW22: ='[1]March - 2023'!DZ22 -> 8.4 | DX22: ='[1]March - 2023'!EA22 -> 5391.2 | DY22: ='[1]March - 2023'!EB22 -> 4.5 | DZ22: ='[1]March - 2023'!EC22 -> 6016.7 | EA22: ='[1]March - 2023'!ED22 -> 6.5 | ... EC22: ='[1]March - 2023'!EF22 -> 600 | ED22: ='[1]March - 2023'!EI22 -> 245385.1 | EE22: ='[1]March - 2023'!EJ22 -> 125.7 | EG22: ='[1]March - 2023'!EL22 -> 12424300 | EH22: ='[1]March - 2023'!EM22 -> 4000 | EI22: ='[1]March - 2023'!EN22 -> 956730 | EJ22: ='[1]March - 2023'!EO22 -> 280 | EK22: ='[1]March - 2023'!EP22 -> 7337100 | EL22: ='[1]March - 2023'!EQ22 -> 1300 | EM22: ='[1]March - 2023'!ER22 -> 2529300 | EN22: ='[1]March - 2023'!ES22 -> 600 | ... ER22: ='[1]March - 2023'!EW22 -> 5600 | ET22: ='[1]March - 2023'!EY22 -> 43593 | EU22: ='[1]March - 2023'!EZ22 -> 15 | EV22: ='[1]March - 2023'!FA22 -> 37955 | EW22: ='[1]March - 2023'!FB22 -> 11 | EX22: ='[1]March - 2023'!FC22 -> 8495 | EY22: ='[1]March - 2023'!FD22 -> 9 | EZ22: ='[1]March - 2023'!FE22 -> 60638 | FA22: ='[1]March - 2023'!FF22 -> 14 | ... FC22: ='[1]March - 2023'!FH22 -> 29 | FE22: ='[1]March - 2023'!$FN22 -> 91798.344 | FF22: =FE22-FE21 -> 116.864 | FG22: ='[1]March - 2023'!$FP22 -> 12435 | FH22: =FG22-FG21 -> 5 | FI22: ='[1]March - 2023'!$FR22 -> 11113 | FJ22: =FI22-FI21 -> 7 | FK22: ='[1]March - 2023'!$FT22 -> 8802 | FL22: =FK22-FK21 -> 6 | FM22: ='[1]March - 2023'!$FV22 -> 9159 | FN22: =FM22-FM21 -> 4 | FO22: ='[1]March - 2023'!$FJ22 -> 189.75 | FP22: =FO22-FO21 -> 0.02 | FQ22: ='[1]March - 2023'!$FL22 -> 264970.7 | FR22: =FQ22-FQ21 -> 211.2
A23: 44634 | B23: ='[1]March - 2023'!B23 -> 0.78 | C23: ='[1]March - 2023'!E23 -> 268652 | D23: ='[1]March - 2023'!F23 -> 626 | E23: ='[1]March - 2023'!G23 -> 771 | F23: ='[1]March - 2023'!H23 -> 284647 | G23: ='[1]March - 2023'!I23 -> 445 | H23: ='[1]March - 2023'!J23 -> 454 | I23: ='[1]March - 2023'!K23 -> 25665 | J23: ='[1]March - 2023'!L23 -> 213 | K23: ='[1]March - 2023'!N23 -> 939442 | L23: ='[1]March - 2023'!O23 -> 259 | M23: ='[1]March - 2023'!Q23 -> 246269 | N23: ='[1]March - 2023'!R23 -> 0 | O23: ='[1]March - 2023'!U23 -> 124076 | P23: ='[1]March - 2023'!V23 -> 115 | Q23: ='[1]March - 2023'!W23 -> 0.55 | R23: ='[1]March - 2023'!X23 -> 7169 | S23: ='[1]March - 2023'!Y23 -> 12 | U23: ='[1]March - 2023'!AE23 -> 8380717 | V23: ='[1]March - 2023'!AF23 -> 2728.32 | W23: ='[1]March - 2023'!AF23 -> 2728.32 | X23: ='[1]March - 2023'!AH23 -> 15911270 | Y23: ='[1]March - 2023'!AI23 -> 4677.12 | Z23: ='[1]March - 2023'!AI23 -> 4677.12 | AA23: ='[1]March - 2023'!AK23 -> 16046176 | AB23: ='[1]March - 2023'!AL23 -> 1412.88 | AC23: ='[1]March - 2023'!AL23 -> 1412.88 | AD23: ='[1]March - 2023'!AN23 -> 19205327 | AE23: ='[1]March - 2023'!AO23 -> 682.08 | AF23: ='[1]March - 2023'!AO23 -> 682.08 | AG23: ='[1]March - 2023'!AQ23 -> 19441667 | AH23: ='[1]March - 2023'!AR23 -> 9354.24 | AI23: ='[1]March - 2023'!AR23 -> 9354.24 | AJ23: ='[1]March - 2023'!AT23 -> 18082184 | AK23: ='[1]March - 2023'!AU23 -> 5505.36 | AL23: ='[1]March - 2023'!AU23 -> 5505.36 | AM23: ='[1]March - 2023'!AW23 -> 15173259 | AN23: ='[1]March - 2023'!AX23 -> 3654 | AO23: ='[1]March - 2023'!AX23 -> 3654 | AP23: ='[1]March - 2023'!AZ23 -> 14737020 | AQ23: ='[1]March - 2023'!BA23 -> 4287.36 | AR23: ='[1]March - 2023'!BA23 -> 4287.36 | AS23: ='[1]March - 2023'!BC23 -> 11467567 | AT23: ='[1]March - 2023'!BD23 -> 3020.64 | AU23: ='[1]March - 2023'!BD23 -> 3020.64 | AV23: ='[1]March - 2023'!BF23 -> 18237942 | AW23: ='[1]March - 2023'!BG23 -> 5310.48 | AX23: ='[1]March - 2023'!BG23 -> 5310.48 | AZ23: ='[1]March - 2023'!BM23 -> 79300000 | BA23: ='[1]March - 2023'!BN23 -> 6000 | BB23: ='[1]March - 2023'!BN23 -> 6000 | BC23: ='[1]March - 2023'!BP23 -> 82281800 | BD23: ='[1]March - 2023'!BQ23 -> 0 | BE23: ='[1]March - 2023'!BQ23 -> 0 | BF23: ='[1]March - 2023'!BS23 -> 76035000 | BG23: ='[1]March - 2023'!BT23 -> 53200 | BH23: ='[1]March - 2023'!BT23 -> 53200 | BS23: ='[1]March - 2023'!BV23 -> 10884860 | BT23: ='[1]March - 2023'!BW23 -> 7570 | BV23: ='[1]March - 2023'!BY23 -> 0.78 | BW23: ='[1]March - 2023'!BZ23 -> 0.06 | BX23: ='[1]March - 2023'!BZ23 -> 0.06 | BY23: ='[1]March - 2023'!CB23 -> 66027 | BZ23: ='[1]March - 2023'!CC23 -> 15 | CA23: ='[1]March - 2023'!CD23 -> 57289 | CB23: ='[1]March - 2023'!CE23 -> 20 | CC23: ='[1]March - 2023'!CF23 -> 19349 | CD23: ='[1]March - 2023'!CG23 -> 6 | CE23: ='[1]March - 2023'!CH23 -> 26506 | CF23: ='[1]March - 2023'!CI23 -> 10 | ... CL23: ='[1]March - 2023'!CO23 -> 80 | CM23: ='[1]March - 2023'!CO23 -> 80 | CN23: ='[1]March - 2023'!CQ23 -> 225917 | CO23: ='[1]March - 2023'!CR23 -> 115 | CP23: ='[1]March - 2023'!CR23 -> 115 | CQ23: ='[1]March - 2023'!CT23 -> 378457 | CR23: ='[1]March - 2023'!CU23 -> 96 | CS23: ='[1]March - 2023'!CU23 -> 96 | CT23: ='[1]March - 2023'!CW23 -> 711393 | CU23: ='[1]March - 2023'!CX23 -> 177 | CW23: ='[1]March - 2023'!CZ23 -> 9624 | CX23: ='[1]March - 2023'!DA23 -> 3 | CY23: ='[1]March - 2023'!DB23 -> 6520 | CZ23: ='[1]March - 2023'!DC23 -> 3 | DA23: ='[1]March - 2023'!DD23 -> 33687 | DB23: ='[1]March - 2023'!DE23 -> 17 | DC23: ='[1]March - 2023'!DF23 -> 33743 | DD23: ='[1]March - 2023'!DG23 -> 13 | ... DR23: ='[1]March - 2023'!DU23 -> 7 | DT23: ='[1]March - 2023'!DW23 -> 7372.6 | DU23: ='[1]March - 2023'!DX23 -> 9.9 | DV23: ='[1]March - 2023'!DY23 -> 12047.5 | DW23: ='[1]March - 2023'!DZ23 -> 8.2 | DX23: ='[1]March - 2023'!EA23 -> 5396.5 | DY23: ='[1]March - 2023'!EB23 -> 5.3 | DZ23: ='[1]March - 2023'!EC23 -> 6023.5 | EA23: ='[1]March - 2023'!ED23 -> 6.8 | ... EC23: ='[1]March - 2023'!EF23 -> 586 | ED23: ='[1]March - 2023'!EI23 -> 245535.5 | EE23: ='[1]March - 2023'!EJ23 -> 150.4 | EG23: ='[1]March - 2023'!EL23 -> 12428200 | EH23: ='[1]March - 2023'!EM23 -> 3900 | EI23: ='[1]March - 2023'!EN23 -> 957010 | EJ23: ='[1]March - 2023'!EO23 -> 280 | EK23: ='[1]March - 2023'!EP23 -> 7338300 | EL23: ='[1]March - 2023'!EQ23 -> 1200 | EM23: ='[1]March - 2023'!ER23 -> 2529800 | EN23: ='[1]March - 2023'!ES23 -> 500 | ... ER23: ='[1]March - 2023'!EW23 -> 5700 | ET23: ='[1]March - 2023'!EY23 -> 43608 | EU23: ='[1]March - 2023'!EZ23 -> 15 | EV23: ='[1]March - 2023'!FA23 -> 37966 | EW23: ='[1]March - 2023'!FB23 -> 11 | EX23: ='[1]March - 2023'!FC23 -> 8505 | EY23: ='[1]March - 2023'!FD23 -> 10 | EZ23: ='[1]March - 2023'!FE23 -> 60654 | FA23: ='[1]March - 2023'!FF23 -> 16 | ... FC23: ='[1]March - 2023'!FH23 -> 30 | FE23: ='[1]March - 2023'!$FN23 -> 91930.567 | FF23: =FE23-FE22 -> 132.223 | FG23: ='[1]March - 2023'!$FP23 -> 12435 | FH23: =FG23-FG22 -> 0 | FI23: ='[1]March - 2023'!$FR23 -> 11118 | FJ23: =FI23-FI22 -> 5 | FK23: ='[1]March - 2023'!$FT23 -> 8808 | FL23: =FK23-FK22 -> 6 | FM23: ='[1]March - 2023'!$FV23 -> 9163 | FN23: =FM23-FM22 -> 4 | FO23: ='[1]March - 2023'!$FJ23 -> 189.78 | FP23: =FO23-FO22 -> 0.03 | FQ23: ='[1]March - 2023'!$FL23 -> 265208.8 | FR23: =FQ23-FQ22 -> 238.1
A24: 44635 | B24: ='[1]March - 2023'!B24 -> 0.93 | C24: ='[1]March - 2023'!$E$24 -> 269291 | D24: ='[1]March - 2023'!F24 -> 639 | E24: ='[1]March - 2023'!G24 -> 731 | F24: ='[1]March - 2023'!H24 -> 285124 | G24: ='[1]March - 2023'!I24 -> 477 | H24: ='[1]March - 2023'!J24 -> 443 | I24: ='[1]March - 2023'!K24 -> 25829 | J24: ='[1]March - 2023'!L24 -> 164 | K24: ='[1]March - 2023'!N24 -> 939556 | L24: ='[1]March - 2023'!O24 -> 114 | M24: ='[1]March - 2023'!Q24 -> 246269 | N24: ='[1]March - 2023'!R24 -> 0 | O24: ='[1]March - 2023'!U24 -> 124192 | P24: ='[1]March - 2023'!V24 -> 116 | Q24: ='[1]March - 2023'!W24 -> 0.28 | R24: ='[1]March - 2023'!X24 -> 7187 | S24: ='[1]March - 2023'!Y24 -> 18 | U24: ='[1]March - 2023'!AE24 -> 8383494 | V24: ='[1]March - 2023'!AF24 -> 2777.04 | W24: ='[1]March - 2023'!AF24 -> 2777.04 | X24: ='[1]March - 2023'!AH24 -> 15916142 | Y24: ='[1]March - 2023'!AI24 -> 4872 | Z24: ='[1]March - 2023'!AI24 -> 4872 | AA24: ='[1]March - 2023'!AK24 -> 16055627 | AB24: ='[1]March - 2023'!AL24 -> 9451.68 | AC24: ='[1]March - 2023'!AL24 -> 9451.68 | AD24: ='[1]March - 2023'!AN24 -> 19207714 | AE24: ='[1]March - 2023'!AO24 -> 2387.28 | AF24: ='[1]March - 2023'!AO24 -> 2387.28 | AG24: ='[1]March - 2023'!AQ24 -> 19441960 | AH24: ='[1]March - 2023'!AR24 -> 292.32 | AI24: ='[1]March - 2023'!AR24 -> 292.32 | AJ24: ='[1]March - 2023'!AT24 -> 18087836 | AK24: ='[1]March - 2023'!AU24 -> 5651.52 | AL24: ='[1]March - 2023'!AU24 -> 5651.52 | AM24: ='[1]March - 2023'!AW24 -> 15177108 | AN24: ='[1]March - 2023'!AX24 -> 3848.88 | AO24: ='[1]March - 2023'!AX24 -> 3848.88 | AP24: ='[1]March - 2023'!AZ24 -> 14741551 | AQ24: ='[1]March - 2023'!BA24 -> 4530.96 | AR24: ='[1]March - 2023'!BA24 -> 4530.96 | AS24: ='[1]March - 2023'!BC24 -> 11470539 | AT24: ='[1]March - 2023'!BD24 -> 2971.92 | AU24: ='[1]March - 2023'!BD24 -> 2971.92 | AV24: ='[1]March - 2023'!BF24 -> 18243594 | AW24: ='[1]March - 2023'!BG24 -> 5651.52 | AX24: ='[1]March - 2023'!BG24 -> 5651.52 | AZ24: ='[1]March - 2023'!BM24 -> 79357000 | BA24: ='[1]March - 2023'!BN24 -> 57000 | BB24: ='[1]March - 2023'!BN24 -> 57000 | BC24: ='[1]March - 2023'!BP24 -> 82287300 | BD24: ='[1]March - 2023'!BQ24 -> 5500 | BE24: ='[1]March - 2023'!BQ24 -> 5500 | BF24: ='[1]March - 2023'!BS24 -> 76035000 | BG24: ='[1]March - 2023'!BT24 -> 0 | BH24: ='[1]March - 2023'!BT24 -> 0 | BS24: ='[1]March - 2023'!BV24 -> 10892820 | BT24: ='[1]March - 2023'!BW24 -> 7960 | BV24: ='[1]March - 2023'!BY24 -> 0.7 | BW24: ='[1]March - 2023'!BZ24 -> 0.08 | BX24: ='[1]March - 2023'!BZ24 -> 0.08 | BY24: ='[1]March - 2023'!CB24 -> 66042 | BZ24: ='[1]March - 2023'!CC24 -> 15 | CA24: ='[1]March - 2023'!CD24 -> 57310 | CB24: ='[1]March - 2023'!CE24 -> 21 | CC24: ='[1]March - 2023'!CF24 -> 19357 | CD24: ='[1]March - 2023'!CG24 -> 8 | CE24: ='[1]March - 2023'!CH24 -> 26515 | CF24: ='[1]March - 2023'!CI24 -> 9 | ... CL24: ='[1]March - 2023'!CO24 -> 93 | CM24: ='[1]March - 2023'!CO24 -> 93 | CN24: ='[1]March - 2023'!CQ24 -> 226033 | CO24: ='[1]March - 2023'!CR24 -> 116 | CP24: ='[1]March - 2023'!CR24 -> 116 | CQ24: ='[1]March - 2023'!CT24 -> 378589 | CR24: ='[1]March - 2023'!CU24 -> 132 | CS24: ='[1]March - 2023'!CU24 -> 132 | CT24: ='[1]March - 2023'!CW24 -> 711587 | CU24: ='[1]March - 2023'!CX24 -> 194 | CW24: ='[1]March - 2023'!CZ24 -> 9627 | CX24: ='[1]March - 2023'!DA24 -> 3 | CY24: ='[1]March - 2023'!DB24 -> 6525 | CZ24: ='[1]March - 2023'!DC24 -> 5 | DA24: ='[1]March - 2023'!DD24 -> 33704 | DB24: ='[1]March - 2023'!DE24 -> 17 | DC24: ='[1]March - 2023'!DF24 -> 33755 | DD24: ='[1]March - 2023'!DG24 -> 12 | ... DR24: ='[1]March - 2023'!DU24 -> 0 | DT24: ='[1]March - 2023'!DW24 -> 7382.9 | DU24: ='[1]March - 2023'!DX24 -> 10.3 | DV24: ='[1]March - 2023'!DY24 -> 12056.6 | DW24: ='[1]March - 2023'!DZ24 -> 9.1 | DX24: ='[1]March - 2023'!EA24 -> 5402.3 | DY24: ='[1]March - 2023'!EB24 -> 5.8 | DZ24: ='[1]March - 2023'!EC24 -> 6030.5 | EA24: ='[1]March - 2023'!ED24 -> 7 | ... EC24: ='[1]March - 2023'!EF24 -> 591 | ED24: ='[1]March - 2023'!EI24 -> 245695 | EE24: ='[1]March - 2023'!EJ24 -> 159.5 | EG24: ='[1]March - 2023'!EL24 -> 12432000 | EH24: ='[1]March - 2023'!EM24 -> 3800 | EI24: ='[1]March - 2023'!EN24 -> 957310 | EJ24: ='[1]March - 2023'!EO24 -> 300 | EK24: ='[1]March - 2023'!EP24 -> 7339700 | EL24: ='[1]March - 2023'!EQ24 -> 1400 | EM24: ='[1]March - 2023'!ER24 -> 2530400 | EN24: ='[1]March - 2023'!ES24 -> 600 | ... ER24: ='[1]March - 2023'!EW24 -> 6100 | ET24: ='[1]March - 2023'!EY24 -> 43624 | EU24: ='[1]March - 2023'!EZ24 -> 16 | EV24: ='[1]March - 2023'!FA24 -> 37978 | EW24: ='[1]March - 2023'!FB24 -> 12 | EX24: ='[1]March - 2023'!FC24 -> 8514 | EY24: ='[1]March - 2023'!FD24 -> 9 | EZ24: ='[1]March - 2023'!FE24 -> 60669 | FA24: ='[1]March - 2023'!FF24 -> 15 | ... FC24: ='[1]March - 2023'!FH24 -> 37 | FE24: ='[1]March - 2023'!$FN24 -> 92065.832 | FF24: =FE24-FE23 -> 135.265 | FG24: ='[1]March - 2023'!$FP24 -> 12435 | FH24: =FG24-FG23 -> 0 | FI24: ='[1]March - 2023'!$FR24 -> 11122 | FJ24: =FI24-FI23 -> 4 | FK24: ='[1]March - 2023'!$FT24 -> 8811 | FL24: =FK24-FK23 -> 3 | FM24: ='[1]March - 2023'!$FV24 -> 9166 | FN24: =FM24-FM23 -> 3 | FO24: ='[1]March - 2023'!$FJ24 -> 189.83 | FP24: =FO24-FO23 -> 0.05 | FQ24: ='[1]March - 2023'!$FL24 -> 265496 | FR24: =FQ24-FQ23 -> 287.2
A25: 44636 | B25: ='[1]March - 2023'!B25 -> 0.94 | C25: ='[1]March - 2023'!E25 -> 269918 | D25: ='[1]March - 2023'!F25 -> 627 | E25: ='[1]March - 2023'!G25 -> 691 | F25: ='[1]March - 2023'!H25 -> 285575 | G25: ='[1]March - 2023'!I25 -> 451 | H25: ='[1]March - 2023'!J25 -> 482 | I25: ='[1]March - 2023'!K25 -> 26090 | J25: ='[1]March - 2023'!L25 -> 261 | K25: ='[1]March - 2023'!N25 -> 939823 | L25: ='[1]March - 2023'!O25 -> 267 | M25: ='[1]March - 2023'!Q25 -> 246269 | N25: ='[1]March - 2023'!R25 -> 0 | O25: ='[1]March - 2023'!U25 -> 124314 | P25: ='[1]March - 2023'!V25 -> 122 | Q25: ='[1]March - 2023'!W25 -> 1.222 | R25: ='[1]March - 2023'!X25 -> 7204 | S25: ='[1]March - 2023'!Y25 -> 17 | U25: ='[1]March - 2023'!AE25 -> 8386173.6 | V25: ='[1]March - 2023'!AF25 -> 2679.6 | W25: ='[1]March - 2023'!AF25 -> 2679.6 | X25: ='[1]March - 2023'!AH25 -> 15920624 | Y25: ='[1]March - 2023'!AI25 -> 4482.24 | Z25: ='[1]March - 2023'!AI25 -> 4482.24 | AA25: ='[1]March - 2023'!AK25 -> 16055627 | AB25: ='[1]March - 2023'!AL25 -> 0 | AC25: ='[1]March - 2023'!AL25 -> 0 | AD25: ='[1]March - 2023'!AN25 -> 19218091 | AE25: ='[1]March - 2023'!AO25 -> 10377.36 | AF25: ='[1]March - 2023'!AO25 -> 10377.36 | AG25: ='[1]March - 2023'!AQ25 -> 19443811 | AH25: ='[1]March - 2023'!AR25 -> 1851.36 | AI25: ='[1]March - 2023'!AR25 -> 1851.36 | AJ25: ='[1]March - 2023'!AT25 -> 18093000 | AK25: ='[1]March - 2023'!AU25 -> 5164.32 | AL25: ='[1]March - 2023'!AU25 -> 5164.32 | AM25: ='[1]March - 2023'!AW25 -> 15180957 | AN25: ='[1]March - 2023'!AX25 -> 3848.88 | AO25: ='[1]March - 2023'!AX25 -> 3848.88 | AP25: ='[1]March - 2023'!AZ25 -> 14746034 | AQ25: ='[1]March - 2023'!BA25 -> 4482.24 | AR25: ='[1]March - 2023'!BA25 -> 4482.24 | AS25: ='[1]March - 2023'!BC25 -> 11473511 | AT25: ='[1]March - 2023'!BD25 -> 2971.92 | AU25: ='[1]March - 2023'!BD25 -> 2971.92 | AV25: ='[1]March - 2023'!BF25 -> 18249002 | AW25: ='[1]March - 2023'!BG25 -> 5407.92 | AX25: ='[1]March - 2023'!BG25 -> 5407.92 | AZ25: ='[1]March - 2023'!BM25 -> 79357000 | BA25: ='[1]March - 2023'!BN25 -> 0 | BB25: ='[1]March - 2023'!BN25 -> 0 | BC25: ='[1]March - 2023'!BP25 -> 82345900 | BD25: ='[1]March - 2023'!BQ25 -> 58600 | BE25: ='[1]March - 2023'!BQ25 -> 58600 | BF25: ='[1]March - 2023'!BS25 -> 76041600 | BG25: ='[1]March - 2023'!BT25 -> 6600 | BH25: ='[1]March - 2023'!BT25 -> 6600 | BS25: ='[1]March - 2023'!BV25 -> 10900180 | BT25: ='[1]March - 2023'!BW25 -> 7360 | BV25: ='[1]March - 2023'!BY25 -> 0.79 | BW25: ='[1]March - 2023'!BZ25 -> -0.09 | BX25: ='[1]March - 2023'!BZ25 -> -0.09 | BY25: ='[1]March - 2023'!CB25 -> 66059 | BZ25: ='[1]March - 2023'!CC25 -> 17 | CA25: ='[1]March - 2023'!CD25 -> 57330 | CB25: ='[1]March - 2023'!CE25 -> 20 | CC25: ='[1]March - 2023'!CF25 -> 19363 | CD25: ='[1]March - 2023'!CG25 -> 6 | CE25: ='[1]March - 2023'!CH25 -> 26525 | CF25: ='[1]March - 2023'!CI25 -> 10 | ... CL25: ='[1]March - 2023'!CO25 -> 76 | CM25: ='[1]March - 2023'!CO25 -> 76 | CN25: ='[1]March - 2023'!CQ25 -> 226154 | CO25: ='[1]March - 2023'!CR25 -> 121 | CP25: ='[1]March - 2023'!CR25 -> 121 | CQ25: ='[1]March - 2023'!CT25 -> 378690 | CR25: ='[1]March - 2023'!CU25 -> 101 | CS25: ='[1]March - 2023'!CU25 -> 101 | CT25: ='[1]March - 2023'!CW25 -> 711760 | CU25: ='[1]March - 2023'!CX25 -> 173 | CW25: ='[1]March - 2023'!CZ25 -> 9630 | CX25: ='[1]March - 2023'!DA25 -> 3 | CY25: ='[1]March - 2023'!DB25 -> 6528 | CZ25: ='[1]March - 2023'!DC25 -> 3 | DA25: ='[1]March - 2023'!DD25 -> 33720 | DB25: ='[1]March - 2023'!DE25 -> 16 | DC25: ='[1]March - 2023'!DF25 -> 33767 | DD25: ='[1]March - 2023'!DG25 -> 12 | ... DR25: ='[1]March - 2023'!DU25 -> 6 | DT25: ='[1]March - 2023'!DW25 -> 7392.8 | DU25: ='[1]March - 2023'!DX25 -> 9.9 | DV25: ='[1]March - 2023'!DY25 -> 12064.5 | DW25: ='[1]March - 2023'!DZ25 -> 7.9 | DX25: ='[1]March - 2023'!EA25 -> 5407.5 | DY25: ='[1]March - 2023'!EB25 -> 5.2 | DZ25: ='[1]March - 2023'!EC25 -> 6037.1 | EA25: ='[1]March - 2023'!ED25 -> 6.6 | ... EC25: ='[1]March - 2023'!EF25 -> 621 | ED25: ='[1]March - 2023'!EI25 -> 245837.2 | EE25: ='[1]March - 2023'!EJ25 -> 142.2 | EG25: ='[1]March - 2023'!EL25 -> 12435900 | EH25: ='[1]March - 2023'!EM25 -> 3900 | EI25: ='[1]March - 2023'!EN25 -> 957610 | EJ25: ='[1]March - 2023'!EO25 -> 300 | EK25: ='[1]March - 2023'!EP25 -> 7341000 | EL25: ='[1]March - 2023'!EQ25 -> 1300 | EM25: ='[1]March - 2023'!ER25 -> 2531000 | EN25: ='[1]March - 2023'!ES25 -> 600 | ... ER25: ='[1]March - 2023'!EW25 -> 5600 | ET25: ='[1]March - 2023'!EY25 -> 43638 | EU25: ='[1]March - 2023'!EZ25 -> 14 | EV25: ='[1]March - 2023'!FA25 -> 37989 | EW25: ='[1]March - 2023'!FB25 -> 11 | EX25: ='[1]March - 2023'!FC25 -> 8523 | EY25: ='[1]March - 2023'!FD25 -> 9 | EZ25: ='[1]March - 2023'!FE25 -> 60686 | FA25: ='[1]March - 2023'!FF25 -> 17 | ... FC25: ='[1]March - 2023'!FH25 -> 31 | FE25: ='[1]March - 2023'!$FN25 -> 92193.107 | FF25: =FE25-FE24 -> 127.275 | FG25: ='[1]March - 2023'!$FP25 -> 12444 | FH25: =FG25-FG24 -> 9 | FI25: ='[1]March - 2023'!$FR25 -> 11127 | FJ25: =FI25-FI24 -> 5 | FK25: ='[1]March - 2023'!$FT25 -> 8816 | FL25: =FK25-FK24 -> 5 | FM25: ='[1]March - 2023'!$FV25 -> 9170 | FN25: =FM25-FM24 -> 4 | FO25: ='[1]March - 2023'!$FJ25 -> 189.87 | FP25: =FO25-FO24 -> 0.04 | FQ25: ='[1]March - 2023'!$FL25 -> 265743.6 | FR25: =FQ25-FQ24 -> 247.6
