Workbook

Sheet TOTAL
A1: Site Name | B1: Day | C1: Month | D1: Year | E1: Total Electricity Kwh | F1: Electricity Tariff ($/Kwh) | G1: Natual Gas (m3) | H1: Natural Gas $/m3 | I1: Water Utility Supply (m3) m3 | J1: Water Utility Supply (m3) $/m3 | K1: Room Nights | L1: Total Guests
A2: Shenzhen | B2: 1 | C2: 4 | D2: 2021 | E2: 28448 | F2: 0.7 | G2: 1593 | H2: 4.39 | I2: ='Shenzhen Daily'!H5 -> 409 | J2: 5.09 | K2: ='Shenzhen Daily'!I5 -> 179 | L2: ='Shenzhen Daily'!J5 -> 379
A3: Shenzhen | B3: =B2+1 -> 2 | C3: 4 | D3: 2021 | E3: 33173 | F3: 0.7 | G3: 1526 | H3: 4.39 | I3: ='Shenzhen Daily'!H6 -> 405 | J3: 5.09 | K3: ='Shenzhen Daily'!I6 -> 151 | L3: ='Shenzhen Daily'!J6 -> 336
A4: Shenzhen | B4: =B3+1 -> 3 | C4: 4 | D4: 2021 | E4: 29377 | F4: 0.7 | G4: 1574 | H4: 4.39 | I4: ='Shenzhen Daily'!H7 -> 397 | J4: 5.09 | K4: ='Shenzhen Daily'!I7 -> 215 | L4: ='Shenzhen Daily'!J7 -> 307
A5: Shenzhen | B5: =B4+1 -> 4 | C5: 4 | D5: 2021 | E5: 31628 | F5: 0.7 | G5: 1600 | H5: 4.39 | I5: ='Shenzhen Daily'!H8 -> 425 | J5: 5.09 | K5: ='Shenzhen Daily'!I8 -> 185 | L5: ='Shenzhen Daily'!J8 -> 384
A6: Shenzhen | B6: =B5+1 -> 5 | C6: 4 | D6: 2021 | E6: 27057 | F6: 0.7 | G6: 1465 | H6: 4.39 | I6: ='Shenzhen Daily'!H9 -> 310 | J6: 5.09 | K6: ='Shenzhen Daily'!I9 -> 103 | L6: ='Shenzhen Daily'!J9 -> 300
A7: Shenzhen | B7: =B6+1 -> 6 | C7: 4 | D7: 2021 | E7: 27738 | F7: 0.7 | G7: 1491 | H7: 4.39 | I7: ='Shenzhen Daily'!H10 -> 355 | J7: 5.09 | K7: ='Shenzhen Daily'!I10 -> 138 | L7: ='Shenzhen Daily'!J10 -> 199
A8: Shenzhen | B8: =B7+1 -> 7 | C8: 4 | D8: 2021 | E8: 29641 | F8: 0.7 | G8: 1668 | H8: 4.39 | I8: ='Shenzhen Daily'!H11 -> 421 | J8: 5.09 | K8: ='Shenzhen Daily'!I11 -> 264 | L8: ='Shenzhen Daily'!J11 -> 291
A9: Shenzhen | B9: =B8+1 -> 8 | C9: 4 | D9: 2021 | E9: 29261 | F9: 0.7 | G9: 1730 | H9: 4.39 | I9: ='Shenzhen Daily'!H12 -> 394 | J9: 5.09 | K9: ='Shenzhen Daily'!I12 -> 266 | L9: ='Shenzhen Daily'!J12 -> 239
A10: Shenzhen | B10: =B9+1 -> 9 | C10: 4 | D10: 2021 | E10: 29266 | F10: 0.7 | G10: 1958 | H10: 4.39 | I10: ='Shenzhen Daily'!H13 -> 439 | J10: 5.09 | K10: ='Shenzhen Daily'!I13 -> 235 | L10: ='Shenzhen Daily'!J13 -> 384
A11: Shenzhen | B11: =B10+1 -> 10 | C11: 4 | D11: 2021 | E11: 30091 | F11: 0.7 | G11: 1939 | H11: 4.39 | I11: ='Shenzhen Daily'!H14 -> 477 | J11: 5.09 | K11: ='Shenzhen Daily'!I14 -> 262 | L11: ='Shenzhen Daily'!J14 -> 432
A12: Shenzhen | B12: =B11+1 -> 11 | C12: 4 | D12: 2021 | E12: 30212 | F12: 0.7 | G12: 1869 | H12: 4.39 | I12: ='Shenzhen Daily'!H15 -> 403 | J12: 5.09 | K12: ='Shenzhen Daily'!I15 -> 207 | L12: ='Shenzhen Daily'!J15 -> 458
A13: Shenzhen | B13: =B12+1 -> 12 | C13: 4 | D13: 2021 | E13: 32096 | F13: 0.7 | G13: 1785 | H13: 4.39 | I13: ='Shenzhen Daily'!H16 -> 454 | J13: 5.09 | K13: ='Shenzhen Daily'!I16 -> 249 | L13: ='Shenzhen Daily'!J16 -> 470
A14: Shenzhen | B14: =B13+1 -> 13 | C14: 4 | D14: 2021 | E14: 30866 | F14: 0.7 | G14: 1703 | H14: 4.39 | I14: ='Shenzhen Daily'!H17 -> 423 | J14: 5.09 | K14: ='Shenzhen Daily'!I17 -> 266 | L14: ='Shenzhen Daily'!J17 -> 419
... A31: Shenzhen | B31: =B30+1 -> 30 | C31: 4 | D31: 2021 | E31: 29873 | F31: 0.7 | G31: 1443 | H31: 4.39 | I31: ='Shenzhen Daily'!H34 -> 435 | J31: 5.09 | K31: ='Shenzhen Daily'!I34 -> 210 | L31: ='Shenzhen Daily'!J34 -> 340

Sheet Shenzhen Daily
A2: Days | C2: Electricity Meter (KWh) | E2: Gas m3 | G2: Water m3
A3: Date | C3: Reading KWH | D3: Difference KWH | E3: Reading m3 | F3: Difference KWH | G3: Reading m³ | H3: Daily Consumption m³ | I3: ROOM NIGHTS | J3: TOTAL GUESTS
A4: 44286 | C4: 28462.48 | E4: 2613718 | G4: 431611 | I4: 198 | J4: 563
A5: 44287 | C5: 28475.4 | D5: =IF((C5-C4<0), "0",C5-C4) -> 12.92 | E5: 2615311 | F5: =IF((E5-E4<0), "0",E5-E4) -> 1593 | G5: 432020 | H5: =IF((G5-G4<0), "0",G5-G4) -> 409 | I5: 179 | J5: 379
A6: 44288 | C6: 28489.55 | D6: =IF((C6-C5<0), "0",C6-C5) -> 14.15 | E6: 2616838 | F6: =IF((E6-E5<0), "0",E6-E5) -> 1527 | G6: 432425 | H6: =IF((G6-G5<0), "0",G6-G5) -> 405 | I6: 151 | J6: 336
A7: 44289 | C7: 28504.87 | D7: =IF((C7-C6<0), "0",C7-C6) -> 15.32 | E7: 2618413 | F7: =IF((E7-E6<0), "0",E7-E6) -> 1575 | G7: 432822 | H7: =IF((G7-G6<0), "0",G7-G6) -> 397 | I7: 215 | J7: 307
A8: 44290 | C8: 28520.94 | D8: =IF((C8-C7<0), "0",C8-C7) -> 16.07 | E8: 2620014 | F8: =IF((E8-E7<0), "0",E8-E7) -> 1601 | G8: 433247 | H8: =IF((G8-G7<0), "0",G8-G7) -> 425 | I8: 185 | J8: 384
A9: 44291 | C9: 28537.35 | D9: =IF((C9-C8<0), "0",C9-C8) -> 16.41 | E9: 2621479 | F9: =IF((E9-E8<0), "0",E9-E8) -> 1465 | G9: 433557 | H9: =IF((G9-G8<0), "0",G9-G8) -> 310 | I9: 103 | J9: 300
A10: 44292 | C10: 28555.05 | D10: =IF((C10-C9<0), "0",C10-C9) -> 17.7 | E10: 2622971 | F10: =IF((E10-E9<0), "0",E10-E9) -> 1492 | G10: 433912 | H10: =IF((G10-G9<0), "0",G10-G9) -> 355 | I10: 138 | J10: 199
A11: 44293 | C11: 28573.96 | D11: =IF((C11-C10<0), "0",C11-C10) -> 18.91 | E11: 2624640 | F11: =IF((E11-E10<0), "0",E11-E10) -> 1669 | G11: 434333 | H11: =IF((G11-G10<0), "0",G11-G10) -> 421 | I11: 264 | J11: 291
A12: 44294 | C12: 28592.73 | D12: =IF((C12-C11<0), "0",C12-C11) -> 18.77 | E12: 2626371 | F12: =IF((E12-E11<0), "0",E12-E11) -> 1731 | G12: 434727 | H12: =IF((G12-G11<0), "0",G12-G11) -> 394 | I12: 266 | J12: 239
A13: 44295 | C13: 28614.03 | D13: =IF((C13-C12<0), "0",C13-C12) -> 21.3 | E13: 2628331 | F13: =IF((E13-E12<0), "0",E13-E12) -> 1960 | G13: 435166 | H13: =IF((G13-G12<0), "0",G13-G12) -> 439 | I13: 235 | J13: 384
A14: 44296 | C14: 28634.18 | D14: =IF((C14-C13<0), "0",C14-C13) -> 20.15 | E14: 2630272 | F14: =IF((E14-E13<0), "0",E14-E13) -> 1941 | G14: 435643 | H14: =IF((G14-G13<0), "0",G14-G13) -> 477 | I14: 262 | J14: 432
A15: 44297 | C15: 28655.38 | D15: =IF((C15-C14<0), "0",C15-C14) -> 21.2 | E15: 2632142 | F15: =IF((E15-E14<0), "0",E15-E14) -> 1870 | G15: 436046 | H15: =IF((G15-G14<0), "0",G15-G14) -> 403 | I15: 207 | J15: 458
A16: 44298 | C16: 28678.03 | D16: =IF((C16-C15<0), "0",C16-C15) -> 22.65 | E16: 2633928 | F16: =IF((E16-E15<0), "0",E16-E15) -> 1786 | G16: 436500 | H16: =IF((G16-G15<0), "0",G16-G15) -> 454 | I16: 249 | J16: 470
... A34: 44316 | C34: 29091.64 | D34: =IF((C34-C33<0), "0",C34-C33) -> 25.04 | E34: 2664593 | F34: =IF((E34-E33<0), "0",E34-E33) -> 1443 | G34: 444136 | H34: =IF((G34-G33<0), "0",G34-G33) -> 435 | I34: 210 | J34: 340
