Workbook

Sheet TOTAL
A1: Site Name | B1: Day | C1: Month | D1: Year | E1: Total Electricity Kwh | F1: Electricity Tariff ($/Kwh) | G1: Natural Gas (m3) | H1: Natural Gas $/m3 | I1: Water Utility Supply (m3) m3 | J1: Water Utility Supply (m3) $/m3 | K1: Room Nights | L1: Total Guests | M1: Cooling Degree Day
A2: Mondrian Singapore Duxton | B2: 1 | C2: 8 | D2: 2023 | E2: ='Submetering '!E2+'Submetering '!F2+'Submetering '!G2 -> 10605 | F2: 0.2774 | G2: =-'Submetering '!J2+'Submetering '!K2 -> 624 | H2: 0.2191 | I2: ='Submetering '!L2*10 -> 100 | J2: 2.74 | K2: 123 | L2: 123 | M2: 11
A3: Mondrian Singapore Duxton | B3: =B2+1 -> 2 | C3: 8 | D3: 2023 | E3: ='Submetering '!E3+'Submetering '!F3+'Submetering '!G3 -> 857 | F3: 0.2774 | G3: =-'Submetering '!J3+'Submetering '!K3 -> 638 | H3: 0.2191 | I3: ='Submetering '!L3*10 -> 70 | J3: 2.74 | K3: 133 | L3: 133 | M3: 11.4
A4: Mondrian Singapore Duxton | B4: =B3+1 -> 3 | C4: 8 | D4: 2023 | E4: ='Submetering '!E4+'Submetering '!F4+'Submetering '!G4 -> 632 | F4: 0.2774 | G4: =-'Submetering '!J4+'Submetering '!K4 -> 580 | H4: 0.2191 | I4: ='Submetering '!L4*10 -> 90 | J4: 2.74 | K4: 125 | L4: 125 | M4: 8.6
A5: Mondrian Singapore Duxton | B5: =B4+1 -> 4 | C5: 8 | D5: 2023 | E5: ='Submetering '!E5+'Submetering '!F5+'Submetering '!G5 -> 852 | F5: 0.2774 | G5: =-'Submetering '!J5+'Submetering '!K5 -> 629 | H5: 0.2191 | I5: ='Submetering '!L5*10 -> 80 | J5: 2.74 | K5: 110 | L5: 110 | M5: 10.6
A6: Mondrian Singapore Duxton | B6: =B5+1 -> 5 | C6: 8 | D6: 2023 | E6: ='Submetering '!E6+'Submetering '!F6+'Submetering '!G6 -> 792 | F6: 0.2774 | G6: =-'Submetering '!J6+'Submetering '!K6 -> 661 | H6: 0.2191 | I6: ='Submetering '!L6*10 -> 90 | J6: 2.74 | K6: 110 | L6: 110 | M6: 11.6
A7: Mondrian Singapore Duxton | B7: =B6+1 -> 6 | C7: 8 | D7: 2023 | E7: ='Submetering '!E7+'Submetering '!F7+'Submetering '!G7 -> 728 | F7: 0.2774 | G7: =-'Submetering '!J7+'Submetering '!K7 -> 649 | H7: 0.2191 | I7: ='Submetering '!L7*10 -> 70 | J7: 2.74 | K7: 85 | L7: 85 | M7: 11.1
A8: Mondrian Singapore Duxton | B8: =B7+1 -> 7 | C8: 8 | D8: 2023 | E8: ='Submetering '!E8+'Submetering '!F8+'Submetering '!G8 -> 753 | F8: 0.2774 | G8: =-'Submetering '!J8+'Submetering '!K8 -> 555 | H8: 0.2191 | I8: ='Submetering '!L8*10 -> 90 | J8: 2.74 | K8: 88 | L8: 88 | M8: 11.4
A9: Mondrian Singapore Duxton | B9: =B8+1 -> 8 | C9: 8 | D9: 2023 | E9: ='Submetering '!E9+'Submetering '!F9+'Submetering '!G9 -> 708 | F9: 0.2774 | G9: =-'Submetering '!J9+'Submetering '!K9 -> 712 | H9: 0.2191 | I9: ='Submetering '!L9*10 -> 70 | J9: 2.74 | K9: 92 | L9: 92 | M9: 10.6
A10: Mondrian Singapore Duxton | B10: =B9+1 -> 9 | C10: 8 | D10: 2023 | E10: ='Submetering '!E10+'Submetering '!F10+'Submetering '!G10 -> 824 | F10: 0.2774 | G10: =-'Submetering '!J10+'Submetering '!K10 -> 624 | H10: 0.2191 | I10: ='Submetering '!L10*10 -> 80 | J10: 2.74 | K10: 112 | L10: 112 | M10: 11.5
A11: Mondrian Singapore Duxton | B11: =B10+1 -> 10 | C11: 8 | D11: 2023 | E11: ='Submetering '!E11+'Submetering '!F11+'Submetering '!G11 -> 741 | F11: 0.2774 | G11: =-'Submetering '!J11+'Submetering '!K11 -> 523 | H11: 0.2191 | I11: ='Submetering '!L11*10 -> 80 | J11: 2.74 | K11: 91 | L11: 91 | M11: 11.3
A12: Mondrian Singapore Duxton | B12: =B11+1 -> 11 | C12: 8 | D12: 2023 | E12: ='Submetering '!E12+'Submetering '!F12+'Submetering '!G12 -> 782 | F12: 0.2774 | G12: =-'Submetering '!J12+'Submetering '!K12 -> 657 | H12: 0.2191 | I12: ='Submetering '!L12*10 -> 70 | J12: 2.74 | K12: 99 | L12: 99 | M12: 11.2
A13: Mondrian Singapore Duxton | B13: =B12+1 -> 12 | C13: 8 | D13: 2023 | E13: ='Submetering '!E13+'Submetering '!F13+'Submetering '!G13 -> 772 | F13: 0.2774 | G13: =-'Submetering '!J13+'Submetering '!K13 -> 615 | H13: 0.2191 | I13: ='Submetering '!L13*10 -> 100 | J13: 2.74 | K13: 99 | L13: 99 | M13: 11.4
A14: Mondrian Singapore Duxton | B14: =B13+1 -> 13 | C14: 8 | D14: 2023 | E14: ='Submetering '!E14+'Submetering '!F14+'Submetering '!G14 -> 705 | F14: 0.2774 | G14: =-'Submetering '!J14+'Submetering '!K14 -> 595 | H14: 0.2191 | I14: ='Submetering '!L14*10 -> 90 | J14: 2.74 | K14: 114 | L14: 114 | M14: 11
... A32: Mondrian Singapore Duxton | B32: =B31+1 -> 31 | C32: 8 | D32: 2023 | E32: ='Submetering '!E32+'Submetering '!F32+'Submetering '!G32 -> 801 | F32: 0.2774 | G32: =-'Submetering '!J32+'Submetering '!K32 -> 753 | H32: 0.2191 | I32: ='Submetering '!L32*10 -> 100 | J32: 2.74 | K32: 94 | L32: 94 | M32: 11.2

Sheet Submetering 
A1: Site Name | B1: Day | C1: Month | D1: Year | E1: POWERGRID METER 1 (RC5056796) LEVEL B2 | F1: POWERGRID METER 2 (RC5056766) LEVEL B2 | G1: POWERGRID METER 3 (RC5057123) LEVEL B2 | H1: CHILLER METER LEVEL B2 | I1: HEAT PUMP LEVEL B1 | J1: CHRISTINA'S (LEVEL 1) | K1: HOT PRODUCTION KITCHEN/BOTTEGA DI CARNA (LEVEL 3) | L1: MAIN WATER METER (B2) | M1: SUB WATER METER (B2) | N1: NEWWATER METER (B2) | O1: HOT WATER METER(B1) | P1: RESTAURANT CHRISTINA WATER METER (LEVEL 1) | Q1: KITCHEN WATER METER (LEVEL 3) | R1: BAR KITCHEN WATER METER (LEVEL 3) | S1: WATER FEATURE WATER METER (LEVEL 3) | T1: SWIMMING POOL WATER METER (LEVEL 13) | U1: DOMESTIC TANK WATER METER (LEVEL 13) | V1: COOLING TOWER WATER METER (LEVEL 13) | W1: COOLING TOWER MAKE UP WATER METER (LEVEL 13) | X1: EXTENSION TANK WATER METER (LEVEL 13) | Y1: Room Nights | Z1: Total Guests
A2: Mondrian Duxton | B2: 1 | C2: 8 | D2: 2023 | E2: =(IF((Electrical!B3-Electrical!B2)<0,"0",(Electrical!B3-Electrical!B2)))*15 -> 2835 | F2: =(IF((Electrical!C3-Electrical!C2)<0,"0",(Electrical!C3-Electrical!C2)))*15 -> 3810 | G2: =(IF((Electrical!D3-Electrical!D2)<0,"0",(Electrical!D3-Electrical!D2))*15) -> 3960 | H2: =IF((Electrical!E3-Electrical!E2)<0,"0",(Electrical!E3-Electrical!E2)) -> 3404 | I2: =IF((Electrical!F3-Electrical!F2)<0,"0",(Electrical!F3-Electrical!F2)) -> 358 | J2: =IF((Gas!B3-Gas!B2)<0,"0",(Gas!B3-Gas!B2)) -> 0 | K2: =IF((Gas!C3-Gas!C2)<0,"0",(Gas!C3-Gas!C2)) -> 624 | L2: =IF((Water!B3-Water!B2)<0,"0",(Water!B3-Water!B2)) -> 10 | M2: =IF((Water!C3-Water!C2)<0,"0",(Water!C3-Water!C2)) -> 20 | N2: =IF((Water!D3-Water!D2)<0,"0",(Water!D3-Water!D2)) -> 0 | O2: =IF((Water!E3-Water!E2)<0,"0",(Water!E3-Water!E2)) -> 9 | P2: =IF((Water!F3-Water!F2)<0,"0",(Water!F3-Water!F2)) -> 0 | Q2: =IF((Water!G3-Water!G2)<0,"0",(Water!G3-Water!G2)) -> 0 | R2: =IF((Water!H3-Water!H2)<0,"0",(Water!H3-Water!H2)) -> 0 | S2: =IF((Water!I3-Water!I2)<0,"0",(Water!I3-Water!I2)) -> 0 | ... X2: =IF((Water!N3-Water!N2)<0,"0",(Water!N3-Water!N2)) -> 31 | Y2: 123 | Z2: 123
A3: Mondrian Duxton | B3: =B2+1 -> 2 | C3: 8 | D3: 2023 | E3: =IF((Electrical!B4-Electrical!B3)<0,"0",(Electrical!B4-Electrical!B3)) -> 370 | F3: =IF((Electrical!C4-Electrical!C3)<0,"0",(Electrical!C4-Electrical!C3)) -> 250 | G3: =IF((Electrical!D4-Electrical!D3)<0,"0",(Electrical!D4-Electrical!D3)) -> 237 | H3: =IF((Electrical!E4-Electrical!E3)<0,"0",(Electrical!E4-Electrical!E3)) -> 3465 | I3: =IF((Electrical!F4-Electrical!F3)<0,"0",(Electrical!F4-Electrical!F3)) -> 340 | J3: =IF((Gas!B4-Gas!B3)<0,"0",(Gas!B4-Gas!B3)) -> 0 | K3: =IF((Gas!C4-Gas!C3)<0,"0",(Gas!C4-Gas!C3)) -> 638 | L3: =IF((Water!B4-Water!B3)<0,"0",(Water!B4-Water!B3)) -> 7 | M3: =IF((Water!C4-Water!C3)<0,"0",(Water!C4-Water!C3)) -> 24 | N3: =IF((Water!D4-Water!D3)<0,"0",(Water!D4-Water!D3)) -> 0 | O3: =IF((Water!E4-Water!E3)<0,"0",(Water!E4-Water!E3)) -> 8 | P3: =IF((Water!F4-Water!F3)<0,"0",(Water!F4-Water!F3)) -> 0 | Q3: =IF((Water!G4-Water!G3)<0,"0",(Water!G4-Water!G3)) -> 0 | R3: =IF((Water!H4-Water!H3)<0,"0",(Water!H4-Water!H3)) -> 0 | S3: =IF((Water!I4-Water!I3)<0,"0",(Water!I4-Water!I3)) -> 0 | ... X3: =IF((Water!N4-Water!N3)<0,"0",(Water!N4-Water!N3)) -> 35 | Y3: 133 | Z3: 133
A4: Mondrian Duxton | B4: =B3+1 -> 3 | C4: 8 | D4: 2023 | E4: =IF((Electrical!B5-Electrical!B4)<0,"0",(Electrical!B5-Electrical!B4)) -> 243 | F4: =IF((Electrical!C5-Electrical!C4)<0,"0",(Electrical!C5-Electrical!C4)) -> 148 | G4: =IF((Electrical!D5-Electrical!D4)<0,"0",(Electrical!D5-Electrical!D4)) -> 241 | H4: =IF((Electrical!E5-Electrical!E4)<0,"0",(Electrical!E5-Electrical!E4)) -> 2731 | I4: =IF((Electrical!F5-Electrical!F4)<0,"0",(Electrical!F5-Electrical!F4)) -> 353 | J4: =IF((Gas!B5-Gas!B4)<0,"0",(Gas!B5-Gas!B4)) -> 0 | K4: =IF((Gas!C5-Gas!C4)<0,"0",(Gas!C5-Gas!C4)) -> 580 | L4: =IF((Water!B5-Water!B4)<0,"0",(Water!B5-Water!B4)) -> 9 | M4: =IF((Water!C5-Water!C4)<0,"0",(Water!C5-Water!C4)) -> 30 | N4: =IF((Water!D5-Water!D4)<0,"0",(Water!D5-Water!D4)) -> 0 | O4: =IF((Water!E5-Water!E4)<0,"0",(Water!E5-Water!E4)) -> 8 | P4: =IF((Water!F5-Water!F4)<0,"0",(Water!F5-Water!F4)) -> 0 | Q4: =IF((Water!G5-Water!G4)<0,"0",(Water!G5-Water!G4)) -> 0 | R4: =IF((Water!H5-Water!H4)<0,"0",(Water!H5-Water!H4)) -> 0 | S4: =IF((Water!I5-Water!I4)<0,"0",(Water!I5-Water!I4)) -> 0 | ... X4: =IF((Water!N5-Water!N4)<0,"0",(Water!N5-Water!N4)) -> 30 | Y4: 125 | Z4: 125
A5: Mondrian Duxton | B5: =B4+1 -> 4 | C5: 8 | D5: 2023 | E5: =IF((Electrical!B6-Electrical!B5)<0,"0",(Electrical!B6-Electrical!B5)) -> 218 | F5: =IF((Electrical!C6-Electrical!C5)<0,"0",(Electrical!C6-Electrical!C5)) -> 371 | G5: =IF((Electrical!D6-Electrical!D5)<0,"0",(Electrical!D6-Electrical!D5)) -> 263 | H5: =IF((Electrical!E6-Electrical!E5)<0,"0",(Electrical!E6-Electrical!E5)) -> 3399 | I5: =IF((Electrical!F6-Electrical!F5)<0,"0",(Electrical!F6-Electrical!F5)) -> 387 | J5: =IF((Gas!B6-Gas!B5)<0,"0",(Gas!B6-Gas!B5)) -> 0 | K5: =IF((Gas!C6-Gas!C5)<0,"0",(Gas!C6-Gas!C5)) -> 629 | L5: =IF((Water!B6-Water!B5)<0,"0",(Water!B6-Water!B5)) -> 8 | M5: =IF((Water!C6-Water!C5)<0,"0",(Water!C6-Water!C5)) -> 16 | N5: =IF((Water!D6-Water!D5)<0,"0",(Water!D6-Water!D5)) -> 0 | O5: =IF((Water!E6-Water!E5)<0,"0",(Water!E6-Water!E5)) -> 9 | P5: =IF((Water!F6-Water!F5)<0,"0",(Water!F6-Water!F5)) -> 0 | Q5: =IF((Water!G6-Water!G5)<0,"0",(Water!G6-Water!G5)) -> 0 | R5: =IF((Water!H6-Water!H5)<0,"0",(Water!H6-Water!H5)) -> 0 | S5: =IF((Water!I6-Water!I5)<0,"0",(Water!I6-Water!I5)) -> 0 | ... X5: =IF((Water!N6-Water!N5)<0,"0",(Water!N6-Water!N5)) -> 31 | Y5: 110 | Z5: 110
A6: Mondrian Duxton | B6: =B5+1 -> 5 | C6: 8 | D6: 2023 | E6: =IF((Electrical!B7-Electrical!B6)<0,"0",(Electrical!B7-Electrical!B6)) -> 277 | F6: =IF((Electrical!C7-Electrical!C6)<0,"0",(Electrical!C7-Electrical!C6)) -> 251 | G6: =IF((Electrical!D7-Electrical!D6)<0,"0",(Electrical!D7-Electrical!D6)) -> 264 | H6: =IF((Electrical!E7-Electrical!E6)<0,"0",(Electrical!E7-Electrical!E6)) -> 3548 | I6: =IF((Electrical!F7-Electrical!F6)<0,"0",(Electrical!F7-Electrical!F6)) -> 370 | J6: =IF((Gas!B7-Gas!B6)<0,"0",(Gas!B7-Gas!B6)) -> 0 | K6: =IF((Gas!C7-Gas!C6)<0,"0",(Gas!C7-Gas!C6)) -> 661 | L6: =IF((Water!B7-Water!B6)<0,"0",(Water!B7-Water!B6)) -> 9 | M6: =IF((Water!C7-Water!C6)<0,"0",(Water!C7-Water!C6)) -> 25 | N6: =IF((Water!D7-Water!D6)<0,"0",(Water!D7-Water!D6)) -> 0 | O6: =IF((Water!E7-Water!E6)<0,"0",(Water!E7-Water!E6)) -> 8 | P6: =IF((Water!F7-Water!F6)<0,"0",(Water!F7-Water!F6)) -> 0 | Q6: =IF((Water!G7-Water!G6)<0,"0",(Water!G7-Water!G6)) -> 0 | R6: =IF((Water!H7-Water!H6)<0,"0",(Water!H7-Water!H6)) -> 0 | S6: =IF((Water!I7-Water!I6)<0,"0",(Water!I7-Water!I6)) -> 0 | ... X6: =IF((Water!N7-Water!N6)<0,"0",(Water!N7-Water!N6)) -> 32 | Y6: 110 | Z6: 110
A7: Mondrian Duxton | B7: =B6+1 -> 6 | C7: 8 | D7: 2023 | E7: =IF((Electrical!B8-Electrical!B7)<0,"0",(Electrical!B8-Electrical!B7)) -> 279 | F7: =IF((Electrical!C8-Electrical!C7)<0,"0",(Electrical!C8-Electrical!C7)) -> 215 | G7: =IF((Electrical!D8-Electrical!D7)<0,"0",(Electrical!D8-Electrical!D7)) -> 234 | H7: =IF((Electrical!E8-Electrical!E7)<0,"0",(Electrical!E8-Electrical!E7)) -> 3182 | I7: =IF((Electrical!F8-Electrical!F7)<0,"0",(Electrical!F8-Electrical!F7)) -> 374 | J7: =IF((Gas!B8-Gas!B7)<0,"0",(Gas!B8-Gas!B7)) -> 0 | K7: =IF((Gas!C8-Gas!C7)<0,"0",(Gas!C8-Gas!C7)) -> 649 | L7: =IF((Water!B8-Water!B7)<0,"0",(Water!B8-Water!B7)) -> 7 | M7: =IF((Water!C8-Water!C7)<0,"0",(Water!C8-Water!C7)) -> 30 | N7: =IF((Water!D8-Water!D7)<0,"0",(Water!D8-Water!D7)) -> 0 | O7: =IF((Water!E8-Water!E7)<0,"0",(Water!E8-Water!E7)) -> 7 | P7: =IF((Water!F8-Water!F7)<0,"0",(Water!F8-Water!F7)) -> 0 | Q7: =IF((Water!G8-Water!G7)<0,"0",(Water!G8-Water!G7)) -> 0 | R7: =IF((Water!H8-Water!H7)<0,"0",(Water!H8-Water!H7)) -> 0 | S7: =IF((Water!I8-Water!I7)<0,"0",(Water!I8-Water!I7)) -> 0 | ... X7: =IF((Water!N8-Water!N7)<0,"0",(Water!N8-Water!N7)) -> 31 | Y7: 85 | Z7: 85
A8: Mondrian Duxton | B8: =B7+1 -> 7 | C8: 8 | D8: 2023 | E8: =IF((Electrical!B9-Electrical!B8)<0,"0",(Electrical!B9-Electrical!B8)) -> 256 | F8: =IF((Electrical!C9-Electrical!C8)<0,"0",(Electrical!C9-Electrical!C8)) -> 246 | G8: =IF((Electrical!D9-Electrical!D8)<0,"0",(Electrical!D9-Electrical!D8)) -> 251 | H8: =IF((Electrical!E9-Electrical!E8)<0,"0",(Electrical!E9-Electrical!E8)) -> 3886 | I8: =IF((Electrical!F9-Electrical!F8)<0,"0",(Electrical!F9-Electrical!F8)) -> 292 | J8: =IF((Gas!B9-Gas!B8)<0,"0",(Gas!B9-Gas!B8)) -> 0 | K8: =IF((Gas!C9-Gas!C8)<0,"0",(Gas!C9-Gas!C8)) -> 555 | L8: =IF((Water!B9-Water!B8)<0,"0",(Water!B9-Water!B8)) -> 9 | M8: =IF((Water!C9-Water!C8)<0,"0",(Water!C9-Water!C8)) -> 26 | N8: =IF((Water!D9-Water!D8)<0,"0",(Water!D9-Water!D8)) -> 0 | O8: =IF((Water!E9-Water!E8)<0,"0",(Water!E9-Water!E8)) -> 6 | P8: =IF((Water!F9-Water!F8)<0,"0",(Water!F9-Water!F8)) -> 0 | Q8: =IF((Water!G9-Water!G8)<0,"0",(Water!G9-Water!G8)) -> 0 | R8: =IF((Water!H9-Water!H8)<0,"0",(Water!H9-Water!H8)) -> 0 | S8: =IF((Water!I9-Water!I8)<0,"0",(Water!I9-Water!I8)) -> 0 | ... X8: =IF((Water!N9-Water!N8)<0,"0",(Water!N9-Water!N8)) -> 31 | Y8: 88 | Z8: 88
A9: Mondrian Duxton | B9: =B8+1 -> 8 | C9: 8 | D9: 2023 | E9: =IF((Electrical!B10-Electrical!B9)<0,"0",(Electrical!B10-Electrical!B9)) -> 200 | F9: =IF((Electrical!C10-Electrical!C9)<0,"0",(Electrical!C10-Electrical!C9)) -> 256 | G9: =IF((Electrical!D10-Electrical!D9)<0,"0",(Electrical!D10-Electrical!D9)) -> 252 | H9: =IF((Electrical!E10-Electrical!E9)<0,"0",(Electrical!E10-Electrical!E9)) -> 2773 | I9: =IF((Electrical!F10-Electrical!F9)<0,"0",(Electrical!F10-Electrical!F9)) -> 397 | J9: =IF((Gas!B10-Gas!B9)<0,"0",(Gas!B10-Gas!B9)) -> 0 | K9: =IF((Gas!C10-Gas!C9)<0,"0",(Gas!C10-Gas!C9)) -> 712 | L9: =IF((Water!B10-Water!B9)<0,"0",(Water!B10-Water!B9)) -> 7 | M9: =IF((Water!C10-Water!C9)<0,"0",(Water!C10-Water!C9)) -> 29 | N9: =IF((Water!D10-Water!D9)<0,"0",(Water!D10-Water!D9)) -> 0 | O9: =IF((Water!E10-Water!E9)<0,"0",(Water!E10-Water!E9)) -> 6 | P9: =IF((Water!F10-Water!F9)<0,"0",(Water!F10-Water!F9)) -> 0 | Q9: =IF((Water!G10-Water!G9)<0,"0",(Water!G10-Water!G9)) -> 0 | R9: =IF((Water!H10-Water!H9)<0,"0",(Water!H10-Water!H9)) -> 0 | S9: =IF((Water!I10-Water!I9)<0,"0",(Water!I10-Water!I9)) -> 0 | ... X9: =IF((Water!N10-Water!N9)<0,"0",(Water!N10-Water!N9)) -> 32 | Y9: 92 | Z9: 92
A10: Mondrian Duxton | B10: =B9+1 -> 9 | C10: 8 | D10: 2023 | E10: =IF((Electrical!B11-Electrical!B10)<0,"0",(Electrical!B11-Electrical!B10)) -> 342 | F10: =IF((Electrical!C11-Electrical!C10)<0,"0",(Electrical!C11-Electrical!C10)) -> 224 | G10: =IF((Electrical!D11-Electrical!D10)<0,"0",(Electrical!D11-Electrical!D10)) -> 258 | H10: =IF((Electrical!E11-Electrical!E10)<0,"0",(Electrical!E11-Electrical!E10)) -> 3466 | I10: =IF((Electrical!F11-Electrical!F10)<0,"0",(Electrical!F11-Electrical!F10)) -> 324 | J10: =IF((Gas!B11-Gas!B10)<0,"0",(Gas!B11-Gas!B10)) -> 0 | K10: =IF((Gas!C11-Gas!C10)<0,"0",(Gas!C11-Gas!C10)) -> 624 | L10: =IF((Water!B11-Water!B10)<0,"0",(Water!B11-Water!B10)) -> 8 | M10: =IF((Water!C11-Water!C10)<0,"0",(Water!C11-Water!C10)) -> 29 | N10: =IF((Water!D11-Water!D10)<0,"0",(Water!D11-Water!D10)) -> 0 | O10: =IF((Water!E11-Water!E10)<0,"0",(Water!E11-Water!E10)) -> 6 | P10: =IF((Water!F11-Water!F10)<0,"0",(Water!F11-Water!F10)) -> 0 | Q10: =IF((Water!G11-Water!G10)<0,"0",(Water!G11-Water!G10)) -> 0 | R10: =IF((Water!H11-Water!H10)<0,"0",(Water!H11-Water!H10)) -> 0 | S10: =IF((Water!I11-Water!I10)<0,"0",(Water!I11-Water!I10)) -> 0 | ... X10: =IF((Water!N11-Water!N10)<0,"0",(Water!N11-Water!N10)) -> 48 | Y10: 112 | Z10: 112
A11: Mondrian Duxton | B11: =B10+1 -> 10 | C11: 8 | D11: 2023 | E11: =IF((Electrical!B12-Electrical!B11)<0,"0",(Electrical!B12-Electrical!B11)) -> 259 | F11: =IF((Electrical!C12-Electrical!C11)<0,"0",(Electrical!C12-Electrical!C11)) -> 245 | G11: =IF((Electrical!D12-Electrical!D11)<0,"0",(Electrical!D12-Electrical!D11)) -> 237 | H11: =IF((Electrical!E12-Electrical!E11)<0,"0",(Electrical!E12-Electrical!E11)) -> 2920 | I11: =IF((Electrical!F12-Electrical!F11)<0,"0",(Electrical!F12-Electrical!F11)) -> 370 | J11: =IF((Gas!B12-Gas!B11)<0,"0",(Gas!B12-Gas!B11)) -> 0 | K11: =IF((Gas!C12-Gas!C11)<0,"0",(Gas!C12-Gas!C11)) -> 523 | L11: =IF((Water!B12-Water!B11)<0,"0",(Water!B12-Water!B11)) -> 8 | M11: =IF((Water!C12-Water!C11)<0,"0",(Water!C12-Water!C11)) -> 32 | N11: =IF((Water!D12-Water!D11)<0,"0",(Water!D12-Water!D11)) -> 0 | O11: =IF((Water!E12-Water!E11)<0,"0",(Water!E12-Water!E11)) -> 8 | P11: =IF((Water!F12-Water!F11)<0,"0",(Water!F12-Water!F11)) -> 0 | Q11: =IF((Water!G12-Water!G11)<0,"0",(Water!G12-Water!G11)) -> 0 | R11: =IF((Water!H12-Water!H11)<0,"0",(Water!H12-Water!H11)) -> 0 | S11: =IF((Water!I12-Water!I11)<0,"0",(Water!I12-Water!I11)) -> 0 | ... X11: =IF((Water!N12-Water!N11)<0,"0",(Water!N12-Water!N11)) -> 31 | Y11: 91 | Z11: 91
A12: Mondrian Duxton | B12: =B11+1 -> 11 | C12: 8 | D12: 2023 | E12: =IF((Electrical!B13-Electrical!B12)<0,"0",(Electrical!B13-Electrical!B12)) -> 266 | F12: =IF((Electrical!C13-Electrical!C12)<0,"0",(Electrical!C13-Electrical!C12)) -> 255 | G12: =IF((Electrical!D13-Electrical!D12)<0,"0",(Electrical!D13-Electrical!D12)) -> 261 | H12: =IF((Electrical!E13-Electrical!E12)<0,"0",(Electrical!E13-Electrical!E12)) -> 3318 | I12: =IF((Electrical!F13-Electrical!F12)<0,"0",(Electrical!F13-Electrical!F12)) -> 339 | J12: =IF((Gas!B13-Gas!B12)<0,"0",(Gas!B13-Gas!B12)) -> 0 | K12: =IF((Gas!C13-Gas!C12)<0,"0",(Gas!C13-Gas!C12)) -> 657 | L12: =IF((Water!B13-Water!B12)<0,"0",(Water!B13-Water!B12)) -> 7 | M12: =IF((Water!C13-Water!C12)<0,"0",(Water!C13-Water!C12)) -> 23 | N12: =IF((Water!D13-Water!D12)<0,"0",(Water!D13-Water!D12)) -> 0 | O12: =IF((Water!E13-Water!E12)<0,"0",(Water!E13-Water!E12)) -> 6 | P12: =IF((Water!F13-Water!F12)<0,"0",(Water!F13-Water!F12)) -> 0 | Q12: =IF((Water!G13-Water!G12)<0,"0",(Water!G13-Water!G12)) -> 0 | R12: =IF((Water!H13-Water!H12)<0,"0",(Water!H13-Water!H12)) -> 0 | S12: =IF((Water!I13-Water!I12)<0,"0",(Water!I13-Water!I12)) -> 0 | ... X12: =IF((Water!N13-Water!N12)<0,"0",(Water!N13-Water!N12)) -> 32 | Y12: 99 | Z12: 99
A13: Mondrian Duxton | B13: =B12+1 -> 12 | C13: 8 | D13: 2023 | E13: =IF((Electrical!B14-Electrical!B13)<0,"0",(Electrical!B14-Electrical!B13)) -> 309 | F13: =IF((Electrical!C14-Electrical!C13)<0,"0",(Electrical!C14-Electrical!C13)) -> 211 | G13: =IF((Electrical!D14-Electrical!D13)<0,"0",(Electrical!D14-Electrical!D13)) -> 252 | H13: =IF((Electrical!E14-Electrical!E13)<0,"0",(Electrical!E14-Electrical!E13)) -> 3416 | I13: =IF((Electrical!F14-Electrical!F13)<0,"0",(Electrical!F14-Electrical!F13)) -> 379 | J13: =IF((Gas!B14-Gas!B13)<0,"0",(Gas!B14-Gas!B13)) -> 0 | K13: =IF((Gas!C14-Gas!C13)<0,"0",(Gas!C14-Gas!C13)) -> 615 | L13: =IF((Water!B14-Water!B13)<0,"0",(Water!B14-Water!B13)) -> 10 | M13: =IF((Water!C14-Water!C13)<0,"0",(Water!C14-Water!C13)) -> 30 | N13: =IF((Water!D14-Water!D13)<0,"0",(Water!D14-Water!D13)) -> 0 | O13: =IF((Water!E14-Water!E13)<0,"0",(Water!E14-Water!E13)) -> 10 | P13: =IF((Water!F14-Water!F13)<0,"0",(Water!F14-Water!F13)) -> 0 | Q13: =IF((Water!G14-Water!G13)<0,"0",(Water!G14-Water!G13)) -> 0 | R13: =IF((Water!H14-Water!H13)<0,"0",(Water!H14-Water!H13)) -> 0 | S13: =IF((Water!I14-Water!I13)<0,"0",(Water!I14-Water!I13)) -> 0 | ... X13: =IF((Water!N14-Water!N13)<0,"0",(Water!N14-Water!N13)) -> 32 | Y13: 99 | Z13: 99
A14: Mondrian Duxton | B14: =B13+1 -> 13 | C14: 8 | D14: 2023 | E14: =IF((Electrical!B15-Electrical!B14)<0,"0",(Electrical!B15-Electrical!B14)) -> 206 | F14: =IF((Electrical!C15-Electrical!C14)<0,"0",(Electrical!C15-Electrical!C14)) -> 250 | G14: =IF((Electrical!D15-Electrical!D14)<0,"0",(Electrical!D15-Electrical!D14)) -> 249 | H14: =IF((Electrical!E15-Electrical!E14)<0,"0",(Electrical!E15-Electrical!E14)) -> 3339 | I14: =IF((Electrical!F15-Electrical!F14)<0,"0",(Electrical!F15-Electrical!F14)) -> 379 | J14: =IF((Gas!B15-Gas!B14)<0,"0",(Gas!B15-Gas!B14)) -> 0 | K14: =IF((Gas!C15-Gas!C14)<0,"0",(Gas!C15-Gas!C14)) -> 595 | L14: =IF((Water!B15-Water!B14)<0,"0",(Water!B15-Water!B14)) -> 9 | M14: =IF((Water!C15-Water!C14)<0,"0",(Water!C15-Water!C14)) -> 29 | N14: =IF((Water!D15-Water!D14)<0,"0",(Water!D15-Water!D14)) -> 0 | O14: =IF((Water!E15-Water!E14)<0,"0",(Water!E15-Water!E14)) -> 12 | P14: =IF((Water!F15-Water!F14)<0,"0",(Water!F15-Water!F14)) -> 0 | Q14: =IF((Water!G15-Water!G14)<0,"0",(Water!G15-Water!G14)) -> 0 | R14: =IF((Water!H15-Water!H14)<0,"0",(Water!H15-Water!H14)) -> 0 | S14: =IF((Water!I15-Water!I14)<0,"0",(Water!I15-Water!I14)) -> 0 | ... X14: =IF((Water!N15-Water!N14)<0,"0",(Water!N15-Water!N14)) -> 31 | Y14: 114 | Z14: 114
... A32: Mondrian Duxton | B32: =B31+1 -> 31 | C32: 8 | D32: 2023 | E32: =IF((Electrical!B33-Electrical!B32)<0,"0",(Electrical!B33-Electrical!B32)) -> 344 | F32: =IF((Electrical!C33-Electrical!C32)<0,"0",(Electrical!C33-Electrical!C32)) -> 197 | G32: =IF((Electrical!D33-Electrical!D32)<0,"0",(Electrical!D33-Electrical!D32)) -> 260 | H32: =IF((Electrical!E33-Electrical!E32)<0,"0",(Electrical!E33-Electrical!E32)) -> 3757 | I32: =IF((Electrical!F33-Electrical!F32)<0,"0",(Electrical!F33-Electrical!F32)) -> 358 | J32: =IF((Gas!B33-Gas!B32)<0,"0",(Gas!B33-Gas!B32)) -> 0 | K32: =IF((Gas!C33-Gas!C32)<0,"0",(Gas!C33-Gas!C32)) -> 753 | L32: =IF((Water!B33-Water!B32)<0,"0",(Water!B33-Water!B32)) -> 10 | M32: =IF((Water!C33-Water!C32)<0,"0",(Water!C33-Water!C32)) -> 24 | N32: =IF((Water!D33-Water!D32)<0,"0",(Water!D33-Water!D32)) -> 0 | O32: =IF((Water!E33-Water!E32)<0,"0",(Water!E33-Water!E32)) -> 6 | P32: =IF((Water!F33-Water!F32)<0,"0",(Water!F33-Water!F32)) -> 0 | Q32: =IF((Water!G33-Water!G32)<0,"0",(Water!G33-Water!G32)) -> 0 | R32: =IF((Water!H33-Water!H32)<0,"0",(Water!H33-Water!H32)) -> 0 | S32: =IF((Water!I33-Water!I32)<0,"0",(Water!I33-Water!I32)) -> 0 | ... X32: =IF((Water!N33-Water!N32)<0,"0",(Water!N33-Water!N32)) -> 40 | Y32: 94 | Z32: 94

Sheet Electrical
A1: DAY | B1: POWERGRID METER 1 (RC5056796) LEVEL B2 | C1: POWERGRID METER 2 (RC5056766) LEVEL B2 | D1: POWERGRID METER 3 (RC5057123) LEVEL B2 | E1: CHILLER METER LEVEL B2 | F1: HEAT PUMP LEVEL B1 | G1: CHECKED BY
A2: 31 | B2: 50397 | C2: 37264 | D2: 35935 | E2: 466256 | F2: 54576 | G2: Sharif
A3: 1 | B3: 50586 | C3: 37518 | D3: 36199 | E3: 469660 | F3: 54934 | G3: Sharif
A4: 2 | B4: 50956 | C4: 37768 | D4: 36436 | E4: 473125 | F4: 55274 | G4: Parithi
A5: 3 | B5: 51199 | C5: 37916 | D5: 36677 | E5: 475856 | F5: 55627 | G5: Parithi
A6: 4 | B6: 51417 | C6: 38287 | D6: 36940 | E6: 479255 | F6: 56014 | G6: Suresh/Venkat
A7: 5 | B7: 51694 | C7: 38538 | D7: 37204 | E7: 482803 | F7: 56384 | G7: Suresh/Venkat
A8: 6 | B8: 51973 | C8: 38753 | D8: 37438 | E8: 485985 | F8: 56758 | G8: Prabha
A9: 7 | B9: 52229 | C9: 38999 | D9: 37689 | E9: 489871 | F9: 57050 | G9: Prabha
A10: 8 | B10: 52429 | C10: 39255 | D10: 37941 | E10: 492644 | F10: 57447 | G10: Parithi
A11: 9 | B11: 52771 | C11: 39479 | D11: 38199 | E11: 496110 | F11: 57771 | G11: Parithi
A12: 10 | B12: 53030 | C12: 39724 | D12: 38436 | E12: 499030 | F12: 58141 | G12: Suresh/Venkat
A13: 11 | B13: 53296 | C13: 39979 | D13: 38697 | E13: 502348 | F13: 58480 | G13: Masud/Suresh/Ullah
... A33: 31 | B33: 59518 | C33: 44104 | D33: 43849 | E33: 570847 | F33: 66046 | G33: Veera/Suresh

Sheet Gas
A1: DAY | B1: CHRISTINA'S (LEVEL 1) | C1: HOT PRODUCTION KITCHEN/BOTTEGA DI CARNA (LEVEL 3) | D1: CHECK BY
A2: 31 | B2: 0 | C2: 47176 | D2: Sharif
A3: 1 | B3: 0 | C3: 47800 | D3: Sharif
A4: 2 | B4: 0 | C4: 48438 | D4: Parithi
A5: 3 | B5: 0 | C5: 49018 | D5: Parithi
A6: 4 | B6: 0 | C6: 49647 | D6: Suresh/Venkat
A7: 5 | B7: 0 | C7: 50308 | D7: Suresh/Venkat
A8: 6 | B8: 0 | C8: 50957 | D8: Prabha
A9: 7 | B9: 0 | C9: 51512 | D9: Prabha
A10: 8 | B10: 0 | C10: 52224 | D10: Parithi
A11: 9 | B11: 0 | C11: 52848 | D11: Parithi
A12: 10 | B12: 0 | C12: 53371 | D12: Suresh/Venkat
A13: 11 | B13: 0 | C13: 54028 | D13: Masud/Suresh/Ullah
... A33: 31 | B33: 0 | C33: 67178 | D33: Veera/Suresh

Sheet Water
A1: DAY | B1: MAIN WATER METER (B2) | C1: SUB WATER METER (B2) | D1: NEWWATER METER (B2) | E1: HOT WATER METER(B1) | F1: RESTAURANT CHRISTINA WATER METER (LEVEL 1) | G1: KITCHEN WATER METER (LEVEL 3) | H1: BAR KITCHEN WATER METER (LEVEL 3) | I1: WATER FEATURE WATER METER (LEVEL 3) | J1: SWIMMING POOL WATER METER (LEVEL 13) | K1: DOMESTIC TANK WATER METER (LEVEL 13) | L1: COOLING TOWER WATER METER (LEVEL 13) | M1: COOLING TOWER MAKE UP WATER METER (LEVEL 13) | N1: EXTENSION TANK WATER METER (LEVEL 13) | O1: CHECKED BY
A2: 31 | B2: 1037 | C2: 5465 | D2: 0 | E2: 264 | F2: 0 | G2: 0 | H2: 0 | I2: 0 | J2: 48 | K2: 0 | L2: 0 | M2: 0 | N2: 4986
A3: 1 | B3: 1047 | C3: 5485 | D3: 0 | E3: 273 | F3: 0 | G3: 0 | H3: 0 | I3: 0 | J3: 48 | K3: 0 | L3: 0 | M3: 0 | N3: 5017 | O3: Sharif
A4: 2 | B4: 1054 | C4: 5509 | D4: 0 | E4: 281 | F4: 0 | G4: 0 | H4: 0 | I4: 0 | J4: 51 | K4: 0 | L4: 0 | M4: 0 | N4: 5052 | O4: Parithi
A5: 3 | B5: 1063 | C5: 5539 | D5: 0 | E5: 289 | F5: 0 | G5: 0 | H5: 0 | I5: 0 | J5: 51 | K5: 0 | L5: 0 | M5: 0 | N5: 5082 | O5: Parithi
A6: 4 | B6: 1071 | C6: 5555 | D6: 0 | E6: 298 | F6: 0 | G6: 0 | H6: 0 | I6: 0 | J6: 51 | K6: 0 | L6: 0 | M6: 0 | N6: 5113 | O6: Suresh/Venkat
A7: 5 | B7: 1080 | C7: 5580 | D7: 0 | E7: 306 | F7: 0 | G7: 0 | H7: 0 | I7: 0 | J7: 51 | K7: 0 | L7: 0 | M7: 0 | N7: 5145 | O7: Suresh/Venkat
A8: 6 | B8: 1087 | C8: 5610 | D8: 0 | E8: 313 | F8: 0 | G8: 0 | H8: 0 | I8: 0 | J8: 52 | K8: 0 | L8: 0 | M8: 0 | N8: 5176 | O8: Prabha
A9: 7 | B9: 1096 | C9: 5636 | D9: 0 | E9: 319 | F9: 0 | G9: 0 | H9: 0 | I9: 0 | J9: 52 | K9: 0 | L9: 0 | M9: 0 | N9: 5207 | O9: Prabha
A10: 8 | B10: 1103 | C10: 5665 | D10: 0 | E10: 325 | F10: 0 | G10: 0 | H10: 0 | I10: 0 | J10: 61 | K10: 0 | L10: 0 | M10: 0 | N10: 5239 | O10: Parithi
A11: 9 | B11: 1111 | C11: 5694 | D11: 0 | E11: 331 | F11: 0 | G11: 0 | H11: 0 | I11: 0 | J11: 62 | K11: 0 | L11: 0 | M11: 0 | N11: 5287 | O11: Parithi
A12: 10 | B12: 1119 | C12: 5726 | D12: 0 | E12: 339 | F12: 0 | G12: 0 | H12: 0 | I12: 0 | J12: 68 | K12: 0 | L12: 0 | M12: 0 | N12: 5318 | O12: Suresh/Venkat
A13: 11 | B13: 1126 | C13: 5749 | D13: 0 | E13: 345 | F13: 0 | G13: 0 | H13: 0 | I13: 0 | J13: 68 | K13: 0 | L13: 0 | M13: 0 | N13: 5350 | O13: Masud/Suresh/Ullah
A14: 12 | B14: 1136 | C14: 5779 | D14: 0 | E14: 355 | F14: 0 | G14: 0 | H14: 0 | I14: 0 | J14: 70 | K14: 0 | L14: 0 | M14: 0 | N14: 5382 | O14: Parithi
... A33: 31 | B33: 1307 | C33: 6268 | D33: 0 | E33: 541 | F33: 0 | G33: 0 | H33: 0 | I33: 0 | J33: 97 | K33: 0 | L33: 0 | M33: 0 | N33: 6015 | O33: Veera/Suresh
A34: NOTE:In case of break down,keep the Duty Engineer or Facility Manager informed.
