Workbook

Sheet TOTAL
A1: Site Name | B1: Day | C1: Month | D1: Year | E1: Total Electricity Kwh | F1: Electricity Tariff ($/Kwh) | G1: Natural Gas (m3) | H1: Natural Gas $/m3 | I1: Water Utility Supply (m3) m3 | J1: Water Utility Supply (m3) $/m3 | K1: Room Nights | L1: Total Guests
A2: Mondrian Singapore Duxton | B2: 1 | C2: 10 | D2: 2023 | E2: ='Submetering '!E2+'Submetering '!F2+'Submetering '!G2 -> 11880 | F2: 0.287 | G2: =-'Submetering '!J2+'Submetering '!K2 -> 689 | H2: 0.2242 | I2: ='Submetering '!L2*10+'Submetering '!M2 -> 146 | J2: 2.74 | K2: 197 | L2: 197
A3: Mondrian Singapore Duxton | B3: =B2+1 -> 2 | C3: 10 | D3: 2023 | E3: ='Submetering '!E3+'Submetering '!F3+'Submetering '!G3 -> 12105 | F3: 0.287 | G3: =-'Submetering '!J3+'Submetering '!K3 -> 650 | H3: 0.2242 | I3: ='Submetering '!L3*10+'Submetering '!M3 -> 131 | J3: 2.74 | K3: 208 | L3: 208
A4: Mondrian Singapore Duxton | B4: =B3+1 -> 3 | C4: 10 | D4: 2023 | E4: ='Submetering '!E4+'Submetering '!F4+'Submetering '!G4 -> 12390 | F4: 0.287 | G4: =-'Submetering '!J4+'Submetering '!K4 -> 666 | H4: 0.2242 | I4: ='Submetering '!L4*10+'Submetering '!M4 -> 143 | J4: 2.74 | K4: 223 | L4: 223
A5: Mondrian Singapore Duxton | B5: =B4+1 -> 4 | C5: 10 | D5: 2023 | E5: ='Submetering '!E5+'Submetering '!F5+'Submetering '!G5 -> 12285 | F5: 0.287 | G5: =-'Submetering '!J5+'Submetering '!K5 -> 698 | H5: 0.2242 | I5: ='Submetering '!L5*10+'Submetering '!M5 -> 176 | J5: 2.74 | K5: 206 | L5: 206
A6: Mondrian Singapore Duxton | B6: =B5+1 -> 5 | C6: 10 | D6: 2023 | E6: ='Submetering '!E6+'Submetering '!F6+'Submetering '!G6 -> 12315 | F6: 0.287 | G6: =-'Submetering '!J6+'Submetering '!K6 -> 692 | H6: 0.2242 | I6: ='Submetering '!L6*10+'Submetering '!M6 -> 122 | J6: 2.74 | K6: 202 | L6: 202
A7: Mondrian Singapore Duxton | B7: =B6+1 -> 6 | C7: 10 | D7: 2023 | E7: ='Submetering '!E7+'Submetering '!F7+'Submetering '!G7 -> 12735 | F7: 0.287 | G7: =-'Submetering '!J7+'Submetering '!K7 -> 718 | H7: 0.2242 | I7: ='Submetering '!L7*10+'Submetering '!M7 -> 143 | J7: 2.74 | K7: 215 | L7: 215
A8: Mondrian Singapore Duxton | B8: =B7+1 -> 7 | C8: 10 | D8: 2023 | E8: ='Submetering '!E8+'Submetering '!F8+'Submetering '!G8 -> 14100 | F8: 0.287 | G8: =-'Submetering '!J8+'Submetering '!K8 -> 777 | H8: 0.2242 | I8: ='Submetering '!L8*10+'Submetering '!M8 -> 157 | J8: 2.74 | K8: 207 | L8: 207
A9: Mondrian Singapore Duxton | B9: =B8+1 -> 8 | C9: 10 | D9: 2023 | E9: ='Submetering '!E9+'Submetering '!F9+'Submetering '!G9 -> 11355 | F9: 0.287 | G9: =-'Submetering '!J9+'Submetering '!K9 -> 662 | H9: 0.2242 | I9: ='Submetering '!L9*10+'Submetering '!M9 -> 130 | J9: 2.74 | K9: 154 | L9: 154
A10: Mondrian Singapore Duxton | B10: =B9+1 -> 9 | C10: 10 | D10: 2023 | E10: ='Submetering '!E10+'Submetering '!F10+'Submetering '!G10 -> 12060 | F10: 0.287 | G10: =-'Submetering '!J10+'Submetering '!K10 -> 704 | H10: 0.2242 | I10: ='Submetering '!L10*10+'Submetering '!M10 -> 230 | J10: 2.74 | K10: 161 | L10: 161
A11: Mondrian Singapore Duxton | B11: =B10+1 -> 10 | C11: 10 | D11: 2023 | E11: ='Submetering '!E11+'Submetering '!F11+'Submetering '!G11 -> 12105 | F11: 0.287 | G11: =-'Submetering '!J11+'Submetering '!K11 -> 754 | H11: 0.2242 | I11: ='Submetering '!L11*10+'Submetering '!M11 -> 70 | J11: 2.74 | K11: 170 | L11: 170
A12: Mondrian Singapore Duxton | B12: =B11+1 -> 11 | C12: 10 | D12: 2023 | E12: ='Submetering '!E12+'Submetering '!F12+'Submetering '!G12 -> 12480 | F12: 0.287 | G12: =-'Submetering '!J12+'Submetering '!K12 -> 638 | H12: 0.2242 | I12: ='Submetering '!L12*10+'Submetering '!M12 -> 138 | J12: 2.74 | K12: 164 | L12: 164
A13: Mondrian Singapore Duxton | B13: =B12+1 -> 12 | C13: 10 | D13: 2023 | E13: ='Submetering '!E13+'Submetering '!F13+'Submetering '!G13 -> 12825 | F13: 0.287 | G13: =-'Submetering '!J13+'Submetering '!K13 -> 631 | H13: 0.2242 | I13: ='Submetering '!L13*10+'Submetering '!M13 -> 145 | J13: 2.74 | K13: 149 | L13: 149
A14: Mondrian Singapore Duxton | B14: =B13+1 -> 13 | C14: 10 | D14: 2023 | E14: ='Submetering '!E14+'Submetering '!F14+'Submetering '!G14 -> 12645 | F14: 0.287 | G14: =-'Submetering '!J14+'Submetering '!K14 -> 704 | H14: 0.2242 | I14: ='Submetering '!L14*10+'Submetering '!M14 -> 119 | J14: 2.74 | K14: 155 | L14: 155
... A32: Mondrian Singapore Duxton | B32: =B31+1 -> 31 | C32: 10 | D32: 2023 | E32: ='Submetering '!E32+'Submetering '!F32+'Submetering '!G32 -> 11805 | F32: 0.287 | G32: =-'Submetering '!J32+'Submetering '!K32 -> 809 | H32: 0.2242 | I32: ='Submetering '!L32*10+'Submetering '!M32 -> 105 | J32: 2.74 | K32: 233 | L32: 233

Sheet Submetering 
A1: Site Name | B1: Day | C1: Month | D1: Year | E1: POWERGRID METER 1 (RC5056796) LEVEL B2 | F1: POWERGRID METER 2 (RC5056766) LEVEL B2 | G1: POWERGRID METER 3 (RC5057123) LEVEL B2 | H1: CHILLER METER LEVEL B2 | I1: HEAT PUMP LEVEL B1 | J1: CHRISTINA'S (LEVEL 1) | K1: HOT PRODUCTION KITCHEN/BOTTEGA DI CARNA (LEVEL 3) | L1: MAIN WATER METER (B2) | M1: SUB WATER METER (B2) | N1: NEWWATER METER (B2) | O1: HOT WATER METER(B1) | P1: RESTAURANT CHRISTINA WATER METER (LEVEL 1) | Q1: KITCHEN WATER METER (LEVEL 3) | R1: BAR KITCHEN WATER METER (LEVEL 3) | S1: WATER FEATURE WATER METER (LEVEL 3) | T1: SWIMMING POOL WATER METER (LEVEL 13) | U1: DOMESTIC TANK WATER METER (LEVEL 13) | V1: COOLING TOWER WATER METER (LEVEL 13) | W1: COOLING TOWER MAKE UP WATER METER (LEVEL 13) | X1: EXTENSION TANK WATER METER (LEVEL 13) | Y1: Room Nights | Z1: Total Guests
A2: Mondrian Duxton | B2: 1 | C2: 10 | D2: 2023 | E2: =(IF((Electrical!B3-Electrical!B2)<0,"0",(Electrical!B3-Electrical!B2)))*15 -> 5310 | F2: =(IF((Electrical!C3-Electrical!C2)<0,"0",(Electrical!C3-Electrical!C2)))*15 -> 2805 | G2: =(IF((Electrical!D3-Electrical!D2)<0,"0",(Electrical!D3-Electrical!D2)))*15 -> 3765 | H2: =IF((Electrical!E3-Electrical!E2)<0,"0",(Electrical!E3-Electrical!E2)) -> 3613 | I2: =IF((Electrical!F3-Electrical!F2)<0,"0",(Electrical!F3-Electrical!F2)) -> 432 | J2: =IF((Gas!B3-Gas!B2)<0,"0",(Gas!B3-Gas!B2)) -> 0 | K2: =IF((Gas!C3-Gas!C2)<0,"0",(Gas!C3-Gas!C2)) -> 689 | L2: =IF((Water!B3-Water!B2)<0,"0",(Water!B3-Water!B2)) -> 12 | M2: =IF((Water!C3-Water!C2)<0,"0",(Water!C3-Water!C2)) -> 26 | N2: =IF((Water!D3-Water!D2)<0,"0",(Water!D3-Water!D2)) -> 0 | O2: =IF((Water!E3-Water!E2)<0,"0",(Water!E3-Water!E2)) -> 17 | P2: =IF((Water!F3-Water!F2)<0,"0",(Water!F3-Water!F2)) -> 0 | Q2: =IF((Water!G3-Water!G2)<0,"0",(Water!G3-Water!G2)) -> 0 | R2: =IF((Water!H3-Water!H2)<0,"0",(Water!H3-Water!H2)) -> 0 | S2: =IF((Water!I3-Water!I2)<0,"0",(Water!I3-Water!I2)) -> 0 | ... X2: =IF((Water!N3-Water!N2)<0,"0",(Water!N3-Water!N2)) -> 33 | Y2: 197 | Z2: 197
A3: Mondrian Duxton | B3: =B2+1 -> 2 | C3: 10 | D3: 2023 | E3: =(IF((Electrical!B4-Electrical!B3)<0,"0",(Electrical!B4-Electrical!B3)))*15 -> 4380 | F3: =(IF((Electrical!C4-Electrical!C3)<0,"0",(Electrical!C4-Electrical!C3)))*15 -> 3960 | G3: =(IF((Electrical!D4-Electrical!D3)<0,"0",(Electrical!D4-Electrical!D3)))*15 -> 3765 | H3: =IF((Electrical!E4-Electrical!E3)<0,"0",(Electrical!E4-Electrical!E3)) -> 3844 | I3: =IF((Electrical!F4-Electrical!F3)<0,"0",(Electrical!F4-Electrical!F3)) -> 390 | J3: =IF((Gas!B4-Gas!B3)<0,"0",(Gas!B4-Gas!B3)) -> 0 | K3: =IF((Gas!C4-Gas!C3)<0,"0",(Gas!C4-Gas!C3)) -> 650 | L3: =IF((Water!B4-Water!B3)<0,"0",(Water!B4-Water!B3)) -> 10 | M3: =IF((Water!C4-Water!C3)<0,"0",(Water!C4-Water!C3)) -> 31 | N3: =IF((Water!D4-Water!D3)<0,"0",(Water!D4-Water!D3)) -> 0 | O3: =IF((Water!E4-Water!E3)<0,"0",(Water!E4-Water!E3)) -> 10 | P3: =IF((Water!F4-Water!F3)<0,"0",(Water!F4-Water!F3)) -> 0 | Q3: =IF((Water!G4-Water!G3)<0,"0",(Water!G4-Water!G3)) -> 0 | R3: =IF((Water!H4-Water!H3)<0,"0",(Water!H4-Water!H3)) -> 0 | S3: =IF((Water!I4-Water!I3)<0,"0",(Water!I4-Water!I3)) -> 0 | ... X3: =IF((Water!N4-Water!N3)<0,"0",(Water!N4-Water!N3)) -> 33 | Y3: 208 | Z3: 208
A4: Mondrian Duxton | B4: =B3+1 -> 3 | C4: 10 | D4: 2023 | E4: =(IF((Electrical!B5-Electrical!B4)<0,"0",(Electrical!B5-Electrical!B4)))*15 -> 3660 | F4: =(IF((Electrical!C5-Electrical!C4)<0,"0",(Electrical!C5-Electrical!C4)))*15 -> 4815 | G4: =(IF((Electrical!D5-Electrical!D4)<0,"0",(Electrical!D5-Electrical!D4)))*15 -> 3915 | H4: =IF((Electrical!E5-Electrical!E4)<0,"0",(Electrical!E5-Electrical!E4)) -> 3671 | I4: =IF((Electrical!F5-Electrical!F4)<0,"0",(Electrical!F5-Electrical!F4)) -> 415 | J4: =IF((Gas!B5-Gas!B4)<0,"0",(Gas!B5-Gas!B4)) -> 0 | K4: =IF((Gas!C5-Gas!C4)<0,"0",(Gas!C5-Gas!C4)) -> 666 | L4: =IF((Water!B5-Water!B4)<0,"0",(Water!B5-Water!B4)) -> 12 | M4: =IF((Water!C5-Water!C4)<0,"0",(Water!C5-Water!C4)) -> 23 | N4: =IF((Water!D5-Water!D4)<0,"0",(Water!D5-Water!D4)) -> 0 | O4: =IF((Water!E5-Water!E4)<0,"0",(Water!E5-Water!E4)) -> 21 | P4: =IF((Water!F5-Water!F4)<0,"0",(Water!F5-Water!F4)) -> 0 | Q4: =IF((Water!G5-Water!G4)<0,"0",(Water!G5-Water!G4)) -> 0 | R4: =IF((Water!H5-Water!H4)<0,"0",(Water!H5-Water!H4)) -> 0 | S4: =IF((Water!I5-Water!I4)<0,"0",(Water!I5-Water!I4)) -> 0 | ... X4: =IF((Water!N5-Water!N4)<0,"0",(Water!N5-Water!N4)) -> 47 | Y4: 223 | Z4: 223
A5: Mondrian Duxton | B5: =B4+1 -> 4 | C5: 10 | D5: 2023 | E5: =(IF((Electrical!B6-Electrical!B5)<0,"0",(Electrical!B6-Electrical!B5)))*15 -> 3675 | F5: =(IF((Electrical!C6-Electrical!C5)<0,"0",(Electrical!C6-Electrical!C5)))*15 -> 4830 | G5: =(IF((Electrical!D6-Electrical!D5)<0,"0",(Electrical!D6-Electrical!D5)))*15 -> 3780 | H5: =IF((Electrical!E6-Electrical!E5)<0,"0",(Electrical!E6-Electrical!E5)) -> 3773 | I5: =IF((Electrical!F6-Electrical!F5)<0,"0",(Electrical!F6-Electrical!F5)) -> 607 | J5: =IF((Gas!B6-Gas!B5)<0,"0",(Gas!B6-Gas!B5)) -> 0 | K5: =IF((Gas!C6-Gas!C5)<0,"0",(Gas!C6-Gas!C5)) -> 698 | L5: =IF((Water!B6-Water!B5)<0,"0",(Water!B6-Water!B5)) -> 15 | M5: =IF((Water!C6-Water!C5)<0,"0",(Water!C6-Water!C5)) -> 26 | N5: =IF((Water!D6-Water!D5)<0,"0",(Water!D6-Water!D5)) -> 0 | O5: =IF((Water!E6-Water!E5)<0,"0",(Water!E6-Water!E5)) -> 20 | P5: =IF((Water!F6-Water!F5)<0,"0",(Water!F6-Water!F5)) -> 0 | Q5: =IF((Water!G6-Water!G5)<0,"0",(Water!G6-Water!G5)) -> 0 | R5: =IF((Water!H6-Water!H5)<0,"0",(Water!H6-Water!H5)) -> 0 | S5: =IF((Water!I6-Water!I5)<0,"0",(Water!I6-Water!I5)) -> 0 | ... X5: =IF((Water!N6-Water!N5)<0,"0",(Water!N6-Water!N5)) -> 33 | Y5: 206 | Z5: 206
A6: Mondrian Duxton | B6: =B5+1 -> 5 | C6: 10 | D6: 2023 | E6: =(IF((Electrical!B7-Electrical!B6)<0,"0",(Electrical!B7-Electrical!B6)))*15 -> 3540 | F6: =(IF((Electrical!C7-Electrical!C6)<0,"0",(Electrical!C7-Electrical!C6)))*15 -> 5130 | G6: =(IF((Electrical!D7-Electrical!D6)<0,"0",(Electrical!D7-Electrical!D6)))*15 -> 3645 | H6: =IF((Electrical!E7-Electrical!E6)<0,"0",(Electrical!E7-Electrical!E6)) -> 4123 | I6: =IF((Electrical!F7-Electrical!F6)<0,"0",(Electrical!F7-Electrical!F6)) -> 227 | J6: =IF((Gas!B7-Gas!B6)<0,"0",(Gas!B7-Gas!B6)) -> 0 | K6: =IF((Gas!C7-Gas!C6)<0,"0",(Gas!C7-Gas!C6)) -> 692 | L6: =IF((Water!B7-Water!B6)<0,"0",(Water!B7-Water!B6)) -> 10 | M6: =IF((Water!C7-Water!C6)<0,"0",(Water!C7-Water!C6)) -> 22 | N6: =IF((Water!D7-Water!D6)<0,"0",(Water!D7-Water!D6)) -> 0 | O6: =IF((Water!E7-Water!E6)<0,"0",(Water!E7-Water!E6)) -> 10 | P6: =IF((Water!F7-Water!F6)<0,"0",(Water!F7-Water!F6)) -> 0 | Q6: =IF((Water!G7-Water!G6)<0,"0",(Water!G7-Water!G6)) -> 0 | R6: =IF((Water!H7-Water!H6)<0,"0",(Water!H7-Water!H6)) -> 0 | S6: =IF((Water!I7-Water!I6)<0,"0",(Water!I7-Water!I6)) -> 0 | ... X6: =IF((Water!N7-Water!N6)<0,"0",(Water!N7-Water!N6)) -> 32 | Y6: 202 | Z6: 202
A7: Mondrian Duxton | B7: =B6+1 -> 6 | C7: 10 | D7: 2023 | E7: =(IF((Electrical!B8-Electrical!B7)<0,"0",(Electrical!B8-Electrical!B7)))*15 -> 4635 | F7: =(IF((Electrical!C8-Electrical!C7)<0,"0",(Electrical!C8-Electrical!C7)))*15 -> 4350 | G7: =(IF((Electrical!D8-Electrical!D7)<0,"0",(Electrical!D8-Electrical!D7)))*15 -> 3750 | H7: =IF((Electrical!E8-Electrical!E7)<0,"0",(Electrical!E8-Electrical!E7)) -> 4248 | I7: =IF((Electrical!F8-Electrical!F7)<0,"0",(Electrical!F8-Electrical!F7)) -> 400 | J7: =IF((Gas!B8-Gas!B7)<0,"0",(Gas!B8-Gas!B7)) -> 0 | K7: =IF((Gas!C8-Gas!C7)<0,"0",(Gas!C8-Gas!C7)) -> 718 | L7: =IF((Water!B8-Water!B7)<0,"0",(Water!B8-Water!B7)) -> 12 | M7: =IF((Water!C8-Water!C7)<0,"0",(Water!C8-Water!C7)) -> 23 | N7: =IF((Water!D8-Water!D7)<0,"0",(Water!D8-Water!D7)) -> 0 | O7: =IF((Water!E8-Water!E7)<0,"0",(Water!E8-Water!E7)) -> 14 | P7: =IF((Water!F8-Water!F7)<0,"0",(Water!F8-Water!F7)) -> 0 | Q7: =IF((Water!G8-Water!G7)<0,"0",(Water!G8-Water!G7)) -> 0 | R7: =IF((Water!H8-Water!H7)<0,"0",(Water!H8-Water!H7)) -> 0 | S7: =IF((Water!I8-Water!I7)<0,"0",(Water!I8-Water!I7)) -> 0 | ... X7: =IF((Water!N8-Water!N7)<0,"0",(Water!N8-Water!N7)) -> 48 | Y7: 215 | Z7: 215
A8: Mondrian Duxton | B8: =B7+1 -> 7 | C8: 10 | D8: 2023 | E8: =(IF((Electrical!B9-Electrical!B8)<0,"0",(Electrical!B9-Electrical!B8)))*15 -> 4680 | F8: =(IF((Electrical!C9-Electrical!C8)<0,"0",(Electrical!C9-Electrical!C8)))*15 -> 5280 | G8: =(IF((Electrical!D9-Electrical!D8)<0,"0",(Electrical!D9-Electrical!D8)))*15 -> 4140 | H8: =IF((Electrical!E9-Electrical!E8)<0,"0",(Electrical!E9-Electrical!E8)) -> 4751 | I8: =IF((Electrical!F9-Electrical!F8)<0,"0",(Electrical!F9-Electrical!F8)) -> 457 | J8: =IF((Gas!B9-Gas!B8)<0,"0",(Gas!B9-Gas!B8)) -> 0 | K8: =IF((Gas!C9-Gas!C8)<0,"0",(Gas!C9-Gas!C8)) -> 777 | L8: =IF((Water!B9-Water!B8)<0,"0",(Water!B9-Water!B8)) -> 13 | M8: =IF((Water!C9-Water!C8)<0,"0",(Water!C9-Water!C8)) -> 27 | N8: =IF((Water!D9-Water!D8)<0,"0",(Water!D9-Water!D8)) -> 0 | O8: =IF((Water!E9-Water!E8)<0,"0",(Water!E9-Water!E8)) -> 24 | P8: =IF((Water!F9-Water!F8)<0,"0",(Water!F9-Water!F8)) -> 0 | Q8: =IF((Water!G9-Water!G8)<0,"0",(Water!G9-Water!G8)) -> 0 | R8: =IF((Water!H9-Water!H8)<0,"0",(Water!H9-Water!H8)) -> 0 | S8: =IF((Water!I9-Water!I8)<0,"0",(Water!I9-Water!I8)) -> 0 | ... X8: =IF((Water!N9-Water!N8)<0,"0",(Water!N9-Water!N8)) -> 48 | Y8: 207 | Z8: 207
A9: Mondrian Duxton | B9: =B8+1 -> 8 | C9: 10 | D9: 2023 | E9: =(IF((Electrical!B10-Electrical!B9)<0,"0",(Electrical!B10-Electrical!B9)))*15 -> 3210 | F9: =(IF((Electrical!C10-Electrical!C9)<0,"0",(Electrical!C10-Electrical!C9)))*15 -> 4665 | G9: =(IF((Electrical!D10-Electrical!D9)<0,"0",(Electrical!D10-Electrical!D9)))*15 -> 3480 | H9: =IF((Electrical!E10-Electrical!E9)<0,"0",(Electrical!E10-Electrical!E9)) -> 3675 | I9: =IF((Electrical!F10-Electrical!F9)<0,"0",(Electrical!F10-Electrical!F9)) -> 356 | J9: =IF((Gas!B10-Gas!B9)<0,"0",(Gas!B10-Gas!B9)) -> 0 | K9: =IF((Gas!C10-Gas!C9)<0,"0",(Gas!C10-Gas!C9)) -> 662 | L9: =IF((Water!B10-Water!B9)<0,"0",(Water!B10-Water!B9)) -> 11 | M9: =IF((Water!C10-Water!C9)<0,"0",(Water!C10-Water!C9)) -> 20 | N9: =IF((Water!D10-Water!D9)<0,"0",(Water!D10-Water!D9)) -> 0 | O9: =IF((Water!E10-Water!E9)<0,"0",(Water!E10-Water!E9)) -> 4 | P9: =IF((Water!F10-Water!F9)<0,"0",(Water!F10-Water!F9)) -> 0 | Q9: =IF((Water!G10-Water!G9)<0,"0",(Water!G10-Water!G9)) -> 0 | R9: =IF((Water!H10-Water!H9)<0,"0",(Water!H10-Water!H9)) -> 0 | S9: =IF((Water!I10-Water!I9)<0,"0",(Water!I10-Water!I9)) -> 0 | ... X9: =IF((Water!N10-Water!N9)<0,"0",(Water!N10-Water!N9)) -> 32 | Y9: 154 | Z9: 154
A10: Mondrian Duxton | B10: =B9+1 -> 9 | C10: 10 | D10: 2023 | E10: =(IF((Electrical!B11-Electrical!B10)<0,"0",(Electrical!B11-Electrical!B10)))*15 -> 4230 | F10: =(IF((Electrical!C11-Electrical!C10)<0,"0",(Electrical!C11-Electrical!C10)))*15 -> 4050 | G10: =(IF((Electrical!D11-Electrical!D10)<0,"0",(Electrical!D11-Electrical!D10)))*15 -> 3780 | H10: =IF((Electrical!E11-Electrical!E10)<0,"0",(Electrical!E11-Electrical!E10)) -> 4005 | I10: =IF((Electrical!F11-Electrical!F10)<0,"0",(Electrical!F11-Electrical!F10)) -> 386 | J10: =IF((Gas!B11-Gas!B10)<0,"0",(Gas!B11-Gas!B10)) -> 0 | K10: =IF((Gas!C11-Gas!C10)<0,"0",(Gas!C11-Gas!C10)) -> 704 | L10: =IF((Water!B11-Water!B10)<0,"0",(Water!B11-Water!B10)) -> 11 | M10: =IF((Water!C11-Water!C10)<0,"0",(Water!C11-Water!C10)) -> 120 | N10: =IF((Water!D11-Water!D10)<0,"0",(Water!D11-Water!D10)) -> 0 | O10: =IF((Water!E11-Water!E10)<0,"0",(Water!E11-Water!E10)) -> 11 | P10: =IF((Water!F11-Water!F10)<0,"0",(Water!F11-Water!F10)) -> 0 | Q10: =IF((Water!G11-Water!G10)<0,"0",(Water!G11-Water!G10)) -> 0 | R10: =IF((Water!H11-Water!H10)<0,"0",(Water!H11-Water!H10)) -> 0 | S10: =IF((Water!I11-Water!I10)<0,"0",(Water!I11-Water!I10)) -> 0 | ... X10: =IF((Water!N11-Water!N10)<0,"0",(Water!N11-Water!N10)) -> 49 | Y10: 161 | Z10: 161
A11: Mondrian Duxton | B11: =B10+1 -> 10 | C11: 10 | D11: 2023 | E11: =(IF((Electrical!B12-Electrical!B11)<0,"0",(Electrical!B12-Electrical!B11)))*15 -> 4620 | F11: =(IF((Electrical!C12-Electrical!C11)<0,"0",(Electrical!C12-Electrical!C11)))*15 -> 3765 | G11: =(IF((Electrical!D12-Electrical!D11)<0,"0",(Electrical!D12-Electrical!D11)))*15 -> 3720 | H11: =IF((Electrical!E12-Electrical!E11)<0,"0",(Electrical!E12-Electrical!E11)) -> 3498 | I11: =IF((Electrical!F12-Electrical!F11)<0,"0",(Electrical!F12-Electrical!F11)) -> 364 | J11: =IF((Gas!B12-Gas!B11)<0,"0",(Gas!B12-Gas!B11)) -> 0 | K11: =IF((Gas!C12-Gas!C11)<0,"0",(Gas!C12-Gas!C11)) -> 754 | L11: =IF((Water!B12-Water!B11)<0,"0",(Water!B12-Water!B11)) -> 7 | M11: =IF((Water!C12-Water!C11)<0,"0",(Water!C12-Water!C11)) -> 0 | N11: =IF((Water!D12-Water!D11)<0,"0",(Water!D12-Water!D11)) -> 0 | O11: =IF((Water!E12-Water!E11)<0,"0",(Water!E12-Water!E11)) -> 9 | P11: =IF((Water!F12-Water!F11)<0,"0",(Water!F12-Water!F11)) -> 0 | Q11: =IF((Water!G12-Water!G11)<0,"0",(Water!G12-Water!G11)) -> 0 | R11: =IF((Water!H12-Water!H11)<0,"0",(Water!H12-Water!H11)) -> 0 | S11: =IF((Water!I12-Water!I11)<0,"0",(Water!I12-Water!I11)) -> 0 | ... X11: =IF((Water!N12-Water!N11)<0,"0",(Water!N12-Water!N11)) -> 33 | Y11: 170 | Z11: 170
A12: Mondrian Duxton | B12: =B11+1 -> 11 | C12: 10 | D12: 2023 | E12: =(IF((Electrical!B13-Electrical!B12)<0,"0",(Electrical!B13-Electrical!B12)))*15 -> 4950 | F12: =(IF((Electrical!C13-Electrical!C12)<0,"0",(Electrical!C13-Electrical!C12)))*15 -> 3825 | G12: =(IF((Electrical!D13-Electrical!D12)<0,"0",(Electrical!D13-Electrical!D12)))*15 -> 3705 | H12: =IF((Electrical!E13-Electrical!E12)<0,"0",(Electrical!E13-Electrical!E12)) -> 4065 | I12: =IF((Electrical!F13-Electrical!F12)<0,"0",(Electrical!F13-Electrical!F12)) -> 371 | J12: =IF((Gas!B13-Gas!B12)<0,"0",(Gas!B13-Gas!B12)) -> 0 | K12: =IF((Gas!C13-Gas!C12)<0,"0",(Gas!C13-Gas!C12)) -> 638 | L12: =IF((Water!B13-Water!B12)<0,"0",(Water!B13-Water!B12)) -> 12 | M12: =IF((Water!C13-Water!C12)<0,"0",(Water!C13-Water!C12)) -> 18 | N12: =IF((Water!D13-Water!D12)<0,"0",(Water!D13-Water!D12)) -> 0 | O12: =IF((Water!E13-Water!E12)<0,"0",(Water!E13-Water!E12)) -> 9 | P12: =IF((Water!F13-Water!F12)<0,"0",(Water!F13-Water!F12)) -> 0 | Q12: =IF((Water!G13-Water!G12)<0,"0",(Water!G13-Water!G12)) -> 0 | R12: =IF((Water!H13-Water!H12)<0,"0",(Water!H13-Water!H12)) -> 0 | S12: =IF((Water!I13-Water!I12)<0,"0",(Water!I13-Water!I12)) -> 0 | ... X12: =IF((Water!N13-Water!N12)<0,"0",(Water!N13-Water!N12)) -> 34 | Y12: 164 | Z12: 164
A13: Mondrian Duxton | B13: =B12+1 -> 12 | C13: 10 | D13: 2023 | E13: =(IF((Electrical!B14-Electrical!B13)<0,"0",(Electrical!B14-Electrical!B13)))*15 -> 4980 | F13: =(IF((Electrical!C14-Electrical!C13)<0,"0",(Electrical!C14-Electrical!C13)))*15 -> 4020 | G13: =(IF((Electrical!D14-Electrical!D13)<0,"0",(Electrical!D14-Electrical!D13)))*15 -> 3825 | H13: =IF((Electrical!E14-Electrical!E13)<0,"0",(Electrical!E14-Electrical!E13)) -> 4310 | I13: =IF((Electrical!F14-Electrical!F13)<0,"0",(Electrical!F14-Electrical!F13)) -> 378 | J13: =IF((Gas!B14-Gas!B13)<0,"0",(Gas!B14-Gas!B13)) -> 0 | K13: =IF((Gas!C14-Gas!C13)<0,"0",(Gas!C14-Gas!C13)) -> 631 | L13: =IF((Water!B14-Water!B13)<0,"0",(Water!B14-Water!B13)) -> 12 | M13: =IF((Water!C14-Water!C13)<0,"0",(Water!C14-Water!C13)) -> 25 | N13: =IF((Water!D14-Water!D13)<0,"0",(Water!D14-Water!D13)) -> 0 | O13: =IF((Water!E14-Water!E13)<0,"0",(Water!E14-Water!E13)) -> 7 | P13: =IF((Water!F14-Water!F13)<0,"0",(Water!F14-Water!F13)) -> 0 | Q13: =IF((Water!G14-Water!G13)<0,"0",(Water!G14-Water!G13)) -> 0 | R13: =IF((Water!H14-Water!H13)<0,"0",(Water!H14-Water!H13)) -> 0 | S13: =IF((Water!I14-Water!I13)<0,"0",(Water!I14-Water!I13)) -> 0 | ... X13: =IF((Water!N14-Water!N13)<0,"0",(Water!N14-Water!N13)) -> 51 | Y13: 149 | Z13: 149
A14: Mondrian Duxton | B14: =B13+1 -> 13 | C14: 10 | D14: 2023 | E14: =(IF((Electrical!B15-Electrical!B14)<0,"0",(Electrical!B15-Electrical!B14)))*15 -> 5100 | F14: =(IF((Electrical!C15-Electrical!C14)<0,"0",(Electrical!C15-Electrical!C14)))*15 -> 3765 | G14: =(IF((Electrical!D15-Electrical!D14)<0,"0",(Electrical!D15-Electrical!D14)))*15 -> 3780 | H14: =IF((Electrical!E15-Electrical!E14)<0,"0",(Electrical!E15-Electrical!E14)) -> 3825 | I14: =IF((Electrical!F15-Electrical!F14)<0,"0",(Electrical!F15-Electrical!F14)) -> 374 | J14: =IF((Gas!B15-Gas!B14)<0,"0",(Gas!B15-Gas!B14)) -> 0 | K14: =IF((Gas!C15-Gas!C14)<0,"0",(Gas!C15-Gas!C14)) -> 704 | L14: =IF((Water!B15-Water!B14)<0,"0",(Water!B15-Water!B14)) -> 10 | M14: =IF((Water!C15-Water!C14)<0,"0",(Water!C15-Water!C14)) -> 19 | N14: =IF((Water!D15-Water!D14)<0,"0",(Water!D15-Water!D14)) -> 0 | O14: =IF((Water!E15-Water!E14)<0,"0",(Water!E15-Water!E14)) -> 12 | P14: =IF((Water!F15-Water!F14)<0,"0",(Water!F15-Water!F14)) -> 0 | Q14: =IF((Water!G15-Water!G14)<0,"0",(Water!G15-Water!G14)) -> 0 | R14: =IF((Water!H15-Water!H14)<0,"0",(Water!H15-Water!H14)) -> 0 | S14: =IF((Water!I15-Water!I14)<0,"0",(Water!I15-Water!I14)) -> 0 | ... X14: =IF((Water!N15-Water!N14)<0,"0",(Water!N15-Water!N14)) -> 34 | Y14: 155 | Z14: 155
... A32: Mondrian Duxton | B32: =B31+1 -> 31 | C32: 10 | D32: 2023 | E32: =(IF((Electrical!B33-Electrical!B32)<0,"0",(Electrical!B33-Electrical!B32)))*15 -> 4260 | F32: =(IF((Electrical!C33-Electrical!C32)<0,"0",(Electrical!C33-Electrical!C32)))*15 -> 3945 | G32: =(IF((Electrical!D33-Electrical!D32)<0,"0",(Electrical!D33-Electrical!D32)))*15 -> 3600 | H32: =IF((Electrical!E33-Electrical!E32)<0,"0",(Electrical!E33-Electrical!E32)) -> 3791 | I32: =IF((Electrical!F33-Electrical!F32)<0,"0",(Electrical!F33-Electrical!F32)) -> 373 | J32: =IF((Gas!B33-Gas!B32)<0,"0",(Gas!B33-Gas!B32)) -> 0 | K32: =IF((Gas!C33-Gas!C32)<0,"0",(Gas!C33-Gas!C32)) -> 809 | L32: =IF((Water!B33-Water!B32)<0,"0",(Water!B33-Water!B32)) -> 9 | M32: =IF((Water!C33-Water!C32)<0,"0",(Water!C33-Water!C32)) -> 15 | N32: =IF((Water!D33-Water!D32)<0,"0",(Water!D33-Water!D32)) -> 0 | O32: =IF((Water!E33-Water!E32)<0,"0",(Water!E33-Water!E32)) -> 11 | P32: =IF((Water!F33-Water!F32)<0,"0",(Water!F33-Water!F32)) -> 0 | Q32: =IF((Water!G33-Water!G32)<0,"0",(Water!G33-Water!G32)) -> 0 | R32: =IF((Water!H33-Water!H32)<0,"0",(Water!H33-Water!H32)) -> 0 | S32: =IF((Water!I33-Water!I32)<0,"0",(Water!I33-Water!I32)) -> 0 | ... X32: =IF((Water!N33-Water!N32)<0,"0",(Water!N33-Water!N32)) -> 32 | Y32: 233 | Z32: 233

Sheet Electrical
A1: DAY | B1: POWERGRID METER 1 (RC5056796) LEVEL B2 | C1: POWERGRID METER 2 (RC5056766) LEVEL B2 | D1: POWERGRID METER 3 (RC5057123) LEVEL B2 | E1: CHILLER METER LEVEL B2 | F1: HEAT PUMP LEVEL B1 | G1: CHECKED BY
A2: 30 | B2: 68642 | C2: 51541 | D2: 51386 | E2: 684594 | F2: 77898 | G2: Sharif
A3: 1 | B3: 68996 | C3: 51728 | D3: 51637 | E3: 688207 | F3: 78330 | G3: Parithi
A4: 2 | B4: 69288 | C4: 51992 | D4: 51888 | E4: 692051 | F4: 78720 | G4: Venkat
A5: 3 | B5: 69532 | C5: 52313 | D5: 52149 | E5: 695722 | F5: 79135 | G5: Venkat
A6: 4 | B6: 69777 | C6: 52635 | D6: 52401 | E6: 699495 | F6: 79742 | G6: Prakash/Masud
A7: 5 | B7: 70013 | C7: 52977 | D7: 52644 | E7: 703618 | F7: 79969 | G7: Masud/Ullah
A8: 6 | B8: 70322 | C8: 53267 | D8: 52894 | E8: 707866 | F8: 80369 | G8: Ullah
A9: 7 | B9: 70634 | C9: 53619 | D9: 53170 | E9: 712617 | F9: 80826 | G9: Parithi
A10: 8 | B10: 70848 | C10: 53930 | D10: 53402 | E10: 716292 | F10: 81182 | G10: Suresh/Ramu
A11: 9 | B11: 71130 | C11: 54200 | D11: 53654 | E11: 720297 | F11: 81568 | G11: Depak
A12: 10 | B12: 71438 | C12: 54451 | D12: 53902 | E12: 723795 | F12: 81932 | G12: Depak
A13: 11 | B13: 71768 | C13: 54706 | D13: 54149 | E13: 727860 | F13: 82303 | G13: Depak/Praba
... A33: 31 | B33: 78142 | C33: 59839 | D33: 59205 | E33: 805613 | F33: 89929 | G33: Ullah/Venkat

Sheet Gas
A1: DAY | B1: CHRISTINA'S (LEVEL 1) | C1: HOT PRODUCTION KITCHEN/BOTTEGA DI CARNA (LEVEL 3) | D1: CHECK BY
A2: 30 | B2: 0 | C2: 87693 | D2: Sharif
A3: 1 | B3: 0 | C3: 88382 | D3: Parithi
A4: 2 | B4: 0 | C4: 89032 | D4: Venkat
A5: 3 | B5: 0 | C5: 89698 | D5: Venkat
A6: 4 | B6: 0 | C6: 90396 | D6: Prakash/Masud
A7: 5 | B7: 0 | C7: 91088 | D7: Masud/Ullah
A8: 6 | B8: 0 | C8: 91806 | D8: Ullah
A9: 7 | B9: 0 | C9: 92583 | D9: Parithi
A10: 8 | B10: 0 | C10: 93245 | D10: Suresh/Ramu
A11: 9 | B11: 0 | C11: 93949 | D11: Depak
A12: 10 | B12: 0 | C12: 94703 | D12: Depak
A13: 11 | B13: 0 | C13: 95341 | D13: Depak/Praba
... A33: 31 | B33: 0 | C33: 110364 | D33: Ullah/Venkat

Sheet Water
A1: DAY | B1: MAIN WATER METER (B2) | C1: SUB WATER METER (B2) | D1: NEWWATER METER (B2) | E1: HOT WATER METER(B1) | F1: RESTAURANT CHRISTINA WATER METER (LEVEL 1) | G1: KITCHEN WATER METER (LEVEL 3) | H1: BAR KITCHEN WATER METER (LEVEL 3) | I1: WATER FEATURE WATER METER (LEVEL 3) | J1: SWIMMING POOL WATER METER (LEVEL 13) | K1: DOMESTIC TANK WATER METER (LEVEL 13) | L1: COOLING TOWER WATER METER (LEVEL 13) | M1: COOLING TOWER MAKE UP WATER METER (LEVEL 13) | N1: EXTENSION TANK WATER METER (LEVEL 13) | O1: CHECKED BY
A2: 30 | B2: 1625 | C2: 7074 | D2: 0 | E2: 920 | F2: 0 | G2: 0 | H2: 0 | I2: 0 | J2: 138 | K2: 0 | L2: 0 | M2: 0 | N2: 7109 | O2: Sharif
A3: 1 | B3: 1637 | C3: 7100 | D3: 0 | E3: 937 | F3: 0 | G3: 0 | H3: 0 | I3: 0 | J3: 139 | K3: 0 | L3: 0 | M3: 0 | N3: 7142 | O3: Parithi
A4: 2 | B4: 1647 | C4: 7131 | D4: 0 | E4: 947 | F4: 0 | G4: 0 | H4: 0 | I4: 0 | J4: 143 | K4: 0 | L4: 0 | M4: 0 | N4: 7175 | O4: Venkat
A5: 3 | B5: 1659 | C5: 7154 | D5: 0 | E5: 968 | F5: 0 | G5: 0 | H5: 0 | I5: 0 | J5: 144 | K5: 0 | L5: 0 | M5: 0 | N5: 7222 | O5: Venkat
A6: 4 | B6: 1674 | C6: 7180 | D6: 0 | E6: 988 | F6: 0 | G6: 0 | H6: 0 | I6: 0 | J6: 144 | K6: 0 | L6: 0 | M6: 0 | N6: 7255 | O6: Prakash/Masud
A7: 5 | B7: 1684 | C7: 7202 | D7: 0 | E7: 998 | F7: 0 | G7: 0 | H7: 0 | I7: 0 | J7: 149 | K7: 0 | L7: 0 | M7: 0 | N7: 7287 | O7: Masud/Ullah
A8: 6 | B8: 1696 | C8: 7225 | D8: 0 | E8: 1012 | F8: 0 | G8: 0 | H8: 0 | I8: 0 | J8: 150 | K8: 0 | L8: 0 | M8: 0 | N8: 7335 | O8: Ullah
A9: 7 | B9: 1709 | C9: 7252 | D9: 0 | E9: 1036 | F9: 0 | G9: 0 | H9: 0 | I9: 0 | J9: 151 | K9: 0 | L9: 0 | M9: 0 | N9: 7383 | O9: Parithi
A10: 8 | B10: 1720 | C10: 7272 | D10: 0 | E10: 1040 | F10: 0 | G10: 0 | H10: 0 | I10: 0 | J10: 152 | K10: 0 | L10: 0 | M10: 0 | N10: 7415 | O10: Suresh/Ramu
A11: 9 | B11: 1731 | C11: 7392 | D11: 0 | E11: 1051 | F11: 0 | G11: 0 | H11: 0 | I11: 0 | J11: 159 | K11: 0 | L11: 0 | M11: 0 | N11: 7464 | O11: Depak
A12: 10 | B12: 1738 | C12: 7319 | D12: 0 | E12: 1060 | F12: 0 | G12: 0 | H12: 0 | I12: 0 | J12: 159 | K12: 0 | L12: 0 | M12: 0 | N12: 7497 | O12: Depak
A13: 11 | B13: 1750 | C13: 7337 | D13: 0 | E13: 1069 | F13: 0 | G13: 0 | H13: 0 | I13: 0 | J13: 159 | K13: 0 | L13: 0 | M13: 0 | N13: 7531 | O13: Depak/Prabha
... A33: 31 | B33: 1964 | C33: 7807 | D33: 0 | E33: 1298 | F33: 0 | G33: 0 | H33: 0 | I33: 0 | J33: 197 | K33: 0 | L33: 0 | M33: 0 | N33: 8329 | O33: Ullah/Venkat
A34: NOTE:In case of break down,keep the Duty Engineer or Facility Manager informed.
