Workbook

Sheet Total
A1: Site Name | B1: Day | C1: Month | D1: Year | E1: Total Electricity Kwh | F1: Electricity Tariff ($/Kwh) | G1: LPG (Liters) | H1: LPG $/Liters | I1: Water Utility Supply (IG) IG | J1: Water Utility Supply (IG) IG/m3 | K1: Room Nights | L1: Total Guests
A2: 25hours Dubai One Central | B2: 1 | C2: 1 | D2: 2024 | E2: =Submetering!E2+Submetering!F2+Submetering!G2+Submetering!H2+Submetering!I2+Submetering!J2 -> 16896 | F2: =(2000*0.23+2000*0.28+2000*0.32+(E2-6000)*0.38+0.065*E2)/E2 -> 0.40830492 | G2: =Submetering!M2 -> 550.56 | H2: 2.5 | I2: =Submetering!L2 -> 48613.149 | J2: =(10000*0.035+10000*0.04+(I2-20000)*0.046+0.005*I2+0.01*I2)/I2 -> 0.057503004 | K2: =INT('Daily Meter'!O6*434/100) -> 264
A3: 25hours Dubai One Central | B3: =B2+1 -> 2 | C3: 1 | D3: 2024 | E3: =Submetering!E3+Submetering!F3+Submetering!G3+Submetering!H3+Submetering!I3+Submetering!J3 -> 16224 | F3: =(2000*0.23+2000*0.28+2000*0.32+(E3-6000)*0.38+0.065*E3)/E3 -> 0.40678501 | G3: =Submetering!M3 -> 480.26 | H3: 2.5 | I3: =Submetering!L3 -> 43113.924 | J3: =(10000*0.035+10000*0.04+(I3-20000)*0.046+0.005*I3+0.01*I3)/I3 -> 0.057056958 | K3: =INT('Daily Meter'!O7*434/100) -> 239
A4: 25hours Dubai One Central | B4: =B3+1 -> 3 | C4: 1 | D4: 2024 | E4: =Submetering!E4+Submetering!F4+Submetering!G4+Submetering!H4+Submetering!I4+Submetering!J4 -> 15936 | F4: =(2000*0.23+2000*0.28+2000*0.32+(E4-6000)*0.38+0.065*E4)/E4 -> 0.40609438 | G4: =Submetering!M4 -> 443.26 | H4: 2.5 | I4: =Submetering!L4 -> 36514.854 | J4: =(10000*0.035+10000*0.04+(I4-20000)*0.046+0.005*I4+0.01*I4)/I4 -> 0.05634436 | K4: =INT('Daily Meter'!O8*434/100) -> 232
A5: 25hours Dubai One Central | B5: =B4+1 -> 4 | C5: 1 | D5: 2024 | E5: =Submetering!E5+Submetering!F5+Submetering!G5+Submetering!H5+Submetering!I5+Submetering!J5 -> 15408 | F5: =(2000*0.23+2000*0.28+2000*0.32+(E5-6000)*0.38+0.065*E5)/E5 -> 0.40476116 | G5: =Submetering!M5 -> 454.73 | H5: 2.5 | I5: =Submetering!L5 -> 37614.699 | J5: =(10000*0.035+10000*0.04+(I5-20000)*0.046+0.005*I5+0.01*I5)/I5 -> 0.05648049 | K5: =INT('Daily Meter'!O9*434/100) -> 233
A6: 25hours Dubai One Central | B6: =B5+1 -> 5 | C6: 1 | D6: 2024 | E6: =Submetering!E6+Submetering!F6+Submetering!G6+Submetering!H6+Submetering!I6+Submetering!J6 -> 15552 | F6: =(2000*0.23+2000*0.28+2000*0.32+(E6-6000)*0.38+0.065*E6)/E6 -> 0.40513374 | G6: =Submetering!M6 -> 452.14 | H6: 2.5 | I6: =Submetering!L6 -> 26176.311 | J6: =(10000*0.035+10000*0.04+(I6-20000)*0.046+0.005*I6+0.01*I6)/I6 -> 0.054505578 | K6: =INT('Daily Meter'!O10*434/100) -> 227
A7: 25hours Dubai One Central | B7: =B6+1 -> 6 | C7: 1 | D7: 2024 | E7: =Submetering!E7+Submetering!F7+Submetering!G7+Submetering!H7+Submetering!I7+Submetering!J7 -> 15792 | F7: =(2000*0.23+2000*0.28+2000*0.32+(E7-6000)*0.38+0.065*E7)/E7 -> 0.40573961 | G7: =Submetering!M7 -> 452.14 | H7: 2.5 | I7: =Submetering!L7 -> 48393.18 | J7: =(10000*0.035+10000*0.04+(I7-20000)*0.046+0.005*I7+0.01*I7)/I7 -> 0.057487108 | K7: =INT('Daily Meter'!O11*434/100) -> 214
A8: 25hours Dubai One Central | B8: =B7+1 -> 7 | C8: 1 | D8: 2024 | E8: =Submetering!E8+Submetering!F8+Submetering!G8+Submetering!H8+Submetering!I8+Submetering!J8 -> 16464 | F8: =(2000*0.23+2000*0.28+2000*0.32+(E8-6000)*0.38+0.065*E8)/E8 -> 0.40734208 | G8: =Submetering!M8 -> 441.78 | H8: 2.5 | I8: =Submetering!L8 -> 51912.684 | J8: =(10000*0.035+10000*0.04+(I8-20000)*0.046+0.005*I8+0.01*I8)/I8 -> 0.05772527 | K8: =INT('Daily Meter'!O12*434/100) -> 171
A9: 25hours Dubai One Central | B9: =B8+1 -> 8 | C9: 1 | D9: 2024 | E9: =Submetering!E9+Submetering!F9+Submetering!G9+Submetering!H9+Submetering!I9+Submetering!J9 -> 15744 | F9: =(2000*0.23+2000*0.28+2000*0.32+(E9-6000)*0.38+0.065*E9)/E9 -> 0.40561992 | G9: =Submetering!M9 -> 419.21 | H9: 2.5 | I9: =Submetering!L9 -> 35634.978 | J9: =(10000*0.035+10000*0.04+(I9-20000)*0.046+0.005*I9+0.01*I9)/I9 -> 0.056229406 | K9: =INT('Daily Meter'!O13*434/100) -> 308
A10: 25hours Dubai One Central | B10: =B9+1 -> 9 | C10: 1 | D10: 2024 | E10: =Submetering!E10+Submetering!F10+Submetering!G10+Submetering!H10+Submetering!I10+Submetering!J10 -> 15984 | F10: =(2000*0.23+2000*0.28+2000*0.32+(E10-6000)*0.38+0.065*E10)/E10 -> 0.40621121 | G10: =Submetering!M10 -> 444.74 | H10: 2.5 | I10: =Submetering!L10 -> 28815.939 | J10: =(10000*0.035+10000*0.04+(I10-20000)*0.046+0.005*I10+0.01*I10)/I10 -> 0.055100487 | K10: =INT('Daily Meter'!O14*434/100) -> 343
A11: 25hours Dubai One Central | B11: =B10+1 -> 10 | C11: 1 | D11: 2024 | E11: =Submetering!E11+Submetering!F11+Submetering!G11+Submetering!H11+Submetering!I11+Submetering!J11 -> 16176 | F11: =(2000*0.23+2000*0.28+2000*0.32+(E11-6000)*0.38+0.065*E11)/E11 -> 0.40667161 | G11: =Submetering!M11 -> 473.6 | H11: 2.5 | I11: =Submetering!L11 -> 49053.087 | J11: =(10000*0.035+10000*0.04+(I11-20000)*0.046+0.005*I11+0.01*I11)/I11 -> 0.057534367 | K11: =INT('Daily Meter'!O15*434/100) -> 376
A12: 25hours Dubai One Central | B12: =B11+1 -> 11 | C12: 1 | D12: 2024 | E12: =Submetering!E12+Submetering!F12+Submetering!G12+Submetering!H12+Submetering!I12+Submetering!J12 -> 16176 | F12: =(2000*0.23+2000*0.28+2000*0.32+(E12-6000)*0.38+0.065*E12)/E12 -> 0.40667161 | G12: =Submetering!M12 -> 397.75 | H12: 2.5 | I12: =Submetering!L12 -> 18917.334 | J12: =(10000*0.035+10000*0.04+(I12-20000)*0.046+0.005*I12+0.01*I12)/I12 -> 0.052013533 | K12: =INT('Daily Meter'!O16*434/100) -> 303
A13: 25hours Dubai One Central | B13: =B12+1 -> 12 | C13: 1 | D13: 2024 | E13: =Submetering!E13+Submetering!F13+Submetering!G13+Submetering!H13+Submetering!I13+Submetering!J13 -> 16512 | F13: =(2000*0.23+2000*0.28+2000*0.32+(E13-6000)*0.38+0.065*E13)/E13 -> 0.40745155 | G13: =Submetering!M13 -> 651.94 | H13: 2.5 | I13: =Submetering!L13 -> 66870.576 | J13: =(10000*0.035+10000*0.04+(I13-20000)*0.046+0.005*I13+0.01*I13)/I13 -> 0.058457776 | K13: =INT('Daily Meter'!O17*434/100) -> 242
A14: 25hours Dubai One Central | B14: =B13+1 -> 13 | C14: 1 | D14: 2024 | E14: =Submetering!E14+Submetering!F14+Submetering!G14+Submetering!H14+Submetering!I14+Submetering!J14 -> 16656 | F14: =(2000*0.23+2000*0.28+2000*0.32+(E14-6000)*0.38+0.065*E14)/E14 -> 0.40777618 | G14: =Submetering!M14 -> 589.78 | H14: 2.5 | I14: =Submetering!L14 -> 55652.157 | J14: =(10000*0.035+10000*0.04+(I14-20000)*0.046+0.005*I14+0.01*I14)/I14 -> 0.057945312 | K14: =INT('Daily Meter'!O18*434/100) -> 192
... A32: 25hours Dubai One Central | B32: =B31+1 -> 31 | C32: 1 | D32: 2024 | E32: =Submetering!E32+Submetering!F32+Submetering!G32+Submetering!H32+Submetering!I32+Submetering!J32 -> 0 | F32: =(2000*0.23+2000*0.28+2000*0.32+(E32-6000)*0.38+0.065*E32)/E32 -> #DIV/0! | G32: =Submetering!M32 -> 0 | H32: 2.5 | I32: =Submetering!L32 -> 0 | J32: =(10000*0.035+10000*0.04+(I32-20000)*0.046+0.005*I32+0.01*I32)/I32 -> #DIV/0! | K32: =INT('Daily Meter'!O36*434/100) -> 0

Sheet Submetering
A1: Site Name | B1: Day | C1: Month | D1: Year | E1: Meter 1 - 06065253 | F1: Meter 2 - 06065255 | G1: Meter 3 - 06065259 | H1: Meter 4 - 06065262 | I1: Meter 6 - 06065269 | J1: Meter 7 - 06065283 | K1: District Cooling | L1: Water | M1: Gas | N1: Room Nights | O1: Total Guests
A2: 25hours Dubai One Central | B2: 1 | C2: 1 | D2: 2024 | E2: =IF(('Daily Meter'!H6-'1'!D13)<0,"0",'Daily Meter'!H6-'1'!D13)*480 -> 3360 | F2: =IF(('Daily Meter'!I6-'1'!D14)<0,"0",'Daily Meter'!I6-'1'!D14)*480 -> 1968 | G2: =IF(('Daily Meter'!J6-'1'!D15)<0,"0",'Daily Meter'!J6-'1'!D15)*480 -> 2256 | H2: =IF(('Daily Meter'!K6-'1'!D16)<0,"0",'Daily Meter'!K6-'1'!D16)*480 -> 1440 | I2: =IF(('Daily Meter'!L6-'1'!D17)<0,"0",'Daily Meter'!L6-'1'!D17)*480 -> 2208 | J2: =IF(('Daily Meter'!M6-'1'!D18)<0,"0",'Daily Meter'!M6-'1'!D18)*480 -> 5664 | K2: =IF(('Daily Meter'!B6-'1'!D7)<0,"0",'Daily Meter'!B6-'1'!D7)*284.34 -> 8672.37 | L2: =IF(('Daily Meter'!C6-'1'!D10)<0,"0",'Daily Meter'!C6-'1'!D10)*219.969 -> 48613.149 | M2: =IF(('Daily Meter'!N6-'1'!D22)<0,"0",'Daily Meter'!N6-'1'!D22)*3.7 -> 550.56 | N2: ='Daily Meter'!O6*408 -> 24818.64
A3: 25hours Dubai One Central | B3: =B2+1 -> 2 | C3: 1 | D3: 2024 | E3: =IF(('Daily Meter'!H7-'Daily Meter'!H6)<0,"0",'Daily Meter'!H7-'Daily Meter'!H6)*480 -> 3456 | F3: =IF(('Daily Meter'!I7-'Daily Meter'!I6)<0,"0",'Daily Meter'!I7-'Daily Meter'!I6)*480 -> 1776 | G3: =IF(('Daily Meter'!J7-'Daily Meter'!J6)<0,"0",'Daily Meter'!J7-'Daily Meter'!J6)*480 -> 2064 | H3: =IF(('Daily Meter'!K7-'Daily Meter'!K6)<0,"0",'Daily Meter'!K7-'Daily Meter'!K6)*480 -> 1248 | I3: =IF(('Daily Meter'!L7-'Daily Meter'!L6)<0,"0",'Daily Meter'!L7-'Daily Meter'!L6)*480 -> 2112 | J3: =IF(('Daily Meter'!M7-'Daily Meter'!M6)<0,"0",'Daily Meter'!M7-'Daily Meter'!M6)*480 -> 5568 | K3: =IF(('Daily Meter'!B7-'Daily Meter'!B6)<0,"0",'Daily Meter'!B7-'Daily Meter'!B6)*284.34 -> 7933.086 | L3: =IF(('Daily Meter'!C7-'Daily Meter'!C6)<0,"0",'Daily Meter'!C7-'Daily Meter'!C6)*219.969 -> 43113.924 | M3: =IF(('Daily Meter'!N7-'Daily Meter'!N6)<0,"0",'Daily Meter'!N7-'Daily Meter'!N6)*3.7 -> 480.26 | N3: ='Daily Meter'!O7*408 -> 22468.56
A4: 25hours Dubai One Central | B4: =B3+1 -> 3 | C4: 1 | D4: 2024 | E4: =IF(('Daily Meter'!H8-'Daily Meter'!H7)<0,"0",'Daily Meter'!H8-'Daily Meter'!H7)*480 -> 3312 | F4: =IF(('Daily Meter'!I8-'Daily Meter'!I7)<0,"0",'Daily Meter'!I8-'Daily Meter'!I7)*480 -> 1824 | G4: =IF(('Daily Meter'!J8-'Daily Meter'!J7)<0,"0",'Daily Meter'!J8-'Daily Meter'!J7)*480 -> 2016 | H4: =IF(('Daily Meter'!K8-'Daily Meter'!K7)<0,"0",'Daily Meter'!K8-'Daily Meter'!K7)*480 -> 1248 | I4: =IF(('Daily Meter'!L8-'Daily Meter'!L7)<0,"0",'Daily Meter'!L8-'Daily Meter'!L7)*480 -> 2112 | J4: =IF(('Daily Meter'!M8-'Daily Meter'!M7)<0,"0",'Daily Meter'!M8-'Daily Meter'!M7)*480 -> 5424 | K4: =IF(('Daily Meter'!B8-'Daily Meter'!B7)<0,"0",'Daily Meter'!B8-'Daily Meter'!B7)*284.34 -> 6852.594 | L4: =IF(('Daily Meter'!C8-'Daily Meter'!C7)<0,"0",'Daily Meter'!C8-'Daily Meter'!C7)*219.969 -> 36514.854 | M4: =IF(('Daily Meter'!N8-'Daily Meter'!N7)<0,"0",'Daily Meter'!N8-'Daily Meter'!N7)*3.7 -> 443.26 | N4: ='Daily Meter'!O8*408 -> 21811.68
A5: 25hours Dubai One Central | B5: =B4+1 -> 4 | C5: 1 | D5: 2024 | E5: =IF(('Daily Meter'!H9-'Daily Meter'!H8)<0,"0",'Daily Meter'!H9-'Daily Meter'!H8)*480 -> 3168 | F5: =IF(('Daily Meter'!I9-'Daily Meter'!I8)<0,"0",'Daily Meter'!I9-'Daily Meter'!I8)*480 -> 1776 | G5: =IF(('Daily Meter'!J9-'Daily Meter'!J8)<0,"0",'Daily Meter'!J9-'Daily Meter'!J8)*480 -> 2112 | H5: =IF(('Daily Meter'!K9-'Daily Meter'!K8)<0,"0",'Daily Meter'!K9-'Daily Meter'!K8)*480 -> 1248 | I5: =IF(('Daily Meter'!L9-'Daily Meter'!L8)<0,"0",'Daily Meter'!L9-'Daily Meter'!L8)*480 -> 2160 | J5: =IF(('Daily Meter'!M9-'Daily Meter'!M8)<0,"0",'Daily Meter'!M9-'Daily Meter'!M8)*480 -> 4944 | K5: =IF(('Daily Meter'!B9-'Daily Meter'!B8)<0,"0",'Daily Meter'!B9-'Daily Meter'!B8)*284.34 -> 6397.65 | L5: =IF(('Daily Meter'!C9-'Daily Meter'!C8)<0,"0",'Daily Meter'!C9-'Daily Meter'!C8)*219.969 -> 37614.699 | M5: =IF(('Daily Meter'!N9-'Daily Meter'!N8)<0,"0",'Daily Meter'!N9-'Daily Meter'!N8)*3.7 -> 454.73 | N5: ='Daily Meter'!O9*408 -> 21905.52
A6: 25hours Dubai One Central | B6: =B5+1 -> 5 | C6: 1 | D6: 2024 | E6: =IF(('Daily Meter'!H10-'Daily Meter'!H9)<0,"0",'Daily Meter'!H10-'Daily Meter'!H9)*480 -> 3168 | F6: =IF(('Daily Meter'!I10-'Daily Meter'!I9)<0,"0",'Daily Meter'!I10-'Daily Meter'!I9)*480 -> 1776 | G6: =IF(('Daily Meter'!J10-'Daily Meter'!J9)<0,"0",'Daily Meter'!J10-'Daily Meter'!J9)*480 -> 2160 | H6: =IF(('Daily Meter'!K10-'Daily Meter'!K9)<0,"0",'Daily Meter'!K10-'Daily Meter'!K9)*480 -> 1248 | I6: =IF(('Daily Meter'!L10-'Daily Meter'!L9)<0,"0",'Daily Meter'!L10-'Daily Meter'!L9)*480 -> 2112 | J6: =IF(('Daily Meter'!M10-'Daily Meter'!M9)<0,"0",'Daily Meter'!M10-'Daily Meter'!M9)*480 -> 5088 | K6: =IF(('Daily Meter'!B10-'Daily Meter'!B9)<0,"0",'Daily Meter'!B10-'Daily Meter'!B9)*284.34 -> 6397.65 | L6: =IF(('Daily Meter'!C10-'Daily Meter'!C9)<0,"0",'Daily Meter'!C10-'Daily Meter'!C9)*219.969 -> 26176.311 | M6: =IF(('Daily Meter'!N10-'Daily Meter'!N9)<0,"0",'Daily Meter'!N10-'Daily Meter'!N9)*3.7 -> 452.14 | N6: ='Daily Meter'!O10*408 -> 21432.24
A7: 25hours Dubai One Central | B7: =B6+1 -> 6 | C7: 1 | D7: 2024 | E7: =IF(('Daily Meter'!H11-'Daily Meter'!H10)<0,"0",'Daily Meter'!H11-'Daily Meter'!H10)*480 -> 3216 | F7: =IF(('Daily Meter'!I11-'Daily Meter'!I10)<0,"0",'Daily Meter'!I11-'Daily Meter'!I10)*480 -> 1776 | G7: =IF(('Daily Meter'!J11-'Daily Meter'!J10)<0,"0",'Daily Meter'!J11-'Daily Meter'!J10)*480 -> 2160 | H7: =IF(('Daily Meter'!K11-'Daily Meter'!K10)<0,"0",'Daily Meter'!K11-'Daily Meter'!K10)*480 -> 1248 | I7: =IF(('Daily Meter'!L11-'Daily Meter'!L10)<0,"0",'Daily Meter'!L11-'Daily Meter'!L10)*480 -> 2112 | J7: =IF(('Daily Meter'!M11-'Daily Meter'!M10)<0,"0",'Daily Meter'!M11-'Daily Meter'!M10)*480 -> 5280 | K7: =IF(('Daily Meter'!B11-'Daily Meter'!B10)<0,"0",'Daily Meter'!B11-'Daily Meter'!B10)*284.34 -> 6028.008 | L7: =IF(('Daily Meter'!C11-'Daily Meter'!C10)<0,"0",'Daily Meter'!C11-'Daily Meter'!C10)*219.969 -> 48393.18 | M7: =IF(('Daily Meter'!N11-'Daily Meter'!N10)<0,"0",'Daily Meter'!N11-'Daily Meter'!N10)*3.7 -> 452.14 | N7: ='Daily Meter'!O11*408 -> 20118.48
A8: 25hours Dubai One Central | B8: =B7+1 -> 7 | C8: 1 | D8: 2024 | E8: =IF(('Daily Meter'!H12-'Daily Meter'!H11)<0,"0",'Daily Meter'!H12-'Daily Meter'!H11)*480 -> 3216 | F8: =IF(('Daily Meter'!I12-'Daily Meter'!I11)<0,"0",'Daily Meter'!I12-'Daily Meter'!I11)*480 -> 1728 | G8: =IF(('Daily Meter'!J12-'Daily Meter'!J11)<0,"0",'Daily Meter'!J12-'Daily Meter'!J11)*480 -> 2256 | H8: =IF(('Daily Meter'!K12-'Daily Meter'!K11)<0,"0",'Daily Meter'!K12-'Daily Meter'!K11)*480 -> 1440 | I8: =IF(('Daily Meter'!L12-'Daily Meter'!L11)<0,"0",'Daily Meter'!L12-'Daily Meter'!L11)*480 -> 2160 | J8: =IF(('Daily Meter'!M12-'Daily Meter'!M11)<0,"0",'Daily Meter'!M12-'Daily Meter'!M11)*480 -> 5664 | K8: =IF(('Daily Meter'!B12-'Daily Meter'!B11)<0,"0",'Daily Meter'!B12-'Daily Meter'!B11)*284.34 -> 6028.008 | L8: =IF(('Daily Meter'!C12-'Daily Meter'!C11)<0,"0",'Daily Meter'!C12-'Daily Meter'!C11)*219.969 -> 51912.684 | M8: =IF(('Daily Meter'!N12-'Daily Meter'!N11)<0,"0",'Daily Meter'!N12-'Daily Meter'!N11)*3.7 -> 441.78 | N8: ='Daily Meter'!O12*408 -> 16169.04
A9: 25hours Dubai One Central | B9: =B8+1 -> 8 | C9: 1 | D9: 2024 | E9: =IF(('Daily Meter'!H13-'Daily Meter'!H12)<0,"0",'Daily Meter'!H13-'Daily Meter'!H12)*480 -> 3216 | F9: =IF(('Daily Meter'!I13-'Daily Meter'!I12)<0,"0",'Daily Meter'!I13-'Daily Meter'!I12)*480 -> 1680 | G9: =IF(('Daily Meter'!J13-'Daily Meter'!J12)<0,"0",'Daily Meter'!J13-'Daily Meter'!J12)*480 -> 2208 | H9: =IF(('Daily Meter'!K13-'Daily Meter'!K12)<0,"0",'Daily Meter'!K13-'Daily Meter'!K12)*480 -> 1200 | I9: =IF(('Daily Meter'!L13-'Daily Meter'!L12)<0,"0",'Daily Meter'!L13-'Daily Meter'!L12)*480 -> 2064 | J9: =IF(('Daily Meter'!M13-'Daily Meter'!M12)<0,"0",'Daily Meter'!M13-'Daily Meter'!M12)*480 -> 5376 | K9: =IF(('Daily Meter'!B13-'Daily Meter'!B12)<0,"0",'Daily Meter'!B13-'Daily Meter'!B12)*284.34 -> 5402.46 | L9: =IF(('Daily Meter'!C13-'Daily Meter'!C12)<0,"0",'Daily Meter'!C13-'Daily Meter'!C12)*219.969 -> 35634.978 | M9: =IF(('Daily Meter'!N13-'Daily Meter'!N12)<0,"0",'Daily Meter'!N13-'Daily Meter'!N12)*3.7 -> 419.21 | N9: ='Daily Meter'!O13*408 -> 28955.76
A10: 25hours Dubai One Central | B10: =B9+1 -> 9 | C10: 1 | D10: 2024 | E10: =IF(('Daily Meter'!H14-'Daily Meter'!H13)<0,"0",'Daily Meter'!H14-'Daily Meter'!H13)*480 -> 3264 | F10: =IF(('Daily Meter'!I14-'Daily Meter'!I13)<0,"0",'Daily Meter'!I14-'Daily Meter'!I13)*480 -> 1776 | G10: =IF(('Daily Meter'!J14-'Daily Meter'!J13)<0,"0",'Daily Meter'!J14-'Daily Meter'!J13)*480 -> 2208 | H10: =IF(('Daily Meter'!K14-'Daily Meter'!K13)<0,"0",'Daily Meter'!K14-'Daily Meter'!K13)*480 -> 1296 | I10: =IF(('Daily Meter'!L14-'Daily Meter'!L13)<0,"0",'Daily Meter'!L14-'Daily Meter'!L13)*480 -> 2112 | J10: =IF(('Daily Meter'!M14-'Daily Meter'!M13)<0,"0",'Daily Meter'!M14-'Daily Meter'!M13)*480 -> 5328 | K10: =IF(('Daily Meter'!B14-'Daily Meter'!B13)<0,"0",'Daily Meter'!B14-'Daily Meter'!B13)*284.34 -> 5914.272 | L10: =IF(('Daily Meter'!C14-'Daily Meter'!C13)<0,"0",'Daily Meter'!C14-'Daily Meter'!C13)*219.969 -> 28815.939 | M10: =IF(('Daily Meter'!N14-'Daily Meter'!N13)<0,"0",'Daily Meter'!N14-'Daily Meter'!N13)*3.7 -> 444.74 | N10: ='Daily Meter'!O14*408 -> 32338.08
A11: 25hours Dubai One Central | B11: =B10+1 -> 10 | C11: 1 | D11: 2024 | E11: =IF(('Daily Meter'!H15-'Daily Meter'!H14)<0,"0",'Daily Meter'!H15-'Daily Meter'!H14)*480 -> 3264 | F11: =IF(('Daily Meter'!I15-'Daily Meter'!I14)<0,"0",'Daily Meter'!I15-'Daily Meter'!I14)*480 -> 1968 | G11: =IF(('Daily Meter'!J15-'Daily Meter'!J14)<0,"0",'Daily Meter'!J15-'Daily Meter'!J14)*480 -> 2256 | H11: =IF(('Daily Meter'!K15-'Daily Meter'!K14)<0,"0",'Daily Meter'!K15-'Daily Meter'!K14)*480 -> 1344 | I11: =IF(('Daily Meter'!L15-'Daily Meter'!L14)<0,"0",'Daily Meter'!L15-'Daily Meter'!L14)*480 -> 2112 | J11: =IF(('Daily Meter'!M15-'Daily Meter'!M14)<0,"0",'Daily Meter'!M15-'Daily Meter'!M14)*480 -> 5232 | K11: =IF(('Daily Meter'!B15-'Daily Meter'!B14)<0,"0",'Daily Meter'!B15-'Daily Meter'!B14)*284.34 -> 5942.706 | L11: =IF(('Daily Meter'!C15-'Daily Meter'!C14)<0,"0",'Daily Meter'!C15-'Daily Meter'!C14)*219.969 -> 49053.087 | M11: =IF(('Daily Meter'!N15-'Daily Meter'!N14)<0,"0",'Daily Meter'!N15-'Daily Meter'!N14)*3.7 -> 473.6 | N11: ='Daily Meter'!O15*408 -> 35361.36
A12: 25hours Dubai One Central | B12: =B11+1 -> 11 | C12: 1 | D12: 2024 | E12: =IF(('Daily Meter'!H16-'Daily Meter'!H15)<0,"0",'Daily Meter'!H16-'Daily Meter'!H15)*480 -> 3264 | F12: =IF(('Daily Meter'!I16-'Daily Meter'!I15)<0,"0",'Daily Meter'!I16-'Daily Meter'!I15)*480 -> 1920 | G12: =IF(('Daily Meter'!J16-'Daily Meter'!J15)<0,"0",'Daily Meter'!J16-'Daily Meter'!J15)*480 -> 2208 | H12: =IF(('Daily Meter'!K16-'Daily Meter'!K15)<0,"0",'Daily Meter'!K16-'Daily Meter'!K15)*480 -> 1296 | I12: =IF(('Daily Meter'!L16-'Daily Meter'!L15)<0,"0",'Daily Meter'!L16-'Daily Meter'!L15)*480 -> 2160 | J12: =IF(('Daily Meter'!M16-'Daily Meter'!M15)<0,"0",'Daily Meter'!M16-'Daily Meter'!M15)*480 -> 5328 | K12: =IF(('Daily Meter'!B16-'Daily Meter'!B15)<0,"0",'Daily Meter'!B16-'Daily Meter'!B15)*284.34 -> 5828.97 | L12: =IF(('Daily Meter'!C16-'Daily Meter'!C15)<0,"0",'Daily Meter'!C16-'Daily Meter'!C15)*219.969 -> 18917.334 | M12: =IF(('Daily Meter'!N16-'Daily Meter'!N15)<0,"0",'Daily Meter'!N16-'Daily Meter'!N15)*3.7 -> 397.75 | N12: ='Daily Meter'!O16*408 -> 28486.56
A13: 25hours Dubai One Central | B13: =B12+1 -> 12 | C13: 1 | D13: 2024 | E13: =IF(('Daily Meter'!H17-'Daily Meter'!H16)<0,"0",'Daily Meter'!H17-'Daily Meter'!H16)*480 -> 3408 | F13: =IF(('Daily Meter'!I17-'Daily Meter'!I16)<0,"0",'Daily Meter'!I17-'Daily Meter'!I16)*480 -> 1872 | G13: =IF(('Daily Meter'!J17-'Daily Meter'!J16)<0,"0",'Daily Meter'!J17-'Daily Meter'!J16)*480 -> 2304 | H13: =IF(('Daily Meter'!K17-'Daily Meter'!K16)<0,"0",'Daily Meter'!K17-'Daily Meter'!K16)*480 -> 1344 | I13: =IF(('Daily Meter'!L17-'Daily Meter'!L16)<0,"0",'Daily Meter'!L17-'Daily Meter'!L16)*480 -> 2160 | J13: =IF(('Daily Meter'!M17-'Daily Meter'!M16)<0,"0",'Daily Meter'!M17-'Daily Meter'!M16)*480 -> 5424 | K13: =IF(('Daily Meter'!B17-'Daily Meter'!B16)<0,"0",'Daily Meter'!B17-'Daily Meter'!B16)*284.34 -> 5345.592 | L13: =IF(('Daily Meter'!C17-'Daily Meter'!C16)<0,"0",'Daily Meter'!C17-'Daily Meter'!C16)*219.969 -> 66870.576 | M13: =IF(('Daily Meter'!N17-'Daily Meter'!N16)<0,"0",'Daily Meter'!N17-'Daily Meter'!N16)*3.7 -> 651.94 | N13: ='Daily Meter'!O17*408 -> 22843.92
A14: 25hours Dubai One Central | B14: =B13+1 -> 13 | C14: 1 | D14: 2024 | E14: =IF(('Daily Meter'!H18-'Daily Meter'!H17)<0,"0",'Daily Meter'!H18-'Daily Meter'!H17)*480 -> 3456 | F14: =IF(('Daily Meter'!I18-'Daily Meter'!I17)<0,"0",'Daily Meter'!I18-'Daily Meter'!I17)*480 -> 1824 | G14: =IF(('Daily Meter'!J18-'Daily Meter'!J17)<0,"0",'Daily Meter'!J18-'Daily Meter'!J17)*480 -> 2352 | H14: =IF(('Daily Meter'!K18-'Daily Meter'!K17)<0,"0",'Daily Meter'!K18-'Daily Meter'!K17)*480 -> 1344 | I14: =IF(('Daily Meter'!L18-'Daily Meter'!L17)<0,"0",'Daily Meter'!L18-'Daily Meter'!L17)*480 -> 2208 | J14: =IF(('Daily Meter'!M18-'Daily Meter'!M17)<0,"0",'Daily Meter'!M18-'Daily Meter'!M17)*480 -> 5472 | K14: =IF(('Daily Meter'!B18-'Daily Meter'!B17)<0,"0",'Daily Meter'!B18-'Daily Meter'!B17)*284.34 -> 5288.724 | L14: =IF(('Daily Meter'!C18-'Daily Meter'!C17)<0,"0",'Daily Meter'!C18-'Daily Meter'!C17)*219.969 -> 55652.157 | M14: =IF(('Daily Meter'!N18-'Daily Meter'!N17)<0,"0",'Daily Meter'!N18-'Daily Meter'!N17)*3.7 -> 589.78 | N14: ='Daily Meter'!O18*408 -> 18049.92
... A32: 25hours Dubai One Central | B32: =B31+1 -> 31 | C32: 1 | D32: 2024 | E32: =IF(('Daily Meter'!H36-'Daily Meter'!H35)<0,"0",'Daily Meter'!H36-'Daily Meter'!H35)*480 -> 0 | F32: =IF(('Daily Meter'!I36-'Daily Meter'!I35)<0,"0",'Daily Meter'!I36-'Daily Meter'!I35)*480 -> 0 | G32: =IF(('Daily Meter'!J36-'Daily Meter'!J35)<0,"0",'Daily Meter'!J36-'Daily Meter'!J35)*480 -> 0 | H32: =IF(('Daily Meter'!K36-'Daily Meter'!K35)<0,"0",'Daily Meter'!K36-'Daily Meter'!K35)*480 -> 0 | I32: =IF(('Daily Meter'!L36-'Daily Meter'!L35)<0,"0",'Daily Meter'!L36-'Daily Meter'!L35)*480 -> 0 | J32: =IF(('Daily Meter'!M36-'Daily Meter'!M35)<0,"0",'Daily Meter'!M36-'Daily Meter'!M35)*480 -> 0 | K32: =IF(('Daily Meter'!B36-'Daily Meter'!B35)<0,"0",'Daily Meter'!B36-'Daily Meter'!B35)*284.34 -> 0 | L32: =IF(('Daily Meter'!C36-'Daily Meter'!C35)<0,"0",'Daily Meter'!C36-'Daily Meter'!C35)*219.969 -> 0 | M32: =IF(('Daily Meter'!N36-'Daily Meter'!N35)<0,"0",'Daily Meter'!N36-'Daily Meter'!N35)*3.7 -> 0 | N32: ='Daily Meter'!O36*408 -> 0

Sheet Daily Meter
A1: DECEMBER 2023 UTILITY READING | Q1: 1st
B2: CHILLED WATER | C2: WATER | H2: ELECTRICITY | N2: GAS | O2: OCC.
A3: Date | B3: BTU Meter | C3: Meter 1 | D3: Meter 2 | F3: Meter 3 | H3: Meter 1 | I3: Meter 2 | J3: Meter 3 | K3: Meter 4 | L3: Meter 6 | M3: Meter 7
B4: P103FF043BC | C4: 18E0300032 | D4: 18E0300060 | F4: 18E0300057 | H4: 6065253 | I4: 6065255 | J4: 6065259 | K4: 6065262 | L4: 6065269 | M4: 6065283 | N4: 77092321/2019 | O4: %
B5: 4am | C5: 4am | D5: 4am | E5: 4am | F5: 4am | G5: 4am | H5: 4am | I5: 4am | J5: 4am | K5: 4am | L5: 4am | M5: 4am | N5: 4am | O5: DAILY
A6: 1 | B6: 53476.8 | C6: 203658 | H6: 6566.3 | I6: 3970.2 | J6: 4233.6 | K6: 2361.9 | L6: 5573.8 | M6: 15022.4 | N6: 90136.2 | O6: 60.83
A7: 2 | B7: 53504.7 | C7: 203854 | H7: 6573.5 | I7: 3973.9 | J7: 4237.9 | K7: 2364.5 | L7: 5578.2 | M7: 15034 | N7: 90266 | O7: 55.07
A8: 3 | B8: 53528.8 | C8: 204020 | H8: 6580.4 | I8: 3977.7 | J8: 4242.1 | K8: 2367.1 | L8: 5582.6 | M8: 15045.3 | N8: 90385.8 | O8: 53.46
A9: 4 | B9: 53551.3 | C9: 204191 | H9: 6587 | I9: 3981.4 | J9: 4246.5 | K9: 2369.7 | L9: 5587.1 | M9: 15055.6 | N9: 90508.7 | O9: 53.69
A10: 5 | B10: 53573.8 | C10: 204310 | H10: 6593.6 | I10: 3985.1 | J10: 4251 | K10: 2372.3 | L10: 5591.5 | M10: 15066.2 | N10: 90630.9 | O10: 52.53
A11: 6 | B11: 53595 | C11: 204530 | H11: 6600.3 | I11: 3988.8 | J11: 4255.5 | K11: 2374.9 | L11: 5595.9 | M11: 15077.2 | N11: 90753.1 | O11: 49.31
A12: 7 | B12: 53616.2 | C12: 204766 | H12: 6607 | I12: 3992.4 | J12: 4260.2 | K12: 2377.9 | L12: 5600.4 | M12: 15089 | N12: 90872.5 | O12: 39.63
A13: 8 | B13: 53635.2 | C13: 204928 | H13: 6613.7 | I13: 3995.9 | J13: 4264.8 | K13: 2380.4 | L13: 5604.7 | M13: 15100.2 | N13: 90985.8 | O13: 70.97
A14: 9 | B14: 53656 | C14: 205059 | H14: 6620.5 | I14: 3999.6 | J14: 4269.4 | K14: 2383.1 | L14: 5609.1 | M14: 15111.3 | N14: 91106 | O14: 79.26
A15: 10 | B15: 53676.9 | C15: 205282 | H15: 6627.3 | I15: 4003.7 | J15: 4274.1 | K15: 2385.9 | L15: 5613.5 | M15: 15122.2 | N15: 91234 | O15: 86.67
A16: 11 | B16: 53697.4 | C16: 205368 | H16: 6634.1 | I16: 4007.7 | J16: 4278.7 | K16: 2388.6 | L16: 5618 | M16: 15133.3 | N16: 91341.5 | O16: 69.82
A17: 12 | B17: 53716.2 | C17: 205672 | H17: 6641.2 | I17: 4011.6 | J17: 4283.5 | K17: 2391.4 | L17: 5622.5 | M17: 15144.6 | N17: 91517.7 | O17: 55.99
... A30: 25 | B30: 53979.8 | C30: 208093 | H30: 6731.5 | I30: 4062.2 | J30: 4341.4 | K30: 2428.3 | L30: 5681 | M30: 15284.7 | N30: 93278.7 | O30: 93.78
A31: 26 | B31: 54000.1 | C31: 208262 | H31: 6738.4 | I31: 4066.3 | J31: 4345.8 | K31: 2431.4 | L31: 5685.5 | M31: 15296.5 | N31: 93412.3
A32: 27
A33: 28
A34: 29
A35: 30
A36: 31
O37: =AVERAGE(O6:O34) -> 69.4396
Q38: engr123.

Sheet 1
A1: ENGINEERING DEPARTMENT | H1: daily reading
A2: UTILITY CONSUMPTION SHEET
B3: JANUARY 2024 | C3: 1 | D3: % OCCUPANCY: | E3: ='Daily Meter'!O6 -> 60.83
A4: SR.NO | B4: ITEM MEASURED | D4: Previous Reading | E4: 4 AM Reading | F4: 24hrs CONSUMPTION | G4: Cost
D5: DECEMBER 31
A6: 1 | B6: DISTRICT COOLING PLANT
B7: Chilled Water | C7: MWH | D7: 53446.3 | E7: ='Daily Meter'!B6 -> 53476.8 | F7: =E7-D7 -> 30.5
C8: TR | F8: =F7*284.34 -> 8672.37 | G8: =F8*0.63 -> 5463.5931
A9: III | B9: WATER METERS
B10: Main DEWA Meter | C10: m3 | D10: 203437 | E10: ='Daily Meter'!C6 -> 203658 | F10: =E10-D10 -> 221
B11: Imperial Gallon = m³ x 219.969 | C11: IG | F11: =F10*219.969 -> 48613.149 | G11: =F11*0.06 -> 2916.7889
A12: IV | B12: ELECTRICAL METERS
A13: 1 | B13: Meter 1 - 06065253 | C13: kW x 480 | D13: 6559.3 | E13: ='Daily Meter'!H6 -> 6566.3 | F13: =(E13-D13)*480 -> 3360
A14: 2 | B14: Meter 2 - 06065255 | C14: kW x 480 | D14: 3966.1 | E14: ='Daily Meter'!I6 -> 3970.2 | F14: =(E14-D14)*480 -> 1968
A15: 3 | B15: Meter 3 - 06065259 | C15: kW x 480 | D15: 4228.9 | E15: ='Daily Meter'!J6 -> 4233.6 | F15: =(E15-D15)*480 -> 2256
A16: 4 | B16: Meter 4 - 06065262 | C16: kW x 480 | D16: 2358.9 | E16: ='Daily Meter'!K6 -> 2361.9 | F16: =(E16-D16)*480 -> 1440
A17: 5 | B17: Meter 6 - 06065269 | C17: kW x 480 | D17: 5569.2 | E17: ='Daily Meter'!L6 -> 5573.8 | F17: =(E17-D17)*480 -> 2208
A18: 6 | B18: Meter 7 - 06065283 | C18: kW x 480 | D18: 15010.6 | E18: ='Daily Meter'!M6 -> 15022.4 | F18: =(E18-D18)*480 -> 5664
B19: TOTAL ELECTRICAL CONS.(kWh) | F19: =SUM(F13:F18) -> 16896 | G19: =F19*0.43 -> 7265.28
A21: V | B21: GAS CONSUMPTION
A22: 1 | B22: MAIN LPG METER | C22: M3 | D22: 89987.4 | E22: ='Daily Meter'!N6 -> 90136.2 | F22: =E22-D22 -> 148.8
B23: L = m³ x 3.70 | C23: L | F23: =F22*3.7 -> 550.56 | G23: =F23*2.5 -> 1376.4
D26: Summary of Daily Hotel consumption
D27: Item measured | E27: Units | F27: Consumption | G27: AED
D28: Chilled water | E28: TR | F28: =F8 -> 8672.37 | G28: =G8 -> 5463.5931
D29: DEWA Water | E29: imp. Gallon | F29: =F11 -> 48613.149 | G29: =G11 -> 2916.7889
D30: Electricity | E30: kwh | F30: =F19 -> 16896 | G30: =G19 -> 7265.28
D31: Gas | E31: m3 | F31: =F22 -> 148.8 | G31: =G23 -> 1376.4
F32: Total cost | G32: =SUM(G28:G31) -> 17022.062

Sheet 2
A1: ENGINEERING DEPARTMENT | H1: daily reading
A2: UTILITY CONSUMPTION SHEET
B3: ='1'!B3 -> JANUARY 2024 | C3: 2 | D3: % OCCUPANCY: | E3: ='Daily Meter'!O6 -> 60.83
A4: SR.NO | B4: ITEM MEASURED | D4: Previous Reading | E4: 4 AM Reading | F4: 24hrs CONSUMPTION | G4: Cost
A6: 1 | B6: DISTRICT COOLING PLANT
B7: Chilled Water | C7: MWH | D7: ='1'!E7 -> 53476.8 | E7: ='Daily Meter'!B7 -> 53504.7 | F7: =E7-D7 -> 27.9
C8: TR | F8: =F7*284.34 -> 7933.086 | G8: =F8*0.63 -> 4997.8442
A9: III | B9: WATER METERS
B10: Main DEWA Meter | C10: m3 | D10: ='1'!E10 -> 203658 | E10: ='Daily Meter'!C7 -> 203854 | F10: =E10-D10 -> 196
B11: Imperial Gallon = m³ x 219.969 | C11: IG | F11: =F10*219.969 -> 43113.924 | G11: =F11*0.06 -> 2586.8354
A12: IV | B12: ELECTRICAL METERS
A13: 1 | B13: Meter 1 - 06065253 | C13: kW x 480 | D13: ='1'!E13 -> 6566.3 | E13: ='Daily Meter'!H7 -> 6573.5 | F13: =(E13-D13)*480 -> 3456
A14: 2 | B14: Meter 2 - 06065255 | C14: kW x 480 | D14: ='1'!E14 -> 3970.2 | E14: ='Daily Meter'!I7 -> 3973.9 | F14: =(E14-D14)*480 -> 1776
A15: 3 | B15: Meter 3 - 06065259 | C15: kW x 480 | D15: ='1'!E15 -> 4233.6 | E15: ='Daily Meter'!J7 -> 4237.9 | F15: =(E15-D15)*480 -> 2064
A16: 4 | B16: Meter 4 - 06065262 | C16: kW x 480 | D16: ='1'!E16 -> 2361.9 | E16: ='Daily Meter'!K7 -> 2364.5 | F16: =(E16-D16)*480 -> 1248
A17: 5 | B17: Meter 6 - 06065269 | C17: kW x 480 | D17: ='1'!E17 -> 5573.8 | E17: ='Daily Meter'!L7 -> 5578.2 | F17: =(E17-D17)*480 -> 2112
A18: 6 | B18: Meter 7 - 06065283 | C18: kW x 480 | D18: ='1'!E18 -> 15022.4 | E18: ='Daily Meter'!M7 -> 15034 | F18: =(E18-D18)*480 -> 5568
B19: TOTAL ELECTRICAL CONS.(kWh) | F19: =SUM(F13:F18) -> 16224 | G19: =F19*0.43 -> 6976.32
A21: V | B21: GAS CONSUMPTION
A22: 1 | B22: MAIN LPG METER | C22: M3 | D22: ='1'!E22 -> 90136.2 | E22: ='Daily Meter'!N7 -> 90266 | F22: =E22-D22 -> 129.8
B23: L = m³ x 3.70 | C23: L | F23: =F22*3.7 -> 480.26 | G23: =F23*2.5 -> 1200.65
D26: Summary of Daily Hotel consumption
D27: Item measured | E27: Units | F27: Consumption | G27: AED
D28: Chilled water | E28: TR | F28: =F8 -> 7933.086 | G28: =G8 -> 4997.8442
D29: DEWA Water | E29: imp. Gallon | F29: =F11 -> 43113.924 | G29: =G11 -> 2586.8354
D30: Electricity | E30: kwh | F30: =F19 -> 16224 | G30: =G19 -> 6976.32
D31: Gas | E31: m3 | F31: =F22 -> 129.8 | G31: =G23 -> 1200.65
F32: Total cost | G32: =SUM(G28:G31) -> 15761.65

Sheet 3
A1: ENGINEERING DEPARTMENT | H1: daily reading
A2: UTILITY CONSUMPTION SHEET
B3: ='1'!B3 -> JANUARY 2024 | C3: 3 | D3: % OCCUPANCY: | E3: ='Daily Meter'!O8 -> 53.46
A4: SR.NO | B4: ITEM MEASURED | D4: Previous Reading | E4: 4 AM Reading | F4: 24hrs CONSUMPTION | G4: Cost
A6: 1 | B6: DISTRICT COOLING PLANT
B7: Chilled Water | C7: MWH | D7: ='2'!E7 -> 53504.7 | E7: ='Daily Meter'!B8 -> 53528.8 | F7: =E7-D7 -> 24.1
C8: TR | F8: =F7*284.34 -> 6852.594 | G8: =F8*0.63 -> 4317.1342
A9: III | B9: WATER METERS
B10: Main DEWA Meter | C10: m3 | D10: ='2'!E10 -> 203854 | E10: ='Daily Meter'!C8 -> 204020 | F10: =E10-D10 -> 166
B11: Imperial Gallon = m³ x 219.969 | C11: IG | F11: =F10*219.969 -> 36514.854 | G11: =F11*0.06 -> 2190.8912
A12: IV | B12: ELECTRICAL METERS
A13: 1 | B13: Meter 1 - 06065253 | C13: kW x 480 | D13: ='2'!E13 -> 6573.5 | E13: ='Daily Meter'!H8 -> 6580.4 | F13: =(E13-D13)*480 -> 3312
A14: 2 | B14: Meter 2 - 06065255 | C14: kW x 480 | D14: ='2'!E14 -> 3973.9 | E14: ='Daily Meter'!I8 -> 3977.7 | F14: =(E14-D14)*480 -> 1824
A15: 3 | B15: Meter 3 - 06065259 | C15: kW x 480 | D15: ='2'!E15 -> 4237.9 | E15: ='Daily Meter'!J8 -> 4242.1 | F15: =(E15-D15)*480 -> 2016
A16: 4 | B16: Meter 4 - 06065262 | C16: kW x 480 | D16: ='2'!E16 -> 2364.5 | E16: ='Daily Meter'!K8 -> 2367.1 | F16: =(E16-D16)*480 -> 1248
A17: 5 | B17: Meter 6 - 06065269 | C17: kW x 480 | D17: ='2'!E17 -> 5578.2 | E17: ='Daily Meter'!L8 -> 5582.6 | F17: =(E17-D17)*480 -> 2112
A18: 6 | B18: Meter 7 - 06065283 | C18: kW x 480 | D18: ='2'!E18 -> 15034 | E18: ='Daily Meter'!M8 -> 15045.3 | F18: =(E18-D18)*480 -> 5424
B19: TOTAL ELECTRICAL CONS.(kWh) | F19: =SUM(F13:F18) -> 15936 | G19: =F19*0.43 -> 6852.48
A21: V | B21: GAS CONSUMPTION
A22: 1 | B22: MAIN LPG METER | C22: M3 | D22: ='2'!E22 -> 90266 | E22: ='Daily Meter'!N8 -> 90385.8 | F22: =E22-D22 -> 119.8
B23: L = m³ x 3.70 | C23: L | F23: =F22*3.7 -> 443.26 | G23: =F23*2.5 -> 1108.15
D26: Summary of Daily Hotel consumption
D27: Item measured | E27: Units | F27: Consumption | G27: AED
D28: Chilled water | E28: TR | F28: =F8 -> 6852.594 | G28: =G8 -> 4317.1342
D29: DEWA Water | E29: imp. Gallon | F29: =F11 -> 36514.854 | G29: =G11 -> 2190.8912
D30: Electricity | E30: kwh | F30: =F19 -> 15936 | G30: =G19 -> 6852.48
D31: Gas | E31: m3 | F31: =F22 -> 119.8 | G31: =G23 -> 1108.15
F32: Total cost | G32: =SUM(G28:G31) -> 14468.655

Sheet 4
A1: ENGINEERING DEPARTMENT | H1: daily reading
A2: UTILITY CONSUMPTION SHEET
B3: ='1'!B3 -> JANUARY 2024 | C3: 4 | D3: % OCCUPANCY: | E3: ='Daily Meter'!O9 -> 53.69
A4: SR.NO | B4: ITEM MEASURED | D4: Previous Reading | E4: 4 AM Reading | F4: 24hrs CONSUMPTION | G4: Cost
A6: 1 | B6: DISTRICT COOLING PLANT
B7: Chilled Water | C7: MWH | D7: ='3'!E7 -> 53528.8 | E7: ='Daily Meter'!B9 -> 53551.3 | F7: =E7-D7 -> 22.5
C8: TR | F8: =F7*284.34 -> 6397.65 | G8: =F8*0.63 -> 4030.5195
A9: III | B9: WATER METERS
B10: Main DEWA Meter | C10: m3 | D10: ='3'!E10 -> 204020 | E10: ='Daily Meter'!C9 -> 204191 | F10: =E10-D10 -> 171
B11: Imperial Gallon = m³ x 219.969 | C11: IG | F11: =F10*219.969 -> 37614.699 | G11: =F11*0.06 -> 2256.8819
A12: IV | B12: ELECTRICAL METERS
A13: 1 | B13: Meter 1 - 06065253 | C13: kW x 480 | D13: ='3'!E13 -> 6580.4 | E13: ='Daily Meter'!H9 -> 6587 | F13: =(E13-D13)*480 -> 3168
A14: 2 | B14: Meter 2 - 06065255 | C14: kW x 480 | D14: ='3'!E14 -> 3977.7 | E14: ='Daily Meter'!I9 -> 3981.4 | F14: =(E14-D14)*480 -> 1776
A15: 3 | B15: Meter 3 - 06065259 | C15: kW x 480 | D15: ='3'!E15 -> 4242.1 | E15: ='Daily Meter'!J9 -> 4246.5 | F15: =(E15-D15)*480 -> 2112
A16: 4 | B16: Meter 4 - 06065262 | C16: kW x 480 | D16: ='3'!E16 -> 2367.1 | E16: ='Daily Meter'!K9 -> 2369.7 | F16: =(E16-D16)*480 -> 1248
A17: 5 | B17: Meter 6 - 06065269 | C17: kW x 480 | D17: ='3'!E17 -> 5582.6 | E17: ='Daily Meter'!L9 -> 5587.1 | F17: =(E17-D17)*480 -> 2160
A18: 6 | B18: Meter 7 - 06065283 | C18: kW x 480 | D18: ='3'!E18 -> 15045.3 | E18: ='Daily Meter'!M9 -> 15055.6 | F18: =(E18-D18)*480 -> 4944
B19: TOTAL ELECTRICAL CONS.(kWh) | F19: =SUM(F13:F18) -> 15408 | G19: =F19*0.43 -> 6625.44
A21: V | B21: GAS CONSUMPTION
A22: 1 | B22: MAIN LPG METER | C22: M3 | D22: ='3'!E22 -> 90385.8 | E22: ='Daily Meter'!N9 -> 90508.7 | F22: =E22-D22 -> 122.9
B23: L = m³ x 3.70 | C23: L | F23: =F22*3.7 -> 454.73 | G23: =F23*2.5 -> 1136.825
D26: Summary of Daily Hotel consumption
D27: Item measured | E27: Units | F27: Consumption | G27: AED
D28: Chilled water | E28: TR | F28: =F8 -> 6397.65 | G28: =G8 -> 4030.5195
D29: DEWA Water | E29: imp. Gallon | F29: =F11 -> 37614.699 | G29: =G11 -> 2256.8819
D30: Electricity | E30: kwh | F30: =F19 -> 15408 | G30: =G19 -> 6625.44
D31: Gas | E31: m3 | F31: =F22 -> 122.9 | G31: =G23 -> 1136.825
F32: Total cost | G32: =SUM(G28:G31) -> 14049.666

Sheet 5
A1: ENGINEERING DEPARTMENT | H1: daily reading
A2: UTILITY CONSUMPTION SHEET
B3: ='1'!B3 -> JANUARY 2024 | C3: 5 | D3: % OCCUPANCY: | E3: ='Daily Meter'!O10 -> 52.53
A4: SR.NO | B4: ITEM MEASURED | D4: Previous Reading | E4: 4 AM Reading | F4: 24hrs CONSUMPTION | G4: Cost
A6: 1 | B6: DISTRICT COOLING PLANT
B7: Chilled Water | C7: MWH | D7: ='4'!E7 -> 53551.3 | E7: ='Daily Meter'!B10 -> 53573.8 | F7: =E7-D7 -> 22.5
C8: TR | F8: =F7*284.34 -> 6397.65 | G8: =F8*0.63 -> 4030.5195
A9: III | B9: WATER METERS
B10: Main DEWA Meter | C10: m3 | D10: ='4'!E10 -> 204191 | E10: ='Daily Meter'!C10 -> 204310 | F10: =E10-D10 -> 119
B11: Imperial Gallon = m³ x 219.969 | C11: IG | F11: =F10*219.969 -> 26176.311 | G11: =F11*0.06 -> 1570.5787
A12: IV | B12: ELECTRICAL METERS
A13: 1 | B13: Meter 1 - 06065253 | C13: kW x 480 | D13: ='4'!E13 -> 6587 | E13: ='Daily Meter'!H10 -> 6593.6 | F13: =(E13-D13)*480 -> 3168
A14: 2 | B14: Meter 2 - 06065255 | C14: kW x 480 | D14: ='4'!E14 -> 3981.4 | E14: ='Daily Meter'!I10 -> 3985.1 | F14: =(E14-D14)*480 -> 1776
A15: 3 | B15: Meter 3 - 06065259 | C15: kW x 480 | D15: ='4'!E15 -> 4246.5 | E15: ='Daily Meter'!J10 -> 4251 | F15: =(E15-D15)*480 -> 2160
A16: 4 | B16: Meter 4 - 06065262 | C16: kW x 480 | D16: ='4'!E16 -> 2369.7 | E16: ='Daily Meter'!K10 -> 2372.3 | F16: =(E16-D16)*480 -> 1248
A17: 5 | B17: Meter 6 - 06065269 | C17: kW x 480 | D17: ='4'!E17 -> 5587.1 | E17: ='Daily Meter'!L10 -> 5591.5 | F17: =(E17-D17)*480 -> 2112
A18: 6 | B18: Meter 7 - 06065283 | C18: kW x 480 | D18: ='4'!E18 -> 15055.6 | E18: ='Daily Meter'!M10 -> 15066.2 | F18: =(E18-D18)*480 -> 5088
B19: TOTAL ELECTRICAL CONS.(kWh) | F19: =SUM(F13:F18) -> 15552 | G19: =F19*0.43 -> 6687.36
A21: V | B21: GAS CONSUMPTION
A22: 1 | B22: MAIN LPG METER | C22: M3 | D22: ='4'!E22 -> 90508.7 | E22: ='Daily Meter'!N10 -> 90630.9 | F22: =E22-D22 -> 122.2
B23: L = m³ x 3.70 | C23: L | F23: =F22*3.7 -> 452.14 | G23: =F23*2.5 -> 1130.35
D26: Summary of Daily Hotel consumption
D27: Item measured | E27: Units | F27: Consumption | G27: AED
D28: Chilled water | E28: TR | F28: =F8 -> 6397.65 | G28: =G8 -> 4030.5195
D29: DEWA Water | E29: imp. Gallon | F29: =F11 -> 26176.311 | G29: =G11 -> 1570.5787
D30: Electricity | E30: kwh | F30: =F19 -> 15552 | G30: =G19 -> 6687.36
D31: Gas | E31: m3 | F31: =F22 -> 122.2 | G31: =G23 -> 1130.35
F32: Total cost | G32: =SUM(G28:G31) -> 13418.808

Sheet 6
A1: ENGINEERING DEPARTMENT | H1: daily reading
A2: UTILITY CONSUMPTION SHEET
B3: ='1'!B3 -> JANUARY 2024 | C3: 6 | D3: % OCCUPANCY: | E3: ='Daily Meter'!O11 -> 49.31
A4: SR.NO | B4: ITEM MEASURED | D4: Previous Reading | E4: 4 AM Reading | F4: 24hrs CONSUMPTION | G4: Cost
A6: 1 | B6: DISTRICT COOLING PLANT
B7: Chilled Water | C7: MWH | D7: ='5'!E7 -> 53573.8 | E7: ='Daily Meter'!B11 -> 53595 | F7: =E7-D7 -> 21.2
C8: TR | F8: =F7*284.34 -> 6028.008 | G8: =F8*0.63 -> 3797.645
A9: III | B9: WATER METERS
B10: Main DEWA Meter | C10: m3 | D10: ='5'!E10 -> 204310 | E10: ='Daily Meter'!C11 -> 204530 | F10: =E10-D10 -> 220
B11: Imperial Gallon = m³ x 219.969 | C11: IG | F11: =F10*219.969 -> 48393.18 | G11: =F11*0.06 -> 2903.5908
A12: IV | B12: ELECTRICAL METERS
A13: 1 | B13: Meter 1 - 06065253 | C13: kW x 480 | D13: ='5'!E13 -> 6593.6 | E13: ='Daily Meter'!H11 -> 6600.3 | F13: =(E13-D13)*480 -> 3216
A14: 2 | B14: Meter 2 - 06065255 | C14: kW x 480 | D14: ='5'!E14 -> 3985.1 | E14: ='Daily Meter'!I11 -> 3988.8 | F14: =(E14-D14)*480 -> 1776
A15: 3 | B15: Meter 3 - 06065259 | C15: kW x 480 | D15: ='5'!E15 -> 4251 | E15: ='Daily Meter'!J11 -> 4255.5 | F15: =(E15-D15)*480 -> 2160
A16: 4 | B16: Meter 4 - 06065262 | C16: kW x 480 | D16: ='5'!E16 -> 2372.3 | E16: ='Daily Meter'!K11 -> 2374.9 | F16: =(E16-D16)*480 -> 1248
A17: 5 | B17: Meter 6 - 06065269 | C17: kW x 480 | D17: ='5'!E17 -> 5591.5 | E17: ='Daily Meter'!L11 -> 5595.9 | F17: =(E17-D17)*480 -> 2112
A18: 6 | B18: Meter 7 - 06065283 | C18: kW x 480 | D18: ='5'!E18 -> 15066.2 | E18: ='Daily Meter'!M11 -> 15077.2 | F18: =(E18-D18)*480 -> 5280
B19: TOTAL ELECTRICAL CONS.(kWh) | F19: =SUM(F13:F18) -> 15792 | G19: =F19*0.43 -> 6790.56
A21: V | B21: GAS CONSUMPTION
A22: 1 | B22: MAIN LPG METER | C22: M3 | D22: ='5'!E22 -> 90630.9 | E22: ='Daily Meter'!N11 -> 90753.1 | F22: =E22-D22 -> 122.2
B23: L = m³ x 3.70 | C23: L | F23: =F22*3.7 -> 452.14 | G23: =F23*2.5 -> 1130.35
D26: Summary of Daily Hotel consumption
D27: Item measured | E27: Units | F27: Consumption | G27: AED
D28: Chilled water | E28: TR | F28: =F8 -> 6028.008 | G28: =G8 -> 3797.645
D29: DEWA Water | E29: imp. Gallon | F29: =F11 -> 48393.18 | G29: =G11 -> 2903.5908
D30: Electricity | E30: kwh | F30: =F19 -> 15792 | G30: =G19 -> 6790.56
D31: Gas | E31: m3 | F31: =F22 -> 122.2 | G31: =G23 -> 1130.35
F32: Total cost | G32: =SUM(G28:G31) -> 14622.146

Sheet 7
A1: ENGINEERING DEPARTMENT | H1: daily reading
A2: UTILITY CONSUMPTION SHEET
B3: ='1'!B3 -> JANUARY 2024 | C3: 7 | D3: % OCCUPANCY: | E3: ='Daily Meter'!O12 -> 39.63
A4: SR.NO | B4: ITEM MEASURED | D4: Previous Reading | E4: 4 AM Reading | F4: 24hrs CONSUMPTION | G4: Cost
A6: 1 | B6: DISTRICT COOLING PLANT
B7: Chilled Water | C7: MWH | D7: ='6'!E7 -> 53595 | E7: ='Daily Meter'!B12 -> 53616.2 | F7: =E7-D7 -> 21.2
C8: TR | F8: =F7*284.34 -> 6028.008 | G8: =F8*0.63 -> 3797.645
A9: III | B9: WATER METERS
B10: Main DEWA Meter | C10: m3 | D10: ='6'!E10 -> 204530 | E10: ='Daily Meter'!C12 -> 204766 | F10: =E10-D10 -> 236
B11: Imperial Gallon = m³ x 219.969 | C11: IG | F11: =F10*219.969 -> 51912.684 | G11: =F11*0.06 -> 3114.761
A12: IV | B12: ELECTRICAL METERS
A13: 1 | B13: Meter 1 - 06065253 | C13: kW x 480 | D13: ='6'!E13 -> 6600.3 | E13: ='Daily Meter'!H12 -> 6607 | F13: =(E13-D13)*480 -> 3216
A14: 2 | B14: Meter 2 - 06065255 | C14: kW x 480 | D14: ='6'!E14 -> 3988.8 | E14: ='Daily Meter'!I12 -> 3992.4 | F14: =(E14-D14)*480 -> 1728
A15: 3 | B15: Meter 3 - 06065259 | C15: kW x 480 | D15: ='6'!E15 -> 4255.5 | E15: ='Daily Meter'!J12 -> 4260.2 | F15: =(E15-D15)*480 -> 2256
A16: 4 | B16: Meter 4 - 06065262 | C16: kW x 480 | D16: ='6'!E16 -> 2374.9 | E16: ='Daily Meter'!K12 -> 2377.9 | F16: =(E16-D16)*480 -> 1440
A17: 5 | B17: Meter 6 - 06065269 | C17: kW x 480 | D17: ='6'!E17 -> 5595.9 | E17: ='Daily Meter'!L12 -> 5600.4 | F17: =(E17-D17)*480 -> 2160
A18: 6 | B18: Meter 7 - 06065283 | C18: kW x 480 | D18: ='6'!E18 -> 15077.2 | E18: ='Daily Meter'!M12 -> 15089 | F18: =(E18-D18)*480 -> 5664
B19: TOTAL ELECTRICAL CONS.(kWh) | F19: =SUM(F13:F18) -> 16464 | G19: =F19*0.43 -> 7079.52
A21: V | B21: GAS CONSUMPTION
A22: 1 | B22: MAIN LPG METER | C22: M3 | D22: ='6'!E22 -> 90753.1 | E22: ='Daily Meter'!N12 -> 90872.5 | F22: =E22-D22 -> 119.4
B23: L = m³ x 3.70 | C23: L | F23: =F22*3.7 -> 441.78 | G23: =F23*2.5 -> 1104.45
D26: Summary of Daily Hotel consumption
D27: Item measured | E27: Units | F27: Consumption | G27: AED
D28: Chilled water | E28: TR | F28: =F8 -> 6028.008 | G28: =G8 -> 3797.645
D29: DEWA Water | E29: imp. Gallon | F29: =F11 -> 51912.684 | G29: =G11 -> 3114.761
D30: Electricity | E30: kwh | F30: =F19 -> 16464 | G30: =G19 -> 7079.52
D31: Gas | E31: m3 | F31: =F22 -> 119.4 | G31: =G23 -> 1104.45
F32: Total cost | G32: =SUM(G28:G31) -> 15096.376

Sheet 8
A1: ENGINEERING DEPARTMENT | H1: daily reading
A2: UTILITY CONSUMPTION SHEET
B3: ='1'!B3 -> JANUARY 2024 | C3: 8 | D3: % OCCUPANCY: | E3: ='Daily Meter'!O13 -> 70.97
A4: SR.NO | B4: ITEM MEASURED | D4: Previous Reading | E4: 4 AM Reading | F4: 24hrs CONSUMPTION | G4: Cost
A6: 1 | B6: DISTRICT COOLING PLANT
B7: Chilled Water | C7: MWH | D7: ='7'!E7 -> 53616.2 | E7: ='Daily Meter'!B13 -> 53635.2 | F7: =E7-D7 -> 19
C8: TR | F8: =F7*284.34 -> 5402.46 | G8: =F8*0.63 -> 3403.5498
A9: III | B9: WATER METERS
B10: Main DEWA Meter | C10: m3 | D10: ='7'!E10 -> 204766 | E10: ='Daily Meter'!C13 -> 204928 | F10: =E10-D10 -> 162
B11: Imperial Gallon = m³ x 219.969 | C11: IG | F11: =F10*219.969 -> 35634.978 | G11: =F11*0.06 -> 2138.0987
A12: IV | B12: ELECTRICAL METERS
A13: 1 | B13: Meter 1 - 06065253 | C13: kW x 480 | D13: ='7'!E13 -> 6607 | E13: ='Daily Meter'!H13 -> 6613.7 | F13: =(E13-D13)*480 -> 3216
A14: 2 | B14: Meter 2 - 06065255 | C14: kW x 480 | D14: ='7'!E14 -> 3992.4 | E14: ='Daily Meter'!I13 -> 3995.9 | F14: =(E14-D14)*480 -> 1680
A15: 3 | B15: Meter 3 - 06065259 | C15: kW x 480 | D15: ='7'!E15 -> 4260.2 | E15: ='Daily Meter'!J13 -> 4264.8 | F15: =(E15-D15)*480 -> 2208
A16: 4 | B16: Meter 4 - 06065262 | C16: kW x 480 | D16: ='7'!E16 -> 2377.9 | E16: ='Daily Meter'!K13 -> 2380.4 | F16: =(E16-D16)*480 -> 1200
A17: 5 | B17: Meter 6 - 06065269 | C17: kW x 480 | D17: ='7'!E17 -> 5600.4 | E17: ='Daily Meter'!L13 -> 5604.7 | F17: =(E17-D17)*480 -> 2064
A18: 6 | B18: Meter 7 - 06065283 | C18: kW x 480 | D18: ='7'!E18 -> 15089 | E18: ='Daily Meter'!M13 -> 15100.2 | F18: =(E18-D18)*480 -> 5376
B19: TOTAL ELECTRICAL CONS.(kWh) | F19: =SUM(F13:F18) -> 15744 | G19: =F19*0.43 -> 6769.92
A21: V | B21: GAS CONSUMPTION
A22: 1 | B22: MAIN LPG METER | C22: M3 | D22: ='7'!E22 -> 90872.5 | E22: ='Daily Meter'!N13 -> 90985.8 | F22: =E22-D22 -> 113.3
B23: L = m³ x 3.70 | C23: L | F23: =F22*3.7 -> 419.21 | G23: =F23*2.5 -> 1048.025
D26: Summary of Daily Hotel consumption
D27: Item measured | E27: Units | F27: Consumption | G27: AED
D28: Chilled water | E28: TR | F28: =F8 -> 5402.46 | G28: =G8 -> 3403.5498
D29: DEWA Water | E29: imp. Gallon | F29: =F11 -> 35634.978 | G29: =G11 -> 2138.0987
D30: Electricity | E30: kwh | F30: =F19 -> 15744 | G30: =G19 -> 6769.92
D31: Gas | E31: m3 | F31: =F22 -> 113.3 | G31: =G23 -> 1048.025
F32: Total cost | G32: =SUM(G28:G31) -> 13359.593

Sheet 9
A1: ENGINEERING DEPARTMENT | H1: daily reading
A2: UTILITY CONSUMPTION SHEET
B3: ='1'!B3 -> JANUARY 2024 | C3: 9 | D3: % OCCUPANCY: | E3: ='Daily Meter'!O14 -> 79.26
A4: SR.NO | B4: ITEM MEASURED | D4: Previous Reading | E4: 4 AM Reading | F4: 24hrs CONSUMPTION | G4: Cost
A6: 1 | B6: DISTRICT COOLING PLANT
B7: Chilled Water | C7: MWH | D7: ='8'!E7 -> 53635.2 | E7: ='Daily Meter'!B14 -> 53656 | F7: =E7-D7 -> 20.8
C8: TR | F8: =F7*284.34 -> 5914.272 | G8: =F8*0.63 -> 3725.9914
A9: III | B9: WATER METERS
B10: Main DEWA Meter | C10: m3 | D10: ='8'!E10 -> 204928 | E10: ='Daily Meter'!C14 -> 205059 | F10: =E10-D10 -> 131
B11: Imperial Gallon = m³ x 219.969 | C11: IG | F11: =F10*219.969 -> 28815.939 | G11: =F11*0.06 -> 1728.9563
A12: IV | B12: ELECTRICAL METERS
A13: 1 | B13: Meter 1 - 06065253 | C13: kW x 480 | D13: ='8'!E13 -> 6613.7 | E13: ='Daily Meter'!H14 -> 6620.5 | F13: =(E13-D13)*480 -> 3264
A14: 2 | B14: Meter 2 - 06065255 | C14: kW x 480 | D14: ='8'!E14 -> 3995.9 | E14: ='Daily Meter'!I14 -> 3999.6 | F14: =(E14-D14)*480 -> 1776
A15: 3 | B15: Meter 3 - 06065259 | C15: kW x 480 | D15: ='8'!E15 -> 4264.8 | E15: ='Daily Meter'!J14 -> 4269.4 | F15: =(E15-D15)*480 -> 2208
A16: 4 | B16: Meter 4 - 06065262 | C16: kW x 480 | D16: ='8'!E16 -> 2380.4 | E16: ='Daily Meter'!K14 -> 2383.1 | F16: =(E16-D16)*480 -> 1296
A17: 5 | B17: Meter 6 - 06065269 | C17: kW x 480 | D17: ='8'!E17 -> 5604.7 | E17: ='Daily Meter'!L14 -> 5609.1 | F17: =(E17-D17)*480 -> 2112
A18: 6 | B18: Meter 7 - 06065283 | C18: kW x 480 | D18: ='8'!E18 -> 15100.2 | E18: ='Daily Meter'!M14 -> 15111.3 | F18: =(E18-D18)*480 -> 5328
B19: TOTAL ELECTRICAL CONS.(kWh) | F19: =SUM(F13:F18) -> 15984 | G19: =F19*0.43 -> 6873.12
A21: V | B21: GAS CONSUMPTION
A22: 1 | B22: MAIN LPG METER | C22: M3 | D22: ='8'!E22 -> 90985.8 | E22: ='Daily Meter'!N14 -> 91106 | F22: =E22-D22 -> 120.2
B23: L = m³ x 3.70 | C23: L | F23: =F22*3.7 -> 444.74 | G23: =F23*2.5 -> 1111.85
D26: Summary of Daily Hotel consumption
D27: Item measured | E27: Units | F27: Consumption | G27: AED
D28: Chilled water | E28: TR | F28: =F8 -> 5914.272 | G28: =G8 -> 3725.9914
D29: DEWA Water | E29: imp. Gallon | F29: =F11 -> 28815.939 | G29: =G11 -> 1728.9563
D30: Electricity | E30: kwh | F30: =F19 -> 15984 | G30: =G19 -> 6873.12
D31: Gas | E31: m3 | F31: =F22 -> 120.2 | G31: =G23 -> 1111.85
F32: Total cost | G32: =SUM(G28:G31) -> 13439.918

Sheet 10
A1: ENGINEERING DEPARTMENT | H1: daily reading
A2: UTILITY CONSUMPTION SHEET
B3: ='1'!B3 -> JANUARY 2024 | C3: 10 | D3: % OCCUPANCY: | E3: ='Daily Meter'!O15 -> 86.67
A4: SR.NO | B4: ITEM MEASURED | D4: Previous Reading | E4: 4 AM Reading | F4: 24hrs CONSUMPTION | G4: Cost
A6: 1 | B6: DISTRICT COOLING PLANT
B7: Chilled Water | C7: MWH | D7: ='9'!E7 -> 53656 | E7: ='Daily Meter'!B15 -> 53676.9 | F7: =E7-D7 -> 20.9
C8: TR | F8: =F7*284.34 -> 5942.706 | G8: =F8*0.63 -> 3743.9048
A9: III | B9: WATER METERS
B10: Main DEWA Meter | C10: m3 | D10: ='9'!E10 -> 205059 | E10: ='Daily Meter'!C15 -> 205282 | F10: =E10-D10 -> 223
B11: Imperial Gallon = m³ x 219.969 | C11: IG | F11: =F10*219.969 -> 49053.087 | G11: =F11*0.06 -> 2943.1852
A12: IV | B12: ELECTRICAL METERS
A13: 1 | B13: Meter 1 - 06065253 | C13: kW x 480 | D13: ='9'!E13 -> 6620.5 | E13: ='Daily Meter'!H15 -> 6627.3 | F13: =(E13-D13)*480 -> 3264
A14: 2 | B14: Meter 2 - 06065255 | C14: kW x 480 | D14: ='9'!E14 -> 3999.6 | E14: ='Daily Meter'!I15 -> 4003.7 | F14: =(E14-D14)*480 -> 1968
A15: 3 | B15: Meter 3 - 06065259 | C15: kW x 480 | D15: ='9'!E15 -> 4269.4 | E15: ='Daily Meter'!J15 -> 4274.1 | F15: =(E15-D15)*480 -> 2256
A16: 4 | B16: Meter 4 - 06065262 | C16: kW x 480 | D16: ='9'!E16 -> 2383.1 | E16: ='Daily Meter'!K15 -> 2385.9 | F16: =(E16-D16)*480 -> 1344
A17: 5 | B17: Meter 6 - 06065269 | C17: kW x 480 | D17: ='9'!E17 -> 5609.1 | E17: ='Daily Meter'!L15 -> 5613.5 | F17: =(E17-D17)*480 -> 2112
A18: 6 | B18: Meter 7 - 06065283 | C18: kW x 480 | D18: ='9'!E18 -> 15111.3 | E18: ='Daily Meter'!M15 -> 15122.2 | F18: =(E18-D18)*480 -> 5232
B19: TOTAL ELECTRICAL CONS.(kWh) | F19: =SUM(F13:F18) -> 16176 | G19: =F19*0.43 -> 6955.68
A21: V | B21: GAS CONSUMPTION
A22: 1 | B22: MAIN LPG METER | C22: M3 | D22: ='9'!E22 -> 91106 | E22: ='Daily Meter'!N15 -> 91234 | F22: =E22-D22 -> 128
B23: L = m³ x 3.70 | C23: L | F23: =F22*3.7 -> 473.6 | G23: =F23*2.5 -> 1184
D26: Summary of Daily Hotel consumption
D27: Item measured | E27: Units | F27: Consumption | G27: AED
D28: Chilled water | E28: TR | F28: =F8 -> 5942.706 | G28: =G8 -> 3743.9048
D29: DEWA Water | E29: imp. Gallon | F29: =F11 -> 49053.087 | G29: =G11 -> 2943.1852
D30: Electricity | E30: kwh | F30: =F19 -> 16176 | G30: =G19 -> 6955.68
D31: Gas | E31: m3 | F31: =F22 -> 128 | G31: =G23 -> 1184
F32: Total cost | G32: =SUM(G28:G31) -> 14826.77

Sheet 11
A1: ENGINEERING DEPARTMENT | H1: daily reading
A2: UTILITY CONSUMPTION SHEET
B3: ='1'!B3 -> JANUARY 2024 | C3: 11 | D3: % OCCUPANCY: | E3: ='Daily Meter'!O16 -> 69.82
A4: SR.NO | B4: ITEM MEASURED | D4: Previous Reading | E4: 4 AM Reading | F4: 24hrs CONSUMPTION | G4: Cost
A6: 1 | B6: DISTRICT COOLING PLANT
B7: Chilled Water | C7: MWH | D7: ='10'!E7 -> 53676.9 | E7: ='Daily Meter'!B16 -> 53697.4 | F7: =E7-D7 -> 20.5
C8: TR | F8: =F7*284.34 -> 5828.97 | G8: =F8*0.63 -> 3672.2511
A9: III | B9: WATER METERS
B10: Main DEWA Meter | C10: m3 | D10: ='10'!E10 -> 205282 | E10: ='Daily Meter'!C16 -> 205368 | F10: =E10-D10 -> 86
B11: Imperial Gallon = m³ x 219.969 | C11: IG | F11: =F10*219.969 -> 18917.334 | G11: =F11*0.06 -> 1135.04
A12: IV | B12: ELECTRICAL METERS
A13: 1 | B13: Meter 1 - 06065253 | C13: kW x 480 | D13: ='10'!E13 -> 6627.3 | E13: ='Daily Meter'!H16 -> 6634.1 | F13: =(E13-D13)*480 -> 3264
A14: 2 | B14: Meter 2 - 06065255 | C14: kW x 480 | D14: ='10'!E14 -> 4003.7 | E14: ='Daily Meter'!I16 -> 4007.7 | F14: =(E14-D14)*480 -> 1920
A15: 3 | B15: Meter 3 - 06065259 | C15: kW x 480 | D15: ='10'!E15 -> 4274.1 | E15: ='Daily Meter'!J16 -> 4278.7 | F15: =(E15-D15)*480 -> 2208
A16: 4 | B16: Meter 4 - 06065262 | C16: kW x 480 | D16: ='10'!E16 -> 2385.9 | E16: ='Daily Meter'!K16 -> 2388.6 | F16: =(E16-D16)*480 -> 1296
A17: 5 | B17: Meter 6 - 06065269 | C17: kW x 480 | D17: ='10'!E17 -> 5613.5 | E17: ='Daily Meter'!L16 -> 5618 | F17: =(E17-D17)*480 -> 2160
A18: 6 | B18: Meter 7 - 06065283 | C18: kW x 480 | D18: ='10'!E18 -> 15122.2 | E18: ='Daily Meter'!M16 -> 15133.3 | F18: =(E18-D18)*480 -> 5328
B19: TOTAL ELECTRICAL CONS.(kWh) | F19: =SUM(F13:F18) -> 16176 | G19: =F19*0.43 -> 6955.68
A21: V | B21: GAS CONSUMPTION
A22: 1 | B22: MAIN LPG METER | C22: M3 | D22: ='10'!E22 -> 91234 | E22: ='Daily Meter'!N16 -> 91341.5 | F22: =E22-D22 -> 107.5
B23: L = m³ x 3.70 | C23: L | F23: =F22*3.7 -> 397.75 | G23: =F23*2.5 -> 994.375
D26: Summary of Daily Hotel consumption
D27: Item measured | E27: Units | F27: Consumption | G27: AED
D28: Chilled water | E28: TR | F28: =F8 -> 5828.97 | G28: =G8 -> 3672.2511
D29: DEWA Water | E29: imp. Gallon | F29: =F11 -> 18917.334 | G29: =G11 -> 1135.04
D30: Electricity | E30: kwh | F30: =F19 -> 16176 | G30: =G19 -> 6955.68
D31: Gas | E31: m3 | F31: =F22 -> 107.5 | G31: =G23 -> 994.375
F32: Total cost | G32: =SUM(G28:G31) -> 12757.346

Sheet 12
A1: ENGINEERING DEPARTMENT | H1: daily reading
A2: UTILITY CONSUMPTION SHEET
B3: ='1'!B3 -> JANUARY 2024 | C3: 12 | D3: % OCCUPANCY: | E3: ='Daily Meter'!O17 -> 55.99
A4: SR.NO | B4: ITEM MEASURED | D4: Previous Reading | E4: 4 AM Reading | F4: 24hrs CONSUMPTION | G4: Cost
A6: 1 | B6: DISTRICT COOLING PLANT
B7: Chilled Water | C7: MWH | D7: ='11'!E7 -> 53697.4 | E7: ='Daily Meter'!B17 -> 53716.2 | F7: =E7-D7 -> 18.8
C8: TR | F8: =F7*284.34 -> 5345.592 | G8: =F8*0.63 -> 3367.723
A9: III | B9: WATER METERS
B10: Main DEWA Meter | C10: m3 | D10: ='11'!E10 -> 205368 | E10: ='Daily Meter'!C17 -> 205672 | F10: =E10-D10 -> 304
B11: Imperial Gallon = m³ x 219.969 | C11: IG | F11: =F10*219.969 -> 66870.576 | G11: =F11*0.06 -> 4012.2346
A12: IV | B12: ELECTRICAL METERS
A13: 1 | B13: Meter 1 - 06065253 | C13: kW x 480 | D13: ='11'!E13 -> 6634.1 | E13: ='Daily Meter'!H17 -> 6641.2 | F13: =(E13-D13)*480 -> 3408
A14: 2 | B14: Meter 2 - 06065255 | C14: kW x 480 | D14: ='11'!E14 -> 4007.7 | E14: ='Daily Meter'!I17 -> 4011.6 | F14: =(E14-D14)*480 -> 1872
A15: 3 | B15: Meter 3 - 06065259 | C15: kW x 480 | D15: ='11'!E15 -> 4278.7 | E15: ='Daily Meter'!J17 -> 4283.5 | F15: =(E15-D15)*480 -> 2304
A16: 4 | B16: Meter 4 - 06065262 | C16: kW x 480 | D16: ='11'!E16 -> 2388.6 | E16: ='Daily Meter'!K17 -> 2391.4 | F16: =(E16-D16)*480 -> 1344
A17: 5 | B17: Meter 6 - 06065269 | C17: kW x 480 | D17: ='11'!E17 -> 5618 | E17: ='Daily Meter'!L17 -> 5622.5 | F17: =(E17-D17)*480 -> 2160
A18: 6 | B18: Meter 7 - 06065283 | C18: kW x 480 | D18: ='11'!E18 -> 15133.3 | E18: ='Daily Meter'!M17 -> 15144.6 | F18: =(E18-D18)*480 -> 5424
B19: TOTAL ELECTRICAL CONS.(kWh) | F19: =SUM(F13:F18) -> 16512 | G19: =F19*0.43 -> 7100.16
A21: V | B21: GAS CONSUMPTION
A22: 1 | B22: MAIN LPG METER | C22: M3 | D22: ='11'!E22 -> 91341.5 | E22: ='Daily Meter'!N17 -> 91517.7 | F22: =E22-D22 -> 176.2
B23: L = m³ x 3.70 | C23: L | F23: =F22*3.7 -> 651.94 | G23: =F23*2.5 -> 1629.85
D26: Summary of Daily Hotel consumption
D27: Item measured | E27: Units | F27: Consumption | G27: AED
D28: Chilled water | E28: TR | F28: =F8 -> 5345.592 | G28: =G8 -> 3367.723
D29: DEWA Water | E29: imp. Gallon | F29: =F11 -> 66870.576 | G29: =G11 -> 4012.2346
D30: Electricity | E30: kwh | F30: =F19 -> 16512 | G30: =G19 -> 7100.16
D31: Gas | E31: m3 | F31: =F22 -> 176.2 | G31: =G23 -> 1629.85
F32: Total cost | G32: =SUM(G28:G31) -> 16109.968

Sheet 13
A1: ENGINEERING DEPARTMENT | H1: daily reading
A2: UTILITY CONSUMPTION SHEET
B3: ='1'!B3 -> JANUARY 2024 | C3: 13 | D3: % OCCUPANCY: | E3: ='Daily Meter'!O18 -> 44.24
A4: SR.NO | B4: ITEM MEASURED | D4: Previous Reading | E4: 4 AM Reading | F4: 24hrs CONSUMPTION | G4: Cost
A6: 1 | B6: DISTRICT COOLING PLANT
B7: Chilled Water | C7: MWH | D7: ='12'!E7 -> 53716.2 | E7: ='Daily Meter'!B18 -> 53734.8 | F7: =E7-D7 -> 18.6
C8: TR | F8: =F7*284.34 -> 5288.724 | G8: =F8*0.63 -> 3331.8961
A9: III | B9: WATER METERS
B10: Main DEWA Meter | C10: m3 | D10: ='12'!E10 -> 205672 | E10: ='Daily Meter'!C18 -> 205925 | F10: =E10-D10 -> 253
B11: Imperial Gallon = m³ x 219.969 | C11: IG | F11: =F10*219.969 -> 55652.157 | G11: =F11*0.06 -> 3339.1294
A12: IV | B12: ELECTRICAL METERS
A13: 1 | B13: Meter 1 - 06065253 | C13: kW x 480 | D13: ='12'!E13 -> 6641.2 | E13: ='Daily Meter'!H18 -> 6648.4 | F13: =(E13-D13)*480 -> 3456
A14: 2 | B14: Meter 2 - 06065255 | C14: kW x 480 | D14: ='12'!E14 -> 4011.6 | E14: ='Daily Meter'!I18 -> 4015.4 | F14: =(E14-D14)*480 -> 1824
A15: 3 | B15: Meter 3 - 06065259 | C15: kW x 480 | D15: ='12'!E15 -> 4283.5 | E15: ='Daily Meter'!J18 -> 4288.4 | F15: =(E15-D15)*480 -> 2352
A16: 4 | B16: Meter 4 - 06065262 | C16: kW x 480 | D16: ='12'!E16 -> 2391.4 | E16: ='Daily Meter'!K18 -> 2394.2 | F16: =(E16-D16)*480 -> 1344
A17: 5 | B17: Meter 6 - 06065269 | C17: kW x 480 | D17: ='12'!E17 -> 5622.5 | E17: ='Daily Meter'!L18 -> 5627.1 | F17: =(E17-D17)*480 -> 2208
A18: 6 | B18: Meter 7 - 06065283 | C18: kW x 480 | D18: ='12'!E18 -> 15144.6 | E18: ='Daily Meter'!M18 -> 15156 | F18: =(E18-D18)*480 -> 5472
B19: TOTAL ELECTRICAL CONS.(kWh) | F19: =SUM(F13:F18) -> 16656 | G19: =F19*0.43 -> 7162.08
A21: V | B21: GAS CONSUMPTION
A22: 1 | B22: MAIN LPG METER | C22: M3 | D22: ='12'!E22 -> 91517.7 | E22: ='Daily Meter'!N18 -> 91677.1 | F22: =E22-D22 -> 159.4
B23: L = m³ x 3.70 | C23: L | F23: =F22*3.7 -> 589.78 | G23: =F23*2.5 -> 1474.45
D26: Summary of Daily Hotel consumption
D27: Item measured | E27: Units | F27: Consumption | G27: AED
D28: Chilled water | E28: TR | F28: =F8 -> 5288.724 | G28: =G8 -> 3331.8961
D29: DEWA Water | E29: imp. Gallon | F29: =F11 -> 55652.157 | G29: =G11 -> 3339.1294
D30: Electricity | E30: kwh | F30: =F19 -> 16656 | G30: =G19 -> 7162.08
D31: Gas | E31: m3 | F31: =F22 -> 159.4 | G31: =G23 -> 1474.45
F32: Total cost | G32: =SUM(G28:G31) -> 15307.556

Sheet 14
A1: ENGINEERING DEPARTMENT | H1: daily reading
A2: UTILITY CONSUMPTION SHEET
B3: ='1'!B3 -> JANUARY 2024 | C3: 14 | D3: % OCCUPANCY: | E3: ='Daily Meter'!O19 -> 52.07
A4: SR.NO | B4: ITEM MEASURED | D4: Previous Reading | E4: 4 AM Reading | F4: 24hrs CONSUMPTION | G4: Cost
A6: 1 | B6: DISTRICT COOLING PLANT
B7: Chilled Water | C7: MWH | D7: ='13'!E7 -> 53734.8 | E7: ='Daily Meter'!B19 -> 53753.3 | F7: =E7-D7 -> 18.5
C8: TR | F8: =F7*284.34 -> 5260.29 | G8: =F8*0.63 -> 3313.9827
A9: III | B9: WATER METERS
B10: Main DEWA Meter | C10: m3 | D10: ='13'!E10 -> 205925 | E10: ='Daily Meter'!C19 -> 206117 | F10: =E10-D10 -> 192
B11: Imperial Gallon = m³ x 219.969 | C11: IG | F11: =F10*219.969 -> 42234.048 | G11: =F11*0.06 -> 2534.0429
A12: IV | B12: ELECTRICAL METERS
A13: 1 | B13: Meter 1 - 06065253 | C13: kW x 480 | D13: ='13'!E13 -> 6648.4 | E13: ='Daily Meter'!H19 -> 6655.3 | F13: =(E13-D13)*480 -> 3312
A14: 2 | B14: Meter 2 - 06065255 | C14: kW x 480 | D14: ='13'!E14 -> 4015.4 | E14: ='Daily Meter'!I19 -> 4018.9 | F14: =(E14-D14)*480 -> 1680
A15: 3 | B15: Meter 3 - 06065259 | C15: kW x 480 | D15: ='13'!E15 -> 4288.4 | E15: ='Daily Meter'!J19 -> 4293 | F15: =(E15-D15)*480 -> 2208
A16: 4 | B16: Meter 4 - 06065262 | C16: kW x 480 | D16: ='13'!E16 -> 2394.2 | E16: ='Daily Meter'!K19 -> 2396.9 | F16: =(E16-D16)*480 -> 1296
A17: 5 | B17: Meter 6 - 06065269 | C17: kW x 480 | D17: ='13'!E17 -> 5627.1 | E17: ='Daily Meter'!L19 -> 5631.5 | F17: =(E17-D17)*480 -> 2112
A18: 6 | B18: Meter 7 - 06065283 | C18: kW x 480 | D18: ='13'!E18 -> 15156 | E18: ='Daily Meter'!M19 -> 15166.7 | F18: =(E18-D18)*480 -> 5136
B19: TOTAL ELECTRICAL CONS.(kWh) | F19: =SUM(F13:F18) -> 15744 | G19: =F19*0.43 -> 6769.92
A21: V | B21: GAS CONSUMPTION
A22: 1 | B22: MAIN LPG METER | C22: M3 | D22: ='13'!E22 -> 91677.1 | E22: ='Daily Meter'!N19 -> 91814.2 | F22: =E22-D22 -> 137.1
B23: L = m³ x 3.70 | C23: L | F23: =F22*3.7 -> 507.27 | G23: =F23*2.5 -> 1268.175
D26: Summary of Daily Hotel consumption
D27: Item measured | E27: Units | F27: Consumption | G27: AED
D28: Chilled water | E28: TR | F28: =F8 -> 5260.29 | G28: =G8 -> 3313.9827
D29: DEWA Water | E29: imp. Gallon | F29: =F11 -> 42234.048 | G29: =G11 -> 2534.0429
D30: Electricity | E30: kwh | F30: =F19 -> 15744 | G30: =G19 -> 6769.92
D31: Gas | E31: m3 | F31: =F22 -> 137.1 | G31: =G23 -> 1268.175
F32: Total cost | G32: =SUM(G28:G31) -> 13886.121

Sheet 15
A1: ENGINEERING DEPARTMENT | H1: daily reading
A2: UTILITY CONSUMPTION SHEET
B3: ='1'!B3 -> JANUARY 2024 | C3: 15 | D3: % OCCUPANCY: | E3: ='Daily Meter'!O20 -> 82.72
A4: SR.NO | B4: ITEM MEASURED | D4: Previous Reading | E4: 4 AM Reading | F4: 24hrs CONSUMPTION | G4: Cost
A6: 1 | B6: DISTRICT COOLING PLANT
B7: Chilled Water | C7: MWH | D7: ='14'!E7 -> 53753.3 | E7: ='Daily Meter'!B20 -> 53772.3 | F7: =E7-D7 -> 19
C8: TR | F8: =F7*284.34 -> 5402.46 | G8: =F8*0.63 -> 3403.5498
A9: III | B9: WATER METERS
B10: Main DEWA Meter | C10: m3 | D10: ='14'!E10 -> 206117 | E10: ='Daily Meter'!C20 -> 206290 | F10: =E10-D10 -> 173
B11: Imperial Gallon = m³ x 219.969 | C11: IG | F11: =F10*219.969 -> 38054.637 | G11: =F11*0.06 -> 2283.2782
A12: IV | B12: ELECTRICAL METERS
A13: 1 | B13: Meter 1 - 06065253 | C13: kW x 480 | D13: ='14'!E13 -> 6655.3 | E13: ='Daily Meter'!H20 -> 6662 | F13: =(E13-D13)*480 -> 3216
A14: 2 | B14: Meter 2 - 06065255 | C14: kW x 480 | D14: ='14'!E14 -> 4018.9 | E14: ='Daily Meter'!I20 -> 4022.85 | F14: =(E14-D14)*480 -> 1896
A15: 3 | B15: Meter 3 - 06065259 | C15: kW x 480 | D15: ='14'!E15 -> 4293 | E15: ='Daily Meter'!J20 -> 4297.3 | F15: =(E15-D15)*480 -> 2064
A16: 4 | B16: Meter 4 - 06065262 | C16: kW x 480 | D16: ='14'!E16 -> 2396.9 | E16: ='Daily Meter'!K20 -> 2399.5 | F16: =(E16-D16)*480 -> 1248
A17: 5 | B17: Meter 6 - 06065269 | C17: kW x 480 | D17: ='14'!E17 -> 5631.5 | E17: ='Daily Meter'!L20 -> 5635.9 | F17: =(E17-D17)*480 -> 2112
A18: 6 | B18: Meter 7 - 06065283 | C18: kW x 480 | D18: ='14'!E18 -> 15166.7 | E18: ='Daily Meter'!M20 -> 15176.3 | F18: =(E18-D18)*480 -> 4608
B19: TOTAL ELECTRICAL CONS.(kWh) | F19: =SUM(F13:F18) -> 15144 | G19: =F19*0.43 -> 6511.92
A21: V | B21: GAS CONSUMPTION
A22: 1 | B22: MAIN LPG METER | C22: M3 | D22: ='14'!E22 -> 91814.2 | E22: ='Daily Meter'!N20 -> 91928.7 | F22: =E22-D22 -> 114.5
B23: L = m³ x 3.70 | C23: L | F23: =F22*3.7 -> 423.65 | G23: =F23*2.5 -> 1059.125
D26: Summary of Daily Hotel consumption
D27: Item measured | E27: Units | F27: Consumption | G27: AED
D28: Chilled water | E28: TR | F28: =F8 -> 5402.46 | G28: =G8 -> 3403.5498
D29: DEWA Water | E29: imp. Gallon | F29: =F11 -> 38054.637 | G29: =G11 -> 2283.2782
D30: Electricity | E30: kwh | F30: =F19 -> 15144 | G30: =G19 -> 6511.92
D31: Gas | E31: m3 | F31: =F22 -> 114.5 | G31: =G23 -> 1059.125
F32: Total cost | G32: =SUM(G28:G31) -> 13257.873

Sheet 16
A1: ENGINEERING DEPARTMENT | H1: daily reading
A2: UTILITY CONSUMPTION SHEET
B3: ='1'!B3 -> JANUARY 2024 | C3: 16 | D3: % OCCUPANCY: | E3: ='Daily Meter'!O21 -> 98.16
A4: SR.NO | B4: ITEM MEASURED | D4: Previous Reading | E4: 4 AM Reading | F4: 24hrs CONSUMPTION | G4: Cost
A6: 1 | B6: DISTRICT COOLING PLANT
B7: Chilled Water | C7: MWH | D7: ='15'!E7 -> 53772.3 | E7: ='Daily Meter'!B21 -> 53791.7 | F7: =E7-D7 -> 19.4
C8: TR | F8: =F7*284.34 -> 5516.196 | G8: =F8*0.63 -> 3475.2035
A9: III | B9: WATER METERS
B10: Main DEWA Meter | C10: m3 | D10: ='15'!E10 -> 206290 | E10: ='Daily Meter'!C21 -> 206462 | F10: =E10-D10 -> 172
B11: Imperial Gallon = m³ x 219.969 | C11: IG | F11: =F10*219.969 -> 37834.668 | G11: =F11*0.06 -> 2270.0801
A12: IV | B12: ELECTRICAL METERS
A13: 1 | B13: Meter 1 - 06065253 | C13: kW x 480 | D13: ='15'!E13 -> 6662 | E13: ='Daily Meter'!H21 -> 6668.7 | F13: =(E13-D13)*480 -> 3216
A14: 2 | B14: Meter 2 - 06065255 | C14: kW x 480 | D14: ='15'!E14 -> 4022.85 | E14: ='Daily Meter'!I21 -> 4026.3 | F14: =(E14-D14)*480 -> 1656
A15: 3 | B15: Meter 3 - 06065259 | C15: kW x 480 | D15: ='15'!E15 -> 4297.3 | E15: ='Daily Meter'!J21 -> 4301.7 | F15: =(E15-D15)*480 -> 2112
A16: 4 | B16: Meter 4 - 06065262 | C16: kW x 480 | D16: ='15'!E16 -> 2399.5 | E16: ='Daily Meter'!K21 -> 2402.2 | F16: =(E16-D16)*480 -> 1296
A17: 5 | B17: Meter 6 - 06065269 | C17: kW x 480 | D17: ='15'!E17 -> 5635.9 | E17: ='Daily Meter'!L21 -> 5640.4 | F17: =(E17-D17)*480 -> 2160
A18: 6 | B18: Meter 7 - 06065283 | C18: kW x 480 | D18: ='15'!E18 -> 15176.3 | E18: ='Daily Meter'!M21 -> 15185.6 | F18: =(E18-D18)*480 -> 4464
B19: TOTAL ELECTRICAL CONS.(kWh) | F19: =SUM(F13:F18) -> 14904 | G19: =F19*0.43 -> 6408.72
A21: V | B21: GAS CONSUMPTION
A22: 1 | B22: MAIN LPG METER | C22: M3 | D22: ='15'!E22 -> 91928.7 | E22: ='Daily Meter'!N21 -> 92046 | F22: =E22-D22 -> 117.3
B23: L = m³ x 3.70 | C23: L | F23: =F22*3.7 -> 434.01 | G23: =F23*2.5 -> 1085.025
D26: Summary of Daily Hotel consumption
D27: Item measured | E27: Units | F27: Consumption | G27: AED
D28: Chilled water | E28: TR | F28: =F8 -> 5516.196 | G28: =G8 -> 3475.2035
D29: DEWA Water | E29: imp. Gallon | F29: =F11 -> 37834.668 | G29: =G11 -> 2270.0801
D30: Electricity | E30: kwh | F30: =F19 -> 14904 | G30: =G19 -> 6408.72
D31: Gas | E31: m3 | F31: =F22 -> 117.3 | G31: =G23 -> 1085.025
F32: Total cost | G32: =SUM(G28:G31) -> 13239.029

Sheet 17
A1: ENGINEERING DEPARTMENT | H1: daily reading
A2: UTILITY CONSUMPTION SHEET
B3: ='1'!B3 -> JANUARY 2024 | C3: 17 | D3: % OCCUPANCY: | E3: ='Daily Meter'!O22 -> 99.08
A4: SR.NO | B4: ITEM MEASURED | D4: Previous Reading | E4: 4 AM Reading | F4: 24hrs CONSUMPTION | G4: Cost
A6: 1 | B6: DISTRICT COOLING PLANT
B7: Chilled Water | C7: MWH | D7: ='16'!E7 -> 53791.7 | E7: ='Daily Meter'!B22 -> 53814.5 | F7: =E7-D7 -> 22.8
C8: TR | F8: =F7*284.34 -> 6482.952 | G8: =F8*0.63 -> 4084.2598
A9: III | B9: WATER METERS
B10: Main DEWA Meter | C10: m3 | D10: ='16'!E10 -> 206462 | E10: ='Daily Meter'!C22 -> 206662 | F10: =E10-D10 -> 200
B11: Imperial Gallon = m³ x 219.969 | C11: IG | F11: =F10*219.969 -> 43993.8 | G11: =F11*0.06 -> 2639.628
A12: IV | B12: ELECTRICAL METERS
A13: 1 | B13: Meter 1 - 06065253 | C13: kW x 480 | D13: ='16'!E13 -> 6668.7 | E13: ='Daily Meter'!H22 -> 6675.6 | F13: =(E13-D13)*480 -> 3312
A14: 2 | B14: Meter 2 - 06065255 | C14: kW x 480 | D14: ='16'!E14 -> 4026.3 | E14: ='Daily Meter'!I22 -> 4030.3 | F14: =(E14-D14)*480 -> 1920
A15: 3 | B15: Meter 3 - 06065259 | C15: kW x 480 | D15: ='16'!E15 -> 4301.7 | E15: ='Daily Meter'!J22 -> 4305.8 | F15: =(E15-D15)*480 -> 1968
A16: 4 | B16: Meter 4 - 06065262 | C16: kW x 480 | D16: ='16'!E16 -> 2402.2 | E16: ='Daily Meter'!K22 -> 2405.1 | F16: =(E16-D16)*480 -> 1392
A17: 5 | B17: Meter 6 - 06065269 | C17: kW x 480 | D17: ='16'!E17 -> 5640.4 | E17: ='Daily Meter'!L22 -> 5644.9 | F17: =(E17-D17)*480 -> 2160
A18: 6 | B18: Meter 7 - 06065283 | C18: kW x 480 | D18: ='16'!E18 -> 15185.6 | E18: ='Daily Meter'!M22 -> 15194.6 | F18: =(E18-D18)*480 -> 4320
B19: TOTAL ELECTRICAL CONS.(kWh) | F19: =SUM(F13:F18) -> 15072 | G19: =F19*0.43 -> 6480.96
A21: V | B21: GAS CONSUMPTION
A22: 1 | B22: MAIN LPG METER | C22: M3 | D22: ='16'!E22 -> 92046 | E22: ='Daily Meter'!N22 -> 92194.2 | F22: =E22-D22 -> 148.2
B23: L = m³ x 3.70 | C23: L | F23: =F22*3.7 -> 548.34 | G23: =F23*2.5 -> 1370.85
D26: Summary of Daily Hotel consumption
D27: Item measured | E27: Units | F27: Consumption | G27: AED
D28: Chilled water | E28: TR | F28: =F8 -> 6482.952 | G28: =G8 -> 4084.2598
D29: DEWA Water | E29: imp. Gallon | F29: =F11 -> 43993.8 | G29: =G11 -> 2639.628
D30: Electricity | E30: kwh | F30: =F19 -> 15072 | G30: =G19 -> 6480.96
D31: Gas | E31: m3 | F31: =F22 -> 148.2 | G31: =G23 -> 1370.85
F32: Total cost | G32: =SUM(G28:G31) -> 14575.698

Sheet 18
A1: ENGINEERING DEPARTMENT | H1: daily reading
A2: UTILITY CONSUMPTION SHEET
B3: ='1'!B3 -> JANUARY 2024 | C3: 18 | D3: % OCCUPANCY: | E3: ='Daily Meter'!O23 -> 86.64
A4: SR.NO | B4: ITEM MEASURED | D4: Previous Reading | E4: 4 AM Reading | F4: 24hrs CONSUMPTION | G4: Cost
A6: 1 | B6: DISTRICT COOLING PLANT
B7: Chilled Water | C7: MWH | D7: ='17'!E7 -> 53814.5 | E7: ='Daily Meter'!B23 -> 53836.1 | F7: =E7-D7 -> 21.6
C8: TR | F8: =F7*284.34 -> 6141.744 | G8: =F8*0.63 -> 3869.2987
A9: III | B9: WATER METERS
B10: Main DEWA Meter | C10: m3 | D10: ='17'!E10 -> 206662 | E10: ='Daily Meter'!C23 -> 206868 | F10: =E10-D10 -> 206
B11: Imperial Gallon = m³ x 219.969 | C11: IG | F11: =F10*219.969 -> 45313.614 | G11: =F11*0.06 -> 2718.8168
A12: IV | B12: ELECTRICAL METERS
A13: 1 | B13: Meter 1 - 06065253 | C13: kW x 480 | D13: ='17'!E13 -> 6675.6 | E13: ='Daily Meter'!H23 -> 6682.5 | F13: =(E13-D13)*480 -> 3312
A14: 2 | B14: Meter 2 - 06065255 | C14: kW x 480 | D14: ='17'!E14 -> 4030.3 | E14: ='Daily Meter'!I23 -> 4034.2 | F14: =(E14-D14)*480 -> 1872
A15: 3 | B15: Meter 3 - 06065259 | C15: kW x 480 | D15: ='17'!E15 -> 4305.8 | E15: ='Daily Meter'!J23 -> 4310.4 | F15: =(E15-D15)*480 -> 2208
A16: 4 | B16: Meter 4 - 06065262 | C16: kW x 480 | D16: ='17'!E16 -> 2405.1 | E16: ='Daily Meter'!K23 -> 2407.9 | F16: =(E16-D16)*480 -> 1344
A17: 5 | B17: Meter 6 - 06065269 | C17: kW x 480 | D17: ='17'!E17 -> 5644.9 | E17: ='Daily Meter'!L23 -> 5649.4 | F17: =(E17-D17)*480 -> 2160
A18: 6 | B18: Meter 7 - 06065283 | C18: kW x 480 | D18: ='17'!E18 -> 15194.6 | E18: ='Daily Meter'!M23 -> 15204 | F18: =(E18-D18)*480 -> 4512
B19: TOTAL ELECTRICAL CONS.(kWh) | F19: =SUM(F13:F18) -> 15408 | G19: =F19*0.43 -> 6625.44
A21: V | B21: GAS CONSUMPTION
A22: 1 | B22: MAIN LPG METER | C22: M3 | D22: ='17'!E22 -> 92194.2 | E22: ='Daily Meter'!N23 -> 92341.5 | F22: =E22-D22 -> 147.3
B23: L = m³ x 3.70 | C23: L | F23: =F22*3.7 -> 545.01 | G23: =F23*2.5 -> 1362.525
D26: Summary of Daily Hotel consumption
D27: Item measured | E27: Units | F27: Consumption | G27: AED
D28: Chilled water | E28: TR | F28: =F8 -> 6141.744 | G28: =G8 -> 3869.2987
D29: DEWA Water | E29: imp. Gallon | F29: =F11 -> 45313.614 | G29: =G11 -> 2718.8168
D30: Electricity | E30: kwh | F30: =F19 -> 15408 | G30: =G19 -> 6625.44
D31: Gas | E31: m3 | F31: =F22 -> 147.3 | G31: =G23 -> 1362.525
F32: Total cost | G32: =SUM(G28:G31) -> 14576.081

Sheet 19
A1: ENGINEERING DEPARTMENT | H1: daily reading
A2: UTILITY CONSUMPTION SHEET
B3: ='1'!B3 -> JANUARY 2024 | C3: 19 | D3: % OCCUPANCY: | E3: ='Daily Meter'!O24 -> 71.89
A4: SR.NO | B4: ITEM MEASURED | D4: Previous Reading | E4: 4 AM Reading | F4: 24hrs CONSUMPTION | G4: Cost
A6: 1 | B6: DISTRICT COOLING PLANT
B7: Chilled Water | C7: MWH | D7: ='18'!E7 -> 53836.1 | E7: ='Daily Meter'!B24 -> 53856.4 | F7: =E7-D7 -> 20.3
C8: TR | F8: =F7*284.34 -> 5772.102 | G8: =F8*0.63 -> 3636.4243
A9: III | B9: WATER METERS
B10: Main DEWA Meter | C10: m3 | D10: ='18'!E10 -> 206868 | E10: ='Daily Meter'!C24 -> 207060 | F10: =E10-D10 -> 192
B11: Imperial Gallon = m³ x 219.969 | C11: IG | F11: =F10*219.969 -> 42234.048 | G11: =F11*0.06 -> 2534.0429
A12: IV | B12: ELECTRICAL METERS
A13: 1 | B13: Meter 1 - 06065253 | C13: kW x 480 | D13: ='18'!E13 -> 6682.5 | E13: ='Daily Meter'!H24 -> 6689.3 | F13: =(E13-D13)*480 -> 3264
A14: 2 | B14: Meter 2 - 06065255 | C14: kW x 480 | D14: ='18'!E14 -> 4034.2 | E14: ='Daily Meter'!I24 -> 4038.2 | F14: =(E14-D14)*480 -> 1920
A15: 3 | B15: Meter 3 - 06065259 | C15: kW x 480 | D15: ='18'!E15 -> 4310.4 | E15: ='Daily Meter'!J24 -> 4314.9 | F15: =(E15-D15)*480 -> 2160
A16: 4 | B16: Meter 4 - 06065262 | C16: kW x 480 | D16: ='18'!E16 -> 2407.9 | E16: ='Daily Meter'!K24 -> 2410.9 | F16: =(E16-D16)*480 -> 1440
A17: 5 | B17: Meter 6 - 06065269 | C17: kW x 480 | D17: ='18'!E17 -> 5649.4 | E17: ='Daily Meter'!L24 -> 5653.9 | F17: =(E17-D17)*480 -> 2160
A18: 6 | B18: Meter 7 - 06065283 | C18: kW x 480 | D18: ='18'!E18 -> 15204 | E18: ='Daily Meter'!M24 -> 15214 | F18: =(E18-D18)*480 -> 4800
B19: TOTAL ELECTRICAL CONS.(kWh) | F19: =SUM(F13:F18) -> 15744 | G19: =F19*0.43 -> 6769.92
A21: V | B21: GAS CONSUMPTION
A22: 1 | B22: MAIN LPG METER | C22: M3 | D22: ='18'!E22 -> 92341.5 | E22: ='Daily Meter'!N24 -> 92486.1 | F22: =E22-D22 -> 144.6
B23: L = m³ x 3.70 | C23: L | F23: =F22*3.7 -> 535.02 | G23: =F23*2.5 -> 1337.55
D26: Summary of Daily Hotel consumption
D27: Item measured | E27: Units | F27: Consumption | G27: AED
D28: Chilled water | E28: TR | F28: =F8 -> 5772.102 | G28: =G8 -> 3636.4243
D29: DEWA Water | E29: imp. Gallon | F29: =F11 -> 42234.048 | G29: =G11 -> 2534.0429
D30: Electricity | E30: kwh | F30: =F19 -> 15744 | G30: =G19 -> 6769.92
D31: Gas | E31: m3 | F31: =F22 -> 144.6 | G31: =G23 -> 1337.55
F32: Total cost | G32: =SUM(G28:G31) -> 14277.937

Sheet 20
A1: ENGINEERING DEPARTMENT | H1: daily reading
A2: UTILITY CONSUMPTION SHEET
B3: ='1'!B3 -> JANUARY 2024 | C3: 20 | D3: % OCCUPANCY: | E3: ='Daily Meter'!O25 -> 65.44
A4: SR.NO | B4: ITEM MEASURED | D4: Previous Reading | E4: 4 AM Reading | F4: 24hrs CONSUMPTION | G4: Cost
A6: 1 | B6: DISTRICT COOLING PLANT
B7: Chilled Water | C7: MWH | D7: ='19'!E7 -> 53856.4 | E7: ='Daily Meter'!B25 -> 53877.3 | F7: =E7-D7 -> 20.9
C8: TR | F8: =F7*284.34 -> 5942.706 | G8: =F8*0.63 -> 3743.9048
A9: III | B9: WATER METERS
B10: Main DEWA Meter | C10: m3 | D10: ='19'!E10 -> 207060 | E10: ='Daily Meter'!C25 -> 207241 | F10: =E10-D10 -> 181
B11: Imperial Gallon = m³ x 219.969 | C11: IG | F11: =F10*219.969 -> 39814.389 | G11: =F11*0.06 -> 2388.8633
A12: IV | B12: ELECTRICAL METERS
A13: 1 | B13: Meter 1 - 06065253 | C13: kW x 480 | D13: ='19'!E13 -> 6689.3 | E13: ='Daily Meter'!H25 -> 6696.6 | F13: =(E13-D13)*480 -> 3504
A14: 2 | B14: Meter 2 - 06065255 | C14: kW x 480 | D14: ='19'!E14 -> 4038.2 | E14: ='Daily Meter'!I25 -> 4042.2 | F14: =(E14-D14)*480 -> 1920
A15: 3 | B15: Meter 3 - 06065259 | C15: kW x 480 | D15: ='19'!E15 -> 4314.9 | E15: ='Daily Meter'!J25 -> 4319.3 | F15: =(E15-D15)*480 -> 2112
A16: 4 | B16: Meter 4 - 06065262 | C16: kW x 480 | D16: ='19'!E16 -> 2410.9 | E16: ='Daily Meter'!K25 -> 2413.7 | F16: =(E16-D16)*480 -> 1344
A17: 5 | B17: Meter 6 - 06065269 | C17: kW x 480 | D17: ='19'!E17 -> 5653.9 | E17: ='Daily Meter'!L25 -> 5658.4 | F17: =(E17-D17)*480 -> 2160
A18: 6 | B18: Meter 7 - 06065283 | C18: kW x 480 | D18: ='19'!E18 -> 15214 | E18: ='Daily Meter'!M25 -> 15225.5 | F18: =(E18-D18)*480 -> 5520
B19: TOTAL ELECTRICAL CONS.(kWh) | F19: =SUM(F13:F18) -> 16560 | G19: =F19*0.43 -> 7120.8
A21: V | B21: GAS CONSUMPTION
A22: 1 | B22: MAIN LPG METER | C22: M3 | D22: ='19'!E22 -> 92486.1 | E22: ='Daily Meter'!N25 -> 92625.4 | F22: =E22-D22 -> 139.3
B23: L = m³ x 3.70 | C23: L | F23: =F22*3.7 -> 515.41 | G23: =F23*2.5 -> 1288.525
D26: Summary of Daily Hotel consumption
D27: Item measured | E27: Units | F27: Consumption | G27: AED
D28: Chilled water | E28: TR | F28: =F8 -> 5942.706 | G28: =G8 -> 3743.9048
D29: DEWA Water | E29: imp. Gallon | F29: =F11 -> 39814.389 | G29: =G11 -> 2388.8633
D30: Electricity | E30: kwh | F30: =F19 -> 16560 | G30: =G19 -> 7120.8
D31: Gas | E31: m3 | F31: =F22 -> 139.3 | G31: =G23 -> 1288.525
F32: Total cost | G32: =SUM(G28:G31) -> 14542.093

Sheet 21
A1: ENGINEERING DEPARTMENT | H1: daily reading
A2: UTILITY CONSUMPTION SHEET
B3: ='1'!B3 -> JANUARY 2024 | C3: 21 | D3: % OCCUPANCY: | E3: ='Daily Meter'!O26 -> 67.74
A4: SR.NO | B4: ITEM MEASURED | D4: Previous Reading | E4: 4 AM Reading | F4: 24hrs CONSUMPTION | G4: Cost
A6: 1 | B6: DISTRICT COOLING PLANT
B7: Chilled Water | C7: MWH | D7: ='20'!E7 -> 53877.3 | E7: ='Daily Meter'!B26 -> 53898.5 | F7: =E7-D7 -> 21.2
C8: TR | F8: =F7*284.34 -> 6028.008 | G8: =F8*0.63 -> 3797.645
A9: III | B9: WATER METERS
B10: Main DEWA Meter | C10: m3 | D10: ='20'!E10 -> 207241 | E10: ='Daily Meter'!C26 -> 207416 | F10: =E10-D10 -> 175
B11: Imperial Gallon = m³ x 219.969 | C11: IG | F11: =F10*219.969 -> 38494.575 | G11: =F11*0.06 -> 2309.6745
A12: IV | B12: ELECTRICAL METERS
A13: 1 | B13: Meter 1 - 06065253 | C13: kW x 480 | D13: ='20'!E13 -> 6696.6 | E13: ='Daily Meter'!H26 -> 6703.7 | F13: =(E13-D13)*480 -> 3408
A14: 2 | B14: Meter 2 - 06065255 | C14: kW x 480 | D14: ='20'!E14 -> 4042.2 | E14: ='Daily Meter'!I26 -> 4046 | F14: =(E14-D14)*480 -> 1824
A15: 3 | B15: Meter 3 - 06065259 | C15: kW x 480 | D15: ='20'!E15 -> 4319.3 | E15: ='Daily Meter'!J26 -> 4323.7 | F15: =(E15-D15)*480 -> 2112
A16: 4 | B16: Meter 4 - 06065262 | C16: kW x 480 | D16: ='20'!E16 -> 2413.7 | E16: ='Daily Meter'!K26 -> 2416.6 | F16: =(E16-D16)*480 -> 1392
A17: 5 | B17: Meter 6 - 06065269 | C17: kW x 480 | D17: ='20'!E17 -> 5658.4 | E17: ='Daily Meter'!L26 -> 5663 | F17: =(E17-D17)*480 -> 2208
A18: 6 | B18: Meter 7 - 06065283 | C18: kW x 480 | D18: ='20'!E18 -> 15225.5 | E18: ='Daily Meter'!M26 -> 15237.4 | F18: =(E18-D18)*480 -> 5712
B19: TOTAL ELECTRICAL CONS.(kWh) | F19: =SUM(F13:F18) -> 16656 | G19: =F19*0.43 -> 7162.08
A21: V | B21: GAS CONSUMPTION
A22: 1 | B22: MAIN LPG METER | C22: M3 | D22: ='20'!E22 -> 92625.4 | E22: ='Daily Meter'!N26 -> 92758.4 | F22: =E22-D22 -> 133
B23: L = m³ x 3.70 | C23: L | F23: =F22*3.7 -> 492.1 | G23: =F23*2.5 -> 1230.25
D26: Summary of Daily Hotel consumption
D27: Item measured | E27: Units | F27: Consumption | G27: AED
D28: Chilled water | E28: TR | F28: =F8 -> 6028.008 | G28: =G8 -> 3797.645
D29: DEWA Water | E29: imp. Gallon | F29: =F11 -> 38494.575 | G29: =G11 -> 2309.6745
D30: Electricity | E30: kwh | F30: =F19 -> 16656 | G30: =G19 -> 7162.08
D31: Gas | E31: m3 | F31: =F22 -> 133 | G31: =G23 -> 1230.25
F32: Total cost | G32: =SUM(G28:G31) -> 14499.65

Sheet 22
A1: ENGINEERING DEPARTMENT | H1: daily reading
A2: UTILITY CONSUMPTION SHEET
B3: ='1'!B3 -> JANUARY 2024 | C3: 22 | D3: % OCCUPANCY: | E3: ='Daily Meter'!O27 -> 80.18
A4: SR.NO | B4: ITEM MEASURED | D4: Previous Reading | E4: 4 AM Reading | F4: 24hrs CONSUMPTION | G4: Cost
A6: 1 | B6: DISTRICT COOLING PLANT
B7: Chilled Water | C7: MWH | D7: ='21'!E7 -> 53898.5 | E7: ='Daily Meter'!B27 -> 53918.4 | F7: =E7-D7 -> 19.9
C8: TR | F8: =F7*284.34 -> 5658.366 | G8: =F8*0.63 -> 3564.7706
A9: III | B9: WATER METERS
B10: Main DEWA Meter | C10: m3 | D10: ='21'!E10 -> 207416 | E10: ='Daily Meter'!C27 -> 207537 | F10: =E10-D10 -> 121
B11: Imperial Gallon = m³ x 219.969 | C11: IG | F11: =F10*219.969 -> 26616.249 | G11: =F11*0.06 -> 1596.9749
A12: IV | B12: ELECTRICAL METERS
A13: 1 | B13: Meter 1 - 06065253 | C13: kW x 480 | D13: ='21'!E13 -> 6703.7 | E13: ='Daily Meter'!H27 -> 6710.5 | F13: =(E13-D13)*480 -> 3264
A14: 2 | B14: Meter 2 - 06065255 | C14: kW x 480 | D14: ='21'!E14 -> 4046 | E14: ='Daily Meter'!I27 -> 4049.8 | F14: =(E14-D14)*480 -> 1824
A15: 3 | B15: Meter 3 - 06065259 | C15: kW x 480 | D15: ='21'!E15 -> 4323.7 | E15: ='Daily Meter'!J27 -> 4328.1 | F15: =(E15-D15)*480 -> 2112
A16: 4 | B16: Meter 4 - 06065262 | C16: kW x 480 | D16: ='21'!E16 -> 2416.6 | E16: ='Daily Meter'!K27 -> 2419.3 | F16: =(E16-D16)*480 -> 1296
A17: 5 | B17: Meter 6 - 06065269 | C17: kW x 480 | D17: ='21'!E17 -> 5663 | E17: ='Daily Meter'!L27 -> 5667.4 | F17: =(E17-D17)*480 -> 2112
A18: 6 | B18: Meter 7 - 06065283 | C18: kW x 480 | D18: ='21'!E18 -> 15237.4 | E18: ='Daily Meter'!M27 -> 15248.9 | F18: =(E18-D18)*480 -> 5520
B19: TOTAL ELECTRICAL CONS.(kWh) | F19: =SUM(F13:F18) -> 16128 | G19: =F19*0.43 -> 6935.04
A21: V | B21: GAS CONSUMPTION
A22: 1 | B22: MAIN LPG METER | C22: M3 | D22: ='21'!E22 -> 92758.4 | E22: ='Daily Meter'!N27 -> 92881.5 | F22: =E22-D22 -> 123.1
B23: L = m³ x 3.70 | C23: L | F23: =F22*3.7 -> 455.47 | G23: =F23*2.5 -> 1138.675
D26: Summary of Daily Hotel consumption
D27: Item measured | E27: Units | F27: Consumption | G27: AED
D28: Chilled water | E28: TR | F28: =F8 -> 5658.366 | G28: =G8 -> 3564.7706
D29: DEWA Water | E29: imp. Gallon | F29: =F11 -> 26616.249 | G29: =G11 -> 1596.9749
D30: Electricity | E30: kwh | F30: =F19 -> 16128 | G30: =G19 -> 6935.04
D31: Gas | E31: m3 | F31: =F22 -> 123.1 | G31: =G23 -> 1138.675
F32: Total cost | G32: =SUM(G28:G31) -> 13235.461

Sheet 23
A1: ENGINEERING DEPARTMENT | H1: daily reading
A2: UTILITY CONSUMPTION SHEET
B3: ='1'!B3 -> JANUARY 2024 | C3: 23 | D3: % OCCUPANCY: | E3: ='Daily Meter'!O28 -> 82.26
A4: SR.NO | B4: ITEM MEASURED | D4: Previous Reading | E4: 4 AM Reading | F4: 24hrs CONSUMPTION | G4: Cost
A6: 1 | B6: DISTRICT COOLING PLANT
B7: Chilled Water | C7: MWH | D7: ='22'!E7 -> 53918.4 | E7: ='Daily Meter'!B28 -> 53939.1 | F7: =E7-D7 -> 20.7
C8: TR | F8: =F7*284.34 -> 5885.838 | G8: =F8*0.63 -> 3708.0779
A9: III | B9: WATER METERS
B10: Main DEWA Meter | C10: m3 | D10: ='22'!E10 -> 207537 | E10: ='Daily Meter'!C28 -> 207739 | F10: =E10-D10 -> 202
B11: Imperial Gallon = m³ x 219.969 | C11: IG | F11: =F10*219.969 -> 44433.738 | G11: =F11*0.06 -> 2666.0243
A12: IV | B12: ELECTRICAL METERS
A13: 1 | B13: Meter 1 - 06065253 | C13: kW x 480 | D13: ='22'!E13 -> 6710.5 | E13: ='Daily Meter'!H28 -> 6717.5 | F13: =(E13-D13)*480 -> 3360
A14: 2 | B14: Meter 2 - 06065255 | C14: kW x 480 | D14: ='22'!E14 -> 4049.8 | E14: ='Daily Meter'!I28 -> 4053.8 | F14: =(E14-D14)*480 -> 1920
A15: 3 | B15: Meter 3 - 06065259 | C15: kW x 480 | D15: ='22'!E15 -> 4328.1 | E15: ='Daily Meter'!J28 -> 4332.4 | F15: =(E15-D15)*480 -> 2064
A16: 4 | B16: Meter 4 - 06065262 | C16: kW x 480 | D16: ='22'!E16 -> 2419.3 | E16: ='Daily Meter'!K28 -> 2422.1 | F16: =(E16-D16)*480 -> 1344
A17: 5 | B17: Meter 6 - 06065269 | C17: kW x 480 | D17: ='22'!E17 -> 5667.4 | E17: ='Daily Meter'!L28 -> 5671.9 | F17: =(E17-D17)*480 -> 2160
A18: 6 | B18: Meter 7 - 06065283 | C18: kW x 480 | D18: ='22'!E18 -> 15248.9 | E18: ='Daily Meter'!M28 -> 15260.8 | F18: =(E18-D18)*480 -> 5712
B19: TOTAL ELECTRICAL CONS.(kWh) | F19: =SUM(F13:F18) -> 16560 | G19: =F19*0.43 -> 7120.8
A21: V | B21: GAS CONSUMPTION
A22: 1 | B22: MAIN LPG METER | C22: M3 | D22: ='22'!E22 -> 92881.5 | E22: ='Daily Meter'!N28 -> 93014.8 | F22: =E22-D22 -> 133.3
B23: L = m³ x 3.70 | C23: L | F23: =F22*3.7 -> 493.21 | G23: =F23*2.5 -> 1233.025
D26: Summary of Daily Hotel consumption
D27: Item measured | E27: Units | F27: Consumption | G27: AED
D28: Chilled water | E28: TR | F28: =F8 -> 5885.838 | G28: =G8 -> 3708.0779
D29: DEWA Water | E29: imp. Gallon | F29: =F11 -> 44433.738 | G29: =G11 -> 2666.0243
D30: Electricity | E30: kwh | F30: =F19 -> 16560 | G30: =G19 -> 7120.8
D31: Gas | E31: m3 | F31: =F22 -> 133.3 | G31: =G23 -> 1233.025
F32: Total cost | G32: =SUM(G28:G31) -> 14727.927

Sheet 24
A1: ENGINEERING DEPARTMENT | H1: daily reading
A2: UTILITY CONSUMPTION SHEET
B3: ='1'!B3 -> JANUARY 2024 | C3: 24 | D3: % OCCUPANCY: | E3: ='Daily Meter'!O29 -> 84.56
A4: SR.NO | B4: ITEM MEASURED | D4: Previous Reading | E4: 4 AM Reading | F4: 24hrs CONSUMPTION | G4: Cost
A6: 1 | B6: DISTRICT COOLING PLANT
B7: Chilled Water | C7: MWH | D7: ='23'!E7 -> 53939.1 | E7: ='Daily Meter'!B29 -> 53960.7 | F7: =E7-D7 -> 21.6
C8: TR | F8: =F7*284.34 -> 6141.744 | G8: =F8*0.63 -> 3869.2987
A9: III | B9: WATER METERS
B10: Main DEWA Meter | C10: m3 | D10: ='23'!E10 -> 207739 | E10: ='Daily Meter'!C29 -> 207921 | F10: =E10-D10 -> 182
B11: Imperial Gallon = m³ x 219.969 | C11: IG | F11: =F10*219.969 -> 40034.358 | G11: =F11*0.06 -> 2402.0615
A12: IV | B12: ELECTRICAL METERS
A13: 1 | B13: Meter 1 - 06065253 | C13: kW x 480 | D13: ='23'!E13 -> 6717.5 | E13: ='Daily Meter'!H29 -> 6724.5 | F13: =(E13-D13)*480 -> 3360
A14: 2 | B14: Meter 2 - 06065255 | C14: kW x 480 | D14: ='23'!E14 -> 4053.8 | E14: ='Daily Meter'!I29 -> 4058 | F14: =(E14-D14)*480 -> 2016
A15: 3 | B15: Meter 3 - 06065259 | C15: kW x 480 | D15: ='23'!E15 -> 4332.4 | E15: ='Daily Meter'!J29 -> 4336.9 | F15: =(E15-D15)*480 -> 2160
A16: 4 | B16: Meter 4 - 06065262 | C16: kW x 480 | D16: ='23'!E16 -> 2422.1 | E16: ='Daily Meter'!K29 -> 2425.3 | F16: =(E16-D16)*480 -> 1536
A17: 5 | B17: Meter 6 - 06065269 | C17: kW x 480 | D17: ='23'!E17 -> 5671.9 | E17: ='Daily Meter'!L29 -> 5676.5 | F17: =(E17-D17)*480 -> 2208
A18: 6 | B18: Meter 7 - 06065283 | C18: kW x 480 | D18: ='23'!E18 -> 15260.8 | E18: ='Daily Meter'!M29 -> 15272.9 | F18: =(E18-D18)*480 -> 5808
B19: TOTAL ELECTRICAL CONS.(kWh) | F19: =SUM(F13:F18) -> 17088 | G19: =F19*0.43 -> 7347.84
A21: V | B21: GAS CONSUMPTION
A22: 1 | B22: MAIN LPG METER | C22: M3 | D22: ='23'!E22 -> 93014.8 | E22: ='Daily Meter'!N29 -> 93151.1 | F22: =E22-D22 -> 136.3
B23: L = m³ x 3.70 | C23: L | F23: =F22*3.7 -> 504.31 | G23: =F23*2.5 -> 1260.775
D26: Summary of Daily Hotel consumption
D27: Item measured | E27: Units | F27: Consumption | G27: AED
D28: Chilled water | E28: TR | F28: =F8 -> 6141.744 | G28: =G8 -> 3869.2987
D29: DEWA Water | E29: imp. Gallon | F29: =F11 -> 40034.358 | G29: =G11 -> 2402.0615
D30: Electricity | E30: kwh | F30: =F19 -> 17088 | G30: =G19 -> 7347.84
D31: Gas | E31: m3 | F31: =F22 -> 136.3 | G31: =G23 -> 1260.775
F32: Total cost | G32: =SUM(G28:G31) -> 14879.975

Sheet 25
A1: ENGINEERING DEPARTMENT | H1: daily reading
A2: UTILITY CONSUMPTION SHEET
B3: ='1'!B3 -> JANUARY 2024 | C3: 25 | D3: % OCCUPANCY: | E3: ='Daily Meter'!O30 -> 93.78
A4: SR.NO | B4: ITEM MEASURED | D4: Previous Reading | E4: 4 AM Reading | F4: 24hrs CONSUMPTION | G4: Cost
A6: 1 | B6: DISTRICT COOLING PLANT
B7: Chilled Water | C7: MWH | D7: ='24'!E7 -> 53960.7 | E7: ='Daily Meter'!B30 -> 53979.8 | F7: =E7-D7 -> 19.1
C8: TR | F8: =F7*284.34 -> 5430.894 | G8: =F8*0.63 -> 3421.4632
A9: III | B9: WATER METERS
B10: Main DEWA Meter | C10: m3 | D10: ='24'!E10 -> 207921 | E10: ='Daily Meter'!C30 -> 208093 | F10: =E10-D10 -> 172
B11: Imperial Gallon = m³ x 219.969 | C11: IG | F11: =F10*219.969 -> 37834.668 | G11: =F11*0.06 -> 2270.0801
A12: IV | B12: ELECTRICAL METERS
A13: 1 | B13: Meter 1 - 06065253 | C13: kW x 480 | D13: ='24'!E13 -> 6724.5 | E13: ='Daily Meter'!H30 -> 6731.5 | F13: =(E13-D13)*480 -> 3360
A14: 2 | B14: Meter 2 - 06065255 | C14: kW x 480 | D14: ='24'!E14 -> 4058 | E14: ='Daily Meter'!I30 -> 4062.2 | F14: =(E14-D14)*480 -> 2016
A15: 3 | B15: Meter 3 - 06065259 | C15: kW x 480 | D15: ='24'!E15 -> 4336.9 | E15: ='Daily Meter'!J30 -> 4341.4 | F15: =(E15-D15)*480 -> 2160
A16: 4 | B16: Meter 4 - 06065262 | C16: kW x 480 | D16: ='24'!E16 -> 2425.3 | E16: ='Daily Meter'!K30 -> 2428.3 | F16: =(E16-D16)*480 -> 1440
A17: 5 | B17: Meter 6 - 06065269 | C17: kW x 480 | D17: ='24'!E17 -> 5676.5 | E17: ='Daily Meter'!L30 -> 5681 | F17: =(E17-D17)*480 -> 2160
A18: 6 | B18: Meter 7 - 06065283 | C18: kW x 480 | D18: ='24'!E18 -> 15272.9 | E18: ='Daily Meter'!M30 -> 15284.7 | F18: =(E18-D18)*480 -> 5664
B19: TOTAL ELECTRICAL CONS.(kWh) | F19: =SUM(F13:F18) -> 16800 | G19: =F19*0.43 -> 7224
A21: V | B21: GAS CONSUMPTION
A22: 1 | B22: MAIN LPG METER | C22: M3 | D22: ='24'!E22 -> 93151.1 | E22: ='Daily Meter'!N30 -> 93278.7 | F22: =E22-D22 -> 127.6
B23: L = m³ x 3.70 | C23: L | F23: =F22*3.7 -> 472.12 | G23: =F23*2.5 -> 1180.3
D26: Summary of Daily Hotel consumption
D27: Item measured | E27: Units | F27: Consumption | G27: AED
D28: Chilled water | E28: TR | F28: =F8 -> 5430.894 | G28: =G8 -> 3421.4632
D29: DEWA Water | E29: imp. Gallon | F29: =F11 -> 37834.668 | G29: =G11 -> 2270.0801
D30: Electricity | E30: kwh | F30: =F19 -> 16800 | G30: =G19 -> 7224
D31: Gas | E31: m3 | F31: =F22 -> 127.6 | G31: =G23 -> 1180.3
F32: Total cost | G32: =SUM(G28:G31) -> 14095.843

Sheet 26
A1: ENGINEERING DEPARTMENT | H1: daily reading
A2: UTILITY CONSUMPTION SHEET
B3: ='1'!B3 -> JANUARY 2024 | C3: 26 | D3: % OCCUPANCY: | E3: ='Daily Meter'!O31 -> 0
A4: SR.NO | B4: ITEM MEASURED | D4: Previous Reading | E4: 4 AM Reading | F4: 24hrs CONSUMPTION | G4: Cost
A6: 1 | B6: DISTRICT COOLING PLANT
B7: Chilled Water | C7: MWH | D7: ='25'!E7:E7 -> 53979.8 | E7: ='Daily Meter'!B31 -> 54000.1 | F7: =E7-D7 -> 20.3
C8: TR | F8: =F7*284.34 -> 5772.102 | G8: =F8*0.63 -> 3636.4243
A9: III | B9: WATER METERS
B10: Main DEWA Meter | C10: m3 | D10: ='25'!E10 -> 208093 | E10: ='Daily Meter'!C31 -> 208262 | F10: =E10-D10 -> 169
B11: Imperial Gallon = m³ x 219.969 | C11: IG | F11: =F10*219.969 -> 37174.761 | G11: =F11*0.06 -> 2230.4857
A12: IV | B12: ELECTRICAL METERS
A13: 1 | B13: Meter 1 - 06065253 | C13: kW x 480 | D13: ='25'!E13 -> 6731.5 | E13: ='Daily Meter'!H31 -> 6738.4 | F13: =(E13-D13)*480 -> 3312
A14: 2 | B14: Meter 2 - 06065255 | C14: kW x 480 | D14: ='25'!E14 -> 4062.2 | E14: ='Daily Meter'!I31 -> 4066.3 | F14: =(E14-D14)*480 -> 1968
A15: 3 | B15: Meter 3 - 06065259 | C15: kW x 480 | D15: ='25'!E15 -> 4341.4 | E15: ='Daily Meter'!J31 -> 4345.8 | F15: =(E15-D15)*480 -> 2112
A16: 4 | B16: Meter 4 - 06065262 | C16: kW x 480 | D16: ='25'!E16 -> 2428.3 | E16: ='Daily Meter'!K31 -> 2431.4 | F16: =(E16-D16)*480 -> 1488
A17: 5 | B17: Meter 6 - 06065269 | C17: kW x 480 | D17: ='25'!E17 -> 5681 | E17: ='Daily Meter'!L31 -> 5685.5 | F17: =(E17-D17)*480 -> 2160
A18: 6 | B18: Meter 7 - 06065283 | C18: kW x 480 | D18: ='25'!E18 -> 15284.7 | E18: ='Daily Meter'!M31 -> 15296.5 | F18: =(E18-D18)*480 -> 5664
B19: TOTAL ELECTRICAL CONS.(kWh) | F19: =SUM(F13:F18) -> 16704 | G19: =F19*0.43 -> 7182.72
A21: V | B21: GAS CONSUMPTION
A22: 1 | B22: MAIN LPG METER | C22: M3 | D22: ='25'!E22 -> 93278.7 | E22: ='Daily Meter'!N31 -> 93412.3 | F22: =E22-D22 -> 133.6
B23: L = m³ x 3.70 | C23: L | F23: =F22*3.7 -> 494.32 | G23: =F23*2.5 -> 1235.8
D26: Summary of Daily Hotel consumption
D27: Item measured | E27: Units | F27: Consumption | G27: AED
D28: Chilled water | E28: TR | F28: =F8 -> 5772.102 | G28: =G8 -> 3636.4243
D29: DEWA Water | E29: imp. Gallon | F29: =F11 -> 37174.761 | G29: =G11 -> 2230.4857
D30: Electricity | E30: kwh | F30: =F19 -> 16704 | G30: =G19 -> 7182.72
D31: Gas | E31: m3 | F31: =F22 -> 133.6 | G31: =G23 -> 1235.8
F32: Total cost | G32: =SUM(G28:G31) -> 14285.43

Sheet 27
A1: ENGINEERING DEPARTMENT | H1: daily reading
A2: UTILITY CONSUMPTION SHEET
B3: ='1'!B3 -> JANUARY 2024 | C3: 27 | D3: % OCCUPANCY: | E3: ='Daily Meter'!O32 -> 0
A4: SR.NO | B4: ITEM MEASURED | D4: Previous Reading | E4: 4 AM Reading | F4: 24hrs CONSUMPTION | G4: Cost
A6: 1 | B6: DISTRICT COOLING PLANT
B7: Chilled Water | C7: MWH | D7: ='26'!E7 -> 54000.1 | E7: ='Daily Meter'!B32 -> 0 | F7: =E7-D7 -> -54000.1
C8: TR | F8: =F7*284.34 -> -15354388 | G8: =F8*0.63 -> -9673264.7
A9: III | B9: WATER METERS
B10: Main DEWA Meter | C10: m3 | D10: ='26'!E10 -> 208262 | E10: ='Daily Meter'!C32 -> 0 | F10: =E10-D10 -> -208262
B11: Imperial Gallon = m³ x 219.969 | C11: IG | F11: =F10*219.969 -> -45811184 | G11: =F11*0.06 -> -2748671
A12: IV | B12: ELECTRICAL METERS
A13: 1 | B13: Meter 1 - 06065253 | C13: kW x 480 | D13: ='26'!E13 -> 6738.4 | E13: ='Daily Meter'!H32 -> 0 | F13: =(E13-D13)*480 -> -3234432
A14: 2 | B14: Meter 2 - 06065255 | C14: kW x 480 | D14: ='26'!E14 -> 4066.3 | E14: ='Daily Meter'!I32 -> 0 | F14: =(E14-D14)*480 -> -1951824
A15: 3 | B15: Meter 3 - 06065259 | C15: kW x 480 | D15: ='26'!E15 -> 4345.8 | E15: ='Daily Meter'!J32 -> 0 | F15: =(E15-D15)*480 -> -2085984
A16: 4 | B16: Meter 4 - 06065262 | C16: kW x 480 | D16: ='26'!E16 -> 2431.4 | E16: ='Daily Meter'!K32 -> 0 | F16: =(E16-D16)*480 -> -1167072
A17: 5 | B17: Meter 6 - 06065269 | C17: kW x 480 | D17: ='26'!E17 -> 5685.5 | E17: ='Daily Meter'!L32 -> 0 | F17: =(E17-D17)*480 -> -2729040
A18: 6 | B18: Meter 7 - 06065283 | C18: kW x 480 | D18: ='26'!E18 -> 15296.5 | E18: ='Daily Meter'!M32 -> 0 | F18: =(E18-D18)*480 -> -7342320
B19: TOTAL ELECTRICAL CONS.(kWh) | F19: =SUM(F13:F18) -> -18510672 | G19: =F19*0.43 -> -7959589
A21: V | B21: GAS CONSUMPTION
A22: 1 | B22: MAIN LPG METER | C22: M3 | D22: ='26'!E22 -> 93412.3 | E22: ='Daily Meter'!N32 -> 0 | F22: =E22-D22 -> -93412.3
B23: L = m³ x 3.70 | C23: L | F23: =F22*3.7 -> -345625.51 | G23: =F23*2.5 -> -864063.78
D26: Summary of Daily Hotel consumption
D27: Item measured | E27: Units | F27: Consumption | G27: AED
D28: Chilled water | E28: TR | F28: =F8 -> -15354388 | G28: =G8 -> -9673264.7
D29: DEWA Water | E29: imp. Gallon | F29: =F11 -> -45811184 | G29: =G11 -> -2748671
D30: Electricity | E30: kwh | F30: =F19 -> -18510672 | G30: =G19 -> -7959589
D31: Gas | E31: m3 | F31: =F22 -> -93412.3 | G31: =G23 -> -864063.78
F32: Total cost | G32: =SUM(G28:G31) -> -21245588

Sheet 28
A1: ENGINEERING DEPARTMENT | H1: daily reading
A2: UTILITY CONSUMPTION SHEET
B3: ='1'!B3 -> JANUARY 2024 | C3: 28 | D3: % OCCUPANCY: | E3: ='Daily Meter'!O33 -> 0
A4: SR.NO | B4: ITEM MEASURED | D4: Previous Reading | E4: 4 AM Reading | F4: 24hrs CONSUMPTION | G4: Cost
A6: 1 | B6: DISTRICT COOLING PLANT
B7: Chilled Water | C7: MWH | D7: ='27'!E7 -> 0 | E7: ='Daily Meter'!B33 -> 0 | F7: =E7-D7 -> 0
C8: TR | F8: =F7*284.34 -> 0 | G8: =F8*0.63 -> 0
A9: III | B9: WATER METERS
B10: Main DEWA Meter | C10: m3 | D10: ='27'!E10 -> 0 | E10: ='Daily Meter'!C33 -> 0 | F10: =E10-D10 -> 0
B11: Imperial Gallon = m³ x 219.969 | C11: IG | F11: =F10*219.969 -> 0 | G11: =F11*0.06 -> 0
A12: IV | B12: ELECTRICAL METERS
A13: 1 | B13: Meter 1 - 06065253 | C13: kW x 480 | D13: ='27'!E13 -> 0 | E13: ='Daily Meter'!H33 -> 0 | F13: =(E13-D13)*480 -> 0
A14: 2 | B14: Meter 2 - 06065255 | C14: kW x 480 | D14: ='27'!E14 -> 0 | E14: ='Daily Meter'!I33 -> 0 | F14: =(E14-D14)*480 -> 0
A15: 3 | B15: Meter 3 - 06065259 | C15: kW x 480 | D15: ='27'!E15 -> 0 | E15: ='Daily Meter'!J33 -> 0 | F15: =(E15-D15)*480 -> 0
A16: 4 | B16: Meter 4 - 06065262 | C16: kW x 480 | D16: ='27'!E16 -> 0 | E16: ='Daily Meter'!K33 -> 0 | F16: =(E16-D16)*480 -> 0
A17: 5 | B17: Meter 6 - 06065269 | C17: kW x 480 | D17: ='27'!E17 -> 0 | E17: ='Daily Meter'!L33 -> 0 | F17: =(E17-D17)*480 -> 0
A18: 6 | B18: Meter 7 - 06065283 | C18: kW x 480 | D18: ='27'!E18 -> 0 | E18: ='Daily Meter'!M33 -> 0 | F18: =(E18-D18)*480 -> 0
B19: TOTAL ELECTRICAL CONS.(kWh) | F19: =SUM(F13:F18) -> 0 | G19: =F19*0.43 -> 0
A21: V | B21: GAS CONSUMPTION
A22: 1 | B22: MAIN LPG METER | C22: M3 | D22: ='27'!E22 -> 0 | E22: ='Daily Meter'!N33 -> 0 | F22: =E22-D22 -> 0
B23: L = m³ x 3.70 | C23: L | F23: =F22*3.7 -> 0 | G23: =F23*2.5 -> 0
D26: Summary of Daily Hotel consumption
D27: Item measured | E27: Units | F27: Consumption | G27: AED
D28: Chilled water | E28: TR | F28: =F8 -> 0 | G28: =G8 -> 0
D29: DEWA Water | E29: imp. Gallon | F29: =F11 -> 0 | G29: =G11 -> 0
D30: Electricity | E30: kwh | F30: =F19 -> 0 | G30: =G19 -> 0
D31: Gas | E31: m3 | F31: =F22 -> 0 | G31: =G23 -> 0
F32: Total cost | G32: =SUM(G28:G31) -> 0

Sheet 29
A1: ENGINEERING DEPARTMENT | H1: daily reading
A2: UTILITY CONSUMPTION SHEET
B3: ='1'!B3 -> JANUARY 2024 | C3: 29 | D3: % OCCUPANCY: | E3: ='Daily Meter'!O34 -> 0
A4: SR.NO | B4: ITEM MEASURED | D4: Previous Reading | E4: 4 AM Reading | F4: 24hrs CONSUMPTION | G4: Cost
A6: 1 | B6: DISTRICT COOLING PLANT
B7: Chilled Water | C7: MWH | D7: ='28'!E7 -> 0 | E7: ='Daily Meter'!B34 -> 0 | F7: =E7-D7 -> 0
C8: TR | F8: =F7*284.34 -> 0 | G8: =F8*0.63 -> 0
A9: III | B9: WATER METERS
B10: Main DEWA Meter | C10: m3 | D10: ='28'!E10 -> 0 | E10: ='Daily Meter'!C34 -> 0 | F10: =E10-D10 -> 0
B11: Imperial Gallon = m³ x 219.969 | C11: IG | F11: =F10*219.969 -> 0 | G11: =F11*0.06 -> 0
A12: IV | B12: ELECTRICAL METERS
A13: 1 | B13: Meter 1 - 06065253 | C13: kW x 480 | D13: ='28'!E13 -> 0 | E13: ='Daily Meter'!H34 -> 0 | F13: =(E13-D13)*480 -> 0
A14: 2 | B14: Meter 2 - 06065255 | C14: kW x 480 | D14: ='28'!E14 -> 0 | E14: ='Daily Meter'!I34 -> 0 | F14: =(E14-D14)*480 -> 0
A15: 3 | B15: Meter 3 - 06065259 | C15: kW x 480 | D15: ='28'!E15 -> 0 | E15: ='Daily Meter'!J34 -> 0 | F15: =(E15-D15)*480 -> 0
A16: 4 | B16: Meter 4 - 06065262 | C16: kW x 480 | D16: ='28'!E16 -> 0 | E16: ='Daily Meter'!K34 -> 0 | F16: =(E16-D16)*480 -> 0
A17: 5 | B17: Meter 6 - 06065269 | C17: kW x 480 | D17: ='28'!E17 -> 0 | E17: ='Daily Meter'!L34 -> 0 | F17: =(E17-D17)*480 -> 0
A18: 6 | B18: Meter 7 - 06065283 | C18: kW x 480 | D18: ='28'!E18 -> 0 | E18: ='Daily Meter'!M34 -> 0 | F18: =(E18-D18)*480 -> 0
B19: TOTAL ELECTRICAL CONS.(kWh) | F19: =SUM(F13:F18) -> 0 | G19: =F19*0.43 -> 0
A21: V | B21: GAS CONSUMPTION
A22: 1 | B22: MAIN LPG METER | C22: M3 | D22: ='28'!E22 -> 0 | E22: ='Daily Meter'!N34 -> 0 | F22: =E22-D22 -> 0
B23: L = m³ x 3.70 | C23: L | F23: =F22*3.7 -> 0 | G23: =F23*2.5 -> 0
D26: Summary of Daily Hotel consumption
D27: Item measured | E27: Units | F27: Consumption | G27: AED
D28: Chilled water | E28: TR | F28: =F8 -> 0 | G28: =G8 -> 0
D29: DEWA Water | E29: imp. Gallon | F29: =F11 -> 0 | G29: =G11 -> 0
D30: Electricity | E30: kwh | F30: =F19 -> 0 | G30: =G19 -> 0
D31: Gas | E31: m3 | F31: =F22 -> 0 | G31: =G23 -> 0
F32: Total cost | G32: =SUM(G28:G31) -> 0

Sheet 30
A1: ENGINEERING DEPARTMENT | H1: daily reading
A2: UTILITY CONSUMPTION SHEET
B3: ='1'!B3 -> JANUARY 2024 | C3: 30 | D3: % OCCUPANCY: | E3: ='Daily Meter'!O35 -> 0
A4: SR.NO | B4: ITEM MEASURED | D4: Previous Reading | E4: 4 AM Reading | F4: 24hrs CONSUMPTION | G4: Cost
A6: 1 | B6: DISTRICT COOLING PLANT
B7: Chilled Water | C7: MWH | D7: ='29'!E7 -> 0 | E7: ='Daily Meter'!B35 -> 0 | F7: =E7-D7 -> 0
C8: TR | F8: =F7*284.34 -> 0 | G8: =F8*0.63 -> 0
A9: III | B9: WATER METERS
B10: Main DEWA Meter | C10: m3 | D10: ='29'!E10 -> 0 | E10: ='Daily Meter'!C35 -> 0 | F10: =E10-D10 -> 0
B11: Imperial Gallon = m³ x 219.969 | C11: IG | F11: =F10*219.969 -> 0 | G11: =F11*0.06 -> 0
A12: IV | B12: ELECTRICAL METERS
A13: 1 | B13: Meter 1 - 06065253 | C13: kW x 480 | D13: ='29'!E13 -> 0 | E13: ='Daily Meter'!H35 -> 0 | F13: =(E13-D13)*480 -> 0
A14: 2 | B14: Meter 2 - 06065255 | C14: kW x 480 | D14: ='29'!E14 -> 0 | E14: ='Daily Meter'!I35 -> 0 | F14: =(E14-D14)*480 -> 0
A15: 3 | B15: Meter 3 - 06065259 | C15: kW x 480 | D15: ='29'!E15 -> 0 | E15: ='Daily Meter'!J35 -> 0 | F15: =(E15-D15)*480 -> 0
A16: 4 | B16: Meter 4 - 06065262 | C16: kW x 480 | D16: ='29'!E16 -> 0 | E16: ='Daily Meter'!K35 -> 0 | F16: =(E16-D16)*480 -> 0
A17: 5 | B17: Meter 6 - 06065269 | C17: kW x 480 | D17: ='29'!E17 -> 0 | E17: ='Daily Meter'!L35 -> 0 | F17: =(E17-D17)*480 -> 0
A18: 6 | B18: Meter 7 - 06065283 | C18: kW x 480 | D18: ='29'!E18 -> 0 | E18: ='Daily Meter'!M35 -> 0 | F18: =(E18-D18)*480 -> 0
B19: TOTAL ELECTRICAL CONS.(kWh) | F19: =SUM(F13:F18) -> 0 | G19: =F19*0.43 -> 0
A21: V | B21: GAS CONSUMPTION
A22: 1 | B22: MAIN LPG METER | C22: M3 | D22: ='29'!E22 -> 0 | E22: ='Daily Meter'!N35 -> 0 | F22: =E22-D22 -> 0
B23: L = m³ x 3.70 | C23: L | F23: =F22*3.7 -> 0 | G23: =F23*2.5 -> 0
D26: Summary of Daily Hotel consumption
D27: Item measured | E27: Units | F27: Consumption | G27: AED
D28: Chilled water | E28: TR | F28: =F8 -> 0 | G28: =G8 -> 0
D29: DEWA Water | E29: imp. Gallon | F29: =F11 -> 0 | G29: =G11 -> 0
D30: Electricity | E30: kwh | F30: =F19 -> 0 | G30: =G19 -> 0
D31: Gas | E31: m3 | F31: =F22 -> 0 | G31: =G23 -> 0
F32: Total cost | G32: =SUM(G28:G31) -> 0

Sheet 31
A1: ENGINEERING DEPARTMENT | H1: daily reading
A2: UTILITY CONSUMPTION SHEET
B3: ='1'!B3 -> JANUARY 2024 | C3: 31 | D3: % OCCUPANCY: | E3: ='Daily Meter'!O37 -> 69.4396
A4: SR.NO | B4: ITEM MEASURED | D4: Previous Reading | E4: 4 AM Reading | F4: 24hrs CONSUMPTION | G4: Cost
A6: 1 | B6: DISTRICT COOLING PLANT
B7: Chilled Water | C7: MWH | D7: ='30'!E7 -> 0 | E7: ='Daily Meter'!B36 -> 0 | F7: =E7-D7 -> 0
C8: TR | F8: =F7*284.34 -> 0 | G8: =F8*0.63 -> 0
A9: III | B9: WATER METERS
B10: Main DEWA Meter | C10: m3 | D10: ='30'!E10 -> 0 | E10: ='Daily Meter'!C36 -> 0 | F10: =E10-D10 -> 0
B11: Imperial Gallon = m³ x 219.969 | C11: IG | F11: =F10*219.969 -> 0 | G11: =F11*0.06 -> 0
A12: IV | B12: ELECTRICAL METERS
A13: 1 | B13: Meter 1 - 06065253 | C13: kW x 480 | D13: ='30'!E13 -> 0 | E13: ='Daily Meter'!H36 -> 0 | F13: =(E13-D13)*480 -> 0
A14: 2 | B14: Meter 2 - 06065255 | C14: kW x 480 | D14: ='30'!E14 -> 0 | E14: ='Daily Meter'!I36 -> 0 | F14: =(E14-D14)*480 -> 0
A15: 3 | B15: Meter 3 - 06065259 | C15: kW x 480 | D15: ='30'!E15 -> 0 | E15: ='Daily Meter'!J36 -> 0 | F15: =(E15-D15)*480 -> 0
A16: 4 | B16: Meter 4 - 06065262 | C16: kW x 480 | D16: ='30'!E16 -> 0 | E16: ='Daily Meter'!K36 -> 0 | F16: =(E16-D16)*480 -> 0
A17: 5 | B17: Meter 6 - 06065269 | C17: kW x 480 | D17: ='30'!E17 -> 0 | E17: ='Daily Meter'!L36 -> 0 | F17: =(E17-D17)*480 -> 0
A18: 6 | B18: Meter 7 - 06065283 | C18: kW x 480 | D18: ='30'!E18 -> 0 | E18: ='Daily Meter'!M36 -> 0 | F18: =(E18-D18)*480 -> 0
B19: TOTAL ELECTRICAL CONS.(kWh) | F19: =SUM(F13:F18) -> 0 | G19: =F19*0.43 -> 0
A21: V | B21: GAS CONSUMPTION
A22: 1 | B22: MAIN LPG METER | C22: M3 | D22: ='30'!E22 -> 0 | E22: ='Daily Meter'!N36 -> 0 | F22: =E22-D22 -> 0
B23: L = m³ x 3.70 | C23: L | F23: =F22*3.7 -> 0 | G23: =F23*2.5 -> 0
D26: Summary of Daily Hotel consumption
D27: Item measured | E27: Units | F27: Consumption | G27: AED
D28: Chilled water | E28: TR | F28: =F8 -> 0 | G28: =G8 -> 0
D29: DEWA Water | E29: imp. Gallon | F29: =F11 -> 0 | G29: =G11 -> 0
D30: Electricity | E30: kwh | F30: =F19 -> 0 | G30: =G19 -> 0
D31: Gas | E31: m3 | F31: =F22 -> 0 | G31: =G23 -> 0
F32: Total cost | G32: =SUM(G28:G31) -> 0

Sheet nov. 19 to dec. 
A1: ENGINEERING DEPARTMENT | P1: 1st
A3: UTILITY CONSUMPTION SHEET | P3: daily reading
A4: Date: November 19 to December , 2023 | D4: %Occupancy: | F4: Rooms:
A5: SR.NO | B5: ITEM MEASURED | D5: Previous Reading | E5: Current Month Reading | F5: ACTUAL TOTAL CONSUMPTION | G5: vs. MONTHLY TARGET | H5: ACTUAL EMPOWER BILL
D6: November 19 | E6: December 16
A7: 1 | B7: DISTRICT COOLING PLANT
B8: Chilled Water | C8: MWH | D8: 53103.1 | E8: 53103.1 | F8: =E8-D8 -> 0
C9: RTH (MWH X 284.35) | F9: =F8*284.35 -> 0
B10: Cost (Consumption Charges: 0.568 aed) | F10: =F9*0.568 -> 0
B11: Cost (Fuel Charges: 0.075 aed) | F11: =F9*0.075 -> 0
B12: Total Cost | F12: =F10+F11 -> 0 | G12: ='dec. 1 to 31'!G12 -> 250000
B13: plus contracted load (aed 3,082.2per mo.) | F13: =(3082.2*30) -> 92466 | G13: ='dec. 1 to 31'!G13 -> 95548.2 | H13: =F13 -> 92466
F14: =SUM(F12+F13) -> 92466 | G14: =SUM(G12:G13) -> 345548.2 | H14: =SUM(H12:H13) -> 92466
A15: III | B15: WATER METERS | G15: difference: | H15: =(F14-H14) -> 0
B16: Main DEWA Meter | C16: m3 | F16: =E16-D16 -> 0 | G16: empower bill is lower
C17: Imperial Gallon (M: m3 x 219.969) | F17: =F16*219.969 -> 0
B18: Cost (first 10,000: .0350 aed) | F18: 350
B19: Cost (second 10,000: .040 aed) | F19: 400
B20: Cost (above 20,000: .046 aed) | F20: =SUM(F17-20000)*0.046 -> -920
B21: Cost (Fuel Charges: 0.005 aed) | F21: =F17*0.005 -> 0
B22: Cost (Sewerage Fee: 0.010 aed) | F22: =F17*0.01 -> 0
B23: Total Cost | F23: =SUM(F18:F22) -> -170 | G23: ='dec. 1 to 31'!G23 -> 59385
A24: IV | B24: ELECTRICAL METERS
A25: 1 | B25: Meter 1 - 06065253 | C25: kW x 480 | F25: =(E25-D25)*480 -> 0
A26: 2 | B26: Meter 2 - 06065255 | C26: kW x 480 | F26: =(E26-D26)*480 -> 0
A27: 3 | B27: Meter 3 - 06065259 | C27: kW x 480 | F27: =(E27-D27)*480 -> 0
A28: 4 | B28: Meter 4 - 06065262 | C28: kW x 480 | F28: =(E28-D28)*480 -> 0
A29: 5 | B29: Meter 6 - 06065269 | C29: kW x 480 | F29: =(E29-D29)*480 -> 0
A30: 6 | B30: Meter 7 - 06065283 | C30: kW x 480 | F30: =(E30-D30)*480 -> 0
B31: TOTAL ELECTRICAL CONS. (kWh) | F31: =SUM(F25:F30) -> 0
B32: Cost (first 2,000: 0.23 aed) | F32: 460
B33: Cost (second 2,000: 0.28 aed) | F33: 560
B34: Cost (third 2,000: 0.32 aed) | F34: 640
B35: Cost (above 6,000: 0.38 aed) | F35: =SUM(F31-6000)*0.38 -> -2280
B36: Cost (Fuel Charges: 0.065 aed) | F36: =F31*0.065 -> 0
B37: Total Cost | F37: =SUM(F32:F36) -> -620 | G37: ='dec. 1 to 31'!G37 -> 281577
A38: V | B38: GAS CONSUMPTION
A39: 1 | B39: MAIN LPG METER
C40: m³ | F40: =E40-D40 -> 0
C41: Liters (m³ X 3.70) | F41: =F40*3.7 -> 0
B42: Cost (Consumption Charges: 2.50 aed) | F42: =F41*2.5 -> 0 | G42: ='dec. 1 to 31'!G42 -> 13040
B44: Summary of Daily Hotel consumption
B45: Item measured | C45: Units | D45: Consumption | E45: AED (w/o VAT)
B46: Chilled water | C46: TR | D46: =F9 -> 0 | E46: =F12 -> 0
B47: DEWA Water | C47: Imperial Gallon | D47: =F17 -> 0 | E47: =F23 -> -170
B48: Electricity | C48: kWh | D48: =F31 -> 0 | E48: =F37 -> -620
B49: Gas | C49: m³ | D49: =F40 -> 0 | E49: =F42 -> 0
D50: Total Cost: | E50: =SUM(E46:E49) -> -790

Sheet dec. 1 to 31
A1: ENGINEERING DEPARTMENT
A3: UTILITY CONSUMPTION SHEET
A4: Date: December 1 - 31, 2023 | C4: Total Occ. Rooms: | E4: %Occupancy:
A5: SR.NO | B5: ITEM MEASURED | D5: Previous Reading | E5: Current Month Reading | F5: TOTAL CONSUMPTION | G5: vs. MONTHLY TARGET
D6: Nov. 30 | E6: Dec. 31
A7: 1 | B7: DISTRICT COOLING PLANT | N7: 1st
B8: Chilled Water | C8: MWH | D8: 53446.3 | E8: 53446.3 | F8: =E8-D8 -> 0
C9: RTH (MWH X 284.35) | F9: =F8*284.35 -> 0
B10: Cost (Consumption Charges: 0.568 aed) | F10: =F9*0.568 -> 0
B11: Cost (Fuel Charges: 0.075 aed) | F11: =F9*0.075 -> 0
B12: Total Cost | F12: =F10+F11 -> 0 | G12: 250000
B13: plus contracted load (aed 3,082.2 per mo.) | F13: =(3082.2*30) -> 92466 | G13: 95548.2
F14: =(F12+F13) -> 92466 | G14: =SUM(G12:G13) -> 345548.2
A15: III | B15: WATER METERS
B16: Main DEWA Meter | C16: m3 | D16: 203437 | E16: 203437 | F16: =E16-D16 -> 0
C17: Imperial Gallon (M: m3 X 219.969) | F17: =F16*219.969 -> 0
B18: Cost (first 10,000: .0350 aed) | F18: 350
B19: Cost (second 10,000: .040 aed) | F19: 400
B20: Cost (above 20,000: .046 aed) | F20: =SUM(F17-20000)*0.046 -> -920
B21: Cost (Fuel Charges: 0.005 aed) | F21: =F17*0.005 -> 0
B22: Cost (Sewerage Fee: 0.010 aed) | F22: =F17*0.01 -> 0
B23: Total Cost | F23: =SUM(F18:F22) -> -170 | G23: 59385
A24: IV | B24: ELECTRICAL METERS | K24: 1 | L24: 2 | M24: 3 | N24: 4 | O24: 6 | P24: 7
A25: 1 | B25: Meter 1 - 06065253 -- 3004260732 | C25: kW x 480 | D25: 6559.3 | E25: 6559.3 | F25: =(E25-D25)*480 -> 0 | H25: =(F25*0.065) -> 0 | K25: =H25 -> 0 | L25: =H26 -> 0 | M25: =H27 -> 0 | N25: =H28 -> 0 | O25: =H29 -> 0 | P25: =H30 -> 0
A26: 2 | B26: Meter 2 - 06065255 -- 3004260743 | C26: kW x 480 | D26: 3966.1 | E26: 3966.1 | F26: =(E26-D26)*480 -> 0 | H26: =(F26*0.065) -> 0 | K26: 1660 | L26: 1660 | M26: 1660 | N26: 1660 | O26: 1660 | P26: 1660
A27: 3 | B27: Meter 3 - 06065259 -- 3004260754 | C27: kW x 480 | D27: 4228.9 | E27: 4228.9 | F27: =(E27-D27)*480 -> 0 | H27: =(F27*0.065) -> 0 | K27: =SUM(F25-6000)*0.38 -> -2280 | L27: =SUM(F26-6000)*0.38 -> -2280 | M27: =SUM(F27-6000)*0.38 -> -2280 | N27: =SUM(F28-6000)*0.38 -> -2280 | O27: =SUM(F29-6000)*0.38 -> -2280 | P27: =SUM(F30-6000)*0.38 -> -2280
A28: 4 | B28: Meter 4 - 06065262 -- 3004260765 | C28: kW x 480 | D28: 2358.9 | E28: 2358.9 | F28: =(E28-D28)*480 -> 0 | H28: =(F28*0.065) -> 0 | K28: =SUM(K25:K27) -> -620 | L28: =SUM(L25:L27) -> -620 | M28: =SUM(M25:M27) -> -620 | N28: =SUM(N25:N27) -> -620 | O28: =SUM(O25:O27) -> -620 | P28: =SUM(P25:P27) -> -620
A29: 5 | B29: Meter 6 - 06065269 -- 3004260776 | C29: kW x 480 | D29: 5569.2 | E29: 5569.2 | F29: =(E29-D29)*480 -> 0 | H29: =(F29*0.065) -> 0
A30: 6 | B30: Meter 7 - 06065283 -- 3004260787 | C30: kW x 480 | D30: 15010.6 | E30: 15010.6 | F30: =(E30-D30)*480 -> 0 | H30: =(F30*0.065) -> 0
B31: TOTAL ELECTRICAL CONS. (kWh) | F31: =SUM(F25:F30) -> 0
B32: Cost (first 2,000: 0.23 aed) | F32: 460
B33: Cost (second 2,000: 0.28 aed) | F33: 560
B34: Cost (third 2,000: 0.32 aed) | F34: 640
B35: Cost (above 6,000: 0.38 aed) | F35: =SUM(F31-6000)*0.38 -> -2280
B36: Cost (Fuel Charges: 0.065 aed) | F36: =F31*0.065 -> 0
B37: Total Cost | F37: =SUM(F32:F36) -> -620 | G37: 281577
A38: V | B38: GAS CONSUMPTION
A39: 1 | B39: MAIN LPG METER
C40: m³ | D40: 89987.4 | E40: 89987.4 | F40: =E40-D40 -> 0
C41: Liters (m³ X 3.70) | F41: =F40*3.7 -> 0
B42: Cost (Consumption Charges: 2.50 aed) | F42: =F41*2.5 -> 0 | G42: 13040
B44: Summary of Daily Hotel consumption
B45: Item measured | C45: Units | D45: Consumption | E45: AED (w/o VAT)
B46: Chilled water | C46: TR | D46: =F9 -> 0 | E46: =F12 -> 0
B47: DEWA Water | C47: Imperial Gallon | D47: =F17 -> 0 | E47: =F23 -> -170
B48: Electricity | C48: kWh | D48: =F31 -> 0 | E48: =F37 -> -620
B49: Gas | C49: m³ | D49: =F40 -> 0 | E49: =F42 -> 0
D50: Total Cost: | E50: =SUM(E46:E49) -> -790

Sheet board 1 - 31
A1: 1st
A2: DECEMBER 2023 | B2: 1 | C2: 2 | D2: 3 | E2: 4 | F2: 5 | G2: 6 | H2: 7 | I2: 8 | J2: 9 | K2: 10 | L2: 11 | M2: 12 | N2: 13 | O2: 14 | P2: 15 | Q2: 16 | R2: 17 | S2: 18 | T2: 19 | U2: 20 | V2: 21 | W2: 22 | X2: 23 | Y2: 24 | Z2: 25 | AA2: 26 | AB2: 27 | AC2: 28 | AD2: 29 | AE2: 30
A3: % OCCUPANCY | B3: 0.9147 | C3: 0.871 | D3: 0.9401 | E3: 0.6359 | F3: 0.6567 | G3: 0.6705 | H3: 0.5968 | I3: 0.6544 | J3: 0.7189 | K3: 0.765 | L3: 0.5507 | M3: 0.6567 | N3: 0.7719 | O3: 0.8502 | P3: 0.7903 | Q3: 0.6175 | R3: 0.5276 | S3: 0.4654 | T3: 0.447 | U3: 0.5161 | V3: 0.5991 | W3: 0.7465
A5: ELECTRICITY | B5: kWh | C5: kWh | D5: kWh | E5: kWh | F5: kWh | G5: kWh | H5: kWh | I5: kWh | J5: kWh | K5: kWh | L5: kWh | M5: kWh | N5: kWh | O5: kWh | P5: kWh | Q5: kWh | R5: kWh | S5: kWh | T5: kWh | U5: kWh | V5: kWh | W5: kWh | X5: kWh | Y5: kWh | Z5: kWh | AA5: kWh | AB5: kWh | AC5: kWh | AD5: kWh | AE5: kWh | AF5: kWh
A6: METER 1: 6065253 | B6: 3552 | C6: 3600 | D6: 3456 | E6: 3312 | F6: 3408 | G6: 3408 | H6: 3264 | I6: 3360 | J6: 3360 | K6: 3408 | L6: 3504 | M6: 3264 | N6: 3312 | O6: 3216 | P6: 3360 | Q6: 3360 | R6: 3360 | S6: 3168 | T6: 3360 | U6: 3120 | V6: 3168 | W6: 3168
A7: METER 2: 6065255 | B7: 2208 | C7: 2256 | D7: 2208 | E7: 2160 | F7: 2160 | G7: 2256 | H7: 2160 | I7: 2160 | J7: 2160 | K7: 2160 | L7: 2112 | M7: 2160 | N7: 2208 | O7: 2112 | P7: 2160 | Q7: 2112 | R7: 2064 | S7: 1968 | T7: 2064 | U7: 2064 | V7: 2112 | W7: 1920
A8: METER 3: 6065259 | B8: 2112 | C8: 2112 | D8: 2112 | E8: 2112 | F8: 2112 | G8: 2016 | H8: 2112 | I8: 2112 | J8: 2160 | K8: 2112 | L8: 2208 | M8: 2112 | N8: 2064 | O8: 2064 | P8: 2256 | Q8: 2256 | R8: 2160 | S8: 2208 | T8: 2256 | U8: 2064 | V8: 2064 | W8: 2160
A9: METER 4: 6065262 | B9: 1632 | C9: 1440 | D9: 1680 | E9: 1488 | F9: 1296 | G9: 1363.2 | H9: 1324.8 | I9: 1536 | J9: 1440 | K9: 1440 | L9: 1392 | M9: 1344 | N9: 1344 | O9: 1200 | P9: 1536 | Q9: 1344 | R9: 1536 | S9: 1248 | T9: 1344 | U9: 1296 | V9: 1296 | W9: 1296
A10: METER 6: 6065269 | B10: 2208 | C10: 2256 | D10: 2256 | E10: 2208 | F10: 2160 | G10: 2160 | H10: 2160 | I10: 2160 | J10: 2208 | K10: 2208 | L10: 2208 | M10: 2160 | N10: 2112 | O10: 2160 | P10: 2160 | Q10: 2160 | R10: 2160 | S10: 2160 | T10: 2160 | U10: 2064 | V10: 2160 | W10: 2160
A11: METER 7: 6065283 | B11: 5280 | C11: 5568 | D11: 5616 | E11: 5712 | F11: 5472 | G11: 5712 | H11: 5616 | I11: 5424 | J11: 5184 | K11: 5376 | L11: 5280 | M11: 5520 | N11: 5424 | O11: 5136 | P11: 5376 | Q11: 5568 | R11: 5712 | S11: 5424 | T11: 5376 | U11: 5280 | V11: 5280 | W11: 5280
A12: total electricty: | B12: =SUM(B6:B11) -> 16992 | C12: =SUM(C6:C11) -> 17232 | D12: =SUM(D6:D11) -> 17328 | E12: =SUM(E6:E11) -> 16992 | F12: =SUM(F6:F11) -> 16608 | G12: =SUM(G6:G11) -> 16915.2 | H12: =SUM(H6:H11) -> 16636.8 | I12: =SUM(I6:I11) -> 16752 | ... AF12: =SUM(AF6:AF11) -> 0
A13: WATER | B13: IG | C13: IG | D13: IG | E13: IG | F13: IG | G13: IG | H13: IG | I13: IG | J13: IG | K13: IG | L13: IG | M13: IG | N13: IG | O13: IG | P13: IG | Q13: IG | R13: IG | S13: IG | T13: IG | U13: IG | V13: IG | W13: IG | X13: IG | Y13: IG | Z13: IG | AA13: IG | AB13: IG | AC13: IG | AD13: IG | AE13: IG | AF13: IG
A14: METER: 18E0300032 | B14: 25736.37 | C14: 60271.51 | D14: 62471.2 | E14: 49493.03 | F14: 42673.99 | G14: 36954.79 | H14: 67750.45 | I14: 37614.7 | J14: 59391.63 | K14: 41134.2 | L14: 39374.45 | M14: 38494.58 | N14: 37394.73 | O14: 41134.2 | P14: 35195.04 | Q14: 38934.51 | R14: 40474.3 | S14: 41574.14 | T14: 40914.23 | U14: 33215.32 | V14: 36074.92 | W14: 36954.79
A16: EMPOWER | B16: RTH | C16: RTH | D16: RTH | E16: RTH | F16: RTH | G16: RTH | H16: RTH | I16: RTH | J16: RTH | K16: RTH | L16: RTH | M16: RTH | N16: RTH | O16: RTH | P16: RTH | Q16: RTH | R16: RTH | S16: RTH | T16: RTH | U16: RTH | V16: RTH | W16: RTH | X16: RTH | Y16: RTH | Z16: RTH | AA16: RTH | AB16: RTH | AC16: RTH | AD16: RTH | AE16: RTH | AF16: RTH
A17: BTU METER: P103FF043BC | B17: 9212.62 | C17: 9468.52 | D17: 9553.82 | E17: 10236.24 | F17: 9269.48 | G17: 8501.77 | H17: 8388.03 | I17: 8274.29 | J17: 7904.65 | K17: 8188.99 | L17: 7535.01 | M17: 6824.16 | N17: 6454.52 | O17: 6198.61 | P17: 6681.99 | Q17: 6824.16 | R17: 6511.39 | S17: 6141.74 | T17: 5914.27 | U17: 5601.5 | V17: 5800.54 | W17: 5942.71
A19: LPG | B19: LITRES | C19: LITRES | D19: LITRES | E19: LITRES | F19: LITRES | G19: LITRES | H19: LITRES | I19: LITRES | J19: LITRES | K19: LITRES | L19: LITRES | M19: LITRES | N19: LITRES | O19: LITRES | P19: LITRES | Q19: LITRES | R19: LITRES | S19: LITRES | T19: LITRES | U19: LITRES | V19: LITRES | W19: LITRES | X19: LITRES | Y19: LITRES | Z19: LITRES | AA19: LITRES | AB19: LITRES | AC19: LITRES | AD19: LITRES | AE19: LITRES | AF19: LITRES
A20: METER: 77192321/2019 | B20: 503.94 | C20: 560.18 | D20: 508.38 | E20: 530.58 | F20: 499.87 | G20: 458.43 | H20: 464.72 | I20: 508.75 | J20: 497.65 | K20: 482.11 | L20: 478.04 | M20: 450.29 | N20: 479.89 | O20: 488.4 | P20: 530.21 | Q20: 562.4 | R20: 488.77 | S20: 481.37 | T20: 438.45 | U20: 433.27 | V20: 444 | W20: 481.37

Sheet DAILY PRINTING
A15: % OCCUPANCY | B15: % OCCUPANCY | C15: % OCCUPANCY | D15: % OCCUPANCY | E15: % OCCUPANCY | F15: % OCCUPANCY
A16: ELECTRICITY (kWh) | B16: ELECTRICITY (kWh) | C16: ELECTRICITY (kWh) | D16: ELECTRICITY (kWh) | E16: ELECTRICITY (kWh) | F16: ELECTRICITY (kWh)
A17: WATER (IG) | B17: WATER (IG) | C17: WATER (IG) | D17: WATER (IG) | E17: WATER (IG) | F17: WATER (IG)
A18: EMPOWER / COOLING (RTH) | B18: EMPOWER / COOLING (RTH) | C18: EMPOWER / COOLING (RTH) | D18: EMPOWER / COOLING (RTH) | E18: EMPOWER / COOLING (RTH) | F18: EMPOWER / COOLING (RTH)
A19: LPG (LITRES) | B19: LPG (LITRES) | C19: LPG (LITRES) | D19: LPG (LITRES) | E19: LPG (LITRES) | F19: LPG (LITRES)
A21: LAST MONTH'S TOTAL: | C21: LAST MONTH'S TOTAL:

Sheet DAILY PRINTING (2)
E1: LAST MONTH'S TOTAL:
E2: %OCCUPANCY: | F2: 76.94%
E3: WATER (IG): | F3: 1292977.8
E4: ELECTRICITY (kWh): | F4: 553296
E5: COOLING (RTH): | F5: 528379
E6: LPG (LITRES:) | F6: 13436.55
A10: JANUARY | B10: JUNE | C10: JANUARY | D10: JUNE
A11: FEBRUARY | B11: JULY | C11: FEBRUARY | D11: JULY
A12: MARCH | B12: AUGUST | C12: MARCH | D12: AUGUST
A13: APRIL | B13: SEPTEMBER | C13: APRIL | D13: SEPTEMBER
A14: MAY | B14: OCTOBER | C14: MAY | D14: OCTOBER
A15: NOVEMBER | B15: DECEMBER | C15: NOVEMBER | D15: DECEMBER

Sheet Sheet1
B3: 42421.4 | D3: 161239 | J3: 5230 | L3: 3133.2 | N3: 3381.1 | P3: 1789.1 | R3: 4671.7 | T3: 12508.9 | V3: 68144.9
B4: 42490.4 | D4: 161517 | J4: 5237 | L4: 3138.2 | N4: 3386.1 | P4: 1793.1 | R4: 4676.7 | T4: 12543.4 | V4: 68242.9
B5: 42559.4 | D5: 161795 | J5: 5244 | L5: 3143.2 | N5: 3391.1 | P5: 1797.1 | R5: 4681.7 | T5: 12577.9 | V5: 68340.9
B6: 42628.4 | D6: 162073 | J6: 5251 | L6: 3148.2 | N6: 3396.1 | P6: 1801.1 | R6: 4686.7 | T6: 12612.4 | V6: 68438.9
B7: 42697.4 | D7: 162351 | J7: 5258 | L7: 3153.2 | N7: 3401.1 | P7: 1805.1 | R7: 4691.7 | T7: 12646.9 | V7: 68536.9
B8: 42766.4 | D8: 162629 | J8: 5265 | L8: 3158.2 | N8: 3406.1 | P8: 1809.1 | R8: 4696.7 | T8: 12681.4 | V8: 68634.9
B9: 42835.4 | D9: 162907 | J9: 5272 | L9: 3163.2 | N9: 3411.1 | P9: 1813.1 | R9: 4701.7 | T9: 12715.9 | V9: 68732.9
B10: 42904.4 | D10: 163185 | J10: 5279 | L10: 3168.2 | N10: 3416.1 | P10: 1817.1 | R10: 4706.7 | T10: 12750.4 | V10: 68830.9
