Workbook

Sheet Sheet2
A1: Site Name | B1: Day | C1: Month | D1: Year | E1: Total Electricity Kwh | F1: Electricity Tariff ($/Kwh) | G1: LPG (Liters) | H1: LPG $/Liters | I1: Water Utility Supply (IG) IG | J1: Water Utility Supply (IG) $/IG | K1: District Energy Cooling RTH | L1: District Energy Cooling $/RTH | M1: Room Nights | N1: Total Guests
A2: 25hours Dubai One Central | B2: 1 | C2: 1 | D2: 2023 | E2: =('Daily Meter'!K6+'Daily Meter'!M6+'Daily Meter'!O6+'Daily Meter'!Q6+'Daily Meter'!S6+'Daily Meter'!U6-'1'!D20)*480 -> 13872 | F2: 0.44 | G2: ='Daily Meter'!W6-'1'!D23 -> 122.5 | H2: 2.5 | I2: =('Daily Meter'!E6-'1'!D11)*219.969 -> 36074.916 | J2: 0.06 | K2: =('Daily Meter'!C6-'1'!D8)*284.34 -> 4833.78 | L2: =0.568+0.075 -> 0.643 | M2: =INT('Daily Meter'!X6*434/100) -> 326
A3: 25hours Dubai One Central | B3: =B2+1 -> 2 | C3: 1 | D3: 2023 | E3: =('Daily Meter'!K7-'Daily Meter'!K6+'Daily Meter'!M7-'Daily Meter'!M6+'Daily Meter'!O7-'Daily Meter'!O6+'Daily Meter'!Q7-'Daily Meter'!Q6+'Daily Meter'!S7-'Daily Meter'!S6+'Daily Meter'!U7-'Daily Meter'!U6)*480 -> 17232 | F3: 0.44 | G3: ='Daily Meter'!W7-'Daily Meter'!W6 -> 136.1 | H3: 2.5 | I3: =('Daily Meter'!E7-'Daily Meter'!E6)*219.969 -> 47953.242 | J3: 0.06 | K3: =('Daily Meter'!C7-'Daily Meter'!C6)*284.34 -> 5715.234 | L3: =0.568+0.075 -> 0.643 | M3: =INT('Daily Meter'!X7*434/100) -> 272
A4: 25hours Dubai One Central | B4: =B3+1 -> 3 | C4: 1 | D4: 2023 | E4: =('Daily Meter'!K8-'Daily Meter'!K7+'Daily Meter'!M8-'Daily Meter'!M7+'Daily Meter'!O8-'Daily Meter'!O7+'Daily Meter'!Q8-'Daily Meter'!Q7+'Daily Meter'!S8-'Daily Meter'!S7+'Daily Meter'!U8-'Daily Meter'!U7)*480 -> 17232 | F4: 0.44 | G4: ='Daily Meter'!W8-'Daily Meter'!W7 -> 140.8 | H4: 2.5 | I4: =('Daily Meter'!E8-'Daily Meter'!E7)*219.969 -> 30135.753 | J4: 0.06 | K4: =('Daily Meter'!C8-'Daily Meter'!C7)*284.34 -> 5516.196 | L4: =0.568+0.075 -> 0.643 | M4: =INT('Daily Meter'!X8*434/100) -> 283
A5: 25hours Dubai One Central | B5: =B4+1 -> 4 | C5: 1 | D5: 2023 | E5: =('Daily Meter'!K9-'Daily Meter'!K8+'Daily Meter'!M9-'Daily Meter'!M8+'Daily Meter'!O9-'Daily Meter'!O8+'Daily Meter'!Q9-'Daily Meter'!Q8+'Daily Meter'!S9-'Daily Meter'!S8+'Daily Meter'!U9-'Daily Meter'!U8)*480 -> 17136 | F5: 0.44 | G5: ='Daily Meter'!W9-'Daily Meter'!W8 -> 135.3 | H5: 2.5 | I5: =('Daily Meter'!E9-'Daily Meter'!E8)*219.969 -> 80288.685 | J5: 0.06 | K5: =('Daily Meter'!C9-'Daily Meter'!C8)*284.34 -> 5601.498 | L5: =0.568+0.075 -> 0.643 | M5: =INT('Daily Meter'!X9*434/100) -> 278
A6: 25hours Dubai One Central | B6: =B5+1 -> 5 | C6: 1 | D6: 2023 | E6: =('Daily Meter'!K10-'Daily Meter'!K9+'Daily Meter'!M10-'Daily Meter'!M9+'Daily Meter'!O10-'Daily Meter'!O9+'Daily Meter'!Q10-'Daily Meter'!Q9+'Daily Meter'!S10-'Daily Meter'!S9+'Daily Meter'!U10-'Daily Meter'!U9)*480 -> 16512 | F6: 0.44 | G6: ='Daily Meter'!W10-'Daily Meter'!W9 -> 127.5 | H6: 2.5 | I6: =('Daily Meter'!E10-'Daily Meter'!E9)*219.969 -> 71929.863 | J6: 0.06 | K6: =('Daily Meter'!C10-'Daily Meter'!C9)*284.34 -> 5715.234 | L6: =0.568+0.075 -> 0.643 | M6: =INT('Daily Meter'!X10*434/100) -> 270
A7: 25hours Dubai One Central | B7: =B6+1 -> 6 | C7: 1 | D7: 2023 | E7: =('Daily Meter'!K11-'Daily Meter'!K10+'Daily Meter'!M11-'Daily Meter'!M10+'Daily Meter'!O11-'Daily Meter'!O10+'Daily Meter'!Q11-'Daily Meter'!Q10+'Daily Meter'!S11-'Daily Meter'!S10+'Daily Meter'!U11-'Daily Meter'!U10)*480 -> 18720 | F7: 0.44 | G7: ='Daily Meter'!W11-'Daily Meter'!W10 -> 156 | H7: 2.5 | I7: =('Daily Meter'!E11-'Daily Meter'!E10)*219.969 -> 66430.638 | J7: 0.06 | K7: =('Daily Meter'!C11-'Daily Meter'!C10)*284.34 -> 6852.594 | L7: =0.568+0.075 -> 0.643 | M7: =INT('Daily Meter'!X11*434/100) -> 264
A8: 25hours Dubai One Central | B8: =B7+1 -> 7 | C8: 1 | D8: 2023 | E8: =('Daily Meter'!K12-'Daily Meter'!K11+'Daily Meter'!M12-'Daily Meter'!M11+'Daily Meter'!O12-'Daily Meter'!O11+'Daily Meter'!Q12-'Daily Meter'!Q11+'Daily Meter'!S12-'Daily Meter'!S11+'Daily Meter'!U12-'Daily Meter'!U11)*480 -> 17424 | F8: 0.44 | G8: ='Daily Meter'!W12-'Daily Meter'!W11 -> 153 | H8: 2.5 | I8: =('Daily Meter'!E12-'Daily Meter'!E11)*219.969 -> 43113.924 | J8: 0.06 | K8: =('Daily Meter'!C12-'Daily Meter'!C11)*284.34 -> 5715.234 | L8: =0.568+0.075 -> 0.643 | M8: =INT('Daily Meter'!X12*434/100) -> 223
A9: 25hours Dubai One Central | B9: =B8+1 -> 8 | C9: 1 | D9: 2023 | E9: =('Daily Meter'!K13-'Daily Meter'!K12+'Daily Meter'!M13-'Daily Meter'!M12+'Daily Meter'!O13-'Daily Meter'!O12+'Daily Meter'!Q13-'Daily Meter'!Q12+'Daily Meter'!S13-'Daily Meter'!S12+'Daily Meter'!U13-'Daily Meter'!U12)*480 -> 13440 | F9: 0.44 | G9: ='Daily Meter'!W13-'Daily Meter'!W12 -> 113.4 | H9: 2.5 | I9: =('Daily Meter'!E13-'Daily Meter'!E12)*219.969 -> 60491.475 | J9: 0.06 | K9: =('Daily Meter'!C13-'Daily Meter'!C12)*284.34 -> 4151.364 | L9: =0.568+0.075 -> 0.643 | M9: =INT('Daily Meter'!X13*434/100) -> 161
A10: 25hours Dubai One Central | B10: =B9+1 -> 9 | C10: 1 | D10: 2023 | E10: =('Daily Meter'!K14-'Daily Meter'!K13+'Daily Meter'!M14-'Daily Meter'!M13+'Daily Meter'!O14-'Daily Meter'!O13+'Daily Meter'!Q14-'Daily Meter'!Q13+'Daily Meter'!S14-'Daily Meter'!S13+'Daily Meter'!U14-'Daily Meter'!U13)*480 -> 18192 | F10: 0.44 | G10: ='Daily Meter'!W14-'Daily Meter'!W13 -> 135.1 | H10: 2.5 | I10: =('Daily Meter'!E14-'Daily Meter'!E13)*219.969 -> 13858.047 | J10: 0.06 | K10: =('Daily Meter'!C14-'Daily Meter'!C13)*284.34 -> 4776.912 | L10: =0.568+0.075 -> 0.643 | M10: =INT('Daily Meter'!X14*434/100) -> 310
A11: 25hours Dubai One Central | B11: =B10+1 -> 10 | C11: 1 | D11: 2023 | E11: =('Daily Meter'!K15-'Daily Meter'!K14+'Daily Meter'!M15-'Daily Meter'!M14+'Daily Meter'!O15-'Daily Meter'!O14+'Daily Meter'!Q15-'Daily Meter'!Q14+'Daily Meter'!S15-'Daily Meter'!S14+'Daily Meter'!U15-'Daily Meter'!U14)*480 -> 16512 | F11: 0.44 | G11: ='Daily Meter'!W15-'Daily Meter'!W14 -> 150.2 | H11: 2.5 | I11: =('Daily Meter'!E15-'Daily Meter'!E14)*219.969 -> 46193.49 | J11: 0.06 | K11: =('Daily Meter'!C15-'Daily Meter'!C14)*284.34 -> 6369.216 | L11: =0.568+0.075 -> 0.643 | M11: =INT('Daily Meter'!X15*434/100) -> 365
A12: 25hours Dubai One Central | B12: =B11+1 -> 11 | C12: 1 | D12: 2023 | E12: =('Daily Meter'!K16-'Daily Meter'!K15+'Daily Meter'!M16-'Daily Meter'!M15+'Daily Meter'!O16-'Daily Meter'!O15+'Daily Meter'!Q16-'Daily Meter'!Q15+'Daily Meter'!S16-'Daily Meter'!S15+'Daily Meter'!U16-'Daily Meter'!U15)*480 -> 17040 | F12: 0.44 | G12: ='Daily Meter'!W16-'Daily Meter'!W15 -> 151 | H12: 2.5 | I12: =('Daily Meter'!E16-'Daily Meter'!E15)*219.969 -> 64230.948 | J12: 0.06 | K12: =('Daily Meter'!C16-'Daily Meter'!C15)*284.34 -> 6056.442 | L12: =0.568+0.075 -> 0.643 | M12: =INT('Daily Meter'!X16*434/100) -> 365
A13: 25hours Dubai One Central | B13: =B12+1 -> 12 | C13: 1 | D13: 2023 | E13: =('Daily Meter'!K17-'Daily Meter'!K16+'Daily Meter'!M17-'Daily Meter'!M16+'Daily Meter'!O17-'Daily Meter'!O16+'Daily Meter'!Q17-'Daily Meter'!Q16+'Daily Meter'!S17-'Daily Meter'!S16+'Daily Meter'!U17-'Daily Meter'!U16)*480 -> 17232 | F13: 0.44 | G13: ='Daily Meter'!W17-'Daily Meter'!W16 -> 145.8 | H13: 2.5 | I13: =('Daily Meter'!E17-'Daily Meter'!E16)*219.969 -> 68410.359 | J13: 0.06 | K13: =('Daily Meter'!C17-'Daily Meter'!C16)*284.34 -> 5032.818 | L13: =0.568+0.075 -> 0.643 | M13: =INT('Daily Meter'!X17*434/100) -> 290
A14: 25hours Dubai One Central | B14: =B13+1 -> 13 | C14: 1 | D14: 2023 | E14: =('Daily Meter'!K18-'Daily Meter'!K17+'Daily Meter'!M18-'Daily Meter'!M17+'Daily Meter'!O18-'Daily Meter'!O17+'Daily Meter'!Q18-'Daily Meter'!Q17+'Daily Meter'!S18-'Daily Meter'!S17+'Daily Meter'!U18-'Daily Meter'!U17)*480 -> 17376 | F14: 0.44 | G14: ='Daily Meter'!W18-'Daily Meter'!W17 -> 140.5 | H14: 2.5 | I14: =('Daily Meter'!E18-'Daily Meter'!E17)*219.969 -> 50812.839 | J14: 0.06 | K14: =('Daily Meter'!C18-'Daily Meter'!C17)*284.34 -> 4634.742 | L14: =0.568+0.075 -> 0.643 | M14: =INT('Daily Meter'!X18*434/100) -> 304
... A32: 25hours Dubai One Central | B32: =B31+1 -> 31 | C32: 1 | D32: 2023 | E32: =('Daily Meter'!K36-'Daily Meter'!K35+'Daily Meter'!M36-'Daily Meter'!M35+'Daily Meter'!O36-'Daily Meter'!O35+'Daily Meter'!Q36-'Daily Meter'!Q35+'Daily Meter'!S36-'Daily Meter'!S35+'Daily Meter'!U36-'Daily Meter'!U35)*480 -> 16368 | F32: 0.44 | G32: ='Daily Meter'!W36-'Daily Meter'!W35 -> 145.3 | H32: 2.5 | I32: =('Daily Meter'!E36-'Daily Meter'!E35)*219.969 -> 89307.414 | J32: 0.06 | K32: =('Daily Meter'!C36-'Daily Meter'!C35)*284.34 -> 4435.704 | L32: =0.568+0.075 -> 0.643 | M32: =INT('Daily Meter'!X36*434/100) -> 425

Sheet Sheet1
A1: Site Name | B1: Day | C1: Month | D1: Year | E1: Meter 1 - 06065253 | F1: Meter 2 - 06065255 | G1: Meter 3 - 06065259 | H1: Meter 4 - 06065262 | I1: Meter 6 - 06065269 | J1: Meter 7 - 06065283 | K1: District Cooling | L1: Water | M1: Gas | N1: Room Nights | O1: Total Guests
A2: 25hours Dubai One Central | B2: 1 | C2: 1 | D2: 2023 | N2: =Sheet2!M2 -> 326
A3: 25hours Dubai One Central | B3: =B2+1 -> 2 | C3: 1 | D3: 2023 | N3: =Sheet2!M3 -> 272
A4: 25hours Dubai One Central | B4: =B3+1 -> 3 | C4: 1 | D4: 2023 | N4: =Sheet2!M4 -> 283
A5: 25hours Dubai One Central | B5: =B4+1 -> 4 | C5: 1 | D5: 2023 | N5: =Sheet2!M5 -> 278
A6: 25hours Dubai One Central | B6: =B5+1 -> 5 | C6: 1 | D6: 2023 | N6: =Sheet2!M6 -> 270
A7: 25hours Dubai One Central | B7: =B6+1 -> 6 | C7: 1 | D7: 2023 | N7: =Sheet2!M7 -> 264
A8: 25hours Dubai One Central | B8: =B7+1 -> 7 | C8: 1 | D8: 2023 | N8: =Sheet2!M8 -> 223
A9: 25hours Dubai One Central | B9: =B8+1 -> 8 | C9: 1 | D9: 2023 | N9: =Sheet2!M9 -> 161
A10: 25hours Dubai One Central | B10: =B9+1 -> 9 | C10: 1 | D10: 2023 | N10: =Sheet2!M10 -> 310
A11: 25hours Dubai One Central | B11: =B10+1 -> 10 | C11: 1 | D11: 2023 | N11: =Sheet2!M11 -> 365
A12: 25hours Dubai One Central | B12: =B11+1 -> 11 | C12: 1 | D12: 2023 | N12: =Sheet2!M12 -> 365
A13: 25hours Dubai One Central | B13: =B12+1 -> 12 | C13: 1 | D13: 2023 | N13: =Sheet2!M13 -> 290
A14: 25hours Dubai One Central | B14: =B13+1 -> 13 | C14: 1 | D14: 2023 | N14: =Sheet2!M14 -> 304
... A32: 25hours Dubai One Central | B32: =B31+1 -> 31 | C32: 1 | D32: 2023 | N32: =Sheet2!M32 -> 425

Sheet Daily Meter
A1: JANUARY 2023 UTILITY READING | Z1: 1st
B2: Chilled Water | D2: Water | J2: Electric | V2: Gas | X2: OCC.
A3: Date | B3: BTU Meter | D3: Meter 1 | F3: Meter 2 | H3: Meter 3 | J3: Meter 1 | L3: Meter 2 | N3: Meter 3 | P3: Meter 4 | R3: Meter 6 | T3: Meter 7 | V3: Gas
B4: P103FF043BC | D4: 18E0300032 | F4: 18E0300060 | H4: 18E0300057 | J4: 6065253 | L4: 6065255 | N4: 6065259 | P4: 6065262 | R4: 6065269 | T4: 6065283 | V4: 77092321/2019 | X4: %
B5: 9am | C5: 5pm | D5: 9am | E5: 5pm | F5: 5AM | G5: 5pm | H5: 5AM | I5: 5pm | J5: 9am | K5: 5pm | L5: 9am | M5: 5pm | N5: 9am | O5: 5pm | P5: 9am | Q5: 5pm | R5: 9am | S5: 5pm | T5: 9am | U5: 5pm | V5: 9am | W5: 5pm | X5: DAILY
A6: 1 | B6: 36057.7 | C6: 36065.5 | D6: 115374 | E6: 115376 | J6: 4028.1 | K6: 4030.7 | L6: 2422.9 | M6: 2424.6 | N6: 2580.3 | O6: 2581.8 | P6: 1282.6 | Q6: 1283.4 | R6: 3860.6 | S6: 3862.3 | T6: 10211 | U6: 10215.9 | V6: 47434.7 | W6: 47492.8 | X6: 75.12
A7: 2 | B7: 36076.8 | C7: 36085.6 | D7: 115550 | E7: 115594 | J7: 4034.9 | K7: 4037.7 | L7: 2426.7 | M7: 2428.5 | N7: 2584.1 | O7: 2586.4 | P7: 1285.1 | Q7: 1286.1 | R7: 3865 | S7: 3867 | T7: 10223.5 | U7: 10228.9 | V7: 47571.5 | W7: 47628.9 | X7: 62.9
A8: 3 | B8: 36097.6 | C8: 36105 | D8: 115665 | E8: 115731 | J8: 4042 | K8: 4044.9 | L8: 2430.5 | M8: 2432.3 | N8: 2589.4 | O8: 2591.1 | P8: 1287.8 | Q8: 1288.9 | R8: 3869.8 | S8: 3871.7 | T8: 10236.6 | U8: 10241.6 | V8: 47713.1 | W8: 47769.7 | X8: 65.21
A9: 4 | B9: 36116.4 | C9: 36124.7 | D9: 116022 | E9: 116096 | J9: 4048.8 | K9: 4051.6 | L9: 2434.5 | M9: 2436.4 | N9: 2594 | O9: 2595.8 | P9: 1290.9 | Q9: 1291.9 | R9: 3874.4 | S9: 3876.3 | T9: 10249 | U9: 10254.2 | V9: 47849.1 | W9: 47905 | X9: 64.06
A10: 5 | B10: 36136 | C10: 36144.8 | D10: 116354 | E10: 116423 | J10: 4055.4 | K10: 4058.2 | L10: 2438.4 | M10: 2440.1 | N10: 2598.7 | O10: 2600.4 | P10: 1293.5 | Q10: 1294.6 | R10: 3879 | S10: 3880.8 | T10: 10261.4 | U10: 10266.5 | V10: 47978.7 | W10: 48032.5 | X10: 62.44
A11: 6 | B11: 36157.8 | C11: 36168.9 | D11: 116668 | E11: 116725 | J11: 4062.1 | K11: 4065.7 | L11: 2442.1 | M11: 2444.3 | N11: 2603.2 | O11: 2605.5 | P11: 1296.1 | Q11: 1297.6 | R11: 3883.6 | S11: 3885.9 | T11: 10274.2 | U11: 10280.6 | V11: 48115.2 | W11: 48188.5 | X11: 60.83
A12: 7 | B12: 36178.8 | C12: 36189 | D12: 116858 | E12: 116921 | J12: 4068.8 | K12: 4072.7 | L12: 2445.9 | M12: 2448.3 | N12: 2607.9 | O12: 2610.4 | P12: 1298.9 | Q12: 1300.2 | R12: 3888.1 | S12: 3890.6 | T12: 10286.6 | U12: 10293.7 | V12: 48257.4 | W12: 48341.5 | X12: 51.61
A13: 8 | B13: 36196.5 | C13: 36203.6 | D13: 117131 | E13: 117196 | J13: 4075.5 | K13: 4077.9 | L13: 2449.8 | M13: 2451.4 | N13: 2612.5 | O13: 2614.1 | P13: 1301.5 | Q13: 1302.3 | R13: 3892.6 | S13: 3894.3 | T13: 10299 | U13: 10303.9 | V13: 48400.9 | W13: 48454.9 | X13: 37.1
A14: 9 | B14: 36214.4 | C14: 36220.4 | D14: 117239 | E14: 117259 | J14: 4082 | K14: 4085.1 | L14: 2453.6 | M14: 2455.6 | N14: 2617.1 | O14: 2619.1 | P14: 1304 | Q14: 1305.4 | R14: 3897.1 | S14: 3899.2 | T14: 10311.7 | U14: 10317.4 | V14: 48535.8 | W14: 48590 | X14: 71.43
A15: 10 | B15: 36233.7 | C15: 36242.8 | D15: 117466 | E15: 117469 | J15: 4088.8 | K15: 4091.5 | L15: 2457.8 | M15: 2459.6 | N15: 2621.9 | O15: 2623.7 | P15: 1309 | Q15: 1308.1 | R15: 3901.9 | S15: 3903.6 | T15: 10324.8 | U15: 10329.7 | V15: 48679.8 | W15: 48740.2 | X15: 84.33
A16: 11 | B16: 36256.9 | C16: 36264.1 | D16: 117648 | E16: 117761 | J16: 4095.6 | K16: 4098.3 | L16: 2461.9 | M16: 2463.7 | N16: 2626.7 | O16: 2628.3 | P16: 1309.8 | Q16: 1310.8 | R16: 3906.5 | S16: 3908.2 | T16: 10337.7 | U16: 10342.4 | V16: 48831 | W16: 48891.2 | X16: 84.33
A17: 12 | B17: 36275.9 | C17: 36281.8 | D17: 117985 | E17: 118072 | J17: 4102.4 | K17: 4104.9 | L17: 2466.2 | M17: 2467.9 | N17: 2631.7 | O17: 2633.3 | P17: 1312.6 | Q17: 1313.6 | R17: 3911.2 | S17: 3912.9 | T17: 10350.7 | U17: 10355 | V17: 48983.2 | W17: 49037 | X17: 67.05
... A36: 31 | B36: 36578.3 | C36: 36588.1 | D36: 122563 | E36: 122881 | J36: 4230.7 | K36: 4235.1 | L36: 2541.2 | M36: 2544 | N36: 2724.5 | O36: 2727.4 | P36: 1365 | Q36: 1366.8 | R36: 4000.3 | S36: 4003.3 | T36: 10581.8 | U36: 10588.2 | V36: 51727.9 | W36: 51820.1 | X36: 97.93

Sheet 1
A1: ENGINEERING DEPARTMENT | J1: daily reading
A3: UTILITY CONSUMPTION SHEET
B4: JANUARY | C4: 1
A5: SR.NO | B5: ITEM MEASURED | D5: Previous Reading | E5: 1st Reading (5am) | F5: 2nd Reading (5pm) | G5: 12hrs CONSUMPTION | H5: 24hrs CONSUMPTION | I5: Cost
A7: 1 | B7: DISTRICT COOLING PLANT
B8: Chilled Water | C8: MWH | D8: 36048.5 | E8: ='Daily Meter'!B6 -> 36057.7 | F8: ='Daily Meter'!C6 -> 36065.5 | G8: =F8-E8 -> 7.8 | H8: =F8-D8 -> 17
C9: TR | G9: =G8*284.34 -> 2217.852 | H9: =H8*284.34 -> 4833.78 | I9: =H9*0.63 -> 3045.2814
A10: III | B10: WATER METERS
B11: Main DEWA Meter | C11: mᶟ | D11: 115212 | E11: ='Daily Meter'!D6 -> 115374 | F11: ='Daily Meter'!E6 -> 115376 | G11: =F11-E11 -> 2 | H11: =F11-D11 -> 164
B12: Imperial Gallon = m³ x 219.969 | C12: IG | G12: =G11*219.969 -> 439.938 | H12: =H11*219.969 -> 36074.916 | I12: =H12*0.06 -> 2164.495
A13: IV | B13: ELECTRICAL METERS
A14: 1 | B14: Meter 1 - 06065253 | C14: kW x 480 | D14: 4025.2 | E14: ='Daily Meter'!J6 -> 4028.1 | F14: ='Daily Meter'!K6 -> 4030.7 | G14: =(F14-E14)*480 -> 1248 | H14: =(F14-D14)*480 -> 2640
A15: 2 | B15: Meter 2 - 06065255 | C15: kW x 480 | D15: 2421.5 | E15: ='Daily Meter'!L6 -> 2422.9 | F15: ='Daily Meter'!M6 -> 2424.6 | G15: =(F15-E15)*480 -> 816 | H15: =(F15-D15)*480 -> 1488
A16: 3 | B16: Meter 3 - 06065259 | C16: kW x 480 | D16: 2578.1 | E16: ='Daily Meter'!N6 -> 2580.3 | F16: ='Daily Meter'!O6 -> 2581.8 | G16: =(F16-E16)*480 -> 720 | H16: =(F16-D16)*480 -> 1776
A17: 4 | B17: Meter 4 - 06065262 | C17: kW x 480 | D17: 1281.3 | E17: ='Daily Meter'!P6 -> 1282.6 | F17: ='Daily Meter'!Q6 -> 1283.4 | G17: =(F17-E17)*480 -> 384 | H17: =(F17-D17)*480 -> 1008
A18: 5 | B18: Meter 6 - 06065269 | C18: kW x 480 | D18: 3858.5 | E18: ='Daily Meter'!R6 -> 3860.6 | F18: ='Daily Meter'!S$6 -> 3862.3 | G18: =(F18-E18)*480 -> 816 | H18: =(F18-D18)*480 -> 1824
A19: 6 | B19: Meter 7 - 06065283 | C19: kW x 480 | D19: 10205.2 | E19: ='Daily Meter'!T6 -> 10211 | F19: ='Daily Meter'!U6 -> 10215.9 | G19: =(F19-E19)*480 -> 2352 | H19: =(F19-D19)*480 -> 5136
B20: TOTAL ELECTRICAL CONS.(kWh) | D20: =SUM(D14:D19) -> 24369.8 | G20: =SUM(G14:G19) -> 6336 | H20: =SUM(H14:H19) -> 13872 | I20: =H20*0.43 -> 5964.96
A22: V | B22: GAS CONSUMPTION
A23: 1 | B23: MAIN LPG METER | C23: mᶟ | D23: 47370.3 | E23: ='Daily Meter'!V6 -> 47434.7 | F23: ='Daily Meter'!W6 -> 47492.8 | G23: =F23-E23 -> 58.1 | H23: =F23-D23 -> 122.5
C24: L | H24: =H23*3.7 -> 453.25 | I24: =H24*1.79 -> 811.3175
D27: Summary of Daily Hotel consumption
D28: Item measured | E28: Units | F28: Consumption | G28: AED
D29: Chilled water | E29: TR | F29: =H9 -> 4833.78 | G29: =F29*0.63 -> 3045.2814
D30: DEWA Water | E30: imp. Gallon | F30: =H12 -> 36074.916 | G30: =F30*0.06 -> 2164.495
D31: Electricity | E31: kwh | F31: =H20 -> 13872 | G31: =F31*0.43 -> 5964.96
D32: Gas | E32: m3 | F32: =H23 -> 122.5 | G32: =I24 -> 811.3175
F33: Total cost | G33: =SUM(G29:G32) -> 11986.054

Sheet 2
A1: ENGINEERING DEPARTMENT | J1: daily reading
A3: UTILITY CONSUMPTION SHEET
B4: ='1'!B4 -> JANUARY | C4: 2
A5: SR.NO | B5: ITEM MEASURED | D5: Previous Reading | E5: 1st Reading (5am) | F5: 2nd Reading (5pm) | G5: 12hrs CONSUMPTION | H5: 24hrs CONSUMPTION | I5: Cost
A7: 1 | B7: DISTRICT COOLING PLANT
B8: Chilled Water | C8: MWH | D8: ='1'!F8 -> 36065.5 | E8: ='Daily Meter'!B7 -> 36076.8 | F8: ='Daily Meter'!C7 -> 36085.6 | G8: =F8-E8 -> 8.8 | H8: =F8-D8 -> 20.1
C9: TR | G9: =G8*284.34 -> 2502.192 | H9: =H8*284.34 -> 5715.234 | I9: =H9*0.63 -> 3600.5974
A10: III | B10: WATER METERS
B11: Main DEWA Meter | C11: mᶟ | D11: ='1'!F11 -> 115376 | E11: ='Daily Meter'!D7 -> 115550 | F11: ='Daily Meter'!E7 -> 115594 | G11: =F11-E11 -> 44 | H11: =F11-D11 -> 218
B12: Imperial Gallon = m³ x 219.969 | C12: IG | G12: =G11*219.969 -> 9678.636 | H12: =H11*219.969 -> 47953.242 | I12: =H12*0.06 -> 2877.1945
A13: IV | B13: ELECTRICAL METERS
A14: 1 | B14: Meter 1 - 06065253 | C14: kW x 480 | D14: ='1'!F14 -> 4030.7 | E14: ='Daily Meter'!J7 -> 4034.9 | F14: ='Daily Meter'!K7 -> 4037.7 | G14: =(F14-E14)*480 -> 1344 | H14: =(F14-D14)*480 -> 3360
A15: 2 | B15: Meter 2 - 06065255 | C15: kW x 480 | D15: ='1'!F15 -> 2424.6 | E15: ='Daily Meter'!L7 -> 2426.7 | F15: ='Daily Meter'!M7 -> 2428.5 | G15: =(F15-E15)*480 -> 864 | H15: =(F15-D15)*480 -> 1872
A16: 3 | B16: Meter 3 - 06065259 | C16: kW x 480 | D16: ='1'!F16 -> 2581.8 | E16: ='Daily Meter'!N7 -> 2584.1 | F16: ='Daily Meter'!O7 -> 2586.4 | G16: =(F16-E16)*480 -> 1104 | H16: =(F16-D16)*480 -> 2208
A17: 4 | B17: Meter 4 - 06065262 | C17: kW x 480 | D17: ='1'!F17 -> 1283.4 | E17: ='Daily Meter'!P7 -> 1285.1 | F17: ='Daily Meter'!Q7 -> 1286.1 | G17: =(F17-E17)*480 -> 480 | H17: =(F17-D17)*480 -> 1296
A18: 5 | B18: Meter 6 - 06065269 | C18: kW x 480 | D18: ='1'!F18 -> 3862.3 | E18: ='Daily Meter'!R7 -> 3865 | F18: ='Daily Meter'!S7 -> 3867 | G18: =(F18-E18)*480 -> 960 | H18: =(F18-D18)*480 -> 2256
A19: 6 | B19: Meter 7 - 06065283 | C19: kW x 480 | D19: ='1'!F19 -> 10215.9 | E19: ='Daily Meter'!T7 -> 10223.5 | F19: ='Daily Meter'!U7 -> 10228.9 | G19: =(F19-E19)*480 -> 2592 | H19: =(F19-D19)*480 -> 6240
B20: TOTAL ELECTRICAL CONS.(kWh) | G20: =SUM(G14:G19) -> 7344 | H20: =SUM(H14:H19) -> 17232 | I20: =H20*0.43 -> 7409.76
A22: V | B22: GAS CONSUMPTION
A23: 1 | B23: MAIN LPG METER | C23: mᶟ | D23: ='1'!F23 -> 47492.8 | E23: ='Daily Meter'!V7 -> 47571.5 | F23: ='Daily Meter'!W7 -> 47628.9 | G23: =F23-E23 -> 57.4 | H23: =F23-D23 -> 136.1
C24: L | H24: =H23*3.7 -> 503.57 | I24: =H24*1.79 -> 901.3903
D27: Summary of Daily Hotel consumption
D28: Item measured | E28: Units | F28: Consumption | G28: AED
D29: Chilled water | E29: TR | F29: =H9 -> 5715.234 | G29: =F29*0.63 -> 3600.5974
D30: DEWA Water | E30: imp. Gallon | F30: =H12 -> 47953.242 | G30: =F30*0.06 -> 2877.1945
D31: Electricity | E31: kwh | F31: =H20 -> 17232 | G31: =F31*0.43 -> 7409.76
D32: Gas | E32: m3 | F32: =H23 -> 136.1 | G32: =I24 -> 901.3903
F33: Total cost | G33: =SUM(G29:G32) -> 14788.942

Sheet 3
A1: ENGINEERING DEPARTMENT | J1: daily reading
A3: UTILITY CONSUMPTION SHEET
B4: ='1'!B4 -> JANUARY | C4: 3
A5: SR.NO | B5: ITEM MEASURED | D5: Previous Reading | E5: 1st Reading (5am) | F5: 2nd Reading (5pm) | G5: 12hrs CONSUMPTION | H5: 24hrs CONSUMPTION | I5: Cost
A7: 1 | B7: DISTRICT COOLING PLANT
B8: Chilled Water | C8: MWH | D8: ='2'!F8 -> 36085.6 | E8: ='Daily Meter'!B8 -> 36097.6 | F8: ='Daily Meter'!C8 -> 36105 | G8: =F8-E8 -> 7.4 | H8: =F8-D8 -> 19.4
C9: TR | G9: =G8*284.34 -> 2104.116 | H9: =H8*284.34 -> 5516.196 | I9: =H9*0.63 -> 3475.2035
A10: III | B10: WATER METERS
B11: Main DEWA Meter | C11: mᶟ | D11: ='2'!F11 -> 115594 | E11: ='Daily Meter'!D8 -> 115665 | F11: ='Daily Meter'!E8 -> 115731 | G11: =F11-E11 -> 66 | H11: =F11-D11 -> 137
B12: Imperial Gallon = m³ x 219.969 | C12: IG | G12: =G11*219.969 -> 14517.954 | H12: =H11*219.969 -> 30135.753 | I12: =H12*0.06 -> 1808.1452
A13: IV | B13: ELECTRICAL METERS
A14: 1 | B14: Meter 1 - 06065253 | C14: kW x 480 | D14: ='2'!F14 -> 4037.7 | E14: ='Daily Meter'!J8 -> 4042 | F14: ='Daily Meter'!K8 -> 4044.9 | G14: =(F14-E14)*480 -> 1392 | H14: =(F14-D14)*480 -> 3456
A15: 2 | B15: Meter 2 - 06065255 | C15: kW x 480 | D15: ='2'!F15 -> 2428.5 | E15: ='Daily Meter'!L8 -> 2430.5 | F15: ='Daily Meter'!M8 -> 2432.3 | G15: =(F15-E15)*480 -> 864 | H15: =(F15-D15)*480 -> 1824
A16: 3 | B16: Meter 3 - 06065259 | C16: kW x 480 | D16: ='2'!F16 -> 2586.4 | E16: ='Daily Meter'!N8 -> 2589.4 | F16: ='Daily Meter'!O8 -> 2591.1 | G16: =(F16-E16)*480 -> 816 | H16: =(F16-D16)*480 -> 2256
A17: 4 | B17: Meter 4 - 06065262 | C17: kW x 480 | D17: ='2'!F17 -> 1286.1 | E17: ='Daily Meter'!P8 -> 1287.8 | F17: ='Daily Meter'!Q8 -> 1288.9 | G17: =(F17-E17)*480 -> 528 | H17: =(F17-D17)*480 -> 1344
A18: 5 | B18: Meter 6 - 06065269 | C18: kW x 480 | D18: ='2'!F18 -> 3867 | E18: ='Daily Meter'!R8 -> 3869.8 | F18: ='Daily Meter'!S8 -> 3871.7 | G18: =(F18-E18)*480 -> 912 | H18: =(F18-D18)*480 -> 2256
A19: 6 | B19: Meter 7 - 06065283 | C19: kW x 480 | D19: ='2'!F19 -> 10228.9 | E19: ='Daily Meter'!T8 -> 10236.6 | F19: ='Daily Meter'!U8 -> 10241.6 | G19: =(F19-E19)*480 -> 2400 | H19: =(F19-D19)*480 -> 6096
B20: TOTAL ELECTRICAL CONS.(kWh) | G20: =SUM(G14:G19) -> 6912 | H20: =SUM(H14:H19) -> 17232 | I20: =H20*0.43 -> 7409.76
A22: V | B22: GAS CONSUMPTION
A23: 1 | B23: MAIN LPG METER | C23: mᶟ | D23: ='2'!F23 -> 47628.9 | E23: ='Daily Meter'!V8 -> 47713.1 | F23: ='Daily Meter'!W8 -> 47769.7 | G23: =F23-E23 -> 56.6 | H23: =F23-D23 -> 140.8
C24: L | H24: =H23*3.7 -> 520.96 | I24: =H24*1.79 -> 932.5184
D27: Summary of Daily Hotel consumption
D28: Item measured | E28: Units | F28: Consumption | G28: AED
D29: Chilled water | E29: TR | F29: =H9 -> 5516.196 | G29: =F29*0.63 -> 3475.2035
D30: DEWA Water | E30: imp. Gallon | F30: =H12 -> 30135.753 | G30: =F30*0.06 -> 1808.1452
D31: Electricity | E31: kwh | F31: =H20 -> 17232 | G31: =F31*0.43 -> 7409.76
D32: Gas | E32: m3 | F32: =H23 -> 140.8 | G32: =I24 -> 932.5184
F33: Total cost | G33: =SUM(G29:G32) -> 13625.627

Sheet 4
A1: ENGINEERING DEPARTMENT | J1: daily reading
A3: UTILITY CONSUMPTION SHEET
B4: ='1'!B4 -> JANUARY | C4: 4
A5: SR.NO | B5: ITEM MEASURED | D5: Previous Reading | E5: 1st Reading (5am) | F5: 2nd Reading (5pm) | G5: 12hrs CONSUMPTION | H5: 24hrs CONSUMPTION | I5: Cost
A7: 1 | B7: DISTRICT COOLING PLANT
B8: Chilled Water | C8: MWH | D8: ='3'!F8 -> 36105 | E8: ='Daily Meter'!B9 -> 36116.4 | F8: ='Daily Meter'!C9 -> 36124.7 | G8: =F8-E8 -> 8.3 | H8: =F8-D8 -> 19.7
C9: TR | G9: =G8*284.34 -> 2360.022 | H9: =H8*284.34 -> 5601.498 | I9: =H9*0.63 -> 3528.9437
A10: III | B10: WATER METERS
B11: Main DEWA Meter | C11: mᶟ | D11: ='3'!F11 -> 115731 | E11: ='Daily Meter'!D9 -> 116022 | F11: ='Daily Meter'!E9 -> 116096 | G11: =F11-E11 -> 74 | H11: =F11-D11 -> 365
B12: Imperial Gallon = m³ x 219.969 | C12: IG | G12: =G11*219.969 -> 16277.706 | H12: =H11*219.969 -> 80288.685 | I12: =H12*0.06 -> 4817.3211
A13: IV | B13: ELECTRICAL METERS
A14: 1 | B14: Meter 1 - 06065253 | C14: kW x 480 | D14: ='3'!F14 -> 4044.9 | E14: ='Daily Meter'!J9 -> 4048.8 | F14: ='Daily Meter'!K9 -> 4051.6 | G14: =(F14-E14)*480 -> 1344 | H14: =(F14-D14)*480 -> 3216
A15: 2 | B15: Meter 2 - 06065255 | C15: kW x 480 | D15: ='3'!F15 -> 2432.3 | E15: ='Daily Meter'!L9 -> 2434.5 | F15: ='Daily Meter'!M9 -> 2436.4 | G15: =(F15-E15)*480 -> 912 | H15: =(F15-D15)*480 -> 1968
A16: 3 | B16: Meter 3 - 06065259 | C16: kW x 480 | D16: ='3'!F16 -> 2591.1 | E16: ='Daily Meter'!N9 -> 2594 | F16: ='Daily Meter'!O9 -> 2595.8 | G16: =(F16-E16)*480 -> 864 | H16: =(F16-D16)*480 -> 2256
A17: 4 | B17: Meter 4 - 06065262 | C17: kW x 480 | D17: ='3'!F17 -> 1288.9 | E17: ='Daily Meter'!P9 -> 1290.9 | F17: ='Daily Meter'!Q9 -> 1291.9 | G17: =(F17-E17)*480 -> 480 | H17: =(F17-D17)*480 -> 1440
A18: 5 | B18: Meter 6 - 06065269 | C18: kW x 480 | D18: ='3'!F18 -> 3871.7 | E18: ='Daily Meter'!R9 -> 3874.4 | F18: ='Daily Meter'!S9 -> 3876.3 | G18: =(F18-E18)*480 -> 912 | H18: =(F18-D18)*480 -> 2208
A19: 6 | B19: Meter 7 - 06065283 | C19: kW x 480 | D19: ='3'!F19 -> 10241.6 | E19: ='Daily Meter'!T9 -> 10249 | F19: ='Daily Meter'!U9 -> 10254.2 | G19: =(F19-E19)*480 -> 2496 | H19: =(F19-D19)*480 -> 6048
B20: TOTAL ELECTRICAL CONS.(kWh) | G20: =SUM(G14:G19) -> 7008 | H20: =SUM(H14:H19) -> 17136 | I20: =H20*0.43 -> 7368.48
A22: V | B22: GAS CONSUMPTION
A23: 1 | B23: MAIN LPG METER | C23: mᶟ | D23: ='3'!F23 -> 47769.7 | E23: ='Daily Meter'!V9 -> 47849.1 | F23: ='Daily Meter'!W9 -> 47905 | G23: =F23-E23 -> 55.9 | H23: =F23-D23 -> 135.3
C24: L | H24: =H23*3.7 -> 500.61 | I24: =H24*1.79 -> 896.0919
D27: Summary of Daily Hotel consumption
D28: Item measured | E28: Units | F28: Consumption | G28: AED
D29: Chilled water | E29: TR | F29: =H9 -> 5601.498 | G29: =F29*0.63 -> 3528.9437
D30: DEWA Water | E30: imp. Gallon | F30: =H12 -> 80288.685 | G30: =F30*0.06 -> 4817.3211
D31: Electricity | E31: kwh | F31: =H20 -> 17136 | G31: =F31*0.43 -> 7368.48
D32: Gas | E32: m3 | F32: =H23 -> 135.3 | G32: =I24 -> 896.0919
F33: Total cost | G33: =SUM(G29:G32) -> 16610.837

Sheet 5
A1: ENGINEERING DEPARTMENT | J1: daily reading
A3: UTILITY CONSUMPTION SHEET
B4: ='1'!B4 -> JANUARY | C4: 5
A5: SR.NO | B5: ITEM MEASURED | D5: Previous Reading | E5: 1st Reading (5am) | F5: 2nd Reading (5pm) | G5: 12hrs CONSUMPTION | H5: 24hrs CONSUMPTION | I5: Cost
A7: 1 | B7: DISTRICT COOLING PLANT
B8: Chilled Water | C8: MWH | D8: ='4'!F8 -> 36124.7 | E8: ='Daily Meter'!B10 -> 36136 | F8: ='Daily Meter'!C10 -> 36144.8 | G8: =F8-E8 -> 8.8 | H8: =F8-D8 -> 20.1
C9: TR | G9: =G8*284.34 -> 2502.192 | H9: =H8*284.34 -> 5715.234 | I9: =H9*0.63 -> 3600.5974
A10: III | B10: WATER METERS
B11: Main DEWA Meter | C11: mᶟ | D11: ='4'!F11 -> 116096 | E11: ='Daily Meter'!D10 -> 116354 | F11: ='Daily Meter'!E10 -> 116423 | G11: =F11-E11 -> 69 | H11: =F11-D11 -> 327
B12: Imperial Gallon = m³ x 219.969 | C12: IG | G12: =G11*219.969 -> 15177.861 | H12: =H11*219.969 -> 71929.863 | I12: =H12*0.06 -> 4315.7918
A13: IV | B13: ELECTRICAL METERS
A14: 1 | B14: Meter 1 - 06065253 | C14: kW x 480 | D14: ='4'!F14 -> 4051.6 | E14: ='Daily Meter'!J10 -> 4055.4 | F14: ='Daily Meter'!K10 -> 4058.2 | G14: =(F14-E14)*480 -> 1344 | H14: =(F14-D14)*480 -> 3168
A15: 2 | B15: Meter 2 - 06065255 | C15: kW x 480 | D15: ='4'!F15 -> 2436.4 | E15: ='Daily Meter'!L10 -> 2438.4 | F15: ='Daily Meter'!M10 -> 2440.1 | G15: =(F15-E15)*480 -> 816 | H15: =(F15-D15)*480 -> 1776
A16: 3 | B16: Meter 3 - 06065259 | C16: kW x 480 | D16: ='4'!F16 -> 2595.8 | E16: ='Daily Meter'!N10 -> 2598.7 | F16: ='Daily Meter'!O10 -> 2600.4 | G16: =(F16-E16)*480 -> 816 | H16: =(F16-D16)*480 -> 2208
A17: 4 | B17: Meter 4 - 06065262 | C17: kW x 480 | D17: ='4'!F17 -> 1291.9 | E17: ='Daily Meter'!P10 -> 1293.5 | F17: ='Daily Meter'!Q10 -> 1294.6 | G17: =(F17-E17)*480 -> 528 | H17: =(F17-D17)*480 -> 1296
A18: 5 | B18: Meter 6 - 06065269 | C18: kW x 480 | D18: ='4'!F18 -> 3876.3 | E18: ='Daily Meter'!R10 -> 3879 | F18: ='Daily Meter'!S10 -> 3880.8 | G18: =(F18-E18)*480 -> 864 | H18: =(F18-D18)*480 -> 2160
A19: 6 | B19: Meter 7 - 06065283 | C19: kW x 480 | D19: ='4'!F19 -> 10254.2 | E19: ='Daily Meter'!T10 -> 10261.4 | F19: ='Daily Meter'!U10 -> 10266.5 | G19: =(F19-E19)*480 -> 2448 | H19: =(F19-D19)*480 -> 5904
B20: TOTAL ELECTRICAL CONS.(kWh) | G20: =SUM(G14:G19) -> 6816 | H20: =SUM(H14:H19) -> 16512 | I20: =H20*0.43 -> 7100.16
A22: V | B22: GAS CONSUMPTION
A23: 1 | B23: MAIN LPG METER | C23: mᶟ | D23: ='4'!F23 -> 47905 | E23: ='Daily Meter'!V10 -> 47978.7 | F23: ='Daily Meter'!W10 -> 48032.5 | G23: =F23-E23 -> 53.8 | H23: =F23-D23 -> 127.5
C24: L | H24: =H23*3.7 -> 471.75 | I24: =H24*1.79 -> 844.4325
D27: Summary of Daily Hotel consumption
D28: Item measured | E28: Units | F28: Consumption | G28: AED
D29: Chilled water | E29: TR | F29: =H9 -> 5715.234 | G29: =F29*0.63 -> 3600.5974
D30: DEWA Water | E30: imp. Gallon | F30: =H12 -> 71929.863 | G30: =F30*0.06 -> 4315.7918
D31: Electricity | E31: kwh | F31: =H20 -> 16512 | G31: =F31*0.43 -> 7100.16
D32: Gas | E32: m3 | F32: =H23 -> 127.5 | G32: =I24 -> 844.4325
F33: Total cost | G33: =SUM(G29:G32) -> 15860.982

Sheet 6
A1: ENGINEERING DEPARTMENT | J1: daily reading
A3: UTILITY CONSUMPTION SHEET
B4: ='1'!B4 -> JANUARY | C4: 6
A5: SR.NO | B5: ITEM MEASURED | D5: Previous Reading | E5: 1st Reading (5am) | F5: 2nd Reading (5pm) | G5: 12hrs CONSUMPTION | H5: 24hrs CONSUMPTION | I5: Cost
A7: 1 | B7: DISTRICT COOLING PLANT
B8: Chilled Water | C8: MWH | D8: ='5'!F8 -> 36144.8 | E8: ='Daily Meter'!B11 -> 36157.8 | F8: ='Daily Meter'!C11 -> 36168.9 | G8: =F8-E8 -> 11.1 | H8: =F8-D8 -> 24.1
C9: TR | G9: =G8*284.34 -> 3156.174 | H9: =H8*284.34 -> 6852.594 | I9: =H9*0.63 -> 4317.1342
A10: III | B10: WATER METERS
B11: Main DEWA Meter | C11: mᶟ | D11: ='5'!F11 -> 116423 | E11: ='Daily Meter'!D11 -> 116668 | F11: ='Daily Meter'!E11 -> 116725 | G11: =F11-E11 -> 57 | H11: =F11-D11 -> 302
B12: Imperial Gallon = m³ x 219.969 | C12: IG | G12: =G11*219.969 -> 12538.233 | H12: =H11*219.969 -> 66430.638 | I12: =H12*0.06 -> 3985.8383
A13: IV | B13: ELECTRICAL METERS
A14: 1 | B14: Meter 1 - 06065253 | C14: kW x 480 | D14: ='5'!F14 -> 4058.2 | E14: ='Daily Meter'!J11 -> 4062.1 | F14: ='Daily Meter'!K11 -> 4065.7 | G14: =(F14-E14)*480 -> 1728 | H14: =(F14-D14)*480 -> 3600
A15: 2 | B15: Meter 2 - 06065255 | C15: kW x 480 | D15: ='5'!F15 -> 2440.1 | E15: ='Daily Meter'!L11 -> 2442.1 | F15: ='Daily Meter'!M11 -> 2444.3 | G15: =(F15-E15)*480 -> 1056 | H15: =(F15-D15)*480 -> 2016
A16: 3 | B16: Meter 3 - 06065259 | C16: kW x 480 | D16: ='5'!F16 -> 2600.4 | E16: ='Daily Meter'!N11 -> 2603.2 | F16: ='Daily Meter'!O11 -> 2605.5 | G16: =(F16-E16)*480 -> 1104 | H16: =(F16-D16)*480 -> 2448
A17: 4 | B17: Meter 4 - 06065262 | C17: kW x 480 | D17: ='5'!F17 -> 1294.6 | E17: ='Daily Meter'!P11 -> 1296.1 | F17: ='Daily Meter'!Q11 -> 1297.6 | G17: =(F17-E17)*480 -> 720 | H17: =(F17-D17)*480 -> 1440
A18: 5 | B18: Meter 6 - 06065269 | C18: kW x 480 | D18: ='5'!F18 -> 3880.8 | E18: ='Daily Meter'!R11 -> 3883.6 | F18: ='Daily Meter'!S11 -> 3885.9 | G18: =(F18-E18)*480 -> 1104 | H18: =(F18-D18)*480 -> 2448
A19: 6 | B19: Meter 7 - 06065283 | C19: kW x 480 | D19: ='5'!F19 -> 10266.5 | E19: ='Daily Meter'!T11 -> 10274.2 | F19: ='Daily Meter'!U11 -> 10280.6 | G19: =(F19-E19)*480 -> 3072 | H19: =(F19-D19)*480 -> 6768
B20: TOTAL ELECTRICAL CONS.(kWh) | G20: =SUM(G14:G19) -> 8784 | H20: =SUM(H14:H19) -> 18720 | I20: =H20*0.43 -> 8049.6
A22: V | B22: GAS CONSUMPTION
A23: 1 | B23: MAIN LPG METER | C23: mᶟ | D23: ='5'!F23 -> 48032.5 | E23: ='Daily Meter'!V11 -> 48115.2 | F23: ='Daily Meter'!W11 -> 48188.5 | G23: =F23-E23 -> 73.3 | H23: =F23-D23 -> 156
C24: L | H24: =H23*3.7 -> 577.2 | I24: =H24*1.79 -> 1033.188
D27: Summary of Daily Hotel consumption
D28: Item measured | E28: Units | F28: Consumption | G28: AED
D29: Chilled water | E29: TR | F29: =H9 -> 6852.594 | G29: =F29*0.63 -> 4317.1342
D30: DEWA Water | E30: imp. Gallon | F30: =H12 -> 66430.638 | G30: =F30*0.06 -> 3985.8383
D31: Electricity | E31: kwh | F31: =H20 -> 18720 | G31: =F31*0.43 -> 8049.6
D32: Gas | E32: m3 | F32: =H23 -> 156 | G32: =I24 -> 1033.188
F33: Total cost | G33: =SUM(G29:G32) -> 17385.76

Sheet 7
A1: ENGINEERING DEPARTMENT | J1: daily reading
A3: UTILITY CONSUMPTION SHEET
B4: ='1'!B4 -> JANUARY | C4: 7
A5: SR.NO | B5: ITEM MEASURED | D5: Previous Reading | E5: 1st Reading (5am) | F5: 2nd Reading (5pm) | G5: 12hrs CONSUMPTION | H5: 24hrs CONSUMPTION | I5: Cost
A7: 1 | B7: DISTRICT COOLING PLANT
B8: Chilled Water | C8: MWH | D8: ='6'!F8 -> 36168.9 | E8: ='Daily Meter'!B12 -> 36178.8 | F8: ='Daily Meter'!C12 -> 36189 | G8: =F8-E8 -> 10.2 | H8: =F8-D8 -> 20.1
C9: TR | G9: =G8*284.34 -> 2900.268 | H9: =H8*284.34 -> 5715.234 | I9: =H9*0.63 -> 3600.5974
A10: III | B10: WATER METERS
B11: Main DEWA Meter | C11: mᶟ | D11: ='6'!F11 -> 116725 | E11: ='Daily Meter'!D12 -> 116858 | F11: ='Daily Meter'!E12 -> 116921 | G11: =F11-E11 -> 63 | H11: =F11-D11 -> 196
B12: Imperial Gallon = m³ x 219.969 | C12: IG | G12: =G11*219.969 -> 13858.047 | H12: =H11*219.969 -> 43113.924 | I12: =H12*0.06 -> 2586.8354
A13: IV | B13: ELECTRICAL METERS
A14: 1 | B14: Meter 1 - 06065253 | C14: kW x 480 | D14: ='6'!F14 -> 4065.7 | E14: ='Daily Meter'!J12 -> 4068.8 | F14: ='Daily Meter'!K12 -> 4072.7 | G14: =(F14-E14)*480 -> 1872 | H14: =(F14-D14)*480 -> 3360
A15: 2 | B15: Meter 2 - 06065255 | C15: kW x 480 | D15: ='6'!F15 -> 2444.3 | E15: ='Daily Meter'!L12 -> 2445.9 | F15: ='Daily Meter'!M12 -> 2448.3 | G15: =(F15-E15)*480 -> 1152 | H15: =(F15-D15)*480 -> 1920
A16: 3 | B16: Meter 3 - 06065259 | C16: kW x 480 | D16: ='6'!F16 -> 2605.5 | E16: ='Daily Meter'!N12 -> 2607.9 | F16: ='Daily Meter'!O12 -> 2610.4 | G16: =(F16-E16)*480 -> 1200 | H16: =(F16-D16)*480 -> 2352
A17: 4 | B17: Meter 4 - 06065262 | C17: kW x 480 | D17: ='6'!F17 -> 1297.6 | E17: ='Daily Meter'!P12 -> 1298.9 | F17: ='Daily Meter'!Q12 -> 1300.2 | G17: =(F17-E17)*480 -> 624 | H17: =(F17-D17)*480 -> 1248
A18: 5 | B18: Meter 6 - 06065269 | C18: kW x 480 | D18: ='6'!F18 -> 3885.9 | E18: ='Daily Meter'!R12 -> 3888.1 | F18: ='Daily Meter'!S12 -> 3890.6 | G18: =(F18-E18)*480 -> 1200 | H18: =(F18-D18)*480 -> 2256
A19: 6 | B19: Meter 7 - 06065283 | C19: kW x 480 | D19: ='6'!F19 -> 10280.6 | E19: ='Daily Meter'!T12 -> 10286.6 | F19: ='Daily Meter'!U12 -> 10293.7 | G19: =(F19-E19)*480 -> 3408 | H19: =(F19-D19)*480 -> 6288
B20: TOTAL ELECTRICAL CONS.(kWh) | G20: =SUM(G14:G19) -> 9456 | H20: =SUM(H14:H19) -> 17424 | I20: =H20*0.43 -> 7492.32
A22: V | B22: GAS CONSUMPTION
A23: 1 | B23: MAIN LPG METER | C23: mᶟ | D23: ='6'!F23 -> 48188.5 | E23: ='Daily Meter'!V12 -> 48257.4 | F23: ='Daily Meter'!W12 -> 48341.5 | G23: =F23-E23 -> 84.1 | H23: =F23-D23 -> 153
B24: L = m³ x 2.71 | C24: L | H24: =H23*3.7 -> 566.1 | I24: =H24*1.79 -> 1013.319
D27: Summary of Daily Hotel consumption
D28: Item measured | E28: Units | F28: Consumption | G28: AED
D29: Chilled water | E29: TR | F29: =H9 -> 5715.234 | G29: =I9 -> 3600.5974
D30: DEWA Water | E30: imp. Gallon | F30: =H12 -> 43113.924 | G30: =I12 -> 2586.8354
D31: Electricity | E31: kwh | F31: =H20 -> 17424 | G31: =I20 -> 7492.32
D32: Gas | E32: m3 | F32: =H23 -> 153 | G32: =I24 -> 1013.319
F33: Total cost | G33: =SUM(G29:G32) -> 14693.072

Sheet 8
A1: ENGINEERING DEPARTMENT | J1: daily reading
A3: UTILITY CONSUMPTION SHEET
B4: ='1'!B4 -> JANUARY | C4: 8
A5: SR.NO | B5: ITEM MEASURED | D5: Previous Reading | E5: 1st Reading (5am) | F5: 2nd Reading (5pm) | G5: 12hrs CONSUMPTION | H5: 24hrs CONSUMPTION | I5: Cost
A7: 1 | B7: DISTRICT COOLING PLANT
B8: Chilled Water | C8: MWH | D8: ='7'!F8 -> 36189 | E8: ='Daily Meter'!B13 -> 36196.5 | F8: ='Daily Meter'!C13 -> 36203.6 | G8: =F8-E8 -> 7.1 | H8: =F8-D8 -> 14.6
C9: TR | G9: =G8*284.34 -> 2018.814 | H9: =H8*284.34 -> 4151.364 | I9: =H9*0.63 -> 2615.3593
A10: III | B10: WATER METERS
B11: Main DEWA Meter | C11: mᶟ | D11: ='7'!F11 -> 116921 | E11: ='Daily Meter'!D13 -> 117131 | F11: ='Daily Meter'!E13 -> 117196 | G11: =F11-E11 -> 65 | H11: =F11-D11 -> 275
B12: Imperial Gallon = m³ x 219.969 | C12: IG | G12: =G11*219.969 -> 14297.985 | H12: =H11*219.969 -> 60491.475 | I12: =H12*0.06 -> 3629.4885
A13: IV | B13: ELECTRICAL METERS
A14: 1 | B14: Meter 1 - 06065253 | C14: kW x 480 | D14: ='7'!F14 -> 4072.7 | E14: ='Daily Meter'!J13 -> 4075.5 | F14: ='Daily Meter'!K13 -> 4077.9 | G14: =(F14-E14)*480 -> 1152 | H14: =(F14-D14)*480 -> 2496
A15: 2 | B15: Meter 2 - 06065255 | C15: kW x 480 | D15: ='7'!F15 -> 2448.3 | E15: ='Daily Meter'!L13 -> 2449.8 | F15: ='Daily Meter'!M13 -> 2451.4 | G15: =(F15-E15)*480 -> 768 | H15: =(F15-D15)*480 -> 1488
A16: 3 | B16: Meter 3 - 06065259 | C16: kW x 480 | D16: ='7'!F16 -> 2610.4 | E16: ='Daily Meter'!N13 -> 2612.5 | F16: ='Daily Meter'!O13 -> 2614.1 | G16: =(F16-E16)*480 -> 768 | H16: =(F16-D16)*480 -> 1776
A17: 4 | B17: Meter 4 - 06065262 | C17: kW x 480 | D17: ='7'!F17 -> 1300.2 | E17: ='Daily Meter'!P13 -> 1301.5 | F17: ='Daily Meter'!Q13 -> 1302.3 | G17: =(F17-E17)*480 -> 384 | H17: =(F17-D17)*480 -> 1008
A18: 5 | B18: Meter 6 - 06065269 | C18: kW x 480 | D18: ='7'!F18 -> 3890.6 | E18: ='Daily Meter'!R13 -> 3892.6 | F18: ='Daily Meter'!S13 -> 3894.3 | G18: =(F18-E18)*480 -> 816 | H18: =(F18-D18)*480 -> 1776
A19: 6 | B19: Meter 7 - 06065283 | C19: kW x 480 | D19: ='7'!F19 -> 10293.7 | E19: ='Daily Meter'!T13 -> 10299 | F19: ='Daily Meter'!U13 -> 10303.9 | G19: =(F19-E19)*480 -> 2352 | H19: =(F19-D19)*480 -> 4896
B20: TOTAL ELECTRICAL CONS.(kWh) | G20: =SUM(G14:G19) -> 6240 | H20: =SUM(H14:H19) -> 13440 | I20: =H20*0.43 -> 5779.2
A22: V | B22: GAS CONSUMPTION
A23: 1 | B23: MAIN LPG METER | C23: mᶟ | D23: ='7'!F23 -> 48341.5 | E23: ='Daily Meter'!V13 -> 48400.9 | F23: ='Daily Meter'!W13 -> 48454.9 | G23: =F23-E23 -> 54 | H23: =F23-D23 -> 113.4
B24: L = m³ x 3.7 | C24: L | H24: =H23*3.7 -> 419.58 | I24: =H24*1.79 -> 751.0482
D27: Summary of Daily Hotel consumption
D28: Item measured | E28: Units | F28: Consumption | G28: AED
D29: Chilled water | E29: TR | F29: =H9 -> 4151.364 | G29: =I9 -> 2615.3593
D30: DEWA Water | E30: imp. Gallon | F30: =H12 -> 60491.475 | G30: =I12 -> 3629.4885
D31: Electricity | E31: kwh | F31: =H20 -> 13440 | G31: =I20 -> 5779.2
D32: Gas | E32: m3 | F32: =H23 -> 113.4 | G32: =I24 -> 751.0482
F33: Total cost | G33: =SUM(G29:G32) -> 12775.096

Sheet 9
A1: ENGINEERING DEPARTMENT | J1: daily reading
A3: UTILITY CONSUMPTION SHEET
B4: ='1'!B4 -> JANUARY | C4: 9
A5: SR.NO | B5: ITEM MEASURED | D5: Previous Reading | E5: 1st Reading (5am) | F5: 2nd Reading (5pm) | G5: 12hrs CONSUMPTION | H5: 24hrs CONSUMPTION | I5: Cost
A7: 1 | B7: DISTRICT COOLING PLANT
B8: Chilled Water | C8: MWH | D8: ='8'!F8 -> 36203.6 | E8: ='Daily Meter'!B14 -> 36214.4 | F8: ='Daily Meter'!C14 -> 36220.4 | G8: =F8-E8 -> 6 | H8: =F8-D8 -> 16.8
C9: TR | G9: =G8*284.34 -> 1706.04 | H9: =H8*284.34 -> 4776.912 | I9: =H9*0.63 -> 3009.4546
A10: III | B10: WATER METERS
B11: Main DEWA Meter | C11: m3 | D11: ='8'!F11 -> 117196 | E11: ='Daily Meter'!D14 -> 117239 | F11: ='Daily Meter'!E14 -> 117259 | G11: =F11-E11 -> 20 | H11: =F11-D11 -> 63
B12: Imperial Gallon = m³ x 219.969 | C12: IG | G12: =G11*219.969 -> 4399.38 | H12: =H11*219.969 -> 13858.047 | I12: =H12*0.06 -> 831.48282
A13: IV | B13: ELECTRICAL METERS
A14: 1 | B14: Meter 1 - 06065253 | C14: kW x 480 | D14: ='8'!F14 -> 4077.9 | E14: ='Daily Meter'!J14 -> 4082 | F14: ='Daily Meter'!K14 -> 4085.1 | G14: =(F14-E14)*480 -> 1488 | H14: =(F14-D14)*480 -> 3456
A15: 2 | B15: Meter 2 - 06065255 | C15: kW x 480 | D15: ='8'!F15 -> 2451.4 | E15: ='Daily Meter'!L14 -> 2453.6 | F15: ='Daily Meter'!M14 -> 2455.6 | G15: =(F15-E15)*480 -> 960 | H15: =(F15-D15)*480 -> 2016
A16: 3 | B16: Meter 3 - 06065259 | C16: kW x 480 | D16: ='8'!F16 -> 2614.1 | E16: ='Daily Meter'!N14 -> 2617.1 | F16: ='Daily Meter'!O14 -> 2619.1 | G16: =(F16-E16)*480 -> 960 | H16: =(F16-D16)*480 -> 2400
A17: 4 | B17: Meter 4 - 06065262 | C17: kW x 480 | D17: ='8'!F17 -> 1302.3 | E17: ='Daily Meter'!P14 -> 1304 | F17: ='Daily Meter'!Q14 -> 1305.4 | G17: =(F17-E17)*480 -> 672 | H17: =(F17-D17)*480 -> 1488
A18: 5 | B18: Meter 6 - 06065269 | C18: kW x 480 | D18: ='8'!F18 -> 3894.3 | E18: ='Daily Meter'!R14 -> 3897.1 | F18: ='Daily Meter'!S14 -> 3899.2 | G18: =(F18-E18)*480 -> 1008 | H18: =(F18-D18)*480 -> 2352
A19: 6 | B19: Meter 7 - 06065283 | C19: kW x 480 | D19: ='8'!F19 -> 10303.9 | E19: ='Daily Meter'!T14 -> 10311.7 | F19: ='Daily Meter'!U14 -> 10317.4 | G19: =(F19-E19)*480 -> 2736 | H19: =(F19-D19)*480 -> 6480
B20: TOTAL ELECTRICAL CONS.(kWh) | G20: =SUM(G14:G19) -> 7824 | H20: =SUM(H14:H19) -> 18192 | I20: =H20*0.43 -> 7822.56
A22: V | B22: GAS CONSUMPTION
A23: 1 | B23: MAIN LPG METER | C23: M3 | D23: ='8'!F23 -> 48454.9 | E23: ='Daily Meter'!V14 -> 48535.8 | F23: ='Daily Meter'!W14 -> 48590 | G23: =F23-E23 -> 54.2 | H23: =F23-D23 -> 135.1
B24: L = m³ x 3.7 | C24: L | H24: =H23*3.7 -> 499.87 | I24: =H24*1.79 -> 894.7673
D27: Summary of Daily Hotel consumption
D28: Item measured | E28: Units | F28: Consumption | G28: AED
D29: Chilled water | E29: TR | F29: =H9 -> 4776.912 | G29: =I9 -> 3009.4546
D30: DEWA Water | E30: imp. Gallon | F30: =H12 -> 13858.047 | G30: =I12 -> 831.48282
D31: Electricity | E31: kwh | F31: =H20 -> 18192 | G31: =I20 -> 7822.56
D32: Gas | E32: m3 | F32: =H23 -> 135.1 | G32: =I24 -> 894.7673
F33: Total cost | G33: =SUM(G29:G32) -> 12558.265

Sheet 10
A1: ENGINEERING DEPARTMENT | J1: daily reading
A3: UTILITY CONSUMPTION SHEET
B4: NOVEMBER | C4: 10
A5: SR.NO | B5: ITEM MEASURED | C5: ='1'!B4 -> JANUARY | D5: Previous Reading | E5: 1st Reading (5am) | F5: 2nd Reading (5pm) | G5: 12hrs CONSUMPTION | H5: 24hrs CONSUMPTION | I5: Cost
A7: 1 | B7: DISTRICT COOLING PLANT
B8: Chilled Water | C8: MWH | D8: ='9'!F8 -> 36220.4 | E8: ='Daily Meter'!B15 -> 36233.7 | F8: ='Daily Meter'!C15 -> 36242.8 | G8: =F8-E8 -> 9.1 | H8: =F8-D8 -> 22.4
C9: TR | G9: =G8*284.34 -> 2587.494 | H9: =H8*284.34 -> 6369.216 | I9: =H9*0.63 -> 4012.6061
A10: III | B10: WATER METERS
B11: Main DEWA Meter | C11: m3 | D11: ='9'!F11 -> 117259 | E11: ='Daily Meter'!D15 -> 117466 | F11: ='Daily Meter'!E15 -> 117469 | G11: =F11-E11 -> 3 | H11: =F11-D11 -> 210
B12: Imperial Gallon = m³ x 219.969 | C12: IG | G12: =G11*219.969 -> 659.907 | H12: =H11*219.969 -> 46193.49 | I12: =H12*0.06 -> 2771.6094
A13: IV | B13: ELECTRICAL METERS
A14: 1 | B14: Meter 1 - 06065253 | C14: kW x 480 | D14: ='9'!F14 -> 4085.1 | E14: ='Daily Meter'!J15 -> 4088.8 | F14: ='Daily Meter'!K15 -> 4091.5 | G14: =(F14-E14)*480 -> 1296 | H14: =(F14-D14)*480 -> 3072
A15: 2 | B15: Meter 2 - 06065255 | C15: kW x 480 | D15: ='9'!F15 -> 2455.6 | E15: ='Daily Meter'!L15 -> 2457.8 | F15: ='Daily Meter'!M15 -> 2459.6 | G15: =(F15-E15)*480 -> 864 | H15: =(F15-D15)*480 -> 1920
A16: 3 | B16: Meter 3 - 06065259 | C16: kW x 480 | D16: ='9'!F16 -> 2619.1 | E16: ='Daily Meter'!N15 -> 2621.9 | F16: ='Daily Meter'!O15 -> 2623.7 | G16: =(F16-E16)*480 -> 864 | H16: =(F16-D16)*480 -> 2208
A17: 4 | B17: Meter 4 - 06065262 | C17: kW x 480 | D17: ='9'!F17 -> 1305.4 | E17: ='Daily Meter'!P15 -> 1309 | F17: ='Daily Meter'!Q15 -> 1308.1 | G17: =(F17-E17)*480 -> -432 | H17: =(F17-D17)*480 -> 1296
A18: 5 | B18: Meter 6 - 06065269 | C18: kW x 480 | D18: ='9'!F18 -> 3899.2 | E18: ='Daily Meter'!R15 -> 3901.9 | F18: ='Daily Meter'!S15 -> 3903.6 | G18: =(F18-E18)*480 -> 816 | H18: =(F18-D18)*480 -> 2112
A19: 6 | B19: Meter 7 - 06065283 | C19: kW x 480 | D19: ='9'!F19 -> 10317.4 | E19: ='Daily Meter'!T15 -> 10324.8 | F19: ='Daily Meter'!U15 -> 10329.7 | G19: =(F19-E19)*480 -> 2352 | H19: =(F19-D19)*480 -> 5904
B20: TOTAL ELECTRICAL CONS.(kWh) | G20: =SUM(G14:G19) -> 5760 | H20: =SUM(H14:H19) -> 16512 | I20: =H20*0.43 -> 7100.16
A22: V | B22: GAS CONSUMPTION
A23: 1 | B23: MAIN LPG METER | C23: M3 | D23: ='9'!F23 -> 48590 | E23: ='Daily Meter'!V15 -> 48679.8 | F23: ='Daily Meter'!W15 -> 48740.2 | G23: =F23-E23 -> 60.4 | H23: =F23-D23 -> 150.2
B24: L = m³ x 3.7 | C24: L | H24: =H23*3.7 -> 555.74 | I24: =H24*1.79 -> 994.7746
D27: Summary of Daily Hotel consumption
D28: Item measured | E28: Units | F28: Consumption | G28: AED
D29: Chilled water | E29: TR | F29: =H9 -> 6369.216 | G29: =I9 -> 4012.6061
D30: DEWA Water | E30: imp. Gallon | F30: =H12 -> 46193.49 | G30: =I12 -> 2771.6094
D31: Electricity | E31: kwh | F31: =H20 -> 16512 | G31: =I20 -> 7100.16
D32: Gas | E32: m3 | F32: =H23 -> 150.2 | G32: =I24 -> 994.7746
F33: Total cost | G33: =SUM(G29:G32) -> 14879.15

Sheet 11
A1: ENGINEERING DEPARTMENT | K1: daily reading
A3: UTILITY CONSUMPTION SHEET
B4: ='1'!B4 -> JANUARY | C4: 11
A5: SR.NO | B5: ITEM MEASURED | D5: Previous Reading | E5: 1st Reading (5am) | F5: 2nd Reading (5pm) | G5: 12hrs CONSUMPTION | H5: 24hrs CONSUMPTION | I5: Cost
A7: 1 | B7: DISTRICT COOLING PLANT
B8: Chilled Water | C8: MWH | D8: ='10'!F8 -> 36242.8 | E8: ='Daily Meter'!B16 -> 36256.9 | F8: ='Daily Meter'!C16 -> 36264.1 | G8: =F8-E8 -> 7.2 | H8: =F8-D8 -> 21.3
C9: TR | G9: =G8*284.34 -> 2047.248 | H9: =H8*284.34 -> 6056.442 | I9: =H9*0.63 -> 3815.5585
A10: III | B10: WATER METERS
B11: Main DEWA Meter | C11: m3 | D11: ='10'!F11 -> 117469 | E11: ='Daily Meter'!D16 -> 117648 | F11: ='Daily Meter'!E16 -> 117761 | G11: =F11-E11 -> 113 | H11: =F11-D11 -> 292
B12: Imperial Gallon = m³ x 219.969 | C12: IG | G12: =G11*219.969 -> 24856.497 | H12: =H11*219.969 -> 64230.948 | I12: =H12*0.06 -> 3853.8569
A13: IV | B13: ELECTRICAL METERS
A14: 1 | B14: Meter 1 - 06065253 | C14: kW x 480 | D14: ='10'!F14 -> 4091.5 | E14: ='Daily Meter'!J16 -> 4095.6 | F14: ='Daily Meter'!K16 -> 4098.3 | G14: =(F14-E14)*480 -> 1296 | H14: =(F14-D14)*480 -> 3264
A15: 2 | B15: Meter 2 - 06065255 | C15: kW x 480 | D15: ='10'!F15 -> 2459.6 | E15: ='Daily Meter'!L16 -> 2461.9 | F15: ='Daily Meter'!M16 -> 2463.7 | G15: =(F15-E15)*480 -> 864 | H15: =(F15-D15)*480 -> 1968
A16: 3 | B16: Meter 3 - 06065259 | C16: kW x 480 | D16: ='10'!F16 -> 2623.7 | E16: ='Daily Meter'!N16 -> 2626.7 | F16: ='Daily Meter'!O16 -> 2628.3 | G16: =(F16-E16)*480 -> 768 | H16: =(F16-D16)*480 -> 2208
A17: 4 | B17: Meter 4 - 06065262 | C17: kW x 480 | D17: ='10'!F17 -> 1308.1 | E17: ='Daily Meter'!P16 -> 1309.8 | F17: ='Daily Meter'!Q16 -> 1310.8 | G17: =(F17-E17)*480 -> 480 | H17: =(F17-D17)*480 -> 1296
A18: 5 | B18: Meter 6 - 06065269 | C18: kW x 480 | D18: ='10'!F18 -> 3903.6 | E18: ='Daily Meter'!R16 -> 3906.5 | F18: ='Daily Meter'!S16 -> 3908.2 | G18: =(F18-E18)*480 -> 816 | H18: =(F18-D18)*480 -> 2208
A19: 6 | B19: Meter 7 - 06065283 | C19: kW x 480 | D19: ='10'!F19 -> 10329.7 | E19: ='Daily Meter'!T16 -> 10337.7 | F19: ='Daily Meter'!U16 -> 10342.4 | G19: =(F19-E19)*480 -> 2256 | H19: =(F19-D19)*480 -> 6096
B20: TOTAL ELECTRICAL CONS.(kWh) | G20: =SUM(G14:G19) -> 6480 | H20: =SUM(H14:H19) -> 17040 | I20: =H20*0.43 -> 7327.2
A22: V | B22: GAS CONSUMPTION
A23: 1 | B23: MAIN LPG METER | C23: M3 | D23: ='10'!F23 -> 48740.2 | E23: ='Daily Meter'!V16 -> 48831 | F23: ='Daily Meter'!W16 -> 48891.2 | G23: =F23-E23 -> 60.2 | H23: =F23-D23 -> 151
B24: L = m³ x 3.7 | C24: L | H24: =H23*3.7 -> 558.7 | I24: =H24*1.79 -> 1000.073
D27: Summary of Daily Hotel consumption
D28: Item measured | E28: Units | F28: Consumption | G28: AED
D29: Chilled water | E29: TR | F29: =H9 -> 6056.442 | G29: =I9 -> 3815.5585
D30: DEWA Water | E30: imp. Gallon | F30: =H12 -> 64230.948 | G30: =I12 -> 3853.8569
D31: Electricity | E31: kwh | F31: =H20 -> 17040 | G31: =I20 -> 7327.2
D32: Gas | E32: m3 | F32: =H23 -> 151 | G32: =I24 -> 1000.073
F33: Total cost | G33: =SUM(G29:G32) -> 15996.688

Sheet 12
A1: ENGINEERING DEPARTMENT | K1: daily reading
A3: UTILITY CONSUMPTION SHEET
B4: ='1'!B4 -> JANUARY | C4: 12
A5: SR.NO | B5: ITEM MEASURED | D5: Previous Reading | E5: 1st Reading (5am) | F5: 2nd Reading (5pm) | G5: 12hrs CONSUMPTION | H5: 24hrs CONSUMPTION | I5: Cost
A7: 1 | B7: DISTRICT COOLING PLANT
B8: Chilled Water | C8: MWH | D8: ='11'!F8 -> 36264.1 | E8: ='Daily Meter'!B17 -> 36275.9 | F8: ='Daily Meter'!C17 -> 36281.8 | G8: =F8-E8 -> 5.9 | H8: =F8-D8 -> 17.7
C9: TR | G9: =G8*284.34 -> 1677.606 | H9: =H8*284.34 -> 5032.818 | I9: =H9*0.63 -> 3170.6753
A10: III | B10: WATER METERS
B11: Main DEWA Meter | C11: m3 | D11: ='11'!F11 -> 117761 | E11: ='Daily Meter'!D17 -> 117985 | F11: ='Daily Meter'!E17 -> 118072 | G11: =F11-E11 -> 87 | H11: =F11-D11 -> 311
B12: Imperial Gallon = m³ x 219.969 | C12: IG | G12: =G11*219.969 -> 19137.303 | H12: =H11*219.969 -> 68410.359 | I12: =H12*0.06 -> 4104.6215
A13: IV | B13: ELECTRICAL METERS
A14: 1 | B14: Meter 1 - 06065253 | C14: kW x 480 | D14: ='11'!F14 -> 4098.3 | E14: ='Daily Meter'!J17 -> 4102.4 | F14: ='Daily Meter'!K17 -> 4104.9 | G14: =(F14-E14)*480 -> 1200 | H14: =(F14-D14)*480 -> 3168
A15: 2 | B15: Meter 2 - 06065255 | C15: kW x 480 | D15: ='11'!F15 -> 2463.7 | E15: ='Daily Meter'!L17 -> 2466.2 | F15: ='Daily Meter'!M17 -> 2467.9 | G15: =(F15-E15)*480 -> 816 | H15: =(F15-D15)*480 -> 2016
A16: 3 | B16: Meter 3 - 06065259 | C16: kW x 480 | D16: ='11'!F16 -> 2628.3 | E16: ='Daily Meter'!N17 -> 2631.7 | F16: ='Daily Meter'!O17 -> 2633.3 | G16: =(F16-E16)*480 -> 768 | H16: =(F16-D16)*480 -> 2400
A17: 4 | B17: Meter 4 - 06065262 | C17: kW x 480 | D17: ='11'!F17 -> 1310.8 | E17: ='Daily Meter'!P17 -> 1312.6 | F17: ='Daily Meter'!Q17 -> 1313.6 | G17: =(F17-E17)*480 -> 480 | H17: =(F17-D17)*480 -> 1344
A18: 5 | B18: Meter 6 - 06065269 | C18: kW x 480 | D18: ='11'!F18 -> 3908.2 | E18: ='Daily Meter'!R17 -> 3911.2 | F18: ='Daily Meter'!S17 -> 3912.9 | G18: =(F18-E18)*480 -> 816 | H18: =(F18-D18)*480 -> 2256
A19: 6 | B19: Meter 7 - 06065283 | C19: kW x 480 | D19: ='11'!F19 -> 10342.4 | E19: ='Daily Meter'!T17 -> 10350.7 | F19: ='Daily Meter'!U17 -> 10355 | G19: =(F19-E19)*480 -> 2064 | H19: =(F19-D19)*480 -> 6048
B20: TOTAL ELECTRICAL CONS.(kWh) | G20: =SUM(G14:G19) -> 6144 | H20: =SUM(H14:H19) -> 17232 | I20: =H20*0.43 -> 7409.76
A22: V | B22: GAS CONSUMPTION
A23: 1 | B23: MAIN LPG METER | C23: M3 | D23: ='11'!F23 -> 48891.2 | E23: ='Daily Meter'!V17 -> 48983.2 | F23: ='Daily Meter'!W17 -> 49037 | G23: =F23-E23 -> 53.8 | H23: =F23-D23 -> 145.8
B24: L = m³ x 3.7 | C24: L | H24: =H23*3.7 -> 539.46 | I24: =H24*1.79 -> 965.6334
D27: Summary of Daily Hotel consumption
D28: Item measured | E28: Units | F28: Consumption | G28: AED
D29: Chilled water | E29: TR | F29: =H9 -> 5032.818 | G29: =I9 -> 3170.6753
D30: DEWA Water | E30: imp. Gallon | F30: =H12 -> 68410.359 | G30: =I12 -> 4104.6215
D31: Electricity | E31: kwh | F31: =H20 -> 17232 | G31: =I20 -> 7409.76
D32: Gas | E32: m3 | F32: =H23 -> 145.8 | G32: =I24 -> 965.6334
F33: Total cost | G33: =SUM(G29:G32) -> 15650.69

Sheet 13
A1: ENGINEERING DEPARTMENT | K1: daily reading
A3: UTILITY CONSUMPTION SHEET
B4: ='1'!B4 -> JANUARY | C4: 13
A5: SR.NO | B5: ITEM MEASURED | D5: Previous Reading | E5: 1st Reading (5am) | F5: 2nd Reading (5pm) | G5: 12hrs CONSUMPTION | H5: 24hrs CONSUMPTION | I5: Cost
A7: 1 | B7: DISTRICT COOLING PLANT
B8: Chilled Water | C8: MWH | D8: ='12'!F8 -> 36281.8 | E8: ='Daily Meter'!B18 -> 36292.5 | F8: ='Daily Meter'!C18 -> 36298.1 | G8: =F8-E8 -> 5.6 | H8: =F8-D8 -> 16.3
C9: TR | G9: =G8*284.34 -> 1592.304 | H9: =H8*284.34 -> 4634.742 | I9: =H9*0.63 -> 2919.8875
A10: III | B10: WATER METERS
B11: Main DEWA Meter | C11: m3 | D11: ='12'!F11 -> 118072 | E11: ='Daily Meter'!D18 -> 118299 | F11: ='Daily Meter'!E18 -> 118303 | G11: =F11-E11 -> 4 | H11: =F11-D11 -> 231
B12: Imperial Gallon = m³ x 219.969 | C12: IG | G12: =G11*219.969 -> 879.876 | H12: =H11*219.969 -> 50812.839 | I12: =H12*0.06 -> 3048.7703
A13: IV | B13: ELECTRICAL METERS
A14: 1 | B14: Meter 1 - 06065253 | C14: kW x 480 | D14: ='12'!F14 -> 4104.9 | E14: ='Daily Meter'!J18 -> 4109.2 | F14: ='Daily Meter'!K18 -> 4111.9 | G14: =(F14-E14)*480 -> 1296 | H14: =(F14-D14)*480 -> 3360
A15: 2 | B15: Meter 2 - 06065255 | C15: kW x 480 | D15: ='12'!F15 -> 2467.9 | E15: ='Daily Meter'!L18 -> 2470.2 | F15: ='Daily Meter'!M18 -> 2471.9 | G15: =(F15-E15)*480 -> 816 | H15: =(F15-D15)*480 -> 1920
A16: 3 | B16: Meter 3 - 06065259 | C16: kW x 480 | D16: ='12'!F16 -> 2633.3 | E16: ='Daily Meter'!N18 -> 2636.6 | F16: ='Daily Meter'!O18 -> 2638.3 | G16: =(F16-E16)*480 -> 816 | H16: =(F16-D16)*480 -> 2400
A17: 4 | B17: Meter 4 - 06065262 | C17: kW x 480 | D17: ='12'!F17 -> 1313.6 | E17: ='Daily Meter'!P18 -> 1315.6 | F17: ='Daily Meter'!Q18 -> 1316.6 | G17: =(F17-E17)*480 -> 480 | H17: =(F17-D17)*480 -> 1440
A18: 5 | B18: Meter 6 - 06065269 | C18: kW x 480 | D18: ='12'!F18 -> 3912.9 | E18: ='Daily Meter'!R18 -> 3915.9 | F18: ='Daily Meter'!S18 -> 3917.6 | G18: =(F18-E18)*480 -> 816 | H18: =(F18-D18)*480 -> 2256
A19: 6 | B19: Meter 7 - 06065283 | C19: kW x 480 | D19: ='12'!F19 -> 10355 | E19: ='Daily Meter'!T18 -> 10363.1 | F19: ='Daily Meter'!U18 -> 10367.5 | G19: =(F19-E19)*480 -> 2112 | H19: =(F19-D19)*480 -> 6000
B20: TOTAL ELECTRICAL CONS.(kWh) | G20: =SUM(G14:G19) -> 6336 | H20: =SUM(H14:H19) -> 17376 | I20: =H20*0.43 -> 7471.68
A22: V | B22: GAS CONSUMPTION
A23: 1 | B23: MAIN LPG METER | C23: M3 | D23: ='12'!F23 -> 49037 | E23: ='Daily Meter'!V18 -> 49127.3 | F23: ='Daily Meter'!W18 -> 49177.5 | G23: =F23-E23 -> 50.2 | H23: =F23-D23 -> 140.5
B24: L = m³ x 3.7 | C24: L | H24: =H23*3.7 -> 519.85 | I24: =H24*1.79 -> 930.5315
D27: Summary of Daily Hotel consumption
D28: Item measured | E28: Units | F28: Consumption | G28: AED
D29: Chilled water | E29: TR | F29: =H9 -> 4634.742 | G29: =I9 -> 2919.8875
D30: DEWA Water | E30: imp. Gallon | F30: =H12 -> 50812.839 | G30: =I12 -> 3048.7703
D31: Electricity | E31: kwh | F31: =H20 -> 17376 | G31: =I20 -> 7471.68
D32: Gas | E32: m3 | F32: =H23 -> 140.5 | G32: =I24 -> 930.5315
F33: Total cost | G33: =SUM(G29:G32) -> 14370.869

Sheet 14
A1: ENGINEERING DEPARTMENT | J1: daily reading
A3: UTILITY CONSUMPTION SHEET
B4: ='1'!B4 -> JANUARY | C4: 14
A5: SR.NO | B5: ITEM MEASURED | D5: Previous Reading | E5: 1st Reading (5am) | F5: 2nd Reading (5pm) | G5: 12hrs CONSUMPTION | H5: 24hrs CONSUMPTION | I5: Cost
A7: 1 | B7: DISTRICT COOLING PLANT
B8: Chilled Water | C8: MWH | D8: ='13'!F8 -> 36298.1 | E8: ='Daily Meter'!B19 -> 36307.9 | F8: ='Daily Meter'!C19 -> 36313.9 | G8: =F8-E8 -> 6 | H8: =F8-D8 -> 15.8
C9: TR | G9: =G8*284.34 -> 1706.04 | H9: =H8*284.34 -> 4492.572 | I9: =H9*0.63 -> 2830.3204
A10: III | B10: WATER METERS
B11: Main DEWA Meter | C11: m3 | D11: ='13'!F11 -> 118303 | E11: ='Daily Meter'!D19 -> 118479 | F11: ='Daily Meter'!E19 -> 118528 | G11: =F11-E11 -> 49 | H11: =F11-D11 -> 225
B12: Imperial Gallon = m³ x 219.969 | C12: IG | G12: =G11*219.969 -> 10778.481 | H12: =H11*219.969 -> 49493.025 | I12: =H12*0.06 -> 2969.5815
A13: IV | B13: ELECTRICAL METERS
A14: 1 | B14: Meter 1 - 06065253 | C14: kW x 480 | D14: ='13'!F14 -> 4111.9 | E14: ='Daily Meter'!J19 -> 4115.6 | F14: ='Daily Meter'!K19 -> 4118.6 | G14: =(F14-E14)*480 -> 1440 | H14: =(F14-D14)*480 -> 3216
A15: 2 | B15: Meter 2 - 06065255 | C15: kW x 480 | D15: ='13'!F15 -> 2471.9 | E15: ='Daily Meter'!L19 -> 2474.1 | F15: ='Daily Meter'!M19 -> 2475.8 | G15: =(F15-E15)*480 -> 816 | H15: =(F15-D15)*480 -> 1872
A16: 3 | B16: Meter 3 - 06065259 | C16: kW x 480 | D16: ='13'!F16 -> 2638.3 | E16: ='Daily Meter'!N19 -> 2641.4 | F16: ='Daily Meter'!O19 -> 2643.3 | G16: =(F16-E16)*480 -> 912 | H16: =(F16-D16)*480 -> 2400
A17: 4 | B17: Meter 4 - 06065262 | C17: kW x 480 | D17: ='13'!F17 -> 1316.6 | E17: ='Daily Meter'!P19 -> 1318.6 | F17: ='Daily Meter'!Q19 -> 1319.6 | G17: =(F17-E17)*480 -> 480 | H17: =(F17-D17)*480 -> 1440
A18: 5 | B18: Meter 6 - 06065269 | C18: kW x 480 | D18: ='13'!F18 -> 3917.6 | E18: ='Daily Meter'!R19 -> 3920.3 | F18: ='Daily Meter'!S19 -> 3922.3 | G18: =(F18-E18)*480 -> 960 | H18: =(F18-D18)*480 -> 2256
A19: 6 | B19: Meter 7 - 06065283 | C19: kW x 480 | D19: ='13'!F19 -> 10367.5 | E19: ='Daily Meter'!T19 -> 10374.7 | F19: ='Daily Meter'!U19 -> 10379.8 | G19: =(F19-E19)*480 -> 2448 | H19: =(F19-D19)*480 -> 5904
B20: TOTAL ELECTRICAL CONS.(kWh) | G20: =SUM(G14:G19) -> 7056 | H20: =SUM(H14:H19) -> 17088 | I20: =H20*0.43 -> 7347.84
A22: V | B22: GAS CONSUMPTION
A23: 1 | B23: MAIN LPG METER | C23: M3 | D23: ='13'!F23 -> 49177.5 | E23: ='Daily Meter'!V19 -> 49261.6 | F23: ='Daily Meter'!W19 -> 49322.6 | G23: =F23-E23 -> 61 | H23: =F23-D23 -> 145.1
B24: L = m³ x 3.7 | C24: L | H24: =H23*3.7 -> 536.87 | I24: =H24*1.79 -> 960.9973
D27: Summary of Daily Hotel consumption
D28: Item measured | E28: Units | F28: Consumption | G28: AED
D29: Chilled water | E29: TR | F29: =H9 -> 4492.572 | G29: =I9 -> 2830.3204
D30: DEWA Water | E30: imp. Gallon | F30: =H12 -> 49493.025 | G30: =I12 -> 2969.5815
D31: Electricity | E31: kwh | F31: =H20 -> 17088 | G31: =I20 -> 7347.84
D32: Gas | E32: m3 | F32: =H23 -> 145.1 | G32: =I24 -> 960.9973
F33: Total cost | G33: =SUM(G29:G32) -> 14108.739

Sheet 15
A1: ENGINEERING DEPARTMENT | J1: daily reading
A3: UTILITY CONSUMPTION SHEET
B4: ='1'!B4 -> JANUARY | C4: 15
A5: SR.NO | B5: ITEM MEASURED | D5: Previous Reading | E5: 1st Reading (5am) | F5: 2nd Reading (5pm) | G5: 12hrs CONSUMPTION | H5: 24hrs CONSUMPTION | I5: Cost
A7: 1 | B7: DISTRICT COOLING PLANT
B8: Chilled Water | C8: MWH | D8: ='14'!F8 -> 36313.9 | E8: ='Daily Meter'!B20 -> 36323.2 | F8: ='Daily Meter'!C20 -> 36330 | G8: =F8-E8 -> 6.8 | H8: =F8-D8 -> 16.1
C9: TR | G9: =G8*284.34 -> 1933.512 | H9: =H8*284.34 -> 4577.874 | I9: =H9*0.63 -> 2884.0606
A10: III | B10: WATER METERS
B11: Main DEWA Meter | C11: m3 | D11: ='14'!F11 -> 118528 | E11: ='Daily Meter'!D20 -> 118817 | F11: ='Daily Meter'!E20 -> 118825 | G11: =F11-E11 -> 8 | H11: =F11-D11 -> 297
B12: Imperial Gallon = m³ x 219.969 | C12: IG | G12: =G11*219.969 -> 1759.752 | H12: =H11*219.969 -> 65330.793 | I12: =H12*0.06 -> 3919.8476
A13: IV | B13: ELECTRICAL METERS
A14: 1 | B14: Meter 1 - 06065253 | C14: kW x 480 | D14: ='14'!F14 -> 4118.6 | E14: ='Daily Meter'!J20 -> 4122.3 | F14: ='Daily Meter'!K20 -> 4125.2 | G14: =(F14-E14)*480 -> 1392 | H14: =(F14-D14)*480 -> 3168
A15: 2 | B15: Meter 2 - 06065255 | C15: kW x 480 | D15: ='14'!F15 -> 2475.8 | E15: ='Daily Meter'!L20 -> 2477.8 | F15: ='Daily Meter'!M20 -> 2479.5 | G15: =(F15-E15)*480 -> 816 | H15: =(F15-D15)*480 -> 1776
A16: 3 | B16: Meter 3 - 06065259 | C16: kW x 480 | D16: ='14'!F16 -> 2643.3 | E16: ='Daily Meter'!N20 -> 2646 | F16: ='Daily Meter'!O20 -> 2647.9 | G16: =(F16-E16)*480 -> 912 | H16: =(F16-D16)*480 -> 2208
A17: 4 | B17: Meter 4 - 06065262 | C17: kW x 480 | D17: ='14'!F17 -> 1319.6 | E17: ='Daily Meter'!P20 -> 1321.2 | F17: ='Daily Meter'!Q20 -> 1322.4 | G17: =(F17-E17)*480 -> 576 | H17: =(F17-D17)*480 -> 1344
A18: 5 | B18: Meter 6 - 06065269 | C18: kW x 480 | D18: ='14'!F18 -> 3922.3 | E18: ='Daily Meter'!R20 -> 3924.8 | F18: ='Daily Meter'!S20 -> 3926.8 | G18: =(F18-E18)*480 -> 960 | H18: =(F18-D18)*480 -> 2160
A19: 6 | B19: Meter 7 - 06065283 | C19: kW x 480 | D19: ='14'!F19 -> 10379.8 | E19: ='Daily Meter'!T20 -> 10386.2 | F19: ='Daily Meter'!U20 -> 10391.7 | G19: =(F19-E19)*480 -> 2640 | H19: =(F19-D19)*480 -> 5712
B20: TOTAL ELECTRICAL CONS.(kWh) | G20: =SUM(G14:G19) -> 7296 | H20: =SUM(H14:H19) -> 16368 | I20: =H20*0.43 -> 7038.24
A22: V | B22: GAS CONSUMPTION
A23: 1 | B23: MAIN LPG METER | C23: M3 | D23: ='14'!F23 -> 49322.6 | E23: ='Daily Meter'!V20 -> 49402.8 | F23: ='Daily Meter'!W20 -> 49460.3 | G23: =F23-E23 -> 57.5 | H23: =F23-D23 -> 137.7
B24: L = m³ x 3.7 | C24: L | H24: =H23*3.7 -> 509.49 | I24: =H24*1.79 -> 911.9871
D27: Summary of Daily Hotel consumption
D28: Item measured | E28: Units | F28: Consumption | G28: AED
D29: Chilled water | E29: TR | F29: =H9 -> 4577.874 | G29: =I9 -> 2884.0606
D30: DEWA Water | E30: imp. Gallon | F30: =H12 -> 65330.793 | G30: =I12 -> 3919.8476
D31: Electricity | E31: kwh | F31: =H20 -> 16368 | G31: =I20 -> 7038.24
D32: Gas | E32: m3 | F32: =H23 -> 137.7 | G32: =I24 -> 911.9871
F33: Total cost | G33: =SUM(G29:G32) -> 14754.135

Sheet 16
A1: ENGINEERING DEPARTMENT | J1: daily reading
A3: UTILITY CONSUMPTION SHEET
B4: ='1'!B4 -> JANUARY | C4: 16
A5: SR.NO | B5: ITEM MEASURED | D5: Previous Reading | E5: 1st Reading (5am) | F5: 2nd Reading (5pm) | G5: 12hrs CONSUMPTION | H5: 24hrs CONSUMPTION | I5: Cost
A7: 1 | B7: DISTRICT COOLING PLANT
B8: Chilled Water | C8: MWH | D8: ='15'!F8 -> 36330 | E8: ='Daily Meter'!B21 -> 36341.1 | F8: ='Daily Meter'!C21 -> 36346.9 | G8: =F8-E8 -> 5.8 | H8: =F8-D8 -> 16.9
C9: TR | G9: =G8*284.34 -> 1649.172 | H9: =H8*284.34 -> 4805.346 | I9: =H9*0.63 -> 3027.368
A10: III | B10: WATER METERS
B11: Main DEWA Meter | C11: m3 | D11: ='15'!F11 -> 118825 | E11: ='Daily Meter'!D21 -> 118941 | F11: ='Daily Meter'!E21 -> 119056 | G11: =F11-E11 -> 115 | H11: =F11-D11 -> 231
B12: Imperial Gallon = m³ x 219.969 | C12: IG | G12: =G11*219.969 -> 25296.435 | H12: =H11*219.969 -> 50812.839 | I12: =H12*0.06 -> 3048.7703
A13: IV | B13: ELECTRICAL METERS
A14: 1 | B14: Meter 1 - 06065253 | C14: kW x 480 | D14: ='15'!F14 -> 4125.2 | E14: ='Daily Meter'!J21 -> 4129.6 | F14: ='Daily Meter'!K21 -> 4132 | G14: =(F14-E14)*480 -> 1152 | H14: =(F14-D14)*480 -> 3264
A15: 2 | B15: Meter 2 - 06065255 | C15: kW x 480 | D15: ='15'!F15 -> 2479.5 | E15: ='Daily Meter'!L21 -> 2481.8 | F15: ='Daily Meter'!M21 -> 2483.4 | G15: =(F15-E15)*480 -> 768 | H15: =(F15-D15)*480 -> 1872
A16: 3 | B16: Meter 3 - 06065259 | C16: kW x 480 | D16: ='15'!F16 -> 2647.9 | E16: ='Daily Meter'!N21 -> 2651.1 | F16: ='Daily Meter'!O21 -> 2652.7 | G16: =(F16-E16)*480 -> 768 | H16: =(F16-D16)*480 -> 2304
A17: 4 | B17: Meter 4 - 06065262 | C17: kW x 480 | D17: ='15'!F17 -> 1322.4 | E17: ='Daily Meter'!P21 -> 1324.4 | F17: ='Daily Meter'!Q21 -> 1325.1 | G17: =(F17-E17)*480 -> 336 | H17: =(F17-D17)*480 -> 1296
A18: 5 | B18: Meter 6 - 06065269 | C18: kW x 480 | D18: ='15'!F18 -> 3926.8 | E18: ='Daily Meter'!R21 -> 3929.9 | F18: ='Daily Meter'!S21 -> 3931.5 | G18: =(F18-E18)*480 -> 768 | H18: =(F18-D18)*480 -> 2256
A19: 6 | B19: Meter 7 - 06065283 | C19: kW x 480 | D19: ='15'!F19 -> 10391.7 | E19: ='Daily Meter'!T21 -> 10398.5 | F19: ='Daily Meter'!U21 -> 10401.9 | G19: =(F19-E19)*480 -> 1632 | H19: =(F19-D19)*480 -> 4896
B20: TOTAL ELECTRICAL CONS.(kWh) | G20: =SUM(G14:G19) -> 5424 | H20: =SUM(H14:H19) -> 15888 | I20: =H20*0.43 -> 6831.84
A22: V | B22: GAS CONSUMPTION
A23: 1 | B23: MAIN LPG METER | C23: M3 | D23: ='15'!F23 -> 49460.3 | E23: ='Daily Meter'!V21 -> 49544 | F23: ='Daily Meter'!W21 -> 49586.8 | G23: =F23-E23 -> 42.8 | H23: =F23-D23 -> 126.5
B24: L = m³ x 3.7 | C24: L | H24: =H23*3.7 -> 468.05 | I24: =H24*1.79 -> 837.8095
D27: Summary of Daily Hotel consumption
D28: Item measured | E28: Units | F28: Consumption | G28: AED
D29: Chilled water | E29: TR | F29: =H9 -> 4805.346 | G29: =I9 -> 3027.368
D30: DEWA Water | E30: imp. Gallon | F30: =H12 -> 50812.839 | G30: =I12 -> 3048.7703
D31: Electricity | E31: kwh | F31: =H20 -> 15888 | G31: =I20 -> 6831.84
D32: Gas | E32: m3 | F32: =H23 -> 126.5 | G32: =I24 -> 837.8095
F33: Total cost | G33: =SUM(G29:G32) -> 13745.788

Sheet 17
A1: ENGINEERING DEPARTMENT | J1: daily reading
A3: UTILITY CONSUMPTION SHEET
B4: ='1'!B4 -> JANUARY | C4: 17
A5: SR.NO | B5: ITEM MEASURED | D5: Previous Reading | E5: 1st Reading (5am) | F5: 2nd Reading (5pm) | G5: 12hrs CONSUMPTION | H5: 24hrs CONSUMPTION | I5: Cost
A7: 1 | B7: DISTRICT COOLING PLANT
B8: Chilled Water | C8: MWH | D8: ='16'!F8 -> 36346.9 | E8: ='Daily Meter'!B22 -> 36355.6 | F8: ='Daily Meter'!C22 -> 36367.8 | G8: =F8-E8 -> 12.2 | H8: =F8-D8 -> 20.9
C9: TR | G9: =G8*284.34 -> 3468.948 | H9: =H8*284.34 -> 5942.706 | I9: =H9*0.63 -> 3743.9048
A10: III | B10: WATER METERS
B11: Main DEWA Meter | C11: m3 | D11: ='16'!F11 -> 119056 | E11: ='Daily Meter'!D22 -> 119216 | F11: ='Daily Meter'!E22 -> 119219 | G11: =F11-E11 -> 3 | H11: =F11-D11 -> 163
B12: Imperial Gallon = m³ x 219.969 | C12: IG | G12: =G11*219.969 -> 659.907 | H12: =H11*219.969 -> 35854.947 | I12: =H12*0.06 -> 2151.2968
A13: IV | B13: ELECTRICAL METERS
A14: 1 | B14: Meter 1 - 06065253 | C14: kW x 480 | D14: ='16'!F14 -> 4132 | E14: ='Daily Meter'!J22 -> 4136 | F14: ='Daily Meter'!K22 -> 4139.9 | G14: =(F14-E14)*480 -> 1872 | H14: =(F14-D14)*480 -> 3792
A15: 2 | B15: Meter 2 - 06065255 | C15: kW x 480 | D15: ='16'!F15 -> 2483.4 | E15: ='Daily Meter'!L22 -> 2485.5 | F15: ='Daily Meter'!M22 -> 2488.1 | G15: =(F15-E15)*480 -> 1248 | H15: =(F15-D15)*480 -> 2256
A16: 3 | B16: Meter 3 - 06065259 | C16: kW x 480 | D16: ='16'!D16 -> 2647.9 | E16: ='Daily Meter'!N21 -> 2651.1 | F16: ='Daily Meter'!O21 -> 2652.7 | G16: =(F16-E16)*480 -> 768 | H16: =(F16-D16)*480 -> 2304
A17: 4 | B17: Meter 4 - 06065262 | C17: kW x 480 | D17: ='16'!F17 -> 1325.1 | E17: ='Daily Meter'!P22 -> 1326.7 | F17: ='Daily Meter'!Q22 -> 1328.1 | G17: =(F17-E17)*480 -> 672 | H17: =(F17-D17)*480 -> 1440
A18: 5 | B18: Meter 6 - 06065269 | C18: kW x 480 | D18: ='16'!F18 -> 3931.5 | E18: ='Daily Meter'!R22 -> 3934.2 | F18: ='Daily Meter'!S22 -> 3936.8 | G18: =(F18-E18)*480 -> 1248 | H18: =(F18-D18)*480 -> 2544
A19: 6 | B19: Meter 7 - 06065283 | C19: kW x 480 | D19: ='16'!F19 -> 10401.9 | E19: ='Daily Meter'!T22 -> 10408.5 | F19: ='Daily Meter'!U22 -> 10414.8 | G19: =(F19-E19)*480 -> 3024 | H19: =(F19-D19)*480 -> 6192
B20: TOTAL ELECTRICAL CONS.(kWh) | G20: =SUM(G14:G19) -> 8832 | H20: =SUM(H14:H19) -> 18528 | I20: =H20*0.43 -> 7967.04
A22: V | B22: GAS CONSUMPTION
A23: 1 | B23: MAIN LPG METER | C23: M3 | D23: ='16'!F23 -> 49586.8 | E23: ='Daily Meter'!V22 -> 49655.8 | F23: ='Daily Meter'!W22 -> 49753.6 | G23: =F23-E23 -> 97.8 | H23: =F23-D23 -> 166.8
B24: L = m³ x 3.7 | C24: L | H24: =H23*3.7 -> 617.16 | I24: =H24*1.79 -> 1104.7164
D27: Summary of Daily Hotel consumption
D28: Item measured | E28: Units | F28: Consumption | G28: AED
D29: Chilled water | E29: TR | F29: =H9 -> 5942.706 | G29: =I9 -> 3743.9048
D30: DEWA Water | E30: imp. Gallon | F30: =H12 -> 35854.947 | G30: =I12 -> 2151.2968
D31: Electricity | E31: kwh | F31: =H20 -> 18528 | G31: =I20 -> 7967.04
D32: Gas | E32: m3 | F32: =H23 -> 166.8 | G32: =I24 -> 1104.7164
F33: Total cost | G33: =SUM(G29:G32) -> 14966.958

Sheet 18
A1: ENGINEERING DEPARTMENT | J1: daily reading
A3: UTILITY CONSUMPTION SHEET
B4: ='1'!B4 -> JANUARY | C4: 18
A5: SR.NO | B5: ITEM MEASURED | D5: Previous Reading | E5: 1st Reading (5am) | F5: 2nd Reading (5pm) | G5: 12hrs CONSUMPTION | H5: 24hrs CONSUMPTION | I5: Cost
A7: 1 | B7: DISTRICT COOLING PLANT
B8: Chilled Water | C8: MWH | D8: ='17'!F8 -> 36367.8 | E8: ='Daily Meter'!B23 -> 36374.9 | F8: ='Daily Meter'!C23 -> 36382.6 | G8: =F8-E8 -> 7.7 | H8: =F8-D8 -> 14.8
C9: TR | G9: =G8*284.34 -> 2189.418 | H9: =H8*284.34 -> 4208.232 | I9: =H9*0.63 -> 2651.1862
A10: III | B10: WATER METERS
B11: Main DEWA Meter | C11: m3 | D11: ='17'!F11 -> 119219 | E11: ='Daily Meter'!D23 -> 119389 | F11: ='Daily Meter'!E23 -> 119454 | G11: =F11-E11 -> 65 | H11: =F11-D11 -> 235
B12: Imperial Gallon = m³ x 219.969 | C12: IG | G12: =G11*219.969 -> 14297.985 | H12: =H11*219.969 -> 51692.715 | I12: =H12*0.06 -> 3101.5629
A13: IV | B13: ELECTRICAL METERS
A14: 1 | B14: Meter 1 - 06065253 | C14: kW x 480 | D14: ='17'!F14 -> 4139.9 | E14: ='Daily Meter'!J23 -> 4142.7 | F14: ='Daily Meter'!K23 -> 4145.6 | G14: =(F14-E14)*480 -> 1392 | H14: =(F14-D14)*480 -> 2736
A15: 2 | B15: Meter 2 - 06065255 | C15: kW x 480 | D15: ='17'!F15 -> 2488.1 | E15: ='Daily Meter'!L23 -> 2489.5 | F15: ='Daily Meter'!M23 -> 2491.5 | G15: =(F15-E15)*480 -> 960 | H15: =(F15-D15)*480 -> 1632
A16: 3 | B16: Meter 3 - 06065259 | C16: kW x 480 | D16: ='17'!F16 -> 2652.7 | E16: ='Daily Meter'!N23 -> 2660.1 | F16: ='Daily Meter'!O23 -> 2662.1 | G16: =(F16-E16)*480 -> 960 | H16: =(F16-D16)*480 -> 4512
A17: 4 | B17: Meter 4 - 06065262 | C17: kW x 480 | D17: ='17'!F17 -> 1328.1 | E17: ='Daily Meter'!P23 -> 1329.3 | F17: ='Daily Meter'!Q23 -> 1330.4 | G17: =(F17-E17)*480 -> 528 | H17: =(F17-D17)*480 -> 1104
A18: 5 | B18: Meter 6 - 06065269 | C18: kW x 480 | D18: ='17'!F18 -> 3936.8 | E18: ='Daily Meter'!R23 -> 3938.9 | F18: ='Daily Meter'!S23 -> 3940.9 | G18: =(F18-E18)*480 -> 960 | H18: =(F18-D18)*480 -> 1968
A19: 6 | B19: Meter 7 - 06065283 | C19: kW x 480 | D19: ='17'!F19 -> 10414.8 | E19: ='Daily Meter'!T23 -> 10419.9 | F19: ='Daily Meter'!U23 -> 10425.1 | G19: =(F19-E19)*480 -> 2496 | H19: =(F19-D19)*480 -> 4944
B20: TOTAL ELECTRICAL CONS.(kWh) | G20: =SUM(G14:G19) -> 7296 | H20: =SUM(H14:H19) -> 16896 | I20: =H20*0.43 -> 7265.28
A22: V | B22: GAS CONSUMPTION
A23: 1 | B23: MAIN LPG METER | C23: M3 | D23: ='17'!F23 -> 49753.6 | E23: ='Daily Meter'!V23 -> 49810.2 | F23: ='Daily Meter'!W23 -> 49882.4 | G23: =F23-E23 -> 72.2 | H23: =F23-D23 -> 128.8
B24: L = m³ x 3.7 | C24: L | H24: =H23*3.7 -> 476.56 | I24: =H24*1.79 -> 853.0424
D27: Summary of Daily Hotel consumption
D28: Item measured | E28: Units | F28: Consumption | G28: AED
D29: Chilled water | E29: TR | F29: =H9 -> 4208.232 | G29: =I9 -> 2651.1862
D30: DEWA Water | E30: imp. Gallon | F30: =H12 -> 51692.715 | G30: =I12 -> 3101.5629
D31: Electricity | E31: kwh | F31: =H20 -> 16896 | G31: =I20 -> 7265.28
D32: Gas | E32: m3 | F32: =H23 -> 128.8 | G32: =I24 -> 853.0424
F33: Total cost | G33: =SUM(G29:G32) -> 13871.071

Sheet 19
A1: ENGINEERING DEPARTMENT | J1: daily reading
A3: UTILITY CONSUMPTION SHEET
B4: ='1'!B4 -> JANUARY | C4: 19
A5: SR.NO | B5: ITEM MEASURED | D5: Previous Reading | E5: 1st Reading (5am) | F5: 2nd Reading (5pm) | G5: 12hrs CONSUMPTION | H5: 24hrs CONSUMPTION | I5: Cost
A7: 1 | B7: DISTRICT COOLING PLANT
B8: Chilled Water | C8: MWH | D8: ='18'!F8 -> 36382.6 | E8: ='Daily Meter'!B24 -> 36392.9 | F8: ='Daily Meter'!C24 -> 36399.9 | G8: =F8-E8 -> 7 | H8: =F8-D8 -> 17.3
C9: TR | G9: =G8*284.34 -> 1990.38 | H9: =H8*284.34 -> 4919.082 | I9: =H9*0.63 -> 3099.0217
A10: III | B10: WATER METERS
B11: Main DEWA Meter | C11: m3 | D11: ='18'!F11 -> 119454 | E11: ='Daily Meter'!D24 -> 119741 | F11: ='Daily Meter'!E24 -> 119812 | G11: =F11-E11 -> 71 | H11: =F11-D11 -> 358
B12: Imperial Gallon = m³ x 219.969 | C12: IG | G12: =G11*219.969 -> 15617.799 | H12: =H11*219.969 -> 78748.902 | I12: =H12*0.06 -> 4724.9341
A13: IV | B13: ELECTRICAL METERS
A14: 1 | B14: Meter 1 - 06065253 | C14: kW x 480 | D14: ='18'!F14 -> 4145.6 | E14: ='Daily Meter'!J24 -> 4149.6 | F14: ='Daily Meter'!K24 -> 4152.7 | G14: =(F14-E14)*480 -> 1488 | H14: =(F14-D14)*480 -> 3408
A15: 2 | B15: Meter 2 - 06065255 | C15: kW x 480 | D15: ='18'!F15 -> 2491.5 | E15: ='Daily Meter'!L24 -> 2493.6 | F15: ='Daily Meter'!M24 -> 2495.6 | G15: =(F15-E15)*480 -> 960 | H15: =(F15-D15)*480 -> 1968
A16: 3 | B16: Meter 3 - 06065259 | C16: kW x 480 | D16: ='18'!F16 -> 2662.1 | E16: ='Daily Meter'!N24 -> 2665.1 | F16: ='Daily Meter'!O24 -> 2667 | G16: =(F16-E16)*480 -> 912 | H16: =(F16-D16)*480 -> 2352
A17: 4 | B17: Meter 4 - 06065262 | C17: kW x 480 | D17: ='18'!F17 -> 1330.4 | E17: ='Daily Meter'!P24 -> 1332 | F17: ='Daily Meter'!Q24 -> 1333.1 | G17: =(F17-E17)*480 -> 528 | H17: =(F17-D17)*480 -> 1296
A18: 5 | B18: Meter 6 - 06065269 | C18: kW x 480 | D18: ='18'!F18 -> 3940.9 | E18: ='Daily Meter'!R24 -> 3943.6 | F18: ='Daily Meter'!S24 -> 3945.7 | G18: =(F18-E18)*480 -> 1008 | H18: =(F18-D18)*480 -> 2304
A19: 6 | B19: Meter 7 - 06065283 | C19: kW x 480 | D19: ='18'!F19 -> 10425.1 | E19: ='Daily Meter'!T24 -> 10432.3 | F19: ='Daily Meter'!U24 -> 10437.9 | G19: =(F19-E19)*480 -> 2688 | H19: =(F19-D19)*480 -> 6144
B20: TOTAL ELECTRICAL CONS.(kWh) | G20: =SUM(G14:G19) -> 7584 | H20: =SUM(H14:H19) -> 17472 | I20: =H20*0.43 -> 7512.96
A22: V | B22: GAS CONSUMPTION
A23: 1 | B23: MAIN LPG METER | C23: M3 | D23: ='18'!F23 -> 49882.4 | E23: ='Daily Meter'!V24 -> 49968.1 | F23: ='Daily Meter'!W24 -> 50039.4 | G23: =F23-E23 -> 71.3 | H23: =F23-D23 -> 157
B24: L = m³ x 3.7 | C24: L | H24: =H23*3.7 -> 580.9 | I24: =H24*1.79 -> 1039.811
D27: Summary of Daily Hotel consumption
D28: Item measured | E28: Units | F28: Consumption | G28: AED
D29: Chilled water | E29: TR | F29: =H9 -> 4919.082 | G29: =I9 -> 3099.0217
D30: DEWA Water | E30: imp. Gallon | F30: =H12 -> 78748.902 | G30: =I12 -> 4724.9341
D31: Electricity | E31: kwh | F31: =H20 -> 17472 | G31: =I20 -> 7512.96
D32: Gas | E32: m3 | F32: =H23 -> 157 | G32: =I24 -> 1039.811
F33: Total cost | G33: =SUM(G29:G32) -> 16376.727

Sheet 20
A1: ENGINEERING DEPARTMENT | J1: daily reading
A3: UTILITY CONSUMPTION SHEET
B4: ='1'!B4 -> JANUARY | C4: 20
A5: SR.NO | B5: ITEM MEASURED | D5: Previous Reading | E5: 1st Reading (5am) | F5: 2nd Reading (5pm) | G5: 12hrs CONSUMPTION | H5: 24hrs CONSUMPTION | I5: Cost
A7: 1 | B7: DISTRICT COOLING PLANT
B8: Chilled Water | C8: MWH | D8: ='19'!F8 -> 36399.9 | E8: ='Daily Meter'!B25 -> 36409.6 | F8: ='Daily Meter'!C25 -> 36420.4 | G8: =F8-E8 -> 10.8 | H8: =F8-D8 -> 20.5
C9: TR | G9: =G8*284.34 -> 3070.872 | H9: =H8*284.34 -> 5828.97 | I9: =H9*0.63 -> 3672.2511
A10: III | B10: WATER METERS
B11: Main DEWA Meter | C11: m3 | D11: ='19'!F11 -> 119812 | E11: ='Daily Meter'!D25 -> 120095 | F11: ='Daily Meter'!E25 -> 120101 | G11: =F11-E11 -> 6 | H11: =F11-D11 -> 289
B12: Imperial Gallon = m³ x 219.969 | C12: IG | G12: =G11*219.969 -> 1319.814 | H12: =H11*219.969 -> 63571.041 | I12: =H12*0.06 -> 3814.2625
A13: IV | B13: ELECTRICAL METERS
A14: 1 | B14: Meter 1 - 06065253 | C14: kW x 480 | D14: ='19'!F14 -> 4152.7 | E14: ='Daily Meter'!J25 -> 4156.5 | F14: ='Daily Meter'!K25 -> 4161.4 | G14: =(F14-E14)*480 -> 2352 | H14: =(F14-D14)*480 -> 4176
A15: 2 | B15: Meter 2 - 06065255 | C15: kW x 480 | D15: ='19'!F15 -> 2495.6 | E15: ='Daily Meter'!L25 -> 2497.6 | F15: ='Daily Meter'!M25 -> 2500.8 | G15: =(F15-E15)*480 -> 1536 | H15: =(F15-D15)*480 -> 2496
A16: 3 | B16: Meter 3 - 06065259 | C16: kW x 480 | D16: ='19'!F16 -> 2667 | E16: ='Daily Meter'!N25 -> 2669.8 | F16: ='Daily Meter'!O25 -> 2673 | G16: =(F16-E16)*480 -> 1536 | H16: =(F16-D16)*480 -> 2880
A17: 4 | B17: Meter 4 - 06065262 | C17: kW x 480 | D17: ='19'!F17 -> 1333.1 | E17: ='Daily Meter'!P25 -> 1334.6 | F17: ='Daily Meter'!Q25 -> 1336.6 | G17: =(F17-E17)*480 -> 960 | H17: =(F17-D17)*480 -> 1680
A18: 5 | B18: Meter 6 - 06065269 | C18: kW x 480 | D18: ='19'!F18 -> 3945.7 | E18: ='Daily Meter'!R25 -> 3948.4 | F18: ='Daily Meter'!S25 -> 3951.7 | G18: =(F18-E18)*480 -> 1584 | H18: =(F18-D18)*480 -> 2880
A19: 6 | B19: Meter 7 - 06065283 | C19: kW x 480 | D19: ='19'!F19 -> 10437.9 | E19: ='Daily Meter'!T25 -> 10445 | F19: ='Daily Meter'!U25 -> 10453.5 | G19: =(F19-E19)*480 -> 4080 | H19: =(F19-D19)*480 -> 7488
B20: TOTAL ELECTRICAL CONS.(kWh) | G20: =SUM(G14:G19) -> 12048 | H20: =SUM(H14:H19) -> 21600 | I20: =H20*0.43 -> 9288
A22: V | B22: GAS CONSUMPTION
A23: 1 | B23: MAIN LPG METER | C23: M3 | D23: ='19'!F23 -> 50039.4 | E23: ='Daily Meter'!V25 -> 50120.9 | F23: ='Daily Meter'!W25 -> 50232.3 | G23: =F23-E23 -> 111.4 | H23: =F23-D23 -> 192.9
B24: L = m³ x 3.7 | C24: L | H24: =H23*3.7 -> 713.73 | I24: =H24*1.79 -> 1277.5767
D27: Summary of Daily Hotel consumption
D28: Item measured | E28: Units | F28: Consumption | G28: AED
D29: Chilled water | E29: TR | F29: =H9 -> 5828.97 | G29: =I9 -> 3672.2511
D30: DEWA Water | E30: imp. Gallon | F30: =H12 -> 63571.041 | G30: =I12 -> 3814.2625
D31: Electricity | E31: kwh | F31: =H20 -> 21600 | G31: =I20 -> 9288
D32: Gas | E32: m3 | F32: =H23 -> 192.9 | G32: =I24 -> 1277.5767
F33: Total cost | G33: =SUM(G29:G32) -> 18052.09

Sheet 21
A1: ENGINEERING DEPARTMENT | J1: daily reading
A3: UTILITY CONSUMPTION SHEET
B4: ='1'!B4 -> JANUARY | C4: 21
A5: SR.NO | B5: ITEM MEASURED | D5: Previous Reading | E5: 1st Reading (5am) | F5: 2nd Reading (5pm) | G5: 12hrs CONSUMPTION | H5: 24hrs CONSUMPTION | I5: Cost
A7: 1 | B7: DISTRICT COOLING PLANT
B8: Chilled Water | C8: MWH | D8: ='20'!F8 -> 36420.4 | E8: ='Daily Meter'!B26 -> 36425.3 | F8: ='Daily Meter'!C26 -> 36432.3 | G8: =F8-E8 -> 7 | H8: =F8-D8 -> 11.9
C9: TR | G9: =G8*284.34 -> 1990.38 | H9: =H8*284.34 -> 3383.646 | I9: =H9*0.63 -> 2131.697
A10: III | B10: WATER METERS
B11: Main DEWA Meter | C11: m3 | D11: ='20'!F11 -> 120101 | E11: ='Daily Meter'!D26 -> 120303 | F11: ='Daily Meter'!E26 -> 120318 | G11: =F11-E11 -> 15 | H11: =F11-D11 -> 217
B12: Imperial Gallon = m³ x 219.969 | C12: IG | G12: =G11*219.969 -> 3299.535 | H12: =H11*219.969 -> 47733.273 | I12: =H12*0.06 -> 2863.9964
A13: IV | B13: ELECTRICAL METERS
A14: 1 | B14: Meter 1 - 06065253 | C14: kW x 480 | D14: ='20'!F14 -> 4161.4 | E14: ='Daily Meter'!J26 -> 4163.2 | F14: ='Daily Meter'!K26 -> 4166.5 | G14: =(F14-E14)*480 -> 1584 | H14: =(F14-D14)*480 -> 2448
A15: 2 | B15: Meter 2 - 06065255 | C15: kW x 480 | D15: ='20'!F15 -> 2500.8 | E15: ='Daily Meter'!L26 -> 2501.7 | F15: ='Daily Meter'!M26 -> 2503.7 | G15: =(F15-E15)*480 -> 960 | H15: =(F15-D15)*480 -> 1392
A16: 3 | B16: Meter 3 - 06065259 | C16: kW x 480 | D16: ='20'!F16 -> 2673 | E16: ='Daily Meter'!N26 -> 2674.7 | F16: ='Daily Meter'!O26 -> 2676.8 | G16: =(F16-E16)*480 -> 1008 | H16: =(F16-D16)*480 -> 1824
A17: 4 | B17: Meter 4 - 06065262 | C17: kW x 480 | D17: ='20'!F17 -> 1336.6 | E17: ='Daily Meter'!P26 -> 1337.5 | F17: ='Daily Meter'!Q26 -> 1338.7 | G17: =(F17-E17)*480 -> 576 | H17: =(F17-D17)*480 -> 1008
A18: 5 | B18: Meter 6 - 06065269 | C18: kW x 480 | D18: ='20'!F18 -> 3951.7 | E18: ='Daily Meter'!R26 -> 3953.1 | F18: ='Daily Meter'!S26 -> 3955.4 | G18: =(F18-E18)*480 -> 1104 | H18: =(F18-D18)*480 -> 1776
A19: 6 | B19: Meter 7 - 06065283 | C19: kW x 480 | D19: ='20'!F19 -> 10453.5 | E19: ='Daily Meter'!T26 -> 10457.7 | F19: ='Daily Meter'!U26 -> 10463.9 | G19: =(F19-E19)*480 -> 2976 | H19: =(F19-D19)*480 -> 4992
B20: TOTAL ELECTRICAL CONS.(kWh) | G20: =SUM(G14:G19) -> 8208 | H20: =SUM(H14:H19) -> 13440 | I20: =H20*0.43 -> 5779.2
A22: V | B22: GAS CONSUMPTION
A23: 1 | B23: MAIN LPG METER | C23: M3 | D23: ='20'!F23 -> 50232.3 | E23: ='Daily Meter'!V26 -> 50277.1 | F23: ='Daily Meter'!W26 -> 50346.1 | G23: =F23-E23 -> 69 | H23: =F23-D23 -> 113.8
B24: L = m³ x 3.7 | C24: L | H24: =H23*3.7 -> 421.06 | I24: =H24*1.79 -> 753.6974
D27: Summary of Daily Hotel consumption
D28: Item measured | E28: Units | F28: Consumption | G28: AED
D29: Chilled water | E29: TR | F29: =H9 -> 3383.646 | G29: =I9 -> 2131.697
D30: DEWA Water | E30: imp. Gallon | F30: =H12 -> 47733.273 | G30: =I12 -> 2863.9964
D31: Electricity | E31: kwh | F31: =H20 -> 13440 | G31: =I20 -> 5779.2
D32: Gas | E32: m3 | F32: =H23 -> 113.8 | G32: =I24 -> 753.6974
F33: Total cost | G33: =SUM(G29:G32) -> 11528.591

Sheet 22
A1: ENGINEERING DEPARTMENT | J1: daily reading
A3: UTILITY CONSUMPTION SHEET
B4: ='1'!B4 -> JANUARY | C4: 22
A5: SR.NO | B5: ITEM MEASURED | D5: Previous Reading | E5: 1st Reading (5am) | F5: 2nd Reading (5pm) | G5: 12hrs CONSUMPTION | H5: 24hrs CONSUMPTION | I5: Cost
A7: 1 | B7: DISTRICT COOLING PLANT
B8: Chilled Water | C8: MWH | D8: ='21'!F8 -> 36432.3 | E8: ='Daily Meter'!B27 -> 36442.1 | F8: ='Daily Meter'!C27 -> 36449.4 | G8: =F8-E8 -> 7.3 | H8: =F8-D8 -> 17.1
C9: TR | G9: =G8*284.34 -> 2075.682 | H9: =H8*284.34 -> 4862.214 | I9: =H9*0.63 -> 3063.1948
A10: III | B10: WATER METERS
B11: Main DEWA Meter | C11: m3 | D11: ='21'!F11 -> 120318 | E11: ='Daily Meter'!D27 -> 120546 | F11: ='Daily Meter'!E27 -> 120546 | G11: =F11-E11 -> 0 | H11: =F11-D11 -> 228
B12: Imperial Gallon = m³ x 219.969 | C12: IG | G12: =G11*219.969 -> 0 | H12: =H11*219.969 -> 50152.932 | I12: =H12*0.06 -> 3009.1759
A13: IV | B13: ELECTRICAL METERS
A14: 1 | B14: Meter 1 - 06065253 | C14: kW x 480 | D14: ='21'!F14 -> 4166.5 | E14: ='Daily Meter'!J27 -> 4170 | F14: ='Daily Meter'!K27 -> 4173 | G14: =(F14-E14)*480 -> 1440 | H14: =(F14-D14)*480 -> 3120
A15: 2 | B15: Meter 2 - 06065255 | C15: kW x 480 | D15: ='21'!F15 -> 2503.7 | E15: ='Daily Meter'!L27 -> 2505.5 | F15: ='Daily Meter'!M27 -> 2507.4 | G15: =(F15-E15)*480 -> 912 | H15: =(F15-D15)*480 -> 1776
A16: 3 | B16: Meter 3 - 06065259 | C16: kW x 480 | D16: ='21'!F16 -> 2676.8 | E16: ='Daily Meter'!N27 -> 2679.4 | F16: ='Daily Meter'!O27 -> 2681.4 | G16: =(F16-E16)*480 -> 960 | H16: =(F16-D16)*480 -> 2208
A17: 4 | B17: Meter 4 - 06065262 | C17: kW x 480 | D17: ='21'!F17 -> 1338.7 | E17: ='Daily Meter'!P27 -> 1340.2 | F17: ='Daily Meter'!Q27 -> 1341.4 | G17: =(F17-E17)*480 -> 576 | H17: =(F17-D17)*480 -> 1296
A18: 5 | B18: Meter 6 - 06065269 | C18: kW x 480 | D18: ='21'!F18 -> 3955.4 | E18: ='Daily Meter'!R27 -> 3957.8 | F18: ='Daily Meter'!S27 -> 3959.8 | G18: =(F18-E18)*480 -> 960 | H18: =(F18-D18)*480 -> 2112
A19: 6 | B19: Meter 7 - 06065283 | C19: kW x 480 | D19: ='21'!F19 -> 10463.9 | E19: ='Daily Meter'!T27 -> 10470.5 | F19: ='Daily Meter'!U27 -> 10476.3 | G19: =(F19-E19)*480 -> 2784 | H19: =(F19-D19)*480 -> 5952
B20: TOTAL ELECTRICAL CONS.(kWh) | G20: =SUM(G14:G19) -> 7632 | H20: =SUM(H14:H19) -> 16464 | I20: =H20*0.43 -> 7079.52
A22: V | B22: GAS CONSUMPTION
A23: 1 | B23: MAIN LPG METER | C23: M3 | D23: ='21'!F23 -> 50346.1 | E23: ='Daily Meter'!V27 -> 50434.1 | F23: ='Daily Meter'!W27 -> 50501.5 | G23: =F23-E23 -> 67.4 | H23: =F23-D23 -> 155.4
B24: L = m³ x 3.7 | C24: L | H24: =H23*3.7 -> 574.98 | I24: =H24*1.79 -> 1029.2142
D27: Summary of Daily Hotel consumption
D28: Item measured | E28: Units | F28: Consumption | G28: AED
D29: Chilled water | E29: TR | F29: =H9 -> 4862.214 | G29: =I9 -> 3063.1948
D30: DEWA Water | E30: imp. Gallon | F30: =H12 -> 50152.932 | G30: =I12 -> 3009.1759
D31: Electricity | E31: kwh | F31: =H20 -> 16464 | G31: =I20 -> 7079.52
D32: Gas | E32: m3 | F32: =H23 -> 155.4 | G32: =I24 -> 1029.2142
F33: Total cost | G33: =SUM(G29:G32) -> 14181.105

Sheet 23
A1: ENGINEERING DEPARTMENT | J1: daily reading
A3: UTILITY CONSUMPTION SHEET
B4: ='1'!B4 -> JANUARY | C4: 23
A5: SR.NO | B5: ITEM MEASURED | D5: Previous Reading | E5: 1st Reading (5am) | F5: 2nd Reading (5pm) | G5: 12hrs CONSUMPTION | H5: 24hrs CONSUMPTION | I5: Cost
A7: 1 | B7: DISTRICT COOLING PLANT
B8: Chilled Water | C8: MWH | D8: ='22'!F8 -> 36449.4 | E8: ='Daily Meter'!B28 -> 36459 | F8: ='Daily Meter'!C28 -> 36466.8 | G8: =F8-E8 -> 7.8 | H8: =F8-D8 -> 17.4
C9: TR | G9: =G8*284.34 -> 2217.852 | H9: =H8*284.34 -> 4947.516 | I9: =H9*0.63 -> 3116.9351
A10: III | B10: WATER METERS
B11: Main DEWA Meter | C11: m3 | D11: ='22'!F11 -> 120546 | E11: ='Daily Meter'!D28 -> 120679 | F11: ='Daily Meter'!E28 -> 120707 | G11: =F11-E11 -> 28 | H11: =F11-D11 -> 161
B12: Imperial Gallon = m³ x 219.969 | C12: IG | G12: =G11*219.969 -> 6159.132 | H12: =H11*219.969 -> 35415.009 | I12: =H12*0.06 -> 2124.9005
A13: IV | B13: ELECTRICAL METERS
A14: 1 | B14: Meter 1 - 06065253 | C14: kW x 480 | D14: ='22'!F14 -> 4173 | E14: ='Daily Meter'!J28 -> 4176.8 | F14: ='Daily Meter'!K28 -> 4180.2 | G14: =(F14-E14)*480 -> 1632 | H14: =(F14-D14)*480 -> 3456
A15: 2 | B15: Meter 2 - 06065255 | C15: kW x 480 | D15: ='22'!F15 -> 2507.4 | E15: ='Daily Meter'!L28 -> 2509.3 | F15: ='Daily Meter'!M28 -> 2511.4 | G15: =(F15-E15)*480 -> 1008 | H15: =(F15-D15)*480 -> 1920
A16: 3 | B16: Meter 3 - 06065259 | C16: kW x 480 | D16: ='22'!F16 -> 2681.4 | E16: ='Daily Meter'!N28 -> 2684.2 | F16: ='Daily Meter'!O28 -> 2686.5 | G16: =(F16-E16)*480 -> 1104 | H16: =(F16-D16)*480 -> 2448
A17: 4 | B17: Meter 4 - 06065262 | C17: kW x 480 | D17: ='22'!F17 -> 1341.4 | E17: ='Daily Meter'!P28 -> 1343.1 | F17: ='Daily Meter'!Q28 -> 1344.3 | G17: =(F17-E17)*480 -> 576 | H17: =(F17-D17)*480 -> 1392
A18: 5 | B18: Meter 6 - 06065269 | C18: kW x 480 | D18: ='22'!F18 -> 3959.8 | E18: ='Daily Meter'!R28 -> 3962.4 | F18: ='Daily Meter'!S28 -> 3964.7 | G18: =(F18-E18)*480 -> 1104 | H18: =(F18-D18)*480 -> 2352
A19: 6 | B19: Meter 7 - 06065283 | C19: kW x 480 | D19: ='22'!F19 -> 10476.3 | E19: ='Daily Meter'!T28 -> 10483.7 | F19: ='Daily Meter'!U28 -> 10490.2 | G19: =(F19-E19)*480 -> 3120 | H19: =(F19-D19)*480 -> 6672
B20: TOTAL ELECTRICAL CONS.(kWh) | G20: =SUM(G14:G19) -> 8544 | H20: =SUM(H14:H19) -> 18240 | I20: =H20*0.43 -> 7843.2
A22: V | B22: GAS CONSUMPTION
A23: 1 | B23: MAIN LPG METER | C23: M3 | D23: ='22'!F23 -> 50501.5 | E23: ='Daily Meter'!V28 -> 50582.6 | F23: ='Daily Meter'!W28 -> 50664.1 | G23: =F23-E23 -> 81.5 | H23: =F23-D23 -> 162.6
B24: L = m³ x 3.7 | C24: L | H24: =H23*3.7 -> 601.62 | I24: =H24*1.79 -> 1076.8998
D27: Summary of Daily Hotel consumption
D28: Item measured | E28: Units | F28: Consumption | G28: AED
D29: Chilled water | E29: TR | F29: =H9 -> 4947.516 | G29: =I9 -> 3116.9351
D30: DEWA Water | E30: imp. Gallon | F30: =H12 -> 35415.009 | G30: =I12 -> 2124.9005
D31: Electricity | E31: kwh | F31: =H20 -> 18240 | G31: =I20 -> 7843.2
D32: Gas | E32: m3 | F32: =H23 -> 162.6 | G32: =I24 -> 1076.8998
F33: Total cost | G33: =SUM(G29:G32) -> 14161.935

Sheet 24
A1: ENGINEERING DEPARTMENT | J1: daily reading
A3: UTILITY CONSUMPTION SHEET
B4: ='1'!B4 -> JANUARY | C4: 24
A5: SR.NO | B5: ITEM MEASURED | D5: Previous Reading | E5: 1st Reading (5am) | F5: 2nd Reading (5pm) | G5: 12hrs CONSUMPTION | H5: 24hrs CONSUMPTION | I5: Cost
A7: 1 | B7: DISTRICT COOLING PLANT
B8: Chilled Water | C8: MWH | D8: ='23'!F8 -> 36466.8 | E8: ='Daily Meter'!B29 -> 36476.3 | F8: ='Daily Meter'!C29 -> 36482.1 | G8: =F8-E8 -> 5.8 | H8: =F8-D8 -> 15.3
C9: TR | G9: =G8*284.34 -> 1649.172 | H9: =H8*284.34 -> 4350.402 | I9: =H9*0.63 -> 2740.7533
A10: III | B10: WATER METERS
B11: Main DEWA Meter | C11: m3 | D11: ='23'!F11 -> 120707 | E11: ='Daily Meter'!D29 -> 121002 | F11: ='Daily Meter'!E29 -> 121068 | G11: =F11-E11 -> 66 | H11: =F11-D11 -> 361
B12: Imperial Gallon = m³ x 219.969 | C12: IG | G12: =G11*219.969 -> 14517.954 | H12: =H11*219.969 -> 79408.809 | I12: =H12*0.06 -> 4764.5285
A13: IV | B13: ELECTRICAL METERS
A14: 1 | B14: Meter 1 - 06065253 | C14: kW x 480 | D14: ='23'!F14 -> 4180.2 | E14: ='Daily Meter'!J29 -> 4183.8 | F14: ='Daily Meter'!K29 -> 4186.2 | G14: =(F14-E14)*480 -> 1152 | H14: =(F14-D14)*480 -> 2880
A15: 2 | B15: Meter 2 - 06065255 | C15: kW x 480 | D15: ='23'!F15 -> 2511.4 | E15: ='Daily Meter'!L29 -> 2513.4 | F15: ='Daily Meter'!M29 -> 2515 | G15: =(F15-E15)*480 -> 768 | H15: =(F15-D15)*480 -> 1728
A16: 3 | B16: Meter 3 - 06065259 | C16: kW x 480 | D16: ='23'!F16 -> 2686.5 | E16: ='Daily Meter'!N29 -> 2689.5 | F16: ='Daily Meter'!O29 -> 2691 | G16: =(F16-E16)*480 -> 720 | H16: =(F16-D16)*480 -> 2160
A17: 4 | B17: Meter 4 - 06065262 | C17: kW x 480 | D17: ='23'!F17 -> 1344.3 | E17: ='Daily Meter'!P29 -> 1345.9 | F17: ='Daily Meter'!Q29 -> 1346.8 | G17: =(F17-E17)*480 -> 432 | H17: =(F17-D17)*480 -> 1200
A18: 5 | B18: Meter 6 - 06065269 | C18: kW x 480 | D18: ='23'!F18 -> 3964.7 | E18: ='Daily Meter'!R29 -> 3967.6 | F18: ='Daily Meter'!S29 -> 3969.2 | G18: =(F18-E18)*480 -> 768 | H18: =(F18-D18)*480 -> 2160
A19: 6 | B19: Meter 7 - 06065283 | C19: kW x 480 | D19: ='23'!F19 -> 10490.2 | E19: ='Daily Meter'!T29 -> 10497.7 | F19: ='Daily Meter'!U29 -> 10502.3 | G19: =(F19-E19)*480 -> 2208 | H19: =(F19-D19)*480 -> 5808
B20: TOTAL ELECTRICAL CONS.(kWh) | G20: =SUM(G14:G19) -> 6048 | H20: =SUM(H14:H19) -> 15936 | I20: =H20*0.43 -> 6852.48
A22: V | B22: GAS CONSUMPTION
A23: 1 | B23: MAIN LPG METER | C23: M3 | D23: ='23'!F23 -> 50664.1 | E23: ='Daily Meter'!V29 -> 50736 | F23: ='Daily Meter'!W29 -> 50764.5 | G23: =F23-E23 -> 28.5 | H23: =F23-D23 -> 100.4
B24: L = m³ x 3.7 | C24: L | H24: =H23*3.7 -> 371.48 | I24: =H24*1.79 -> 664.9492
D27: Summary of Daily Hotel consumption
D28: Item measured | E28: Units | F28: Consumption | G28: AED
D29: Chilled water | E29: TR | F29: =H9 -> 4350.402 | G29: =I9 -> 2740.7533
D30: DEWA Water | E30: imp. Gallon | F30: =H12 -> 79408.809 | G30: =I12 -> 4764.5285
D31: Electricity | E31: kwh | F31: =H20 -> 15936 | G31: =I20 -> 6852.48
D32: Gas | E32: m3 | F32: =H23 -> 100.4 | G32: =I24 -> 664.9492
F33: Total cost | G33: =SUM(G29:G32) -> 15022.711

Sheet 25
A1: ENGINEERING DEPARTMENT | J1: daily reading
A3: UTILITY CONSUMPTION SHEET
B4: ='1'!B4 -> JANUARY | C4: 25
A5: SR.NO | B5: ITEM MEASURED | D5: Previous Reading | E5: 1st Reading (5am) | F5: 2nd Reading (5pm) | G5: 12hrs CONSUMPTION | H5: 24hrs CONSUMPTION | I5: Cost
A7: 1 | B7: DISTRICT COOLING PLANT
B8: Chilled Water | C8: MWH | D8: ='24'!F8 -> 36482.1 | E8: ='Daily Meter'!B30 -> 36491.9 | F8: ='Daily Meter'!C30 -> 36498.2 | G8: =F8-E8 -> 6.3 | H8: =F8-D8 -> 16.1
C9: TR | G9: =G8*284.34 -> 1791.342 | H9: =H8*284.34 -> 4577.874 | I9: =H9*0.63 -> 2884.0606
A10: III | B10: WATER METERS
B11: Main DEWA Meter | C11: m3 | D11: ='24'!F11 -> 121068 | E11: ='Daily Meter'!D30 -> 121170 | F11: ='Daily Meter'!E30 -> 121221 | G11: =F11-E11 -> 51 | H11: =F11-D11 -> 153
B12: Imperial Gallon = m³ x 219.969 | C12: IG | G12: =G11*219.969 -> 11218.419 | H12: =H11*219.969 -> 33655.257 | I12: =H12*0.06 -> 2019.3154
A13: IV | B13: ELECTRICAL METERS
A14: 1 | B14: Meter 1 - 06065253 | C14: kW x 480 | D14: ='24'!F14 -> 4186.2 | E14: ='Daily Meter'!J30 -> 4190.3 | F14: ='Daily Meter'!K30 -> 4193 | G14: =(F14-E14)*480 -> 1296 | H14: =(F14-D14)*480 -> 3264
A15: 2 | B15: Meter 2 - 06065255 | C15: kW x 480 | D15: ='24'!F15 -> 2515 | E15: ='Daily Meter'!L30 -> 2517.1 | F15: ='Daily Meter'!M30 -> 2519 | G15: =(F15-E15)*480 -> 912 | H15: =(F15-D15)*480 -> 1920
A16: 3 | B16: Meter 3 - 06065259 | C16: kW x 480 | D16: ='24'!F16 -> 2691 | E16: ='Daily Meter'!N30 -> 2694.1 | F16: ='Daily Meter'!O30 -> 2695.9 | G16: =(F16-E16)*480 -> 864 | H16: =(F16-D16)*480 -> 2352
A17: 4 | B17: Meter 4 - 06065262 | C17: kW x 480 | D17: ='24'!F17 -> 1346.8 | E17: ='Daily Meter'!P30 -> 1348.4 | F17: ='Daily Meter'!Q30 -> 1349.5 | G17: =(F17-E17)*480 -> 528 | H17: =(F17-D17)*480 -> 1296
A18: 5 | B18: Meter 6 - 06065269 | C18: kW x 480 | D18: ='24'!F18 -> 3969.2 | E18: ='Daily Meter'!R30 -> 3972.1 | F18: ='Daily Meter'!S30 -> 3973.9 | G18: =(F18-E18)*480 -> 864 | H18: =(F18-D18)*480 -> 2256
A19: 6 | B19: Meter 7 - 06065283 | C19: kW x 480 | D19: ='24'!F19 -> 10502.3 | E19: ='Daily Meter'!T30 -> 10510.2 | F19: ='Daily Meter'!U30 -> 10515.2 | G19: =(F19-E19)*480 -> 2400 | H19: =(F19-D19)*480 -> 6192
B20: TOTAL ELECTRICAL CONS.(kWh) | G20: =SUM(G14:G19) -> 6864 | H20: =SUM(H14:H19) -> 17280 | I20: =H20*0.43 -> 7430.4
A22: V | B22: GAS CONSUMPTION
A23: 1 | B23: MAIN LPG METER | C23: M3 | D23: ='24'!F23 -> 50764.5 | E23: ='Daily Meter'!V30 -> 50861.7 | F23: ='Daily Meter'!W30 -> 50913.7 | G23: =F23-E23 -> 52 | H23: =F23-D23 -> 149.2
B24: L = m³ x 3.7 | C24: L | H24: =H23*3.7 -> 552.04 | I24: =H24*1.79 -> 988.1516
D27: Summary of Daily Hotel consumption
D28: Item measured | E28: Units | F28: Consumption | G28: AED
D29: Chilled water | E29: TR | F29: =H9 -> 4577.874 | G29: =I9 -> 2884.0606
D30: DEWA Water | E30: imp. Gallon | F30: =H12 -> 33655.257 | G30: =I12 -> 2019.3154
D31: Electricity | E31: kwh | F31: =H20 -> 17280 | G31: =I20 -> 7430.4
D32: Gas | E32: m3 | F32: =H23 -> 149.2 | G32: =I24 -> 988.1516
F33: Total cost | G33: =SUM(G29:G32) -> 13321.928

Sheet 26
A1: ENGINEERING DEPARTMENT | J1: daily reading
A3: UTILITY CONSUMPTION SHEET
B4: ='1'!B4 -> JANUARY | C4: 26
A5: SR.NO | B5: ITEM MEASURED | D5: Previous Reading | E5: 1st Reading (5am) | F5: 2nd Reading (5pm) | G5: 12hrs CONSUMPTION | H5: 24hrs CONSUMPTION | I5: Cost
A7: 1 | B7: DISTRICT COOLING PLANT
B8: Chilled Water | C8: MWH | D8: ='25'!F8 -> 36498.2 | E8: ='Daily Meter'!B31 -> 36507.4 | F8: ='Daily Meter'!C31 -> 36512.7 | G8: =F8-E8 -> 5.3 | H8: =F8-D8 -> 14.5
C9: TR | G9: =G8*284.34 -> 1507.002 | H9: =H8*284.34 -> 4122.93 | I9: =H9*0.63 -> 2597.4459
A10: III | B10: WATER METERS
B11: Main DEWA Meter | C11: m3 | D11: ='25'!F11 -> 121221 | E11: ='Daily Meter'!D31 -> 121385 | F11: ='Daily Meter'!E31 -> 121443 | G11: =F11-E11 -> 58 | H11: =F11-D11 -> 222
B12: Imperial Gallon = m³ x 219.969 | C12: IG | G12: =G11*219.969 -> 12758.202 | H12: =H11*219.969 -> 48833.118 | I12: =H12*0.06 -> 2929.9871
A13: IV | B13: ELECTRICAL METERS
A14: 1 | B14: Meter 1 - 06065253 | C14: kW x 480 | D14: ='25'!F14 -> 4193 | E14: ='Daily Meter'!J31 -> 4197.1 | F14: ='Daily Meter'!K31 -> 4199.8 | G14: =(F14-E14)*480 -> 1296 | H14: =(F14-D14)*480 -> 3264
A15: 2 | B15: Meter 2 - 06065255 | C15: kW x 480 | D15: ='25'!F15 -> 2519 | E15: ='Daily Meter'!L31 -> 2521.3 | F15: ='Daily Meter'!M31 -> 2523.2 | G15: =(F15-E15)*480 -> 912 | H15: =(F15-D15)*480 -> 2016
A16: 3 | B16: Meter 3 - 06065259 | C16: kW x 480 | D16: ='25'!F16 -> 2695.9 | E16: ='Daily Meter'!N31 -> 2699.1 | F16: ='Daily Meter'!O31 -> 2700.9 | G16: =(F16-E16)*480 -> 864 | H16: =(F16-D16)*480 -> 2400
A17: 4 | B17: Meter 4 - 06065262 | C17: kW x 480 | D17: ='25'!F17 -> 1349.5 | E17: ='Daily Meter'!P31 -> 1351.2 | F17: ='Daily Meter'!Q31 -> 1352.3 | G17: =(F17-E17)*480 -> 528 | H17: =(F17-D17)*480 -> 1344
A18: 5 | B18: Meter 6 - 06065269 | C18: kW x 480 | D18: ='25'!F18 -> 3973.9 | E18: ='Daily Meter'!R31 -> 3976.9 | F18: ='Daily Meter'!S31 -> 3978.7 | G18: =(F18-E18)*480 -> 864 | H18: =(F18-D18)*480 -> 2304
A19: 6 | B19: Meter 7 - 06065283 | C19: kW x 480 | D19: ='25'!F19 -> 10515.2 | E19: ='Daily Meter'!T31 -> 10523.4 | F19: ='Daily Meter'!U31 -> 10528.4 | G19: =(F19-E19)*480 -> 2400 | H19: =(F19-D19)*480 -> 6336
B20: TOTAL ELECTRICAL CONS.(kWh) | G20: =SUM(G14:G19) -> 6864 | H20: =SUM(H14:H19) -> 17664 | I20: =H20*0.43 -> 7595.52
A22: V | B22: GAS CONSUMPTION
A23: 1 | B23: MAIN LPG METER | C23: M3 | D23: ='25'!F23 -> 50913.7 | E23: ='Daily Meter'!V31 -> 51003.2 | F23: ='Daily Meter'!W31 -> 51060.3 | G23: =F23-E23 -> 57.1 | H23: =F23-D23 -> 146.6
B24: L = m³ x 3.7 | C24: L | H24: =H23*3.7 -> 542.42 | I24: =H24*1.79 -> 970.9318
D27: Summary of Daily Hotel consumption
D28: Item measured | E28: Units | F28: Consumption | G28: AED
D29: Chilled water | E29: TR | F29: =H9 -> 4122.93 | G29: =I9 -> 2597.4459
D30: DEWA Water | E30: imp. Gallon | F30: =H12 -> 48833.118 | G30: =I12 -> 2929.9871
D31: Electricity | E31: kwh | F31: =H20 -> 17664 | G31: =I20 -> 7595.52
D32: Gas | E32: m3 | F32: =H23 -> 146.6 | G32: =I24 -> 970.9318
F33: Total cost | G33: =SUM(G29:G32) -> 14093.885

Sheet 27
A1: ENGINEERING DEPARTMENT | J1: daily reading
A3: UTILITY CONSUMPTION SHEET
B4: ='1'!B4 -> JANUARY | C4: 27
A5: SR.NO | B5: ITEM MEASURED | D5: Previous Reading | E5: 1st Reading (5am) | F5: 2nd Reading (5pm) | G5: 12hrs CONSUMPTION | H5: 24hrs CONSUMPTION | I5: Cost
A7: 1 | B7: DISTRICT COOLING PLANT
B8: Chilled Water | C8: MWH | D8: ='26'!F8 -> 36512.7 | E8: ='Daily Meter'!B32 -> 36521.21 | F8: ='Daily Meter'!C32 -> 36527.2 | G8: =F8-E8 -> 5.99 | H8: =F8-D8 -> 14.5
C9: TR | G9: =G8*284.34 -> 1703.1966 | H9: =H8*284.34 -> 4122.93 | I9: =H9*0.63 -> 2597.4459
A10: III | B10: WATER METERS
B11: Main DEWA Meter | C11: m3 | D11: ='26'!F11 -> 121443 | E11: ='Daily Meter'!D32 -> 121713 | F11: ='Daily Meter'!E32 -> 121781 | G11: =F11-E11 -> 68 | H11: =F11-D11 -> 338
B12: Imperial Gallon = m³ x 219.969 | C12: IG | G12: =G11*219.969 -> 14957.892 | H12: =H11*219.969 -> 74349.522 | I12: =H12*0.06 -> 4460.9713
A13: IV | B13: ELECTRICAL METERS
A14: 1 | B14: Meter 1 - 06065253 | C14: kW x 480 | D14: ='26'!F14 -> 4199.8 | E14: ='Daily Meter'!J32 -> 4203.6 | F14: ='Daily Meter'!K32 -> 4206.2 | G14: =(F14-E14)*480 -> 1248 | H14: =(F14-D14)*480 -> 3072
A15: 2 | B15: Meter 2 - 06065255 | C15: kW x 480 | D15: ='26'!F15 -> 2523.2 | E15: ='Daily Meter'!L32 -> 2525.3 | F15: ='Daily Meter'!M32 -> 2527.1 | G15: =(F15-E15)*480 -> 864 | H15: =(F15-D15)*480 -> 1872
A16: 3 | B16: Meter 3 - 06065259 | C16: kW x 480 | D16: ='26'!F16 -> 2700.9 | E16: ='Daily Meter'!N32 -> 2703.9 | F16: ='Daily Meter'!O32 -> 2705.9 | G16: =(F16-E16)*480 -> 960 | H16: =(F16-D16)*480 -> 2400
A17: 4 | B17: Meter 4 - 06065262 | C17: kW x 480 | D17: ='26'!F17 -> 1352.3 | E17: ='Daily Meter'!P32 -> 1353.9 | F17: ='Daily Meter'!Q32 -> 1354.8 | G17: =(F17-E17)*480 -> 432 | H17: =(F17-D17)*480 -> 1200
A18: 5 | B18: Meter 6 - 06065269 | C18: kW x 480 | D18: ='26'!F18 -> 3978.7 | E18: ='Daily Meter'!R32 -> 3981.4 | F18: ='Daily Meter'!S32 -> 3983.2 | G18: =(F18-E18)*480 -> 864 | H18: =(F18-D18)*480 -> 2160
A19: 6 | B19: Meter 7 - 06065283 | C19: kW x 480 | D19: ='26'!F19 -> 10528.4 | E19: ='Daily Meter'!T32 -> 10535.7 | F19: ='Daily Meter'!U32 -> 10540.8 | G19: =(F19-E19)*480 -> 2448 | H19: =(F19-D19)*480 -> 5952
B20: TOTAL ELECTRICAL CONS.(kWh) | G20: =SUM(G14:G19) -> 6816 | H20: =SUM(H14:H19) -> 16656 | I20: =H20*0.43 -> 7162.08
A22: V | B22: GAS CONSUMPTION
A23: 1 | B23: MAIN LPG METER | C23: M3 | D23: ='26'!F23 -> 51060.3 | E23: ='Daily Meter'!V32 -> 51144.6 | F23: ='Daily Meter'!W32 -> 51201.2 | G23: =F23-E23 -> 56.6 | H23: =F23-D23 -> 140.9
B24: L = m³ x 3.7 | C24: L | H24: =H23*3.7 -> 521.33 | I24: =H24*1.79 -> 933.1807
D27: Summary of Daily Hotel consumption
D28: Item measured | E28: Units | F28: Consumption | G28: AED
D29: Chilled water | E29: TR | F29: =H9 -> 4122.93 | G29: =I9 -> 2597.4459
D30: DEWA Water | E30: imp. Gallon | F30: =H12 -> 74349.522 | G30: =I12 -> 4460.9713
D31: Electricity | E31: kwh | F31: =H20 -> 16656 | G31: =I20 -> 7162.08
D32: Gas | E32: m3 | F32: =H23 -> 140.9 | G32: =I24 -> 933.1807
F33: Total cost | G33: =SUM(G29:G32) -> 15153.678

Sheet 28
A1: ENGINEERING DEPARTMENT | J1: 1st
A3: UTILITY CONSUMPTION SHEET | J3: daily reading
B4: ='1'!B4 -> JANUARY | C4: 28
A5: SR.NO | B5: ITEM MEASURED | D5: Previous Reading | E5: 1st Reading (5am) | F5: 2nd Reading (5pm) | G5: 12hrs CONSUMPTION | H5: 24hrs CONSUMPTION | I5: Cost
A7: 1 | B7: DISTRICT COOLING PLANT
B8: Chilled Water | C8: MWH | D8: ='27'!F8 -> 36527.2 | E8: ='Daily Meter'!B33 -> 36535.5 | F8: ='Daily Meter'!C33 -> 36541 | G8: =F8-E8 -> 5.5 | H8: =F8-D8 -> 13.8
C9: TR | G9: =G8*284.34 -> 1563.87 | H9: =H8*284.34 -> 3923.892 | I9: =H9*0.63 -> 2472.052
A10: III | B10: WATER METERS
B11: Main DEWA Meter | C11: m3 | D11: ='27'!F11 -> 121781 | E11: ='Daily Meter'!D33 -> 121873 | F11: ='Daily Meter'!E33 -> 121925 | G11: =F11-E11 -> 52 | H11: =F11-D11 -> 144
B12: Imperial Gallon = m³ x 219.969 | C12: IG | G12: =G11*219.969 -> 11438.388 | H12: =H11*219.969 -> 31675.536 | I12: =H12*0.06 -> 1900.5322
A13: IV | B13: ELECTRICAL METERS
A14: 1 | B14: Meter 1 - 06065253 | C14: kW x 480 | D14: ='27'!F14 -> 4206.2 | E14: ='Daily Meter'!J33 -> 4210.4 | F14: ='Daily Meter'!K33 -> 4213 | G14: =(F14-E14)*480 -> 1248 | H14: =(F14-D14)*480 -> 3264
A15: 2 | B15: Meter 2 - 06065255 | C15: kW x 480 | D15: ='27'!F15 -> 2527.1 | E15: ='Daily Meter'!L33 -> 2529.4 | F15: ='Daily Meter'!M33 -> 2531 | G15: =(F15-E15)*480 -> 768 | H15: =(F15-D15)*480 -> 1872
A16: 3 | B16: Meter 3 - 06065259 | C16: kW x 480 | D16: ='27'!F16 -> 2705.9 | E16: ='Daily Meter'!N33 -> 2709.3 | F16: ='Daily Meter'!O33 -> 2711.1 | G16: =(F16-E16)*480 -> 864 | H16: =(F16-D16)*480 -> 2496
A17: 4 | B17: Meter 4 - 06065262 | C17: kW x 480 | D17: ='27'!F17 -> 1354.8 | E17: ='Daily Meter'!P33 -> 1356.5 | F17: ='Daily Meter'!Q33 -> 1357.4 | G17: =(F17-E17)*480 -> 432 | H17: =(F17-D17)*480 -> 1248
A18: 5 | B18: Meter 6 - 06065269 | C18: kW x 480 | D18: ='27'!F18 -> 3983.2 | E18: ='Daily Meter'!R33 -> 3986.1 | F18: ='Daily Meter'!S33 -> 3987.9 | G18: =(F18-E18)*480 -> 864 | H18: =(F18-D18)*480 -> 2256
A19: 6 | B19: Meter 7 - 06065283 | C19: kW x 480 | D19: ='27'!F19 -> 10540.8 | E19: ='Daily Meter'!T33 -> 10548.6 | F19: ='Daily Meter'!U33 -> 10553.4 | G19: =(F19-E19)*480 -> 2304 | H19: =(F19-D19)*480 -> 6048
B20: TOTAL ELECTRICAL CONS.(kWh) | G20: =SUM(G14:G19) -> 6480 | H20: =SUM(H14:H19) -> 17184 | I20: =H20*0.43 -> 7389.12
A22: V | B22: GAS CONSUMPTION
A23: 1 | B23: MAIN LPG METER | C23: M3 | D23: ='27'!F23 -> 51201.2 | E23: ='Daily Meter'!V33 -> 51292.1 | F23: ='Daily Meter'!W33 -> 51352 | G23: =F23-E23 -> 59.9 | H23: =F23-D23 -> 150.8
B24: L = m³ x 3.7 | C24: L | H24: =H23*3.7 -> 557.96 | I24: =H24*1.79 -> 998.7484
D27: Summary of Daily Hotel consumption
D28: Item measured | E28: Units | F28: Consumption | G28: AED
D29: Chilled water | E29: TR | F29: =H9 -> 3923.892 | G29: =I9 -> 2472.052
D30: DEWA Water | E30: imp. Gallon | F30: =H12 -> 31675.536 | G30: =I12 -> 1900.5322
D31: Electricity | E31: kwh | F31: =H20 -> 17184 | G31: =I20 -> 7389.12
D32: Gas | E32: m3 | F32: =H23 -> 150.8 | G32: =I24 -> 998.7484
F33: Total cost | G33: =SUM(G29:G32) -> 12760.453

Sheet 29
A1: ENGINEERING DEPARTMENT | J1: 1st
A3: UTILITY CONSUMPTION SHEET | J3: daily reading
B4: ='1'!B4 -> JANUARY | C4: 29
A5: SR.NO | B5: ITEM MEASURED | D5: Previous Reading | E5: 1st Reading (5am) | F5: 2nd Reading (5pm) | G5: 12hrs CONSUMPTION | H5: 24hrs CONSUMPTION | I5: Cost
A7: 1 | B7: DISTRICT COOLING PLANT
B8: Chilled Water | C8: MWH | D8: ='28'!F8 -> 36541 | E8: ='Daily Meter'!B34 -> 36550 | F8: ='Daily Meter'!C34 -> 36554.8 | G8: =F8-E8 -> 4.8 | H8: =F8-D8 -> 13.8
C9: TR | G9: =G8*284.34 -> 1364.832 | H9: =H8*284.34 -> 3923.892 | I9: =H9*0.63 -> 2472.052
A10: III | B10: WATER METERS
B11: Main DEWA Meter | C11: m3 | D11: ='28'!F11 -> 121925 | E11: ='Daily Meter'!D34 -> 122196 | F11: ='Daily Meter'!E34 -> 122245 | G11: =F11-E11 -> 49 | H11: =F11-D11 -> 320
B12: Imperial Gallon = m³ x 219.969 | C12: IG | G12: =G11*219.969 -> 10778.481 | H12: =H11*219.969 -> 70390.08 | I12: =H12*0.06 -> 4223.4048
A13: IV | B13: ELECTRICAL METERS
A14: 1 | B14: Meter 1 - 06065253 | C14: kW x 480 | D14: ='28'!F14 -> 4213 | E14: ='Daily Meter'!J34 -> 4217.6 | F14: ='Daily Meter'!K34 -> 4219.9 | G14: =(F14-E14)*480 -> 1104 | H14: =(F14-D14)*480 -> 3312
A15: 2 | B15: Meter 2 - 06065255 | C15: kW x 480 | D15: ='28'!F15 -> 2531 | E15: ='Daily Meter'!L34 -> 2533.3 | F15: ='Daily Meter'!M34 -> 2534.9 | G15: =(F15-E15)*480 -> 768 | H15: =(F15-D15)*480 -> 1872
A16: 3 | B16: Meter 3 - 06065259 | C16: kW x 480 | D16: ='28'!F16 -> 2711.1 | E16: ='Daily Meter'!N34 -> 2714.6 | F16: ='Daily Meter'!O34 -> 2716.2 | G16: =(F16-E16)*480 -> 768 | H16: =(F16-D16)*480 -> 2448
A17: 4 | B17: Meter 4 - 06065262 | C17: kW x 480 | D17: ='28'!F17 -> 1357.4 | E17: ='Daily Meter'!P34 -> 1359.4 | F17: ='Daily Meter'!Q34 -> 1360.4 | G17: =(F17-E17)*480 -> 480 | H17: =(F17-D17)*480 -> 1440
A18: 5 | B18: Meter 6 - 06065269 | C18: kW x 480 | D18: ='28'!F18 -> 3987.9 | E18: ='Daily Meter'!R34 -> 3991 | F18: ='Daily Meter'!S34 -> 3992.7 | G18: =(F18-E18)*480 -> 816 | H18: =(F18-D18)*480 -> 2304
A19: 6 | B19: Meter 7 - 06065283 | C19: kW x 480 | D19: ='28'!F19 -> 10553.4 | E19: ='Daily Meter'!T34 -> 10561.8 | F19: ='Daily Meter'!U34 -> 10565.9 | G19: =(F19-E19)*480 -> 1968 | H19: =(F19-D19)*480 -> 6000
B20: TOTAL ELECTRICAL CONS.(kWh) | G20: =SUM(G14:G19) -> 5904 | H20: =SUM(H14:H19) -> 17376 | I20: =H20*0.43 -> 7471.68
A22: V | B22: GAS CONSUMPTION
A23: 1 | B23: MAIN LPG METER | C23: M3 | D23: ='28'!F23 -> 51352 | E23: ='Daily Meter'!V34 -> 51446.5 | F23: ='Daily Meter'!W34 -> 51500.7 | G23: =F23-E23 -> 54.2 | H23: =F23-D23 -> 148.7
B24: L = m³ x 3.7 | C24: L | H24: =H23*3.7 -> 550.19 | I24: =H24*1.79 -> 984.8401
D27: Summary of Daily Hotel consumption
D28: Item measured | E28: Units | F28: Consumption | G28: AED
D29: Chilled water | E29: TR | F29: =H9 -> 3923.892 | G29: =I9 -> 2472.052
D30: DEWA Water | E30: imp. Gallon | F30: =H12 -> 70390.08 | G30: =I12 -> 4223.4048
D31: Electricity | E31: kwh | F31: =H20 -> 17376 | G31: =I20 -> 7471.68
D32: Gas | E32: m3 | F32: =H23 -> 148.7 | G32: =I24 -> 984.8401
F33: Total cost | G33: =SUM(G29:G32) -> 15151.977

Sheet 30
A1: ENGINEERING DEPARTMENT | J1: 1st
A3: UTILITY CONSUMPTION SHEET | J3: daily reading
B4: ='1'!B4 -> JANUARY | C4: 30
A5: SR.NO | B5: ITEM MEASURED | D5: Previous Reading | E5: 1st Reading (5am) | F5: 2nd Reading (5pm) | G5: 12hrs CONSUMPTION | H5: 24hrs CONSUMPTION | I5: Cost
A7: 1 | B7: DISTRICT COOLING PLANT
B8: Chilled Water | C8: MWH | D8: ='29'!F8 -> 36554.8 | E8: ='Daily Meter'!B35 -> 36562.5 | F8: ='Daily Meter'!C35 -> 36572.5 | G8: =F8-E8 -> 10 | H8: =F8-D8 -> 17.7
C9: TR | G9: =G8*284.34 -> 2843.4 | H9: =H8*284.34 -> 5032.818 | I9: =H9*0.63 -> 3170.6753
A10: III | B10: WATER METERS
B11: Main DEWA Meter | C11: m3 | D11: ='29'!F11 -> 122245 | E11: ='Daily Meter'!D35 -> 122245 | F11: ='Daily Meter'!E35 -> 122475 | G11: =F11-E11 -> 230 | H11: =F11-D11 -> 230
B12: Imperial Gallon = m³ x 219.969 | C12: IG | G12: =G11*219.969 -> 50592.87 | H12: =H11*219.969 -> 50592.87 | I12: =H12*0.06 -> 3035.5722
A13: IV | B13: ELECTRICAL METERS
A14: 1 | B14: Meter 1 - 06065253 | C14: kW x 480 | D14: ='29'!F14 -> 4219.9 | E14: ='Daily Meter'!J35 -> 4223.7 | F14: ='Daily Meter'!K35 -> 4228.2 | G14: =(F14-E14)*480 -> 2160 | H14: =(F14-D14)*480 -> 3984
A15: 2 | B15: Meter 2 - 06065255 | C15: kW x 480 | D15: ='29'!F15 -> 2534.9 | E15: ='Daily Meter'!L35 -> 2536.9 | F15: ='Daily Meter'!M35 -> 2539.8 | G15: =(F15-E15)*480 -> 1392 | H15: =(F15-D15)*480 -> 2352
A16: 3 | B16: Meter 3 - 06065259 | C16: kW x 480 | D16: ='29'!F16 -> 2716.2 | E16: ='Daily Meter'!N35 -> 2719.2 | F16: ='Daily Meter'!O35 -> 2722.5 | G16: =(F16-E16)*480 -> 1584 | H16: =(F16-D16)*480 -> 3024
A17: 4 | B17: Meter 4 - 06065262 | C17: kW x 480 | D17: ='29'!F17 -> 1360.4 | E17: ='Daily Meter'!P35 -> 1362.1 | F17: ='Daily Meter'!Q35 -> 1363.9 | G17: =(F17-E17)*480 -> 864 | H17: =(F17-D17)*480 -> 1680
A18: 5 | B18: Meter 6 - 06065269 | C18: kW x 480 | D18: ='29'!F18 -> 3992.7 | E18: ='Daily Meter'!R35 -> 3995.2 | F18: ='Daily Meter'!S35 -> 3998.4 | G18: =(F18-E18)*480 -> 1536 | H18: =(F18-D18)*480 -> 2736
A19: 6 | B19: Meter 7 - 06065283 | C19: kW x 480 | D19: ='29'!F19 -> 10565.9 | E19: ='Daily Meter'!T35 -> 10571.2 | F19: ='Daily Meter'!U35 -> 10577.9 | G19: =(F19-E19)*480 -> 3216 | H19: =(F19-D19)*480 -> 5760
B20: TOTAL ELECTRICAL CONS.(kWh) | G20: =SUM(G14:G19) -> 10752 | H20: =SUM(H14:H19) -> 19536 | I20: =H20*0.43 -> 8400.48
A22: V | B22: GAS CONSUMPTION
A23: 1 | B23: MAIN LPG METER | C23: M3 | D23: ='29'!F23 -> 51500.7 | E23: ='Daily Meter'!V35 -> 51577.4 | F23: ='Daily Meter'!W35 -> 51674.8 | G23: =F23-E23 -> 97.4 | H23: =F23-D23 -> 174.1
B24: L = m³ x 3.7 | C24: L | H24: =H23*3.7 -> 644.17 | I24: =H24*1.79 -> 1153.0643
D27: Summary of Daily Hotel consumption
D28: Item measured | E28: Units | F28: Consumption | G28: AED
D29: Chilled water | E29: TR | F29: =H9 -> 5032.818 | G29: =I9 -> 3170.6753
D30: DEWA Water | E30: imp. Gallon | F30: =H12 -> 50592.87 | G30: =I12 -> 3035.5722
D31: Electricity | E31: kwh | F31: =H20 -> 19536 | G31: =I20 -> 8400.48
D32: Gas | E32: m3 | F32: =H23 -> 174.1 | G32: =I24 -> 1153.0643
F33: Total cost | G33: =SUM(G29:G32) -> 15759.792

Sheet 31
A1: ENGINEERING DEPARTMENT | J1: 1st
A3: UTILITY CONSUMPTION SHEET | J3: daily reading
B4: ='1'!B4 -> JANUARY
A5: SR.NO | B5: ITEM MEASURED | D5: Previous Reading | E5: 1st Reading (5am) | F5: 2nd Reading (5pm) | G5: 12hrs CONSUMPTION | H5: 24hrs CONSUMPTION | I5: Cost
A7: 1 | B7: DISTRICT COOLING PLANT
B8: Chilled Water | C8: MWH | D8: ='30'!F8 -> 36572.5 | E8: ='Daily Meter'!B36 -> 36578.3 | F8: ='Daily Meter'!C36 -> 36588.1 | G8: =F8-E8 -> 9.8 | H8: =F8-D8 -> 15.6
C9: TR | G9: =G8*284.34 -> 2786.532 | H9: =H8*284.34 -> 4435.704 | I9: =H9*0.63 -> 2794.4935
A10: III | B10: WATER METERS
B11: Main DEWA Meter | C11: m3 | D11: ='30'!F11 -> 122475 | E11: ='Daily Meter'!D36 -> 122563 | F11: ='Daily Meter'!E36 -> 122881 | G11: =F11-E11 -> 318 | H11: =F11-D11 -> 406
B12: Imperial Gallon = m³ x 219.969 | C12: IG | G12: =G11*219.969 -> 69950.142 | H12: =H11*219.969 -> 89307.414 | I12: =H12*0.06 -> 5358.4448
A13: IV | B13: ELECTRICAL METERS
A14: 1 | B14: Meter 1 - 06065253 | C14: kW x 480 | D14: ='30'!F14 -> 4228.2 | E14: ='Daily Meter'!J36 -> 4230.7 | F14: ='Daily Meter'!K36 -> 4235.1 | G14: =(F14-E14)*480 -> 2112 | H14: =(F14-D14)*480 -> 3312
A15: 2 | B15: Meter 2 - 06065255 | C15: kW x 480 | D15: ='30'!F15 -> 2539.8 | E15: ='Daily Meter'!L36 -> 2541.2 | F15: ='Daily Meter'!M36 -> 2544 | G15: =(F15-E15)*480 -> 1344 | H15: =(F15-D15)*480 -> 2016
A16: 3 | B16: Meter 3 - 06065259 | C16: kW x 480 | D16: ='30'!F16 -> 2722.5 | E16: ='Daily Meter'!N36 -> 2724.5 | F16: ='Daily Meter'!O36 -> 2727.4 | G16: =(F16-E16)*480 -> 1392 | H16: =(F16-D16)*480 -> 2352
A17: 4 | B17: Meter 4 - 06065262 | C17: kW x 480 | D17: ='30'!F17 -> 1363.9 | E17: ='Daily Meter'!P36 -> 1365 | F17: ='Daily Meter'!Q36 -> 1366.8 | G17: =(F17-E17)*480 -> 864 | H17: =(F17-D17)*480 -> 1392
A18: 5 | B18: Meter 6 - 06065269 | C18: kW x 480 | D18: ='30'!F18 -> 3998.4 | E18: ='Daily Meter'!R36 -> 4000.3 | F18: ='Daily Meter'!S36 -> 4003.3 | G18: =(F18-E18)*480 -> 1440 | H18: =(F18-D18)*480 -> 2352
A19: 6 | B19: Meter 7 - 06065283 | C19: kW x 480 | D19: ='30'!F19 -> 10577.9 | E19: ='Daily Meter'!T36 -> 10581.8 | F19: ='Daily Meter'!U36 -> 10588.2 | G19: =(F19-E19)*480 -> 3072 | H19: =(F19-D19)*480 -> 4944
B20: TOTAL ELECTRICAL CONS.(kWh) | G20: =SUM(G14:G19) -> 10224 | H20: =SUM(H14:H19) -> 16368 | I20: =H20*0.43 -> 7038.24
A22: V | B22: GAS CONSUMPTION
A23: 1 | B23: MAIN LPG METER | C23: M3 | D23: ='30'!F23 -> 51674.8 | E23: ='Daily Meter'!V36 -> 51727.9 | F23: ='Daily Meter'!W36 -> 51820.1 | G23: =F23-E23 -> 92.2 | H23: =F23-D23 -> 145.3
B24: L = m³ x 3.7 | C24: L | H24: =H23*3.7 -> 537.61 | I24: =H24*1.79 -> 962.3219
D27: Summary of Daily Hotel consumption
D28: Item measured | E28: Units | F28: Consumption | G28: AED
D29: Chilled water | E29: TR | F29: =H9 -> 4435.704 | G29: =I9 -> 2794.4935
D30: DEWA Water | E30: imp. Gallon | F30: =H12 -> 89307.414 | G30: =I12 -> 5358.4448
D31: Electricity | E31: kwh | F31: =H20 -> 16368 | G31: =I20 -> 7038.24
D32: Gas | E32: m3 | F32: =H23 -> 145.3 | G32: =I24 -> 962.3219
F33: Total cost | G33: =SUM(G29:G32) -> 16153.5

Sheet dec. 20 to jan. 23
A1: ENGINEERING DEPARTMENT | O1: 1st
A3: UTILITY CONSUMPTION SHEET | O3: daily reading
B4: Date: Dec. 20, 2022 to Jan. 23, 2023
A5: SR.NO | B5: ITEM MEASURED | D5: Previous Reading (Dec. 20, 2022) | E5: Current Month Reading (Jan. 23, 2023) | F5: Total Consumption | G5: vs. MONTHLY TARGET
A7: 1 | B7: DISTRICT COOLING PLANT
B8: Chilled Water | C8: MWH | D8: 35798.6 | E8: 36466.8 | F8: =E8-D8 -> 668.2
C9: RTH (MWH X 284.35) | F9: =F8*284.35 -> 190002.67
B10: Cost (Consumption Charges: 0.568 aed) | F10: =F9*0.568 -> 107921.52
B11: Cost (Fuel Charges: 0.075 aed) | F11: =F9*0.075 -> 14250.2
B12: Total Cost | F12: =F10+F11 -> 122171.72 | G12: 112911
B13: plus contracted load (aed 3,200 per mo.) | F13: =(3200*35) -> 112000 | G13: 95548
F14: =SUM(F12+F13) -> 234171.72 | G14: =SUM(G12:G13) -> 208459
A15: III | B15: WATER METERS
B16: Main DEWA Meter | C16: m3 | D16: 112594 | E16: 120707 | F16: =E16-D16 -> 8113
C17: Imperial Gallon (M: m3 x 219.969) | F17: =F16*219.969 -> 1784608.5
B18: Cost (first 10,000: .0350 aed) | F18: 350
B19: Cost (second 10,000: .040 aed) | F19: 400
B20: Cost (above 20,000: .046 aed) | F20: =SUM(F17-20000)*0.046 -> 81171.991
B21: Cost (Fuel Charges: 0.006 aed) | F21: =F17*0.006 -> 10707.651
B22: Cost (Sewerage Fee: 0.005 aed) | F22: =F17*0.005 -> 8923.0425
B23: Total Cost | F23: =SUM(F18:F22) -> 101552.68
A24: IV | B24: ELECTRICAL METERS
A25: 1 | B25: Meter 1 - 06065253 | C25: kW x 480 | D25: 3946.4 | E25: 4180.2 | F25: =(E25-D25)*480 -> 112224
A26: 2 | B26: Meter 2 - 06065255 | C26: kW x 480 | D26: 2374.6 | E26: 2511.4 | F26: =(E26-D26)*480 -> 65664
A27: 3 | B27: Meter 3 - 06065259 | C27: kW x 480 | D27: 2526.3 | E27: 2686.5 | F27: =(E27-D27)*480 -> 76896
A28: 4 | B28: Meter 4 - 06065262 | C28: kW x 480 | D28: 1248 | E28: 1344.3 | F28: =(E28-D28)*480 -> 46224
A29: 5 | B29: Meter 6 - 06065269 | C29: kW x 480 | D29: 3802.9 | E29: 3964.7 | F29: =(E29-D29)*480 -> 77664
A30: 6 | B30: Meter 7 - 06065283 | C30: kW x 480 | D30: 10069.4 | E30: 10490.2 | F30: =(E30-D30)*480 -> 201984
B31: TOTAL ELECTRICAL CONS. (kWh) | F31: =SUM(F25:F30) -> 580656
B32: Cost (first 2,000: 0.23 aed) | F32: 460
B33: Cost (second 2,000: 0.28 aed) | F33: 560
B34: Cost (third 2,000: 0.32 aed) | F34: 640
B35: Cost (above 6,000: 0.38 aed) | F35: =SUM(F31-6000)*0.38 -> 218369.28
B36: Cost (Fuel Charges: 0.065 aed) | F36: =F31*0.065 -> 37742.64
B37: Total Cost | F37: =SUM(F32:F36) -> 257771.92
A38: V | B38: GAS CONSUMPTION
A39: 1 | B39: MAIN LPG METER
C40: m³ | D40: 45865.2 | E40: 50664.1 | F40: =E40-D40 -> 4798.9
C41: Liters (m³ X 3.70) | F41: =F40*3.7 -> 17755.93
B42: Cost (Consumption Charges: 1.79 aed) | F42: =F41*1.79 -> 31783.115
B44: Summary of Daily Hotel consumption
B45: Item measured | C45: Units | D45: Consumption | E45: AED (w/o VAT)
B46: Chilled water | C46: TR | D46: =F9 -> 190002.67 | E46: =F12 -> 122171.72
B47: DEWA Water | C47: Imperial Gallon | D47: =F17 -> 1784608.5 | E47: =F23 -> 101552.68
B48: Electricity | C48: kWh | D48: =F31 -> 580656 | E48: =F37 -> 257771.92
B49: Gas | C49: m³ | D49: =F40 -> 4798.9 | E49: =F42 -> 31783.115
D50: Total Cost: | E50: =SUM(E46:E49) -> 513279.44

Sheet jan. 1 to 31
A1: ENGINEERING DEPARTMENT
A3: UTILITY CONSUMPTION SHEET
B4: Date: JAN. 1 - 31, 2023 | C4: Total Occ. Rooms: | E4: %Occupancy: 72.23%
A5: SR.NO | B5: ITEM MEASURED | D5: Previous Reading (Dec. 31) | E5: Current Month Reading (Jan. 31) | F5: Total Consumption | G5: vs. MONTHLY TARGET
A7: 1 | B7: DISTRICT COOLING PLANT | N7: 1st
B8: Chilled Water | C8: MWH | D8: 36048.5 | E8: 36588.1 | F8: =E8-D8 -> 539.6
C9: RTH (MWH X 284.35) | F9: =F8*284.35 -> 153435.26
B10: Cost (Consumption Charges: 0.568 aed) | F10: =F9*0.568 -> 87151.228
B11: Cost (Fuel Charges: 0.075 aed) | F11: =F9*0.075 -> 11507.644
B12: Total Cost | F12: =F10+F11 -> 98658.872 | G12: 112911
B13: plus contracted load (aed 3,200 per mo.) | F13: =(3200*31) -> 99200 | G13: 95548
F14: =(F12+F13) -> 197858.87 | G14: =SUM(G12:G13) -> 208459
A15: III | B15: WATER METERS
B16: Main DEWA Meter | C16: m3 | D16: 115212 | E16: 122881 | F16: =E16-D16 -> 7669
C17: Imperial Gallon (M: m3 X 219.969) | F17: =F16*219.969 -> 1686942.3
B18: Cost (first 10,000: .0350 aed) | F18: 350
B19: Cost (second 10,000: .040 aed) | F19: 400
B20: Cost (above 20,000: .046 aed) | F20: =SUM(F17-20000)*0.046 -> 76679.344
B21: Cost (Fuel Charges: 0.006 aed) | F21: =F17*0.006 -> 10121.654
B22: Cost (Sewerage Fee: 0.005 aed) | F22: =F17*0.005 -> 8434.7113
B23: Total Cost | F23: =SUM(F18:F22) -> 95985.709 | G23: 59385
A24: IV | B24: ELECTRICAL METERS | K24: 1 | L24: 2 | M24: 3 | N24: 4 | O24: 6 | P24: 7
A25: 1 | B25: Meter 1 - 06065253 | C25: kW x 480 | D25: 4025.2 | E25: 4235.1 | F25: =(E25-D25)*480 -> 100752 | H25: =(F25*0.065) -> 6548.88 | K25: =H25 -> 6548.88 | L25: =H26 -> 3822 | M25: =H27 -> 4658.16 | N25: =H28 -> 2667.6 | O25: =H29 -> 4517.76 | P25: =H30 -> 11949.6
A26: 2 | B26: Meter 2 - 06065255 | C26: kW x 480 | D26: 2421.5 | E26: 2544 | F26: =(E26-D26)*480 -> 58800 | H26: =(F26*0.065) -> 3822 | K26: 1660 | L26: 1660 | M26: 1660 | N26: 1660 | O26: 1660 | P26: 1660
A27: 3 | B27: Meter 3 - 06065259 | C27: kW x 480 | D27: 2578.1 | E27: 2727.4 | F27: =(E27-D27)*480 -> 71664 | H27: =(F27*0.065) -> 4658.16 | K27: =SUM(F25-6000)*0.38 -> 36005.76 | L27: =SUM(F26-6000)*0.38 -> 20064 | M27: =SUM(F27-6000)*0.38 -> 24952.32 | N27: =SUM(F28-6000)*0.38 -> 13315.2 | O27: =SUM(F29-6000)*0.38 -> 24131.52 | P27: =SUM(F30-6000)*0.38 -> 67579.2
A28: 4 | B28: Meter 4 - 06065262 | C28: kW x 480 | D28: 1281.3 | E28: 1366.8 | F28: =(E28-D28)*480 -> 41040 | H28: =(F28*0.065) -> 2667.6 | K28: =SUM(K25:K27) -> 44214.64 | L28: =SUM(L25:L27) -> 25546 | M28: =SUM(M25:M27) -> 31270.48 | N28: =SUM(N25:N27) -> 17642.8 | O28: =SUM(O25:O27) -> 30309.28 | P28: =SUM(P25:P27) -> 81188.8
A29: 5 | B29: Meter 6 - 06065269 | C29: kW x 480 | D29: 3858.5 | E29: 4003.3 | F29: =(E29-D29)*480 -> 69504 | H29: =(F29*0.065) -> 4517.76
A30: 6 | B30: Meter 7 - 06065283 | C30: kW x 480 | D30: 10205.2 | E30: 10588.2 | F30: =(E30-D30)*480 -> 183840 | H30: =(F30*0.065) -> 11949.6
B31: TOTAL ELECTRICAL CONS. (kWh) | F31: =SUM(F25:F30) -> 525600
B32: Cost (first 2,000: 0.23 aed) | F32: 460
B33: Cost (second 2,000: 0.28 aed) | F33: 560
B34: Cost (third 2,000: 0.32 aed) | F34: 640
B35: Cost (above 6,000: 0.38 aed) | F35: =SUM(F31-6000)*0.38 -> 197448
B36: Cost (Fuel Charges: 0.065 aed) | F36: =F31*0.065 -> 34164
B37: Total Cost | F37: =SUM(F32:F36) -> 233272 | G37: 211706
A38: V | B38: GAS CONSUMPTION
A39: 1 | B39: MAIN LPG METER
C40: m³ | D40: 47370.3 | E40: 51820.1 | F40: =E40-D40 -> 4449.8
C41: Liters (m³ X 3.70) | F41: =F40*3.7 -> 16464.26
B42: Cost (Consumption Charges: 1.79 aed) | F42: =F41*1.79 -> 29471.025 | G42: 13040
B44: Summary of Daily Hotel consumption
B45: Item measured | C45: Units | D45: Consumption | E45: AED (w/o VAT)
B46: Chilled water | C46: TR | D46: =F9 -> 153435.26 | E46: =F12 -> 98658.872
B47: DEWA Water | C47: Imperial Gallon | D47: =F17 -> 1686942.3 | E47: =F23 -> 95985.709
B48: Electricity | C48: kWh | D48: =F31 -> 525600 | E48: =F37 -> 233272
B49: Gas | C49: m³ | D49: =F40 -> 4449.8 | E49: =F42 -> 29471.025
D50: Total Cost: | E50: =SUM(E46:E49) -> 457387.61

Sheet board 1 - 31
A1: 1st
B2: 1 | C2: 2 | D2: 3 | E2: 4 | F2: 5 | G2: 6 | H2: 7 | I2: 8 | J2: 9 | K2: 10 | L2: 11 | M2: 12 | N2: 13 | O2: 14 | P2: 15 | Q2: 16 | R2: 17 | S2: 18 | T2: 19 | U2: 20 | V2: 21 | W2: 22 | X2: 23 | Y2: 24 | Z2: 25 | AA2: 26 | AB2: 27 | AC2: 28 | AD2: 29 | AE2: 30 | AF2: 31
A3: % OCCUPANCY | B3: 0.7512 | C3: 0.629 | D3: 0.6521 | E3: 0.6406 | F3: 0.6244 | G3: 0.6083 | H3: 0.5161 | I3: 0.371 | J3: 0.7143 | K3: 0.8433 | L3: 0.8433 | M3: 0.6705 | N3: 0.7005 | O3: 0.5369 | P3: 0.4124 | Q3: 0.7949 | R3: 0.9332 | S3: 0.9862 | T3: 0.9424 | U3: 0.9171 | V3: 0.6429 | W3: 0.477 | X3: 0.6244 | Y3: 0.6359 | Z3: 0.765 | AA3: 0.8848 | AB3: 0.8111 | AC3: 0.7558 | AD3: 0.7788 | AE3: 0.9493 | AF3: 0.9793
A5: ELECTRICITY | B5: kWh | C5: kWh | D5: kWh | E5: kWh | F5: kWh | G5: kWh | H5: kWh | I5: kWh | J5: kWh | K5: kWh | L5: kWh | M5: kWh | N5: kWh | O5: kWh | P5: kWh | Q5: kWh | R5: kWh | S5: kWh | T5: kWh | U5: kWh | V5: kWh | W5: kWh | X5: kWh | Y5: kWh | Z5: kWh | AA5: kWh | AB5: kWh | AC5: kWh | AD5: kWh | AE5: kWh | AF5: kWh
A6: METER 1: 6065253 | B6: 2640 | C6: 3360 | D6: 3456 | E6: 3216 | F6: 3168 | G6: 3600 | H6: 3360 | I6: 2496 | J6: 3456 | K6: 3072 | L6: 3264 | M6: 3168 | N6: 3360 | O6: 3216 | P6: 3168 | Q6: 3264 | R6: 3792 | S6: 2736 | T6: 3408 | U6: 4176 | V6: 2488 | W6: 3120 | X6: 3456 | Y6: 2880 | Z6: 3264 | AA6: 3264 | AB6: 3072 | AC6: 3264 | AD6: 3312 | AE6: 3984 | AF6: 3312
A7: METER 2: 6065255 | B7: 1488 | C7: 1872 | D7: 1824 | E7: 1968 | F7: 1776 | G7: 2016 | H7: 1920 | I7: 1488 | J7: 2016 | K7: 1920 | L7: 1968 | M7: 2016 | N7: 1920 | O7: 1872 | P7: 1776 | Q7: 1872 | R7: 2256 | S7: 1632 | T7: 1968 | U7: 2496 | V7: 1392 | W7: 1776 | X7: 1920 | Y7: 1728 | Z7: 1920 | AA7: 2016 | AB7: 1872 | AC7: 1872 | AD7: 1872 | AE7: 2352 | AF7: 2016
A8: METER 3: 6065259 | B8: 1776 | C8: 2208 | D8: 2256 | E8: 2256 | F8: 2208 | G8: 2448 | H8: 2352 | I8: 1776 | J8: 2400 | K8: 2208 | L8: 2208 | M8: 2400 | N8: 2400 | O8: 2400 | P8: 2208 | Q8: 2304 | R8: 2304 | S8: 4512 | T8: 2352 | U8: 2880 | V8: 1824 | W8: 2208 | X8: 2448 | Y8: 2160 | Z8: 2352 | AA8: 2400 | AB8: 2400 | AC8: 2496 | AD8: 2448 | AE8: 3024 | AF8: 2352
A9: METER 4: 6065262 | B9: 1008 | C9: 1296 | D9: 1344 | E9: 1440 | F9: 1296 | G9: 1440 | H9: 1248 | I9: 1008 | J9: 1488 | K9: 1296 | L9: 1296 | M9: 1344 | N9: 1440 | O9: 1440 | P9: 1344 | Q9: 1296 | R9: 1440 | S9: 1104 | T9: 1296 | U9: 1680 | V9: 1008 | W9: 1296 | X9: 1392 | Y9: 1200 | Z9: 1296 | AA9: 1344 | AB9: 1200 | AC9: 1248 | AD9: 1440 | AE9: 1680 | AF9: 1392
A10: METER 6: 6065269 | B10: 1824 | C10: 2256 | D10: 2256 | E10: 2208 | F10: 2160 | G10: 2448 | H10: 2256 | I10: 1776 | J10: 2352 | K10: 2112 | L10: 2208 | M10: 2256 | N10: 2256 | O10: 2256 | P10: 2160 | Q10: 2256 | R10: 2544 | S10: 1968 | T10: 2304 | U10: 2880 | V10: 1776 | W10: 2112 | X10: 2352 | Y10: 2160 | Z10: 2256 | AA10: 2304 | AB10: 2160 | AC10: 2256 | AD10: 2304 | AE10: 2736 | AF10: 2352
A11: METER 7: 6065283 | B11: 5136 | C11: 6240 | D11: 6096 | E11: 6048 | F11: 5904 | G11: 6768 | H11: 6288 | I11: 4896 | J11: 6480 | K11: 5904 | L11: 6096 | M11: 6048 | N11: 6000 | O11: 5904 | P11: 5712 | Q11: 4896 | R11: 6112 | S11: 4944 | T11: 6144 | U11: 7488 | V11: 4992 | W11: 5952 | X11: 6672 | Y11: 5808 | Z11: 6192 | AA11: 6336 | AB11: 5952 | AC11: 6048 | AD11: 6000 | AE11: 5760 | AF11: 4944
A12: total electricty: | B12: =SUM(B6:B11) -> 13872 | C12: =SUM(C6:C11) -> 17232 | D12: =SUM(D6:D11) -> 17232 | E12: =SUM(E6:E11) -> 17136 | F12: =SUM(F6:F11) -> 16512 | G12: =SUM(G6:G11) -> 18720 | H12: =SUM(H6:H11) -> 17424 | I12: =SUM(I6:I11) -> 13440 | ... AF12: =SUM(AF6:AF11) -> 16368
A13: WATER | B13: IG | C13: IG | D13: IG | E13: IG | F13: IG | G13: IG | H13: IG | I13: IG | J13: IG | K13: IG | L13: IG | M13: IG | N13: IG | O13: IG | P13: IG | Q13: IG | R13: IG | S13: IG | T13: IG | U13: IG | V13: IG | W13: IG | X13: IG | Y13: IG | Z13: IG | AA13: IG | AB13: IG | AC13: IG | AD13: IG | AE13: IG | AF13: IG
A14: METER: 18E0300032 | B14: 36074.92 | C14: 47953.24 | D14: 30135.75 | E14: 80288.69 | F14: 71929.86 | G14: 66430.64 | H14: 43113.42 | I14: 60491.48 | J14: 13858.05 | K14: 46193.49 | L14: 64230.95 | M14: 68410.36 | N14: 50812.84 | O14: 49493.03 | P14: 65330.79 | Q14: 50812.84 | R14: 35854.95 | S14: 51692.72 | T14: 78748.9 | U14: 63571.04 | V14: 47733.27 | W14: 50152.93 | X14: 35415.01 | Y14: 79408.81 | Z14: 33655.26 | AA14: 48833.12 | AB14: 74349.52 | AC14: 31675.54 | AD14: 70390.08 | AE14: 50592.87 | AF14: 89307.41
A16: EMPOWER | B16: RTH | C16: RTH | D16: RTH | E16: RTH | F16: RTH | G16: RTH | H16: RTH | I16: RTH | J16: RTH | K16: RTH | L16: RTH | M16: RTH | N16: RTH | O16: RTH | P16: RTH | Q16: RTH | R16: RTH | S16: RTH | T16: RTH | U16: RTH | V16: RTH | W16: RTH | X16: RTH | Y16: RTH | Z16: RTH | AA16: RTH | AB16: RTH | AC16: RTH | AD16: RTH | AE16: RTH | AF16: RTH
A17: BTU METER: P103FF043BC | B17: 4833.78 | C17: 5715.23 | D17: 5516.2 | E17: 5601.5 | F17: 5715.23 | G17: 6852.59 | H17: 5715.23 | I17: 4151.36 | J17: 4776.91 | K17: 6369.22 | L17: 6056.44 | M17: 5032.82 | N17: 4634.74 | O17: 4492.57 | P17: 4577.87 | Q17: 4805.35 | R17: 5942.71 | S17: 4208.23 | T17: 4919.08 | U17: 5828.97 | V17: 3383.65 | W17: 4862.21 | X17: 4947.52 | Y17: 4350.4 | Z17: 4577.87 | AA17: 4122.93 | AB17: 4122.93 | AC17: 3923.89 | AD17: 3923.89 | AE17: 5032.82 | AF17: 4435.7
A19: LPG | B19: LITRES | C19: LITRES | D19: LITRES | E19: LITRES | F19: LITRES | G19: LITRES | H19: LITRES | I19: LITRES | J19: LITRES | K19: LITRES | L19: LITRES | M19: LITRES | N19: LITRES | O19: LITRES | P19: LITRES | Q19: LITRES | R19: LITRES | S19: LITRES | T19: LITRES | U19: LITRES | V19: LITRES | W19: LITRES | X19: LITRES | Y19: LITRES | Z19: LITRES | AA19: LITRES | AB19: LITRES | AC19: LITRES | AD19: LITRES | AE19: LITRES | AF19: LITRES
A20: METER: 77192321/2019 | B20: 331.98 | C20: 368.83 | D20: 381.57 | E20: 366.66 | F20: 345.53 | G20: 422.76 | H20: 414.63 | I20: 307.31 | J20: 366.12 | K20: 407.04 | L20: 409.21 | M20: 395.12 | N20: 380.76 | O20: 393.22 | P20: 373.17 | Q20: 342.82 | R20: 452.03 | S20: 349.05 | T20: 425.47 | U20: 522.76 | V20: 308.4 | W20: 421.13 | X20: 440.65 | Y20: 272.08 | Z20: 404.33 | AA20: 397.29 | AB20: 381.84 | AC20: 408.67 | AD20: 402.98 | AE20: 471.81 | AF20: 393.76

Sheet DAILY PRINTING
A1: 0.9493 | B1: 0.9793
A2: 5032.82 | B2: .
A3: 19536
A4: 50592.87
A5: 471.81
A13: % OCCUPANCY | B13: % OCCUPANCY | C13: % OCCUPANCY | D13: % OCCUPANCY | E13: % OCCUPANCY | F13: % OCCUPANCY
A14: ELECTRICITY (kWh) | B14: ELECTRICITY (kWh) | C14: ELECTRICITY (kWh) | D14: ELECTRICITY (kWh) | E14: ELECTRICITY (kWh) | F14: ELECTRICITY (kWh)
A15: WATER (IG) | B15: WATER (IG) | C15: WATER (IG) | D15: WATER (IG) | E15: WATER (IG) | F15: WATER (IG)
A16: EMPOWER / COOLING (RTH) | B16: EMPOWER / COOLING (RTH) | C16: EMPOWER / COOLING (RTH) | D16: EMPOWER / COOLING (RTH) | E16: EMPOWER / COOLING (RTH) | F16: EMPOWER / COOLING (RTH)
A17: LPG (LITRES) | B17: LPG (LITRES) | C17: LPG (LITRES) | D17: LPG (LITRES) | E17: LPG (LITRES) | F17: LPG (LITRES)
A19: LAST MONTH'S TOTAL: | C19: LAST MONTH'S TOTAL:

Sheet DAILY PRINTING (2)
E1: LAST MONTH'S TOTAL:
E2: %OCCUPANCY: | F2: 72.23
E3: WATER (IG): | F3: 1686942.3
E4: ELECTRICITY (kWh): | F4: 525600
E5: COOLING (RTH): | F5: 153435.26
E6: LPG (LITRES:) | F6: 12058.96
A10: JANUARY | B10: JUNE | C10: JANUARY | D10: JUNE
A11: FEBRUARY | B11: JULY | C11: FEBRUARY | D11: JULY
A12: MARCH | B12: AUGUST | C12: MARCH | D12: AUGUST
A13: APRIL | B13: SEPTEMBER | C13: APRIL | D13: SEPTEMBER
A14: MAY | B14: OCTOBER | C14: MAY | D14: OCTOBER
A15: NOVEMBER | B15: DECEMBER | C15: NOVEMBER | D15: DECEMBER
