Workbook

Sheet Sheet2
A1: Site Name | B1: Day | C1: Month | D1: Year | E1: Total Electricity Kwh | F1: Electricity Tariff ($/Kwh) | G1: LPG (Liters) | H1: LPG $/Liters | I1: Water Utility Supply (IG) IG | J1: Water Utility Supply (IG) $/IG | K1: District Energy Cooling RTH | L1: District Energy Cooling $/RTH | M1: Room Nights | N1: Total Guests
A2: 25hours Dubai One Central | B2: 1 | C2: 2 | D2: 2023 | E2: =Sheet1!E2+Sheet1!F2+Sheet1!G2+Sheet1!H2+Sheet1!I2+Sheet1!J2 -> 11376 | F2: 0.44 | G2: =Sheet1!M2 -> 430.31 | H2: 2.5 | I2: =Sheet1!L2 -> 49053.087 | J2: 0.06 | K2: =Sheet1!K2 -> 3582.684 | L2: =0.568+0.075 -> 0.643 | M2: =Sheet1!N2 -> 422.0216
A3: 25hours Dubai One Central | B3: =B2+1 -> 2 | C3: 2 | D3: 2023 | E3: =Sheet1!E3+Sheet1!F3+Sheet1!G3+Sheet1!H3+Sheet1!I3+Sheet1!J3 -> 12768 | F3: 0.44 | G3: =Sheet1!M3 -> 519.11 | H3: 2.5 | I3: =Sheet1!L3 -> 67750.452 | J3: 0.06 | K3: =Sheet1!K3 -> 5146.554 | L3: =0.568+0.075 -> 0.643 | M3: =Sheet1!N3 -> 343.9884
A4: 25hours Dubai One Central | B4: =B3+1 -> 3 | C4: 2 | D4: 2023 | E4: =Sheet1!E4+Sheet1!F4+Sheet1!G4+Sheet1!H4+Sheet1!I4+Sheet1!J4 -> 18864 | F4: 0.44 | G4: =Sheet1!M4 -> 510.6 | H4: 2.5 | I4: =Sheet1!L4 -> 65770.731 | J4: 0.06 | K4: =Sheet1!K4 -> 6710.424 | L4: =0.568+0.075 -> 0.643 | M4: =Sheet1!N4 -> 287.0042
A5: 25hours Dubai One Central | B5: =B4+1 -> 4 | C5: 2 | D5: 2023 | E5: =Sheet1!E5+Sheet1!F5+Sheet1!G5+Sheet1!H5+Sheet1!I5+Sheet1!J5 -> 13632 | F5: 0.44 | G5: =Sheet1!M5 -> 458.43 | H5: 2.5 | I5: =Sheet1!L5 -> 71709.894 | J5: 0.06 | K5: =Sheet1!K5 -> 4691.61 | L5: =0.568+0.075 -> 0.643 | M5: =Sheet1!N5 -> 294.035
A6: 25hours Dubai One Central | B6: =B5+1 -> 5 | C6: 2 | D6: 2023 | E6: =Sheet1!E6+Sheet1!F6+Sheet1!G6+Sheet1!H6+Sheet1!I6+Sheet1!J6 -> 17088 | F6: 0.44 | G6: =Sheet1!M6 -> 499.13 | H6: 2.5 | I6: =Sheet1!L6 -> 45313.614 | J6: 0.06 | K6: =Sheet1!K6 -> 5174.988 | L6: =0.568+0.075 -> 0.643 | M6: =Sheet1!N6 -> 307.0116
A7: 25hours Dubai One Central | B7: =B6+1 -> 6 | C7: 2 | D7: 2023 | E7: =Sheet1!E7+Sheet1!F7+Sheet1!G7+Sheet1!H7+Sheet1!I7+Sheet1!J7 -> 21216 | F7: 0.44 | G7: =Sheet1!M7 -> 600.51 | H7: 2.5 | I7: =Sheet1!L7 -> 65770.731 | J7: 0.06 | K7: =Sheet1!K7 -> 6994.764 | L7: =0.568+0.075 -> 0.643 | M7: =Sheet1!N7 -> 383.005
A8: 25hours Dubai One Central | B8: =B7+1 -> 7 | C8: 2 | D8: 2023 | E8: =Sheet1!E8+Sheet1!F8+Sheet1!G8+Sheet1!H8+Sheet1!I8+Sheet1!J8 -> 12096 | F8: 0.44 | G8: =Sheet1!M8 -> 372.59 | H8: 2.5 | I8: =Sheet1!L8 -> 56312.064 | J8: 0.06 | K8: =Sheet1!K8 -> 4321.968 | L8: =0.568+0.075 -> 0.643 | M8: =Sheet1!N8 -> 418.9836
A9: 25hours Dubai One Central | B9: =B8+1 -> 8 | C9: 2 | D9: 2023 | E9: =Sheet1!E9+Sheet1!F9+Sheet1!G9+Sheet1!H9+Sheet1!I9+Sheet1!J9 -> 16752 | F9: 0.44 | G9: =Sheet1!M9 -> 507.64 | H9: 2.5 | I9: =Sheet1!L9 -> 50152.932 | J9: 0.06 | K9: =Sheet1!K9 -> 6539.82 | L9: =0.568+0.075 -> 0.643 | M9: =Sheet1!N9 -> 424.018
A10: 25hours Dubai One Central | B10: =B9+1 -> 9 | C10: 2 | D10: 2023 | E10: =Sheet1!E10+Sheet1!F10+Sheet1!G10+Sheet1!H10+Sheet1!I10+Sheet1!J10 -> 16224 | F10: 0.44 | G10: =Sheet1!M10 -> 501.72 | H10: 2.5 | I10: =Sheet1!L10 -> 78968.871 | J10: 0.06 | K10: =Sheet1!K10 -> 5914.272 | L10: =0.568+0.075 -> 0.643 | M10: =Sheet1!N10 -> 366.9904
A11: 25hours Dubai One Central | B11: =B10+1 -> 10 | C11: 2 | D11: 2023 | E11: =Sheet1!E11+Sheet1!F11+Sheet1!G11+Sheet1!H11+Sheet1!I11+Sheet1!J11 -> 17760 | F11: 0.44 | G11: =Sheet1!M11 -> 535.76 | H11: 2.5 | I11: =Sheet1!L11 -> 78748.902 | J11: 0.06 | K11: =Sheet1!K11 -> 5459.328 | L11: =0.568+0.075 -> 0.643 | M11: =Sheet1!N11 -> 352.0174
A12: 25hours Dubai One Central | B12: =B11+1 -> 11 | C12: 2 | D12: 2023 | E12: =Sheet1!E12+Sheet1!F12+Sheet1!G12+Sheet1!H12+Sheet1!I12+Sheet1!J12 -> 18096 | F12: 0.44 | G12: =Sheet1!M12 -> 533.17 | H12: 2.5 | I12: =Sheet1!L12 -> 46193.49 | J12: 0.06 | K12: =Sheet1!K12 -> 5459.328 | L12: =0.568+0.075 -> 0.643 | M12: =Sheet1!N12 -> 300.979
A13: 25hours Dubai One Central | B13: =B12+1 -> 12 | C13: 2 | D13: 2023 | E13: =Sheet1!E13+Sheet1!F13+Sheet1!G13+Sheet1!H13+Sheet1!I13+Sheet1!J13 -> 16080 | F13: 0.44 | G13: =Sheet1!M13 -> 445.11 | H13: 2.5 | I13: =Sheet1!L13 -> 69510.204 | J13: 0.06 | K13: =Sheet1!K13 -> 5032.818 | L13: =0.568+0.075 -> 0.643 | M13: =Sheet1!N13 -> 312.0026
A14: 25hours Dubai One Central | B14: =B13+1 -> 13 | C14: 2 | D14: 2023 | E14: =Sheet1!E14+Sheet1!F14+Sheet1!G14+Sheet1!H14+Sheet1!I14+Sheet1!J14 -> 20112 | F14: 0.44 | G14: =Sheet1!M14 -> 483.59 | H14: 2.5 | I14: =Sheet1!L14 -> 51032.808 | J14: 0.06 | K14: =Sheet1!K14 -> 6767.292 | L14: =0.568+0.075 -> 0.643 | M14: =Sheet1!N14 -> 316.9936
... A30: 25hours Dubai One Central | B30: =B29+1 -> 29 | C30: 2 | D30: 2023 | E30: =Sheet1!E30+Sheet1!F30+Sheet1!G30+Sheet1!H30+Sheet1!I30+Sheet1!J30 -> 0 | F30: 0.44 | G30: =Sheet1!M30 -> 0 | H30: 2.5 | I30: =Sheet1!L30 -> 0 | J30: 0.06 | K30: =Sheet1!K30 -> 0 | L30: =0.568+0.075 -> 0.643 | M30: =Sheet1!N30 -> 0

Sheet Sheet1
A1: Site Name | B1: Day | C1: Month | D1: Year | E1: Meter 1 - 06065253 | F1: Meter 2 - 06065255 | G1: Meter 3 - 06065259 | H1: Meter 4 - 06065262 | I1: Meter 6 - 06065269 | J1: Meter 7 - 06065283 | K1: District Cooling | L1: Water | M1: Gas | N1: Room Nights | O1: Total Guests
A2: 25hours Dubai One Central | B2: 1 | C2: 2 | D2: 2023 | E2: ='1'!G14 -> 2352 | F2: 1440 | G2: 1584 | H2: 912 | I2: 1632 | J2: 3456 | K2: ='1'!H9 -> 3582.684 | L2: ='1'!H12 -> 49053.087 | M2: ='1'!H24 -> 430.31 | N2: ='Daily Meter'!X6*434/100 -> 422.0216
A3: 25hours Dubai One Central | B3: =B2+1 -> 2 | C3: 2 | D3: 2023 | E3: =('Daily Meter'!K7-'Daily Meter'!K6)*480 -> 2448 | F3: =('Daily Meter'!M7-'Daily Meter'!M6)*480 -> 1488 | G3: =('Daily Meter'!O7-'Daily Meter'!O6)*480 -> 1776 | H3: =('Daily Meter'!Q7-'Daily Meter'!Q6)*480 -> 960 | I3: =('Daily Meter'!S7-'Daily Meter'!S6)*480 -> 1824 | J3: =('Daily Meter'!U7-'Daily Meter'!U6)*480 -> 4272 | K3: =('Daily Meter'!C7-'Daily Meter'!C6)*284.34 -> 5146.554 | L3: =('Daily Meter'!E7-'Daily Meter'!E6)*219.969 -> 67750.452 | M3: =('Daily Meter'!W7-'Daily Meter'!W6)*3.7 -> 519.11 | N3: ='Daily Meter'!X7*434/100 -> 343.9884
A4: 25hours Dubai One Central | B4: =B3+1 -> 3 | C4: 2 | D4: 2023 | E4: =('Daily Meter'!K8-'Daily Meter'!K7)*480 -> 3888 | F4: =('Daily Meter'!M8-'Daily Meter'!M7)*480 -> 2160 | G4: =('Daily Meter'!O8-'Daily Meter'!O7)*480 -> 2592 | H4: =('Daily Meter'!Q8-'Daily Meter'!Q7)*480 -> 1632 | I4: =('Daily Meter'!S8-'Daily Meter'!S7)*480 -> 2544 | J4: =('Daily Meter'!U8-'Daily Meter'!U7)*480 -> 6048 | K4: =('Daily Meter'!C8-'Daily Meter'!C7)*284.34 -> 6710.424 | L4: =('Daily Meter'!E8-'Daily Meter'!E7)*219.969 -> 65770.731 | M4: =('Daily Meter'!W8-'Daily Meter'!W7)*3.7 -> 510.6 | N4: ='Daily Meter'!X8*434/100 -> 287.0042
A5: 25hours Dubai One Central | B5: =B4+1 -> 4 | C5: 2 | D5: 2023 | E5: =('Daily Meter'!K9-'Daily Meter'!K8)*480 -> 2640 | F5: =('Daily Meter'!M9-'Daily Meter'!M8)*480 -> 1488 | G5: =('Daily Meter'!O9-'Daily Meter'!O8)*480 -> 1920 | H5: =('Daily Meter'!Q9-'Daily Meter'!Q8)*480 -> 1200 | I5: =('Daily Meter'!S9-'Daily Meter'!S8)*480 -> 1824 | J5: =('Daily Meter'!U9-'Daily Meter'!U8)*480 -> 4560 | K5: =('Daily Meter'!C9-'Daily Meter'!C8)*284.34 -> 4691.61 | L5: =('Daily Meter'!E9-'Daily Meter'!E8)*219.969 -> 71709.894 | M5: =('Daily Meter'!W9-'Daily Meter'!W8)*3.7 -> 458.43 | N5: ='Daily Meter'!X9*434/100 -> 294.035
A6: 25hours Dubai One Central | B6: =B5+1 -> 5 | C6: 2 | D6: 2023 | E6: =('Daily Meter'!K10-'Daily Meter'!K9)*480 -> 3360 | F6: =('Daily Meter'!M10-'Daily Meter'!M9)*480 -> 1776 | G6: =('Daily Meter'!O10-'Daily Meter'!O9)*480 -> 2496 | H6: =('Daily Meter'!Q10-'Daily Meter'!Q9)*480 -> 1488 | I6: =('Daily Meter'!S10-'Daily Meter'!S9)*480 -> 2352 | J6: =('Daily Meter'!U10-'Daily Meter'!U9)*480 -> 5616 | K6: =('Daily Meter'!C10-'Daily Meter'!C9)*284.34 -> 5174.988 | L6: =('Daily Meter'!E10-'Daily Meter'!E9)*219.969 -> 45313.614 | M6: =('Daily Meter'!W10-'Daily Meter'!W9)*3.7 -> 499.13 | N6: ='Daily Meter'!X10*434/100 -> 307.0116
A7: 25hours Dubai One Central | B7: =B6+1 -> 6 | C7: 2 | D7: 2023 | E7: =('Daily Meter'!K11-'Daily Meter'!K10)*480 -> 4080 | F7: =('Daily Meter'!M11-'Daily Meter'!M10)*480 -> 2640 | G7: =('Daily Meter'!O11-'Daily Meter'!O10)*480 -> 2976 | H7: =('Daily Meter'!Q11-'Daily Meter'!Q10)*480 -> 1728 | I7: =('Daily Meter'!S11-'Daily Meter'!S10)*480 -> 2880 | J7: =('Daily Meter'!U11-'Daily Meter'!U10)*480 -> 6912 | K7: =('Daily Meter'!C11-'Daily Meter'!C10)*284.34 -> 6994.764 | L7: =('Daily Meter'!E11-'Daily Meter'!E10)*219.969 -> 65770.731 | M7: =('Daily Meter'!W11-'Daily Meter'!W10)*3.7 -> 600.51 | N7: ='Daily Meter'!X11*434/100 -> 383.005
A8: 25hours Dubai One Central | B8: =B7+1 -> 7 | C8: 2 | D8: 2023 | E8: =('Daily Meter'!K12-'Daily Meter'!K11)*480 -> 2304 | F8: =('Daily Meter'!M12-'Daily Meter'!M11)*480 -> 1344 | G8: =('Daily Meter'!O12-'Daily Meter'!O11)*480 -> 1680 | H8: =('Daily Meter'!Q12-'Daily Meter'!Q11)*480 -> 960 | I8: =('Daily Meter'!S12-'Daily Meter'!S11)*480 -> 1680 | J8: =('Daily Meter'!U12-'Daily Meter'!U11)*480 -> 4128 | K8: =('Daily Meter'!C12-'Daily Meter'!C11)*284.34 -> 4321.968 | L8: =('Daily Meter'!E12-'Daily Meter'!E11)*219.969 -> 56312.064 | M8: =('Daily Meter'!W12-'Daily Meter'!W11)*3.7 -> 372.59 | N8: ='Daily Meter'!X12*434/100 -> 418.9836
A9: 25hours Dubai One Central | B9: =B8+1 -> 8 | C9: 2 | D9: 2023 | E9: =('Daily Meter'!K13-'Daily Meter'!K12)*480 -> 3216 | F9: =('Daily Meter'!M13-'Daily Meter'!M12)*480 -> 1920 | G9: =('Daily Meter'!O13-'Daily Meter'!O12)*480 -> 2304 | H9: =('Daily Meter'!Q13-'Daily Meter'!Q12)*480 -> 1296 | I9: =('Daily Meter'!S13-'Daily Meter'!S12)*480 -> 2304 | J9: =('Daily Meter'!U13-'Daily Meter'!U12)*480 -> 5712 | K9: =('Daily Meter'!C13-'Daily Meter'!C12)*284.34 -> 6539.82 | L9: =('Daily Meter'!E13-'Daily Meter'!E12)*219.969 -> 50152.932 | M9: =('Daily Meter'!W13-'Daily Meter'!W12)*3.7 -> 507.64 | N9: ='Daily Meter'!X13*434/100 -> 424.018
A10: 25hours Dubai One Central | B10: =B9+1 -> 9 | C10: 2 | D10: 2023 | E10: =('Daily Meter'!K14-'Daily Meter'!K13)*480 -> 3072 | F10: =('Daily Meter'!M14-'Daily Meter'!M13)*480 -> 1872 | G10: =('Daily Meter'!O14-'Daily Meter'!O13)*480 -> 2304 | H10: =('Daily Meter'!Q14-'Daily Meter'!Q13)*480 -> 1248 | I10: =('Daily Meter'!S14-'Daily Meter'!S13)*480 -> 2208 | J10: =('Daily Meter'!U14-'Daily Meter'!U13)*480 -> 5520 | K10: =('Daily Meter'!C14-'Daily Meter'!C13)*284.34 -> 5914.272 | L10: =('Daily Meter'!E14-'Daily Meter'!E13)*219.969 -> 78968.871 | M10: =('Daily Meter'!W14-'Daily Meter'!W13)*3.7 -> 501.72 | N10: ='Daily Meter'!X14*434/100 -> 366.9904
A11: 25hours Dubai One Central | B11: =B10+1 -> 10 | C11: 2 | D11: 2023 | E11: =('Daily Meter'!K15-'Daily Meter'!K14)*480 -> 3504 | F11: =('Daily Meter'!M15-'Daily Meter'!M14)*480 -> 1968 | G11: =('Daily Meter'!O15-'Daily Meter'!O14)*480 -> 2784 | H11: =('Daily Meter'!Q15-'Daily Meter'!Q14)*480 -> 1344 | I11: =('Daily Meter'!S15-'Daily Meter'!S14)*480 -> 2400 | J11: =('Daily Meter'!U15-'Daily Meter'!U14)*480 -> 5760 | K11: =('Daily Meter'!C15-'Daily Meter'!C14)*284.34 -> 5459.328 | L11: =('Daily Meter'!E15-'Daily Meter'!E14)*219.969 -> 78748.902 | M11: =('Daily Meter'!W15-'Daily Meter'!W14)*3.7 -> 535.76 | N11: ='Daily Meter'!X15*434/100 -> 352.0174
A12: 25hours Dubai One Central | B12: =B11+1 -> 11 | C12: 2 | D12: 2023 | E12: =('Daily Meter'!K16-'Daily Meter'!K15)*480 -> 3552 | F12: =('Daily Meter'!M16-'Daily Meter'!M15)*480 -> 2064 | G12: =('Daily Meter'!O16-'Daily Meter'!O15)*480 -> 2640 | H12: =('Daily Meter'!Q16-'Daily Meter'!Q15)*480 -> 1536 | I12: =('Daily Meter'!S16-'Daily Meter'!S15)*480 -> 2496 | J12: =('Daily Meter'!U16-'Daily Meter'!U15)*480 -> 5808 | K12: =('Daily Meter'!C16-'Daily Meter'!C15)*284.34 -> 5459.328 | L12: =('Daily Meter'!E16-'Daily Meter'!E15)*219.969 -> 46193.49 | M12: =('Daily Meter'!W16-'Daily Meter'!W15)*3.7 -> 533.17 | N12: ='Daily Meter'!X16*434/100 -> 300.979
A13: 25hours Dubai One Central | B13: =B12+1 -> 12 | C13: 2 | D13: 2023 | E13: =('Daily Meter'!K17-'Daily Meter'!K16)*480 -> 3072 | F13: =('Daily Meter'!M17-'Daily Meter'!M16)*480 -> 1776 | G13: =('Daily Meter'!O17-'Daily Meter'!O16)*480 -> 2256 | H13: =('Daily Meter'!Q17-'Daily Meter'!Q16)*480 -> 1296 | I13: =('Daily Meter'!S17-'Daily Meter'!S16)*480 -> 2256 | J13: =('Daily Meter'!U17-'Daily Meter'!U16)*480 -> 5424 | K13: =('Daily Meter'!C17-'Daily Meter'!C16)*284.34 -> 5032.818 | L13: =('Daily Meter'!E17-'Daily Meter'!E16)*219.969 -> 69510.204 | M13: =('Daily Meter'!W17-'Daily Meter'!W16)*3.7 -> 445.11 | N13: ='Daily Meter'!X17*434/100 -> 312.0026
A14: 25hours Dubai One Central | B14: =B13+1 -> 13 | C14: 2 | D14: 2023 | E14: =('Daily Meter'!K18-'Daily Meter'!K17)*480 -> 3936 | F14: =('Daily Meter'!M18-'Daily Meter'!M17)*480 -> 2208 | G14: =('Daily Meter'!O18-'Daily Meter'!O17)*480 -> 2736 | H14: =('Daily Meter'!Q18-'Daily Meter'!Q17)*480 -> 1632 | I14: =('Daily Meter'!S18-'Daily Meter'!S17)*480 -> 2736 | J14: =('Daily Meter'!U18-'Daily Meter'!U17)*480 -> 6864 | K14: =('Daily Meter'!C18-'Daily Meter'!C17)*284.34 -> 6767.292 | L14: =('Daily Meter'!E18-'Daily Meter'!E17)*219.969 -> 51032.808 | M14: =('Daily Meter'!W18-'Daily Meter'!W17)*3.7 -> 483.59 | N14: ='Daily Meter'!X18*434/100 -> 316.9936
... A29: 25hours Dubai One Central | B29: =B28+1 -> 28 | C29: 2 | D29: 2023 | E29: =('Daily Meter'!K33-'Daily Meter'!K32)*480 -> 2784 | F29: =('Daily Meter'!M33-'Daily Meter'!M32)*480 -> 1680 | G29: =('Daily Meter'!O33-'Daily Meter'!O32)*480 -> 1920 | H29: =('Daily Meter'!Q33-'Daily Meter'!Q32)*480 -> 1152 | I29: =('Daily Meter'!S33-'Daily Meter'!S32)*480 -> 1872 | J29: =('Daily Meter'!U33-'Daily Meter'!U32)*480 -> 5376 | K29: =('Daily Meter'!C33-'Daily Meter'!C32)*284.34 -> 8985.144 | L29: =('Daily Meter'!E33-'Daily Meter'!E32)*219.969 -> 40034.358 | M29: =('Daily Meter'!W33-'Daily Meter'!W32)*3.7 -> 586.45 | N29: ='Daily Meter'!X33*434/100 -> 408.0034

Sheet Daily Meter
A1: FEBRUARY 2023 UTILITY READING | Z1: 1st
B2: Chilled Water | D2: Water | J2: Electric | V2: Gas | X2: OCC.
A3: Date | B3: BTU Meter | D3: Meter 1 | F3: Meter 2 | H3: Meter 3 | J3: Meter 1 | L3: Meter 2 | N3: Meter 3 | P3: Meter 4 | R3: Meter 6 | T3: Meter 7 | V3: Gas
B4: P103FF043BC | D4: 18E0300032 | F4: 18E0300060 | H4: 18E0300057 | J4: 6065253 | L4: 6065255 | N4: 6065259 | P4: 6065262 | R4: 6065269 | T4: 6065283 | V4: 77092321/2019 | X4: %
B5: 9am | C5: 5pm | D5: 9am | E5: 5pm | F5: 5AM | G5: 5pm | H5: 5AM | I5: 5pm | J5: 9am | K5: 5pm | L5: 9am | M5: 5pm | N5: 9am | O5: 5pm | P5: 9am | Q5: 5pm | R5: 9am | S5: 5pm | T5: 9am | U5: 5pm | V5: 9am | W5: 5pm | X5: DAILY
A6: 1 | B6: 36593.2 | C6: 36600.7 | D6: 122980 | E6: 123104 | J6: 4237.1 | K6: 4242 | L6: 2545.1 | M6: 2548.1 | N6: 2729 | O6: 2732.3 | P6: 1367.7 | Q6: 1369.6 | R6: 4004.8 | S6: 4008.2 | T6: 10591.3 | U6: 10598.5 | V6: 51866.5 | W6: 51936.4 | X6: 97.24
A7: 2 | B7: 36611.1 | C7: 36618.8 | D7: 123350 | E7: 123412 | J7: 4244.1 | K7: 4247.1 | L7: 2549.2 | M7: 2551.2 | N7: 2734 | O7: 2736 | P7: 1370.5 | Q7: 1371.6 | R7: 4009.8 | S7: 4012 | T7: 10602.2 | U7: 10607.4 | V7: 52012.3 | W7: 52076.7 | X7: 79.26
A8: 3 | B8: 36630.1 | C8: 36642.4 | D8: 123701 | E8: 123711 | J8: 4250.8 | K8: 4255.2 | L8: 2553.1 | M8: 2555.7 | N8: 2738.7 | O8: 2741.4 | P8: 1373.3 | Q8: 1375 | R8: 4014.5 | S8: 4017.3 | T8: 10613.1 | U8: 10620 | V8: 52150.4 | W8: 52214.7 | X8: 66.13
A9: 4 | B9: 36651 | C9: 36658.9 | D9: 123886 | E9: 124037 | J9: 4257.8 | K9: 4260.7 | L9: 2557.1 | M9: 2558.8 | N9: 2743.5 | O9: 2745.4 | P9: 1376.4 | Q9: 1377.5 | R9: 4019.2 | S9: 4021.1 | T9: 10624.6 | U9: 10629.5 | V9: 52285.9 | W9: 52338.6 | X9: 67.75
A10: 5 | B10: 36669.3 | C10: 36677.1 | D10: 124232 | E10: 124243 | J10: 4264.5 | K10: 4267.7 | L10: 2560.9 | M10: 2562.5 | N10: 2748.4 | O10: 2750.6 | P10: 1379.3 | Q10: 1380.6 | R10: 4023.8 | S10: 4026 | T10: 10635.8 | U10: 10641.2 | V10: 52416.9 | W10: 52473.5 | X10: 70.74
A11: 6 | B11: 36688.3 | C11: 36701.7 | D11: 124397 | E11: 124542 | J11: 4271.5 | K11: 4276.2 | L11: 2565 | M11: 2568 | N11: 2753.7 | O11: 2756.8 | P11: 1382.3 | Q11: 1384.2 | R11: 4028.8 | S11: 4032 | T11: 10647.9 | U11: 10655.6 | V11: 52547.4 | W11: 52635.8 | X11: 88.25
A12: 7 | B12: 36705.1 | C12: 36716.9 | D12: 124738 | E12: 124798 | J12: 4277.2 | K12: 4281 | L12: 2568.5 | M12: 2570.8 | N12: 2757.8 | O12: 2760.3 | P12: 1384.7 | Q12: 1386.2 | R12: 4032.8 | S12: 4035.5 | T12: 10657.6 | U12: 10664.2 | V12: 52660.2 | W12: 52736.5 | X12: 96.54
A13: 8 | B13: 36730.3 | C13: 36739.9 | D13: 124957 | E13: 125026 | J13: 4285.1 | K13: 4287.7 | L13: 2573 | M13: 2574.8 | N13: 2763.4 | O13: 2765.1 | P13: 1387.9 | Q13: 1388.9 | R13: 4038.4 | S13: 4040.3 | T13: 10671.5 | U13: 10676.1 | V13: 52814.8 | W13: 52873.7 | X13: 97.7
A14: 9 | B14: 36753 | C14: 36760.7 | D14: 125304 | E14: 125385 | J14: 4291.7 | K14: 4294.1 | L14: 2577 | M14: 2578.7 | N14: 2768.3 | O14: 2769.9 | P14: 1390.6 | Q14: 1391.5 | R14: 4043.2 | S14: 4044.9 | T14: 10683.2 | U14: 10687.6 | V14: 52951.8 | W14: 53009.3 | X14: 84.56
A15: 10 | B15: 36772.2 | C15: 36779.9 | D15: 125680 | E15: 125743 | J15: 4298.6 | K15: 4301.4 | L15: 2581 | M15: 2582.8 | N15: 2773.6 | O15: 2775.7 | P15: 1393.3 | Q15: 1394.3 | R15: 4048 | S15: 4049.9 | T15: 10694.9 | U15: 10699.6 | V15: 53090.8 | W15: 53154.1 | X15: 81.11
A16: 11 | B16: 36790.5 | C16: 36799.1 | D16: 125890 | E16: 125953 | J16: 4305.6 | K16: 4308.8 | L16: 2585.1 | M16: 2587.1 | N16: 2779.2 | O16: 2781.2 | P16: 1396.3 | Q16: 1397.5 | R16: 4052.8 | S16: 4055.1 | T16: 10706.6 | U16: 10711.7 | V16: 53234.7 | W16: 53298.2 | X16: 69.35
A17: 12 | B17: 36808.7 | C17: 36816.8 | D17: 126261 | E17: 126269 | J17: 4312.3 | K17: 4315.2 | L17: 2589 | M17: 2590.8 | N17: 2784.1 | O17: 2785.9 | P17: 1399.2 | Q17: 1400.2 | R17: 4057.7 | S17: 4059.8 | T17: 10717.9 | U17: 10723 | V17: 53365.7 | W17: 53418.5 | X17: 71.89
... A33: 28 | B33: 37192.4 | C33: 37209.3 | D33: 130538 | E33: 130541 | J33: 4423.6 | K33: 4427.6 | L33: 2652.4 | M33: 2654.9 | N33: 2861.7 | O33: 2864.2 | P33: 1443.9 | Q33: 1445.5 | R33: 4132.3 | S33: 4135 | T33: 10924.7 | U33: 10932.4 | V33: 55467.3 | W33: 55556.6 | X33: 94.01
Z37: engr123.

Sheet 1
A1: ENGINEERING DEPARTMENT | J1: daily reading
A3: UTILITY CONSUMPTION SHEET
B4: FEBRUARY 2023 | C4: 1
A5: SR.NO | B5: ITEM MEASURED | D5: Previous Reading | E5: 1st Reading (5am) | F5: 2nd Reading (5pm) | G5: 12hrs CONSUMPTION | H5: 24hrs CONSUMPTION | I5: Cost
D6: JAN. 31
A7: 1 | B7: DISTRICT COOLING PLANT
B8: Chilled Water | C8: MWH | D8: 36588.1 | E8: ='Daily Meter'!B6 -> 36593.2 | F8: ='Daily Meter'!C6 -> 36600.7 | G8: =F8-E8 -> 7.5 | H8: =F8-D8 -> 12.6
C9: TR | G9: =G8*284.34 -> 2132.55 | H9: =H8*284.34 -> 3582.684 | I9: =H9*0.63 -> 2257.0909
A10: III | B10: WATER METERS
B11: Main DEWA Meter | C11: mᶟ | D11: 122881 | E11: ='Daily Meter'!D6 -> 122980 | F11: ='Daily Meter'!E6 -> 123104 | G11: =F11-E11 -> 124 | H11: =F11-D11 -> 223
B12: Imperial Gallon = m³ x 219.969 | C12: IG | G12: =G11*219.969 -> 27276.156 | H12: =H11*219.969 -> 49053.087 | I12: =H12*0.06 -> 2943.1852
A13: IV | B13: ELECTRICAL METERS
A14: 1 | B14: Meter 1 - 06065253 | C14: kW x 480 | D14: 4235.1 | E14: ='Daily Meter'!J6 -> 4237.1 | F14: ='Daily Meter'!K6 -> 4242 | G14: =(F14-E14)*480 -> 2352 | H14: =(F14-D14)*480 -> 3312
A15: 2 | B15: Meter 2 - 06065255 | C15: kW x 480 | D15: 2544 | E15: ='Daily Meter'!L6 -> 2545.1 | F15: ='Daily Meter'!M6 -> 2548.1 | G15: =(F15-E15)*480 -> 1440 | H15: =(F15-D15)*480 -> 1968
A16: 3 | B16: Meter 3 - 06065259 | C16: kW x 480 | D16: 2727.4 | E16: ='Daily Meter'!N6 -> 2729 | F16: ='Daily Meter'!O6 -> 2732.3 | G16: =(F16-E16)*480 -> 1584 | H16: =(F16-D16)*480 -> 2352
A17: 4 | B17: Meter 4 - 06065262 | C17: kW x 480 | D17: 1366.8 | E17: ='Daily Meter'!P6 -> 1367.7 | F17: ='Daily Meter'!Q6 -> 1369.6 | G17: =(F17-E17)*480 -> 912 | H17: =(F17-D17)*480 -> 1344
A18: 5 | B18: Meter 6 - 06065269 | C18: kW x 480 | D18: 4003.3 | E18: ='Daily Meter'!R6 -> 4004.8 | F18: ='Daily Meter'!S$6 -> 4008.2 | G18: =(F18-E18)*480 -> 1632 | H18: =(F18-D18)*480 -> 2352
A19: 6 | B19: Meter 7 - 06065283 | C19: kW x 480 | D19: 10588.2 | E19: ='Daily Meter'!T6 -> 10591.3 | F19: ='Daily Meter'!U6 -> 10598.5 | G19: =(F19-E19)*480 -> 3456 | H19: =(F19-D19)*480 -> 4944
B20: TOTAL ELECTRICAL CONS.(kWh) | G20: =SUM(G14:G19) -> 11376 | H20: =SUM(H14:H19) -> 16272 | I20: =H20*0.43 -> 6996.96
A22: V | B22: GAS CONSUMPTION
A23: 1 | B23: MAIN LPG METER | C23: mᶟ | D23: 51820.1 | E23: ='Daily Meter'!V6 -> 51866.5 | F23: ='Daily Meter'!W6 -> 51936.4 | G23: =F23-E23 -> 69.9 | H23: =F23-D23 -> 116.3
C24: L | H24: =H23*3.7 -> 430.31 | I24: =H24*2.18 -> 938.0758
D27: Summary of Daily Hotel consumption
D28: Item measured | E28: Units | F28: Consumption | G28: AED
D29: Chilled water | E29: TR | F29: =H9 -> 3582.684 | G29: =F29*0.63 -> 2257.0909
D30: DEWA Water | E30: imp. Gallon | F30: =H12 -> 49053.087 | G30: =F30*0.06 -> 2943.1852
D31: Electricity | E31: kwh | F31: =H20 -> 16272 | G31: =F31*0.43 -> 6996.96
D32: Gas | E32: m3 | F32: =H23 -> 116.3 | G32: =I24 -> 938.0758
F33: Total cost | G33: =SUM(G29:G32) -> 13135.312

Sheet 2
A1: ENGINEERING DEPARTMENT | J1: daily reading
A3: UTILITY CONSUMPTION SHEET
B4: ='1'!B4 -> FEBRUARY 2023 | C4: 2
A5: SR.NO | B5: ITEM MEASURED | D5: Previous Reading | E5: 1st Reading (5am) | F5: 2nd Reading (5pm) | G5: 12hrs CONSUMPTION | H5: 24hrs CONSUMPTION | I5: Cost
A7: 1 | B7: DISTRICT COOLING PLANT
B8: Chilled Water | C8: MWH | D8: ='1'!F8 -> 36600.7 | E8: ='Daily Meter'!B7 -> 36611.1 | F8: ='Daily Meter'!C7 -> 36618.8 | G8: =F8-E8 -> 7.7 | H8: =F8-D8 -> 18.1
C9: TR | G9: =G8*284.34 -> 2189.418 | H9: =H8*284.34 -> 5146.554 | I9: =H9*0.63 -> 3242.329
A10: III | B10: WATER METERS
B11: Main DEWA Meter | C11: mᶟ | D11: ='1'!F11 -> 123104 | E11: ='Daily Meter'!D7 -> 123350 | F11: ='Daily Meter'!E7 -> 123412 | G11: =F11-E11 -> 62 | H11: =F11-D11 -> 308
B12: Imperial Gallon = m³ x 219.969 | C12: IG | G12: =G11*219.969 -> 13638.078 | H12: =H11*219.969 -> 67750.452 | I12: =H12*0.06 -> 4065.0271
A13: IV | B13: ELECTRICAL METERS
A14: 1 | B14: Meter 1 - 06065253 | C14: kW x 480 | D14: ='1'!F14 -> 4242 | E14: ='Daily Meter'!J7 -> 4244.1 | F14: ='Daily Meter'!K7 -> 4247.1 | G14: =(F14-E14)*480 -> 1440 | H14: =(F14-D14)*480 -> 2448
A15: 2 | B15: Meter 2 - 06065255 | C15: kW x 480 | D15: ='1'!F15 -> 2548.1 | E15: ='Daily Meter'!L7 -> 2549.2 | F15: ='Daily Meter'!M7 -> 2551.2 | G15: =(F15-E15)*480 -> 960 | H15: =(F15-D15)*480 -> 1488
A16: 3 | B16: Meter 3 - 06065259 | C16: kW x 480 | D16: ='1'!F16 -> 2732.3 | E16: ='Daily Meter'!N7 -> 2734 | F16: ='Daily Meter'!O7 -> 2736 | G16: =(F16-E16)*480 -> 960 | H16: =(F16-D16)*480 -> 1776
A17: 4 | B17: Meter 4 - 06065262 | C17: kW x 480 | D17: ='1'!F17 -> 1369.6 | E17: ='Daily Meter'!P7 -> 1370.5 | F17: ='Daily Meter'!Q7 -> 1371.6 | G17: =(F17-E17)*480 -> 528 | H17: =(F17-D17)*480 -> 960
A18: 5 | B18: Meter 6 - 06065269 | C18: kW x 480 | D18: ='1'!F18 -> 4008.2 | E18: ='Daily Meter'!R7 -> 4009.8 | F18: ='Daily Meter'!S7 -> 4012 | G18: =(F18-E18)*480 -> 1056 | H18: =(F18-D18)*480 -> 1824
A19: 6 | B19: Meter 7 - 06065283 | C19: kW x 480 | D19: ='1'!F19 -> 10598.5 | E19: ='Daily Meter'!T7 -> 10602.2 | F19: ='Daily Meter'!U7 -> 10607.4 | G19: =(F19-E19)*480 -> 2496 | H19: =(F19-D19)*480 -> 4272
B20: TOTAL ELECTRICAL CONS.(kWh) | G20: =SUM(G14:G19) -> 7440 | H20: =SUM(H14:H19) -> 12768 | I20: =H20*0.43 -> 5490.24
A22: V | B22: GAS CONSUMPTION
A23: 1 | B23: MAIN LPG METER | C23: mᶟ | D23: ='1'!F23 -> 51936.4 | E23: ='Daily Meter'!V7 -> 52012.3 | F23: ='Daily Meter'!W7 -> 52076.7 | G23: =F23-E23 -> 64.4 | H23: =F23-D23 -> 140.3
C24: L | H24: =H23*3.7 -> 519.11 | I24: =H24*2.18 -> 1131.6598
D27: Summary of Daily Hotel consumption
D28: Item measured | E28: Units | F28: Consumption | G28: AED
D29: Chilled water | E29: TR | F29: =H9 -> 5146.554 | G29: =F29*0.63 -> 3242.329
D30: DEWA Water | E30: imp. Gallon | F30: =H12 -> 67750.452 | G30: =F30*0.06 -> 4065.0271
D31: Electricity | E31: kwh | F31: =H20 -> 12768 | G31: =F31*0.43 -> 5490.24
D32: Gas | E32: m3 | F32: =H23 -> 140.3 | G32: =I24 -> 1131.6598
F33: Total cost | G33: =SUM(G29:G32) -> 13929.256

Sheet 3
A1: ENGINEERING DEPARTMENT | J1: daily reading
A3: UTILITY CONSUMPTION SHEET
B4: ='1'!B4 -> FEBRUARY 2023 | C4: 3
A5: SR.NO | B5: ITEM MEASURED | D5: Previous Reading | E5: 1st Reading (5am) | F5: 2nd Reading (5pm) | G5: 12hrs CONSUMPTION | H5: 24hrs CONSUMPTION | I5: Cost
A7: 1 | B7: DISTRICT COOLING PLANT
B8: Chilled Water | C8: MWH | D8: ='2'!F8 -> 36618.8 | E8: ='Daily Meter'!B8 -> 36630.1 | F8: ='Daily Meter'!C8 -> 36642.4 | G8: =F8-E8 -> 12.3 | H8: =F8-D8 -> 23.6
C9: TR | G9: =G8*284.34 -> 3497.382 | H9: =H8*284.34 -> 6710.424 | I9: =H9*0.63 -> 4227.5671
A10: III | B10: WATER METERS
B11: Main DEWA Meter | C11: mᶟ | D11: ='2'!F11 -> 123412 | E11: ='Daily Meter'!D8 -> 123701 | F11: ='Daily Meter'!E8 -> 123711 | G11: =F11-E11 -> 10 | H11: =F11-D11 -> 299
B12: Imperial Gallon = m³ x 219.969 | C12: IG | G12: =G11*219.969 -> 2199.69 | H12: =H11*219.969 -> 65770.731 | I12: =H12*0.06 -> 3946.2439
A13: IV | B13: ELECTRICAL METERS
A14: 1 | B14: Meter 1 - 06065253 | C14: kW x 480 | D14: ='2'!F14 -> 4247.1 | E14: ='Daily Meter'!J8 -> 4250.8 | F14: ='Daily Meter'!K8 -> 4255.2 | G14: =(F14-E14)*480 -> 2112 | H14: =(F14-D14)*480 -> 3888
A15: 2 | B15: Meter 2 - 06065255 | C15: kW x 480 | D15: ='2'!F15 -> 2551.2 | E15: ='Daily Meter'!L8 -> 2553.1 | F15: ='Daily Meter'!M8 -> 2555.7 | G15: =(F15-E15)*480 -> 1248 | H15: =(F15-D15)*480 -> 2160
A16: 3 | B16: Meter 3 - 06065259 | C16: kW x 480 | D16: ='2'!F16 -> 2736 | E16: ='Daily Meter'!N8 -> 2738.7 | F16: ='Daily Meter'!O8 -> 2741.4 | G16: =(F16-E16)*480 -> 1296 | H16: =(F16-D16)*480 -> 2592
A17: 4 | B17: Meter 4 - 06065262 | C17: kW x 480 | D17: ='2'!F17 -> 1371.6 | E17: ='Daily Meter'!P8 -> 1373.3 | F17: ='Daily Meter'!Q8 -> 1375 | G17: =(F17-E17)*480 -> 816 | H17: =(F17-D17)*480 -> 1632
A18: 5 | B18: Meter 6 - 06065269 | C18: kW x 480 | D18: ='2'!F18 -> 4012 | E18: ='Daily Meter'!R8 -> 4014.5 | F18: ='Daily Meter'!S8 -> 4017.3 | G18: =(F18-E18)*480 -> 1344 | H18: =(F18-D18)*480 -> 2544
A19: 6 | B19: Meter 7 - 06065283 | C19: kW x 480 | D19: ='2'!F19 -> 10607.4 | E19: ='Daily Meter'!T8 -> 10613.1 | F19: ='Daily Meter'!U8 -> 10620 | G19: =(F19-E19)*480 -> 3312 | H19: =(F19-D19)*480 -> 6048
B20: TOTAL ELECTRICAL CONS.(kWh) | G20: =SUM(G14:G19) -> 10128 | H20: =SUM(H14:H19) -> 18864 | I20: =H20*0.43 -> 8111.52
A22: V | B22: GAS CONSUMPTION
A23: 1 | B23: MAIN LPG METER | C23: mᶟ | D23: ='2'!F23 -> 52076.7 | E23: ='Daily Meter'!V8 -> 52150.4 | F23: ='Daily Meter'!W8 -> 52214.7 | G23: =F23-E23 -> 64.3 | H23: =F23-D23 -> 138
C24: L | H24: =H23*3.7 -> 510.6 | I24: =H24*2.18 -> 1113.108
D27: Summary of Daily Hotel consumption
D28: Item measured | E28: Units | F28: Consumption | G28: AED
D29: Chilled water | E29: TR | F29: =H9 -> 6710.424 | G29: =F29*0.63 -> 4227.5671
D30: DEWA Water | E30: imp. Gallon | F30: =H12 -> 65770.731 | G30: =F30*0.06 -> 3946.2439
D31: Electricity | E31: kwh | F31: =H20 -> 18864 | G31: =F31*0.43 -> 8111.52
D32: Gas | E32: m3 | F32: =H23 -> 138 | G32: =I24 -> 1113.108
F33: Total cost | G33: =SUM(G29:G32) -> 17398.439

Sheet 4
A1: ENGINEERING DEPARTMENT | J1: daily reading
A3: UTILITY CONSUMPTION SHEET
B4: ='1'!B4 -> FEBRUARY 2023 | C4: 4
A5: SR.NO | B5: ITEM MEASURED | D5: Previous Reading | E5: 1st Reading (5am) | F5: 2nd Reading (5pm) | G5: 12hrs CONSUMPTION | H5: 24hrs CONSUMPTION | I5: Cost
A7: 1 | B7: DISTRICT COOLING PLANT
B8: Chilled Water | C8: MWH | D8: ='3'!F8 -> 36642.4 | E8: ='Daily Meter'!B9 -> 36651 | F8: ='Daily Meter'!C9 -> 36658.9 | G8: =F8-E8 -> 7.9 | H8: =F8-D8 -> 16.5
C9: TR | G9: =G8*284.34 -> 2246.286 | H9: =H8*284.34 -> 4691.61 | I9: =H9*0.63 -> 2955.7143
A10: III | B10: WATER METERS
B11: Main DEWA Meter | C11: mᶟ | D11: ='3'!F11 -> 123711 | E11: ='Daily Meter'!D9 -> 123886 | F11: ='Daily Meter'!E9 -> 124037 | G11: =F11-E11 -> 151 | H11: =F11-D11 -> 326
B12: Imperial Gallon = m³ x 219.969 | C12: IG | G12: =G11*219.969 -> 33215.319 | H12: =H11*219.969 -> 71709.894 | I12: =H12*0.06 -> 4302.5936
A13: IV | B13: ELECTRICAL METERS
A14: 1 | B14: Meter 1 - 06065253 | C14: kW x 480 | D14: ='3'!F14 -> 4255.2 | E14: ='Daily Meter'!J9 -> 4257.8 | F14: ='Daily Meter'!K9 -> 4260.7 | G14: =(F14-E14)*480 -> 1392 | H14: =(F14-D14)*480 -> 2640
A15: 2 | B15: Meter 2 - 06065255 | C15: kW x 480 | D15: ='3'!F15 -> 2555.7 | E15: ='Daily Meter'!L9 -> 2557.1 | F15: ='Daily Meter'!M9 -> 2558.8 | G15: =(F15-E15)*480 -> 816 | H15: =(F15-D15)*480 -> 1488
A16: 3 | B16: Meter 3 - 06065259 | C16: kW x 480 | D16: ='3'!F16 -> 2741.4 | E16: ='Daily Meter'!N9 -> 2743.5 | F16: ='Daily Meter'!O9 -> 2745.4 | G16: =(F16-E16)*480 -> 912 | H16: =(F16-D16)*480 -> 1920
A17: 4 | B17: Meter 4 - 06065262 | C17: kW x 480 | D17: ='3'!F17 -> 1375 | E17: ='Daily Meter'!P9 -> 1376.4 | F17: ='Daily Meter'!Q9 -> 1377.5 | G17: =(F17-E17)*480 -> 528 | H17: =(F17-D17)*480 -> 1200
A18: 5 | B18: Meter 6 - 06065269 | C18: kW x 480 | D18: ='3'!F18 -> 4017.3 | E18: ='Daily Meter'!R9 -> 4019.2 | F18: ='Daily Meter'!S9 -> 4021.1 | G18: =(F18-E18)*480 -> 912 | H18: =(F18-D18)*480 -> 1824
A19: 6 | B19: Meter 7 - 06065283 | C19: kW x 480 | D19: ='3'!F19 -> 10620 | E19: ='Daily Meter'!T9 -> 10624.6 | F19: ='Daily Meter'!U9 -> 10629.5 | G19: =(F19-E19)*480 -> 2352 | H19: =(F19-D19)*480 -> 4560
B20: TOTAL ELECTRICAL CONS.(kWh) | G20: =SUM(G14:G19) -> 6912 | H20: =SUM(H14:H19) -> 13632 | I20: =H20*0.43 -> 5861.76
A22: V | B22: GAS CONSUMPTION
A23: 1 | B23: MAIN LPG METER | C23: mᶟ | D23: ='3'!F23 -> 52214.7 | E23: ='Daily Meter'!V9 -> 52285.9 | F23: ='Daily Meter'!W9 -> 52338.6 | G23: =F23-E23 -> 52.7 | H23: =F23-D23 -> 123.9
C24: L | H24: =H23*3.7 -> 458.43 | I24: =H24*2.18 -> 999.3774
D27: Summary of Daily Hotel consumption
D28: Item measured | E28: Units | F28: Consumption | G28: AED
D29: Chilled water | E29: TR | F29: =H9 -> 4691.61 | G29: =F29*0.63 -> 2955.7143
D30: DEWA Water | E30: imp. Gallon | F30: =H12 -> 71709.894 | G30: =F30*0.06 -> 4302.5936
D31: Electricity | E31: kwh | F31: =H20 -> 13632 | G31: =F31*0.43 -> 5861.76
D32: Gas | E32: m3 | F32: =H23 -> 123.9 | G32: =I24 -> 999.3774
F33: Total cost | G33: =SUM(G29:G32) -> 14119.445

Sheet 5
A1: ENGINEERING DEPARTMENT | J1: daily reading
A3: UTILITY CONSUMPTION SHEET
B4: ='1'!B4 -> FEBRUARY 2023 | C4: 5
A5: SR.NO | B5: ITEM MEASURED | D5: Previous Reading | E5: 1st Reading (5am) | F5: 2nd Reading (5pm) | G5: 12hrs CONSUMPTION | H5: 24hrs CONSUMPTION | I5: Cost
A7: 1 | B7: DISTRICT COOLING PLANT
B8: Chilled Water | C8: MWH | D8: ='4'!F8 -> 36658.9 | E8: ='Daily Meter'!B10 -> 36669.3 | F8: ='Daily Meter'!C10 -> 36677.1 | G8: =F8-E8 -> 7.8 | H8: =F8-D8 -> 18.2
C9: TR | G9: =G8*284.34 -> 2217.852 | H9: =H8*284.34 -> 5174.988 | I9: =H9*0.63 -> 3260.2424
A10: III | B10: WATER METERS
B11: Main DEWA Meter | C11: mᶟ | D11: ='4'!F11 -> 124037 | E11: ='Daily Meter'!D10 -> 124232 | F11: ='Daily Meter'!E10 -> 124243 | G11: =F11-E11 -> 11 | H11: =F11-D11 -> 206
B12: Imperial Gallon = m³ x 219.969 | C12: IG | G12: =G11*219.969 -> 2419.659 | H12: =H11*219.969 -> 45313.614 | I12: =H12*0.06 -> 2718.8168
A13: IV | B13: ELECTRICAL METERS
A14: 1 | B14: Meter 1 - 06065253 | C14: kW x 480 | D14: ='4'!F14 -> 4260.7 | E14: ='Daily Meter'!J10 -> 4264.5 | F14: ='Daily Meter'!K10 -> 4267.7 | G14: =(F14-E14)*480 -> 1536 | H14: =(F14-D14)*480 -> 3360
A15: 2 | B15: Meter 2 - 06065255 | C15: kW x 480 | D15: ='4'!F15 -> 2558.8 | E15: ='Daily Meter'!L10 -> 2560.9 | F15: ='Daily Meter'!M10 -> 2562.5 | G15: =(F15-E15)*480 -> 768 | H15: =(F15-D15)*480 -> 1776
A16: 3 | B16: Meter 3 - 06065259 | C16: kW x 480 | D16: ='4'!F16 -> 2745.4 | E16: ='Daily Meter'!N10 -> 2748.4 | F16: ='Daily Meter'!O10 -> 2750.6 | G16: =(F16-E16)*480 -> 1056 | H16: =(F16-D16)*480 -> 2496
A17: 4 | B17: Meter 4 - 06065262 | C17: kW x 480 | D17: ='4'!F17 -> 1377.5 | E17: ='Daily Meter'!P10 -> 1379.3 | F17: ='Daily Meter'!Q10 -> 1380.6 | G17: =(F17-E17)*480 -> 624 | H17: =(F17-D17)*480 -> 1488
A18: 5 | B18: Meter 6 - 06065269 | C18: kW x 480 | D18: ='4'!F18 -> 4021.1 | E18: ='Daily Meter'!R10 -> 4023.8 | F18: ='Daily Meter'!S10 -> 4026 | G18: =(F18-E18)*480 -> 1056 | H18: =(F18-D18)*480 -> 2352
A19: 6 | B19: Meter 7 - 06065283 | C19: kW x 480 | D19: ='4'!F19 -> 10629.5 | E19: ='Daily Meter'!T10 -> 10635.8 | F19: ='Daily Meter'!U10 -> 10641.2 | G19: =(F19-E19)*480 -> 2592 | H19: =(F19-D19)*480 -> 5616
B20: TOTAL ELECTRICAL CONS.(kWh) | G20: =SUM(G14:G19) -> 7632 | H20: =SUM(H14:H19) -> 17088 | I20: =H20*0.43 -> 7347.84
A22: V | B22: GAS CONSUMPTION
A23: 1 | B23: MAIN LPG METER | C23: mᶟ | D23: ='4'!F23 -> 52338.6 | E23: ='Daily Meter'!V10 -> 52416.9 | F23: ='Daily Meter'!W10 -> 52473.5 | G23: =F23-E23 -> 56.6 | H23: =F23-D23 -> 134.9
C24: L | H24: =H23*3.7 -> 499.13 | I24: =H24*2.18 -> 1088.1034
D27: Summary of Daily Hotel consumption
D28: Item measured | E28: Units | F28: Consumption | G28: AED
D29: Chilled water | E29: TR | F29: =H9 -> 5174.988 | G29: =F29*0.63 -> 3260.2424
D30: DEWA Water | E30: imp. Gallon | F30: =H12 -> 45313.614 | G30: =F30*0.06 -> 2718.8168
D31: Electricity | E31: kwh | F31: =H20 -> 17088 | G31: =F31*0.43 -> 7347.84
D32: Gas | E32: m3 | F32: =H23 -> 134.9 | G32: =I24 -> 1088.1034
F33: Total cost | G33: =SUM(G29:G32) -> 14415.003

Sheet 6
A1: ENGINEERING DEPARTMENT | J1: daily reading
A3: UTILITY CONSUMPTION SHEET
B4: ='1'!B4 -> FEBRUARY 2023 | C4: 6
A5: SR.NO | B5: ITEM MEASURED | D5: Previous Reading | E5: 1st Reading (5am) | F5: 2nd Reading (5pm) | G5: 12hrs CONSUMPTION | H5: 24hrs CONSUMPTION | I5: Cost
A7: 1 | B7: DISTRICT COOLING PLANT
B8: Chilled Water | C8: MWH | D8: ='5'!F8 -> 36677.1 | E8: ='Daily Meter'!B11 -> 36688.3 | F8: ='Daily Meter'!C11 -> 36701.7 | G8: =F8-E8 -> 13.4 | H8: =F8-D8 -> 24.6
C9: TR | G9: =G8*284.34 -> 3810.156 | H9: =H8*284.34 -> 6994.764 | I9: =H9*0.63 -> 4406.7013
A10: III | B10: WATER METERS
B11: Main DEWA Meter | C11: mᶟ | D11: ='5'!F11 -> 124243 | E11: ='Daily Meter'!D11 -> 124397 | F11: ='Daily Meter'!E11 -> 124542 | G11: =F11-E11 -> 145 | H11: =F11-D11 -> 299
B12: Imperial Gallon = m³ x 219.969 | C12: IG | G12: =G11*219.969 -> 31895.505 | H12: =H11*219.969 -> 65770.731 | I12: =H12*0.06 -> 3946.2439
A13: IV | B13: ELECTRICAL METERS
A14: 1 | B14: Meter 1 - 06065253 | C14: kW x 480 | D14: ='5'!F14 -> 4267.7 | E14: ='Daily Meter'!J11 -> 4271.5 | F14: ='Daily Meter'!K11 -> 4276.2 | G14: =(F14-E14)*480 -> 2256 | H14: =(F14-D14)*480 -> 4080
A15: 2 | B15: Meter 2 - 06065255 | C15: kW x 480 | D15: ='5'!F15 -> 2562.5 | E15: ='Daily Meter'!L11 -> 2565 | F15: ='Daily Meter'!M11 -> 2568 | G15: =(F15-E15)*480 -> 1440 | H15: =(F15-D15)*480 -> 2640
A16: 3 | B16: Meter 3 - 06065259 | C16: kW x 480 | D16: ='5'!F16 -> 2750.6 | E16: ='Daily Meter'!N11 -> 2753.7 | F16: ='Daily Meter'!O11 -> 2756.8 | G16: =(F16-E16)*480 -> 1488 | H16: =(F16-D16)*480 -> 2976
A17: 4 | B17: Meter 4 - 06065262 | C17: kW x 480 | D17: ='5'!F17 -> 1380.6 | E17: ='Daily Meter'!P11 -> 1382.3 | F17: ='Daily Meter'!Q11 -> 1384.2 | G17: =(F17-E17)*480 -> 912 | H17: =(F17-D17)*480 -> 1728
A18: 5 | B18: Meter 6 - 06065269 | C18: kW x 480 | D18: ='5'!F18 -> 4026 | E18: ='Daily Meter'!R11 -> 4028.8 | F18: ='Daily Meter'!S11 -> 4032 | G18: =(F18-E18)*480 -> 1536 | H18: =(F18-D18)*480 -> 2880
A19: 6 | B19: Meter 7 - 06065283 | C19: kW x 480 | D19: ='5'!F19 -> 10641.2 | E19: ='Daily Meter'!T11 -> 10647.9 | F19: ='Daily Meter'!U11 -> 10655.6 | G19: =(F19-E19)*480 -> 3696 | H19: =(F19-D19)*480 -> 6912
B20: TOTAL ELECTRICAL CONS.(kWh) | G20: =SUM(G14:G19) -> 11328 | H20: =SUM(H14:H19) -> 21216 | I20: =H20*0.43 -> 9122.88
A22: V | B22: GAS CONSUMPTION
A23: 1 | B23: MAIN LPG METER | C23: mᶟ | D23: ='5'!F23 -> 52473.5 | E23: ='Daily Meter'!V11 -> 52547.4 | F23: ='Daily Meter'!W11 -> 52635.8 | G23: =F23-E23 -> 88.4 | H23: =F23-D23 -> 162.3
C24: L | H24: =H23*3.7 -> 600.51 | I24: =H24*2.18 -> 1309.1118
D27: Summary of Daily Hotel consumption
D28: Item measured | E28: Units | F28: Consumption | G28: AED
D29: Chilled water | E29: TR | F29: =H9 -> 6994.764 | G29: =F29*0.63 -> 4406.7013
D30: DEWA Water | E30: imp. Gallon | F30: =H12 -> 65770.731 | G30: =F30*0.06 -> 3946.2439
D31: Electricity | E31: kwh | F31: =H20 -> 21216 | G31: =F31*0.43 -> 9122.88
D32: Gas | E32: m3 | F32: =H23 -> 162.3 | G32: =I24 -> 1309.1118
F33: Total cost | G33: =SUM(G29:G32) -> 18784.937

Sheet 7
A1: ENGINEERING DEPARTMENT | J1: daily reading
A3: UTILITY CONSUMPTION SHEET
B4: ='1'!B4 -> FEBRUARY 2023 | C4: 7
A5: SR.NO | B5: ITEM MEASURED | D5: Previous Reading | E5: 1st Reading (5am) | F5: 2nd Reading (5pm) | G5: 12hrs CONSUMPTION | H5: 24hrs CONSUMPTION | I5: Cost
A7: 1 | B7: DISTRICT COOLING PLANT
B8: Chilled Water | C8: MWH | D8: ='6'!F8 -> 36701.7 | E8: ='Daily Meter'!B12 -> 36705.1 | F8: ='Daily Meter'!C12 -> 36716.9 | G8: =F8-E8 -> 11.8 | H8: =F8-D8 -> 15.2
C9: TR | G9: =G8*284.34 -> 3355.212 | H9: =H8*284.34 -> 4321.968 | I9: =H9*0.63 -> 2722.8398
A10: III | B10: WATER METERS
B11: Main DEWA Meter | C11: mᶟ | D11: ='6'!F11 -> 124542 | E11: ='Daily Meter'!D12 -> 124738 | F11: ='Daily Meter'!E12 -> 124798 | G11: =F11-E11 -> 60 | H11: =F11-D11 -> 256
B12: Imperial Gallon = m³ x 219.969 | C12: IG | G12: =G11*219.969 -> 13198.14 | H12: =H11*219.969 -> 56312.064 | I12: =H12*0.06 -> 3378.7238
A13: IV | B13: ELECTRICAL METERS
A14: 1 | B14: Meter 1 - 06065253 | C14: kW x 480 | D14: ='6'!F14 -> 4276.2 | E14: ='Daily Meter'!J12 -> 4277.2 | F14: ='Daily Meter'!K12 -> 4281 | G14: =(F14-E14)*480 -> 1824 | H14: =(F14-D14)*480 -> 2304
A15: 2 | B15: Meter 2 - 06065255 | C15: kW x 480 | D15: ='6'!F15 -> 2568 | E15: ='Daily Meter'!L12 -> 2568.5 | F15: ='Daily Meter'!M12 -> 2570.8 | G15: =(F15-E15)*480 -> 1104 | H15: =(F15-D15)*480 -> 1344
A16: 3 | B16: Meter 3 - 06065259 | C16: kW x 480 | D16: ='6'!F16 -> 2756.8 | E16: ='Daily Meter'!N12 -> 2757.8 | F16: ='Daily Meter'!O12 -> 2760.3 | G16: =(F16-E16)*480 -> 1200 | H16: =(F16-D16)*480 -> 1680
A17: 4 | B17: Meter 4 - 06065262 | C17: kW x 480 | D17: ='6'!F17 -> 1384.2 | E17: ='Daily Meter'!P12 -> 1384.7 | F17: ='Daily Meter'!Q12 -> 1386.2 | G17: =(F17-E17)*480 -> 720 | H17: =(F17-D17)*480 -> 960
A18: 5 | B18: Meter 6 - 06065269 | C18: kW x 480 | D18: ='6'!F18 -> 4032 | E18: ='Daily Meter'!R12 -> 4032.8 | F18: ='Daily Meter'!S12 -> 4035.5 | G18: =(F18-E18)*480 -> 1296 | H18: =(F18-D18)*480 -> 1680
A19: 6 | B19: Meter 7 - 06065283 | C19: kW x 480 | D19: ='6'!F19 -> 10655.6 | E19: ='Daily Meter'!T12 -> 10657.6 | F19: ='Daily Meter'!U12 -> 10664.2 | G19: =(F19-E19)*480 -> 3168 | H19: =(F19-D19)*480 -> 4128
B20: TOTAL ELECTRICAL CONS.(kWh) | G20: =SUM(G14:G19) -> 9312 | H20: =SUM(H14:H19) -> 12096 | I20: =H20*0.43 -> 5201.28
A22: V | B22: GAS CONSUMPTION
A23: 1 | B23: MAIN LPG METER | C23: mᶟ | D23: ='6'!F23 -> 52635.8 | E23: ='Daily Meter'!V12 -> 52660.2 | F23: ='Daily Meter'!W12 -> 52736.5 | G23: =F23-E23 -> 76.3 | H23: =F23-D23 -> 100.7
B24: L = m³ x 2.71 | C24: L | H24: =H23*3.7 -> 372.59 | I24: =H24*2.18 -> 812.2462
D27: Summary of Daily Hotel consumption
D28: Item measured | E28: Units | F28: Consumption | G28: AED
D29: Chilled water | E29: TR | F29: =H9 -> 4321.968 | G29: =I9 -> 2722.8398
D30: DEWA Water | E30: imp. Gallon | F30: =H12 -> 56312.064 | G30: =I12 -> 3378.7238
D31: Electricity | E31: kwh | F31: =H20 -> 12096 | G31: =I20 -> 5201.28
D32: Gas | E32: m3 | F32: =H23 -> 100.7 | G32: =I24 -> 812.2462
F33: Total cost | G33: =SUM(G29:G32) -> 12115.09

Sheet 8
A1: ENGINEERING DEPARTMENT | J1: daily reading
A3: UTILITY CONSUMPTION SHEET
B4: ='1'!B4 -> FEBRUARY 2023 | C4: 8
A5: SR.NO | B5: ITEM MEASURED | D5: Previous Reading | E5: 1st Reading (5am) | F5: 2nd Reading (5pm) | G5: 12hrs CONSUMPTION | H5: 24hrs CONSUMPTION | I5: Cost
A7: 1 | B7: DISTRICT COOLING PLANT
B8: Chilled Water | C8: MWH | D8: ='7'!F8 -> 36716.9 | E8: ='Daily Meter'!B13 -> 36730.3 | F8: ='Daily Meter'!C13 -> 36739.9 | G8: =F8-E8 -> 9.6 | H8: =F8-D8 -> 23
C9: TR | G9: =G8*284.34 -> 2729.664 | H9: =H8*284.34 -> 6539.82 | I9: =H9*0.63 -> 4120.0866
A10: III | B10: WATER METERS
B11: Main DEWA Meter | C11: mᶟ | D11: ='7'!F11 -> 124798 | E11: ='Daily Meter'!D13 -> 124957 | F11: ='Daily Meter'!E13 -> 125026 | G11: =F11-E11 -> 69 | H11: =F11-D11 -> 228
B12: Imperial Gallon = m³ x 219.969 | C12: IG | G12: =G11*219.969 -> 15177.861 | H12: =H11*219.969 -> 50152.932 | I12: =H12*0.06 -> 3009.1759
A13: IV | B13: ELECTRICAL METERS
A14: 1 | B14: Meter 1 - 06065253 | C14: kW x 480 | D14: ='7'!F14 -> 4281 | E14: ='Daily Meter'!J13 -> 4285.1 | F14: ='Daily Meter'!K13 -> 4287.7 | G14: =(F14-E14)*480 -> 1248 | H14: =(F14-D14)*480 -> 3216
A15: 2 | B15: Meter 2 - 06065255 | C15: kW x 480 | D15: ='7'!F15 -> 2570.8 | E15: ='Daily Meter'!L13 -> 2573 | F15: ='Daily Meter'!M13 -> 2574.8 | G15: =(F15-E15)*480 -> 864 | H15: =(F15-D15)*480 -> 1920
A16: 3 | B16: Meter 3 - 06065259 | C16: kW x 480 | D16: ='7'!F16 -> 2760.3 | E16: ='Daily Meter'!N13 -> 2763.4 | F16: ='Daily Meter'!O13 -> 2765.1 | G16: =(F16-E16)*480 -> 816 | H16: =(F16-D16)*480 -> 2304
A17: 4 | B17: Meter 4 - 06065262 | C17: kW x 480 | D17: ='7'!F17 -> 1386.2 | E17: ='Daily Meter'!P13 -> 1387.9 | F17: ='Daily Meter'!Q13 -> 1388.9 | G17: =(F17-E17)*480 -> 480 | H17: =(F17-D17)*480 -> 1296
A18: 5 | B18: Meter 6 - 06065269 | C18: kW x 480 | D18: ='7'!F18 -> 4035.5 | E18: ='Daily Meter'!R13 -> 4038.4 | F18: ='Daily Meter'!S13 -> 4040.3 | G18: =(F18-E18)*480 -> 912 | H18: =(F18-D18)*480 -> 2304
A19: 6 | B19: Meter 7 - 06065283 | C19: kW x 480 | D19: ='7'!F19 -> 10664.2 | E19: ='Daily Meter'!T13 -> 10671.5 | F19: ='Daily Meter'!U13 -> 10676.1 | G19: =(F19-E19)*480 -> 2208 | H19: =(F19-D19)*480 -> 5712
B20: TOTAL ELECTRICAL CONS.(kWh) | G20: =SUM(G14:G19) -> 6528 | H20: =SUM(H14:H19) -> 16752 | I20: =H20*0.43 -> 7203.36
A22: V | B22: GAS CONSUMPTION
A23: 1 | B23: MAIN LPG METER | C23: mᶟ | D23: ='7'!F23 -> 52736.5 | E23: ='Daily Meter'!V13 -> 52814.8 | F23: ='Daily Meter'!W13 -> 52873.7 | G23: =F23-E23 -> 58.9 | H23: =F23-D23 -> 137.2
B24: L = m³ x 2.71 | C24: L | H24: =H23*3.7 -> 507.64 | I24: =H24*2.18 -> 1106.6552
D27: Summary of Daily Hotel consumption
D28: Item measured | E28: Units | F28: Consumption | G28: AED
D29: Chilled water | E29: TR | F29: =H9 -> 6539.82 | G29: =I9 -> 4120.0866
D30: DEWA Water | E30: imp. Gallon | F30: =H12 -> 50152.932 | G30: =I12 -> 3009.1759
D31: Electricity | E31: kwh | F31: =H20 -> 16752 | G31: =I20 -> 7203.36
D32: Gas | E32: m3 | F32: =H23 -> 137.2 | G32: =I24 -> 1106.6552
F33: Total cost | G33: =SUM(G29:G32) -> 15439.278

Sheet 9
A1: ENGINEERING DEPARTMENT | J1: daily reading
A3: UTILITY CONSUMPTION SHEET
B4: ='1'!B4 -> FEBRUARY 2023 | C4: 9
A5: SR.NO | B5: ITEM MEASURED | D5: Previous Reading | E5: 1st Reading (5am) | F5: 2nd Reading (5pm) | G5: 12hrs CONSUMPTION | H5: 24hrs CONSUMPTION | I5: Cost
A7: 1 | B7: DISTRICT COOLING PLANT
B8: Chilled Water | C8: MWH | D8: ='8'!F8 -> 36739.9 | E8: ='Daily Meter'!B14 -> 36753 | F8: ='Daily Meter'!C14 -> 36760.7 | G8: =F8-E8 -> 7.7 | H8: =F8-D8 -> 20.8
C9: TR | G9: =G8*284.34 -> 2189.418 | H9: =H8*284.34 -> 5914.272 | I9: =H9*0.63 -> 3725.9914
A10: III | B10: WATER METERS
B11: Main DEWA Meter | C11: m3 | D11: ='8'!F11 -> 125026 | E11: ='Daily Meter'!D14 -> 125304 | F11: ='Daily Meter'!E14 -> 125385 | G11: =F11-E11 -> 81 | H11: =F11-D11 -> 359
B12: Imperial Gallon = m³ x 219.969 | C12: IG | G12: =G11*219.969 -> 17817.489 | H12: =H11*219.969 -> 78968.871 | I12: =H12*0.06 -> 4738.1323
A13: IV | B13: ELECTRICAL METERS
A14: 1 | B14: Meter 1 - 06065253 | C14: kW x 480 | D14: ='8'!F14 -> 4287.7 | E14: ='Daily Meter'!J14 -> 4291.7 | F14: ='Daily Meter'!K14 -> 4294.1 | G14: =(F14-E14)*480 -> 1152 | H14: =(F14-D14)*480 -> 3072
A15: 2 | B15: Meter 2 - 06065255 | C15: kW x 480 | D15: ='8'!F15 -> 2574.8 | E15: ='Daily Meter'!L14 -> 2577 | F15: ='Daily Meter'!M14 -> 2578.7 | G15: =(F15-E15)*480 -> 816 | H15: =(F15-D15)*480 -> 1872
A16: 3 | B16: Meter 3 - 06065259 | C16: kW x 480 | D16: ='8'!F16 -> 2765.1 | E16: ='Daily Meter'!N14 -> 2768.3 | F16: ='Daily Meter'!O14 -> 2769.9 | G16: =(F16-E16)*480 -> 768 | H16: =(F16-D16)*480 -> 2304
A17: 4 | B17: Meter 4 - 06065262 | C17: kW x 480 | D17: ='8'!F17 -> 1388.9 | E17: ='Daily Meter'!P14 -> 1390.6 | F17: ='Daily Meter'!Q14 -> 1391.5 | G17: =(F17-E17)*480 -> 432 | H17: =(F17-D17)*480 -> 1248
A18: 5 | B18: Meter 6 - 06065269 | C18: kW x 480 | D18: ='8'!F18 -> 4040.3 | E18: ='Daily Meter'!R14 -> 4043.2 | F18: ='Daily Meter'!S14 -> 4044.9 | G18: =(F18-E18)*480 -> 816 | H18: =(F18-D18)*480 -> 2208
A19: 6 | B19: Meter 7 - 06065283 | C19: kW x 480 | D19: ='8'!F19 -> 10676.1 | E19: ='Daily Meter'!T14 -> 10683.2 | F19: ='Daily Meter'!U14 -> 10687.6 | G19: =(F19-E19)*480 -> 2112 | H19: =(F19-D19)*480 -> 5520
B20: TOTAL ELECTRICAL CONS.(kWh) | G20: =SUM(G14:G19) -> 6096 | H20: =SUM(H14:H19) -> 16224 | I20: =H20*0.43 -> 6976.32
A22: V | B22: GAS CONSUMPTION
A23: 1 | B23: MAIN LPG METER | C23: M3 | D23: ='8'!F23 -> 52873.7 | E23: ='Daily Meter'!V14 -> 52951.8 | F23: ='Daily Meter'!W14 -> 53009.3 | G23: =F23-E23 -> 57.5 | H23: =F23-D23 -> 135.6
B24: L = m³ x 2.71 | C24: L | H24: =H23*3.7 -> 501.72 | I24: =H24*2.18 -> 1093.7496
D27: Summary of Daily Hotel consumption
D28: Item measured | E28: Units | F28: Consumption | G28: AED
D29: Chilled water | E29: TR | F29: =H9 -> 5914.272 | G29: =I9 -> 3725.9914
D30: DEWA Water | E30: imp. Gallon | F30: =H12 -> 78968.871 | G30: =I12 -> 4738.1323
D31: Electricity | E31: kwh | F31: =H20 -> 16224 | G31: =I20 -> 6976.32
D32: Gas | E32: m3 | F32: =H23 -> 135.6 | G32: =I24 -> 1093.7496
F33: Total cost | G33: =SUM(G29:G32) -> 16534.193

Sheet 10
A1: ENGINEERING DEPARTMENT | J1: daily reading
A3: UTILITY CONSUMPTION SHEET
B4: NOVEMBER | C4: 10
A5: SR.NO | B5: ITEM MEASURED | C5: ='1'!B4 -> FEBRUARY 2023 | D5: Previous Reading | E5: 1st Reading (5am) | F5: 2nd Reading (5pm) | G5: 12hrs CONSUMPTION | H5: 24hrs CONSUMPTION | I5: Cost
A7: 1 | B7: DISTRICT COOLING PLANT
B8: Chilled Water | C8: MWH | D8: ='9'!F8 -> 36760.7 | E8: ='Daily Meter'!B15 -> 36772.2 | F8: ='Daily Meter'!C15 -> 36779.9 | G8: =F8-E8 -> 7.7 | H8: =F8-D8 -> 19.2
C9: TR | G9: =G8*284.34 -> 2189.418 | H9: =H8*284.34 -> 5459.328 | I9: =H9*0.63 -> 3439.3766
A10: III | B10: WATER METERS
B11: Main DEWA Meter | C11: m3 | D11: ='9'!F11 -> 125385 | E11: ='Daily Meter'!D15 -> 125680 | F11: ='Daily Meter'!E15 -> 125743 | G11: =F11-E11 -> 63 | H11: =F11-D11 -> 358
B12: Imperial Gallon = m³ x 219.969 | C12: IG | G12: =G11*219.969 -> 13858.047 | H12: =H11*219.969 -> 78748.902 | I12: =H12*0.06 -> 4724.9341
A13: IV | B13: ELECTRICAL METERS
A14: 1 | B14: Meter 1 - 06065253 | C14: kW x 480 | D14: ='9'!F14 -> 4294.1 | E14: ='Daily Meter'!J15 -> 4298.6 | F14: ='Daily Meter'!K15 -> 4301.4 | G14: =(F14-E14)*480 -> 1344 | H14: =(F14-D14)*480 -> 3504
A15: 2 | B15: Meter 2 - 06065255 | C15: kW x 480 | D15: ='9'!F15 -> 2578.7 | E15: ='Daily Meter'!L15 -> 2581 | F15: ='Daily Meter'!M15 -> 2582.8 | G15: =(F15-E15)*480 -> 864 | H15: =(F15-D15)*480 -> 1968
A16: 3 | B16: Meter 3 - 06065259 | C16: kW x 480 | D16: ='9'!F16 -> 2769.9 | E16: ='Daily Meter'!N15 -> 2773.6 | F16: ='Daily Meter'!O15 -> 2775.7 | G16: =(F16-E16)*480 -> 1008 | H16: =(F16-D16)*480 -> 2784
A17: 4 | B17: Meter 4 - 06065262 | C17: kW x 480 | D17: ='9'!F17 -> 1391.5 | E17: ='Daily Meter'!P15 -> 1393.3 | F17: ='Daily Meter'!Q15 -> 1394.3 | G17: =(F17-E17)*480 -> 480 | H17: =(F17-D17)*480 -> 1344
A18: 5 | B18: Meter 6 - 06065269 | C18: kW x 480 | D18: ='9'!F18 -> 4044.9 | E18: ='Daily Meter'!R15 -> 4048 | F18: ='Daily Meter'!S15 -> 4049.9 | G18: =(F18-E18)*480 -> 912 | H18: =(F18-D18)*480 -> 2400
A19: 6 | B19: Meter 7 - 06065283 | C19: kW x 480 | D19: ='9'!F19 -> 10687.6 | E19: ='Daily Meter'!T15 -> 10694.9 | F19: ='Daily Meter'!U15 -> 10699.6 | G19: =(F19-E19)*480 -> 2256 | H19: =(F19-D19)*480 -> 5760
B20: TOTAL ELECTRICAL CONS.(kWh) | G20: =SUM(G14:G19) -> 6864 | H20: =SUM(H14:H19) -> 17760 | I20: =H20*0.43 -> 7636.8
A22: V | B22: GAS CONSUMPTION
A23: 1 | B23: MAIN LPG METER | C23: M3 | D23: ='9'!F23 -> 53009.3 | E23: ='Daily Meter'!V15 -> 53090.8 | F23: ='Daily Meter'!W15 -> 53154.1 | G23: =F23-E23 -> 63.3 | H23: =F23-D23 -> 144.8
B24: L = m³ x 2.71 | C24: L | H24: =H23*3.7 -> 535.76 | I24: =H24*2.18 -> 1167.9568
D27: Summary of Daily Hotel consumption
D28: Item measured | E28: Units | F28: Consumption | G28: AED
D29: Chilled water | E29: TR | F29: =H9 -> 5459.328 | G29: =I9 -> 3439.3766
D30: DEWA Water | E30: imp. Gallon | F30: =H12 -> 78748.902 | G30: =I12 -> 4724.9341
D31: Electricity | E31: kwh | F31: =H20 -> 17760 | G31: =I20 -> 7636.8
D32: Gas | E32: m3 | F32: =H23 -> 144.8 | G32: =I24 -> 1167.9568
F33: Total cost | G33: =SUM(G29:G32) -> 16969.068

Sheet 11
A1: ENGINEERING DEPARTMENT | K1: daily reading
A3: UTILITY CONSUMPTION SHEET
B4: ='1'!B4 -> FEBRUARY 2023 | C4: 11
A5: SR.NO | B5: ITEM MEASURED | D5: Previous Reading | E5: 1st Reading (5am) | F5: 2nd Reading (5pm) | G5: 12hrs CONSUMPTION | H5: 24hrs CONSUMPTION | I5: Cost
A7: 1 | B7: DISTRICT COOLING PLANT
B8: Chilled Water | C8: MWH | D8: ='10'!F8 -> 36779.9 | E8: ='Daily Meter'!B16 -> 36790.5 | F8: ='Daily Meter'!C16 -> 36799.1 | G8: =F8-E8 -> 8.6 | H8: =F8-D8 -> 19.2
C9: TR | G9: =G8*284.34 -> 2445.324 | H9: =H8*284.34 -> 5459.328 | I9: =H9*0.63 -> 3439.3766
A10: III | B10: WATER METERS
B11: Main DEWA Meter | C11: m3 | D11: ='10'!F11 -> 125743 | E11: ='Daily Meter'!D16 -> 125890 | F11: ='Daily Meter'!E16 -> 125953 | G11: =F11-E11 -> 63 | H11: =F11-D11 -> 210
B12: Imperial Gallon = m³ x 219.969 | C12: IG | G12: =G11*219.969 -> 13858.047 | H12: =H11*219.969 -> 46193.49 | I12: =H12*0.06 -> 2771.6094
A13: IV | B13: ELECTRICAL METERS
A14: 1 | B14: Meter 1 - 06065253 | C14: kW x 480 | D14: ='10'!F14 -> 4301.4 | E14: ='Daily Meter'!J16 -> 4305.6 | F14: ='Daily Meter'!K16 -> 4308.8 | G14: =(F14-E14)*480 -> 1536 | H14: =(F14-D14)*480 -> 3552
A15: 2 | B15: Meter 2 - 06065255 | C15: kW x 480 | D15: ='10'!F15 -> 2582.8 | E15: ='Daily Meter'!L16 -> 2585.1 | F15: ='Daily Meter'!M16 -> 2587.1 | G15: =(F15-E15)*480 -> 960 | H15: =(F15-D15)*480 -> 2064
A16: 3 | B16: Meter 3 - 06065259 | C16: kW x 480 | D16: ='10'!F16 -> 2775.7 | E16: ='Daily Meter'!N16 -> 2779.2 | F16: ='Daily Meter'!O16 -> 2781.2 | G16: =(F16-E16)*480 -> 960 | H16: =(F16-D16)*480 -> 2640
A17: 4 | B17: Meter 4 - 06065262 | C17: kW x 480 | D17: ='10'!F17 -> 1394.3 | E17: ='Daily Meter'!P16 -> 1396.3 | F17: ='Daily Meter'!Q16 -> 1397.5 | G17: =(F17-E17)*480 -> 576 | H17: =(F17-D17)*480 -> 1536
A18: 5 | B18: Meter 6 - 06065269 | C18: kW x 480 | D18: ='10'!F18 -> 4049.9 | E18: ='Daily Meter'!R16 -> 4052.8 | F18: ='Daily Meter'!S16 -> 4055.1 | G18: =(F18-E18)*480 -> 1104 | H18: =(F18-D18)*480 -> 2496
A19: 6 | B19: Meter 7 - 06065283 | C19: kW x 480 | D19: ='10'!F19 -> 10699.6 | E19: ='Daily Meter'!T16 -> 10706.6 | F19: ='Daily Meter'!U16 -> 10711.7 | G19: =(F19-E19)*480 -> 2448 | H19: =(F19-D19)*480 -> 5808
B20: TOTAL ELECTRICAL CONS.(kWh) | G20: =SUM(G14:G19) -> 7584 | H20: =SUM(H14:H19) -> 18096 | I20: =H20*0.43 -> 7781.28
A22: V | B22: GAS CONSUMPTION
A23: 1 | B23: MAIN LPG METER | C23: M3 | D23: ='10'!F23 -> 53154.1 | E23: ='Daily Meter'!V16 -> 53234.7 | F23: ='Daily Meter'!W16 -> 53298.2 | G23: =F23-E23 -> 63.5 | H23: =F23-D23 -> 144.1
B24: L = m³ x 2.71 | C24: L | H24: =H23*3.7 -> 533.17 | I24: =H24*2.18 -> 1162.3106
D27: Summary of Daily Hotel consumption
D28: Item measured | E28: Units | F28: Consumption | G28: AED
D29: Chilled water | E29: TR | F29: =H9 -> 5459.328 | G29: =I9 -> 3439.3766
D30: DEWA Water | E30: imp. Gallon | F30: =H12 -> 46193.49 | G30: =I12 -> 2771.6094
D31: Electricity | E31: kwh | F31: =H20 -> 18096 | G31: =I20 -> 7781.28
D32: Gas | E32: m3 | F32: =H23 -> 144.1 | G32: =I24 -> 1162.3106
F33: Total cost | G33: =SUM(G29:G32) -> 15154.577

Sheet 12
A1: ENGINEERING DEPARTMENT | K1: daily reading
A3: UTILITY CONSUMPTION SHEET
B4: ='1'!B4 -> FEBRUARY 2023 | C4: 12
A5: SR.NO | B5: ITEM MEASURED | D5: Previous Reading | E5: 1st Reading (5am) | F5: 2nd Reading (5pm) | G5: 12hrs CONSUMPTION | H5: 24hrs CONSUMPTION | I5: Cost
A7: 1 | B7: DISTRICT COOLING PLANT
B8: Chilled Water | C8: MWH | D8: ='11'!F8 -> 36799.1 | E8: ='Daily Meter'!B17 -> 36808.7 | F8: ='Daily Meter'!C17 -> 36816.8 | G8: =F8-E8 -> 8.1 | H8: =F8-D8 -> 17.7
C9: TR | G9: =G8*284.34 -> 2303.154 | H9: =H8*284.34 -> 5032.818 | I9: =H9*0.63 -> 3170.6753
A10: III | B10: WATER METERS
B11: Main DEWA Meter | C11: m3 | D11: ='11'!F11 -> 125953 | E11: ='Daily Meter'!D17 -> 126261 | F11: ='Daily Meter'!E17 -> 126269 | G11: =F11-E11 -> 8 | H11: =F11-D11 -> 316
B12: Imperial Gallon = m³ x 219.969 | C12: IG | G12: =G11*219.969 -> 1759.752 | H12: =H11*219.969 -> 69510.204 | I12: =H12*0.06 -> 4170.6122
A13: IV | B13: ELECTRICAL METERS
A14: 1 | B14: Meter 1 - 06065253 | C14: kW x 480 | D14: ='11'!F14 -> 4308.8 | E14: ='Daily Meter'!J17 -> 4312.3 | F14: ='Daily Meter'!K17 -> 4315.2 | G14: =(F14-E14)*480 -> 1392 | H14: =(F14-D14)*480 -> 3072
A15: 2 | B15: Meter 2 - 06065255 | C15: kW x 480 | D15: ='11'!F15 -> 2587.1 | E15: ='Daily Meter'!L17 -> 2589 | F15: ='Daily Meter'!M17 -> 2590.8 | G15: =(F15-E15)*480 -> 864 | H15: =(F15-D15)*480 -> 1776
A16: 3 | B16: Meter 3 - 06065259 | C16: kW x 480 | D16: ='11'!F16 -> 2781.2 | E16: ='Daily Meter'!N17 -> 2784.1 | F16: ='Daily Meter'!O17 -> 2785.9 | G16: =(F16-E16)*480 -> 864 | H16: =(F16-D16)*480 -> 2256
A17: 4 | B17: Meter 4 - 06065262 | C17: kW x 480 | D17: ='11'!F17 -> 1397.5 | E17: ='Daily Meter'!P17 -> 1399.2 | F17: ='Daily Meter'!Q17 -> 1400.2 | G17: =(F17-E17)*480 -> 480 | H17: =(F17-D17)*480 -> 1296
A18: 5 | B18: Meter 6 - 06065269 | C18: kW x 480 | D18: ='11'!F18 -> 4055.1 | E18: ='Daily Meter'!R17 -> 4057.7 | F18: ='Daily Meter'!S17 -> 4059.8 | G18: =(F18-E18)*480 -> 1008 | H18: =(F18-D18)*480 -> 2256
A19: 6 | B19: Meter 7 - 06065283 | C19: kW x 480 | D19: ='11'!F19 -> 10711.7 | E19: ='Daily Meter'!T17 -> 10717.9 | F19: ='Daily Meter'!U17 -> 10723 | G19: =(F19-E19)*480 -> 2448 | H19: =(F19-D19)*480 -> 5424
B20: TOTAL ELECTRICAL CONS.(kWh) | G20: =SUM(G14:G19) -> 7056 | H20: =SUM(H14:H19) -> 16080 | I20: =H20*0.43 -> 6914.4
A22: V | B22: GAS CONSUMPTION
A23: 1 | B23: MAIN LPG METER | C23: M3 | D23: ='11'!F23 -> 53298.2 | E23: ='Daily Meter'!V17 -> 53365.7 | F23: ='Daily Meter'!W17 -> 53418.5 | G23: =F23-E23 -> 52.8 | H23: =F23-D23 -> 120.3
B24: L = m³ x 2.71 | C24: L | H24: =H23*3.7 -> 445.11 | I24: =H24*2.18 -> 970.3398
D27: Summary of Daily Hotel consumption
D28: Item measured | E28: Units | F28: Consumption | G28: AED
D29: Chilled water | E29: TR | F29: =H9 -> 5032.818 | G29: =I9 -> 3170.6753
D30: DEWA Water | E30: imp. Gallon | F30: =H12 -> 69510.204 | G30: =I12 -> 4170.6122
D31: Electricity | E31: kwh | F31: =H20 -> 16080 | G31: =I20 -> 6914.4
D32: Gas | E32: m3 | F32: =H23 -> 120.3 | G32: =I24 -> 970.3398
F33: Total cost | G33: =SUM(G29:G32) -> 15226.027

Sheet 13
A1: ENGINEERING DEPARTMENT | K1: daily reading
A3: UTILITY CONSUMPTION SHEET
B4: ='1'!B4 -> FEBRUARY 2023 | C4: 13
A5: SR.NO | B5: ITEM MEASURED | D5: Previous Reading | E5: 1st Reading (5am) | F5: 2nd Reading (5pm) | G5: 12hrs CONSUMPTION | H5: 24hrs CONSUMPTION | I5: Cost
A7: 1 | B7: DISTRICT COOLING PLANT
B8: Chilled Water | C8: MWH | D8: ='12'!F8 -> 36816.8 | E8: ='Daily Meter'!B18 -> 36828.3 | F8: ='Daily Meter'!C18 -> 36840.6 | G8: =F8-E8 -> 12.3 | H8: =F8-D8 -> 23.8
C9: TR | G9: =G8*284.34 -> 3497.382 | H9: =H8*284.34 -> 6767.292 | I9: =H9*0.63 -> 4263.394
A10: III | B10: WATER METERS
B11: Main DEWA Meter | C11: m3 | D11: ='12'!F11 -> 126269 | E11: ='Daily Meter'!D18 -> 126469 | F11: ='Daily Meter'!E18 -> 126501 | G11: =F11-E11 -> 32 | H11: =F11-D11 -> 232
B12: Imperial Gallon = m³ x 219.969 | C12: IG | G12: =G11*219.969 -> 7039.008 | H12: =H11*219.969 -> 51032.808 | I12: =H12*0.06 -> 3061.9685
A13: IV | B13: ELECTRICAL METERS
A14: 1 | B14: Meter 1 - 06065253 | C14: kW x 480 | D14: ='12'!F14 -> 4315.2 | E14: ='Daily Meter'!J18 -> 4318.9 | F14: ='Daily Meter'!K18 -> 4323.4 | G14: =(F14-E14)*480 -> 2160 | H14: =(F14-D14)*480 -> 3936
A15: 2 | B15: Meter 2 - 06065255 | C15: kW x 480 | D15: ='12'!F15 -> 2590.8 | E15: ='Daily Meter'!L18 -> 2592.7 | F15: ='Daily Meter'!M18 -> 2595.4 | G15: =(F15-E15)*480 -> 1296 | H15: =(F15-D15)*480 -> 2208
A16: 3 | B16: Meter 3 - 06065259 | C16: kW x 480 | D16: ='12'!F16 -> 2785.9 | E16: ='Daily Meter'!N18 -> 2788.9 | F16: ='Daily Meter'!O18 -> 2791.6 | G16: =(F16-E16)*480 -> 1296 | H16: =(F16-D16)*480 -> 2736
A17: 4 | B17: Meter 4 - 06065262 | C17: kW x 480 | D17: ='12'!F17 -> 1400.2 | E17: ='Daily Meter'!P18 -> 1401.8 | F17: ='Daily Meter'!Q18 -> 1403.6 | G17: =(F17-E17)*480 -> 864 | H17: =(F17-D17)*480 -> 1632
A18: 5 | B18: Meter 6 - 06065269 | C18: kW x 480 | D18: ='12'!F18 -> 4059.8 | E18: ='Daily Meter'!R18 -> 4062.4 | F18: ='Daily Meter'!S18 -> 4065.5 | G18: =(F18-E18)*480 -> 1488 | H18: =(F18-D18)*480 -> 2736
A19: 6 | B19: Meter 7 - 06065283 | C19: kW x 480 | D19: ='12'!F19 -> 10723 | E19: ='Daily Meter'!T18 -> 10729.6 | F19: ='Daily Meter'!U18 -> 10737.3 | G19: =(F19-E19)*480 -> 3696 | H19: =(F19-D19)*480 -> 6864
B20: TOTAL ELECTRICAL CONS.(kWh) | G20: =SUM(G14:G19) -> 10800 | H20: =SUM(H14:H19) -> 20112 | I20: =H20*0.43 -> 8648.16
A22: V | B22: GAS CONSUMPTION
A23: 1 | B23: MAIN LPG METER | C23: M3 | D23: ='12'!F23 -> 53418.5 | E23: ='Daily Meter'!V18 -> 53488.4 | F23: ='Daily Meter'!W18 -> 53549.2 | G23: =F23-E23 -> 60.8 | H23: =F23-D23 -> 130.7
B24: L = m³ x 2.71 | C24: L | H24: =H23*3.7 -> 483.59 | I24: =H24*2.18 -> 1054.2262
D27: Summary of Daily Hotel consumption
D28: Item measured | E28: Units | F28: Consumption | G28: AED
D29: Chilled water | E29: TR | F29: =H9 -> 6767.292 | G29: =I9 -> 4263.394
D30: DEWA Water | E30: imp. Gallon | F30: =H12 -> 51032.808 | G30: =I12 -> 3061.9685
D31: Electricity | E31: kwh | F31: =H20 -> 20112 | G31: =I20 -> 8648.16
D32: Gas | E32: m3 | F32: =H23 -> 130.7 | G32: =I24 -> 1054.2262
F33: Total cost | G33: =SUM(G29:G32) -> 17027.749

Sheet 14
A1: ENGINEERING DEPARTMENT | J1: daily reading
A3: UTILITY CONSUMPTION SHEET
B4: ='1'!B4 -> FEBRUARY 2023 | C4: 14
A5: SR.NO | B5: ITEM MEASURED | D5: Previous Reading | E5: 1st Reading (5am) | F5: 2nd Reading (5pm) | G5: 12hrs CONSUMPTION | H5: 24hrs CONSUMPTION | I5: Cost
A7: 1 | B7: DISTRICT COOLING PLANT
B8: Chilled Water | C8: MWH | D8: ='13'!F8 -> 36840.6 | E8: ='Daily Meter'!B19 -> 36848.6 | F8: ='Daily Meter'!C19 -> 36863.7 | G8: =F8-E8 -> 15.1 | H8: =F8-D8 -> 23.1
C9: TR | G9: =G8*284.34 -> 4293.534 | H9: =H8*284.34 -> 6568.254 | I9: =H9*0.63 -> 4138
A10: III | B10: WATER METERS
B11: Main DEWA Meter | C11: m3 | D11: ='13'!F11 -> 126501 | E11: ='Daily Meter'!D19 -> 126810 | F11: ='Daily Meter'!E19 -> 126813 | G11: =F11-E11 -> 3 | H11: =F11-D11 -> 312
B12: Imperial Gallon = m³ x 219.969 | C12: IG | G12: =G11*219.969 -> 659.907 | H12: =H11*219.969 -> 68630.328 | I12: =H12*0.06 -> 4117.8197
A13: IV | B13: ELECTRICAL METERS
A14: 1 | B14: Meter 1 - 06065253 | C14: kW x 480 | D14: ='13'!F14 -> 4323.4 | E14: ='Daily Meter'!J19 -> 4325.5 | F14: ='Daily Meter'!K19 -> 4328.3 | G14: =(F14-E14)*480 -> 1344 | H14: =(F14-D14)*480 -> 2352
A15: 2 | B15: Meter 2 - 06065255 | C15: kW x 480 | D15: ='13'!F15 -> 2595.4 | E15: ='Daily Meter'!L19 -> 2596.4 | F15: ='Daily Meter'!M19 -> 2598.2 | G15: =(F15-E15)*480 -> 864 | H15: =(F15-D15)*480 -> 1344
A16: 3 | B16: Meter 3 - 06065259 | C16: kW x 480 | D16: ='13'!F16 -> 2791.6 | E16: ='Daily Meter'!N19 -> 2793.5 | F16: ='Daily Meter'!O19 -> 2795.3 | G16: =(F16-E16)*480 -> 864 | H16: =(F16-D16)*480 -> 1776
A17: 4 | B17: Meter 4 - 06065262 | C17: kW x 480 | D17: ='13'!F17 -> 1403.6 | E17: ='Daily Meter'!P19 -> 1404.6 | F17: ='Daily Meter'!Q19 -> 1405.7 | G17: =(F17-E17)*480 -> 528 | H17: =(F17-D17)*480 -> 1008
A18: 5 | B18: Meter 6 - 06065269 | C18: kW x 480 | D18: ='13'!F18 -> 4065.5 | E18: ='Daily Meter'!R19 -> 4067.2 | F18: ='Daily Meter'!S19 -> 4069.2 | G18: =(F18-E18)*480 -> 960 | H18: =(F18-D18)*480 -> 1776
A19: 6 | B19: Meter 7 - 06065283 | C19: kW x 480 | D19: ='13'!F19 -> 10737.3 | E19: ='Daily Meter'!T19 -> 10741.9 | F19: ='Daily Meter'!U19 -> 10747.2 | G19: =(F19-E19)*480 -> 2544 | H19: =(F19-D19)*480 -> 4752
B20: TOTAL ELECTRICAL CONS.(kWh) | G20: =SUM(G14:G19) -> 7104 | H20: =SUM(H14:H19) -> 13008 | I20: =H20*0.43 -> 5593.44
A22: V | B22: GAS CONSUMPTION
A23: 1 | B23: MAIN LPG METER | C23: M3 | D23: ='13'!F23 -> 53549.2 | E23: ='Daily Meter'!V19 -> 53596.1 | F23: ='Daily Meter'!W19 -> 53676.1 | G23: =F23-E23 -> 80 | H23: =F23-D23 -> 126.9
B24: L = m³ x 2.71 | C24: L | H24: =H23*3.7 -> 469.53 | I24: =H24*2.18 -> 1023.5754
D27: Summary of Daily Hotel consumption
D28: Item measured | E28: Units | F28: Consumption | G28: AED
D29: Chilled water | E29: TR | F29: =H9 -> 6568.254 | G29: =I9 -> 4138
D30: DEWA Water | E30: imp. Gallon | F30: =H12 -> 68630.328 | G30: =I12 -> 4117.8197
D31: Electricity | E31: kwh | F31: =H20 -> 13008 | G31: =I20 -> 5593.44
D32: Gas | E32: m3 | F32: =H23 -> 126.9 | G32: =I24 -> 1023.5754
F33: Total cost | G33: =SUM(G29:G32) -> 14872.835

Sheet 15
A1: ENGINEERING DEPARTMENT | J1: daily reading
A3: UTILITY CONSUMPTION SHEET
B4: ='1'!B4 -> FEBRUARY 2023 | C4: 15
A5: SR.NO | B5: ITEM MEASURED | D5: Previous Reading | E5: 1st Reading (5am) | F5: 2nd Reading (5pm) | G5: 12hrs CONSUMPTION | H5: 24hrs CONSUMPTION | I5: Cost
A7: 1 | B7: DISTRICT COOLING PLANT
B8: Chilled Water | C8: MWH | D8: ='14'!F8 -> 36863.7 | E8: ='Daily Meter'!B20 -> 36872.1 | F8: ='Daily Meter'!C20 -> 36889.2 | G8: =F8-E8 -> 17.1 | H8: =F8-D8 -> 25.5
C9: TR | G9: =G8*284.34 -> 4862.214 | H9: =H8*284.34 -> 7250.67 | I9: =H9*0.63 -> 4567.9221
A10: III | B10: WATER METERS
B11: Main DEWA Meter | C11: m3 | D11: ='14'!F11 -> 126813 | E11: ='Daily Meter'!D20 -> 127003 | F11: ='Daily Meter'!E20 -> 127037 | G11: =F11-E11 -> 34 | H11: =F11-D11 -> 224
B12: Imperial Gallon = m³ x 219.969 | C12: IG | G12: =G11*219.969 -> 7478.946 | H12: =H11*219.969 -> 49273.056 | I12: =H12*0.06 -> 2956.3834
A13: IV | B13: ELECTRICAL METERS
A14: 1 | B14: Meter 1 - 06065253 | C14: kW x 480 | D14: ='14'!F14 -> 4328.3 | E14: ='Daily Meter'!J20 -> 4332.5 | F14: ='Daily Meter'!K20 -> 4336.9 | G14: =(F14-E14)*480 -> 2112 | H14: =(F14-D14)*480 -> 4128
A15: 2 | B15: Meter 2 - 06065255 | C15: kW x 480 | D15: ='14'!F15 -> 2598.2 | E15: ='Daily Meter'!L20 -> 2600.3 | F15: ='Daily Meter'!M20 -> 2603 | G15: =(F15-E15)*480 -> 1296 | H15: =(F15-D15)*480 -> 2304
A16: 3 | B16: Meter 3 - 06065259 | C16: kW x 480 | D16: ='14'!F16 -> 2795.3 | E16: ='Daily Meter'!N20 -> 2798.3 | F16: ='Daily Meter'!O20 -> 2801 | G16: =(F16-E16)*480 -> 1296 | H16: =(F16-D16)*480 -> 2736
A17: 4 | B17: Meter 4 - 06065262 | C17: kW x 480 | D17: ='14'!F17 -> 1405.7 | E17: ='Daily Meter'!P20 -> 1407.6 | F17: ='Daily Meter'!Q20 -> 1409.2 | G17: =(F17-E17)*480 -> 768 | H17: =(F17-D17)*480 -> 1680
A18: 5 | B18: Meter 6 - 06065269 | C18: kW x 480 | D18: ='14'!F18 -> 4069.2 | E18: ='Daily Meter'!R20 -> 4072 | F18: ='Daily Meter'!S20 -> 4074.8 | G18: =(F18-E18)*480 -> 1344 | H18: =(F18-D18)*480 -> 2688
A19: 6 | B19: Meter 7 - 06065283 | C19: kW x 480 | D19: ='14'!F19 -> 10747.2 | E19: ='Daily Meter'!T20 -> 10754.8 | F19: ='Daily Meter'!U20 -> 10762.8 | G19: =(F19-E19)*480 -> 3840 | H19: =(F19-D19)*480 -> 7488
B20: TOTAL ELECTRICAL CONS.(kWh) | G20: =SUM(G14:G19) -> 10656 | H20: =SUM(H14:H19) -> 21024 | I20: =H20*0.43 -> 9040.32
A22: V | B22: GAS CONSUMPTION
A23: 1 | B23: MAIN LPG METER | C23: M3 | D23: ='14'!F23 -> 53676.1 | E23: ='Daily Meter'!V20 -> 53717.3 | F23: ='Daily Meter'!W20 -> 53807.3 | G23: =F23-E23 -> 90 | H23: =F23-D23 -> 131.2
B24: L = m³ x 2.71 | C24: L | H24: =H23*3.7 -> 485.44 | I24: =H24*2.18 -> 1058.2592
D27: Summary of Daily Hotel consumption
D28: Item measured | E28: Units | F28: Consumption | G28: AED
D29: Chilled water | E29: TR | F29: =H9 -> 7250.67 | G29: =I9 -> 4567.9221
D30: DEWA Water | E30: imp. Gallon | F30: =H12 -> 49273.056 | G30: =I12 -> 2956.3834
D31: Electricity | E31: kwh | F31: =H20 -> 21024 | G31: =I20 -> 9040.32
D32: Gas | E32: m3 | F32: =H23 -> 131.2 | G32: =I24 -> 1058.2592
F33: Total cost | G33: =SUM(G29:G32) -> 17622.885

Sheet 16
A1: ENGINEERING DEPARTMENT | J1: daily reading
A3: UTILITY CONSUMPTION SHEET
B4: ='1'!B4 -> FEBRUARY 2023 | C4: 16
A5: SR.NO | B5: ITEM MEASURED | D5: Previous Reading | E5: 1st Reading (5am) | F5: 2nd Reading (5pm) | G5: 12hrs CONSUMPTION | H5: 24hrs CONSUMPTION | I5: Cost
A7: 1 | B7: DISTRICT COOLING PLANT
B8: Chilled Water | C8: MWH | D8: ='15'!F8 -> 36889.2 | E8: ='Daily Meter'!B21 -> 36897.1 | F8: ='Daily Meter'!C21 -> 36912.1 | G8: =F8-E8 -> 15 | H8: =F8-D8 -> 22.9
C9: TR | G9: =G8*284.34 -> 4265.1 | H9: =H8*284.34 -> 6511.386 | I9: =H9*0.63 -> 4102.1732
A10: III | B10: WATER METERS
B11: Main DEWA Meter | C11: m3 | D11: ='15'!F11 -> 127037 | E11: ='Daily Meter'!D21 -> 127347 | F11: ='Daily Meter'!E21 -> 127397 | G11: =F11-E11 -> 50 | H11: =F11-D11 -> 360
B12: Imperial Gallon = m³ x 219.969 | C12: IG | G12: =G11*219.969 -> 10998.45 | H12: =H11*219.969 -> 79188.84 | I12: =H12*0.06 -> 4751.3304
A13: IV | B13: ELECTRICAL METERS
A14: 1 | B14: Meter 1 - 06065253 | C14: kW x 480 | D14: ='15'!F14 -> 4336.9 | E14: ='Daily Meter'!J21 -> 4339.3 | F14: ='Daily Meter'!K21 -> 4343.2 | G14: =(F14-E14)*480 -> 1872 | H14: =(F14-D14)*480 -> 3024
A15: 2 | B15: Meter 2 - 06065255 | C15: kW x 480 | D15: ='15'!F15 -> 2603 | E15: ='Daily Meter'!L21 -> 2604.3 | F15: ='Daily Meter'!M21 -> 2606.6 | G15: =(F15-E15)*480 -> 1104 | H15: =(F15-D15)*480 -> 1728
A16: 3 | B16: Meter 3 - 06065259 | C16: kW x 480 | D16: ='15'!F16 -> 2801 | E16: ='Daily Meter'!N21 -> 2803.3 | F16: ='Daily Meter'!O21 -> 2805.5 | G16: =(F16-E16)*480 -> 1056 | H16: =(F16-D16)*480 -> 2160
A17: 4 | B17: Meter 4 - 06065262 | C17: kW x 480 | D17: ='15'!F17 -> 1409.2 | E17: ='Daily Meter'!P21 -> 1410.3 | F17: ='Daily Meter'!Q21 -> 1411.8 | G17: =(F17-E17)*480 -> 720 | H17: =(F17-D17)*480 -> 1248
A18: 5 | B18: Meter 6 - 06065269 | C18: kW x 480 | D18: ='15'!F18 -> 4074.8 | E18: ='Daily Meter'!R21 -> 4076.6 | F18: ='Daily Meter'!S21 -> 4079.2 | G18: =(F18-E18)*480 -> 1248 | H18: =(F18-D18)*480 -> 2112
A19: 6 | B19: Meter 7 - 06065283 | C19: kW x 480 | D19: ='15'!F19 -> 10762.8 | E19: ='Daily Meter'!T21 -> 10767.8 | F19: ='Daily Meter'!U21 -> 10775 | G19: =(F19-E19)*480 -> 3456 | H19: =(F19-D19)*480 -> 5856
B20: TOTAL ELECTRICAL CONS.(kWh) | G20: =SUM(G14:G19) -> 9456 | H20: =SUM(H14:H19) -> 16128 | I20: =H20*0.43 -> 6935.04
A22: V | B22: GAS CONSUMPTION
A23: 1 | B23: MAIN LPG METER | C23: M3 | D23: ='15'!F23 -> 53807.3 | E23: ='Daily Meter'!V21 -> 53852.1 | F23: ='Daily Meter'!W21 -> 53926.4 | G23: =F23-E23 -> 74.3 | H23: =F23-D23 -> 119.1
B24: L = m³ x 2.71 | C24: L | H24: =H23*3.7 -> 440.67 | I24: =H24*2.18 -> 960.6606
D27: Summary of Daily Hotel consumption
D28: Item measured | E28: Units | F28: Consumption | G28: AED
D29: Chilled water | E29: TR | F29: =H9 -> 6511.386 | G29: =I9 -> 4102.1732
D30: DEWA Water | E30: imp. Gallon | F30: =H12 -> 79188.84 | G30: =I12 -> 4751.3304
D31: Electricity | E31: kwh | F31: =H20 -> 16128 | G31: =I20 -> 6935.04
D32: Gas | E32: m3 | F32: =H23 -> 119.1 | G32: =I24 -> 960.6606
F33: Total cost | G33: =SUM(G29:G32) -> 16749.204

Sheet 17
A1: ENGINEERING DEPARTMENT | J1: daily reading
A3: UTILITY CONSUMPTION SHEET
B4: ='1'!B4 -> FEBRUARY 2023 | C4: 17
A5: SR.NO | B5: ITEM MEASURED | D5: Previous Reading | E5: 1st Reading (5am) | F5: 2nd Reading (5pm) | G5: 12hrs CONSUMPTION | H5: 24hrs CONSUMPTION | I5: Cost
A7: 1 | B7: DISTRICT COOLING PLANT
B8: Chilled Water | C8: MWH | D8: ='16'!F8 -> 36912.1 | E8: ='Daily Meter'!B22 -> 36922.5 | F8: ='Daily Meter'!C22 -> 36933.7 | G8: =F8-E8 -> 11.2 | H8: =F8-D8 -> 21.6
C9: TR | G9: =G8*284.34 -> 3184.608 | H9: =H8*284.34 -> 6141.744 | I9: =H9*0.63 -> 3869.2987
A10: III | B10: WATER METERS
B11: Main DEWA Meter | C11: m3 | D11: ='16'!F11 -> 127397 | E11: ='Daily Meter'!D22 -> 127707 | F11: ='Daily Meter'!E22 -> 127714 | G11: =F11-E11 -> 7 | H11: =F11-D11 -> 317
B12: Imperial Gallon = m³ x 219.969 | C12: IG | G12: =G11*219.969 -> 1539.783 | H12: =H11*219.969 -> 69730.173 | I12: =H12*0.06 -> 4183.8104
A13: IV | B13: ELECTRICAL METERS
A14: 1 | B14: Meter 1 - 06065253 | C14: kW x 480 | D14: ='16'!F14 -> 4343.2 | E14: ='Daily Meter'!J22 -> 4346.2 | F14: ='Daily Meter'!K22 -> 4350.1 | G14: =(F14-E14)*480 -> 1872 | H14: =(F14-D14)*480 -> 3312
A15: 2 | B15: Meter 2 - 06065255 | C15: kW x 480 | D15: ='16'!F15 -> 2606.6 | E15: ='Daily Meter'!L22 -> 2608.1 | F15: ='Daily Meter'!M22 -> 2610.4 | G15: =(F15-E15)*480 -> 1104 | H15: =(F15-D15)*480 -> 1824
A16: 3 | B16: Meter 3 - 06065259 | C16: kW x 480 | D16: ='16'!D16 -> 2801 | E16: ='Daily Meter'!N21 -> 2803.3 | F16: ='Daily Meter'!O21 -> 2805.5 | G16: =(F16-E16)*480 -> 1056 | H16: =(F16-D16)*480 -> 2160
A17: 4 | B17: Meter 4 - 06065262 | C17: kW x 480 | D17: ='16'!F17 -> 1411.8 | E17: ='Daily Meter'!P22 -> 1413 | F17: ='Daily Meter'!Q22 -> 1414.4 | G17: =(F17-E17)*480 -> 672 | H17: =(F17-D17)*480 -> 1248
A18: 5 | B18: Meter 6 - 06065269 | C18: kW x 480 | D18: ='16'!F18 -> 4079.2 | E18: ='Daily Meter'!R22 -> 4081.3 | F18: ='Daily Meter'!S22 -> 4083.7 | G18: =(F18-E18)*480 -> 1152 | H18: =(F18-D18)*480 -> 2160
A19: 6 | B19: Meter 7 - 06065283 | C19: kW x 480 | D19: ='16'!F19 -> 10775 | E19: ='Daily Meter'!T22 -> 10780.5 | F19: ='Daily Meter'!U22 -> 10787.4 | G19: =(F19-E19)*480 -> 3312 | H19: =(F19-D19)*480 -> 5952
B20: TOTAL ELECTRICAL CONS.(kWh) | G20: =SUM(G14:G19) -> 9168 | H20: =SUM(H14:H19) -> 16656 | I20: =H20*0.43 -> 7162.08
A22: V | B22: GAS CONSUMPTION
A23: 1 | B23: MAIN LPG METER | C23: M3 | D23: ='16'!F23 -> 53926.4 | E23: ='Daily Meter'!V22 -> 53979 | F23: ='Daily Meter'!W22 -> 54038.9 | G23: =F23-E23 -> 59.9 | H23: =F23-D23 -> 112.5
B24: L = m³ x 2.71 | C24: L | H24: =H23*3.7 -> 416.25 | I24: =H24*2.18 -> 907.425
D27: Summary of Daily Hotel consumption
D28: Item measured | E28: Units | F28: Consumption | G28: AED
D29: Chilled water | E29: TR | F29: =H9 -> 6141.744 | G29: =I9 -> 3869.2987
D30: DEWA Water | E30: imp. Gallon | F30: =H12 -> 69730.173 | G30: =I12 -> 4183.8104
D31: Electricity | E31: kwh | F31: =H20 -> 16656 | G31: =I20 -> 7162.08
D32: Gas | E32: m3 | F32: =H23 -> 112.5 | G32: =I24 -> 907.425
F33: Total cost | G33: =SUM(G29:G32) -> 16122.614

Sheet 18
A1: ENGINEERING DEPARTMENT | J1: daily reading
A3: UTILITY CONSUMPTION SHEET
B4: ='1'!B4 -> FEBRUARY 2023 | C4: 18
A5: SR.NO | B5: ITEM MEASURED | D5: Previous Reading | E5: 1st Reading (5am) | F5: 2nd Reading (5pm) | G5: 12hrs CONSUMPTION | H5: 24hrs CONSUMPTION | I5: Cost
A7: 1 | B7: DISTRICT COOLING PLANT
B8: Chilled Water | C8: MWH | D8: ='17'!F8 -> 36933.7 | E8: ='Daily Meter'!B23 -> 36951 | F8: ='Daily Meter'!C23 -> 36959.1 | G8: =F8-E8 -> 8.1 | H8: =F8-D8 -> 25.4
C9: TR | G9: =G8*284.34 -> 2303.154 | H9: =H8*284.34 -> 7222.236 | I9: =H9*0.63 -> 4550.0087
A10: III | B10: WATER METERS
B11: Main DEWA Meter | C11: m3 | D11: ='17'!F11 -> 127714 | E11: ='Daily Meter'!D23 -> 127921 | F11: ='Daily Meter'!E23 -> 128042 | G11: =F11-E11 -> 121 | H11: =F11-D11 -> 328
B12: Imperial Gallon = m³ x 219.969 | C12: IG | G12: =G11*219.969 -> 26616.249 | H12: =H11*219.969 -> 72149.832 | I12: =H12*0.06 -> 4328.9899
A13: IV | B13: ELECTRICAL METERS
A14: 1 | B14: Meter 1 - 06065253 | C14: kW x 480 | D14: ='17'!F14 -> 4350.1 | E14: ='Daily Meter'!J23 -> 4353.7 | F14: ='Daily Meter'!K23 -> 4356.8 | G14: =(F14-E14)*480 -> 1488 | H14: =(F14-D14)*480 -> 3216
A15: 2 | B15: Meter 2 - 06065255 | C15: kW x 480 | D15: ='17'!F15 -> 2610.4 | E15: ='Daily Meter'!L23 -> 2612.4 | F15: ='Daily Meter'!M23 -> 2614.2 | G15: =(F15-E15)*480 -> 864 | H15: =(F15-D15)*480 -> 1824
A16: 3 | B16: Meter 3 - 06065259 | C16: kW x 480 | D16: ='17'!F16 -> 2805.5 | E16: ='Daily Meter'!N23 -> 2813.1 | F16: ='Daily Meter'!O23 -> 2815 | G16: =(F16-E16)*480 -> 912 | H16: =(F16-D16)*480 -> 4560
A17: 4 | B17: Meter 4 - 06065262 | C17: kW x 480 | D17: ='17'!F17 -> 1414.4 | E17: ='Daily Meter'!P23 -> 1416 | F17: ='Daily Meter'!Q23 -> 1417.3 | G17: =(F17-E17)*480 -> 624 | H17: =(F17-D17)*480 -> 1392
A18: 5 | B18: Meter 6 - 06065269 | C18: kW x 480 | D18: ='17'!F18 -> 4083.7 | E18: ='Daily Meter'!R23 -> 4086.2 | F18: ='Daily Meter'!S23 -> 4088.3 | G18: =(F18-E18)*480 -> 1008 | H18: =(F18-D18)*480 -> 2208
A19: 6 | B19: Meter 7 - 06065283 | C19: kW x 480 | D19: ='17'!F19 -> 10787.4 | E19: ='Daily Meter'!T23 -> 10794.3 | F19: ='Daily Meter'!U23 -> 10800.1 | G19: =(F19-E19)*480 -> 2784 | H19: =(F19-D19)*480 -> 6096
B20: TOTAL ELECTRICAL CONS.(kWh) | G20: =SUM(G14:G19) -> 7680 | H20: =SUM(H14:H19) -> 19296 | I20: =H20*0.43 -> 8297.28
A22: V | B22: GAS CONSUMPTION
A23: 1 | B23: MAIN LPG METER | C23: M3 | D23: ='17'!F23 -> 54038.9 | E23: ='Daily Meter'!V23 -> 54119 | F23: ='Daily Meter'!W23 -> 54161.4 | G23: =F23-E23 -> 42.4 | H23: =F23-D23 -> 122.5
B24: L = m³ x 2.71 | C24: L | H24: =H23*3.7 -> 453.25 | I24: =H24*2.18 -> 988.085
D27: Summary of Daily Hotel consumption
D28: Item measured | E28: Units | F28: Consumption | G28: AED
D29: Chilled water | E29: TR | F29: =H9 -> 7222.236 | G29: =I9 -> 4550.0087
D30: DEWA Water | E30: imp. Gallon | F30: =H12 -> 72149.832 | G30: =I12 -> 4328.9899
D31: Electricity | E31: kwh | F31: =H20 -> 19296 | G31: =I20 -> 8297.28
D32: Gas | E32: m3 | F32: =H23 -> 122.5 | G32: =I24 -> 988.085
F33: Total cost | G33: =SUM(G29:G32) -> 18164.364

Sheet 19
A1: ENGINEERING DEPARTMENT | J1: daily reading
A3: UTILITY CONSUMPTION SHEET
B4: ='1'!B4 -> FEBRUARY 2023 | C4: 19
A5: SR.NO | B5: ITEM MEASURED | D5: Previous Reading | E5: 1st Reading (5am) | F5: 2nd Reading (5pm) | G5: 12hrs CONSUMPTION | H5: 24hrs CONSUMPTION | I5: Cost
A7: 1 | B7: DISTRICT COOLING PLANT
B8: Chilled Water | C8: MWH | D8: ='18'!F8 -> 36959.1 | E8: ='Daily Meter'!B24 -> 36972.7 | F8: ='Daily Meter'!C24 -> 36981.8 | G8: =F8-E8 -> 9.1 | H8: =F8-D8 -> 22.7
C9: TR | G9: =G8*284.34 -> 2587.494 | H9: =H8*284.34 -> 6454.518 | I9: =H9*0.63 -> 4066.3463
A10: III | B10: WATER METERS
B11: Main DEWA Meter | C11: m3 | D11: ='18'!F11 -> 128042 | E11: ='Daily Meter'!D24 -> 128287 | F11: ='Daily Meter'!E24 -> 128296 | G11: =F11-E11 -> 9 | H11: =F11-D11 -> 254
B12: Imperial Gallon = m³ x 219.969 | C12: IG | G12: =G11*219.969 -> 1979.721 | H12: =H11*219.969 -> 55872.126 | I12: =H12*0.06 -> 3352.3276
A13: IV | B13: ELECTRICAL METERS
A14: 1 | B14: Meter 1 - 06065253 | C14: kW x 480 | D14: ='18'!F14 -> 4356.8 | E14: ='Daily Meter'!J24 -> 4360.5 | F14: ='Daily Meter'!K24 -> 4363.4 | G14: =(F14-E14)*480 -> 1392 | H14: =(F14-D14)*480 -> 3168
A15: 2 | B15: Meter 2 - 06065255 | C15: kW x 480 | D15: ='18'!F15 -> 2614.2 | E15: ='Daily Meter'!L24 -> 2616.1 | F15: ='Daily Meter'!M24 -> 2617.8 | G15: =(F15-E15)*480 -> 816 | H15: =(F15-D15)*480 -> 1728
A16: 3 | B16: Meter 3 - 06065259 | C16: kW x 480 | D16: ='18'!F16 -> 2815 | E16: ='Daily Meter'!N24 -> 2817.8 | F16: ='Daily Meter'!O24 -> 2819.8 | G16: =(F16-E16)*480 -> 960 | H16: =(F16-D16)*480 -> 2304
A17: 4 | B17: Meter 4 - 06065262 | C17: kW x 480 | D17: ='18'!F17 -> 1417.3 | E17: ='Daily Meter'!P24 -> 1418.8 | F17: ='Daily Meter'!Q24 -> 1419.8 | G17: =(F17-E17)*480 -> 480 | H17: =(F17-D17)*480 -> 1200
A18: 5 | B18: Meter 6 - 06065269 | C18: kW x 480 | D18: ='18'!F18 -> 4088.3 | E18: ='Daily Meter'!R24 -> 4090.8 | F18: ='Daily Meter'!S24 -> 4092.7 | G18: =(F18-E18)*480 -> 912 | H18: =(F18-D18)*480 -> 2112
A19: 6 | B19: Meter 7 - 06065283 | C19: kW x 480 | D19: ='18'!F19 -> 10800.1 | E19: ='Daily Meter'!T24 -> 10807.3 | F19: ='Daily Meter'!U24 -> 10813.1 | G19: =(F19-E19)*480 -> 2784 | H19: =(F19-D19)*480 -> 6240
B20: TOTAL ELECTRICAL CONS.(kWh) | G20: =SUM(G14:G19) -> 7344 | H20: =SUM(H14:H19) -> 16752 | I20: =H20*0.43 -> 7203.36
A22: V | B22: GAS CONSUMPTION
A23: 1 | B23: MAIN LPG METER | C23: M3 | D23: ='18'!F23 -> 54161.4 | E23: ='Daily Meter'!V24 -> 54228 | F23: ='Daily Meter'!W24 -> 54284.7 | G23: =F23-E23 -> 56.7 | H23: =F23-D23 -> 123.3
B24: L = m³ x 2.71 | C24: L | H24: =H23*3.7 -> 456.21 | I24: =H24*2.18 -> 994.5378
D27: Summary of Daily Hotel consumption
D28: Item measured | E28: Units | F28: Consumption | G28: AED
D29: Chilled water | E29: TR | F29: =H9 -> 6454.518 | G29: =I9 -> 4066.3463
D30: DEWA Water | E30: imp. Gallon | F30: =H12 -> 55872.126 | G30: =I12 -> 3352.3276
D31: Electricity | E31: kwh | F31: =H20 -> 16752 | G31: =I20 -> 7203.36
D32: Gas | E32: m3 | F32: =H23 -> 123.3 | G32: =I24 -> 994.5378
F33: Total cost | G33: =SUM(G29:G32) -> 15616.572

Sheet 20
A1: ENGINEERING DEPARTMENT | J1: daily reading
A3: UTILITY CONSUMPTION SHEET
B4: ='1'!B4 -> FEBRUARY 2023 | C4: 20
A5: SR.NO | B5: ITEM MEASURED | D5: Previous Reading | E5: 1st Reading (5am) | F5: 2nd Reading (5pm) | G5: 12hrs CONSUMPTION | H5: 24hrs CONSUMPTION | I5: Cost
A7: 1 | B7: DISTRICT COOLING PLANT
B8: Chilled Water | C8: MWH | D8: ='19'!F8 -> 36981.8 | E8: ='Daily Meter'!B25 -> 36995.8 | F8: ='Daily Meter'!C25 -> 37007.1 | G8: =F8-E8 -> 11.3 | H8: =F8-D8 -> 25.3
C9: TR | G9: =G8*284.34 -> 3213.042 | H9: =H8*284.34 -> 7193.802 | I9: =H9*0.63 -> 4532.0953
A10: III | B10: WATER METERS
B11: Main DEWA Meter | C11: m3 | D11: ='19'!F11 -> 128296 | E11: ='Daily Meter'!D25 -> 128458 | F11: ='Daily Meter'!E25 -> 128550 | G11: =F11-E11 -> 92 | H11: =F11-D11 -> 254
B12: Imperial Gallon = m³ x 219.969 | C12: IG | G12: =G11*219.969 -> 20237.148 | H12: =H11*219.969 -> 55872.126 | I12: =H12*0.06 -> 3352.3276
A13: IV | B13: ELECTRICAL METERS
A14: 1 | B14: Meter 1 - 06065253 | C14: kW x 480 | D14: ='19'!F14 -> 4363.4 | E14: ='Daily Meter'!J25 -> 4367.8 | F14: ='Daily Meter'!K25 -> 4371.6 | G14: =(F14-E14)*480 -> 1824 | H14: =(F14-D14)*480 -> 3936
A15: 2 | B15: Meter 2 - 06065255 | C15: kW x 480 | D15: ='19'!F15 -> 2617.8 | E15: ='Daily Meter'!L25 -> 2620.6 | F15: ='Daily Meter'!M25 -> 2622.3 | G15: =(F15-E15)*480 -> 816 | H15: =(F15-D15)*480 -> 2160
A16: 3 | B16: Meter 3 - 06065259 | C16: kW x 480 | D16: ='19'!F16 -> 2819.8 | E16: ='Daily Meter'!N25 -> 2823.4 | F16: ='Daily Meter'!O25 -> 2825.9 | G16: =(F16-E16)*480 -> 1200 | H16: =(F16-D16)*480 -> 2928
A17: 4 | B17: Meter 4 - 06065262 | C17: kW x 480 | D17: ='19'!F17 -> 1419.8 | E17: ='Daily Meter'!P25 -> 1421.5 | F17: ='Daily Meter'!Q25 -> 1423.1 | G17: =(F17-E17)*480 -> 768 | H17: =(F17-D17)*480 -> 1584
A18: 5 | B18: Meter 6 - 06065269 | C18: kW x 480 | D18: ='19'!F18 -> 4092.7 | E18: ='Daily Meter'!R25 -> 4095.6 | F18: ='Daily Meter'!S25 -> 4098.1 | G18: =(F18-E18)*480 -> 1200 | H18: =(F18-D18)*480 -> 2592
A19: 6 | B19: Meter 7 - 06065283 | C19: kW x 480 | D19: ='19'!F19 -> 10813.1 | E19: ='Daily Meter'!T25 -> 10821.3 | F19: ='Daily Meter'!U25 -> 10828.3 | G19: =(F19-E19)*480 -> 3360 | H19: =(F19-D19)*480 -> 7296
B20: TOTAL ELECTRICAL CONS.(kWh) | G20: =SUM(G14:G19) -> 9168 | H20: =SUM(H14:H19) -> 20496 | I20: =H20*0.43 -> 8813.28
A22: V | B22: GAS CONSUMPTION
A23: 1 | B23: MAIN LPG METER | C23: M3 | D23: ='19'!F23 -> 54284.7 | E23: ='Daily Meter'!V25 -> 54339.5 | F23: ='Daily Meter'!W25 -> 54416.9 | G23: =F23-E23 -> 77.4 | H23: =F23-D23 -> 132.2
B24: L = m³ x 2.71 | C24: L | H24: =H23*3.7 -> 489.14 | I24: =H24*2.18 -> 1066.3252
D27: Summary of Daily Hotel consumption
D28: Item measured | E28: Units | F28: Consumption | G28: AED
D29: Chilled water | E29: TR | F29: =H9 -> 7193.802 | G29: =I9 -> 4532.0953
D30: DEWA Water | E30: imp. Gallon | F30: =H12 -> 55872.126 | G30: =I12 -> 3352.3276
D31: Electricity | E31: kwh | F31: =H20 -> 20496 | G31: =I20 -> 8813.28
D32: Gas | E32: m3 | F32: =H23 -> 132.2 | G32: =I24 -> 1066.3252
F33: Total cost | G33: =SUM(G29:G32) -> 17764.028

Sheet 21
A1: ENGINEERING DEPARTMENT | J1: daily reading
A3: UTILITY CONSUMPTION SHEET
B4: ='1'!B4 -> FEBRUARY 2023 | C4: 21
A5: SR.NO | B5: ITEM MEASURED | D5: Previous Reading | E5: 1st Reading (5am) | F5: 2nd Reading (5pm) | G5: 12hrs CONSUMPTION | H5: 24hrs CONSUMPTION | I5: Cost
A7: 1 | B7: DISTRICT COOLING PLANT
B8: Chilled Water | C8: MWH | D8: ='20'!F8 -> 37007.1 | E8: ='Daily Meter'!B26 -> 37015 | F8: ='Daily Meter'!C26 -> 37024.1 | G8: =F8-E8 -> 9.1 | H8: =F8-D8 -> 17
C9: TR | G9: =G8*284.34 -> 2587.494 | H9: =H8*284.34 -> 4833.78 | I9: =H9*0.63 -> 3045.2814
A10: III | B10: WATER METERS
B11: Main DEWA Meter | C11: m3 | D11: ='20'!F11 -> 128550 | E11: ='Daily Meter'!D26 -> 128750 | F11: ='Daily Meter'!E26 -> 128811 | G11: =F11-E11 -> 61 | H11: =F11-D11 -> 261
B12: Imperial Gallon = m³ x 219.969 | C12: IG | G12: =G11*219.969 -> 13418.109 | H12: =H11*219.969 -> 57411.909 | I12: =H12*0.06 -> 3444.7145
A13: IV | B13: ELECTRICAL METERS
A14: 1 | B14: Meter 1 - 06065253 | C14: kW x 480 | D14: ='20'!F14 -> 4371.6 | E14: ='Daily Meter'!J26 -> 4374.2 | F14: ='Daily Meter'!K26 -> 4377.3 | G14: =(F14-E14)*480 -> 1488 | H14: =(F14-D14)*480 -> 2736
A15: 2 | B15: Meter 2 - 06065255 | C15: kW x 480 | D15: ='20'!F15 -> 2622.3 | E15: ='Daily Meter'!L26 -> 2623.6 | F15: ='Daily Meter'!M26 -> 2625.6 | G15: =(F15-E15)*480 -> 960 | H15: =(F15-D15)*480 -> 1584
A16: 3 | B16: Meter 3 - 06065259 | C16: kW x 480 | D16: ='20'!F16 -> 2825.9 | E16: ='Daily Meter'!N26 -> 2827.9 | F16: ='Daily Meter'!O26 -> 2830 | G16: =(F16-E16)*480 -> 1008 | H16: =(F16-D16)*480 -> 1968
A17: 4 | B17: Meter 4 - 06065262 | C17: kW x 480 | D17: ='20'!F17 -> 1423.1 | E17: ='Daily Meter'!P26 -> 1424.2 | F17: ='Daily Meter'!Q26 -> 1425.2 | G17: =(F17-E17)*480 -> 480 | H17: =(F17-D17)*480 -> 1008
A18: 5 | B18: Meter 6 - 06065269 | C18: kW x 480 | D18: ='20'!F18 -> 4098.1 | E18: ='Daily Meter'!R26 -> 4099.9 | F18: ='Daily Meter'!S26 -> 4102 | G18: =(F18-E18)*480 -> 1008 | H18: =(F18-D18)*480 -> 1872
A19: 6 | B19: Meter 7 - 06065283 | C19: kW x 480 | D19: ='20'!F19 -> 10828.3 | E19: ='Daily Meter'!T26 -> 10833.3 | F19: ='Daily Meter'!U26 -> 10839.2 | G19: =(F19-E19)*480 -> 2832 | H19: =(F19-D19)*480 -> 5232
B20: TOTAL ELECTRICAL CONS.(kWh) | G20: =SUM(G14:G19) -> 7776 | H20: =SUM(H14:H19) -> 14400 | I20: =H20*0.43 -> 6192
A22: V | B22: GAS CONSUMPTION
A23: 1 | B23: MAIN LPG METER | C23: M3 | D23: ='20'!F23 -> 54416.9 | E23: ='Daily Meter'!V26 -> 54468 | F23: ='Daily Meter'!W26 -> 54529.7 | G23: =F23-E23 -> 61.7 | H23: =F23-D23 -> 112.8
B24: L = m³ x 2.71 | C24: L | H24: =H23*3.7 -> 417.36 | I24: =H24*2.18 -> 909.8448
D27: Summary of Daily Hotel consumption
D28: Item measured | E28: Units | F28: Consumption | G28: AED
D29: Chilled water | E29: TR | F29: =H9 -> 4833.78 | G29: =I9 -> 3045.2814
D30: DEWA Water | E30: imp. Gallon | F30: =H12 -> 57411.909 | G30: =I12 -> 3444.7145
D31: Electricity | E31: kwh | F31: =H20 -> 14400 | G31: =I20 -> 6192
D32: Gas | E32: m3 | F32: =H23 -> 112.8 | G32: =I24 -> 909.8448
F33: Total cost | G33: =SUM(G29:G32) -> 13591.841

Sheet 22
A1: ENGINEERING DEPARTMENT | J1: daily reading
A3: UTILITY CONSUMPTION SHEET
B4: ='1'!B4 -> FEBRUARY 2023 | C4: 22
A5: SR.NO | B5: ITEM MEASURED | D5: Previous Reading | E5: 1st Reading (5am) | F5: 2nd Reading (5pm) | G5: 12hrs CONSUMPTION | H5: 24hrs CONSUMPTION | I5: Cost
A7: 1 | B7: DISTRICT COOLING PLANT
B8: Chilled Water | C8: MWH | D8: ='21'!F8 -> 37024.1 | E8: ='Daily Meter'!B27 -> 37034.5 | F8: ='Daily Meter'!C27 -> 37045.3 | G8: =F8-E8 -> 10.8 | H8: =F8-D8 -> 21.2
C9: TR | G9: =G8*284.34 -> 3070.872 | H9: =H8*284.34 -> 6028.008 | I9: =H9*0.63 -> 3797.645
A10: III | B10: WATER METERS
B11: Main DEWA Meter | C11: m3 | D11: ='21'!F11 -> 128811 | E11: ='Daily Meter'!D27 -> 128967 | F11: ='Daily Meter'!E27 -> 129028 | G11: =F11-E11 -> 61 | H11: =F11-D11 -> 217
B12: Imperial Gallon = m³ x 219.969 | C12: IG | G12: =G11*219.969 -> 13418.109 | H12: =H11*219.969 -> 47733.273 | I12: =H12*0.06 -> 2863.9964
A13: IV | B13: ELECTRICAL METERS
A14: 1 | B14: Meter 1 - 06065253 | C14: kW x 480 | D14: ='21'!F14 -> 4377.3 | E14: ='Daily Meter'!J27 -> 4381.5 | F14: ='Daily Meter'!K27 -> 4384.4 | G14: =(F14-E14)*480 -> 1392 | H14: =(F14-D14)*480 -> 3408
A15: 2 | B15: Meter 2 - 06065255 | C15: kW x 480 | D15: ='21'!F15 -> 2625.6 | E15: ='Daily Meter'!L27 -> 2627.9 | F15: ='Daily Meter'!M27 -> 2629.9 | G15: =(F15-E15)*480 -> 960 | H15: =(F15-D15)*480 -> 2064
A16: 3 | B16: Meter 3 - 06065259 | C16: kW x 480 | D16: ='21'!F16 -> 2830 | E16: ='Daily Meter'!N27 -> 2833.1 | F16: ='Daily Meter'!O27 -> 2834.9 | G16: =(F16-E16)*480 -> 864 | H16: =(F16-D16)*480 -> 2352
A17: 4 | B17: Meter 4 - 06065262 | C17: kW x 480 | D17: ='21'!F17 -> 1425.2 | E17: ='Daily Meter'!P27 -> 1426.9 | F17: ='Daily Meter'!Q27 -> 1428.1 | G17: =(F17-E17)*480 -> 576 | H17: =(F17-D17)*480 -> 1392
A18: 5 | B18: Meter 6 - 06065269 | C18: kW x 480 | D18: ='21'!F18 -> 4102 | E18: ='Daily Meter'!R27 -> 4104.7 | F18: ='Daily Meter'!S27 -> 4106.8 | G18: =(F18-E18)*480 -> 1008 | H18: =(F18-D18)*480 -> 2304
A19: 6 | B19: Meter 7 - 06065283 | C19: kW x 480 | D19: ='21'!F19 -> 10839.2 | E19: ='Daily Meter'!T27 -> 10846.7 | F19: ='Daily Meter'!U27 -> 10851.7 | G19: =(F19-E19)*480 -> 2400 | H19: =(F19-D19)*480 -> 6000
B20: TOTAL ELECTRICAL CONS.(kWh) | G20: =SUM(G14:G19) -> 7200 | H20: =SUM(H14:H19) -> 17520 | I20: =H20*0.43 -> 7533.6
A22: V | B22: GAS CONSUMPTION
A23: 1 | B23: MAIN LPG METER | C23: M3 | D23: ='21'!F23 -> 54529.7 | E23: ='Daily Meter'!V27 -> 54595.4 | F23: ='Daily Meter'!W27 -> 54667.2 | G23: =F23-E23 -> 71.8 | H23: =F23-D23 -> 137.5
B24: L = m³ x 2.71 | C24: L | H24: =H23*3.7 -> 508.75 | I24: =H24*2.18 -> 1109.075
D27: Summary of Daily Hotel consumption
D28: Item measured | E28: Units | F28: Consumption | G28: AED
D29: Chilled water | E29: TR | F29: =H9 -> 6028.008 | G29: =I9 -> 3797.645
D30: DEWA Water | E30: imp. Gallon | F30: =H12 -> 47733.273 | G30: =I12 -> 2863.9964
D31: Electricity | E31: kwh | F31: =H20 -> 17520 | G31: =I20 -> 7533.6
D32: Gas | E32: m3 | F32: =H23 -> 137.5 | G32: =I24 -> 1109.075
F33: Total cost | G33: =SUM(G29:G32) -> 15304.316

Sheet 23
A1: ENGINEERING DEPARTMENT | J1: daily reading
A3: UTILITY CONSUMPTION SHEET
B4: ='1'!B4 -> FEBRUARY 2023 | C4: 23
A5: SR.NO | B5: ITEM MEASURED | D5: Previous Reading | E5: 1st Reading (5am) | F5: 2nd Reading (5pm) | G5: 12hrs CONSUMPTION | H5: 24hrs CONSUMPTION | I5: Cost
A7: 1 | B7: DISTRICT COOLING PLANT
B8: Chilled Water | C8: MWH | D8: ='22'!F8 -> 37045.3 | E8: ='Daily Meter'!B28 -> 37057.1 | F8: ='Daily Meter'!C28 -> 37066.8 | G8: =F8-E8 -> 9.7 | H8: =F8-D8 -> 21.5
C9: TR | G9: =G8*284.34 -> 2758.098 | H9: =H8*284.34 -> 6113.31 | I9: =H9*0.63 -> 3851.3853
A10: III | B10: WATER METERS
B11: Main DEWA Meter | C11: m3 | D11: ='22'!F11 -> 129028 | E11: ='Daily Meter'!D28 -> 129335 | F11: ='Daily Meter'!E28 -> 129398 | G11: =F11-E11 -> 63 | H11: =F11-D11 -> 370
B12: Imperial Gallon = m³ x 219.969 | C12: IG | G12: =G11*219.969 -> 13858.047 | H12: =H11*219.969 -> 81388.53 | I12: =H12*0.06 -> 4883.3118
A13: IV | B13: ELECTRICAL METERS
A14: 1 | B14: Meter 1 - 06065253 | C14: kW x 480 | D14: ='22'!F14 -> 4384.4 | E14: ='Daily Meter'!J28 -> 4388.2 | F14: ='Daily Meter'!K28 -> 4391.2 | G14: =(F14-E14)*480 -> 1440 | H14: =(F14-D14)*480 -> 3264
A15: 2 | B15: Meter 2 - 06065255 | C15: kW x 480 | D15: ='22'!F15 -> 2629.9 | E15: ='Daily Meter'!L28 -> 2632 | F15: ='Daily Meter'!M28 -> 2633.9 | G15: =(F15-E15)*480 -> 912 | H15: =(F15-D15)*480 -> 1920
A16: 3 | B16: Meter 3 - 06065259 | C16: kW x 480 | D16: ='22'!F16 -> 2834.9 | E16: ='Daily Meter'!N28 -> 2837.6 | F16: ='Daily Meter'!O28 -> 2839.7 | G16: =(F16-E16)*480 -> 1008 | H16: =(F16-D16)*480 -> 2304
A17: 4 | B17: Meter 4 - 06065262 | C17: kW x 480 | D17: ='22'!F17 -> 1428.1 | E17: ='Daily Meter'!P28 -> 1429.6 | F17: ='Daily Meter'!Q28 -> 1430.7 | G17: =(F17-E17)*480 -> 528 | H17: =(F17-D17)*480 -> 1248
A18: 5 | B18: Meter 6 - 06065269 | C18: kW x 480 | D18: ='22'!F18 -> 4106.8 | E18: ='Daily Meter'!R28 -> 4109.3 | F18: ='Daily Meter'!S28 -> 4111.4 | G18: =(F18-E18)*480 -> 1008 | H18: =(F18-D18)*480 -> 2208
A19: 6 | B19: Meter 7 - 06065283 | C19: kW x 480 | D19: ='22'!F19 -> 10851.7 | E19: ='Daily Meter'!T28 -> 10859 | F19: ='Daily Meter'!U28 -> 10865.1 | G19: =(F19-E19)*480 -> 2928 | H19: =(F19-D19)*480 -> 6432
B20: TOTAL ELECTRICAL CONS.(kWh) | G20: =SUM(G14:G19) -> 7824 | H20: =SUM(H14:H19) -> 17376 | I20: =H20*0.43 -> 7471.68
A22: V | B22: GAS CONSUMPTION
A23: 1 | B23: MAIN LPG METER | C23: M3 | D23: ='22'!F23 -> 54667.2 | E23: ='Daily Meter'!V28 -> 54738.7 | F23: ='Daily Meter'!W28 -> 54808.1 | G23: =F23-E23 -> 69.4 | H23: =F23-D23 -> 140.9
B24: L = m³ x 2.71 | C24: L | H24: =H23*3.7 -> 521.33 | I24: =H24*2.18 -> 1136.4994
D27: Summary of Daily Hotel consumption
D28: Item measured | E28: Units | F28: Consumption | G28: AED
D29: Chilled water | E29: TR | F29: =H9 -> 6113.31 | G29: =I9 -> 3851.3853
D30: DEWA Water | E30: imp. Gallon | F30: =H12 -> 81388.53 | G30: =I12 -> 4883.3118
D31: Electricity | E31: kwh | F31: =H20 -> 17376 | G31: =I20 -> 7471.68
D32: Gas | E32: m3 | F32: =H23 -> 140.9 | G32: =I24 -> 1136.4994
F33: Total cost | G33: =SUM(G29:G32) -> 17342.876

Sheet 24
A1: ENGINEERING DEPARTMENT | J1: daily reading
A3: UTILITY CONSUMPTION SHEET
B4: ='1'!B4 -> FEBRUARY 2023 | C4: 24
A5: SR.NO | B5: ITEM MEASURED | D5: Previous Reading | E5: 1st Reading (5am) | F5: 2nd Reading (5pm) | G5: 12hrs CONSUMPTION | H5: 24hrs CONSUMPTION | I5: Cost
A7: 1 | B7: DISTRICT COOLING PLANT
B8: Chilled Water | C8: MWH | D8: ='23'!F8 -> 37066.8 | E8: ='Daily Meter'!B29 -> 37080.3 | F8: ='Daily Meter'!C29 -> 37090.6 | G8: =F8-E8 -> 10.3 | H8: =F8-D8 -> 23.8
C9: TR | G9: =G8*284.34 -> 2928.702 | H9: =H8*284.34 -> 6767.292 | I9: =H9*0.63 -> 4263.394
A10: III | B10: WATER METERS
B11: Main DEWA Meter | C11: m3 | D11: ='23'!F11 -> 129398 | E11: ='Daily Meter'!D29 -> 129708 | F11: ='Daily Meter'!E29 -> 129718 | G11: =F11-E11 -> 10 | H11: =F11-D11 -> 320
B12: Imperial Gallon = m³ x 219.969 | C12: IG | G12: =G11*219.969 -> 2199.69 | H12: =H11*219.969 -> 70390.08 | I12: =H12*0.06 -> 4223.4048
A13: IV | B13: ELECTRICAL METERS
A14: 1 | B14: Meter 1 - 06065253 | C14: kW x 480 | D14: ='23'!F14 -> 4391.2 | E14: ='Daily Meter'!J29 -> 4395.5 | F14: ='Daily Meter'!K29 -> 4398.4 | G14: =(F14-E14)*480 -> 1392 | H14: =(F14-D14)*480 -> 3456
A15: 2 | B15: Meter 2 - 06065255 | C15: kW x 480 | D15: ='23'!F15 -> 2633.9 | E15: ='Daily Meter'!L29 -> 2636.2 | F15: ='Daily Meter'!M29 -> 2638 | G15: =(F15-E15)*480 -> 864 | H15: =(F15-D15)*480 -> 1968
A16: 3 | B16: Meter 3 - 06065259 | C16: kW x 480 | D16: ='23'!F16 -> 2839.7 | E16: ='Daily Meter'!N29 -> 2842.7 | F16: ='Daily Meter'!O29 -> 2844.6 | G16: =(F16-E16)*480 -> 912 | H16: =(F16-D16)*480 -> 2352
A17: 4 | B17: Meter 4 - 06065262 | C17: kW x 480 | D17: ='23'!F17 -> 1430.7 | E17: ='Daily Meter'!P29 -> 1435.5 | F17: ='Daily Meter'!Q29 -> 1433.4 | G17: =(F17-E17)*480 -> -1008 | H17: =(F17-D17)*480 -> 1296
A18: 5 | B18: Meter 6 - 06065269 | C18: kW x 480 | D18: ='23'!F18 -> 4111.4 | E18: ='Daily Meter'!R29 -> 4114.3 | F18: ='Daily Meter'!S29 -> 4116.2 | G18: =(F18-E18)*480 -> 912 | H18: =(F18-D18)*480 -> 2304
A19: 6 | B19: Meter 7 - 06065283 | C19: kW x 480 | D19: ='23'!F19 -> 10865.1 | E19: ='Daily Meter'!T29 -> 10873.1 | F19: ='Daily Meter'!U29 -> 10878.7 | G19: =(F19-E19)*480 -> 2688 | H19: =(F19-D19)*480 -> 6528
B20: TOTAL ELECTRICAL CONS.(kWh) | G20: =SUM(G14:G19) -> 5760 | H20: =SUM(H14:H19) -> 17904 | I20: =H20*0.43 -> 7698.72
A22: V | B22: GAS CONSUMPTION
A23: 1 | B23: MAIN LPG METER | C23: M3 | D23: ='23'!F23 -> 54808.1 | E23: ='Daily Meter'!V29 -> 54898.8 | F23: ='Daily Meter'!W29 -> 55000.8 | G23: =F23-E23 -> 102 | H23: =F23-D23 -> 192.7
B24: L = m³ x 2.71 | C24: L | H24: =H23*3.7 -> 712.99 | I24: =H24*2.18 -> 1554.3182
D27: Summary of Daily Hotel consumption
D28: Item measured | E28: Units | F28: Consumption | G28: AED
D29: Chilled water | E29: TR | F29: =H9 -> 6767.292 | G29: =I9 -> 4263.394
D30: DEWA Water | E30: imp. Gallon | F30: =H12 -> 70390.08 | G30: =I12 -> 4223.4048
D31: Electricity | E31: kwh | F31: =H20 -> 17904 | G31: =I20 -> 7698.72
D32: Gas | E32: m3 | F32: =H23 -> 192.7 | G32: =I24 -> 1554.3182
F33: Total cost | G33: =SUM(G29:G32) -> 17739.837

Sheet 25
A1: ENGINEERING DEPARTMENT | J1: daily reading
A3: UTILITY CONSUMPTION SHEET
B4: ='1'!B4 -> FEBRUARY 2023 | C4: 25
A5: SR.NO | B5: ITEM MEASURED | D5: Previous Reading | E5: 1st Reading (5am) | F5: 2nd Reading (5pm) | G5: 12hrs CONSUMPTION | H5: 24hrs CONSUMPTION | I5: Cost
A7: 1 | B7: DISTRICT COOLING PLANT
B8: Chilled Water | C8: MWH | D8: ='24'!F8 -> 37090.6 | E8: ='Daily Meter'!B30 -> 37106.8 | F8: ='Daily Meter'!C30 -> 37119.4 | G8: =F8-E8 -> 12.6 | H8: =F8-D8 -> 28.8
C9: TR | G9: =G8*284.34 -> 3582.684 | H9: =H8*284.34 -> 8188.992 | I9: =H9*0.63 -> 5159.065
A10: III | B10: WATER METERS
B11: Main DEWA Meter | C11: m3 | D11: ='24'!F11 -> 129718 | E11: ='Daily Meter'!D30 -> 129947 | F11: ='Daily Meter'!E30 -> 129956 | G11: =F11-E11 -> 9 | H11: =F11-D11 -> 238
B12: Imperial Gallon = m³ x 219.969 | C12: IG | G12: =G11*219.969 -> 1979.721 | H12: =H11*219.969 -> 52352.622 | I12: =H12*0.06 -> 3141.1573
A13: IV | B13: ELECTRICAL METERS
A14: 1 | B14: Meter 1 - 06065253 | C14: kW x 480 | D14: ='24'!F14 -> 4398.4 | E14: ='Daily Meter'!J30 -> 4403.1 | F14: ='Daily Meter'!K30 -> 4406.1 | G14: =(F14-E14)*480 -> 1440 | H14: =(F14-D14)*480 -> 3696
A15: 2 | B15: Meter 2 - 06065255 | C15: kW x 480 | D15: ='24'!F15 -> 2638 | E15: ='Daily Meter'!L30 -> 2640.5 | F15: ='Daily Meter'!M30 -> 2642.4 | G15: =(F15-E15)*480 -> 912 | H15: =(F15-D15)*480 -> 2112
A16: 3 | B16: Meter 3 - 06065259 | C16: kW x 480 | D16: ='24'!F16 -> 2844.6 | E16: ='Daily Meter'!N30 -> 2848 | F16: ='Daily Meter'!O30 -> 2849.8 | G16: =(F16-E16)*480 -> 864 | H16: =(F16-D16)*480 -> 2496
A17: 4 | B17: Meter 4 - 06065262 | C17: kW x 480 | D17: ='24'!F17 -> 1433.4 | E17: ='Daily Meter'!P30 -> 1435.6 | F17: ='Daily Meter'!Q30 -> 1436.7 | G17: =(F17-E17)*480 -> 528 | H17: =(F17-D17)*480 -> 1584
A18: 5 | B18: Meter 6 - 06065269 | C18: kW x 480 | D18: ='24'!F18 -> 4116.2 | E18: ='Daily Meter'!R30 -> 4119.2 | F18: ='Daily Meter'!S30 -> 4121.1 | G18: =(F18-E18)*480 -> 912 | H18: =(F18-D18)*480 -> 2352
A19: 6 | B19: Meter 7 - 06065283 | C19: kW x 480 | D19: ='24'!F19 -> 10878.7 | E19: ='Daily Meter'!T30 -> 10887.2 | F19: ='Daily Meter'!U30 -> 10892.7 | G19: =(F19-E19)*480 -> 2640 | H19: =(F19-D19)*480 -> 6720
B20: TOTAL ELECTRICAL CONS.(kWh) | G20: =SUM(G14:G19) -> 7296 | H20: =SUM(H14:H19) -> 18960 | I20: =H20*0.43 -> 8152.8
A22: V | B22: GAS CONSUMPTION
A23: 1 | B23: MAIN LPG METER | C23: M3 | D23: ='24'!F23 -> 55000.8 | E23: ='Daily Meter'!V30 -> 55057.5 | F23: ='Daily Meter'!W30 -> 55117.8 | G23: =F23-E23 -> 60.3 | H23: =F23-D23 -> 117
B24: L = m³ x 2.71 | C24: L | H24: =H23*3.7 -> 432.9 | I24: =H24*2.18 -> 943.722
D27: Summary of Daily Hotel consumption
D28: Item measured | E28: Units | F28: Consumption | G28: AED
D29: Chilled water | E29: TR | F29: =H9 -> 8188.992 | G29: =I9 -> 5159.065
D30: DEWA Water | E30: imp. Gallon | F30: =H12 -> 52352.622 | G30: =I12 -> 3141.1573
D31: Electricity | E31: kwh | F31: =H20 -> 18960 | G31: =I20 -> 8152.8
D32: Gas | E32: m3 | F32: =H23 -> 117 | G32: =I24 -> 943.722
F33: Total cost | G33: =SUM(G29:G32) -> 17396.744

Sheet 26
A1: ENGINEERING DEPARTMENT | J1: daily reading
A3: UTILITY CONSUMPTION SHEET
B4: ='1'!B4 -> FEBRUARY 2023 | C4: 26
A5: SR.NO | B5: ITEM MEASURED | D5: Previous Reading | E5: 1st Reading (5am) | F5: 2nd Reading (5pm) | G5: 12hrs CONSUMPTION | H5: 24hrs CONSUMPTION | I5: Cost
A7: 1 | B7: DISTRICT COOLING PLANT
B8: Chilled Water | C8: MWH | D8: ='25'!F8 -> 37119.4 | E8: ='Daily Meter'!B31 -> 37137 | F8: ='Daily Meter'!C31 -> 37151 | G8: =F8-E8 -> 14 | H8: =F8-D8 -> 31.6
C9: TR | G9: =G8*284.34 -> 3980.76 | H9: =H8*284.34 -> 8985.144 | I9: =H9*0.63 -> 5660.6407
A10: III | B10: WATER METERS
B11: Main DEWA Meter | C11: m3 | D11: ='25'!F11 -> 129956 | E11: ='Daily Meter'!D31 -> 130171 | F11: ='Daily Meter'!E31 -> 130178 | G11: =F11-E11 -> 7 | H11: =F11-D11 -> 222
B12: Imperial Gallon = m³ x 219.969 | C12: IG | G12: =G11*219.969 -> 1539.783 | H12: =H11*219.969 -> 48833.118 | I12: =H12*0.06 -> 2929.9871
A13: IV | B13: ELECTRICAL METERS
A14: 1 | B14: Meter 1 - 06065253 | C14: kW x 480 | D14: ='25'!F14 -> 4406.1 | E14: ='Daily Meter'!J31 -> 4410.4 | F14: ='Daily Meter'!K31 -> 4413.7 | G14: =(F14-E14)*480 -> 1584 | H14: =(F14-D14)*480 -> 3648
A15: 2 | B15: Meter 2 - 06065255 | C15: kW x 480 | D15: ='25'!F15 -> 2642.4 | E15: ='Daily Meter'!L31 -> 2644.8 | F15: ='Daily Meter'!M31 -> 2646.7 | G15: =(F15-E15)*480 -> 912 | H15: =(F15-D15)*480 -> 2064
A16: 3 | B16: Meter 3 - 06065259 | C16: kW x 480 | D16: ='25'!F16 -> 2849.8 | E16: ='Daily Meter'!N31 -> 2852.9 | F16: ='Daily Meter'!O31 -> 2854.9 | G16: =(F16-E16)*480 -> 960 | H16: =(F16-D16)*480 -> 2448
A17: 4 | B17: Meter 4 - 06065262 | C17: kW x 480 | D17: ='25'!F17 -> 1436.7 | E17: ='Daily Meter'!P31 -> 1438.8 | F17: ='Daily Meter'!Q31 -> 1439.9 | G17: =(F17-E17)*480 -> 528 | H17: =(F17-D17)*480 -> 1536
A18: 5 | B18: Meter 6 - 06065269 | C18: kW x 480 | D18: ='25'!F18 -> 4121.1 | E18: ='Daily Meter'!R31 -> 4124 | F18: ='Daily Meter'!S31 -> 4125.9 | G18: =(F18-E18)*480 -> 912 | H18: =(F18-D18)*480 -> 2304
A19: 6 | B19: Meter 7 - 06065283 | C19: kW x 480 | D19: ='25'!F19 -> 10892.7 | E19: ='Daily Meter'!T31 -> 10900.5 | F19: ='Daily Meter'!U31 -> 10906.4 | G19: =(F19-E19)*480 -> 2832 | H19: =(F19-D19)*480 -> 6576
B20: TOTAL ELECTRICAL CONS.(kWh) | G20: =SUM(G14:G19) -> 7728 | H20: =SUM(H14:H19) -> 18576 | I20: =H20*0.43 -> 7987.68
A22: V | B22: GAS CONSUMPTION
A23: 1 | B23: MAIN LPG METER | C23: M3 | D23: ='25'!F23 -> 55117.8 | E23: ='Daily Meter'!V31 -> 55207.2 | F23: ='Daily Meter'!W31 -> 55279.5 | G23: =F23-E23 -> 72.3 | H23: =F23-D23 -> 161.7
B24: L = m³ x 2.71 | C24: L | H24: =H23*3.7 -> 598.29 | I24: =H24*2.18 -> 1304.2722
D27: Summary of Daily Hotel consumption
D28: Item measured | E28: Units | F28: Consumption | G28: AED
D29: Chilled water | E29: TR | F29: =H9 -> 8985.144 | G29: =I9 -> 5660.6407
D30: DEWA Water | E30: imp. Gallon | F30: =H12 -> 48833.118 | G30: =I12 -> 2929.9871
D31: Electricity | E31: kwh | F31: =H20 -> 18576 | G31: =I20 -> 7987.68
D32: Gas | E32: m3 | F32: =H23 -> 161.7 | G32: =I24 -> 1304.2722
F33: Total cost | G33: =SUM(G29:G32) -> 17882.58

Sheet 27
A1: ENGINEERING DEPARTMENT | J1: daily reading
A3: UTILITY CONSUMPTION SHEET
B4: ='1'!B4 -> FEBRUARY 2023 | C4: 27
A5: SR.NO | B5: ITEM MEASURED | D5: Previous Reading | E5: 1st Reading (5am) | F5: 2nd Reading (5pm) | G5: 12hrs CONSUMPTION | H5: 24hrs CONSUMPTION | I5: Cost
A7: 1 | B7: DISTRICT COOLING PLANT
B8: Chilled Water | C8: MWH | D8: ='26'!F8 -> 37151 | E8: ='Daily Meter'!B32 -> 37165.6 | F8: ='Daily Meter'!C32 -> 37177.7 | G8: =F8-E8 -> 12.1 | H8: =F8-D8 -> 26.7
C9: TR | G9: =G8*284.34 -> 3440.514 | H9: =H8*284.34 -> 7591.878 | I9: =H9*0.63 -> 4782.8831
A10: III | B10: WATER METERS
B11: Main DEWA Meter | C11: m3 | D11: ='26'!F11 -> 130178 | E11: ='Daily Meter'!D32 -> 130356 | F11: ='Daily Meter'!E32 -> 130359 | G11: =F11-E11 -> 3 | H11: =F11-D11 -> 181
B12: Imperial Gallon = m³ x 219.969 | C12: IG | G12: =G11*219.969 -> 659.907 | H12: =H11*219.969 -> 39814.389 | I12: =H12*0.06 -> 2388.8633
A13: IV | B13: ELECTRICAL METERS
A14: 1 | B14: Meter 1 - 06065253 | C14: kW x 480 | D14: ='26'!F14 -> 4413.7 | E14: ='Daily Meter'!J32 -> 4416.9 | F14: ='Daily Meter'!K32 -> 4421.8 | G14: =(F14-E14)*480 -> 2352 | H14: =(F14-D14)*480 -> 3888
A15: 2 | B15: Meter 2 - 06065255 | C15: kW x 480 | D15: ='26'!F15 -> 2646.7 | E15: ='Daily Meter'!L32 -> 2648.3 | F15: ='Daily Meter'!M32 -> 2651.4 | G15: =(F15-E15)*480 -> 1488 | H15: =(F15-D15)*480 -> 2256
A16: 3 | B16: Meter 3 - 06065259 | C16: kW x 480 | D16: ='26'!F16 -> 2854.9 | E16: ='Daily Meter'!N32 -> 2857.1 | F16: ='Daily Meter'!O32 -> 2860.2 | G16: =(F16-E16)*480 -> 1488 | H16: =(F16-D16)*480 -> 2544
A17: 4 | B17: Meter 4 - 06065262 | C17: kW x 480 | D17: ='26'!F17 -> 1439.9 | E17: ='Daily Meter'!P32 -> 1441.2 | F17: ='Daily Meter'!Q32 -> 1443.1 | G17: =(F17-E17)*480 -> 912 | H17: =(F17-D17)*480 -> 1536
A18: 5 | B18: Meter 6 - 06065269 | C18: kW x 480 | D18: ='26'!F18 -> 4125.9 | E18: ='Daily Meter'!R32 -> 4128 | F18: ='Daily Meter'!S32 -> 4131.1 | G18: =(F18-E18)*480 -> 1488 | H18: =(F18-D18)*480 -> 2496
A19: 6 | B19: Meter 7 - 06065283 | C19: kW x 480 | D19: ='26'!F19 -> 10906.4 | E19: ='Daily Meter'!T32 -> 10912.2 | F19: ='Daily Meter'!U32 -> 10921.2 | G19: =(F19-E19)*480 -> 4320 | H19: =(F19-D19)*480 -> 7104
B20: TOTAL ELECTRICAL CONS.(kWh) | G20: =SUM(G14:G19) -> 12048 | H20: =SUM(H14:H19) -> 19824 | I20: =H20*0.43 -> 8524.32
A22: V | B22: GAS CONSUMPTION
A23: 1 | B23: MAIN LPG METER | C23: M3 | D23: ='26'!F23 -> 55279.5 | E23: ='Daily Meter'!V32 -> 55337.2 | F23: ='Daily Meter'!W32 -> 55398.1 | G23: =F23-E23 -> 60.9 | H23: =F23-D23 -> 118.6
B24: L = m³ x 2.71 | C24: L | H24: =H23*3.7 -> 438.82 | I24: =H24*2.18 -> 956.6276
D27: Summary of Daily Hotel consumption
D28: Item measured | E28: Units | F28: Consumption | G28: AED
D29: Chilled water | E29: TR | F29: =H9 -> 7591.878 | G29: =I9 -> 4782.8831
D30: DEWA Water | E30: imp. Gallon | F30: =H12 -> 39814.389 | G30: =I12 -> 2388.8633
D31: Electricity | E31: kwh | F31: =H20 -> 19824 | G31: =I20 -> 8524.32
D32: Gas | E32: m3 | F32: =H23 -> 118.6 | G32: =I24 -> 956.6276
F33: Total cost | G33: =SUM(G29:G32) -> 16652.694

Sheet 28
A1: ENGINEERING DEPARTMENT | J1: 1st
A3: UTILITY CONSUMPTION SHEET | J3: daily reading
B4: ='1'!B4 -> FEBRUARY 2023 | C4: 28
A5: SR.NO | B5: ITEM MEASURED | D5: Previous Reading | E5: 1st Reading (5am) | F5: 2nd Reading (5pm) | G5: 12hrs CONSUMPTION | H5: 24hrs CONSUMPTION | I5: Cost
A7: 1 | B7: DISTRICT COOLING PLANT
B8: Chilled Water | C8: MWH | D8: ='27'!F8 -> 37177.7 | E8: ='Daily Meter'!B33 -> 37192.4 | F8: ='Daily Meter'!C33 -> 37209.3 | G8: =F8-E8 -> 16.9 | H8: =F8-D8 -> 31.6
C9: TR | G9: =G8*284.34 -> 4805.346 | H9: =H8*284.34 -> 8985.144 | I9: =H9*0.63 -> 5660.6407
A10: III | B10: WATER METERS
B11: Main DEWA Meter | C11: m3 | D11: ='27'!F11 -> 130359 | E11: ='Daily Meter'!D33 -> 130538 | F11: ='Daily Meter'!E33 -> 130541 | G11: =F11-E11 -> 3 | H11: =F11-D11 -> 182
B12: Imperial Gallon = m³ x 219.969 | C12: IG | G12: =G11*219.969 -> 659.907 | H12: =H11*219.969 -> 40034.358 | I12: =H12*0.06 -> 2402.0615
A13: IV | B13: ELECTRICAL METERS
A14: 1 | B14: Meter 1 - 06065253 | C14: kW x 480 | D14: ='27'!F14 -> 4421.8 | E14: ='Daily Meter'!J33 -> 4423.6 | F14: ='Daily Meter'!K33 -> 4427.6 | G14: =(F14-E14)*480 -> 1920 | H14: =(F14-D14)*480 -> 2784
A15: 2 | B15: Meter 2 - 06065255 | C15: kW x 480 | D15: ='27'!F15 -> 2651.4 | E15: ='Daily Meter'!L33 -> 2652.4 | F15: ='Daily Meter'!M33 -> 2654.9 | G15: =(F15-E15)*480 -> 1200 | H15: =(F15-D15)*480 -> 1680
A16: 3 | B16: Meter 3 - 06065259 | C16: kW x 480 | D16: ='27'!F16 -> 2860.2 | E16: ='Daily Meter'!N33 -> 2861.7 | F16: ='Daily Meter'!O33 -> 2864.2 | G16: =(F16-E16)*480 -> 1200 | H16: =(F16-D16)*480 -> 1920
A17: 4 | B17: Meter 4 - 06065262 | C17: kW x 480 | D17: ='27'!F17 -> 1443.1 | E17: ='Daily Meter'!P33 -> 1443.9 | F17: ='Daily Meter'!Q33 -> 1445.5 | G17: =(F17-E17)*480 -> 768 | H17: =(F17-D17)*480 -> 1152
A18: 5 | B18: Meter 6 - 06065269 | C18: kW x 480 | D18: ='27'!F18 -> 4131.1 | E18: ='Daily Meter'!R33 -> 4132.3 | F18: ='Daily Meter'!S33 -> 4135 | G18: =(F18-E18)*480 -> 1296 | H18: =(F18-D18)*480 -> 1872
A19: 6 | B19: Meter 7 - 06065283 | C19: kW x 480 | D19: ='27'!F19 -> 10921.2 | E19: ='Daily Meter'!T33 -> 10924.7 | F19: ='Daily Meter'!U33 -> 10932.4 | G19: =(F19-E19)*480 -> 3696 | H19: =(F19-D19)*480 -> 5376
B20: TOTAL ELECTRICAL CONS.(kWh) | G20: =SUM(G14:G19) -> 10080 | H20: =SUM(H14:H19) -> 14784 | I20: =H20*0.43 -> 6357.12
A22: V | B22: GAS CONSUMPTION
A23: 1 | B23: MAIN LPG METER | C23: M3 | D23: ='27'!F23 -> 55398.1 | E23: ='Daily Meter'!V33 -> 55467.3 | F23: ='Daily Meter'!W33 -> 55556.6 | G23: =F23-E23 -> 89.3 | H23: =F23-D23 -> 158.5
B24: L = m³ x 2.71 | C24: L | H24: =H23*3.7 -> 586.45 | I24: =H24*2.18 -> 1278.461
D27: Summary of Daily Hotel consumption
D28: Item measured | E28: Units | F28: Consumption | G28: AED
D29: Chilled water | E29: TR | F29: =H9 -> 8985.144 | G29: =I9 -> 5660.6407
D30: DEWA Water | E30: imp. Gallon | F30: =H12 -> 40034.358 | G30: =I12 -> 2402.0615
D31: Electricity | E31: kwh | F31: =H20 -> 14784 | G31: =I20 -> 6357.12
D32: Gas | E32: m3 | F32: =H23 -> 158.5 | G32: =I24 -> 1278.461
F33: Total cost | G33: =SUM(G29:G32) -> 15698.283

Sheet 29
A1: ENGINEERING DEPARTMENT | J1: 1st
A3: UTILITY CONSUMPTION SHEET | J3: daily reading
B4: ='1'!B4 -> FEBRUARY 2023 | C4: 29
A5: SR.NO | B5: ITEM MEASURED | D5: Previous Reading | E5: 1st Reading (5am) | F5: 2nd Reading (5pm) | G5: 12hrs CONSUMPTION | H5: 24hrs CONSUMPTION | I5: Cost
A7: 1 | B7: DISTRICT COOLING PLANT
B8: Chilled Water | C8: MWH | D8: ='28'!F8 -> 37209.3 | E8: ='Daily Meter'!B34 -> 0 | F8: ='Daily Meter'!C34 -> 0 | G8: =F8-E8 -> 0 | H8: =F8-D8 -> -37209.3
C9: TR | G9: =G8*284.34 -> 0 | H9: =H8*284.34 -> -10580092 | I9: =H9*0.63 -> -6665458.2
A10: III | B10: WATER METERS
B11: Main DEWA Meter | C11: m3 | D11: ='28'!F11 -> 130541 | E11: ='Daily Meter'!D34 -> 0 | F11: ='Daily Meter'!E34 -> 0 | G11: =F11-E11 -> 0 | H11: =F11-D11 -> -130541
B12: Imperial Gallon = m³ x 219.969 | C12: IG | G12: =G11*219.969 -> 0 | H12: =H11*219.969 -> -28714973 | I12: =H12*0.06 -> -1722898.4
A13: IV | B13: ELECTRICAL METERS
A14: 1 | B14: Meter 1 - 06065253 | C14: kW x 480 | D14: ='28'!F14 -> 4427.6 | E14: ='Daily Meter'!J34 -> 0 | F14: ='Daily Meter'!K34 -> 0 | G14: =(F14-E14)*480 -> 0 | H14: =(F14-D14)*480 -> -2125248
A15: 2 | B15: Meter 2 - 06065255 | C15: kW x 480 | D15: ='28'!F15 -> 2654.9 | E15: ='Daily Meter'!L34 -> 0 | F15: ='Daily Meter'!M34 -> 0 | G15: =(F15-E15)*480 -> 0 | H15: =(F15-D15)*480 -> -1274352
A16: 3 | B16: Meter 3 - 06065259 | C16: kW x 480 | D16: ='28'!F16 -> 2864.2 | E16: ='Daily Meter'!N34 -> 0 | F16: ='Daily Meter'!O34 -> 0 | G16: =(F16-E16)*480 -> 0 | H16: =(F16-D16)*480 -> -1374816
A17: 4 | B17: Meter 4 - 06065262 | C17: kW x 480 | D17: ='28'!F17 -> 1445.5 | E17: ='Daily Meter'!P34 -> 0 | F17: ='Daily Meter'!Q34 -> 0 | G17: =(F17-E17)*480 -> 0 | H17: =(F17-D17)*480 -> -693840
A18: 5 | B18: Meter 6 - 06065269 | C18: kW x 480 | D18: ='28'!F18 -> 4135 | E18: ='Daily Meter'!R34 -> 0 | F18: ='Daily Meter'!S34 -> 0 | G18: =(F18-E18)*480 -> 0 | H18: =(F18-D18)*480 -> -1984800
A19: 6 | B19: Meter 7 - 06065283 | C19: kW x 480 | D19: ='28'!F19 -> 10932.4 | E19: ='Daily Meter'!T34 -> 0 | F19: ='Daily Meter'!U34 -> 0 | G19: =(F19-E19)*480 -> 0 | H19: =(F19-D19)*480 -> -5247552
B20: TOTAL ELECTRICAL CONS.(kWh) | G20: =SUM(G14:G19) -> 0 | H20: =SUM(H14:H19) -> -12700608 | I20: =H20*0.43 -> -5461261.4
A22: V | B22: GAS CONSUMPTION
A23: 1 | B23: MAIN LPG METER | C23: M3 | D23: ='28'!F23 -> 55556.6 | E23: ='Daily Meter'!V34 -> 0 | F23: ='Daily Meter'!W34 -> 0 | G23: =F23-E23 -> 0 | H23: =F23-D23 -> -55556.6
B24: L = m³ x 2.71 | C24: L | H24: =H23*3.7 -> -205559.42 | I24: =H24*2.18 -> -448119.54
D27: Summary of Daily Hotel consumption
D28: Item measured | E28: Units | F28: Consumption | G28: AED
D29: Chilled water | E29: TR | F29: =H9 -> -10580092 | G29: =I9 -> -6665458.2
D30: DEWA Water | E30: imp. Gallon | F30: =H12 -> -28714973 | G30: =I12 -> -1722898.4
D31: Electricity | E31: kwh | F31: =H20 -> -12700608 | G31: =I20 -> -5461261.4
D32: Gas | E32: m3 | F32: =H23 -> -55556.6 | G32: =I24 -> -448119.54
F33: Total cost | G33: =SUM(G29:G32) -> -14297738

Sheet 30
A1: ENGINEERING DEPARTMENT | J1: 1st
A3: UTILITY CONSUMPTION SHEET | J3: daily reading
B4: ='1'!B4 -> FEBRUARY 2023 | C4: 30
A5: SR.NO | B5: ITEM MEASURED | D5: Previous Reading | E5: 1st Reading (5am) | F5: 2nd Reading (5pm) | G5: 12hrs CONSUMPTION | H5: 24hrs CONSUMPTION | I5: Cost
A7: 1 | B7: DISTRICT COOLING PLANT
B8: Chilled Water | C8: MWH | D8: ='29'!F8 -> 0 | E8: ='Daily Meter'!B35 -> 0 | F8: ='Daily Meter'!C35 -> 0 | G8: =F8-E8 -> 0 | H8: =F8-D8 -> 0
C9: TR | G9: =G8*284.34 -> 0 | H9: =H8*284.34 -> 0 | I9: =H9*0.63 -> 0
A10: III | B10: WATER METERS
B11: Main DEWA Meter | C11: m3 | D11: ='29'!F11 -> 0 | E11: ='Daily Meter'!D35 -> 0 | F11: ='Daily Meter'!E35 -> 0 | G11: =F11-E11 -> 0 | H11: =F11-D11 -> 0
B12: Imperial Gallon = m³ x 219.969 | C12: IG | G12: =G11*219.969 -> 0 | H12: =H11*219.969 -> 0 | I12: =H12*0.06 -> 0
A13: IV | B13: ELECTRICAL METERS
A14: 1 | B14: Meter 1 - 06065253 | C14: kW x 480 | D14: ='29'!F14 -> 0 | E14: ='Daily Meter'!J35 -> 0 | F14: ='Daily Meter'!K35 -> 0 | G14: =(F14-E14)*480 -> 0 | H14: =(F14-D14)*480 -> 0
A15: 2 | B15: Meter 2 - 06065255 | C15: kW x 480 | D15: ='29'!F15 -> 0 | E15: ='Daily Meter'!L35 -> 0 | F15: ='Daily Meter'!M35 -> 0 | G15: =(F15-E15)*480 -> 0 | H15: =(F15-D15)*480 -> 0
A16: 3 | B16: Meter 3 - 06065259 | C16: kW x 480 | D16: ='29'!F16 -> 0 | E16: ='Daily Meter'!N35 -> 0 | F16: ='Daily Meter'!O35 -> 0 | G16: =(F16-E16)*480 -> 0 | H16: =(F16-D16)*480 -> 0
A17: 4 | B17: Meter 4 - 06065262 | C17: kW x 480 | D17: ='29'!F17 -> 0 | E17: ='Daily Meter'!P35 -> 0 | F17: ='Daily Meter'!Q35 -> 0 | G17: =(F17-E17)*480 -> 0 | H17: =(F17-D17)*480 -> 0
A18: 5 | B18: Meter 6 - 06065269 | C18: kW x 480 | D18: ='29'!F18 -> 0 | E18: ='Daily Meter'!R35 -> 0 | F18: ='Daily Meter'!S35 -> 0 | G18: =(F18-E18)*480 -> 0 | H18: =(F18-D18)*480 -> 0
A19: 6 | B19: Meter 7 - 06065283 | C19: kW x 480 | D19: ='29'!F19 -> 0 | E19: ='Daily Meter'!T35 -> 0 | F19: ='Daily Meter'!U35 -> 0 | G19: =(F19-E19)*480 -> 0 | H19: =(F19-D19)*480 -> 0
B20: TOTAL ELECTRICAL CONS.(kWh) | G20: =SUM(G14:G19) -> 0 | H20: =SUM(H14:H19) -> 0 | I20: =H20*0.43 -> 0
A22: V | B22: GAS CONSUMPTION
A23: 1 | B23: MAIN LPG METER | C23: M3 | D23: ='29'!F23 -> 0 | E23: ='Daily Meter'!V35 -> 0 | F23: ='Daily Meter'!W35 -> 0 | G23: =F23-E23 -> 0 | H23: =F23-D23 -> 0
B24: L = m³ x 2.71 | C24: L | H24: =H23*3.7 -> 0 | I24: =H24*2.18 -> 0
D27: Summary of Daily Hotel consumption
D28: Item measured | E28: Units | F28: Consumption | G28: AED
D29: Chilled water | E29: TR | F29: =H9 -> 0 | G29: =I9 -> 0
D30: DEWA Water | E30: imp. Gallon | F30: =H12 -> 0 | G30: =I12 -> 0
D31: Electricity | E31: kwh | F31: =H20 -> 0 | G31: =I20 -> 0
D32: Gas | E32: m3 | F32: =H23 -> 0 | G32: =I24 -> 0
F33: Total cost | G33: =SUM(G29:G32) -> 0

Sheet 31
A1: ENGINEERING DEPARTMENT | J1: 1st
A3: UTILITY CONSUMPTION SHEET | J3: daily reading
B4: ='1'!B4 -> FEBRUARY 2023
A5: SR.NO | B5: ITEM MEASURED | D5: Previous Reading | E5: 1st Reading (5am) | F5: 2nd Reading (5pm) | G5: 12hrs CONSUMPTION | H5: 24hrs CONSUMPTION | I5: Cost
A7: 1 | B7: DISTRICT COOLING PLANT
B8: Chilled Water | C8: MWH | D8: ='30'!F8 -> 0 | E8: ='Daily Meter'!B36 -> 0 | F8: ='Daily Meter'!C36 -> 0 | G8: =F8-E8 -> 0 | H8: =F8-D8 -> 0
C9: TR | G9: =G8*284.34 -> 0 | H9: =H8*284.34 -> 0 | I9: =H9*0.63 -> 0
A10: III | B10: WATER METERS
B11: Main DEWA Meter | C11: m3 | D11: ='30'!F11 -> 0 | E11: ='Daily Meter'!D36 -> 0 | F11: ='Daily Meter'!E36 -> 0 | G11: =F11-E11 -> 0 | H11: =F11-D11 -> 0
B12: Imperial Gallon = m³ x 219.969 | C12: IG | G12: =G11*219.969 -> 0 | H12: =H11*219.969 -> 0 | I12: =H12*0.06 -> 0
A13: IV | B13: ELECTRICAL METERS
A14: 1 | B14: Meter 1 - 06065253 | C14: kW x 480 | D14: ='30'!F14 -> 0 | E14: ='Daily Meter'!J36 -> 0 | F14: ='Daily Meter'!K36 -> 0 | G14: =(F14-E14)*480 -> 0 | H14: =(F14-D14)*480 -> 0
A15: 2 | B15: Meter 2 - 06065255 | C15: kW x 480 | D15: ='30'!F15 -> 0 | E15: ='Daily Meter'!L36 -> 0 | F15: ='Daily Meter'!M36 -> 0 | G15: =(F15-E15)*480 -> 0 | H15: =(F15-D15)*480 -> 0
A16: 3 | B16: Meter 3 - 06065259 | C16: kW x 480 | D16: ='30'!F16 -> 0 | E16: ='Daily Meter'!N36 -> 0 | F16: ='Daily Meter'!O36 -> 0 | G16: =(F16-E16)*480 -> 0 | H16: =(F16-D16)*480 -> 0
A17: 4 | B17: Meter 4 - 06065262 | C17: kW x 480 | D17: ='30'!F17 -> 0 | E17: ='Daily Meter'!P36 -> 0 | F17: ='Daily Meter'!Q36 -> 0 | G17: =(F17-E17)*480 -> 0 | H17: =(F17-D17)*480 -> 0
A18: 5 | B18: Meter 6 - 06065269 | C18: kW x 480 | D18: ='30'!F18 -> 0 | E18: ='Daily Meter'!R36 -> 0 | F18: ='Daily Meter'!S36 -> 0 | G18: =(F18-E18)*480 -> 0 | H18: =(F18-D18)*480 -> 0
A19: 6 | B19: Meter 7 - 06065283 | C19: kW x 480 | D19: ='30'!F19 -> 0 | E19: ='Daily Meter'!T36 -> 0 | F19: ='Daily Meter'!U36 -> 0 | G19: =(F19-E19)*480 -> 0 | H19: =(F19-D19)*480 -> 0
B20: TOTAL ELECTRICAL CONS.(kWh) | G20: =SUM(G14:G19) -> 0 | H20: =SUM(H14:H19) -> 0 | I20: =H20*0.43 -> 0
A22: V | B22: GAS CONSUMPTION
A23: 1 | B23: MAIN LPG METER | C23: M3 | D23: ='30'!F23 -> 0 | E23: ='Daily Meter'!V36 -> 0 | F23: ='Daily Meter'!W36 -> 0 | G23: =F23-E23 -> 0 | H23: =F23-D23 -> 0
B24: L = m³ x 2.71 | C24: L | H24: =H23*3.7 -> 0 | I24: =H24*2.18 -> 0
D27: Summary of Daily Hotel consumption
D28: Item measured | E28: Units | F28: Consumption | G28: AED
D29: Chilled water | E29: TR | F29: =H9 -> 0 | G29: =I9 -> 0
D30: DEWA Water | E30: imp. Gallon | F30: =H12 -> 0 | G30: =I12 -> 0
D31: Electricity | E31: kwh | F31: =H20 -> 0 | G31: =I20 -> 0
D32: Gas | E32: m3 | F32: =H23 -> 0 | G32: =I24 -> 0
F33: Total cost | G33: =SUM(G29:G32) -> 0

Sheet jan. 23 to feb. 21
A1: ENGINEERING DEPARTMENT | O1: 1st
A3: UTILITY CONSUMPTION SHEET | O3: daily reading
A4: Date: Jan. 23 to Feb. 21, 2023 | D4: %Occupancy: | E4: 0.8274 | F4: Rooms: | G4: 10054
A5: SR.NO | B5: ITEM MEASURED | D5: Previous Reading | E5: Current Month Reading | F5: TOTAL CONSUMPTION | G5: vs. MONTHLY TARGET
D6: Jan. 23, 2023 | E6: Feb. 21, 2023
A7: 1 | B7: DISTRICT COOLING PLANT
B8: Chilled Water | C8: MWH | D8: 36466.8 | E8: 37024.1 | F8: =E8-D8 -> 557.3
C9: RTH (MWH X 284.35) | F9: =F8*284.35 -> 158468.25
B10: Cost (Consumption Charges: 0.568 aed) | F10: =F9*0.568 -> 90009.969
B11: Cost (Fuel Charges: 0.075 aed) | F11: =F9*0.075 -> 11885.119
B12: Total Cost | F12: =F10+F11 -> 101895.09 | G12: 95386
B13: plus contracted load (aed 3,200 per mo.) | F13: =(3200*30) -> 96000 | G13: 86302
F14: =SUM(F12+F13) -> 197895.09 | G14: =SUM(G12:G13) -> 181688
A15: III | B15: WATER METERS
B16: Main DEWA Meter | C16: m3 | D16: 120707 | E16: 128811 | F16: =E16-D16 -> 8104
C17: Imperial Gallon (M: m3 x 219.969) | F17: =F16*219.969 -> 1782628.8
B18: Cost (first 10,000: .0350 aed) | F18: 350
B19: Cost (second 10,000: .040 aed) | F19: 400
B20: Cost (above 20,000: .046 aed) | F20: =SUM(F17-20000)*0.046 -> 81080.924
B21: Cost (Fuel Charges: 0.006 aed) | F21: =F17*0.006 -> 10695.773
B22: Cost (Sewerage Fee: 0.005 aed) | F22: =F17*0.005 -> 8913.1439
B23: Total Cost | F23: =SUM(F18:F22) -> 101439.84 | G23: 63925
A24: IV | B24: ELECTRICAL METERS
A25: 1 | B25: Meter 1 - 06065253 | C25: kW x 480 | D25: 4180.2 | E25: 4377.3 | F25: =(E25-D25)*480 -> 94608
A26: 2 | B26: Meter 2 - 06065255 | C26: kW x 480 | D26: 2511.4 | E26: 2625.6 | F26: =(E26-D26)*480 -> 54816
A27: 3 | B27: Meter 3 - 06065259 | C27: kW x 480 | D27: 2686.5 | E27: 2830 | F27: =(E27-D27)*480 -> 68880
A28: 4 | B28: Meter 4 - 06065262 | C28: kW x 480 | D28: 1344.3 | E28: 1425.2 | F28: =(E28-D28)*480 -> 38832
A29: 5 | B29: Meter 6 - 06065269 | C29: kW x 480 | D29: 3964.7 | E29: 4102 | F29: =(E29-D29)*480 -> 65904
A30: 6 | B30: Meter 7 - 06065283 | C30: kW x 480 | D30: 10490.2 | E30: 10839.2 | F30: =(E30-D30)*480 -> 167520
B31: TOTAL ELECTRICAL CONS. (kWh) | F31: =SUM(F25:F30) -> 490560
B32: Cost (first 2,000: 0.23 aed) | F32: 460
B33: Cost (second 2,000: 0.28 aed) | F33: 560
B34: Cost (third 2,000: 0.32 aed) | F34: 640
B35: Cost (above 6,000: 0.38 aed) | F35: =SUM(F31-6000)*0.38 -> 184132.8
B36: Cost (Fuel Charges: 0.065 aed) | F36: =F31*0.065 -> 31886.4
B37: Total Cost | F37: =SUM(F32:F36) -> 217679.2 | G37: 212926
A38: V | B38: GAS CONSUMPTION
A39: 1 | B39: MAIN LPG METER
C40: m³ | D40: 50664.1 | E40: 54529.7 | F40: =E40-D40 -> 3865.6
C41: Liters (m³ X 3.70) | F41: =F40*3.7 -> 14302.72
B42: Cost (Consumption Charges: 2.18 aed) | F42: =F41*2.18 -> 31179.93
B44: Summary of Daily Hotel consumption
B45: Item measured | C45: Units | D45: Consumption | E45: AED (w/o VAT)
B46: Chilled water | C46: TR | D46: =F9 -> 158468.25 | E46: =F12 -> 101895.09
B47: DEWA Water | C47: Imperial Gallon | D47: =F17 -> 1782628.8 | E47: =F23 -> 101439.84
B48: Electricity | C48: kWh | D48: =F31 -> 490560 | E48: =F37 -> 217679.2
B49: Gas | C49: m³ | D49: =F40 -> 3865.6 | E49: =F42 -> 31179.93
D50: Total Cost: | E50: =SUM(E46:E49) -> 452194.06

Sheet feb. 1 to 28
A1: ENGINEERING DEPARTMENT
A3: UTILITY CONSUMPTION SHEET
A4: Date: FEB. 1 - 28, 2023 | C4: Total Occ. Rooms: | D4: 10054 | E4: %Occupancy: | F4: 0.8274
A5: SR.NO | B5: ITEM MEASURED | D5: Previous Reading | E5: Current Month Reading | F5: TOTAL CONSUMPTION | G5: vs. MONTHLY TARGET
D6: Jan. 31 | E6: Feb. 28
A7: 1 | B7: DISTRICT COOLING PLANT | N7: 1st
B8: Chilled Water | C8: MWH | D8: 36588.1 | E8: 37209.3 | F8: =E8-D8 -> 621.2
C9: RTH (MWH X 284.35) | F9: =F8*284.35 -> 176638.22
B10: Cost (Consumption Charges: 0.568 aed) | F10: =F9*0.568 -> 100330.51
B11: Cost (Fuel Charges: 0.075 aed) | F11: =F9*0.075 -> 13247.867
B12: Total Cost | F12: =F10+F11 -> 113578.38 | G12: 95386
B13: plus contracted load (aed 3,200 per mo.) | F13: =(3200*28) -> 89600 | G13: 86302
F14: =(F12+F13) -> 203178.38 | G14: =SUM(G12:G13) -> 181688
A15: III | B15: WATER METERS
B16: Main DEWA Meter | C16: m3 | D16: 122881 | E16: 130541 | F16: =E16-D16 -> 7660
C17: Imperial Gallon (M: m3 X 219.969) | F17: =F16*219.969 -> 1684962.5
B18: Cost (first 10,000: .0350 aed) | F18: 350
B19: Cost (second 10,000: .040 aed) | F19: 400
B20: Cost (above 20,000: .046 aed) | F20: =SUM(F17-20000)*0.046 -> 76588.277
B21: Cost (Fuel Charges: 0.006 aed) | F21: =F17*0.006 -> 10109.775
B22: Cost (Sewerage Fee: 0.005 aed) | F22: =F17*0.005 -> 8424.8127
B23: Total Cost | F23: =SUM(F18:F22) -> 95872.865 | G23: 63925
A24: IV | B24: ELECTRICAL METERS | K24: 1 | L24: 2 | M24: 3 | N24: 4 | O24: 6 | P24: 7
A25: 1 | B25: Meter 1 - 06065253 | C25: kW x 480 | D25: 4235.1 | E25: 4427.6 | F25: =(E25-D25)*480 -> 92400 | H25: =(F25*0.065) -> 6006 | K25: =H25 -> 6006 | L25: =H26 -> 3460.08 | M25: =H27 -> 4268.16 | N25: =H28 -> 2455.44 | O25: =H29 -> 4109.04 | P25: =H30 -> 10739.04
A26: 2 | B26: Meter 2 - 06065255 | C26: kW x 480 | D26: 2544 | E26: 2654.9 | F26: =(E26-D26)*480 -> 53232 | H26: =(F26*0.065) -> 3460.08 | K26: 1660 | L26: 1660 | M26: 1660 | N26: 1660 | O26: 1660 | P26: 1660
A27: 3 | B27: Meter 3 - 06065259 | C27: kW x 480 | D27: 2727.4 | E27: 2864.2 | F27: =(E27-D27)*480 -> 65664 | H27: =(F27*0.065) -> 4268.16 | K27: =SUM(F25-6000)*0.38 -> 32832 | L27: =SUM(F26-6000)*0.38 -> 17948.16 | M27: =SUM(F27-6000)*0.38 -> 22672.32 | N27: =SUM(F28-6000)*0.38 -> 12074.88 | O27: =SUM(F29-6000)*0.38 -> 21742.08 | P27: =SUM(F30-6000)*0.38 -> 60502.08
A28: 4 | B28: Meter 4 - 06065262 | C28: kW x 480 | D28: 1366.8 | E28: 1445.5 | F28: =(E28-D28)*480 -> 37776 | H28: =(F28*0.065) -> 2455.44 | K28: =SUM(K25:K27) -> 40498 | L28: =SUM(L25:L27) -> 23068.24 | M28: =SUM(M25:M27) -> 28600.48 | N28: =SUM(N25:N27) -> 16190.32 | O28: =SUM(O25:O27) -> 27511.12 | P28: =SUM(P25:P27) -> 72901.12
A29: 5 | B29: Meter 6 - 06065269 | C29: kW x 480 | D29: 4003.3 | E29: 4135 | F29: =(E29-D29)*480 -> 63216 | H29: =(F29*0.065) -> 4109.04
A30: 6 | B30: Meter 7 - 06065283 | C30: kW x 480 | D30: 10588.2 | E30: 10932.4 | F30: =(E30-D30)*480 -> 165216 | H30: =(F30*0.065) -> 10739.04
B31: TOTAL ELECTRICAL CONS. (kWh) | F31: =SUM(F25:F30) -> 477504
B32: Cost (first 2,000: 0.23 aed) | F32: 460
B33: Cost (second 2,000: 0.28 aed) | F33: 560
B34: Cost (third 2,000: 0.32 aed) | F34: 640
B35: Cost (above 6,000: 0.38 aed) | F35: =SUM(F31-6000)*0.38 -> 179171.52
B36: Cost (Fuel Charges: 0.065 aed) | F36: =F31*0.065 -> 31037.76
B37: Total Cost | F37: =SUM(F32:F36) -> 211869.28 | G37: 212926
A38: V | B38: GAS CONSUMPTION
A39: 1 | B39: MAIN LPG METER
C40: m³ | D40: 51820.1 | E40: 55556.6 | F40: =E40-D40 -> 3736.5
C41: Liters (m³ X 3.70) | F41: =F40*3.7 -> 13825.05
B42: Cost (Consumption Charges: 2.18 aed) | F42: =F41*2.18 -> 30138.609
B44: Summary of Daily Hotel consumption
B45: Item measured | C45: Units | D45: Consumption | E45: AED (w/o VAT)
B46: Chilled water | C46: TR | D46: =F9 -> 176638.22 | E46: =F12 -> 113578.38
B47: DEWA Water | C47: Imperial Gallon | D47: =F17 -> 1684962.5 | E47: =F23 -> 95872.865
B48: Electricity | C48: kWh | D48: =F31 -> 477504 | E48: =F37 -> 211869.28
B49: Gas | C49: m³ | D49: =F40 -> 3736.5 | E49: =F42 -> 30138.609
D50: Total Cost: | E50: =SUM(E46:E49) -> 451459.13

Sheet board 1 - 31
A1: 1st
A2: FEBRUARY 2023 | B2: 1 | C2: 2 | D2: 3 | E2: 4 | F2: 5 | G2: 6 | H2: 7 | I2: 8 | J2: 9 | K2: 10 | L2: 11 | M2: 12 | N2: 13 | O2: 14 | P2: 15 | Q2: 16 | R2: 17 | S2: 18 | T2: 19 | U2: 20 | V2: 21 | W2: 22 | X2: 23 | Y2: 24 | Z2: 25 | AA2: 26 | AB2: 27 | AC2: 28
A3: % OCCUPANCY | B3: 0.9724 | C3: 0.7926 | D3: 0.6613 | E3: 0.6775 | F3: 0.7074 | G3: 0.8825 | H3: 0.9654 | I3: 0.977 | J3: 0.8456 | K3: 0.8111 | L3: 0.6935 | M3: 0.7189 | N3: 0.7304 | O3: 0.7488 | P3: 0.7442 | Q3: 0.7742 | R3: 0.7903 | S3: 0.6359 | T3: 0.8088 | U3: 0.9608 | V3: 1 | W3: 1 | X3: 0.9908 | Y3: 0.9339 | Z3: 0.9286 | AA3: 0.6797 | AB3: 0.8041 | AC3: 0.9401
A5: ELECTRICITY | B5: kWh | C5: kWh | D5: kWh | E5: kWh | F5: kWh | G5: kWh | H5: kWh | I5: kWh | J5: kWh | K5: kWh | L5: kWh | M5: kWh | N5: kWh | O5: kWh | P5: kWh | Q5: kWh | R5: kWh | S5: kWh | T5: kWh | U5: kWh | V5: kWh | W5: kWh | X5: kWh | Y5: kWh | Z5: kWh | AA5: kWh | AB5: kWh | AC5: kWh | AD5: kWh | AE5: kWh | AF5: kWh
A6: METER 1: 6065253 | B6: 3312 | C6: 2448 | D6: 3888 | E6: 2640 | F6: 3360 | G6: 4080 | H6: 2304 | I6: 3216 | J6: 3072 | K6: 3504 | L6: 3552 | M6: 3072 | N6: 3936 | O6: 2352 | P6: 4128 | Q6: 3024 | R6: 3312 | S6: 3216 | T6: 3168 | U6: 3936 | V6: 2736 | W6: 3408 | X6: 3264 | Y6: 3456 | Z6: 3696 | AA6: 3648 | AB6: 3888 | AC6: 2784
A7: METER 2: 6065255 | B7: 1968 | C7: 1488 | D7: 2160 | E7: 1488 | F7: 1776 | G7: 2640 | H7: 1344 | I7: 1920 | J7: 1872 | K7: 1968 | L7: 2064 | M7: 1776 | N7: 2208 | O7: 1344 | P7: 2304 | Q7: 1728 | R7: 1824 | S7: 1824 | T7: 1728 | U7: 2160 | V7: 1584 | W7: 2064 | X7: 1920 | Y7: 1968 | Z7: 2112 | AA7: 2064 | AB7: 2256 | AC7: 1680
A8: METER 3: 6065259 | B8: 2352 | C8: 1776 | D8: 2592 | E8: 1920 | F8: 2496 | G8: 2976 | H8: 1680 | I8: 2304 | J8: 2304 | K8: 2784 | L8: 2640 | M8: 2256 | N8: 2736 | O8: 1776 | P8: 2736 | Q8: 2160 | R8: 2160 | S8: 4560 | T8: 2304 | U8: 2928 | V8: 1968 | W8: 2352 | X8: 2304 | Y8: 2352 | Z8: 2496 | AA8: 2448 | AB8: 2544 | AC8: 1920
A9: METER 4: 6065262 | B9: 1344 | C9: 960 | D9: 1632 | E9: 1200 | F9: 1488 | G9: 1728 | H9: 960 | I9: 1296 | J9: 1248 | K9: 1344 | L9: 1536 | M9: 1296 | N9: 1632 | O9: 1008 | P9: 1680 | Q9: 1248 | R9: 1248 | S9: 1392 | T9: 1200 | U9: 1584 | V9: 1008 | W9: 1392 | X9: 1248 | Y9: 1296 | Z9: 1584 | AA9: 1536 | AB9: 1536 | AC9: 1152
A10: METER 6: 6065269 | B10: 2352 | C10: 1824 | D10: 2544 | E10: 1824 | F10: 2352 | G10: 2880 | H10: 1680 | I10: 2304 | J10: 2208 | K10: 2400 | L10: 2496 | M10: 2256 | N10: 2736 | O10: 1776 | P10: 2688 | Q10: 2112 | R10: 2160 | S10: 2208 | T10: 2112 | U10: 2592 | V10: 1872 | W10: 2304 | X10: 2208 | Y10: 2304 | Z10: 2352 | AA10: 2304 | AB10: 2496 | AC10: 1872
A11: METER 7: 6065283 | B11: 4944 | C11: 4272 | D11: 6048 | E11: 4560 | F11: 5616 | G11: 6912 | H11: 4128 | I11: 5712 | J11: 5520 | K11: 5760 | L11: 5808 | M11: 5424 | N11: 6864 | O11: 7452 | P11: 7488 | Q11: 5856 | R11: 5952 | S11: 6096 | T11: 6240 | U11: 7296 | V11: 5233 | W11: 6000 | X11: 6432 | Y11: 6528 | Z11: 6720 | AA11: 6576 | AB11: 7104 | AC11: 5376
A12: total electricty: | B12: =SUM(B6:B11) -> 16272 | C12: =SUM(C6:C11) -> 12768 | D12: =SUM(D6:D11) -> 18864 | E12: =SUM(E6:E11) -> 13632 | F12: =SUM(F6:F11) -> 17088 | G12: =SUM(G6:G11) -> 21216 | H12: =SUM(H6:H11) -> 12096 | I12: =SUM(I6:I11) -> 16752 | ... AF12: =SUM(AF6:AF11) -> 0
A13: WATER | B13: IG | C13: IG | D13: IG | E13: IG | F13: IG | G13: IG | H13: IG | I13: IG | J13: IG | K13: IG | L13: IG | M13: IG | N13: IG | O13: IG | P13: IG | Q13: IG | R13: IG | S13: IG | T13: IG | U13: IG | V13: IG | W13: IG | X13: IG | Y13: IG | Z13: IG | AA13: IG | AB13: IG | AC13: IG | AD13: IG | AE13: IG | AF13: IG
A14: METER: 18E0300032 | B14: 49053.09 | C14: 67750.45 | D14: 65770.73 | E14: 71709.89 | F14: 45313.61 | G14: 65770.73 | H14: 56312.06 | I14: 50152.93 | J14: 78968.87 | K14: 78748.9 | L14: 46193.49 | M14: 69510.82 | N14: 51032.81 | O14: 68630.33 | P14: 49273.06 | Q14: 79188.84 | R14: 69730.17 | S14: 72149.83 | T14: 55872.13 | U14: 55872.13 | V14: 57411.91 | W14: 47733.27 | X14: 81388.53 | Y14: 70390.08 | Z14: 52352.62 | AA14: 48833.12 | AB14: 39814.39 | AC14: 40034.36
A16: EMPOWER | B16: RTH | C16: RTH | D16: RTH | E16: RTH | F16: RTH | G16: RTH | H16: RTH | I16: RTH | J16: RTH | K16: RTH | L16: RTH | M16: RTH | N16: RTH | O16: RTH | P16: RTH | Q16: RTH | R16: RTH | S16: RTH | T16: RTH | U16: RTH | V16: RTH | W16: RTH | X16: RTH | Y16: RTH | Z16: RTH | AA16: RTH | AB16: RTH | AC16: RTH | AD16: RTH | AE16: RTH | AF16: RTH
A17: BTU METER: P103FF043BC | B17: 3582.68 | C17: 5146.55 | D17: 6710.42 | E17: 4691.61 | F17: 5174.99 | G17: 6994.76 | H17: 4321.97 | I17: 6539.82 | J17: 5914.27 | K17: 5459.33 | L17: 5459.33 | M17: 5032.82 | N17: 6767.29 | O17: 6568.25 | P17: 7250.67 | Q17: 6511.39 | R17: 6141.74 | S17: 7222.24 | T17: 6454.52 | U17: 7193.8 | V17: 4833.78 | W17: 6028.01 | X17: 6113.31 | Y17: 6767.29 | Z17: 8188.99 | AA17: 8985.14 | AB17: 7591.88 | AC17: 8985.14
A19: LPG | B19: LITRES | C19: LITRES | D19: LITRES | E19: LITRES | F19: LITRES | G19: LITRES | H19: LITRES | I19: LITRES | J19: LITRES | K19: LITRES | L19: LITRES | M19: LITRES | N19: LITRES | O19: LITRES | P19: LITRES | Q19: LITRES | R19: LITRES | S19: LITRES | T19: LITRES | U19: LITRES | V19: LITRES | W19: LITRES | X19: LITRES | Y19: LITRES | Z19: LITRES | AA19: LITRES | AB19: LITRES | AC19: LITRES | AD19: LITRES | AE19: LITRES | AF19: LITRES
A20: METER: 77192321/2019 | B20: 315.17 | C20: 380.21 | D20: 373.98 | E20: 335.77 | F20: 365.58 | G20: 439.83 | H20: 272.9 | I20: 371.81 | J20: 367.48 | K20: 392.41 | L20: 390.51 | M20: 326.01 | N20: 354.2 | O20: 343.9 | P20: 355.55 | Q20: 322.76 | R20: 304.88 | S20: 331.98 | T20: 334.14 | U20: 358.26 | V20: 305.69 | W20: 372.63 | X20: 381.84 | Y20: 522.22 | Z20: 317.07 | AA20: 438.21 | AB20: 321.41 | AC20: 429.54

Sheet DAILY PRINTING
A1: 0.9401
A2: 8985.14
A3: 14784
A4: 40034.36
A5: 429.54
A13: % OCCUPANCY | B13: % OCCUPANCY | C13: % OCCUPANCY | D13: % OCCUPANCY | E13: % OCCUPANCY | F13: % OCCUPANCY
A14: ELECTRICITY (kWh) | B14: ELECTRICITY (kWh) | C14: ELECTRICITY (kWh) | D14: ELECTRICITY (kWh) | E14: ELECTRICITY (kWh) | F14: ELECTRICITY (kWh)
A15: WATER (IG) | B15: WATER (IG) | C15: WATER (IG) | D15: WATER (IG) | E15: WATER (IG) | F15: WATER (IG)
A16: EMPOWER / COOLING (RTH) | B16: EMPOWER / COOLING (RTH) | C16: EMPOWER / COOLING (RTH) | D16: EMPOWER / COOLING (RTH) | E16: EMPOWER / COOLING (RTH) | F16: EMPOWER / COOLING (RTH)
A17: LPG (LITRES) | B17: LPG (LITRES) | C17: LPG (LITRES) | D17: LPG (LITRES) | E17: LPG (LITRES) | F17: LPG (LITRES)
A19: LAST MONTH'S TOTAL: | C19: LAST MONTH'S TOTAL:

Sheet DAILY PRINTING (2)
E1: LAST MONTH'S TOTAL:
E2: %OCCUPANCY: | F2: 82.74
E3: WATER (IG): | F3: 1684962.5
E4: ELECTRICITY (kWh): | F4: 477504
E5: COOLING (RTH): | F5: 176638.22
E6: LPG (LITRES:) | F6: 14075.02
A10: JANUARY | B10: JUNE | C10: JANUARY | D10: JUNE
A11: FEBRUARY | B11: JULY | C11: FEBRUARY | D11: JULY
A12: MARCH | B12: AUGUST | C12: MARCH | D12: AUGUST
A13: APRIL | B13: SEPTEMBER | C13: APRIL | D13: SEPTEMBER
A14: MAY | B14: OCTOBER | C14: MAY | D14: OCTOBER
A15: NOVEMBER | B15: DECEMBER | C15: NOVEMBER | D15: DECEMBER
