Workbook

Sheet Total
A1: Site Name | B1: Day | C1: Month | D1: Year | E1: Total Electricity Kwh | F1: Electricity Tariff ($/Kwh) | G1: LPG (Liters) | H1: LPG $/Liters | I1: Water Utility Supply (IG) IG | J1: Water Utility Supply (IG) $/IG | K1: District Energy Cooling RTH | L1: District Energy Cooling $/RTH | M1: Room Nights | N1: Total Guests
A2: 25hours Dubai One Central | B2: 1 | C2: 2 | D2: 2024 | E2: =Submetering!E2+Submetering!F2+Submetering!G2+Submetering!H2+Submetering!I2+Submetering!J2 -> 16704 | F2: 0.44 | G2: =Submetering!M2 -> 15863.38 | H2: 2.5 | I2: =Submetering!L2 -> 100305.86 | J2: 0.06 | K2: =Submetering!K2 -> 12909.036 | L2: =0.568+0.075 -> 0.643 | M2: =INT('Daily Meter'!O6*434/100) -> 330
A3: 25hours Dubai One Central | B3: =B2+1 -> 2 | C3: 2 | D3: 2024 | E3: =Submetering!E3+Submetering!F3+Submetering!G3+Submetering!H3+Submetering!I3+Submetering!J3 -> 16896 | F3: 0.44 | G3: =Submetering!M3 -> 519.11 | H3: 2.5 | I3: =Submetering!L3 -> 36954.792 | J3: 0.06 | K3: =Submetering!K3 -> 6852.594 | L3: =0.568+0.075 -> 0.643 | M3: =INT('Daily Meter'!O7*434/100) -> 236
A4: 25hours Dubai One Central | B4: =B3+1 -> 3 | C4: 2 | D4: 2024 | E4: =Submetering!E4+Submetering!F4+Submetering!G4+Submetering!H4+Submetering!I4+Submetering!J4 -> 17136 | F4: 0.44 | G4: =Submetering!M4 -> 493.58 | H4: 2.5 | I4: =Submetering!L4 -> 38714.544 | J4: 0.06 | K4: =Submetering!K4 -> 5999.574 | L4: =0.568+0.075 -> 0.643 | M4: =INT('Daily Meter'!O8*434/100) -> 209
A5: 25hours Dubai One Central | B5: =B4+1 -> 4 | C5: 2 | D5: 2024 | E5: =Submetering!E5+Submetering!F5+Submetering!G5+Submetering!H5+Submetering!I5+Submetering!J5 -> 17040 | F5: 0.44 | G5: =Submetering!M5 -> 491.36 | H5: 2.5 | I5: =Submetering!L5 -> 38054.637 | J5: 0.06 | K5: =Submetering!K5 -> 5146.554 | L5: =0.568+0.075 -> 0.643 | M5: =INT('Daily Meter'!O9*434/100) -> 306
A6: 25hours Dubai One Central | B6: =B5+1 -> 5 | C6: 2 | D6: 2024 | E6: =Submetering!E6+Submetering!F6+Submetering!G6+Submetering!H6+Submetering!I6+Submetering!J6 -> 16992 | F6: 0.44 | G6: =Submetering!M6 -> 468.42 | H6: 2.5 | I6: =Submetering!L6 -> 36514.854 | J6: 0.06 | K6: =Submetering!K6 -> 4919.082 | L6: =0.568+0.075 -> 0.643 | M6: =INT('Daily Meter'!O10*434/100) -> 0
A7: 25hours Dubai One Central | B7: =B6+1 -> 6 | C7: 2 | D7: 2024 | E7: =Submetering!E7+Submetering!F7+Submetering!G7+Submetering!H7+Submetering!I7+Submetering!J7 -> #VALUE! | F7: 0.44 | G7: =Submetering!M7 -> #VALUE! | H7: 2.5 | I7: =Submetering!L7 -> #VALUE! | J7: 0.06 | K7: =Submetering!K7 -> #VALUE! | L7: =0.568+0.075 -> 0.643 | M7: =INT('Daily Meter'!O11*434/100) -> #VALUE!
A8: 25hours Dubai One Central | B8: =B7+1 -> 7 | C8: 2 | D8: 2024 | E8: =Submetering!E8+Submetering!F8+Submetering!G8+Submetering!H8+Submetering!I8+Submetering!J8 -> #VALUE! | F8: 0.44 | G8: =Submetering!M8 -> #VALUE! | H8: 2.5 | I8: =Submetering!L8 -> #VALUE! | J8: 0.06 | K8: =Submetering!K8 -> #VALUE! | L8: =0.568+0.075 -> 0.643 | M8: =INT('Daily Meter'!O12*434/100) -> #VALUE!
A9: 25hours Dubai One Central | B9: =B8+1 -> 8 | C9: 2 | D9: 2024 | E9: =Submetering!E9+Submetering!F9+Submetering!G9+Submetering!H9+Submetering!I9+Submetering!J9 -> #VALUE! | F9: 0.44 | G9: =Submetering!M9 -> #VALUE! | H9: 2.5 | I9: =Submetering!L9 -> #VALUE! | J9: 0.06 | K9: =Submetering!K9 -> #VALUE! | L9: =0.568+0.075 -> 0.643 | M9: =INT('Daily Meter'!O13*434/100) -> #VALUE!
A10: 25hours Dubai One Central | B10: =B9+1 -> 9 | C10: 2 | D10: 2024 | E10: =Submetering!E10+Submetering!F10+Submetering!G10+Submetering!H10+Submetering!I10+Submetering!J10 -> #VALUE! | F10: 0.44 | G10: =Submetering!M10 -> #VALUE! | H10: 2.5 | I10: =Submetering!L10 -> #VALUE! | J10: 0.06 | K10: =Submetering!K10 -> #VALUE! | L10: =0.568+0.075 -> 0.643 | M10: =INT('Daily Meter'!O14*434/100) -> #VALUE!
A11: 25hours Dubai One Central | B11: =B10+1 -> 10 | C11: 2 | D11: 2024 | E11: =Submetering!E11+Submetering!F11+Submetering!G11+Submetering!H11+Submetering!I11+Submetering!J11 -> #VALUE! | F11: 0.44 | G11: =Submetering!M11 -> #VALUE! | H11: 2.5 | I11: =Submetering!L11 -> #VALUE! | J11: 0.06 | K11: =Submetering!K11 -> #VALUE! | L11: =0.568+0.075 -> 0.643 | M11: =INT('Daily Meter'!O15*434/100) -> #VALUE!
A12: 25hours Dubai One Central | B12: =B11+1 -> 11 | C12: 2 | D12: 2024 | E12: =Submetering!E12+Submetering!F12+Submetering!G12+Submetering!H12+Submetering!I12+Submetering!J12 -> #VALUE! | F12: 0.44 | G12: =Submetering!M12 -> #VALUE! | H12: 2.5 | I12: =Submetering!L12 -> #VALUE! | J12: 0.06 | K12: =Submetering!K12 -> #VALUE! | L12: =0.568+0.075 -> 0.643 | M12: =INT('Daily Meter'!O16*434/100) -> #VALUE!
A13: 25hours Dubai One Central | B13: =B12+1 -> 12 | C13: 2 | D13: 2024 | E13: =Submetering!E13+Submetering!F13+Submetering!G13+Submetering!H13+Submetering!I13+Submetering!J13 -> #VALUE! | F13: 0.44 | G13: =Submetering!M13 -> #VALUE! | H13: 2.5 | I13: =Submetering!L13 -> #VALUE! | J13: 0.06 | K13: =Submetering!K13 -> #VALUE! | L13: =0.568+0.075 -> 0.643 | M13: =INT('Daily Meter'!O17*434/100) -> #VALUE!
A14: 25hours Dubai One Central | B14: =B13+1 -> 13 | C14: 2 | D14: 2024 | E14: =Submetering!E14+Submetering!F14+Submetering!G14+Submetering!H14+Submetering!I14+Submetering!J14 -> #VALUE! | F14: 0.44 | G14: =Submetering!M14 -> #VALUE! | H14: 2.5 | I14: =Submetering!L14 -> #VALUE! | J14: 0.06 | K14: =Submetering!K14 -> #VALUE! | L14: =0.568+0.075 -> 0.643 | M14: =INT('Daily Meter'!O18*434/100) -> #VALUE!
... A30: 25hours Dubai One Central | B30: =B29+1 -> 29 | C30: 2 | D30: 2024 | E30: =Submetering!E30+Submetering!F30+Submetering!G30+Submetering!H30+Submetering!I30+Submetering!J30 -> #VALUE! | F30: 0.44 | G30: =Submetering!M30 -> #VALUE! | H30: 2.5 | I30: =Submetering!L30 -> #VALUE! | J30: 0.06 | K30: =Submetering!K30 -> #VALUE! | L30: =0.568+0.075 -> 0.643 | M30: =INT('Daily Meter'!O34*434/100) -> #VALUE!

Sheet Submetering
A1: Site Name | B1: Day | C1: Month | D1: Year | E1: Meter 1 - 06065253 | F1: Meter 2 - 06065255 | G1: Meter 3 - 06065259 | H1: Meter 4 - 06065262 | I1: Meter 6 - 06065269 | J1: Meter 7 - 06065283 | K1: District Cooling | L1: Water | M1: Gas | N1: Room Nights | O1: Total Guests
A2: 25hours Dubai One Central | B2: 1 | C2: 2 | D2: 2024 | E2: =IF(('Daily Meter'!H6-'1'!D13)<0,"0",'Daily Meter'!H6-'1'!D13)*480 -> 3360 | F2: =IF(('Daily Meter'!I6-'1'!D14)<0,"0",'Daily Meter'!I6-'1'!D14)*480 -> 1968 | G2: =IF(('Daily Meter'!J6-'1'!D15)<0,"0",'Daily Meter'!J6-'1'!D15)*480 -> 2112 | H2: =IF(('Daily Meter'!K6-'1'!D16)<0,"0",'Daily Meter'!K6-'1'!D16)*480 -> 1344 | I2: =IF(('Daily Meter'!L6-'1'!D17)<0,"0",'Daily Meter'!L6-'1'!D17)*480 -> 2208 | J2: =IF(('Daily Meter'!M6-'1'!D18)<0,"0",'Daily Meter'!M6-'1'!D18)*480 -> 5712 | K2: =IF(('Daily Meter'!B6-'1'!D7)<0,"0",'Daily Meter'!B6-'1'!D7)*284.34 -> 12909.036 | L2: =IF(('Daily Meter'!C6-'1'!D10)<0,"0",'Daily Meter'!C6-'1'!D10)*219.969 -> 100305.86 | M2: =IF(('Daily Meter'!N6-'1'!D22)<0,"0",'Daily Meter'!N6-'1'!D22)*3.7 -> 15863.38 | N2: =Total!M2 -> 330
A3: 25hours Dubai One Central | B3: =B2+1 -> 2 | C3: 2 | D3: 2024 | E3: =IF(('Daily Meter'!H7-'Daily Meter'!H6)<0,"0",'Daily Meter'!H7-'Daily Meter'!H6)*480 -> 3360 | F3: =IF(('Daily Meter'!I7-'Daily Meter'!I6)<0,"0",'Daily Meter'!I7-'Daily Meter'!I6)*480 -> 2112 | G3: =IF(('Daily Meter'!J7-'Daily Meter'!J6)<0,"0",'Daily Meter'!J7-'Daily Meter'!J6)*480 -> 2160 | H3: =IF(('Daily Meter'!K7-'Daily Meter'!K6)<0,"0",'Daily Meter'!K7-'Daily Meter'!K6)*480 -> 1344 | I3: =IF(('Daily Meter'!L7-'Daily Meter'!L6)<0,"0",'Daily Meter'!L7-'Daily Meter'!L6)*480 -> 2160 | J3: =IF(('Daily Meter'!M7-'Daily Meter'!M6)<0,"0",'Daily Meter'!M7-'Daily Meter'!M6)*480 -> 5760 | K3: =IF(('Daily Meter'!B7-'Daily Meter'!B6)<0,"0",'Daily Meter'!B7-'Daily Meter'!B6)*284.34 -> 6852.594 | L3: =IF(('Daily Meter'!C7-'Daily Meter'!C6)<0,"0",'Daily Meter'!C7-'Daily Meter'!C6)*219.969 -> 36954.792 | M3: =IF(('Daily Meter'!N7-'Daily Meter'!N6)<0,"0",'Daily Meter'!N7-'Daily Meter'!N6)*3.7 -> 519.11 | N3: =Total!M3 -> 236
A4: 25hours Dubai One Central | B4: =B3+1 -> 3 | C4: 2 | D4: 2024 | E4: =IF(('Daily Meter'!H8-'Daily Meter'!H7)<0,"0",'Daily Meter'!H8-'Daily Meter'!H7)*480 -> 3456 | F4: =IF(('Daily Meter'!I8-'Daily Meter'!I7)<0,"0",'Daily Meter'!I8-'Daily Meter'!I7)*480 -> 2160 | G4: =IF(('Daily Meter'!J8-'Daily Meter'!J7)<0,"0",'Daily Meter'!J8-'Daily Meter'!J7)*480 -> 2256 | H4: =IF(('Daily Meter'!K8-'Daily Meter'!K7)<0,"0",'Daily Meter'!K8-'Daily Meter'!K7)*480 -> 1344 | I4: =IF(('Daily Meter'!L8-'Daily Meter'!L7)<0,"0",'Daily Meter'!L8-'Daily Meter'!L7)*480 -> 2160 | J4: =IF(('Daily Meter'!M8-'Daily Meter'!M7)<0,"0",'Daily Meter'!M8-'Daily Meter'!M7)*480 -> 5760 | K4: =IF(('Daily Meter'!B8-'Daily Meter'!B7)<0,"0",'Daily Meter'!B8-'Daily Meter'!B7)*284.34 -> 5999.574 | L4: =IF(('Daily Meter'!C8-'Daily Meter'!C7)<0,"0",'Daily Meter'!C8-'Daily Meter'!C7)*219.969 -> 38714.544 | M4: =IF(('Daily Meter'!N8-'Daily Meter'!N7)<0,"0",'Daily Meter'!N8-'Daily Meter'!N7)*3.7 -> 493.58 | N4: =Total!M4 -> 209
A5: 25hours Dubai One Central | B5: =B4+1 -> 4 | C5: 2 | D5: 2024 | E5: =IF(('Daily Meter'!H9-'Daily Meter'!H8)<0,"0",'Daily Meter'!H9-'Daily Meter'!H8)*480 -> 3264 | F5: =IF(('Daily Meter'!I9-'Daily Meter'!I8)<0,"0",'Daily Meter'!I9-'Daily Meter'!I8)*480 -> 2064 | G5: =IF(('Daily Meter'!J9-'Daily Meter'!J8)<0,"0",'Daily Meter'!J9-'Daily Meter'!J8)*480 -> 2400 | H5: =IF(('Daily Meter'!K9-'Daily Meter'!K8)<0,"0",'Daily Meter'!K9-'Daily Meter'!K8)*480 -> 1392 | I5: =IF(('Daily Meter'!L9-'Daily Meter'!L8)<0,"0",'Daily Meter'!L9-'Daily Meter'!L8)*480 -> 2160 | J5: =IF(('Daily Meter'!M9-'Daily Meter'!M8)<0,"0",'Daily Meter'!M9-'Daily Meter'!M8)*480 -> 5760 | K5: =IF(('Daily Meter'!B9-'Daily Meter'!B8)<0,"0",'Daily Meter'!B9-'Daily Meter'!B8)*284.34 -> 5146.554 | L5: =IF(('Daily Meter'!C9-'Daily Meter'!C8)<0,"0",'Daily Meter'!C9-'Daily Meter'!C8)*219.969 -> 38054.637 | M5: =IF(('Daily Meter'!N9-'Daily Meter'!N8)<0,"0",'Daily Meter'!N9-'Daily Meter'!N8)*3.7 -> 491.36 | N5: =Total!M5 -> 306
A6: 25hours Dubai One Central | B6: =B5+1 -> 5 | C6: 2 | D6: 2024 | E6: =IF(('Daily Meter'!H10-'Daily Meter'!H9)<0,"0",'Daily Meter'!H10-'Daily Meter'!H9)*480 -> 3264 | F6: =IF(('Daily Meter'!I10-'Daily Meter'!I9)<0,"0",'Daily Meter'!I10-'Daily Meter'!I9)*480 -> 2064 | G6: =IF(('Daily Meter'!J10-'Daily Meter'!J9)<0,"0",'Daily Meter'!J10-'Daily Meter'!J9)*480 -> 2352 | H6: =IF(('Daily Meter'!K10-'Daily Meter'!K9)<0,"0",'Daily Meter'!K10-'Daily Meter'!K9)*480 -> 1392 | I6: =IF(('Daily Meter'!L10-'Daily Meter'!L9)<0,"0",'Daily Meter'!L10-'Daily Meter'!L9)*480 -> 2112 | J6: =IF(('Daily Meter'!M10-'Daily Meter'!M9)<0,"0",'Daily Meter'!M10-'Daily Meter'!M9)*480 -> 5808 | K6: =IF(('Daily Meter'!B10-'Daily Meter'!B9)<0,"0",'Daily Meter'!B10-'Daily Meter'!B9)*284.34 -> 4919.082 | L6: =IF(('Daily Meter'!C10-'Daily Meter'!C9)<0,"0",'Daily Meter'!C10-'Daily Meter'!C9)*219.969 -> 36514.854 | M6: =IF(('Daily Meter'!N10-'Daily Meter'!N9)<0,"0",'Daily Meter'!N10-'Daily Meter'!N9)*3.7 -> 468.42 | N6: =Total!M6 -> 0
A7: 25hours Dubai One Central | B7: =B6+1 -> 6 | C7: 2 | D7: 2024 | E7: =IF(('Daily Meter'!H11-'Daily Meter'!H10)<0,"0",'Daily Meter'!H11-'Daily Meter'!H10)*480 -> #VALUE! | F7: =IF(('Daily Meter'!I11-'Daily Meter'!I10)<0,"0",'Daily Meter'!I11-'Daily Meter'!I10)*480 -> #VALUE! | G7: =IF(('Daily Meter'!J11-'Daily Meter'!J10)<0,"0",'Daily Meter'!J11-'Daily Meter'!J10)*480 -> #VALUE! | H7: =IF(('Daily Meter'!K11-'Daily Meter'!K10)<0,"0",'Daily Meter'!K11-'Daily Meter'!K10)*480 -> #VALUE! | I7: =IF(('Daily Meter'!L11-'Daily Meter'!L10)<0,"0",'Daily Meter'!L11-'Daily Meter'!L10)*480 -> #VALUE! | J7: =IF(('Daily Meter'!M11-'Daily Meter'!M10)<0,"0",'Daily Meter'!M11-'Daily Meter'!M10)*480 -> #VALUE! | K7: =IF(('Daily Meter'!B11-'Daily Meter'!B10)<0,"0",'Daily Meter'!B11-'Daily Meter'!B10)*284.34 -> #VALUE! | L7: =IF(('Daily Meter'!C11-'Daily Meter'!C10)<0,"0",'Daily Meter'!C11-'Daily Meter'!C10)*219.969 -> #VALUE! | M7: =IF(('Daily Meter'!N11-'Daily Meter'!N10)<0,"0",'Daily Meter'!N11-'Daily Meter'!N10)*3.7 -> #VALUE! | N7: =Total!M7 -> #VALUE!
A8: 25hours Dubai One Central | B8: =B7+1 -> 7 | C8: 2 | D8: 2024 | E8: =IF(('Daily Meter'!H12-'Daily Meter'!H11)<0,"0",'Daily Meter'!H12-'Daily Meter'!H11)*480 -> #VALUE! | F8: =IF(('Daily Meter'!I12-'Daily Meter'!I11)<0,"0",'Daily Meter'!I12-'Daily Meter'!I11)*480 -> #VALUE! | G8: =IF(('Daily Meter'!J12-'Daily Meter'!J11)<0,"0",'Daily Meter'!J12-'Daily Meter'!J11)*480 -> #VALUE! | H8: =IF(('Daily Meter'!K12-'Daily Meter'!K11)<0,"0",'Daily Meter'!K12-'Daily Meter'!K11)*480 -> #VALUE! | I8: =IF(('Daily Meter'!L12-'Daily Meter'!L11)<0,"0",'Daily Meter'!L12-'Daily Meter'!L11)*480 -> #VALUE! | J8: =IF(('Daily Meter'!M12-'Daily Meter'!M11)<0,"0",'Daily Meter'!M12-'Daily Meter'!M11)*480 -> #VALUE! | K8: =IF(('Daily Meter'!B12-'Daily Meter'!B11)<0,"0",'Daily Meter'!B12-'Daily Meter'!B11)*284.34 -> #VALUE! | L8: =IF(('Daily Meter'!C12-'Daily Meter'!C11)<0,"0",'Daily Meter'!C12-'Daily Meter'!C11)*219.969 -> #VALUE! | M8: =IF(('Daily Meter'!N12-'Daily Meter'!N11)<0,"0",'Daily Meter'!N12-'Daily Meter'!N11)*3.7 -> #VALUE! | N8: =Total!M8 -> #VALUE!
A9: 25hours Dubai One Central | B9: =B8+1 -> 8 | C9: 2 | D9: 2024 | E9: =IF(('Daily Meter'!H13-'Daily Meter'!H12)<0,"0",'Daily Meter'!H13-'Daily Meter'!H12)*480 -> #VALUE! | F9: =IF(('Daily Meter'!I13-'Daily Meter'!I12)<0,"0",'Daily Meter'!I13-'Daily Meter'!I12)*480 -> #VALUE! | G9: =IF(('Daily Meter'!J13-'Daily Meter'!J12)<0,"0",'Daily Meter'!J13-'Daily Meter'!J12)*480 -> #VALUE! | H9: =IF(('Daily Meter'!K13-'Daily Meter'!K12)<0,"0",'Daily Meter'!K13-'Daily Meter'!K12)*480 -> #VALUE! | I9: =IF(('Daily Meter'!L13-'Daily Meter'!L12)<0,"0",'Daily Meter'!L13-'Daily Meter'!L12)*480 -> #VALUE! | J9: =IF(('Daily Meter'!M13-'Daily Meter'!M12)<0,"0",'Daily Meter'!M13-'Daily Meter'!M12)*480 -> #VALUE! | K9: =IF(('Daily Meter'!B13-'Daily Meter'!B12)<0,"0",'Daily Meter'!B13-'Daily Meter'!B12)*284.34 -> #VALUE! | L9: =IF(('Daily Meter'!C13-'Daily Meter'!C12)<0,"0",'Daily Meter'!C13-'Daily Meter'!C12)*219.969 -> #VALUE! | M9: =IF(('Daily Meter'!N13-'Daily Meter'!N12)<0,"0",'Daily Meter'!N13-'Daily Meter'!N12)*3.7 -> #VALUE! | N9: =Total!M9 -> #VALUE!
A10: 25hours Dubai One Central | B10: =B9+1 -> 9 | C10: 2 | D10: 2024 | E10: =IF(('Daily Meter'!H14-'Daily Meter'!H13)<0,"0",'Daily Meter'!H14-'Daily Meter'!H13)*480 -> #VALUE! | F10: =IF(('Daily Meter'!I14-'Daily Meter'!I13)<0,"0",'Daily Meter'!I14-'Daily Meter'!I13)*480 -> #VALUE! | G10: =IF(('Daily Meter'!J14-'Daily Meter'!J13)<0,"0",'Daily Meter'!J14-'Daily Meter'!J13)*480 -> #VALUE! | H10: =IF(('Daily Meter'!K14-'Daily Meter'!K13)<0,"0",'Daily Meter'!K14-'Daily Meter'!K13)*480 -> #VALUE! | I10: =IF(('Daily Meter'!L14-'Daily Meter'!L13)<0,"0",'Daily Meter'!L14-'Daily Meter'!L13)*480 -> #VALUE! | J10: =IF(('Daily Meter'!M14-'Daily Meter'!M13)<0,"0",'Daily Meter'!M14-'Daily Meter'!M13)*480 -> #VALUE! | K10: =IF(('Daily Meter'!B14-'Daily Meter'!B13)<0,"0",'Daily Meter'!B14-'Daily Meter'!B13)*284.34 -> #VALUE! | L10: =IF(('Daily Meter'!C14-'Daily Meter'!C13)<0,"0",'Daily Meter'!C14-'Daily Meter'!C13)*219.969 -> #VALUE! | M10: =IF(('Daily Meter'!N14-'Daily Meter'!N13)<0,"0",'Daily Meter'!N14-'Daily Meter'!N13)*3.7 -> #VALUE! | N10: =Total!M10 -> #VALUE!
A11: 25hours Dubai One Central | B11: =B10+1 -> 10 | C11: 2 | D11: 2024 | E11: =IF(('Daily Meter'!H15-'Daily Meter'!H14)<0,"0",'Daily Meter'!H15-'Daily Meter'!H14)*480 -> #VALUE! | F11: =IF(('Daily Meter'!I15-'Daily Meter'!I14)<0,"0",'Daily Meter'!I15-'Daily Meter'!I14)*480 -> #VALUE! | G11: =IF(('Daily Meter'!J15-'Daily Meter'!J14)<0,"0",'Daily Meter'!J15-'Daily Meter'!J14)*480 -> #VALUE! | H11: =IF(('Daily Meter'!K15-'Daily Meter'!K14)<0,"0",'Daily Meter'!K15-'Daily Meter'!K14)*480 -> #VALUE! | I11: =IF(('Daily Meter'!L15-'Daily Meter'!L14)<0,"0",'Daily Meter'!L15-'Daily Meter'!L14)*480 -> #VALUE! | J11: =IF(('Daily Meter'!M15-'Daily Meter'!M14)<0,"0",'Daily Meter'!M15-'Daily Meter'!M14)*480 -> #VALUE! | K11: =IF(('Daily Meter'!B15-'Daily Meter'!B14)<0,"0",'Daily Meter'!B15-'Daily Meter'!B14)*284.34 -> #VALUE! | L11: =IF(('Daily Meter'!C15-'Daily Meter'!C14)<0,"0",'Daily Meter'!C15-'Daily Meter'!C14)*219.969 -> #VALUE! | M11: =IF(('Daily Meter'!N15-'Daily Meter'!N14)<0,"0",'Daily Meter'!N15-'Daily Meter'!N14)*3.7 -> #VALUE! | N11: =Total!M11 -> #VALUE!
A12: 25hours Dubai One Central | B12: =B11+1 -> 11 | C12: 2 | D12: 2024 | E12: =IF(('Daily Meter'!H16-'Daily Meter'!H15)<0,"0",'Daily Meter'!H16-'Daily Meter'!H15)*480 -> #VALUE! | F12: =IF(('Daily Meter'!I16-'Daily Meter'!I15)<0,"0",'Daily Meter'!I16-'Daily Meter'!I15)*480 -> #VALUE! | G12: =IF(('Daily Meter'!J16-'Daily Meter'!J15)<0,"0",'Daily Meter'!J16-'Daily Meter'!J15)*480 -> #VALUE! | H12: =IF(('Daily Meter'!K16-'Daily Meter'!K15)<0,"0",'Daily Meter'!K16-'Daily Meter'!K15)*480 -> #VALUE! | I12: =IF(('Daily Meter'!L16-'Daily Meter'!L15)<0,"0",'Daily Meter'!L16-'Daily Meter'!L15)*480 -> #VALUE! | J12: =IF(('Daily Meter'!M16-'Daily Meter'!M15)<0,"0",'Daily Meter'!M16-'Daily Meter'!M15)*480 -> #VALUE! | K12: =IF(('Daily Meter'!B16-'Daily Meter'!B15)<0,"0",'Daily Meter'!B16-'Daily Meter'!B15)*284.34 -> #VALUE! | L12: =IF(('Daily Meter'!C16-'Daily Meter'!C15)<0,"0",'Daily Meter'!C16-'Daily Meter'!C15)*219.969 -> #VALUE! | M12: =IF(('Daily Meter'!N16-'Daily Meter'!N15)<0,"0",'Daily Meter'!N16-'Daily Meter'!N15)*3.7 -> #VALUE! | N12: =Total!M12 -> #VALUE!
A13: 25hours Dubai One Central | B13: =B12+1 -> 12 | C13: 2 | D13: 2024 | E13: =IF(('Daily Meter'!H17-'Daily Meter'!H16)<0,"0",'Daily Meter'!H17-'Daily Meter'!H16)*480 -> #VALUE! | F13: =IF(('Daily Meter'!I17-'Daily Meter'!I16)<0,"0",'Daily Meter'!I17-'Daily Meter'!I16)*480 -> #VALUE! | G13: =IF(('Daily Meter'!J17-'Daily Meter'!J16)<0,"0",'Daily Meter'!J17-'Daily Meter'!J16)*480 -> #VALUE! | H13: =IF(('Daily Meter'!K17-'Daily Meter'!K16)<0,"0",'Daily Meter'!K17-'Daily Meter'!K16)*480 -> #VALUE! | I13: =IF(('Daily Meter'!L17-'Daily Meter'!L16)<0,"0",'Daily Meter'!L17-'Daily Meter'!L16)*480 -> #VALUE! | J13: =IF(('Daily Meter'!M17-'Daily Meter'!M16)<0,"0",'Daily Meter'!M17-'Daily Meter'!M16)*480 -> #VALUE! | K13: =IF(('Daily Meter'!B17-'Daily Meter'!B16)<0,"0",'Daily Meter'!B17-'Daily Meter'!B16)*284.34 -> #VALUE! | L13: =IF(('Daily Meter'!C17-'Daily Meter'!C16)<0,"0",'Daily Meter'!C17-'Daily Meter'!C16)*219.969 -> #VALUE! | M13: =IF(('Daily Meter'!N17-'Daily Meter'!N16)<0,"0",'Daily Meter'!N17-'Daily Meter'!N16)*3.7 -> #VALUE! | N13: =Total!M13 -> #VALUE!
A14: 25hours Dubai One Central | B14: =B13+1 -> 13 | C14: 2 | D14: 2024 | E14: =IF(('Daily Meter'!H18-'Daily Meter'!H17)<0,"0",'Daily Meter'!H18-'Daily Meter'!H17)*480 -> #VALUE! | F14: =IF(('Daily Meter'!I18-'Daily Meter'!I17)<0,"0",'Daily Meter'!I18-'Daily Meter'!I17)*480 -> #VALUE! | G14: =IF(('Daily Meter'!J18-'Daily Meter'!J17)<0,"0",'Daily Meter'!J18-'Daily Meter'!J17)*480 -> #VALUE! | H14: =IF(('Daily Meter'!K18-'Daily Meter'!K17)<0,"0",'Daily Meter'!K18-'Daily Meter'!K17)*480 -> #VALUE! | I14: =IF(('Daily Meter'!L18-'Daily Meter'!L17)<0,"0",'Daily Meter'!L18-'Daily Meter'!L17)*480 -> #VALUE! | J14: =IF(('Daily Meter'!M18-'Daily Meter'!M17)<0,"0",'Daily Meter'!M18-'Daily Meter'!M17)*480 -> #VALUE! | K14: =IF(('Daily Meter'!B18-'Daily Meter'!B17)<0,"0",'Daily Meter'!B18-'Daily Meter'!B17)*284.34 -> #VALUE! | L14: =IF(('Daily Meter'!C18-'Daily Meter'!C17)<0,"0",'Daily Meter'!C18-'Daily Meter'!C17)*219.969 -> #VALUE! | M14: =IF(('Daily Meter'!N18-'Daily Meter'!N17)<0,"0",'Daily Meter'!N18-'Daily Meter'!N17)*3.7 -> #VALUE! | N14: =Total!M14 -> #VALUE!
... A30: 25hours Dubai One Central | B30: =B29+1 -> 29 | C30: 2 | D30: 2024 | E30: =IF(('Daily Meter'!H34-'Daily Meter'!H33)<0,"0",'Daily Meter'!H34-'Daily Meter'!H33)*480 -> #VALUE! | F30: =IF(('Daily Meter'!I34-'Daily Meter'!I33)<0,"0",'Daily Meter'!I34-'Daily Meter'!I33)*480 -> #VALUE! | G30: =IF(('Daily Meter'!J34-'Daily Meter'!J33)<0,"0",'Daily Meter'!J34-'Daily Meter'!J33)*480 -> #VALUE! | H30: =IF(('Daily Meter'!K34-'Daily Meter'!K33)<0,"0",'Daily Meter'!K34-'Daily Meter'!K33)*480 -> #VALUE! | I30: =IF(('Daily Meter'!L34-'Daily Meter'!L33)<0,"0",'Daily Meter'!L34-'Daily Meter'!L33)*480 -> #VALUE! | J30: =IF(('Daily Meter'!M34-'Daily Meter'!M33)<0,"0",'Daily Meter'!M34-'Daily Meter'!M33)*480 -> #VALUE! | K30: =IF(('Daily Meter'!B34-'Daily Meter'!B33)<0,"0",'Daily Meter'!B34-'Daily Meter'!B33)*284.34 -> #VALUE! | L30: =IF(('Daily Meter'!C34-'Daily Meter'!C33)<0,"0",'Daily Meter'!C34-'Daily Meter'!C33)*219.969 -> #VALUE! | M30: =IF(('Daily Meter'!N34-'Daily Meter'!N33)<0,"0",'Daily Meter'!N34-'Daily Meter'!N33)*3.7 -> #VALUE! | N30: =Total!M30 -> #VALUE!

Sheet Daily Meter
A1: February 2024 UTILITY READING | Q1: 1st
B2: CHILLED WATER | C2: WATER | H2: ELECTRICITY | N2: GAS | O2: OCC.
A3: Date | B3: BTU Meter | C3: Meter 1 | D3: Meter 2 | F3: Meter 3 | H3: Meter 1 | I3: Meter 2 | J3: Meter 3 | K3: Meter 4 | L3: Meter 6 | M3: Meter 7
B4: P103FF043BC | C4: 18E0300032 | D4: 18E0300060 | F4: 18E0300057 | H4: 6065253 | I4: 6065255 | J4: 6065259 | K4: 6065262 | L4: 6065269 | M4: 6065283 | N4: 77092321/2019 | O4: %
B5: 4am | C5: 4am | D5: 4am | E5: 4am | F5: 4am | G5: 4am | H5: 4am | I5: 4am | J5: 4am | K5: 4am | L5: 4am | M5: 4am | N5: 4am | O5: DAILY
A6: 1 | B6: 54133.2 | C6: 209451 | H6: 6780 | I6: 4090.6 | J6: 4372.9 | K6: 2449.1 | L6: 5712.9 | M6: 15367.6 | N6: 94274.8 | O6: 76.04
A7: 2 | B7: 54157.3 | C7: 209619 | H7: 6787 | I7: 4095 | J7: 4377.4 | K7: 2451.9 | L7: 5717.4 | M7: 15379.6 | N7: 94415.1 | O7: 54.38
A8: 3 | B8: 54178.4 | C8: 209795 | H8: 6794.2 | I8: 4099.5 | J8: 4382.1 | K8: 2454.7 | L8: 5721.9 | M8: 15391.6 | N8: 94548.5 | O8: 48.16
A9: 4 | B9: 54196.5 | C9: 209968 | H9: 6801 | I9: 4103.8 | J9: 4387.1 | K9: 2457.6 | L9: 5726.4 | M9: 15403.6 | N9: 94681.3 | O9: 70.51
A10: 5 | B10: 54213.8 | C10: 210134 | H10: 6807.8 | I10: 4108.1 | J10: 4392 | K10: 2460.5 | L10: 5730.8 | M10: 15415.7 | N10: 94807.9
A11: 6
A12: 7
A13: 8
A14: 9
A15: 10
A16: 11
A17: 12
A18: 13
A19: 14
A20: 15
A21: 16
A22: 17
... A36: 31
O37: =AVERAGE(O6:O34) -> 62.2725
Q38: engr123.

Sheet 1
A1: ENGINEERING DEPARTMENT | H1: daily reading
A2: UTILITY CONSUMPTION SHEET
B3: February 2024 | C3: 1 | D3: % OCCUPANCY: | E3: ='Daily Meter'!O6 -> 76.04
A4: SR.NO | B4: ITEM MEASURED | D4: Previous Reading | E4: 4 AM Reading | F4: 24hrs CONSUMPTION | G4: Cost
D5: January 31
A6: 1 | B6: DISTRICT COOLING PLANT
B7: Chilled Water | C7: MWH | D7: ='[1]30'!E7 -> 54087.8 | E7: ='Daily Meter'!B6 -> 54133.2 | F7: =E7-D7 -> 45.4
C8: TR | F8: =F7*284.34 -> 12909.036 | G8: =F8*0.63 -> 8132.6927
A9: III | B9: WATER METERS
B10: Main DEWA Meter | C10: m3 | D10: ='[1]30'!E10 -> 208995 | E10: ='Daily Meter'!C6 -> 209451 | F10: =E10-D10 -> 456
B11: Imperial Gallon = m³ x 219.969 | C11: IG | F11: =F10*219.969 -> 100305.86 | G11: =F11*0.06 -> 6018.3518
A12: IV | B12: ELECTRICAL METERS
A13: 1 | B13: Meter 1 - 06065253 | C13: kW x 480 | D13: 6773 | E13: ='Daily Meter'!H6 -> 6780 | F13: =(E13-D13)*480 -> 3360
A14: 2 | B14: Meter 2 - 06065255 | C14: kW x 480 | D14: 4086.5 | E14: ='Daily Meter'!I6 -> 4090.6 | F14: =(E14-D14)*480 -> 1968
A15: 3 | B15: Meter 3 - 06065259 | C15: kW x 480 | D15: 4368.5 | E15: ='Daily Meter'!J6 -> 4372.9 | F15: =(E15-D15)*480 -> 2112
A16: 4 | B16: Meter 4 - 06065262 | C16: kW x 480 | D16: 2446.3 | E16: ='Daily Meter'!K6 -> 2449.1 | F16: =(E16-D16)*480 -> 1344
A17: 5 | B17: Meter 6 - 06065269 | C17: kW x 480 | D17: 5708.3 | E17: ='Daily Meter'!L6 -> 5712.9 | F17: =(E17-D17)*480 -> 2208
A18: 6 | B18: Meter 7 - 06065283 | C18: kW x 480 | D18: 15355.7 | E18: ='Daily Meter'!M6 -> 15367.6 | F18: =(E18-D18)*480 -> 5712
B19: TOTAL ELECTRICAL CONS.(kWh) | F19: =SUM(F13:F18) -> 16704 | G19: =F19*0.43 -> 7182.72
A21: V | B21: GAS CONSUMPTION
A22: 1 | B22: MAIN LPG METER | C22: M3 | D22: 89987.4 | E22: ='Daily Meter'!N6 -> 94274.8 | F22: =E22-D22 -> 4287.4
B23: L = m³ x 3.70 | C23: L | F23: =F22*3.7 -> 15863.38 | G23: =F23*2.5 -> 39658.45
D26: Summary of Daily Hotel consumption
D27: Item measured | E27: Units | F27: Consumption | G27: AED
D28: Chilled water | E28: TR | F28: =F8 -> 12909.036 | G28: =G8 -> 8132.6927
D29: DEWA Water | E29: imp. Gallon | F29: =F11 -> 100305.86 | G29: =G11 -> 6018.3518
D30: Electricity | E30: kwh | F30: =F19 -> 16704 | G30: =G19 -> 7182.72
D31: Gas | E31: m3 | F31: =F22 -> 4287.4 | G31: =G23 -> 39658.45
F32: Total cost | G32: =SUM(G28:G31) -> 60992.215

Sheet 2
A1: ENGINEERING DEPARTMENT | H1: daily reading
A2: UTILITY CONSUMPTION SHEET
B3: ='1'!B3 -> February 2024 | C3: 2 | D3: % OCCUPANCY: | E3: ='Daily Meter'!O6 -> 76.04
A4: SR.NO | B4: ITEM MEASURED | D4: Previous Reading | E4: 4 AM Reading | F4: 24hrs CONSUMPTION | G4: Cost
A6: 1 | B6: DISTRICT COOLING PLANT
B7: Chilled Water | C7: MWH | D7: ='1'!E7 -> 54133.2 | E7: ='Daily Meter'!B7 -> 54157.3 | F7: =E7-D7 -> 24.1
C8: TR | F8: =F7*284.34 -> 6852.594 | G8: =F8*0.63 -> 4317.1342
A9: III | B9: WATER METERS
B10: Main DEWA Meter | C10: m3 | D10: ='1'!E10 -> 209451 | E10: ='Daily Meter'!C7 -> 209619 | F10: =E10-D10 -> 168
B11: Imperial Gallon = m³ x 219.969 | C11: IG | F11: =F10*219.969 -> 36954.792 | G11: =F11*0.06 -> 2217.2875
A12: IV | B12: ELECTRICAL METERS
A13: 1 | B13: Meter 1 - 06065253 | C13: kW x 480 | D13: ='1'!E13 -> 6780 | E13: ='Daily Meter'!H7 -> 6787 | F13: =(E13-D13)*480 -> 3360
A14: 2 | B14: Meter 2 - 06065255 | C14: kW x 480 | D14: ='1'!E14 -> 4090.6 | E14: ='Daily Meter'!I7 -> 4095 | F14: =(E14-D14)*480 -> 2112
A15: 3 | B15: Meter 3 - 06065259 | C15: kW x 480 | D15: ='1'!E15 -> 4372.9 | E15: ='Daily Meter'!J7 -> 4377.4 | F15: =(E15-D15)*480 -> 2160
A16: 4 | B16: Meter 4 - 06065262 | C16: kW x 480 | D16: ='1'!E16 -> 2449.1 | E16: ='Daily Meter'!K7 -> 2451.9 | F16: =(E16-D16)*480 -> 1344
A17: 5 | B17: Meter 6 - 06065269 | C17: kW x 480 | D17: ='1'!E17 -> 5712.9 | E17: ='Daily Meter'!L7 -> 5717.4 | F17: =(E17-D17)*480 -> 2160
A18: 6 | B18: Meter 7 - 06065283 | C18: kW x 480 | D18: ='1'!E18 -> 15367.6 | E18: ='Daily Meter'!M7 -> 15379.6 | F18: =(E18-D18)*480 -> 5760
B19: TOTAL ELECTRICAL CONS.(kWh) | F19: =SUM(F13:F18) -> 16896 | G19: =F19*0.43 -> 7265.28
A21: V | B21: GAS CONSUMPTION
A22: 1 | B22: MAIN LPG METER | C22: M3 | D22: ='1'!E22 -> 94274.8 | E22: ='Daily Meter'!N7 -> 94415.1 | F22: =E22-D22 -> 140.3
B23: L = m³ x 3.70 | C23: L | F23: =F22*3.7 -> 519.11 | G23: =F23*2.5 -> 1297.775
D26: Summary of Daily Hotel consumption
D27: Item measured | E27: Units | F27: Consumption | G27: AED
D28: Chilled water | E28: TR | F28: =F8 -> 6852.594 | G28: =G8 -> 4317.1342
D29: DEWA Water | E29: imp. Gallon | F29: =F11 -> 36954.792 | G29: =G11 -> 2217.2875
D30: Electricity | E30: kwh | F30: =F19 -> 16896 | G30: =G19 -> 7265.28
D31: Gas | E31: m3 | F31: =F22 -> 140.3 | G31: =G23 -> 1297.775
F32: Total cost | G32: =SUM(G28:G31) -> 15097.477

Sheet 3
A1: ENGINEERING DEPARTMENT | H1: daily reading
A2: UTILITY CONSUMPTION SHEET
B3: ='1'!B3 -> February 2024 | C3: 3 | D3: % OCCUPANCY: | E3: ='Daily Meter'!O8 -> 48.16
A4: SR.NO | B4: ITEM MEASURED | D4: Previous Reading | E4: 4 AM Reading | F4: 24hrs CONSUMPTION | G4: Cost
A6: 1 | B6: DISTRICT COOLING PLANT
B7: Chilled Water | C7: MWH | D7: ='2'!E7 -> 54157.3 | E7: ='Daily Meter'!B8 -> 54178.4 | F7: =E7-D7 -> 21.1
C8: TR | F8: =F7*284.34 -> 5999.574 | G8: =F8*0.63 -> 3779.7316
A9: III | B9: WATER METERS
B10: Main DEWA Meter | C10: m3 | D10: ='2'!E10 -> 209619 | E10: ='Daily Meter'!C8 -> 209795 | F10: =E10-D10 -> 176
B11: Imperial Gallon = m³ x 219.969 | C11: IG | F11: =F10*219.969 -> 38714.544 | G11: =F11*0.06 -> 2322.8726
A12: IV | B12: ELECTRICAL METERS
A13: 1 | B13: Meter 1 - 06065253 | C13: kW x 480 | D13: ='2'!E13 -> 6787 | E13: ='Daily Meter'!H8 -> 6794.2 | F13: =(E13-D13)*480 -> 3456
A14: 2 | B14: Meter 2 - 06065255 | C14: kW x 480 | D14: ='2'!E14 -> 4095 | E14: ='Daily Meter'!I8 -> 4099.5 | F14: =(E14-D14)*480 -> 2160
A15: 3 | B15: Meter 3 - 06065259 | C15: kW x 480 | D15: ='2'!E15 -> 4377.4 | E15: ='Daily Meter'!J8 -> 4382.1 | F15: =(E15-D15)*480 -> 2256
A16: 4 | B16: Meter 4 - 06065262 | C16: kW x 480 | D16: ='2'!E16 -> 2451.9 | E16: ='Daily Meter'!K8 -> 2454.7 | F16: =(E16-D16)*480 -> 1344
A17: 5 | B17: Meter 6 - 06065269 | C17: kW x 480 | D17: ='2'!E17 -> 5717.4 | E17: ='Daily Meter'!L8 -> 5721.9 | F17: =(E17-D17)*480 -> 2160
A18: 6 | B18: Meter 7 - 06065283 | C18: kW x 480 | D18: ='2'!E18 -> 15379.6 | E18: ='Daily Meter'!M8 -> 15391.6 | F18: =(E18-D18)*480 -> 5760
B19: TOTAL ELECTRICAL CONS.(kWh) | F19: =SUM(F13:F18) -> 17136 | G19: =F19*0.43 -> 7368.48
A21: V | B21: GAS CONSUMPTION
A22: 1 | B22: MAIN LPG METER | C22: M3 | D22: ='2'!E22 -> 94415.1 | E22: ='Daily Meter'!N8 -> 94548.5 | F22: =E22-D22 -> 133.4
B23: L = m³ x 3.70 | C23: L | F23: =F22*3.7 -> 493.58 | G23: =F23*2.5 -> 1233.95
D26: Summary of Daily Hotel consumption
D27: Item measured | E27: Units | F27: Consumption | G27: AED
D28: Chilled water | E28: TR | F28: =F8 -> 5999.574 | G28: =G8 -> 3779.7316
D29: DEWA Water | E29: imp. Gallon | F29: =F11 -> 38714.544 | G29: =G11 -> 2322.8726
D30: Electricity | E30: kwh | F30: =F19 -> 17136 | G30: =G19 -> 7368.48
D31: Gas | E31: m3 | F31: =F22 -> 133.4 | G31: =G23 -> 1233.95
F32: Total cost | G32: =SUM(G28:G31) -> 14705.034

Sheet 4
A1: ENGINEERING DEPARTMENT | H1: daily reading
A2: UTILITY CONSUMPTION SHEET
B3: ='1'!B3 -> February 2024 | C3: 4 | D3: % OCCUPANCY: | E3: ='Daily Meter'!O9 -> 70.51
A4: SR.NO | B4: ITEM MEASURED | D4: Previous Reading | E4: 4 AM Reading | F4: 24hrs CONSUMPTION | G4: Cost
A6: 1 | B6: DISTRICT COOLING PLANT
B7: Chilled Water | C7: MWH | D7: ='3'!E7 -> 54178.4 | E7: ='Daily Meter'!B9 -> 54196.5 | F7: =E7-D7 -> 18.1
C8: TR | F8: =F7*284.34 -> 5146.554 | G8: =F8*0.63 -> 3242.329
A9: III | B9: WATER METERS
B10: Main DEWA Meter | C10: m3 | D10: ='3'!E10 -> 209795 | E10: ='Daily Meter'!C9 -> 209968 | F10: =E10-D10 -> 173
B11: Imperial Gallon = m³ x 219.969 | C11: IG | F11: =F10*219.969 -> 38054.637 | G11: =F11*0.06 -> 2283.2782
A12: IV | B12: ELECTRICAL METERS
A13: 1 | B13: Meter 1 - 06065253 | C13: kW x 480 | D13: ='3'!E13 -> 6794.2 | E13: ='Daily Meter'!H9 -> 6801 | F13: =(E13-D13)*480 -> 3264
A14: 2 | B14: Meter 2 - 06065255 | C14: kW x 480 | D14: ='3'!E14 -> 4099.5 | E14: ='Daily Meter'!I9 -> 4103.8 | F14: =(E14-D14)*480 -> 2064
A15: 3 | B15: Meter 3 - 06065259 | C15: kW x 480 | D15: ='3'!E15 -> 4382.1 | E15: ='Daily Meter'!J9 -> 4387.1 | F15: =(E15-D15)*480 -> 2400
A16: 4 | B16: Meter 4 - 06065262 | C16: kW x 480 | D16: ='3'!E16 -> 2454.7 | E16: ='Daily Meter'!K9 -> 2457.6 | F16: =(E16-D16)*480 -> 1392
A17: 5 | B17: Meter 6 - 06065269 | C17: kW x 480 | D17: ='3'!E17 -> 5721.9 | E17: ='Daily Meter'!L9 -> 5726.4 | F17: =(E17-D17)*480 -> 2160
A18: 6 | B18: Meter 7 - 06065283 | C18: kW x 480 | D18: ='3'!E18 -> 15391.6 | E18: ='Daily Meter'!M9 -> 15403.6 | F18: =(E18-D18)*480 -> 5760
B19: TOTAL ELECTRICAL CONS.(kWh) | F19: =SUM(F13:F18) -> 17040 | G19: =F19*0.43 -> 7327.2
A21: V | B21: GAS CONSUMPTION
A22: 1 | B22: MAIN LPG METER | C22: M3 | D22: ='3'!E22 -> 94548.5 | E22: ='Daily Meter'!N9 -> 94681.3 | F22: =E22-D22 -> 132.8
B23: L = m³ x 3.70 | C23: L | F23: =F22*3.7 -> 491.36 | G23: =F23*2.5 -> 1228.4
D26: Summary of Daily Hotel consumption
D27: Item measured | E27: Units | F27: Consumption | G27: AED
D28: Chilled water | E28: TR | F28: =F8 -> 5146.554 | G28: =G8 -> 3242.329
D29: DEWA Water | E29: imp. Gallon | F29: =F11 -> 38054.637 | G29: =G11 -> 2283.2782
D30: Electricity | E30: kwh | F30: =F19 -> 17040 | G30: =G19 -> 7327.2
D31: Gas | E31: m3 | F31: =F22 -> 132.8 | G31: =G23 -> 1228.4
F32: Total cost | G32: =SUM(G28:G31) -> 14081.207

Sheet 5
A1: ENGINEERING DEPARTMENT | H1: daily reading
A2: UTILITY CONSUMPTION SHEET
B3: ='1'!B3 -> February 2024 | C3: 5 | D3: % OCCUPANCY: | E3: ='Daily Meter'!O10 -> 0
A4: SR.NO | B4: ITEM MEASURED | D4: Previous Reading | E4: 4 AM Reading | F4: 24hrs CONSUMPTION | G4: Cost
A6: 1 | B6: DISTRICT COOLING PLANT
B7: Chilled Water | C7: MWH | D7: ='4'!E7 -> 54196.5 | E7: ='Daily Meter'!B10 -> 54213.8 | F7: =E7-D7 -> 17.3
C8: TR | F8: =F7*284.34 -> 4919.082 | G8: =F8*0.63 -> 3099.0217
A9: III | B9: WATER METERS
B10: Main DEWA Meter | C10: m3 | D10: ='4'!E10 -> 209968 | E10: ='Daily Meter'!C10 -> 210134 | F10: =E10-D10 -> 166
B11: Imperial Gallon = m³ x 219.969 | C11: IG | F11: =F10*219.969 -> 36514.854 | G11: =F11*0.06 -> 2190.8912
A12: IV | B12: ELECTRICAL METERS
A13: 1 | B13: Meter 1 - 06065253 | C13: kW x 480 | D13: ='4'!E13 -> 6801 | E13: ='Daily Meter'!H10 -> 6807.8 | F13: =(E13-D13)*480 -> 3264
A14: 2 | B14: Meter 2 - 06065255 | C14: kW x 480 | D14: ='4'!E14 -> 4103.8 | E14: ='Daily Meter'!I10 -> 4108.1 | F14: =(E14-D14)*480 -> 2064
A15: 3 | B15: Meter 3 - 06065259 | C15: kW x 480 | D15: ='4'!E15 -> 4387.1 | E15: ='Daily Meter'!J10 -> 4392 | F15: =(E15-D15)*480 -> 2352
A16: 4 | B16: Meter 4 - 06065262 | C16: kW x 480 | D16: ='4'!E16 -> 2457.6 | E16: ='Daily Meter'!K10 -> 2460.5 | F16: =(E16-D16)*480 -> 1392
A17: 5 | B17: Meter 6 - 06065269 | C17: kW x 480 | D17: ='4'!E17 -> 5726.4 | E17: ='Daily Meter'!L10 -> 5730.8 | F17: =(E17-D17)*480 -> 2112
A18: 6 | B18: Meter 7 - 06065283 | C18: kW x 480 | D18: ='4'!E18 -> 15403.6 | E18: ='Daily Meter'!M10 -> 15415.7 | F18: =(E18-D18)*480 -> 5808
B19: TOTAL ELECTRICAL CONS.(kWh) | F19: =SUM(F13:F18) -> 16992 | G19: =F19*0.43 -> 7306.56
A21: V | B21: GAS CONSUMPTION
A22: 1 | B22: MAIN LPG METER | C22: M3 | D22: ='4'!E22 -> 94681.3 | E22: ='Daily Meter'!N10 -> 94807.9 | F22: =E22-D22 -> 126.6
B23: L = m³ x 3.70 | C23: L | F23: =F22*3.7 -> 468.42 | G23: =F23*2.5 -> 1171.05
D26: Summary of Daily Hotel consumption
D27: Item measured | E27: Units | F27: Consumption | G27: AED
D28: Chilled water | E28: TR | F28: =F8 -> 4919.082 | G28: =G8 -> 3099.0217
D29: DEWA Water | E29: imp. Gallon | F29: =F11 -> 36514.854 | G29: =G11 -> 2190.8912
D30: Electricity | E30: kwh | F30: =F19 -> 16992 | G30: =G19 -> 7306.56
D31: Gas | E31: m3 | F31: =F22 -> 126.6 | G31: =G23 -> 1171.05
F32: Total cost | G32: =SUM(G28:G31) -> 13767.523

Sheet 6
A1: ENGINEERING DEPARTMENT | H1: daily reading
A2: UTILITY CONSUMPTION SHEET
B3: ='1'!B3 -> February 2024 | C3: 6 | D3: % OCCUPANCY: | E3: ='Daily Meter'!O11
A4: SR.NO | B4: ITEM MEASURED | D4: Previous Reading | E4: 4 AM Reading | F4: 24hrs CONSUMPTION | G4: Cost
A6: 1 | B6: DISTRICT COOLING PLANT
B7: Chilled Water | C7: MWH | D7: ='5'!E7 -> 54213.8 | E7: ='Daily Meter'!B11 | F7: =E7-D7 -> #VALUE!
C8: TR | F8: =F7*284.34 -> #VALUE! | G8: =F8*0.63 -> #VALUE!
A9: III | B9: WATER METERS
B10: Main DEWA Meter | C10: m3 | D10: ='5'!E10 -> 210134 | E10: ='Daily Meter'!C11 | F10: =E10-D10 -> #VALUE!
B11: Imperial Gallon = m³ x 219.969 | C11: IG | F11: =F10*219.969 -> #VALUE! | G11: =F11*0.06 -> #VALUE!
A12: IV | B12: ELECTRICAL METERS
A13: 1 | B13: Meter 1 - 06065253 | C13: kW x 480 | D13: ='5'!E13 -> 6807.8 | E13: ='Daily Meter'!H11 | F13: =(E13-D13)*480 -> #VALUE!
A14: 2 | B14: Meter 2 - 06065255 | C14: kW x 480 | D14: ='5'!E14 -> 4108.1 | E14: ='Daily Meter'!I11 | F14: =(E14-D14)*480 -> #VALUE!
A15: 3 | B15: Meter 3 - 06065259 | C15: kW x 480 | D15: ='5'!E15 -> 4392 | E15: ='Daily Meter'!J11 | F15: =(E15-D15)*480 -> #VALUE!
A16: 4 | B16: Meter 4 - 06065262 | C16: kW x 480 | D16: ='5'!E16 -> 2460.5 | E16: ='Daily Meter'!K11 | F16: =(E16-D16)*480 -> #VALUE!
A17: 5 | B17: Meter 6 - 06065269 | C17: kW x 480 | D17: ='5'!E17 -> 5730.8 | E17: ='Daily Meter'!L11 | F17: =(E17-D17)*480 -> #VALUE!
A18: 6 | B18: Meter 7 - 06065283 | C18: kW x 480 | D18: ='5'!E18 -> 15415.7 | E18: ='Daily Meter'!M11 | F18: =(E18-D18)*480 -> #VALUE!
B19: TOTAL ELECTRICAL CONS.(kWh) | F19: =SUM(F13:F18) -> #VALUE! | G19: =F19*0.43 -> #VALUE!
A21: V | B21: GAS CONSUMPTION
A22: 1 | B22: MAIN LPG METER | C22: M3 | D22: ='5'!E22 -> 94807.9 | E22: ='Daily Meter'!N11 | F22: =E22-D22 -> #VALUE!
B23: L = m³ x 3.70 | C23: L | F23: =F22*3.7 -> #VALUE! | G23: =F23*2.5 -> #VALUE!
D26: Summary of Daily Hotel consumption
D27: Item measured | E27: Units | F27: Consumption | G27: AED
D28: Chilled water | E28: TR | F28: =F8 -> #VALUE! | G28: =G8 -> #VALUE!
D29: DEWA Water | E29: imp. Gallon | F29: =F11 -> #VALUE! | G29: =G11 -> #VALUE!
D30: Electricity | E30: kwh | F30: =F19 -> #VALUE! | G30: =G19 -> #VALUE!
D31: Gas | E31: m3 | F31: =F22 -> #VALUE! | G31: =G23 -> #VALUE!
F32: Total cost | G32: =SUM(G28:G31) -> #VALUE!

Sheet 7
A1: ENGINEERING DEPARTMENT | H1: daily reading
A2: UTILITY CONSUMPTION SHEET
B3: ='1'!B3 -> February 2024 | C3: 7 | D3: % OCCUPANCY: | E3: ='Daily Meter'!O12
A4: SR.NO | B4: ITEM MEASURED | D4: Previous Reading | E4: 4 AM Reading | F4: 24hrs CONSUMPTION | G4: Cost
A6: 1 | B6: DISTRICT COOLING PLANT
B7: Chilled Water | C7: MWH | D7: ='6'!E7 | E7: ='Daily Meter'!B12 | F7: =E7-D7 -> #VALUE!
C8: TR | F8: =F7*284.34 -> #VALUE! | G8: =F8*0.63 -> #VALUE!
A9: III | B9: WATER METERS
B10: Main DEWA Meter | C10: m3 | D10: ='6'!E10 | E10: ='Daily Meter'!C12 | F10: =E10-D10 -> #VALUE!
B11: Imperial Gallon = m³ x 219.969 | C11: IG | F11: =F10*219.969 -> #VALUE! | G11: =F11*0.06 -> #VALUE!
A12: IV | B12: ELECTRICAL METERS
A13: 1 | B13: Meter 1 - 06065253 | C13: kW x 480 | D13: ='6'!E13 | E13: ='Daily Meter'!H12 | F13: =(E13-D13)*480 -> #VALUE!
A14: 2 | B14: Meter 2 - 06065255 | C14: kW x 480 | D14: ='6'!E14 | E14: ='Daily Meter'!I12 | F14: =(E14-D14)*480 -> #VALUE!
A15: 3 | B15: Meter 3 - 06065259 | C15: kW x 480 | D15: ='6'!E15 | E15: ='Daily Meter'!J12 | F15: =(E15-D15)*480 -> #VALUE!
A16: 4 | B16: Meter 4 - 06065262 | C16: kW x 480 | D16: ='6'!E16 | E16: ='Daily Meter'!K12 | F16: =(E16-D16)*480 -> #VALUE!
A17: 5 | B17: Meter 6 - 06065269 | C17: kW x 480 | D17: ='6'!E17 | E17: ='Daily Meter'!L12 | F17: =(E17-D17)*480 -> #VALUE!
A18: 6 | B18: Meter 7 - 06065283 | C18: kW x 480 | D18: ='6'!E18 | E18: ='Daily Meter'!M12 | F18: =(E18-D18)*480 -> #VALUE!
B19: TOTAL ELECTRICAL CONS.(kWh) | F19: =SUM(F13:F18) -> #VALUE! | G19: =F19*0.43 -> #VALUE!
A21: V | B21: GAS CONSUMPTION
A22: 1 | B22: MAIN LPG METER | C22: M3 | D22: ='6'!E22 | E22: ='Daily Meter'!N12 | F22: =E22-D22 -> #VALUE!
B23: L = m³ x 3.70 | C23: L | F23: =F22*3.7 -> #VALUE! | G23: =F23*2.5 -> #VALUE!
D26: Summary of Daily Hotel consumption
D27: Item measured | E27: Units | F27: Consumption | G27: AED
D28: Chilled water | E28: TR | F28: =F8 -> #VALUE! | G28: =G8 -> #VALUE!
D29: DEWA Water | E29: imp. Gallon | F29: =F11 -> #VALUE! | G29: =G11 -> #VALUE!
D30: Electricity | E30: kwh | F30: =F19 -> #VALUE! | G30: =G19 -> #VALUE!
D31: Gas | E31: m3 | F31: =F22 -> #VALUE! | G31: =G23 -> #VALUE!
F32: Total cost | G32: =SUM(G28:G31) -> #VALUE!

Sheet 8
A1: ENGINEERING DEPARTMENT | H1: daily reading
A2: UTILITY CONSUMPTION SHEET
B3: ='1'!B3 -> February 2024 | C3: 8 | D3: % OCCUPANCY: | E3: ='Daily Meter'!O13
A4: SR.NO | B4: ITEM MEASURED | D4: Previous Reading | E4: 4 AM Reading | F4: 24hrs CONSUMPTION | G4: Cost
A6: 1 | B6: DISTRICT COOLING PLANT
B7: Chilled Water | C7: MWH | D7: ='7'!E7 | E7: ='Daily Meter'!B13 | F7: =E7-D7 -> #VALUE!
C8: TR | F8: =F7*284.34 -> #VALUE! | G8: =F8*0.63 -> #VALUE!
A9: III | B9: WATER METERS
B10: Main DEWA Meter | C10: m3 | D10: ='7'!E10 | E10: ='Daily Meter'!C13 | F10: =E10-D10 -> #VALUE!
B11: Imperial Gallon = m³ x 219.969 | C11: IG | F11: =F10*219.969 -> #VALUE! | G11: =F11*0.06 -> #VALUE!
A12: IV | B12: ELECTRICAL METERS
A13: 1 | B13: Meter 1 - 06065253 | C13: kW x 480 | D13: ='7'!E13 | E13: ='Daily Meter'!H13 | F13: =(E13-D13)*480 -> #VALUE!
A14: 2 | B14: Meter 2 - 06065255 | C14: kW x 480 | D14: ='7'!E14 | E14: ='Daily Meter'!I13 | F14: =(E14-D14)*480 -> #VALUE!
A15: 3 | B15: Meter 3 - 06065259 | C15: kW x 480 | D15: ='7'!E15 | E15: ='Daily Meter'!J13 | F15: =(E15-D15)*480 -> #VALUE!
A16: 4 | B16: Meter 4 - 06065262 | C16: kW x 480 | D16: ='7'!E16 | E16: ='Daily Meter'!K13 | F16: =(E16-D16)*480 -> #VALUE!
A17: 5 | B17: Meter 6 - 06065269 | C17: kW x 480 | D17: ='7'!E17 | E17: ='Daily Meter'!L13 | F17: =(E17-D17)*480 -> #VALUE!
A18: 6 | B18: Meter 7 - 06065283 | C18: kW x 480 | D18: ='7'!E18 | E18: ='Daily Meter'!M13 | F18: =(E18-D18)*480 -> #VALUE!
B19: TOTAL ELECTRICAL CONS.(kWh) | F19: =SUM(F13:F18) -> #VALUE! | G19: =F19*0.43 -> #VALUE!
A21: V | B21: GAS CONSUMPTION
A22: 1 | B22: MAIN LPG METER | C22: M3 | D22: ='7'!E22 | E22: ='Daily Meter'!N13 | F22: =E22-D22 -> #VALUE!
B23: L = m³ x 3.70 | C23: L | F23: =F22*3.7 -> #VALUE! | G23: =F23*2.5 -> #VALUE!
D26: Summary of Daily Hotel consumption
D27: Item measured | E27: Units | F27: Consumption | G27: AED
D28: Chilled water | E28: TR | F28: =F8 -> #VALUE! | G28: =G8 -> #VALUE!
D29: DEWA Water | E29: imp. Gallon | F29: =F11 -> #VALUE! | G29: =G11 -> #VALUE!
D30: Electricity | E30: kwh | F30: =F19 -> #VALUE! | G30: =G19 -> #VALUE!
D31: Gas | E31: m3 | F31: =F22 -> #VALUE! | G31: =G23 -> #VALUE!
F32: Total cost | G32: =SUM(G28:G31) -> #VALUE!

Sheet 9
A1: ENGINEERING DEPARTMENT | H1: daily reading
A2: UTILITY CONSUMPTION SHEET
B3: ='1'!B3 -> February 2024 | C3: 9 | D3: % OCCUPANCY: | E3: ='Daily Meter'!O14
A4: SR.NO | B4: ITEM MEASURED | D4: Previous Reading | E4: 4 AM Reading | F4: 24hrs CONSUMPTION | G4: Cost
A6: 1 | B6: DISTRICT COOLING PLANT
B7: Chilled Water | C7: MWH | D7: ='8'!E7 | E7: ='Daily Meter'!B14 | F7: =E7-D7 -> #VALUE!
C8: TR | F8: =F7*284.34 -> #VALUE! | G8: =F8*0.63 -> #VALUE!
A9: III | B9: WATER METERS
B10: Main DEWA Meter | C10: m3 | D10: ='8'!E10 | E10: ='Daily Meter'!C14 | F10: =E10-D10 -> #VALUE!
B11: Imperial Gallon = m³ x 219.969 | C11: IG | F11: =F10*219.969 -> #VALUE! | G11: =F11*0.06 -> #VALUE!
A12: IV | B12: ELECTRICAL METERS
A13: 1 | B13: Meter 1 - 06065253 | C13: kW x 480 | D13: ='8'!E13 | E13: ='Daily Meter'!H14 | F13: =(E13-D13)*480 -> #VALUE!
A14: 2 | B14: Meter 2 - 06065255 | C14: kW x 480 | D14: ='8'!E14 | E14: ='Daily Meter'!I14 | F14: =(E14-D14)*480 -> #VALUE!
A15: 3 | B15: Meter 3 - 06065259 | C15: kW x 480 | D15: ='8'!E15 | E15: ='Daily Meter'!J14 | F15: =(E15-D15)*480 -> #VALUE!
A16: 4 | B16: Meter 4 - 06065262 | C16: kW x 480 | D16: ='8'!E16 | E16: ='Daily Meter'!K14 | F16: =(E16-D16)*480 -> #VALUE!
A17: 5 | B17: Meter 6 - 06065269 | C17: kW x 480 | D17: ='8'!E17 | E17: ='Daily Meter'!L14 | F17: =(E17-D17)*480 -> #VALUE!
A18: 6 | B18: Meter 7 - 06065283 | C18: kW x 480 | D18: ='8'!E18 | E18: ='Daily Meter'!M14 | F18: =(E18-D18)*480 -> #VALUE!
B19: TOTAL ELECTRICAL CONS.(kWh) | F19: =SUM(F13:F18) -> #VALUE! | G19: =F19*0.43 -> #VALUE!
A21: V | B21: GAS CONSUMPTION
A22: 1 | B22: MAIN LPG METER | C22: M3 | D22: ='8'!E22 | E22: ='Daily Meter'!N14 | F22: =E22-D22 -> #VALUE!
B23: L = m³ x 3.70 | C23: L | F23: =F22*3.7 -> #VALUE! | G23: =F23*2.5 -> #VALUE!
D26: Summary of Daily Hotel consumption
D27: Item measured | E27: Units | F27: Consumption | G27: AED
D28: Chilled water | E28: TR | F28: =F8 -> #VALUE! | G28: =G8 -> #VALUE!
D29: DEWA Water | E29: imp. Gallon | F29: =F11 -> #VALUE! | G29: =G11 -> #VALUE!
D30: Electricity | E30: kwh | F30: =F19 -> #VALUE! | G30: =G19 -> #VALUE!
D31: Gas | E31: m3 | F31: =F22 -> #VALUE! | G31: =G23 -> #VALUE!
F32: Total cost | G32: =SUM(G28:G31) -> #VALUE!

Sheet 10
A1: ENGINEERING DEPARTMENT | H1: daily reading
A2: UTILITY CONSUMPTION SHEET
B3: ='1'!B3 -> February 2024 | C3: 10 | D3: % OCCUPANCY: | E3: ='Daily Meter'!O15
A4: SR.NO | B4: ITEM MEASURED | D4: Previous Reading | E4: 4 AM Reading | F4: 24hrs CONSUMPTION | G4: Cost
A6: 1 | B6: DISTRICT COOLING PLANT
B7: Chilled Water | C7: MWH | D7: ='9'!E7 | E7: ='Daily Meter'!B15 | F7: =E7-D7 -> #VALUE!
C8: TR | F8: =F7*284.34 -> #VALUE! | G8: =F8*0.63 -> #VALUE!
A9: III | B9: WATER METERS
B10: Main DEWA Meter | C10: m3 | D10: ='9'!E10 | E10: ='Daily Meter'!C15 | F10: =E10-D10 -> #VALUE!
B11: Imperial Gallon = m³ x 219.969 | C11: IG | F11: =F10*219.969 -> #VALUE! | G11: =F11*0.06 -> #VALUE!
A12: IV | B12: ELECTRICAL METERS
A13: 1 | B13: Meter 1 - 06065253 | C13: kW x 480 | D13: ='9'!E13 | E13: ='Daily Meter'!H15 | F13: =(E13-D13)*480 -> #VALUE!
A14: 2 | B14: Meter 2 - 06065255 | C14: kW x 480 | D14: ='9'!E14 | E14: ='Daily Meter'!I15 | F14: =(E14-D14)*480 -> #VALUE!
A15: 3 | B15: Meter 3 - 06065259 | C15: kW x 480 | D15: ='9'!E15 | E15: ='Daily Meter'!J15 | F15: =(E15-D15)*480 -> #VALUE!
A16: 4 | B16: Meter 4 - 06065262 | C16: kW x 480 | D16: ='9'!E16 | E16: ='Daily Meter'!K15 | F16: =(E16-D16)*480 -> #VALUE!
A17: 5 | B17: Meter 6 - 06065269 | C17: kW x 480 | D17: ='9'!E17 | E17: ='Daily Meter'!L15 | F17: =(E17-D17)*480 -> #VALUE!
A18: 6 | B18: Meter 7 - 06065283 | C18: kW x 480 | D18: ='9'!E18 | E18: ='Daily Meter'!M15 | F18: =(E18-D18)*480 -> #VALUE!
B19: TOTAL ELECTRICAL CONS.(kWh) | F19: =SUM(F13:F18) -> #VALUE! | G19: =F19*0.43 -> #VALUE!
A21: V | B21: GAS CONSUMPTION
A22: 1 | B22: MAIN LPG METER | C22: M3 | D22: ='9'!E22 | E22: ='Daily Meter'!N15 | F22: =E22-D22 -> #VALUE!
B23: L = m³ x 3.70 | C23: L | F23: =F22*3.7 -> #VALUE! | G23: =F23*2.5 -> #VALUE!
D26: Summary of Daily Hotel consumption
D27: Item measured | E27: Units | F27: Consumption | G27: AED
D28: Chilled water | E28: TR | F28: =F8 -> #VALUE! | G28: =G8 -> #VALUE!
D29: DEWA Water | E29: imp. Gallon | F29: =F11 -> #VALUE! | G29: =G11 -> #VALUE!
D30: Electricity | E30: kwh | F30: =F19 -> #VALUE! | G30: =G19 -> #VALUE!
D31: Gas | E31: m3 | F31: =F22 -> #VALUE! | G31: =G23 -> #VALUE!
F32: Total cost | G32: =SUM(G28:G31) -> #VALUE!

Sheet 11
A1: ENGINEERING DEPARTMENT | H1: daily reading
A2: UTILITY CONSUMPTION SHEET
B3: ='1'!B3 -> February 2024 | C3: 11 | D3: % OCCUPANCY: | E3: ='Daily Meter'!O16
A4: SR.NO | B4: ITEM MEASURED | D4: Previous Reading | E4: 4 AM Reading | F4: 24hrs CONSUMPTION | G4: Cost
A6: 1 | B6: DISTRICT COOLING PLANT
B7: Chilled Water | C7: MWH | D7: ='10'!E7 | E7: ='Daily Meter'!B16 | F7: =E7-D7 -> #VALUE!
C8: TR | F8: =F7*284.34 -> #VALUE! | G8: =F8*0.63 -> #VALUE!
A9: III | B9: WATER METERS
B10: Main DEWA Meter | C10: m3 | D10: ='10'!E10 | E10: ='Daily Meter'!C16 | F10: =E10-D10 -> #VALUE!
B11: Imperial Gallon = m³ x 219.969 | C11: IG | F11: =F10*219.969 -> #VALUE! | G11: =F11*0.06 -> #VALUE!
A12: IV | B12: ELECTRICAL METERS
A13: 1 | B13: Meter 1 - 06065253 | C13: kW x 480 | D13: ='10'!E13 | E13: ='Daily Meter'!H16 | F13: =(E13-D13)*480 -> #VALUE!
A14: 2 | B14: Meter 2 - 06065255 | C14: kW x 480 | D14: ='10'!E14 | E14: ='Daily Meter'!I16 | F14: =(E14-D14)*480 -> #VALUE!
A15: 3 | B15: Meter 3 - 06065259 | C15: kW x 480 | D15: ='10'!E15 | E15: ='Daily Meter'!J16 | F15: =(E15-D15)*480 -> #VALUE!
A16: 4 | B16: Meter 4 - 06065262 | C16: kW x 480 | D16: ='10'!E16 | E16: ='Daily Meter'!K16 | F16: =(E16-D16)*480 -> #VALUE!
A17: 5 | B17: Meter 6 - 06065269 | C17: kW x 480 | D17: ='10'!E17 | E17: ='Daily Meter'!L16 | F17: =(E17-D17)*480 -> #VALUE!
A18: 6 | B18: Meter 7 - 06065283 | C18: kW x 480 | D18: ='10'!E18 | E18: ='Daily Meter'!M16 | F18: =(E18-D18)*480 -> #VALUE!
B19: TOTAL ELECTRICAL CONS.(kWh) | F19: =SUM(F13:F18) -> #VALUE! | G19: =F19*0.43 -> #VALUE!
A21: V | B21: GAS CONSUMPTION
A22: 1 | B22: MAIN LPG METER | C22: M3 | D22: ='10'!E22 | E22: ='Daily Meter'!N16 | F22: =E22-D22 -> #VALUE!
B23: L = m³ x 3.70 | C23: L | F23: =F22*3.7 -> #VALUE! | G23: =F23*2.5 -> #VALUE!
D26: Summary of Daily Hotel consumption
D27: Item measured | E27: Units | F27: Consumption | G27: AED
D28: Chilled water | E28: TR | F28: =F8 -> #VALUE! | G28: =G8 -> #VALUE!
D29: DEWA Water | E29: imp. Gallon | F29: =F11 -> #VALUE! | G29: =G11 -> #VALUE!
D30: Electricity | E30: kwh | F30: =F19 -> #VALUE! | G30: =G19 -> #VALUE!
D31: Gas | E31: m3 | F31: =F22 -> #VALUE! | G31: =G23 -> #VALUE!
F32: Total cost | G32: =SUM(G28:G31) -> #VALUE!

Sheet 12
A1: ENGINEERING DEPARTMENT | H1: daily reading
A2: UTILITY CONSUMPTION SHEET
B3: ='1'!B3 -> February 2024 | C3: 12 | D3: % OCCUPANCY: | E3: ='Daily Meter'!O17
A4: SR.NO | B4: ITEM MEASURED | D4: Previous Reading | E4: 4 AM Reading | F4: 24hrs CONSUMPTION | G4: Cost
A6: 1 | B6: DISTRICT COOLING PLANT
B7: Chilled Water | C7: MWH | D7: ='11'!E7 | E7: ='Daily Meter'!B17 | F7: =E7-D7 -> #VALUE!
C8: TR | F8: =F7*284.34 -> #VALUE! | G8: =F8*0.63 -> #VALUE!
A9: III | B9: WATER METERS
B10: Main DEWA Meter | C10: m3 | D10: ='11'!E10 | E10: ='Daily Meter'!C17 | F10: =E10-D10 -> #VALUE!
B11: Imperial Gallon = m³ x 219.969 | C11: IG | F11: =F10*219.969 -> #VALUE! | G11: =F11*0.06 -> #VALUE!
A12: IV | B12: ELECTRICAL METERS
A13: 1 | B13: Meter 1 - 06065253 | C13: kW x 480 | D13: ='11'!E13 | E13: ='Daily Meter'!H17 | F13: =(E13-D13)*480 -> #VALUE!
A14: 2 | B14: Meter 2 - 06065255 | C14: kW x 480 | D14: ='11'!E14 | E14: ='Daily Meter'!I17 | F14: =(E14-D14)*480 -> #VALUE!
A15: 3 | B15: Meter 3 - 06065259 | C15: kW x 480 | D15: ='11'!E15 | E15: ='Daily Meter'!J17 | F15: =(E15-D15)*480 -> #VALUE!
A16: 4 | B16: Meter 4 - 06065262 | C16: kW x 480 | D16: ='11'!E16 | E16: ='Daily Meter'!K17 | F16: =(E16-D16)*480 -> #VALUE!
A17: 5 | B17: Meter 6 - 06065269 | C17: kW x 480 | D17: ='11'!E17 | E17: ='Daily Meter'!L17 | F17: =(E17-D17)*480 -> #VALUE!
A18: 6 | B18: Meter 7 - 06065283 | C18: kW x 480 | D18: ='11'!E18 | E18: ='Daily Meter'!M17 | F18: =(E18-D18)*480 -> #VALUE!
B19: TOTAL ELECTRICAL CONS.(kWh) | F19: =SUM(F13:F18) -> #VALUE! | G19: =F19*0.43 -> #VALUE!
A21: V | B21: GAS CONSUMPTION
A22: 1 | B22: MAIN LPG METER | C22: M3 | D22: ='11'!E22 | E22: ='Daily Meter'!N17 | F22: =E22-D22 -> #VALUE!
B23: L = m³ x 3.70 | C23: L | F23: =F22*3.7 -> #VALUE! | G23: =F23*2.5 -> #VALUE!
D26: Summary of Daily Hotel consumption
D27: Item measured | E27: Units | F27: Consumption | G27: AED
D28: Chilled water | E28: TR | F28: =F8 -> #VALUE! | G28: =G8 -> #VALUE!
D29: DEWA Water | E29: imp. Gallon | F29: =F11 -> #VALUE! | G29: =G11 -> #VALUE!
D30: Electricity | E30: kwh | F30: =F19 -> #VALUE! | G30: =G19 -> #VALUE!
D31: Gas | E31: m3 | F31: =F22 -> #VALUE! | G31: =G23 -> #VALUE!
F32: Total cost | G32: =SUM(G28:G31) -> #VALUE!

Sheet 13
A1: ENGINEERING DEPARTMENT | H1: daily reading
A2: UTILITY CONSUMPTION SHEET
B3: ='1'!B3 -> February 2024 | C3: 13 | D3: % OCCUPANCY: | E3: ='Daily Meter'!O18
A4: SR.NO | B4: ITEM MEASURED | D4: Previous Reading | E4: 4 AM Reading | F4: 24hrs CONSUMPTION | G4: Cost
A6: 1 | B6: DISTRICT COOLING PLANT
B7: Chilled Water | C7: MWH | D7: ='12'!E7 | E7: ='Daily Meter'!B18 | F7: =E7-D7 -> #VALUE!
C8: TR | F8: =F7*284.34 -> #VALUE! | G8: =F8*0.63 -> #VALUE!
A9: III | B9: WATER METERS
B10: Main DEWA Meter | C10: m3 | D10: ='12'!E10 | E10: ='Daily Meter'!C18 | F10: =E10-D10 -> #VALUE!
B11: Imperial Gallon = m³ x 219.969 | C11: IG | F11: =F10*219.969 -> #VALUE! | G11: =F11*0.06 -> #VALUE!
A12: IV | B12: ELECTRICAL METERS
A13: 1 | B13: Meter 1 - 06065253 | C13: kW x 480 | D13: ='12'!E13 | E13: ='Daily Meter'!H18 | F13: =(E13-D13)*480 -> #VALUE!
A14: 2 | B14: Meter 2 - 06065255 | C14: kW x 480 | D14: ='12'!E14 | E14: ='Daily Meter'!I18 | F14: =(E14-D14)*480 -> #VALUE!
A15: 3 | B15: Meter 3 - 06065259 | C15: kW x 480 | D15: ='12'!E15 | E15: ='Daily Meter'!J18 | F15: =(E15-D15)*480 -> #VALUE!
A16: 4 | B16: Meter 4 - 06065262 | C16: kW x 480 | D16: ='12'!E16 | E16: ='Daily Meter'!K18 | F16: =(E16-D16)*480 -> #VALUE!
A17: 5 | B17: Meter 6 - 06065269 | C17: kW x 480 | D17: ='12'!E17 | E17: ='Daily Meter'!L18 | F17: =(E17-D17)*480 -> #VALUE!
A18: 6 | B18: Meter 7 - 06065283 | C18: kW x 480 | D18: ='12'!E18 | E18: ='Daily Meter'!M18 | F18: =(E18-D18)*480 -> #VALUE!
B19: TOTAL ELECTRICAL CONS.(kWh) | F19: =SUM(F13:F18) -> #VALUE! | G19: =F19*0.43 -> #VALUE!
A21: V | B21: GAS CONSUMPTION
A22: 1 | B22: MAIN LPG METER | C22: M3 | D22: ='12'!E22 | E22: ='Daily Meter'!N18 | F22: =E22-D22 -> #VALUE!
B23: L = m³ x 3.70 | C23: L | F23: =F22*3.7 -> #VALUE! | G23: =F23*2.5 -> #VALUE!
D26: Summary of Daily Hotel consumption
D27: Item measured | E27: Units | F27: Consumption | G27: AED
D28: Chilled water | E28: TR | F28: =F8 -> #VALUE! | G28: =G8 -> #VALUE!
D29: DEWA Water | E29: imp. Gallon | F29: =F11 -> #VALUE! | G29: =G11 -> #VALUE!
D30: Electricity | E30: kwh | F30: =F19 -> #VALUE! | G30: =G19 -> #VALUE!
D31: Gas | E31: m3 | F31: =F22 -> #VALUE! | G31: =G23 -> #VALUE!
F32: Total cost | G32: =SUM(G28:G31) -> #VALUE!

Sheet 14
A1: ENGINEERING DEPARTMENT | H1: daily reading
A2: UTILITY CONSUMPTION SHEET
B3: ='1'!B3 -> February 2024 | C3: 14 | D3: % OCCUPANCY: | E3: ='Daily Meter'!O19
A4: SR.NO | B4: ITEM MEASURED | D4: Previous Reading | E4: 4 AM Reading | F4: 24hrs CONSUMPTION | G4: Cost
A6: 1 | B6: DISTRICT COOLING PLANT
B7: Chilled Water | C7: MWH | D7: ='13'!E7 | E7: ='Daily Meter'!B19 | F7: =E7-D7 -> #VALUE!
C8: TR | F8: =F7*284.34 -> #VALUE! | G8: =F8*0.63 -> #VALUE!
A9: III | B9: WATER METERS
B10: Main DEWA Meter | C10: m3 | D10: ='13'!E10 | E10: ='Daily Meter'!C19 | F10: =E10-D10 -> #VALUE!
B11: Imperial Gallon = m³ x 219.969 | C11: IG | F11: =F10*219.969 -> #VALUE! | G11: =F11*0.06 -> #VALUE!
A12: IV | B12: ELECTRICAL METERS
A13: 1 | B13: Meter 1 - 06065253 | C13: kW x 480 | D13: ='13'!E13 | E13: ='Daily Meter'!H19 | F13: =(E13-D13)*480 -> #VALUE!
A14: 2 | B14: Meter 2 - 06065255 | C14: kW x 480 | D14: ='13'!E14 | E14: ='Daily Meter'!I19 | F14: =(E14-D14)*480 -> #VALUE!
A15: 3 | B15: Meter 3 - 06065259 | C15: kW x 480 | D15: ='13'!E15 | E15: ='Daily Meter'!J19 | F15: =(E15-D15)*480 -> #VALUE!
A16: 4 | B16: Meter 4 - 06065262 | C16: kW x 480 | D16: ='13'!E16 | E16: ='Daily Meter'!K19 | F16: =(E16-D16)*480 -> #VALUE!
A17: 5 | B17: Meter 6 - 06065269 | C17: kW x 480 | D17: ='13'!E17 | E17: ='Daily Meter'!L19 | F17: =(E17-D17)*480 -> #VALUE!
A18: 6 | B18: Meter 7 - 06065283 | C18: kW x 480 | D18: ='13'!E18 | E18: ='Daily Meter'!M19 | F18: =(E18-D18)*480 -> #VALUE!
B19: TOTAL ELECTRICAL CONS.(kWh) | F19: =SUM(F13:F18) -> #VALUE! | G19: =F19*0.43 -> #VALUE!
A21: V | B21: GAS CONSUMPTION
A22: 1 | B22: MAIN LPG METER | C22: M3 | D22: ='13'!E22 | E22: ='Daily Meter'!N19 | F22: =E22-D22 -> #VALUE!
B23: L = m³ x 3.70 | C23: L | F23: =F22*3.7 -> #VALUE! | G23: =F23*2.5 -> #VALUE!
D26: Summary of Daily Hotel consumption
D27: Item measured | E27: Units | F27: Consumption | G27: AED
D28: Chilled water | E28: TR | F28: =F8 -> #VALUE! | G28: =G8 -> #VALUE!
D29: DEWA Water | E29: imp. Gallon | F29: =F11 -> #VALUE! | G29: =G11 -> #VALUE!
D30: Electricity | E30: kwh | F30: =F19 -> #VALUE! | G30: =G19 -> #VALUE!
D31: Gas | E31: m3 | F31: =F22 -> #VALUE! | G31: =G23 -> #VALUE!
F32: Total cost | G32: =SUM(G28:G31) -> #VALUE!

Sheet 15
A1: ENGINEERING DEPARTMENT | H1: daily reading
A2: UTILITY CONSUMPTION SHEET
B3: ='1'!B3 -> February 2024 | C3: 15 | D3: % OCCUPANCY: | E3: ='Daily Meter'!O20
A4: SR.NO | B4: ITEM MEASURED | D4: Previous Reading | E4: 4 AM Reading | F4: 24hrs CONSUMPTION | G4: Cost
A6: 1 | B6: DISTRICT COOLING PLANT
B7: Chilled Water | C7: MWH | D7: ='14'!E7 | E7: ='Daily Meter'!B20 | F7: =E7-D7 -> #VALUE!
C8: TR | F8: =F7*284.34 -> #VALUE! | G8: =F8*0.63 -> #VALUE!
A9: III | B9: WATER METERS
B10: Main DEWA Meter | C10: m3 | D10: ='14'!E10 | E10: ='Daily Meter'!C20 | F10: =E10-D10 -> #VALUE!
B11: Imperial Gallon = m³ x 219.969 | C11: IG | F11: =F10*219.969 -> #VALUE! | G11: =F11*0.06 -> #VALUE!
A12: IV | B12: ELECTRICAL METERS
A13: 1 | B13: Meter 1 - 06065253 | C13: kW x 480 | D13: ='14'!E13 | E13: ='Daily Meter'!H20 | F13: =(E13-D13)*480 -> #VALUE!
A14: 2 | B14: Meter 2 - 06065255 | C14: kW x 480 | D14: ='14'!E14 | E14: ='Daily Meter'!I20 | F14: =(E14-D14)*480 -> #VALUE!
A15: 3 | B15: Meter 3 - 06065259 | C15: kW x 480 | D15: ='14'!E15 | E15: ='Daily Meter'!J20 | F15: =(E15-D15)*480 -> #VALUE!
A16: 4 | B16: Meter 4 - 06065262 | C16: kW x 480 | D16: ='14'!E16 | E16: ='Daily Meter'!K20 | F16: =(E16-D16)*480 -> #VALUE!
A17: 5 | B17: Meter 6 - 06065269 | C17: kW x 480 | D17: ='14'!E17 | E17: ='Daily Meter'!L20 | F17: =(E17-D17)*480 -> #VALUE!
A18: 6 | B18: Meter 7 - 06065283 | C18: kW x 480 | D18: ='14'!E18 | E18: ='Daily Meter'!M20 | F18: =(E18-D18)*480 -> #VALUE!
B19: TOTAL ELECTRICAL CONS.(kWh) | F19: =SUM(F13:F18) -> #VALUE! | G19: =F19*0.43 -> #VALUE!
A21: V | B21: GAS CONSUMPTION
A22: 1 | B22: MAIN LPG METER | C22: M3 | D22: ='14'!E22 | E22: ='Daily Meter'!N20 | F22: =E22-D22 -> #VALUE!
B23: L = m³ x 3.70 | C23: L | F23: =F22*3.7 -> #VALUE! | G23: =F23*2.5 -> #VALUE!
D26: Summary of Daily Hotel consumption
D27: Item measured | E27: Units | F27: Consumption | G27: AED
D28: Chilled water | E28: TR | F28: =F8 -> #VALUE! | G28: =G8 -> #VALUE!
D29: DEWA Water | E29: imp. Gallon | F29: =F11 -> #VALUE! | G29: =G11 -> #VALUE!
D30: Electricity | E30: kwh | F30: =F19 -> #VALUE! | G30: =G19 -> #VALUE!
D31: Gas | E31: m3 | F31: =F22 -> #VALUE! | G31: =G23 -> #VALUE!
F32: Total cost | G32: =SUM(G28:G31) -> #VALUE!

Sheet 16
A1: ENGINEERING DEPARTMENT | H1: daily reading
A2: UTILITY CONSUMPTION SHEET
B3: ='1'!B3 -> February 2024 | C3: 16 | D3: % OCCUPANCY: | E3: ='Daily Meter'!O21
A4: SR.NO | B4: ITEM MEASURED | D4: Previous Reading | E4: 4 AM Reading | F4: 24hrs CONSUMPTION | G4: Cost
A6: 1 | B6: DISTRICT COOLING PLANT
B7: Chilled Water | C7: MWH | D7: ='15'!E7 | E7: ='Daily Meter'!B21 | F7: =E7-D7 -> #VALUE!
C8: TR | F8: =F7*284.34 -> #VALUE! | G8: =F8*0.63 -> #VALUE!
A9: III | B9: WATER METERS
B10: Main DEWA Meter | C10: m3 | D10: ='15'!E10 | E10: ='Daily Meter'!C21 | F10: =E10-D10 -> #VALUE!
B11: Imperial Gallon = m³ x 219.969 | C11: IG | F11: =F10*219.969 -> #VALUE! | G11: =F11*0.06 -> #VALUE!
A12: IV | B12: ELECTRICAL METERS
A13: 1 | B13: Meter 1 - 06065253 | C13: kW x 480 | D13: ='15'!E13 | E13: ='Daily Meter'!H21 | F13: =(E13-D13)*480 -> #VALUE!
A14: 2 | B14: Meter 2 - 06065255 | C14: kW x 480 | D14: ='15'!E14 | E14: ='Daily Meter'!I21 | F14: =(E14-D14)*480 -> #VALUE!
A15: 3 | B15: Meter 3 - 06065259 | C15: kW x 480 | D15: ='15'!E15 | E15: ='Daily Meter'!J21 | F15: =(E15-D15)*480 -> #VALUE!
A16: 4 | B16: Meter 4 - 06065262 | C16: kW x 480 | D16: ='15'!E16 | E16: ='Daily Meter'!K21 | F16: =(E16-D16)*480 -> #VALUE!
A17: 5 | B17: Meter 6 - 06065269 | C17: kW x 480 | D17: ='15'!E17 | E17: ='Daily Meter'!L21 | F17: =(E17-D17)*480 -> #VALUE!
A18: 6 | B18: Meter 7 - 06065283 | C18: kW x 480 | D18: ='15'!E18 | E18: ='Daily Meter'!M21 | F18: =(E18-D18)*480 -> #VALUE!
B19: TOTAL ELECTRICAL CONS.(kWh) | F19: =SUM(F13:F18) -> #VALUE! | G19: =F19*0.43 -> #VALUE!
A21: V | B21: GAS CONSUMPTION
A22: 1 | B22: MAIN LPG METER | C22: M3 | D22: ='15'!E22 | E22: ='Daily Meter'!N21 | F22: =E22-D22 -> #VALUE!
B23: L = m³ x 3.70 | C23: L | F23: =F22*3.7 -> #VALUE! | G23: =F23*2.5 -> #VALUE!
D26: Summary of Daily Hotel consumption
D27: Item measured | E27: Units | F27: Consumption | G27: AED
D28: Chilled water | E28: TR | F28: =F8 -> #VALUE! | G28: =G8 -> #VALUE!
D29: DEWA Water | E29: imp. Gallon | F29: =F11 -> #VALUE! | G29: =G11 -> #VALUE!
D30: Electricity | E30: kwh | F30: =F19 -> #VALUE! | G30: =G19 -> #VALUE!
D31: Gas | E31: m3 | F31: =F22 -> #VALUE! | G31: =G23 -> #VALUE!
F32: Total cost | G32: =SUM(G28:G31) -> #VALUE!

Sheet 17
A1: ENGINEERING DEPARTMENT | H1: daily reading
A2: UTILITY CONSUMPTION SHEET
B3: ='1'!B3 -> February 2024 | C3: 17 | D3: % OCCUPANCY: | E3: ='Daily Meter'!O22
A4: SR.NO | B4: ITEM MEASURED | D4: Previous Reading | E4: 4 AM Reading | F4: 24hrs CONSUMPTION | G4: Cost
A6: 1 | B6: DISTRICT COOLING PLANT
B7: Chilled Water | C7: MWH | D7: ='16'!E7 | E7: ='Daily Meter'!B22 | F7: =E7-D7 -> #VALUE!
C8: TR | F8: =F7*284.34 -> #VALUE! | G8: =F8*0.63 -> #VALUE!
A9: III | B9: WATER METERS
B10: Main DEWA Meter | C10: m3 | D10: ='16'!E10 | E10: ='Daily Meter'!C22 | F10: =E10-D10 -> #VALUE!
B11: Imperial Gallon = m³ x 219.969 | C11: IG | F11: =F10*219.969 -> #VALUE! | G11: =F11*0.06 -> #VALUE!
A12: IV | B12: ELECTRICAL METERS
A13: 1 | B13: Meter 1 - 06065253 | C13: kW x 480 | D13: ='16'!E13 | E13: ='Daily Meter'!H22 | F13: =(E13-D13)*480 -> #VALUE!
A14: 2 | B14: Meter 2 - 06065255 | C14: kW x 480 | D14: ='16'!E14 | E14: ='Daily Meter'!I22 | F14: =(E14-D14)*480 -> #VALUE!
A15: 3 | B15: Meter 3 - 06065259 | C15: kW x 480 | D15: ='16'!E15 | E15: ='Daily Meter'!J22 | F15: =(E15-D15)*480 -> #VALUE!
A16: 4 | B16: Meter 4 - 06065262 | C16: kW x 480 | D16: ='16'!E16 | E16: ='Daily Meter'!K22 | F16: =(E16-D16)*480 -> #VALUE!
A17: 5 | B17: Meter 6 - 06065269 | C17: kW x 480 | D17: ='16'!E17 | E17: ='Daily Meter'!L22 | F17: =(E17-D17)*480 -> #VALUE!
A18: 6 | B18: Meter 7 - 06065283 | C18: kW x 480 | D18: ='16'!E18 | E18: ='Daily Meter'!M22 | F18: =(E18-D18)*480 -> #VALUE!
B19: TOTAL ELECTRICAL CONS.(kWh) | F19: =SUM(F13:F18) -> #VALUE! | G19: =F19*0.43 -> #VALUE!
A21: V | B21: GAS CONSUMPTION
A22: 1 | B22: MAIN LPG METER | C22: M3 | D22: ='16'!E22 | E22: ='Daily Meter'!N22 | F22: =E22-D22 -> #VALUE!
B23: L = m³ x 3.70 | C23: L | F23: =F22*3.7 -> #VALUE! | G23: =F23*2.5 -> #VALUE!
D26: Summary of Daily Hotel consumption
D27: Item measured | E27: Units | F27: Consumption | G27: AED
D28: Chilled water | E28: TR | F28: =F8 -> #VALUE! | G28: =G8 -> #VALUE!
D29: DEWA Water | E29: imp. Gallon | F29: =F11 -> #VALUE! | G29: =G11 -> #VALUE!
D30: Electricity | E30: kwh | F30: =F19 -> #VALUE! | G30: =G19 -> #VALUE!
D31: Gas | E31: m3 | F31: =F22 -> #VALUE! | G31: =G23 -> #VALUE!
F32: Total cost | G32: =SUM(G28:G31) -> #VALUE!

Sheet 18
A1: ENGINEERING DEPARTMENT | H1: daily reading
A2: UTILITY CONSUMPTION SHEET
B3: ='1'!B3 -> February 2024 | C3: 18 | D3: % OCCUPANCY: | E3: ='Daily Meter'!O23
A4: SR.NO | B4: ITEM MEASURED | D4: Previous Reading | E4: 4 AM Reading | F4: 24hrs CONSUMPTION | G4: Cost
A6: 1 | B6: DISTRICT COOLING PLANT
B7: Chilled Water | C7: MWH | D7: ='17'!E7 | E7: ='Daily Meter'!B23 | F7: =E7-D7 -> #VALUE!
C8: TR | F8: =F7*284.34 -> #VALUE! | G8: =F8*0.63 -> #VALUE!
A9: III | B9: WATER METERS
B10: Main DEWA Meter | C10: m3 | D10: ='17'!E10 | E10: ='Daily Meter'!C23 | F10: =E10-D10 -> #VALUE!
B11: Imperial Gallon = m³ x 219.969 | C11: IG | F11: =F10*219.969 -> #VALUE! | G11: =F11*0.06 -> #VALUE!
A12: IV | B12: ELECTRICAL METERS
A13: 1 | B13: Meter 1 - 06065253 | C13: kW x 480 | D13: ='17'!E13 | E13: ='Daily Meter'!H23 | F13: =(E13-D13)*480 -> #VALUE!
A14: 2 | B14: Meter 2 - 06065255 | C14: kW x 480 | D14: ='17'!E14 | E14: ='Daily Meter'!I23 | F14: =(E14-D14)*480 -> #VALUE!
A15: 3 | B15: Meter 3 - 06065259 | C15: kW x 480 | D15: ='17'!E15 | E15: ='Daily Meter'!J23 | F15: =(E15-D15)*480 -> #VALUE!
A16: 4 | B16: Meter 4 - 06065262 | C16: kW x 480 | D16: ='17'!E16 | E16: ='Daily Meter'!K23 | F16: =(E16-D16)*480 -> #VALUE!
A17: 5 | B17: Meter 6 - 06065269 | C17: kW x 480 | D17: ='17'!E17 | E17: ='Daily Meter'!L23 | F17: =(E17-D17)*480 -> #VALUE!
A18: 6 | B18: Meter 7 - 06065283 | C18: kW x 480 | D18: ='17'!E18 | E18: ='Daily Meter'!M23 | F18: =(E18-D18)*480 -> #VALUE!
B19: TOTAL ELECTRICAL CONS.(kWh) | F19: =SUM(F13:F18) -> #VALUE! | G19: =F19*0.43 -> #VALUE!
A21: V | B21: GAS CONSUMPTION
A22: 1 | B22: MAIN LPG METER | C22: M3 | D22: ='17'!E22 | E22: ='Daily Meter'!N23 | F22: =E22-D22 -> #VALUE!
B23: L = m³ x 3.70 | C23: L | F23: =F22*3.7 -> #VALUE! | G23: =F23*2.5 -> #VALUE!
D26: Summary of Daily Hotel consumption
D27: Item measured | E27: Units | F27: Consumption | G27: AED
D28: Chilled water | E28: TR | F28: =F8 -> #VALUE! | G28: =G8 -> #VALUE!
D29: DEWA Water | E29: imp. Gallon | F29: =F11 -> #VALUE! | G29: =G11 -> #VALUE!
D30: Electricity | E30: kwh | F30: =F19 -> #VALUE! | G30: =G19 -> #VALUE!
D31: Gas | E31: m3 | F31: =F22 -> #VALUE! | G31: =G23 -> #VALUE!
F32: Total cost | G32: =SUM(G28:G31) -> #VALUE!

Sheet 19
A1: ENGINEERING DEPARTMENT | H1: daily reading
A2: UTILITY CONSUMPTION SHEET
B3: ='1'!B3 -> February 2024 | C3: 19 | D3: % OCCUPANCY: | E3: ='Daily Meter'!O24
A4: SR.NO | B4: ITEM MEASURED | D4: Previous Reading | E4: 4 AM Reading | F4: 24hrs CONSUMPTION | G4: Cost
A6: 1 | B6: DISTRICT COOLING PLANT
B7: Chilled Water | C7: MWH | D7: ='18'!E7 | E7: ='Daily Meter'!B24 | F7: =E7-D7 -> #VALUE!
C8: TR | F8: =F7*284.34 -> #VALUE! | G8: =F8*0.63 -> #VALUE!
A9: III | B9: WATER METERS
B10: Main DEWA Meter | C10: m3 | D10: ='18'!E10 | E10: ='Daily Meter'!C24 | F10: =E10-D10 -> #VALUE!
B11: Imperial Gallon = m³ x 219.969 | C11: IG | F11: =F10*219.969 -> #VALUE! | G11: =F11*0.06 -> #VALUE!
A12: IV | B12: ELECTRICAL METERS
A13: 1 | B13: Meter 1 - 06065253 | C13: kW x 480 | D13: ='18'!E13 | E13: ='Daily Meter'!H24 | F13: =(E13-D13)*480 -> #VALUE!
A14: 2 | B14: Meter 2 - 06065255 | C14: kW x 480 | D14: ='18'!E14 | E14: ='Daily Meter'!I24 | F14: =(E14-D14)*480 -> #VALUE!
A15: 3 | B15: Meter 3 - 06065259 | C15: kW x 480 | D15: ='18'!E15 | E15: ='Daily Meter'!J24 | F15: =(E15-D15)*480 -> #VALUE!
A16: 4 | B16: Meter 4 - 06065262 | C16: kW x 480 | D16: ='18'!E16 | E16: ='Daily Meter'!K24 | F16: =(E16-D16)*480 -> #VALUE!
A17: 5 | B17: Meter 6 - 06065269 | C17: kW x 480 | D17: ='18'!E17 | E17: ='Daily Meter'!L24 | F17: =(E17-D17)*480 -> #VALUE!
A18: 6 | B18: Meter 7 - 06065283 | C18: kW x 480 | D18: ='18'!E18 | E18: ='Daily Meter'!M24 | F18: =(E18-D18)*480 -> #VALUE!
B19: TOTAL ELECTRICAL CONS.(kWh) | F19: =SUM(F13:F18) -> #VALUE! | G19: =F19*0.43 -> #VALUE!
A21: V | B21: GAS CONSUMPTION
A22: 1 | B22: MAIN LPG METER | C22: M3 | D22: ='18'!E22 | E22: ='Daily Meter'!N24 | F22: =E22-D22 -> #VALUE!
B23: L = m³ x 3.70 | C23: L | F23: =F22*3.7 -> #VALUE! | G23: =F23*2.5 -> #VALUE!
D26: Summary of Daily Hotel consumption
D27: Item measured | E27: Units | F27: Consumption | G27: AED
D28: Chilled water | E28: TR | F28: =F8 -> #VALUE! | G28: =G8 -> #VALUE!
D29: DEWA Water | E29: imp. Gallon | F29: =F11 -> #VALUE! | G29: =G11 -> #VALUE!
D30: Electricity | E30: kwh | F30: =F19 -> #VALUE! | G30: =G19 -> #VALUE!
D31: Gas | E31: m3 | F31: =F22 -> #VALUE! | G31: =G23 -> #VALUE!
F32: Total cost | G32: =SUM(G28:G31) -> #VALUE!

Sheet 20
A1: ENGINEERING DEPARTMENT | H1: daily reading
A2: UTILITY CONSUMPTION SHEET
B3: ='1'!B3 -> February 2024 | C3: 20 | D3: % OCCUPANCY: | E3: ='Daily Meter'!O25
A4: SR.NO | B4: ITEM MEASURED | D4: Previous Reading | E4: 4 AM Reading | F4: 24hrs CONSUMPTION | G4: Cost
A6: 1 | B6: DISTRICT COOLING PLANT
B7: Chilled Water | C7: MWH | D7: ='19'!E7 | E7: ='Daily Meter'!B25 | F7: =E7-D7 -> #VALUE!
C8: TR | F8: =F7*284.34 -> #VALUE! | G8: =F8*0.63 -> #VALUE!
A9: III | B9: WATER METERS
B10: Main DEWA Meter | C10: m3 | D10: ='19'!E10 | E10: ='Daily Meter'!C25 | F10: =E10-D10 -> #VALUE!
B11: Imperial Gallon = m³ x 219.969 | C11: IG | F11: =F10*219.969 -> #VALUE! | G11: =F11*0.06 -> #VALUE!
A12: IV | B12: ELECTRICAL METERS
A13: 1 | B13: Meter 1 - 06065253 | C13: kW x 480 | D13: ='19'!E13 | E13: ='Daily Meter'!H25 | F13: =(E13-D13)*480 -> #VALUE!
A14: 2 | B14: Meter 2 - 06065255 | C14: kW x 480 | D14: ='19'!E14 | E14: ='Daily Meter'!I25 | F14: =(E14-D14)*480 -> #VALUE!
A15: 3 | B15: Meter 3 - 06065259 | C15: kW x 480 | D15: ='19'!E15 | E15: ='Daily Meter'!J25 | F15: =(E15-D15)*480 -> #VALUE!
A16: 4 | B16: Meter 4 - 06065262 | C16: kW x 480 | D16: ='19'!E16 | E16: ='Daily Meter'!K25 | F16: =(E16-D16)*480 -> #VALUE!
A17: 5 | B17: Meter 6 - 06065269 | C17: kW x 480 | D17: ='19'!E17 | E17: ='Daily Meter'!L25 | F17: =(E17-D17)*480 -> #VALUE!
A18: 6 | B18: Meter 7 - 06065283 | C18: kW x 480 | D18: ='19'!E18 | E18: ='Daily Meter'!M25 | F18: =(E18-D18)*480 -> #VALUE!
B19: TOTAL ELECTRICAL CONS.(kWh) | F19: =SUM(F13:F18) -> #VALUE! | G19: =F19*0.43 -> #VALUE!
A21: V | B21: GAS CONSUMPTION
A22: 1 | B22: MAIN LPG METER | C22: M3 | D22: ='19'!E22 | E22: ='Daily Meter'!N25 | F22: =E22-D22 -> #VALUE!
B23: L = m³ x 3.70 | C23: L | F23: =F22*3.7 -> #VALUE! | G23: =F23*2.5 -> #VALUE!
D26: Summary of Daily Hotel consumption
D27: Item measured | E27: Units | F27: Consumption | G27: AED
D28: Chilled water | E28: TR | F28: =F8 -> #VALUE! | G28: =G8 -> #VALUE!
D29: DEWA Water | E29: imp. Gallon | F29: =F11 -> #VALUE! | G29: =G11 -> #VALUE!
D30: Electricity | E30: kwh | F30: =F19 -> #VALUE! | G30: =G19 -> #VALUE!
D31: Gas | E31: m3 | F31: =F22 -> #VALUE! | G31: =G23 -> #VALUE!
F32: Total cost | G32: =SUM(G28:G31) -> #VALUE!

Sheet 21
A1: ENGINEERING DEPARTMENT | H1: daily reading
A2: UTILITY CONSUMPTION SHEET
B3: ='1'!B3 -> February 2024 | C3: 21 | D3: % OCCUPANCY: | E3: ='Daily Meter'!O26
A4: SR.NO | B4: ITEM MEASURED | D4: Previous Reading | E4: 4 AM Reading | F4: 24hrs CONSUMPTION | G4: Cost
A6: 1 | B6: DISTRICT COOLING PLANT
B7: Chilled Water | C7: MWH | D7: ='20'!E7 | E7: ='Daily Meter'!B26 | F7: =E7-D7 -> #VALUE!
C8: TR | F8: =F7*284.34 -> #VALUE! | G8: =F8*0.63 -> #VALUE!
A9: III | B9: WATER METERS
B10: Main DEWA Meter | C10: m3 | D10: ='20'!E10 | E10: ='Daily Meter'!C26 | F10: =E10-D10 -> #VALUE!
B11: Imperial Gallon = m³ x 219.969 | C11: IG | F11: =F10*219.969 -> #VALUE! | G11: =F11*0.06 -> #VALUE!
A12: IV | B12: ELECTRICAL METERS
A13: 1 | B13: Meter 1 - 06065253 | C13: kW x 480 | D13: ='20'!E13 | E13: ='Daily Meter'!H26 | F13: =(E13-D13)*480 -> #VALUE!
A14: 2 | B14: Meter 2 - 06065255 | C14: kW x 480 | D14: ='20'!E14 | E14: ='Daily Meter'!I26 | F14: =(E14-D14)*480 -> #VALUE!
A15: 3 | B15: Meter 3 - 06065259 | C15: kW x 480 | D15: ='20'!E15 | E15: ='Daily Meter'!J26 | F15: =(E15-D15)*480 -> #VALUE!
A16: 4 | B16: Meter 4 - 06065262 | C16: kW x 480 | D16: ='20'!E16 | E16: ='Daily Meter'!K26 | F16: =(E16-D16)*480 -> #VALUE!
A17: 5 | B17: Meter 6 - 06065269 | C17: kW x 480 | D17: ='20'!E17 | E17: ='Daily Meter'!L26 | F17: =(E17-D17)*480 -> #VALUE!
A18: 6 | B18: Meter 7 - 06065283 | C18: kW x 480 | D18: ='20'!E18 | E18: ='Daily Meter'!M26 | F18: =(E18-D18)*480 -> #VALUE!
B19: TOTAL ELECTRICAL CONS.(kWh) | F19: =SUM(F13:F18) -> #VALUE! | G19: =F19*0.43 -> #VALUE!
A21: V | B21: GAS CONSUMPTION
A22: 1 | B22: MAIN LPG METER | C22: M3 | D22: ='20'!E22 | E22: ='Daily Meter'!N26 | F22: =E22-D22 -> #VALUE!
B23: L = m³ x 3.70 | C23: L | F23: =F22*3.7 -> #VALUE! | G23: =F23*2.5 -> #VALUE!
D26: Summary of Daily Hotel consumption
D27: Item measured | E27: Units | F27: Consumption | G27: AED
D28: Chilled water | E28: TR | F28: =F8 -> #VALUE! | G28: =G8 -> #VALUE!
D29: DEWA Water | E29: imp. Gallon | F29: =F11 -> #VALUE! | G29: =G11 -> #VALUE!
D30: Electricity | E30: kwh | F30: =F19 -> #VALUE! | G30: =G19 -> #VALUE!
D31: Gas | E31: m3 | F31: =F22 -> #VALUE! | G31: =G23 -> #VALUE!
F32: Total cost | G32: =SUM(G28:G31) -> #VALUE!

Sheet 22
A1: ENGINEERING DEPARTMENT | H1: daily reading
A2: UTILITY CONSUMPTION SHEET
B3: ='1'!B3 -> February 2024 | C3: 22 | D3: % OCCUPANCY: | E3: ='Daily Meter'!O27
A4: SR.NO | B4: ITEM MEASURED | D4: Previous Reading | E4: 4 AM Reading | F4: 24hrs CONSUMPTION | G4: Cost
A6: 1 | B6: DISTRICT COOLING PLANT
B7: Chilled Water | C7: MWH | D7: ='21'!E7 | E7: ='Daily Meter'!B27 | F7: =E7-D7 -> #VALUE!
C8: TR | F8: =F7*284.34 -> #VALUE! | G8: =F8*0.63 -> #VALUE!
A9: III | B9: WATER METERS
B10: Main DEWA Meter | C10: m3 | D10: ='21'!E10 | E10: ='Daily Meter'!C27 | F10: =E10-D10 -> #VALUE!
B11: Imperial Gallon = m³ x 219.969 | C11: IG | F11: =F10*219.969 -> #VALUE! | G11: =F11*0.06 -> #VALUE!
A12: IV | B12: ELECTRICAL METERS
A13: 1 | B13: Meter 1 - 06065253 | C13: kW x 480 | D13: ='21'!E13 | E13: ='Daily Meter'!H27 | F13: =(E13-D13)*480 -> #VALUE!
A14: 2 | B14: Meter 2 - 06065255 | C14: kW x 480 | D14: ='21'!E14 | E14: ='Daily Meter'!I27 | F14: =(E14-D14)*480 -> #VALUE!
A15: 3 | B15: Meter 3 - 06065259 | C15: kW x 480 | D15: ='21'!E15 | E15: ='Daily Meter'!J27 | F15: =(E15-D15)*480 -> #VALUE!
A16: 4 | B16: Meter 4 - 06065262 | C16: kW x 480 | D16: ='21'!E16 | E16: ='Daily Meter'!K27 | F16: =(E16-D16)*480 -> #VALUE!
A17: 5 | B17: Meter 6 - 06065269 | C17: kW x 480 | D17: ='21'!E17 | E17: ='Daily Meter'!L27 | F17: =(E17-D17)*480 -> #VALUE!
A18: 6 | B18: Meter 7 - 06065283 | C18: kW x 480 | D18: ='21'!E18 | E18: ='Daily Meter'!M27 | F18: =(E18-D18)*480 -> #VALUE!
B19: TOTAL ELECTRICAL CONS.(kWh) | F19: =SUM(F13:F18) -> #VALUE! | G19: =F19*0.43 -> #VALUE!
A21: V | B21: GAS CONSUMPTION
A22: 1 | B22: MAIN LPG METER | C22: M3 | D22: ='21'!E22 | E22: ='Daily Meter'!N27 | F22: =E22-D22 -> #VALUE!
B23: L = m³ x 3.70 | C23: L | F23: =F22*3.7 -> #VALUE! | G23: =F23*2.5 -> #VALUE!
D26: Summary of Daily Hotel consumption
D27: Item measured | E27: Units | F27: Consumption | G27: AED
D28: Chilled water | E28: TR | F28: =F8 -> #VALUE! | G28: =G8 -> #VALUE!
D29: DEWA Water | E29: imp. Gallon | F29: =F11 -> #VALUE! | G29: =G11 -> #VALUE!
D30: Electricity | E30: kwh | F30: =F19 -> #VALUE! | G30: =G19 -> #VALUE!
D31: Gas | E31: m3 | F31: =F22 -> #VALUE! | G31: =G23 -> #VALUE!
F32: Total cost | G32: =SUM(G28:G31) -> #VALUE!

Sheet 23
A1: ENGINEERING DEPARTMENT | H1: daily reading
A2: UTILITY CONSUMPTION SHEET
B3: ='1'!B3 -> February 2024 | C3: 23 | D3: % OCCUPANCY: | E3: ='Daily Meter'!O28
A4: SR.NO | B4: ITEM MEASURED | D4: Previous Reading | E4: 4 AM Reading | F4: 24hrs CONSUMPTION | G4: Cost
A6: 1 | B6: DISTRICT COOLING PLANT
B7: Chilled Water | C7: MWH | D7: ='22'!E7 | E7: ='Daily Meter'!B28 | F7: =E7-D7 -> #VALUE!
C8: TR | F8: =F7*284.34 -> #VALUE! | G8: =F8*0.63 -> #VALUE!
A9: III | B9: WATER METERS
B10: Main DEWA Meter | C10: m3 | D10: ='22'!E10 | E10: ='Daily Meter'!C28 | F10: =E10-D10 -> #VALUE!
B11: Imperial Gallon = m³ x 219.969 | C11: IG | F11: =F10*219.969 -> #VALUE! | G11: =F11*0.06 -> #VALUE!
A12: IV | B12: ELECTRICAL METERS
A13: 1 | B13: Meter 1 - 06065253 | C13: kW x 480 | D13: ='22'!E13 | E13: ='Daily Meter'!H28 | F13: =(E13-D13)*480 -> #VALUE!
A14: 2 | B14: Meter 2 - 06065255 | C14: kW x 480 | D14: ='22'!E14 | E14: ='Daily Meter'!I28 | F14: =(E14-D14)*480 -> #VALUE!
A15: 3 | B15: Meter 3 - 06065259 | C15: kW x 480 | D15: ='22'!E15 | E15: ='Daily Meter'!J28 | F15: =(E15-D15)*480 -> #VALUE!
A16: 4 | B16: Meter 4 - 06065262 | C16: kW x 480 | D16: ='22'!E16 | E16: ='Daily Meter'!K28 | F16: =(E16-D16)*480 -> #VALUE!
A17: 5 | B17: Meter 6 - 06065269 | C17: kW x 480 | D17: ='22'!E17 | E17: ='Daily Meter'!L28 | F17: =(E17-D17)*480 -> #VALUE!
A18: 6 | B18: Meter 7 - 06065283 | C18: kW x 480 | D18: ='22'!E18 | E18: ='Daily Meter'!M28 | F18: =(E18-D18)*480 -> #VALUE!
B19: TOTAL ELECTRICAL CONS.(kWh) | F19: =SUM(F13:F18) -> #VALUE! | G19: =F19*0.43 -> #VALUE!
A21: V | B21: GAS CONSUMPTION
A22: 1 | B22: MAIN LPG METER | C22: M3 | D22: ='22'!E22 | E22: ='Daily Meter'!N28 | F22: =E22-D22 -> #VALUE!
B23: L = m³ x 3.70 | C23: L | F23: =F22*3.7 -> #VALUE! | G23: =F23*2.5 -> #VALUE!
D26: Summary of Daily Hotel consumption
D27: Item measured | E27: Units | F27: Consumption | G27: AED
D28: Chilled water | E28: TR | F28: =F8 -> #VALUE! | G28: =G8 -> #VALUE!
D29: DEWA Water | E29: imp. Gallon | F29: =F11 -> #VALUE! | G29: =G11 -> #VALUE!
D30: Electricity | E30: kwh | F30: =F19 -> #VALUE! | G30: =G19 -> #VALUE!
D31: Gas | E31: m3 | F31: =F22 -> #VALUE! | G31: =G23 -> #VALUE!
F32: Total cost | G32: =SUM(G28:G31) -> #VALUE!

Sheet 24
A1: ENGINEERING DEPARTMENT | H1: daily reading
A2: UTILITY CONSUMPTION SHEET
B3: ='1'!B3 -> February 2024 | C3: 24 | D3: % OCCUPANCY: | E3: ='Daily Meter'!O29
A4: SR.NO | B4: ITEM MEASURED | D4: Previous Reading | E4: 4 AM Reading | F4: 24hrs CONSUMPTION | G4: Cost
A6: 1 | B6: DISTRICT COOLING PLANT
B7: Chilled Water | C7: MWH | D7: ='23'!E7 | E7: ='Daily Meter'!B29 | F7: =E7-D7 -> #VALUE!
C8: TR | F8: =F7*284.34 -> #VALUE! | G8: =F8*0.63 -> #VALUE!
A9: III | B9: WATER METERS
B10: Main DEWA Meter | C10: m3 | D10: ='23'!E10 | E10: ='Daily Meter'!C29 | F10: =E10-D10 -> #VALUE!
B11: Imperial Gallon = m³ x 219.969 | C11: IG | F11: =F10*219.969 -> #VALUE! | G11: =F11*0.06 -> #VALUE!
A12: IV | B12: ELECTRICAL METERS
A13: 1 | B13: Meter 1 - 06065253 | C13: kW x 480 | D13: ='23'!E13 | E13: ='Daily Meter'!H29 | F13: =(E13-D13)*480 -> #VALUE!
A14: 2 | B14: Meter 2 - 06065255 | C14: kW x 480 | D14: ='23'!E14 | E14: ='Daily Meter'!I29 | F14: =(E14-D14)*480 -> #VALUE!
A15: 3 | B15: Meter 3 - 06065259 | C15: kW x 480 | D15: ='23'!E15 | E15: ='Daily Meter'!J29 | F15: =(E15-D15)*480 -> #VALUE!
A16: 4 | B16: Meter 4 - 06065262 | C16: kW x 480 | D16: ='23'!E16 | E16: ='Daily Meter'!K29 | F16: =(E16-D16)*480 -> #VALUE!
A17: 5 | B17: Meter 6 - 06065269 | C17: kW x 480 | D17: ='23'!E17 | E17: ='Daily Meter'!L29 | F17: =(E17-D17)*480 -> #VALUE!
A18: 6 | B18: Meter 7 - 06065283 | C18: kW x 480 | D18: ='23'!E18 | E18: ='Daily Meter'!M29 | F18: =(E18-D18)*480 -> #VALUE!
B19: TOTAL ELECTRICAL CONS.(kWh) | F19: =SUM(F13:F18) -> #VALUE! | G19: =F19*0.43 -> #VALUE!
A21: V | B21: GAS CONSUMPTION
A22: 1 | B22: MAIN LPG METER | C22: M3 | D22: ='23'!E22 | E22: ='Daily Meter'!N29 | F22: =E22-D22 -> #VALUE!
B23: L = m³ x 3.70 | C23: L | F23: =F22*3.7 -> #VALUE! | G23: =F23*2.5 -> #VALUE!
D26: Summary of Daily Hotel consumption
D27: Item measured | E27: Units | F27: Consumption | G27: AED
D28: Chilled water | E28: TR | F28: =F8 -> #VALUE! | G28: =G8 -> #VALUE!
D29: DEWA Water | E29: imp. Gallon | F29: =F11 -> #VALUE! | G29: =G11 -> #VALUE!
D30: Electricity | E30: kwh | F30: =F19 -> #VALUE! | G30: =G19 -> #VALUE!
D31: Gas | E31: m3 | F31: =F22 -> #VALUE! | G31: =G23 -> #VALUE!
F32: Total cost | G32: =SUM(G28:G31) -> #VALUE!

Sheet 25
A1: ENGINEERING DEPARTMENT | H1: daily reading
A2: UTILITY CONSUMPTION SHEET
B3: ='1'!B3 -> February 2024 | C3: 25 | D3: % OCCUPANCY: | E3: ='Daily Meter'!O30
A4: SR.NO | B4: ITEM MEASURED | D4: Previous Reading | E4: 4 AM Reading | F4: 24hrs CONSUMPTION | G4: Cost
A6: 1 | B6: DISTRICT COOLING PLANT
B7: Chilled Water | C7: MWH | D7: ='24'!E7 | E7: ='Daily Meter'!B30 | F7: =E7-D7 -> #VALUE!
C8: TR | F8: =F7*284.34 -> #VALUE! | G8: =F8*0.63 -> #VALUE!
A9: III | B9: WATER METERS
B10: Main DEWA Meter | C10: m3 | D10: ='24'!E10 | E10: ='Daily Meter'!C30 | F10: =E10-D10 -> #VALUE!
B11: Imperial Gallon = m³ x 219.969 | C11: IG | F11: =F10*219.969 -> #VALUE! | G11: =F11*0.06 -> #VALUE!
A12: IV | B12: ELECTRICAL METERS
A13: 1 | B13: Meter 1 - 06065253 | C13: kW x 480 | D13: ='24'!E13 | E13: ='Daily Meter'!H30 | F13: =(E13-D13)*480 -> #VALUE!
A14: 2 | B14: Meter 2 - 06065255 | C14: kW x 480 | D14: ='24'!E14 | E14: ='Daily Meter'!I30 | F14: =(E14-D14)*480 -> #VALUE!
A15: 3 | B15: Meter 3 - 06065259 | C15: kW x 480 | D15: ='24'!E15 | E15: ='Daily Meter'!J30 | F15: =(E15-D15)*480 -> #VALUE!
A16: 4 | B16: Meter 4 - 06065262 | C16: kW x 480 | D16: ='24'!E16 | E16: ='Daily Meter'!K30 | F16: =(E16-D16)*480 -> #VALUE!
A17: 5 | B17: Meter 6 - 06065269 | C17: kW x 480 | D17: ='24'!E17 | E17: ='Daily Meter'!L30 | F17: =(E17-D17)*480 -> #VALUE!
A18: 6 | B18: Meter 7 - 06065283 | C18: kW x 480 | D18: ='24'!E18 | E18: ='Daily Meter'!M30 | F18: =(E18-D18)*480 -> #VALUE!
B19: TOTAL ELECTRICAL CONS.(kWh) | F19: =SUM(F13:F18) -> #VALUE! | G19: =F19*0.43 -> #VALUE!
A21: V | B21: GAS CONSUMPTION
A22: 1 | B22: MAIN LPG METER | C22: M3 | D22: ='24'!E22 | E22: ='Daily Meter'!N30 | F22: =E22-D22 -> #VALUE!
B23: L = m³ x 3.70 | C23: L | F23: =F22*3.7 -> #VALUE! | G23: =F23*2.5 -> #VALUE!
D26: Summary of Daily Hotel consumption
D27: Item measured | E27: Units | F27: Consumption | G27: AED
D28: Chilled water | E28: TR | F28: =F8 -> #VALUE! | G28: =G8 -> #VALUE!
D29: DEWA Water | E29: imp. Gallon | F29: =F11 -> #VALUE! | G29: =G11 -> #VALUE!
D30: Electricity | E30: kwh | F30: =F19 -> #VALUE! | G30: =G19 -> #VALUE!
D31: Gas | E31: m3 | F31: =F22 -> #VALUE! | G31: =G23 -> #VALUE!
F32: Total cost | G32: =SUM(G28:G31) -> #VALUE!

Sheet 26
A1: ENGINEERING DEPARTMENT | H1: daily reading
A2: UTILITY CONSUMPTION SHEET
B3: ='1'!B3 -> February 2024 | C3: 26 | D3: % OCCUPANCY: | E3: ='Daily Meter'!O31
A4: SR.NO | B4: ITEM MEASURED | D4: Previous Reading | E4: 4 AM Reading | F4: 24hrs CONSUMPTION | G4: Cost
A6: 1 | B6: DISTRICT COOLING PLANT
B7: Chilled Water | C7: MWH | D7: ='25'!E7:E7 | E7: ='Daily Meter'!B31 | F7: =E7-D7 -> #VALUE!
C8: TR | F8: =F7*284.34 -> #VALUE! | G8: =F8*0.63 -> #VALUE!
A9: III | B9: WATER METERS
B10: Main DEWA Meter | C10: m3 | D10: ='25'!E10 | E10: ='Daily Meter'!C31 | F10: =E10-D10 -> #VALUE!
B11: Imperial Gallon = m³ x 219.969 | C11: IG | F11: =F10*219.969 -> #VALUE! | G11: =F11*0.06 -> #VALUE!
A12: IV | B12: ELECTRICAL METERS
A13: 1 | B13: Meter 1 - 06065253 | C13: kW x 480 | D13: ='25'!E13 | E13: ='Daily Meter'!H31 | F13: =(E13-D13)*480 -> #VALUE!
A14: 2 | B14: Meter 2 - 06065255 | C14: kW x 480 | D14: ='25'!E14 | E14: ='Daily Meter'!I31 | F14: =(E14-D14)*480 -> #VALUE!
A15: 3 | B15: Meter 3 - 06065259 | C15: kW x 480 | D15: ='25'!E15 | E15: ='Daily Meter'!J31 | F15: =(E15-D15)*480 -> #VALUE!
A16: 4 | B16: Meter 4 - 06065262 | C16: kW x 480 | D16: ='25'!E16 | E16: ='Daily Meter'!K31 | F16: =(E16-D16)*480 -> #VALUE!
A17: 5 | B17: Meter 6 - 06065269 | C17: kW x 480 | D17: ='25'!E17 | E17: ='Daily Meter'!L31 | F17: =(E17-D17)*480 -> #VALUE!
A18: 6 | B18: Meter 7 - 06065283 | C18: kW x 480 | D18: ='25'!E18 | E18: ='Daily Meter'!M31 | F18: =(E18-D18)*480 -> #VALUE!
B19: TOTAL ELECTRICAL CONS.(kWh) | F19: =SUM(F13:F18) -> #VALUE! | G19: =F19*0.43 -> #VALUE!
A21: V | B21: GAS CONSUMPTION
A22: 1 | B22: MAIN LPG METER | C22: M3 | D22: ='25'!E22 | E22: ='Daily Meter'!N31 | F22: =E22-D22 -> #VALUE!
B23: L = m³ x 3.70 | C23: L | F23: =F22*3.7 -> #VALUE! | G23: =F23*2.5 -> #VALUE!
D26: Summary of Daily Hotel consumption
D27: Item measured | E27: Units | F27: Consumption | G27: AED
D28: Chilled water | E28: TR | F28: =F8 -> #VALUE! | G28: =G8 -> #VALUE!
D29: DEWA Water | E29: imp. Gallon | F29: =F11 -> #VALUE! | G29: =G11 -> #VALUE!
D30: Electricity | E30: kwh | F30: =F19 -> #VALUE! | G30: =G19 -> #VALUE!
D31: Gas | E31: m3 | F31: =F22 -> #VALUE! | G31: =G23 -> #VALUE!
F32: Total cost | G32: =SUM(G28:G31) -> #VALUE!

Sheet 27
A1: ENGINEERING DEPARTMENT | H1: daily reading
A2: UTILITY CONSUMPTION SHEET
B3: ='1'!B3 -> February 2024 | C3: 27 | D3: % OCCUPANCY: | E3: ='Daily Meter'!O32
A4: SR.NO | B4: ITEM MEASURED | D4: Previous Reading | E4: 4 AM Reading | F4: 24hrs CONSUMPTION | G4: Cost
A6: 1 | B6: DISTRICT COOLING PLANT
B7: Chilled Water | C7: MWH | D7: ='26'!E7 | E7: ='Daily Meter'!B32 | F7: =E7-D7 -> #VALUE!
C8: TR | F8: =F7*284.34 -> #VALUE! | G8: =F8*0.63 -> #VALUE!
A9: III | B9: WATER METERS
B10: Main DEWA Meter | C10: m3 | D10: ='26'!E10 | E10: ='Daily Meter'!C32 | F10: =E10-D10 -> #VALUE!
B11: Imperial Gallon = m³ x 219.969 | C11: IG | F11: =F10*219.969 -> #VALUE! | G11: =F11*0.06 -> #VALUE!
A12: IV | B12: ELECTRICAL METERS
A13: 1 | B13: Meter 1 - 06065253 | C13: kW x 480 | D13: ='26'!E13 | E13: ='Daily Meter'!H32 | F13: =(E13-D13)*480 -> #VALUE!
A14: 2 | B14: Meter 2 - 06065255 | C14: kW x 480 | D14: ='26'!E14 | E14: ='Daily Meter'!I32 | F14: =(E14-D14)*480 -> #VALUE!
A15: 3 | B15: Meter 3 - 06065259 | C15: kW x 480 | D15: ='26'!E15 | E15: ='Daily Meter'!J32 | F15: =(E15-D15)*480 -> #VALUE!
A16: 4 | B16: Meter 4 - 06065262 | C16: kW x 480 | D16: ='26'!E16 | E16: ='Daily Meter'!K32 | F16: =(E16-D16)*480 -> #VALUE!
A17: 5 | B17: Meter 6 - 06065269 | C17: kW x 480 | D17: ='26'!E17 | E17: ='Daily Meter'!L32 | F17: =(E17-D17)*480 -> #VALUE!
A18: 6 | B18: Meter 7 - 06065283 | C18: kW x 480 | D18: ='26'!E18 | E18: ='Daily Meter'!M32 | F18: =(E18-D18)*480 -> #VALUE!
B19: TOTAL ELECTRICAL CONS.(kWh) | F19: =SUM(F13:F18) -> #VALUE! | G19: =F19*0.43 -> #VALUE!
A21: V | B21: GAS CONSUMPTION
A22: 1 | B22: MAIN LPG METER | C22: M3 | D22: ='26'!E22 | E22: ='Daily Meter'!N32 | F22: =E22-D22 -> #VALUE!
B23: L = m³ x 3.70 | C23: L | F23: =F22*3.7 -> #VALUE! | G23: =F23*2.5 -> #VALUE!
D26: Summary of Daily Hotel consumption
D27: Item measured | E27: Units | F27: Consumption | G27: AED
D28: Chilled water | E28: TR | F28: =F8 -> #VALUE! | G28: =G8 -> #VALUE!
D29: DEWA Water | E29: imp. Gallon | F29: =F11 -> #VALUE! | G29: =G11 -> #VALUE!
D30: Electricity | E30: kwh | F30: =F19 -> #VALUE! | G30: =G19 -> #VALUE!
D31: Gas | E31: m3 | F31: =F22 -> #VALUE! | G31: =G23 -> #VALUE!
F32: Total cost | G32: =SUM(G28:G31) -> #VALUE!

Sheet 28
A1: ENGINEERING DEPARTMENT | H1: daily reading
A2: UTILITY CONSUMPTION SHEET
B3: ='1'!B3 -> February 2024 | C3: 28 | D3: % OCCUPANCY: | E3: ='Daily Meter'!O33
A4: SR.NO | B4: ITEM MEASURED | D4: Previous Reading | E4: 4 AM Reading | F4: 24hrs CONSUMPTION | G4: Cost
A6: 1 | B6: DISTRICT COOLING PLANT
B7: Chilled Water | C7: MWH | D7: ='27'!E7 | E7: ='Daily Meter'!B33 | F7: =E7-D7 -> #VALUE!
C8: TR | F8: =F7*284.34 -> #VALUE! | G8: =F8*0.63 -> #VALUE!
A9: III | B9: WATER METERS
B10: Main DEWA Meter | C10: m3 | D10: ='27'!E10 | E10: ='Daily Meter'!C33 | F10: =E10-D10 -> #VALUE!
B11: Imperial Gallon = m³ x 219.969 | C11: IG | F11: =F10*219.969 -> #VALUE! | G11: =F11*0.06 -> #VALUE!
A12: IV | B12: ELECTRICAL METERS
A13: 1 | B13: Meter 1 - 06065253 | C13: kW x 480 | D13: ='27'!E13 | E13: ='Daily Meter'!H33 | F13: =(E13-D13)*480 -> #VALUE!
A14: 2 | B14: Meter 2 - 06065255 | C14: kW x 480 | D14: ='27'!E14 | E14: ='Daily Meter'!I33 | F14: =(E14-D14)*480 -> #VALUE!
A15: 3 | B15: Meter 3 - 06065259 | C15: kW x 480 | D15: ='27'!E15 | E15: ='Daily Meter'!J33 | F15: =(E15-D15)*480 -> #VALUE!
A16: 4 | B16: Meter 4 - 06065262 | C16: kW x 480 | D16: ='27'!E16 | E16: ='Daily Meter'!K33 | F16: =(E16-D16)*480 -> #VALUE!
A17: 5 | B17: Meter 6 - 06065269 | C17: kW x 480 | D17: ='27'!E17 | E17: ='Daily Meter'!L33 | F17: =(E17-D17)*480 -> #VALUE!
A18: 6 | B18: Meter 7 - 06065283 | C18: kW x 480 | D18: ='27'!E18 | E18: ='Daily Meter'!M33 | F18: =(E18-D18)*480 -> #VALUE!
B19: TOTAL ELECTRICAL CONS.(kWh) | F19: =SUM(F13:F18) -> #VALUE! | G19: =F19*0.43 -> #VALUE!
A21: V | B21: GAS CONSUMPTION
A22: 1 | B22: MAIN LPG METER | C22: M3 | D22: ='27'!E22 | E22: ='Daily Meter'!N33 | F22: =E22-D22 -> #VALUE!
B23: L = m³ x 3.70 | C23: L | F23: =F22*3.7 -> #VALUE! | G23: =F23*2.5 -> #VALUE!
D26: Summary of Daily Hotel consumption
D27: Item measured | E27: Units | F27: Consumption | G27: AED
D28: Chilled water | E28: TR | F28: =F8 -> #VALUE! | G28: =G8 -> #VALUE!
D29: DEWA Water | E29: imp. Gallon | F29: =F11 -> #VALUE! | G29: =G11 -> #VALUE!
D30: Electricity | E30: kwh | F30: =F19 -> #VALUE! | G30: =G19 -> #VALUE!
D31: Gas | E31: m3 | F31: =F22 -> #VALUE! | G31: =G23 -> #VALUE!
F32: Total cost | G32: =SUM(G28:G31) -> #VALUE!

Sheet 29
A1: ENGINEERING DEPARTMENT | H1: daily reading
A2: UTILITY CONSUMPTION SHEET
B3: ='1'!B3 -> February 2024 | C3: 29 | D3: % OCCUPANCY: | E3: ='Daily Meter'!O34
A4: SR.NO | B4: ITEM MEASURED | D4: Previous Reading | E4: 4 AM Reading | F4: 24hrs CONSUMPTION | G4: Cost
A6: 1 | B6: DISTRICT COOLING PLANT
B7: Chilled Water | C7: MWH | D7: ='28'!E7 | E7: ='Daily Meter'!B34 | F7: =E7-D7 -> #VALUE!
C8: TR | F8: =F7*284.34 -> #VALUE! | G8: =F8*0.63 -> #VALUE!
A9: III | B9: WATER METERS
B10: Main DEWA Meter | C10: m3 | D10: ='28'!E10 | E10: ='Daily Meter'!C34 | F10: =E10-D10 -> #VALUE!
B11: Imperial Gallon = m³ x 219.969 | C11: IG | F11: =F10*219.969 -> #VALUE! | G11: =F11*0.06 -> #VALUE!
A12: IV | B12: ELECTRICAL METERS
A13: 1 | B13: Meter 1 - 06065253 | C13: kW x 480 | D13: ='28'!E13 | E13: ='Daily Meter'!H34 | F13: =(E13-D13)*480 -> #VALUE!
A14: 2 | B14: Meter 2 - 06065255 | C14: kW x 480 | D14: ='28'!E14 | E14: ='Daily Meter'!I34 | F14: =(E14-D14)*480 -> #VALUE!
A15: 3 | B15: Meter 3 - 06065259 | C15: kW x 480 | D15: ='28'!E15 | E15: ='Daily Meter'!J34 | F15: =(E15-D15)*480 -> #VALUE!
A16: 4 | B16: Meter 4 - 06065262 | C16: kW x 480 | D16: ='28'!E16 | E16: ='Daily Meter'!K34 | F16: =(E16-D16)*480 -> #VALUE!
A17: 5 | B17: Meter 6 - 06065269 | C17: kW x 480 | D17: ='28'!E17 | E17: ='Daily Meter'!L34 | F17: =(E17-D17)*480 -> #VALUE!
A18: 6 | B18: Meter 7 - 06065283 | C18: kW x 480 | D18: ='28'!E18 | E18: ='Daily Meter'!M34 | F18: =(E18-D18)*480 -> #VALUE!
B19: TOTAL ELECTRICAL CONS.(kWh) | F19: =SUM(F13:F18) -> #VALUE! | G19: =F19*0.43 -> #VALUE!
A21: V | B21: GAS CONSUMPTION
A22: 1 | B22: MAIN LPG METER | C22: M3 | D22: ='28'!E22 | E22: ='Daily Meter'!N34 | F22: =E22-D22 -> #VALUE!
B23: L = m³ x 3.70 | C23: L | F23: =F22*3.7 -> #VALUE! | G23: =F23*2.5 -> #VALUE!
D26: Summary of Daily Hotel consumption
D27: Item measured | E27: Units | F27: Consumption | G27: AED
D28: Chilled water | E28: TR | F28: =F8 -> #VALUE! | G28: =G8 -> #VALUE!
D29: DEWA Water | E29: imp. Gallon | F29: =F11 -> #VALUE! | G29: =G11 -> #VALUE!
D30: Electricity | E30: kwh | F30: =F19 -> #VALUE! | G30: =G19 -> #VALUE!
D31: Gas | E31: m3 | F31: =F22 -> #VALUE! | G31: =G23 -> #VALUE!
F32: Total cost | G32: =SUM(G28:G31) -> #VALUE!

Sheet 30
A1: ENGINEERING DEPARTMENT | H1: daily reading
A2: UTILITY CONSUMPTION SHEET
B3: ='1'!B3 -> February 2024 | C3: 30 | D3: % OCCUPANCY: | E3: ='Daily Meter'!O35
A4: SR.NO | B4: ITEM MEASURED | D4: Previous Reading | E4: 4 AM Reading | F4: 24hrs CONSUMPTION | G4: Cost
A6: 1 | B6: DISTRICT COOLING PLANT
B7: Chilled Water | C7: MWH | D7: ='29'!E7 | E7: ='Daily Meter'!B35 | F7: =E7-D7 -> #VALUE!
C8: TR | F8: =F7*284.34 -> #VALUE! | G8: =F8*0.63 -> #VALUE!
A9: III | B9: WATER METERS
B10: Main DEWA Meter | C10: m3 | D10: ='29'!E10 | E10: ='Daily Meter'!C35 | F10: =E10-D10 -> #VALUE!
B11: Imperial Gallon = m³ x 219.969 | C11: IG | F11: =F10*219.969 -> #VALUE! | G11: =F11*0.06 -> #VALUE!
A12: IV | B12: ELECTRICAL METERS
A13: 1 | B13: Meter 1 - 06065253 | C13: kW x 480 | D13: ='29'!E13 | E13: ='Daily Meter'!H35 | F13: =(E13-D13)*480 -> #VALUE!
A14: 2 | B14: Meter 2 - 06065255 | C14: kW x 480 | D14: ='29'!E14 | E14: ='Daily Meter'!I35 | F14: =(E14-D14)*480 -> #VALUE!
A15: 3 | B15: Meter 3 - 06065259 | C15: kW x 480 | D15: ='29'!E15 | E15: ='Daily Meter'!J35 | F15: =(E15-D15)*480 -> #VALUE!
A16: 4 | B16: Meter 4 - 06065262 | C16: kW x 480 | D16: ='29'!E16 | E16: ='Daily Meter'!K35 | F16: =(E16-D16)*480 -> #VALUE!
A17: 5 | B17: Meter 6 - 06065269 | C17: kW x 480 | D17: ='29'!E17 | E17: ='Daily Meter'!L35 | F17: =(E17-D17)*480 -> #VALUE!
A18: 6 | B18: Meter 7 - 06065283 | C18: kW x 480 | D18: ='29'!E18 | E18: ='Daily Meter'!M35 | F18: =(E18-D18)*480 -> #VALUE!
B19: TOTAL ELECTRICAL CONS.(kWh) | F19: =SUM(F13:F18) -> #VALUE! | G19: =F19*0.43 -> #VALUE!
A21: V | B21: GAS CONSUMPTION
A22: 1 | B22: MAIN LPG METER | C22: M3 | D22: ='29'!E22 | E22: ='Daily Meter'!N35 | F22: =E22-D22 -> #VALUE!
B23: L = m³ x 3.70 | C23: L | F23: =F22*3.7 -> #VALUE! | G23: =F23*2.5 -> #VALUE!
D26: Summary of Daily Hotel consumption
D27: Item measured | E27: Units | F27: Consumption | G27: AED
D28: Chilled water | E28: TR | F28: =F8 -> #VALUE! | G28: =G8 -> #VALUE!
D29: DEWA Water | E29: imp. Gallon | F29: =F11 -> #VALUE! | G29: =G11 -> #VALUE!
D30: Electricity | E30: kwh | F30: =F19 -> #VALUE! | G30: =G19 -> #VALUE!
D31: Gas | E31: m3 | F31: =F22 -> #VALUE! | G31: =G23 -> #VALUE!
F32: Total cost | G32: =SUM(G28:G31) -> #VALUE!

Sheet 31
A1: ENGINEERING DEPARTMENT | H1: daily reading
A2: UTILITY CONSUMPTION SHEET
B3: ='1'!B3 -> February 2024 | C3: 31 | D3: % OCCUPANCY: | E3: ='Daily Meter'!O37 -> 62.2725
A4: SR.NO | B4: ITEM MEASURED | D4: Previous Reading | E4: 4 AM Reading | F4: 24hrs CONSUMPTION | G4: Cost
A6: 1 | B6: DISTRICT COOLING PLANT
B7: Chilled Water | C7: MWH | D7: ='30'!E7 | E7: ='Daily Meter'!B36 -> 0 | F7: =E7-D7 -> #VALUE!
C8: TR | F8: =F7*284.34 -> #VALUE! | G8: =F8*0.63 -> #VALUE!
A9: III | B9: WATER METERS
B10: Main DEWA Meter | C10: m3 | D10: ='30'!E10 | E10: ='Daily Meter'!C36 -> 0 | F10: =E10-D10 -> #VALUE!
B11: Imperial Gallon = m³ x 219.969 | C11: IG | F11: =F10*219.969 -> #VALUE! | G11: =F11*0.06 -> #VALUE!
A12: IV | B12: ELECTRICAL METERS
A13: 1 | B13: Meter 1 - 06065253 | C13: kW x 480 | D13: ='30'!E13 | E13: ='Daily Meter'!H36 -> 0 | F13: =(E13-D13)*480 -> #VALUE!
A14: 2 | B14: Meter 2 - 06065255 | C14: kW x 480 | D14: ='30'!E14 | E14: ='Daily Meter'!I36 -> 0 | F14: =(E14-D14)*480 -> #VALUE!
A15: 3 | B15: Meter 3 - 06065259 | C15: kW x 480 | D15: ='30'!E15 | E15: ='Daily Meter'!J36 -> 0 | F15: =(E15-D15)*480 -> #VALUE!
A16: 4 | B16: Meter 4 - 06065262 | C16: kW x 480 | D16: ='30'!E16 | E16: ='Daily Meter'!K36 -> 0 | F16: =(E16-D16)*480 -> #VALUE!
A17: 5 | B17: Meter 6 - 06065269 | C17: kW x 480 | D17: ='30'!E17 | E17: ='Daily Meter'!L36 -> 0 | F17: =(E17-D17)*480 -> #VALUE!
A18: 6 | B18: Meter 7 - 06065283 | C18: kW x 480 | D18: ='30'!E18 | E18: ='Daily Meter'!M36 -> 0 | F18: =(E18-D18)*480 -> #VALUE!
B19: TOTAL ELECTRICAL CONS.(kWh) | F19: =SUM(F13:F18) -> #VALUE! | G19: =F19*0.43 -> #VALUE!
A21: V | B21: GAS CONSUMPTION
A22: 1 | B22: MAIN LPG METER | C22: M3 | D22: ='30'!E22 | E22: ='Daily Meter'!N36 -> 0 | F22: =E22-D22 -> #VALUE!
B23: L = m³ x 3.70 | C23: L | F23: =F22*3.7 -> #VALUE! | G23: =F23*2.5 -> #VALUE!
D26: Summary of Daily Hotel consumption
D27: Item measured | E27: Units | F27: Consumption | G27: AED
D28: Chilled water | E28: TR | F28: =F8 -> #VALUE! | G28: =G8 -> #VALUE!
D29: DEWA Water | E29: imp. Gallon | F29: =F11 -> #VALUE! | G29: =G11 -> #VALUE!
D30: Electricity | E30: kwh | F30: =F19 -> #VALUE! | G30: =G19 -> #VALUE!
D31: Gas | E31: m3 | F31: =F22 -> #VALUE! | G31: =G23 -> #VALUE!
F32: Total cost | G32: =SUM(G28:G31) -> #VALUE!

Sheet nov. 19 to dec. 
A1: ENGINEERING DEPARTMENT | P1: 1st
A3: UTILITY CONSUMPTION SHEET | P3: daily reading
A4: Date: November 19 to December , 2023 | D4: %Occupancy: | F4: Rooms:
A5: SR.NO | B5: ITEM MEASURED | D5: Previous Reading | E5: Current Month Reading | F5: ACTUAL TOTAL CONSUMPTION | G5: vs. MONTHLY TARGET | H5: ACTUAL EMPOWER BILL
D6: November 19 | E6: December 16
A7: 1 | B7: DISTRICT COOLING PLANT
B8: Chilled Water | C8: MWH | D8: 53103.1 | E8: 53103.1 | F8: =E8-D8 -> 0
C9: RTH (MWH X 284.35) | F9: =F8*284.35 -> 0
B10: Cost (Consumption Charges: 0.568 aed) | F10: =F9*0.568 -> 0
B11: Cost (Fuel Charges: 0.075 aed) | F11: =F9*0.075 -> 0
B12: Total Cost | F12: =F10+F11 -> 0 | G12: ='dec. 1 to 31'!G12 -> 250000
B13: plus contracted load (aed 3,082.2per mo.) | F13: =(3082.2*30) -> 92466 | G13: ='dec. 1 to 31'!G13 -> 95548.2 | H13: =F13 -> 92466
F14: =SUM(F12+F13) -> 92466 | G14: =SUM(G12:G13) -> 345548.2 | H14: =SUM(H12:H13) -> 92466
A15: III | B15: WATER METERS | G15: difference: | H15: =(F14-H14) -> 0
B16: Main DEWA Meter | C16: m3 | F16: =E16-D16 -> 0 | G16: empower bill is lower
C17: Imperial Gallon (M: m3 x 219.969) | F17: =F16*219.969 -> 0
B18: Cost (first 10,000: .0350 aed) | F18: 350
B19: Cost (second 10,000: .040 aed) | F19: 400
B20: Cost (above 20,000: .046 aed) | F20: =SUM(F17-20000)*0.046 -> -920
B21: Cost (Fuel Charges: 0.005 aed) | F21: =F17*0.005 -> 0
B22: Cost (Sewerage Fee: 0.010 aed) | F22: =F17*0.01 -> 0
B23: Total Cost | F23: =SUM(F18:F22) -> -170 | G23: ='dec. 1 to 31'!G23 -> 59385
A24: IV | B24: ELECTRICAL METERS
A25: 1 | B25: Meter 1 - 06065253 | C25: kW x 480 | F25: =(E25-D25)*480 -> 0
A26: 2 | B26: Meter 2 - 06065255 | C26: kW x 480 | F26: =(E26-D26)*480 -> 0
A27: 3 | B27: Meter 3 - 06065259 | C27: kW x 480 | F27: =(E27-D27)*480 -> 0
A28: 4 | B28: Meter 4 - 06065262 | C28: kW x 480 | F28: =(E28-D28)*480 -> 0
A29: 5 | B29: Meter 6 - 06065269 | C29: kW x 480 | F29: =(E29-D29)*480 -> 0
A30: 6 | B30: Meter 7 - 06065283 | C30: kW x 480 | F30: =(E30-D30)*480 -> 0
B31: TOTAL ELECTRICAL CONS. (kWh) | F31: =SUM(F25:F30) -> 0
B32: Cost (first 2,000: 0.23 aed) | F32: 460
B33: Cost (second 2,000: 0.28 aed) | F33: 560
B34: Cost (third 2,000: 0.32 aed) | F34: 640
B35: Cost (above 6,000: 0.38 aed) | F35: =SUM(F31-6000)*0.38 -> -2280
B36: Cost (Fuel Charges: 0.065 aed) | F36: =F31*0.065 -> 0
B37: Total Cost | F37: =SUM(F32:F36) -> -620 | G37: ='dec. 1 to 31'!G37 -> 281577
A38: V | B38: GAS CONSUMPTION
A39: 1 | B39: MAIN LPG METER
C40: m³ | F40: =E40-D40 -> 0
C41: Liters (m³ X 3.70) | F41: =F40*3.7 -> 0
B42: Cost (Consumption Charges: 2.50 aed) | F42: =F41*2.5 -> 0 | G42: ='dec. 1 to 31'!G42 -> 13040
B44: Summary of Daily Hotel consumption
B45: Item measured | C45: Units | D45: Consumption | E45: AED (w/o VAT)
B46: Chilled water | C46: TR | D46: =F9 -> 0 | E46: =F12 -> 0
B47: DEWA Water | C47: Imperial Gallon | D47: =F17 -> 0 | E47: =F23 -> -170
B48: Electricity | C48: kWh | D48: =F31 -> 0 | E48: =F37 -> -620
B49: Gas | C49: m³ | D49: =F40 -> 0 | E49: =F42 -> 0
D50: Total Cost: | E50: =SUM(E46:E49) -> -790

Sheet dec. 1 to 31
A1: ENGINEERING DEPARTMENT
A3: UTILITY CONSUMPTION SHEET
A4: Date: December 1 - 31, 2023 | C4: Total Occ. Rooms: | E4: %Occupancy:
A5: SR.NO | B5: ITEM MEASURED | D5: Previous Reading | E5: Current Month Reading | F5: TOTAL CONSUMPTION | G5: vs. MONTHLY TARGET
D6: Nov. 30 | E6: Dec. 31
A7: 1 | B7: DISTRICT COOLING PLANT | N7: 1st
B8: Chilled Water | C8: MWH | D8: 53446.3 | E8: 53446.3 | F8: =E8-D8 -> 0
C9: RTH (MWH X 284.35) | F9: =F8*284.35 -> 0
B10: Cost (Consumption Charges: 0.568 aed) | F10: =F9*0.568 -> 0
B11: Cost (Fuel Charges: 0.075 aed) | F11: =F9*0.075 -> 0
B12: Total Cost | F12: =F10+F11 -> 0 | G12: 250000
B13: plus contracted load (aed 3,082.2 per mo.) | F13: =(3082.2*30) -> 92466 | G13: 95548.2
F14: =(F12+F13) -> 92466 | G14: =SUM(G12:G13) -> 345548.2
A15: III | B15: WATER METERS
B16: Main DEWA Meter | C16: m3 | D16: 203437 | E16: 203437 | F16: =E16-D16 -> 0
C17: Imperial Gallon (M: m3 X 219.969) | F17: =F16*219.969 -> 0
B18: Cost (first 10,000: .0350 aed) | F18: 350
B19: Cost (second 10,000: .040 aed) | F19: 400
B20: Cost (above 20,000: .046 aed) | F20: =SUM(F17-20000)*0.046 -> -920
B21: Cost (Fuel Charges: 0.005 aed) | F21: =F17*0.005 -> 0
B22: Cost (Sewerage Fee: 0.010 aed) | F22: =F17*0.01 -> 0
B23: Total Cost | F23: =SUM(F18:F22) -> -170 | G23: 59385
A24: IV | B24: ELECTRICAL METERS | K24: 1 | L24: 2 | M24: 3 | N24: 4 | O24: 6 | P24: 7
A25: 1 | B25: Meter 1 - 06065253 -- 3004260732 | C25: kW x 480 | D25: 6559.3 | E25: 6559.3 | F25: =(E25-D25)*480 -> 0 | H25: =(F25*0.065) -> 0 | K25: =H25 -> 0 | L25: =H26 -> 0 | M25: =H27 -> 0 | N25: =H28 -> 0 | O25: =H29 -> 0 | P25: =H30 -> 0
A26: 2 | B26: Meter 2 - 06065255 -- 3004260743 | C26: kW x 480 | D26: 3966.1 | E26: 3966.1 | F26: =(E26-D26)*480 -> 0 | H26: =(F26*0.065) -> 0 | K26: 1660 | L26: 1660 | M26: 1660 | N26: 1660 | O26: 1660 | P26: 1660
A27: 3 | B27: Meter 3 - 06065259 -- 3004260754 | C27: kW x 480 | D27: 4228.9 | E27: 4228.9 | F27: =(E27-D27)*480 -> 0 | H27: =(F27*0.065) -> 0 | K27: =SUM(F25-6000)*0.38 -> -2280 | L27: =SUM(F26-6000)*0.38 -> -2280 | M27: =SUM(F27-6000)*0.38 -> -2280 | N27: =SUM(F28-6000)*0.38 -> -2280 | O27: =SUM(F29-6000)*0.38 -> -2280 | P27: =SUM(F30-6000)*0.38 -> -2280
A28: 4 | B28: Meter 4 - 06065262 -- 3004260765 | C28: kW x 480 | D28: 2358.9 | E28: 2358.9 | F28: =(E28-D28)*480 -> 0 | H28: =(F28*0.065) -> 0 | K28: =SUM(K25:K27) -> -620 | L28: =SUM(L25:L27) -> -620 | M28: =SUM(M25:M27) -> -620 | N28: =SUM(N25:N27) -> -620 | O28: =SUM(O25:O27) -> -620 | P28: =SUM(P25:P27) -> -620
A29: 5 | B29: Meter 6 - 06065269 -- 3004260776 | C29: kW x 480 | D29: 5569.2 | E29: 5569.2 | F29: =(E29-D29)*480 -> 0 | H29: =(F29*0.065) -> 0
A30: 6 | B30: Meter 7 - 06065283 -- 3004260787 | C30: kW x 480 | D30: 15010.6 | E30: 15010.6 | F30: =(E30-D30)*480 -> 0 | H30: =(F30*0.065) -> 0
B31: TOTAL ELECTRICAL CONS. (kWh) | F31: =SUM(F25:F30) -> 0
B32: Cost (first 2,000: 0.23 aed) | F32: 460
B33: Cost (second 2,000: 0.28 aed) | F33: 560
B34: Cost (third 2,000: 0.32 aed) | F34: 640
B35: Cost (above 6,000: 0.38 aed) | F35: =SUM(F31-6000)*0.38 -> -2280
B36: Cost (Fuel Charges: 0.065 aed) | F36: =F31*0.065 -> 0
B37: Total Cost | F37: =SUM(F32:F36) -> -620 | G37: 281577
A38: V | B38: GAS CONSUMPTION
A39: 1 | B39: MAIN LPG METER
C40: m³ | D40: 89987.4 | E40: 89987.4 | F40: =E40-D40 -> 0
C41: Liters (m³ X 3.70) | F41: =F40*3.7 -> 0
B42: Cost (Consumption Charges: 2.50 aed) | F42: =F41*2.5 -> 0 | G42: 13040
B44: Summary of Daily Hotel consumption
B45: Item measured | C45: Units | D45: Consumption | E45: AED (w/o VAT)
B46: Chilled water | C46: TR | D46: =F9 -> 0 | E46: =F12 -> 0
B47: DEWA Water | C47: Imperial Gallon | D47: =F17 -> 0 | E47: =F23 -> -170
B48: Electricity | C48: kWh | D48: =F31 -> 0 | E48: =F37 -> -620
B49: Gas | C49: m³ | D49: =F40 -> 0 | E49: =F42 -> 0
D50: Total Cost: | E50: =SUM(E46:E49) -> -790

Sheet board 1 - 31
A1: 1st
A2: DECEMBER 2023 | B2: 1 | C2: 2 | D2: 3 | E2: 4 | F2: 5 | G2: 6 | H2: 7 | I2: 8 | J2: 9 | K2: 10 | L2: 11 | M2: 12 | N2: 13 | O2: 14 | P2: 15 | Q2: 16 | R2: 17 | S2: 18 | T2: 19 | U2: 20 | V2: 21 | W2: 22 | X2: 23 | Y2: 24 | Z2: 25 | AA2: 26 | AB2: 27 | AC2: 28 | AD2: 29 | AE2: 30
A3: % OCCUPANCY | B3: 0.9147 | C3: 0.871 | D3: 0.9401 | E3: 0.6359 | F3: 0.6567 | G3: 0.6705 | H3: 0.5968 | I3: 0.6544 | J3: 0.7189 | K3: 0.765 | L3: 0.5507 | M3: 0.6567 | N3: 0.7719 | O3: 0.8502 | P3: 0.7903 | Q3: 0.6175 | R3: 0.5276 | S3: 0.4654 | T3: 0.447 | U3: 0.5161 | V3: 0.5991 | W3: 0.7465
A5: ELECTRICITY | B5: kWh | C5: kWh | D5: kWh | E5: kWh | F5: kWh | G5: kWh | H5: kWh | I5: kWh | J5: kWh | K5: kWh | L5: kWh | M5: kWh | N5: kWh | O5: kWh | P5: kWh | Q5: kWh | R5: kWh | S5: kWh | T5: kWh | U5: kWh | V5: kWh | W5: kWh | X5: kWh | Y5: kWh | Z5: kWh | AA5: kWh | AB5: kWh | AC5: kWh | AD5: kWh | AE5: kWh | AF5: kWh
A6: METER 1: 6065253 | B6: 3552 | C6: 3600 | D6: 3456 | E6: 3312 | F6: 3408 | G6: 3408 | H6: 3264 | I6: 3360 | J6: 3360 | K6: 3408 | L6: 3504 | M6: 3264 | N6: 3312 | O6: 3216 | P6: 3360 | Q6: 3360 | R6: 3360 | S6: 3168 | T6: 3360 | U6: 3120 | V6: 3168 | W6: 3168
A7: METER 2: 6065255 | B7: 2208 | C7: 2256 | D7: 2208 | E7: 2160 | F7: 2160 | G7: 2256 | H7: 2160 | I7: 2160 | J7: 2160 | K7: 2160 | L7: 2112 | M7: 2160 | N7: 2208 | O7: 2112 | P7: 2160 | Q7: 2112 | R7: 2064 | S7: 1968 | T7: 2064 | U7: 2064 | V7: 2112 | W7: 1920
A8: METER 3: 6065259 | B8: 2112 | C8: 2112 | D8: 2112 | E8: 2112 | F8: 2112 | G8: 2016 | H8: 2112 | I8: 2112 | J8: 2160 | K8: 2112 | L8: 2208 | M8: 2112 | N8: 2064 | O8: 2064 | P8: 2256 | Q8: 2256 | R8: 2160 | S8: 2208 | T8: 2256 | U8: 2064 | V8: 2064 | W8: 2160
A9: METER 4: 6065262 | B9: 1632 | C9: 1440 | D9: 1680 | E9: 1488 | F9: 1296 | G9: 1363.2 | H9: 1324.8 | I9: 1536 | J9: 1440 | K9: 1440 | L9: 1392 | M9: 1344 | N9: 1344 | O9: 1200 | P9: 1536 | Q9: 1344 | R9: 1536 | S9: 1248 | T9: 1344 | U9: 1296 | V9: 1296 | W9: 1296
A10: METER 6: 6065269 | B10: 2208 | C10: 2256 | D10: 2256 | E10: 2208 | F10: 2160 | G10: 2160 | H10: 2160 | I10: 2160 | J10: 2208 | K10: 2208 | L10: 2208 | M10: 2160 | N10: 2112 | O10: 2160 | P10: 2160 | Q10: 2160 | R10: 2160 | S10: 2160 | T10: 2160 | U10: 2064 | V10: 2160 | W10: 2160
A11: METER 7: 6065283 | B11: 5280 | C11: 5568 | D11: 5616 | E11: 5712 | F11: 5472 | G11: 5712 | H11: 5616 | I11: 5424 | J11: 5184 | K11: 5376 | L11: 5280 | M11: 5520 | N11: 5424 | O11: 5136 | P11: 5376 | Q11: 5568 | R11: 5712 | S11: 5424 | T11: 5376 | U11: 5280 | V11: 5280 | W11: 5280
A12: total electricty: | B12: =SUM(B6:B11) -> 16992 | C12: =SUM(C6:C11) -> 17232 | D12: =SUM(D6:D11) -> 17328 | E12: =SUM(E6:E11) -> 16992 | F12: =SUM(F6:F11) -> 16608 | G12: =SUM(G6:G11) -> 16915.2 | H12: =SUM(H6:H11) -> 16636.8 | I12: =SUM(I6:I11) -> 16752 | ... AF12: =SUM(AF6:AF11) -> 0
A13: WATER | B13: IG | C13: IG | D13: IG | E13: IG | F13: IG | G13: IG | H13: IG | I13: IG | J13: IG | K13: IG | L13: IG | M13: IG | N13: IG | O13: IG | P13: IG | Q13: IG | R13: IG | S13: IG | T13: IG | U13: IG | V13: IG | W13: IG | X13: IG | Y13: IG | Z13: IG | AA13: IG | AB13: IG | AC13: IG | AD13: IG | AE13: IG | AF13: IG
A14: METER: 18E0300032 | B14: 25736.37 | C14: 60271.51 | D14: 62471.2 | E14: 49493.03 | F14: 42673.99 | G14: 36954.79 | H14: 67750.45 | I14: 37614.7 | J14: 59391.63 | K14: 41134.2 | L14: 39374.45 | M14: 38494.58 | N14: 37394.73 | O14: 41134.2 | P14: 35195.04 | Q14: 38934.51 | R14: 40474.3 | S14: 41574.14 | T14: 40914.23 | U14: 33215.32 | V14: 36074.92 | W14: 36954.79
A16: EMPOWER | B16: RTH | C16: RTH | D16: RTH | E16: RTH | F16: RTH | G16: RTH | H16: RTH | I16: RTH | J16: RTH | K16: RTH | L16: RTH | M16: RTH | N16: RTH | O16: RTH | P16: RTH | Q16: RTH | R16: RTH | S16: RTH | T16: RTH | U16: RTH | V16: RTH | W16: RTH | X16: RTH | Y16: RTH | Z16: RTH | AA16: RTH | AB16: RTH | AC16: RTH | AD16: RTH | AE16: RTH | AF16: RTH
A17: BTU METER: P103FF043BC | B17: 9212.62 | C17: 9468.52 | D17: 9553.82 | E17: 10236.24 | F17: 9269.48 | G17: 8501.77 | H17: 8388.03 | I17: 8274.29 | J17: 7904.65 | K17: 8188.99 | L17: 7535.01 | M17: 6824.16 | N17: 6454.52 | O17: 6198.61 | P17: 6681.99 | Q17: 6824.16 | R17: 6511.39 | S17: 6141.74 | T17: 5914.27 | U17: 5601.5 | V17: 5800.54 | W17: 5942.71
A19: LPG | B19: LITRES | C19: LITRES | D19: LITRES | E19: LITRES | F19: LITRES | G19: LITRES | H19: LITRES | I19: LITRES | J19: LITRES | K19: LITRES | L19: LITRES | M19: LITRES | N19: LITRES | O19: LITRES | P19: LITRES | Q19: LITRES | R19: LITRES | S19: LITRES | T19: LITRES | U19: LITRES | V19: LITRES | W19: LITRES | X19: LITRES | Y19: LITRES | Z19: LITRES | AA19: LITRES | AB19: LITRES | AC19: LITRES | AD19: LITRES | AE19: LITRES | AF19: LITRES
A20: METER: 77192321/2019 | B20: 503.94 | C20: 560.18 | D20: 508.38 | E20: 530.58 | F20: 499.87 | G20: 458.43 | H20: 464.72 | I20: 508.75 | J20: 497.65 | K20: 482.11 | L20: 478.04 | M20: 450.29 | N20: 479.89 | O20: 488.4 | P20: 530.21 | Q20: 562.4 | R20: 488.77 | S20: 481.37 | T20: 438.45 | U20: 433.27 | V20: 444 | W20: 481.37

Sheet DAILY PRINTING
A15: % OCCUPANCY | B15: % OCCUPANCY | C15: % OCCUPANCY | D15: % OCCUPANCY | E15: % OCCUPANCY | F15: % OCCUPANCY
A16: ELECTRICITY (kWh) | B16: ELECTRICITY (kWh) | C16: ELECTRICITY (kWh) | D16: ELECTRICITY (kWh) | E16: ELECTRICITY (kWh) | F16: ELECTRICITY (kWh)
A17: WATER (IG) | B17: WATER (IG) | C17: WATER (IG) | D17: WATER (IG) | E17: WATER (IG) | F17: WATER (IG)
A18: EMPOWER / COOLING (RTH) | B18: EMPOWER / COOLING (RTH) | C18: EMPOWER / COOLING (RTH) | D18: EMPOWER / COOLING (RTH) | E18: EMPOWER / COOLING (RTH) | F18: EMPOWER / COOLING (RTH)
A19: LPG (LITRES) | B19: LPG (LITRES) | C19: LPG (LITRES) | D19: LPG (LITRES) | E19: LPG (LITRES) | F19: LPG (LITRES)
A21: LAST MONTH'S TOTAL: | C21: LAST MONTH'S TOTAL:

Sheet DAILY PRINTING (2)
E1: LAST MONTH'S TOTAL:
E2: %OCCUPANCY: | F2: 76.94%
E3: WATER (IG): | F3: 1292977.8
E4: ELECTRICITY (kWh): | F4: 553296
E5: COOLING (RTH): | F5: 528379
E6: LPG (LITRES:) | F6: 13436.55
A10: JANUARY | B10: JUNE | C10: JANUARY | D10: JUNE
A11: FEBRUARY | B11: JULY | C11: FEBRUARY | D11: JULY
A12: MARCH | B12: AUGUST | C12: MARCH | D12: AUGUST
A13: APRIL | B13: SEPTEMBER | C13: APRIL | D13: SEPTEMBER
A14: MAY | B14: OCTOBER | C14: MAY | D14: OCTOBER
A15: NOVEMBER | B15: DECEMBER | C15: NOVEMBER | D15: DECEMBER

Sheet Sheet1
B3: 42421.4 | D3: 161239 | J3: 5230 | L3: 3133.2 | N3: 3381.1 | P3: 1789.1 | R3: 4671.7 | T3: 12508.9 | V3: 68144.9
B4: 42490.4 | D4: 161517 | J4: 5237 | L4: 3138.2 | N4: 3386.1 | P4: 1793.1 | R4: 4676.7 | T4: 12543.4 | V4: 68242.9
B5: 42559.4 | D5: 161795 | J5: 5244 | L5: 3143.2 | N5: 3391.1 | P5: 1797.1 | R5: 4681.7 | T5: 12577.9 | V5: 68340.9
B6: 42628.4 | D6: 162073 | J6: 5251 | L6: 3148.2 | N6: 3396.1 | P6: 1801.1 | R6: 4686.7 | T6: 12612.4 | V6: 68438.9
B7: 42697.4 | D7: 162351 | J7: 5258 | L7: 3153.2 | N7: 3401.1 | P7: 1805.1 | R7: 4691.7 | T7: 12646.9 | V7: 68536.9
B8: 42766.4 | D8: 162629 | J8: 5265 | L8: 3158.2 | N8: 3406.1 | P8: 1809.1 | R8: 4696.7 | T8: 12681.4 | V8: 68634.9
B9: 42835.4 | D9: 162907 | J9: 5272 | L9: 3163.2 | N9: 3411.1 | P9: 1813.1 | R9: 4701.7 | T9: 12715.9 | V9: 68732.9
B10: 42904.4 | D10: 163185 | J10: 5279 | L10: 3168.2 | N10: 3416.1 | P10: 1817.1 | R10: 4706.7 | T10: 12750.4 | V10: 68830.9
