Workbook

Sheet TOTAL
A1: Site Name | B1: Day | C1: Month | D1: Year | E1: Total Electricity Kwh | F1: Electricity Tariff ($/Kwh) | G1: Natural Gas (m3) | H1: Natural Gas $/m3 | I1: Water Utility Supply (m3) m3 | J1: Water Utility Supply (m3) $/m3 | K1: Room Nights | L1: Total Guests
A2: Mondrian Singapore Duxton | B2: 1 | C2: 3 | D2: 2024 | E2: ='Submetering '!E2+'Submetering '!F2+'Submetering '!G2 -> 13275 | F2: 0.2989 | G2: =-'Submetering '!J2+'Submetering '!K2 -> 751 | H2: 0.2315 | I2: ='Submetering '!L2+'Submetering '!M2 -> 171 | J2: 2.74 | K2: 283 | L2: 283
A3: Mondrian Singapore Duxton | B3: =B2+1 -> 2 | C3: 3 | D3: 2024 | E3: ='Submetering '!E3+'Submetering '!F3+'Submetering '!G3 -> 13485 | F3: 0.2989 | G3: =-'Submetering '!J3+'Submetering '!K3 -> 808 | H3: 0.2315 | I3: ='Submetering '!L3+'Submetering '!M3 -> 156 | J3: 2.74 | K3: 288 | L3: 288
A4: Mondrian Singapore Duxton | B4: =B3+1 -> 3 | C4: 3 | D4: 2024 | E4: ='Submetering '!E4+'Submetering '!F4+'Submetering '!G4 -> 11955 | F4: 0.2989 | G4: =-'Submetering '!J4+'Submetering '!K4 -> 870 | H4: 0.2315 | I4: ='Submetering '!L4+'Submetering '!M4 -> 135 | J4: 2.74 | K4: 292 | L4: 292
A5: Mondrian Singapore Duxton | B5: =B4+1 -> 4 | C5: 3 | D5: 2024 | E5: ='Submetering '!E5+'Submetering '!F5+'Submetering '!G5 -> 12570 | F5: 0.2989 | G5: =-'Submetering '!J5+'Submetering '!K5 -> 755 | H5: 0.2315 | I5: ='Submetering '!L5+'Submetering '!M5 -> 148 | J5: 2.74 | K5: 291 | L5: 291
A6: Mondrian Singapore Duxton | B6: =B5+1 -> 5 | C6: 3 | D6: 2024 | E6: ='Submetering '!E6+'Submetering '!F6+'Submetering '!G6 -> 12720 | F6: 0.2989 | G6: =-'Submetering '!J6+'Submetering '!K6 -> 836 | H6: 0.2315 | I6: ='Submetering '!L6+'Submetering '!M6 -> 144 | J6: 2.74 | K6: 280 | L6: 280
A7: Mondrian Singapore Duxton | B7: =B6+1 -> 6 | C7: 3 | D7: 2024 | E7: ='Submetering '!E7+'Submetering '!F7+'Submetering '!G7 -> 13050 | F7: 0.2989 | G7: =-'Submetering '!J7+'Submetering '!K7 -> 849 | H7: 0.2315 | I7: ='Submetering '!L7+'Submetering '!M7 -> 130 | J7: 2.74 | K7: 283 | L7: 283
A8: Mondrian Singapore Duxton | B8: =B7+1 -> 7 | C8: 3 | D8: 2024 | E8: ='Submetering '!E8+'Submetering '!F8+'Submetering '!G8 -> 13230 | F8: 0.2989 | G8: =-'Submetering '!J8+'Submetering '!K8 -> 864 | H8: 0.2315 | I8: ='Submetering '!L8+'Submetering '!M8 -> 238 | J8: 2.74 | K8: 298 | L8: 298
A9: Mondrian Singapore Duxton | B9: =B8+1 -> 8 | C9: 3 | D9: 2024 | E9: ='Submetering '!E9+'Submetering '!F9+'Submetering '!G9 -> 13545 | F9: 0.2989 | G9: =-'Submetering '!J9+'Submetering '!K9 -> 809 | H9: 0.2315 | I9: ='Submetering '!L9+'Submetering '!M9 -> 97 | J9: 2.74 | K9: 298 | L9: 298
A10: Mondrian Singapore Duxton | B10: =B9+1 -> 9 | C10: 3 | D10: 2024 | E10: ='Submetering '!E10+'Submetering '!F10+'Submetering '!G10 -> 13065 | F10: 0.2989 | G10: =-'Submetering '!J10+'Submetering '!K10 -> 818 | H10: 0.2315 | I10: ='Submetering '!L10+'Submetering '!M10 -> 177 | J10: 2.74 | K10: 290 | L10: 290
A11: Mondrian Singapore Duxton | B11: =B10+1 -> 10 | C11: 3 | D11: 2024 | E11: ='Submetering '!E11+'Submetering '!F11+'Submetering '!G11 -> 11670 | F11: 0.2989 | G11: =-'Submetering '!J11+'Submetering '!K11 -> 817 | H11: 0.2315 | I11: ='Submetering '!L11+'Submetering '!M11 -> 140 | J11: 2.74 | K11: 235 | L11: 235
A12: Mondrian Singapore Duxton | B12: =B11+1 -> 11 | C12: 3 | D12: 2024 | E12: ='Submetering '!E12+'Submetering '!F12+'Submetering '!G12 -> 11895 | F12: 0.2989 | G12: =-'Submetering '!J12+'Submetering '!K12 -> 613 | H12: 0.2315 | I12: ='Submetering '!L12+'Submetering '!M12 -> 147 | J12: 2.74 | K12: 235 | L12: 235
A13: Mondrian Singapore Duxton | B13: =B12+1 -> 12 | C13: 3 | D13: 2024 | E13: ='Submetering '!E13+'Submetering '!F13+'Submetering '!G13 -> 12315 | F13: 0.2989 | G13: =-'Submetering '!J13+'Submetering '!K13 -> 583 | H13: 0.2315 | I13: ='Submetering '!L13+'Submetering '!M13 -> 137 | J13: 2.74 | K13: 229 | L13: 229
A14: Mondrian Singapore Duxton | B14: =B13+1 -> 13 | C14: 3 | D14: 2024 | E14: ='Submetering '!E14+'Submetering '!F14+'Submetering '!G14 -> 12630 | F14: 0.2989 | G14: =-'Submetering '!J14+'Submetering '!K14 -> 723 | H14: 0.2315 | I14: ='Submetering '!L14+'Submetering '!M14 -> 153 | J14: 2.74 | K14: 236 | L14: 236
... A32: Mondrian Singapore Duxton | B32: =B31+1 -> 31 | C32: 3 | D32: 2024 | E32: ='Submetering '!E32+'Submetering '!F32+'Submetering '!G32 -> 11505 | F32: 0.2989 | G32: =-'Submetering '!J32+'Submetering '!K32 -> 762 | H32: 0.2315 | I32: ='Submetering '!L32+'Submetering '!M32 -> 190 | J32: 2.74 | K32: 186 | L32: 186

Sheet Submetering 
A1: Site Name | B1: Day | C1: Month | D1: Year | E1: POWERGRID METER 1 (RC5056796) LEVEL B2 | F1: POWERGRID METER 2 (RC5056766) LEVEL B2 | G1: POWERGRID METER 3 (RC5057123) LEVEL B2 | H1: CHILLER METER LEVEL B2 | I1: HEAT PUMP LEVEL B1 | J1: CHRISTINA'S (LEVEL 1) | K1: HOT PRODUCTION KITCHEN/BOTTEGA DI CARNA (LEVEL 3) | L1: MAIN WATER METER (B2) | M1: SUB WATER METER (B2) | N1: NEWWATER METER (B2) | O1: HOT WATER METER(B1) | P1: RESTAURANT CHRISTINA WATER METER (LEVEL 1) | Q1: KITCHEN WATER METER (LEVEL 3) | R1: BAR KITCHEN WATER METER (LEVEL 3) | S1: WATER FEATURE WATER METER (LEVEL 3) | T1: SWIMMING POOL WATER METER (LEVEL 13) | U1: DOMESTIC TANK WATER METER (LEVEL 13) | V1: COOLING TOWER WATER METER (LEVEL 13) | W1: COOLING TOWER MAKE UP WATER METER (LEVEL 13) | X1: EXTENSION TANK WATER METER (LEVEL 13) | Y1: Room Nights | Z1: Total Guests
A2: Mondrian Duxton | B2: 1 | C2: 3 | D2: 2024 | E2: =(IF((Electrical!B3-Electrical!B2)<0,"0",(Electrical!B3-Electrical!B2)))*15 -> 5805 | F2: =(IF((Electrical!C3-Electrical!C2)<0,"0",(Electrical!C3-Electrical!C2)))*15 -> 3780 | G2: =(IF((Electrical!D3-Electrical!D2)<0,"0",(Electrical!D3-Electrical!D2)))*15 -> 3690 | H2: =IF((Electrical!E3-Electrical!E2)<0,"0",(Electrical!E3-Electrical!E2)) -> 4056 | I2: =IF((Electrical!F3-Electrical!F2)<0,"0",(Electrical!F3-Electrical!F2)) -> 453 | J2: =IF((Gas!B3-Gas!B2)<0,"0",(Gas!B3-Gas!B2)) -> 0 | K2: =IF((Gas!C3-Gas!C2)<0,"0",(Gas!C3-Gas!C2)) -> 751 | L2: =(IF((Water!B3-Water!B2)<0,"0",(Water!B3-Water!B2)))*10 -> 150 | M2: =IF((Water!C3-Water!C2)<0,"0",(Water!C3-Water!C2)) -> 21 | N2: =IF((Water!D3-Water!D2)<0,"0",(Water!D3-Water!D2)) -> 0 | O2: =IF((Water!E3-Water!E2)<0,"0",(Water!E3-Water!E2)) -> 17 | P2: =IF((Water!F3-Water!F2)<0,"0",(Water!F3-Water!F2)) -> 0 | Q2: =IF((Water!G3-Water!G2)<0,"0",(Water!G3-Water!G2)) -> 0 | R2: =IF((Water!H3-Water!H2)<0,"0",(Water!H3-Water!H2)) -> 0 | S2: =IF((Water!I3-Water!I2)<0,"0",(Water!I3-Water!I2)) -> 0 | T2: =IF((Water!J3-Water!J2)<0,"0",(Water!J3-Water!J2)) -> 0 | ... X2: =IF((Water!N3-Water!N2)<0,"0",(Water!N3-Water!N2)) -> 32 | Y2: 283 | Z2: 283
A3: Mondrian Duxton | B3: =B2+1 -> 2 | C3: 3 | D3: 2024 | E3: =(IF((Electrical!B4-Electrical!B3)<0,"0",(Electrical!B4-Electrical!B3)))*15 -> 5835 | F3: =(IF((Electrical!C4-Electrical!C3)<0,"0",(Electrical!C4-Electrical!C3)))*15 -> 3840 | G3: =(IF((Electrical!D4-Electrical!D3)<0,"0",(Electrical!D4-Electrical!D3)))*15 -> 3810 | H3: =IF((Electrical!E4-Electrical!E3)<0,"0",(Electrical!E4-Electrical!E3)) -> 4108 | I3: =IF((Electrical!F4-Electrical!F3)<0,"0",(Electrical!F4-Electrical!F3)) -> 477 | J3: =IF((Gas!B4-Gas!B3)<0,"0",(Gas!B4-Gas!B3)) -> 0 | K3: =IF((Gas!C4-Gas!C3)<0,"0",(Gas!C4-Gas!C3)) -> 808 | L3: =(IF((Water!B4-Water!B3)<0,"0",(Water!B4-Water!B3)))*10 -> 140 | M3: =IF((Water!C4-Water!C3)<0,"0",(Water!C4-Water!C3)) -> 16 | N3: =IF((Water!D4-Water!D3)<0,"0",(Water!D4-Water!D3)) -> 0 | O3: =IF((Water!E4-Water!E3)<0,"0",(Water!E4-Water!E3)) -> 19 | P3: =IF((Water!F4-Water!F3)<0,"0",(Water!F4-Water!F3)) -> 0 | Q3: =IF((Water!G4-Water!G3)<0,"0",(Water!G4-Water!G3)) -> 0 | R3: =IF((Water!H4-Water!H3)<0,"0",(Water!H4-Water!H3)) -> 0 | S3: =IF((Water!I4-Water!I3)<0,"0",(Water!I4-Water!I3)) -> 0 | T3: =IF((Water!J4-Water!J3)<0,"0",(Water!J4-Water!J3)) -> 1 | ... X3: =IF((Water!N4-Water!N3)<0,"0",(Water!N4-Water!N3)) -> 32 | Y3: 288 | Z3: 288
A4: Mondrian Duxton | B4: =B3+1 -> 3 | C4: 3 | D4: 2024 | E4: =(IF((Electrical!B5-Electrical!B4)<0,"0",(Electrical!B5-Electrical!B4)))*15 -> 4950 | F4: =(IF((Electrical!C5-Electrical!C4)<0,"0",(Electrical!C5-Electrical!C4)))*15 -> 3315 | G4: =(IF((Electrical!D5-Electrical!D4)<0,"0",(Electrical!D5-Electrical!D4)))*15 -> 3690 | H4: =IF((Electrical!E5-Electrical!E4)<0,"0",(Electrical!E5-Electrical!E4)) -> 3477 | I4: =IF((Electrical!F5-Electrical!F4)<0,"0",(Electrical!F5-Electrical!F4)) -> 454 | J4: =IF((Gas!B5-Gas!B4)<0,"0",(Gas!B5-Gas!B4)) -> 0 | K4: =IF((Gas!C5-Gas!C4)<0,"0",(Gas!C5-Gas!C4)) -> 870 | L4: =(IF((Water!B5-Water!B4)<0,"0",(Water!B5-Water!B4)))*10 -> 120 | M4: =IF((Water!C5-Water!C4)<0,"0",(Water!C5-Water!C4)) -> 15 | N4: =IF((Water!D5-Water!D4)<0,"0",(Water!D5-Water!D4)) -> 0 | O4: =IF((Water!E5-Water!E4)<0,"0",(Water!E5-Water!E4)) -> 20 | P4: =IF((Water!F5-Water!F4)<0,"0",(Water!F5-Water!F4)) -> 0 | Q4: =IF((Water!G5-Water!G4)<0,"0",(Water!G5-Water!G4)) -> 0 | R4: =IF((Water!H5-Water!H4)<0,"0",(Water!H5-Water!H4)) -> 0 | S4: =IF((Water!I5-Water!I4)<0,"0",(Water!I5-Water!I4)) -> 0 | T4: =IF((Water!J5-Water!J4)<0,"0",(Water!J5-Water!J4)) -> 0 | ... X4: =IF((Water!N5-Water!N4)<0,"0",(Water!N5-Water!N4)) -> 33 | Y4: 292 | Z4: 292
A5: Mondrian Duxton | B5: =B4+1 -> 4 | C5: 3 | D5: 2024 | E5: =(IF((Electrical!B6-Electrical!B5)<0,"0",(Electrical!B6-Electrical!B5)))*15 -> 5295 | F5: =(IF((Electrical!C6-Electrical!C5)<0,"0",(Electrical!C6-Electrical!C5)))*15 -> 3540 | G5: =(IF((Electrical!D6-Electrical!D5)<0,"0",(Electrical!D6-Electrical!D5)))*15 -> 3735 | H5: =IF((Electrical!E6-Electrical!E5)<0,"0",(Electrical!E6-Electrical!E5)) -> 3697 | I5: =IF((Electrical!F6-Electrical!F5)<0,"0",(Electrical!F6-Electrical!F5)) -> 453 | J5: =IF((Gas!B6-Gas!B5)<0,"0",(Gas!B6-Gas!B5)) -> 0 | K5: =IF((Gas!C6-Gas!C5)<0,"0",(Gas!C6-Gas!C5)) -> 755 | L5: =(IF((Water!B6-Water!B5)<0,"0",(Water!B6-Water!B5)))*10 -> 130 | M5: =IF((Water!C6-Water!C5)<0,"0",(Water!C6-Water!C5)) -> 18 | N5: =IF((Water!D6-Water!D5)<0,"0",(Water!D6-Water!D5)) -> 0 | O5: =IF((Water!E6-Water!E5)<0,"0",(Water!E6-Water!E5)) -> 17 | P5: =IF((Water!F6-Water!F5)<0,"0",(Water!F6-Water!F5)) -> 0 | Q5: =IF((Water!G6-Water!G5)<0,"0",(Water!G6-Water!G5)) -> 0 | R5: =IF((Water!H6-Water!H5)<0,"0",(Water!H6-Water!H5)) -> 0 | S5: =IF((Water!I6-Water!I5)<0,"0",(Water!I6-Water!I5)) -> 0 | T5: =IF((Water!J6-Water!J5)<0,"0",(Water!J6-Water!J5)) -> 7 | ... X5: =IF((Water!N6-Water!N5)<0,"0",(Water!N6-Water!N5)) -> 32 | Y5: 291 | Z5: 291
A6: Mondrian Duxton | B6: =B5+1 -> 5 | C6: 3 | D6: 2024 | E6: =(IF((Electrical!B7-Electrical!B6)<0,"0",(Electrical!B7-Electrical!B6)))*15 -> 5655 | F6: =(IF((Electrical!C7-Electrical!C6)<0,"0",(Electrical!C7-Electrical!C6)))*15 -> 3375 | G6: =(IF((Electrical!D7-Electrical!D6)<0,"0",(Electrical!D7-Electrical!D6)))*15 -> 3690 | H6: =IF((Electrical!E7-Electrical!E6)<0,"0",(Electrical!E7-Electrical!E6)) -> 3729 | I6: =IF((Electrical!F7-Electrical!F6)<0,"0",(Electrical!F7-Electrical!F6)) -> 450 | J6: =IF((Gas!B7-Gas!B6)<0,"0",(Gas!B7-Gas!B6)) -> 0 | K6: =IF((Gas!C7-Gas!C6)<0,"0",(Gas!C7-Gas!C6)) -> 836 | L6: =(IF((Water!B7-Water!B6)<0,"0",(Water!B7-Water!B6)))*10 -> 130 | M6: =IF((Water!C7-Water!C6)<0,"0",(Water!C7-Water!C6)) -> 14 | N6: =IF((Water!D7-Water!D6)<0,"0",(Water!D7-Water!D6)) -> 0 | O6: =IF((Water!E7-Water!E6)<0,"0",(Water!E7-Water!E6)) -> 17 | P6: =IF((Water!F7-Water!F6)<0,"0",(Water!F7-Water!F6)) -> 0 | Q6: =IF((Water!G7-Water!G6)<0,"0",(Water!G7-Water!G6)) -> 0 | R6: =IF((Water!H7-Water!H6)<0,"0",(Water!H7-Water!H6)) -> 0 | S6: =IF((Water!I7-Water!I6)<0,"0",(Water!I7-Water!I6)) -> 0 | T6: =IF((Water!J7-Water!J6)<0,"0",(Water!J7-Water!J6)) -> 0 | ... X6: =IF((Water!N7-Water!N6)<0,"0",(Water!N7-Water!N6)) -> 32 | Y6: 280 | Z6: 280
A7: Mondrian Duxton | B7: =B6+1 -> 6 | C7: 3 | D7: 2024 | E7: =(IF((Electrical!B8-Electrical!B7)<0,"0",(Electrical!B8-Electrical!B7)))*15 -> 5790 | F7: =(IF((Electrical!C8-Electrical!C7)<0,"0",(Electrical!C8-Electrical!C7)))*15 -> 3465 | G7: =(IF((Electrical!D8-Electrical!D7)<0,"0",(Electrical!D8-Electrical!D7)))*15 -> 3795 | H7: =IF((Electrical!E8-Electrical!E7)<0,"0",(Electrical!E8-Electrical!E7)) -> 3969 | I7: =IF((Electrical!F8-Electrical!F7)<0,"0",(Electrical!F8-Electrical!F7)) -> 430 | J7: =IF((Gas!B8-Gas!B7)<0,"0",(Gas!B8-Gas!B7)) -> 0 | K7: =IF((Gas!C8-Gas!C7)<0,"0",(Gas!C8-Gas!C7)) -> 849 | L7: =(IF((Water!B8-Water!B7)<0,"0",(Water!B8-Water!B7)))*10 -> 110 | M7: =IF((Water!C8-Water!C7)<0,"0",(Water!C8-Water!C7)) -> 20 | N7: =IF((Water!D8-Water!D7)<0,"0",(Water!D8-Water!D7)) -> 0 | O7: =IF((Water!E8-Water!E7)<0,"0",(Water!E8-Water!E7)) -> 16 | P7: =IF((Water!F8-Water!F7)<0,"0",(Water!F8-Water!F7)) -> 0 | Q7: =IF((Water!G8-Water!G7)<0,"0",(Water!G8-Water!G7)) -> 0 | R7: =IF((Water!H8-Water!H7)<0,"0",(Water!H8-Water!H7)) -> 0 | S7: =IF((Water!I8-Water!I7)<0,"0",(Water!I8-Water!I7)) -> 0 | T7: =IF((Water!J8-Water!J7)<0,"0",(Water!J8-Water!J7)) -> 0 | ... X7: =IF((Water!N8-Water!N7)<0,"0",(Water!N8-Water!N7)) -> 32 | Y7: 283 | Z7: 283
A8: Mondrian Duxton | B8: =B7+1 -> 7 | C8: 3 | D8: 2024 | E8: =(IF((Electrical!B9-Electrical!B8)<0,"0",(Electrical!B9-Electrical!B8)))*15 -> 5670 | F8: =(IF((Electrical!C9-Electrical!C8)<0,"0",(Electrical!C9-Electrical!C8)))*15 -> 3765 | G8: =(IF((Electrical!D9-Electrical!D8)<0,"0",(Electrical!D9-Electrical!D8)))*15 -> 3795 | H8: =IF((Electrical!E9-Electrical!E8)<0,"0",(Electrical!E9-Electrical!E8)) -> 4301 | I8: =IF((Electrical!F9-Electrical!F8)<0,"0",(Electrical!F9-Electrical!F8)) -> 472 | J8: =IF((Gas!B9-Gas!B8)<0,"0",(Gas!B9-Gas!B8)) -> 0 | K8: =IF((Gas!C9-Gas!C8)<0,"0",(Gas!C9-Gas!C8)) -> 864 | L8: =(IF((Water!B9-Water!B8)<0,"0",(Water!B9-Water!B8)))*10 -> 220 | M8: =IF((Water!C9-Water!C8)<0,"0",(Water!C9-Water!C8)) -> 18 | N8: =IF((Water!D9-Water!D8)<0,"0",(Water!D9-Water!D8)) -> 0 | O8: =IF((Water!E9-Water!E8)<0,"0",(Water!E9-Water!E8)) -> 22 | P8: =IF((Water!F9-Water!F8)<0,"0",(Water!F9-Water!F8)) -> 0 | Q8: =IF((Water!G9-Water!G8)<0,"0",(Water!G9-Water!G8)) -> 0 | R8: =IF((Water!H9-Water!H8)<0,"0",(Water!H9-Water!H8)) -> 0 | S8: =IF((Water!I9-Water!I8)<0,"0",(Water!I9-Water!I8)) -> 0 | T8: =IF((Water!J9-Water!J8)<0,"0",(Water!J9-Water!J8)) -> 0 | ... X8: =IF((Water!N9-Water!N8)<0,"0",(Water!N9-Water!N8)) -> 51 | Y8: 298 | Z8: 298
A9: Mondrian Duxton | B9: =B8+1 -> 8 | C9: 3 | D9: 2024 | E9: =(IF((Electrical!B10-Electrical!B9)<0,"0",(Electrical!B10-Electrical!B9)))*15 -> 5895 | F9: =(IF((Electrical!C10-Electrical!C9)<0,"0",(Electrical!C10-Electrical!C9)))*15 -> 3810 | G9: =(IF((Electrical!D10-Electrical!D9)<0,"0",(Electrical!D10-Electrical!D9)))*15 -> 3840 | H9: =IF((Electrical!E10-Electrical!E9)<0,"0",(Electrical!E10-Electrical!E9)) -> 5515 | I9: =IF((Electrical!F10-Electrical!F9)<0,"0",(Electrical!F10-Electrical!F9)) -> 441 | J9: =IF((Gas!B10-Gas!B9)<0,"0",(Gas!B10-Gas!B9)) -> 0 | K9: =IF((Gas!C10-Gas!C9)<0,"0",(Gas!C10-Gas!C9)) -> 809 | L9: =(IF((Water!B10-Water!B9)<0,"0",(Water!B10-Water!B9)))*10 -> 80 | M9: =IF((Water!C10-Water!C9)<0,"0",(Water!C10-Water!C9)) -> 17 | N9: =IF((Water!D10-Water!D9)<0,"0",(Water!D10-Water!D9)) -> 0 | O9: =IF((Water!E10-Water!E9)<0,"0",(Water!E10-Water!E9)) -> 15 | P9: =IF((Water!F10-Water!F9)<0,"0",(Water!F10-Water!F9)) -> 0 | Q9: =IF((Water!G10-Water!G9)<0,"0",(Water!G10-Water!G9)) -> 0 | R9: =IF((Water!H10-Water!H9)<0,"0",(Water!H10-Water!H9)) -> 0 | S9: =IF((Water!I10-Water!I9)<0,"0",(Water!I10-Water!I9)) -> 0 | T9: =IF((Water!J10-Water!J9)<0,"0",(Water!J10-Water!J9)) -> 0 | ... X9: =IF((Water!N10-Water!N9)<0,"0",(Water!N10-Water!N9)) -> 31 | Y9: 298 | Z9: 298
A10: Mondrian Duxton | B10: =B9+1 -> 9 | C10: 3 | D10: 2024 | E10: =(IF((Electrical!B11-Electrical!B10)<0,"0",(Electrical!B11-Electrical!B10)))*15 -> 5940 | F10: =(IF((Electrical!C11-Electrical!C10)<0,"0",(Electrical!C11-Electrical!C10)))*15 -> 3345 | G10: =(IF((Electrical!D11-Electrical!D10)<0,"0",(Electrical!D11-Electrical!D10)))*15 -> 3780 | H10: =IF((Electrical!E11-Electrical!E10)<0,"0",(Electrical!E11-Electrical!E10)) -> 2253 | I10: =IF((Electrical!F11-Electrical!F10)<0,"0",(Electrical!F11-Electrical!F10)) -> 525 | J10: =IF((Gas!B11-Gas!B10)<0,"0",(Gas!B11-Gas!B10)) -> 0 | K10: =IF((Gas!C11-Gas!C10)<0,"0",(Gas!C11-Gas!C10)) -> 818 | L10: =(IF((Water!B11-Water!B10)<0,"0",(Water!B11-Water!B10)))*10 -> 160 | M10: =IF((Water!C11-Water!C10)<0,"0",(Water!C11-Water!C10)) -> 17 | N10: =IF((Water!D11-Water!D10)<0,"0",(Water!D11-Water!D10)) -> 0 | O10: =IF((Water!E11-Water!E10)<0,"0",(Water!E11-Water!E10)) -> 22 | P10: =IF((Water!F11-Water!F10)<0,"0",(Water!F11-Water!F10)) -> 0 | Q10: =IF((Water!G11-Water!G10)<0,"0",(Water!G11-Water!G10)) -> 0 | R10: =IF((Water!H11-Water!H10)<0,"0",(Water!H11-Water!H10)) -> 0 | S10: =IF((Water!I11-Water!I10)<0,"0",(Water!I11-Water!I10)) -> 0 | T10: =IF((Water!J11-Water!J10)<0,"0",(Water!J11-Water!J10)) -> 0 | ... X10: =IF((Water!N11-Water!N10)<0,"0",(Water!N11-Water!N10)) -> 33 | Y10: 290 | Z10: 290
A11: Mondrian Duxton | B11: =B10+1 -> 10 | C11: 3 | D11: 2024 | E11: =(IF((Electrical!B12-Electrical!B11)<0,"0",(Electrical!B12-Electrical!B11)))*15 -> 4725 | F11: =(IF((Electrical!C12-Electrical!C11)<0,"0",(Electrical!C12-Electrical!C11)))*15 -> 3255 | G11: =(IF((Electrical!D12-Electrical!D11)<0,"0",(Electrical!D12-Electrical!D11)))*15 -> 3690 | H11: =IF((Electrical!E12-Electrical!E11)<0,"0",(Electrical!E12-Electrical!E11)) -> 3302 | I11: =IF((Electrical!F12-Electrical!F11)<0,"0",(Electrical!F12-Electrical!F11)) -> 463 | J11: =IF((Gas!B12-Gas!B11)<0,"0",(Gas!B12-Gas!B11)) -> 0 | K11: =IF((Gas!C12-Gas!C11)<0,"0",(Gas!C12-Gas!C11)) -> 817 | L11: =(IF((Water!B12-Water!B11)<0,"0",(Water!B12-Water!B11)))*10 -> 120 | M11: =IF((Water!C12-Water!C11)<0,"0",(Water!C12-Water!C11)) -> 20 | N11: =IF((Water!D12-Water!D11)<0,"0",(Water!D12-Water!D11)) -> 0 | O11: =IF((Water!E12-Water!E11)<0,"0",(Water!E12-Water!E11)) -> 20 | P11: =IF((Water!F12-Water!F11)<0,"0",(Water!F12-Water!F11)) -> 0 | Q11: =IF((Water!G12-Water!G11)<0,"0",(Water!G12-Water!G11)) -> 0 | R11: =IF((Water!H12-Water!H11)<0,"0",(Water!H12-Water!H11)) -> 0 | S11: =IF((Water!I12-Water!I11)<0,"0",(Water!I12-Water!I11)) -> 0 | T11: =IF((Water!J12-Water!J11)<0,"0",(Water!J12-Water!J11)) -> 0 | ... X11: =IF((Water!N12-Water!N11)<0,"0",(Water!N12-Water!N11)) -> 31 | Y11: 235 | Z11: 235
A12: Mondrian Duxton | B12: =B11+1 -> 11 | C12: 3 | D12: 2024 | E12: =(IF((Electrical!B13-Electrical!B12)<0,"0",(Electrical!B13-Electrical!B12)))*15 -> 5265 | F12: =(IF((Electrical!C13-Electrical!C12)<0,"0",(Electrical!C13-Electrical!C12)))*15 -> 2985 | G12: =(IF((Electrical!D13-Electrical!D12)<0,"0",(Electrical!D13-Electrical!D12)))*15 -> 3645 | H12: =IF((Electrical!E13-Electrical!E12)<0,"0",(Electrical!E13-Electrical!E12)) -> 3275 | I12: =IF((Electrical!F13-Electrical!F12)<0,"0",(Electrical!F13-Electrical!F12)) -> 446 | J12: =IF((Gas!B13-Gas!B12)<0,"0",(Gas!B13-Gas!B12)) -> 0 | K12: =IF((Gas!C13-Gas!C12)<0,"0",(Gas!C13-Gas!C12)) -> 613 | L12: =(IF((Water!B13-Water!B12)<0,"0",(Water!B13-Water!B12)))*10 -> 120 | M12: =IF((Water!C13-Water!C12)<0,"0",(Water!C13-Water!C12)) -> 27 | N12: =IF((Water!D13-Water!D12)<0,"0",(Water!D13-Water!D12)) -> 0 | O12: =IF((Water!E13-Water!E12)<0,"0",(Water!E13-Water!E12)) -> 16 | P12: =IF((Water!F13-Water!F12)<0,"0",(Water!F13-Water!F12)) -> 0 | Q12: =IF((Water!G13-Water!G12)<0,"0",(Water!G13-Water!G12)) -> 0 | R12: =IF((Water!H13-Water!H12)<0,"0",(Water!H13-Water!H12)) -> 0 | S12: =IF((Water!I13-Water!I12)<0,"0",(Water!I13-Water!I12)) -> 0 | T12: =IF((Water!J13-Water!J12)<0,"0",(Water!J13-Water!J12)) -> 0 | ... X12: =IF((Water!N13-Water!N12)<0,"0",(Water!N13-Water!N12)) -> 32 | Y12: 235 | Z12: 235
A13: Mondrian Duxton | B13: =B12+1 -> 12 | C13: 3 | D13: 2024 | E13: =(IF((Electrical!B14-Electrical!B13)<0,"0",(Electrical!B14-Electrical!B13)))*15 -> 5445 | F13: =(IF((Electrical!C14-Electrical!C13)<0,"0",(Electrical!C14-Electrical!C13)))*15 -> 3315 | G13: =(IF((Electrical!D14-Electrical!D13)<0,"0",(Electrical!D14-Electrical!D13)))*15 -> 3555 | H13: =IF((Electrical!E14-Electrical!E13)<0,"0",(Electrical!E14-Electrical!E13)) -> 3574 | I13: =IF((Electrical!F14-Electrical!F13)<0,"0",(Electrical!F14-Electrical!F13)) -> 410 | J13: =IF((Gas!B14-Gas!B13)<0,"0",(Gas!B14-Gas!B13)) -> 0 | K13: =IF((Gas!C14-Gas!C13)<0,"0",(Gas!C14-Gas!C13)) -> 583 | L13: =(IF((Water!B14-Water!B13)<0,"0",(Water!B14-Water!B13)))*10 -> 120 | M13: =IF((Water!C14-Water!C13)<0,"0",(Water!C14-Water!C13)) -> 17 | N13: =IF((Water!D14-Water!D13)<0,"0",(Water!D14-Water!D13)) -> 0 | O13: =IF((Water!E14-Water!E13)<0,"0",(Water!E14-Water!E13)) -> 14 | P13: =IF((Water!F14-Water!F13)<0,"0",(Water!F14-Water!F13)) -> 0 | Q13: =IF((Water!G14-Water!G13)<0,"0",(Water!G14-Water!G13)) -> 0 | R13: =IF((Water!H14-Water!H13)<0,"0",(Water!H14-Water!H13)) -> 0 | S13: =IF((Water!I14-Water!I13)<0,"0",(Water!I14-Water!I13)) -> 0 | T13: =IF((Water!J14-Water!J13)<0,"0",(Water!J14-Water!J13)) -> 0 | ... X13: =IF((Water!N14-Water!N13)<0,"0",(Water!N14-Water!N13)) -> 33 | Y13: 229 | Z13: 229
A14: Mondrian Duxton | B14: =B13+1 -> 13 | C14: 3 | D14: 2024 | E14: =(IF((Electrical!B15-Electrical!B14)<0,"0",(Electrical!B15-Electrical!B14)))*15 -> 5430 | F14: =(IF((Electrical!C15-Electrical!C14)<0,"0",(Electrical!C15-Electrical!C14)))*15 -> 3525 | G14: =(IF((Electrical!D15-Electrical!D14)<0,"0",(Electrical!D15-Electrical!D14)))*15 -> 3675 | H14: =IF((Electrical!E15-Electrical!E14)<0,"0",(Electrical!E15-Electrical!E14)) -> 3618 | I14: =IF((Electrical!F15-Electrical!F14)<0,"0",(Electrical!F15-Electrical!F14)) -> 419 | J14: =IF((Gas!B15-Gas!B14)<0,"0",(Gas!B15-Gas!B14)) -> 0 | K14: =IF((Gas!C15-Gas!C14)<0,"0",(Gas!C15-Gas!C14)) -> 723 | L14: =(IF((Water!B15-Water!B14)<0,"0",(Water!B15-Water!B14)))*10 -> 130 | M14: =IF((Water!C15-Water!C14)<0,"0",(Water!C15-Water!C14)) -> 23 | N14: =IF((Water!D15-Water!D14)<0,"0",(Water!D15-Water!D14)) -> 0 | O14: =IF((Water!E15-Water!E14)<0,"0",(Water!E15-Water!E14)) -> 14 | P14: =IF((Water!F15-Water!F14)<0,"0",(Water!F15-Water!F14)) -> 0 | Q14: =IF((Water!G15-Water!G14)<0,"0",(Water!G15-Water!G14)) -> 0 | R14: =IF((Water!H15-Water!H14)<0,"0",(Water!H15-Water!H14)) -> 0 | S14: =IF((Water!I15-Water!I14)<0,"0",(Water!I15-Water!I14)) -> 0 | T14: =IF((Water!J15-Water!J14)<0,"0",(Water!J15-Water!J14)) -> 1 | ... X14: =IF((Water!N15-Water!N14)<0,"0",(Water!N15-Water!N14)) -> 48 | Y14: 236 | Z14: 236
... A31: Mondrian Duxton | B31: =B30+1 -> 30 | C31: 3 | D31: 2024 | E31: =(IF((Electrical!B32-Electrical!B31)<0,"0",(Electrical!B32-Electrical!B31)))*15 -> 7380 | F31: =(IF((Electrical!C32-Electrical!C31)<0,"0",(Electrical!C32-Electrical!C31)))*15 -> 3930 | G31: =(IF((Electrical!D32-Electrical!D31)<0,"0",(Electrical!D32-Electrical!D31)))*15 -> 3915 | H31: =IF((Electrical!E32-Electrical!E31)<0,"0",(Electrical!E32-Electrical!E31)) -> 4868 | I31: =IF((Electrical!F32-Electrical!F31)<0,"0",(Electrical!F32-Electrical!F31)) -> 473 | J31: =IF((Gas!B32-Gas!B31)<0,"0",(Gas!B32-Gas!B31)) -> 0 | K31: =IF((Gas!C32-Gas!C31)<0,"0",(Gas!C32-Gas!C31)) -> 723 | L31: =(IF((Water!B32-Water!B31)<0,"0",(Water!B32-Water!B31)))*10 -> 180 | M31: =IF((Water!C32-Water!C31)<0,"0",(Water!C32-Water!C31)) -> 28 | N31: =IF((Water!D32-Water!D31)<0,"0",(Water!D32-Water!D31)) -> 0 | O31: =IF((Water!E32-Water!E31)<0,"0",(Water!E32-Water!E31)) -> 20 | P31: =IF((Water!F32-Water!F31)<0,"0",(Water!F32-Water!F31)) -> 0 | Q31: =IF((Water!G32-Water!G31)<0,"0",(Water!G32-Water!G31)) -> 0 | R31: =IF((Water!H32-Water!H31)<0,"0",(Water!H32-Water!H31)) -> 0 | S31: =IF((Water!I32-Water!I31)<0,"0",(Water!I32-Water!I31)) -> 0 | T31: =IF((Water!J32-Water!J31)<0,"0",(Water!J32-Water!J31)) -> 1 | ... X31: =IF((Water!N32-Water!N31)<0,"0",(Water!N32-Water!N31)) -> 48 | Y31: 237 | Z31: 237
A32: Mondrian Duxton | B32: =B31+1 -> 31 | C32: 3 | D32: 2024 | E32: =(IF((Electrical!B33-Electrical!B32)<0,"0",(Electrical!B33-Electrical!B32)))*15 -> 4395 | F32: =(IF((Electrical!C33-Electrical!C32)<0,"0",(Electrical!C33-Electrical!C32)))*15 -> 3525 | G32: =(IF((Electrical!D33-Electrical!D32)<0,"0",(Electrical!D33-Electrical!D32)))*15 -> 3585 | H32: =IF((Electrical!E33-Electrical!E32)<0,"0",(Electrical!E33-Electrical!E32)) -> 4084 | I32: =IF((Electrical!F33-Electrical!F32)<0,"0",(Electrical!F33-Electrical!F32)) -> 381 | J32: =IF((Gas!B33-Gas!B32)<0,"0",(Gas!B33-Gas!B32)) -> 0 | K32: =IF((Gas!C33-Gas!C32)<0,"0",(Gas!C33-Gas!C32)) -> 762 | L32: =(IF((Water!B33-Water!B32)<0,"0",(Water!B33-Water!B32)))*10 -> 170 | M32: =IF((Water!C33-Water!C32)<0,"0",(Water!C33-Water!C32)) -> 20 | N32: =IF((Water!D34-Water!D32)<0,"0",(Water!D34-Water!D32)) -> 0 | O32: =IF((Water!E33-Water!E32)<0,"0",(Water!E33-Water!E32)) -> 15 | P32: =IF((Water!F34-Water!F32)<0,"0",(Water!F34-Water!F32)) -> 0 | Q32: =IF((Water!G34-Water!G32)<0,"0",(Water!G34-Water!G32)) -> 0 | R32: =IF((Water!H34-Water!H32)<0,"0",(Water!H34-Water!H32)) -> 0 | S32: =IF((Water!I34-Water!I32)<0,"0",(Water!I34-Water!I32)) -> 0 | T32: =IF((Water!J33-Water!J32)<0,"0",(Water!J33-Water!J32)) -> 1 | U32: =IF((Water!K34-Water!K32)<0,"0",(Water!K34-Water!K32)) -> 0 | V32: =IF((Water!L34-Water!L32)<0,"0",(Water!L34-Water!L32)) -> 0 | W32: =IF((Water!M34-Water!M32)<0,"0",(Water!M34-Water!M32)) -> 0 | X32: =IF((Water!N33-Water!N32)<0,"0",(Water!N33-Water!N32)) -> 32 | Y32: 186 | Z32: 186

Sheet Electrical
A1: DAY | B1: POWERGRID METER 1 (RC5056796) LEVEL B2 | C1: POWERGRID METER 2 (RC5056766) LEVEL B2 | D1: POWERGRID METER 3 (RC5057123) LEVEL B2 | E1: CHILLER METER LEVEL B2 | F1: HEAT PUMP LEVEL B1 | G1: CHECKED BY
A2: 29 | B2: 117982 | C2: 87169 | D2: 88620 | E2: 1221676 | F2: 138949 | G2: Venkat
A3: 1 | B3: 118369 | C3: 87421 | D3: 88866 | E3: 1225732 | F3: 139402 | G3: Venkat
A4: 2 | B4: 118758 | C4: 87677 | D4: 89120 | E4: 1229840 | F4: 139879 | G4: Ramu
A5: 3 | B5: 119088 | C5: 87898 | D5: 89366 | E5: 1233317 | F5: 140333 | G5: Veera
A6: 4 | B6: 119441 | C6: 88134 | D6: 89615 | E6: 1237014 | F6: 140786 | G6: Veera
A7: 5 | B7: 119818 | C7: 88359 | D7: 89861 | E7: 1240743 | F7: 141236 | G7: Veera
A8: 6 | B8: 120204 | C8: 88590 | D8: 90114 | E8: 1244712 | F8: 141666 | G8: Veera
A9: 7 | B9: 120582 | C9: 88841 | D9: 90367 | E9: 1249013 | F9: 142138 | G9: Veera
A10: 8 | B10: 120975 | C10: 89095 | D10: 90623 | E10: 1254528 | F10: 142579 | G10: Veera/Ramu
A11: 9 | B11: 121371 | C11: 89318 | D11: 90875 | E11: 1256781 | F11: 143104 | G11: Ramu/Sathis/Aung
A12: 10 | B12: 121686 | C12: 89535 | D12: 91121 | E12: 1260083 | F12: 143567 | G12: Ullah/Aung
A13: 11 | B13: 122037 | C13: 89734 | D13: 91364 | E13: 1263358 | F13: 144013 | G13: Venkat
... A33: 31 | B33: 129471 | C33: 94581 | D33: 96275 | E33: 1344123 | F33: 152295 | G33: Ramu/Sathis

Sheet Gas
A1: DAY | B1: CHRISTINA'S (LEVEL 1) | C1: HOT PRODUCTION KITCHEN/BOTTEGA DI CARNA (LEVEL 3) | D1: CHECK BY
A2: 29 | B2: 0 | C2: 203139 | D2: Venkat
A3: 1 | B3: 0 | C3: 203890 | D3: Venkat
A4: 2 | B4: 0 | C4: 204698 | D4: Ramu
A5: 3 | B5: 0 | C5: 205568 | D5: Veera
A6: 4 | B6: 0 | C6: 206323 | D6: Veera
A7: 5 | B7: 0 | C7: 207159 | D7: Veera
A8: 6 | B8: 0 | C8: 208008 | D8: Veera
A9: 7 | B9: 0 | C9: 208872 | D9: Veera
A10: 8 | B10: 0 | C10: 209681 | D10: Veera/Ramu
A11: 9 | B11: 0 | C11: 210499 | D11: Ramu/Sathis/Aung
A12: 10 | B12: 0 | C12: 211316 | D12: Ullah/Aung
A13: 11 | B13: 0 | C13: 211929 | D13: Venkat
... A33: 31 | B33: 0 | C33: 226667 | D33: Ramu/Sathis

Sheet Water
A1: DAY | B1: MAIN WATER METER (B2) | C1: SUB WATER METER (B2) | D1: NEWWATER METER (B2) | E1: HOT WATER METER(B1) | F1: RESTAURANT CHRISTINA WATER METER (LEVEL 1) | G1: KITCHEN WATER METER (LEVEL 3) | H1: BAR KITCHEN WATER METER (LEVEL 3) | I1: WATER FEATURE WATER METER (LEVEL 3) | J1: SWIMMING POOL WATER METER (LEVEL 13) | K1: DOMESTIC TANK WATER METER (LEVEL 13) | L1: COOLING TOWER WATER METER (LEVEL 13) | M1: COOLING TOWER MAKE UP WATER METER (LEVEL 13) | N1: EXTENSION TANK WATER METER (LEVEL 13) | O1: CHECKED BY
A2: 29 | B2: 3268 | C2: 10320 | D2: 0 | E2: 2896 | F2: 0 | G2: 0 | H2: 0 | I2: 0 | J2: 372 | K2: 0 | L2: 0 | M2: 0 | N2: 12225 | O2: Venkat
A3: 1 | B3: 3283 | C3: 10341 | D3: 0 | E3: 2913 | F3: 0 | G3: 0 | H3: 0 | I3: 0 | J3: 372 | K3: 0 | L3: 0 | M3: 0 | N3: 12257 | O3: Venkat
A4: 2 | B4: 3297 | C4: 10357 | D4: 0 | E4: 2932 | F4: 0 | G4: 0 | H4: 0 | I4: 0 | J4: 373 | K4: 0 | L4: 0 | M4: 0 | N4: 12289 | O4: Ramu
A5: 3 | B5: 3309 | C5: 10372 | D5: 0 | E5: 2952 | F5: 0 | G5: 0 | H5: 0 | I5: 0 | J5: 373 | K5: 0 | L5: 0 | M5: 0 | N5: 12322 | O5: Veera
A6: 4 | B6: 3322 | C6: 10390 | D6: 0 | E6: 2969 | F6: 0 | G6: 0 | H6: 0 | I6: 0 | J6: 380 | K6: 0 | L6: 0 | M6: 0 | N6: 12354 | O6: Veera
A7: 5 | B7: 3335 | C7: 10404 | D7: 0 | E7: 2986 | F7: 0 | G7: 0 | H7: 0 | I7: 0 | J7: 380 | K7: 0 | L7: 0 | M7: 0 | N7: 12386 | O7: Veera
A8: 6 | B8: 3346 | C8: 10424 | D8: 0 | E8: 3002 | F8: 0 | G8: 0 | H8: 0 | I8: 0 | J8: 380 | K8: 0 | L8: 0 | M8: 0 | N8: 12418 | O8: Veera
A9: 7 | B9: 3368 | C9: 10442 | D9: 0 | E9: 3024 | F9: 0 | G9: 0 | H9: 0 | I9: 0 | J9: 380 | K9: 0 | L9: 0 | M9: 0 | N9: 12469 | O9: Veera
A10: 8 | B10: 3376 | C10: 10459 | D10: 0 | E10: 3039 | F10: 0 | G10: 0 | H10: 0 | I10: 0 | J10: 380 | K10: 0 | L10: 0 | M10: 0 | N10: 12500 | O10: Veera/Ramu
A11: 9 | B11: 3392 | C11: 10476 | D11: 0 | E11: 3061 | F11: 0 | G11: 0 | H11: 0 | I11: 0 | J11: 380 | K11: 0 | L11: 0 | M11: 0 | N11: 12533 | O11: Ramu/Sathis/Aung
A12: 10 | B12: 3404 | C12: 10496 | D12: 0 | E12: 3081 | F12: 0 | G12: 0 | H12: 0 | I12: 0 | J12: 380 | K12: 0 | L12: 0 | M12: 0 | N12: 12564 | O12: Ullah/Aung
A13: 11 | B13: 3416 | C13: 10523 | D13: 0 | E13: 3097 | F13: 0 | G13: 0 | H13: 0 | I13: 0 | J13: 380 | K13: 0 | L13: 0 | M13: 0 | N13: 12596 | O13: Venkat
... A33: 31 | B33: 3690 | C33: 10960 | D33: 0 | E33: 3386 | F33: 0 | G33: 0 | H33: 0 | I33: 0 | J33: 435 | K33: 0 | L33: 0 | M33: 0 | N33: 13354 | O33: Ramu/Sathis
A34: NOTE:In case of break down,keep the Duty Engineer or Facility Manager informed.
