Workbook

Sheet Total
A1: Site Name | B1: Day | C1: Month | D1: Year | E1: Total Electricity Kwh | F1: Electricity Tariff ($/Kwh) | G1: LPG (Liters) | H1: LPG $/Liter | I1: Water Utility Supply (m3) m3 | J1: Water Utility Supply (m3) $/m3 | K1: District Energy Heating Kwh | L1: District Energy Heating $/Kwh | M1: Total Fuel Oil (Liter) | N1: Fuel Oil $/Liter | O1: Room Nights | P1: Total Guests
A2: Annabelle | B2: 1 | C2: 8 | D2: 2024 | E2: =IF(Monthly!C2<0,"0",Monthly!C2)+(IF(Monthly!E2<0,"0",Monthly!E2)-(IF(Monthly!G2<0,"0",Monthly!G2))) -> 11605 | F2: =(Monthly!C2*0.27)/(Monthly!C2+Monthly!E2) -> 0.23593882 | G2: =Monthly!U2 -> 85 | H2: 0.62 | I2: =Monthly!W2 -> 131 | J2: 2.42 | K2: =Monthly!AB2*5.04 -> 1058.4 | L2: 0.1151 | M2: =Monthly!M2 -> 0 | N2: 0.88 | O2: =Monthly!AC2 -> 179 | P2: =Monthly!AD2 -> 375
A3: Annabelle | B3: =B2+1 -> 2 | C3: 8 | D3: 2024 | E3: =IF(Monthly!C3<0,"0",Monthly!C3)+(IF(Monthly!E3<0,"0",Monthly!E3)-(IF(Monthly!G3<0,"0",Monthly!G3))) -> 11011 | F3: =(Monthly!C3*0.27)/(Monthly!C3+Monthly!E3) -> 0.23346381 | G3: =Monthly!U3 -> 125 | H3: 0.62 | I3: =Monthly!W3 -> 111 | J3: 2.42 | K3: =Monthly!AB3*5.04 -> 932.4 | L3: 0.1151 | M3: =Monthly!M3 -> 0 | N3: 0.88 | O3: =Monthly!AC3 -> 212 | P3: =Monthly!AD3 -> 442
A4: Annabelle | B4: =B3+1 -> 3 | C4: 8 | D4: 2024 | E4: =IF(Monthly!C4<0,"0",Monthly!C4)+(IF(Monthly!E4<0,"0",Monthly!E4)-(IF(Monthly!G4<0,"0",Monthly!G4))) -> 10750 | F4: =(Monthly!C4*0.27)/(Monthly!C4+Monthly!E4) -> 0.23521395 | G4: =Monthly!U4 -> 90 | H4: 0.62 | I4: =Monthly!W4 -> 138 | J4: 2.42 | K4: =Monthly!AB4*5.04 -> 957.6 | L4: 0.1151 | M4: =Monthly!M4 -> 0 | N4: 0.88 | O4: =Monthly!AC4 -> 222 | P4: =Monthly!AD4 -> 467
A5: Annabelle | B5: =B4+1 -> 4 | C5: 8 | D5: 2024 | E5: =IF(Monthly!C5<0,"0",Monthly!C5)+(IF(Monthly!E5<0,"0",Monthly!E5)-(IF(Monthly!G5<0,"0",Monthly!G5))) -> 11208 | F5: =(Monthly!C5*0.27)/(Monthly!C5+Monthly!E5) -> 0.23521413 | G5: =Monthly!U5 -> 150 | H5: 0.62 | I5: =Monthly!W5 -> 126 | J5: 2.42 | K5: =Monthly!AB5*5.04 -> 1108.8 | L5: 0.1151 | M5: =Monthly!M5 -> 0 | N5: 0.88 | O5: =Monthly!AC5 -> 202 | P5: =Monthly!AD5 -> 431
A6: Annabelle | B6: =B5+1 -> 5 | C6: 8 | D6: 2024 | E6: =IF(Monthly!C6<0,"0",Monthly!C6)+(IF(Monthly!E6<0,"0",Monthly!E6)-(IF(Monthly!G6<0,"0",Monthly!G6))) -> 11213 | F6: =(Monthly!C6*0.27)/(Monthly!C6+Monthly!E6) -> 0.23402568 | G6: =Monthly!U6 -> 74 | H6: 0.62 | I6: =Monthly!W6 -> 134 | J6: 2.42 | K6: =Monthly!AB6*5.04 -> 1108.8 | L6: 0.1151 | M6: =Monthly!M6 -> 0 | N6: 0.88 | O6: =Monthly!AC6 -> 223 | P6: =Monthly!AD6 -> 483
A7: Annabelle | B7: =B6+1 -> 6 | C7: 8 | D7: 2024 | E7: =IF(Monthly!C7<0,"0",Monthly!C7)+(IF(Monthly!E7<0,"0",Monthly!E7)-(IF(Monthly!G7<0,"0",Monthly!G7))) -> 10781 | F7: =(Monthly!C7*0.27)/(Monthly!C7+Monthly!E7) -> 0.23303497 | G7: =Monthly!U7 -> 0 | H7: 0.62 | I7: =Monthly!W7 -> 135 | J7: 2.42 | K7: =Monthly!AB7*5.04 -> 1209.6 | L7: 0.1151 | M7: =Monthly!M7 -> 0 | N7: 0.88 | O7: =Monthly!AC7 -> 212 | P7: =Monthly!AD7 -> 464
A8: Annabelle | B8: =B7+1 -> 7 | C8: 8 | D8: 2024 | E8: =IF(Monthly!C8<0,"0",Monthly!C8)+(IF(Monthly!E8<0,"0",Monthly!E8)-(IF(Monthly!G8<0,"0",Monthly!G8))) -> 11430 | F8: =(Monthly!C8*0.27)/(Monthly!C8+Monthly!E8) -> 0.23558268 | G8: =Monthly!U8 -> 85 | H8: 0.62 | I8: =Monthly!W8 -> 126 | J8: 2.42 | K8: =Monthly!AB8*5.04 -> 1134 | L8: 0.1151 | M8: =Monthly!M8 -> 0 | N8: 0.88 | O8: =Monthly!AC8 -> 205 | P8: =Monthly!AD8 -> 467
A9: Annabelle | B9: =B8+1 -> 8 | C9: 8 | D9: 2024 | E9: =IF(Monthly!C9<0,"0",Monthly!C9)+(IF(Monthly!E9<0,"0",Monthly!E9)-(IF(Monthly!G9<0,"0",Monthly!G9))) -> 11251 | F9: =(Monthly!C9*0.27)/(Monthly!C9+Monthly!E9) -> 0.23472314 | G9: =Monthly!U9 -> 45 | H9: 0.62 | I9: =Monthly!W9 -> 137 | J9: 2.42 | K9: =Monthly!AB9*5.04 -> 1134 | L9: 0.1151 | M9: =Monthly!M9 -> 0 | N9: 0.88 | O9: =Monthly!AC9 -> 215 | P9: =Monthly!AD9 -> 461
A10: Annabelle | B10: =B9+1 -> 9 | C10: 8 | D10: 2024 | E10: =IF(Monthly!C10<0,"0",Monthly!C10)+(IF(Monthly!E10<0,"0",Monthly!E10)-(IF(Monthly!G10<0,"0",Monthly!G10))) -> 11156 | F10: =(Monthly!C10*0.27)/(Monthly!C10+Monthly!E10) -> 0.23524561 | G10: =Monthly!U10 -> 190 | H10: 0.62 | I10: =Monthly!W10 -> 130 | J10: 2.42 | K10: =Monthly!AB10*5.04 -> 1209.6 | L10: 0.1151 | M10: =Monthly!M10 -> 0 | N10: 0.88 | O10: =Monthly!AC10 -> 215 | P10: =Monthly!AD10 -> 489
A11: Annabelle | B11: =B10+1 -> 10 | C11: 8 | D11: 2024 | E11: =IF(Monthly!C11<0,"0",Monthly!C11)+(IF(Monthly!E11<0,"0",Monthly!E11)-(IF(Monthly!G11<0,"0",Monthly!G11))) -> 10988 | F11: =(Monthly!C11*0.27)/(Monthly!C11+Monthly!E11) -> 0.2350091 | G11: =Monthly!U11 -> 130 | H11: 0.62 | I11: =Monthly!W11 -> 143 | J11: 2.42 | K11: =Monthly!AB11*5.04 -> 1159.2 | L11: 0.1151 | M11: =Monthly!M11 -> 0 | N11: 0.88 | O11: =Monthly!AC11 -> 221 | P11: =Monthly!AD11 -> 504
A12: Annabelle | B12: =B11+1 -> 11 | C12: 8 | D12: 2024 | E12: =IF(Monthly!C12<0,"0",Monthly!C12)+(IF(Monthly!E12<0,"0",Monthly!E12)-(IF(Monthly!G12<0,"0",Monthly!G12))) -> 11975 | F12: =(Monthly!C12*0.27)/(Monthly!C12+Monthly!E12) -> 0.23841169 | G12: =Monthly!U12 -> 95 | H12: 0.62 | I12: =Monthly!W12 -> 134 | J12: 2.42 | K12: =Monthly!AB12*5.04 -> 1260 | L12: 0.1151 | M12: =Monthly!M12 -> 0 | N12: 0.88 | O12: =Monthly!AC12 -> 225 | P12: =Monthly!AD12 -> 517
A13: Annabelle | B13: =B12+1 -> 12 | C13: 8 | D13: 2024 | E13: =IF(Monthly!C13<0,"0",Monthly!C13)+(IF(Monthly!E13<0,"0",Monthly!E13)-(IF(Monthly!G13<0,"0",Monthly!G13))) -> 11735 | F13: =(Monthly!C13*0.27)/(Monthly!C13+Monthly!E13) -> 0.23762761 | G13: =Monthly!U13 -> 136 | H13: 0.62 | I13: =Monthly!W13 -> 158 | J13: 2.42 | K13: =Monthly!AB13*5.04 -> 1108.8 | L13: 0.1151 | M13: =Monthly!M13 -> 0 | N13: 0.88 | O13: =Monthly!AC13 -> 235 | P13: =Monthly!AD13 -> 557
A14: Annabelle | B14: =B13+1 -> 13 | C14: 8 | D14: 2024 | E14: =IF(Monthly!C14<0,"0",Monthly!C14)+(IF(Monthly!E14<0,"0",Monthly!E14)-(IF(Monthly!G14<0,"0",Monthly!G14))) -> 12848 | F14: =(Monthly!C14*0.27)/(Monthly!C14+Monthly!E14) -> 0.24038994 | G14: =Monthly!U14 -> 0 | H14: 0.62 | I14: =Monthly!W14 -> 134 | J14: 2.42 | K14: =Monthly!AB14*5.04 -> 1058.4 | L14: 0.1151 | M14: =Monthly!M14 -> 0 | N14: 0.88 | O14: =Monthly!AC14 -> 223 | P14: =Monthly!AD14 -> 516
... A31: Annabelle | B31: =B30+1 -> 30 | C31: 8 | D31: 2024 | E31: =IF(Monthly!C31<0,"0",Monthly!C31)+(IF(Monthly!E31<0,"0",Monthly!E31)-(IF(Monthly!G31<0,"0",Monthly!G31))) -> 0 | F31: =(Monthly!C31*0.27)/(Monthly!C31+Monthly!E31) -> #DIV/0! | G31: =Monthly!U31 -> 0 | H31: 0.62 | I31: =Monthly!W31 -> 0 | J31: 2.42 | K31: =Monthly!AB31*5.04 -> 0 | L31: 0.1151 | M31: =Monthly!M31 -> 0 | N31: 0.88 | O31: =Monthly!AC31 -> 0 | P31: =Monthly!AD31 -> 0
A32: Annabelle | B32: =B31+1 -> 31 | C32: 8 | D32: 2024 | E32: =IF(Monthly!C32<0,"0",Monthly!C32)+(IF(Monthly!E32<0,"0",Monthly!E32)-(IF(Monthly!G32<0,"0",Monthly!G32))) -> 0 | F32: =(Monthly!C32*0.27)/(Monthly!C32+Monthly!E32) -> #DIV/0! | G32: =Monthly!U32 -> 0 | H32: 0.62 | I32: =Monthly!W32 -> 0 | J32: 2.42 | K32: =Monthly!AB32*5.04 -> 0 | M32: =Monthly!M32 -> 0 | N32: 0.88 | O32: =Monthly!AC32 -> 0 | P32: =Monthly!AD32 -> 0

Sheet Monthly
A1: Date | B1: Purchased Electricity (Kwh) Reading | C1: BOUGHT | D1: Total Renewable Energy Production (Kwh) Reading | E1: PRODUCED | F1: Total Renewable Energy Exported (KWh) Reading | G1: SOLD | H1: HOTEL Electricity (KWh) Consumed incl. --> | I1: HOTEL Electricity (KWh) Consumed excl. --> | J1: Consumed | K1: Date | L1: Fuel Oil Hot-Water Boilers (Liter) Reading | M1: Fuel Oil (Liter) Received | N1: Consumed | O1: LPG % TANK 1 | P1: LPG % TANK 2 | Q1: LPG % TANK 3 | R1: LPG % TANK 4 | S1: LPG (Liter) Reading | T1: LPG (Liter) Received | U1: Consumed | V1: Water Utility Supply (m3) Reading | W1: Consumed | X1: Irrigation Water Supply (m3) Reading | Y1: Consumed | Z1: Pellets (Kg) Reading | AA1: Pellets (Kg) Received | AB1: Consumed | AC1: Room Nights | AD1: Guest Nights
A2: 45505 | B2: 12367427 | C2: =B3-B2 -> 10141 | D2: 478906 | E2: =D3-D2 -> 1464 | F2: 1704 | G2: =F3-F2 -> 0 | H2: =C2+E2-G2 -> 11605 | I2: =H2-K2-M2-O2-Q2 -> -33901.5 | J2: =I3-I2 -> -594.95 | K2: =A2 -> 45505 | L2: 5660 | M2: 0 | N2: 0 | O2: 0.76 | P2: 0.76 | Q2: 0.74 | R2: 0.68 | S2: =(2500*O2)+(2500*P2)+(500*Q2)+(500*R2) -> 4510 | U2: =IF(OR((S2+T2-S3)<0,S2>S1),"0",(S2+T2-S3)) -> 85 | V2: 109792 | W2: =IF(V3-V2<0,"0",V3-V2) -> 131 | X2: 60127 | Y2: =X3-X2 -> 13 | Z2: 8060 | AA2: 0 | AB2: =IF((Z2-Z3-AA2)=Z2,"0",(Z2-Z3-AA2)) -> 210 | AC2: 179 | AD2: 375
A3: 45506 | B3: 12377568 | C3: =B4-B3 -> 9521 | D3: 480370 | E3: =D4-D3 -> 1490 | F3: 1704 | G3: =F4-F3 -> 0 | H3: =C3+E3-G3 -> 11011 | I3: =H3-K3-M3-O3-Q3 -> -34496.45 | J3: =I4-I3 -> -261.91 | K3: =A3 -> 45506 | L3: 5660 | M3: 0 | N3: 0 | O3: 0.75 | P3: 0.75 | Q3: 0.7 | R3: 0.65 | S3: =(2500*O3)+(2500*P3)+(500*Q3)+(500*R3) -> 4425 | U3: =IF(OR((S3+T3-S4)<0,S3>S2),"0",(S3+T3-S4)) -> 125 | V3: 109923 | W3: =IF(V4-V3<0,"0",V4-V3) -> 111 | X3: 60140 | Y3: =X4-X3 -> 16 | Z3: 7850 | AA3: 0 | AB3: =IF((Z3-Z4-AA3)=Z3,"0",(Z3-Z4-AA3)) -> 185 | AC3: 212 | AD3: 442
A4: 45507 | B4: 12387089 | C4: =B5-B4 -> 9365 | D4: 481860 | E4: =D5-D4 -> 1385 | F4: 1704 | G4: =F5-F4 -> 0 | H4: =C4+E4-G4 -> 10750 | I4: =H4-K4-M4-O4-Q4 -> -34758.36 | J4: =I5-I4 -> 457.08 | K4: =A4 -> 45507 | L4: 5660 | M4: 0 | N4: 0 | O4: 0.73 | P4: 0.74 | Q4: 0.63 | R4: 0.62 | S4: =(2500*O4)+(2500*P4)+(500*Q4)+(500*R4) -> 4300 | U4: =IF(OR((S4+T4-S5)<0,S4>S3),"0",(S4+T4-S5)) -> 90 | V4: 110034 | W4: =IF(V5-V4<0,"0",V5-V4) -> 138 | X4: 60156 | Y4: =X5-X4 -> 26 | Z4: 7665 | AA4: 0 | AB4: =IF((Z4-Z5-AA4)=Z4,"0",(Z4-Z5-AA4)) -> 190 | AC4: 222 | AD4: 467
A5: 45508 | B5: 12396454 | C5: =B6-B5 -> 9764 | D5: 483245 | E5: =D6-D5 -> 1444 | F5: 1704 | G5: =F6-F5 -> 0 | H5: =C5+E5-G5 -> 11208 | I5: =H5-K5-M5-O5-Q5 -> -34301.28 | J5: =I6-I5 -> 4.08 | K5: =A5 -> 45508 | L5: 5660 | M5: 0 | N5: 0 | O5: 0.72 | P5: 0.74 | Q5: 0.56 | R5: 0.56 | S5: =(2500*O5)+(2500*P5)+(500*Q5)+(500*R5) -> 4210 | U5: =IF(OR((S5+T5-S6)<0,S5>S4),"0",(S5+T5-S6)) -> 150 | V5: 110172 | W5: =IF(V6-V5<0,"0",V6-V5) -> 126 | X5: 60182 | Y5: =X6-X5 -> 7 | Z5: 7475 | AA5: 0 | AB5: =IF((Z5-Z6-AA5)=Z5,"0",(Z5-Z6-AA5)) -> 220 | AC5: 202 | AD5: 431
A6: 45509 | B6: 12406218 | C6: =B7-B6 -> 9719 | D6: 484689 | E6: =D7-D6 -> 1494 | F6: 1704 | G6: =F7-F6 -> 0 | H6: =C6+E6-G6 -> 11213 | I6: =H6-K6-M6-O6-Q6 -> -34297.2 | J6: =I7-I6 -> -433.35 | K6: =A6 -> 45509 | L6: 5660 | M6: 0 | N6: 0 | O6: 0.7 | P6: 0.72 | Q6: 0.5 | R6: 0.52 | S6: =(2500*O6)+(2500*P6)+(500*Q6)+(500*R6) -> 4060 | T6: 804 | U6: =IF(OR((S6+T6-S7)<0,S6>S5),"0",(S6+T6-S7)) -> 74 | V6: 110298 | W6: =IF(V7-V6<0,"0",V7-V6) -> 134 | X6: 60189 | Y6: =X7-X6 -> -30 | Z6: 7255 | AA6: 0 | AB6: =IF((Z6-Z7-AA6)=Z6,"0",(Z6-Z7-AA6)) -> 220 | AC6: 223 | AD6: 483
A7: 45510 | B7: 12415937 | C7: =B8-B7 -> 9305 | D7: 486183 | E7: =D8-D7 -> 1476 | F7: 1704 | G7: =F8-F7 -> 0 | H7: =C7+E7-G7 -> 10781 | I7: =H7-K7-M7-O7-Q7 -> -34730.55 | J7: =I8-I7 -> 647.98 | K7: =A7 -> 45510 | L7: 5660 | M7: 0 | N7: 0 | O7: 0.77 | P7: 0.82 | Q7: 0.78 | R7: 0.85 | S7: =(2500*O7)+(2500*P7)+(500*Q7)+(500*R7) -> 4790 | U7: =IF(OR((S7+T7-S8)<0,S7>S6),"0",(S7+T7-S8)) -> 0 | V7: 110432 | W7: =IF(V8-V7<0,"0",V8-V7) -> 135 | X7: 60159 | Y7: =X8-X7 -> 46 | Z7: 7035 | AA7: 0 | AB7: =IF((Z7-Z8-AA7)=Z7,"0",(Z7-Z8-AA7)) -> 240 | AC7: 212 | AD7: 464
A8: 45511 | B8: 12425242 | C8: =B9-B8 -> 9973 | D8: 487659 | E8: =D9-D8 -> 1457 | F8: 1704 | G8: =F9-F8 -> 0 | H8: =C8+E8-G8 -> 11430 | I8: =H8-K8-M8-O8-Q8 -> -34082.57 | J8: =I9-I8 -> -179.98 | K8: =A8 -> 45511 | L8: 5660 | M8: 0 | N8: 0 | O8: 0.77 | P8: 0.79 | Q8: 0.8 | R8: 0.67 | S8: =(2500*O8)+(2500*P8)+(500*Q8)+(500*R8) -> 4635 | U8: =IF(OR((S8+T8-S9)<0,S8>S7),"0",(S8+T8-S9)) -> 85 | V8: 110567 | W8: =IF(V9-V8<0,"0",V9-V8) -> 126 | X8: 60205 | Y8: =X9-X8 -> 11 | Z8: 6795 | AA8: 0 | AB8: =IF((Z8-Z9-AA8)=Z8,"0",(Z8-Z9-AA8)) -> 225 | AC8: 205 | AD8: 467
A9: 45512 | B9: 12435215 | C9: =B10-B9 -> 9781 | D9: 489116 | E9: =D10-D9 -> 1470 | F9: 1704 | G9: =F10-F9 -> 0 | H9: =C9+E9-G9 -> 11251 | I9: =H9-K9-M9-O9-Q9 -> -34262.55 | J9: =I10-I9 -> -95.96 | K9: =A9 -> 45512 | L9: 5660 | M9: 0 | N9: 0 | O9: 0.76 | P9: 0.77 | Q9: 0.79 | R9: 0.66 | S9: =(2500*O9)+(2500*P9)+(500*Q9)+(500*R9) -> 4550 | U9: =IF(OR((S9+T9-S10)<0,S9>S8),"0",(S9+T9-S10)) -> 45 | V9: 110693 | W9: =IF(V10-V9<0,"0",V10-V9) -> 137 | X9: 60216 | Y9: =X10-X9 -> 10 | Z9: 6570 | AA9: 0 | AB9: =IF((Z9-Z10-AA9)=Z9,"0",(Z9-Z10-AA9)) -> 225 | AC9: 215 | AD9: 461
A10: 45513 | B10: 12444996 | C10: =B11-B10 -> 9720 | D10: 490586 | E10: =D11-D10 -> 1436 | F10: 1704 | G10: =F11-F10 -> 0 | H10: =C10+E10-G10 -> 11156 | I10: =H10-K10-M10-O10-Q10 -> -34358.51 | J10: =I11-I10 -> -168.88 | K10: =A10 -> 45513 | L10: 5660 | M10: 0 | N10: 0 | O10: 0.76 | P10: 0.76 | Q10: 0.75 | R10: 0.66 | S10: =(2500*O10)+(2500*P10)+(500*Q10)+(500*R10) -> 4505 | U10: =IF(OR((S10+T10-S11)<0,S10>S9),"0",(S10+T10-S11)) -> 190 | V10: 110830 | W10: =IF(V11-V10<0,"0",V11-V10) -> 130 | X10: 60226 | Y10: =X11-X10 -> 16 | Z10: 6345 | AA10: 0 | AB10: =IF((Z10-Z11-AA10)=Z10,"0",(Z10-Z11-AA10)) -> 240 | AC10: 215 | AD10: 489
A11: 45514 | B11: 12454716 | C11: =B12-B11 -> 9564 | D11: 492022 | E11: =D12-D11 -> 1424 | F11: 1704 | G11: =F12-F11 -> 0 | H11: =C11+E11-G11 -> 10988 | I11: =H11-K11-M11-O11-Q11 -> -34527.39 | J11: =I12-I11 -> 986.1 | K11: =A11 -> 45514 | L11: 5660 | M11: 0 | N11: 0 | O11: 0.73 | P11: 0.74 | Q11: 0.66 | R11: 0.62 | S11: =(2500*O11)+(2500*P11)+(500*Q11)+(500*R11) -> 4315 | U11: =IF(OR((S11+T11-S12)<0,S11>S10),"0",(S11+T11-S12)) -> 130 | V11: 110960 | W11: =IF(V12-V11<0,"0",V12-V11) -> 143 | X11: 60242 | Y11: =X12-X11 -> 9 | Z11: 6105 | AA11: 0 | AB11: =IF((Z11-Z12-AA11)=Z11,"0",(Z11-Z12-AA11)) -> 230 | AC11: 221 | AD11: 504
A12: 45515 | B12: 12464280 | C12: =B13-B12 -> 10574 | D12: 493446 | E12: =D13-D12 -> 1401 | F12: 1704 | G12: =F13-F12 -> 0 | H12: =C12+E12-G12 -> 11975 | I12: =H12-K12-M12-O12-Q12 -> -33541.29 | J12: =I13-I12 -> -240.93 | K12: =A12 -> 45515 | L12: 5660 | M12: 0 | N12: 0 | O12: 0.71 | P12: 0.73 | Q12: 0.58 | R12: 0.59 | S12: =(2500*O12)+(2500*P12)+(500*Q12)+(500*R12) -> 4185 | U12: =IF(OR((S12+T12-S13)<0,S12>S11),"0",(S12+T12-S13)) -> 95 | V12: 111103 | W12: =IF(V13-V12<0,"0",V13-V12) -> 134 | X12: 60251 | Y12: =X13-X12 -> 6 | Z12: 5875 | AA12: 0 | AB12: =IF((Z12-Z13-AA12)=Z12,"0",(Z12-Z13-AA12)) -> 250 | AC12: 225 | AD12: 517
A13: 45516 | B13: 12474854 | C13: =B14-B13 -> 10328 | D13: 494847 | E13: =D14-D13 -> 1407 | F13: 1704 | G13: =F14-F13 -> 0 | H13: =C13+E13-G13 -> 11735 | I13: =H13-K13-M13-O13-Q13 -> -33782.22 | J13: =I14-I13 -> 1111.54 | K13: =A13 -> 45516 | L13: 5660 | M13: 0 | N13: 0 | O13: 0.71 | P13: 0.72 | Q13: 0.51 | R13: 0.52 | S13: =(2500*O13)+(2500*P13)+(500*Q13)+(500*R13) -> 4090 | T13: 806 | U13: =IF(OR((S13+T13-S14)<0,S13>S12),"0",(S13+T13-S14)) -> 136 | V13: 111237 | W13: =IF(V14-V13<0,"0",V14-V13) -> 158 | X13: 60257 | Y13: =X14-X13 -> 13 | Z13: 5625 | AA13: 0 | AB13: =IF((Z13-Z14-AA13)=Z13,"0",(Z13-Z14-AA13)) -> 220 | AC13: 235 | AD13: 557
A14: 45517 | B14: 12485182 | C14: =B15-B14 -> 11439 | D14: 496254 | E14: =D15-D14 -> 1409 | F14: 1704 | G14: =F15-F14 -> 0 | H14: =C14+E14-G14 -> 12848 | I14: =H14-K14-M14-O14-Q14 -> -32670.68 | J14: =I15-I14 -> -357.89 | K14: =A14 -> 45517 | L14: 5660 | M14: 0 | N14: 0 | O14: 0.8 | P14: 0.77 | Q14: 0.88 | R14: 0.79 | S14: =(2500*O14)+(2500*P14)+(500*Q14)+(500*R14) -> 4760 | U14: =IF(OR((S14+T14-S15)<0,S14>S13),"0",(S14+T14-S15)) -> 0 | V14: 111395 | W14: =IF(V15-V14<0,"0",V15-V14) -> 134 | X14: 60270 | Y14: =X15-X14 -> 14 | Z14: 5405 | AA14: 0 | AB14: =IF((Z14-Z15-AA14)=Z14,"0",(Z14-Z15-AA14)) -> 210 | AC14: 223 | AD14: 516
A15: 45518 | B15: 12496621 | C15: =B16-B15 -> 11112 | D15: 497663 | E15: =D16-D15 -> 1379 | F15: 1704 | G15: =F16-F15 -> 0 | H15: =C15+E15-G15 -> 12491 | I15: =H15-K15-M15-O15-Q15 -> -33028.57 | J15: =I16-I15 -> 525.02 | K15: =A15 -> 45518 | L15: 5660 | M15: 0 | N15: 0 | O15: 0.77 | P15: 0.76 | Q15: 0.8 | R15: 0.75 | S15: =(2500*O15)+(2500*P15)+(500*Q15)+(500*R15) -> 4600 | U15: =IF(OR((S15+T15-S16)<0,S15>S14),"0",(S15+T15-S16)) -> 105 | V15: 111529 | W15: =IF(V16-V15<0,"0",V16-V15) -> 139 | X15: 60284 | Y15: =X16-X15 -> 8 | Z15: 5195 | AA15: 0 | AB15: =IF((Z15-Z16-AA15)=Z15,"0",(Z15-Z16-AA15)) -> 225 | AC15: 225 | AD15: 518
A16: 45519 | B16: 12507733 | C16: =B17-B16 -> 11629 | D16: 499042 | E16: =D17-D16 -> 1388 | F16: 1704 | G16: =F17-F16 -> 0 | H16: =C16+E16-G16 -> 13017 | I16: =H16-K16-M16-O16-Q16 -> -32503.55 | J16: =I17-I16 -> 50.02 | K16: =A16 -> 45519 | L16: 5660 | M16: 0 | N16: 0 | O16: 0.75 | P16: 0.74 | Q16: 0.8 | R16: 0.74 | S16: =(2500*O16)+(2500*P16)+(500*Q16)+(500*R16) -> 4495 | U16: =IF(OR((S16+T16-S17)<0,S16>S15),"0",(S16+T16-S17)) -> 75 | V16: 111668 | W16: =IF(V17-V16<0,"0",V17-V16) -> 170 | X16: 60292 | Y16: =X17-X16 -> 3 | Z16: 4970 | AA16: 0 | AB16: =IF((Z16-Z17-AA16)=Z16,"0",(Z16-Z17-AA16)) -> 220 | AC16: 234 | AD16: 551
A17: 45520 | B17: 12519362 | C17: =B18-B17 -> 11693 | D17: 500430 | E17: =D18-D17 -> 1375 | F17: 1704 | G17: =F18-F17 -> 0 | H17: =C17+E17-G17 -> 13068 | I17: =H17-K17-M17-O17-Q17 -> -32453.53 | J17: =I18-I17 -> 148.16 | K17: =A17 -> 45520 | L17: 5660 | M17: 0 | N17: 0 | O17: 0.75 | P17: 0.72 | Q17: 0.78 | R17: 0.71 | S17: =(2500*O17)+(2500*P17)+(500*Q17)+(500*R17) -> 4420 | U17: =IF(OR((S17+T17-S18)<0,S17>S16),"0",(S17+T17-S18)) -> 285 | V17: 111838 | W17: =IF(V18-V17<0,"0",V18-V17) -> 137 | X17: 60295 | Y17: =X18-X17 -> 11 | Z17: 4750 | AA17: 0 | AB17: =IF((Z17-Z18-AA17)=Z17,"0",(Z17-Z18-AA17)) -> 235 | AC17: 242 | AD17: 567
A18: 45521 | B18: 12531055 | C18: =B19-B18 -> 11824 | D18: 501805 | E18: =D19-D18 -> 1393 | F18: 1704 | G18: =F19-F18 -> 0 | H18: =C18+E18-G18 -> 13217 | I18: =H18-K18-M18-O18-Q18 -> -32305.37 | J18: =I19-I18 -> -987.95 | K18: =A18 -> 45521 | L18: 5660 | M18: 0 | N18: 0 | O18: 0.7 | P18: 0.69 | Q18: 0.67 | R18: 0.65 | S18: =(2500*O18)+(2500*P18)+(500*Q18)+(500*R18) -> 4135 | U18: =IF(OR((S18+T18-S19)<0,S18>S17),"0",(S18+T18-S19)) -> 90 | V18: 111975 | W18: =IF(V19-V18<0,"0",V19-V18) -> 157 | X18: 60306 | Y18: =X19-X18 -> 13 | Z18: 4515 | AA18: 0 | AB18: =IF((Z18-Z19-AA18)=Z18,"0",(Z18-Z19-AA18)) -> 235 | AC18: 229 | AD18: 544
A19: 45522 | B19: 12542879 | C19: =B20-B19 -> 10811 | D19: 503198 | E19: =D20-D19 -> 1419 | F19: 1704 | G19: =F20-F19 -> 0 | H19: =C19+E19-G19 -> 12230 | I19: =H19-K19-M19-O19-Q19 -> -33293.32 | J19: =I20-I19 -> -335.89 | K19: =A19 -> 45522 | L19: 5660 | M19: 0 | N19: 0 | O19: 0.68 | P19: 0.69 | Q19: 0.64 | R19: 0.6 | S19: =(2500*O19)+(2500*P19)+(500*Q19)+(500*R19) -> 4045 | U19: =IF(OR((S19+T19-S20)<0,S19>S18),"0",(S19+T19-S20)) -> 145 | V19: 112132 | W19: =IF(V20-V19<0,"0",V20-V19) -> 137 | X19: 60319 | Y19: =X20-X19 -> 2 | Z19: 4280 | AA19: 0 | AB19: =IF((Z19-Z20-AA19)=Z19,"0",(Z19-Z20-AA19)) -> 220 | AC19: 218 | AD19: 501
A20: 45523 | B20: 12553690 | C20: =B21-B20 -> 10476 | D20: 504617 | E20: =D21-D20 -> 1419 | F20: 1704 | G20: =F21-F20 -> 0 | H20: =C20+E20-G20 -> 11895 | I20: =H20-K20-M20-O20-Q20 -> -33629.21 | J20: =I21-I20 -> -13082098 | K20: =A20 -> 45523 | L20: 5661 | M20: 0 | N20: 0 | O20: 0.66 | P20: 0.68 | Q20: 0.55 | R20: 0.55 | S20: =(2500*O20)+(2500*P20)+(500*Q20)+(500*R20) -> 3900 | U20: =IF(OR((S20+T20-S21)<0,S20>S19),"0",(S20+T20-S21)) -> 0 | V20: 112269 | W20: =IF(V21-V20<0,"0",V21-V20) -> 142 | X20: 60321 | Y20: =X21-X20 -> 28 | Z20: 4060 | AA20: 0 | AB20: =IF((Z20-Z21-AA20)=Z20,"0",(Z20-Z21-AA20)) -> 245 | AC20: 221 | AD20: 510
A21: 45524 | B21: 12564166 | C21: =B22-B21 -> -12564166 | D21: 506036 | E21: =D22-D21 -> -506036 | F21: 1704 | G21: =F22-F21 -> 0 | H21: =C21+E21-G21 -> -13070202 | I21: =H21-K21-M21-O21-Q21 -> -13115727 | J21: =I22-I21 -> 13070202 | K21: =A21 -> 45524 | L21: 5660 | M21: 0 | N21: 0 | O21: 0.65 | P21: 0.68 | Q21: 0.77 | R21: 0.72 | S21: =(2500*O21)+(2500*P21)+(500*Q21)+(500*R21) -> 4070 | U21: =IF(OR((S21+T21-S22)<0,S21>S20),"0",(S21+T21-S22)) -> 0 | V21: 112411 | W21: =IF(V22-V21<0,"0",V22-V21) -> 0 | X21: 60349 | Y21: =X22-X21 -> -60349 | Z21: 3815 | AA21: 0 | AB21: =IF((Z21-Z22-AA21)=Z21,"0",(Z21-Z22-AA21)) -> 0 | AC21: 226 | AD21: 525
A22: 45525 | C22: =B23-B22 -> 0 | E22: =D23-D22 -> 0 | F22: 1704 | G22: =F23-F22 -> 0 | H22: =C22+E22-G22 -> 0 | I22: =H22-K22-M22-O22-Q22 -> -45525 | J22: =I23-I22 -> -1 | K22: =A22 -> 45525 | L22: 5660 | M22: 0 | N22: 0 | S22: =(2500*O22)+(2500*P22)+(500*Q22)+(500*R22) -> 0 | U22: =IF((S22+T22-S23)<0,"0",(S22+T22-S23)) -> 0 | W22: =IF(V23-V22<0,"0",V23-V22) -> 0 | Y22: =X23-X22 -> 0 | AA22: 0 | AB22: =IF((Z22-Z23-AA22)=Z22,"0",(Z22-Z23-AA22)) -> 0
A23: 45526 | C23: =B24-B23 -> 0 | E23: =D24-D23 -> 0 | F23: 1704 | G23: =F24-F23 -> 0 | H23: =C23+E23-G23 -> 0 | I23: =H23-K23-M23-O23-Q23 -> -45526 | J23: =I24-I23 -> -1 | K23: =A23 -> 45526 | L23: 5660 | M23: 0 | N23: 0 | S23: =(2500*O23)+(2500*P23)+(500*Q23)+(500*R23) -> 0 | U23: =IF((S23+T23-S24)<0,"0",(S23+T23-S24)) -> 0 | W23: =IF(V24-V23<0,"0",V24-V23) -> 0 | Y23: =X24-X23 -> 0 | AA23: 0 | AB23: =IF((Z23-Z24-AA23)=Z23,"0",(Z23-Z24-AA23)) -> 0
A24: 45527 | C24: =B25-B24 -> 0 | E24: =D25-D24 -> 0 | F24: 1704 | G24: =F25-F24 -> 0 | H24: =C24+E24-G24 -> 0 | I24: =H24-K24-M24-O24-Q24 -> -45527 | J24: =I25-I24 -> -1 | K24: =A24 -> 45527 | L24: 5660 | M24: 0 | N24: 0 | S24: =(2500*O24)+(2500*P24)+(500*Q24)+(500*R24) -> 0 | U24: =IF((S24+T24-S25)<0,"0",(S24+T24-S25)) -> 0 | W24: =IF(V25-V24<0,"0",V25-V24) -> 0 | Y24: =X25-X24 -> 0 | AA24: 0 | AB24: =IF((Z24-Z25-AA24)=Z24,"0",(Z24-Z25-AA24)) -> 0
A25: 45528 | C25: =B26-B25 -> 0 | E25: =D26-D25 -> 0 | F25: 1704 | G25: =F26-F25 -> 0 | H25: =C25+E25-G25 -> 0 | I25: =H25-K25-M25-O25-Q25 -> -45528 | J25: =I26-I25 -> -1 | K25: =A25 -> 45528 | L25: 5660 | M25: 0 | N25: 0 | S25: =(2500*O25)+(2500*P25)+(500*Q25)+(500*R25) -> 0 | U25: =IF((S25+T25-S26)<0,"0",(S25+T25-S26)) -> 0 | W25: =IF(V26-V25<0,"0",V26-V25) -> 0 | Y25: =X26-X25 -> 0 | AA25: 0 | AB25: =IF((Z25-Z26-AA25)=Z25,"0",(Z25-Z26-AA25)) -> 0
A26: 45529 | C26: =B27-B26 -> 0 | E26: =D27-D26 -> 0 | F26: 1704 | G26: =F27-F26 -> 0 | H26: =C26+E26-G26 -> 0 | I26: =H26-K26-M26-O26-Q26 -> -45529 | J26: =I27-I26 -> -1 | K26: =A26 -> 45529 | L26: 5660 | M26: 0 | N26: 0 | S26: =(2500*O26)+(2500*P26)+(500*Q26)+(500*R26) -> 0 | U26: =IF((S26+T26-S27)<0,"0",(S26+T26-S27)) -> 0 | W26: =IF(V27-V26<0,"0",V27-V26) -> 0 | Y26: =X27-X26 -> 0 | AA26: 0 | AB26: =IF((Z26-Z27-AA26)=Z26,"0",(Z26-Z27-AA26)) -> 0
A27: 45530 | C27: =B28-B27 -> 0 | E27: =D28-D27 -> 0 | F27: 1704 | G27: =F28-F27 -> 0 | H27: =C27+E27-G27 -> 0 | I27: =H27-K27-M27-O27-Q27 -> -45530 | J27: =I28-I27 -> -1 | K27: =A27 -> 45530 | L27: 5660 | M27: 0 | N27: 0 | S27: =(2500*O27)+(2500*P27)+(500*Q27)+(500*R27) -> 0 | U27: =IF((S27+T27-S28)<0,"0",(S27+T27-S28)) -> 0 | W27: =IF(V28-V27<0,"0",V28-V27) -> 0 | Y27: =X28-X27 -> 0 | AA27: 0 | AB27: =IF((Z27-Z28-AA27)=Z27,"0",(Z27-Z28-AA27)) -> 0
A28: 45531 | C28: =B29-B28 -> 0 | E28: =D29-D28 -> 0 | F28: 1704 | G28: =F29-F28 -> 0 | H28: =C28+E28-G28 -> 0 | I28: =H28-K28-M28-O28-Q28 -> -45531 | J28: =I29-I28 -> -1 | K28: =A28 -> 45531 | L28: 5660 | M28: 0 | N28: 0 | S28: =(2500*O28)+(2500*P28)+(500*Q28)+(500*R28) -> 0 | U28: =IF((S28+T28-S29)<0,"0",(S28+T28-S29)) -> 0 | W28: =IF(V29-V28<0,"0",V29-V28) -> 0 | Y28: =X29-X28 -> 0 | AA28: 0 | AB28: =IF((Z28-Z29-AA28)=Z28,"0",(Z28-Z29-AA28)) -> 0
A29: 45532 | C29: =B30-B29 -> 0 | E29: =D30-D29 -> 0 | F29: 1704 | G29: =F30-F29 -> 0 | H29: =C29+E29-G29 -> 0 | I29: =H29-K29-M29-O29-Q29 -> -45532 | J29: =I30-I29 -> -1 | K29: =A29 -> 45532 | L29: 5660 | M29: 0 | N29: 0 | S29: =(2500*O29)+(2500*P29)+(500*Q29)+(500*R29) -> 0 | U29: =IF((S29+T29-S30)<0,"0",(S29+T29-S30)) -> 0 | W29: =IF(V30-V29<0,"0",V30-V29) -> 0 | Y29: =X30-X29 -> 0 | AA29: 0 | AB29: =IF((Z29-Z30-AA29)=Z29,"0",(Z29-Z30-AA29)) -> 0
A30: 45533 | C30: =B31-B30 -> 0 | E30: =D31-D30 -> 0 | F30: 1704 | G30: =F31-F30 -> 0 | H30: =C30+E30-G30 -> 0 | I30: =H30-K30-M30-O30-Q30 -> -45533 | J30: =I31-I30 -> -1 | K30: =A30 -> 45533 | L30: 5660 | M30: 0 | N30: 0 | S30: =(2500*O30)+(2500*P30)+(500*Q30)+(500*R30) -> 0 | U30: =IF((S30+T30-S31)<0,"0",(S30+T30-S31)) -> 0 | W30: =IF(V31-V30<0,"0",V31-V30) -> 0 | Y30: =X31-X30 -> 0 | AA30: 0 | AB30: =IF((Z30-Z31-AA30)=Z30,"0",(Z30-Z31-AA30)) -> 0
A31: 45534 | C31: =B32-B31 -> 0 | E31: =D32-D31 -> 0 | F31: 1704 | G31: =F32-F31 -> 0 | H31: =C31+E31-G31 -> 0 | I31: =H31-K31-M31-O31-Q31 -> -45534 | J31: =I32-I31 -> -1 | K31: =A31 -> 45534 | L31: 5660 | M31: 0 | N31: 0 | S31: =(2500*O31)+(2500*P31)+(500*Q31)+(500*R31) -> 0 | U31: =IF((S31+T31-S32)<0,"0",(S31+T31-S32)) -> 0 | W31: =IF(V32-V31<0,"0",V32-V31) -> 0 | Y31: =X32-X31 -> 0 | AA31: 0 | AB31: =IF((Z31-Z32-AA31)=Z31,"0",(Z31-Z32-AA31)) -> 0
A32: 45535 | C32: =B33-B32 -> 0 | E32: =D33-D32 -> 0 | F32: 1704 | G32: =F33-F32 -> 0 | H32: =C32+E32-G32 -> 0 | I32: =H32-K32-M32-O32-Q32 -> -45535 | J32: =I33-I32 -> 45535 | K32: =A32 -> 45535 | L32: 5660 | M32: 0 | N32: 0 | S32: =(2500*O32)+(2500*P32)+(500*Q32)+(500*R32) -> 0 | U32: =IF((S32+T32-S33)<0,"0",(S32+T32-S33)) -> 0 | W32: =IF(V33-V32<0,"0",V33-V32) -> 0 | Y32: =X33-X32 -> 0 | AA32: 0 | AB32: =IF((Z32-Z33-AA32)=Z32,"0",(Z32-Z33-AA32)) -> 0
A33: 45536 | F33: 1704 | K33: =A33 -> 45536 | L33: 5660 | M33: 0 | S33: =(2500*O33)+(2500*P33)+(500*Q33)+(500*R33) -> 0 | AA33: 0 | AC33: 174 | AD33: 370
C34: =SUM(C2:C33) -> -12367427 | E34: =SUM(E2:E33) -> -478906 | G34: =SUM(G2:G33) -> 0 | H34: =SUM(H2:H33) -> -12846333 | I34: =SUM(I2:I32) -> -14257482 | J34: =SUM(J2:J33) -> 33901.5 | N34: =SUM(N2:N33) -> 0 | T34: =SUM(T2:T33) -> 1610 | U34: =SUM(U2:U33) -> 1905 | W34: =SUM(W2:W33) -> 2619 | Y34: =SUM(Y2:Y33) -> -60127 | AA34: =SUM(AA2:AA33) -> 0 | AB34: =SUM(AB2:AB33) -> 4245 | AC34: =SUM(AC2:AC33) -> 4558 | AD34: =SUM(AD2:AD33) -> 10259
