Workbook

Sheet Total
A1: Site Name | B1: Day | C1: Month | D1: Year | E1: Total Electricity Kwh | F1: Electricity Tariff ($/Kwh) | G1: LPG (Liters) | H1: LPG $/Liters | I1: District Energy Heating Kwh | J1: District Energy Heating $/Kwh | K1: Water Utility Supply (m3) m3 | L1: Water Utility Supply (m3) $/m3 | M1: Total Fuel Oil (Liter) | N1: Fuel Oil $/Liter | O1: Room Nights | P1: Total Guests
A2: Anassa | B2: 1 | C2: 8 | D2: 2024 | E2: ='August '!D3-'August '!D2 -> 20469.5 | F2: =0.2563 -> 0.2563 | G2: ='August '!N2 -> 743.26 | H2: 0.626 | I2: ='August '!AC2*5.04 -> 1846.1016 | J2: 0.0829 | K2: ='August '!Z2 -> 156 | L2: 1.25 | M2: ='August '!H2 -> 0 | N2: 0.88 | O2: ='August '!AD2 -> 95 | P2: ='August '!AE2 -> 202
A3: Anassa | B3: =B2+1 -> 2 | C3: 8 | D3: 2024 | E3: ='August '!D4-'August '!D3 -> 20912.7 | F3: =0.2563 -> 0.2563 | G3: ='August '!N3 -> 250 | H3: 0.626 | I3: ='August '!AC3*5.04 -> 1846.1016 | J3: 0.0829 | K3: ='August '!Z3 -> 153 | L3: 1.25 | M3: ='August '!H3 -> 0 | N3: 0.88 | O3: ='August '!AD3 -> 117 | P3: ='August '!AE3 -> 253
A4: Anassa | B4: =B3+1 -> 3 | C4: 8 | D4: 2024 | E4: ='August '!D5-'August '!D4 -> 21744.8 | F4: =0.2563 -> 0.2563 | G4: ='August '!N4 -> 750 | H4: 0.626 | I4: ='August '!AC4*5.04 -> 1846.1016 | J4: 0.0829 | K4: ='August '!Z4 -> 160 | L4: 1.25 | M4: ='August '!H4 -> 0 | N4: 0.88 | O4: ='August '!AD4 -> 137 | P4: ='August '!AE4 -> 296
A5: Anassa | B5: =B4+1 -> 4 | C5: 8 | D5: 2024 | E5: ='August '!D6-'August '!D5 -> 20703.2 | F5: =0.2563 -> 0.2563 | G5: ='August '!N5 -> 250 | H5: 0.626 | I5: ='August '!AC5*5.04 -> 1846.1016 | J5: 0.0829 | K5: ='August '!Z5 -> 161 | L5: 1.25 | M5: ='August '!H5 -> 0 | N5: 0.88 | O5: ='August '!AD5 -> 129 | P5: ='August '!AE5 -> 276
A6: Anassa | B6: =B5+1 -> 5 | C6: 8 | D6: 2024 | E6: ='August '!D7-'August '!D6 -> 19923.1 | F6: =0.2563 -> 0.2563 | G6: ='August '!N6 -> 125 | H6: 0.626 | I6: ='August '!AC6*5.04 -> 1846.1016 | J6: 0.0829 | K6: ='August '!Z6 -> 179 | L6: 1.25 | M6: ='August '!H6 -> 0 | N6: 0.88 | O6: ='August '!AD6 -> 115 | P6: ='August '!AE6 -> 244
A7: Anassa | B7: =B6+1 -> 6 | C7: 8 | D7: 2024 | E7: ='August '!D8-'August '!D7 -> 20691.5 | F7: =0.2563 -> 0.2563 | G7: ='August '!N7 -> 375 | H7: 0.626 | I7: ='August '!AC7*5.04 -> 1846.1016 | J7: 0.0829 | K7: ='August '!Z7 -> 152 | L7: 1.25 | M7: ='August '!H7 -> 0 | N7: 0.88 | O7: ='August '!AD7 -> 109 | P7: ='August '!AE7 -> 220
A8: Anassa | B8: =B7+1 -> 7 | C8: 8 | D8: 2024 | E8: ='August '!D9-'August '!D8 -> 20066.2 | F8: =0.2563 -> 0.2563 | G8: ='August '!N8 -> 500 | H8: 0.626 | I8: ='August '!AC8*5.04 -> 1846.1016 | J8: 0.0829 | K8: ='August '!Z8 -> 146 | L8: 1.25 | M8: ='August '!H8 -> 0 | N8: 0.88 | O8: ='August '!AD8 -> 111 | P8: ='August '!AE8 -> 228
A9: Anassa | B9: =B8+1 -> 8 | C9: 8 | D9: 2024 | E9: ='August '!D10-'August '!D9 -> 20671.8 | F9: =0.2563 -> 0.2563 | G9: ='August '!N9 -> 327.18 | H9: 0.626 | I9: ='August '!AC9*5.04 -> 1846.1016 | J9: 0.0829 | K9: ='August '!Z9 -> 151 | L9: 1.25 | M9: ='August '!H9 -> 0 | N9: 0.88 | O9: ='August '!AD9 -> 118 | P9: ='August '!AE9 -> 250
A10: Anassa | B10: =B9+1 -> 9 | C10: 8 | D10: 2024 | E10: ='August '!D11-'August '!D10 -> 20648.9 | F10: =0.2563 -> 0.2563 | G10: ='August '!N10 -> 350 | H10: 0.626 | I10: ='August '!AC10*5.04 -> 1846.1016 | J10: 0.0829 | K10: ='August '!Z10 -> 157 | L10: 1.25 | M10: ='August '!H10 -> 0 | N10: 0.88 | O10: ='August '!AD10 -> 139 | P10: ='August '!AE10 -> 294
A11: Anassa | B11: =B10+1 -> 10 | C11: 8 | D11: 2024 | E11: ='August '!D12-'August '!D11 -> 21114 | F11: =0.2563 -> 0.2563 | G11: ='August '!N11 -> 150 | H11: 0.626 | I11: ='August '!AC11*5.04 -> 1846.1016 | J11: 0.0829 | K11: ='August '!Z11 -> 162 | L11: 1.25 | M11: ='August '!H11 -> 0 | N11: 0.88 | O11: ='August '!AD11 -> 150 | P11: ='August '!AE11 -> 317
A12: Anassa | B12: =B11+1 -> 11 | C12: 8 | D12: 2024 | E12: ='August '!D13-'August '!D12 -> 21173.9 | F12: =0.2563 -> 0.2563 | G12: ='August '!N12 -> 250 | H12: 0.626 | I12: ='August '!AC12*5.04 -> 1846.1016 | J12: 0.0829 | K12: ='August '!Z12 -> 130 | L12: 1.25 | M12: ='August '!H12 -> 0 | N12: 0.88 | O12: ='August '!AD12 -> 122 | P12: ='August '!AE12 -> 243
A13: Anassa | B13: =B12+1 -> 12 | C13: 8 | D13: 2024 | E13: ='August '!D14-'August '!D13 -> -13764.3 | F13: =0.2563 -> 0.2563 | G13: ='August '!N13 -> 375 | H13: 0.626 | I13: ='August '!AC13*5.04 -> 1846.1016 | J13: 0.0829 | K13: ='August '!Z13 -> 167 | L13: 1.25 | M13: ='August '!H13 -> 0 | N13: 0.88 | O13: ='August '!AD13 -> 125 | P13: ='August '!AE13 -> 257
A14: Anassa | B14: =B13+1 -> 13 | C14: 8 | D14: 2024 | E14: ='August '!D15-'August '!D14 -> 56846.8 | F14: =0.2563 -> 0.2563 | G14: ='August '!N14 -> 375 | H14: 0.626 | I14: ='August '!AC14*5.04 -> 1846.1016 | J14: 0.0829 | K14: ='August '!Z14 -> 134 | L14: 1.25 | M14: ='August '!H14 -> 0 | N14: 0.88 | O14: ='August '!AD14 -> 131 | P14: ='August '!AE14 -> 268
... A32: Anassa | B32: =B31+1 -> 31 | C32: 8 | D32: 2024 | E32: ='August '!D33-'August '!D32 -> 20307.3 | F32: =0.2563 -> 0.2563 | G32: ='August '!N32 -> 200 | H32: 0.626 | I32: ='August '!AC32*5.04 -> 1846.1016 | J32: 0.0829 | K32: ='August '!Z32 -> 115 | L32: 1.25 | M32: ='August '!H32 -> 0 | N32: 0.88 | O32: ='August '!AD32 -> 110 | P32: ='August '!AE32 -> 213

Sheet August 
A1: Date | B1: Main Electricity (KWh) Reading | C1: Laundry Electricity (KWh) Reading | D1: Hotel Electricity (KWh) Reading | E1: Consumed | F1: Fuel Oil Hot-Water Boilers (Liter) Reading | G1: Fuel Oil (Liter) Received | H1: Consumed | I1: LPG % A | J1: LPG % B | K1: LPG % C | L1: LPG Kitchen (Liter) Reading | M1: LPG (Liter) Received | N1: Consumed | O1: LPG % A | P1: LPG % B | Q1: LPG % C | R1: LPG Pelagos (Liter) Reading | S1: LPG (Liter) Received | T1: Consumed | U1: Total Consumed | V1: Main Water Utility Supply (m3) Reading | W1: Laundry Water Utility Supply (m3) Reading | X1: Laundry Steam Boiler Water Utility Supply (m3) Reading | Y1: Hotel Water Utility Supply (m3) Reading | Z1: Consumed | AA1: Pellets (Kg) Reading | AB1: Pellets (Kg) Received | AC1: Consumed | AD1: Room Nights | AE1: Guest Nights
A2: 45505 | B2: 14457427 | C2: =3806.3+1619627+587918+9729.5+224029+22566 -> 2467675.8 | D2: =B2-C2 -> 11989751 | E2: =B3-B2 -> 21165 | F2: 10556 | G2: 0 | H2: =F2+G2-F3 -> 0 | I2: 0.55 | J2: 0.6 | K2: 0.6 | L2: =SUM(I2:K2)/3*7500 -> 4375 | M2: 1256.74 | N2: =L3-M2-L2 -> 743.26 | O2: 0.48 | P2: 0.5 | Q2: 0.48 | R2: =SUM(O2:Q2)/3*1500 -> 730 | S2: 631.84 | T2: =SUM(R2+S2-R3) -> 61.84 | U2: =SUM(N2+T2) -> 805.1 | V2: 605352 | W2: 46389 | X2: 12522 | Y2: =SUM(V2-W2-X2) -> 546441 | Z2: =SUM(Y3-Y2) -> 156 | AA2: 8000 | AB2: 8090 | AC2: =AA2+AB2-AA3 -> 366.29 | AD2: 95 | AE2: 202
A3: 45506 | B3: 14478592 | C3: =3807.5+1620154.1+588038+9729.7+224054+22588 -> 2468371.3 | D3: =B3-C3 -> 12010221 | E3: =B4-B3 -> 21576 | F3: 10556 | G3: 0 | H3: =F3+G3-F4 -> 0 | I3: 0.9 | J3: 0.85 | K3: 0.8 | L3: =SUM(I3:K3)/3*7500 -> 6375 | M3: 0 | N3: =L3-L4 -> 250 | O3: 0.9 | P3: 0.85 | Q3: 0.85 | R3: =SUM(O3:Q3)/3*1500 -> 1300 | S3: 0 | T3: =R3-R4 -> 110 | U3: =SUM(N3+T3) -> 360 | V3: 605625 | W3: 46496 | X3: 12532 | Y3: =SUM(V3-W3-X3) -> 546597 | Z3: =SUM(Y4-Y3) -> 153 | AA3: 15723.71 | AB3: 0 | AC3: =AA3-AA4 -> 366.29 | AD3: 117 | AE3: 253
A4: 45507 | B4: 14500168 | C4: =3809+1620673.7+588038+9729.9+224176+22608 -> 2469034.6 | D4: =B4-C4 -> 12031133 | E4: =B5-B4 -> 22380 | F4: 10556 | G4: 0 | H4: =F4+G4-F5 -> 0 | I4: 0.8 | J4: 0.85 | K4: 0.8 | L4: =SUM(I4:K4)/3*7500 -> 6125 | M4: 0 | N4: =L4-L5 -> 750 | O4: 0.8 | P4: 0.8 | Q4: 0.78 | R4: =SUM(O4:Q4)/3*1500 -> 1190 | S4: 0 | T4: =R4-R5 -> 65 | U4: =SUM(N4+T4) -> 815 | V4: 605893 | W4: 46600 | X4: 12543 | Y4: =SUM(V4-W4-X4) -> 546750 | Z4: =SUM(Y5-Y4) -> 160 | AA4: 15357.42 | AB4: 0 | AC4: =AA4-AA5 -> 366.29 | AD4: 137 | AE4: 296
A5: 45508 | B5: 14522548 | C5: =3810.2+1621170.4+588038+9731.2+224293+22627 -> 2469669.8 | D5: =B5-C5 -> 12052878 | E5: =B6-B5 -> 21365 | F5: 10556 | G5: 0 | H5: =F5+G5-F6 -> 0 | I5: 0.7 | J5: 0.7 | K5: 0.75 | L5: =SUM(I5:K5)/3*7500 -> 5375 | M5: 0 | N5: =L5-L6 -> 250 | O5: 0.7 | P5: 0.75 | Q5: 0.8 | R5: =SUM(O5:Q5)/3*1500 -> 1125 | S5: 0 | T5: =R5-R6 -> 75 | U5: =SUM(N5+T5) -> 325 | V5: 606164 | W5: 46700 | X5: 12554 | Y5: =SUM(V5-W5-X5) -> 546910 | Z5: =SUM(Y6-Y5) -> 161 | AA5: 14991.13 | AB5: 0 | AC5: =AA5-AA6 -> 366.29 | AD5: 129 | AE5: 276
A6: 45509 | B6: 14543913 | C6: =3811.5+1621686.7+588038+9731.4+224416+22648 -> 2470331.6 | D6: =B6-C6 -> 12073581 | E6: =B7-B6 -> 20610 | F6: 10556 | G6: 0 | H6: =F6+G6-F7 -> 0 | I6: 0.7 | J6: 0.7 | K6: 0.65 | L6: =SUM(I6:K6)/3*7500 -> 5125 | M6: 0 | N6: =L6-L7 -> 125 | O6: 0.75 | P6: 0.7 | Q6: 0.65 | R6: =SUM(O6:Q6)/3*1500 -> 1050 | S6: 0 | T6: =R6-R7 -> 175 | U6: =SUM(N6+T6) -> 300 | V6: 606443 | W6: 46807 | X6: 12565 | Y6: =SUM(V6-W6-X6) -> 547071 | Z6: =SUM(Y7-Y6) -> 179 | AA6: 14624.84 | AB6: 0 | AC6: =AA6-AA7 -> 366.29 | AD6: 115 | AE6: 244
A7: 45510 | B7: 14564523 | C7: =3812.6+1622229.3+588038+9731.6+224539+22668 -> 2471018.5 | D7: =B7-C7 -> 12093504 | E7: =B8-B7 -> 21385 | F7: 10556 | G7: 0 | H7: =F7+G7-F8 -> 0 | I7: 0.65 | J7: 0.65 | K7: 0.7 | L7: =SUM(I7:K7)/3*7500 -> 5000 | M7: 0 | N7: =L7-L8 -> 375 | O7: 0.7 | P7: 0.55 | Q7: 0.5 | R7: =SUM(O7:Q7)/3*1500 -> 875 | S7: 0 | T7: =R7-R8 -> 100 | U7: =SUM(N7+T7) -> 475 | V7: 606740 | W7: 46914 | X7: 12576 | Y7: =SUM(V7-W7-X7) -> 547250 | Z7: =SUM(Y8-Y7) -> 152 | AA7: 14258.55 | AB7: 0 | AC7: =AA7-AA8 -> 366.29 | AD7: 109 | AE7: 220
A8: 45511 | B8: 14585908 | C8: =3813.8+1622777.9+588038+9732.3+224662+22688 -> 2471712 | D8: =B8-C8 -> 12114196 | E8: =B9-B8 -> 20792 | F8: 10556 | G8: 0 | H8: =F8+G8-F9 -> 0 | I8: 0.65 | J8: 0.6 | K8: 0.6 | L8: =SUM(I8:K8)/3*7500 -> 4625 | M8: 0 | N8: =L8-L9 -> 500 | O8: 0.65 | P8: 0.45 | Q8: 0.45 | R8: =SUM(O8:Q8)/3*1500 -> 775 | S8: 0 | T8: =R8-R9 -> 75 | U8: =SUM(N8+T8) -> 575 | V8: 607011 | W8: 47022 | X8: 12587 | Y8: =SUM(V8-W8-X8) -> 547402 | Z8: =SUM(Y9-Y8) -> 146 | AA8: 13892.26 | AB8: 0 | AC8: =AA8-AA9 -> 366.29 | AD8: 111 | AE8: 228
A9: 45512 | B9: 14606700 | C9: =3815+1623350.4+588038+9733.4+224793+22708 -> 2472437.8 | D9: =B9-C9 -> 12134262 | E9: =B10-B9 -> 21367 | F9: 10556 | G9: 0 | H9: =F9+G9-F10 -> 0 | I9: 0.55 | J9: 0.6 | K9: 0.5 | L9: =SUM(I9:K9)/3*7500 -> 4125 | M9: 1797.82 | N9: =L10-M9-L9 -> 327.18 | O9: 0.5 | P9: 0.45 | Q9: 0.45 | R9: =SUM(O9:Q9)/3*1500 -> 700 | S9: 656.21 | T9: =SUM(R9+S9-R10) -> 21.21 | U9: =SUM(N9+T9) -> 348.39 | V9: 607280 | W9: 47134 | X9: 12598 | Y9: =SUM(V9-W9-X9) -> 547548 | Z9: =SUM(Y10-Y9) -> 151 | AA9: 13525.97 | AB9: 0 | AC9: =AA9-AA10 -> 366.29 | AD9: 118 | AE9: 250
A10: 45513 | B10: 14628067 | C10: =3816+1623899.1+588038+9734.9+224917+22728 -> 2473133 | D10: =B10-C10 -> 12154934 | E10: =B11-B10 -> 21339 | F10: 10556 | G10: 0 | H10: =F10+G10-F11 -> 0 | I10: 0.8 | J10: 0.85 | K10: 0.85 | L10: =SUM(I10:K10)/3*7500 -> 6250 | M10: 0 | N10: =L10-L11 -> 350 | O10: 0.9 | P10: 0.9 | Q10: 0.87 | R10: =SUM(O10:Q10)/3*1500 -> 1335 | S10: 0 | T10: =R10-R11 -> 160 | U10: =SUM(N10+T10) -> 510 | V10: 607551 | W10: 47242 | X10: 12610 | Y10: =SUM(V10-W10-X10) -> 547699 | Z10: =SUM(Y11-Y10) -> 157 | AA10: 13159.68 | AB10: 0 | AC10: =AA10-AA11 -> 366.29 | AD10: 139 | AE10: 294
A11: 45514 | B11: 14649406 | C11: =3817+1624444.8+588038+9735.3+225040+22748 -> 2473823.1 | D11: =B11-C11 -> 12175583 | E11: =B12-B11 -> 21797 | F11: 10556 | G11: 0 | H11: =F11+G11-F12 -> 0 | I11: 0.78 | J11: 0.78 | K11: 0.8 | L11: =SUM(I11:K11)/3*7500 -> 5900 | M11: 0 | N11: =L11-L12 -> 150 | O11: 0.75 | P11: 0.8 | Q11: 0.8 | R11: =SUM(O11:Q11)/3*1500 -> 1175 | S11: 0 | T11: =R11-R12 -> 65 | U11: =SUM(N11+T11) -> 215 | V11: 607825 | W11: 47348 | X11: 12621 | Y11: =SUM(V11-W11-X11) -> 547856 | Z11: =SUM(Y12-Y11) -> 162 | AA11: 12793.39 | AB11: 0 | AC11: =AA11-AA12 -> 366.29 | AD11: 150 | AE11: 317
A12: 45515 | B12: 14671203 | C12: =3817.9+1624985.7+588038+9736.5+225160+22768 -> 2474506.1 | D12: =B12-C12 -> 12196697 | E12: =B13-B12 -> 21970 | F12: 10556 | G12: 0 | H12: =F12+G12-F13 -> 0 | I12: 0.75 | J12: 0.75 | K12: 0.8 | L12: =SUM(I12:K12)/3*7500 -> 5750 | M12: 0 | N12: =L12-L13 -> 250 | O12: 0.72 | P12: 0.75 | Q12: 0.75 | R12: =SUM(O12:Q12)/3*1500 -> 1110 | S12: 0 | T12: =R12-R13 -> 60 | U12: =SUM(N12+T12) -> 310 | V12: 608101 | W12: 47451 | X12: 12632 | Y12: =SUM(V12-W12-X12) -> 548018 | Z12: =SUM(Y13-Y12) -> 130 | AA12: 12427.1 | AB12: 0 | AC12: =AA12-AA13 -> 366.29 | AD12: 122 | AE12: 243
A13: 45516 | B13: 14693173 | C13: =3819.1+1625607.7+588038+9737.4+225309+22791 -> 2475302.2 | D13: =B13-C13 -> 12217871 | E13: =B14-B13 -> 22115 | F13: 10556 | G13: 0 | H13: =F13+G13-F14 -> 0 | I13: 0.7 | J13: 0.75 | K13: 0.75 | L13: =SUM(I13:K13)/3*7500 -> 5500 | M13: 0 | N13: =L13-L14 -> 375 | O13: 0.7 | P13: 0.7 | Q13: 0.7 | R13: =SUM(O13:Q13)/3*1500 -> 1050 | S13: 0 | T13: =R13-R14 -> 125 | U13: =SUM(N13+T13) -> 500 | V13: 608370 | W13: 47576 | X13: 12646 | Y13: =SUM(V13-W13-X13) -> 548148 | Z13: =SUM(Y14-Y13) -> 167 | AA13: 12060.81 | AB13: 0 | AC13: =AA13+AB13-AA14 -> 366.29 | AD13: 125 | AE13: 257
A14: 45517 | B14: 14715288 | C14: =38820.3+1626243.4+588138+9738.8+225431+22810 -> 2511181.5 | D14: =B14-C14 -> 12204106 | E14: =B15-B14 -> 22757 | F14: 10556 | G14: 0 | H14: =F14+G14-F15 -> 0 | I14: 0.7 | J14: 0.7 | K14: 0.65 | L14: =SUM(I14:K14)/3*7500 -> 5125 | M14: 0 | N14: =L14-L15 -> 375 | O14: 0.6 | P14: 0.6 | Q14: 0.65 | R14: =SUM(O14:Q14)/3*1500 -> 925 | S14: 0 | T14: =R14-R15 -> 110 | U14: =SUM(N14+T14) -> 485 | V14: 608668 | W14: 47695 | X14: 12658 | Y14: =SUM(V14-W14-X14) -> 548315 | Z14: =SUM(Y15-Y14) -> 134 | AA14: 11694.52 | AB14: 0 | AC14: =AA14-AA15 -> 366.29 | AD14: 131 | AE14: 268
A15: 45518 | B15: 14738045 | C15: =3821.6+1626910.5+588319+9742.6+225471+22827 -> 2477091.7 | D15: =B15-C15 -> 12260953 | E15: =B16-B15 -> 21663 | F15: 10556 | G15: 0 | H15: =F15+G15-F16 -> 0 | I15: 0.65 | J15: 0.65 | K15: 0.6 | L15: =SUM(I15:K15)/3*7500 -> 4750 | M15: 1165.96 | N15: =L16-M15-L15 -> 159.04 | O15: 0.55 | P15: 0.5 | Q15: 0.58 | R15: =SUM(O15:Q15)/3*1500 -> 815 | S15: 334.3 | T15: =R16-S15-R15 -> 25.7 | U15: =SUM(N15+T15) -> 184.74 | V15: 608952 | W15: 47828 | X15: 12675 | Y15: =SUM(V15-W15-X15) -> 548449 | Z15: =SUM(Y16-Y15) -> 174 | AA15: 11328.23 | AB15: 0 | AC15: =AA15-AA16 -> 366.29 | AD15: 161 | AE15: 346
A16: 45519 | B16: 14759708 | C16: =3822.7+1627520.5+588319+9746.3+225604+22841 -> 2477853.5 | D16: =B16-C16 -> 12281854 | E16: =B17-B16 -> 24292 | F16: 10556 | G16: 0 | H16: =F16+G16-F17 -> 0 | I16: 0.75 | J16: 0.8 | K16: 0.88 | L16: =SUM(I16:K16)/3*7500 -> 6075 | M16: 0 | N16: =L16-L17 -> 450 | O16: 0.75 | P16: 0.8 | Q16: 0.8 | R16: =SUM(O16:Q16)/3*1500 -> 1175 | S16: 0 | T16: =R16-R17 -> 150 | U16: =SUM(N16+T16) -> 600 | V16: 609262 | W16: 47948 | X16: 12691 | Y16: =SUM(V16-W16-X16) -> 548623 | Z16: =SUM(Y17-Y16) -> 176 | AA16: 10961.94 | AB16: 0 | AC16: =AA16-AA17 -> 366.29 | AD16: 169 | AE16: 362
A17: 45520 | B17: 14784000 | C17: =3824+1628191.6+588319+9479.6+225751+22857 -> 2478422.2 | D17: =B17-C17 -> 12305578 | E17: =B18-B17 -> 22857 | F17: 10556 | G17: 0 | H17: =F17+G17-F18 -> 0 | I17: 0.7 | J17: 0.75 | K17: 0.8 | L17: =SUM(I17:K17)/3*7500 -> 5625 | M17: 0 | N17: =L17-L18 -> 375 | O17: 0.6 | P17: 0.75 | Q17: 0.7 | R17: =SUM(O17:Q17)/3*1500 -> 1025 | S17: 0 | T17: =R17-R18 -> 50 | U17: =SUM(N17+T17) -> 425 | V17: 609586 | W17: 48078 | X17: 12709 | Y17: =SUM(V17-W17-X17) -> 548799 | Z17: =SUM(Y18-Y17) -> 161 | AA17: 10595.65 | AB17: 0 | AC17: =AA17-AA18 -> 366.29 | AD17: 166 | AE17: 364
A18: 45521 | B18: 14806857 | C18: =3825+1628798.9+588319+9751.8+225804+22875 -> 2479373.7 | D18: =B18-C18 -> 12327483 | E18: =B19-B18 -> 23006 | F18: 10556 | G18: 0 | H18: =F18+G18-F19 -> 0 | I18: 0.65 | J18: 0.7 | K18: 0.75 | L18: =SUM(I18:K18)/3*7500 -> 5250 | M18: 0 | N18: =L18-L19 -> 250 | O18: 0.65 | P18: 0.6 | Q18: 0.7 | R18: =SUM(O18:Q18)/3*1500 -> 975 | S18: 0 | T18: =R18-R19 -> 50 | U18: =SUM(N18+T18) -> 300 | V18: 609886 | W18: 48200 | X18: 12726 | Y18: =SUM(V18-W18-X18) -> 548960 | Z18: =SUM(Y19-Y18) -> 176 | AA18: 10229.36 | AB18: 0 | AC18: =AA18-AA19 -> 366.29 | AD18: 159 | AE18: 365
A19: 45522 | B19: 14829863 | C19: =3826.6+1629426+588319+9753.8+226028+22897 -> 2480250.4 | D19: =B19-C19 -> 12349613 | E19: =B20-B19 -> 22379 | F19: 10556 | G19: 0 | H19: =F19+G19-F20 -> 0 | I19: 0.65 | J19: 0.65 | K19: 0.7 | L19: =SUM(I19:K19)/3*7500 -> 5000 | M19: 0 | N19: =L19-L20 -> 250 | O19: 0.6 | P19: 0.6 | Q19: 0.65 | R19: =SUM(O19:Q19)/3*1500 -> 925 | S19: 0 | T19: =R19-R20 -> 50 | U19: =SUM(N19+T19) -> 300 | V19: 610201 | W19: 48322 | X19: 12743 | Y19: =SUM(V19-W19-X19) -> 549136 | Z19: =SUM(Y20-Y19) -> 162 | AA19: 9863.07 | AB19: 0 | AC19: =AA19-AA20 -> 366.29 | AD19: 156 | AE19: 334
A20: 45523 | B20: 14852242 | C20: =3827.8+1630044.5+588319+9756.3+226172+22919 -> 2481038.6 | D20: =B20-C20 -> 12371203 | E20: =B21-B20 -> 21821 | F20: 10556 | G20: 0 | H20: =F20+G20-F21 -> 0 | I20: 0.6 | J20: 0.65 | K20: 0.65 | L20: =SUM(I20:K20)/3*7500 -> 4750 | M20: 0 | N20: =L20-L21 -> 300 | O20: 0.6 | P20: 0.55 | Q20: 0.6 | R20: =SUM(O20:Q20)/3*1500 -> 875 | S20: 0 | T20: =R20-R21 -> 100 | U20: =SUM(N20+T20) -> 400 | V20: 610506 | W20: 48450 | X20: 12758 | Y20: =SUM(V20-W20-X20) -> 549298 | Z20: =SUM(Y21-Y20) -> 158 | AA20: 9496.78 | AB20: 0 | AC20: =AA20-AA21 -> 366.29 | AD20: 134 | AE20: 288
A21: 45524 | B21: 14874063 | C21: =3828.9+1630666+588319+9757.2+226309+22941 -> 2481821.1 | D21: =B21-C21 -> 12392242 | E21: =B22-B21 -> 22323 | F21: 10556 | G21: 0 | H21: =F21+G21-F22 -> 0 | I21: 0.58 | J21: 0.6 | K21: 0.6 | L21: =SUM(I21:K21)/3*7500 -> 4450 | M21: 0 | N21: =L21-L22 -> 200 | O21: 0.45 | P21: 0.55 | Q21: 0.55 | R21: =SUM(O21:Q21)/3*1500 -> 775 | S21: 0 | T21: =R21-R22 -> 50 | U21: =SUM(N21+T21) -> 250 | V21: 610790 | W21: 48564 | X21: 12770 | Y21: =SUM(V21-W21-X21) -> 549456 | Z21: =SUM(Y22-Y21) -> 147 | AA21: 9130.49 | AB21: 0 | AC21: =AA21-AA22 -> 366.29 | AD21: 127 | AE21: 272
A22: 45525 | B22: 14896386 | C22: =3830.3+1631345.4+588319+9757.4+226451+22963 -> 2482666.1 | D22: =B22-C22 -> 12413720 | E22: =B23-B22 -> 22642 | F22: 10556 | G22: 0 | H22: =F22+G22-F23 -> 0 | I22: 0.5 | J22: 0.6 | K22: 0.6 | L22: =SUM(I22:K22)/3*7500 -> 4250 | M22: 0 | N22: =L22-L23 -> 375 | O22: 0.45 | P22: 0.5 | Q22: 0.5 | R22: =SUM(O22:Q22)/3*1500 -> 725 | S22: 0 | T22: =R22-R23 -> 50 | U22: =SUM(N22+T22) -> 425 | V22: 611081 | W22: 48696 | X22: 12782 | Y22: =SUM(V22-W22-X22) -> 549603 | Z22: =SUM(Y23-Y22) -> 179 | AA22: 8764.2 | AB22: 0 | AC22: =AA22-AA23 -> 366.29 | AD22: 124 | AE22: 266
A23: 45526 | B23: 14919028 | C23: =3831.5+1631963.6+588319+9757.6+226592+22985 -> 2483448.7 | D23: =B23-C23 -> 12435579 | E23: =B24-B23 -> 21548 | F23: 10556 | G23: 0 | H23: =F23+G23-F24 -> 0 | I23: 0.45 | J23: 0.55 | K23: 0.55 | L23: =SUM(I23:K23)/3*7500 -> 3875 | M23: 1639.25 | N23: =SUM(L24-M23-L23) -> 135.75 | O23: 0.45 | P23: 0.5 | Q23: 0.4 | R23: =SUM(O23:Q23)/3*1500 -> 675 | S23: 683.27 | T23: =SUM(R23+S23-R24) -> 138.27 | U23: =SUM(N23+T23) -> 274.02 | V23: 611394 | W23: 48820 | X23: 12792 | Y23: =SUM(V23-W23-X23) -> 549782 | Z23: =SUM(Y24-Y23) -> 138 | AA23: 8397.91 | AB23: 7265 | AC23: =AA23+AB23-AA24 -> 366.3 | AD23: 136 | AE23: 292
A24: 45527 | B24: 14940576 | C24: =3832.8+1633255.7+588319+9758.9+226726+23003 -> 2484895.4 | D24: =B24-C24 -> 12455681 | E24: =B25-B24 -> 21099 | F24: 10556 | G24: 0 | H24: =F24+G24-F25 -> 0 | I24: 0.75 | J24: 0.75 | K24: 0.76 | L24: =SUM(I24:K24)/3*7500 -> 5650 | M24: 0 | N24: =L24-L25 -> 125 | O24: 0.82 | P24: 0.82 | Q24: 0.8 | R24: =SUM(O24:Q24)/3*1500 -> 1220 | S24: 0 | T24: =R24-R25 -> 70 | U24: =SUM(N24+T24) -> 195 | V24: 611657 | W24: 48935 | X24: 12802 | Y24: =SUM(V24-W24-X24) -> 549920 | Z24: =SUM(Y25-Y24) -> 170 | AA24: 15296.61 | AB24: 0 | AC24: =AA24-AA25 -> 366.29 | AD24: 149 | AE24: 312
A25: 45528 | B25: 14961675 | C25: =3834.3+1633291.4+588319+9759.5+226870+23025 -> 2485099.2 | D25: =B25-C25 -> 12476576 | E25: =B26-B25 -> 23492 | F25: 10556 | G25: 0 | H25: =F25+G25-F26 -> 0 | I25: 0.73 | J25: 0.73 | K25: 0.75 | L25: =SUM(I25:K25)/3*7500 -> 5525 | M25: 0 | N25: =L25-L26 -> 150 | O25: 0.75 | P25: 0.75 | Q25: 0.8 | R25: =SUM(O25:Q25)/3*1500 -> 1150 | S25: 0 | T25: =R25-R26 -> 75 | U25: =SUM(N25+T25) -> 225 | V25: 611966 | W25: 49063 | X25: 12813 | Y25: =SUM(V25-W25-X25) -> 550090 | Z25: =SUM(Y26-Y25) -> 165 | AA25: 14930.32 | AB25: 0 | AC25: =AA25-AA26 -> 366.29 | AD25: 147 | AE25: 307
A26: 45529 | B26: 14985167 | C26: =3835.5+1633835.7+588319+9760+227016+23040 -> 2485806.2 | D26: =B26-C26 -> 12499361 | E26: =B27-B26 -> 22266 | F26: 10556 | G26: 0 | H26: =F26+G26-F27 -> 0 | I26: 0.7 | J26: 0.7 | K26: 0.75 | L26: =SUM(I26:K26)/3*7500 -> 5375 | M26: 0 | N26: =L26-L27 -> 250 | O26: 0.7 | P26: 0.7 | Q26: 0.75 | R26: =SUM(O26:Q26)/3*1500 -> 1075 | S26: 0 | T26: =R26-R27 -> 150 | U26: =SUM(N26+T26) -> 400 | V26: 612269 | W26: 49187 | X26: 12827 | Y26: =SUM(V26-W26-X26) -> 550255 | Z26: =SUM(Y27-Y26) -> 161 | AA26: 14564.03 | AB26: 0 | AC26: =AA26-AA27 -> 366.29 | AD26: 110 | AE26: 232
A27: 45530 | B27: 15007433 | C27: =3836.7+1634374.1+588319+9760.2+227142+23054 -> 2486486 | D27: =B27-C27 -> 12520947 | E27: =B28-B27 -> 21405 | F27: 10556 | G27: 0 | H27: =F27+G27-F28 -> 0 | I27: 0.68 | J27: 0.67 | K27: 0.7 | L27: =SUM(I27:K27)/3*7500 -> 5125 | M27: 0 | N27: =L27-L28 -> 250 | O27: 0.6 | P27: 0.6 | Q27: 0.65 | R27: =SUM(O27:Q27)/3*1500 -> 925 | S27: 0 | T27: =R27-R28 -> 50 | U27: =SUM(N27+T27) -> 300 | V27: 612545 | W27: 49291 | X27: 12838 | Y27: =SUM(V27-W27-X27) -> 550416 | Z27: =SUM(Y28-Y27) -> 132 | AA27: 14197.74 | AB27: 0 | AC27: =AA27-AA28 -> 366.29 | AD27: 88 | AE27: 189
A28: 45531 | B28: 15028838 | C28: =3837.8+1634973.7+588319+9760.4+227275+23068 -> 2487233.9 | D28: =B28-C28 -> 12541604 | E28: =B29-B28 -> 19946 | F28: 10556 | G28: 0 | H28: =F28+G28-F29 -> 0 | I28: 0.65 | J28: 0.65 | K28: 0.65 | L28: =SUM(I28:K28)/3*7500 -> 4875 | M28: 0 | N28: =L28-L29 -> 225 | O28: 0.55 | P28: 0.6 | Q28: 0.6 | R28: =SUM(O28:Q28)/3*1500 -> 875 | S28: 0 | T28: =R28-R29 -> 75 | U28: =SUM(N28+T28) -> 300 | V28: 612797 | W28: 49401 | X28: 12848 | Y28: =SUM(V28-W28-X28) -> 550548 | Z28: =SUM(Y29-Y28) -> 130 | AA28: 13831.45 | AB28: 0 | AC28: =AA28-AA29 -> 366.29 | AD28: 86 | AE28: 188
A29: 45532 | B29: 15048784 | C29: =3839.4+1635785.8+580319+9761.7+227469+23089 -> 2480263.9 | D29: =B29-C29 -> 12568520 | E29: =B30-B29 -> 20567 | F29: 10556 | G29: 0 | H29: =F29+G29-F30 -> 0 | I29: 0.63 | J29: 0.63 | K29: 0.6 | L29: =SUM(I29:K29)/3*7500 -> 4650 | M29: 0 | N29: =L29-L30 -> 200 | O29: 0.5 | P29: 0.55 | Q29: 0.55 | R29: =SUM(O29:Q29)/3*1500 -> 800 | S29: 0 | T29: =R29-R30 -> 50 | U29: =SUM(N29+T29) -> 250 | V29: 613117 | W29: 49571 | X29: 12868 | Y29: =SUM(V29-W29-X29) -> 550678 | Z29: =SUM(Y30-Y29) -> 127 | AA29: 13465.16 | AB29: 0 | AC29: =AA29-AA30 -> 366.29 | AD29: 81 | AE29: 170
A30: 45533 | B30: 15069351 | C30: =3840.5+1636383.8+588319+9761.9+227608+23105 -> 2489018.2 | D30: =B30-C30 -> 12580333 | E30: =B31-B30 -> 20703 | F30: 10556 | G30: 0 | H30: =F30+G30-F31 -> 0 | I30: 0.6 | J30: 0.6 | K30: 0.58 | L30: =SUM(I30:K30)/3*7500 -> 4450 | M30: 1695.45 | N30: =L31-M30-L30 -> 229.55 | O30: 0.45 | P30: 0.55 | Q30: 0.5 | R30: =SUM(O30:Q30)/3*1500 -> 750 | S30: 655.42 | T30: =SUM(R30+S30-R31) -> 80.42 | U30: =SUM(N30+T30) -> 309.97 | V30: 613374 | W30: 49690 | X30: 12879 | Y30: =SUM(V30-W30-X30) -> 550805 | Z30: =SUM(Y31-Y30) -> 135 | AA30: 13098.87 | AB30: 0 | AC30: =AA30-AA31 -> 366.29 | AD30: 85 | AE30: 175
A31: 45534 | B31: 15090054 | C31: =3841.6+1636956.3+588319+9762+227752+23125 -> 2489755.9 | D31: =B31-C31 -> 12600298 | E31: =B32-B31 -> 19698 | F31: 10556 | G31: 0 | H31: =F31+G31-F32 -> 0 | I31: 0.85 | J31: 0.85 | K31: 0.85 | L31: =SUM(I31:K31)/3*7500 -> 6375 | M31: 0 | N31: =L31-L32 -> 550 | O31: 0.9 | P31: 0.85 | Q31: 0.9 | R31: =SUM(O31:Q31)/3*1500 -> 1325 | S31: 0 | T31: =R31-R32 -> 80 | U31: =SUM(N31+T31) -> 630 | V31: 613638 | W31: 49808 | X31: 12890 | Y31: =SUM(V31-W31-X31) -> 550940 | Z31: =SUM(Y32-Y31) -> 178 | AA31: 12732.58 | AB31: 0 | AC31: =AA31-AA32 -> 366.29 | AD31: 92 | AE31: 183
A32: 45535 | B32: 15109752 | C32: =3842.7+1637500.1+588319+9762.3+227885+23146 -> 2490455.1 | D32: =B32-C32 -> 12619297 | E32: =B33-B32 -> 21048 | F32: 10556 | G32: 0 | H32: =F32+G32-F33 -> 0 | I32: 0.8 | J32: 0.8 | K32: 0.73 | L32: =SUM(I32:K32)/3*7500 -> 5825 | M32: 0 | N32: =L32-L33 -> 200 | O32: 0.83 | P32: 0.83 | Q32: 0.83 | R32: =SUM(O32:Q32)/3*1500 -> 1245 | S32: 0 | T32: =R32-R33 -> 70 | U32: =SUM(N32+T32) -> 270 | V32: 613938 | W32: 49920 | X32: 12900 | Y32: =SUM(V32-W32-X32) -> 551118 | Z32: =SUM(Y33-Y32) -> 115 | AA32: 12366.29 | AB32: 0 | AC32: =AA32-AA33 -> 366.29 | AD32: 110 | AE32: 213
A33: 45536 | B33: 15130800 | C33: =3843.8+1638072.2+588319+9762.8+228031+23167 -> 2491195.8 | D33: =B33-C33 -> 12639604 | F33: 10556 | G33: 0 | I33: 0.8 | J33: 0.75 | K33: 0.7 | L33: =SUM(I33:K33)/3*7500 -> 5625 | M33: 0 | O33: 0.8 | P33: 0.75 | Q33: 0.8 | R33: =SUM(O33:Q33)/3*1500 -> 1175 | S33: 0 | V33: 614181 | W33: 50037 | X33: 12911 | Y33: =SUM(V33-W33-X33) -> 551233 | AA33: 12000
E34: =SUM(E2:E33) -> 673373 | H34: =SUM(H2:H33) -> 0 | M34: =SUM(M2:M33) -> 7555.22 | N34: =SUM(N2:N33) -> 9494.78 | S34: =SUM(S2:S33) -> 2961.04 | T34: =SUM(T2:T33) -> 2567.44 | U34: =SUM(U2:U33) -> 12062.22 | Z34: =SUM(Z2:Z33) -> 4792 | AB34: =SUM(AB2:AB33) -> 15355 | AC34: =SUM(AC2:AC33) -> 11355 | AD34: =SUM(AD2:AD33) -> 3878 | AE34: =SUM(AE2:AE32) -> 8206
