Workbook

Sheet Total
A1: Site Name | B1: Day | C1: Month | D1: Year | E1: Total Electricity Kwh | F1: Electricity Tariff ($/Kwh) | G1: LPG (Liters) | H1: LPG $/Liter | I1: Water Utility Supply (m3) m3 | J1: Water Utility Supply (m3) $/m3 | K1: District Energy Heating Kwh | L1: District Energy Heating $/Kwh | M1: Total Fuel Oil (Liter) | N1: Fuel Oil $/Liter | O1: Room Nights | P1: Total Guests
A2: Annabelle | B2: 1 | C2: 9 | D2: 2024 | E2: =IF(September!C2<0,"0",September!C2)+(IF(September!E2<0,"0",September!E2)-(IF(September!G2<0,"0",September!G2))) -> 9737 | F2: =(September!C2*0.27)/(September!C2+September!E2) -> 0.23661395 | G2: =September!U2 -> 0 | H2: 0.62 | I2: =September!W2 -> 118 | J2: 2.42 | K2: =September!AB2*5.04 -> 1033.2 | L2: 0.1151 | M2: =September!M2 -> 0 | N2: 0.88 | O2: =September!AC2 -> 156 | P2: =September!AD2 -> 316
A3: Annabelle | B3: =B2+1 -> 2 | C3: 9 | D3: 2024 | E3: =IF(September!C3<0,"0",September!C3)+(IF(September!E3<0,"0",September!E3)-(IF(September!G3<0,"0",September!G3))) -> 9413 | F3: =(September!C3*0.27)/(September!C3+September!E3) -> 0.23382981 | G3: =September!U3 -> 278 | H3: 0.62 | I3: =September!W3 -> 124 | J3: 2.42 | K3: =September!AB3*5.04 -> 428.4 | L3: 0.1151 | M3: =September!M3 -> 0 | N3: 0.88 | O3: =September!AC3 -> 165 | P3: =September!AD3 -> 337
A4: Annabelle | B4: =B3+1 -> 3 | C4: 9 | D4: 2024 | E4: =IF(September!C4<0,"0",September!C4)+(IF(September!E4<0,"0",September!E4)-(IF(September!G4<0,"0",September!G4))) -> 9746 | F4: =(September!C4*0.27)/(September!C4+September!E4) -> 0.236063 | G4: =September!U4 -> 0 | H4: 0.62 | I4: =September!W4 -> 100 | J4: 2.42 | K4: =September!AB4*5.04 -> 1108.8 | L4: 0.1151 | M4: =September!M4 -> 0 | N4: 0.88 | O4: =September!AC4 -> 165 | P4: =September!AD4 -> 330
A5: Annabelle | B5: =B4+1 -> 4 | C5: 9 | D5: 2024 | E5: =IF(September!C5<0,"0",September!C5)+(IF(September!E5<0,"0",September!E5)-(IF(September!G5<0,"0",September!G5))) -> 9013 | F5: =(September!C5*0.27)/(September!C5+September!E5) -> 0.23375236 | G5: =September!U5 -> 0 | H5: 0.62 | I5: =September!W5 -> 113 | J5: 2.42 | K5: =September!AB5*5.04 -> 932.4 | L5: 0.1151 | M5: =September!M5 -> 0 | N5: 0.88 | O5: =September!AC5 -> 177 | P5: =September!AD5 -> 347
A6: Annabelle | B6: =B5+1 -> 5 | C6: 9 | D6: 2024 | E6: =IF(September!C6<0,"0",September!C6)+(IF(September!E6<0,"0",September!E6)-(IF(September!G6<0,"0",September!G6))) -> 9674 | F6: =(September!C6*0.27)/(September!C6+September!E6) -> 0.23514058 | G6: =September!U6 -> 0 | H6: 0.62 | I6: =September!W6 -> 121 | J6: 2.42 | K6: =September!AB6*5.04 -> 957.6 | L6: 0.1151 | M6: =September!M6 -> 0 | N6: 0.88 | O6: =September!AC6 -> 188 | P6: =September!AD6 -> 373
A7: Annabelle | B7: =B6+1 -> 6 | C7: 9 | D7: 2024 | E7: =IF(September!C7<0,"0",September!C7)+(IF(September!E7<0,"0",September!E7)-(IF(September!G7<0,"0",September!G7))) -> 10378 | F7: =(September!C7*0.27)/(September!C7+September!E7) -> 0.23714107 | G7: =September!U7 -> 0 | H7: 0.62 | I7: =September!W7 -> 117 | J7: 2.42 | K7: =September!AB7*5.04 -> 982.8 | L7: 0.1151 | M7: =September!M7 -> 0 | N7: 0.88 | O7: =September!AC7 -> 210 | P7: =September!AD7 -> 413
A8: Annabelle | B8: =B7+1 -> 7 | C8: 9 | D8: 2024 | E8: =IF(September!C8<0,"0",September!C8)+(IF(September!E8<0,"0",September!E8)-(IF(September!G8<0,"0",September!G8))) -> 10268 | F8: =(September!C8*0.27)/(September!C8+September!E8) -> 0.23807752 | G8: =September!U8 -> 0 | H8: 0.62 | I8: =September!W8 -> 112 | J8: 2.42 | K8: =September!AB8*5.04 -> 1058.4 | L8: 0.1151 | M8: =September!M8 -> 0 | N8: 0.88 | O8: =September!AC8 -> 224 | P8: =September!AD8 -> 438
A9: Annabelle | B9: =B8+1 -> 8 | C9: 9 | D9: 2024 | E9: =IF(September!C9<0,"0",September!C9)+(IF(September!E9<0,"0",September!E9)-(IF(September!G9<0,"0",September!G9))) -> 10485 | F9: =(September!C9*0.27)/(September!C9+September!E9) -> 0.23812017 | G9: =September!U9 -> 0 | H9: 0.62 | I9: =September!W9 -> 120 | J9: 2.42 | K9: =September!AB9*5.04 -> 957.6 | L9: 0.1151 | M9: =September!M9 -> 0 | N9: 0.88 | O9: =September!AC9 -> 205 | P9: =September!AD9 -> 393
A10: Annabelle | B10: =B9+1 -> 9 | C10: 9 | D10: 2024 | E10: =IF(September!C10<0,"0",September!C10)+(IF(September!E10<0,"0",September!E10)-(IF(September!G10<0,"0",September!G10))) -> 9616 | F10: =(September!C10*0.27)/(September!C10+September!E10) -> 0.23459339 | G10: =September!U10 -> 1215 | H10: 0.62 | I10: =September!W10 -> 119 | J10: 2.42 | K10: =September!AB10*5.04 -> 957.6 | L10: 0.1151 | M10: =September!M10 -> 0 | N10: 0.88 | O10: =September!AC10 -> 214 | P10: =September!AD10 -> 400
A11: Annabelle | B11: =B10+1 -> 10 | C11: 9 | D11: 2024 | E11: =IF(September!C11<0,"0",September!C11)+(IF(September!E11<0,"0",September!E11)-(IF(September!G11<0,"0",September!G11))) -> 9557 | F11: =(September!C11*0.27)/(September!C11+September!E11) -> 0.23406404 | G11: =September!U11 -> 0 | H11: 0.62 | I11: =September!W11 -> 106 | J11: 2.42 | K11: =September!AB11*5.04 -> 1159.2 | L11: 0.1151 | M11: =September!M11 -> 0 | N11: 0.88 | O11: =September!AC11 -> 213 | P11: =September!AD11 -> 397
A12: Annabelle | B12: =B11+1 -> 11 | C12: 9 | D12: 2024 | E12: =IF(September!C12<0,"0",September!C12)+(IF(September!E12<0,"0",September!E12)-(IF(September!G12<0,"0",September!G12))) -> 9522 | F12: =(September!C12*0.27)/(September!C12+September!E12) -> 0.23489603 | G12: =September!U12 -> 0 | H12: 0.62 | I12: =September!W12 -> 132 | J12: 2.42 | K12: =September!AB12*5.04 -> 1134 | L12: 0.1151 | M12: =September!M12 -> 0 | N12: 0.88 | O12: =September!AC12 -> 220 | P12: =September!AD12 -> 407
A13: Annabelle | B13: =B12+1 -> 12 | C13: 9 | D13: 2024 | E13: =IF(September!C13<0,"0",September!C13)+(IF(September!E13<0,"0",September!E13)-(IF(September!G13<0,"0",September!G13))) -> 10409 | F13: =(September!C13*0.27)/(September!C13+September!E13) -> 0.23900279 | G13: =September!U13 -> 0 | H13: 0.62 | I13: =September!W13 -> 120 | J13: 2.42 | K13: =September!AB13*5.04 -> 1108.8 | L13: 0.1151 | M13: =September!M13 -> 0 | N13: 0.88 | O13: =September!AC13 -> 216 | P13: =September!AD13 -> 403
A14: Annabelle | B14: =B13+1 -> 13 | C14: 9 | D14: 2024 | E14: =IF(September!C14<0,"0",September!C14)+(IF(September!E14<0,"0",September!E14)-(IF(September!G14<0,"0",September!G14))) -> 10097 | F14: =(September!C14*0.27)/(September!C14+September!E14) -> 0.23662771 | G14: =September!U14 -> 0 | H14: 0.62 | I14: =September!W14 -> 133 | J14: 2.42 | K14: =September!AB14*5.04 -> 1008 | L14: 0.1151 | M14: =September!M14 -> 0 | N14: 0.88 | O14: =September!AC14 -> 233 | P14: =September!AD14 -> 441
... A31: Annabelle | B31: =B30+1 -> 30 | C31: 9 | D31: 2024 | E31: =IF(September!C31<0,"0",September!C31)+(IF(September!E31<0,"0",September!E31)-(IF(September!G31<0,"0",September!G31))) -> 0 | F31: =(September!C31*0.27)/(September!C31+September!E31) -> #DIV/0! | G31: =September!U31 -> 0 | H31: 0.62 | I31: =September!W31 -> 0 | J31: 2.42 | K31: =September!AB31*5.04 -> 0 | L31: 0.1151 | M31: =September!M31 -> 0 | N31: 0.88 | O31: =September!AC31 -> 0 | P31: =September!AD31 -> 0
A32: Annabelle | B32: =B31+1 -> 31 | C32: 9 | D32: 2024 | E32: =IF(September!C32<0,"0",September!C32)+(IF(September!E32<0,"0",September!E32)-(IF(September!G32<0,"0",September!G32))) -> 0 | F32: =(September!C32*0.27)/(September!C32+September!E32) -> #DIV/0! | G32: =September!U32 -> 0 | H32: 0.62 | I32: =September!W32 -> 0 | J32: 2.42 | K32: =September!AB32*5.04 -> 0 | M32: =September!M32 -> 0 | N32: 0.88 | O32: =September!AC32 -> 0 | P32: =September!AD32 -> 0

Sheet September
A1: Date | B1: Purchased Electricity (Kwh) Reading | C1: BOUGHT | D1: Total Renewable Energy Production (Kwh) Reading | E1: PRODUCED | F1: Total Renewable Energy Exported (KWh) Reading | G1: SOLD | H1: HOTEL Electricity (KWh) Consumed incl. --> | I1: HOTEL Electricity (KWh) Consumed excl. --> | J1: Consumed | K1: Date | L1: Fuel Oil Hot-Water Boilers (Liter) Reading | M1: Fuel Oil (Liter) Received | N1: Consumed | O1: LPG % TANK 1 | P1: LPG % TANK 2 | Q1: LPG % TANK 3 | R1: LPG % TANK 4 | S1: LPG (Liter) Reading | T1: LPG (Liter) Received | U1: Consumed | V1: Water Utility Supply (m3) Reading | W1: Consumed | X1: Irrigation Water Supply (m3) Reading | Y1: Consumed | Z1: Pellets (Kg) Reading | AA1: Pellets (Kg) Received | AB1: Consumed | AC1: Room Nights | AD1: Guest Nights
A2: 45536 | B2: 12691724 | C2: =IF(OR((B3-B2)<0,B3=0),"0",B3-B2) -> 8533 | D2: 521626 | E2: =IF(OR((D3-D2)<0,D3=0),"0",D3-D2) -> 1204 | F2: 1704 | G2: =F3-F2 -> 0 | H2: =C2+E2-G2 -> 9737 | I2: =H2-K2-M2-O2-Q2 -> -35800.32 | J2: =I3-I2 -> -324.88 | K2: =A2 -> 45536 | L2: 5660 | M2: 0 | N2: 0 | O2: 0.72 | P2: 0.71 | Q2: 0.6 | R2: 0.59 | U2: =IF(OR((S2+T2-S3)<0,S2>S1),"0",(S2+T2-S3)) -> 0 | V2: 113967 | W2: =IF(V3-V2<0,"0",V3-V2) -> 118 | X2: 60489 | Y2: =X3-X2 -> 7 | Z2: 1250 | AA2: 0 | AB2: =IF(OR((Z2+AA2-Z3)<0,(Z3=0)),"0",(Z2+AA2-Z3)) -> 205 | AC2: 156 | AD2: 316 | AE2: =Z2+AA2-Z3 -> 205
A3: 45537 | B3: 12700257 | C3: =IF(OR((B4-B3)<0,B4=0),"0",B4-B3) -> 8152 | D3: 522830 | E3: =IF(OR((D4-D3)<0,D4=0),"0",D4-D3) -> 1261 | F3: 1704 | G3: =F4-F3 -> 0 | H3: =C3+E3-G3 -> 9413 | I3: =H3-K3-M3-O3-Q3 -> -36125.2 | J3: =I4-I3 -> 331.68 | K3: =A3 -> 45537 | L3: 5660 | M3: 0 | N3: 0 | O3: 0.7 | P3: 0.71 | Q3: 0.5 | R3: 0.53 | T3: 278 | U3: =IF(OR((S3+T3-S4)<0,S3>S2),"0",(S3+T3-S4)) -> 278 | V3: 114085 | W3: =IF(V4-V3<0,"0",V4-V3) -> 124 | X3: 60496 | Y3: =X4-X3 -> 14 | Z3: 1045 | AA3: 8195 | AB3: =IF(OR((Z3+AA3-Z4)<0,(Z4=0)),"0",(Z3+AA3-Z4)) -> 85 | AC3: 165 | AD3: 337 | AE3: =Z3+AA3-Z4 -> 85
A4: 45538 | B4: 12708409 | C4: =IF(OR((B5-B4)<0,B5=0),"0",B5-B4) -> 8521 | D4: 524091 | E4: =IF(OR((D5-D4)<0,D5=0),"0",D5-D4) -> 1225 | F4: 1704 | G4: =F5-F4 -> 0 | H4: =C4+E4-G4 -> 9746 | I4: =H4-K4-M4-O4-Q4 -> -35793.52 | J4: =I5-I4 -> -733.92 | K4: =A4 -> 45538 | L4: 5660 | M4: 0 | N4: 0 | O4: 0.68 | P4: 0.71 | Q4: 0.84 | R4: 0.87 | U4: =IF(OR((S4+T4-S5)<0,S4>S3),"0",(S4+T4-S5)) -> 0 | V4: 114209 | W4: =IF(V5-V4<0,"0",V5-V4) -> 100 | X4: 60510 | Y4: =X5-X4 -> 12 | Z4: 9155 | AA4: 0 | AB4: =IF(OR((Z4+AA4-Z5)<0,(Z5=0)),"0",(Z4+AA4-Z5)) -> 220 | AC4: 165 | AD4: 330 | AE4: =Z4+AA4-Z5 -> 220
A5: 45539 | B5: 12716930 | C5: =IF(OR((B6-B5)<0,B6=0),"0",B6-B5) -> 7803 | D5: 525316 | E5: =IF(OR((D6-D5)<0,D6=0),"0",D6-D5) -> 1210 | F5: 1704 | G5: =F6-F5 -> 0 | H5: =C5+E5-G5 -> 9013 | I5: =H5-K5-M5-O5-Q5 -> -36527.44 | J5: =I6-I5 -> 660.03 | K5: =A5 -> 45539 | L5: 5660 | M5: 0 | N5: 0 | O5: 0.64 | P5: 0.69 | Q5: 0.8 | R5: 0.74 | U5: =IF(OR((S5+T5-S6)<0,S5>S4),"0",(S5+T5-S6)) -> 0 | V5: 114309 | W5: =IF(V6-V5<0,"0",V6-V5) -> 113 | X5: 60522 | Y5: =X6-X5 -> 17 | Z5: 8935 | AA5: 0 | AB5: =IF(OR((Z5+AA5-Z6)<0,(Z6=0)),"0",(Z5+AA5-Z6)) -> 185 | AC5: 177 | AD5: 347 | AE5: =Z5+AA5-Z6 -> 185
A6: 45540 | B6: 12724733 | C6: =IF(OR((B7-B6)<0,B7=0),"0",B7-B6) -> 8425 | D6: 526526 | E6: =IF(OR((D7-D6)<0,D7=0),"0",D7-D6) -> 1249 | F6: 1704 | G6: =F7-F6 -> 0 | H6: =C6+E6-G6 -> 9674 | I6: =H6-K6-M6-O6-Q6 -> -35867.41 | J6: =I7-I6 -> 703.03 | K6: =A6 -> 45540 | L6: 5660 | M6: 0 | N6: 0 | O6: 0.63 | P6: 0.68 | Q6: 0.78 | R6: 0.73 | U6: =IF(OR((S6+T6-S7)<0,S6>S5),"0",(S6+T6-S7)) -> 0 | V6: 114422 | W6: =IF(V7-V6<0,"0",V7-V6) -> 121 | X6: 60539 | Y6: =X7-X6 -> 16 | Z6: 8750 | AA6: 0 | AB6: =IF(OR((Z6+AA6-Z7)<0,(Z7=0)),"0",(Z6+AA6-Z7)) -> 190 | AC6: 188 | AD6: 373 | AE6: =Z6+AA6-Z7 -> 190
A7: 45541 | B7: 12733158 | C7: =IF(OR((B8-B7)<0,B8=0),"0",B8-B7) -> 9115 | D7: 527775 | E7: =IF(OR((D8-D7)<0,D8=0),"0",D8-D7) -> 1263 | F7: 1704 | G7: =F8-F7 -> 0 | H7: =C7+E7-G7 -> 10378 | I7: =H7-K7-M7-O7-Q7 -> -35164.38 | J7: =I8-I7 -> -110.9 | K7: =A7 -> 45541 | L7: 5660 | M7: 0 | N7: 0 | O7: 0.62 | P7: 0.67 | Q7: 0.76 | R7: 0.71 | U7: =IF(OR((S7+T7-S8)<0,S7>S6),"0",(S7+T7-S8)) -> 0 | V7: 114543 | W7: =IF(V8-V7<0,"0",V8-V7) -> 117 | X7: 60555 | Y7: =X8-X7 -> 28 | Z7: 8560 | AA7: 0 | AB7: =IF(OR((Z7+AA7-Z8)<0,(Z8=0)),"0",(Z7+AA7-Z8)) -> 195 | AC7: 210 | AD7: 413 | AE7: =Z7+AA7-Z8 -> 195
A8: 45542 | B8: 12742273 | C8: =IF(OR((B9-B8)<0,B9=0),"0",B9-B8) -> 9054 | D8: 529038 | E8: =IF(OR((D9-D8)<0,D9=0),"0",D9-D8) -> 1214 | F8: 1704 | G8: =F9-F8 -> 0 | H8: =C8+E8-G8 -> 10268 | I8: =H8-K8-M8-O8-Q8 -> -35275.28 | J8: =I9-I8 -> 216.06 | K8: =A8 -> 45542 | L8: 5660 | M8: 0 | N8: 0 | O8: 0.61 | P8: 0.67 | Q8: 0.67 | R8: 0.64 | U8: =IF(OR((S8+T8-S9)<0,S8>S7),"0",(S8+T8-S9)) -> 0 | V8: 114660 | W8: =IF(V9-V8<0,"0",V9-V8) -> 112 | X8: 60583 | Y8: =X9-X8 -> 15 | Z8: 8365 | AA8: 0 | AB8: =IF(OR((Z8+AA8-Z9)<0,(Z9=0)),"0",(Z8+AA8-Z9)) -> 210 | AC8: 224 | AD8: 438 | AE8: =Z8+AA8-Z9 -> 210
A9: 45543 | B9: 12751327 | C9: =IF(OR((B10-B9)<0,B10=0),"0",B10-B9) -> 9247 | D9: 530252 | E9: =IF(OR((D10-D9)<0,D10=0),"0",D10-D9) -> 1238 | F9: 1704 | G9: =F10-F9 -> 0 | H9: =C9+E9-G9 -> 10485 | I9: =H9-K9-M9-O9-Q9 -> -35059.22 | J9: =I10-I9 -> -869.9 | K9: =A9 -> 45543 | L9: 5660 | M9: 0 | N9: 0 | O9: 0.6 | P9: 0.65 | Q9: 0.62 | R9: 0.62 | U9: =IF(OR((S9+T9-S10)<0,S9>S8),"0",(S9+T9-S10)) -> 0 | V9: 114772 | W9: =IF(V10-V9<0,"0",V10-V9) -> 120 | X9: 60598 | Y9: =X10-X9 -> 8 | Z9: 8155 | AA9: 0 | AB9: =IF(OR((Z9+AA9-Z10)<0,(Z10=0)),"0",(Z9+AA9-Z10)) -> 190 | AC9: 205 | AD9: 393 | AE9: =Z9+AA9-Z10 -> 190
A10: 45544 | B10: 12760574 | C10: =IF(OR((B11-B10)<0,B11=0),"0",B11-B10) -> 8355 | D10: 531490 | E10: =IF(OR((D11-D10)<0,D11=0),"0",D11-D10) -> 1261 | F10: 1704 | G10: =F11-F10 -> 0 | H10: =C10+E10-G10 -> 9616 | I10: =H10-K10-M10-O10-Q10 -> -35929.12 | J10: =I11-I10 -> -60.52 | K10: =A10 -> 45544 | L10: 5660 | M10: 0 | N10: 0 | O10: 0.58 | P10: 0.61 | Q10: 0.54 | R10: 0.55 | T10: 1215 | U10: =IF(OR((S10+T10-S11)<0,S10>S9),"0",(S10+T10-S11)) -> 1215 | V10: 114892 | W10: =IF(V11-V10<0,"0",V11-V10) -> 119 | X10: 60606 | Y10: =X11-X10 -> 13 | Z10: 7965 | AA10: 0 | AB10: =IF(OR((Z10+AA10-Z11)<0,(Z11=0)),"0",(Z10+AA10-Z11)) -> 190 | AC10: 214 | AD10: 400 | AE10: =Z10+AA10-Z11 -> 190
A11: 45545 | B11: 12768929 | C11: =IF(OR((B12-B11)<0,B12=0),"0",B12-B11) -> 8285 | D11: 532751 | E11: =IF(OR((D12-D11)<0,D12=0),"0",D12-D11) -> 1272 | F11: 1704 | G11: =F12-F11 -> 0 | H11: =C11+E11-G11 -> 9557 | I11: =H11-K11-M11-O11-Q11 -> -35989.64 | J11: =I12-I11 -> -35.94 | K11: =A11 -> 45545 | L11: 5660 | M11: 0 | N11: 0 | O11: 0.79 | P11: 0.78 | Q11: 0.85 | R11: 0.75 | U11: =IF(OR((S11+T11-S12)<0,S11>S10),"0",(S11+T11-S12)) -> 0 | V11: 115011 | W11: =IF(V12-V11<0,"0",V12-V11) -> 106 | X11: 60619 | Y11: =X12-X11 -> 12 | Z11: 7775 | AA11: 0 | AB11: =IF(OR((Z11+AA11-Z12)<0,(Z12=0)),"0",(Z11+AA11-Z12)) -> 230 | AC11: 213 | AD11: 397 | AE11: =Z11+AA11-Z12 -> 230
A12: 45546 | B12: 12777214 | C12: =IF(OR((B13-B12)<0,B13=0),"0",B13-B12) -> 8284 | D12: 534023 | E12: =IF(OR((D13-D12)<0,D13=0),"0",D13-D12) -> 1238 | F12: 1704 | G12: =F13-F12 -> 0 | H12: =C12+E12-G12 -> 9522 | I12: =H12-K12-M12-O12-Q12 -> -36025.58 | J12: =I13-I12 -> 886.04 | K12: =A12 -> 45546 | L12: 5660 | M12: 0 | N12: 0 | O12: 0.78 | P12: 0.78 | Q12: 0.8 | R12: 0.74 | U12: =IF(OR((S12+T12-S13)<0,S12>S11),"0",(S12+T12-S13)) -> 0 | V12: 115117 | W12: =IF(V13-V12<0,"0",V13-V12) -> 132 | X12: 60631 | Y12: =X13-X12 -> 7 | Z12: 7545 | AA12: 0 | AB12: =IF(OR((Z12+AA12-Z13)<0,(Z13=0)),"0",(Z12+AA12-Z13)) -> 225 | AC12: 220 | AD12: 407 | AE12: =Z12+AA12-Z13 -> 225
A13: 45547 | B13: 12785498 | C13: =IF(OR((B14-B13)<0,B14=0),"0",B14-B13) -> 9214 | D13: 535261 | E13: =IF(OR((D14-D13)<0,D14=0),"0",D14-D13) -> 1195 | F13: 1704 | G13: =F14-F13 -> 0 | H13: =C13+E13-G13 -> 10409 | I13: =H13-K13-M13-O13-Q13 -> -35139.54 | J13: =I14-I13 -> -312.95 | K13: =A13 -> 45547 | L13: 5660 | M13: 0 | N13: 0 | O13: 0.78 | P13: 0.78 | Q13: 0.76 | R13: 0.71 | U13: =IF(OR((S13+T13-S14)<0,S13>S12),"0",(S13+T13-S14)) -> 0 | V13: 115249 | W13: =IF(V14-V13<0,"0",V14-V13) -> 120 | X13: 60638 | Y13: =X14-X13 -> 13 | Z13: 7320 | AA13: 0 | AB13: =IF(OR((Z13+AA13-Z14)<0,(Z14=0)),"0",(Z13+AA13-Z14)) -> 220 | AC13: 216 | AD13: 403 | AE13: =Z13+AA13-Z14 -> 220
A14: 45548 | B14: 12794712 | C14: =IF(OR((B15-B14)<0,B15=0),"0",B15-B14) -> 8849 | D14: 536456 | E14: =IF(OR((D15-D14)<0,D15=0),"0",D15-D14) -> 1248 | F14: 1704 | G14: =F15-F14 -> 0 | H14: =C14+E14-G14 -> 10097 | I14: =H14-K14-M14-O14-Q14 -> -35452.49 | J14: =I15-I14 -> 3.03 | K14: =A14 -> 45548 | L14: 5660 | M14: 0 | N14: 0 | O14: 0.76 | P14: 0.77 | Q14: 0.73 | R14: 0.68 | U14: =IF(OR((S14+T14-S15)<0,S14>S13),"0",(S14+T14-S15)) -> 0 | V14: 115369 | W14: =IF(V15-V14<0,"0",V15-V14) -> 133 | X14: 60651 | Y14: =X15-X14 -> 20 | Z14: 7100 | AA14: 0 | AB14: =IF(OR((Z14+AA14-Z15)<0,(Z15=0)),"0",(Z14+AA14-Z15)) -> 200 | AC14: 233 | AD14: 441 | AE14: =Z14+AA14-Z15 -> 200
A15: 45549 | B15: 12803561 | C15: =IF(OR((B16-B15)<0,B16=0),"0",B16-B15) -> 8907 | D15: 537704 | E15: =IF(OR((D16-D15)<0,D16=0),"0",D16-D15) -> 1194 | F15: 1704 | G15: =F16-F15 -> 0 | H15: =C15+E15-G15 -> 10101 | I15: =H15-K15-M15-O15-Q15 -> -35449.46 | J15: =I16-I15 -> -224.85 | K15: =A15 -> 45549 | L15: 5660 | M15: 0 | N15: 0 | O15: 0.75 | P15: 0.75 | Q15: 0.71 | R15: 0.66 | U15: =IF(OR((S15+T15-S16)<0,S15>S14),"0",(S15+T15-S16)) -> 0 | V15: 115502 | W15: =IF(V16-V15<0,"0",V16-V15) -> 131 | X15: 60671 | Y15: =X16-X15 -> 12 | Z15: 6900 | AA15: 0 | AB15: =IF(OR((Z15+AA15-Z16)<0,(Z16=0)),"0",(Z15+AA15-Z16)) -> 240 | AC15: 232 | AD15: 442 | AE15: =Z15+AA15-Z16 -> 240
A16: 45550 | B16: 12812468 | C16: =IF(OR((B17-B16)<0,B17=0),"0",B17-B16) -> 8758 | D16: 538898 | E16: =IF(OR((D17-D16)<0,D17=0),"0",D17-D16) -> 1119 | F16: 1704 | G16: =F17-F16 -> 0 | H16: =C16+E16-G16 -> 9877 | I16: =H16-K16-M16-O16-Q16 -> -35674.31 | J16: =I17-I16 -> -1013.89 | K16: =A16 -> 45550 | L16: 5660 | M16: 0 | N16: 0 | O16: 0.72 | P16: 0.74 | Q16: 0.59 | R16: 0.6 | U16: =IF(OR((S16+T16-S17)<0,S16>S15),"0",(S16+T16-S17)) -> 0 | V16: 115633 | W16: =IF(V17-V16<0,"0",V17-V16) -> 122 | X16: 60683 | Y16: =X17-X16 -> 9 | Z16: 6660 | AA16: 0 | AB16: =IF(OR((Z16+AA16-Z17)<0,(Z17=0)),"0",(Z16+AA16-Z17)) -> 220 | AC16: 212 | AD16: 390 | AE16: =Z16+AA16-Z17 -> 220
A17: 45551 | B17: 12821226 | C17: =IF(OR((B18-B17)<0,B18=0),"0",B18-B17) -> 7684 | D17: 540017 | E17: =IF(OR((D18-D17)<0,D18=0),"0",D18-D17) -> 1180 | F17: 1704 | G17: =F18-F17 -> 0 | H17: =C17+E17-G17 -> 8864 | I17: =H17-K17-M17-O17-Q17 -> -36688.2 | J17: =I18-I17 -> -345.45 | K17: =A17 -> 45551 | L17: 5660 | M17: 0 | N17: 0 | O17: 0.69 | P17: 0.72 | Q17: 0.51 | R17: 0.55 | T17: 711 | U17: =IF(OR((S17+T17-S18)<0,S17>S16),"0",(S17+T17-S18)) -> 711 | V17: 115755 | W17: =IF(V18-V17<0,"0",V18-V17) -> 110 | X17: 60692 | Y17: =X18-X17 -> 12 | Z17: 6440 | AA17: 0 | AB17: =IF(OR((Z17+AA17-Z18)<0,(Z18=0)),"0",(Z17+AA17-Z18)) -> 220 | AC17: 220 | AD17: 404 | AE17: =Z17+AA17-Z18 -> 220
A18: 45552 | B18: 12828910 | C18: =IF(OR((B19-B18)<0,B19=0),"0",B19-B18) -> 7401 | D18: 541197 | E18: =IF(OR((D19-D18)<0,D19=0),"0",D19-D18) -> 1119 | F18: 1704 | G18: =F19-F18 -> 0 | H18: =C18+E18-G18 -> 8520 | I18: =H18-K18-M18-O18-Q18 -> -37033.65 | J18: =I19-I18 -> 798.05 | K18: =A18 -> 45552 | L18: 5660 | M18: 0 | N18: 0 | O18: 0.8 | P18: 0.78 | Q18: 0.85 | R18: 0.75 | U18: =IF(OR((S18+T18-S19)<0,S18>S17),"0",(S18+T18-S19)) -> 0 | V18: 115865 | W18: =IF(V19-V18<0,"0",V19-V18) -> 120 | X18: 60704 | Y18: =X19-X18 -> 15 | Z18: 6220 | AA18: 0 | AB18: =IF(OR((Z18+AA18-Z19)<0,(Z19=0)),"0",(Z18+AA18-Z19)) -> 245 | AC18: 222 | AD18: 405 | AE18: =Z18+AA18-Z19 -> 245
A19: 45553 | B19: 12836311 | C19: =IF(OR((B20-B19)<0,B20=0),"0",B20-B19) -> 8181 | D19: 542316 | E19: =IF(OR((D20-D19)<0,D20=0),"0",D20-D19) -> 1138 | F19: 1704 | G19: =F20-F19 -> 0 | H19: =C19+E19-G19 -> 9319 | I19: =H19-K19-M19-O19-Q19 -> -36235.6 | J19: =I20-I19 -> -183.91 | K19: =A19 -> 45553 | L19: 5660 | M19: 0 | N19: 0 | O19: 0.78 | P19: 0.77 | Q19: 0.82 | R19: 0.71 | U19: =IF(OR((S19+T19-S20)<0,S19>S18),"0",(S19+T19-S20)) -> 0 | V19: 115985 | W19: =IF(V20-V19<0,"0",V20-V19) -> 118 | X19: 60719 | Y19: =X20-X19 -> 8 | Z19: 5975 | AA19: 0 | AB19: =IF(OR((Z19+AA19-Z20)<0,(Z20=0)),"0",(Z19+AA19-Z20)) -> 255 | AC19: 210 | AD19: 384 | AE19: =Z19+AA19-Z20 -> 255
A20: 45554 | B20: 12844492 | C20: =IF(OR((B21-B20)<0,B21=0),"0",B21-B20) -> 8004 | D20: 543454 | E20: =IF(OR((D21-D20)<0,D21=0),"0",D21-D20) -> 1132 | F20: 1704 | G20: =F21-F20 -> 0 | H20: =C20+E20-G20 -> 9136 | I20: =H20-K20-M20-O20-Q20 -> -36419.51 | J20: =I21-I20 -> -9136.97 | K20: =A20 -> 45554 | L20: 5661 | M20: 0 | N20: 0 | O20: 0.75 | P20: 0.76 | Q20: 0.76 | R20: 0.68 | U20: =IF(OR((S20+T20-S21)<0,S20>S19),"0",(S20+T20-S21)) -> 0 | V20: 116103 | W20: =IF(V21-V20<0,"0",V21-V20) -> 95 | X20: 60727 | Y20: =X21-X20 -> 13 | Z20: 5720 | AA20: 0 | AB20: =IF(OR((Z20+AA20-Z21)<0,(Z21=0)),"0",(Z20+AA20-Z21)) -> 235 | AC20: 198 | AD20: 365 | AE20: =Z20+AA20-Z21 -> 235
A21: 45555 | B21: 12852496 | C21: =IF(OR((B22-B21)<0,B22=0),"0",B22-B21) -> 0 | D21: 544586 | E21: =IF(OR((D22-D21)<0,D22=0),"0",D22-D21) -> 0 | F21: 1704 | G21: =F22-F21 -> 0 | H21: =C21+E21-G21 -> 0 | I21: =H21-K21-M21-O21-Q21 -> -45556.48 | J21: =I22-I21 -> 0.48 | K21: =A21 -> 45555 | L21: 5660 | M21: 0 | N21: 0 | O21: 0.75 | P21: 0.75 | Q21: 0.73 | R21: 0.66 | U21: =IF(OR((S21+T21-S22)<0,S21>S20),"0",(S21+T21-S22)) -> 0 | V21: 116198 | W21: =IF(V22-V21<0,"0",V22-V21) -> 0 | X21: 60740 | Y21: =X22-X21 -> -60740 | Z21: 5485 | AA21: 0 | AB21: =IF(OR((Z21+AA21-Z22)<0,(Z22=0)),"0",(Z21+AA21-Z22)) -> 0 | AE21: =Z21+AA21-Z22 -> 5485
A22: 45556 | C22: =IF(OR((B23-B22)<0,B23=0),"0",B23-B22) -> 0 | E22: =IF(OR((D23-D22)<0,D23=0),"0",D23-D22) -> 0 | F22: 1704 | G22: =F23-F22 -> 0 | H22: =C22+E22-G22 -> 0 | I22: =H22-K22-M22-O22-Q22 -> -45556 | J22: =I23-I22 -> -1 | K22: =A22 -> 45556 | L22: 5660 | M22: 0 | N22: 0 | U22: =IF((S22+T22-S23)<0,"0",(S22+T22-S23)) -> 0 | W22: =IF(V23-V22<0,"0",V23-V22) -> 0 | Y22: =X23-X22 -> 0 | AA22: 0 | AB22: =IF(OR((Z22+AA22-Z23)<0,(Z23=0)),"0",(Z22+AA22-Z23)) -> 0 | AE22: =Z22+AA22-Z23 -> 0
A23: 45557 | C23: =IF(OR((B24-B23)<0,B24=0),"0",B24-B23) -> 0 | E23: =IF(OR((D24-D23)<0,D24=0),"0",D24-D23) -> 0 | F23: 1704 | G23: =F24-F23 -> 0 | H23: =C23+E23-G23 -> 0 | I23: =H23-K23-M23-O23-Q23 -> -45557 | J23: =I24-I23 -> -1 | K23: =A23 -> 45557 | L23: 5660 | M23: 0 | N23: 0 | U23: =IF((S23+T23-S24)<0,"0",(S23+T23-S24)) -> 0 | W23: =IF(V24-V23<0,"0",V24-V23) -> 0 | Y23: =X24-X23 -> 0 | AA23: 0 | AB23: =IF(OR((Z23+AA23-Z24)<0,(Z24=0)),"0",(Z23+AA23-Z24)) -> 0 | AE23: =Z23+AA23-Z24 -> 0
A24: 45558 | C24: =IF(OR((B25-B24)<0,B25=0),"0",B25-B24) -> 0 | E24: =IF(OR((D25-D24)<0,D25=0),"0",D25-D24) -> 0 | F24: 1704 | G24: =F25-F24 -> 0 | H24: =C24+E24-G24 -> 0 | I24: =H24-K24-M24-O24-Q24 -> -45558 | J24: =I25-I24 -> -1 | K24: =A24 -> 45558 | L24: 5660 | M24: 0 | N24: 0 | U24: =IF((S24+T24-S25)<0,"0",(S24+T24-S25)) -> 0 | W24: =IF(V25-V24<0,"0",V25-V24) -> 0 | Y24: =X25-X24 -> 0 | AA24: 0 | AB24: =IF(OR((Z24+AA24-Z25)<0,(Z25=0)),"0",(Z24+AA24-Z25)) -> 0 | AE24: =Z24+AA24-Z25 -> 0
A25: 45559 | C25: =IF(OR((B26-B25)<0,B26=0),"0",B26-B25) -> 0 | E25: =IF(OR((D26-D25)<0,D26=0),"0",D26-D25) -> 0 | F25: 1704 | G25: =F26-F25 -> 0 | H25: =C25+E25-G25 -> 0 | I25: =H25-K25-M25-O25-Q25 -> -45559 | J25: =I26-I25 -> -1 | K25: =A25 -> 45559 | L25: 5660 | M25: 0 | N25: 0 | U25: =IF((S25+T25-S26)<0,"0",(S25+T25-S26)) -> 0 | W25: =IF(V26-V25<0,"0",V26-V25) -> 0 | Y25: =X26-X25 -> 0 | AA25: 0 | AB25: =IF(OR((Z25+AA25-Z26)<0,(Z26=0)),"0",(Z25+AA25-Z26)) -> 0 | AE25: =Z25+AA25-Z26 -> 0
A26: 45560 | C26: =IF(OR((B27-B26)<0,B27=0),"0",B27-B26) -> 0 | E26: =IF(OR((D27-D26)<0,D27=0),"0",D27-D26) -> 0 | F26: 1704 | G26: =F27-F26 -> 0 | H26: =C26+E26-G26 -> 0 | I26: =H26-K26-M26-O26-Q26 -> -45560 | J26: =I27-I26 -> -1 | K26: =A26 -> 45560 | L26: 5660 | M26: 0 | N26: 0 | U26: =IF((S26+T26-S27)<0,"0",(S26+T26-S27)) -> 0 | W26: =IF(V27-V26<0,"0",V27-V26) -> 0 | Y26: =X27-X26 -> 0 | AA26: 0 | AB26: =IF(OR((Z26+AA26-Z27)<0,(Z27=0)),"0",(Z26+AA26-Z27)) -> 0 | AE26: =Z26+AA26-Z27 -> 0
A27: 45561 | C27: =IF(OR((B28-B27)<0,B28=0),"0",B28-B27) -> 0 | E27: =IF(OR((D28-D27)<0,D28=0),"0",D28-D27) -> 0 | F27: 1704 | G27: =F28-F27 -> 0 | H27: =C27+E27-G27 -> 0 | I27: =H27-K27-M27-O27-Q27 -> -45561 | J27: =I28-I27 -> -1 | K27: =A27 -> 45561 | L27: 5660 | M27: 0 | N27: 0 | U27: =IF((S27+T27-S28)<0,"0",(S27+T27-S28)) -> 0 | W27: =IF(V28-V27<0,"0",V28-V27) -> 0 | Y27: =X28-X27 -> 0 | AA27: 0 | AB27: =IF(OR((Z27+AA27-Z28)<0,(Z28=0)),"0",(Z27+AA27-Z28)) -> 0 | AE27: =Z27+AA27-Z28 -> 0
A28: 45562 | C28: =IF(OR((B29-B28)<0,B29=0),"0",B29-B28) -> 0 | E28: =IF(OR((D29-D28)<0,D29=0),"0",D29-D28) -> 0 | F28: 1704 | G28: =F29-F28 -> 0 | H28: =C28+E28-G28 -> 0 | I28: =H28-K28-M28-O28-Q28 -> -45562 | J28: =I29-I28 -> -1 | K28: =A28 -> 45562 | L28: 5660 | M28: 0 | N28: 0 | U28: =IF((S28+T28-S29)<0,"0",(S28+T28-S29)) -> 0 | W28: =IF(V29-V28<0,"0",V29-V28) -> 0 | Y28: =X29-X28 -> 0 | AA28: 0 | AB28: =IF(OR((Z28+AA28-Z29)<0,(Z29=0)),"0",(Z28+AA28-Z29)) -> 0 | AE28: =Z28+AA28-Z29 -> 0
A29: 45563 | C29: =IF(OR((B30-B29)<0,B30=0),"0",B30-B29) -> 0 | E29: =IF(OR((D30-D29)<0,D30=0),"0",D30-D29) -> 0 | F29: 1704 | G29: =F30-F29 -> 0 | H29: =C29+E29-G29 -> 0 | I29: =H29-K29-M29-O29-Q29 -> -45563 | J29: =I30-I29 -> -1 | K29: =A29 -> 45563 | L29: 5660 | M29: 0 | N29: 0 | U29: =IF((S29+T29-S30)<0,"0",(S29+T29-S30)) -> 0 | W29: =IF(V30-V29<0,"0",V30-V29) -> 0 | Y29: =X30-X29 -> 0 | AA29: 0 | AB29: =IF(OR((Z29+AA29-Z30)<0,(Z30=0)),"0",(Z29+AA29-Z30)) -> 0 | AE29: =Z29+AA29-Z30 -> 0
A30: 45564 | C30: =IF(OR((B31-B30)<0,B31=0),"0",B31-B30) -> 0 | E30: =IF(OR((D31-D30)<0,D31=0),"0",D31-D30) -> 0 | F30: 1704 | G30: =F31-F30 -> 0 | H30: =C30+E30-G30 -> 0 | I30: =H30-K30-M30-O30-Q30 -> -45564 | J30: =I31-I30 -> -1 | K30: =A30 -> 45564 | L30: 5660 | M30: 0 | N30: 0 | U30: =IF((S30+T30-S31)<0,"0",(S30+T30-S31)) -> 0 | W30: =IF(V31-V30<0,"0",V31-V30) -> 0 | Y30: =X31-X30 -> 0 | AA30: 0 | AB30: =IF(OR((Z30+AA30-Z31)<0,(Z31=0)),"0",(Z30+AA30-Z31)) -> 0 | AE30: =Z30+AA30-Z31 -> 0
A31: 45565 | C31: =IF(OR((B32-B31)<0,B32=0),"0",B32-B31) -> 0 | E31: =IF(OR((D32-D31)<0,D32=0),"0",D32-D31) -> 0 | F31: 1704 | G31: =F32-F31 -> 0 | H31: =C31+E31-G31 -> 0 | I31: =H31-K31-M31-O31-Q31 -> -45565 | J31: =I32-I31 -> -1 | K31: =A31 -> 45565 | L31: 5660 | M31: 0 | N31: 0 | U31: =IF((S31+T31-S32)<0,"0",(S31+T31-S32)) -> 0 | W31: =IF(V32-V31<0,"0",V32-V31) -> 0 | Y31: =X32-X31 -> 0 | AA31: 0 | AB31: =IF(OR((Z31+AA31-Z32)<0,(Z32=0)),"0",(Z31+AA31-Z32)) -> 0 | AE31: =Z31+AA31-Z32 -> 0
A32: 45566 | C32: =IF(OR((B33-B32)<0,B33=0),"0",B33-B32) -> 0 | E32: =IF(OR((D33-D32)<0,D33=0),"0",D33-D32) -> 0 | F32: 1704 | G32: =F33-F32 -> 0 | H32: =C32+E32-G32 -> 0 | I32: =H32-K32-M32-O32-Q32 -> -45566 | J32: =I33-I32 -> 45566 | K32: =A32 -> 45566 | L32: 5660 | M32: 0 | N32: 0 | U32: =IF((S32+T32-S33)<0,"0",(S32+T32-S33)) -> 0 | W32: =IF(V33-V32<0,"0",V33-V32) -> 0 | Y32: =X33-X32 -> 0 | AA32: 0 | AB32: =IF(OR((Z32+AA32-Z33)<0,(Z33=0)),"0",(Z32+AA32-Z33)) -> 0 | AE32: =Z32+AA32-Z33 -> 0
F33: 1704 | K33: =A33 -> 0 | L33: 5660 | M33: 0 | AA33: 0 | AC33: 174 | AD33: 370
C34: =SUM(C2:C33) -> 160772 | E34: =SUM(E2:E33) -> 22960 | G34: =SUM(G2:G33) -> 0 | H34: =SUM(H2:H33) -> 183732 | I34: =SUM(I2:I32) -> -1228377.4 | J34: =SUM(J2:J33) -> 35800.32 | N34: =SUM(N2:N33) -> 0 | T34: =SUM(T2:T33) -> 2204 | U34: =SUM(U2:U33) -> 2204 | W34: =SUM(W2:W33) -> 2231 | Y34: =SUM(Y2:Y33) -> -60489 | AA34: =SUM(AA2:AA33) -> 8195 | AB34: =SUM(AB2:AB33) -> 3960 | AC34: =SUM(AC2:AC33) -> 4054 | AD34: =SUM(AD2:AD33) -> 7755
