Workbook

Sheet Total
A1: Site Name | B1: Day | C1: Month | D1: Year | E1: Total Electricity Kwh | F1: Electricity Tariff ($/Kwh) | G1: LPG (Liters) | H1: LPG $/Liter | I1: Water Utility Supply (m3) m3 | J1: Water Utility Supply (m3) $/m3 | K1: District Energy Heating Kwh | L1: District Energy Heating $/Kwh | M1: Total Fuel Oil (Liter) | N1: Fuel Oil $/Liter | O1: Room Nights | P1: Total Guests
A2: Annabelle | B2: 1 | C2: 8 | D2: 2024 | E2: =IF(October!C2<0,"0",October!C2)+(IF(October!E2<0,"0",October!E2)-(IF(October!G2<0,"0",October!G2))) -> 8200 | F2: =(October!C2*0.27)/(October!C2+October!E2) -> 0.23532805 | G2: =October!U2 -> 60 | H2: 0.62 | I2: =October!W2 -> 123 | J2: 2.42 | K2: =October!AB2*5.04 -> 1184.4 | L2: 0.1151 | M2: =October!M2 -> 0 | N2: 0.88 | O2: =October!AC2 -> 227 | P2: =October!AD2 -> 395
A3: Annabelle | B3: =B2+1 -> 2 | C3: 8 | D3: 2024 | E3: =IF(October!C3<0,"0",October!C3)+(IF(October!E3<0,"0",October!E3)-(IF(October!G3<0,"0",October!G3))) -> 8539 | F3: =(October!C3*0.27)/(October!C3+October!E3) -> 0.23483897 | G3: =October!U3 -> 160 | H3: 0.62 | I3: =October!W3 -> 119 | J3: 2.42 | K3: =October!AB3*5.04 -> 1234.8 | L3: 0.1151 | M3: =October!M3 -> 0 | N3: 0.88 | O3: =October!AC3 -> 234 | P3: =October!AD3 -> 409
A4: Annabelle | B4: =B3+1 -> 3 | C4: 8 | D4: 2024 | E4: =IF(October!C4<0,"0",October!C4)+(IF(October!E4<0,"0",October!E4)-(IF(October!G4<0,"0",October!G4))) -> 7961 | F4: =(October!C4*0.27)/(October!C4+October!E4) -> 0.23248964 | G4: =October!U4 -> 140 | H4: 0.62 | I4: =October!W4 -> 130 | J4: 2.42 | K4: =October!AB4*5.04 -> 1335.6 | L4: 0.1151 | M4: =October!M4 -> 0 | N4: 0.88 | O4: =October!AC4 -> 236 | P4: =October!AD4 -> 417
A5: Annabelle | B5: =B4+1 -> 4 | C5: 8 | D5: 2024 | E5: =IF(October!C5<0,"0",October!C5)+(IF(October!E5<0,"0",October!E5)-(IF(October!G5<0,"0",October!G5))) -> 8366 | F5: =(October!C5*0.27)/(October!C5+October!E5) -> 0.23456371 | G5: =October!U5 -> 190 | H5: 0.62 | I5: =October!W5 -> 120 | J5: 2.42 | K5: =October!AB5*5.04 -> 1436.4 | L5: 0.1151 | M5: =October!M5 -> 0 | N5: 0.88 | O5: =October!AC5 -> 234 | P5: =October!AD5 -> 412
A6: Annabelle | B6: =B5+1 -> 5 | C6: 8 | D6: 2024 | E6: =IF(October!C6<0,"0",October!C6)+(IF(October!E6<0,"0",October!E6)-(IF(October!G6<0,"0",October!G6))) -> 8356 | F6: =(October!C6*0.27)/(October!C6+October!E6) -> 0.23468286 | G6: =October!U6 -> 25 | H6: 0.62 | I6: =October!W6 -> 121 | J6: 2.42 | K6: =October!AB6*5.04 -> 1234.8 | L6: 0.1151 | M6: =October!M6 -> 0 | N6: 0.88 | O6: =October!AC6 -> 238 | P6: =October!AD6 -> 414
A7: Annabelle | B7: =B6+1 -> 6 | C7: 8 | D7: 2024 | E7: =IF(October!C7<0,"0",October!C7)+(IF(October!E7<0,"0",October!E7)-(IF(October!G7<0,"0",October!G7))) -> 8218 | F7: =(October!C7*0.27)/(October!C7+October!E7) -> 0.23451691 | G7: =October!U7 -> 255 | H7: 0.62 | I7: =October!W7 -> 119 | J7: 2.42 | K7: =October!AB7*5.04 -> 1310.4 | L7: 0.1151 | M7: =October!M7 -> 0 | N7: 0.88 | O7: =October!AC7 -> 170 | P7: =October!AD7 -> 317
A8: Annabelle | B8: =B7+1 -> 7 | C8: 8 | D8: 2024 | E8: =IF(October!C8<0,"0",October!C8)+(IF(October!E8<0,"0",October!E8)-(IF(October!G8<0,"0",October!G8))) -> 8299 | F8: =(October!C8*0.27)/(October!C8+October!E8) -> 0.23531871 | G8: =October!U8 -> 0 | H8: 0.62 | I8: =October!W8 -> 114 | J8: 2.42 | K8: =October!AB8*5.04 -> 1159.2 | L8: 0.1151 | M8: =October!M8 -> 0 | N8: 0.88 | O8: =October!AC8 -> 183 | P8: =October!AD8 -> 344
A9: Annabelle | B9: =B8+1 -> 8 | C9: 8 | D9: 2024 | E9: =IF(October!C9<0,"0",October!C9)+(IF(October!E9<0,"0",October!E9)-(IF(October!G9<0,"0",October!G9))) -> 8508 | F9: =(October!C9*0.27)/(October!C9+October!E9) -> 0.26485896 | G9: =October!U9 -> 0 | H9: 0.62 | I9: =October!W9 -> 93 | J9: 2.42 | K9: =October!AB9*5.04 -> 1260 | L9: 0.1151 | M9: =October!M9 -> 0 | N9: 0.88 | O9: =October!AC9 -> 174 | P9: =October!AD9 -> 333
A10: Annabelle | B10: =B9+1 -> 9 | C10: 8 | D10: 2024 | E10: =IF(October!C10<0,"0",October!C10)+(IF(October!E10<0,"0",October!E10)-(IF(October!G10<0,"0",October!G10))) -> 8007 | F10: =(October!C10*0.27)/(October!C10+October!E10) -> 0.25492694 | G10: =October!U10 -> 85 | H10: 0.62 | I10: =October!W10 -> 102 | J10: 2.42 | K10: =October!AB10*5.04 -> -80841.6 | L10: 0.1151 | M10: =October!M10 -> 0 | N10: 0.88 | O10: =October!AC10 -> 215 | P10: =October!AD10 -> 404
A11: Annabelle | B11: =B10+1 -> 10 | C11: 8 | D11: 2024 | E11: =IF(October!C11<0,"0",October!C11)+(IF(October!E11<0,"0",October!E11)-(IF(October!G11<0,"0",October!G11))) -> 8192 | F11: =(October!C11*0.27)/(October!C11+October!E11) -> 0.23595337 | G11: =October!U11 -> 45 | H11: 0.62 | I11: =October!W11 -> 118 | J11: 2.42 | K11: =October!AB11*5.04 -> 2142 | L11: 0.1151 | M11: =October!M11 -> 0 | N11: 0.88 | O11: =October!AC11 -> 216 | P11: =October!AD11 -> 408
A12: Annabelle | B12: =B11+1 -> 11 | C12: 8 | D12: 2024 | E12: =IF(October!C12<0,"0",October!C12)+(IF(October!E12<0,"0",October!E12)-(IF(October!G12<0,"0",October!G12))) -> 8065 | F12: =(October!C12*0.27)/(October!C12+October!E12) -> 0.24274892 | G12: =October!U12 -> 195 | H12: 0.62 | I12: =October!W12 -> 121 | J12: 2.42 | K12: =October!AB12*5.04 -> 1512 | L12: 0.1151 | M12: =October!M12 -> 0 | N12: 0.88 | O12: =October!AC12 -> 219 | P12: =October!AD12 -> 429
A13: Annabelle | B13: =B12+1 -> 12 | C13: 8 | D13: 2024 | E13: =IF(October!C13<0,"0",October!C13)+(IF(October!E13<0,"0",October!E13)-(IF(October!G13<0,"0",October!G13))) -> 8133 | F13: =(October!C13*0.27)/(October!C13+October!E13) -> 0.2370675 | G13: =October!U13 -> 135 | H13: 0.62 | I13: =October!W13 -> 126 | J13: 2.42 | K13: =October!AB13*5.04 -> 806.4 | L13: 0.1151 | M13: =October!M13 -> 0 | N13: 0.88 | O13: =October!AC13 -> 230 | P13: =October!AD13 -> 458
A14: Annabelle | B14: =B13+1 -> 13 | C14: 8 | D14: 2024 | E14: =IF(October!C14<0,"0",October!C14)+(IF(October!E14<0,"0",October!E14)-(IF(October!G14<0,"0",October!G14))) -> 8233 | F14: =(October!C14*0.27)/(October!C14+October!E14) -> 0.23950079 | G14: =October!U14 -> 20 | H14: 0.62 | I14: =October!W14 -> 116 | J14: 2.42 | K14: =October!AB14*5.04 -> 1335.6 | L14: 0.1151 | M14: =October!M14 -> 0 | N14: 0.88 | O14: =October!AC14 -> 210 | P14: =October!AD14 -> 418
... A31: Annabelle | B31: =B30+1 -> 30 | C31: 8 | D31: 2024 | E31: =IF(October!C31<0,"0",October!C31)+(IF(October!E31<0,"0",October!E31)-(IF(October!G31<0,"0",October!G31))) -> 0 | F31: =(October!C31*0.27)/(October!C31+October!E31) -> #DIV/0! | G31: =October!U31 -> 0 | H31: 0.62 | I31: =October!W31 -> 0 | J31: 2.42 | K31: =October!AB31*5.04 -> 0 | L31: 0.1151 | M31: =October!M31 -> 0 | N31: 0.88 | O31: =October!AC31 -> 0 | P31: =October!AD31 -> 0
A32: Annabelle | B32: =B31+1 -> 31 | C32: 8 | D32: 2024 | E32: =IF(October!C32<0,"0",October!C32)+(IF(October!E32<0,"0",October!E32)-(IF(October!G32<0,"0",October!G32))) -> 0 | F32: =(October!C32*0.27)/(October!C32+October!E32) -> #DIV/0! | G32: =October!U32 -> 0 | H32: 0.62 | I32: =October!W32 -> 0 | J32: 2.42 | K32: =October!AB32*5.04 -> 0 | M32: =October!M32 -> 0 | N32: 0.88 | O32: =October!AC32 -> 0 | P32: =October!AD32 -> 0

Sheet October
A1: Date | B1: Purchased Electricity (Kwh) Reading | C1: BOUGHT | D1: Total Renewable Energy Production (Kwh) Reading | E1: PRODUCED | F1: Total Renewable Energy Exported (KWh) Reading | G1: SOLD | H1: HOTEL Electricity (KWh) Consumed incl. --> | I1: HOTEL Electricity (KWh) Consumed excl. --> | J1: Consumed | K1: Date | L1: Fuel Oil Hot-Water Boilers (Liter) Reading | M1: Fuel Oil (Liter) Received | N1: Consumed | O1: LPG % TANK 1 | P1: LPG % TANK 2 | Q1: LPG % TANK 3 | R1: LPG % TANK 4 | S1: LPG (Liter) Reading | T1: LPG (Liter) Received | U1: Consumed | V1: Water Utility Supply (m3) Reading | W1: Consumed | X1: Irrigation Water Supply (m3) Reading | Y1: Consumed | Z1: Pellets (Kg) Reading | AA1: Pellets (Kg) Received | AB1: Consumed | AC1: Room Nights | AD1: Guest Nights
A2: 45566 | B2: 12940740 | C2: =B3-B2 -> 7147 | D2: 556855 | E2: =D3-D2 -> 1053 | F2: 1704 | G2: =F3-F2 -> 0 | H2: =C2+E2-G2 -> 8200 | I2: =H2-K2-M2-O2-Q2 -> -37367.65 | J2: =I3-I2 -> 338.04 | K2: =A2 -> 45566 | L2: 5660 | M2: 0 | N2: 0 | O2: 0.8 | P2: 0.78 | Q2: 0.85 | R2: 0.78 | S2: =(2500*O2)+(2500*P2)+(500*Q2)+(500*R2) -> 4765 | U2: =IF(OR((S2+T2-S3)<0,S2>S1),"0",(S2+T2-S3)) -> 60 | V2: 117425 | W2: =IF(V3-V2<0,"0",V3-V2) -> 123 | X2: 60866 | Y2: =X3-X2 -> 4 | Z2: 2835 | AA2: 0 | AB2: =IF((Z2-Z3-AA2)=Z2,"0",(Z2-Z3-AA2)) -> 235 | AC2: 227 | AD2: 395
A3: 45567 | B3: 12947887 | C3: =B4-B3 -> 7427 | D3: 557908 | E3: =D4-D3 -> 1112 | F3: 1704 | G3: =F4-F3 -> 0 | H3: =C3+E3-G3 -> 8539 | I3: =H3-K3-M3-O3-Q3 -> -37029.61 | J3: =I4-I3 -> -578.91 | K3: =A3 -> 45567 | L3: 5660 | M3: 0 | N3: 0 | O3: 0.8 | P3: 0.77 | Q3: 0.81 | R3: 0.75 | S3: =(2500*O3)+(2500*P3)+(500*Q3)+(500*R3) -> 4705 | U3: =IF(OR((S3+T3-S4)<0,S3>S2),"0",(S3+T3-S4)) -> 160 | V3: 117548 | W3: =IF(V4-V3<0,"0",V4-V3) -> 119 | X3: 60870 | Y3: =X4-X3 -> 9 | Z3: 2600 | AA3: 0 | AB3: =IF((Z3-Z4-AA3)=Z3,"0",(Z3-Z4-AA3)) -> 245 | AC3: 234 | AD3: 409
A4: 45568 | B4: 12955314 | C4: =B5-B4 -> 6855 | D4: 559020 | E4: =D5-D4 -> 1106 | F4: 1704 | G4: =F5-F4 -> 0 | H4: =C4+E4-G4 -> 7961 | I4: =H4-K4-M4-O4-Q4 -> -37608.52 | J4: =I5-I4 -> 404.08 | K4: =A4 -> 45568 | L4: 5660 | M4: 0 | N4: 0 | O4: 0.76 | P4: 0.77 | Q4: 0.76 | R4: 0.68 | S4: =(2500*O4)+(2500*P4)+(500*Q4)+(500*R4) -> 4545 | U4: =IF(OR((S4+T4-S5)<0,S4>S3),"0",(S4+T4-S5)) -> 140 | V4: 117667 | W4: =IF(V5-V4<0,"0",V5-V4) -> 130 | X4: 60879 | Y4: =X5-X4 -> 11 | Z4: 2355 | AA4: 0 | AB4: =IF((Z4-Z5-AA4)=Z4,"0",(Z4-Z5-AA4)) -> 265 | AC4: 236 | AD4: 417
A5: 45569 | B5: 12962169 | C5: =B6-B5 -> 7268 | D5: 560126 | E5: =D6-D5 -> 1098 | F5: 1704 | G5: =F6-F5 -> 0 | H5: =C5+E5-G5 -> 8366 | I5: =H5-K5-M5-O5-Q5 -> -37204.44 | J5: =I6-I5 -> -10.94 | K5: =A5 -> 45569 | L5: 5660 | M5: 0 | N5: 0 | O5: 0.74 | P5: 0.75 | Q5: 0.7 | R5: 0.66 | S5: =(2500*O5)+(2500*P5)+(500*Q5)+(500*R5) -> 4405 | U5: =IF(OR((S5+T5-S6)<0,S5>S4),"0",(S5+T5-S6)) -> 190 | V5: 117797 | W5: =IF(V6-V5<0,"0",V6-V5) -> 120 | X5: 60890 | Y5: =X6-X5 -> 10 | Z5: 2090 | AA5: 0 | AB5: =IF((Z5-Z6-AA5)=Z5,"0",(Z5-Z6-AA5)) -> 285 | AC5: 234 | AD5: 412
A6: 45570 | B6: 12969437 | C6: =B7-B6 -> 7263 | D6: 561224 | E6: =D7-D6 -> 1093 | F6: 1704 | G6: =F7-F6 -> 0 | H6: =C6+E6-G6 -> 8356 | I6: =H6-K6-M6-O6-Q6 -> -37215.38 | J6: =I7-I6 -> -138.97 | K6: =A6 -> 45570 | L6: 5660 | M6: 0 | N6: 0 | O6: 0.7 | P6: 0.72 | Q6: 0.68 | R6: 0.65 | S6: =(2500*O6)+(2500*P6)+(500*Q6)+(500*R6) -> 4215 | U6: =IF(OR((S6+T6-S7)<0,S6>S5),"0",(S6+T6-S7)) -> 25 | V6: 117917 | W6: =IF(V7-V6<0,"0",V7-V6) -> 121 | X6: 60900 | Y6: =X7-X6 -> 13 | Z6: 1805 | AA6: 0 | AB6: =IF((Z6-Z7-AA6)=Z6,"0",(Z6-Z7-AA6)) -> 245 | AC6: 238 | AD6: 414
A7: 45571 | B7: 12976700 | C7: =B8-B7 -> 7138 | D7: 562317 | E7: =D8-D7 -> 1080 | F7: 1704 | G7: =F8-F7 -> 0 | H7: =C7+E7-G7 -> 8218 | I7: =H7-K7-M7-O7-Q7 -> -37354.35 | J7: =I8-I7 -> 80.15 | K7: =A7 -> 45571 | L7: 5660 | M7: 0 | N7: 0 | O7: 0.7 | P7: 0.72 | Q7: 0.65 | R7: 0.63 | S7: =(2500*O7)+(2500*P7)+(500*Q7)+(500*R7) -> 4190 | U7: =IF(OR((S7+T7-S8)<0,S7>S6),"0",(S7+T7-S8)) -> 255 | V7: 118038 | W7: =IF(V8-V7<0,"0",V8-V7) -> 119 | X7: 60913 | Y7: =X8-X7 -> 6 | Z7: 1560 | AA7: 0 | AB7: =IF((Z7-Z8-AA7)=Z7,"0",(Z7-Z8-AA7)) -> 260 | AC7: 170 | AD7: 317
A8: 45572 | B8: 12983838 | C8: =B9-B8 -> 7233 | D8: 563397 | E8: =D9-D8 -> 1066 | F8: 1704 | G8: =F9-F8 -> 0 | H8: =C8+E8-G8 -> 8299 | I8: =H8-K8-M8-O8-Q8 -> -37274.2 | J8: =I9-I8 -> 207.55 | K8: =A8 -> 45572 | L8: 5660 | M8: 0 | N8: 0 | O8: 0.65 | P8: 0.7 | Q8: 0.55 | R8: 0.57 | S8: =(2500*O8)+(2500*P8)+(500*Q8)+(500*R8) -> 3935 | T8: 796 | U8: =IF(OR((S8+T8-S9)<0,S8>S7),"0",(S8+T8-S9)) -> 0 | V8: 118157 | W8: =IF(V9-V8<0,"0",V9-V8) -> 114 | X8: 60919 | Y8: =X9-X8 -> 15 | Z8: 1300 | AA8: 0 | AB8: =IF((Z8-Z9-AA8)=Z8,"0",(Z8-Z9-AA8)) -> 230 | AC8: 183 | AD8: 344
A9: 45573 | B9: 12991071 | C9: =B10-B9 -> 8346 | D9: 564463 | E9: =D10-D9 -> 162 | F9: 1704 | G9: =F10-F9 -> 0 | H9: =C9+E9-G9 -> 8508 | I9: =H9-K9-M9-O9-Q9 -> -37066.65 | J9: =I10-I9 -> -501.93 | K9: =A9 -> 45573 | L9: 5660 | M9: 0 | N9: 0 | O9: 0.8 | P9: 0.78 | Q9: 0.85 | R9: 0.77 | S9: =(2500*O9)+(2500*P9)+(500*Q9)+(500*R9) -> 4760 | U9: =IF(OR((S9+T9-S10)<0,S9>S8),"0",(S9+T9-S10)) -> 0 | V9: 118271 | W9: =IF(V10-V9<0,"0",V10-V9) -> 93 | X9: 60934 | Y9: =X10-X9 -> 14 | Z9: 1070 | AA9: 0 | AB9: =IF((Z9-Z10-AA9)=Z9,"0",(Z9-Z10-AA9)) -> 250 | AC9: 174 | AD9: 333
A10: 45574 | B10: 12999417 | C10: =B11-B10 -> 7560 | D10: 564625 | E10: =D11-D10 -> 447 | F10: 1704 | G10: =F11-F10 -> 0 | H10: =C10+E10-G10 -> 8007 | I10: =H10-K10-M10-O10-Q10 -> -37568.58 | J10: =I11-I10 -> 184.03 | K10: =A10 -> 45574 | L10: 5660 | M10: 0 | N10: 0 | O10: 0.78 | P10: 0.77 | Q10: 0.8 | R10: 0.73 | S10: =(2500*O10)+(2500*P10)+(500*Q10)+(500*R10) -> 4640 | U10: =IF(OR((S10+T10-S11)<0,S10>S9),"0",(S10+T10-S11)) -> 85 | V10: 118364 | W10: =IF(V11-V10<0,"0",V11-V10) -> 102 | X10: 60948 | Y10: =X11-X10 -> 11 | Z10: 820 | AA10: 8100 | AB10: =IF((Z10-Z11-AA10)=Z10,"0",(Z10-Z11-AA10)) -> -16040 | AC10: 215 | AD10: 404
A11: 45575 | B11: 13006977 | C11: =B12-B11 -> 7159 | D11: 565072 | E11: =D12-D11 -> 1033 | F11: 1704 | G11: =F12-F11 -> 0 | H11: =C11+E11-G11 -> 8192 | I11: =H11-K11-M11-O11-Q11 -> -37384.55 | J11: =I12-I11 -> -128 | K11: =A11 -> 45575 | L11: 5660 | M11: 0 | N11: 0 | O11: 0.76 | P11: 0.76 | Q11: 0.79 | R11: 0.72 | S11: =(2500*O11)+(2500*P11)+(500*Q11)+(500*R11) -> 4555 | U11: =IF(OR((S11+T11-S12)<0,S11>S10),"0",(S11+T11-S12)) -> 45 | V11: 118466 | W11: =IF(V12-V11<0,"0",V12-V11) -> 118 | X11: 60959 | Y11: =X12-X11 -> 7 | Z11: 8760 | AA11: 0 | AB11: =IF((Z11-Z12-AA11)=Z11,"0",(Z11-Z12-AA11)) -> 425 | AC11: 216 | AD11: 408
A12: 45576 | B12: 13014136 | C12: =B13-B12 -> 7251 | D12: 566105 | E12: =D13-D12 -> 814 | F12: 1704 | G12: =F13-F12 -> 0 | H12: =C12+E12-G12 -> 8065 | I12: =H12-K12-M12-O12-Q12 -> -37512.55 | J12: =I13-I12 -> 67.13 | K12: =A12 -> 45576 | L12: 5660 | M12: 0 | N12: 0 | O12: 0.76 | P12: 0.75 | Q12: 0.79 | R12: 0.68 | S12: =(2500*O12)+(2500*P12)+(500*Q12)+(500*R12) -> 4510 | U12: =IF(OR((S12+T12-S13)<0,S12>S11),"0",(S12+T12-S13)) -> 195 | V12: 118584 | W12: =IF(V13-V12<0,"0",V13-V12) -> 121 | X12: 60966 | Y12: =X13-X12 -> 4 | Z12: 8335 | AA12: 0 | AB12: =IF((Z12-Z13-AA12)=Z12,"0",(Z12-Z13-AA12)) -> 300 | AC12: 219 | AD12: 429
A13: 45577 | B13: 13021387 | C13: =B14-B13 -> 7141 | D13: 566919 | E13: =D14-D13 -> 992 | F13: 1704 | G13: =F14-F13 -> 0 | H13: =C13+E13-G13 -> 8133 | I13: =H13-K13-M13-O13-Q13 -> -37445.42 | J13: =I14-I13 -> 99.06 | K13: =A13 -> 45577 | L13: 5660 | M13: 0 | N13: 0 | O13: 0.74 | P13: 0.72 | Q13: 0.68 | R13: 0.65 | S13: =(2500*O13)+(2500*P13)+(500*Q13)+(500*R13) -> 4315 | U13: =IF(OR((S13+T13-S14)<0,S13>S12),"0",(S13+T13-S14)) -> 135 | V13: 118705 | W13: =IF(V14-V13<0,"0",V14-V13) -> 126 | X13: 60970 | Y13: =X14-X13 -> 14 | Z13: 8035 | AA13: 0 | AB13: =IF((Z13-Z14-AA13)=Z13,"0",(Z13-Z14-AA13)) -> 160 | AC13: 230 | AD13: 458
A14: 45578 | B14: 13028528 | C14: =B15-B14 -> 7303 | D14: 567911 | E14: =D15-D14 -> 930 | F14: 1704 | G14: =F15-F14 -> 0 | H14: =C14+E14-G14 -> 8233 | I14: =H14-K14-M14-O14-Q14 -> -37346.36 | J14: =I15-I14 -> 100.03 | K14: =A14 -> 45578 | L14: 5660 | M14: 0 | N14: 0 | O14: 0.72 | P14: 0.7 | Q14: 0.64 | R14: 0.62 | S14: =(2500*O14)+(2500*P14)+(500*Q14)+(500*R14) -> 4180 | U14: =IF(OR((S14+T14-S15)<0,S14>S13),"0",(S14+T14-S15)) -> 20 | V14: 118831 | W14: =IF(V15-V14<0,"0",V15-V14) -> 116 | X14: 60984 | Y14: =X15-X14 -> 7 | Z14: 7875 | AA14: 0 | AB14: =IF((Z14-Z15-AA14)=Z14,"0",(Z14-Z15-AA14)) -> 265 | AC14: 210 | AD14: 418
A15: 45579 | B15: 13035831 | C15: =B16-B15 -> 7350 | D15: 568841 | E15: =D16-D15 -> 984 | F15: 1704 | G15: =F16-F15 -> 0 | H15: =C15+E15-G15 -> 8334 | I15: =H15-K15-M15-O15-Q15 -> -37246.33 | J15: =I16-I15 -> -276.32 | K15: =A15 -> 45579 | L15: 5660 | M15: 0 | N15: 0 | O15: 0.7 | P15: 0.72 | Q15: 0.63 | R15: 0.59 | S15: =(2500*O15)+(2500*P15)+(500*Q15)+(500*R15) -> 4160 | T15: 728 | U15: =IF(OR((S15+T15-S16)<0,S15>S14),"0",(S15+T15-S16)) -> 108 | V15: 118947 | W15: =IF(V16-V15<0,"0",V16-V15) -> 109 | X15: 60991 | Y15: =X16-X15 -> 8 | Z15: 7610 | AA15: 0 | AB15: =IF((Z15-Z16-AA15)=Z15,"0",(Z15-Z16-AA15)) -> 430 | AC15: 212 | AD15: 415
A16: 45580 | B16: 13043181 | C16: =B17-B16 -> 7164 | D16: 569825 | E16: =D17-D16 -> 895 | F16: 1704 | G16: =F17-F16 -> 0 | H16: =C16+E16-G16 -> 8059 | I16: =H16-K16-M16-O16-Q16 -> -37522.65 | J16: =I17-I16 -> 169.02 | K16: =A16 -> 45580 | L16: 5660 | M16: 0 | N16: 0 | O16: 0.8 | P16: 0.78 | Q16: 0.85 | R16: 0.81 | S16: =(2500*O16)+(2500*P16)+(500*Q16)+(500*R16) -> 4780 | U16: =IF(OR((S16+T16-S17)<0,S16>S15),"0",(S16+T16-S17)) -> 0 | V16: 119056 | W16: =IF(V17-V16<0,"0",V17-V16) -> 130 | X16: 60999 | Y16: =X17-X16 -> 7 | Z16: 7180 | AA16: 0 | AB16: =IF((Z16-Z17-AA16)=Z16,"0",(Z16-Z17-AA16)) -> 430 | AC16: 218 | AD16: 430
A17: 45581 | B17: 13050345 | C17: =B18-B17 -> 7447 | D17: 570720 | E17: =D18-D17 -> 782 | F17: 1704 | G17: =F18-F17 -> 0 | H17: =C17+E17-G17 -> 8229 | I17: =H17-K17-M17-O17-Q17 -> -37353.63 | J17: =I18-I17 -> -62.94 | K17: =A17 -> 45581 | L17: 5660 | M17: 0 | N17: 0 | O17: 0.8 | P17: 0.77 | Q17: 0.83 | R17: 0.77 | S17: =(2500*O17)+(2500*P17)+(500*Q17)+(500*R17) -> 4725 | U17: =IF(OR((S17+T17-S18)<0,S17>S16),"0",(S17+T17-S18)) -> 140 | V17: 119186 | W17: =IF(V18-V17<0,"0",V18-V17) -> 98 | X17: 61006 | Y17: =X18-X17 -> 2 | Z17: 6750 | AA17: 0 | AB17: =IF((Z17-Z18-AA17)=Z17,"0",(Z17-Z18-AA17)) -> 340 | AC17: 198 | AD17: 393
A18: 45582 | B18: 13057792 | C18: =B19-B18 -> 7273 | D18: 571502 | E18: =D19-D18 -> 894 | F18: 1704 | G18: =F19-F18 -> 0 | H18: =C18+E18-G18 -> 8167 | I18: =H18-K18-M18-O18-Q18 -> -37416.57 | J18: =I19-I18 -> -741.9 | K18: =A18 -> 45582 | L18: 5660 | M18: 0 | N18: 0 | O18: 0.78 | P18: 0.75 | Q18: 0.79 | R18: 0.73 | S18: =(2500*O18)+(2500*P18)+(500*Q18)+(500*R18) -> 4585 | U18: =IF(OR((S18+T18-S19)<0,S18>S17),"0",(S18+T18-S19)) -> 185 | V18: 119284 | W18: =IF(V19-V18<0,"0",V19-V18) -> 79 | X18: 61008 | Y18: =X19-X18 -> 9 | Z18: 6410 | AA18: 0 | AB18: =IF((Z18-Z19-AA18)=Z18,"0",(Z18-Z19-AA18)) -> 280 | AC18: 210 | AD18: 419
A19: 45583 | B19: 13065065 | C19: =B20-B19 -> 6491 | D19: 572396 | E19: =D20-D19 -> 935 | F19: 1704 | G19: =F20-F19 -> 0 | H19: =C19+E19-G19 -> 7426 | I19: =H19-K19-M19-O19-Q19 -> -38158.47 | J19: =I20-I19 -> -238.9 | K19: =A19 -> 45583 | L19: 5660 | M19: 0 | N19: 0 | O19: 0.74 | P19: 0.74 | Q19: 0.73 | R19: 0.67 | S19: =(2500*O19)+(2500*P19)+(500*Q19)+(500*R19) -> 4400 | U19: =IF(OR((S19+T19-S20)<0,S19>S18),"0",(S19+T19-S20)) -> 150 | V19: 119363 | W19: =IF(V20-V19<0,"0",V20-V19) -> 94 | X19: 61017 | Y19: =X20-X19 -> 20 | Z19: 6130 | AA19: 0 | AB19: =IF((Z19-Z20-AA19)=Z19,"0",(Z19-Z20-AA19)) -> 450 | AC19: 216 | AD19: 425
A20: 45584 | B20: 13071556 | C20: =B21-B20 -> 6249 | D20: 573331 | E20: =D21-D20 -> 939 | F20: 1704 | G20: =F21-F20 -> 0 | H20: =C20+E20-G20 -> 7188 | I20: =H20-K20-M20-O20-Q20 -> -38397.37 | J20: =I21-I20 -> -189.93 | K20: =A20 -> 45584 | L20: 5661 | M20: 0 | N20: 0 | O20: 0.72 | P20: 0.72 | Q20: 0.65 | R20: 0.65 | S20: =(2500*O20)+(2500*P20)+(500*Q20)+(500*R20) -> 4250 | U20: =IF(OR((S20+T20-S21)<0,S20>S19),"0",(S20+T20-S21)) -> 120 | V20: 119457 | W20: =IF(V21-V20<0,"0",V21-V20) -> 94 | X20: 61037 | Y20: =X21-X20 -> 6 | Z20: 5680 | AA20: 0 | AB20: =IF((Z20-Z21-AA20)=Z20,"0",(Z20-Z21-AA20)) -> 400 | AC20: 238 | AD20: 473
A21: 45585 | B21: 13077805 | C21: =B22-B21 -> 6052 | D21: 574270 | E21: =D22-D21 -> 947 | F21: 1704 | G21: =F22-F21 -> 0 | H21: =C21+E21-G21 -> 6999 | I21: =H21-K21-M21-O21-Q21 -> -38587.3 | J21: =I22-I21 -> -13666074 | K21: =A21 -> 45585 | L21: 5660 | M21: 0 | N21: 0 | O21: 0.7 | P21: 0.71 | Q21: 0.6 | R21: 0.61 | S21: =(2500*O21)+(2500*P21)+(500*Q21)+(500*R21) -> 4130 | U21: =IF(OR((S21+T21-S22)<0,S21>S20),"0",(S21+T21-S22)) -> 100 | V21: 119551 | W21: =IF(V22-V21<0,"0",V22-V21) -> 86 | X21: 61043 | Y21: =X22-X21 -> 5 | Z21: 5280 | AA21: 0 | AB21: =IF((Z21-Z22-AA21)=Z21,"0",(Z21-Z22-AA21)) -> 470 | AC21: 236 | AD21: 486
A22: 45586 | B22: 13083857 | C22: =B23-B22 -> -13083857 | D22: 575217 | E22: =D23-D22 -> -575217 | F22: 1704 | G22: =F23-F22 -> 0 | H22: =C22+E22-G22 -> -13659074 | I22: =H22-K22-M22-O22-Q22 -> -13704661 | J22: =I23-I22 -> 13659074 | K22: =A22 -> 45586 | L22: 5660 | M22: 0 | N22: 0 | O22: 0.7 | P22: 0.7 | Q22: 0.52 | R22: 0.54 | S22: =(2500*O22)+(2500*P22)+(500*Q22)+(500*R22) -> 4030 | T22: 301.55 | U22: =IF((S22+T22-S23)<0,"0",(S22+T22-S23)) -> 4331.55 | V22: 119637 | W22: =IF(V23-V22<0,"0",V23-V22) -> 0 | X22: 61048 | Y22: =X23-X22 -> -61048 | Z22: 4810 | AA22: 0 | AB22: =IF((Z22-Z23-AA22)=Z22,"0",(Z22-Z23-AA22)) -> 0
A23: 45587 | C23: =B24-B23 -> 0 | E23: =D24-D23 -> 0 | F23: 1704 | G23: =F24-F23 -> 0 | H23: =C23+E23-G23 -> 0 | I23: =H23-K23-M23-O23-Q23 -> -45587 | J23: =I24-I23 -> -1 | K23: =A23 -> 45587 | L23: 5660 | M23: 0 | N23: 0 | S23: =(2500*O23)+(2500*P23)+(500*Q23)+(500*R23) -> 0 | U23: =IF((S23+T23-S24)<0,"0",(S23+T23-S24)) -> 0 | W23: =IF(V24-V23<0,"0",V24-V23) -> 0 | Y23: =X24-X23 -> 0 | AA23: 0 | AB23: =IF((Z23-Z24-AA23)=Z23,"0",(Z23-Z24-AA23)) -> 0
A24: 45588 | C24: =B25-B24 -> 0 | E24: =D25-D24 -> 0 | F24: 1704 | G24: =F25-F24 -> 0 | H24: =C24+E24-G24 -> 0 | I24: =H24-K24-M24-O24-Q24 -> -45588 | J24: =I25-I24 -> -1 | K24: =A24 -> 45588 | L24: 5660 | M24: 0 | N24: 0 | S24: =(2500*O24)+(2500*P24)+(500*Q24)+(500*R24) -> 0 | U24: =IF((S24+T24-S25)<0,"0",(S24+T24-S25)) -> 0 | W24: =IF(V25-V24<0,"0",V25-V24) -> 0 | Y24: =X25-X24 -> 0 | AA24: 0 | AB24: =IF((Z24-Z25-AA24)=Z24,"0",(Z24-Z25-AA24)) -> 0
A25: 45589 | C25: =B26-B25 -> 0 | E25: =D26-D25 -> 0 | F25: 1704 | G25: =F26-F25 -> 0 | H25: =C25+E25-G25 -> 0 | I25: =H25-K25-M25-O25-Q25 -> -45589 | J25: =I26-I25 -> -1 | K25: =A25 -> 45589 | L25: 5660 | M25: 0 | N25: 0 | S25: =(2500*O25)+(2500*P25)+(500*Q25)+(500*R25) -> 0 | U25: =IF((S25+T25-S26)<0,"0",(S25+T25-S26)) -> 0 | W25: =IF(V26-V25<0,"0",V26-V25) -> 0 | Y25: =X26-X25 -> 0 | AA25: 0 | AB25: =IF((Z25-Z26-AA25)=Z25,"0",(Z25-Z26-AA25)) -> 0
A26: 45590 | C26: =B27-B26 -> 0 | E26: =D27-D26 -> 0 | F26: 1704 | G26: =F27-F26 -> 0 | H26: =C26+E26-G26 -> 0 | I26: =H26-K26-M26-O26-Q26 -> -45590 | J26: =I27-I26 -> -1 | K26: =A26 -> 45590 | L26: 5660 | M26: 0 | N26: 0 | S26: =(2500*O26)+(2500*P26)+(500*Q26)+(500*R26) -> 0 | U26: =IF((S26+T26-S27)<0,"0",(S26+T26-S27)) -> 0 | W26: =IF(V27-V26<0,"0",V27-V26) -> 0 | Y26: =X27-X26 -> 0 | AA26: 0 | AB26: =IF((Z26-Z27-AA26)=Z26,"0",(Z26-Z27-AA26)) -> 0
A27: 45591 | C27: =B28-B27 -> 0 | E27: =D28-D27 -> 0 | F27: 1704 | G27: =F28-F27 -> 0 | H27: =C27+E27-G27 -> 0 | I27: =H27-K27-M27-O27-Q27 -> -45591 | J27: =I28-I27 -> -1 | K27: =A27 -> 45591 | L27: 5660 | M27: 0 | N27: 0 | S27: =(2500*O27)+(2500*P27)+(500*Q27)+(500*R27) -> 0 | U27: =IF((S27+T27-S28)<0,"0",(S27+T27-S28)) -> 0 | W27: =IF(V28-V27<0,"0",V28-V27) -> 0 | Y27: =X28-X27 -> 0 | AA27: 0 | AB27: =IF((Z27-Z28-AA27)=Z27,"0",(Z27-Z28-AA27)) -> 0
A28: 45592 | C28: =B29-B28 -> 0 | E28: =D29-D28 -> 0 | F28: 1704 | G28: =F29-F28 -> 0 | H28: =C28+E28-G28 -> 0 | I28: =H28-K28-M28-O28-Q28 -> -45592 | J28: =I29-I28 -> -1 | K28: =A28 -> 45592 | L28: 5660 | M28: 0 | N28: 0 | S28: =(2500*O28)+(2500*P28)+(500*Q28)+(500*R28) -> 0 | U28: =IF((S28+T28-S29)<0,"0",(S28+T28-S29)) -> 0 | W28: =IF(V29-V28<0,"0",V29-V28) -> 0 | Y28: =X29-X28 -> 0 | AA28: 0 | AB28: =IF((Z28-Z29-AA28)=Z28,"0",(Z28-Z29-AA28)) -> 0
A29: 45593 | C29: =B30-B29 -> 0 | E29: =D30-D29 -> 0 | F29: 1704 | G29: =F30-F29 -> 0 | H29: =C29+E29-G29 -> 0 | I29: =H29-K29-M29-O29-Q29 -> -45593 | J29: =I30-I29 -> -1 | K29: =A29 -> 45593 | L29: 5660 | M29: 0 | N29: 0 | S29: =(2500*O29)+(2500*P29)+(500*Q29)+(500*R29) -> 0 | U29: =IF((S29+T29-S30)<0,"0",(S29+T29-S30)) -> 0 | W29: =IF(V30-V29<0,"0",V30-V29) -> 0 | Y29: =X30-X29 -> 0 | AA29: 0 | AB29: =IF((Z29-Z30-AA29)=Z29,"0",(Z29-Z30-AA29)) -> 0
A30: 45594 | C30: =B31-B30 -> 0 | E30: =D31-D30 -> 0 | F30: 1704 | G30: =F31-F30 -> 0 | H30: =C30+E30-G30 -> 0 | I30: =H30-K30-M30-O30-Q30 -> -45594 | J30: =I31-I30 -> -1 | K30: =A30 -> 45594 | L30: 5660 | M30: 0 | N30: 0 | S30: =(2500*O30)+(2500*P30)+(500*Q30)+(500*R30) -> 0 | U30: =IF((S30+T30-S31)<0,"0",(S30+T30-S31)) -> 0 | W30: =IF(V31-V30<0,"0",V31-V30) -> 0 | Y30: =X31-X30 -> 0 | AA30: 0 | AB30: =IF((Z30-Z31-AA30)=Z30,"0",(Z30-Z31-AA30)) -> 0
A31: 45595 | C31: =B32-B31 -> 0 | E31: =D32-D31 -> 0 | F31: 1704 | G31: =F32-F31 -> 0 | H31: =C31+E31-G31 -> 0 | I31: =H31-K31-M31-O31-Q31 -> -45595 | J31: =I32-I31 -> -1 | K31: =A31 -> 45595 | L31: 5660 | M31: 0 | N31: 0 | S31: =(2500*O31)+(2500*P31)+(500*Q31)+(500*R31) -> 0 | U31: =IF((S31+T31-S32)<0,"0",(S31+T31-S32)) -> 0 | W31: =IF(V32-V31<0,"0",V32-V31) -> 0 | Y31: =X32-X31 -> 0 | AA31: 0 | AB31: =IF((Z31-Z32-AA31)=Z31,"0",(Z31-Z32-AA31)) -> 0
A32: 45596 | C32: =B33-B32 -> 0 | E32: =D33-D32 -> 0 | F32: 1704 | G32: =F33-F32 -> 0 | H32: =C32+E32-G32 -> 0 | I32: =H32-K32-M32-O32-Q32 -> -45596 | J32: =I33-I32 -> 45596 | K32: =A32 -> 45596 | L32: 5660 | M32: 0 | N32: 0 | S32: =(2500*O32)+(2500*P32)+(500*Q32)+(500*R32) -> 0 | U32: =IF((S32+T32-S33)<0,"0",(S32+T32-S33)) -> 0 | W32: =IF(V33-V32<0,"0",V33-V32) -> 0 | Y32: =X33-X32 -> 0 | AA32: 0 | AB32: =IF((Z32-Z33-AA32)=Z32,"0",(Z32-Z33-AA32)) -> 0
A33: 45597 | F33: 1704 | K33: =A33 -> 45597 | L33: 5660 | M33: 0 | S33: =(2500*O33)+(2500*P33)+(500*Q33)+(500*R33) -> 0 | AA33: 0 | AC33: 174 | AD33: 370
C34: =SUM(C2:C33) -> -12940740 | E34: =SUM(E2:E33) -> -556855 | G34: =SUM(G2:G33) -> 0 | H34: =SUM(H2:H33) -> -13497595 | I34: =SUM(I2:I32) -> -14910637 | J34: =SUM(J2:J33) -> 37367.65 | N34: =SUM(N2:N33) -> 0 | T34: =SUM(T2:T33) -> 1825.55 | U34: =SUM(U2:U33) -> 6444.55 | W34: =SUM(W2:W33) -> 2212 | Y34: =SUM(Y2:Y33) -> -60866 | AA34: =SUM(AA2:AA33) -> 8100 | AB34: =SUM(AB2:AB33) -> -10075 | AC34: =SUM(AC2:AC33) -> 4488 | AD34: =SUM(AD2:AD33) -> 8569
