Workbook

Sheet Total
A1: Site Name | B1: Day | C1: Month | D1: Year | E1: Total Electricity Kwh | F1: Electricity Tariff ($/Kwh) | G1: LPG (Liters) | H1: LPG $/Liter | I1: Water Utility Supply (m3) m3 | J1: Water Utility Supply (m3) $/m3 | K1: District Energy Heating Kwh | L1: District Energy Heating $/Kwh | M1: Total Fuel Oil (Liter) | N1: Fuel Oil $/Liter | O1: Room Nights | P1: Total Guests
A2: Annabelle | B2: 1 | C2: 11 | D2: 2024 | E2: =IF(November!C2<0,"0",November!C2)+(IF(November!E2<0,"0",November!E2)-(IF(November!G2<0,"0",November!G2))) -> 6445 | F2: =(November!C2*0.27)/(November!C2+November!E2) -> 0.23958573 | G2: =November!U2 -> 80 | H2: 0.62 | I2: =November!W2 -> 63 | J2: 2.42 | K2: =November!AB2*5.04 -> 3729.6 | L2: 0.1151 | M2: =November!M2 -> 0 | N2: 0.88 | O2: =November!AC2 -> 206 | P2: =November!AD2 -> 439
A3: Annabelle | B3: =B2+1 -> 2 | C3: 11 | D3: 2024 | E3: =IF(November!C3<0,"0",November!C3)+(IF(November!E3<0,"0",November!E3)-(IF(November!G3<0,"0",November!G3))) -> 6396 | F3: =(November!C3*0.27)/(November!C3+November!E3) -> 0.25463415 | G3: =November!U3 -> 260 | H3: 0.62 | I3: =November!W3 -> 56 | J3: 2.42 | K3: =November!AB3*5.04 -> 4158 | L3: 0.1151 | M3: =November!M3 -> 0 | N3: 0.88 | O3: =November!AC3 -> 202 | P3: =November!AD3 -> 402
A4: Annabelle | B4: =B3+1 -> 3 | C4: 11 | D4: 2024 | E4: =IF(November!C4<0,"0",November!C4)+(IF(November!E4<0,"0",November!E4)-(IF(November!G4<0,"0",November!G4))) -> 5987 | F4: =(November!C4*0.27)/(November!C4+November!E4) -> 0.25484717 | G4: =November!U4 -> 95 | H4: 0.62 | I4: =November!W4 -> 62 | J4: 2.42 | K4: =November!AB4*5.04 -> 3855.6 | L4: 0.1151 | M4: =November!M4 -> 0 | N4: 0.88 | O4: =November!AC4 -> 178 | P4: =November!AD4 -> 343
A5: Annabelle | B5: =B4+1 -> 4 | C5: 11 | D5: 2024 | E5: =IF(November!C5<0,"0",November!C5)+(IF(November!E5<0,"0",November!E5)-(IF(November!G5<0,"0",November!G5))) -> 6324 | F5: =(November!C5*0.27)/(November!C5+November!E5) -> 0.23375237 | G5: =November!U5 -> 159 | H5: 0.62 | I5: =November!W5 -> 46 | J5: 2.42 | K5: =November!AB5*5.04 -> 4536 | L5: 0.1151 | M5: =November!M5 -> 0 | N5: 0.88 | O5: =November!AC5 -> 206 | P5: =November!AD5 -> 375
A6: Annabelle | B6: =B5+1 -> 5 | C6: 11 | D6: 2024 | E6: =IF(November!C6<0,"0",November!C6)+(IF(November!E6<0,"0",November!E6)-(IF(November!G6<0,"0",November!G6))) -> 6038 | F6: =(November!C6*0.27)/(November!C6+November!E6) -> 0.23109639 | G6: =November!U6 -> 10 | H6: 0.62 | I6: =November!W6 -> 40 | J6: 2.42 | K6: =November!AB6*5.04 -> 4183.2 | L6: 0.1151 | M6: =November!M6 -> 0 | N6: 0.88 | O6: =November!AC6 -> 185 | P6: =November!AD6 -> 352
A7: Annabelle | B7: =B6+1 -> 6 | C7: 11 | D7: 2024 | E7: =IF(November!C7<0,"0",November!C7)+(IF(November!E7<0,"0",November!E7)-(IF(November!G7<0,"0",November!G7))) -> 5526 | F7: =(November!C7*0.27)/(November!C7+November!E7) -> 0.22763844 | G7: =November!U7 -> 60 | H7: 0.62 | I7: =November!W7 -> 49 | J7: 2.42 | K7: =November!AB7*5.04 -> 4384.8 | L7: 0.1151 | M7: =November!M7 -> 0 | N7: 0.88 | O7: =November!AC7 -> 214 | P7: =November!AD7 -> 409
A8: Annabelle | B8: =B7+1 -> 7 | C8: 11 | D8: 2024 | E8: =IF(November!C8<0,"0",November!C8)+(IF(November!E8<0,"0",November!E8)-(IF(November!G8<0,"0",November!G8))) -> 5763 | F8: =(November!C8*0.27)/(November!C8+November!E8) -> 0.23280062 | G8: =November!U8 -> 155 | H8: 0.62 | I8: =November!W8 -> 54 | J8: 2.42 | K8: =November!AB8*5.04 -> 4687.2 | L8: 0.1151 | M8: =November!M8 -> 0 | N8: 0.88 | O8: =November!AC8 -> 220 | P8: =November!AD8 -> 421
A9: Annabelle | B9: =B8+1 -> 8 | C9: 11 | D9: 2024 | E9: =IF(November!C9<0,"0",November!C9)+(IF(November!E9<0,"0",November!E9)-(IF(November!G9<0,"0",November!G9))) -> 5952 | F9: =(November!C9*0.27)/(November!C9+November!E9) -> 0.22735887 | G9: =November!U9 -> 120 | H9: 0.62 | I9: =November!W9 -> 62 | J9: 2.42 | K9: =November!AB9*5.04 -> 4334.4 | L9: 0.1151 | M9: =November!M9 -> 0 | N9: 0.88 | O9: =November!AC9 -> 235 | P9: =November!AD9 -> 448
A10: Annabelle | B10: =B9+1 -> 9 | C10: 11 | D10: 2024 | E10: =IF(November!C10<0,"0",November!C10)+(IF(November!E10<0,"0",November!E10)-(IF(November!G10<0,"0",November!G10))) -> 5864 | F10: =(November!C10*0.27)/(November!C10+November!E10) -> 0.23749318 | G10: =November!U10 -> 65 | H10: 0.62 | I10: =November!W10 -> 60 | J10: 2.42 | K10: =November!AB10*5.04 -> 4460.4 | L10: 0.1151 | M10: =November!M10 -> 0 | N10: 0.88 | O10: =November!AC10 -> 234 | P10: =November!AD10 -> 443
A11: Annabelle | B11: =B10+1 -> 10 | C11: 11 | D11: 2024 | E11: =IF(November!C11<0,"0",November!C11)+(IF(November!E11<0,"0",November!E11)-(IF(November!G11<0,"0",November!G11))) -> 5919 | F11: =(November!C11*0.27)/(November!C11+November!E11) -> 0.24833249 | G11: =November!U11 -> 110 | H11: 0.62 | I11: =November!W11 -> 53 | J11: 2.42 | K11: =November!AB11*5.04 -> 4662 | L11: 0.1151 | M11: =November!M11 -> 0 | N11: 0.88 | O11: =November!AC11 -> 220 | P11: =November!AD11 -> 416
A12: Annabelle | B12: =B11+1 -> 11 | C12: 11 | D12: 2024 | E12: =IF(November!C12<0,"0",November!C12)+(IF(November!E12<0,"0",November!E12)-(IF(November!G12<0,"0",November!G12))) -> 5696 | F12: =(November!C12*0.27)/(November!C12+November!E12) -> 0.23022999 | G12: =November!U12 -> 120 | H12: 0.62 | I12: =November!W12 -> 51 | J12: 2.42 | K12: =November!AB12*5.04 -> 4863.6 | L12: 0.1151 | M12: =November!M12 -> 0 | N12: 0.88 | O12: =November!AC12 -> 219 | P12: =November!AD12 -> 415
A13: Annabelle | B13: =B12+1 -> 12 | C13: 11 | D13: 2024 | E13: =IF(November!C13<0,"0",November!C13)+(IF(November!E13<0,"0",November!E13)-(IF(November!G13<0,"0",November!G13))) -> 5706 | F13: =(November!C13*0.27)/(November!C13+November!E13) -> 0.23029968 | G13: =November!U13 -> 55 | H13: 0.62 | I13: =November!W13 -> 59 | J13: 2.42 | K13: =November!AB13*5.04 -> 4485.6 | L13: 0.1151 | M13: =November!M13 -> 0 | N13: 0.88 | O13: =November!AC13 -> 221 | P13: =November!AD13 -> 416
A14: Annabelle | B14: =B13+1 -> 13 | C14: 11 | D14: 2024 | E14: =IF(November!C14<0,"0",November!C14)+(IF(November!E14<0,"0",November!E14)-(IF(November!G14<0,"0",November!G14))) -> 5759 | F14: =(November!C14*0.27)/(November!C14+November!E14) -> 0.23047751 | G14: =November!U14 -> 100 | H14: 0.62 | I14: =November!W14 -> 51 | J14: 2.42 | K14: =November!AB14*5.04 -> 4510.8 | L14: 0.1151 | M14: =November!M14 -> 0 | N14: 0.88 | O14: =November!AC14 -> 214 | P14: =November!AD14 -> 400
... A31: Annabelle | B31: =B30+1 -> 30 | C31: 11 | D31: 2024 | E31: =IF(November!C31<0,"0",November!C31)+(IF(November!E31<0,"0",November!E31)-(IF(November!G31<0,"0",November!G31))) -> 5019 | F31: =(November!C31*0.27)/(November!C31+November!E31) -> 0.23180514 | G31: =November!U31 -> 75 | H31: 0.62 | I31: =November!W31 -> 6 | J31: 2.42 | K31: =November!AB31*5.04 -> 25.2 | L31: 0.1151 | M31: =November!M31 -> 0 | N31: 0.88 | O31: =November!AC31 -> 105 | P31: =November!AD31 -> 194

Sheet November
A1: Date | B1: Purchased Electricity (Kwh) Reading | C1: BOUGHT | D1: Total Renewable Energy Production (Kwh) Reading | E1: PRODUCED | F1: Total Renewable Energy Exported (KWh) Reading | G1: SOLD | H1: HOTEL Electricity (KWh) Consumed incl. --> | I1: HOTEL Electricity (KWh) Consumed excl. --> | J1: Consumed | K1: Date | L1: Fuel Oil Hot-Water Boilers (Liter) Reading | M1: Fuel Oil (Liter) Received | N1: Consumed | O1: LPG % TANK 1 | P1: LPG % TANK 2 | Q1: LPG % TANK 3 | R1: LPG % TANK 4 | S1: LPG (Liter) Reading | T1: LPG (Liter) Received | U1: Consumed | V1: Water Utility Supply (m3) Reading | W1: Consumed | X1: Irrigation Water Supply (m3) Reading | Y1: Consumed | Z1: Pellets (Kg) Reading | AA1: Pellets (Kg) Received | AB1: Consumed | AC1: Room Nights | AD1: Guest Nights
A2: 45597 | B2: 13145923 | C2: =IF((B3-B2)<0,"0",B3-B2) -> 5719 | D2: 585067 | E2: =IF((D3-D2)<0,"0",D3-D2) -> 726 | F2: 1704 | G2: =F3-F2 -> 0 | H2: =C2+E2-G2 -> 6445 | I2: =H2-K2-M2-O2-Q2 -> -39153.56 | J2: =I3-I2 -> -49.91 | K2: =A2 -> 45597 | L2: 5660 | M2: 0 | N2: 0 | O2: 0.77 | P2: 0.74 | Q2: 0.79 | R2: 0.71 | S2: =(2500*O2)+(2500*P2)+(500*Q2)+(500*R2) -> 4525 | U2: =IF((S2-S3+T2)=S2,"0",(S2-S3+T2)) -> 80 | V2: 120609 | W2: =IF(V3-V2<0,"0",V3-V2) -> 63 | X2: 61141 | Y2: =IF((X3-X2)<0,"0",X3-X2) -> 9 | Z2: 3090 | AA2: 3950 | AB2: =IF((Z2-Z3+AA2)=Z2,"0",(Z2-Z3+AA2)) -> 740 | AC2: 206 | AD2: 439
A3: 45598 | B3: 13151642 | C3: =IF((B4-B3)<0,"0",B4-B3) -> 6032 | D3: 585793 | E3: =IF((D4-D3)<0,"0",D4-D3) -> 364 | F3: 1704 | G3: =F4-F3 -> 0 | H3: =C3+E3-G3 -> 6396 | I3: =H3-K3-M3-O3-Q3 -> -39203.47 | J3: =I4-I3 -> -409.88 | K3: =A3 -> 45598 | L3: 5660 | M3: 0 | N3: 0 | O3: 0.76 | P3: 0.74 | Q3: 0.71 | R3: 0.68 | S3: =(2500*O3)+(2500*P3)+(500*Q3)+(500*R3) -> 4445 | U3: =IF((S3-S4+T3)=S3,"0",(S3-S4+T3)) -> 260 | V3: 120672 | W3: =IF(V4-V3<0,"0",V4-V3) -> 56 | X3: 61150 | Y3: =IF((X4-X3)<0,"0",X4-X3) -> 4 | Z3: 6300 | AA3: 0 | AB3: =IF((Z3-Z4+AA3)=Z3,"0",(Z3-Z4+AA3)) -> 825 | AC3: 202 | AD3: 402
A4: 45599 | B4: 13157674 | C4: =IF((B5-B4)<0,"0",B5-B4) -> 5651 | D4: 586157 | E4: =IF((D5-D4)<0,"0",D5-D4) -> 336 | F4: 1704 | G4: =F5-F4 -> 0 | H4: =C4+E4-G4 -> 5987 | I4: =H4-K4-M4-O4-Q4 -> -39613.35 | J4: =I5-I4 -> 336.04 | K4: =A4 -> 45599 | L4: 5660 | M4: 0 | N4: 0 | O4: 0.71 | P4: 0.71 | Q4: 0.64 | R4: 0.63 | S4: =(2500*O4)+(2500*P4)+(500*Q4)+(500*R4) -> 4185 | U4: =IF((S4-S5+T4)=S4,"0",(S4-S5+T4)) -> 95 | V4: 120728 | W4: =IF(V5-V4<0,"0",V5-V4) -> 62 | X4: 61154 | Y4: =IF((X5-X4)<0,"0",X5-X4) -> 7 | Z4: 5475 | AA4: 0 | AB4: =IF((Z4-Z5+AA4)=Z4,"0",(Z4-Z5+AA4)) -> 765 | AC4: 178 | AD4: 343
A5: 45600 | B5: 13163325 | C5: =IF((B6-B5)<0,"0",B6-B5) -> 5475 | D5: 586493 | E5: =IF((D6-D5)<0,"0",D6-D5) -> 849 | F5: 1704 | G5: =F6-F5 -> 0 | H5: =C5+E5-G5 -> 6324 | I5: =H5-K5-M5-O5-Q5 -> -39277.31 | J5: =I6-I5 -> -287.33 | K5: =A5 -> 45600 | L5: 5660 | M5: 0 | N5: 0 | O5: 0.7 | P5: 0.69 | Q5: 0.61 | R5: 0.62 | S5: =(2500*O5)+(2500*P5)+(500*Q5)+(500*R5) -> 4090 | T5: 779 | U5: =IF((S5-S6+T5)=S5,"0",(S5-S6+T5)) -> 159 | V5: 120790 | W5: =IF(V6-V5<0,"0",V6-V5) -> 46 | X5: 61161 | Y5: =IF((X6-X5)<0,"0",X6-X5) -> 4 | Z5: 4710 | AA5: 0 | AB5: =IF((Z5-Z6+AA5)=Z5,"0",(Z5-Z6+AA5)) -> 900 | AC5: 206 | AD5: 375
A6: 45601 | B6: 13168800 | C6: =IF((B7-B6)<0,"0",B7-B6) -> 5168 | D6: 587342 | E6: =IF((D7-D6)<0,"0",D7-D6) -> 870 | F6: 1704 | G6: =F7-F6 -> 0 | H6: =C6+E6-G6 -> 6038 | I6: =H6-K6-M6-O6-Q6 -> -39564.64 | J6: =I7-I6 -> -512.98 | K6: =A6 -> 45601 | L6: 5660 | M6: 0 | N6: 0 | O6: 0.79 | P6: 0.77 | Q6: 0.85 | R6: 0.77 | S6: =(2500*O6)+(2500*P6)+(500*Q6)+(500*R6) -> 4710 | U6: =IF((S6-S7+T6)=S6,"0",(S6-S7+T6)) -> 10 | V6: 120836 | W6: =IF(V7-V6<0,"0",V7-V6) -> 40 | X6: 61165 | Y6: =IF((X7-X6)<0,"0",X7-X6) -> 2 | Z6: 3810 | AA6: 0 | AB6: =IF((Z6-Z7+AA6)=Z6,"0",(Z6-Z7+AA6)) -> 830 | AC6: 185 | AD6: 352
A7: 45602 | B7: 13173968 | C7: =IF((B8-B7)<0,"0",B8-B7) -> 4659 | D7: 588212 | E7: =IF((D8-D7)<0,"0",D8-D7) -> 867 | F7: 1704 | G7: =F8-F7 -> 0 | H7: =C7+E7-G7 -> 5526 | I7: =H7-K7-M7-O7-Q7 -> -40077.62 | J7: =I8-I7 -> 236.04 | K7: =A7 -> 45602 | L7: 5660 | M7: 0 | N7: 0 | O7: 0.79 | P7: 0.77 | Q7: 0.83 | R7: 0.77 | S7: =(2500*O7)+(2500*P7)+(500*Q7)+(500*R7) -> 4700 | U7: =IF((S7-S8+T7)=S7,"0",(S7-S8+T7)) -> 60 | V7: 120876 | W7: =IF(V8-V7<0,"0",V8-V7) -> 49 | X7: 61167 | Y7: =IF((X8-X7)<0,"0",X8-X7) -> 4 | Z7: 2980 | AA7: 0 | AB7: =IF((Z7-Z8+AA7)=Z7,"0",(Z7-Z8+AA7)) -> 870 | AC7: 214 | AD7: 409
A8: 45603 | B8: 13178627 | C8: =IF((B9-B8)<0,"0",B9-B8) -> 4969 | D8: 589079 | E8: =IF((D9-D8)<0,"0",D9-D8) -> 794 | F8: 1704 | G8: =F9-F8 -> 0 | H8: =C8+E8-G8 -> 5763 | I8: =H8-K8-M8-O8-Q8 -> -39841.58 | J8: =I9-I8 -> 188.07 | K8: =A8 -> 45603 | L8: 5660 | M8: 0 | N8: 0 | O8: 0.79 | P8: 0.76 | Q8: 0.79 | R8: 0.74 | S8: =(2500*O8)+(2500*P8)+(500*Q8)+(500*R8) -> 4640 | U8: =IF((S8-S9+T8)=S8,"0",(S8-S9+T8)) -> 155 | V8: 120925 | W8: =IF(V9-V8<0,"0",V9-V8) -> 54 | X8: 61171 | Y8: =IF((X9-X8)<0,"0",X9-X8) -> 6 | Z8: 2110 | AA8: 0 | AB8: =IF((Z8-Z9+AA8)=Z8,"0",(Z8-Z9+AA8)) -> 930 | AC8: 220 | AD8: 421
A9: 45604 | B9: 13183596 | C9: =IF((B10-B9)<0,"0",B10-B9) -> 5012 | D9: 589873 | E9: =IF((D10-D9)<0,"0",D10-D9) -> 940 | F9: 1704 | G9: =F10-F9 -> 0 | H9: =C9+E9-G9 -> 5952 | I9: =H9-K9-M9-O9-Q9 -> -39653.51 | J9: =I10-I9 -> -88.92 | K9: =A9 -> 45604 | L9: 5660 | M9: 0 | N9: 0 | O9: 0.77 | P9: 0.74 | Q9: 0.74 | R9: 0.68 | S9: =(2500*O9)+(2500*P9)+(500*Q9)+(500*R9) -> 4485 | U9: =IF((S9-S10+T9)=S9,"0",(S9-S10+T9)) -> 120 | V9: 120979 | W9: =IF(V10-V9<0,"0",V10-V9) -> 62 | X9: 61177 | Y9: =IF((X10-X9)<0,"0",X10-X9) -> 1 | Z9: 1180 | AA9: 8685 | AB9: =IF((Z9-Z10+AA9)=Z9,"0",(Z9-Z10+AA9)) -> 860 | AC9: 235 | AD9: 448
A10: 45605 | B10: 13188608 | C10: =IF((B11-B10)<0,"0",B11-B10) -> 5158 | D10: 590813 | E10: =IF((D11-D10)<0,"0",D11-D10) -> 706 | F10: 1704 | G10: =F11-F10 -> 0 | H10: =C10+E10-G10 -> 5864 | I10: =H10-K10-M10-O10-Q10 -> -39742.43 | J10: =I11-I10 -> 54.05 | K10: =A10 -> 45605 | L10: 5660 | M10: 0 | N10: 0 | O10: 0.75 | P10: 0.73 | Q10: 0.68 | R10: 0.65 | S10: =(2500*O10)+(2500*P10)+(500*Q10)+(500*R10) -> 4365 | U10: =IF((S10-S11+T10)=S10,"0",(S10-S11+T10)) -> 65 | V10: 121041 | W10: =IF(V11-V10<0,"0",V11-V10) -> 60 | X10: 61178 | Y10: =IF((X11-X10)<0,"0",X11-X10) -> 1 | Z10: 9005 | AA10: 0 | AB10: =IF((Z10-Z11+AA10)=Z10,"0",(Z10-Z11+AA10)) -> 885 | AC10: 234 | AD10: 443
A11: 45606 | B11: 13193766 | C11: =IF((B12-B11)<0,"0",B12-B11) -> 5444 | D11: 591519 | E11: =IF((D12-D11)<0,"0",D12-D11) -> 475 | F11: 1704 | G11: =F12-F11 -> 0 | H11: =C11+E11-G11 -> 5919 | I11: =H11-K11-M11-O11-Q11 -> -39688.38 | J11: =I12-I11 -> -223.91 | K11: =A11 -> 45606 | L11: 5660 | M11: 0 | N11: 0 | O11: 0.75 | P11: 0.72 | Q11: 0.63 | R11: 0.62 | S11: =(2500*O11)+(2500*P11)+(500*Q11)+(500*R11) -> 4300 | U11: =IF((S11-S12+T11)=S11,"0",(S11-S12+T11)) -> 110 | V11: 121101 | W11: =IF(V12-V11<0,"0",V12-V11) -> 53 | X11: 61179 | Y11: =IF((X12-X11)<0,"0",X12-X11) -> 1 | Z11: 8120 | AA11: 0 | AB11: =IF((Z11-Z12+AA11)=Z11,"0",(Z11-Z12+AA11)) -> 925 | AC11: 220 | AD11: 416
A12: 45607 | B12: 13199210 | C12: =IF((B13-B12)<0,"0",B13-B12) -> 4857 | D12: 591994 | E12: =IF((D13-D12)<0,"0",D13-D12) -> 839 | F12: 1704 | G12: =F13-F12 -> 0 | H12: =C12+E12-G12 -> 5696 | I12: =H12-K12-M12-O12-Q12 -> -39912.29 | J12: =I13-I12 -> 8.64 | K12: =A12 -> 45607 | L12: 5660 | M12: 0 | N12: 0 | O12: 0.73 | P12: 0.72 | Q12: 0.56 | R12: 0.57 | S12: =(2500*O12)+(2500*P12)+(500*Q12)+(500*R12) -> 4190 | T12: 690 | U12: =IF((S12-S13+T12)=S12,"0",(S12-S13+T12)) -> 120 | V12: 121154 | W12: =IF(V13-V12<0,"0",V13-V12) -> 51 | X12: 61180 | Y12: =IF((X13-X12)<0,"0",X13-X12) -> 0 | Z12: 7195 | AA12: 0 | AB12: =IF((Z12-Z13+AA12)=Z12,"0",(Z12-Z13+AA12)) -> 965 | AC12: 219 | AD12: 415
A13: 45608 | B13: 13204067 | C13: =IF((B14-B13)<0,"0",B14-B13) -> 4867 | D13: 592833 | E13: =IF((D14-D13)<0,"0",D14-D13) -> 839 | F13: 1704 | G13: =F14-F13 -> 0 | H13: =C13+E13-G13 -> 5706 | I13: =H13-K13-M13-O13-Q13 -> -39903.65 | J13: =I14-I13 -> 52.04 | K13: =A13 -> 45608 | L13: 5660 | M13: 0 | N13: 0 | O13: 0.8 | P13: 0.78 | Q13: 0.85 | R13: 0.77 | S13: =(2500*O13)+(2500*P13)+(500*Q13)+(500*R13) -> 4760 | U13: =IF((S13-S14+T13)=S13,"0",(S13-S14+T13)) -> 55 | V13: 121205 | W13: =IF(V14-V13<0,"0",V14-V13) -> 59 | X13: 61180 | Y13: =IF((X14-X13)<0,"0",X14-X13) -> 2 | Z13: 6230 | AA13: 0 | AB13: =IF((Z13-Z14+AA13)=Z13,"0",(Z13-Z14+AA13)) -> 890 | AC13: 221 | AD13: 416
A14: 45609 | B14: 13208934 | C14: =IF((B15-B14)<0,"0",B15-B14) -> 4916 | D14: 593672 | E14: =IF((D15-D14)<0,"0",D15-D14) -> 843 | F14: 1704 | G14: =F15-F14 -> 0 | H14: =C14+E14-G14 -> 5759 | I14: =H14-K14-M14-O14-Q14 -> -39851.61 | J14: =I15-I14 -> -160.98 | K14: =A14 -> 45609 | L14: 5660 | M14: 0 | N14: 0 | O14: 0.8 | P14: 0.77 | Q14: 0.81 | R14: 0.75 | S14: =(2500*O14)+(2500*P14)+(500*Q14)+(500*R14) -> 4705 | U14: =IF((S14-S15+T14)=S14,"0",(S14-S15+T14)) -> 100 | V14: 121264 | W14: =IF(V15-V14<0,"0",V15-V14) -> 51 | X14: 61182 | Y14: =IF((X15-X14)<0,"0",X15-X14) -> 1 | Z14: 5340 | AA14: 0 | AB14: =IF((Z14-Z15+AA14)=Z14,"0",(Z14-Z15+AA14)) -> 895 | AC14: 214 | AD14: 400
A15: 45610 | B15: 13213850 | C15: =IF((B16-B15)<0,"0",B16-B15) -> 4789 | D15: 594515 | E15: =IF((D16-D15)<0,"0",D16-D15) -> 810 | F15: 1704 | G15: =F16-F15 -> 0 | H15: =C15+E15-G15 -> 5599 | I15: =H15-K15-M15-O15-Q15 -> -40012.59 | J15: =I16-I15 -> -157.87 | K15: =A15 -> 45610 | L15: 5660 | M15: 0 | N15: 0 | O15: 0.79 | P15: 0.75 | Q15: 0.8 | R15: 0.71 | S15: =(2500*O15)+(2500*P15)+(500*Q15)+(500*R15) -> 4605 | U15: =IF((S15-S16+T15)=S15,"0",(S15-S16+T15)) -> 195 | V15: 121315 | W15: =IF(V16-V15<0,"0",V16-V15) -> 46 | X15: 61183 | Y15: =IF((X16-X15)<0,"0",X16-X15) -> 9 | Z15: 4445 | AA15: 0 | AB15: =IF((Z15-Z16+AA15)=Z15,"0",(Z15-Z16+AA15)) -> 850 | AC15: 212 | AD15: 392
A16: 45611 | B16: 13218639 | C16: =IF((B17-B16)<0,"0",B17-B16) -> 4641 | D16: 595325 | E16: =IF((D17-D16)<0,"0",D17-D16) -> 801 | F16: 1704 | G16: =F17-F16 -> 0 | H16: =C16+E16-G16 -> 5442 | I16: =H16-K16-M16-O16-Q16 -> -40170.46 | J16: =I17-I16 -> -144.94 | K16: =A16 -> 45611 | L16: 5660 | M16: 0 | N16: 0 | O16: 0.75 | P16: 0.74 | Q16: 0.71 | R16: 0.66 | S16: =(2500*O16)+(2500*P16)+(500*Q16)+(500*R16) -> 4410 | U16: =IF((S16-S17+T16)=S16,"0",(S16-S17+T16)) -> 70 | V16: 121361 | W16: =IF(V17-V16<0,"0",V17-V16) -> 48 | X16: 61192 | Y16: =IF((X17-X16)<0,"0",X17-X16) -> 0 | Z16: 3595 | AA16: 0 | AB16: =IF((Z16-Z17+AA16)=Z16,"0",(Z16-Z17+AA16)) -> 1045 | AC16: 218 | AD16: 404
A17: 45612 | B17: 13223280 | C17: =IF((B18-B17)<0,"0",B18-B17) -> 4663 | D17: 596126 | E17: =IF((D18-D17)<0,"0",D18-D17) -> 635 | F17: 1704 | G17: =F18-F17 -> 0 | H17: =C17+E17-G17 -> 5298 | I17: =H17-K17-M17-O17-Q17 -> -40315.4 | J17: =I18-I17 -> -134.97 | K17: =A17 -> 45612 | L17: 5660 | M17: 0 | N17: 0 | O17: 0.75 | P17: 0.73 | Q17: 0.65 | R17: 0.63 | S17: =(2500*O17)+(2500*P17)+(500*Q17)+(500*R17) -> 4340 | U17: =IF((S17-S18+T17)=S17,"0",(S17-S18+T17)) -> 55 | V17: 121409 | W17: =IF(V18-V17<0,"0",V18-V17) -> 34 | X17: 61192 | Y17: =IF((X18-X17)<0,"0",X18-X17) -> 1 | Z17: 2550 | AA17: 0 | AB17: =IF((Z17-Z18+AA17)=Z17,"0",(Z17-Z18+AA17)) -> 950 | AC17: 198 | AD17: 369
A18: 45613 | B18: 13227943 | C18: =IF((B19-B18)<0,"0",B19-B18) -> 4451 | D18: 596761 | E18: =IF((D19-D18)<0,"0",D19-D18) -> 713 | F18: 1704 | G18: =F19-F18 -> 0 | H18: =C18+E18-G18 -> 5164 | I18: =H18-K18-M18-O18-Q18 -> -40450.37 | J18: =I19-I18 -> -10.96 | K18: =A18 -> 45613 | L18: 5660 | M18: 0 | N18: 0 | O18: 0.75 | P18: 0.72 | Q18: 0.62 | R18: 0.6 | S18: =(2500*O18)+(2500*P18)+(500*Q18)+(500*R18) -> 4285 | U18: =IF((S18-S19+T18)=S18,"0",(S18-S19+T18)) -> 90 | V18: 121443 | W18: =IF(V19-V18<0,"0",V19-V18) -> 25 | X18: 61193 | Y18: =IF((X19-X18)<0,"0",X19-X18) -> 1 | Z18: 1600 | AA18: 0 | AB18: =IF((Z18-Z19+AA18)=Z18,"0",(Z18-Z19+AA18)) -> 965 | AC18: 179 | AD18: 322
A19: 45614 | B19: 13232394 | C19: =IF((B20-B19)<0,"0",B20-B19) -> 4524 | D19: 597474 | E19: =IF((D20-D19)<0,"0",D20-D19) -> 630 | F19: 1704 | G19: =F20-F19 -> 0 | H19: =C19+E19-G19 -> 5154 | I19: =H19-K19-M19-O19-Q19 -> -40461.33 | J19: =I20-I19 -> -154.23 | K19: =A19 -> 45614 | L19: 5660 | M19: 0 | N19: 0 | O19: 0.73 | P19: 0.71 | Q19: 0.6 | R19: 0.59 | S19: =(2500*O19)+(2500*P19)+(500*Q19)+(500*R19) -> 4195 | T19: 223 | U19: =IF((S19-S20+T19)=S19,"0",(S19-S20+T19)) -> 73 | V19: 121468 | W19: =IF(V20-V19<0,"0",V20-V19) -> 26 | X19: 61194 | Y19: =IF((X20-X19)<0,"0",X20-X19) -> 0 | Z19: 635 | AA19: 2015 | AB19: =IF((Z19-Z20+AA19)=Z19,"0",(Z19-Z20+AA19)) -> 240 | AC19: 171 | AD19: 304
A20: 45615 | B20: 13236918 | C20: =IF((B21-B20)<0,"0",B21-B20) -> 4235 | D20: 598104 | E20: =IF((D21-D20)<0,"0",D21-D20) -> 766 | F20: 1704 | G20: =F21-F20 -> 0 | H20: =C20+E20-G20 -> 5001 | I20: =H20-K20-M20-O20-Q20 -> -40615.56 | J20: =I21-I20 -> -123.94 | K20: =A20 -> 45615 | L20: 5200 | M20: 0 | N20: 0 | O20: 0.71 | P20: 0.7 | Q20: 0.85 | R20: 0.79 | S20: =(2500*O20)+(2500*P20)+(500*Q20)+(500*R20) -> 4345 | U20: =IF((S20-S21+T20)=S20,"0",(S20-S21+T20)) -> 170 | V20: 121494 | W20: =IF(V21-V20<0,"0",V21-V20) -> 37 | X20: 61194 | Y20: =IF((X21-X20)<0,"0",X21-X20) -> 0 | Z20: 2410 | AA20: 0 | AB20: =IF((Z20-Z21+AA20)=Z20,"0",(Z20-Z21+AA20)) -> 0 | AC20: 180 | AD20: 314
A21: 45616 | B21: 13241153 | C21: =IF((B22-B21)<0,"0",B22-B21) -> 4197 | D21: 598870 | E21: =IF((D22-D21)<0,"0",D22-D21) -> 681 | F21: 1704 | G21: =F22-F21 -> 0 | H21: =C21+E21-G21 -> 4878 | I21: =H21-K21-M21-O21-Q21 -> -40739.5 | J21: =I22-I21 -> 50009.05 | K21: =A21 -> 45616 | L21: 4600 | M21: 0 | N21: 0 | O21: 0.66 | P21: 0.69 | Q21: 0.84 | R21: 0.76 | S21: =(2500*O21)+(2500*P21)+(500*Q21)+(500*R21) -> 4175 | U21: =IF((S21-S22+T21)=S21,"0",(S21-S22+T21)) -> 125 | V21: 121531 | W21: =IF(V22-V21<0,"0",V22-V21) -> 37 | X21: 61194 | Y21: =IF((X22-X21)<0,"0",X22-X21) -> 0 | Z21: 2410 | AA21: 0 | AB21: =IF((Z21-Z22+AA21)=Z21,"0",(Z21-Z22+AA21)) -> 0 | AC21: 160 | AD21: 281
A22: 45617 | B22: 13245350 | C22: =IF((B23-B22)<0,"0",B23-B22) -> 54177 | D22: 599551 | E22: =IF((D23-D22)<0,"0",D23-D22) -> 711 | F22: 1704 | G22: =F23-F22 -> 0 | H22: =C22+E22-G22 -> 54888 | I22: =H22-K22-M22-O22-Q22 -> 9269.55 | J22: =I23-I22 -> -54429.96 | K22: =A22 -> 45617 | L22: 3900 | M22: 0 | N22: 0 | O22: 0.64 | P22: 0.67 | Q22: 0.81 | R22: 0.74 | S22: =(2500*O22)+(2500*P22)+(500*Q22)+(500*R22) -> 4050 | U22: =IF((S22-S23+T22)=S22,"0",(S22-S23+T22)) -> 90 | V22: 121568 | W22: =IF(V23-V22<0,"0",V23-V22) -> 35 | X22: 61194 | Y22: =IF((X23-X22)<0,"0",X23-X22) -> 2 | Z22: 2410 | AA22: 0 | AB22: =IF((Z22-Z23+AA22)=Z22,"0",(Z22-Z23+AA22)) -> 0 | AC22: 158 | AD22: 285
A23: 45618 | B23: 13299527 | C23: =IF((B24-B23)<0,"0",B24-B23) -> 0 | D23: 600262 | E23: =IF((D24-D23)<0,"0",D24-D23) -> 459 | F23: 1704 | G23: =F24-F23 -> 0 | H23: =C23+E23-G23 -> 459 | I23: =H23-K23-M23-O23-Q23 -> -45160.41 | J23: =I24-I23 -> 4552.03 | K23: =A23 -> 45618 | L23: 3300 | M23: 0 | N23: 0 | O23: 0.64 | P23: 0.65 | Q23: 0.77 | R23: 0.7 | S23: =(2500*O23)+(2500*P23)+(500*Q23)+(500*R23) -> 3960 | U23: =IF((S23-S24+T23)=S23,"0",(S23-S24+T23)) -> 50 | V23: 121603 | W23: =IF(V24-V23<0,"0",V24-V23) -> 36 | X23: 61196 | Y23: =IF((X24-X23)<0,"0",X24-X23) -> 1 | Z23: 2410 | AA23: 0 | AB23: =IF((Z23-Z24+AA23)=Z23,"0",(Z23-Z24+AA23)) -> 0 | AC23: 169 | AD23: 296
A24: 45619 | B24: 13254284 | C24: =IF((B25-B24)<0,"0",B25-B24) -> 4278 | D24: 600721 | E24: =IF((D25-D24)<0,"0",D25-D24) -> 734 | F24: 1704 | G24: =F25-F24 -> 0 | H24: =C24+E24-G24 -> 5012 | I24: =H24-K24-M24-O24-Q24 -> -40608.38 | J24: =I25-I24 -> 598.07 | K24: =A24 -> 45619 | L24: 2700 | M24: 0 | N24: 0 | O24: 0.64 | P24: 0.64 | Q24: 0.74 | R24: 0.68 | S24: =(2500*O24)+(2500*P24)+(500*Q24)+(500*R24) -> 3910 | U24: =IF((S24-S25+T24)=S24,"0",(S24-S25+T24)) -> 130 | V24: 121639 | W24: =IF(V25-V24<0,"0",V25-V24) -> 41 | X24: 61197 | Y24: =IF((X25-X24)<0,"0",X25-X24) -> 0 | Z24: 2410 | AA24: 0 | AB24: =IF((Z24-Z25+AA24)=Z24,"0",(Z24-Z25+AA24)) -> 0 | AC24: 144 | AD24: 266
A25: 45620 | B25: 13258562 | C25: =IF((B26-B25)<0,"0",B26-B25) -> 4833 | D25: 601455 | E25: =IF((D26-D25)<0,"0",D26-D25) -> 778 | F25: 1704 | G25: =F26-F25 -> 0 | H25: =C25+E25-G25 -> 5611 | I25: =H25-K25-M25-O25-Q25 -> -40010.31 | J25: =I26-I25 -> -698.95 | K25: =A25 -> 45620 | L25: 2100 | M25: 0 | N25: 0 | O25: 0.61 | P25: 0.63 | Q25: 0.7 | R25: 0.66 | S25: =(2500*O25)+(2500*P25)+(500*Q25)+(500*R25) -> 3780 | U25: =IF((S25-S26+T25)=S25,"0",(S25-S26+T25)) -> 85 | V25: 121680 | W25: =IF(V26-V25<0,"0",V26-V25) -> 18 | X25: 61197 | Y25: =IF((X26-X25)<0,"0",X26-X25) -> 2 | Z25: 2410 | AA25: 0 | AB25: =IF((Z25-Z26+AA25)=Z25,"0",(Z25-Z26+AA25)) -> 0 | AC25: 112 | AD25: 199
A26: 45621 | B26: 13263395 | C26: =IF((B27-B26)<0,"0",B27-B26) -> 4179 | D26: 602233 | E26: =IF((D27-D26)<0,"0",D27-D26) -> 734 | F26: 1704 | G26: =F27-F26 -> 0 | H26: =C26+E26-G26 -> 4913 | I26: =H26-K26-M26-O26-Q26 -> -40709.26 | J26: =I27-I26 -> 157.81 | K26: =A26 -> 45621 | L26: 1500 | M26: 0 | N26: 0 | O26: 0.6 | P26: 0.62 | Q26: 0.66 | R26: 0.63 | S26: =(2500*O26)+(2500*P26)+(500*Q26)+(500*R26) -> 3695 | T26: 184 | U26: =IF((S26-S27+T26)=S26,"0",(S26-S27+T26)) -> 59 | V26: 121698 | W26: =IF(V27-V26<0,"0",V27-V26) -> 25 | X26: 61199 | Y26: =IF((X27-X26)<0,"0",X27-X26) -> 3 | Z26: 2410 | AA26: 0 | AB26: =IF((Z26-Z27+AA26)=Z26,"0",(Z26-Z27+AA26)) -> 0 | AC26: 104 | AD26: 181
A27: 45622 | B27: 13267574 | C27: =IF((B28-B27)<0,"0",B28-B27) -> 4290 | D27: 602967 | E27: =IF((D28-D27)<0,"0",D28-D27) -> 782 | F27: 1704 | G27: =F28-F27 -> 0 | H27: =C27+E27-G27 -> 5072 | I27: =H27-K27-M27-O27-Q27 -> -40551.45 | J27: =I28-I27 -> -8160.95 | K27: =A27 -> 45622 | L27: 900 | M27: 0 | N27: 0 | O27: 0.59 | P27: 0.61 | Q27: 0.86 | R27: 0.78 | S27: =(2500*O27)+(2500*P27)+(500*Q27)+(500*R27) -> 3820 | U27: =IF((S27-S28+T27)=S27,"0",(S27-S28+T27)) -> 55 | V27: 121723 | W27: =IF(V28-V27<0,"0",V28-V27) -> 20 | X27: 61202 | Y27: =IF((X28-X27)<0,"0",X28-X27) -> 1 | Z27: 2410 | AA27: 0 | AB27: =IF((Z27-Z28+AA27)=Z27,"0",(Z27-Z28+AA27)) -> 5 | AC27: 93 | AD27: 163
A28: 45623 | B28: 13271864 | C28: =IF((B29-B28)<0,"0",B29-B28) -> 4192 | D28: 603749 | E28: =IF((D29-D28)<0,"0",D29-D28) -> 720 | F28: 1704 | G28: =F29-F28 -> 0 | H28: =C28+E28-G28 -> 4912 | I28: =H28-K28-M28-O28-Q28 -> -48712.4 | J28: =I29-I28 -> 7773.05 | K28: =A28 -> 45623 | L28: 8400 | M28: 8000 | N28: 0 | O28: 0.58 | P28: 0.61 | Q28: 0.82 | R28: 0.76 | S28: =(2500*O28)+(2500*P28)+(500*Q28)+(500*R28) -> 3765 | U28: =IF((S28-S29+T28)=S28,"0",(S28-S29+T28)) -> 120 | V28: 121743 | W28: =IF(V29-V28<0,"0",V29-V28) -> 10 | X28: 61203 | Y28: =IF((X29-X28)<0,"0",X29-X28) -> 5 | Z28: 2405 | AA28: 0 | AB28: =IF((Z28-Z29+AA28)=Z28,"0",(Z28-Z29+AA28)) -> 0 | AC28: 85 | AD28: 148
A29: 45624 | B29: 13276056 | C29: =IF((B30-B29)<0,"0",B30-B29) -> 3910 | D29: 604469 | E29: =IF((D30-D29)<0,"0",D30-D29) -> 776 | F29: 1704 | G29: =F30-F29 -> 0 | H29: =C29+E29-G29 -> 4686 | I29: =H29-K29-M29-O29-Q29 -> -40939.35 | J29: =I30-I29 -> 280.04 | K29: =A29 -> 45624 | L29: 7900 | M29: 0 | N29: 0 | O29: 0.55 | P29: 0.6 | Q29: 0.8 | R29: 0.74 | S29: =(2500*O29)+(2500*P29)+(500*Q29)+(500*R29) -> 3645 | U29: =IF((S29-S30+T29)=S29,"0",(S29-S30+T29)) -> 110 | V29: 121753 | W29: =IF(V30-V29<0,"0",V30-V29) -> 8 | X29: 61208 | Y29: =IF((X30-X29)<0,"0",X30-X29) -> 9 | Z29: 2405 | AA29: 0 | AB29: =IF((Z29-Z30+AA29)=Z29,"0",(Z29-Z30+AA29)) -> 5 | AC29: 85 | AD29: 145
A30: 45625 | B30: 13279966 | C30: =IF((B31-B30)<0,"0",B31-B30) -> 4298 | D30: 605245 | E30: =IF((D31-D30)<0,"0",D31-D30) -> 669 | F30: 1704 | G30: =F31-F30 -> 0 | H30: =C30+E30-G30 -> 4967 | I30: =H30-K30-M30-O30-Q30 -> -40659.31 | J30: =I31-I30 -> 51.02 | K30: =A30 -> 45625 | L30: 7541 | M30: 0 | N30: 0 | O30: 0.52 | P30: 0.59 | Q30: 0.79 | R30: 0.73 | S30: =(2500*O30)+(2500*P30)+(500*Q30)+(500*R30) -> 3535 | U30: =IF((S30-S31+T30)=S30,"0",(S30-S31+T30)) -> 65 | V30: 121761 | W30: =IF(V31-V30<0,"0",V31-V30) -> 10 | X30: 61217 | Y30: =IF((X31-X30)<0,"0",X31-X30) -> 1 | Z30: 2400 | AA30: 0 | AB30: =IF((Z30-Z31+AA30)=Z30,"0",(Z30-Z31+AA30)) -> -5 | AC30: 92 | AD30: 164
A31: 45626 | B31: 13284264 | C31: =IF((B32-B31)<0,"0",B32-B31) -> 4309 | D31: 605914 | E31: =IF((D32-D31)<0,"0",D32-D31) -> 710 | F31: 1704 | G31: =F32-F31 -> 0 | H31: =C31+E31-G31 -> 5019 | I31: =H31-K31-M31-O31-Q31 -> -40608.29 | J31: =I32-I31 -> 40608.29 | K31: =A31 -> 45626 | L31: 7091 | M31: 0 | N31: 0 | O31: 0.52 | P31: 0.57 | Q31: 0.77 | R31: 0.72 | S31: =(2500*O31)+(2500*P31)+(500*Q31)+(500*R31) -> 3470 | U31: =IF((S31-S32+T31)=S31,"0",(S31-S32+T31)) -> 75 | V31: 121771 | W31: =IF(V32-V31<0,"0",V32-V31) -> 6 | X31: 61218 | Y31: =IF((X32-X31)<0,"0",X32-X31) -> 1 | Z31: 2405 | AA31: 0 | AB31: =IF((Z31-Z32+AA31)=Z31,"0",(Z31-Z32+AA31)) -> 5 | AC31: 105 | AD31: 194
A32: 45627 | B32: 13288573 | D32: 606624 | F32: 1704 | K32: =A32 -> 45627 | L32: 5660 | M32: 0 | O32: 0.52 | P32: 0.54 | Q32: 0.77 | R32: 0.72 | S32: =(2500*O32)+(2500*P32)+(500*Q32)+(500*R32) -> 3395 | V32: 121777 | X32: 61219 | Z32: 2400 | AA32: 0 | AC32: 174 | AD32: 370
C33: =SUM(C2:C32) -> 187893 | E33: =SUM(E2:E32) -> 21557 | G33: =SUM(G2:G32) -> 0 | H33: =SUM(H2:H32) -> 209450 | I33: =SUM(I2:I31) -> -1166938.2 | J33: =SUM(J2:J32) -> 39153.56 | N33: =SUM(N2:N32) -> 0 | T33: =SUM(T2:T32) -> 1876 | U33: =SUM(U2:U32) -> 3006 | W33: =SUM(W2:W32) -> 1168 | Y33: =SUM(Y2:Y32) -> 78 | AA33: =SUM(AA2:AA32) -> 14650 | AB33: =SUM(AB2:AB32) -> 15340 | AC33: =SUM(AC2:AC32) -> 5393 | AD33: =SUM(AD2:AD32) -> 10076
