Workbook

Sheet Total
A1: Site Name | B1: Day | C1: Month | D1: Year | E1: Total Electricity Kwh | F1: Electricity Tariff ($/Kwh) | G1: LPG (Liters) | H1: LPG $/Liter | I1: Water Utility Supply (m3) m3 | J1: Water Utility Supply (m3) $/m3 | K1: District Energy Heating Kwh | L1: District Energy Heating $/Kwh | M1: Total Fuel Oil (Liter) | N1: Fuel Oil $/Liter | O1: Room Nights | P1: Total Guests
A2: Annabelle | B2: 1 | C2: 12 | D2: 2024 | E2: =IF(December!C2<0,"0",December!C2)+(IF(December!E2<0,"0",December!E2)-(IF(December!G2<0,"0",December!G2))) -> 5236 | F2: =(December!C2*0.27)/(December!C2+December!E2) -> 0.23581169 | G2: =December!U2 -> 35 | H2: 0.62 | I2: =December!W2 -> 5 | J2: 2.42 | K2: =December!AB2*5.04 -> 0 | L2: 0.1151 | M2: =December!M2 -> 0 | N2: 0.88 | O2: =December!AC2 -> 72 | P2: =December!AD2 -> 120
A3: Annabelle | B3: =B2+1 -> 2 | C3: 12 | D3: 2024 | E3: =IF(December!C3<0,"0",December!C3)+(IF(December!E3<0,"0",December!E3)-(IF(December!G3<0,"0",December!G3))) -> 4405 | F3: =(December!C3*0.27)/(December!C3+December!E3) -> 0.22733939 | G3: =December!U3 -> 177 | H3: 0.62 | I3: =December!W3 -> 0 | J3: 2.42 | K3: =December!AB3*5.04 -> 0 | L3: 0.1151 | M3: =December!M3 -> 0 | N3: 0.88 | O3: =December!AC3 -> 49 | P3: =December!AD3 -> 81
A4: Annabelle | B4: =B3+1 -> 3 | C4: 12 | D4: 2024 | E4: =IF(December!C4<0,"0",December!C4)+(IF(December!E4<0,"0",December!E4)-(IF(December!G4<0,"0",December!G4))) -> 4414 | F4: =(December!C4*0.27)/(December!C4+December!E4) -> 0.24504304 | G4: =December!U4 -> 25 | H4: 0.62 | I4: =December!W4 -> 5 | J4: 2.42 | K4: =December!AB4*5.04 -> 0 | L4: 0.1151 | M4: =December!M4 -> 0 | N4: 0.88 | O4: =December!AC4 -> 44 | P4: =December!AD4 -> 72
A5: Annabelle | B5: =B4+1 -> 4 | C5: 12 | D5: 2024 | E5: =IF(December!C5<0,"0",December!C5)+(IF(December!E5<0,"0",December!E5)-(IF(December!G5<0,"0",December!G5))) -> 4287 | F5: =(December!C5*0.27)/(December!C5+December!E5) -> 0.22679496 | G5: =December!U5 -> 50 | H5: 0.62 | I5: =December!W5 -> 0 | J5: 2.42 | K5: =December!AB5*5.04 -> 0 | L5: 0.1151 | M5: =December!M5 -> 0 | N5: 0.88 | O5: =December!AC5 -> 47 | P5: =December!AD5 -> 73
A6: Annabelle | B6: =B5+1 -> 5 | C6: 12 | D6: 2024 | E6: =IF(December!C6<0,"0",December!C6)+(IF(December!E6<0,"0",December!E6)-(IF(December!G6<0,"0",December!G6))) -> 4427 | F6: =(December!C6*0.27)/(December!C6+December!E6) -> 0.22730743 | G6: =December!U6 -> 75 | H6: 0.62 | I6: =December!W6 -> 0 | J6: 2.42 | K6: =December!AB6*5.04 -> 0 | L6: 0.1151 | M6: =December!M6 -> 0 | N6: 0.88 | O6: =December!AC6 -> 47 | P6: =December!AD6 -> 72
A7: Annabelle | B7: =B6+1 -> 6 | C7: 12 | D7: 2024 | E7: =IF(December!C7<0,"0",December!C7)+(IF(December!E7<0,"0",December!E7)-(IF(December!G7<0,"0",December!G7))) -> 4904 | F7: =(December!C7*0.27)/(December!C7+December!E7) -> 0.23944331 | G7: =December!U7 -> 50 | H7: 0.62 | I7: =December!W7 -> 2 | J7: 2.42 | K7: =December!AB7*5.04 -> 0 | L7: 0.1151 | M7: =December!M7 -> 0 | N7: 0.88 | O7: =December!AC7 -> 97 | P7: =December!AD7 -> 149
A8: Annabelle | B8: =B7+1 -> 7 | C8: 12 | D8: 2024 | E8: =IF(December!C8<0,"0",December!C8)+(IF(December!E8<0,"0",December!E8)-(IF(December!G8<0,"0",December!G8))) -> 4583 | F8: =(December!C8*0.27)/(December!C8+December!E8) -> 0.24272311 | G8: =December!U8 -> 25 | H8: 0.62 | I8: =December!W8 -> 5 | J8: 2.42 | K8: =December!AB8*5.04 -> 0 | L8: 0.1151 | M8: =December!M8 -> 0 | N8: 0.88 | O8: =December!AC8 -> 71 | P8: =December!AD8 -> 113
A9: Annabelle | B9: =B8+1 -> 8 | C9: 12 | D9: 2024 | E9: =IF(December!C9<0,"0",December!C9)+(IF(December!E9<0,"0",December!E9)-(IF(December!G9<0,"0",December!G9))) -> 4361 | F9: =(December!C9*0.27)/(December!C9+December!E9) -> 0.23080945 | G9: =December!U9 -> 25 | H9: 0.62 | I9: =December!W9 -> 0 | J9: 2.42 | K9: =December!AB9*5.04 -> 0 | L9: 0.1151 | M9: =December!M9 -> 0 | N9: 0.88 | O9: =December!AC9 -> 51 | P9: =December!AD9 -> 76
A10: Annabelle | B10: =B9+1 -> 9 | C10: 12 | D10: 2024 | E10: =IF(December!C10<0,"0",December!C10)+(IF(December!E10<0,"0",December!E10)-(IF(December!G10<0,"0",December!G10))) -> 4008 | F10: =(December!C10*0.27)/(December!C10+December!E10) -> 0.23564371 | G10: =December!U10 -> 83 | H10: 0.62 | I10: =December!W10 -> 5 | J10: 2.42 | K10: =December!AB10*5.04 -> 0 | L10: 0.1151 | M10: =December!M10 -> 0 | N10: 0.88 | O10: =December!AC10 -> 35 | P10: =December!AD10 -> 48
A11: Annabelle | B11: =B10+1 -> 10 | C11: 12 | D11: 2024 | E11: =IF(December!C11<0,"0",December!C11)+(IF(December!E11<0,"0",December!E11)-(IF(December!G11<0,"0",December!G11))) -> 3855 | F11: =(December!C11*0.27)/(December!C11+December!E11) -> 0.22937743 | G11: =December!U11 -> 25 | H11: 0.62 | I11: =December!W11 -> 3 | J11: 2.42 | K11: =December!AB11*5.04 -> 0 | L11: 0.1151 | M11: =December!M11 -> 0 | N11: 0.88 | O11: =December!AC11 -> 33 | P11: =December!AD11 -> 45
A12: Annabelle | B12: =B11+1 -> 11 | C12: 12 | D12: 2024 | E12: =IF(December!C12<0,"0",December!C12)+(IF(December!E12<0,"0",December!E12)-(IF(December!G12<0,"0",December!G12))) -> 4034 | F12: =(December!C12*0.27)/(December!C12+December!E12) -> 0.24644026 | G12: =December!U12 -> 25 | H12: 0.62 | I12: =December!W12 -> 5 | J12: 2.42 | K12: =December!AB12*5.04 -> 0 | L12: 0.1151 | M12: =December!M12 -> 0 | N12: 0.88 | O12: =December!AC12 -> 36 | P12: =December!AD12 -> 49
A13: Annabelle | B13: =B12+1 -> 12 | C13: 12 | D13: 2024 | E13: =IF(December!C13<0,"0",December!C13)+(IF(December!E13<0,"0",December!E13)-(IF(December!G13<0,"0",December!G13))) -> 4080 | F13: =(December!C13*0.27)/(December!C13+December!E13) -> 0.23168382 | G13: =December!U13 -> 50 | H13: 0.62 | I13: =December!W13 -> 0 | J13: 2.42 | K13: =December!AB13*5.04 -> 0 | L13: 0.1151 | M13: =December!M13 -> 0 | N13: 0.88 | O13: =December!AC13 -> 34 | P13: =December!AD13 -> 46
A14: Annabelle | B14: =B13+1 -> 13 | C14: 12 | D14: 2024 | E14: =IF(December!C14<0,"0",December!C14)+(IF(December!E14<0,"0",December!E14)-(IF(December!G14<0,"0",December!G14))) -> 4185 | F14: =(December!C14*0.27)/(December!C14+December!E14) -> 0.22580645 | G14: =December!U14 -> 125 | H14: 0.62 | I14: =December!W14 -> 58 | J14: 2.42 | K14: =December!AB14*5.04 -> 0 | L14: 0.1151 | M14: =December!M14 -> 0 | N14: 0.88 | O14: =December!AC14 -> 39 | P14: =December!AD14 -> 60
... A31: Annabelle | B31: =B30+1 -> 30 | C31: 12 | D31: 2024 | E31: =IF(December!C31<0,"0",December!C31)+(IF(December!E31<0,"0",December!E31)-(IF(December!G31<0,"0",December!G31))) -> 0 | F31: =(December!C31*0.27)/(December!C31+December!E31) -> #DIV/0! | G31: =December!U31 -> 0 | H31: 0.62 | I31: =December!W31 -> 0 | J31: 2.42 | K31: =December!AB31*5.04 -> 0 | L31: 0.1151 | M31: =December!M31 -> 0 | N31: 0.88 | O31: =December!AC31 -> 0 | P31: =December!AD31 -> 0
A32: Annabelle | B32: 31 | C32: 12 | D32: 2024 | E32: =IF(December!C32<0,"0",December!C32)+(IF(December!E32<0,"0",December!E32)-(IF(December!G32<0,"0",December!G32))) -> 0 | F32: =(December!C32*0.27)/(December!C32+December!E32) -> #DIV/0! | G32: =December!U32 -> 0 | H32: 0.62 | I32: =December!W32 -> 0 | J32: 2.42 | K32: =December!AB32*5.04 -> 0 | L32: 0.1151 | M32: =December!M32 -> 0 | N32: 0.88 | O32: =December!AC32 -> 174 | P32: =December!AD32 -> 370

Sheet December
A1: Date | B1: Purchased Electricity (Kwh) Reading | C1: BOUGHT | D1: Total Renewable Energy Production (Kwh) Reading | E1: PRODUCED | F1: Total Renewable Energy Exported (KWh) Reading | G1: SOLD | H1: HOTEL Electricity (KWh) Consumed incl. --> | I1: HOTEL Electricity (KWh) Consumed excl. --> | J1: Consumed | K1: Date | L1: Fuel Oil Hot-Water Boilers (Liter) Reading | M1: Fuel Oil (Liter) Received | N1: Consumed | O1: LPG % TANK 1 | P1: LPG % TANK 2 | Q1: LPG % TANK 3 | R1: LPG % TANK 4 | S1: LPG (Liter) Reading | T1: LPG (Liter) Received | U1: Consumed | V1: Water Utility Supply (m3) Reading | W1: Consumed | X1: Irrigation Water Supply (m3) Reading | Y1: Consumed | Z1: Pellets (Kg) Reading | AA1: Pellets (Kg) Received | AB1: Consumed | AC1: Room Nights | AD1: Guest Nights
A2: 45627 | B2: 13288573 | C2: =IF((B3-B2)<0,"0",B3-B2) -> 4573 | D2: 606624 | E2: =IF((D3-D2)<0,"0",D3-D2) -> 663 | F2: 1704 | G2: =F3-F2 -> 0 | H2: =C2+E2-G2 -> 5236 | I2: =H2-K2-M2-O2-Q2 -> -40392.29 | J2: =I3-I2 -> -831.97 | K2: =A2 -> 45627 | L2: 6677 | M2: 0 | N2: 0 | O2: 0.52 | P2: 0.54 | Q2: 0.77 | R2: 0.72 | S2: =(2500*O2)+(2500*P2)+(500*Q2)+(500*R2) -> 3395 | U2: =IF((S2-S3+T2)=S2,"0",(S2-S3+T2)) -> 35 | V2: 121777 | W2: =IF(V3-V2<0,"0",V3-V2) -> 5 | X2: 61219 | Y2: =IF((X3-X2)<0,"0",X3-X2) -> 2 | Z2: 2400 | AA2: 0 | AB2: =IF((Z2-Z3+AA2)=Z2,"0",(Z2-Z3+AA2)) -> 0 | AC2: 72 | AD2: 120
A3: 45628 | B3: 13293146 | C3: =IF((B4-B3)<0,"0",B4-B3) -> 3709 | D3: 607287 | E3: =IF((D4-D3)<0,"0",D4-D3) -> 696 | F3: 1704 | G3: =F4-F3 -> 0 | H3: =C3+E3-G3 -> 4405 | I3: =H3-K3-M3-O3-Q3 -> -41224.26 | J3: =I4-I3 -> 7.74 | K3: =A3 -> 45628 | L3: 6296 | M3: 0 | N3: 0 | O3: 0.51 | P3: 0.54 | Q3: 0.75 | R3: 0.72 | S3: =(2500*O3)+(2500*P3)+(500*Q3)+(500*R3) -> 3360 | T3: 1477 | U3: =IF((S3-S4+T3)=S3,"0",(S3-S4+T3)) -> 177 | V3: 121782 | W3: =IF(V4-V3<0,"0",V4-V3) -> 0 | X3: 61221 | Y3: =IF((X4-X3)<0,"0",X4-X3) -> 1 | Z3: 2400 | AA3: 0 | AB3: =IF((Z3-Z4+AA3)=Z3,"0",(Z3-Z4+AA3)) -> 0 | AC3: 49 | AD3: 81
A4: 45629 | B4: 13296855 | C4: =IF((B5-B4)<0,"0",B5-B4) -> 4006 | D4: 607983 | E4: =IF((D5-D4)<0,"0",D5-D4) -> 408 | F4: 1704 | G4: =F5-F4 -> 0 | H4: =C4+E4-G4 -> 4414 | I4: =H4-K4-M4-O4-Q4 -> -41216.52 | J4: =I5-I4 -> -128 | K4: =A4 -> 45629 | L4: 6046 | M4: 0 | N4: 0 | O4: 0.8 | P4: 0.78 | Q4: 0.72 | R4: 0.7 | S4: =(2500*O4)+(2500*P4)+(500*Q4)+(500*R4) -> 4660 | U4: =IF((S4-S5+T4)=S4,"0",(S4-S5+T4)) -> 25 | V4: 121782 | W4: =IF(V5-V4<0,"0",V5-V4) -> 5 | X4: 61222 | Y4: =IF((X5-X4)<0,"0",X5-X4) -> 0 | Z4: 2400 | AA4: 0 | AB4: =IF((Z4-Z5+AA4)=Z4,"0",(Z4-Z5+AA4)) -> 0 | AC4: 44 | AD4: 72
A5: 45630 | B5: 13300861 | C5: =IF((B6-B5)<0,"0",B6-B5) -> 3601 | D5: 608391 | E5: =IF((D6-D5)<0,"0",D6-D5) -> 686 | F5: 1704 | G5: =F6-F5 -> 0 | H5: =C5+E5-G5 -> 4287 | I5: =H5-K5-M5-O5-Q5 -> -41344.52 | J5: =I6-I5 -> 139.01 | K5: =A5 -> 45630 | L5: 5631 | M5: 0 | N5: 0 | O5: 0.8 | P5: 0.77 | Q5: 0.72 | R5: 0.7 | S5: =(2500*O5)+(2500*P5)+(500*Q5)+(500*R5) -> 4635 | U5: =IF((S5-S6+T5)=S5,"0",(S5-S6+T5)) -> 50 | V5: 121787 | W5: =IF(V6-V5<0,"0",V6-V5) -> 0 | X5: 61222 | Y5: =IF((X6-X5)<0,"0",X6-X5) -> 2 | Z5: 2400 | AA5: 0 | AB5: =IF((Z5-Z6+AA5)=Z5,"0",(Z5-Z6+AA5)) -> 0 | AC5: 47 | AD5: 73
A6: 45631 | B6: 13304462 | C6: =IF((B7-B6)<0,"0",B7-B6) -> 3727 | D6: 609077 | E6: =IF((D7-D6)<0,"0",D7-D6) -> 700 | F6: 1704 | G6: =F7-F6 -> 0 | H6: =C6+E6-G6 -> 4427 | I6: =H6-K6-M6-O6-Q6 -> -41205.51 | J6: =I7-I6 -> 476.02 | K6: =A6 -> 45631 | L6: 5254 | M6: 0 | N6: 0 | O6: 0.79 | P6: 0.76 | Q6: 0.72 | R6: 0.7 | S6: =(2500*O6)+(2500*P6)+(500*Q6)+(500*R6) -> 4585 | U6: =IF((S6-S7+T6)=S6,"0",(S6-S7+T6)) -> 75 | V6: 121787 | W6: =IF(V7-V6<0,"0",V7-V6) -> 0 | X6: 61224 | Y6: =IF((X7-X6)<0,"0",X7-X6) -> 0 | Z6: 2400 | AA6: 0 | AB6: =IF((Z6-Z7+AA6)=Z6,"0",(Z6-Z7+AA6)) -> 0 | AC6: 47 | AD6: 72
A7: 45632 | B7: 13308189 | C7: =IF((B8-B7)<0,"0",B8-B7) -> 4349 | D7: 609777 | E7: =IF((D8-D7)<0,"0",D8-D7) -> 555 | F7: 1704 | G7: =F8-F7 -> 0 | H7: =C7+E7-G7 -> 4904 | I7: =H7-K7-M7-O7-Q7 -> -40729.49 | J7: =I8-I7 -> -321.99 | K7: =A7 -> 45632 | L7: 4926 | M7: 0 | N7: 0 | O7: 0.77 | P7: 0.75 | Q7: 0.72 | R7: 0.7 | S7: =(2500*O7)+(2500*P7)+(500*Q7)+(500*R7) -> 4510 | U7: =IF((S7-S8+T7)=S7,"0",(S7-S8+T7)) -> 50 | V7: 121787 | W7: =IF(V8-V7<0,"0",V8-V7) -> 2 | X7: 61224 | Y7: =IF((X8-X7)<0,"0",X8-X7) -> 1 | Z7: 2400 | AA7: 0 | AB7: =IF((Z7-Z8+AA7)=Z7,"0",(Z7-Z8+AA7)) -> 0 | AC7: 97 | AD7: 149
A8: 45633 | B8: 13312538 | C8: =IF((B9-B8)<0,"0",B9-B8) -> 4120 | D8: 610332 | E8: =IF((D9-D8)<0,"0",D9-D8) -> 463 | F8: 1704 | G8: =F9-F8 -> 0 | H8: =C8+E8-G8 -> 4583 | I8: =H8-K8-M8-O8-Q8 -> -41051.48 | J8: =I9-I8 -> -223 | K8: =A8 -> 45633 | L8: 4582 | M8: 0 | N8: 0 | O8: 0.76 | P8: 0.74 | Q8: 0.72 | R8: 0.7 | S8: =(2500*O8)+(2500*P8)+(500*Q8)+(500*R8) -> 4460 | U8: =IF((S8-S9+T8)=S8,"0",(S8-S9+T8)) -> 25 | V8: 121789 | W8: =IF(V9-V8<0,"0",V9-V8) -> 5 | X8: 61225 | Y8: =IF((X9-X8)<0,"0",X9-X8) -> 0 | Z8: 2400 | AA8: 0 | AB8: =IF((Z8-Z9+AA8)=Z8,"0",(Z8-Z9+AA8)) -> 0 | AC8: 71 | AD8: 113
A9: 45634 | B9: 13316658 | C9: =IF((B10-B9)<0,"0",B10-B9) -> 3728 | D9: 610795 | E9: =IF((D10-D9)<0,"0",D10-D9) -> 633 | F9: 1704 | G9: =F10-F9 -> 0 | H9: =C9+E9-G9 -> 4361 | I9: =H9-K9-M9-O9-Q9 -> -41274.48 | J9: =I10-I9 -> -353.99 | K9: =A9 -> 45634 | L9: 4228 | M9: 0 | N9: 0 | O9: 0.76 | P9: 0.73 | Q9: 0.72 | R9: 0.7 | S9: =(2500*O9)+(2500*P9)+(500*Q9)+(500*R9) -> 4435 | U9: =IF((S9-S10+T9)=S9,"0",(S9-S10+T9)) -> 25 | V9: 121794 | W9: =IF(V10-V9<0,"0",V10-V9) -> 0 | X9: 61225 | Y9: =IF((X10-X9)<0,"0",X10-X9) -> 12 | Z9: 2400 | AA9: 0 | AB9: =IF((Z9-Z10+AA9)=Z9,"0",(Z9-Z10+AA9)) -> 0 | AC9: 51 | AD9: 76
A10: 45635 | B10: 13320386 | C10: =IF((B11-B10)<0,"0",B11-B10) -> 3498 | D10: 611428 | E10: =IF((D11-D10)<0,"0",D11-D10) -> 510 | F10: 1704 | G10: =F11-F10 -> 0 | H10: =C10+E10-G10 -> 4008 | I10: =H10-K10-M10-O10-Q10 -> -41628.47 | J10: =I11-I10 -> -154.05 | K10: =A10 -> 45635 | L10: 3885 | M10: 0 | N10: 0 | O10: 0.75 | P10: 0.73 | Q10: 0.72 | R10: 0.7 | S10: =(2500*O10)+(2500*P10)+(500*Q10)+(500*R10) -> 4410 | T10: 378 | U10: =IF((S10-S11+T10)=S10,"0",(S10-S11+T10)) -> 83 | V10: 121794 | W10: =IF(V11-V10<0,"0",V11-V10) -> 5 | X10: 61237 | Y10: =IF((X11-X10)<0,"0",X11-X10) -> 0 | Z10: 2400 | AA10: 0 | AB10: =IF((Z10-Z11+AA10)=Z10,"0",(Z10-Z11+AA10)) -> 0 | AC10: 35 | AD10: 48
A11: 45636 | B11: 13323884 | C11: =IF((B12-B11)<0,"0",B12-B11) -> 3275 | D11: 611938 | E11: =IF((D12-D11)<0,"0",D12-D11) -> 580 | F11: 1704 | G11: =F12-F11 -> 0 | H11: =C11+E11-G11 -> 3855 | I11: =H11-K11-M11-O11-Q11 -> -41782.52 | J11: =I12-I11 -> 178 | K11: =A11 -> 45636 | L11: 3580 | M11: 0 | N11: 0 | O11: 0.81 | P11: 0.79 | Q11: 0.71 | R11: 0.7 | S11: =(2500*O11)+(2500*P11)+(500*Q11)+(500*R11) -> 4705 | U11: =IF((S11-S12+T11)=S11,"0",(S11-S12+T11)) -> 25 | V11: 121799 | W11: =IF(V12-V11<0,"0",V12-V11) -> 3 | X11: 61237 | Y11: =IF((X12-X11)<0,"0",X12-X11) -> 0 | Z11: 2400 | AA11: 0 | AB11: =IF((Z11-Z12+AA11)=Z11,"0",(Z11-Z12+AA11)) -> 0 | AC11: 33 | AD11: 45
A12: 45637 | B12: 13327159 | C12: =IF((B13-B12)<0,"0",B13-B12) -> 3682 | D12: 612518 | E12: =IF((D13-D12)<0,"0",D13-D12) -> 352 | F12: 1704 | G12: =F13-F12 -> 0 | H12: =C12+E12-G12 -> 4034 | I12: =H12-K12-M12-O12-Q12 -> -41604.52 | J12: =I13-I12 -> 45 | K12: =A12 -> 45637 | L12: 3276 | M12: 0 | N12: 0 | O12: 0.81 | P12: 0.78 | Q12: 0.71 | R12: 0.7 | S12: =(2500*O12)+(2500*P12)+(500*Q12)+(500*R12) -> 4680 | U12: =IF((S12-S13+T12)=S12,"0",(S12-S13+T12)) -> 25 | V12: 121802 | W12: =IF(V13-V12<0,"0",V13-V12) -> 5 | X12: 61237 | Y12: =IF((X13-X12)<0,"0",X13-X12) -> 0 | Z12: 2400 | AA12: 0 | AB12: =IF((Z12-Z13+AA12)=Z12,"0",(Z12-Z13+AA12)) -> 0 | AC12: 36 | AD12: 49
A13: 45638 | B13: 13330841 | C13: =IF((B14-B13)<0,"0",B14-B13) -> 3501 | D13: 612870 | E13: =IF((D14-D13)<0,"0",D14-D13) -> 579 | F13: 1704 | G13: =F14-F13 -> 0 | H13: =C13+E13-G13 -> 4080 | I13: =H13-K13-M13-O13-Q13 -> -41559.52 | J13: =I14-I13 -> 104.02 | K13: =A13 -> 45638 | L13: 2987 | M13: 0 | N13: 0 | O13: 0.81 | P13: 0.77 | Q13: 0.71 | R13: 0.7 | S13: =(2500*O13)+(2500*P13)+(500*Q13)+(500*R13) -> 4655 | U13: =IF((S13-S14+T13)=S13,"0",(S13-S14+T13)) -> 50 | V13: 121807 | W13: =IF(V14-V13<0,"0",V14-V13) -> 0 | X13: 61237 | Y13: =IF((X14-X13)<0,"0",X14-X13) -> 1 | Z13: 2400 | AA13: 0 | AB13: =IF((Z13-Z14+AA13)=Z13,"0",(Z13-Z14+AA13)) -> 0 | AC13: 34 | AD13: 46
A14: 45639 | B14: 13334342 | C14: =IF((B15-B14)<0,"0",B15-B14) -> 3500 | D14: 613449 | E14: =IF((D15-D14)<0,"0",D15-D14) -> 685 | F14: 1704 | G14: =F15-F14 -> 0 | H14: =C14+E14-G14 -> 4185 | I14: =H14-K14-M14-O14-Q14 -> -41455.5 | J14: =I15-I14 -> 328.03 | K14: =A14 -> 45639 | L14: 2703 | M14: 0 | N14: 0 | O14: 0.79 | P14: 0.77 | Q14: 0.71 | R14: 0.7 | S14: =(2500*O14)+(2500*P14)+(500*Q14)+(500*R14) -> 4605 | U14: =IF((S14-S15+T14)=S14,"0",(S14-S15+T14)) -> 125 | V14: 27 | W14: =IF(V15-V14<0,"0",V15-V14) -> 58 | X14: 61238 | Y14: =IF((X15-X14)<0,"0",X15-X14) -> 3 | Z14: 2400 | AA14: 0 | AB14: =IF((Z14-Z15+AA14)=Z14,"0",(Z14-Z15+AA14)) -> 0 | AC14: 39 | AD14: 60
A15: 45640 | B15: 13337842 | C15: =IF((B16-B15)<0,"0",B16-B15) -> 3827 | D15: 614134 | E15: =IF((D16-D15)<0,"0",D16-D15) -> 687 | F15: 1704 | G15: =F16-F15 -> 0 | H15: =C15+E15-G15 -> 4514 | I15: =H15-K15-M15-O15-Q15 -> -41127.47 | J15: =I16-I15 -> -330.98 | K15: =A15 -> 45640 | L15: 2423 | M15: 0 | N15: 0 | O15: 0.76 | P15: 0.75 | Q15: 0.71 | R15: 0.7 | S15: =(2500*O15)+(2500*P15)+(500*Q15)+(500*R15) -> 4480 | U15: =IF((S15-S16+T15)=S15,"0",(S15-S16+T15)) -> 125 | V15: 85 | W15: =IF(V16-V15<0,"0",V16-V15) -> 59 | X15: 61241 | Y15: =IF((X16-X15)<0,"0",X16-X15) -> 0 | Z15: 2400 | AA15: 0 | AB15: =IF((Z15-Z16+AA15)=Z15,"0",(Z15-Z16+AA15)) -> 0 | AC15: 87 | AD15: 148
A16: 45641 | B16: 13341669 | C16: =IF((B17-B16)<0,"0",B17-B16) -> 3547 | D16: 614821 | E16: =IF((D17-D16)<0,"0",D17-D16) -> 637 | F16: 1704 | G16: =F17-F16 -> 0 | H16: =C16+E16-G16 -> 4184 | I16: =H16-K16-M16-O16-Q16 -> -41458.45 | J16: =I17-I16 -> -39.99 | K16: =A16 -> 45641 | L16: 2098 | M16: 0 | N16: 0 | O16: 0.74 | P16: 0.72 | Q16: 0.71 | R16: 0.7 | S16: =(2500*O16)+(2500*P16)+(500*Q16)+(500*R16) -> 4355 | U16: =IF((S16-S17+T16)=S16,"0",(S16-S17+T16)) -> 25 | V16: 144 | W16: =IF(V17-V16<0,"0",V17-V16) -> 59 | X16: 61241 | Y16: =IF((X17-X16)<0,"0",X17-X16) -> 0 | Z16: 2400 | AA16: 0 | AB16: =IF((Z16-Z17+AA16)=Z16,"0",(Z16-Z17+AA16)) -> 0 | AC16: 35 | AD16: 47
A17: 45642 | B17: 13345216 | C17: =IF((B18-B17)<0,"0",B18-B17) -> 3861 | D17: 615458 | E17: =IF((D18-D17)<0,"0",D18-D17) -> 284 | F17: 1704 | G17: =F18-F17 -> 0 | H17: =C17+E17-G17 -> 4145 | I17: =H17-K17-M17-O17-Q17 -> -41498.44 | J17: =I18-I17 -> -100.99 | K17: =A17 -> 45642 | L17: 1782 | M17: 0 | N17: 0 | O17: 0.73 | P17: 0.72 | Q17: 0.71 | R17: 0.7 | S17: =(2500*O17)+(2500*P17)+(500*Q17)+(500*R17) -> 4330 | U17: =IF((S17-S18+T17)=S17,"0",(S17-S18+T17)) -> 50 | V17: 203 | W17: =IF(V18-V17<0,"0",V18-V17) -> 50 | X17: 61241 | Y17: =IF((X18-X17)<0,"0",X18-X17) -> 3 | Z17: 2400 | AA17: 0 | AB17: =IF((Z17-Z18+AA17)=Z17,"0",(Z17-Z18+AA17)) -> 0 | AC17: 28 | AD17: 38
A18: 45643 | B18: 13349077 | C18: =IF((B19-B18)<0,"0",B19-B18) -> 3369 | D18: 615742 | E18: =IF((D19-D18)<0,"0",D19-D18) -> 676 | F18: 1704 | G18: =F19-F18 -> 0 | H18: =C18+E18-G18 -> 4045 | I18: =H18-K18-M18-O18-Q18 -> -41599.43 | J18: =I19-I18 -> -7421.98 | K18: =A18 -> 45643 | L18: 2400 | M18: 0 | N18: 0 | O18: 0.72 | P18: 0.71 | Q18: 0.71 | R18: 0.7 | S18: =(2500*O18)+(2500*P18)+(500*Q18)+(500*R18) -> 4280 | U18: =IF((S18-S19+T18)=S18,"0",(S18-S19+T18)) -> 75 | V18: 253 | W18: =IF(V19-V18<0,"0",V19-V18) -> 37 | X18: 61244 | Y18: =IF((X19-X18)<0,"0",X19-X18) -> 0 | Z18: 2400 | AA18: 0 | AB18: =IF((Z18-Z19+AA18)=Z18,"0",(Z18-Z19+AA18)) -> 0 | AC18: 29 | AD18: 39
A19: 45644 | B19: 13352446 | C19: =IF((B20-B19)<0,"0",B20-B19) -> 3943 | D19: 616418 | E19: =IF((D20-D19)<0,"0",D20-D19) -> 681 | F19: 1704 | G19: =F20-F19 -> 0 | H19: =C19+E19-G19 -> 4624 | I19: =H19-K19-M19-O19-Q19 -> -49021.41 | J19: =I20-I19 -> 7710.03 | K19: =A19 -> 45644 | L19: 1151 | M19: 8000 | N19: 0 | O19: 0.7 | P19: 0.7 | Q19: 0.71 | R19: 0.7 | S19: =(2500*O19)+(2500*P19)+(500*Q19)+(500*R19) -> 4205 | U19: =IF((S19-S20+T19)=S19,"0",(S19-S20+T19)) -> 100 | V19: 290 | W19: =IF(V20-V19<0,"0",V20-V19) -> 50 | X19: 61244 | Y19: =IF((X20-X19)<0,"0",X20-X19) -> 0 | Z19: 2400 | AA19: 0 | AB19: =IF((Z19-Z20+AA19)=Z19,"0",(Z19-Z20+AA19)) -> 0 | AC19: 34 | AD19: 50
A20: 45645 | B20: 13356389 | C20: =IF((B21-B20)<0,"0",B21-B20) -> 3657 | D20: 617099 | E20: =IF((D21-D20)<0,"0",D21-D20) -> 678 | F20: 1704 | G20: =F21-F20 -> 0 | H20: =C20+E20-G20 -> 4335 | I20: =H20-K20-M20-O20-Q20 -> -41311.38 | J20: =I21-I20 -> -4336 | K20: =A20 -> 45645 | L20: 8823 | M20: 0 | N20: 0 | O20: 0.67 | P20: 0.69 | Q20: 0.71 | R20: 0.7 | S20: =(2500*O20)+(2500*P20)+(500*Q20)+(500*R20) -> 4105 | U20: =IF((S20-S21+T20)=S20,"0",(S20-S21+T20)) -> 50 | V20: 340 | W20: =IF(V21-V20<0,"0",V21-V20) -> 44 | X20: 61244 | Y20: =IF((X21-X20)<0,"0",X21-X20) -> 0 | Z20: 2400 | AA20: 0 | AB20: =IF((Z20-Z21+AA20)=Z20,"0",(Z20-Z21+AA20)) -> 0 | AC20: 36 | AD20: 55
A21: 45646 | B21: 13360046 | C21: =IF((B22-B21)<0,"0",B22-B21) -> 0 | D21: 617777 | E21: =IF((D22-D21)<0,"0",D22-D21) -> 0 | F21: 1704 | G21: =F22-F21 -> 0 | H21: =C21+E21-G21 -> 0 | I21: =H21-K21-M21-O21-Q21 -> -45647.38 | J21: =I22-I21 -> 0.38 | K21: =A21 -> 45646 | L21: 8432 | M21: 0 | N21: 0 | O21: 0.67 | P21: 0.67 | Q21: 0.71 | R21: 0.7 | S21: =(2500*O21)+(2500*P21)+(500*Q21)+(500*R21) -> 4055 | U21: =IF((S21-S22+T21)=S21,"0",(S21-S22+T21)) -> 0 | V21: 384 | W21: =IF(V22-V21<0,"0",V22-V21) -> 0 | X21: 61244 | Y21: =IF((X22-X21)<0,"0",X22-X21) -> 0 | Z21: 2400 | AA21: 0 | AB21: =IF((Z21-Z22+AA21)=Z21,"0",(Z21-Z22+AA21)) -> 0
A22: 45647 | C22: =IF((B23-B22)<0,"0",B23-B22) -> 0 | E22: =IF((D23-D22)<0,"0",D23-D22) -> 0 | F22: 1704 | G22: =F23-F22 -> 0 | H22: =C22+E22-G22 -> 0 | I22: =H22-K22-M22-O22-Q22 -> -45647 | J22: =I23-I22 -> -1 | K22: =A22 -> 45647 | M22: 0 | N22: 0 | S22: =(2500*O22)+(2500*P22)+(500*Q22)+(500*R22) -> 0 | U22: =IF((S22-S23+T22)=S22,"0",(S22-S23+T22)) -> 0 | W22: =IF(V23-V22<0,"0",V23-V22) -> 0 | Y22: =IF((X23-X22)<0,"0",X23-X22) -> 0 | AA22: 0 | AB22: =IF((Z22-Z23+AA22)=Z22,"0",(Z22-Z23+AA22)) -> 0
A23: 45648 | C23: =IF((B24-B23)<0,"0",B24-B23) -> 0 | E23: =IF((D24-D23)<0,"0",D24-D23) -> 0 | F23: 1704 | G23: =F24-F23 -> 0 | H23: =C23+E23-G23 -> 0 | I23: =H23-K23-M23-O23-Q23 -> -45648 | J23: =I24-I23 -> -1 | K23: =A23 -> 45648 | M23: 0 | N23: 0 | S23: =(2500*O23)+(2500*P23)+(500*Q23)+(500*R23) -> 0 | U23: =IF((S23-S24+T23)=S23,"0",(S23-S24+T23)) -> 0 | W23: =IF(V24-V23<0,"0",V24-V23) -> 0 | Y23: =IF((X24-X23)<0,"0",X24-X23) -> 0 | AA23: 0 | AB23: =IF((Z23-Z24+AA23)=Z23,"0",(Z23-Z24+AA23)) -> 0
A24: 45649 | C24: =IF((B25-B24)<0,"0",B25-B24) -> 0 | E24: =IF((D25-D24)<0,"0",D25-D24) -> 0 | F24: 1704 | G24: =F25-F24 -> 0 | H24: =C24+E24-G24 -> 0 | I24: =H24-K24-M24-O24-Q24 -> -45649 | J24: =I25-I24 -> -1 | K24: =A24 -> 45649 | M24: 0 | N24: 0 | S24: =(2500*O24)+(2500*P24)+(500*Q24)+(500*R24) -> 0 | U24: =IF((S24-S25+T24)=S24,"0",(S24-S25+T24)) -> 0 | W24: =IF(V25-V24<0,"0",V25-V24) -> 0 | Y24: =IF((X25-X24)<0,"0",X25-X24) -> 0 | AA24: 0 | AB24: =IF((Z24-Z25+AA24)=Z24,"0",(Z24-Z25+AA24)) -> 0
A25: 45650 | C25: =IF((B26-B25)<0,"0",B26-B25) -> 0 | E25: =IF((D26-D25)<0,"0",D26-D25) -> 0 | F25: 1704 | G25: =F26-F25 -> 0 | H25: =C25+E25-G25 -> 0 | I25: =H25-K25-M25-O25-Q25 -> -45650 | J25: =I26-I25 -> -1 | K25: =A25 -> 45650 | M25: 0 | N25: 0 | S25: =(2500*O25)+(2500*P25)+(500*Q25)+(500*R25) -> 0 | U25: =IF((S25-S26+T25)=S25,"0",(S25-S26+T25)) -> 0 | W25: =IF(V26-V25<0,"0",V26-V25) -> 0 | Y25: =IF((X26-X25)<0,"0",X26-X25) -> 0 | AA25: 0 | AB25: =IF((Z25-Z26+AA25)=Z25,"0",(Z25-Z26+AA25)) -> 0
A26: 45651 | C26: =IF((B27-B26)<0,"0",B27-B26) -> 0 | E26: =IF((D27-D26)<0,"0",D27-D26) -> 0 | F26: 1704 | G26: =F27-F26 -> 0 | H26: =C26+E26-G26 -> 0 | I26: =H26-K26-M26-O26-Q26 -> -45651 | J26: =I27-I26 -> -1 | K26: =A26 -> 45651 | M26: 0 | N26: 0 | S26: =(2500*O26)+(2500*P26)+(500*Q26)+(500*R26) -> 0 | U26: =IF((S26-S27+T26)=S26,"0",(S26-S27+T26)) -> 0 | W26: =IF(V27-V26<0,"0",V27-V26) -> 0 | Y26: =IF((X27-X26)<0,"0",X27-X26) -> 0 | AA26: 0 | AB26: =IF((Z26-Z27+AA26)=Z26,"0",(Z26-Z27+AA26)) -> 0
A27: 45652 | C27: =IF((B28-B27)<0,"0",B28-B27) -> 0 | E27: =IF((D28-D27)<0,"0",D28-D27) -> 0 | F27: 1704 | G27: =F28-F27 -> 0 | H27: =C27+E27-G27 -> 0 | I27: =H27-K27-M27-O27-Q27 -> -45652 | J27: =I28-I27 -> -1 | K27: =A27 -> 45652 | M27: 0 | N27: 0 | S27: =(2500*O27)+(2500*P27)+(500*Q27)+(500*R27) -> 0 | U27: =IF((S27-S28+T27)=S27,"0",(S27-S28+T27)) -> 0 | W27: =IF(V28-V27<0,"0",V28-V27) -> 0 | Y27: =IF((X28-X27)<0,"0",X28-X27) -> 0 | AA27: 0 | AB27: =IF((Z27-Z28+AA27)=Z27,"0",(Z27-Z28+AA27)) -> 0
A28: 45653 | C28: =IF((B29-B28)<0,"0",B29-B28) -> 0 | E28: =IF((D29-D28)<0,"0",D29-D28) -> 0 | F28: 1704 | G28: =F29-F28 -> 0 | H28: =C28+E28-G28 -> 0 | I28: =H28-K28-M28-O28-Q28 -> -45653 | J28: =I29-I28 -> -1 | K28: =A28 -> 45653 | N28: 0 | S28: =(2500*O28)+(2500*P28)+(500*Q28)+(500*R28) -> 0 | U28: =IF((S28-S29+T28)=S28,"0",(S28-S29+T28)) -> 0 | W28: =IF(V29-V28<0,"0",V29-V28) -> 0 | Y28: =IF((X29-X28)<0,"0",X29-X28) -> 0 | AA28: 0 | AB28: =IF((Z28-Z29+AA28)=Z28,"0",(Z28-Z29+AA28)) -> 0
A29: 45654 | C29: =IF((B30-B29)<0,"0",B30-B29) -> 0 | E29: =IF((D30-D29)<0,"0",D30-D29) -> 0 | F29: 1704 | G29: =F30-F29 -> 0 | H29: =C29+E29-G29 -> 0 | I29: =H29-K29-M29-O29-Q29 -> -45654 | J29: =I30-I29 -> -1 | K29: =A29 -> 45654 | M29: 0 | N29: 0 | S29: =(2500*O29)+(2500*P29)+(500*Q29)+(500*R29) -> 0 | U29: =IF((S29-S30+T29)=S29,"0",(S29-S30+T29)) -> 0 | W29: =IF(V30-V29<0,"0",V30-V29) -> 0 | Y29: =IF((X30-X29)<0,"0",X30-X29) -> 0 | AA29: 0 | AB29: =IF((Z29-Z30+AA29)=Z29,"0",(Z29-Z30+AA29)) -> 0
A30: 45655 | C30: =IF((B31-B30)<0,"0",B31-B30) -> 0 | E30: =IF((D31-D30)<0,"0",D31-D30) -> 0 | F30: 1704 | G30: =F31-F30 -> 0 | H30: =C30+E30-G30 -> 0 | I30: =H30-K30-M30-O30-Q30 -> -45655 | J30: =I31-I30 -> -1 | K30: =A30 -> 45655 | M30: 0 | N30: 0 | S30: =(2500*O30)+(2500*P30)+(500*Q30)+(500*R30) -> 0 | U30: =IF((S30-S31+T30)=S30,"0",(S30-S31+T30)) -> 0 | W30: =IF(V31-V30<0,"0",V31-V30) -> 0 | Y30: =IF((X31-X30)<0,"0",X31-X30) -> 0 | AA30: 0 | AB30: =IF((Z30-Z31+AA30)=Z30,"0",(Z30-Z31+AA30)) -> 0
A31: 45656 | C31: =IF((B32-B31)<0,"0",B32-B31) -> 0 | E31: =IF((D32-D31)<0,"0",D32-D31) -> 0 | F31: 1704 | G31: =F32-F31 -> 0 | H31: =C31+E31-G31 -> 0 | I31: =H31-K31-M31-O31-Q31 -> -45656 | J31: =I32-I31 -> 45656 | K31: =A31 -> 45656 | M31: 0 | N31: 0 | S31: =(2500*O31)+(2500*P31)+(500*Q31)+(500*R31) -> 0 | U31: =IF((S31-S32+T31)=S31,"0",(S31-S32+T31)) -> 0 | W31: =IF(V32-V31<0,"0",V32-V31) -> 0 | Y31: =IF((X32-X31)<0,"0",X32-X31) -> 0 | AA31: 0 | AB31: =IF((Z31-Z32+AA31)=Z31,"0",(Z31-Z32+AA31)) -> 0
A32: 45658 | F32: 1704 | K32: =A32 -> 45658 | M32: 0 | S32: =(2500*O32)+(2500*P32)+(500*Q32)+(500*R32) -> 0 | AA32: 0 | AC32: 174 | AD32: 370
C33: =SUM(C2:C32) -> 71473 | E33: =SUM(E2:E32) -> 11153 | G33: =SUM(G2:G32) -> 0 | H33: =SUM(H2:H32) -> 82626 | I33: =SUM(I2:I31) -> -1294648 | J33: =SUM(J2:J32) -> 40392.29 | N33: =SUM(N2:N32) -> 0 | T33: =SUM(T2:T32) -> 1855 | U33: =SUM(U2:U32) -> 1195 | W33: =SUM(W2:W32) -> 387 | Y33: =SUM(Y2:Y32) -> 25 | AA33: =SUM(AA2:AA32) -> 0 | AB33: =SUM(AB2:AB32) -> 0 | AC33: =SUM(AC2:AC32) -> 1078 | AD33: =SUM(AD2:AD32) -> 1751
