Workbook

Sheet Total
A1: Site Name | B1: Day | C1: Month | D1: Year | E1: Total Electricity Kwh | F1: Electricity Tariff ($/Kwh) | G1: LPG (Liters) | H1: LPG $/Liter | I1: Water Utility Supply (m3) m3 | J1: Water Utility Supply (m3) $/m3 | K1: District Energy Heating Kwh | L1: District Energy Heating $/Kwh | M1: Total Fuel Oil (Liter) | N1: Fuel Oil $/Liter | O1: Room Nights | P1: Total Guests
A2: Annabelle | B2: 1 | C2: 1 | D2: 2024 | E2: =IF('January 2025'!C2<0,"0",'January 2025'!C2)+(IF('January 2025'!E2<0,"0",'January 2025'!E2)-(IF('January 2025'!G2<0,"0",'January 2025'!G2))) -> 5289 | F2: =('January 2025'!C2*0.27)/('January 2025'!C2+'January 2025'!E2) -> 0.25943279 | G2: ='January 2025'!U2 -> 110 | H2: 0.62 | I2: ='January 2025'!W2 -> 151 | J2: 2.42 | K2: ='January 2025'!AB2*5.04 -> 0 | L2: 0.1151 | M2: ='January 2025'!M2 -> 0 | N2: 0.88 | O2: ='January 2025'!AC2 -> 160 | P2: ='January 2025'!AD2 -> 336
A3: Annabelle | B3: =B2+1 -> 2 | C3: 1 | D3: 2024 | E3: =IF('January 2025'!C3<0,"0",'January 2025'!C3)+(IF('January 2025'!E3<0,"0",'January 2025'!E3)-(IF('January 2025'!G3<0,"0",'January 2025'!G3))) -> 4779 | F3: =('January 2025'!C3*0.27)/('January 2025'!C3+'January 2025'!E3) -> 0.23045198 | G3: ='January 2025'!U3 -> 25 | H3: 0.62 | I3: ='January 2025'!W3 -> 82 | J3: 2.42 | K3: ='January 2025'!AB3*5.04 -> 0 | L3: 0.1151 | M3: ='January 2025'!M3 -> 0 | N3: 0.88 | O3: ='January 2025'!AC3 -> 121 | P3: ='January 2025'!AD3 -> 244
A4: Annabelle | B4: =B3+1 -> 3 | C4: 1 | D4: 2024 | E4: =IF('January 2025'!C4<0,"0",'January 2025'!C4)+(IF('January 2025'!E4<0,"0",'January 2025'!E4)-(IF('January 2025'!G4<0,"0",'January 2025'!G4))) -> 4768 | F4: =('January 2025'!C4*0.27)/('January 2025'!C4+'January 2025'!E4) -> 0.23132341 | G4: ='January 2025'!U4 -> 125 | H4: 0.62 | I4: ='January 2025'!W4 -> 88 | J4: 2.42 | K4: ='January 2025'!AB4*5.04 -> 0 | L4: 0.1151 | M4: ='January 2025'!M4 -> 8000 | N4: 0.88 | O4: ='January 2025'!AC4 -> 107 | P4: ='January 2025'!AD4 -> 211
A5: Annabelle | B5: =B4+1 -> 4 | C5: 1 | D5: 2024 | E5: =IF('January 2025'!C5<0,"0",'January 2025'!C5)+(IF('January 2025'!E5<0,"0",'January 2025'!E5)-(IF('January 2025'!G5<0,"0",'January 2025'!G5))) -> 4935 | F5: =('January 2025'!C5*0.27)/('January 2025'!C5+'January 2025'!E5) -> 0.24806079 | G5: ='January 2025'!U5 -> 50 | H5: 0.62 | I5: ='January 2025'!W5 -> 85 | J5: 2.42 | K5: ='January 2025'!AB5*5.04 -> 0 | L5: 0.1151 | M5: ='January 2025'!M5 -> 0 | N5: 0.88 | O5: ='January 2025'!AC5 -> 84 | P5: ='January 2025'!AD5 -> 166
A6: Annabelle | B6: =B5+1 -> 5 | C6: 1 | D6: 2024 | E6: =IF('January 2025'!C6<0,"0",'January 2025'!C6)+(IF('January 2025'!E6<0,"0",'January 2025'!E6)-(IF('January 2025'!G6<0,"0",'January 2025'!G6))) -> 4005 | F6: =('January 2025'!C6*0.27)/('January 2025'!C6+'January 2025'!E6) -> 0.25968539 | G6: ='January 2025'!U6 -> 75 | H6: 0.62 | I6: ='January 2025'!W6 -> 53 | J6: 2.42 | K6: ='January 2025'!AB6*5.04 -> 0 | L6: 0.1151 | M6: ='January 2025'!M6 -> 0 | N6: 0.88 | O6: ='January 2025'!AC6 -> 73 | P6: ='January 2025'!AD6 -> 140
A7: Annabelle | B7: =B6+1 -> 6 | C7: 1 | D7: 2024 | E7: =IF('January 2025'!C7<0,"0",'January 2025'!C7)+(IF('January 2025'!E7<0,"0",'January 2025'!E7)-(IF('January 2025'!G7<0,"0",'January 2025'!G7))) -> 4066 | F7: =('January 2025'!C7*0.27)/('January 2025'!C7+'January 2025'!E7) -> 0.22411461 | G7: ='January 2025'!U7 -> 25 | H7: 0.62 | I7: ='January 2025'!W7 -> 78 | J7: 2.42 | K7: ='January 2025'!AB7*5.04 -> 0 | L7: 0.1151 | M7: ='January 2025'!M7 -> 0 | N7: 0.88 | O7: ='January 2025'!AC7 -> 67 | P7: ='January 2025'!AD7 -> 112
A8: Annabelle | B8: =B7+1 -> 7 | C8: 1 | D8: 2024 | E8: =IF('January 2025'!C8<0,"0",'January 2025'!C8)+(IF('January 2025'!E8<0,"0",'January 2025'!E8)-(IF('January 2025'!G8<0,"0",'January 2025'!G8))) -> 3390 | F8: =('January 2025'!C8*0.27)/('January 2025'!C8+'January 2025'!E8) -> 0.2390177 | G8: ='January 2025'!U8 -> 125 | H8: 0.62 | I8: ='January 2025'!W8 -> 41 | J8: 2.42 | K8: ='January 2025'!AB8*5.04 -> 3830.4 | L8: 0.1151 | M8: ='January 2025'!M8 -> 0 | N8: 0.88 | O8: ='January 2025'!AC8 -> 55 | P8: ='January 2025'!AD8 -> 93
A9: Annabelle | B9: =B8+1 -> 8 | C9: 1 | D9: 2024 | E9: =IF('January 2025'!C9<0,"0",'January 2025'!C9)+(IF('January 2025'!E9<0,"0",'January 2025'!E9)-(IF('January 2025'!G9<0,"0",'January 2025'!G9))) -> 4393 | F9: =('January 2025'!C9*0.27)/('January 2025'!C9+'January 2025'!E9) -> 0.21388573 | G9: ='January 2025'!U9 -> 0 | H9: 0.62 | I9: ='January 2025'!W9 -> 68 | J9: 2.42 | K9: ='January 2025'!AB9*5.04 -> 6300 | L9: 0.1151 | M9: ='January 2025'!M9 -> 0 | N9: 0.88 | O9: ='January 2025'!AC9 -> 74 | P9: ='January 2025'!AD9 -> 122
A10: Annabelle | B10: =B9+1 -> 9 | C10: 1 | D10: 2024 | E10: =IF('January 2025'!C10<0,"0",'January 2025'!C10)+(IF('January 2025'!E10<0,"0",'January 2025'!E10)-(IF('January 2025'!G10<0,"0",'January 2025'!G10))) -> 4352 | F10: =('January 2025'!C10*0.27)/('January 2025'!C10+'January 2025'!E10) -> 0.22706801 | G10: ='January 2025'!U10 -> 0 | H10: 0.62 | I10: ='January 2025'!W10 -> 56 | J10: 2.42 | K10: ='January 2025'!AB10*5.04 -> 5191.2 | L10: 0.1151 | M10: ='January 2025'!M10 -> 0 | N10: 0.88 | O10: ='January 2025'!AC10 -> 66 | P10: ='January 2025'!AD10 -> 115
A11: Annabelle | B11: =B10+1 -> 10 | C11: 1 | D11: 2024 | E11: =IF('January 2025'!C11<0,"0",'January 2025'!C11)+(IF('January 2025'!E11<0,"0",'January 2025'!E11)-(IF('January 2025'!G11<0,"0",'January 2025'!G11))) -> 4613 | F11: =('January 2025'!C11*0.27)/('January 2025'!C11+'January 2025'!E11) -> 0.23019944 | G11: ='January 2025'!U11 -> 100 | H11: 0.62 | I11: ='January 2025'!W11 -> 69 | J11: 2.42 | K11: ='January 2025'!AB11*5.04 -> 6350.4 | L11: 0.1151 | M11: ='January 2025'!M11 -> 0 | N11: 0.88 | O11: ='January 2025'!AC11 -> 116 | P11: ='January 2025'!AD11 -> 203
A12: Annabelle | B12: =B11+1 -> 11 | C12: 1 | D12: 2024 | E12: =IF('January 2025'!C12<0,"0",'January 2025'!C12)+(IF('January 2025'!E12<0,"0",'January 2025'!E12)-(IF('January 2025'!G12<0,"0",'January 2025'!G12))) -> 4387 | F12: =('January 2025'!C12*0.27)/('January 2025'!C12+'January 2025'!E12) -> 0.22827217 | G12: ='January 2025'!U12 -> 125 | H12: 0.62 | I12: ='January 2025'!W12 -> 77 | J12: 2.42 | K12: ='January 2025'!AB12*5.04 -> 6098.4 | L12: 0.1151 | M12: ='January 2025'!M12 -> 0 | N12: 0.88 | O12: ='January 2025'!AC12 -> 93 | P12: ='January 2025'!AD12 -> 170
A13: Annabelle | B13: =B12+1 -> 12 | C13: 1 | D13: 2024 | E13: =IF('January 2025'!C13<0,"0",'January 2025'!C13)+(IF('January 2025'!E13<0,"0",'January 2025'!E13)-(IF('January 2025'!G13<0,"0",'January 2025'!G13))) -> 4075 | F13: =('January 2025'!C13*0.27)/('January 2025'!C13+'January 2025'!E13) -> 0.23673865 | G13: ='January 2025'!U13 -> 0 | H13: 0.62 | I13: ='January 2025'!W13 -> 72 | J13: 2.42 | K13: ='January 2025'!AB13*5.04 -> 5720.4 | L13: 0.1151 | M13: ='January 2025'!M13 -> 0 | N13: 0.88 | O13: ='January 2025'!AC13 -> 72 | P13: ='January 2025'!AD13 -> 120
A14: Annabelle | B14: =B13+1 -> 13 | C14: 1 | D14: 2024 | E14: =IF('January 2025'!C14<0,"0",'January 2025'!C14)+(IF('January 2025'!E14<0,"0",'January 2025'!E14)-(IF('January 2025'!G14<0,"0",'January 2025'!G14))) -> 4272 | F14: =('January 2025'!C14*0.27)/('January 2025'!C14+'January 2025'!E14) -> 0.22341994 | G14: ='January 2025'!U14 -> 177 | H14: 0.62 | I14: ='January 2025'!W14 -> 60 | J14: 2.42 | K14: ='January 2025'!AB14*5.04 -> 6123.6 | L14: 0.1151 | M14: ='January 2025'!M14 -> 0 | N14: 0.88 | O14: ='January 2025'!AC14 -> 77 | P14: ='January 2025'!AD14 -> 120
... A30: Annabelle | B30: =B29+1 -> 29 | C30: 1 | D30: 2024 | E30: =IF('January 2025'!C30<0,"0",'January 2025'!C30)+(IF('January 2025'!E30<0,"0",'January 2025'!E30)-(IF('January 2025'!G30<0,"0",'January 2025'!G30))) -> 0 | F30: =('January 2025'!C30*0.27)/('January 2025'!C30+'January 2025'!E30) -> #DIV/0! | G30: ='January 2025'!U30 -> 0 | H30: 0.62 | I30: ='January 2025'!W30 -> 0 | J30: 2.42 | K30: ='January 2025'!AB30*5.04 -> 0 | L30: 0.1151 | M30: ='January 2025'!M30 -> 0 | N30: 0.88 | O30: ='January 2025'!AC30 -> 0 | P30: ='January 2025'!AD30 -> 0
A31: Annabelle | B31: =B30+1 -> 30 | C31: 1 | D31: 2024 | E31: =IF('January 2025'!C32<0,"0",'January 2025'!C32)+(IF('January 2025'!E32<0,"0",'January 2025'!E32)-(IF('January 2025'!G32<0,"0",'January 2025'!G32))) -> 0 | F31: =('January 2025'!C32*0.27)/('January 2025'!C32+'January 2025'!E32) -> #DIV/0! | G31: ='January 2025'!U32 -> 0 | H31: 0.62 | I31: ='January 2025'!W32 -> 0 | J31: 2.42 | K31: ='January 2025'!AB32*5.04 -> 0 | L31: 0.1151 | M31: ='January 2025'!M32 -> 0 | N31: 0.88 | O31: ='January 2025'!AC32 -> 0 | P31: ='January 2025'!AD32 -> 0
A32: Annabelle | B32: 31 | C32: 1 | D32: 2024 | E32: =IF('January 2025'!C33<0,"0",'January 2025'!C33)+(IF('January 2025'!E33<0,"0",'January 2025'!E33)-(IF('January 2025'!G33<0,"0",'January 2025'!G33))) -> 0 | F32: =('January 2025'!C33*0.27)/('January 2025'!C33+'January 2025'!E33) -> #DIV/0! | G32: ='January 2025'!U33 -> 0 | H32: 0.62 | I32: ='January 2025'!W33 -> 0 | J32: 2.42 | K32: ='January 2025'!AB33*5.04 -> 0 | L32: 0.1151 | M32: ='January 2025'!M33 -> 0 | N32: 0.88 | O32: ='January 2025'!AC33 -> 174 | P32: ='January 2025'!AD33 -> 370

Sheet January 2025
A1: Date | B1: Purchased Electricity (Kwh) Reading | C1: BOUGHT | D1: Total Renewable Energy Production (Kwh) Reading | E1: PRODUCED | F1: Total Renewable Energy Exported (KWh) Reading | G1: SOLD | H1: HOTEL Electricity (KWh) Consumed incl. --> | I1: HOTEL Electricity (KWh) Consumed excl. --> | J1: Consumed | K1: Date | L1: Fuel Oil Hot-Water Boilers (Liter) Reading | M1: Fuel Oil (Liter) Received | N1: Consumed | O1: LPG % TANK 1 | P1: LPG % TANK 2 | Q1: LPG % TANK 3 | R1: LPG % TANK 4 | S1: LPG (Liter) Reading | T1: LPG (Liter) Received | U1: Consumed | V1: Water Utility Supply (m3) Reading | W1: Consumed | X1: Irrigation Water Supply (m3) Reading | Y1: Consumed | Z1: Pellets (Kg) Reading | AA1: Pellets (Kg) Received | AB1: Consumed | AC1: Room Nights | AD1: Guest Nights
A2: 45658 | B2: 13413585 | C2: =IF((B3-B2)<0,"0",B3-B2) -> 5082 | D2: 622881 | E2: =IF((D3-D2)<0,"0",D3-D2) -> 207 | F2: 1704 | G2: =F3-F2 -> 0 | H2: =C2+E2-G2 -> 5289 | I2: =H2-K2-M2-O2-Q2 -> -40370.34 | J2: =I3-I2 -> -510.94 | K2: =A2 -> 45658 | L2: 2732 | M2: 0 | N2: 0 | O2: 0.73 | P2: 0.72 | Q2: 0.61 | R2: 0.57 | S2: =(2500*O2)+(2500*P2)+(500*Q2)+(500*R2) -> 4215 | U2: =IF((S2-S3+T2)=S2,"0",(S2-S3+T2)) -> 110 | V2: 1263 | W2: =IF(V3-V2<0,"0",V3-V2) -> 151 | X2: 61255 | Y2: =IF((X3-X2)<0,"0",X3-X2) -> 0 | Z2: 11110 | AA2: 0 | AB2: =IF((Z2-Z3+AA2)=Z2,"0",(Z2-Z3+AA2)) -> 0 | AC2: 160 | AD2: 336
A3: 45659 | B3: 13418667 | C3: =IF((B4-B3)<0,"0",B4-B3) -> 4079 | D3: 623088 | E3: =IF((D4-D3)<0,"0",D4-D3) -> 700 | F3: 1704 | G3: =F4-F3 -> 0 | H3: =C3+E3-G3 -> 4779 | I3: =H3-K3-M3-O3-Q3 -> -40881.28 | J3: =I4-I3 -> -8011.99 | K3: =A3 -> 45659 | L3: 2125 | M3: 0 | N3: 0 | O3: 0.72 | P3: 0.7 | Q3: 0.56 | R3: 0.55 | S3: =(2500*O3)+(2500*P3)+(500*Q3)+(500*R3) -> 4105 | U3: =IF((S3-S4+T3)=S3,"0",(S3-S4+T3)) -> 25 | V3: 1414 | W3: =IF(V4-V3<0,"0",V4-V3) -> 82 | X3: 61255 | Y3: =IF((X4-X3)<0,"0",X4-X3) -> 0 | Z3: 11110 | AA3: 0 | AB3: =IF((Z3-Z4+AA3)=Z3,"0",(Z3-Z4+AA3)) -> 0 | AC3: 121 | AD3: 244
A4: 45660 | B4: 13422746 | C4: =IF((B5-B4)<0,"0",B5-B4) -> 4085 | D4: 623788 | E4: =IF((D5-D4)<0,"0",D5-D4) -> 683 | F4: 1704 | G4: =F5-F4 -> 0 | H4: =C4+E4-G4 -> 4768 | I4: =H4-K4-M4-O4-Q4 -> -48893.27 | J4: =I5-I4 -> 8166.04 | K4: =A4 -> 45660 | L4: 1581 | M4: 8000 | N4: 0 | O4: 0.71 | P4: 0.7 | Q4: 0.56 | R4: 0.55 | S4: =(2500*O4)+(2500*P4)+(500*Q4)+(500*R4) -> 4080 | U4: =IF((S4-S5+T4)=S4,"0",(S4-S5+T4)) -> 125 | V4: 1496 | W4: =IF(V5-V4<0,"0",V5-V4) -> 88 | X4: 61255 | Y4: =IF((X5-X4)<0,"0",X5-X4) -> 0 | Z4: 11110 | AA4: 0 | AB4: =IF((Z4-Z5+AA4)=Z4,"0",(Z4-Z5+AA4)) -> 0 | AC4: 107 | AD4: 211
A5: 45661 | B5: 13426831 | C5: =IF((B6-B5)<0,"0",B6-B5) -> 4534 | D5: 624471 | E5: =IF((D6-D5)<0,"0",D6-D5) -> 401 | F5: 1704 | G5: =F6-F5 -> 0 | H5: =C5+E5-G5 -> 4935 | I5: =H5-K5-M5-O5-Q5 -> -40727.23 | J5: =I6-I5 -> -930.99 | K5: =A5 -> 45661 | L5: 8991 | M5: 0 | N5: 0 | O5: 0.67 | P5: 0.69 | Q5: 0.56 | R5: 0.55 | S5: =(2500*O5)+(2500*P5)+(500*Q5)+(500*R5) -> 3955 | U5: =IF((S5-S6+T5)=S5,"0",(S5-S6+T5)) -> 50 | V5: 1584 | W5: =IF(V6-V5<0,"0",V6-V5) -> 85 | X5: 61255 | Y5: =IF((X6-X5)<0,"0",X6-X5) -> 0 | Z5: 11110 | AA5: 0 | AB5: =IF((Z5-Z6+AA5)=Z5,"0",(Z5-Z6+AA5)) -> 0 | AC5: 84 | AD5: 166
A6: 45662 | B6: 13431365 | C6: =IF((B7-B6)<0,"0",B7-B6) -> 3852 | D6: 624872 | E6: =IF((D7-D6)<0,"0",D7-D6) -> 153 | F6: 1704 | G6: =F7-F6 -> 0 | H6: =C6+E6-G6 -> 4005 | I6: =H6-K6-M6-O6-Q6 -> -41658.22 | J6: =I7-I6 -> 60.01 | K6: =A6 -> 45662 | L6: 8359 | M6: 0 | N6: 0 | O6: 0.66 | P6: 0.68 | Q6: 0.56 | R6: 0.55 | S6: =(2500*O6)+(2500*P6)+(500*Q6)+(500*R6) -> 3905 | U6: =IF((S6-S7+T6)=S6,"0",(S6-S7+T6)) -> 75 | V6: 1669 | W6: =IF(V7-V6<0,"0",V7-V6) -> 53 | X6: 61255 | Y6: =IF((X7-X6)<0,"0",X7-X6) -> 0 | Z6: 11110 | AA6: 0 | AB6: =IF((Z6-Z7+AA6)=Z6,"0",(Z6-Z7+AA6)) -> 0 | AC6: 73 | AD6: 140
A7: 45663 | B7: 13435217 | C7: =IF((B8-B7)<0,"0",B8-B7) -> 3375 | D7: 625025 | E7: =IF((D8-D7)<0,"0",D8-D7) -> 691 | F7: 1704 | G7: =F8-F7 -> 0 | H7: =C7+E7-G7 -> 4066 | I7: =H7-K7-M7-O7-Q7 -> -41598.21 | J7: =I8-I7 -> -677 | K7: =A7 -> 45663 | L7: 7764 | M7: 0 | N7: 0 | O7: 0.65 | P7: 0.66 | Q7: 0.56 | R7: 0.55 | S7: =(2500*O7)+(2500*P7)+(500*Q7)+(500*R7) -> 3830 | U7: =IF((S7-S8+T7)=S7,"0",(S7-S8+T7)) -> 25 | V7: 1722 | W7: =IF(V8-V7<0,"0",V8-V7) -> 78 | X7: 61255 | Y7: =IF((X8-X7)<0,"0",X8-X7) -> 0 | Z7: 11110 | AA7: 0 | AB7: =IF((Z7-Z8+AA7)=Z7,"0",(Z7-Z8+AA7)) -> 0 | AC7: 67 | AD7: 112
A8: 45664 | B8: 13438592 | C8: =IF((B9-B8)<0,"0",B9-B8) -> 3001 | D8: 625716 | E8: =IF((D9-D8)<0,"0",D9-D8) -> 389 | F8: 1704 | G8: =F9-F8 -> 0 | H8: =C8+E8-G8 -> 3390 | I8: =H8-K8-M8-O8-Q8 -> -42275.21 | J8: =I9-I8 -> 1002.03 | K8: =A8 -> 45664 | L8: 7146 | M8: 0 | N8: 0 | O8: 0.65 | P8: 0.65 | Q8: 0.56 | R8: 0.55 | S8: =(2500*O8)+(2500*P8)+(500*Q8)+(500*R8) -> 3805 | U8: =IF((S8-S9+T8)=S8,"0",(S8-S9+T8)) -> 125 | V8: 1800 | W8: =IF(V9-V8<0,"0",V9-V8) -> 41 | X8: 61255 | Y8: =IF((X9-X8)<0,"0",X9-X8) -> 0 | Z8: 11110 | AA8: 0 | AB8: =IF((Z8-Z9+AA8)=Z8,"0",(Z8-Z9+AA8)) -> 760 | AC8: 55 | AD8: 93
A9: 45665 | B9: 13441593 | C9: =IF((B10-B9)<0,"0",B10-B9) -> 3480 | D9: 626105 | E9: =IF((D10-D9)<0,"0",D10-D9) -> 913 | F9: 1704 | G9: =F10-F9 -> 0 | H9: =C9+E9-G9 -> 4393 | I9: =H9-K9-M9-O9-Q9 -> -41273.18 | J9: =I10-I9 -> -41.99 | K9: =A9 -> 45665 | L9: 6432 | M9: 0 | N9: 0 | O9: 0.62 | P9: 0.63 | Q9: 0.56 | R9: 0.55 | S9: =(2500*O9)+(2500*P9)+(500*Q9)+(500*R9) -> 3680 | U9: =IF((S9-S10+T9)=S9,"0",(S9-S10+T9)) -> 0 | V9: 1841 | W9: =IF(V10-V9<0,"0",V10-V9) -> 68 | X9: 61255 | Y9: =IF((X10-X9)<0,"0",X10-X9) -> 0 | Z9: 10350 | AA9: 0 | AB9: =IF((Z9-Z10+AA9)=Z9,"0",(Z9-Z10+AA9)) -> 1250 | AC9: 74 | AD9: 122
A10: 45666 | B10: 13445073 | C10: =IF((B11-B10)<0,"0",B11-B10) -> 3660 | D10: 627018 | E10: =IF((D11-D10)<0,"0",D11-D10) -> 692 | F10: 1704 | G10: =F11-F10 -> 0 | H10: =C10+E10-G10 -> 4352 | I10: =H10-K10-M10-O10-Q10 -> -41315.17 | J10: =I11-I10 -> 260 | K10: =A10 -> 45666 | L10: 6432 | M10: 0 | N10: 0 | O10: 0.61 | P10: 0.64 | Q10: 0.56 | R10: 0.55 | S10: =(2500*O10)+(2500*P10)+(500*Q10)+(500*R10) -> 3680 | U10: =IF((S10-S11+T10)=S10,"0",(S10-S11+T10)) -> 0 | V10: 1909 | W10: =IF(V11-V10<0,"0",V11-V10) -> 56 | X10: 61255 | Y10: =IF((X11-X10)<0,"0",X11-X10) -> 0 | Z10: 9100 | AA10: 0 | AB10: =IF((Z10-Z11+AA10)=Z10,"0",(Z10-Z11+AA10)) -> 1030 | AC10: 66 | AD10: 115
A11: 45667 | B11: 13448733 | C11: =IF((B12-B11)<0,"0",B12-B11) -> 3933 | D11: 627710 | E11: =IF((D12-D11)<0,"0",D12-D11) -> 680 | F11: 1704 | G11: =F12-F11 -> 0 | H11: =C11+E11-G11 -> 4613 | I11: =H11-K11-M11-O11-Q11 -> -41055.17 | J11: =I12-I11 -> -226.98 | K11: =A11 -> 45667 | L11: 6432 | M11: 0 | N11: 0 | O11: 0.61 | P11: 0.64 | Q11: 0.56 | R11: 0.55 | S11: =(2500*O11)+(2500*P11)+(500*Q11)+(500*R11) -> 3680 | U11: =IF((S11-S12+T11)=S11,"0",(S11-S12+T11)) -> 100 | V11: 1965 | W11: =IF(V12-V11<0,"0",V12-V11) -> 69 | X11: 61255 | Y11: =IF((X12-X11)<0,"0",X12-X11) -> 0 | Z11: 8070 | AA11: 0 | AB11: =IF((Z11-Z12+AA11)=Z11,"0",(Z11-Z12+AA11)) -> 1260 | AC11: 116 | AD11: 203
A12: 45668 | B12: 13452666 | C12: =IF((B13-B12)<0,"0",B13-B12) -> 3709 | D12: 628390 | E12: =IF((D13-D12)<0,"0",D13-D12) -> 678 | F12: 1704 | G12: =F13-F12 -> 0 | H12: =C12+E12-G12 -> 4387 | I12: =H12-K12-M12-O12-Q12 -> -41282.15 | J12: =I13-I12 -> -312.97 | K12: =A12 -> 45668 | L12: 6432 | M12: 0 | N12: 0 | O12: 0.59 | P12: 0.62 | Q12: 0.56 | R12: 0.55 | S12: =(2500*O12)+(2500*P12)+(500*Q12)+(500*R12) -> 3580 | U12: =IF((S12-S13+T12)=S12,"0",(S12-S13+T12)) -> 125 | V12: 2034 | W12: =IF(V13-V12<0,"0",V13-V12) -> 77 | X12: 61255 | Y12: =IF((X13-X12)<0,"0",X13-X12) -> 0 | Z12: 6810 | AA12: 0 | AB12: =IF((Z12-Z13+AA12)=Z12,"0",(Z12-Z13+AA12)) -> 1210 | AC12: 93 | AD12: 170
A13: 45669 | B13: 13456375 | C13: =IF((B14-B13)<0,"0",B14-B13) -> 3573 | D13: 629068 | E13: =IF((D14-D13)<0,"0",D14-D13) -> 502 | F13: 1704 | G13: =F14-F13 -> 0 | H13: =C13+E13-G13 -> 4075 | I13: =H13-K13-M13-O13-Q13 -> -41595.12 | J13: =I14-I13 -> 196 | K13: =A13 -> 45669 | L13: 6432 | M13: 0 | N13: 0 | O13: 0.56 | P13: 0.6 | Q13: 0.56 | R13: 0.55 | S13: =(2500*O13)+(2500*P13)+(500*Q13)+(500*R13) -> 3455 | U13: =IF((S13-S14+T13)=S13,"0",(S13-S14+T13)) -> 0 | V13: 2111 | W13: =IF(V14-V13<0,"0",V14-V13) -> 72 | X13: 61255 | Y13: =IF((X14-X13)<0,"0",X14-X13) -> 0 | Z13: 5600 | AA13: 0 | AB13: =IF((Z13-Z14+AA13)=Z13,"0",(Z13-Z14+AA13)) -> 1135 | AC13: 72 | AD13: 120
A14: 45670 | B14: 13459948 | C14: =IF((B15-B14)<0,"0",B15-B14) -> 3535 | D14: 629570 | E14: =IF((D15-D14)<0,"0",D15-D14) -> 737 | F14: 1704 | G14: =F15-F14 -> 0 | H14: =C14+E14-G14 -> 4272 | I14: =H14-K14-M14-O14-Q14 -> -41399.12 | J14: =I15-I14 -> -411.23 | K14: =A14 -> 45670 | L14: 6432 | M14: 0 | N14: 0 | O14: 0.56 | P14: 0.6 | Q14: 0.56 | R14: 0.55 | S14: =(2500*O14)+(2500*P14)+(500*Q14)+(500*R14) -> 3455 | T14: 1217 | U14: =IF((S14-S15+T14)=S14,"0",(S14-S15+T14)) -> 177 | V14: 2183 | W14: =IF(V15-V14<0,"0",V15-V14) -> 60 | X14: 61255 | Y14: =IF((X15-X14)<0,"0",X15-X14) -> 0 | Z14: 4465 | AA14: 0 | AB14: =IF((Z14-Z15+AA14)=Z14,"0",(Z14-Z15+AA14)) -> 1215 | AC14: 77 | AD14: 120
A15: 45671 | B15: 13463483 | C15: =IF((B16-B15)<0,"0",B16-B15) -> 3136 | D15: 630307 | E15: =IF((D16-D15)<0,"0",D16-D15) -> 726 | F15: 1704 | G15: =F16-F15 -> 0 | H15: =C15+E15-G15 -> 3862 | I15: =H15-K15-M15-O15-Q15 -> -41810.35 | J15: =I16-I15 -> 540.01 | K15: =A15 -> 45671 | L15: 6432 | M15: 0 | N15: 0 | O15: 0.81 | P15: 0.77 | Q15: 0.54 | R15: 0.55 | S15: =(2500*O15)+(2500*P15)+(500*Q15)+(500*R15) -> 4495 | U15: =IF((S15-S16+T15)=S15,"0",(S15-S16+T15)) -> 25 | V15: 2243 | W15: =IF(V16-V15<0,"0",V16-V15) -> 54 | X15: 61255 | Y15: =IF((X16-X15)<0,"0",X16-X15) -> 3 | Z15: 3250 | AA15: 0 | AB15: =IF((Z15-Z16+AA15)=Z15,"0",(Z15-Z16+AA15)) -> 1070 | AC15: 64 | AD15: 101
A16: 45672 | B16: 13466619 | C16: =IF((B17-B16)<0,"0",B17-B16) -> 3686 | D16: 631033 | E16: =IF((D17-D16)<0,"0",D17-D16) -> 717 | F16: 1704 | G16: =F17-F16 -> 0 | H16: =C16+E16-G16 -> 4403 | I16: =H16-K16-M16-O16-Q16 -> -41270.34 | J16: =I17-I16 -> 139.02 | K16: =A16 -> 45672 | L16: 6432 | M16: 0 | N16: 0 | O16: 0.8 | P16: 0.77 | Q16: 0.54 | R16: 0.55 | S16: =(2500*O16)+(2500*P16)+(500*Q16)+(500*R16) -> 4470 | U16: =IF((S16-S17+T16)=S16,"0",(S16-S17+T16)) -> 100 | V16: 2297 | W16: =IF(V17-V16<0,"0",V17-V16) -> 59 | X16: 61258 | Y16: =IF((X17-X16)<0,"0",X17-X16) -> 3 | Z16: 2180 | AA16: 8170 | AB16: =IF((Z16-Z17+AA16)=Z16,"0",(Z16-Z17+AA16)) -> 1040 | AC16: 62 | AD16: 97
A17: 45673 | B17: 13470305 | C17: =IF((B18-B17)<0,"0",B18-B17) -> 3791 | D17: 631750 | E17: =IF((D18-D17)<0,"0",D18-D17) -> 752 | F17: 1704 | G17: =F18-F17 -> 0 | H17: =C17+E17-G17 -> 4543 | I17: =H17-K17-M17-O17-Q17 -> -41131.32 | J17: =I18-I17 -> 278.03 | K17: =A17 -> 45673 | L17: 6432 | M17: 0 | N17: 0 | O17: 0.78 | P17: 0.75 | Q17: 0.54 | R17: 0.55 | S17: =(2500*O17)+(2500*P17)+(500*Q17)+(500*R17) -> 4370 | U17: =IF((S17-S18+T17)=S17,"0",(S17-S18+T17)) -> 100 | V17: 2356 | W17: =IF(V18-V17<0,"0",V18-V17) -> 72 | X17: 61261 | Y17: =IF((X18-X17)<0,"0",X18-X17) -> 1 | Z17: 9310 | AA17: 0 | AB17: =IF((Z17-Z18+AA17)=Z17,"0",(Z17-Z18+AA17)) -> 1150 | AC17: 88 | AD17: 139
A18: 45674 | B18: 13474096 | C18: =IF((B19-B18)<0,"0",B19-B18) -> 4056 | D18: 632502 | E18: =IF((D19-D18)<0,"0",D19-D18) -> 766 | F18: 1704 | G18: =F19-F18 -> 0 | H18: =C18+E18-G18 -> 4822 | I18: =H18-K18-M18-O18-Q18 -> -40853.29 | J18: =I19-I18 -> 245.02 | K18: =A18 -> 45674 | L18: 6432 | M18: 0 | N18: 0 | O18: 0.75 | P18: 0.74 | Q18: 0.54 | R18: 0.55 | S18: =(2500*O18)+(2500*P18)+(500*Q18)+(500*R18) -> 4270 | U18: =IF((S18-S19+T18)=S18,"0",(S18-S19+T18)) -> 50 | V18: 2428 | W18: =IF(V19-V18<0,"0",V19-V18) -> 71 | X18: 61262 | Y18: =IF((X19-X18)<0,"0",X19-X18) -> 2 | Z18: 8160 | AA18: 0 | AB18: =IF((Z18-Z19+AA18)=Z18,"0",(Z18-Z19+AA18)) -> 1320 | AC18: 104 | AD18: 173
A19: 45675 | B19: 13478152 | C19: =IF((B20-B19)<0,"0",B20-B19) -> 4273 | D19: 633268 | E19: =IF((D20-D19)<0,"0",D20-D19) -> 795 | F19: 1704 | G19: =F20-F19 -> 0 | H19: =C19+E19-G19 -> 5068 | I19: =H19-K19-M19-O19-Q19 -> -40608.27 | J19: =I20-I19 -> -505.98 | K19: =A19 -> 45675 | L19: 6432 | M19: 0 | N19: 0 | O19: 0.73 | P19: 0.74 | Q19: 0.54 | R19: 0.55 | S19: =(2500*O19)+(2500*P19)+(500*Q19)+(500*R19) -> 4220 | U19: =IF((S19-S20+T19)=S19,"0",(S19-S20+T19)) -> 105 | V19: 2499 | W19: =IF(V20-V19<0,"0",V20-V19) -> 91 | X19: 61264 | Y19: =IF((X20-X19)<0,"0",X20-X19) -> 0 | Z19: 6840 | AA19: 0 | AB19: =IF((Z19-Z20+AA19)=Z19,"0",(Z19-Z20+AA19)) -> 1530 | AC19: 114 | AD19: 205
A20: 45676 | B20: 13482425 | C20: =IF((B21-B20)<0,"0",B21-B20) -> 4249 | D20: 634063 | E20: =IF((D21-D20)<0,"0",D21-D20) -> 314 | F20: 1704 | G20: =F21-F20 -> 0 | H20: =C20+E20-G20 -> 4563 | I20: =H20-K20-M20-O20-Q20 -> -41114.25 | J20: =I21-I20 -> -4563.99 | K20: =A20 -> 45676 | L20: 6432 | M20: 0 | N20: 0 | O20: 0.72 | P20: 0.71 | Q20: 0.53 | R20: 0.55 | S20: =(2500*O20)+(2500*P20)+(500*Q20)+(500*R20) -> 4115 | U20: =IF((S20-S21+T20)=S20,"0",(S20-S21+T20)) -> 25 | V20: 2590 | W20: =IF(V21-V20<0,"0",V21-V20) -> 75 | X20: 61264 | Y20: =IF((X21-X20)<0,"0",X21-X20) -> 0 | Z20: 5310 | AA20: 0 | AB20: =IF((Z20-Z21+AA20)=Z20,"0",(Z20-Z21+AA20)) -> 1310 | AC20: 70 | AD20: 115
A21: 45677 | B21: 13486674 | C21: =IF((B22-B21)<0,"0",B22-B21) -> 0 | D21: 634377 | E21: =IF((D22-D21)<0,"0",D22-D21) -> 0 | F21: 1704 | G21: =F22-F21 -> 0 | H21: =C21+E21-G21 -> 0 | I21: =H21-K21-M21-O21-Q21 -> -45678.24 | J21: =I22-I21 -> 0.24 | K21: =A21 -> 45677 | L21: 6432 | M21: 0 | N21: 0 | O21: 0.71 | P21: 0.71 | Q21: 0.53 | R21: 0.55 | S21: =(2500*O21)+(2500*P21)+(500*Q21)+(500*R21) -> 4090 | U21: =IF((S21-S22+T21)=S21,"0",(S21-S22+T21)) -> 0 | V21: 2665 | W21: =IF(V22-V21<0,"0",V22-V21) -> 0 | X21: 61264 | Y21: =IF((X22-X21)<0,"0",X22-X21) -> 0 | Z21: 4000 | AA21: 0 | AB21: =IF((Z21-Z22+AA21)=Z21,"0",(Z21-Z22+AA21)) -> 0
A22: 45678 | C22: =IF((B23-B22)<0,"0",B23-B22) -> 0 | E22: =IF((D23-D22)<0,"0",D23-D22) -> 0 | F22: 1704 | G22: =F23-F22 -> 0 | H22: =C22+E22-G22 -> 0 | I22: =H22-K22-M22-O22-Q22 -> -45678 | J22: =I23-I22 -> -1 | K22: =A22 -> 45678 | M22: 0 | N22: 0 | S22: =(2500*O22)+(2500*P22)+(500*Q22)+(500*R22) -> 0 | U22: =IF((S22-S23+T22)=S22,"0",(S22-S23+T22)) -> 0 | W22: =IF(V23-V22<0,"0",V23-V22) -> 0 | Y22: =IF((X23-X22)<0,"0",X23-X22) -> 0 | AA22: 0 | AB22: =IF((Z22-Z23+AA22)=Z22,"0",(Z22-Z23+AA22)) -> 0
A23: 45679 | C23: =IF((B24-B23)<0,"0",B24-B23) -> 0 | E23: =IF((D24-D23)<0,"0",D24-D23) -> 0 | F23: 1704 | G23: =F24-F23 -> 0 | H23: =C23+E23-G23 -> 0 | I23: =H23-K23-M23-O23-Q23 -> -45679 | J23: =I24-I23 -> -1 | K23: =A23 -> 45679 | M23: 0 | N23: 0 | S23: =(2500*O23)+(2500*P23)+(500*Q23)+(500*R23) -> 0 | U23: =IF((S23-S24+T23)=S23,"0",(S23-S24+T23)) -> 0 | W23: =IF(V24-V23<0,"0",V24-V23) -> 0 | Y23: =IF((X24-X23)<0,"0",X24-X23) -> 0 | AA23: 0 | AB23: =IF((Z23-Z24+AA23)=Z23,"0",(Z23-Z24+AA23)) -> 0
A24: 45680 | C24: =IF((B25-B24)<0,"0",B25-B24) -> 0 | E24: =IF((D25-D24)<0,"0",D25-D24) -> 0 | F24: 1704 | G24: =F25-F24 -> 0 | H24: =C24+E24-G24 -> 0 | I24: =H24-K24-M24-O24-Q24 -> -45680 | J24: =I25-I24 -> -1 | K24: =A24 -> 45680 | M24: 0 | N24: 0 | S24: =(2500*O24)+(2500*P24)+(500*Q24)+(500*R24) -> 0 | U24: =IF((S24-S25+T24)=S24,"0",(S24-S25+T24)) -> 0 | W24: =IF(V25-V24<0,"0",V25-V24) -> 0 | Y24: =IF((X25-X24)<0,"0",X25-X24) -> 0 | AA24: 0 | AB24: =IF((Z24-Z25+AA24)=Z24,"0",(Z24-Z25+AA24)) -> 0
A25: 45681 | C25: =IF((B26-B25)<0,"0",B26-B25) -> 0 | E25: =IF((D26-D25)<0,"0",D26-D25) -> 0 | F25: 1704 | G25: =F26-F25 -> 0 | H25: =C25+E25-G25 -> 0 | I25: =H25-K25-M25-O25-Q25 -> -45681 | J25: =I26-I25 -> -1 | K25: =A25 -> 45681 | M25: 0 | N25: 0 | S25: =(2500*O25)+(2500*P25)+(500*Q25)+(500*R25) -> 0 | U25: =IF((S25-S26+T25)=S25,"0",(S25-S26+T25)) -> 0 | W25: =IF(V26-V25<0,"0",V26-V25) -> 0 | Y25: =IF((X26-X25)<0,"0",X26-X25) -> 0 | AA25: 0 | AB25: =IF((Z25-Z26+AA25)=Z25,"0",(Z25-Z26+AA25)) -> 0
A26: 45682 | C26: =IF((B27-B26)<0,"0",B27-B26) -> 0 | E26: =IF((D27-D26)<0,"0",D27-D26) -> 0 | F26: 1704 | G26: =F27-F26 -> 0 | H26: =C26+E26-G26 -> 0 | I26: =H26-K26-M26-O26-Q26 -> -45682 | J26: =I27-I26 -> -1 | K26: =A26 -> 45682 | M26: 0 | N26: 0 | S26: =(2500*O26)+(2500*P26)+(500*Q26)+(500*R26) -> 0 | U26: =IF((S26-S27+T26)=S26,"0",(S26-S27+T26)) -> 0 | W26: =IF(V27-V26<0,"0",V27-V26) -> 0 | Y26: =IF((X27-X26)<0,"0",X27-X26) -> 0 | AA26: 0 | AB26: =IF((Z26-Z27+AA26)=Z26,"0",(Z26-Z27+AA26)) -> 0
A27: 45683 | C27: =IF((B28-B27)<0,"0",B28-B27) -> 0 | E27: =IF((D28-D27)<0,"0",D28-D27) -> 0 | F27: 1704 | G27: =F28-F27 -> 0 | H27: =C27+E27-G27 -> 0 | I27: =H27-K27-M27-O27-Q27 -> -45683 | J27: =I28-I27 -> -1 | K27: =A27 -> 45683 | M27: 0 | N27: 0 | S27: =(2500*O27)+(2500*P27)+(500*Q27)+(500*R27) -> 0 | U27: =IF((S27-S28+T27)=S27,"0",(S27-S28+T27)) -> 0 | W27: =IF(V28-V27<0,"0",V28-V27) -> 0 | Y27: =IF((X28-X27)<0,"0",X28-X27) -> 0 | AA27: 0 | AB27: =IF((Z27-Z28+AA27)=Z27,"0",(Z27-Z28+AA27)) -> 0
A28: 45684 | C28: =IF((B29-B28)<0,"0",B29-B28) -> 0 | E28: =IF((D29-D28)<0,"0",D29-D28) -> 0 | F28: 1704 | G28: =F29-F28 -> 0 | H28: =C28+E28-G28 -> 0 | I28: =H28-K28-M28-O28-Q28 -> -45684 | J28: =I29-I28 -> -1 | K28: =A28 -> 45684 | M28: 0 | N28: 0 | S28: =(2500*O28)+(2500*P28)+(500*Q28)+(500*R28) -> 0 | U28: =IF((S28-S29+T28)=S28,"0",(S28-S29+T28)) -> 0 | W28: =IF(V29-V28<0,"0",V29-V28) -> 0 | Y28: =IF((X29-X28)<0,"0",X29-X28) -> 0 | AA28: 0 | AB28: =IF((Z28-Z29+AA28)=Z28,"0",(Z28-Z29+AA28)) -> 0
A29: 45685 | C29: =IF((B30-B29)<0,"0",B30-B29) -> 0 | E29: =IF((D30-D29)<0,"0",D30-D29) -> 0 | F29: 1704 | G29: =F30-F29 -> 0 | H29: =C29+E29-G29 -> 0 | I29: =H29-K29-M29-O29-Q29 -> -45685 | J29: =I30-I29 -> -1 | K29: =A29 -> 45685 | M29: 0 | N29: 0 | S29: =(2500*O29)+(2500*P29)+(500*Q29)+(500*R29) -> 0 | U29: =IF((S29-S30+T29)=S29,"0",(S29-S30+T29)) -> 0 | W29: =IF(V30-V29<0,"0",V30-V29) -> 0 | Y29: =IF((X30-X29)<0,"0",X30-X29) -> 0 | AA29: 0 | AB29: =IF((Z29-Z30+AA29)=Z29,"0",(Z29-Z30+AA29)) -> 0
A30: 45686 | C30: =IF((B32-B30)<0,"0",B32-B30) -> 0 | E30: =IF((D32-D30)<0,"0",D32-D30) -> 0 | F30: 1704 | G30: =F32-F30 -> 0 | H30: =C30+E30-G30 -> 0 | I30: =H30-K30-M30-O30-Q30 -> -45686 | J30: =I32-I30 -> -2 | K30: =A30 -> 45686 | M30: 0 | N30: 0 | S30: =(2500*O30)+(2500*P30)+(500*Q30)+(500*R30) -> 0 | U30: =IF((S30-S31+T30)=S30,"0",(S30-S31+T30)) -> 0 | W30: =IF(V32-V30<0,"0",V32-V30) -> 0 | Y30: =IF((X32-X30)<0,"0",X32-X30) -> 0 | AA30: 0 | AB30: =IF((Z30-Z32+AA30)=Z30,"0",(Z30-Z32+AA30)) -> 0
A31: 45687 | C31: =IF((B33-B31)<0,"0",B33-B31) -> 0 | E31: =IF((D32-D31)<0,"0",D32-D31) -> 0 | F31: 1704 | G31: =F32-F31 -> 0 | H31: =C31+E31-G31 -> 0 | I31: =H31-K31-M31-O31-Q31 -> -45687 | J31: =I32-I31 -> -1 | K31: =A31 -> 45687 | M31: 0 | N31: 0 | S31: =(2500*O31)+(2500*P31)+(500*Q31)+(500*R31) -> 0 | U31: =IF((S31-S32+T31)=S31,"0",(S31-S32+T31)) -> 0 | W31: =IF(V32-V31<0,"0",V32-V31) -> 0 | Y31: =IF((X32-X31)<0,"0",X32-X31) -> 0 | AA31: 0 | AB31: =IF((Z31-Z32+AA31)=Z31,"0",(Z31-Z32+AA31)) -> 0
A32: 45688 | C32: =IF((B34-B32)<0,"0",B34-B32) -> 0 | E32: =IF((D33-D32)<0,"0",D33-D32) -> 0 | F32: 1704 | G32: =F33-F32 -> 0 | H32: =C32+E32-G32 -> 0 | I32: =H32-K32-M32-O32-Q32 -> -45688 | J32: =I33-I32 -> 45688 | K32: =A32 -> 45688 | M32: 0 | N32: 0 | S32: =(2500*O32)+(2500*P32)+(500*Q32)+(500*R32) -> 0 | U32: =IF((S32-S33+T32)=S32,"0",(S32-S33+T32)) -> 0 | W32: =IF(V33-V32<0,"0",V33-V32) -> 0 | Y32: =IF((X33-X32)<0,"0",X33-X32) -> 0 | AA32: 0 | AB32: =IF((Z32-Z33+AA32)=Z32,"0",(Z32-Z33+AA32)) -> 0
A33: 45689 | F33: 1704 | K33: =A33 -> 45689 | M33: 0 | S33: =(2500*O33)+(2500*P33)+(500*Q33)+(500*R33) -> 0 | AA33: 0 | AC33: 174 | AD33: 370
C34: =SUM(C2:C33) -> 73089 | E34: =SUM(E2:E33) -> 11496 | G34: =SUM(G2:G33) -> 0 | H34: =SUM(H2:H33) -> 84585 | I34: =SUM(I2:I32) -> -1339302.7 | J34: =SUM(J2:J33) -> 40369.34 | N34: =SUM(N2:N33) -> 0 | T34: =SUM(T2:T33) -> 1217 | U34: =SUM(U2:U33) -> 1342 | W34: =SUM(W2:W33) -> 1402 | Y34: =SUM(Y2:Y33) -> 9 | AA34: =SUM(AA2:AA33) -> 8170 | AB34: =SUM(AB2:AB33) -> 15280 | AC34: =SUM(AC2:AC33) -> 1841 | AD34: =SUM(AD2:AD33) -> 3352
