Workbook

Sheet Total
A1: Site Name | B1: Day | C1: Month | D1: Year | E1: Total Electricity Kwh | F1: Electricity Tariff ($/Kwh) | G1: LPG (Liters) | H1: LPG $/Liter | I1: Water Utility Supply (m3) m3 | J1: Water Utility Supply (m3) $/m3 | K1: District Energy Heating Kwh | L1: District Energy Heating $/Kwh | M1: Total Fuel Oil (Liter) | N1: Fuel Oil $/Liter | O1: Room Nights | P1: Total Guests
A2: Annabelle | B2: 1 | C2: 2 | D2: 2025 | E2: =IF('February 2025'!C2<0,"0",'February 2025'!C2)+(IF('February 2025'!E2<0,"0",'February 2025'!E2)-(IF('February 2025'!G2<0,"0",'February 2025'!G2))) -> 4724 | F2: =('February 2025'!C2*0.27)/('February 2025'!C2+'February 2025'!E2) -> 0.21833192 | G2: ='February 2025'!U2 -> 175 | H2: 0.62 | I2: ='February 2025'!W2 -> 76 | J2: 2.42 | K2: ='February 2025'!AB2*5.04 -> 6048 | L2: 0.1151 | M2: ='February 2025'!M2 -> 0 | N2: 0.88 | O2: ='February 2025'!AC2 -> 109 | P2: ='February 2025'!AD2 -> 199
A3: Annabelle | B3: =B2+1 -> 2 | C3: 2 | D3: 2025 | E3: =IF('February 2025'!C3<0,"0",'February 2025'!C3)+(IF('February 2025'!E3<0,"0",'February 2025'!E3)-(IF('February 2025'!G3<0,"0",'February 2025'!G3))) -> 4425 | F3: =('February 2025'!C3*0.27)/('February 2025'!C3+'February 2025'!E3) -> 0.25413559 | G3: ='February 2025'!U3 -> 45 | H3: 0.62 | I3: ='February 2025'!W3 -> 82 | J3: 2.42 | K3: ='February 2025'!AB3*5.04 -> 6501.6 | L3: 0.1151 | M3: ='February 2025'!M3 -> 0 | N3: 0.88 | O3: ='February 2025'!AC3 -> 63 | P3: ='February 2025'!AD3 -> 104
A4: Annabelle | B4: =B3+1 -> 3 | C4: 2 | D4: 2025 | E4: =IF('February 2025'!C4<0,"0",'February 2025'!C4)+(IF('February 2025'!E4<0,"0",'February 2025'!E4)-(IF('February 2025'!G4<0,"0",'February 2025'!G4))) -> 4275 | F4: =('February 2025'!C4*0.27)/('February 2025'!C4+'February 2025'!E4) -> 0.23223158 | G4: ='February 2025'!U4 -> 25 | H4: 0.62 | I4: ='February 2025'!W4 -> 58 | J4: 2.42 | K4: ='February 2025'!AB4*5.04 -> 6350.4 | L4: 0.1151 | M4: ='February 2025'!M4 -> 0 | N4: 0.88 | O4: ='February 2025'!AC4 -> 61 | P4: ='February 2025'!AD4 -> 96
A5: Annabelle | B5: =B4+1 -> 4 | C5: 2 | D5: 2025 | E5: =IF('February 2025'!C5<0,"0",'February 2025'!C5)+(IF('February 2025'!E5<0,"0",'February 2025'!E5)-(IF('February 2025'!G5<0,"0",'February 2025'!G5))) -> 4277 | F5: =('February 2025'!C5*0.27)/('February 2025'!C5+'February 2025'!E5) -> 0.21356325 | G5: ='February 2025'!U5 -> 25 | H5: 0.62 | I5: ='February 2025'!W5 -> 72 | J5: 2.42 | K5: ='February 2025'!AB5*5.04 -> 6098.4 | L5: 0.1151 | M5: ='February 2025'!M5 -> 0 | N5: 0.88 | O5: ='February 2025'!AC5 -> 71 | P5: ='February 2025'!AD5 -> 103
A6: Annabelle | B6: =B5+1 -> 5 | C6: 2 | D6: 2025 | E6: =IF('February 2025'!C6<0,"0",'February 2025'!C6)+(IF('February 2025'!E6<0,"0",'February 2025'!E6)-(IF('February 2025'!G6<0,"0",'February 2025'!G6))) -> 4523 | F6: =('February 2025'!C6*0.27)/('February 2025'!C6+'February 2025'!E6) -> 0.2221247 | G6: ='February 2025'!U6 -> 150 | H6: 0.62 | I6: ='February 2025'!W6 -> 58 | J6: 2.42 | K6: ='February 2025'!AB6*5.04 -> 6678 | L6: 0.1151 | M6: ='February 2025'!M6 -> 0 | N6: 0.88 | O6: ='February 2025'!AC6 -> 84 | P6: ='February 2025'!AD6 -> 128
A7: Annabelle | B7: =B6+1 -> 6 | C7: 2 | D7: 2025 | E7: =IF('February 2025'!C7<0,"0",'February 2025'!C7)+(IF('February 2025'!E7<0,"0",'February 2025'!E7)-(IF('February 2025'!G7<0,"0",'February 2025'!G7))) -> 4742 | F7: =('February 2025'!C7*0.27)/('February 2025'!C7+'February 2025'!E7) -> 0.21647828 | G7: ='February 2025'!U7 -> 25 | H7: 0.62 | I7: ='February 2025'!W7 -> 66 | J7: 2.42 | K7: ='February 2025'!AB7*5.04 -> 7358.4 | L7: 0.1151 | M7: ='February 2025'!M7 -> 0 | N7: 0.88 | O7: ='February 2025'!AC7 -> 85 | P7: ='February 2025'!AD7 -> 140
A8: Annabelle | B8: =B7+1 -> 7 | C8: 2 | D8: 2025 | E8: =IF('February 2025'!C8<0,"0",'February 2025'!C8)+(IF('February 2025'!E8<0,"0",'February 2025'!E8)-(IF('February 2025'!G8<0,"0",'February 2025'!G8))) -> 4750 | F8: =('February 2025'!C8*0.27)/('February 2025'!C8+'February 2025'!E8) -> 0.23112 | G8: ='February 2025'!U8 -> 125 | H8: 0.62 | I8: ='February 2025'!W8 -> 87 | J8: 2.42 | K8: ='February 2025'!AB8*5.04 -> 6930 | L8: 0.1151 | M8: ='February 2025'!M8 -> 0 | N8: 0.88 | O8: ='February 2025'!AC8 -> 127 | P8: ='February 2025'!AD8 -> 206
A9: Annabelle | B9: =B8+1 -> 8 | C9: 2 | D9: 2025 | E9: =IF('February 2025'!C9<0,"0",'February 2025'!C9)+(IF('February 2025'!E9<0,"0",'February 2025'!E9)-(IF('February 2025'!G9<0,"0",'February 2025'!G9))) -> 4962 | F9: =('February 2025'!C9*0.27)/('February 2025'!C9+'February 2025'!E9) -> 0.21487908 | G9: ='February 2025'!U9 -> 50 | H9: 0.62 | I9: ='February 2025'!W9 -> 91 | J9: 2.42 | K9: ='February 2025'!AB9*5.04 -> 7358.4 | L9: 0.1151 | M9: ='February 2025'!M9 -> 0 | N9: 0.88 | O9: ='February 2025'!AC9 -> 140 | P9: ='February 2025'!AD9 -> 239
A10: Annabelle | B10: =B9+1 -> 9 | C10: 2 | D10: 2025 | E10: =IF('February 2025'!C10<0,"0",'February 2025'!C10)+(IF('February 2025'!E10<0,"0",'February 2025'!E10)-(IF('February 2025'!G10<0,"0",'February 2025'!G10))) -> 4903 | F10: =('February 2025'!C10*0.27)/('February 2025'!C10+'February 2025'!E10) -> 0.24720171 | G10: ='February 2025'!U10 -> 25 | H10: 0.62 | I10: ='February 2025'!W10 -> 80 | J10: 2.42 | K10: ='February 2025'!AB10*5.04 -> 8442 | L10: 0.1151 | M10: ='February 2025'!M10 -> 0 | N10: 0.88 | O10: ='February 2025'!AC10 -> 120 | P10: ='February 2025'!AD10 -> 190
A11: Annabelle | B11: =B10+1 -> 10 | C11: 2 | D11: 2025 | E11: =IF('February 2025'!C11<0,"0",'February 2025'!C11)+(IF('February 2025'!E11<0,"0",'February 2025'!E11)-(IF('February 2025'!G11<0,"0",'February 2025'!G11))) -> 4780 | F11: =('February 2025'!C11*0.27)/('February 2025'!C11+'February 2025'!E11) -> 0.23113808 | G11: ='February 2025'!U11 -> 533 | H11: 0.62 | I11: ='February 2025'!W11 -> 92 | J11: 2.42 | K11: ='February 2025'!AB11*5.04 -> 9198 | L11: 0.1151 | M11: ='February 2025'!M11 -> 0 | N11: 0.88 | O11: ='February 2025'!AC11 -> 121 | P11: ='February 2025'!AD11 -> 188
A12: Annabelle | B12: =B11+1 -> 11 | C12: 2 | D12: 2025 | E12: =IF('February 2025'!C12<0,"0",'February 2025'!C12)+(IF('February 2025'!E12<0,"0",'February 2025'!E12)-(IF('February 2025'!G12<0,"0",'February 2025'!G12))) -> 4866 | F12: =('February 2025'!C12*0.27)/('February 2025'!C12+'February 2025'!E12) -> 0.21762022 | G12: ='February 2025'!U12 -> 75 | H12: 0.62 | I12: ='February 2025'!W12 -> 86 | J12: 2.42 | K12: ='February 2025'!AB12*5.04 -> 9399.6 | L12: 0.1151 | M12: ='February 2025'!M12 -> 0 | N12: 0.88 | O12: ='February 2025'!AC12 -> 125 | P12: ='February 2025'!AD12 -> 186
A13: Annabelle | B13: =B12+1 -> 12 | C13: 2 | D13: 2025 | E13: =IF('February 2025'!C13<0,"0",'February 2025'!C13)+(IF('February 2025'!E13<0,"0",'February 2025'!E13)-(IF('February 2025'!G13<0,"0",'February 2025'!G13))) -> 4484 | F13: =('February 2025'!C13*0.27)/('February 2025'!C13+'February 2025'!E13) -> 0.22586307 | G13: ='February 2025'!U13 -> 75 | H13: 0.62 | I13: ='February 2025'!W13 -> 77 | J13: 2.42 | K13: ='February 2025'!AB13*5.04 -> 8618.4 | L13: 0.1151 | M13: ='February 2025'!M13 -> 0 | N13: 0.88 | O13: ='February 2025'!AC13 -> 81 | P13: ='February 2025'!AD13 -> 129
A14: Annabelle | B14: =B13+1 -> 13 | C14: 2 | D14: 2025 | E14: =IF('February 2025'!C14<0,"0",'February 2025'!C14)+(IF('February 2025'!E14<0,"0",'February 2025'!E14)-(IF('February 2025'!G14<0,"0",'February 2025'!G14))) -> 4984 | F14: =('February 2025'!C14*0.27)/('February 2025'!C14+'February 2025'!E14) -> 0.21701846 | G14: ='February 2025'!U14 -> 50 | H14: 0.62 | I14: ='February 2025'!W14 -> 68 | J14: 2.42 | K14: ='February 2025'!AB14*5.04 -> -36943.2 | L14: 0.1151 | M14: ='February 2025'!M14 -> 0 | N14: 0.88 | O14: ='February 2025'!AC14 -> 85 | P14: ='February 2025'!AD14 -> 139
... A28: Annabelle | B28: =B27+1 -> 27 | C28: 2 | D28: 2025 | E28: =IF('February 2025'!C28<0,"0",'February 2025'!C28)+(IF('February 2025'!E28<0,"0",'February 2025'!E28)-(IF('February 2025'!G28<0,"0",'February 2025'!G28))) -> 0 | F28: =('February 2025'!C28*0.27)/('February 2025'!C28+'February 2025'!E28) -> #DIV/0! | G28: ='February 2025'!U28 -> 0 | H28: 0.62 | I28: ='February 2025'!W28 -> 0 | J28: 2.42 | K28: ='February 2025'!AB28*5.04 -> 0 | L28: 0.1151 | M28: ='February 2025'!M28 -> 0 | N28: 0.88 | O28: ='February 2025'!AC28 -> 0 | P28: ='February 2025'!AD28 -> 0
A29: Annabelle | B29: 28 | C29: 2 | D29: 2025 | E29: =IF('February 2025'!C30<0,"0",'February 2025'!C30)+(IF('February 2025'!E30<0,"0",'February 2025'!E30)-(IF('February 2025'!G30<0,"0",'February 2025'!G30))) -> 0 | F29: =('February 2025'!C30*0.27)/('February 2025'!C30+'February 2025'!E30) -> #DIV/0! | G29: ='February 2025'!U30 -> 0 | H29: 0.62 | I29: ='February 2025'!W30 -> 0 | J29: 2.42 | K29: ='February 2025'!AB30*5.04 -> 0 | L29: 0.1151 | M29: ='February 2025'!M30 -> 0 | N29: 0.88 | O29: ='February 2025'!AC30 -> 174 | P29: ='February 2025'!AD30 -> 370

Sheet February 2025
A1: Date | B1: Purchased Electricity (Kwh) Reading | C1: BOUGHT | D1: Total Renewable Energy Production (Kwh) Reading | E1: PRODUCED | F1: Total Renewable Energy Exported (KWh) Reading | G1: SOLD | H1: HOTEL Electricity (KWh) Consumed incl. --> | I1: HOTEL Electricity (KWh) Consumed excl. --> | J1: Consumed | K1: Date | L1: Fuel Oil Hot-Water Boilers (Liter) Reading | M1: Fuel Oil (Liter) Received | N1: Consumed | O1: LPG % TANK 1 | P1: LPG % TANK 2 | Q1: LPG % TANK 3 | R1: LPG % TANK 4 | S1: LPG (Liter) Reading | T1: LPG (Liter) Received | U1: Consumed | V1: Water Utility Supply (m3) Reading | W1: Consumed | X1: Irrigation Water Supply (m3) Reading | Y1: Consumed | Z1: Pellets (Kg) Reading | AA1: Pellets (Kg) Received | AB1: Consumed | AC1: Room Nights | AD1: Guest Nights
A2: 45689 | B2: 13530866 | C2: =IF((B3-B2)<0,"0",B3-B2) -> 3820 | D2: 643145 | E2: =IF((D3-D2)<0,"0",D3-D2) -> 904 | F2: 1704 | G2: =F3-F2 -> 0 | H2: =C2+E2-G2 -> 4724 | I2: =H2-K2-M2-O2-Q2 -> -40966.59 | J2: =I3-I2 -> -299.96 | K2: =A2 -> 45689 | L2: 6432 | M2: 0 | N2: =IF((L2-L3+M2)=L2,"0",(L2-L3+M2)) -> 0 | O2: 0.74 | P2: 0.75 | Q2: 0.85 | R2: 0.76 | S2: =(2500*O2)+(2500*P2)+(500*Q2)+(500*R2) -> 4530 | U2: =IF((S2-S3+T2)=S2,"0",(S2-S3+T2)) -> 175 | V2: 3440 | W2: =IF(V3-V2<0,"0",V3-V2) -> 76 | X2: 61265 | Y2: =IF((X3-X2)<0,"0",X3-X2) -> 0 | Z2: 10525 | AA2: 0 | AB2: =IF((Z2-Z3+AA2)=Z2,"0",(Z2-Z3+AA2)) -> 1200 | AC2: 109 | AD2: 199
A3: 45690 | B3: 13534686 | C3: =IF((B4-B3)<0,"0",B4-B3) -> 4165 | D3: 644049 | E3: =IF((D4-D3)<0,"0",D4-D3) -> 260 | F3: 1704 | G3: =F4-F3 -> 0 | H3: =C3+E3-G3 -> 4425 | I3: =H3-K3-M3-O3-Q3 -> -41266.55 | J3: =I4-I3 -> -150.97 | K3: =A3 -> 45690 | L3: 6432 | M3: 0 | N3: =IF((L3-L4+M3)=L3,"0",(L3-L4+M3)) -> 0 | O3: 0.7 | P3: 0.72 | Q3: 0.85 | R3: 0.76 | S3: =(2500*O3)+(2500*P3)+(500*Q3)+(500*R3) -> 4355 | U3: =IF((S3-S4+T3)=S3,"0",(S3-S4+T3)) -> 45 | V3: 3516 | W3: =IF(V4-V3<0,"0",V4-V3) -> 82 | X3: 61265 | Y3: =IF((X4-X3)<0,"0",X4-X3) -> 0 | Z3: 9325 | AA3: 0 | AB3: =IF((Z3-Z4+AA3)=Z3,"0",(Z3-Z4+AA3)) -> 1290 | AC3: 63 | AD3: 104
A4: 45691 | B4: 13538851 | C4: =IF((B5-B4)<0,"0",B5-B4) -> 3677 | D4: 644309 | E4: =IF((D5-D4)<0,"0",D5-D4) -> 598 | F4: 1704 | G4: =F5-F4 -> 0 | H4: =C4+E4-G4 -> 4275 | I4: =H4-K4-M4-O4-Q4 -> -41417.52 | J4: =I5-I4 -> 1 | K4: =A4 -> 45691 | L4: 6432 | M4: 0 | N4: =IF((L4-L5+M4)=L4,"0",(L4-L5+M4)) -> 0 | O4: 0.7 | P4: 0.71 | Q4: 0.82 | R4: 0.75 | S4: =(2500*O4)+(2500*P4)+(500*Q4)+(500*R4) -> 4310 | U4: =IF((S4-S5+T4)=S4,"0",(S4-S5+T4)) -> 25 | V4: 3598 | W4: =IF(V5-V4<0,"0",V5-V4) -> 58 | X4: 61265 | Y4: =IF((X5-X4)<0,"0",X5-X4) -> 0 | Z4: 8035 | AA4: 0 | AB4: =IF((Z4-Z5+AA4)=Z4,"0",(Z4-Z5+AA4)) -> 1260 | AC4: 61 | AD4: 96
A5: 45692 | B5: 13542528 | C5: =IF((B6-B5)<0,"0",B6-B5) -> 3383 | D5: 644907 | E5: =IF((D6-D5)<0,"0",D6-D5) -> 894 | F5: 1704 | G5: =F6-F5 -> 0 | H5: =C5+E5-G5 -> 4277 | I5: =H5-K5-M5-O5-Q5 -> -41416.52 | J5: =I6-I5 -> 245 | K5: =A5 -> 45692 | L5: 6432 | M5: 0 | N5: =IF((L5-L6+M5)=L5,"0",(L5-L6+M5)) -> 0 | O5: 0.7 | P5: 0.7 | Q5: 0.82 | R5: 0.75 | S5: =(2500*O5)+(2500*P5)+(500*Q5)+(500*R5) -> 4285 | U5: =IF((S5-S6+T5)=S5,"0",(S5-S6+T5)) -> 25 | V5: 3656 | W5: =IF(V6-V5<0,"0",V6-V5) -> 72 | X5: 61265 | Y5: =IF((X6-X5)<0,"0",X6-X5) -> 0 | Z5: 6775 | AA5: 0 | AB5: =IF((Z5-Z6+AA5)=Z5,"0",(Z5-Z6+AA5)) -> 1210 | AC5: 71 | AD5: 103
A6: 45693 | B6: 13545911 | C6: =IF((B7-B6)<0,"0",B7-B6) -> 3721 | D6: 645801 | E6: =IF((D7-D6)<0,"0",D7-D6) -> 802 | F6: 1704 | G6: =F7-F6 -> 0 | H6: =C6+E6-G6 -> 4523 | I6: =H6-K6-M6-O6-Q6 -> -41171.52 | J6: =I7-I6 -> 218.04 | K6: =A6 -> 45693 | L6: 6432 | M6: 0 | N6: =IF((L6-L7+M6)=L6,"0",(L6-L7+M6)) -> 0 | O6: 0.7 | P6: 0.69 | Q6: 0.82 | R6: 0.75 | S6: =(2500*O6)+(2500*P6)+(500*Q6)+(500*R6) -> 4260 | U6: =IF((S6-S7+T6)=S6,"0",(S6-S7+T6)) -> 150 | V6: 3728 | W6: =IF(V7-V6<0,"0",V7-V6) -> 58 | X6: 61265 | Y6: =IF((X7-X6)<0,"0",X7-X6) -> 0 | Z6: 5565 | AA6: 0 | AB6: =IF((Z6-Z7+AA6)=Z6,"0",(Z6-Z7+AA6)) -> 1325 | AC6: 84 | AD6: 128
A7: 45694 | B7: 13549632 | C7: =IF((B8-B7)<0,"0",B8-B7) -> 3802 | D7: 646603 | E7: =IF((D8-D7)<0,"0",D8-D7) -> 940 | F7: 1704 | G7: =F8-F7 -> 0 | H7: =C7+E7-G7 -> 4742 | I7: =H7-K7-M7-O7-Q7 -> -40953.48 | J7: =I8-I7 -> 7.01 | K7: =A7 -> 45694 | L7: 6432 | M7: 0 | N7: =IF((L7-L8+M7)=L7,"0",(L7-L8+M7)) -> 0 | O7: 0.66 | P7: 0.67 | Q7: 0.82 | R7: 0.75 | S7: =(2500*O7)+(2500*P7)+(500*Q7)+(500*R7) -> 4110 | U7: =IF((S7-S8+T7)=S7,"0",(S7-S8+T7)) -> 25 | V7: 3786 | W7: =IF(V8-V7<0,"0",V8-V7) -> 66 | X7: 61265 | Y7: =IF((X8-X7)<0,"0",X8-X7) -> 0 | Z7: 4240 | AA7: 0 | AB7: =IF((Z7-Z8+AA7)=Z7,"0",(Z7-Z8+AA7)) -> 1460 | AC7: 85 | AD7: 140
A8: 45695 | B8: 13553434 | C8: =IF((B9-B8)<0,"0",B9-B8) -> 4066 | D8: 647543 | E8: =IF((D9-D8)<0,"0",D9-D8) -> 684 | F8: 1704 | G8: =F9-F8 -> 0 | H8: =C8+E8-G8 -> 4750 | I8: =H8-K8-M8-O8-Q8 -> -40946.47 | J8: =I9-I8 -> 211.03 | K8: =A8 -> 45695 | L8: 6432 | M8: 0 | N8: =IF((L8-L9+M8)=L8,"0",(L8-L9+M8)) -> 0 | O8: 0.65 | P8: 0.67 | Q8: 0.82 | R8: 0.75 | S8: =(2500*O8)+(2500*P8)+(500*Q8)+(500*R8) -> 4085 | U8: =IF((S8-S9+T8)=S8,"0",(S8-S9+T8)) -> 125 | V8: 3852 | W8: =IF(V9-V8<0,"0",V9-V8) -> 87 | X8: 61265 | Y8: =IF((X9-X8)<0,"0",X9-X8) -> 0 | Z8: 2780 | AA8: 8010 | AB8: =IF((Z8-Z9+AA8)=Z8,"0",(Z8-Z9+AA8)) -> 1375 | AC8: 127 | AD8: 206
A9: 45696 | B9: 13557500 | C9: =IF((B10-B9)<0,"0",B10-B9) -> 3949 | D9: 648227 | E9: =IF((D10-D9)<0,"0",D10-D9) -> 1013 | F9: 1704 | G9: =F10-F9 -> 0 | H9: =C9+E9-G9 -> 4962 | I9: =H9-K9-M9-O9-Q9 -> -40735.44 | J9: =I10-I9 -> -59.99 | K9: =A9 -> 45696 | L9: 6432 | M9: 0 | N9: =IF((L9-L10+M9)=L9,"0",(L9-L10+M9)) -> 0 | O9: 0.62 | P9: 0.65 | Q9: 0.82 | R9: 0.75 | S9: =(2500*O9)+(2500*P9)+(500*Q9)+(500*R9) -> 3960 | U9: =IF((S9-S10+T9)=S9,"0",(S9-S10+T9)) -> 50 | V9: 3939 | W9: =IF(V10-V9<0,"0",V10-V9) -> 91 | X9: 61265 | Y9: =IF((X10-X9)<0,"0",X10-X9) -> 0 | Z9: 9415 | AA9: 0 | AB9: =IF((Z9-Z10+AA9)=Z9,"0",(Z9-Z10+AA9)) -> 1460 | AC9: 140 | AD9: 239
A10: 45697 | B10: 13561449 | C10: =IF((B11-B10)<0,"0",B11-B10) -> 4489 | D10: 649240 | E10: =IF((D11-D10)<0,"0",D11-D10) -> 414 | F10: 1704 | G10: =F11-F10 -> 0 | H10: =C10+E10-G10 -> 4903 | I10: =H10-K10-M10-O10-Q10 -> -40795.43 | J10: =I11-I10 -> -124 | K10: =A10 -> 45697 | L10: 6432 | M10: 0 | N10: =IF((L10-L11+M10)=L10,"0",(L10-L11+M10)) -> 0 | O10: 0.61 | P10: 0.64 | Q10: 0.82 | R10: 0.75 | S10: =(2500*O10)+(2500*P10)+(500*Q10)+(500*R10) -> 3910 | U10: =IF((S10-S11+T10)=S10,"0",(S10-S11+T10)) -> 25 | V10: 4030 | W10: =IF(V11-V10<0,"0",V11-V10) -> 80 | X10: 61265 | Y10: =IF((X11-X10)<0,"0",X11-X10) -> 0 | Z10: 7955 | AA10: 0 | AB10: =IF((Z10-Z11+AA10)=Z10,"0",(Z10-Z11+AA10)) -> 1675 | AC10: 120 | AD10: 190
A11: 45698 | B11: 13565938 | C11: =IF((B12-B11)<0,"0",B12-B11) -> 4092 | D11: 649654 | E11: =IF((D12-D11)<0,"0",D12-D11) -> 688 | F11: 1704 | G11: =F12-F11 -> 0 | H11: =C11+E11-G11 -> 4780 | I11: =H11-K11-M11-O11-Q11 -> -40919.43 | J11: =I12-I11 -> 84.8 | K11: =A11 -> 45698 | L11: 6432 | M11: 0 | N11: =IF((L11-L12+M11)=L11,"0",(L11-L12+M11)) -> 0 | O11: 0.61 | P11: 0.63 | Q11: 0.82 | R11: 0.75 | S11: =(2500*O11)+(2500*P11)+(500*Q11)+(500*R11) -> 3885 | T11: 1408 | U11: =IF((S11-S12+T11)=S11,"0",(S11-S12+T11)) -> 533 | V11: 4110 | W11: =IF(V12-V11<0,"0",V12-V11) -> 92 | X11: 61265 | Y11: =IF((X12-X11)<0,"0",X12-X11) -> 0 | Z11: 6280 | AA11: 0 | AB11: =IF((Z11-Z12+AA11)=Z11,"0",(Z11-Z12+AA11)) -> 1825 | AC11: 121 | AD11: 188
A12: 45699 | B12: 13570030 | C12: =IF((B13-B12)<0,"0",B13-B12) -> 3922 | D12: 650342 | E12: =IF((D13-D12)<0,"0",D13-D12) -> 944 | F12: 1704 | G12: =F13-F12 -> 0 | H12: =C12+E12-G12 -> 4866 | I12: =H12-K12-M12-O12-Q12 -> -40834.63 | J12: =I13-I12 -> -382.98 | K12: =A12 -> 45699 | L12: 6432 | M12: 0 | N12: =IF((L12-L13+M12)=L12,"0",(L12-L13+M12)) -> 0 | O12: 0.81 | P12: 0.78 | Q12: 0.82 | R12: 0.75 | S12: =(2500*O12)+(2500*P12)+(500*Q12)+(500*R12) -> 4760 | U12: =IF((S12-S13+T12)=S12,"0",(S12-S13+T12)) -> 75 | V12: 4202 | W12: =IF(V13-V12<0,"0",V13-V12) -> 86 | X12: 61265 | Y12: =IF((X13-X12)<0,"0",X13-X12) -> 0 | Z12: 4455 | AA12: 0 | AB12: =IF((Z12-Z13+AA12)=Z12,"0",(Z12-Z13+AA12)) -> 1865 | AC12: 125 | AD12: 186
A13: 45700 | B13: 13573952 | C13: =IF((B14-B13)<0,"0",B14-B13) -> 3751 | D13: 651286 | E13: =IF((D14-D13)<0,"0",D14-D13) -> 733 | F13: 1704 | G13: =F14-F13 -> 0 | H13: =C13+E13-G13 -> 4484 | I13: =H13-K13-M13-O13-Q13 -> -41217.61 | J13: =I14-I13 -> 499.02 | K13: =A13 -> 45700 | L13: 6432 | M13: 0 | N13: =IF((L13-L14+M13)=L13,"0",(L13-L14+M13)) -> 0 | O13: 0.79 | P13: 0.77 | Q13: 0.82 | R13: 0.75 | S13: =(2500*O13)+(2500*P13)+(500*Q13)+(500*R13) -> 4685 | U13: =IF((S13-S14+T13)=S13,"0",(S13-S14+T13)) -> 75 | V13: 4288 | W13: =IF(V14-V13<0,"0",V14-V13) -> 77 | X13: 61265 | Y13: =IF((X14-X13)<0,"0",X14-X13) -> 0 | Z13: 2590 | AA13: 0 | AB13: =IF((Z13-Z14+AA13)=Z13,"0",(Z13-Z14+AA13)) -> 1710 | AC13: 81 | AD13: 129
A14: 45701 | B14: 13577703 | C14: =IF((B15-B14)<0,"0",B15-B14) -> 4006 | D14: 652019 | E14: =IF((D15-D14)<0,"0",D15-D14) -> 978 | F14: 1704 | G14: =F15-F14 -> 0 | H14: =C14+E14-G14 -> 4984 | I14: =H14-K14-M14-O14-Q14 -> -40718.59 | J14: =I15-I14 -> 101.01 | K14: =A14 -> 45701 | L14: 6432 | M14: 0 | N14: =IF((L14-L15+M14)=L14,"0",(L14-L15+M14)) -> 297 | O14: 0.77 | P14: 0.76 | Q14: 0.82 | R14: 0.75 | S14: =(2500*O14)+(2500*P14)+(500*Q14)+(500*R14) -> 4610 | U14: =IF((S14-S15+T14)=S14,"0",(S14-S15+T14)) -> 50 | V14: 4365 | W14: =IF(V15-V14<0,"0",V15-V14) -> 68 | X14: 61265 | Y14: =IF((X15-X14)<0,"0",X15-X14) -> 0 | Z14: 880 | AA14: 0 | AB14: =IF((Z14-Z15+AA14)=Z14,"0",(Z14-Z15+AA14)) -> -7330 | AC14: 85 | AD14: 139
A15: 45702 | B15: 13581709 | C15: =IF((B16-B15)<0,"0",B16-B15) -> 4074 | D15: 652997 | E15: =IF((D16-D15)<0,"0",D16-D15) -> 1012 | F15: 1704 | G15: =F16-F15 -> 0 | H15: =C15+E15-G15 -> 5086 | I15: =H15-K15-M15-O15-Q15 -> -40617.58 | J15: =I16-I15 -> -65.99 | K15: =A15 -> 45702 | L15: 6135 | M15: 0 | N15: =IF((L15-L16+M15)=L15,"0",(L15-L16+M15)) -> 341 | O15: 0.76 | P15: 0.75 | Q15: 0.82 | R15: 0.75 | S15: =(2500*O15)+(2500*P15)+(500*Q15)+(500*R15) -> 4560 | U15: =IF((S15-S16+T15)=S15,"0",(S15-S16+T15)) -> 50 | V15: 4433 | W15: =IF(V16-V15<0,"0",V16-V15) -> 83 | X15: 61265 | Y15: =IF((X16-X15)<0,"0",X16-X15) -> 0 | Z15: 8210 | AA15: 0 | AB15: =IF((Z15-Z16+AA15)=Z15,"0",(Z15-Z16+AA15)) -> 865 | AC15: 117 | AD15: 203
A16: 45703 | B16: 13585783 | C16: =IF((B17-B16)<0,"0",B17-B16) -> 4090 | D16: 654009 | E16: =IF((D17-D16)<0,"0",D17-D16) -> 931 | F16: 1704 | G16: =F17-F16 -> 0 | H16: =C16+E16-G16 -> 5021 | I16: =H16-K16-M16-O16-Q16 -> -40683.57 | J16: =I17-I16 -> -180 | K16: =A16 -> 45703 | L16: 5794 | M16: 0 | N16: =IF((L16-L17+M16)=L16,"0",(L16-L17+M16)) -> 510 | O16: 0.75 | P16: 0.74 | Q16: 0.82 | R16: 0.75 | S16: =(2500*O16)+(2500*P16)+(500*Q16)+(500*R16) -> 4510 | U16: =IF((S16-S17+T16)=S16,"0",(S16-S17+T16)) -> 25 | V16: 4516 | W16: =IF(V17-V16<0,"0",V17-V16) -> 89 | X16: 61265 | Y16: =IF((X17-X16)<0,"0",X17-X16) -> 0 | Z16: 7345 | AA16: 0 | AB16: =IF((Z16-Z17+AA16)=Z16,"0",(Z16-Z17+AA16)) -> 910 | AC16: 155 | AD16: 288
A17: 45704 | B17: 13589873 | C17: =IF((B18-B17)<0,"0",B18-B17) -> 3778 | D17: 654940 | E17: =IF((D18-D17)<0,"0",D18-D17) -> 1064 | F17: 1704 | G17: =F18-F17 -> 0 | H17: =C17+E17-G17 -> 4842 | I17: =H17-K17-M17-O17-Q17 -> -40863.57 | J17: =I18-I17 -> -4842.98 | K17: =A17 -> 45704 | L17: 5284 | M17: 0 | N17: =IF((L17-L18+M17)=L17,"0",(L17-L18+M17)) -> 458 | O17: 0.75 | P17: 0.73 | Q17: 0.82 | R17: 0.75 | S17: =(2500*O17)+(2500*P17)+(500*Q17)+(500*R17) -> 4485 | U17: =IF((S17-S18+T17)=S17,"0",(S17-S18+T17)) -> 100 | V17: 4605 | W17: =IF(V18-V17<0,"0",V18-V17) -> 78 | X17: 61265 | Y17: =IF((X18-X17)<0,"0",X18-X17) -> 0 | Z17: 6435 | AA17: 0 | AB17: =IF((Z17-Z18+AA17)=Z17,"0",(Z17-Z18+AA17)) -> 610 | AC17: 92 | AD17: 163
A18: 45705 | B18: 13593651 | C18: =IF((B19-B18)<0,"0",B19-B18) -> 0 | D18: 656004 | E18: =IF((D19-D18)<0,"0",D19-D18) -> 0 | F18: 1704 | G18: =F19-F18 -> 0 | H18: =C18+E18-G18 -> 0 | I18: =H18-K18-M18-O18-Q18 -> -45706.55 | J18: =I19-I18 -> 0.55 | K18: =A18 -> 45705 | L18: 4826 | M18: 0 | N18: =IF((L18-L19+M18)=L18,"0",(L18-L19+M18)) -> 0 | O18: 0.73 | P18: 0.71 | Q18: 0.82 | R18: 0.75 | S18: =(2500*O18)+(2500*P18)+(500*Q18)+(500*R18) -> 4385 | U18: =IF((S18-S19+T18)=S18,"0",(S18-S19+T18)) -> 0 | V18: 4683 | W18: =IF(V19-V18<0,"0",V19-V18) -> 0 | X18: 61265 | Y18: =IF((X19-X18)<0,"0",X19-X18) -> 0 | Z18: 5825 | AA18: 0 | AB18: =IF((Z18-Z19+AA18)=Z18,"0",(Z18-Z19+AA18)) -> 0
A19: 45706 | C19: =IF((B20-B19)<0,"0",B20-B19) -> 0 | E19: =IF((D20-D19)<0,"0",D20-D19) -> 0 | F19: 1704 | G19: =F20-F19 -> 0 | H19: =C19+E19-G19 -> 0 | I19: =H19-K19-M19-O19-Q19 -> -45706 | J19: =I20-I19 -> -1 | K19: =A19 -> 45706 | M19: 0 | N19: =IF((L19-L20+M19)=L19,"0",(L19-L20+M19)) -> 0 | S19: =(2500*O19)+(2500*P19)+(500*Q19)+(500*R19) -> 0 | U19: =IF((S19-S20+T19)=S19,"0",(S19-S20+T19)) -> 0 | W19: =IF(V20-V19<0,"0",V20-V19) -> 0 | Y19: =IF((X20-X19)<0,"0",X20-X19) -> 0 | AA19: 0 | AB19: =IF((Z19-Z20+AA19)=Z19,"0",(Z19-Z20+AA19)) -> 0
A20: 45707 | C20: =IF((B21-B20)<0,"0",B21-B20) -> 0 | E20: =IF((D21-D20)<0,"0",D21-D20) -> 0 | F20: 1704 | G20: =F21-F20 -> 0 | H20: =C20+E20-G20 -> 0 | I20: =H20-K20-M20-O20-Q20 -> -45707 | J20: =I21-I20 -> -1 | K20: =A20 -> 45707 | M20: 0 | N20: =IF((L20-L21+M20)=L20,"0",(L20-L21+M20)) -> 0 | S20: =(2500*O20)+(2500*P20)+(500*Q20)+(500*R20) -> 0 | U20: =IF((S20-S21+T20)=S20,"0",(S20-S21+T20)) -> 0 | W20: =IF(V21-V20<0,"0",V21-V20) -> 0 | Y20: =IF((X21-X20)<0,"0",X21-X20) -> 0 | AA20: 0 | AB20: =IF((Z20-Z21+AA20)=Z20,"0",(Z20-Z21+AA20)) -> 0
A21: 45708 | C21: =IF((B22-B21)<0,"0",B22-B21) -> 0 | E21: =IF((D22-D21)<0,"0",D22-D21) -> 0 | F21: 1704 | G21: =F22-F21 -> 0 | H21: =C21+E21-G21 -> 0 | I21: =H21-K21-M21-O21-Q21 -> -45708 | J21: =I22-I21 -> -1 | K21: =A21 -> 45708 | M21: 0 | N21: =IF((L21-L22+M21)=L21,"0",(L21-L22+M21)) -> 0 | S21: =(2500*O21)+(2500*P21)+(500*Q21)+(500*R21) -> 0 | U21: =IF((S21-S22+T21)=S21,"0",(S21-S22+T21)) -> 0 | W21: =IF(V22-V21<0,"0",V22-V21) -> 0 | Y21: =IF((X22-X21)<0,"0",X22-X21) -> 0 | AA21: 0 | AB21: =IF((Z21-Z22+AA21)=Z21,"0",(Z21-Z22+AA21)) -> 0
A22: 45709 | C22: =IF((B23-B22)<0,"0",B23-B22) -> 0 | E22: =IF((D23-D22)<0,"0",D23-D22) -> 0 | F22: 1704 | G22: =F23-F22 -> 0 | H22: =C22+E22-G22 -> 0 | I22: =H22-K22-M22-O22-Q22 -> -45709 | J22: =I23-I22 -> -1 | K22: =A22 -> 45709 | M22: 0 | N22: =IF((L22-L23+M22)=L22,"0",(L22-L23+M22)) -> 0 | S22: =(2500*O22)+(2500*P22)+(500*Q22)+(500*R22) -> 0 | U22: =IF((S22-S23+T22)=S22,"0",(S22-S23+T22)) -> 0 | W22: =IF(V23-V22<0,"0",V23-V22) -> 0 | Y22: =IF((X23-X22)<0,"0",X23-X22) -> 0 | AA22: 0 | AB22: =IF((Z22-Z23+AA22)=Z22,"0",(Z22-Z23+AA22)) -> 0
A23: 45710 | C23: =IF((B24-B23)<0,"0",B24-B23) -> 0 | E23: =IF((D24-D23)<0,"0",D24-D23) -> 0 | F23: 1704 | G23: =F24-F23 -> 0 | H23: =C23+E23-G23 -> 0 | I23: =H23-K23-M23-O23-Q23 -> -45710 | J23: =I24-I23 -> -1 | K23: =A23 -> 45710 | M23: 0 | N23: =IF((L23-L24+M23)=L23,"0",(L23-L24+M23)) -> 0 | S23: =(2500*O23)+(2500*P23)+(500*Q23)+(500*R23) -> 0 | U23: =IF((S23-S24+T23)=S23,"0",(S23-S24+T23)) -> 0 | W23: =IF(V24-V23<0,"0",V24-V23) -> 0 | Y23: =IF((X24-X23)<0,"0",X24-X23) -> 0 | AA23: 0 | AB23: =IF((Z23-Z24+AA23)=Z23,"0",(Z23-Z24+AA23)) -> 0
A24: 45711 | C24: =IF((B25-B24)<0,"0",B25-B24) -> 0 | E24: =IF((D25-D24)<0,"0",D25-D24) -> 0 | F24: 1704 | G24: =F25-F24 -> 0 | H24: =C24+E24-G24 -> 0 | I24: =H24-K24-M24-O24-Q24 -> -45711 | J24: =I25-I24 -> -1 | K24: =A24 -> 45711 | M24: 0 | N24: =IF((L24-L25+M24)=L24,"0",(L24-L25+M24)) -> 0 | S24: =(2500*O24)+(2500*P24)+(500*Q24)+(500*R24) -> 0 | U24: =IF((S24-S25+T24)=S24,"0",(S24-S25+T24)) -> 0 | W24: =IF(V25-V24<0,"0",V25-V24) -> 0 | Y24: =IF((X25-X24)<0,"0",X25-X24) -> 0 | AA24: 0 | AB24: =IF((Z24-Z25+AA24)=Z24,"0",(Z24-Z25+AA24)) -> 0
A25: 45712 | C25: =IF((B26-B25)<0,"0",B26-B25) -> 0 | E25: =IF((D26-D25)<0,"0",D26-D25) -> 0 | F25: 1704 | G25: =F26-F25 -> 0 | H25: =C25+E25-G25 -> 0 | I25: =H25-K25-M25-O25-Q25 -> -45712 | J25: =I26-I25 -> -1 | K25: =A25 -> 45712 | M25: 0 | N25: =IF((L25-L26+M25)=L25,"0",(L25-L26+M25)) -> 0 | S25: =(2500*O25)+(2500*P25)+(500*Q25)+(500*R25) -> 0 | U25: =IF((S25-S26+T25)=S25,"0",(S25-S26+T25)) -> 0 | W25: =IF(V26-V25<0,"0",V26-V25) -> 0 | Y25: =IF((X26-X25)<0,"0",X26-X25) -> 0 | AA25: 0 | AB25: =IF((Z25-Z26+AA25)=Z25,"0",(Z25-Z26+AA25)) -> 0
A26: 45713 | C26: =IF((B27-B26)<0,"0",B27-B26) -> 0 | E26: =IF((D27-D26)<0,"0",D27-D26) -> 0 | F26: 1704 | G26: =F27-F26 -> 0 | H26: =C26+E26-G26 -> 0 | I26: =H26-K26-M26-O26-Q26 -> -45713 | J26: =I27-I26 -> -1 | K26: =A26 -> 45713 | M26: 0 | N26: =IF((L26-L27+M26)=L26,"0",(L26-L27+M26)) -> 0 | S26: =(2500*O26)+(2500*P26)+(500*Q26)+(500*R26) -> 0 | U26: =IF((S26-S27+T26)=S26,"0",(S26-S27+T26)) -> 0 | W26: =IF(V27-V26<0,"0",V27-V26) -> 0 | Y26: =IF((X27-X26)<0,"0",X27-X26) -> 0 | AA26: 0 | AB26: =IF((Z26-Z27+AA26)=Z26,"0",(Z26-Z27+AA26)) -> 0
A27: 45714 | C27: =IF((B28-B27)<0,"0",B28-B27) -> 0 | E27: =IF((D28-D27)<0,"0",D28-D27) -> 0 | F27: 1704 | G27: =F28-F27 -> 0 | H27: =C27+E27-G27 -> 0 | I27: =H27-K27-M27-O27-Q27 -> -45714 | J27: =I28-I27 -> -1 | K27: =A27 -> 45714 | M27: 0 | N27: =IF((L27-L28+M27)=L27,"0",(L27-L28+M27)) -> 0 | S27: =(2500*O27)+(2500*P27)+(500*Q27)+(500*R27) -> 0 | U27: =IF((S27-S28+T27)=S27,"0",(S27-S28+T27)) -> 0 | W27: =IF(V28-V27<0,"0",V28-V27) -> 0 | Y27: =IF((X28-X27)<0,"0",X28-X27) -> 0 | AA27: 0 | AB27: =IF((Z27-Z28+AA27)=Z27,"0",(Z27-Z28+AA27)) -> 0
A28: 45715 | C28: =IF((B29-B28)<0,"0",B29-B28) -> 0 | E28: =IF((D29-D28)<0,"0",D29-D28) -> 0 | F28: 1704 | G28: =F29-F28 -> 0 | H28: =C28+E28-G28 -> 0 | I28: =H28-K28-M28-O28-Q28 -> -45715 | J28: =I29-I28 -> -1 | K28: =A28 -> 45715 | M28: 0 | N28: =IF((L28-L29+M28)=L28,"0",(L28-L29+M28)) -> 0 | S28: =(2500*O28)+(2500*P28)+(500*Q28)+(500*R28) -> 0 | U28: =IF((S28-S29+T28)=S28,"0",(S28-S29+T28)) -> 0 | W28: =IF(V29-V28<0,"0",V29-V28) -> 0 | Y28: =IF((X29-X28)<0,"0",X29-X28) -> 0 | AA28: 0 | AB28: =IF((Z28-Z29+AA28)=Z28,"0",(Z28-Z29+AA28)) -> 0
A29: 45716 | C29: =IF((B31-B29)<0,"0",B31-B29) -> 0 | E29: =IF((D30-D29)<0,"0",D30-D29) -> 0 | F29: 1704 | G29: =F30-F29 -> 0 | H29: =C29+E29-G29 -> 0 | I29: =H29-K29-M29-O29-Q29 -> -45716 | J29: =I30-I29 -> 45716 | K29: =A29 -> 45716 | M29: 0 | N29: =IF((L29-L30+M29)=L29,"0",(L29-L30+M29)) -> 0 | S29: =(2500*O29)+(2500*P29)+(500*Q29)+(500*R29) -> 0 | U29: =IF((S29-S30+T29)=S29,"0",(S29-S30+T29)) -> 0 | W29: =IF(V30-V29<0,"0",V30-V29) -> 0 | Y29: =IF((X30-X29)<0,"0",X30-X29) -> 0 | AB29: =IF((Z29-Z30+AA29)=Z29,"0",(Z29-Z30+AA29)) -> 0
A30: 45717 | F30: 1704 | K30: =A30 -> 45717 | M30: 0 | N30: =IF((L30-L31+M30)=L30,"0",(L30-L31+M30)) -> 0 | S30: =(2500*O30)+(2500*P30)+(500*Q30)+(500*R30) -> 0 | AA30: 0 | AC30: 174 | AD30: 370
C31: =SUM(C2:C30) -> 62785 | E31: =SUM(E2:E30) -> 12859 | G31: =SUM(G2:G30) -> 0 | H31: =SUM(H2:H30) -> 75644 | I31: =SUM(I2:I29) -> -1204052 | J31: =SUM(J2:J30) -> 40966.59 | N31: =SUM(N2:N30) -> 1606 | T31: =SUM(T2:T30) -> 1408 | U31: =SUM(U2:U30) -> 1553 | W31: =SUM(W2:W30) -> 1243 | Y31: =SUM(Y2:Y30) -> 0 | AA31: =SUM(AA2:AA30) -> 8010 | AB31: =SUM(AB2:AB30) -> 12710 | AC31: =SUM(AC2:AC30) -> 1810 | AD31: =SUM(AD2:AD30) -> 3071
