Workbook

Sheet Total
A1: Site Name | B1: Day | C1: Month | D1: Year | E1: Total Electricity Kwh | F1: Electricity Tariff ($/Kwh) | G1: LPG (Liters) | H1: LPG $/Liter | I1: Water Utility Supply (m3) m3 | J1: Water Utility Supply (m3) $/m3 | K1: District Energy Heating Kwh | L1: District Energy Heating $/Kwh | M1: Total Fuel Oil (Liter) | N1: Fuel Oil $/Liter | O1: Room Nights | P1: Total Guests
A2: Annabelle | B2: 1 | C2: 4 | D2: 2025 | E2: =IF('April 2025'!C2<0,"0",'April 2025'!C2)+(IF('April 2025'!E2<0,"0",'April 2025'!E2)-(IF('April 2025'!G2<0,"0",'April 2025'!G2))) -> 5267 | F2: =('April 2025'!C2*0.27)/('April 2025'!C2+'April 2025'!E2) -> 0.25113537 | G2: ='April 2025'!U2 -> 50 | H2: 0.62 | I2: ='April 2025'!W2 -> 299 | J2: 2.42 | K2: ='April 2025'!AB2*5.04 -> 4762.8 | L2: 0.1151 | M2: ='April 2025'!M2 -> 0 | N2: 0.88 | O2: ='April 2025'!AC2 -> 159 | P2: ='April 2025'!AD2 -> 308
A3: Annabelle | B3: =B2+1 -> 2 | C3: 4 | D3: 2025 | E3: =IF('April 2025'!C3<0,"0",'April 2025'!C3)+(IF('April 2025'!E3<0,"0",'April 2025'!E3)-(IF('April 2025'!G3<0,"0",'April 2025'!G3))) -> 5296 | F3: =('April 2025'!C3*0.27)/('April 2025'!C3+'April 2025'!E3) -> 0.20341767 | G3: ='April 2025'!U3 -> 135 | H3: 0.62 | I3: ='April 2025'!W3 -> 92 | J3: 2.42 | K3: ='April 2025'!AB3*5.04 -> 5594.4 | L3: 0.1151 | M3: ='April 2025'!M3 -> 0 | N3: 0.88 | O3: ='April 2025'!AC3 -> 163 | P3: ='April 2025'!AD3 -> 311
A4: Annabelle | B4: =B3+1 -> 3 | C4: 4 | D4: 2025 | E4: =IF('April 2025'!C4<0,"0",'April 2025'!C4)+(IF('April 2025'!E4<0,"0",'April 2025'!E4)-(IF('April 2025'!G4<0,"0",'April 2025'!G4))) -> 5356 | F4: =('April 2025'!C4*0.27)/('April 2025'!C4+'April 2025'!E4) -> 0.2043652 | G4: ='April 2025'!U4 -> 125 | H4: 0.62 | I4: ='April 2025'!W4 -> 123 | J4: 2.42 | K4: ='April 2025'!AB4*5.04 -> 5871.6 | L4: 0.1151 | M4: ='April 2025'!M4 -> 0 | N4: 0.88 | O4: ='April 2025'!AC4 -> 188 | P4: ='April 2025'!AD4 -> 359
A5: Annabelle | B5: =B4+1 -> 4 | C5: 4 | D5: 2025 | E5: =IF('April 2025'!C5<0,"0",'April 2025'!C5)+(IF('April 2025'!E5<0,"0",'April 2025'!E5)-(IF('April 2025'!G5<0,"0",'April 2025'!G5))) -> 5348 | F5: =('April 2025'!C5*0.27)/('April 2025'!C5+'April 2025'!E5) -> 0.21840314 | G5: ='April 2025'!U5 -> 195 | H5: 0.62 | I5: ='April 2025'!W5 -> 128 | J5: 2.42 | K5: ='April 2025'!AB5*5.04 -> 6048 | L5: 0.1151 | M5: ='April 2025'!M5 -> 0 | N5: 0.88 | O5: ='April 2025'!AC5 -> 208 | P5: ='April 2025'!AD5 -> 404
A6: Annabelle | B6: =B5+1 -> 5 | C6: 4 | D6: 2025 | E6: =IF('April 2025'!C6<0,"0",'April 2025'!C6)+(IF('April 2025'!E6<0,"0",'April 2025'!E6)-(IF('April 2025'!G6<0,"0",'April 2025'!G6))) -> 5686 | F6: =('April 2025'!C6*0.27)/('April 2025'!C6+'April 2025'!E6) -> 0.21021632 | G6: ='April 2025'!U6 -> 165 | H6: 0.62 | I6: ='April 2025'!W6 -> 120 | J6: 2.42 | K6: ='April 2025'!AB6*5.04 -> 6174 | L6: 0.1151 | M6: ='April 2025'!M6 -> 0 | N6: 0.88 | O6: ='April 2025'!AC6 -> 228 | P6: ='April 2025'!AD6 -> 446
A7: Annabelle | B7: =B6+1 -> 6 | C7: 4 | D7: 2025 | E7: =IF('April 2025'!C7<0,"0",'April 2025'!C7)+(IF('April 2025'!E7<0,"0",'April 2025'!E7)-(IF('April 2025'!G7<0,"0",'April 2025'!G7))) -> 5222 | F7: =('April 2025'!C7*0.27)/('April 2025'!C7+'April 2025'!E7) -> 0.23132516 | G7: ='April 2025'!U7 -> 215 | H7: 0.62 | I7: ='April 2025'!W7 -> 116 | J7: 2.42 | K7: ='April 2025'!AB7*5.04 -> 5292 | L7: 0.1151 | M7: ='April 2025'!M7 -> 0 | N7: 0.88 | O7: ='April 2025'!AC7 -> 197 | P7: ='April 2025'!AD7 -> 390
A8: Annabelle | B8: =B7+1 -> 7 | C8: 4 | D8: 2025 | E8: =IF('April 2025'!C8<0,"0",'April 2025'!C8)+(IF('April 2025'!E8<0,"0",'April 2025'!E8)-(IF('April 2025'!G8<0,"0",'April 2025'!G8))) -> 5319 | F8: =('April 2025'!C8*0.27)/('April 2025'!C8+'April 2025'!E8) -> 0.21862944 | G8: ='April 2025'!U8 -> 203 | H8: 0.62 | I8: ='April 2025'!W8 -> 121 | J8: 2.42 | K8: ='April 2025'!AB8*5.04 -> 5720.4 | L8: 0.1151 | M8: ='April 2025'!M8 -> 0 | N8: 0.88 | O8: ='April 2025'!AC8 -> 188 | P8: ='April 2025'!AD8 -> 379
A9: Annabelle | B9: =B8+1 -> 8 | C9: 4 | D9: 2025 | E9: =IF('April 2025'!C9<0,"0",'April 2025'!C9)+(IF('April 2025'!E9<0,"0",'April 2025'!E9)-(IF('April 2025'!G9<0,"0",'April 2025'!G9))) -> 5336 | F9: =('April 2025'!C9*0.27)/('April 2025'!C9+'April 2025'!E9) -> 0.23215142 | G9: ='April 2025'!U9 -> 135 | H9: 0.62 | I9: ='April 2025'!W9 -> 108 | J9: 2.42 | K9: ='April 2025'!AB9*5.04 -> 3628.8 | L9: 0.1151 | M9: ='April 2025'!M9 -> 0 | N9: 0.88 | O9: ='April 2025'!AC9 -> 198 | P9: ='April 2025'!AD9 -> 388
A10: Annabelle | B10: =B9+1 -> 9 | C10: 4 | D10: 2025 | E10: =IF('April 2025'!C10<0,"0",'April 2025'!C10)+(IF('April 2025'!E10<0,"0",'April 2025'!E10)-(IF('April 2025'!G10<0,"0",'April 2025'!G10))) -> 5293 | F10: =('April 2025'!C10*0.27)/('April 2025'!C10+'April 2025'!E10) -> 0.19424901 | G10: ='April 2025'!U10 -> 165 | H10: 0.62 | I10: ='April 2025'!W10 -> 130 | J10: 2.42 | K10: ='April 2025'!AB10*5.04 -> 2772 | L10: 0.1151 | M10: ='April 2025'!M10 -> 0 | N10: 0.88 | O10: ='April 2025'!AC10 -> 226 | P10: ='April 2025'!AD10 -> 443
A11: Annabelle | B11: =B10+1 -> 10 | C11: 4 | D11: 2025 | E11: =IF('April 2025'!C11<0,"0",'April 2025'!C11)+(IF('April 2025'!E11<0,"0",'April 2025'!E11)-(IF('April 2025'!G11<0,"0",'April 2025'!G11))) -> 5891 | F11: =('April 2025'!C11*0.27)/('April 2025'!C11+'April 2025'!E11) -> 0.20441351 | G11: ='April 2025'!U11 -> 185 | H11: 0.62 | I11: ='April 2025'!W11 -> 129 | J11: 2.42 | K11: ='April 2025'!AB11*5.04 -> 3150 | L11: 0.1151 | M11: ='April 2025'!M11 -> 0 | N11: 0.88 | O11: ='April 2025'!AC11 -> 220 | P11: ='April 2025'!AD11 -> 486
A12: Annabelle | B12: =B11+1 -> 11 | C12: 4 | D12: 2025 | E12: =IF('April 2025'!C12<0,"0",'April 2025'!C12)+(IF('April 2025'!E12<0,"0",'April 2025'!E12)-(IF('April 2025'!G12<0,"0",'April 2025'!G12))) -> 5879 | F12: =('April 2025'!C12*0.27)/('April 2025'!C12+'April 2025'!E12) -> 0.21888416 | G12: ='April 2025'!U12 -> 240 | H12: 0.62 | I12: ='April 2025'!W12 -> 128 | J12: 2.42 | K12: ='April 2025'!AB12*5.04 -> 3528 | L12: 0.1151 | M12: ='April 2025'!M12 -> 0 | N12: 0.88 | O12: ='April 2025'!AC12 -> 227 | P12: ='April 2025'!AD12 -> 525
A13: Annabelle | B13: =B12+1 -> 12 | C13: 4 | D13: 2025 | E13: =IF('April 2025'!C13<0,"0",'April 2025'!C13)+(IF('April 2025'!E13<0,"0",'April 2025'!E13)-(IF('April 2025'!G13<0,"0",'April 2025'!G13))) -> 6030 | F13: =('April 2025'!C13*0.27)/('April 2025'!C13+'April 2025'!E13) -> 0.22826866 | G13: ='April 2025'!U13 -> 150 | H13: 0.62 | I13: ='April 2025'!W13 -> 122 | J13: 2.42 | K13: ='April 2025'!AB13*5.04 -> 3427.2 | L13: 0.1151 | M13: ='April 2025'!M13 -> 0 | N13: 0.88 | O13: ='April 2025'!AC13 -> 217 | P13: ='April 2025'!AD13 -> 489
A14: Annabelle | B14: =B13+1 -> 13 | C14: 4 | D14: 2025 | E14: =IF('April 2025'!C14<0,"0",'April 2025'!C14)+(IF('April 2025'!E14<0,"0",'April 2025'!E14)-(IF('April 2025'!G14<0,"0",'April 2025'!G14))) -> 6015 | F14: =('April 2025'!C14*0.27)/('April 2025'!C14+'April 2025'!E14) -> 0.23615461 | G14: ='April 2025'!U14 -> 135 | H14: 0.62 | I14: ='April 2025'!W14 -> 123 | J14: 2.42 | K14: ='April 2025'!AB14*5.04 -> 2772 | L14: 0.1151 | M14: ='April 2025'!M14 -> 0 | N14: 0.88 | O14: ='April 2025'!AC14 -> 216 | P14: ='April 2025'!AD14 -> 489
... A31: Annabelle | B31: =B30+1 -> 30 | C31: 4 | D31: 2025 | E31: =IF('April 2025'!C31<0,"0",'April 2025'!C31)+(IF('April 2025'!E31<0,"0",'April 2025'!E31)-(IF('April 2025'!G31<0,"0",'April 2025'!G31))) -> 0 | F31: =('April 2025'!C31*0.27)/('April 2025'!C31+'April 2025'!E31) -> #DIV/0! | G31: ='April 2025'!U31 -> 0 | H31: 0.62 | I31: ='April 2025'!W31 -> 0 | J31: 2.42 | K31: ='April 2025'!AB31*5.04 -> 0 | L31: 0.1151 | M31: ='April 2025'!M31 -> 0 | N31: 0.88 | O31: ='April 2025'!AC31 -> 0 | P31: ='April 2025'!AD31 -> 0
A32: Annabelle | B32: 31 | C32: 4 | D32: 2025 | E32: =IF('April 2025'!C32<0,"0",'April 2025'!C32)+(IF('April 2025'!E32<0,"0",'April 2025'!E32)-(IF('April 2025'!G32<0,"0",'April 2025'!G32))) -> 0 | F32: =('April 2025'!C32*0.27)/('April 2025'!C32+'April 2025'!E32) -> #DIV/0! | G32: ='April 2025'!U32 -> 0 | H32: 0.62 | I32: ='April 2025'!W32 -> 0 | J32: 2.42 | K32: ='April 2025'!AB32*5.04 -> 0 | L32: 0.1151 | M32: ='April 2025'!M32 -> 0 | N32: 0.88 | O32: ='April 2025'!AC32 -> 174 | P32: ='April 2025'!AD32 -> 370

Sheet April 2025
A1: Date | B1: Purchased Electricity (Kwh) Reading | C1: BOUGHT | D1: Total Renewable Energy Production (Kwh) Reading | E1: PRODUCED | F1: Total Renewable Energy Exported (KWh) Reading | G1: SOLD | H1: HOTEL Electricity (KWh) Consumed incl. --> | I1: HOTEL Electricity (KWh) Consumed excl. --> | J1: Consumed | K1: Date | L1: Fuel Oil Hot-Water Boilers (Liter) Reading | M1: Fuel Oil (Liter) Received | N1: Consumed | O1: LPG % TANK 1 | P1: LPG % TANK 2 | Q1: LPG % TANK 3 | R1: LPG % TANK 4 | S1: LPG (Liter) Reading | T1: LPG (Liter) Received | U1: Consumed | V1: Water Utility Supply (m3) Reading | W1: Consumed | X1: Irrigation Water Supply (m3) Reading | Y1: Consumed | Z1: Pellets (Kg) Reading | AA1: Pellets (Kg) Received | AB1: Consumed | AC1: Room Nights | AD1: Guest Nights
A2: 45748 | B2: 13760460 | C2: =IF((B3-B2)<0,"0",B3-B2) -> 4899 | D2: 696777 | E2: =IF((D3-D2)<0,"0",D3-D2) -> 368 | F2: 1704 | G2: =F3-F2 -> 0 | H2: =C2+E2-G2 -> 5267 | I2: =H2-K2-M2-O2-Q2 -> -40482.67 | J2: =I3-I2 -> 28 | K2: =A2 -> 45748 | L2: 6518 | M2: 0 | N2: =IF((L2-L3+M2)=L2,"0",(L2-L3+M2)) -> 137 | O2: 0.8 | P2: 0.8 | Q2: 0.87 | R2: 0.8 | S2: =(2500*O2)+(2500*P2)+(500*Q2)+(500*R2) -> 4835 | U2: =IF((S2-S3+T2)=S2,"0",(S2-S3+T2)) -> 50 | V2: 8717 | W2: =IF(V3-V2<0,"0",V3-V2) -> 299 | X2: 61265 | Y2: =IF((X3-X2)<0,"0",X3-X2) -> 0 | Z2: 6540 | AB2: =IF((Z2-Z3+AA2)=Z2,"0",(Z2-Z3+AA2)) -> 945 | AC2: 159 | AD2: 308
A3: 45749 | B3: 13765359 | C3: =IF((B4-B3)<0,"0",B4-B3) -> 3990 | D3: 697145 | E3: =IF((D4-D3)<0,"0",D4-D3) -> 1306 | F3: 1704 | G3: =F4-F3 -> 0 | H3: =C3+E3-G3 -> 5296 | I3: =H3-K3-M3-O3-Q3 -> -40454.67 | J3: =I4-I3 -> 59.07 | K3: =A3 -> 45749 | L3: 6381 | M3: 0 | N3: =IF((L3-L4+M3)=L3,"0",(L3-L4+M3)) -> 19 | O3: 0.8 | P3: 0.78 | Q3: 0.87 | R3: 0.8 | S3: =(2500*O3)+(2500*P3)+(500*Q3)+(500*R3) -> 4785 | U3: =IF((S3-S4+T3)=S3,"0",(S3-S4+T3)) -> 135 | V3: 9016 | W3: =IF(V4-V3<0,"0",V4-V3) -> 92 | X3: 61265 | Y3: =IF((X4-X3)<0,"0",X4-X3) -> 0 | Z3: 5595 | AB3: =IF((Z3-Z4+AA3)=Z3,"0",(Z3-Z4+AA3)) -> 1110 | AC3: 163 | AD3: 311
A4: 45750 | B4: 13769349 | C4: =IF((B5-B4)<0,"0",B5-B4) -> 4054 | D4: 698451 | E4: =IF((D5-D4)<0,"0",D5-D4) -> 1302 | F4: 1704 | G4: =F5-F4 -> 0 | H4: =C4+E4-G4 -> 5356 | I4: =H4-K4-M4-O4-Q4 -> -40395.6 | J4: =I5-I4 -> -8.95 | K4: =A4 -> 45750 | L4: 6362 | M4: 0 | N4: =IF((L4-L5+M4)=L4,"0",(L4-L5+M4)) -> 0 | O4: 0.77 | P4: 0.77 | Q4: 0.83 | R4: 0.77 | S4: =(2500*O4)+(2500*P4)+(500*Q4)+(500*R4) -> 4650 | U4: =IF((S4-S5+T4)=S4,"0",(S4-S5+T4)) -> 125 | V4: 9108 | W4: =IF(V5-V4<0,"0",V5-V4) -> 123 | X4: 61265 | Y4: =IF((X5-X4)<0,"0",X5-X4) -> 0 | Z4: 4485 | AB4: =IF((Z4-Z5+AA4)=Z4,"0",(Z4-Z5+AA4)) -> 1165 | AC4: 188 | AD4: 359
A5: 45751 | B5: 13773403 | C5: =IF((B6-B5)<0,"0",B6-B5) -> 4326 | D5: 699753 | E5: =IF((D6-D5)<0,"0",D6-D5) -> 1022 | F5: 1704 | G5: =F6-F5 -> 0 | H5: =C5+E5-G5 -> 5348 | I5: =H5-K5-M5-O5-Q5 -> -40404.55 | J5: =I6-I5 -> 337.06 | K5: =A5 -> 45751 | L5: 6362 | M5: 0 | N5: =IF((L5-L6+M5)=L5,"0",(L5-L6+M5)) -> 0 | O5: 0.75 | P5: 0.75 | Q5: 0.8 | R5: 0.75 | S5: =(2500*O5)+(2500*P5)+(500*Q5)+(500*R5) -> 4525 | U5: =IF((S5-S6+T5)=S5,"0",(S5-S6+T5)) -> 195 | V5: 9231 | W5: =IF(V6-V5<0,"0",V6-V5) -> 128 | X5: 61265 | Y5: =IF((X6-X5)<0,"0",X6-X5) -> 0 | Z5: 3320 | AB5: =IF((Z5-Z6+AA5)=Z5,"0",(Z5-Z6+AA5)) -> 1200 | AC5: 208 | AD5: 404
A6: 45752 | B6: 13777729 | C6: =IF((B7-B6)<0,"0",B7-B6) -> 4427 | D6: 700775 | E6: =IF((D7-D6)<0,"0",D7-D6) -> 1259 | F6: 1704 | G6: =F7-F6 -> 0 | H6: =C6+E6-G6 -> 5686 | I6: =H6-K6-M6-O6-Q6 -> -40067.49 | J6: =I7-I6 -> -464.88 | K6: =A6 -> 45752 | L6: 6362 | M6: 0 | N6: =IF((L6-L7+M6)=L6,"0",(L6-L7+M6)) -> 0 | O6: 0.71 | P6: 0.72 | Q6: 0.78 | R6: 0.73 | S6: =(2500*O6)+(2500*P6)+(500*Q6)+(500*R6) -> 4330 | U6: =IF((S6-S7+T6)=S6,"0",(S6-S7+T6)) -> 165 | V6: 9359 | W6: =IF(V7-V6<0,"0",V7-V6) -> 120 | X6: 61265 | Y6: =IF((X7-X6)<0,"0",X7-X6) -> 0 | Z6: 2120 | AB6: =IF((Z6-Z7+AA6)=Z6,"0",(Z6-Z7+AA6)) -> 1225 | AC6: 228 | AD6: 446
A7: 45753 | B7: 13782156 | C7: =IF((B8-B7)<0,"0",B8-B7) -> 4474 | D7: 702034 | E7: =IF((D8-D7)<0,"0",D8-D7) -> 748 | F7: 1704 | G7: =F8-F7 -> 0 | H7: =C7+E7-G7 -> 5222 | I7: =H7-K7-M7-O7-Q7 -> -40532.37 | J7: =I8-I7 -> 96.12 | K7: =A7 -> 45753 | L7: 6362 | M7: 0 | N7: =IF((L7-L8+M7)=L7,"0",(L7-L8+M7)) -> 0 | O7: 0.69 | P7: 0.71 | Q7: 0.68 | R7: 0.65 | S7: =(2500*O7)+(2500*P7)+(500*Q7)+(500*R7) -> 4165 | U7: =IF((S7-S8+T7)=S7,"0",(S7-S8+T7)) -> 215 | V7: 9479 | W7: =IF(V8-V7<0,"0",V8-V7) -> 116 | X7: 61265 | Y7: =IF((X8-X7)<0,"0",X8-X7) -> 0 | Z7: 895 | AA7: 7990 | AB7: =IF((Z7-Z8+AA7)=Z7,"0",(Z7-Z8+AA7)) -> 1050 | AC7: 197 | AD7: 390
A8: 45754 | B8: 13786630 | C8: =IF((B9-B8)<0,"0",B9-B8) -> 4307 | D8: 702782 | E8: =IF((D9-D8)<0,"0",D9-D8) -> 1012 | F8: 1704 | G8: =F9-F8 -> 0 | H8: =C8+E8-G8 -> 5319 | I8: =H8-K8-M8-O8-Q8 -> -40436.25 | J8: =I9-I8 -> 15.63 | K8: =A8 -> 45754 | L8: 6362 | M8: 0 | N8: =IF((L8-L9+M8)=L8,"0",(L8-L9+M8)) -> 0 | O8: 0.65 | P8: 0.69 | Q8: 0.6 | R8: 0.6 | S8: =(2500*O8)+(2500*P8)+(500*Q8)+(500*R8) -> 3950 | T8: 1033 | U8: =IF((S8-S9+T8)=S8,"0",(S8-S9+T8)) -> 203 | V8: 9595 | W8: =IF(V9-V8<0,"0",V9-V8) -> 121 | X8: 61265 | Y8: =IF((X9-X8)<0,"0",X9-X8) -> 0 | Z8: 7835 | AB8: =IF((Z8-Z9+AA8)=Z8,"0",(Z8-Z9+AA8)) -> 1135 | AC8: 188 | AD8: 379
A9: 45755 | B9: 13790937 | C9: =IF((B10-B9)<0,"0",B10-B9) -> 4588 | D9: 703794 | E9: =IF((D10-D9)<0,"0",D10-D9) -> 748 | F9: 1704 | G9: =F10-F9 -> 0 | H9: =C9+E9-G9 -> 5336 | I9: =H9-K9-M9-O9-Q9 -> -40420.62 | J9: =I10-I9 -> -43.95 | K9: =A9 -> 45755 | L9: 6362 | M9: 0 | N9: =IF((L9-L10+M9)=L9,"0",(L9-L10+M9)) -> 92 | O9: 0.81 | P9: 0.78 | Q9: 0.81 | R9: 0.8 | S9: =(2500*O9)+(2500*P9)+(500*Q9)+(500*R9) -> 4780 | U9: =IF((S9-S10+T9)=S9,"0",(S9-S10+T9)) -> 135 | V9: 9716 | W9: =IF(V10-V9<0,"0",V10-V9) -> 108 | X9: 61265 | Y9: =IF((X10-X9)<0,"0",X10-X9) -> 0 | Z9: 6700 | AB9: =IF((Z9-Z10+AA9)=Z9,"0",(Z9-Z10+AA9)) -> 720 | AC9: 198 | AD9: 388
A10: 45756 | B10: 13795525 | C10: =IF((B11-B10)<0,"0",B11-B10) -> 3808 | D10: 704542 | E10: =IF((D11-D10)<0,"0",D11-D10) -> 1485 | F10: 1704 | G10: =F11-F10 -> 0 | H10: =C10+E10-G10 -> 5293 | I10: =H10-K10-M10-O10-Q10 -> -40464.57 | J10: =I11-I10 -> 597.11 | K10: =A10 -> 45756 | L10: 6270 | M10: 0 | N10: =IF((L10-L11+M10)=L10,"0",(L10-L11+M10)) -> 215 | O10: 0.78 | P10: 0.77 | Q10: 0.79 | R10: 0.75 | S10: =(2500*O10)+(2500*P10)+(500*Q10)+(500*R10) -> 4645 | U10: =IF((S10-S11+T10)=S10,"0",(S10-S11+T10)) -> 165 | V10: 9824 | W10: =IF(V11-V10<0,"0",V11-V10) -> 130 | X10: 61265 | Y10: =IF((X11-X10)<0,"0",X11-X10) -> 0 | Z10: 5980 | AB10: =IF((Z10-Z11+AA10)=Z10,"0",(Z10-Z11+AA10)) -> 550 | AC10: 226 | AD10: 443
A11: 45757 | B11: 13799333 | C11: =IF((B12-B11)<0,"0",B12-B11) -> 4460 | D11: 706027 | E11: =IF((D12-D11)<0,"0",D12-D11) -> 1431 | F11: 1704 | G11: =F12-F11 -> 0 | H11: =C11+E11-G11 -> 5891 | I11: =H11-K11-M11-O11-Q11 -> -39867.46 | J11: =I12-I11 -> -12.87 | K11: =A11 -> 45757 | L11: 6055 | M11: 0 | N11: =IF((L11-L12+M11)=L11,"0",(L11-L12+M11)) -> 206 | O11: 0.75 | P11: 0.76 | Q11: 0.71 | R11: 0.7 | S11: =(2500*O11)+(2500*P11)+(500*Q11)+(500*R11) -> 4480 | U11: =IF((S11-S12+T11)=S11,"0",(S11-S12+T11)) -> 185 | V11: 9954 | W11: =IF(V12-V11<0,"0",V12-V11) -> 129 | X11: 61265 | Y11: =IF((X12-X11)<0,"0",X12-X11) -> 0 | Z11: 5430 | AB11: =IF((Z11-Z12+AA11)=Z11,"0",(Z11-Z12+AA11)) -> 625 | AC11: 220 | AD11: 486
A12: 45758 | B12: 13803793 | C12: =IF((B13-B12)<0,"0",B13-B12) -> 4766 | D12: 707458 | E12: =IF((D13-D12)<0,"0",D13-D12) -> 1113 | F12: 1704 | G12: =F13-F12 -> 0 | H12: =C12+E12-G12 -> 5879 | I12: =H12-K12-M12-O12-Q12 -> -39880.33 | J12: =I13-I12 -> 150.07 | K12: =A12 -> 45758 | L12: 5849 | M12: 0 | N12: =IF((L12-L13+M12)=L12,"0",(L12-L13+M12)) -> 181 | O12: 0.72 | P12: 0.74 | Q12: 0.61 | R12: 0.68 | S12: =(2500*O12)+(2500*P12)+(500*Q12)+(500*R12) -> 4295 | U12: =IF((S12-S13+T12)=S12,"0",(S12-S13+T12)) -> 240 | V12: 10083 | W12: =IF(V13-V12<0,"0",V13-V12) -> 128 | X12: 61265 | Y12: =IF((X13-X12)<0,"0",X13-X12) -> 0 | Z12: 4805 | AB12: =IF((Z12-Z13+AA12)=Z12,"0",(Z12-Z13+AA12)) -> 700 | AC12: 227 | AD12: 525
A13: 45759 | B13: 13808559 | C13: =IF((B14-B13)<0,"0",B14-B13) -> 5098 | D13: 708571 | E13: =IF((D14-D13)<0,"0",D14-D13) -> 932 | F13: 1704 | G13: =F14-F13 -> 0 | H13: =C13+E13-G13 -> 6030 | I13: =H13-K13-M13-O13-Q13 -> -39730.26 | J13: =I14-I13 -> -15.94 | K13: =A13 -> 45759 | L13: 5668 | M13: 0 | N13: =IF((L13-L14+M13)=L13,"0",(L13-L14+M13)) -> 213 | O13: 0.67 | P13: 0.71 | Q13: 0.59 | R13: 0.62 | S13: =(2500*O13)+(2500*P13)+(500*Q13)+(500*R13) -> 4055 | U13: =IF((S13-S14+T13)=S13,"0",(S13-S14+T13)) -> 150 | V13: 10211 | W13: =IF(V14-V13<0,"0",V14-V13) -> 122 | X13: 61265 | Y13: =IF((X14-X13)<0,"0",X14-X13) -> 0 | Z13: 4105 | AB13: =IF((Z13-Z14+AA13)=Z13,"0",(Z13-Z14+AA13)) -> 680 | AC13: 217 | AD13: 489
A14: 45760 | B14: 13813657 | C14: =IF((B15-B14)<0,"0",B15-B14) -> 5261 | D14: 709503 | E14: =IF((D15-D14)<0,"0",D15-D14) -> 754 | F14: 1704 | G14: =F15-F14 -> 0 | H14: =C14+E14-G14 -> 6015 | I14: =H14-K14-M14-O14-Q14 -> -39746.2 | J14: =I15-I14 -> -252.97 | K14: =A14 -> 45760 | L14: 5455 | M14: 0 | N14: =IF((L14-L15+M14)=L14,"0",(L14-L15+M14)) -> 230 | O14: 0.65 | P14: 0.69 | Q14: 0.55 | R14: 0.56 | S14: =(2500*O14)+(2500*P14)+(500*Q14)+(500*R14) -> 3905 | U14: =IF((S14-S15+T14)=S14,"0",(S14-S15+T14)) -> 135 | V14: 10333 | W14: =IF(V15-V14<0,"0",V15-V14) -> 123 | X14: 61265 | Y14: =IF((X15-X14)<0,"0",X15-X14) -> 0 | Z14: 3425 | AB14: =IF((Z14-Z15+AA14)=Z14,"0",(Z14-Z15+AA14)) -> 550 | AC14: 216 | AD14: 489
A15: 45761 | B15: 13818918 | C15: =IF((B16-B15)<0,"0",B16-B15) -> 4192 | D15: 710257 | E15: =IF((D16-D15)<0,"0",D16-D15) -> 1571 | F15: 1704 | G15: =F16-F15 -> 0 | H15: =C15+E15-G15 -> 5763 | I15: =H15-K15-M15-O15-Q15 -> -39999.17 | J15: =I16-I15 -> 130.45 | K15: =A15 -> 45761 | L15: 5225 | M15: 0 | N15: =IF((L15-L16+M15)=L15,"0",(L15-L16+M15)) -> 232 | O15: 0.63 | P15: 0.66 | Q15: 0.54 | R15: 0.55 | S15: =(2500*O15)+(2500*P15)+(500*Q15)+(500*R15) -> 3770 | T15: 1323 | U15: =IF((S15-S16+T15)=S15,"0",(S15-S16+T15)) -> 108 | V15: 10456 | W15: =IF(V16-V15<0,"0",V16-V15) -> 128 | X15: 61265 | Y15: =IF((X16-X15)<0,"0",X16-X15) -> 0 | Z15: 2875 | AB15: =IF((Z15-Z16+AA15)=Z15,"0",(Z15-Z16+AA15)) -> 615 | AC15: 232 | AD15: 522
A16: 45762 | B16: 13823110 | C16: =IF((B17-B16)<0,"0",B17-B16) -> 4239 | D16: 711828 | E16: =IF((D17-D16)<0,"0",D17-D16) -> 1656 | F16: 1704 | G16: =F17-F16 -> 0 | H16: =C16+E16-G16 -> 5895 | I16: =H16-K16-M16-O16-Q16 -> -39868.72 | J16: =I17-I16 -> 0.07 | K16: =A16 -> 45762 | L16: 4993 | M16: 0 | N16: =IF((L16-L17+M16)=L16,"0",(L16-L17+M16)) -> 234 | O16: 0.85 | P16: 0.81 | Q16: 0.87 | R16: 0.8 | S16: =(2500*O16)+(2500*P16)+(500*Q16)+(500*R16) -> 4985 | U16: =IF((S16-S17+T16)=S16,"0",(S16-S17+T16)) -> 170 | V16: 10584 | W16: =IF(V17-V16<0,"0",V17-V16) -> 142 | X16: 61265 | Y16: =IF((X17-X16)<0,"0",X17-X16) -> 0 | Z16: 2260 | AA16: 8240 | AB16: =IF((Z16-Z17+AA16)=Z16,"0",(Z16-Z17+AA16)) -> 660 | AC16: 237 | AD16: 536
A17: 45763 | B17: 13827349 | C17: =IF((B18-B17)<0,"0",B18-B17) -> 4395 | D17: 713484 | E17: =IF((D18-D17)<0,"0",D18-D17) -> 1501 | F17: 1704 | G17: =F18-F17 -> 0 | H17: =C17+E17-G17 -> 5896 | I17: =H17-K17-M17-O17-Q17 -> -39868.65 | J17: =I18-I17 -> -180.95 | K17: =A17 -> 45763 | L17: 4759 | M17: 0 | N17: =IF((L17-L18+M17)=L17,"0",(L17-L18+M17)) -> 230 | O17: 0.82 | P17: 0.79 | Q17: 0.83 | R17: 0.75 | S17: =(2500*O17)+(2500*P17)+(500*Q17)+(500*R17) -> 4815 | U17: =IF((S17-S18+T17)=S17,"0",(S17-S18+T17)) -> 160 | V17: 10726 | W17: =IF(V18-V17<0,"0",V18-V17) -> 143 | X17: 61265 | Y17: =IF((X18-X17)<0,"0",X18-X17) -> 0 | Z17: 9840 | AB17: =IF((Z17-Z18+AA17)=Z17,"0",(Z17-Z18+AA17)) -> 715 | AC17: 227 | AD17: 523
A18: 45764 | B18: 13831744 | C18: =IF((B19-B18)<0,"0",B19-B18) -> 4130 | D18: 714985 | E18: =IF((D19-D18)<0,"0",D19-D18) -> 1586 | F18: 1704 | G18: =F19-F18 -> 0 | H18: =C18+E18-G18 -> 5716 | I18: =H18-K18-M18-O18-Q18 -> -40049.6 | J18: =I19-I18 -> 86.06 | K18: =A18 -> 45764 | L18: 4529 | M18: 0 | N18: =IF((L18-L19+M18)=L18,"0",(L18-L19+M18)) -> 228 | O18: 0.78 | P18: 0.77 | Q18: 0.82 | R18: 0.74 | S18: =(2500*O18)+(2500*P18)+(500*Q18)+(500*R18) -> 4655 | U18: =IF((S18-S19+T18)=S18,"0",(S18-S19+T18)) -> 110 | V18: 10869 | W18: =IF(V19-V18<0,"0",V19-V18) -> 149 | X18: 61265 | Y18: =IF((X19-X18)<0,"0",X19-X18) -> 0 | Z18: 9125 | AB18: =IF((Z18-Z19+AA18)=Z18,"0",(Z18-Z19+AA18)) -> 680 | AC18: 234 | AD18: 515
A19: 45765 | B19: 13835874 | C19: =IF((B20-B19)<0,"0",B20-B19) -> 4225 | D19: 716571 | E19: =IF((D20-D19)<0,"0",D20-D19) -> 1578 | F19: 1704 | G19: =F20-F19 -> 0 | H19: =C19+E19-G19 -> 5803 | I19: =H19-K19-M19-O19-Q19 -> -39963.54 | J19: =I20-I19 -> -98.88 | K19: =A19 -> 45765 | L19: 4301 | M19: 0 | N19: =IF((L19-L20+M19)=L19,"0",(L19-L20+M19)) -> 224 | O19: 0.76 | P19: 0.76 | Q19: 0.78 | R19: 0.71 | S19: =(2500*O19)+(2500*P19)+(500*Q19)+(500*R19) -> 4545 | U19: =IF((S19-S20+T19)=S19,"0",(S19-S20+T19)) -> 180 | V19: 11018 | W19: =IF(V20-V19<0,"0",V20-V19) -> 122 | X19: 61265 | Y19: =IF((X20-X19)<0,"0",X20-X19) -> 0 | Z19: 8445 | AB19: =IF((Z19-Z20+AA19)=Z19,"0",(Z19-Z20+AA19)) -> 735 | AC19: 220 | AD19: 484
A20: 45766 | B20: 13840099 | C20: =IF((B21-B20)<0,"0",B21-B20) -> 5088 | D20: 718149 | E20: =IF((D21-D20)<0,"0",D21-D20) -> 617 | F20: 1704 | G20: =F21-F20 -> 0 | H20: =C20+E20-G20 -> 5705 | I20: =H20-K20-M20-O20-Q20 -> -40062.42 | J20: =I21-I20 -> -139.96 | K20: =A20 -> 45766 | L20: 4077 | M20: 0 | N20: =IF((L20-L21+M20)=L20,"0",(L20-L21+M20)) -> 215 | O20: 0.73 | P20: 0.74 | Q20: 0.69 | R20: 0.69 | S20: =(2500*O20)+(2500*P20)+(500*Q20)+(500*R20) -> 4365 | U20: =IF((S20-S21+T20)=S20,"0",(S20-S21+T20)) -> 35 | V20: 11140 | W20: =IF(V21-V20<0,"0",V21-V20) -> 138 | X20: 61265 | Y20: =IF((X21-X20)<0,"0",X21-X20) -> 0 | Z20: 7710 | AB20: =IF((Z20-Z21+AA20)=Z20,"0",(Z20-Z21+AA20)) -> 680 | AC20: 226 | AD20: 482
A21: 45767 | B21: 13845187 | C21: =IF((B22-B21)<0,"0",B22-B21) -> 3945 | D21: 718766 | E21: =IF((D22-D21)<0,"0",D22-D21) -> 1621 | F21: 1704 | G21: =F22-F21 -> 0 | H21: =C21+E21-G21 -> 5566 | I21: =H21-K21-M21-O21-Q21 -> -40202.38 | J21: =I22-I21 -> -20.87 | K21: =A21 -> 45767 | L21: 3862 | M21: 0 | N21: =IF((L21-L22+M21)=L21,"0",(L21-L22+M21)) -> 207 | O21: 0.73 | P21: 0.74 | Q21: 0.65 | R21: 0.66 | S21: =(2500*O21)+(2500*P21)+(500*Q21)+(500*R21) -> 4330 | U21: =IF((S21-S22+T21)=S21,"0",(S21-S22+T21)) -> 240 | V21: 11278 | W21: =IF(V22-V21<0,"0",V22-V21) -> 125 | X21: 61265 | Y21: =IF((X22-X21)<0,"0",X22-X21) -> 0 | Z21: 7030 | AB21: =IF((Z21-Z22+AA21)=Z21,"0",(Z21-Z22+AA21)) -> 685 | AC21: 194 | AD21: 416
A22: 45768 | B22: 13849132 | C22: =IF((B23-B22)<0,"0",B23-B22) -> 4992 | D22: 720387 | E22: =IF((D23-D22)<0,"0",D23-D22) -> 554 | F22: 1704 | G22: =F23-F22 -> 0 | H22: =C22+E22-G22 -> 5546 | I22: =H22-K22-M22-O22-Q22 -> -40223.25 | J22: =I23-I22 -> -195.92 | K22: =A22 -> 45768 | L22: 3655 | M22: 0 | N22: =IF((L22-L23+M22)=L22,"0",(L22-L23+M22)) -> 220 | O22: 0.69 | P22: 0.72 | Q22: 0.56 | R22: 0.57 | S22: =(2500*O22)+(2500*P22)+(500*Q22)+(500*R22) -> 4090 | U22: =IF((S22-S23+T22)=S22,"0",(S22-S23+T22)) -> 195 | V22: 11403 | W22: =IF(V23-V22<0,"0",V23-V22) -> 108 | X22: 61265 | Y22: =IF((X23-X22)<0,"0",X23-X22) -> 0 | Z22: 6345 | AB22: =IF((Z22-Z23+AA22)=Z22,"0",(Z22-Z23+AA22)) -> 685 | AC22: 173 | AD22: 366
A23: 45769 | B23: 13854124 | C23: =IF((B24-B23)<0,"0",B24-B23) -> 3785 | D23: 720941 | E23: =IF((D24-D23)<0,"0",D24-D23) -> 1566 | F23: 1704 | G23: =F24-F23 -> 0 | H23: =C23+E23-G23 -> 5351 | I23: =H23-K23-M23-O23-Q23 -> -40419.17 | J23: =I24-I23 -> 186.07 | K23: =A23 -> 45769 | L23: 3435 | M23: 0 | N23: =IF((L23-L24+M23)=L23,"0",(L23-L24+M23)) -> 120 | O23: 0.67 | P23: 0.69 | Q23: 0.5 | R23: 0.49 | S23: =(2500*O23)+(2500*P23)+(500*Q23)+(500*R23) -> 3895 | U23: =IF((S23-S24+T23)=S23,"0",(S23-S24+T23)) -> 100 | V23: 11511 | W23: =IF(V24-V23<0,"0",V24-V23) -> 114 | X23: 61265 | Y23: =IF((X24-X23)<0,"0",X24-X23) -> 0 | Z23: 5660 | AB23: =IF((Z23-Z24+AA23)=Z23,"0",(Z23-Z24+AA23)) -> 660 | AC23: 168 | AD23: 352
A24: 45770 | B24: 13857909 | C24: =IF((B25-B24)<0,"0",B25-B24) -> 4382 | D24: 722507 | E24: =IF((D25-D24)<0,"0",D25-D24) -> 1156 | F24: 1704 | G24: =F25-F24 -> 0 | H24: =C24+E24-G24 -> 5538 | I24: =H24-K24-M24-O24-Q24 -> -40233.1 | J24: =I25-I24 -> 131.41 | K24: =A24 -> 45770 | L24: 3315 | M24: 0 | N24: =IF((L24-L25+M24)=L24,"0",(L24-L25+M24)) -> 118 | O24: 0.65 | P24: 0.69 | Q24: 0.45 | R24: 0.44 | S24: =(2500*O24)+(2500*P24)+(500*Q24)+(500*R24) -> 3795 | T24: 1094 | U24: =IF((S24-S25+T24)=S24,"0",(S24-S25+T24)) -> -6 | V24: 11625 | W24: =IF(V25-V24<0,"0",V25-V24) -> 105 | X24: 61265 | Y24: =IF((X25-X24)<0,"0",X25-X24) -> 0 | Z24: 5000 | AB24: =IF((Z24-Z25+AA24)=Z24,"0",(Z24-Z25+AA24)) -> 700 | AC24: 163 | AD24: 322
A25: 45771 | B25: 13862291 | C25: =IF((B26-B25)<0,"0",B26-B25) -> 4740 | D25: 723663 | E25: =IF((D26-D25)<0,"0",D26-D25) -> 931 | F25: 1704 | G25: =F26-F25 -> 0 | H25: =C25+E25-G25 -> 5671 | I25: =H25-K25-M25-O25-Q25 -> -40101.69 | J25: =I26-I25 -> -220.96 | K25: =A25 -> 45771 | L25: 3197 | M25: 0 | N25: =IF((L25-L26+M25)=L25,"0",(L25-L26+M25)) -> 122 | O25: 0.82 | P25: 0.81 | Q25: 0.87 | R25: 0.77 | S25: =(2500*O25)+(2500*P25)+(500*Q25)+(500*R25) -> 4895 | U25: =IF((S25-S26+T25)=S25,"0",(S25-S26+T25)) -> 125 | V25: 11730 | W25: =IF(V26-V25<0,"0",V26-V25) -> 110 | X25: 61265 | Y25: =IF((X26-X25)<0,"0",X26-X25) -> 0 | Z25: 4300 | AB25: =IF((Z25-Z26+AA25)=Z25,"0",(Z25-Z26+AA25)) -> 710 | AC25: 180 | AD25: 345
A26: 45772 | B26: 13867031 | C26: =IF((B27-B26)<0,"0",B27-B26) -> 3916 | D26: 724594 | E26: =IF((D27-D26)<0,"0",D27-D26) -> 1535 | F26: 1704 | G26: =F27-F26 -> 0 | H26: =C26+E26-G26 -> 5451 | I26: =H26-K26-M26-O26-Q26 -> -40322.65 | J26: =I27-I26 -> 383.04 | K26: =A26 -> 45772 | L26: 3075 | M26: 0 | N26: =IF((L26-L27+M26)=L26,"0",(L26-L27+M26)) -> 131 | O26: 0.8 | P26: 0.79 | Q26: 0.85 | R26: 0.74 | S26: =(2500*O26)+(2500*P26)+(500*Q26)+(500*R26) -> 4770 | U26: =IF((S26-S27+T26)=S26,"0",(S26-S27+T26)) -> 80 | V26: 11840 | W26: =IF(V27-V26<0,"0",V27-V26) -> 102 | X26: 61265 | Y26: =IF((X27-X26)<0,"0",X27-X26) -> 0 | Z26: 3590 | AB26: =IF((Z26-Z27+AA26)=Z26,"0",(Z26-Z27+AA26)) -> 655 | AC26: 192 | AD26: 370
A27: 45773 | B27: 13870947 | C27: =IF((B28-B27)<0,"0",B28-B27) -> 4267 | D27: 726129 | E27: =IF((D28-D27)<0,"0",D28-D27) -> 1568 | F27: 1704 | G27: =F28-F27 -> 0 | H27: =C27+E27-G27 -> 5835 | I27: =H27-K27-M27-O27-Q27 -> -39939.61 | J27: =I28-I27 -> 464.09 | K27: =A27 -> 45773 | L27: 2944 | M27: 0 | N27: =IF((L27-L28+M27)=L27,"0",(L27-L28+M27)) -> 125 | O27: 0.79 | P27: 0.78 | Q27: 0.82 | R27: 0.71 | S27: =(2500*O27)+(2500*P27)+(500*Q27)+(500*R27) -> 4690 | U27: =IF((S27-S28+T27)=S27,"0",(S27-S28+T27)) -> 120 | V27: 11942 | W27: =IF(V28-V27<0,"0",V28-V27) -> 115 | X27: 61265 | Y27: =IF((X28-X27)<0,"0",X28-X27) -> 0 | Z27: 2935 | AB27: =IF((Z27-Z28+AA27)=Z27,"0",(Z27-Z28+AA27)) -> 690 | AC27: 176 | AD27: 332
A28: 45774 | B28: 13875214 | C28: =IF((B29-B28)<0,"0",B29-B28) -> 4722 | D28: 727697 | E28: =IF((D29-D28)<0,"0",D29-D28) -> 1578 | F28: 1704 | G28: =F29-F28 -> 0 | H28: =C28+E28-G28 -> 6300 | I28: =H28-K28-M28-O28-Q28 -> -39475.52 | J28: =I29-I28 -> -6300.86 | K28: =A28 -> 45774 | L28: 2819 | M28: 0 | N28: =IF((L28-L29+M28)=L28,"0",(L28-L29+M28)) -> 119 | O28: 0.78 | P28: 0.77 | Q28: 0.74 | R28: 0.65 | S28: =(2500*O28)+(2500*P28)+(500*Q28)+(500*R28) -> 4570 | U28: =IF((S28-S29+T28)=S28,"0",(S28-S29+T28)) -> 180 | V28: 12057 | W28: =IF(V29-V28<0,"0",V29-V28) -> 104 | X28: 61265 | Y28: =IF((X29-X28)<0,"0",X29-X28) -> 0 | Z28: 2245 | AB28: =IF((Z28-Z29+AA28)=Z28,"0",(Z28-Z29+AA28)) -> 650 | AC28: 167 | AD28: 319
A29: 45775 | B29: 13879936 | C29: =IF((B30-B29)<0,"0",B30-B29) -> 0 | D29: 729275 | E29: =IF((D30-D29)<0,"0",D30-D29) -> 0 | F29: 1704 | G29: =F30-F29 -> 0 | H29: =C29+E29-G29 -> 0 | I29: =H29-K29-M29-O29-Q29 -> -45776.38 | J29: =I30-I29 -> 0.38 | K29: =A29 -> 45775 | L29: 2700 | M29: 0 | N29: =IF((L29-L30+M29)=L29,"0",(L29-L30+M29)) -> 0 | O29: 0.74 | P29: 0.77 | Q29: 0.64 | R29: 0.59 | S29: =(2500*O29)+(2500*P29)+(500*Q29)+(500*R29) -> 4390 | T29: 229 | U29: =IF((S29-S30+T29)=S29,"0",(S29-S30+T29)) -> 4619 | V29: 12161 | W29: =IF(V30-V29<0,"0",V30-V29) -> 0 | X29: 61265 | Y29: =IF((X30-X29)<0,"0",X30-X29) -> 0 | Z29: 1595 | AB29: =IF((Z29-Z30+AA29)=Z29,"0",(Z29-Z30+AA29)) -> 0 | AC29: 178 | AD29: 342
A30: 45776 | C30: =IF((B31-B30)<0,"0",B31-B30) -> 0 | E30: =IF((D31-D30)<0,"0",D31-D30) -> 0 | F30: 1704 | G30: =F31-F30 -> 0 | H30: =C30+E30-G30 -> 0 | I30: =H30-K30-M30-O30-Q30 -> -45776 | J30: =#REF!-I30 -> #REF! | K30: =A30 -> 45776 | M30: 0 | N30: =IF((L30-L31+M30)=L30,"0",(L30-L31+M30)) -> 0 | S30: =(2500*O30)+(2500*P30)+(500*Q30)+(500*R30) -> 0 | U30: =IF((S30-S31+T30)=S30,"0",(S30-S31+T30)) -> 0 | W30: =IF(V31-V30<0,"0",V31-V30) -> 0 | Y30: =IF((X31-X30)<0,"0",X31-X30) -> 0 | AB30: =IF((Z30-Z31+AA30)=Z30,"0",(Z30-Z31+AA30)) -> 0
A31: 45777 | C31: =IF((B32-B31)<0,"0",B32-B31) -> 0 | E31: =IF((D32-D31)<0,"0",D32-D31) -> 0 | F31: 1704 | G31: =F32-F31 -> -1704 | H31: =C31+E31-G31 -> 1704 | I31: =H31-K31-M31-O31-Q31 -> -44073 | J31: =#REF!-I31 -> #REF! | K31: =A31 -> 45777 | M31: 0 | N31: =IF((L31-L32+M31)=L31,"0",(L31-L32+M31)) -> 0 | S31: =(2500*O31)+(2500*P31)+(500*Q31)+(500*R31) -> 0 | U31: =IF((S31-S32+T31)=S31,"0",(S31-S32+T31)) -> 0 | W31: =IF(V32-V31<0,"0",V32-V31) -> 0 | Y31: =IF((X32-X31)<0,"0",X32-X31) -> 0 | AB31: =IF((Z31-Z32+AA31)=Z31,"0",(Z31-Z32+AA31)) -> 0
A32: 45778 | K32: =A32 -> 45778 | M32: 0 | N32: =IF((L32-L33+M32)=L32,"0",(L32-L33+M32)) -> 0 | S32: =(2500*O32)+(2500*P32)+(500*Q32)+(500*R32) -> 0 | AC32: 174 | AD32: 370
C33: =SUM(C2:C32) -> 119476 | E33: =SUM(E2:E32) -> 32498 | G33: =SUM(G2:G32) -> -1704 | H33: =SUM(H2:H32) -> 153678 | I33: =SUM(I2:I31) -> -1219237.9 | J33: =SUM(J2:J32) -> #REF! | N33: =SUM(N2:N32) -> 3818 | T33: =SUM(T2:T32) -> 3679 | U33: =SUM(U2:U32) -> 8514 | W33: =SUM(W2:W32) -> 3444 | Y33: =SUM(Y2:Y32) -> 0 | AA33: =SUM(AA2:AA32) -> 16230 | AB33: =SUM(AB2:AB32) -> 21175 | AC33: =SUM(AC2:AC32) -> 5776 | AD33: =SUM(AD2:AD32) -> 12013
