Workbook

Sheet Total
A1: Site Name | B1: Day | C1: Month | D1: Year | E1: Total Electricity Kwh | F1: Electricity Tariff ($/Kwh) | G1: LPG (Liters) | H1: LPG $/Liter | I1: Water Utility Supply (m3) m3 | J1: Water Utility Supply (m3) $/m3 | K1: District Energy Heating Kwh | L1: District Energy Heating $/Kwh | M1: Total Fuel Oil (Liter) | N1: Fuel Oil $/Liter | O1: Room Nights | P1: Total Guests
A2: Annabelle | B2: 1 | C2: 6 | D2: 2025 | E2: =IF('June 2025'!C2<0,"0",'June 2025'!C2)+(IF('June 2025'!E2<0,"0",'June 2025'!E2)-(IF('June 2025'!G2<0,"0",'June 2025'!G2))) -> 6498 | F2: =('June 2025'!C2*0.27)/('June 2025'!C2+'June 2025'!E2) -> 0.20044321 | G2: ='June 2025'!U2 -> 75 | H2: 0.62 | I2: ='June 2025'!W2 -> 111 | J2: 2.42 | K2: ='June 2025'!AB2*5.04 -> 2444.4 | L2: 0.1151 | M2: ='June 2025'!M2 -> 0 | N2: 0.88 | O2: ='June 2025'!AC2 -> 180 | P2: ='June 2025'!AD2 -> 357
A3: Annabelle | B3: =B2+1 -> 2 | C3: 6 | D3: 2025 | E3: =IF('June 2025'!C3<0,"0",'June 2025'!C3)+(IF('June 2025'!E3<0,"0",'June 2025'!E3)-(IF('June 2025'!G3<0,"0",'June 2025'!G3))) -> 6240 | F3: =('June 2025'!C3*0.27)/('June 2025'!C3+'June 2025'!E3) -> 0.20072596 | G3: ='June 2025'!U3 -> 57 | H3: 0.62 | I3: ='June 2025'!W3 -> 111 | J3: 2.42 | K3: ='June 2025'!AB3*5.04 -> 2192.4 | L3: 0.1151 | M3: ='June 2025'!M3 -> 0 | N3: 0.88 | O3: ='June 2025'!AC3 -> 182 | P3: ='June 2025'!AD3 -> 355
A4: Annabelle | B4: =B3+1 -> 3 | C4: 6 | D4: 2025 | E4: =IF('June 2025'!C4<0,"0",'June 2025'!C4)+(IF('June 2025'!E4<0,"0",'June 2025'!E4)-(IF('June 2025'!G4<0,"0",'June 2025'!G4))) -> 6664 | F4: =('June 2025'!C4*0.27)/('June 2025'!C4+'June 2025'!E4) -> 0.20282413 | G4: ='June 2025'!U4 -> 115 | H4: 0.62 | I4: ='June 2025'!W4 -> 130 | J4: 2.42 | K4: ='June 2025'!AB4*5.04 -> 2469.6 | L4: 0.1151 | M4: ='June 2025'!M4 -> 0 | N4: 0.88 | O4: ='June 2025'!AC4 -> 182 | P4: ='June 2025'!AD4 -> 348
A5: Annabelle | B5: =B4+1 -> 4 | C5: 6 | D5: 2025 | E5: =IF('June 2025'!C5<0,"0",'June 2025'!C5)+(IF('June 2025'!E5<0,"0",'June 2025'!E5)-(IF('June 2025'!G5<0,"0",'June 2025'!G5))) -> 1642 | F5: =('June 2025'!C5*0.27)/('June 2025'!C5+'June 2025'!E5) -> 0 | G5: ='June 2025'!U5 -> 45 | H5: 0.62 | I5: ='June 2025'!W5 -> 123 | J5: 2.42 | K5: ='June 2025'!AB5*5.04 -> 2444.4 | L5: 0.1151 | M5: ='June 2025'!M5 -> 0 | N5: 0.88 | O5: ='June 2025'!AC5 -> 216 | P5: ='June 2025'!AD5 -> 403
A6: Annabelle | B6: =B5+1 -> 5 | C6: 6 | D6: 2025 | E6: =IF('June 2025'!C6<0,"0",'June 2025'!C6)+(IF('June 2025'!E6<0,"0",'June 2025'!E6)-(IF('June 2025'!G6<0,"0",'June 2025'!G6))) -> 7534 | F6: =('June 2025'!C6*0.27)/('June 2025'!C6+'June 2025'!E6) -> 0.21438014 | G6: ='June 2025'!U6 -> 185 | H6: 0.62 | I6: ='June 2025'!W6 -> 134 | J6: 2.42 | K6: ='June 2025'!AB6*5.04 -> 2394 | L6: 0.1151 | M6: ='June 2025'!M6 -> 0 | N6: 0.88 | O6: ='June 2025'!AC6 -> 227 | P6: ='June 2025'!AD6 -> 430
A7: Annabelle | B7: =B6+1 -> 6 | C7: 6 | D7: 2025 | E7: =IF('June 2025'!C7<0,"0",'June 2025'!C7)+(IF('June 2025'!E7<0,"0",'June 2025'!E7)-(IF('June 2025'!G7<0,"0",'June 2025'!G7))) -> 8341 | F7: =('June 2025'!C7*0.27)/('June 2025'!C7+'June 2025'!E7) -> 0.2171718 | G7: ='June 2025'!U7 -> 125 | H7: 0.62 | I7: ='June 2025'!W7 -> 132 | J7: 2.42 | K7: ='June 2025'!AB7*5.04 -> 1940.4 | L7: 0.1151 | M7: ='June 2025'!M7 -> 0 | N7: 0.88 | O7: ='June 2025'!AC7 -> 217 | P7: ='June 2025'!AD7 -> 413
A8: Annabelle | B8: =B7+1 -> 7 | C8: 6 | D8: 2025 | E8: =IF('June 2025'!C8<0,"0",'June 2025'!C8)+(IF('June 2025'!E8<0,"0",'June 2025'!E8)-(IF('June 2025'!G8<0,"0",'June 2025'!G8))) -> 9101 | F8: =('June 2025'!C8*0.27)/('June 2025'!C8+'June 2025'!E8) -> 0.22229535 | G8: ='June 2025'!U8 -> 175 | H8: 0.62 | I8: ='June 2025'!W8 -> 142 | J8: 2.42 | K8: ='June 2025'!AB8*5.04 -> 2847.6 | L8: 0.1151 | M8: ='June 2025'!M8 -> 0 | N8: 0.88 | O8: ='June 2025'!AC8 -> 239 | P8: ='June 2025'!AD8 -> 463
A9: Annabelle | B9: =B8+1 -> 8 | C9: 6 | D9: 2025 | E9: =IF('June 2025'!C9<0,"0",'June 2025'!C9)+(IF('June 2025'!E9<0,"0",'June 2025'!E9)-(IF('June 2025'!G9<0,"0",'June 2025'!G9))) -> 8787 | F9: =('June 2025'!C9*0.27)/('June 2025'!C9+'June 2025'!E9) -> 0.22105155 | G9: ='June 2025'!U9 -> 135 | H9: 0.62 | I9: ='June 2025'!W9 -> 135 | J9: 2.42 | K9: ='June 2025'!AB9*5.04 -> 2268 | L9: 0.1151 | M9: ='June 2025'!M9 -> 0 | N9: 0.88 | O9: ='June 2025'!AC9 -> 234 | P9: ='June 2025'!AD9 -> 459
A10: Annabelle | B10: =B9+1 -> 9 | C10: 6 | D10: 2025 | E10: =IF('June 2025'!C10<0,"0",'June 2025'!C10)+(IF('June 2025'!E10<0,"0",'June 2025'!E10)-(IF('June 2025'!G10<0,"0",'June 2025'!G10))) -> 7982 | F10: =('June 2025'!C10*0.27)/('June 2025'!C10+'June 2025'!E10) -> 0.24655851 | G10: ='June 2025'!U10 -> 245 | H10: 0.62 | I10: ='June 2025'!W10 -> 137 | J10: 2.42 | K10: ='June 2025'!AB10*5.04 -> 2293.2 | L10: 0.1151 | M10: ='June 2025'!M10 -> 0 | N10: 0.88 | O10: ='June 2025'!AC10 -> 200 | P10: ='June 2025'!AD10 -> 385
A11: Annabelle | B11: =B10+1 -> 10 | C11: 6 | D11: 2025 | E11: =IF('June 2025'!C11<0,"0",'June 2025'!C11)+(IF('June 2025'!E11<0,"0",'June 2025'!E11)-(IF('June 2025'!G11<0,"0",'June 2025'!G11))) -> 8318 | F11: =('June 2025'!C11*0.27)/('June 2025'!C11+'June 2025'!E11) -> 0.21715557 | G11: ='June 2025'!U11 -> -1010 | H11: 0.62 | I11: ='June 2025'!W11 -> 129 | J11: 2.42 | K11: ='June 2025'!AB11*5.04 -> 2318.4 | L11: 0.1151 | M11: ='June 2025'!M11 -> 0 | N11: 0.88 | O11: ='June 2025'!AC11 -> 197 | P11: ='June 2025'!AD11 -> 383
A12: Annabelle | B12: =B11+1 -> 11 | C12: 6 | D12: 2025 | E12: =IF('June 2025'!C12<0,"0",'June 2025'!C12)+(IF('June 2025'!E12<0,"0",'June 2025'!E12)-(IF('June 2025'!G12<0,"0",'June 2025'!G12))) -> 8926 | F12: =('June 2025'!C12*0.27)/('June 2025'!C12+'June 2025'!E12) -> 0.22199529 | G12: ='June 2025'!U12 -> 1120 | H12: 0.62 | I12: ='June 2025'!W12 -> 114 | J12: 2.42 | K12: ='June 2025'!AB12*5.04 -> 1915.2 | L12: 0.1151 | M12: ='June 2025'!M12 -> 0 | N12: 0.88 | O12: ='June 2025'!AC12 -> 199 | P12: ='June 2025'!AD12 -> 391
A13: Annabelle | B13: =B12+1 -> 12 | C13: 6 | D13: 2025 | E13: =IF('June 2025'!C13<0,"0",'June 2025'!C13)+(IF('June 2025'!E13<0,"0",'June 2025'!E13)-(IF('June 2025'!G13<0,"0",'June 2025'!G13))) -> 9014 | F13: =('June 2025'!C13*0.27)/('June 2025'!C13+'June 2025'!E13) -> 0.22273353 | G13: ='June 2025'!U13 -> 95 | H13: 0.62 | I13: ='June 2025'!W13 -> 125 | J13: 2.42 | K13: ='June 2025'!AB13*5.04 -> 2091.6 | L13: 0.1151 | M13: ='June 2025'!M13 -> 0 | N13: 0.88 | O13: ='June 2025'!AC13 -> 202 | P13: ='June 2025'!AD13 -> 395
A14: Annabelle | B14: =B13+1 -> 13 | C14: 6 | D14: 2025 | E14: =IF('June 2025'!C14<0,"0",'June 2025'!C14)+(IF('June 2025'!E14<0,"0",'June 2025'!E14)-(IF('June 2025'!G14<0,"0",'June 2025'!G14))) -> 9864 | F14: =('June 2025'!C14*0.27)/('June 2025'!C14+'June 2025'!E14) -> 0.22614964 | G14: ='June 2025'!U14 -> 195 | H14: 0.62 | I14: ='June 2025'!W14 -> 140 | J14: 2.42 | K14: ='June 2025'!AB14*5.04 -> 2091.6 | L14: 0.1151 | M14: ='June 2025'!M14 -> 0 | N14: 0.88 | O14: ='June 2025'!AC14 -> 222 | P14: ='June 2025'!AD14 -> 421
... A31: Annabelle | B31: =B30+1 -> 30 | C31: 6 | D31: 2025 | E31: =IF('June 2025'!C31<0,"0",'June 2025'!C31)+(IF('June 2025'!E31<0,"0",'June 2025'!E31)-(IF('June 2025'!G31<0,"0",'June 2025'!G31))) -> 0 | F31: =('June 2025'!C31*0.27)/('June 2025'!C31+'June 2025'!E31) -> #DIV/0! | G31: ='June 2025'!U31 -> 0 | H31: 0.62 | I31: ='June 2025'!W31 -> 0 | J31: 2.42 | K31: ='June 2025'!AB31*5.04 -> 0 | L31: 0.1151 | M31: ='June 2025'!M31 -> 0 | N31: 0.88 | O31: ='June 2025'!AC31 -> 0 | P31: ='June 2025'!AD31 -> 0
A32: Annabelle | B32: 31 | C32: 6 | D32: 2025 | E32: =IF('June 2025'!C32<0,"0",'June 2025'!C32)+(IF('June 2025'!E32<0,"0",'June 2025'!E32)-(IF('June 2025'!G32<0,"0",'June 2025'!G32))) -> 0 | F32: =('June 2025'!C32*0.27)/('June 2025'!C32+'June 2025'!E32) -> #DIV/0! | G32: ='June 2025'!U32 -> 0 | H32: 0.62 | I32: ='June 2025'!W32 -> 0 | J32: 2.42 | K32: ='June 2025'!AB32*5.04 -> 0 | L32: 0.1151 | M32: ='June 2025'!M32 -> 0 | N32: 0.88 | O32: ='June 2025'!AC32 -> 174 | P32: ='June 2025'!AD32 -> 370

Sheet June 2025
A1: Date | B1: Purchased Electricity (Kwh) Reading | C1: BOUGHT | D1: Total Renewable Energy Production (Kwh) Reading | E1: PRODUCED | F1: Total Renewable Energy Exported (KWh) Reading | G1: SOLD | H1: HOTEL Electricity (KWh) Consumed incl. --> | I1: HOTEL Electricity (KWh) Consumed excl. --> | J1: Consumed | K1: Date | L1: Fuel Oil Hot-Water Boilers (Liter) Reading | M1: Fuel Oil (Liter) Received | N1: Consumed | O1: LPG % TANK 1 | P1: LPG % TANK 2 | Q1: LPG % TANK 3 | R1: LPG % TANK 4 | S1: LPG (Liter) Reading | T1: LPG (Liter) Received | U1: Consumed | V1: Water Utility Supply (m3) Reading | W1: Consumed | X1: Irrigation Water Supply (m3) Reading | Y1: Consumed | Z1: Pellets (Kg) Reading | AA1: Pellets (Kg) Received | AB1: Consumed | AC1: Room Nights | AD1: Guest Nights
A2: 45809 | B2: 14037673 | C2: =IF((B3-B2)<0,"0",B3-B2) -> 4824 | D2: 774702 | E2: =IF((D3-D2)<0,"0",D3-D2) -> 1674 | F2: 1704 | G2: =F3-F2 -> 0 | H2: =C2+E2-G2 -> 6498 | I2: =H2-K2-M2-O2-Q2 -> -39312.26 | J2: =I3-I2 -> -258.94 | K2: =A2 -> 45809 | L2: 8217 | M2: 0 | N2: =IF((L2-L3+M2)=L2,"0",(L2-L3+M2)) -> 41 | O2: 0.7 | P2: 0.72 | Q2: 0.56 | R2: 0.56 | S2: =(2500*O2)+(2500*P2)+(500*Q2)+(500*R2) -> 4110 | U2: =IF((S2-S3+T2)=S2,"0",(S2-S3+T2)) -> 75 | V2: 16132 | W2: =IF(V3-V2<0,"0",V3-V2) -> 111 | X2: 61265 | Y2: =IF((X3-X2)<0,"0",X3-X2) -> 0 | Z2: 8955 | AB2: =IF((Z2-Z3+AA2)=Z2,"0",(Z2-Z3+AA2)) -> 485 | AC2: 180 | AD2: 357
A3: 45810 | B3: 14042497 | C3: =IF((B4-B3)<0,"0",B4-B3) -> 4639 | D3: 776376 | E3: =IF((D4-D3)<0,"0",D4-D3) -> 1601 | F3: 1704 | G3: =F4-F3 -> 0 | H3: =C3+E3-G3 -> 6240 | I3: =H3-K3-M3-O3-Q3 -> -39571.2 | J3: =I4-I3 -> 422.53 | K3: =A3 -> 45810 | L3: 8176 | M3: 0 | N3: =IF((L3-L4+M3)=L3,"0",(L3-L4+M3)) -> 28 | O3: 0.7 | P3: 0.71 | Q3: 0.5 | R3: 0.52 | S3: =(2500*O3)+(2500*P3)+(500*Q3)+(500*R3) -> 4035 | T3: 852 | U3: =IF((S3-S4+T3)=S3,"0",(S3-S4+T3)) -> 57 | V3: 16243 | W3: =IF(V4-V3<0,"0",V4-V3) -> 111 | X3: 61265 | Y3: =IF((X4-X3)<0,"0",X4-X3) -> 0 | Z3: 8470 | AB3: =IF((Z3-Z4+AA3)=Z3,"0",(Z3-Z4+AA3)) -> 435 | AC3: 182 | AD3: 355
A4: 45811 | B4: 14047136 | C4: =IF((B5-B4)<0,"0",B5-B4) -> 5006 | D4: 777977 | E4: =IF((D5-D4)<0,"0",D5-D4) -> 1658 | F4: 1704 | G4: =F5-F4 -> 0 | H4: =C4+E4-G4 -> 6664 | I4: =H4-K4-M4-O4-Q4 -> -39148.67 | J4: =I5-I4 -> -5022.95 | K4: =A4 -> 45811 | L4: 8148 | M4: 0 | N4: =IF((L4-L5+M4)=L4,"0",(L4-L5+M4)) -> 29 | O4: 0.8 | P4: 0.8 | Q4: 0.87 | R4: 0.79 | S4: =(2500*O4)+(2500*P4)+(500*Q4)+(500*R4) -> 4830 | U4: =IF((S4-S5+T4)=S4,"0",(S4-S5+T4)) -> 115 | V4: 16354 | W4: =IF(V5-V4<0,"0",V5-V4) -> 130 | X4: 61265 | Y4: =IF((X5-X4)<0,"0",X5-X4) -> 0 | Z4: 8035 | AB4: =IF((Z4-Z5+AA4)=Z4,"0",(Z4-Z5+AA4)) -> 490 | AC4: 182 | AD4: 348
A5: 45812 | B5: 14052142 | C5: =IF((B6-B5)<0,"0",B6-B5) -> 0 | D5: 779635 | E5: =IF((D6-D5)<0,"0",D6-D5) -> 1642 | F5: 1704 | G5: =F6-F5 -> 0 | H5: =C5+E5-G5 -> 1642 | I5: =H5-K5-M5-O5-Q5 -> -44171.62 | J5: =I6-I5 -> 5891.03 | K5: =A5 -> 45812 | L5: 8119 | M5: 0 | N5: =IF((L5-L6+M5)=L5,"0",(L5-L6+M5)) -> 22 | O5: 0.8 | P5: 0.77 | Q5: 0.82 | R5: 0.76 | S5: =(2500*O5)+(2500*P5)+(500*Q5)+(500*R5) -> 4715 | U5: =IF((S5-S6+T5)=S5,"0",(S5-S6+T5)) -> 45 | V5: 16484 | W5: =IF(V6-V5<0,"0",V6-V5) -> 123 | X5: 61265 | Y5: =IF((X6-X5)<0,"0",X6-X5) -> 0 | Z5: 7545 | AB5: =IF((Z5-Z6+AA5)=Z5,"0",(Z5-Z6+AA5)) -> 485 | AC5: 216 | AD5: 403
A6: 45813 | B6: 5375 | C6: =IF((B7-B6)<0,"0",B7-B6) -> 5982 | D6: 781277 | E6: =IF((D7-D6)<0,"0",D7-D6) -> 1552 | F6: 1704 | G6: =F7-F6 -> 0 | H6: =C6+E6-G6 -> 7534 | I6: =H6-K6-M6-O6-Q6 -> -38280.59 | J6: =I7-I6 -> 806.07 | K6: =A6 -> 45813 | L6: 8097 | M6: 0 | N6: =IF((L6-L7+M6)=L6,"0",(L6-L7+M6)) -> 11 | O6: 0.79 | P6: 0.77 | Q6: 0.8 | R6: 0.74 | S6: =(2500*O6)+(2500*P6)+(500*Q6)+(500*R6) -> 4670 | U6: =IF((S6-S7+T6)=S6,"0",(S6-S7+T6)) -> 185 | V6: 16607 | W6: =IF(V7-V6<0,"0",V7-V6) -> 134 | X6: 61265 | Y6: =IF((X7-X6)<0,"0",X7-X6) -> 0 | Z6: 7060 | AB6: =IF((Z6-Z7+AA6)=Z6,"0",(Z6-Z7+AA6)) -> 475 | AC6: 227 | AD6: 430
A7: 45814 | B7: 11357 | C7: =IF((B8-B7)<0,"0",B8-B7) -> 6709 | D7: 782829 | E7: =IF((D8-D7)<0,"0",D8-D7) -> 1632 | F7: 1704 | G7: =F8-F7 -> 0 | H7: =C7+E7-G7 -> 8341 | I7: =H7-K7-M7-O7-Q7 -> -37474.52 | J7: =I8-I7 -> 759.06 | K7: =A7 -> 45814 | L7: 8086 | M7: 0 | N7: =IF((L7-L8+M7)=L7,"0",(L7-L8+M7)) -> 0 | O7: 0.75 | P7: 0.75 | Q7: 0.77 | R7: 0.7 | S7: =(2500*O7)+(2500*P7)+(500*Q7)+(500*R7) -> 4485 | U7: =IF((S7-S8+T7)=S7,"0",(S7-S8+T7)) -> 125 | V7: 16741 | W7: =IF(V8-V7<0,"0",V8-V7) -> 132 | X7: 61265 | Y7: =IF((X8-X7)<0,"0",X8-X7) -> 0 | Z7: 6585 | AB7: =IF((Z7-Z8+AA7)=Z7,"0",(Z7-Z8+AA7)) -> 385 | AC7: 217 | AD7: 413
A8: 45815 | B8: 18066 | C8: =IF((B9-B8)<0,"0",B9-B8) -> 7493 | D8: 784461 | E8: =IF((D9-D8)<0,"0",D9-D8) -> 1608 | F8: 1704 | G8: =F9-F8 -> 0 | H8: =C8+E8-G8 -> 9101 | I8: =H8-K8-M8-O8-Q8 -> -36715.46 | J8: =I9-I8 -> -314.91 | K8: =A8 -> 45815 | L8: 8086 | M8: 0 | N8: =IF((L8-L9+M8)=L8,"0",(L8-L9+M8)) -> 0 | O8: 0.74 | P8: 0.73 | Q8: 0.72 | R8: 0.65 | S8: =(2500*O8)+(2500*P8)+(500*Q8)+(500*R8) -> 4360 | U8: =IF((S8-S9+T8)=S8,"0",(S8-S9+T8)) -> 175 | V8: 16873 | W8: =IF(V9-V8<0,"0",V9-V8) -> 142 | X8: 61265 | Y8: =IF((X9-X8)<0,"0",X9-X8) -> 0 | Z8: 6200 | AB8: =IF((Z8-Z9+AA8)=Z8,"0",(Z8-Z9+AA8)) -> 565 | AC8: 239 | AD8: 463
A9: 45816 | B9: 25559 | C9: =IF((B10-B9)<0,"0",B10-B9) -> 7194 | D9: 786069 | E9: =IF((D10-D9)<0,"0",D10-D9) -> 1593 | F9: 1704 | G9: =F10-F9 -> 0 | H9: =C9+E9-G9 -> 8787 | I9: =H9-K9-M9-O9-Q9 -> -37030.37 | J9: =I10-I9 -> -805.92 | K9: =A9 -> 45816 | L9: 8086 | M9: 0 | N9: =IF((L9-L10+M9)=L9,"0",(L9-L10+M9)) -> 0 | O9: 0.7 | P9: 0.72 | Q9: 0.67 | R9: 0.6 | S9: =(2500*O9)+(2500*P9)+(500*Q9)+(500*R9) -> 4185 | U9: =IF((S9-S10+T9)=S9,"0",(S9-S10+T9)) -> 135 | V9: 17015 | W9: =IF(V10-V9<0,"0",V10-V9) -> 135 | X9: 61265 | Y9: =IF((X10-X9)<0,"0",X10-X9) -> 0 | Z9: 5635 | AB9: =IF((Z9-Z10+AA9)=Z9,"0",(Z9-Z10+AA9)) -> 450 | AC9: 234 | AD9: 459
A10: 45817 | B10: 32753 | C10: =IF((B11-B10)<0,"0",B11-B10) -> 7289 | D10: 787662 | E10: =IF((D11-D10)<0,"0",D11-D10) -> 693 | F10: 1704 | G10: =F11-F10 -> 0 | H10: =C10+E10-G10 -> 7982 | I10: =H10-K10-M10-O10-Q10 -> -37836.29 | J10: =I11-I10 -> 335.14 | K10: =A10 -> 45817 | L10: 8086 | M10: 0 | N10: =IF((L10-L11+M10)=L10,"0",(L10-L11+M10)) -> 0 | O10: 0.69 | P10: 0.7 | Q10: 0.6 | R10: 0.55 | S10: =(2500*O10)+(2500*P10)+(500*Q10)+(500*R10) -> 4050 | U10: =IF((S10-S11+T10)=S10,"0",(S10-S11+T10)) -> 245 | V10: 17150 | W10: =IF(V11-V10<0,"0",V11-V10) -> 137 | X10: 61265 | Y10: =IF((X11-X10)<0,"0",X11-X10) -> 0 | Z10: 5185 | AB10: =IF((Z10-Z11+AA10)=Z10,"0",(Z10-Z11+AA10)) -> 455 | AC10: 200 | AD10: 385
A11: 45818 | B11: 40042 | C11: =IF((B12-B11)<0,"0",B12-B11) -> 6690 | D11: 788355 | E11: =IF((D12-D11)<0,"0",D12-D11) -> 1628 | F11: 1704 | G11: =F12-F11 -> 0 | H11: =C11+E11-G11 -> 8318 | I11: =H11-K11-M11-O11-Q11 -> -37501.15 | J11: =I12-I11 -> 606.49 | K11: =A11 -> 45818 | L11: 8086 | M11: 0 | N11: =IF((L11-L12+M11)=L11,"0",(L11-L12+M11)) -> 0 | O11: 0.65 | P11: 0.67 | Q11: 0.5 | R11: 0.51 | S11: =(2500*O11)+(2500*P11)+(500*Q11)+(500*R11) -> 3805 | U11: =IF((S11-S12+T11)=S11,"0",(S11-S12+T11)) -> -1010 | V11: 17287 | W11: =IF(V12-V11<0,"0",V12-V11) -> 129 | X11: 61265 | Y11: =IF((X12-X11)<0,"0",X12-X11) -> 0 | Z11: 4730 | AB11: =IF((Z11-Z12+AA11)=Z11,"0",(Z11-Z12+AA11)) -> 460 | AC11: 197 | AD11: 383
A12: 45819 | B12: 46732 | C12: =IF((B13-B12)<0,"0",B13-B12) -> 7339 | D12: 789983 | E12: =IF((D13-D12)<0,"0",D13-D12) -> 1587 | F12: 1704 | G12: =F13-F12 -> 0 | H12: =C12+E12-G12 -> 8926 | I12: =H12-K12-M12-O12-Q12 -> -36894.66 | J12: =I13-I12 -> 87.03 | K12: =A12 -> 45819 | L12: 8086 | M12: 0 | N12: =IF((L12-L13+M12)=L12,"0",(L12-L13+M12)) -> 0 | O12: 0.8 | P12: 0.8 | Q12: 0.86 | R12: 0.77 | S12: =(2500*O12)+(2500*P12)+(500*Q12)+(500*R12) -> 4815 | T12: 1040 | U12: =IF((S12-S13+T12)=S12,"0",(S12-S13+T12)) -> 1120 | V12: 17416 | W12: =IF(V13-V12<0,"0",V13-V12) -> 114 | X12: 61265 | Y12: =IF((X13-X12)<0,"0",X13-X12) -> 0 | Z12: 4270 | AB12: =IF((Z12-Z13+AA12)=Z12,"0",(Z12-Z13+AA12)) -> 380 | AC12: 199 | AD12: 391
A13: 45820 | B13: 54071 | C13: =IF((B14-B13)<0,"0",B14-B13) -> 7436 | D13: 791570 | E13: =IF((D14-D13)<0,"0",D14-D13) -> 1578 | F13: 1704 | G13: =F14-F13 -> 0 | H13: =C13+E13-G13 -> 9014 | I13: =H13-K13-M13-O13-Q13 -> -36807.63 | J13: =I14-I13 -> 849.07 | K13: =A13 -> 45820 | L13: 8086 | M13: 0 | N13: =IF((L13-L14+M13)=L13,"0",(L13-L14+M13)) -> 0 | O13: 0.79 | P13: 0.79 | Q13: 0.84 | R13: 0.73 | S13: =(2500*O13)+(2500*P13)+(500*Q13)+(500*R13) -> 4735 | U13: =IF((S13-S14+T13)=S13,"0",(S13-S14+T13)) -> 95 | V13: 17530 | W13: =IF(V14-V13<0,"0",V14-V13) -> 125 | X13: 61265 | Y13: =IF((X14-X13)<0,"0",X14-X13) -> 0 | Z13: 3890 | AB13: =IF((Z13-Z14+AA13)=Z13,"0",(Z13-Z14+AA13)) -> 415 | AC13: 202 | AD13: 395
A14: 45821 | B14: 61507 | C14: =IF((B15-B14)<0,"0",B15-B14) -> 8262 | D14: 793148 | E14: =IF((D15-D14)<0,"0",D15-D14) -> 1602 | F14: 1704 | G14: =F15-F14 -> 0 | H14: =C14+E14-G14 -> 9864 | I14: =H14-K14-M14-O14-Q14 -> -35958.56 | J14: =I15-I14 -> 34.07 | K14: =A14 -> 45821 | L14: 8086 | M14: 0 | N14: =IF((L14-L15+M14)=L14,"0",(L14-L15+M14)) -> 0 | O14: 0.77 | P14: 0.79 | Q14: 0.79 | R14: 0.69 | S14: =(2500*O14)+(2500*P14)+(500*Q14)+(500*R14) -> 4640 | U14: =IF((S14-S15+T14)=S14,"0",(S14-S15+T14)) -> 195 | V14: 17655 | W14: =IF(V15-V14<0,"0",V15-V14) -> 140 | X14: 61265 | Y14: =IF((X15-X14)<0,"0",X15-X14) -> 0 | Z14: 3475 | AB14: =IF((Z14-Z15+AA14)=Z14,"0",(Z14-Z15+AA14)) -> 415 | AC14: 222 | AD14: 421
A15: 45822 | B15: 69769 | C15: =IF((B16-B15)<0,"0",B16-B15) -> 8313 | D15: 794750 | E15: =IF((D16-D15)<0,"0",D16-D15) -> 1586 | F15: 1704 | G15: =F16-F15 -> 0 | H15: =C15+E15-G15 -> 9899 | I15: =H15-K15-M15-O15-Q15 -> -35924.49 | J15: =I16-I15 -> -242.89 | K15: =A15 -> 45822 | L15: 8086 | M15: 0 | N15: =IF((L15-L16+M15)=L15,"0",(L15-L16+M15)) -> 0 | O15: 0.75 | P15: 0.75 | Q15: 0.74 | R15: 0.65 | S15: =(2500*O15)+(2500*P15)+(500*Q15)+(500*R15) -> 4445 | U15: =IF((S15-S16+T15)=S15,"0",(S15-S16+T15)) -> 145 | V15: 17795 | W15: =IF(V16-V15<0,"0",V16-V15) -> 124 | X15: 61265 | Y15: =IF((X16-X15)<0,"0",X16-X15) -> 0 | Z15: 3060 | AB15: =IF((Z15-Z16+AA15)=Z15,"0",(Z15-Z16+AA15)) -> 445 | AC15: 236 | AD15: 449
A16: 45823 | B16: 78082 | C16: =IF((B17-B16)<0,"0",B17-B16) -> 8051 | D16: 796336 | E16: =IF((D17-D16)<0,"0",D17-D16) -> 1606 | F16: 1704 | G16: =F17-F16 -> 0 | H16: =C16+E16-G16 -> 9657 | I16: =H16-K16-M16-O16-Q16 -> -36167.38 | J16: =I17-I16 -> -235.89 | K16: =A16 -> 45823 | L16: 8086 | M16: 0 | N16: =IF((L16-L17+M16)=L16,"0",(L16-L17+M16)) -> 0 | O16: 0.73 | P16: 0.74 | Q16: 0.65 | R16: 0.6 | S16: =(2500*O16)+(2500*P16)+(500*Q16)+(500*R16) -> 4300 | U16: =IF((S16-S17+T16)=S16,"0",(S16-S17+T16)) -> 190 | V16: 17919 | W16: =IF(V17-V16<0,"0",V17-V16) -> 125 | X16: 61265 | Y16: =IF((X17-X16)<0,"0",X17-X16) -> 0 | Z16: 2615 | AB16: =IF((Z16-Z17+AA16)=Z16,"0",(Z16-Z17+AA16)) -> 380 | AC16: 202 | AD16: 388
A17: 45824 | B17: 86133 | C17: =IF((B18-B17)<0,"0",B18-B17) -> 7828 | D17: 797942 | E17: =IF((D18-D17)<0,"0",D18-D17) -> 1594 | F17: 1704 | G17: =F18-F17 -> 0 | H17: =C17+E17-G17 -> 9422 | I17: =H17-K17-M17-O17-Q17 -> -36403.27 | J17: =I18-I17 -> 386.6 | K17: =A17 -> 45824 | L17: 8086 | M17: 0 | N17: =IF((L17-L18+M17)=L17,"0",(L17-L18+M17)) -> 0 | O17: 0.7 | P17: 0.72 | Q17: 0.57 | R17: 0.55 | S17: =(2500*O17)+(2500*P17)+(500*Q17)+(500*R17) -> 4110 | T17: 759 | U17: =IF((S17-S18+T17)=S17,"0",(S17-S18+T17)) -> 9 | V17: 18044 | W17: =IF(V18-V17<0,"0",V18-V17) -> 137 | X17: 61265 | Y17: =IF((X18-X17)<0,"0",X18-X17) -> 0 | Z17: 2235 | AB17: =IF((Z17-Z18+AA17)=Z17,"0",(Z17-Z18+AA17)) -> 390 | AC17: 201 | AD17: 391
A18: 45825 | B18: 93961 | C18: =IF((B19-B18)<0,"0",B19-B18) -> 8203 | D18: 799536 | E18: =IF((D19-D18)<0,"0",D19-D18) -> 1607 | F18: 1704 | G18: =F19-F18 -> 0 | H18: =C18+E18-G18 -> 9810 | I18: =H18-K18-M18-O18-Q18 -> -36016.67 | J18: =I19-I18 -> -726.9 | K18: =A18 -> 45825 | L18: 8086 | M18: 0 | N18: =IF((L18-L19+M18)=L18,"0",(L18-L19+M18)) -> 0 | O18: 0.81 | P18: 0.81 | Q18: 0.86 | R18: 0.76 | S18: =(2500*O18)+(2500*P18)+(500*Q18)+(500*R18) -> 4860 | U18: =IF((S18-S19+T18)=S18,"0",(S18-S19+T18)) -> 260 | V18: 18181 | W18: =IF(V19-V18<0,"0",V19-V18) -> 131 | X18: 61265 | Y18: =IF((X19-X18)<0,"0",X19-X18) -> 0 | Z18: 1845 | AB18: =IF((Z18-Z19+AA18)=Z18,"0",(Z18-Z19+AA18)) -> 450 | AC18: 199 | AD18: 379
A19: 45826 | B19: 102164 | C19: =IF((B20-B19)<0,"0",B20-B19) -> 7478 | D19: 801143 | E19: =IF((D20-D19)<0,"0",D20-D19) -> 1606 | F19: 1704 | G19: =F20-F19 -> 0 | H19: =C19+E19-G19 -> 9084 | I19: =H19-K19-M19-O19-Q19 -> -36743.57 | J19: =I20-I19 -> -181.98 | K19: =A19 -> 45826 | L19: 8086 | M19: 0 | N19: =IF((L19-L20+M19)=L19,"0",(L19-L20+M19)) -> 0 | O19: 0.77 | P19: 0.77 | Q19: 0.8 | R19: 0.7 | S19: =(2500*O19)+(2500*P19)+(500*Q19)+(500*R19) -> 4600 | U19: =IF((S19-S20+T19)=S19,"0",(S19-S20+T19)) -> 35 | V19: 18312 | W19: =IF(V20-V19<0,"0",V20-V19) -> 131 | X19: 61265 | Y19: =IF((X20-X19)<0,"0",X20-X19) -> 0 | Z19: 1395 | AB19: =IF((Z19-Z20+AA19)=Z19,"0",(Z19-Z20+AA19)) -> 430 | AC19: 175 | AD19: 338
A20: 45827 | B20: 109642 | C20: =IF((B21-B20)<0,"0",B21-B20) -> 7287 | D20: 802749 | E20: =IF((D21-D20)<0,"0",D21-D20) -> 1616 | F20: 1704 | G20: =F21-F20 -> 0 | H20: =C20+E20-G20 -> 8903 | I20: =H20-K20-M20-O20-Q20 -> -36925.55 | J20: =I21-I20 -> 531.11 | K20: =A20 -> 45827 | L20: 8086 | M20: 0 | N20: =IF((L20-L21+M20)=L20,"0",(L20-L21+M20)) -> 0 | O20: 0.76 | P20: 0.77 | Q20: 0.79 | R20: 0.69 | S20: =(2500*O20)+(2500*P20)+(500*Q20)+(500*R20) -> 4565 | U20: =IF((S20-S21+T20)=S20,"0",(S20-S21+T20)) -> 190 | V20: 18443 | W20: =IF(V21-V20<0,"0",V21-V20) -> 103 | X20: 61265 | Y20: =IF((X21-X20)<0,"0",X21-X20) -> 0 | Z20: 965 | AB20: =IF((Z20-Z21+AA20)=Z20,"0",(Z20-Z21+AA20)) -> 350 | AC20: 160 | AD20: 308
A21: 45828 | B21: 116929 | C21: =IF((B22-B21)<0,"0",B22-B21) -> 7818 | D21: 804365 | E21: =IF((D22-D21)<0,"0",D22-D21) -> 1617 | F21: 1704 | G21: =F22-F21 -> 0 | H21: =C21+E21-G21 -> 9435 | I21: =H21-K21-M21-O21-Q21 -> -36394.44 | J21: =I22-I21 -> 1053.09 | K21: =A21 -> 45828 | L21: 8086 | M21: 0 | N21: =IF((L21-L22+M21)=L21,"0",(L21-L22+M21)) -> 0 | O21: 0.73 | P21: 0.75 | Q21: 0.71 | R21: 0.64 | S21: =(2500*O21)+(2500*P21)+(500*Q21)+(500*R21) -> 4375 | U21: =IF((S21-S22+T21)=S21,"0",(S21-S22+T21)) -> 180 | V21: 18546 | W21: =IF(V22-V21<0,"0",V22-V21) -> 124 | X21: 61265 | Y21: =IF((X22-X21)<0,"0",X22-X21) -> 0 | Z21: 615 | AA21: 1745 | AB21: =IF((Z21-Z22+AA21)=Z21,"0",(Z21-Z22+AA21)) -> 365 | AC21: 157 | AD21: 307
A22: 45829 | B22: 124747 | C22: =IF((B23-B22)<0,"0",B23-B22) -> 8887 | D22: 805982 | E22: =IF((D23-D22)<0,"0",D23-D22) -> 1602 | F22: 1704 | G22: =F23-F22 -> 0 | H22: =C22+E22-G22 -> 10489 | I22: =H22-K22-M22-O22-Q22 -> -35341.35 | J22: =I23-I22 -> -938.96 | K22: =A22 -> 45829 | L22: 8086 | M22: 0 | N22: =IF((L22-L23+M22)=L22,"0",(L22-L23+M22)) -> 0 | O22: 0.71 | P22: 0.72 | Q22: 0.64 | R22: 0.6 | S22: =(2500*O22)+(2500*P22)+(500*Q22)+(500*R22) -> 4195 | U22: =IF((S22-S23+T22)=S22,"0",(S22-S23+T22)) -> 65 | V22: 18670 | W22: =IF(V23-V22<0,"0",V23-V22) -> 124 | X22: 61265 | Y22: =IF((X23-X22)<0,"0",X23-X22) -> 0 | Z22: 1995 | AB22: =IF((Z22-Z23+AA22)=Z22,"0",(Z22-Z23+AA22)) -> 355 | AC22: 172 | AD22: 334
A23: 45830 | B23: 133634 | C23: =IF((B24-B23)<0,"0",B24-B23) -> 7945 | D23: 807584 | E23: =IF((D24-D23)<0,"0",D24-D23) -> 1606 | F23: 1704 | G23: =F24-F23 -> 0 | H23: =C23+E23-G23 -> 9551 | I23: =H23-K23-M23-O23-Q23 -> -36280.31 | J23: =I24-I23 -> 364.06 | K23: =A23 -> 45830 | L23: 8086 | M23: 0 | N23: =IF((L23-L24+M23)=L23,"0",(L23-L24+M23)) -> 63 | O23: 0.71 | P23: 0.71 | Q23: 0.6 | R23: 0.56 | S23: =(2500*O23)+(2500*P23)+(500*Q23)+(500*R23) -> 4130 | U23: =IF((S23-S24+T23)=S23,"0",(S23-S24+T23)) -> 120 | V23: 18794 | W23: =IF(V24-V23<0,"0",V24-V23) -> 110 | X23: 61265 | Y23: =IF((X24-X23)<0,"0",X24-X23) -> 0 | Z23: 1640 | AB23: =IF((Z23-Z24+AA23)=Z23,"0",(Z23-Z24+AA23)) -> 160 | AC23: 194 | AD23: 378
A24: 45831 | B24: 141579 | C24: =IF((B25-B24)<0,"0",B25-B24) -> 8346 | D24: 809190 | E24: =IF((D25-D24)<0,"0",D25-D24) -> 1570 | F24: 1704 | G24: =F25-F24 -> 0 | H24: =C24+E24-G24 -> 9916 | I24: =H24-K24-M24-O24-Q24 -> -35916.25 | J24: =I25-I24 -> -139.45 | K24: =A24 -> 45831 | L24: 8023 | M24: 0 | N24: =IF((L24-L25+M24)=L24,"0",(L24-L25+M24)) -> 88 | O24: 0.69 | P24: 0.7 | Q24: 0.56 | R24: 0.51 | S24: =(2500*O24)+(2500*P24)+(500*Q24)+(500*R24) -> 4010 | T24: 938 | U24: =IF((S24-S25+T24)=S24,"0",(S24-S25+T24)) -> 68 | V24: 18904 | W24: =IF(V25-V24<0,"0",V25-V24) -> 121 | X24: 61265 | Y24: =IF((X25-X24)<0,"0",X25-X24) -> 0 | Z24: 1480 | AA24: 6730 | AB24: =IF((Z24-Z25+AA24)=Z24,"0",(Z24-Z25+AA24)) -> 190 | AC24: 195 | AD24: 377
A25: 45832 | B25: 149925 | C25: =IF((B26-B25)<0,"0",B26-B25) -> 8191 | D25: 810760 | E25: =IF((D26-D25)<0,"0",D26-D25) -> 1587 | F25: 1704 | G25: =F26-F25 -> 0 | H25: =C25+E25-G25 -> 9778 | I25: =H25-K25-M25-O25-Q25 -> -36055.7 | J25: =I26-I25 -> -29.93 | K25: =A25 -> 45832 | L25: 7935 | M25: 0 | N25: =IF((L25-L26+M25)=L25,"0",(L25-L26+M25)) -> 0 | O25: 0.82 | P25: 0.8 | Q25: 0.88 | R25: 0.78 | S25: =(2500*O25)+(2500*P25)+(500*Q25)+(500*R25) -> 4880 | U25: =IF((S25-S26+T25)=S25,"0",(S25-S26+T25)) -> 145 | V25: 19025 | W25: =IF(V26-V25<0,"0",V26-V25) -> 153 | X25: 61265 | Y25: =IF((X26-X25)<0,"0",X26-X25) -> 0 | Z25: 8020 | AB25: =IF((Z25-Z26+AA25)=Z25,"0",(Z25-Z26+AA25)) -> 395 | AC25: 207 | AD25: 394
A26: 45833 | B26: 158116 | C26: =IF((B27-B26)<0,"0",B27-B26) -> 8147 | D26: 812347 | E26: =IF((D27-D26)<0,"0",D27-D26) -> 1602 | F26: 1704 | G26: =F27-F26 -> 0 | H26: =C26+E26-G26 -> 9749 | I26: =H26-K26-M26-O26-Q26 -> -36085.63 | J26: =I27-I26 -> -9749.94 | K26: =A26 -> 45833 | L26: 7935 | M26: 0 | N26: =IF((L26-L27+M26)=L26,"0",(L26-L27+M26)) -> 0 | O26: 0.79 | P26: 0.79 | Q26: 0.84 | R26: 0.73 | S26: =(2500*O26)+(2500*P26)+(500*Q26)+(500*R26) -> 4735 | U26: =IF((S26-S27+T26)=S26,"0",(S26-S27+T26)) -> 120 | V26: 19178 | W26: =IF(V27-V26<0,"0",V27-V26) -> 128 | X26: 61265 | Y26: =IF((X27-X26)<0,"0",X27-X26) -> 0 | Z26: 7625 | AB26: =IF((Z26-Z27+AA26)=Z26,"0",(Z26-Z27+AA26)) -> 445 | AC26: 209 | AD26: 395
A27: 45834 | B27: 166263 | C27: =IF((B28-B27)<0,"0",B28-B27) -> 0 | D27: 813949 | E27: =IF((D28-D27)<0,"0",D28-D27) -> 0 | F27: 1704 | G27: =F28-F27 -> 0 | H27: =C27+E27-G27 -> 0 | I27: =H27-K27-M27-O27-Q27 -> -45835.57 | J27: =I28-I27 -> 0.57 | K27: =A27 -> 45834 | L27: 7935 | M27: 0 | N27: =IF((L27-L28+M27)=L27,"0",(L27-L28+M27)) -> 0 | O27: 0.78 | P27: 0.77 | Q27: 0.79 | R27: 0.69 | S27: =(2500*O27)+(2500*P27)+(500*Q27)+(500*R27) -> 4615 | U27: =IF((S27-S28+T27)=S27,"0",(S27-S28+T27)) -> 0 | V27: 19306 | W27: =IF(V28-V27<0,"0",V28-V27) -> 0 | X27: 61265 | Y27: =IF((X28-X27)<0,"0",X28-X27) -> 0 | Z27: 7180 | AB27: =IF((Z27-Z28+AA27)=Z27,"0",(Z27-Z28+AA27)) -> 0
A28: 45835 | C28: =IF((B29-B28)<0,"0",B29-B28) -> 0 | E28: =IF((D29-D28)<0,"0",D29-D28) -> 0 | F28: 1704 | G28: =F29-F28 -> 0 | H28: =C28+E28-G28 -> 0 | I28: =H28-K28-M28-O28-Q28 -> -45835 | J28: =I29-I28 -> -1 | K28: =A28 -> 45835 | M28: 0 | N28: =IF((L28-L29+M28)=L28,"0",(L28-L29+M28)) -> 0 | S28: =(2500*O28)+(2500*P28)+(500*Q28)+(500*R28) -> 0 | U28: =IF((S28-S29+T28)=S28,"0",(S28-S29+T28)) -> 0 | W28: =IF(V29-V28<0,"0",V29-V28) -> 0 | Y28: =IF((X29-X28)<0,"0",X29-X28) -> 0 | AB28: =IF((Z28-Z29+AA28)=Z28,"0",(Z28-Z29+AA28)) -> 0
A29: 45836 | C29: =IF((B30-B29)<0,"0",B30-B29) -> 0 | E29: =IF((D30-D29)<0,"0",D30-D29) -> 0 | F29: 1704 | G29: =F30-F29 -> 0 | H29: =C29+E29-G29 -> 0 | I29: =H29-K29-M29-O29-Q29 -> -45836 | J29: =I30-I29 -> -1 | K29: =A29 -> 45836 | M29: 0 | N29: =IF((L29-L30+M29)=L29,"0",(L29-L30+M29)) -> 0 | S29: =(2500*O29)+(2500*P29)+(500*Q29)+(500*R29) -> 0 | U29: =IF((S29-S30+T29)=S29,"0",(S29-S30+T29)) -> 0 | W29: =IF(V30-V29<0,"0",V30-V29) -> 0 | Y29: =IF((X30-X29)<0,"0",X30-X29) -> 0 | AB29: =IF((Z29-Z30+AA29)=Z29,"0",(Z29-Z30+AA29)) -> 0
A30: 45837 | C30: =IF((B31-B30)<0,"0",B31-B30) -> 0 | E30: =IF((D31-D30)<0,"0",D31-D30) -> 0 | F30: 1704 | G30: =F31-F30 -> 0 | H30: =C30+E30-G30 -> 0 | I30: =H30-K30-M30-O30-Q30 -> -45837 | J30: =I31-I30 -> -1 | K30: =A30 -> 45837 | M30: 0 | N30: =IF((L30-L31+M30)=L30,"0",(L30-L31+M30)) -> 0 | S30: =(2500*O30)+(2500*P30)+(500*Q30)+(500*R30) -> 0 | U30: =IF((S30-S31+T30)=S30,"0",(S30-S31+T30)) -> 0 | W30: =IF((U30-U31+V30)=U30,"0",(U30-U31+V30)) -> 0 | Y30: =IF((X31-X30)<0,"0",X31-X30) -> 0 | AB30: =IF((Z30-Z31+AA30)=Z30,"0",(Z30-Z31+AA30)) -> 0
A31: 45838 | C31: =IF((B32-B31)<0,"0",B32-B31) -> 0 | E31: =IF((D32-D31)<0,"0",D32-D31) -> 0 | F31: 1704 | G31: =F32-F31 -> 0 | H31: =C31+E31-G31 -> 0 | I31: =H31-K31-M31-O31-Q31 -> -45838 | J31: =I32-I31 -> 45838 | K31: =A31 -> 45838 | M31: 0 | N31: =IF((L31-L32+M31)=L31,"0",(L31-L32+M31)) -> 0 | S31: =(2500*O31)+(2500*P31)+(500*Q31)+(500*R31) -> 0 | U31: =IF((S31-S32+T31)=S31,"0",(S31-S32+T31)) -> 0 | W31: =IF((U31-U32+V31)=U31,"0",(U31-U32+V31)) -> 0 | Y31: =IF((X32-X31)<0,"0",X32-X31) -> 0 | AB31: =IF((Z31-Z32+AA31)=Z31,"0",(Z31-Z32+AA31)) -> 0
A32: 45809 | F32: 1704 | K32: =A32 -> 45809 | M32: 0 | N32: =IF((L32-L33+M32)=L32,"0",(L32-L33+M32)) -> 0 | S32: =(2500*O32)+(2500*P32)+(500*Q32)+(500*R32) -> 0 | AC32: 174 | AD32: 370
C33: =SUM(C2:C32) -> 175357 | E33: =SUM(E2:E32) -> 39247 | G33: =SUM(G2:G32) -> 0 | H33: =SUM(H2:H32) -> 214604 | I33: =SUM(I2:I31) -> -1160139.2 | J33: =SUM(J2:J32) -> 39312.26 | N33: =SUM(N2:N32) -> 282 | T33: =SUM(T2:T32) -> 3589 | U33: =SUM(U2:U32) -> 3084 | W33: =SUM(W2:W32) -> 3174 | Y33: =SUM(Y2:Y32) -> 0 | AA33: =SUM(AA2:AA32) -> 8475 | AB33: =SUM(AB2:AB32) -> 10250 | AC33: =SUM(AC2:AC32) -> 5178 | AD33: =SUM(AD2:AD32) -> 10011
