Workbook

Sheet Total
A1: Site Name | B1: Day | C1: Month | D1: Year | E1: Total Electricity Kwh | F1: Electricity Tariff ($/Kwh) | G1: LPG (Liters) | H1: LPG $/Liter | I1: Water Utility Supply (m3) m3 | J1: Water Utility Supply (m3) $/m3 | K1: District Energy Heating Kwh | L1: District Energy Heating $/Kwh | M1: Total Fuel Oil (Liter) | N1: Fuel Oil $/Liter | O1: Room Nights | P1: Total Guests
A2: Annabelle | B2: 1 | C2: 7 | D2: 2025 | E2: =IF('July 2025'!C2<0,"0",'July 2025'!C2)+(IF('July 2025'!E2<0,"0",'July 2025'!E2)-(IF('July 2025'!G2<0,"0",'July 2025'!G2))) -> 9201 | F2: =('July 2025'!C2*0.27)/('July 2025'!C2+'July 2025'!E2) -> 0.22334203 | G2: ='July 2025'!U2 -> 140 | H2: 0.62 | I2: ='July 2025'!W2 -> 81 | J2: 2.42 | K2: ='July 2025'!AB2*5.04 -> 1890 | L2: 0.1151 | M2: ='July 2025'!M2 -> 0 | N2: 0.88 | O2: ='July 2025'!AC2 -> 185 | P2: ='July 2025'!AD2 -> 360
A3: Annabelle | B3: =B2+1 -> 2 | C3: 7 | D3: 2025 | E3: =IF('July 2025'!C3<0,"0",'July 2025'!C3)+(IF('July 2025'!E3<0,"0",'July 2025'!E3)-(IF('July 2025'!G3<0,"0",'July 2025'!G3))) -> 10090 | F3: =('July 2025'!C3*0.27)/('July 2025'!C3+'July 2025'!E3) -> 0.2281219 | G3: ='July 2025'!U3 -> 100 | H3: 0.62 | I3: ='July 2025'!W3 -> 116 | J3: 2.42 | K3: ='July 2025'!AB3*5.04 -> 1915.2 | L3: 0.1151 | M3: ='July 2025'!M3 -> 0 | N3: 0.88 | O3: ='July 2025'!AC3 -> 171 | P3: ='July 2025'!AD3 -> 334
A4: Annabelle | B4: =B3+1 -> 3 | C4: 7 | D4: 2025 | E4: =IF('July 2025'!C4<0,"0",'July 2025'!C4)+(IF('July 2025'!E4<0,"0",'July 2025'!E4)-(IF('July 2025'!G4<0,"0",'July 2025'!G4))) -> 10124 | F4: =('July 2025'!C4*0.27)/('July 2025'!C4+'July 2025'!E4) -> 0.22855591 | G4: ='July 2025'!U4 -> 110 | H4: 0.62 | I4: ='July 2025'!W4 -> 123 | J4: 2.42 | K4: ='July 2025'!AB4*5.04 -> 1814.4 | L4: 0.1151 | M4: ='July 2025'!M4 -> 0 | N4: 0.88 | O4: ='July 2025'!AC4 -> 171 | P4: ='July 2025'!AD4 -> 339
A5: Annabelle | B5: =B4+1 -> 4 | C5: 7 | D5: 2025 | E5: =IF('July 2025'!C5<0,"0",'July 2025'!C5)+(IF('July 2025'!E5<0,"0",'July 2025'!E5)-(IF('July 2025'!G5<0,"0",'July 2025'!G5))) -> 9395 | F5: =('July 2025'!C5*0.27)/('July 2025'!C5+'July 2025'!E5) -> 0.22473656 | G5: ='July 2025'!U5 -> 195 | H5: 0.62 | I5: ='July 2025'!W5 -> 125 | J5: 2.42 | K5: ='July 2025'!AB5*5.04 -> 1915.2 | L5: 0.1151 | M5: ='July 2025'!M5 -> 0 | N5: 0.88 | O5: ='July 2025'!AC5 -> 179 | P5: ='July 2025'!AD5 -> 359
A6: Annabelle | B6: =B5+1 -> 5 | C6: 7 | D6: 2025 | E6: =IF('July 2025'!C6<0,"0",'July 2025'!C6)+(IF('July 2025'!E6<0,"0",'July 2025'!E6)-(IF('July 2025'!G6<0,"0",'July 2025'!G6))) -> 9648 | F6: =('July 2025'!C6*0.27)/('July 2025'!C6+'July 2025'!E6) -> 0.22539179 | G6: ='July 2025'!U6 -> 135 | H6: 0.62 | I6: ='July 2025'!W6 -> 122 | J6: 2.42 | K6: ='July 2025'!AB6*5.04 -> 1864.8 | L6: 0.1151 | M6: ='July 2025'!M6 -> 0 | N6: 0.88 | O6: ='July 2025'!AC6 -> 189 | P6: ='July 2025'!AD6 -> 387
A7: Annabelle | B7: =B6+1 -> 6 | C7: 7 | D7: 2025 | E7: =IF('July 2025'!C7<0,"0",'July 2025'!C7)+(IF('July 2025'!E7<0,"0",'July 2025'!E7)-(IF('July 2025'!G7<0,"0",'July 2025'!G7))) -> 10004 | F7: =('July 2025'!C7*0.27)/('July 2025'!C7+'July 2025'!E7) -> 0.22695222 | G7: ='July 2025'!U7 -> 140 | H7: 0.62 | I7: ='July 2025'!W7 -> 119 | J7: 2.42 | K7: ='July 2025'!AB7*5.04 -> 1990.8 | L7: 0.1151 | M7: ='July 2025'!M7 -> 0 | N7: 0.88 | O7: ='July 2025'!AC7 -> 179 | P7: ='July 2025'!AD7 -> 359
A8: Annabelle | B8: =B7+1 -> 7 | C8: 7 | D8: 2025 | E8: =IF('July 2025'!C8<0,"0",'July 2025'!C8)+(IF('July 2025'!E8<0,"0",'July 2025'!E8)-(IF('July 2025'!G8<0,"0",'July 2025'!G8))) -> 10123 | F8: =('July 2025'!C8*0.27)/('July 2025'!C8+'July 2025'!E8) -> 0.22769831 | G8: ='July 2025'!U8 -> -24 | H8: 0.62 | I8: ='July 2025'!W8 -> 104 | J8: 2.42 | K8: ='July 2025'!AB8*5.04 -> 1789.2 | L8: 0.1151 | M8: ='July 2025'!M8 -> 0 | N8: 0.88 | O8: ='July 2025'!AC8 -> 165 | P8: ='July 2025'!AD8 -> 332
A9: Annabelle | B9: =B8+1 -> 8 | C9: 7 | D9: 2025 | E9: =IF('July 2025'!C9<0,"0",'July 2025'!C9)+(IF('July 2025'!E9<0,"0",'July 2025'!E9)-(IF('July 2025'!G9<0,"0",'July 2025'!G9))) -> 9543 | F9: =('July 2025'!C9*0.27)/('July 2025'!C9+'July 2025'!E9) -> 0.22492927 | G9: ='July 2025'!U9 -> 230 | H9: 0.62 | I9: ='July 2025'!W9 -> 129 | J9: 2.42 | K9: ='July 2025'!AB9*5.04 -> 1915.2 | L9: 0.1151 | M9: ='July 2025'!M9 -> 0 | N9: 0.88 | O9: ='July 2025'!AC9 -> 156 | P9: ='July 2025'!AD9 -> 327
A10: Annabelle | B10: =B9+1 -> 9 | C10: 7 | D10: 2025 | E10: =IF('July 2025'!C10<0,"0",'July 2025'!C10)+(IF('July 2025'!E10<0,"0",'July 2025'!E10)-(IF('July 2025'!G10<0,"0",'July 2025'!G10))) -> 10011 | F10: =('July 2025'!C10*0.27)/('July 2025'!C10+'July 2025'!E10) -> 0.22892418 | G10: ='July 2025'!U10 -> 15 | H10: 0.62 | I10: ='July 2025'!W10 -> 89 | J10: 2.42 | K10: ='July 2025'!AB10*5.04 -> 1713.6 | L10: 0.1151 | M10: ='July 2025'!M10 -> 0 | N10: 0.88 | O10: ='July 2025'!AC10 -> 161 | P10: ='July 2025'!AD10 -> 335
A11: Annabelle | B11: =B10+1 -> 10 | C11: 7 | D11: 2025 | E11: =IF('July 2025'!C11<0,"0",'July 2025'!C11)+(IF('July 2025'!E11<0,"0",'July 2025'!E11)-(IF('July 2025'!G11<0,"0",'July 2025'!G11))) -> 9959 | F11: =('July 2025'!C11*0.27)/('July 2025'!C11+'July 2025'!E11) -> 0.22762526 | G11: ='July 2025'!U11 -> 135 | H11: 0.62 | I11: ='July 2025'!W11 -> 107 | J11: 2.42 | K11: ='July 2025'!AB11*5.04 -> 1209.6 | L11: 0.1151 | M11: ='July 2025'!M11 -> 0 | N11: 0.88 | O11: ='July 2025'!AC11 -> 171 | P11: ='July 2025'!AD11 -> 358
A12: Annabelle | B12: =B11+1 -> 11 | C12: 7 | D12: 2025 | E12: =IF('July 2025'!C12<0,"0",'July 2025'!C12)+(IF('July 2025'!E12<0,"0",'July 2025'!E12)-(IF('July 2025'!G12<0,"0",'July 2025'!G12))) -> 10265 | F12: =('July 2025'!C12*0.27)/('July 2025'!C12+'July 2025'!E12) -> 0.22880955 | G12: ='July 2025'!U12 -> 200 | H12: 0.62 | I12: ='July 2025'!W12 -> 128 | J12: 2.42 | K12: ='July 2025'!AB12*5.04 -> 1890 | L12: 0.1151 | M12: ='July 2025'!M12 -> 0 | N12: 0.88 | O12: ='July 2025'!AC12 -> 191 | P12: ='July 2025'!AD12 -> 405
A13: Annabelle | B13: =B12+1 -> 12 | C13: 7 | D13: 2025 | E13: =IF('July 2025'!C13<0,"0",'July 2025'!C13)+(IF('July 2025'!E13<0,"0",'July 2025'!E13)-(IF('July 2025'!G13<0,"0",'July 2025'!G13))) -> 10154 | F13: =('July 2025'!C13*0.27)/('July 2025'!C13+'July 2025'!E13) -> 0.22801359 | G13: ='July 2025'!U13 -> 110 | H13: 0.62 | I13: ='July 2025'!W13 -> 130 | J13: 2.42 | K13: ='July 2025'!AB13*5.04 -> 1738.8 | L13: 0.1151 | M13: ='July 2025'!M13 -> 0 | N13: 0.88 | O13: ='July 2025'!AC13 -> 192 | P13: ='July 2025'!AD13 -> 402
A14: Annabelle | B14: =B13+1 -> 13 | C14: 7 | D14: 2025 | E14: =IF('July 2025'!C14<0,"0",'July 2025'!C14)+(IF('July 2025'!E14<0,"0",'July 2025'!E14)-(IF('July 2025'!G14<0,"0",'July 2025'!G14))) -> 9930 | F14: =('July 2025'!C14*0.27)/('July 2025'!C14+'July 2025'!E14) -> 0.22679456 | G14: ='July 2025'!U14 -> 80 | H14: 0.62 | I14: ='July 2025'!W14 -> 113 | J14: 2.42 | K14: ='July 2025'!AB14*5.04 -> 1940.4 | L14: 0.1151 | M14: ='July 2025'!M14 -> 0 | N14: 0.88 | O14: ='July 2025'!AC14 -> 170 | P14: ='July 2025'!AD14 -> 360
... A30: Annabelle | B30: =B29+1 -> 29 | C30: 7 | D30: 2025 | E30: =IF('July 2025'!C30<0,"0",'July 2025'!C30)+(IF('July 2025'!E30<0,"0",'July 2025'!E30)-(IF('July 2025'!G30<0,"0",'July 2025'!G30))) -> 0 | F30: =('July 2025'!C30*0.27)/('July 2025'!C30+'July 2025'!E30) -> #DIV/0! | G30: ='July 2025'!U30 -> 0 | H30: 0.62 | I30: ='July 2025'!W30 -> 0 | J30: 2.42 | K30: ='July 2025'!AB30*5.04 -> 0 | L30: 0.1151 | M30: ='July 2025'!M30 -> 0 | N30: 0.88 | O30: ='July 2025'!AC30 -> 0 | P30: ='July 2025'!AD30 -> 0
A31: Annabelle | B31: =B30+1 -> 30 | C31: 7 | D31: 2025 | E31: =IF('July 2025'!C32<0,"0",'July 2025'!C32)+(IF('July 2025'!E32<0,"0",'July 2025'!E32)-(IF('July 2025'!G32<0,"0",'July 2025'!G32))) -> 0 | F31: =('July 2025'!C32*0.27)/('July 2025'!C32+'July 2025'!E32) -> #DIV/0! | G31: ='July 2025'!U32 -> 0 | H31: 0.62 | I31: ='July 2025'!W32 -> 0 | J31: 2.42 | K31: ='July 2025'!AB32*5.04 -> 0 | L31: 0.1151 | M31: ='July 2025'!M32 -> 0 | N31: 0.88 | O31: ='July 2025'!AC32 -> 0 | P31: ='July 2025'!AD32 -> 0
A32: Annabelle | B32: 31 | C32: 7 | D32: 2025 | E32: =IF('July 2025'!C33<0,"0",'July 2025'!C33)+(IF('July 2025'!E33<0,"0",'July 2025'!E33)-(IF('July 2025'!G33<0,"0",'July 2025'!G33))) -> 0 | F32: =('July 2025'!C33*0.27)/('July 2025'!C33+'July 2025'!E33) -> #DIV/0! | G32: ='July 2025'!U33 -> 0 | H32: 0.62 | I32: ='July 2025'!W33 -> 0 | J32: 2.42 | K32: ='July 2025'!AB33*5.04 -> 0 | L32: 0.1151 | M32: ='July 2025'!M33 -> 0 | N32: 0.88 | O32: ='July 2025'!AC33 -> 174 | P32: ='July 2025'!AD33 -> 370

Sheet July 2025
A1: Date | B1: Purchased Electricity (Kwh) Reading | C1: BOUGHT | D1: Total Renewable Energy Production (Kwh) Reading | E1: PRODUCED | F1: Total Renewable Energy Exported (KWh) Reading | G1: SOLD | H1: HOTEL Electricity (KWh) Consumed incl. --> | I1: HOTEL Electricity (KWh) Consumed excl. --> | J1: Consumed | K1: Date | L1: Fuel Oil Hot-Water Boilers (Liter) Reading | M1: Fuel Oil (Liter) Received | N1: Consumed | O1: LPG % TANK 1 | P1: LPG % TANK 2 | Q1: LPG % TANK 3 | R1: LPG % TANK 4 | S1: LPG (Liter) Reading | T1: LPG (Liter) Received | U1: Consumed | V1: Water Utility Supply (m3) Reading | W1: Consumed | X1: Irrigation Water Supply (m3) Reading | Y1: Consumed | Z1: Pellets (Kg) Reading | AA1: Pellets (Kg) Received | AB1: Consumed | AC1: Room Nights | AD1: Guest Nights
A2: 45839 | B2: 208584 | C2: =IF((B3-B2)<0,"0",B3-B2) -> 7611 | D2: 821759 | E2: =IF((D3-D2)<0,"0",D3-D2) -> 1590 | F2: 1704 | G2: =F3-F2 -> 0 | H2: =C2+E2-G2 -> 9201 | I2: =H2-K2-M2-O2-Q2 -> -36639.67 | J2: =I3-I2 -> 888.05 | K2: =A2 -> 45839 | L2: 7935 | M2: 0 | N2: =IF((L2-L3+M2)=L2,"0",(L2-L3+M2)) -> 0 | O2: 0.81 | P2: 0.79 | Q2: 0.86 | R2: 0.78 | S2: =(2500*O2)+(2500*P2)+(500*Q2)+(500*R2) -> 4820 | U2: =IF((S2-S3+T2)=S2,"0",(S2-S3+T2)) -> 140 | V2: 19947 | W2: =IF(V3-V2<0,"0",V3-V2) -> 81 | X2: 61265 | Y2: =IF((X3-X2)<0,"0",X3-X2) -> 0 | Z2: 5250 | AB2: =IF((Z2-Z3+AA2)=Z2,"0",(Z2-Z3+AA2)) -> 375 | AC2: 185 | AD2: 360
A3: 45840 | B3: 216195 | C3: =IF((B4-B3)<0,"0",B4-B3) -> 8525 | D3: 823349 | E3: =IF((D4-D3)<0,"0",D4-D3) -> 1565 | F3: 1704 | G3: =F4-F3 -> 0 | H3: =C3+E3-G3 -> 10090 | I3: =H3-K3-M3-O3-Q3 -> -35751.62 | J3: =I4-I3 -> 33.07 | K3: =A3 -> 45840 | L3: 7935 | M3: 0 | N3: =IF((L3-L4+M3)=L3,"0",(L3-L4+M3)) -> 0 | O3: 0.79 | P3: 0.78 | Q3: 0.83 | R3: 0.68 | S3: =(2500*O3)+(2500*P3)+(500*Q3)+(500*R3) -> 4680 | U3: =IF((S3-S4+T3)=S3,"0",(S3-S4+T3)) -> 100 | V3: 20028 | W3: =IF(V4-V3<0,"0",V4-V3) -> 116 | X3: 61265 | Y3: =IF((X4-X3)<0,"0",X4-X3) -> 0 | Z3: 4875 | AB3: =IF((Z3-Z4+AA3)=Z3,"0",(Z3-Z4+AA3)) -> 380 | AC3: 171 | AD3: 334
A4: 45841 | B4: 224720 | C4: =IF((B5-B4)<0,"0",B5-B4) -> 8570 | D4: 824914 | E4: =IF((D5-D4)<0,"0",D5-D4) -> 1554 | F4: 1704 | G4: =F5-F4 -> 0 | H4: =C4+E4-G4 -> 10124 | I4: =H4-K4-M4-O4-Q4 -> -35718.55 | J4: =I5-I4 -> -729.91 | K4: =A4 -> 45841 | L4: 7935 | M4: 0 | N4: =IF((L4-L5+M4)=L4,"0",(L4-L5+M4)) -> 0 | O4: 0.77 | P4: 0.77 | Q4: 0.78 | R4: 0.68 | S4: =(2500*O4)+(2500*P4)+(500*Q4)+(500*R4) -> 4580 | U4: =IF((S4-S5+T4)=S4,"0",(S4-S5+T4)) -> 110 | V4: 20144 | W4: =IF(V5-V4<0,"0",V5-V4) -> 123 | X4: 61265 | Y4: =IF((X5-X4)<0,"0",X5-X4) -> 0 | Z4: 4495 | AB4: =IF((Z4-Z5+AA4)=Z4,"0",(Z4-Z5+AA4)) -> 360 | AC4: 171 | AD4: 339
A5: 45842 | B5: 233290 | C5: =IF((B6-B5)<0,"0",B6-B5) -> 7820 | D5: 826468 | E5: =IF((D6-D5)<0,"0",D6-D5) -> 1575 | F5: 1704 | G5: =F6-F5 -> 0 | H5: =C5+E5-G5 -> 9395 | I5: =H5-K5-M5-O5-Q5 -> -36448.46 | J5: =I6-I5 -> 252.12 | K5: =A5 -> 45842 | L5: 7935 | M5: 0 | N5: =IF((L5-L6+M5)=L5,"0",(L5-L6+M5)) -> 0 | O5: 0.76 | P5: 0.76 | Q5: 0.7 | R5: 0.64 | S5: =(2500*O5)+(2500*P5)+(500*Q5)+(500*R5) -> 4470 | U5: =IF((S5-S6+T5)=S5,"0",(S5-S6+T5)) -> 195 | V5: 20267 | W5: =IF(V6-V5<0,"0",V6-V5) -> 125 | X5: 61265 | Y5: =IF((X6-X5)<0,"0",X6-X5) -> 0 | Z5: 4135 | AB5: =IF((Z5-Z6+AA5)=Z5,"0",(Z5-Z6+AA5)) -> 380 | AC5: 179 | AD5: 359
A6: 45843 | B6: 241110 | C6: =IF((B7-B6)<0,"0",B7-B6) -> 8054 | D6: 828043 | E6: =IF((D7-D6)<0,"0",D7-D6) -> 1594 | F6: 1704 | G6: =F7-F6 -> 0 | H6: =C6+E6-G6 -> 9648 | I6: =H6-K6-M6-O6-Q6 -> -36196.34 | J6: =I7-I6 -> 355.08 | K6: =A6 -> 45843 | L6: 7935 | M6: 0 | N6: =IF((L6-L7+M6)=L6,"0",(L6-L7+M6)) -> 0 | O6: 0.73 | P6: 0.74 | Q6: 0.61 | R6: 0.59 | S6: =(2500*O6)+(2500*P6)+(500*Q6)+(500*R6) -> 4275 | U6: =IF((S6-S7+T6)=S6,"0",(S6-S7+T6)) -> 135 | V6: 20392 | W6: =IF(V7-V6<0,"0",V7-V6) -> 122 | X6: 61265 | Y6: =IF((X7-X6)<0,"0",X7-X6) -> 0 | Z6: 3755 | AB6: =IF((Z6-Z7+AA6)=Z6,"0",(Z6-Z7+AA6)) -> 370 | AC6: 189 | AD6: 387
A7: 45844 | B7: 249164 | C7: =IF((B8-B7)<0,"0",B8-B7) -> 8409 | D7: 829637 | E7: =IF((D8-D7)<0,"0",D8-D7) -> 1595 | F7: 1704 | G7: =F8-F7 -> 0 | H7: =C7+E7-G7 -> 10004 | I7: =H7-K7-M7-O7-Q7 -> -35841.26 | J7: =I8-I7 -> 118.1 | K7: =A7 -> 45844 | L7: 7935 | M7: 0 | N7: =IF((L7-L8+M7)=L7,"0",(L7-L8+M7)) -> 0 | O7: 0.71 | P7: 0.73 | Q7: 0.55 | R7: 0.53 | S7: =(2500*O7)+(2500*P7)+(500*Q7)+(500*R7) -> 4140 | U7: =IF((S7-S8+T7)=S7,"0",(S7-S8+T7)) -> 140 | V7: 20514 | W7: =IF(V8-V7<0,"0",V8-V7) -> 119 | X7: 61265 | Y7: =IF((X8-X7)<0,"0",X8-X7) -> 0 | Z7: 3385 | AB7: =IF((Z7-Z8+AA7)=Z7,"0",(Z7-Z8+AA7)) -> 395 | AC7: 179 | AD7: 359
A8: 45845 | B8: 257573 | C8: =IF((B9-B8)<0,"0",B9-B8) -> 8537 | D8: 831232 | E8: =IF((D9-D8)<0,"0",D9-D8) -> 1586 | F8: 1704 | G8: =F9-F8 -> 0 | H8: =C8+E8-G8 -> 10123 | I8: =H8-K8-M8-O8-Q8 -> -35723.16 | J8: =I9-I8 -> -581.54 | K8: =A8 -> 45845 | L8: 7935 | M8: 0 | N8: =IF((L8-L9+M8)=L8,"0",(L8-L9+M8)) -> 0 | O8: 0.69 | P8: 0.72 | Q8: 0.47 | R8: 0.48 | S8: =(2500*O8)+(2500*P8)+(500*Q8)+(500*R8) -> 4000 | T8: 821 | U8: =IF((S8-S9+T8)=S8,"0",(S8-S9+T8)) -> -24 | V8: 20633 | W8: =IF(V9-V8<0,"0",V9-V8) -> 104 | X8: 61265 | Y8: =IF((X9-X8)<0,"0",X9-X8) -> 0 | Z8: 2990 | AB8: =IF((Z8-Z9+AA8)=Z8,"0",(Z8-Z9+AA8)) -> 355 | AC8: 165 | AD8: 332
A9: 45846 | B9: 266110 | C9: =IF((B10-B9)<0,"0",B10-B9) -> 7950 | D9: 832818 | E9: =IF((D10-D9)<0,"0",D10-D9) -> 1593 | F9: 1704 | G9: =F10-F9 -> 0 | H9: =C9+E9-G9 -> 9543 | I9: =H9-K9-M9-O9-Q9 -> -36304.7 | J9: =I10-I9 -> 467.15 | K9: =A9 -> 45846 | L9: 7935 | M9: 0 | N9: =IF((L9-L10+M9)=L9,"0",(L9-L10+M9)) -> 0 | O9: 0.81 | P9: 0.8 | Q9: 0.89 | R9: 0.75 | S9: =(2500*O9)+(2500*P9)+(500*Q9)+(500*R9) -> 4845 | U9: =IF((S9-S10+T9)=S9,"0",(S9-S10+T9)) -> 230 | V9: 20737 | W9: =IF(V10-V9<0,"0",V10-V9) -> 129 | X9: 61265 | Y9: =IF((X10-X9)<0,"0",X10-X9) -> 0 | Z9: 2635 | AB9: =IF((Z9-Z10+AA9)=Z9,"0",(Z9-Z10+AA9)) -> 380 | AC9: 156 | AD9: 327
A10: 45847 | B10: 274060 | C10: =IF((B11-B10)<0,"0",B11-B10) -> 8488 | D10: 834411 | E10: =IF((D11-D10)<0,"0",D11-D10) -> 1523 | F10: 1704 | G10: =F11-F10 -> 0 | H10: =C10+E10-G10 -> 10011 | I10: =H10-K10-M10-O10-Q10 -> -35837.55 | J10: =I11-I10 -> -52.99 | K10: =A10 -> 45847 | L10: 7935 | M10: 0 | N10: =IF((L10-L11+M10)=L10,"0",(L10-L11+M10)) -> 0 | O10: 0.77 | P10: 0.78 | Q10: 0.78 | R10: 0.7 | S10: =(2500*O10)+(2500*P10)+(500*Q10)+(500*R10) -> 4615 | U10: =IF((S10-S11+T10)=S10,"0",(S10-S11+T10)) -> 15 | V10: 20866 | W10: =IF(V11-V10<0,"0",V11-V10) -> 89 | X10: 61265 | Y10: =IF((X11-X10)<0,"0",X11-X10) -> 0 | Z10: 2255 | AB10: =IF((Z10-Z11+AA10)=Z10,"0",(Z10-Z11+AA10)) -> 340 | AC10: 161 | AD10: 335
A11: 45848 | B11: 282548 | C11: =IF((B12-B11)<0,"0",B12-B11) -> 8396 | D11: 835934 | E11: =IF((D12-D11)<0,"0",D12-D11) -> 1563 | F11: 1704 | G11: =F12-F11 -> 0 | H11: =C11+E11-G11 -> 9959 | I11: =H11-K11-M11-O11-Q11 -> -35890.54 | J11: =I12-I11 -> 305.08 | K11: =A11 -> 45848 | L11: 7935 | M11: 0 | N11: =IF((L11-L12+M11)=L11,"0",(L11-L12+M11)) -> 0 | O11: 0.79 | P11: 0.77 | Q11: 0.75 | R11: 0.65 | S11: =(2500*O11)+(2500*P11)+(500*Q11)+(500*R11) -> 4600 | U11: =IF((S11-S12+T11)=S11,"0",(S11-S12+T11)) -> 135 | V11: 20955 | W11: =IF(V12-V11<0,"0",V12-V11) -> 107 | X11: 61265 | Y11: =IF((X12-X11)<0,"0",X12-X11) -> 0 | Z11: 1915 | AA11: 6780 | AB11: =IF((Z11-Z12+AA11)=Z11,"0",(Z11-Z12+AA11)) -> 240 | AC11: 171 | AD11: 358
A12: 45849 | B12: 290944 | C12: =IF((B13-B12)<0,"0",B13-B12) -> 8699 | D12: 837497 | E12: =IF((D13-D12)<0,"0",D13-D12) -> 1566 | F12: 1704 | G12: =F13-F12 -> 0 | H12: =C12+E12-G12 -> 10265 | I12: =H12-K12-M12-O12-Q12 -> -35585.46 | J12: =I13-I12 -> -111.88 | K12: =A12 -> 45849 | L12: 7935 | M12: 0 | N12: =IF((L12-L13+M12)=L12,"0",(L12-L13+M12)) -> 0 | O12: 0.76 | P12: 0.76 | Q12: 0.7 | R12: 0.63 | S12: =(2500*O12)+(2500*P12)+(500*Q12)+(500*R12) -> 4465 | U12: =IF((S12-S13+T12)=S12,"0",(S12-S13+T12)) -> 200 | V12: 21062 | W12: =IF(V13-V12<0,"0",V13-V12) -> 128 | X12: 61265 | Y12: =IF((X13-X12)<0,"0",X13-X12) -> 0 | Z12: 8455 | AB12: =IF((Z12-Z13+AA12)=Z12,"0",(Z12-Z13+AA12)) -> 375 | AC12: 191 | AD12: 405
A13: 45850 | B13: 299643 | C13: =IF((B14-B13)<0,"0",B14-B13) -> 8575 | D13: 839063 | E13: =IF((D14-D13)<0,"0",D14-D13) -> 1579 | F13: 1704 | G13: =F14-F13 -> 0 | H13: =C13+E13-G13 -> 10154 | I13: =H13-K13-M13-O13-Q13 -> -35697.34 | J13: =I14-I13 -> -224.92 | K13: =A13 -> 45850 | L13: 7935 | M13: 0 | N13: =IF((L13-L14+M13)=L13,"0",(L13-L14+M13)) -> 0 | O13: 0.72 | P13: 0.75 | Q13: 0.62 | R13: 0.56 | S13: =(2500*O13)+(2500*P13)+(500*Q13)+(500*R13) -> 4265 | U13: =IF((S13-S14+T13)=S13,"0",(S13-S14+T13)) -> 110 | V13: 21190 | W13: =IF(V14-V13<0,"0",V14-V13) -> 130 | X13: 61265 | Y13: =IF((X14-X13)<0,"0",X14-X13) -> 0 | Z13: 8080 | AB13: =IF((Z13-Z14+AA13)=Z13,"0",(Z13-Z14+AA13)) -> 345 | AC13: 192 | AD13: 402
A14: 45851 | B14: 308218 | C14: =IF((B15-B14)<0,"0",B15-B14) -> 8341 | D14: 840642 | E14: =IF((D15-D14)<0,"0",D15-D14) -> 1589 | F14: 1704 | G14: =F15-F14 -> 0 | H14: =C14+E14-G14 -> 9930 | I14: =H14-K14-M14-O14-Q14 -> -35922.26 | J14: =I15-I14 -> 270.05 | K14: =A14 -> 45851 | L14: 7935 | M14: 0 | N14: =IF((L14-L15+M14)=L14,"0",(L14-L15+M14)) -> 0 | O14: 0.71 | P14: 0.74 | Q14: 0.55 | R14: 0.51 | S14: =(2500*O14)+(2500*P14)+(500*Q14)+(500*R14) -> 4155 | U14: =IF((S14-S15+T14)=S14,"0",(S14-S15+T14)) -> 80 | V14: 21320 | W14: =IF(V15-V14<0,"0",V15-V14) -> 113 | X14: 61265 | Y14: =IF((X15-X14)<0,"0",X15-X14) -> 0 | Z14: 7735 | AB14: =IF((Z14-Z15+AA14)=Z14,"0",(Z14-Z15+AA14)) -> 385 | AC14: 170 | AD14: 360
A15: 45852 | B15: 316559 | C15: =IF((B16-B15)<0,"0",B16-B15) -> 8673 | D15: 842231 | E15: =IF((D16-D15)<0,"0",D16-D15) -> 1528 | F15: 1704 | G15: =F16-F15 -> 0 | H15: =C15+E15-G15 -> 10201 | I15: =H15-K15-M15-O15-Q15 -> -35652.21 | J15: =I16-I15 -> -941.33 | K15: =A15 -> 45852 | L15: 7935 | M15: 0 | N15: =IF((L15-L16+M15)=L15,"0",(L15-L16+M15)) -> 0 | O15: 0.71 | P15: 0.73 | Q15: 0.5 | R15: 0.45 | S15: =(2500*O15)+(2500*P15)+(500*Q15)+(500*R15) -> 4075 | T15: 469 | U15: =IF((S15-S16+T15)=S15,"0",(S15-S16+T15)) -> 389 | V15: 21433 | W15: =IF(V16-V15<0,"0",V16-V15) -> 119 | X15: 61265 | Y15: =IF((X16-X15)<0,"0",X16-X15) -> 0 | Z15: 7350 | AB15: =IF((Z15-Z16+AA15)=Z15,"0",(Z15-Z16+AA15)) -> 355 | AC15: 167 | AD15: 341
A16: 45853 | B16: 325232 | C16: =IF((B17-B16)<0,"0",B17-B16) -> 7935 | D16: 843759 | E16: =IF((D17-D16)<0,"0",D17-D16) -> 1326 | F16: 1704 | G16: =F17-F16 -> 0 | H16: =C16+E16-G16 -> 9261 | I16: =H16-K16-M16-O16-Q16 -> -36593.54 | J16: =I17-I16 -> 741.07 | K16: =A16 -> 45853 | L16: 7935 | M16: 0 | N16: =IF((L16-L17+M16)=L16,"0",(L16-L17+M16)) -> 0 | O16: 0.66 | P16: 0.67 | Q16: 0.88 | R16: 0.78 | S16: =(2500*O16)+(2500*P16)+(500*Q16)+(500*R16) -> 4155 | U16: =IF((S16-S17+T16)=S16,"0",(S16-S17+T16)) -> 75 | V16: 21552 | W16: =IF(V17-V16<0,"0",V17-V16) -> 129 | X16: 61265 | Y16: =IF((X17-X16)<0,"0",X17-X16) -> 0 | Z16: 6995 | AB16: =IF((Z16-Z17+AA16)=Z16,"0",(Z16-Z17+AA16)) -> 365 | AC16: 169 | AD16: 343
A17: 45854 | B17: 333167 | C17: =IF((B18-B17)<0,"0",B18-B17) -> 8647 | D17: 845085 | E17: =IF((D18-D17)<0,"0",D18-D17) -> 1356 | F17: 1704 | G17: =F18-F17 -> 0 | H17: =C17+E17-G17 -> 10003 | I17: =H17-K17-M17-O17-Q17 -> -35852.47 | J17: =I18-I17 -> 574.05 | K17: =A17 -> 45854 | L17: 7935 | M17: 0 | N17: =IF((L17-L18+M17)=L17,"0",(L17-L18+M17)) -> 0 | O17: 0.65 | P17: 0.67 | Q17: 0.82 | R17: 0.74 | S17: =(2500*O17)+(2500*P17)+(500*Q17)+(500*R17) -> 4080 | U17: =IF((S17-S18+T17)=S17,"0",(S17-S18+T17)) -> 80 | V17: 21681 | W17: =IF(V18-V17<0,"0",V18-V17) -> 116 | X17: 61265 | Y17: =IF((X18-X17)<0,"0",X18-X17) -> 0 | Z17: 6630 | AB17: =IF((Z17-Z18+AA17)=Z17,"0",(Z17-Z18+AA17)) -> 355 | AC17: 177 | AD17: 345
A18: 45855 | B18: 341814 | C18: =IF((B19-B18)<0,"0",B19-B18) -> 9113 | D18: 846441 | E18: =IF((D19-D18)<0,"0",D19-D18) -> 1465 | F18: 1704 | G18: =F19-F18 -> 0 | H18: =C18+E18-G18 -> 10578 | I18: =H18-K18-M18-O18-Q18 -> -35278.42 | J18: =I19-I18 -> 231.1 | K18: =A18 -> 45855 | L18: 7935 | M18: 0 | N18: =IF((L18-L19+M18)=L18,"0",(L18-L19+M18)) -> 0 | O18: 0.64 | P18: 0.67 | Q18: 0.78 | R18: 0.67 | S18: =(2500*O18)+(2500*P18)+(500*Q18)+(500*R18) -> 4000 | U18: =IF((S18-S19+T18)=S18,"0",(S18-S19+T18)) -> 110 | V18: 21797 | W18: =IF(V19-V18<0,"0",V19-V18) -> 130 | X18: 61265 | Y18: =IF((X19-X18)<0,"0",X19-X18) -> 0 | Z18: 6275 | AB18: =IF((Z18-Z19+AA18)=Z18,"0",(Z18-Z19+AA18)) -> 350 | AC18: 175 | AD18: 349
A19: 45856 | B19: 350927 | C19: =IF((B20-B19)<0,"0",B20-B19) -> 9345 | D19: 847906 | E19: =IF((D20-D19)<0,"0",D20-D19) -> 1465 | F19: 1704 | G19: =F20-F19 -> 0 | H19: =C19+E19-G19 -> 10810 | I19: =H19-K19-M19-O19-Q19 -> -35047.32 | J19: =I20-I19 -> -214.93 | K19: =A19 -> 45856 | L19: 7935 | M19: 0 | N19: =IF((L19-L20+M19)=L19,"0",(L19-L20+M19)) -> 0 | O19: 0.62 | P19: 0.67 | Q19: 0.7 | R19: 0.63 | S19: =(2500*O19)+(2500*P19)+(500*Q19)+(500*R19) -> 3890 | U19: =IF((S19-S20+T19)=S19,"0",(S19-S20+T19)) -> 100 | V19: 21927 | W19: =IF(V20-V19<0,"0",V20-V19) -> 124 | X19: 61265 | Y19: =IF((X20-X19)<0,"0",X20-X19) -> 0 | Z19: 5925 | AB19: =IF((Z19-Z20+AA19)=Z19,"0",(Z19-Z20+AA19)) -> 345 | AC19: 206 | AD19: 419
A20: 45857 | B20: 360272 | C20: =IF((B21-B20)<0,"0",B21-B20) -> 9242 | D20: 849371 | E20: =IF((D21-D20)<0,"0",D21-D20) -> 1354 | F20: 1704 | G20: =F21-F20 -> 0 | H20: =C20+E20-G20 -> 10596 | I20: =H20-K20-M20-O20-Q20 -> -35262.25 | J20: =I21-I20 -> 9.13 | K20: =A20 -> 45857 | L20: 7935 | M20: 0 | N20: =IF((L20-L21+M20)=L20,"0",(L20-L21+M20)) -> 0 | O20: 0.61 | P20: 0.66 | Q20: 0.64 | R20: 0.59 | S20: =(2500*O20)+(2500*P20)+(500*Q20)+(500*R20) -> 3790 | U20: =IF((S20-S21+T20)=S20,"0",(S20-S21+T20)) -> 145 | V20: 22051 | W20: =IF(V21-V20<0,"0",V21-V20) -> 140 | X20: 61265 | Y20: =IF((X21-X20)<0,"0",X21-X20) -> 0 | Z20: 5580 | AB20: =IF((Z20-Z21+AA20)=Z20,"0",(Z20-Z21+AA20)) -> 330 | AC20: 202 | AD20: 414
A21: 45858 | B21: 369514 | C21: =IF((B22-B21)<0,"0",B22-B21) -> 9136 | D21: 850725 | E21: =IF((D22-D21)<0,"0",D22-D21) -> 1470 | F21: 1704 | G21: =F22-F21 -> 0 | H21: =C21+E21-G21 -> 10606 | I21: =H21-K21-M21-O21-Q21 -> -35253.12 | J21: =I22-I21 -> 558.02 | K21: =A21 -> 45858 | L21: 7935 | M21: 0 | N21: =IF((L21-L22+M21)=L21,"0",(L21-L22+M21)) -> 0 | O21: 0.6 | P21: 0.65 | Q21: 0.52 | R21: 0.52 | S21: =(2500*O21)+(2500*P21)+(500*Q21)+(500*R21) -> 3645 | U21: =IF((S21-S22+T21)=S21,"0",(S21-S22+T21)) -> 45 | V21: 22191 | W21: =IF(V22-V21<0,"0",V22-V21) -> 109 | X21: 61265 | Y21: =IF((X22-X21)<0,"0",X22-X21) -> 0 | Z21: 5250 | AB21: =IF((Z21-Z22+AA21)=Z21,"0",(Z21-Z22+AA21)) -> 370 | AC21: 173 | AD21: 357
A22: 45859 | B22: 378650 | C22: =IF((B23-B22)<0,"0",B23-B22) -> 9684 | D22: 852195 | E22: =IF((D23-D22)<0,"0",D23-D22) -> 1481 | F22: 1704 | G22: =F23-F22 -> 0 | H22: =C22+E22-G22 -> 11165 | I22: =H22-K22-M22-O22-Q22 -> -34695.1 | J22: =I23-I22 -> -585.57 | K22: =A22 -> 45859 | L22: 7935 | M22: 0 | N22: =IF((L22-L23+M22)=L22,"0",(L22-L23+M22)) -> 0 | O22: 0.6 | P22: 0.64 | Q22: 0.5 | R22: 0.5 | S22: =(2500*O22)+(2500*P22)+(500*Q22)+(500*R22) -> 3600 | T22: 1303 | U22: =IF((S22-S23+T22)=S22,"0",(S22-S23+T22)) -> 58 | V22: 22300 | W22: =IF(V23-V22<0,"0",V23-V22) -> 107 | X22: 61265 | Y22: =IF((X23-X22)<0,"0",X23-X22) -> 0 | Z22: 4880 | AB22: =IF((Z22-Z23+AA22)=Z22,"0",(Z22-Z23+AA22)) -> 340 | AC22: 175 | AD22: 368
A23: 45860 | B23: 388334 | C23: =IF((B24-B23)<0,"0",B24-B23) -> 9114 | D23: 853676 | E23: =IF((D24-D23)<0,"0",D24-D23) -> 1467 | F23: 1704 | G23: =F24-F23 -> 0 | H23: =C23+E23-G23 -> 10581 | I23: =H23-K23-M23-O23-Q23 -> -35280.67 | J23: =I24-I23 -> -9.95 | K23: =A23 -> 45860 | L23: 7935 | M23: 0 | N23: =IF((L23-L24+M23)=L23,"0",(L23-L24+M23)) -> 0 | O23: 0.81 | P23: 0.8 | Q23: 0.86 | R23: 0.78 | S23: =(2500*O23)+(2500*P23)+(500*Q23)+(500*R23) -> 4845 | U23: =IF((S23-S24+T23)=S23,"0",(S23-S24+T23)) -> 95 | V23: 22407 | W23: =IF(V24-V23<0,"0",V24-V23) -> 121 | X23: 61265 | Y23: =IF((X24-X23)<0,"0",X24-X23) -> 0 | Z23: 4540 | AB23: =IF((Z23-Z24+AA23)=Z23,"0",(Z23-Z24+AA23)) -> 325 | AC23: 169 | AD23: 358
A24: 45861 | B24: 397448 | C24: =IF((B25-B24)<0,"0",B25-B24) -> 9104 | D24: 855143 | E24: =IF((D25-D24)<0,"0",D25-D24) -> 1468 | F24: 1704 | G24: =F25-F24 -> 0 | H24: =C24+E24-G24 -> 10572 | I24: =H24-K24-M24-O24-Q24 -> -35290.62 | J24: =I25-I24 -> 809.07 | K24: =A24 -> 45861 | L24: 7935 | M24: 0 | N24: =IF((L24-L25+M24)=L24,"0",(L24-L25+M24)) -> 0 | O24: 0.8 | P24: 0.79 | Q24: 0.82 | R24: 0.73 | S24: =(2500*O24)+(2500*P24)+(500*Q24)+(500*R24) -> 4750 | U24: =IF((S24-S25+T24)=S24,"0",(S24-S25+T24)) -> 175 | V24: 22528 | W24: =IF(V25-V24<0,"0",V25-V24) -> 118 | X24: 61265 | Y24: =IF((X25-X24)<0,"0",X25-X24) -> 0 | Z24: 4215 | AB24: =IF((Z24-Z25+AA24)=Z24,"0",(Z24-Z25+AA24)) -> 310 | AC24: 140 | AD24: 298
A25: 45862 | B25: 406552 | C25: =IF((B26-B25)<0,"0",B26-B25) -> 9965 | D25: 856611 | E25: =IF((D26-D25)<0,"0",D26-D25) -> 1417 | F25: 1704 | G25: =F26-F25 -> 0 | H25: =C25+E25-G25 -> 11382 | I25: =H25-K25-M25-O25-Q25 -> -34481.55 | J25: =I26-I25 -> -11382.9 | K25: =A25 -> 45862 | L25: 7935 | M25: 0 | N25: =IF((L25-L26+M25)=L25,"0",(L25-L26+M25)) -> 0 | O25: 0.77 | P25: 0.77 | Q25: 0.78 | R25: 0.67 | S25: =(2500*O25)+(2500*P25)+(500*Q25)+(500*R25) -> 4575 | U25: =IF((S25-S26+T25)=S25,"0",(S25-S26+T25)) -> 135 | V25: 22646 | W25: =IF(V26-V25<0,"0",V26-V25) -> 107 | X25: 61265 | Y25: =IF((X26-X25)<0,"0",X26-X25) -> 0 | Z25: 3905 | AB25: =IF((Z25-Z26+AA25)=Z25,"0",(Z25-Z26+AA25)) -> 305 | AC25: 176 | AD25: 358
A26: 45863 | B26: 416517 | C26: =IF((B27-B26)<0,"0",B27-B26) -> 0 | D26: 858028 | E26: =IF((D27-D26)<0,"0",D27-D26) -> 0 | F26: 1704 | G26: =F27-F26 -> 0 | H26: =C26+E26-G26 -> 0 | I26: =H26-K26-M26-O26-Q26 -> -45864.45 | J26: =I27-I26 -> 0.45 | K26: =A26 -> 45863 | L26: 7935 | M26: 0 | N26: =IF((L26-L27+M26)=L26,"0",(L26-L27+M26)) -> 0 | O26: 0.75 | P26: 0.76 | Q26: 0.7 | R26: 0.63 | S26: =(2500*O26)+(2500*P26)+(500*Q26)+(500*R26) -> 4440 | U26: =IF((S26-S27+T26)=S26,"0",(S26-S27+T26)) -> 0 | V26: 22753 | W26: =IF(V27-V26<0,"0",V27-V26) -> 0 | X26: 61265 | Y26: =IF((X27-X26)<0,"0",X27-X26) -> 0 | Z26: 3600 | AB26: =IF((Z26-Z27+AA26)=Z26,"0",(Z26-Z27+AA26)) -> 0 | AC26: 195 | AD26: 400
A27: 45864 | C27: =IF((B28-B27)<0,"0",B28-B27) -> 0 | E27: =IF((D28-D27)<0,"0",D28-D27) -> 0 | F27: 1704 | G27: =F28-F27 -> 0 | H27: =C27+E27-G27 -> 0 | I27: =H27-K27-M27-O27-Q27 -> -45864 | J27: =I28-I27 -> -1 | K27: =A27 -> 45864 | M27: 0 | N27: =IF((L27-L28+M27)=L27,"0",(L27-L28+M27)) -> 0 | S27: =(2500*O27)+(2500*P27)+(500*Q27)+(500*R27) -> 0 | U27: =IF((S27-S28+T27)=S27,"0",(S27-S28+T27)) -> 0 | W27: =IF(V28-V27<0,"0",V28-V27) -> 0 | Y27: =IF((X28-X27)<0,"0",X28-X27) -> 0 | AB27: =IF((Z27-Z28+AA27)=Z27,"0",(Z27-Z28+AA27)) -> 0
A28: 45865 | C28: =IF((B29-B28)<0,"0",B29-B28) -> 0 | E28: =IF((D29-D28)<0,"0",D29-D28) -> 0 | F28: 1704 | G28: =F29-F28 -> 0 | H28: =C28+E28-G28 -> 0 | I28: =H28-K28-M28-O28-Q28 -> -45865 | J28: =I29-I28 -> -1 | K28: =A28 -> 45865 | M28: 0 | N28: =IF((L28-L29+M28)=L28,"0",(L28-L29+M28)) -> 0 | S28: =(2500*O28)+(2500*P28)+(500*Q28)+(500*R28) -> 0 | U28: =IF((S28-S29+T28)=S28,"0",(S28-S29+T28)) -> 0 | W28: =IF(V29-V28<0,"0",V29-V28) -> 0 | Y28: =IF((X29-X28)<0,"0",X29-X28) -> 0 | AB28: =IF((Z28-Z29+AA28)=Z28,"0",(Z28-Z29+AA28)) -> 0
A29: 45866 | C29: =IF((B30-B29)<0,"0",B30-B29) -> 0 | E29: =IF((D30-D29)<0,"0",D30-D29) -> 0 | F29: 1704 | G29: =F30-F29 -> 0 | H29: =C29+E29-G29 -> 0 | I29: =H29-K29-M29-O29-Q29 -> -45866 | J29: =I30-I29 -> -1 | K29: =A29 -> 45866 | M29: 0 | N29: =IF((L29-L30+M29)=L29,"0",(L29-L30+M29)) -> 0 | S29: =(2500*O29)+(2500*P29)+(500*Q29)+(500*R29) -> 0 | U29: =IF((S29-S30+T29)=S29,"0",(S29-S30+T29)) -> 0 | W29: =IF(V30-V29<0,"0",V30-V29) -> 0 | Y29: =IF((X30-X29)<0,"0",X30-X29) -> 0 | AB29: =IF((Z29-Z30+AA29)=Z29,"0",(Z29-Z30+AA29)) -> 0
A30: 45867 | C30: =IF((B32-B30)<0,"0",B32-B30) -> 0 | E30: =IF((D32-D30)<0,"0",D32-D30) -> 0 | F30: 1704 | G30: =F32-F30 -> 0 | H30: =C30+E30-G30 -> 0 | I30: =H30-K30-M30-O30-Q30 -> -45867 | J30: =I32-I30 -> -2 | K30: =A30 -> 45867 | M30: 0 | N30: =IF((L30-L32+M30)=L30,"0",(L30-L32+M30)) -> 0 | S30: =(2500*O30)+(2500*P30)+(500*Q30)+(500*R30) -> 0 | U30: =IF((S30-S32+T30)=S30,"0",(S30-S32+T30)) -> 0 | W30: =IF((U30-U32+V30)=U30,"0",(U30-U32+V30)) -> 0 | Y30: =IF((X32-X30)<0,"0",X32-X30) -> 0 | AB30: =IF((Z30-Z32+AA30)=Z30,"0",(Z30-Z32+AA30)) -> 0
A31: 45868 | C31: =IF((B32-B31)<0,"0",B32-B31) -> 0 | E31: =IF((D32-D31)<0,"0",D32-D31) -> 0 | F31: 1704 | G31: =F32-F31 -> 0 | H31: =C31+E31-G31 -> 0 | I31: =H31-K31-M31-O31-Q31 -> -45868 | J31: =I32-I31 -> -1 | K31: =A31 -> 45868 | M31: 0 | N31: =IF((L31-L32+M31)=L31,"0",(L31-L32+M31)) -> 0 | S31: =(2500*O31)+(2500*P31)+(500*Q31)+(500*R31) -> 0 | U31: =IF((S31-S32+T31)=S31,"0",(S31-S32+T31)) -> 0 | W31: =IF((U31-U32+V31)=U31,"0",(U31-U32+V31)) -> 0 | Y31: =IF((X32-X31)<0,"0",X32-X31) -> 0 | AB31: =IF((Z31-Z32+AA31)=Z31,"0",(Z31-Z32+AA31)) -> 0
A32: 45869 | C32: =IF((B33-B32)<0,"0",B33-B32) -> 0 | E32: =IF((D33-D32)<0,"0",D33-D32) -> 0 | F32: 1704 | G32: =F33-F32 -> 0 | H32: =C32+E32-G32 -> 0 | I32: =H32-K32-M32-O32-Q32 -> -45869 | J32: =I33-I32 -> 45869 | K32: =A32 -> 45869 | M32: 0 | N32: =IF((L32-L33+M32)=L32,"0",(L32-L33+M32)) -> 0 | S32: =(2500*O32)+(2500*P32)+(500*Q32)+(500*R32) -> 0 | U32: =IF((S32-S33+T32)=S32,"0",(S32-S33+T32)) -> 0 | W32: =IF((U32-U33+V32)=U32,"0",(U32-U33+V32)) -> 0 | Y32: =IF((X33-X32)<0,"0",X33-X32) -> 0 | AB32: =IF((Z32-Z33+AA32)=Z32,"0",(Z32-Z33+AA32)) -> 0
A33: 45870 | F33: 1704 | K33: =A33 -> 45870 | M33: 0 | N33: =IF((L33-L34+M33)=L33,"0",(L33-L34+M33)) -> 0 | S33: =(2500*O33)+(2500*P33)+(500*Q33)+(500*R33) -> 0 | AC33: 174 | AD33: 370
C34: =SUM(C2:C33) -> 207933 | E34: =SUM(E2:E33) -> 36269 | G34: =SUM(G2:G33) -> 0 | H34: =SUM(H2:H33) -> 244202 | I34: =SUM(I2:I32) -> -1177307.6 | J34: =SUM(J2:J33) -> 36638.67 | N34: =SUM(N2:N33) -> 0 | T34: =SUM(T2:T33) -> 2593 | U34: =SUM(U2:U33) -> 2973 | W34: =SUM(W2:W33) -> 2806 | Y34: =SUM(Y2:Y33) -> 0 | AA34: =SUM(AA2:AA33) -> 6780 | AB34: =SUM(AB2:AB33) -> 8430 | AC34: =SUM(AC2:AC33) -> 4578 | AD34: =SUM(AD2:AD33) -> 9377
