Workbook

Sheet Total
A1: Site Name | B1: Day | C1: Month | D1: Year | E1: Total Electricity Kwh | F1: Electricity Tariff ($/Kwh) | G1: LPG (Liters) | H1: LPG $/Liter | I1: Water Utility Supply (m3) m3 | J1: Water Utility Supply (m3) $/m3 | K1: District Energy Heating Kwh | L1: District Energy Heating $/Kwh | M1: Total Fuel Oil (Liter) | N1: Fuel Oil $/Liter | O1: Room Nights | P1: Total Guests
A2: Annabelle | B2: 1 | C2: 8 | D2: 2025 | E2: =IF('August 2025'!C2<0,"0",'August 2025'!C2)+(IF('August 2025'!E2<0,"0",'August 2025'!E2)-(IF('August 2025'!G2<0,"0",'August 2025'!G2))) -> 10582 | F2: =('August 2025'!C2*0.27)/('August 2025'!C2+'August 2025'!E2) -> 0.23455963 | G2: ='August 2025'!U2 -> 195 | H2: 0.62 | I2: ='August 2025'!W2 -> 105 | J2: 2.42 | K2: ='August 2025'!AB2*5.04 -> 1335.6 | L2: 0.1151 | M2: ='August 2025'!M2 -> 0 | N2: 0.88 | O2: ='August 2025'!AC2 -> 184 | P2: ='August 2025'!AD2 -> 394
A3: Annabelle | B3: =B2+1 -> 2 | C3: 8 | D3: 2025 | E3: =IF('August 2025'!C3<0,"0",'August 2025'!C3)+(IF('August 2025'!E3<0,"0",'August 2025'!E3)-(IF('August 2025'!G3<0,"0",'August 2025'!G3))) -> 10935 | F3: =('August 2025'!C3*0.27)/('August 2025'!C3+'August 2025'!E3) -> 0.23530864 | G3: ='August 2025'!U3 -> 270 | H3: 0.62 | I3: ='August 2025'!W3 -> 114 | J3: 2.42 | K3: ='August 2025'!AB3*5.04 -> 1638 | L3: 0.1151 | M3: ='August 2025'!M3 -> 0 | N3: 0.88 | O3: ='August 2025'!AC3 -> 204 | P3: ='August 2025'!AD3 -> 435
A4: Annabelle | B4: =B3+1 -> 3 | C4: 8 | D4: 2025 | E4: =IF('August 2025'!C4<0,"0",'August 2025'!C4)+(IF('August 2025'!E4<0,"0",'August 2025'!E4)-(IF('August 2025'!G4<0,"0",'August 2025'!G4))) -> 10487 | F4: =('August 2025'!C4*0.27)/('August 2025'!C4+'August 2025'!E4) -> 0.23235911 | G4: ='August 2025'!U4 -> 100 | H4: 0.62 | I4: ='August 2025'!W4 -> 127 | J4: 2.42 | K4: ='August 2025'!AB4*5.04 -> 1663.2 | L4: 0.1151 | M4: ='August 2025'!M4 -> 0 | N4: 0.88 | O4: ='August 2025'!AC4 -> 185 | P4: ='August 2025'!AD4 -> 404
A5: Annabelle | B5: =B4+1 -> 4 | C5: 8 | D5: 2025 | E5: =IF('August 2025'!C5<0,"0",'August 2025'!C5)+(IF('August 2025'!E5<0,"0",'August 2025'!E5)-(IF('August 2025'!G5<0,"0",'August 2025'!G5))) -> 10833 | F5: =('August 2025'!C5*0.27)/('August 2025'!C5+'August 2025'!E5) -> 0.23408474 | G5: ='August 2025'!U5 -> 108 | H5: 0.62 | I5: ='August 2025'!W5 -> 117 | J5: 2.42 | K5: ='August 2025'!AB5*5.04 -> 1360.8 | L5: 0.1151 | M5: ='August 2025'!M5 -> 0 | N5: 0.88 | O5: ='August 2025'!AC5 -> 188 | P5: ='August 2025'!AD5 -> 414
A6: Annabelle | B6: =B5+1 -> 5 | C6: 8 | D6: 2025 | E6: =IF('August 2025'!C6<0,"0",'August 2025'!C6)+(IF('August 2025'!E6<0,"0",'August 2025'!E6)-(IF('August 2025'!G6<0,"0",'August 2025'!G6))) -> 11278 | F6: =('August 2025'!C6*0.27)/('August 2025'!C6+'August 2025'!E6) -> 0.23787196 | G6: ='August 2025'!U6 -> 95 | H6: 0.62 | I6: ='August 2025'!W6 -> 131 | J6: 2.42 | K6: ='August 2025'!AB6*5.04 -> 1612.8 | L6: 0.1151 | M6: ='August 2025'!M6 -> 0 | N6: 0.88 | O6: ='August 2025'!AC6 -> 198 | P6: ='August 2025'!AD6 -> 437
A7: Annabelle | B7: =B6+1 -> 6 | C7: 8 | D7: 2025 | E7: =IF('August 2025'!C7<0,"0",'August 2025'!C7)+(IF('August 2025'!E7<0,"0",'August 2025'!E7)-(IF('August 2025'!G7<0,"0",'August 2025'!G7))) -> 11901 | F7: =('August 2025'!C7*0.27)/('August 2025'!C7+'August 2025'!E7) -> 0.2374666 | G7: ='August 2025'!U7 -> 200 | H7: 0.62 | I7: ='August 2025'!W7 -> 124 | J7: 2.42 | K7: ='August 2025'!AB7*5.04 -> 1612.8 | L7: 0.1151 | M7: ='August 2025'!M7 -> 0 | N7: 0.88 | O7: ='August 2025'!AC7 -> 216 | P7: ='August 2025'!AD7 -> 472
A8: Annabelle | B8: =B7+1 -> 7 | C8: 8 | D8: 2025 | E8: =IF('August 2025'!C8<0,"0",'August 2025'!C8)+(IF('August 2025'!E8<0,"0",'August 2025'!E8)-(IF('August 2025'!G8<0,"0",'August 2025'!G8))) -> 11457 | F8: =('August 2025'!C8*0.27)/('August 2025'!C8+'August 2025'!E8) -> 0.23644148 | G8: ='August 2025'!U8 -> 125 | H8: 0.62 | I8: ='August 2025'!W8 -> 139 | J8: 2.42 | K8: ='August 2025'!AB8*5.04 -> 1789.2 | L8: 0.1151 | M8: ='August 2025'!M8 -> 0 | N8: 0.88 | O8: ='August 2025'!AC8 -> 221 | P8: ='August 2025'!AD8 -> 485
A9: Annabelle | B9: =B8+1 -> 8 | C9: 8 | D9: 2025 | E9: =IF('August 2025'!C9<0,"0",'August 2025'!C9)+(IF('August 2025'!E9<0,"0",'August 2025'!E9)-(IF('August 2025'!G9<0,"0",'August 2025'!G9))) -> 11723 | F9: =('August 2025'!C9*0.27)/('August 2025'!C9+'August 2025'!E9) -> 0.23648895 | G9: ='August 2025'!U9 -> 180 | H9: 0.62 | I9: ='August 2025'!W9 -> 141 | J9: 2.42 | K9: ='August 2025'!AB9*5.04 -> 1864.8 | L9: 0.1151 | M9: ='August 2025'!M9 -> 0 | N9: 0.88 | O9: ='August 2025'!AC9 -> 227 | P9: ='August 2025'!AD9 -> 508
A10: Annabelle | B10: =B9+1 -> 9 | C10: 8 | D10: 2025 | E10: =IF('August 2025'!C10<0,"0",'August 2025'!C10)+(IF('August 2025'!E10<0,"0",'August 2025'!E10)-(IF('August 2025'!G10<0,"0",'August 2025'!G10))) -> 12227 | F10: =('August 2025'!C10*0.27)/('August 2025'!C10+'August 2025'!E10) -> 0.23910689 | G10: ='August 2025'!U10 -> 140 | H10: 0.62 | I10: ='August 2025'!W10 -> 144 | J10: 2.42 | K10: ='August 2025'!AB10*5.04 -> 1915.2 | L10: 0.1151 | M10: ='August 2025'!M10 -> 0 | N10: 0.88 | O10: ='August 2025'!AC10 -> 236 | P10: ='August 2025'!AD10 -> 524
A11: Annabelle | B11: =B10+1 -> 10 | C11: 8 | D11: 2025 | E11: =IF('August 2025'!C11<0,"0",'August 2025'!C11)+(IF('August 2025'!E11<0,"0",'August 2025'!E11)-(IF('August 2025'!G11<0,"0",'August 2025'!G11))) -> 12349 | F11: =('August 2025'!C11*0.27)/('August 2025'!C11+'August 2025'!E11) -> 0.23906227 | G11: ='August 2025'!U11 -> 195 | H11: 0.62 | I11: ='August 2025'!W11 -> 131 | J11: 2.42 | K11: ='August 2025'!AB11*5.04 -> 1839.6 | L11: 0.1151 | M11: ='August 2025'!M11 -> 0 | N11: 0.88 | O11: ='August 2025'!AC11 -> 229 | P11: ='August 2025'!AD11 -> 514
A12: Annabelle | B12: =B11+1 -> 11 | C12: 8 | D12: 2025 | E12: =IF('August 2025'!C12<0,"0",'August 2025'!C12)+(IF('August 2025'!E12<0,"0",'August 2025'!E12)-(IF('August 2025'!G12<0,"0",'August 2025'!G12))) -> 12036 | F12: =('August 2025'!C12*0.27)/('August 2025'!C12+'August 2025'!E12) -> 0.23805583 | G12: ='August 2025'!U12 -> 145 | H12: 0.62 | I12: ='August 2025'!W12 -> 151 | J12: 2.42 | K12: ='August 2025'!AB12*5.04 -> 1864.8 | L12: 0.1151 | M12: ='August 2025'!M12 -> 0 | N12: 0.88 | O12: ='August 2025'!AC12 -> 233 | P12: ='August 2025'!AD12 -> 523
A13: Annabelle | B13: =B12+1 -> 12 | C13: 8 | D13: 2025 | E13: =IF('August 2025'!C13<0,"0",'August 2025'!C13)+(IF('August 2025'!E13<0,"0",'August 2025'!E13)-(IF('August 2025'!G13<0,"0",'August 2025'!G13))) -> 12191 | F13: =('August 2025'!C13*0.27)/('August 2025'!C13+'August 2025'!E13) -> 0.23965794 | G13: ='August 2025'!U13 -> 145 | H13: 0.62 | I13: ='August 2025'!W13 -> 133 | J13: 2.42 | K13: ='August 2025'!AB13*5.04 -> 1436.4 | L13: 0.1151 | M13: ='August 2025'!M13 -> 0 | N13: 0.88 | O13: ='August 2025'!AC13 -> 227 | P13: ='August 2025'!AD13 -> 505
A14: Annabelle | B14: =B13+1 -> 13 | C14: 8 | D14: 2025 | E14: =IF('August 2025'!C14<0,"0",'August 2025'!C14)+(IF('August 2025'!E14<0,"0",'August 2025'!E14)-(IF('August 2025'!G14<0,"0",'August 2025'!G14))) -> 12340 | F14: =('August 2025'!C14*0.27)/('August 2025'!C14+'August 2025'!E14) -> 0.24124959 | G14: ='August 2025'!U14 -> -150 | H14: 0.62 | I14: ='August 2025'!W14 -> 139 | J14: 2.42 | K14: ='August 2025'!AB14*5.04 -> 1814.4 | L14: 0.1151 | M14: ='August 2025'!M14 -> 0 | N14: 0.88 | O14: ='August 2025'!AC14 -> 222 | P14: ='August 2025'!AD14 -> 503
... A30: Annabelle | B30: =B29+1 -> 29 | C30: 8 | D30: 2025 | E30: =IF('August 2025'!C30<0,"0",'August 2025'!C30)+(IF('August 2025'!E30<0,"0",'August 2025'!E30)-(IF('August 2025'!G30<0,"0",'August 2025'!G30))) -> 0 | F30: =('August 2025'!C30*0.27)/('August 2025'!C30+'August 2025'!E30) -> #DIV/0! | G30: ='August 2025'!U30 -> 0 | H30: 0.62 | I30: ='August 2025'!W30 -> 0 | J30: 2.42 | K30: ='August 2025'!AB30*5.04 -> 0 | L30: 0.1151 | M30: ='August 2025'!M30 -> 0 | N30: 0.88 | O30: ='August 2025'!AC30 -> 0 | P30: ='August 2025'!AD30 -> 0
A31: Annabelle | B31: =B30+1 -> 30 | C31: 8 | D31: 2025 | E31: =IF('August 2025'!C32<0,"0",'August 2025'!C32)+(IF('August 2025'!E32<0,"0",'August 2025'!E32)-(IF('August 2025'!G32<0,"0",'August 2025'!G32))) -> 0 | F31: =('August 2025'!C32*0.27)/('August 2025'!C32+'August 2025'!E32) -> #DIV/0! | G31: ='August 2025'!U32 -> 0 | H31: 0.62 | I31: ='August 2025'!W32 -> 0 | J31: 2.42 | K31: ='August 2025'!AB32*5.04 -> 0 | L31: 0.1151 | M31: ='August 2025'!M32 -> 0 | N31: 0.88 | O31: ='August 2025'!AC32 -> 0 | P31: ='August 2025'!AD32 -> 0
A32: Annabelle | B32: 31 | C32: 8 | D32: 2025 | E32: =IF('August 2025'!C33<0,"0",'August 2025'!C33)+(IF('August 2025'!E33<0,"0",'August 2025'!E33)-(IF('August 2025'!G33<0,"0",'August 2025'!G33))) -> 0 | F32: =('August 2025'!C33*0.27)/('August 2025'!C33+'August 2025'!E33) -> #DIV/0! | G32: ='August 2025'!U33 -> 0 | H32: 0.62 | I32: ='August 2025'!W33 -> 0 | J32: 2.42 | K32: ='August 2025'!AB33*5.04 -> 0 | L32: 0.1151 | M32: ='August 2025'!M33 -> 0 | N32: 0.88 | O32: ='August 2025'!AC33 -> 174 | P32: ='August 2025'!AD33 -> 370

Sheet August 2025
A1: Date | B1: Purchased Electricity (Kwh) Reading | C1: BOUGHT | D1: Total Renewable Energy Production (Kwh) Reading | E1: PRODUCED | F1: Total Renewable Energy Exported (KWh) Reading | G1: SOLD | H1: HOTEL Electricity (KWh) Consumed incl. --> | I1: HOTEL Electricity (KWh) Consumed excl. --> | J1: Consumed | K1: Date | L1: Fuel Oil Hot-Water Boilers (Liter) Reading | M1: Fuel Oil (Liter) Received | N1: Consumed | O1: LPG % TANK 1 | P1: LPG % TANK 2 | Q1: LPG % TANK 3 | R1: LPG % TANK 4 | S1: LPG (Liter) Reading | T1: LPG (Liter) Received | U1: Consumed | V1: Water Utility Supply (m3) Reading | W1: Consumed | X1: Irrigation Water Supply (m3) Reading | Y1: Consumed | Z1: Pellets (Kg) Reading | AA1: Pellets (Kg) Received | AB1: Consumed | AC1: Room Nights | AD1: Guest Nights
A2: 45870 | B2: 483752 | C2: =IF((B3-B2)<0,"0",B3-B2) -> 9193 | D2: 868083 | E2: =IF((D3-D2)<0,"0",D3-D2) -> 1389 | F2: 1704 | G2: =F3-F2 -> 0 | H2: =C2+E2-G2 -> 10582 | I2: =H2-K2-M2-O2-Q2 -> -35289.33 | J2: =I3-I2 -> 352.11 | K2: =A2 -> 45870 | L2: 7935 | M2: 0 | N2: =IF((L2-L3+M2)=L2,"0",(L2-L3+M2)) -> 0 | O2: 0.63 | P2: 0.71 | Q2: 0.7 | R2: 0.61 | S2: =(2500*O2)+(2500*P2)+(500*Q2)+(500*R2) -> 4005 | U2: =IF((S2-S3+T2)=S2,"0",(S2-S3+T2)) -> 195 | V2: 23567 | W2: =IF(V3-V2<0,"0",V3-V2) -> 105 | X2: 61265 | Y2: =IF((X3-X2)<0,"0",X3-X2) -> 0 | Z2: 1400 | AA2: 3485 | AB2: =IF((Z2-Z3+AA2)=Z2,"0",(Z2-Z3+AA2)) -> 265 | AC2: 184 | AD2: 394
A3: 45871 | B3: 492945 | C3: =IF((B4-B3)<0,"0",B4-B3) -> 9530 | D3: 869472 | E3: =IF((D4-D3)<0,"0",D4-D3) -> 1405 | F3: 1704 | G3: =F4-F3 -> 0 | H3: =C3+E3-G3 -> 10935 | I3: =H3-K3-M3-O3-Q3 -> -34937.22 | J3: =I4-I3 -> -448.85 | K3: =A3 -> 45871 | L3: 7935 | M3: 0 | N3: =IF((L3-L4+M3)=L3,"0",(L3-L4+M3)) -> 0 | O3: 0.61 | P3: 0.68 | Q3: 0.61 | R3: 0.56 | S3: =(2500*O3)+(2500*P3)+(500*Q3)+(500*R3) -> 3810 | U3: =IF((S3-S4+T3)=S3,"0",(S3-S4+T3)) -> 270 | V3: 23672 | W3: =IF(V4-V3<0,"0",V4-V3) -> 114 | X3: 61265 | Y3: =IF((X4-X3)<0,"0",X4-X3) -> 0 | Z3: 4620 | AB3: =IF((Z3-Z4+AA3)=Z3,"0",(Z3-Z4+AA3)) -> 325 | AC3: 204 | AD3: 435
A4: 45872 | B4: 502475 | C4: =IF((B5-B4)<0,"0",B5-B4) -> 9025 | D4: 870877 | E4: =IF((D5-D4)<0,"0",D5-D4) -> 1462 | F4: 1704 | G4: =F5-F4 -> 0 | H4: =C4+E4-G4 -> 10487 | I4: =H4-K4-M4-O4-Q4 -> -35386.07 | J4: =I5-I4 -> 345.03 | K4: =A4 -> 45872 | L4: 7935 | M4: 0 | N4: =IF((L4-L5+M4)=L4,"0",(L4-L5+M4)) -> 0 | O4: 0.56 | P4: 0.65 | Q4: 0.51 | R4: 0.52 | S4: =(2500*O4)+(2500*P4)+(500*Q4)+(500*R4) -> 3540 | U4: =IF((S4-S5+T4)=S4,"0",(S4-S5+T4)) -> 100 | V4: 23786 | W4: =IF(V5-V4<0,"0",V5-V4) -> 127 | X4: 61265 | Y4: =IF((X5-X4)<0,"0",X5-X4) -> 0 | Z4: 4295 | AB4: =IF((Z4-Z5+AA4)=Z4,"0",(Z4-Z5+AA4)) -> 330 | AC4: 185 | AD4: 404
A5: 45873 | B5: 511500 | C5: =IF((B6-B5)<0,"0",B6-B5) -> 9392 | D5: 872339 | E5: =IF((D6-D5)<0,"0",D6-D5) -> 1441 | F5: 1704 | G5: =F6-F5 -> 0 | H5: =C5+E5-G5 -> 10833 | I5: =H5-K5-M5-O5-Q5 -> -35041.04 | J5: =I6-I5 -> 443.38 | K5: =A5 -> 45873 | L5: 7935 | M5: 0 | N5: =IF((L5-L6+M5)=L5,"0",(L5-L6+M5)) -> 0 | O5: 0.55 | P5: 0.63 | Q5: 0.49 | R5: 0.49 | S5: =(2500*O5)+(2500*P5)+(500*Q5)+(500*R5) -> 3440 | T5: 1498 | U5: =IF((S5-S6+T5)=S5,"0",(S5-S6+T5)) -> 108 | V5: 23913 | W5: =IF(V6-V5<0,"0",V6-V5) -> 117 | X5: 61265 | Y5: =IF((X6-X5)<0,"0",X6-X5) -> 0 | Z5: 3965 | AB5: =IF((Z5-Z6+AA5)=Z5,"0",(Z5-Z6+AA5)) -> 270 | AC5: 188 | AD5: 414
A6: 45874 | B6: 520892 | C6: =IF((B7-B6)<0,"0",B7-B6) -> 9936 | D6: 873780 | E6: =IF((D7-D6)<0,"0",D7-D6) -> 1342 | F6: 1704 | G6: =F7-F6 -> 0 | H6: =C6+E6-G6 -> 11278 | I6: =H6-K6-M6-O6-Q6 -> -34597.66 | J6: =I7-I6 -> 622.03 | K6: =A6 -> 45874 | L6: 7935 | M6: 0 | N6: =IF((L6-L7+M6)=L6,"0",(L6-L7+M6)) -> 0 | O6: 0.81 | P6: 0.8 | Q6: 0.85 | R6: 0.76 | S6: =(2500*O6)+(2500*P6)+(500*Q6)+(500*R6) -> 4830 | U6: =IF((S6-S7+T6)=S6,"0",(S6-S7+T6)) -> 95 | V6: 24030 | W6: =IF(V7-V6<0,"0",V7-V6) -> 131 | X6: 61265 | Y6: =IF((X7-X6)<0,"0",X7-X6) -> 0 | Z6: 3695 | AB6: =IF((Z6-Z7+AA6)=Z6,"0",(Z6-Z7+AA6)) -> 320 | AC6: 198 | AD6: 437
A7: 45875 | B7: 530828 | C7: =IF((B8-B7)<0,"0",B8-B7) -> 10467 | D7: 875122 | E7: =IF((D8-D7)<0,"0",D8-D7) -> 1434 | F7: 1704 | G7: =F8-F7 -> 0 | H7: =C7+E7-G7 -> 11901 | I7: =H7-K7-M7-O7-Q7 -> -33975.63 | J7: =I8-I7 -> -444.89 | K7: =A7 -> 45875 | L7: 7935 | M7: 0 | N7: =IF((L7-L8+M7)=L7,"0",(L7-L8+M7)) -> 0 | O7: 0.8 | P7: 0.78 | Q7: 0.83 | R7: 0.74 | S7: =(2500*O7)+(2500*P7)+(500*Q7)+(500*R7) -> 4735 | U7: =IF((S7-S8+T7)=S7,"0",(S7-S8+T7)) -> 200 | V7: 24161 | W7: =IF(V8-V7<0,"0",V8-V7) -> 124 | X7: 61265 | Y7: =IF((X8-X7)<0,"0",X8-X7) -> 0 | Z7: 3375 | AB7: =IF((Z7-Z8+AA7)=Z7,"0",(Z7-Z8+AA7)) -> 320 | AC7: 216 | AD7: 472
A8: 45876 | B8: 541295 | C8: =IF((B9-B8)<0,"0",B9-B8) -> 10033 | D8: 876556 | E8: =IF((D9-D8)<0,"0",D9-D8) -> 1424 | F8: 1704 | G8: =F9-F8 -> 0 | H8: =C8+E8-G8 -> 11457 | I8: =H8-K8-M8-O8-Q8 -> -34420.52 | J8: =I9-I8 -> 265.08 | K8: =A8 -> 45876 | L8: 7935 | M8: 0 | N8: =IF((L8-L9+M8)=L8,"0",(L8-L9+M8)) -> 0 | O8: 0.76 | P8: 0.77 | Q8: 0.76 | R8: 0.66 | S8: =(2500*O8)+(2500*P8)+(500*Q8)+(500*R8) -> 4535 | U8: =IF((S8-S9+T8)=S8,"0",(S8-S9+T8)) -> 125 | V8: 24285 | W8: =IF(V9-V8<0,"0",V9-V8) -> 139 | X8: 61265 | Y8: =IF((X9-X8)<0,"0",X9-X8) -> 0 | Z8: 3055 | AB8: =IF((Z8-Z9+AA8)=Z8,"0",(Z8-Z9+AA8)) -> 355 | AC8: 221 | AD8: 485
A9: 45877 | B9: 551328 | C9: =IF((B10-B9)<0,"0",B10-B9) -> 10268 | D9: 877980 | E9: =IF((D10-D9)<0,"0",D10-D9) -> 1455 | F9: 1704 | G9: =F10-F9 -> 0 | H9: =C9+E9-G9 -> 11723 | I9: =H9-K9-M9-O9-Q9 -> -34155.44 | J9: =I10-I9 -> 503.13 | K9: =A9 -> 45877 | L9: 7935 | M9: 0 | N9: =IF((L9-L10+M9)=L9,"0",(L9-L10+M9)) -> 0 | O9: 0.74 | P9: 0.76 | Q9: 0.7 | R9: 0.62 | S9: =(2500*O9)+(2500*P9)+(500*Q9)+(500*R9) -> 4410 | U9: =IF((S9-S10+T9)=S9,"0",(S9-S10+T9)) -> 180 | V9: 24424 | W9: =IF(V10-V9<0,"0",V10-V9) -> 141 | X9: 61265 | Y9: =IF((X10-X9)<0,"0",X10-X9) -> 0 | Z9: 2700 | AB9: =IF((Z9-Z10+AA9)=Z9,"0",(Z9-Z10+AA9)) -> 370 | AC9: 227 | AD9: 508
A10: 45878 | B10: 561596 | C10: =IF((B11-B10)<0,"0",B11-B10) -> 10828 | D10: 879435 | E10: =IF((D11-D10)<0,"0",D11-D10) -> 1399 | F10: 1704 | G10: =F11-F10 -> 0 | H10: =C10+E10-G10 -> 12227 | I10: =H10-K10-M10-O10-Q10 -> -33652.31 | J10: =I11-I10 -> 121.1 | K10: =A10 -> 45878 | L10: 7935 | M10: 0 | N10: =IF((L10-L11+M10)=L10,"0",(L10-L11+M10)) -> 0 | O10: 0.71 | P10: 0.75 | Q10: 0.6 | R10: 0.56 | S10: =(2500*O10)+(2500*P10)+(500*Q10)+(500*R10) -> 4230 | U10: =IF((S10-S11+T10)=S10,"0",(S10-S11+T10)) -> 140 | V10: 24565 | W10: =IF(V11-V10<0,"0",V11-V10) -> 144 | X10: 61265 | Y10: =IF((X11-X10)<0,"0",X11-X10) -> 0 | Z10: 2330 | AB10: =IF((Z10-Z11+AA10)=Z10,"0",(Z10-Z11+AA10)) -> 380 | AC10: 236 | AD10: 524
A11: 45879 | B11: 572424 | C11: =IF((B12-B11)<0,"0",B12-B11) -> 10934 | D11: 880834 | E11: =IF((D12-D11)<0,"0",D12-D11) -> 1415 | F11: 1704 | G11: =F12-F11 -> 0 | H11: =C11+E11-G11 -> 12349 | I11: =H11-K11-M11-O11-Q11 -> -33531.21 | J11: =I12-I11 -> -313.89 | K11: =A11 -> 45879 | L11: 7935 | M11: 0 | N11: =IF((L11-L12+M11)=L11,"0",(L11-L12+M11)) -> 0 | O11: 0.7 | P11: 0.73 | Q11: 0.51 | R11: 0.52 | S11: =(2500*O11)+(2500*P11)+(500*Q11)+(500*R11) -> 4090 | U11: =IF((S11-S12+T11)=S11,"0",(S11-S12+T11)) -> 195 | V11: 24709 | W11: =IF(V12-V11<0,"0",V12-V11) -> 131 | X11: 61265 | Y11: =IF((X12-X11)<0,"0",X12-X11) -> 0 | Z11: 1950 | AB11: =IF((Z11-Z12+AA11)=Z11,"0",(Z11-Z12+AA11)) -> 365 | AC11: 229 | AD11: 514
A12: 45880 | B12: 583358 | C12: =IF((B13-B12)<0,"0",B13-B12) -> 10612 | D12: 882249 | E12: =IF((D13-D12)<0,"0",D13-D12) -> 1424 | F12: 1704 | G12: =F13-F12 -> 0 | H12: =C12+E12-G12 -> 12036 | I12: =H12-K12-M12-O12-Q12 -> -33845.1 | J12: =I13-I12 -> 153.58 | K12: =A12 -> 45880 | L12: 7935 | M12: 0 | N12: =IF((L12-L13+M12)=L12,"0",(L12-L13+M12)) -> 0 | O12: 0.65 | P12: 0.72 | Q12: 0.45 | R12: 0.49 | S12: =(2500*O12)+(2500*P12)+(500*Q12)+(500*R12) -> 3895 | T12: 470 | U12: =IF((S12-S13+T12)=S12,"0",(S12-S13+T12)) -> 145 | V12: 24840 | W12: =IF(V13-V12<0,"0",V13-V12) -> 151 | X12: 61265 | Y12: =IF((X13-X12)<0,"0",X13-X12) -> 0 | Z12: 1585 | AB12: =IF((Z12-Z13+AA12)=Z12,"0",(Z12-Z13+AA12)) -> 370 | AC12: 233 | AD12: 523
A13: 45881 | B13: 593970 | C13: =IF((B14-B13)<0,"0",B14-B13) -> 10821 | D13: 883673 | E13: =IF((D14-D13)<0,"0",D14-D13) -> 1370 | F13: 1704 | G13: =F14-F13 -> 0 | H13: =C13+E13-G13 -> 12191 | I13: =H13-K13-M13-O13-Q13 -> -33691.52 | J13: =I14-I13 -> 148.07 | K13: =A13 -> 45881 | L13: 7935 | M13: 0 | N13: =IF((L13-L14+M13)=L13,"0",(L13-L14+M13)) -> 0 | O13: 0.65 | P13: 0.7 | Q13: 0.87 | R13: 0.82 | S13: =(2500*O13)+(2500*P13)+(500*Q13)+(500*R13) -> 4220 | U13: =IF((S13-S14+T13)=S13,"0",(S13-S14+T13)) -> 145 | V13: 24991 | W13: =IF(V14-V13<0,"0",V14-V13) -> 133 | X13: 61265 | Y13: =IF((X14-X13)<0,"0",X14-X13) -> 0 | Z13: 1215 | AA13: 6015 | AB13: =IF((Z13-Z14+AA13)=Z13,"0",(Z13-Z14+AA13)) -> 285 | AC13: 227 | AD13: 505
A14: 45882 | B14: 604791 | C14: =IF((B15-B14)<0,"0",B15-B14) -> 11026 | D14: 885043 | E14: =IF((D15-D14)<0,"0",D15-D14) -> 1314 | F14: 1704 | G14: =F15-F14 -> 0 | H14: =C14+E14-G14 -> 12340 | I14: =H14-K14-M14-O14-Q14 -> -33543.45 | J14: =I15-I14 -> 511.05 | K14: =A14 -> 45882 | L14: 7935 | M14: 0 | N14: =IF((L14-L15+M14)=L14,"0",(L14-L15+M14)) -> 0 | O14: 0.64 | P14: 0.68 | Q14: 0.81 | R14: 0.74 | S14: =(2500*O14)+(2500*P14)+(500*Q14)+(500*R14) -> 4075 | U14: =IF((S14-S15+T14)=S14,"0",(S14-S15+T14)) -> -150 | V14: 25124 | W14: =IF(V15-V14<0,"0",V15-V14) -> 139 | X14: 61265 | Y14: =IF((X15-X14)<0,"0",X15-X14) -> 0 | Z14: 6945 | AB14: =IF((Z14-Z15+AA14)=Z14,"0",(Z14-Z15+AA14)) -> 360 | AC14: 222 | AD14: 503
A15: 45883 | B15: 615817 | C15: =IF((B16-B15)<0,"0",B16-B15) -> 11506 | D15: 886357 | E15: =IF((D16-D15)<0,"0",D16-D15) -> 1346 | F15: 1704 | G15: =F16-F15 -> 0 | H15: =C15+E15-G15 -> 12852 | I15: =H15-K15-M15-O15-Q15 -> -33032.4 | J15: =I16-I15 -> 195.08 | K15: =A15 -> 45883 | L15: 7935 | M15: 0 | N15: =IF((L15-L16+M15)=L15,"0",(L15-L16+M15)) -> 0 | O15: 0.7 | P15: 0.69 | Q15: 0.7 | R15: 0.8 | S15: =(2500*O15)+(2500*P15)+(500*Q15)+(500*R15) -> 4225 | U15: =IF((S15-S16+T15)=S15,"0",(S15-S16+T15)) -> 415 | V15: 25263 | W15: =IF(V16-V15<0,"0",V16-V15) -> 139 | X15: 61265 | Y15: =IF((X16-X15)<0,"0",X16-X15) -> 0 | Z15: 6585 | AB15: =IF((Z15-Z16+AA15)=Z15,"0",(Z15-Z16+AA15)) -> 325 | AC15: 228 | AD15: 521
A16: 45884 | B16: 627323 | C16: =IF((B17-B16)<0,"0",B17-B16) -> 11647 | D16: 887703 | E16: =IF((D17-D16)<0,"0",D17-D16) -> 1401 | F16: 1704 | G16: =F17-F16 -> 0 | H16: =C16+E16-G16 -> 13048 | I16: =H16-K16-M16-O16-Q16 -> -32837.32 | J16: =I17-I16 -> -668.91 | K16: =A16 -> 45884 | L16: 7935 | M16: 0 | N16: =IF((L16-L17+M16)=L16,"0",(L16-L17+M16)) -> 0 | O16: 0.6 | P16: 0.65 | Q16: 0.72 | R16: 0.65 | S16: =(2500*O16)+(2500*P16)+(500*Q16)+(500*R16) -> 3810 | U16: =IF((S16-S17+T16)=S16,"0",(S16-S17+T16)) -> 150 | V16: 25402 | W16: =IF(V17-V16<0,"0",V17-V16) -> 149 | X16: 61265 | Y16: =IF((X17-X16)<0,"0",X17-X16) -> 0 | Z16: 6260 | AB16: =IF((Z16-Z17+AA16)=Z16,"0",(Z16-Z17+AA16)) -> 345 | AC16: 243 | AD16: 559
A17: 45885 | B17: 638970 | C17: =IF((B18-B17)<0,"0",B18-B17) -> 11069 | D17: 889104 | E17: =IF((D18-D17)<0,"0",D18-D17) -> 1311 | F17: 1704 | G17: =F18-F17 -> 0 | H17: =C17+E17-G17 -> 12380 | I17: =H17-K17-M17-O17-Q17 -> -33506.23 | J17: =I18-I17 -> -1070.91 | K17: =A17 -> 45885 | L17: 7935 | M17: 0 | N17: =IF((L17-L18+M17)=L17,"0",(L17-L18+M17)) -> 0 | O17: 0.58 | P17: 0.63 | Q17: 0.65 | R17: 0.62 | S17: =(2500*O17)+(2500*P17)+(500*Q17)+(500*R17) -> 3660 | U17: =IF((S17-S18+T17)=S17,"0",(S17-S18+T17)) -> 140 | V17: 25551 | W17: =IF(V18-V17<0,"0",V18-V17) -> 149 | X17: 61265 | Y17: =IF((X18-X17)<0,"0",X18-X17) -> 0 | Z17: 5915 | AB17: =IF((Z17-Z18+AA17)=Z17,"0",(Z17-Z18+AA17)) -> 285 | AC17: 241 | AD17: 562
A18: 45886 | B18: 650039 | C18: =IF((B19-B18)<0,"0",B19-B18) -> 10011 | D18: 890415 | E18: =IF((D19-D18)<0,"0",D19-D18) -> 1299 | F18: 1704 | G18: =F19-F18 -> 0 | H18: =C18+E18-G18 -> 11310 | I18: =H18-K18-M18-O18-Q18 -> -34577.14 | J18: =I19-I18 -> 435.07 | K18: =A18 -> 45886 | L18: 7935 | M18: 0 | N18: =IF((L18-L19+M18)=L18,"0",(L18-L19+M18)) -> 0 | O18: 0.55 | P18: 0.63 | Q18: 0.59 | R18: 0.55 | S18: =(2500*O18)+(2500*P18)+(500*Q18)+(500*R18) -> 3520 | U18: =IF((S18-S19+T18)=S18,"0",(S18-S19+T18)) -> 110 | V18: 25700 | W18: =IF(V19-V18<0,"0",V19-V18) -> 135 | X18: 61265 | Y18: =IF((X19-X18)<0,"0",X19-X18) -> 0 | Z18: 5630 | AB18: =IF((Z18-Z19+AA18)=Z18,"0",(Z18-Z19+AA18)) -> 365 | AC18: 214 | AD18: 518
A19: 45887 | B19: 660050 | C19: =IF((B20-B19)<0,"0",B20-B19) -> 10396 | D19: 891714 | E19: =IF((D20-D19)<0,"0",D20-D19) -> 1350 | F19: 1704 | G19: =F20-F19 -> 0 | H19: =C19+E19-G19 -> 11746 | I19: =H19-K19-M19-O19-Q19 -> -34142.07 | J19: =I20-I19 -> -11747.59 | K19: =A19 -> 45887 | L19: 7935 | M19: 0 | N19: =IF((L19-L20+M19)=L19,"0",(L19-L20+M19)) -> 0 | O19: 0.54 | P19: 0.62 | Q19: 0.53 | R19: 0.49 | S19: =(2500*O19)+(2500*P19)+(500*Q19)+(500*R19) -> 3410 | T19: 1618 | U19: =IF((S19-S20+T19)=S19,"0",(S19-S20+T19)) -> 178 | V19: 25835 | W19: =IF(V20-V19<0,"0",V20-V19) -> 143 | X19: 61265 | Y19: =IF((X20-X19)<0,"0",X20-X19) -> 0 | Z19: 5265 | AB19: =IF((Z19-Z20+AA19)=Z19,"0",(Z19-Z20+AA19)) -> 195 | AC19: 211 | AD19: 514
A20: 45888 | B20: 670446 | C20: =IF((B21-B20)<0,"0",B21-B20) -> 0 | D20: 893064 | E20: =IF((D21-D20)<0,"0",D21-D20) -> 0 | F20: 1704 | G20: =F21-F20 -> 0 | H20: =C20+E20-G20 -> 0 | I20: =H20-K20-M20-O20-Q20 -> -45889.66 | J20: =I21-I20 -> 0.66 | K20: =A20 -> 45888 | L20: 7935 | M20: 0 | N20: =IF((L20-L21+M20)=L20,"0",(L20-L21+M20)) -> 0 | O20: 0.81 | P20: 0.8 | Q20: 0.85 | R20: 0.8 | S20: =(2500*O20)+(2500*P20)+(500*Q20)+(500*R20) -> 4850 | U20: =IF((S20-S21+T20)=S20,"0",(S20-S21+T20)) -> 0 | V20: 25978 | W20: =IF(V21-V20<0,"0",V21-V20) -> 0 | X20: 61265 | Y20: =IF((X21-X20)<0,"0",X21-X20) -> 0 | Z20: 5070 | AB20: =IF((Z20-Z21+AA20)=Z20,"0",(Z20-Z21+AA20)) -> 0 | AC20: 207 | AD20: 498
A21: 45889 | C21: =IF((B22-B21)<0,"0",B22-B21) -> 0 | E21: =IF((D22-D21)<0,"0",D22-D21) -> 0 | F21: 1704 | G21: =F22-F21 -> 0 | H21: =C21+E21-G21 -> 0 | I21: =H21-K21-M21-O21-Q21 -> -45889 | J21: =I22-I21 -> -1 | K21: =A21 -> 45889 | M21: 0 | N21: =IF((L21-L22+M21)=L21,"0",(L21-L22+M21)) -> 0 | S21: =(2500*O21)+(2500*P21)+(500*Q21)+(500*R21) -> 0 | U21: =IF((S21-S22+T21)=S21,"0",(S21-S22+T21)) -> 0 | W21: =IF(V22-V21<0,"0",V22-V21) -> 0 | Y21: =IF((X22-X21)<0,"0",X22-X21) -> 0 | AB21: =IF((Z21-Z22+AA21)=Z21,"0",(Z21-Z22+AA21)) -> 0
A22: 45890 | C22: =IF((B23-B22)<0,"0",B23-B22) -> 0 | E22: =IF((D23-D22)<0,"0",D23-D22) -> 0 | F22: 1704 | G22: =F23-F22 -> 0 | H22: =C22+E22-G22 -> 0 | I22: =H22-K22-M22-O22-Q22 -> -45890 | J22: =I23-I22 -> -1 | K22: =A22 -> 45890 | M22: 0 | N22: =IF((L22-L23+M22)=L22,"0",(L22-L23+M22)) -> 0 | S22: =(2500*O22)+(2500*P22)+(500*Q22)+(500*R22) -> 0 | U22: =IF((S22-S23+T22)=S22,"0",(S22-S23+T22)) -> 0 | W22: =IF(V23-V22<0,"0",V23-V22) -> 0 | Y22: =IF((X23-X22)<0,"0",X23-X22) -> 0 | AB22: =IF((Z22-Z23+AA22)=Z22,"0",(Z22-Z23+AA22)) -> 0
A23: 45891 | C23: =IF((B24-B23)<0,"0",B24-B23) -> 0 | E23: =IF((D24-D23)<0,"0",D24-D23) -> 0 | F23: 1704 | G23: =F24-F23 -> 0 | H23: =C23+E23-G23 -> 0 | I23: =H23-K23-M23-O23-Q23 -> -45891 | J23: =I24-I23 -> -1 | K23: =A23 -> 45891 | M23: 0 | N23: =IF((L23-L24+M23)=L23,"0",(L23-L24+M23)) -> 0 | S23: =(2500*O23)+(2500*P23)+(500*Q23)+(500*R23) -> 0 | U23: =IF((S23-S24+T23)=S23,"0",(S23-S24+T23)) -> 0 | W23: =IF(V24-V23<0,"0",V24-V23) -> 0 | Y23: =IF((X24-X23)<0,"0",X24-X23) -> 0 | AB23: =IF((Z23-Z24+AA23)=Z23,"0",(Z23-Z24+AA23)) -> 0
A24: 45892 | C24: =IF((B25-B24)<0,"0",B25-B24) -> 0 | E24: =IF((D25-D24)<0,"0",D25-D24) -> 0 | F24: 1704 | G24: =F25-F24 -> 0 | H24: =C24+E24-G24 -> 0 | I24: =H24-K24-M24-O24-Q24 -> -45892 | J24: =I25-I24 -> -1 | K24: =A24 -> 45892 | M24: 0 | N24: =IF((L24-L25+M24)=L24,"0",(L24-L25+M24)) -> 0 | S24: =(2500*O24)+(2500*P24)+(500*Q24)+(500*R24) -> 0 | U24: =IF((S24-S25+T24)=S24,"0",(S24-S25+T24)) -> 0 | W24: =IF(V25-V24<0,"0",V25-V24) -> 0 | Y24: =IF((X25-X24)<0,"0",X25-X24) -> 0 | AB24: =IF((Z24-Z25+AA24)=Z24,"0",(Z24-Z25+AA24)) -> 0
A25: 45893 | C25: =IF((B26-B25)<0,"0",B26-B25) -> 0 | E25: =IF((D26-D25)<0,"0",D26-D25) -> 0 | F25: 1704 | G25: =F26-F25 -> 0 | H25: =C25+E25-G25 -> 0 | I25: =H25-K25-M25-O25-Q25 -> -45893 | J25: =I26-I25 -> -1 | K25: =A25 -> 45893 | M25: 0 | N25: =IF((L25-L26+M25)=L25,"0",(L25-L26+M25)) -> 0 | S25: =(2500*O25)+(2500*P25)+(500*Q25)+(500*R25) -> 0 | U25: =IF((S25-S26+T25)=S25,"0",(S25-S26+T25)) -> 0 | W25: =IF(V26-V25<0,"0",V26-V25) -> 0 | Y25: =IF((X26-X25)<0,"0",X26-X25) -> 0 | AB25: =IF((Z25-Z26+AA25)=Z25,"0",(Z25-Z26+AA25)) -> 0
A26: 45894 | C26: =IF((B27-B26)<0,"0",B27-B26) -> 0 | E26: =IF((D27-D26)<0,"0",D27-D26) -> 0 | F26: 1704 | G26: =F27-F26 -> 0 | H26: =C26+E26-G26 -> 0 | I26: =H26-K26-M26-O26-Q26 -> -45894 | J26: =I27-I26 -> -1 | K26: =A26 -> 45894 | M26: 0 | N26: =IF((L26-L27+M26)=L26,"0",(L26-L27+M26)) -> 0 | S26: =(2500*O26)+(2500*P26)+(500*Q26)+(500*R26) -> 0 | U26: =IF((S26-S27+T26)=S26,"0",(S26-S27+T26)) -> 0 | W26: =IF(V27-V26<0,"0",V27-V26) -> 0 | Y26: =IF((X27-X26)<0,"0",X27-X26) -> 0 | AB26: =IF((Z26-Z27+AA26)=Z26,"0",(Z26-Z27+AA26)) -> 0
A27: 45895 | C27: =IF((B28-B27)<0,"0",B28-B27) -> 0 | E27: =IF((D28-D27)<0,"0",D28-D27) -> 0 | F27: 1704 | G27: =F28-F27 -> 0 | H27: =C27+E27-G27 -> 0 | I27: =H27-K27-M27-O27-Q27 -> -45895 | J27: =I28-I27 -> -1 | K27: =A27 -> 45895 | M27: 0 | N27: =IF((L27-L28+M27)=L27,"0",(L27-L28+M27)) -> 0 | S27: =(2500*O27)+(2500*P27)+(500*Q27)+(500*R27) -> 0 | U27: =IF((S27-S28+T27)=S27,"0",(S27-S28+T27)) -> 0 | W27: =IF(V28-V27<0,"0",V28-V27) -> 0 | Y27: =IF((X28-X27)<0,"0",X28-X27) -> 0 | AB27: =IF((Z27-Z28+AA27)=Z27,"0",(Z27-Z28+AA27)) -> 0
A28: 45896 | C28: =IF((B29-B28)<0,"0",B29-B28) -> 0 | E28: =IF((D29-D28)<0,"0",D29-D28) -> 0 | F28: 1704 | G28: =F29-F28 -> 0 | H28: =C28+E28-G28 -> 0 | I28: =H28-K28-M28-O28-Q28 -> -45896 | J28: =I29-I28 -> -1 | K28: =A28 -> 45896 | M28: 0 | N28: =IF((L28-L29+M28)=L28,"0",(L28-L29+M28)) -> 0 | S28: =(2500*O28)+(2500*P28)+(500*Q28)+(500*R28) -> 0 | U28: =IF((S28-S29+T28)=S28,"0",(S28-S29+T28)) -> 0 | W28: =IF(V29-V28<0,"0",V29-V28) -> 0 | Y28: =IF((X29-X28)<0,"0",X29-X28) -> 0 | AB28: =IF((Z28-Z29+AA28)=Z28,"0",(Z28-Z29+AA28)) -> 0
A29: 45897 | C29: =IF((B30-B29)<0,"0",B30-B29) -> 0 | E29: =IF((D30-D29)<0,"0",D30-D29) -> 0 | F29: 1704 | G29: =F30-F29 -> 0 | H29: =C29+E29-G29 -> 0 | I29: =H29-K29-M29-O29-Q29 -> -45897 | J29: =I30-I29 -> -1 | K29: =A29 -> 45897 | M29: 0 | N29: =IF((L29-L30+M29)=L29,"0",(L29-L30+M29)) -> 0 | S29: =(2500*O29)+(2500*P29)+(500*Q29)+(500*R29) -> 0 | U29: =IF((S29-S30+T29)=S29,"0",(S29-S30+T29)) -> 0 | W29: =IF(V30-V29<0,"0",V30-V29) -> 0 | Y29: =IF((X30-X29)<0,"0",X30-X29) -> 0 | AB29: =IF((Z29-Z30+AA29)=Z29,"0",(Z29-Z30+AA29)) -> 0
A30: 45898 | C30: =IF((B31-B30)<0,"0",B31-B30) -> 0 | E30: =IF((D31-D30)<0,"0",D31-D30) -> 0 | F30: 1704 | G30: =F32-F30 -> 0 | H30: =C30+E30-G30 -> 0 | I30: =H30-K30-M30-O30-Q30 -> -45898 | J30: =I32-I30 -> -2 | K30: =A30 -> 45898 | M30: 0 | N30: =IF((L30-L31+M30)=L30,"0",(L30-L31+M30)) -> 0 | S30: =(2500*O30)+(2500*P30)+(500*Q30)+(500*R30) -> 0 | U30: =IF((S30-S32+T30)=S30,"0",(S30-S32+T30)) -> 0 | W30: =IF((U30-U32+V30)=U30,"0",(U30-U32+V30)) -> 0 | Y30: =IF((X32-X30)<0,"0",X32-X30) -> 0 | AB30: =IF((Z30-Z32+AA30)=Z30,"0",(Z30-Z32+AA30)) -> 0
A31: 45899 | C31: =IF((B32-B31)<0,"0",B32-B31) -> 0 | E31: =IF((D32-D31)<0,"0",D32-D31) -> 0 | F31: 1704 | G31: =F32-F31 -> 0 | H31: =C31+E31-G31 -> 0 | I31: =H31-K31-M31-O31-Q31 -> -45899 | J31: =I32-I31 -> -1 | K31: =A31 -> 45899 | M31: 0 | N31: =IF((L31-L32+M31)=L31,"0",(L31-L32+M31)) -> 0 | S31: =(2500*O31)+(2500*P31)+(500*Q31)+(500*R31) -> 0 | U31: =IF((S31-S32+T31)=S31,"0",(S31-S32+T31)) -> 0 | W31: =IF((U31-U32+V31)=U31,"0",(U31-U32+V31)) -> 0 | Y31: =IF((X32-X31)<0,"0",X32-X31) -> 0 | AB31: =IF((Z31-Z32+AA31)=Z31,"0",(Z31-Z32+AA31)) -> 0
A32: 45900 | C32: =IF((B33-B32)<0,"0",B33-B32) -> 0 | E32: =IF((D33-D32)<0,"0",D33-D32) -> 0 | F32: 1704 | G32: =F33-F32 -> 0 | H32: =C32+E32-G32 -> 0 | I32: =H32-K32-M32-O32-Q32 -> -45900 | J32: =I33-I32 -> 45900 | K32: =A32 -> 45900 | M32: 0 | N32: =IF((L32-L33+M32)=L32,"0",(L32-L33+M32)) -> 0 | S32: =(2500*O32)+(2500*P32)+(500*Q32)+(500*R32) -> 0 | U32: =IF((S32-S33+T32)=S32,"0",(S32-S33+T32)) -> 0 | W32: =IF((U32-U33+V32)=U32,"0",(U32-U33+V32)) -> 0 | Y32: =IF((X33-X32)<0,"0",X33-X32) -> 0 | AB32: =IF((Z32-Z33+AA32)=Z32,"0",(Z32-Z33+AA32)) -> 0
A33: 45901 | F33: 1704 | K33: =A33 -> 45901 | M33: 0 | N33: =IF((L33-L34+M33)=L33,"0",(L33-L34+M33)) -> 0 | S33: =(2500*O33)+(2500*P33)+(500*Q33)+(500*R33) -> 0 | AC33: 174 | AD33: 370
C34: =SUM(C2:C33) -> 186694 | E34: =SUM(E2:E33) -> 24981 | G34: =SUM(G2:G33) -> 0 | H34: =SUM(H2:H33) -> 211675 | I34: =SUM(I2:I32) -> -1210785.3 | J34: =SUM(J2:J33) -> 35288.33 | N34: =SUM(N2:N33) -> 0 | T34: =SUM(T2:T33) -> 3586 | U34: =SUM(U2:U33) -> 2741 | W34: =SUM(W2:W33) -> 2411 | Y34: =SUM(Y2:Y33) -> 0 | AA34: =SUM(AA2:AA33) -> 9500 | AB34: =SUM(AB2:AB33) -> 5830 | AC34: =SUM(AC2:AC33) -> 4288 | AD34: =SUM(AD2:AD33) -> 9660
