Workbook

Sheet Total
A1: Site Name | B1: Day | C1: Month | D1: Year | E1: Total Electricity Kwh | F1: Electricity Tariff ($/Kwh) | G1: LPG (Liters) | H1: LPG $/Liter | I1: Water Utility Supply (m3) m3 | J1: Water Utility Supply (m3) $/m3 | K1: District Energy Heating Kwh | L1: District Energy Heating $/Kwh | M1: Total Fuel Oil (Liter) | N1: Fuel Oil $/Liter | O1: Room Nights | P1: Total Guests
A2: Annabelle | B2: 1 | C2: 9 | D2: 2025 | E2: =IF('Septmeber 2025'!C2<0,"0",'Septmeber 2025'!C2)+(IF('Septmeber 2025'!E2<0,"0",'Septmeber 2025'!E2)-(IF('Septmeber 2025'!G2<0,"0",'Septmeber 2025'!G2))) -> 9485 | F2: =('Septmeber 2025'!C2*0.27)/('Septmeber 2025'!C2+'Septmeber 2025'!E2) -> 0.23393358 | G2: ='Septmeber 2025'!U2 -> 172 | H2: 0.62 | I2: ='Septmeber 2025'!W2 -> 103 | J2: 2.42 | K2: ='Septmeber 2025'!AB2*5.04 -> 0 | L2: 0.1151 | M2: ='Septmeber 2025'!M2 -> 0 | N2: 0.88 | O2: ='Septmeber 2025'!AC2 -> 140 | P2: ='Septmeber 2025'!AD2 -> 289
A3: Annabelle | B3: =B2+1 -> 2 | C3: 9 | D3: 2025 | E3: =IF('Septmeber 2025'!C3<0,"0",'Septmeber 2025'!C3)+(IF('Septmeber 2025'!E3<0,"0",'Septmeber 2025'!E3)-(IF('Septmeber 2025'!G3<0,"0",'Septmeber 2025'!G3))) -> 9264 | F3: =('Septmeber 2025'!C3*0.27)/('Septmeber 2025'!C3+'Septmeber 2025'!E3) -> 0.23750324 | G3: ='Septmeber 2025'!U3 -> 125 | H3: 0.62 | I3: ='Septmeber 2025'!W3 -> 94 | J3: 2.42 | K3: ='Septmeber 2025'!AB3*5.04 -> 0 | L3: 0.1151 | M3: ='Septmeber 2025'!M3 -> 0 | N3: 0.88 | O3: ='Septmeber 2025'!AC3 -> 132 | P3: ='Septmeber 2025'!AD3 -> 266
A4: Annabelle | B4: =B3+1 -> 3 | C4: 9 | D4: 2025 | E4: =IF('Septmeber 2025'!C4<0,"0",'Septmeber 2025'!C4)+(IF('Septmeber 2025'!E4<0,"0",'Septmeber 2025'!E4)-(IF('Septmeber 2025'!G4<0,"0",'Septmeber 2025'!G4))) -> 9892 | F4: =('Septmeber 2025'!C4*0.27)/('Septmeber 2025'!C4+'Septmeber 2025'!E4) -> 0.23577234 | G4: ='Septmeber 2025'!U4 -> 125 | H4: 0.62 | I4: ='Septmeber 2025'!W4 -> 111 | J4: 2.42 | K4: ='Septmeber 2025'!AB4*5.04 -> 0 | L4: 0.1151 | M4: ='Septmeber 2025'!M4 -> 0 | N4: 0.88 | O4: ='Septmeber 2025'!AC4 -> 154 | P4: ='Septmeber 2025'!AD4 -> 308
A5: Annabelle | B5: =B4+1 -> 4 | C5: 9 | D5: 2025 | E5: =IF('Septmeber 2025'!C5<0,"0",'Septmeber 2025'!C5)+(IF('Septmeber 2025'!E5<0,"0",'Septmeber 2025'!E5)-(IF('Septmeber 2025'!G5<0,"0",'Septmeber 2025'!G5))) -> 10960 | F5: =('Septmeber 2025'!C5*0.27)/('Septmeber 2025'!C5+'Septmeber 2025'!E5) -> 0.23928011 | G5: ='Septmeber 2025'!U5 -> 135 | H5: 0.62 | I5: ='Septmeber 2025'!W5 -> 117 | J5: 2.42 | K5: ='Septmeber 2025'!AB5*5.04 -> 0 | L5: 0.1151 | M5: ='Septmeber 2025'!M5 -> 0 | N5: 0.88 | O5: ='Septmeber 2025'!AC5 -> 219 | P5: ='Septmeber 2025'!AD5 -> 440
A6: Annabelle | B6: =B5+1 -> 5 | C6: 9 | D6: 2025 | E6: =IF('Septmeber 2025'!C6<0,"0",'Septmeber 2025'!C6)+(IF('Septmeber 2025'!E6<0,"0",'Septmeber 2025'!E6)-(IF('Septmeber 2025'!G6<0,"0",'Septmeber 2025'!G6))) -> 11489 | F6: =('Septmeber 2025'!C6*0.27)/('Septmeber 2025'!C6+'Septmeber 2025'!E6) -> 0.24013056 | G6: ='Septmeber 2025'!U6 -> 175 | H6: 0.62 | I6: ='Septmeber 2025'!W6 -> 139 | J6: 2.42 | K6: ='Septmeber 2025'!AB6*5.04 -> 0 | L6: 0.1151 | M6: ='Septmeber 2025'!M6 -> 0 | N6: 0.88 | O6: ='Septmeber 2025'!AC6 -> 228 | P6: ='Septmeber 2025'!AD6 -> 457
A7: Annabelle | B7: =B6+1 -> 6 | C7: 9 | D7: 2025 | E7: =IF('Septmeber 2025'!C7<0,"0",'Septmeber 2025'!C7)+(IF('Septmeber 2025'!E7<0,"0",'Septmeber 2025'!E7)-(IF('Septmeber 2025'!G7<0,"0",'Septmeber 2025'!G7))) -> 11834 | F7: =('Septmeber 2025'!C7*0.27)/('Septmeber 2025'!C7+'Septmeber 2025'!E7) -> 0.24086446 | G7: ='Septmeber 2025'!U7 -> 160 | H7: 0.62 | I7: ='Septmeber 2025'!W7 -> 143 | J7: 2.42 | K7: ='Septmeber 2025'!AB7*5.04 -> 0 | L7: 0.1151 | M7: ='Septmeber 2025'!M7 -> 0 | N7: 0.88 | O7: ='Septmeber 2025'!AC7 -> 241 | P7: ='Septmeber 2025'!AD7 -> 479
A8: Annabelle | B8: =B7+1 -> 7 | C8: 9 | D8: 2025 | E8: =IF('Septmeber 2025'!C8<0,"0",'Septmeber 2025'!C8)+(IF('Septmeber 2025'!E8<0,"0",'Septmeber 2025'!E8)-(IF('Septmeber 2025'!G8<0,"0",'Septmeber 2025'!G8))) -> 9943 | F8: =('Septmeber 2025'!C8*0.27)/('Septmeber 2025'!C8+'Septmeber 2025'!E8) -> 0.23657246 | G8: ='Septmeber 2025'!U8 -> 145 | H8: 0.62 | I8: ='Septmeber 2025'!W8 -> 128 | J8: 2.42 | K8: ='Septmeber 2025'!AB8*5.04 -> 50.4 | L8: 0.1151 | M8: ='Septmeber 2025'!M8 -> 0 | N8: 0.88 | O8: ='Septmeber 2025'!AC8 -> 176 | P8: ='Septmeber 2025'!AD8 -> 345
A9: Annabelle | B9: =B8+1 -> 8 | C9: 9 | D9: 2025 | E9: =IF('Septmeber 2025'!C9<0,"0",'Septmeber 2025'!C9)+(IF('Septmeber 2025'!E9<0,"0",'Septmeber 2025'!E9)-(IF('Septmeber 2025'!G9<0,"0",'Septmeber 2025'!G9))) -> 8980 | F9: =('Septmeber 2025'!C9*0.27)/('Septmeber 2025'!C9+'Septmeber 2025'!E9) -> 0.23337862 | G9: ='Septmeber 2025'!U9 -> 50 | H9: 0.62 | I9: ='Septmeber 2025'!W9 -> 114 | J9: 2.42 | K9: ='Septmeber 2025'!AB9*5.04 -> 0 | L9: 0.1151 | M9: ='Septmeber 2025'!M9 -> 0 | N9: 0.88 | O9: ='Septmeber 2025'!AC9 -> 188 | P9: ='Septmeber 2025'!AD9 -> 369
A10: Annabelle | B10: =B9+1 -> 9 | C10: 9 | D10: 2025 | E10: =IF('Septmeber 2025'!C10<0,"0",'Septmeber 2025'!C10)+(IF('Septmeber 2025'!E10<0,"0",'Septmeber 2025'!E10)-(IF('Septmeber 2025'!G10<0,"0",'Septmeber 2025'!G10))) -> 9029 | F10: =('Septmeber 2025'!C10*0.27)/('Septmeber 2025'!C10+'Septmeber 2025'!E10) -> 0.23211208 | G10: ='Septmeber 2025'!U10 -> 110 | H10: 0.62 | I10: ='Septmeber 2025'!W10 -> 116 | J10: 2.42 | K10: ='Septmeber 2025'!AB10*5.04 -> 0 | L10: 0.1151 | M10: ='Septmeber 2025'!M10 -> 0 | N10: 0.88 | O10: ='Septmeber 2025'!AC10 -> 200 | P10: ='Septmeber 2025'!AD10 -> 390
A11: Annabelle | B11: =B10+1 -> 10 | C11: 9 | D11: 2025 | E11: =IF('Septmeber 2025'!C11<0,"0",'Septmeber 2025'!C11)+(IF('Septmeber 2025'!E11<0,"0",'Septmeber 2025'!E11)-(IF('Septmeber 2025'!G11<0,"0",'Septmeber 2025'!G11))) -> 10434 | F11: =('Septmeber 2025'!C11*0.27)/('Septmeber 2025'!C11+'Septmeber 2025'!E11) -> 0.24176826 | G11: ='Septmeber 2025'!U11 -> 150 | H11: 0.62 | I11: ='Septmeber 2025'!W11 -> 122 | J11: 2.42 | K11: ='Septmeber 2025'!AB11*5.04 -> 0 | L11: 0.1151 | M11: ='Septmeber 2025'!M11 -> 0 | N11: 0.88 | O11: ='Septmeber 2025'!AC11 -> 216 | P11: ='Septmeber 2025'!AD11 -> 425
A12: Annabelle | B12: =B11+1 -> 11 | C12: 9 | D12: 2025 | E12: =IF('Septmeber 2025'!C12<0,"0",'Septmeber 2025'!C12)+(IF('Septmeber 2025'!E12<0,"0",'Septmeber 2025'!E12)-(IF('Septmeber 2025'!G12<0,"0",'Septmeber 2025'!G12))) -> 10333 | F12: =('Septmeber 2025'!C12*0.27)/('Septmeber 2025'!C12+'Septmeber 2025'!E12) -> 0.23705023 | G12: ='Septmeber 2025'!U12 -> 145 | H12: 0.62 | I12: ='Septmeber 2025'!W12 -> 123 | J12: 2.42 | K12: ='Septmeber 2025'!AB12*5.04 -> 0 | L12: 0.1151 | M12: ='Septmeber 2025'!M12 -> 0 | N12: 0.88 | O12: ='Septmeber 2025'!AC12 -> 229 | P12: ='Septmeber 2025'!AD12 -> 450
A13: Annabelle | B13: =B12+1 -> 12 | C13: 9 | D13: 2025 | E13: =IF('Septmeber 2025'!C13<0,"0",'Septmeber 2025'!C13)+(IF('Septmeber 2025'!E13<0,"0",'Septmeber 2025'!E13)-(IF('Septmeber 2025'!G13<0,"0",'Septmeber 2025'!G13))) -> 10249 | F13: =('Septmeber 2025'!C13*0.27)/('Septmeber 2025'!C13+'Septmeber 2025'!E13) -> 0.23757049 | G13: ='Septmeber 2025'!U13 -> 115 | H13: 0.62 | I13: ='Septmeber 2025'!W13 -> 124 | J13: 2.42 | K13: ='Septmeber 2025'!AB13*5.04 -> 0 | L13: 0.1151 | M13: ='Septmeber 2025'!M13 -> 0 | N13: 0.88 | O13: ='Septmeber 2025'!AC13 -> 231 | P13: ='Septmeber 2025'!AD13 -> 459
A14: Annabelle | B14: =B13+1 -> 13 | C14: 9 | D14: 2025 | E14: =IF('Septmeber 2025'!C14<0,"0",'Septmeber 2025'!C14)+(IF('Septmeber 2025'!E14<0,"0",'Septmeber 2025'!E14)-(IF('Septmeber 2025'!G14<0,"0",'Septmeber 2025'!G14))) -> 11582 | F14: =('Septmeber 2025'!C14*0.27)/('Septmeber 2025'!C14+'Septmeber 2025'!E14) -> 0.24123295 | G14: ='Septmeber 2025'!U14 -> 165 | H14: 0.62 | I14: ='Septmeber 2025'!W14 -> 137 | J14: 2.42 | K14: ='Septmeber 2025'!AB14*5.04 -> 0 | L14: 0.1151 | M14: ='Septmeber 2025'!M14 -> 0 | N14: 0.88 | O14: ='Septmeber 2025'!AC14 -> 231 | P14: ='Septmeber 2025'!AD14 -> 458
... A31: Annabelle | B31: =B30+1 -> 30 | C31: 9 | D31: 2025 | E31: =IF('Septmeber 2025'!C31<0,"0",'Septmeber 2025'!C31)+(IF('Septmeber 2025'!E31<0,"0",'Septmeber 2025'!E31)-(IF('Septmeber 2025'!G31<0,"0",'Septmeber 2025'!G31))) -> 0 | F31: =('Septmeber 2025'!C31*0.27)/('Septmeber 2025'!C31+'Septmeber 2025'!E31) -> #DIV/0! | G31: ='Septmeber 2025'!U31 -> 0 | H31: 0.62 | I31: ='Septmeber 2025'!W31 -> 0 | J31: 2.42 | K31: ='Septmeber 2025'!AB31*5.04 -> 0 | L31: 0.1151 | M31: ='Septmeber 2025'!M31 -> 0 | N31: 0.88 | O31: ='Septmeber 2025'!AC31 -> 0 | P31: ='Septmeber 2025'!AD31 -> 0

Sheet Septmeber 2025
A1: Date | B1: Purchased Electricity (Kwh) Reading | C1: BOUGHT | D1: Total Renewable Energy Production (Kwh) Reading | E1: PRODUCED | F1: Total Renewable Energy Exported (KWh) Reading | G1: SOLD | H1: HOTEL Electricity (KWh) Consumed incl. --> | I1: HOTEL Electricity (KWh) Consumed excl. --> | J1: Consumed | K1: Date | L1: Fuel Oil Hot-Water Boilers (Liter) Reading | M1: Fuel Oil (Liter) Received | N1: Consumed | O1: LPG % TANK 1 | P1: LPG % TANK 2 | Q1: LPG % TANK 3 | R1: LPG % TANK 4 | S1: LPG (Liter) Reading | T1: LPG (Liter) Received | U1: Consumed | V1: Water Utility Supply (m3) Reading | W1: Consumed | X1: Irrigation Water Supply (m3) Reading | Y1: Consumed | Z1: Pellets (Kg) Reading | AA1: Pellets (Kg) Received | AB1: Consumed | AC1: Room Nights | AD1: Guest Nights
A2: 45901 | B2: 793370 | C2: =IF((B3-B2)<0,"0",B3-B2) -> 8218 | D2: 910399 | E2: =IF((D3-D2)<0,"0",D3-D2) -> 1267 | F2: 1704 | G2: =F3-F2 -> 0 | H2: =C2+E2-G2 -> 9485 | I2: =H2-K2-M2-O2-Q2 -> -36417.06 | J2: =I3-I2 -> -222.62 | K2: =A2 -> 45901 | L2: 7935 | M2: 0 | N2: =IF((L2-L3+M2)=L2,"0",(L2-L3+M2)) -> 0 | O2: 0.58 | P2: 0.64 | Q2: 0.48 | R2: 0.5 | S2: =(2500*O2)+(2500*P2)+(500*Q2)+(500*R2) -> 3540 | T2: 1507 | U2: =IF((S2-S3+T2)=S2,"0",(S2-S3+T2)) -> 172 | V2: 27757 | W2: =IF(V3-V2<0,"0",V3-V2) -> 103 | X2: 61265 | Y2: =IF((X3-X2)<0,"0",X3-X2) -> 0 | Z2: 3630 | AB2: =IF((Z2-Z3+AA2)=Z2,"0",(Z2-Z3+AA2)) -> 0 | AC2: 140 | AD2: 289
A3: 45902 | B3: 801588 | C3: =IF((B4-B3)<0,"0",B4-B3) -> 8149 | D3: 911666 | E3: =IF((D4-D3)<0,"0",D4-D3) -> 1115 | F3: 1704 | G3: =F4-F3 -> 0 | H3: =C3+E3-G3 -> 9264 | I3: =H3-K3-M3-O3-Q3 -> -36639.68 | J3: =I4-I3 -> 627.06 | K3: =A3 -> 45902 | L3: 7935 | M3: 0 | N3: =IF((L3-L4+M3)=L3,"0",(L3-L4+M3)) -> 0 | O3: 0.82 | P3: 0.8 | Q3: 0.86 | R3: 0.79 | S3: =(2500*O3)+(2500*P3)+(500*Q3)+(500*R3) -> 4875 | U3: =IF((S3-S4+T3)=S3,"0",(S3-S4+T3)) -> 125 | V3: 27860 | W3: =IF(V4-V3<0,"0",V4-V3) -> 94 | X3: 61265 | Y3: =IF((X4-X3)<0,"0",X4-X3) -> 0 | Z3: 3630 | AB3: =IF((Z3-Z4+AA3)=Z3,"0",(Z3-Z4+AA3)) -> 0 | AC3: 132 | AD3: 266
A4: 45903 | B4: 809737 | C4: =IF((B5-B4)<0,"0",B5-B4) -> 8638 | D4: 912781 | E4: =IF((D5-D4)<0,"0",D5-D4) -> 1254 | F4: 1704 | G4: =F5-F4 -> 0 | H4: =C4+E4-G4 -> 9892 | I4: =H4-K4-M4-O4-Q4 -> -36012.62 | J4: =I5-I4 -> 1067.05 | K4: =A4 -> 45903 | L4: 7935 | M4: 0 | N4: =IF((L4-L5+M4)=L4,"0",(L4-L5+M4)) -> 0 | O4: 0.8 | P4: 0.79 | Q4: 0.82 | R4: 0.73 | S4: =(2500*O4)+(2500*P4)+(500*Q4)+(500*R4) -> 4750 | U4: =IF((S4-S5+T4)=S4,"0",(S4-S5+T4)) -> 125 | V4: 27954 | W4: =IF(V5-V4<0,"0",V5-V4) -> 111 | X4: 61265 | Y4: =IF((X5-X4)<0,"0",X5-X4) -> 0 | Z4: 3630 | AB4: =IF((Z4-Z5+AA4)=Z4,"0",(Z4-Z5+AA4)) -> 0 | AC4: 154 | AD4: 308
A5: 45904 | B5: 818375 | C5: =IF((B6-B5)<0,"0",B6-B5) -> 9713 | D5: 914035 | E5: =IF((D6-D5)<0,"0",D6-D5) -> 1247 | F5: 1704 | G5: =F6-F5 -> 0 | H5: =C5+E5-G5 -> 10960 | I5: =H5-K5-M5-O5-Q5 -> -34945.57 | J5: =I6-I5 -> 528.07 | K5: =A5 -> 45904 | L5: 7935 | M5: 0 | N5: =IF((L5-L6+M5)=L5,"0",(L5-L6+M5)) -> 0 | O5: 0.77 | P5: 0.78 | Q5: 0.8 | R5: 0.7 | S5: =(2500*O5)+(2500*P5)+(500*Q5)+(500*R5) -> 4625 | U5: =IF((S5-S6+T5)=S5,"0",(S5-S6+T5)) -> 135 | V5: 28065 | W5: =IF(V6-V5<0,"0",V6-V5) -> 117 | X5: 61265 | Y5: =IF((X6-X5)<0,"0",X6-X5) -> 0 | Z5: 3630 | AB5: =IF((Z5-Z6+AA5)=Z5,"0",(Z5-Z6+AA5)) -> 0 | AC5: 219 | AD5: 440
A6: 45905 | B6: 828088 | C6: =IF((B7-B6)<0,"0",B7-B6) -> 10218 | D6: 915282 | E6: =IF((D7-D6)<0,"0",D7-D6) -> 1271 | F6: 1704 | G6: =F7-F6 -> 0 | H6: =C6+E6-G6 -> 11489 | I6: =H6-K6-M6-O6-Q6 -> -34417.5 | J6: =I7-I6 -> 344.12 | K6: =A6 -> 45905 | L6: 7935 | M6: 0 | N6: =IF((L6-L7+M6)=L6,"0",(L6-L7+M6)) -> 0 | O6: 0.75 | P6: 0.76 | Q6: 0.75 | R6: 0.68 | S6: =(2500*O6)+(2500*P6)+(500*Q6)+(500*R6) -> 4490 | U6: =IF((S6-S7+T6)=S6,"0",(S6-S7+T6)) -> 175 | V6: 28182 | W6: =IF(V7-V6<0,"0",V7-V6) -> 139 | X6: 61265 | Y6: =IF((X7-X6)<0,"0",X7-X6) -> 0 | Z6: 3630 | AB6: =IF((Z6-Z7+AA6)=Z6,"0",(Z6-Z7+AA6)) -> 0 | AC6: 228 | AD6: 457
A7: 45906 | B7: 838306 | C7: =IF((B8-B7)<0,"0",B8-B7) -> 10557 | D7: 916553 | E7: =IF((D8-D7)<0,"0",D8-D7) -> 1277 | F7: 1704 | G7: =F8-F7 -> 0 | H7: =C7+E7-G7 -> 11834 | I7: =H7-K7-M7-O7-Q7 -> -34073.38 | J7: =I8-I7 -> -1891.92 | K7: =A7 -> 45906 | L7: 7935 | M7: 0 | N7: =IF((L7-L8+M7)=L7,"0",(L7-L8+M7)) -> 0 | O7: 0.73 | P7: 0.74 | Q7: 0.65 | R7: 0.63 | S7: =(2500*O7)+(2500*P7)+(500*Q7)+(500*R7) -> 4315 | U7: =IF((S7-S8+T7)=S7,"0",(S7-S8+T7)) -> 160 | V7: 28321 | W7: =IF(V8-V7<0,"0",V8-V7) -> 143 | X7: 61265 | Y7: =IF((X8-X7)<0,"0",X8-X7) -> 0 | Z7: 3630 | AB7: =IF((Z7-Z8+AA7)=Z7,"0",(Z7-Z8+AA7)) -> 0 | AC7: 241 | AD7: 479
A8: 45907 | B8: 848863 | C8: =IF((B9-B8)<0,"0",B9-B8) -> 8712 | D8: 917830 | E8: =IF((D9-D8)<0,"0",D9-D8) -> 1231 | F8: 1704 | G8: =F9-F8 -> 0 | H8: =C8+E8-G8 -> 9943 | I8: =H8-K8-M8-O8-Q8 -> -35965.3 | J8: =I9-I8 -> -963.95 | K8: =A8 -> 45907 | L8: 7935 | M8: 0 | N8: =IF((L8-L9+M8)=L8,"0",(L8-L9+M8)) -> 0 | O8: 0.7 | P8: 0.73 | Q8: 0.6 | R8: 0.56 | S8: =(2500*O8)+(2500*P8)+(500*Q8)+(500*R8) -> 4155 | U8: =IF((S8-S9+T8)=S8,"0",(S8-S9+T8)) -> 145 | V8: 28464 | W8: =IF(V9-V8<0,"0",V9-V8) -> 128 | X8: 61265 | Y8: =IF((X9-X8)<0,"0",X9-X8) -> 0 | Z8: 3630 | AB8: =IF((Z8-Z9+AA8)=Z8,"0",(Z8-Z9+AA8)) -> 10 | AC8: 176 | AD8: 345
A9: 45908 | B9: 857575 | C9: =IF((B10-B9)<0,"0",B10-B9) -> 7762 | D9: 919061 | E9: =IF((D10-D9)<0,"0",D10-D9) -> 1218 | F9: 1704 | G9: =F10-F9 -> 0 | H9: =C9+E9-G9 -> 8980 | I9: =H9-K9-M9-O9-Q9 -> -36929.25 | J9: =I10-I9 -> 47.62 | K9: =A9 -> 45908 | L9: 7935 | M9: 0 | N9: =IF((L9-L10+M9)=L9,"0",(L9-L10+M9)) -> 0 | O9: 0.68 | P9: 0.7 | Q9: 0.57 | R9: 0.55 | S9: =(2500*O9)+(2500*P9)+(500*Q9)+(500*R9) -> 4010 | T9: 825 | U9: =IF((S9-S10+T9)=S9,"0",(S9-S10+T9)) -> 50 | V9: 28592 | W9: =IF(V10-V9<0,"0",V10-V9) -> 114 | X9: 61265 | Y9: =IF((X10-X9)<0,"0",X10-X9) -> 0 | Z9: 3620 | AB9: =IF((Z9-Z10+AA9)=Z9,"0",(Z9-Z10+AA9)) -> 0 | AC9: 188 | AD9: 369
A10: 45909 | B10: 865337 | C10: =IF((B11-B10)<0,"0",B11-B10) -> 7762 | D10: 920279 | E10: =IF((D11-D10)<0,"0",D11-D10) -> 1267 | F10: 1704 | G10: =F11-F10 -> 0 | H10: =C10+E10-G10 -> 9029 | I10: =H10-K10-M10-O10-Q10 -> -36881.63 | J10: =I11-I10 -> 1404.05 | K10: =A10 -> 45909 | L10: 7935 | M10: 0 | N10: =IF((L10-L11+M10)=L10,"0",(L10-L11+M10)) -> 0 | O10: 0.8 | P10: 0.8 | Q10: 0.83 | R10: 0.74 | S10: =(2500*O10)+(2500*P10)+(500*Q10)+(500*R10) -> 4785 | U10: =IF((S10-S11+T10)=S10,"0",(S10-S11+T10)) -> 110 | V10: 28706 | W10: =IF(V11-V10<0,"0",V11-V10) -> 116 | X10: 61265 | Y10: =IF((X11-X10)<0,"0",X11-X10) -> 0 | Z10: 3620 | AB10: =IF((Z10-Z11+AA10)=Z10,"0",(Z10-Z11+AA10)) -> 0 | AC10: 200 | AD10: 390
A11: 45910 | B11: 873099 | C11: =IF((B12-B11)<0,"0",B12-B11) -> 9343 | D11: 921546 | E11: =IF((D12-D11)<0,"0",D12-D11) -> 1091 | F11: 1704 | G11: =F12-F11 -> 0 | H11: =C11+E11-G11 -> 10434 | I11: =H11-K11-M11-O11-Q11 -> -35477.58 | J11: =I12-I11 -> -101.9 | K11: =A11 -> 45910 | L11: 7935 | M11: 0 | N11: =IF((L11-L12+M11)=L11,"0",(L11-L12+M11)) -> 0 | O11: 0.79 | P11: 0.78 | Q11: 0.79 | R11: 0.71 | S11: =(2500*O11)+(2500*P11)+(500*Q11)+(500*R11) -> 4675 | U11: =IF((S11-S12+T11)=S11,"0",(S11-S12+T11)) -> 150 | V11: 28822 | W11: =IF(V12-V11<0,"0",V12-V11) -> 122 | X11: 61265 | Y11: =IF((X12-X11)<0,"0",X12-X11) -> 0 | Z11: 3620 | AB11: =IF((Z11-Z12+AA11)=Z11,"0",(Z11-Z12+AA11)) -> 0 | AC11: 216 | AD11: 425
A12: 45911 | B12: 882442 | C12: =IF((B13-B12)<0,"0",B13-B12) -> 9072 | D12: 922637 | E12: =IF((D13-D12)<0,"0",D13-D12) -> 1261 | F12: 1704 | G12: =F13-F12 -> 0 | H12: =C12+E12-G12 -> 10333 | I12: =H12-K12-M12-O12-Q12 -> -35579.48 | J12: =I13-I12 -> -84.91 | K12: =A12 -> 45911 | L12: 7935 | M12: 0 | N12: =IF((L12-L13+M12)=L12,"0",(L12-L13+M12)) -> 0 | O12: 0.78 | P12: 0.76 | Q12: 0.7 | R12: 0.65 | S12: =(2500*O12)+(2500*P12)+(500*Q12)+(500*R12) -> 4525 | U12: =IF((S12-S13+T12)=S12,"0",(S12-S13+T12)) -> 145 | V12: 28944 | W12: =IF(V13-V12<0,"0",V13-V12) -> 123 | X12: 61265 | Y12: =IF((X13-X12)<0,"0",X13-X12) -> 0 | Z12: 3620 | AB12: =IF((Z12-Z13+AA12)=Z12,"0",(Z12-Z13+AA12)) -> 0 | AC12: 229 | AD12: 450
A13: 45912 | B13: 891514 | C13: =IF((B14-B13)<0,"0",B14-B13) -> 9018 | D13: 923898 | E13: =IF((D14-D13)<0,"0",D14-D13) -> 1231 | F13: 1704 | G13: =F14-F13 -> 0 | H13: =C13+E13-G13 -> 10249 | I13: =H13-K13-M13-O13-Q13 -> -35664.39 | J13: =I14-I13 -> 1332.08 | K13: =A13 -> 45912 | L13: 7935 | M13: 0 | N13: =IF((L13-L14+M13)=L13,"0",(L13-L14+M13)) -> 0 | O13: 0.75 | P13: 0.75 | Q13: 0.64 | R13: 0.62 | S13: =(2500*O13)+(2500*P13)+(500*Q13)+(500*R13) -> 4380 | U13: =IF((S13-S14+T13)=S13,"0",(S13-S14+T13)) -> 115 | V13: 29067 | W13: =IF(V14-V13<0,"0",V14-V13) -> 124 | X13: 61265 | Y13: =IF((X14-X13)<0,"0",X14-X13) -> 0 | Z13: 3620 | AB13: =IF((Z13-Z14+AA13)=Z13,"0",(Z13-Z14+AA13)) -> 0 | AC13: 231 | AD13: 459
A14: 45913 | B14: 900532 | C14: =IF((B15-B14)<0,"0",B15-B14) -> 10348 | D14: 925129 | E14: =IF((D15-D14)<0,"0",D15-D14) -> 1234 | F14: 1704 | G14: =F15-F14 -> 0 | H14: =C14+E14-G14 -> 11582 | I14: =H14-K14-M14-O14-Q14 -> -34332.31 | J14: =I15-I14 -> -1359.93 | K14: =A14 -> 45913 | L14: 7935 | M14: 0 | N14: =IF((L14-L15+M14)=L14,"0",(L14-L15+M14)) -> 0 | O14: 0.73 | P14: 0.75 | Q14: 0.58 | R14: 0.55 | S14: =(2500*O14)+(2500*P14)+(500*Q14)+(500*R14) -> 4265 | U14: =IF((S14-S15+T14)=S14,"0",(S14-S15+T14)) -> 165 | V14: 29191 | W14: =IF(V15-V14<0,"0",V15-V14) -> 137 | X14: 61265 | Y14: =IF((X15-X14)<0,"0",X15-X14) -> 0 | Z14: 3620 | AB14: =IF((Z14-Z15+AA14)=Z14,"0",(Z14-Z15+AA14)) -> 0 | AC14: 231 | AD14: 458
A15: 45914 | B15: 910880 | C15: =IF((B16-B15)<0,"0",B16-B15) -> 9009 | D15: 926363 | E15: =IF((D16-D15)<0,"0",D16-D15) -> 1214 | F15: 1704 | G15: =F16-F15 -> 0 | H15: =C15+E15-G15 -> 10223 | I15: =H15-K15-M15-O15-Q15 -> -35692.24 | J15: =I16-I15 -> -10223.97 | K15: =A15 -> 45914 | L15: 7935 | M15: 0 | N15: =IF((L15-L16+M15)=L15,"0",(L15-L16+M15)) -> 0 | O15: 0.69 | P15: 0.73 | Q15: 0.55 | R15: 0.55 | S15: =(2500*O15)+(2500*P15)+(500*Q15)+(500*R15) -> 4100 | U15: =IF((S15-S16+T15)=S15,"0",(S15-S16+T15)) -> 50 | V15: 29328 | W15: =IF(V16-V15<0,"0",V16-V15) -> 118 | X15: 61265 | Y15: =IF((X16-X15)<0,"0",X16-X15) -> 0 | Z15: 3620 | AB15: =IF((Z15-Z16+AA15)=Z15,"0",(Z15-Z16+AA15)) -> 0 | AC15: 198 | AD15: 384
A16: 45915 | B16: 919889 | C16: =IF((B17-B16)<0,"0",B17-B16) -> 0 | D16: 927577 | E16: =IF((D17-D16)<0,"0",D17-D16) -> 0 | F16: 1704 | G16: =F17-F16 -> 0 | H16: =C16+E16-G16 -> 0 | I16: =H16-K16-M16-O16-Q16 -> -45916.21 | J16: =I17-I16 -> 0.21 | K16: =A16 -> 45915 | L16: 7935 | M16: 0 | N16: =IF((L16-L17+M16)=L16,"0",(L16-L17+M16)) -> 0 | O16: 0.69 | P16: 0.72 | Q16: 0.52 | R16: 0.53 | S16: =(2500*O16)+(2500*P16)+(500*Q16)+(500*R16) -> 4050 | T16: 886 | U16: =IF((S16-S17+T16)=S16,"0",(S16-S17+T16)) -> 4936 | V16: 29446 | W16: =IF(V17-V16<0,"0",V17-V16) -> 0 | X16: 61265 | Y16: =IF((X17-X16)<0,"0",X17-X16) -> 0 | Z16: 3620 | AB16: =IF((Z16-Z17+AA16)=Z16,"0",(Z16-Z17+AA16)) -> 0 | AC16: 194 | AD16: 372
A17: 45916 | C17: =IF((B18-B17)<0,"0",B18-B17) -> 0 | E17: =IF((D18-D17)<0,"0",D18-D17) -> 0 | F17: 1704 | G17: =F18-F17 -> 0 | H17: =C17+E17-G17 -> 0 | I17: =H17-K17-M17-O17-Q17 -> -45916 | J17: =I18-I17 -> -1 | K17: =A17 -> 45916 | M17: 0 | N17: =IF((L17-L18+M17)=L17,"0",(L17-L18+M17)) -> 0 | S17: =(2500*O17)+(2500*P17)+(500*Q17)+(500*R17) -> 0 | U17: =IF((S17-S18+T17)=S17,"0",(S17-S18+T17)) -> 0 | W17: =IF(V18-V17<0,"0",V18-V17) -> 0 | Y17: =IF((X18-X17)<0,"0",X18-X17) -> 0 | AB17: =IF((Z17-Z18+AA17)=Z17,"0",(Z17-Z18+AA17)) -> 0
A18: 45917 | C18: =IF((B19-B18)<0,"0",B19-B18) -> 0 | E18: =IF((D19-D18)<0,"0",D19-D18) -> 0 | F18: 1704 | G18: =F19-F18 -> 0 | H18: =C18+E18-G18 -> 0 | I18: =H18-K18-M18-O18-Q18 -> -45917 | J18: =I19-I18 -> -1 | K18: =A18 -> 45917 | M18: 0 | N18: =IF((L18-L19+M18)=L18,"0",(L18-L19+M18)) -> 0 | S18: =(2500*O18)+(2500*P18)+(500*Q18)+(500*R18) -> 0 | U18: =IF((S18-S19+T18)=S18,"0",(S18-S19+T18)) -> 0 | W18: =IF(V19-V18<0,"0",V19-V18) -> 0 | Y18: =IF((X19-X18)<0,"0",X19-X18) -> 0 | AB18: =IF((Z18-Z19+AA18)=Z18,"0",(Z18-Z19+AA18)) -> 0
A19: 45918 | C19: =IF((B20-B19)<0,"0",B20-B19) -> 0 | E19: =IF((D20-D19)<0,"0",D20-D19) -> 0 | F19: 1704 | G19: =F20-F19 -> 0 | H19: =C19+E19-G19 -> 0 | I19: =H19-K19-M19-O19-Q19 -> -45918 | J19: =I20-I19 -> -1 | K19: =A19 -> 45918 | M19: 0 | N19: =IF((L19-L20+M19)=L19,"0",(L19-L20+M19)) -> 0 | S19: =(2500*O19)+(2500*P19)+(500*Q19)+(500*R19) -> 0 | U19: =IF((S19-S20+T19)=S19,"0",(S19-S20+T19)) -> 0 | W19: =IF(V20-V19<0,"0",V20-V19) -> 0 | Y19: =IF((X20-X19)<0,"0",X20-X19) -> 0 | AB19: =IF((Z19-Z20+AA19)=Z19,"0",(Z19-Z20+AA19)) -> 0
A20: 45919 | C20: =IF((B21-B20)<0,"0",B21-B20) -> 0 | E20: =IF((D21-D20)<0,"0",D21-D20) -> 0 | F20: 1704 | G20: =F21-F20 -> 0 | H20: =C20+E20-G20 -> 0 | I20: =H20-K20-M20-O20-Q20 -> -45919 | J20: =I21-I20 -> -1 | K20: =A20 -> 45919 | M20: 0 | N20: =IF((L20-L21+M20)=L20,"0",(L20-L21+M20)) -> 0 | S20: =(2500*O20)+(2500*P20)+(500*Q20)+(500*R20) -> 0 | U20: =IF((S20-S21+T20)=S20,"0",(S20-S21+T20)) -> 0 | W20: =IF(V21-V20<0,"0",V21-V20) -> 0 | Y20: =IF((X21-X20)<0,"0",X21-X20) -> 0 | AB20: =IF((Z20-Z21+AA20)=Z20,"0",(Z20-Z21+AA20)) -> 0
A21: 45920 | C21: =IF((B22-B21)<0,"0",B22-B21) -> 0 | E21: =IF((D22-D21)<0,"0",D22-D21) -> 0 | F21: 1704 | G21: =F22-F21 -> 0 | H21: =C21+E21-G21 -> 0 | I21: =H21-K21-M21-O21-Q21 -> -45920 | J21: =I22-I21 -> -1 | K21: =A21 -> 45920 | M21: 0 | N21: =IF((L21-L22+M21)=L21,"0",(L21-L22+M21)) -> 0 | S21: =(2500*O21)+(2500*P21)+(500*Q21)+(500*R21) -> 0 | U21: =IF((S21-S22+T21)=S21,"0",(S21-S22+T21)) -> 0 | W21: =IF(V22-V21<0,"0",V22-V21) -> 0 | Y21: =IF((X22-X21)<0,"0",X22-X21) -> 0 | AB21: =IF((Z21-Z22+AA21)=Z21,"0",(Z21-Z22+AA21)) -> 0
A22: 45921 | C22: =IF((B23-B22)<0,"0",B23-B22) -> 0 | E22: =IF((D23-D22)<0,"0",D23-D22) -> 0 | F22: 1704 | G22: =F23-F22 -> 0 | H22: =C22+E22-G22 -> 0 | I22: =H22-K22-M22-O22-Q22 -> -45921 | J22: =I23-I22 -> -1 | K22: =A22 -> 45921 | M22: 0 | N22: =IF((L22-L23+M22)=L22,"0",(L22-L23+M22)) -> 0 | S22: =(2500*O22)+(2500*P22)+(500*Q22)+(500*R22) -> 0 | U22: =IF((S22-S23+T22)=S22,"0",(S22-S23+T22)) -> 0 | W22: =IF(V23-V22<0,"0",V23-V22) -> 0 | Y22: =IF((X23-X22)<0,"0",X23-X22) -> 0 | AB22: =IF((Z22-Z23+AA22)=Z22,"0",(Z22-Z23+AA22)) -> 0
A23: 45922 | C23: =IF((B24-B23)<0,"0",B24-B23) -> 0 | E23: =IF((D24-D23)<0,"0",D24-D23) -> 0 | F23: 1704 | G23: =F24-F23 -> 0 | H23: =C23+E23-G23 -> 0 | I23: =H23-K23-M23-O23-Q23 -> -45922 | J23: =I24-I23 -> -1 | K23: =A23 -> 45922 | M23: 0 | N23: =IF((L23-L24+M23)=L23,"0",(L23-L24+M23)) -> 0 | S23: =(2500*O23)+(2500*P23)+(500*Q23)+(500*R23) -> 0 | U23: =IF((S23-S24+T23)=S23,"0",(S23-S24+T23)) -> 0 | W23: =IF(V24-V23<0,"0",V24-V23) -> 0 | Y23: =IF((X24-X23)<0,"0",X24-X23) -> 0 | AB23: =IF((Z23-Z24+AA23)=Z23,"0",(Z23-Z24+AA23)) -> 0
A24: 45923 | C24: =IF((B25-B24)<0,"0",B25-B24) -> 0 | E24: =IF((D25-D24)<0,"0",D25-D24) -> 0 | F24: 1704 | G24: =F25-F24 -> 0 | H24: =C24+E24-G24 -> 0 | I24: =H24-K24-M24-O24-Q24 -> -45923 | J24: =I25-I24 -> -1 | K24: =A24 -> 45923 | M24: 0 | N24: =IF((L24-L25+M24)=L24,"0",(L24-L25+M24)) -> 0 | S24: =(2500*O24)+(2500*P24)+(500*Q24)+(500*R24) -> 0 | U24: =IF((S24-S25+T24)=S24,"0",(S24-S25+T24)) -> 0 | W24: =IF(V25-V24<0,"0",V25-V24) -> 0 | Y24: =IF((X25-X24)<0,"0",X25-X24) -> 0 | AB24: =IF((Z24-Z25+AA24)=Z24,"0",(Z24-Z25+AA24)) -> 0
A25: 45924 | C25: =IF((B26-B25)<0,"0",B26-B25) -> 0 | E25: =IF((D26-D25)<0,"0",D26-D25) -> 0 | F25: 1704 | G25: =F26-F25 -> 0 | H25: =C25+E25-G25 -> 0 | I25: =H25-K25-M25-O25-Q25 -> -45924 | J25: =I26-I25 -> -1 | K25: =A25 -> 45924 | M25: 0 | N25: =IF((L25-L26+M25)=L25,"0",(L25-L26+M25)) -> 0 | S25: =(2500*O25)+(2500*P25)+(500*Q25)+(500*R25) -> 0 | U25: =IF((S25-S26+T25)=S25,"0",(S25-S26+T25)) -> 0 | W25: =IF(V26-V25<0,"0",V26-V25) -> 0 | Y25: =IF((X26-X25)<0,"0",X26-X25) -> 0 | AB25: =IF((Z25-Z26+AA25)=Z25,"0",(Z25-Z26+AA25)) -> 0
A26: 45925 | C26: =IF((B27-B26)<0,"0",B27-B26) -> 0 | E26: =IF((D27-D26)<0,"0",D27-D26) -> 0 | F26: 1704 | G26: =F27-F26 -> 0 | H26: =C26+E26-G26 -> 0 | I26: =H26-K26-M26-O26-Q26 -> -45925 | J26: =I27-I26 -> -1 | K26: =A26 -> 45925 | M26: 0 | N26: =IF((L26-L27+M26)=L26,"0",(L26-L27+M26)) -> 0 | S26: =(2500*O26)+(2500*P26)+(500*Q26)+(500*R26) -> 0 | U26: =IF((S26-S27+T26)=S26,"0",(S26-S27+T26)) -> 0 | W26: =IF(V27-V26<0,"0",V27-V26) -> 0 | Y26: =IF((X27-X26)<0,"0",X27-X26) -> 0 | AB26: =IF((Z26-Z27+AA26)=Z26,"0",(Z26-Z27+AA26)) -> 0
A27: 45926 | C27: =IF((B28-B27)<0,"0",B28-B27) -> 0 | E27: =IF((D28-D27)<0,"0",D28-D27) -> 0 | F27: 1704 | G27: =F28-F27 -> 0 | H27: =C27+E27-G27 -> 0 | I27: =H27-K27-M27-O27-Q27 -> -45926 | J27: =I28-I27 -> -1 | K27: =A27 -> 45926 | M27: 0 | N27: =IF((L27-L28+M27)=L27,"0",(L27-L28+M27)) -> 0 | S27: =(2500*O27)+(2500*P27)+(500*Q27)+(500*R27) -> 0 | U27: =IF((S27-S28+T27)=S27,"0",(S27-S28+T27)) -> 0 | W27: =IF(V28-V27<0,"0",V28-V27) -> 0 | Y27: =IF((X28-X27)<0,"0",X28-X27) -> 0 | AB27: =IF((Z27-Z28+AA27)=Z27,"0",(Z27-Z28+AA27)) -> 0
A28: 45927 | C28: =IF((B29-B28)<0,"0",B29-B28) -> 0 | E28: =IF((D29-D28)<0,"0",D29-D28) -> 0 | F28: 1704 | G28: =F29-F28 -> 0 | H28: =C28+E28-G28 -> 0 | I28: =H28-K28-M28-O28-Q28 -> -45927 | J28: =I29-I28 -> -1 | K28: =A28 -> 45927 | M28: 0 | N28: =IF((L28-L29+M28)=L28,"0",(L28-L29+M28)) -> 0 | S28: =(2500*O28)+(2500*P28)+(500*Q28)+(500*R28) -> 0 | U28: =IF((S28-S29+T28)=S28,"0",(S28-S29+T28)) -> 0 | W28: =IF(V29-V28<0,"0",V29-V28) -> 0 | Y28: =IF((X29-X28)<0,"0",X29-X28) -> 0 | AB28: =IF((Z28-Z29+AA28)=Z28,"0",(Z28-Z29+AA28)) -> 0
... A31: 45930 | C31: =IF((B32-B31)<0,"0",B32-B31) -> 0 | E31: =IF((D32-D31)<0,"0",D32-D31) -> 0 | F31: 1704 | G31: =F32-F31 -> 0 | H31: =C31+E31-G31 -> 0 | I31: =H31-K31-M31-O31-Q31 -> -45930 | J31: =I32-I31 -> 45930 | K31: =A31 -> 45930 | M31: 0 | N31: =IF((L31-L32+M31)=L31,"0",(L31-L32+M31)) -> 0 | S31: =(2500*O31)+(2500*P31)+(500*Q31)+(500*R31) -> 0 | U31: =IF((S31-S32+T31)=S31,"0",(S31-S32+T31)) -> 0 | W31: =IF(V32-V31<0,"0",V32-V31) -> 0 | Y31: =IF((X32-X31)<0,"0",X32-X31) -> 0 | AB31: =IF((Z31-Z32+AA31)=Z31,"0",(Z31-Z32+AA31)) -> 0
A32: 45931 | F32: 1704 | K32: =A32 -> 45931 | M32: 0 | N32: =IF((L32-L33+M32)=L32,"0",(L32-L33+M32)) -> 0 | S32: =(2500*O32)+(2500*P32)+(500*Q32)+(500*R32) -> 0 | AC32: 174 | AD32: 370
C33: =SUM(C2:C32) -> 126519 | E33: =SUM(E2:E32) -> 17178 | G33: =SUM(G2:G32) -> 0 | H33: =SUM(H2:H32) -> 143697 | I33: =SUM(I2:I31) -> -1233789.2 | J33: =SUM(J2:J32) -> 36417.06 | N33: =SUM(N2:N32) -> 0 | T33: =SUM(T2:T32) -> 3218 | U33: =SUM(U2:U32) -> 6758 | W33: =SUM(W2:W32) -> 1689 | Y33: =SUM(Y2:Y32) -> 0 | AA33: =SUM(AA2:AA32) -> 0 | AB33: =SUM(AB2:AB32) -> 10 | AC33: =SUM(AC2:AC32) -> 3151 | AD33: =SUM(AD2:AD32) -> 6261
