Workbook

Sheet Total
A1: Site Name | B1: Day | C1: Month | D1: Year | E1: Total Electricity Kwh | F1: Electricity Tariff ($/Kwh) | G1: LPG (Liters) | H1: LPG $/Liter | I1: Water Utility Supply (m3) m3 | J1: Water Utility Supply (m3) $/m3 | K1: District Energy Heating Kwh | L1: District Energy Heating $/Kwh | M1: Total Fuel Oil (Liter) | N1: Fuel Oil $/Liter | O1: Room Nights | P1: Total Guests
A2: Annabelle | B2: 1 | C2: 10 | D2: 2025 | E2: =IF('October 2025'!C2<0,"0",'October 2025'!C2)+(IF('October 2025'!E2<0,"0",'October 2025'!E2)-(IF('October 2025'!G2<0,"0",'October 2025'!G2))) -> 9270 | F2: =('October 2025'!C2*0.27)/('October 2025'!C2+'October 2025'!E2) -> 0.23863107 | G2: ='October 2025'!U2 -> 90 | H2: 0.62 | I2: ='October 2025'!W2 -> 122 | J2: 2.42 | K2: ='October 2025'!AB2*5.04 -> 0 | L2: 0.1151 | M2: ='October 2025'!M2 -> 0 | N2: 0.88 | O2: ='October 2025'!AC2 -> 232 | P2: ='October 2025'!AD2 -> 399
A3: Annabelle | B3: =B2+1 -> 2 | C3: 10 | D3: 2025 | E3: =IF('October 2025'!C3<0,"0",'October 2025'!C3)+(IF('October 2025'!E3<0,"0",'October 2025'!E3)-(IF('October 2025'!G3<0,"0",'October 2025'!G3))) -> 8936 | F3: =('October 2025'!C3*0.27)/('October 2025'!C3+'October 2025'!E3) -> 0.23703559 | G3: ='October 2025'!U3 -> 130 | H3: 0.62 | I3: ='October 2025'!W3 -> 123 | J3: 2.42 | K3: ='October 2025'!AB3*5.04 -> 0 | L3: 0.1151 | M3: ='October 2025'!M3 -> 0 | N3: 0.88 | O3: ='October 2025'!AC3 -> 241 | P3: ='October 2025'!AD3 -> 415
A4: Annabelle | B4: =B3+1 -> 3 | C4: 10 | D4: 2025 | E4: =IF('October 2025'!C4<0,"0",'October 2025'!C4)+(IF('October 2025'!E4<0,"0",'October 2025'!E4)-(IF('October 2025'!G4<0,"0",'October 2025'!G4))) -> 8342 | F4: =('October 2025'!C4*0.27)/('October 2025'!C4+'October 2025'!E4) -> 0.23705107 | G4: ='October 2025'!U4 -> 210 | H4: 0.62 | I4: ='October 2025'!W4 -> 128 | J4: 2.42 | K4: ='October 2025'!AB4*5.04 -> 0 | L4: 0.1151 | M4: ='October 2025'!M4 -> 0 | N4: 0.88 | O4: ='October 2025'!AC4 -> 243 | P4: ='October 2025'!AD4 -> 416
A5: Annabelle | B5: =B4+1 -> 4 | C5: 10 | D5: 2025 | E5: =IF('October 2025'!C5<0,"0",'October 2025'!C5)+(IF('October 2025'!E5<0,"0",'October 2025'!E5)-(IF('October 2025'!G5<0,"0",'October 2025'!G5))) -> 8448 | F5: =('October 2025'!C5*0.27)/('October 2025'!C5+'October 2025'!E5) -> 0.23554688 | G5: ='October 2025'!U5 -> 85 | H5: 0.62 | I5: ='October 2025'!W5 -> 116 | J5: 2.42 | K5: ='October 2025'!AB5*5.04 -> 0 | L5: 0.1151 | M5: ='October 2025'!M5 -> 0 | N5: 0.88 | O5: ='October 2025'!AC5 -> 190 | P5: ='October 2025'!AD5 -> 335
A6: Annabelle | B6: =B5+1 -> 5 | C6: 10 | D6: 2025 | E6: =IF('October 2025'!C6<0,"0",'October 2025'!C6)+(IF('October 2025'!E6<0,"0",'October 2025'!E6)-(IF('October 2025'!G6<0,"0",'October 2025'!G6))) -> 7930 | F6: =('October 2025'!C6*0.27)/('October 2025'!C6+'October 2025'!E6) -> 0.23251324 | G6: ='October 2025'!U6 -> 115 | H6: 0.62 | I6: ='October 2025'!W6 -> 110 | J6: 2.42 | K6: ='October 2025'!AB6*5.04 -> 0 | L6: 0.1151 | M6: ='October 2025'!M6 -> 0 | N6: 0.88 | O6: ='October 2025'!AC6 -> 190 | P6: ='October 2025'!AD6 -> 356
A7: Annabelle | B7: =B6+1 -> 6 | C7: 10 | D7: 2025 | E7: =IF('October 2025'!C7<0,"0",'October 2025'!C7)+(IF('October 2025'!E7<0,"0",'October 2025'!E7)-(IF('October 2025'!G7<0,"0",'October 2025'!G7))) -> 7922 | F7: =('October 2025'!C7*0.27)/('October 2025'!C7+'October 2025'!E7) -> 0.23394092 | G7: ='October 2025'!U7 -> 76 | H7: 0.62 | I7: ='October 2025'!W7 -> 114 | J7: 2.42 | K7: ='October 2025'!AB7*5.04 -> 0 | L7: 0.1151 | M7: ='October 2025'!M7 -> 0 | N7: 0.88 | O7: ='October 2025'!AC7 -> 216 | P7: ='October 2025'!AD7 -> 400
A8: Annabelle | B8: =B7+1 -> 7 | C8: 10 | D8: 2025 | E8: =IF('October 2025'!C8<0,"0",'October 2025'!C8)+(IF('October 2025'!E8<0,"0",'October 2025'!E8)-(IF('October 2025'!G8<0,"0",'October 2025'!G8))) -> 7187 | F8: =('October 2025'!C8*0.27)/('October 2025'!C8+'October 2025'!E8) -> 0.23126757 | G8: ='October 2025'!U8 -> 140 | H8: 0.62 | I8: ='October 2025'!W8 -> 111 | J8: 2.42 | K8: ='October 2025'!AB8*5.04 -> 3704.4 | L8: 0.1151 | M8: ='October 2025'!M8 -> 0 | N8: 0.88 | O8: ='October 2025'!AC8 -> 223 | P8: ='October 2025'!AD8 -> 425
A9: Annabelle | B9: =B8+1 -> 8 | C9: 10 | D9: 2025 | E9: =IF('October 2025'!C9<0,"0",'October 2025'!C9)+(IF('October 2025'!E9<0,"0",'October 2025'!E9)-(IF('October 2025'!G9<0,"0",'October 2025'!G9))) -> 7216 | F9: =('October 2025'!C9*0.27)/('October 2025'!C9+'October 2025'!E9) -> 0.23550166 | G9: ='October 2025'!U9 -> 215 | H9: 0.62 | I9: ='October 2025'!W9 -> 104 | J9: 2.42 | K9: ='October 2025'!AB9*5.04 -> 2242.8 | L9: 0.1151 | M9: ='October 2025'!M9 -> 0 | N9: 0.88 | O9: ='October 2025'!AC9 -> 229 | P9: ='October 2025'!AD9 -> 445
A10: Annabelle | B10: =B9+1 -> 9 | C10: 10 | D10: 2025 | E10: =IF('October 2025'!C10<0,"0",'October 2025'!C10)+(IF('October 2025'!E10<0,"0",'October 2025'!E10)-(IF('October 2025'!G10<0,"0",'October 2025'!G10))) -> 6474 | F10: =('October 2025'!C10*0.27)/('October 2025'!C10+'October 2025'!E10) -> 0.22483318 | G10: ='October 2025'!U10 -> 145 | H10: 0.62 | I10: ='October 2025'!W10 -> 114 | J10: 2.42 | K10: ='October 2025'!AB10*5.04 -> 3099.6 | L10: 0.1151 | M10: ='October 2025'!M10 -> 0 | N10: 0.88 | O10: ='October 2025'!AC10 -> 229 | P10: ='October 2025'!AD10 -> 453
A11: Annabelle | B11: =B10+1 -> 10 | C11: 10 | D11: 2025 | E11: =IF('October 2025'!C11<0,"0",'October 2025'!C11)+(IF('October 2025'!E11<0,"0",'October 2025'!E11)-(IF('October 2025'!G11<0,"0",'October 2025'!G11))) -> 7183 | F11: =('October 2025'!C11*0.27)/('October 2025'!C11+'October 2025'!E11) -> 0.22658499 | G11: ='October 2025'!U11 -> 95 | H11: 0.62 | I11: ='October 2025'!W11 -> 117 | J11: 2.42 | K11: ='October 2025'!AB11*5.04 -> 2091.6 | L11: 0.1151 | M11: ='October 2025'!M11 -> 0 | N11: 0.88 | O11: ='October 2025'!AC11 -> 241 | P11: ='October 2025'!AD11 -> 449
A12: Annabelle | B12: =B11+1 -> 11 | C12: 10 | D12: 2025 | E12: =IF('October 2025'!C12<0,"0",'October 2025'!C12)+(IF('October 2025'!E12<0,"0",'October 2025'!E12)-(IF('October 2025'!G12<0,"0",'October 2025'!G12))) -> 7130 | F12: =('October 2025'!C12*0.27)/('October 2025'!C12+'October 2025'!E12) -> 0.22614867 | G12: ='October 2025'!U12 -> 125 | H12: 0.62 | I12: ='October 2025'!W12 -> 133 | J12: 2.42 | K12: ='October 2025'!AB12*5.04 -> 5821.2 | L12: 0.1151 | M12: ='October 2025'!M12 -> 0 | N12: 0.88 | O12: ='October 2025'!AC12 -> 231 | P12: ='October 2025'!AD12 -> 449
A13: Annabelle | B13: =B12+1 -> 12 | C13: 10 | D13: 2025 | E13: =IF('October 2025'!C13<0,"0",'October 2025'!C13)+(IF('October 2025'!E13<0,"0",'October 2025'!E13)-(IF('October 2025'!G13<0,"0",'October 2025'!G13))) -> 6931 | F13: =('October 2025'!C13*0.27)/('October 2025'!C13+'October 2025'!E13) -> 0.23568028 | G13: ='October 2025'!U13 -> 365 | H13: 0.62 | I13: ='October 2025'!W13 -> 116 | J13: 2.42 | K13: ='October 2025'!AB13*5.04 -> 4737.6 | L13: 0.1151 | M13: ='October 2025'!M13 -> 0 | N13: 0.88 | O13: ='October 2025'!AC13 -> 219 | P13: ='October 2025'!AD13 -> 420
A14: Annabelle | B14: =B13+1 -> 13 | C14: 10 | D14: 2025 | E14: =IF('October 2025'!C14<0,"0",'October 2025'!C14)+(IF('October 2025'!E14<0,"0",'October 2025'!E14)-(IF('October 2025'!G14<0,"0",'October 2025'!G14))) -> 0 | F14: =('October 2025'!C14*0.27)/('October 2025'!C14+'October 2025'!E14) -> #DIV/0! | G14: ='October 2025'!U14 -> 4744 | H14: 0.62 | I14: ='October 2025'!W14 -> 0 | J14: 2.42 | K14: ='October 2025'!AB14*5.04 -> 0 | L14: 0.1151 | M14: ='October 2025'!M14 -> 0 | N14: 0.88 | O14: ='October 2025'!AC14 -> 233 | P14: ='October 2025'!AD14 -> 445
... A30: Annabelle | B30: =B29+1 -> 29 | C30: 10 | D30: 2025 | E30: =IF('October 2025'!C30<0,"0",'October 2025'!C30)+(IF('October 2025'!E30<0,"0",'October 2025'!E30)-(IF('October 2025'!G30<0,"0",'October 2025'!G30))) -> 0 | F30: =('October 2025'!C30*0.27)/('October 2025'!C30+'October 2025'!E30) -> #DIV/0! | G30: ='October 2025'!U30 -> 0 | H30: 0.62 | I30: ='October 2025'!W30 -> 0 | J30: 2.42 | K30: ='October 2025'!AB30*5.04 -> 0 | L30: 0.1151 | M30: ='October 2025'!M30 -> 0 | N30: 0.88 | O30: ='October 2025'!AC30 -> 0 | P30: ='October 2025'!AD30 -> 0
A31: Annabelle | B31: =B30+1 -> 30 | C31: 10 | D31: 2025 | E31: =IF('October 2025'!C32<0,"0",'October 2025'!C32)+(IF('October 2025'!E32<0,"0",'October 2025'!E32)-(IF('October 2025'!G32<0,"0",'October 2025'!G32))) -> 0 | F31: =('October 2025'!C32*0.27)/('October 2025'!C32+'October 2025'!E32) -> #DIV/0! | G31: ='October 2025'!U32 -> 0 | H31: 0.62 | I31: ='October 2025'!W32 -> 0 | J31: 2.42 | K31: ='October 2025'!AB32*5.04 -> 0 | L31: 0.1151 | M31: ='October 2025'!M32 -> 0 | N31: 0.88 | O31: ='October 2025'!AC32 -> 0 | P31: ='October 2025'!AD32 -> 0
A32: Annabelle | B32: 31 | C32: 10 | D32: 2025

Sheet October  2025
A1: Date | B1: Purchased Electricity (Kwh) Reading | C1: BOUGHT | D1: Total Renewable Energy Production (Kwh) Reading | E1: PRODUCED | F1: Total Renewable Energy Exported (KWh) Reading | G1: SOLD | H1: HOTEL Electricity (KWh) Consumed incl. --> | I1: HOTEL Electricity (KWh) Consumed excl. --> | J1: Consumed | K1: Date | L1: Fuel Oil Hot-Water Boilers (Liter) Reading | M1: Fuel Oil (Liter) Received | N1: Consumed | O1: LPG % TANK 1 | P1: LPG % TANK 2 | Q1: LPG % TANK 3 | R1: LPG % TANK 4 | S1: LPG (Liter) Reading | T1: LPG (Liter) Received | U1: Consumed | V1: Water Utility Supply (m3) Reading | W1: Consumed | X1: Irrigation Water Supply (m3) Reading | Y1: Consumed | Z1: Pellets (Kg) Reading | AA1: Pellets (Kg) Received | AB1: Consumed | AC1: Room Nights | AD1: Guest Nights
A2: 45931 | B2: 1054479 | C2: =IF((B3-B2)<0,"0",B3-B2) -> 8193 | D2: 945160 | E2: =IF((D3-D2)<0,"0",D3-D2) -> 1077 | F2: 1704 | G2: =F3-F2 -> 0 | H2: =C2+E2-G2 -> 9270 | I2: =H2-K2-M2-O2-Q2 -> -36662.62 | J2: =I3-I2 -> -334.95 | K2: =A2 -> 45931 | L2: 7935 | M2: 0 | N2: =IF((L2-L3+M2)=L2,"0",(L2-L3+M2)) -> 0 | O2: 0.8 | P2: 0.77 | Q2: 0.82 | R2: 0.75 | S2: =(2500*O2)+(2500*P2)+(500*Q2)+(500*R2) -> 4710 | U2: =IF((S2-S3+T2)=S2,"0",(S2-S3+T2)) -> 90 | V2: 31350 | W2: =IF(V3-V2<0,"0",V3-V2) -> 122 | X2: 61265 | Y2: =IF((X3-X2)<0,"0",X3-X2) -> 0 | Z2: 3630 | AB2: =IF((Z2-Z3+AA2)=Z2,"0",(Z2-Z3+AA2)) -> 0 | AC2: 232 | AD2: 399
A3: 45932 | B3: 1062672 | C3: =IF((B4-B3)<0,"0",B4-B3) -> 7845 | D3: 946237 | E3: =IF((D4-D3)<0,"0",D4-D3) -> 1091 | F3: 1704 | G3: =F4-F3 -> 0 | H3: =C3+E3-G3 -> 8936 | I3: =H3-K3-M3-O3-Q3 -> -36997.57 | J3: =I4-I3 -> -594.95 | K3: =A3 -> 45932 | L3: 7935 | M3: 0 | N3: =IF((L3-L4+M3)=L3,"0",(L3-L4+M3)) -> 0 | O3: 0.78 | P3: 0.77 | Q3: 0.79 | R3: 0.7 | S3: =(2500*O3)+(2500*P3)+(500*Q3)+(500*R3) -> 4620 | U3: =IF((S3-S4+T3)=S3,"0",(S3-S4+T3)) -> 130 | V3: 31472 | W3: =IF(V4-V3<0,"0",V4-V3) -> 123 | X3: 61265 | Y3: =IF((X4-X3)<0,"0",X4-X3) -> 0 | Z3: 3630 | AB3: =IF((Z3-Z4+AA3)=Z3,"0",(Z3-Z4+AA3)) -> 0 | AC3: 241 | AD3: 415
A4: 45933 | B4: 1070517 | C4: =IF((B5-B4)<0,"0",B5-B4) -> 7324 | D4: 947328 | E4: =IF((D5-D4)<0,"0",D5-D4) -> 1018 | F4: 1704 | G4: =F5-F4 -> 0 | H4: =C4+E4-G4 -> 8342 | I4: =H4-K4-M4-O4-Q4 -> -37592.52 | J4: =I5-I4 -> 105.13 | K4: =A4 -> 45933 | L4: 7935 | M4: 0 | N4: =IF((L4-L5+M4)=L4,"0",(L4-L5+M4)) -> 0 | O4: 0.75 | P4: 0.76 | Q4: 0.77 | R4: 0.66 | S4: =(2500*O4)+(2500*P4)+(500*Q4)+(500*R4) -> 4490 | U4: =IF((S4-S5+T4)=S4,"0",(S4-S5+T4)) -> 210 | V4: 31595 | W4: =IF(V5-V4<0,"0",V5-V4) -> 128 | X4: 61265 | Y4: =IF((X5-X4)<0,"0",X5-X4) -> 0 | Z4: 3630 | AB4: =IF((Z4-Z5+AA4)=Z4,"0",(Z4-Z5+AA4)) -> 0 | AC4: 243 | AD4: 416
A5: 45934 | B5: 1077841 | C5: =IF((B6-B5)<0,"0",B6-B5) -> 7370 | D5: 948346 | E5: =IF((D6-D5)<0,"0",D6-D5) -> 1078 | F5: 1704 | G5: =F6-F5 -> 0 | H5: =C5+E5-G5 -> 8448 | I5: =H5-K5-M5-O5-Q5 -> -37487.39 | J5: =I6-I5 -> -518.91 | K5: =A5 -> 45934 | L5: 7935 | M5: 0 | N5: =IF((L5-L6+M5)=L5,"0",(L5-L6+M5)) -> 0 | O5: 0.71 | P5: 0.74 | Q5: 0.68 | R5: 0.63 | S5: =(2500*O5)+(2500*P5)+(500*Q5)+(500*R5) -> 4280 | U5: =IF((S5-S6+T5)=S5,"0",(S5-S6+T5)) -> 85 | V5: 31723 | W5: =IF(V6-V5<0,"0",V6-V5) -> 116 | X5: 61265 | Y5: =IF((X6-X5)<0,"0",X6-X5) -> 0 | Z5: 3630 | AB5: =IF((Z5-Z6+AA5)=Z5,"0",(Z5-Z6+AA5)) -> 0 | AC5: 190 | AD5: 335
A6: 45935 | B6: 1085211 | C6: =IF((B7-B6)<0,"0",B7-B6) -> 6829 | D6: 949424 | E6: =IF((D7-D6)<0,"0",D7-D6) -> 1101 | F6: 1704 | G6: =F7-F6 -> 0 | H6: =C6+E6-G6 -> 7930 | I6: =H6-K6-M6-O6-Q6 -> -38006.3 | J6: =I7-I6 -> -8.9 | K6: =A6 -> 45935 | L6: 7935 | M6: 0 | N6: =IF((L6-L7+M6)=L6,"0",(L6-L7+M6)) -> 0 | O6: 0.7 | P6: 0.74 | Q6: 0.6 | R6: 0.59 | S6: =(2500*O6)+(2500*P6)+(500*Q6)+(500*R6) -> 4195 | U6: =IF((S6-S7+T6)=S6,"0",(S6-S7+T6)) -> 115 | V6: 31839 | W6: =IF(V7-V6<0,"0",V7-V6) -> 110 | X6: 61265 | Y6: =IF((X7-X6)<0,"0",X7-X6) -> 0 | Z6: 3630 | AB6: =IF((Z6-Z7+AA6)=Z6,"0",(Z6-Z7+AA6)) -> 0 | AC6: 190 | AD6: 356
A7: 45936 | B7: 1092040 | C7: =IF((B8-B7)<0,"0",B8-B7) -> 6864 | D7: 950525 | E7: =IF((D8-D7)<0,"0",D8-D7) -> 1058 | F7: 1704 | G7: =F8-F7 -> 0 | H7: =C7+E7-G7 -> 7922 | I7: =H7-K7-M7-O7-Q7 -> -38015.2 | J7: =I8-I7 -> -736.48 | K7: =A7 -> 45936 | L7: 7935 | M7: 0 | N7: =IF((L7-L8+M7)=L7,"0",(L7-L8+M7)) -> 0 | O7: 0.69 | P7: 0.73 | Q7: 0.51 | R7: 0.55 | S7: =(2500*O7)+(2500*P7)+(500*Q7)+(500*R7) -> 4080 | T7: 876 | U7: =IF((S7-S8+T7)=S7,"0",(S7-S8+T7)) -> 76 | V7: 31949 | W7: =IF(V8-V7<0,"0",V8-V7) -> 114 | X7: 61265 | Y7: =IF((X8-X7)<0,"0",X8-X7) -> 0 | Z7: 3630 | AB7: =IF((Z7-Z8+AA7)=Z7,"0",(Z7-Z8+AA7)) -> 0 | AC7: 216 | AD7: 400
A8: 45937 | B8: 1098904 | C8: =IF((B9-B8)<0,"0",B9-B8) -> 6156 | D8: 951583 | E8: =IF((D9-D8)<0,"0",D9-D8) -> 1031 | F8: 1704 | G8: =F9-F8 -> 0 | H8: =C8+E8-G8 -> 7187 | I8: =H8-K8-M8-O8-Q8 -> -38751.68 | J8: =I9-I8 -> 28.08 | K8: =A8 -> 45937 | L8: 7935 | M8: 0 | N8: =IF((L8-L9+M8)=L8,"0",(L8-L9+M8)) -> 0 | O8: 0.83 | P8: 0.8 | Q8: 0.85 | R8: 0.76 | S8: =(2500*O8)+(2500*P8)+(500*Q8)+(500*R8) -> 4880 | U8: =IF((S8-S9+T8)=S8,"0",(S8-S9+T8)) -> 140 | V8: 32063 | W8: =IF(V9-V8<0,"0",V9-V8) -> 111 | X8: 61265 | Y8: =IF((X9-X8)<0,"0",X9-X8) -> 0 | Z8: 3630 | AB8: =IF((Z8-Z9+AA8)=Z8,"0",(Z8-Z9+AA8)) -> 735 | AC8: 223 | AD8: 425
A9: 45938 | B9: 1105060 | C9: =IF((B10-B9)<0,"0",B10-B9) -> 6294 | D9: 952614 | E9: =IF((D10-D9)<0,"0",D10-D9) -> 922 | F9: 1704 | G9: =F10-F9 -> 0 | H9: =C9+E9-G9 -> 7216 | I9: =H9-K9-M9-O9-Q9 -> -38723.6 | J9: =I10-I9 -> -742.88 | K9: =A9 -> 45938 | L9: 7935 | M9: 0 | N9: =IF((L9-L10+M9)=L9,"0",(L9-L10+M9)) -> 0 | O9: 0.8 | P9: 0.79 | Q9: 0.8 | R9: 0.73 | S9: =(2500*O9)+(2500*P9)+(500*Q9)+(500*R9) -> 4740 | U9: =IF((S9-S10+T9)=S9,"0",(S9-S10+T9)) -> 215 | V9: 32174 | W9: =IF(V10-V9<0,"0",V10-V9) -> 104 | X9: 61265 | Y9: =IF((X10-X9)<0,"0",X10-X9) -> 0 | Z9: 2895 | AA9: 5530 | AB9: =IF((Z9-Z10+AA9)=Z9,"0",(Z9-Z10+AA9)) -> 445 | AC9: 229 | AD9: 445
A10: 45939 | B10: 1111354 | C10: =IF((B11-B10)<0,"0",B11-B10) -> 5391 | D10: 953536 | E10: =IF((D11-D10)<0,"0",D11-D10) -> 1083 | F10: 1704 | G10: =F11-F10 -> 0 | H10: =C10+E10-G10 -> 6474 | I10: =H10-K10-M10-O10-Q10 -> -39466.48 | J10: =I11-I10 -> 708.09 | K10: =A10 -> 45939 | L10: 7935 | M10: 0 | N10: =IF((L10-L11+M10)=L10,"0",(L10-L11+M10)) -> 0 | O10: 0.78 | P10: 0.76 | Q10: 0.7 | R10: 0.65 | S10: =(2500*O10)+(2500*P10)+(500*Q10)+(500*R10) -> 4525 | U10: =IF((S10-S11+T10)=S10,"0",(S10-S11+T10)) -> 145 | V10: 32278 | W10: =IF(V11-V10<0,"0",V11-V10) -> 114 | X10: 61265 | Y10: =IF((X11-X10)<0,"0",X11-X10) -> 0 | Z10: 7980 | AB10: =IF((Z10-Z11+AA10)=Z10,"0",(Z10-Z11+AA10)) -> 615 | AC10: 229 | AD10: 453
A11: 45940 | B11: 1116745 | C11: =IF((B12-B11)<0,"0",B12-B11) -> 6028 | D11: 954619 | E11: =IF((D12-D11)<0,"0",D12-D11) -> 1155 | F11: 1704 | G11: =F12-F11 -> 0 | H11: =C11+E11-G11 -> 7183 | I11: =H11-K11-M11-O11-Q11 -> -38758.39 | J11: =I12-I11 -> -53.93 | K11: =A11 -> 45940 | L11: 7935 | M11: 0 | N11: =IF((L11-L12+M11)=L11,"0",(L11-L12+M11)) -> 0 | O11: 0.75 | P11: 0.75 | Q11: 0.64 | R11: 0.62 | S11: =(2500*O11)+(2500*P11)+(500*Q11)+(500*R11) -> 4380 | U11: =IF((S11-S12+T11)=S11,"0",(S11-S12+T11)) -> 95 | V11: 32392 | W11: =IF(V12-V11<0,"0",V12-V11) -> 117 | X11: 61265 | Y11: =IF((X12-X11)<0,"0",X12-X11) -> 0 | Z11: 7365 | AB11: =IF((Z11-Z12+AA11)=Z11,"0",(Z11-Z12+AA11)) -> 415 | AC11: 241 | AD11: 449
A12: 45941 | B12: 1122773 | C12: =IF((B13-B12)<0,"0",B13-B12) -> 5972 | D12: 955774 | E12: =IF((D13-D12)<0,"0",D13-D12) -> 1158 | F12: 1704 | G12: =F13-F12 -> 0 | H12: =C12+E12-G12 -> 7130 | I12: =H12-K12-M12-O12-Q12 -> -38812.32 | J12: =I13-I12 -> -199.91 | K12: =A12 -> 45941 | L12: 7935 | M12: 0 | N12: =IF((L12-L13+M12)=L12,"0",(L12-L13+M12)) -> 0 | O12: 0.75 | P12: 0.74 | Q12: 0.57 | R12: 0.55 | S12: =(2500*O12)+(2500*P12)+(500*Q12)+(500*R12) -> 4285 | U12: =IF((S12-S13+T12)=S12,"0",(S12-S13+T12)) -> 125 | V12: 32509 | W12: =IF(V13-V12<0,"0",V13-V12) -> 133 | X12: 61265 | Y12: =IF((X13-X12)<0,"0",X13-X12) -> 0 | Z12: 6950 | AB12: =IF((Z12-Z13+AA12)=Z12,"0",(Z12-Z13+AA12)) -> 1155 | AC12: 231 | AD12: 449
A13: 45942 | B13: 1128745 | C13: =IF((B14-B13)<0,"0",B14-B13) -> 6050 | D13: 956932 | E13: =IF((D14-D13)<0,"0",D14-D13) -> 881 | F13: 1704 | G13: =F14-F13 -> 0 | H13: =C13+E13-G13 -> 6931 | I13: =H13-K13-M13-O13-Q13 -> -39012.23 | J13: =I14-I13 -> -6931.51 | K13: =A13 -> 45942 | L13: 7935 | M13: 0 | N13: =IF((L13-L14+M13)=L13,"0",(L13-L14+M13)) -> 0 | O13: 0.73 | P13: 0.73 | Q13: 0.5 | R13: 0.52 | S13: =(2500*O13)+(2500*P13)+(500*Q13)+(500*R13) -> 4160 | U13: =IF((S13-S14+T13)=S13,"0",(S13-S14+T13)) -> 365 | V13: 32642 | W13: =IF(V14-V13<0,"0",V14-V13) -> 116 | X13: 61265 | Y13: =IF((X14-X13)<0,"0",X14-X13) -> 0 | Z13: 5795 | AB13: =IF((Z13-Z14+AA13)=Z13,"0",(Z13-Z14+AA13)) -> 940 | AC13: 219 | AD13: 420
A14: 45943 | B14: 1134795 | C14: =IF((B15-B14)<0,"0",B15-B14) -> 0 | D14: 957813 | E14: =IF((D15-D14)<0,"0",D15-D14) -> 0 | F14: 1704 | G14: =F15-F14 -> 0 | H14: =C14+E14-G14 -> 0 | I14: =H14-K14-M14-O14-Q14 -> -45943.74 | J14: =I15-I14 -> -0.26 | K14: =A14 -> 45943 | L14: 7935 | M14: 0 | N14: =IF((L14-L15+M14)=L14,"0",(L14-L15+M14)) -> 0 | O14: 0.69 | P14: 0.72 | Q14: 0.05 | R14: 0.49 | S14: =(2500*O14)+(2500*P14)+(500*Q14)+(500*R14) -> 3795 | T14: 949 | U14: =IF((S14-S15+T14)=S14,"0",(S14-S15+T14)) -> 4744 | V14: 32758 | W14: =IF(V15-V14<0,"0",V15-V14) -> 0 | X14: 61265 | Y14: =IF((X15-X14)<0,"0",X15-X14) -> 0 | Z14: 4855 | AB14: =IF((Z14-Z15+AA14)=Z14,"0",(Z14-Z15+AA14)) -> 0 | AC14: 233 | AD14: 445
A15: 45944 | C15: =IF((B16-B15)<0,"0",B16-B15) -> 0 | E15: =IF((D16-D15)<0,"0",D16-D15) -> 0 | F15: 1704 | G15: =F16-F15 -> 0 | H15: =C15+E15-G15 -> 0 | I15: =H15-K15-M15-O15-Q15 -> -45944 | J15: =I16-I15 -> -1 | K15: =A15 -> 45944 | M15: 0 | N15: =IF((L15-L16+M15)=L15,"0",(L15-L16+M15)) -> 0 | S15: =(2500*O15)+(2500*P15)+(500*Q15)+(500*R15) -> 0 | U15: =IF((S15-S16+T15)=S15,"0",(S15-S16+T15)) -> 0 | W15: =IF(V16-V15<0,"0",V16-V15) -> 0 | Y15: =IF((X16-X15)<0,"0",X16-X15) -> 0 | AB15: =IF((Z15-Z16+AA15)=Z15,"0",(Z15-Z16+AA15)) -> 0
A16: 45945 | C16: =IF((B17-B16)<0,"0",B17-B16) -> 0 | E16: =IF((D17-D16)<0,"0",D17-D16) -> 0 | F16: 1704 | G16: =F17-F16 -> 0 | H16: =C16+E16-G16 -> 0 | I16: =H16-K16-M16-O16-Q16 -> -45945 | J16: =I17-I16 -> -1 | K16: =A16 -> 45945 | M16: 0 | N16: =IF((L16-L17+M16)=L16,"0",(L16-L17+M16)) -> 0 | S16: =(2500*O16)+(2500*P16)+(500*Q16)+(500*R16) -> 0 | U16: =IF((S16-S17+T16)=S16,"0",(S16-S17+T16)) -> 0 | W16: =IF(V17-V16<0,"0",V17-V16) -> 0 | Y16: =IF((X17-X16)<0,"0",X17-X16) -> 0 | AB16: =IF((Z16-Z17+AA16)=Z16,"0",(Z16-Z17+AA16)) -> 0
A17: 45946 | C17: =IF((B18-B17)<0,"0",B18-B17) -> 0 | E17: =IF((D18-D17)<0,"0",D18-D17) -> 0 | F17: 1704 | G17: =F18-F17 -> 0 | H17: =C17+E17-G17 -> 0 | I17: =H17-K17-M17-O17-Q17 -> -45946 | J17: =I18-I17 -> -1 | K17: =A17 -> 45946 | M17: 0 | N17: =IF((L17-L18+M17)=L17,"0",(L17-L18+M17)) -> 0 | S17: =(2500*O17)+(2500*P17)+(500*Q17)+(500*R17) -> 0 | U17: =IF((S17-S18+T17)=S17,"0",(S17-S18+T17)) -> 0 | W17: =IF(V18-V17<0,"0",V18-V17) -> 0 | Y17: =IF((X18-X17)<0,"0",X18-X17) -> 0 | AB17: =IF((Z17-Z18+AA17)=Z17,"0",(Z17-Z18+AA17)) -> 0
A18: 45947 | C18: =IF((B19-B18)<0,"0",B19-B18) -> 0 | E18: =IF((D19-D18)<0,"0",D19-D18) -> 0 | F18: 1704 | G18: =F19-F18 -> 0 | H18: =C18+E18-G18 -> 0 | I18: =H18-K18-M18-O18-Q18 -> -45947 | J18: =I19-I18 -> -1 | K18: =A18 -> 45947 | M18: 0 | N18: =IF((L18-L19+M18)=L18,"0",(L18-L19+M18)) -> 0 | S18: =(2500*O18)+(2500*P18)+(500*Q18)+(500*R18) -> 0 | U18: =IF((S18-S19+T18)=S18,"0",(S18-S19+T18)) -> 0 | W18: =IF(V19-V18<0,"0",V19-V18) -> 0 | Y18: =IF((X19-X18)<0,"0",X19-X18) -> 0 | AB18: =IF((Z18-Z19+AA18)=Z18,"0",(Z18-Z19+AA18)) -> 0
A19: 45948 | C19: =IF((B20-B19)<0,"0",B20-B19) -> 0 | E19: =IF((D20-D19)<0,"0",D20-D19) -> 0 | F19: 1704 | G19: =F20-F19 -> 0 | H19: =C19+E19-G19 -> 0 | I19: =H19-K19-M19-O19-Q19 -> -45948 | J19: =I20-I19 -> -1 | K19: =A19 -> 45948 | M19: 0 | N19: =IF((L19-L20+M19)=L19,"0",(L19-L20+M19)) -> 0 | S19: =(2500*O19)+(2500*P19)+(500*Q19)+(500*R19) -> 0 | U19: =IF((S19-S20+T19)=S19,"0",(S19-S20+T19)) -> 0 | W19: =IF(V20-V19<0,"0",V20-V19) -> 0 | Y19: =IF((X20-X19)<0,"0",X20-X19) -> 0 | AB19: =IF((Z19-Z20+AA19)=Z19,"0",(Z19-Z20+AA19)) -> 0
A20: 45949 | C20: =IF((B21-B20)<0,"0",B21-B20) -> 0 | E20: =IF((D21-D20)<0,"0",D21-D20) -> 0 | F20: 1704 | G20: =F21-F20 -> 0 | H20: =C20+E20-G20 -> 0 | I20: =H20-K20-M20-O20-Q20 -> -45949 | J20: =I21-I20 -> -1 | K20: =A20 -> 45949 | M20: 0 | N20: =IF((L20-L21+M20)=L20,"0",(L20-L21+M20)) -> 0 | S20: =(2500*O20)+(2500*P20)+(500*Q20)+(500*R20) -> 0 | U20: =IF((S20-S21+T20)=S20,"0",(S20-S21+T20)) -> 0 | W20: =IF(V21-V20<0,"0",V21-V20) -> 0 | Y20: =IF((X21-X20)<0,"0",X21-X20) -> 0 | AB20: =IF((Z20-Z21+AA20)=Z20,"0",(Z20-Z21+AA20)) -> 0
A21: 45950 | C21: =IF((B22-B21)<0,"0",B22-B21) -> 0 | E21: =IF((D22-D21)<0,"0",D22-D21) -> 0 | F21: 1704 | G21: =F22-F21 -> 0 | H21: =C21+E21-G21 -> 0 | I21: =H21-K21-M21-O21-Q21 -> -45950 | J21: =I22-I21 -> -1 | K21: =A21 -> 45950 | M21: 0 | N21: =IF((L21-L22+M21)=L21,"0",(L21-L22+M21)) -> 0 | S21: =(2500*O21)+(2500*P21)+(500*Q21)+(500*R21) -> 0 | U21: =IF((S21-S22+T21)=S21,"0",(S21-S22+T21)) -> 0 | W21: =IF(V22-V21<0,"0",V22-V21) -> 0 | Y21: =IF((X22-X21)<0,"0",X22-X21) -> 0 | AB21: =IF((Z21-Z22+AA21)=Z21,"0",(Z21-Z22+AA21)) -> 0
A22: 45951 | C22: =IF((B23-B22)<0,"0",B23-B22) -> 0 | E22: =IF((D23-D22)<0,"0",D23-D22) -> 0 | F22: 1704 | G22: =F23-F22 -> 0 | H22: =C22+E22-G22 -> 0 | I22: =H22-K22-M22-O22-Q22 -> -45951 | J22: =I23-I22 -> -1 | K22: =A22 -> 45951 | M22: 0 | N22: =IF((L22-L23+M22)=L22,"0",(L22-L23+M22)) -> 0 | S22: =(2500*O22)+(2500*P22)+(500*Q22)+(500*R22) -> 0 | U22: =IF((S22-S23+T22)=S22,"0",(S22-S23+T22)) -> 0 | W22: =IF(V23-V22<0,"0",V23-V22) -> 0 | Y22: =IF((X23-X22)<0,"0",X23-X22) -> 0 | AB22: =IF((Z22-Z23+AA22)=Z22,"0",(Z22-Z23+AA22)) -> 0
A23: 45952 | C23: =IF((B24-B23)<0,"0",B24-B23) -> 0 | E23: =IF((D24-D23)<0,"0",D24-D23) -> 0 | F23: 1704 | G23: =F24-F23 -> 0 | H23: =C23+E23-G23 -> 0 | I23: =H23-K23-M23-O23-Q23 -> -45952 | J23: =I24-I23 -> -1 | K23: =A23 -> 45952 | M23: 0 | N23: =IF((L23-L24+M23)=L23,"0",(L23-L24+M23)) -> 0 | S23: =(2500*O23)+(2500*P23)+(500*Q23)+(500*R23) -> 0 | U23: =IF((S23-S24+T23)=S23,"0",(S23-S24+T23)) -> 0 | W23: =IF(V24-V23<0,"0",V24-V23) -> 0 | Y23: =IF((X24-X23)<0,"0",X24-X23) -> 0 | AB23: =IF((Z23-Z24+AA23)=Z23,"0",(Z23-Z24+AA23)) -> 0
A24: 45953 | C24: =IF((B25-B24)<0,"0",B25-B24) -> 0 | E24: =IF((D25-D24)<0,"0",D25-D24) -> 0 | F24: 1704 | G24: =F25-F24 -> 0 | H24: =C24+E24-G24 -> 0 | I24: =H24-K24-M24-O24-Q24 -> -45953 | J24: =I25-I24 -> -1 | K24: =A24 -> 45953 | M24: 0 | N24: =IF((L24-L25+M24)=L24,"0",(L24-L25+M24)) -> 0 | S24: =(2500*O24)+(2500*P24)+(500*Q24)+(500*R24) -> 0 | U24: =IF((S24-S25+T24)=S24,"0",(S24-S25+T24)) -> 0 | W24: =IF(V25-V24<0,"0",V25-V24) -> 0 | Y24: =IF((X25-X24)<0,"0",X25-X24) -> 0 | AB24: =IF((Z24-Z25+AA24)=Z24,"0",(Z24-Z25+AA24)) -> 0
A25: 45954 | C25: =IF((B26-B25)<0,"0",B26-B25) -> 0 | E25: =IF((D26-D25)<0,"0",D26-D25) -> 0 | F25: 1704 | G25: =F26-F25 -> 0 | H25: =C25+E25-G25 -> 0 | I25: =H25-K25-M25-O25-Q25 -> -45954 | J25: =I26-I25 -> -1 | K25: =A25 -> 45954 | M25: 0 | N25: =IF((L25-L26+M25)=L25,"0",(L25-L26+M25)) -> 0 | S25: =(2500*O25)+(2500*P25)+(500*Q25)+(500*R25) -> 0 | U25: =IF((S25-S26+T25)=S25,"0",(S25-S26+T25)) -> 0 | W25: =IF(V26-V25<0,"0",V26-V25) -> 0 | Y25: =IF((X26-X25)<0,"0",X26-X25) -> 0 | AB25: =IF((Z25-Z26+AA25)=Z25,"0",(Z25-Z26+AA25)) -> 0
A26: 45955 | C26: =IF((B27-B26)<0,"0",B27-B26) -> 0 | E26: =IF((D27-D26)<0,"0",D27-D26) -> 0 | F26: 1704 | G26: =F27-F26 -> 0 | H26: =C26+E26-G26 -> 0 | I26: =H26-K26-M26-O26-Q26 -> -45955 | J26: =I27-I26 -> -1 | K26: =A26 -> 45955 | M26: 0 | N26: =IF((L26-L27+M26)=L26,"0",(L26-L27+M26)) -> 0 | S26: =(2500*O26)+(2500*P26)+(500*Q26)+(500*R26) -> 0 | U26: =IF((S26-S27+T26)=S26,"0",(S26-S27+T26)) -> 0 | W26: =IF(V27-V26<0,"0",V27-V26) -> 0 | Y26: =IF((X27-X26)<0,"0",X27-X26) -> 0 | AB26: =IF((Z26-Z27+AA26)=Z26,"0",(Z26-Z27+AA26)) -> 0
A27: 45956 | C27: =IF((B28-B27)<0,"0",B28-B27) -> 0 | E27: =IF((D28-D27)<0,"0",D28-D27) -> 0 | F27: 1704 | G27: =F28-F27 -> 0 | H27: =C27+E27-G27 -> 0 | I27: =H27-K27-M27-O27-Q27 -> -45956 | J27: =I28-I27 -> -1 | K27: =A27 -> 45956 | M27: 0 | N27: =IF((L27-L28+M27)=L27,"0",(L27-L28+M27)) -> 0 | S27: =(2500*O27)+(2500*P27)+(500*Q27)+(500*R27) -> 0 | U27: =IF((S27-S28+T27)=S27,"0",(S27-S28+T27)) -> 0 | W27: =IF(V28-V27<0,"0",V28-V27) -> 0 | Y27: 0 | AB27: =IF((Z27-Z28+AA27)=Z27,"0",(Z27-Z28+AA27)) -> 0
A28: 45957 | C28: =IF((B29-B28)<0,"0",B29-B28) -> 0 | E28: =IF((D29-D28)<0,"0",D29-D28) -> 0 | F28: 1704 | G28: =F29-F28 -> 0 | H28: =C28+E28-G28 -> 0 | I28: =H28-K28-M28-O28-Q28 -> -45957 | J28: =I29-I28 -> -1 | K28: =A28 -> 45957 | M28: 0 | N28: =IF((L28-L29+M28)=L28,"0",(L28-L29+M28)) -> 0 | S28: =(2500*O28)+(2500*P28)+(500*Q28)+(500*R28) -> 0 | U28: =IF((S28-S29+T28)=S28,"0",(S28-S29+T28)) -> 0 | W28: =IF(V29-V28<0,"0",V29-V28) -> 0 | Y28: =IF((X29-X28)<0,"0",X29-X28) -> 0 | AB28: =IF((Z28-Z29+AA28)=Z28,"0",(Z28-Z29+AA28)) -> 0
A29: 45958 | C29: =IF((B30-B29)<0,"0",B30-B29) -> 0 | E29: =IF((D30-D29)<0,"0",D30-D29) -> 0 | F29: 1704 | G29: =F30-F29 -> 0 | H29: =C29+E29-G29 -> 0 | I29: =H29-K29-M29-O29-Q29 -> -45958 | J29: =I30-I29 -> -1 | K29: =A29 -> 45958 | M29: 0 | N29: =IF((L29-L30+M29)=L29,"0",(L29-L30+M29)) -> 0 | S29: =(2500*O29)+(2500*P29)+(500*Q29)+(500*R29) -> 0 | U29: =IF((S29-S30+T29)=S29,"0",(S29-S30+T29)) -> 0 | W29: =IF(V30-V29<0,"0",V30-V29) -> 0 | Y29: =IF((X30-X29)<0,"0",X30-X29) -> 0 | AB29: =IF((Z29-Z30+AA29)=Z29,"0",(Z29-Z30+AA29)) -> 0
A30: 45959 | C30: =IF((B31-B30)<0,"0",B31-B30) -> 0 | E30: =IF((D31-D30)<0,"0",D31-D30) -> 0 | F30: 1704 | G30: =F31-F30 -> 0 | H30: =C30+E30-G30 -> 0 | I30: =H30-K30-M30-O30-Q30 -> -45959 | J30: =I31-I30 -> -1 | K30: =A30 -> 45959 | M30: 0 | N30: =IF((L30-L31+M30)=L30,"0",(L30-L31+M30)) -> 0 | S30: =(2500*O30)+(2500*P30)+(500*Q30)+(500*R30) -> 0 | U30: =IF((S30-S31+T30)=S30,"0",(S30-S31+T30)) -> 0 | W30: =IF(V31-V30<0,"0",V31-V30) -> 0 | Y30: =IF((X31-X30)<0,"0",X31-X30) -> 0 | AB30: =IF((Z30-Z31+AA30)=Z30,"0",(Z30-Z31+AA30)) -> 0
A31: 45960 | C31: =IF((B32-B31)<0,"0",B32-B31) -> 0 | E31: =IF((D32-D31)<0,"0",D32-D31) -> 0 | F31: 1704 | G31: =F32-F31 -> 0 | H31: =C31+E31-G31 -> 0 | I31: =H31-K31-M31-O31-Q31 -> -45960 | J31: =I32-I31 -> -1 | K31: =A31 -> 45960 | M31: 0 | N31: =IF((L31-L32+M31)=L31,"0",(L31-L32+M31)) -> 0 | S31: =(2500*O31)+(2500*P31)+(500*Q31)+(500*R31) -> 0 | U31: =IF((S31-S32+T31)=S31,"0",(S31-S32+T31)) -> 0 | W31: =IF(V32-V31<0,"0",V32-V31) -> 0 | Y31: =IF((X32-X31)<0,"0",X32-X31) -> 0 | AB31: =IF((Z31-Z32+AA31)=Z31,"0",(Z31-Z32+AA31)) -> 0
A32: 45961 | C32: =IF((B33-B32)<0,"0",B33-B32) -> 0 | E32: =IF((D33-D32)<0,"0",D33-D32) -> 0 | F32: 1704 | G32: =F33-F32 -> 0 | H32: =C32+E32-G32 -> 0 | I32: =H32-K32-M32-O32-Q32 -> -45961 | J32: =I33-I32 -> 45961 | K32: =A32 -> 45961 | M32: 0 | N32: =IF((L32-L33+M32)=L32,"0",(L32-L33+M32)) -> 0 | S32: =(2500*O32)+(2500*P32)+(500*Q32)+(500*R32) -> 0 | U32: =IF((S32-S33+T32)=S32,"0",(S32-S33+T32)) -> 0 | W32: =IF(V33-V32<0,"0",V33-V32) -> 0 | Y32: =IF((X33-X32)<0,"0",X33-X32) -> 0 | AB32: =IF((Z32-Z33+AA32)=Z32,"0",(Z32-Z33+AA32)) -> 0
A33: 45962 | F33: 1704 | K33: =A33 -> 45962 | M33: 0 | N33: =IF((L33-L34+M33)=L33,"0",(L33-L34+M33)) -> 0 | S33: =(2500*O33)+(2500*P33)+(500*Q33)+(500*R33) -> 0 | AC33: 174 | AD33: 370
C34: =SUM(C2:C33) -> 80316 | E34: =SUM(E2:E33) -> 12653 | G34: =SUM(G2:G33) -> 0 | H34: =SUM(H2:H33) -> 92969 | I34: =SUM(I2:I32) -> -1331375 | J34: =SUM(J2:J33) -> 36662.62 | N34: =SUM(N2:N33) -> 0 | T34: =SUM(T2:T33) -> 1825 | U34: =SUM(U2:U33) -> 6535 | W34: =SUM(W2:W33) -> 1408 | Y34: =SUM(Y2:Y33) -> 0 | AA34: =SUM(AA2:AA33) -> 5530 | AB34: =SUM(AB2:AB33) -> 4305 | AC34: =SUM(AC2:AC33) -> 3091 | AD34: =SUM(AD2:AD33) -> 5777
