Workbook

Sheet Total
A1: Site Name | B1: Day | C1: Month | D1: Year | E1: Total Electricity Kwh | F1: Electricity Tariff ($/Kwh) | G1: LPG (Liters) | H1: LPG $/Liters | I1: District Energy Heating Kwh | J1: District Energy Heating $/Kwh | K1: Water Utility Supply (m3) m3 | L1: Water Utility Supply (m3) $/m3 | M1: Total Fuel Oil (Liter) | N1: Fuel Oil $/Liter | O1: Room Nights | P1: Total Guests
A2: Anassa | B2: 1 | C2: 9 | D2: 2024 | E2: =Anassa!D3-Anassa!D2 -> 14702.9 | F2: =0.2563 -> 0.2563 | G2: =Anassa!N2 -> 375 | H2: 0.626 | I2: =Anassa!AC2*5.04 -> 1463.2128 | J2: 0.0829 | K2: =Anassa!Z2 -> 111 | L2: 1.25 | M2: =Anassa!H2 -> 0 | N2: 0.88 | O2: =Anassa!AD2 -> 81 | P2: =Anassa!AE2 -> 156
A3: Anassa | B3: =B2+1 -> 2 | C3: 9 | D3: 2024 | E3: =Anassa!D4-Anassa!D3 -> 14100.2 | F3: =0.2563 -> 0.2563 | G3: =Anassa!N3 -> 322.98 | H3: 0.626 | I3: =Anassa!AC3*5.04 -> 1463.2128 | J3: 0.0829 | K3: =Anassa!Z3 -> 125 | L3: 1.25 | M3: =Anassa!H3 -> 410 | N3: 0.88 | O3: =Anassa!AD3 -> 97 | P3: =Anassa!AE3 -> 175
A4: Anassa | B4: =B3+1 -> 3 | C4: 9 | D4: 2024 | E4: =Anassa!D5-Anassa!D4 -> 16257.6 | F4: =0.2563 -> 0.2563 | G4: =Anassa!N4 -> 200 | H4: 0.626 | I4: =Anassa!AC4*5.04 -> 1463.2128 | J4: 0.0829 | K4: =Anassa!Z4 -> 150 | L4: 1.25 | M4: =Anassa!H4 -> 552 | N4: 0.88 | O4: =Anassa!AD4 -> 146 | P4: =Anassa!AE4 -> 281
A5: Anassa | B5: =B4+1 -> 4 | C5: 9 | D5: 2024 | E5: =Anassa!D6-Anassa!D5 -> 16255.1 | F5: =0.2563 -> 0.2563 | G5: =Anassa!N5 -> -175 | H5: 0.626 | I5: =Anassa!AC5*5.04 -> 1463.2128 | J5: 0.0829 | K5: =Anassa!Z5 -> 162 | L5: 1.25 | M5: =Anassa!H5 -> 555 | N5: 0.88 | O5: =Anassa!AD5 -> 167 | P5: =Anassa!AE5 -> 325
A6: Anassa | B6: =B5+1 -> 5 | C6: 9 | D6: 2024 | E6: =Anassa!D7-Anassa!D6 -> 14344.1 | F6: =0.2563 -> 0.2563 | G6: =Anassa!N6 -> 200 | H6: 0.626 | I6: =Anassa!AC6*5.04 -> 1463.2128 | J6: 0.0829 | K6: =Anassa!Z6 -> 160 | L6: 1.25 | M6: =Anassa!H6 -> 839 | N6: 0.88 | O6: =Anassa!AD6 -> 161 | P6: =Anassa!AE6 -> 312
A7: Anassa | B7: =B6+1 -> 6 | C7: 9 | D7: 2024 | E7: =Anassa!D8-Anassa!D7 -> 12987.4 | F7: =0.2563 -> 0.2563 | G7: =Anassa!N7 -> 375 | H7: 0.626 | I7: =Anassa!AC7*5.04 -> 1463.2128 | J7: 0.0829 | K7: =Anassa!Z7 -> 163 | L7: 1.25 | M7: =Anassa!H7 -> 1267 | N7: 0.88 | O7: =Anassa!AD7 -> 155 | P7: =Anassa!AE7 -> 308
A8: Anassa | B8: =B7+1 -> 7 | C8: 9 | D8: 2024 | E8: =Anassa!D9-Anassa!D8 -> 12955.2 | F8: =0.2563 -> 0.2563 | G8: =Anassa!N8 -> 250 | H8: 0.626 | I8: =Anassa!AC8*5.04 -> 1463.2128 | J8: 0.0829 | K8: =Anassa!Z8 -> 164 | L8: 1.25 | M8: =Anassa!H8 -> 987 | N8: 0.88 | O8: =Anassa!AD8 -> 142 | P8: =Anassa!AE8 -> 293
A9: Anassa | B9: =B8+1 -> 8 | C9: 9 | D9: 2024 | E9: =Anassa!D10-Anassa!D9 -> 12406 | F9: =0.2563 -> 0.2563 | G9: =Anassa!N9 -> 500 | H9: 0.626 | I9: =Anassa!AC9*5.04 -> 1463.2128 | J9: 0.0829 | K9: =Anassa!Z9 -> 179 | L9: 1.25 | M9: =Anassa!H9 -> 841 | N9: 0.88 | O9: =Anassa!AD9 -> 135 | P9: =Anassa!AE9 -> 276
A10: Anassa | B10: =B9+1 -> 9 | C10: 9 | D10: 2024 | E10: =Anassa!D11-Anassa!D10 -> 14885.9 | F10: =0.2563 -> 0.2563 | G10: =Anassa!N10 -> 477.9 | H10: 0.626 | I10: =Anassa!AC10*5.04 -> 1463.2128 | J10: 0.0829 | K10: =Anassa!Z10 -> 238 | L10: 1.25 | M10: =Anassa!H10 -> 1120 | N10: 0.88 | O10: =Anassa!AD10 -> 127 | P10: =Anassa!AE10 -> 265
A11: Anassa | B11: =B10+1 -> 10 | C11: 9 | D11: 2024 | E11: =Anassa!D12-Anassa!D11 -> 9245 | F11: =0.2563 -> 0.2563 | G11: =Anassa!N11 -> 500 | H11: 0.626 | I11: =Anassa!AC11*5.04 -> 1463.2128 | J11: 0.0829 | K11: =Anassa!Z11 -> 238 | L11: 1.25 | M11: =Anassa!H11 -> 828 | N11: 0.88 | O11: =Anassa!AD11 -> 132 | P11: =Anassa!AE11 -> 263
A12: Anassa | B12: =B11+1 -> 11 | C12: 9 | D12: 2024 | E12: =Anassa!D13-Anassa!D12 -> 12124.5 | F12: =0.2563 -> 0.2563 | G12: =Anassa!N12 -> 250 | H12: 0.626 | I12: =Anassa!AC12*5.04 -> 1463.2128 | J12: 0.0829 | K12: =Anassa!Z12 -> 251 | L12: 1.25 | M12: =Anassa!H12 -> 1087 | N12: 0.88 | O12: =Anassa!AD12 -> 157 | P12: =Anassa!AE12 -> 309
A13: Anassa | B13: =B12+1 -> 12 | C13: 9 | D13: 2024 | E13: =Anassa!D14-Anassa!D13 -> 11642.6 | F13: =0.2563 -> 0.2563 | G13: =Anassa!N13 -> 625 | H13: 0.626 | I13: =Anassa!AC13*5.04 -> 1463.2128 | J13: 0.0829 | K13: =Anassa!Z13 -> 205 | L13: 1.25 | M13: =Anassa!H13 -> 798 | N13: 0.88 | O13: =Anassa!AD13 -> 129 | P13: =Anassa!AE13 -> 26
A14: Anassa | B14: =B13+1 -> 13 | C14: 9 | D14: 2024 | E14: =Anassa!D15-Anassa!D14 -> 10742.3 | F14: =0.2563 -> 0.2563 | G14: =Anassa!N14 -> 250 | H14: 0.626 | I14: =Anassa!AC14*5.04 -> 1463.2128 | J14: 0.0829 | K14: =Anassa!Z14 -> 236 | L14: 1.25 | M14: =Anassa!H14 -> 907 | N14: 0.88 | O14: =Anassa!AD14 -> 122 | P14: =Anassa!AE14 -> 244
... A32: Anassa | B32: =B31+1 -> 31 | C32: 9 | D32: 2024 | E32: =Anassa!D33-Anassa!D32 -> 11037.4 | F32: =0.2563 -> 0.2563 | G32: =Anassa!N32 -> 0 | H32: 0.626 | I32: =Anassa!AC32*5.04 -> 1463.616 | J32: 0.0829 | K32: =Anassa!Z32 -> 0 | L32: 1.25 | M32: =Anassa!H32 -> 0 | N32: 0.88 | O32: =Anassa!AD32 -> 101 | P32: =Anassa!AE32 -> 214

Sheet Anassa
A1: Date | B1: Main Electricity (KWh) Reading | C1: Laundry Electricity (KWh) Reading | D1: Hotel Electricity (KWh) Reading | E1: Consumed | F1: Fuel Oil Hot-Water Boilers (Liter) Reading | G1: Fuel Oil (Liter) Received | H1: Consumed | I1: LPG % A | J1: LPG % B | K1: LPG % C | L1: LPG Kitchen (Liter) Reading | M1: LPG (Liter) Received | N1: Consumed | O1: LPG % A | P1: LPG % B | Q1: LPG % C | R1: LPG Pelagos (Liter) Reading | S1: LPG (Liter) Received | T1: Consumed | U1: Total Consumed | V1: Main Water Utility Supply (m3) Reading | W1: Laundry Water Utility Supply (m3) Reading | X1: Laundry Steam Boiler Water Utility Supply (m3) Reading | Y1: Hotel Water Utility Supply (m3) Reading | Z1: Consumed | AA1: Pellets (Kg) Reading | AB1: Pellets (Kg) Received | AC1: Consumed | AD1: Room Nights | AE1: Guest Nights
A2: 45931 | B2: 19372929 | C2: =SUM(4168+1786935.3+591618+9960+268491+29822) -> 2690994.3 | D2: =B2-C2 -> 16681935 | E2: =B3-B2 -> 15253 | F2: 15869 | H2: =F2+G2-F3 -> 0 | I2: 0.65 | J2: 0.65 | K2: 0.65 | L2: =SUM(I2:K2)/3*7500 -> 4875 | N2: =SUM(L2+M2-L3) -> 375 | O2: 0.6 | P2: 0.6 | Q2: 0.55 | R2: =SUM(O2:Q2)/3*1500 -> 875 | T2: =SUM(R2+S2-R3) -> 150 | U2: =SUM(N2+T2) -> 525 | V2: 691651 | W2: 81873 | X2: 17339 | Y2: =SUM(V2-W2-X2) -> 592439 | Z2: =SUM(Y3-Y2) -> 111 | AA2: 9000 | AC2: =SUM(AA2+AB2-AA3) -> 290.32 | AD2: 81 | AE2: 156
A3: 45932 | B3: 19388182 | C3: =SUM(4169.1+1787326+591618+9960.3+268634+29837) -> 2691544.4 | D3: =B3-C3 -> 16696638 | E3: =B4-B3 -> 14600 | F3: 15869 | H3: =F3+G3-F4 -> 410 | I3: 0.6 | J3: 0.6 | K3: 0.6 | L3: =SUM(I3:K3)/3*7500 -> 4500 | M3: 1502.02 | N3: =SUM(L4-M3-L3) -> 322.98 | O3: 0.5 | P3: 0.5 | Q3: 0.45 | R3: =SUM(O3:Q3)/3*1500 -> 725 | S3: 502.02 | T3: =SUM(R3+S3-R4) -> -72.98 | U3: =SUM(N3+T3) -> 250 | V3: 691872 | W3: 81970 | X3: 17352 | Y3: =SUM(V3-W3-X3) -> 592550 | Z3: =SUM(Y4-Y3) -> 125 | AA3: 8709.68 | AC3: =SUM(AA3+AB3-AA4) -> 290.32 | AD3: 97 | AE3: 175
A4: 45933 | B4: 19402782 | C4: =SUM(4169.9+1787684.8+591618+9960.5+268762+29849) -> 2692044.2 | D4: =B4-C4 -> 16710738 | E4: =B5-B4 -> 16783 | F4: 15459 | H4: =F4+G4-F5 -> 552 | I4: 0.88 | J4: 0.85 | K4: 0.8 | L4: =SUM(I4:K4)/3*7500 -> 6325 | N4: =SUM(L4+M4-L5) -> 200 | O4: 0.85 | P4: 0.85 | Q4: 0.9 | R4: =SUM(O4:Q4)/3*1500 -> 1300 | T4: =SUM(R4+S4-R5) -> 50 | U4: =SUM(N4+T4) -> 250 | V4: 692101 | W4: 82060 | X4: 17366 | Y4: =SUM(V4-W4-X4) -> 592675 | Z4: =SUM(Y5-Y4) -> 150 | AA4: 8419.36 | AC4: =AA4-AA5 -> 290.32 | AD4: 146 | AE4: 281
A5: 45934 | B5: 19419565 | C5: =SUM(4170.9+1788062.1+591618+9960.6+268890+29868) -> 2692569.6 | D5: =B5-C5 -> 16726995 | E5: =B6-B5 -> 16796 | F5: 14907 | H5: =F5+G5-F6 -> 555 | I5: 0.85 | J5: 0.8 | K5: 0.8 | L5: =SUM(I5:K5)/3*7500 -> 6125 | N5: =SUM(L6-L5-M5) -> -175 | O5: 0.85 | P5: 0.85 | Q5: 0.8 | R5: =SUM(O5:Q5)/3*1500 -> 1250 | T5: =SUM(R6-S5-R5) -> -75 | U5: =SUM(N5+T5) -> -250 | V5: 692362 | W5: 82157 | X5: 17380 | Y5: =SUM(V5-W5-X5) -> 592825 | Z5: =SUM(Y6-Y5) -> 162 | AA5: 8129.04 | AC5: =SUM(AA5+AB5-AA6) -> 290.32 | AD5: 167 | AE5: 325
A6: 45935 | B6: 19436361 | C6: =SUM(4171.7+1788447.8+591618+9961+269024+29888) -> 2693110.5 | D6: =B6-C6 -> 16743250 | E6: =B7-B6 -> 14897 | F6: 14352 | H6: =F6+G6-F7 -> 839 | I6: 0.85 | J6: 0.75 | K6: 0.78 | L6: =SUM(I6:K6)/3*7500 -> 5950 | N6: =SUM(L6+M6-L7) -> 200 | O6: 0.8 | P6: 0.8 | Q6: 0.75 | R6: =SUM(O6:Q6)/3*1500 -> 1175 | T6: =SUM(R6+S6-R7) -> 50 | U6: =SUM(N6+T6) -> 250 | V6: 692626 | W6: 82247 | X6: 17392 | Y6: =SUM(V6-W6-X6) -> 592987 | Z6: =SUM(Y7-Y6) -> 160 | AA6: 7838.72 | AC6: =SUM(AA6+AB6-AA7) -> 290.32 | AD6: 161 | AE6: 312
A7: 45936 | B7: 19451258 | C7: =SUM(4172.6+1788857+591618+9964.8+269158+29893) -> 2693663.4 | D7: =B7-C7 -> 16757595 | E7: =B8-B7 -> 13443 | F7: 13513 | H7: =F7+G7-F8 -> 1267 | I7: 0.8 | J7: 0.75 | K7: 0.75 | L7: =SUM(I7:K7)/3*7500 -> 5750 | N7: =SUM(L7+M7-L8) -> 375 | O7: 0.8 | P7: 0.75 | Q7: 0.7 | R7: =SUM(O7:Q7)/3*1500 -> 1125 | T7: =SUM(R7+S7-R8) -> 325 | U7: =SUM(N7+T7) -> 700 | V7: 692888 | W7: 82340 | X7: 17401 | Y7: =SUM(V7-W7-X7) -> 593147 | Z7: =SUM(Y8-Y7) -> 163 | AA7: 7548.4 | AC7: =SUM(AA7+AB7-AA8) -> 290.32 | AD7: 155 | AE7: 308
A8: 45937 | B8: 19464701 | C8: =SUM(4173.5+1789219.1+591618+9965.4+269234+29909) -> 2694119 | D8: =B8-C8 -> 16770582 | E8: =B9-B8 -> 13579 | F8: 12246 | H8: =F8+G8-F9 -> 987 | I8: 0.75 | J8: 0.7 | K8: 0.7 | L8: =SUM(I8:K8)/3*7500 -> 5375 | N8: =SUM(L8+M8-L9) -> 250 | O8: 0.5 | P8: 0.55 | Q8: 0.55 | R8: =SUM(O8:Q8)/3*1500 -> 800 | T8: =SUM(R8+S8-R9) -> 125 | U8: =SUM(N8+T8) -> 375 | V8: 693152 | W8: 82428 | X8: 17414 | Y8: =SUM(V8-W8-X8) -> 593310 | Z8: =SUM(Y9-Y8) -> 164 | AA8: 7258.08 | AC8: =SUM(AA8+AB8-AA9) -> 290.32 | AD8: 142 | AE8: 293
A9: 45938 | B9: 19478280 | C9: =SUM(4174.4+1789650.7+591618+9965.7+269410+29924) -> 2694742.8 | D9: =B9-C9 -> 16783537 | E9: =B10-B9 -> 12976 | F9: 11259 | H9: =F9+G9-F10 -> 841 | I9: 0.7 | J9: 0.7 | K9: 0.65 | L9: =SUM(I9:K9)/3*7500 -> 5125 | N9: =SUM(L9+M9-L10) -> 500 | O9: 0.45 | P9: 0.45 | Q9: 0.45 | R9: =SUM(O9:Q9)/3*1500 -> 675 | T9: =SUM(R9+S9-R10) -> 25 | U9: =SUM(N9+T9) -> 525 | V9: 693426 | W9: 82525 | X9: 17427 | Y9: =SUM(V9-W9-X9) -> 593474 | Z9: =SUM(Y10-Y9) -> 179 | AA9: 6967.76 | AC9: =SUM(AA9+AB9-AA10) -> 290.32 | AD9: 135 | AE9: 276
A10: 45939 | B10: 19491256 | C10: =SUM(4175.3+1790071.6+591618+9965.9+269543+29939) -> 2695312.8 | D10: =B10-C10 -> 16795943 | E10: =B11-B10 -> 12811 | F10: 10418 | H10: =F10+G10-F11 -> 1120 | I10: 0.65 | J10: 0.6 | K10: 0.6 | L10: =SUM(I10:K10)/3*7500 -> 4625 | M10: 1647.1 | N10: =SUM(L11-M10-L10) -> 477.9 | O10: 0.45 | P10: 0.45 | Q10: 0.4 | R10: =SUM(O10:Q10)/3*1500 -> 650 | S10: 638.75 | T10: =SUM(R11-S10-R10) -> 61.25 | U10: =SUM(N10+T10) -> 539.15 | V10: 693663 | W10: 82570 | X10: 17440 | Y10: =SUM(V10-W10-X10) -> 593653 | Z10: =SUM(Y11-Y10) -> 238 | AA10: 6677.44 | AC10: =SUM(AA10+AB10-AA11) -> 290.32 | AD10: 127 | AE10: 265
A11: 45940 | B11: 19504067 | C11: =SUM(1476.4+1790522.1+591618+9966.4+269696+29959) -> 2693237.9 | D11: =B11-C11 -> 16810829 | E11: =B12-B11 -> 12612 | F11: 9298 | H11: =F11+G11-F12 -> 828 | I11: 0.9 | J11: 0.9 | K11: 0.9 | L11: =SUM(I11:K11)/3*7500 -> 6750 | N11: =SUM(L11+M11-L12) -> 500 | O11: 0.9 | P11: 0.9 | Q11: 0.9 | R11: =SUM(O11:Q11)/3*1500 -> 1350 | T11: =SUM(R11+S11-R12) -> 75 | U11: =SUM(N11+T11) -> 575 | V11: 693922 | W11: 82576 | X11: 17455 | Y11: =SUM(V11-W11-X11) -> 593891 | Z11: =SUM(Y12-Y11) -> 238 | AA11: 6387.12 | AC11: =SUM(AA11+AB11-AA12) -> 290.32 | AD11: 132 | AE11: 263
A12: 45941 | B12: 19516679 | C12: =SUM(4177.5+1791002.7+591618+9966.7+269862+29978) -> 2696604.9 | D12: =B12-C12 -> 16820074 | E12: =B13-B12 -> 12717 | F12: 8470 | H12: =F12+G12-F13 -> 1087 | I12: 0.85 | J12: 0.85 | K12: 0.8 | L12: =SUM(I12:K12)/3*7500 -> 6250 | N12: =SUM(L12+M12-L13) -> 250 | O12: 0.85 | P12: 0.85 | Q12: 0.85 | R12: =SUM(O12:Q12)/3*1500 -> 1275 | T12: =SUM(R12+S12-R13) -> 50 | U12: =SUM(N12+T12) -> 300 | V12: 694187 | W12: 82580 | X12: 17478 | Y12: =SUM(V12-W12-X12) -> 594129 | Z12: =SUM(Y13-Y12) -> 251 | AA12: 6096.8 | AC12: =SUM(AA12+AB12-AA13) -> 290.32 | AD12: 157 | AE12: 309
A13: 45942 | B13: 19529396 | C13: =SUM(4178.4+1791429.1+591618+9966.9+270006+29999) -> 2697197.4 | D13: =B13-C13 -> 16832199 | E13: =B14-B13 -> 12202 | F13: 7383 | H13: =F13+G13-F14 -> 798 | I13: 0.75 | J13: 0.85 | K13: 0.8 | L13: =SUM(I13:K13)/3*7500 -> 6000 | N13: =SUM(L13+M13-L14) -> 625 | O13: 0.8 | P13: 0.85 | Q13: 0.8 | R13: =SUM(O13:Q13)/3*1500 -> 1225 | T13: =SUM(R13+S13-R14) -> 150 | U13: =SUM(N13+T13) -> 775 | V13: 694454 | W13: 82582 | X13: 17492 | Y13: =SUM(V13-W13-X13) -> 594380 | Z13: =SUM(Y14-Y13) -> 205 | AA13: 5806.48 | AC13: =SUM(AA13+AB13-AA14) -> 290.32 | AD13: 129 | AE13: 26
A14: 45943 | B14: 19541598 | C14: =SUM(4179.2+1791830.4+591618+9967.2+270148+30014) -> 2697756.8 | D14: =B14-C14 -> 16843841 | E14: =B15-B14 -> 11389 | F14: 6585 | H14: =F14+G14-F15 -> 907 | I14: 0.7 | J14: 0.75 | K14: 0.7 | L14: =SUM(I14:K14)/3*7500 -> 5375 | N14: =SUM(L14+M14-L15) -> 250 | O14: 0.75 | P14: 0.7 | Q14: 0.7 | R14: =SUM(O14:Q14)/3*1500 -> 1075 | T14: =SUM(R14+S14-R15) -> 175 | U14: =SUM(N14+T14) -> 425 | V14: 694681 | W14: 82588 | X14: 17508 | Y14: =SUM(V14-W14-X14) -> 594585 | Z14: =SUM(Y15-Y14) -> 236 | AA14: 5516.16 | AC14: =SUM(AA14+AB14-AA15) -> 290.32 | AD14: 122 | AE14: 244
A15: 45944 | B15: 19552987 | C15: =SUM(4180.3+1792299.7+591618+9967.5+270305+30033) -> 2698403.5 | D15: =B15-C15 -> 16854584 | E15: =B16-B15 -> 11807 | F15: 5678 | G15: 11300 | H15: =F15+G15-F16 -> 973 | I15: 0.7 | J15: 0.7 | K15: 0.65 | L15: =SUM(I15:K15)/3*7500 -> 5125 | N15: =SUM(L15+M15-L16) -> 375 | O15: 0.6 | P15: 0.6 | Q15: 0.6 | R15: =SUM(O15:Q15)/3*1500 -> 900 | T15: =SUM(R15+S15-R16) -> 175 | U15: =SUM(N15+T15) -> 550 | V15: 694933 | W15: 82591 | X15: 17521 | Y15: =SUM(V15-W15-X15) -> 594821 | Z15: =SUM(Y16-Y15) -> 213 | AA15: 5225.84 | AC15: =SUM(AA15+AB15-AA16) -> 290.32 | AD15: 124 | AE15: 247
A16: 45945 | B16: 19564794 | C16: =SUM(4181.3+1792724.1+591618+9967.8+9967.8+270447+30052) -> 2708958 | D16: =B16-C16 -> 16855836 | E16: =B17-B16 -> 12157 | F16: 16005 | H16: =F16+G16-F17 -> 959 | I16: 0.65 | J16: 0.65 | K16: 0.6 | L16: =SUM(I16:K16)/3*7500 -> 4750 | N16: =SUM(L16+M16-L17) -> 375 | O16: 0.45 | P16: 0.5 | Q16: 0.5 | R16: =SUM(O16:Q16)/3*1500 -> 725 | T16: =SUM(R16+S16-R17) -> 100 | U16: =SUM(N16+T16) -> 475 | V16: 695161 | W16: 82593 | X16: 17534 | Y16: =SUM(V16-W16-X16) -> 595034 | Z16: =SUM(Y17-Y16) -> 227 | AA16: 4935.52 | AC16: =SUM(AA16+AB16-AA17) -> 290.32 | AD16: 117 | AE16: 228
A17: 45946 | B17: 19576951 | C17: =SUM(4182.2+1793158.1+591618+9968.2+270599+30059) -> 2699584.5 | D17: =B17-C17 -> 16877366 | E17: =B18-B17 -> 11874 | F17: 15046 | H17: =F17+G17-F18 -> 833 | I17: 0.6 | J17: 0.6 | K17: 0.55 | L17: =SUM(I17:K17)/3*7500 -> 4375 | M17: 1716.83 | N17: =SUM(L18-M17-L17) -> 283.17 | O17: 0.4 | P17: 0.45 | Q17: 0.4 | R17: =SUM(O17:Q17)/3*1500 -> 625 | S17: 638.94 | T17: =SUM(R18-S17-R17) -> 36.06 | U17: =SUM(N17+T17) -> 319.23 | V17: 695401 | W17: 82592 | X17: 17548 | Y17: =SUM(V17-W17-X17) -> 595261 | Z17: =SUM(Y18-Y17) -> 212 | AA17: 4645.2 | AC17: =SUM(AA17+AB17-AA18) -> 290.32 | AD17: 116 | AE17: 226
A18: 45947 | B18: 19588825 | C18: =SUM(4183.1+1793559.5+591618+9968.7+270742+30074) -> 2700145.3 | D18: =B18-C18 -> 16888680 | E18: =B19-B18 -> 12252 | F18: 14213 | H18: =F18+G18-F19 -> 1262 | I18: 0.85 | J18: 0.85 | K18: 0.85 | L18: =SUM(I18:K18)/3*7500 -> 6375 | N18: =SUM(L18+M18-L19) -> 250 | O18: 0.9 | P18: 0.85 | Q18: 0.85 | R18: =SUM(O18:Q18)/3*1500 -> 1300 | T18: =SUM(R18+S18-R19) -> 75 | U18: =SUM(N18+T18) -> 325 | V18: 695630 | W18: 82597 | X18: 17560 | Y18: =SUM(V18-W18-X18) -> 595473 | Z18: =SUM(Y19-Y18) -> 269 | AA18: 4354.88 | AC18: =SUM(AA18+AB18-AA19) -> 290.32 | AD18: 149 | AE18: 292
A19: 45948 | B19: 19601077 | C19: =SUM(4184+1793968.5+591618+9969.5+270891+30089) -> 2700720 | D19: =B19-C19 -> 16900357 | E19: =B20-B19 -> 13001 | F19: 12951 | H19: =F19+G19-F20 -> 987 | I19: 0.8 | J19: 0.8 | K19: 0.85 | L19: =SUM(I19:K19)/3*7500 -> 6125 | N19: =SUM(L19+M19-L20) -> 375 | O19: 0.85 | P19: 0.8 | Q19: 0.8 | R19: =SUM(O19:Q19)/3*1500 -> 1225 | T19: =SUM(R19+S19-R20) -> 50 | U19: =SUM(N19+T19) -> 425 | V19: 695914 | W19: 82599 | X19: 17573 | Y19: =SUM(V19-W19-X19) -> 595742 | Z19: =SUM(Y20-Y19) -> 234 | AA19: 4064.56 | AC19: =SUM(AA19+AB19-AA20) -> 290.32 | AD19: 14 | AE19: 290
A20: 45949 | B20: 19614078 | C20: =SUM(4184.9+1794375.1+591618+9970.3+271020+30103) -> 2701271.3 | D20: =B20-C20 -> 16912807 | E20: =B21-B20 -> 12102 | F20: 11964 | H20: =F20+G20-F21 -> 987 | I20: 0.75 | J20: 0.75 | K20: 0.8 | L20: =SUM(I20:K20)/3*7500 -> 5750 | N20: =SUM(L20+M20-L21) -> 125 | O20: 0.8 | P20: 0.8 | Q20: 0.75 | R20: =SUM(O20:Q20)/3*1500 -> 1175 | T20: =SUM(R20+S20-R21) -> 200 | U20: =SUM(N20+T20) -> 325 | V20: 696161 | W20: 82601 | X20: 17584 | Y20: =SUM(V20-W20-X20) -> 595976 | Z20: =SUM(Y21-Y20) -> 251 | AA20: 3774.24 | AC20: =SUM(AA20+AB20-AA21) -> 290.32 | AD20: 131 | AE20: 276
A21: 45950 | B21: 19626180 | C21: =SUM(4185.7+1794757.6+591618+9970.7+271153+30117) -> 2701802 | D21: =B21-C21 -> 16924378 | E21: =B22-B21 -> 13111 | F21: 10977 | H21: =F21+G21-F22 -> 982 | I21: 0.75 | J21: 0.75 | K21: 0.75 | L21: =SUM(I21:K21)/3*7500 -> 5625 | N21: =SUM(L21+M21-L22) -> 375 | O21: 0.65 | P21: 0.65 | Q21: 0.65 | R21: =SUM(O21:Q21)/3*1500 -> 975 | T21: =SUM(R21+S21-R22) -> 100 | U21: =SUM(N21+T21) -> 475 | V21: 696424 | W21: 82603 | X21: 17594 | Y21: =SUM(V21-W21-X21) -> 596227 | Z21: =SUM(Y22-Y21) -> 231 | AA21: 3483.92 | AC21: =SUM(AA21+AB21-AA22) -> 290.32 | AD21: 137 | AE21: 290
A22: 45951 | B22: 19639291 | C22: =SUM(4186.7+1795214.4+591618+9971.3+271311+30136) -> 2702437.4 | D22: =B22-C22 -> 16936854 | E22: =B23-B22 -> 12058 | F22: 9995 | G22: 9000 | H22: =F22+G22-F23 -> 1390 | I22: 0.7 | J22: 0.7 | K22: 0.7 | L22: =SUM(I22:K22)/3*7500 -> 5250 | N22: =SUM(L22+M22-L23) -> 375 | O22: 0.55 | P22: 0.6 | Q22: 0.6 | R22: =SUM(O22:Q22)/3*1500 -> 875 | T22: =SUM(R22+S22-R23) -> 125 | U22: =SUM(N22+T22) -> 500 | V22: 696671 | W22: 82606 | X22: 17607 | Y22: =SUM(V22-W22-X22) -> 596458 | Z22: =SUM(Y23-Y22) -> 228 | AA22: 3193.6 | AC22: =SUM(AA22+AB22-AA23) -> 290.32 | AD22: 137 | AE22: 290
A23: 45952 | B23: 19651349 | C23: =SUM(4187.6+1795617.1+591618+9971.6+271444+30154) -> 2702992.3 | D23: =B23-C23 -> 16948357 | E23: =B24-B23 -> 12968 | F23: 17605 | H23: =F23+G23-F24 -> 1600 | I23: 0.65 | J23: 0.65 | K23: 0.65 | L23: =SUM(I23:K23)/3*7500 -> 4875 | N23: =SUM(L23+M23-L24) -> 125 | O23: 0.5 | P23: 0.5 | Q23: 0.5 | R23: =SUM(O23:Q23)/3*1500 -> 750 | T23: =SUM(R23+S23-R24) -> 100 | U23: =SUM(N23+T23) -> 225 | V23: 696912 | W23: 82607 | X23: 17619 | Y23: =SUM(V23-W23-X23) -> 596686 | Z23: =SUM(Y24-Y23) -> 244 | AA23: 2903.28 | AC23: =SUM(AA23+AB23-AA24) -> 290.32 | AD23: 147 | AE23: 317
A24: 45953 | B24: 19664317 | C24: =SUM(4188.6+1796067.2+891618+9973.1+271595+30167) -> 3003608.9 | D24: =B24-C24 -> 16660708 | E24: =B25-B24 -> 12400 | F24: 16005 | H24: =F24+G24-F25 -> 2212 | I24: 0.65 | J24: 0.65 | K24: 0.6 | L24: =SUM(I24:K24)/3*7500 -> 4750 | M24: 1622.85 | N24: =SUM(L25-M24-L24) -> 127.15 | O24: 0.45 | P24: 0.4 | Q24: 0.45 | R24: =SUM(O24:Q24)/3*1500 -> 650 | S24: 564.59 | T24: =SUM(R25-S24-R24) -> 135.41 | U24: =SUM(N24+T24) -> 262.56 | V24: 697170 | W24: 82608 | X24: 17632 | Y24: =SUM(V24-W24-X24) -> 596930 | Z24: =SUM(Y25-Y24) -> 246 | AA24: 2612.96 | AC24: =SUM(AA24+AB24-AA25) -> 290.32 | AD24: 138 | AE24: 299
A25: 45954 | B25: 19676717 | C25: =SUM(4189.4+1796450.4+591618+9974.9+271725+30176) -> 2704133.7 | D25: =B25-C25 -> 16972583 | E25: =B26-B25 -> 11892 | F25: 13793 | H25: =F25+G25-F26 -> 1829 | I25: 0.85 | J25: 0.9 | K25: 0.85 | L25: =SUM(I25:K25)/3*7500 -> 6500 | N25: =SUM(L25+M25-L26) -> 625 | O25: 0.9 | P25: 0.9 | Q25: 0.9 | R25: =SUM(O25:Q25)/3*1500 -> 1350 | T25: =SUM(R25+S25-R26) -> 75 | U25: =SUM(N25+T25) -> 700 | V25: 697427 | W25: 82610 | X25: 17641 | Y25: =SUM(V25-W25-X25) -> 597176 | Z25: =SUM(Y26-Y25) -> 239 | AA25: 2322.64 | AC25: =SUM(AA25+AB25-AA26) -> 290.32 | AD25: 151 | AE25: 328
A26: 45955 | B26: 19688609 | C26: =SUM(4190.3+1796876.3+591618+9977.8+271866+30177) -> 2704705.4 | D26: =B26-C26 -> 16983904 | E26: =B27-B26 -> 13701 | F26: 11964 | H26: =F26+G26-F27 -> 1969 | I26: 0.75 | J26: 0.8 | K26: 0.8 | L26: =SUM(I26:K26)/3*7500 -> 5875 | N26: =SUM(L27-M26-L26) -> 0 | O26: 0.85 | P26: 0.85 | Q26: 0.85 | R26: =SUM(O26:Q26)/3*1500 -> 1275 | T26: =SUM(R26+S26-R27) -> 75 | U26: =SUM(N26+T26) -> 75 | V26: 697675 | W26: 82610 | X26: 17650 | Y26: =SUM(V26-W26-X26) -> 597415 | Z26: =SUM(Y27-Y26) -> 262 | AA26: 2032.32 | AC26: =SUM(AA26+AB26-AA27) -> 290.32 | AD26: 155 | AE26: 349
A27: 45956 | B27: 19702310 | C27: =SUM(4191.3+1797334.4+591618+9981.4+271998+30179) -> 2705302.1 | D27: =B27-C27 -> 16997008 | E27: =B28-B27 -> 11925 | F27: 9995 | H27: =F27+G27-F28 -> 1662 | I27: 0.75 | J27: 0.8 | K27: 0.8 | L27: =SUM(I27:K27)/3*7500 -> 5875 | N27: =SUM(L27+M27-L28) -> 375 | O27: 0.8 | P27: 0.8 | Q27: 0.8 | R27: =SUM(O27:Q27)/3*1500 -> 1200 | T27: =SUM(R27+S27-R28) -> 150 | U27: =SUM(N27+T27) -> 525 | V27: 697951 | W27: 82611 | X27: 17663 | Y27: =SUM(V27-W27-X27) -> 597677 | Z27: =SUM(Y28-Y27) -> 233 | AA27: 1742 | AC27: =SUM(AA27+AB27-AA28) -> 290.32 | AD27: 158 | AE27: 354
A28: 45957 | B28: 19714235 | C28: =SUM(4192.1+1797727.9+591618+9982.7+272130+30195) -> 2705845.7 | D28: =B28-C28 -> 17008389 | E28: =B29-B28 -> 12992 | F28: 8333 | H28: =F28+G28-F29 -> 1218 | I28: 0.7 | J28: 0.75 | K28: 0.75 | L28: =SUM(I28:K28)/3*7500 -> 5500 | N28: =SUM(L28+M28-L29) -> 375 | O28: 0.7 | P28: 0.7 | Q28: 0.7 | R28: =SUM(O28:Q28)/3*1500 -> 1050 | T28: =SUM(R28+S28-R29) -> 50 | U28: =SUM(N28+T28) -> 425 | V28: 698195 | W28: 82611 | X28: 17674 | Y28: =SUM(V28-W28-X28) -> 597910 | Z28: =SUM(Y29-Y28) -> 304 | AA28: 1451.68 | AC28: =SUM(AA28+AB28-AA29) -> 290.32 | AD28: 148 | AE28: 328
A29: 45958 | B29: 19727227 | C29: =SUM(4193.1+1798195.4+591618+9983.1+272275+30219) -> 2706483.6 | D29: =B29-C29 -> 17020743 | E29: =B30-B29 -> 12041 | F29: 7115 | H29: =F29+G29-F30 -> 1052 | I29: 0.7 | J29: 0.7 | K29: 0.65 | L29: =SUM(I29:K29)/3*7500 -> 5125 | N29: =SUM(L29+M29-L30) -> 375 | O29: 0.65 | P29: 0.65 | Q29: 0.7 | R29: =SUM(O29:Q29)/3*1500 -> 1000 | T29: =SUM(R29+S29-R30) -> 125 | U29: =SUM(N29+T29) -> 500 | V29: 698513 | W29: 82611 | X29: 17688 | Y29: =SUM(V29-W29-X29) -> 598214 | Z29: =SUM(Y30-Y29) -> 250 | AA29: 1161.36 | AC29: =SUM(AA29+AB29-AA30) -> 290.32 | AD29: 144 | AE29: 316
A30: 45959 | B30: 19739268 | C30: =SUM(4193.9+1798606+591618+9983.3+272404+30241) -> 2707046.2 | D30: =B30-C30 -> 17032222 | E30: =B31-B30 -> 12763 | F30: 6063 | H30: =F30+G30-F31 -> 1385 | I30: 0.65 | J30: 0.65 | K30: 0.6 | L30: =SUM(I30:K30)/3*7500 -> 4750 | N30: =SUM(L30+M30-L31) -> 375 | O30: 0.55 | P30: 0.6 | Q30: 0.6 | R30: =SUM(O30:Q30)/3*1500 -> 875 | T30: =SUM(R30+S30-R31) -> 100 | U30: =SUM(N30+T30) -> 475 | V30: 698777 | W30: 82611 | X30: 17702 | Y30: =SUM(V30-W30-X30) -> 598464 | Z30: =SUM(Y31-Y30) -> 225 | AA30: 871.04 | AC30: =SUM(AA30+AB30-AA31) -> 290.32 | AD30: 123 | AE30: 265
A31: 45960 | B31: 19752031 | C31: =SUM(4194.8+1799037.2+591618+9983.7+272530+30261) -> 2707624.7 | D31: =B31-C31 -> 17044406 | E31: =B32-B31 -> 11864 | F31: 4678 | G31: 11400 | H31: =F31+G31-F32 -> 1726 | I31: 0.6 | J31: 0.6 | K31: 0.55 | L31: =SUM(I31:K31)/3*7500 -> 4375 | M31: 1624.92 | N31: =SUM(L32-M31-L31) -> 250.08 | O31: 0.5 | P31: 0.5 | Q31: 0.55 | R31: =SUM(O31:Q31)/3*1500 -> 775 | S31: 494.59 | T31: =SUM(R31+S31-R32) -> -55.41 | U31: =SUM(N31+T31) -> 194.67 | V31: 699017 | W31: 82611 | X31: 17717 | Y31: =SUM(V31-W31-X31) -> 598689 | Z31: =SUM(Y32-Y31) -> 238 | AA31: 580.72 | AC31: =SUM(AA31+AB31-AA32) -> 290.32 | AD31: 112 | AE31: 238
A32: 45961 | B32: 19763895 | C32: =SUM(4195.8+1799490+591618+9985.6+272670+30274) -> 2708233.4 | D32: =B32-C32 -> 17055662 | E32: =B33-B32 -> 11597 | F32: 14352 | H32: 0 | I32: 0.8 | J32: 0.85 | K32: 0.85 | L32: =SUM(I32:K32)/3*7500 -> 6250 | N32: 0 | O32: 0.9 | P32: 0.9 | Q32: 0.85 | R32: =SUM(O32:Q32)/3*1500 -> 1325 | T32: 0 | U32: 0 | V32: 699268 | W32: 82611 | X32: 17730 | Y32: =SUM(V32-W32-X32) -> 598927 | Z32: 0 | AA32: 290.4 | AC32: =SUM(AA32+AB32-AA33) -> 290.4 | AD32: 101 | AE32: 214
A33: 45962 | B33: 19775492 | C33: 2708793 | D33: =B33-C33 -> 17066699 | F33: 11823 | V33: 699511 | W33: 82611 | X33: 17742 | Y33: =SUM(V33-W33-X33) -> 599158 | AA33: 0
E34: =SUM(E2:E33) -> 402563 | H34: =SUM(H2:H33) -> 33217 | M34: =SUM(M2:M33) -> 8113.72 | N34: =SUM(N2:N33) -> 9311.28 | S34: =SUM(S2:S33) -> 2838.89 | T34: =SUM(T2:T33) -> 2704.33 | U34: =SUM(U2:U33) -> 12015.61 | Z34: =SUM(Z2:Z33) -> 6488 | AB34: =SUM(AB2:AB33) -> 0 | AC34: =SUM(AC2:AC33) -> 9000 | AD34: =SUM(AD2:AD33) -> 4053 | AE34: =SUM(AE2:AE32) -> 8380
