Workbook

Sheet Total
A1: Site Name | B1: Day | C1: Month | D1: Year | E1: Total Electricity Kwh | F1: Electricity Tariff ($/Kwh) | G1: LPG (Liters) | H1: LPG $/Liter | I1: Water Utility Supply (m3) m3 | J1: Water Utility Supply (m3) $/m3 | K1: District Energy Heating Kwh | L1: District Energy Heating $/Kwh | M1: Total Fuel Oil (Liter) | N1: Fuel Oil $/Liter | O1: Room Nights | P1: Total Guests
A2: Annabelle | B2: 1 | C2: 11 | D2: 2025 | E2: =IF('November 2025'!C2<0,"0",'November 2025'!C2)+(IF('November 2025'!E2<0,"0",'November 2025'!E2)-(IF('November 2025'!G2<0,"0",'November 2025'!G2))) -> 5975 | F2: =('November 2025'!C2*0.27)/('November 2025'!C2+'November 2025'!E2) -> 0.22892385 | G2: ='November 2025'!U2 -> 115 | H2: 0.62 | I2: ='November 2025'!W2 -> 108 | J2: 2.42 | K2: ='November 2025'!AB2*5.04 -> 0 | L2: 0.1151 | M2: ='November 2025'!M2 -> 0 | N2: 0.88 | O2: ='November 2025'!AC2 -> 153 | P2: ='November 2025'!AD2 -> 312
A3: Annabelle | B3: =B2+1 -> 2 | C3: 11 | D3: 2025 | E3: =IF('November 2025'!C3<0,"0",'November 2025'!C3)+(IF('November 2025'!E3<0,"0",'November 2025'!E3)-(IF('November 2025'!G3<0,"0",'November 2025'!G3))) -> 5917 | F3: =('November 2025'!C3*0.27)/('November 2025'!C3+'November 2025'!E3) -> 0.23614163 | G3: ='November 2025'!U3 -> 160 | H3: 0.62 | I3: ='November 2025'!W3 -> 102 | J3: 2.42 | K3: ='November 2025'!AB3*5.04 -> 0 | L3: 0.1151 | M3: ='November 2025'!M3 -> 0 | N3: 0.88 | O3: ='November 2025'!AC3 -> 141 | P3: ='November 2025'!AD3 -> 274
A4: Annabelle | B4: =B3+1 -> 3 | C4: 11 | D4: 2025 | E4: =IF('November 2025'!C4<0,"0",'November 2025'!C4)+(IF('November 2025'!E4<0,"0",'November 2025'!E4)-(IF('November 2025'!G4<0,"0",'November 2025'!G4))) -> 5680 | F4: =('November 2025'!C4*0.27)/('November 2025'!C4+'November 2025'!E4) -> 0.24319014 | G4: ='November 2025'!U4 -> 111 | H4: 0.62 | I4: ='November 2025'!W4 -> 103 | J4: 2.42 | K4: ='November 2025'!AB4*5.04 -> 0 | L4: 0.1151 | M4: ='November 2025'!M4 -> 0 | N4: 0.88 | O4: ='November 2025'!AC4 -> 133 | P4: ='November 2025'!AD4 -> 257
A5: Annabelle | B5: =B4+1 -> 4 | C5: 11 | D5: 2025 | E5: =IF('November 2025'!C5<0,"0",'November 2025'!C5)+(IF('November 2025'!E5<0,"0",'November 2025'!E5)-(IF('November 2025'!G5<0,"0",'November 2025'!G5))) -> 5565 | F5: =('November 2025'!C5*0.27)/('November 2025'!C5+'November 2025'!E5) -> 0.22948787 | G5: ='November 2025'!U5 -> 125 | H5: 0.62 | I5: ='November 2025'!W5 -> 90 | J5: 2.42 | K5: ='November 2025'!AB5*5.04 -> 0 | L5: 0.1151 | M5: ='November 2025'!M5 -> 0 | N5: 0.88 | O5: ='November 2025'!AC5 -> 145 | P5: ='November 2025'!AD5 -> 277
A6: Annabelle | B6: =B5+1 -> 5 | C6: 11 | D6: 2025 | E6: =IF('November 2025'!C6<0,"0",'November 2025'!C6)+(IF('November 2025'!E6<0,"0",'November 2025'!E6)-(IF('November 2025'!G6<0,"0",'November 2025'!G6))) -> 6732 | F6: =('November 2025'!C6*0.27)/('November 2025'!C6+'November 2025'!E6) -> 0.23895722 | G6: ='November 2025'!U6 -> 125 | H6: 0.62 | I6: ='November 2025'!W6 -> 105 | J6: 2.42 | K6: ='November 2025'!AB6*5.04 -> 0 | L6: 0.1151 | M6: ='November 2025'!M6 -> 0 | N6: 0.88 | O6: ='November 2025'!AC6 -> 202 | P6: ='November 2025'!AD6 -> 368
A7: Annabelle | B7: =B6+1 -> 6 | C7: 11 | D7: 2025 | E7: =IF('November 2025'!C7<0,"0",'November 2025'!C7)+(IF('November 2025'!E7<0,"0",'November 2025'!E7)-(IF('November 2025'!G7<0,"0",'November 2025'!G7))) -> 6855 | F7: =('November 2025'!C7*0.27)/('November 2025'!C7+'November 2025'!E7) -> 0.24026258 | G7: ='November 2025'!U7 -> 165 | H7: 0.62 | I7: ='November 2025'!W7 -> 135 | J7: 2.42 | K7: ='November 2025'!AB7*5.04 -> 0 | L7: 0.1151 | M7: ='November 2025'!M7 -> 0 | N7: 0.88 | O7: ='November 2025'!AC7 -> 237 | P7: ='November 2025'!AD7 -> 426
A8: Annabelle | B8: =B7+1 -> 7 | C8: 11 | D8: 2025 | E8: =IF('November 2025'!C8<0,"0",'November 2025'!C8)+(IF('November 2025'!E8<0,"0",'November 2025'!E8)-(IF('November 2025'!G8<0,"0",'November 2025'!G8))) -> 6215 | F8: =('November 2025'!C8*0.27)/('November 2025'!C8+'November 2025'!E8) -> 0.24102333 | G8: ='November 2025'!U8 -> 95 | H8: 0.62 | I8: ='November 2025'!W8 -> 119 | J8: 2.42 | K8: ='November 2025'!AB8*5.04 -> 0 | L8: 0.1151 | M8: ='November 2025'!M8 -> 0 | N8: 0.88 | O8: ='November 2025'!AC8 -> 237 | P8: ='November 2025'!AD8 -> 431
A9: Annabelle | B9: =B8+1 -> 8 | C9: 11 | D9: 2025 | E9: =IF('November 2025'!C9<0,"0",'November 2025'!C9)+(IF('November 2025'!E9<0,"0",'November 2025'!E9)-(IF('November 2025'!G9<0,"0",'November 2025'!G9))) -> 6216 | F9: =('November 2025'!C9*0.27)/('November 2025'!C9+'November 2025'!E9) -> 0.23394788 | G9: ='November 2025'!U9 -> 105 | H9: 0.62 | I9: ='November 2025'!W9 -> 125 | J9: 2.42 | K9: ='November 2025'!AB9*5.04 -> 0 | L9: 0.1151 | M9: ='November 2025'!M9 -> 0 | N9: 0.88 | O9: ='November 2025'!AC9 -> 241 | P9: ='November 2025'!AD9 -> 440
A10: Annabelle | B10: =B9+1 -> 9 | C10: 11 | D10: 2025 | E10: =IF('November 2025'!C10<0,"0",'November 2025'!C10)+(IF('November 2025'!E10<0,"0",'November 2025'!E10)-(IF('November 2025'!G10<0,"0",'November 2025'!G10))) -> 6177 | F10: =('November 2025'!C10*0.27)/('November 2025'!C10+'November 2025'!E10) -> 0.23363283 | G10: ='November 2025'!U10 -> 75 | H10: 0.62 | I10: ='November 2025'!W10 -> 111 | J10: 2.42 | K10: ='November 2025'!AB10*5.04 -> 0 | L10: 0.1151 | M10: ='November 2025'!M10 -> 0 | N10: 0.88 | O10: ='November 2025'!AC10 -> 226 | P10: ='November 2025'!AD10 -> 419
A11: Annabelle | B11: =B10+1 -> 10 | C11: 11 | D11: 2025 | E11: =IF('November 2025'!C11<0,"0",'November 2025'!C11)+(IF('November 2025'!E11<0,"0",'November 2025'!E11)-(IF('November 2025'!G11<0,"0",'November 2025'!G11))) -> 5871 | F11: =('November 2025'!C11*0.27)/('November 2025'!C11+'November 2025'!E11) -> 0.23583035 | G11: ='November 2025'!U11 -> 164 | H11: 0.62 | I11: ='November 2025'!W11 -> 115 | J11: 2.42 | K11: ='November 2025'!AB11*5.04 -> 0 | L11: 0.1151 | M11: ='November 2025'!M11 -> 7000 | N11: 0.88 | O11: ='November 2025'!AC11 -> 221 | P11: ='November 2025'!AD11 -> 409
A12: Annabelle | B12: =B11+1 -> 11 | C12: 11 | D12: 2025 | E12: =IF('November 2025'!C12<0,"0",'November 2025'!C12)+(IF('November 2025'!E12<0,"0",'November 2025'!E12)-(IF('November 2025'!G12<0,"0",'November 2025'!G12))) -> 6041 | F12: =('November 2025'!C12*0.27)/('November 2025'!C12+'November 2025'!E12) -> 0.23554047 | G12: ='November 2025'!U12 -> 125 | H12: 0.62 | I12: ='November 2025'!W12 -> 113 | J12: 2.42 | K12: ='November 2025'!AB12*5.04 -> 0 | L12: 0.1151 | M12: ='November 2025'!M12 -> 0 | N12: 0.88 | O12: ='November 2025'!AC12 -> 219 | P12: ='November 2025'!AD12 -> 391
A13: Annabelle | B13: =B12+1 -> 12 | C13: 11 | D13: 2025 | E13: =IF('November 2025'!C13<0,"0",'November 2025'!C13)+(IF('November 2025'!E13<0,"0",'November 2025'!E13)-(IF('November 2025'!G13<0,"0",'November 2025'!G13))) -> 5943 | F13: =('November 2025'!C13*0.27)/('November 2025'!C13+'November 2025'!E13) -> 0.24696618 | G13: ='November 2025'!U13 -> 85 | H13: 0.62 | I13: ='November 2025'!W13 -> 111 | J13: 2.42 | K13: ='November 2025'!AB13*5.04 -> 0 | L13: 0.1151 | M13: ='November 2025'!M13 -> 0 | N13: 0.88 | O13: ='November 2025'!AC13 -> 231 | P13: ='November 2025'!AD13 -> 397
A14: Annabelle | B14: =B13+1 -> 13 | C14: 11 | D14: 2025 | E14: =IF('November 2025'!C14<0,"0",'November 2025'!C14)+(IF('November 2025'!E14<0,"0",'November 2025'!E14)-(IF('November 2025'!G14<0,"0",'November 2025'!G14))) -> 5721 | F14: =('November 2025'!C14*0.27)/('November 2025'!C14+'November 2025'!E14) -> 0.25154693 | G14: ='November 2025'!U14 -> 200 | H14: 0.62 | I14: ='November 2025'!W14 -> 106 | J14: 2.42 | K14: ='November 2025'!AB14*5.04 -> 0 | L14: 0.1151 | M14: ='November 2025'!M14 -> 0 | N14: 0.88 | O14: ='November 2025'!AC14 -> 214 | P14: ='November 2025'!AD14 -> 376
... A31: Annabelle | B31: =B30+1 -> 30 | C31: 11 | D31: 2025 | E31: =IF('November 2025'!C31<0,"0",'November 2025'!C31)+(IF('November 2025'!E31<0,"0",'November 2025'!E31)-(IF('November 2025'!G31<0,"0",'November 2025'!G31))) -> 4224 | F31: =('November 2025'!C31*0.27)/('November 2025'!C31+'November 2025'!E31) -> 0.24315341 | G31: ='November 2025'!U31 -> 50 | H31: 0.62 | I31: ='November 2025'!W31 -> 58 | J31: 2.42 | K31: ='November 2025'!AB31*5.04 -> 0 | L31: 0.1151 | M31: ='November 2025'!M31 -> 0 | N31: 0.88 | O31: ='November 2025'!AC31 -> 51 | P31: ='November 2025'!AD31 -> 75

Sheet November 2025
A1: Date | B1: Purchased Electricity (Kwh) Reading | C1: BOUGHT | D1: Total Renewable Energy Production (Kwh) Reading | E1: PRODUCED | F1: Total Renewable Energy Exported (KWh) Reading | G1: SOLD | H1: HOTEL Electricity (KWh) Consumed incl. --> | I1: HOTEL Electricity (KWh) Consumed excl. --> | J1: Consumed | K1: Date | L1: Fuel Oil Hot-Water Boilers (Liter) Reading | M1: Fuel Oil (Liter) Received | N1: Consumed | O1: LPG % TANK 1 | P1: LPG % TANK 2 | Q1: LPG % TANK 3 | R1: LPG % TANK 4 | S1: LPG (Liter) Reading | T1: LPG (Liter) Received | U1: Consumed | V1: Water Utility Supply (m3) Reading | W1: Consumed | X1: Irrigation Water Supply (m3) Reading | Y1: Consumed | Z1: Pellets (Kg) Reading | AA1: Pellets (Kg) Received | AB1: Consumed | AC1: Room Nights | AD1: Guest Nights
A2: 45962 | B2: 1252523 | C2: =IF((B3-B2)<0,"0",B3-B2) -> 5066 | D2: 975091 | E2: =IF((D3-D2)<0,"0",D3-D2) -> 909 | F2: 1704 | G2: =F3-F2 -> 0 | H2: =C2+E2-G2 -> 5975 | I2: =H2-K2-M2-O2-Q2 -> -39988.22 | J2: =I3-I2 -> -58.91 | K2: =A2 -> 45962 | L2: 3520 | M2: 0 | N2: =IF((L2-L3+M2)=L2,"0",(L2-L3+M2)) -> 287 | O2: 0.6 | P2: 0.63 | Q2: 0.62 | R2: 0.61 | S2: =(2500*O2)+(2500*P2)+(500*Q2)+(500*R2) -> 3690 | U2: =IF((S2-S3+T2)=S2,"0",(S2-S3+T2)) -> 115 | V2: 35221 | W2: =IF(V3-V2<0,"0",V3-V2) -> 108 | X2: 61265 | Y2: =IF((X3-X2)<0,"0",X3-X2) -> 0 | Z2: 2405 | AB2: =IF((Z2-Z3+AA2)=Z2,"0",(Z2-Z3+AA2)) -> 0 | AC2: 153 | AD2: 312
A3: 45963 | B3: 1257589 | C3: =IF((B4-B3)<0,"0",B4-B3) -> 5175 | D3: 976000 | E3: =IF((D4-D3)<0,"0",D4-D3) -> 742 | F3: 1704 | G3: =F4-F3 -> 0 | H3: =C3+E3-G3 -> 5917 | I3: =H3-K3-M3-O3-Q3 -> -40047.13 | J3: =I4-I3 -> -237.91 | K3: =A3 -> 45963 | L3: 3233 | M3: 0 | N3: =IF((L3-L4+M3)=L3,"0",(L3-L4+M3)) -> 285 | O3: 0.58 | P3: 0.63 | Q3: 0.55 | R3: 0.55 | S3: =(2500*O3)+(2500*P3)+(500*Q3)+(500*R3) -> 3575 | U3: =IF((S3-S4+T3)=S3,"0",(S3-S4+T3)) -> 160 | V3: 35329 | W3: =IF(V4-V3<0,"0",V4-V3) -> 102 | X3: 61265 | Y3: =IF((X4-X3)<0,"0",X4-X3) -> 0 | Z3: 2405 | AB3: =IF((Z3-Z4+AA3)=Z3,"0",(Z3-Z4+AA3)) -> 0 | AC3: 141 | AD3: 274
A4: 45964 | B4: 1262764 | C4: =IF((B5-B4)<0,"0",B5-B4) -> 5116 | D4: 976742 | E4: =IF((D5-D4)<0,"0",D5-D4) -> 564 | F4: 1704 | G4: =F5-F4 -> 0 | H4: =C4+E4-G4 -> 5680 | I4: =H4-K4-M4-O4-Q4 -> -40285.04 | J4: =I5-I4 -> -116.66 | K4: =A4 -> 45964 | L4: 2948 | M4: 0 | N4: =IF((L4-L5+M4)=L4,"0",(L4-L5+M4)) -> 280 | O4: 0.55 | P4: 0.61 | Q4: 0.49 | R4: 0.54 | S4: =(2500*O4)+(2500*P4)+(500*Q4)+(500*R4) -> 3415 | T4: 1606 | U4: =IF((S4-S5+T4)=S4,"0",(S4-S5+T4)) -> 111 | V4: 35431 | W4: =IF(V5-V4<0,"0",V5-V4) -> 103 | X4: 61265 | Y4: =IF((X5-X4)<0,"0",X5-X4) -> 0 | Z4: 2405 | AB4: =IF((Z4-Z5+AA4)=Z4,"0",(Z4-Z5+AA4)) -> 0 | AC4: 133 | AD4: 257
A5: 45965 | B5: 1267880 | C5: =IF((B6-B5)<0,"0",B6-B5) -> 4730 | D5: 977306 | E5: =IF((D6-D5)<0,"0",D6-D5) -> 835 | F5: 1704 | G5: =F6-F5 -> 0 | H5: =C5+E5-G5 -> 5565 | I5: =H5-K5-M5-O5-Q5 -> -40401.7 | J5: =I6-I5 -> 1166.06 | K5: =A5 -> 45965 | L5: 2668 | M5: 0 | N5: =IF((L5-L6+M5)=L5,"0",(L5-L6+M5)) -> 265 | O5: 0.83 | P5: 0.8 | Q5: 0.87 | R5: 0.8 | S5: =(2500*O5)+(2500*P5)+(500*Q5)+(500*R5) -> 4910 | U5: =IF((S5-S6+T5)=S5,"0",(S5-S6+T5)) -> 125 | V5: 35534 | W5: =IF(V6-V5<0,"0",V6-V5) -> 90 | X5: 61265 | Y5: =IF((X6-X5)<0,"0",X6-X5) -> 0 | Z5: 2405 | AB5: =IF((Z5-Z6+AA5)=Z5,"0",(Z5-Z6+AA5)) -> 0 | AC5: 145 | AD5: 277
A6: 45966 | B6: 1272610 | C6: =IF((B7-B6)<0,"0",B7-B6) -> 5958 | D6: 978141 | E6: =IF((D7-D6)<0,"0",D7-D6) -> 774 | F6: 1704 | G6: =F7-F6 -> 0 | H6: =C6+E6-G6 -> 6732 | I6: =H6-K6-M6-O6-Q6 -> -39235.64 | J6: =I7-I6 -> 122.06 | K6: =A6 -> 45966 | L6: 2403 | M6: 0 | N6: =IF((L6-L7+M6)=L6,"0",(L6-L7+M6)) -> 265 | O6: 0.82 | P6: 0.78 | Q6: 0.82 | R6: 0.75 | S6: =(2500*O6)+(2500*P6)+(500*Q6)+(500*R6) -> 4785 | U6: =IF((S6-S7+T6)=S6,"0",(S6-S7+T6)) -> 125 | V6: 35624 | W6: =IF(V7-V6<0,"0",V7-V6) -> 105 | X6: 61265 | Y6: =IF((X7-X6)<0,"0",X7-X6) -> 0 | Z6: 2405 | AB6: =IF((Z6-Z7+AA6)=Z6,"0",(Z6-Z7+AA6)) -> 0 | AC6: 202 | AD6: 368
A7: 45967 | B7: 1278568 | C7: =IF((B8-B7)<0,"0",B8-B7) -> 6100 | D7: 978915 | E7: =IF((D8-D7)<0,"0",D8-D7) -> 755 | F7: 1704 | G7: =F8-F7 -> 0 | H7: =C7+E7-G7 -> 6855 | I7: =H7-K7-M7-O7-Q7 -> -39113.58 | J7: =I8-I7 -> -640.91 | K7: =A7 -> 45967 | L7: 2138 | M7: 0 | N7: =IF((L7-L8+M7)=L7,"0",(L7-L8+M7)) -> 285 | O7: 0.79 | P7: 0.77 | Q7: 0.79 | R7: 0.73 | S7: =(2500*O7)+(2500*P7)+(500*Q7)+(500*R7) -> 4660 | U7: =IF((S7-S8+T7)=S7,"0",(S7-S8+T7)) -> 165 | V7: 35729 | W7: =IF(V8-V7<0,"0",V8-V7) -> 135 | X7: 61265 | Y7: =IF((X8-X7)<0,"0",X8-X7) -> 0 | Z7: 2405 | AB7: =IF((Z7-Z8+AA7)=Z7,"0",(Z7-Z8+AA7)) -> 0 | AC7: 237 | AD7: 426
A8: 45968 | B8: 1284668 | C8: =IF((B9-B8)<0,"0",B9-B8) -> 5548 | D8: 979670 | E8: =IF((D9-D8)<0,"0",D9-D8) -> 667 | F8: 1704 | G8: =F9-F8 -> 0 | H8: =C8+E8-G8 -> 6215 | I8: =H8-K8-M8-O8-Q8 -> -39754.49 | J8: =I9-I8 -> 0.06 | K8: =A8 -> 45968 | L8: 1853 | M8: 0 | N8: =IF((L8-L9+M8)=L8,"0",(L8-L9+M8)) -> 274 | O8: 0.77 | P8: 0.75 | Q8: 0.72 | R8: 0.67 | S8: =(2500*O8)+(2500*P8)+(500*Q8)+(500*R8) -> 4495 | U8: =IF((S8-S9+T8)=S8,"0",(S8-S9+T8)) -> 95 | V8: 35864 | W8: =IF(V9-V8<0,"0",V9-V8) -> 119 | X8: 61265 | Y8: =IF((X9-X8)<0,"0",X9-X8) -> 0 | Z8: 2405 | AB8: =IF((Z8-Z9+AA8)=Z8,"0",(Z8-Z9+AA8)) -> 0 | AC8: 237 | AD8: 431
A9: 45969 | B9: 1290216 | C9: =IF((B10-B9)<0,"0",B10-B9) -> 5386 | D9: 980337 | E9: =IF((D10-D9)<0,"0",D10-D9) -> 830 | F9: 1704 | G9: =F10-F9 -> 0 | H9: =C9+E9-G9 -> 6216 | I9: =H9-K9-M9-O9-Q9 -> -39754.43 | J9: =I10-I9 -> -39.9 | K9: =A9 -> 45969 | L9: 1579 | M9: 0 | N9: =IF((L9-L10+M9)=L9,"0",(L9-L10+M9)) -> 337 | O9: 0.75 | P9: 0.75 | Q9: 0.68 | R9: 0.62 | S9: =(2500*O9)+(2500*P9)+(500*Q9)+(500*R9) -> 4400 | U9: =IF((S9-S10+T9)=S9,"0",(S9-S10+T9)) -> 105 | V9: 35983 | W9: =IF(V10-V9<0,"0",V10-V9) -> 125 | X9: 61265 | Y9: =IF((X10-X9)<0,"0",X10-X9) -> 0 | Z9: 2405 | AB9: =IF((Z9-Z10+AA9)=Z9,"0",(Z9-Z10+AA9)) -> 0 | AC9: 241 | AD9: 440
A10: 45970 | B10: 1295602 | C10: =IF((B11-B10)<0,"0",B11-B10) -> 5345 | D10: 981167 | E10: =IF((D11-D10)<0,"0",D11-D10) -> 832 | F10: 1704 | G10: =F11-F10 -> 0 | H10: =C10+E10-G10 -> 6177 | I10: =H10-K10-M10-O10-Q10 -> -39794.33 | J10: =I11-I10 -> -7306.97 | K10: =A10 -> 45970 | L10: 1242 | M10: 0 | N10: =IF((L10-L11+M10)=L10,"0",(L10-L11+M10)) -> 327 | O10: 0.74 | P10: 0.74 | Q10: 0.59 | R10: 0.6 | S10: =(2500*O10)+(2500*P10)+(500*Q10)+(500*R10) -> 4295 | U10: =IF((S10-S11+T10)=S10,"0",(S10-S11+T10)) -> 75 | V10: 36108 | W10: =IF(V11-V10<0,"0",V11-V10) -> 111 | X10: 61265 | Y10: =IF((X11-X10)<0,"0",X11-X10) -> 0 | Z10: 2405 | AB10: =IF((Z10-Z11+AA10)=Z10,"0",(Z10-Z11+AA10)) -> 0 | AC10: 226 | AD10: 419
A11: 45971 | B11: 1300947 | C11: =IF((B12-B11)<0,"0",B12-B11) -> 5128 | D11: 981999 | E11: =IF((D12-D11)<0,"0",D12-D11) -> 743 | F11: 1704 | G11: =F12-F11 -> 0 | H11: =C11+E11-G11 -> 5871 | I11: =H11-K11-M11-O11-Q11 -> -47101.3 | J11: =I12-I11 -> 7168.75 | K11: =A11 -> 45971 | L11: 915 | M11: 7000 | N11: =IF((L11-L12+M11)=L11,"0",(L11-L12+M11)) -> 289 | O11: 0.72 | P11: 0.74 | Q11: 0.58 | R11: 0.56 | S11: =(2500*O11)+(2500*P11)+(500*Q11)+(500*R11) -> 4220 | T11: 269 | U11: =IF((S11-S12+T11)=S11,"0",(S11-S12+T11)) -> 164 | V11: 36219 | W11: =IF(V12-V11<0,"0",V12-V11) -> 115 | X11: 61265 | Y11: =IF((X12-X11)<0,"0",X12-X11) -> 0 | Z11: 2405 | AB11: =IF((Z11-Z12+AA11)=Z11,"0",(Z11-Z12+AA11)) -> 0 | AC11: 221 | AD11: 409
A12: 45972 | B12: 1306075 | C12: =IF((B13-B12)<0,"0",B13-B12) -> 5270 | D12: 982742 | E12: =IF((D13-D12)<0,"0",D13-D12) -> 771 | F12: 1704 | G12: =F13-F12 -> 0 | H12: =C12+E12-G12 -> 6041 | I12: =H12-K12-M12-O12-Q12 -> -39932.55 | J12: =I13-I12 -> -98.93 | K12: =A12 -> 45972 | L12: 7626 | M12: 0 | N12: =IF((L12-L13+M12)=L12,"0",(L12-L13+M12)) -> 307 | O12: 0.7 | P12: 0.7 | Q12: 0.85 | R12: 0.8 | S12: =(2500*O12)+(2500*P12)+(500*Q12)+(500*R12) -> 4325 | U12: =IF((S12-S13+T12)=S12,"0",(S12-S13+T12)) -> 125 | V12: 36334 | W12: =IF(V13-V12<0,"0",V13-V12) -> 113 | X12: 61265 | Y12: =IF((X13-X12)<0,"0",X13-X12) -> 0 | Z12: 2405 | AB12: =IF((Z12-Z13+AA12)=Z12,"0",(Z12-Z13+AA12)) -> 0 | AC12: 219 | AD12: 391
A13: 45973 | B13: 1311345 | C13: =IF((B14-B13)<0,"0",B14-B13) -> 5436 | D13: 983513 | E13: =IF((D14-D13)<0,"0",D14-D13) -> 507 | F13: 1704 | G13: =F14-F13 -> 0 | H13: =C13+E13-G13 -> 5943 | I13: =H13-K13-M13-O13-Q13 -> -40031.48 | J13: =I14-I13 -> -222.97 | K13: =A13 -> 45973 | L13: 7319 | M13: 0 | N13: =IF((L13-L14+M13)=L13,"0",(L13-L14+M13)) -> 301 | O13: 0.68 | P13: 0.69 | Q13: 0.8 | R13: 0.75 | S13: =(2500*O13)+(2500*P13)+(500*Q13)+(500*R13) -> 4200 | U13: =IF((S13-S14+T13)=S13,"0",(S13-S14+T13)) -> 85 | V13: 36447 | W13: =IF(V14-V13<0,"0",V14-V13) -> 111 | X13: 61265 | Y13: =IF((X14-X13)<0,"0",X14-X13) -> 0 | Z13: 2405 | AB13: =IF((Z13-Z14+AA13)=Z13,"0",(Z13-Z14+AA13)) -> 0 | AC13: 231 | AD13: 397
A14: 45974 | B14: 1316781 | C14: =IF((B15-B14)<0,"0",B15-B14) -> 5330 | D14: 984020 | E14: =IF((D15-D14)<0,"0",D15-D14) -> 391 | F14: 1704 | G14: =F15-F14 -> 0 | H14: =C14+E14-G14 -> 5721 | I14: =H14-K14-M14-O14-Q14 -> -40254.45 | J14: =I15-I14 -> 91.06 | K14: =A14 -> 45974 | L14: 7018 | M14: 0 | N14: =IF((L14-L15+M14)=L14,"0",(L14-L15+M14)) -> 355 | O14: 0.66 | P14: 0.68 | Q14: 0.79 | R14: 0.74 | S14: =(2500*O14)+(2500*P14)+(500*Q14)+(500*R14) -> 4115 | U14: =IF((S14-S15+T14)=S14,"0",(S14-S15+T14)) -> 200 | V14: 36558 | W14: =IF(V15-V14<0,"0",V15-V14) -> 106 | X14: 61265 | Y14: =IF((X15-X14)<0,"0",X15-X14) -> 0 | Z14: 2405 | AB14: =IF((Z14-Z15+AA14)=Z14,"0",(Z14-Z15+AA14)) -> 0 | AC14: 214 | AD14: 376
A15: 45975 | B15: 1322111 | C15: =IF((B16-B15)<0,"0",B16-B15) -> 5258 | D15: 984411 | E15: =IF((D16-D15)<0,"0",D16-D15) -> 555 | F15: 1704 | G15: =F16-F15 -> 0 | H15: =C15+E15-G15 -> 5813 | I15: =H15-K15-M15-O15-Q15 -> -40163.39 | J15: =I16-I15 -> 45.13 | K15: =A15 -> 45975 | L15: 6663 | M15: 0 | N15: =IF((L15-L16+M15)=L15,"0",(L15-L16+M15)) -> 352 | O15: 0.64 | P15: 0.66 | Q15: 0.75 | R15: 0.58 | S15: =(2500*O15)+(2500*P15)+(500*Q15)+(500*R15) -> 3915 | U15: =IF((S15-S16+T15)=S15,"0",(S15-S16+T15)) -> 95 | V15: 36664 | W15: =IF(V16-V15<0,"0",V16-V15) -> 113 | X15: 61265 | Y15: =IF((X16-X15)<0,"0",X16-X15) -> 0 | Z15: 2405 | AB15: =IF((Z15-Z16+AA15)=Z15,"0",(Z15-Z16+AA15)) -> 0 | AC15: 207 | AD15: 378
A16: 45976 | B16: 1327369 | C16: =IF((B17-B16)<0,"0",B17-B16) -> 5044 | D16: 984966 | E16: =IF((D17-D16)<0,"0",D17-D16) -> 815 | F16: 1704 | G16: =F17-F16 -> 0 | H16: =C16+E16-G16 -> 5859 | I16: =H16-K16-M16-O16-Q16 -> -40118.26 | J16: =I17-I16 -> -3370.96 | K16: =A16 -> 45976 | L16: 6311 | M16: 0 | N16: =IF((L16-L17+M16)=L16,"0",(L16-L17+M16)) -> 365 | O16: 0.61 | P16: 0.66 | Q16: 0.65 | R16: 0.64 | S16: =(2500*O16)+(2500*P16)+(500*Q16)+(500*R16) -> 3820 | U16: =IF((S16-S17+T16)=S16,"0",(S16-S17+T16)) -> 95 | V16: 36777 | W16: =IF(V17-V16<0,"0",V17-V16) -> 99 | X16: 61265 | Y16: =IF((X17-X16)<0,"0",X17-X16) -> 0 | Z16: 2405 | AB16: =IF((Z16-Z17+AA16)=Z16,"0",(Z16-Z17+AA16)) -> 0 | AC16: 222 | AD16: 407
A17: 45977 | B17: 1332413 | C17: =IF((B18-B17)<0,"0",B18-B17) -> 1704 | D17: 985781 | E17: =IF((D18-D17)<0,"0",D18-D17) -> 785 | F17: 1704 | G17: =F18-F17 -> 0 | H17: =C17+E17-G17 -> 2489 | I17: =H17-K17-M17-O17-Q17 -> -43489.22 | J17: =I18-I17 -> 5774.03 | K17: =A17 -> 45977 | L17: 5946 | M17: 0 | N17: =IF((L17-L18+M17)=L17,"0",(L17-L18+M17)) -> 378 | O17: 0.6 | P17: 0.64 | Q17: 0.62 | R17: 0.63 | S17: =(2500*O17)+(2500*P17)+(500*Q17)+(500*R17) -> 3725 | U17: =IF((S17-S18+T17)=S17,"0",(S17-S18+T17)) -> 80 | V17: 36876 | W17: =IF(V18-V17<0,"0",V18-V17) -> 113 | X17: 61265 | Y17: =IF((X18-X17)<0,"0",X18-X17) -> 0 | Z17: 2405 | AB17: =IF((Z17-Z18+AA17)=Z17,"0",(Z17-Z18+AA17)) -> 0 | AC17: 190 | AD17: 327
A18: 45978 | B18: 1334117 | C18: =IF((B19-B18)<0,"0",B19-B18) -> 7557 | D18: 986566 | E18: =IF((D19-D18)<0,"0",D19-D18) -> 707 | F18: 1704 | G18: =F19-F18 -> 0 | H18: =C18+E18-G18 -> 8264 | I18: =H18-K18-M18-O18-Q18 -> -37715.19 | J18: =I19-I18 -> -2984.49 | K18: =A18 -> 45978 | L18: 5568 | M18: 0 | N18: =IF((L18-L19+M18)=L18,"0",(L18-L19+M18)) -> 349 | O18: 0.6 | P18: 0.62 | Q18: 0.59 | R18: 0.6 | S18: =(2500*O18)+(2500*P18)+(500*Q18)+(500*R18) -> 3645 | T18: 1348 | U18: =IF((S18-S19+T18)=S18,"0",(S18-S19+T18)) -> 178 | V18: 36989 | W18: =IF(V19-V18<0,"0",V19-V18) -> 88 | X18: 61265 | Y18: =IF((X19-X18)<0,"0",X19-X18) -> 0 | Z18: 2405 | AB18: =IF((Z18-Z19+AA18)=Z18,"0",(Z18-Z19+AA18)) -> 0 | AC18: 182 | AD18: 309
A19: 45979 | B19: 1341674 | C19: =IF((B20-B19)<0,"0",B20-B19) -> 4784 | D19: 987273 | E19: =IF((D20-D19)<0,"0",D20-D19) -> 497 | F19: 1704 | G19: =F20-F19 -> 0 | H19: =C19+E19-G19 -> 5281 | I19: =H19-K19-M19-O19-Q19 -> -40699.68 | J19: =I20-I19 -> 172.06 | K19: =A19 -> 45979 | L19: 5219 | M19: 0 | N19: =IF((L19-L20+M19)=L19,"0",(L19-L20+M19)) -> 343 | O19: 0.83 | P19: 0.78 | Q19: 0.85 | R19: 0.73 | S19: =(2500*O19)+(2500*P19)+(500*Q19)+(500*R19) -> 4815 | U19: =IF((S19-S20+T19)=S19,"0",(S19-S20+T19)) -> 95 | V19: 37077 | W19: =IF(V20-V19<0,"0",V20-V19) -> 106 | X19: 61265 | Y19: 0 | Z19: 2405 | AB19: =IF((Z19-Z20+AA19)=Z19,"0",(Z19-Z20+AA19)) -> 0 | AC19: 175 | AD19: 301
A20: 45980 | B20: 1346458 | C20: =IF((B21-B20)<0,"0",B21-B20) -> 4718 | D20: 987770 | E20: =IF((D21-D20)<0,"0",D21-D20) -> 736 | F20: 1704 | G20: =F21-F20 -> 0 | H20: =C20+E20-G20 -> 5454 | I20: =H20-K20-M20-O20-Q20 -> -40527.62 | J20: =I21-I20 -> 10.08 | K20: =A20 -> 45980 | L20: 4876 | M20: 0 | N20: =IF((L20-L21+M20)=L20,"0",(L20-L21+M20)) -> 359 | O20: 0.81 | P20: 0.77 | Q20: 0.81 | R20: 0.73 | S20: =(2500*O20)+(2500*P20)+(500*Q20)+(500*R20) -> 4720 | U20: =IF((S20-S21+T20)=S20,"0",(S20-S21+T20)) -> 125 | V20: 37183 | W20: =IF(V21-V20<0,"0",V21-V20) -> 91 | X20: 61265 | Y20: =IF((X21-X20)<0,"0",X21-X20) -> 0 | Z20: 2405 | AB20: =IF((Z20-Z21+AA20)=Z20,"0",(Z20-Z21+AA20)) -> 0 | AC20: 143 | AD20: 241
A21: 45981 | B21: 1351176 | C21: =IF((B22-B21)<0,"0",B22-B21) -> 4741 | D21: 988506 | E21: =IF((D22-D21)<0,"0",D22-D21) -> 724 | F21: 1704 | G21: =F22-F21 -> 0 | H21: =C21+E21-G21 -> 5465 | I21: =H21-K21-M21-O21-Q21 -> -40517.54 | J21: =I22-I21 -> -41.89 | K21: =A21 -> 45981 | L21: 4517 | M21: 0 | N21: =IF((L21-L22+M21)=L21,"0",(L21-L22+M21)) -> 333 | O21: 0.79 | P21: 0.76 | Q21: 0.75 | R21: 0.69 | S21: =(2500*O21)+(2500*P21)+(500*Q21)+(500*R21) -> 4595 | U21: =IF((S21-S22+T21)=S21,"0",(S21-S22+T21)) -> 180 | V21: 37274 | W21: =IF(V22-V21<0,"0",V22-V21) -> 112 | X21: 61265 | Y21: =IF((X22-X21)<0,"0",X22-X21) -> 0 | Z21: 2405 | AB21: =IF((Z21-Z22+AA21)=Z21,"0",(Z21-Z22+AA21)) -> 0 | AC21: 168 | AD21: 268
A22: 45982 | B22: 1355917 | C22: =IF((B23-B22)<0,"0",B23-B22) -> 4715 | D22: 989230 | E22: =IF((D23-D22)<0,"0",D23-D22) -> 709 | F22: 1704 | G22: =F23-F22 -> 0 | H22: =C22+E22-G22 -> 5424 | I22: =H22-K22-M22-O22-Q22 -> -40559.43 | J22: =I23-I22 -> -74 | K22: =A22 -> 45982 | L22: 4184 | M22: 0 | N22: =IF((L22-L23+M22)=L22,"0",(L22-L23+M22)) -> 333 | O22: 0.75 | P22: 0.75 | Q22: 0.68 | R22: 0.65 | S22: =(2500*O22)+(2500*P22)+(500*Q22)+(500*R22) -> 4415 | U22: =IF((S22-S23+T22)=S22,"0",(S22-S23+T22)) -> 25 | V22: 37386 | W22: =IF(V23-V22<0,"0",V23-V22) -> 87 | X22: 61265 | Y22: =IF((X23-X22)<0,"0",X23-X22) -> 0 | Z22: 2405 | AB22: =IF((Z22-Z23+AA22)=Z22,"0",(Z22-Z23+AA22)) -> 0 | AC22: 138 | AD22: 234
A23: 45983 | B23: 1360632 | C23: =IF((B24-B23)<0,"0",B24-B23) -> 4715 | D23: 989939 | E23: =IF((D24-D23)<0,"0",D24-D23) -> 636 | F23: 1704 | G23: =F24-F23 -> 0 | H23: =C23+E23-G23 -> 5351 | I23: =H23-K23-M23-O23-Q23 -> -40633.43 | J23: =I24-I23 -> 83.02 | K23: =A23 -> 45983 | L23: 3851 | M23: 0 | N23: =IF((L23-L24+M23)=L23,"0",(L23-L24+M23)) -> 348 | O23: 0.75 | P23: 0.74 | Q23: 0.68 | R23: 0.65 | S23: =(2500*O23)+(2500*P23)+(500*Q23)+(500*R23) -> 4390 | U23: =IF((S23-S24+T23)=S23,"0",(S23-S24+T23)) -> 75 | V23: 37473 | W23: =IF(V24-V23<0,"0",V24-V23) -> 93 | X23: 61265 | Y23: =IF((X24-X23)<0,"0",X24-X23) -> 0 | Z23: 2405 | AB23: =IF((Z23-Z24+AA23)=Z23,"0",(Z23-Z24+AA23)) -> 0 | AC23: 138 | AD23: 239
A24: 45984 | B24: 1365347 | C24: =IF((B25-B24)<0,"0",B25-B24) -> 5192 | D24: 990575 | E24: =IF((D25-D24)<0,"0",D25-D24) -> 243 | F24: 1704 | G24: =F25-F24 -> 0 | H24: =C24+E24-G24 -> 5435 | I24: =H24-K24-M24-O24-Q24 -> -40550.41 | J24: =I25-I24 -> -255.98 | K24: =A24 -> 45984 | L24: 3503 | M24: 0 | N24: =IF((L24-L25+M24)=L24,"0",(L24-L25+M24)) -> 344 | O24: 0.73 | P24: 0.73 | Q24: 0.68 | R24: 0.65 | S24: =(2500*O24)+(2500*P24)+(500*Q24)+(500*R24) -> 4315 | U24: =IF((S24-S25+T24)=S24,"0",(S24-S25+T24)) -> 75 | V24: 37566 | W24: =IF(V25-V24<0,"0",V25-V24) -> 84 | X24: 61265 | Y24: =IF((X25-X24)<0,"0",X25-X24) -> 0 | Z24: 2405 | AB24: =IF((Z24-Z25+AA24)=Z24,"0",(Z24-Z25+AA24)) -> 0 | AC24: 120 | AD24: 206
A25: 45985 | B25: 1370539 | C25: =IF((B26-B25)<0,"0",B26-B25) -> 4726 | D25: 990818 | E25: =IF((D26-D25)<0,"0",D26-D25) -> 454 | F25: 1704 | G25: =F26-F25 -> 0 | H25: =C25+E25-G25 -> 5180 | I25: =H25-K25-M25-O25-Q25 -> -40806.39 | J25: =I26-I25 -> -7195.16 | K25: =A25 -> 45985 | L25: 3159 | M25: 0 | N25: =IF((L25-L26+M25)=L25,"0",(L25-L26+M25)) -> 316 | O25: 0.71 | P25: 0.72 | Q25: 0.68 | R25: 0.65 | S25: =(2500*O25)+(2500*P25)+(500*Q25)+(500*R25) -> 4240 | T25: 159 | U25: =IF((S25-S26+T25)=S25,"0",(S25-S26+T25)) -> 84 | V25: 37650 | W25: =IF(V26-V25<0,"0",V26-V25) -> 88 | X25: 61265 | Y25: =IF((X26-X25)<0,"0",X26-X25) -> 0 | Z25: 2405 | AB25: =IF((Z25-Z26+AA25)=Z25,"0",(Z25-Z26+AA25)) -> 0 | AC25: 110 | AD25: 184
A26: 45986 | B26: 1375265 | C26: =IF((B27-B26)<0,"0",B27-B26) -> 4544 | D26: 991272 | E26: =IF((D27-D26)<0,"0",D27-D26) -> 442 | F26: 1704 | G26: =F27-F26 -> 0 | H26: =C26+E26-G26 -> 4986 | I26: =H26-K26-M26-O26-Q26 -> -48001.55 | J26: =I27-I26 -> 6934.08 | K26: =A26 -> 45986 | L26: 2843 | M26: 7000 | N26: =IF((L26-L27+M26)=L26,"0",(L26-L27+M26)) -> 299 | O26: 0.7 | P26: 0.7 | Q26: 0.85 | R26: 0.78 | S26: =(2500*O26)+(2500*P26)+(500*Q26)+(500*R26) -> 4315 | U26: =IF((S26-S27+T26)=S26,"0",(S26-S27+T26)) -> 120 | V26: 37738 | W26: =IF(V27-V26<0,"0",V27-V26) -> 67 | X26: 61265 | Y26: =IF((X27-X26)<0,"0",X27-X26) -> 0 | Z26: 2405 | AB26: =IF((Z26-Z27+AA26)=Z26,"0",(Z26-Z27+AA26)) -> 0 | AC26: 105 | AD26: 168
A27: 45987 | B27: 1379809 | C27: =IF((B28-B27)<0,"0",B28-B27) -> 4405 | D27: 991714 | E27: =IF((D28-D27)<0,"0",D28-D27) -> 516 | F27: 1704 | G27: =F28-F27 -> 0 | H27: =C27+E27-G27 -> 4921 | I27: =H27-K27-M27-O27-Q27 -> -41067.47 | J27: =I28-I27 -> -166.98 | K27: =A27 -> 45987 | L27: 9544 | M27: 0 | N27: =IF((L27-L28+M27)=L27,"0",(L27-L28+M27)) -> 286 | O27: 0.67 | P27: 0.7 | Q27: 0.8 | R27: 0.74 | S27: =(2500*O27)+(2500*P27)+(500*Q27)+(500*R27) -> 4195 | U27: =IF((S27-S28+T27)=S27,"0",(S27-S28+T27)) -> 100 | V27: 37805 | W27: =IF(V28-V27<0,"0",V28-V27) -> 70 | X27: 61265 | Y27: 0 | Z27: 2405 | AB27: =IF((Z27-Z28+AA27)=Z27,"0",(Z27-Z28+AA27)) -> 0 | AC27: 106 | AD27: 168
A28: 45988 | B28: 1384214 | C28: =IF((B29-B28)<0,"0",B29-B28) -> 4068 | D28: 992230 | E28: =IF((D29-D28)<0,"0",D29-D28) -> 687 | F28: 1704 | G28: =F29-F28 -> 0 | H28: =C28+E28-G28 -> 4755 | I28: =H28-K28-M28-O28-Q28 -> -41234.45 | J28: =I29-I28 -> 54.02 | K28: =A28 -> 45988 | L28: 9258 | M28: 0 | N28: =IF((L28-L29+M28)=L28,"0",(L28-L29+M28)) -> 289 | O28: 0.65 | P28: 0.68 | Q28: 0.8 | R28: 0.74 | S28: =(2500*O28)+(2500*P28)+(500*Q28)+(500*R28) -> 4095 | U28: =IF((S28-S29+T28)=S28,"0",(S28-S29+T28)) -> 125 | V28: 37875 | W28: =IF(V29-V28<0,"0",V29-V28) -> 108 | X28: 61265 | Y28: =IF((X29-X28)<0,"0",X29-X28) -> 0 | Z28: 2405 | AB28: =IF((Z28-Z29+AA28)=Z28,"0",(Z28-Z29+AA28)) -> 0 | AC28: 115 | AD28: 203
A29: 45989 | B29: 1388282 | C29: =IF((B30-B29)<0,"0",B30-B29) -> 4588 | D29: 992917 | E29: =IF((D30-D29)<0,"0",D30-D29) -> 222 | F29: 1704 | G29: =F30-F29 -> 0 | H29: =C29+E29-G29 -> 4810 | I29: =H29-K29-M29-O29-Q29 -> -41180.43 | J29: =I30-I29 -> -376.99 | K29: =A29 -> 45989 | L29: 8969 | M29: 0 | N29: =IF((L29-L30+M29)=L29,"0",(L29-L30+M29)) -> 280 | O29: 0.63 | P29: 0.65 | Q29: 0.8 | R29: 0.74 | S29: =(2500*O29)+(2500*P29)+(500*Q29)+(500*R29) -> 3970 | U29: =IF((S29-S30+T29)=S29,"0",(S29-S30+T29)) -> 25 | V29: 37983 | W29: =IF(V30-V29<0,"0",V30-V29) -> 71 | X29: 61265 | Y29: =IF((X30-X29)<0,"0",X30-X29) -> 0 | Z29: 2405 | AB29: =IF((Z29-Z30+AA29)=Z29,"0",(Z29-Z30+AA29)) -> 0 | AC29: 119 | AD29: 214
A30: 45990 | B30: 1392870 | C30: =IF((B31-B30)<0,"0",B31-B30) -> 3919 | D30: 993139 | E30: =IF((D31-D30)<0,"0",D31-D30) -> 515 | F30: 1704 | G30: =F31-F30 -> 0 | H30: =C30+E30-G30 -> 4434 | I30: =H30-K30-M30-O30-Q30 -> -41557.42 | J30: =I31-I30 -> -210.99 | K30: =A30 -> 45990 | L30: 8689 | M30: 0 | N30: =IF((L30-L31+M30)=L30,"0",(L30-L31+M30)) -> 269 | O30: 0.62 | P30: 0.65 | Q30: 0.8 | R30: 0.74 | S30: =(2500*O30)+(2500*P30)+(500*Q30)+(500*R30) -> 3945 | U30: =IF((S30-S31+T30)=S30,"0",(S30-S31+T30)) -> 50 | V30: 38054 | W30: =IF(V31-V30<0,"0",V31-V30) -> 70 | X30: 61264 | Y30: =IF((X31-X30)<0,"0",X31-X30) -> 1 | Z30: 2405 | AB30: =IF((Z30-Z31+AA30)=Z30,"0",(Z30-Z31+AA30)) -> 0 | AC30: 92 | AD30: 161
A31: 45991 | B31: 1396789 | C31: =IF((B32-B31)<0,"0",B32-B31) -> 3804 | D31: 993654 | E31: =IF((D32-D31)<0,"0",D32-D31) -> 420 | F31: 1704 | G31: =F32-F31 -> 0 | H31: =C31+E31-G31 -> 4224 | I31: =H31-K31-M31-O31-Q31 -> -41768.41 | J31: =I32-I31 -> 41768.41 | K31: =A31 -> 45991 | L31: 8420 | M31: 0 | N31: =IF((L31-L32+M31)=L31,"0",(L31-L32+M31)) -> 280 | O31: 0.61 | P31: 0.64 | Q31: 0.8 | R31: 0.74 | S31: =(2500*O31)+(2500*P31)+(500*Q31)+(500*R31) -> 3895 | U31: =IF((S31-S32+T31)=S31,"0",(S31-S32+T31)) -> 50 | V31: 38124 | W31: =IF(V32-V31<0,"0",V32-V31) -> 58 | X31: 61265 | Y31: =IF((X32-X31)<0,"0",X32-X31) -> 0 | Z31: 2405 | AB31: =IF((Z31-Z32+AA31)=Z31,"0",(Z31-Z32+AA31)) -> 0 | AC31: 51 | AD31: 75
A32: 45992 | B32: 1400593 | D32: 994074 | F32: 1704 | K32: =A32 -> 45992 | L32: 8140 | M32: 0 | N32: =IF((L32-L33+M32)=L32,"0",(L32-L33+M32)) -> 0 | O32: 0.6 | P32: 0.63 | Q32: 0.8 | R32: 0.74 | S32: =(2500*O32)+(2500*P32)+(500*Q32)+(500*R32) -> 3845 | V32: 38182 | X32: 61265 | Z32: 2405
C33: =SUM(C2:C32) -> 148070 | E33: =SUM(E2:E32) -> 18983 | G33: =SUM(G2:G32) -> 0 | H33: =SUM(H2:H32) -> 167053 | I33: =SUM(I2:I31) -> -1226284.6 | J33: =SUM(J2:J32) -> 39988.22 | N33: =SUM(N2:N32) -> 9380 | T33: =SUM(T2:T32) -> 3382 | U33: =SUM(U2:U32) -> 3227 | W33: =SUM(W2:W32) -> 2961 | Y33: =SUM(Y2:Y32) -> 1 | AA33: =SUM(AA2:AA32) -> 0 | AB33: =SUM(AB2:AB32) -> 0 | AC33: =SUM(AC2:AC32) -> 4981 | AD33: =SUM(AD2:AD32) -> 8860
