Workbook

Sheet Total
A1: Site Name | B1: Day | C1: Month | D1: Year | E1: Total Electricity Kwh | F1: Electricity Tariff ($/Kwh) | G1: LPG (Liters) | H1: LPG $/Liter | I1: Water Utility Supply (m3) m3 | J1: Water Utility Supply (m3) $/m3 | K1: District Energy Heating Kwh | L1: District Energy Heating $/Kwh | M1: Total Fuel Oil (Liter) | N1: Fuel Oil $/Liter | O1: Room Nights | P1: Total Guests
A2: Annabelle | B2: 1 | C2: 2 | D2: 2026 | E2: =IF('February 2026'!C2<0,"0",'February 2026'!C2)+(IF('February 2026'!E2<0,"0",'February 2026'!E2)-(IF('February 2026'!G2<0,"0",'February 2026'!G2))) -> 1208 | F2: =('February 2026'!C2*0.27)/('February 2026'!C2+'February 2026'!E2) -> 0.14885762 | G2: ='February 2026'!U2 -> 0 | H2: 0.62 | I2: ='February 2026'!W2 -> 0 | J2: 2.42 | K2: ='February 2026'!AB2*5.04 -> 0 | L2: 0.1151 | M2: ='February 2026'!M2 -> 0 | N2: 0.88 | O2: ='February 2026'!AC2 -> 0 | P2: ='February 2026'!AD2 -> 0
A3: Annabelle | B3: =B2+1 -> 2 | C3: 2 | D3: 2026 | E3: =IF('February 2026'!C3<0,"0",'February 2026'!C3)+(IF('February 2026'!E3<0,"0",'February 2026'!E3)-(IF('February 2026'!G3<0,"0",'February 2026'!G3))) -> 1464 | F3: =('February 2026'!C3*0.27)/('February 2026'!C3+'February 2026'!E3) -> 0.16284836 | G3: ='February 2026'!U3 -> 0 | H3: 0.62 | I3: ='February 2026'!W3 -> 0 | J3: 2.42 | K3: ='February 2026'!AB3*5.04 -> 0 | L3: 0.1151 | M3: ='February 2026'!M3 -> 0 | N3: 0.88 | O3: ='February 2026'!AC3 -> 0 | P3: ='February 2026'!AD3 -> 0
A4: Annabelle | B4: =B3+1 -> 3 | C4: 2 | D4: 2026 | E4: =IF('February 2026'!C4<0,"0",'February 2026'!C4)+(IF('February 2026'!E4<0,"0",'February 2026'!E4)-(IF('February 2026'!G4<0,"0",'February 2026'!G4))) -> 1582 | F4: =('February 2026'!C4*0.27)/('February 2026'!C4+'February 2026'!E4) -> 0.12544248 | G4: ='February 2026'!U4 -> 0 | H4: 0.62 | I4: ='February 2026'!W4 -> 0 | J4: 2.42 | K4: ='February 2026'!AB4*5.04 -> 0 | L4: 0.1151 | M4: ='February 2026'!M4 -> 0 | N4: 0.88 | O4: ='February 2026'!AC4 -> 0 | P4: ='February 2026'!AD4 -> 0
A5: Annabelle | B5: =B4+1 -> 4 | C5: 2 | D5: 2026 | E5: =IF('February 2026'!C5<0,"0",'February 2026'!C5)+(IF('February 2026'!E5<0,"0",'February 2026'!E5)-(IF('February 2026'!G5<0,"0",'February 2026'!G5))) -> 1590 | F5: =('February 2026'!C5*0.27)/('February 2026'!C5+'February 2026'!E5) -> 0.11377358 | G5: ='February 2026'!U5 -> 0 | H5: 0.62 | I5: ='February 2026'!W5 -> 0 | J5: 2.42 | K5: ='February 2026'!AB5*5.04 -> 0 | L5: 0.1151 | M5: ='February 2026'!M5 -> 0 | N5: 0.88 | O5: ='February 2026'!AC5 -> 0 | P5: ='February 2026'!AD5 -> 0
A6: Annabelle | B6: =B5+1 -> 5 | C6: 2 | D6: 2026 | E6: =IF('February 2026'!C6<0,"0",'February 2026'!C6)+(IF('February 2026'!E6<0,"0",'February 2026'!E6)-(IF('February 2026'!G6<0,"0",'February 2026'!G6))) -> 1460 | F6: =('February 2026'!C6*0.27)/('February 2026'!C6+'February 2026'!E6) -> 0.14979452 | G6: ='February 2026'!U6 -> 25 | H6: 0.62 | I6: ='February 2026'!W6 -> 0 | J6: 2.42 | K6: ='February 2026'!AB6*5.04 -> 0 | L6: 0.1151 | M6: ='February 2026'!M6 -> 0 | N6: 0.88 | O6: ='February 2026'!AC6 -> 0 | P6: ='February 2026'!AD6 -> 0
A7: Annabelle | B7: =B6+1 -> 6 | C7: 2 | D7: 2026 | E7: =IF('February 2026'!C7<0,"0",'February 2026'!C7)+(IF('February 2026'!E7<0,"0",'February 2026'!E7)-(IF('February 2026'!G7<0,"0",'February 2026'!G7))) -> 1500 | F7: =('February 2026'!C7*0.27)/('February 2026'!C7+'February 2026'!E7) -> 0.1494 | G7: ='February 2026'!U7 -> 0 | H7: 0.62 | I7: ='February 2026'!W7 -> 0 | J7: 2.42 | K7: ='February 2026'!AB7*5.04 -> 0 | L7: 0.1151 | M7: ='February 2026'!M7 -> 0 | N7: 0.88 | O7: ='February 2026'!AC7 -> 0 | P7: ='February 2026'!AD7 -> 0
A8: Annabelle | B8: =B7+1 -> 7 | C8: 2 | D8: 2026 | E8: =IF('February 2026'!C8<0,"0",'February 2026'!C8)+(IF('February 2026'!E8<0,"0",'February 2026'!E8)-(IF('February 2026'!G8<0,"0",'February 2026'!G8))) -> 1465 | F8: =('February 2026'!C8*0.27)/('February 2026'!C8+'February 2026'!E8) -> 0.14559727 | G8: ='February 2026'!U8 -> 25 | H8: 0.62 | I8: ='February 2026'!W8 -> 0 | J8: 2.42 | K8: ='February 2026'!AB8*5.04 -> 0 | L8: 0.1151 | M8: ='February 2026'!M8 -> 0 | N8: 0.88 | O8: ='February 2026'!AC8 -> 0 | P8: ='February 2026'!AD8 -> 0
A9: Annabelle | B9: =B8+1 -> 8 | C9: 2 | D9: 2026 | E9: =IF('February 2026'!C9<0,"0",'February 2026'!C9)+(IF('February 2026'!E9<0,"0",'February 2026'!E9)-(IF('February 2026'!G9<0,"0",'February 2026'!G9))) -> 1460 | F9: =('February 2026'!C9*0.27)/('February 2026'!C9+'February 2026'!E9) -> 0.1385137 | G9: ='February 2026'!U9 -> 25 | H9: 0.62 | I9: ='February 2026'!W9 -> 0 | J9: 2.42 | K9: ='February 2026'!AB9*5.04 -> 0 | L9: 0.1151 | M9: ='February 2026'!M9 -> 0 | N9: 0.88 | O9: ='February 2026'!AC9 -> 0 | P9: ='February 2026'!AD9 -> 0
A10: Annabelle | B10: =B9+1 -> 9 | C10: 2 | D10: 2026 | E10: =IF('February 2026'!C10<0,"0",'February 2026'!C10)+(IF('February 2026'!E10<0,"0",'February 2026'!E10)-(IF('February 2026'!G10<0,"0",'February 2026'!G10))) -> 1419 | F10: =('February 2026'!C10*0.27)/('February 2026'!C10+'February 2026'!E10) -> 0.15374207 | G10: ='February 2026'!U10 -> 0 | H10: 0.62 | I10: ='February 2026'!W10 -> 0 | J10: 2.42 | K10: ='February 2026'!AB10*5.04 -> 0 | L10: 0.1151 | M10: ='February 2026'!M10 -> 0 | N10: 0.88 | O10: ='February 2026'!AC10 -> 0 | P10: ='February 2026'!AD10 -> 0
A11: Annabelle | B11: =B10+1 -> 10 | C11: 2 | D11: 2026 | E11: =IF('February 2026'!C11<0,"0",'February 2026'!C11)+(IF('February 2026'!E11<0,"0",'February 2026'!E11)-(IF('February 2026'!G11<0,"0",'February 2026'!G11))) -> 1382 | F11: =('February 2026'!C11*0.27)/('February 2026'!C11+'February 2026'!E11) -> 0.17212012 | G11: ='February 2026'!U11 -> 0 | H11: 0.62 | I11: ='February 2026'!W11 -> 0 | J11: 2.42 | K11: ='February 2026'!AB11*5.04 -> 0 | L11: 0.1151 | M11: ='February 2026'!M11 -> 0 | N11: 0.88 | O11: ='February 2026'!AC11 -> 0 | P11: ='February 2026'!AD11 -> 0
A12: Annabelle | B12: =B11+1 -> 11 | C12: 2 | D12: 2026 | E12: =IF('February 2026'!C12<0,"0",'February 2026'!C12)+(IF('February 2026'!E12<0,"0",'February 2026'!E12)-(IF('February 2026'!G12<0,"0",'February 2026'!G12))) -> 1508 | F12: =('February 2026'!C12*0.27)/('February 2026'!C12+'February 2026'!E12) -> 0.15505305 | G12: ='February 2026'!U12 -> 0 | H12: 0.62 | I12: ='February 2026'!W12 -> 0 | J12: 2.42 | K12: ='February 2026'!AB12*5.04 -> 0 | L12: 0.1151 | M12: ='February 2026'!M12 -> 0 | N12: 0.88 | O12: ='February 2026'!AC12 -> 0 | P12: ='February 2026'!AD12 -> 0
A13: Annabelle | B13: =B12+1 -> 12 | C13: 2 | D13: 2026 | E13: =IF('February 2026'!C13<0,"0",'February 2026'!C13)+(IF('February 2026'!E13<0,"0",'February 2026'!E13)-(IF('February 2026'!G13<0,"0",'February 2026'!G13))) -> 1358 | F13: =('February 2026'!C13*0.27)/('February 2026'!C13+'February 2026'!E13) -> 0.22307806 | G13: ='February 2026'!U13 -> 0 | H13: 0.62 | I13: ='February 2026'!W13 -> 0 | J13: 2.42 | K13: ='February 2026'!AB13*5.04 -> 0 | L13: 0.1151 | M13: ='February 2026'!M13 -> 0 | N13: 0.88 | O13: ='February 2026'!AC13 -> 0 | P13: ='February 2026'!AD13 -> 0
A14: Annabelle | B14: =B13+1 -> 13 | C14: 2 | D14: 2026 | E14: =IF('February 2026'!C14<0,"0",'February 2026'!C14)+(IF('February 2026'!E14<0,"0",'February 2026'!E14)-(IF('February 2026'!G14<0,"0",'February 2026'!G14))) -> 1488 | F14: =('February 2026'!C14*0.27)/('February 2026'!C14+'February 2026'!E14) -> 0.22372984 | G14: ='February 2026'!U14 -> 0 | H14: 0.62 | I14: ='February 2026'!W14 -> 0 | J14: 2.42 | K14: ='February 2026'!AB14*5.04 -> 0 | L14: 0.1151 | M14: ='February 2026'!M14 -> 0 | N14: 0.88 | O14: ='February 2026'!AC14 -> 0 | P14: ='February 2026'!AD14 -> 0
... A29: Annabelle | B29: =B28+1 -> 28 | C29: 2 | D29: 2026 | E29: =IF('February 2026'!C29<0,"0",'February 2026'!C29)+(IF('February 2026'!E29<0,"0",'February 2026'!E29)-(IF('February 2026'!G29<0,"0",'February 2026'!G29))) -> 0 | F29: =('February 2026'!C29*0.27)/('February 2026'!C29+'February 2026'!E29) -> #DIV/0! | G29: ='February 2026'!U29 -> 0 | H29: 0.62 | I29: ='February 2026'!W29 -> 0 | J29: 2.42 | K29: ='February 2026'!AB29*5.04 -> 0 | L29: 0.1151 | M29: ='February 2026'!M29 -> 0 | N29: 0.88 | O29: ='February 2026'!AC29 -> 0 | P29: ='February 2026'!AD29 -> 0

Sheet February 2026
A1: Date | B1: Purchased Electricity (Kwh) Reading | C1: BOUGHT | D1: Total Renewable Energy Production (Kwh) Reading | E1: PRODUCED | F1: Total Renewable Energy Exported (KWh) Reading | G1: SOLD | H1: HOTEL Electricity (KWh) Consumed incl. --> | I1: HOTEL Electricity (KWh) Consumed excl. --> | J1: Consumed | K1: Date | L1: Fuel Oil Hot-Water Boilers (Liter) Reading | M1: Fuel Oil (Liter) Received | N1: Consumed | O1: LPG % TANK 1 | P1: LPG % TANK 2 | Q1: LPG % TANK 3 | R1: LPG % TANK 4 | S1: LPG (Liter) Reading | T1: LPG (Liter) Received | U1: Consumed | V1: Water Utility Supply (m3) Reading | W1: Consumed | X1: Irrigation Water Supply (m3) Reading | Y1: Consumed | Z1: Pellets (Kg) Reading | AA1: Pellets (Kg) Received | AB1: Consumed | AC1: Room Nights | AD1: Guest Nights
A2: 46054 | B2: 15338 | C2: =IF((B3-B2)<0,"0",B3-B2) -> 666 | D2: 1023525 | E2: =IF((D3-D2)<0,"0",D3-D2) -> 542 | F2: 1704 | G2: =F3-F2 -> 0 | H2: =C2+E2-G2 -> 1208 | I2: =H2-K2-M2-O2-Q2 -> -44846.83 | J2: =I3-I2 -> 255 | K2: =A2 -> 46054 | L2: 4622 | M2: 0 | N2: =IF((L2-L3+M2)=L2,"0",(L2-L3+M2)) -> 0 | O2: 0.63 | P2: 0.65 | Q2: 0.2 | R2: 0.3 | S2: =(2500*O2)+(2500*P2)+(500*Q2)+(500*R2) -> 3450 | U2: =IF((S2-S3+T2)=S2,"0",(S2-S3+T2)) -> 0 | V2: 40000 | W2: =IF(V3-V2<0,"0",V3-V2) -> 0 | X2: 61265 | Y2: =IF((X3-X2)<0,"0",X3-X2) -> 0 | Z2: 2405 | AB2: =IF((Z2-Z3+AA2)=Z2,"0",(Z2-Z3+AA2)) -> 0 | AC2: 0 | AD2: 0
A3: 46055 | B3: 16004 | C3: =IF((B4-B3)<0,"0",B4-B3) -> 883 | D3: 1024067 | E3: =IF((D4-D3)<0,"0",D4-D3) -> 581 | F3: 1704 | G3: =F4-F3 -> 0 | H3: =C3+E3-G3 -> 1464 | I3: =H3-K3-M3-O3-Q3 -> -44591.83 | J3: =I4-I3 -> 117 | K3: =A3 -> 46055 | L3: 4622 | M3: 0 | N3: =IF((L3-L4+M3)=L3,"0",(L3-L4+M3)) -> 0 | O3: 0.63 | P3: 0.65 | Q3: 0.2 | R3: 0.3 | S3: =(2500*O3)+(2500*P3)+(500*Q3)+(500*R3) -> 3450 | U3: =IF((S3-S4+T3)=S3,"0",(S3-S4+T3)) -> 0 | V3: 40000 | W3: =IF(V4-V3<0,"0",V4-V3) -> 0 | X3: 61265 | Y3: =IF((X4-X3)<0,"0",X4-X3) -> 0 | Z3: 2405 | AB3: =IF((Z3-Z4+AA3)=Z3,"0",(Z3-Z4+AA3)) -> 0 | AC3: 0 | AD3: 0
A4: 46056 | B4: 16887 | C4: =IF((B5-B4)<0,"0",B5-B4) -> 735 | D4: 1024648 | E4: =IF((D5-D4)<0,"0",D5-D4) -> 847 | F4: 1704 | G4: =F5-F4 -> 0 | H4: =C4+E4-G4 -> 1582 | I4: =H4-K4-M4-O4-Q4 -> -44474.83 | J4: =I5-I4 -> 7 | K4: =A4 -> 46056 | L4: 4622 | M4: 0 | N4: =IF((L4-L5+M4)=L4,"0",(L4-L5+M4)) -> 0 | O4: 0.63 | P4: 0.65 | Q4: 0.2 | R4: 0.3 | S4: =(2500*O4)+(2500*P4)+(500*Q4)+(500*R4) -> 3450 | U4: =IF((S4-S5+T4)=S4,"0",(S4-S5+T4)) -> 0 | V4: 40000 | W4: =IF(V5-V4<0,"0",V5-V4) -> 0 | X4: 61265 | Y4: =IF((X5-X4)<0,"0",X5-X4) -> 0 | Z4: 2405 | AB4: =IF((Z4-Z5+AA4)=Z4,"0",(Z4-Z5+AA4)) -> 0 | AC4: 0 | AD4: 0
A5: 46057 | B5: 17622 | C5: =IF((B6-B5)<0,"0",B6-B5) -> 670 | D5: 1025495 | E5: =IF((D6-D5)<0,"0",D6-D5) -> 920 | F5: 1704 | G5: =F6-F5 -> 0 | H5: =C5+E5-G5 -> 1590 | I5: =H5-K5-M5-O5-Q5 -> -44467.83 | J5: =I6-I5 -> -131 | K5: =A5 -> 46057 | L5: 4622 | M5: 0 | N5: =IF((L5-L6+M5)=L5,"0",(L5-L6+M5)) -> 0 | O5: 0.63 | P5: 0.65 | Q5: 0.2 | R5: 0.3 | S5: =(2500*O5)+(2500*P5)+(500*Q5)+(500*R5) -> 3450 | U5: =IF((S5-S6+T5)=S5,"0",(S5-S6+T5)) -> 0 | V5: 40000 | W5: =IF(V6-V5<0,"0",V6-V5) -> 0 | X5: 61265 | Y5: =IF((X6-X5)<0,"0",X6-X5) -> 0 | Z5: 2405 | AB5: =IF((Z5-Z6+AA5)=Z5,"0",(Z5-Z6+AA5)) -> 0 | AC5: 0 | AD5: 0
A6: 46058 | B6: 18292 | C6: =IF((B7-B6)<0,"0",B7-B6) -> 810 | D6: 1026415 | E6: =IF((D7-D6)<0,"0",D7-D6) -> 650 | F6: 1704 | G6: =F7-F6 -> 0 | H6: =C6+E6-G6 -> 1460 | I6: =H6-K6-M6-O6-Q6 -> -44598.83 | J6: =I7-I6 -> 39.01 | K6: =A6 -> 46058 | L6: 4622 | M6: 0 | N6: =IF((L6-L7+M6)=L6,"0",(L6-L7+M6)) -> 0 | O6: 0.63 | P6: 0.65 | Q6: 0.2 | R6: 0.3 | S6: =(2500*O6)+(2500*P6)+(500*Q6)+(500*R6) -> 3450 | U6: =IF((S6-S7+T6)=S6,"0",(S6-S7+T6)) -> 25 | V6: 40000 | W6: =IF(V7-V6<0,"0",V7-V6) -> 0 | X6: 61265 | Y6: =IF((X7-X6)<0,"0",X7-X6) -> 0 | Z6: 2405 | AB6: =IF((Z6-Z7+AA6)=Z6,"0",(Z6-Z7+AA6)) -> 0 | AC6: 0 | AD6: 0
A7: 46059 | B7: 19102 | C7: =IF((B8-B7)<0,"0",B8-B7) -> 830 | D7: 1027065 | E7: =IF((D8-D7)<0,"0",D8-D7) -> 670 | F7: 1704 | G7: =F8-F7 -> 0 | H7: =C7+E7-G7 -> 1500 | I7: =H7-K7-M7-O7-Q7 -> -44559.82 | J7: =I8-I7 -> -36 | K7: =A7 -> 46059 | L7: 4622 | M7: 0 | N7: =IF((L7-L8+M7)=L7,"0",(L7-L8+M7)) -> 0 | O7: 0.62 | P7: 0.65 | Q7: 0.2 | R7: 0.3 | S7: =(2500*O7)+(2500*P7)+(500*Q7)+(500*R7) -> 3425 | U7: =IF((S7-S8+T7)=S7,"0",(S7-S8+T7)) -> 0 | V7: 40000 | W7: =IF(V8-V7<0,"0",V8-V7) -> 0 | X7: 61265 | Y7: =IF((X8-X7)<0,"0",X8-X7) -> 0 | Z7: 2405 | AB7: =IF((Z7-Z8+AA7)=Z7,"0",(Z7-Z8+AA7)) -> 0 | AC7: 0 | AD7: 0
A8: 46060 | B8: 19932 | C8: =IF((B9-B8)<0,"0",B9-B8) -> 790 | D8: 1027735 | E8: =IF((D9-D8)<0,"0",D9-D8) -> 675 | F8: 1704 | G8: =F9-F8 -> 0 | H8: =C8+E8-G8 -> 1465 | I8: =H8-K8-M8-O8-Q8 -> -44595.82 | J8: =I9-I8 -> -5.99 | K8: =A8 -> 46060 | L8: 4622 | M8: 0 | N8: =IF((L8-L9+M8)=L8,"0",(L8-L9+M8)) -> 0 | O8: 0.62 | P8: 0.65 | Q8: 0.2 | R8: 0.3 | S8: =(2500*O8)+(2500*P8)+(500*Q8)+(500*R8) -> 3425 | U8: =IF((S8-S9+T8)=S8,"0",(S8-S9+T8)) -> 25 | V8: 40000 | W8: =IF(V9-V8<0,"0",V9-V8) -> 0 | X8: 61265 | Y8: =IF((X9-X8)<0,"0",X9-X8) -> 0 | Z8: 2405 | AB8: =IF((Z8-Z9+AA8)=Z8,"0",(Z8-Z9+AA8)) -> 0 | AC8: 0 | AD8: 0
A9: 46061 | B9: 20722 | C9: =IF((B10-B9)<0,"0",B10-B9) -> 749 | D9: 1028410 | E9: =IF((D10-D9)<0,"0",D10-D9) -> 711 | F9: 1704 | G9: =F10-F9 -> 0 | H9: =C9+E9-G9 -> 1460 | I9: =H9-K9-M9-O9-Q9 -> -44601.81 | J9: =I10-I9 -> -41.99 | K9: =A9 -> 46061 | L9: 4622 | M9: 0 | N9: =IF((L9-L10+M9)=L9,"0",(L9-L10+M9)) -> 0 | O9: 0.61 | P9: 0.65 | Q9: 0.2 | R9: 0.3 | S9: =(2500*O9)+(2500*P9)+(500*Q9)+(500*R9) -> 3400 | U9: =IF((S9-S10+T9)=S9,"0",(S9-S10+T9)) -> 25 | V9: 40000 | W9: =IF(V10-V9<0,"0",V10-V9) -> 0 | X9: 61265 | Y9: =IF((X10-X9)<0,"0",X10-X9) -> 0 | Z9: 2405 | AB9: =IF((Z9-Z10+AA9)=Z9,"0",(Z9-Z10+AA9)) -> 0 | AC9: 0 | AD9: 0
A10: 46062 | B10: 21471 | C10: =IF((B11-B10)<0,"0",B11-B10) -> 808 | D10: 1029121 | E10: =IF((D11-D10)<0,"0",D11-D10) -> 611 | F10: 1704 | G10: =F11-F10 -> 0 | H10: =C10+E10-G10 -> 1419 | I10: =H10-K10-M10-O10-Q10 -> -44643.8 | J10: =I11-I10 -> -38 | K10: =A10 -> 46062 | L10: 4622 | M10: 0 | N10: =IF((L10-L11+M10)=L10,"0",(L10-L11+M10)) -> 0 | O10: 0.6 | P10: 0.65 | Q10: 0.2 | R10: 0.3 | S10: =(2500*O10)+(2500*P10)+(500*Q10)+(500*R10) -> 3375 | U10: =IF((S10-S11+T10)=S10,"0",(S10-S11+T10)) -> 0 | V10: 40000 | W10: =IF(V11-V10<0,"0",V11-V10) -> 0 | X10: 61265 | Y10: =IF((X11-X10)<0,"0",X11-X10) -> 0 | Z10: 2405 | AB10: =IF((Z10-Z11+AA10)=Z10,"0",(Z10-Z11+AA10)) -> 0 | AC10: 0 | AD10: 0
A11: 46063 | B11: 22279 | C11: =IF((B12-B11)<0,"0",B12-B11) -> 881 | D11: 1029732 | E11: =IF((D12-D11)<0,"0",D12-D11) -> 501 | F11: 1704 | G11: =F12-F11 -> 0 | H11: =C11+E11-G11 -> 1382 | I11: =H11-K11-M11-O11-Q11 -> -44681.8 | J11: =I12-I11 -> 125 | K11: =A11 -> 46063 | L11: 4622 | M11: 0 | N11: =IF((L11-L12+M11)=L11,"0",(L11-L12+M11)) -> 0 | O11: 0.6 | P11: 0.65 | Q11: 0.2 | R11: 0.3 | S11: =(2500*O11)+(2500*P11)+(500*Q11)+(500*R11) -> 3375 | U11: =IF((S11-S12+T11)=S11,"0",(S11-S12+T11)) -> 0 | V11: 40000 | W11: =IF(V12-V11<0,"0",V12-V11) -> 0 | X11: 61265 | Y11: =IF((X12-X11)<0,"0",X12-X11) -> 0 | Z11: 2405 | AB11: =IF((Z11-Z12+AA11)=Z11,"0",(Z11-Z12+AA11)) -> 0 | AC11: 0 | AD11: 0
A12: 46064 | B12: 23160 | C12: =IF((B13-B12)<0,"0",B13-B12) -> 866 | D12: 1030233 | E12: =IF((D13-D12)<0,"0",D13-D12) -> 642 | F12: 1704 | G12: =F13-F12 -> 0 | H12: =C12+E12-G12 -> 1508 | I12: =H12-K12-M12-O12-Q12 -> -44556.8 | J12: =I13-I12 -> -151 | K12: =A12 -> 46064 | L12: 4622 | M12: 0 | N12: =IF((L12-L13+M12)=L12,"0",(L12-L13+M12)) -> 0 | O12: 0.6 | P12: 0.65 | Q12: 0.2 | R12: 0.3 | S12: =(2500*O12)+(2500*P12)+(500*Q12)+(500*R12) -> 3375 | U12: =IF((S12-S13+T12)=S12,"0",(S12-S13+T12)) -> 0 | V12: 40000 | W12: =IF(V13-V12<0,"0",V13-V12) -> 0 | X12: 61265 | Y12: =IF((X13-X12)<0,"0",X13-X12) -> 0 | Z12: 2405 | AB12: =IF((Z12-Z13+AA12)=Z12,"0",(Z12-Z13+AA12)) -> 0 | AC12: 0 | AD12: 0
A13: 46065 | B13: 24026 | C13: =IF((B14-B13)<0,"0",B14-B13) -> 1122 | D13: 1030875 | E13: =IF((D14-D13)<0,"0",D14-D13) -> 236 | F13: 1704 | G13: =F14-F13 -> 0 | H13: =C13+E13-G13 -> 1358 | I13: =H13-K13-M13-O13-Q13 -> -44707.8 | J13: =I14-I13 -> 129 | K13: =A13 -> 46065 | L13: 4622 | M13: 0 | N13: =IF((L13-L14+M13)=L13,"0",(L13-L14+M13)) -> 0 | O13: 0.6 | P13: 0.65 | Q13: 0.2 | R13: 0.3 | S13: =(2500*O13)+(2500*P13)+(500*Q13)+(500*R13) -> 3375 | U13: =IF((S13-S14+T13)=S13,"0",(S13-S14+T13)) -> 0 | V13: 40000 | W13: =IF(V14-V13<0,"0",V14-V13) -> 0 | X13: 61265 | Y13: =IF((X14-X13)<0,"0",X14-X13) -> 0 | Z13: 2405 | AB13: =IF((Z13-Z14+AA13)=Z13,"0",(Z13-Z14+AA13)) -> 0 | AC13: 0 | AD13: 0
... A17: 46069 | B17: 28089 | C17: =IF((B18-B17)<0,"0",B18-B17) -> 0 | D17: 1032677 | E17: =IF((D18-D17)<0,"0",D18-D17) -> 0 | F17: 1704 | G17: =F18-F17 -> 0 | H17: =C17+E17-G17 -> 0 | I17: =H17-K17-M17-O17-Q17 -> -46069.8 | J17: =I18-I17 -> -0.2 | K17: =A17 -> 46069 | L17: 4622 | M17: 0 | N17: =IF((L17-L18+M17)=L17,"0",(L17-L18+M17)) -> 0 | O17: 0.6 | P17: 0.64 | Q17: 0.2 | R17: 0.3 | S17: =(2500*O17)+(2500*P17)+(500*Q17)+(500*R17) -> 3350 | U17: =IF((S17-S18+T17)=S17,"0",(S17-S18+T17)) -> 0 | V17: 40000 | W17: =IF(V18-V17<0,"0",V18-V17) -> 0 | X17: 61265 | Y17: =IF((X18-X17)<0,"0",X18-X17) -> 0 | Z17: 2405 | AB17: =IF((Z17-Z18+AA17)=Z17,"0",(Z17-Z18+AA17)) -> 0 | AC17: 0 | AD17: 0
A18: 46070 | C18: =IF((B19-B18)<0,"0",B19-B18) -> 0 | E18: =IF((D19-D18)<0,"0",D19-D18) -> 0 | F18: 1704 | G18: =F19-F18 -> 0 | H18: =C18+E18-G18 -> 0 | I18: =H18-K18-M18-O18-Q18 -> -46070 | J18: =I19-I18 -> -1 | K18: =A18 -> 46070 | M18: 0 | N18: =IF((L18-L19+M18)=L18,"0",(L18-L19+M18)) -> 0 | S18: =(2500*O18)+(2500*P18)+(500*Q18)+(500*R18) -> 0 | U18: =IF((S18-S19+T18)=S18,"0",(S18-S19+T18)) -> 0 | W18: =IF(V19-V18<0,"0",V19-V18) -> 0 | Y18: =IF((X19-X18)<0,"0",X19-X18) -> 0 | AB18: =IF((Z18-Z19+AA18)=Z18,"0",(Z18-Z19+AA18)) -> 0
A19: 46071 | C19: =IF((B20-B19)<0,"0",B20-B19) -> 0 | E19: =IF((D20-D19)<0,"0",D20-D19) -> 0 | F19: 1704 | G19: =F20-F19 -> 0 | H19: =C19+E19-G19 -> 0 | I19: =H19-K19-M19-O19-Q19 -> -46071 | J19: =I20-I19 -> -1 | K19: =A19 -> 46071 | M19: 0 | N19: =IF((L19-L20+M19)=L19,"0",(L19-L20+M19)) -> 0 | S19: =(2500*O19)+(2500*P19)+(500*Q19)+(500*R19) -> 0 | U19: =IF((S19-S20+T19)=S19,"0",(S19-S20+T19)) -> 0 | W19: =IF(V20-V19<0,"0",V20-V19) -> 0 | Y19: 0 | AB19: =IF((Z19-Z20+AA19)=Z19,"0",(Z19-Z20+AA19)) -> 0
A20: 46072 | C20: =IF((B21-B20)<0,"0",B21-B20) -> 0 | E20: =IF((D21-D20)<0,"0",D21-D20) -> 0 | F20: 1704 | G20: =F21-F20 -> 0 | H20: =C20+E20-G20 -> 0 | I20: =H20-K20-M20-O20-Q20 -> -46072 | J20: =I21-I20 -> -1 | K20: =A20 -> 46072 | M20: 0 | N20: =IF((L20-L21+M20)=L20,"0",(L20-L21+M20)) -> 0 | S20: =(2500*O20)+(2500*P20)+(500*Q20)+(500*R20) -> 0 | U20: =IF((S20-S21+T20)=S20,"0",(S20-S21+T20)) -> 0 | W20: =IF(V21-V20<0,"0",V21-V20) -> 0 | Y20: =IF((X21-X20)<0,"0",X21-X20) -> 0 | AB20: =IF((Z20-Z21+AA20)=Z20,"0",(Z20-Z21+AA20)) -> 0
A21: 46073 | C21: =IF((B22-B21)<0,"0",B22-B21) -> 0 | E21: =IF((D22-D21)<0,"0",D22-D21) -> 0 | F21: 1704 | G21: =F22-F21 -> 0 | H21: =C21+E21-G21 -> 0 | I21: =H21-K21-M21-O21-Q21 -> -46073 | J21: =I22-I21 -> -1 | K21: =A21 -> 46073 | M21: 0 | N21: =IF((L21-L22+M21)=L21,"0",(L21-L22+M21)) -> 0 | S21: =(2500*O21)+(2500*P21)+(500*Q21)+(500*R21) -> 0 | U21: =IF((S21-S22+T21)=S21,"0",(S21-S22+T21)) -> 0 | W21: =IF(V22-V21<0,"0",V22-V21) -> 0 | Y21: =IF((X22-X21)<0,"0",X22-X21) -> 0 | AB21: =IF((Z21-Z22+AA21)=Z21,"0",(Z21-Z22+AA21)) -> 0
A22: 46074 | C22: =IF((B23-B22)<0,"0",B23-B22) -> 0 | E22: =IF((D23-D22)<0,"0",D23-D22) -> 0 | F22: 1704 | G22: =F23-F22 -> 0 | H22: =C22+E22-G22 -> 0 | I22: =H22-K22-M22-O22-Q22 -> -46074 | J22: =I23-I22 -> -1 | K22: =A22 -> 46074 | M22: 0 | N22: =IF((L22-L23+M22)=L22,"0",(L22-L23+M22)) -> 0 | S22: =(2500*O22)+(2500*P22)+(500*Q22)+(500*R22) -> 0 | U22: =IF((S22-S23+T22)=S22,"0",(S22-S23+T22)) -> 0 | W22: =IF(V23-V22<0,"0",V23-V22) -> 0 | Y22: =IF((X23-X22)<0,"0",X23-X22) -> 0 | AB22: =IF((Z22-Z23+AA22)=Z22,"0",(Z22-Z23+AA22)) -> 0
A23: 46075 | C23: =IF((B24-B23)<0,"0",B24-B23) -> 0 | E23: =IF((D24-D23)<0,"0",D24-D23) -> 0 | F23: 1704 | G23: =F24-F23 -> 0 | H23: =C23+E23-G23 -> 0 | I23: =H23-K23-M23-O23-Q23 -> -46075 | J23: =I24-I23 -> -1 | K23: =A23 -> 46075 | M23: 0 | N23: =IF((L23-L24+M23)=L23,"0",(L23-L24+M23)) -> 0 | S23: =(2500*O23)+(2500*P23)+(500*Q23)+(500*R23) -> 0 | U23: =IF((S23-S24+T23)=S23,"0",(S23-S24+T23)) -> 0 | W23: =IF(V24-V23<0,"0",V24-V23) -> 0 | Y23: =IF((X24-X23)<0,"0",X24-X23) -> 0 | AB23: =IF((Z23-Z24+AA23)=Z23,"0",(Z23-Z24+AA23)) -> 0
A24: 46076 | C24: =IF((B25-B24)<0,"0",B25-B24) -> 0 | E24: =IF((D25-D24)<0,"0",D25-D24) -> 0 | F24: 1704 | G24: =F25-F24 -> 0 | H24: =C24+E24-G24 -> 0 | I24: =H24-K24-M24-O24-Q24 -> -46076 | J24: =I25-I24 -> -1 | K24: =A24 -> 46076 | M24: 0 | N24: =IF((L24-L25+M24)=L24,"0",(L24-L25+M24)) -> 0 | S24: =(2500*O24)+(2500*P24)+(500*Q24)+(500*R24) -> 0 | U24: =IF((S24-S25+T24)=S24,"0",(S24-S25+T24)) -> 0 | W24: =IF(V25-V24<0,"0",V25-V24) -> 0 | Y24: =IF((X25-X24)<0,"0",X25-X24) -> 0 | AB24: =IF((Z24-Z25+AA24)=Z24,"0",(Z24-Z25+AA24)) -> 0
A25: 46077 | C25: =IF((B26-B25)<0,"0",B26-B25) -> 0 | E25: =IF((D26-D25)<0,"0",D26-D25) -> 0 | F25: 1704 | G25: =F26-F25 -> 0 | H25: =C25+E25-G25 -> 0 | I25: =H25-K25-M25-O25-Q25 -> -46077 | J25: =I26-I25 -> -1 | K25: =A25 -> 46077 | M25: 0 | N25: =IF((L25-L26+M25)=L25,"0",(L25-L26+M25)) -> 0 | S25: =(2500*O25)+(2500*P25)+(500*Q25)+(500*R25) -> 0 | U25: =IF((S25-S26+T25)=S25,"0",(S25-S26+T25)) -> 0 | W25: =IF(V26-V25<0,"0",V26-V25) -> 0 | Y25: =IF((X26-X25)<0,"0",X26-X25) -> 0 | AB25: =IF((Z25-Z26+AA25)=Z25,"0",(Z25-Z26+AA25)) -> 0
A26: 46078 | C26: =IF((B27-B26)<0,"0",B27-B26) -> 0 | E26: =IF((D27-D26)<0,"0",D27-D26) -> 0 | F26: 1704 | G26: =F27-F26 -> 0 | H26: =C26+E26-G26 -> 0 | I26: =H26-K26-M26-O26-Q26 -> -46078 | J26: =I27-I26 -> -1 | K26: =A26 -> 46078 | M26: 0 | N26: =IF((L26-L27+M26)=L26,"0",(L26-L27+M26)) -> 0 | S26: =(2500*O26)+(2500*P26)+(500*Q26)+(500*R26) -> 0 | U26: =IF((S26-S27+T26)=S26,"0",(S26-S27+T26)) -> 0 | W26: =IF(V27-V26<0,"0",V27-V26) -> 0 | Y26: =IF((X27-X26)<0,"0",X27-X26) -> 0 | AB26: =IF((Z26-Z27+AA26)=Z26,"0",(Z26-Z27+AA26)) -> 0
A27: 46079 | C27: =IF((B28-B27)<0,"0",B28-B27) -> 0 | E27: =IF((D28-D27)<0,"0",D28-D27) -> 0 | F27: 1704 | G27: =F28-F27 -> 0 | H27: =C27+E27-G27 -> 0 | I27: =H27-K27-M27-O27-Q27 -> -46079 | J27: =I28-I27 -> -1 | K27: =A27 -> 46079 | M27: 0 | N27: =IF((L27-L28+M27)=L27,"0",(L27-L28+M27)) -> 0 | S27: =(2500*O27)+(2500*P27)+(500*Q27)+(500*R27) -> 0 | U27: =IF((S27-S28+T27)=S27,"0",(S27-S28+T27)) -> 0 | W27: =IF(V28-V27<0,"0",V28-V27) -> 0 | Y27: 0 | AB27: =IF((Z27-Z28+AA27)=Z27,"0",(Z27-Z28+AA27)) -> 0
A28: 46080 | C28: =IF((B29-B28)<0,"0",B29-B28) -> 0 | E28: =IF((D29-D28)<0,"0",D29-D28) -> 0 | F28: 1704 | G28: =F29-F28 -> 0 | H28: =C28+E28-G28 -> 0 | I28: =H28-K28-M28-O28-Q28 -> -46080 | J28: =I29-I28 -> -1 | K28: =A28 -> 46080 | M28: 0 | N28: =IF((L28-L29+M28)=L28,"0",(L28-L29+M28)) -> 0 | S28: =(2500*O28)+(2500*P28)+(500*Q28)+(500*R28) -> 0 | U28: =IF((S28-S29+T28)=S28,"0",(S28-S29+T28)) -> 0 | W28: =IF(V29-V28<0,"0",V29-V28) -> 0 | Y28: 0 | AB28: =IF((Z28-Z29+AA28)=Z28,"0",(Z28-Z29+AA28)) -> 0
A29: 46081 | C29: =IF((B30-B29)<0,"0",B30-B29) -> 0 | E29: =IF((D30-D29)<0,"0",D30-D29) -> 0 | F29: 1704 | G29: =F30-F29 -> 0 | H29: =C29+E29-G29 -> 0 | I29: =H29-K29-M29-O29-Q29 -> -46081 | J29: =I30-I29 -> 46081 | K29: =A29 -> 46081 | M29: 0 | N29: =IF((L29-L30+M29)=L29,"0",(L29-L30+M29)) -> 0 | S29: =(2500*O29)+(2500*P29)+(500*Q29)+(500*R29) -> 0 | U29: =IF((S29-S30+T29)=S29,"0",(S29-S30+T29)) -> 0 | W29: =IF(V30-V29<0,"0",V30-V29) -> 0 | Y29: 0 | AB29: =IF((Z29-Z30+AA29)=Z29,"0",(Z29-Z30+AA29)) -> 0
A30: 46082 | F30: 1704 | K30: =A30 -> 46082 | M30: 0 | N30: =IF((L30-L31+M30)=L30,"0",(L30-L31+M30)) -> 0 | S30: =(2500*O30)+(2500*P30)+(500*Q30)+(500*R30) -> 0
C31: =SUM(C2:C30) -> 12751 | E31: =SUM(E2:E30) -> 9152 | G31: =SUM(G2:G30) -> 0 | H31: =SUM(H2:H30) -> 21903 | I31: =SUM(I2:I29) -> -1268000 | J31: =SUM(J2:J30) -> 44846.83 | N31: =SUM(N2:N30) -> 0 | T31: =SUM(T2:T30) -> 0 | U31: =SUM(U2:U30) -> 100 | W31: =SUM(W2:W30) -> 0 | Y31: =SUM(Y2:Y30) -> 0 | AA31: =SUM(AA2:AA30) -> 0 | AB31: =SUM(AB2:AB30) -> 0 | AC31: =SUM(AC2:AC30) -> 0 | AD31: =SUM(AD2:AD30) -> 0
