Workbook

Sheet Total
A1: Site Name | B1: Day | C1: Month | D1: Year | E1: Total Electricity Kwh | F1: Electricity Tariff ($/Kwh) | G1: LPG (Liters) | H1: LPG $/Liters | I1: Water Utility Supply (m3) m3 | J1: Water Utility Supply (m3) $/m3 | K1: Total Fuel Oil (Liter) | L1: Fuel Oil $/Liter | M1: Room Nights | N1: Total Guests
A2: Almyra | B2: 1 | C2: 5 | D2: 2026 | E2: =IF(ALMYRA!H2<0,"0",ALMYRA!H2) -> 4778 | F2: =(ALMYRA!C2*0.1958)/E2 -> 0.18338321 | G2: =ALMYRA!Z2 -> 200 | H2: 1.0456 | I2: =IF(ALMYRA!AB2<0,"0",ALMYRA!AB2) -> 60 | J2: 2.8566 | K2: =ALMYRA!U2 -> 90 | L2: 0.935 | M2: =ALMYRA!AJ2 -> 156 | N2: =ALMYRA!AK2 -> 234
A3: Almyra | B3: =B2+1 -> 2 | C3: 5 | D3: 2026 | E3: =IF(ALMYRA!H3<0,"0",ALMYRA!H3) -> 5008 | F3: =(ALMYRA!C3*0.1958)/E3 -> 0.1622153 | G3: =ALMYRA!Z3 -> 475 | H3: 1.0456 | I3: =IF(ALMYRA!AB3<0,"0",ALMYRA!AB3) -> 68 | J3: 2.8566 | K3: =ALMYRA!U3 -> 99 | L3: 0.935 | M3: =ALMYRA!AJ3 -> 181 | N3: =ALMYRA!AK3 -> 272
A4: Almyra | B4: =B3+1 -> 3 | C4: 5 | D4: 2026 | E4: =IF(ALMYRA!H4<0,"0",ALMYRA!H4) -> 4733 | F4: =(ALMYRA!C4*0.1958)/E4 -> 0.17950057 | G4: =ALMYRA!Z4 -> 250 | H4: 1.0456 | I4: =IF(ALMYRA!AB4<0,"0",ALMYRA!AB4) -> 59 | J4: 2.8566 | K4: =ALMYRA!U4 -> 188 | L4: 0.935 | M4: =ALMYRA!AJ4 -> 160 | N4: =ALMYRA!AK4 -> 228
A5: Almyra | B5: =B4+1 -> 4 | C5: 5 | D5: 2026 | E5: =IF(ALMYRA!H5<0,"0",ALMYRA!H5) -> 4762 | F5: =(ALMYRA!C5*0.1958)/E5 -> 0.1622895 | G5: =ALMYRA!Z5 -> 492.54 | H5: 1.0456 | I5: =IF(ALMYRA!AB5<0,"0",ALMYRA!AB5) -> 64 | J5: 2.8566 | K5: =ALMYRA!U5 -> 186 | L5: 0.935 | M5: =ALMYRA!AJ5 -> 161 | N5: =ALMYRA!AK5 -> 222
A6: Almyra | B6: =B5+1 -> 5 | C6: 5 | D6: 2026 | E6: =IF(ALMYRA!H6<0,"0",ALMYRA!H6) -> 4615 | F6: =(ALMYRA!C6*0.1958)/E6 -> 0.17140455 | G6: =ALMYRA!Z6 -> 250 | H6: 1.0456 | I6: =IF(ALMYRA!AB6<0,"0",ALMYRA!AB6) -> 67 | J6: 2.8566 | K6: =ALMYRA!U6 -> 185 | L6: 0.935 | M6: =ALMYRA!AJ6 -> 159 | N6: =ALMYRA!AK6 -> 212
A7: Almyra | B7: =B6+1 -> 6 | C7: 5 | D7: 2026 | E7: =IF(ALMYRA!H7<0,"0",ALMYRA!H7) -> 4730 | F7: =(ALMYRA!C7*0.1958)/E7 -> 0.16438093 | G7: =ALMYRA!Z7 -> 325 | H7: 1.0456 | I7: =IF(ALMYRA!AB7<0,"0",ALMYRA!AB7) -> 58 | J7: 2.8566 | K7: =ALMYRA!U7 -> 78 | L7: 0.935 | M7: =ALMYRA!AJ7 -> 179 | N7: =ALMYRA!AK7 -> 244
A8: Almyra | B8: =B7+1 -> 7 | C8: 5 | D8: 2026 | E8: =IF(ALMYRA!H8<0,"0",ALMYRA!H8) -> 4975 | F8: =(ALMYRA!C8*0.1958)/E8 -> 0.18111992 | G8: =ALMYRA!Z8 -> 75 | H8: 1.0456 | I8: =IF(ALMYRA!AB8<0,"0",ALMYRA!AB8) -> 84 | J8: 2.8566 | K8: =ALMYRA!U8 -> 194 | L8: 0.935 | M8: =ALMYRA!AJ8 -> 184 | N8: =ALMYRA!AK8 -> 261
A9: Almyra | B9: =B8+1 -> 8 | C9: 5 | D9: 2026 | E9: =IF(ALMYRA!H9<0,"0",ALMYRA!H9) -> 5194 | F9: =(ALMYRA!C9*0.1958)/E9 -> 0.18136192 | G9: =ALMYRA!Z9 -> 300 | H9: 1.0456 | I9: =IF(ALMYRA!AB9<0,"0",ALMYRA!AB9) -> 80 | J9: 2.8566 | K9: =ALMYRA!U9 -> 180 | L9: 0.935 | M9: =ALMYRA!AJ9 -> 170 | N9: =ALMYRA!AK9 -> 250
A10: Almyra | B10: =B9+1 -> 9 | C10: 5 | D10: 2026 | E10: =IF(ALMYRA!H10<0,"0",ALMYRA!H10) -> 5076 | F10: =(ALMYRA!C10*0.1958)/E10 -> 0.1826078 | G10: =ALMYRA!Z10 -> 100 | H10: 1.0456 | I10: =IF(ALMYRA!AB10<0,"0",ALMYRA!AB10) -> 72 | J10: 2.8566 | K10: =ALMYRA!U10 -> 146 | L10: 0.935 | M10: =ALMYRA!AJ10 -> 184 | N10: =ALMYRA!AK10 -> 272
A11: Almyra | B11: =B10+1 -> 10 | C11: 5 | D11: 2026 | E11: =IF(ALMYRA!H11<0,"0",ALMYRA!H11) -> 5321 | F11: =(ALMYRA!C11*0.1958)/E11 -> 0.18807251 | G11: =ALMYRA!Z11 -> 225 | H11: 1.0456 | I11: =IF(ALMYRA!AB11<0,"0",ALMYRA!AB11) -> 63 | J11: 2.8566 | K11: =ALMYRA!U11 -> 118 | L11: 0.935 | M11: =ALMYRA!AJ11 -> 150 | N11: =ALMYRA!AK11 -> 199
A12: Almyra | B12: =B11+1 -> 11 | C12: 5 | D12: 2026 | E12: =IF(ALMYRA!H12<0,"0",ALMYRA!H12) -> 5186 | F12: =(ALMYRA!C12*0.1958)/E12 -> 0.17273139 | G12: =ALMYRA!Z12 -> 593.38 | H12: 1.0456 | I12: =IF(ALMYRA!AB12<0,"0",ALMYRA!AB12) -> 67 | J12: 2.8566 | K12: =ALMYRA!U12 -> 173 | L12: 0.935 | M12: =ALMYRA!AJ12 -> 147 | N12: =ALMYRA!AK12 -> 202
A13: Almyra | B13: =B12+1 -> 12 | C13: 5 | D13: 2026 | E13: =IF(ALMYRA!H13<0,"0",ALMYRA!H13) -> 5214 | F13: =(ALMYRA!C13*0.1958)/E13 -> 0.17582194 | G13: =ALMYRA!Z13 -> 225 | H13: 1.0456 | I13: =IF(ALMYRA!AB13<0,"0",ALMYRA!AB13) -> 62 | J13: 2.8566 | K13: =ALMYRA!U13 -> 160 | L13: 0.935 | M13: =ALMYRA!AJ13 -> 96 | N13: =ALMYRA!AK13 -> 154
A14: Almyra | B14: =B13+1 -> 13 | C14: 5 | D14: 2026 | E14: =IF(ALMYRA!H14<0,"0",ALMYRA!H14) -> 5278 | F14: =(ALMYRA!C14*0.1958)/E14 -> 0.17743679 | G14: =ALMYRA!Z14 -> 275 | H14: 1.0456 | I14: =IF(ALMYRA!AB14<0,"0",ALMYRA!AB14) -> 61 | J14: 2.8566 | K14: =ALMYRA!U14 -> 94 | L14: 0.935 | M14: =ALMYRA!AJ14 -> 109 | N14: =ALMYRA!AK14 -> 175
... A32: Almyra | B32: =B31+1 -> 31 | C32: 5 | D32: 2026 | E32: =IF(ALMYRA!H32<0,"0",ALMYRA!H32) -> 6037 | F32: =(ALMYRA!C32*0.1958)/E32 -> 0.1754643 | G32: =ALMYRA!Z32 -> 175 | H32: 1.0456 | I32: =IF(ALMYRA!AB32<0,"0",ALMYRA!AB32) -> 90 | J32: 2.8566 | K32: =ALMYRA!U32 -> 198 | L32: 0.935 | M32: =ALMYRA!AJ32 -> 159 | N32: =ALMYRA!AK32 -> 327

Sheet ALMYRA
A1: Date | B1: Purchased Electricity (Kwh) Reading | C1: BOUGHT | D1: Total Renewable Energy Production (Kwh) Reading | E1: PRODUCED | F1: Total Renewable Energy Exported (KWh) Reading | G1: SOLD | H1: HOTEL Electricity (KWh) Consumed incl. --> | I1: HOTEL Electricity (KWh) Consumed excl. --> | J1: SPA Electricity (KWh) Reading | K1: Consumed | L1: Boutique Electricity (KWh) Reading | M1: Consumed | N1: Primetel Electricity (KWh) Reading | O1: Consumed | P1: Epic Electricity (KWh) Reading | Q1: Consumed | R1: Date | S1: Fuel Oil Hot-Water Boilers (Liter) Reading | T1: Fuel Oil (Liter) Received | U1: Consumed | V1: LPG % A | W1: LPG % B | X1: LPG Kitchen (Liter) Reading | Y1: LPG (Liter) Received | Z1: Consumed | AA1: Water Utility Supply (m3) Reading | AB1: Consumed | AC1: SPA Water (m3) Reading | AD1: Consumed | AE1: Irrigation Water Supply (m3) Reading | AF1: Consumed | AG1: Pellets (Kg) Reading | AH1: Pellets (Kg) Received | AI1: Consumed | AJ1: Room Nights | AK1: Guest Nights
A2: 46143 | B2: 34073737 | C2: =IF(OR(B3="", B2=""), "", B3 - B2) -> 4475 | D2: 1689174 | E2: =IF(OR(D3="", D2=""), "", D3 - D2) -> 303 | F2: 209328 | G2: =IF(OR(F3="", F2=""), "", F3 - F2) -> 0 | H2: =IF(OR(C2="", E2="", G2=""), "", C2 + E2 - G2) -> 4778 | I2: =IF(OR(H2="", K2="", M2="", O2="", Q2=""), "", H2 - K2 - M2 - O2 - Q2) -> 3965.98 | J2: 5079002.4 | K2: =IF(OR(J3="", J2=""), "", J3 - J2) -> 614 | L2: 479900.32 | M2: =IF(OR(L3="", L2=""), "", L3 - L2) -> 15 | N2: 164242.9 | O2: =IF(OR(N3="", N2=""), "", N3 - N2) -> 69.473333 | P2: 49616.3 | Q2: =IF(OR(P3="", P2=""), "", P3 - P2) -> 113.54667 | R2: =A2 -> 46143 | S2: 4306 | U2: =IF(OR(S2="", S3=""), "", S2 + T2 - S3) -> 90 | V2: 0.77 | W2: 0.8 | X2: =IF(OR(V2="", W2=""), "", (V2 * 2500) + (W2 * 2500)) -> 3925 | Z2: =IF(OR(X2="", X3=""), "", X2 + Y2 - X3) -> 200 | AA2: 141659 | AB2: =IF(OR(AA3="", AA2=""), "", AA3 - AA2) -> 60 | AC2: 4615.9 | AD2: =IF(OR(AC3="", AC2=""), "", AC3 - AC2) -> 9.1 | AE2: 73669 | AF2: =IF(OR(AE3="", AE2=""), "", AE3 - AE2) -> 0 | AG2: 0 | AI2: =IF(OR(AH3="", AH2=""), "", AH3 - AH2) | AJ2: 156 | AK2: 234
A3: =A2+1 -> 46144 | B3: 34078212 | C3: =IF(OR(B4="", B3=""), "", B4 - B3) -> 4149 | D3: 1689477 | E3: =IF(OR(D4="", D3=""), "", D4 - D3) -> 859 | F3: 209328 | G3: =IF(OR(F4="", F3=""), "", F4 - F3) -> 0 | H3: =IF(OR(C3="", E3="", G3=""), "", C3 + E3 - G3) -> 5008 | I3: =IF(OR(H3="", K3="", M3="", O3="", Q3=""), "", H3 - K3 - M3 - O3 - Q3) -> 3782.0198 | J3: 5079616.4 | K3: =IF(OR(J4="", J3=""), "", J4 - J3) -> 1028 | L3: 479915.32 | M3: =IF(OR(L4="", L3=""), "", L4 - L3) -> 14.68421 | N3: 164312.37 | O3: =IF(OR(N4="", N3=""), "", N4 - N3) -> 67.077556 | P3: 49729.847 | Q3: =IF(OR(P4="", P3=""), "", P4 - P3) -> 116.21844 | R3: =A3 -> 46144 | S3: 4216 | U3: =IF(OR(S3="", S4=""), "", S3 + T3 - S4) -> 99 | V3: 0.74 | W3: 0.75 | X3: =IF(OR(V3="", W3=""), "", (V3 * 2500) + (W3 * 2500)) -> 3725 | Z3: =IF(OR(X3="", X4=""), "", X3 + Y3 - X4) -> 475 | AA3: 141719 | AB3: =IF(OR(AA4="", AA3=""), "", AA4 - AA3) -> 68 | AC3: 4625 | AD3: =IF(OR(AC4="", AC3=""), "", AC4 - AC3) -> 4.8 | AE3: 73669 | AF3: =IF(OR(AE4="", AE3=""), "", AE4 - AE3) -> 0 | AG3: 0 | AI3: =IF(OR(AH4="", AH3=""), "", AH4 - AH3) | AJ3: 181 | AK3: 272
A4: =A3+1 -> 46145 | B4: 34082361 | C4: =IF(OR(B5="", B4=""), "", B5 - B4) -> 4339 | D4: 1690336 | E4: =IF(OR(D5="", D4=""), "", D5 - D4) -> 427 | F4: 209328 | G4: =IF(OR(F5="", F4=""), "", F5 - F4) -> 33 | H4: =IF(OR(C4="", E4="", G4=""), "", C4 + E4 - G4) -> 4733 | I4: =IF(OR(H4="", K4="", M4="", O4="", Q4=""), "", H4 - K4 - M4 - O4 - Q4) -> 3634.2198 | J4: 5080644.4 | K4: =IF(OR(J5="", J4=""), "", J5 - J4) -> 900.8 | L4: 479930 | M4: =IF(OR(L5="", L4=""), "", L5 - L4) -> 14.68421 | N4: 164379.45 | O4: =IF(OR(N5="", N4=""), "", N5 - N4) -> 67.077556 | P4: 49846.065 | Q4: =IF(OR(P5="", P4=""), "", P5 - P4) -> 116.21844 | R4: =A4 -> 46145 | S4: 4117 | U4: =IF(OR(S4="", S5=""), "", S4 + T4 - S5) -> 188 | V4: 0.65 | W4: 0.65 | X4: =IF(OR(V4="", W4=""), "", (V4 * 2500) + (W4 * 2500)) -> 3250 | Z4: =IF(OR(X4="", X5=""), "", X4 + Y4 - X5) -> 250 | AA4: 141787 | AB4: =IF(OR(AA5="", AA4=""), "", AA5 - AA4) -> 59 | AC4: 4629.8 | AD4: =IF(OR(AC5="", AC4=""), "", AC5 - AC4) -> 5.4 | AE4: 73669 | AF4: =IF(OR(AE5="", AE4=""), "", AE5 - AE4) -> 0 | AG4: 0 | AI4: =IF(OR(AH5="", AH4=""), "", AH5 - AH4) | AJ4: 160 | AK4: 228
A5: =A4+1 -> 46146 | B5: 34086700 | C5: =IF(OR(B6="", B5=""), "", B6 - B5) -> 3947 | D5: 1690763 | E5: =IF(OR(D6="", D5=""), "", D6 - D5) -> 883 | F5: 209361 | G5: =IF(OR(F6="", F5=""), "", F6 - F5) -> 68 | H5: =IF(OR(C5="", E5="", G5=""), "", C5 + E5 - G5) -> 4762 | I5: =IF(OR(H5="", K5="", M5="", O5="", Q5=""), "", H5 - K5 - M5 - O5 - Q5) -> 3620.8198 | J5: 5081545.2 | K5: =IF(OR(J6="", J5=""), "", J6 - J5) -> 943.2 | L5: 479944.68 | M5: =IF(OR(L6="", L5=""), "", L6 - L5) -> 14.68421 | N5: 164446.53 | O5: =IF(OR(N6="", N5=""), "", N6 - N5) -> 67.077556 | P5: 49962.284 | Q5: =IF(OR(P6="", P5=""), "", P6 - P5) -> 116.21844 | R5: =A5 -> 46146 | S5: 3929 | U5: =IF(OR(S5="", S6=""), "", S5 + T5 - S6) -> 186 | V5: 0.6 | W5: 0.6 | X5: =IF(OR(V5="", W5=""), "", (V5 * 2500) + (W5 * 2500)) -> 3000 | Y5: 1217.54 | Z5: =IF(OR(X5="", X6=""), "", X5 + Y5 - X6) -> 492.54 | AA5: 141846 | AB5: =IF(OR(AA6="", AA5=""), "", AA6 - AA5) -> 64 | AC5: 4635.2 | AD5: =IF(OR(AC6="", AC5=""), "", AC6 - AC5) -> 8.9 | AE5: 73669 | AF5: =IF(OR(AE6="", AE5=""), "", AE6 - AE5) -> 0 | AG5: 0 | AI5: =IF(OR(AH6="", AH5=""), "", AH6 - AH5) | AJ5: 161 | AK5: 222
A6: =A5+1 -> 46147 | B6: 34090647 | C6: =IF(OR(B7="", B6=""), "", B7 - B6) -> 4040 | D6: 1691646 | E6: =IF(OR(D7="", D6=""), "", D7 - D6) -> 582 | F6: 209429 | G6: =IF(OR(F7="", F6=""), "", F7 - F6) -> 7 | H6: =IF(OR(C6="", E6="", G6=""), "", C6 + E6 - G6) -> 4615 | I6: =IF(OR(H6="", K6="", M6="", O6="", Q6=""), "", H6 - K6 - M6 - O6 - Q6) -> 3545.0198 | J6: 5082488.4 | K6: =IF(OR(J7="", J6=""), "", J7 - J6) -> 872 | L6: 479959.37 | M6: =IF(OR(L7="", L6=""), "", L7 - L6) -> 14.68421 | N6: 164513.61 | O6: =IF(OR(N7="", N6=""), "", N7 - N6) -> 67.077556 | P6: 50078.502 | Q6: =IF(OR(P7="", P6=""), "", P7 - P6) -> 116.21844 | R6: =A6 -> 46147 | S6: 3743 | U6: =IF(OR(S6="", S7=""), "", S6 + T6 - S7) -> 185 | V6: 0.75 | W6: 0.74 | X6: =IF(OR(V6="", W6=""), "", (V6 * 2500) + (W6 * 2500)) -> 3725 | Z6: =IF(OR(X6="", X7=""), "", X6 + Y6 - X7) -> 250 | AA6: 141910 | AB6: =IF(OR(AA7="", AA6=""), "", AA7 - AA6) -> 67 | AC6: 4644.1 | AD6: =IF(OR(AC7="", AC6=""), "", AC7 - AC6) -> 6 | AE6: 73669 | AF6: =IF(OR(AE7="", AE6=""), "", AE7 - AE6) -> 0 | AG6: 0 | AI6: =IF(OR(AH7="", AH6=""), "", AH7 - AH6) | AJ6: 159 | AK6: 212
A7: =A6+1 -> 46148 | B7: 34094687 | C7: =IF(OR(B8="", B7=""), "", B8 - B7) -> 3971 | D7: 1692228 | E7: =IF(OR(D8="", D7=""), "", D8 - D7) -> 806 | F7: 209436 | G7: =IF(OR(F8="", F7=""), "", F8 - F7) -> 47 | H7: =IF(OR(C7="", E7="", G7=""), "", C7 + E7 - G7) -> 4730 | I7: =IF(OR(H7="", K7="", M7="", O7="", Q7=""), "", H7 - K7 - M7 - O7 - Q7) -> 3612.8198 | J7: 5083360.4 | K7: =IF(OR(J8="", J7=""), "", J8 - J7) -> 919.2 | L7: 479974.05 | M7: =IF(OR(L8="", L7=""), "", L8 - L7) -> 14.68421 | N7: 164580.68 | O7: =IF(OR(N8="", N7=""), "", N8 - N7) -> 67.077556 | P7: 50194.72 | Q7: =IF(OR(P8="", P7=""), "", P8 - P7) -> 116.21844 | R7: =A7 -> 46148 | S7: 3558 | U7: =IF(OR(S7="", S8=""), "", S7 + T7 - S8) -> 78 | V7: 0.69 | W7: 0.7 | X7: =IF(OR(V7="", W7=""), "", (V7 * 2500) + (W7 * 2500)) -> 3475 | Z7: =IF(OR(X7="", X8=""), "", X7 + Y7 - X8) -> 325 | AA7: 141977 | AB7: =IF(OR(AA8="", AA7=""), "", AA8 - AA7) -> 58 | AC7: 4650.1 | AD7: =IF(OR(AC8="", AC7=""), "", AC8 - AC7) -> 4.8 | AE7: 73669 | AF7: =IF(OR(AE8="", AE7=""), "", AE8 - AE7) -> 0 | AG7: 0 | AI7: =IF(OR(AH8="", AH7=""), "", AH8 - AH7) | AJ7: 179 | AK7: 244
A8: =A7+1 -> 46149 | B8: 34098658 | C8: =IF(OR(B9="", B8=""), "", B9 - B8) -> 4602 | D8: 1693034 | E8: =IF(OR(D9="", D8=""), "", D9 - D8) -> 373 | F8: 209483 | G8: =IF(OR(F9="", F8=""), "", F9 - F8) -> 0 | H8: =IF(OR(C8="", E8="", G8=""), "", C8 + E8 - G8) -> 4975 | I8: =IF(OR(H8="", K8="", M8="", O8="", Q8=""), "", H8 - K8 - M8 - O8 - Q8) -> 3850.2198 | J8: 5084279.6 | K8: =IF(OR(J9="", J8=""), "", J9 - J8) -> 926.8 | L8: 479988.74 | M8: =IF(OR(L9="", L8=""), "", L9 - L8) -> 14.68421 | N8: 164647.76 | O8: =IF(OR(N9="", N8=""), "", N9 - N8) -> 67.077556 | P8: 50310.939 | Q8: =IF(OR(P9="", P8=""), "", P9 - P8) -> 116.21844 | R8: =A8 -> 46149 | S8: 3480 | U8: =IF(OR(S8="", S9=""), "", S8 + T8 - S9) -> 194 | V8: 0.63 | W8: 0.63 | X8: =IF(OR(V8="", W8=""), "", (V8 * 2500) + (W8 * 2500)) -> 3150 | Z8: =IF(OR(X8="", X9=""), "", X8 + Y8 - X9) -> 75 | AA8: 142035 | AB8: =IF(OR(AA9="", AA8=""), "", AA9 - AA8) -> 84 | AC8: 4654.9 | AD8: =IF(OR(AC9="", AC8=""), "", AC9 - AC8) -> 12.4 | AE8: 73669 | AF8: =IF(OR(AE9="", AE8=""), "", AE9 - AE8) -> 10 | AG8: 0 | AI8: =IF(OR(AH9="", AH8=""), "", AH9 - AH8) | AJ8: 184 | AK8: 261
A9: =A8+1 -> 46150 | B9: 34103260 | C9: =IF(OR(B10="", B9=""), "", B10 - B9) -> 4811 | D9: 1693407 | E9: =IF(OR(D10="", D9=""), "", D10 - D9) -> 383 | F9: 209483 | G9: =IF(OR(F10="", F9=""), "", F10 - F9) -> 0 | H9: =IF(OR(C9="", E9="", G9=""), "", C9 + E9 - G9) -> 5194 | I9: =IF(OR(H9="", K9="", M9="", O9="", Q9=""), "", H9 - K9 - M9 - O9 - Q9) -> 4094.0198 | J9: 5085206.4 | K9: =IF(OR(J10="", J9=""), "", J10 - J9) -> 902 | L9: 480003.42 | M9: =IF(OR(L10="", L9=""), "", L10 - L9) -> 14.68421 | N9: 164714.84 | O9: =IF(OR(N10="", N9=""), "", N10 - N9) -> 67.077556 | P9: 50427.157 | Q9: =IF(OR(P10="", P9=""), "", P10 - P9) -> 116.21844 | R9: =A9 -> 46150 | S9: 3286 | U9: =IF(OR(S9="", S10=""), "", S9 + T9 - S10) -> 180 | V9: 0.6 | W9: 0.63 | X9: =IF(OR(V9="", W9=""), "", (V9 * 2500) + (W9 * 2500)) -> 3075 | Z9: =IF(OR(X9="", X10=""), "", X9 + Y9 - X10) -> 300 | AA9: 142119 | AB9: =IF(OR(AA10="", AA9=""), "", AA10 - AA9) -> 80 | AC9: 4667.3 | AD9: =IF(OR(AC10="", AC9=""), "", AC10 - AC9) -> 10.9 | AE9: 73679 | AF9: =IF(OR(AE10="", AE9=""), "", AE10 - AE9) -> 62 | AG9: 0 | AI9: =IF(OR(AH10="", AH9=""), "", AH10 - AH9) | AJ9: 170 | AK9: 250
A10: =A9+1 -> 46151 | B10: 34108071 | C10: =IF(OR(B11="", B10=""), "", B11 - B10) -> 4734 | D10: 1693790 | E10: =IF(OR(D11="", D10=""), "", D11 - D10) -> 342 | F10: 209483 | G10: =IF(OR(F11="", F10=""), "", F11 - F10) -> 0 | H10: =IF(OR(C10="", E10="", G10=""), "", C10 + E10 - G10) -> 5076 | I10: =IF(OR(H10="", K10="", M10="", O10="", Q10=""), "", H10 - K10 - M10 - O10 - Q10) -> 4001.2198 | J10: 5086108.4 | K10: =IF(OR(J11="", J10=""), "", J11 - J10) -> 876.8 | L10: 480018.11 | M10: =IF(OR(L11="", L10=""), "", L11 - L10) -> 14.68421 | N10: 164781.92 | O10: =IF(OR(N11="", N10=""), "", N11 - N10) -> 67.077556 | P10: 50543.376 | Q10: =IF(OR(P11="", P10=""), "", P11 - P10) -> 116.21844 | R10: =A10 -> 46151 | S10: 3106 | U10: =IF(OR(S10="", S11=""), "", S10 + T10 - S11) -> 146 | V10: 0.55 | W10: 0.56 | X10: =IF(OR(V10="", W10=""), "", (V10 * 2500) + (W10 * 2500)) -> 2775 | Z10: =IF(OR(X10="", X11=""), "", X10 + Y10 - X11) -> 100 | AA10: 142199 | AB10: =IF(OR(AA11="", AA10=""), "", AA11 - AA10) -> 72 | AC10: 4678.2 | AD10: =IF(OR(AC11="", AC10=""), "", AC11 - AC10) -> 5.8 | AE10: 73741 | AF10: =IF(OR(AE11="", AE10=""), "", AE11 - AE10) -> 0 | AG10: 0 | AI10: =IF(OR(AH11="", AH10=""), "", AH11 - AH10) | AJ10: 184 | AK10: 272
A11: =A10+1 -> 46152 | B11: 34112805 | C11: =IF(OR(B12="", B11=""), "", B12 - B11) -> 5111 | D11: 1694132 | E11: =IF(OR(D12="", D11=""), "", D12 - D11) -> 210 | F11: 209483 | G11: =IF(OR(F12="", F11=""), "", F12 - F11) -> 0 | H11: =IF(OR(C11="", E11="", G11=""), "", C11 + E11 - G11) -> 5321 | I11: =IF(OR(H11="", K11="", M11="", O11="", Q11=""), "", H11 - K11 - M11 - O11 - Q11) -> 4235.0198 | J11: 5086985.2 | K11: =IF(OR(J12="", J11=""), "", J12 - J11) -> 888 | L11: 480032.79 | M11: =IF(OR(L12="", L11=""), "", L12 - L11) -> 14.68421 | N11: 164848.99 | O11: =IF(OR(N12="", N11=""), "", N12 - N11) -> 67.077556 | P11: 50659.594 | Q11: =IF(OR(P12="", P11=""), "", P12 - P11) -> 116.21844 | R11: =A11 -> 46152 | S11: 2960 | U11: =IF(OR(S11="", S12=""), "", S11 + T11 - S12) -> 118 | V11: 0.53 | W11: 0.54 | X11: =IF(OR(V11="", W11=""), "", (V11 * 2500) + (W11 * 2500)) -> 2675 | Z11: =IF(OR(X11="", X12=""), "", X11 + Y11 - X12) -> 225 | AA11: 142271 | AB11: =IF(OR(AA12="", AA11=""), "", AA12 - AA11) -> 63 | AC11: 4684 | AD11: =IF(OR(AC12="", AC11=""), "", AC12 - AC11) -> 4.4 | AE11: 73741 | AF11: =IF(OR(AE12="", AE11=""), "", AE12 - AE11) -> 9 | AG11: 0 | AI11: =IF(OR(AH12="", AH11=""), "", AH12 - AH11) | AJ11: 150 | AK11: 199
A12: =A11+1 -> 46153 | B12: 34117916 | C12: =IF(OR(B13="", B12=""), "", B13 - B12) -> 4575 | D12: 1694342 | E12: =IF(OR(D13="", D12=""), "", D13 - D12) -> 614 | F12: 209483 | G12: =IF(OR(F13="", F12=""), "", F13 - F12) -> 3 | H12: =IF(OR(C12="", E12="", G12=""), "", C12 + E12 - G12) -> 5186 | I12: =IF(OR(H12="", K12="", M12="", O12="", Q12=""), "", H12 - K12 - M12 - O12 - Q12) -> 4169.6198 | J12: 5087873.2 | K12: =IF(OR(J13="", J12=""), "", J13 - J12) -> 818.4 | L12: 480047.47 | M12: =IF(OR(L13="", L12=""), "", L13 - L12) -> 14.68421 | N12: 164916.07 | O12: =IF(OR(N13="", N12=""), "", N13 - N12) -> 67.077556 | P12: 50775.813 | Q12: =IF(OR(P13="", P12=""), "", P13 - P12) -> 116.21844 | R12: =A12 -> 46153 | S12: 2842 | U12: =IF(OR(S12="", S13=""), "", S12 + T12 - S13) -> 173 | V12: 0.5 | W12: 0.48 | X12: =IF(OR(V12="", W12=""), "", (V12 * 2500) + (W12 * 2500)) -> 2450 | Y12: 2118.38 | Z12: =IF(OR(X12="", X13=""), "", X12 + Y12 - X13) -> 593.38 | AA12: 142334 | AB12: =IF(OR(AA13="", AA12=""), "", AA13 - AA12) -> 67 | AC12: 4688.4 | AD12: =IF(OR(AC13="", AC12=""), "", AC13 - AC12) -> 3.8 | AE12: 73750 | AF12: =IF(OR(AE13="", AE12=""), "", AE13 - AE12) -> 53 | AG12: 0 | AI12: =IF(OR(AH13="", AH12=""), "", AH13 - AH12) | AJ12: 147 | AK12: 202
A13: =A12+1 -> 46154 | B13: 34122491 | C13: =IF(OR(B14="", B13=""), "", B14 - B13) -> 4682 | D13: 1694956 | E13: =IF(OR(D14="", D13=""), "", D14 - D13) -> 532 | F13: 209486 | G13: =IF(OR(F14="", F13=""), "", F14 - F13) -> 0 | H13: =IF(OR(C13="", E13="", G13=""), "", C13 + E13 - G13) -> 5214 | I13: =IF(OR(H13="", K13="", M13="", O13="", Q13=""), "", H13 - K13 - M13 - O13 - Q13) -> 4186.4198 | J13: 5088691.6 | K13: =IF(OR(J14="", J13=""), "", J14 - J13) -> 829.6 | L13: 480062.16 | M13: =IF(OR(L14="", L13=""), "", L14 - L13) -> 14.68421 | N13: 164983.15 | O13: =IF(OR(N14="", N13=""), "", N14 - N13) -> 67.077556 | P13: 50892.031 | Q13: =IF(OR(P14="", P13=""), "", P14 - P13) -> 116.21844 | R13: =A13 -> 46154 | S13: 2669 | U13: =IF(OR(S13="", S14=""), "", S13 + T13 - S14) -> 160 | V13: 0.8 | W13: 0.79 | X13: =IF(OR(V13="", W13=""), "", (V13 * 2500) + (W13 * 2500)) -> 3975 | Z13: =IF(OR(X13="", X14=""), "", X13 + Y13 - X14) -> 225 | AA13: 142401 | AB13: =IF(OR(AA14="", AA13=""), "", AA14 - AA13) -> 62 | AC13: 4692.2 | AD13: =IF(OR(AC14="", AC13=""), "", AC14 - AC13) -> 5 | AE13: 73803 | AF13: =IF(OR(AE14="", AE13=""), "", AE14 - AE13) -> 16 | AG13: 0 | AI13: =IF(OR(AH14="", AH13=""), "", AH14 - AH13) | AJ13: 96 | AK13: 154
A14: =A13+1 -> 46155 | B14: 34127173 | C14: =IF(OR(B15="", B14=""), "", B15 - B14) -> 4783 | D14: 1695488 | E14: =IF(OR(D15="", D14=""), "", D15 - D14) -> 496 | F14: 209486 | G14: =IF(OR(F15="", F14=""), "", F15 - F14) -> 1 | H14: =IF(OR(C14="", E14="", G14=""), "", C14 + E14 - G14) -> 5278 | I14: =IF(OR(H14="", K14="", M14="", O14="", Q14=""), "", H14 - K14 - M14 - O14 - Q14) -> 4249.0198 | J14: 5089521.2 | K14: =IF(OR(J15="", J14=""), "", J15 - J14) -> 831 | L14: 480076.84 | M14: =IF(OR(L15="", L14=""), "", L15 - L14) -> 14.68421 | N14: 165050.23 | O14: =IF(OR(N15="", N14=""), "", N15 - N14) -> 67.077556 | P14: 51008.25 | Q14: =IF(OR(P15="", P14=""), "", P15 - P14) -> 116.21844 | R14: =A14 -> 46155 | S14: 2509 | U14: =IF(OR(S14="", S15=""), "", S14 + T14 - S15) -> 94 | V14: 0.75 | W14: 0.75 | X14: =IF(OR(V14="", W14=""), "", (V14 * 2500) + (W14 * 2500)) -> 3750 | Z14: =IF(OR(X14="", X15=""), "", X14 + Y14 - X15) -> 275 | AA14: 142463 | AB14: =IF(OR(AA15="", AA14=""), "", AA15 - AA14) -> 61 | AC14: 4697.2 | AD14: =IF(OR(AC15="", AC14=""), "", AC15 - AC14) -> 7.7 | AE14: 73819 | AF14: =IF(OR(AE15="", AE14=""), "", AE15 - AE14) -> 21 | AG14: 0 | AI14: =IF(OR(AH15="", AH14=""), "", AH15 - AH14) | AJ14: 109 | AK14: 175
A15: =A14+1 -> 46156 | B15: 34131956 | C15: =IF(OR(B16="", B15=""), "", B16 - B15) -> 3964 | D15: 1695984 | E15: =IF(OR(D16="", D15=""), "", D16 - D15) -> 934 | F15: 209487 | G15: =IF(OR(F16="", F15=""), "", F16 - F15) -> 37 | H15: =IF(OR(C15="", E15="", G15=""), "", C15 + E15 - G15) -> 4861 | I15: =IF(OR(H15="", K15="", M15="", O15="", Q15=""), "", H15 - K15 - M15 - O15 - Q15) -> 3869.2198 | J15: 5090352.2 | K15: =IF(OR(J16="", J15=""), "", J16 - J15) -> 793.8 | L15: 480091.53 | M15: =IF(OR(L16="", L15=""), "", L16 - L15) -> 14.68421 | N15: 165117.3 | O15: =IF(OR(N16="", N15=""), "", N16 - N15) -> 67.077556 | P15: 51124.468 | Q15: =IF(OR(P16="", P15=""), "", P16 - P15) -> 116.21844 | R15: =A15 -> 46156 | S15: 2415 | T15: 6000 | U15: =IF(OR(S15="", S16=""), "", S15 + T15 - S16) -> 234 | V15: 0.7 | W15: 0.69 | X15: =IF(OR(V15="", W15=""), "", (V15 * 2500) + (W15 * 2500)) -> 3475 | Z15: =IF(OR(X15="", X16=""), "", X15 + Y15 - X16) -> 225 | AA15: 142524 | AB15: =IF(OR(AA16="", AA15=""), "", AA16 - AA15) -> 59 | AC15: 4704.9 | AD15: =IF(OR(AC16="", AC15=""), "", AC16 - AC15) -> 5 | AE15: 73840 | AF15: =IF(OR(AE16="", AE15=""), "", AE16 - AE15) -> 29 | AG15: 0 | AI15: =IF(OR(AH16="", AH15=""), "", AH16 - AH15) | AJ15: 142 | AK15: 223
A16: =A15+1 -> 46157 | B16: 34135920 | C16: =IF(OR(B17="", B16=""), "", B17 - B16) -> 4793 | D16: 1696918 | E16: =IF(OR(D17="", D16=""), "", D17 - D16) -> 345 | F16: 209524 | G16: =IF(OR(F17="", F16=""), "", F17 - F16) -> 1 | H16: =IF(OR(C16="", E16="", G16=""), "", C16 + E16 - G16) -> 5137 | I16: =IF(OR(H16="", K16="", M16="", O16="", Q16=""), "", H16 - K16 - M16 - O16 - Q16) -> 4084.6198 | J16: 5091146 | K16: =IF(OR(J17="", J16=""), "", J17 - J16) -> 854.4 | L16: 480106.21 | M16: =IF(OR(L17="", L16=""), "", L17 - L16) -> 14.68421 | N16: 165184.38 | O16: =IF(OR(N17="", N16=""), "", N17 - N16) -> 67.077556 | P16: 51240.686 | Q16: =IF(OR(P17="", P16=""), "", P17 - P16) -> 116.21844 | R16: =A16 -> 46157 | S16: 8181 | U16: =IF(OR(S16="", S17=""), "", S16 + T16 - S17) -> 101 | V16: 0.65 | W16: 0.65 | X16: =IF(OR(V16="", W16=""), "", (V16 * 2500) + (W16 * 2500)) -> 3250 | Z16: =IF(OR(X16="", X17=""), "", X16 + Y16 - X17) -> 175 | AA16: 142583 | AB16: =IF(OR(AA17="", AA16=""), "", AA17 - AA16) -> 69 | AC16: 4709.9 | AD16: =IF(OR(AC17="", AC16=""), "", AC17 - AC16) -> 7.9 | AE16: 73869 | AF16: =IF(OR(AE17="", AE16=""), "", AE17 - AE16) -> 35 | AG16: 0 | AI16: =IF(OR(AH17="", AH16=""), "", AH17 - AH16) | AJ16: 133 | AK16: 217
A17: =A16+1 -> 46158 | B17: 34140713 | C17: =IF(OR(B18="", B17=""), "", B18 - B17) -> 4737 | D17: 1697263 | E17: =IF(OR(D18="", D17=""), "", D18 - D17) -> 480 | F17: 209525 | G17: =IF(OR(F18="", F17=""), "", F18 - F17) -> 0 | H17: =IF(OR(C17="", E17="", G17=""), "", C17 + E17 - G17) -> 5217 | I17: =IF(OR(H17="", K17="", M17="", O17="", Q17=""), "", H17 - K17 - M17 - O17 - Q17) -> 4138.2198 | J17: 5092000.4 | K17: =IF(OR(J18="", J17=""), "", J18 - J17) -> 880.8 | L17: 480120.89 | M17: =IF(OR(L18="", L17=""), "", L18 - L17) -> 14.68421 | N17: 165251.46 | O17: =IF(OR(N18="", N17=""), "", N18 - N17) -> 67.077556 | P17: 51356.905 | Q17: =IF(OR(P18="", P17=""), "", P18 - P17) -> 116.21844 | R17: =A17 -> 46158 | S17: 8080 | U17: =IF(OR(S17="", S18=""), "", S17 + T17 - S18) -> 100 | V17: 0.6 | W17: 0.63 | X17: =IF(OR(V17="", W17=""), "", (V17 * 2500) + (W17 * 2500)) -> 3075 | Z17: =IF(OR(X17="", X18=""), "", X17 + Y17 - X18) -> 150 | AA17: 142652 | AB17: =IF(OR(AA18="", AA17=""), "", AA18 - AA17) -> 65 | AC17: 4717.8 | AD17: =IF(OR(AC18="", AC17=""), "", AC18 - AC17) -> 5.4 | AE17: 73904 | AF17: =IF(OR(AE18="", AE17=""), "", AE18 - AE17) -> 0 | AG17: 0 | AI17: =IF(OR(AH18="", AH17=""), "", AH18 - AH17) | AJ17: 104 | AK17: 189
A18: =A17+1 -> 46159 | B18: 34145450 | C18: =IF(OR(B19="", B18=""), "", B19 - B18) -> 4472 | D18: 1697743 | E18: =IF(OR(D19="", D18=""), "", D19 - D18) -> 243 | F18: 209525 | G18: =IF(OR(F19="", F18=""), "", F19 - F18) -> 0 | H18: =IF(OR(C18="", E18="", G18=""), "", C18 + E18 - G18) -> 4715 | I18: =IF(OR(H18="", K18="", M18="", O18="", Q18=""), "", H18 - K18 - M18 - O18 - Q18) -> 3637.8198 | J18: 5092881.2 | K18: =IF(OR(J19="", J18=""), "", J19 - J18) -> 879.2 | L18: 480135.58 | M18: =IF(OR(L19="", L18=""), "", L19 - L18) -> 14.68421 | N18: 165318.54 | O18: =IF(OR(N19="", N18=""), "", N19 - N18) -> 67.077556 | P18: 51473.123 | Q18: =IF(OR(P19="", P18=""), "", P19 - P18) -> 116.21844 | R18: =A18 -> 46159 | S18: 7980 | U18: =IF(OR(S18="", S19=""), "", S18 + T18 - S19) -> 101 | V18: 0.57 | W18: 0.6 | X18: =IF(OR(V18="", W18=""), "", (V18 * 2500) + (W18 * 2500)) -> 2925 | Z18: =IF(OR(X18="", X19=""), "", X18 + Y18 - X19) -> 200 | AA18: 142717 | AB18: =IF(OR(AA19="", AA18=""), "", AA19 - AA18) -> 58 | AC18: 4723.2 | AD18: =IF(OR(AC19="", AC18=""), "", AC19 - AC18) -> 4.6 | AE18: 73904 | AF18: =IF(OR(AE19="", AE18=""), "", AE19 - AE18) -> 6 | AG18: 0 | AI18: =IF(OR(AH19="", AH18=""), "", AH19 - AH18) | AJ18: 94 | AK18: 168
A19: =A18+1 -> 46160 | B19: 34149922 | C19: =IF(OR(B20="", B19=""), "", B20 - B19) -> 4469 | D19: 1697986 | E19: =IF(OR(D20="", D19=""), "", D20 - D19) -> 560 | F19: 209525 | G19: =IF(OR(F20="", F19=""), "", F20 - F19) -> 0 | H19: =IF(OR(C19="", E19="", G19=""), "", C19 + E19 - G19) -> 5029 | I19: =IF(OR(H19="", K19="", M19="", O19="", Q19=""), "", H19 - K19 - M19 - O19 - Q19) -> 3905.0198 | J19: 5093760.4 | K19: =IF(OR(J20="", J19=""), "", J20 - J19) -> 926 | L19: 480150.26 | M19: =IF(OR(L20="", L19=""), "", L20 - L19) -> 14.68421 | N19: 165385.61 | O19: =IF(OR(N20="", N19=""), "", N20 - N19) -> 67.077556 | P19: 51589.342 | Q19: =IF(OR(P20="", P19=""), "", P20 - P19) -> 116.21844 | R19: =A19 -> 46160 | S19: 7879 | U19: =IF(OR(S19="", S20=""), "", S19 + T19 - S20) -> 123 | V19: 0.54 | W19: 0.55 | X19: =IF(OR(V19="", W19=""), "", (V19 * 2500) + (W19 * 2500)) -> 2725 | Y19: 1632.91 | Z19: =IF(OR(X19="", X20=""), "", X19 + Y19 - X20) -> 357.91 | AA19: 142775 | AB19: =IF(OR(AA20="", AA19=""), "", AA20 - AA19) -> 70 | AC19: 4727.8 | AD19: =IF(OR(AC20="", AC19=""), "", AC20 - AC19) -> 10.9 | AE19: 73910 | AF19: =IF(OR(AE20="", AE19=""), "", AE20 - AE19) -> 39 | AG19: 0 | AI19: =IF(OR(AH20="", AH19=""), "", AH20 - AH19) | AJ19: 93 | AK19: 161
A20: =A19+1 -> 46161 | B20: 34154391 | C20: =IF(OR(B21="", B20=""), "", B21 - B20) -> 4219 | D20: 1698546 | E20: =IF(OR(D21="", D20=""), "", D21 - D20) -> 725 | F20: 209525 | G20: =IF(OR(F21="", F20=""), "", F21 - F20) -> 4 | H20: =IF(OR(C20="", E20="", G20=""), "", C20 + E20 - G20) -> 4940 | I20: =IF(OR(H20="", K20="", M20="", O20="", Q20=""), "", H20 - K20 - M20 - O20 - Q20) -> 3914.0198 | J20: 5094686.4 | K20: =IF(OR(J21="", J20=""), "", J21 - J20) -> 828 | L20: 480164.95 | M20: =IF(OR(L21="", L20=""), "", L21 - L20) -> 14.68421 | N20: 165452.69 | O20: =IF(OR(N21="", N20=""), "", N21 - N20) -> 67.077556 | P20: 51705.56 | Q20: =IF(OR(P21="", P20=""), "", P21 - P20) -> 116.21844 | R20: =A20 -> 46161 | S20: 7756 | U20: =IF(OR(S20="", S21=""), "", S20 + T20 - S21) -> 145 | V20: 0.8 | W20: 0.8 | X20: =IF(OR(V20="", W20=""), "", (V20 * 2500) + (W20 * 2500)) -> 4000 | Z20: =IF(OR(X20="", X21=""), "", X20 + Y20 - X21) -> 300 | AA20: 142845 | AB20: =IF(OR(AA21="", AA20=""), "", AA21 - AA20) -> 58 | AC20: 4738.7 | AD20: =IF(OR(AC21="", AC20=""), "", AC21 - AC20) -> 5.8 | AE20: 73949 | AF20: =IF(OR(AE21="", AE20=""), "", AE21 - AE20) -> 14 | AG20: 0 | AI20: =IF(OR(AH21="", AH20=""), "", AH21 - AH20) | AJ20: 100 | AK20: 171
A21: =A20+1 -> 46162 | B21: 34158610 | C21: =IF(OR(B22="", B21=""), "", B22 - B21) -> 4147 | D21: 1699271 | E21: =IF(OR(D22="", D21=""), "", D22 - D21) -> 597 | F21: 209529 | G21: =IF(OR(F22="", F21=""), "", F22 - F21) -> 3 | H21: =IF(OR(C21="", E21="", G21=""), "", C21 + E21 - G21) -> 4741 | I21: =IF(OR(H21="", K21="", M21="", O21="", Q21=""), "", H21 - K21 - M21 - O21 - Q21) -> 3706.6198 | J21: 5095514.4 | K21: =IF(OR(J22="", J21=""), "", J22 - J21) -> 836.4 | L21: 480179.63 | M21: =IF(OR(L22="", L21=""), "", L22 - L21) -> 14.68421 | N21: 165519.77 | O21: =IF(OR(N22="", N21=""), "", N22 - N21) -> 67.077556 | P21: 51821.779 | Q21: =IF(OR(P22="", P21=""), "", P22 - P21) -> 116.21844 | R21: =A21 -> 46162 | S21: 7611 | U21: =IF(OR(S21="", S22=""), "", S21 + T21 - S22) -> 115 | V21: 0.73 | W21: 0.75 | X21: =IF(OR(V21="", W21=""), "", (V21 * 2500) + (W21 * 2500)) -> 3700 | Z21: =IF(OR(X21="", X22=""), "", X21 + Y21 - X22) -> 300 | AA21: 142903 | AB21: =IF(OR(AA22="", AA21=""), "", AA22 - AA21) -> 59 | AC21: 4744.5 | AD21: =IF(OR(AC22="", AC21=""), "", AC22 - AC21) -> 4.9 | AE21: 73963 | AF21: =IF(OR(AE22="", AE21=""), "", AE22 - AE21) -> 37 | AG21: 0 | AI21: =IF(OR(AH22="", AH21=""), "", AH22 - AH21) | AJ21: 117 | AK21: 204
A22: =A21+1 -> 46163 | B22: 34162757 | C22: =IF(OR(B23="", B22=""), "", B23 - B22) -> 5173 | D22: 1699868 | E22: =IF(OR(D23="", D22=""), "", D23 - D22) -> 412 | F22: 209532 | G22: =IF(OR(F23="", F22=""), "", F23 - F22) -> 5 | H22: =IF(OR(C22="", E22="", G22=""), "", C22 + E22 - G22) -> 5580 | I22: =IF(OR(H22="", K22="", M22="", O22="", Q22=""), "", H22 - K22 - M22 - O22 - Q22) -> 4476.4198 | J22: 5096350.8 | K22: =IF(OR(J23="", J22=""), "", J23 - J22) -> 905.6 | L22: 480194.32 | M22: =IF(OR(L23="", L22=""), "", L23 - L22) -> 14.68421 | N22: 165586.85 | O22: =IF(OR(N23="", N22=""), "", N23 - N22) -> 67.077556 | P22: 51937.997 | Q22: =IF(OR(P23="", P22=""), "", P23 - P22) -> 116.21844 | R22: =A22 -> 46163 | S22: 7496 | U22: =IF(OR(S22="", S23=""), "", S22 + T22 - S23) -> 121 | V22: 0.68 | W22: 0.68 | X22: =IF(OR(V22="", W22=""), "", (V22 * 2500) + (W22 * 2500)) -> 3400 | Z22: =IF(OR(X22="", X23=""), "", X22 + Y22 - X23) -> 275 | AA22: 142962 | AB22: =IF(OR(AA23="", AA22=""), "", AA23 - AA22) -> 68 | AC22: 4749.4 | AD22: =IF(OR(AC23="", AC22=""), "", AC23 - AC22) -> 6.8 | AE22: 74000 | AF22: =IF(OR(AE23="", AE22=""), "", AE23 - AE22) -> 19 | AG22: 0 | AI22: =IF(OR(AH23="", AH22=""), "", AH23 - AH22) | AJ22: 132 | AK22: 242
A23: =A22+1 -> 46164 | B23: 34167930 | C23: =IF(OR(B24="", B23=""), "", B24 - B23) -> 4786 | D23: 1700280 | E23: =IF(OR(D24="", D23=""), "", D24 - D23) -> 843 | F23: 209537 | G23: =IF(OR(F24="", F23=""), "", F24 - F23) -> 0 | H23: =IF(OR(C23="", E23="", G23=""), "", C23 + E23 - G23) -> 5629 | I23: =IF(OR(H23="", K23="", M23="", O23="", Q23=""), "", H23 - K23 - M23 - O23 - Q23) -> 4474.2198 | J23: 5097256.4 | K23: =IF(OR(J24="", J23=""), "", J24 - J23) -> 956.8 | L23: 480209 | M23: =IF(OR(L24="", L23=""), "", L24 - L23) -> 14.68421 | N23: 165653.92 | O23: =IF(OR(N24="", N23=""), "", N24 - N23) -> 67.077556 | P23: 52054.216 | Q23: =IF(OR(P24="", P23=""), "", P24 - P23) -> 116.21844 | R23: =A23 -> 46164 | S23: 7375 | U23: =IF(OR(S23="", S24=""), "", S23 + T23 - S24) -> 201 | V23: 0.62 | W23: 0.63 | X23: =IF(OR(V23="", W23=""), "", (V23 * 2500) + (W23 * 2500)) -> 3125 | Z23: =IF(OR(X23="", X24=""), "", X23 + Y23 - X24) -> 100 | AA23: 143030 | AB23: =IF(OR(AA24="", AA23=""), "", AA24 - AA23) -> 71 | AC23: 4756.2 | AD23: =IF(OR(AC24="", AC23=""), "", AC24 - AC23) -> 4.5 | AE23: 74019 | AF23: =IF(OR(AE24="", AE23=""), "", AE24 - AE23) -> 47 | AG23: 0 | AI23: =IF(OR(AH24="", AH23=""), "", AH24 - AH23) | AJ23: 158 | AK23: 304
A24: =A23+1 -> 46165 | B24: 34172716 | C24: =IF(OR(B25="", B24=""), "", B25 - B24) -> 5171 | D24: 1701123 | E24: =IF(OR(D25="", D24=""), "", D25 - D24) -> 299 | F24: 209537 | G24: =IF(OR(F25="", F24=""), "", F25 - F24) -> 0 | H24: =IF(OR(C24="", E24="", G24=""), "", C24 + E24 - G24) -> 5470 | I24: =IF(OR(H24="", K24="", M24="", O24="", Q24=""), "", H24 - K24 - M24 - O24 - Q24) -> 4412.0198 | J24: 5098213.2 | K24: =IF(OR(J25="", J24=""), "", J25 - J24) -> 860 | L24: 480223.68 | M24: =IF(OR(L25="", L24=""), "", L25 - L24) -> 14.68421 | N24: 165721 | O24: =IF(OR(N25="", N24=""), "", N25 - N24) -> 67.077556 | P24: 52170.434 | Q24: =IF(OR(P25="", P24=""), "", P25 - P24) -> 116.21844 | R24: =A24 -> 46165 | S24: 7174 | U24: =IF(OR(S24="", S25=""), "", S24 + T24 - S25) -> 202 | V24: 0.6 | W24: 0.61 | X24: =IF(OR(V24="", W24=""), "", (V24 * 2500) + (W24 * 2500)) -> 3025 | Z24: =IF(OR(X24="", X25=""), "", X24 + Y24 - X25) -> 225 | AA24: 143101 | AB24: =IF(OR(AA25="", AA24=""), "", AA25 - AA24) -> 76 | AC24: 4760.7 | AD24: =IF(OR(AC25="", AC24=""), "", AC25 - AC24) -> 6.2 | AE24: 74066 | AF24: =IF(OR(AE25="", AE24=""), "", AE25 - AE24) -> 1 | AG24: 0 | AI24: =IF(OR(AH25="", AH24=""), "", AH25 - AH24) | AJ24: 164 | AK24: 326
A25: =A24+1 -> 46166 | B25: 34177887 | C25: =IF(OR(B26="", B25=""), "", B26 - B25) -> 5309 | D25: 1701422 | E25: =IF(OR(D26="", D25=""), "", D26 - D25) -> 154 | F25: 209537 | G25: =IF(OR(F26="", F25=""), "", F26 - F25) -> 0 | H25: =IF(OR(C25="", E25="", G25=""), "", C25 + E25 - G25) -> 5463 | I25: =IF(OR(H25="", K25="", M25="", O25="", Q25=""), "", H25 - K25 - M25 - O25 - Q25) -> 4393.8198 | J25: 5099073.2 | K25: =IF(OR(J26="", J25=""), "", J26 - J25) -> 871.2 | L25: 480238.37 | M25: =IF(OR(L26="", L25=""), "", L26 - L25) -> 14.68421 | N25: 165788.08 | O25: =IF(OR(N26="", N25=""), "", N26 - N25) -> 67.077556 | P25: 52286.652 | Q25: =IF(OR(P26="", P25=""), "", P26 - P25) -> 116.21844 | R25: =A25 -> 46166 | S25: 6972 | U25: =IF(OR(S25="", S26=""), "", S25 + T25 - S26) -> 201 | V25: 0.56 | W25: 0.56 | X25: =IF(OR(V25="", W25=""), "", (V25 * 2500) + (W25 * 2500)) -> 2800 | Z25: =IF(OR(X25="", X26=""), "", X25 + Y25 - X26) -> 200 | AA25: 143177 | AB25: =IF(OR(AA26="", AA25=""), "", AA26 - AA25) -> 76 | AC25: 4766.9 | AD25: =IF(OR(AC26="", AC25=""), "", AC26 - AC25) -> 4.6 | AE25: 74067 | AF25: =IF(OR(AE26="", AE25=""), "", AE26 - AE25) -> 8 | AG25: 0 | AI25: =IF(OR(AH26="", AH25=""), "", AH26 - AH25) | AJ25: 161 | AK25: 326
A26: =A25+1 -> 46167 | B26: 34183196 | C26: =IF(OR(B27="", B26=""), "", B27 - B26) -> 5100 | D26: 1701576 | E26: =IF(OR(D27="", D26=""), "", D27 - D26) -> 557 | F26: 209537 | G26: =IF(OR(F27="", F26=""), "", F27 - F26) -> 1 | H26: =IF(OR(C26="", E26="", G26=""), "", C26 + E26 - G26) -> 5656 | I26: =IF(OR(H26="", K26="", M26="", O26="", Q26=""), "", H26 - K26 - M26 - O26 - Q26) -> 4572.0198 | J26: 5099944.4 | K26: =IF(OR(J27="", J26=""), "", J27 - J26) -> 886 | L26: 480253.05 | M26: =IF(OR(L27="", L26=""), "", L27 - L26) -> 14.68421 | N26: 165855.16 | O26: =IF(OR(N27="", N26=""), "", N27 - N26) -> 67.077556 | P26: 52402.871 | Q26: =IF(OR(P27="", P26=""), "", P27 - P26) -> 116.21844 | R26: =A26 -> 46167 | S26: 6771 | U26: =IF(OR(S26="", S27=""), "", S26 + T26 - S27) -> 151 | V26: 0.52 | W26: 0.52 | X26: =IF(OR(V26="", W26=""), "", (V26 * 2500) + (W26 * 2500)) -> 2600 | Y26: 1864.79 | Z26: =IF(OR(X26="", X27=""), "", X26 + Y26 - X27) -> 464.79 | AA26: 143253 | AB26: =IF(OR(AA27="", AA26=""), "", AA27 - AA26) -> 91 | AC26: 4771.5 | AD26: =IF(OR(AC27="", AC26=""), "", AC27 - AC26) -> 9.8 | AE26: 74075 | AF26: =IF(OR(AE27="", AE26=""), "", AE27 - AE26) -> 58 | AG26: 0 | AI26: =IF(OR(AH27="", AH26=""), "", AH27 - AH26) | AJ26: 162 | AK26: 330
A27: =A26+1 -> 46168 | B27: 34188296 | C27: =IF(OR(B28="", B27=""), "", B28 - B27) -> 5098 | D27: 1702133 | E27: =IF(OR(D28="", D27=""), "", D28 - D27) -> 815 | F27: 209538 | G27: =IF(OR(F28="", F27=""), "", F28 - F27) -> 0 | H27: =IF(OR(C27="", E27="", G27=""), "", C27 + E27 - G27) -> 5913 | I27: =IF(OR(H27="", K27="", M27="", O27="", Q27=""), "", H27 - K27 - M27 - O27 - Q27) -> 4811.4198 | J27: 5100830.4 | K27: =IF(OR(J28="", J27=""), "", J28 - J27) -> 903.6 | L27: 480267.74 | M27: =IF(OR(L28="", L27=""), "", L28 - L27) -> 14.68421 | N27: 165922.23 | O27: =IF(OR(N28="", N27=""), "", N28 - N27) -> 67.077556 | P27: 52519.089 | Q27: =IF(OR(P28="", P27=""), "", P28 - P27) -> 116.21844 | R27: =A27 -> 46168 | S27: 6620 | U27: =IF(OR(S27="", S28=""), "", S27 + T27 - S28) -> 251 | V27: 0.8 | W27: 0.8 | X27: =IF(OR(V27="", W27=""), "", (V27 * 2500) + (W27 * 2500)) -> 4000 | Z27: =IF(OR(X27="", X28=""), "", X27 + Y27 - X28) -> 250 | AA27: 143344 | AB27: =IF(OR(AA28="", AA27=""), "", AA28 - AA27) -> 75 | AC27: 4781.3 | AD27: =IF(OR(AC28="", AC27=""), "", AC28 - AC27) -> 6.2 | AE27: 74133 | AF27: =IF(OR(AE28="", AE27=""), "", AE28 - AE27) -> 0 | AG27: 0 | AI27: =IF(OR(AH28="", AH27=""), "", AH28 - AH27) | AJ27: 177 | AK27: 356
A28: =A27+1 -> 46169 | B28: 34193394 | C28: =IF(OR(B29="", B28=""), "", B29 - B28) -> 4620 | D28: 1702948 | E28: =IF(OR(D29="", D28=""), "", D29 - D28) -> 1266 | F28: 209538 | G28: =IF(OR(F29="", F28=""), "", F29 - F28) -> 0 | H28: =IF(OR(C28="", E28="", G28=""), "", C28 + E28 - G28) -> 5886 | I28: =IF(OR(H28="", K28="", M28="", O28="", Q28=""), "", H28 - K28 - M28 - O28 - Q28) -> 4819.6198 | J28: 5101734 | K28: =IF(OR(J29="", J28=""), "", J29 - J28) -> 868.4 | L28: 480282.42 | M28: =IF(OR(L29="", L28=""), "", L29 - L28) -> 14.68421 | N28: 165989.31 | O28: =IF(OR(N29="", N28=""), "", N29 - N28) -> 67.077556 | P28: 52635.308 | Q28: =IF(OR(P29="", P28=""), "", P29 - P28) -> 116.21844 | R28: =A28 -> 46169 | S28: 6369 | U28: =IF(OR(S28="", S29=""), "", S28 + T28 - S29) -> 101 | V28: 0.75 | W28: 0.75 | X28: =IF(OR(V28="", W28=""), "", (V28 * 2500) + (W28 * 2500)) -> 3750 | Z28: =IF(OR(X28="", X29=""), "", X28 + Y28 - X29) -> 0 | AA28: 143419 | AB28: =IF(OR(AA29="", AA28=""), "", AA29 - AA28) -> 75 | AC28: 4787.5 | AD28: =IF(OR(AC29="", AC28=""), "", AC29 - AC28) -> 4 | AE28: 74133 | AF28: =IF(OR(AE29="", AE28=""), "", AE29 - AE28) -> 31 | AG28: 0 | AI28: =IF(OR(AH29="", AH28=""), "", AH29 - AH28) | AJ28: 171 | AK28: 344
A29: =A28+1 -> 46170 | B29: 34198014 | C29: =IF(OR(B30="", B29=""), "", B30 - B29) -> 5223 | D29: 1704214 | E29: =IF(OR(D30="", D29=""), "", D30 - D29) -> 908 | F29: 209538 | G29: =IF(OR(F30="", F29=""), "", F30 - F29) -> 20 | H29: =IF(OR(C29="", E29="", G29=""), "", C29 + E29 - G29) -> 6111 | I29: =IF(OR(H29="", K29="", M29="", O29="", Q29=""), "", H29 - K29 - M29 - O29 - Q29) -> 4991.0198 | J29: 5102602.4 | K29: =IF(OR(J30="", J29=""), "", J30 - J29) -> 922 | L29: 480297.11 | M29: =IF(OR(L30="", L29=""), "", L30 - L29) -> 14.68421 | N29: 166056.39 | O29: =IF(OR(N30="", N29=""), "", N30 - N29) -> 67.077556 | P29: 52751.526 | Q29: =IF(OR(P30="", P29=""), "", P30 - P29) -> 116.21844 | R29: =A29 -> 46170 | S29: 6268 | U29: =IF(OR(S29="", S30=""), "", S29 + T29 - S30) -> 200 | V29: 0.75 | W29: 0.75 | X29: =IF(OR(V29="", W29=""), "", (V29 * 2500) + (W29 * 2500)) -> 3750 | Z29: =IF(OR(X29="", X30=""), "", X29 + Y29 - X30) -> 400 | AA29: 143494 | AB29: =IF(OR(AA30="", AA29=""), "", AA30 - AA29) -> 77 | AC29: 4791.5 | AD29: =IF(OR(AC30="", AC29=""), "", AC30 - AC29) -> 6.2 | AE29: 74164 | AF29: =IF(OR(AE30="", AE29=""), "", AE30 - AE29) -> 45 | AG29: 0 | AI29: =IF(OR(AH30="", AH29=""), "", AH30 - AH29) | AJ29: 162 | AK29: 324
A30: =A29+1 -> 46171 | B30: 34203237 | C30: =IF(OR(B31="", B30=""), "", B31 - B30) -> 5308 | D30: 1705122 | E30: =IF(OR(D31="", D30=""), "", D31 - D30) -> 696 | F30: 209558 | G30: =IF(OR(F31="", F30=""), "", F31 - F30) -> 0 | H30: =IF(OR(C30="", E30="", G30=""), "", C30 + E30 - G30) -> 6004 | I30: =IF(OR(H30="", K30="", M30="", O30="", Q30=""), "", H30 - K30 - M30 - O30 - Q30) -> 4934.8198 | J30: 5103524.4 | K30: =IF(OR(J31="", J30=""), "", J31 - J30) -> 871.2 | L30: 480311.79 | M30: =IF(OR(L31="", L30=""), "", L31 - L30) -> 14.68421 | N30: 166123.47 | O30: =IF(OR(N31="", N30=""), "", N31 - N30) -> 67.077556 | P30: 52867.745 | Q30: =IF(OR(P31="", P30=""), "", P31 - P30) -> 116.21844 | R30: =A30 -> 46171 | S30: 6068 | U30: =IF(OR(S30="", S31=""), "", S30 + T30 - S31) -> 99 | V30: 0.66 | W30: 0.68 | X30: =IF(OR(V30="", W30=""), "", (V30 * 2500) + (W30 * 2500)) -> 3350 | Z30: =IF(OR(X30="", X31=""), "", X30 + Y30 - X31) -> 200 | AA30: 143571 | AB30: =IF(OR(AA31="", AA30=""), "", AA31 - AA30) -> 87 | AC30: 4797.7 | AD30: =IF(OR(AC31="", AC30=""), "", AC31 - AC30) -> 8.3 | AE30: 74209 | AF30: =IF(OR(AE31="", AE30=""), "", AE31 - AE30) -> 36 | AG30: 0 | AI30: =IF(OR(AH31="", AH30=""), "", AH31 - AH30) | AJ30: 165 | AK30: 337
A31: =A30+1 -> 46172 | B31: 34208545 | C31: =IF(OR(B32="", B31=""), "", B32 - B31) -> 5554 | D31: 1705818 | E31: =IF(OR(D32="", D31=""), "", D32 - D31) -> 673 | F31: 209558 | G31: =IF(OR(F32="", F31=""), "", F32 - F31) -> 0 | H31: =IF(OR(C31="", E31="", G31=""), "", C31 + E31 - G31) -> 6227 | I31: =IF(OR(H31="", K31="", M31="", O31="", Q31=""), "", H31 - K31 - M31 - O31 - Q31) -> 4974.2198 | J31: 5104395.6 | K31: =IF(OR(J32="", J31=""), "", J32 - J31) -> 1054.8 | L31: 480326.47 | M31: =IF(OR(L32="", L31=""), "", L32 - L31) -> 14.68421 | N31: 166190.54 | O31: =IF(OR(N32="", N31=""), "", N32 - N31) -> 67.077556 | P31: 52983.963 | Q31: =IF(OR(P32="", P31=""), "", P32 - P31) -> 116.21844 | R31: =A31 -> 46172 | S31: 5969 | U31: =IF(OR(S31="", S32=""), "", S31 + T31 - S32) -> 200 | V31: 0.62 | W31: 0.64 | X31: =IF(OR(V31="", W31=""), "", (V31 * 2500) + (W31 * 2500)) -> 3150 | Z31: =IF(OR(X31="", X32=""), "", X31 + Y31 - X32) -> 250 | AA31: 143658 | AB31: =IF(OR(AA32="", AA31=""), "", AA32 - AA31) -> 85 | AC31: 4806 | AD31: =IF(OR(AC32="", AC31=""), "", AC32 - AC31) -> 9.7 | AE31: 74245 | AF31: =IF(OR(AE32="", AE31=""), "", AE32 - AE31) -> 0 | AG31: 0 | AI31: =IF(OR(AH32="", AH31=""), "", AH32 - AH31) | AJ31: 168 | AK31: 348
A32: =A31+1 -> 46173 | B32: 34214099 | C32: =IF(OR(B33="", B32=""), "", B33 - B32) -> 5410 | D32: 1706491 | E32: =IF(OR(D33="", D32=""), "", D33 - D32) -> 627 | F32: 209558 | G32: =IF(OR(F33="", F32=""), "", F33 - F32) -> 0 | H32: =IF(OR(C32="", E32="", G32=""), "", C32 + E32 - G32) -> 6037 | I32: =IF(OR(H32="", K32="", M32="", O32="", Q32=""), "", H32 - K32 - M32 - O32 - Q32) -> 4859.4198 | J32: 5105450.4 | K32: =IF(OR(J33="", J32=""), "", J33 - J32) -> 979.6 | L32: 480341.16 | M32: =IF(OR(L33="", L32=""), "", L33 - L32) -> 14.68421 | N32: 166257.62 | O32: =IF(OR(N33="", N32=""), "", N33 - N32) -> 67.077556 | P32: 53100.182 | Q32: =IF(OR(P33="", P32=""), "", P33 - P32) -> 116.21844 | R32: =A32 -> 46173 | S32: 5769 | U32: =IF(OR(S32="", S33=""), "", S32 + T32 - S33) -> 198 | V32: 0.57 | W32: 0.59 | X32: =IF(OR(V32="", W32=""), "", (V32 * 2500) + (W32 * 2500)) -> 2900 | Z32: =IF(OR(X32="", X33=""), "", X32 + Y32 - X33) -> 175 | AA32: 143743 | AB32: =IF(OR(AA33="", AA32=""), "", AA33 - AA32) -> 90 | AC32: 4815.7 | AD32: =IF(OR(AC33="", AC32=""), "", AC33 - AC32) -> 3.3 | AE32: 74245 | AF32: =IF(OR(AE33="", AE32=""), "", AE33 - AE32) -> 0 | AG32: 0 | AI32: =IF(OR(AH33="", AH32=""), "", AH33 - AH32) | AJ32: 159 | AK32: 327
A33: =A32+1 -> 46174 | B33: 34219509 | D33: 1707118 | E33: =IF(OR(D34="", D33=""), "", D34 - D33) | F33: 209558 | G33: =IF(OR(F34="", F33=""), "", F34 - F33) | H33: =IF(OR(C33="", E33="", G33=""), "", C33 + E33 - G33) | I33: =IF(OR(H33="", K33="", M33="", O33="", Q33=""), "", H33 - K33 - M33 - O33 - Q33) | J33: 5106430 | K33: =IF(OR(J34="", J33=""), "", J34 - J33) | L33: 480355.84 | M33: =IF(OR(L34="", L33=""), "", L34 - L33) | N33: 166324.7 | O33: =IF(OR(N34="", N33=""), "", N34 - N33) | P33: 53216.4 | Q33: =IF(OR(P34="", P33=""), "", P34 - P33) | R33: =A33 -> 46174 | S33: 5571 | U33: =IF(OR(S33="", S34=""), "", S33 + T33 - S34) | V33: 0.54 | W33: 0.55 | X33: =IF(OR(V33="", W33=""), "", (V33 * 2500) + (W33 * 2500)) -> 2725 | Z33: =IF(OR(X33="", X34=""), "", X33 + Y33 - X34) | AA33: 143833 | AB33: =IF(OR(AA34="", AA33=""), "", AA34 - AA33) | AC33: 4819 | AD33: =IF(OR(AC34="", AC33=""), "", AC34 - AC33) | AE33: 74245 | AF33: =IF(OR(AE34="", AE33=""), "", AE34 - AE33) | AG33: 0 | AI33: =IF(OR(AH34="", AH33=""), "", AH34 - AH33)
C34: =SUM(C2:C33) -> 145772 | E34: =SUM(E2:E33) -> 17944 | G34: =SUM(G2:G33) -> 230 | H34: =SUM(H2:H33) -> 163486 | I34: =SUM(I2:I32) -> 129920.97 | K34: =SUM(K2:K33) -> 27427.6 | M34: =SUM(M2:M33) -> 455.52631 | O34: =SUM(O2:O33) -> 2081.8 | Q34: =SUM(Q2:Q33) -> 3600.1 | U34: =SUM(U2:U33) -> 4735 | X34: =IF(OR(V34="", W34=""), "", (V34 * 2500) + (W34 * 2500)) | Y34: =SUM(Y2:Y33) -> 6833.62 | Z34: =SUM(Z2:Z33) -> 8033.62 | AB34: =SUM(AB2:AB33) -> 2174 | AD34: =SUM(AD2:AD33) -> 203.1 | AF34: =SUM(AF2:AF33) -> 576 | AH34: =SUM(AH2:AH33) -> 0 | AI34: =SUM(AI2:AI33) -> 0 | AJ34: =SUM(AJ2:AJ33) -> 4598 | AK34: =SUM(AK2:AK33) -> 7822
