Workbook

Sheet Total
A1: Site Name | B1: Day | C1: Month | D1: Year | E1: Total Electricity Kwh | F1: Electricity Tariff ($/Kwh) | G1: LPG (Liters) | H1: LPG $/Liter | I1: Water Utility Supply (m3) m3 | J1: Water Utility Supply (m3) $/m3 | K1: District Energy Heating Kwh | L1: District Energy Heating $/Kwh | M1: Total Fuel Oil (Liter) | N1: Fuel Oil $/Liter | O1: Room Nights | P1: Total Guests
A2: Annabelle | B2: 1 | C2: 5 | D2: 2026 | E2: =IF('MAY 2026'!C2<0,"0",'MAY 2026'!C2)+(IF('MAY 2026'!E2<0,"0",'MAY 2026'!E2)-(IF('MAY 2026'!G2<0,"0",'MAY 2026'!G2))) -> 5584 | F2: =('MAY 2026'!C2*0.27)/('MAY 2026'!C2+'MAY 2026'!E2) -> 0.25767013 | G2: ='MAY 2026'!U2 -> 20 | H2: 0.62 | I2: ='MAY 2026'!W2 -> 108 | J2: 2.42 | K2: ='MAY 2026'!AB2*5.04 -> 0 | L2: 0.1151 | M2: ='MAY 2026'!N2 -> 401 | N2: 0.88 | O2: ='MAY 2026'!AC2 -> 160 | P2: ='MAY 2026'!AD2 -> 307
A3: Annabelle | B3: =B2+1 -> 2 | C3: 5 | D3: 2026 | E3: =IF('MAY 2026'!C3<0,"0",'MAY 2026'!C3)+(IF('MAY 2026'!E3<0,"0",'MAY 2026'!E3)-(IF('MAY 2026'!G3<0,"0",'MAY 2026'!G3))) -> 5650 | F3: =('MAY 2026'!C3*0.27)/('MAY 2026'!C3+'MAY 2026'!E3) -> 0.24371681 | G3: ='MAY 2026'!U3 -> 130 | H3: 0.62 | I3: ='MAY 2026'!W3 -> 102 | J3: 2.42 | K3: ='MAY 2026'!AB3*5.04 -> 0 | L3: 0.1151 | M3: ='MAY 2026'!N3 -> 453 | N3: 0.88 | O3: ='MAY 2026'!AC3 -> 165 | P3: ='MAY 2026'!AD3 -> 314
A4: Annabelle | B4: =B3+1 -> 3 | C4: 5 | D4: 2026 | E4: =IF('MAY 2026'!C4<0,"0",'MAY 2026'!C4)+(IF('MAY 2026'!E4<0,"0",'MAY 2026'!E4)-(IF('MAY 2026'!G4<0,"0",'MAY 2026'!G4))) -> 5719 | F4: =('MAY 2026'!C4*0.27)/('MAY 2026'!C4+'MAY 2026'!E4) -> 0.25168211 | G4: ='MAY 2026'!U4 -> 250 | H4: 0.62 | I4: ='MAY 2026'!W4 -> 87 | J4: 2.42 | K4: ='MAY 2026'!AB4*5.04 -> 0 | L4: 0.1151 | M4: ='MAY 2026'!N4 -> 496 | N4: 0.88 | O4: ='MAY 2026'!AC4 -> 219 | P4: ='MAY 2026'!AD4 -> 359
A5: Annabelle | B5: =B4+1 -> 4 | C5: 5 | D5: 2026 | E5: =IF('MAY 2026'!C5<0,"0",'MAY 2026'!C5)+(IF('MAY 2026'!E5<0,"0",'MAY 2026'!E5)-(IF('MAY 2026'!G5<0,"0",'MAY 2026'!G5))) -> 5435 | F5: =('MAY 2026'!C5*0.27)/('MAY 2026'!C5+'MAY 2026'!E5) -> 0.21773873 | G5: ='MAY 2026'!U5 -> 63 | H5: 0.62 | I5: ='MAY 2026'!W5 -> 88 | J5: 2.42 | K5: ='MAY 2026'!AB5*5.04 -> 0 | L5: 0.1151 | M5: ='MAY 2026'!N5 -> 471 | N5: 0.88 | O5: ='MAY 2026'!AC5 -> 212 | P5: ='MAY 2026'!AD5 -> 343
A6: Annabelle | B6: =B5+1 -> 5 | C6: 5 | D6: 2026 | E6: =IF('MAY 2026'!C6<0,"0",'MAY 2026'!C6)+(IF('MAY 2026'!E6<0,"0",'MAY 2026'!E6)-(IF('MAY 2026'!G6<0,"0",'MAY 2026'!G6))) -> 5127 | F6: =('MAY 2026'!C6*0.27)/('MAY 2026'!C6+'MAY 2026'!E6) -> 0.22513166 | G6: ='MAY 2026'!U6 -> 55 | H6: 0.62 | I6: ='MAY 2026'!W6 -> 81 | J6: 2.42 | K6: ='MAY 2026'!AB6*5.04 -> 0 | L6: 0.1151 | M6: ='MAY 2026'!N6 -> 446 | N6: 0.88 | O6: ='MAY 2026'!AC6 -> 208 | P6: ='MAY 2026'!AD6 -> 335
A7: Annabelle | B7: =B6+1 -> 6 | C7: 5 | D7: 2026 | E7: =IF('MAY 2026'!C7<0,"0",'MAY 2026'!C7)+(IF('MAY 2026'!E7<0,"0",'MAY 2026'!E7)-(IF('MAY 2026'!G7<0,"0",'MAY 2026'!G7))) -> 5651 | F7: =('MAY 2026'!C7*0.27)/('MAY 2026'!C7+'MAY 2026'!E7) -> 0.19211998 | G7: ='MAY 2026'!U7 -> 95 | H7: 0.62 | I7: ='MAY 2026'!W7 -> 113 | J7: 2.42 | K7: ='MAY 2026'!AB7*5.04 -> 0 | L7: 0.1151 | M7: ='MAY 2026'!N7 -> 430 | N7: 0.88 | O7: ='MAY 2026'!AC7 -> 219 | P7: ='MAY 2026'!AD7 -> 348
A8: Annabelle | B8: =B7+1 -> 7 | C8: 5 | D8: 2026 | E8: =IF('MAY 2026'!C8<0,"0",'MAY 2026'!C8)+(IF('MAY 2026'!E8<0,"0",'MAY 2026'!E8)-(IF('MAY 2026'!G8<0,"0",'MAY 2026'!G8))) -> 5277 | F8: =('MAY 2026'!C8*0.27)/('MAY 2026'!C8+'MAY 2026'!E8) -> 0.25280841 | G8: ='MAY 2026'!U8 -> 165 | H8: 0.62 | I8: ='MAY 2026'!W8 -> 92 | J8: 2.42 | K8: ='MAY 2026'!AB8*5.04 -> 0 | L8: 0.1151 | M8: ='MAY 2026'!N8 -> 415 | N8: 0.88 | O8: ='MAY 2026'!AC8 -> 221 | P8: ='MAY 2026'!AD8 -> 351
A9: Annabelle | B9: =B8+1 -> 8 | C9: 5 | D9: 2026 | E9: =IF('MAY 2026'!C9<0,"0",'MAY 2026'!C9)+(IF('MAY 2026'!E9<0,"0",'MAY 2026'!E9)-(IF('MAY 2026'!G9<0,"0",'MAY 2026'!G9))) -> 5645 | F9: =('MAY 2026'!C9*0.27)/('MAY 2026'!C9+'MAY 2026'!E9) -> 0.1925155 | G9: ='MAY 2026'!U9 -> 85 | H9: 0.62 | I9: ='MAY 2026'!W9 -> 118 | J9: 2.42 | K9: ='MAY 2026'!AB9*5.04 -> 0 | L9: 0.1151 | M9: ='MAY 2026'!N9 -> 440 | N9: 0.88 | O9: ='MAY 2026'!AC9 -> 208 | P9: ='MAY 2026'!AD9 -> 333
A10: Annabelle | B10: =B9+1 -> 9 | C10: 5 | D10: 2026 | E10: =IF('MAY 2026'!C10<0,"0",'MAY 2026'!C10)+(IF('MAY 2026'!E10<0,"0",'MAY 2026'!E10)-(IF('MAY 2026'!G10<0,"0",'MAY 2026'!G10))) -> 5636 | F10: =('MAY 2026'!C10*0.27)/('MAY 2026'!C10+'MAY 2026'!E10) -> 0.19133783 | G10: ='MAY 2026'!U10 -> 100 | H10: 0.62 | I10: ='MAY 2026'!W10 -> 95 | J10: 2.42 | K10: ='MAY 2026'!AB10*5.04 -> 0 | L10: 0.1151 | M10: ='MAY 2026'!N10 -> 410 | N10: 0.88 | O10: ='MAY 2026'!AC10 -> 217 | P10: ='MAY 2026'!AD10 -> 357
A11: Annabelle | B11: =B10+1 -> 10 | C11: 5 | D11: 2026 | E11: =IF('MAY 2026'!C11<0,"0",'MAY 2026'!C11)+(IF('MAY 2026'!E11<0,"0",'MAY 2026'!E11)-(IF('MAY 2026'!G11<0,"0",'MAY 2026'!G11))) -> 5768 | F11: =('MAY 2026'!C11*0.27)/('MAY 2026'!C11+'MAY 2026'!E11) -> 0.24767164 | G11: ='MAY 2026'!U11 -> 150 | H11: 0.62 | I11: ='MAY 2026'!W11 -> 118 | J11: 2.42 | K11: ='MAY 2026'!AB11*5.04 -> 0 | L11: 0.1151 | M11: ='MAY 2026'!N11 -> 450 | N11: 0.88 | O11: ='MAY 2026'!AC11 -> 124 | P11: ='MAY 2026'!AD11 -> 225
A12: Annabelle | B12: =B11+1 -> 11 | C12: 5 | D12: 2026 | E12: =IF('MAY 2026'!C12<0,"0",'MAY 2026'!C12)+(IF('MAY 2026'!E12<0,"0",'MAY 2026'!E12)-(IF('MAY 2026'!G12<0,"0",'MAY 2026'!G12))) -> 5411 | F12: =('MAY 2026'!C12*0.27)/('MAY 2026'!C12+'MAY 2026'!E12) -> 0.19041212 | G12: ='MAY 2026'!U12 -> 90 | H12: 0.62 | I12: ='MAY 2026'!W12 -> 82 | J12: 2.42 | K12: ='MAY 2026'!AB12*5.04 -> 0 | L12: 0.1151 | M12: ='MAY 2026'!N12 -> 446 | N12: 0.88 | O12: ='MAY 2026'!AC12 -> 138 | P12: ='MAY 2026'!AD12 -> 249
A13: Annabelle | B13: =B12+1 -> 12 | C13: 5 | D13: 2026 | E13: =IF('MAY 2026'!C13<0,"0",'MAY 2026'!C13)+(IF('MAY 2026'!E13<0,"0",'MAY 2026'!E13)-(IF('MAY 2026'!G13<0,"0",'MAY 2026'!G13))) -> 5368 | F13: =('MAY 2026'!C13*0.27)/('MAY 2026'!C13+'MAY 2026'!E13) -> 0.22528502 | G13: ='MAY 2026'!U13 -> 75 | H13: 0.62 | I13: ='MAY 2026'!W13 -> 99 | J13: 2.42 | K13: ='MAY 2026'!AB13*5.04 -> 0 | L13: 0.1151 | M13: ='MAY 2026'!N13 -> 418 | N13: 0.88 | O13: ='MAY 2026'!AC13 -> 165 | P13: ='MAY 2026'!AD13 -> 298
A14: Annabelle | B14: =B13+1 -> 13 | C14: 5 | D14: 2026 | E14: =IF('MAY 2026'!C14<0,"0",'MAY 2026'!C14)+(IF('MAY 2026'!E14<0,"0",'MAY 2026'!E14)-(IF('MAY 2026'!G14<0,"0",'MAY 2026'!G14))) -> 5524 | F14: =('MAY 2026'!C14*0.27)/('MAY 2026'!C14+'MAY 2026'!E14) -> 0.20181571 | G14: ='MAY 2026'!U14 -> 15 | H14: 0.62 | I14: ='MAY 2026'!W14 -> 131 | J14: 2.42 | K14: ='MAY 2026'!AB14*5.04 -> 0 | L14: 0.1151 | M14: ='MAY 2026'!N14 -> 450 | N14: 0.88 | O14: ='MAY 2026'!AC14 -> 189 | P14: ='MAY 2026'!AD14 -> 346
... A27: Annabelle | B27: =B26+1 -> 26 | C27: 5 | D27: 2026 | E27: =IF('MAY 2026'!C27<0,"0",'MAY 2026'!C27)+(IF('MAY 2026'!E27<0,"0",'MAY 2026'!E27)-(IF('MAY 2026'!G27<0,"0",'MAY 2026'!G27))) -> 6541 | F27: =('MAY 2026'!C27*0.27)/('MAY 2026'!C27+'MAY 2026'!E27) -> 0.2016022 | G27: ='MAY 2026'!U27 -> 100 | H27: 0.62 | I27: ='MAY 2026'!W27 -> 158 | J27: 2.42 | K27: ='MAY 2026'!AB27*5.04 -> 0 | L27: 0.1151 | M27: ='MAY 2026'!N27 -> 255 | N27: 0.88 | O27: ='MAY 2026'!AC27 -> 191 | P27: ='MAY 2026'!AD27 -> 406
A28: Annabelle | B28: 27 | C28: 5 | D28: 2026 | E28: =IF('MAY 2026'!C27<0,"0",'MAY 2026'!C27)+(IF('MAY 2026'!E27<0,"0",'MAY 2026'!E27)-(IF('MAY 2026'!G27<0,"0",'MAY 2026'!G27))) -> 6541 | F28: =('MAY 2026'!C27*0.27)/('MAY 2026'!C27+'MAY 2026'!E27) -> 0.2016022 | G28: ='MAY 2026'!U28 -> 125 | H28: 0.62 | I28: ='MAY 2026'!W28 -> 115 | J28: 2.42 | K28: ='MAY 2026'!AB31*5.04 -> 0 | L28: 0.1151 | M28: ='MAY 2026'!N28 -> 242 | N28: 0.88 | O28: ='MAY 2026'!AC27 -> 191 | P28: ='MAY 2026'!AD27 -> 406
A29: Annabelle | B29: 28 | C29: 5 | D29: 2026 | E29: =IF('MAY 2026'!C28<0,"0",'MAY 2026'!C28)+(IF('MAY 2026'!E28<0,"0",'MAY 2026'!E28)-(IF('MAY 2026'!G28<0,"0",'MAY 2026'!G28))) -> 6471 | F29: =('MAY 2026'!C28*0.27)/('MAY 2026'!C28+'MAY 2026'!E28) -> 0.20132128 | G29: ='MAY 2026'!U29 -> 95 | H29: 0.62 | I29: ='MAY 2026'!W29 -> 108 | J29: 2.42 | K29: ='MAY 2026'!AB32*5.04 -> 0 | L29: 0.1151 | M29: ='MAY 2026'!N29 -> 223 | N29: 0.88 | O29: ='MAY 2026'!AC28 -> 202 | P29: ='MAY 2026'!AD28 -> 427
A30: Annabelle | B30: =B29+1 -> 29 | C30: 5 | D30: 2026 | E30: =IF('MAY 2026'!C29<0,"0",'MAY 2026'!C29)+(IF('MAY 2026'!E29<0,"0",'MAY 2026'!E29)-(IF('MAY 2026'!G29<0,"0",'MAY 2026'!G29))) -> 6883 | F30: =('MAY 2026'!C29*0.27)/('MAY 2026'!C29+'MAY 2026'!E29) -> 0.21178701 | G30: ='MAY 2026'!U30 -> 160 | H30: 0.62 | I30: ='MAY 2026'!W30 -> 127 | J30: 2.42 | K30: ='MAY 2026'!AB33*5.04 -> 0 | L30: 0.1151 | M30: ='MAY 2026'!N30 -> 208 | N30: 0.88 | O30: ='MAY 2026'!AC29 -> 194 | P30: ='MAY 2026'!AD29 -> 406
A31: Annabelle | B31: 30 | C31: 5 | D31: 2026 | E31: =IF('MAY 2026'!C31<0,"0",'MAY 2026'!C31)+(IF('MAY 2026'!E31<0,"0",'MAY 2026'!E31)-(IF('MAY 2026'!G31<0,"0",'MAY 2026'!G31))) -> 6832 | F31: =('MAY 2026'!C31*0.27)/('MAY 2026'!C31+'MAY 2026'!E31) -> 0.2030928 | G31: ='MAY 2026'!U31 -> 255 | H31: 0.62 | I31: ='MAY 2026'!W31 -> 126 | J31: 2.42 | K31: ='MAY 2026'!AB35*5.04 -> 0 | L31: 0.1151 | M31: ='MAY 2026'!N31 -> 302 | N31: 0.88 | O31: ='MAY 2026'!AC31 -> 227 | P31: ='MAY 2026'!AD31 -> 465
A32: Annabelle | B32: 31 | C32: 5 | D32: 2026 | E32: =IF('MAY 2026'!C32<0,"0",'MAY 2026'!C32)+(IF('MAY 2026'!E32<0,"0",'MAY 2026'!E32)-(IF('MAY 2026'!G32<0,"0",'MAY 2026'!G32))) -> 6588 | F32: =('MAY 2026'!C32*0.27)/('MAY 2026'!C32+'MAY 2026'!E32) -> 0.2427459 | G32: ='MAY 2026'!U32 -> 65 | H32: 0.62 | I32: ='MAY 2026'!W32 -> 95 | J32: 2.42 | K32: ='MAY 2026'!AB35*5.04 -> 0 | L32: 0.1151 | M32: ='MAY 2026'!N32 -> 317 | N32: 0.88 | O32: ='MAY 2026'!AC32 -> 196 | P32: ='MAY 2026'!AD32 -> 406

Sheet MAY  2026
A1: Date | B1: Purchased Electricity (Kwh) Reading | C1: BOUGHT | D1: Total Renewable Energy Production (Kwh) Reading | E1: PRODUCED | F1: Total Renewable Energy Exported (KWh) Reading | G1: SOLD | H1: HOTEL Electricity (KWh) Consumed incl. --> | I1: HOTEL Electricity (KWh) Consumed excl. --> | J1: Consumed | K1: Date | L1: Fuel Oil Hot-Water Boilers (Liter) Reading | M1: Fuel Oil (Liter) Received | N1: Consumed | O1: LPG % TANK 1 | P1: LPG % TANK 2 | Q1: LPG % TANK 3 | R1: LPG % TANK 4 | S1: LPG (Liter) Reading | T1: LPG (Liter) Received | U1: Consumed | V1: Water Utility Supply (m3) Reading | W1: Consumed | X1: Irrigation Water Supply (m3) Reading | Y1: Consumed | Z1: Pellets (Kg) Reading | AA1: Pellets (Kg) Received | AB1: Consumed | AC1: Room Nights | AD1: Guest Nights
A2: 46143 | B2: 296708 | C2: =IF((B3-B2)<0,"0",B3-B2) -> 5329 | D2: 1100613 | E2: =IF((D3-D2)<0,"0",D3-D2) -> 255 | F2: 1704 | G2: =F3-F2 -> 0 | H2: =C2+E2-G2 -> 5584 | I2: =H2-K2-M2-O2-Q2 -> -40560.11 | J2: =I3-I2 -> 65.04 | K2: =A2 -> 46143 | L2: 7665 | M2: 0 | N2: =IF((L2-L3+M2)=L2,"0",(L2-L3+M2)) -> 401 | O2: 0.7 | P2: 0.7 | Q2: 0.41 | R2: 0.45 | S2: =(2500*O2)+(2500*P2)+(500*Q2)+(500*R2) -> 3930 | U2: =IF((S2-S3+T2)=S2,"0",(S2-S3+T2)) -> 20 | V2: 4390 | W2: =IF(V3-V2<0,"0",V3-V2) -> 108 | X2: 61667 | Y2: =IF((X3-X2)<0,"0",X3-X2) -> 7 | Z2: 0 | AB2: =IF((Z2-Z3+AA2)=Z2,"0",(Z2-Z3+AA2)) -> 0 | AC2: 160 | AD2: 307
A3: 46144 | B3: 302037 | C3: =IF((B4-B3)<0,"0",B4-B3) -> 5100 | D3: 1100868 | E3: =IF((D4-D3)<0,"0",D4-D3) -> 550 | F3: 1704 | G3: =F4-F3 -> 0 | H3: =C3+E3-G3 -> 5650 | I3: =H3-K3-M3-O3-Q3 -> -40495.07 | J3: =I4-I3 -> 68.12 | K3: =A3 -> 46144 | L3: 7264 | M3: 0 | N3: =IF((L3-L4+M3)=L3,"0",(L3-L4+M3)) -> 453 | O3: 0.71 | P3: 0.7 | Q3: 0.36 | R3: 0.41 | S3: =(2500*O3)+(2500*P3)+(500*Q3)+(500*R3) -> 3910 | U3: =IF((S3-S4+T3)=S3,"0",(S3-S4+T3)) -> 130 | V3: 4498 | W3: =IF(V4-V3<0,"0",V4-V3) -> 102 | X3: 61674 | Y3: =IF((X4-X3)<0,"0",X4-X3) -> 5 | Z3: 0 | AB3: =IF((Z3-Z4+AA3)=Z3,"0",(Z3-Z4+AA3)) -> 0 | AC3: 165 | AD3: 314
A4: 46145 | B4: 307137 | C4: =IF((B5-B4)<0,"0",B5-B4) -> 5331 | D4: 1101418 | E4: =IF((D5-D4)<0,"0",D5-D4) -> 388 | F4: 1704 | G4: =F5-F4 -> 0 | H4: =C4+E4-G4 -> 5719 | I4: =H4-K4-M4-O4-Q4 -> -40426.95 | J4: =I5-I4 -> -284.91 | K4: =A4 -> 46145 | L4: 6811 | M4: 0 | N4: =IF((L4-L5+M4)=L4,"0",(L4-L5+M4)) -> 496 | O4: 0.7 | P4: 0.69 | Q4: 0.25 | R4: 0.36 | S4: =(2500*O4)+(2500*P4)+(500*Q4)+(500*R4) -> 3780 | U4: =IF((S4-S5+T4)=S4,"0",(S4-S5+T4)) -> 250 | V4: 4600 | W4: =IF(V5-V4<0,"0",V5-V4) -> 87 | X4: 61679 | Y4: =IF((X5-X4)<0,"0",X5-X4) -> 6 | Z4: 0 | AB4: =IF((Z4-Z5+AA4)=Z4,"0",(Z4-Z5+AA4)) -> 0 | AC4: 219 | AD4: 359
A5: 46146 | B5: 312468 | C5: =IF((B6-B5)<0,"0",B6-B5) -> 4383 | D5: 1101806 | E5: =IF((D6-D5)<0,"0",D6-D5) -> 1052 | F5: 1704 | G5: =F6-F5 -> 0 | H5: =C5+E5-G5 -> 5435 | I5: =H5-K5-M5-O5-Q5 -> -40711.86 | J5: =I6-I5 -> -309.82 | K5: =A5 -> 46146 | L5: 6315 | M5: 0 | N5: =IF((L5-L6+M5)=L5,"0",(L5-L6+M5)) -> 471 | O5: 0.66 | P5: 0.66 | Q5: 0.2 | R5: 0.26 | S5: =(2500*O5)+(2500*P5)+(500*Q5)+(500*R5) -> 3530 | T5: 1408 | U5: =IF((S5-S6+T5)=S5,"0",(S5-S6+T5)) -> 63 | V5: 4687 | W5: =IF(V6-V5<0,"0",V6-V5) -> 88 | X5: 61685 | Y5: =IF((X6-X5)<0,"0",X6-X5) -> 1 | Z5: 0 | AB5: =IF((Z5-Z6+AA5)=Z5,"0",(Z5-Z6+AA5)) -> 0 | AC5: 212 | AD5: 343
A6: 46147 | B6: 316851 | C6: =IF((B7-B6)<0,"0",B7-B6) -> 4275 | D6: 1102858 | E6: =IF((D7-D6)<0,"0",D7-D6) -> 852 | F6: 1704 | G6: =F7-F6 -> 0 | H6: =C6+E6-G6 -> 5127 | I6: =H6-K6-M6-O6-Q6 -> -41021.68 | J6: =I7-I6 -> 523.05 | K6: =A6 -> 46147 | L6: 5844 | M6: 0 | N6: =IF((L6-L7+M6)=L6,"0",(L6-L7+M6)) -> 446 | O6: 0.83 | P6: 0.8 | Q6: 0.85 | R6: 0.75 | S6: =(2500*O6)+(2500*P6)+(500*Q6)+(500*R6) -> 4875 | U6: =IF((S6-S7+T6)=S6,"0",(S6-S7+T6)) -> 55 | V6: 4775 | W6: =IF(V7-V6<0,"0",V7-V6) -> 81 | X6: 61686 | Y6: =IF((X7-X6)<0,"0",X7-X6) -> 5 | Z6: 0 | AB6: =IF((Z6-Z7+AA6)=Z6,"0",(Z6-Z7+AA6)) -> 0 | AC6: 208 | AD6: 335
A7: 46148 | B7: 321126 | C7: =IF((B8-B7)<0,"0",B8-B7) -> 4021 | D7: 1103710 | E7: =IF((D8-D7)<0,"0",D8-D7) -> 1630 | F7: 1704 | G7: =F8-F7 -> 0 | H7: =C7+E7-G7 -> 5651 | I7: =H7-K7-M7-O7-Q7 -> -40498.63 | J7: =I8-I7 -> -374.96 | K7: =A7 -> 46148 | L7: 5398 | M7: 0 | N7: =IF((L7-L8+M7)=L7,"0",(L7-L8+M7)) -> 430 | O7: 0.82 | P7: 0.8 | Q7: 0.81 | R7: 0.73 | S7: =(2500*O7)+(2500*P7)+(500*Q7)+(500*R7) -> 4820 | U7: =IF((S7-S8+T7)=S7,"0",(S7-S8+T7)) -> 95 | V7: 4856 | W7: =IF(V8-V7<0,"0",V8-V7) -> 113 | X7: 61691 | Y7: =IF((X8-X7)<0,"0",X8-X7) -> 8 | Z7: 0 | AB7: =IF((Z7-Z8+AA7)=Z7,"0",(Z7-Z8+AA7)) -> 0 | AC7: 219 | AD7: 348
A8: 46149 | B8: 325147 | C8: =IF((B9-B8)<0,"0",B9-B8) -> 4941 | D8: 1105340 | E8: =IF((D9-D8)<0,"0",D9-D8) -> 336 | F8: 1704 | G8: =F9-F8 -> 0 | H8: =C8+E8-G8 -> 5277 | I8: =H8-K8-M8-O8-Q8 -> -40873.59 | J8: =I9-I8 -> 367.06 | K8: =A8 -> 46149 | L8: 4968 | M8: 0 | N8: =IF((L8-L9+M8)=L8,"0",(L8-L9+M8)) -> 415 | O8: 0.79 | P8: 0.8 | Q8: 0.8 | R8: 0.7 | S8: =(2500*O8)+(2500*P8)+(500*Q8)+(500*R8) -> 4725 | U8: =IF((S8-S9+T8)=S8,"0",(S8-S9+T8)) -> 165 | V8: 4969 | W8: =IF(V9-V8<0,"0",V9-V8) -> 92 | X8: 61699 | Y8: =IF((X9-X8)<0,"0",X9-X8) -> 7 | Z8: 0 | AB8: =IF((Z8-Z9+AA8)=Z8,"0",(Z8-Z9+AA8)) -> 0 | AC8: 221 | AD8: 351
A9: 46150 | B9: 330088 | C9: =IF((B10-B9)<0,"0",B10-B9) -> 4025 | D9: 1105676 | E9: =IF((D10-D9)<0,"0",D10-D9) -> 1620 | F9: 1704 | G9: =F10-F9 -> 0 | H9: =C9+E9-G9 -> 5645 | I9: =H9-K9-M9-O9-Q9 -> -40506.53 | J9: =I10-I9 -> -9.96 | K9: =A9 -> 46150 | L9: 4553 | M9: 0 | N9: =IF((L9-L10+M9)=L9,"0",(L9-L10+M9)) -> 440 | O9: 0.77 | P9: 0.77 | Q9: 0.76 | R9: 0.66 | S9: =(2500*O9)+(2500*P9)+(500*Q9)+(500*R9) -> 4560 | U9: =IF((S9-S10+T9)=S9,"0",(S9-S10+T9)) -> 85 | V9: 5061 | W9: =IF(V10-V9<0,"0",V10-V9) -> 118 | X9: 61706 | Y9: =IF((X10-X9)<0,"0",X10-X9) -> 10 | Z9: 0 | AB9: =IF((Z9-Z10+AA9)=Z9,"0",(Z9-Z10+AA9)) -> 0 | AC9: 208 | AD9: 333
A10: 46151 | B10: 334113 | C10: =IF((B11-B10)<0,"0",B11-B10) -> 3994 | D10: 1107296 | E10: =IF((D11-D10)<0,"0",D11-D10) -> 1642 | F10: 1704 | G10: =F11-F10 -> 0 | H10: =C10+E10-G10 -> 5636 | I10: =H10-K10-M10-O10-Q10 -> -40516.49 | J10: =I11-I10 -> 131.09 | K10: =A10 -> 46151 | L10: 4113 | M10: 0 | N10: =IF((L10-L11+M10)=L10,"0",(L10-L11+M10)) -> 410 | O10: 0.76 | P10: 0.76 | Q10: 0.73 | R10: 0.62 | S10: =(2500*O10)+(2500*P10)+(500*Q10)+(500*R10) -> 4475 | U10: =IF((S10-S11+T10)=S10,"0",(S10-S11+T10)) -> 100 | V10: 5179 | W10: =IF(V11-V10<0,"0",V11-V10) -> 95 | X10: 61716 | Y10: =IF((X11-X10)<0,"0",X11-X10) -> 7 | Z10: 0 | AB10: =IF((Z10-Z11+AA10)=Z10,"0",(Z10-Z11+AA10)) -> 0 | AC10: 217 | AD10: 357
A11: 46152 | B11: 338107 | C11: =IF((B12-B11)<0,"0",B12-B11) -> 5291 | D11: 1108938 | E11: =IF((D12-D11)<0,"0",D12-D11) -> 477 | F11: 1704 | G11: =F12-F11 -> 0 | H11: =C11+E11-G11 -> 5768 | I11: =H11-K11-M11-O11-Q11 -> -40385.4 | J11: =I12-I11 -> -357.9 | K11: =A11 -> 46152 | L11: 3703 | M11: 0 | N11: =IF((L11-L12+M11)=L11,"0",(L11-L12+M11)) -> 450 | O11: 0.75 | P11: 0.75 | Q11: 0.65 | R11: 0.6 | S11: =(2500*O11)+(2500*P11)+(500*Q11)+(500*R11) -> 4375 | U11: =IF((S11-S12+T11)=S11,"0",(S11-S12+T11)) -> 150 | V11: 5274 | W11: =IF(V12-V11<0,"0",V12-V11) -> 118 | X11: 61723 | Y11: =IF((X12-X11)<0,"0",X12-X11) -> 6 | Z11: 0 | AB11: =IF((Z11-Z12+AA11)=Z11,"0",(Z11-Z12+AA11)) -> 0 | AC11: 124 | AD11: 225
A12: 46153 | B12: 343398 | C12: =IF((B13-B12)<0,"0",B13-B12) -> 3816 | D12: 1109415 | E12: =IF((D13-D12)<0,"0",D13-D12) -> 1595 | F12: 1704 | G12: =F13-F12 -> 0 | H12: =C12+E12-G12 -> 5411 | I12: =H12-K12-M12-O12-Q12 -> -40743.3 | J12: =I13-I12 -> -44.28 | K12: =A12 -> 46153 | L12: 3253 | M12: 0 | N12: =IF((L12-L13+M12)=L12,"0",(L12-L13+M12)) -> 446 | O12: 0.75 | P12: 0.72 | Q12: 0.55 | R12: 0.55 | S12: =(2500*O12)+(2500*P12)+(500*Q12)+(500*R12) -> 4225 | T12: 275 | U12: =IF((S12-S13+T12)=S12,"0",(S12-S13+T12)) -> 90 | V12: 5392 | W12: =IF(V13-V12<0,"0",V13-V12) -> 82 | X12: 61729 | Y12: =IF((X13-X12)<0,"0",X13-X12) -> 6 | Z12: 0 | AB12: =IF((Z12-Z13+AA12)=Z12,"0",(Z12-Z13+AA12)) -> 0 | AC12: 138 | AD12: 249
A13: 46154 | B13: 347214 | C13: =IF((B14-B13)<0,"0",B14-B13) -> 4479 | D13: 1111010 | E13: =IF((D14-D13)<0,"0",D14-D13) -> 889 | F13: 1704 | G13: =F14-F13 -> 0 | H13: =C13+E13-G13 -> 5368 | I13: =H13-K13-M13-O13-Q13 -> -40787.58 | J13: =I14-I13 -> 155.06 | K13: =A13 -> 46154 | L13: 2807 | M13: 0 | N13: =IF((L13-L14+M13)=L13,"0",(L13-L14+M13)) -> 418 | O13: 0.71 | P13: 0.72 | Q13: 0.87 | R13: 0.8 | S13: =(2500*O13)+(2500*P13)+(500*Q13)+(500*R13) -> 4410 | U13: =IF((S13-S14+T13)=S13,"0",(S13-S14+T13)) -> 75 | V13: 5474 | W13: =IF(V14-V13<0,"0",V14-V13) -> 99 | X13: 61735 | Y13: =IF((X14-X13)<0,"0",X14-X13) -> 13 | Z13: 0 | AB13: =IF((Z13-Z14+AA13)=Z13,"0",(Z13-Z14+AA13)) -> 0 | AC13: 165 | AD13: 298
A14: 46155 | B14: 351693 | C14: =IF((B15-B14)<0,"0",B15-B14) -> 4129 | D14: 1111899 | E14: =IF((D15-D14)<0,"0",D15-D14) -> 1395 | F14: 1704 | G14: =F15-F14 -> 0 | H14: =C14+E14-G14 -> 5524 | I14: =H14-K14-M14-O14-Q14 -> -40632.52 | J14: =I15-I14 -> 482.02 | K14: =A14 -> 46155 | L14: 2389 | M14: 0 | N14: =IF((L14-L15+M14)=L14,"0",(L14-L15+M14)) -> 450 | O14: 0.7 | P14: 0.72 | Q14: 0.82 | R14: 0.75 | S14: =(2500*O14)+(2500*P14)+(500*Q14)+(500*R14) -> 4335 | U14: =IF((S14-S15+T14)=S14,"0",(S14-S15+T14)) -> 15 | V14: 5573 | W14: =IF(V15-V14<0,"0",V15-V14) -> 131 | X14: 61748 | Y14: =IF((X15-X14)<0,"0",X15-X14) -> 8 | Z14: 0 | AB14: =IF((Z14-Z15+AA14)=Z14,"0",(Z14-Z15+AA14)) -> 0 | AC14: 189 | AD14: 346
A15: 46156 | B15: 355822 | C15: =IF((B16-B15)<0,"0",B16-B15) -> 5128 | D15: 1113294 | E15: =IF((D16-D15)<0,"0",D16-D15) -> 879 | F15: 1704 | G15: =F16-F15 -> 0 | H15: =C15+E15-G15 -> 6007 | I15: =H15-K15-M15-O15-Q15 -> -40150.5 | J15: =I16-I15 -> 44.06 | K15: =A15 -> 46156 | L15: 1939 | M15: 0 | N15: =IF((L15-L16+M15)=L15,"0",(L15-L16+M15)) -> 410 | O15: 0.7 | P15: 0.72 | Q15: 0.8 | R15: 0.74 | S15: =(2500*O15)+(2500*P15)+(500*Q15)+(500*R15) -> 4320 | U15: =IF((S15-S16+T15)=S15,"0",(S15-S16+T15)) -> 140 | V15: 5704 | W15: =IF(V16-V15<0,"0",V16-V15) -> 133 | X15: 61756 | Y15: =IF((X16-X15)<0,"0",X16-X15) -> 5 | Z15: 0 | AB15: =IF((Z15-Z16+AA15)=Z15,"0",(Z15-Z16+AA15)) -> 0 | AC15: 198 | AD15: 369
A16: 46157 | B16: 360950 | C16: =IF((B17-B16)<0,"0",B17-B16) -> 4655 | D16: 1114173 | E16: =IF((D17-D16)<0,"0",D17-D16) -> 1397 | F16: 1704 | G16: =F17-F16 -> 0 | H16: =C16+E16-G16 -> 6052 | I16: =H16-K16-M16-O16-Q16 -> -40106.44 | J16: =I17-I16 -> 173.06 | K16: =A16 -> 46157 | L16: 1529 | M16: 0 | N16: =IF((L16-L17+M16)=L16,"0",(L16-L17+M16)) -> 400 | O16: 0.68 | P16: 0.7 | Q16: 0.76 | R16: 0.7 | S16: =(2500*O16)+(2500*P16)+(500*Q16)+(500*R16) -> 4180 | U16: =IF((S16-S17+T16)=S16,"0",(S16-S17+T16)) -> 105 | V16: 5837 | W16: =IF(V17-V16<0,"0",V17-V16) -> 116 | X16: 61761 | Y16: =IF((X17-X16)<0,"0",X17-X16) -> 11 | Z16: 0 | AB16: =IF((Z16-Z17+AA16)=Z16,"0",(Z16-Z17+AA16)) -> 0 | AC16: 191 | AD16: 362
A17: 46158 | B17: 365605 | C17: =IF((B18-B17)<0,"0",B18-B17) -> 5521 | D17: 1115570 | E17: =IF((D18-D17)<0,"0",D18-D17) -> 705 | F17: 1704 | G17: =F18-F17 -> 0 | H17: =C17+E17-G17 -> 6226 | I17: =H17-K17-M17-O17-Q17 -> -39933.38 | J17: =I18-I17 -> -496.92 | K17: =A17 -> 46158 | L17: 1129 | M17: 0 | N17: =IF((L17-L18+M17)=L17,"0",(L17-L18+M17)) -> 310 | O17: 0.68 | P17: 0.68 | Q17: 0.7 | R17: 0.65 | S17: =(2500*O17)+(2500*P17)+(500*Q17)+(500*R17) -> 4075 | U17: =IF((S17-S18+T17)=S17,"0",(S17-S18+T17)) -> 140 | V17: 5953 | W17: 0 | X17: 61772 | Y17: =IF((X18-X17)<0,"0",X18-X17) -> 1 | Z17: 0 | AB17: =IF((Z17-Z18+AA17)=Z17,"0",(Z17-Z18+AA17)) -> 0 | AC17: 209 | AD17: 396
A18: 46159 | B18: 371126 | C18: =IF((B19-B18)<0,"0",B19-B18) -> 5294 | D18: 1116275 | E18: =IF((D19-D18)<0,"0",D19-D18) -> 436 | F18: 1704 | G18: =F19-F18 -> 0 | H18: =C18+E18-G18 -> 5730 | I18: =H18-K18-M18-O18-Q18 -> -40430.3 | J18: =I19-I18 -> -7921.93 | K18: =A18 -> 46159 | L18: 819 | M18: 0 | N18: =IF((L18-L19+M18)=L18,"0",(L18-L19+M18)) -> 330 | O18: 0.68 | P18: 0.65 | Q18: 0.62 | R18: 0.6 | S18: =(2500*O18)+(2500*P18)+(500*Q18)+(500*R18) -> 3935 | U18: =IF((S18-S19+T18)=S18,"0",(S18-S19+T18)) -> 105 | V18: 6063 | W18: =IF(V19-V18<0,"0",V19-V18) -> 108 | X18: 61773 | Y18: =IF((X19-X18)<0,"0",X19-X18) -> 0 | Z18: 0 | AB18: =IF((Z18-Z19+AA18)=Z18,"0",(Z18-Z19+AA18)) -> 0 | AC18: 182 | AD18: 344
A19: 46160 | B19: 376420 | C19: =IF((B20-B19)<0,"0",B20-B19) -> 4213 | D19: 1116711 | E19: =IF((D20-D19)<0,"0",D20-D19) -> 1596 | F19: 1704 | G19: =F20-F19 -> 0 | H19: =C19+E19-G19 -> 5809 | I19: =H19-K19-M19-O19-Q19 -> -48352.23 | J19: =I20-I19 -> 7847.55 | K19: =A19 -> 46160 | L19: 489 | M19: 8000 | N19: =IF((L19-L20+M19)=L19,"0",(L19-L20+M19)) -> 300 | O19: 0.67 | P19: 0.64 | Q19: 0.56 | R19: 0.55 | S19: =(2500*O19)+(2500*P19)+(500*Q19)+(500*R19) -> 3830 | T19: 1211 | U19: =IF((S19-S20+T19)=S19,"0",(S19-S20+T19)) -> 131 | V19: 6171 | W19: =IF(V20-V19<0,"0",V20-V19) -> 89 | X19: 61773 | Y19: =IF((X20-X19)<0,"0",X20-X19) -> 9 | Z19: 0 | AB19: =IF((Z19-Z20+AA19)=Z19,"0",(Z19-Z20+AA19)) -> 0 | AC19: 175 | AD19: 329
A20: 46161 | B20: 380633 | C20: =IF((B21-B20)<0,"0",B21-B20) -> 4494 | D20: 1118307 | E20: =IF((D21-D20)<0,"0",D21-D20) -> 1164 | F20: 1704 | G20: =F21-F20 -> 0 | H20: =C20+E20-G20 -> 5658 | I20: =H20-K20-M20-O20-Q20 -> -40504.68 | J20: =I21-I20 -> 542.09 | K20: =A20 -> 46161 | L20: 8189 | M20: 0 | N20: =IF((L20-L21+M20)=L20,"0",(L20-L21+M20)) -> 286 | O20: 0.83 | P20: 0.81 | Q20: 0.85 | R20: 0.77 | S20: =(2500*O20)+(2500*P20)+(500*Q20)+(500*R20) -> 4910 | U20: =IF((S20-S21+T20)=S20,"0",(S20-S21+T20)) -> 140 | V20: 6260 | W20: =IF(V21-V20<0,"0",V21-V20) -> 106 | X20: 61782 | Y20: =IF((X21-X20)<0,"0",X21-X20) -> 25 | Z20: 0 | AB20: =IF((Z20-Z21+AA20)=Z20,"0",(Z20-Z21+AA20)) -> 0 | AC20: 171 | AD20: 322
A21: 46162 | B21: 385127 | C21: =IF((B22-B21)<0,"0",B22-B21) -> 4832 | D21: 1119471 | E21: =IF((D22-D21)<0,"0",D22-D21) -> 1369 | F21: 1704 | G21: =F22-F21 -> 0 | H21: =C21+E21-G21 -> 6201 | I21: =H21-K21-M21-O21-Q21 -> -39962.59 | J21: =I22-I21 -> -314.99 | K21: =A21 -> 46162 | L21: 7903 | M21: 0 | N21: =IF((L21-L22+M21)=L21,"0",(L21-L22+M21)) -> 251 | O21: 0.79 | P21: 0.81 | Q21: 0.8 | R21: 0.74 | S21: =(2500*O21)+(2500*P21)+(500*Q21)+(500*R21) -> 4770 | U21: =IF((S21-S22+T21)=S21,"0",(S21-S22+T21)) -> 25 | V21: 6366 | W21: =IF(V22-V21<0,"0",V22-V21) -> 106 | X21: 61807 | Y21: =IF((X22-X21)<0,"0",X22-X21) -> 24 | Z21: 0 | AB21: =IF((Z21-Z22+AA21)=Z21,"0",(Z21-Z22+AA21)) -> 0 | AC21: 174 | AD21: 330
A22: 46163 | B22: 389959 | C22: =IF((B23-B22)<0,"0",B23-B22) -> 4317 | D22: 1120840 | E22: =IF((D23-D22)<0,"0",D23-D22) -> 1570 | F22: 1704 | G22: =F23-F22 -> 0 | H22: =C22+E22-G22 -> 5887 | I22: =H22-K22-M22-O22-Q22 -> -40277.58 | J22: =I23-I22 -> 296.09 | K22: =A22 -> 46163 | L22: 7652 | M22: 0 | N22: =IF((L22-L23+M22)=L22,"0",(L22-L23+M22)) -> 243 | O22: 0.79 | P22: 0.81 | Q22: 0.79 | R22: 0.7 | S22: =(2500*O22)+(2500*P22)+(500*Q22)+(500*R22) -> 4745 | U22: =IF((S22-S23+T22)=S22,"0",(S22-S23+T22)) -> 145 | V22: 6472 | W22: =IF(V23-V22<0,"0",V23-V22) -> 119 | X22: 61831 | Y22: =IF((X23-X22)<0,"0",X23-X22) -> 15 | Z22: 0 | AB22: =IF((Z22-Z23+AA22)=Z22,"0",(Z22-Z23+AA22)) -> 0 | AC22: 179 | AD22: 348
A23: 46164 | B23: 394276 | C23: =IF((B24-B23)<0,"0",B24-B23) -> 5431 | D23: 1122410 | E23: =IF((D24-D23)<0,"0",D24-D23) -> 753 | F23: 1704 | G23: =F24-F23 -> 0 | H23: =C23+E23-G23 -> 6184 | I23: =H23-K23-M23-O23-Q23 -> -39981.49 | J23: =I24-I23 -> -346.93 | K23: =A23 -> 46164 | L23: 7409 | M23: 0 | N23: =IF((L23-L24+M23)=L23,"0",(L23-L24+M23)) -> 363 | O23: 0.79 | P23: 0.78 | Q23: 0.7 | R23: 0.65 | S23: =(2500*O23)+(2500*P23)+(500*Q23)+(500*R23) -> 4600 | U23: =IF((S23-S24+T23)=S23,"0",(S23-S24+T23)) -> 50 | V23: 6591 | W23: =IF(V24-V23<0,"0",V24-V23) -> 115 | X23: 61846 | Y23: =IF((X24-X23)<0,"0",X24-X23) -> 21 | Z23: 0 | AB23: =IF((Z23-Z24+AA23)=Z23,"0",(Z23-Z24+AA23)) -> 0 | AC23: 184 | AD23: 374
A24: 46165 | B24: 399707 | C24: =IF((B25-B24)<0,"0",B25-B24) -> 4551 | D24: 1123163 | E24: =IF((D25-D24)<0,"0",D25-D24) -> 1287 | F24: 1704 | G24: =F25-F24 -> 0 | H24: =C24+E24-G24 -> 5838 | I24: =H24-K24-M24-O24-Q24 -> -40328.42 | J24: =I25-I24 -> 465.06 | K24: =A24 -> 46165 | L24: 7046 | M24: 0 | N24: =IF((L24-L25+M24)=L24,"0",(L24-L25+M24)) -> 371 | O24: 0.77 | P24: 0.8 | Q24: 0.65 | R24: 0.6 | S24: =(2500*O24)+(2500*P24)+(500*Q24)+(500*R24) -> 4550 | U24: =IF((S24-S25+T24)=S24,"0",(S24-S25+T24)) -> 145 | V24: 6706 | W24: =IF(V25-V24<0,"0",V25-V24) -> 97 | X24: 61867 | Y24: =IF((X25-X24)<0,"0",X25-X24) -> 21 | Z24: 0 | AB24: =IF((Z24-Z25+AA24)=Z24,"0",(Z24-Z25+AA24)) -> 0 | AC24: 188 | AD24: 387
A25: 46166 | B25: 404258 | C25: =IF((B26-B25)<0,"0",B26-B25) -> 5600 | D25: 1124450 | E25: =IF((D26-D25)<0,"0",D26-D25) -> 704 | F25: 1704 | G25: =F26-F25 -> 0 | H25: =C25+E25-G25 -> 6304 | I25: =H25-K25-M25-O25-Q25 -> -39863.36 | J25: =I26-I25 -> -358.94 | K25: =A25 -> 46166 | L25: 6675 | M25: 0 | N25: =IF((L25-L26+M25)=L25,"0",(L25-L26+M25)) -> 454 | O25: 0.76 | P25: 0.77 | Q25: 0.6 | R25: 0.56 | S25: =(2500*O25)+(2500*P25)+(500*Q25)+(500*R25) -> 4405 | U25: =IF((S25-S26+T25)=S25,"0",(S25-S26+T25)) -> 105 | V25: 6803 | W25: =IF(V26-V25<0,"0",V26-V25) -> 106 | X25: 61888 | Y25: =IF((X26-X25)<0,"0",X26-X25) -> 21 | Z25: 0 | AB25: =IF((Z25-Z26+AA25)=Z25,"0",(Z25-Z26+AA25)) -> 0 | AC25: 209 | AD25: 419
A26: 46167 | B26: 409858 | C26: =IF((B27-B26)<0,"0",B27-B26) -> 4309 | D26: 1125154 | E26: =IF((D27-D26)<0,"0",D27-D26) -> 1637 | F26: 1704 | G26: =F27-F26 -> 0 | H26: =C26+E26-G26 -> 5946 | I26: =H26-K26-M26-O26-Q26 -> -40222.3 | J26: =I27-I26 -> 593.57 | K26: =A26 -> 46167 | L26: 6221 | M26: 0 | N26: =IF((L26-L27+M26)=L26,"0",(L26-L27+M26)) -> 351 | O26: 0.75 | P26: 0.75 | Q26: 0.55 | R26: 0.55 | S26: =(2500*O26)+(2500*P26)+(500*Q26)+(500*R26) -> 4300 | T26: 776 | U26: =IF((S26-S27+T26)=S26,"0",(S26-S27+T26)) -> 51 | V26: 6909 | W26: =IF(V27-V26<0,"0",V27-V26) -> 129 | X26: 61909 | Y26: =IF((X27-X26)<0,"0",X27-X26) -> 17 | Z26: 0 | AB26: =IF((Z26-Z27+AA26)=Z26,"0",(Z26-Z27+AA26)) -> 0 | AC26: 201 | AD26: 422
A27: 46168 | B27: 414167 | C27: =IF((B28-B27)<0,"0",B28-B27) -> 4884 | D27: 1126791 | E27: =IF((D28-D27)<0,"0",D28-D27) -> 1657 | F27: 1704 | G27: =F28-F27 -> 0 | H27: =C27+E27-G27 -> 6541 | I27: =H27-K27-M27-O27-Q27 -> -39628.73 | J27: =I28-I27 -> -70.95 | K27: =A27 -> 46168 | L27: 5870 | M27: 0 | N27: =IF((L27-L28+M27)=L27,"0",(L27-L28+M27)) -> 255 | O27: 0.85 | P27: 0.82 | Q27: 0.88 | R27: 0.82 | S27: =(2500*O27)+(2500*P27)+(500*Q27)+(500*R27) -> 5025 | U27: =IF((S27-S28+T27)=S27,"0",(S27-S28+T27)) -> 100 | V27: 7038 | W27: =IF(V28-V27<0,"0",V28-V27) -> 158 | X27: 61926 | Y27: =IF((X28-X27)<0,"0",X28-X27) -> 19 | Z27: 0 | AB27: =IF((Z27-Z28+AA27)=Z27,"0",(Z27-Z28+AA27)) -> 0 | AC27: 191 | AD27: 406
A28: 46169 | B28: 419051 | C28: =IF((B29-B28)<0,"0",B29-B28) -> 4825 | D28: 1128448 | E28: =IF((D29-D28)<0,"0",D29-D28) -> 1646 | F28: 1704 | G28: =F29-F28 -> 0 | H28: =C28+E28-G28 -> 6471 | I28: =H28-K28-M28-O28-Q28 -> -39699.68 | J28: =I29-I28 -> 411.06 | K28: =A28 -> 46169 | L28: 5615 | M28: 0 | N28: =IF((L28-L29+M28)=L28,"0",(L28-L29+M28)) -> 242 | O28: 0.83 | P28: 0.82 | Q28: 0.85 | R28: 0.75 | S28: =(2500*O28)+(2500*P28)+(500*Q28)+(500*R28) -> 4925 | U28: =IF((S28-S29+T28)=S28,"0",(S28-S29+T28)) -> 125 | V28: 7196 | W28: =IF(V29-V28<0,"0",V29-V28) -> 115 | X28: 61945 | Y28: =IF((X29-X28)<0,"0",X29-X28) -> 24 | Z28: 0 | AB28: =IF((Z28-Z29+AA28)=Z28,"0",(Z28-Z29+AA28)) -> 0 | AC28: 202 | AD28: 427
A29: 46170 | B29: 423876 | C29: =IF((B30-B29)<0,"0",B30-B29) -> 5399 | D29: 1130094 | E29: =IF((D30-D29)<0,"0",D30-D29) -> 1484 | F29: 1704 | G29: =F30-F29 -> 0 | H29: =C29+E29-G29 -> 6883 | I29: =H29-K29-M29-O29-Q29 -> -39288.62 | J29: =I30-I29 -> -331.94 | K29: =A29 -> 46170 | L29: 5373 | M29: 0 | N29: =IF((L29-L30+M29)=L29,"0",(L29-L30+M29)) -> 223 | O29: 0.8 | P29: 0.81 | Q29: 0.82 | R29: 0.73 | S29: =(2500*O29)+(2500*P29)+(500*Q29)+(500*R29) -> 4800 | U29: =IF((S29-S30+T29)=S29,"0",(S29-S30+T29)) -> 95 | V29: 7311 | W29: =IF(V30-V29<0,"0",V30-V29) -> 108 | X29: 61969 | Y29: =IF((X30-X29)<0,"0",X30-X29) -> 8 | Z29: 0 | AB29: =IF((Z29-Z30+AA29)=Z29,"0",(Z29-Z30+AA29)) -> 0 | AC29: 194 | AD29: 406
A30: 46171 | B30: 429275 | C30: =IF((B31-B30)<0,"0",B31-B30) -> 5004 | D30: 1131578 | E30: =IF((D31-D30)<0,"0",D31-D30) -> 1548 | F30: 1704 | G30: =F31-F30 -> 0 | H30: =C30+E30-G30 -> 6552 | I30: =H30-K30-M30-O30-Q30 -> -39620.56 | J30: =I31-I30 -> 279.1 | K30: =A30 -> 46171 | L30: 5150 | M30: 0 | N30: =IF((L30-L31+M30)=L30,"0",(L30-L31+M30)) -> 208 | O30: 0.79 | P30: 0.8 | Q30: 0.77 | R30: 0.69 | S30: =(2500*O30)+(2500*P30)+(500*Q30)+(500*R30) -> 4705 | U30: =IF((S30-S31+T30)=S30,"0",(S30-S31+T30)) -> 160 | V30: 7419 | W30: =IF(V31-V30<0,"0",V31-V30) -> 127 | X30: 61977 | Y30: =IF((X31-X30)<0,"0",X31-X30) -> 6 | Z30: 0 | AB30: =IF((Z30-Z31+AA30)=Z30,"0",(Z30-Z31+AA30)) -> 0 | AC30: 209 | AD30: 433
A31: 46172 | B31: 434279 | C31: =IF((B32-B31)<0,"0",B32-B31) -> 5139 | D31: 1133126 | E31: =IF((D32-D31)<0,"0",D32-D31) -> 1693 | F31: 1704 | G31: =F32-F31 -> 0 | H31: =C31+E31-G31 -> 6832 | I31: =H31-K31-M31-O31-Q31 -> -39341.46 | J31: =I32-I31 -> -244.89 | K31: =A31 -> 46172 | L31: 4942 | M31: 0 | N31: =IF((L31-L32+M31)=L31,"0",(L31-L32+M31)) -> 302 | O31: 0.77 | P31: 0.78 | Q31: 0.69 | R31: 0.65 | S31: =(2500*O31)+(2500*P31)+(500*Q31)+(500*R31) -> 4545 | U31: =IF((S31-S32+T31)=S31,"0",(S31-S32+T31)) -> 255 | V31: 7546 | W31: =IF(V32-V31<0,"0",V32-V31) -> 126 | X31: 61983 | Y31: =IF((X32-X31)<0,"0",X32-X31) -> 3 | Z31: 0 | AB31: =IF((Z31-Z32+AA31)=Z31,"0",(Z31-Z32+AA31)) -> 0 | AC31: 227 | AD31: 465
A32: 46173 | B32: 439418 | C32: =IF((B33-B32)<0,"0",B33-B32) -> 5923 | D32: 1134819 | E32: =IF((D33-D32)<0,"0",D33-D32) -> 665 | F32: 1704 | G32: =F33-F32 -> 0 | H32: =C32+E32-G32 -> 6588 | I32: =H32-K32-M32-O32-Q32 -> -39586.35 | J32: =I33-I32 -> 39586.35 | K32: =A32 -> 46173 | L32: 4640 | M32: 0 | N32: =IF((L32-L33+M32)=L32,"0",(L32-L33+M32)) -> 317 | O32: 0.72 | P32: 0.75 | Q32: 0.63 | R32: 0.6 | S32: =(2500*O32)+(2500*P32)+(500*Q32)+(500*R32) -> 4290 | U32: =IF((S32-S33+T32)=S32,"0",(S32-S33+T32)) -> 65 | V32: 7672 | W32: =IF(V33-V32<0,"0",V33-V32) -> 95 | X32: 61986 | Y32: =IF((X33-X32)<0,"0",X33-X32) -> 1 | Z32: 0 | AB32: =IF((Z32-Z33+AA32)=Z32,"0",(Z32-Z33+AA32)) -> 0 | AC32: 196 | AD32: 406
A33: 46174 | B33: 445341 | D33: 1135484 | F33: 1704 | K33: =A33 -> 46174 | L33: 4323 | M33: 0 | N33: =IF((L33-L34+M33)=L33,"0",(L33-L34+M33)) -> 0 | O33: 0.72 | P33: 0.75 | Q33: 0.55 | R33: 0.55 | S33: =(2500*O33)+(2500*P33)+(500*Q33)+(500*R33) -> 4225 | V33: 7767 | X33: 61987 | Z33: 0
C34: =SUM(C2:C33) -> 148633 | E34: =SUM(E2:E33) -> 34871 | G34: =SUM(G2:G33) -> 0 | H34: =SUM(H2:H33) -> 183504 | I34: =SUM(I2:I32) -> -1255438.4 | J34: =SUM(J2:J33) -> 40560.11 | N34: =SUM(N2:N33) -> 11342 | T34: =SUM(T2:T33) -> 3670 | U34: =SUM(U2:U33) -> 3375 | W34: =SUM(W2:W33) -> 3267 | Y34: =SUM(Y2:Y33) -> 320 | AA34: =SUM(AA2:AA33) -> 0 | AB34: =SUM(AB2:AB33) -> 0 | AC34: =SUM(AC2:AC33) -> 5925 | AD34: =SUM(AD2:AD33) -> 11110
