Workbook

Sheet Total
A1: Site Name | B1: Day | C1: Month | D1: Year | E1: Total Electricity Kwh | F1: Electricity Tariff ($/Kwh) | G1: LPG (Liters) | H1: LPG $/Liter | I1: Water Utility Supply (m3) m3 | J1: Water Utility Supply (m3) $/m3 | K1: District Energy Heating Kwh | L1: District Energy Heating $/Kwh | M1: Total Fuel Oil (Liter) | N1: Fuel Oil $/Liter | O1: Room Nights | P1: Total Guests
A2: Annabelle | B2: 1 | C2: 7 | D2: 2026 | E2: =IF('JULY 2026'!C2<0,"0",'JULY 2026'!C2)+(IF('JULY 2026'!E2<0,"0",'JULY 2026'!E2)-(IF('JULY 2026'!G2<0,"0",'JULY 2026'!G2))) -> 8667 | F2: =('JULY 2026'!C2*0.27)/('JULY 2026'!C2+'JULY 2026'!E2) -> 0.22043614 | G2: ='JULY 2026'!U2 -> 25 | H2: 0.62 | I2: ='JULY 2026'!W2 -> 116 | J2: 2.42 | K2: ='JULY 2026'!AB2*5.04 -> 0 | L2: 0.1151 | M2: ='JULY 2026'!N2 -> 73 | N2: 0.88 | O2: ='JULY 2026'!AC2 -> 178 | P2: ='JULY 2026'!AD2 -> 359
A3: Annabelle | B3: =B2+1 -> 2 | C3: 7 | D3: 2026 | E3: =IF('JULY 2026'!C3<0,"0",'JULY 2026'!C3)+(IF('JULY 2026'!E3<0,"0",'JULY 2026'!E3)-(IF('JULY 2026'!G3<0,"0",'JULY 2026'!G3))) -> 8608 | F3: =('JULY 2026'!C3*0.27)/('JULY 2026'!C3+'JULY 2026'!E3) -> 0.22110014 | G3: ='JULY 2026'!U3 -> 195 | H3: 0.62 | I3: ='JULY 2026'!W3 -> 113 | J3: 2.42 | K3: ='JULY 2026'!AB3*5.04 -> 0 | L3: 0.1151 | M3: ='JULY 2026'!N3 -> 106 | N3: 0.88 | O3: ='JULY 2026'!AC3 -> 188 | P3: ='JULY 2026'!AD3 -> 386
A4: Annabelle | B4: =B3+1 -> 3 | C4: 7 | D4: 2026 | E4: =IF('JULY 2026'!C4<0,"0",'JULY 2026'!C4)+(IF('JULY 2026'!E4<0,"0",'JULY 2026'!E4)-(IF('JULY 2026'!G4<0,"0",'JULY 2026'!G4))) -> 9877 | F4: =('JULY 2026'!C4*0.27)/('JULY 2026'!C4+'JULY 2026'!E4) -> 0.2288863 | G4: ='JULY 2026'!U4 -> 100 | H4: 0.62 | I4: ='JULY 2026'!W4 -> 116 | J4: 2.42 | K4: ='JULY 2026'!AB4*5.04 -> 0 | L4: 0.1151 | M4: ='JULY 2026'!N4 -> 98 | N4: 0.88 | O4: ='JULY 2026'!AC4 -> 199 | P4: ='JULY 2026'!AD4 -> 411
A5: Annabelle | B5: =B4+1 -> 4 | C5: 7 | D5: 2026 | E5: =IF('JULY 2026'!C5<0,"0",'JULY 2026'!C5)+(IF('JULY 2026'!E5<0,"0",'JULY 2026'!E5)-(IF('JULY 2026'!G5<0,"0",'JULY 2026'!G5))) -> 9985 | F5: =('JULY 2026'!C5*0.27)/('JULY 2026'!C5+'JULY 2026'!E5) -> 0.22792489 | G5: ='JULY 2026'!U5 -> 185 | H5: 0.62 | I5: ='JULY 2026'!W5 -> 121 | J5: 2.42 | K5: ='JULY 2026'!AB5*5.04 -> 0 | L5: 0.1151 | M5: ='JULY 2026'!N5 -> 95 | N5: 0.88 | O5: ='JULY 2026'!AC5 -> 205 | P5: ='JULY 2026'!AD5 -> 420
A6: Annabelle | B6: =B5+1 -> 5 | C6: 7 | D6: 2026 | E6: =IF('JULY 2026'!C6<0,"0",'JULY 2026'!C6)+(IF('JULY 2026'!E6<0,"0",'JULY 2026'!E6)-(IF('JULY 2026'!G6<0,"0",'JULY 2026'!G6))) -> 9231 | F6: =('JULY 2026'!C6*0.27)/('JULY 2026'!C6+'JULY 2026'!E6) -> 0.22451739 | G6: ='JULY 2026'!U6 -> 155 | H6: 0.62 | I6: ='JULY 2026'!W6 -> 115 | J6: 2.42 | K6: ='JULY 2026'!AB6*5.04 -> 0 | L6: 0.1151 | M6: ='JULY 2026'!N6 -> 109 | N6: 0.88 | O6: ='JULY 2026'!AC6 -> 182 | P6: ='JULY 2026'!AD6 -> 367
A7: Annabelle | B7: =B6+1 -> 6 | C7: 7 | D7: 2026 | E7: =IF('JULY 2026'!C7<0,"0",'JULY 2026'!C7)+(IF('JULY 2026'!E7<0,"0",'JULY 2026'!E7)-(IF('JULY 2026'!G7<0,"0",'JULY 2026'!G7))) -> 8920 | F7: =('JULY 2026'!C7*0.27)/('JULY 2026'!C7+'JULY 2026'!E7) -> 0.22405157 | G7: ='JULY 2026'!U7 -> -58 | H7: 0.62 | I7: ='JULY 2026'!W7 -> 108 | J7: 2.42 | K7: ='JULY 2026'!AB7*5.04 -> 0 | L7: 0.1151 | M7: ='JULY 2026'!N7 -> 9 | N7: 0.88 | O7: ='JULY 2026'!AC7 -> 178 | P7: ='JULY 2026'!AD7 -> 364
A8: Annabelle | B8: =B7+1 -> 7 | C8: 7 | D8: 2026 | E8: =IF('JULY 2026'!C8<0,"0",'JULY 2026'!C8)+(IF('JULY 2026'!E8<0,"0",'JULY 2026'!E8)-(IF('JULY 2026'!G8<0,"0",'JULY 2026'!G8))) -> 8933 | F8: =('JULY 2026'!C8*0.27)/('JULY 2026'!C8+'JULY 2026'!E8) -> 0.22345349 | G8: ='JULY 2026'!U8 -> 120 | H8: 0.62 | I8: ='JULY 2026'!W8 -> 111 | J8: 2.42 | K8: ='JULY 2026'!AB8*5.04 -> 0 | L8: 0.1151 | M8: ='JULY 2026'!N8 -> 103 | N8: 0.88 | O8: ='JULY 2026'!AC8 -> 168 | P8: ='JULY 2026'!AD8 -> 343
A9: Annabelle | B9: =B8+1 -> 8 | C9: 7 | D9: 2026 | E9: =IF('JULY 2026'!C9<0,"0",'JULY 2026'!C9)+(IF('JULY 2026'!E9<0,"0",'JULY 2026'!E9)-(IF('JULY 2026'!G9<0,"0",'JULY 2026'!G9))) -> 8945 | F9: =('JULY 2026'!C9*0.27)/('JULY 2026'!C9+'JULY 2026'!E9) -> 0.22333482 | G9: ='JULY 2026'!U9 -> 40 | H9: 0.62 | I9: ='JULY 2026'!W9 -> 104 | J9: 2.42 | K9: ='JULY 2026'!AB9*5.04 -> 0 | L9: 0.1151 | M9: ='JULY 2026'!N9 -> 88 | N9: 0.88 | O9: ='JULY 2026'!AC9 -> 174 | P9: ='JULY 2026'!AD9 -> 355
A10: Annabelle | B10: =B9+1 -> 9 | C10: 7 | D10: 2026 | E10: =IF('JULY 2026'!C10<0,"0",'JULY 2026'!C10)+(IF('JULY 2026'!E10<0,"0",'JULY 2026'!E10)-(IF('JULY 2026'!G10<0,"0",'JULY 2026'!G10))) -> 9164 | F10: =('JULY 2026'!C10*0.27)/('JULY 2026'!C10+'JULY 2026'!E10) -> 0.22359559 | G10: ='JULY 2026'!U10 -> 85 | H10: 0.62 | I10: ='JULY 2026'!W10 -> 119 | J10: 2.42 | K10: ='JULY 2026'!AB10*5.04 -> 0 | L10: 0.1151 | M10: ='JULY 2026'!N10 -> 111 | N10: 0.88 | O10: ='JULY 2026'!AC10 -> 169 | P10: ='JULY 2026'!AD10 -> 355
A11: Annabelle | B11: =B10+1 -> 10 | C11: 7 | D11: 2026 | E11: =IF('JULY 2026'!C11<0,"0",'JULY 2026'!C11)+(IF('JULY 2026'!E11<0,"0",'JULY 2026'!E11)-(IF('JULY 2026'!G11<0,"0",'JULY 2026'!G11))) -> 0 | F11: =('JULY 2026'!C11*0.27)/('JULY 2026'!C11+'JULY 2026'!E11) -> #DIV/0! | G11: ='JULY 2026'!U11 -> 0 | H11: 0.62 | I11: ='JULY 2026'!W11 -> 0 | J11: 2.42 | K11: ='JULY 2026'!AB11*5.04 -> 0 | L11: 0.1151 | M11: ='JULY 2026'!N11 -> 0 | N11: 0.88 | O11: ='JULY 2026'!AC11 -> 185 | P11: ='JULY 2026'!AD11 -> 377
A12: Annabelle | B12: =B11+1 -> 11 | C12: 7 | D12: 2026 | E12: =IF('JULY 2026'!C12<0,"0",'JULY 2026'!C12)+(IF('JULY 2026'!E12<0,"0",'JULY 2026'!E12)-(IF('JULY 2026'!G12<0,"0",'JULY 2026'!G12))) -> 0 | F12: =('JULY 2026'!C12*0.27)/('JULY 2026'!C12+'JULY 2026'!E12) -> #DIV/0! | G12: ='JULY 2026'!U12 -> 0 | H12: 0.62 | I12: ='JULY 2026'!W12 -> 0 | J12: 2.42 | K12: ='JULY 2026'!AB12*5.04 -> 0 | L12: 0.1151 | M12: ='JULY 2026'!N12 -> 0 | N12: 0.88 | O12: ='JULY 2026'!AC12 -> 0 | P12: ='JULY 2026'!AD12 -> 0
A13: Annabelle | B13: =B12+1 -> 12 | C13: 7 | D13: 2026 | E13: =IF('JULY 2026'!C13<0,"0",'JULY 2026'!C13)+(IF('JULY 2026'!E13<0,"0",'JULY 2026'!E13)-(IF('JULY 2026'!G13<0,"0",'JULY 2026'!G13))) -> 0 | F13: =('JULY 2026'!C13*0.27)/('JULY 2026'!C13+'JULY 2026'!E13) -> #DIV/0! | G13: ='JULY 2026'!U13 -> 0 | H13: 0.62 | I13: ='JULY 2026'!W13 -> 0 | J13: 2.42 | K13: ='JULY 2026'!AB13*5.04 -> 0 | L13: 0.1151 | M13: ='JULY 2026'!N13 -> 0 | N13: 0.88 | O13: ='JULY 2026'!AC13 -> 0 | P13: ='JULY 2026'!AD13 -> 0
A14: Annabelle | B14: =B13+1 -> 13 | C14: 7 | D14: 2026 | E14: =IF('JULY 2026'!C14<0,"0",'JULY 2026'!C14)+(IF('JULY 2026'!E14<0,"0",'JULY 2026'!E14)-(IF('JULY 2026'!G14<0,"0",'JULY 2026'!G14))) -> 0 | F14: =('JULY 2026'!C14*0.27)/('JULY 2026'!C14+'JULY 2026'!E14) -> #DIV/0! | G14: ='JULY 2026'!U14 -> 0 | H14: 0.62 | I14: ='JULY 2026'!W14 -> 0 | J14: 2.42 | K14: ='JULY 2026'!AB14*5.04 -> 0 | L14: 0.1151 | M14: ='JULY 2026'!N14 -> 0 | N14: 0.88 | O14: ='JULY 2026'!AC14 -> 0 | P14: ='JULY 2026'!AD14 -> 0
... A27: Annabelle | B27: =B26+1 -> 26 | C27: 7 | D27: 2026 | E27: =IF('JULY 2026'!C27<0,"0",'JULY 2026'!C27)+(IF('JULY 2026'!E27<0,"0",'JULY 2026'!E27)-(IF('JULY 2026'!G27<0,"0",'JULY 2026'!G27))) -> 0 | F27: =('JULY 2026'!C27*0.27)/('JULY 2026'!C27+'JULY 2026'!E27) -> #DIV/0! | G27: ='JULY 2026'!U27 -> 0 | H27: 0.62 | I27: ='JULY 2026'!W27 -> 0 | J27: 2.42 | K27: ='JULY 2026'!AB27*5.04 -> 0 | L27: 0.1151 | M27: ='JULY 2026'!N27 -> 0 | N27: 0.88 | O27: ='JULY 2026'!AC27 -> 0 | P27: ='JULY 2026'!AD27 -> 0
A28: Annabelle | B28: 27 | C28: 7 | D28: 2026 | E28: =IF('JULY 2026'!C27<0,"0",'JULY 2026'!C27)+(IF('JULY 2026'!E27<0,"0",'JULY 2026'!E27)-(IF('JULY 2026'!G27<0,"0",'JULY 2026'!G27))) -> 0 | F28: =('JULY 2026'!C27*0.27)/('JULY 2026'!C27+'JULY 2026'!E27) -> #DIV/0! | G28: ='JULY 2026'!U28 -> 0 | H28: 0.62 | I28: ='JULY 2026'!W28 -> 0 | J28: 2.42 | K28: ='JULY 2026'!AB32*5.04 -> 0 | L28: 0.1151 | M28: ='JULY 2026'!N28 -> 0 | N28: 0.88 | O28: ='JULY 2026'!AC27 -> 0 | P28: ='JULY 2026'!AD27 -> 0
A29: Annabelle | B29: 28 | C29: 7 | D29: 2026 | E29: =IF('JULY 2026'!C28<0,"0",'JULY 2026'!C28)+(IF('JULY 2026'!E28<0,"0",'JULY 2026'!E28)-(IF('JULY 2026'!G28<0,"0",'JULY 2026'!G28))) -> 0 | F29: =('JULY 2026'!C28*0.27)/('JULY 2026'!C28+'JULY 2026'!E28) -> #DIV/0! | G29: ='JULY 2026'!U29 -> 0 | H29: 0.62 | I29: ='JULY 2026'!W29 -> 0 | J29: 2.42 | K29: ='JULY 2026'!AB33*5.04 -> 0 | L29: 0.1151 | M29: ='JULY 2026'!N29 -> 0 | N29: 0.88 | O29: ='JULY 2026'!AC28 -> 0 | P29: ='JULY 2026'!AD28 -> 0
A30: Annabelle | B30: =B29+1 -> 29 | C30: 7 | D30: 2026 | E30: =IF('JULY 2026'!C29<0,"0",'JULY 2026'!C29)+(IF('JULY 2026'!E29<0,"0",'JULY 2026'!E29)-(IF('JULY 2026'!G29<0,"0",'JULY 2026'!G29))) -> 0 | F30: =('JULY 2026'!C29*0.27)/('JULY 2026'!C29+'JULY 2026'!E29) -> #DIV/0! | G30: ='JULY 2026'!U30 -> 0 | H30: 0.62 | I30: ='JULY 2026'!W30 -> 0 | J30: 2.42 | K30: ='JULY 2026'!AB34*5.04 -> 0 | L30: 0.1151 | M30: ='JULY 2026'!N30 -> 0 | N30: 0.88 | O30: ='JULY 2026'!AC29 -> 0 | P30: ='JULY 2026'!AD29 -> 0
A31: Annabelle | B31: 30 | C31: 7 | D31: 2026 | E31: =IF('JULY 2026'!C32<0,"0",'JULY 2026'!C32)+(IF('JULY 2026'!E32<0,"0",'JULY 2026'!E32)-(IF('JULY 2026'!G32<0,"0",'JULY 2026'!G32))) -> 0 | F31: =('JULY 2026'!C32*0.27)/('JULY 2026'!C32+'JULY 2026'!E32) -> #DIV/0! | G31: ='JULY 2026'!U32 -> 0 | H31: 0.62 | I31: ='JULY 2026'!W32 -> 0 | J31: 2.42 | K31: ='JULY 2026'!AB35*5.04 -> 0 | L31: 0.1151 | M31: ='JULY 2026'!N32 -> 0 | N31: 0.88 | O31: ='JULY 2026'!AC32 -> 0 | P31: ='JULY 2026'!AD32 -> 0

Sheet JULY 2026
A1: Date | B1: Purchased Electricity (Kwh) Reading | C1: BOUGHT | D1: Total Renewable Energy Production (Kwh) Reading | E1: PRODUCED | F1: Total Renewable Energy Exported (KWh) Reading | G1: SOLD | H1: HOTEL Electricity (KWh) Consumed incl. --> | I1: HOTEL Electricity (KWh) Consumed excl. --> | J1: Consumed | K1: Date | L1: Fuel Oil Hot-Water Boilers (Liter) Reading | M1: Fuel Oil (Liter) Received | N1: Consumed | O1: LPG % TANK 1 | P1: LPG % TANK 2 | Q1: LPG % TANK 3 | R1: LPG % TANK 4 | S1: LPG (Liter) Reading | T1: LPG (Liter) Received | U1: Consumed | V1: Water Utility Supply (m3) Reading | W1: Consumed | X1: Irrigation Water Supply (m3) Reading | Y1: Consumed | Z1: Pellets (Kg) Reading | AA1: Pellets (Kg) Received | AB1: Consumed | AC1: Room Nights | AD1: Guest Nights
A2: 46204 | B2: 639685 | C2: =IF((B3-B2)<0,"0",B3-B2) -> 7076 | D2: 1182394 | E2: =IF((D3-D2)<0,"0",D3-D2) -> 1591 | F2: 1704 | G2: =F3-F2 -> 0 | H2: =C2+E2-G2 -> 8667 | I2: =H2-K2-M2-O2-Q2 -> -37608.51 | J2: =I3-I2 -> 10 | K2: =A2 -> 46204 | L2: 6156 | M2: 70 | N2: 73 | O2: 0.7 | P2: 0.73 | Q2: 0.81 | R2: 0.72 | S2: =(2500*O2)+(2500*P2)+(500*Q2)+(500*R2) -> 4340 | U2: =IF((S2-S3+T2)=S2,"0",(S2-S3+T2)) -> 25 | V2: 11424 | W2: =IF(V3-V2<0,"0",V3-V2) -> 116 | X2: 62379 | Y2: =IF((X3-X2)<0,"0",X3-X2) -> 19 | Z2: 0 | AA2: 0 | AB2: =IF((Z2-Z3+AA2)=Z2,"0",(Z2-Z3+AA2)) -> 0 | AC2: 178 | AD2: 359
A3: 46205 | B3: 646761 | C3: =IF((B4-B3)<0,"0",B4-B3) -> 7049 | D3: 1183985 | E3: =IF((D4-D3)<0,"0",D4-D3) -> 1559 | F3: 1704 | G3: =F4-F3 -> 0 | H3: =C3+E3-G3 -> 8608 | I3: =H3-K3-M3-O3-Q3 -> -37598.51 | J3: =I4-I3 -> 1268.1 | K3: =A3 -> 46205 | L3: 6050 | M3: 0 | N3: =IF((L3-L4+M3)=L3,"0",(L3-L4+M3)) -> 106 | O3: 0.7 | P3: 0.72 | Q3: 0.81 | R3: 0.72 | S3: =(2500*O3)+(2500*P3)+(500*Q3)+(500*R3) -> 4315 | U3: =IF((S3-S4+T3)=S3,"0",(S3-S4+T3)) -> 195 | V3: 11540 | W3: =IF(V4-V3<0,"0",V4-V3) -> 113 | X3: 62398 | Y3: =IF((X4-X3)<0,"0",X4-X3) -> 9 | Z3: 0 | AA3: 0 | AB3: =IF((Z3-Z4+AA3)=Z3,"0",(Z3-Z4+AA3)) -> 0 | AC3: 188 | AD3: 386
A4: 46206 | B4: 653810 | C4: =IF((B5-B4)<0,"0",B5-B4) -> 8373 | D4: 1185544 | E4: =IF((D5-D4)<0,"0",D5-D4) -> 1504 | F4: 1704 | G4: =F5-F4 -> 0 | H4: =C4+E4-G4 -> 9877 | I4: =H4-K4-M4-O4-Q4 -> -36330.41 | J4: =I5-I4 -> 107.07 | K4: =A4 -> 46206 | L4: 5944 | M4: 0 | N4: =IF((L4-L5+M4)=L4,"0",(L4-L5+M4)) -> 98 | O4: 0.66 | P4: 0.7 | Q4: 0.75 | R4: 0.69 | S4: =(2500*O4)+(2500*P4)+(500*Q4)+(500*R4) -> 4120 | U4: =IF((S4-S5+T4)=S4,"0",(S4-S5+T4)) -> 100 | V4: 11653 | W4: =IF(V5-V4<0,"0",V5-V4) -> 116 | X4: 62407 | Y4: =IF((X5-X4)<0,"0",X5-X4) -> 17 | Z4: 0 | AA4: 0 | AB4: =IF((Z4-Z5+AA4)=Z4,"0",(Z4-Z5+AA4)) -> 0 | AC4: 199 | AD4: 411
A5: 46207 | B5: 662183 | C5: =IF((B6-B5)<0,"0",B6-B5) -> 8429 | D5: 1187048 | E5: =IF((D6-D5)<0,"0",D6-D5) -> 1556 | F5: 1704 | G5: =F6-F5 -> 0 | H5: =C5+E5-G5 -> 9985 | I5: =H5-K5-M5-O5-Q5 -> -36223.34 | J5: =I6-I5 -> -754.96 | K5: =A5 -> 46207 | L5: 5846 | M5: 0 | N5: =IF((L5-L6+M5)=L5,"0",(L5-L6+M5)) -> 95 | O5: 0.65 | P5: 0.69 | Q5: 0.69 | R5: 0.65 | S5: =(2500*O5)+(2500*P5)+(500*Q5)+(500*R5) -> 4020 | U5: =IF((S5-S6+T5)=S5,"0",(S5-S6+T5)) -> 185 | V5: 11769 | W5: =IF(V6-V5<0,"0",V6-V5) -> 121 | X5: 62424 | Y5: =IF((X6-X5)<0,"0",X6-X5) -> 0 | Z5: 0 | AA5: 0 | AB5: =IF((Z5-Z6+AA5)=Z5,"0",(Z5-Z6+AA5)) -> 0 | AC5: 205 | AD5: 420
A6: 46208 | B6: 670612 | C6: =IF((B7-B6)<0,"0",B7-B6) -> 7676 | D6: 1188604 | E6: =IF((D7-D6)<0,"0",D7-D6) -> 1555 | F6: 1704 | G6: =F7-F6 -> 0 | H6: =C6+E6-G6 -> 9231 | I6: =H6-K6-M6-O6-Q6 -> -36978.3 | J6: =I7-I6 -> -311.9 | K6: =A6 -> 46208 | L6: 5751 | M6: 0 | N6: =IF((L6-L7+M6)=L6,"0",(L6-L7+M6)) -> 109 | O6: 0.63 | P6: 0.65 | Q6: 0.67 | R6: 0.6 | S6: =(2500*O6)+(2500*P6)+(500*Q6)+(500*R6) -> 3835 | U6: =IF((S6-S7+T6)=S6,"0",(S6-S7+T6)) -> 155 | V6: 11890 | W6: =IF(V7-V6<0,"0",V7-V6) -> 115 | X6: 62424 | Y6: =IF((X7-X6)<0,"0",X7-X6) -> 10 | Z6: 0 | AA6: 0 | AB6: =IF((Z6-Z7+AA6)=Z6,"0",(Z6-Z7+AA6)) -> 0 | AC6: 182 | AD6: 367
A7: 46209 | B7: 678288 | C7: =IF((B8-B7)<0,"0",B8-B7) -> 7402 | D7: 1190159 | E7: =IF((D8-D7)<0,"0",D8-D7) -> 1518 | F7: 1704 | G7: =F8-F7 -> 0 | H7: =C7+E7-G7 -> 8920 | I7: =H7-K7-M7-O7-Q7 -> -37290.2 | J7: =I8-I7 -> 11.54 | K7: =A7 -> 46209 | L7: 5642 | M7: 0 | N7: =IF((L7-L8+M7)=L7,"0",(L7-L8+M7)) -> 9 | O7: 0.59 | P7: 0.64 | Q7: 0.61 | R7: 0.6 | S7: =(2500*O7)+(2500*P7)+(500*Q7)+(500*R7) -> 3680 | T7: 1167 | U7: =IF((S7-S8+T7)=S7,"0",(S7-S8+T7)) -> -58 | V7: 12005 | W7: =IF(V8-V7<0,"0",V8-V7) -> 108 | X7: 62434 | Y7: =IF((X8-X7)<0,"0",X8-X7) -> 24 | Z7: 0 | AA7: 0 | AB7: =IF((Z7-Z8+AA7)=Z7,"0",(Z7-Z8+AA7)) -> 0 | AC7: 178 | AD7: 364
A8: 46210 | B8: 685690 | C8: =IF((B9-B8)<0,"0",B9-B8) -> 7393 | D8: 1191677 | E8: =IF((D9-D8)<0,"0",D9-D8) -> 1540 | F8: 1704 | G8: =F9-F8 -> 0 | H8: =C8+E8-G8 -> 8933 | I8: =H8-K8-M8-O8-Q8 -> -37278.66 | J8: =I9-I8 -> 11.04 | K8: =A8 -> 46210 | L8: 5633 | M8: 0 | N8: =IF((L8-L9+M8)=L8,"0",(L8-L9+M8)) -> 103 | O8: 0.84 | P8: 0.8 | Q8: 0.82 | R8: 0.79 | S8: =(2500*O8)+(2500*P8)+(500*Q8)+(500*R8) -> 4905 | U8: =IF((S8-S9+T8)=S8,"0",(S8-S9+T8)) -> 120 | V8: 12113 | W8: =IF(V9-V8<0,"0",V9-V8) -> 111 | X8: 62458 | Y8: =IF((X9-X8)<0,"0",X9-X8) -> 10 | Z8: 0 | AA8: 0 | AB8: =IF((Z8-Z9+AA8)=Z8,"0",(Z8-Z9+AA8)) -> 0 | AC8: 168 | AD8: 343
A9: 46211 | B9: 693083 | C9: =IF((B10-B9)<0,"0",B10-B9) -> 7399 | D9: 1193217 | E9: =IF((D10-D9)<0,"0",D10-D9) -> 1546 | F9: 1704 | G9: =F10-F9 -> 0 | H9: =C9+E9-G9 -> 8945 | I9: =H9-K9-M9-O9-Q9 -> -37267.62 | J9: =I10-I9 -> 218.01 | K9: =A9 -> 46211 | L9: 5530 | M9: 0 | N9: =IF((L9-L10+M9)=L9,"0",(L9-L10+M9)) -> 88 | O9: 0.8 | P9: 0.8 | Q9: 0.82 | R9: 0.75 | S9: =(2500*O9)+(2500*P9)+(500*Q9)+(500*R9) -> 4785 | U9: =IF((S9-S10+T9)=S9,"0",(S9-S10+T9)) -> 40 | V9: 12224 | W9: =IF(V10-V9<0,"0",V10-V9) -> 104 | X9: 62468 | Y9: =IF((X10-X9)<0,"0",X10-X9) -> 6 | Z9: 0 | AA9: 0 | AB9: =IF((Z9-Z10+AA9)=Z9,"0",(Z9-Z10+AA9)) -> 0 | AC9: 174 | AD9: 355
A10: 46212 | B10: 700482 | C10: =IF((B11-B10)<0,"0",B11-B10) -> 7589 | D10: 1194763 | E10: =IF((D11-D10)<0,"0",D11-D10) -> 1575 | F10: 1704 | G10: =F11-F10 -> 0 | H10: =C10+E10-G10 -> 9164 | I10: =H10-K10-M10-O10-Q10 -> -37049.61 | J10: =I11-I10 -> -9164.96 | K10: =A10 -> 46212 | L10: 5442 | M10: 0 | N10: =IF((L10-L11+M10)=L10,"0",(L10-L11+M10)) -> 111 | O10: 0.8 | P10: 0.79 | Q10: 0.81 | R10: 0.73 | S10: =(2500*O10)+(2500*P10)+(500*Q10)+(500*R10) -> 4745 | U10: =IF((S10-S11+T10)=S10,"0",(S10-S11+T10)) -> 85 | V10: 12328 | W10: =IF(V11-V10<0,"0",V11-V10) -> 119 | X10: 62474 | Y10: =IF((X11-X10)<0,"0",X11-X10) -> 18 | Z10: 0 | AA10: 0 | AB10: =IF((Z10-Z11+AA10)=Z10,"0",(Z10-Z11+AA10)) -> 0 | AC10: 169 | AD10: 355
A11: 46213 | B11: 708071 | C11: =IF((B12-B11)<0,"0",B12-B11) -> 0 | D11: 1196338 | E11: =IF((D12-D11)<0,"0",D12-D11) -> 0 | F11: 1704 | G11: =F12-F11 -> 0 | H11: =C11+E11-G11 -> 0 | I11: =H11-K11-M11-O11-Q11 -> -46214.57 | J11: =I12-I11 -> 0.57 | K11: =A11 -> 46213 | L11: 5331 | M11: 0 | N11: =IF((L11-L12+M11)=L11,"0",(L11-L12+M11)) -> 0 | O11: 0.79 | P11: 0.78 | Q11: 0.78 | R11: 0.69 | S11: =(2500*O11)+(2500*P11)+(500*Q11)+(500*R11) -> 4660 | U11: =IF((S11-S12+T11)=S11,"0",(S11-S12+T11)) -> 0 | V11: 12447 | W11: =IF(V12-V11<0,"0",V12-V11) -> 0 | X11: 62492 | Y11: =IF((X12-X11)<0,"0",X12-X11) -> 0 | Z11: 0 | AA11: 0 | AB11: =IF((Z11-Z12+AA11)=Z11,"0",(Z11-Z12+AA11)) -> 0 | AC11: 185 | AD11: 377
A12: 46214 | C12: =IF((B13-B12)<0,"0",B13-B12) -> 0 | E12: =IF((D13-D12)<0,"0",D13-D12) -> 0 | F12: 1704 | G12: =F13-F12 -> 0 | H12: =C12+E12-G12 -> 0 | I12: =H12-K12-M12-O12-Q12 -> -46214 | J12: =I13-I12 -> -1 | K12: =A12 -> 46214 | M12: 0 | N12: =IF((L12-L13+M12)=L12,"0",(L12-L13+M12)) -> 0 | S12: =(2500*O12)+(2500*P12)+(500*Q12)+(500*R12) -> 0 | U12: =IF((S12-S13+T12)=S12,"0",(S12-S13+T12)) -> 0 | W12: =IF(V13-V12<0,"0",V13-V12) -> 0 | Y12: =IF((X13-X12)<0,"0",X13-X12) -> 0 | AA12: 0 | AB12: =IF((Z12-Z13+AA12)=Z12,"0",(Z12-Z13+AA12)) -> 0
A13: 46215 | C13: =IF((B14-B13)<0,"0",B14-B13) -> 0 | E13: =IF((D14-D13)<0,"0",D14-D13) -> 0 | F13: 1704 | G13: =F14-F13 -> 0 | H13: =C13+E13-G13 -> 0 | I13: =H13-K13-M13-O13-Q13 -> -46215 | J13: =I14-I13 -> -1 | K13: =A13 -> 46215 | M13: 0 | N13: =IF((L13-L14+M13)=L13,"0",(L13-L14+M13)) -> 0 | S13: =(2500*O13)+(2500*P13)+(500*Q13)+(500*R13) -> 0 | U13: =IF((S13-S14+T13)=S13,"0",(S13-S14+T13)) -> 0 | W13: =IF(V14-V13<0,"0",V14-V13) -> 0 | Y13: =IF((X14-X13)<0,"0",X14-X13) -> 0 | AA13: 0 | AB13: =IF((Z13-Z14+AA13)=Z13,"0",(Z13-Z14+AA13)) -> 0
A14: 46216 | C14: =IF((B15-B14)<0,"0",B15-B14) -> 0 | E14: =IF((D15-D14)<0,"0",D15-D14) -> 0 | F14: 1704 | G14: =F15-F14 -> 0 | H14: =C14+E14-G14 -> 0 | I14: =H14-K14-M14-O14-Q14 -> -46216 | J14: =I15-I14 -> -1 | K14: =A14 -> 46216 | M14: 0 | N14: =IF((L14-L15+M14)=L14,"0",(L14-L15+M14)) -> 0 | S14: =(2500*O14)+(2500*P14)+(500*Q14)+(500*R14) -> 0 | U14: =IF((S14-S15+T14)=S14,"0",(S14-S15+T14)) -> 0 | W14: =IF(V15-V14<0,"0",V15-V14) -> 0 | Y14: =IF((X15-X14)<0,"0",X15-X14) -> 0 | AA14: 0 | AB14: =IF((Z14-Z15+AA14)=Z14,"0",(Z14-Z15+AA14)) -> 0
A15: 46217 | C15: =IF((B16-B15)<0,"0",B16-B15) -> 0 | E15: =IF((D16-D15)<0,"0",D16-D15) -> 0 | F15: 1704 | G15: =F16-F15 -> 0 | H15: =C15+E15-G15 -> 0 | I15: =H15-K15-M15-O15-Q15 -> -46217 | J15: =I16-I15 -> -1 | K15: =A15 -> 46217 | M15: 0 | N15: =IF((L15-L16+M15)=L15,"0",(L15-L16+M15)) -> 0 | S15: =(2500*O15)+(2500*P15)+(500*Q15)+(500*R15) -> 0 | U15: =IF((S15-S16+T15)=S15,"0",(S15-S16+T15)) -> 0 | W15: =IF(V16-V15<0,"0",V16-V15) -> 0 | Y15: =IF((X16-X15)<0,"0",X16-X15) -> 0 | AA15: 0 | AB15: =IF((Z15-Z16+AA15)=Z15,"0",(Z15-Z16+AA15)) -> 0
A16: 46218 | C16: =IF((B17-B16)<0,"0",B17-B16) -> 0 | E16: =IF((D17-D16)<0,"0",D17-D16) -> 0 | F16: 1704 | G16: =F17-F16 -> 0 | H16: =C16+E16-G16 -> 0 | I16: =H16-K16-M16-O16-Q16 -> -46218 | J16: =I17-I16 -> -1 | K16: =A16 -> 46218 | M16: 0 | N16: =IF((L16-L17+M16)=L16,"0",(L16-L17+M16)) -> 0 | S16: =(2500*O16)+(2500*P16)+(500*Q16)+(500*R16) -> 0 | U16: =IF((S16-S17+T16)=S16,"0",(S16-S17+T16)) -> 0 | W16: =IF(V17-V16<0,"0",V17-V16) -> 0 | Y16: =IF((X17-X16)<0,"0",X17-X16) -> 0 | AA16: 0 | AB16: =IF((Z16-Z17+AA16)=Z16,"0",(Z16-Z17+AA16)) -> 0
A17: 46219 | C17: =IF((B18-B17)<0,"0",B18-B17) -> 0 | E17: =IF((D18-D17)<0,"0",D18-D17) -> 0 | F17: 1704 | G17: =F18-F17 -> 0 | H17: =C17+E17-G17 -> 0 | I17: =H17-K17-M17-O17-Q17 -> -46219 | J17: =I18-I17 -> -1 | K17: =A17 -> 46219 | M17: 0 | N17: =IF((L17-L18+M17)=L17,"0",(L17-L18+M17)) -> 0 | S17: =(2500*O17)+(2500*P17)+(500*Q17)+(500*R17) -> 0 | U17: =IF((S17-S18+T17)=S17,"0",(S17-S18+T17)) -> 0 | W17: 0 | Y17: =IF((X18-X17)<0,"0",X18-X17) -> 0 | AA17: 0 | AB17: =IF((Z17-Z18+AA17)=Z17,"0",(Z17-Z18+AA17)) -> 0
A18: 46220 | C18: =IF((B19-B18)<0,"0",B19-B18) -> 0 | E18: =IF((D19-D18)<0,"0",D19-D18) -> 0 | F18: 1704 | G18: =F19-F18 -> 0 | H18: =C18+E18-G18 -> 0 | I18: =H18-K18-M18-O18-Q18 -> -46220 | J18: =I19-I18 -> -1 | K18: =A18 -> 46220 | M18: 0 | N18: =IF((L18-L19+M18)=L18,"0",(L18-L19+M18)) -> 0 | S18: =(2500*O18)+(2500*P18)+(500*Q18)+(500*R18) -> 0 | U18: =IF((S18-S19+T18)=S18,"0",(S18-S19+T18)) -> 0 | W18: =IF(V19-V18<0,"0",V19-V18) -> 0 | Y18: =IF((X19-X18)<0,"0",X19-X18) -> 0 | AA18: 0 | AB18: =IF((Z18-Z19+AA18)=Z18,"0",(Z18-Z19+AA18)) -> 0
A19: 46221 | C19: =IF((B20-B19)<0,"0",B20-B19) -> 0 | E19: =IF((D20-D19)<0,"0",D20-D19) -> 0 | F19: 1704 | G19: =F20-F19 -> 0 | H19: =C19+E19-G19 -> 0 | I19: =H19-K19-M19-O19-Q19 -> -46221 | J19: =I20-I19 -> -1 | K19: =A19 -> 46221 | M19: 0 | N19: =IF((L19-L20+M19)=L19,"0",(L19-L20+M19)) -> 0 | S19: =(2500*O19)+(2500*P19)+(500*Q19)+(500*R19) -> 0 | U19: =IF((S19-S20+T19)=S19,"0",(S19-S20+T19)) -> 0 | W19: =IF(V20-V19<0,"0",V20-V19) -> 0 | Y19: =IF((X20-X19)<0,"0",X20-X19) -> 0 | AA19: 0 | AB19: =IF((Z19-Z20+AA19)=Z19,"0",(Z19-Z20+AA19)) -> 0
A20: 46222 | C20: =IF((B21-B20)<0,"0",B21-B20) -> 0 | E20: =IF((D21-D20)<0,"0",D21-D20) -> 0 | F20: 1704 | G20: =F21-F20 -> 0 | H20: =C20+E20-G20 -> 0 | I20: =H20-K20-M20-O20-Q20 -> -46222 | J20: =I21-I20 -> -1 | K20: =A20 -> 46222 | M20: 0 | N20: =IF((L20-L21+M20)=L20,"0",(L20-L21+M20)) -> 0 | S20: =(2500*O20)+(2500*P20)+(500*Q20)+(500*R20) -> 0 | U20: =IF((S20-S21+T20)=S20,"0",(S20-S21+T20)) -> 0 | W20: =IF(V21-V20<0,"0",V21-V20) -> 0 | Y20: =IF((X21-X20)<0,"0",X21-X20) -> 0 | AA20: 0 | AB20: =IF((Z20-Z21+AA20)=Z20,"0",(Z20-Z21+AA20)) -> 0
A21: 46223 | C21: =IF((B22-B21)<0,"0",B22-B21) -> 0 | E21: =IF((D22-D21)<0,"0",D22-D21) -> 0 | F21: 1704 | G21: =F22-F21 -> 0 | H21: =C21+E21-G21 -> 0 | I21: =H21-K21-M21-O21-Q21 -> -46223 | J21: =I22-I21 -> -1 | K21: =A21 -> 46223 | M21: 0 | N21: =IF((L21-L22+M21)=L21,"0",(L21-L22+M21)) -> 0 | S21: =(2500*O21)+(2500*P21)+(500*Q21)+(500*R21) -> 0 | U21: =IF((S21-S22+T21)=S21,"0",(S21-S22+T21)) -> 0 | W21: =IF(V22-V21<0,"0",V22-V21) -> 0 | Y21: =IF((X22-X21)<0,"0",X22-X21) -> 0 | AA21: 0 | AB21: =IF((Z21-Z22+AA21)=Z21,"0",(Z21-Z22+AA21)) -> 0
A22: 46224 | C22: =IF((B23-B22)<0,"0",B23-B22) -> 0 | E22: =IF((D23-D22)<0,"0",D23-D22) -> 0 | F22: 1704 | G22: =F23-F22 -> 0 | H22: =C22+E22-G22 -> 0 | I22: =H22-K22-M22-O22-Q22 -> -46224 | J22: =I23-I22 -> -1 | K22: =A22 -> 46224 | M22: 0 | N22: =IF((L22-L23+M22)=L22,"0",(L22-L23+M22)) -> 0 | S22: =(2500*O22)+(2500*P22)+(500*Q22)+(500*R22) -> 0 | U22: =IF((S22-S23+T22)=S22,"0",(S22-S23+T22)) -> 0 | W22: =IF(V23-V22<0,"0",V23-V22) -> 0 | Y22: =IF((X23-X22)<0,"0",X23-X22) -> 0 | AA22: 0 | AB22: =IF((Z22-Z23+AA22)=Z22,"0",(Z22-Z23+AA22)) -> 0
A23: 46225 | C23: =IF((B24-B23)<0,"0",B24-B23) -> 0 | E23: =IF((D24-D23)<0,"0",D24-D23) -> 0 | F23: 1704 | G23: =F24-F23 -> 0 | H23: =C23+E23-G23 -> 0 | I23: =H23-K23-M23-O23-Q23 -> -46225 | J23: =I24-I23 -> -1 | K23: =A23 -> 46225 | M23: 0 | N23: =IF((L23-L24+M23)=L23,"0",(L23-L24+M23)) -> 0 | S23: =(2500*O23)+(2500*P23)+(500*Q23)+(500*R23) -> 0 | U23: =IF((S23-S24+T23)=S23,"0",(S23-S24+T23)) -> 0 | W23: =IF(V24-V23<0,"0",V24-V23) -> 0 | Y23: =IF((X24-X23)<0,"0",X24-X23) -> 0 | AA23: 0 | AB23: =IF((Z23-Z24+AA23)=Z23,"0",(Z23-Z24+AA23)) -> 0
A24: 46226 | C24: =IF((B25-B24)<0,"0",B25-B24) -> 0 | E24: =IF((D25-D24)<0,"0",D25-D24) -> 0 | F24: 1704 | G24: =F25-F24 -> 0 | H24: =C24+E24-G24 -> 0 | I24: =H24-K24-M24-O24-Q24 -> -46226 | J24: =I25-I24 -> -1 | K24: =A24 -> 46226 | M24: 0 | N24: =IF((L24-L25+M24)=L24,"0",(L24-L25+M24)) -> 0 | S24: =(2500*O24)+(2500*P24)+(500*Q24)+(500*R24) -> 0 | U24: =IF((S24-S25+T24)=S24,"0",(S24-S25+T24)) -> 0 | W24: =IF(V25-V24<0,"0",V25-V24) -> 0 | Y24: =IF((X25-X24)<0,"0",X25-X24) -> 0 | AA24: 0 | AB24: =IF((Z24-Z25+AA24)=Z24,"0",(Z24-Z25+AA24)) -> 0
A25: 46227 | C25: =IF((B26-B25)<0,"0",B26-B25) -> 0 | E25: =IF((D26-D25)<0,"0",D26-D25) -> 0 | F25: 1704 | G25: =F26-F25 -> 0 | H25: =C25+E25-G25 -> 0 | I25: =H25-K25-M25-O25-Q25 -> -46227 | J25: =I26-I25 -> -1 | K25: =A25 -> 46227 | M25: 0 | N25: =IF((L25-L26+M25)=L25,"0",(L25-L26+M25)) -> 0 | S25: =(2500*O25)+(2500*P25)+(500*Q25)+(500*R25) -> 0 | U25: =IF((S25-S26+T25)=S25,"0",(S25-S26+T25)) -> 0 | W25: =IF(V26-V25<0,"0",V26-V25) -> 0 | Y25: =IF((X26-X25)<0,"0",X26-X25) -> 0 | AA25: 0 | AB25: =IF((Z25-Z26+AA25)=Z25,"0",(Z25-Z26+AA25)) -> 0
A26: 46228 | C26: =IF((B27-B26)<0,"0",B27-B26) -> 0 | E26: =IF((D27-D26)<0,"0",D27-D26) -> 0 | F26: 1704 | G26: =F27-F26 -> 0 | H26: =C26+E26-G26 -> 0 | I26: =H26-K26-M26-O26-Q26 -> -46228 | J26: =I27-I26 -> -1 | K26: =A26 -> 46228 | M26: 0 | N26: =IF((L26-L27+M26)=L26,"0",(L26-L27+M26)) -> 0 | S26: =(2500*O26)+(2500*P26)+(500*Q26)+(500*R26) -> 0 | U26: =IF((S26-S27+T26)=S26,"0",(S26-S27+T26)) -> 0 | W26: =IF(V27-V26<0,"0",V27-V26) -> 0 | Y26: =IF((X27-X26)<0,"0",X27-X26) -> 0 | AA26: 0 | AB26: =IF((Z26-Z27+AA26)=Z26,"0",(Z26-Z27+AA26)) -> 0
A27: 46229 | C27: =IF((B28-B27)<0,"0",B28-B27) -> 0 | E27: =IF((D28-D27)<0,"0",D28-D27) -> 0 | F27: 1704 | G27: =F28-F27 -> 0 | H27: =C27+E27-G27 -> 0 | I27: =H27-K27-M27-O27-Q27 -> -46229 | J27: =I28-I27 -> -1 | K27: =A27 -> 46229 | M27: 0 | N27: =IF((L27-L28+M27)=L27,"0",(L27-L28+M27)) -> 0 | S27: =(2500*O27)+(2500*P27)+(500*Q27)+(500*R27) -> 0 | U27: =IF((S27-S28+T27)=S27,"0",(S27-S28+T27)) -> 0 | W27: =IF(V28-V27<0,"0",V28-V27) -> 0 | Y27: =IF((X28-X27)<0,"0",X28-X27) -> 0 | AA27: 0 | AB27: =IF((Z27-Z28+AA27)=Z27,"0",(Z27-Z28+AA27)) -> 0
A28: 46230 | C28: =IF((B29-B28)<0,"0",B29-B28) -> 0 | E28: =IF((D29-D28)<0,"0",D29-D28) -> 0 | F28: 1704 | G28: =F29-F28 -> 0 | H28: =C28+E28-G28 -> 0 | I28: =H28-K28-M28-O28-Q28 -> -46230 | J28: =I29-I28 -> -1 | K28: =A28 -> 46230 | M28: 0 | N28: =IF((L28-L29+M28)=L28,"0",(L28-L29+M28)) -> 0 | S28: =(2500*O28)+(2500*P28)+(500*Q28)+(500*R28) -> 0 | U28: =IF((S28-S29+T28)=S28,"0",(S28-S29+T28)) -> 0 | W28: =IF(V29-V28<0,"0",V29-V28) -> 0 | Y28: =IF((X29-X28)<0,"0",X29-X28) -> 0 | AA28: 0 | AB28: =IF((Z28-Z29+AA28)=Z28,"0",(Z28-Z29+AA28)) -> 0
A29: 46231 | C29: =IF((B30-B29)<0,"0",B30-B29) -> 0 | E29: =IF((D30-D29)<0,"0",D30-D29) -> 0 | F29: 1704 | G29: =F30-F29 -> 0 | H29: =C29+E29-G29 -> 0 | I29: =H29-K29-M29-O29-Q29 -> -46231 | J29: =I30-I29 -> -1 | K29: =A29 -> 46231 | M29: 0 | N29: =IF((L29-L30+M29)=L29,"0",(L29-L30+M29)) -> 0 | S29: =(2500*O29)+(2500*P29)+(500*Q29)+(500*R29) -> 0 | U29: =IF((S29-S30+T29)=S29,"0",(S29-S30+T29)) -> 0 | W29: =IF(V30-V29<0,"0",V30-V29) -> 0 | Y29: =IF((X30-X29)<0,"0",X30-X29) -> 0 | AA29: 0 | AB29: =IF((Z29-Z30+AA29)=Z29,"0",(Z29-Z30+AA29)) -> 0
A30: 46232 | C30: =IF((B32-B30)<0,"0",B32-B30) -> 0 | E30: =IF((D32-D30)<0,"0",D32-D30) -> 0 | F30: 1704 | G30: =F32-F30 -> 0 | H30: =C30+E30-G30 -> 0 | I30: =H30-K30-M30-O30-Q30 -> -46232 | J30: =I32-I30 -> -2 | K30: =A30 -> 46232 | M30: 0 | N30: =IF((L30-L32+M30)=L30,"0",(L30-L32+M30)) -> 0 | S30: =(2500*O30)+(2500*P30)+(500*Q30)+(500*R30) -> 0 | U30: =IF((S30-S32+T30)=S30,"0",(S30-S32+T30)) -> 0 | W30: =IF(V32-V30<0,"0",V32-V30) -> 0 | Y30: =IF((X32-X30)<0,"0",X32-X30) -> 0 | AA30: 0 | AB30: =IF((Z30-Z32+AA30)=Z30,"0",(Z30-Z32+AA30)) -> 0
A31: 46233 | C31: =IF((B32-B31)<0,"0",B32-B31) -> 0 | E31: =IF((D32-D31)<0,"0",D32-D31) -> 0 | F31: 1704 | G31: =F32-F31 -> 0 | H31: =C31+E31-G31 -> 0 | I31: =H31-K31-M31-O31-Q31 -> -46233 | J31: =I32-I31 -> -1 | K31: =A31 -> 46233 | M31: 0 | N31: =IF((L31-L32+M31)=L31,"0",(L31-L32+M31)) -> 0 | S31: =(2500*O31)+(2500*P31)+(500*Q31)+(500*R31) -> 0 | U31: =IF((S31-S32+T31)=S31,"0",(S31-S32+T31)) -> 0 | W31: =IF(V32-V31<0,"0",V32-V31) -> 0 | Y31: =IF((X32-X31)<0,"0",X32-X31) -> 0 | AA31: 0 | AB31: =IF((Z31-Z32+AA31)=Z31,"0",(Z31-Z32+AA31)) -> 0
A32: 46234 | C32: =IF((B33-B32)<0,"0",B33-B32) -> 0 | E32: =IF((D33-D32)<0,"0",D33-D32) -> 0 | F32: 1704 | G32: =F33-F32 -> 0 | H32: =C32+E32-G32 -> 0 | I32: =H32-K32-M32-O32-Q32 -> -46234 | J32: =I33-I32 -> 46234 | K32: =A32 -> 46234 | M32: 0 | N32: =IF((L32-L33+M32)=L32,"0",(L32-L33+M32)) -> 0 | S32: =(2500*O32)+(2500*P32)+(500*Q32)+(500*R32) -> 0 | U32: =IF((S32-S33+T32)=S32,"0",(S32-S33+T32)) -> 0 | W32: =IF(V33-V32<0,"0",V33-V32) -> 0 | Y32: =IF((X33-X32)<0,"0",X33-X32) -> 0 | AA32: 0 | AB32: =IF((Z32-Z33+AA32)=Z32,"0",(Z32-Z33+AA32)) -> 0
A33: 46235 | F33: 1704 | K33: =A33 -> 46235 | M33: 0 | N33: =IF((L33-L34+M33)=L33,"0",(L33-L34+M33)) -> 0 | S33: =(2500*O33)+(2500*P33)+(500*Q33)+(500*R33) -> 0 | AA33: 0
C34: =SUM(C2:C33) -> 68386 | E34: =SUM(E2:E33) -> 13944 | G34: =SUM(G2:G33) -> 0 | H34: =SUM(H2:H33) -> 82330 | I34: =SUM(I2:I32) -> -1350543.7 | J34: =SUM(J2:J33) -> 37607.51 | N34: =SUM(N2:N33) -> 792 | T34: =SUM(T2:T33) -> 1167 | U34: =SUM(U2:U33) -> 847 | W34: =SUM(W2:W33) -> 1023 | Y34: =SUM(Y2:Y33) -> 113 | AA34: =SUM(AA2:AA33) -> 0 | AB34: =SUM(AB2:AB33) -> 0 | AC34: =SUM(AC2:AC33) -> 1826 | AD34: =SUM(AD2:AD33) -> 3737
